protein_id,algorithm,time,score,checked,placed,hash
0,dfs_bnb_mpi,0.786046,-5,6,199753,"[-1, -2, -1, 2, 2, -1, -1, 2, 1, 1, 2, 1, -2, -2, 1, 2, 2, 2, 2]"
1,dfs_bnb_mpi,0.062928,-5,6,19880,"[-1, -1, 2, 1, 1, 2, 2, 2, 1, -2, -2, 1, -2, -1, -2, 1, 1, 2, 2]"
2,dfs_bnb_mpi,0.007974,-4,5,2271,"[-1, -1, 2, 2, -1, -2, -2, -2, 1, 1, -2, -1, -1, -1, 2, 2, 2, 2, 2]"
3,dfs_bnb_mpi,0.053365,-6,7,16210,"[-1, -1, 2, -1, -2, -2, -1, -2, -1, -2, -2, 1, 2, 1, 2, 1, 2, 1, 1]"
4,dfs_bnb_mpi,2.39088,-4,5,625595,"[-1, -1, 2, 2, 2, 2, 2, 1, -2, -2, -2, -2, 1, 2, 1, 2, -1, 2, 2]"
5,dfs_bnb_mpi,0.000207,-2,3,55,"[-1, -1, 2, 2, 2, 2, 2, 2, 1, 1, -2, -1, -2, 1, 1, 2, 2, 2, 2]"
6,dfs_bnb_mpi,2.88165,-4,5,849388,"[-1, -1, 2, 2, 2, 2, 2, 2, 1, 2, -1, 2, -1, 2, -1, -2, -2, 1, -2]"
7,dfs_bnb_mpi,0.280715,-2,3,81461,"[-1, -1, 2, 2, 2, 2, 2, 2, 2, 2, 2, 2, 1, 2, -1, -1, -2, -1, 2]"
8,dfs_bnb_mpi,0.035221,-5,6,9367,"[-1, -1, 2, 1, 2, -1, 2, 2, -1, -2, -2, -1, -2, 1, -2, -1, -1, 2, 2]"
9,dfs_bnb_mpi,0.206158,-5,6,61573,"[-1, -1, 2, 1, 1, 2, -1, -1, 2, -1, -1, -2, 1, -2, -1, -2, 1, -2, 1]"
10,dfs_bnb_mpi,19.1916,-4,5,4724281,"[-1, -1, 2, 2, -1, -1, 2, 2, -1, -2, -2, -2, -1, -2, 1, 1, 2, 1, -2]"
11,dfs_bnb_mpi,0.129987,-4,5,41232,"[-1, -1, 2, 2, 1, -2, 1, 2, 2, 2, 1, -2, -2, -2, 1, -2, -1, -2, 1]"
12,dfs_bnb_mpi,2.69447,-4,5,792914,"[-1, -1, 2, 2, 2, 1, -2, 1, 2, 2, 2, -1, -1, -1, -2, -2, -1, -2, 1]"
13,dfs_bnb_mpi,10.4937,-4,5,2842974,"[-1, -1, 2, -1, -2, -1, -2, 1, 1, 1, 1, 1, -2, -1, -1, -1, -1, -1, -1]"
14,dfs_bnb_mpi,0.20779,-2,3,64442,"[-1, -1, 2, 2, 2, 2, 1, -2, 1, 2, 2, -1, -1, -1, -2, -2, -1, 2, 2]"
15,dfs_bnb_mpi,5.38242,-4,5,1654826,"[-1, -1, 2, 2, 2, 1, -2, -2, 1, 2, 1, 2, -1, 2, -1, -1, -1, -2, -2]"
16,dfs_bnb_mpi,1.94554,-5,6,606782,"[-1, -1, 2, 2, 2, 2, -1, -2, -1, -2, 1, -2, -2, -1, -1, -2, 1, 1, 1]"
17,dfs_bnb_mpi,0.417338,-5,6,128269,"[-1, -1, 2, 2, -1, 2, 2, 2, -1, -2, -2, -1, -1, -2, 1, 1, -2, 1, -2]"
18,dfs_bnb_mpi,0.131363,-4,5,39981,"[-1, -1, 2, 2, 1, -2, 1, 1, 1, 2, -1, -1, 2, 2, 2, 1, -2, -2, 1]"
19,dfs_bnb_mpi,0.242078,-4,5,73826,"[-1, -1, 2, 2, 2, 2, 2, 1, 1, 2, -1, 2, -1, -2, -1, -1, -2, 1, -2]"
20,dfs_bnb_mpi,0.332979,-6,7,104122,"[-1, -2, 1, 1, 2, 2, 1, 2, -1, -1, 2, -1, -2, -1, -1, -2, 1, 1, 1]"
21,dfs_bnb_mpi,0.015635,-3,4,3916,"[-1, -1, 2, 2, 2, 2, 2, 2, 2, 2, 1, -2, 1, -2, 1, -2, -1, -1, 2]"
22,dfs_bnb_mpi,0.327669,-4,5,79515,"[-1, -1, 2, -1, -2, -2, 1, -2, -2, 1, 2, 2, 1, -2, 1, -2, -1, -2, 1]"
23,dfs_bnb_mpi,0.052052,-5,5,16064,"[-1, -1, 2, 2, -1, -2, -2, -2, 1, 1, 1, 1, -2, -1, -1, -2, -1, 2, -1]"
24,dfs_bnb_mpi,0.130139,-6,6,31436,"[-1, -2, -2, -1, 2, -1, -1, 2, 1, 1, 2, 1, 1, 2, -1, 2, -1, -2, -1]"
25,dfs_bnb_mpi,0.259374,-4,5,75858,"[-1, -1, 2, 2, 2, -1, -2, -2, -2, -2, 1, -2, -1, -1, -1, 2, 2, 1, -2]"
26,dfs_bnb_mpi,2.68091,-5,6,640183,"[-1, -2, 1, 1, 2, 2, -1, -1, 2, -1, -1, -2, 1, -2, -1, -1, -1, 2, 1]"
27,dfs_bnb_mpi,0.016775,-5,5,5295,"[-1, -1, 2, 2, 1, -2, 1, 1, 2, -1, 2, 2, 2, 2, -1, -2, -2, -2, -1]"
28,dfs_bnb_mpi,0.019585,-5,6,5815,"[-1, -2, -1, -2, 1, -2, 1, 2, 2, 1, 2, 2, -1, 2, 2, 2, 2, 2, 2]"
29,dfs_bnb_mpi,0.045044,-6,7,14098,"[-1, -2, -1, 2, 2, -1, -2, -2, -1, -2, 1, 1, -2, 1, 2, 1, 2, 1, 2]"
30,dfs_bnb_mpi,0.866187,-5,6,244490,"[-1, -1, 2, 2, 2, 2, 1, 2, 2, 1, -2, -2, -2, -1, -2, -2, 1, 2, 1]"
31,dfs_bnb_mpi,0.17745,-2,3,53482,"[-1, -1, 2, 2, 2, 2, 2, 1, 2, 2, 2, -1, -2, -2, -1, -2, -1, 2, 2]"
32,dfs_bnb_mpi,0.000964,-3,3,275,"[-1, -1, 2, 2, 2, 1, -2, -2, 1, 2, 2, 2, 2, 2, 2, 2, 2, 2, 2]"
33,dfs_bnb_mpi,0.018706,-4,5,5415,"[-1, -1, 2, 2, 2, 2, 1, 2, -1, -1, -2, -1, -2, 1, -2, -1, -1, 2, 2]"
34,dfs_bnb_mpi,0.344006,-5,5,89113,"[-1, -2, -1, 2, 2, -1, 2, 2, 2, 1, -2, -2, 1, -2, 1, 2, 2, 2, 2]"
35,dfs_bnb_mpi,0.976157,-5,6,313087,"[-1, -1, 2, 2, 1, -2, 1, 2, 1, 2, -1, -1, 2, 2, -1, -2, -1, -2, 1]"
36,dfs_bnb_mpi,10.2939,-4,5,3280827,"[-1, -1, 2, -1, -1, 2, 2, 2, 2, -1, -2, -2, -2, -2, -1, -2, 1, 1, 1]"
37,dfs_bnb_mpi,6.3784,-5,6,1808185,"[-1, -1, 2, 1, 1, 2, 2, 2, -1, -1, -2, -1, -1, -2, -2, 1, 2, 1, 1]"
38,dfs_bnb_mpi,0.49516,-4,5,124133,"[-1, -1, 2, 2, 2, 2, 2, 2, 2, 1, -2, -2, -2, 1, 2, 2, 2, 2, 2]"
39,dfs_bnb_mpi,0.445285,-4,5,121423,"[-1, -1, 2, 2, 2, 2, 2, 1, -2, -2, -2, 1, 2, 2, 1, -2, 1, 2, 2]"
40,dfs_bnb_mpi,0.5302,-6,7,168809,"[-1, -1, 2, 1, 1, 2, 2, 1, -2, -2, 1, 1, -2, -1, -1, -2, -2, -1, 2]"
41,dfs_bnb_mpi,0.01241,-5,6,3633,"[-1, -1, 2, 2, -1, -2, -1, -2, 1, -2, 1, -2, -2, 1, 2, 2, 1, 1, 2]"
42,dfs_bnb_mpi,0.089779,-5,6,28400,"[-1, -1, 2, 2, 2, 2, 2, 1, 2, 1, -2, 1, -2, -1, -2, -2, -1, 2, 2]"
43,dfs_bnb_mpi,0.014543,-5,5,4079,"[-1, -1, 2, 2, -1, -2, -2, -2, 1, 1, 1, -2, -1, -2, -1, 2, -1, -1, 2]"
44,dfs_bnb_mpi,26.1859,-4,5,6304132,"[-1, -1, 2, 2, 2, 2, 2, 1, -2, 1, 1, -2, -2, -1, 2, -1, -2, -2, 1]"
45,dfs_bnb_mpi,0.45667,-5,6,142320,"[-1, -1, 2, 2, 1, 1, -2, 1, 2, 1, 2, 1, -2, -2, -1, -2, -2, -1, 2]"
46,dfs_bnb_mpi,0.012197,-4,5,3511,"[-1, -1, 2, 1, 2, 2, 1, -2, -2, 1, -2, -2, -1, -1, -1, -1, 2, 2, 2]"
47,dfs_bnb_mpi,0.055566,-5,6,16753,"[-1, -1, 2, 2, 2, 2, 1, 2, 2, -1, -2, -1, -2, -1, -2, 1, -2, -1, -1]"
48,dfs_bnb_mpi,1.04014,-4,5,297609,"[-1, -1, 2, 2, 2, 2, 2, 2, 1, 2, 1, 2, -1, -1, -2, -1, -1, -2, 1]"
49,dfs_bnb_mpi,4.17686,-6,7,1236195,"[-1, -1, 2, -1, 2, 2, -1, -2, -2, -1, -2, 1, -2, -2, 1, 1, 2, -1, 2]"
50,dfs_bnb_mpi,0.017081,-5,5,4867,"[-1, -1, 2, 1, 1, 2, 1, -2, 1, -2, -1, -2, 1, 1, 2, 2, 2, 2, 2]"
51,dfs_bnb_mpi,4.02082,-4,5,1238657,"[-1, -1, 2, 2, 2, 2, 1, 2, 1, 2, -1, 2, 2, -1, -2, -2, -2, -1, -2]"
52,dfs_bnb_mpi,4.34245,-4,5,1241799,"[-1, -1, 2, 2, 2, 2, 2, -1, -1, -2, -2, -2, -1, -2, 1, -2, 1, 2, 2]"
53,dfs_bnb_mpi,1.43423,-5,6,446732,"[-1, -1, 2, 2, -1, -2, -1, 2, 2, -1, -2, -1, -1, -2, 1, 1, -2, 1, 1]"
54,dfs_bnb_mpi,0.330687,-5,6,96991,"[-1, -1, 2, 2, 1, 1, 2, -1, -1, 2, -1, -2, -1, -1, -2, 1, 1, -2, -1]"
55,dfs_bnb_mpi,1.01308,-5,6,290247,"[-1, -1, 2, 2, 2, 2, 1, 2, -1, 2, -1, -2, -1, -2, 1, -2, -2, -2, -2]"
56,dfs_bnb_mpi,0.286415,-6,7,88928,"[-1, -1, 2, -1, 2, -1, -2, -2, -1, 2, 2, -1, -2, -2, -2, 1, 1, 1, 2]"
57,dfs_bnb_mpi,0.126875,-5,6,39016,"[-1, -1, 2, 2, 2, -1, -2, -2, -1, 2, -1, -2, -1, -2, 1, -2, 1, 2, 1]"
58,dfs_bnb_mpi,0.244893,-4,5,77615,"[-1, -1, 2, 2, 1, -2, 1, 2, 2, 2, -1, -1, -2, -1, 2, -1, -2, -2, 1]"
59,dfs_bnb_mpi,1.50848,-6,7,476737,"[-1, -2, -1, 2, 2, 1, 2, 2, 2, 1, -2, -2, -2, 1, 1, -2, -1, -2, -1]"
60,dfs_bnb_mpi,0.183278,-6,7,49459,"[-1, -1, 2, 2, -1, -2, -2, -1, -2, 1, -2, 1, 2, 1, -2, -2, -1, -1, -1]"
61,dfs_bnb_mpi,0.891318,-5,5,259315,"[-1, -1, 2, 2, 2, 2, 1, -2, -2, 1, 2, 2, 1, -2, 1, -2, -1, -2, 1]"
62,dfs_bnb_mpi,0.023919,-5,4,7619,"[-1, -1, 2, 2, 1, -2, 1, 2, 1, -2, 1, 2, 1, -2, -2, -1, -1, -2, 1]"
63,dfs_bnb_mpi,0.038575,-5,6,11485,"[-1, -2, -1, 2, 2, 1, 2, 1, 2, -1, -1, -2, -1, -1, -2, 1, -2, -1, -1]"
64,dfs_bnb_mpi,0.186205,-5,6,58618,"[-1, -1, 2, 1, 2, 2, 2, 1, -2, -2, -2, 1, 1, -2, -1, -2, -1, -1, -1]"
65,dfs_bnb_mpi,0.32909,-5,6,98880,"[-1, -1, 2, 2, 2, 2, 2, 2, 1, 2, 2, -1, -2, -1, -2, -1, -2, 1, -2]"
66,dfs_bnb_mpi,0.035213,-4,5,9791,"[-1, -1, 2, 2, -1, -2, -2, -2, 1, 1, 1, 1, 2, 2, -1, -1, 2, 2, 2]"
67,dfs_bnb_mpi,0.013592,-6,7,4303,"[-1, -1, 2, 1, 1, 2, 1, -2, 1, 1, -2, -1, -1, -2, -1, -1, -1, -1, 2]"
68,dfs_bnb_mpi,0.026798,-6,7,8250,"[-1, -2, -1, 2, 2, 1, 1, 2, 2, 1, -2, -2, 1, -2, -1, -2, -1, -2, 1]"
69,dfs_bnb_mpi,0.816723,-5,6,248672,"[-1, -2, -1, -2, -2, -1, 2, -1, 2, 1, 2, 1, 2, 2, 1, -2, 1, 2, 2]"
70,dfs_bnb_mpi,0.944908,-5,6,279256,"[-1, -1, 2, -1, -1, 2, 1, 1, 2, 1, 2, 1, -2, -2, -1, -2, 1, 1, 2]"
71,dfs_bnb_mpi,0.025564,-5,6,6722,"[-1, -1, 2, 2, -1, -1, -1, -2, 1, 1, -2, -1, -1, -2, 1, 1, 1, 1, 1]"
72,dfs_bnb_mpi,0.384745,-4,4,117354,"[-1, -1, 2, 2, 2, -1, -2, -2, -1, 2, -1, -2, -2, 1, -2, -2, 1, 2, 2]"
73,dfs_bnb_mpi,0.129393,-5,6,37629,"[-1, -2, 1, 1, -2, 1, -2, -2, 1, 2, 2, 1, 2, -1, -1, 2, -1, 2, 2]"
74,dfs_bnb_mpi,0.024575,-4,5,7696,"[-1, -1, -1, 2, 1, 2, 1, -2, 1, 1, 1, 2, -1, -1, 2, 2, 2, 2, 2]"
75,dfs_bnb_mpi,0.01003,-4,4,3262,"[-1, -1, 2, 1, 2, 2, 2, -1, -2, -2, -1, -1, -2, 1, -2, -1, -1, 2, 2]"
76,dfs_bnb_mpi,0.752598,-4,5,243187,"[-1, -1, 2, 1, 1, 2, 2, 2, 2, 1, -2, -2, -2, -2, -2, -2, -1, -1, -1]"
77,dfs_bnb_mpi,0.339151,-4,4,101915,"[-1, -1, 2, -1, -2, -2, 1, 1, 1, 1, 2, 2, -1, -1, 2, -1, 2, 2, 2]"
78,dfs_bnb_mpi,0.004208,-4,5,1227,"[-1, -1, 2, 2, 2, -1, 2, 2, 2, 1, -2, -2, 1, -2, -2, -2, 1, 2, 2]"
79,dfs_bnb_mpi,0.004221,-4,4,1205,"[-1, -1, 2, 1, 2, 2, 1, -2, -2, 1, 2, 2, 2, 2, 2, 2, 2, 2, 2]"
80,dfs_bnb_mpi,0.048129,-5,6,15267,"[-1, -2, 1, 1, 2, 2, 2, 1, -2, -2, -2, -2, -1, -2, -1, 2, -1, -1, 2]"
81,dfs_bnb_mpi,0.076,-4,4,21393,"[-1, -1, 2, 2, 2, 2, 2, 2, 2, 1, -2, -2, 1, -2, -1, -2, 1, 1, 2]"
82,dfs_bnb_mpi,0.101783,-5,6,32258,"[-1, -1, 2, 1, 1, 2, 2, 1, -2, 1, -2, -1, -2, 1, 1, -2, -1, -1, -1]"
83,dfs_bnb_mpi,0.670477,-4,5,199554,"[-1, -1, 2, 2, 1, 2, 2, -1, -2, -1, -1, -2, 1, -2, -2, -2, 1, 1, 1]"
84,dfs_bnb_mpi,2.14364,-2,3,643400,"[-1, -1, 2, 2, 2, 2, 1, -2, 1, 2, 2, 2, -1, -1, -1, -2, -2, -2, -1]"
85,dfs_bnb_mpi,8.82931,-5,6,2750011,"[-1, -1, 2, 1, 2, -1, 2, 1, 1, 2, 2, 1, -2, -2, 1, -2, -1, -1, -2]"
86,dfs_bnb_mpi,0.01059,-4,5,3023,"[-1, -1, 2, 2, -1, -2, -2, -1, -2, -2, 1, 2, 1, 1, 1, 1, 2, 2, 2]"
87,dfs_bnb_mpi,0.271607,-4,5,87716,"[-1, -1, 2, 2, 1, -2, 1, 2, 2, 2, 2, -1, -2, -2, -1, -1, -2, -2, -1]"
88,dfs_bnb_mpi,2.68415,-5,6,786250,"[-1, -1, 2, 2, 2, 1, 1, 2, 1, -2, -2, -1, -1, -2, 1, 1, -2, -2, -1]"
89,dfs_bnb_mpi,0.153252,-5,6,41576,"[-1, -1, 2, 2, 2, 2, 2, 2, 1, -2, 1, -2, -1, -2, -2, 1, 2, 1, 2]"
90,dfs_bnb_mpi,0.01637,-5,6,4934,"[-1, -2, 1, 1, 1, 2, -1, 2, 2, 1, -2, 1, 1, -2, -1, -2, 1, 1, 2]"
91,dfs_bnb_mpi,3.46241,-5,6,1039983,"[-1, -1, 2, 2, 2, -1, -2, -2, -1, 2, 2, -1, -2, -2, -2, 1, 1, -2, 1]"
92,dfs_bnb_mpi,1.075,-6,7,315468,"[-1, -2, -1, -1, 2, 1, 2, -1, 2, 1, 2, 2, 1, -2, 1, -2, -2, -1, 2]"
93,dfs_bnb_mpi,40.6667,-3,4,12626528,"[-1, -1, 2, 2, 2, 2, 1, 2, 2, 2, 2, 1, -2, -2, -2, -2, -2, -1, -2]"
94,dfs_bnb_mpi,18.8158,-5,6,5033642,"[-1, -1, 2, 1, 2, -1, 2, 2, 2, -1, -1, -2, -2, -2, -1, -2, 1, 1, 2]"
95,dfs_bnb_mpi,1.12157,-4,5,347588,"[-1, -1, 2, 2, 1, 2, 1, 2, -1, 2, 2, -1, -2, -2, -2, -1, -1, -2, 1]"
96,dfs_bnb_mpi,2.57864,-4,5,813926,"[-1, -1, 2, 2, 2, -1, -1, -2, 1, -2, -1, -1, 2, -1, -2, -2, 1, 1, 1]"
97,dfs_bnb_mpi,1.68611,-5,6,452125,"[-1, -1, 2, 1, 1, 1, -2, -2, -1, -1, -1, -2, -1, 2, -1, 2, 2, 1, -2]"
98,dfs_bnb_mpi,0.035891,-4,5,9970,"[-1, -1, 2, 2, -1, -2, -2, -2, 1, 1, 1, 1, 2, 2, -1, 2, 2, 2, 2]"
99,dfs_bnb_mpi,0.077432,-4,5,21430,"[-1, -2, 1, 1, 2, 2, -1, -1, -1, 2, -1, -2, -2, 1, -2, -1, -1, 2, 2]"
100,dfs_bnb_mpi,0.385818,-5,6,106222,"[-1, -2, 1, 1, 2, 2, -1, -1, 2, -1, -2, -1, -2, 1, -2, -1, -1, 2, 2]"
101,dfs_bnb_mpi,0.016208,-6,7,5054,"[-1, -2, 1, 1, -2, -1, -1, -2, 1, -2, 1, 2, 1, 2, 2, 2, -1, 2, 2]"
102,dfs_bnb_mpi,55.0276,-3,4,12581219,"[-1, -1, 2, 2, 2, 2, 2, 2, 2, 2, 1, -2, -2, -2, -2, -2, 1, -2, -1]"
103,dfs_bnb_mpi,0.029353,-5,6,8734,"[-1, -1, 2, 2, -1, -1, -2, 1, -2, -2, 1, 1, -2, -1, -1, -1, 2, 2, -1]"
104,dfs_bnb_mpi,0.520843,-6,7,152054,"[-1, -2, 1, -2, 1, 2, 2, 1, 1, 2, -1, -1, 2, 1, 2, -1, -1, -2, -2]"
105,dfs_bnb_mpi,0.822193,-4,5,244780,"[-1, -1, 2, 2, 2, -1, -1, -1, -2, -2, 1, 2, 1, -2, -2, -1, -1, -1, 2]"
106,dfs_bnb_mpi,0.008154,-5,6,2365,"[-1, -2, 1, 1, 2, 2, -1, 2, 2, -1, -2, -2, -1, 2, 2, 2, 2, 2, 2]"
107,dfs_bnb_mpi,0.544662,-3,4,129818,"[-1, -1, 2, 2, -1, -1, 2, 2, -1, -2, -2, -2, 1, 1, -2, -1, -1, -1, 2]"
108,dfs_bnb_mpi,1.00062,-4,5,284869,"[-1, -1, 2, 2, 2, -1, -1, -2, -2, 1, -2, -2, -2, -1, 2, 2, -1, 2, 2]"
109,dfs_bnb_mpi,0.141094,-6,6,40455,"[-1, -1, 2, -1, 2, 2, 2, -1, -2, -2, -2, -1, -1, -2, 1, 1, -2, 1, 2]"
110,dfs_bnb_mpi,2.53542,-4,5,753544,"[-1, -1, 2, 1, 2, 2, 2, 2, 1, 1, -2, -2, -2, 1, -2, -1, -1, 2, 2]"
111,dfs_bnb_mpi,0.073446,-4,5,19907,"[-1, -1, 2, 2, 2, 2, 1, -2, 1, -2, -1, -2, 1, 1, 2, 2, 2, 2, 2]"
112,dfs_bnb_mpi,4.45074,-4,5,1317992,"[-1, -1, 2, 2, 2, 1, -2, 1, 1, 2, -1, 2, 2, -1, -2, -1, -1, -2, -2]"
113,dfs_bnb_mpi,0.109752,-5,6,33654,"[-1, -2, 1, 1, 1, 1, 2, -1, -1, 2, 2, 2, -1, -2, -2, -1, 2, 2, 2]"
114,dfs_bnb_mpi,0.019746,-5,6,6142,"[-1, -1, 2, 2, 1, -2, 1, 2, 1, -2, 1, -2, -1, -2, -1, -1, -1, -1, 2]"
115,dfs_bnb_mpi,0.208349,-5,6,63559,"[-1, -1, 2, 2, 2, 1, 1, 2, 1, -2, 1, -2, -2, -1, 2, -1, -1, -2, 1]"
116,dfs_bnb_mpi,0.117413,-4,5,35521,"[-1, -1, 2, 2, 2, -1, -2, -2, -2, -1, -2, 1, -2, 1, 1, 1, 2, -1, -1]"
117,dfs_bnb_mpi,2.20014,-5,5,674763,"[-1, -1, 2, 2, 2, -1, -1, -2, 1, -2, -1, -1, -1, -2, 1, 1, -2, 1, 2]"
118,dfs_bnb_mpi,9.95511,-5,6,3110120,"[-1, -1, 2, 2, 2, 2, 1, -2, -2, -2, 1, 2, 1, 2, 2, 2, -1, -2, -2]"
119,dfs_bnb_mpi,55.1672,-3,4,14715205,"[-1, -1, 2, 2, 2, 2, 2, 2, 2, 2, 2, 2, 2, 1, 1, -2, -2, -1, 2]"
120,dfs_bnb_mpi,0.712499,-5,6,205930,"[-1, -1, 2, 2, 2, 2, -1, -2, -2, -1, 2, -1, -2, -2, -2, 1, 2, 1, -2]"
121,dfs_bnb_mpi,0.008753,-5,6,2767,"[-1, -1, 2, -1, -2, -2, 1, 1, 1, -2, -1, -1, -2, -2, -1, 2, 2, -1, 2]"
122,dfs_bnb_mpi,3.55815,-5,6,986008,"[-1, -1, -1, 2, -1, -1, 2, 2, 1, -2, 1, 2, 1, 1, -2, -1, -2, 1, 1]"
123,dfs_bnb_mpi,0.064958,-5,6,19369,"[-1, -1, 2, 2, 2, -1, 2, -1, -2, -1, -2, -2, 1, 2, 1, -2, -2, -1, -1]"
124,dfs_bnb_mpi,0.518634,-4,5,139183,"[-1, -1, 2, 2, 2, 2, 2, 2, 1, -2, -2, -2, -2, -2, 1, 2, 2, 2, 2]"
125,dfs_bnb_mpi,55.1709,-3,4,12620054,"[-1, -1, 2, 2, 2, 2, 2, 2, 2, 1, 1, -2, -2, -2, -2, -2, -1, -2, 1]"
126,dfs_bnb_mpi,2.28256,-5,6,687981,"[-1, -1, 2, 2, 2, 1, -2, -2, 1, 2, 1, -2, 1, -2, -1, -2, -1, -1, -1]"
127,dfs_bnb_mpi,0.392392,-5,6,124950,"[-1, -1, 2, 2, -1, -2, -1, 2, -1, -2, -1, -1, -2, 1, 1, 1, 1, -2, 1]"
128,dfs_bnb_mpi,0.022031,-4,5,6952,"[-1, -1, 2, 2, 2, 1, 2, 2, 1, -2, 1, 1, -2, -1, -1, -2, -1, -2, 1]"
129,dfs_bnb_mpi,0.075096,-5,6,21907,"[-1, -1, 2, 2, -1, -2, -2, -2, 1, -2, -1, -1, -2, 1, 1, 1, 2, 2, 1]"
130,dfs_bnb_mpi,1.01316,-4,5,254804,"[-1, -1, 2, 2, 2, 2, 2, 2, 1, -2, -2, -2, -2, -2, 1, 1, 2, -1, 2]"
131,dfs_bnb_mpi,0.059603,-4,4,17860,"[-1, -1, 2, 2, 2, 2, 2, 1, -2, -2, -2, 1, 2, 1, 2, -1, 2, 2, 2]"
132,dfs_bnb_mpi,0.512084,-4,5,164049,"[-1, -1, 2, 2, 2, -1, -2, -1, 2, 2, 1, 1, 1, 1, -2, -2, -2, -1, 2]"
133,dfs_bnb_mpi,9.89725,-4,5,2982017,"[-1, -1, 2, 2, 2, 2, 2, 1, 2, 2, 2, 1, -2, -2, -2, -2, -2, -1, 2]"
134,dfs_bnb_mpi,0.439903,-5,6,128895,"[-1, -1, 2, 2, 1, 1, -2, 1, 1, -2, -1, -2, -1, -1, -1, -1, -1, 2, 1]"
135,dfs_bnb_mpi,9.19479,-4,5,2873979,"[-1, -1, 2, 1, 2, 2, 2, 2, 2, 1, -2, -2, -2, -2, -2, 1, 1, -2, -1]"
136,dfs_bnb_mpi,0.384187,-4,5,112501,"[-1, -1, 2, 2, 2, 2, 1, -2, 1, -2, -1, -2, 1, 1, 1, 2, 2, -1, -2]"
137,dfs_bnb_mpi,0.285129,-5,6,77599,"[-1, -2, 1, 1, 2, 2, -1, -1, 2, -1, -2, -1, -2, 1, -2, -1, -1, 2, 2]"
138,dfs_bnb_mpi,0.14539,-5,6,42030,"[-1, -1, -1, 2, 2, -1, 2, 1, 1, -2, -2, 1, 1, 2, -1, 2, 2, 2, 2]"
139,dfs_bnb_mpi,2.37399,-5,5,692620,"[-1, -1, 2, 2, 2, 2, 2, 1, 2, -1, -1, 2, 2, -1, -2, -2, -2, 1, -2]"
140,dfs_bnb_mpi,0.032595,-7,8,10004,"[-1, -1, 2, 2, 1, -2, 1, 2, 1, -2, 1, -2, -1, -2, -1, -2, -1, 2, -1]"
141,dfs_bnb_mpi,0.085494,-6,7,25747,"[-1, -2, -1, 2, 2, 1, 1, 2, 1, 1, -2, -1, -2, -2, -1, -2, 1, 1, 2]"
142,dfs_bnb_mpi,0.198012,-4,5,59002,"[-1, -1, 2, 2, 2, 1, 2, -1, 2, -1, -2, -1, 2, -1, -2, -2, 1, 1, -2]"
143,dfs_bnb_mpi,1.40577,-4,5,428733,"[-1, -2, 1, 1, 2, 2, 2, 1, -2, -2, -2, 1, -2, -1, -1, -1, -1, -1, 2]"
144,dfs_bnb_mpi,0.013599,-5,6,4254,"[-1, -1, 2, 2, 1, -2, 1, 2, 1, 2, 1, -2, 1, 1, -2, -1, -1, -1, -2]"
145,dfs_bnb_mpi,0.395733,-6,7,123264,"[-1, -1, 2, -1, -2, -1, -2, 1, 1, 1, 1, -2, -1, -1, -2, -1, 2, -1, -1]"
146,dfs_bnb_mpi,0.353151,-5,6,105600,"[-1, -1, 2, 2, 2, 2, 1, 2, -1, -1, 2, -1, -2, -2, 1, -2, -2, -1, 2]"
147,dfs_bnb_mpi,0.085588,-5,6,26822,"[-1, -2, 1, 1, 1, 2, -1, 2, -1, -1, -1, -2, -2, -1, -2, 1, 1, 1, 1]"
148,dfs_bnb_mpi,0.124535,-5,6,35582,"[-1, -1, 2, 1, 1, 1, -2, 1, 2, 1, -2, -2, -1, -1, -2, -1, -1, 2, 1]"
149,dfs_bnb_mpi,1.11222,-5,6,334996,"[-1, -1, 2, 2, 1, 1, -2, 1, 1, -2, -1, -2, -2, -1, -1, -1, 2, 1, 1]"
150,dfs_bnb_mpi,0.371246,-5,6,110810,"[-1, -2, -1, -1, -2, 1, 1, 1, 2, 1, 2, 2, -1, 2, 2, -1, -2, -2, -1]"
151,dfs_bnb_mpi,3.06708,-6,7,913329,"[-1, -1, 2, 2, 2, -1, -2, -2, -1, -2, 1, -2, -1, -2, 1, -2, 1, 2, 2]"
152,dfs_bnb_mpi,0.590378,-5,5,188952,"[-1, -1, 2, 1, 1, 1, 1, 2, -1, -1, 2, 2, 2, -1, -2, -2, -2, -1, 2]"
153,dfs_bnb_mpi,9.74365,-5,6,3094276,"[-1, -1, 2, 2, 2, 2, 2, 1, 1, -2, -2, 1, 1, -2, -1, -1, -1, 2, 2]"
154,dfs_bnb_mpi,1.08751,-5,6,314144,"[-1, -2, 1, 1, 1, -2, -1, -1, -1, -1, 2, 2, 2, 1, 2, 1, -2, 1, 2]"
155,dfs_bnb_mpi,0.070115,-4,5,20691,"[-1, -1, 2, 2, 2, 1, -2, -2, 1, 2, 1, -2, -2, -2, -1, -1, -1, -1, 2]"
156,dfs_bnb_mpi,0.130028,-5,6,40087,"[-1, -1, 2, 2, 2, 1, 1, 2, -1, 2, -1, -2, -1, 2, -1, -2, -2, 1, -2]"
157,dfs_bnb_mpi,2.99448,-4,5,702773,"[-1, -1, 2, 2, 2, 2, 2, 2, -1, -2, -2, -2, -2, -2, -2, -1, 2, 2, 2]"
158,dfs_bnb_mpi,2.6419,-5,6,816549,"[-1, -1, 2, 1, 2, -1, -1, -2, -1, 2, -1, -2, -2, 1, 1, -2, 1, 1, 1]"
159,dfs_bnb_mpi,0.043509,-5,5,13997,"[-1, -1, -1, 2, 1, 1, 1, 1, 2, 2, -1, -2, -1, 2, -1, -2, -1, 2, 2]"
160,dfs_bnb_mpi,1.03426,-5,6,285511,"[-1, -2, -1, 2, 2, -1, 2, 2, 2, 1, 1, -2, -1, -2, 1, -2, 1, 2, 2]"
161,dfs_bnb_mpi,0.019036,-3,4,4717,"[-1, -1, 2, 2, -1, -2, -1, -1, -2, 1, 1, -2, 1, 1, 1, 1, 2, 2, 2]"
162,dfs_bnb_mpi,0.346511,-5,5,110583,"[-1, -2, 1, 1, 2, 1, -2, -2, -1, -2, 1, -2, -1, -1, 2, 2, -1, -1, 2]"
163,dfs_bnb_mpi,0.016654,-6,7,5106,"[-1, -1, 2, 1, 2, 2, 1, -2, -2, 1, 2, 1, 1, -2, -1, -2, -1, -2, 1]"
164,dfs_bnb_mpi,0.354697,-4,5,111986,"[-1, -1, 2, 1, 1, 2, -1, 2, 2, -1, -2, -2, -1, 2, -1, -2, -2, 1, -2]"
165,dfs_bnb_mpi,0.365608,-4,5,92915,"[-1, -1, 2, 2, 2, 1, -2, -2, 1, 1, -2, -2, -1, -1, -1, -2, 1, 1, 1]"
166,dfs_bnb_mpi,0.375705,-5,6,118287,"[-1, -1, 2, 1, 2, 2, 1, -2, -2, 1, -2, -2, -1, -2, -1, 2, -1, -1, 2]"
167,dfs_bnb_mpi,0.783292,-4,5,211479,"[-1, -2, -1, 2, 2, 2, 1, 1, 1, -2, -2, 1, -2, -1, -1, -2, 1, 1, 1]"
168,dfs_bnb_mpi,4.43755,-5,6,1415962,"[-1, -1, 2, 2, 1, -2, 1, 1, -2, -2, -1, -2, 1, -2, -1, -1, 2, 2, -1]"
169,dfs_bnb_mpi,10.5743,-5,6,2659573,"[-1, -1, 2, 2, 2, 1, -2, -2, 1, 2, 2, 1, -2, -2, 1, 1, -2, -1, -1]"
170,dfs_bnb_mpi,1.27476,-4,5,403482,"[-1, -1, 2, 2, 2, 2, 2, 2, 1, 2, -1, 2, 2, -1, -2, -2, -1, -2, 1]"
171,dfs_bnb_mpi,0.004443,-4,5,1445,"[-1, -1, 2, 2, 1, -2, 1, 1, -2, -2, -1, -1, -2, -2, -1, 2, 2, -1, 2]"
172,dfs_bnb_mpi,6.44558,-6,7,1917544,"[-1, -1, 2, 1, 2, -1, -1, 2, 1, 1, 2, 1, -2, 1, -2, -1, -2, 1, -2]"
173,dfs_bnb_mpi,2.32019,-5,6,590338,"[-1, -1, 2, -1, 2, -1, 2, -1, -2, -2, -1, -2, 1, -2, 1, 1, 2, -1, 2]"
174,dfs_bnb_mpi,0.642538,-6,7,189016,"[-1, -1, 2, 2, -1, -2, -2, -1, -2, -1, -2, 1, -2, 1, 2, 2, 1, 1, 1]"
175,dfs_bnb_mpi,1.70463,-3,4,542858,"[-1, -1, 2, 2, 2, 2, 2, 1, -2, 1, 2, 2, 1, -2, -2, -2, -1, -1, -2]"
176,dfs_bnb_mpi,8.62531,-6,7,2092676,"[-1, -2, -2, 1, 1, 1, 2, 2, 1, 2, -1, 2, -1, -1, -2, 1, -2, -2, -1]"
177,dfs_bnb_mpi,1.09152,-4,5,314332,"[-1, -1, 2, 2, 1, -2, 1, 2, 2, -1, -1, -1, -2, -2, -2, -1, -2, 1, 1]"
178,dfs_bnb_mpi,3.39691,-6,7,1023447,"[-1, -1, 2, 2, -1, -1, 2, 1, 1, 2, 1, -2, 1, -2, 1, -2, -1, -1, 2]"
179,dfs_bnb_mpi,3.64002,-4,5,1144975,"[-1, -1, 2, 2, 1, -2, 1, 2, 2, 2, 2, 2, 1, -2, -2, -2, -2, -2, 1]"
180,dfs_bnb_mpi,0.942252,-4,5,295445,"[-1, -1, 2, 2, 2, 2, 1, 1, 2, -1, -1, 2, 2, -1, -2, -2, -1, -2, 1]"
181,dfs_bnb_mpi,3.45359,-4,5,902595,"[-1, -1, 2, -1, 2, 2, 2, 2, -1, -2, -2, -2, -2, -1, -2, 1, 1, -2, 1]"
182,dfs_bnb_mpi,0.380932,-5,6,112391,"[-1, -1, 2, 1, 2, 2, 2, -1, -2, -2, -1, -2, -1, -2, -1, -2, 1, 1, 2]"
183,dfs_bnb_mpi,0.737178,-4,5,171954,"[-1, -1, 2, 2, 2, 2, -1, -1, -2, -2, -1, -2, 1, 1, -2, -2, -1, 2, -1]"
184,dfs_bnb_mpi,0.031441,-4,5,9758,"[-1, -1, 2, 1, 2, -1, 2, 2, 1, -2, 1, 2, 1, -2, -2, -1, -2, 1, 1]"
185,dfs_bnb_mpi,1.3301,-5,6,346938,"[-1, -2, 1, 1, 2, 2, -1, -1, 2, -1, 2, 1, 1, -2, 1, 2, 2, -1, 2]"
186,dfs_bnb_mpi,7.23775,-4,5,1787314,"[-1, -1, 2, 2, 2, 2, 1, 2, -1, 2, 2, 2, -1, -2, -2, -2, -1, -2, 1]"
187,dfs_bnb_mpi,0.045987,-6,7,13274,"[-1, -2, -1, -2, -1, -1, 2, 1, 2, 1, 2, -1, 2, 1, 1, -2, 1, 2, 2]"
188,dfs_bnb_mpi,1.70135,-4,5,508054,"[-1, -1, 2, 2, 2, 1, 2, 2, 2, 1, -2, -2, -2, 1, 1, -2, -1, -1, -1]"
189,dfs_bnb_mpi,11.3553,-5,6,3537693,"[-1, -2, 1, 1, 1, 1, 2, -1, -1, 2, 2, -1, -1, -1, -2, -2, -2, -2, 1]"
190,dfs_bnb_mpi,0.000536,-4,5,156,"[-1, -1, 2, 2, 2, 2, 2, 1, -2, 1, -2, -1, -2, -2, 1, 2, 1, 2, 2]"
191,dfs_bnb_mpi,0.774379,-5,6,233025,"[-1, -1, 2, 2, 1, -2, 1, 1, -2, -2, 1, -2, -1, -2, -1, 2, 2, -1, -1]"
192,dfs_bnb_mpi,0.001925,-5,6,561,"[-1, -1, 2, 1, 2, 1, -2, 1, -2, -2, -1, -1, -1, -1, 2, 2, 2, 2, 2]"
193,dfs_bnb_mpi,0.290778,-6,7,91412,"[-1, -2, -1, -1, -2, 1, 1, -2, 1, -2, 1, 2, 1, 2, -1, -1, 2, 1, 2]"
194,dfs_bnb_mpi,0.394871,-4,4,129144,"[-1, -1, 2, 2, 1, -2, 1, 2, 2, -1, 2, 2, 2, 2, -1, -2, -2, -2, -2]"
195,dfs_bnb_mpi,0.145598,-5,6,43306,"[-1, -2, -1, 2, 2, -1, 2, 1, 2, 2, 1, -2, -2, -2, 1, 2, 2, 2, 2]"
196,dfs_bnb_mpi,0.000178,-2,3,43,"[-1, -1, 2, 2, 2, 2, 2, 2, 2, 2, 2, 2, 2, 2, 1, 1, -2, -1, -2]"
197,dfs_bnb_mpi,0.005022,-5,6,1397,"[-1, -2, 1, 1, 1, 1, 2, -1, -1, 2, 2, 1, -2, 1, 2, 2, 2, 2, 2]"
198,dfs_bnb_mpi,0.39448,-5,6,102362,"[-1, -1, 2, 2, -1, -2, -2, -1, -2, -1, 2, 2, 1, 2, -1, -1, -2, -1, 2]"
199,dfs_bnb_mpi,9.64377,-4,5,2518533,"[-1, -1, 2, 2, 2, 2, 2, 2, 1, 1, -2, 1, 1, -2, -1, -1, -2, -1, 2]"
200,dfs_bnb_mpi,0.037809,-6,7,12125,"[-1, -2, -1, -2, -2, 1, 2, 1, 2, 1, 1, 1, 2, 2, -1, -2, -1, 2, 2]"
201,dfs_bnb_mpi,0.533612,-6,7,167494,"[-1, -1, 2, 2, -1, -2, -2, -2, -1, -1, -2, 1, 1, -2, 1, 2, 1, 2, -1]"
202,dfs_bnb_mpi,16.5536,-4,5,4536875,"[-1, -1, 2, 2, 2, 2, 2, 1, 1, 1, -2, -1, -2, 1, -2, -1, -1, -2, 1]"
203,dfs_bnb_mpi,2.52867,-6,7,739073,"[-1, -1, 2, -1, -2, -1, 2, -1, -2, -2, 1, 1, -2, 1, 2, 1, 1, -2, -1]"
204,dfs_bnb_mpi,0.345731,-3,4,101813,"[-1, -1, 2, 2, 2, 2, 2, 2, 1, 1, -2, -2, -2, -2, -2, 1, -2, -2, -1]"
205,dfs_bnb_mpi,0.062015,-5,6,19075,"[-1, -2, -1, 2, -1, 2, 1, 2, 2, 2, 1, -2, -2, -2, 1, 2, 2, 2, 2]"
206,dfs_bnb_mpi,0.472129,-5,6,126368,"[-1, -1, 2, 1, 2, 2, 2, 2, 1, -2, -2, -2, -2, 1, -2, -2, -1, -1, -1]"
207,dfs_bnb_mpi,0.005967,-2,3,1494,"[-1, -1, 2, 2, 2, 2, 2, 2, 2, 1, -2, -2, 1, 1, -2, -1, -1, -2, 1]"
208,dfs_bnb_mpi,6.97776,-6,7,1996016,"[-1, -1, 2, -1, -1, 2, 2, -1, -2, -2, -1, -2, 1, -2, 1, 2, 1, -2, 1]"
209,dfs_bnb_mpi,0.00941,-4,5,2617,"[-1, -1, 2, 1, 1, 2, 2, 1, -2, -2, -2, 1, 2, 2, 2, 2, 2, 2, 2]"
210,dfs_bnb_mpi,0.063898,-5,6,19185,"[-1, -1, 2, -1, -2, -2, -1, -1, -2, 1, 1, 1, 2, 1, 1, 1, 2, 2, 2]"
211,dfs_bnb_mpi,0.335525,-6,7,104297,"[-1, -1, 2, 2, 1, 1, -2, 1, 2, 2, 1, -2, -2, 1, -2, -1, -2, -1, 2]"
212,dfs_bnb_mpi,0.117252,-5,6,36542,"[-1, -1, 2, 1, 1, 2, 2, 1, -2, -2, 1, 1, -2, -1, -1, -2, -1, -1, -1]"
213,dfs_bnb_mpi,0.902919,-5,6,269259,"[-1, -1, 2, -1, -1, 2, 2, 2, 1, 1, -2, 1, 1, -2, -2, -1, 2, -1, -1]"
214,dfs_bnb_mpi,4.69286,-4,5,1210339,"[-1, -1, 2, 2, 2, 2, 1, 1, 1, 2, 2, -1, -2, -1, 2, -1, -2, -1, -2]"
215,dfs_bnb_mpi,0.024454,-4,5,7458,"[-1, -1, 2, 2, 1, 2, -1, 2, 2, -1, -2, -1, -2, 1, -2, -1, -1, 2, 2]"
216,dfs_bnb_mpi,0.242703,-4,5,69273,"[-1, -1, 2, 2, 2, 1, 1, 2, -1, -1, 2, -1, -1, -2, 1, -2, -1, -1, 2]"
217,dfs_bnb_mpi,7.8888,-6,7,2247770,"[-1, -2, -1, 2, 2, 2, 2, 1, 1, -2, -2, 1, -2, 1, -2, -1, -1, -2, 1]"
218,dfs_bnb_mpi,0.223069,-4,5,60251,"[-1, -1, 2, 2, 2, 2, 2, 2, 1, 2, 1, -2, 1, 1, -2, -1, -1, -1, -2]"
219,dfs_bnb_mpi,0.040391,-5,6,12244,"[-1, -1, 2, 1, 2, 2, 2, -1, -2, -2, -1, 2, -1, -2, -1, -2, 1, 1, -2]"
220,dfs_bnb_mpi,2.38364,-4,5,716502,"[-1, -1, 2, 2, 2, 1, -2, -2, 1, 1, 1, 1, 2, -1, -1, -1, 2, 1, 2]"
221,dfs_bnb_mpi,0.145254,-5,6,44506,"[-1, -2, 1, 1, 2, 2, -1, -1, -1, -2, -2, -2, 1, -2, -2, 1, 2, 2, 1]"
222,dfs_bnb_mpi,0.775744,-4,5,243861,"[-1, -1, 2, 2, 2, 1, -2, 1, 2, 2, -1, -1, -1, -2, -1, -2, 1, -2, -1]"
223,dfs_bnb_mpi,1.17809,-5,6,340569,"[-1, -1, 2, 1, 2, -1, -1, 2, 2, -1, -2, -2, -1, -2, -2, 1, 2, 1, -2]"
224,dfs_bnb_mpi,3.94543,-5,6,1236049,"[-1, -2, 1, 1, 2, 2, 2, -1, -2, -1, 2, -1, -2, -2, -2, -1, -2, 1, 1]"
225,dfs_bnb_mpi,2.46544,-4,5,711035,"[-1, -1, 2, 2, -1, -2, -1, 2, 2, 1, 1, 1, 1, -2, 1, -2, -1, -1, 2]"
226,dfs_bnb_mpi,8.80444,-6,7,2150196,"[-1, -2, 1, -2, -2, 1, 2, 2, 1, 1, 2, 2, -1, -2, -1, 2, 2, -1, -2]"
227,dfs_bnb_mpi,0.196462,-4,5,56475,"[-1, -1, 2, 1, 1, 2, 2, -1, -2, -1, 2, -1, -1, -2, 1, -2, -1, -1, 2]"
228,dfs_bnb_mpi,0.709452,-5,6,225920,"[-1, -2, 1, 1, 2, 2, 1, 1, -2, -1, -2, -2, -2, 1, 2, 2, 1, 2, 2]"
229,dfs_bnb_mpi,1.66171,-4,5,489103,"[-1, -1, 2, 2, 2, 1, 1, 2, -1, -1, 2, 2, -1, -2, -1, -2, 1, -2, -1]"
230,dfs_bnb_mpi,0.156268,-6,7,45171,"[-1, -2, 1, -2, -2, 1, 2, 2, 1, 2, -1, 2, 2, -1, -2, -1, 2, 2, 2]"
231,dfs_bnb_mpi,3.12947,-2,3,892304,"[-1, -1, 2, 2, 2, 2, 1, 2, 2, 2, 2, 2, -1, -2, -2, -2, -2, -1, -2]"
232,dfs_bnb_mpi,2.52318,-4,5,679034,"[-1, -1, 2, 2, 1, 1, 1, 1, 2, 1, -2, -2, -1, -1, -2, 1, -2, -1, -1]"
233,dfs_bnb_mpi,10.9968,-4,5,2453370,"[-1, -1, 2, -1, 2, 2, 2, 2, 2, 1, -2, -2, -2, -2, 1, -2, 1, 2, 2]"
234,dfs_bnb_mpi,21.9604,-4,5,5823753,"[-1, -1, 2, 2, 2, 2, 2, 1, 2, 2, 2, 1, -2, -2, -2, 1, -2, -1, -1]"
235,dfs_bnb_mpi,0.363095,-5,6,112341,"[-1, -1, 2, 2, 2, -1, -2, -2, -2, -2, 1, -2, -2, 1, 1, 2, 2, -1, -2]"
236,dfs_bnb_mpi,0.052207,-4,5,15469,"[-1, -1, 2, 1, 2, 1, 2, 2, -1, -2, -1, -2, -1, -2, -1, 2, 2, 2, 2]"
237,dfs_bnb_mpi,0.001899,-4,5,558,"[-1, -1, 2, 2, 2, 2, 1, 2, -1, -1, -2, -1, -2, 1, -2, -1, -1, 2, 2]"
238,dfs_bnb_mpi,1.41564,-4,5,436675,"[-1, -1, 2, 2, 2, 2, 1, 2, 1, -2, 1, 1, -2, -1, -1, -1, -2, 1, 1]"
239,dfs_bnb_mpi,0.326325,-5,6,97358,"[-1, -1, 2, -1, -2, -1, -2, 1, 1, 1, 1, -2, -1, -1, -2, 1, 1, 1, 2]"
240,dfs_bnb_mpi,21.9739,-4,5,5176010,"[-1, -2, 1, 1, 2, 2, 2, 2, 1, -2, -2, -2, -2, -2, -1, -1, -1, -1, 2]"
241,dfs_bnb_mpi,2.79808,-5,6,866340,"[-1, -2, -1, 2, 2, 1, 1, 1, -2, 1, 1, -2, -1, -1, -2, -2, -1, 2, 2]"
242,dfs_bnb_mpi,0.018957,-6,7,5815,"[-1, -1, 2, -1, -2, -1, 2, -1, -1, -2, 1, -2, 1, -2, -2, 1, 2, 2, 1]"
243,dfs_bnb_mpi,41.8819,-4,5,13045936,"[-1, -1, 2, 2, -1, -2, -2, -2, -1, 2, -1, -2, -2, 1, 1, 1, 1, 2, -1]"
244,dfs_bnb_mpi,2.16237,-3,4,670521,"[-1, -1, 2, 2, 2, 2, -1, -2, -2, -1, 2, -1, -2, -2, 1, 1, -2, -1, -1]"
245,dfs_bnb_mpi,0.473071,-4,5,144731,"[-1, -1, 2, 1, 2, 2, -1, -1, -2, -2, -2, -1, -2, 1, 1, 1, 1, 1, 2]"
246,dfs_bnb_mpi,41.237,-4,5,12896461,"[-1, -1, 2, 2, 2, 2, 2, 2, 2, 2, 1, -2, 1, 1, -2, -1, -2, -1, 2]"
247,dfs_bnb_mpi,0.146337,-4,5,34964,"[-1, -1, 2, 2, 2, 2, 1, 1, -2, -2, -1, -2, 1, 1, 2, 2, 2, 2, 2]"
248,dfs_bnb_mpi,0.72357,-5,6,217796,"[-1, -1, 2, 2, 2, 2, 2, 1, -2, 1, 2, 1, -2, 1, -2, -1, -1, -1, -2]"
249,dfs_bnb_mpi,2.67484,-5,6,762084,"[-1, -1, 2, 2, 2, 1, 2, 2, 2, 1, -2, -2, -2, 1, -2, -2, -1, 2, -1]"
250,dfs_bnb_mpi,0.36274,-6,7,107222,"[-1, -2, -2, -1, 2, 2, -1, 2, 1, 1, 2, 1, 2, 1, -2, 1, -2, -1, -1]"
251,dfs_bnb_mpi,1.07651,-2,3,299205,"[-1, -1, 2, 2, 2, 2, 2, 1, -2, 1, 2, 2, -1, -1, -1, -2, -2, -1, 2]"
252,dfs_bnb_mpi,0.086835,-4,5,24654,"[-1, -1, 2, 2, -1, -2, -2, -1, -2, -1, -2, 1, 1, 2, 1, 1, 1, 1, 2]"
253,dfs_bnb_mpi,0.037185,-5,6,11546,"[-1, -2, -1, -2, 1, 1, 2, 1, 2, 2, 2, 2, -1, -2, -2, -1, 2, 2, 2]"
254,dfs_bnb_mpi,0.619443,-5,6,191327,"[-1, -2, -1, 2, 2, 2, 2, 1, -2, -2, 1, 2, 2, 1, -2, -2, -2, 1, 2]"
255,dfs_bnb_mpi,0.143092,-4,5,45847,"[-1, -1, 2, 2, 2, 1, -2, -2, 1, 1, 1, 2, 2, 2, -1, -1, -2, -2, 1]"
256,dfs_bnb_mpi,0.014485,-2,3,3895,"[-1, -1, 2, 2, 2, 2, 2, 2, 2, 1, 2, -1, -1, -2, -1, 2, 2, 2, 2]"
257,dfs_bnb_mpi,0.069383,-4,5,19586,"[-1, -1, 2, 2, 1, -2, 1, 2, 1, 2, 1, -2, 1, -2, -1, -1, -2, 1, 1]"
258,dfs_bnb_mpi,0.910528,-6,7,277331,"[-1, -1, 2, 2, 1, 1, 2, -1, 2, -1, 2, -1, -2, -1, -2, -2, 1, 2, 1]"
259,dfs_bnb_mpi,4.38398,-4,5,1327769,"[-1, -1, 2, 2, -1, -1, 2, -1, -2, -1, 2, -1, -2, -2, 1, 1, 1, 1, -2]"
260,dfs_bnb_mpi,0.692334,-4,5,219997,"[-1, -1, 2, 2, 1, 2, -1, 2, -1, -2, -1, 2, 2, -1, -2, -2, -2, 1, 1]"
261,dfs_bnb_mpi,0.909625,-5,6,290377,"[-1, -1, 2, 1, 1, 2, 2, -1, 2, -1, -2, -1, 2, -1, -2, -2, 1, 1, 1]"
262,dfs_bnb_mpi,0.127099,-5,6,40223,"[-1, -1, 2, 2, 2, -1, -2, -2, -2, -1, 2, 2, -1, 2, 1, 2, 1, 2, 2]"
263,dfs_bnb_mpi,0.989527,-4,5,269975,"[-1, -1, 2, 2, 2, 2, 2, 2, 1, 2, 1, 1, -2, -1, -2, -1, -2, 1, 1]"
264,dfs_bnb_mpi,6.91217,-6,7,1951271,"[-1, -1, 2, 1, 1, 1, -2, 1, 2, 1, -2, -2, -1, -1, -2, -1, -1, 2, 1]"
265,dfs_bnb_mpi,1.06333,-5,6,256712,"[-1, -1, 2, 2, 2, 2, -1, -1, -2, -1, -2, -2, 1, 2, 1, -2, -2, -1, -1]"
266,dfs_bnb_mpi,0.683023,-2,3,200110,"[-1, -1, 2, 2, 2, 1, -2, 1, 2, 2, 2, -1, -1, -1, -2, -2, -2, -1, 2]"
267,dfs_bnb_mpi,9.17937,-5,6,2739473,"[-1, -1, 2, 2, 2, -1, -2, -2, -2, -1, -2, -1, -1, -2, 1, 1, 1, 2, 1]"
268,dfs_bnb_mpi,0.049532,-6,7,15045,"[-1, -1, 2, 1, 2, 1, -2, 1, 1, -2, -1, -2, -1, -2, -2, -1, 2, 2, -1]"
269,dfs_bnb_mpi,0.84554,-4,5,239177,"[-1, -1, 2, 2, 2, 2, 2, 2, 2, 1, 2, 1, -2, -2, -1, -2, 1, 1, 2]"
270,dfs_bnb_mpi,0.365149,-4,5,111535,"[-1, -1, 2, 2, 2, 1, 2, 2, 1, -2, -2, 1, -2, -1, -1, -2, 1, 1, 1]"
271,dfs_bnb_mpi,0.034992,-6,7,11157,"[-1, -1, -1, 2, 1, 2, 1, -2, 1, 1, -2, -2, -1, -2, -2, -1, 2, 2, -1]"
272,dfs_bnb_mpi,0.097694,-5,6,30109,"[-1, -1, 2, 2, -1, -2, -2, -1, -2, 1, -2, -2, 1, 2, 2, 1, 1, 1, 2]"
273,dfs_bnb_mpi,0.004352,-5,6,1359,"[-1, -2, 1, 1, 2, 2, 1, 2, -1, 2, -1, -2, -2, -1, 2, 2, 2, 2, 2]"
274,dfs_bnb_mpi,6.0857,-2,3,1837924,"[-1, -1, 2, 2, 2, 2, 2, 2, 2, 2, 2, 2, 2, 2, 1, -2, 1, -2, -1]"
275,dfs_bnb_mpi,0.802796,-6,7,242308,"[-1, -2, -1, -2, -1, -1, -2, 1, -2, -2, 1, 2, 2, 1, 2, 1, 1, 2, -1]"
276,dfs_bnb_mpi,2.82667,-5,6,654548,"[-1, -1, 2, 2, 2, 1, 1, 1, 2, 1, -2, -2, -1, -1, -2, 1, 1, -2, -1]"
277,dfs_bnb_mpi,0.756721,-4,5,213964,"[-1, -1, 2, 2, 2, -1, -2, -1, 2, -1, -2, -2, 1, 1, -2, -1, -2, 1, 1]"
278,dfs_bnb_mpi,0.374783,-4,5,117480,"[-1, -1, 2, 2, 2, 2, 1, 2, -1, 2, -1, -1, -1, -2, -2, 1, 1, 2, -1]"
279,dfs_bnb_mpi,0.029709,-5,6,8974,"[-1, -2, 1, -2, 1, 1, 2, -1, 2, 2, 2, 2, 1, -2, -2, -2, 1, 2, 2]"
280,dfs_bnb_mpi,0.460593,-5,6,125621,"[-1, -1, 2, 2, 2, 2, 1, 1, 2, 1, -2, -2, -1, -1, -2, -2, 1, 2, 1]"
281,dfs_bnb_mpi,21.6659,-4,5,5024246,"[-1, -1, 2, 2, 2, 2, 2, 2, 2, 1, 2, 1, -2, -2, -1, -2, 1, -2, -1]"
282,dfs_bnb_mpi,1.96172,-4,5,592122,"[-1, -1, 2, 1, 1, 2, 2, 2, 2, 1, -2, -2, -2, -2, -2, -2, -1, -1, -1]"
283,dfs_bnb_mpi,0.037208,-6,7,11526,"[-1, -1, 2, -1, 2, 1, 2, -1, 2, 1, 2, 1, -2, 1, -2, -1, -2, -2, 1]"
284,dfs_bnb_mpi,0.448658,-5,6,139350,"[-1, -1, 2, 2, 2, 1, 1, -2, -1, -2, 1, 1, 2, 2, 1, -2, -2, -2, -1]"
285,dfs_bnb_mpi,1.16724,-5,6,303203,"[-1, -1, -1, 2, 2, -1, 2, 1, 2, 2, 1, -2, -2, -2, -2, 1, 2, 2, 2]"
286,dfs_bnb_mpi,2.36499,-4,5,609431,"[-1, -1, 2, 2, 2, 2, 2, 2, 2, 2, 2, 1, -2, -2, 1, 2, 2, 2, 2]"
287,dfs_bnb_mpi,0.232736,-4,5,72677,"[-1, -1, 2, -1, -2, -1, -1, -2, 1, 1, -2, -1, -2, 1, 1, 2, 2, 1, 1]"
288,dfs_bnb_mpi,2.94974,-4,5,891941,"[-1, -1, 2, 2, 1, 2, 1, 2, -1, -1, 2, -1, -2, -1, -2, -2, 1, 2, 1]"
289,dfs_bnb_mpi,0.048206,-5,6,14473,"[-1, -1, 2, 1, 2, 2, -1, -2, -1, -2, -1, -1, -2, 1, 1, -2, 1, 1, 1]"
290,dfs_bnb_mpi,3.81385,-4,5,1196566,"[-1, -1, 2, 2, 2, 1, 2, 1, -2, 1, 2, 1, -2, -2, -1, -1, -1, -2, 1]"
291,dfs_bnb_mpi,0.051558,-2,3,13039,"[-1, -1, 2, 2, 2, 2, 2, 2, 2, 1, -2, 1, -2, -1, -2, 1, 1, 2, 2]"
292,dfs_bnb_mpi,0.040509,-5,6,13036,"[-1, -1, 2, 2, 1, -2, 1, 2, 2, 2, 1, -2, -2, -2, 1, -2, -1, -2, 1]"
293,dfs_bnb_mpi,0.381879,-5,6,93100,"[-1, -1, 2, 2, 2, -1, -2, -2, -2, -1, 2, -1, -2, -2, 1, -2, 1, 2, 1]"
294,dfs_bnb_mpi,0.05928,-4,5,17458,"[-1, -1, 2, 1, 2, 1, -2, 1, 1, -2, -1, -2, -1, -1, -1, -1, 2, 2, 2]"
295,dfs_bnb_mpi,0.039138,-5,6,11616,"[-1, -1, 2, 2, -1, -1, -2, 1, -2, -2, 1, 1, -2, -1, -1, -1, 2, 2, -1]"
296,dfs_bnb_mpi,0.750515,-4,5,206145,"[-1, -1, 2, 2, 2, 2, 2, 1, 2, 2, -1, -2, -1, 2, -1, -2, -2, 1, -2]"
297,dfs_bnb_mpi,0.001941,-4,5,596,"[-1, -1, 2, 2, -1, -2, -2, -1, -2, 1, 1, -2, 1, 2, 1, 1, 2, 2, 2]"
298,dfs_bnb_mpi,0.007109,-4,4,1824,"[-1, -1, 2, 2, 2, 2, 2, 1, -2, -2, 1, 2, 1, 2, -1, 2, 2, 2, 2]"
299,dfs_bnb_mpi,7.76871,-4,5,1882228,"[-1, -1, 2, 2, 2, 2, 2, -1, -2, -2, -1, -1, -2, -2, 1, 2, 1, -2, -2]"
300,dfs_bnb_mpi,0.333028,-5,6,99735,"[-1, -1, 2, 1, 1, 2, 1, 2, -1, 2, 2, -1, -2, -2, -2, -1, 2, 2, 2]"
301,dfs_bnb_mpi,0.021861,-4,4,5657,"[-1, -1, 2, 2, 2, 2, 2, 2, 1, -2, -2, 1, 2, 1, 1, 2, -1, -1, 2]"
302,dfs_bnb_mpi,0.8128,-4,5,242262,"[-1, -1, 2, 2, 1, 2, 2, -1, -2, -1, 2, -1, -2, -1, -2, -2, 1, 2, 1]"
303,dfs_bnb_mpi,3.79181,-5,6,1029164,"[-1, -1, 2, -1, -1, 2, 1, 1, 2, 2, 2, 1, -2, -2, -2, -2, 1, 2, 2]"
304,dfs_bnb_mpi,12.9179,-5,6,3965054,"[-1, -1, 2, -1, -2, -2, -2, 1, 1, 1, 1, 1, 2, 2, -1, -2, -1, -1, -1]"
305,dfs_bnb_mpi,1.14596,-5,6,318036,"[-1, -1, 2, 2, 1, 1, 1, -2, 1, 1, -2, -1, -2, 1, -2, -1, -1, 2, 2]"
306,dfs_bnb_mpi,0.553345,-4,5,175875,"[-1, -1, 2, 1, 2, 1, 2, -1, 2, 2, -1, -2, -2, -2, -1, -1, -2, 1, -2]"
307,dfs_bnb_mpi,3.20846,-4,5,961073,"[-1, -1, 2, 2, 1, 2, 1, 2, 2, 2, 2, -1, -2, -2, -2, -1, -2, -1, -2]"
308,dfs_bnb_mpi,0.132459,-5,5,41541,"[-1, -1, 2, -1, 2, 2, 2, 2, 1, -2, -2, -2, 1, -2, 1, 2, 2, 2, 2]"
309,dfs_bnb_mpi,0.188238,-4,5,51551,"[-1, -1, 2, 2, 2, 2, 2, 1, 1, -2, -1, -2, 1, 1, -2, -1, -1, -2, 1]"
310,dfs_bnb_mpi,0.838183,-4,5,253745,"[-1, -1, 2, 2, 2, 2, 1, -2, -2, -2, 1, 1, -2, -2, -1, -2, -1, 2, -1]"
311,dfs_bnb_mpi,0.018602,-4,5,5165,"[-1, -1, 2, 2, -1, -2, -1, -1, -2, -2, 1, 2, 1, -2, 1, 1, 1, 1, 2]"
312,dfs_bnb_mpi,0.113431,-3,4,28344,"[-1, -1, 2, 2, 2, 2, 2, 2, 1, -2, 1, -2, 1, 1, -2, -1, -1, -1, 2]"
313,dfs_bnb_mpi,1.21112,-5,6,359494,"[-1, -1, 2, 2, 2, 2, 2, 1, -2, 1, 1, 1, -2, -1, -2, -1, -1, 2, 1]"
314,dfs_bnb_mpi,41.3762,-4,5,12936729,"[-1, -1, 2, 2, 2, 2, 2, 1, -2, 1, 2, 2, 1, -2, -2, -2, -1, -1, -2]"
315,dfs_bnb_mpi,0.108342,-6,7,34466,"[-1, -2, 1, 1, 1, 2, -1, 2, -1, -1, -1, -2, -2, -2, 1, -2, 1, 2, 1]"
316,dfs_bnb_mpi,0.346074,-4,5,97703,"[-1, -1, 2, 2, 2, 2, -1, -2, -2, -2, -2, -1, -2, 1, -2, 1, 2, 1, 1]"
317,dfs_bnb_mpi,0.133635,-5,6,38893,"[-1, -1, 2, 1, 2, -1, -1, 2, -1, -2, -2, 1, -2, -1, -1, -2, 1, 1, 1]"
318,dfs_bnb_mpi,2.40266,-5,6,713459,"[-1, -1, 2, 2, -1, -2, -2, -1, -1, -2, -2, 1, -2, 1, 2, 1, 2, -1, -1]"
319,dfs_bnb_mpi,0.015688,-5,6,4938,"[-1, -1, 2, -1, -2, -2, 1, -2, -2, 1, 2, 2, 1, 1, 2, 2, 2, 2, 2]"
320,dfs_bnb_mpi,3.82716,-4,4,1173196,"[-1, -1, 2, 2, 2, 2, 2, 1, 2, 2, 1, -2, -2, 1, 1, -2, -1, -1, -1]"
321,dfs_bnb_mpi,4.31115,-4,5,1276554,"[-1, -1, 2, 2, 2, 2, 2, 2, 1, 2, 1, 2, 2, -1, -2, -1, -2, -1, -2]"
322,dfs_bnb_mpi,0.007839,-5,5,2372,"[-1, -1, 2, 2, 2, 1, 2, 1, -2, -2, -1, -2, 1, 1, 2, 2, 2, 2, 2]"
323,dfs_bnb_mpi,6.63302,-6,7,1863667,"[-1, -2, -1, 2, 2, 1, 1, 2, 2, 2, 1, -2, -2, -2, -2, 1, -2, -1, -1]"
324,dfs_bnb_mpi,2.00248,-6,7,611117,"[-1, -2, -1, -2, -1, 2, 2, 2, 1, 1, 1, 1, -2, 1, -2, -1, -1, -2, -1]"
325,dfs_bnb_mpi,0.975077,-6,7,305407,"[-1, -2, 1, 1, 2, 1, -2, 1, 1, -2, -1, -1, -2, -2, -1, 2, -1, 2, 1]"
326,dfs_bnb_mpi,0.099036,-5,6,30715,"[-1, -1, -1, 2, 1, 2, -1, 2, -1, -2, -2, -1, -2, 1, -2, -2, 1, 2, 1]"
327,dfs_bnb_mpi,0.033608,-4,5,10013,"[-1, -1, 2, 1, 2, 2, 1, -2, -2, 1, -2, -2, -1, -1, -1, -1, 2, 2, 2]"
328,dfs_bnb_mpi,1.19819,-4,5,327094,"[-1, -1, 2, 1, 2, 2, 2, 2, -1, -1, -2, -2, 1, -2, -1, -1, -2, 1, -2]"
329,dfs_bnb_mpi,1.3341,-5,6,426838,"[-1, -2, 1, 1, 2, 2, -1, 2, 2, 2, -1, -2, -1, -1, -2, 1, 1, -2, -1]"
330,dfs_bnb_mpi,0.045892,-5,5,14245,"[-1, -1, 2, 2, 2, -1, -2, -2, -1, -2, 1, -2, 1, 1, 1, 1, 2, 2, 2]"
331,dfs_bnb_mpi,0.057218,-4,5,16932,"[-1, -1, 2, -1, 2, 2, 2, 2, 1, -2, -2, -2, 1, -2, 1, 2, 2, 2, 2]"
332,dfs_bnb_mpi,0.105767,-5,6,33880,"[-1, -1, 2, 2, 1, -2, 1, 2, 1, -2, 1, 1, -2, -1, -1, -2, -2, -1, 2]"
333,dfs_bnb_mpi,0.187385,-5,6,47718,"[-1, -1, 2, 1, 1, 2, 2, 1, 1, -2, -2, -1, -2, 1, 1, 1, 2, -1, 2]"
334,dfs_bnb_mpi,1.16373,-4,5,333496,"[-1, -1, 2, 1, 1, 2, 2, 1, -2, 1, 2, 1, -2, -2, -1, -1, -2, 1, 1]"
335,dfs_bnb_mpi,0.303596,-5,6,88181,"[-1, -2, 1, 1, 2, 2, 2, 1, -2, 1, 1, -2, -1, -1, -2, -2, 1, 2, 1]"
336,dfs_bnb_mpi,0.107602,-4,5,34456,"[-1, -1, 2, 2, 1, 2, -1, 2, 2, -1, -2, -2, -1, -2, 1, -2, -1, -1, 2]"
337,dfs_bnb_mpi,0.827944,-5,6,211191,"[-1, -1, 2, -1, 2, 2, 2, -1, -1, -2, -2, -2, 1, -2, 1, -2, -1, -1, 2]"
338,dfs_bnb_mpi,13.0812,-5,6,3414534,"[-1, -1, 2, 2, 2, 2, 2, 2, 2, 1, 1, -2, 1, -2, -1, -2, -1, 2, 2]"
339,dfs_bnb_mpi,1.11658,-5,6,339122,"[-1, -1, 2, 2, 2, 1, -2, -2, 1, 2, 1, 2, 1, -2, 1, -2, -1, -1, -2]"
340,dfs_bnb_mpi,0.104926,-3,4,33263,"[-1, -1, 2, 2, 2, 1, -2, -2, 1, 2, 2, 2, 1, -2, -2, -2, 1, 2, 2]"
341,dfs_bnb_mpi,1.27724,-5,5,407474,"[-1, -1, 2, 1, 2, 2, 1, -2, -2, 1, 1, -2, -1, -2, -1, -1, -2, -1, 2]"
342,dfs_bnb_mpi,1.86251,-5,6,567974,"[-1, -2, 1, 1, 2, 1, 2, 2, 2, -1, -1, -2, -1, -1, -2, 1, 1, 1, 2]"
343,dfs_bnb_mpi,0.487857,-4,5,141978,"[-1, -1, 2, 2, 2, 2, 1, 2, 2, -1, -2, -1, -1, -1, -2, -2, 1, 2, 1]"
344,dfs_bnb_mpi,0.009732,-5,6,2886,"[-1, -1, 2, 1, 1, 2, 2, -1, -2, -1, -1, -2, -1, -2, 1, -2, 1, 1, 1]"
345,dfs_bnb_mpi,0.024727,-5,6,6298,"[-1, -1, 2, -1, 2, 2, 1, -2, 1, -2, 1, 2, 1, 2, -1, -1, 2, 2, 2]"
346,dfs_bnb_mpi,0.037043,-4,5,10325,"[-1, -1, 2, 2, 2, 2, 1, 2, 1, -2, 1, 1, -2, -1, -1, -1, -2, 1, 1]"
347,dfs_bnb_mpi,0.500141,-5,6,141335,"[-1, -1, 2, -1, -2, -2, -2, -2, 1, 2, 2, 1, 1, 1, -2, -1, -1, -2, 1]"
348,dfs_bnb_mpi,0.144805,-4,5,42601,"[-1, -1, 2, 2, 2, 2, 1, -2, 1, 2, 2, -1, 2, -1, -2, -1, 2, 2, 2]"
349,dfs_bnb_mpi,0.038196,-5,6,10746,"[-1, -1, 2, 2, 1, -2, 1, 2, 1, -2, 1, -2, -1, -2, -1, -1, -1, -1, 2]"
350,dfs_bnb_mpi,0.011439,-6,7,3581,"[-1, -1, 2, 1, 1, 2, 1, -2, -2, 1, -2, -1, -1, -2, -2, -1, 2, 2, -1]"
351,dfs_bnb_mpi,0.512208,-5,6,138523,"[-1, -1, 2, 1, 2, -1, -1, 2, -1, -2, -1, -2, 1, 1, -2, -1, -1, -1, 2]"
352,dfs_bnb_mpi,47.2706,-4,5,12828606,"[-1, -1, 2, 2, 2, 2, 2, 2, 2, 2, 2, 1, -2, -2, 1, 1, -2, -1, -1]"
353,dfs_bnb_mpi,2.87701,-4,5,888413,"[-1, -1, 2, 2, 1, 2, 2, 2, -1, -2, -2, -1, -2, -1, -2, 1, -2, -2, 1]"
354,dfs_bnb_mpi,2.54272,-4,5,754440,"[-1, -1, 2, 2, 2, 2, 2, 1, -2, -2, -2, -2, 1, 1, 1, 2, -1, -1, 2]"
355,dfs_bnb_mpi,0.259127,-2,3,81476,"[-1, -1, 2, 2, 2, 1, -2, -2, 1, 2, 2, 2, -1, -1, -1, -2, -2, -2, -1]"
356,dfs_bnb_mpi,0.008793,-6,7,2742,"[-1, -1, 2, 2, 1, 1, -2, 1, -2, 1, -2, -1, -1, -2, -2, -1, 2, 2, -1]"
357,dfs_bnb_mpi,0.967474,-5,6,262820,"[-1, -1, 2, -1, 2, 2, 2, -1, -2, -2, -2, -2, 1, -2, 1, -2, -1, -1, 2]"
358,dfs_bnb_mpi,0.083593,-5,6,22388,"[-1, -1, 2, 1, 2, 2, 2, -1, -1, -2, 1, -2, -1, -1, -2, 1, -2, -1, -1]"
359,dfs_bnb_mpi,16.708,-5,6,4645994,"[-1, -1, 2, 2, 2, 2, 2, 2, 2, 1, 2, 2, -1, -2, -1, -2, -1, -2, 1]"
360,dfs_bnb_mpi,1.24962,-5,6,393834,"[-1, -1, 2, 2, -1, 2, 1, 2, 2, 2, 1, -2, -2, -2, 1, -2, -1, -2, 1]"
361,dfs_bnb_mpi,0.97524,-6,7,289901,"[-1, -1, 2, 2, 2, 2, 1, 2, -1, -1, -1, 2, -1, -2, -2, 1, -2, 1, 2]"
362,dfs_bnb_mpi,5.79732,-6,7,1658015,"[-1, -1, 2, 2, -1, -2, -2, -1, -1, -2, -2, 1, -2, 1, 2, 1, 2, -1, -1]"
363,dfs_bnb_mpi,0.460017,-4,5,114066,"[-1, -1, 2, 2, 2, 2, 2, 1, 2, 1, -2, -2, -1, -2, 1, -2, -1, -2, 1]"
364,dfs_bnb_mpi,1.44916,-4,5,458937,"[-1, -2, 1, 1, 2, 2, 2, 2, -1, -1, -1, -2, -2, -2, -2, -2, 1, 1, 1]"
365,dfs_bnb_mpi,0.010998,-6,7,3461,"[-1, -2, -1, 2, 2, 1, 2, -1, 2, 2, -1, -2, -2, -1, -2, 1, -2, -1, -1]"
366,dfs_bnb_mpi,18.9275,-3,4,4701125,"[-1, -1, 2, 2, 2, 2, 2, 2, 2, 1, -2, 1, 2, 1, -2, -2, -1, -1, -2]"
367,dfs_bnb_mpi,0.189213,-5,6,60202,"[-1, -1, 2, 2, 1, -2, 1, 1, -2, -2, -1, -1, -2, -2, -1, 2, -1, 2, 1]"
368,dfs_bnb_mpi,9.38134,-3,4,2231487,"[-1, -1, 2, 2, 2, 2, 2, 2, 2, 1, 1, 2, 1, -2, -2, -1, -1, -2, 1]"
369,dfs_bnb_mpi,1.15105,-4,5,311507,"[-1, -1, 2, 2, 2, 2, 2, 1, -2, -2, -2, -2, 1, 1, 2, -1, 2, 2, 2]"
370,dfs_bnb_mpi,3.14204,-6,7,965163,"[-1, -1, 2, 2, 1, 1, -2, 1, 1, -2, 1, 1, -2, -1, -1, -2, -1, 2, 2]"
371,dfs_bnb_mpi,0.046027,-5,6,13696,"[-1, -1, 2, 2, -1, -1, -1, -2, -1, -2, 1, 1, 2, 1, -2, -2, 1, 1, 1]"
372,dfs_bnb_mpi,0.036568,-5,6,11039,"[-1, -1, 2, 1, 2, -1, 2, 2, -1, -1, -2, 1, -2, -2, -1, 2, -1, 2, 2]"
373,dfs_bnb_mpi,0.178252,-5,6,54593,"[-1, -1, 2, 2, 2, 2, -1, 2, 1, 2, 1, -2, -2, 1, -2, -1, -2, -2, 1]"
374,dfs_bnb_mpi,0.15254,-5,6,47466,"[-1, -1, 2, 2, 1, -2, 1, 2, 2, -1, -1, -1, -2, -2, -1, -2, -2, 1, 2]"
375,dfs_bnb_mpi,0.448131,-5,6,133459,"[-1, -1, 2, 1, 1, 2, 2, 1, 1, 1, -2, 1, -2, -1, -1, 2, -1, -2, -2]"
376,dfs_bnb_mpi,0.034974,-5,6,10324,"[-1, -2, -1, -1, 2, 1, 2, -1, 2, 1, 1, -2, 1, 2, 2, 2, 2, 2, 2]"
377,dfs_bnb_mpi,0.161764,-5,6,46370,"[-1, -2, -1, 2, -1, 2, 1, 1, 2, 2, 1, -2, -2, 1, 2, 2, 2, 2, 2]"
378,dfs_bnb_mpi,3.61379,-5,6,1130088,"[-1, -1, 2, 2, 2, 1, 2, 2, 1, -2, 1, 2, 1, -2, -2, -1, -1, -2, -1]"
379,dfs_bnb_mpi,0.111359,-4,5,35713,"[-1, -1, 2, 2, 1, -2, 1, 2, 2, 1, 2, 2, 1, -2, -2, -2, -1, -2, 1]"
380,dfs_bnb_mpi,1.28827,-6,7,399999,"[-1, -1, 2, -1, -2, -1, -2, 1, 1, 1, 1, 1, -2, -1, -1, -2, -1, 2, -1]"
381,dfs_bnb_mpi,7.1e-05,0,1,20,"[-1, -1, 2, 2, 2, 2, 2, 2, 2, 2, 2, 2, 2, 2, 2, 2, 2, 2, 2]"
382,dfs_bnb_mpi,2.45829,-5,6,631705,"[-1, -2, 1, 1, 2, 2, 1, -2, -2, -2, -1, -1, -2, -1, 2, -1, -1, 2, 1]"
383,dfs_bnb_mpi,1.21569,-5,6,365754,"[-1, -1, 2, 2, 2, 2, 2, 2, 1, -2, -2, -2, 1, 2, 1, 2, -1, 2, 2]"
384,dfs_bnb_mpi,0.235177,-4,5,69409,"[-1, -1, 2, 2, 2, 2, 1, 2, 2, 1, -2, -2, -2, -1, -2, 1, 1, 2, 2]"
385,dfs_bnb_mpi,0.275662,-5,6,88307,"[-1, -1, 2, 1, 1, 1, -2, 1, 2, 1, -2, -2, -1, -2, -2, -1, 2, 2, -1]"
386,dfs_bnb_mpi,0.105298,-5,4,33502,"[-1, -1, 2, 2, 2, 2, 2, 1, -2, 1, 2, 1, -2, -2, -1, -1, -2, -2, 1]"
387,dfs_bnb_mpi,0.539142,-5,6,165159,"[-1, -1, 2, 1, 2, 2, -1, -2, -1, 2, 2, -1, -2, -1, -2, 1, -2, 1, -2]"
388,dfs_bnb_mpi,0.091646,-6,7,26063,"[-1, -1, 2, 1, 2, 1, 2, -1, 2, -1, -2, -2, -1, 2, -1, -2, -2, 1, -2]"
389,dfs_bnb_mpi,1.98674,-4,5,540311,"[-1, -1, 2, 2, 2, 2, 2, 2, 1, 2, 2, -1, -2, -1, 2, -1, -2, -2, 1]"
390,dfs_bnb_mpi,0.553745,-4,5,167021,"[-1, -1, 2, 2, 2, 2, 1, 2, 2, 2, -1, -2, -2, -1, -2, -1, -2, 1, -2]"
391,dfs_bnb_mpi,0.02084,-5,6,6548,"[-1, -1, 2, 2, 1, -2, 1, 1, -2, 1, -2, -1, -2, -2, -1, 2, 2, -1, -1]"
392,dfs_bnb_mpi,0.046718,-5,6,14033,"[-1, -1, 2, -1, 2, 1, 2, 1, 1, -2, -1, -2, 1, 1, 2, 2, 2, 2, 2]"
393,dfs_bnb_mpi,4.23754,-5,6,1069550,"[-1, -1, 2, 2, 1, 1, 1, -2, 1, 1, -2, -1, -1, -2, 1, -2, -1, -1, 2]"
394,dfs_bnb_mpi,0.76513,-5,6,202880,"[-1, -1, 2, 2, 2, 1, 2, 2, 1, -2, 1, -2, -1, -2, 1, -2, -1, -1, 2]"
395,dfs_bnb_mpi,2.2481,-3,4,695309,"[-1, -1, 2, 2, 2, 2, 2, 2, 2, 1, 2, 2, 1, -2, -2, -2, -1, -2, 1]"
396,dfs_bnb_mpi,4.79886,-4,5,1431839,"[-1, -1, 2, 2, 2, 2, 1, -2, -2, -2, 1, 2, 2, 2, 2, -1, -1, -1, -2]"
397,dfs_bnb_mpi,0.815057,-4,5,235103,"[-1, -1, 2, 2, 2, 2, 2, 2, 1, 2, 1, 2, -1, -1, -2, -1, -2, -1, 2]"
398,dfs_bnb_mpi,0.507525,-5,6,159675,"[-1, -1, 2, 2, 2, -1, -2, -2, -2, -1, -1, -2, 1, -2, 1, 2, 1, 1, 1]"
399,dfs_bnb_mpi,0.931417,-5,6,295167,"[-1, -2, -1, 2, 2, -1, 2, 1, 1, -2, 1, 2, 2, -1, -1, -1, -1, -2, -1]"
400,dfs_bnb_mpi,2.1463,-5,6,660649,"[-1, -1, 2, 1, 1, 1, 2, 1, -2, 1, 2, 1, -2, -2, -1, -1, -2, -1, 2]"
401,dfs_bnb_mpi,0.573576,-5,6,176262,"[-1, -1, 2, 2, 1, 2, 2, -1, -2, -1, 2, -1, -2, -1, -1, -2, 1, 1, 1]"
402,dfs_bnb_mpi,0.003034,-4,5,1005,"[-1, -1, 2, 1, 2, 1, -2, 1, 2, 2, -1, -1, 2, 2, 2, 2, 2, 2, 2]"
403,dfs_bnb_mpi,0.003438,-4,5,1037,"[-1, -1, 2, 2, 2, 2, 2, 2, 1, 2, 2, 1, -2, 1, -2, -1, -2, -1, -2]"
404,dfs_bnb_mpi,1.34421,-4,5,357636,"[-1, -1, 2, 2, 2, 2, 2, 2, 1, 2, 1, -2, 1, -2, -1, -1, -2, 1, 1]"
405,dfs_bnb_mpi,3.94664,-4,5,1271088,"[-1, -1, 2, 2, 1, -2, 1, 2, 2, 2, -1, -1, -1, -2, -2, -2, -2, -2, 1]"
406,dfs_bnb_mpi,0.854092,-6,7,273450,"[-1, -2, -1, 2, -1, 2, 1, 1, 1, 2, -1, -1, 2, 2, 2, -1, -2, -2, -2]"
407,dfs_bnb_mpi,4.84639,-4,5,1266610,"[-1, -1, 2, 2, 2, 2, 2, 2, 2, 1, 1, -2, -1, -2, 1, -2, -1, -2, 1]"
408,dfs_bnb_mpi,0.389034,-4,5,91102,"[-1, -1, 2, 1, 1, 1, 2, 1, -2, -2, -1, -2, -1, -1, -2, 1, 1, 1, 2]"
409,dfs_bnb_mpi,0.02918,-4,5,8444,"[-1, -1, 2, 2, 2, 1, 2, 1, -2, 1, -2, -1, -1, -2, 1, 1, 1, 2, 2]"
410,dfs_bnb_mpi,9.9499,-4,5,2414246,"[-1, -1, 2, 2, 2, 2, 2, 2, 2, 2, 2, 1, -2, -2, 1, -2, -2, -1, 2]"
411,dfs_bnb_mpi,0.005918,-5,6,1741,"[-1, -1, 2, 2, 2, 2, 2, 2, 2, 1, 1, -2, 1, -2, -2, -1, 2, -1, 2]"
412,dfs_bnb_mpi,0.083639,-6,7,25656,"[-1, -2, 1, 1, 2, 1, 2, -1, 2, 2, -1, -2, -2, -1, 2, 2, 2, 2, 2]"
413,dfs_bnb_mpi,0.162977,-5,6,46309,"[-1, -2, -1, 2, -1, 2, 1, 2, 2, 2, 1, -2, -2, -2, 1, 2, 2, 2, 2]"
414,dfs_bnb_mpi,0.435704,-4,5,136661,"[-1, -1, 2, 2, 2, 2, 1, -2, 1, -2, -1, -2, 1, 1, 2, 2, 2, -1, 2]"
415,dfs_bnb_mpi,7e-05,0,1,20,"[-1, -1, 2, 2, 2, 2, 2, 2, 2, 2, 2, 2, 2, 2, 2, 2, 2, 2, 2]"
416,dfs_bnb_mpi,2.51666,-5,6,750233,"[-1, -1, 2, 2, 2, 2, -1, -2, -2, -2, -1, -1, -2, 1, 1, -2, -2, 1, 2]"
417,dfs_bnb_mpi,3.93365,-4,5,919997,"[-1, -1, 2, 2, 2, 2, 2, 2, 2, 1, 1, 1, -2, -1, -1, -2, 1, 1, 1]"
418,dfs_bnb_mpi,0.163367,-4,4,46919,"[-1, -1, 2, 2, 2, 1, 2, 2, 1, -2, -2, -2, -1, -2, 1, 1, 2, 2, 2]"
419,dfs_bnb_mpi,0.040488,-4,5,12005,"[-1, -1, 2, 2, 2, 1, 2, -1, -1, 2, -1, -2, -2, 1, -2, -1, -1, 2, 2]"
420,dfs_bnb_mpi,0.039524,-6,7,12219,"[-1, -2, 1, -2, -1, -2, -1, 2, 2, -1, -1, 2, 1, 1, 2, 1, 2, 2, 2]"
421,dfs_bnb_mpi,15.4092,-5,6,4775863,"[-1, -1, 2, 2, 2, -1, -1, -2, -1, -2, 1, -2, -1, -2, 1, 1, 2, 2, 2]"
422,dfs_bnb_mpi,0.023676,-4,5,6815,"[-1, -1, 2, 2, 2, 2, 1, -2, -2, -2, 1, 1, -2, 1, 2, 2, 2, 2, 2]"
423,dfs_bnb_mpi,3.13195,-4,5,897693,"[-1, -1, 2, 2, 1, 2, 1, 2, -1, -1, 2, -1, -2, -1, -2, -2, 1, 2, 1]"
424,dfs_bnb_mpi,2.38828,-4,5,698363,"[-1, -1, 2, 2, 2, 2, 2, 2, 2, 2, 1, -2, 1, -2, 1, -2, -1, -1, 2]"
425,dfs_bnb_mpi,0.773553,-5,6,231376,"[-1, -1, 2, 2, 2, 1, -2, -2, 1, 2, 1, -2, 1, 2, 1, -2, -2, -1, -1]"
426,dfs_bnb_mpi,0.008536,-5,6,2380,"[-1, -1, 2, 2, 1, -2, 1, 2, 1, -2, 1, 1, -2, -1, -1, -2, 1, 1, 1]"
427,dfs_bnb_mpi,0.023911,-5,6,7070,"[-1, -1, 2, 1, 2, -1, -1, -2, -2, -2, -2, 1, 2, 1, 1, 1, 2, 2, 2]"
428,dfs_bnb_mpi,0.471786,-6,7,146732,"[-1, -1, 2, 1, 2, 1, 2, 1, -2, 1, -2, 1, 1, -2, -1, -1, -1, 2, -1]"
429,dfs_bnb_mpi,0.197547,-5,5,57180,"[-1, -1, 2, 2, 2, 2, 2, 1, -2, -2, -2, -2, 1, 2, 1, 2, 2, -1, -2]"
430,dfs_bnb_mpi,0.210764,-4,5,64211,"[-1, -1, 2, 2, 2, -1, -2, -2, -2, -1, -2, 1, 1, 1, 1, -2, -1, -1, -1]"
431,dfs_bnb_mpi,2.15239,-5,6,650041,"[-1, -1, 2, 2, 2, 2, 1, -2, -2, -2, 1, 1, -2, -2, -1, -1, -2, 1, 1]"
432,dfs_bnb_mpi,0.119556,-4,5,32116,"[-1, -1, 2, 2, 2, -1, -2, -2, -2, -2, 1, -2, -1, -1, -1, 2, 1, 2, 2]"
433,dfs_bnb_mpi,1.57767,-6,7,489649,"[-1, -2, 1, 1, 2, 1, 1, 2, 2, 2, -1, -2, -2, -1, 2, -1, -1, -2, 1]"
434,dfs_bnb_mpi,14.9856,-5,6,4750894,"[-1, -1, 2, 2, 2, 1, 2, 2, 1, -2, -2, -2, 1, 1, -2, -1, -1, -1, 2]"
435,dfs_bnb_mpi,0.295227,-4,5,94133,"[-1, -1, 2, 2, 2, 1, 2, -1, 2, 2, -1, -2, -2, -1, -2, 1, -2, -1, -1]"
436,dfs_bnb_mpi,22.0583,-4,5,6402442,"[-1, -1, 2, 2, 2, 2, 2, 2, 2, 2, 2, 1, 2, 1, -2, -2, -1, -2, -2]"
437,dfs_bnb_mpi,2.56495,-5,6,648953,"[-1, -1, 2, 2, 2, 1, 1, 1, 2, 1, -2, -2, -2, -1, 2, -1, -1, -2, 1]"
438,dfs_bnb_mpi,0.001064,-3,3,285,"[-1, -1, 2, 2, 2, 1, -2, -2, 1, 2, 2, 2, 2, 2, 2, 2, 2, 2, 2]"
439,dfs_bnb_mpi,0.180077,-5,6,58035,"[-1, -2, -1, 2, 2, 2, 1, -2, 1, 1, 1, 2, -1, -1, 2, -1, 2, 2, 2]"
440,dfs_bnb_mpi,0.012743,-6,6,3868,"[-1, -1, 2, 1, 1, 2, -1, 2, -1, -2, -1, -2, -2, -2, 1, 1, 1, 1, 2]"
441,dfs_bnb_mpi,0.027824,-5,5,8588,"[-1, -1, 2, 2, 2, -1, -2, -2, -2, -1, -1, -2, 1, 1, -2, 1, 2, 1, 1]"
442,dfs_bnb_mpi,0.013875,-4,5,4146,"[-1, -1, 2, 2, -1, 2, -1, -2, -1, -2, 1, 1, -2, -1, -1, -1, 2, 2, 2]"
443,dfs_bnb_mpi,0.227047,-5,6,71465,"[-1, -1, 2, 1, 2, 2, 1, 1, -2, -2, -2, -2, -1, -1, -2, -1, -1, 2, 1]"
444,dfs_bnb_mpi,45.4414,-4,5,12787958,"[-1, -1, 2, 2, 2, 2, 2, 2, 2, 1, -2, -2, -2, -2, 1, -2, -2, -1, 2]"
445,dfs_bnb_mpi,2.95449,-4,5,899316,"[-1, -1, 2, 2, 2, 2, 2, 1, -2, 1, -2, -1, -2, 1, 1, 2, 2, 2, -1]"
446,dfs_bnb_mpi,0.021243,-6,7,6623,"[-1, -1, 2, 1, 1, 1, -2, -2, 1, 2, 2, 2, -1, 2, 2, -1, -2, -2, -1]"
447,dfs_bnb_mpi,0.049428,-5,6,16116,"[-1, -1, 2, 1, 2, 1, -2, 1, 2, 2, 2, 1, -2, -2, 1, -2, -1, -2, 1]"
448,dfs_bnb_mpi,2.77432,-5,6,812400,"[-1, -2, 1, -2, 1, 1, 1, 2, 2, -1, -2, -1, 2, 2, 2, 1, -2, 1, 2]"
449,dfs_bnb_mpi,19.5663,-5,6,4748017,"[-1, -1, 2, 2, 2, 1, 2, 1, -2, 1, 2, 1, -2, -2, -1, -1, -1, -2, 1]"
450,dfs_bnb_mpi,0.208536,-5,6,66945,"[-1, -1, 2, 1, 2, 1, -2, 1, 2, 2, 2, 2, 2, 1, -2, -2, -2, -2, 1]"
451,dfs_bnb_mpi,3.18185,-5,6,980888,"[-1, -1, 2, 2, 1, -2, 1, 2, 2, 2, 2, 1, 2, 2, 1, -2, -2, -2, -1]"
452,dfs_bnb_mpi,6.19766,-6,7,1869377,"[-1, -1, 2, 1, 1, 2, -1, -1, 2, -1, -2, -1, -1, -2, 1, 1, -2, -2, 1]"
453,dfs_bnb_mpi,11.1032,-5,6,3359559,"[-1, -1, 2, 2, 2, 2, 2, 2, 1, 2, 1, -2, 1, -2, -2, -1, -1, 2, 1]"
454,dfs_bnb_mpi,0.057311,-6,7,17423,"[-1, -1, 2, -1, 2, -1, -2, -1, -2, 1, 1, -2, -1, -2, 1, 1, 2, 1, 1]"
455,dfs_bnb_mpi,0.075306,-5,6,23255,"[-1, -1, 2, 1, 2, 2, 2, 1, -2, -2, -2, 1, -2, 1, -2, -1, -1, -1, -1]"
456,dfs_bnb_mpi,1.2575,-4,5,356808,"[-1, -1, 2, 2, -1, 2, -1, -2, -1, 2, -1, -2, -2, 1, 1, 1, -2, -1, -1]"
457,dfs_bnb_mpi,0.122068,-5,6,37701,"[-1, -2, 1, 1, -2, -1, -1, -1, 2, 2, 2, 1, 2, 1, 2, 1, -2, -2, -1]"
458,dfs_bnb_mpi,0.532643,-4,5,153414,"[-1, -1, 2, 1, 1, 2, 1, 2, 2, 2, 1, -2, -2, -2, -2, -1, -2, 1, 1]"
459,dfs_bnb_mpi,1.40903,-5,6,457326,"[-1, -1, 2, 1, 1, 2, 2, 2, 2, 1, -2, -2, -2, 1, 1, -2, -1, -1, -2]"
460,dfs_bnb_mpi,0.475151,-6,7,145784,"[-1, -1, 2, 1, 2, -1, -1, 2, 1, 1, 2, 1, 1, -2, -1, -2, 1, -2, -1]"
461,dfs_bnb_mpi,1.17545,-5,6,375706,"[-1, -1, 2, 2, 2, 1, -2, -2, 1, 2, 2, 2, 1, -2, -2, -2, 1, -2, -1]"
462,dfs_bnb_mpi,2.45739,-5,6,750173,"[-1, -1, 2, 2, -1, -1, -1, 2, 2, 1, -2, 1, 2, 1, -2, 1, -2, -2, 1]"
463,dfs_bnb_mpi,0.012546,-6,7,3814,"[-1, -2, -1, 2, -1, 2, 1, 1, 1, 1, 2, -1, -1, 2, 2, -1, -2, -2, -1]"
464,dfs_bnb_mpi,4.8537,-4,5,1473574,"[-1, -1, 2, 2, 1, 2, 2, 2, -1, -2, -2, -1, -1, -2, -1, -2, 1, 1, 2]"
465,dfs_bnb_mpi,0.093982,-4,4,29615,"[-1, -1, -1, 2, 1, 1, 2, 2, 1, -2, -2, 1, 1, 1, 2, -1, -1, 2, 2]"
466,dfs_bnb_mpi,1.98798,-4,5,520462,"[-1, -2, 1, 1, 2, 2, 2, 2, 1, -2, -2, -2, -2, -2, -1, -2, -1, 2, -1]"
467,dfs_bnb_mpi,0.088677,-4,5,26373,"[-1, -2, 1, -2, -1, -2, -1, -1, 2, 1, 2, 2, 2, 1, 2, 2, 2, 2, 2]"
468,dfs_bnb_mpi,0.000175,-2,3,45,"[-1, -1, 2, 2, 2, 2, 2, 2, 2, 2, 2, 2, 2, 1, 1, -2, -1, -2, 1]"
469,dfs_bnb_mpi,5.90237,-5,6,1869109,"[-1, -1, 2, 1, 2, 2, 2, 1, -2, 1, 2, 1, -2, -2, -2, -1, 2, -1, -2]"
470,dfs_bnb_mpi,9.19823,-5,6,2211420,"[-1, -1, 2, 2, 2, 2, 2, 1, 1, 2, -1, -1, 2, -1, -2, -2, -1, -2, 1]"
471,dfs_bnb_mpi,0.040681,-5,6,10611,"[-1, -1, 2, 1, 2, -1, -1, 2, -1, -2, -2, 1, -2, -2, -1, 2, -1, 2, 2]"
472,dfs_bnb_mpi,2.28596,-5,6,689981,"[-1, -1, 2, 2, 2, -1, -1, -1, -2, 1, 1, -2, -2, -1, 2, -1, -1, 2, 2]"
473,dfs_bnb_mpi,0.006058,-6,6,1864,"[-1, -1, 2, 1, 1, 2, 1, -2, -2, 1, -2, -1, -2, -2, -1, 2, 2, -1, -1]"
474,dfs_bnb_mpi,0.64973,-4,5,181751,"[-1, -1, 2, 2, 2, 2, -1, -2, -2, -2, -1, -1, -2, -2, 1, 2, 1, -2, 1]"
475,dfs_bnb_mpi,1.28729,-4,5,339573,"[-1, -1, 2, 2, 2, 2, -1, -1, -2, -1, -2, -2, 1, 2, 1, -2, -2, -1, -1]"
476,dfs_bnb_mpi,0.369277,-6,7,109684,"[-1, -1, 2, 2, 2, -1, -2, -2, -1, -2, -1, 2, -1, 2, 2, 1, -2, 1, 2]"
477,dfs_bnb_mpi,0.004648,-4,5,1481,"[-1, -2, 1, 1, 2, 2, 1, -2, -2, -2, -1, -1, -1, -1, 2, 2, 2, 2, 2]"
478,dfs_bnb_mpi,0.410145,-6,7,128229,"[-1, -1, 2, 2, 2, 1, -2, -2, 1, 1, 2, 1, -2, 1, -2, -1, -2, -1, 2]"
479,dfs_bnb_mpi,3.39337,-5,6,974327,"[-1, -1, 2, 2, 2, -1, 2, -1, -2, -1, -1, -2, 1, 1, 1, -2, -1, -2, 1]"
480,dfs_bnb_mpi,0.609466,-6,7,191985,"[-1, -2, 1, -2, 1, 2, 2, 1, 2, 2, 2, -1, -1, -2, 1, -2, -1, -1, 2]"
481,dfs_bnb_mpi,0.189671,-4,5,46760,"[-1, -1, 2, 2, 2, 2, 1, 1, 1, -2, -1, -1, -2, 1, 1, 1, 2, 2, 2]"
482,dfs_bnb_mpi,0.358506,-6,7,115774,"[-1, -1, 2, 1, 1, 1, -2, 1, -2, -1, -2, 1, 1, -2, -1, -1, -1, 2, 2]"
483,dfs_bnb_mpi,2.27319,-5,6,711020,"[-1, -1, 2, 2, 1, 1, -2, 1, 2, 2, 2, 1, -2, -2, -2, -2, -1, -2, -1]"
484,dfs_bnb_mpi,0.829055,-4,5,241511,"[-1, -1, 2, 2, 2, 2, 2, -1, -2, -2, -1, -2, 1, -2, -2, -2, 1, 1, 1]"
485,dfs_bnb_mpi,0.023757,-4,5,6900,"[-1, -1, 2, 2, 2, 1, -2, -2, 1, 1, 2, -1, 2, 2, 2, 2, 2, 2, 2]"
486,dfs_bnb_mpi,0.519481,-5,6,128882,"[-1, -1, 2, 1, 2, -1, 2, 2, -1, -1, -2, -2, 1, -2, -1, -1, 2, 2, 2]"
487,dfs_bnb_mpi,0.351803,-5,6,109440,"[-1, -1, 2, 2, 2, -1, -2, -1, -2, 1, -2, -2, -1, -1, -2, 1, 1, 1, 2]"
488,dfs_bnb_mpi,0.084138,-4,5,25882,"[-1, -1, 2, 2, 1, 2, 2, 2, 2, -1, -2, -2, -2, -1, -2, -1, -2, 1, -2]"
489,dfs_bnb_mpi,3.84835,-4,5,926256,"[-1, -1, 2, 2, 2, 2, 2, -1, -1, -2, -2, -2, 1, -2, -1, -2, -2, 1, 2]"
490,dfs_bnb_mpi,0.002556,-4,5,670,"[-1, -1, 2, 2, 2, 2, 1, -2, 1, 1, -2, -1, -1, -2, 1, 1, 1, 2, 2]"
491,dfs_bnb_mpi,0.32389,-5,6,93674,"[-1, -1, 2, 1, 1, 2, 2, 2, 1, -2, -2, 1, -2, -1, -2, 1, 1, 2, 2]"
492,dfs_bnb_mpi,0.233373,-5,6,74349,"[-1, -1, 2, 1, 2, 2, 2, -1, -2, -2, -1, 2, 2, -1, -2, -2, -2, 1, -2]"
493,dfs_bnb_mpi,0.142576,-6,7,42413,"[-1, -1, 2, -1, -2, -2, 1, 1, -2, 1, 2, 1, 2, 1, 2, -1, -1, 2, 2]"
494,dfs_bnb_mpi,12.9818,-5,6,3971975,"[-1, -2, -1, -2, 1, -2, 1, 2, 1, 1, 2, 2, 2, 2, -1, -2, -2, -2, -1]"
495,dfs_bnb_mpi,0.850214,-5,6,255863,"[-1, -1, 2, 2, 2, 2, 2, 1, 1, 1, -2, 1, -2, -1, -1, 2, -1, -2, -2]"
496,dfs_bnb_mpi,0.021731,-6,7,6979,"[-1, -2, 1, 1, 2, 1, 2, -1, -1, 2, 2, 2, -1, -2, -2, -2, -1, 2, 2]"
497,dfs_bnb_mpi,0.057506,-5,6,16816,"[-1, -1, 2, 2, 2, 1, -2, 1, 2, 2, -1, 2, -1, -2, -1, -2, -1, 2, 2]"
498,dfs_bnb_mpi,1.2971,-4,5,376165,"[-1, -1, -1, 2, 1, 1, 2, 2, 2, 2, -1, 2, 1, 1, -2, -2, -2, -2, -2]"
499,dfs_bnb_mpi,0.404736,-4,4,122074,"[-1, -1, 2, 2, 2, 2, 2, 2, 2, 1, -2, -2, 1, 1, -2, -1, -2, -1, 2]"
500,dfs_bnb_mpi,0.015683,-5,6,4737,"[-1, -1, 2, 2, -1, -1, -2, 1, -2, -1, -1, -2, 1, -2, 1, 2, 1, 1, 1]"
501,dfs_bnb_mpi,2.92994,-3,4,650276,"[-1, -1, 2, 2, 2, 2, 2, 1, 1, -2, -2, 1, -2, -1, -2, 1, 1, 2, 2]"
502,dfs_bnb_mpi,0.402868,-4,5,127499,"[-1, -1, 2, 2, 2, 2, 2, -1, -2, -2, -2, -2, -2, -1, -2, 1, -2, 1, 2]"
503,dfs_bnb_mpi,0.18168,-4,5,56783,"[-1, -1, 2, 2, 2, 1, 1, 2, -1, 2, -1, -2, -1, 2, -1, -2, -2, 1, -2]"
504,dfs_bnb_mpi,0.097966,-5,6,29018,"[-1, -1, 2, 2, 2, 1, 2, 1, -2, -2, -1, -2, 1, 1, 2, 1, 2, -1, 2]"
505,dfs_bnb_mpi,0.329645,-4,5,98218,"[-1, -1, 2, 2, 2, 1, 2, 2, 2, -1, -1, -2, 1, -2, -1, -2, -1, 2, 2]"
506,dfs_bnb_mpi,2.6801,-6,7,785710,"[-1, -1, 2, 1, 2, 1, -2, 1, 2, 2, 1, -2, -2, -2, -1, -2, -2, -1, 2]"
507,dfs_bnb_mpi,0.294496,-4,5,78525,"[-1, -1, 2, 1, 2, 2, 2, 1, -2, -2, -2, 1, -2, -2, -1, -1, -1, -1, 2]"
508,dfs_bnb_mpi,0.573811,-4,5,174571,"[-1, -1, 2, 1, 2, 2, 2, -1, -2, -2, -1, 2, 2, -1, -2, -2, -2, 1, -2]"
509,dfs_bnb_mpi,0.070248,-6,7,19489,"[-1, -2, 1, -2, -2, 1, 2, 2, 1, 2, -1, 2, 2, 2, -1, -2, -2, -1, 2]"
510,dfs_bnb_mpi,0.325181,-5,6,96420,"[-1, -1, 2, 2, 2, -1, -2, -2, -2, -2, -1, -2, 1, 1, 2, 1, 1, 1, 2]"
511,dfs_bnb_mpi,4.40229,-6,7,1197145,"[-1, -2, 1, 1, 2, 2, 2, -1, -1, 2, -1, -2, -1, -2, -2, 1, 2, 1, 1]"
512,dfs_bnb_mpi,0.050322,-4,5,12769,"[-1, -1, 2, 1, 1, 2, 2, 1, -2, -2, -2, 1, -2, -1, -1, -1, -1, -1, 2]"
513,dfs_bnb_mpi,0.017961,-4,5,4642,"[-1, -1, 2, 2, 2, 2, 1, -2, -2, -2, 1, 1, 1, 2, -1, -1, 2, 2, 2]"
514,dfs_bnb_mpi,0.795209,-5,6,237507,"[-1, -1, 2, 2, 2, 1, 2, 2, 2, 1, -2, -2, -2, 1, -2, -1, -2, -1, 2]"
515,dfs_bnb_mpi,0.065196,-4,5,16185,"[-1, -1, 2, 2, 2, 2, 1, -2, -2, -2, 1, 1, 2, -1, 2, 2, 2, 2, 2]"
516,dfs_bnb_mpi,0.168276,-5,6,49329,"[-1, -1, 2, 2, 2, 2, 1, 2, 1, -2, 1, -2, -2, -1, 2, -1, -2, -2, 1]"
517,dfs_bnb_mpi,0.188361,-6,7,50725,"[-1, -1, 2, 2, 1, 2, -1, 2, -1, -2, -1, -2, 1, -2, -1, -1, -2, 1, 1]"
518,dfs_bnb_mpi,0.017203,-5,6,5218,"[-1, -1, 2, 2, 1, -2, 1, 1, 2, -1, 2, 2, -1, -2, -1, 2, 2, 2, 2]"
519,dfs_bnb_mpi,0.031207,-6,7,9968,"[-1, -1, -1, 2, 1, 1, 2, 1, -2, 1, 1, -2, -1, -2, -1, -2, -1, 2, -1]"
520,dfs_bnb_mpi,0.043791,-4,5,13302,"[-1, -1, 2, 2, 2, 1, 2, 1, 1, -2, -1, -2, -1, -2, 1, 1, 2, 1, 2]"
521,dfs_bnb_mpi,8.6275,-5,6,1974325,"[-1, -1, 2, 2, 2, 1, 1, 2, -1, -1, 2, -1, -1, -2, 1, -2, -1, -1, 2]"
522,dfs_bnb_mpi,0.42133,-6,7,132499,"[-1, -2, 1, 1, -2, -1, -2, 1, -2, -1, -1, 2, 2, -1, -1, 2, 2, 1, -2]"
523,dfs_bnb_mpi,0.660344,-6,7,201024,"[-1, -1, 2, 2, -1, -2, -2, -1, -2, 1, 1, -2, 1, 1, -2, -1, -1, -1, 2]"
524,dfs_bnb_mpi,1.26544,-4,5,384485,"[-1, -1, 2, 2, 2, 1, -2, -2, 1, 1, 1, 2, 2, -1, -2, -1, 2, 2, 2]"
525,dfs_bnb_mpi,3.139,-4,5,764039,"[-1, -1, 2, 2, -1, -2, -2, -1, 2, -1, -2, -2, 1, 1, 1, 1, 1, 1, 2]"
526,dfs_bnb_mpi,0.277986,-5,6,85863,"[-1, -2, 1, 1, 1, -2, -1, -2, 1, 1, 2, 2, 2, -1, -1, 2, -1, 2, 2]"
527,dfs_bnb_mpi,2.67157,-4,5,653042,"[-1, -1, 2, 2, 2, 2, 2, 2, 1, -2, -2, 1, -2, -1, -2, -2, 1, 2, 1]"
528,dfs_bnb_mpi,0.261561,-4,5,76385,"[-1, -1, 2, 2, 2, 2, 2, 1, 1, 2, -1, -1, 2, -1, -2, -1, -2, 1, -2]"
529,dfs_bnb_mpi,0.002163,-4,5,653,"[-1, -1, 2, 2, 2, 1, -2, -2, 1, 1, 2, -1, 2, 2, 2, 2, 2, 2, 2]"
530,dfs_bnb_mpi,0.002911,-5,6,776,"[-1, -2, 1, 1, 1, 2, -1, 2, 2, -1, -2, -1, 2, 2, 2, 2, 2, 2, 2]"
531,dfs_bnb_mpi,0.099136,-6,7,28186,"[-1, -2, -1, 2, 2, -1, 2, 1, 1, -2, 1, 2, 1, 2, -1, 2, -1, -2, -1]"
532,dfs_bnb_mpi,0.110948,-4,5,35315,"[-1, -1, 2, 2, -1, -2, -2, -1, -2, -1, -1, -2, 1, 1, 1, 2, 1, 1, 1]"
533,dfs_bnb_mpi,5.17923,-4,5,1420360,"[-1, -1, 2, 2, 1, 2, 2, 2, 2, -1, 2, -1, -2, -2, 1, -2, -2, -1, -2]"
534,dfs_bnb_mpi,0.073974,-4,5,21505,"[-1, -1, 2, 2, -1, 2, -1, -2, -2, 1, -2, -1, -1, 2, -1, 2, 1, 2, 2]"
535,dfs_bnb_mpi,0.153375,-5,6,45444,"[-1, -1, 2, 2, -1, -2, -1, 2, -1, -1, -2, 1, -2, 1, 1, -2, 1, 1, 1]"
536,dfs_bnb_mpi,0.014456,-5,6,4699,"[-1, -2, 1, 1, 1, 2, -1, 2, 2, 2, 2, -1, -2, -2, -2, -1, 2, 2, 2]"
537,dfs_bnb_mpi,0.069759,-4,5,19011,"[-1, -1, 2, 2, 2, 2, 1, -2, -2, 1, 2, 2, 2, -1, 2, 2, 2, 2, 2]"
538,dfs_bnb_mpi,3.01766,-5,6,822024,"[-1, -1, 2, 2, 2, 1, 2, -1, 2, 2, -1, -1, -2, 1, -2, -1, -2, 1, -2]"
539,dfs_bnb_mpi,0.012511,-4,5,4114,"[-1, -1, 2, 1, 2, 1, 1, -2, -2, -2, -1, -2, -1, 2, -1, -1, 2, 2, 2]"
540,dfs_bnb_mpi,0.025285,-5,6,8074,"[-1, -2, 1, 1, 1, -2, -1, -1, -2, -2, -1, 2, 2, -1, 2, 2, 2, 2, 2]"
541,dfs_bnb_mpi,7.49521,-5,6,1849448,"[-1, -1, 2, 2, 2, 1, 2, 2, 2, 1, -2, -2, -2, 1, -2, -1, -2, -1, 2]"
542,dfs_bnb_mpi,1.40439,-5,6,408355,"[-1, -1, 2, 1, 1, 2, 1, 2, -1, -1, 2, 2, -1, -2, -2, -1, -2, 1, 1]"
543,dfs_bnb_mpi,0.331426,-5,6,86336,"[-1, -1, 2, -1, 2, -1, 2, 2, 2, -1, -2, -2, -2, -2, 1, -2, -2, 1, 2]"
544,dfs_bnb_mpi,5.67413,-3,4,1785607,"[-1, -1, 2, 2, 2, 2, 1, 1, -2, -2, 1, 2, 1, -2, -2, -1, -1, -1, 2]"
545,dfs_bnb_mpi,0.013929,-6,7,4537,"[-1, -1, 2, -1, -2, -1, -2, -1, -2, 1, 1, 2, 1, -2, -2, 1, 2, 2, 1]"
546,dfs_bnb_mpi,3.18455,-6,7,885697,"[-1, -1, -1, 2, 1, 2, -1, -1, 2, 1, 1, 2, 1, -2, 1, -2, -1, -2, 1]"
547,dfs_bnb_mpi,0.079419,-5,6,22265,"[-1, -2, 1, 1, 2, 1, -2, -2, -1, -1, -1, -1, -2, 1, 1, 1, 1, 1, 2]"
548,dfs_bnb_mpi,0.117324,-5,5,36359,"[-1, -2, 1, 1, 2, 2, -1, 2, 2, -1, -2, -2, -1, 2, -1, -2, -2, 1, -2]"
549,dfs_bnb_mpi,0.124631,-5,5,39170,"[-1, -1, 2, 1, 1, 2, 2, 2, 2, -1, -2, -2, -2, -1, -1, 2, 1, 2, 2]"
550,dfs_bnb_mpi,20.184,-3,4,4686427,"[-1, -1, 2, 2, 2, 2, 2, 2, 2, 1, -2, -2, -2, -2, -2, -2, 1, 2, 2]"
551,dfs_bnb_mpi,8.6146,-5,6,2474160,"[-1, -1, 2, 1, 1, 2, 2, 1, 2, 1, 1, -2, -2, -2, -1, -1, 2, 1, 2]"
552,dfs_bnb_mpi,2.66198,-4,5,831886,"[-1, -1, 2, 2, 1, 2, 2, -1, -2, -1, -1, -2, -1, -1, -2, 1, 1, 1, 2]"
553,dfs_bnb_mpi,0.639127,-3,4,146759,"[-1, -1, 2, 2, 2, 2, 2, 2, 2, 1, 2, 1, -2, -2, -1, -2, 1, 1, 2]"
554,dfs_bnb_mpi,0.075069,-5,6,23958,"[-1, -2, 1, 1, -2, -1, -1, -1, 2, 2, 2, 1, 1, 1, -2, 1, 2, 2, 2]"
555,dfs_bnb_mpi,0.142795,-5,6,44497,"[-1, -1, 2, 1, 2, -1, 2, -1, -1, -1, -2, -2, -2, 1, 1, 2, -1, 2, 1]"
556,dfs_bnb_mpi,0.013817,-5,6,3857,"[-1, -1, 2, 2, 1, 2, -1, -1, -2, -1, -2, 1, -2, -1, -1, 2, 2, 2, 2]"
557,dfs_bnb_mpi,0.550221,-6,7,160154,"[-1, -1, 2, 1, 2, -1, 2, -1, -2, -1, -2, 1, -2, -1, -1, 2, 2, -1, -2]"
558,dfs_bnb_mpi,3.34055,-5,6,1038963,"[-1, -1, 2, 2, -1, -2, -1, -2, -1, -2, 1, -2, 1, 1, 1, 2, -1, -1, 2]"
559,dfs_bnb_mpi,1.85922,-4,5,518236,"[-1, -1, 2, 2, 2, 1, 2, 2, 2, 1, 2, -1, -1, -2, -2, -2, -1, -2, -1]"
560,dfs_bnb_mpi,0.295778,-2,3,92211,"[-1, -1, 2, 2, 2, 2, 2, 2, 2, 2, 2, 1, -2, 1, -2, -1, -2, 1, 1]"
561,dfs_bnb_mpi,0.380799,-4,5,122861,"[-1, -1, 2, 2, -1, -1, -2, 1, -2, -2, 1, 1, -2, -1, -1, -1, 2, 2, -1]"
562,dfs_bnb_mpi,0.02835,-6,7,8747,"[-1, -1, 2, 1, 1, 2, 1, 2, 1, 2, 1, -2, -2, -1, -2, -1, -2, 1, 1]"
563,dfs_bnb_mpi,0.756242,-6,7,241384,"[-1, -1, 2, 1, 2, 1, -2, 1, 1, -2, 1, 1, -2, -1, -1, -2, -1, 2, 2]"
564,dfs_bnb_mpi,0.0656,-4,4,18836,"[-1, -1, 2, 2, 2, 1, -2, 1, 1, 2, -1, 2, 2, -1, -2, -1, 2, 2, 2]"
565,dfs_bnb_mpi,10.3301,-5,6,3273588,"[-1, -2, 1, 1, 2, 1, -2, -2, -1, -1, -2, 1, -2, -1, -1, 2, 2, -1, 2]"
566,dfs_bnb_mpi,0.064928,-5,6,18838,"[-1, -1, 2, 2, 1, 1, 2, -1, 2, -1, -2, -1, -2, -1, -1, -2, 1, 1, -2]"
567,dfs_bnb_mpi,18.8782,-4,5,4696436,"[-1, -1, 2, 2, 2, 2, 2, 1, 2, 2, 1, -2, 1, 1, -2, -1, -1, -2, -1]"
568,dfs_bnb_mpi,0.073974,-5,6,20131,"[-1, -1, 2, 2, 2, 2, 1, 2, 1, -2, 1, -2, -1, -1, -2, 1, 1, 1, 2]"
569,dfs_bnb_mpi,40.1444,-4,5,12589315,"[-1, -1, 2, 2, 2, 2, 2, 1, -2, -2, -2, -2, 1, 2, 2, 1, -2, -2, -2]"
570,dfs_bnb_mpi,0.286932,-6,7,89064,"[-1, -1, 2, 2, 2, -1, -2, -2, -1, 2, -1, -2, -1, -2, 1, 1, -2, 1, 2]"
571,dfs_bnb_mpi,7.73092,-3,4,1775759,"[-1, -1, 2, 2, 2, 2, 2, 2, 2, 2, 2, 1, -2, -2, 1, -2, -1, -2, 1]"
572,dfs_bnb_mpi,0.323406,-4,5,98925,"[-1, -1, 2, 2, 2, 2, 2, 1, 2, -1, 2, 2, -1, -2, -1, -2, 1, -2, -1]"
573,dfs_bnb_mpi,0.03291,-4,5,9287,"[-1, -1, 2, 2, 2, 1, 2, -1, 2, -1, -1, -2, 1, -2, -1, -1, 2, 2, 2]"
574,dfs_bnb_mpi,6.47579,-5,6,1800859,"[-1, -1, 2, 2, 2, 2, 2, 2, 1, 2, 1, -2, 1, -2, -2, -1, 2, -1, -2]"
575,dfs_bnb_mpi,0.449565,-5,6,131039,"[-1, -1, 2, 2, 2, 1, 1, -2, -2, 1, -2, -2, -1, -1, -1, -1, -1, 2, 1]"
576,dfs_bnb_mpi,0.475779,-4,5,144794,"[-1, -1, 2, 2, 2, 1, 2, -1, 2, -1, -2, -1, 2, -1, -2, -2, 1, 1, -2]"
577,dfs_bnb_mpi,0.835843,-2,3,259473,"[-1, -1, 2, 2, 2, 2, 2, 2, 2, 2, 2, 2, 1, -2, 1, -2, -1, -2, 1]"
578,dfs_bnb_mpi,0.392904,-6,7,125073,"[-1, -2, -1, 2, 2, 1, 1, 1, 1, -2, -1, -2, 1, 1, -2, -1, -1, -1, 2]"
579,dfs_bnb_mpi,2.91835,-2,3,872039,"[-1, -1, 2, 2, 2, 2, 2, 2, 2, 2, 1, 2, 2, 2, -1, -2, -2, -1, -2]"
580,dfs_bnb_mpi,0.065841,-6,7,18972,"[-1, -2, -1, 2, -1, -1, 2, 1, 1, 1, 2, 1, 2, -1, 2, -1, -2, -2, -1]"
581,dfs_bnb_mpi,0.129728,-5,6,40254,"[-1, -2, 1, 1, 2, 1, -2, -2, -1, -1, -2, -2, -1, 2, 2, -1, 2, 2, 2]"
582,dfs_bnb_mpi,0.051923,-5,6,16272,"[-1, -1, 2, 2, 1, -2, 1, 2, 2, -1, -1, -1, 2, -1, -2, -2, 1, -2, -1]"
583,dfs_bnb_mpi,0.112119,-5,6,35047,"[-1, -1, 2, 1, 2, -1, -1, -2, -1, 2, 2, 1, 2, 1, -2, 1, 2, 2, 2]"
584,dfs_bnb_mpi,1.15352,-4,5,284881,"[-1, -1, 2, 2, 1, -2, 1, 2, 2, 1, 1, -2, -2, -1, -2, 1, 1, 2, 2]"
585,dfs_bnb_mpi,3.27539,-4,5,961960,"[-1, -1, 2, 2, 2, 2, 2, 2, 2, 1, 1, -2, -1, -2, -2, 1, 2, 1, 2]"
586,dfs_bnb_mpi,2.77834,-3,4,693046,"[-1, -1, 2, 2, 2, 2, 2, 2, 2, 2, 1, -2, -2, -2, -2, -2, -2, 1, 2]"
587,dfs_bnb_mpi,15.558,-5,6,4860407,"[-1, -1, 2, 2, 2, 1, 1, -2, 1, 2, 2, 1, -2, -2, -2, -1, -1, -1, 2]"
588,dfs_bnb_mpi,13.2635,-6,7,4192770,"[-1, -2, -1, -2, 1, -2, 1, 1, -2, -1, -2, 1, 1, 2, 2, 2, -1, -1, 2]"
589,dfs_bnb_mpi,1.31615,-4,5,305085,"[-1, -1, 2, 2, 2, 2, 1, 2, 2, 1, -2, -2, -2, -1, -2, 1, 1, 2, 2]"
590,dfs_bnb_mpi,0.164114,-4,5,45396,"[-1, -1, 2, 2, 2, 2, 1, -2, -2, -2, 1, 2, 2, 1, -2, 1, 2, 2, 2]"
591,dfs_bnb_mpi,3.07224,-5,6,748546,"[-1, -1, 2, 2, 2, 2, 2, 2, 1, 2, -1, 2, 2, -1, -2, -2, -1, -2, 1]"
592,dfs_bnb_mpi,0.065391,-2,3,19911,"[-1, -1, 2, 2, 2, 2, 2, 2, 2, 1, 2, 2, -1, -2, -1, -2, -1, 2, 2]"
593,dfs_bnb_mpi,0.187857,-4,5,52299,"[-1, -1, 2, 2, 2, 2, 2, 1, -2, -2, -2, 1, 2, 1, 1, 2, -1, -1, 2]"
594,dfs_bnb_mpi,0.041383,-5,6,12581,"[-1, -1, 2, 1, 1, 2, 2, 1, -2, 1, 2, 2, -1, -1, -1, -2, -2, -1, 2]"
595,dfs_bnb_mpi,0.112543,-5,6,36142,"[-1, -1, 2, 2, 1, -2, 1, 2, 1, -2, -2, -2, -1, -2, -2, -1, 2, 2, -1]"
596,dfs_bnb_mpi,0.052437,-5,6,16354,"[-1, -1, 2, 1, 1, 1, 2, 1, -2, -2, -1, -2, -1, -1, -1, -1, 2, 2, 2]"
597,dfs_bnb_mpi,0.500289,-4,5,143792,"[-1, -1, 2, 2, 2, 2, 2, 1, 1, -2, -2, -1, -2, -2, 1, 2, 1, 2, 2]"
598,dfs_bnb_mpi,0.025769,-4,4,7298,"[-1, -1, 2, 2, 1, -2, 1, 1, 2, -1, 2, 2, -1, -2, -1, 2, 2, 2, 2]"
599,dfs_bnb_mpi,3.70146,-5,6,855563,"[-1, -1, 2, 2, 1, 2, 2, 2, 2, -1, -1, -2, -2, 1, -2, -1, -1, -2, 1]"
600,dfs_bnb_mpi,0.571091,-5,6,169181,"[-1, -1, 2, -1, -2, -1, 2, 2, -1, -2, -2, -2, 1, -2, -2, 1, 2, 2, 1]"
601,dfs_bnb_mpi,0.218588,-4,5,68867,"[-1, -1, 2, 2, 2, 2, 2, 1, -2, -2, -2, -2, 1, 2, 1, 2, 2, -1, -2]"
602,dfs_bnb_mpi,4.09071,-6,7,1064578,"[-1, -1, 2, 2, -1, -2, -2, -1, -1, -2, 1, 1, -2, 1, 1, 1, 2, -1, -1]"
603,dfs_bnb_mpi,0.257972,-4,5,67809,"[-1, -1, 2, 2, 2, 2, 2, 1, 1, 1, -2, -1, -1, -2, -2, 1, 2, 1, 1]"
604,dfs_bnb_mpi,0.130679,-5,6,39963,"[-1, -1, 2, 1, 2, 2, 2, 1, -2, -2, -2, 1, -2, -2, -1, -1, -1, -1, 2]"
605,dfs_bnb_mpi,0.086788,-4,5,24135,"[-1, -1, 2, 2, 2, 2, 1, 2, -1, 2, -1, -1, -2, 1, -2, -1, -1, 2, 2]"
606,dfs_bnb_mpi,0.081402,-5,6,25037,"[-1, -1, 2, -1, 2, 2, 2, -1, -2, -2, -1, -2, 1, -2, 1, -2, 1, 1, 1]"
607,dfs_bnb_mpi,1.44791,-4,5,459670,"[-1, -1, 2, 1, 2, 2, -1, -2, -1, 2, 2, 2, -1, -2, -2, -2, -2, 1, -2]"
608,dfs_bnb_mpi,0.080736,-5,5,25580,"[-1, -2, 1, 1, 2, 2, 2, 2, 1, -2, -2, 1, 2, 1, -2, -2, -1, -1, -2]"
609,dfs_bnb_mpi,0.278471,-5,6,90342,"[-1, -1, 2, 2, 1, 1, -2, 1, 1, -2, -1, -2, -1, -1, -2, -1, 2, -1, 2]"
610,dfs_bnb_mpi,0.171999,-4,5,49984,"[-1, -1, 2, 1, 2, 2, 2, -1, -1, -2, 1, -2, -1, -1, -1, -2, 1, 1, -2]"
611,dfs_bnb_mpi,0.000819,-3,4,197,"[-1, -1, 2, 2, 2, 2, 2, 2, 2, 2, 2, 2, 2, 1, 1, -2, -2, -1, 2]"
612,dfs_bnb_mpi,0.013849,-5,6,4007,"[-1, -1, 2, 1, 1, 2, 1, 2, -1, 2, -1, -2, -2, -1, 2, 2, 2, 2, 2]"
613,dfs_bnb_mpi,4.39719,-5,6,1279304,"[-1, -2, -1, 2, 2, 2, 2, 2, 1, -2, 1, -2, -1, -2, 1, 1, -2, -2, -1]"
614,dfs_bnb_mpi,11.1774,-5,6,3468165,"[-1, -1, 2, 1, 1, 2, 2, 2, 1, -2, -2, 1, 1, -2, -2, -1, -1, 2, 1]"
615,dfs_bnb_mpi,0.010864,-5,6,3494,"[-1, -1, 2, 1, 1, 2, 1, -2, -2, -2, -1, -1, -2, -2, -1, 2, 2, -1, 2]"
616,dfs_bnb_mpi,0.129017,-5,5,39074,"[-1, -1, 2, 2, 2, -1, -2, -2, -1, 2, -1, -2, -2, 1, 1, -2, 1, 1, 1]"
617,dfs_bnb_mpi,0.888534,-5,5,277095,"[-1, -2, -1, 2, 2, 1, 1, 2, 1, -2, -2, -2, 1, 1, -2, -1, -1, -1, 2]"
618,dfs_bnb_mpi,0.277635,-4,5,85476,"[-1, -1, 2, 1, 2, 1, 2, 2, -1, -2, -1, -2, -1, 2, -1, -2, -2, 1, -2]"
619,dfs_bnb_mpi,0.595934,-6,7,148236,"[-1, -1, 2, 2, 2, -1, -2, -2, -2, -1, -2, 1, 1, 1, -2, -1, -2, -1, 2]"
620,dfs_bnb_mpi,2.87846,-2,3,894517,"[-1, -1, 2, 2, 2, 2, 2, 1, -2, 1, 2, 2, 2, -1, -1, -1, -2, -2, -2]"
621,dfs_bnb_mpi,1.04083,-4,5,281939,"[-1, -1, 2, 2, 1, -2, 1, 2, 1, 2, 2, -1, -2, -1, 2, 2, 1, 2, 2]"
622,dfs_bnb_mpi,0.135847,-4,5,40920,"[-1, -1, 2, 1, 1, 1, -2, -2, -1, -1, -1, -2, -2, 1, 2, 1, 1, 1, 2]"
623,dfs_bnb_mpi,1.30447,-2,3,395868,"[-1, -1, 2, 2, 2, 2, 1, -2, 1, 2, 2, 2, -1, -1, -1, -2, -2, -2, -1]"
624,dfs_bnb_mpi,0.015339,-6,7,4324,"[-1, -2, 1, -2, 1, 2, 1, 2, -1, 2, 2, 2, -1, -2, -2, -1, 2, 2, 2]"
625,dfs_bnb_mpi,0.555489,-2,3,167366,"[-1, -1, 2, 2, 2, 2, 2, 2, 2, 2, 2, 2, 2, 1, 2, -1, -1, -2, -1]"
626,dfs_bnb_mpi,0.261093,-4,4,83933,"[-1, -1, 2, 2, 1, -2, 1, 2, 2, 1, -2, -2, 1, 2, 1, -2, -2, -1, -1]"
627,dfs_bnb_mpi,0.146663,-4,5,46389,"[-1, -1, 2, 2, 2, 2, 1, 2, 2, 1, -2, -2, 1, 1, -2, -1, -1, -1, -2]"
628,dfs_bnb_mpi,4.82785,-5,6,1435756,"[-1, -2, 1, 1, 2, 2, 2, 2, -1, -1, -1, -2, -2, -2, -2, -2, 1, 1, 1]"
629,dfs_bnb_mpi,0.701982,-6,7,218084,"[-1, -2, -2, 1, 2, 1, 2, 1, 2, 2, 2, -1, -2, -2, -1, 2, -1, -2, -1]"
630,dfs_bnb_mpi,0.616702,-4,5,193431,"[-1, -1, 2, 2, 1, -2, 1, 1, -2, -2, -1, -2, -2, -1, 2, 2, -1, -1, 2]"
631,dfs_bnb_mpi,0.023577,-4,5,7445,"[-1, -1, 2, -1, -2, -2, 1, 1, 1, 1, 2, 2, -1, -1, 2, 2, 2, 2, 2]"
632,dfs_bnb_mpi,0.427237,-5,6,122345,"[-1, -1, 2, 1, 2, 2, 2, -1, -1, -2, -2, -2, -2, -2, 1, -2, 1, 2, 1]"
633,dfs_bnb_mpi,0.04426,-4,5,13718,"[-1, -1, 2, 1, 1, 2, 1, -2, -2, 1, 2, 1, -2, -2, -1, -1, -1, -1, -1]"
634,dfs_bnb_mpi,0.321396,-4,5,99710,"[-1, -1, 2, 2, 2, 1, -2, -2, 1, 1, 1, 2, 2, -1, -2, -1, 2, 2, 2]"
635,dfs_bnb_mpi,0.171395,-4,5,45528,"[-1, -1, 2, 2, 1, -2, 1, 1, -2, -2, -1, -1, -1, -1, -2, 1, 1, 1, 1]"
636,dfs_bnb_mpi,3.70709,-3,3,913859,"[-1, -1, 2, 2, 2, 2, 2, 2, 2, 2, 2, 2, 1, -2, -2, 1, -2, -1, -2]"
637,dfs_bnb_mpi,0.006606,-4,5,1905,"[-1, -1, 2, 2, 2, 1, 2, -1, 2, -1, -1, -2, 1, -2, -1, -1, 2, 2, 2]"
638,dfs_bnb_mpi,0.961271,-6,7,274297,"[-1, -1, 2, 1, 2, 1, 2, 2, 2, -1, -2, -2, -1, -2, -1, -2, -1, -2, 1]"
639,dfs_bnb_mpi,0.283894,-4,5,80018,"[-1, -1, 2, 2, 1, -2, 1, 1, -2, -2, -2, -1, 2, -1, -1, -1, 2, 2, 2]"
640,dfs_bnb_mpi,0.012263,-6,7,3858,"[-1, -1, 2, 2, 1, -2, 1, 2, 2, -1, -1, -1, -2, -1, -1, -2, 1, 1, -2]"
641,dfs_bnb_mpi,0.509153,-4,5,139498,"[-1, -1, 2, 2, 2, -1, -1, -2, 1, -2, -2, -1, 2, -1, 2, 2, 2, 2, 2]"
642,dfs_bnb_mpi,0.376008,-4,5,112084,"[-1, -1, 2, 1, 2, 1, 2, 2, 2, -1, -2, -2, -1, -2, -1, -1, -2, 1, -2]"
643,dfs_bnb_mpi,2.50039,-4,5,690129,"[-1, -1, 2, 2, 2, 2, 2, -1, -2, -2, -2, -2, -2, -1, -2, 1, -2, 1, 2]"
644,dfs_bnb_mpi,0.010575,-5,6,3387,"[-1, -2, 1, 1, 2, 2, -1, 2, 2, -1, -2, -2, -1, -2, -2, -1, 2, 2, 2]"
645,dfs_bnb_mpi,0.922339,-5,6,254297,"[-1, -1, 2, -1, -2, -2, 1, 1, 1, 1, -2, -1, -2, -1, 2, -1, -2, -1, 2]"
646,dfs_bnb_mpi,3.23854,-6,7,782494,"[-1, -1, 2, 2, 2, -1, -2, -2, -2, -1, -2, 1, -2, 1, 2, 1, -2, -2, -1]"
647,dfs_bnb_mpi,2.39039,-3,4,729848,"[-1, -1, 2, 2, 2, 2, 2, 2, 2, 1, -2, 1, 2, 1, -2, -2, -1, -1, -2]"
648,dfs_bnb_mpi,0.002718,-3,4,705,"[-1, -1, 2, -1, -2, -1, 2, 2, -1, -2, -1, 2, 2, 2, 2, 2, 2, 2, 2]"
649,dfs_bnb_mpi,0.077945,-4,5,24453,"[-1, -1, 2, 1, 2, 2, 1, 1, -2, -2, 1, -2, -1, -2, -1, -1, -1, -1, 2]"
650,dfs_bnb_mpi,1.82147,-6,7,566778,"[-1, -1, 2, -1, -2, -2, -1, 2, 2, 2, -1, -2, -2, -2, -2, 1, 1, 1, 2]"
651,dfs_bnb_mpi,0.079337,-5,6,24750,"[-1, -2, 1, 1, 2, 1, 2, 2, -1, -2, -1, 2, -1, -1, -2, -2, -2, -1, 2]"
652,dfs_bnb_mpi,0.028389,-5,6,8987,"[-1, -2, -2, -1, 2, -1, 2, 1, 2, 1, 2, 2, 2, 1, -2, -2, -2, 1, 2]"
653,dfs_bnb_mpi,0.031292,-4,5,10075,"[-1, -2, 1, 1, 1, -2, 1, 1, -2, -1, -1, -1, 2, -1, -1, -1, 2, 2, 2]"
654,dfs_bnb_mpi,2.20474,-5,6,673029,"[-1, -1, 2, 2, 1, 2, -1, 2, 2, -1, -2, -1, -1, -2, 1, 1, -2, -1, -1]"
655,dfs_bnb_mpi,0.287489,-4,5,77985,"[-1, -1, 2, 1, 2, 2, 2, 2, 1, -2, -2, 1, -2, -1, -2, 1, 1, 2, 2]"
656,dfs_bnb_mpi,0.015847,-4,5,4909,"[-1, -1, 2, 2, 2, 2, 2, 2, 1, -2, 1, -2, -1, -2, -2, -2, 1, 2, 2]"
657,dfs_bnb_mpi,3.2216,-5,6,1003544,"[-1, -1, 2, 2, -1, -2, -1, -2, 1, -2, 1, 1, 1, -2, -1, -1, -1, -1, 2]"
658,dfs_bnb_mpi,2.08734,-4,4,653469,"[-1, -1, 2, 2, 2, 2, -1, -2, -2, -1, 2, -1, -2, -2, 1, 1, -2, -1, -1]"
659,dfs_bnb_mpi,0.181525,-4,5,51446,"[-1, -1, 2, 2, 2, 1, 2, -1, 2, 2, -1, -2, -2, -1, -2, 1, -2, -1, -1]"
660,dfs_bnb_mpi,1.6588,-4,5,510341,"[-1, -1, 2, 2, 2, 2, -1, 2, 2, 1, -2, 1, -2, 1, -2, -2, -2, 1, -2]"
661,dfs_bnb_mpi,5.75773,-4,5,1665147,"[-1, -1, 2, 2, 2, 2, 2, 2, 2, 1, 2, 2, 1, -2, -2, -2, -1, -2, 1]"
662,dfs_bnb_mpi,0.158962,-5,6,49211,"[-1, -1, -1, 2, 2, 2, 1, -2, -2, 1, 1, 1, 2, -1, -1, 2, 2, 2, 2]"
663,dfs_bnb_mpi,2.49336,-5,6,741263,"[-1, -1, 2, 2, 2, -1, 2, 2, -1, -2, -2, -1, -2, -2, 1, 2, 1, -2, -2]"
664,dfs_bnb_mpi,6.14292,-2,3,1849461,"[-1, -1, 2, 2, 2, 2, 2, 2, 2, 1, -2, 1, 2, 2, -1, -1, -1, -2, -2]"
665,dfs_bnb_mpi,1.53218,-5,6,445285,"[-1, -1, 2, 2, -1, -2, -2, -2, 1, -2, 1, 2, 1, -2, 1, -2, -1, -1, -1]"
666,dfs_bnb_mpi,0.312617,-4,5,100096,"[-1, -1, 2, 1, 1, 2, 2, 2, 2, 2, 1, -2, -2, -2, 1, -2, -1, -2, 1]"
667,dfs_bnb_mpi,8.81094,-6,7,2329697,"[-1, -2, -2, -1, 2, 2, -1, 2, -1, 2, 2, 2, 1, -2, -2, 1, 1, -2, -1]"
668,dfs_bnb_mpi,1.62512,-5,6,413655,"[-1, -1, -1, 2, 1, 1, 2, 2, 2, 1, -2, -2, -2, 1, 2, 1, -2, -2, -1]"
669,dfs_bnb_mpi,0.311521,-4,5,95571,"[-1, -1, 2, 2, 2, -1, -2, -2, -2, -1, -2, -1, -2, 1, 1, 2, 1, 1, 1]"
670,dfs_bnb_mpi,0.17868,-5,6,56216,"[-1, -1, 2, 2, 2, 1, -2, 1, -2, 1, -2, -2, -1, -1, -1, -1, 2, 2, 2]"
671,dfs_bnb_mpi,0.863276,-5,6,278315,"[-1, -1, 2, 1, 2, 1, 2, -1, 2, 1, 1, -2, -2, 1, 1, -2, -1, -1, -1]"
672,dfs_bnb_mpi,0.006981,-5,6,2138,"[-1, -1, 2, -1, -2, -1, 2, -1, 2, 1, 2, 2, 1, -2, -2, 1, 2, 2, 2]"
673,dfs_bnb_mpi,0.628167,-5,6,196697,"[-1, -1, 2, 2, 2, 1, 2, 1, -2, -2, 1, 2, 1, -2, -2, -1, -1, -1, 2]"
674,dfs_bnb_mpi,0.571238,-5,6,183436,"[-1, -1, 2, 1, 2, -1, 2, 1, 1, -2, 1, 2, 2, 1, -2, -2, -2, -1, -1]"
675,dfs_bnb_mpi,0.179214,-4,4,55817,"[-1, -1, 2, 2, 2, 2, 2, 1, -2, -2, -2, 1, 2, 2, 1, 2, -1, 2, 2]"
676,dfs_bnb_mpi,0.655398,-5,6,208644,"[-1, -2, 1, 1, 2, 2, -1, 2, -1, -1, -2, -2, -2, -1, -1, -2, 1, 1, 1]"
677,dfs_bnb_mpi,0.014307,-5,6,4135,"[-1, -1, 2, 2, 2, 2, 2, 2, 1, 1, 1, -2, -2, -1, -2, -1, 2, 2, 1]"
678,dfs_bnb_mpi,0.228332,-6,7,66512,"[-1, -1, 2, 2, -1, -2, -2, -1, -2, -1, 2, 2, -1, 2, 1, 2, 1, -2, -2]"
679,dfs_bnb_mpi,3.13861,-5,6,949701,"[-1, -1, 2, -1, -2, -1, -1, -2, -1, 2, -1, -2, -2, 1, 1, 1, 1, 2, -1]"
680,dfs_bnb_mpi,4.96467,-2,3,1409105,"[-1, -1, 2, 2, 2, 2, 1, 2, 2, 2, 2, 2, -1, -2, -2, -2, -2, -1, -2]"
681,dfs_bnb_mpi,5.85896,-5,6,1816228,"[-1, -1, 2, 1, 2, -1, 2, 2, -1, -2, -2, -1, -1, -2, 1, 1, -2, -1, -1]"
682,dfs_bnb_mpi,0.000367,-2,3,93,"[-1, -1, 2, 2, 2, 2, 2, 2, 2, 2, 2, 1, -2, 1, -2, -1, -2, 1, 1]"
683,dfs_bnb_mpi,0.059084,-4,5,17831,"[-1, -1, 2, 2, 2, 1, 1, -2, -1, -2, 1, 1, 2, 2, 1, -2, 1, 2, 2]"
684,dfs_bnb_mpi,0.008954,-5,6,2810,"[-1, -1, 2, -1, 2, 2, -1, -2, -1, -1, -2, 1, 1, -2, 1, -2, 1, 1, 1]"
685,dfs_bnb_mpi,1.21685,-6,7,390100,"[-1, -2, 1, 1, 1, 2, -1, 2, 1, 1, -2, -2, -2, -1, -1, -1, -2, -1, 2]"
686,dfs_bnb_mpi,0.354113,-4,5,107371,"[-1, -1, 2, 2, 2, 1, 2, -1, 2, -1, -2, -1, -1, -2, 1, 1, -2, -1, -1]"
687,dfs_bnb_mpi,0.04143,-6,7,12670,"[-1, -1, 2, 1, 2, 2, 2, -1, -2, -2, -1, -2, -1, -2, 1, -2, 1, 1, 1]"
688,dfs_bnb_mpi,0.434878,-4,5,124025,"[-1, -1, 2, 1, 2, 2, 2, 2, 2, 1, -2, -2, -2, -2, -2, 1, 2, 2, 2]"
689,dfs_bnb_mpi,2.45353,-5,6,686562,"[-1, -1, 2, 2, 2, 2, 1, 1, -2, -2, -2, 1, -2, -2, -1, -1, -1, -1, 2]"
690,dfs_bnb_mpi,0.949349,-4,5,294296,"[-1, -1, 2, 2, 1, -2, 1, 2, 2, 1, 1, -2, -2, 1, -2, -1, -1, 2, 2]"
691,dfs_bnb_mpi,2.75017,-5,6,790668,"[-1, -1, 2, -1, -1, -2, -1, 2, -1, -2, -2, 1, 1, -2, 1, 1, 2, -1, 2]"
692,dfs_bnb_mpi,6.9e-05,0,1,20,"[-1, -1, 2, 2, 2, 2, 2, 2, 2, 2, 2, 2, 2, 2, 2, 2, 2, 2, 2]"
693,dfs_bnb_mpi,0.464383,-5,6,137969,"[-1, -1, 2, 2, 2, 1, 1, 1, 2, 1, -2, -2, -1, -1, -1, -2, 1, 1, 1]"
694,dfs_bnb_mpi,0.13108,-4,5,35226,"[-1, -1, 2, 2, 1, 2, -1, 2, -1, -2, -1, -1, -2, 1, 1, -2, -1, -1, -1]"
695,dfs_bnb_mpi,15.9584,-5,6,4895030,"[-1, -1, 2, 2, -1, -1, -2, -2, -1, -2, 1, -2, 1, 1, 1, 2, -1, -1, 2]"
696,dfs_bnb_mpi,0.980888,-4,5,273652,"[-1, -1, 2, 2, 1, -2, 1, 2, 1, -2, -2, -2, -1, -1, -1, -1, -2, 1, 1]"
697,dfs_bnb_mpi,1.055,-4,5,256270,"[-1, -1, 2, 2, 2, 2, -1, -1, -2, -1, -2, -2, 1, 2, 1, -2, -2, -1, -1]"
698,dfs_bnb_mpi,1.01626,-5,6,277651,"[-1, -1, 2, -1, -1, 2, 2, 1, -2, 1, 2, 1, 1, -2, -1, -2, 1, 1, 2]"
699,dfs_bnb_mpi,0.018503,-4,4,5753,"[-1, -1, 2, 1, 2, 2, -1, -2, -1, -2, -1, -2, 1, -2, 1, 1, 1, 1, 2]"
700,dfs_bnb_mpi,0.087315,-3,4,27022,"[-1, -1, 2, 2, 1, 1, -2, 1, 2, 2, 1, -2, -2, -2, -1, -2, -1, -1, -1]"
701,dfs_bnb_mpi,0.055793,-5,6,17554,"[-1, -1, 2, 2, 2, 1, -2, -2, 1, 2, 2, 1, 2, -1, 2, -1, -2, -1, 2]"
702,dfs_bnb_mpi,0.452625,-5,5,129313,"[-1, -1, 2, 2, 2, 2, 1, -2, 1, -2, -1, -2, 1, 1, 2, 1, -2, -2, -1]"
703,dfs_bnb_mpi,1.93077,-6,7,563163,"[-1, -2, -1, -2, 1, -2, 1, 1, 1, 1, 2, -1, -1, -1, 2, 1, 2, 2, -1]"
704,dfs_bnb_mpi,2.33359,-2,3,696997,"[-1, -1, 2, 2, 2, 2, 2, 2, 1, -2, 1, 2, 2, -1, -1, -1, -2, -2, -1]"
705,dfs_bnb_mpi,0.051135,-4,5,13140,"[-1, -1, 2, 1, 2, 2, 2, 1, -2, -2, -2, 1, 1, 2, -1, 2, 2, 2, 2]"
706,dfs_bnb_mpi,0.731284,-5,6,222717,"[-1, -1, 2, 2, 1, 2, -1, 2, 2, -1, -2, -2, -1, -2, 1, -2, -1, -2, 1]"
707,dfs_bnb_mpi,0.432575,-4,5,129027,"[-1, -1, 2, 2, 2, 2, 1, 2, -1, -1, 2, 2, -1, -2, -2, -1, -2, 1, 1]"
708,dfs_bnb_mpi,0.003595,-6,7,1111,"[-1, -1, 2, -1, 2, 1, 1, -2, 1, 1, -2, -2, -1, -2, -1, 2, -1, -1, 2]"
709,dfs_bnb_mpi,0.212435,-6,7,64792,"[-1, -1, 2, 1, 1, 2, 2, 1, 2, -1, 2, -1, -2, -1, -2, 1, -2, -1, -1]"
710,dfs_bnb_mpi,0.486103,-6,7,146922,"[-1, -1, 2, 2, 2, 2, 1, 2, -1, -1, 2, -1, -2, -1, -2, 1, -2, 1, 2]"
711,dfs_bnb_mpi,2.60284,-5,6,723573,"[-1, -1, 2, 2, 2, 2, 2, 1, 1, -2, 1, -2, -1, -2, -1, -2, 1, 1, 2]"
712,dfs_bnb_mpi,0.026214,-5,6,7649,"[-1, -1, 2, -1, -2, -2, 1, 1, -2, 1, -2, -2, -1, 2, -1, 2, -1, -1, 2]"
713,dfs_bnb_mpi,1.82583,-4,5,550373,"[-1, -1, 2, 2, 2, 2, -1, -2, -1, -2, 1, -2, -1, -1, -1, -2, 1, 1, 1]"
714,dfs_bnb_mpi,38.1131,-3,4,12364322,"[-1, -1, 2, 2, 1, -2, 1, 2, 2, 2, 2, 2, 2, -1, -1, -2, -2, -2, -2]"
715,dfs_bnb_mpi,18.8904,-4,5,5344662,"[-1, -1, 2, 2, 2, 2, 2, 1, 2, 2, 2, 1, -2, -2, 1, -2, -1, -2, -1]"
716,dfs_bnb_mpi,2.12688,-4,5,666525,"[-1, -1, 2, 2, 2, 2, -1, -2, -1, -2, 1, -2, -2, -1, 2, -1, 2, 2, 2]"
717,dfs_bnb_mpi,0.938571,-5,6,289317,"[-1, -1, 2, 2, 2, 1, 2, 1, 1, 2, -1, 2, -1, -2, -1, -2, -1, -2, -1]"
718,dfs_bnb_mpi,0.49718,-6,7,151155,"[-1, -1, 2, 2, 1, 1, 2, -1, -1, 2, -1, -2, -1, -2, 1, -2, -1, -2, 1]"
719,dfs_bnb_mpi,0.093534,-3,4,28570,"[-1, -1, 2, 2, 2, 2, 2, 1, 1, -2, -2, -2, -2, 1, -2, 1, -2, -1, -1]"
720,dfs_bnb_mpi,0.07601,-5,6,19558,"[-1, -1, 2, 2, 2, -1, -2, -2, -2, -1, 2, -1, -2, -1, 2, 2, 1, 1, 2]"
721,dfs_bnb_mpi,0.021783,-5,6,5938,"[-1, -1, 2, 2, 2, 2, 1, -2, -2, 1, -2, 1, 2, 1, 2, -1, -1, 2, 2]"
722,dfs_bnb_mpi,4.24919,-5,6,1347158,"[-1, -2, 1, 1, 1, 2, 1, 1, 2, -1, -1, 2, 2, 2, -1, -2, -2, -2, -2]"
723,dfs_bnb_mpi,1.51576,-6,7,448685,"[-1, -2, -1, 2, 2, 2, 2, 1, 1, -2, -2, 1, 1, -2, -1, -2, -2, -1, 2]"
724,dfs_bnb_mpi,1.31326,-5,6,336704,"[-1, -1, 2, 2, 2, -1, -2, -2, -2, -1, -1, -2, 1, 1, 1, 1, -2, -1, -1]"
725,dfs_bnb_mpi,6.15559,-5,6,1836664,"[-1, -1, 2, 2, 2, 2, 2, 2, 1, 2, -1, 2, -1, -2, -1, -2, 1, -2, -2]"
726,dfs_bnb_mpi,2.10697,-5,6,655834,"[-1, -1, 2, 2, 2, 2, 2, -1, -2, -2, -1, -1, -2, -2, 1, 2, 1, -2, -2]"
727,dfs_bnb_mpi,7.08929,-4,5,1738081,"[-1, -1, 2, 2, 1, 1, 2, 2, -1, -2, -1, 2, 2, -1, -2, -2, -1, -2, 1]"
728,dfs_bnb_mpi,0.165541,-5,6,45670,"[-1, -1, 2, 2, 2, 2, 1, 1, -2, -2, -1, -2, 1, 1, 2, 1, 2, -1, 2]"
729,dfs_bnb_mpi,0.241464,-4,5,76051,"[-1, -1, 2, 1, 2, 2, -1, -2, -1, 2, 2, -1, -2, -2, -2, 1, -2, -1, -1]"
730,dfs_bnb_mpi,5.7446,-5,6,1771778,"[-1, -1, 2, 2, 1, 1, 1, -2, -2, 1, -2, -1, -2, -2, -1, 2, 2, -1, -1]"
731,dfs_bnb_mpi,0.065594,-4,5,20792,"[-1, -1, 2, 1, 2, -1, 2, 2, -1, -2, -1, -1, -2, 1, 1, -2, -1, -1, -1]"
732,dfs_bnb_mpi,0.247974,-5,6,76637,"[-1, -1, 2, 1, 2, -1, 2, 1, 1, 2, 2, 1, -2, 1, -2, -1, -2, -1, -2]"
733,dfs_bnb_mpi,6.23439,-5,6,1684684,"[-1, -1, 2, 1, 2, 1, 2, 2, 2, 2, 1, -2, -2, -2, 1, -2, -1, -2, -1]"
734,dfs_bnb_mpi,0.02156,-4,5,6306,"[-1, -1, 2, 2, 2, 2, -1, 2, 1, 1, -2, -2, -2, -2, 1, 2, 2, 2, 2]"
735,dfs_bnb_mpi,0.900012,-5,6,284146,"[-1, -1, 2, -1, -2, -1, -2, -1, -2, 1, -2, 1, 1, 2, 1, 2, -1, -1, -2]"
736,dfs_bnb_mpi,2.30679,-5,6,728175,"[-1, -1, 2, 2, 2, 1, 2, 2, 1, -2, -2, 1, 1, -2, -1, -2, -1, 2, -1]"
737,dfs_bnb_mpi,0.553911,-5,6,174571,"[-1, -2, -1, 2, 2, -1, 2, -1, 2, 1, 2, 1, -2, -2, 1, -2, 1, 2, 2]"
738,dfs_bnb_mpi,0.260726,-5,6,74979,"[-1, -1, 2, 2, -1, -2, -2, -2, -1, -1, -1, 2, 2, 1, -2, 1, 2, 2, 2]"
739,dfs_bnb_mpi,0.27437,-5,6,79342,"[-1, -1, 2, 2, 2, 1, 2, 2, -1, -2, -1, -2, -2, -1, -1, 2, 2, 1, -2]"
740,dfs_bnb_mpi,0.047185,-4,5,14514,"[-1, -1, 2, 2, 1, -2, 1, 1, 1, 2, -1, -1, 2, 1, 2, 2, 2, 2, 2]"
741,dfs_bnb_mpi,0.144901,-6,7,43078,"[-1, -1, 2, 1, 2, 1, 2, 2, -1, -2, -1, -2, -1, 2, -1, -2, -2, 1, -2]"
742,dfs_bnb_mpi,5.82423,-4,5,1773871,"[-1, -1, 2, 2, 2, -1, -1, -1, -1, -2, -2, 1, 1, -2, 1, 2, 2, -1, -1]"
743,dfs_bnb_mpi,0.257304,-5,6,69817,"[-1, -1, 2, 2, 2, 2, 2, 1, -2, -2, -2, 1, 1, 2, 2, 2, -1, -2, -2]"
744,dfs_bnb_mpi,5.85008,-5,6,1849755,"[-1, -2, -1, 2, 2, 1, 2, 2, 2, 2, 1, -2, -2, -2, -2, 1, -2, -2, -1]"
745,dfs_bnb_mpi,3.94687,-6,7,1065202,"[-1, -1, 2, 1, 1, 2, 1, -2, 1, 2, 1, -2, -2, -1, -2, -2, -1, 2, 2]"
746,dfs_bnb_mpi,0.014449,-5,6,4263,"[-1, -1, 2, 2, 2, 2, 1, 2, -1, -1, 2, -1, -1, -2, 1, -2, -2, 1, 2]"
747,dfs_bnb_mpi,1.68107,-5,6,482330,"[-1, -2, 1, 1, 2, 2, -1, -1, 2, -1, -2, -1, -1, -2, 1, 1, -2, -1, -1]"
748,dfs_bnb_mpi,20.3788,-5,6,4897353,"[-1, -1, 2, 2, 2, 2, 2, 1, 1, 2, -1, -1, 2, -1, -1, -2, 1, -2, -1]"
749,dfs_bnb_mpi,0.040704,-4,5,12046,"[-1, -1, 2, 2, 2, 2, 1, 1, 2, 1, -2, 1, -2, -1, -1, -1, -2, 1, 1]"
750,dfs_bnb_mpi,0.006482,-4,5,1641,"[-1, -2, 1, 1, 1, 2, -1, 2, 2, -1, -2, -1, 2, 2, 2, 2, 2, 2, 2]"
751,dfs_bnb_mpi,0.018703,-6,7,5711,"[-1, -2, -2, 1, 2, 1, 2, 2, 1, -2, -2, 1, 1, 2, -1, 2, 2, 2, 2]"
752,dfs_bnb_mpi,0.196587,-5,6,61855,"[-1, -1, 2, 1, 1, 1, 2, 2, 1, -2, -2, -2, -1, -2, 1, -2, -1, -1, 2]"
753,dfs_bnb_mpi,1.48177,-5,6,444236,"[-1, -1, 2, 2, 2, 2, 2, 2, 1, -2, 1, 2, 1, -2, -2, -1, -2, -1, 2]"
754,dfs_bnb_mpi,2.86896,-5,6,754562,"[-1, -1, 2, 2, 2, 2, 2, 2, 2, 2, 2, 1, -2, -2, 1, 2, 1, 2, -1]"
755,dfs_bnb_mpi,2.72249,-6,7,842560,"[-1, -1, 2, -1, 2, -1, 2, -1, -2, -1, -1, -2, 1, 1, 1, -2, 1, -2, 1]"
756,dfs_bnb_mpi,0.318961,-5,6,101976,"[-1, -2, -1, 2, 2, 1, 2, 2, 2, 2, 1, -2, -2, -2, 1, 1, -2, -1, -1]"
757,dfs_bnb_mpi,0.035107,-4,5,11296,"[-1, -1, 2, 1, 2, 2, 2, 1, -2, 1, 2, 1, -2, -2, -1, -1, -2, 1, 1]"
758,dfs_bnb_mpi,0.110158,-4,5,34860,"[-1, -1, 2, 2, -1, 2, -1, 2, -1, -2, -2, 1, -2, 1, -2, -1, -1, 2, -1]"
759,dfs_bnb_mpi,7.11418,-5,6,2100386,"[-1, -2, -1, -1, 2, 1, 2, -1, 2, 1, 2, 2, 2, 1, -2, -2, -2, -2, 1]"
760,dfs_bnb_mpi,0.038525,-5,6,11540,"[-1, -1, 2, 2, 2, 1, 2, -1, -1, -2, -1, -2, 1, -2, -1, -2, 1, -2, 1]"
761,dfs_bnb_mpi,0.805982,-4,5,231250,"[-1, -1, 2, 2, 2, 2, 2, 2, 2, 2, 1, -2, -2, 1, 2, 1, 2, -1, 2]"
762,dfs_bnb_mpi,1.42214,-3,4,336081,"[-1, -1, 2, 2, 2, 2, 2, 2, 2, 2, 1, 2, 1, -2, -2, -1, -2, 1, 1]"
763,dfs_bnb_mpi,0.004477,-5,5,1391,"[-1, -1, 2, 2, 1, -2, 1, 2, 1, -2, 1, 1, -2, -1, -1, -2, 1, 1, 1]"
764,dfs_bnb_mpi,1.81535,-4,5,533032,"[-1, -1, 2, 2, 2, 2, 2, 2, 2, 2, 1, -2, -2, -2, 1, 1, -2, -1, -1]"
765,dfs_bnb_mpi,0.379985,-5,6,106108,"[-1, -1, 2, 2, 1, -2, 1, 2, 2, 1, -2, 1, -2, -1, -2, 1, -2, -1, -1]"
766,dfs_bnb_mpi,2.37041,-4,5,651728,"[-1, -1, 2, 2, 2, -1, -1, -2, -1, -1, -2, 1, 1, -2, -2, 1, 2, 2, 2]"
767,dfs_bnb_mpi,1.99481,-5,6,513211,"[-1, -1, 2, 2, 2, 2, 2, 1, -2, -2, -2, -2, 1, 2, 1, -2, 1, -2, -1]"
768,dfs_bnb_mpi,0.575687,-4,5,183217,"[-1, -1, 2, 2, 2, -1, -2, -2, -2, -1, -1, -2, 1, -2, -2, 1, 2, 2, 1]"
769,dfs_bnb_mpi,0.733438,-4,4,228424,"[-1, -1, 2, 2, 2, 2, 2, 2, 1, -2, 1, 2, 1, -2, -2, -1, -2, -1, 2]"
770,dfs_bnb_mpi,1.50442,-5,6,437790,"[-1, -1, 2, -1, -2, -2, 1, -2, -1, -2, 1, 1, 2, 2, 1, 1, 2, 2, -1]"
771,dfs_bnb_mpi,8.13727,-5,6,2557098,"[-1, -1, 2, 2, -1, -2, -2, -1, -2, 1, -2, 1, 1, 1, 1, 2, -1, -1, -1]"
772,dfs_bnb_mpi,0.01945,-4,5,5984,"[-1, -1, -1, 2, 1, 2, 1, -2, 1, 1, -2, -2, -1, -1, -1, -1, -1, 2, 2]"
773,dfs_bnb_mpi,0.136952,-6,7,41658,"[-1, -2, 1, -2, 1, 1, 2, -1, 2, 1, 2, -1, 2, -1, -2, -1, 2, 2, 2]"
774,dfs_bnb_mpi,0.007313,-5,6,2152,"[-1, -1, 2, 1, 1, 2, 1, -2, 1, -2, -1, -2, -2, -1, 2, -1, -1, -1, 2]"
775,dfs_bnb_mpi,0.62126,-6,7,196602,"[-1, -1, 2, 1, 1, 1, -2, 1, -2, 1, 1, -2, -1, -1, -2, -1, 2, 2, -1]"
776,dfs_bnb_mpi,0.378877,-4,5,116413,"[-1, -1, 2, 2, 1, 2, -1, 2, 2, -1, -1, -2, -2, -1, -2, 1, 1, 2, 2]"
777,dfs_bnb_mpi,0.120437,-5,6,35080,"[-1, -1, 2, 2, 2, 1, 1, 1, -2, -1, -1, -2, 1, 1, 1, -2, -1, -2, 1]"
778,dfs_bnb_mpi,0.094246,-2,3,28290,"[-1, -1, 2, 2, 2, 2, 2, 2, 2, 1, 2, -1, 2, -1, -2, -2, -1, 2, 2]"
779,dfs_bnb_mpi,1.54638,-4,5,468047,"[-1, -1, 2, 2, 2, 2, 2, 1, 2, 1, 2, -1, 2, -1, -2, -2, -1, -2, -1]"
780,dfs_bnb_mpi,16.8896,-5,6,4699486,"[-1, -1, 2, 1, 1, 2, 2, 2, 2, 1, -2, -2, -2, -2, 1, -2, -2, -1, 2]"
781,dfs_bnb_mpi,0.320097,-5,6,91654,"[-1, -1, 2, 2, -1, 2, 1, 2, 1, -2, -2, -2, 1, 2, 1, -2, 1, 2, 2]"
782,dfs_bnb_mpi,0.241655,-5,6,62693,"[-1, -1, 2, 2, 2, 1, 1, 1, -2, -1, -2, 1, 1, -2, -1, -2, -2, -1, 2]"
783,dfs_bnb_mpi,4.67244,-5,6,1276114,"[-1, -2, 1, 1, 2, 2, 2, 2, -1, -2, -2, -1, 2, -1, -2, -1, -2, 1, -2]"
784,dfs_bnb_mpi,4.44225,-4,5,1430825,"[-1, -1, 2, 2, 1, -2, 1, 2, 2, -1, 2, 2, 2, 2, -1, -2, -2, -2, -2]"
785,dfs_bnb_mpi,1.95244,-5,6,516783,"[-1, -1, 2, 2, 2, 2, -1, -1, -2, -2, -2, 1, -2, -1, -2, 1, -2, 1, 2]"
786,dfs_bnb_mpi,0.053615,-5,6,16715,"[-1, -2, 1, -2, -1, -2, -1, 2, 2, -1, 2, 1, 2, 2, 1, -2, 1, 2, 2]"
787,dfs_bnb_mpi,0.009219,-6,7,2852,"[-1, -1, 2, -1, -2, -1, -1, -2, 1, -2, 1, 2, 1, -2, -2, 1, 2, 2, 1]"
788,dfs_bnb_mpi,2.10606,-2,3,588208,"[-1, -1, 2, 2, 2, 2, 2, 2, 2, 2, 2, 1, 2, 2, -1, -2, -1, -2, -1]"
789,dfs_bnb_mpi,0.212621,-6,6,55864,"[-1, -1, 2, -1, -2, -1, 2, -1, -2, -2, 1, -2, 1, 2, 1, 1, -2, -1, -2]"
790,dfs_bnb_mpi,0.108412,-6,7,34266,"[-1, -1, 2, 1, 2, -1, 2, 1, 2, 2, 1, -2, -2, 1, -2, -1, -2, 1, 1]"
791,dfs_bnb_mpi,1.43013,-5,6,460511,"[-1, -1, 2, 1, 1, 2, 1, -2, 1, 2, 2, 1, -2, -2, -2, -1, -1, -2, -1]"
792,dfs_bnb_mpi,0.910642,-5,6,276985,"[-1, -1, 2, 2, 2, -1, -2, -1, 2, -1, -2, -2, -1, -2, 1, 1, 1, 2, -1]"
793,dfs_bnb_mpi,3.54074,-5,6,913107,"[-1, -1, 2, 2, 2, 1, 2, 2, 1, 1, 1, -2, -2, -1, 2, -1, -2, -2, -1]"
794,dfs_bnb_mpi,0.011148,-4,5,2877,"[-1, -1, 2, 2, -1, -2, -2, -2, 1, -2, 1, 2, 1, 1, 2, 2, 2, 2, 2]"
795,dfs_bnb_mpi,41.1944,-4,5,12662710,"[-1, -1, 2, 2, 2, 2, 2, 2, 2, 1, -2, -2, 1, 2, 1, -2, -2, -1, -1]"
796,dfs_bnb_mpi,1.90618,-5,6,601452,"[-1, -1, 2, 2, 1, -2, 1, 2, 2, 1, 2, 2, 1, -2, -2, -2, -2, -1, 2]"
797,dfs_bnb_mpi,0.542952,-4,5,166149,"[-1, -1, 2, 2, -1, -2, -2, -1, -2, 1, 1, 1, 1, 1, -2, -1, -1, -1, -1]"
798,dfs_bnb_mpi,0.05256,-4,5,12242,"[-1, -1, 2, 2, 2, 2, 1, -2, -2, -2, 1, 2, 1, 1, 2, -1, -1, 2, 2]"
799,dfs_bnb_mpi,0.648833,-4,5,183878,"[-1, -1, 2, 2, 2, 1, -2, 1, 2, 2, -1, -1, 2, 2, 1, -2, 1, 2, 2]"
800,dfs_bnb_mpi,6.75912,-3,4,1897141,"[-1, -1, 2, 2, 2, 2, 2, 2, 2, 2, 2, 2, 1, -2, 1, -2, -1, -2, 1]"
801,dfs_bnb_mpi,3.6725,-5,6,1151508,"[-1, -1, 2, -1, 2, 2, 2, -1, -2, -2, -1, 2, -1, -2, -2, 1, 1, -2, 1]"
802,dfs_bnb_mpi,0.132882,-5,6,42207,"[-1, -1, 2, 2, 1, -2, 1, 1, 1, 2, -1, -1, 2, -1, -1, -1, -2, -2, -1]"
803,dfs_bnb_mpi,0.020776,-5,5,6569,"[-1, -1, 2, 2, 1, -2, 1, 2, 2, 2, 1, -2, -2, 1, 1, -2, -1, -1, -2]"
804,dfs_bnb_mpi,1.68057,-5,6,419859,"[-1, -1, 2, 1, 1, 1, 2, 1, -2, 1, 1, -2, -1, -1, -1, -2, -2, 1, 2]"
805,dfs_bnb_mpi,5.94389,-5,6,1822874,"[-1, -1, 2, -1, 2, 2, -1, -2, -2, -1, -2, -1, -2, 1, 1, 2, 1, -2, 1]"
806,dfs_bnb_mpi,0.033215,-5,6,10182,"[-1, -2, -1, 2, 2, 1, 2, 2, -1, -2, -1, -2, -1, -2, 1, -2, -1, -1, 2]"
807,dfs_bnb_mpi,0.009428,-5,6,2965,"[-1, -1, 2, 2, 2, -1, -2, -2, -2, -1, -2, 1, 1, -2, 1, 2, 1, 1, 2]"
808,dfs_bnb_mpi,9e-05,0,1,20,"[-1, -1, 2, 2, 2, 2, 2, 2, 2, 2, 2, 2, 2, 2, 2, 2, 2, 2, 2]"
809,dfs_bnb_mpi,0.010672,-5,6,3352,"[-1, -1, 2, 2, 1, 2, 2, -1, -2, -1, -2, -1, 2, -1, -2, -2, 1, 1, -2]"
810,dfs_bnb_mpi,9.46003,-6,7,2869679,"[-1, -2, -1, 2, 2, 2, 1, 1, -2, 1, -2, -2, 1, -2, -1, -2, -1, 2, 2]"
811,dfs_bnb_mpi,0.127453,-4,5,38789,"[-1, -1, 2, 2, 2, 2, 1, 2, -1, 2, -1, -2, -1, -2, 1, -2, -1, -1, 2]"
812,dfs_bnb_mpi,0.320999,-5,6,91717,"[-1, -1, 2, 2, -1, -2, -2, -1, 2, -1, -2, -2, 1, 1, -2, -1, -1, -1, 2]"
813,dfs_bnb_mpi,0.353808,-4,5,90919,"[-1, -1, 2, 2, 2, 1, 2, 2, 2, 1, -2, -2, -2, 1, -2, -1, -1, -2, 1]"
814,dfs_bnb_mpi,0.007058,-4,5,1965,"[-1, -1, 2, 2, -1, 2, -1, -2, -2, 1, -2, -1, -1, 2, 2, 2, 2, 2, 2]"
815,dfs_bnb_mpi,13.0139,-6,7,3901142,"[-1, -2, -1, 2, -1, 2, 2, 2, 2, 2, 2, 1, -2, -2, -2, -2, 1, -2, -1]"
816,dfs_bnb_mpi,23.0159,-4,5,5302339,"[-1, -1, 2, 2, 2, 2, 2, 1, 1, -2, 1, 1, -2, -1, -1, -2, -1, 2, 2]"
817,dfs_bnb_mpi,8.24383,-5,6,2339422,"[-1, -2, -1, 2, 2, 2, 2, 1, 1, 1, -2, -2, -2, 1, -2, -1, -2, -1, 2]"
818,dfs_bnb_mpi,0.409521,-5,6,101733,"[-1, -2, 1, 1, 2, 2, -1, -1, 2, 2, -1, -2, -2, -1, -2, 1, -2, -1, -1]"
819,dfs_bnb_mpi,2.3787,-5,6,641854,"[-1, -1, 2, -1, -2, -2, 1, 1, 1, 1, 1, -2, -1, -1, -2, -1, -1, 2, 1]"
820,dfs_bnb_mpi,0.366786,-4,5,113524,"[-1, -1, 2, 2, 1, 2, 2, -1, -2, -1, -2, -2, -2, -1, -1, -2, 1, 1, 1]"
821,dfs_bnb_mpi,0.228623,-5,6,71947,"[-1, -1, 2, 2, -1, 2, -1, 2, -1, -2, -1, -1, -2, 1, 1, 1, -2, 1, -2]"
822,dfs_bnb_mpi,0.351391,-5,6,108905,"[-1, -1, 2, 2, 2, 2, 2, 2, 2, 1, 2, 1, -2, 1, -2, -1, -2, -1, 2]"
823,dfs_bnb_mpi,0.003714,-4,5,1190,"[-1, -1, 2, 1, 2, -1, 2, 2, 1, 1, -2, -2, -2, 1, 2, 2, 2, 2, 2]"
824,dfs_bnb_mpi,0.009619,-4,5,2784,"[-1, -1, 2, 2, 2, 1, 2, -1, -1, -2, -2, -1, -1, -1, 2, 1, 1, 2, 2]"
825,dfs_bnb_mpi,0.023,-3,4,7060,"[-1, -1, 2, 2, 2, 1, 1, -2, -2, 1, 1, -2, -1, -2, -2, -1, 2, -1, -1]"
826,dfs_bnb_mpi,0.697612,-4,5,186270,"[-1, -1, 2, 2, -1, 2, 2, 2, -1, -2, -2, -2, -1, -2, 1, 1, -2, -1, -1]"
827,dfs_bnb_mpi,1.09229,-4,5,327423,"[-1, -1, 2, 2, 2, 2, 2, 1, 2, -1, -1, 2, 2, -1, -2, -2, -2, 1, -2]"
828,dfs_bnb_mpi,15.3226,-5,6,4776324,"[-1, -1, 2, 1, 1, 2, 2, 2, 1, -2, 1, 2, 1, -2, -2, -1, -1, -2, -2]"
829,dfs_bnb_mpi,2.52139,-5,6,699964,"[-1, -2, 1, 1, -2, -2, 1, 2, 2, 1, 2, 2, -1, -2, -1, 2, -1, 2, 2]"
830,dfs_bnb_mpi,0.477511,-4,5,146080,"[-1, -1, 2, 2, 2, 1, 2, -1, 2, 2, 2, -1, -2, -2, -1, -2, 1, -2, -1]"
831,dfs_bnb_mpi,0.170683,-2,3,51381,"[-1, -1, 2, 2, 2, 2, 2, 2, 1, -2, -2, 1, 2, 1, -2, -2, -1, -1, -2]"
832,dfs_bnb_mpi,0.104777,-6,7,31809,"[-1, -2, -1, 2, -1, -1, -1, 2, 1, 2, 1, -2, 1, 2, 2, 1, -2, -2, 1]"
833,dfs_bnb_mpi,0.003091,-4,5,763,"[-1, -1, 2, 2, 2, 2, 2, 2, 2, 1, -2, -2, -2, 1, -2, -1, -2, -2, 1]"
834,dfs_bnb_mpi,0.510901,-4,5,135558,"[-1, -1, 2, 2, 2, -1, -2, -2, -1, -1, -2, 1, 1, -2, 1, 1, 1, 1, 2]"
835,dfs_bnb_mpi,15.2242,-5,6,4730599,"[-1, -1, 2, 2, 2, 2, 1, 1, -2, -1, -2, 1, 1, 1, -2, -2, -1, 2, -1]"
836,dfs_bnb_mpi,0.056679,-4,5,15854,"[-1, -1, 2, 2, -1, 2, 2, -1, -2, -1, -2, 1, -2, 1, -2, -1, -1, 2, -1]"
837,dfs_bnb_mpi,1.2587,-5,6,403715,"[-1, -1, 2, 1, 2, 1, 2, -1, 2, 2, 1, 1, -2, -2, -2, 1, -2, -1, -1]"
838,dfs_bnb_mpi,8.00717,-5,6,2196949,"[-1, -1, 2, 2, 2, 2, 1, 2, 1, 1, -2, -2, -2, -1, 2, -1, -2, -2, 1]"
839,dfs_bnb_mpi,5.72031,-6,5,1786070,"[-1, -1, 2, 1, 1, 2, 2, 1, -2, -2, 1, 2, 1, -2, -2, -1, -1, -2, 1]"
840,dfs_bnb_mpi,0.031324,-5,6,9690,"[-1, -1, 2, 2, -1, -2, -1, -2, 1, -2, -1, -1, 2, -1, 2, 1, 2, 2, 2]"
841,dfs_bnb_mpi,4.09599,-4,5,1251091,"[-1, -2, 1, 1, 2, 1, -2, -2, 1, 2, 1, -2, -2, -1, -1, -1, 2, -1, -1]"
842,dfs_bnb_mpi,0.044608,-5,6,14369,"[-1, -1, 2, 2, 1, -2, 1, 1, -2, 1, 2, 2, 2, 2, -1, -1, -2, -2, 1]"
843,dfs_bnb_mpi,6.55457,-4,5,1756598,"[-1, -1, 2, 2, 1, 2, 2, 2, -1, -2, -2, -1, -1, -2, 1, -2, -1, -1, 2]"
844,dfs_bnb_mpi,0.376314,-6,7,121544,"[-1, -1, 2, 1, 2, 1, 1, 2, -1, -1, 2, 1, 1, 1, -2, -2, -2, -1, -1]"
845,dfs_bnb_mpi,0.01917,-4,5,5988,"[-1, -1, 2, 1, 2, -1, -1, 2, -1, -2, -1, -2, 1, 1, -2, -1, -1, -1, 2]"
846,dfs_bnb_mpi,3.26532,-5,6,830421,"[-1, -2, -1, 2, 2, 2, 2, 1, 1, 1, -2, -1, -2, 1, -2, 1, -2, -1, -1]"
847,dfs_bnb_mpi,2.09324,-4,5,614735,"[-1, -1, 2, 2, 2, 2, -1, -2, -1, -1, -2, 1, 1, -2, -2, -1, -1, 2, 1]"
848,dfs_bnb_mpi,7.37717,-4,5,1793145,"[-1, -1, 2, 2, 2, 2, 2, 1, 1, -2, -2, -2, 1, -2, -1, -1, 2, 2, 2]"
849,dfs_bnb_mpi,2.71246,-4,5,771474,"[-1, -1, 2, 2, 2, 2, 2, 1, 2, -1, 2, 1, 2, -1, -1, -2, -2, -2, -1]"
850,dfs_bnb_mpi,0.378245,-6,7,118145,"[-1, -1, 2, -1, -2, -1, 2, -1, -2, -2, 1, -2, -2, 1, 1, 2, 2, -1, -2]"
851,dfs_bnb_mpi,0.437676,-4,5,133556,"[-1, -1, 2, 2, -1, -1, 2, 2, -1, -2, -2, -1, -2, 1, 1, 1, -2, -1, -1]"
852,dfs_bnb_mpi,0.455518,-4,5,119545,"[-1, -1, 2, 2, 2, 2, 2, -1, -2, -2, -2, -2, -1, -2, 1, -2, -2, 1, 2]"
853,dfs_bnb_mpi,0.252769,-6,7,75065,"[-1, -1, 2, 2, 2, -1, -2, -2, -2, -1, -2, -1, -1, 2, 1, 2, 2, 1, -2]"
854,dfs_bnb_mpi,0.97902,-4,5,240455,"[-1, -1, 2, 2, 2, 2, 1, 2, 2, 1, -2, -2, -2, -1, -2, 1, 1, 2, 2]"
855,dfs_bnb_mpi,0.543008,-5,6,166451,"[-1, -1, 2, 2, 2, 1, -2, -2, 1, 2, 1, -2, -2, 1, -2, -1, -1, -1, -1]"
856,dfs_bnb_mpi,7.49448,-5,6,1815351,"[-1, -1, 2, 2, 2, 2, 1, 2, 2, 1, -2, -2, 1, -2, -1, -1, -2, 1, 1]"
857,dfs_bnb_mpi,1.2671,-6,7,370363,"[-1, -2, 1, -2, 1, 1, 2, -1, 2, 1, 1, 2, -1, -1, 2, 2, -1, -2, -2]"
858,dfs_bnb_mpi,0.052466,-4,5,16284,"[-1, -1, 2, 1, 2, -1, 2, 2, -1, -2, -2, -1, -1, -2, 1, 1, -2, -1, -1]"
859,dfs_bnb_mpi,1.66611,-5,6,517997,"[-1, -1, 2, -1, -2, -1, -1, -2, 1, 1, 1, 1, 1, 1, -2, -1, -1, -1, -1]"
860,dfs_bnb_mpi,0.140646,-4,5,35083,"[-1, -1, 2, 2, -1, 2, 2, -1, -2, -1, -2, 1, -2, 1, -2, -1, -1, 2, -1]"
861,dfs_bnb_mpi,0.312967,-5,6,84922,"[-1, -2, -1, 2, 2, -1, -1, 2, 1, 1, 2, 1, -2, -2, 1, 1, 2, -1, 2]"
862,dfs_bnb_mpi,6.96761,-4,5,1896647,"[-1, -1, 2, 2, 2, 2, 2, 1, 1, -2, -2, 1, -2, -1, -1, -2, 1, 1, 1]"
863,dfs_bnb_mpi,0.564517,-5,6,177290,"[-1, -1, 2, 2, -1, -2, -2, -1, -2, -1, -1, -2, 1, 1, 1, 2, 1, 1, 1]"
864,dfs_bnb_mpi,0.094922,-6,7,28960,"[-1, -1, 2, 2, -1, -2, -1, 2, -1, -2, -1, -2, 1, 1, -2, -2, 1, 2, 2]"
865,dfs_bnb_mpi,5.64963,-6,7,1741600,"[-1, -2, 1, 1, 1, -2, -1, -1, -1, -1, 2, 2, 2, 1, 1, 2, 1, -2, -2]"
866,dfs_bnb_mpi,0.449333,-5,6,137719,"[-1, -1, 2, -1, -2, -2, -2, -1, 2, -1, 2, 1, 2, 2, 1, 1, 1, -2, 1]"
867,dfs_bnb_mpi,1.00061,-4,5,245006,"[-1, -1, 2, 2, 2, 2, 1, 2, 2, -1, -2, -1, -2, -2, -1, -2, 1, -2, -1]"
868,dfs_bnb_mpi,0.772322,-4,5,244921,"[-1, -1, 2, 2, 1, 2, 1, 2, -1, 2, 2, -1, -2, -2, -2, -1, -2, -1, 2]"
869,dfs_bnb_mpi,0.45873,-5,6,144805,"[-1, -2, -1, 2, 2, 2, 1, 1, -2, 1, -2, -2, -1, -2, 1, -2, -1, -1, 2]"
870,dfs_bnb_mpi,0.325628,-4,5,96047,"[-1, -1, 2, 2, 2, 1, 2, 2, -1, -2, -1, 2, -1, -2, -2, 1, -2, -1, -1]"
871,dfs_bnb_mpi,0.303828,-5,6,97007,"[-1, -1, 2, 2, 2, -1, -2, -2, -1, -1, -2, 1, 1, -2, -2, 1, 1, 2, -1]"
872,dfs_bnb_mpi,20.4574,-4,5,4788426,"[-1, -1, 2, 2, 2, 2, 2, -1, -2, -2, -2, -2, -2, -2, 1, 1, 1, 1, 2]"
873,dfs_bnb_mpi,2.07751,-6,7,616849,"[-1, -1, 2, 2, -1, -2, -2, -1, -2, -1, -2, 1, -2, 1, 1, 2, 2, -1, -2]"
874,dfs_bnb_mpi,0.022289,-4,5,6330,"[-1, -1, 2, 1, 2, 2, -1, -1, -2, -2, -1, -2, 1, -2, 1, 1, 1, 1, 2]"
875,dfs_bnb_mpi,0.693618,-5,6,195206,"[-1, -1, 2, 1, 1, 2, 1, 1, 2, 2, -1, -2, -1, 2, -1, -2, -2, -1, 2]"
876,dfs_bnb_mpi,1.20455,-5,6,347662,"[-1, -1, 2, 2, -1, -2, -1, 2, 2, -1, 2, -1, -2, -2, 1, -2, -2, 1, 1]"
877,dfs_bnb_mpi,2.69429,-4,5,786647,"[-1, -1, 2, 2, 2, 2, 2, 1, -2, 1, 2, 2, -1, -1, -1, -2, -1, -2, 1]"
878,dfs_bnb_mpi,0.022788,-5,6,5832,"[-1, -1, 2, 2, 2, 2, -1, -2, -2, -2, -2, -1, 2, -1, -1, 2, 1, 1, 2]"
879,dfs_bnb_mpi,0.002126,-4,5,609,"[-1, -1, 2, 1, 1, 2, 1, -2, 1, -2, -1, -2, 1, 1, 2, 2, 2, 2, 2]"
880,dfs_bnb_mpi,0.490417,-5,6,135255,"[-1, -1, 2, 2, 2, 2, 1, 2, -1, 2, -1, -2, -2, -1, -1, 2, 1, 2, 2]"
881,dfs_bnb_mpi,0.00993,-5,6,3219,"[-1, -1, 2, 1, 2, -1, -1, -2, -2, -2, 1, 1, 1, 1, 2, 2, -1, 2, 2]"
882,dfs_bnb_mpi,0.395262,-4,5,120403,"[-1, -1, 2, 2, 2, 1, 1, 2, -1, -1, 2, -1, 2, -1, -2, -2, 1, -2, -1]"
883,dfs_bnb_mpi,0.137077,-5,6,44613,"[-1, -1, -1, 2, 1, 1, 2, -1, -1, 2, 1, 1, 2, 1, -2, 1, -2, -1, -2]"
884,dfs_bnb_mpi,14.7528,-3,4,4753253,"[-1, -1, 2, 1, 2, 2, 2, 2, 2, -1, -1, -2, -2, -2, -2, -2, -2, -2, 1]"
885,dfs_bnb_mpi,2.63796,-4,5,782909,"[-1, -1, 2, 2, 1, -2, 1, 2, 2, 1, -2, 1, 1, -2, -1, -1, -2, 1, 1]"
886,dfs_bnb_mpi,0.325758,-5,6,95389,"[-1, -1, 2, 2, -1, 2, 2, 2, 1, -2, -2, 1, -2, -2, 1, 2, 2, 2, 2]"
887,dfs_bnb_mpi,0.044551,-6,7,13233,"[-1, -2, -1, 2, 2, 1, 2, 1, -2, 1, -2, -2, -1, -2, 1, 1, 2, 2, 2]"
888,dfs_bnb_mpi,0.10197,-3,4,32999,"[-1, -1, 2, 2, 1, -2, 1, 2, 2, 2, -1, -2, -1, 2, 2, 2, 2, 2, 2]"
889,dfs_bnb_mpi,0.448526,-6,7,140985,"[-1, -2, -1, 2, 2, 1, 1, 2, 1, -2, 1, 1, -2, -1, -1, -2, -2, -1, 2]"
890,dfs_bnb_mpi,0.045737,-4,5,13888,"[-1, -1, 2, 2, 1, -2, 1, 1, 2, -1, 2, 2, 2, 1, -2, -2, 1, 2, 2]"
891,dfs_bnb_mpi,0.094294,-4,5,30266,"[-1, -1, 2, 2, 1, -2, 1, 2, 2, 2, -1, -1, -2, -1, -1, -2, 1, -2, -1]"
892,dfs_bnb_mpi,0.036278,-4,5,10921,"[-1, -1, 2, 2, 2, 2, 2, 1, -2, -2, 1, 2, 2, 1, 1, -2, -1, -2, 1]"
893,dfs_bnb_mpi,2.89146,-4,5,693833,"[-1, -1, 2, 1, 2, 2, 2, 2, -1, -1, -2, -2, 1, -2, -1, -1, -2, 1, -2]"
894,dfs_bnb_mpi,0.071841,-5,6,22368,"[-1, -2, 1, 1, 2, 2, -1, -1, -1, -2, -1, -2, -1, -1, -2, 1, 1, 1, 2]"
895,dfs_bnb_mpi,0.017089,-6,7,4946,"[-1, -2, -1, -2, -1, 2, 2, 1, 2, 1, 1, 2, 2, -1, -2, -1, 2, 2, 2]"
896,dfs_bnb_mpi,0.098877,-4,5,29753,"[-1, -1, 2, 2, 1, 2, 2, -1, -2, -1, -2, -1, -2, 1, -2, -1, -1, 2, 2]"
897,dfs_bnb_mpi,1.2268,-4,5,365647,"[-1, -1, 2, 2, 2, 2, 2, 2, 1, 2, -1, 2, 2, -1, -2, -2, -1, -2, 1]"
898,dfs_bnb_mpi,1.01186,-5,4,322963,"[-1, -1, 2, 1, 2, 2, 2, 1, -2, -2, 1, 2, 2, 1, -2, -2, -2, -1, -1]"
899,dfs_bnb_mpi,0.920176,-4,5,260241,"[-1, -1, 2, 2, 2, 1, -2, -2, 1, 2, 1, -2, 1, -2, -1, -2, -1, -1, -1]"
900,dfs_bnb_mpi,3.08316,-2,3,948855,"[-1, -1, 2, 2, 2, 2, 2, 2, 2, 2, 1, 2, 2, 2, -1, -2, -2, -1, -2]"
901,dfs_bnb_mpi,5.53532,-5,6,1527200,"[-1, -1, 2, 2, 2, -1, -2, -2, -1, 2, 2, -1, -2, -2, -2, -2, 1, 2, 1]"
902,dfs_bnb_mpi,3.29689,-3,4,800245,"[-1, -1, 2, 2, 2, 2, 2, 2, 2, 2, 2, 2, 1, -2, -2, -2, -2, 1, 2]"
903,dfs_bnb_mpi,0.01477,-5,6,4321,"[-1, -1, 2, 2, -1, -2, -1, -2, 1, -2, -1, -2, 1, 1, 2, 1, 1, 1, 2]"
904,dfs_bnb_mpi,2.38579,-4,5,626442,"[-1, -1, 2, 2, 2, 2, -1, -1, -2, -2, -2, 1, -2, -2, -1, 2, -1, 2, 2]"
905,dfs_bnb_mpi,7.45693,-2,3,1800722,"[-1, -1, 2, 2, 2, 2, 2, 2, 2, 2, 2, 2, 2, 2, 1, -2, 1, -2, -1]"
906,dfs_bnb_mpi,0.275563,-5,6,87157,"[-1, -2, -1, 2, 2, 1, 2, 2, 2, 1, 2, 1, -2, -2, 1, -2, -1, -1, 2]"
907,dfs_bnb_mpi,0.150817,-5,5,47215,"[-1, -1, 2, 2, 2, 1, -2, -2, 1, 1, -2, -2, -1, -1, -2, -1, -1, 2, 1]"
908,dfs_bnb_mpi,1.71056,-4,5,501888,"[-1, -1, 2, 2, 2, 2, 1, 2, -1, 2, 2, -1, -2, -2, -1, -2, 1, -2, -1]"
909,dfs_bnb_mpi,0.520729,-4,5,160959,"[-1, -2, -2, -2, -1, -1, -2, 1, 1, 1, 2, 1, 1, 2, 2, -1, -1, -2, 1]"
910,dfs_bnb_mpi,0.663555,-5,6,193125,"[-1, -1, 2, 2, -1, -2, -1, -1, -2, 1, 1, -2, 1, 1, 1, 1, -2, -1, -1]"
911,dfs_bnb_mpi,0.1592,-5,6,51353,"[-1, -1, 2, 1, 1, 1, -2, 1, 2, 1, -2, -2, -1, -2, -2, -1, 2, 2, -1]"
912,dfs_bnb_mpi,1.06246,-3,4,240592,"[-1, -1, 2, 2, 2, 2, 2, 1, 1, -2, -2, -2, -1, -2, 1, 1, 2, 2, 2]"
913,dfs_bnb_mpi,5.60601,-4,5,1760285,"[-1, -1, 2, 2, 2, 2, 1, 2, 2, 1, -2, 1, 1, -2, -1, -1, -2, -1, -2]"
914,dfs_bnb_mpi,0.190624,-5,6,59697,"[-1, -1, 2, 2, -1, -2, -2, -1, -2, 1, -2, -2, 1, 2, 2, 1, 1, 1, 2]"
915,dfs_bnb_mpi,0.872912,-4,5,244173,"[-1, -1, 2, 2, 2, 2, 2, 1, 2, -1, 2, -1, -2, -1, -2, 1, -2, -1, -1]"
916,dfs_bnb_mpi,0.345629,-4,5,107828,"[-1, -1, 2, 1, 1, 2, -1, 2, -1, -2, -1, -2, -2, -2, 1, 1, 1, 1, 2]"
917,dfs_bnb_mpi,3.09138,-4,5,934776,"[-1, -1, 2, 2, 2, 2, 2, 1, 1, -2, 1, 1, -2, -1, -1, -2, -1, 2, 2]"
918,dfs_bnb_mpi,0.012412,-4,5,3835,"[-1, -1, 2, 1, 2, 1, -2, 1, 2, 2, -1, -1, 2, 2, 2, 2, 2, 2, 2]"
919,dfs_bnb_mpi,0.103479,-5,6,30778,"[-1, -1, 2, 2, 2, 2, 1, -2, 1, 2, 1, 1, 2, -1, -1, 2, -1, -2, -1]"
920,dfs_bnb_mpi,0.063645,-5,6,19829,"[-1, -1, 2, 2, 1, -2, 1, 1, 2, -1, 2, -1, 2, -1, -1, -2, -2, -2, -1]"
921,dfs_bnb_mpi,1.71111,-5,6,524526,"[-1, -1, 2, 2, -1, -1, 2, 2, 1, -2, 1, 2, 1, -2, 1, -2, -2, -1, 2]"
922,dfs_bnb_mpi,1.18116,-4,5,321051,"[-1, -1, 2, 2, 2, 2, 2, 2, 1, 1, -2, -2, -1, -2, 1, -2, -1, -2, 1]"
923,dfs_bnb_mpi,0.018863,-6,6,4898,"[-1, -1, 2, 1, 1, 1, 1, -2, -1, -2, -1, -1, -2, 1, -2, 1, 2, 1, 2]"
924,dfs_bnb_mpi,0.608715,-5,6,189610,"[-1, -1, 2, 1, 2, -1, 2, -1, -2, -1, 2, 2, -1, -2, -2, -2, 1, 1, -2]"
925,dfs_bnb_mpi,0.908365,-2,3,265611,"[-1, -1, 2, 2, 1, 2, 2, 2, 2, 2, -1, -2, -2, -2, -2, -1, -1, -2, 1]"
926,dfs_bnb_mpi,4.30108,-5,6,1283053,"[-1, -1, 2, 2, 2, -1, -1, -2, -1, -2, -1, -2, 1, -2, 1, 2, 2, 1, 2]"
927,dfs_bnb_mpi,0.439885,-6,7,136913,"[-1, -1, 2, 1, 2, -1, 2, -1, 2, 2, -1, -2, -2, -2, 1, -2, -1, -2, 1]"
928,dfs_bnb_mpi,0.09777,-4,5,27854,"[-1, -1, 2, 2, 1, 2, 2, -1, -2, -1, -2, -2, -1, -1, -2, 1, 1, -2, 1]"
929,dfs_bnb_mpi,6.11515,-4,5,1903145,"[-1, -1, 2, 2, 2, 2, 2, 2, 1, -2, 1, 2, 2, 1, -2, -2, -2, -1, -1]"
930,dfs_bnb_mpi,0.504702,-4,5,154148,"[-1, -1, 2, 2, 1, 2, 2, -1, -2, -1, 2, 2, -1, -2, -2, -1, -2, 1, 1]"
931,dfs_bnb_mpi,0.934043,-5,6,290793,"[-1, -1, 2, 1, 1, 2, 2, 2, 1, 1, -2, -2, -2, 1, -2, -1, -1, 2, 2]"
932,dfs_bnb_mpi,1.01499,-5,6,253906,"[-1, -1, -1, 2, 2, 2, 2, 1, 1, 1, -2, -2, -1, 2, -1, -2, -2, 1, 1]"
933,dfs_bnb_mpi,0.021949,-4,4,7100,"[-1, -1, 2, 2, -1, -2, -2, -2, 1, 1, 1, 1, 2, 2, -1, -1, 2, 2, 2]"
934,dfs_bnb_mpi,3.77092,-6,7,1144677,"[-1, -1, 2, 2, -1, -2, -2, -1, -2, -2, -2, 1, 1, 2, 1, 2, -1, -1, -2]"
935,dfs_bnb_mpi,0.7482,-4,5,220778,"[-1, -1, 2, 2, 2, 2, 1, -2, -2, -2, 1, 2, 2, 2, 1, 1, -2, -1, -2]"
936,dfs_bnb_mpi,0.081368,-4,5,26173,"[-1, -1, 2, 2, -1, 2, 2, 2, 2, 1, -2, -2, -2, 1, 1, -2, -2, -1, 2]"
937,dfs_bnb_mpi,0.753995,-5,6,226429,"[-1, -2, -1, 2, -1, 2, 2, 2, 1, -2, -2, 1, 1, 1, 2, -1, -1, 2, 2]"
938,dfs_bnb_mpi,0.032233,-4,5,9989,"[-1, -1, 2, 1, 2, 1, -2, 1, 2, 2, -1, 2, 2, -1, -2, -2, -1, 2, 2]"
939,dfs_bnb_mpi,0.91265,-5,6,242935,"[-1, -1, 2, 2, 2, 2, 2, 1, 1, -2, -1, -2, -2, 1, 2, 1, 1, 2, -1]"
940,dfs_bnb_mpi,2.73023,-5,6,672066,"[-1, -1, 2, 2, 2, 2, 2, 1, -2, -2, -2, 1, 1, 2, -1, 2, 2, 1, -2]"
941,dfs_bnb_mpi,2.36685,-5,5,725141,"[-1, -1, 2, 2, 2, 2, 1, -2, 1, 1, 1, -2, -2, -1, -1, -1, 2, 1, 1]"
942,dfs_bnb_mpi,0.471417,-5,6,141204,"[-1, -1, 2, 2, -1, -2, -2, -1, -2, 1, -2, 1, 1, -2, 1, 2, 2, -1, -1]"
943,dfs_bnb_mpi,0.40129,-7,8,117445,"[-1, -2, -1, 2, 2, 1, 2, 2, 1, -2, -2, 1, -2, 1, -2, -1, -2, -1, 2]"
944,dfs_bnb_mpi,2.91814,-4,5,687808,"[-1, -1, 2, 2, 2, 2, 2, 2, 2, 1, 1, -2, -2, -1, -2, 1, 1, 2, 2]"
945,dfs_bnb_mpi,1.30044,-4,5,422485,"[-1, -1, 2, 2, -1, -2, -1, -2, 1, -2, -1, -1, -1, -2, 1, 1, 1, 1, 2]"
946,dfs_bnb_mpi,1.06368,-4,5,341162,"[-1, -1, 2, 2, 2, 1, -2, -2, 1, 1, 2, 2, 2, 1, -2, -2, -2, -2, -1]"
947,dfs_bnb_mpi,2.02735,-5,6,595508,"[-1, -1, 2, 2, 2, 2, 2, 1, -2, -2, 1, 2, 1, -2, -2, -1, -2, -1, 2]"
948,dfs_bnb_mpi,0.020172,-5,6,5965,"[-1, -1, 2, 1, 1, 1, 1, -2, -1, -2, 1, 1, -2, -1, -1, -1, 2, -1, -1]"
949,dfs_bnb_mpi,0.029767,-4,5,9569,"[-1, -1, 2, -1, -2, -1, -2, -1, -1, -2, 1, 1, 1, 2, 1, 1, 1, 1, 2]"
950,dfs_bnb_mpi,0.326157,-6,7,101375,"[-1, -2, 1, 1, -2, 1, -2, 1, 1, 2, -1, 2, -1, 2, 2, 2, -1, -2, -2]"
951,dfs_bnb_mpi,37.4672,-6,7,10481403,"[-1, -2, -1, -2, 1, -2, 1, 1, 1, 2, 2, 2, 2, -1, -2, -2, -2, -1, 2]"
952,dfs_bnb_mpi,0.185776,-5,6,59571,"[-1, -2, 1, 1, 1, 2, -1, 2, 1, 2, 2, 2, -1, -2, -2, -1, -2, -1, 2]"
953,dfs_bnb_mpi,1.46057,-4,5,463909,"[-1, -1, 2, 2, 2, 1, -2, -2, 1, 2, 2, 2, -1, -1, -1, -2, -2, -2, -1]"
954,dfs_bnb_mpi,0.000368,-2,3,95,"[-1, -1, 2, 2, 2, 2, 2, 2, 2, 2, 1, -2, 1, -2, -1, -2, 1, 1, 2]"
955,dfs_bnb_mpi,0.028878,-5,6,9330,"[-1, -2, 1, 1, 2, 2, 1, 2, 2, 2, -1, -2, -2, -1, -2, -1, 2, 2, 2]"
956,dfs_bnb_mpi,1.34066,-5,6,425967,"[-1, -1, 2, 2, 2, 2, 2, 1, 2, 1, -2, 1, 1, -2, -1, -1, -2, -1, 2]"
957,dfs_bnb_mpi,0.309204,-6,7,92662,"[-1, -1, 2, 1, 2, -1, 2, -1, 2, -1, -2, -1, -2, 1, 1, -2, -1, -1, -1]"
958,dfs_bnb_mpi,3.18452,-6,7,799335,"[-1, -1, 2, 1, 1, 2, 1, -2, 1, -2, -2, -2, -1, -1, -1, 2, 1, 1, 2]"
959,dfs_bnb_mpi,0.00032,-2,3,91,"[-1, -1, 2, 2, 2, 2, 2, 2, 2, 2, 2, 2, 1, -2, 1, -2, -1, -2, 1]"
960,dfs_bnb_mpi,0.892182,-5,6,261222,"[-1, -1, 2, 2, 2, -1, 2, -1, -2, -1, -2, -2, 1, 2, 1, -2, -2, -1, -1]"
961,dfs_bnb_mpi,1.23842,-5,5,348886,"[-1, -1, 2, 2, 2, 2, -1, -2, -2, -2, -1, -1, -2, 1, 1, -2, -2, 1, 2]"
962,dfs_bnb_mpi,0.130398,-5,6,37964,"[-1, -1, 2, 1, 1, 2, 2, 1, -2, -2, 1, -2, -1, -2, -1, -2, -1, 2, -1]"
963,dfs_bnb_mpi,0.046743,-2,3,14026,"[-1, -1, 2, 2, 2, 1, 2, 2, 2, -1, -2, -2, -1, -2, -1, 2, 2, 2, 2]"
964,dfs_bnb_mpi,0.393618,-4,5,120635,"[-1, -1, 2, 2, 2, 1, -2, 1, 2, 2, -1, -1, -1, -2, -2, -1, -2, 1, -2]"
965,dfs_bnb_mpi,2.69845,-4,5,861760,"[-1, -1, -1, 2, 1, 2, 1, -2, 1, 2, 2, 1, -2, -2, -2, -2, -1, -1, -1]"
966,dfs_bnb_mpi,0.925945,-2,3,296403,"[-1, -1, 2, 2, 2, 2, 2, 1, -2, -2, -2, -2, 1, 1, -2, -2, -1, -1, -1]"
967,dfs_bnb_mpi,18.9089,-5,6,4762242,"[-1, -1, 2, 2, 2, 2, 2, 1, 2, 1, -2, 1, 1, -2, -1, -1, -1, -2, 1]"
968,dfs_bnb_mpi,0.0617,-5,6,17937,"[-1, -1, 2, 2, 2, 2, -1, -2, -2, -2, -2, -1, -2, 1, -2, 1, 2, 1, 1]"
969,dfs_bnb_mpi,0.082044,-4,5,25944,"[-1, -1, 2, 2, 2, 1, -2, -2, 1, 2, 1, -2, 1, 1, -2, -1, -1, -2, 1]"
970,dfs_bnb_mpi,1.01789,-5,6,262888,"[-1, -1, 2, 2, 2, -1, -2, -2, -2, -1, -1, -2, 1, 1, -2, 1, 2, 1, 1]"
971,dfs_bnb_mpi,1.25232,-4,5,384891,"[-1, -1, 2, 2, 1, 2, -1, 2, 2, -1, -2, -2, -1, -1, -2, 1, 1, -2, -1]"
972,dfs_bnb_mpi,1.93817,-5,6,614364,"[-1, -1, 2, -1, -2, -2, 1, 1, -2, -2, 1, 2, 2, 1, 2, 2, 2, -1, -2]"
973,dfs_bnb_mpi,24.6772,-5,6,5882856,"[-1, -2, -1, 2, -1, 2, 2, 2, 2, 2, 2, 1, -2, -2, -2, -2, 1, -2, -1]"
974,dfs_bnb_mpi,0.478197,-5,6,121121,"[-1, -1, 2, 2, 2, 2, 1, 1, -2, -2, -1, -2, 1, 1, -2, -2, -1, -1, -1]"
975,dfs_bnb_mpi,0.192687,-5,6,60080,"[-1, -1, 2, 1, 2, 2, 2, 1, -2, -2, -2, 1, -2, 1, 1, -2, -1, -1, -1]"
976,dfs_bnb_mpi,0.144369,-4,5,43260,"[-1, -1, 2, 2, 2, 2, -1, -1, -2, 1, -2, -2, -2, -1, -2, 1, 1, 1, 1]"
977,dfs_bnb_mpi,3.82019,-2,3,1125364,"[-1, -1, 2, 2, 2, 2, 2, 2, 2, 1, -2, 1, 2, 2, -1, -1, -1, -2, -2]"
978,dfs_bnb_mpi,0.64777,-4,5,204174,"[-1, -1, 2, 1, 2, 2, 2, 1, 1, -2, -2, -2, -2, -2, -1, -2, -1, 2, -1]"
979,dfs_bnb_mpi,0.009408,-4,4,2661,"[-1, -1, 2, 2, 2, 2, 1, -2, -2, -2, 1, 2, 2, 2, 2, 2, 2, 2, 2]"
980,dfs_bnb_mpi,0.006591,-5,6,2043,"[-1, -1, 2, -1, -1, -2, 1, -2, 1, 1, 1, 1, 2, 2, -1, -1, 2, 2, 2]"
981,dfs_bnb_mpi,61.9537,-3,4,13475564,"[-1, -1, 2, 2, 2, 2, 2, 2, 2, 2, 2, 2, 2, 1, 1, -2, -1, -2, 1]"
982,dfs_bnb_mpi,1.90483,-4,5,535179,"[-1, -1, 2, 2, 2, 2, 2, 2, 2, 1, 2, 1, 2, -1, -1, -2, -1, -2, -1]"
983,dfs_bnb_mpi,0.010678,-4,4,2576,"[-1, -1, 2, 2, 2, 1, 1, -2, -1, -2, 1, 1, 2, 2, 2, 2, 2, 2, 2]"
984,dfs_bnb_mpi,1.21299,-5,6,372942,"[-1, -1, 2, 2, -1, 2, -1, -2, -1, 2, -1, -2, -2, 1, -2, 1, 2, 1, -2]"
985,dfs_bnb_mpi,0.040619,-5,6,12126,"[-1, -1, 2, 2, 1, 1, -2, 1, 2, 1, -2, -2, -1, -2, -1, -2, -1, 2, -1]"
986,dfs_bnb_mpi,0.091777,-5,6,25636,"[-1, -2, -1, -1, 2, 1, 2, 2, 1, -2, 1, 2, 1, -2, -2, 1, 2, 2, 2]"
987,dfs_bnb_mpi,2.56446,-6,7,767857,"[-1, -2, 1, 1, 1, 1, 2, -1, -1, 2, 1, 2, 2, -1, -2, -1, -1, -2, 1]"
988,dfs_bnb_mpi,0.201303,-5,6,51007,"[-1, -1, 2, 2, 2, 2, -1, -2, -2, -1, -2, 1, -2, -2, -1, 2, -1, 2, 2]"
989,dfs_bnb_mpi,0.055526,-5,6,15322,"[-1, -1, 2, 2, 2, 2, 2, 2, 1, 1, -2, -1, -2, -2, -2, 1, 2, 2, 1]"
990,dfs_bnb_mpi,0.060227,-5,6,15530,"[-1, -1, 2, 2, 1, 1, 2, -1, 2, -1, -2, -1, -2, -1, -1, -2, 1, 1, -2]"
991,dfs_bnb_mpi,2.46585,-4,5,750077,"[-1, -1, 2, 2, 2, 2, 2, 2, 1, 2, -1, -1, 2, 2, -1, -2, -2, -2, 1]"
992,dfs_bnb_mpi,5.80762,-5,6,1789938,"[-1, -1, 2, 2, 2, 1, -2, -2, 1, 1, -2, 1, 1, -2, -1, -1, -1, -1, -1]"
993,dfs_bnb_mpi,0.076314,-4,5,22371,"[-1, -1, 2, 2, -1, -1, -2, 1, -2, -1, -1, -2, 1, 1, 1, 1, 1, 1, 2]"
994,dfs_bnb_mpi,1.80328,-4,5,575043,"[-1, -1, 2, 1, 2, 1, 2, -1, -1, -2, -1, -1, -2, 1, -2, -2, 1, 1, 1]"
995,dfs_bnb_mpi,0.143616,-5,6,40181,"[-1, -2, -1, 2, 2, -1, 2, 1, 2, 1, 1, -2, -1, -2, 1, 1, 2, 2, 2]"
996,dfs_bnb_mpi,0.860369,-4,5,243266,"[-1, -1, 2, 2, 1, 2, 2, 2, 1, 2, -1, -1, -2, -2, -2, -1, -2, -1, 2]"
997,dfs_bnb_mpi,3.27242,-5,6,992986,"[-1, -1, 2, 2, 1, 2, -1, -1, 2, 2, -1, -2, -1, -1, -2, 1, 1, -2, 1]"
998,dfs_bnb_mpi,0.476502,-4,5,148805,"[-1, -1, 2, 2, -1, -2, -1, 2, 2, -1, -2, -2, -2, 1, 1, -2, 1, 1, 1]"
999,dfs_bnb_mpi,0.34673,-5,6,96784,"[-1, -1, 2, 2, 2, 1, -2, -2, 1, 1, -2, 1, 2, 2, -1, -1, 2, 2, 2]"
