protein_id,algorithm,time,score,checked,placed,hash
0,dfs_bnb_mpi,148.843,-9,10,45536520,"[-1, -1, 2, 2, 2, -1, -1, -2, 1, -2, -1, -1, 2, -1, -2, -2, 1, 1, -2, -1, -2, 1, 1, 1, 1, 2, -1, -1, 2]"
1,dfs_bnb_mpi,2.89072,-10,11,805594,"[-1, -2, 1, 1, 2, 1, -2, -2, -1, -2, -1, 2, -1, -1, -2, 1, -2, -1, -1, 2, 2, 2, 1, 2, 2, 1, 1, 2, 2]"
2,dfs_bnb_mpi,52.2157,-9,9,15739150,"[-1, -1, 2, 1, 2, 2, 1, -2, -2, 1, 1, -2, -1, -2, 1, -2, -1, -1, 2, -1, -1, -1, 2, 2, 2, 1, 2, 2, 2]"
3,dfs_bnb_mpi,3577.11,-8,9,903445290,"[-1, -1, 2, 2, 2, 2, -1, -2, -1, 2, -1, -2, -2, -1, 2, -1, -2, -2, 1, 1, -2, 1, 2, 2, 1, -2, -2, -2, 1]"
4,dfs_bnb_mpi,79.0587,-9,10,23590668,"[-1, -1, 2, -1, -2, -1, 2, -1, -2, -2, -1, -2, 1, -2, -1, -2, 1, 1, 2, 1, 1, 2, -1, -1, 2, 1, 1, 1, 1]"
5,dfs_bnb_mpi,252.206,-8,9,63766126,"[-1, -1, 2, 2, 2, 2, 2, 1, -2, 1, 2, 2, 2, -1, -2, -1, 2, -1, -2, -2, -2, -2, -1, 2, 2, -1, 2, 1, 2]"
6,dfs_bnb_mpi,57.1296,-9,10,16041236,"[-1, -1, 2, 1, 1, 1, 1, -2, -1, -2, 1, -2, -1, -2, -2, -1, 2, 2, 2, -1, -1, -2, 1, -2, -1, -1, 2, 2, 2]"
7,dfs_bnb_mpi,28668.5,-8,9,6462307955,"[-1, -1, 2, 1, 2, -1, 2, -1, 2, 2, -1, -1, -2, -2, -2, -2, -1, -2, 1, -2, 1, 1, 2, -1, 2, 1, 2, -1, 2]"
8,dfs_bnb_mpi,133.065,-9,10,39913321,"[-1, -1, 2, 2, 1, -2, 1, 1, -2, -2, -1, -1, -1, -2, 1, 1, 1, 1, 2, 1, -2, -2, -1, -1, -1, -1, -2, 1, 1]"
9,dfs_bnb_mpi,669.907,-9,10,174445431,"[-1, -1, 2, 2, -1, -1, -2, 1, -2, -2, 1, 1, -2, -1, -1, -2, -2, -1, 2, 2, -1, 2, 1, 2, -1, 2, 2, 2, 2]"
10,dfs_bnb_mpi,12669.4,-8,9,3167435092,"[-1, -1, 2, -1, 2, -1, -2, -1, -2, -1, -2, 1, -2, 1, 1, 1, 1, 1, 1, 1, 2, -1, -1, -1, -1, -1, 2, -1, -2]"
11,dfs_bnb_mpi,488.872,-9,10,119275378,"[-1, -1, 2, 2, 2, 2, 1, -2, -2, -2, 1, 2, 1, -2, -2, 1, 2, 1, 2, -1, 2, -1, -1, 2, 2, 1, -2, 1, 2]"
12,dfs_bnb_mpi,191.522,-8,9,49650110,"[-1, -1, 2, 2, 2, -1, 2, -1, 2, 2, -1, -2, -2, -1, -2, 1, 1, -2, 1, -2, -1, -1, -2, 1, 1, -2, 1, 1, 1]"
13,dfs_bnb_mpi,8516.51,-10,11,1871059850,"[-1, -1, 2, 2, -1, 2, 1, 1, 2, -1, 2, 1, 2, 2, 2, 1, -2, -2, -2, 1, -2, -1, -2, 1, -2, -1, -2, -1, 2]"
14,dfs_bnb_mpi,25.182,-10,10,7442343,"[-1, -1, 2, -1, -2, -1, -1, -2, 1, 1, 1, 1, 1, 1, -2, 1, -2, -1, -1, 2, -1, -1, -1, -2, -2, -1, 2, 2, -1]"
15,dfs_bnb_mpi,123.9,-9,10,28929775,"[-1, -1, 2, 2, 2, 2, 2, 1, 2, -1, 2, -1, 2, -1, -1, -2, 1, -2, 1, -2, -2, -1, -1, -1, 2, 2, 1, -2, 1]"
16,dfs_bnb_mpi,0.044291,-10,11,12543,"[-1, -1, 2, 2, 1, -2, 1, 2, 1, -2, 1, 2, 1, -2, -2, -1, -1, -2, -1, -2, -1, 2, -1, -1, 2, 2, 2, 2, 2]"
17,dfs_bnb_mpi,28543.9,-9,10,7433537812,"[-1, -1, 2, 2, -1, -1, -2, -2, -2, -2, -1, -2, 1, 1, 1, -2, -2, 1, 2, 2, 1, 2, 2, -1, -2, -1, 2, -1, -2]"
18,dfs_bnb_mpi,97.9988,-9,10,29349970,"[-1, -1, 2, 2, 2, -1, 2, 1, 2, 2, 2, 1, 2, 1, -2, -2, -1, -2, -2, 1, 2, 1, -2, -2, -1, -1, -2, -2, 1]"
19,dfs_bnb_mpi,4.73351,-10,11,1241472,"[-1, -2, -1, -2, 1, -2, 1, -2, -1, -2, 1, -2, 1, 2, 2, 2, 1, -2, 1, 2, 2, -1, -1, -1, 2, 1, 2, 2, 2]"
20,dfs_bnb_mpi,8.97973,-9,10,2543102,"[-1, -1, 2, 2, 2, 2, 2, 2, -1, -2, -1, -1, -2, -2, 1, 2, 1, -2, -2, -2, -1, -2, 1, -2, 1, 1, 1, 1, 2]"
21,dfs_bnb_mpi,813.353,-9,10,234620123,"[-1, -1, 2, 2, 2, 1, -2, -2, 1, 2, 1, -2, -2, -2, -1, -2, -2, -1, 2, 2, -1, -1, -1, 2, 2, 2, 1, -2, -2]"
22,dfs_bnb_mpi,22.2125,-10,10,4985641,"[-1, -2, -2, -1, 2, 2, 2, 1, 1, 2, 2, 2, -1, -2, -2, -1, 2, -1, -1, -2, 1, -2, -1, -2, 1, -2, -1, -1, 2]"
23,dfs_bnb_mpi,37.8172,-10,11,11555958,"[-1, -2, 1, 1, 2, 2, 2, 1, -2, 1, 2, 1, -2, -2, -1, -1, -2, -2, -1, -1, -1, -1, 2, 2, 2, 1, 1, 2, 2]"
24,dfs_bnb_mpi,1.39643,-9,10,328845,"[-1, -1, 2, 1, 1, 2, 1, -2, 1, 2, 1, -2, -2, -1, -1, -2, 1, 1, 1, 1, 2, -1, 2, 2, 2, 2, 2, 2, 2]"
25,dfs_bnb_mpi,369.159,-9,9,107093573,"[-1, -1, 2, 2, 2, 2, 2, 1, -2, -2, -2, -2, 1, 2, 1, 2, 1, -2, 1, -2, -1, -1, -2, 1, 1, -2, -1, -1, -1]"
26,dfs_bnb_mpi,221.352,-9,9,57561680,"[-1, -1, 2, 2, 1, 1, -2, 1, 2, 2, 1, -2, -2, -2, -1, -2, -1, -2, -1, 2, -1, -2, -2, -1, 2, 2, -1, 2, 1]"
27,dfs_bnb_mpi,148.253,-9,10,36091164,"[-1, -1, 2, 2, 2, -1, -2, -1, -1, -2, 1, 1, -2, -2, -1, -2, 1, 1, 2, 1, 1, -2, -1, -2, -1, -1, -2, 1, 1]"
28,dfs_bnb_mpi,9.14856,-10,11,2789183,"[-1, -1, 2, 1, 1, 2, -1, -1, 2, -1, -2, -1, -2, 1, -2, -2, -2, 1, 1, -2, -2, 1, 2, 1, 2, -1, 2, -1, -1]"
29,dfs_bnb_mpi,53.7922,-11,12,15673285,"[-1, -1, 2, -1, 2, 1, 2, 1, -2, -2, 1, 1, -2, 1, 1, 2, 1, -2, 1, -2, -1, -2, -1, 2, -1, -1, -2, -1, 2]"
30,dfs_bnb_mpi,339.817,-10,11,100577220,"[-1, -1, 2, 1, 1, 1, 2, -1, -1, 2, 2, -1, 2, 2, -1, -2, -1, -1, -2, 1, 1, -2, 1, -2, -1, -1, -2, 1, -2]"
31,dfs_bnb_mpi,33.934,-9,10,8996929,"[-1, -1, 2, 2, 1, 2, -1, -1, 2, -1, 2, -1, -2, -2, 1, -2, -2, -1, 2, -1, -1, -2, 1, -2, 1, 1, 1, 2, 2]"
32,dfs_bnb_mpi,134.678,-8,9,37527803,"[-1, -1, 2, 2, 1, -2, 1, 2, 2, 1, -2, -2, 1, 2, 1, -2, -2, -1, -1, -2, -1, -1, -1, -1, -1, -2, 1, 1, 1]"
33,dfs_bnb_mpi,10177.8,-8,9,2991430027,"[-1, -1, 2, 2, 2, 1, -2, 1, 2, 2, 2, 2, -1, -2, -2, -1, 2, 2, 2, 2, -1, -2, -2, -1, -2, 1, -2, -2, -2]"
34,dfs_bnb_mpi,8183.29,-6,7,2264808946,"[-1, -1, 2, 2, 2, 2, 2, 2, 2, 2, 2, 1, 2, 1, 1, 1, 2, 2, -1, -2, -1, 2, -1, -2, -1, -2, -1, -2, -1]"
35,dfs_bnb_mpi,40.9617,-8,9,9391958,"[-1, -1, 2, 2, 1, -2, 1, 1, -2, -2, -1, -1, -1, -1, 2, -1, 2, 1, 2, -1, 2, -1, -2, -2, -1, -2, 1, -2, 1]"
36,dfs_bnb_mpi,2.49987,-10,11,680233,"[-1, -2, 1, 1, 1, -2, -1, -1, -1, -1, -2, 1, 1, -2, 1, 2, 1, 1, 1, -2, -1, -1, -2, 1, -2, -1, -1, 2, -1]"
37,dfs_bnb_mpi,9.07265,-10,11,2601551,"[-1, -1, -1, 2, 2, -1, 2, 1, 1, -2, -2, 1, 2, 2, 1, -2, -2, 1, 2, 1, -2, 1, 1, -2, -1, -1, -1, -2, 1]"
38,dfs_bnb_mpi,36.3015,-9,10,10632997,"[-1, -1, 2, 1, 2, -1, -1, -2, -1, 2, 2, 1, 1, 1, 1, -2, -2, 1, -2, -2, -1, -1, -2, -1, 2, -1, 2, -1, -1]"
39,dfs_bnb_mpi,12110.9,-10,11,3519275070,"[-1, -1, 2, 2, 2, 2, 1, 1, 2, -1, -1, 2, -1, -2, -1, -1, -2, 1, -2, -2, -1, -2, 1, -2, 1, 2, 2, 2, 2]"
40,dfs_bnb_mpi,1403.18,-10,11,405505019,"[-1, -2, -1, 2, 2, 1, 2, 2, -1, -1, -1, -2, -1, -2, -1, -1, -2, 1, 1, -2, 1, -2, 1, 2, 2, -1, 2, 1, 2]"
41,dfs_bnb_mpi,92.7508,-9,10,24008113,"[-1, -1, 2, 1, 2, 2, 2, -1, -2, -2, -1, -2, -1, -2, 1, -2, 1, 1, -2, -1, -1, -1, -2, 1, -2, 1, 2, 1, 1]"
42,dfs_bnb_mpi,70.8185,-10,10,19410437,"[-1, -1, 2, 2, 1, -2, 1, 1, -2, 1, -2, 1, -2, 1, 1, -2, -1, -1, -1, 2, -1, 2, -1, -2, -1, 2, -1, -1, 2]"
43,dfs_bnb_mpi,530.117,-9,10,150084006,"[-1, -1, 2, 2, 2, 1, 2, 1, 2, -1, -1, 2, 1, 2, 2, 1, -2, -2, 1, -2, 1, -2, -1, -2, -1, -2, -1, -2, 1]"
44,dfs_bnb_mpi,3376.32,-9,10,942362301,"[-1, -1, 2, 2, 1, 2, 2, -1, -1, -1, -2, -2, -2, -1, 2, -1, -2, -1, -2, 1, -2, 1, 2, 1, 1, 2, 2, 2, 1]"
45,dfs_bnb_mpi,9235.66,-9,10,2530147788,"[-1, -2, 1, -2, 1, 1, 2, -1, 2, 1, 2, -1, 2, 2, 2, 2, 2, 2, -1, -2, -2, -2, -2, -1, -2, 1, -2, -1, -1]"
46,dfs_bnb_mpi,202.668,-8,9,51645915,"[-1, -1, 2, 2, 1, 1, 1, 2, -1, -1, 2, 2, 1, 2, 2, -1, -2, -1, -2, -2, -2, -1, 2, -1, -2, -2, 1, -2, -1]"
47,dfs_bnb_mpi,7595.65,-9,10,1805051861,"[-1, -1, 2, 2, 2, 1, -2, -2, 1, 2, 1, -2, -2, 1, -2, 1, 2, 1, -2, -2, -1, -1, -1, 2, -1, -1, -2, 1, -2]"
48,dfs_bnb_mpi,66.1042,-10,11,18959694,"[-1, -1, 2, 1, 2, 1, -2, 1, -2, 1, 2, 1, -2, -2, -1, -1, -2, -1, 2, -1, -1, -1, -2, -1, 2, 2, 1, 2, 2]"
49,dfs_bnb_mpi,135.687,-10,11,41154479,"[-1, -2, 1, 1, 2, 2, 2, 2, -1, -2, -2, -1, 2, 2, -1, -1, -1, -2, -2, -2, 1, -2, -2, 1, 2, 2, 2, -1, 2]"
50,dfs_bnb_mpi,299.256,-10,11,89288513,"[-1, -1, 2, 2, 1, -2, 1, 2, 1, 2, -1, -1, 2, -1, -2, -1, 2, -1, -2, -1, 2, -1, -2, -2, 1, 1, 1, -2, -1]"
51,dfs_bnb_mpi,9.18203,-10,11,2677244,"[-1, -1, 2, 2, 1, 2, 1, 2, -1, 2, 1, 1, 2, -1, 2, -1, -2, -1, -2, -1, -2, 1, -2, -1, -1, -2, 1, -2, -1]"
52,dfs_bnb_mpi,5.03502,-9,10,1545304,"[-1, -1, 2, 2, -1, -2, -2, -2, 1, -2, 1, 2, 1, -2, -2, -1, -1, -1, 2, -1, 2, -1, 2, 1, 2, 2, 2, 2, 2]"
53,dfs_bnb_mpi,102.667,-11,11,28193110,"[-1, -1, 2, -1, -2, -2, 1, 1, 1, -2, 1, -2, -1, -2, -1, 2, 2, -1, -1, -2, -1, 2, 2, 2, -1, -2, -1, -2, 1]"
54,dfs_bnb_mpi,2076.03,-8,9,568066282,"[-1, -1, 2, 2, 2, 2, 2, 2, 2, 1, -2, -2, 1, -2, -1, -2, -2, 1, 2, 1, -2, 1, 2, 1, 2, -1, -1, 2, 2]"
55,dfs_bnb_mpi,94.4173,-10,11,26766624,"[-1, -1, 2, 2, 2, -1, -2, -1, -1, 2, 1, 2, -1, -1, -2, -2, -1, -1, -2, 1, -2, 1, 2, 1, -2, 1, 2, 1, -2]"
56,dfs_bnb_mpi,22.307,-10,11,6493096,"[-1, -1, 2, -1, -1, -2, 1, -2, 1, -2, 1, 2, 1, 1, 2, 1, 2, -1, -1, -1, 2, 1, 2, 2, -1, -2, -1, -2, -1]"
57,dfs_bnb_mpi,946.189,-10,11,251163223,"[-1, -2, -2, -1, 2, 2, -1, 2, 1, 2, 2, 1, 2, 1, -2, 1, 2, 1, -2, -2, 1, -2, -1, -1, 2, -1, -1, -2, 1]"
58,dfs_bnb_mpi,2789.45,-9,10,793198218,"[-1, -1, 2, 2, 2, 2, 1, 2, -1, 2, 2, -1, -2, -1, 2, -1, -2, -1, -1, -2, 1, 1, 1, 1, -2, -1, -1, -1, -1]"
59,dfs_bnb_mpi,189.557,-11,12,54656909,"[-1, -2, 1, 1, -2, 1, 2, 1, 2, -1, 2, 2, 2, 2, -1, -2, -2, -1, 2, 2, -1, -2, -1, -2, 1, -2, 1, 1, -2]"
60,dfs_bnb_mpi,395.036,-9,10,114585122,"[-1, -1, 2, 2, 2, 1, -2, 1, 2, 2, 1, 2, -1, 2, 1, 1, 2, 1, -2, 1, -2, -1, -1, -2, 1, -2, -1, -1, -2]"
61,dfs_bnb_mpi,31596.1,-10,11,9009907758,"[-1, -2, 1, 1, -2, 1, 1, 2, -1, 2, 1, 1, 2, 2, -1, -2, -1, 2, -1, 2, 2, -1, -2, -1, -2, 1, -2, 1, -2]"
62,dfs_bnb_mpi,2113.02,-10,11,630767640,"[-1, -1, 2, 1, 2, 2, 2, -1, -1, -1, -2, 1, 1, -2, -1, -2, -2, -1, -1, 2, -1, -1, 2, 1, 2, 1, -2, 1, -2]"
63,dfs_bnb_mpi,487.082,-9,10,121782489,"[-1, -1, 2, 2, 2, 2, 2, 2, 1, 1, 1, 2, -1, -1, 2, -1, -2, -1, 2, -1, 2, -1, -2, -1, -2, 1, 1, -2, 1]"
64,dfs_bnb_mpi,6993.71,-8,9,2076320907,"[-1, -1, 2, 1, 2, 1, -2, 1, 2, 2, -1, -1, 2, 2, 1, -2, 1, 2, 1, 2, 1, -2, -2, -1, -2, 1, -2, -1, -2]"
65,dfs_bnb_mpi,393.534,-9,10,115949248,"[-1, -1, 2, 2, 2, 2, -1, -2, -2, -2, -2, -1, -1, -1, -1, 2, 1, 1, 2, -1, -1, 2, 1, 1, 2, 1, -2, -2, -2]"
66,dfs_bnb_mpi,2368.63,-8,9,706350604,"[-1, -1, 2, 2, 2, 2, 2, 2, -1, 2, -1, -1, -2, 1, -2, 1, -2, -2, -2, -2, -2, -1, -2, 1, -2, 1, 2, 1, 1]"
67,dfs_bnb_mpi,1291.3,-10,11,324656443,"[-1, -2, 1, 1, 2, 2, 2, 1, 2, -1, 2, -1, 2, -1, -2, -2, 1, -2, -2, -1, 2, -1, -2, -1, -2, 1, -2, -1, -1]"
68,dfs_bnb_mpi,3528.06,-9,10,829924069,"[-1, -2, 1, 1, 2, 1, 2, -1, 2, 2, 2, 2, 2, 2, 2, -1, -2, -2, -2, -2, -2, -2, -2, -1, -1, 2, 1, 2, 2]"
69,dfs_bnb_mpi,12.2527,-10,10,3688017,"[-1, -1, 2, 2, 2, -1, -2, -1, -2, 1, -2, -2, -1, 2, -1, -1, 2, 1, 2, -1, -1, 2, 2, 1, -2, 1, 2, 1, -2]"
70,dfs_bnb_mpi,277.588,-10,11,81907679,"[-1, -2, 1, 1, 2, 2, 1, 2, -1, -1, -2, -1, 2, -1, 2, 2, 2, 1, -2, -2, 1, 2, 1, -2, 1, 2, 2, 2, 2]"
71,dfs_bnb_mpi,581.251,-9,10,153645995,"[-1, -1, 2, 2, 2, 2, 2, 1, 2, -1, -1, 2, 1, 2, 1, -2, 1, 1, -2, -1, -2, 1, 1, -2, -1, -1, -2, -1, 2]"
72,dfs_bnb_mpi,141.018,-9,10,41269844,"[-1, -1, 2, -1, -1, 2, 1, 2, 1, -2, 1, 2, 2, -1, -1, 2, -1, -2, -2, -1, -1, -2, 1, -2, -2, 1, 1, -2, 1]"
73,dfs_bnb_mpi,574.65,-10,11,150099087,"[-1, -1, 2, 2, -1, 2, 2, -1, -2, -2, -1, -2, -1, -1, -2, 1, 1, -2, 1, 2, 2, 1, -2, -2, 1, 1, -2, -1, -1]"
74,dfs_bnb_mpi,13.3937,-8,9,3543464,"[-1, -2, 1, 1, 2, 1, 1, 2, 2, 1, -2, -2, -2, -1, -1, -2, 1, 1, -2, -1, -1, -1, 2, -1, -1, -1, 2, 2, 2]"
75,dfs_bnb_mpi,758.024,-9,10,171483243,"[-1, -1, 2, 2, 1, -2, 1, 1, -2, -2, 1, 1, -2, -1, -1, -2, -1, 2, 2, -1, -1, -2, 1, -2, -2, 1, 1, 1, 2]"
76,dfs_bnb_mpi,9.01722,-9,10,2688094,"[-1, -1, 2, 2, 2, -1, -1, -2, 1, -2, -2, -1, -1, -2, 1, 1, 1, -2, 1, -2, -1, -1, 2, -1, -2, -2, 1, 1, 1]"
77,dfs_bnb_mpi,85.2919,-10,11,25301278,"[-1, -1, 2, -1, -1, -2, -2, -1, 2, 2, -1, -1, -1, 2, 1, 2, 1, -2, 1, 2, 1, -2, 1, 2, 1, -2, 1, -2, 1]"
78,dfs_bnb_mpi,1400.07,-8,9,319225285,"[-1, -1, 2, 2, 2, 2, 1, -2, -2, 1, 2, 2, 1, 1, 2, -1, -1, 2, -1, -2, -1, 2, 2, -1, -2, -2, -2, -2, -2]"
79,dfs_bnb_mpi,546.155,-10,10,141411864,"[-1, -2, -1, -1, -1, -2, -1, -1, 2, 1, 2, 1, 2, 2, 2, 1, 1, -2, -1, -2, -2, 1, 2, 1, 1, 2, 2, -1, -2]"
80,dfs_bnb_mpi,387.582,-8,9,101184219,"[-1, -1, 2, 2, 2, 2, 2, 1, 1, 2, -1, -1, 2, 2, 2, -1, -2, -2, -1, -1, -2, 1, 1, -2, -2, -1, 2, -1, -1]"
81,dfs_bnb_mpi,6215.43,-8,9,1805909945,"[-1, -1, 2, 2, 2, 2, 2, 2, 2, 2, 1, -2, -2, 1, -2, 1, 2, 1, 1, 1, 2, -1, 2, -1, -2, -1, 2, -1, -2]"
82,dfs_bnb_mpi,17.7899,-10,11,5357175,"[-1, -1, 2, 2, -1, 2, -1, -2, -1, -2, -2, 1, 2, 1, -2, -2, -2, 1, 2, 1, 1, -2, -1, -2, -1, -1, -1, 2, 2]"
83,dfs_bnb_mpi,208.631,-9,10,62681090,"[-1, -1, 2, 1, 2, 2, 2, -1, -2, -2, -1, 2, 2, 2, 1, 1, 1, 2, 2, 1, -2, -2, -2, -1, -2, -2, -2, 1, 2]"
84,dfs_bnb_mpi,416.745,-10,11,121673347,"[-1, -1, 2, 2, 2, -1, -2, -2, -2, -1, -2, 1, 1, 1, -2, -1, -1, -1, -1, -1, -2, 1, 1, 1, -2, 1, 1, 2, -1]"
85,dfs_bnb_mpi,190.285,-9,10,55280903,"[-1, -1, -1, 2, 2, 2, 1, -2, -2, 1, 1, 1, 2, -1, -1, 2, 1, 2, -1, 2, 2, 2, -1, -2, -2, -2, -1, 2, 2]"
86,dfs_bnb_mpi,1054.91,-11,12,314608367,"[-1, -1, 2, 1, 1, 2, 1, -2, 1, -2, -1, -2, 1, -2, 1, -2, -1, -1, -1, -2, -1, 2, 2, -1, 2, 1, 1, -2, 1]"
87,dfs_bnb_mpi,8046.64,-6,7,1923651507,"[-1, -1, 2, 2, 2, 2, 2, 2, 2, 2, 2, 2, 1, 2, 1, -2, 1, -2, 1, -2, -1, -1, 2, -1, -2, -2, 1, 1, 1]"
88,dfs_bnb_mpi,5957.08,-10,11,1625341865,"[-1, -1, -1, 2, 2, 2, 1, 2, 2, 1, 1, 1, -2, 1, 1, -2, -1, -1, -2, -1, -2, -1, -1, 2, 1, 2, 1, 2, -1]"
89,dfs_bnb_mpi,85.988,-8,9,25629539,"[-1, -1, -1, 2, 1, 2, 2, -1, 2, 1, 1, -2, 1, -2, -1, -2, 1, 1, 2, 1, -2, -2, -1, -2, -1, -1, -1, -1, -1]"
90,dfs_bnb_mpi,5549.76,-6,7,1480666180,"[-1, -1, 2, 2, 2, 2, 2, 1, -2, -2, -2, -2, 1, 1, 1, -2, -2, 1, -2, -1, -1, 2, -1, -1, -2, -1, 2, -1, 2]"
91,dfs_bnb_mpi,1073.21,-9,10,280849091,"[-1, -1, -1, 2, 1, 1, 1, 1, 2, 1, 2, -1, 2, 2, 2, -1, -2, -2, -2, -2, -1, -1, -1, 2, 1, 1, 2, 2, 2]"
92,dfs_bnb_mpi,14.3796,-10,11,3884111,"[-1, -2, -1, 2, -1, -1, -1, -1, 2, 1, 1, 1, 1, 2, -1, -1, -1, 2, 1, 2, 1, -2, 1, 1, -2, -2, 1, 2, 2]"
93,dfs_bnb_mpi,0.196597,-9,10,53990,"[-1, -1, 2, 2, 1, -2, 1, 2, 2, -1, 2, 2, 1, -2, 1, -2, 1, -2, -1, -2, -2, 1, 2, 1, 2, 2, 2, 2, 2]"
94,dfs_bnb_mpi,194.701,-8,8,52955098,"[-1, -1, 2, 2, 2, -1, 2, 2, 1, -2, 1, -2, -2, -2, 1, 2, 1, -2, -2, 1, -2, -1, -1, -2, -1, 2, -1, -1, 2]"
95,dfs_bnb_mpi,30.7022,-8,9,7428589,"[-1, -2, -1, 2, 2, -1, 2, 1, 1, 1, 1, -2, -2, 1, -2, -1, -1, -2, -2, -1, 2, -1, -1, 2, 2, -1, 2, 2, 2]"
96,dfs_bnb_mpi,3.46996,-8,8,1060763,"[-1, -1, 2, 2, 2, 1, 2, -1, 2, -1, -2, -2, -2, -2, -1, 2, -1, -1, 2, 2, 1, -2, 1, 2, 2, 2, 2, 2, 2]"
97,dfs_bnb_mpi,400.222,-9,10,112926219,"[-1, -2, -1, 2, 2, 2, 1, -2, 1, 2, 1, -2, 1, 1, -2, -1, -1, -2, 1, 1, 1, -2, -1, -1, -2, -1, 2, -1, 2]"
98,dfs_bnb_mpi,51991.2,-10,11,14780321650,"[-1, -1, 2, 1, 2, 1, -2, 1, 2, 2, 2, 1, -2, -2, -2, -2, -2, -2, -1, -1, -2, -1, -1, 2, 1, 2, 1, 1, 2]"
99,dfs_bnb_mpi,0.500878,-10,11,131928,"[-1, -1, 2, 2, -1, -2, -2, -1, 2, 2, 2, 1, 1, 1, 2, -1, 2, -1, -2, -1, -1, -2, -1, -2, 1, -2, -1, -1, 2]"
100,dfs_bnb_mpi,153.951,-10,11,46925786,"[-1, -1, 2, 1, 1, 1, -2, -2, 1, -2, -2, -1, 2, -1, -1, -1, -2, 1, 1, -2, -1, -1, -1, 2, 2, 2, 1, 1, 1]"
101,dfs_bnb_mpi,306.227,-10,11,89880978,"[-1, -1, 2, 1, 1, 2, 2, 2, 1, -2, -2, 1, 2, 2, 2, 1, -2, -2, 1, -2, -1, -2, -1, -1, -2, -2, 1, 2, 1]"
102,dfs_bnb_mpi,42.1295,-10,11,12388898,"[-1, -1, 2, -1, -2, -1, -1, -2, -1, 2, 2, -1, -2, -2, -2, -2, 1, 2, 1, 1, 1, -2, 1, 2, 1, 2, -1, -1, -1]"
103,dfs_bnb_mpi,2.22586,-10,11,619536,"[-1, -1, 2, -1, 2, 1, 1, -2, 1, 2, 2, -1, -1, -1, -1, 2, 1, 1, 2, 1, -2, 1, 1, -2, -2, 1, -2, -1, -2]"
104,dfs_bnb_mpi,582.214,-9,10,163015909,"[-1, -1, 2, 2, 1, 2, 1, -2, 1, 2, 1, 2, 2, -1, -2, -1, 2, -1, -2, -1, -2, -1, -2, -2, -2, -1, -2, 1, 1]"
105,dfs_bnb_mpi,9582.27,-8,9,2834096190,"[-1, -1, 2, -1, -1, -2, 1, -2, -1, -1, 2, 2, -1, 2, -1, -2, -1, 2, 2, -1, -2, -2, -2, 1, -2, 1, 2, 1, -2]"
106,dfs_bnb_mpi,29925.3,-10,11,8621391891,"[-1, -2, 1, -2, 1, 2, 1, 1, 2, 2, 2, 2, 2, -1, -1, -2, -2, -1, 2, 2, -1, -2, -2, -2, 1, 1, 1, -2, -1]"
107,dfs_bnb_mpi,2081.06,-9,10,602646474,"[-1, -1, 2, 2, 2, -1, -1, -1, -2, 1, -2, 1, -2, -2, 1, -2, -1, -1, -2, -1, 2, -1, 2, 1, 1, 2, -1, 2, -1]"
108,dfs_bnb_mpi,13.0929,-9,10,3895114,"[-1, -1, 2, 2, 2, 2, 1, -2, -2, -2, 1, 1, 2, -1, 2, 1, 1, -2, -2, 1, 1, -2, -2, -1, -1, -1, 2, 1, 1]"
109,dfs_bnb_mpi,15.4789,-10,10,4506541,"[-1, -2, 1, 1, -2, -1, -1, -2, -1, 2, -1, 2, 1, 2, 2, -1, 2, 1, 2, 2, 2, 1, -2, -2, 1, -2, -1, -2, 1]"
110,dfs_bnb_mpi,6.87609,-10,11,1881837,"[-1, -1, 2, 2, 1, -2, 1, 2, 2, 2, 1, -2, -2, -2, -2, 1, 2, 2, 1, -2, -2, -2, -1, -1, -2, -1, -1, 2, 1]"
111,dfs_bnb_mpi,1627.23,-9,10,478046617,"[-1, -1, 2, 2, 1, 2, 1, 2, 2, -1, -2, -1, -2, -1, -1, -1, -2, -1, -2, 1, -2, 1, -2, 1, 2, 2, 2, -1, -2]"
112,dfs_bnb_mpi,15216.5,-9,10,4174884259,"[-1, -1, 2, 2, 2, 1, 2, 2, 1, 1, 1, -2, -2, -2, 1, -2, -2, -1, 2, -1, 2, 2, 2, -1, -2, -2, -2, -1, 2]"
113,dfs_bnb_mpi,182.229,-10,11,51608746,"[-1, -1, 2, 2, 1, 1, 2, 2, 2, 2, -1, -2, -2, -2, -1, 2, 2, 2, -1, -2, -1, -2, 1, -2, -1, -2, 1, -2, -1]"
114,dfs_bnb_mpi,445.806,-11,12,128378490,"[-1, -2, 1, 1, 2, 1, 2, -1, 2, 2, 2, 2, -1, -2, -2, -2, -2, -1, -1, -2, -1, -2, -1, -2, -2, 1, 2, 1, 2]"
115,dfs_bnb_mpi,89.6468,-10,10,22700844,"[-1, -1, 2, 1, 1, 1, 2, -1, 2, 2, -1, -1, -1, -2, 1, 1, -2, -1, -1, -2, -1, -1, -2, 1, -2, -2, 1, 2, 2]"
116,dfs_bnb_mpi,1.19934,-10,11,345470,"[-1, -2, 1, 1, 2, 1, 2, 2, -1, -2, -1, -1, 2, 1, 2, 1, 2, 2, 2, 1, -2, 1, 1, -2, -1, -1, -2, 1, 1]"
117,dfs_bnb_mpi,92.2852,-10,11,27569189,"[-1, -1, -1, 2, 1, 1, 2, 1, -2, 1, -2, 1, 1, -2, -2, -1, -1, -1, -2, -1, 2, -1, -1, 2, 1, 1, 1, 1, 1]"
118,dfs_bnb_mpi,4210.3,-8,9,1111394368,"[-1, -1, 2, 2, 2, 1, 2, -1, -1, 2, 2, 2, -1, -2, -2, -2, -2, 1, -2, -2, -1, 2, -1, -1, 2, 1, 2, 2, 2]"
119,dfs_bnb_mpi,371.142,-10,11,90630872,"[-1, -2, -1, -2, 1, -2, -1, -2, 1, 1, -2, -2, 1, 2, 2, 1, 2, 2, -1, -2, -1, 2, 2, 1, 2, 2, 2, 2, 2]"
120,dfs_bnb_mpi,1019.78,-8,9,287438326,"[-1, -1, 2, 2, 2, -1, -2, -2, -2, -2, -1, -1, 2, 1, 2, 2, 2, 2, -1, -2, -1, -2, 1, -2, -1, -1, -2, 1, -2]"
121,dfs_bnb_mpi,475.267,-10,11,135118504,"[-1, -1, 2, 1, 1, 2, -1, 2, 2, -1, -2, -2, -1, -2, -1, -1, -2, 1, 1, -2, 1, -2, 1, 2, 1, -2, -2, -1, -1]"
122,dfs_bnb_mpi,7104.78,-11,12,1884540041,"[-1, -2, -2, -2, 1, 1, -2, 1, 2, 1, 1, 2, -1, -1, 2, 2, 1, 2, -1, 2, -1, -1, -2, 1, -2, -2, -1, -2, 1]"
123,dfs_bnb_mpi,1.33075,-8,9,312659,"[-1, -2, -1, 2, 2, 1, 2, -1, 2, -1, -2, -1, -2, 1, -2, -2, -1, 2, -1, 2, 2, 2, 2, 2, 2, 2, 2, 2, 2]"
124,dfs_bnb_mpi,277.13,-10,11,68665598,"[-1, -1, 2, 1, 2, -1, 2, -1, -2, -1, 2, 2, -1, -1, -1, -2, 1, 1, -2, -1, -2, -1, -2, 1, 1, 2, 1, 1, -2]"
125,dfs_bnb_mpi,28.1475,-8,9,8121885,"[-1, -1, 2, 2, 1, 2, -1, 2, 1, 2, 1, 2, -1, 2, -1, -1, -2, 1, -2, -1, -1, -2, 1, -2, -2, -1, 2, -1, 2]"
126,dfs_bnb_mpi,86.0356,-8,9,24556938,"[-1, -1, 2, 1, 1, 2, 2, 2, 2, -1, 2, 1, 1, 2, 1, 2, 1, -2, 1, -2, -1, -1, -2, -1, -2, -2, -2, -2, 1]"
127,dfs_bnb_mpi,81.3312,-9,10,23820530,"[-1, -1, 2, 1, 2, -1, -1, -2, -1, 2, 2, 1, 1, 2, -1, -1, 2, -1, 2, 1, 1, -2, 1, 2, 2, -1, 2, 2, 2]"
128,dfs_bnb_mpi,3.72744,-9,10,918027,"[-1, -1, 2, -1, -2, -2, -1, -1, -2, 1, 1, -2, 1, 2, 2, 1, -2, 1, 2, 1, 2, 2, -1, -1, 2, 2, 2, 2, 2]"
129,dfs_bnb_mpi,49.2784,-11,12,14916147,"[-1, -1, 2, 1, 1, 1, -2, -2, -1, -1, -2, 1, 1, 1, 2, 1, 1, 2, -1, -1, 2, 2, -1, -1, 2, -1, -1, -2, 1]"
130,dfs_bnb_mpi,13.2814,-10,11,3747290,"[-1, -1, -1, 2, 2, 2, 2, 1, -2, -2, -2, 1, 2, 1, 2, -1, 2, 2, 1, 1, -2, -2, 1, 1, -2, -1, -1, -2, -1]"
131,dfs_bnb_mpi,142.252,-9,10,41795317,"[-1, -1, 2, 2, 2, 2, 1, 2, 2, -1, 2, 1, 2, 1, 2, 1, -2, -2, -1, -2, 1, -2, -1, -2, -2, -1, -2, 1, 1]"
132,dfs_bnb_mpi,295.944,-10,11,87094101,"[-1, -2, 1, 1, 2, 2, 2, 2, 1, -2, -2, -2, 1, -2, -1, -2, 1, 1, -2, -1, -1, -2, -1, 2, -1, -1, 2, 1, 1]"
133,dfs_bnb_mpi,131.315,-8,9,38992255,"[-1, -1, 2, 2, 2, 1, -2, -2, 1, 1, -2, 1, -2, 1, -2, -1, -2, -1, 2, 2, -1, -2, -1, 2, -1, -1, 2, 2, 2]"
134,dfs_bnb_mpi,1059.9,-8,9,312828666,"[-1, -1, 2, 2, 1, -2, 1, 1, -2, 1, 1, 2, 1, -2, 1, -2, -1, -1, -1, -2, -1, 2, -1, -2, -1, 2, -1, -1, 2]"
135,dfs_bnb_mpi,1384.75,-10,11,315644480,"[-1, -1, 2, 2, 2, 2, 2, 2, 1, 1, 2, -1, -1, 2, -1, 2, -1, -2, -2, 1, -2, -2, -1, 2, -1, 2, -1, 2, 1]"
136,dfs_bnb_mpi,17.4179,-9,10,5172610,"[-1, -1, 2, 2, 1, -2, 1, 1, 1, -2, -1, -2, 1, 1, 2, 2, 1, 2, -1, 2, -1, -2, -1, -1, 2, 2, 2, 2, 2]"
137,dfs_bnb_mpi,27.4554,-8,9,7355978,"[-1, -1, 2, 2, -1, -2, -1, 2, -1, -2, -2, -2, 1, 2, 1, -2, 1, -2, -2, 1, 2, 2, 1, 1, 2, 2, -1, -1, 2]"
138,dfs_bnb_mpi,0.389753,-11,11,117169,"[-1, -1, 2, 1, 2, 1, -2, 1, 1, -2, -1, -2, -1, -2, -1, 2, -1, -2, -2, -1, -1, 2, 1, 2, -1, 2, 1, 2, 2]"
139,dfs_bnb_mpi,34.6229,-10,11,8765443,"[-1, -1, 2, 2, 1, -2, 1, 2, 1, -2, 1, 1, -2, -1, -1, -2, -1, -1, -1, -1, -2, -1, 2, -1, 2, 1, 2, 1, -2]"
140,dfs_bnb_mpi,32.4347,-8,9,8142185,"[-1, -1, 2, 1, 2, 2, 2, 2, 1, -2, -2, -2, -2, 1, 2, 1, 2, -1, 2, 2, 2, 1, -2, -2, 1, 2, 2, 2, 2]"
141,dfs_bnb_mpi,55.1482,-9,10,14319761,"[-1, -1, 2, 2, 2, 2, -1, -2, -2, -1, -1, 2, 1, 2, -1, -1, -2, -1, -2, 1, -2, 1, -2, 1, 2, 1, -2, -2, 1]"
142,dfs_bnb_mpi,376.982,-9,10,96865355,"[-1, -1, 2, 2, 2, -1, -2, -2, -2, -1, -1, 2, -1, -2, -2, 1, 1, 1, 1, -2, -1, -2, 1, -2, -1, -1, 2, 2, -1]"
143,dfs_bnb_mpi,210.439,-9,10,64195282,"[-1, -1, 2, 2, 2, 1, 2, 1, -2, 1, -2, -1, -1, -2, 1, 1, 1, -2, -1, -2, -1, -1, -1, -1, 2, 2, -1, -2, -1]"
144,dfs_bnb_mpi,221.401,-10,11,52475410,"[-1, -2, -1, 2, 2, -1, 2, 2, 1, -2, 1, -2, 1, 2, 1, 1, 2, -1, -1, -1, 2, 1, 2, 1, 2, 1, -2, -2, -1]"
145,dfs_bnb_mpi,13990.3,-10,11,4122747469,"[-1, -1, 2, 1, 2, -1, 2, -1, -2, -1, -1, 2, 2, -1, -2, -2, -1, -1, -2, 1, 1, 1, -2, -2, 1, 2, 2, 1, -2]"
146,dfs_bnb_mpi,214.146,-10,11,63575037,"[-1, -1, 2, 1, 2, 1, 1, 2, -1, -1, 2, -1, -2, -2, -1, 2, 2, -1, -1, -2, -2, -2, -2, 1, 1, 2, -1, 2, 2]"
147,dfs_bnb_mpi,185.404,-9,10,50940702,"[-1, -1, -1, 2, 2, 1, -2, 1, 2, 2, 2, 2, 1, -2, -2, -2, -2, 1, -2, -2, -1, -1, -2, -1, 2, -1, -1, 2, 2]"
148,dfs_bnb_mpi,296.017,-10,11,84338500,"[-1, -2, 1, 1, 2, 2, -1, -1, 2, -1, -2, -2, -2, -2, -1, 2, 2, -1, 2, 1, 2, -1, 2, 2, 1, -2, 1, 1, 2]"
149,dfs_bnb_mpi,30.9808,-9,10,9110526,"[-1, -1, 2, -1, 2, 1, 2, -1, 2, -1, -2, -2, -2, -1, 2, -1, -2, -1, -2, 1, -2, -2, 1, 2, 2, 1, -2, 1, 2]"
150,dfs_bnb_mpi,199.956,-8,9,53098917,"[-1, -1, 2, 2, 2, 2, 2, 2, 1, 2, -1, 2, -1, -2, -2, -2, -2, -1, 2, 2, 2, 2, -1, -2, -2, -1, -2, 1, -2]"
151,dfs_bnb_mpi,7162.63,-9,10,2041947274,"[-1, -1, 2, 1, 1, 2, 2, 2, 2, 1, 2, 1, -2, 1, -2, 1, -2, -1, -2, -2, -1, 2, 2, 2, -1, -2, -2, -2, -2]"
152,dfs_bnb_mpi,23.4582,-9,10,7166106,"[-1, -2, -1, -1, 2, 1, 2, 1, 2, -1, -1, 2, 1, 1, 2, 2, 1, -2, 1, -2, -1, -2, -2, 1, 2, 1, 2, 2, 2]"
153,dfs_bnb_mpi,1122.72,-9,10,260528941,"[-1, -1, 2, 1, 1, 2, 2, -1, -2, -1, -1, -2, -2, -2, -2, -1, 2, 2, -1, 2, 1, 2, -1, 2, 1, 2, 1, -2, 1]"
154,dfs_bnb_mpi,713.14,-10,11,213930045,"[-1, -1, 2, 1, 2, 1, -2, 1, -2, -2, -1, -1, -1, -1, -1, -2, 1, 1, -2, -2, 1, 2, 1, -2, 1, 2, 2, -1, -1]"
155,dfs_bnb_mpi,39.577,-8,9,11622585,"[-1, -1, 2, -1, 2, 2, 2, 2, 1, -2, -2, -2, 1, -2, 1, 1, 1, 2, -1, -1, 2, -1, 2, 2, 2, 2, 2, 2, 2]"
156,dfs_bnb_mpi,702.343,-9,10,198986581,"[-1, -2, -1, -1, -2, 1, 1, 1, 2, 1, 2, 2, 2, 1, -2, -2, -2, -2, -1, -2, -2, 1, 2, 1, 2, 1, 2, -1, 2]"
157,dfs_bnb_mpi,6027.78,-9,10,1720528424,"[-1, -1, 2, 1, 2, 2, 2, -1, -2, -2, -1, -1, -2, 1, -2, -1, -1, 2, -1, -2, -2, 1, 1, 1, -2, 1, 1, 2, -1]"
158,dfs_bnb_mpi,82.1199,-10,11,23944133,"[-1, -1, 2, 2, 1, -2, 1, 2, 2, -1, -1, -1, -2, -2, -2, -1, 2, 2, -1, -2, -2, -2, 1, 1, -2, 1, 1, 2, -1]"
159,dfs_bnb_mpi,13.3479,-8,9,3562318,"[-1, -1, 2, 2, 2, 1, -2, -2, 1, 2, 2, 2, -1, -1, 2, -1, -2, -1, -2, 1, -2, -1, -1, -1, -2, 1, 1, 1, -2]"
160,dfs_bnb_mpi,0.697924,-9,10,179253,"[-1, -1, 2, 1, 2, -1, 2, -1, 2, -1, 2, -1, -2, -2, 1, -2, 1, -2, -2, -2, 1, -2, -2, 1, 2, 2, 1, 1, 2]"
161,dfs_bnb_mpi,1435.46,-8,9,383549338,"[-1, -1, 2, 2, 2, 2, 1, 2, -1, 2, -1, 2, 2, -1, -2, -2, -1, -1, -2, 1, 1, 1, -2, -2, -2, -1, 2, 2, -1]"
162,dfs_bnb_mpi,224.049,-10,11,56682718,"[-1, -1, 2, 2, 2, -1, -2, -2, -2, -2, -1, -2, 1, 1, -2, -1, -2, 1, -2, 1, 2, 2, 1, 1, 2, -1, -1, 2, -1]"
163,dfs_bnb_mpi,29231.1,-10,11,8774257845,"[-1, -2, -1, 2, -1, 2, -1, 2, 1, 2, 2, 2, 2, 1, -2, -2, 1, 1, -2, -1, -2, 1, 1, -2, -1, -1, -1, 2, 2]"
164,dfs_bnb_mpi,171.385,-7,8,47647624,"[-1, -1, 2, 2, 2, 2, 2, 2, 2, 1, 2, -1, 2, -1, -1, -2, 1, -2, -2, -1, -2, -1, -1, -1, 2, 1, 1, 2, 1]"
165,dfs_bnb_mpi,16.1851,-8,8,4789636,"[-1, -1, 2, -1, -2, -2, 1, 1, -2, 1, 2, 1, 2, 2, 2, -1, -2, -1, 2, 2, 2, 1, 1, 1, -2, -2, -2, -2, 1]"
166,dfs_bnb_mpi,6959.49,-9,10,2010353394,"[-1, -1, 2, -1, -2, -1, 2, 2, -1, -2, -2, -2, 1, 1, -2, -2, 1, -2, 1, 1, 2, -1, 2, -1, 2, 1, 1, -2, 1]"
167,dfs_bnb_mpi,10300.3,-9,10,2603063713,"[-1, -1, 2, 2, 2, 2, 1, 1, 1, 1, -2, -2, 1, -2, -1, -2, -2, -2, -1, -1, 2, 1, 2, 2, -1, -1, 2, 1, 1]"
168,dfs_bnb_mpi,2.6256,-10,11,792281,"[-1, -1, 2, -1, -2, -1, -2, 1, -2, 1, 2, 1, -2, -2, -1, -1, -1, -2, 1, 1, 1, -2, 1, 2, 2, 1, 2, -1, 2]"
169,dfs_bnb_mpi,32.8438,-8,9,8455806,"[-1, -2, -1, 2, 2, 1, 1, 1, 1, -2, -1, -2, -1, -2, -2, -1, 2, -1, -1, -1, -2, 1, 1, -2, 1, 1, 1, 2, 2]"
170,dfs_bnb_mpi,1.80513,-10,11,522918,"[-1, -1, 2, 2, -1, 2, -1, 2, 2, 2, 1, -2, -2, 1, -2, 1, -2, -2, 1, 1, -2, -2, -1, -2, -2, -1, 2, 2, -1]"
171,dfs_bnb_mpi,19063.6,-10,11,5352817562,"[-1, -1, 2, 2, 2, 2, 1, -2, -2, -2, 1, 2, 2, 1, 1, 1, -2, -2, 1, -2, -1, -2, -1, 2, -1, 2, 2, 1, -2]"
172,dfs_bnb_mpi,683.269,-6,7,187638263,"[-1, -1, 2, 2, 2, 2, 2, 2, 2, 2, 2, 2, 1, -2, 1, 1, -2, -1, -1, -2, 1, 1, 1, -2, -1, -2, -1, 2, -1]"
173,dfs_bnb_mpi,22.8807,-10,11,6592269,"[-1, -1, -1, 2, 1, 1, 1, 2, 2, 2, 1, -2, -2, 1, 1, -2, -1, -1, -2, -2, -1, -2, -2, -1, 2, 2, -1, -1, -1]"
174,dfs_bnb_mpi,15.8984,-8,9,4629067,"[-1, -1, 2, 2, 2, 2, 2, 2, 1, 2, -1, -1, 2, 1, 1, 2, -1, 2, -1, -2, -1, -2, -2, -2, 1, -2, -1, -1, 2]"
175,dfs_bnb_mpi,406.353,-9,10,115655419,"[-1, -1, 2, 2, 2, 2, 2, 2, 1, 2, -1, -1, -1, 2, 1, 1, 2, 1, -2, 1, 1, -2, -1, -2, 1, -2, -1, -1, -2]"
176,dfs_bnb_mpi,46.4159,-9,10,14247297,"[-1, -1, 2, 2, 2, 1, -2, -2, 1, 2, 1, -2, 1, -2, -1, -2, 1, -2, -1, -2, -1, -1, -1, 2, 2, 1, -2, 1, 2]"
177,dfs_bnb_mpi,38.2602,-9,10,11489156,"[-1, -2, -1, 2, 2, 1, 2, 2, 2, -1, 2, 1, 2, 1, -2, -2, -2, -2, -2, 1, -2, -2, -1, -2, -1, -1, -1, 2, 2]"
178,dfs_bnb_mpi,3210.84,-10,11,717399481,"[-1, -1, 2, 1, 1, 2, 1, 2, 2, 2, 2, 1, -2, -2, -2, 1, 1, -2, -1, -1, -2, -1, -2, 1, -2, -1, -2, -1, 2]"
179,dfs_bnb_mpi,831.268,-10,11,239799826,"[-1, -2, -1, -2, 1, 1, 2, 1, 1, 1, 2, -1, 2, 1, 2, -1, 2, 2, -1, -2, -2, -2, -1, 2, 2, -1, -2, -2, -1]"
180,dfs_bnb_mpi,27.9924,-10,11,8118595,"[-1, -2, 1, 1, -2, -1, -1, -2, 1, 1, 1, 2, 2, 1, 1, 2, 1, 2, -1, 2, -1, -2, -2, -1, -1, 2, 2, 2, 2]"
181,dfs_bnb_mpi,44.6042,-9,10,11419681,"[-1, -1, 2, 2, 1, -2, 1, 2, 2, -1, 2, 2, 1, -2, 1, -2, 1, -2, 1, 2, 2, -1, 2, -1, 2, -1, 2, 2, 2]"
182,dfs_bnb_mpi,1882.88,-8,9,554598167,"[-1, -1, 2, 2, 1, 1, 2, 2, 2, -1, -2, -2, -1, -1, 2, 1, 2, -1, -1, -2, -2, -2, 1, -2, -1, -2, 1, -2, 1]"
183,dfs_bnb_mpi,913.152,-9,10,271879658,"[-1, -1, 2, -1, 2, 1, 2, 2, 2, -1, -2, -2, -1, -2, -2, -1, 2, -1, -2, -2, 1, 1, 1, -2, -1, -1, -1, -1, 2]"
184,dfs_bnb_mpi,158.114,-9,10,47212870,"[-1, -1, 2, 2, -1, -2, -1, -2, 1, -2, -2, -1, -2, 1, 1, -2, 1, 1, 1, 2, 2, 2, -1, -1, -1, -2, 1, -2, 1]"
185,dfs_bnb_mpi,7823.57,-8,9,1869831946,"[-1, -1, 2, 2, 2, 2, 2, 1, 2, -1, 2, -1, -1, -1, -1, -2, -1, -1, -2, 1, 1, 1, 2, 1, 1, -2, -1, -2, 1]"
186,dfs_bnb_mpi,30.4047,-9,10,9057923,"[-1, -1, 2, -1, 2, 2, -1, -1, -2, 1, -2, -1, -1, -1, -2, 1, 1, -2, -1, -1, -2, 1, 1, 1, 1, 2, 2, -1, -2]"
187,dfs_bnb_mpi,2830.54,-9,10,853308128,"[-1, -1, 2, 2, -1, -2, -1, -2, -1, 2, 2, 1, 2, 1, 1, 2, 2, 1, -2, -2, 1, 2, 1, -2, -2, -1, -2, -1, 2]"
188,dfs_bnb_mpi,487.733,-9,10,115756112,"[-1, -1, 2, 1, 2, 1, -2, 1, 1, -2, -1, -2, -1, -1, -1, -2, -1, -1, 2, 1, 2, 2, -1, -2, -1, -2, -1, 2, 2]"
189,dfs_bnb_mpi,4.03826,-8,9,1185635,"[-1, -1, 2, 2, 1, -2, 1, 1, 2, -1, 2, 1, 2, 2, 2, -1, -2, -2, -1, -2, -1, 2, -1, 2, 2, 1, 1, -2, -1]"
190,dfs_bnb_mpi,1563.31,-8,9,454163319,"[-1, -1, 2, 2, 2, 1, -2, -2, 1, 1, 2, -1, 2, 2, -1, -1, 2, 2, -1, -2, -1, -2, 1, -2, -2, -2, -1, 2, 2]"
191,dfs_bnb_mpi,215.929,-9,10,50132388,"[-1, -1, 2, -1, 2, 2, 2, 2, -1, -2, -2, -2, -1, -1, -2, 1, 1, -2, 1, -2, -1, -2, -1, 2, 2, -1, -1, 2, 2]"
192,dfs_bnb_mpi,10.3219,-8,9,2646680,"[-1, -1, 2, 2, 2, 2, 1, 2, -1, -1, -2, -1, -2, 1, -2, -2, -2, -1, -2, -2, 1, 2, 1, 1, 1, 1, 2, 2, 2]"
193,dfs_bnb_mpi,22.2784,-10,11,6729861,"[-1, -2, 1, 1, 2, 2, 2, 1, -2, -2, 1, 2, 2, 2, 2, -1, -2, -1, 2, 2, -1, -2, -2, -2, -1, -1, -2, 1, 1]"
194,dfs_bnb_mpi,173.8,-9,10,44967272,"[-1, -1, 2, 2, 2, 2, 1, -2, -2, 1, -2, 1, 2, 1, -2, 1, 2, 2, -1, -1, -1, 2, 1, 1, 2, 2, 2, 2, 2]"
195,dfs_bnb_mpi,7374.32,-11,12,2047017732,"[-1, -2, 1, 1, -2, 1, 2, 1, 2, -1, 2, 2, 2, 2, -1, -2, -1, 2, -1, -2, -1, -2, 1, -2, 1, 2, 1, -2, -2]"
196,dfs_bnb_mpi,823.432,-8,9,248525403,"[-1, -1, 2, 2, -1, -2, -2, -1, 2, 2, 2, -1, -2, -2, -1, 2, -1, -2, -2, 1, 1, -2, -1, -2, 1, 1, 2, 1, 1]"
197,dfs_bnb_mpi,399.755,-9,10,113020596,"[-1, -1, 2, 2, 2, 2, 2, 2, 1, 1, -2, -2, -1, -2, -2, -2, 1, 2, 2, 1, 2, 2, 2, 1, 2, -1, 2, -1, -2]"
198,dfs_bnb_mpi,1.92768,-10,11,515503,"[-1, -1, 2, 1, 1, 2, 1, -2, 1, 2, 1, -2, -2, -1, -1, -2, -2, 1, 2, 1, -2, -2, -1, -1, -1, 2, 2, -1, -1]"
199,dfs_bnb_mpi,2.93886,-8,9,768643,"[-1, -1, 2, 2, -1, -1, -1, -2, 1, 1, -2, -1, -2, 1, 1, 1, -2, -1, -2, -1, 2, -1, -1, 2, 2, -1, 2, 2, 2]"
200,dfs_bnb_mpi,8.15302,-9,10,2514959,"[-1, -2, -1, 2, 2, 1, 1, 1, -2, -2, -1, -2, -1, -1, -1, -2, 1, 1, 1, -2, 1, 2, 2, 1, 2, 2, 2, 2, 2]"
201,dfs_bnb_mpi,138.435,-10,11,40201728,"[-1, -1, 2, 2, 2, -1, -2, -2, -1, -1, 2, -1, -1, -2, 1, -2, -1, -2, 1, -2, -2, 1, 2, 2, 1, 1, 2, -1, -1]"
202,dfs_bnb_mpi,813.727,-10,11,225684006,"[-1, -2, -1, -2, 1, 1, 2, 1, 2, 2, -1, -1, 2, -1, -2, -2, -1, 2, 2, 2, -1, -2, -2, -1, -2, 1, -2, 1, -2]"
203,dfs_bnb_mpi,6215.21,-8,8,1858687150,"[-1, -1, 2, 2, 2, -1, -1, -1, -2, -2, -1, -2, -2, 1, 2, 1, -2, -2, 1, 1, 1, 2, -1, -1, 2, 2, 2, -1, -2]"
204,dfs_bnb_mpi,5113.45,-10,11,1522322393,"[-1, -1, 2, 2, -1, -1, -2, 1, -2, -1, -1, -2, -1, -2, -2, 1, -2, 1, 2, 1, 1, 1, 2, -1, -1, 2, -1, -2, -1]"
205,dfs_bnb_mpi,130.567,-8,9,37527949,"[-1, -1, 2, 2, 2, 2, 1, -2, 1, -2, -1, -2, 1, 1, -2, -2, -1, -1, -1, -1, 2, 2, 2, -1, -1, 2, 1, 1, 2]"
206,dfs_bnb_mpi,21113.9,-9,10,5881935994,"[-1, -1, 2, 1, 1, 2, 2, 2, 1, -2, -2, -2, 1, 2, 1, -2, 1, 2, 1, -2, -2, -1, -1, -2, -1, 2, -1, -2, -1]"
207,dfs_bnb_mpi,1184.09,-9,9,363004399,"[-1, -2, -1, -2, -1, -1, -2, -2, -1, -2, -2, 1, 2, 1, 1, 1, 1, 2, -1, -1, -1, 2, 1, 1, 2, 1, 1, 2, -1]"
208,dfs_bnb_mpi,155.206,-8,9,46728503,"[-1, -1, 2, 1, 2, 2, 2, -1, -2, -2, -1, 2, 2, -1, -2, -2, -1, 2, -1, -2, -2, 1, -2, -2, 1, 2, 2, 1, -2]"
209,dfs_bnb_mpi,192.675,-9,10,46907499,"[-1, -1, 2, 2, 2, 2, 1, 2, 2, 2, 1, -2, -2, 1, -2, -1, -2, -1, -2, 1, -2, 1, -2, -2, -1, -2, -1, 2, -1]"
210,dfs_bnb_mpi,6901.88,-9,10,1967124695,"[-1, -1, 2, 2, 1, 1, -2, 1, -2, 1, 2, 1, -2, 1, 1, -2, -1, -1, -1, -2, -2, -1, 2, 2, -1, -1, -2, 1, -2]"
211,dfs_bnb_mpi,0.780933,-9,9,230703,"[-1, -1, 2, 2, -1, 2, -1, -2, -2, 1, -2, -2, -2, -1, 2, 2, -1, 2, -1, 2, 1, 2, 2, 2, 2, 2, 2, 2, 2]"
212,dfs_bnb_mpi,30009.9,-8,9,7258887158,"[-1, -1, 2, 2, 1, 2, 2, 2, 2, 2, -1, -1, 2, -1, -2, -1, -2, -2, 1, 2, 1, 1, -2, -1, -2, 1, -2, -1, -2]"
213,dfs_bnb_mpi,657.71,-8,9,182364805,"[-1, -1, 2, 2, 2, -1, 2, 2, -1, -2, -2, -1, -1, -2, 1, 1, 1, -2, -1, -1, -1, -1, -2, 1, 1, 1, 1, -2, 1]"
214,dfs_bnb_mpi,32625.9,-9,10,8568677162,"[-1, -1, 2, 2, 2, -1, -2, -2, -2, -1, -2, 1, -2, -1, -2, 1, -2, 1, 1, 1, 2, 2, 2, -1, -2, -2, -1, 2, 2]"
215,dfs_bnb_mpi,25442.5,-6,7,5720864006,"[-1, -1, 2, 2, 2, 2, 2, 2, 1, -2, -2, 1, 2, 2, 2, 2, 2, 2, -1, -1, -2, 1, -2, -2, -1, -1, -2, -2, -2]"
216,dfs_bnb_mpi,2130.22,-10,11,623782745,"[-1, -2, 1, 1, 2, 1, -2, 1, 1, -2, 1, -2, -1, -2, -2, -1, -1, 2, -1, -1, 2, 2, 1, -2, 1, 2, 1, -2, -2]"
217,dfs_bnb_mpi,20.9883,-10,11,6006102,"[-1, -1, 2, -1, 2, 2, -1, -2, -1, -1, -2, 1, 1, -2, 1, -2, -2, 1, 2, 1, -2, -2, -1, -1, -1, 2, 2, -1, 2]"
218,dfs_bnb_mpi,913.14,-9,10,266462411,"[-1, -1, 2, 2, 2, 2, -1, -1, -2, -2, -2, 1, -2, -2, 1, -2, -1, -1, 2, 2, -1, 2, -1, 2, 1, 2, -1, 2, 1]"
219,dfs_bnb_mpi,74.564,-10,10,21535623,"[-1, -1, 2, 1, 2, 2, 1, 2, -1, 2, 1, 2, -1, 2, -1, -2, -1, -2, 1, -2, -1, -2, 1, -2, -1, -1, -2, 1, -2]"
220,dfs_bnb_mpi,2549.55,-9,10,748062962,"[-1, -1, 2, 2, -1, 2, 2, 2, -1, -2, -2, -1, -2, 1, -2, 1, -2, -1, -1, -2, 1, 1, 1, 1, -2, -2, -1, 2, -1]"
221,dfs_bnb_mpi,521.345,-8,9,139809834,"[-1, -1, 2, 1, 2, 2, -1, -2, -1, -2, -1, -1, 2, 2, -1, -2, -2, -1, -2, 1, 1, -2, 1, 2, 1, -2, 1, 1, 1]"
222,dfs_bnb_mpi,615.247,-10,11,177493408,"[-1, -1, 2, -1, -2, -1, 2, -1, -1, -2, -2, -2, 1, -2, 1, 2, 1, -2, -2, 1, 2, 1, 2, -1, 2, -1, -1, -1, 2]"
223,dfs_bnb_mpi,400.459,-6,7,120714324,"[-1, -1, 2, 2, 2, 2, 2, 2, 1, -2, 1, 2, 2, 1, 2, 2, -1, -2, -1, -2, -1, 2, 2, -1, -2, -2, -2, -2, -1]"
224,dfs_bnb_mpi,1568.27,-8,9,413632611,"[-1, -1, 2, 2, -1, -1, 2, 2, 2, 2, -1, -1, -2, -2, 1, -2, -1, -1, -2, 1, 1, -2, -2, 1, 2, 1, -2, -2, 1]"
225,dfs_bnb_mpi,109.731,-9,10,30418815,"[-1, -1, 2, -1, -2, -1, -1, 2, 1, 2, 2, -1, -1, -2, -2, -1, -2, 1, -2, 1, -2, 1, 2, 1, 1, 1, 1, 1, 2]"
226,dfs_bnb_mpi,34.2881,-9,9,7959062,"[-1, -1, 2, 2, 2, 2, -1, -1, -1, -2, -1, -1, -2, 1, 1, 1, 2, 1, -2, -2, -2, -1, 2, -1, -2, -1, 2, -1, -1]"
227,dfs_bnb_mpi,157.375,-10,11,45175370,"[-1, -1, 2, 2, 1, -2, 1, 2, 1, -2, 1, 1, -2, -1, -1, -2, -2, -1, 2, -1, -2, -1, -1, -1, 2, 2, 1, -2, 1]"
228,dfs_bnb_mpi,412.082,-10,11,121455538,"[-1, -1, 2, 1, 2, -1, 2, -1, 2, -1, -2, -1, 2, 2, -1, -1, -2, 1, -2, -2, 1, 1, 1, -2, -2, -1, -1, 2, 1]"
229,dfs_bnb_mpi,19330,-11,12,5469840801,"[-1, -1, 2, 1, 1, 2, 1, 2, 1, 1, -2, -2, -2, -1, -2, 1, -2, -1, -2, -1, 2, -1, -1, 2, 1, 1, 2, 2, 1]"
230,dfs_bnb_mpi,27.3388,-10,11,7848907,"[-1, -2, -1, -1, 2, 1, 2, 1, 2, 2, 1, -2, -2, 1, 2, 1, 1, -2, -1, -2, 1, 1, -2, -1, -1, -2, -1, 2, 2]"
231,dfs_bnb_mpi,5063.48,-9,10,1133029199,"[-1, -1, 2, 1, 2, 2, -1, 2, 2, 2, 2, 2, 2, 1, -2, -2, -2, -2, -2, 1, -2, -2, -2, 1, 2, 1, 2, -1, 2]"
232,dfs_bnb_mpi,51.7516,-9,10,15319727,"[-1, -1, 2, 1, 2, 2, 1, -2, -2, 1, 2, 1, -2, -2, -1, -2, -1, -2, -1, 2, -1, -1, 2, 2, 2, 1, 2, 2, 2]"
233,dfs_bnb_mpi,150649,-6,6,35513063532,"[-1, -1, 2, 2, 2, 2, 2, 2, 2, 2, 2, 1, -2, -2, 1, 1, -2, -1, -1, -2, 1, 1, 1, -2, -1, -1, -1, -2, 1]"
234,dfs_bnb_mpi,1.93502,-10,11,592680,"[-1, -2, -1, 2, -1, 2, 2, 1, -2, 1, 2, 2, 1, -2, -2, 1, 1, -2, -1, -2, -1, -2, -1, -2, -2, -1, 2, 2, -1]"
235,dfs_bnb_mpi,931.14,-9,9,237537193,"[-1, -1, 2, 2, 2, 2, 2, 2, 1, -2, -2, 1, -2, -1, -2, 1, -2, 1, 2, 2, 2, 1, -2, -2, 1, -2, -1, -2, 1]"
236,dfs_bnb_mpi,91.1973,-10,11,27329158,"[-1, -2, -1, 2, 2, -1, -2, -1, -2, 1, -2, 1, 1, -2, 1, 2, 2, 1, 2, 1, 1, 2, 2, -1, -1, -1, -2, 1, 1]"
237,dfs_bnb_mpi,6.1922,-9,10,1863743,"[-1, -1, 2, -1, -2, -1, -2, 1, 1, 1, -2, 1, 2, 1, 2, 2, -1, -1, 2, 2, 2, 2, 2, 1, -2, -2, -2, -2, 1]"
238,dfs_bnb_mpi,76.1116,-10,10,20483823,"[-1, -1, 2, 2, 1, 1, 2, -1, 2, -1, -2, -1, 2, -1, -2, -1, 2, -1, -2, -1, -2, 1, 1, 1, -2, -2, 1, 2, 2]"
239,dfs_bnb_mpi,38.5764,-10,10,9320692,"[-1, -2, 1, 1, 1, 1, 1, 2, 2, 2, -1, -1, -2, 1, -2, -1, -1, 2, 2, 2, -1, -2, -1, 2, -1, -2, -2, 1, 1]"
240,dfs_bnb_mpi,54113.7,-10,11,15190146421,"[-1, -1, -1, 2, -1, -1, 2, 2, 2, 1, -2, -2, 1, 2, 2, 1, -2, 1, 1, -2, 1, 1, -2, -1, -1, -1, 2, -1, -2]"
241,dfs_bnb_mpi,1068.42,-6,6,326114309,"[-1, -1, 2, 2, 2, 2, 2, -1, -2, -2, -2, -1, -2, 1, -2, -1, -1, 2, -1, -2, -2, 1, 1, 1, -2, 1, 2, 1, 1]"
242,dfs_bnb_mpi,566.631,-10,11,166421819,"[-1, -1, 2, 2, -1, -2, -2, -1, -1, -2, -2, 1, 2, 1, -2, 1, 2, 1, -2, -2, -1, -2, -1, 2, -1, -2, -1, 2, -1]"
243,dfs_bnb_mpi,2432.41,-9,10,715767199,"[-1, -1, 2, 1, 1, 1, 2, -1, 2, 2, -1, -2, -2, -1, 2, 2, -1, -2, -2, -2, -2, -1, -2, 1, 1, -2, 1, 2, 1]"
244,dfs_bnb_mpi,531.315,-9,10,160140077,"[-1, -1, 2, 1, 1, 2, 2, 1, -2, -2, 1, -2, -1, -2, -2, -1, 2, -1, -1, -2, 1, -2, -1, -1, 2, 2, -1, 2, 1]"
245,dfs_bnb_mpi,8.38888,-10,11,2498630,"[-1, -1, 2, -1, 2, 2, -1, -2, -2, -1, -2, 1, 1, -2, 1, 1, 1, -2, 1, 2, 1, 2, -1, 2, 2, -1, -2, -1, 2]"
246,dfs_bnb_mpi,1786.77,-10,11,526067562,"[-1, -1, 2, 1, 2, 1, 2, -1, 2, 1, 2, 2, 1, -2, -2, 1, -2, -1, -2, 1, -2, 1, 1, -2, -1, -1, -1, 2, -1]"
247,dfs_bnb_mpi,89.9831,-10,11,23353515,"[-1, -1, 2, 2, -1, -1, 2, -1, -2, -2, -1, 2, -1, -2, -2, 1, 1, 1, -2, -1, -1, -2, 1, 1, 1, 2, 2, 2, -1]"
248,dfs_bnb_mpi,702.984,-10,11,206356040,"[-1, -1, 2, 1, 2, -1, -1, -2, -2, -1, -2, 1, -2, 1, -2, 1, 2, 1, -2, -2, 1, 2, 2, 1, 2, -1, -1, -1, -1]"
249,dfs_bnb_mpi,307.945,-10,11,92347575,"[-1, -1, 2, 1, 2, 2, -1, -2, -1, 2, 2, -1, -1, -1, -2, -2, -1, -1, -2, 1, 1, 1, 2, 2, 1, -2, -2, 1, -2]"
250,dfs_bnb_mpi,154.972,-10,11,43634486,"[-1, -1, 2, 2, 1, 2, -1, 2, 2, 1, 2, -1, 2, -1, -2, -2, -1, -2, 1, -2, -1, -2, -1, -2, 1, -2, 1, 2, 2]"
251,dfs_bnb_mpi,1356.54,-9,10,339389699,"[-1, -1, 2, -1, 2, 2, -1, -1, -2, -2, -2, -1, -1, -2, 1, -2, -2, 1, 2, 2, 1, -2, 1, 1, 2, -1, 2, -1, 2]"
252,dfs_bnb_mpi,23.1271,-9,9,5742810,"[-1, -1, 2, 2, -1, -2, -2, -2, 1, 1, -2, -1, -2, 1, 1, 2, 2, 1, 2, 2, 1, -2, -2, 1, -2, -1, -1, -2, 1]"
253,dfs_bnb_mpi,801.681,-9,10,202423671,"[-1, -1, 2, 2, 2, -1, -2, -2, -1, -1, -2, 1, 1, -2, 1, -2, -1, -1, 2, -1, -1, -2, -1, -2, 1, -2, 1, 2, 2]"
254,dfs_bnb_mpi,7227.35,-9,10,2004334129,"[-1, -1, 2, 2, 2, 2, 1, 1, 2, 1, 2, 2, 1, -2, -2, 1, -2, -1, -1, -2, 1, -2, -1, -1, 2, -1, -2, -2, 1]"
255,dfs_bnb_mpi,247.397,-9,10,73953067,"[-1, -1, 2, 2, 2, -1, 2, 2, 1, 2, -1, 2, -1, -2, -1, -2, 1, -2, -2, -1, -1, -2, 1, 1, -2, -2, 1, 2, 2]"
256,dfs_bnb_mpi,334.667,-8,9,99386693,"[-1, -1, 2, 1, 2, 1, 2, 2, 2, -1, -2, -2, -1, -2, -1, -2, -2, -1, -1, -1, 2, 1, 1, 2, -1, 2, -1, -2, -1]"
257,dfs_bnb_mpi,512.004,-9,10,144537315,"[-1, -1, 2, -1, 2, 1, 1, 1, 2, -1, -1, 2, -1, -2, -1, -1, -2, 1, -2, -1, -1, -2, 1, -2, 1, 2, 1, -2, 1]"
258,dfs_bnb_mpi,1395.8,-10,11,410258488,"[-1, -2, -1, -1, 2, 1, 2, 1, 2, -1, 2, -1, 2, 2, 2, 2, -1, -2, -2, -2, -1, -2, -2, -2, 1, 1, 2, -1, 2]"
259,dfs_bnb_mpi,3.01813,-9,10,832394,"[-1, -1, 2, 1, 2, -1, -1, -1, -1, -2, 1, 1, -2, -1, -1, -2, 1, 1, -2, -1, -1, -2, 1, 1, 1, 2, 2, 1, 1]"
260,dfs_bnb_mpi,69.8672,-9,10,20488091,"[-1, -1, 2, 2, 2, 1, 2, 1, -2, 1, 2, 2, -1, 2, 2, -1, -2, -2, -1, -2, -1, 2, -1, -2, -1, -2, 1, 1, -2]"
261,dfs_bnb_mpi,844.752,-8,9,198766865,"[-1, -1, 2, 2, 1, 2, 2, 2, 2, 2, -1, 2, -1, -1, -2, 1, -2, 1, -2, -2, -2, -1, -2, -1, 2, 2, 1, 2, -1]"
262,dfs_bnb_mpi,0.635948,-10,11,190937,"[-1, -2, -1, 2, 2, 1, 2, -1, 2, -1, -2, -2, -1, -2, 1, -2, -1, -1, 2, -1, 2, 1, 2, 1, 2, 2, 2, 2, 2]"
263,dfs_bnb_mpi,2835.43,-8,9,841831072,"[-1, -1, 2, 2, 2, 2, 2, 2, 2, 2, 1, -2, -2, 1, 2, 2, 2, 2, 1, -2, -2, 1, -2, -1, -2, -2, -1, -1, -2]"
264,dfs_bnb_mpi,18.9293,-10,11,5685728,"[-1, -1, 2, -1, -1, -2, 1, -2, -1, -1, -2, 1, 1, 1, 2, 1, 1, 1, 1, -2, -1, -1, -1, -2, -2, -1, 2, -1, -1]"
265,dfs_bnb_mpi,1581.83,-10,11,457652285,"[-1, -1, 2, -1, 2, -1, -2, -1, 2, -1, -2, -1, -1, -2, 1, 1, -2, -2, 1, 2, 2, 1, 1, -2, -1, -2, 1, 1, 2]"
266,dfs_bnb_mpi,326.36,-10,11,80150293,"[-1, -2, 1, -2, -1, -1, 2, 2, -1, 2, 1, 1, 2, -1, 2, 1, 2, 1, -2, -2, -2, 1, 2, 1, -2, -2, -1, -2, 1]"
267,dfs_bnb_mpi,1759.12,-10,11,424320871,"[-1, -1, 2, 2, 2, -1, -1, -1, 2, -1, -2, -1, -1, -2, 1, 1, 1, 1, -2, -1, -1, -2, 1, -2, 1, 2, 1, -2, 1]"
268,dfs_bnb_mpi,39.2499,-10,11,11235830,"[-1, -2, 1, 1, 2, 2, -1, -1, -1, -2, -2, -2, 1, -2, -2, 1, 2, 2, 1, 1, 2, 1, 1, 2, -1, -1, 2, 2, 2]"
269,dfs_bnb_mpi,20480,-8,9,4875211435,"[-1, -1, 2, -1, -1, -2, -1, -1, -1, 2, 1, 1, 2, 2, 1, 1, -2, 1, 2, 2, 1, -2, -2, -2, 1, 1, 2, -1, 2]"
270,dfs_bnb_mpi,7.401,-10,11,2227444,"[-1, -1, -1, -1, 2, 1, 2, 1, 2, 1, 2, -1, 2, -1, -2, -2, -1, -2, -1, -1, -2, 1, -2, -2, 1, -2, 1, 2, 1]"
271,dfs_bnb_mpi,203.685,-9,10,60256757,"[-1, -1, 2, -1, 2, 1, 2, 1, -2, -2, 1, 2, 2, 1, -2, -2, -2, -2, -1, -2, -1, 2, -1, -2, -2, 1, 1, 1, 2]"
272,dfs_bnb_mpi,196.773,-9,10,49003543,"[-1, -1, 2, 2, 2, 2, 1, 1, 2, 1, 2, 1, 2, 1, -2, 1, -2, -1, -1, -2, -1, -2, -1, -1, -2, 1, 1, 1, 2]"
273,dfs_bnb_mpi,0.490979,-9,10,130089,"[-1, -2, 1, 1, 2, 2, 2, -1, -2, -1, 2, 2, -1, -2, -2, -2, -1, 2, 2, -1, -1, 2, 1, 1, 2, 2, 2, 2, 2]"
274,dfs_bnb_mpi,18633,-9,10,5169898870,"[-1, -1, 2, 2, -1, -2, -2, -2, -2, -2, -1, -1, -2, 1, 1, 1, -2, 1, 2, 2, 1, 2, 1, 2, -1, -1, -2, -1, -2]"
275,dfs_bnb_mpi,56.7657,-10,11,16650103,"[-1, -1, 2, 2, 2, -1, -2, -2, -1, -1, 2, 1, 2, 2, 1, 1, 2, 1, -2, 1, -2, -1, -2, -2, 1, 2, 1, 2, 2]"
276,dfs_bnb_mpi,246.677,-8,9,54663984,"[-1, -1, 2, 2, 2, -1, -1, 2, 2, 2, -1, -2, -2, -2, -1, -2, 1, 1, -2, 1, -2, -2, -1, 2, -1, 2, -1, -1, 2]"
277,dfs_bnb_mpi,65.8989,-9,10,15441187,"[-1, -1, 2, 2, 2, 1, -2, -2, 1, 2, 1, 1, 2, 2, -1, -2, -1, 2, 2, 1, 2, -1, -1, -2, -2, -1, 2, 2, 2]"
278,dfs_bnb_mpi,27.6626,-10,11,7879412,"[-1, -2, 1, 1, 1, 2, -1, 2, 2, 1, 1, -2, -2, 1, -2, -1, -2, -1, -2, -1, 2, -1, -2, -1, -1, -1, 2, 1, 1]"
279,dfs_bnb_mpi,932.507,-8,9,275636902,"[-1, -1, 2, 2, 2, 2, 2, 1, -2, -2, 1, 2, 2, 1, 2, 1, 2, 2, 1, -2, -2, 1, -2, -1, -1, -2, -1, -2, 1]"
280,dfs_bnb_mpi,5.18933,-10,11,1451709,"[-1, -1, 2, 1, 2, 1, 1, 2, -1, 2, -1, -2, -1, -2, -1, -2, -2, -1, -2, -1, 2, -1, 2, 2, 1, -2, 1, 2, 2]"
281,dfs_bnb_mpi,512.783,-10,11,120494485,"[-1, -1, 2, 2, 2, -1, -2, -1, -2, 1, -2, -1, -2, -1, -1, -2, 1, 1, 1, 2, 1, -2, 1, -2, -1, -2, -1, 2, -1]"
282,dfs_bnb_mpi,10.9067,-8,7,3242703,"[-1, -1, 2, 2, 2, -1, -2, -1, 2, -1, -2, -2, 1, 1, -2, -2, -1, 2, -1, -2, -1, 2, -1, -1, 2, 1, 1, 2, 2]"
283,dfs_bnb_mpi,13.192,-6,7,3762704,"[-1, -1, 2, 2, 2, 2, -1, -2, -1, -1, -2, 1, 1, -2, -2, -2, 1, 1, 1, 1, 2, 2, 2, -1, -1, 2, 2, 2, 2]"
284,dfs_bnb_mpi,8.49868,-10,11,2082042,"[-1, -2, 1, 1, 2, 1, 2, -1, 2, 2, 2, -1, -2, -2, -2, -1, 2, 2, 2, -1, -2, -1, -1, -2, 1, 1, -2, -1, -1]"
285,dfs_bnb_mpi,833.573,-10,11,249687005,"[-1, -1, 2, 1, 1, 2, 1, -2, 1, -2, -1, -2, 1, 1, 1, -2, -1, -1, -1, -2, -1, -1, -1, 2, 1, 1, 2, -1, -1]"
286,dfs_bnb_mpi,76.5453,-10,11,22494829,"[-1, -1, 2, 1, 2, -1, 2, 2, -1, 2, -1, -2, -2, 1, -2, -2, -2, -2, -1, 2, -1, 2, -1, 2, 2, 1, -2, 1, -2]"
287,dfs_bnb_mpi,1010.55,-10,11,298302485,"[-1, -1, 2, -1, 2, 1, 2, 1, 2, -1, 2, 2, -1, -2, -2, -2, -1, -2, -2, -1, -2, -2, 1, 2, 1, -2, -2, 1, 2]"
288,dfs_bnb_mpi,140.978,-9,9,42641383,"[-1, -1, 2, -1, 2, 2, 2, 1, -2, -2, 1, -2, 1, 1, 1, 2, 2, 2, 2, -1, -1, -1, -2, -2, 1, -2, 1, 2, 2]"
289,dfs_bnb_mpi,137.961,-10,11,33146609,"[-1, -2, -1, 2, -1, 2, -1, 2, 1, 2, 2, 2, 1, 1, -2, -2, -1, -2, -2, 1, 2, 1, 1, 2, -1, 2, 2, 2, 2]"
290,dfs_bnb_mpi,645.463,-8,9,165853522,"[-1, -1, 2, 2, 2, 2, -1, -1, -2, -2, -2, 1, -2, -2, -1, 2, -1, -2, -1, 2, 2, 1, 2, 2, -1, -2, -1, -2, -1]"
291,dfs_bnb_mpi,105.818,-11,12,28425256,"[-1, -1, 2, -1, -2, -1, 2, -1, -2, -2, 1, 1, 1, 1, -2, -1, -1, -1, -1, -1, -2, -2, 1, 2, 1, 1, -2, 1, 2]"
292,dfs_bnb_mpi,0.190231,-10,11,47328,"[-1, -2, -1, 2, 2, 1, 2, -1, 2, 1, 1, -2, -2, 1, 2, 2, 2, -1, 2, 2, 2, -1, -2, -2, -2, -1, 2, 2, 2]"
293,dfs_bnb_mpi,55.8898,-10,11,15013493,"[-1, -2, 1, -2, -2, 1, -2, 1, 2, 1, 2, -1, -1, 2, 2, 2, 1, -2, -2, 1, 1, 1, 2, -1, -1, 2, 2, 2, 2]"
294,dfs_bnb_mpi,28.0187,-9,10,7631261,"[-1, -2, 1, -2, -1, -1, 2, -1, -2, -2, 1, -2, -1, -1, 2, -1, 2, 1, 2, -1, 2, 2, 1, 1, -2, 1, 2, 1, 2]"
295,dfs_bnb_mpi,85.9218,-9,10,24297742,"[-1, -1, 2, 2, 2, 2, 1, 2, 1, 2, 2, 1, -2, -2, 1, -2, 1, -2, -2, -1, 2, -1, 2, -1, -2, -1, -2, 1, 1]"
296,dfs_bnb_mpi,538.831,-9,10,145255437,"[-1, -1, 2, 2, 1, -2, 1, 1, -2, -2, 1, 1, -2, -1, -1, -2, -2, -1, 2, 2, 2, -1, -1, -1, -1, -2, 1, 1, 1]"
297,dfs_bnb_mpi,1581.67,-10,11,471393770,"[-1, -1, 2, 2, -1, -1, 2, 2, 2, -1, -2, -2, -1, -1, -2, 1, -2, -1, -2, 1, 1, -2, 1, 2, 1, 2, -1, -1, 2]"
298,dfs_bnb_mpi,2110.54,-9,10,588444321,"[-1, -1, 2, 2, 1, 1, -2, 1, 2, 2, -1, 2, 1, 1, -2, -2, -2, -2, -1, -2, 1, -2, -1, -1, -2, -1, 2, 2, 1]"
299,dfs_bnb_mpi,184.154,-7,8,53839977,"[-1, -1, 2, 2, 2, 2, -1, 2, 2, 2, 1, -2, -2, 1, -2, 1, -2, -1, -2, 1, -2, 1, -2, -2, -1, -1, -1, -1, 2]"
300,dfs_bnb_mpi,34815.8,-6,7,8128551558,"[-1, -1, 2, 2, 2, 2, 2, 2, 2, 2, 2, 2, 1, 2, 2, 2, -1, -2, -2, -1, -1, -1, -2, 1, 1, -2, -2, -1, 2]"
301,dfs_bnb_mpi,21.9122,-9,9,5816018,"[-1, -1, 2, 2, 2, 2, 2, 2, 1, 2, -1, 2, 1, 2, -1, -1, -2, -2, -2, -2, -1, 2, -1, 2, 1, 2, 2, 2, 2]"
302,dfs_bnb_mpi,129.175,-8,9,38530719,"[-1, -1, 2, 1, 1, 1, 1, -2, -1, -2, -1, -1, -1, -2, 1, -2, -2, 1, 1, 2, -1, 2, 1, 1, 2, 1, 2, 2, 2]"
303,dfs_bnb_mpi,19656.8,-9,10,5082418427,"[-1, -1, 2, 2, 1, -2, 1, 2, 1, -2, 1, 2, 2, 2, 2, 1, -2, -2, -2, -2, -2, 1, -2, -1, -1, 2, -1, -2, -1]"
304,dfs_bnb_mpi,50.7561,-11,12,13666840,"[-1, -2, 1, -2, 1, 2, 2, 2, -1, 2, 2, 1, 1, 1, -2, -2, -1, -2, 1, 1, 2, 1, -2, -2, -1, -1, -2, -1, 2]"
305,dfs_bnb_mpi,7145.55,-10,11,2017865728,"[-1, -1, 2, 2, -1, 2, 1, 1, 1, 2, 2, 1, -2, -2, 1, -2, 1, -2, -1, -2, -2, -1, 2, 2, 2, -1, -1, -2, 1]"
306,dfs_bnb_mpi,21253.6,-9,10,5462016109,"[-1, -1, 2, 2, 2, 2, 2, 2, 2, 1, -2, -2, -2, 1, 2, 1, -2, -2, 1, -2, -2, -1, -1, -1, 2, 2, 1, -2, 1]"
307,dfs_bnb_mpi,791.335,-6,7,239144815,"[-1, -1, 2, 2, 2, 2, 2, 1, 2, 2, -1, -2, -1, -2, -1, 2, 2, -1, 2, -1, -2, -2, 1, -2, -2, 1, 1, -2, -1]"
308,dfs_bnb_mpi,285.378,-10,11,77290204,"[-1, -1, 2, 1, 1, 2, 2, 1, -2, -2, 1, 2, 2, 1, -2, -2, -2, -1, -1, -2, 1, -2, -1, -2, -1, 2, 2, -1, -1]"
309,dfs_bnb_mpi,681.905,-10,11,175119708,"[-1, -1, 2, 1, 1, 2, -1, -1, -1, -2, -2, -2, 1, -2, 1, 2, 1, -2, 1, 2, 2, 2, 2, 1, -2, -2, -2, 1, 2]"
310,dfs_bnb_mpi,22944.5,-8,9,6276378479,"[-1, -1, 2, 2, 1, 2, 1, 2, 2, 2, 2, -1, -2, -2, -2, -1, -1, 2, -1, -1, -2, 1, -2, -1, -2, 1, 1, 2, 1]"
311,dfs_bnb_mpi,66.7774,-9,10,14869904,"[-1, -1, 2, 2, 2, 1, 1, -2, -2, 1, -2, 1, -2, 1, -2, -1, -1, 2, -1, -2, -2, 1, 1, 1, 1, 2, 2, 2, 2]"
312,dfs_bnb_mpi,4116.32,-8,9,1216454706,"[-1, -1, 2, 2, 2, 1, -2, -2, 1, 2, 2, 1, -2, 1, 2, 2, 2, -1, -1, -1, -1, -1, -2, -1, -2, 1, -2, -1, -1]"
313,dfs_bnb_mpi,9.57145,-9,10,2775511,"[-1, -1, 2, 2, -1, -2, -1, 2, -1, 2, 1, 1, 2, -1, 2, 1, 1, -2, -2, 1, 1, -2, -1, -2, 1, 1, 2, 2, 2]"
314,dfs_bnb_mpi,1339.33,-8,9,368147358,"[-1, -1, 2, 2, 1, 2, -1, 2, 2, 2, 2, -1, -2, -2, -1, -2, 1, -2, -1, -1, -1, -2, -2, 1, 2, 1, 1, -2, -1]"
315,dfs_bnb_mpi,13.0906,-10,11,3398270,"[-1, -2, 1, 1, 2, 1, 2, 2, 2, -1, -1, -2, 1, -2, -1, -1, -1, 2, 1, 2, 2, 2, 2, 2, 1, -2, -2, -2, 1]"
316,dfs_bnb_mpi,628.183,-9,10,167513117,"[-1, -1, 2, 1, 1, 2, 1, 2, 2, 2, 1, -2, -2, 1, 1, -2, -1, -1, -2, -1, -2, -2, 1, -2, -1, -1, -1, 2, 1]"
317,dfs_bnb_mpi,15516.7,-10,11,4326036277,"[-1, -2, -1, 2, -1, 2, 2, -1, 2, 1, 2, 1, -2, 1, 2, 2, 2, 1, -2, -2, -2, 1, -2, -1, -1, -1, -2, 1, 1]"
318,dfs_bnb_mpi,555.041,-10,11,147067364,"[-1, -1, 2, -1, 2, 2, -1, -2, -2, -1, 2, -1, -2, -2, 1, -2, -2, -2, 1, 2, 2, 2, 1, -2, 1, -2, -1, -2, 1]"
319,dfs_bnb_mpi,294.888,-10,11,83843144,"[-1, -2, 1, 1, 2, 2, 2, 1, 2, 2, -1, -2, -1, -2, -2, -1, 2, 2, -1, -2, -1, -2, 1, -2, -2, -1, 2, -1, 2]"
320,dfs_bnb_mpi,368.773,-9,10,104097768,"[-1, -1, 2, 2, 2, 2, 2, 2, 1, -2, -2, -2, -2, -2, 1, 2, 1, -2, -2, -2, -1, -1, -1, -1, 2, 2, -1, 2, 1]"
321,dfs_bnb_mpi,1851.54,-8,9,422463253,"[-1, -1, 2, 1, 2, 2, 2, -1, -2, -2, -1, -1, 2, 2, -1, -2, -2, -1, -2, 1, 1, 1, -2, -1, -2, -1, 2, -1, -1]"
322,dfs_bnb_mpi,211.69,-10,10,55494861,"[-1, -1, 2, -1, -2, -2, 1, 1, -2, 1, 1, -2, -1, -1, -2, -2, -1, 2, 2, 2, -1, -2, -2, -1, 2, -1, 2, 1, 2]"
323,dfs_bnb_mpi,2922.02,-7,8,812771373,"[-1, -1, 2, 2, 2, 2, 2, 2, 2, 1, -2, -2, -2, 1, -2, -1, -2, -2, 1, 2, 1, -2, 1, -2, -1, -2, -1, -1, -1]"
324,dfs_bnb_mpi,672.73,-10,11,197565900,"[-1, -2, 1, 1, -2, 1, 2, 1, -2, 1, 1, -2, -2, -1, -1, -1, -2, -1, 2, -1, -1, 2, 2, 1, -2, 1, 1, 1, 1]"
325,dfs_bnb_mpi,9.61979,-9,10,2332230,"[-1, -1, 2, 1, 1, 2, -1, 2, 1, 2, -1, 2, -1, -1, -2, 1, -2, -2, -1, 2, -1, 2, 2, -1, -2, -1, 2, 2, 2]"
326,dfs_bnb_mpi,899.137,-8,9,265046069,"[-1, -1, 2, 1, 1, 2, -1, -1, 2, 2, -1, -2, -2, -2, -1, 2, 2, -1, 2, 2, -1, -2, -1, -2, 1, -2, 1, -2, -1]"
327,dfs_bnb_mpi,599.226,-9,10,154602469,"[-1, -1, 2, 2, 2, 1, 2, 1, -2, -2, -1, -2, 1, 1, 2, 1, 2, 1, -2, -2, -1, -2, 1, -2, -1, -2, -1, 2, 2]"
328,dfs_bnb_mpi,57.3546,-9,10,16360225,"[-1, -1, 2, 2, 1, 1, -2, 1, 2, 1, -2, 1, 2, 1, 2, 1, -2, -2, -1, -2, -2, -1, 2, -1, -1, -2, -1, -1, -1]"
329,dfs_bnb_mpi,1327.06,-9,10,397465351,"[-1, -1, 2, 1, 1, 2, -1, 2, -1, -2, -1, -1, -2, 1, -2, -1, -1, 2, 2, 2, -1, -2, -2, -2, -2, 1, 1, 1, 1]"
330,dfs_bnb_mpi,2852.89,-9,10,788181522,"[-1, -1, 2, 2, 2, 2, 1, 2, -1, 2, 2, 1, -2, 1, -2, -2, 1, 2, 1, 1, -2, -1, -2, -1, -2, -1, 2, -1, -2]"
331,dfs_bnb_mpi,50.7241,-10,11,13657775,"[-1, -1, 2, 2, 2, 1, 1, -2, -1, -2, 1, 1, 1, -2, -1, -2, -2, -1, 2, -1, -1, -2, 1, -2, 1, 1, 1, 2, 2]"
332,dfs_bnb_mpi,12822.7,-10,11,3411296653,"[-1, -2, 1, -2, -1, -1, 2, 2, 2, 2, 1, 1, -2, 1, 2, 1, 2, 1, -2, 1, -2, -1, -1, -2, 1, -2, -1, -1, 2]"
333,dfs_bnb_mpi,264.695,-8,9,61499058,"[-1, -1, 2, 2, 2, 1, -2, -2, 1, 1, -2, -2, 1, -2, -1, -2, -1, 2, -1, -2, -1, 2, -1, -1, 2, 1, 1, 1, 1]"
334,dfs_bnb_mpi,378.519,-10,11,112823981,"[-1, -1, 2, 1, 2, 1, -2, 1, -2, 1, -2, -1, -1, -1, -1, -1, -2, 1, -2, 1, 1, 1, 1, 1, 2, -1, -1, -1, -1]"
335,dfs_bnb_mpi,1348.07,-9,10,312107674,"[-1, -1, 2, -1, 2, 2, -1, -1, -2, 1, -2, -1, -1, 2, -1, -2, -2, 1, 1, 1, 1, -2, -1, -1, -2, 1, 1, 1, 2]"
336,dfs_bnb_mpi,933.006,-8,9,261926870,"[-1, -1, 2, 2, 2, 2, 1, 2, -1, 2, 2, 1, 2, 2, -1, -2, -1, -2, -2, -1, -1, -2, -2, 1, 2, 1, -2, -2, -1]"
337,dfs_bnb_mpi,94.1787,-10,11,27340425,"[-1, -1, 2, 2, 2, -1, -2, -2, -2, -1, 2, 2, -1, -2, -2, -1, -2, 1, -2, 1, -2, 1, 2, 1, 1, 2, -1, -1, -1]"
338,dfs_bnb_mpi,23687.6,-6,7,6347507352,"[-1, -1, 2, 2, 2, 2, 2, 2, 2, 2, 2, 1, -2, 1, 2, 2, 2, -1, -2, -1, -1, -1, -2, 1, -2, -2, -1, 2, -1]"
339,dfs_bnb_mpi,3517.22,-8,9,905802328,"[-1, -1, 2, 2, 2, 1, 2, 2, 2, 1, 2, 2, -1, -2, -1, -2, -1, -1, -1, -2, -2, 1, 2, 1, 1, -2, -1, -2, -1]"
340,dfs_bnb_mpi,8827.7,-10,11,2007383654,"[-1, -1, -1, 2, 1, 1, 2, 2, 1, -2, 1, 1, 1, -2, -2, -2, -2, -1, -1, -1, -1, 2, 1, 1, 1, 2, -1, 2, -1]"
341,dfs_bnb_mpi,3335.79,-8,9,734505066,"[-1, -1, 2, 2, 2, 2, 2, 2, 2, 2, 2, 1, -2, -2, -2, -2, -2, -2, -2, -2, 1, 2, 1, 2, 1, 2, -1, -1, -2]"
342,dfs_bnb_mpi,17248.6,-4,5,5061048424,"[-1, -1, 2, 2, 2, 2, 2, 1, 1, -2, -2, -1, -2, -2, 1, 2, 1, -2, -2, -2, -1, -1, -1, -1, 2, 2, 2, 2, 2]"
343,dfs_bnb_mpi,136.576,-10,11,36478077,"[-1, -2, -2, -1, 2, 2, -1, 2, 1, 1, 2, -1, -1, 2, -1, 2, 1, 2, 2, 1, -2, 1, 1, -2, -1, -1, -2, 1, 1]"
344,dfs_bnb_mpi,513.791,-10,11,146044873,"[-1, -1, 2, 2, 2, -1, 2, 1, 2, 1, -2, 1, -2, -2, -2, 1, -2, 1, -2, -1, -2, -1, 2, -1, -1, -1, -2, 1, 1]"
345,dfs_bnb_mpi,208.57,-9,10,59720230,"[-1, -1, 2, -1, 2, 2, -1, 2, 2, -1, -2, -2, -1, -2, -1, -1, -2, 1, 1, 1, 2, 1, -2, -2, 1, -2, 1, 1, 1]"
346,dfs_bnb_mpi,389.968,-6,7,114408934,"[-1, -1, 2, 2, 2, 2, 2, -1, -1, -2, -2, -2, -2, 1, -2, -2, 1, 1, -2, -1, -1, -1, -1, 2, 1, 2, -1, 2, 2]"
347,dfs_bnb_mpi,17925.1,-6,7,4874460324,"[-1, -1, 2, 2, 2, 2, 2, 2, 2, 2, 2, 2, 2, 1, -2, -2, 1, 2, 1, -2, 1, -2, -1, -2, -1, 2, -1, -2, -2]"
348,dfs_bnb_mpi,955.895,-10,11,247847819,"[-1, -1, 2, 2, 1, 2, -1, 2, 2, 2, 2, -1, -2, -2, -2, -2, -1, -2, -2, -1, -1, -2, 1, -2, 1, 2, 1, 2, 2]"
349,dfs_bnb_mpi,94.01,-8,9,22098141,"[-1, -1, 2, 2, 1, 2, 2, -1, -2, -1, 2, 2, -1, -2, -2, -1, -2, 1, 1, -2, -1, -2, 1, -2, -2, 1, 2, 1, 1]"
350,dfs_bnb_mpi,2736.94,-8,9,630613730,"[-1, -2, 1, 1, 2, 2, 2, 2, 1, 2, 2, -1, -2, -1, -1, -1, -2, -1, -2, 1, 1, 2, 1, -2, -2, -1, -1, -2, -1]"
351,dfs_bnb_mpi,218.108,-9,10,51090677,"[-1, -1, 2, 1, 2, 2, 2, 1, 2, -1, 2, -1, -2, -2, -1, -2, 1, -2, -1, -2, -2, -1, -1, 2, 1, 2, 2, 2, 2]"
352,dfs_bnb_mpi,61.9373,-10,11,15947391,"[-1, -1, 2, 1, 1, 1, 1, 2, -1, 2, -1, -2, -1, -1, -1, -2, -1, -2, 1, -2, -2, 1, 2, 1, 1, 1, 1, 2, -1]"
353,dfs_bnb_mpi,175.261,-10,11,41950444,"[-1, -1, 2, -1, -2, -2, 1, -2, -2, 1, -2, 1, 1, 2, -1, 2, -1, 2, 1, 1, 2, 2, 1, -2, 1, -2, -1, -2, -1]"
354,dfs_bnb_mpi,1505.11,-9,10,362140155,"[-1, -1, 2, 2, 2, 2, -1, -2, -1, 2, -1, -2, -1, -1, -2, 1, 1, 1, 1, -2, -1, -2, -1, 2, -1, -2, -1, 2, -1]"
355,dfs_bnb_mpi,230.339,-9,10,66715519,"[-1, -1, 2, -1, -2, -2, 1, 1, 1, -2, 1, 1, 1, 2, -1, -1, 2, 1, 2, 2, -1, -1, -2, -1, 2, 2, -1, -2, -1]"
356,dfs_bnb_mpi,159.4,-9,10,47815254,"[-1, -1, 2, 2, 2, -1, -2, -2, -2, -2, -1, 2, 2, 2, 2, -1, -2, -1, 2, -1, -2, -2, -2, 1, 2, 1, -2, -2, -1]"
357,dfs_bnb_mpi,1015.75,-8,9,291711922,"[-1, -1, 2, 2, 2, 2, 2, 2, 1, -2, -2, -2, 1, 2, 1, 2, -1, 2, 2, 1, -2, 1, 2, 1, -2, 1, -2, -1, -1]"
358,dfs_bnb_mpi,39.1731,-8,9,10908128,"[-1, -1, 2, 2, 2, 2, 2, 1, 2, -1, 2, -1, -1, -2, 1, -2, -2, -1, -1, -2, 1, 1, -2, -2, -2, -1, -2, 1, 1]"
359,dfs_bnb_mpi,25.7912,-9,10,7565334,"[-1, -1, 2, -1, -2, -2, -2, 1, 2, 1, 1, -2, -2, 1, 2, 2, 1, 2, -1, 2, -1, -1, 2, 1, 2, 2, 2, 2, 2]"
360,dfs_bnb_mpi,28838.3,-9,10,7453833544,"[-1, -1, 2, 2, 2, 2, 1, -2, -2, 1, 2, 2, 2, -1, -1, 2, -1, -2, -1, 2, -1, -2, -2, 1, 1, -2, -1, -2, 1]"
361,dfs_bnb_mpi,2744.22,-8,9,806717046,"[-1, -1, 2, 2, 2, 2, 2, 1, 2, 1, 1, 2, -1, 2, 2, -1, 2, 2, -1, -2, -2, -2, 1, -2, -1, -2, -1, -2, -1]"
362,dfs_bnb_mpi,3691.74,-9,10,1090699676,"[-1, -1, 2, -1, -2, -1, -1, -2, 1, 1, -2, -1, -2, 1, -2, 1, 2, 1, 1, 1, 1, 2, -1, -1, -1, -1, 2, 1, 1]"
363,dfs_bnb_mpi,80803.7,-6,7,22998210772,"[-1, -1, 2, 2, 2, 2, 1, -2, -2, 1, 2, 2, 1, 2, 1, 2, -1, 2, -1, -2, -2, -1, 2, -1, -1, -2, -2, -2, -2]"
364,dfs_bnb_mpi,13156.5,-9,10,3271853221,"[-1, -1, 2, 2, 2, 2, 2, 2, 2, 2, 2, 1, 2, 2, -1, -2, -1, 2, 2, 1, 1, 1, -2, 1, -2, -1, -2, -2, -1]"
365,dfs_bnb_mpi,2306.55,-8,9,673001140,"[-1, -1, 2, 2, 2, 2, 1, 2, 1, 2, -1, 2, -1, -2, -2, -1, -2, -1, -2, 1, -2, -1, -1, -2, 1, 1, -2, -2, 1]"
366,dfs_bnb_mpi,183.676,-10,11,53582994,"[-1, -1, 2, 1, 1, 2, 1, -2, -2, 1, 2, 1, -2, -2, -2, -1, -1, -1, -2, -2, -1, 2, 2, -1, 2, 1, 1, 1, 1]"
367,dfs_bnb_mpi,926.576,-8,9,258054021,"[-1, -1, 2, 2, 1, -2, 1, 1, 1, 1, 2, -1, 2, 1, 2, -1, 2, -1, -2, -2, -2, -1, 2, 2, -1, -2, -1, 2, 2]"
368,dfs_bnb_mpi,232.915,-10,11,65542132,"[-1, -1, 2, 2, 1, 1, 2, -1, -1, 2, 1, 2, -1, -1, -2, -2, -1, -2, 1, -2, -2, -1, -2, 1, -2, 1, 1, 2, -1]"
369,dfs_bnb_mpi,350.163,-9,10,103077813,"[-1, -2, 1, -2, 1, 2, 1, 2, 2, 1, 1, -2, -1, -2, 1, 1, 2, 2, 2, -1, 2, -1, -2, -1, 2, -1, -2, -2, -2]"
370,dfs_bnb_mpi,80448.1,-6,7,19194180931,"[-1, -1, 2, 2, 2, 2, 2, 2, 2, 2, 2, 1, 1, 2, 2, 1, -2, -2, -2, -1, -1, -2, -2, 1, 2, 1, -2, -2, -1]"
371,dfs_bnb_mpi,543.626,-9,10,163121246,"[-1, -2, -1, 2, 2, 2, 1, -2, 1, 2, 2, -1, 2, -1, -2, -1, 2, 2, 2, -1, -2, -2, -2, -2, 1, -2, -2, -1, 2]"
372,dfs_bnb_mpi,39583.8,-10,11,11339858308,"[-1, -2, -1, -2, 1, -2, -1, -1, 2, 2, 2, 2, 1, 1, 1, 1, -2, 1, 1, -2, -1, -2, -2, -1, -1, 2, 2, 1, -2]"
373,dfs_bnb_mpi,7809.97,-12,13,2229689233,"[-1, -2, -2, -1, 2, 2, -1, 2, -1, 2, 1, 2, 2, 1, -2, 1, 2, 2, 1, -2, -2, 1, -2, -1, -2, -1, 2, -1, -2]"
374,dfs_bnb_mpi,71.8594,-10,11,18909753,"[-1, -2, 1, -2, 1, 1, 2, -1, 2, 2, 1, 2, 1, 1, 2, -1, -1, 2, -1, -1, -1, -2, -2, -2, 1, 2, 1, 2, -1]"
375,dfs_bnb_mpi,11.9237,-9,10,2717482,"[-1, -2, 1, -2, -1, -1, -1, -1, 2, 2, 2, 1, -2, -2, 1, 2, 2, 1, 2, 2, -1, -2, -1, 2, 2, 2, 2, 2, 2]"
376,dfs_bnb_mpi,474.033,-10,11,112461750,"[-1, -1, 2, 1, 2, 2, 2, -1, -2, -2, -1, 2, 2, 2, -1, -2, -1, -2, 1, -2, -1, -1, -2, 1, -2, 1, 1, 2, -1]"
377,dfs_bnb_mpi,4148.39,-9,10,1073553614,"[-1, -1, 2, 1, 2, 2, 2, 2, -1, -1, -1, -2, 1, -2, 1, -2, -1, -2, -2, -1, 2, 2, 2, -1, 2, -1, -2, -2, 1]"
378,dfs_bnb_mpi,110.382,-8,9,26392442,"[-1, -1, 2, 1, 2, 2, 2, -1, -2, -2, -1, 2, -1, -1, -1, -2, -2, 1, 2, 1, -2, 1, -2, -1, -1, -1, -1, 2, 2]"
379,dfs_bnb_mpi,84.2578,-9,10,21224377,"[-1, -1, 2, 1, 2, 1, 1, -2, -2, -2, -1, -1, -1, -1, -1, 2, 1, 2, -1, 2, 2, 1, -2, 1, 2, 1, 2, 2, 2]"
380,dfs_bnb_mpi,27.3448,-10,11,7081077,"[-1, -2, -1, -1, -2, 1, 1, -2, 1, -2, 1, 2, 1, 2, -1, -1, 2, 1, 2, 2, 2, -1, -2, -1, 2, -1, -2, -2, -1]"
381,dfs_bnb_mpi,45.3418,-8,8,13224898,"[-1, -1, 2, -1, -1, 2, 1, 2, 2, -1, -1, -2, -2, -2, -1, -1, -2, 1, 1, 1, 1, -2, -2, 1, 2, 1, 1, 1, 2]"
382,dfs_bnb_mpi,3963.45,-6,7,1026497089,"[-1, -1, 2, 2, 2, 2, 1, -2, -2, -2, 1, 2, 1, -2, -2, -2, -1, -1, -1, -2, -1, 2, 2, 2, -1, -2, -1, 2, 2]"
383,dfs_bnb_mpi,11.3628,-11,11,3391958,"[-1, -2, -1, -1, -2, 1, -2, 1, 2, 1, 2, 1, 2, 1, 1, 2, -1, -1, -1, -1, -1, 2, 1, 2, 2, 1, -2, -2, 1]"
384,dfs_bnb_mpi,182.139,-9,10,41000611,"[-1, -1, 2, -1, -2, -1, -1, -2, -1, 2, 2, -1, -2, -2, -2, 1, 1, 1, 2, 1, -2, 1, 2, 1, 1, 1, 2, 2, 2]"
385,dfs_bnb_mpi,149.844,-10,11,40624362,"[-1, -1, 2, 2, -1, -1, -1, -2, 1, 1, -2, -1, -1, -1, -2, -2, 1, 2, 1, 1, -2, -1, -2, 1, 1, 2, 1, 2, -1]"
386,dfs_bnb_mpi,1.82287,-9,10,514410,"[-1, -1, 2, 2, 2, 2, 1, -2, -2, -2, 1, 2, 1, -2, -2, 1, -2, -1, -1, -2, -2, -1, 2, 2, -1, -1, 2, 2, 2]"
387,dfs_bnb_mpi,5147.14,-10,11,1348317210,"[-1, -1, 2, 2, 2, 2, 2, 2, 1, -2, 1, 2, 1, -2, 1, -2, 1, 1, -2, -1, -1, -1, -2, -1, 2, -1, 2, 1, 1]"
388,dfs_bnb_mpi,455.667,-7,8,106829588,"[-1, -1, 2, 2, -1, -2, -2, -2, 1, 1, 1, 1, 1, -2, -1, -1, -2, -2, -1, 2, 2, -1, -2, -1, 2, -1, 2, 2, 2]"
389,dfs_bnb_mpi,23.7397,-10,11,6979343,"[-1, -1, 2, 1, 2, -1, 2, -1, 2, -1, -2, -2, -2, -1, 2, 2, -1, -2, -2, -1, -2, 1, -2, 1, 2, 1, 1, 2, 2]"
390,dfs_bnb_mpi,3089,-7,8,863653256,"[-1, -1, 2, 2, 2, 1, 2, 2, -1, -2, -1, 2, 2, 1, 1, 1, -2, -2, 1, -2, -1, -2, 1, 1, -2, -1, -1, -1, 2]"
391,dfs_bnb_mpi,125.699,-10,11,36834808,"[-1, -2, 1, -2, 1, 2, 1, 2, -1, 2, -1, 2, 2, 2, 2, 2, 2, -1, -2, -1, -2, 1, -2, -1, -2, 1, -2, -2, -1]"
392,dfs_bnb_mpi,50.989,-9,10,15003051,"[-1, -1, 2, 2, 2, 2, -1, 2, -1, -2, -1, -2, 1, 1, -2, -1, -1, -1, -2, 1, 1, 1, -2, -2, -2, -1, 2, 2, -1]"
393,dfs_bnb_mpi,223.977,-9,10,66336153,"[-1, -1, 2, 2, -1, -2, -1, -2, 1, -2, 1, 1, 1, 1, 1, 2, 2, 1, -2, 1, -2, -1, -2, -1, -2, -1, 2, -1, -1]"
394,dfs_bnb_mpi,24014.8,-6,7,5541466012,"[-1, -1, 2, 2, 2, 2, 2, 2, 2, 1, 2, 2, 2, -1, -2, -2, -1, -1, 2, -1, -2, -2, 1, 1, -2, -1, -2, 1, -2]"
395,dfs_bnb_mpi,1122.72,-9,10,265790786,"[-1, -1, 2, 2, -1, -2, -2, -1, -1, -2, -1, -2, 1, -2, 1, -2, -2, 1, 2, 2, 2, -1, 2, 1, 1, 1, -2, -1, -2]"
396,dfs_bnb_mpi,144.011,-9,9,37679785,"[-1, -1, 2, -1, 2, 2, 2, -1, -2, -2, -2, -1, -1, -2, 1, 1, 1, -2, -1, -1, -1, -2, 1, -2, 1, 2, 1, 1, 2]"
397,dfs_bnb_mpi,231.287,-8,8,63110162,"[-1, -1, 2, -1, -2, -1, -1, -2, 1, 1, -2, -2, 1, 2, 2, 1, 1, 1, -2, -1, -1, -2, -2, 1, 1, 1, 2, -1, -1]"
398,dfs_bnb_mpi,547.852,-10,11,138125652,"[-1, -1, -1, 2, -1, -2, -2, 1, 1, -2, -2, 1, 2, 2, 1, 1, 2, 2, 2, -1, -2, -1, -1, 2, 1, 2, 1, 2, 2]"
399,dfs_bnb_mpi,14.5022,-8,9,3749130,"[-1, -1, 2, 2, 2, 1, -2, -2, 1, 2, 2, 1, 2, 2, -1, -2, -1, -1, -1, -2, -2, -1, 2, -1, -2, -2, 1, 1, -2]"
400,dfs_bnb_mpi,1156.29,-9,10,318818865,"[-1, -1, -1, 2, 1, 1, 2, 2, 2, 1, -2, -2, -2, 1, -2, 1, 1, -2, -2, -2, -1, -1, 2, 1, 2, -1, -1, -1, -1]"
401,dfs_bnb_mpi,1390.25,-9,10,354702293,"[-1, -1, 2, -1, 2, 2, 2, -1, -1, 2, -1, -1, -2, -2, -2, -2, 1, 1, 2, -1, 2, 1, 1, -2, -2, -2, -2, 1, 2]"
402,dfs_bnb_mpi,23420.1,-7,8,6490676154,"[-1, -1, 2, 2, 1, 2, -1, -1, 2, 2, 1, -2, 1, 2, 2, 1, -2, -2, 1, 1, -2, -1, -1, -2, -2, 1, -2, -2, -1]"
403,dfs_bnb_mpi,410.677,-10,11,114057746,"[-1, -1, 2, 2, 2, -1, -2, -2, -2, -2, -1, 2, -1, 2, 2, -1, -2, -2, -2, 1, -2, 1, -2, 1, 2, 1, 1, 2, -1]"
404,dfs_bnb_mpi,159.34,-9,10,41889434,"[-1, -1, 2, 2, 2, 1, 2, 2, -1, -2, -1, -2, -2, -1, -2, -1, 2, -1, 2, 1, 1, 2, 2, -1, -2, -1, 2, 2, 2]"
405,dfs_bnb_mpi,2802.85,-10,11,775846114,"[-1, -2, 1, 1, 2, 2, 2, -1, -1, -1, -1, -2, -2, -2, -1, -2, 1, -2, -2, 1, 2, 1, 2, -1, 2, 2, 2, 1, 1]"
406,dfs_bnb_mpi,1092.26,-9,9,295702700,"[-1, -1, 2, 2, 2, -1, 2, -1, -1, -2, 1, -2, 1, -2, -1, -1, -2, 1, 1, -2, 1, 1, 1, -2, -1, -1, -1, -1, 2]"
407,dfs_bnb_mpi,35746.9,-9,10,8834210469,"[-1, -1, 2, 2, 2, -1, 2, -1, -2, -1, -1, -2, -2, -1, 2, -1, -2, -2, 1, 1, 1, 2, 2, 1, -2, -2, 1, 2, 2]"
408,dfs_bnb_mpi,335.967,-10,11,98492883,"[-1, -1, 2, 1, 2, 2, 1, -2, -2, 1, -2, 1, -2, -1, -2, -1, 2, -1, -1, -2, 1, -2, -1, -2, 1, 1, 2, 1, 1]"
409,dfs_bnb_mpi,2.20209,-9,10,579721,"[-1, -1, 2, -1, -2, -1, -2, -1, -2, 1, 1, 2, 1, 1, 1, 1, 2, 1, 2, 2, 2, -1, -2, -2, -1, -1, 2, 2, 2]"
410,dfs_bnb_mpi,8707.12,-10,11,2033645614,"[-1, -1, 2, 2, 2, 2, 2, 2, 2, 2, 1, -2, -2, -2, 1, -2, 1, 2, 1, 1, 2, -1, -1, -1, 2, 2, 1, -2, 1]"
411,dfs_bnb_mpi,3338.05,-9,10,943920986,"[-1, -1, 2, 2, 2, 2, 2, 2, 2, 2, 2, 1, -2, 1, 2, 1, -2, -2, 1, -2, -2, -1, 2, -1, -2, -1, 2, 2, 1]"
412,dfs_bnb_mpi,1035.92,-9,10,316249155,"[-1, -1, 2, 2, 2, -1, 2, -1, -2, -2, 1, -2, -1, -2, -1, 2, -1, -2, -2, 1, 1, -2, -2, 1, 2, 1, 2, -1, 2]"
413,dfs_bnb_mpi,111.024,-10,11,31451553,"[-1, -1, 2, -1, -2, -1, -1, -2, 1, 1, -2, 1, 2, 1, -2, 1, 2, 1, 2, 1, 2, -1, -1, -1, 2, 1, 2, 2, 2]"
414,dfs_bnb_mpi,144.093,-6,7,36767231,"[-1, -1, 2, 2, 2, 2, 2, 2, 2, 1, -2, 1, 2, 2, 2, -1, -2, -1, 2, 2, -1, -2, -2, -1, -2, 1, -2, -1, -1]"
415,dfs_bnb_mpi,30.9605,-10,11,8352290,"[-1, -2, 1, 1, 2, 2, 1, 2, 2, 2, 2, -1, -2, -2, -2, -1, -1, 2, 1, 2, 2, -1, -1, -2, -2, -2, -2, 1, 1]"
416,dfs_bnb_mpi,1158.36,-11,12,348047399,"[-1, -2, 1, 1, 2, 1, -2, -2, -1, -2, -1, 2, -1, -1, 2, 2, 2, 1, 2, 2, 2, 1, -2, -2, -2, 1, 1, 2, -1]"
417,dfs_bnb_mpi,24697.3,-8,9,7329877987,"[-1, -1, 2, 2, 1, 2, 2, -1, 2, 2, -1, -2, -2, -1, 2, 2, -1, -2, -2, -2, 1, -2, -1, -2, 1, 1, 2, 2, 1]"
418,dfs_bnb_mpi,985.394,-9,10,266216568,"[-1, -1, 2, 2, 2, 2, -1, -2, -2, -2, -2, -1, -1, 2, 1, 2, 2, -1, -2, -1, -2, -1, -1, -2, -2, 1, 2, 1, -2]"
419,dfs_bnb_mpi,685.514,-10,11,166063790,"[-1, -2, -1, -1, 2, 1, 2, -1, -1, 2, -1, 2, 1, 2, 2, 1, -2, -2, -2, 1, 2, 2, 1, -2, 1, -2, -2, -1, 2]"
420,dfs_bnb_mpi,3205.27,-10,11,854834424,"[-1, -1, 2, 1, 2, -1, -1, 2, 1, 1, 2, 2, 1, -2, -2, 1, -2, -1, -2, 1, -2, 1, -2, -1, -1, -2, 1, 1, 1]"
421,dfs_bnb_mpi,318.089,-10,10,97037821,"[-1, -1, 2, 2, 1, -2, 1, 1, -2, 1, 2, 2, -1, -1, 2, -1, -1, 2, 1, 1, 2, 2, 1, 1, -2, -2, -2, -1, 2]"
422,dfs_bnb_mpi,389.407,-10,11,104183098,"[-1, -1, 2, -1, 2, 2, 2, 2, 1, 1, -2, -2, -1, -2, 1, -2, 1, 2, 1, 2, -1, 2, 2, 1, -2, 1, 1, -2, -1]"
423,dfs_bnb_mpi,392.688,-11,11,114164307,"[-1, -2, 1, -2, -2, 1, 1, 1, 2, -1, -1, 2, 2, 1, -2, 1, 2, 2, 2, -1, -2, -1, 2, 2, -1, -2, -1, -2, 1]"
424,dfs_bnb_mpi,16177.8,-7,6,3980688040,"[-1, -1, 2, 2, 2, 2, 2, 2, 1, 1, -2, -2, -2, -2, -2, 1, -2, 1, 1, -2, -1, -1, -1, -1, -2, 1, -2, 1, 2]"
425,dfs_bnb_mpi,203.65,-9,10,61775396,"[-1, -1, 2, 2, -1, -1, -2, 1, -2, -2, -1, 2, -1, -2, -2, 1, -2, 1, -2, 1, 2, 1, 2, 1, 2, -1, -1, -2, -1]"
426,dfs_bnb_mpi,50.791,-9,10,14979721,"[-1, -1, 2, 2, 1, 1, 2, -1, -1, 2, -1, -2, -1, 2, -1, -2, -2, 1, 1, -2, -2, -2, -1, -1, 2, 1, 2, -1, -1]"
427,dfs_bnb_mpi,16.647,-9,10,4888653,"[-1, -1, -1, 2, 1, 2, 2, -1, -2, -1, 2, 2, 1, 2, 1, -2, 1, -2, 1, 2, 2, 1, -2, -2, -2, -1, -1, -2, 1]"
428,dfs_bnb_mpi,0.782844,-10,11,185785,"[-1, -1, 2, 2, 1, -2, 1, 2, 1, -2, -2, 1, 2, 2, 1, -2, 1, -2, -1, -2, -2, -1, 2, -1, -2, -1, 2, -1, -1]"
429,dfs_bnb_mpi,7716.35,-9,10,2019877110,"[-1, -1, 2, 2, 2, 2, 2, -1, -1, -1, -1, -2, 1, -2, 1, -2, 1, -2, -1, -2, -1, -1, 2, 1, 2, -1, 2, -1, 2]"
430,dfs_bnb_mpi,988.445,-10,10,267931791,"[-1, -1, 2, 2, 2, 1, -2, 1, 2, 2, 2, -1, -2, -1, 2, -1, 2, -1, -2, -2, 1, -2, -1, -1, -2, 1, -2, 1, 2]"
431,dfs_bnb_mpi,249.427,-10,11,72243845,"[-1, -1, 2, 2, -1, 2, -1, -2, -1, -1, -2, 1, 1, 1, -2, -2, 1, 1, -2, 1, -2, -1, -1, 2, -1, -1, 2, 2, -1]"
432,dfs_bnb_mpi,43.4068,-9,10,12547750,"[-1, -1, 2, 1, 2, 2, 2, -1, -2, -2, -1, 2, -1, -2, -2, 1, -2, -1, -1, -2, 1, 1, -2, -2, 1, 2, 1, 2, -1]"
433,dfs_bnb_mpi,30.6094,-10,11,7866229,"[-1, -2, -1, 2, -1, -2, -1, 2, 2, 1, 1, 1, 1, 2, 1, -2, -2, -2, -1, -2, -1, -1, -2, -2, -1, 2, 2, -1, -1]"
434,dfs_bnb_mpi,33000.7,-9,10,8236270648,"[-1, -1, 2, 2, 2, 2, 2, 2, 1, 1, 2, 1, 1, -2, -2, -2, -1, -2, -2, -1, -1, 2, 1, 2, -1, 2, 1, 1, 2]"
435,dfs_bnb_mpi,1.13913,-9,10,348174,"[-1, -1, 2, 2, 2, 1, -2, -2, 1, 2, 1, -2, -2, 1, 1, -2, -1, -1, -1, -2, -1, 2, -1, -1, 2, 2, 2, 2, 2]"
436,dfs_bnb_mpi,361.51,-9,10,98947855,"[-1, -1, 2, 2, 2, 2, 1, -2, 1, 2, 2, 2, -1, -2, -1, -1, -1, -2, -1, 2, -1, -2, -2, 1, 1, -2, 1, 2, 2]"
437,dfs_bnb_mpi,71.9362,-9,9,17881985,"[-1, -1, 2, 1, 1, 2, 2, 2, 2, 2, 1, 1, -2, 1, -2, -2, -1, 2, -1, -2, -2, 1, -2, -1, -2, 1, 1, 2, 2]"
438,dfs_bnb_mpi,219.36,-8,9,62170400,"[-1, -2, 1, 1, 2, 1, 2, 2, -1, -2, -1, -1, -1, -2, -1, 2, 2, 2, 2, 1, 1, -2, -1, -2, 1, 1, 2, 2, 2]"
439,dfs_bnb_mpi,3140.19,-7,8,865871587,"[-1, -1, 2, 2, 2, 2, 2, 2, 2, 1, -2, 1, 1, -2, 1, 2, 2, 1, -2, -2, -2, -1, -1, -1, 2, -1, -2, -2, 1]"
440,dfs_bnb_mpi,322.258,-11,12,90299502,"[-1, -2, 1, -2, -1, -2, -1, 2, 2, 2, 2, 1, 1, 1, -2, -2, 1, -2, -1, -2, -1, -2, 1, 1, -2, -1, -1, -1, 2]"
441,dfs_bnb_mpi,1381.07,-8,9,414822934,"[-1, -1, 2, 2, 1, 2, 2, 2, 2, 1, 2, 1, 2, 2, -1, -2, -1, -2, -1, -2, -2, -2, -1, -1, -2, -2, 1, 2, 1]"
442,dfs_bnb_mpi,8146.96,-8,9,2201159752,"[-1, -1, 2, 2, 2, 1, 2, 1, -2, -2, -2, 1, 2, 2, 2, 2, 2, -1, -1, 2, -1, -2, -1, -2, -2, 1, 2, 1, 1]"
443,dfs_bnb_mpi,2.76357,-9,10,757241,"[-1, -1, 2, -1, -2, -1, -2, 1, 1, 1, 1, -2, -1, -1, -1, -2, -2, -1, 2, 2, -1, 2, 2, 2, -1, -2, -2, -1, 2]"
444,dfs_bnb_mpi,1074.94,-6,7,290367516,"[-1, -1, 2, 2, 2, 2, 2, 2, 2, 2, 2, 2, 2, 1, 2, 1, 2, -1, -1, -2, -1, -2, -2, -1, -1, 2, 1, 2, 2]"
445,dfs_bnb_mpi,2.71147,-10,11,665269,"[-1, -1, 2, -1, -2, -1, 2, -1, 2, 1, 2, 1, -2, 1, 1, -2, 1, 1, 1, 2, 2, -1, -2, -1, 2, -1, 2, 2, 2]"
446,dfs_bnb_mpi,682.052,-10,11,190879336,"[-1, -1, 2, -1, -2, -1, -2, 1, 1, 1, 1, 1, -2, -1, -1, -1, -1, -1, -2, 1, -2, 1, 2, 1, 1, -2, -1, -2, -1]"
447,dfs_bnb_mpi,12.9748,-9,10,3207920,"[-1, -1, 2, -1, 2, 2, 2, 2, 1, -2, 1, -2, -1, -2, 1, -2, 1, 2, 1, 2, -1, 2, 2, -1, 2, 2, 2, 2, 2]"
448,dfs_bnb_mpi,5547.02,-9,10,1303306896,"[-1, -1, 2, 2, 2, 2, 2, 1, 2, 1, 2, 2, 2, 2, 1, -2, -2, -2, -2, -2, -1, -2, -2, 1, -2, -1, -1, 2, 2]"
449,dfs_bnb_mpi,1120.74,-9,9,319499485,"[-1, -1, 2, 2, 2, 2, 2, -1, -1, -2, -2, -1, -1, -2, 1, 1, 1, -2, -2, -2, 1, -2, -1, -1, 2, 2, -1, 2, 1]"
450,dfs_bnb_mpi,4.06378,-10,11,1023257,"[-1, -2, -1, -1, 2, 1, 2, -1, 2, 1, 1, -2, 1, 2, 2, -1, 2, 2, 1, -2, 1, -2, 1, -2, -1, -2, 1, 1, 2]"
451,dfs_bnb_mpi,973.335,-8,9,259143420,"[-1, -1, 2, 2, 2, 2, 2, 2, 1, 2, -1, -1, 2, -1, -1, -1, -2, -2, 1, 2, 1, -2, 1, -2, -1, -2, -1, 2, -1]"
452,dfs_bnb_mpi,4.01158,-9,9,979255,"[-1, -1, 2, 2, 2, 1, 1, 2, -1, 2, 1, 2, 1, -2, -2, -2, -2, -1, -1, -2, 1, 1, 1, 2, 2, 2, 2, 2, 2]"
453,dfs_bnb_mpi,113.777,-9,10,26420014,"[-1, -1, 2, 2, 2, 2, -1, -1, -1, -1, -2, 1, -2, 1, 2, 1, -2, -2, -1, -2, -1, -2, 1, -2, 1, 1, 2, -1, 2]"
454,dfs_bnb_mpi,3681.55,-10,11,1073089588,"[-1, -1, 2, -1, -2, -1, 2, -1, -2, -1, -2, -2, -2, 1, 1, -2, 1, 2, 1, 1, 2, 2, -1, -2, -1, 2, -1, -2, -1]"
455,dfs_bnb_mpi,652.071,-10,11,194493781,"[-1, -2, 1, 1, -2, 1, -2, 1, 2, 1, -2, 1, 2, 1, -2, -2, -1, -1, -2, -2, -1, 2, 2, -1, -1, 2, -1, 2, -1]"
456,dfs_bnb_mpi,310.784,-9,10,94075211,"[-1, -1, 2, 2, 2, 2, -1, 2, 1, 2, 1, -2, 1, -2, -1, -2, 1, 1, -2, -1, -1, -2, 1, 1, -2, -2, -1, -1, -1]"
457,dfs_bnb_mpi,9.53076,-9,10,2282007,"[-1, -1, 2, 2, 2, -1, 2, -1, -2, -1, -1, -2, 1, 1, 1, -2, -2, -1, 2, -1, -1, -2, 1, -2, -2, 1, 2, 1, 1]"
458,dfs_bnb_mpi,11.3009,-9,10,3482333,"[-1, -1, 2, -1, -1, 2, 2, 1, -2, 1, 1, -2, 1, 1, 2, -1, 2, -1, 2, 2, 2, 2, 2, -1, -2, -2, -2, -2, -2]"
459,dfs_bnb_mpi,372.139,-6,7,102029627,"[-1, -1, 2, 2, 2, 2, 2, 2, 2, 1, -2, 1, 1, -2, -1, -1, -2, 1, -2, -1, -2, -2, 1, 2, 1, 1, 2, -1, 2]"
460,dfs_bnb_mpi,857.412,-8,9,238796890,"[-1, -1, 2, 2, 2, 2, 1, 1, 2, -1, -1, 2, 2, 1, 2, -1, 2, -1, -2, -1, -2, 1, -2, -1, -1, -2, 1, 1, -2]"
461,dfs_bnb_mpi,1536.22,-11,12,432518878,"[-1, -2, -2, 1, -2, -1, -1, 2, 2, 2, 2, 1, 1, 1, -2, 1, 2, 1, -2, 1, -2, -2, -1, 2, -1, -2, -1, 2, -1]"
462,dfs_bnb_mpi,222.14,-9,10,62552197,"[-1, -2, -1, 2, 2, 1, 2, -1, -1, -2, -2, -2, -2, 1, 1, 1, 2, 1, 1, 2, -1, 2, -1, 2, 2, 2, -1, -2, -1]"
463,dfs_bnb_mpi,187.546,-9,10,44806542,"[-1, -1, 2, 2, 2, 2, 2, 2, 1, -2, -2, 1, -2, -1, -2, 1, -2, 1, -2, 1, 1, 2, -1, 2, -1, 2, 2, 2, 2]"
464,dfs_bnb_mpi,7424.11,-10,11,2072961703,"[-1, -1, 2, 2, 2, 2, 2, 2, 1, 2, 1, -2, 1, -2, 1, 2, 1, -2, -2, -1, -2, -1, 2, -1, -2, -1, 2, 2, 1]"
465,dfs_bnb_mpi,23.6317,-9,9,5821872,"[-1, -1, 2, 2, 2, 2, 2, 2, 2, 1, -2, -2, -2, 1, -2, -1, -2, -2, 1, 2, 1, -2, 1, -2, -1, -2, 1, 1, 2]"
466,dfs_bnb_mpi,7.37368,-11,12,2249348,"[-1, -2, 1, 1, 2, 2, 1, -2, -2, -2, 1, 2, 2, 1, 2, -1, 2, -1, 2, -1, -2, -1, 2, 2, -1, -2, -2, -2, 1]"
467,dfs_bnb_mpi,36.6526,-8,9,11018708,"[-1, -1, 2, 1, 2, 2, 1, -2, -2, 1, 2, 2, 2, 1, 2, 2, -1, -2, -1, -2, -1, -1, -2, -2, -1, -1, -2, 1, -2]"
468,dfs_bnb_mpi,95.9114,-8,9,24816616,"[-1, -1, 2, -1, -1, 2, -1, -1, -2, 1, -2, 1, 1, -2, -1, -1, -1, 2, -1, 2, 2, -1, -2, -2, -1, -2, 1, 1, -2]"
469,dfs_bnb_mpi,1.53985,-10,11,404118,"[-1, -2, -1, -1, 2, 1, 2, 1, 2, 1, -2, 1, -2, -2, -1, -2, 1, 1, 2, 1, 1, 2, 2, 2, -1, -1, -2, -2, 1]"
470,dfs_bnb_mpi,52.3482,-10,11,13464373,"[-1, -1, 2, 2, 2, 1, 2, 1, 2, 1, 2, -1, -1, -2, -1, -2, -1, 2, 2, 2, -1, -2, -2, -1, -2, 1, -2, 1, -2]"
471,dfs_bnb_mpi,226.305,-11,11,62742520,"[-1, -1, 2, -1, 2, 1, 2, -1, 2, -1, -2, -1, -1, -1, -2, -1, -2, 1, 1, 2, 1, 1, -2, -1, -2, 1, -2, 1, 2]"
472,dfs_bnb_mpi,549.565,-10,11,163657265,"[-1, -1, 2, -1, -1, 2, 1, 1, 2, 2, 1, -2, -2, -2, 1, 2, 2, 1, 2, 2, 1, -2, -2, 1, -2, -1, -1, -2, 1]"
473,dfs_bnb_mpi,184.804,-9,10,54159295,"[-1, -1, 2, 2, 1, 2, 2, -1, -2, -1, -1, 2, 1, 2, -1, -1, -2, -2, -1, -2, 1, -2, -2, 1, 1, 2, 2, -1, -2]"
474,dfs_bnb_mpi,528.342,-8,9,133789976,"[-1, -1, 2, 1, 1, 2, -1, 2, 2, 2, 2, -1, -1, -1, -2, -2, 1, -2, 1, -2, -1, -2, -1, -1, 2, 1, 2, -1, 2]"
475,dfs_bnb_mpi,3.47557,-11,12,940335,"[-1, -1, 2, 1, 1, 2, 1, 2, -1, -1, -2, -1, -1, -2, -2, -1, -1, 2, 1, 2, 2, 1, 1, 2, 1, 2, 1, -2, 1]"
476,dfs_bnb_mpi,0.134469,-11,12,39688,"[-1, -1, 2, 1, 1, 1, 2, -1, -1, 2, -1, -2, -1, -2, -1, -1, -2, 1, 1, -2, 1, -2, 1, 2, 1, 1, 2, 1, 2]"
477,dfs_bnb_mpi,5.10992,-11,12,1486489,"[-1, -1, 2, 2, 1, -2, 1, 1, 2, 2, 2, 1, -2, -2, -2, 1, -2, -2, -1, 2, -1, -2, -1, -2, -1, 2, -1, -1, 2]"
478,dfs_bnb_mpi,146.345,-9,10,40790290,"[-1, -2, -1, 2, 2, 2, 2, 1, -2, -2, 1, 1, -2, 1, 2, 1, 2, -1, 2, -1, -2, -1, 2, 2, 2, 2, 2, 2, 2]"
479,dfs_bnb_mpi,5228.69,-11,12,1561846237,"[-1, -2, -2, 1, 2, 1, 2, 1, 2, -1, 2, -1, -2, -1, 2, -1, -2, -2, -2, -1, -1, -2, -2, 1, -2, 1, 2, 2, -1]"
480,dfs_bnb_mpi,13.5497,-8,9,3425725,"[-1, -1, 2, 1, 1, 2, 2, 1, 1, 1, -2, -1, -1, -2, -2, 1, 2, 1, 1, 2, 2, 2, 2, -1, -1, -2, -1, 2, 2]"
481,dfs_bnb_mpi,9733.89,-6,7,2716093339,"[-1, -1, 2, 2, 2, 2, 2, 2, 2, 2, 2, 1, 2, -1, 2, 1, 2, 1, 2, 2, -1, -2, -1, -2, -1, -2, -2, -2, -1]"
482,dfs_bnb_mpi,476.024,-8,9,129612865,"[-1, -1, 2, 2, 2, 2, 2, 1, -2, 1, 1, 2, 1, -2, 1, -2, 1, -2, -1, -1, 2, -1, -2, -1, 2, -1, -2, -2, 1]"
483,dfs_bnb_mpi,592.132,-11,12,178277300,"[-1, -1, 2, 2, 1, -2, 1, 1, 2, -1, 2, -1, 2, -1, 2, 2, -1, -2, -2, -1, -1, -2, 1, -2, -2, 1, 2, 2, 1]"
484,dfs_bnb_mpi,90.2278,-8,9,26796860,"[-1, -1, 2, 1, 2, 2, 2, 2, -1, -2, -1, -2, 1, -2, -1, -2, -1, -1, 2, 1, 2, 2, -1, 2, 1, 1, 2, 1, 2]"
485,dfs_bnb_mpi,18823.7,-8,9,5594137927,"[-1, -1, 2, 2, 2, 2, 2, -1, -1, -2, -1, 2, -1, -2, -1, -2, 1, -2, 1, 2, 1, -2, -2, -2, 1, 2, 2, 2, 2]"
486,dfs_bnb_mpi,3727.7,-10,11,983649142,"[-1, -1, 2, -1, 2, -1, -1, -1, -2, -2, -1, -1, -2, 1, 1, -2, 1, 1, 1, 1, 2, -1, 2, -1, 2, -1, -2, -2, 1]"
487,dfs_bnb_mpi,2414.65,-7,8,640032184,"[-1, -1, 2, 2, 2, 2, 2, 2, 2, 2, 2, 2, 2, 1, 2, 2, 1, -2, -2, -2, -2, 1, -2, -1, -2, -1, 2, 2, 2]"
488,dfs_bnb_mpi,4.891,-8,9,1477082,"[-1, -1, 2, -1, -2, -1, 2, 2, -1, -1, -2, 1, -2, -1, -2, 1, 1, -2, -2, 1, 2, 2, 1, 1, 1, 1, 2, 2, 2]"
489,dfs_bnb_mpi,45.8527,-10,11,13609154,"[-1, -1, 2, 2, -1, -2, -2, -1, -2, 1, 1, 1, 1, -2, -1, -1, -2, 1, 1, 1, -2, 1, 2, 1, 2, -1, 2, -1, -2]"
490,dfs_bnb_mpi,474.164,-9,10,133935661,"[-1, -1, 2, 2, 2, 2, -1, -2, -2, -2, -1, -1, -2, 1, 1, -2, -1, -2, 1, -2, -1, -2, 1, 1, 2, 2, 1, 2, -1]"
491,dfs_bnb_mpi,131.487,-10,11,36802238,"[-1, -2, -2, -1, 2, 2, -1, 2, -1, 2, 1, 2, 1, -2, -2, 1, 1, 2, -1, 2, 1, 2, 2, -1, -2, -1, 2, 2, 2]"
492,dfs_bnb_mpi,6.8419,-11,12,1772126,"[-1, -1, 2, 1, 1, 2, 2, 1, 1, -2, -1, -2, 1, -2, -1, -2, -1, -1, -2, 1, -2, -2, 1, 2, 1, 1, 2, -1, -1]"
493,dfs_bnb_mpi,12291.4,-8,9,3048461513,"[-1, -1, 2, 2, 2, 1, 2, -1, -1, 2, 2, 2, -1, -2, -2, -2, -2, 1, -2, -2, -1, 2, -1, -1, 2, 1, 2, -1, 2]"
494,dfs_bnb_mpi,229.53,-6,6,66402002,"[-1, -1, 2, 2, 2, 2, 2, 2, 2, -1, -2, -1, -2, 1, -2, -2, -2, -2, -2, -2, 1, 1, 1, 1, 2, 2, -1, -1, 2]"
495,dfs_bnb_mpi,147.56,-9,10,44338831,"[-1, -1, 2, 2, -1, -2, -2, -1, -2, -1, -2, 1, 1, 2, 1, -2, 1, 1, -2, -1, -1, -1, -1, -1, -1, 2, 2, 2, 1]"
496,dfs_bnb_mpi,1498.88,-9,10,445387184,"[-1, -1, 2, -1, -2, -2, -2, -1, 2, 2, 2, 2, 1, 1, 1, 1, -2, 1, -2, -2, -1, -2, -2, -1, -1, 2, 1, 2, -1]"
497,dfs_bnb_mpi,308.964,-8,9,93364976,"[-1, -1, 2, -1, 2, -1, -2, -2, -2, -1, -2, 1, 1, 2, 1, 1, 1, 1, 2, 1, 2, 2, -1, -2, -1, -1, 2, -1, 2]"
498,dfs_bnb_mpi,140.217,-10,11,40461194,"[-1, -2, 1, 1, 2, 2, 1, 1, 1, 2, 2, 2, 2, -1, -2, -2, -2, -1, -1, 2, -1, -2, -2, -1, -1, 2, 1, 2, 2]"
499,dfs_bnb_mpi,4814.73,-9,10,1459715839,"[-1, -1, 2, 2, 2, 1, 1, 2, 1, -2, -2, -1, -1, -2, 1, 1, 1, 2, 1, 2, -1, 2, 2, 2, -1, -1, -2, -1, -2]"
500,dfs_bnb_mpi,25986.1,-9,10,5948861823,"[-1, -1, 2, 2, 2, 2, 2, -1, -2, -2, -2, -1, -1, -1, -2, -2, -2, 1, 1, 2, -1, 2, 1, 1, -2, -2, -2, 1, 2]"
501,dfs_bnb_mpi,270.893,-9,9,64584681,"[-1, -1, 2, 2, 2, 2, 1, 2, -1, 2, -1, -2, -1, 2, 2, -1, -1, -2, 1, -2, -2, 1, 1, -2, -1, -1, -1, 2, 2]"
502,dfs_bnb_mpi,504.613,-7,8,146078295,"[-1, -1, 2, 2, 2, 2, 1, 1, -2, -2, -2, 1, -2, 1, 1, -2, -1, -2, -1, 2, -1, -1, -2, -1, 2, -1, 2, 2, 2]"
503,dfs_bnb_mpi,601.631,-9,10,181605815,"[-1, -1, 2, 2, -1, -1, 2, -1, -2, -2, -1, 2, -1, -2, -1, -2, 1, 1, -2, -2, 1, 2, 2, 1, 2, 1, -2, -2, 1]"
504,dfs_bnb_mpi,5564.28,-6,7,1677223610,"[-1, -1, 2, 1, 2, 2, -1, -2, -1, -1, -2, 1, -2, -2, 1, 1, 1, 1, 2, 1, 2, 2, -1, -2, -1, 2, 2, 2, 2]"
505,dfs_bnb_mpi,52.3528,-11,12,13075203,"[-1, -2, -1, 2, -1, -1, 2, 1, 1, 2, 1, -2, 1, 2, 2, 1, -2, -2, -2, 1, 2, 1, -2, -2, -1, -1, -2, -1, 2]"
506,dfs_bnb_mpi,0.611565,-10,11,165680,"[-1, -1, 2, 2, -1, 2, -1, -2, -2, 1, -2, -1, -2, 1, 1, 1, -2, -1, -1, -1, -1, 2, 2, -1, -1, 2, 1, 1, 2]"
507,dfs_bnb_mpi,86.2367,-6,7,26252599,"[-1, -1, 2, 2, 2, 2, 2, 2, 1, 1, -2, -1, -2, 1, 1, 2, 2, 2, -1, 2, -1, -2, -1, -1, -2, -2, -2, -1, 2]"
508,dfs_bnb_mpi,162.584,-10,11,45096693,"[-1, -1, 2, 2, 2, 1, 2, 2, 2, 1, -2, -2, -2, -2, -1, -2, 1, 1, 2, 2, 1, 1, -2, -1, -2, -2, -1, -2, -1]"
509,dfs_bnb_mpi,13273,-11,12,3468181696,"[-1, -1, 2, 1, 1, 2, 2, 1, -2, -2, 1, 1, -2, -1, -2, 1, 1, -2, -1, -1, -2, -1, 2, -1, -1, 2, 1, 1, 2]"
510,dfs_bnb_mpi,499.929,-9,10,109859554,"[-1, -1, 2, 1, 1, 2, 2, 2, 2, 1, -2, -2, -2, -2, 1, -2, -1, -2, -1, -1, -1, -2, -2, 1, 2, 1, 1, 1, 2]"
511,dfs_bnb_mpi,813.064,-9,10,232684301,"[-1, -2, -1, 2, 2, 2, 1, 1, -2, 1, -2, 1, 1, -2, -1, -1, -1, -2, 1, -2, 1, -2, -1, -1, 2, -1, -1, 2, 1]"
512,dfs_bnb_mpi,170.794,-9,10,38387865,"[-1, -1, 2, 1, 2, 2, 2, 2, 2, 1, -2, -2, -2, 1, 1, -2, -1, -1, -2, 1, -2, 1, -2, -1, -1, -1, -1, -1, 2]"
513,dfs_bnb_mpi,43.8553,-9,9,13343868,"[-1, -2, -1, -1, 2, 1, 2, 1, 1, 2, 2, 2, 2, 2, 2, -1, -2, -2, -2, -2, -2, -1, 2, -1, -2, -2, -1, 2, 2]"
514,dfs_bnb_mpi,669.827,-10,10,164444449,"[-1, -1, -1, 2, 1, 2, -1, 2, 2, 2, 1, -2, -2, 1, 1, -2, -1, -2, 1, 1, 2, 2, 1, -2, -2, -2, -2, -1, 2]"
515,dfs_bnb_mpi,1216.58,-7,8,335814170,"[-1, -1, 2, 2, 2, -1, -2, -1, -2, 1, -2, -2, 1, 1, 1, 1, 2, 2, -1, -1, 2, 1, 2, 1, 2, 1, -2, -2, -1]"
516,dfs_bnb_mpi,2427.17,-10,11,736292499,"[-1, -1, 2, 2, 1, -2, 1, 2, 2, 2, 1, -2, -2, -2, -2, -2, -2, -1, -2, 1, -2, -1, -1, 2, 2, -1, 2, 1, 1]"
517,dfs_bnb_mpi,524.454,-9,10,157526508,"[-1, -1, 2, 2, -1, -2, -1, -1, -2, 1, 1, -2, 1, 1, 1, 1, 2, 2, 2, 2, -1, -2, -2, -1, 2, 2, -1, 2, 2]"
518,dfs_bnb_mpi,9151.22,-9,10,2390562079,"[-1, -1, 2, 2, 2, 2, 1, 2, 1, 2, 2, 2, -1, -2, -2, -1, -2, -1, -1, -2, -2, -1, -2, 1, -2, 1, 2, 2, 2]"
519,dfs_bnb_mpi,341.527,-10,11,103439125,"[-1, -2, -1, -2, 1, 1, 2, 1, 2, 1, -2, 1, 1, -2, -1, -1, -1, -2, 1, 1, 1, -2, -1, -1, -1, -1, -1, 2, 1]"
520,dfs_bnb_mpi,10161,-9,10,2696193508,"[-1, -1, 2, 2, 2, 2, -1, -1, -2, -2, 1, -2, -2, -1, 2, -1, 2, 2, 2, 2, -1, -2, -2, -2, -1, -2, 1, -2, 1]"
521,dfs_bnb_mpi,3031.56,-8,9,858196678,"[-1, -1, 2, 2, 2, 2, 1, -2, -2, 1, 1, 2, -1, 2, 1, 1, 2, -1, -1, 2, -1, -2, -1, 2, 2, -1, -2, -2, -2]"
522,dfs_bnb_mpi,187.016,-9,10,52669131,"[-1, -1, 2, 2, 2, 1, -2, -2, 1, 1, -2, 1, 1, -2, -1, -1, -2, -1, -1, -2, -1, 2, -1, -1, 2, 1, 1, 1, 1]"
523,dfs_bnb_mpi,1301.58,-10,10,377738843,"[-1, -1, 2, -1, 2, 2, 2, 1, 1, -2, -1, -2, 1, -2, 1, 1, 2, -1, 2, 1, 1, -2, -2, 1, -2, -1, -2, -1, 2]"
524,dfs_bnb_mpi,1.40102,-8,9,410210,"[-1, -1, 2, 1, 2, -1, -1, 2, 2, 2, -1, -2, -1, -2, 1, -2, -2, 1, -2, -2, 1, 1, 1, 1, 2, 2, -1, 2, 2]"
525,dfs_bnb_mpi,62.7223,-8,9,15955687,"[-1, -1, 2, 2, 2, 2, -1, 2, 2, -1, -2, -2, -2, -1, -2, 1, 1, -2, -2, -1, 2, -1, -1, 2, 2, 2, 1, 2, 2]"
526,dfs_bnb_mpi,255.902,-10,11,62498153,"[-1, -1, 2, 2, 1, 2, -1, -1, 2, -1, -2, -1, -2, -1, -2, 1, 1, 2, 1, -2, -2, -2, 1, -2, -1, -1, 2, 2, -1]"
527,dfs_bnb_mpi,34.8986,-10,11,10005603,"[-1, -1, 2, 1, 1, 2, -1, 2, 1, 2, 2, 1, -2, 1, -2, -1, -2, -2, 1, -2, -1, -2, -1, -2, -2, -1, 2, 2, -1]"
528,dfs_bnb_mpi,15.5966,-10,11,4584760,"[-1, -2, 1, 1, 1, -2, 1, -2, -1, -1, 2, -1, -1, -1, 2, 2, -1, 2, 1, 2, 1, -2, 1, 2, 1, -2, -2, 1, 2]"
529,dfs_bnb_mpi,391.707,-8,9,113309945,"[-1, -1, 2, 2, 2, 2, 2, 2, 2, 1, 2, -1, 2, 1, 2, -1, 2, -1, -1, -2, 1, -2, -1, -1, -2, 1, 1, -2, -1]"
530,dfs_bnb_mpi,438.104,-10,11,126736234,"[-1, -1, 2, 2, -1, 2, 1, 1, -2, -2, 1, 1, -2, -2, -1, -1, -1, -2, -1, 2, 2, 2, -1, 2, -1, 2, 2, 1, -2]"
531,dfs_bnb_mpi,5312.38,-9,10,1514366570,"[-1, -1, 2, 2, 1, -2, 1, 2, 2, 2, -1, -2, -1, -1, -1, -1, -1, -2, -1, -2, 1, 1, -2, 1, 1, 2, -1, 2, -1]"
532,dfs_bnb_mpi,449.523,-9,10,111881928,"[-1, -1, 2, 2, -1, -1, -1, 2, 1, 2, 2, -1, -1, -1, -2, -1, -2, -2, 1, 2, 1, -2, -2, 1, -2, 1, 2, 1, -2]"
533,dfs_bnb_mpi,2726.41,-9,10,713721236,"[-1, -1, 2, 2, -1, -2, -2, -1, -1, -2, 1, 1, -2, -1, -2, 1, 1, 2, 2, 1, 1, -2, -1, -2, 1, 1, 2, 2, 2]"
534,dfs_bnb_mpi,43.2821,-8,9,11646116,"[-1, -1, 2, 2, 2, 2, 2, 1, 2, 1, 2, -1, 2, -1, -1, -2, 1, -2, -1, -2, -1, -2, 1, -2, -1, -2, 1, -2, -1]"
535,dfs_bnb_mpi,13.4875,-9,10,3807638,"[-1, -1, 2, 2, 2, 1, -2, -2, 1, 1, 2, -1, 2, 2, -1, 2, 2, 1, -2, 1, -2, -2, 1, 2, 2, 2, 2, 2, 2]"
536,dfs_bnb_mpi,163.223,-8,9,46224949,"[-1, -1, 2, 2, 2, 2, 2, 1, -2, -2, -2, -2, 1, 1, -2, -2, -1, -1, -1, -1, 2, -1, -1, 2, 1, 1, 2, 2, 2]"
537,dfs_bnb_mpi,723.519,-10,11,218462726,"[-1, -1, 2, 2, 2, -1, 2, -1, 2, 2, 1, -2, 1, -2, 1, 1, -2, -1, -2, 1, 1, -2, -2, 1, -2, -2, -1, 2, -1]"
538,dfs_bnb_mpi,1505.79,-9,10,410379639,"[-1, -1, 2, 2, 2, 2, 2, 1, -2, 1, -2, -1, -2, -2, 1, 2, 1, 2, 2, 1, 2, 2, -1, -2, -1, 2, 2, 2, 2]"
539,dfs_bnb_mpi,939.357,-9,9,274407690,"[-1, -1, 2, 2, 2, 1, -2, 1, 1, 2, -1, 2, 1, 1, 2, -1, -1, 2, -1, -2, -2, -1, 2, -1, -2, -1, -2, 1, -2]"
540,dfs_bnb_mpi,14087,-9,10,3919482817,"[-1, -1, 2, 2, 2, 1, 2, 2, 2, 1, -2, -2, -2, 1, 2, 2, 2, 1, -2, -2, -2, -2, -2, -1, 2, -1, -2, -1, 2]"
541,dfs_bnb_mpi,1208.03,-10,11,271708418,"[-1, -1, 2, -1, -1, -2, 1, -2, 1, 1, -2, -1, -2, 1, -2, -1, -1, 2, 2, -1, 2, -1, 2, 2, -1, -2, -2, -2, 1]"
542,dfs_bnb_mpi,838.831,-10,11,251730320,"[-1, -2, -1, 2, 2, -1, 2, -1, 2, 1, 2, -1, 2, -1, 2, 1, 2, 1, -2, -2, 1, 1, -2, -1, -2, -2, 1, -2, 1]"
543,dfs_bnb_mpi,138.032,-10,10,37382736,"[-1, -1, 2, 2, 2, 2, 1, 1, -2, 1, -2, -1, -1, -2, 1, 1, -2, 1, -2, -1, -1, -1, -1, -2, 1, 1, -2, 1, 2]"
544,dfs_bnb_mpi,200.957,-9,10,57488202,"[-1, -1, 2, 1, 1, 2, 2, 2, -1, -2, -2, -1, 2, -1, 2, -1, 2, -1, -2, -2, 1, -2, 1, -2, -2, -1, 2, -1, 2]"
545,dfs_bnb_mpi,87.5369,-8,9,22695013,"[-1, -1, 2, 2, 2, 2, 2, 1, 2, -1, 2, 2, 1, 2, 1, 2, 2, -1, -2, -1, -2, -1, -2, -2, -2, -1, -2, 1, -2]"
546,dfs_bnb_mpi,30.2638,-9,10,7417854,"[-1, -1, 2, -1, 2, -1, 2, 2, 1, -2, 1, -2, 1, -2, 1, 2, 2, -1, 2, 2, 1, -2, 1, -2, 1, -2, -1, -2, 1]"
547,dfs_bnb_mpi,145.134,-8,8,35222829,"[-1, -1, 2, 2, 2, -1, -1, -2, 1, -2, -1, -1, 2, -1, -2, -2, 1, 1, 1, -2, 1, 1, -2, -1, -1, -1, 2, -1, -1]"
548,dfs_bnb_mpi,91.7527,-8,9,24477492,"[-1, -1, 2, -1, -2, -1, -2, 1, -2, 1, 2, 1, -2, -2, 1, 1, 2, -1, 2, 1, 2, 1, 2, -1, -1, -1, 2, 2, 2]"
549,dfs_bnb_mpi,9.6247,-9,10,2611056,"[-1, -2, -2, 1, 2, 1, -2, 1, 1, 1, 2, -1, -1, 2, -1, 2, -1, 2, 2, -1, -2, -2, -1, 2, 2, 2, 2, 2, 2]"
550,dfs_bnb_mpi,2961.83,-7,8,704165140,"[-1, -1, 2, 2, 2, 1, 1, -2, -1, -2, 1, 1, 2, 2, 2, 1, -2, -2, -2, -2, -1, -2, 1, -2, -1, -1, 2, -1, -1]"
551,dfs_bnb_mpi,291.279,-8,9,75682466,"[-1, -1, 2, 1, 2, 1, -2, 1, 1, 2, 2, 2, 1, -2, -2, -2, 1, -2, -1, -1, -2, 1, -2, -1, -1, 2, -1, -1, -1]"
552,dfs_bnb_mpi,17747,-9,10,4838187204,"[-1, -1, 2, 2, 2, 2, -1, -2, -2, -1, -2, -2, -1, 2, 2, -1, 2, -1, -1, 2, 1, 1, 2, 1, -2, -2, 1, 2, 2]"
553,dfs_bnb_mpi,386.875,-9,10,110047437,"[-1, -1, 2, 2, 2, -1, 2, 2, 1, 2, -1, 2, 2, -1, -2, -2, -2, -1, -2, 1, -2, -1, -2, -2, 1, 2, 1, -2, -2]"
554,dfs_bnb_mpi,40.3474,-9,9,11235344,"[-1, -2, 1, 1, 1, 2, -1, 2, 2, -1, -2, -1, 2, -1, -2, -1, -2, 1, -2, -1, -1, 2, 2, 2, -1, -2, -2, -1, 2]"
555,dfs_bnb_mpi,922.449,-9,10,279661869,"[-1, -1, 2, 2, 2, 2, 2, 1, 2, 2, -1, 2, 2, 1, -2, 1, 2, 1, -2, -2, -1, -2, 1, -2, -1, -2, -2, -1, 2]"
556,dfs_bnb_mpi,998.035,-9,10,271935155,"[-1, -1, 2, 2, 2, 1, -2, -2, 1, 1, 1, 2, -1, -1, 2, 2, 1, 2, -1, 2, -1, 2, -1, -2, -2, 1, -2, -1, -1]"
557,dfs_bnb_mpi,35.6809,-10,11,9837368,"[-1, -1, 2, 1, 1, 1, 2, 1, 2, -1, 2, 1, 2, 1, -2, 1, -2, -1, -2, -2, -1, -2, -1, -2, -1, -1, -2, 1, 1]"
558,dfs_bnb_mpi,63.468,-10,11,19310882,"[-1, -2, 1, 1, 2, 2, 2, -1, 2, 1, 2, 1, 2, 2, 1, -2, -2, 1, -2, -1, -1, -2, -2, 1, -2, -1, -2, 1, 1]"
559,dfs_bnb_mpi,2651.91,-6,7,751522273,"[-1, -1, 2, 2, 2, 2, 2, 2, 1, -2, 1, 2, 2, -1, 2, 1, 2, -1, -1, -2, -1, -2, -2, -1, -2, 1, -2, -1, -1]"
560,dfs_bnb_mpi,6667.76,-10,11,1935525982,"[-1, -1, 2, 2, 2, 2, 2, 2, 1, 2, -1, 2, -1, -1, 2, -1, -1, -2, -2, -2, 1, 1, -2, 1, 2, 2, -1, -1, 2]"
561,dfs_bnb_mpi,9.57309,-9,10,2850126,"[-1, -1, 2, 2, 2, -1, 2, -1, 2, -1, 2, 2, 2, 1, -2, -2, 1, -2, 1, -2, 1, 1, -2, -1, -2, -2, 1, 2, 1]"
562,dfs_bnb_mpi,172,-8,9,46387269,"[-1, -1, 2, 2, 2, 1, 2, -1, -1, 2, 2, -1, -2, -2, -1, -2, 1, 1, -2, -1, -1, -1, -2, 1, 1, 1, -2, -1, -1]"
563,dfs_bnb_mpi,37.8727,-10,11,9402398,"[-1, -1, 2, 2, 2, 2, 2, 2, 2, 1, -2, -2, -2, 1, 2, 2, 2, 2, 1, 2, -1, 2, 2, -1, -2, -2, -1, -2, 1]"
564,dfs_bnb_mpi,168.112,-10,11,46900676,"[-1, -1, 2, 2, -1, 2, 1, 2, -1, 2, 1, 2, 2, 1, -2, -2, 1, -2, -1, -2, 1, -2, -1, -2, 1, 1, 1, -2, -1]"
565,dfs_bnb_mpi,213.837,-10,11,63795652,"[-1, -1, 2, 2, 1, -2, 1, 1, 2, 1, -2, 1, 1, -2, -1, -2, 1, -2, -1, -1, 2, 2, -1, -2, -2, -1, 2, -1, -1]"
566,dfs_bnb_mpi,4226.59,-10,11,1259638160,"[-1, -1, 2, -1, -2, -1, -2, 1, -2, 1, -2, 1, 2, 1, -2, -2, 1, 1, 1, 2, -1, -1, 2, 1, 2, -1, -1, -1, -1]"
567,dfs_bnb_mpi,235.886,-8,9,54803665,"[-1, -1, 2, 2, 2, -1, -1, -1, -2, 1, 1, -2, -1, -2, 1, -2, -1, -1, 2, 2, -1, 2, 2, -1, -2, -2, -2, 1, -2]"
568,dfs_bnb_mpi,549.334,-9,10,165060437,"[-1, -1, 2, 1, 1, 2, 1, 2, 1, -2, -2, -1, -2, 1, 1, 2, 2, 1, -2, -2, -2, -1, -1, -2, -1, 2, -1, -1, -1]"
569,dfs_bnb_mpi,633.9,-9,10,157823390,"[-1, -1, 2, 2, 2, 1, -2, -2, 1, 1, -2, -2, 1, -2, -1, -2, -2, -1, -1, 2, 1, 2, 2, -1, -1, -1, -2, 1, 1]"
570,dfs_bnb_mpi,2.88157,-9,10,834982,"[-1, -1, 2, 1, 1, 2, 2, 1, -2, 1, 2, 2, 2, 2, -1, -2, -2, -1, 2, 2, 2, -1, -2, -2, -2, -2, -2, -1, 2]"
571,dfs_bnb_mpi,1111.52,-6,7,330200382,"[-1, -1, 2, 2, 2, 2, 2, -1, -2, -2, -1, -2, 1, -2, -2, -1, -2, 1, 1, 1, 1, 1, 2, 2, -1, -1, 2, 2, 2]"
572,dfs_bnb_mpi,36.7485,-9,10,10381465,"[-1, -1, 2, 2, 2, -1, -2, -1, -2, 1, -2, -2, -1, 2, -1, -2, -1, -1, 2, 1, 2, 1, 2, -1, 2, 1, 1, 2, 2]"
573,dfs_bnb_mpi,180.952,-11,12,50668276,"[-1, -1, 2, 1, 1, 2, -1, -1, 2, -1, -2, -2, -2, -1, -2, -1, 2, -1, 2, 1, 2, -1, 2, 1, 2, 1, -2, -2, -2]"
574,dfs_bnb_mpi,140.556,-8,9,42623482,"[-1, -1, 2, 2, 2, 1, 1, -2, -1, -2, 1, 1, 2, 2, 2, -1, -1, 2, -1, -1, -1, -2, -2, 1, -2, -2, -1, 2, -1]"
575,dfs_bnb_mpi,12.4673,-9,10,3523388,"[-1, -1, -1, 2, 1, 2, 2, 2, 1, -2, -2, -2, 1, 1, 2, -1, 2, 2, 1, 1, 2, -1, -1, 2, -1, -2, -1, 2, 2]"
576,dfs_bnb_mpi,9018.25,-8,9,2665507361,"[-1, -1, 2, 2, 1, 2, 2, 2, 2, -1, -1, -2, -2, -1, -2, -1, -1, -2, 1, 1, -2, -2, 1, 2, 2, 2, 1, 2, 2]"
577,dfs_bnb_mpi,905.253,-8,9,271108619,"[-1, -1, 2, 1, 2, 2, 1, -2, -2, 1, 2, 2, 2, 2, 1, -2, -2, -2, -2, -2, -2, -2, -1, -1, -1, 2, 1, 1, 2]"
578,dfs_bnb_mpi,425.444,-10,10,102680421,"[-1, -1, -1, 2, 1, 2, -1, 2, 1, 1, 2, 1, -2, 1, 2, 1, -2, -2, -1, -1, -1, -2, 1, 1, 1, 1, -2, -1, -1]"
579,dfs_bnb_mpi,4456.14,-10,11,1186643102,"[-1, -1, 2, -1, -1, 2, 1, 2, -1, 2, 2, 2, 1, 1, 1, -2, -1, -1, -2, 1, 1, -2, 1, -2, -2, -1, 2, -1, 2]"
580,dfs_bnb_mpi,2143.73,-10,11,630343470,"[-1, -1, 2, 1, 2, 1, -2, 1, -2, 1, 2, 1, -2, -2, -1, -1, -1, -1, -2, 1, 1, -2, -2, -1, 2, -1, -2, -2, 1]"
581,dfs_bnb_mpi,60.968,-8,9,17962872,"[-1, -1, 2, 2, 1, 2, 1, 2, -1, -1, -2, -1, -1, -2, 1, -2, -2, -1, 2, -1, 2, 2, 2, 1, 1, 2, 1, 2, 2]"
582,dfs_bnb_mpi,8984.74,-8,9,2564664252,"[-1, -1, 2, 2, 2, 2, 2, 2, 1, 2, 2, -1, -2, -1, 2, -1, -2, -1, -1, -2, -1, -2, 1, 1, 2, 1, -2, 1, 2]"
583,dfs_bnb_mpi,316.784,-9,10,95089958,"[-1, -1, 2, 1, 1, 2, -1, -1, 2, 2, -1, -2, -1, -2, 1, -2, -1, -1, -2, 1, 1, -2, 1, -2, -1, -1, 2, -1, -1]"
584,dfs_bnb_mpi,29039.3,-9,10,7338633918,"[-1, -1, 2, 2, 2, -1, -2, -1, 2, 2, 2, -1, -2, -2, -2, -1, -2, -2, -2, 1, 1, 2, -1, 2, 1, 1, -2, -2, 1]"
585,dfs_bnb_mpi,39.4408,-10,9,11856719,"[-1, -1, 2, 1, 2, -1, 2, 2, 2, -1, -2, -2, -2, -2, -2, -2, -1, 2, 2, -1, 2, 1, 2, -1, -1, 2, 1, 1, 2]"
586,dfs_bnb_mpi,60.2738,-9,10,16720347,"[-1, -1, 2, 2, 2, 1, 2, -1, 2, 2, 1, -2, 1, 2, 1, 1, -2, -1, -2, -1, -2, 1, 1, -2, -1, -1, -1, -2, 1]"
587,dfs_bnb_mpi,197.678,-9,10,55755565,"[-1, -1, 2, 1, 2, 2, 1, -2, -2, 1, -2, 1, 1, -2, -1, -1, -1, -1, -1, -1, 2, -1, 2, 1, 2, 1, 2, 2, 2]"
588,dfs_bnb_mpi,7780,-6,7,2273944188,"[-1, -1, 2, 2, 2, 2, 1, -2, -2, 1, 2, 2, 2, 2, -1, -1, -1, -1, -2, -1, -2, 1, -2, -2, 1, 2, 2, 2, 1]"
589,dfs_bnb_mpi,143.862,-9,10,42943463,"[-1, -1, 2, 1, 2, -1, 2, 2, 1, 2, -1, 2, 1, 2, -1, -1, -2, -1, -2, 1, -2, -1, -2, 1, -2, -2, -1, 2, -1]"
590,dfs_bnb_mpi,59.409,-10,11,17362617,"[-1, -1, 2, -1, 2, 1, 2, 2, 2, 1, -2, -2, 1, -2, 1, 2, 2, 1, -2, 1, -2, -1, -2, -2, -1, 2, -1, -1, 2]"
591,dfs_bnb_mpi,233.732,-8,9,64978382,"[-1, -1, 2, 1, 2, -1, 2, 2, -1, -2, -2, -1, -1, -2, -1, 2, -1, -2, -2, 1, 1, 1, -2, -2, 1, 2, 2, 2, -1]"
592,dfs_bnb_mpi,7.75307,-9,10,2337723,"[-1, -1, 2, 2, -1, -2, -1, -2, 1, -2, -1, -2, -1, 2, -1, -1, 2, 1, 1, 2, -1, 2, 2, 1, -2, 1, 2, 2, 2]"
593,dfs_bnb_mpi,664.412,-9,9,195585718,"[-1, -1, -1, 2, 1, 2, 2, 2, 2, 1, -2, 1, -2, 1, -2, -1, -1, -2, 1, 1, 1, 2, 2, 2, -1, 2, 2, -1, -2]"
594,dfs_bnb_mpi,397.785,-8,9,116731849,"[-1, -1, 2, 2, 2, 1, -2, -2, 1, 1, 2, -1, 2, 1, 1, -2, -2, -2, -1, -2, -1, -1, -1, -1, 2, 2, -1, 2, 1]"
595,dfs_bnb_mpi,83.3744,-10,11,24849135,"[-1, -1, 2, 2, 1, 2, -1, 2, 2, -1, -2, -1, -2, 1, -2, -2, -2, -1, 2, 2, -1, -1, 2, 1, 2, 2, 2, 1, -2]"
596,dfs_bnb_mpi,65.8869,-9,10,14885549,"[-1, -1, 2, 2, 2, 2, 1, 1, -2, 1, 2, 2, 1, -2, -2, -2, -1, -1, -1, -2, 1, 1, -2, -2, 1, 2, 2, 1, 2]"
597,dfs_bnb_mpi,159.55,-9,10,45538482,"[-1, -1, 2, 2, 2, 2, 1, 1, 2, -1, -1, 2, 2, 1, -2, 1, 1, -2, -2, -2, 1, -2, -1, -2, -1, 2, 2, -1, -2]"
598,dfs_bnb_mpi,33.6259,-10,11,9864498,"[-1, -2, 1, -2, -1, -1, -2, 1, 1, 1, 2, 1, 2, -1, 2, 2, -1, 2, -1, -2, -1, 2, 2, -1, -2, -2, -2, 1, -2]"
599,dfs_bnb_mpi,6389.47,-10,11,1794284574,"[-1, -1, 2, 2, -1, -2, -2, -1, 2, 2, 2, 2, -1, -2, -2, -2, -2, -1, -2, 1, -2, 1, -2, 1, 2, 1, 2, -1, -1]"
600,dfs_bnb_mpi,2.79531,-10,11,760527,"[-1, -2, 1, -2, 1, 2, 2, 2, 1, -2, 1, 2, 1, -2, 1, -2, -2, -1, 2, -1, -1, -2, 1, -2, 1, 1, 1, 2, 2]"
601,dfs_bnb_mpi,4.2111,-9,10,1035694,"[-1, -1, 2, 1, 1, 2, 2, -1, -2, -1, 2, -1, -1, -2, 1, -2, -2, -1, 2, -1, -1, 2, 1, 2, 2, 2, 2, 2, 2]"
602,dfs_bnb_mpi,266.402,-9,10,69881914,"[-1, -1, 2, -1, -2, -1, 2, 2, -1, -2, -2, -2, 1, 1, 1, 1, -2, -1, -1, -1, -2, -2, -1, 2, 2, -1, -1, 2, 1]"
603,dfs_bnb_mpi,251.237,-10,11,74463944,"[-1, -2, -1, -1, 2, 1, 2, 1, 1, 2, 1, 2, -1, -1, -2, -1, 2, -1, 2, 1, 2, 2, 2, 1, -2, -2, -2, 1, 2]"
604,dfs_bnb_mpi,5.10269,-10,11,1178464,"[-1, -1, 2, 2, 1, 2, 1, 2, -1, 2, -1, 2, -1, -2, -2, 1, -2, -1, -2, -1, 2, 2, -1, -1, 2, 1, 1, 2, 2]"
605,dfs_bnb_mpi,6.57188,-8,9,1652865,"[-1, -1, 2, 2, 1, -2, 1, 2, 2, 2, 2, 2, -1, -2, -2, -2, -1, 2, 2, -1, -2, -2, -2, -2, -1, -2, 1, -2, 1]"
606,dfs_bnb_mpi,10.1001,-10,11,3074324,"[-1, -1, 2, -1, -2, -2, 1, 1, 1, -2, -1, -2, -2, -1, 2, 2, -1, -1, 2, 2, -1, 2, 1, 2, 1, 2, 1, -2, 1]"
607,dfs_bnb_mpi,56.8213,-9,10,15292842,"[-1, -1, 2, 2, 1, -2, 1, 2, 1, 2, 1, 2, 1, -2, 1, -2, 1, -2, -1, -1, 2, -1, -2, -1, -2, 1, 1, 1, 1]"
608,dfs_bnb_mpi,1001.52,-10,11,289332498,"[-1, -1, 2, 2, 2, 1, 1, 2, 1, -2, 1, 2, 1, -2, 1, -2, -1, -2, -2, -1, -1, 2, 1, 2, -1, -1, -1, -2, 1]"
609,dfs_bnb_mpi,179.805,-9,10,49090418,"[-1, -1, 2, 2, 2, 2, 1, 2, 2, -1, 2, 1, 2, 1, -2, 1, 1, -2, -1, -1, -2, 1, -2, -1, -2, -1, -2, 1, 1]"
610,dfs_bnb_mpi,12.4912,-9,10,3672681,"[-1, -1, 2, 1, 2, 1, 2, 2, -1, -2, -1, -2, -1, -2, -2, -2, -1, -2, -2, 1, 2, 1, 2, 1, 1, 1, 2, 2, 2]"
611,dfs_bnb_mpi,70.6784,-8,9,21662331,"[-1, -1, 2, 2, 2, 1, -2, -2, 1, 2, 2, 2, -1, 2, 2, -1, -2, -2, -1, -2, -2, -2, -1, -1, -2, 1, 1, -2, 1]"
612,dfs_bnb_mpi,60.3814,-10,11,18055222,"[-1, -2, -1, 2, -1, 2, 1, 1, 2, 1, -2, 1, 2, 1, -2, 1, -2, 1, -2, -1, -2, -1, -1, -1, 2, 1, 2, 1, -2]"
613,dfs_bnb_mpi,4.75343,-9,10,1365842,"[-1, -1, 2, 2, -1, 2, 2, 1, -2, 1, -2, -2, 1, 2, 2, 2, 1, -2, -2, 1, 2, 2, 1, -2, -2, -2, -1, -1, -2]"
614,dfs_bnb_mpi,87.9465,-10,11,26486639,"[-1, -1, -1, 2, 2, 2, 2, 1, -2, -2, -2, 1, 2, 1, -2, 1, -2, 1, 1, -2, -1, -2, -2, -1, 2, 2, -1, -1, -1]"
615,dfs_bnb_mpi,143.643,-8,9,39961469,"[-1, -2, -1, -1, 2, 1, 2, 2, -1, -2, -1, -2, -1, 2, 2, 1, 2, -1, 2, 2, 1, -2, 1, -2, 1, 1, -2, -2, 1]"
616,dfs_bnb_mpi,1.61267,-11,12,448065,"[-1, -1, 2, 1, 2, -1, -1, -1, 2, 1, 1, 1, 2, -1, -1, 2, -1, -2, -1, -2, -1, -2, 1, -2, -2, 1, 2, 1, -2]"
617,dfs_bnb_mpi,7.64912,-10,11,2333425,"[-1, -2, 1, 1, 2, 1, -2, -2, 1, 2, 1, 1, 2, -1, -1, 2, -1, -1, -1, 2, -1, -2, -1, -2, -1, -2, 1, -2, 1]"
618,dfs_bnb_mpi,106.412,-10,11,31868351,"[-1, -1, 2, 1, 1, 2, 2, 1, 1, -2, -1, -2, 1, 1, 2, 2, 2, 1, -2, -2, -2, 1, -2, -1, -2, -1, 2, -1, -1]"
619,dfs_bnb_mpi,42726,-9,10,10881871718,"[-1, -1, 2, 2, 2, 2, 2, 2, -1, -2, -2, -2, -2, -2, -1, -1, -2, 1, -2, -1, -2, 1, 1, 1, 1, 2, -1, -1, 2]"
620,dfs_bnb_mpi,1464.4,-8,9,402586025,"[-1, -1, 2, 2, 1, 2, 2, -1, -2, -1, 2, -1, -1, -2, 1, -2, 1, -2, -1, -1, -2, -1, 2, -1, 2, 2, 1, -2, 1]"
621,dfs_bnb_mpi,1.42123,-10,11,410085,"[-1, -1, 2, 1, 1, 2, 2, -1, -2, -1, 2, -1, -1, -2, 1, -2, -1, -1, -2, 1, 1, -2, -2, 1, 2, 1, 1, 1, 2]"
622,dfs_bnb_mpi,1488.59,-8,9,396047433,"[-1, -1, 2, 2, 2, 2, -1, -2, -2, -2, -2, -1, -2, 1, 1, -2, 1, 2, 1, 1, 2, 2, 1, 2, -1, -1, -2, -1, 2]"
623,dfs_bnb_mpi,719.419,-9,10,212985558,"[-1, -1, 2, 2, 2, 2, 2, -1, -1, -2, 1, -2, -1, -1, -2, -1, -2, 1, -2, -2, 1, 2, 2, 2, 1, -2, -2, -2, 1]"
624,dfs_bnb_mpi,652.132,-10,11,164528386,"[-1, -2, -1, -2, -2, -1, -2, 1, -2, -1, -1, -2, 1, 1, 1, 2, 2, 2, 1, -2, -2, 1, 2, 2, 2, 2, -1, -2, -1]"
625,dfs_bnb_mpi,165.346,-10,11,35966278,"[-1, -1, 2, 2, 1, 1, 2, 2, -1, -2, -1, 2, 2, -1, -2, -1, -2, 1, -2, -2, -1, 2, -1, 2, -1, 2, 2, 1, -2]"
626,dfs_bnb_mpi,39.4885,-10,10,10845469,"[-1, -2, -1, 2, 2, 2, 1, -2, 1, 2, 2, 2, 1, 1, -2, -2, -1, -2, 1, 1, -2, -1, -1, -2, -1, -2, 1, 1, 2]"
627,dfs_bnb_mpi,93.3046,-10,11,27937348,"[-1, -1, 2, 2, -1, -2, -1, -2, 1, -2, 1, 1, 1, 1, 2, 1, 2, 2, 2, -1, -1, -2, 1, -2, -1, -1, 2, 2, 2]"
628,dfs_bnb_mpi,22656.3,-6,7,5334068947,"[-1, -1, 2, 2, 2, 2, 2, 2, 1, -2, -2, 1, 2, 2, 2, -1, -1, 2, -1, -2, -1, -2, 1, -2, -1, -1, -2, 1, 1]"
629,dfs_bnb_mpi,3125.08,-9,10,813356159,"[-1, -1, 2, 2, 2, 2, 2, -1, -2, -2, -1, -2, 1, -2, -2, -2, 1, -2, 1, 2, 1, 1, 2, 1, 2, -1, 2, -1, -2]"
630,dfs_bnb_mpi,1608.81,-6,7,473583094,"[-1, -1, 2, 2, 2, 2, 2, 2, 2, 2, 2, 2, 1, -2, -2, -2, -2, -2, -2, 1, 2, 1, 1, 2, 2, -1, -1, -2, 1]"
631,dfs_bnb_mpi,88.9369,-9,9,27051801,"[-1, -1, 2, 1, 1, 2, 2, 1, 1, 1, -2, -1, -1, -2, 1, 1, 1, -2, -1, -1, -1, -2, -2, -1, 2, -1, -1, -1, 2]"
632,dfs_bnb_mpi,91.1778,-10,11,24931813,"[-1, -1, 2, 1, 1, 2, 2, 2, 2, -1, -1, -2, -2, 1, -2, -1, -1, -2, -1, -1, -2, 1, -2, -2, 1, 1, 2, -1, 2]"
633,dfs_bnb_mpi,319.903,-8,9,81472574,"[-1, -1, 2, 2, -1, -1, 2, 1, 2, 2, -1, -2, -1, 2, -1, -2, -2, 1, -2, -1, -1, -2, 1, 1, 1, 1, -2, -1, -1]"
634,dfs_bnb_mpi,1440.69,-9,10,428696821,"[-1, -1, 2, 2, 2, 2, -1, -2, -1, -2, 1, -2, -2, -2, 1, 1, 1, -2, 1, 2, 2, 1, 2, -1, 2, -1, -2, -1, 2]"
635,dfs_bnb_mpi,12548.3,-9,10,3704839215,"[-1, -1, 2, 2, 1, 2, 2, 2, -1, 2, -1, -1, -2, -2, -2, -2, -1, -1, -2, 1, 1, -2, 1, 2, 2, 2, 2, 1, -2]"
636,dfs_bnb_mpi,9592.17,-8,9,2743969868,"[-1, -1, 2, 2, 2, 1, 2, -1, 2, -1, -2, -2, -1, -1, -2, -2, -2, 1, -2, -2, 1, 1, 2, -1, 2, 2, 2, -1, -2]"
637,dfs_bnb_mpi,1261.29,-9,10,351042760,"[-1, -1, 2, 2, -1, -1, -1, 2, 1, 2, -1, -1, -2, -2, -1, -1, -2, 1, 1, 1, -2, -2, 1, 2, 2, 1, -2, -2, 1]"
638,dfs_bnb_mpi,1.69273,-10,10,496010,"[-1, -1, -1, -1, 2, 1, 2, 1, -2, 1, 1, 2, 1, -2, 1, -2, -1, -2, -1, -1, -1, -2, -2, -1, 2, 2, -1, -1, 2]"
639,dfs_bnb_mpi,28.2308,-11,12,7644017,"[-1, -1, 2, -1, 2, -1, -2, -1, -2, -2, 1, 2, 1, -2, -2, 1, 2, 1, -2, 1, 1, -2, -1, -1, -2, -1, -1, 2, 1]"
640,dfs_bnb_mpi,10124,-8,9,2738946767,"[-1, -1, 2, 2, 2, 2, 1, 2, 2, 2, 2, -1, -2, -2, -2, -1, 2, -1, -2, -1, -2, 1, -2, -2, -2, 1, 2, 2, 2]"
641,dfs_bnb_mpi,1130.78,-6,7,314156266,"[-1, -1, 2, 2, 2, 1, -2, -2, 1, 2, 1, -2, -2, -2, -1, -1, -1, -1, 2, 2, -1, 2, 1, 2, 2, 2, 2, 2, 2]"
642,dfs_bnb_mpi,4489.62,-10,11,1341382494,"[-1, -2, 1, 1, 1, 2, 2, 1, 2, 1, 2, -1, -1, -2, -1, 2, 2, 2, -1, -2, -2, -2, -1, -1, -2, 1, 1, 1, -2]"
643,dfs_bnb_mpi,870.772,-8,9,258297788,"[-1, -1, 2, 2, 2, 2, 1, 2, 2, 1, 2, 1, -2, -2, -1, -2, 1, 1, 1, -2, -1, -1, -2, -2, -1, 2, 2, -1, -2]"
644,dfs_bnb_mpi,2622.32,-9,10,764419382,"[-1, -1, 2, 2, 1, -2, 1, 1, 2, 2, 2, 2, 1, -2, -2, -2, -2, 1, -2, -1, -1, -2, 1, -2, -1, -1, 2, -1, -1]"
645,dfs_bnb_mpi,57.772,-9,10,13795150,"[-1, -1, 2, 2, -1, -2, -2, -2, 1, 1, 1, -2, 1, -2, -1, -1, 2, -1, -1, -1, -2, 1, 1, -2, -1, -1, -2, 1, 1]"
646,dfs_bnb_mpi,276.011,-10,11,80346999,"[-1, -2, 1, -2, 1, 2, 2, 1, 1, 2, 2, -1, -2, -1, -1, -1, 2, 2, 1, -2, 1, 2, 1, 2, 2, 1, -2, -2, 1]"
647,dfs_bnb_mpi,0.932087,-9,9,246782,"[-1, -1, 2, 2, 2, 1, 2, 1, 1, -2, -1, -2, -1, -2, 1, 1, 2, 1, 2, 1, -2, -2, -1, -2, -1, -2, 1, 1, 2]"
648,dfs_bnb_mpi,27.5679,-11,12,8079761,"[-1, -1, 2, 1, 2, -1, 2, -1, 2, 1, 2, -1, 2, -1, -2, -2, -1, -1, -2, 1, 1, -2, 1, -2, -1, -1, -2, 1, 1]"
649,dfs_bnb_mpi,27.2491,-9,10,6956259,"[-1, -2, 1, 1, 2, 2, 2, 2, -1, -2, -2, -1, 2, 2, -1, -1, -2, 1, -2, -1, -1, -2, 1, 1, -2, -1, -1, -1, 2]"
650,dfs_bnb_mpi,49.057,-9,10,13880704,"[-1, -1, 2, 2, 1, -2, 1, 2, 2, -1, -1, -1, -2, -2, -1, 2, -1, -1, -2, 1, -2, -1, -2, 1, 1, 2, 1, -2, 1]"
651,dfs_bnb_mpi,5.21891,-8,9,1301655,"[-1, -1, 2, 2, 2, -1, -1, -2, -1, -2, -2, 1, 2, 1, -2, -2, 1, 1, -2, -1, -1, -1, 2, -1, -1, 2, 2, 2, 2]"
652,dfs_bnb_mpi,404.676,-9,10,105828213,"[-1, -1, 2, 2, 2, -1, -1, -1, 2, -1, -1, -2, 1, -2, -1, -2, 1, -2, 1, 2, 2, 1, -2, 1, -2, -1, -2, 1, 1]"
653,dfs_bnb_mpi,18.695,-10,11,5659200,"[-1, -2, 1, 1, 2, 2, 1, -2, 1, 2, 2, 1, 2, 1, -2, -2, -1, -2, -2, -1, -1, -2, 1, 1, -2, -1, -1, -1, 2]"
654,dfs_bnb_mpi,1787.59,-6,7,467831093,"[-1, -1, 2, 2, 2, 1, 2, 2, 2, 2, 2, -1, -2, -1, -1, -2, -1, -2, 1, 1, 2, 1, -2, -2, -1, -2, -1, 2, -1]"
655,dfs_bnb_mpi,519.709,-9,10,157700538,"[-1, -1, 2, 1, 1, 2, 1, -2, 1, 2, 2, -1, -1, 2, 1, 1, 1, -2, -2, -2, -2, -1, -1, -2, -2, -1, 2, -1, -1]"
656,dfs_bnb_mpi,50.0239,-9,10,14335882,"[-1, -1, 2, 2, 2, -1, -1, -2, -2, 1, -2, -1, -1, -2, 1, -2, 1, 2, 1, -2, 1, 2, 1, -2, 1, 2, 2, 2, 2]"
657,dfs_bnb_mpi,83504.8,-6,7,20607907760,"[-1, -1, 2, 2, 2, 2, 2, 1, -2, 1, 2, 2, 2, 2, 2, -1, -1, -1, -2, 1, 1, -2, -2, -1, 2, -1, -2, -2, -2]"
658,dfs_bnb_mpi,937.607,-10,11,282243522,"[-1, -1, 2, 1, 2, 2, 2, 1, -2, 1, -2, -1, -2, 1, -2, 1, 2, 2, 1, -2, -2, -2, -1, -1, -2, -1, -1, 2, 1]"
659,dfs_bnb_mpi,9878.93,-9,10,2428772051,"[-1, -1, 2, 2, 2, -1, -1, 2, 2, -1, -2, -2, -1, -1, -2, -1, -2, 1, -2, 1, 2, 2, 1, -2, 1, 2, 1, -2, -2]"
660,dfs_bnb_mpi,33.019,-8,9,9149536,"[-1, -1, 2, 2, 2, 2, 2, 1, 1, -2, -1, -2, 1, 1, 2, 2, 2, -1, 2, -1, -2, -1, -1, -2, -1, -2, 1, -2, -1]"
661,dfs_bnb_mpi,2531.28,-10,11,716774867,"[-1, -1, 2, 2, 2, 2, -1, -2, -1, 2, -1, -2, -1, -2, -1, -1, -2, 1, 1, -2, 1, 2, 2, 1, 1, -2, -2, -1, 2]"
662,dfs_bnb_mpi,1.81734,-10,10,526403,"[-1, -2, 1, 1, 2, 2, 2, -1, -2, -1, 2, -1, -1, -2, 1, -2, -2, -1, -2, 1, -2, -2, 1, 2, 2, 1, 1, 1, 2]"
663,dfs_bnb_mpi,4.17991,-8,9,1228981,"[-1, -1, 2, 2, 2, 1, -2, -2, 1, 1, 2, -1, 2, 2, 1, -2, 1, 2, 2, 2, 2, -1, -1, -1, -2, -2, -2, -1, 2]"
664,dfs_bnb_mpi,6853.89,-8,9,2045295906,"[-1, -1, 2, 2, 2, 1, 1, 2, 2, 1, 2, -1, -1, -2, -2, -1, 2, 2, 2, 2, -1, -2, -2, -2, -1, -2, 1, -2, -1]"
665,dfs_bnb_mpi,138.646,-9,10,37849008,"[-1, -1, 2, 1, 2, 2, -1, -2, -1, 2, 2, 2, -1, -2, -2, -2, -1, -2, -1, -1, -2, 1, -2, 1, 2, 1, 2, 1, -2]"
666,dfs_bnb_mpi,1027.76,-10,11,295672011,"[-1, -1, -1, -1, 2, 1, 1, 2, 2, 2, 1, -2, -2, -2, 1, 1, -2, 1, 1, -2, -1, -1, -1, -2, -2, -1, 2, 2, -1]"
667,dfs_bnb_mpi,14.9215,-10,11,3811883,"[-1, -1, 2, 2, 2, -1, -2, -2, -2, -1, -1, -2, 1, 1, 1, 1, 1, 1, -2, -1, -2, -2, -1, -1, 2, 1, 2, -1, -1]"
668,dfs_bnb_mpi,8.55558,-10,11,2467369,"[-1, -2, -1, 2, 2, 1, 2, -1, 2, 2, 1, 2, -1, 2, -1, -2, -1, -2, 1, -2, -2, -1, -1, -2, 1, 1, -2, -1, -1]"
669,dfs_bnb_mpi,395.889,-8,9,103881372,"[-1, -1, 2, 1, 2, 1, 1, -2, -2, -2, -1, -1, -1, -1, -2, -2, -1, 2, -1, 2, 1, 2, 1, 2, -1, 2, 1, 1, 2]"
670,dfs_bnb_mpi,3140.67,-8,9,807251392,"[-1, -1, 2, 1, 2, -1, -1, -1, -2, -2, -1, -1, -2, 1, -2, -2, 1, 1, 1, 2, -1, -1, 2, 1, 1, 1, 1, 1, 2]"
671,dfs_bnb_mpi,43.7709,-9,10,13454956,"[-1, -1, -1, 2, 1, 2, 1, -2, 1, 1, 2, -1, 2, 1, 2, 2, 2, 2, 2, 2, -1, -1, -2, -2, -2, -2, -2, -2, -1]"
672,dfs_bnb_mpi,2477.41,-9,10,687720797,"[-1, -1, 2, 1, 1, 2, 2, 2, 1, -2, 1, 2, 1, -2, 1, 2, 1, -2, -2, -1, -1, -2, -2, -1, -1, 2, 1, 2, -1]"
673,dfs_bnb_mpi,5.66945,-10,11,1553018,"[-1, -2, 1, 1, -2, -1, -2, -1, 2, -1, 2, 2, -1, -2, -1, 2, 2, 2, -1, -2, -2, -1, -2, 1, -2, 1, 1, -2, 1]"
674,dfs_bnb_mpi,344.155,-9,10,101370997,"[-1, -1, 2, 2, 1, -2, 1, 2, 1, -2, 1, 1, -2, -1, -1, -2, 1, 1, -2, -1, -1, -2, -1, -1, 2, 1, 2, -1, -1]"
675,dfs_bnb_mpi,412.028,-9,10,125814039,"[-1, -1, 2, 2, 2, 2, -1, -2, -2, -2, -2, -2, 1, 1, -2, 1, 2, 1, 2, 2, 2, 2, 2, -1, -1, -2, -2, -2, 1]"
676,dfs_bnb_mpi,1218.32,-9,10,344344303,"[-1, -1, 2, -1, -1, -2, -1, -1, 2, -1, -2, -1, 2, -1, -2, -1, -1, -2, 1, 1, 1, 1, -2, 1, 2, 1, 1, 1, 2]"
677,dfs_bnb_mpi,144.328,-10,11,44276491,"[-1, -1, 2, 1, 1, 2, 1, -2, 1, -2, -1, -2, -1, -1, -1, -1, 2, -1, -2, -2, 1, 1, -2, 1, 1, 1, 2, -1, -1]"
678,dfs_bnb_mpi,1962.33,-8,9,507590485,"[-1, -1, 2, 2, 2, 2, 1, 2, 2, 2, -1, -2, -1, 2, -1, 2, -1, -1, -2, 1, -2, 1, -2, -1, -2, 1, 1, 2, 1]"
679,dfs_bnb_mpi,55.1974,-8,9,16760171,"[-1, -1, 2, 2, 1, 2, -1, 2, 2, -1, -2, -2, -2, -1, 2, 2, 2, 2, -1, -2, -2, -2, -2, -2, 1, 1, -2, -1, -1]"
680,dfs_bnb_mpi,238.361,-10,11,64494825,"[-1, -1, 2, 1, 2, -1, 2, 2, 2, -1, -1, -2, -2, 1, -2, -2, -1, 2, -1, 2, 2, 2, -1, 2, 1, 2, 1, -2, 1]"
681,dfs_bnb_mpi,127.7,-10,11,35770259,"[-1, -2, -2, 1, 2, 1, 2, 2, -1, -1, 2, -1, -2, -2, -1, 2, 2, -1, 2, -1, -1, -2, 1, -2, 1, -2, -2, 1, 1]"
682,dfs_bnb_mpi,0.759797,-8,9,218537,"[-1, -1, 2, 2, 2, -1, 2, -1, 2, 1, 1, -2, 1, -2, 1, -2, -1, -2, 1, 1, -2, 1, -2, -1, -1, -1, -1, -1, 2]"
683,dfs_bnb_mpi,2.54393,-9,10,676620,"[-1, -1, 2, -1, -1, 2, 2, 2, 1, 2, 2, 1, -2, -2, 1, -2, -1, -1, -2, 1, 1, -2, 1, 2, 2, 2, 2, 2, 2]"
684,dfs_bnb_mpi,9723.69,-10,11,2604650264,"[-1, -1, 2, 2, 1, 2, 2, 2, -1, -1, 2, -1, 2, -1, -2, -1, -2, 1, -2, -2, 1, -2, 1, 2, 1, 2, -1, -1, 2]"
685,dfs_bnb_mpi,1257.66,-10,11,376670655,"[-1, -1, 2, 1, 2, -1, -1, -2, -2, -2, 1, 1, 1, 1, -2, -1, -1, -2, 1, -2, -1, -1, 2, 2, -1, -1, -1, 2, 1]"
686,dfs_bnb_mpi,13.235,-8,9,3564561,"[-1, -1, 2, 2, 2, 2, 1, 2, -1, 2, 2, -1, -2, -1, -2, 1, -2, -2, -2, -1, -1, 2, 1, 2, -1, -1, 2, 1, 2]"
687,dfs_bnb_mpi,524.016,-10,11,129869191,"[-1, -1, 2, 2, 2, 2, 1, -2, -2, -2, 1, 2, 2, 2, 2, -1, 2, -1, -2, -1, 2, -1, 2, -1, -2, -2, 1, -2, 1]"
688,dfs_bnb_mpi,1989.53,-9,10,567541830,"[-1, -2, -2, -2, -1, -1, 2, 1, 2, -1, 2, 1, 2, 1, 2, 2, 2, 1, -2, -2, -2, 1, -2, -2, -1, -2, 1, 1, 2]"
689,dfs_bnb_mpi,14.1289,-9,10,4316719,"[-1, -1, 2, 1, 1, 2, 1, -2, -2, 1, -2, -1, -2, 1, -2, -1, -1, 2, 2, -1, -2, -1, 2, -1, 2, 2, 2, 2, 2]"
690,dfs_bnb_mpi,551.551,-9,10,167009606,"[-1, -1, 2, -1, -2, -2, -2, 1, 2, 1, -2, -2, 1, 2, 2, 1, 2, 1, 2, 2, 2, 2, -1, -2, -2, -2, -1, -1, 2]"
691,dfs_bnb_mpi,23.8218,-10,11,7328831,"[-1, -2, 1, 1, 2, 2, 1, -2, -2, 1, 1, -2, -1, -1, -2, 1, -2, -1, -1, 2, 2, -1, -1, -1, -2, 1, 1, -2, -1]"
692,dfs_bnb_mpi,412.579,-9,10,115218317,"[-1, -1, 2, 2, 1, -2, 1, 2, 2, 1, -2, 1, 1, -2, 1, -2, -1, -2, -1, 2, 2, -1, -2, -2, -1, -1, -1, -1, 2]"
693,dfs_bnb_mpi,590.831,-9,10,166765616,"[-1, -1, 2, 2, 2, 2, 2, 1, -2, -2, -2, 1, 1, 2, 1, 1, -2, 1, 2, 2, -1, -1, -1, 2, 2, -1, -2, -2, -2]"
694,dfs_bnb_mpi,139.775,-10,11,39831162,"[-1, -1, 2, 2, -1, -1, 2, 1, 2, -1, 2, -1, -2, -1, -1, -2, -2, 1, 2, 1, -2, -2, 1, 1, -2, -2, -1, 2, -1]"
695,dfs_bnb_mpi,457.94,-9,10,125688901,"[-1, -1, 2, 2, 2, 2, 2, 1, -2, 1, 2, 1, -2, 1, -2, 1, -2, -1, -2, 1, -2, -1, -2, -1, 2, 2, 2, 2, -1]"
696,dfs_bnb_mpi,382.333,-10,11,100615063,"[-1, -1, -1, 2, -1, -2, -2, -1, -2, 1, -2, 1, 1, 1, -2, 1, 1, 2, -1, 2, 1, 2, -1, -1, -2, -1, -1, 2, 1]"
697,dfs_bnb_mpi,1.78476,-9,10,491518,"[-1, -1, 2, 2, -1, 2, 1, 2, 1, -2, -2, -2, 1, 2, 2, 2, 2, 1, -2, 1, -2, -1, -2, 1, 1, 2, 2, 2, 2]"
698,dfs_bnb_mpi,582.033,-9,10,140371390,"[-1, -1, 2, 2, 2, 2, 1, -2, 1, 2, 2, -1, -1, -1, -2, -2, -1, -2, 1, -2, -2, -1, 2, -1, 2, 2, -1, -2, -1]"
699,dfs_bnb_mpi,4050.07,-10,11,1144903667,"[-1, -1, -1, 2, -1, -2, -2, 1, 1, 1, 1, 1, 2, 1, 2, -1, -1, -1, 2, 1, 2, -1, -1, 2, -1, -2, -2, 1, -2]"
700,dfs_bnb_mpi,14.7313,-10,11,4205100,"[-1, -1, 2, -1, -1, 2, 2, 2, 1, 1, -2, -1, -2, 1, 1, -2, 1, 2, 2, 1, -2, -2, 1, -2, -1, -2, -2, -1, 2]"
701,dfs_bnb_mpi,2389.59,-8,9,701815836,"[-1, -2, 1, 1, -2, 1, 2, 2, -1, 2, -1, 2, 2, 2, -1, -2, -2, -2, -1, -1, -2, 1, -2, -2, 1, 1, -2, 1, 1]"
702,dfs_bnb_mpi,17.7564,-9,10,4773815,"[-1, -1, 2, 2, -1, 2, -1, 2, 1, 2, -1, -1, 2, 2, -1, -2, -1, -2, 1, -2, 1, -2, -2, 1, -2, 1, -2, -1, -1]"
703,dfs_bnb_mpi,99.1471,-10,10,22994745,"[-1, -1, 2, 1, 1, 2, 2, -1, -1, 2, 1, 1, 2, 1, -2, 1, -2, -1, -2, 1, 1, -2, -1, -1, -2, 1, 1, 1, 2]"
704,dfs_bnb_mpi,0.676433,-10,10,197510,"[-1, -2, 1, 1, 2, 2, 2, -1, -2, -1, -1, -2, -2, -2, 1, 1, 1, 1, -2, -1, -1, -2, 1, -2, -1, -1, 2, 2, -1]"
705,dfs_bnb_mpi,7.95037,-5,6,2380355,"[-1, -1, 2, 2, 2, 2, 2, 2, 2, 2, 2, 1, 2, 2, 2, 1, -2, -2, 1, -2, 1, -2, -1, -2, -1, -1, 2, 1, 2]"
706,dfs_bnb_mpi,2625.41,-11,12,592192454,"[-1, -2, 1, 1, 1, 1, 2, 1, 2, 2, 2, -1, -1, -1, 2, -1, -2, -1, -2, 1, -2, 1, -2, 1, 2, 1, 2, -1, -1]"
707,dfs_bnb_mpi,147.067,-8,9,42942814,"[-1, -1, 2, 2, -1, 2, 2, 2, 1, -2, -2, 1, -2, -2, 1, 2, 2, 2, 1, -2, -2, 1, 2, 2, 2, -1, -1, -1, -2]"
708,dfs_bnb_mpi,396.727,-9,9,108034791,"[-1, -1, 2, 2, 2, 2, 2, 1, 2, -1, 2, -1, 2, 1, 2, 1, 1, -2, -1, -2, 1, 1, -2, -1, -2, -2, -1, -2, 1]"
709,dfs_bnb_mpi,574.345,-9,10,165522023,"[-1, -1, 2, 2, 2, 1, 2, 1, -2, -2, -1, -2, 1, 1, 1, 1, 1, 2, 2, 2, -1, -1, -1, -2, 1, 1, -2, -1, -1]"
710,dfs_bnb_mpi,23540.6,-8,9,6561420118,"[-1, -1, 2, 2, 2, 1, 1, -2, 1, 2, 2, 2, 2, 2, 2, 1, -2, -2, -2, 1, -2, -1, -2, -2, -2, -1, -1, -1, 2]"
711,dfs_bnb_mpi,4825.12,-8,9,1249536881,"[-1, -1, 2, 2, 2, 2, 2, 2, 2, 2, 1, -2, -2, 1, -2, 1, 2, 1, 2, 1, 2, -1, 2, -1, -2, -2, -1, 2, 2]"
712,dfs_bnb_mpi,75.0746,-9,10,20282467,"[-1, -1, 2, 2, 2, 2, 1, 2, 1, -2, -2, -1, -2, -2, 1, 2, 1, 2, 2, 2, 2, 1, -2, -2, 1, 1, -2, -1, -1]"
713,dfs_bnb_mpi,71.1445,-10,11,17512542,"[-1, -2, 1, -2, 1, 2, 1, 1, 2, 1, 2, -1, 2, -1, -2, -2, -1, 2, 2, 2, 2, -1, -1, -2, -2, -2, 1, 2, 2]"
714,dfs_bnb_mpi,3653.49,-10,11,817636230,"[-1, -1, 2, -1, 2, 1, 2, -1, 2, 1, 2, 2, 2, 2, 1, 1, -2, -2, -2, -2, -1, -2, 1, -2, 1, -2, -1, -1, 2]"
715,dfs_bnb_mpi,711.024,-9,10,211050160,"[-1, -1, 2, 2, 1, -2, 1, 2, 2, -1, 2, 2, 2, 2, 2, -1, -1, -2, -2, -2, -1, -2, 1, -2, 1, 2, 2, 2, 2]"
716,dfs_bnb_mpi,21.4482,-9,10,6018601,"[-1, -1, 2, -1, 2, -1, -2, -1, -2, 1, 1, -2, 1, 1, -2, -1, -1, -1, 2, -1, -2, -1, 2, 2, 2, 2, 2, 2, 2]"
717,dfs_bnb_mpi,1270.7,-9,10,363532641,"[-1, -1, 2, 2, -1, -2, -2, -1, -2, 1, -2, -1, -1, -1, -1, -1, 2, 1, 1, 1, 2, -1, -1, 2, 1, 1, 2, 1, -2]"
718,dfs_bnb_mpi,2145.81,-9,10,642010905,"[-1, -1, 2, -1, 2, 2, 1, -2, 1, -2, 1, 2, 1, -2, -2, 1, 2, 2, 2, 1, -2, -2, -2, -2, -1, -1, -2, -1, 2]"
719,dfs_bnb_mpi,10195.6,-8,9,2984476935,"[-1, -1, 2, 2, 2, -1, -1, -1, -2, -2, 1, 2, 1, -2, -2, -2, -2, -2, 1, -2, 1, 2, 1, 2, 2, -1, -1, -2, 1]"
720,dfs_bnb_mpi,93.3771,-8,9,22809905,"[-1, -1, 2, 2, 2, 2, 2, 1, 2, 1, -2, 1, -2, 1, 1, -2, -2, -1, 2, -1, -1, 2, -1, -2, -2, 1, 1, -2, 1]"
721,dfs_bnb_mpi,9.023,-9,10,2469871,"[-1, -1, 2, 2, -1, 2, 1, 2, 1, -2, 1, 2, 1, -2, -2, -1, -1, -2, 1, 1, -2, 1, -2, -1, -1, -1, -1, -1, 2]"
722,dfs_bnb_mpi,21.685,-10,11,6262127,"[-1, -2, 1, 1, 2, 2, 2, 1, -2, 1, -2, -1, -2, 1, -2, -1, -1, -2, -1, 2, -1, -1, -1, -2, 1, 1, -2, 1, 1]"
723,dfs_bnb_mpi,828.57,-8,9,249968912,"[-1, -1, 2, 2, 2, 2, 1, 1, 2, -1, -1, 2, 1, 2, 2, 1, -2, -2, 1, 1, -2, -1, -2, -2, -1, -1, -2, -2, 1]"
724,dfs_bnb_mpi,6537.15,-10,11,1850225381,"[-1, -2, -1, 2, 2, 2, 2, 1, -2, -2, 1, 2, 2, 1, -2, 1, 1, -2, -2, -1, -2, -2, -1, -1, 2, 1, 2, 2, 1]"
725,dfs_bnb_mpi,7366.8,-10,11,2005888633,"[-1, -1, 2, 2, 2, -1, 2, 2, -1, -2, -2, -1, -1, -2, -1, -1, -2, 1, 1, -2, 1, 1, 1, 2, 2, -1, -2, -1, 2]"
726,dfs_bnb_mpi,1094.27,-8,8,308839264,"[-1, -1, 2, 2, 2, 2, -1, -2, -2, -2, -2, -2, -1, -2, -2, -1, 2, -1, -1, 2, 1, 1, 2, 1, 2, -1, 2, 1, 2]"
727,dfs_bnb_mpi,22.3844,-9,9,5115447,"[-1, -1, 2, 2, 1, -2, 1, 2, 2, -1, 2, 2, -1, -2, -2, -1, -2, -2, -2, -1, 2, 2, -1, -1, 2, 1, 1, 2, 2]"
728,dfs_bnb_mpi,88.6723,-8,9,23248788,"[-1, -1, 2, 2, 2, 1, 1, 2, -1, 2, -1, -2, -1, 2, 2, -1, -2, -2, -2, 1, -2, -2, -1, 2, -1, -1, 2, 1, 2]"
729,dfs_bnb_mpi,48.0695,-9,10,12682081,"[-1, -1, 2, -1, -2, -1, -2, 1, 1, 1, 1, 1, -2, -1, -1, -1, -1, -1, -2, -1, -2, 1, -2, 1, 1, 2, 2, -1, -2]"
730,dfs_bnb_mpi,22.2605,-8,8,6426929,"[-1, -1, 2, 1, 1, 2, 2, 2, 1, 1, 1, -2, -1, -1, -2, 1, 1, 1, -2, -1, -1, -1, -2, -2, 1, 2, 1, 1, 1]"
731,dfs_bnb_mpi,155.94,-9,10,47303119,"[-1, -1, 2, 2, 2, 1, -2, -2, 1, 2, 1, -2, 1, -2, -1, -2, -1, -1, -2, -2, -1, 2, 2, -1, 2, 2, -1, 2, 1]"
732,dfs_bnb_mpi,62.4301,-11,12,17530837,"[-1, -1, 2, 1, 2, 2, 1, -2, -2, 1, -2, -2, 1, 1, -2, -1, -1, -2, -2, -1, 2, -1, -1, 2, 2, 1, -2, 1, 2]"
733,dfs_bnb_mpi,390.54,-10,11,105683222,"[-1, -1, 2, 2, 1, 1, 2, -1, -1, 2, -1, -2, -1, -2, -1, 2, 2, -1, 2, -1, -2, -2, 1, -2, -2, 1, 1, 1, 2]"
734,dfs_bnb_mpi,63.7294,-9,10,17086476,"[-1, -1, 2, 2, 2, 2, 2, 1, 1, -2, -2, -2, -1, -2, 1, 1, 1, -2, -1, -2, -2, -1, 2, -1, -1, -1, 2, 2, 2]"
735,dfs_bnb_mpi,9401.24,-7,8,2107451832,"[-1, -1, 2, 2, 2, 2, 2, 2, 1, 1, 1, 2, 2, 1, -2, -2, -2, -1, -1, -1, -2, 1, 1, -2, -1, -1, -2, 1, 1]"
736,dfs_bnb_mpi,1744.24,-10,11,508175688,"[-1, -1, 2, 1, 1, 1, 2, -1, 2, -1, -2, -1, 2, -1, -1, -1, -2, -2, -1, -2, 1, -2, 1, 2, 2, 2, 1, -2, -2]"
737,dfs_bnb_mpi,135.837,-9,10,38743051,"[-1, -1, 2, 2, 1, -2, 1, 2, 2, -1, 2, 2, -1, -2, -2, -1, 2, -1, -2, -2, 1, -2, -1, -1, 2, -1, 2, 1, 2]"
738,dfs_bnb_mpi,3650.52,-10,11,1095449777,"[-1, -2, -2, 1, -2, -1, -1, 2, 2, 2, 2, 1, 1, 2, 2, 1, -2, 1, 2, 1, -2, -2, -2, -1, 2, -1, -2, -2, -1]"
739,dfs_bnb_mpi,1059.75,-10,11,311574587,"[-1, -1, 2, 1, 1, 2, -1, 2, 1, 2, 1, -2, 1, 2, 1, -2, -2, -1, -1, -2, 1, 1, -2, -1, -1, -2, -1, -1, -1]"
740,dfs_bnb_mpi,23.1625,-8,9,6789430,"[-1, -1, 2, 2, 2, 1, -2, -2, 1, 2, 1, -2, 1, -2, -1, -2, 1, -2, -1, -1, 2, -1, -1, -2, 1, -2, 1, 1, 1]"
741,dfs_bnb_mpi,5429.53,-9,10,1498444159,"[-1, -1, 2, 2, 2, 2, 1, 2, 2, 1, -2, -2, 1, 2, 2, 2, 1, -2, -2, -2, -2, -1, -2, -1, -2, -1, 2, 2, 1]"
742,dfs_bnb_mpi,112.718,-9,9,29302715,"[-1, -2, -1, -1, -1, -1, -2, 1, 1, 1, 1, 1, 2, 1, 2, 2, -1, 2, -1, -2, -1, -2, -1, 2, -1, 2, 1, 1, 2]"
743,dfs_bnb_mpi,15.0953,-10,11,4547267,"[-1, -2, -2, -2, -1, 2, 2, -1, 2, 1, 2, -1, 2, 1, 2, -1, 2, 1, 2, 2, 1, -2, -2, 1, -2, -1, -2, -2, 1]"
744,dfs_bnb_mpi,38.199,-8,9,10972299,"[-1, -1, 2, -1, 2, 1, 2, 2, 2, 2, -1, 2, 1, 2, 1, -2, 1, 1, -2, -1, -1, -2, -2, -2, -2, -2, 1, 2, 2]"
745,dfs_bnb_mpi,20150.8,-8,9,5328170992,"[-1, -1, 2, 2, 2, 2, 2, 2, 2, 2, 2, 1, 2, -1, 2, -1, -2, -1, -2, 1, -2, -2, -1, -2, 1, -2, -1, -1, 2]"
746,dfs_bnb_mpi,317.809,-8,9,91656402,"[-1, -1, 2, 2, 2, 2, 1, -2, -2, 1, 2, 2, 2, -1, 2, 1, 2, 1, 1, -2, -1, -2, 1, 1, -2, -1, -1, -2, 1]"
747,dfs_bnb_mpi,7759.49,-11,12,2187432250,"[-1, -2, 1, 1, 1, 2, 1, 1, 2, 2, -1, -2, -1, 2, 2, -1, -1, 2, -1, -2, -1, -2, 1, -2, 1, 2, 1, -2, -2]"
748,dfs_bnb_mpi,13652.1,-6,7,3047983666,"[-1, -1, 2, 2, 2, 2, 2, 2, 2, 2, 2, 1, 2, 2, 2, -1, -1, -2, 1, -2, -1, -1, -2, 1, -2, -1, -1, 2, 2]"
749,dfs_bnb_mpi,16.5889,-10,11,4926467,"[-1, -2, -1, 2, 2, 1, 1, 1, 2, -1, -1, 2, -1, -2, -1, -2, -1, -2, 1, -2, -2, 1, 1, 1, 1, 1, 2, -1, -1]"
750,dfs_bnb_mpi,493.158,-7,8,145701099,"[-1, -1, 2, 2, 2, 2, 2, 2, 2, 2, 2, 2, 1, -2, 1, 2, 1, -2, 1, -2, 1, -2, -1, -1, 2, -1, -2, -1, 2]"
751,dfs_bnb_mpi,69.3143,-8,9,20996143,"[-1, -1, 2, 2, -1, -2, -1, 2, -1, -2, -2, 1, 1, -2, -1, -1, -1, 2, 2, -1, -1, 2, 2, 1, -2, 1, 2, 1, 2]"
752,dfs_bnb_mpi,240.436,-8,9,72136509,"[-1, -1, 2, 1, 2, 1, 2, 2, -1, -2, -1, -2, -1, 2, 2, -1, -2, -2, -1, 2, -1, -2, -2, 1, -2, 1, 2, 1, -2]"
753,dfs_bnb_mpi,5813.85,-9,10,1500452335,"[-1, -1, 2, 2, 2, 2, 2, 1, -2, -2, -2, -2, 1, 2, 2, 2, 1, -2, -2, -2, -2, -2, 1, -2, -1, -1, -1, 2, 1]"
754,dfs_bnb_mpi,20522.5,-7,8,5770420177,"[-1, -1, 2, 2, 2, 2, 2, 2, 1, 1, -2, 1, -2, 1, -2, -1, -1, 2, -1, -2, -2, -2, 1, 2, 1, -2, -2, -2, -1]"
755,dfs_bnb_mpi,1589.11,-9,10,418726367,"[-1, -1, 2, 1, 1, 2, 2, 1, 2, 1, 2, 1, -2, 1, -2, -2, -2, -2, -1, -1, -1, 2, 2, 1, 2, 1, -2, -2, -1]"
756,dfs_bnb_mpi,16.5777,-9,10,4801186,"[-1, -1, 2, 2, -1, 2, 2, 2, -1, -2, -2, -1, -2, 1, -2, 1, -2, -1, -1, -2, -2, 1, 1, -2, 1, 2, 2, -1, -1]"
757,dfs_bnb_mpi,177.969,-9,10,51591552,"[-1, -1, 2, -1, -2, -2, 1, 1, 1, 1, 1, -2, -1, -1, -1, -1, -2, 1, -2, -1, -2, -1, 2, -1, 2, 1, 2, -1, 2]"
758,dfs_bnb_mpi,46.9059,-9,10,14024096,"[-1, -1, 2, 2, 1, -2, 1, 2, 2, 2, -1, -2, -1, 2, 2, -1, -2, -2, -2, -1, 2, 2, -1, -2, -2, -2, 1, 1, -2]"
759,dfs_bnb_mpi,0.31486,-9,9,94853,"[-1, -1, 2, 2, 2, -1, -2, -2, -2, -1, 2, -1, 2, 1, 2, 2, 1, 1, 1, -2, 1, 2, 1, -2, -2, -1, -1, -2, 1]"
760,dfs_bnb_mpi,10600.8,-7,7,3106907856,"[-1, -1, 2, 2, 2, 1, 1, -2, -2, 1, 1, -2, -1, -2, 1, -2, -1, -1, 2, -1, -1, -1, -1, -2, 1, 1, -2, 1, 2]"
761,dfs_bnb_mpi,45.0544,-9,10,13168071,"[-1, -1, 2, 2, 1, 1, 1, 2, -1, -1, 2, -1, -2, -1, -2, -1, -1, -1, -2, -2, -2, 1, 1, 2, 1, 2, -1, -1, -2]"
762,dfs_bnb_mpi,34756.3,-9,10,8461508565,"[-1, -1, 2, 2, 2, 2, 1, 2, 2, 2, 2, 2, -1, -1, -2, -1, -1, -2, 1, -2, 1, 2, 1, -2, -2, -1, -1, -2, 1]"
763,dfs_bnb_mpi,1193.86,-9,10,345508223,"[-1, -1, 2, 2, 2, 2, 2, 2, 1, 1, 2, -1, 2, -1, -2, -1, 2, -1, -1, -2, 1, -2, 1, -2, -1, -2, 1, -2, -1]"
764,dfs_bnb_mpi,6520.22,-9,10,1916361646,"[-1, -1, 2, 2, 1, -2, 1, 2, 1, 1, 2, 1, -2, -2, 1, 1, -2, -1, -2, -2, -1, 2, 2, -1, 2, -1, -2, -2, 1]"
765,dfs_bnb_mpi,163.677,-9,10,47262256,"[-1, -1, 2, 2, -1, 2, 1, 1, -2, -2, 1, 1, -2, -2, -1, -1, -2, -1, 2, -1, 2, 2, -1, 2, 2, 2, 2, 2, 2]"
766,dfs_bnb_mpi,578.122,-8,9,175555634,"[-1, -1, 2, 2, 2, 2, 1, -2, -2, 1, 2, 2, 2, 2, 2, 1, -2, -2, 1, -2, 1, 2, 1, -2, -2, -1, -1, -1, 2]"
767,dfs_bnb_mpi,10607.1,-9,10,2420051506,"[-1, -1, 2, 2, 2, 2, 1, -2, -2, -2, 1, 1, -2, -2, 1, 2, 1, -2, -2, -2, -1, 2, -1, -1, 2, -1, -1, -2, 1]"
768,dfs_bnb_mpi,4.82474,-10,11,1392116,"[-1, -1, 2, 1, 2, 2, 2, -1, -2, -2, -1, -1, -2, 1, -2, -2, 1, 1, -2, -2, 1, 2, 2, 1, 2, 2, -1, 2, 2]"
769,dfs_bnb_mpi,7.63784,-9,10,2155610,"[-1, -2, -1, -2, 1, 1, 2, 1, 2, 2, -1, 2, 2, -1, 2, -1, -2, -2, 1, -2, -1, -1, 2, 2, 2, 2, 2, 2, 2]"
770,dfs_bnb_mpi,322.012,-11,12,95401387,"[-1, -1, -1, 2, 1, 1, 2, -1, 2, 1, 1, -2, -2, 1, -2, -2, -1, -2, -2, -1, -2, -1, 2, -1, 2, 1, 2, 1, -2]"
771,dfs_bnb_mpi,167.9,-9,10,45287504,"[-1, -1, 2, 2, 2, 1, 2, 2, 1, -2, -2, -2, -1, -2, 1, 1, 2, 2, 2, 2, 2, 1, -2, 1, 1, -2, -1, -1, -2]"
772,dfs_bnb_mpi,2.91322,-9,10,889233,"[-1, -1, 2, 2, 2, 2, 1, -2, -2, -2, 1, 2, 2, 2, 1, 2, -1, 2, 2, 2, -1, -2, -2, -2, -1, -1, -2, -2, -1]"
773,dfs_bnb_mpi,669.348,-10,11,166288721,"[-1, -1, 2, -1, -2, -1, -2, -1, -1, -2, -2, -1, -2, 1, -2, 1, 2, 2, 2, 1, -2, 1, 1, 2, -1, 2, 1, 1, 1]"
774,dfs_bnb_mpi,1.34245,-9,10,413154,"[-1, -1, 2, 1, 2, 1, -2, 1, 2, 2, -1, 2, 2, -1, -2, -2, -1, -2, -1, -2, -1, -1, -2, 1, 1, -2, 1, 1, 1]"
775,dfs_bnb_mpi,451.426,-10,11,137331697,"[-1, -1, 2, 2, 1, -2, 1, 1, -2, -2, 1, -2, 1, -2, -1, -2, -1, 2, -1, -1, 2, -1, -1, 2, 1, 1, 1, -2, 1]"
776,dfs_bnb_mpi,31621.1,-9,10,9120649634,"[-1, -1, 2, 2, 1, -2, 1, 2, 1, -2, -2, -2, -1, -1, -2, -2, -1, -1, -1, 2, -1, 2, 1, 2, 1, -2, 1, -2, -1]"
777,dfs_bnb_mpi,4.68174,-9,10,1429405,"[-1, -2, 1, 1, 1, 2, -1, 2, 1, 2, 1, 2, 1, -2, 1, 1, -2, -1, -1, -1, -2, 1, 1, 1, 1, 2, 2, 2, 2]"
778,dfs_bnb_mpi,315.809,-7,8,95669341,"[-1, -1, 2, 2, 2, -1, 2, 2, 1, 1, -2, -2, 1, -2, -1, -2, 1, 1, -2, -2, -1, -1, -1, -1, 2, 2, -1, 2, 1]"
779,dfs_bnb_mpi,3.12181,-10,10,752412,"[-1, -2, 1, 1, -2, -1, -2, -2, 1, -2, -1, -1, 2, 2, 2, -1, -2, -2, -2, -1, 2, -1, -1, 2, 1, 1, 2, 2, 2]"
780,dfs_bnb_mpi,53.9104,-9,9,15299297,"[-1, -1, 2, 2, 1, -2, 1, 2, 2, 2, 2, 2, 1, -2, -2, -2, 1, 2, 2, 2, 1, -2, 1, -2, -1, -2, 1, 1, 2]"
781,dfs_bnb_mpi,5.62305,-10,11,1552632,"[-1, -2, 1, 1, 2, 2, 1, -2, -2, -2, -1, -1, -1, -1, 2, 2, 2, -1, -2, -2, -1, -2, 1, -2, 1, -2, 1, 2, 1]"
782,dfs_bnb_mpi,28.1388,-10,11,7795173,"[-1, -2, -1, -2, 1, -2, 1, 1, 1, 2, -1, -1, 2, 1, 1, 2, -1, 2, 1, 2, -1, 2, -1, -2, -1, -1, -2, 1, 1]"
783,dfs_bnb_mpi,6214.07,-7,8,1870030222,"[-1, -1, 2, 2, 2, 1, 1, -2, 1, 2, 2, -1, -1, -1, -1, -2, -2, -2, -2, -2, 1, 1, 1, 1, 2, 2, -1, -1, 2]"
784,dfs_bnb_mpi,3477.29,-10,11,1019377878,"[-1, -1, 2, -1, -2, -1, -1, -2, 1, 1, -2, -1, -2, 1, 1, 1, 1, -2, 1, 1, 2, -1, 2, -1, 2, -1, -1, -2, 1]"
785,dfs_bnb_mpi,5.9722,-9,10,1488268,"[-1, -1, 2, 2, 2, -1, -2, -2, -1, 2, 2, -1, -2, -2, -1, -2, 1, 1, 1, -2, -1, -1, -1, -1, 2, 2, 2, 1, 2]"
786,dfs_bnb_mpi,2.15349,-10,11,604046,"[-1, -1, 2, 1, 2, -1, 2, 2, 1, -2, 1, -2, -2, 1, -2, 1, -2, -1, -2, -1, 2, -1, -1, -1, 2, 2, 2, 2, 2]"
787,dfs_bnb_mpi,54.2994,-9,10,16317938,"[-1, -1, 2, 2, 1, -2, 1, 2, 1, 1, -2, -1, -2, 1, -2, -1, -2, -1, 2, -1, -1, -1, -1, 2, 2, 2, 1, -2, -2]"
788,dfs_bnb_mpi,588.179,-10,11,178148634,"[-1, -2, -1, -2, 1, -2, 1, 2, 2, 1, 2, 2, 2, 1, 2, -1, 2, 2, 2, -1, -2, -2, -2, -1, -2, 1, -2, -1, -1]"
789,dfs_bnb_mpi,447.193,-9,10,106779700,"[-1, -1, 2, 2, 2, 2, 2, 1, -2, -2, 1, 2, 1, 1, 2, 2, -1, -2, -1, 2, -1, -1, 2, 1, 1, 1, 2, 2, 2]"
790,dfs_bnb_mpi,30.3564,-11,12,7834425,"[-1, -1, 2, 1, 2, -1, 2, -1, 2, -1, 2, -1, -2, -2, 1, -2, 1, -2, -2, -1, -2, 1, -2, 1, 1, 1, 2, -1, -1]"
791,dfs_bnb_mpi,7371.42,-10,11,2053859861,"[-1, -1, 2, 2, 2, -1, -2, -1, 2, -1, -2, -2, -1, -2, 1, -2, -2, 1, 1, 1, 1, 2, -1, -1, -1, 2, 2, 1, -2]"
792,dfs_bnb_mpi,911.135,-8,9,259099223,"[-1, -1, 2, 2, 2, 2, 1, 1, -2, -1, -2, 1, 1, 2, 2, 2, 2, -1, -2, -1, 2, -1, -2, -1, -2, -1, -2, 1, -2]"
793,dfs_bnb_mpi,69.1362,-11,12,20421040,"[-1, -1, 2, 2, -1, -2, -2, -1, -1, -2, 1, 1, -2, 1, -2, 1, -2, -1, -2, 1, 1, 2, 1, 2, -1, 2, -1, 2, -1]"
794,dfs_bnb_mpi,119.201,-9,10,33808477,"[-1, -1, 2, 2, 1, -2, 1, 2, 1, 2, 2, 1, 2, -1, -1, 2, -1, -2, -1, -2, 1, 1, -2, -1, -1, -1, 2, 2, 2]"
795,dfs_bnb_mpi,1705.16,-9,10,514295139,"[-1, -1, 2, 1, 2, 2, -1, -1, -2, -2, -1, 2, 2, -1, -2, -2, -1, -2, -1, -1, -2, 1, 1, 1, 2, 1, 1, -2, 1]"
796,dfs_bnb_mpi,303.19,-9,10,81708372,"[-1, -1, 2, 2, 1, 2, 1, 2, -1, 2, 2, -1, -2, -1, -1, -2, 1, 1, -2, -1, -1, -2, 1, -2, -2, -1, 2, -1, 2]"
797,dfs_bnb_mpi,5.99603,-10,11,1601450,"[-1, -1, 2, 1, 2, -1, -1, -2, -2, -1, 2, -1, 2, 1, 2, 1, 2, 1, -2, 1, 2, 2, -1, 2, 2, 2, 2, 2, 2]"
798,dfs_bnb_mpi,266.025,-10,11,75211961,"[-1, -2, -1, -2, -1, -1, -2, 1, 1, -2, 1, 2, 2, 1, 2, 1, 2, 2, 2, 2, 2, -1, -2, -1, -1, -2, 1, 1, -2]"
799,dfs_bnb_mpi,19.9987,-10,11,5914282,"[-1, -2, -1, 2, 2, 1, 2, 2, 1, 1, -2, -1, -2, 1, -2, -2, -1, -2, 1, 1, -2, -1, -1, -2, -1, 2, 2, -1, -1]"
800,dfs_bnb_mpi,445.724,-8,9,126616267,"[-1, -1, 2, 2, 2, 2, 2, 1, 2, 2, 1, -2, -2, 1, 2, 1, 1, -2, -1, -2, -1, -2, -1, 2, -1, -2, -2, 1, 1]"
801,dfs_bnb_mpi,118.925,-9,10,34108002,"[-1, -2, -1, 2, 2, -1, 2, 2, 1, -2, 1, -2, 1, 2, 1, 2, 2, -1, -2, -1, 2, 2, -1, -2, -1, 2, 2, 2, 2]"
802,dfs_bnb_mpi,969.873,-9,10,290952611,"[-1, -1, 2, 2, 2, 1, 2, -1, 2, 2, -1, -2, -2, -1, -2, 1, -2, -1, -1, -2, 1, 1, -2, -2, -2, 1, 1, 2, -1]"
803,dfs_bnb_mpi,285.556,-9,10,85208426,"[-1, -1, 2, 2, 1, 2, -1, 2, 2, 2, -1, -1, -2, 1, -2, -2, -2, -2, -2, -1, 2, 2, -1, 2, -1, 2, 1, 1, -2]"
804,dfs_bnb_mpi,29.3239,-9,10,8511281,"[-1, -1, 2, -1, -2, -1, 2, 2, -1, 2, 1, 1, -2, 1, 1, 1, -2, 1, -2, 1, -2, -1, -2, -2, -1, 2, 2, -1, -1]"
805,dfs_bnb_mpi,1070.88,-5,6,259962279,"[-1, -1, 2, 2, 2, 2, 2, 2, 2, 2, 2, 2, 2, 2, 2, 1, 2, 2, 1, -2, -2, 1, -2, -1, -2, -2, -1, 2, 2]"
806,dfs_bnb_mpi,11.5024,-9,10,3324119,"[-1, -2, -1, -2, 1, 1, 2, 1, 1, -2, -1, -2, -1, -1, -1, -2, -1, -2, -1, 2, 2, 1, 2, 2, 2, 2, 2, 2, 2]"
807,dfs_bnb_mpi,263.298,-9,10,78985237,"[-1, -1, 2, 2, -1, -2, -2, -2, -1, 2, 2, 2, -1, 2, 1, 2, 1, -2, 1, 1, -2, -2, 1, 1, -2, -2, -1, -1, -1]"
808,dfs_bnb_mpi,180.604,-9,10,41386349,"[-1, -1, 2, 1, 1, 1, 2, 1, 2, 2, 2, 2, -1, -1, -2, -2, 1, -2, -1, -2, -1, 2, -1, -2, -1, 2, 2, 2, 2]"
809,dfs_bnb_mpi,11.2499,-9,10,3152372,"[-1, -1, -1, 2, 1, 2, 2, 1, 1, -2, -1, -2, 1, 1, 2, 1, -2, -2, -1, -2, 1, -2, -1, -1, 2, -1, -1, -1, -1]"
810,dfs_bnb_mpi,373.257,-9,10,107131214,"[-1, -1, 2, -1, -1, 2, 2, 2, 2, 1, 1, 1, -2, 1, -2, -1, -1, 2, -1, -2, -2, 1, 1, -2, 1, 2, 1, 2, 2]"
811,dfs_bnb_mpi,28.9719,-8,9,7778080,"[-1, -1, 2, 2, 2, 2, 1, 1, -2, -1, -2, -2, 1, 1, -2, -2, -1, -1, -1, -1, -1, -2, 1, 1, 1, -2, 1, 2, 1]"
812,dfs_bnb_mpi,19.0503,-9,10,5528775,"[-1, -1, 2, -1, -2, -1, -2, -2, 1, 2, 1, 1, 1, 1, -2, -1, -1, -1, -2, 1, 1, -2, -1, -1, -1, 2, -1, -1, 2]"
813,dfs_bnb_mpi,20.7469,-9,10,5952422,"[-1, -1, 2, -1, -2, -1, 2, -1, 2, -1, 2, 1, 2, 1, 1, 1, -2, -1, -1, -2, 1, 1, 1, 2, 2, 2, 2, 2, 2]"
814,dfs_bnb_mpi,65.9701,-10,11,20104280,"[-1, -2, -2, -1, 2, 2, 2, 2, -1, -2, -2, -1, -2, 1, -2, -1, -2, 1, 1, 1, -2, 1, 2, 1, 2, -1, 2, 1, 2]"
815,dfs_bnb_mpi,84.8341,-10,11,25291695,"[-1, -1, 2, -1, -1, -2, 1, -2, 1, 1, -2, -1, -1, -1, 2, -1, 2, -1, 2, 1, 2, 1, 2, 1, 2, 1, -2, -2, -1]"
816,dfs_bnb_mpi,164.59,-9,10,46178201,"[-1, -1, 2, 2, -1, -2, -2, -2, -2, -1, 2, -1, 2, 1, 2, 2, -1, 2, 1, 2, 2, 1, 2, 1, -2, -2, -1, -2, 1]"
817,dfs_bnb_mpi,1145.55,-10,11,342324718,"[-1, -1, 2, 2, 2, 2, 1, 2, 1, 2, -1, 2, -1, -2, -2, -1, 2, 2, 2, 2, -1, -2, -2, -2, -2, -2, -2, 1, 2]"
818,dfs_bnb_mpi,48.547,-10,11,14524213,"[-1, -1, 2, -1, -2, -2, -1, 2, -1, -1, 2, 1, 1, 2, 1, 2, 2, 1, -2, -2, 1, -2, 1, 2, 2, -1, 2, 2, 2]"
819,dfs_bnb_mpi,179.546,-11,11,51656967,"[-1, -2, -2, 1, 2, 1, 2, 2, 1, 1, 2, -1, -1, 2, -1, -2, -2, -1, 2, -1, -2, -2, -1, -1, -2, 1, -2, 1, 2]"
820,dfs_bnb_mpi,781.858,-8,9,233023475,"[-1, -1, 2, 2, 1, -2, 1, 2, 1, -2, -2, 1, -2, -1, -1, -2, -1, 2, -1, -1, -1, 2, 1, 2, -1, -1, -2, -1, 2]"
821,dfs_bnb_mpi,12.8104,-10,11,3943136,"[-1, -1, 2, 1, 2, 2, 1, -2, -2, 1, 1, -2, -1, -2, 1, -2, -1, -1, -1, -2, -2, -1, 2, 2, -1, 2, 1, 1, 1]"
822,dfs_bnb_mpi,901.37,-6,7,267907040,"[-1, -1, 2, 2, 2, 2, 1, -2, 1, 2, 2, 2, 2, -1, -2, -2, -1, 2, -1, -2, -2, -2, -1, -2, 1, -2, -1, -1, 2]"
823,dfs_bnb_mpi,44.3448,-10,11,12365716,"[-1, -1, 2, 1, 2, -1, 2, 2, 2, 2, -1, -2, -2, -2, -2, -2, -2, -1, 2, 2, 2, -1, -2, -1, 2, 2, 1, 1, 2]"
824,dfs_bnb_mpi,469.118,-10,11,135073955,"[-1, -1, 2, 2, 2, 1, 1, -2, -2, 1, -2, 1, 1, -2, -1, -1, -1, -2, 1, 1, -2, -1, -1, -1, 2, 2, -1, -1, 2]"
825,dfs_bnb_mpi,15.5564,-11,12,4715858,"[-1, -2, 1, 1, -2, -1, -1, -1, 2, 2, 2, 1, 2, -1, 2, 1, 2, 2, 1, -2, -2, 1, -2, -1, -2, 1, -2, 1, 2]"
826,dfs_bnb_mpi,1660.2,-8,9,460413200,"[-1, -1, 2, 2, 2, 2, 2, 1, 2, 2, 1, 1, 1, -2, -1, -1, -2, -2, -1, -2, 1, 1, 2, 2, 1, 1, 1, 2, -1]"
827,dfs_bnb_mpi,1164.15,-10,10,309881166,"[-1, -1, 2, 2, -1, -2, -2, -2, 1, 1, -2, 1, -2, 1, -2, -1, -2, -1, -1, -1, 2, 1, 1, 2, -1, 2, -1, -2, -1]"
828,dfs_bnb_mpi,39.2753,-10,11,11769063,"[-1, -1, 2, 2, -1, -2, -1, -1, 2, 2, -1, -1, -2, 1, -2, -1, -1, -2, 1, 1, -2, 1, 2, 1, -2, -2, 1, 2, 2]"
829,dfs_bnb_mpi,93.9996,-11,11,28149205,"[-1, -1, 2, -1, 2, -1, 2, -1, -2, -2, 1, -2, 1, -2, -1, -1, 2, -1, 2, -1, 2, 1, 2, -1, 2, 1, 2, 1, -2]"
830,dfs_bnb_mpi,572.125,-9,10,147734582,"[-1, -1, 2, 2, 2, 2, 2, 1, 2, 1, -2, 1, 1, 1, -2, -1, -1, -1, -1, -2, -2, 1, 2, 1, -2, 1, 1, 2, -1]"
831,dfs_bnb_mpi,50.92,-11,11,15066388,"[-1, -2, 1, 1, -2, -1, -2, 1, 1, 2, 2, 2, -1, 2, 1, 1, 1, -2, -1, -2, 1, 1, -2, -1, -2, -2, -1, 2, 2]"
832,dfs_bnb_mpi,159.922,-9,10,38312251,"[-1, -1, 2, 2, 2, 1, 2, 2, 1, -2, -2, 1, 2, 1, -2, 1, -2, -1, -1, -1, -1, -2, 1, 1, 1, 1, 1, 2, 2]"
833,dfs_bnb_mpi,0.128827,-9,10,40261,"[-1, -1, 2, 1, 2, 2, 1, -2, -2, 1, 1, -2, -1, -2, -1, -1, -2, -2, -1, 2, 2, -1, 2, 2, 2, 1, 2, 2, 2]"
834,dfs_bnb_mpi,1092.02,-9,10,328963812,"[-1, -1, 2, 2, 2, -1, -2, -2, -2, -1, 2, -1, -2, -1, -2, 1, 1, -2, -1, -2, 1, 1, 1, 2, 1, 2, -1, -1, -2]"
835,dfs_bnb_mpi,53.5836,-9,9,16582569,"[-1, -1, 2, 2, 2, -1, -1, -2, 1, -2, -1, -1, 2, 2, 2, 2, 1, 1, -2, 1, 2, 1, -2, -2, 1, -2, -1, -2, 1]"
836,dfs_bnb_mpi,149.431,-9,10,44301769,"[-1, -1, 2, 1, 2, 1, -2, 1, -2, -2, -1, -1, -1, -2, 1, 1, 1, -2, -1, -1, -1, -2, -2, 1, 1, 1, 2, -1, -1]"
837,dfs_bnb_mpi,24305.8,-9,10,6584757355,"[-1, -1, 2, 2, 1, 2, 1, 2, 2, 2, 2, 2, -1, -2, -2, -2, -2, -1, -2, -1, 2, -1, -2, -1, -2, 1, -2, 1, 2]"
838,dfs_bnb_mpi,25.0832,-8,9,7574690,"[-1, -1, 2, 2, 1, -2, 1, 1, 1, 2, -1, -1, 2, -1, -1, -1, -1, -2, 1, -2, -1, -1, 2, -1, -2, -2, 1, 1, 1]"
839,dfs_bnb_mpi,7.83057,-10,11,2324574,"[-1, -1, -1, 2, 1, 2, 1, -2, 1, 2, 2, -1, -1, 2, 1, 1, 2, -1, -1, 2, -1, -2, -1, 2, -1, -2, -2, 1, 1]"
840,dfs_bnb_mpi,188.471,-10,11,57371400,"[-1, -2, 1, -2, 1, 2, 1, 1, -2, -1, -2, -1, -1, -2, 1, -2, -1, -1, 2, 2, 2, -1, 2, 2, 2, 1, 1, 1, -2]"
841,dfs_bnb_mpi,164.565,-9,10,48931594,"[-1, -1, 2, 2, 1, -2, 1, 1, 1, -2, 1, -2, -2, -1, 2, -1, -1, -1, -1, -2, -1, -2, -1, 2, 2, 1, 2, 2, 2]"
842,dfs_bnb_mpi,4164.54,-11,12,1243231080,"[-1, -1, 2, 1, 2, 2, 1, -2, -2, 1, 1, 1, -2, -1, -2, -2, -1, -1, -2, -1, 2, -1, -1, 2, 1, 1, 1, 1, 2]"
843,dfs_bnb_mpi,2245.81,-9,10,672303230,"[-1, -1, 2, -1, 2, -1, 2, -1, -1, 2, 1, 1, 2, 2, 2, 1, -2, -2, 1, 1, -2, -1, -1, -2, 1, -2, 1, -2, 1]"
844,dfs_bnb_mpi,2685.03,-10,11,791182952,"[-1, -1, 2, -1, -2, -1, -2, -1, 2, 2, -1, -2, -2, -2, 1, 1, 1, 2, 1, 1, 1, -2, -1, -1, -2, -1, -1, -2, 1]"
845,dfs_bnb_mpi,2810.34,-10,11,785722580,"[-1, -1, 2, -1, 2, 2, -1, -2, -2, -1, -2, 1, -2, -2, -1, -1, -2, 1, 1, -2, 1, 2, 2, 1, 1, 2, -1, -1, 2]"
846,dfs_bnb_mpi,337.702,-9,10,102361754,"[-1, -1, 2, 2, -1, -1, -1, -2, 1, 1, -2, -2, 1, -2, -1, -2, -2, -1, 2, 2, 2, 2, -1, -2, -1, -1, -2, 1, 1]"
847,dfs_bnb_mpi,11.6395,-9,10,2843647,"[-1, -1, 2, 2, -1, -2, -2, -1, 2, -1, -2, -1, -2, 1, 1, 1, 1, -2, 1, -2, -1, -1, 2, -1, -1, -1, -1, 2, 2]"
848,dfs_bnb_mpi,103.106,-10,11,31091798,"[-1, -1, 2, 1, 1, 2, 2, 1, 2, 1, 2, 1, 1, -2, -1, -2, 1, 1, -2, -1, -1, -2, -1, -2, -1, 2, 2, 1, 2]"
849,dfs_bnb_mpi,3692.16,-9,10,885772547,"[-1, -1, 2, 2, 2, 2, 1, 1, 2, -1, -1, 2, -1, -2, -1, -1, -1, -2, -2, -2, 1, 1, 1, 2, 2, -1, -2, -1, 2]"
850,dfs_bnb_mpi,164.363,-9,9,37259143,"[-1, -1, -1, 2, 2, -1, -1, 2, 1, 1, 2, 1, 2, 2, 1, -2, -2, -2, -1, -2, -2, 1, 2, 1, 2, 1, 2, -1, 2]"
851,dfs_bnb_mpi,7.36306,-8,9,1774956,"[-1, -1, 2, 2, 2, 2, 2, 1, -2, 1, 1, -2, -1, -1, -2, 1, 1, 1, 2, 2, 2, 2, -1, -2, -1, 2, 2, 2, 2]"
852,dfs_bnb_mpi,2.97616,-10,11,876680,"[-1, -1, 2, 1, 1, 2, 1, -2, 1, -2, -1, -2, 1, -2, -1, -1, 2, -1, -2, -1, -2, 1, -2, 1, 2, 1, 1, 1, 2]"
853,dfs_bnb_mpi,219.905,-8,9,60402850,"[-1, -1, 2, 2, 2, 2, 2, 2, 2, 1, 2, 1, 1, 2, -1, 2, -1, -2, -1, -2, -1, -2, -2, -2, -1, 2, 2, 2, 2]"
854,dfs_bnb_mpi,2690.79,-9,10,717715894,"[-1, -1, 2, 2, 2, 2, 1, 2, 2, 2, -1, -1, -1, -1, -2, -2, -2, 1, 2, 2, 1, 1, -2, -1, -2, -2, -2, -1, 2]"
855,dfs_bnb_mpi,12.538,-11,11,3329128,"[-1, -1, 2, 2, 1, 1, -2, 1, -2, 1, -2, -1, -2, -2, -1, 2, 2, -1, -1, -1, -2, 1, -2, -1, -2, 1, 1, 2, 2]"
856,dfs_bnb_mpi,32.593,-10,11,8742835,"[-1, -1, 2, 1, 1, 2, 2, 1, 1, 1, 1, -2, -1, -1, -2, -2, 1, 2, 1, -2, -2, -1, -1, -2, -1, 2, 2, 2, 2]"
857,dfs_bnb_mpi,2757.23,-10,10,835091692,"[-1, -1, 2, 2, 1, -2, 1, 1, 1, -2, -1, -2, 1, 1, 2, 1, 1, 2, 2, -1, -2, -1, 2, -1, 2, -1, -1, -2, 1]"
858,dfs_bnb_mpi,3079.58,-6,7,924385641,"[-1, -1, 2, 2, 1, -2, 1, 2, 1, 1, -2, -1, -2, -2, -1, -1, -1, -1, -2, 1, 1, 1, 1, 1, 2, 2, 1, 2, 2]"
859,dfs_bnb_mpi,1065.67,-9,10,317407894,"[-1, -1, 2, -1, 2, 2, 2, -1, -2, -2, -1, -1, 2, -1, -2, -1, -2, 1, 1, -2, -2, 1, 2, 2, 1, -2, 1, -2, 1]"
860,dfs_bnb_mpi,137.442,-8,9,37984830,"[-1, -1, 2, 2, 2, 2, 2, 1, -2, -2, 1, -2, -1, -2, 1, 1, 2, 1, -2, -2, 1, 2, 2, 2, -1, -1, 2, -1, 2]"
861,dfs_bnb_mpi,3530.49,-9,10,936822911,"[-1, -1, 2, 1, 2, -1, -1, 2, 1, 2, -1, -1, 2, -1, -2, -1, -2, 1, 1, -2, -1, -2, -2, 1, 2, 1, -2, -2, 1]"
862,dfs_bnb_mpi,2929.26,-9,10,828479371,"[-1, -1, 2, 2, -1, 2, -1, 2, 2, -1, -2, -2, -1, -1, -2, 1, -2, 1, -2, -1, -2, 1, 1, 2, 1, 2, -1, 2, -1]"
863,dfs_bnb_mpi,9.96836,-10,11,2568495,"[-1, -2, -1, 2, -1, 2, -1, 2, 1, 1, -2, 1, 1, 2, -1, 2, 1, 2, 1, 2, -1, 2, -1, -2, -2, -1, -2, -1, 2]"
864,dfs_bnb_mpi,5037.54,-8,9,1459763054,"[-1, -1, 2, 2, 2, 2, 1, -2, -2, 1, 2, 2, 2, -1, 2, -1, -2, -1, -1, -1, -2, -2, -2, 1, 1, 2, -1, 2, 1]"
865,dfs_bnb_mpi,10452.1,-6,7,2874449232,"[-1, -1, 2, 2, 2, 2, 2, 2, 1, -2, -2, 1, 2, 1, 2, -1, 2, 1, 2, 2, -1, -2, -1, -2, -1, -1, -2, -2, -1]"
866,dfs_bnb_mpi,13.6823,-9,10,3317627,"[-1, -1, 2, 2, 2, 2, 2, 2, 2, 1, -2, 1, 1, -2, -1, -1, -2, 1, 1, -2, 1, 2, 2, 1, 1, 2, -1, -1, 2]"
867,dfs_bnb_mpi,21.1504,-8,9,6101723,"[-1, -1, 2, 2, 2, 2, 1, -2, -2, -2, 1, 2, 2, 2, 1, 1, -2, -1, -2, 1, -2, -1, -2, 1, 1, 2, 2, 2, 2]"
868,dfs_bnb_mpi,3151.15,-8,9,856942304,"[-1, -1, 2, 2, 2, 2, 1, 2, 1, 2, 2, -1, -2, -1, -2, -1, 2, 2, -1, -2, -2, -1, -2, -2, 1, 2, 1, -2, -2]"
869,dfs_bnb_mpi,2675.16,-9,10,706640860,"[-1, -1, 2, 2, -1, -1, 2, 1, 1, 2, -1, -1, 2, -1, -2, -2, -1, -2, 1, -2, -2, 1, 2, 1, -2, -2, 1, 1, 1]"
870,dfs_bnb_mpi,562.016,-9,10,156920273,"[-1, -1, 2, 2, 2, 1, -2, 1, -2, 1, 2, 1, 1, 2, -1, 2, 1, 2, -1, -1, -2, -2, -1, 2, 2, 2, -1, -2, -2]"
871,dfs_bnb_mpi,148.029,-9,10,39829781,"[-1, -1, 2, 2, -1, -2, -2, -2, 1, 1, 1, -2, 1, 2, 1, 2, -1, 2, -1, -1, 2, 1, 2, 1, -2, 1, 2, 2, 2]"
872,dfs_bnb_mpi,186.618,-9,10,56003118,"[-1, -1, 2, 2, 2, 2, 1, -2, 1, 2, 2, 1, -2, 1, 1, 1, 2, -1, -1, 2, -1, 2, -1, -2, -1, -2, -1, 2, 2]"
873,dfs_bnb_mpi,18526.3,-7,8,5568352752,"[-1, -1, 2, 2, 2, 1, -2, -2, 1, 2, 2, 2, -1, -1, 2, -1, -1, -2, -1, 2, -1, -2, -2, 1, 1, -2, 1, 2, 2]"
874,dfs_bnb_mpi,1206.34,-8,9,323245998,"[-1, -1, 2, 2, 1, 2, 2, 2, -1, 2, 1, 2, -1, 2, -1, -2, -2, -2, -1, -2, 1, 1, -2, -1, -1, -1, -2, 1, 1]"
875,dfs_bnb_mpi,402.252,-9,10,113523758,"[-1, -1, 2, 2, 2, 2, -1, -1, -1, -2, -2, 1, -2, -1, -2, 1, -2, -1, -2, 1, 1, 1, 2, -1, 2, 2, 2, 2, -1]"
876,dfs_bnb_mpi,12.7219,-10,11,3744208,"[-1, -1, 2, 2, 1, -2, 1, 2, 2, 2, 1, -2, -2, -2, 1, -2, -1, -2, -1, -2, -2, -1, -1, 2, 1, 2, -1, -1, 2]"
877,dfs_bnb_mpi,176.226,-10,10,53445689,"[-1, -2, 1, 1, 2, 2, 1, -2, -2, -2, -2, -1, 2, -1, -1, -2, -1, -1, -2, 1, 1, -2, 1, 1, 1, 2, -1, -1, 2]"
878,dfs_bnb_mpi,171.952,-9,10,51800199,"[-1, -1, 2, 1, 1, 2, 1, 2, 1, -2, -2, -1, -2, 1, -2, -2, 1, 1, -2, -1, -1, -1, -1, 2, 1, 2, -1, -1, -1]"
879,dfs_bnb_mpi,6.59279,-10,11,1975348,"[-1, -1, 2, 2, -1, 2, -1, 2, 2, 1, -2, 1, -2, 1, 1, 1, -2, -1, -1, -2, 1, 1, 1, 2, 2, 2, -1, -1, -1]"
880,dfs_bnb_mpi,10139.6,-8,9,3020590672,"[-1, -1, 2, 2, -1, 2, -1, -2, -2, 1, -2, -1, -1, -1, -2, 1, 1, 1, 1, 1, 1, 1, 2, 2, 2, -1, -2, -1, 2]"
881,dfs_bnb_mpi,51.2463,-9,10,15172243,"[-1, -1, 2, 1, 2, 1, -2, 1, 2, 2, 2, 2, 1, -2, -2, -2, -2, 1, -2, 1, -2, -1, -2, -1, -1, 2, 2, 1, -2]"
882,dfs_bnb_mpi,3.07796,-10,11,790925,"[-1, -1, -1, 2, 1, 2, 2, 2, -1, 2, -1, -2, -2, 1, -2, -1, -2, -1, -2, 1, -2, -1, -2, 1, 1, 2, 1, 1, 1]"
883,dfs_bnb_mpi,40.3301,-9,10,11800055,"[-1, -1, 2, 2, 1, 1, -2, 1, 2, 2, -1, 2, -1, -2, -1, 2, -1, -2, -1, 2, -1, -2, -2, 1, 1, -2, -1, -1, -1]"
884,dfs_bnb_mpi,16736,-8,9,4905891511,"[-1, -1, 2, 2, 2, 1, 2, 1, 2, 2, 2, 2, 2, -1, -2, -2, -2, -2, -1, -2, -1, -2, -2, -2, -1, -2, 1, -2, 1]"
885,dfs_bnb_mpi,7.33485,-10,11,2192332,"[-1, -1, -1, -1, 2, 1, 1, 1, 2, -1, 2, -1, -2, -1, 2, -1, -2, -2, -2, -2, 1, 1, 1, 1, 1, -2, -1, -1, -1]"
886,dfs_bnb_mpi,4.93561,-9,10,1224779,"[-1, -1, 2, -1, -2, -1, -1, -2, -2, -2, 1, 2, 2, 1, 1, 1, 1, -2, -1, -2, -1, 2, -1, -2, -2, 1, 1, 1, 2]"
887,dfs_bnb_mpi,3.62505,-9,10,1063228,"[-1, -1, 2, 2, 2, -1, -2, -1, -2, 1, -2, -2, 1, 1, -2, -1, -2, -2, -1, 2, 2, -1, -1, 2, 1, 2, -1, 2, 2]"
888,dfs_bnb_mpi,50.0535,-8,9,12213448,"[-1, -1, 2, 2, 2, 2, 2, 2, -1, -2, -1, -2, 1, -2, -1, -2, 1, -2, -2, -1, 2, -1, -1, 2, 1, 2, 2, 2, 2]"
889,dfs_bnb_mpi,1628.39,-8,9,456527266,"[-1, -1, 2, 2, 1, 2, 1, 1, -2, -2, -2, -2, -1, -1, -2, -1, 2, -1, 2, 2, 2, -1, 2, 2, 2, 1, -2, -2, 1]"
890,dfs_bnb_mpi,5400.99,-9,10,1472852254,"[-1, -1, 2, 2, 2, -1, -1, 2, 2, -1, -2, -1, -2, 1, -2, -1, -2, -2, -2, 1, 1, 2, 1, 2, 2, -1, -2, -1, -2]"
891,dfs_bnb_mpi,711.02,-10,11,200378623,"[-1, -2, 1, 1, 2, 2, 2, 2, 2, 1, 1, -2, -2, 1, -2, 1, -2, 1, -2, -1, -1, 2, -1, 2, -1, -2, -2, 1, -2]"
892,dfs_bnb_mpi,22165.8,-8,8,5377575240,"[-1, -1, 2, 2, 2, 2, 2, 2, 1, 2, -1, -1, 2, -1, -2, -2, 1, -2, -2, -2, -1, 2, 2, -1, -1, 2, 2, 1, -2]"
893,dfs_bnb_mpi,51423,-7,8,14594804825,"[-1, -1, 2, 2, 2, 2, 2, 2, 1, -2, -2, -2, -2, -2, 1, 2, 1, -2, -2, -2, 1, -2, -2, -1, 2, -1, -1, 2, 1]"
894,dfs_bnb_mpi,470.791,-9,10,142722564,"[-1, -1, -1, 2, 1, 1, 1, 1, -2, -2, -1, -1, -2, 1, 1, 1, -2, -1, -1, -1, -1, 2, 2, -1, -1, -2, 1, -2, -1]"
895,dfs_bnb_mpi,2997.58,-10,11,762853637,"[-1, -2, 1, 1, 2, 1, -2, -2, -2, 1, 2, 2, 1, -2, -2, -2, -1, -1, -2, -1, 2, -1, -1, 2, 1, 1, 2, -1, -1]"
896,dfs_bnb_mpi,5.18551,-10,10,1352447,"[-1, -1, 2, -1, -1, -2, 1, -2, -1, -1, 2, 2, -1, 2, 1, 1, 1, 1, 2, 2, -1, -2, -1, 2, -1, -2, -1, 2, 2]"
897,dfs_bnb_mpi,5923.22,-8,9,1513112612,"[-1, -1, 2, 2, 2, 2, 2, 2, 2, 2, 2, 1, 1, -2, -1, -2, -2, 1, 2, 1, 2, 2, 2, 1, 2, 1, -2, -2, -1]"
898,dfs_bnb_mpi,58.2717,-11,12,17736861,"[-1, -2, -1, 2, -1, -1, 2, 1, 2, 1, 1, 2, -1, -1, -1, 2, 1, 1, 2, 1, -2, 1, 1, -2, -1, -2, -2, -1, -1]"
899,dfs_bnb_mpi,579.464,-9,10,165712637,"[-1, -1, 2, -1, -1, 2, -1, 2, 1, 2, 1, -2, -2, 1, 2, 1, 1, -2, -2, 1, -2, -2, -1, -1, -2, -1, 2, -1, 2]"
900,dfs_bnb_mpi,29033.9,-9,10,8061350582,"[-1, -1, 2, -1, -1, -2, -1, -2, 1, -2, -1, -2, -1, 2, 2, -1, -2, -2, -2, 1, 1, 1, 2, 1, 2, 1, 2, -1, 2]"
901,dfs_bnb_mpi,58.5915,-8,9,17742866,"[-1, -1, 2, 2, 2, 1, 2, 1, 2, 1, 1, -2, -1, -2, -1, -2, -1, -2, 1, 1, -2, -2, -1, -1, -1, -1, 2, 2, 2]"
902,dfs_bnb_mpi,60.9385,-9,10,14573640,"[-1, -1, 2, -1, 2, 2, -1, -2, -2, -1, -1, -2, 1, -2, -2, 1, 2, 2, 1, -2, -2, 1, 2, 1, 1, 1, 2, 2, 2]"
903,dfs_bnb_mpi,1927.55,-10,11,562801505,"[-1, -1, 2, 2, -1, -1, -2, 1, -2, -2, -1, 2, -1, 2, 2, -1, -1, -2, -1, -1, -2, -2, 1, 2, 1, -2, 1, 2, 2]"
904,dfs_bnb_mpi,10.7039,-10,11,2936192,"[-1, -1, 2, 1, 2, 1, -2, 1, 2, 2, 1, 1, 1, -2, -1, -1, -2, 1, -2, -1, -1, -2, -2, 1, 2, 1, 1, 2, 2]"
905,dfs_bnb_mpi,29.6305,-9,10,8528620,"[-1, -1, 2, 2, 1, -2, 1, 2, 1, 2, -1, -1, -1, 2, -1, 2, 1, 2, 1, 2, 1, -2, -2, -1, -2, 1, 1, 2, 2]"
906,dfs_bnb_mpi,15.8189,-10,11,4405495,"[-1, -2, 1, 1, 2, 1, -2, -2, -1, -2, -1, 2, -1, -2, -1, 2, 2, 2, -1, -2, -1, -2, 1, -2, -2, 1, 1, 1, 1]"
907,dfs_bnb_mpi,4534.73,-9,10,1172793682,"[-1, -1, 2, -1, -2, -1, -2, 1, 1, 1, 1, 1, -2, -1, -1, -1, -1, -1, -1, -2, 1, 1, 1, 1, 1, -2, -1, -1, -1]"
908,dfs_bnb_mpi,72.4782,-9,10,17695421,"[-1, -1, 2, 1, 2, 1, 1, -2, -2, -2, -1, -1, -1, -2, -2, -1, 2, 2, 2, -1, -1, 2, 1, 1, 2, 1, 2, 1, 2]"
909,dfs_bnb_mpi,1522.17,-11,12,442942950,"[-1, -1, 2, -1, -2, -2, 1, -2, -2, 1, 2, 2, 1, -2, 1, 2, 1, 2, 2, 2, -1, 2, -1, -2, -1, -2, 1, 1, -2]"
910,dfs_bnb_mpi,44292.7,-9,10,13221378316,"[-1, -1, 2, 1, 2, 2, 2, 2, 2, 1, -2, -2, -2, -2, 1, 2, 1, -2, -2, 1, 2, 1, -2, -2, -1, -1, -1, 2, -1]"
911,dfs_bnb_mpi,2482.38,-10,11,657208076,"[-1, -1, 2, 2, -1, -2, -2, -1, 2, -1, -2, -1, -1, -2, 1, -2, 1, 2, 1, 1, 1, 1, -2, -1, -2, -1, 2, -1, -2]"
912,dfs_bnb_mpi,60.6238,-8,9,16931719,"[-1, -1, 2, 2, 1, -2, 1, 1, -2, -2, -2, -1, -2, -1, 2, 2, -1, -2, -2, -2, 1, 1, 1, 2, 1, 2, 2, 2, 2]"
913,dfs_bnb_mpi,9.48697,-10,11,2912301,"[-1, -1, 2, -1, 2, 1, 1, -2, 1, 2, 1, -2, -2, 1, 1, 2, -1, 2, 2, 2, -1, -2, -1, 2, -1, -2, -1, 2, 2]"
914,dfs_bnb_mpi,6737.99,-9,10,2021777737,"[-1, -1, 2, 2, -1, -1, -1, -2, -1, -2, -1, -1, -2, 1, 1, -2, 1, 1, 1, 1, 2, -1, 2, 2, -1, -2, -1, -2, 1]"
915,dfs_bnb_mpi,237.405,-9,10,62686461,"[-1, -1, 2, 1, 1, 2, 1, -2, 1, 2, 1, -2, -2, -1, -1, -2, -2, -1, 2, -1, -1, -1, 2, -1, -2, -2, 1, 1, 1]"
916,dfs_bnb_mpi,1.39181,-9,10,317541,"[-1, -1, 2, 1, 2, -1, -1, -2, -2, -1, -1, -2, 1, 1, 1, -2, -1, -2, -1, 2, -1, -1, 2, 2, 2, 2, 2, 2, 2]"
917,dfs_bnb_mpi,61.8949,-10,10,18472636,"[-1, -1, 2, -1, -1, 2, 1, 1, 2, 1, -2, -2, 1, 2, 2, 1, -2, 1, 1, -2, -1, -1, -2, 1, -2, -1, -1, -1, -1]"
918,dfs_bnb_mpi,2342.82,-10,11,642409757,"[-1, -2, -1, -2, 1, 1, 1, -2, -1, -1, -1, -2, -2, -1, -1, 2, 1, 2, -1, -1, 2, 1, 1, 2, 2, 1, 2, 1, 2]"
919,dfs_bnb_mpi,54.8994,-9,10,15782405,"[-1, -1, 2, 2, 2, 1, 1, 1, -2, -1, -1, -2, 1, 1, -2, 1, -2, -1, -1, -1, -2, -1, -2, 1, 1, 2, 1, 1, 1]"
920,dfs_bnb_mpi,313.229,-10,11,94490685,"[-1, -2, 1, -2, 1, 2, 2, 2, -1, 2, -1, -2, -1, -2, -2, -2, 1, -2, 1, 1, 1, 2, 1, 2, -1, 2, 2, 2, 2]"
921,dfs_bnb_mpi,302.092,-9,10,87613376,"[-1, -1, 2, 2, -1, -2, -1, 2, -1, -2, -2, 1, -2, -1, -2, 1, 1, 1, -2, -2, 1, 2, 2, 1, 2, -1, -1, -1, 2]"
922,dfs_bnb_mpi,193.68,-8,9,58916265,"[-1, -1, 2, 2, -1, -2, -1, 2, -1, 2, -1, -2, -2, 1, -2, -2, -2, 1, 1, 1, -2, 1, 2, 2, -1, -1, 2, -1, -2]"
923,dfs_bnb_mpi,355.275,-10,11,106567980,"[-1, -1, 2, 1, 1, 2, 2, -1, -1, -1, -2, -2, -2, -2, 1, 1, -2, 1, 2, 1, 1, 2, 2, 2, 2, -1, -2, -2, -2]"
924,dfs_bnb_mpi,348.862,-10,11,94953240,"[-1, -1, 2, 1, 1, 2, 1, -2, 1, -2, 1, -2, 1, 2, 1, -2, -2, -1, -1, -2, 1, -2, -1, -1, 2, 2, 2, -1, 2]"
925,dfs_bnb_mpi,7203.17,-10,11,1998769333,"[-1, -1, 2, 2, 2, 1, 2, -1, 2, 2, -1, -1, -1, -2, -2, -2, -1, -2, 1, 1, -2, 1, 2, 2, -1, 2, 2, 1, -2]"
926,dfs_bnb_mpi,2.62213,-9,10,715558,"[-1, -2, -2, 1, -2, -1, -1, -2, -1, -2, -1, 2, 2, 1, 2, 1, 2, -1, 2, 1, 2, 2, 1, -2, 1, 2, 2, 2, 2]"
927,dfs_bnb_mpi,239.69,-8,9,58876795,"[-1, -1, 2, 2, -1, -1, 2, 2, 2, -1, -2, -2, -2, -2, -1, -2, 1, 1, 2, 1, -2, -2, 1, 1, -2, -1, -1, -1, 2]"
928,dfs_bnb_mpi,110.748,-10,11,32129617,"[-1, -1, 2, 2, 1, 2, -1, -1, 2, -1, -2, -1, -2, 1, 1, -2, -2, -1, -2, 1, 1, 1, -2, -1, -1, -1, -2, 1, 1]"
929,dfs_bnb_mpi,29.912,-9,10,8749219,"[-1, -1, 2, 2, 1, 2, -1, 2, -1, -1, -1, -2, 1, 1, -2, -1, -1, -1, -1, -2, 1, 1, 1, 1, -2, -1, -1, -1, -1]"
930,dfs_bnb_mpi,2537.94,-8,9,767994251,"[-1, -1, 2, 1, 2, 2, 2, 1, 2, -1, -1, -2, -2, -2, -1, -1, -2, 1, -2, -2, 1, 1, 1, 1, 2, 2, -1, 2, 2]"
931,dfs_bnb_mpi,2973.2,-9,10,703625306,"[-1, -1, 2, 2, 2, 2, 2, 2, 1, -2, -2, -2, -2, 1, 1, 1, 2, 2, 1, 2, -1, -1, -2, -2, -1, 2, 2, 2, 2]"
932,dfs_bnb_mpi,85.4413,-9,10,23582890,"[-1, -1, 2, 2, 2, 1, 2, 1, -2, 1, 1, -2, -1, -1, -1, -2, 1, 1, -2, 1, 1, -2, -1, -1, -2, -1, -1, 2, 1]"
933,dfs_bnb_mpi,502.029,-9,10,143989639,"[-1, -1, 2, -1, 2, 1, 2, 1, -2, -2, 1, 2, 1, 2, 2, 1, -2, -2, 1, -2, -1, -1, -2, 1, 1, -2, -1, -1, -1]"
934,dfs_bnb_mpi,4581.77,-9,9,1225651228,"[-1, -1, 2, 2, 2, 2, -1, -2, -2, -2, -2, -1, 2, 2, -1, -2, -1, -2, -2, -2, 1, 1, 1, 1, 2, -1, -1, -1, 2]"
935,dfs_bnb_mpi,24.9765,-9,10,6738469,"[-1, -1, 2, 2, 2, 2, -1, 2, -1, -2, -1, -1, -2, 1, -2, -2, 1, 2, 2, 1, -2, -2, -2, -1, -1, -1, 2, 2, -1]"
936,dfs_bnb_mpi,252.698,-10,11,66980906,"[-1, -2, -1, 2, 2, -1, -1, 2, 2, -1, 2, 1, 2, 1, -2, -2, -2, 1, 2, 2, 1, -2, 1, -2, -1, -2, 1, 1, 2]"
937,dfs_bnb_mpi,600.647,-10,11,155219961,"[-1, -1, 2, 1, 2, 1, 2, -1, 2, -1, -2, -2, -1, 2, 2, -1, -2, -2, -2, 1, -2, -1, -2, -1, 2, 2, 2, -1, -2]"
938,dfs_bnb_mpi,9285.82,-7,8,2810919218,"[-1, -1, 2, 2, 2, 2, 2, 2, 1, -2, 1, 2, 2, -1, -1, -1, -2, -2, -1, -2, -1, -1, -2, 1, 1, -2, 1, 2, 2]"
939,dfs_bnb_mpi,9.35213,-10,11,2678543,"[-1, -2, 1, -2, -2, -1, 2, -1, 2, -1, -1, 2, 1, 1, 2, -1, 2, 1, 2, 1, -2, -2, 1, 2, 2, 2, 2, 2, 2]"
940,dfs_bnb_mpi,1524.56,-9,10,362759971,"[-1, -1, 2, 2, 2, 2, -1, -2, -2, -2, -1, 2, -1, 2, -1, 2, 2, -1, -2, -2, -2, 1, -2, 1, -2, -2, 1, 2, 1]"
941,dfs_bnb_mpi,29.4035,-10,11,8503681,"[-1, -1, 2, 2, 2, 1, -2, -2, 1, 2, 2, 1, 2, -1, 2, -1, -2, -1, 2, 2, -1, -2, -2, -2, -1, -1, -2, 1, 1]"
942,dfs_bnb_mpi,69.3522,-10,11,20652167,"[-1, -1, 2, 2, 2, 1, 1, -2, -1, -2, 1, 1, 2, 2, 2, 1, -2, -2, 1, -2, -1, -2, -2, -2, -1, -1, 2, 1, 2]"
943,dfs_bnb_mpi,109.427,-9,10,31608862,"[-1, -1, 2, 2, 2, -1, -2, -2, -2, -2, 1, -2, -1, -2, -1, 2, -1, -1, 2, 1, 1, 2, 2, -1, 2, 1, 2, 2, 2]"
944,dfs_bnb_mpi,112.576,-8,9,33533998,"[-1, -1, 2, 2, 2, 2, 2, 1, -2, -2, -2, -2, 1, 2, 2, 2, 2, 1, 2, 2, 2, -1, -2, -2, -1, -1, 2, 1, 2]"
945,dfs_bnb_mpi,0.161201,-10,11,44382,"[-1, -2, -1, -1, 2, 1, 2, 1, 2, -1, -1, -2, -1, -1, -2, 1, -2, -2, 1, -2, 1, 2, 1, 1, 2, 1, 2, 2, 2]"
946,dfs_bnb_mpi,290.41,-11,12,73582369,"[-1, -1, 2, 1, 2, -1, 2, 2, -1, -1, -1, -2, 1, 1, -2, -2, -2, -1, 2, 2, -1, -2, -1, 2, -1, 2, 2, 1, -2]"
947,dfs_bnb_mpi,583.814,-10,11,144921002,"[-1, -1, -1, 2, 2, 2, -1, -1, -1, 2, 2, 1, -2, 1, 2, 1, -2, 1, -2, -2, -2, 1, 1, 2, 1, 2, -1, -1, -2]"
948,dfs_bnb_mpi,18288.3,-9,10,4934459264,"[-1, -1, 2, 2, 2, -1, -1, -2, 1, -2, -1, -1, -2, 1, -2, -1, -1, -2, 1, 1, 1, -2, 1, 1, 2, -1, 2, -1, 2]"
949,dfs_bnb_mpi,3611.58,-9,9,973909883,"[-1, -2, 1, 1, 1, -2, -2, -2, -1, -1, -2, 1, 1, -2, -1, -1, -1, 2, 2, 2, 1, 1, 2, -1, -1, -1, -2, -2, -1]"
950,dfs_bnb_mpi,1094.73,-10,11,320295389,"[-1, -1, 2, 1, 2, -1, -1, -2, -2, -1, 2, 2, -1, 2, 1, 2, 2, 2, 2, 1, -2, -2, 1, -2, -1, -2, 1, 1, 2]"
951,dfs_bnb_mpi,10.7728,-10,11,3291349,"[-1, -1, 2, 1, 1, 1, -2, -2, -1, -1, -2, 1, 1, -2, 1, -2, 1, 1, 2, -1, 2, -1, 2, 1, 1, 2, -1, -1, 2]"
952,dfs_bnb_mpi,907.188,-9,10,274013538,"[-1, -1, 2, 2, 2, -1, -1, -2, -2, -1, -2, 1, 1, -2, -1, -1, -1, -2, 1, 1, -2, 1, 1, 1, 2, 2, -1, -2, -1]"
953,dfs_bnb_mpi,2.95307,-10,11,743634,"[-1, -2, 1, -2, -1, -2, -1, 2, 2, -1, -1, 2, 1, 1, 2, 1, 1, 2, -1, 2, -1, -2, -1, -2, -1, 2, 2, 2, 2]"
954,dfs_bnb_mpi,19.0963,-8,9,5600006,"[-1, -1, 2, -1, -1, 2, 1, 1, 2, 1, -2, -2, 1, 2, 2, 1, -2, -2, 1, 1, -2, -1, -1, -2, -1, -1, -1, -1, 2]"
955,dfs_bnb_mpi,134.241,-11,12,40345114,"[-1, -2, -1, 2, -1, 2, 1, 1, 1, 2, -1, 2, 2, -1, -1, 2, -1, -2, -2, 1, 1, -2, -1, -1, -2, -1, -2, 1, -2]"
956,dfs_bnb_mpi,1098.92,-9,10,304539388,"[-1, -1, 2, 2, 2, 2, 1, -2, 1, 2, 2, 2, 1, 2, -1, -1, 2, 1, 1, 2, -1, -1, -1, -2, -2, -2, 1, -2, -1]"
957,dfs_bnb_mpi,0.788296,-9,10,230018,"[-1, -1, 2, 1, 2, 1, -2, 1, 2, 2, 1, -2, -2, 1, 2, 2, 1, 2, 1, -2, 1, -2, -1, -1, -2, 1, 1, 1, 2]"
958,dfs_bnb_mpi,549.456,-10,10,137947041,"[-1, -1, 2, -1, 2, -1, -1, 2, 1, 1, 2, 2, 2, 1, -2, -2, 1, -2, -1, -2, 1, -2, 1, 2, 1, -2, 1, -2, -1]"
959,dfs_bnb_mpi,4571.94,-8,9,1159462431,"[-1, -1, 2, 2, -1, 2, -1, 2, -1, 2, 2, 2, -1, -2, -2, -2, -1, -1, -2, 1, 1, 1, -2, 1, -2, 1, -2, -1, -1]"
960,dfs_bnb_mpi,3245.68,-12,13,930901734,"[-1, -2, -1, -2, 1, -2, -1, -2, 1, 1, 2, 2, 1, 1, 2, 2, 2, 1, 2, -1, 2, -1, -2, -1, -2, 1, -2, -2, -1]"
961,dfs_bnb_mpi,8.78026,-10,11,2530458,"[-1, -1, 2, 1, 2, 1, -2, 1, -2, -2, -2, 1, -2, -1, -1, -2, -1, 2, -1, 2, 1, 1, 2, -1, -1, -1, 2, 2, 2]"
962,dfs_bnb_mpi,8.15143,-10,11,2439813,"[-1, -2, -2, -1, 2, -1, -1, 2, 1, 1, 2, -1, 2, 1, 2, 1, -2, -2, 1, 1, 1, -2, -1, -2, -1, -2, 1, 1, 2]"
963,dfs_bnb_mpi,9.33086,-9,9,2226265,"[-1, -1, 2, 1, 2, -1, -1, -2, -2, -1, 2, -1, 2, -1, -2, -2, 1, -2, 1, 1, -2, -1, -2, 1, 1, 2, 2, 1, 1]"
964,dfs_bnb_mpi,2776.72,-6,7,764848293,"[-1, -1, 2, 2, 2, 2, 2, 2, 1, 2, -1, 2, 1, 2, 2, 2, 2, -1, -2, -2, -2, -1, -2, -1, -2, 1, -2, -1, -1]"
965,dfs_bnb_mpi,200.875,-9,10,50291481,"[-1, -1, 2, 2, 2, 2, 1, 1, 2, -1, -1, 2, 1, 2, -1, -1, -2, -2, -2, -2, -2, -1, 2, 2, -1, 2, 1, 2, 2]"
966,dfs_bnb_mpi,889.232,-9,10,266863303,"[-1, -1, 2, 2, 2, 2, 1, -2, -2, -2, 1, 2, 2, 1, -2, -2, 1, 1, -2, -1, -1, -2, 1, -2, -1, -1, 2, -1, -1]"
967,dfs_bnb_mpi,21.9003,-10,11,6587800,"[-1, -1, 2, 2, 2, -1, -2, -2, -1, -2, 1, -2, -1, -2, -2, 1, 1, -2, 1, 2, 1, 1, 2, -1, -1, 2, -1, -2, -1]"
968,dfs_bnb_mpi,5.19258,-10,10,1592662,"[-1, -2, 1, 1, 2, 2, -1, 2, -1, -2, -1, 2, -1, -2, -2, 1, -2, -1, -1, -1, -2, 1, 1, 1, -2, 1, 1, 2, -1]"
969,dfs_bnb_mpi,114.442,-11,12,34385178,"[-1, -2, 1, -2, 1, -2, 1, 1, 2, -1, 2, -1, 2, 1, 1, 1, 2, -1, -1, -1, -1, 2, -1, 2, 1, 1, -2, 1, 2]"
970,dfs_bnb_mpi,537.696,-9,9,158173484,"[-1, -1, 2, 2, 1, -2, 1, 1, 2, -1, 2, 2, 2, 2, -1, -2, -2, -2, -1, 2, 2, 2, -1, -2, -2, -2, -1, -2, 1]"
971,dfs_bnb_mpi,22150,-9,10,5161700532,"[-1, -1, 2, 2, 2, 2, 1, -2, -2, -2, 1, 2, 2, 1, -2, 1, 1, -2, 1, -2, -2, -1, 2, -1, 2, -1, -2, -2, 1]"
972,dfs_bnb_mpi,69.1842,-10,11,15262336,"[-1, -1, 2, 1, 1, 1, 2, 2, 2, 2, 1, -2, -2, -2, -2, -2, -1, -2, 1, -2, -1, -2, -1, 2, -1, -1, 2, 1, 1]"
973,dfs_bnb_mpi,2455.66,-10,11,727627693,"[-1, -1, 2, 1, 2, 2, 1, -2, -2, 1, 2, 1, -2, 1, 1, -2, -1, -2, -2, -1, 2, 2, -1, -2, -2, -1, -1, 2, 1]"
974,dfs_bnb_mpi,63034.4,-6,7,19119175387,"[-1, -1, 2, 2, 2, 2, 2, 2, 2, -1, -2, -1, -2, 1, -2, -2, -2, -2, -2, -1, -2, -1, -1, -2, 1, 1, 1, 2, 1]"
975,dfs_bnb_mpi,33.4691,-9,10,9652617,"[-1, -1, 2, 2, 2, -1, -2, -2, -1, -2, 1, -2, 1, 1, 1, -2, -1, -2, -1, 2, -1, -1, -1, -2, 1, 1, -2, 1, 1]"
976,dfs_bnb_mpi,0.253836,-9,10,70660,"[-1, -2, 1, 1, 2, 2, 2, 1, 1, -2, -1, -2, -2, 1, 2, 1, 2, 2, 2, -1, -1, -1, -1, -2, -2, -1, 2, 2, 2]"
977,dfs_bnb_mpi,529.158,-11,12,154275366,"[-1, -1, 2, 2, 1, -2, 1, 2, 1, -2, 1, 1, 2, 1, 2, 1, -2, 1, -2, -1, -1, -2, -1, -2, -1, 2, -1, -2, -1]"
978,dfs_bnb_mpi,2047.85,-8,9,583127922,"[-1, -1, 2, 2, 2, 2, 1, -2, -2, -2, 1, 2, 2, 1, -2, -2, 1, -2, -1, -2, -1, -2, -1, 2, -1, -1, 2, 2, 2]"
979,dfs_bnb_mpi,148.928,-11,12,43102385,"[-1, -1, 2, 2, 1, -2, 1, 1, -2, -2, -1, -1, -2, -1, 2, -1, -2, -1, -1, -1, 2, 2, 1, -2, 1, 2, 2, 1, -2]"
980,dfs_bnb_mpi,21.8043,-9,10,6469990,"[-1, -1, 2, 1, 1, 2, 1, -2, -2, -2, -1, -1, -2, -1, 2, -1, 2, -1, -2, -2, 1, -2, 1, 1, -2, 1, 2, 2, 1]"
981,dfs_bnb_mpi,1747.71,-10,11,509878242,"[-1, -1, 2, 2, 1, 1, 2, -1, -1, 2, -1, -2, -1, -2, 1, -2, -2, -1, -2, 1, -2, -2, 1, 2, 1, 1, 2, -1, -1]"
982,dfs_bnb_mpi,18707.8,-11,12,5095219475,"[-1, -2, -2, -1, 2, 2, 2, 2, 1, -2, 1, 2, 1, -2, 1, 1, -2, -2, -2, -1, -1, -2, -1, 2, 2, 1, 2, 1, -2]"
983,dfs_bnb_mpi,182.836,-9,10,45672248,"[-1, -1, 2, 2, 2, 2, -1, -2, -2, -1, -2, 1, -2, -1, -2, 1, 1, 1, 1, 1, 2, 1, 2, -1, -1, -1, 2, 2, 2]"
984,dfs_bnb_mpi,17.1908,-9,10,4796086,"[-1, -1, 2, -1, -2, -1, -2, 1, -2, 1, 2, 1, 1, -2, -1, -2, 1, 1, 1, -2, -1, -1, -1, -2, 1, 1, 1, 1, 2]"
985,dfs_bnb_mpi,1362.71,-9,10,411701674,"[-1, -1, 2, 2, 2, 1, 2, 2, -1, 2, 1, 2, 1, -2, -2, 1, 1, -2, -1, -1, -2, 1, -2, -1, -1, -2, 1, 1, 1]"
986,dfs_bnb_mpi,63.2702,-10,11,19030631,"[-1, -1, 2, 1, 2, 1, -2, 1, -2, -2, -1, -2, -1, 2, -1, -1, 2, 2, 2, 1, 2, 1, 2, 1, 2, 1, -2, -2, -1]"
987,dfs_bnb_mpi,415.186,-9,10,97131310,"[-1, -1, 2, 2, 2, 2, -1, -2, -2, -2, -1, 2, 2, -1, -2, -2, -1, -2, 1, 1, 1, -2, 1, -2, -1, -1, 2, -1, -1]"
988,dfs_bnb_mpi,83143.1,-6,7,23829971959,"[-1, -1, 2, 2, 2, 2, 2, 2, 1, 2, -1, -1, 2, -1, -2, -1, -2, 1, 1, -2, -1, -2, 1, -2, -2, -2, -2, -2, 1]"
989,dfs_bnb_mpi,111.183,-10,11,31624402,"[-1, -1, 2, 2, 2, -1, -2, -2, -2, -1, 2, 2, -1, 2, 1, 2, -1, 2, -1, 2, 1, 2, 1, -2, -2, 1, 1, -2, -1]"
990,dfs_bnb_mpi,3.38429,-9,10,956399,"[-1, -2, -1, 2, 2, 1, 2, 1, -2, 1, 2, 2, 1, -2, -2, 1, -2, -1, -1, -2, -1, -2, 1, 1, 2, 1, 1, 2, 2]"
991,dfs_bnb_mpi,12.4371,-9,10,3077437,"[-1, -1, 2, 2, 1, 2, 2, -1, -2, -1, -2, -1, -2, 1, -2, -1, -2, 1, -2, -2, 1, 2, 2, 1, 1, -2, -1, -2, 1]"
992,dfs_bnb_mpi,9.40195,-9,9,2203874,"[-1, -1, 2, 2, 2, 2, -1, 2, 1, 2, 1, -2, 1, -2, -1, -2, -2, -2, 1, 2, 2, 1, 2, 2, 2, 2, 2, 2, 2]"
993,dfs_bnb_mpi,83.1336,-10,10,21645584,"[-1, -1, 2, 1, 2, 2, 1, -2, -2, 1, 2, 1, -2, -2, -1, -2, -2, -1, 2, -1, -2, -1, -2, 1, -2, 1, 2, 1, 1]"
994,dfs_bnb_mpi,2249.01,-11,12,629476902,"[-1, -2, -1, -2, 1, -2, 1, 2, 1, 1, 2, 2, 2, 1, 2, 2, -1, -2, -1, 2, -1, -1, -2, 1, -2, 1, -2, -2, -1]"
995,dfs_bnb_mpi,956.451,-10,11,284089143,"[-1, -1, 2, 2, 1, 2, -1, 2, 1, 2, -1, 2, -1, -2, -1, 2, -1, -2, -1, -1, -2, 1, 1, 1, 1, -2, -1, -2, 1]"
996,dfs_bnb_mpi,1056.8,-8,9,288906714,"[-1, -1, 2, 2, 2, 2, 1, -2, -2, -2, 1, 2, 2, 2, 1, -2, 1, 2, 1, -2, -2, -1, -1, -2, 1, 1, 1, 2, 2]"
997,dfs_bnb_mpi,43.0687,-10,11,12878903,"[-1, -1, 2, 2, 2, 1, -2, -2, 1, 2, 1, 2, -1, 2, 2, 2, -1, -2, -2, -1, -1, -2, -2, -1, -1, -2, 1, 1, -2]"
998,dfs_bnb_mpi,3529.09,-10,11,1040191571,"[-1, -1, 2, 2, 2, -1, -1, 2, 2, 2, -1, 2, -1, -2, -2, 1, -2, -2, -1, -2, -2, 1, -2, 1, 2, 1, 2, -1, -1]"
999,dfs_bnb_mpi,1466.14,-9,10,384687414,"[-1, -2, -1, 2, 2, 1, 2, -1, -1, -2, -2, -1, 2, -1, 2, 2, -1, -2, -1, -2, 1, -2, 1, -2, -2, 1, 2, 1, -2]"
