protein_id,algorithm,time,score,checked,placed,hash
0,dfs_bnb_mpi,0.901348,-4,4,285566,"[-1, -1, 2, 2, 2, 2, -1, -2, -1, 2, -1, -2, -2, 1, -2, -2, 1, 2, 2]"
1,dfs_bnb_mpi,1.95061,-4,5,506029,"[-1, -2, 1, 1, 2, 2, 2, 2, 1, -2, -2, -2, -2, -2, -1, -2, -1, 2, -1]"
2,dfs_bnb_mpi,0.05461,-2,3,16706,"[-1, -1, 2, 2, 2, 2, 2, 2, 1, 2, 2, -1, -2, -1, -1, -2, 1, -2, -1]"
3,dfs_bnb_mpi,0.201842,-4,5,63658,"[-1, -1, 2, 1, 2, -1, 2, -1, 2, -1, -1, -2, -2, -2, 1, 1, 2, -1, 2]"
4,dfs_bnb_mpi,0.000325,-4,5,96,"[-1, -1, 2, 2, 2, 2, 1, 1, -2, -1, -2, -2, 1, 2, 1, 2, 2, 2, 2]"
5,dfs_bnb_mpi,5.64276,-5,6,1761855,"[-1, -1, 2, 2, -1, 2, 2, 2, -1, -2, -2, -2, -1, -2, -2, 1, 1, 2, -1]"
6,dfs_bnb_mpi,0.024274,-5,6,7750,"[-1, -1, 2, 2, 2, 1, 2, 1, 2, 1, -2, -2, -1, -2, 1, -2, -1, -1, 2]"
7,dfs_bnb_mpi,0.117072,-5,6,37383,"[-1, -1, 2, 1, 2, -1, -1, -2, -2, -1, 2, 2, -1, 2, 1, 2, 1, -2, 1]"
8,dfs_bnb_mpi,0.112676,-4,5,35036,"[-1, -1, 2, -1, -1, -2, 1, -2, -1, -1, 2, 2, 2, 2, 2, 1, -2, -2, 1]"
9,dfs_bnb_mpi,0.060587,-5,6,19372,"[-1, -2, 1, 1, -2, 1, 2, 1, 2, 2, -1, -2, -1, 2, 2, 2, 2, 2, 2]"
10,dfs_bnb_mpi,0.03129,-4,4,9886,"[-1, -1, 2, -1, 2, 1, 1, -2, 1, 1, -2, -2, -1, -1, -1, -1, 2, -1, 2]"
11,dfs_bnb_mpi,0.051361,-4,4,16465,"[-1, -1, 2, 2, 1, -2, 1, 1, 2, -1, 2, 2, 2, 2, -1, -2, -2, -2, -1]"
12,dfs_bnb_mpi,0.319338,-4,5,90919,"[-1, -1, 2, 2, 1, 2, -1, -1, 2, -1, -2, -1, -2, 1, 1, -2, -1, -1, -1]"
13,dfs_bnb_mpi,0.000565,-4,5,185,"[-1, -2, -1, -1, 2, 1, 2, 1, 2, 1, -2, 1, 2, 2, 2, 2, 2, 2, 2]"
14,dfs_bnb_mpi,0.764846,-4,5,243207,"[-1, -1, 2, 2, 2, 2, 2, 2, 1, -2, -2, -2, -2, -2, 1, 2, 1, -2, 1]"
15,dfs_bnb_mpi,7.02962,-3,4,1735606,"[-1, -1, 2, 2, -1, 2, 2, 2, 2, 2, -1, -2, -2, -2, -2, -2, -2, 1, -2]"
16,dfs_bnb_mpi,8.2885,-3,4,2228971,"[-1, -1, 2, 2, 2, 2, 2, 2, 2, 2, 2, 2, 1, 2, 1, -2, -2, -1, -2]"
17,dfs_bnb_mpi,0.002221,-2,3,540,"[-1, -1, 2, 2, 2, 2, 2, 2, 2, 2, 1, -2, 1, 1, -2, -1, -1, -2, 1]"
18,dfs_bnb_mpi,0.793064,-3,4,243802,"[-1, -1, 2, 2, 2, 2, 2, 2, 1, -2, 1, 2, 2, -1, -1, 2, 2, 2, 2]"
19,dfs_bnb_mpi,0.239867,-3,4,74002,"[-1, -1, 2, 2, 2, 1, 2, -1, -1, 2, -1, -2, -1, -2, 1, 1, -2, -1, -1]"
20,dfs_bnb_mpi,3.23475,-4,5,1001523,"[-1, -1, 2, 2, 2, 1, 1, -2, -2, 1, 2, 1, -2, -2, 1, -2, -1, -1, 2]"
21,dfs_bnb_mpi,0.018451,-4,5,5935,"[-1, -1, 2, 2, -1, -2, -1, 2, -1, -2, -2, 1, 1, -2, -2, 1, 2, 1, 1]"
22,dfs_bnb_mpi,0.857653,-3,4,238310,"[-1, -1, 2, 2, 2, 2, 2, -1, -2, -2, -2, -1, -2, 1, -2, -1, -1, 2, 2]"
23,dfs_bnb_mpi,0.000752,-4,5,228,"[-1, -1, 2, 2, 2, 2, 1, -2, -2, -2, 1, 1, 1, 2, -1, -1, 2, 2, 2]"
24,dfs_bnb_mpi,0.025351,-4,5,7863,"[-1, -1, 2, 2, 1, -2, 1, 2, 2, 1, -2, -2, 1, 1, -2, -1, -1, -2, 1]"
25,dfs_bnb_mpi,8.0572,-5,6,2313540,"[-1, -1, 2, 2, 2, 1, 2, 2, 2, 1, -2, -2, -2, 1, -2, -1, -1, -2, 1]"
26,dfs_bnb_mpi,0.095788,-4,5,30501,"[-1, -1, 2, 2, -1, -2, -1, 2, -1, -2, -2, 1, 1, -2, -2, 1, 2, 1, 1]"
27,dfs_bnb_mpi,1.0937,-4,5,313144,"[-1, -1, 2, 1, 1, 2, -1, -1, 2, 2, -1, -2, -1, -1, -2, 1, 1, -2, -1]"
28,dfs_bnb_mpi,0.07652,-4,5,24595,"[-1, -2, 1, -2, -1, -1, 2, -1, -1, 2, 1, 1, 2, 2, 1, -2, 1, 2, 2]"
29,dfs_bnb_mpi,0.001849,-5,5,560,"[-1, -1, 2, 1, 1, 2, 2, 1, -2, -2, 1, -2, -1, -2, 1, 1, 2, 2, 2]"
30,dfs_bnb_mpi,0.54982,-4,5,146099,"[-1, -1, 2, 2, 2, 2, 1, 1, 1, 2, -1, -1, 2, -1, -2, -1, -1, -2, 1]"
31,dfs_bnb_mpi,0.404454,-4,5,123690,"[-1, -1, 2, 2, 2, 2, 1, 2, 2, 1, -2, -2, 1, -2, -1, -1, -2, 1, 1]"
32,dfs_bnb_mpi,0.043701,-2,3,13956,"[-1, -1, 2, 2, 2, 2, 2, -1, -2, -2, -2, -2, -2, -2, 1, 1, 1, 1, 2]"
33,dfs_bnb_mpi,0.132318,-4,5,42006,"[-1, -1, 2, -1, 2, 1, 1, -2, 1, 2, 2, 2, 2, -1, -1, -2, -2, 1, 2]"
34,dfs_bnb_mpi,0.011817,-4,5,3711,"[-1, -1, 2, 1, 1, 2, 1, 2, -1, 2, 2, -1, -2, -2, -2, -1, 2, 2, 2]"
35,dfs_bnb_mpi,0.084886,-4,5,26815,"[-1, -1, 2, 2, 2, 1, 2, -1, 2, 2, -1, -2, -2, -1, -1, -2, 1, 1, -2]"
36,dfs_bnb_mpi,0.633884,-2,3,188725,"[-1, -1, 2, 2, 2, 2, 2, 2, 2, 2, 2, 2, 1, 2, 2, -1, -2, -1, -2]"
37,dfs_bnb_mpi,0.160769,-2,3,46827,"[-1, -1, 2, 2, 2, 1, 2, 2, 2, 2, -1, -2, -2, -2, -1, -2, -1, 2, 2]"
38,dfs_bnb_mpi,0.052983,-4,5,16556,"[-1, -1, 2, -1, 2, 1, 2, 2, 1, 1, -2, -2, -1, -2, 1, 1, 2, 2, 2]"
39,dfs_bnb_mpi,0.166325,-3,4,45559,"[-1, -1, 2, 2, 2, 2, 1, 1, -2, -2, -1, -2, 1, 1, 2, 2, 2, 2, 2]"
40,dfs_bnb_mpi,0.002803,-3,4,705,"[-1, -1, 2, 2, -1, 2, -1, -2, -2, 1, -2, -1, -1, 2, 2, 2, 2, 2, 2]"
41,dfs_bnb_mpi,0.004205,-5,6,1290,"[-1, -2, 1, -2, -1, -1, 2, -1, 2, 1, 2, 1, 2, 2, 2, 2, 2, 2, 2]"
42,dfs_bnb_mpi,0.438692,-2,3,133556,"[-1, -1, 2, 2, 2, 2, 2, 2, -1, -2, -2, -2, -2, -2, -2, -2, 1, 1, 1]"
43,dfs_bnb_mpi,0.0201,-4,5,5980,"[-1, -1, 2, 2, 1, -2, 1, 2, 1, -2, 1, 1, -2, -1, -1, -2, 1, 1, 1]"
44,dfs_bnb_mpi,0.466878,-4,5,149691,"[-1, -1, 2, 2, 2, -1, -2, -2, -2, -1, -2, -1, -1, -2, 1, 1, 1, 2, 1]"
45,dfs_bnb_mpi,0.089641,-5,6,27446,"[-1, -1, 2, 2, 2, 2, 1, 1, 1, -2, 1, -2, -1, -1, -2, -1, 2, 2, 1]"
46,dfs_bnb_mpi,0.090476,-4,5,25541,"[-1, -2, 1, 1, 2, 2, -1, -1, -1, 2, -1, -2, -1, -2, 1, 1, -2, -1, -1]"
47,dfs_bnb_mpi,0.76148,-4,5,242578,"[-1, -1, 2, 2, 2, 2, 2, 2, 1, -2, -2, -2, -2, -2, 1, 1, -2, 1, 2]"
48,dfs_bnb_mpi,0.134223,-4,5,38269,"[-1, -1, 2, -1, 2, 2, 2, -1, -2, -2, -2, -2, 1, -2, -1, -1, 2, 2, 2]"
49,dfs_bnb_mpi,0.04377,-5,6,13190,"[-1, -2, 1, 1, 2, 1, 2, -1, -1, -1, 2, -1, -2, -1, -2, 1, -2, -1, -1]"
50,dfs_bnb_mpi,19.7879,-4,5,4936020,"[-1, -1, 2, 2, 1, 2, -1, 2, 2, 2, 2, -1, -2, -2, -2, -2, -1, -2, 1]"
51,dfs_bnb_mpi,0.443956,-4,5,134981,"[-1, -1, 2, 2, 1, 2, 1, 2, -1, 2, 2, -1, -2, -2, -2, -1, -2, -1, 2]"
52,dfs_bnb_mpi,2.28651,-3,4,704328,"[-1, -1, 2, 2, 2, 2, 2, 2, 2, 2, 2, 1, -2, -2, -2, -2, -2, 1, 2]"
53,dfs_bnb_mpi,2.26003,-3,4,643419,"[-1, -1, 2, 2, -1, -1, 2, 2, -1, -2, -2, -2, 1, 1, -2, -1, -1, -1, 2]"
54,dfs_bnb_mpi,2.97883,-5,6,895224,"[-1, -1, 2, -1, 2, 2, 2, -1, -2, -2, -2, -2, -1, -2, 1, -2, 1, 2, 2]"
55,dfs_bnb_mpi,0.115367,-4,5,33841,"[-1, -1, -1, 2, 2, 2, 2, 1, -2, -2, -2, 1, 2, 1, -2, 1, 2, 2, 2]"
56,dfs_bnb_mpi,1.07783,-5,6,339879,"[-1, -1, 2, 1, 1, 2, 1, 2, 2, 2, 1, -2, -2, -2, 1, -2, -1, -1, -2]"
57,dfs_bnb_mpi,0.004174,-4,5,1310,"[-1, -1, 2, 2, -1, -2, -1, -2, 1, -2, -2, 1, 2, 1, 1, 1, 2, 2, 2]"
58,dfs_bnb_mpi,0.208543,-4,5,63881,"[-1, -2, -1, 2, 2, 2, 2, 1, 1, -2, -1, -2, 1, 1, -2, -2, -1, -2, 1]"
59,dfs_bnb_mpi,0.047215,-4,5,14901,"[-1, -2, 1, 1, 2, 2, -1, -1, -1, -2, -2, -1, -2, 1, 1, 1, 1, 1, 2]"
60,dfs_bnb_mpi,0.356943,-5,6,103794,"[-1, -1, 2, 2, 2, -1, 2, 2, -1, -2, -2, -1, -2, -2, 1, 2, 1, -2, -2]"
61,dfs_bnb_mpi,0.113726,-2,3,35025,"[-1, -1, 2, 2, 2, 2, 2, 2, 2, 1, 2, 2, -1, -2, -1, -2, -1, 2, 2]"
62,dfs_bnb_mpi,0.060896,-2,3,19172,"[-1, -1, 2, 2, 2, 2, 2, 2, 1, -2, 1, 2, 2, -1, -1, -1, -2, -2, -1]"
63,dfs_bnb_mpi,0.338452,-4,5,107329,"[-1, -1, 2, 2, 2, 2, 1, 2, 2, 2, -1, -2, -2, -1, -2, -1, -2, 1, -2]"
64,dfs_bnb_mpi,0.00021,-2,3,47,"[-1, -1, 2, 2, 2, 2, 2, 2, 2, 2, 2, 2, 1, 1, -2, -1, -2, 1, 1]"
65,dfs_bnb_mpi,29.5868,-4,5,9034251,"[-1, -2, 1, 1, 2, 1, -2, -2, 1, 2, 1, -2, -2, -1, -1, -1, -1, 2, 1]"
66,dfs_bnb_mpi,0.000188,-2,3,47,"[-1, -1, 2, 2, 2, 2, 2, 2, 2, 2, 2, 2, 1, 1, -2, -1, -2, 1, 1]"
67,dfs_bnb_mpi,0.033742,-4,5,10574,"[-1, -1, 2, 1, 2, 2, 1, 1, -2, -2, -2, -2, -1, -1, -2, -1, 2, -1, 2]"
68,dfs_bnb_mpi,0.06733,-4,5,21493,"[-1, -1, 2, 2, 2, 2, 1, -2, -2, -2, 1, 1, -2, -2, -1, -2, -1, 2, -1]"
69,dfs_bnb_mpi,0.002466,-4,5,764,"[-1, -1, 2, 1, 1, 2, 1, -2, 1, -2, -1, -2, 1, 1, 2, 2, 2, 2, 2]"
70,dfs_bnb_mpi,0.026304,-4,4,8730,"[-1, -1, 2, -1, 2, 2, 2, 2, 1, -2, -2, -2, 1, -2, 1, 2, 2, 2, 2]"
71,dfs_bnb_mpi,1.20876,-5,6,381546,"[-1, -2, 1, 1, -2, -1, -2, 1, 1, 1, -2, -1, -1, -1, -1, 2, -1, 2, 1]"
72,dfs_bnb_mpi,0.737997,-4,5,237130,"[-1, -2, -2, -1, 2, 2, -1, 2, 2, 2, 2, 2, 1, -2, -2, -2, -2, 1, 2]"
73,dfs_bnb_mpi,0.078481,-4,5,24466,"[-1, -1, 2, 2, 1, 2, 1, 2, -1, 2, -1, -2, -2, -1, -2, -1, 2, 2, 2]"
74,dfs_bnb_mpi,0.965498,-5,6,306065,"[-1, -2, 1, 1, 1, -2, -1, -1, -1, -2, -2, -1, 2, 2, -1, 2, 2, 1, -2]"
75,dfs_bnb_mpi,0.003565,-4,4,1088,"[-1, -1, 2, 2, 1, -2, 1, 2, 1, -2, 1, -2, -1, -2, 1, 1, 2, 2, 2]"
76,dfs_bnb_mpi,0.083787,-5,6,24495,"[-1, -1, 2, 2, 2, 2, 1, 2, 1, 2, -1, -1, -2, -1, -1, -2, 1, -2, -1]"
77,dfs_bnb_mpi,0.049721,-4,5,15790,"[-1, -1, 2, 2, 1, -2, 1, 2, 1, -2, 1, 2, 1, -2, -2, -1, -1, -2, 1]"
78,dfs_bnb_mpi,1.02847,-4,5,294899,"[-1, -1, 2, 2, 2, 2, 2, 2, 1, 2, 1, -2, -2, -1, -2, 1, 1, 2, 2]"
79,dfs_bnb_mpi,1.05758,-3,4,239259,"[-1, -1, 2, 2, 2, 2, 2, 1, 1, -2, -2, -1, -2, -2, 1, 2, 1, 2, 2]"
80,dfs_bnb_mpi,0.123625,-5,6,39749,"[-1, -1, 2, 1, 2, -1, 2, 2, 2, 2, 1, -2, -2, -2, 1, -2, 1, -2, -1]"
81,dfs_bnb_mpi,0.006904,-4,5,2204,"[-1, -2, -2, 1, 2, 1, 2, 2, -1, 2, -1, -2, -1, 2, 2, 2, 2, 2, 2]"
82,dfs_bnb_mpi,0.007676,-4,5,2282,"[-1, -1, 2, 2, 2, 2, 2, 1, -2, -2, 1, 1, 2, -1, 2, 2, 2, 2, 2]"
83,dfs_bnb_mpi,0.27321,-4,4,88213,"[-1, -1, 2, 2, 2, 2, 2, 2, 2, 1, -2, -2, -2, -2, 1, -2, -1, -2, 1]"
84,dfs_bnb_mpi,0.339912,-4,5,99726,"[-1, -1, 2, -1, -2, -1, -2, 1, -2, -1, -2, 1, 1, 2, 2, 1, 1, 1, 2]"
85,dfs_bnb_mpi,0.06396,-4,5,18165,"[-1, -1, 2, 1, 2, -1, 2, 2, -1, -2, -2, -1, -2, 1, -2, -1, -1, 2, 2]"
86,dfs_bnb_mpi,3.41247,-3,4,783986,"[-1, -1, 2, 2, 2, 2, 2, 2, 2, 2, 2, 1, 2, 1, -2, -2, -1, -2, 1]"
87,dfs_bnb_mpi,0.598378,-3,4,182443,"[-1, -1, 2, 2, 2, 2, 2, 1, -2, 1, -2, -1, -2, 1, 1, 1, 2, -1, 2]"
88,dfs_bnb_mpi,0.003373,-3,4,1010,"[-1, -1, 2, 2, 1, -2, 1, 1, 1, 2, -1, -1, 2, 2, 2, 2, 2, 2, 2]"
89,dfs_bnb_mpi,0.088607,-5,6,28158,"[-1, -2, -2, -1, -1, 2, 1, 2, 2, 1, 1, 2, 1, -2, -2, -2, -1, -2, 1]"
90,dfs_bnb_mpi,0.095303,-4,5,27329,"[-1, -1, 2, 2, 1, 2, -1, 2, 2, -1, -2, -1, -2, 1, -2, -1, -1, 2, 2]"
91,dfs_bnb_mpi,0.000238,-2,3,78,"[-1, -1, 2, 1, 2, -1, -1, -2, -1, 2, 2, 2, 2, 2, 2, 2, 2, 2, 2]"
92,dfs_bnb_mpi,0.017726,-5,5,5496,"[-1, -1, 2, 2, 1, 2, -1, -1, -2, -2, -2, -1, 2, 2, -1, 2, 1, 2, 2]"
93,dfs_bnb_mpi,0.00053,-2,3,159,"[-1, -1, 2, 2, 2, 2, 2, 2, 2, 1, 2, 1, -2, -2, -1, -2, 1, 1, 2]"
94,dfs_bnb_mpi,0.005975,-5,6,1832,"[-1, -1, 2, 2, -1, -2, -2, -1, -2, 1, 1, -2, -2, 1, 2, 2, 1, 1, 2]"
95,dfs_bnb_mpi,0.025767,-5,6,7974,"[-1, -1, 2, 1, 2, 2, 2, -1, -2, -2, -1, 2, -1, -2, -2, 1, -2, -1, -1]"
96,dfs_bnb_mpi,0.037343,-4,5,11833,"[-1, -1, 2, 1, 1, 2, -1, 2, -1, -2, -1, 2, -1, -2, -2, 1, -2, -1, -1]"
97,dfs_bnb_mpi,0.124556,-4,5,39217,"[-1, -2, 1, 1, -2, -1, -2, 1, 1, -2, -1, -1, -1, 2, 2, -1, 2, 2, 2]"
98,dfs_bnb_mpi,7.31328,-4,5,2261295,"[-1, -1, 2, 2, 1, 1, 1, 2, 1, -2, 1, 2, 1, -2, -2, -1, -1, -1, -1]"
99,dfs_bnb_mpi,0.129466,-4,5,40409,"[-1, -1, 2, 2, 2, 2, 1, 1, -2, -2, -2, 1, -2, -2, -1, -2, -1, 2, -1]"
100,dfs_bnb_mpi,7.9e-05,0,1,20,"[-1, -1, 2, 2, 2, 2, 2, 2, 2, 2, 2, 2, 2, 2, 2, 2, 2, 2, 2]"
101,dfs_bnb_mpi,0.173948,-4,5,52610,"[-1, -1, 2, 1, 1, 1, 2, -1, -1, 2, -1, -2, -1, -1, -2, 1, -2, -1, -1]"
102,dfs_bnb_mpi,0.023974,-2,3,6440,"[-1, -1, 2, 2, 2, 2, 2, 2, 1, -2, -2, 1, 2, 2, 2, 2, 2, 2, 2]"
103,dfs_bnb_mpi,0.018553,-5,6,5924,"[-1, -2, -1, 2, -1, -1, 2, 1, 1, 1, 2, 2, 2, 2, -1, -2, -2, -2, -1]"
104,dfs_bnb_mpi,0.111958,-4,5,33737,"[-1, -1, 2, -1, -2, -1, -2, -1, -1, -2, 1, 1, -2, 1, 1, 2, 2, -1, -2]"
105,dfs_bnb_mpi,0.16824,-5,6,50624,"[-1, -1, 2, -1, 2, 2, 2, -1, -2, -2, -2, -1, -2, 1, 1, -2, 1, 1, 1]"
106,dfs_bnb_mpi,2.10104,-4,5,646575,"[-1, -1, 2, 2, 2, 2, 2, 1, 1, -2, -2, -2, 1, -2, -1, -1, 2, 2, 2]"
107,dfs_bnb_mpi,0.984522,-2,3,311682,"[-1, -1, 2, 2, 2, 1, -2, -2, 1, 2, 2, 2, -1, -1, -1, -2, -2, -2, -1]"
108,dfs_bnb_mpi,3.28363,-4,5,1015933,"[-1, -1, 2, 1, 2, -1, -1, 2, -1, -2, -1, 2, -1, -2, -2, 1, 1, 1, -2]"
109,dfs_bnb_mpi,0.280381,-2,3,81208,"[-1, -1, 2, 2, 2, 2, 2, 1, 2, 2, 2, -1, -2, -2, -1, -2, -1, 2, 2]"
110,dfs_bnb_mpi,0.01063,-4,5,3404,"[-1, -1, 2, -1, -2, -1, -2, 1, -2, -2, 1, 2, 2, 1, 1, 1, 2, 2, 2]"
111,dfs_bnb_mpi,1.92074,-4,5,620059,"[-1, -1, 2, -1, 2, 2, -1, -2, -2, -2, 1, -2, 1, 1, -2, -1, -1, -1, 2]"
112,dfs_bnb_mpi,0.125443,-4,5,36868,"[-1, -1, 2, 2, 2, 2, 1, 2, 1, 2, -1, -1, -2, -1, -1, -2, 1, -2, -1]"
113,dfs_bnb_mpi,2.44983,-4,5,744939,"[-1, -1, 2, 2, 2, 1, -2, 1, 2, 2, 1, -2, -2, 1, 1, -2, -1, -1, -1]"
114,dfs_bnb_mpi,0.013922,-4,5,4350,"[-1, -1, 2, 2, 1, 2, -1, 2, -1, -2, -2, -1, -1, -2, 1, 1, -2, -1, -1]"
115,dfs_bnb_mpi,0.031443,-2,3,9968,"[-1, -1, 2, 2, 1, 2, 2, 2, 2, -1, -2, -2, -2, -1, -1, -2, 1, -2, -1]"
116,dfs_bnb_mpi,0.336541,-4,5,107917,"[-1, -1, 2, 2, 1, 2, -1, 2, -1, -2, -1, 2, -1, -2, -2, 1, 1, -2, -1]"
117,dfs_bnb_mpi,0.005326,-5,6,1709,"[-1, -1, 2, 1, 1, 1, -2, 1, -2, -1, -2, -2, -1, 2, 2, -1, -1, -1, 2]"
118,dfs_bnb_mpi,0.82285,-4,5,258295,"[-1, -1, 2, 2, -1, -2, -1, 2, 2, -1, -2, -2, -2, -2, 1, 2, 1, -2, 1]"
119,dfs_bnb_mpi,0.428325,-2,3,136515,"[-1, -1, 2, 2, 2, 2, 2, 2, 1, 2, 2, 2, -1, -2, -2, -1, -1, -2, 1]"
120,dfs_bnb_mpi,0.050897,-5,6,16244,"[-1, -1, 2, 2, 1, 2, 2, 2, -1, -2, -2, -1, 2, -1, -2, -2, 1, -2, -1]"
121,dfs_bnb_mpi,0.918882,-5,6,294569,"[-1, -1, 2, -1, -2, -1, -2, 1, -2, -2, 1, 1, 1, 2, 2, -1, -1, -2, 1]"
122,dfs_bnb_mpi,4.66283,-5,6,1459895,"[-1, -2, -1, 2, 2, 1, 1, 1, -2, 1, -2, -1, -2, 1, -2, -1, -1, 2, 2]"
123,dfs_bnb_mpi,0.102551,-4,5,31520,"[-1, -1, 2, 1, 1, 1, 2, 2, 1, -2, -2, -2, -1, -2, -2, -1, 2, -1, -1]"
124,dfs_bnb_mpi,0.114203,-4,5,36463,"[-1, -1, 2, 2, 2, 2, 2, 2, 2, 1, -2, -2, -2, 1, 1, 2, -1, 2, 2]"
125,dfs_bnb_mpi,0.009603,-3,4,2360,"[-1, -1, 2, 2, 1, 2, -1, 2, -1, -2, -2, -1, 2, 2, 2, 2, 2, 2, 2]"
126,dfs_bnb_mpi,0.169345,-4,5,46489,"[-1, -1, 2, 1, 2, -1, -1, 2, 2, -1, -2, -2, -1, -1, -2, 1, 1, 1, -2]"
127,dfs_bnb_mpi,1.44167,-4,5,455823,"[-1, -1, 2, 2, 2, 2, 2, 1, -2, -2, -2, 1, 1, 2, 1, 2, -1, -1, -2]"
128,dfs_bnb_mpi,0.024784,-3,4,8166,"[-1, -1, 2, 2, 1, -2, 1, 2, 2, 2, 2, -1, -2, -2, -1, 2, 2, 2, 2]"
129,dfs_bnb_mpi,0.082847,-4,4,24002,"[-1, -1, 2, 2, 2, 2, 1, 2, 2, 1, -2, -2, 1, -2, -1, -1, -2, 1, 1]"
130,dfs_bnb_mpi,0.002596,-3,4,855,"[-1, -2, 1, 1, 2, 2, 2, 1, -2, -2, 1, 2, 2, 2, 2, 2, 2, 2, 2]"
131,dfs_bnb_mpi,0.140325,-5,6,45234,"[-1, -1, 2, 2, 1, -2, 1, 2, 2, 1, -2, -2, 1, -2, -1, -2, -1, -1, -1]"
132,dfs_bnb_mpi,0.0075,-3,4,1962,"[-1, -1, 2, 2, 2, -1, -2, -2, -1, -2, 1, -2, 1, 1, 1, 1, 2, 2, 2]"
133,dfs_bnb_mpi,2.47756,-4,4,762689,"[-1, -1, 2, 2, 2, 1, 1, -2, -2, 1, 2, 1, -2, -2, -1, -2, -2, -1, 2]"
134,dfs_bnb_mpi,3.17306,-3,4,819002,"[-1, -1, 2, 2, 2, 2, 2, 1, 1, -2, 1, 1, -2, -1, -1, -1, -2, 1, 1]"
135,dfs_bnb_mpi,0.653505,-4,5,208055,"[-1, -1, -1, 2, 1, 2, 2, 2, 2, 1, 1, -2, -2, -2, -2, -1, 2, 2, 2]"
136,dfs_bnb_mpi,2.41989,-4,5,725270,"[-1, -1, 2, 2, 2, 2, 1, 1, -2, -1, -2, 1, -2, 1, 1, 2, -1, 2, 2]"
137,dfs_bnb_mpi,0.642205,-4,5,198099,"[-1, -1, 2, 2, 2, 2, -1, -2, -1, -1, -2, 1, 1, -2, -1, -1, -2, 1, 1]"
138,dfs_bnb_mpi,0.008149,-5,6,2492,"[-1, -1, 2, -1, -2, -2, -1, -2, -2, 1, 2, 1, 2, 1, 1, 1, 2, 2, 2]"
139,dfs_bnb_mpi,0.028016,-2,3,8245,"[-1, -1, 2, 2, 2, 2, 1, 2, 2, -1, -2, -1, -1, -2, 1, -2, -1, -1, 2]"
140,dfs_bnb_mpi,0.000169,-2,3,45,"[-1, -1, 2, 2, 2, 2, 2, 2, 2, 2, 2, 2, 2, 1, 1, -2, -1, -2, 1]"
141,dfs_bnb_mpi,3.73861,-5,6,1182183,"[-1, -1, 2, -1, 2, 2, 2, -1, -2, -2, -1, 2, -1, -2, -2, 1, 1, -2, 1]"
142,dfs_bnb_mpi,0.181741,-3,4,55777,"[-1, -1, -1, 2, 1, 2, 2, 1, -2, -2, 1, 1, 2, -1, 2, 2, 2, 2, 2]"
143,dfs_bnb_mpi,0.153226,-2,3,47469,"[-1, -1, 2, 2, 2, 2, 2, 2, 2, 2, 1, 2, 2, -1, -2, -1, -1, -2, 1]"
144,dfs_bnb_mpi,0.140199,-2,3,44722,"[-1, -1, 2, 1, 2, 2, 2, 2, -1, -2, -2, -2, -1, 2, -1, -2, -2, 1, -2]"
145,dfs_bnb_mpi,0.025198,-6,7,8092,"[-1, -2, 1, -2, 1, 2, 1, 1, 2, -1, -1, 2, 2, -1, -2, -1, 2, 2, 2]"
146,dfs_bnb_mpi,0.089433,-4,4,27135,"[-1, -2, -1, -2, 1, -2, -1, -1, 2, 2, 2, 1, 2, 1, 2, 2, 2, 2, 2]"
147,dfs_bnb_mpi,0.027039,-5,6,8780,"[-1, -1, 2, 1, 1, 2, 1, 2, 1, -2, -2, -1, -2, 1, -2, -1, -1, -1, -1]"
148,dfs_bnb_mpi,0.930744,-3,4,284056,"[-1, -1, 2, 2, 2, 2, 1, 2, 2, 2, 1, -2, -2, -2, -2, -1, -2, 1, 1]"
149,dfs_bnb_mpi,0.094734,-5,6,31255,"[-1, -2, 1, 1, -2, -1, -1, -2, 1, -2, -1, -1, 2, 2, -1, 2, 1, 2, 2]"
150,dfs_bnb_mpi,0.018719,-4,4,6105,"[-1, -1, 2, 2, 2, 2, 2, 1, -2, -2, 1, 2, 1, -2, -2, -1, -1, -2, 1]"
151,dfs_bnb_mpi,1.32515,-4,5,429300,"[-1, -1, 2, 1, 1, 1, 2, 2, -1, -2, -1, 2, 2, -1, -2, -2, -1, -2, -1]"
152,dfs_bnb_mpi,0.110848,-4,5,33868,"[-1, -2, -2, 1, 2, 1, 2, 2, 2, 1, 2, -1, -1, -2, -1, 2, 2, 2, 2]"
153,dfs_bnb_mpi,0.310207,-4,5,97148,"[-1, -2, 1, 1, 2, 2, -1, -1, 2, 2, -1, -2, -2, -1, -2, 1, -2, -1, -1]"
154,dfs_bnb_mpi,0.014772,-4,5,4754,"[-1, -1, 2, 1, 2, -1, 2, 2, -1, -2, -2, -1, -2, 1, -2, -1, -1, 2, 2]"
155,dfs_bnb_mpi,0.349034,-4,5,106562,"[-1, -1, 2, 2, 2, 1, 2, -1, 2, -1, -2, -1, 2, -1, -2, -2, 1, 1, -2]"
156,dfs_bnb_mpi,0.717332,-3,4,229982,"[-1, -1, 2, -1, 2, -1, -2, -2, 1, -2, -1, -1, 2, 2, 2, 2, 1, 1, 2]"
157,dfs_bnb_mpi,0.18125,-5,6,57129,"[-1, -1, 2, 2, 1, -2, 1, 2, 2, 1, -2, -2, 1, 1, -2, -1, -2, -1, 2]"
158,dfs_bnb_mpi,0.021041,-4,4,6472,"[-1, -1, 2, 2, 2, 2, 1, -2, -2, 1, 2, 1, 1, 2, 2, -1, -1, -2, 1]"
159,dfs_bnb_mpi,1.17389,-4,5,362678,"[-1, -1, 2, 2, 1, -2, 1, 1, -2, -2, -1, -1, -1, -2, -1, 2, 2, 2, 2]"
160,dfs_bnb_mpi,0.002465,-4,5,730,"[-1, -1, 2, 2, -1, -2, -1, -2, 1, -2, 1, 1, 1, 1, 2, 2, 2, 2, 2]"
161,dfs_bnb_mpi,1.19825,-3,4,306808,"[-1, -1, 2, 2, 2, 2, 2, 2, 2, 2, 1, -2, -2, 1, 1, -2, -1, -1, -2]"
162,dfs_bnb_mpi,0.005027,-4,5,1497,"[-1, -2, 1, 1, 2, 2, 1, 2, 1, -2, -2, -1, -2, 1, 1, 2, 2, 2, 2]"
163,dfs_bnb_mpi,1.7502,-5,6,520023,"[-1, -1, 2, 2, 2, -1, -2, -2, -2, -1, -1, 2, -1, 2, 2, 1, -2, 1, -2]"
164,dfs_bnb_mpi,0.058101,-4,5,14575,"[-1, -1, 2, 2, 2, -1, -1, -2, -1, -2, -1, -2, 1, 1, 2, 1, -2, -2, 1]"
165,dfs_bnb_mpi,0.982651,-4,5,311073,"[-1, -1, -1, 2, 2, 1, 1, 2, 1, 2, 2, 1, -2, -2, -2, -1, -2, -1, -1]"
166,dfs_bnb_mpi,0.095877,-4,5,26591,"[-1, -1, 2, 2, 2, 2, 2, 2, 1, -2, -2, -2, 1, 2, 1, 2, -1, 2, 2]"
167,dfs_bnb_mpi,0.000885,-4,5,280,"[-1, -1, 2, 1, 2, -1, -1, -2, -1, -1, -2, 1, 1, -2, 1, 1, 1, 1, 2]"
168,dfs_bnb_mpi,2.04254,-5,6,610057,"[-1, -1, 2, -1, 2, -1, -2, -2, -1, 2, -1, -2, -2, 1, -2, 1, 2, 1, 2]"
169,dfs_bnb_mpi,0.072142,-4,5,21911,"[-1, -1, 2, 2, -1, -2, -1, -1, -2, 1, 1, -2, -1, -2, 1, 1, 2, 1, 1]"
170,dfs_bnb_mpi,0.905978,-4,5,262796,"[-1, -1, 2, -1, -2, -1, 2, -1, -2, -2, 1, -2, 1, 2, 1, 1, 1, 1, 2]"
171,dfs_bnb_mpi,0.000985,-4,5,301,"[-1, -1, 2, 1, 1, 2, 1, -2, 1, -2, -1, -2, 1, 1, 2, 2, 2, 2, 2]"
172,dfs_bnb_mpi,0.290365,-4,5,88991,"[-1, -1, 2, 2, 1, 2, -1, 2, 2, -1, -2, -2, -1, 2, -1, -2, -2, 1, 1]"
173,dfs_bnb_mpi,0.018396,-4,4,4489,"[-1, -1, 2, 2, 2, 2, 2, 2, 1, -2, -2, 1, 2, 1, 2, -1, 2, 2, 2]"
174,dfs_bnb_mpi,0.044871,-3,4,10871,"[-1, -1, 2, 2, 2, 2, 2, 2, 2, 1, -2, -2, 1, -2, 1, -2, -1, -1, 2]"
175,dfs_bnb_mpi,0.061808,-4,4,19054,"[-1, -1, 2, 2, -1, 2, 2, 2, 2, 1, -2, -2, -2, 1, 1, -2, -1, -2, 1]"
176,dfs_bnb_mpi,0.291941,-5,6,91372,"[-1, -1, 2, 2, 2, 1, -2, -2, 1, 2, 1, -2, -2, -2, -1, -2, -1, 2, -1]"
177,dfs_bnb_mpi,0.197775,-4,5,62219,"[-1, -1, 2, 1, 2, 2, 2, -1, -1, -2, -2, -2, -2, -2, -2, 1, 2, 1, 1]"
178,dfs_bnb_mpi,0.004044,-4,5,1266,"[-1, -1, 2, 1, 2, 2, -1, -2, -1, -2, -1, 2, -1, -2, -2, 1, 1, -2, 1]"
179,dfs_bnb_mpi,1.69153,-2,3,500408,"[-1, -1, 2, 2, 2, 2, 2, 2, 2, 1, 2, 2, 2, -1, -2, -2, -1, -2, -1]"
180,dfs_bnb_mpi,0.020577,-4,5,6316,"[-1, -1, 2, -1, -1, -2, 1, -2, 1, 1, -2, -1, -1, -1, 2, -1, 2, 2, 2]"
181,dfs_bnb_mpi,0.013924,-4,5,4225,"[-1, -1, 2, 2, 2, -1, -2, -2, -2, -1, -2, 1, -2, 1, 2, 1, 1, 1, 2]"
182,dfs_bnb_mpi,0.071717,-4,5,22999,"[-1, -1, 2, 1, 1, 2, -1, 2, 2, 2, -1, -2, -2, -2, -1, -1, -2, 1, -2]"
183,dfs_bnb_mpi,0.003365,-4,5,979,"[-1, -1, 2, 2, -1, -2, -2, -2, 1, 1, -2, -2, -1, 2, -1, -1, 2, 2, 2]"
184,dfs_bnb_mpi,16.972,-3,4,4802567,"[-1, -1, 2, 2, 2, 2, 2, 2, 2, 1, 2, 2, 1, -2, -2, -2, -1, -2, 1]"
185,dfs_bnb_mpi,18.8263,-4,5,4669675,"[-1, -1, 2, 2, 2, 2, 1, 1, 2, 1, -2, -2, 1, -2, -1, -1, 2, -1, -2]"
186,dfs_bnb_mpi,4.31695,-5,6,1307177,"[-1, -2, 1, -2, -2, 1, 1, 2, 2, 1, 2, 2, 2, -1, -2, -2, -1, -2, -2]"
187,dfs_bnb_mpi,0.378244,-3,4,97073,"[-1, -1, 2, 2, 2, 2, 2, 1, 2, 2, 1, -2, -2, 1, -2, -1, -1, -2, 1]"
188,dfs_bnb_mpi,2.43473,-5,6,698247,"[-1, -1, 2, 2, 2, 1, -2, 1, 2, 2, 1, -2, -2, 1, -2, -2, -1, 2, -1]"
189,dfs_bnb_mpi,0.088484,-5,6,28120,"[-1, -2, 1, -2, 1, 1, 2, -1, 2, 1, 2, 2, -1, -2, -1, 2, 2, 2, 2]"
190,dfs_bnb_mpi,0.077893,-5,6,25031,"[-1, -2, -1, 2, -1, -1, 2, 2, 2, 1, -2, -2, 1, 2, 1, -2, 1, 2, 2]"
191,dfs_bnb_mpi,0.455698,-5,6,141946,"[-1, -2, 1, 1, 2, 2, -1, -1, 2, 2, 2, -1, -2, -2, -2, -1, -2, 1, -2]"
192,dfs_bnb_mpi,0.065325,-4,5,20863,"[-1, -1, 2, 2, 1, -2, 1, 1, 1, 2, -1, -1, 2, 2, 2, -1, -2, -2, -1]"
193,dfs_bnb_mpi,9.67203,-4,5,2968110,"[-1, -1, 2, 2, 2, 1, 1, 2, 1, -2, 1, 2, 1, -2, -2, -1, -1, -1, -1]"
194,dfs_bnb_mpi,0.001495,-4,5,439,"[-1, -1, 2, 2, 2, 2, 1, 2, -1, -1, -2, -1, -2, 1, -2, -1, -1, 2, 2]"
195,dfs_bnb_mpi,0.412166,-5,6,130301,"[-1, -1, 2, 1, 2, 1, 1, -2, -2, -2, -1, -1, -2, -2, -1, 2, -1, 2, 1]"
196,dfs_bnb_mpi,2.16641,-5,6,656033,"[-1, -1, 2, 2, 2, 2, 2, 2, 1, 1, -2, -2, 1, -2, -1, -2, -1, 2, 2]"
197,dfs_bnb_mpi,0.25674,-2,3,75611,"[-1, -1, 2, 2, 2, 2, 2, 2, 2, 2, 2, 1, 2, -1, -1, -2, -1, 2, 2]"
198,dfs_bnb_mpi,0.039008,-3,4,12015,"[-1, -1, 2, 2, 2, 2, 2, 1, 1, -2, -2, -2, -2, 1, 1, -2, -1, -2, -1]"
199,dfs_bnb_mpi,0.1732,-4,5,55469,"[-1, -2, 1, 1, 2, 2, 1, -2, 1, 1, -2, -1, -1, -2, -1, -1, -1, -1, 2]"
200,dfs_bnb_mpi,0.010279,-5,6,3206,"[-1, -1, 2, -1, 2, 1, 1, -2, 1, 2, 2, -1, 2, 2, -1, -2, -2, -1, 2]"
201,dfs_bnb_mpi,0.165177,-2,3,45973,"[-1, -1, 2, 2, 2, 2, 2, 1, -2, -2, -2, -2, 1, 2, 2, 2, 2, 2, 2]"
202,dfs_bnb_mpi,0.384419,-4,5,125160,"[-1, -1, 2, 1, 2, 2, 2, 1, 1, -2, -2, -2, -2, -2, -1, -2, -1, 2, -1]"
203,dfs_bnb_mpi,1.03423,-4,5,304729,"[-1, -1, 2, 2, 2, 2, 2, 1, 2, -1, 2, 2, -1, -2, -2, -1, -2, 1, -2]"
204,dfs_bnb_mpi,0.281371,-5,5,84493,"[-1, -1, 2, 2, 2, 2, 2, 2, 1, -2, 1, 1, -2, -1, -2, -2, -1, 2, 2]"
205,dfs_bnb_mpi,0.843511,-2,3,273666,"[-1, -1, 2, 2, 2, 2, 2, 2, 1, -2, 1, 2, 2, -1, -1, -1, -2, -2, -1]"
206,dfs_bnb_mpi,0.076285,-4,5,23809,"[-1, -1, 2, 2, 2, 2, 1, -2, -2, -2, 1, 2, 2, 1, 1, -2, -1, -2, 1]"
207,dfs_bnb_mpi,0.020274,-4,5,6063,"[-1, -1, 2, 2, 2, 2, 1, 2, -1, -1, -2, -2, -1, -1, -1, 2, 1, 1, 2]"
208,dfs_bnb_mpi,0.32075,-3,4,99426,"[-1, -1, 2, 2, 2, 1, 2, 1, -2, 1, 2, 1, -2, -2, -1, -1, -1, -2, 1]"
209,dfs_bnb_mpi,6.39266,-3,4,1933293,"[-1, -1, 2, 2, 2, 2, 2, 1, -2, 1, 2, 2, 1, -2, -2, -2, -1, -1, -2]"
210,dfs_bnb_mpi,0.279117,-4,5,85816,"[-1, -1, 2, 2, 2, 2, 1, 2, -1, 2, 2, -1, -2, -2, -2, -1, -2, 1, -2]"
211,dfs_bnb_mpi,0.075184,-4,5,22646,"[-1, -1, 2, 2, 2, 2, 2, 1, -2, -2, -2, -2, 1, 1, 1, 2, -1, -1, 2]"
212,dfs_bnb_mpi,8.7579,-3,4,2190067,"[-1, -1, 2, 2, 2, 2, 2, 1, 1, -2, -2, 1, 1, -2, -1, -1, -1, -2, 1]"
213,dfs_bnb_mpi,0.010143,-3,4,2795,"[-1, -1, 2, 1, 2, 2, 1, -2, -2, 1, 1, 2, -1, 2, 2, 2, 2, 2, 2]"
214,dfs_bnb_mpi,0.896246,-4,5,263877,"[-1, -2, 1, 1, 2, 2, 2, 2, -1, -2, -2, -1, 2, -1, -1, -2, 1, -2, -1]"
215,dfs_bnb_mpi,0.980324,-3,4,242806,"[-1, -1, 2, 2, 2, 2, 1, 2, 2, 2, 1, -2, -2, -2, -2, -1, -2, 1, 1]"
216,dfs_bnb_mpi,0.021729,-4,5,6423,"[-1, -1, 2, 2, 2, 1, 1, -2, -2, 1, 2, 2, 1, -2, -2, -2, -1, -2, 1]"
217,dfs_bnb_mpi,0.595499,-2,3,162441,"[-1, -1, 2, 2, 2, 2, 2, 2, 2, 2, 2, 1, -2, 1, 1, -2, -1, -1, -2]"
218,dfs_bnb_mpi,0.187232,-4,5,61692,"[-1, -1, 2, 2, 2, 1, -2, -2, 1, 1, 1, 2, 2, 2, -1, -1, -2, -2, 1]"
219,dfs_bnb_mpi,1.05771,-2,3,335720,"[-1, -1, 2, 2, 2, 2, 2, 1, -2, 1, 2, 2, 2, -1, -1, -1, -2, -2, -2]"
220,dfs_bnb_mpi,0.274746,-2,3,88507,"[-1, -1, 2, 2, 2, 2, 2, 2, 2, 2, 1, -2, -2, 1, -2, -1, -2, 1, 1]"
221,dfs_bnb_mpi,0.088855,-4,5,28904,"[-1, -1, 2, 1, 1, 1, -2, -2, 1, 1, -2, -1, -1, -1, 2, -1, -1, -1, 2]"
222,dfs_bnb_mpi,0.004353,-4,5,1353,"[-1, -2, -1, -1, 2, 1, 2, 1, 2, 1, -2, 1, 2, 2, 2, 2, 2, 2, 2]"
223,dfs_bnb_mpi,0.132367,-2,3,33482,"[-1, -1, 2, 2, 2, 2, 2, 2, 2, 2, 1, -2, 1, -2, -1, -2, 1, 1, 2]"
224,dfs_bnb_mpi,0.177076,-5,6,51364,"[-1, -1, 2, 2, 2, 1, -2, -2, 1, 2, 1, -2, 1, -2, -1, -2, -1, -1, -1]"
225,dfs_bnb_mpi,19.5554,-3,3,5728320,"[-1, -1, 2, 2, 2, 2, 2, 2, 2, 2, 1, -2, -2, -2, -2, -2, -2, -2, 1]"
226,dfs_bnb_mpi,0.127451,-4,5,40892,"[-1, -1, 2, 2, 1, -2, 1, 2, 1, -2, 1, 2, 1, -2, -2, -1, -1, -2, 1]"
227,dfs_bnb_mpi,0.464585,-3,4,140859,"[-1, -1, 2, 2, -1, -2, -2, -1, 2, -1, -2, -2, 1, 1, 1, -2, -1, -1, -1]"
228,dfs_bnb_mpi,1.52222,-4,5,472762,"[-1, -2, -1, 2, 2, 2, 2, 1, 1, -2, -2, 1, 1, -2, -1, -2, -2, -1, 2]"
229,dfs_bnb_mpi,1.05311,-3,4,263903,"[-1, -1, 2, 2, 2, 2, 2, 2, 2, 1, -2, -2, -2, -2, 1, -2, -1, -2, 1]"
230,dfs_bnb_mpi,0.097275,-4,5,29972,"[-1, -1, 2, 2, 2, 2, 2, 1, 2, -1, 2, -1, -2, -1, -1, -2, 1, 1, -2]"
231,dfs_bnb_mpi,2.55925,-2,3,795453,"[-1, -1, 2, 2, 2, 2, 2, 2, 1, 2, 2, 2, 2, -1, -2, -2, -2, -1, -2]"
232,dfs_bnb_mpi,0.341141,-4,5,99619,"[-1, -2, -2, -1, 2, 2, -1, 2, 1, 2, 2, 1, -2, -2, 1, 2, 2, 2, 2]"
233,dfs_bnb_mpi,2.95114,-4,4,756378,"[-1, -1, 2, 1, 2, 2, 2, 2, 2, 1, -2, -2, -2, -2, 1, 1, -2, -1, -1]"
234,dfs_bnb_mpi,0.180739,-4,5,56989,"[-1, -1, 2, 2, 2, 2, 2, 1, -2, -2, 1, 2, 1, -2, -2, -1, -2, -1, 2]"
235,dfs_bnb_mpi,1.19416,-4,5,351020,"[-1, -1, 2, 2, 2, 2, 2, 1, -2, -2, -2, -2, 1, 1, 2, 1, -2, -2, -1]"
236,dfs_bnb_mpi,15.756,-4,5,4737041,"[-1, -1, 2, -1, -1, 2, -1, -2, -1, 2, 2, -1, -2, -2, -2, 1, 1, 1, 1]"
237,dfs_bnb_mpi,0.235011,-6,7,74186,"[-1, -1, 2, 1, 1, 1, 2, 2, 1, -2, -2, 1, -2, -1, -2, -2, -1, 2, 2]"
238,dfs_bnb_mpi,0.055394,-4,4,16349,"[-1, -1, 2, 2, -1, 2, 2, 2, -1, -2, -2, -2, -2, 1, -2, -1, -1, 2, 2]"
239,dfs_bnb_mpi,0.010446,-3,4,3252,"[-1, -1, 2, 2, -1, -2, -1, 2, -1, -2, -2, 1, 1, -2, 1, 1, 1, 1, 2]"
240,dfs_bnb_mpi,0.024136,-4,4,7562,"[-1, -1, 2, 2, 1, -2, 1, 2, 2, 2, -1, -1, -1, -2, -2, -1, -2, 1, -2]"
241,dfs_bnb_mpi,0.534214,-5,6,169230,"[-1, -1, 2, 1, 1, 2, 2, 1, -2, -2, 1, -2, 1, 1, -2, -1, -1, -1, 2]"
242,dfs_bnb_mpi,0.00074,-4,5,225,"[-1, -1, 2, 2, 2, 2, -1, -2, -2, -2, -2, -1, 2, 2, -1, 2, 1, 2, 2]"
243,dfs_bnb_mpi,15.2647,-3,4,4687924,"[-1, -1, 2, 2, 2, 2, -1, -1, -2, -2, -1, -2, 1, -2, -2, 1, 2, 2, 2]"
244,dfs_bnb_mpi,8.64702,-5,6,2525546,"[-1, -2, -1, 2, -1, 2, 2, 2, 2, 2, 1, -2, -2, -2, 1, 1, -2, -1, -1]"
245,dfs_bnb_mpi,0.010398,-2,3,2994,"[-1, -1, 2, 2, 2, 2, 2, 2, 1, 2, -1, -1, -2, -1, 2, 2, 2, 2, 2]"
246,dfs_bnb_mpi,0.001414,-4,5,415,"[-1, -2, -1, 2, 2, 1, 1, 2, 1, -2, 1, 2, 2, 2, 2, 2, 2, 2, 2]"
247,dfs_bnb_mpi,0.223557,-5,6,70002,"[-1, -1, 2, 1, 2, -1, 2, -1, -1, -2, 1, -2, -2, -1, -1, -1, 2, 1, 1]"
248,dfs_bnb_mpi,1.72056,-4,5,515549,"[-1, -1, 2, 2, -1, -2, -1, 2, 2, 2, -1, -2, -2, -2, -2, 1, 1, -2, 1]"
249,dfs_bnb_mpi,0.177966,-3,4,46833,"[-1, -1, 2, 2, -1, 2, 2, 2, -1, -2, -2, -2, -2, 1, -2, -1, -1, 2, 2]"
250,dfs_bnb_mpi,2.90013,-4,5,839327,"[-1, -1, 2, 2, 2, 2, 2, 2, 1, -2, 1, 1, -2, -1, -1, -2, 1, -2, -1]"
251,dfs_bnb_mpi,0.008769,-4,5,2760,"[-1, -1, 2, 2, 1, -2, 1, 2, 2, -1, 2, 2, -1, -2, -2, -1, 2, 2, 2]"
252,dfs_bnb_mpi,0.258487,-4,5,67097,"[-1, -1, 2, 2, 2, 2, 2, 2, 1, 2, 1, -2, -2, -1, -2, 1, 1, 2, 2]"
253,dfs_bnb_mpi,1.0173,-2,3,261444,"[-1, -1, 2, 2, 2, 2, 2, 2, 2, 2, 1, -2, -2, -2, 1, 1, -2, -1, -1]"
254,dfs_bnb_mpi,7.84651,-4,4,2357595,"[-1, -1, 2, 2, 2, 2, 2, 2, 2, 2, 2, 2, 2, 1, -2, 1, -2, -1, -2]"
255,dfs_bnb_mpi,0.123261,-3,4,37518,"[-1, -1, 2, 2, 2, 2, 1, 2, 1, -2, 1, 1, -2, -1, -1, -1, -2, 1, 1]"
256,dfs_bnb_mpi,0.075925,-3,4,22733,"[-1, -1, 2, 2, 2, 2, 2, 2, 1, -2, 1, 1, -2, -1, -1, -2, 1, 1, 1]"
257,dfs_bnb_mpi,1.05537,-4,5,326849,"[-1, -1, 2, 2, 2, 2, -1, -1, -2, -1, -1, -2, 1, 1, 1, -2, -2, -1, 2]"
258,dfs_bnb_mpi,6.35599,-5,6,1983878,"[-1, -1, -1, 2, 2, 2, 1, 2, 1, -2, 1, 1, -2, -1, -2, -1, -1, 2, 1]"
259,dfs_bnb_mpi,20.9032,-2,3,4647969,"[-1, -1, 2, 2, 2, 2, 2, 2, -1, -1, -2, -2, -2, -2, -2, 1, -2, -1, -1]"
260,dfs_bnb_mpi,0.845871,-5,6,261124,"[-1, -1, 2, 1, 2, 1, 2, 2, 2, 1, -2, -2, -2, 1, 1, -2, -1, -1, -1]"
261,dfs_bnb_mpi,0.021815,-4,5,5905,"[-1, -1, 2, 1, 1, 1, 2, 1, -2, -2, -1, -2, 1, 1, 2, 2, 2, 2, 2]"
262,dfs_bnb_mpi,1.50497,-2,3,446826,"[-1, -1, 2, 2, 2, 2, 2, 2, 1, -2, 1, 2, 2, -1, -1, -1, -2, -2, -1]"
263,dfs_bnb_mpi,2.91163,-4,5,918386,"[-1, -1, 2, 2, -1, -2, -1, 2, 2, 2, -1, -2, -2, -2, -2, 1, 1, -2, 1]"
264,dfs_bnb_mpi,0.003496,-4,5,1070,"[-1, -1, 2, 2, 2, 2, 2, -1, -2, -1, -1, -2, 1, 1, -2, -1, -2, 1, -2]"
265,dfs_bnb_mpi,0.422101,-4,5,133846,"[-1, -1, 2, -1, -2, -1, -2, 1, 1, 1, 1, 1, 1, -2, -1, -1, -1, -1, -1]"
266,dfs_bnb_mpi,0.141054,-4,5,45343,"[-1, -1, 2, -1, 2, -1, -2, -1, -1, -2, 1, 1, 1, -2, -2, 1, 2, 1, 1]"
267,dfs_bnb_mpi,3.50253,-4,5,1104380,"[-1, -1, 2, 2, 2, 2, 1, 2, 2, 2, -1, -2, -1, -1, -2, -2, 1, 2, 1]"
268,dfs_bnb_mpi,0.033654,-4,5,9748,"[-1, -1, 2, 2, 2, 1, -2, -2, 1, 2, 2, 1, 1, -2, -1, -2, 1, 1, 2]"
269,dfs_bnb_mpi,15.5522,-3,4,4814958,"[-1, -1, 2, 2, 2, 2, 2, 2, 2, 1, -2, -2, -2, 1, 1, -2, -1, -1, -2]"
270,dfs_bnb_mpi,0.180298,-3,4,55561,"[-1, -1, 2, 2, 2, 2, 1, 1, -2, -2, -2, 1, 2, 1, -2, -2, -1, -2, -1]"
271,dfs_bnb_mpi,1.04076,-4,4,305679,"[-1, -1, 2, 2, 2, 2, 2, 1, 2, 2, 2, 1, -2, -2, -2, -2, -1, -2, 1]"
272,dfs_bnb_mpi,0.095885,-4,5,30223,"[-1, -1, 2, 1, 1, 2, 2, 1, 2, 1, 1, -2, -2, -2, -1, -1, 2, 1, 2]"
273,dfs_bnb_mpi,0.177139,-4,5,55684,"[-1, -1, 2, 1, 2, 2, 1, 1, -2, -2, -2, -2, -1, -1, -2, -1, 2, -1, 2]"
274,dfs_bnb_mpi,0.000638,-2,3,159,"[-1, -1, 2, 2, 2, 2, 2, 2, 2, 1, 2, 1, -2, -2, -1, -2, 1, 1, 2]"
275,dfs_bnb_mpi,5.84786,-2,3,1848434,"[-1, -1, 2, 2, 2, 2, 2, 2, 2, 2, 2, 2, 2, 1, -2, -2, 1, -2, -1]"
276,dfs_bnb_mpi,3.25819,-4,5,925186,"[-1, -1, 2, 2, 2, 2, 1, 2, 2, 2, -1, -2, -2, -1, 2, -1, -2, -2, 1]"
277,dfs_bnb_mpi,3.07678,-4,4,801198,"[-1, -1, 2, 2, 2, 1, 2, 2, 2, 2, 1, -2, -2, -2, -2, 1, -2, -1, -1]"
278,dfs_bnb_mpi,8.80108,-4,5,2762260,"[-1, -1, 2, 2, 2, 2, 1, 1, -2, -1, -2, 1, 1, 2, 2, 2, 2, -1, -2]"
279,dfs_bnb_mpi,0.222224,-4,5,67430,"[-1, -1, 2, 2, 2, -1, -2, -1, -1, -2, -2, 1, 2, 1, -2, -2, 1, 1, 1]"
280,dfs_bnb_mpi,0.560456,-4,5,174862,"[-1, -1, 2, -1, 2, -1, -2, -1, -2, 1, 1, -2, -2, 1, 2, 1, 1, 1, 2]"
281,dfs_bnb_mpi,0.092054,-2,3,29286,"[-1, -1, 2, 2, 1, 2, 2, 2, 2, -1, -2, -2, -2, -1, -1, -2, 1, -2, -1]"
282,dfs_bnb_mpi,6.5574,-3,4,1856201,"[-1, -1, 2, 2, 2, 2, 2, 2, 1, 1, -2, -1, -2, -2, 1, 2, 1, 2, 2]"
283,dfs_bnb_mpi,0.035488,-5,6,11266,"[-1, -1, 2, 2, 2, 1, 2, -1, 2, 2, -1, -2, -2, -2, -1, -2, 1, -2, -1]"
284,dfs_bnb_mpi,0.016662,-4,5,4918,"[-1, -1, 2, 2, 2, 1, -2, -2, 1, 2, 1, -2, 1, -2, -1, -2, 1, 1, 2]"
285,dfs_bnb_mpi,21.0383,-4,5,4929095,"[-1, -1, 2, 2, 2, 2, 2, 1, 1, -2, -2, -2, -1, -2, 1, 1, 2, 1, -2]"
286,dfs_bnb_mpi,0.003398,-3,4,1029,"[-1, -1, 2, 2, 2, 2, 2, 2, 2, 2, 2, 1, 2, 1, -2, -2, -2, -1, 2]"
287,dfs_bnb_mpi,0.950122,-4,5,287126,"[-1, -1, 2, 2, 1, -2, 1, 2, 2, 2, 1, -2, -2, -2, -2, 1, -2, -1, -1]"
288,dfs_bnb_mpi,5.67728,-2,3,1756388,"[-1, -1, 2, 2, 2, 2, 2, 2, 2, 2, 2, 2, 2, 1, -2, -2, 1, -2, -1]"
289,dfs_bnb_mpi,3.31972,-4,5,977001,"[-1, -1, 2, 2, -1, -2, -2, -2, -2, 1, -2, 1, 2, 1, 1, 2, -1, -1, -1]"
290,dfs_bnb_mpi,1.35116,-5,6,427399,"[-1, -1, 2, -1, 2, 2, 2, -1, -2, -2, -2, -1, -1, -2, 1, 1, -2, 1, 2]"
291,dfs_bnb_mpi,0.026972,-2,3,8137,"[-1, -1, 2, 2, 2, 2, 1, -2, -2, -2, 1, 1, -2, -2, -1, -1, -1, -1, 2]"
292,dfs_bnb_mpi,0.019728,-3,4,6195,"[-1, -1, 2, 2, 1, 1, -2, 1, 2, 1, -2, -2, -1, -2, 1, -2, -1, -1, 2]"
293,dfs_bnb_mpi,2.99344,-3,4,695573,"[-1, -1, 2, 2, 2, 2, 2, 2, 2, 1, 1, -2, -2, -1, -2, 1, 1, 2, 2]"
294,dfs_bnb_mpi,1.12629,-5,6,343913,"[-1, -1, 2, 2, 1, 2, -1, 2, 2, -1, -2, -2, -1, -2, 1, -2, -1, -2, 1]"
295,dfs_bnb_mpi,0.003724,-5,6,1104,"[-1, -1, 2, 1, 1, 2, 1, -2, -2, -2, -1, -1, -2, -2, 1, 2, 1, 1, 2]"
296,dfs_bnb_mpi,6.72978,-4,5,1884291,"[-1, -1, 2, 2, -1, -2, -2, -2, 1, 1, 1, 1, -2, -1, -2, -1, -1, 2, 1]"
297,dfs_bnb_mpi,0.126877,-2,3,39797,"[-1, -1, 2, 2, 2, 2, 2, 2, 2, 1, -2, -2, 1, 1, -2, -1, -1, -2, 1]"
298,dfs_bnb_mpi,0.379219,-2,3,115020,"[-1, -1, 2, 2, 2, 2, 2, 2, 2, 2, 2, 1, -2, 1, 1, -2, -1, -1, -2]"
299,dfs_bnb_mpi,0.13433,-2,3,41611,"[-1, -1, 2, 2, 2, 1, -2, -2, 1, 2, 1, -2, -2, -2, -1, -1, -1, -1, 2]"
300,dfs_bnb_mpi,0.003367,-4,5,1020,"[-1, -1, 2, 2, 2, 1, 2, -1, 2, -1, -2, -2, -1, -1, -2, 1, 1, -2, -1]"
301,dfs_bnb_mpi,0.014276,-5,5,4149,"[-1, -1, 2, 2, 2, 2, 2, 1, -2, -2, -2, 1, 2, 1, 1, 2, -1, -1, 2]"
302,dfs_bnb_mpi,0.042171,-4,5,11626,"[-1, -1, 2, 2, 1, 2, 2, -1, -2, -1, 2, -1, -2, -2, 1, -2, -1, -1, 2]"
303,dfs_bnb_mpi,0.350839,-4,5,99379,"[-1, -1, 2, 2, 2, 2, 1, 2, -1, 2, -1, -2, -1, -2, 1, -2, -1, -1, 2]"
304,dfs_bnb_mpi,0.025637,-4,5,7777,"[-1, -1, 2, 2, 1, 2, -1, 2, 2, -1, -2, -2, -1, -2, 1, -2, -1, -1, 2]"
305,dfs_bnb_mpi,7.33903,-5,6,2107417,"[-1, -2, 1, -2, 1, 1, 1, 2, 2, 2, 2, -1, -1, -2, 1, -2, -2, -1, 2]"
306,dfs_bnb_mpi,0.50579,-4,5,133570,"[-1, -1, 2, 2, -1, -1, 2, 2, -1, -2, -2, -2, 1, 1, -2, -2, -1, 2, -1]"
307,dfs_bnb_mpi,3.36174,-4,5,1015447,"[-1, -1, 2, 2, 1, 2, 2, -1, -2, -1, 2, 2, 2, -1, -2, -2, -2, -2, 1]"
308,dfs_bnb_mpi,2.5727,-5,6,818527,"[-1, -2, 1, 1, 1, 2, 1, 1, 2, -1, -1, 2, 2, 2, -1, -2, -2, -2, -2]"
309,dfs_bnb_mpi,0.002093,-4,5,600,"[-1, -1, 2, -1, -2, -1, -2, 1, -2, 1, 2, 1, 1, 1, 2, 2, 2, 2, 2]"
310,dfs_bnb_mpi,0.296089,-5,6,94270,"[-1, -1, 2, 1, 2, -1, -1, 2, 1, 1, 2, 1, -2, -2, 1, 1, -2, -1, -1]"
311,dfs_bnb_mpi,0.030114,-5,6,9687,"[-1, -1, 2, 1, 2, -1, -1, -2, -2, -1, -2, 1, 1, -2, -2, 1, 2, 2, 1]"
312,dfs_bnb_mpi,2.43821,-4,5,738109,"[-1, -1, 2, 2, 2, 2, 2, -1, -2, -2, -1, -1, -2, 1, 1, -2, -1, -2, 1]"
313,dfs_bnb_mpi,0.040756,-5,6,12631,"[-1, -2, 1, -2, -1, -2, -1, 2, 2, -1, 2, 1, 2, 2, 1, -2, 1, 2, 2]"
314,dfs_bnb_mpi,8.39536,-5,6,2270050,"[-1, -1, 2, 2, 2, 2, 1, 1, 2, -1, -1, 2, -1, -2, -1, -2, 1, -2, -1]"
315,dfs_bnb_mpi,0.005976,-2,3,1492,"[-1, -1, 2, 2, 2, 2, 2, 2, 2, 2, 1, -2, -2, 1, 1, -2, -1, -1, -2]"
316,dfs_bnb_mpi,3.21957,-5,6,981416,"[-1, -1, 2, 2, 2, -1, -1, -2, -1, -2, -1, -1, -2, 1, 1, 1, 2, 1, 2]"
317,dfs_bnb_mpi,0.006644,-3,4,2106,"[-1, -1, 2, 1, 2, -1, -1, -2, -2, -2, 1, 1, 1, 1, 2, 2, 2, 2, 2]"
318,dfs_bnb_mpi,1.10363,-3,4,327088,"[-1, -1, 2, 2, -1, -2, -2, -2, 1, -2, 1, 2, 1, 1, -2, -1, -2, 1, 1]"
319,dfs_bnb_mpi,0.661981,-4,5,211741,"[-1, -1, 2, 1, 2, 1, 2, 2, 2, 2, 1, -2, -2, -2, -2, 1, -2, -1, -1]"
320,dfs_bnb_mpi,0.001578,-4,5,480,"[-1, -1, 2, 1, 2, 1, -2, 1, 1, -2, -1, -2, 1, 1, 2, 2, 2, 2, 2]"
321,dfs_bnb_mpi,0.403111,-4,5,123944,"[-1, -1, 2, 2, 2, 2, 1, 1, 1, 2, -1, -1, 2, -1, -2, -1, -2, -1, 2]"
322,dfs_bnb_mpi,0.016336,-4,4,5223,"[-1, -1, 2, 2, -1, -2, -2, -1, 2, -1, -1, 2, 2, 1, -2, 1, 2, 2, 2]"
323,dfs_bnb_mpi,0.264968,-4,5,76846,"[-1, -1, 2, 2, 2, 2, 2, 1, 2, -1, -1, 2, -1, -2, -1, -2, 1, 1, -2]"
324,dfs_bnb_mpi,0.257174,-3,4,61885,"[-1, -2, -1, 2, 2, 2, 1, 1, 1, -2, -2, -2, -1, -2, 1, 1, 2, 2, 2]"
325,dfs_bnb_mpi,0.325564,-4,5,102593,"[-1, -1, 2, 1, 2, 2, 2, -1, 2, -1, -2, -2, 1, -2, -1, -1, -2, 1, -2]"
326,dfs_bnb_mpi,0.025796,-3,4,7121,"[-1, -1, 2, 2, 2, 1, 1, -2, -1, -2, 1, 1, 2, 2, 2, 2, 2, 2, 2]"
327,dfs_bnb_mpi,0.81946,-2,3,255855,"[-1, -1, 2, 2, 2, 2, 1, -2, 1, 2, 2, 2, -1, -1, -1, -2, -2, -2, -1]"
328,dfs_bnb_mpi,0.2369,-3,4,61738,"[-1, -1, 2, 2, 2, 2, 1, 1, -2, 1, -2, -1, -1, -2, 1, 1, 1, 2, 2]"
329,dfs_bnb_mpi,0.000157,-2,3,47,"[-1, -1, 2, 2, 2, 2, 2, 2, 2, 2, 2, 2, 1, 1, -2, -1, -2, 1, 1]"
330,dfs_bnb_mpi,0.051654,-4,5,16082,"[-1, -1, 2, 2, 2, 2, 1, 2, 2, -1, -2, -1, -2, -1, -2, 1, -2, -1, -1]"
331,dfs_bnb_mpi,0.12951,-3,4,39582,"[-1, -1, 2, 2, 2, -1, -2, -1, -1, -2, 1, 1, -2, -1, -1, -1, 2, 2, 2]"
332,dfs_bnb_mpi,2.64712,-3,4,651642,"[-1, -1, 2, 2, 2, 2, 2, 2, 2, 1, 2, 2, 1, -2, -2, -2, -1, -2, 1]"
333,dfs_bnb_mpi,0.290553,-2,3,82688,"[-1, -1, 2, 2, 2, 2, 2, 1, 2, 2, 2, -1, -2, -2, -1, -2, -1, 2, 2]"
334,dfs_bnb_mpi,0.029164,-5,6,9266,"[-1, -2, -2, 1, 2, 1, 1, 2, -1, 2, 2, 2, -1, -2, -2, -1, 2, 2, 2]"
335,dfs_bnb_mpi,0.08507,-4,5,25993,"[-1, -1, 2, 2, -1, -2, -2, -1, -1, -2, 1, -2, -2, 1, 1, 2, 2, -1, -2]"
336,dfs_bnb_mpi,0.369493,-5,6,118028,"[-1, -1, 2, 1, 1, 2, 2, 1, -2, -2, 1, 2, 1, -2, -2, -1, -1, -2, -1]"
337,dfs_bnb_mpi,0.073529,-5,6,23432,"[-1, -2, -2, 1, 2, 1, 1, 1, 2, 2, -1, -2, -1, 2, -1, 2, 2, 2, 2]"
338,dfs_bnb_mpi,0.000923,-4,5,274,"[-1, -1, 2, 2, 2, 2, 1, 2, 2, -1, -2, -1, -2, -1, -1, -2, 1, 1, -2]"
339,dfs_bnb_mpi,6e-05,0,1,20,"[-1, -1, 2, 2, 2, 2, 2, 2, 2, 2, 2, 2, 2, 2, 2, 2, 2, 2, 2]"
340,dfs_bnb_mpi,0.320016,-2,3,99555,"[-1, -1, 2, 2, 2, 2, 2, 2, 1, -2, 1, 2, 2, -1, -1, -1, -2, -2, -1]"
341,dfs_bnb_mpi,0.607915,-5,6,179878,"[-1, -2, 1, -2, -1, -1, 2, 2, 2, 1, 1, 1, 1, -2, -1, -2, 1, 1, 2]"
342,dfs_bnb_mpi,0.018792,-4,5,5940,"[-1, -2, -1, 2, 2, 2, 1, -2, 1, 2, 2, 2, -1, -2, -1, 2, 2, 2, 2]"
343,dfs_bnb_mpi,0.003736,-2,3,1179,"[-1, -1, 2, 2, 1, -2, 1, 1, -2, -2, -1, -1, -1, -1, 2, 2, 2, 2, 2]"
344,dfs_bnb_mpi,0.030266,-4,5,8192,"[-1, -1, 2, 2, 2, 2, -1, -2, -2, -2, -1, -2, 1, -2, 1, 1, 1, 1, 2]"
345,dfs_bnb_mpi,1.27157,-5,6,377900,"[-1, -1, 2, 2, 1, 1, 2, -1, -1, 2, 2, -1, -2, -2, -1, -1, -2, 1, 1]"
346,dfs_bnb_mpi,1.18097,-3,4,353471,"[-1, -1, 2, 2, 2, 2, 2, 1, -2, -2, -2, 1, 1, 2, 2, 2, -1, -2, -2]"
347,dfs_bnb_mpi,0.335381,-4,5,104752,"[-1, -1, 2, 2, 1, -2, 1, 2, 2, -1, 2, 2, -1, -1, -2, -2, -2, -2, -1]"
348,dfs_bnb_mpi,1.76971,-4,5,446367,"[-1, -1, 2, 2, 2, 2, 2, 1, 1, 1, -2, 1, -2, -1, -1, 2, -1, -2, -2]"
349,dfs_bnb_mpi,0.02968,-4,5,8500,"[-1, -2, 1, 1, 2, 2, -1, -1, 2, -1, -2, -1, -2, 1, -2, -1, -1, 2, 2]"
350,dfs_bnb_mpi,0.00668,-4,5,2046,"[-1, -1, 2, 2, 1, -2, 1, 1, 2, -1, 2, 2, -1, -2, -1, 2, 2, 2, 2]"
351,dfs_bnb_mpi,0.006978,-4,5,2220,"[-1, -1, 2, 2, -1, -2, -1, -1, -2, 1, 1, -2, 1, 1, 1, 1, 2, 2, 2]"
352,dfs_bnb_mpi,0.040978,-4,5,13145,"[-1, -1, 2, 2, 2, 1, 2, 2, 1, -2, -2, 1, -2, -1, -1, -2, 1, 1, 1]"
353,dfs_bnb_mpi,0.96315,-4,5,308027,"[-1, -2, 1, 1, 1, -2, -1, -1, -2, 1, 1, -2, -1, -1, -1, 2, 2, -1, 2]"
354,dfs_bnb_mpi,15.3735,-3,4,4749398,"[-1, -1, 2, 2, 2, 2, 2, 1, 2, 2, 1, -2, -2, 1, -2, -1, -1, -2, 1]"
355,dfs_bnb_mpi,0.754464,-3,4,237545,"[-1, -1, 2, 2, 2, 2, -1, -2, -2, -2, -1, -1, -2, 1, 1, -2, 1, 1, 1]"
356,dfs_bnb_mpi,0.009926,-5,6,3214,"[-1, -2, -2, 1, 2, 1, 2, 1, 2, -1, -1, 2, -1, -2, -1, 2, 2, 2, 2]"
357,dfs_bnb_mpi,2.54167,-4,5,799995,"[-1, -1, 2, 2, 1, 1, 1, -2, -2, -2, -1, -1, -2, -2, -1, 2, 2, -1, 2]"
358,dfs_bnb_mpi,0.030193,-3,4,9672,"[-1, -1, 2, 2, 2, 2, 2, 2, 2, 1, 1, -2, 1, 1, -2, -1, -1, -1, 2]"
359,dfs_bnb_mpi,0.168453,-5,6,50765,"[-1, -2, 1, 1, 2, 1, 2, -1, -1, 2, -1, -2, -1, -2, -1, -2, 1, -2, 1]"
360,dfs_bnb_mpi,2.82587,-4,4,821712,"[-1, -1, 2, 2, -1, 2, 2, 2, 2, 2, -1, -2, -2, -2, -2, -2, -2, 1, -2]"
361,dfs_bnb_mpi,0.023638,-4,5,7281,"[-1, -1, 2, 1, 1, 1, 2, 1, -2, 1, 1, -2, -1, -1, -1, -2, 1, 1, 1]"
362,dfs_bnb_mpi,4.89898,-5,6,1411815,"[-1, -1, 2, 2, 2, 2, 2, 2, 2, 1, 2, 1, 2, 1, -2, -2, -1, -2, -1]"
363,dfs_bnb_mpi,5.16587,-4,5,1644430,"[-1, -1, 2, 2, 2, 2, 1, 2, -1, 2, -1, 2, 2, -1, -2, -2, -2, 1, -2]"
364,dfs_bnb_mpi,0.071199,-4,5,22048,"[-1, -1, 2, 2, 1, -2, 1, 2, 1, 2, 1, -2, 1, 1, -2, -1, -1, -1, -2]"
365,dfs_bnb_mpi,0.39896,-5,6,121663,"[-1, -1, 2, 2, 1, 1, -2, 1, 2, 1, -2, -2, -1, -2, 1, -2, -1, -1, 2]"
366,dfs_bnb_mpi,0.20697,-4,5,62100,"[-1, -1, 2, -1, -1, -2, -2, -2, 1, -2, 1, 2, 1, 1, 2, -1, -1, -1, 2]"
367,dfs_bnb_mpi,3.32986,-3,4,941209,"[-1, -1, 2, 2, 2, 2, 2, 2, 2, 1, 1, -2, 1, -2, -1, -2, -1, 2, 2]"
368,dfs_bnb_mpi,4.77088,-2,3,1389520,"[-1, -1, 2, 2, 2, 2, 2, 2, 2, 2, 2, 2, 2, 2, 1, 2, -1, -1, -2]"
369,dfs_bnb_mpi,0.360555,-2,3,90892,"[-1, -1, 2, 2, 2, 2, 2, 2, 2, 2, 1, -2, -2, 1, -2, -1, -2, 1, 1]"
370,dfs_bnb_mpi,5.18864,-4,5,1416862,"[-1, -1, 2, 2, -1, -1, -2, -2, -2, -2, 1, 1, -2, 1, 2, 2, -1, -1, 2]"
371,dfs_bnb_mpi,0.005673,-4,5,1527,"[-1, -2, 1, 1, 1, -2, -1, -1, -1, -1, 2, 2, 2, 2, 2, 2, 2, 2, 2]"
372,dfs_bnb_mpi,0.003887,-5,6,1145,"[-1, -1, 2, 1, 1, 2, 2, 2, 1, -2, -2, -2, -2, -2, -1, -2, -1, 2, -1]"
373,dfs_bnb_mpi,1.40264,-5,6,434807,"[-1, -2, -2, -1, 2, 2, -1, 2, 1, 1, 2, 2, 1, -2, 1, 1, -2, -1, -1]"
374,dfs_bnb_mpi,0.010519,-4,5,3131,"[-1, -1, 2, 2, 2, 2, 2, 2, 1, 2, 2, -1, -2, -1, -2, -1, -2, 1, -2]"
375,dfs_bnb_mpi,0.000465,-4,5,135,"[-1, -1, 2, 2, 2, 2, 2, 2, 2, 2, 1, 1, -2, -1, -2, 1, -2, -1, -2]"
376,dfs_bnb_mpi,0.05155,-5,6,14638,"[-1, -1, 2, 2, 1, 2, -1, 2, -1, -2, -1, -2, 1, -2, -1, -1, 2, 2, 2]"
377,dfs_bnb_mpi,0.065432,-5,5,17612,"[-1, -1, 2, 2, 2, -1, 2, 2, -1, -2, -2, -1, -2, 1, -2, -2, 1, 2, 2]"
378,dfs_bnb_mpi,0.005785,-2,3,1747,"[-1, -1, 2, 2, 2, 2, 2, 1, 2, 2, -1, -2, -1, -1, -2, 1, -2, -1, -1]"
379,dfs_bnb_mpi,0.052788,-4,5,16750,"[-1, -1, 2, 1, 2, 2, 1, -2, -2, 1, -2, -2, -1, -1, -2, 1, 1, 1, 2]"
380,dfs_bnb_mpi,5.27349,-4,5,1641529,"[-1, -1, 2, 2, 2, 2, -1, -2, -2, -1, -1, -2, -1, -2, 1, 1, 1, 2, -1]"
381,dfs_bnb_mpi,0.30702,-5,6,93721,"[-1, -1, 2, 2, 1, 1, 1, 2, -1, -1, 2, -1, -2, -1, -2, -1, -2, 1, -2]"
382,dfs_bnb_mpi,8.33341,-5,6,2248319,"[-1, -1, 2, 2, 2, 2, -1, -2, -2, -2, -2, -1, -2, 1, -2, 1, 2, 1, -2]"
383,dfs_bnb_mpi,0.560583,-4,4,180079,"[-1, -1, 2, 2, 1, -2, 1, 1, -2, -2, -1, -1, -2, 1, -2, -1, -1, 2, 2]"
384,dfs_bnb_mpi,0.186975,-4,5,60446,"[-1, -1, 2, 2, -1, -2, -1, 2, 2, -1, -2, -2, -2, -1, -2, 1, 1, 2, 1]"
385,dfs_bnb_mpi,0.503098,-5,6,161346,"[-1, -2, -1, -2, 1, -2, 1, 2, 2, 1, 2, 1, 2, -1, -1, 2, -1, -2, -1]"
386,dfs_bnb_mpi,0.129347,-4,5,38061,"[-1, -1, 2, 2, 2, 2, 1, 2, -1, 2, 2, -1, -2, -1, -2, 1, -2, -1, -1]"
387,dfs_bnb_mpi,2.12419,-4,5,664482,"[-1, -1, 2, 2, -1, -2, -1, 2, 2, -1, -2, -2, -2, 1, 1, -2, 1, 1, 1]"
388,dfs_bnb_mpi,8.66614,-3,4,2231487,"[-1, -1, 2, 2, 2, 2, 2, 2, 2, 1, 1, 2, 1, -2, -2, -1, -1, -2, 1]"
389,dfs_bnb_mpi,0.001397,-4,5,437,"[-1, -1, 2, 2, 2, 1, 2, 2, -1, -2, -1, -2, -1, -2, 1, -2, -1, -1, 2]"
390,dfs_bnb_mpi,0.180322,-4,5,58186,"[-1, -2, 1, 1, 2, 2, 2, 1, -2, -2, -2, -2, -1, -1, -1, -1, 2, 2, 2]"
391,dfs_bnb_mpi,0.021855,-5,6,6620,"[-1, -1, 2, 1, 2, -1, -1, -2, -2, -1, -1, 2, 1, 2, 2, 1, 1, 2, 2]"
392,dfs_bnb_mpi,0.174292,-3,4,56659,"[-1, -2, 1, 1, 2, 2, 2, 1, -2, -2, -2, -2, -1, -1, -1, -1, 2, 2, 2]"
393,dfs_bnb_mpi,0.082938,-3,4,25480,"[-1, -1, 2, 2, -1, -2, -2, -1, -1, -2, 1, 1, 1, -2, -1, -1, -1, -1, 2]"
394,dfs_bnb_mpi,0.056679,-4,5,17666,"[-1, -1, 2, 2, 1, 1, -2, 1, -2, -2, -1, -1, -1, -2, 1, 1, 1, 1, 2]"
395,dfs_bnb_mpi,0.117744,-4,4,35184,"[-1, -1, 2, 2, 2, 2, 2, 2, 1, -2, -2, -2, 1, 2, 1, 2, -1, 2, 2]"
396,dfs_bnb_mpi,0.051833,-4,5,16641,"[-1, -2, -1, -2, 1, -2, 1, 1, 2, -1, 2, 1, 2, 2, -1, 2, 2, 2, 2]"
397,dfs_bnb_mpi,0.000156,-2,3,45,"[-1, -1, 2, 2, 2, 2, 2, 2, 2, 2, 2, 2, 2, 1, 1, -2, -1, -2, 1]"
398,dfs_bnb_mpi,4.73157,-5,6,1381837,"[-1, -1, 2, 2, 2, 2, 2, 1, 1, -2, 1, -2, 1, -2, -1, -1, 2, -1, 2]"
399,dfs_bnb_mpi,0.807525,-4,5,256001,"[-1, -1, 2, 2, 2, 2, 2, 1, -2, -2, 1, -2, 1, 1, -2, -1, -1, -1, 2]"
400,dfs_bnb_mpi,0.168733,-4,5,50618,"[-1, -1, 2, 1, 2, 1, 1, -2, -2, -2, -1, -1, -1, -1, -1, 2, 1, 2, 2]"
401,dfs_bnb_mpi,4.2873,-5,6,1303863,"[-1, -2, -1, 2, -1, 2, 2, 2, 2, 1, 1, -2, -2, 1, -2, -1, -1, 2, 2]"
402,dfs_bnb_mpi,0.111911,-5,6,35475,"[-1, -1, 2, 2, 2, 1, -2, -2, 1, 2, 1, -2, 1, -2, -1, -2, -1, -1, -1]"
403,dfs_bnb_mpi,0.011405,-4,5,3487,"[-1, -2, 1, 1, 2, 1, -2, -2, -1, -2, -2, -1, 2, 2, -1, -1, 2, 2, 2]"
404,dfs_bnb_mpi,1.12764,-4,5,366969,"[-1, -1, 2, 2, 1, -2, 1, 1, 1, 2, 2, 2, -1, -1, -1, -2, 1, -2, 1]"
405,dfs_bnb_mpi,0.002645,-4,5,745,"[-1, -1, 2, -1, 2, -1, -1, -2, 1, -2, 1, -2, 1, 1, 1, 1, 2, 2, 2]"
406,dfs_bnb_mpi,7.42696,-4,4,2187157,"[-1, -1, 2, -1, -2, -1, 2, 2, 2, -1, -2, -2, -2, -2, 1, 1, 1, 1, 1]"
407,dfs_bnb_mpi,0.022617,-2,3,7125,"[-1, -1, 2, 2, 1, -2, 1, 2, 2, -1, -1, -1, -2, -2, -1, 2, 2, 2, 2]"
408,dfs_bnb_mpi,0.023497,-4,5,7328,"[-1, -1, 2, 2, 2, 1, 2, -1, 2, -1, -2, -1, -1, -2, 1, 1, -2, -1, -1]"
409,dfs_bnb_mpi,0.009823,-4,5,3011,"[-1, -1, 2, 1, 2, 1, 1, -2, -2, -2, -1, -1, -2, -2, -1, 2, 2, -1, 2]"
410,dfs_bnb_mpi,0.304584,-3,4,88498,"[-1, -1, 2, 2, 2, 2, 2, 1, -2, -2, -2, -2, 1, 2, 2, 2, 2, 2, 2]"
411,dfs_bnb_mpi,0.363382,-5,6,118507,"[-1, -1, 2, 1, 1, 1, -2, 1, 2, 2, 1, -2, -2, -2, -1, -1, -2, -1, 2]"
412,dfs_bnb_mpi,0.737562,-5,6,214096,"[-1, -1, 2, 1, 1, 2, 2, -1, -2, -1, 2, -1, -2, -1, -1, -2, 1, 1, -2]"
413,dfs_bnb_mpi,0.023575,-4,5,7260,"[-1, -1, 2, 2, 1, 2, -1, 2, -1, -2, -1, -1, -2, 1, 1, -2, -1, -1, -1]"
414,dfs_bnb_mpi,0.045061,-2,3,13909,"[-1, -1, 2, 2, 2, 2, 2, 2, 2, 1, -2, 1, -2, -1, -2, 1, 1, 2, 2]"
415,dfs_bnb_mpi,0.085835,-4,5,27897,"[-1, -2, 1, 1, 2, 2, 2, 2, 2, 2, -1, -2, -2, -2, -2, -1, 2, 2, 2]"
416,dfs_bnb_mpi,0.484529,-4,5,140751,"[-1, -1, 2, 2, 2, -1, 2, 2, -1, -2, -2, -2, 1, -2, -2, -1, -2, 1, 1]"
417,dfs_bnb_mpi,0.381323,-4,5,117159,"[-1, -1, 2, 2, 2, 2, 2, 2, 1, 1, 2, 1, -2, -2, -2, -1, -1, 2, 1]"
418,dfs_bnb_mpi,7.3842,-5,6,2203876,"[-1, -2, -1, -1, -2, 1, 1, -2, 1, 2, 1, 1, 2, 2, 2, -1, -2, -2, -1]"
419,dfs_bnb_mpi,0.052328,-5,5,16649,"[-1, -2, 1, 1, 2, 2, 2, 2, 1, -2, -2, 1, 2, 1, -2, -2, -1, -1, -2]"
420,dfs_bnb_mpi,0.282654,-4,5,89237,"[-1, -1, 2, 2, 2, -1, -2, -2, -1, -1, -2, 1, 1, -2, 1, 1, 1, 1, 2]"
421,dfs_bnb_mpi,1.0282,-4,5,297484,"[-1, -1, 2, 2, 2, 2, 1, -2, -2, 1, 1, 1, 2, -1, -1, 2, 1, 2, 2]"
422,dfs_bnb_mpi,0.388488,-4,5,120947,"[-1, -1, 2, 2, 2, 2, -1, -2, -2, -2, -2, -1, -1, -2, 1, 1, -2, 1, 2]"
423,dfs_bnb_mpi,0.309518,-4,5,88843,"[-1, -1, 2, 2, 2, 2, 2, 1, -2, -2, -2, -2, 1, 2, 1, -2, 1, 2, 2]"
424,dfs_bnb_mpi,0.012206,-4,5,3671,"[-1, -1, 2, 2, 2, 1, 2, -1, 2, -1, -2, -1, -2, 1, -2, -1, -1, 2, 2]"
425,dfs_bnb_mpi,0.420407,-5,6,129311,"[-1, -2, 1, -2, -1, -1, 2, 2, 2, 1, 1, 2, 1, -2, -2, 1, -2, -1, -2]"
426,dfs_bnb_mpi,0.925309,-5,6,273119,"[-1, -1, 2, 2, 2, 1, 1, -2, -2, 1, -2, 1, -2, -1, -2, -1, 2, -1, -1]"
427,dfs_bnb_mpi,19.3944,-4,5,4687185,"[-1, -1, 2, 2, 2, 1, 2, 2, 2, 1, -2, -2, 1, 1, -2, -1, -1, -2, -1]"
428,dfs_bnb_mpi,0.470718,-4,4,124750,"[-1, -1, 2, 2, -1, -2, -2, -2, 1, 1, 1, 1, -2, -1, -2, -1, -1, 2, 1]"
429,dfs_bnb_mpi,0.055014,-3,4,17269,"[-1, -1, 2, 2, 2, 1, -2, -2, 1, 2, 2, 1, -2, -2, -2, 1, 2, 2, 2]"
430,dfs_bnb_mpi,0.002048,-4,5,559,"[-1, -2, 1, 1, 2, 2, -1, 2, -1, -2, -1, 2, 2, 2, 2, 2, 2, 2, 2]"
431,dfs_bnb_mpi,0.016464,-3,4,4982,"[-1, -1, 2, 2, 2, 2, 1, 2, 1, -2, -2, -1, -2, 1, 1, 2, 2, 2, 2]"
432,dfs_bnb_mpi,0.172095,-2,3,42904,"[-1, -1, 2, 2, 2, 1, 2, 2, 2, 2, 1, -2, -2, -2, -2, -2, -1, -2, 1]"
433,dfs_bnb_mpi,0.062286,-4,5,16667,"[-1, -1, 2, 2, 2, 1, 2, 2, 1, -2, -2, 1, 1, -2, -1, -1, -1, -2, 1]"
434,dfs_bnb_mpi,0.109321,-2,3,31672,"[-1, -1, 2, 2, 2, 2, 2, 2, 2, 1, -2, 1, 2, 1, -2, -2, -1, -1, -2]"
435,dfs_bnb_mpi,0.540055,-6,6,171049,"[-1, -1, 2, 1, 1, 2, 2, 1, -2, -2, 1, 2, 1, -2, -2, -1, -2, -1, 2]"
436,dfs_bnb_mpi,0.007817,-5,6,2452,"[-1, -1, 2, 2, 1, -2, 1, 1, -2, 1, -2, -1, -2, -1, 2, -1, -1, -1, 2]"
437,dfs_bnb_mpi,0.741258,-5,6,219099,"[-1, -1, 2, 2, 2, 2, 1, 2, -1, -1, 2, -1, -1, -2, 1, -2, -2, 1, 2]"
438,dfs_bnb_mpi,6.49481,-4,5,1855827,"[-1, -1, 2, 2, 2, 2, 2, 2, -1, -2, -2, -2, -2, -2, -1, -2, -2, 1, 2]"
439,dfs_bnb_mpi,32.4986,-4,5,9672880,"[-1, -2, 1, 1, 1, -2, -1, -1, -2, 1, 1, 1, -2, -1, -1, -1, -1, 2, 2]"
440,dfs_bnb_mpi,0.148676,-4,5,43558,"[-1, -1, 2, 2, 2, 2, 1, 1, 2, -1, 2, 1, 1, -2, -2, -2, -1, -1, -2]"
441,dfs_bnb_mpi,3.52406,-4,5,1088066,"[-1, -1, -1, 2, 1, 2, 2, 2, 2, 1, -2, -2, 1, 1, -2, -1, -1, -2, 1]"
442,dfs_bnb_mpi,0.99508,-4,5,311387,"[-1, -1, 2, 1, 2, 1, 2, 1, -2, 1, 2, 2, 1, -2, -2, -2, -1, -1, -1]"
443,dfs_bnb_mpi,0.090696,-4,5,26549,"[-1, -1, 2, 2, 1, 2, 2, 2, -1, -2, -2, -1, -2, -2, -1, -1, 2, 1, 2]"
444,dfs_bnb_mpi,0.171315,-4,5,51686,"[-1, -1, 2, 2, 2, -1, -2, -1, -1, -2, -2, 1, 2, 1, -2, -2, 1, 1, 1]"
445,dfs_bnb_mpi,0.006915,-4,5,2079,"[-1, -2, -1, -1, -1, 2, 1, 1, 2, 2, 1, -2, 1, 2, 2, 2, 2, 2, 2]"
446,dfs_bnb_mpi,3.25812,-4,5,996799,"[-1, -1, 2, 1, 1, 2, 2, 2, 2, -1, -2, -2, -2, -1, -1, -2, -2, -2, 1]"
447,dfs_bnb_mpi,0.010419,-5,6,3164,"[-1, -1, 2, 1, 1, 2, 2, 1, -2, 1, -2, -1, -2, 1, 1, 2, 2, 2, 2]"
448,dfs_bnb_mpi,0.003829,-4,5,1105,"[-1, -1, 2, 1, 1, 2, 1, -2, -2, 1, -2, -1, -1, -1, -1, -1, 2, 2, 2]"
449,dfs_bnb_mpi,1.21956,-4,5,386851,"[-1, -2, 1, 1, 2, 2, 2, -1, -2, -1, 2, 2, -1, -2, -2, -1, -2, 1, -2]"
450,dfs_bnb_mpi,0.000882,-4,5,293,"[-1, -2, 1, 1, -2, -1, -2, -2, -1, 2, 2, -1, 2, 2, 2, 2, 2, 2, 2]"
451,dfs_bnb_mpi,0.47673,-4,5,148184,"[-1, -1, 2, 2, 1, 2, 2, -1, -2, -1, 2, -1, -2, -1, -2, -2, 1, 2, 1]"
452,dfs_bnb_mpi,0.219598,-2,3,67935,"[-1, -1, 2, 2, 2, 2, 2, 2, 1, -2, 1, 2, 2, -1, -1, -1, -2, -2, -1]"
453,dfs_bnb_mpi,0.097208,-4,5,26827,"[-1, -1, 2, 1, 1, 1, 2, 2, 1, -2, -2, -2, -1, -2, 1, 1, 2, 2, 2]"
454,dfs_bnb_mpi,0.013003,-4,5,4183,"[-1, -1, 2, 2, 2, 2, 1, 2, -1, 2, -1, -2, -1, -1, -2, 1, 1, -2, -1]"
455,dfs_bnb_mpi,0.28049,-4,5,90347,"[-1, -1, 2, 2, 2, 1, 2, 2, 2, 1, -2, -2, -2, 1, -2, -1, -1, -2, 1]"
456,dfs_bnb_mpi,0.017327,-4,5,4943,"[-1, -1, 2, 1, 2, 2, 1, -2, -2, 1, 2, 1, -2, -2, -1, -2, 1, 1, 2]"
457,dfs_bnb_mpi,1.08111,-4,5,312564,"[-1, -1, 2, 2, 2, 2, -1, -1, -2, -1, -1, -2, 1, 1, 1, -2, -2, -1, 2]"
458,dfs_bnb_mpi,0.017,-4,5,5425,"[-1, -1, 2, 1, 1, 2, 1, -2, 1, 2, 1, -2, -2, -1, -1, -2, 1, 1, 1]"
459,dfs_bnb_mpi,0.022949,-4,5,7292,"[-1, -1, 2, 2, 2, 1, 2, 1, 2, 2, 1, -2, -2, -2, -1, -2, -1, -2, 1]"
460,dfs_bnb_mpi,0.31152,-4,5,95735,"[-1, -1, 2, 2, 2, 2, 2, 1, 2, -1, 2, 2, -1, -2, -2, -1, -2, 1, -2]"
461,dfs_bnb_mpi,0.083435,-5,6,27016,"[-1, -2, 1, 1, 2, 2, -1, 2, 1, 1, -2, 1, 2, 1, -2, -2, -1, -1, -2]"
462,dfs_bnb_mpi,0.006843,-4,5,2156,"[-1, -1, 2, -1, -2, -1, -2, 1, 1, -2, -2, 1, 2, 2, 1, 1, 2, 2, 2]"
463,dfs_bnb_mpi,0.026179,-4,5,8301,"[-1, -1, 2, 2, 2, 1, 2, -1, 2, 2, 2, -1, -2, -2, -2, -1, -2, 1, -2]"
464,dfs_bnb_mpi,0.838632,-4,5,253907,"[-1, -1, 2, 2, 2, 2, 2, 2, 2, 1, 1, 2, 1, -2, -2, -1, -2, -1, 2]"
465,dfs_bnb_mpi,0.328178,-5,6,99374,"[-1, -1, 2, 2, 2, -1, -1, -2, 1, -2, -2, -1, 2, -1, 2, 2, -1, -2, -1]"
466,dfs_bnb_mpi,0.275405,-4,5,87549,"[-1, -1, 2, 2, 2, 2, -1, -2, -1, -1, -2, 1, -2, -1, -2, 1, 1, 2, 2]"
467,dfs_bnb_mpi,0.001658,-3,4,506,"[-1, -1, 2, -1, -2, -1, -1, 2, 1, 2, 2, 2, 2, 2, 2, 2, 2, 2, 2]"
468,dfs_bnb_mpi,0.095826,-4,5,29225,"[-1, -1, -1, 2, 2, 1, -2, 1, 1, 1, 2, -1, -1, 2, -1, 2, 2, 2, 2]"
469,dfs_bnb_mpi,0.141977,-4,5,44729,"[-1, -1, 2, 2, 2, 1, -2, -2, 1, 2, 1, -2, -2, 1, 1, -2, -1, -1, -1]"
470,dfs_bnb_mpi,0.000477,-4,5,139,"[-1, -1, 2, 2, 2, 2, 2, 2, 2, 1, 1, -2, -1, -2, 1, -2, -1, -2, 1]"
471,dfs_bnb_mpi,0.057026,-4,5,17672,"[-1, -1, 2, 2, 2, 1, 1, 2, -1, -1, 2, -1, -2, -1, -2, 1, -2, -1, -1]"
472,dfs_bnb_mpi,0.026037,-5,6,8152,"[-1, -1, 2, -1, -2, -2, -1, 2, -1, -2, -2, 1, 1, 1, 2, 1, 1, 1, 2]"
473,dfs_bnb_mpi,0.033067,-5,6,10208,"[-1, -1, 2, 1, 2, -1, 2, -1, -2, -1, -1, -2, 1, 1, -2, -2, 1, 1, 1]"
474,dfs_bnb_mpi,7.50102,-3,4,2147996,"[-1, -1, 2, 2, 2, -1, -2, -1, 2, 2, 2, -1, -2, -2, -2, -2, 1, 1, -2]"
475,dfs_bnb_mpi,0.006826,-4,5,1916,"[-1, -1, 2, -1, 2, -1, -2, -1, -2, 1, 1, -2, 1, 1, 1, 1, 2, 2, 2]"
476,dfs_bnb_mpi,27.6305,-4,5,8586892,"[-1, -2, 1, 1, 2, 2, 2, 2, 2, 1, -2, -2, -2, -2, -2, -2, -1, -1, -1]"
477,dfs_bnb_mpi,0.020343,-4,5,5983,"[-1, -1, 2, 1, 2, -1, 2, -1, -2, -2, -1, -1, -2, 1, 1, -2, 1, 1, 1]"
478,dfs_bnb_mpi,1.0408,-3,4,258775,"[-1, -1, 2, 2, 2, 2, 2, 2, 1, -2, -2, -2, -2, -2, 1, 1, 2, -1, 2]"
479,dfs_bnb_mpi,0.832886,-4,5,232725,"[-1, -1, 2, 2, 1, -2, 1, 1, -2, -2, -1, -1, -2, 1, -2, -1, -1, 2, 2]"
480,dfs_bnb_mpi,4.28662,-4,5,1276554,"[-1, -1, 2, 2, 2, 2, 2, 2, 1, 2, 1, 2, 2, -1, -2, -1, -2, -1, -2]"
481,dfs_bnb_mpi,0.633776,-2,3,186997,"[-1, -1, 2, 2, 2, 2, 1, 2, 2, 2, 2, -1, -2, -2, -2, -1, -1, -2, 1]"
482,dfs_bnb_mpi,0.101398,-4,5,29985,"[-1, -1, 2, -1, -2, -1, -1, -2, 1, -2, -2, 1, 2, 2, 1, 1, 1, 1, 2]"
483,dfs_bnb_mpi,0.312697,-4,4,99029,"[-1, -1, 2, 2, 2, -1, -2, -2, -2, -2, -1, -1, 2, 1, 2, -1, 2, 1, 2]"
484,dfs_bnb_mpi,0.601233,-4,5,175113,"[-1, -1, 2, 2, 2, 2, -1, -2, -2, -2, -1, -1, -2, 1, 1, -2, 1, 1, 1]"
485,dfs_bnb_mpi,6.5e-05,0,1,20,"[-1, -1, 2, 2, 2, 2, 2, 2, 2, 2, 2, 2, 2, 2, 2, 2, 2, 2, 2]"
486,dfs_bnb_mpi,0.396624,-5,6,119713,"[-1, -1, 2, -1, -2, -2, -1, 2, -1, -2, -2, 1, -2, 1, 2, 1, 1, 2, -1]"
487,dfs_bnb_mpi,0.006227,-3,4,1502,"[-1, -1, 2, 2, 2, 2, 2, 2, 2, 2, 2, 1, -2, -2, 1, -2, -2, -1, 2]"
488,dfs_bnb_mpi,1.47884,-4,5,443109,"[-1, -1, 2, 2, 2, 2, 2, 1, 1, 1, -2, -2, -2, -1, -1, 2, 1, 2, -1]"
489,dfs_bnb_mpi,4.6602,-4,5,1328558,"[-1, -1, 2, 2, 1, 2, 2, -1, -1, -1, -2, -2, -1, -2, 1, 1, 2, 2, 1]"
490,dfs_bnb_mpi,0.031171,-4,5,9158,"[-1, -1, 2, 2, 1, 1, 2, -1, -1, 2, -1, -2, -2, -1, -2, 1, -2, -1, -1]"
491,dfs_bnb_mpi,0.075773,-5,6,22938,"[-1, -1, 2, 1, 1, 2, 2, 2, 1, -2, -2, -2, 1, -2, -1, -2, -1, -1, -1]"
492,dfs_bnb_mpi,0.001105,-2,3,274,"[-1, -1, 2, -1, -1, -2, 1, -2, 1, 1, 1, 1, 2, 2, 2, 2, 2, 2, 2]"
493,dfs_bnb_mpi,0.001947,-4,5,589,"[-1, -1, 2, 2, -1, -2, -1, -2, 1, -2, 1, 1, 1, 1, 2, 2, 2, 2, 2]"
494,dfs_bnb_mpi,1.27262,-4,5,380173,"[-1, -1, 2, 2, 1, -2, 1, 2, 2, 2, 1, -2, -2, -2, 1, -2, -1, -2, 1]"
495,dfs_bnb_mpi,1.3958,-5,6,359986,"[-1, -1, 2, 2, 2, 1, 1, 1, 1, -2, -2, -2, -1, 2, 2, -1, -1, -2, 1]"
496,dfs_bnb_mpi,0.030336,-5,5,9230,"[-1, -1, 2, 2, -1, -1, -2, 1, -2, -1, -1, -1, -2, 1, 1, -2, 1, 2, 1]"
497,dfs_bnb_mpi,6.7e-05,0,1,20,"[-1, -1, 2, 2, 2, 2, 2, 2, 2, 2, 2, 2, 2, 2, 2, 2, 2, 2, 2]"
498,dfs_bnb_mpi,1.03108,-4,5,320811,"[-1, -1, 2, 2, 1, 2, 2, -1, -2, -1, -1, -2, -1, -1, -2, 1, 1, 1, 2]"
499,dfs_bnb_mpi,0.405776,-2,3,126400,"[-1, -1, 2, 2, 1, 2, 2, 2, 2, 2, -1, -2, -2, -2, -2, -1, -1, -2, 1]"
500,dfs_bnb_mpi,0.238237,-4,5,73429,"[-1, -1, 2, 2, 2, 2, 2, 1, 1, 2, -1, -1, 2, -1, -2, -1, -2, 1, -2]"
501,dfs_bnb_mpi,0.766266,-5,6,221857,"[-1, -1, 2, 1, 1, 1, -2, -2, -1, -1, -1, -1, -2, 1, -2, 1, 1, 2, -1]"
502,dfs_bnb_mpi,3.71812,-5,6,1155088,"[-1, -2, 1, -2, 1, 2, 2, 1, 1, 2, 2, 2, -1, -2, -2, -1, 2, -1, -2]"
503,dfs_bnb_mpi,0.667102,-4,5,197792,"[-1, -2, 1, 1, 2, 2, -1, -1, 2, -1, -2, -2, -2, -1, -1, -2, 1, 1, 1]"
504,dfs_bnb_mpi,0.007584,-5,6,2298,"[-1, -1, 2, -1, 2, -1, 2, -1, -2, -2, 1, -2, 1, -2, 1, 1, 1, 1, 2]"
505,dfs_bnb_mpi,12.7558,-4,5,3236086,"[-1, -1, 2, 2, 2, 2, 2, -1, -1, -2, -2, -2, -2, 1, -2, -1, -2, 1, 1]"
506,dfs_bnb_mpi,0.301356,-4,5,93591,"[-1, -1, 2, 2, 2, 2, 2, 1, 2, -1, 2, 2, -1, -2, -2, -1, -2, 1, -2]"
507,dfs_bnb_mpi,0.974835,-4,5,300608,"[-1, -2, -1, -1, 2, 1, 2, -1, 2, 2, 2, 1, -2, -2, 1, -2, 1, 2, 2]"
508,dfs_bnb_mpi,0.09333,-2,3,28290,"[-1, -1, 2, 2, 2, 2, 2, 2, 2, 1, 2, -1, 2, -1, -2, -2, -1, 2, 2]"
509,dfs_bnb_mpi,0.010656,-5,6,3092,"[-1, -2, -1, -1, -2, 1, 1, 1, 2, 1, 2, 2, 1, -2, 1, 2, 2, 2, 2]"
510,dfs_bnb_mpi,0.003176,-4,5,928,"[-1, -2, -1, 2, 2, -1, 2, 1, 1, -2, 1, 2, 2, 2, 2, 2, 2, 2, 2]"
511,dfs_bnb_mpi,0.3599,-4,5,100696,"[-1, -1, 2, 2, 1, 2, 2, 2, -1, -1, -2, 1, -2, -1, -1, -2, 1, -2, -1]"
512,dfs_bnb_mpi,0.015384,-4,5,4235,"[-1, -1, 2, 2, -1, -1, -1, -2, 1, 1, -2, -2, -1, 2, -1, -1, 2, 2, 2]"
513,dfs_bnb_mpi,1.06408,-3,3,270876,"[-1, -1, 2, 2, 2, 2, 2, 2, 2, 2, 1, -2, -2, -2, 1, -2, -1, -2, 1]"
514,dfs_bnb_mpi,3.57818,-5,6,1140624,"[-1, -2, 1, -2, 1, 1, 2, -1, 2, 1, 1, 2, 2, -1, -2, -1, 2, -1, -2]"
515,dfs_bnb_mpi,0.947401,-2,3,239882,"[-1, -1, 2, 2, 2, 2, 2, 2, 2, 2, 1, -2, -2, -2, -2, 1, 2, 2, 2]"
516,dfs_bnb_mpi,0.05042,-3,4,15255,"[-1, -1, 2, 2, 2, 1, -2, -2, 1, 1, 1, 2, -1, -1, 2, 2, 2, 2, 2]"
517,dfs_bnb_mpi,0.570339,-4,5,173393,"[-1, -1, 2, 2, 2, 1, -2, 1, 2, 1, 2, 2, -1, -2, -1, -1, 2, 1, 2]"
518,dfs_bnb_mpi,2.18144,-4,5,674763,"[-1, -1, 2, 2, 2, 2, 1, 1, 1, -2, -2, 1, -2, -1, -1, -1, 2, 1, 2]"
519,dfs_bnb_mpi,0.308934,-4,5,94126,"[-1, -1, 2, 2, -1, -2, -1, 2, -1, -2, -1, -2, 1, 1, 1, -2, 1, 1, 1]"
520,dfs_bnb_mpi,0.351217,-4,5,107571,"[-1, -1, 2, 2, 2, 1, 2, 1, 1, -2, 1, -2, -1, -2, -1, -1, 2, 1, 2]"
521,dfs_bnb_mpi,0.848447,-3,4,260109,"[-1, -1, 2, 2, 2, -1, -2, -2, -1, 2, -1, -2, -2, 1, 1, -2, 1, 1, 1]"
522,dfs_bnb_mpi,0.004372,-2,3,1280,"[-1, -1, 2, 2, 2, 2, 2, 1, 2, -1, -1, -2, -1, 2, 2, 2, 2, 2, 2]"
523,dfs_bnb_mpi,1.88127,-4,5,560630,"[-1, -1, 2, 1, 1, 2, -1, 2, 2, 2, 2, -1, -2, -2, -2, -2, -1, -2, -1]"
524,dfs_bnb_mpi,0.011573,-4,5,3586,"[-1, -1, 2, 2, 1, -2, 1, 2, 2, 1, -2, -2, 1, -2, -1, -2, 1, 1, 2]"
525,dfs_bnb_mpi,0.432796,-3,4,122016,"[-1, -1, 2, 2, -1, -2, -2, -2, 1, 1, 1, -2, -1, -1, -1, -1, 2, 2, 2]"
526,dfs_bnb_mpi,0.111371,-4,5,34482,"[-1, -1, 2, 2, 2, 1, 2, -1, -1, 2, -1, -2, -1, -2, 1, 1, -2, -1, -1]"
527,dfs_bnb_mpi,0.002806,-2,3,794,"[-1, -1, 2, 2, 2, 2, 2, 1, 2, -1, 2, -1, -2, -2, -1, 2, 2, 2, 2]"
528,dfs_bnb_mpi,0.016862,-2,3,4858,"[-1, -1, 2, 2, 2, 2, 2, 2, 2, 1, 2, 2, -1, -2, -1, -2, -1, 2, 2]"
529,dfs_bnb_mpi,0.151702,-4,5,46325,"[-1, -1, 2, 2, 2, 1, 1, 2, -1, 2, 2, -1, -2, -2, -1, -1, -2, 1, -2]"
530,dfs_bnb_mpi,0.016762,-3,4,4082,"[-1, -1, 2, 2, 2, 2, 2, 2, 2, 2, 1, -2, -2, -2, 1, -2, -2, -1, 2]"
531,dfs_bnb_mpi,0.00335,-3,4,939,"[-1, -1, 2, 2, 2, 1, -2, -2, 1, 1, 2, -1, 2, 2, 2, 2, 2, 2, 2]"
532,dfs_bnb_mpi,1.48382,-3,4,395308,"[-1, -1, 2, 2, 2, 2, 2, 2, 2, 2, 1, 1, -2, -2, -2, -2, -1, 2, 2]"
533,dfs_bnb_mpi,2.86106,-4,5,724831,"[-1, -1, 2, 2, 2, 2, 2, -1, -2, -2, -1, -1, -2, 1, 1, -2, -2, -1, 2]"
534,dfs_bnb_mpi,0.679643,-4,5,212321,"[-1, -1, 2, 2, 2, 2, -1, -1, -2, 1, -2, -1, -2, 1, -2, -1, -2, 1, 1]"
535,dfs_bnb_mpi,2.27495,-4,5,639296,"[-1, -1, 2, 2, 2, 2, 2, 2, 1, 2, -1, 2, -1, -2, -1, -2, 1, -2, -1]"
536,dfs_bnb_mpi,0.631216,-5,4,201978,"[-1, -1, 2, 2, 1, -2, 1, 2, 2, 2, 2, 1, -2, -2, -2, -2, 1, -2, -1]"
537,dfs_bnb_mpi,0.917412,-5,5,296747,"[-1, -1, 2, 1, 1, 2, 2, 2, -1, -2, -1, 2, 2, -1, -2, -2, -2, 1, 1]"
538,dfs_bnb_mpi,0.253776,-4,5,78343,"[-1, -1, 2, 2, 2, 2, 1, -2, -2, 1, -2, 1, 1, -2, -1, -2, -2, -1, 2]"
539,dfs_bnb_mpi,0.0008,-4,5,261,"[-1, -2, -1, 2, 2, 1, 2, 2, 1, -2, -2, 1, 2, 2, 2, 2, 2, 2, 2]"
540,dfs_bnb_mpi,2.3046,-5,6,713309,"[-1, -1, 2, -1, 2, -1, -2, -1, 2, 2, -1, -2, -2, -2, 1, 1, -2, 1, 2]"
541,dfs_bnb_mpi,3.08992,-5,6,970567,"[-1, -1, 2, 1, 2, 1, 2, 2, 2, 2, 1, -2, -2, -2, -2, 1, -2, -1, -1]"
542,dfs_bnb_mpi,0.053473,-2,3,16543,"[-1, -1, 2, 2, 2, 2, 2, -1, -2, -2, -2, -2, -2, -2, 1, 1, 1, 1, 2]"
543,dfs_bnb_mpi,0.133614,-5,6,40698,"[-1, -1, 2, 2, 2, -1, 2, -1, -2, -1, -2, 1, 1, -2, -2, -1, 2, -1, -1]"
544,dfs_bnb_mpi,0.406398,-4,5,127216,"[-1, -2, 1, 1, 1, -2, -1, -1, -1, -1, -2, 1, -2, -2, 1, 2, 2, 1, 1]"
545,dfs_bnb_mpi,1.18713,-3,4,373988,"[-1, -1, 2, 2, 2, 2, 2, 2, 2, 1, -2, 1, 2, 1, -2, -2, -1, -1, -2]"
546,dfs_bnb_mpi,1.66836,-4,5,464660,"[-1, -1, 2, 2, 2, 2, 1, -2, 1, 2, 1, -2, -2, -1, -1, -2, 1, 1, 1]"
547,dfs_bnb_mpi,0.766254,-4,4,244113,"[-1, -1, 2, 2, 2, 2, 2, 2, 2, 1, -2, -2, -2, -2, 1, -2, -1, -2, 1]"
548,dfs_bnb_mpi,0.034161,-3,4,10871,"[-1, -1, 2, 2, 2, 2, 2, 2, 2, 1, -2, -2, 1, -2, 1, -2, -1, -1, 2]"
549,dfs_bnb_mpi,0.000176,-2,3,43,"[-1, -1, 2, 2, 2, 2, 2, 2, 2, 2, 2, 2, 2, 2, 1, 1, -2, -1, -2]"
550,dfs_bnb_mpi,0.034483,-4,5,10871,"[-1, -1, 2, 1, 2, 1, 2, 1, 1, -2, -1, -2, -2, -2, -1, -1, -1, -1, 2]"
551,dfs_bnb_mpi,2.85055,-4,5,876105,"[-1, -1, 2, 2, 2, -1, -2, -2, -1, -1, -1, -2, -2, 1, 1, 1, 2, -1, -1]"
552,dfs_bnb_mpi,0.112585,-4,5,32947,"[-1, -1, 2, 2, 2, 2, 1, 1, -2, -2, -1, -2, 1, 1, 2, 2, 2, 2, 2]"
553,dfs_bnb_mpi,0.040625,-4,5,13005,"[-1, -1, 2, 2, 2, 1, 2, 2, 1, -2, -2, 1, -2, -1, -1, -2, 1, 1, 1]"
554,dfs_bnb_mpi,0.983607,-4,5,285436,"[-1, -1, 2, 2, 2, 1, 1, 1, -2, 1, -2, 1, 1, -2, -1, -1, -1, 2, -1]"
555,dfs_bnb_mpi,2.33994,-2,3,594543,"[-1, -1, 2, 2, 2, 2, 2, 2, 2, 2, 2, 2, 1, 1, -2, -1, -2, 1, 1]"
556,dfs_bnb_mpi,0.012839,-5,6,3979,"[-1, -1, 2, 1, 1, 2, 1, -2, 1, -2, -1, -2, -2, -1, 2, -1, -1, -1, 2]"
557,dfs_bnb_mpi,0.459355,-3,4,107189,"[-1, -1, 2, 2, 2, 2, 2, 2, 2, 1, 2, 1, -2, -2, -1, -2, 1, 1, 2]"
558,dfs_bnb_mpi,0.041327,-4,4,13194,"[-1, -1, 2, 2, 1, -2, 1, 2, 1, -2, 1, 2, 1, -2, -2, -1, -1, -2, 1]"
559,dfs_bnb_mpi,0.232824,-4,5,74996,"[-1, -2, 1, 1, 2, 2, 2, -1, -2, -1, -1, -2, -2, -2, 1, 1, 1, 1, 2]"
560,dfs_bnb_mpi,0.001785,-3,4,444,"[-1, -1, 2, 1, 2, 1, -2, 1, 2, 2, 2, 2, 2, 2, 2, 2, 2, 2, 2]"
561,dfs_bnb_mpi,15.1274,-4,5,4647914,"[-1, -1, 2, 2, 2, 2, 1, 2, 2, 2, -1, -2, -1, -1, -2, -2, 1, 2, 1]"
562,dfs_bnb_mpi,2.80257,-4,5,842991,"[-1, -1, 2, 2, 1, 2, 2, -1, -2, -1, 2, 2, 2, -1, -2, -2, -2, -2, 1]"
563,dfs_bnb_mpi,3.97293,-2,3,1193388,"[-1, -1, 2, 2, 2, 2, 2, 2, 1, 2, 2, 2, 2, -1, -2, -2, -2, -1, -2]"
564,dfs_bnb_mpi,0.61103,-4,5,194983,"[-1, -1, 2, 2, 2, 2, 1, 2, 1, 2, 2, 1, -2, -2, -2, -1, -2, -1, -2]"
565,dfs_bnb_mpi,4.28295,-5,6,1263445,"[-1, -2, 1, 1, -2, -1, -2, 1, 1, 2, 2, 1, 2, -1, 2, 2, -1, -2, -2]"
566,dfs_bnb_mpi,0.35919,-5,6,109760,"[-1, -1, 2, 2, 2, 1, 1, 1, -2, -1, -1, -2, 1, 1, -2, 1, -2, -1, -1]"
567,dfs_bnb_mpi,1.15158,-4,5,352305,"[-1, -1, 2, 2, 2, -1, -2, -2, -2, -1, -1, -2, 1, 1, -2, 1, 2, 1, 1]"
568,dfs_bnb_mpi,0.222972,-5,6,70019,"[-1, -1, 2, -1, 2, 1, 2, 2, 2, 1, -2, -2, 1, -2, -1, -2, 1, 1, 2]"
569,dfs_bnb_mpi,1.02509,-4,5,300693,"[-1, -1, 2, 1, 1, 2, -1, -1, 2, 2, -1, -1, -2, -2, 1, -2, -1, -1, 2]"
570,dfs_bnb_mpi,0.039208,-4,5,11584,"[-1, -1, 2, 2, 2, 1, 1, 2, 1, -2, -2, -1, -1, -2, 1, 1, 1, 2, 2]"
571,dfs_bnb_mpi,7.34244,-3,4,1846307,"[-1, -1, 2, 2, 2, 2, 2, 2, 2, 1, 1, -2, -2, -2, -2, -2, -1, -2, 1]"
572,dfs_bnb_mpi,1.01593,-4,5,318963,"[-1, -1, 2, 2, 2, -1, -1, 2, 2, -1, -2, -2, -2, 1, 1, -2, -2, -1, 2]"
573,dfs_bnb_mpi,0.038182,-4,5,11962,"[-1, -2, -1, 2, 2, 2, 2, 2, 1, -2, 1, -2, -1, -2, 1, 1, 2, 2, 2]"
574,dfs_bnb_mpi,0.031929,-5,6,10415,"[-1, -2, 1, 1, 2, 1, 2, -1, -1, 2, 2, 2, -1, -2, -2, -2, -1, 2, 2]"
575,dfs_bnb_mpi,0.109418,-4,4,32473,"[-1, -1, -1, 2, 1, 1, 2, 2, 2, 1, -2, -2, 1, 2, 1, -2, -2, -1, -1]"
576,dfs_bnb_mpi,0.031212,-4,5,7827,"[-1, -2, -1, 2, 2, 1, 1, 1, -2, -2, -1, -2, -2, 1, 2, 1, 2, 2, 2]"
577,dfs_bnb_mpi,0.031171,-5,6,9803,"[-1, -1, 2, 2, 1, -2, 1, 2, 2, 1, -2, -2, 1, 1, -2, -1, -2, -1, 2]"
578,dfs_bnb_mpi,0.705513,-4,5,212107,"[-1, -1, 2, 2, 1, 2, 2, 1, 2, 2, -1, -2, -1, -2, -2, -1, -2, -1, 2]"
579,dfs_bnb_mpi,0.270451,-6,6,80698,"[-1, -1, 2, 2, 2, 1, -2, -2, 1, 2, 1, -2, 1, 1, -2, -1, -2, -1, 2]"
580,dfs_bnb_mpi,0.141546,-3,4,37032,"[-1, -1, 2, 2, 2, 2, 2, 1, -2, -2, -2, -2, 1, 1, 2, -1, 2, 2, 2]"
581,dfs_bnb_mpi,0.00915,-3,4,2275,"[-1, -1, 2, 2, -1, -1, -2, 1, -2, -1, -1, 2, 2, 2, 2, 2, 2, 2, 2]"
582,dfs_bnb_mpi,5.65239,-5,6,1764056,"[-1, -1, 2, -1, -1, 2, 2, 2, 1, -2, -2, 1, 2, 1, 1, -2, -2, -1, 2]"
583,dfs_bnb_mpi,6.33604,-4,5,1897689,"[-1, -1, 2, 2, 2, 2, 1, 1, -2, -2, 1, 2, 1, -2, 1, -2, -1, -1, -1]"
584,dfs_bnb_mpi,0.317009,-2,3,99112,"[-1, -1, 2, 2, 2, 2, 2, 2, 2, 2, 2, 1, -2, 1, 1, -2, -1, -1, -2]"
585,dfs_bnb_mpi,0.033845,-4,4,10942,"[-1, -1, 2, 2, 1, -2, 1, 2, 2, 2, 1, -2, -2, 1, 1, -2, -1, -1, -2]"
586,dfs_bnb_mpi,8.51347,-4,5,2777365,"[-1, -2, 1, 1, 1, 1, 2, -1, 2, 2, 2, 2, 2, -1, -2, -2, -2, -2, -2]"
587,dfs_bnb_mpi,0.302453,-4,4,93648,"[-1, -1, 2, 2, 2, 2, -1, -2, -2, -1, -1, -2, 1, 1, -2, -2, -1, 2, -1]"
588,dfs_bnb_mpi,0.149409,-4,5,44052,"[-1, -1, 2, 2, 2, 1, 2, 1, -2, -2, -1, -2, 1, 1, 2, 2, 1, -2, 1]"
589,dfs_bnb_mpi,0.060692,-4,5,19769,"[-1, -1, 2, 1, 2, -1, 2, 2, 2, -1, -2, -2, -2, -1, -2, 1, -2, -1, -1]"
590,dfs_bnb_mpi,0.006108,-2,3,1522,"[-1, -1, 2, 2, 2, 2, 2, 2, 2, 2, 1, -2, -2, -2, -2, 1, -2, -1, -2]"
591,dfs_bnb_mpi,1.4472,-4,5,427773,"[-1, -1, 2, 2, 2, -1, -2, -2, -1, -2, 1, -2, 1, 1, 1, -2, -1, -1, -1]"
592,dfs_bnb_mpi,0.10213,-3,4,32831,"[-1, -1, 2, 2, 1, -2, 1, 2, 2, 2, -1, -2, -1, 2, 2, 2, 2, 2, 2]"
593,dfs_bnb_mpi,0.030591,-4,5,9569,"[-1, -1, 2, 1, 1, 2, -1, -1, 2, 2, 2, -1, -2, -2, -2, -1, 2, 2, 2]"
594,dfs_bnb_mpi,4.14845,-5,6,1310787,"[-1, -2, 1, 1, 2, 1, 1, 2, 2, -1, -2, -1, 2, 2, 2, -1, -2, -2, -2]"
595,dfs_bnb_mpi,0.001568,-4,4,421,"[-1, -2, -1, 2, -1, 2, 1, 2, 1, -2, 1, 2, 2, 2, 2, 2, 2, 2, 2]"
596,dfs_bnb_mpi,0.188314,-4,5,57977,"[-1, -1, 2, 1, 2, 2, 2, 2, -1, -2, -2, -2, -1, -2, -1, -2, 1, -2, 1]"
597,dfs_bnb_mpi,0.076016,-2,3,23461,"[-1, -1, 2, 2, 2, 2, 1, -2, -2, -2, 1, 2, 1, -2, -2, -2, -1, -1, -1]"
598,dfs_bnb_mpi,0.343135,-5,6,100864,"[-1, -1, 2, 2, 2, 2, 1, 2, 1, -2, 1, 1, -2, -1, -1, -1, -2, 1, 1]"
599,dfs_bnb_mpi,0.013585,-2,3,3730,"[-1, -1, 2, 2, 2, 2, 2, 2, 2, 1, 2, -1, -1, -2, -1, 2, 2, 2, 2]"
600,dfs_bnb_mpi,0.22896,-4,5,71695,"[-1, -1, 2, 2, -1, -2, -2, -1, 2, -1, -2, -2, 1, 1, -2, 1, 2, 1, 1]"
601,dfs_bnb_mpi,1.11402,-5,6,332421,"[-1, -1, 2, 1, 1, 2, 2, -1, -2, -1, 2, -1, 2, -1, -2, -2, -2, 1, 2]"
602,dfs_bnb_mpi,2.28238,-5,6,679909,"[-1, -1, 2, 2, -1, -2, -1, 2, 2, -1, -2, -2, -1, -2, 1, 1, -2, 1, 2]"
603,dfs_bnb_mpi,0.044096,-3,4,13844,"[-1, -1, 2, 2, 1, -2, 1, 2, 2, 2, 2, 1, -2, -2, -2, 1, 2, 2, 2]"
604,dfs_bnb_mpi,0.129932,-3,4,33114,"[-1, -1, 2, 2, 2, 2, 2, 1, -2, -2, -2, -2, 1, 2, 2, 2, 2, 2, 2]"
605,dfs_bnb_mpi,6.2623,-4,5,1933424,"[-1, -1, 2, 2, 2, 2, 2, 2, 2, 1, -2, -2, 1, 1, -2, -1, -2, -1, 2]"
606,dfs_bnb_mpi,0.012089,-4,5,3690,"[-1, -1, 2, 1, 2, -1, 2, 2, -1, -2, -2, -1, -2, 1, -2, -1, -1, 2, 2]"
607,dfs_bnb_mpi,0.045526,-5,6,12923,"[-1, -1, 2, 2, 1, 1, -2, 1, -2, 1, 1, -2, -1, -1, -2, -1, 2, -1, -1]"
608,dfs_bnb_mpi,0.480441,-4,5,148219,"[-1, -1, 2, 2, -1, 2, 2, 1, -2, 1, 1, -2, -1, -2, 1, 1, -2, 1, 2]"
609,dfs_bnb_mpi,1.5296,-2,3,467609,"[-1, -1, 2, 2, 2, 2, 1, -2, -2, -2, 1, 2, 1, -2, -2, -2, -1, -1, -1]"
610,dfs_bnb_mpi,4.39916,-2,3,1323475,"[-1, -1, 2, 2, 2, 2, 2, 2, 2, 2, 1, 2, 2, 2, -1, -2, -2, -1, -2]"
611,dfs_bnb_mpi,4.22044,-2,3,1227391,"[-1, -1, 2, 2, 2, 1, -2, 1, 2, 2, 2, 2, -1, -1, -1, -2, -2, -2, -2]"
612,dfs_bnb_mpi,0.165884,-4,5,47193,"[-1, -2, 1, 1, 1, 1, 2, 2, -1, -2, -1, 2, 2, 2, -1, -2, -2, -1, 2]"
613,dfs_bnb_mpi,0.048605,-4,5,16088,"[-1, -2, 1, 1, 2, 1, -2, -2, -1, -2, 1, -2, -1, -1, 2, 2, -1, -1, 2]"
614,dfs_bnb_mpi,0.00332,-4,5,883,"[-1, -1, 2, 2, 2, -1, -2, -2, -2, -2, 1, 1, 1, -2, -1, -2, -1, 2, -1]"
615,dfs_bnb_mpi,0.196967,-4,5,62021,"[-1, -1, 2, 1, 2, 2, -1, -1, -2, -2, -2, -1, -2, 1, 1, 1, 1, 1, 2]"
616,dfs_bnb_mpi,0.382054,-2,3,119050,"[-1, -1, 2, 2, 2, 2, 1, 2, 2, 2, 2, -1, -2, -2, -2, -1, -2, -1, 2]"
617,dfs_bnb_mpi,1.57359,-4,5,470616,"[-1, -1, 2, 2, 2, 2, 2, 2, 2, 1, -2, -2, 1, 2, 1, -2, -2, -1, -1]"
618,dfs_bnb_mpi,2.07386,-4,5,651704,"[-1, -1, 2, 2, 2, 1, 2, -1, 2, 2, 2, -1, -2, -2, -2, -1, -2, 1, -2]"
619,dfs_bnb_mpi,0.001469,-4,5,425,"[-1, -1, 2, 2, 1, -2, 1, 2, 2, 2, -1, -2, -1, 2, 2, 2, 2, 2, 2]"
620,dfs_bnb_mpi,0.102715,-4,5,32996,"[-1, -1, 2, 2, 1, 2, -1, -1, -2, -1, 2, 2, -1, -2, -2, -2, 1, 1, -2]"
621,dfs_bnb_mpi,0.311582,-6,7,99255,"[-1, -1, 2, 1, 2, 1, -2, 1, -2, 1, 1, -2, -1, -1, -2, -1, -1, 2, 1]"
622,dfs_bnb_mpi,0.937383,-5,6,283945,"[-1, -1, 2, 2, -1, -2, -2, -1, -1, -2, 1, 1, -2, -2, 1, 2, 1, 2, -1]"
623,dfs_bnb_mpi,1.99469,-5,6,562616,"[-1, -1, 2, -1, -2, -2, -2, -1, -1, -2, 1, 1, 1, 2, 2, 1, 1, -2, -1]"
624,dfs_bnb_mpi,2.26286,-3,4,643491,"[-1, -1, 2, 2, 2, 2, 2, 2, 1, -2, -2, -2, -2, -2, 1, 2, 2, 2, 2]"
625,dfs_bnb_mpi,0.079332,-3,4,24213,"[-1, -1, 2, 2, 1, 1, -2, 1, 2, 2, -1, 2, 2, -1, -2, -2, -1, 2, 2]"
626,dfs_bnb_mpi,0.544996,-5,6,170012,"[-1, -1, 2, -1, -2, -1, -2, -1, -1, -2, 1, 1, -2, 1, 1, 2, 2, -1, -2]"
627,dfs_bnb_mpi,0.36247,-2,3,115357,"[-1, -1, 2, 2, 2, 2, 2, 2, 2, 2, 1, -2, -2, 1, 1, -2, -1, -1, -2]"
628,dfs_bnb_mpi,0.008418,-3,4,2649,"[-1, -1, 2, 2, 1, 1, -2, 1, 2, 1, -2, -2, -1, -2, 1, 1, 2, 2, 2]"
629,dfs_bnb_mpi,0.02076,-5,6,6296,"[-1, -1, 2, 1, 1, 2, 2, 1, -2, -2, 1, -2, -1, -2, -2, -1, 2, -1, -1]"
630,dfs_bnb_mpi,0.134897,-5,6,42662,"[-1, -1, 2, 2, 1, -2, 1, 2, 1, -2, 1, 1, -2, -1, -1, -2, -2, -1, 2]"
631,dfs_bnb_mpi,0.109057,-5,6,32512,"[-1, -1, 2, 2, 2, 2, 1, 1, -2, -2, -2, 1, -2, 1, -2, -1, -2, -1, 2]"
632,dfs_bnb_mpi,0.11969,-4,5,38665,"[-1, -1, 2, 2, 2, 1, -2, -2, 1, 2, 1, -2, -2, -2, -1, -2, -1, 2, -1]"
633,dfs_bnb_mpi,13.0035,-5,6,4121668,"[-1, -2, -2, 1, -2, -2, 1, 2, 2, 1, 2, 2, 2, 2, -1, -2, -2, -2, -1]"
634,dfs_bnb_mpi,0.093795,-5,6,29031,"[-1, -2, 1, 1, 2, 2, -1, -1, 2, -1, -2, -1, -2, 1, -2, -2, 1, 1, 1]"
635,dfs_bnb_mpi,6.5e-05,0,1,20,"[-1, -1, 2, 2, 2, 2, 2, 2, 2, 2, 2, 2, 2, 2, 2, 2, 2, 2, 2]"
636,dfs_bnb_mpi,0.033715,-4,5,9974,"[-1, -1, 2, -1, -2, -2, 1, 1, 1, -2, -1, -2, -1, 2, -1, -1, 2, 2, 2]"
637,dfs_bnb_mpi,1.19728,-4,5,325294,"[-1, -1, 2, 1, 2, 2, 2, 2, -1, -1, -2, -2, 1, -2, -1, -1, -2, 1, -2]"
638,dfs_bnb_mpi,6.96726,-4,5,2112799,"[-1, -1, 2, -1, 2, 2, -1, -2, -2, -1, 2, 2, -1, -2, -2, -2, 1, 1, 1]"
639,dfs_bnb_mpi,0.067139,-5,6,21300,"[-1, -2, -1, 2, 2, 1, 1, 2, -1, -1, -1, 2, 1, 2, 1, -2, 1, 2, 2]"
640,dfs_bnb_mpi,19.1374,-4,5,4667498,"[-1, -1, 2, 2, 2, 2, 2, 1, 1, 1, -2, -2, -2, -1, -1, 2, 2, 1, -2]"
641,dfs_bnb_mpi,0.020444,-4,5,6097,"[-1, -1, -1, 2, 2, 2, 1, -2, -2, 1, 1, 1, 2, -1, -1, 2, 2, 2, 2]"
642,dfs_bnb_mpi,2.198,-2,3,661853,"[-1, -1, 2, 2, 2, 2, 2, 2, 2, 2, 2, 2, 2, 1, -2, 1, -2, -1, -2]"
643,dfs_bnb_mpi,0.110658,-4,5,35191,"[-1, -1, 2, 2, 1, -2, 1, 2, 2, 2, 2, 2, 1, -2, -2, -2, -2, 1, 2]"
644,dfs_bnb_mpi,0.04226,-5,6,13089,"[-1, -1, -1, 2, 1, 2, -1, -1, -2, -2, -1, -2, 1, -2, -2, 1, 2, 2, 1]"
645,dfs_bnb_mpi,0.514689,-4,5,161665,"[-1, -1, 2, 1, 2, 1, -2, 1, 2, 2, 2, 2, -1, -1, -2, 1, -2, -1, -1]"
646,dfs_bnb_mpi,1.94998,-5,6,584773,"[-1, -2, 1, 1, 2, 2, -1, -1, 2, -1, -2, -2, -1, -2, 1, -2, -2, 1, 2]"
647,dfs_bnb_mpi,5.77902,-5,6,1725170,"[-1, -2, 1, 1, -2, 1, 2, 1, 1, 2, -1, -1, 2, 2, 2, -1, -2, -2, -2]"
648,dfs_bnb_mpi,1.07879,-3,4,245776,"[-1, -1, 2, 2, 2, 2, 2, 1, -2, -2, -2, -2, 1, 2, 2, 1, -2, 1, 2]"
649,dfs_bnb_mpi,2.28932,-6,7,666378,"[-1, -2, -1, 2, -1, -1, 2, 2, 2, 1, 1, -2, -1, -2, 1, 1, 1, 2, -1]"
650,dfs_bnb_mpi,0.008127,-4,4,2144,"[-1, -1, 2, 2, 2, 2, 2, 1, -2, -2, -2, 1, 2, 2, 1, 2, -1, 2, 2]"
651,dfs_bnb_mpi,0.012057,-5,6,3843,"[-1, -2, 1, -2, -1, -1, 2, 2, 2, 1, 2, 2, 2, 1, -2, -2, -2, 1, 2]"
652,dfs_bnb_mpi,0.020204,-4,5,6353,"[-1, -2, -1, 2, 2, 1, 2, 2, 2, 1, 2, 2, 1, -2, -2, -2, -1, -2, 1]"
653,dfs_bnb_mpi,6.1e-05,0,1,20,"[-1, -1, 2, 2, 2, 2, 2, 2, 2, 2, 2, 2, 2, 2, 2, 2, 2, 2, 2]"
654,dfs_bnb_mpi,0.014359,-4,5,4450,"[-1, -1, 2, 1, 1, 2, -1, -1, -1, -2, -2, -2, 1, 1, 1, 1, 2, 2, 2]"
655,dfs_bnb_mpi,0.359477,-3,4,111050,"[-1, -1, 2, 2, 2, 2, 1, 2, 2, 1, -2, -2, 1, -2, -1, -1, -2, 1, 1]"
656,dfs_bnb_mpi,1.0831,-4,5,314122,"[-1, -1, 2, 2, 2, 2, 2, 1, -2, -2, 1, 1, 2, -1, 2, 2, 1, -2, 1]"
657,dfs_bnb_mpi,0.190761,-3,4,52254,"[-1, -1, 2, 2, 2, 2, 2, 2, 1, 2, 1, -2, -2, -1, -2, 1, 1, 2, 2]"
658,dfs_bnb_mpi,1.74838,-4,5,499026,"[-1, -1, 2, 2, 2, 1, 1, 1, 2, -1, -1, 2, 2, -1, -2, -2, -1, -2, -1]"
659,dfs_bnb_mpi,0.273478,-4,5,85934,"[-1, -1, 2, 2, -1, -1, -2, 1, -2, -1, -1, 2, 2, 2, 2, 2, 1, -2, -2]"
660,dfs_bnb_mpi,0.90368,-5,6,281116,"[-1, -1, 2, 2, 2, 1, 2, -1, 2, 2, 2, -1, -2, -2, -1, -2, 1, -2, -1]"
661,dfs_bnb_mpi,0.015704,-4,5,4176,"[-1, -1, 2, 2, 2, 2, 1, 2, -1, -1, -2, -1, -2, 1, -2, -1, -1, 2, 2]"
662,dfs_bnb_mpi,0.072053,-4,5,22768,"[-1, -1, 2, 2, -1, -2, -2, -1, -2, 1, 1, 1, 1, -2, -1, -1, -1, -1, -1]"
663,dfs_bnb_mpi,6.5e-05,0,1,20,"[-1, -1, 2, 2, 2, 2, 2, 2, 2, 2, 2, 2, 2, 2, 2, 2, 2, 2, 2]"
664,dfs_bnb_mpi,0.008702,-2,3,2369,"[-1, -1, 2, 2, 2, 2, 1, -2, -2, -2, 1, 1, 2, -1, 2, 2, 2, 2, 2]"
665,dfs_bnb_mpi,0.014488,-5,6,4410,"[-1, -1, 2, 2, 1, -2, 1, 2, 1, -2, 1, -2, -1, -2, -1, -1, -1, -1, 2]"
666,dfs_bnb_mpi,0.89476,-5,6,277038,"[-1, -2, -1, -1, 2, 1, 2, 1, 1, 1, 1, 2, -1, -1, 2, -1, -1, -2, 1]"
667,dfs_bnb_mpi,0.100786,-5,6,29837,"[-1, -1, 2, 2, 1, 1, -2, 1, 2, 2, 1, -2, 1, -2, -1, -2, -2, -1, 2]"
668,dfs_bnb_mpi,0.309794,-4,4,97363,"[-1, -1, 2, 1, 1, 2, 2, 2, 2, 1, -2, -2, -2, 1, 1, -2, -1, -1, -2]"
669,dfs_bnb_mpi,11.0655,-5,6,3270196,"[-1, -2, 1, 1, 2, 1, 2, 2, 2, 2, 2, -1, -1, -2, -2, -2, 1, -2, -1]"
670,dfs_bnb_mpi,2.75726,-4,4,793881,"[-1, -1, 2, 2, 2, 2, 1, -2, 1, 2, 2, 1, -2, -2, -2, -1, -2, -1, 2]"
671,dfs_bnb_mpi,0.032856,-4,5,10160,"[-1, -1, 2, 2, 2, -1, -2, -2, -2, -1, -2, 1, -2, -2, 1, 2, 2, 1, 1]"
672,dfs_bnb_mpi,0.120634,-4,5,37692,"[-1, -1, 2, 2, 2, 2, 2, 2, 2, 1, 2, -1, 2, -1, -2, -1, -2, 1, -2]"
673,dfs_bnb_mpi,0.313964,-4,5,96234,"[-1, -1, 2, 2, 2, 2, 2, 2, 1, -2, -2, 1, 1, 2, 2, 2, -1, -2, -2]"
674,dfs_bnb_mpi,16.4254,-4,5,4663385,"[-1, -1, 2, 2, 2, -1, -1, -2, -1, 2, -1, -2, -2, 1, 1, -2, 1, 2, 2]"
675,dfs_bnb_mpi,0.142962,-2,3,45180,"[-1, -1, 2, 2, 2, 2, 2, 2, 1, -2, 1, 2, 1, -2, -2, -1, -1, -2, 1]"
676,dfs_bnb_mpi,0.377046,-4,5,119634,"[-1, -1, 2, 2, -1, -2, -2, -1, -2, 1, -2, -1, -1, 2, 2, 2, 1, 2, 2]"
677,dfs_bnb_mpi,0.007411,-4,4,2211,"[-1, -1, 2, 2, 2, 2, 1, -2, -2, -2, 1, 1, 2, -1, 2, 1, 2, -1, 2]"
678,dfs_bnb_mpi,0.258675,-4,5,79788,"[-1, -1, 2, 2, 2, 2, 2, 2, 2, 1, 1, -2, 1, -2, -1, -2, -1, 2, 2]"
679,dfs_bnb_mpi,0.644895,-3,4,167692,"[-1, -1, 2, 2, 2, 2, 1, 1, 1, -2, 1, -2, -1, -1, -2, 1, 1, 1, 2]"
680,dfs_bnb_mpi,0.134265,-4,5,43623,"[-1, -2, -2, 1, 2, 1, 2, 2, -1, 2, 2, 2, -1, -2, -2, -2, -1, 2, 2]"
681,dfs_bnb_mpi,0.229737,-4,5,72364,"[-1, -1, 2, 2, 1, 1, -2, 1, -2, -2, -1, -2, -1, 2, -1, -1, 2, 2, 2]"
682,dfs_bnb_mpi,0.817436,-3,4,238313,"[-1, -1, 2, 2, 2, 1, 1, 2, 1, -2, -2, -1, -1, -2, 1, 1, 1, 2, 2]"
683,dfs_bnb_mpi,2.52102,-3,4,758748,"[-1, -1, 2, 2, 2, 2, 2, 1, 2, 2, 2, 1, -2, -2, -2, -2, -1, -2, 1]"
684,dfs_bnb_mpi,2.70041,-5,6,865714,"[-1, -1, 2, 1, 2, -1, 2, 2, -1, -2, -2, -1, 2, -1, -2, -2, 1, 1, -2]"
685,dfs_bnb_mpi,0.016119,-4,5,4478,"[-1, -1, 2, 2, 2, 2, 2, 1, -2, 1, 2, 1, -2, -2, -1, -1, -2, 1, 1]"
686,dfs_bnb_mpi,0.009697,-3,4,3259,"[-1, -1, -1, 2, 1, 2, 2, 2, 1, -2, -2, -2, 1, 2, 2, 2, 2, 2, 2]"
687,dfs_bnb_mpi,0.040948,-4,4,13169,"[-1, -1, 2, 1, 2, -1, -1, -2, -2, -2, 1, 1, -2, -1, -1, -1, 2, 2, 2]"
688,dfs_bnb_mpi,6.3993,-4,5,1936322,"[-1, -1, 2, 2, 2, 2, 2, 1, 1, -2, 1, -2, -1, -2, -2, -1, 2, 2, 2]"
689,dfs_bnb_mpi,1.12237,-5,6,357516,"[-1, -1, 2, -1, -1, 2, 2, 1, -2, 1, 2, 2, 1, -2, 1, -2, -2, -1, 2]"
690,dfs_bnb_mpi,0.673218,-4,5,208283,"[-1, -1, 2, 2, 1, -2, 1, 2, 2, 1, -2, -2, 1, 1, -2, -1, -1, -2, 1]"
691,dfs_bnb_mpi,0.134918,-4,5,43790,"[-1, -2, -2, 1, 2, 1, 2, 2, 2, 2, 1, -2, -2, -2, -2, -2, -1, -2, 1]"
692,dfs_bnb_mpi,1.52177,-4,5,465395,"[-1, -1, 2, 2, 2, 2, -1, -2, -2, -1, -1, -2, -2, 1, -2, 1, 2, 2, -1]"
693,dfs_bnb_mpi,0.001779,-2,3,538,"[-1, -1, 2, 2, 2, 2, 2, 2, 2, 2, 2, 1, -2, 1, 1, -2, -1, -1, -2]"
694,dfs_bnb_mpi,0.342441,-5,6,109948,"[-1, -2, -1, 2, 2, 1, 1, 2, 1, -2, -2, -2, -1, -2, 1, -2, -1, -1, 2]"
695,dfs_bnb_mpi,0.892622,-4,5,263058,"[-1, -1, 2, 2, 2, 2, 2, 2, 2, 2, 1, 2, -1, 2, -1, -1, -2, 1, -2]"
696,dfs_bnb_mpi,1.19069,-5,6,376112,"[-1, -2, 1, 1, 2, 1, -2, -2, -1, -1, -2, -1, 2, -1, 2, 2, 2, 1, 1]"
697,dfs_bnb_mpi,0.245393,-5,5,73964,"[-1, -1, 2, 2, 2, 2, 2, 1, -2, -2, 1, 2, 1, -2, -2, -1, -2, -1, 2]"
698,dfs_bnb_mpi,0.002314,-4,5,631,"[-1, -1, 2, 2, 1, 2, -1, 2, -1, -2, -1, -2, 1, -2, -1, -1, 2, 2, 2]"
699,dfs_bnb_mpi,0.40081,-4,5,115569,"[-1, -1, 2, 2, 2, 2, 1, 1, 2, 1, -2, -2, -1, -1, -2, -2, 1, 2, 1]"
700,dfs_bnb_mpi,0.455542,-5,6,137333,"[-1, -1, -1, 2, 2, -1, 2, 1, 2, 1, -2, -2, -2, 1, 1, 2, 2, -1, -2]"
701,dfs_bnb_mpi,1.23164,-5,6,348550,"[-1, -1, 2, 2, 1, 1, 2, 2, -1, -2, -1, 2, -1, -2, -1, -2, -2, 1, 2]"
702,dfs_bnb_mpi,0.260018,-5,6,81437,"[-1, -1, 2, 2, 1, -2, 1, 2, 1, -2, 1, 2, 1, -2, -2, -1, -1, -2, 1]"
703,dfs_bnb_mpi,0.016464,-5,6,5343,"[-1, -2, 1, -2, 1, 2, 2, 1, 2, 2, -1, -2, -1, 2, 2, -1, -2, -2, -1]"
704,dfs_bnb_mpi,2.103,-3,4,652521,"[-1, -1, 2, 2, 2, 2, 2, 2, -1, -2, -2, -2, -2, -2, -2, -2, 1, 1, 1]"
705,dfs_bnb_mpi,3.40075,-5,6,1079097,"[-1, -1, 2, 1, 2, 1, 2, 1, 2, 2, 2, 1, -2, -2, -2, -2, -1, -2, -1]"
706,dfs_bnb_mpi,0.031065,-3,4,9755,"[-1, -1, 2, 2, 2, 1, 1, -2, -2, 1, -2, 1, 2, 1, -2, -2, -1, -1, -1]"
707,dfs_bnb_mpi,2.43837,-4,5,763224,"[-1, -1, 2, 1, 1, 1, -2, -2, -1, -1, -2, -1, 2, -1, -1, 2, 2, 1, -2]"
708,dfs_bnb_mpi,1.35194,-4,5,406037,"[-1, -1, 2, 2, 2, 2, 2, 1, 2, 1, 2, -1, 2, -1, -2, -2, -1, -2, -1]"
709,dfs_bnb_mpi,0.054244,-2,3,13796,"[-1, -1, 2, 2, 2, 2, 2, 2, 2, 1, -2, 1, -2, -1, -2, 1, 1, 2, 2]"
710,dfs_bnb_mpi,0.066432,-4,5,16485,"[-1, -1, 2, 2, 2, 1, 1, -2, -2, 1, 2, 1, -2, -2, -1, -2, 1, 1, 2]"
711,dfs_bnb_mpi,4.0125,-4,5,1059293,"[-1, -1, 2, 2, 2, 2, 2, 2, 2, 2, 2, 1, -2, -2, 1, 1, -2, -1, -1]"
712,dfs_bnb_mpi,0.089716,-4,5,28755,"[-1, -2, 1, 1, -2, -1, -1, -1, 2, 2, 2, 2, 1, 1, 1, -2, -2, 1, 2]"
713,dfs_bnb_mpi,0.343773,-3,4,103554,"[-1, -1, 2, 2, 2, 2, 2, 1, 2, 1, -2, 1, -2, -1, -1, -2, 1, 1, 1]"
714,dfs_bnb_mpi,0.527311,-3,4,145835,"[-1, -1, 2, 2, 2, 2, 2, 1, -2, -2, -2, -2, 1, 2, 2, 1, -2, -2, 1]"
715,dfs_bnb_mpi,0.06789,-2,3,18999,"[-1, -1, 2, 2, 2, 2, 1, -2, -2, -2, 1, 2, 2, 2, 1, -2, -2, -2, 1]"
716,dfs_bnb_mpi,15.1402,-4,5,4748858,"[-1, -1, 2, 2, 1, 1, 1, 2, 2, 2, 1, -2, -2, -2, -2, -2, -1, 2, -1]"
717,dfs_bnb_mpi,5.8252,-4,5,1829891,"[-1, -1, 2, 2, 2, 2, 2, 1, 2, 2, 1, -2, -2, 1, 1, -2, -1, -1, -1]"
718,dfs_bnb_mpi,0.01074,-4,5,3291,"[-1, -2, 1, -2, -1, -1, 2, -1, 2, 1, 2, 1, 2, 2, 2, 2, 2, 2, 2]"
719,dfs_bnb_mpi,4.11651,-4,5,1168368,"[-1, -2, 1, 1, 2, 2, 2, -1, -1, -2, -1, 2, 2, -1, -2, -2, -2, 1, -2]"
720,dfs_bnb_mpi,9.8e-05,0,1,20,"[-1, -1, 2, 2, 2, 2, 2, 2, 2, 2, 2, 2, 2, 2, 2, 2, 2, 2, 2]"
721,dfs_bnb_mpi,0.122909,-5,6,39096,"[-1, -1, 2, 2, 1, 2, -1, 2, -1, 2, -1, -2, -2, 1, -2, -1, -2, 1, -2]"
722,dfs_bnb_mpi,1.14217,-4,5,333624,"[-1, -1, 2, 2, 2, 1, 1, 2, 2, 1, -2, -2, -2, -1, -1, -2, 1, 1, 1]"
723,dfs_bnb_mpi,0.293734,-4,5,81900,"[-1, -1, -1, 2, 2, 2, 2, 1, 1, -2, -2, -1, -2, 1, 1, 1, 2, -1, 2]"
724,dfs_bnb_mpi,0.137859,-4,5,43742,"[-1, -1, 2, 2, -1, 2, 1, 2, 1, -2, 1, 2, 1, -2, -2, -1, -1, -2, 1]"
725,dfs_bnb_mpi,0.147571,-3,4,43746,"[-1, -1, 2, 2, 2, 2, 1, 2, 2, 1, -2, -2, -2, -1, -2, 1, 1, 2, 2]"
726,dfs_bnb_mpi,0.003215,-4,5,852,"[-1, -1, 2, 1, 2, 2, 2, 1, -2, -2, -2, 1, 1, 2, -1, 2, 2, 2, 2]"
727,dfs_bnb_mpi,0.462647,-4,5,136665,"[-1, -1, 2, 2, 2, 2, 2, 1, -2, -2, -2, 1, 2, 2, 2, 2, 1, -2, -2]"
728,dfs_bnb_mpi,1.41864,-4,5,435642,"[-1, -1, 2, 2, 2, 1, 2, -1, 2, 2, -1, -2, -2, -1, -1, -2, 1, 1, -2]"
729,dfs_bnb_mpi,0.049165,-4,5,15245,"[-1, -1, 2, 2, 1, 2, -1, 2, 2, -1, -2, -2, -2, -1, -2, 1, -2, -1, -1]"
730,dfs_bnb_mpi,0.019935,-4,5,5493,"[-1, -1, 2, 2, 2, 2, 1, -2, -2, 1, 2, 1, 1, 2, -1, -1, 2, 2, 2]"
731,dfs_bnb_mpi,0.005084,-4,5,1634,"[-1, -2, 1, 1, 2, 2, 2, 1, -2, 1, -2, -1, -2, 1, 1, 2, 2, 2, 2]"
732,dfs_bnb_mpi,22.8007,-3,4,7198832,"[-1, -1, 2, 2, 2, 2, 2, 2, 2, 2, 1, -2, 1, 2, 1, -2, -2, -1, -1]"
733,dfs_bnb_mpi,0.566034,-4,5,151768,"[-1, -1, 2, 2, 2, 2, 2, 1, 2, 2, -1, -2, -1, 2, -1, -2, -2, 1, -2]"
734,dfs_bnb_mpi,0.151732,-2,3,43573,"[-1, -1, 2, 2, 2, 2, 2, 2, 1, 2, 2, -1, -2, -1, -2, -1, 2, 2, 2]"
735,dfs_bnb_mpi,0.28155,-4,5,78104,"[-1, -1, 2, 2, 2, 2, -1, -2, -2, -2, -2, -2, -1, -2, 1, 1, 2, 1, 1]"
736,dfs_bnb_mpi,3.31551,-4,5,938205,"[-1, -1, 2, -1, -2, -1, 2, 2, 2, -1, -2, -2, -2, -2, 1, 1, -2, 1, 2]"
737,dfs_bnb_mpi,0.177304,-4,5,56852,"[-1, -1, 2, 2, 2, -1, -2, -1, -1, -2, -1, -1, -2, 1, 1, 1, 2, 1, -2]"
738,dfs_bnb_mpi,0.169377,-2,3,51930,"[-1, -1, 2, 2, 2, 2, 2, 2, 2, 2, 2, 2, 1, 2, -1, -1, -2, -1, 2]"
739,dfs_bnb_mpi,0.04777,-2,3,15328,"[-1, -1, 2, 2, 2, 2, 1, -2, -2, -2, 1, 1, -2, -2, -1, -1, -1, -1, 2]"
740,dfs_bnb_mpi,0.98931,-5,6,306565,"[-1, -2, -2, -1, 2, 2, -1, 2, 1, 2, 2, 2, 1, 1, -2, -1, -2, -2, 1]"
741,dfs_bnb_mpi,0.27797,-5,6,87635,"[-1, -2, -1, 2, 2, -1, 2, -1, -1, 2, 1, 1, 2, 1, -2, -2, 1, -2, 1]"
742,dfs_bnb_mpi,0.009317,-4,5,3021,"[-1, -2, 1, 1, 1, -2, -1, -1, -1, -1, -2, 1, -2, 1, 2, 1, 1, 1, 2]"
743,dfs_bnb_mpi,2.8573,-4,5,728785,"[-1, -1, 2, 2, 2, 2, 2, 2, 2, 1, -2, -2, -2, -2, 1, -2, -2, -1, 2]"
744,dfs_bnb_mpi,6.49655,-4,5,2078411,"[-1, -1, 2, 1, 1, 2, 2, 2, 1, -2, -2, 1, 2, 1, -2, -2, -1, -1, -2]"
745,dfs_bnb_mpi,11.3421,-4,5,3652577,"[-1, -2, 1, 1, 1, 1, 2, 2, -1, -2, -1, 2, 2, 2, 2, -1, -2, -2, -2]"
746,dfs_bnb_mpi,6.6125,-2,3,1987542,"[-1, -1, 2, 2, 2, 2, 2, 2, 2, 2, 2, 2, 2, 2, 1, -2, 1, -2, -1]"
747,dfs_bnb_mpi,0.41437,-4,5,119940,"[-1, -2, -2, -1, 2, 2, -1, -1, 2, 1, 2, 1, -2, 1, 2, 2, 2, 2, 2]"
748,dfs_bnb_mpi,2.77929,-4,5,851714,"[-1, -1, 2, 2, 1, 2, 2, 2, 1, 2, -1, -1, -2, -1, -2, 1, -2, -1, -2]"
749,dfs_bnb_mpi,0.844174,-2,3,266492,"[-1, -1, 2, 2, 2, 2, 1, -2, -2, 1, 2, 2, 2, -1, -1, -1, -2, -2, -2]"
750,dfs_bnb_mpi,0.043,-5,6,13132,"[-1, -2, -2, -1, 2, 2, -1, -1, 2, 1, 1, 1, 2, 2, -1, -2, -1, 2, 2]"
751,dfs_bnb_mpi,0.310797,-6,7,98001,"[-1, -1, -1, 2, 1, 1, 1, 2, 1, 2, -1, 2, 2, -1, -2, -2, -1, -2, 1]"
752,dfs_bnb_mpi,1.19378,-2,3,384714,"[-1, -1, 2, 2, 2, 1, -2, 1, 2, 2, 2, 2, -1, -1, -1, -2, -2, -2, -2]"
753,dfs_bnb_mpi,16.1361,-4,5,4680454,"[-1, -1, 2, 2, -1, -2, -1, 2, 2, -1, -2, -2, -2, -2, 1, 2, 1, -2, 1]"
754,dfs_bnb_mpi,0.015641,-3,4,3871,"[-1, -1, 2, 2, 2, 2, 2, 2, 2, 2, 1, -2, 1, 1, -2, -1, -2, -1, 2]"
755,dfs_bnb_mpi,0.000185,-2,3,60,"[-1, -1, 2, 1, 2, 1, -2, 1, 2, 2, 2, 2, 2, 2, 2, 2, 2, 2, 2]"
756,dfs_bnb_mpi,0.095113,-5,6,29760,"[-1, -1, 2, 2, 2, 2, 1, 1, -2, -2, -2, 1, -2, 1, -2, -1, -2, -1, 2]"
757,dfs_bnb_mpi,0.590771,-2,3,177864,"[-1, -1, 2, 2, 2, 2, 2, 2, 2, 1, 2, 2, -1, -2, -1, -1, -2, 1, -2]"
758,dfs_bnb_mpi,0.006253,-4,5,1884,"[-1, -1, 2, 2, 2, 1, -2, -2, 1, 2, 1, 2, -1, 2, 2, 2, 2, 2, 2]"
759,dfs_bnb_mpi,0.156661,-3,4,40792,"[-1, -1, 2, 2, 2, 2, 2, 1, -2, 1, -2, -1, -2, 1, 1, 2, 2, 2, 2]"
760,dfs_bnb_mpi,0.807622,-4,5,207831,"[-1, -1, 2, 2, 2, 2, 2, 2, 1, 2, -1, -1, 2, -1, -2, -1, -2, 1, 1]"
761,dfs_bnb_mpi,0.044686,-4,4,13308,"[-1, -1, 2, 2, 2, 2, 2, 1, -2, -2, -2, 1, 2, 1, 2, -1, 2, 2, 2]"
762,dfs_bnb_mpi,1.04024,-5,6,328089,"[-1, -1, 2, 2, 1, -2, 1, 2, 1, -2, 1, 1, -2, -1, -1, -2, -2, -1, 2]"
763,dfs_bnb_mpi,0.049175,-3,4,15594,"[-1, -1, 2, 2, 2, -1, -2, -2, -1, 2, -1, -2, -2, 1, 1, -2, 1, 1, 1]"
764,dfs_bnb_mpi,0.015621,-4,5,4758,"[-1, -1, 2, 2, 2, 2, 1, -2, -2, 1, 2, 2, 1, 2, 1, -2, -2, -1, -2]"
765,dfs_bnb_mpi,0.755642,-3,4,240177,"[-1, -1, 2, 2, 1, -2, 1, 2, 2, -1, -1, -1, -2, -2, -2, -1, 2, 2, 2]"
766,dfs_bnb_mpi,0.000338,-4,5,91,"[-1, -1, 2, 2, 2, 2, 2, 2, 1, -2, -2, -2, -2, 1, 2, 1, 2, -1, 2]"
767,dfs_bnb_mpi,0.212608,-4,5,67199,"[-1, -2, -1, -1, -2, 1, -2, -1, -2, 1, 1, 2, 2, 1, 2, 1, 2, 2, 2]"
768,dfs_bnb_mpi,0.131688,-4,5,41523,"[-1, -2, -1, -1, 2, 1, 2, 1, 2, -1, -1, -2, -1, -1, -2, 1, -2, -1, -1]"
769,dfs_bnb_mpi,0.175061,-5,6,52608,"[-1, -1, 2, 1, 2, 2, -1, -2, -1, 2, -1, -2, -1, -2, 1, 1, -2, -1, -1]"
770,dfs_bnb_mpi,0.038562,-4,5,10073,"[-1, -2, 1, 1, 2, 2, 1, -2, -2, -2, -1, -2, -1, 2, -1, -1, 2, 2, 2]"
771,dfs_bnb_mpi,1.30782,-5,6,411555,"[-1, -1, 2, 1, 2, 2, 1, -2, -2, 1, 2, 2, 2, 1, -2, -2, -2, -2, -1]"
772,dfs_bnb_mpi,2.60566,-4,5,795383,"[-1, -1, 2, 2, 2, 2, 2, 2, -1, -1, -2, 1, -2, -2, -2, -2, -2, -2, 1]"
773,dfs_bnb_mpi,0.241165,-4,5,72758,"[-1, -2, 1, -2, 1, 1, 1, 2, -1, -1, 2, 2, 2, 2, 1, -2, -2, -2, 1]"
774,dfs_bnb_mpi,43.6056,-3,4,13227309,"[-1, -1, 2, 2, 2, 2, 2, 2, 2, 2, 1, -2, 1, 1, -2, -1, -2, -1, 2]"
775,dfs_bnb_mpi,0.088594,-4,5,26279,"[-1, -1, 2, 2, 1, 2, 1, 2, 2, -1, -2, -1, -2, -1, -2, -1, 2, 2, 2]"
776,dfs_bnb_mpi,2.12784,-4,5,610825,"[-1, -1, 2, 2, 2, 2, 2, 1, 1, 2, -1, 2, 2, -1, -2, -2, -1, -2, -1]"
777,dfs_bnb_mpi,0.002388,-4,5,753,"[-1, -2, 1, 1, 2, 2, 2, 2, -1, -2, -2, -1, 2, 2, 2, 2, 2, 2, 2]"
778,dfs_bnb_mpi,0.050858,-3,4,15157,"[-1, -1, 2, 2, 1, 1, -2, 1, 1, 2, -1, 2, -1, 2, 2, 2, 2, 2, 2]"
779,dfs_bnb_mpi,2.61569,-2,3,643868,"[-1, -1, 2, 2, 2, 2, 2, 2, 2, 2, 2, 2, 1, -2, -2, 1, -2, -1, -2]"
780,dfs_bnb_mpi,0.046662,-5,6,14348,"[-1, -1, 2, -1, 2, -1, -2, -1, -2, -1, -2, 1, 1, 2, 1, -2, 1, 1, 1]"
781,dfs_bnb_mpi,0.066992,-4,5,20987,"[-1, -1, 2, 2, 2, 1, 2, -1, 2, 2, -1, -2, -2, -1, -2, 1, -2, -1, -1]"
782,dfs_bnb_mpi,0.000958,-4,5,247,"[-1, -1, 2, 2, 2, 1, 1, -2, -1, -2, 1, 1, 1, 2, -1, 2, 2, 2, 2]"
783,dfs_bnb_mpi,1.10106,-5,6,337158,"[-1, -1, 2, 2, 2, 1, 2, 2, 2, 1, -2, -2, -2, 1, -2, -1, -2, -1, 2]"
784,dfs_bnb_mpi,1.6466,-5,6,531090,"[-1, -1, 2, -1, 2, 1, 2, 1, -2, -2, 1, 1, -2, -2, -1, -1, -1, -2, 1]"
785,dfs_bnb_mpi,0.346483,-5,6,112472,"[-1, -2, -1, 2, 2, 1, 1, 1, 1, -2, -1, -2, 1, 1, -2, -1, -1, -1, 2]"
786,dfs_bnb_mpi,1.22607,-5,6,390923,"[-1, -1, 2, 1, 2, 2, 2, 2, 1, -2, -2, -2, -2, 1, -2, -2, -1, -1, -1]"
787,dfs_bnb_mpi,0.841447,-4,5,264843,"[-1, -1, 2, 2, -1, -2, -2, -1, -1, -2, -2, 1, 1, -2, 1, 2, 2, -1, -1]"
788,dfs_bnb_mpi,0.127639,-5,6,40028,"[-1, -1, 2, 2, 2, 1, -2, -2, 1, 2, 1, -2, 1, -2, -1, -2, -1, -1, -1]"
789,dfs_bnb_mpi,0.547297,-5,6,167075,"[-1, -1, 2, 1, 1, 1, 2, 2, 1, -2, -2, 1, -2, -1, -2, -2, -1, 2, 2]"
790,dfs_bnb_mpi,2.90085,-3,4,842068,"[-1, -1, 2, 2, 2, 2, 1, 1, 1, -2, 1, 1, -2, -1, -1, -1, -2, 1, 1]"
791,dfs_bnb_mpi,0.253823,-5,6,81864,"[-1, -1, 2, 2, 1, 2, -1, 2, 2, -1, -2, -2, -1, -2, -1, -2, 1, 1, 2]"
792,dfs_bnb_mpi,0.592828,-4,5,179904,"[-1, -2, 1, 1, -2, -1, -1, -1, 2, -1, -1, 2, 1, 1, 2, 2, 1, -2, 1]"
793,dfs_bnb_mpi,0.077381,-4,5,22306,"[-1, -1, 2, 1, 1, 2, 2, 2, 1, -2, -2, -2, 1, 1, -2, -1, -1, -2, 1]"
794,dfs_bnb_mpi,0.00018,-2,3,55,"[-1, -1, 2, 2, 2, 2, 2, 2, 1, 1, -2, -1, -2, 1, 1, 2, 2, 2, 2]"
795,dfs_bnb_mpi,0.001767,-4,5,530,"[-1, -1, 2, 2, 1, -2, 1, 2, 2, 2, 1, -2, -2, -2, 1, -2, -1, -2, 1]"
796,dfs_bnb_mpi,0.104484,-4,5,31103,"[-1, -1, 2, 2, 2, 1, -2, -2, 1, 2, 1, -2, -2, -2, -1, -1, -1, -1, 2]"
797,dfs_bnb_mpi,19.3487,-4,5,5539995,"[-1, -2, -1, 2, 2, 1, 1, 1, 2, 2, 2, 1, -2, -2, -2, -2, -1, -2, -1]"
798,dfs_bnb_mpi,0.156065,-5,6,43561,"[-1, -1, 2, -1, -1, 2, 1, 1, 1, -2, 1, 2, 1, 2, -1, 2, -1, -2, -1]"
799,dfs_bnb_mpi,0.003839,-2,3,1158,"[-1, -1, 2, 1, 2, 2, 2, -1, -2, -2, -1, -2, -1, 2, 2, 2, 2, 2, 2]"
800,dfs_bnb_mpi,3.097,-2,3,774990,"[-1, -1, 2, 2, 2, 2, 2, 2, 2, 2, 2, 2, 2, 1, -2, 1, -2, -1, -2]"
801,dfs_bnb_mpi,0.497744,-3,4,134695,"[-1, -1, 2, 2, 2, 2, 2, 2, 1, 1, -2, -1, -2, 1, 1, 2, 2, 2, 2]"
802,dfs_bnb_mpi,0.315991,-4,5,87728,"[-1, -1, 2, 2, 2, 2, 2, 1, 2, 1, 2, -1, -1, -2, -1, -2, -1, 2, 2]"
803,dfs_bnb_mpi,0.007728,-4,5,2291,"[-1, -1, 2, 1, 2, 1, 2, -1, -1, -2, -1, -2, -1, 2, 2, 2, 2, 2, 2]"
804,dfs_bnb_mpi,18.2372,-4,5,5027463,"[-1, -1, 2, 2, 2, 2, 2, 2, 1, 1, 1, -2, -2, -1, 2, -1, -2, -2, 1]"
805,dfs_bnb_mpi,0.630399,-4,5,201048,"[-1, -1, 2, 1, 2, -1, -1, -2, -1, -2, 1, -2, 1, 1, 1, 1, 2, 2, -1]"
806,dfs_bnb_mpi,1.09048,-5,6,348852,"[-1, -1, 2, 2, 1, -2, 1, 2, 2, 1, -2, -2, 1, 2, 1, -2, -2, -1, -1]"
807,dfs_bnb_mpi,0.060695,-4,5,19510,"[-1, -1, 2, 1, 2, -1, 2, 2, -1, -2, -2, -1, 2, -1, -2, -2, 1, 1, -2]"
808,dfs_bnb_mpi,0.752639,-3,4,241098,"[-1, -1, 2, 2, 1, -2, 1, 1, 1, 2, 2, -1, -2, -1, 2, -1, 2, 2, 2]"
809,dfs_bnb_mpi,0.002993,-3,4,852,"[-1, -1, 2, 2, -1, -2, -1, -2, 1, -2, 1, 1, 1, 1, 2, 2, 2, 2, 2]"
810,dfs_bnb_mpi,1.59129,-5,6,489198,"[-1, -1, 2, 2, 2, -1, -2, -2, -2, -1, -2, 1, -2, -2, 1, 2, 1, 2, -1]"
811,dfs_bnb_mpi,1.03377,-4,4,303171,"[-1, -1, 2, 1, 1, 2, 2, 2, 2, 2, 1, -2, -2, -2, -2, 1, -2, -1, -2]"
812,dfs_bnb_mpi,0.093637,-4,5,28784,"[-1, -1, 2, 2, 2, 1, -2, 1, 2, 2, -1, 2, -1, -1, -2, -2, -2, -1, 2]"
813,dfs_bnb_mpi,0.000908,-2,3,221,"[-1, -1, 2, 2, 2, 2, 2, 2, 2, 2, 1, -2, -2, 1, -2, -1, -2, 1, 1]"
814,dfs_bnb_mpi,2.66013,-4,5,784525,"[-1, -1, 2, 2, 1, -2, 1, 1, 1, 2, 2, 2, -1, -1, -1, -2, 1, -2, 1]"
815,dfs_bnb_mpi,0.134091,-3,4,39509,"[-1, -1, 2, 2, 2, 2, -1, -2, -2, -2, -1, 2, -1, -2, -2, 1, 1, -2, 1]"
816,dfs_bnb_mpi,0.573291,-5,6,179821,"[-1, -2, 1, 1, 2, 1, 1, 2, 2, 2, -1, -2, -2, -1, 2, 2, -1, -2, -2]"
817,dfs_bnb_mpi,0.002645,-3,4,725,"[-1, -1, 2, 2, -1, -2, -1, -1, -2, 1, 1, -2, 1, 1, 1, 1, 2, 2, 2]"
818,dfs_bnb_mpi,0.522254,-5,6,162852,"[-1, -1, 2, 2, -1, -2, -1, -2, -1, -1, -2, 1, 1, -2, 1, 1, 2, -1, 2]"
819,dfs_bnb_mpi,6.14398,-4,5,1864525,"[-1, -1, 2, 2, 2, 2, 2, 1, 1, 2, -1, -1, 2, -1, -1, -2, 1, -2, -1]"
820,dfs_bnb_mpi,0.091582,-4,5,25737,"[-1, -1, 2, 2, 2, 1, 1, -2, -1, -2, 1, 1, -2, -2, -1, -1, -1, -1, 2]"
821,dfs_bnb_mpi,1.90305,-2,3,553066,"[-1, -1, 2, 2, 2, 2, 2, 2, 2, 2, 2, 1, 2, 2, -1, -2, -1, -2, -1]"
822,dfs_bnb_mpi,0.008179,-4,5,2491,"[-1, -1, 2, 1, 2, 2, 1, -2, -2, 1, 1, -2, -1, -2, 1, 1, 2, 2, 2]"
823,dfs_bnb_mpi,0.287833,-4,4,90193,"[-1, -1, 2, 2, 2, 2, 2, 1, -2, 1, 1, 2, -1, 2, 2, -1, -2, -1, 2]"
824,dfs_bnb_mpi,9.09161,-4,5,2856354,"[-1, -1, 2, 2, 2, 2, 2, 2, 1, 2, 1, -2, 1, 1, -2, -1, -1, -1, -2]"
825,dfs_bnb_mpi,1.44016,-2,3,406413,"[-1, -1, 2, 2, 2, 2, 2, 2, 2, 2, 2, 2, 2, 1, 2, -1, -1, -2, -1]"
826,dfs_bnb_mpi,0.991167,-3,4,288469,"[-1, -1, 2, 2, 2, 2, 2, 2, 2, 2, 2, 2, 1, 1, -2, -1, -2, 1, 1]"
827,dfs_bnb_mpi,0.157311,-2,3,48606,"[-1, -1, 2, 2, 2, 2, 2, 1, 2, 2, 2, -1, -2, -2, -1, -2, -1, 2, 2]"
828,dfs_bnb_mpi,0.203271,-4,5,62196,"[-1, -1, 2, 2, 2, 1, 2, 1, 2, 2, -1, -2, -1, -2, -1, -2, -1, 2, 2]"
829,dfs_bnb_mpi,1.66408,-5,6,518916,"[-1, -1, 2, 2, 2, -1, -1, 2, -1, -2, -1, -2, 1, -2, -2, 1, 2, 2, 1]"
830,dfs_bnb_mpi,0.39691,-4,5,107926,"[-1, -1, 2, 2, 2, 2, 2, 2, 1, 1, -2, -1, -2, 1, 1, 1, 2, -1, 2]"
831,dfs_bnb_mpi,0.03476,-4,5,11228,"[-1, -1, 2, 2, -1, -2, -2, -2, 1, -2, -1, -2, 1, 1, 2, 2, 1, 1, 2]"
832,dfs_bnb_mpi,0.023426,-2,3,6787,"[-1, -1, 2, 2, 2, 2, 1, 2, 2, -1, -2, -1, -1, -2, 1, -2, -1, -1, 2]"
833,dfs_bnb_mpi,0.027087,-2,3,8409,"[-1, -1, 2, 2, 2, 1, 2, 2, -1, -2, -1, -1, -2, 1, -2, -1, -1, 2, 2]"
834,dfs_bnb_mpi,1.15563,-2,3,349778,"[-1, -1, 2, 2, 2, 2, 2, 2, 2, 1, 2, 2, 2, -1, -2, -2, -1, -2, -1]"
835,dfs_bnb_mpi,0.251425,-4,5,78090,"[-1, -1, -1, 2, 1, 1, 2, -1, 2, 1, 2, 1, -2, -2, -2, 1, 2, 2, 2]"
836,dfs_bnb_mpi,0.103005,-4,5,32231,"[-1, -1, 2, 1, 1, 1, 2, 2, 1, -2, -2, 1, 1, -2, -1, -1, -1, -2, 1]"
837,dfs_bnb_mpi,0.581766,-4,5,171432,"[-1, -2, 1, 1, 2, 1, 2, 2, 2, -1, -2, -2, -1, -1, 2, -1, -2, -2, -1]"
838,dfs_bnb_mpi,14.9679,-4,5,4696723,"[-1, -1, 2, 2, 2, 2, 2, 1, 2, 2, 1, -2, 1, 1, -2, -1, -1, -2, -1]"
839,dfs_bnb_mpi,1.51368,-4,5,482820,"[-1, -1, 2, 2, -1, -2, -2, -1, -1, -1, 2, 1, 2, 2, 2, 1, -2, -2, -2]"
840,dfs_bnb_mpi,0.034837,-5,6,10872,"[-1, -1, 2, 1, 2, -1, 2, 2, -1, -1, -2, 1, -2, -1, -2, 1, -2, -1, -1]"
841,dfs_bnb_mpi,0.014187,-4,5,4338,"[-1, -1, 2, 2, -1, -2, -2, -1, -1, 2, 1, 2, 2, 1, 1, 2, 2, 2, 2]"
842,dfs_bnb_mpi,0.025782,-4,4,8420,"[-1, -1, 2, -1, 2, 1, 1, -2, 1, 2, 1, -2, -2, -2, -1, -1, -1, -1, 2]"
843,dfs_bnb_mpi,0.04943,-4,5,15701,"[-1, -1, 2, -1, -2, -1, 2, -1, -2, -2, 1, -2, -2, 1, 2, 2, 1, 1, 1]"
844,dfs_bnb_mpi,0.16771,-4,5,52313,"[-1, -1, 2, 2, 2, 2, 2, 1, 2, 2, 1, -2, 1, -2, -1, -2, -1, -2, 1]"
845,dfs_bnb_mpi,0.002559,-5,6,746,"[-1, -1, 2, -1, -2, -1, -2, -2, 1, 2, 1, 1, -2, -1, -2, 1, 1, 2, 2]"
846,dfs_bnb_mpi,2.57221,-2,3,641467,"[-1, -1, 2, 2, 2, 2, 2, 2, 2, 2, 2, 1, -2, -2, -2, 1, -2, -1, -2]"
847,dfs_bnb_mpi,0.125858,-4,5,39226,"[-1, -1, -1, 2, 1, 1, 2, 2, 2, 1, -2, 1, 1, -2, -2, -1, -1, 2, 1]"
848,dfs_bnb_mpi,1.28448,-4,5,394594,"[-1, -1, 2, 2, 1, 2, 2, -1, -2, -1, 2, -1, -2, -1, -2, 1, -2, 1, 2]"
849,dfs_bnb_mpi,0.214667,-4,5,68453,"[-1, -1, 2, 2, 1, -2, 1, 1, 1, 2, 2, -1, -2, -1, 2, 2, -1, -2, -1]"
850,dfs_bnb_mpi,0.040505,-4,5,12168,"[-1, -1, 2, 1, 2, 2, 2, -1, -2, -2, -1, -2, -2, -1, -1, 2, 1, 2, 2]"
851,dfs_bnb_mpi,0.003103,-3,4,904,"[-1, -1, 2, 2, 2, 1, 1, -2, -2, 1, -2, -2, -1, -1, -1, -1, 2, 2, 2]"
852,dfs_bnb_mpi,0.099097,-2,3,32058,"[-1, -1, 2, 2, 2, 2, 1, -2, -2, -2, 1, 2, 1, -2, -2, -2, -1, -1, -1]"
853,dfs_bnb_mpi,0.001088,-4,5,322,"[-1, -1, 2, 1, 2, 2, -1, -2, -1, -1, -2, 1, -2, -1, -1, 2, 2, 2, 2]"
854,dfs_bnb_mpi,0.017307,-4,5,5294,"[-1, -1, 2, 2, 2, 1, 2, -1, 2, -1, -2, -2, -1, -2, 1, -2, -1, -1, 2]"
855,dfs_bnb_mpi,1.18338,-5,6,359461,"[-1, -1, 2, 1, 1, 1, 1, 2, -1, -1, 2, -1, 2, -1, -2, -1, -2, 1, 1]"
856,dfs_bnb_mpi,2.57091,-5,6,819613,"[-1, -2, -1, -1, -2, 1, 1, -2, -1, -2, 1, 1, 2, 2, 1, 1, 2, -1, -1]"
857,dfs_bnb_mpi,1.71133,-4,5,544691,"[-1, -1, 2, 2, 2, -1, -2, -2, -2, -1, -2, -1, -1, -2, 1, 1, 1, 2, 1]"
858,dfs_bnb_mpi,0.007289,-4,5,2146,"[-1, -1, 2, 1, 2, 2, -1, -2, -1, -2, -2, -1, -1, 2, 1, 2, 2, 2, 2]"
859,dfs_bnb_mpi,0.202274,-4,5,61798,"[-1, -1, 2, 2, 2, 2, -1, -2, -1, -2, 1, -2, -1, -1, -1, -2, 1, 1, 1]"
860,dfs_bnb_mpi,0.096492,-4,5,30311,"[-1, -1, 2, -1, -2, -2, -1, -1, -2, 1, 1, -2, 1, 1, 2, -1, 2, 1, 1]"
861,dfs_bnb_mpi,0.348202,-4,5,108616,"[-1, -1, 2, 1, 2, 1, 2, -1, 2, 2, -1, -2, -2, -2, -1, -1, -2, 1, -2]"
862,dfs_bnb_mpi,1.16315,-5,6,330469,"[-1, -1, 2, 2, 2, 2, 1, 1, 2, -1, -1, 2, -1, -2, -1, -2, -2, 1, 2]"
863,dfs_bnb_mpi,1.38714,-4,5,422268,"[-1, -1, 2, 1, 2, 2, 2, -1, -2, -2, -1, -1, 2, -1, -2, -2, 1, 1, -2]"
864,dfs_bnb_mpi,0.557037,-2,3,174557,"[-1, -1, 2, 2, 2, 2, 2, 1, -2, 1, 2, 2, 2, -1, -1, -1, -2, -2, -2]"
865,dfs_bnb_mpi,0.005943,-3,4,1912,"[-1, -1, 2, 2, 1, -2, 1, 2, 2, 1, -2, -2, 1, 2, 2, 2, 2, 2, 2]"
866,dfs_bnb_mpi,0.515162,-3,4,163115,"[-1, -1, 2, 2, 1, -2, 1, 2, 2, 2, 2, 2, 1, -2, -2, -2, -2, 1, 2]"
867,dfs_bnb_mpi,0.07298,-4,5,23443,"[-1, -2, 1, 1, 2, 2, 2, 2, 2, -1, -2, -2, -2, -1, 2, 2, 2, 2, 2]"
868,dfs_bnb_mpi,15.0527,-4,5,4665096,"[-1, -1, 2, 2, 1, 2, 2, 2, -1, -2, -2, -1, 2, 2, -1, -2, -2, -2, 1]"
869,dfs_bnb_mpi,0.026053,-5,6,8015,"[-1, -1, 2, 2, 1, -2, 1, 2, 1, -2, 1, -2, -1, -2, -2, -1, 2, -1, -1]"
870,dfs_bnb_mpi,0.4073,-4,4,117127,"[-1, -1, 2, 2, -1, -2, -2, -2, 1, -2, -1, -1, 2, 2, -1, 2, 1, 2, 2]"
871,dfs_bnb_mpi,0.011014,-4,5,3374,"[-1, -1, 2, 2, 1, 2, 2, -1, -2, -1, -2, -2, -1, -1, -1, 2, 1, 1, 2]"
872,dfs_bnb_mpi,2.11482,-5,6,656126,"[-1, -2, 1, 1, -2, -1, -1, -1, 2, 2, 2, 1, 1, 2, 1, -2, -2, 1, -2]"
873,dfs_bnb_mpi,0.558516,-2,3,173983,"[-1, -1, 2, 2, 2, 1, 2, 2, 2, 2, 2, -1, -2, -2, -2, -2, -1, -2, -1]"
874,dfs_bnb_mpi,0.269125,-3,4,87069,"[-1, -1, 2, 1, 2, 2, 2, 2, 2, 2, -1, -2, -2, -2, -2, -2, -1, 2, 2]"
875,dfs_bnb_mpi,0.249756,-5,6,80561,"[-1, -2, -2, -1, 2, 2, -1, 2, 1, 1, 2, 1, 2, 2, 1, -2, -2, -2, -1]"
876,dfs_bnb_mpi,0.891485,-2,3,286368,"[-1, -1, 2, 2, 2, 2, 2, 2, 2, 2, 1, -2, -2, -2, 1, 1, -2, -1, -1]"
877,dfs_bnb_mpi,5.74387,-4,5,1786974,"[-1, -1, 2, 2, 2, -1, -1, -2, 1, -2, -1, -1, 2, -1, -2, -2, 1, 1, 1]"
878,dfs_bnb_mpi,0.588671,-5,6,183414,"[-1, -1, 2, 2, -1, -2, -2, -1, 2, -1, -2, -2, 1, -2, 1, 2, 1, 1, 1]"
879,dfs_bnb_mpi,0.346153,-4,5,104266,"[-1, -1, 2, 2, 2, 2, 2, -1, -1, -2, 1, -2, -2, -2, -2, -1, -2, 1, 1]"
880,dfs_bnb_mpi,3.39754,-5,6,1060585,"[-1, -1, 2, -1, -1, 2, -1, -2, -1, 2, -1, -2, -2, 1, 1, -2, 1, 2, 1]"
881,dfs_bnb_mpi,0.32573,-5,6,97874,"[-1, -1, 2, 2, 2, 1, 2, -1, 2, -1, -2, -1, 2, -1, -2, -2, 1, 1, -2]"
882,dfs_bnb_mpi,2.70986,-5,6,860010,"[-1, -1, 2, 1, 1, 2, 1, -2, 1, 1, -2, -1, -1, -2, 1, -2, -1, -1, 2]"
883,dfs_bnb_mpi,0.017654,-5,6,5449,"[-1, -1, 2, 1, 1, 1, -2, 1, 1, -2, -1, -1, -1, -1, -2, -2, 1, 2, 1]"
884,dfs_bnb_mpi,0.61685,-4,5,181344,"[-1, -1, 2, 2, 2, 2, 2, 2, 2, 1, 2, -1, 2, -1, -2, -1, -2, 1, -2]"
885,dfs_bnb_mpi,0.588656,-5,6,188755,"[-1, -2, 1, 1, 2, 2, 1, 2, 2, 2, 2, 1, -2, -2, -2, -2, -2, -1, -2]"
886,dfs_bnb_mpi,0.006278,-3,4,1502,"[-1, -1, 2, 2, 2, 2, 2, 2, 2, 2, 2, 1, -2, -2, 1, -2, -2, -1, 2]"
887,dfs_bnb_mpi,1.85015,-2,3,581093,"[-1, -1, 2, 2, 2, 2, 2, 2, 2, 2, 1, 2, 2, 2, -1, -2, -2, -1, -2]"
888,dfs_bnb_mpi,0.01328,-2,3,4059,"[-1, -1, 2, 2, 2, 2, 1, -2, 1, 2, 1, -2, -2, -1, -1, -2, 1, 1, 1]"
889,dfs_bnb_mpi,1.07253,-4,5,346452,"[-1, -2, -1, 2, 2, -1, -1, 2, 2, 2, 1, -2, -2, 1, 2, 1, -2, -2, 1]"
890,dfs_bnb_mpi,0.009614,-5,6,2989,"[-1, -2, -1, -2, -1, -2, 1, -2, 1, 2, 2, 1, 2, 1, 2, 2, 2, 2, 2]"
891,dfs_bnb_mpi,0.00077,-4,5,253,"[-1, -2, 1, 1, 1, 2, -1, 2, -1, 2, 2, 2, 2, 2, 2, 2, 2, 2, 2]"
892,dfs_bnb_mpi,0.274659,-4,5,88935,"[-1, -1, 2, 1, 2, 2, 2, 2, 1, -2, -2, -2, -2, 1, -2, 1, 2, 2, 2]"
893,dfs_bnb_mpi,6.5e-05,0,1,20,"[-1, -1, 2, 2, 2, 2, 2, 2, 2, 2, 2, 2, 2, 2, 2, 2, 2, 2, 2]"
894,dfs_bnb_mpi,0.004067,-4,5,1266,"[-1, -1, 2, -1, -2, -1, -2, 1, -2, -2, 1, 2, 2, 1, 1, 1, 2, 2, 2]"
895,dfs_bnb_mpi,0.111777,-5,6,34106,"[-1, -1, 2, 2, -1, -2, -2, -1, -1, -2, 1, -2, 1, 2, 1, 1, -2, -1, -2]"
896,dfs_bnb_mpi,0.012031,-2,3,3719,"[-1, -1, 2, 2, 2, 2, 1, 2, 2, 2, -1, -2, -2, -1, -1, -2, 1, -2, -1]"
897,dfs_bnb_mpi,1.47775,-5,6,440062,"[-1, -1, 2, 1, 2, 1, 1, 2, -1, -1, 2, -1, -2, -2, -1, -2, -1, -2, 1]"
898,dfs_bnb_mpi,17.188,-3,4,4655029,"[-1, -1, 2, 2, 2, 2, 2, 2, -1, -2, -2, -2, -2, -2, -2, -2, 1, 1, 1]"
899,dfs_bnb_mpi,8.70286,-4,5,2617092,"[-1, -2, 1, 1, 2, 2, -1, -1, 2, 2, -1, -2, -1, -1, -2, 1, 1, -2, -1]"
900,dfs_bnb_mpi,1.23618,-4,5,386104,"[-1, -1, 2, 1, 1, 2, -1, 2, 2, 2, 2, -1, -2, -2, -2, -2, -1, -2, -1]"
901,dfs_bnb_mpi,3.11388,-2,3,921281,"[-1, -1, 2, 2, 2, 2, 2, 2, 2, 2, 1, 2, 2, -1, -2, -1, -1, -2, 1]"
902,dfs_bnb_mpi,0.000219,-2,3,49,"[-1, -1, 2, 2, 2, 2, 2, 2, 2, 2, 2, 1, 1, -2, -1, -2, 1, 1, 2]"
903,dfs_bnb_mpi,0.766591,-5,6,245638,"[-1, -2, 1, 1, 2, 1, 1, 2, 2, 2, 2, -1, -1, -2, -2, 1, -2, -1, -1]"
904,dfs_bnb_mpi,0.004974,-5,5,1457,"[-1, -2, -1, -1, 2, 1, 2, 1, 1, 2, -1, 2, -1, -2, -1, 2, 2, 2, 2]"
905,dfs_bnb_mpi,0.007409,-4,5,2160,"[-1, -1, 2, 2, 2, 2, 2, -1, -2, -2, -2, -2, -2, -2, 1, -2, 1, 2, 1]"
906,dfs_bnb_mpi,2.11381,-4,4,643397,"[-1, -1, 2, 2, 2, 2, 2, -1, -2, -2, -2, -1, -1, -2, 1, 1, -2, -1, -1]"
907,dfs_bnb_mpi,0.007774,-2,3,2519,"[-1, -1, 2, 2, 2, 2, -1, -2, -2, -2, -2, -1, -2, 1, 1, 1, 1, 1, 2]"
908,dfs_bnb_mpi,1.23626,-5,6,387148,"[-1, -1, 2, 2, 2, 1, 2, 2, 2, 1, -2, -2, -2, 1, -2, -1, -2, -1, 2]"
909,dfs_bnb_mpi,10.2507,-4,5,3100055,"[-1, -2, 1, -2, 1, 1, 1, 2, 2, -1, -2, -1, 2, 2, 2, -1, -2, -1, 2]"
910,dfs_bnb_mpi,0.421016,-4,5,131613,"[-1, -1, 2, 2, -1, -2, -2, -1, -2, 1, 1, 1, 1, 1, -2, -1, -1, -1, -1]"
911,dfs_bnb_mpi,0.092254,-4,4,27924,"[-1, -1, 2, 2, 2, 2, 2, 1, -2, -2, -2, 1, 2, 2, 1, 2, -1, 2, 2]"
912,dfs_bnb_mpi,5.58908,-4,5,1405831,"[-1, -2, -1, 2, 2, 2, 2, 2, 2, 2, 1, -2, -2, -2, -2, -2, 1, 2, 2]"
913,dfs_bnb_mpi,2.11832,-5,6,663155,"[-1, -2, 1, -2, -2, 1, 2, 2, 1, 2, 2, 2, 2, -1, -1, -2, -2, 1, -2]"
914,dfs_bnb_mpi,0.181524,-3,4,57721,"[-1, -1, 2, 2, 2, -1, -2, -1, 2, 2, 2, -1, -2, -2, -2, -2, 1, 1, -2]"
915,dfs_bnb_mpi,0.364117,-4,5,114202,"[-1, -1, 2, 1, 1, 2, 2, 2, 1, -2, -2, -2, 1, 1, -2, -1, -1, -2, 1]"
916,dfs_bnb_mpi,2.40196,-5,6,683819,"[-1, -1, 2, 1, 1, 1, 2, 2, 2, 1, -2, -2, -2, 1, -2, -1, -2, -1, 2]"
917,dfs_bnb_mpi,3.10047,-4,5,985719,"[-1, -1, 2, 2, -1, -2, -2, -2, -2, 1, 1, 1, 1, 1, 2, -1, -1, -1, -1]"
918,dfs_bnb_mpi,0.443958,-4,5,140744,"[-1, -1, -1, 2, 2, 1, -2, 1, 1, 1, 2, 2, -1, -2, -1, 2, -1, 2, 2]"
919,dfs_bnb_mpi,0.331556,-4,5,100477,"[-1, -1, 2, 2, 2, 2, 2, 2, 1, 2, 1, -2, 1, -2, -2, -1, -1, 2, 1]"
920,dfs_bnb_mpi,6.62778,-2,3,2017627,"[-1, -1, 2, 2, 2, 2, 2, 2, 2, 2, 2, 2, 2, 2, 1, -2, 1, -2, -1]"
921,dfs_bnb_mpi,1.41815,-4,5,438081,"[-1, -1, 2, 2, 2, -1, -1, -2, -1, -1, -2, 1, 1, -2, -2, 1, 2, 2, 2]"
922,dfs_bnb_mpi,0.010038,-5,6,3113,"[-1, -1, 2, 1, 2, -1, 2, -1, -2, -1, -2, 1, -2, -2, 1, 1, 1, 1, 2]"
923,dfs_bnb_mpi,0.552096,-5,6,171327,"[-1, -1, 2, -1, -2, -2, -1, -2, 1, -2, 1, 1, 1, 2, 2, -1, -1, -2, 1]"
924,dfs_bnb_mpi,0.03332,-4,4,10784,"[-1, -1, 2, 1, 1, 2, 2, 1, -2, -2, 1, 2, 1, -2, -2, -1, -1, -2, 1]"
925,dfs_bnb_mpi,0.006073,-4,5,1923,"[-1, -1, 2, 2, 1, -2, 1, 2, 2, 2, 2, 2, 2, -1, -2, -2, -2, -2, -1]"
926,dfs_bnb_mpi,0.024864,-3,4,7355,"[-1, -1, 2, 2, 2, 2, 1, 1, -2, -2, -2, 1, -2, 1, -2, -1, -1, -1, -1]"
927,dfs_bnb_mpi,15.484,-4,5,4840293,"[-1, -1, 2, 2, 2, 1, 2, 2, 2, 1, -2, -2, 1, 1, -2, -1, -1, -2, -1]"
928,dfs_bnb_mpi,2.62927,-2,3,784794,"[-1, -1, 2, 2, 2, 2, 2, 2, 2, 2, 1, 2, 2, 2, -1, -2, -2, -1, -2]"
929,dfs_bnb_mpi,0.010258,-4,5,2976,"[-1, -2, -2, 1, 2, 1, 2, 2, -1, 2, -1, -2, -1, 2, 2, 2, 2, 2, 2]"
930,dfs_bnb_mpi,0.047047,-4,5,14013,"[-1, -1, 2, 2, 2, -1, -1, -2, 1, -2, -1, -1, -1, -2, 1, 1, 1, -2, 1]"
931,dfs_bnb_mpi,0.505155,-4,5,158147,"[-1, -2, -1, 2, 2, -1, 2, 2, 2, 2, 1, -2, -2, -2, 1, -2, 1, 2, 2]"
932,dfs_bnb_mpi,6.56353,-4,5,1906699,"[-1, -1, 2, 2, 2, 2, 2, 2, 2, 2, 1, 2, -1, 2, -1, -2, -1, -2, 1]"
933,dfs_bnb_mpi,0.227873,-4,5,68757,"[-1, -1, 2, 2, 2, 1, 2, -1, 2, -1, -2, -1, 2, -1, -2, -2, 1, 1, -2]"
934,dfs_bnb_mpi,0.103132,-5,6,32176,"[-1, -2, -2, 1, 2, 1, 1, 1, 2, 2, -1, -2, -1, 2, 2, -1, -2, -1, 2]"
935,dfs_bnb_mpi,0.00711,-2,3,2216,"[-1, -1, 2, 2, 2, 2, -1, -2, -2, -2, -2, -2, 1, 1, 1, 1, 2, 2, 2]"
936,dfs_bnb_mpi,0.123592,-5,6,38572,"[-1, -1, 2, 2, 2, 1, 2, 2, 2, -1, -2, -2, -1, 2, -1, -2, -2, 1, -2]"
937,dfs_bnb_mpi,6.97117,-5,6,2161387,"[-1, -2, -2, -1, 2, 2, -1, 2, 2, 2, 2, 1, -2, -2, 1, 1, -2, -1, -1]"
938,dfs_bnb_mpi,0.016821,-3,4,4834,"[-1, -1, 2, 2, 1, -2, 1, 2, 2, 1, -2, 1, 2, 2, 2, 2, 2, 2, 2]"
939,dfs_bnb_mpi,0.366458,-4,5,114112,"[-1, -1, 2, 2, 2, 1, 2, 1, 1, 2, -1, -1, 2, -1, -2, -2, -1, -2, -1]"
940,dfs_bnb_mpi,5.84741,-4,5,1741594,"[-1, -2, -2, -1, 2, 2, -1, -1, -1, 2, 1, 1, 2, 2, 1, -2, -2, 1, 2]"
941,dfs_bnb_mpi,1.86318,-3,4,596512,"[-1, -1, 2, 2, 1, -2, 1, 2, 2, 2, 2, 2, 2, -1, -2, -2, -2, -2, -1]"
942,dfs_bnb_mpi,0.026183,-4,5,8014,"[-1, -1, 2, -1, -2, -2, 1, -2, -1, -2, 1, 1, 2, 2, 1, 1, 2, 2, 2]"
943,dfs_bnb_mpi,0.180789,-4,5,54757,"[-1, -1, 2, 2, 2, 1, 2, -1, 2, -1, -2, -2, -1, 2, -1, -2, -2, 1, 1]"
944,dfs_bnb_mpi,0.10665,-5,6,32191,"[-1, -1, 2, -1, -2, -2, -1, -2, -1, -2, 1, -2, 1, 2, 2, 1, 2, 1, 1]"
945,dfs_bnb_mpi,0.011237,-4,5,3610,"[-1, -2, 1, 1, -2, 1, 1, -2, -1, -1, -1, 2, -1, -1, 2, 2, 2, 2, 2]"
946,dfs_bnb_mpi,0.001624,-4,5,489,"[-1, -1, 2, 2, 1, -2, 1, 1, 2, -1, 2, -1, 2, 2, 2, 2, 2, 2, 2]"
947,dfs_bnb_mpi,1.26321,-3,4,318609,"[-1, -1, 2, 2, 2, 2, 2, 2, 2, 2, 1, 2, 1, -2, 1, -2, -1, -1, -2]"
948,dfs_bnb_mpi,0.523432,-4,5,164421,"[-1, -1, 2, 2, 1, 2, 1, 1, 2, -1, -1, 2, -1, -2, -2, -1, -1, -2, 1]"
949,dfs_bnb_mpi,0.020202,-4,5,6423,"[-1, -1, 2, -1, -1, -1, 2, 1, 1, 2, 1, -2, 1, -2, 1, 2, 2, 2, 2]"
950,dfs_bnb_mpi,0.028165,-3,4,7374,"[-1, -1, 2, 2, 2, 2, 2, 1, -2, 1, 1, -2, -1, -1, -2, 1, 1, 1, 2]"
951,dfs_bnb_mpi,16.0859,-4,5,4963678,"[-1, -1, 2, 1, 2, 1, 2, 2, 2, 2, 2, 1, -2, -2, -2, -2, -2, -2, -1]"
952,dfs_bnb_mpi,3.70773,-4,5,1142676,"[-1, -2, 1, 1, 1, 1, 2, 2, -1, -2, -1, 2, 2, 2, -1, -2, -2, -1, 2]"
953,dfs_bnb_mpi,0.022926,-4,5,7339,"[-1, -1, 2, 1, 2, -1, -1, -2, -2, -2, 1, -2, -1, -2, 1, 1, 2, 2, 1]"
954,dfs_bnb_mpi,2.87022,-2,3,816215,"[-1, -1, 2, 2, 2, 2, 2, 2, 2, -1, -2, -2, -2, -2, -2, -2, -2, -2, 1]"
955,dfs_bnb_mpi,15.1038,-4,5,4733050,"[-1, -1, 2, 2, 2, 1, 2, 1, -2, 1, 2, 2, 1, -2, -2, -2, -1, -1, -1]"
956,dfs_bnb_mpi,0.139449,-2,3,43270,"[-1, -1, 2, 2, 2, 2, 2, 2, 1, 2, 2, -1, -2, -1, -1, -2, 1, -2, -1]"
957,dfs_bnb_mpi,1.0444,-4,4,318561,"[-1, -1, 2, 2, 2, 2, 2, 2, 2, 2, 1, -2, -2, -2, 1, 1, -2, -1, -1]"
958,dfs_bnb_mpi,3.95411,-4,5,1260627,"[-1, -1, 2, 2, 1, -2, 1, 2, 2, 2, 2, 2, -1, -1, -2, -2, -2, -1, -2]"
959,dfs_bnb_mpi,0.17313,-4,5,55806,"[-1, -1, 2, -1, 2, -1, -2, -2, 1, -2, 1, -2, -1, -1, 2, -1, 2, 2, 2]"
960,dfs_bnb_mpi,0.013178,-4,5,4234,"[-1, -1, 2, 2, 1, 2, -1, 2, -1, -2, -2, -1, 2, -1, -2, -2, 1, 1, -2]"
961,dfs_bnb_mpi,0.107401,-4,4,34375,"[-1, -1, 2, 2, 2, -1, -2, -2, -2, -2, -1, 2, 2, -1, -1, 2, 1, 1, 2]"
962,dfs_bnb_mpi,0.161542,-3,4,46517,"[-1, -1, 2, 2, -1, 2, 2, 2, -1, -2, -2, -2, -2, 1, -2, -1, -1, 2, 2]"
963,dfs_bnb_mpi,0.000533,-4,5,162,"[-1, -1, 2, 1, 2, 2, -1, -2, -1, -2, -1, -2, 1, -2, 1, 1, 1, 1, 2]"
964,dfs_bnb_mpi,2.76864,-4,5,890824,"[-1, -1, 2, 2, 1, 1, -2, 1, 1, -2, 1, 2, 1, -2, -2, -1, -1, -1, 2]"
965,dfs_bnb_mpi,2.38062,-3,4,646695,"[-1, -1, 2, 2, 2, 2, 2, 1, 1, -2, -2, 1, -2, -2, -1, 2, -1, 2, 2]"
966,dfs_bnb_mpi,0.006366,-5,6,1954,"[-1, -1, 2, 2, 1, 1, -2, 1, -2, 1, -2, -1, -2, -1, 2, -1, -1, -1, 2]"
967,dfs_bnb_mpi,1.81426,-4,5,567051,"[-1, -1, 2, 2, 2, 2, 2, 1, 2, -1, -1, -1, -1, -2, -2, 1, 1, 2, -1]"
968,dfs_bnb_mpi,1.67753,-4,5,517925,"[-1, -1, 2, 2, 2, 2, 2, 1, -2, 1, 1, -2, -2, -1, -2, -1, 2, 2, 1]"
969,dfs_bnb_mpi,0.074942,-4,5,22163,"[-1, -1, 2, 2, 2, 2, 1, 2, -1, 2, -1, -2, -1, -1, -2, 1, 1, -2, -1]"
970,dfs_bnb_mpi,0.003316,-5,6,1025,"[-1, -2, 1, -2, 1, 2, 1, 2, -1, 2, 2, -1, -2, -1, 2, 2, 2, 2, 2]"
971,dfs_bnb_mpi,0.277835,-4,5,76165,"[-1, -1, 2, 1, 2, -1, 2, -1, 2, 2, -1, -2, -2, -2, 1, -2, -1, -1, 2]"
972,dfs_bnb_mpi,0.033252,-5,5,10512,"[-1, -1, 2, -1, 2, -1, -1, 2, 1, 1, 2, 1, -2, -2, 1, -2, 1, 2, 2]"
973,dfs_bnb_mpi,1.24252,-4,5,388597,"[-1, -1, 2, 2, 2, 1, 2, 1, 2, -1, 2, 2, -1, -2, -2, -2, -1, -2, -1]"
974,dfs_bnb_mpi,0.167177,-4,5,52414,"[-1, -1, 2, 2, 2, 1, 2, 1, -2, -2, -1, -2, 1, 1, 2, 1, 2, -1, 2]"
975,dfs_bnb_mpi,0.228561,-5,6,72455,"[-1, -1, 2, 2, 2, -1, 2, -1, -2, -1, -1, -2, 1, 1, -2, -2, 1, 2, 2]"
976,dfs_bnb_mpi,0.056756,-3,4,16451,"[-1, -1, 2, 2, 2, 1, 2, 2, 1, -2, -2, -2, -1, -2, 1, 1, 2, 2, 2]"
977,dfs_bnb_mpi,0.618018,-3,4,187909,"[-1, -1, 2, 2, 1, 2, 2, -1, -2, -1, 2, -1, -2, -1, -2, 1, 1, -2, -1]"
978,dfs_bnb_mpi,2.41717,-3,4,735372,"[-1, -1, 2, 2, 2, 1, 1, 2, 1, 1, -2, -2, -2, -1, -1, -1, 2, 1, 1]"
979,dfs_bnb_mpi,7.95192,-2,3,2005000,"[-1, -1, 2, 2, 2, 2, 2, 2, 2, 2, 2, 2, 2, 2, 1, -2, 1, -2, -1]"
980,dfs_bnb_mpi,16.734,-3,4,4665605,"[-1, -1, 2, 2, 2, 2, 2, 2, 2, 2, 1, -2, -2, -2, 1, -2, -1, -2, 1]"
981,dfs_bnb_mpi,6.9e-05,0,1,20,"[-1, -1, 2, 2, 2, 2, 2, 2, 2, 2, 2, 2, 2, 2, 2, 2, 2, 2, 2]"
982,dfs_bnb_mpi,0.346905,-5,5,112437,"[-1, -1, 2, 2, 1, 1, -2, 1, 1, 1, -2, -1, -2, 1, -2, -1, -1, 2, 2]"
983,dfs_bnb_mpi,0.436973,-5,5,132501,"[-1, -1, 2, -1, -2, -2, 1, 1, 1, -2, -1, -1, -2, 1, -2, 1, 1, 2, -1]"
984,dfs_bnb_mpi,0.097993,-4,5,25975,"[-1, -1, 2, 2, 2, 2, 2, 1, 2, 1, 1, -2, -1, -2, -1, -2, 1, 1, 2]"
985,dfs_bnb_mpi,9.89706,-5,6,3175222,"[-1, -2, -1, -2, 1, -2, -2, 1, 2, 1, 1, 2, 2, 2, -1, -2, -2, -1, 2]"
986,dfs_bnb_mpi,0.050641,-4,5,15592,"[-1, -1, -1, 2, 1, 2, 1, -2, 1, 2, 2, 2, 2, -1, -2, -2, -1, 2, 2]"
987,dfs_bnb_mpi,0.130833,-4,5,37873,"[-1, -1, 2, -1, -2, -1, -1, -2, 1, -2, 1, 2, 1, 1, 1, -2, -1, -1, -2]"
988,dfs_bnb_mpi,0.091659,-3,4,29961,"[-1, -1, 2, 1, 1, 2, 2, 2, 2, 1, -2, -2, -2, -2, 1, 2, 2, 2, 2]"
989,dfs_bnb_mpi,5.72761,-2,3,1741910,"[-1, -1, 2, 2, 2, 2, 2, 2, 2, 2, 2, 2, 2, 2, 1, -2, 1, -2, -1]"
990,dfs_bnb_mpi,0.235886,-2,3,75098,"[-1, -1, 2, 2, 2, 2, 2, 1, -2, 1, 2, 2, -1, -1, -1, -2, -2, -1, 2]"
991,dfs_bnb_mpi,0.867862,-2,3,259356,"[-1, -1, 2, 2, 2, 2, 2, 2, 2, 1, 2, 2, -1, -2, -1, -1, -2, 1, -2]"
992,dfs_bnb_mpi,7.29317,-4,5,2145391,"[-1, -2, 1, 1, 2, 1, 2, 2, 2, 2, 2, -1, -2, -2, -2, -2, -1, -1, 2]"
993,dfs_bnb_mpi,0.009002,-3,4,2739,"[-1, -1, 2, -1, -1, -2, 1, -2, -1, -1, 2, 2, 2, 2, 2, 2, 2, 2, 2]"
994,dfs_bnb_mpi,0.269136,-4,5,70157,"[-1, -1, 2, 2, 2, 2, 2, 2, 1, 2, 1, 1, -2, -1, -2, -1, -2, 1, 1]"
995,dfs_bnb_mpi,0.000378,-2,3,99,"[-1, -1, 2, 2, 2, 2, 2, 2, 1, -2, 1, -2, -1, -2, 1, 1, 2, 2, 2]"
996,dfs_bnb_mpi,2.62562,-5,6,820533,"[-1, -1, 2, -1, 2, -1, -1, -2, -1, -1, -2, 1, 1, -2, 1, 1, 2, -1, 2]"
997,dfs_bnb_mpi,2.08687,-4,5,653838,"[-1, -1, 2, 1, 2, 2, 1, -2, -2, 1, 2, 1, -2, -2, -1, -2, -1, -1, -1]"
998,dfs_bnb_mpi,7.30867,-4,5,2042792,"[-1, -1, 2, 2, 2, 2, 2, 2, 2, 2, 2, 1, -2, -2, 1, -2, -2, -1, 2]"
999,dfs_bnb_mpi,2.1081,-4,5,660789,"[-1, -1, -1, 2, 1, 1, 2, 2, 2, 2, 1, -2, -2, -2, -2, 1, -2, 1, 2]"
