id,sequence
0,HHHHPHPHPPHPHPP
1,HPPHPPHPPPPHPPP
2,PPPPHPHHHHPPPHH
3,HHHHPPPHHHPHHHP
4,PHHHPPPPPHHHHHP
5,PHHPPHHPPHHPHPP
6,HHHHHPHHPPPPPHH
7,PHHPHHPHPPHPPHH
8,HHPHHHHHHPHHPHH
9,PHPHPPPHHHHHPPH
10,HPPPPHHPPHPPHPH
11,PHHPPPPHHPPPPHP
12,HPHPHPPPHHHPPPH
13,HPPHHHHPHHHPPPH
14,HPHHHHHPPHPHPHP
15,PHPPPHHPHHPHHHP
16,PPHPPHHHPPHHHPP
17,PPPPPPHHHPHHHPH
18,HHHPPHPHHHHHPPP
19,PHPPHHHPHHPHPHH
20,HHHPHHPPHHPHHPP
21,HPPPHHPPHPHPPHP
22,PHPPPHPPHPHHPPH
23,PPHPHPPPPHHHHHH
24,HPPPHPPHHHHPHPP
25,PPHPHPHPPHHHPHH
26,HPHHHPHHHPPHHHP
27,HHHPHPPPHPPPPPH
28,PHHPHPHPPPHPHPH
29,PPHPHHPPHHHPPPH
30,HPHPHPPPPHHHHPH
31,HPHPPHHPHPPPPHH
32,HPHPPPPHHPHPPHP
33,PHPHPPPPHPPPHPP
34,PPPPPPHHHHPPPPP
35,PPHPHHHHPHPHPHH
36,HPHPHHPPHHPPHPP
37,PPHPPHHPHPPHPPP
38,PPPHPHHPHHPHPHH
39,PPPHHPHPHPHHPHH
40,HHHPHHHHPPHPPPH
41,HPHHHHPPPPPPHPP
42,PPPHHHHPHHHPPHP
43,PPPPHHHPHHPPPHP
44,PHPPHPPHPHHPPPH
45,PHPPHHPPHPHPHHH
46,HPHPPPPPPPPHPPH
47,HPHHHHHHHPPPPPH
48,HPPHPHHHPPPPHHP
49,PPHHHPPPHHPHPPH
50,HHHPHHHHHHPHHPP
51,HPPPHPPPHHHPHHH
52,PPHHPPHPHHHHHPH
53,HHPHHPHPPHPPHPH
54,HHHHPPHPHHHHHHP
55,HPPHHHHPHHHHPPH
56,PHPHHPHPPHPPPHH
57,HHPPPPPPHHHPPHP
58,PHHPPPHPHHPPHPP
59,PPHHPHPHPPHPPPH
60,PPHPHPPHHHHHHHH
61,PHPPPHPHPHHPPPP
62,PPHHHPPPHHHHHPP
63,HPPHPPPPHPHHHPP
64,HHPHPHHPHPPHPHP
65,PHHPPHPPPHPHHHP
66,HPHPPHHHPHHHPPH
67,HPPHHHPPHPHHHHH
68,HHHPPHHPHHHPPHH
69,PHPPHHPPPHPPHHH
70,PHPPHHPPHHHPHPH
71,PPHHPHHHPPHHHPH
72,HHPPPHHHPHHHPPH
73,HPPPHHHHPPPPPHP
74,PHHPPHPPHPHPHPP
75,HPHHPPHHHHPPPPH
76,PPPHHPHPHHHHPHP
77,HPPPHHPPPPHHHHP
78,PHPPHPHHHPPPPPP
79,PHPHPPPPHPPHHHP
80,HPPPPPPPPPPHPPH
81,HHPPHPPPPHHHPHP
82,HHPHPPPHPPPPPHP
83,HPHHPHHHHPHPPHP
84,HPHHHHHHPPHPPHP
85,PPHPHHPPHPPHHHH
86,HHHPHHPPHHHHPHP
87,HHPPHHPHPPHHHHP
88,HHHPPPPHPPHHHPH
89,HPHHPHPHHHPPPPH
90,HHPHPPHHHHHHHPP
91,PHPHPPHPPPPPHPH
92,HHPHHHHPPHHHPHH
93,PPHHHHHPHHHPHHP
94,PHPPPPHHHPPPHHH
95,HPPPHPHPHHHHPPH
96,PPHHPHPPHPPPHPH
97,PHPHPPPPHHPHPPP
98,PPHPPPHHHHHHPHP
99,PPHHHHPPHHPHHHP
100,HHHHHPHPHHPHPPH
101,HPHHPHPHPPHHHHP
102,PPPHPPHPPPPHPPH
103,PPHPPHPHHPHHHHH
104,HHHPHHPPPHHHPPP
105,PPHPPPPHHHPHPHH
106,HHHPHHPHHPPHHHP
107,PPHPHHPPHPPHHPP
108,PPPHHHHPPHHHPHH
109,PHPHPPHHPHPHHPP
110,PHHHPPHHPHPPHPP
111,HPHPPHPHPPHPPHH
112,HHPPHHHHPPHPHHH
113,PPHHHHPPPHPPPPP
114,PHHHPPHHHPPHPPH
115,HPPPHPPPPPHHHHH
116,HPPHPHPHPHHPPHH
117,HPPPPPPHPHHHPPH
118,PHHPPHPPPPPPHPP
119,HHPHPHPPHHPHHHH
120,PPPPHHHPHPPHHHP
121,PPPHHHPHPHPHHHH
122,PPHHPHHHPPHPPPH
123,HPHHPPPPHHPPHPH
124,PPHPHHPPPPHHHPH
125,HPHHHPHPPHPHHPP
126,HHHHPPPPHHHHHHP
127,HPPPHPPPHPPHHHP
128,PHHHPPHHPHHHHHP
129,HPPHHPPPHPPHHPH
130,PHHPPHPHPHPHHPH
131,HPHHHHPPHPPPPHP
132,PHHPPHPHPHPPHPH
133,PHHHPHPHPPPHPPP
134,HPPHPHPHPPHHHPH
135,PPPHPHHPPPHPHPH
136,PHHPHHPHHPPPHHH
137,HPPHPHPPHHHPPHH
138,PPHPPPPPPHPHPPP
139,HPPPHHHPPPPHPHH
140,HPHHPHHHHPHHHPP
141,PHPHHHPPHPPHHHH
142,HPPHHPPPPPHPPHP
143,PHHPHHHHHPHHPPP
144,PPHHPPHHHPPPPHH
145,PHPPPPPHPHPPPHH
146,HPHHHHPHPHHPHPH
147,HPHPHPPHHPHHHHP
148,HHHHPPHPHPPHPHH
149,HHPHHPPHHHPHPPH
150,PPPPHHPHHHHPPPP
151,PPPPHHHPPHHPPPH
152,PHHHHPPPHPPHPHP
153,HPPPPPHPPPHPPPH
154,HPHHHHPHPPHPPHH
155,HPPHPHPPPHPPHHH
156,PHHHHHHHPHHHPPP
157,PHHPPPPPPPPPPPH
158,PHHHHPPHHHHPHHH
159,PPHPPHHPPHHPHHP
160,HHPPHHPHPPHHHHH
161,PHHPHHHHHHHPPPH
162,PHPPPHHPPHHPHPH
163,PPHPPPHHHPHHHPP
164,HPHPHHHPPPPPPPH
165,PHHPPPHPPPHPHHH
166,HHPPHHHHHPHHPHH
167,PHPHPPHPHPPHPPH
168,PHPPHHHHPPPPPPP
169,HHHHHPPPPHHHHHP
170,PHHPPPHPPHPHHHH
171,PPHPHPPPPHPPHHH
172,PHPPPPHPHHPPHPP
173,PPPPHHHPPPPHPPP
174,PPPPHHHPHHPHHHH
175,HPHPPPHPHPHHPHH
176,HPPPHHHHHHHHPHH
177,HHHHHHHPPHPPPHH
178,HHPPPHHHPHPHPHH
179,PPHPPPHHPPHHHHP
180,PPPPPPHPPPHPPPP
181,PPHHHHPPHHHHPPH
182,HHHHHPPPPPPPPHH
183,PHHHPHHPPPHHHPP
184,HHHHHHPHHHHHHPP
185,PPHPHHPPPHHHHHP
186,PHPPPHPPPHPPPPP
187,HHHHPPPHHHPPPPH
188,PPPPPHHPHHPHHPP
189,HPHHPPPPPPHPHHH
190,PPHHPPHPHPPHPHP
191,PHHHPPPHPHHPPHH
192,PPPPPPHPHPPHPHH
193,HHHHHPPPPPPHHPP
194,PPPHPPPPPHHHHHP
195,PPHHPHPPPPPHHPH
196,PPHHHHHPPPPPPPH
197,HPHPHPPPPPHHHPH
198,PPHHHPPHPPPPHPP
199,HPPPPPPPPPPPHPH
200,HPHPPPHHHHPPPPH
201,PPHPHHHPPPHPPHP
202,PPHHHPPHHHHHPPP
203,PPPPPPPPHHPPHHH
204,PHHHPHPHPHPPPPP
205,PHPHHPPPHPPHPHP
206,HPHHHPPHPHPPPPP
207,PPHHPHPHHHHPHPP
208,PHPPPHHHPHPPPHH
209,HPPHPHPHHPHHPPH
210,HHHPHHHPPPPPHPH
211,HHHPHHHPPHPPPPH
212,HPPPPPPPPHPHHHP
213,PPHPHPHPHPHPHPP
214,PPPHPHHPPPPHHPH
215,HPPHPPHPPHPPPHH
216,HHPPHHPHPPHPPPH
217,PPPHHHPPPPHPHHP
218,HPPPHPHHHHPHPPP
219,PPPHPHPPHHHHHHH
220,HHHPPPHPPPPHPHH
221,HPHHPHPPHHPHPHP
222,HHPPHHHPPPHPPHP
223,HHPHPHPPHHHHPHP
224,PPPPPHHHPHPHHPP
225,HPPHHHHPHPHPPHP
226,PHPHPPHHHPPHHPP
227,PPPHPHHPHPPPPHP
228,HPPPPHHPHHPHPHH
229,HPHPHPPHHPHHPPH
230,HHHHHHPHHPHHHHP
231,PHHHPHPHPHPHHHH
232,PPHHPPHPHPHPHHH
233,HHHHHHHHPPPHPHP
234,PHPPPPPPPPHHPHH
235,PPHHPPPPPPPPPPH
236,PPHHHPHPHHPHPHP
237,HPHPHHHPHPPPHPH
238,HPPHPHHHHPHPHHH
239,PHHPPHHHPHPHHPP
240,HHPHPHPPHHPPPHH
241,PPHPPPPPHPHPPPP
242,HPPPPHPHPPHHPPH
243,HHHPPHPHPHPPHHP
244,HPPHHHHHHPPPPHP
245,HPHHPHPPHPPHPPH
246,HHPPHHHHPPHPPHH
247,PPPHPHHPHPPHPHP
248,HHHPHPPPPHPHHHH
249,HPHHHPPPHPHPPPH
250,HHPPHHPPPPPPPHP
251,HHHPPPHPHHHPPHH
252,HHHHPHHPHPPPHHH
253,PPPPHPPHHHPHHPH
254,PPHHPPPHPHHPPPH
255,PHHHHHHPHHPHPPP
256,HHPPPHPPPHPHHHP
257,PHHHHPHHHPHPHPH
258,HHPPPPPPPPPHPPH
259,HHPPHPHHHHHPHPP
260,HPPHHHPHHHPPHPH
261,PHPPPHHHPHPHPPH
262,HPHHPPPPPPPPHHP
263,HHHHPHPPHPPPHPP
264,HPHHPHHPHPHHHHP
265,HPHPPHHPHPHPPPP
266,PHPHHHHHPHHPHHH
267,PHHPPPPPHPPHPHP
268,PHPPHHHHPHPHPPP
269,PHPHHPPHPPPHHPP
270,PHPPHPPHHPPPHPH
271,HHHHHPHHPHPHPHH
272,PPPHHHHPHHHPPPP
273,HHHPPPHPPHPHPPH
274,PHPPPHHHHHPPHPH
275,PPPHHPHHHHHPPHP
276,PHHHPHPPPPPHPPP
277,PHPHPPPHHHHPPHP
278,PPHPPPPHHHHHHPH
279,HHHPHHPPHHHHHHP
280,HPPHPPPHHPPHHPH
281,HHHHPPPHPPHHHPH
282,HHPPHPHPPHPPHPH
283,HPPPPHHHHHHPHHP
284,HPPPPPHPPPPPHPP
285,HPPPHHHPPPPPPHP
286,HPHPPHPHPPPHHHP
287,HHHPHPHHHHPPHHP
288,HHPHHPPPHPHHHPH
289,PHPPHPPPHHHPHPH
290,PHPHPPPPPPPHHPP
291,PHPPPHPHPPPHHHP
292,PPPPHHPPHPHHHHH
293,HPPPHHPPHHPHPPH
294,PHHPPPPHHPPPPPH
295,PPPPHHHPHHHPHHH
296,PPPPHHHPPPPPPHH
297,PHPPPPHHPPHPPPH
298,HHPPPPHHHPHHPPH
299,PHPHHHPHPPPHHPH
300,PPHPPPHPPPPHHHH
301,HHHHHHPHPPPHHPP
302,PHHHHHPHPHHPPPH
303,HHHHPHPPPPHHHHH
304,PPPPHHPPPHPPPHH
305,PHPPPHHPHHHPPPH
306,PHPHHPPHHPHPHHP
307,PHPHHPHHPPHPPPH
308,HPPHHHPHPHHPPPH
309,PHHPHPPPPHPHHHH
310,HPPPHHPHHHPHPPP
311,HHPHPPHHHPPHHPP
312,HPHHHPPPPPPHHHP
313,PHPPPPPHHPPHPHP
314,PHPHHPPPPHPPHHH
315,HHHHHHPHHHHHPPP
316,PHPPPHPPHPHPHPH
317,PPPHPPPHPHHPPHH
318,PHPHPHHPPPPHHPH
319,HPPPHHHHPPHHHHP
320,PHPHHPPHHHHPHPP
321,PHPPHPPPHPHPHHH
322,HPPHHPPPHPPHHPP
323,HPHHHHPPPPPHHPH
324,PHHPPPPHHHPPPHH
325,HHHHPHPPPHHPHHP
326,PPHHHPPPHHHPHPP
327,PHHPPPHPHPHHHHH
328,PHHPPPHHPHHHPPH
329,HPHHPHPPPHHPHPH
330,PHPPPHHHHPHPPHH
331,PHPPPHPPHHHHPHH
332,HPHPPHPPHHPHHPP
333,HHPPPHPPPPHHHPP
334,PPHPHPPHPPPHHPP
335,PHPPHPHHHHHPHHH
336,HPPPHHHHPHPHHPP
337,PPPHHHHPPPHHHPP
338,PHHPHHPHPHHHHHP
339,PHPPPPPPPPHPHPP
340,PPHHHPHPHPPHHHH
341,PHPPHPPPPPPPHHH
342,PPPHPPHHPPHPHPP
343,HHPHHPHPPHHPHHP
344,HHHHPPHPHHHPHHP
345,HHPHHPHPPPHHPHP
346,PPPPHHPPHPHPPHH
347,HHPPHHPHPPHHPPP
348,HHHHPPHHPPPPPPP
349,PPHHPHPPPHHHPHP
350,HHPHPPHHPPPPHPH
351,HHPHPPHHHHHHPPP
352,HHHPHHHHHHHPHHP
353,PPPPPHHHPPHPPPH
354,PHHHPPPHPPPHHHH
355,PHPHHPHPHPPHPHH
356,PHHHHHPPPPPPPHP
357,PHHHHHPHHPHHPPH
358,PHHHPHPPPHPPPHP
359,PPPHPPPPHPHPPPP
360,PPHPPPHPPPHHHHH
361,PHHHHHHHHHHPPPP
362,HPHHPPPPPHHPPPH
363,HPPPPPHHHPPPPHH
364,HHHHPHHPPPHHPHP
365,HHPHHHPHPPHPHHP
366,HPHPPHHPPPHHHHP
367,PPPHPPPPPHHHHPP
368,HPHPPHPPPPPHHPH
369,PHHHPHPPHHHPHHP
370,HPHHHPHHPPPPHPH
371,HPHPPHHHHHPHPHP
372,HHHPHHHHPPHPHHP
373,HHPHPPPHHHPHPHP
374,HPPPHHPHHHPPHHH
375,HHHHHHHPHPPPHHH
376,PHPHHPHHPPPHHPP
377,HPPHPPHHPPPHHPP
378,PPHPHHHPPHHPHHH
379,PHPPHPHPHHPPPPH
380,PHPHPHPPHPHPHHP
381,HPPHHPPHPHHPPPH
382,PHPPHHHPPHHHPPH
383,HPHHPPPPHHHPHPH
384,PPPHHPHHHPHPHPH
385,HPPPPHHPPPPPHPP
386,HPPPPHPHPHPHPHH
387,HPHHPPHHPPHHHPH
388,HPPPPPHHPPHPHPH
389,HPPPPPPHPHPHHHP
390,PPHHHHPPPPPPPPP
391,HPHPHHPHHPHPPHP
392,PHHPPHHPHPHHPPP
393,HPHHHPPHHHPHHPP
394,PHPHHHHHPHPHPPH
395,HHPHPHPPHPPHHPP
396,HHHPHHHPPHPPPPP
397,PHHPHHHPHHHHPHP
398,HHPHHPPHHPHHHPH
399,HHPHHHHPHPPHPPP
400,PHHHPHHHPPHPPPH
401,HPPHPHHPPPHPPPH
402,PHHHPHPPPPHPHPH
403,PHHPPPHPHHHHPHP
404,PHHHPHHPHHPHHPH
405,HHPHPHHPPPHHHPP
406,HPHPHHPPHHHPHPP
407,PPHHHHPPHHHPHHP
408,PHPHPHPHPPPPPHP
409,PHHHPPPPHPHHPPP
410,HHHPHPHPPPPPPHP
411,PHPHPPHHHHPHPPP
412,HHPPPHHHHPPPPPP
413,PHPHPPHHHPPHPPP
414,HPHPPPPPHHPPHHP
415,PHPPPHHPHPPHPPP
416,PPPHHPHHPHPPHHP
417,PHHHHHPPPHHHPHP
418,PPHHPPHPHHPPPHP
419,HHPHPPPPHHHPPPH
420,PHHHHHHPHPHPHPH
421,HPPPPHPHHPPPPPP
422,HPPHPPHPPPHHPHP
423,HPPHHHPPHHPPPHP
424,PPPPPPHHHPPPPPH
425,HHPPHHPPHHHHHPH
426,PPPPHHPPHPHPPPH
427,HPPHPHPPHPHPPPH
428,HHPPHHPPPHHPPPH
429,HHPHHHHHPPHHHPH
430,HPHPPPPPPPHHPPP
431,HHPHHHHHHPPPHPP
432,PHHHHHPHPPPHPPP
433,HPHHPHPPHHPPHHP
434,PHHHHHHPHPPHHPP
435,HHHPPPHPPPHHHPH
436,HHPHPPHPHHPHPPP
437,PPHHPPPPHPPPHPP
438,HHPHPPHPPPHPPHH
439,HHPPPPPPPPHHPPH
440,HHPPPHPPPPPHHHH
441,HPPPPPPHHHHHPPP
442,PPHHPPHHPHHPPHH
443,PPHPPPHHPHPHHHH
444,PHPPHPPPHPPPHHH
445,HPPPHHHHPPHHHPP
446,PPPPHHHPPPHPPPH
447,PHHPPHPHHPHPHPH
448,HHPHHPHHPHPHHHH
449,PHPPHHHPPPPPPPH
450,HHHPHHHPPPPPHHP
451,HHHHHPPHHHPPHPP
452,PHHPHHHPPPHHHPH
453,PPPPHHHPPHHHPPP
454,PHPHPPHHPHHPHPH
455,PPPPPPHPHHHHHPH
456,PPPPPHHHPHHHHPP
457,PPHPHHPHHHHPPHH
458,HPPPHPHPHHPHPPP
459,PHHPHHHHPHPHHPH
460,HHHHHPHHPHPPPHP
461,HHHHHHPHHPHPHHH
462,PPHHHHPPPHHHHPH
463,PHHPPHPHPHHPHHH
464,PPHHHHPHHPHPPPH
465,PPPHPHPPHHPPHHP
466,HHHPPHHPPPHHPPH
467,HHPPHHPHHPHPPHH
468,HPPPPHHPPPHPPPH
469,HHHHPPPPHPPHHHP
470,HPPPHHHHHPPHHPP
471,HPPHHPHPPHHHHPH
472,HPPPPHPHPPPHHPP
473,HPHHHHHPHHHHPPP
474,PPHHPPHHPHHPHPH
475,HHHPPPHHHPPHPHP
476,HHPHPHHPHHPHPPP
477,PPHHHHHPHHPHPPP
478,HHPPHPPPHPHHPHP
479,PHPHPHPHHHHHPPH
480,HPPHPHHHPPHPPPH
481,HPHHPPPHHHHHHHP
482,HHPPHPPPPPPPPHH
483,HHHHPPPHHHPPHHP
484,HHHHPPHPHPHPPHH
485,HPPHPHPHHPPPPPP
486,PHHHHPHPHHPHHPP
487,HPPPHPHPPHHHPHH
488,PHPPHHPHPHHPHPH
489,PPPPHPHPHPPPHHH
490,PHHPPPHHPHHHHPP
491,PHPPPHHPPHPPPHP
492,PHPHHPPHPHPHHPP
493,PPPHHHPHPPHPPHH
494,HHPHHHHPHHHPPPP
495,HPPHHHPHPPPHHHH
496,PPHHHPHPPPHPPPP
497,HPPPPPHHPPPPPPH
498,HPHHHPPPPHHHHHP
499,PPHPHHHHHPPHHHH
500,HHHPPPHPHPHPPHH
501,HPHHPPHPPPPHHHP
502,PPHPHHHHHHPPPPP
503,PPPHPHPPHHPHPHH
504,PPHHHHHPPPPHPHH
505,HPPPPPPPHPPPPPH
506,HPHPPPPPHPHPPHH
507,HPHPHPHHHPHPPHH
508,HPHHHPPPHHPPHHH
509,PHPPPPPPPHHPHPH
510,PHHHPPPHPHHHPPP
511,HPHPPPHPHHHPHPH
512,PHPPHHPPPHHPHPP
513,PHPHHPHPHHPPPHH
514,HHHPPHHHPPHHPPP
515,PHPPHHHPHPPPPHH
516,HHPPHPHPHPPPHPH
517,HHPPPHPHPPHPHPH
518,HPHPPPPHPPPHHHH
519,HHPHHPHPHPHPPHP
520,PPHHHPHPPHHPPPP
521,PPHPHHHPPPHPHPP
522,HPPHPHHHHPPPPHH
523,HPHPHHPPHPPPHPH
524,PPPPPHHPHHHHPPP
525,HHHPPHHPHHHHPHH
526,HHHPPHHPHHHPHPP
527,PPPPPPPHHHHHPPH
528,PHHPHPPHPPPHPPH
529,HPPPHHPHHPPHHHP
530,PHPPHHPPHHPHPHP
531,HPPPPPPPHHPHHPP
532,PHHPPPPHHPPPHPP
533,PPHPHHPHHHPPHHP
534,HPHPPPHPPPPPHHH
535,HPHPPPPHHHPHPPP
536,PPHHPPHHHHHPHHP
537,PHHPHPPPPPHPHPP
538,HPPHHHHHPHPHHHP
539,PPHHPPPPPHPHPHP
540,HPHHHPHPPHPHHHH
541,HHPHPHPPPPPPPHH
542,PPHHHPHPHHPPPPP
543,HHHHPPPHHPPHHHH
544,PHPHPHHPHHHPPHP
545,PPPHHHHPHHPHHHP
546,HPPPHPHPHHPHPPH
547,HHPHHPHHPPPHHPH
548,HPHHHHHHHHHPPPP
549,HPPHPPHHPPPPHPP
550,PPPPHPHHPPPHHPP
551,PHHPHPHPPHPHPHH
552,PPHPHPPPHHHHHHP
553,PHPPHPPPHHPHHPP
554,HPHPPHHHHPPHPHH
555,PHPHHHPPHHHHPHH
556,HPHPHHHPPHPHHPP
557,HPHPHPHPPHHPPHP
558,HPPPPPPHHHPPHHP
559,PPHHHHHHPPHHPHH
560,PPPHPHPPHHHPHPP
561,PPHPPPPPPPHHHHH
562,HHHHHPPHPHPHPPP
563,HPPPHHHHPPPPHHP
564,PPPHPHPHPPPHHHP
565,PHPPPPPHHHHPPHP
566,PHPPHHHHHHHHHPH
567,HHPHHPPPPHPHPPP
568,HHPHHHHPHHPPHPP
569,HPPPPHPHPPPPHHP
570,PHPPPPPPPPPPHPP
571,PHHHHHPPHPPHHHP
572,HHPPHHPPHPHHHPH
573,HPHHHHPHHHPHPPP
574,PPHPPPPPPHHPPHP
575,HHHHPPHPHHPHHPP
576,HHHPHPHHPHPPPPH
577,HPPHHPPHPPPPHHH
578,HPPHHHPPPPHHHPH
579,HPHHHHPPPPPHHHH
580,PHPPHPHHPHHPPPH
581,HHPPHPHHHHPHPPH
582,HPHPHHPPHPPPHPP
583,PHHHHPHPPPHHHHH
584,PPHPHPPHHPPPHHP
585,PPHHHHHPPHHPHPH
586,PHHPPPHHPPPPHHH
587,HHPPPPPHPHHPPHP
588,HPPHPPPHHHHPHPP
589,PPPPPPPHHHHHHHH
590,PHPHHHPHHHPHPHP
591,HHHPHPHHPHHHHHH
592,HHPPHHHHPPHPPHP
593,HPHPHHPHPPPPPHP
594,PPHHPHPPHPHPHPH
595,HPPHPHHPHPHPHPP
596,PHPPHHHPHHHHPPP
597,PPHPHPPHPHPHHHP
598,PHPPHHPPPPPHHPH
599,PHHHHHHPHHHHHHH
600,PPHHHPHPHPPPPPH
601,HPHHHPPHHPPHPHP
602,PHPHHHHPPHHHPPH
603,HHHPHHPHHPPHPHH
604,HHHPPPPPPPPPPPP
605,PPPPPPHPHHHHPHP
606,PHHPHPHHPHHPPHP
607,PHPHHHPHHPPPPPH
608,PPHHHHPHHHHHHHH
609,PHPHHHPHPPHHPPH
610,HHPPHHHHHHHHPHP
611,PHHPHHPPHPHPHHP
612,HPPPPPHHHHHHPPP
613,PPPHPPPPHPHHHHP
614,PHHPPHPHPHPHPHP
615,HPPHHPHHPHHPPHH
616,PHHPPPPHPHPPHHP
617,HPHPPHHHHHHHHPH
618,HHHPPHPPPPPHHHP
619,PPPHHPPPPHHHPHH
620,PHHHHPPHPHHPPPP
621,PPPHHPHHPPHPPPP
622,HHHPPPHHHHHPHPH
623,HHPPPPPHPHHHPHP
624,PPHPPPPPPPHPHPP
625,HPHPHHHHPPPHHPP
626,HPHHHPPPHHPPPPH
627,HHHPPHHPPPPHHHP
628,HPPHPHHHHPHPPHP
629,PPHPPHPPPHPPHHH
630,PPPHHHPHHHHHHPP
631,HHPPPPHPPHHPHHH
632,PPHPPPHPHHPPHHP
633,PHPPHHPPPPPHHPP
634,PHHHPPPHPPHHHPH
635,PPPHHPHPPHPPHPH
636,HPPPHPPPPPPPHPP
637,HPHHPHPHHPHHPHP
638,HHPPPHHPHHHPHHP
639,PHPHPHPPHHHHPHH
640,HHHHPHPHPPHHHHH
641,HHPHPPPPHPHHHHP
642,HPPPPPPPHHPHPHH
643,HPHPPPPPPHPHHPP
644,PHHHHPHHPHPHHHH
645,HHPPHHPHHHHHHHH
646,HPPPHPHPPPHPHPP
647,PHPPHPPHPHPHHPH
648,HHPPPHPPHPPPHPH
649,PHPPHPPHHHPHPHH
650,HHHPPPHPHHPHPHP
651,PPPHHPPHPPHHPPH
652,HPHPPPPPPHHHPPH
653,HHPPPPHHHHPPPHP
654,HHHHPPHHPHPHPPP
655,PHPPPHHPHPHHHPP
656,HPHHPHPHHPPPPPH
657,PHHPPPPPPHHHPPP
658,HHHPHHPPHHPPPHH
659,HHPPHHPHHHPPPPH
660,HPPPHPPHHPHPPHH
661,PHPHPPPHPPPHPHH
662,HHPHPHPPHPPHPPH
663,HPPPHHHHPHPPHPH
664,PHHPPHHPPPHPHHP
665,HPHHHHPHHPHPPPP
666,HHHPPPHPPPPPHHP
667,PPPPHHHPHPHPHHH
668,PHHHHHHHPPHHHPH
669,HPPHPHPPPPHHHHH
670,HHPHPHHHPPHHPHP
671,HPHPHHPPHHHPHHH
672,HHPHHHPHPPHHHPH
673,PHPHHPPPHPPPHHH
674,HPPPPPPPPPHPHPP
675,HPPHHPPHPHPPPHH
676,HHHHHHPPHPPPPHH
677,PPPHPPHHHHPPPHP
678,HHPPHHHHPPPHHHH
679,HHPPPHHPHPPPPPP
680,PHHPHHHHPPHPHHH
681,HPPPHHHHPPHPHPP
682,HHPPHHHHPPHHPPP
683,HHPHHHPHHPHHPHH
684,HPPHHHHHPHHHHHP
685,HHHHPHHPHPPHPPP
686,HPHPHPHPHPHPHHP
687,HHPPHPHHPHHHPPP
688,PHHHHPHPHPPHPHH
689,HHHPHHHPHHHHHPH
690,HHHPHHPHPHHPHHP
691,PPPPHHPHHHPPHHP
692,PHHHPHHHPHHPHHP
693,PPPHPPPPHHHHPPP
694,PPPHHPPPHHPPHHP
695,PHHPPPHPPPHPPHH
696,PHHPHPPPPPPHHHH
697,PPPPHPPPHHPPPHH
698,PHHPPHHPPHPHPPP
699,PPPHPHHHHHPHHHH
700,PHHHHHHPHPPPHPP
701,HPPPPHHHPPHHHPP
702,PPHPPHPPHPPHHPH
703,PHHPPHHPHPPHPPP
704,PHPPPHPPPHHPPHH
705,HPHPHPPPPPPPPPH
706,HPPHPPPPHHHPPHP
707,PPPHHPHHHPPPHPH
708,HHHHPPPPHPHPPPP
709,HHPPHHPHPHHHHPP
710,HPPHHPHHHPPHPHP
711,PPPPPPPHHHPHPPH
712,PHPHHHHPPPPHHPH
713,HHPPPPPPPPHHHHP
714,HPHHHPPHHHPPHHH
715,HHHHPPPHPPHPPPP
716,PPHPHPHHPPHPPPP
717,HHPPPPHHHHHHPHH
718,HPHHPHHPHPHHHPH
719,HHPPHHHHHPHHHPP
720,HHPPPHHHPHPHPPH
721,HHHHHPPPHPPHPPP
722,HHPPHPPPHPPPHPP
723,HHPHHHHPHHPPPPP
724,PHPPPPHPHPPHPHH
725,HHPPHHPPHPPPHHP
726,PHPHPHPHHPPHHPH
727,HPPHPPPHHPHPPHP
728,PPPPHHHHPPHHHHP
729,PPPPPPPPPPHHHPH
730,PPHHPHHHPPHPPHH
731,HHHPPHHPPPHPHPH
732,HPPPHPHPHHPPHPH
733,PPHPHPHPPHHPHHP
734,HHPHPPHHHHHHPPH
735,HPHPPPHPHHHPHHP
736,PPPPPPHPPHHPHPH
737,HPHPHPPHHPHPPHH
738,PHPHPHPPHHPHPPH
739,HHHPHPPPHHPPHPP
740,HHPHPHPHPPHPPPH
741,HPPPHPHPPHHPHPH
742,HHHHHHPPHHPHHHP
743,HPHHPHPPPHHPHPP
744,PPPPPHPHPHHPPHH
745,HHHHHHPHHHHPHHP
746,PHPHHHPPHHPHHHH
747,HHPPHHPHHHPHPHP
748,PHHPPHPHHHHHPPH
749,PHHPPPHHHHHHPHP
750,HPHHPPHHPPHHHHH
751,PHHHPPHHHHPPHPP
752,PPPPPHHHPPPHHHH
753,HHPPHHPHHHHPHHH
754,HHHHHPPPPHPHPPH
755,PHPHHHPHPHPHHHH
756,HPPPPHHPHPHPHPP
757,PHHPPPPHPPHHPHH
758,PHPHHPPPHHHPHPH
759,PHHHHHPHHPHHPHH
760,HPHPPHHPPPPPPPH
761,PPHHPHPPPHPPPHP
762,PPHPPHHHHPPHPHP
763,PPHPPHPPPPPHPPH
764,PHPHPPHPHPPPPPP
765,HPPHPHHHHHPPHHH
766,HPPHHHPPHHPPHPH
767,PHPHPHHPHPPHHHP
768,HHPHPPPHHPHHPHP
769,PPPPHPHPHPHPPHH
770,HHHHHHPPHPPHHPH
771,PPHPHHHHPHPHPPH
772,HPHPHPPPHPPHPPH
773,HPHPPPPHPPPPHHH
774,HPPHHHHHHPHHHPP
775,HPPHHHHPHHHHHHP
776,PHPPPHPHPPPPHPH
777,PHHHPPPPPPHPHHP
778,HPPHPPPHHHPPPHH
779,HHPHPPHPPHHPHPP
780,PPPHPHHHHPHHPPP
781,HHPHHHHHPHPPHPP
782,HPPHPHHPPPPHPHH
783,PPPHPPHPHPPPHHH
784,PPHHHPHHPHHPHHP
785,PPPHPHPHHHPHHHH
786,HPHHHHPPPHPHPPP
787,HHPHPHHPHHPPPPP
788,PPHHPPPPPPPHHHP
789,PHHPPPPHHHHHPHH
790,PPHPPPHPPHHHPHH
791,PHHPPHPPHHHHHPP
792,PPHPPHHPPPPPHPP
793,HHPPHHPPPPPHPHH
794,HPHHHHHPHPPPPPP
795,PPHPPHHHHHHHHHP
796,PHHHHPHHHPPHHPH
797,HHPHHPPHPPPPPPH
798,HHHHHHPHHHPPHPP
799,PHHPPHHPHHPPPPH
800,HPPPPHHHHPPPPPH
801,HPHHHHHPPPHPHPH
802,PHPPPHHHPPPHHPH
803,PPHHPHPHPHHPPHH
804,HPPHPPHPPHPPPPH
805,PPPHPPPPHPPHPPH
806,PPHHHHHPHHHHPPH
807,HPPHPPPPHPPHHPH
808,PHPHPPPHHPHPPPH
809,HPHHPHHPHHHHPPP
810,PHHPPPPPHPHHPPH
811,HHHPHHHHHHPPHPP
812,HPHHPPHHPHHHPHP
813,PPPPHHHHHHPHPHP
814,PPPHHHPPPHHPPHH
815,HPHPPHHHPPHPPHP
816,PPHHHPPHPPPHPPP
817,HHPPHPPHPPPPPPP
818,HPPPHPHHHHPPHHH
819,PHHHHHHPPHPHPPP
820,HHHPHPPHPPPHHPH
821,HHPHHPHHPHPHHPP
822,HPHPHHPHPPHPHPP
823,PPHPPHPHPHHPHHH
824,HHHPPPPPHHHPHHP
825,HPHHHHPHHPHHHPH
826,PPHPHHHPHPPHPPH
827,PPPPHPPHHPPHHPH
828,PPHHPPPPPPPHPHH
829,PPPHPPHHHPHPHHH
830,PPPPHHHPPHPPPPP
831,PPPPHPPHPPPPHPP
832,HHPPHHPHPHHHPHH
833,HHPPHHPHHHPPHHH
834,HHHHHHHHPHHHHPH
835,HPPHHPHHPHPPPHH
836,PHHHHHHPPHPPHPH
837,HPHPHPPHPHPPPHH
838,PHHHHHPHPPHPPHP
839,PPHPPPPPHHPPHPP
840,HPPHPPPPPHHPHPH
841,HPHHHHHPPHHHPHH
842,PHHHPPHHPPHPPHP
843,PPPPPPPPPHPHPPH
844,HHPPPPHPHPPHPHP
845,HPPPHHPHPHHHHHP
846,PHHHHHPHHHPPHPH
847,PHPPHPPPPHPHPHH
848,PHPHHPPPHPPHPPP
849,PPHPHPHPPHPHPHH
850,PPPPPHPHPPHPHPH
851,HHPHPHHPHPHHPHP
852,PHHHPHPPPHHHHHH
853,PHPHPHPPHPHPHPP
854,HHPPHPHPHPHHHHH
855,HHHPHPHPPHHHHPP
856,PHPHPPHHPPPPPPH
857,PHHHPHPHHHPPHHH
858,HHPPHHPPHHHHPHH
859,HHHHPHHHHPHHHHH
860,PHHHHPHHPHHPPPH
861,HPPPPPHPHPPHHHH
862,HHHPHPPPPHPHHPP
863,HHHHPHPPPHPHPPH
864,HHPHHHPPPHHPHPP
865,HHHPHPHPHHPHHPH
866,HPPPPHPPHHPPHPP
867,HPHHHPPPHHPHPPH
868,HHHPPPHPHPPHPHP
869,PPPHPHPPPHHPPHP
870,HPPPHPHHHHHPPPH
871,PPHPPHHHPHHPPPP
872,PPHHPPHPHPPPPHP
873,HHPHPPPPPHHPPHH
874,HHHHHHHPHHHPPPP
875,HHHPHPHPPPHPHHH
876,PHPPPHPPHPHHHHP
877,PPPPHPHHHHHHHPH
878,PPHPPHHHPHHPHHH
879,PHHHHPHHPPHHHHH
880,PHPHPHPHHPHPHHP
881,PPHPPHPPHHHPPHH
882,PHHHPPPPPHPHHHP
883,PHPHHPPPPHHPPHH
884,HPHHPPPPHHHPHHH
885,HPHPPHHHHHHPPPP
886,PPHHHPHHPPPPHPP
887,HHHHHPPPPPPHHHH
888,HPPHPHHHHHPHHPP
889,HPPPPPHPHPHPPPH
890,HPHHPPPHHPPHHPH
891,PHPHHPPPHHHPPHH
892,PPHPPPPPHPPPPHP
893,HPHHHHHPPHHPPPP
894,HPHPPHHHPPHPHPH
895,HPHPHPPPPPHPPHH
896,PHHHHPPHHPHHHHP
897,HPHPHHHPPPPPHHH
898,PPHPHPPPPHPHHPP
899,HHHHHPHPPPPPPHP
900,PPPHPHHPHHHPHPP
901,PPHHHHPPPHHPHHH
902,PPPHPHPHPHPHHPP
903,PPHHPHPPPHHPHHH
904,PHHHHPPHHPPPPPP
905,HHPPHHPHHPPHHPP
906,PHHHPPPPHHPPHHP
907,HHHPHHPHPPPHHHP
908,PPHPHHPPPHPHPPH
909,PPPPHHPPHPPHPPH
910,PHHHHPPHPHPHPHH
911,PPHHPPHPPHPPPHP
912,PHHHPPPPHHPHPHH
913,HHPHHPPHPHHHHPP
914,HHHPPHHHPHHPHHH
915,PPHPPHPPHHHPPPH
916,HPHHHPHHHHHPHPP
917,HHPPPPHHPHHPPHH
918,HHHPPHHHPHPHHHP
919,PHPPPPPHHHPHHHP
920,PHPHHHHPHPHPPPH
921,PHHHHPPHHHPPHHP
922,HHHPPHPPHPHHHHH
923,HHHPPHHPHPHHPHH
924,HHHPPPPHPHPPPHH
925,HPHPPPHHHPHPHHP
926,PHPHHPHHHHHHHHH
927,HPPPPHPHHHHHPHH
928,PPHHPPHHPPHPPHP
929,PHPHHHPPPHHPHPH
930,HHHPHHPPHPPHPPH
931,HHHPHHPHPPHPHPP
932,HHHHPHPHHHHHPHP
933,HHHPPPPPHHHHHPH
934,HHPHHPHHPPHHHPH
935,HHHPHHHPHHPPPPP
936,HPPPPHPPPHPPHHP
937,PPHPPPPPHHHHPHP
938,HPPHPHPHHPHHHPP
939,HPPHHPHHHHHHHPP
940,HHPHHHPHHHPHPHP
941,HHPPHPHPPHHPHPH
942,HPPPHHHPHHHHHHH
943,PPPPHHPPPPPPHHH
944,HHPHPPPHPHPHPPP
945,PPHPPHHPHPPPPHP
946,HPPHPPHPHHHHHPP
947,HHHHPHPHPPHPPHH
948,PPPHPPPHPPPPHHP
949,PPPPHHPPPHPHPPH
950,PPPPHPPHHPPPHPP
951,PPHPPPPHPPPPHPP
952,PHPHHHHHHPHPHPP
953,PPHHHHHHHHHPHPH
954,PPPPHHPPHHHPPHH
955,HHPHPPHPHPPHPPP
956,HPHPHHHPHHPHHPP
957,HPPPHHHHPHHPPPH
958,PPPPPPHHPPHHPHP
959,PPHHHHPHPHPPHHH
960,HHHPPHHHHHPPPPP
961,HPPPPHPHPHHHHHH
962,PPPHHHHPHHPPHHH
963,HPHHHPHHHPPPHPP
964,PHHHHPHHHHHPPHP
965,HPPPHPPPHHPPPHP
966,HHPPHPHHHPHPHHH
967,HHHHHHPHHHPPHHP
968,PPHHHPHPHHPPPHH
969,HHHHHPPHHPHPPPH
970,HPPHPHHHHHPHHHH
971,HPHHHPHHHPPPHPH
972,PHHHPPHPHHHHHHH
973,HPHHHHPHHPHPHPH
974,HPHPHHPHHHPHPHH
975,HPHPHPPHPHHHHHP
976,PHPHPHPHPPHPHHH
977,PHPPPPPPHPHHPPH
978,HPPPPHPPPHPPHHH
979,HHHHPPPHHHPHHHH
980,PHPHHPHPHPHPHPH
981,PHPHPPHPPHPHPPP
982,HHHHHPPPHPPHHPP
983,PPHHHPPHHPHHPHP
984,PHPPHPHHHHPHHHP
985,HHPHHHPHHPHPHPP
986,PHPHHPHPPHPPPPH
987,HPPPPPHHPPHHPHP
988,HHHPPHHPHPPHPPP
989,PHPHPPPHHHHPHHP
990,HPHHHPPHPHPPPHH
991,PHHPHPPHHHPHPPH
992,PPPHHHPHPPHPHPP
993,HPHPHHPPHPHHPPP
994,PHHPPHHHHHPHHHP
995,PPHPPHHPHPHHPPP
996,PPPPHHPPPPHHPHH
997,PPPPHHPPHPHPHHH
998,HPPPPPPPHHHPPHP
999,HHHHHHPHPHHPPPP
1000,PPPHPPPPHPHHPPP
1001,PPPHHHHPHPPPHHP
1002,PPPHHHHPPHPHHPH
1003,HPHHHHHPHPHHPHP
1004,PHHPHHPPPPHHHPH
1005,PHPPPHPHHPHHPHH
1006,PPPPPPPHHHHPHPP
1007,HPPHPPHHHPHPPHP
1008,HHPPHPPPHHPHHPH
1009,HPHPHHHPHPHPPPH
1010,PPHPHPHPHPPPHHH
1011,HHHHHHPPHHPPHHP
1012,PHHPPHHPPPPHHHH
1013,PHPPHHHPHPHHPHP
1014,PPHPPPHPPHHHHHH
1015,PHHHPPPHHHHPHHP
1016,HHHPPHHPHPPPHPP
1017,HPPHHHHPPHPHPHH
1018,PHPHHPPPHHPPHPP
1019,PPPPHHHPHHPPHHH
1020,HHHHPPHHPPHPPHH
1021,PPPPPHHPPHPPPPH
1022,HHHHHPHPPPPPPPH
1023,HPPPPPHPHPHPHPP
1024,HHHHHPHHHHHPPHH
1025,PHPPPPPHPPPPHPH
1026,HHPHHPHPHHHHPPP
1027,HHPHHPPPHHPHHPP
1028,HHHPPPHPPHHPHHH
1029,PHHHPHHPHPPHPPH
1030,HPPPPHHHHPPHHHH
1031,HHHPPPPPHPHHPPP
1032,PHPHHHPHPPPHHHP
1033,HPHHHHPPPHHPPPH
1034,PPHHPHHPHHPPPPP
1035,HPPHPHHPHPHPHHP
1036,HHHHPHPHHPPHPHH
1037,PHHPPHHPPHHPPHP
1038,PPPHHHPPPPHHHHH
1039,PPHHPHPPHPHPPPP
1040,HHPHHPPHPHPPPPH
1041,HHPHHHPHPPHHPHH
1042,HPHPHPHHPHHHHPH
1043,HHPHPHHHHHPHPPP
1044,PPPPHHHHPPHPPHH
1045,HHPPHHPPPPHPPHP
1046,HHPHPHHPHPHHPPH
1047,PHHPPPHHPPHHPHP
1048,HHPPPPPPPHPPPPH
1049,HPPPPHPHHHPHHPH
1050,PPPHPHPPHHPHHHH
1051,PHPHHHHPHPPPHHP
1052,PHHHPHPHPHPPPHH
1053,PHPPPPHPHPPPPPH
1054,HHPHPHPPPPHPHPP
1055,PPHPPPHHPPHHPPH
1056,PHPHPHHHPHPHHPH
1057,PHPHHHHPHHHHHPH
1058,HPHHHHPHPPPHHHH
1059,HHHHHHHPPHHPPPP
1060,PPPPHPHPHHHPHHP
1061,PPHPPPHHPHPPPHH
1062,HPPPHHPHHPPPHHH
1063,PHPPPHHPPPPPPPP
1064,PPPHHHPPPHHHHHH
1065,PPHHPHHPHHPPHPP
1066,PHPPPHPHPPPHHPP
1067,HHPHHPPHPPHHHPH
1068,PPHPPPPHHPHPHPH
1069,PPHHPPHHHPHHHPP
1070,PPHHPPHHHHHPPPH
1071,PPHPPPPHHHPPHHH
1072,PPHHHHHPPHHHPPP
1073,PPHHHHHPPHPPPHP
1074,PPPHPHPHHPHPHHH
1075,PHPHPPHHPHPHHHH
1076,PPPHHPPHPPHHHHH
1077,HPPPPPPPHHHHPPH
1078,PPHHPPPPHPPPPPH
1079,PPHPHPPHHHPPPHP
1080,HHPPPPHPHPPHHHH
1081,PHHHPPPPPPHHPHH
1082,HPHHPHHPPHHHPHP
1083,PHHPPPPHPHPPPHP
1084,PPPPHHHPPPPPHHP
1085,HHHPHHHPPHPHPPH
1086,HPHPPHHHPHHPHPP
1087,PPHPPPPPPPPPHHH
1088,HHPHHPHHPPPHPHP
1089,HHPPPPHPHHPPHHP
1090,PHHPHHPHPPPHHHH
1091,PHHHHHHPHPPHPHH
1092,PPHHPPPPPHPHHHH
1093,HHHHPHPHPPHPHHH
1094,PPPPHHHPHHPHHPP
1095,PPHHHPHHHPHPPPP
1096,HPPPPHPHPHPHPPP
1097,PHHPHHPHPHPHHHP
1098,HPPPPHHPHPHHHHH
1099,PPHPHHHHHHPPPPH
1100,HHHPPPPHPHPPHPH
1101,PPHPHPHPPPHHHHP
1102,PHPPHHPHPHHHPPP
1103,PHHPPHPPHHPPPHP
1104,PPHHHPPPHPHPPPH
1105,PHHHHHHHPPPPPPH
1106,HPPPHHPHHPPPPHH
1107,PHHPHHHHPPHPHHP
1108,PHPHPHHPPPPHHHH
1109,HHHPPPHHHHPPHHP
1110,HPPPPPPPPPPPHPP
1111,HPHPPHHHPHHPPPH
1112,PPHPHPPHHPPPHPH
1113,PHPHPPPHPPHHHHP
1114,HPHPHHPHHHPPPHP
1115,PPPPHHHHHPPHPPP
1116,HPHPPHHHHPHPHPP
1117,PPHPPPHHPHHPHHP
1118,HHPHHHHPPHHPPPH
1119,HPPHHPPPPPPPHPP
1120,PHPPHHPHHPHHPHP
1121,PHHPHPPHHHHHHPH
1122,PHHHHPHPHPPPPPP
1123,HPPPPHHPPPPHPPP
1124,HPHHHPHHPHPPHHP
1125,HPHPPHPPPHPPHPP
1126,HPHPPHPPPPPHHPP
1127,HHHPPHHHPPHPPPH
1128,PPHHHHPPHHHPHPP
1129,HHPPPHPHHPPHHHH
1130,PPHPHPPPHPPHPHH
1131,HPPHPHPHPHHPPPP
1132,PPHHHHHHHPPPHHP
1133,PPPPHPPHHPPPHPH
1134,PPPPHHPPPPPHHPH
1135,PHPPPPHPPHPPPPH
1136,HHPPHHPPHHHPHHP
1137,HPHHPPHHHPHPHPP
1138,HPHPHHHPHPHHHPP
1139,PHHHPPPHHPHPHHH
1140,HHPPHHPHPPHPPHH
1141,PHPHPHHPHPPPPHP
1142,PHPHHHHHHPPHPHH
1143,HPPHPPPHHPPHHHH
1144,HHPPPPPPHPHHHPP
1145,HPPHHPHPHPPPPHP
1146,HHPHHHPPHHHHPPP
1147,PHHHHPHPPPPPHPH
1148,PPHPPPHHPPHPHHH
1149,HHPHHPPHPHHPHPP
1150,PPPPHHHPPPHHHHH
1151,HPHPPHPHPHHPHPP
1152,HHPPPHHPPPHPPHH
1153,PPHPHHHPHHPPPPH
1154,HHPPHPHHPPPHPPH
1155,HPHPHPPHPHPHHPH
1156,HHHHHHPHPHPPHHH
1157,PHHHPHPHHHPPPHP
1158,HHPPPHPPHHPPPHP
1159,PHHHPPPPHHHPPHH
1160,PHHHHHHPPHPHHHH
1161,HHPPPPHHHHPHHHH
1162,PHPPHHPHHPPPPPH
1163,HPHHHPPHHHHHPHH
1164,PHHHHPHHPPHHHPP
1165,PPHHHHPPPPHHHPH
1166,HPPHHHPHPPPPPPH
1167,PHHHPHHPHHHHHPP
1168,HPPPPPHPPHPHHPP
1169,PPPPPPHPPPPHHHH
1170,HPPPHPPPPHPPPPH
1171,PPHPHPPPHPHPHHH
1172,HHHHPHPPHHHPPPP
1173,PPHHHPPHHPPPHHH
1174,HHHHPHPHHPPHHPH
1175,PHHHPHHPHHPHHPP
1176,HHPHPHHHPPHPPHP
1177,HHHHHHHHHPPHHPP
1178,PPPPPHHPPPHPPPH
1179,PHPPPPPHHHPPPPH
1180,HHPHHHHHHHHHPPH
1181,HHHHPHHPPPPHHPH
1182,HHPPPPHHHHHHHHH
1183,HPPPPHHPHHHHPPP
1184,HPPPHHPPPPHHPPH
1185,PHPPHHPHPHHPPPH
1186,PHHHHHPPHPPHPPP
1187,PPPPHPHPHPPPPHH
1188,PPHPPPPPPPHPPHP
1189,HPPPPPPPPPPHPHP
1190,PHPPPHPPHPPPPHH
1191,PHHPPPPHHHHHPPP
1192,PHHPHPHPPPPPHPP
1193,HHPPPPHPPPPHHPH
1194,HPPHHHPPPPPHPPH
1195,HPHPPPHHPHHHPPP
1196,HHHHPHHPPHHPPHH
1197,PHPPHPHHPHHHPHH
1198,PPPPHHPPHPPPHPH
1199,PHPPPHHHPPHPPPP
1200,HPHPHHHPPPHHPPH
1201,PHHPPPHPPPPHPHP
1202,HHHPHHPHPHHPHHH
1203,HHHHPHHHPHHHPPP
1204,HHHPPHHHPHPHPHP
1205,HPHPPHHHPPHHHHH
1206,HPPPPPHHHHHHHHP
1207,HHHHPPPPHPHHHPP
1208,HPPPHHHHPPHHHPH
1209,HHHPHPHHPPPPPPP
1210,PHPHPPPHHPHPPHP
1211,HHHPPHHHPPPPPHP
1212,PPPHPPHPHPHPPHH
1213,PPHPHPHPHPPPPPH
1214,PHHHPHHPHPPPHPH
1215,HHPPPHPPPHHHHPP
1216,PHPHHPHHHPPHPPH
1217,PHHHHPHPHPPPHPH
1218,HPHPPPPHHPPPHPP
1219,PPPPPPPHPPPPHPP
1220,PHHPHPPHHPHPHHH
1221,PHHHPHPPHPPPPPP
1222,HPPPHHPHHPPHHHH
1223,PPHPPHHPPHPHHHP
1224,PPPHHHHPHPPPHPP
1225,HPPPPPHHHHPPPHH
1226,HPHPHHPPPHHHHHP
1227,HPHPHHPPHPHPPHH
1228,PHPPPPPHHPHPHHH
1229,HPHPHHHPHHHPHPP
1230,PHPPPHPPPPHHHHP
1231,HHPHHPHPPHHPHPH
1232,HHHPPPPPHHHPPPP
1233,PPHPHPPHPHHPPPP
1234,HHHHPPPPHPPPPHP
1235,HPHPPHHHPPHHHPP
1236,PPPPHHPHPHHHPHP
1237,HPPPHHPPPHPPPPP
1238,HHHHPHPHPPPHPHH
1239,HHPPPHHPHPHPHPP
1240,PHPPPPHPPPHPPHP
1241,HPHHHPPPHPHHPHH
1242,HPHHPPPPPHHPPHP
1243,PPHHHPPHHHPHPHH
1244,HHHPPHPHHHHPPPP
1245,HHHHHHHPHPPPPHH
1246,PPPHPPPHPPHHHPH
1247,HHPHPPPPPHPPHHH
1248,PPPPPPPPPPPHPPP
1249,HPPPHHPPPPHHPHP
1250,HHHHPPPPHHHPPHH
1251,HHPPPHPPHHHHPPP
1252,HHHPPHPPPHPHHHP
1253,HPPHHPHPPPHPHHH
1254,HPPHHPPPPPPHPPH
1255,HPPPPPHPHHPPHHH
1256,PPPPPHHPHPHHPHP
1257,HPHPHPHHHPPHHPH
1258,PPPHPHHPHPPPHHH
1259,PPHHPHPPHHHHPPH
1260,HHPPHHHPHPPHHPH
1261,HHHPHPPPPHPHPHP
1262,PPPHPPPPPPPPHHH
1263,PPPPHHHHPHHPPHH
1264,PPHPHHHPHHHHHPH
1265,HHHPHPHPHHHHPPP
1266,PHHPPHPHHPHHHPH
1267,PHPPHHPPHHPPPHP
1268,HPPHHHHPHHPHHPH
1269,PHPHHHHHPHPHHPH
1270,HHPHHHPHHPPHHHP
1271,PPPHPHPPPPHPHPP
1272,PPHPHHPHHHPHHPH
1273,PHHHPPHPPHPPPPP
1274,PPPPPHPPHPPPHPH
1275,PHHHHPHPPHPHHHP
1276,PHHHHHHPPPPPHPP
1277,HPHPHHHPPHPPHHH
1278,PPHPPPPPHHHPPHH
1279,PPPPHPHPPHHHHPH
1280,PPHPPPPPHHPPPPH
1281,HHPHHHHHPPHHPHH
1282,PHHPHHHHHHHHHHH
1283,PHHPPHHPPPPHPPH
1284,PPPPHPPHHHPPPHP
1285,PHPPHPHHHPHPPHP
1286,PHHPPHHHHHHHHPP
1287,HHHHHHPPPPHPPPH
1288,HHPPHHHPHHPHPPH
1289,PHPHPPPPHPHPHHP
1290,PHPPPHHPPHHPHHP
1291,PPPPHPPHPPPHHHH
1292,PPPHHHPPPPPHHPH
1293,HPPHPHHPHHHHHPH
1294,PPHHPPHPPPHPPHH
1295,HPPHPHHHHHPPHPP
1296,HHHHPPHHPPPHHHH
1297,PPHHPPHHPHHHPPH
1298,PPHPHPPHHPHHPPH
1299,PHPPPHHHHPPPPHP
1300,HHHHPHPHPHPPHHP
1301,HHHHHPPHHHPHHHH
1302,HHHHPPHPPHHPPHH
1303,HHHPPHPHPPHPPPH
1304,PPPHHPHPPHPHHPP
1305,HPHPPPPPPPHPPHP
1306,PHPPPPHHHPPHPHH
1307,PPHPHHHHPHHPPPH
1308,PHPPPHHPHHHPHHP
1309,HHHPPHHPHPHPPPP
1310,PHPHPHPHHPPPHHP
1311,PPPHHPHHHPHPHHP
1312,HPHHHPHPPPPPHPP
1313,PHHPHPHPHPPHPHH
1314,HHHHPHPPHHHPPPH
1315,PHPPHHHPPHHHPHH
1316,PPHPHPPPPPHPHHH
1317,HHHHPHHPPPHHHHP
1318,PPPPHPPPPPHHPHP
1319,PPHPHPPPHHHPPPP
1320,PHHHHPHHHPHHHPP
1321,HHHHHHPHPHPHPHP
1322,PPHPPPPPPPHHPPH
1323,HHHPHPPPPPHPPHP
1324,HHHHHHHHPPPHPHH
1325,HPHHPPHHPHHPHPP
1326,HHHHPHHPPHHHPPP
1327,PPHPHPPPPPPHHHH
1328,PHHHHHHHPPPPPHH
1329,PPPHPPPHHHPHPHH
1330,HHPPPHHHHHPPHPP
1331,HHPPPPHHPPPPHHH
1332,HPPPPPHHHHHPPHH
1333,HHPHHHPHPHPPPPP
1334,HHHPHHHPPHPPHHH
1335,PHPPPPPPPPHHPPH
1336,PPHHPPHPPHHHPHP
1337,HHPHHHPPHPPHPHH
1338,PPPHHPPPHPPHPPH
1339,PPHPPHPPPPHHHHH
1340,PHHPHPHHPPPPPHH
1341,HPPHHHPHPPPPPHP
1342,HPHPHHHHHPHHPHP
1343,PHHHHHPPHPPHHPH
1344,HPHHHPHPHPPPPHP
1345,PPHPPPHPHPPPHPH
1346,HHPPHHHPHPHHPHH
1347,PPHPPHHPPHPPPHP
1348,HHPHPHPHPHPPHHP
1349,HHPHHHPHPHPPPHP
1350,PHPPPPHHPHHHHPP
1351,PPPPHPHHHHPHHPH
1352,HPPPPHPPHHHHHHP
1353,PPHHHPHHHPPPHPP
1354,HPHHHPHHHHHHHHP
1355,HPPHPPHPHHHPHPH
1356,HPHPHHHPPPHPHHH
1357,PPHPHHHPHPPHHPP
1358,PPHPPPPHHHHPHPP
1359,PHPPPHHPPHHHPHH
1360,PPHHHPPHHPPHPHH
1361,HPPHPPPPPPPHPHH
1362,PPHHPPHHPPHHPHH
1363,PPHHPPHPHPHHPHP
1364,PHPPPPPHPPPHHPH
1365,HPPHPHHPPPPPHPP
1366,HPHPHPHHPHPHPHH
1367,PPPPHPHPPHHPPPH
1368,HPHHPPHHPPPHHHH
1369,HPPPPPPPHHPHHHH
1370,HPPHPHPPPPHPPHP
1371,HPPHPHPHPPPHPPH
1372,HPPPPPHHPHHHHPP
1373,PHPPHHHHHHPHHHH
1374,PHHPPHPPPPPHHPH
1375,PPPHPPPPPHPHPPP
1376,PPHHPHPPHHHPHHH
1377,HHPPPPPPHHPHPPP
1378,PHPPHPPHPHPHHHP
1379,PHPPPHHHHHHHPPP
1380,HHPHPPHPHPHPHHH
1381,PHPPHPHPPPHPPPH
1382,PHPPHPHPPPPPHHP
1383,HHPPPPPPPHPHHHP
1384,HHHPPPHHHHPPPPH
1385,PHPPHHHPHPHPHHP
1386,PHPHPPPPHHHHPHP
1387,PPPPHPPHPPHPPHP
1388,PHHPPHPPHPPPHHH
1389,HPHPPHHHHHHPHHH
1390,PHPPPHPPPPPHPHP
1391,HPHHPHPPHHHPHHP
1392,HHPPPPHPHHPHPHP
1393,HHPHHPHPPHHPPHH
1394,PPPHHPPHHPHPHPP
1395,PPHPHHHPHHHPHHH
1396,PPHHPPHPPHHPPPH
1397,PPHPPHHPHPPHPHP
1398,PPPPPPHPPHPPHPP
1399,HPHHPPPHPPPPHHP
1400,HHHHPHPHHPHPPHH
1401,PPPPPHHPPHHHHPH
1402,HPHPHPHHHHPHPHP
1403,HHPHPHHHHHHHPPH
1404,PPPHHHPHPHHPHPH
1405,HPPPPPHHPHHHHPH
1406,PHPHHHHPHPPPHHH
1407,PPHHHPPPHHPHHPP
1408,HPPHPPHPPHPPHHP
1409,PPPPHPPPPPHPPPH
1410,HPHHPPHHPHHHHHP
1411,PPPPHHHHPHHPHPP
1412,PPPHPPHPPHPPPPH
1413,HPHPHHPHPHPHHHH
1414,PPPPPHPHHPPPPPP
1415,PHPPHPPPHHPPPPH
1416,PHPHPPPPHPHHPHH
1417,PPPPHPPHPPPHPPP
1418,HPHHPPHHPPPPHPP
1419,HHPHPPHHPHHHPHH
1420,HHPHHHPHPHHHHPH
1421,PPPPPPHPPPPPHHH
1422,PPPHHPHHPHPHHHH
1423,HPPPPHPPPPHPHPH
1424,HPPPPHPPPHHHHHP
1425,HPPPPPHHPPPPHHP
1426,PHPPPPPPPPHPHHP
1427,PHPPPPPPPPHHPPP
1428,PPHPHHHPHHPPPHH
1429,PPPPPHHHHPPHHHH
1430,PHHHPHHPPHHPPPH
1431,HHPHPPHPPHHPPHH
1432,HHHPHPPHHHPPHHP
1433,PPHHHPHPHHHPHHP
1434,HHPHPPPHPPPPHHP
1435,HPHPPPHPHHHHHHP
1436,HHPPPPPPPHHPPHH
1437,HHHPHPPPHPPPPHH
1438,PHPPPHHHHPHPPPP
1439,HPHHPHPPPHPHHPP
1440,HPHHHHHHPPPHPPP
1441,HPHPPPHHHPPHPHP
1442,HPHPHPPPHPPPPPP
1443,PHHHPHHHHHPHHHH
1444,PHPPPPPPPPPHPHH
1445,PPHPHHPHHHHPPPH
1446,HPPHHPPHPHHHHHP
1447,PPPHHPHPHPPHPPH
1448,HHHPHHHHHPHHPPP
1449,HHHHHHPPPPHPPHP
1450,HHPHPHHPPHHPHPP
1451,HHPHHHHPHPPPHHH
1452,PPPHHPHHHPPHHHP
1453,PHPHPHHPPPPPPHH
1454,PPPPPHHPHHHHPHH
1455,HHHHPHPHHHPHHPH
1456,HPPHPPHPHPHHPHP
1457,PPHPHHHPPHPPHPH
1458,HPHHHPPPPPPPPPH
1459,PPHPPHPPPPPPHHP
1460,PHHPHHPHHPHHHHH
1461,HPHPPHHHHHPPPPP
1462,HHHPHHPHPHPPHHH
1463,HHHPHHPHHPHHPHH
1464,HPHHPHPHPHHHPHP
1465,PHHHHPHPHPHHHPH
1466,HPHHPPPPPPHHPPP
1467,PHHPHHHPPPPHHHP
1468,PHPPHHHHPPPHHPH
1469,HHHHPHPPHHPHHHP
1470,HPPPPPHPHHPHHPH
1471,HHPHPPPPHPHHHPP
1472,HPHPPPHPPPHPPPP
1473,PHHPHHPPPPPHPPH
1474,PHPPPPPHPHPHPHH
1475,HHHPHHHPPPPHHHH
1476,PHPHHPPHPHPPPPH
1477,PHPHPHPPPPPHPPH
1478,PHPPPPHHPHPHPHP
1479,HPPHHPPPPHPPPHH
1480,PHHHHPPPPHPHPHP
1481,PHHPPPPPPHHHHPP
1482,PPPPPPHHHHPHPPH
1483,PPHHPHHPHHHPHPP
1484,HHHPHHPPHHHHHPP
1485,HHHHPHPPPHPPHPP
1486,PHPHPHPHPPPHPHH
1487,PPPPHHPPHPHHHHP
1488,HHPPPPPPHHPPPHH
1489,PHPHHPPHHPHPHPH
1490,PPPHHPPHPPPPHHH
1491,PHPPPPHHPHHHPHH
1492,HHHHPHPHPPPPPHH
1493,HHHHPPHPPPHHPPP
1494,PPHPHHPPHPHPPHP
1495,PPPHHHHPHHPHPHH
1496,PPPHPHPHHHHHPHH
1497,HPPPPPPPHPPPHHH
1498,HPPPPPHPHPPPPPP
1499,HHPPPHHPHHHHPPP
1500,PPPHHHHPPPPHHPH
1501,PPPPHPHHHHPHHPP
1502,PHHPPPHPHPHPHPP
1503,HHPHPPPHPPHPHHH
1504,PPPHPHHPPPHPPHH
1505,HPPHHPPHPPPPPHP
1506,HHHPHHPHHPPPPHH
1507,PPHHPHPPPPHPHPH
1508,PPPPHHHHPHHHPHP
1509,PHPHHHPPHHHPHHH
1510,PHHHPPPPPHPHHHH
1511,PPPPPHPHHHPPPHP
1512,PPPHPHPPHHPPHPH
1513,PHPHHPHPPPPHHPP
1514,PHHHPPPPHPPHPPH
1515,HPHHHPPPHPHHHHH
1516,PPPPPPHHHHPPHHH
1517,PHHPHHPPHHPPHPP
1518,HHPPHHPPHHPHHPP
1519,HPHPPHPHHPHPPPH
1520,HHHHPHHHHHPHHHH
1521,PHPPHPPHPPHPPPP
1522,HPHPHHPHHHHPHPP
1523,PPPHPHHPPPHPPHP
1524,HHHHHPHPHHPHHHP
1525,HHHPPHPPHPHHHHP
1526,PPPPHHHHPHHHHPP
1527,PPPPHPPHPPHHPHH
1528,HHPHPPHHHPPHPHH
1529,PPPHHHHHHPHPPHP
1530,HHPPPHPHHPHPPPH
1531,HPHPHPPHPPHHHHP
1532,HHHPPHPHPPHPHPH
1533,PPPHPPPHPPHPHPP
1534,HHHHHPHHPHPPPHH
1535,PPPPPPHPPHPPPPH
1536,PHHPPPPHHPHHHHH
1537,HPHHPPPHHHPHHPH
1538,PPPPHPPPHPPHHPP
1539,HHHPPHPHPHHPPPH
1540,HHPHHHHPPPPHPPP
1541,PPHPHPHHPPPHHHH
1542,PPPPPHPPPPPHPPH
1543,HPHHHPHPHPHHPHH
1544,PHPHPHHPPHHHHPH
1545,HPHHHHHPPHHPPPH
1546,PHHHHHPPHHPPHHP
1547,PHPHPPPPHHPHHPH
1548,HHPPPHPPPHPHHPH
1549,HHPHPHPHHPHPPHP
1550,PHHHHHPPPPHHPPP
1551,HHPHPHPPPPHPHHH
1552,HHPPPHPHPHHPPPH
1553,HHPHHPHHHPHHPHP
1554,HHPHHHPPHPHPPPP
1555,HHHPPPPPHHPPPPP
1556,PPHPHPPPPPPPPPP
1557,PHPPHPPHHPHPHHH
1558,HPPPPPPHPHHHPHH
1559,HHHPPPPPPHPHHPH
1560,HHPHHHPHHPPHPHH
1561,HPPPPPHPHPHHHHP
1562,HPHHPHHHHPPPPHP
1563,PHPPPPPPHPPPHHH
1564,HHHHHHHPHHPHHHH
1565,PPPPHPPPPPPHPHP
1566,PHPPPHPPHHPHHPH
1567,HHHPHPPHPPHPHPP
1568,HHHHHPHHHHPPPPP
1569,PPPHPPPPPHHPHPP
1570,HHHPHPPPHHHPPPP
1571,HHHHHPPPPHPHPHP
1572,HHPHPPHHHHHPPHP
1573,HPPPPPHHPPHHHPH
1574,PHPPHHPPPHHHHPH
1575,HHHPPHHPHHPHHHH
1576,HPPPPPPHHPHHPHP
1577,HHHPHHHHPPPPPHH
1578,HPPHHHPPHPPPPPP
1579,PPPPHHHPHHHPPPH
1580,HHPHHPPHHHPPPPH
1581,PPHPPPHPPHHHHPH
1582,PPHPPHHPHHPHPPH
1583,HHHHPHHPHHHHPHP
1584,HHHPHPHHHHHHHHH
1585,PHHHPPHPHHHHPPH
1586,PHHHPHPHHHPHHHH
1587,PPHPHHHHPHPPPPH
1588,HHPHHHPPPHHHPPH
1589,HPPPPPPHPHPPHHH
1590,HHHHPHHHPHHHHHP
1591,HPHHHPPPPPPPPPP
1592,HHHPHHHHPPHPHPH
1593,PHHHPHHHPHPHHHP
1594,HHPPPHHHHPHHHHP
1595,HPHPPPHPPPPHHPP
1596,HPPPHPHPPPPPHPH
1597,PHHHPPPHHPPPPPP
1598,PHPHPHHPHHPHPPH
1599,HHPPHPPHPPHHHPH
1600,HHHHPHHPHPPPHHP
1601,PPPPPHPHPPPPPHH
1602,HPPPHHPHHHHPHPP
1603,HPPHHHHPPPPPPPH
1604,PPHHPHPPHPHHPPH
1605,PHPPHPHHPPHHPPH
1606,PPPHHHHPHHPPHPH
1607,PHHHHPHHHHHHPHH
1608,HHHHPPHPPPHPPPH
1609,PHHHHPPPPHHHPHP
1610,HHPHPHPPPPPHHPP
1611,PPHHPHHPHHHPPPH
1612,PHPHHPPPHPHPHPP
1613,HPHHPPHHPHPPPHH
1614,HHPPPHPPHHPPPPH
1615,HHPPHHHHHHPPPPP
1616,HPPPPHHPHHHPPHH
1617,HPPHHPHHPHPHHPH
1618,HPPHHHHHPHHPHPH
1619,HPHPHPHHPHHHPHP
1620,PHHPHHPHHHPPPHH
1621,PHHPPPHHPHPPPHP
1622,HHPHHPPHPPPHPHH
1623,PPHPPHHHHHHHPHH
1624,HPPHPPPHPPPHHPH
1625,HHPHHPPPPHPHHHH
1626,HPPHPPPHHHHPPHP
1627,HHHHHPHPHPHPPHP
1628,HHHHPPHPPPHPHHH
1629,PHHPPHPPHPHHPHP
1630,PPPHHPHHHPPHHHH
1631,PHHPHPPHHHPHHPH
1632,HPHHHPHPHHHHHPH
1633,HHPPPPPPPHHHPHH
1634,HHHHHPHPPHHHPHH
1635,HHHPPHPHHPHHPPP
1636,PPPHPHPHHHHPPHH
1637,HPHHPPPPHPPPPHP
1638,PPPPHHHPPHHPHHP
1639,HPHHPHPPPPPPHPH
1640,PPPHHPHHHPPHPPP
1641,PHPHHPHHHPHHPPP
1642,HPPHHHPPPPHPHPP
1643,HPPPPPHPPHHHPHH
1644,HPPHPPPHHHHPPPH
1645,HHPHPHHPPHHHHHP
1646,HPPHPPHHHPPHHPH
1647,HHHHHPHHHPPHPPH
1648,PHPHPPPHHHPPHPP
1649,PHPPHPHPPHPPHPH
1650,HHHPPHHPPPHHPHH
1651,HPPHPHHPPHHHHHP
1652,PHHPPHHPHPHHPPH
1653,HPHPPPHHPPPHPPH
1654,HHHHHPHHHPPPPHP
1655,PHHHHHPHPPPPHHH
1656,PHPHPPPHPHHPHHP
1657,PPHPHPPHHHHPHPP
1658,PHHHPPHHPPHHHHH
1659,PHHPPHPPPHPPHPP
1660,PPPPHHHHHPHPHPP
1661,HHPPHHHPHHHHHPH
1662,PHPPPPPHPPPHPHH
1663,HPPPPHHHPHPPHHH
1664,HPHHHPPPHHPHHPH
1665,HPHHPHPHHPPPPHP
1666,PPPHPPHHHHHHHHH
1667,HHHPHPHPPPHHPHP
1668,HPHHHPHPHHPHPHP
1669,HPHHPPPPHPHHPPH
1670,HHHPPPPHPHHHPHH
1671,PHPHHPHHHHPPHHH
1672,PHPHHHHHHPHHPPH
1673,PHPPHHPHHPHHPPH
1674,PHPPHPHPHHHPPPH
1675,HPHHHPPHPHPPHHH
1676,PPPHHHPHPHHHPHH
1677,PPPHPPHHPHPPHHP
1678,PPPPHHHPPHHHHPH
1679,PPHPPPPHPHPPPPH
1680,PPPPPPPHHPPPPHP
1681,HHPHPHPPPPHHHPP
1682,PPHPHHPHHPHHPPH
1683,HHHPPPPHPPPPHHH
1684,HPHPHPPPPPHPPPH
1685,PHHPHHPPPPPPHPH
1686,HPPHPHPHHHHPHPH
1687,HHHHHHHPPHHHHPH
1688,HPPHHHHPPHHPPHP
1689,PHPHPHHHHHHHHPH
1690,PHHHHPHPHHHHPPH
1691,HPPPPPHHPPPHPHP
1692,PPHHHPHPPPPPPHP
1693,HHHHPPHPPHHHPPH
1694,PHHPPPHHHPPHPHH
1695,PPPHHHHHPPHHPPH
1696,HHPHPPHHPPHPPPH
1697,PHHPHHHPPHPHPPP
1698,PHHPHHHHHPPPPPH
1699,PHPPPPPHPPPPHHP
1700,HHHHPPPHHPHPHHH
1701,HHPHHHHHHPPHHPH
1702,HPHHPPPPPPHHHHH
1703,HHPHHHPPPHHHPHH
1704,PPHPHHHHPHHHPPH
1705,PHHPPPPPPPHPPPH
1706,PPPPHPHHHPHPHPH
1707,HHPPHPPHPHPPPPH
1708,PHPHPPHPPPHHPPP
1709,HPHHHPHPPHPHPPP
1710,HHPPPPPHHPPHPPP
1711,HHPHPHPPHPHHHHP
1712,PPHHHHHHHPHHPPH
1713,PPPPHPHPPHPHHHH
1714,PHPPHPHPHPPHPPP
1715,HHHHHPHHPPPPPPP
1716,PPHPPPHPPPPHPPH
1717,HPPHPHHHHPPPPPP
1718,PPPHHPHPHHPHPHH
1719,PPHPPHPHPPHHPPH
1720,PHPPPHPHHPPPPPP
1721,PHPHPHHPHPHHPHP
1722,HPPPPPPHHPHPHPH
1723,PHPPHPPHHPHHHPP
1724,PHPHPPPHPHPPHHP
1725,PPHPPHHHHHPHPHP
1726,HHHPHPHPHHHPHPP
1727,HHPHHHPPPPPPPPP
1728,HHHPPHHPPHHHHHH
1729,HHPHPHHPPPHHHHP
1730,HPHHHPHPHPHHHPH
1731,PHPHHHPPHHPPPPP
1732,HHPPHPHPPHHHHHH
1733,PPHPPPPHPHPHHHP
1734,HPPHPPPPHHHPPPH
1735,HPPPPPHPHPPHHPP
1736,PPPHHPHPHHHHHPH
1737,HPPPHHPPHPHPHPH
1738,HHPPHPPHHHHPPHP
1739,HPHPPPPPPHPHPHH
1740,HHPHHPHHPHPPPHP
1741,HPPPPPPPPPHHPPH
1742,PPPHHHPPHHHPPHP
1743,HHPHHHPHHPHHPPH
1744,PHHPHHHHHPPPPHP
1745,PHHHHPHHPHPHHPP
1746,PHPHHHHHPHHPPPP
1747,PHHPHPHPPHHPHPH
1748,PPHHPHHPPPHPHPH
1749,PPPPHPPHPPHPPPH
1750,PPHPPPHPPHPPPPH
1751,PHPPHPPPPPHPPPP
1752,HPHHHPPHHHHPHPH
1753,PPHHPPPHPHHHHPH
1754,HHHPHHPPPPHPHPP
1755,HPHHPPHHPHPPPPH
1756,HPHHPHHHPHHPHHH
1757,PHHHHPHHPPPHHPP
1758,PPHPPHPHPHHHHPH
1759,HHPHHPHPHHHHHHP
1760,HHPPHHPHHPPHHHH
1761,HHPHPPHHPPPHPHP
1762,HHHHHHHPHHPHHPP
1763,HPHPHHPPPPPPHPP
1764,PHHPHPHHPHHPPPP
1765,PHPHPHPHPPHHHPP
1766,HPHPPPPHHPHHHPP
1767,PPHPPHPPHHPPHPH
1768,HHPHHPPPHPHPPPP
1769,HPHPPPPPHHHPHHP
1770,PHHPHPPHPHPHHPH
1771,PPPPHHPHPPHHPPP
1772,PPHPHPPPPHHHPHP
1773,PHHPHHHPPPHHHHH
1774,HHHPPHPPPPPHPHP
1775,PHPPPPHHHPPPPHH
1776,PHHPHPPHPHPPPPP
1777,PPPPPPHPHPPPPPH
1778,PPPPHPPHHHHPHPP
1779,PPHPPHPHHHHPHHH
1780,PHPHPPPHHPHHHPH
1781,HPHHHHHPHHPPHPP
1782,PPHHPHPHHHPPHHP
1783,HHPHPHPPHHPPPPH
1784,HHPHHPHHPPPHPHH
1785,PHHPHHHPPHPPPHP
1786,HHHPPHHHHHPHPHH
1787,PPPPHHHPPPHHPPP
1788,HHHPHHPPHHHPHHH
1789,HPPPPHPHHPPHPPP
1790,HHPPHPHHPPPHHPP
1791,HPPHHPHHPHHHHHH
1792,HHHPHHPPHHHPPPP
1793,PHPHHHPPHHHHHHH
1794,PHPPHHPPHHHHHHH
1795,PHPPPHHPHPPPPPP
1796,PHHHPPHHHHPHHHP
1797,HPHPPPHHPHHPPPP
1798,HPHPHHHHPPPHPHP
1799,HHPHHPPPPPHHHHP
1800,PHHHPPPHHHPPPPH
1801,HHHHHHPHPHPHHHH
1802,PHHHHHPHHPHHHPH
1803,PPPPPPHHPPPHHHH
1804,HHHHPHPPHHHPHPP
1805,PPPHHPHHPPHPPPH
1806,HPPHHPHPHPHHPPH
1807,HPPPHHPPPPHPHPP
1808,PHPHHHPPHPHHPPP
1809,HPHHHPHHPPPHPPH
1810,PHPPPHHHPPHHHHP
1811,PHHPHPHPPHHPHHH
1812,HPPPHPPPHHPPHPP
1813,PPPPHPHHHHHHHHP
1814,PPHHPPHPHPHPPHP
1815,PPHPHPPPPPHPPPH
1816,PHHHHPPHHPHPHHP
1817,PHHHHHPHPHPPHPH
1818,PPPPHHPPHHHPHPH
1819,HPPPHPPHHHHHPPP
1820,PPPPPPHHHPPHHHH
1821,PHPPPPPHPHHHHHH
1822,PPHHHHHHPHHPHHP
1823,PHHHPPHPPPPHPHP
1824,HHHHHPHHHPPPHHP
1825,PHPPPPPPPHPHPHH
1826,PPPHHHHPHHPPPHH
1827,PHPHPPPHPHPPPPP
1828,PHHPHPHHHPHHHHH
1829,HHHPPHPHHPPPPPH
1830,PPPHPPHHHHHPHHP
1831,HPPPHHPHPHPHPHH
1832,HPHPHPPPPHPPHHH
1833,PPPPPPPPHPHHPHH
1834,PHPPPPPPHHHPHHH
1835,PHHPPPHPHPPHPHH
1836,HPHPPPPPPHHHHHH
1837,PPHPPPHPPHPHPHH
1838,PHPPHHPHHHHHPHH
1839,HPPPPHPHHHHPHHH
1840,HPPHPHHPHPPPPPP
1841,HHHPHHPPPPHPPPH
1842,HHPPPPPPPPPPHHH
1843,PPPHPPPPHHPHPPP
1844,HHHHPPPHPPHPPPH
1845,HPHPPHPPPHHPPHP
1846,HHPHPPHHPPHPHHH
1847,HHPHPPPPPPHPPPH
1848,PHHPHHHPHPPPHHH
1849,PPPPPHHHHHHPPPP
1850,PHPHPHHHHPHHPHP
1851,PPHPHHHHHHHHPPP
1852,HHHPHPHHPPHPHPH
1853,PHPPHPPHHHPHHHH
1854,PPPHPHHHPHHPHPH
1855,HHHPPPPPPHPPPPH
1856,HPPPPPPHHHHPPHH
1857,HPPHHHHHHPHPHHH
1858,HPPHPPPHPHHHPHP
1859,PHHHHHPHHPPPPHH
1860,HHHPPPHHPPHHPHP
1861,PHHHHHHPPPHHPPH
1862,HPPHHHPPHHPPHPP
1863,HPHHPPPPPHHPPHH
1864,HPHPPHHPHPPHPHP
1865,HPHHPPPPPHHPHHH
1866,HPPPPPHHPPPHHPP
1867,HHHHHPHHHPPPHPP
1868,PHPHPPHHHHHHHPP
1869,PHPPPHPHHPHHPHP
1870,PPHHPHPPHHHHPHP
1871,PHPHHPPPPHPHHPP
1872,HPHPHPPHHPHPHHP
1873,HHHHHPPPPHPPPPH
1874,HPHPHPPHHHPHPPP
1875,PPHHPHHPHHHHHPP
1876,PPHHPPPHPPPPPHH
1877,PPPPHPPHPHHPPHP
1878,PPHPHHPPPHHPHHP
1879,PHHHPHHHHHPHHPP
1880,PHHPHHHHHHHPHHP
1881,PPPHPHPHHPPPPPP
1882,PHHHPHPHHPHPHHH
1883,PPPPHPHHPHPHPPP
1884,HPHPHHPPHHHPHHP
1885,PHPHHHHHHHHHPPP
1886,HPHHPHHPPPHHPHP
1887,PHHHHPPHHPHHHPP
1888,PPPHPHPHPPPPHPP
1889,HPHPHHPHHHHHHPH
1890,HHHHHPPHHHPHHPP
1891,HHPHHHHHHHPPHHP
1892,PPPPHHPPHHHPPHP
1893,HHPHPHPHPHHHPPH
1894,HPPHPHHPPPPHPPH
1895,HHHHHPHHPHHHHHH
1896,HHPPPPPHHHHHHPP
1897,HHPPPPPHPPPHPHP
1898,PHPHHPPHPPPPHHP
1899,HHHHPHPHHPHPPPP
1900,PPHHHPPPPPHHPHP
1901,PPPPPPHHHHHPPHH
1902,HPHHPHHPPPHHHPP
1903,PHPHHPPPHPHHHHP
1904,PHPPPHHPPHHPHPP
1905,HHHPHPPPPHHPPPP
1906,HPPPPHPPHHPPPPH
1907,PHPHPPPPPPPPPPH
1908,PPHPHHHPPPHPHHH
1909,PHPHPHHPPHPHPPH
1910,PPPHHPPHPHPHPPP
1911,PPPHHPPPPPPHPPP
1912,PHPHHPPHPPHPHPP
1913,PPHPPHHHHPHHPPH
1914,HPPPHHPPPPPPPHP
1915,PHHPHPHPPHHPPHH
1916,PPPHHHPPPHHHHPH
1917,HPPHHPHHHHHHPHH
1918,HPHPPPHHHPHPPPP
1919,HHHPHHPHHHPPPPP
1920,HPPPHPPHPHPPHHH
1921,PHPHPPPHPPPHPHP
1922,HPPPPPHHHPHHHPH
1923,HHHHPHPPPPHHHPH
1924,PPPHPHPPHPPHPPP
1925,PPPHHHPHPPPHPHH
1926,HPPPPHPPHHHPPHP
1927,HHPPHPPPPPPHHHP
1928,HPPPPHPHPPPPHPH
1929,PPPHPHPHPPHHHHP
1930,PPPPHHHHPPPHHPP
1931,HPPHPHHPPPHHHPP
1932,PPPHPPHHHHHPPHH
1933,PPPPPPPHHPHHPPP
1934,HPHHHPPHHHPHPHP
1935,HHPPHPPPHPPPPHH
1936,HPHHHHHHPHHPHPP
1937,PHHHHPPPPHPHHHH
1938,PHHPHPPHHHHHPHP
1939,PHPHPPPPHPPPHPH
1940,HPHPHHHHPHPPPHH
1941,PPHPHHPHHHHPPPP
1942,HHPHPPHPPPHHPPP
1943,PHHHPPHPHPPPPPP
1944,HHHHHPHHHPHHHPP
1945,HPPHHHHHHHPPPPP
1946,PPHPPPHPHPPHPPP
1947,PHPPPHHPPPHPPPP
1948,HPHPHPPHPPHHHHH
1949,HPPHHHPHPHHHHHH
1950,PHPHPHHHHPPHHPH
1951,HHPPPHPPPHPHHHH
1952,PHHHHHPPHPHPPHP
1953,PHPPHPPPPHPHHHH
1954,HHHHPHPHHPHHPHH
1955,HHPPHPPHPPHPPHP
1956,HHPPPPPHPPPPPHP
1957,HHPPHPPHHHPHHHH
1958,PPHPHPPHHHPHHPH
1959,PHHPPHHPHPHPHHP
1960,PPPPHHPPPHPPHPP
1961,PPPHHPHHPPHPHHP
1962,HPHPHHHPHHHHPPH
1963,PPHPHHHPPHHHPPH
1964,PPPPHHPPHHPPPHP
1965,PHPPPPPPHHHPPPH
1966,PPPHPHHPHHPPHHP
1967,HPHHPPPHHHHPPPH
1968,PHHHPPPHPHHHPHP
1969,PHPHHPPHPPHHHHP
1970,PHPHPPPPHPPPHHH
1971,PPPHPPHHHPPHHPP
1972,PHPHPPPPPHPPPPH
1973,PHHHHPPPPPPHHPH
1974,PPPHHHHPPHHHHHH
1975,HPHHHPHHPHHPHPH
1976,PHHPHHPHHPHPPPP
1977,PHPPHPPPHPPPPHH
1978,HHHPPPPPHPPHPPP
1979,PPHHHHPPPPHPPPH
1980,HPPPHHPPHHPHHPH
1981,PPPPHHHPHHHPHPH
1982,HHPPPHPPPPPPHPH
1983,PHHPPHPHHPHPPPP
1984,PHHHHHHHHPPHHPP
1985,PPHPPPHHHPPHPPP
1986,PPHPPPPHPPPPHPH
1987,PPHHPHHHPHHPHPP
1988,HPHPPPPHHHHPHPH
1989,PPPPPHPPHPPHHHP
1990,PPHPPHPHPHHHPHH
1991,PPPHHHPHPHPPHHP
1992,HPPPHHHPPHHPHPP
1993,PHHHPHHHHPPPHPP
1994,HPHPPPHPHPHPPPH
1995,HPHHPHPPHHHHPHH
1996,HHPHHPPHPHHHPHP
1997,HPHHPHPHHPHPHPH
1998,PHHPPPHHPHPPPHH
1999,PPPHPPPHHHPPPPH
2000,PHPPPHHHHPPPPPP
2001,HPHHHHHHHHPPHHP
2002,HHPHHPPPHHHHPPH
2003,PHHHHHHHHPHPHPP
2004,HPPHHHPPHHPPPHH
2005,HHPPPHPHHPHHHHP
2006,HPPPHHPPHHHPHHP
2007,HPHHPPHHHPHPHHH
2008,HPHPHHHHHPHPHPH
2009,HPHPPHHPPPHPPHH
2010,PHHPPPPHHPHPHHH
2011,HHPHPHHHPHHHHPH
2012,HPHPPPPHPHHPHPH
2013,HHPPPPHPHPHPHHP
2014,HPHHPPPHPPHPPPH
2015,HHPHPPPHHHHPHHH
2016,HHPHHHPHPPPHPHP
2017,PHHHHPHHPHHPHPP
2018,HPPPPPHPPPPPPHH
2019,PPPPPPHHHPHHHHP
2020,HHHHHPPPPHPHHPH
2021,HHHPPPHPPHHPHPH
2022,HHPPPHPHHHPPPHP
2023,HHPPPHPHHPPHHPP
2024,HPPPHPHHHHPPHPH
2025,HPPPHHPPHPHHHHP
2026,PPHPPHHHPPPPPPP
2027,PHHPPPHHHHPPPPH
2028,PHHPHHHHHHHHPHH
2029,PHPHPPPPPPPPHPH
2030,PHPHHHPHHPHHPPH
2031,PPHPHPHPHHHPPHP
2032,PHHHHHHPHPPHPPP
2033,PHPHHPPPHPPHHPH
2034,HPHHPPHHHPPHHPH
2035,HHPPPHHPHHHPHPH
2036,PPHHHHHPHPPHHPH
2037,HHHHHPPHHPPHHHH
2038,HHHHPHHHPHPHPHH
2039,HHHHPHHHPPHHHPP
2040,HPPPHHHPHHPPHHP
2041,PPPPPHPHPPPHHPH
2042,PPHPHPPPPPHPHPH
2043,PHPPHPPHPHHHPPP
2044,PHHHHHPPPHHPPPP
2045,HHHHPPPHHHHHPPH
2046,PPPPHHHHPPHPHPH
2047,PPPHPPPHPHPPPHH
2048,PHHPPPHPHPHHPPH
2049,HHHPPHPHHHHHHHP
2050,HHHPPHHPPHPPHPP
2051,HHPPHPHHHPHPPPH
2052,PHHPHHPPPHHHHHH
2053,HPPHPPHHHPPHHHH
2054,HPHPHPHPPPHPHHP
2055,HHHHPHHPHHHPHHH
2056,PPPPPHHPPPPPHHH
2057,HPPHHHHPPPPPPHP
2058,PHPHPPHHPHPHPHH
2059,HPHPPPPHHHPHHPH
2060,HPPPHPPPHPHHPPH
2061,PHPHPPHPPHPHHPH
2062,PPHPPHHHHPHHHHP
2063,PHHPHHPHPPHHHPH
2064,PPHPPPPPPHHPHPH
2065,PPPHPPPPPPPHHHP
2066,PPPPPPHHHHPHHHH
2067,PHHHHPHPHPHPPHH
2068,PHHPPPPHHPPPPPP
2069,PHPHHHHPPHHHHPH
2070,HHPPHPHPPHPHPHH
2071,HHHPHPPPHPHHPHP
2072,HHPPHHHPPPHPHHH
2073,HHHPPHHPPHPHPHP
2074,HPPPHPHHHHHHHHH
2075,PPPPPPHPHHPHPPP
2076,HHPHHPHHHHPHHHP
2077,PHPHPHPHHHHHPHH
2078,HPHPPPHHPHPPPPP
2079,HPHHHHHPPHPHPPH
2080,HPHHHPHHHHHHPPH
2081,PPPHHHHHPHHHPHH
2082,HPPPHHHPHPHPPPH
2083,HPHPHHHPHPPHHHP
2084,HPPHHPHPPPPHHPP
2085,PPHPHPPPPHPPPHH
2086,HPPPPPPHPPHHPPH
2087,HHPPHPPHPHHHHPP
2088,PPPHHPHHPHPPPHP
2089,HHPPHPPPHPHPHPH
2090,HHHPPPHPHHHHPHP
2091,PHPHPPPHHHHPHHH
2092,PPPPPPPHPHPHHHP
2093,PPHPPPHHHHPHHHH
2094,HHPPPHPPHHPHHPP
2095,PPHHPPHPHHPHHHH
2096,PHPHPPPHHHPHPPP
2097,HHHPHHPHPHHHPPP
2098,HHHPPPPPHPHHPPH
2099,PHPPHHPHHPPHHHP
2100,PHPPHPPHPPHHPHH
2101,HPPPPPPHHHPPPHP
2102,PPHPPPHHPHPPHPH
2103,PPPHHPPPHPHPPHH
2104,PHHHHHPPPPPHHPP
2105,PHHHPHHHPPHHHHP
2106,HHHHPHPPPPPPHHP
2107,HHPHHPHPHPHHPPH
2108,HHHHPHHPPHHPHHP
2109,HHHPHPPHPPHHHHH
2110,HHPPHPPPHHHHPHH
2111,HHPPPPPPHHHPPPP
2112,HPPHPPPHPHPPHPH
2113,HPHHPPHPPPHHHHP
2114,HPHHPHHHPHHHPPH
2115,PPHPPHPHHHPPPPP
2116,HPHHPHPPHPHHHHP
2117,HPHPPPPHPHHPPHP
2118,PPPPHPHHHHPHPPH
2119,PHPHHPPPPPPHHPH
2120,PHPPPHHPHHHHHHH
2121,PPPHPPPHHHPHPHP
2122,HHPPHHHHHHHPHPH
2123,HHPPHPPPPHPHHPH
2124,HPPPPPPPHPHPPHP
2125,HPHPPHPPPPHPPHH
2126,PHHPPHHPHPPHPPH
2127,PPHHPPHHHPHHPPP
2128,HHPPPPPHPHHPHHP
2129,HHPPHHHHPHPPPHP
2130,PHHHPHPPPHPPHHP
2131,PPHPHHHHPHPHHPH
2132,HHPHPPHPPHPHPPP
2133,PPPPHHHPPHHPHPP
2134,PPHPHHHPHPPHPHH
2135,PPPHHHHPPPHHPHP
2136,PHHHPPHHPHHPPPP
2137,HHHPPHHPHPPHHPP
2138,HHPHHPHHHHPPPPP
2139,PPHPPPPHPHHHPPH
2140,PHHHHPPPHPHHHPH
2141,PHPHPPPPPPPPPHH
2142,HHHPPHHHHPPPHPH
2143,PPPHPHHHPPHHHPH
2144,PHPPHPHHPHHPHPH
2145,PHPHHPPHPHPPHHP
2146,HPPPPHPPPPPHPPP
2147,HHPPHHPPPPPHPPP
2148,HPHHHHHPHPPHHPH
2149,PHPPPPPHPHHPPHP
2150,PPPHHHPPHPHPHPP
2151,PHHPPPHPHHPPPHH
2152,PPPHPPPPPHPHPPH
2153,PPHHHHHPPPHPPPH
2154,HHHHHPHPPPHHPHP
2155,HPHPHPHHHPHHHHP
2156,HPPPHHPPHHHHPPP
2157,HPPPPHPHHPPHPHP
2158,PPPHHHHHPHPPPHP
2159,PHHPPPPPHHHPPHP
2160,HHPHPHPPHHPHHHP
2161,PHHPHHPHHPHPHHP
2162,PPHPHHHHPHPHPPP
2163,PPHPHHPHPHPHPHH
2164,PPHPPPHPHPPHHPH
2165,HPHHPHHPPPHPPPH
2166,HPHPHPPHPHPHPHH
2167,HPPHPPPPPPHHHHP
2168,HPPPHHPHHHHHPPH
2169,HPHHHPPHHPHPHPH
2170,PPPHHHHHPHHHHPH
2171,PHHPHHHHPPPHPPH
2172,HHPHPHPHHHPPHPP
2173,PHPHPHHHPHPHHPP
2174,HHHHPPHPHPPPHHP
2175,HPHPPPHHHPPPHPH
2176,HHHHHHPPHHPPPPP
2177,PPPPPHPHPHHPHHP
2178,PHHPPHHPPPPPHHP
2179,HPHPHHPPHHPHPHH
2180,PPHPPPHHPPPHPPP
2181,HHHHPHPHHPHHHHP
2182,HPHPHHPPHPHPHHP
2183,PHPHHHPPPPHPPPH
2184,HPPHPHHPHHPHPPP
2185,HPHPHHPHHPPHPHP
2186,PPPHHPHPPHPPHHH
2187,HHPPPHPHPPHHHHH
2188,PPPHPPHPHHHHHHP
2189,PPPHPPPHHPHHPPH
2190,HPPHPPHPPHHHHHP
2191,HHPPHPHPPPHHPPH
2192,PPPPPHPPHHHPHPP
2193,PPPPPHPPPHHHHHP
2194,HPHPHHPPHPPPPHH
2195,PHPHPPPPHHPHHHH
2196,HPHPPHPHPPHHHHH
2197,PHHHPPPPPHPPPPH
2198,HPHPHPPPPHHHPHH
2199,HHHHHPHPHPHHHPP
2200,PHHHPHPHPPHHHHH
2201,PHHPHHHHHHHHPPP
2202,PHHPPPHPPPPPHHP
2203,PHHPPHPPHHPPPHH
2204,PPHHHPPHHHPPPHH
2205,HPHPPHHHPPPPPHH
2206,HHHPHPHHHHHPHHH
2207,PHPPPPHPPPHHHHH
2208,PHHPHHHHHHPHHHH
2209,PPHHPPPPPHHPPPH
2210,HHHHPPHPHHPPHPH
2211,PPPHPPPHHHPPHPP
2212,PHHPHPHHPPHPPHP
2213,HHPPPHPPPHPHPPP
2214,HPHHPHHHPPPHPPP
2215,HPHPHHPPPPPPHHP
2216,HHPHPHHHHPHHPPH
2217,HHPHHPHPPHHHPHP
2218,PPPHHPHPHHPPPHH
2219,HHPHHPPHHHPHHPP
2220,HPHHHHPHPPPHPPP
2221,PHPHHPHHPPHPHPP
2222,PHPPPPPPPPPHPPP
2223,HPHPHPPHHPPHHHP
2224,PPPHHPPHHHHHPPH
2225,HPPPPPPHPPHHHPH
2226,PHPPHPHPPPHHHHP
2227,PHPHHHPHPPHPPPP
2228,HHPPPHPHPHPHHHP
2229,HPPPHHPHPHHHHPP
2230,HHHPPPHHHPPHHPH
2231,HPHPHPHPHHHPHPP
2232,PPPPHHHPHHHHHPP
2233,PHPPPPPPPHHPHHH
2234,HPHHHHHHHHHHPPH
2235,HHHPHPPPHPHPHHP
2236,PPPPHHPHPHHHHPP
2237,HPPHPPPHPHHPHPP
2238,HHHPPPPPHPHPPHH
2239,HPHHPHPPPPPHHHH
2240,HPPPPHPPHPPHPHP
2241,HHPHHPHHHPHHPHH
2242,HHPHHHPPPHPPHHP
2243,HHPHHPHPPHPPHHP
2244,HPPHPPPPHPPHPHH
2245,PHPHHHHPPHPPHPP
2246,PPPHHHHPPHHHHPP
2247,PPPPPHPPPPHPHHH
2248,HHPPHPPPHPHHPPP
2249,PPPHHPPPPHPHHHP
2250,PPPHHPHPPPHPPHH
2251,PHHHHPHPPPPHPHP
2252,HPHHHHHHPHHPPPP
2253,PHPHPPHPHHPPPPP
2254,PHPPHPHHHHHHHPH
2255,HPHHPHHHHPHPPPP
2256,PPPHPPPPHHHPPPP
2257,PPPHPHHHHHHHHPP
2258,PPHHPPHPHPPPPHH
2259,PHPPHPPHPHPPPHP
2260,PHHHHHHHHHHHPPP
2261,PPHHPPPHPHPPPHP
2262,HHPPHPHHHPHPHHP
2263,PHPPHPHHPHPPPHH
2264,HPPPHHHHHHPHPHH
2265,PPPPHPHHPHHPHPH
2266,PHPHHPPPHPPPHHP
2267,PHPHHPPHHPHPPHP
2268,PPPPPHPHHPPHPHP
2269,HHPPPHHHHPPHHHH
2270,PHPHHPHPPHPHHPP
2271,PPPPHHHHHHHPHHH
2272,HHHHPPPHPHHHPHH
2273,HHHPHPPPHHHHHHP
2274,PPPPHHHPPHPHHPP
2275,PHHPPPHPPHPPHHH
2276,PPHPPPPHPHPHPHH
2277,PPPHHHPHPPHPHPH
2278,PHHHPHPPHHHPHPP
2279,HHHHHHPPHHHHPPH
2280,PPHPHHPPPHHHPHH
2281,HHPHHHPPPHHPHPH
2282,HHHPPHPPPHHHHPH
2283,HPHPPHHHHHHHHHP
2284,HHHPPHPHPPHHPHP
2285,HHHPHPPHHPPPHHH
2286,HHPPHHHPHHHPHPP
2287,HHPPPPHPHHHPHPP
2288,HPPPHPPPHPHHPPP
2289,PHPHPPPPPPHHPPP
2290,PPHHPPHPHHPHPPH
2291,PHHHHHHHHPPPHPP
2292,PPPHHHHHPHHHPHP
2293,HHHHPPPHHHHPPPH
2294,PHHHPPHPPHHPPHP
2295,HPHPPPHPHPHPPHH
2296,PPHHHHHHHHPHPHH
2297,HHPPHPPPHPHPHHP
2298,HHHHHPHHPHPPHPH
2299,HHHHPPPHPHHPHHP
2300,HHPHPPHPHPPPPPP
2301,HHHPHPHPHPHHHPP
2302,PHHHHHPPPHHPPPH
2303,PHPPPPPHHPPHHHP
2304,HHHHHPPPPPHPHPH
2305,HPPPPHHPHPPHHPH
2306,PPHHPPPPPPHHHHH
2307,HPPPHHHHPPHPPHP
2308,HHHHHPPPPHPPHPP
2309,PHPPHPPHHPHPPPP
2310,PPPHPHHPPHHPHHH
2311,HHHPPPHHPPHPHHP
2312,HPHHHHPPHHHHPHP
2313,PHPPHHHPHPPHPHP
2314,HPHHPHPPPHHHPPH
2315,HHPPHPPHPPHPPHH
2316,HHHPHHHPHPHHPPH
2317,HHPPHHPHHHHPPPP
2318,PPHHPHPHPPPPHHP
2319,HPPHHHHHHHHPPHP
2320,PPHPPPHHHPHPPPH
2321,PHPHHHPHHHHHPPP
2322,HHHHPPPPPPHHHPP
2323,PPPHHHHHHPPHHHH
2324,PHHHHHHPHHHPPHP
2325,PHHHHPPPPPHHPPP
2326,HHPPPHPHHHHPHPH
2327,PHPPPHHHHPHPPPH
2328,HPPPPPHHPHPPPPH
2329,HPHPHPHPPHHPPPP
2330,HPPPPHPHHPPHHPP
2331,PHPHPPHHPPPHPPH
2332,HPHHPHPHHHPPHPH
2333,PPPHHPPHHHHPHHH
2334,HHPPPHHHHHPPPHP
2335,PPHHPHHHHHPHHPP
2336,HHHPPPPHHHHHHPH
2337,PPPPHHHPHPHHPPH
2338,HHHHHPHPHPPHPPH
2339,HPHHPHPHPPHPHHP
2340,PHPHHHPPHHPPHHH
2341,HPPPHHPPPHHHPHP
2342,HHPHHPPHPHHPPPP
2343,PPPPPHPPPHPPHPH
2344,HPPHPPPHPPPPPHH
2345,HPHHHPHHHHPHPHP
2346,PHPPPPPHPPHPHHP
2347,PPPHPHHPHPHHPHP
2348,HPPPHPHHPPPHPHH
2349,PHPHHPPHHPPHHPH
2350,HHPHHPHPPPPHPHH
2351,PHHHHPPPPHPHPHH
2352,PPHPHPPHPPPPPPP
2353,HPPHPPPHHHHHPHH
2354,PHHHHHHHHHHPHHP
2355,HHPPHPPPPHPPHHH
2356,PPHPHPPPHPPHPPP
2357,PHHPHPHHHPHPPPP
2358,HPHPPHPHPHPHHHP
2359,HPPHHPHPPPHHHPP
2360,PPHPPHPHHHHPPPH
2361,PPHPPHHPHPPHPPH
2362,HPPHPHHHPPHPPHH
2363,HPHHPHPHHPHPHPP
2364,PHPPPHPPHHHPHPP
2365,PPPHHHHPHHHHHHH
2366,HHHHHPHHHPHPPPP
2367,HPPHPPHHPHHHPPP
2368,HPHHPHPHHHHPHPH
2369,PHHHPHHHHHHHHPH
2370,PHPHHHHHPPPHHPH
2371,HHHHPHPHPHHHHPP
2372,HHHHHHHHHHHHPHH
2373,HPHHHHHHHHPPPPP
2374,PHHPHPHHHHPPPHH
2375,HPPPHHHHHPHHPPH
2376,PHHHPHHHHHHPHHH
2377,HPPHHPPHPPPHHPH
2378,HHPHHHHHHPPPPPH
2379,HPPPHHPPHPHHPPP
2380,HPPHPPPHHPPPHHP
2381,PHPHPPHHHHPPHPH
2382,HHPHHHHPHPPHHHP
2383,PPHPPPHPPPPHHPP
2384,PHPPHHHHPPHPPHH
2385,HHPPHPHHHPHHPHH
2386,PPHPHPHHHHHPHPP
2387,HPHPHPPHHHPHHPP
2388,PHHPPHHHPPHHPPP
2389,PPPHPHHPPHHHHHP
2390,PHHPPHHPPPPHPPP
2391,PPPPPHHPPHHHPHP
2392,PPPHHHHHPHHHHHH
2393,PHHHPHHPPHPPPPH
2394,PPHPPHPPPPHHPPH
2395,HHHPHPPPPPPHHPP
2396,HPPPHPPPPPHHHHP
2397,HPPPPPPHPHHHHPP
2398,PPHPHPPHPHHHHPP
2399,HHHPPPHHPPHPHPP
2400,HHPHPHPHHHHHHPP
2401,PPHPPHPHHHHHPHH
2402,HHPHPHPPHHPHPHP
2403,HHPPHPPPPHHHPHH
2404,HHHHHHHPPPPHHHH
2405,HHPPPHHHHPPHHPP
2406,HPPHHPPPPPHHHPP
2407,PPHPPPPHPHPPPPP
2408,PPHHPPPHHPPHPHH
2409,PPHHHHPHHPPPPHH
2410,PHPPPPHPPHHPPPP
2411,PHHHPHHPHHPHPHP
2412,HHHHPHPPPPPHPHH
2413,HHHHHPPPPPPPHPH
2414,PPHPPPPPPPPHHPH
2415,PPHHPHHHHPPPHHH
2416,HHPPHPHHHHPHHPH
2417,HPPPPPHPHHPHHHP
2418,PHPHHPPHPHHPHPP
2419,HPHHPHPPHHHPPPH
2420,PHPPHHPHPHPHPPH
2421,PHHPPPPHHPPHHHH
2422,HPPPHHHPHPPHPHP
2423,HPHPHHPPPHHPPPH
2424,PHHPHHPHHPHHHPH
2425,HHHHHHPPPHHPHHH
2426,PHPPPPHPPHHPHHP
2427,HHHPHHHHPPPPHHP
2428,HHHHHHPHPPHPHHP
2429,PPHPPPHPHHPHHPH
2430,PPPHPHHHPPPPPPH
2431,HPPHHPPHHHHPHHH
2432,HPHPPPHPHPPHPHP
2433,PPHHPPHHHPHPHHH
2434,HPPPHHPPPHPHPPP
2435,HPHPHHPPHPHPPPP
2436,PPHPHPPHPPHPPPH
2437,PHHHHPPHHHHHPPH
2438,HHPHHPHPPHHPPHP
2439,PPPPPPPPPPPHPHP
2440,PPHHHPHHPPHHHPH
2441,HHPHHHHHPPPHHHP
2442,PPPHHPHHHHHPHPH
2443,HPHPHHPPHPHPHHH
2444,PPPHHHPPPHPPPHH
2445,PHPHHPHPHHPHPHP
2446,HPHPPHHHPPPHPPH
2447,HHHHHHHPHPPHHPH
2448,PHPHHPHHHHPHHHP
2449,PHHPHPHHHHPPPHP
2450,PPHHHHHHHPHPPPP
2451,HHPHPPHHPHHHPPP
2452,HHHPPPHHHPPPPHH
2453,PPPPPPHHHPHHHPP
2454,PPHPHHHHHPHPPHP
2455,PPPHPPHHHHPHHPH
2456,PPHHHHHPHHHHPHP
2457,PPPPPPPHPPPHPPP
2458,HHHHPPPPHHPHPPH
2459,HHPPPHPHPHHHPPP
2460,HHHHPHHHPPHPHHH
2461,PPHPPHHPPHPPPPH
2462,HHPHHHHPHPPHHPP
2463,HPPHHHHPHHPPHHP
2464,HHPHHHHPHHPPPPH
2465,PHHHHHPHHHPHHPH
2466,HPPPPHHHPPPPPHH
2467,HHPPPPPHHHPHPPP
2468,HHPHPHHHPPHPHHH
2469,HHPHPPHPPPPHPHH
2470,PHHPHHPPPHPPHPP
2471,PHPPPHHHPPPHPHH
2472,HHHPHPPHPPPHHPP
2473,HPHPHHPPPPPPHPH
2474,PPHPPHPPHHHPHHP
2475,HPPHPPPHHHPHPPH
2476,PHHHHPHPPHPHHPH
2477,HHHHHPPPHPHPPHP
2478,HHPHHPHPPPPPHHH
2479,PPPHPPHPHPPHPHH
2480,PHPPPPHHPHPHHHP
2481,HHPHPHPPPHHPHPP
2482,PHPPHHPHHPPHPHH
2483,PPHPPHHHHHHHPPH
2484,HHPHPHPHHPPHPHP
2485,PHHPPHPHPHHPPPP
2486,PPPHHHPPPHHPHPH
2487,PPHHPPHPPHPPPHH
2488,PPHPHPHPHHPPHPH
2489,HHPHHPHHHHHHHPH
2490,PPPHHHPPPPHPHHH
2491,PHHPHPHPPPHHHPP
2492,PPHHPHPPPHPPPPH
2493,PHPHHHPPPHHHHHP
2494,HPPHHHPHHHPHHPP
2495,HPHHHPHPPHPHHPH
2496,HHPHPHPPPHHHHPP
2497,PPHHPPPHHHPPPHP
2498,PHPHHHPHPPPPHHP
2499,PHHPPPHHHHPHHPH
2500,HPPHPPHHHPPPHPH
2501,HHPPHHPPHHPPHPH
2502,HHPHPPPHPPPHHPH
2503,HPHPHHPHPHPHPPH
2504,HHHHHHPHPHPHHHP
2505,PPHPPPPHPHPPHHP
2506,HHHHHHPHPHPPPPP
2507,HPHPHPPHHPHPHHH
2508,HHHHPHPHPHPHHPH
2509,HHPHHHPHPPHHHPP
2510,PHPHHPHPHHHHPHP
2511,PHPPHHPPHPHPPPP
2512,PHPHHPHPHPPPHPH
2513,HPPPPHHHPHPPPHP
2514,PHHHHHHHHPHPHHP
2515,PPHHHPHPHPPHHPP
2516,HPHHHPPHHPPPPHP
2517,PHPHHHHHPPHHHPH
2518,PPHPHPHPHHPPPHH
2519,HHHPHPHHHPHPHPP
2520,PHPPHPPHPPHHHHP
2521,PPPHHHHHHHPHHHP
2522,PPPPHHHPPPPHHPH
2523,PPPHPPHPPHPPPHH
2524,HPPHHHPPPPPPHPP
2525,HHPPPPHHPHPHPHP
2526,PHPHPPPPHHPPPHP
2527,HHHHHHPPHPPPPPP
2528,PHPHPHPPHHHHHPH
2529,PPPPPPPPPHPPPHH
2530,HHHPPHPHHPPHHHP
2531,HHPPHPHPPHHHHPP
2532,PPHHPHPHHHHHHHH
2533,HHPHHPPPHPPHHPH
2534,HHHPHHHHPHHPHPP
2535,PHHPPHPHPHPPPPP
2536,HPPPHHHPPPPHPPH
2537,PHHHHHHPHPHHHPH
2538,PPHPHHHPHHHHPPP
2539,PHPPPHHHPHHHPPP
2540,PPPHPHPHPHHPHHH
2541,PPPHPPHHHHHPPPH
2542,PHPPPPHHPPPPPHP
2543,HPHHHPHHPPHPPPP
2544,HPHHPPHHHPPHPPP
2545,PHPPHPHHHPPHHPP
2546,PHPPHHHHHHPHPPP
2547,HHPPPPPPPPPPHHP
2548,HPPPHPPHHPHPPHP
2549,PHPHHHPHPHHPHPP
2550,PPPHHPPHPPPHPHH
2551,PHPPPPPPHHPPHPP
2552,HPPPPHPHPPPHPHH
2553,HHHHPPHPPPHPPHH
2554,PPHPPHHPPHHHHPH
2555,HHHHPHPPHPPHPHP
2556,HPHPHPPPHPHPHHH
2557,PPPHPPPHHPHPHPH
2558,PPHPPHPHPHPHHPP
2559,HPPPPHPHPHHPPHH
2560,PPHHPPHHPPPPHHP
2561,PPPPPPPPHHPPHPH
2562,PPPPHPHPPHPHHPH
2563,HPPPPHHHPHHHPPP
2564,PHHHPHPPPHPHPPH
2565,HHPHHPHHHHPPPPH
2566,HPPHPPPHPPHHPHP
2567,PPHPHHPPPHPPPPH
2568,PPHPHPHHPPHHHHP
2569,PHHPPPPPHPPHHPP
2570,HHPPHHHPPPPPPPP
2571,HHPPHPPPHPPPHHP
2572,PPPHHHHHHPHHPPH
2573,HPHHHPHHPPHPHPH
2574,HPPHHHPHPHPHHHH
2575,HHPHHPPPPPHHPHH
2576,PPPHPPHPPHHHHPH
2577,PHHHHPHPHPHPPHP
2578,PPPHPPHHHHHPPHP
2579,HPPPHHHPHHPHHHH
2580,HPPPHPPHHHPPHHH
2581,HHHHHHPHHHPPHPH
2582,HHHPPHPHPPPHHPH
2583,PHHHPHHHHHHPPPP
2584,HHPHPHHPPPPHPHP
2585,PHHPPHHPPPHHPHH
2586,PHHHHHPHHPHPHPP
2587,PHPHPPHHHHPPPHH
2588,HHPHHHHHPPPHPHH
2589,HPPHPHPPPPHPHHP
2590,PPHPHHPPPPPHHPP
2591,PPPHHPHPPPPPHHP
2592,PPHHPPPPHHPHHHP
2593,PHPPPPHHPHPHHPP
2594,HHPPHHHPPPPPPPH
2595,PHPPHPHPHPPPHHH
2596,PPHPPPPHHHPPPHP
2597,PHHPHHPHPHPPHHP
2598,PHHHHHPPHPPPHPH
2599,HHPPPHHHPPHHPPP
2600,HHHHPHHHHHHHPHP
2601,HHPHHPHHPPHPPPP
2602,PHHPPHPPPPHHPPH
2603,PPHHHHHHPPPPPPH
2604,PPPPPPPPHHPHPHP
2605,HPPHHHHHHPHHHHP
2606,HHHHHPHPHHHPHPP
2607,PPPPPHPPPPHPHHP
2608,HPPHHHHHPHPPHPH
2609,PPHHHHPPPHHHPHH
2610,HPHPHHPPHHHHHPH
2611,PHPHHPHPPPPHHPH
2612,HHPPPHHPHHHHHHP
2613,PPHPHPHHPPHHHHH
2614,PPPHHPHPHHPHPPP
2615,HHPPPPPHPPHHPPH
2616,HPPHPHPPPHPPPPP
2617,HHPPHPHPHPHPPPP
2618,PHPPHPPPPHPPHHH
2619,HPPPHPHHHHPHHHP
2620,PHPHHPPHPHPHHPH
2621,HHPHPPPPHPPPPHP
2622,HHPPHHHHHPHHPPH
2623,PHPPPPPPPHPHPPH
2624,HHPHPHPHHHPPPPH
2625,HPHPHPHHHPPPPPH
2626,PHPHHPPPPHPHPHP
2627,PPPPPPPPPHPHHPH
2628,PPPPPPHHPHHHHHP
2629,HPPPHHPPHPPPPHP
2630,PPHPHHPHPHHHHPH
2631,PPHHHHHHPPPPHHP
2632,HHHHHHHHPHPPPHH
2633,HPHHHPPHHPHPHHH
2634,PHHPHHHHHPPPHHP
2635,HHPHHHPPPHHPHHH
2636,PHHHHHHPHHHPPPP
2637,PPPPHHHHHPHHHPP
2638,PPHPPHPPHPPPHHH
2639,HPHHPPPHHPPPHPH
2640,PHHPHPPHPHPHPPP
2641,PHPPHHHPHPHPPHH
2642,PPPPPHPHHPPHHHP
2643,HPPPPHPPHHPHHPP
2644,HHHHPHPPPPHPHHP
2645,HPPPHHPPPPPPHPP
2646,HHPPHPPPHPPHHPH
2647,PHPHPPHHHPHHPHH
2648,HHPHHHHPHHHPHHH
2649,PHHHHPHHPHHPHHP
2650,HHHHPPHPPHHHPHH
2651,HPPPPPHPPHHPHHH
2652,HHHPHPPHHPPHHPP
2653,HPHPHPPHPHHHPPH
2654,PPPPPHPPPHPPHHH
2655,PHPHHPPPHPHHPHP
2656,PHPHHHPHHPHPPPP
2657,PPHPHPPHHHHPPPP
2658,HHPHHPPHHHHPHHP
2659,HPHPPPPHHHPPHPH
2660,PPPPPPPPHPPPHPP
2661,HPHHHHHPHHPPPHH
2662,HPPPHHHHHPHPHHH
2663,HPPHHHPHHHPHHPH
2664,HPPPHHHPPPHPHPP
2665,HHPPHPPPHHPHHPP
2666,PHPPHPHPHPHPPPH
2667,PHHPHHPPPHHHHHP
2668,HHHHHPPPHPHPPPH
2669,HHHHPHHPHPPHPHP
2670,PPHHHHHHHHHPPPP
2671,PHHPPPPPPPPHPPP
2672,HPHHHPPPHHHHHHH
2673,HHPPPHPPPHHHPHP
2674,HHHPPPPHPPPHPHP
2675,HHPHHPPHHHPHPHH
2676,PPPPPHHHHHHHHPP
2677,PPHPHPPPPPPHPHH
2678,HPPHHHPPHPPPPPH
2679,PPPPPPPPPPPPPHH
2680,HPPPPHHHPPHHPPP
2681,PHPHPPHPHHPPHPH
2682,HHPHPHHHPPPPHHP
2683,HHPHHPPPHHPHPPH
2684,HHHPHHHHPHPPPPH
2685,HHHPHPHPPHHHPPP
2686,PHPHHPHHHHHHHPH
2687,HPPHHHHHHHPHPPP
2688,PPHHHHPHPPHHPPH
2689,PHHPPPPHPPPPHPP
2690,HPHHPHPHPPPPHHH
2691,HPHPHPPHPHPHHPP
2692,PHPPHHPHPPHPPPP
2693,PHPHHPHHHPPPPPH
2694,HPPPHHPHHPPHPHH
2695,PPHPPHPPHHPHHHH
2696,HPHHPPHHPPHHPHH
2697,PPHPPPPPHPHHPPP
2698,PPHHHPHHPHHPHHH
2699,PPHHHPPPHPHHHPP
2700,HPPHPPHHHPHPPPH
2701,HPPHHHHPHHPPPPP
2702,PPHHHHPPPHPPHHH
2703,PPPHPHHHHHPPPHH
2704,PHPPHPPPHPPHHPP
2705,PHPHPHHPPHPHHPP
2706,PPHHPHPPPPPPHHP
2707,HPHHHHPPHPHPPHH
2708,PHPHPHHHHPPPHHP
2709,PHPPHHPHPPHPPPH
2710,HHHHPHPHHHHHHHH
2711,HPHHHHPPHPPPHPH
2712,PPHHPHPHHPPHHPH
2713,HHPHHHPHHPPHHPH
2714,PHPHPPHPPPHHPHH
2715,HHPPHHHPPPHHPPP
2716,HHHHHPHHHHPPPHH
2717,PHPPPPHHPPPPHPH
2718,PPHHHHPHPHHPHPP
2719,HHHHHHPPPHHHPHH
2720,HPPPHPHHPHPHPHH
2721,PHHPPPHHPHPHPPP
2722,PPHHHPPHHPHPHPP
2723,HHPHPPHPPHPHHHH
2724,HPPHPPPHHPPHPPP
2725,HHPPPHPHHHPHHHH
2726,HPHHPHHPPPHHPPH
2727,HPPHHHHHPPHPPHH
2728,HHHPHHPPPHPPHHP
2729,HHPPHHPPHHHPPPH
2730,HHPPHPHPPPPPHHP
2731,HHPPPHHHPHPHHPP
2732,PPPPHPPHHHHHHHH
2733,HHPHPPPPHHPPHHP
2734,PPHPHHPPHPPPHPH
2735,HPPPHPPPHHPPHHP
2736,PHHPPPHHHHHPHHP
2737,HHPHHPPPPHHHHPH
2738,HPHPPPHPPPHHPPP
2739,HPPHPPHPHHHPPPP
2740,HPPPHPHPPPHPPHP
2741,PHPHPHHPPPPPHHH
2742,PPPPPHHHPHHPPPH
2743,PPHHPHPPPHPPPHH
2744,HPHPPHHPHPHPPPH
2745,PPHHHHHHPPHPPHP
2746,PHHHPHHHHPHHPHH
2747,HPHHHPHPPHHHHPP
2748,PPHHPHPHPPPPPPP
2749,HPHHPPHPHHPHHHH
2750,PHPHPHHPHHHHPPP
2751,HPPPHHHPHHHPHHP
2752,HPHPHPHHHPPPPPP
2753,HPPHHHPHHPHPPHP
2754,HHHHPHPPHPHPPPP
2755,HHHHPPHPHPPHHPP
2756,HPPPHHHHPHPPPPH
2757,PHPPPPPPPPHHHPH
2758,PPPHHPPHPPPPHPH
2759,HHPPPPPPPHHPHHP
2760,HPHHPPHHPPHPPHP
2761,PHHPHHPPPPHPHHH
2762,PHHPHPPHHPHPHPP
2763,HHHPPHHPHPPPPPP
2764,PHPPPHPPPHHHPPH
2765,HHPHHPPHPPPPPHH
2766,PHHHHPHPPPHPPPH
2767,HHHPPPPPHPHPPPH
2768,HHHHHPHPPHPPPHP
2769,PPHPPPHPPHPPHHH
2770,HPHPPPHHHHHPHHP
2771,PPHPPHHHHPHHPHP
2772,HPHPHHHHPHHHHPP
2773,PPHHPHPPHPHHPHH
2774,HPHHPHPHHHPPPPP
2775,PHHHHHHPHPHPHHP
2776,PHHPPPHHHPPPPPH
2777,PHPPPPHHHPHHHPH
2778,HPPHPPPPPHHHPPP
2779,PPHPPHPHHHHPPHP
2780,PHPHPPHPPPPHHHH
2781,HHPPHPPPHPPHHHH
2782,HPHPPHHPPPPPHPH
2783,HHHPHPPPPPHPPPP
2784,HPPPPPHPPPPHPPH
2785,HHHHHPPHPPPPPPP
2786,HHPHPPPHHPHHPPH
2787,PHPHHPPPPPHHPHP
2788,PHHPPHHHHPPPHHP
2789,HPPPHPPPHPHHHPH
2790,PPPHHHHHHPPPHPH
2791,PHHPHPPPHHHHHHP
2792,PHPPHHHHHPHPHHH
2793,PPHPHHPHHPHHPHP
2794,PHHHPPHPPPHPPPP
2795,HPHPPPHPPPPHPPH
2796,PPPPPHHPPHPHPPH
2797,PPPPHPPPHPHHPHP
2798,HPPHHHPPPPPPHHP
2799,HHPPHHPHPHPPPPH
2800,HPPPHPPPPPPPHPH
2801,PPPHPHHPPHPHHPP
2802,PHHHPHHHPHHHPHH
2803,HHHPPPPHHHHHPHP
2804,HHHPPHHPHHPHPHH
2805,PHHPHPPPHHPHPPH
2806,HPPHHHPPPHPPHHP
2807,HHHHPPPHHPPPPPH
2808,HHHHPHPPHHHPPHH
2809,PHPHHPHHHHHHHPP
2810,PHPHHHHPPPPPPPH
2811,PPPHPPHPPHHHPPH
2812,HHHHHPHHHPHPPPH
2813,PPPHPHHPPHHHPHP
2814,HPHPHPPHHHHHPHP
2815,HPPPHPHHPPPPPHP
2816,PHPHPHPHPPHPPPH
2817,HPHHPHHHHHPPPHP
2818,HPHHHPPHPPPHHPH
2819,HPHPPHPHHPHHHHP
2820,HHHHPHPHHHPPPHH
2821,HPHHPHPHPPHHPPP
2822,HHHPPPPPHHPHHHH
2823,HHHHHHHPHPHPPHH
2824,HHHHPHPPHPPHPHH
2825,HHHHPHHPHPPPPPH
2826,PPHHPPPHPHHHHHH
2827,HHHHHHHHHHPHHPP
2828,PPHHHHHPHPPPPHH
2829,PHPPHPPHPHHHHHH
2830,PHPHHPPPPPPHPHP
2831,HHHPHPPHPPPHHHP
2832,PPHPHPHPHPPPPHP
2833,HHPHHPPHHHPHPHP
2834,HHPPHPHHHHHPHPH
2835,PHPHPHHPPHPHPHH
2836,PPHHPPHHHPPHHHH
2837,HPHPHHPPPPHHHPP
2838,HPHPPHHPHPHHPHH
2839,HPHPHHPPPHPPHHP
2840,HPHPHPHHHPHHPPP
2841,PPHPPPPPPHPHHHH
2842,HPPPPHPHHHHPHPH
2843,PPHHHPPHHHPHPPP
2844,PPPPPHPPHPPPHHP
2845,PHPHHPHPPHHHPPP
2846,PHPPPHHHHPPHHHH
2847,HPHPHHPPHHHPHPH
2848,PHHHPPPPHHHHHPH
2849,HPHHPPPPHHPHHHP
2850,PPHHPPPPPPPHHHH
2851,HHHHHHPPHPPHHPP
2852,HPPHPHPPHPPPPPP
2853,PPHPPHHPHHHPHHH
2854,HPHHHHPHPHHPPHH
2855,HHPHHHPHHHHPHPH
2856,PHPHHPHPHHPHPPH
2857,PPPPHHPHPPPHPHH
2858,PPPHHHHPPPPPHPP
2859,HHHPHPPHPPPHHHH
2860,PHHPHPHPHPPHHHP
2861,PPPHPPPHHHHPHPH
2862,HHHHPPPHHHHHHPH
2863,HHHHHHHPHPPHHHH
2864,HPPHPPHPHHPHHHP
2865,PHHPHHHHHHPHPHH
2866,HHPHHHPHPPPHHHH
2867,PHHPHPPHHHPHHPP
2868,HHPHPPHHPHHPHPH
2869,HHHPHPHPPHHPPPP
2870,HHPPPHHHHHHPPHH
2871,HPPHHPPPPPPPHHP
2872,HPPPPPHPPHPPPHH
2873,PPPPPHHPPHHHHPP
2874,PPPPPPHPPHPHHPP
2875,PPPHPHHPPPPHHHH
2876,HPHHHPPHHPPHHPP
2877,HPPHPHPHPHHHPHP
2878,PHPHHHHHHPPHHPP
2879,PHPHHHPHHPPHPPP
2880,HHHHPPPPPHPHPHH
2881,PPHHHHPPPPPPHHH
2882,HPPHPHPHHPPPHHH
2883,PHPHPPPHHPPPPPP
2884,HPHHPPHPHHPPHHP
2885,HHPPPPHPPPPHHHP
2886,HHPHHPHPHPPPHPH
2887,HPPHHHPPHPPHPPP
2888,PHPHHHPPPHPPPHH
2889,HHPHPHHPPHHHPHH
2890,HHHHPPHPHPPHHHP
2891,HPPPHPHPHPHHPPH
2892,PPPPPPPHHPPHHPH
2893,HHHHHHPPPHPHPHH
2894,PHPHHHPPHHHHHPP
2895,HPHHPPHHHPHHHHP
2896,HPPPPPPHPPPPPPP
2897,HPHPHPHHHHHHHPP
2898,HHHPHPHHHHHHPPH
2899,PPPHHPPHPHHHPHP
2900,HHPPHHPHPPHPHPH
2901,HHPPHHPHPPPHPHH
2902,PHHPHPHPHHHPHPP
2903,HHPHHHHHPHHPPPP
2904,HHHHHPPPHHPHHPH
2905,HHPHHHPHHPHPPPH
2906,PPHHPHPHHPPHHPP
2907,HPHHPHHPHPHPPHP
2908,PHPPPHPPPHPPPHP
2909,PPHPPHPHHPHPHPP
2910,HHPPHHPPHPPHHPP
2911,HHPHPHPHHHHHHHP
2912,HHPPPPHHPHPHHPP
2913,HPHPPHPHPHHPPPH
2914,PHHHPHHHPHHHHPH
2915,HPPPHHPHHPPPHPH
2916,HPHHPHPPPHHPPHH
2917,PHHHHPPHPHPPHHP
2918,PHPPHPPHHHHHHPP
2919,HPHPPHHHHPPHHPH
2920,HHHPPHHPPHPHHPH
2921,PHHPHPHHHPPPHPH
2922,HHPHHPPPHHHPHPH
2923,PHHHHPHHPHPHPHP
2924,HHPPHHHPHPHPPPP
2925,HHHPPHPHHPHPPHH
2926,PHPPPPPHHPHHHPP
2927,HHHHPHPHPHPPHPP
2928,HPPHHHPHPPPPPPP
2929,HPHHPHPHHPPHHPP
2930,PHPPPHHHHPPHPHH
2931,PPPPHHPPPPHPHHH
2932,PPPPPHHPPPHHPPH
2933,HPHHPHHPHPPPPPP
2934,PPHPHPPPPHPPPPH
2935,HPHPHHPHHPHHHHH
2936,PPPHPPHHPHPPHPH
2937,PHHPHHHHHPHPPHP
2938,PHHPPPHHHHPHPHH
2939,PPPHHPHPHPHHPPP
2940,HHHHPPPHPHHPPPP
2941,PPHHHPPHPHHPHHH
2942,PHPPHPHPHPPHPHP
2943,HHHHHHPHHPHPHHP
2944,PPHPHHHHHHPHHHP
2945,PPHPHPPHPPHHHPH
2946,PPPHPHHHPPHHPHH
2947,PHHHPHHPHPHHPHH
2948,PPPHHHHHPHHPPHP
2949,HHHHPHHPHPHHHHP
2950,PHPPHHHHHHPPHHH
2951,HPHHHPHHHPHHHPP
2952,HPPHPHPHPPHHHHP
2953,HHPHPPHPHHHPHPP
2954,HHPHPPPPHPPHHPH
2955,PPPPHPHHPPPPPPH
2956,PHHPHPPPHPPHPHP
2957,PHPPHPHPPHPPHHH
2958,PHPHHPHPHHHPHHP
2959,PHPPHHHPPHHPHHP
2960,PHPHPPPHHHPPPHP
2961,PPHHHHHHPHHPPHP
2962,PPHHPHHPPPHHHPP
2963,PPHPHHHPPHPPPHP
2964,PPHPHHHPPPHHHHP
2965,PPPHHHHPHHHHHPH
2966,HHPHHPHHHPPPPHH
2967,PHHPPHHPHPPPPPP
2968,PHPPPHHHHPPHHPH
2969,PHHPHPHPHHPHHHH
2970,HHHHPPPHHPHPPPH
2971,PPHPHPPHHPHPPHH
2972,HPPPHHPHHPPPPPH
2973,HPHHPHHHPHHPPPP
2974,PHHPPPHPPHHPPPH
2975,HPHPHHHHHHHPPPP
2976,HHPHPHHHHHHHPHP
2977,PHPPHHPHPHPHHHH
2978,PHHPHPHHPHHPPHH
2979,PHHHHPPHPHHPPHP
2980,PHHHHPHHHPPHPPH
2981,HHPPPHHHPHPHHPH
2982,PPHPHPHPPHHHPPH
2983,PPHHHHPHPPHPHPH
2984,PPPPPHPHHPPHHPP
2985,HHHHPHHHPHPHHHH
2986,HPHPPHHPHHPPPHH
2987,HHHHHHHHPPPPPPH
2988,PPPPPHHHPPHHPHH
2989,PPHHHPPPPHHHHHP
2990,PPHPHHHHPHHPHHP
2991,PPPHPHHPHPPPPPP
2992,PHHPHPPPHPPPPHH
2993,HHHPPHHPPPPHPHP
2994,HHHHPPHHPHPHHHH
2995,PHPHPHHHHPPHHPP
2996,HHHHHHHPHPPHPHH
2997,PPHHPHHHHHPPPPH
2998,PHHHHPPPPPPHPPH
2999,HPPPPPHPPHPHHHP
3000,HHPHPHPPPHHPHHP
3001,HHHHHPHHPHPPHPP
3002,HHPPPPPHHHPHHHH
3003,PPPHPHHHPPPHPPH
3004,HHHPPHHHPHHHPPP
3005,PPPPPPPHHPHHPPH
3006,HPHPPPHPHPPHPPP
3007,PHPPHPHHHPPPHHH
3008,HHPPHPHHPPPHHPH
3009,PHPPPPHPPPPHHHP
3010,HPPPHHHHHHPHPPP
3011,PPPHPHHHHHPHPHH
3012,PHHHHHHPPPHPHHP
3013,PHHHHHHPHPPPHPH
3014,PPPHHHHPHHPHPPH
3015,HPPPPHHHHHHPHPP
3016,HPPHHPHHPHPHHPP
3017,HHHPPPPPHPHHPHH
3018,PHHPPPHHHPHPHHH
3019,HPHHHPPPHPHPPPP
3020,HPHHHPHHPHHPHHP
3021,PHPHPPHHHPHHPHP
3022,PHHPPPHPHHHHHHH
3023,PPPHHPPPHHPHPPH
3024,PHPPHPPHPHPPPPP
3025,PPHPHHPPHHPHPHH
3026,HPHHPPPPHHPPPHH
3027,HHPHPHHPHPPHPPP
3028,PPHHPPHHHHPHPHH
3029,PHPHHHHHHPHPPPP
3030,PPHHHPPHHPHHHHH
3031,HPPPPHHPPPPHPPH
3032,PPPHPPHPPPPPPHH
3033,PHHPHPPHPPHHHHH
3034,HPPHHPHHHHHHHHP
3035,PHHPHPHHPHPHPPP
3036,HPHPPPPHPHHPPPH
3037,HPHHPPHPHHHPPHH
3038,PPPPHPPHHHHHHPP
3039,PPHHPPPHPPPPHPP
3040,HPPPPPPPHPHHHHH
3041,HPHHHPHHPPHPHPP
3042,PPHPPPPPHPPPHHP
3043,PHHHPHHHHHPPPHH
3044,PPHPPPPHHPHHPHH
3045,HPHPHHPHPPHHPHH
3046,HPHPPHPPPPPPPPH
3047,PPHPPPHPHHHHPPH
3048,PPHPPPPHPHHHPHH
3049,HHHPHHPPHPHHHHH
3050,PHPPPPPHPPHPHPP
3051,PHPHPHHPHHHHHHP
3052,PHHHPPPHHHPHPHH
3053,PHPHHHHHPPPHHHH
3054,HPHPPPHPHHPPHHP
3055,PHHPPHPHHHPPPPH
3056,HPHHHPHHPPHHPPP
3057,HPHPHPPHHHPPPHP
3058,PHPPPPHPPPHPHPH
3059,HPHPHHHPPPPHHHH
3060,PPHHPPHHPHPPPPH
3061,PHPPHPPPHHPPHPH
3062,HHPHPPPHHPPPHPH
3063,HPPPHPHHPHHHHPH
3064,HHHHPPPHHPPPPHP
3065,HHHPPHHHHPPPPHP
3066,HPPPHPHHHPPHPHH
3067,HHHPPHPHHPPPHHH
3068,HHHPPHHPHPPPPHH
3069,HPPHPPHPHPHHHPP
3070,HPPPHHPHHPHPPHH
3071,HPPHHPHHHHHPHPH
3072,HPHPHPHPPHHHPPH
3073,HHHPHHPPHPPHPPP
3074,PPPPHPHHHPPHHHP
3075,HPPHHHHPPHHHHPH
3076,PPPPHPPHPHPHHPH
3077,PHPHPHHHHHHPPPH
3078,HPHPPPPHHPHPHPH
3079,HHHHPPHHPHHPHHH
3080,HHPHPPPPHHHHPHP
3081,HPHPPHPPPPPPHPP
3082,HHPPPPPPPHPHPPH
3083,PPHPPHHHPPHPPPH
3084,HHHPHPPHPPPPPPP
3085,PHPHHHPPHPPPPHH
3086,HHHHHPPPHPPPHHH
3087,HHHHHHHHPPHHPPH
3088,HPPHPHHPHHPPHHP
3089,PHHPHHHPHHPHPPP
3090,HPPHHHHHPHHPPPP
3091,PHHPHPPPHPHHHPP
3092,HPHHHHHHHHHPHPP
3093,PPHPPPHPPPPHHHP
3094,PPPPPHPPPPHHHHP
3095,HPPHPHHHHHHHPPH
3096,HPPPHHHHPHPPHPP
3097,PHPHHPHHHHPHHHH
3098,HPPPHPPPPHHHHHH
3099,PHHHHHPPPPHHPHP
3100,PHPPPPHPPPHHPHH
3101,PPPPHPPPHPHPPHH
3102,PPHPHHHPHHHHPHP
3103,PPHPPHPHPPPPHPP
3104,HPHHHHPPPHHHPHH
3105,PHHHHPPPHPHPHPH
3106,HPPHHHPPPHHPPPP
3107,HHHPHHHHPPHPPPP
3108,HHPHPPHHHPPHHPH
3109,HHHHHHPPHPPPHHH
3110,PHPHHPPPPPHHHPH
3111,PPHPHPHPHPHPHPH
3112,HPHHPPHHHPPPHHP
3113,HPHHPHPHPHPPHHP
3114,HHPHPPPHPHHPPHP
3115,HHPHPHPPPHHPPPP
3116,PPHPPPPPPHPHHPH
3117,PPPPHPHHHPHPPPH
3118,HPHHHHPHHHHHPPH
3119,HPPHHPHHPPHPPPH
3120,PPHHPPPPHHPPHPP
3121,HPHPHPPPHPPHPPP
3122,PHHPHHPHHHPPPPP
3123,HPHHPPPPHHPHHPP
3124,PHPPPPHPHPPPPPP
3125,HPPHPHHPHHPPHPP
3126,HHPHPHHPPPPHHPH
3127,PHPPHHPHHPHPHHH
3128,HHPHHHHPPPHHPHH
3129,HHPPPHHHPPPHPHH
3130,PHPHHHPHPPPPHPH
3131,PHHHHHHHHHPPHHH
3132,PPPPHHHPHPHPPPP
3133,HPPPPHHHHHPPPPH
3134,HPPHPHPPPHPPHPP
3135,HHHHHPPPHPHPHPP
3136,HHHPPHPPHHPHPHP
3137,HHPHPPHPHHHPHHP
3138,PHPPPPHPPHHHPHP
3139,HHPPHPHHPHPHHHH
3140,PPHHPPPPHPHPPPP
3141,HHHPPPHHHHHPPPP
3142,PHPPPPPHHPHHHHH
3143,PHHPPPHPPPPPPPP
3144,HPHHHHPPPPHHHHP
3145,PPPHPHPPPPPPHPH
3146,PPPHPHPHHPHHPHP
3147,HHPPPPPPHHHHPHH
3148,HHPHHPHPPHPHPPP
3149,PHPHHPPPPPHPHPH
3150,PPHHPHPHHPHPPPH
3151,HPPHHPPPPHPPPHP
3152,HHPHPHHHPPPPPHH
3153,PPHHPPPPPHPHHPH
3154,HHHHHHPPHHPHPHH
3155,PPPPPPPHPHPPPPH
3156,PHHHPHPHHHHHHPH
3157,PHPPHPPHHPPPPHP
3158,PPHHPPPHHPPPPPP
3159,PHHPPHPPHPHPHHP
3160,HHHPHHHHHPPPHHP
3161,HHHHPHPPPHHPPHP
3162,HPHPPHHHHPPHPHP
3163,HHHHPPPPPHHHPHH
3164,HHHPHHPPHPHPHHP
3165,HHPPHHPPHHPHPHP
3166,HPPPHHHHHHPHHPP
3167,HPPHPHHHHPHHPPH
3168,PHPHPPHHPPPHPHP
3169,PHHHPHHPPPHPPHP
3170,PHHPHPHPHHPPHPH
3171,PHHHPPPPHHPPHHH
3172,PPPPHPHHPHPHHHP
3173,PHHHPHPPPHPHHHP
3174,PHHPPHPHPHHPPHH
3175,PHPPHPHPHPHPHPH
3176,HPHHHHPPHHHPPPH
3177,HPPHHHHPPHHHHPP
3178,HHHPHPHHHPHHHHP
3179,PPHHHHPPHHPHPPH
3180,HPHHPPPHPPHHHPH
3181,HHHPPPPPPHPHPHP
3182,HPHHHHHPHPHPPHH
3183,HPPHHPHHHHHPPHH
3184,PHPHPPHHPHHHHPH
3185,HPPPHPHPHHPHHHP
3186,PPPPHPPHPHPHPPP
3187,HHPPHPPPPHPPHPH
3188,PPPHPHHHPHHPPHH
3189,PPPHPHHHPHPPHHP
3190,HHPPHHPPHPHPPPH
3191,HHHHPHPHPPPHPPH
3192,PHPHPHHPPHPHPHP
3193,PHHPHPHPHPPHPPP
3194,PHPPHPHHHHHPPPH
3195,HPPPPPPPPHPHPHP
3196,PHHPHPHHHHPHPPH
3197,HPHHHPHPHPPPHPH
3198,HHPPPPPPHHPHPHP
3199,PHHHHHPHHHPHPHP
3200,PHPHHHHPHPPHHPP
3201,HPPPPPHHHPHHHPP
3202,HHPHHPHHPPHPPHP
3203,HPHPPHHHPHHHHPH
3204,HPHHHHPPPPPHPHH
3205,HHHHPPPHPHPHHHH
3206,PHPPPPPHHPHHPHP
3207,HHPPHPPHHHPPHPH
3208,HHHPHPPPHHHPHPH
3209,HPHPHHHHPHPHHHP
3210,PHPPPPPHPPHPPPH
3211,HPHHHHHHHPHPPPH
3212,HHHPHPHHHHHPPPP
3213,PPHPPHHHPPPPHHP
3214,HHPPHPHPHPPHPPH
3215,HPPPPPPPPPPHHHH
3216,HPHPHPPHPPPHPPP
3217,PHPHHPPHHPHHHPP
3218,HPHHPPHHPPPHPHP
3219,HPPHPPPPPPPPHHH
3220,HHHHPPHHHHPPPPH
3221,PHPPHHHHPHPHHHH
3222,PPHPPPPHHPPHPPH
3223,HHHPPHPHHPHPPPP
3224,PHHPHHHPPHPHPHH
3225,HHPPHPPHPHHHPPP
3226,HHPHHPPHPHHHHHH
3227,HPPHPPPPPHPHHPP
3228,PHPHHPHHHPHHPHH
3229,HHHPHPPHPHHHPPH
3230,PHPPPHPHHPPHHPH
3231,HHHHHHPPPPPPHPH
3232,HPPPPHPPHPPPHHP
3233,HPPHHHHPPPHHPHP
3234,PPPPHHHHHHPPHPP
3235,HPPPPHHPHPHHHPP
3236,HHPHPHPPHHHHHPP
3237,HPPPPPHHHHHHPPH
3238,PHPHHPHHPHHHHPH
3239,PPPHPPPHHHPPHHH
3240,HPPHPPPPPHHPPHP
3241,HHHPPPPHPHHPPHP
3242,PPPPHHHHHHPPPPH
3243,PPPHPHPPPPHHHPH
3244,PHHPPPHHPHPHHHP
3245,HPPHHPPPHPPPHHP
3246,PPPPHHPPPPHPPHP
3247,PPPHHPPHPHPPHHH
3248,PHPPPHPPHHHHHHH
3249,HHPHPPHPPPHPHPP
3250,PHPPHPPHHHHHPPP
3251,HPHHPHHPPPPHHPH
3252,PPHHHPHHPPPHPHH
3253,PHHPHHHPPHHHHPH
3254,HHPHHPHHHPPHHHP
3255,PPPHPHPHHHHHPHP
3256,HHHPPHHHPHPPPHP
3257,PPHPPPHHHPHHHHH
3258,PHPPHPHHHPPPHPP
3259,PHPHPPPHPHHPPHH
3260,PHHPHPPHPHHHHPH
3261,PPHHHPHHHHHPPPH
3262,PPPHPPHPPPPPPHP
3263,HHPPPHPHHHPPHHH
3264,HHHHHHHHHHHPHPH
3265,HPHPHHHPHHHHHPH
3266,HPHPHPHHHPHHPPH
3267,PPPHHHPHHHHHPHH
3268,PHPPHPHPHPHPHHH
3269,HHPHPPHPHPPPPHH
3270,HPHHPHPHPPHPPPP
3271,HHPHPHPPHHHPPPP
3272,PPHPHPPPHHPHPPP
3273,PPPPPPHHHHHPPPP
3274,PHPHPHPHHPHPHPH
3275,HHPPPHPPHHPHPPP
3276,HHHHHPPPHPPHPHH
3277,PPPPHHHHHPHPPHH
3278,HPPPPPPHHPPPHHP
3279,HHHPPHPPPPPPPPH
3280,HHHHHHPPPPHPPPP
3281,HPPPPHPHPHHHPPP
3282,PPHPHHHHHPHPHPP
3283,HHHPHHPHPHHPPPH
3284,PPHPHPPPPPHHPHH
3285,HHHPPPHPPPPPPPP
3286,PPPHHHHHHPHHHHP
3287,HHPPPHPPPHHPHPH
3288,HHPPPPPPHPHHHHH
3289,HPHPPPHPHPPHHHH
3290,PHPPPHPPPPPPPHP
3291,PPHHPPHPHHHPHPP
3292,HHPPPHPHPHPPHHP
3293,HPPHHPHPHHPHHHH
3294,HPHPPPPHHPPPPPH
3295,HPHHPPHHHPPPPPH
3296,PHPHHHPPHHHPPPP
3297,HPPHPHHPPPHHHPH
3298,PPPPPPPPHHPPHHP
3299,PPPHPHHHPHPHPPH
3300,PPPHPPHHHHHHPHP
3301,HPHPPHHHPPPHHPP
3302,PHHPHHPHPPHHPPH
3303,PPHPPHHHHPPPPPH
3304,PHPHPHPHPHPPHHH
3305,PPHHHPPPPHPPHHP
3306,HPPPPPHHHHPPPHP
3307,HPHHHPHHPHPPHHH
3308,HHPPPHPHHHHHHPP
3309,HPHPPHHHHPHHPPH
3310,PPPHHHHHHHHHHPP
3311,HHHPHPHPPHHPHPP
3312,HPHPHHPPPPPPPHH
3313,HPPHPPPHHPHHPPH
3314,PHHHHPPHPPHPHHP
3315,PHPHPPPHHHHHHHP
3316,HPPHHHHHPHHPHHP
3317,PPHHHPHPPHPPPHH
3318,HPPPHPHHHPHPPHP
3319,HHPPHPPHHHHHHPP
3320,PPHPHPHPPHHHHHP
3321,PPHHPHHPPHPPPHH
3322,PHHPPPHPPHPHPHP
3323,PHPHHHHHPHPHPHP
3324,HHHHPPPHHPHPHPH
3325,HPPHHPHHPPPHHPH
3326,PPHHPPHPPHPPPPH
3327,PPHHHPHHPHPPHPH
3328,HPPPHPHPHHHPPPP
3329,PHPPHHPPPHHPHHH
3330,HPHHPHPPPPPPPHP
3331,PPPPHPPPHPHHHPP
3332,HPPHHPHHPHPHPPP
3333,PPHHPPPPPHHHPPH
3334,PHPHHHPPPPHPHHP
3335,HHPPPHHPPPHPPPH
3336,HPPPHHHPPPPPHPH
3337,HPHPHPHHHPHHPHH
3338,PHPPHHPHPPPPHPH
3339,PHPPPPPHPHPHPHP
3340,PHPHHHHPPPHPPPH
3341,HPHHHHPHPPHPHHH
3342,HPHPHPHPHPHHHPH
3343,PHPHPHPHHPPHPHH
3344,HHHHPPPPPPHPPPH
3345,HHHHHHPHHPHPHPP
3346,PPPPHHPHHHHHPPP
3347,HPPPPHPHPPPHPPP
3348,HPHPPHHPHHHHHHH
3349,PPHPHHHPHHPPHHH
3350,PHHHPHHPPPPPHHP
3351,PHHPPHHPPPPPHPH
3352,HPPHPPHPPPHPPHP
3353,HPPHPPPPHHPHPHH
3354,HHPHPPHPHPPPHPH
3355,PPHPHHPHPHHPPPP
3356,PHHPHPPHPPPPPPP
3357,PHPHHPPPHPHPPHH
3358,PHPHHHPPHHPPHPH
3359,HPPHPPPPHHPPHPP
3360,PPPPHPPHPHHPHPH
3361,HHHHHPPHHHHHPHP
3362,PHPPHPHPPHPHHPH
3363,HHPPHHPHPHPPHPH
3364,HPHPHPHPHPHPPHH
3365,PPPPHHPPHPPHHHH
3366,PPPHPHHHHHHHHPH
3367,HHHPPHHPHPPHHHH
3368,PPPPPHHHHPHHHPH
3369,HHPPPPHHHHPHHHP
3370,HHPPPHPPHHPPHPP
3371,PPPHHHHPPHHPHPH
3372,PPHHPHHHHPHPPHH
3373,PHHPPHPHHPPHHPH
3374,PPHHPHHHPPHPHPH
3375,HPHHHHPHHHHHPHH
3376,PHPPHPHPPHHHHPH
3377,PPPPPHPPPHPHPHP
3378,HPPHHHPPHHHHHPH
3379,HPHHHHHPPPPHHPP
3380,HHPPHPHPPPPHHHP
3381,HHHPPHHHPPPPHHH
3382,HPPPPPPHHPPHPPP
3383,HPHPHPPPHPHPPPP
3384,HPHHPPHPPPPHHPP
3385,PHPHHPHPPPPPHHP
3386,PPPHHHPHHPPHHHH
3387,HHHPHHHPPPHHPHH
3388,PPHPPHPHHHPHPPP
3389,PHPPPHPHHPHHHPP
3390,PHHHHPHPHHHPHHH
3391,HHHHHHPHHPPHHHH
3392,HPPHPPHPHPPPPHP
3393,HPPPHHPHPHHPPHH
3394,PPHHHHHHPHPHPPP
3395,PPHPHPPHHHHHPHP
3396,HPHHPHPHHHHPPHP
3397,PPHHPHPPHHHHPHH
3398,PHHHHHHHHHHHHHH
3399,HPPHHHPHHPHPHHP
3400,PPPPHPPPHHHPHHH
3401,HPPPHPPHHHHHPPH
3402,PPPPHPPHPPHPHPP
3403,PPPPPPHPPHHHHHH
3404,PHPHHHPHPHHPPHP
3405,HPPHHPPHPPHHPPH
3406,PPHHHPPHHHHPPPH
3407,PPPPPHHPHHHPPHH
3408,HPHPPPHPPPHPHPP
3409,HPPPPPHHHHHHHHH
3410,PPPPPHHPPHPHPPP
3411,HHHHPPPHHHHPHHP
3412,HPPPPHPPPPHPPHH
3413,PPPHPPPHHPPPHHP
3414,HHPPPHPHPPHPHPP
3415,PPHPHHHHHPPPHPH
3416,PHPHHHHHHPHPHHP
3417,PPHPHPHHHHPPHHH
3418,PHPPPHPHHPPHHHP
3419,PPPPPHHPPHHPHHP
3420,HHHPPPPPPPPPHHH
3421,HHPPPHHPPPPPPPH
3422,HHPPHHPPHHPPHPP
3423,HPPPHPPPPPPPHHH
3424,HHHPHHPHHHPHHPH
3425,PPHHHHHHPHHHPPP
3426,PPHHPHPHPPPPHHH
3427,HPPPPHHPHHPHPHP
3428,PPPHHHHPPHHPPPP
3429,PHPHPPHPPHPHHHP
3430,PPHPHPHHPPPHHHP
3431,HPHHHPHPPHPPHPP
3432,HHHHPPPHPPPPPPP
3433,HHHHHHHHHHHPHHH
3434,HHPPHHHPPPHHPHH
3435,PHHHHHHHPHHPPHP
3436,HPPPPHPHHPHPHHP
3437,PHHPHPPPPPPPPHH
3438,PHPPPHPHPHPPPPP
3439,PHHPPHHPHPPPPHH
3440,PHHHHHHPPPPPPPP
3441,PPPHPPHPPHHPPHH
3442,PHPHHHHPHHHHHHP
3443,HPPHPHHPPHPHPHH
3444,HHHPPHHHPPPPHPH
3445,HHPHPPPPHPPPHHH
3446,PPHHPHHPPPPPHHH
3447,PPHHPHPPPHPPHPP
3448,HHPHPPHHPPPHHPH
3449,PPPHHPPPHPPPHPP
3450,PPPHHHHHPPHPPPH
3451,PHHHPHHHHHHHHHP
3452,PPPHHPHPHHPPPPH
3453,HPPHHHPHHHPHPPH
3454,HPPHHHHHPPPPPPH
3455,PPHHHPHPPPHHPHH
3456,HPPHPPPHHPHPHPH
3457,PPHHHPHHPPPPPPH
3458,HHPPPPHPPPPPHHP
3459,HHHPHHPHPPPPHHP
3460,HPPHHPPPPHHHHHH
3461,HPPHHPHPHPHPPPH
3462,PPHPHHHHPHHPHPP
3463,HPPHPHPPHHPHHHH
3464,HPHPPHPPPHHPPPH
3465,PHPHPHHPHPHPHHP
3466,PHPHHHPPPHHPHHH
3467,PPPPPHHPPPHPHPP
3468,PPHPPHHPHPPHHHP
3469,PHHHHPHHHHPHPHH
3470,PHPPHHPPHHHHHPP
3471,PHHPPHPPHPPHPPH
3472,PPHPHHHPHHPHHPP
3473,HHHHPPPPHPHPPHP
3474,PPHHHPHPHPHHHHH
3475,PHPHPHHHHPHHHPP
3476,PHHPPPPPHPHHHPH
3477,PHPPPPPPHHHHHHH
3478,PHPPHPHHPPHPPPH
3479,PHHHHHHPPHHPHHP
3480,PPHHPPHHHHPHHHP
3481,PPHPPHPPHHPPHHP
3482,HPHPHHPPHHHHHPP
3483,HHPPHHPHHHHPPPH
3484,PHHPPPPHHHHHHPH
3485,HPPPHPPPHHPPHPH
3486,PHHHPHHPHPHPPPP
3487,PPPPHPPHPHHHPHP
3488,PHPHPPHPPHHPPPP
3489,PPHPPHHHHPPPPHH
3490,PPPPPPHHHPPHPHP
3491,PHPHPHPHPHHPPHP
3492,HPHPHHPHHPPHPPH
3493,PPPHHHHHHPHHHPH
3494,HHPPHHPPPPHHPPP
3495,HPPHHPPPHPPHPHP
3496,HHHHPHPHHHHPHPP
3497,HHHPPPHPPHHPPHH
3498,HPHHHPHHHHPPPHH
3499,HHPPPHPPPHPPPPP
3500,HHHPHHHHHHHPPPH
3501,PPHPHPHPPHHPPPH
3502,PHHHPPPHPHHHPHH
3503,PPPPPPHPHPPHHPP
3504,HPPHHPHHPHHPPHP
3505,HHPPPHHHHHPPHHH
3506,PHPPHPPPHHHHPPP
3507,HPHHPPHHPHPPHPH
3508,PPHHPHHHPPPHPPH
3509,PPHPHPHHHHHPPPH
3510,HHHHHHPPPPPHPPH
3511,PHPPPPPHPHPPPHP
3512,HHPPHHHPPHPHPHP
3513,HHPPPHHHPPPPPPP
3514,HHHPHPPPPPHHHHH
3515,HPHPPHPPPHPPPPH
3516,PHHPPPHHPHPPPPH
3517,HHPPPPPPHHPPPPH
3518,PHPPPHPPHPHPHPP
3519,PPHHHHPHHPHHPPH
3520,HPHHPPPHPHHPPHH
3521,HPHHHPPHHHPPPPH
3522,HPHPHHPPHPPPHHH
3523,PPHPHHHPPPHHPHH
3524,PHHPHPHPHPHPHPP
3525,HHHPHHHHHHPPHHH
3526,PPHPHPPPPPPPHHH
3527,HPHPHHHHHPPHHHP
3528,PHPPHHPHHPHHHHH
3529,PHHHPHPPPPHPPPH
3530,PHPPPHHHHPPPHPP
3531,PHPHPPHPHPPHHHP
3532,PPHPHHHHPPHPHPH
3533,PPPPPPHPPPHHHPP
3534,PHHHHHHHPPPHPHH
3535,PHHPPPHPPPPPPHP
3536,HHPPHHPPPPHPHPP
3537,PHPPHHPHPPHHPPP
3538,HPHPPHHPHHHPPPP
3539,HHPPHPHPPHHPHPP
3540,HPHHHPPHHHPPHHP
3541,HPPPHPPHPHPHHHH
3542,HPPPHPPHHPPHHPH
3543,PPPHHHHHHHPPHPH
3544,PPPHHHHPHPPHHHP
3545,PPPPHPHPHPHPHHH
3546,PHHHPHHHPHHPHPP
3547,HHPPPHPHHHPPHPP
3548,PHHPHPHHHHHPHPH
3549,PPHHPPHPHHHHPHP
3550,PPPHHHHPPHPPPPP
3551,PHPPPHPHPPPHPHP
3552,PHPHHHHHHPPPHPH
3553,HPPPHHHPPHPPPPH
3554,PPHHHHHPHHHHHHH
3555,PPHPHPPHHPHHPHP
3556,PPPPHHHHHPPPPPP
3557,PPHPPHHPPHHHPPP
3558,PHHPPHPHHPPHHPP
3559,HHPPHPPHHPHPHHP
3560,PPPHPPPHHPPPHPH
3561,HHHPHPPPPHHHHHH
3562,HPPPHHPPPHHHHPH
3563,PPHHPPPPPPHPPPP
3564,PPPPPHPPPPPPPPP
3565,HHPPHPPPHHHHPPH
3566,HPHPPPPHPPPPPPP
3567,PPPHPHHHPPHPHPP
3568,PPPHPPPPHHHPPPH
3569,HHPHHPHHPHHHHHH
3570,HPHPHPHPHHHHHHP
3571,PPHPPPHHHHPPHPP
3572,PHPPHHHHHHPHPPH
3573,HPPHHHPHHHHPHPH
3574,HPPHHHHHHPPHHHH
3575,HHPPPPHHPHHHHPH
3576,HPHPHHHPPHHHHHH
3577,PHPPPHHPPHPPHPH
3578,HHPHHPPPHPHHPPH
3579,HPPHHPHPPHHHPHP
3580,PPPHHPPHPHHPHPP
3581,HHPHPPHHPPPPPHP
3582,HHHPHHPHPHHHPPH
3583,PHHPHPHPHHHHHPP
3584,PHPHHPPHHPHPPHH
3585,PHHHPHHHPHPHHHH
3586,HPHHPHHPHPPHHPP
3587,HPHPHPHHPHPHPPP
3588,HPHHHPHPHPHPPHP
3589,HPPPHHHPPPHPPPH
3590,HPPHPHHHPHHHPHH
3591,HHHHHHPPHPPHHHP
3592,HPHHPPHPPPPPHHH
3593,PHHHPHPPHPPPHPH
3594,HPHPPPPPHPPHHPP
3595,HPHPHHPPPPPHHHP
3596,HHHHHHPHPPHHPHH
3597,PHHPHPHHPPHPPHH
3598,PPPPPHPPHHPHPHH
3599,HHHHPHPHPHHPHHH
3600,HPHPPHHHHHPHHPH
3601,PPHPPPPHHHHPHPH
3602,PHPPHHPPPHPPPHP
3603,PPHPPHHPPPHPPPH
3604,HHHPPHPHPPPPHHP
3605,PHHHPPPPPHHHPHP
3606,HHHPPPPHHHHPHPP
3607,PPPHPPPPHPPHPHH
3608,PHHPHHHHHPHHHHH
3609,PPHHHHHPHHPPHHP
3610,HPPHPPHHHPPPPHH
3611,PPPPHPHHPHPPPHH
3612,PHPHHHPPHHHPPHH
3613,HPPPPPHPHPPPHHP
3614,PHHHPPHHHHPPHHP
3615,PPPPHPPHPHHHHHP
3616,HHHHHPPPHHPPHPH
3617,HPHHPHHHHPHHHHH
3618,PPHPPPHPHHHPHHP
3619,PHPHHHHHPPPPPHP
3620,PHPPPPPHPHPPHPP
3621,HHHPHHPHPPHHPPP
3622,HHHHPHPHHHHHHHP
3623,HHPHPHHPHPHHHPH
3624,HHHPPPHPPPPPPHH
3625,PHHPHHPPPPHHHHP
3626,PPHPPHHHPPHHPHP
3627,PPPPHHHHHPPHHHP
3628,PHHHPHHHPPHPHPP
3629,PHHHPPHPHPHHHPP
3630,HPHHPPPHPHPHPHP
3631,PPPHPPPHHPHHPHP
3632,HHPHHPPPPHHPPHP
3633,HPHHPPPHHHPHPHH
3634,PHHPPHPPPHHHPHP
3635,HPHPPHHPHPPHHHH
3636,HHPPHHPPPHPHHPH
3637,PPPHHPHPHPPPPHH
3638,PHHHHHHHHHPHHHP
3639,HPPHPPHHHPHHPPH
3640,HHHHPPHPPHHPHHH
3641,HHHHHHPHPPHHPHP
3642,HHHPHHPPHPPHHHH
3643,PHHHPPPHHPPHPPP
3644,PPPPHPPHHHPPHPH
3645,PHHHHPPPHPPHPPH
3646,HHHPPPPPHPHHHPP
3647,HHHHPPHPHPPHPPH
3648,PPPPPPHHPHPPHPH
3649,HPPHHHPHPHHHPPP
3650,HHPHPHPPPPHPHPH
3651,PPHPHHHHPPHHPPP
3652,HPHPPHPPPHPHPPP
3653,HPPHPHHPPHPHHHH
3654,HPPHPPHHHHHHHPH
3655,HPPHPHHHHHHPHPP
3656,HPPHHHHHHPPPHPH
3657,HHPHHHPHHPPPPHP
3658,HHPHPPHHPPHPHHP
3659,HPHPHPPHPPPPPHH
3660,HPHPHHHPHPHHHHP
3661,HPPHHHHPHHPPPHH
3662,PPHHPHHPPHPPHHH
3663,HPPPPPHPPPHHHPH
3664,PHPPPHPPHPHHHHH
3665,HHPHPHHPHHPHPPH
3666,HHPHPHPPPHHHPPH
3667,HPPPPHHPPHPHHHP
3668,HPHPPHPPHPHHPHH
3669,PPPHPHHHPPPHHPP
3670,HPHPPPPPHPPHHHP
3671,PPPHPPHHHHPHHHH
3672,PHPHPHHPHHHPPPH
3673,PHPHPHPPHPHHHPP
3674,PPPHHHHHPHHPHHP
3675,PPHHPHHPPHHPPPH
3676,HPPPPPPHPHHPPHP
3677,HPPPPPHPPPHPPHP
3678,HPHPPPPPPHPHPPP
3679,HPPPHHHPPHHPHHH
3680,HHHHHHHHPHHPPPP
3681,HPPHPHHPHPHPHPH
3682,HHHHHPHHPHPHHHP
3683,PHHHPHPPHPPPPHH
3684,PHHHPHHHHHPPHHP
3685,PPPHHPHPPPHPHHP
3686,HPPPPPPHPHHPHHH
3687,HHPHHPPPPHHPPPH
3688,PPPPHHPPHHPHPPH
3689,PHHPHPHPPHHHPHP
3690,HPHPHHHHPHPHPHP
3691,HPHPHHPHPPHHPPP
3692,PHPHHPHPPPHPHHP
3693,PHPPPHPHPPHPHPP
3694,HHPPHHHPPPPPPHP
3695,PHPHPPPHHPPPHHH
3696,PPPPHHHHPPHPPPP
3697,HPHPHHPHHHPHHPH
3698,PHHPPHHPHHHPHHP
3699,HPHPHPPPPHHPPHH
3700,PPHHPHPPPPHPHPP
3701,HHPHHHHPPHPHPPH
3702,PPPPHHPPPPPHPHP
3703,PPPHPPPHHPHPPHH
3704,HHHHPHHPHHHPPHP
3705,HPPHPPPPHHPPPPH
3706,HPHHPHHHPPPPHPP
3707,PPHPHHPHHPPHPPP
3708,HHPPPHHHPHPPPHH
3709,HHHPHHPPPHPPPPH
3710,HHHHPHHHPPHPPHH
3711,PHPPHHPHPPHPHPP
3712,HPPHPPHPPHPHPHH
3713,HPHHHHHHHPPPHHP
3714,HPHPPPHHHHHHPPH
3715,HHPPHHPHPHPHPHP
3716,HPPHPPPHHPHPPHH
3717,HPHPPPPHHPPPHPH
3718,PHPPHHPPHPPHPHH
3719,HPPPPPHHPHHHPHP
3720,HHHHPPHPPPPHPHP
3721,HPHHPHPHPPPPHPP
3722,PPPHPHPPPHPHHHP
3723,PHHHHHHPPHHPHHH
3724,HPPHHHHHHPPHPHP
3725,PPPHHPHPHPHHPPH
3726,PPHPPHPHPHPPHPH
3727,PHPHHHPPHPHPHPP
3728,HHPHPPHPHHPHHPP
3729,PHHPHPHHHHHHPHP
3730,PPHHHPPPHPHHPHP
3731,HPPHPHPHPPPHHPP
3732,HPHHHHPPPPPPPPP
3733,PPHHPHHHHHPHPHH
3734,PHHPPHHPPPHPPPP
3735,PPHHPPHHHPHPPHP
3736,HPHPHPHHPPPHPHH
3737,PPHPHHHPHHHPHPP
3738,HHHPHPPHHPHHPPP
3739,PPHPPHPPPHHHHPH
3740,HPHPPHPHHHHPPPP
3741,HHPPHPHPPHHHPHH
3742,PPPPPPHPHHHPHHH
3743,PHHPHPPPHPPPHPP
3744,HPHPPHPHPPPHPPH
3745,HPPPPHPHHPPPHHH
3746,PHPHHPHPHHHPHPP
3747,PHPPPPPHPHPPHHH
3748,HPHHPHPPHHPPPHP
3749,PHHPPHPHHHPPHHP
3750,PPHHHHHHHPPHPHH
3751,HHHPPPPHHPPHHHH
3752,PPHPPHHHPPHPHPH
3753,PHHHHHPHPPPHHPP
3754,PPHHHPPPHPHPHHH
3755,PPPHPPHHPHPHHPH
3756,HPHPPHPHHHHHHHH
3757,HPHPHHPPPPHPHPH
3758,HPPHPPHPHPPPPHH
3759,HHHPHPHHHHPHPPH
3760,HHHPHHPPHPPHPHH
3761,PPPHPPPPPHPHHPP
3762,PPHHHHHPHPHHHHP
3763,HHHHPPPPPHHPPPP
3764,HHPPPPHHHHHPPHP
3765,HPPPHPPHPPPPHPP
3766,HPPPHHHHPHPHPPH
3767,HHPPPHPPHHPPPHH
3768,HHHPHPHPHPPHHPP
3769,PHPHPHPHPPPHHPP
3770,PPHPPHHHPHPPHPP
3771,PHHHHPHHHHHPPHH
3772,HPPHHPPPPPHHHHH
3773,HPPHPPHPHPPHPHH
3774,HHPHHPHPHHPHHHH
3775,HPPHPHPPHPHHPHH
3776,PPHHHPPHHHHPHHH
3777,HHHHPPHPPPHPHPP
3778,HPHPPPPPHPPPHHH
3779,HPPHPHPHHPHHPHH
3780,PHHHPPHHHHHPHPH
3781,HPPHPHPHHHHPHPP
3782,HHPPHPPPHHPHPHP
3783,HPHPPPPHPPHPPPP
3784,PPPPHPHPPPHHPPH
3785,PPHPHPPHHPPHHPH
3786,HHHPPPPHPHPPPHP
3787,PPPPHPHPHPPHHPP
3788,PPHHPPHPHPPHHPH
3789,HHPPHHPPPHHPHHH
3790,HPPHHHPHHPPPHHH
3791,HPHHPHHPHPPHPHH
3792,PHPPHHPHPHHPHHH
3793,PPPPPHHPPPPPHPP
3794,HHHHHHHHHPPHHHH
3795,HPPPPPHPPPHHHPP
3796,HHPHHPPHPPPHHPH
3797,HHPPHHPPHHHPHHH
3798,HHHHHPHPPPPHPPH
3799,PHHHPPHHHPPHPHP
3800,HHPPHPPHHHPHHPH
3801,HPPPPHPPPPPPHPH
3802,HHPPPPPHHHPPPHH
3803,HHHPHPPHPPHHHPP
3804,HHHPHHHPHPPPPHP
3805,HPPPHPPPPPHPHHH
3806,PPPPPPHHHHPPPPH
3807,HPPHPPPPPPPHHPH
3808,HHHHPHHHPPHHPPP
3809,PHPHHHPPHHPPPPH
3810,HHPPPPHHHPHHPHH
3811,PPHPHPHPPPPPPPH
3812,HHPPPHHHPHPHPPP
3813,HPHPPPPHPHHHHHP
3814,HHPPHPPPPHHPPPP
3815,HPHHHHHHPHHHHHP
3816,HPPPHHPPPPPHPHH
3817,PPHHPPHPHHPHHPP
3818,HPHPHHHPHPHPHPP
3819,HPHHHHPPPHHHHPP
3820,PHHHHHHPPHHHPHH
3821,PHPHPPHPPPHHPHP
3822,PPHPHPHPHHPHPHP
3823,PHHHHHPHHPPHHPP
3824,HHPHHPPPPPHPHPH
3825,HHHHPPPPPPPHPHH
3826,PPPHPHPPPPHPPHP
3827,PHHPHHPHPPPPHHH
3828,PHPHHPHPPPHHPPP
3829,HHPHHPHPPHPHHHH
3830,PHPPHPHHHPHPHPP
3831,HPHPPPPHHPPPPHP
3832,PPHPPPPPHHHPPPP
3833,HHPHHPHHPHHPHHP
3834,PHHPPHPPPPHHHHH
3835,HHPPPPPHHPPPPPH
3836,PPPHPPHPPPHHPHH
3837,PHPPHPPPPPPHPHH
3838,PHHPPHPHPPHPPHH
3839,HPPPPHHHPPHPPPH
3840,HHHPPPPHPHPHHHP
3841,PHHPHPPHHPHHHPH
3842,PHHPHPPHHPHPPHP
3843,PHPPPHHPPPHHHPH
3844,PPHPHPHHPHPHPHP
3845,HHPHPPHPPHPPPPP
3846,PHHPPHPHPPPPPPH
3847,PPPPHPHHHHHPHPP
3848,HHHPPHHPHHPHPPH
3849,PPHHPPPPPPHHPPP
3850,HHHPHHHHPPHHPPH
3851,PHPHPHPHHHHPHPP
3852,HPPPPPPPHHPHHPH
3853,HPHPPHPPHPPHHHH
3854,HHHPPHHPPPPHHPP
3855,PHHHHPPHPHPHHPH
3856,HPPPPPPPHHPHHHP
3857,HHPPHHHPPHHPPHH
3858,PHPHPHPHHPHHHPH
3859,PPHPHHPPPHPPHPH
3860,HHPPPHPHPPPPHHH
3861,HHHHPPPPHHPPPHH
3862,HPPHPHPPPHHPPHH
3863,HPHHPPPHHPPHPPP
3864,PHHHHPPPHPPHHPP
3865,PPPHPHHPPHPHHHH
3866,PHHHPPHPPPHHHPP
3867,PPPHHHPHPPHHHHP
3868,HPPHPHHPPPHPPPP
3869,HPPPHHHPPPHHPHP
3870,PHPPPPHPHPHHHHP
3871,HHHHHPPHPHHPPHH
3872,HPPHHHHPHPPPPHP
3873,HPPHHPHHHPHPPPH
3874,HPHHHHPPHPHHPPP
3875,PPHPHHPHPHPPPPP
3876,PHHPHHHPHHPHHHP
3877,PHPPPPHHPPPHHPH
3878,PPPPPPPPHHPHPPP
3879,HHHPHHPPHHPPHPH
3880,HHHHPPPHPHPHPPH
3881,PPPHPPPPHPPHHPP
3882,PHPHHPHPPHPHPPH
3883,PPPHPHHHHPHPPHP
3884,HHHHHHPPHHHHHPP
3885,PHPHPPPHHPPHPHH
3886,HHHPHPHPPPHHPPP
3887,HPPHHPPPPPHHPHP
3888,HHHPHHHHHHHHPPH
3889,PHHHHPHHPHPHPHH
3890,PPHHPPHHPPHHHHH
3891,PHHPHPPPPHPHPPH
3892,HPPPHHHHHHHHPHP
3893,HPHPPPPHHPPPPHH
3894,PPHPHHHHPPPPHPH
3895,HPHPPHPHPHHHPHH
3896,PHHPPPHHPHPPHHH
3897,HHHHPHHPHPHPHHH
3898,PHHPPPHPPHPHHPH
3899,HHPHHPHHHPPPHPH
3900,PPPPHPHHPPHPPPH
3901,PHHPPPHPPPPHPPP
3902,HHHHPHHPPPHPPHP
3903,HPHPPPHPPPPPPPH
3904,PPPPHPPHPHPHPHH
3905,HHPHHHHHPPHPHPP
3906,HPHPHHHPPHHPHHH
3907,PHHPPHHPHHPHPPP
3908,PPHPPHHHPPPHHHH
3909,PPHHPHHHHPHPPPP
3910,HHHPHPPHHPPHHHP
3911,HHHHPPPHPPPHHPH
3912,HHPPPPPHHHPPPPH
3913,PHPPPHHPHPHHHPH
3914,PPPPPHPHPPPPPHP
3915,PHPHPPHHPHHPHHH
3916,HHHHPPPHHPPPHPP
3917,HPHHHHPHPHHPHHH
3918,HPHHPHHPPHPHPHH
3919,PPPHPPHPPHPPPHP
3920,HPHPPHPPPPHHHPH
3921,PHHPHHPHHHPHHPP
3922,PPPHPHHPHHHPPHP
3923,HPHPHPHHPHPHPPH
3924,HPPPPHHPPPPHPHH
3925,HHHHHHHPPPPPHPP
3926,HHHHHHHHHPPPHPP
3927,HPPPPPPPPHPHHHH
3928,HHHPPPHHPHPHPPH
3929,HPHPPHPHHPHHPPP
3930,HHPHHHPHPPHPPHH
3931,PPPHHPPPPPHPHHP
3932,PHPPHHPHHPHPPPH
3933,HHPPPPPHPPHHHHP
3934,HHHPHPPPHPHHPHH
3935,PPPPPHHHHHHHPPH
3936,HPHPHPHPPPPPHPP
3937,HPPHPHPHHPHHPPP
3938,HPHPPPPHHPHHPPH
3939,HHHPHHPHPPPPHPP
3940,HPPPHPHHHHHPHHH
3941,PHPPHHHHHHPPHHP
3942,PPPHPPPPHHPHPHH
3943,HPHHPPPHPPPHPHH
3944,PHHPHHHPHPPHPHP
3945,PPHPPHPPPHPPHPH
3946,HPHPHHPHHPHPPPP
3947,HHHHHPHPPPHPPPH
3948,HPPHPHHPPPPPHHP
3949,PHHHPHPHHPHHHPP
3950,HPHHPPPPPPPHPPP
3951,PHHPPHHHPPPHHHH
3952,PPHHPPHPHHHHPPP
3953,PHHPHPPPPPHHPHP
3954,HPPHPHPPPPPPPPH
3955,PHHPPHHHHHHHPHH
3956,PHPPHHHHHPHPPHP
3957,PPHHHHHPPPPHPPH
3958,HHHHPPHPPPHHPHH
3959,PPPHPHPHPHPHHPH
3960,HHHPPPPPHPPHHPH
3961,PPHPPHPHHHPPHPP
3962,HHPPHPPHPHHPHPP
3963,PHHHPHPHPHHHPHH
3964,HPHHPHHPPPHPHPP
3965,HHHPPPPPPPPHPHP
3966,HPHPPPHPPHPHPHH
3967,HPHHHPPPHPHPHPH
3968,HHPHHPHPHPPPHPP
3969,PPHHHHPHPPHHPPP
3970,HPHPHHHHPPPPPPP
3971,HHPPHPHPHPHPHHP
3972,PHHPHPHPHPPPHPP
3973,HHHPPPHHPHHHPHP
3974,PHHPPPHPHPPPHPP
3975,PPHPPHPPHHHHHHH
3976,PHHPPHPHHHPPPHH
3977,HHHPPHHHHPHPHPP
3978,PPHHPHPHHPPPHHP
3979,HPPHHPHPPPPPPHH
3980,HHHHHHPPHHHHHHP
3981,HPHHPHHPPHPPHHH
3982,PHHHPHHHPHHHPPH
3983,HPPPPPHHHHPHHHH
3984,PPHPHHHPPHHPPHH
3985,HHPPPHPHPPPPHPH
3986,PPPHHPPHPHHPPPH
3987,PPPHHHHHHHPHHPH
3988,PHHPPHPPPPHHHPP
3989,HPHHPPHPPHHPPPH
3990,HPHPHPPHPPPPPHP
3991,HPPHHHPPHPHPHPP
3992,PPPHHPHPPHHPPPH
3993,HHHHPPPPPPPPHHP
3994,HHPHPHHPPHPHPHP
3995,HHPPPHHHPPPPHHP
3996,PPHPHPHPHHHPHHH
3997,HHHHPHPPHPPPHHP
3998,PPHPPHPHHPPPHHH
3999,HPHHHHPHHHPHHPP
4000,PPPHPHPPHPHHPPP
4001,HPPPPHHHPPHPHHP
4002,PHHHPPHPPPPPHHH
4003,PHPPPHHPHPPPHPP
4004,PPHPHPPPHPPPHHH
4005,PPPHPHPPPPPHPHP
4006,PHPPPHPHHHPPHPP
4007,HPPHHPPHHHPHPPP
4008,HHHPPHPPHPPPHPP
4009,PHHHHHPPHPHPPPP
4010,PHPHPPPPHHPHPHH
4011,HPHHHHHHPHPPPPP
4012,PHPPPPPPHHPPHHH
4013,HHHHPPHHHHHHHHP
4014,PHHHHHPPPHPHPHP
4015,PPPPHHPHPPPHHHH
4016,HHHHHHHPHHHPPHH
4017,PPHHPPHHHPHPHPP
4018,PPHHHHHPPHHPHHP
4019,HHHPHPHPPHPPPHH
4020,PHHPHPPPPPPHPPH
4021,PHHHPHHPHPHHHPH
4022,PHHHPHHHPHHHHHH
4023,PHHHHPPHHPPPHPH
4024,HPPHHHPHPHPPHHH
4025,PHHHPHPHPPHHPPH
4026,PPHHPPPPPPPHPPH
4027,HPHHPHHPPPPPPPP
4028,HPHHHHPHHPHPHPP
4029,HPHHHHPHHPPPHHP
4030,PHHHPHPPPHPHPPP
4031,HHHHPPHPPHHPPPH
4032,HHHHHHPHPPHPPPH
4033,PPPPHHPHPPPPPHP
4034,HPHHPHHPPHHPHHP
4035,PHHPHPPPHHPPHPH
4036,HHHHPHHHHHPHPHP
4037,HPHHPHPPHHHPPHP
4038,PHHPHHHPHPHPPHP
4039,HHPHHHPPPHPHHHP
4040,PPPHHHHPPHPPPHP
4041,PPPHPHPHPPPHHHH
4042,PPHPHHPHPHPHPPP
4043,PHPPPHPPPHHHHPH
4044,PHHPPHPHHHHHPHH
4045,HPPHPHPHPHPPHPH
4046,HHPHPPPHHPPPPHP
4047,HHHPHHPPHPHHPPH
4048,HPPPHPPHHHPPHPP
4049,PHHHPPHHHHHPHHH
4050,PHPPPHPHHPPHPHH
4051,HHHPPPPPHPPPPPH
4052,HPHPHHHHHHHPPHP
4053,PHHHHHPPHPPHHHH
4054,PHHPPHPHHPPHPHH
4055,HHPHHPHPPPHHHPH
4056,PHHPHHPPPHPHHPH
4057,HPHHHHPHHHHHHHP
4058,HPPPHHPHHHPPPPP
4059,HPPHHPPPHPPHHHP
4060,PHPPHPPPPHHPHPP
4061,HPHHPPPPPHHHHPH
4062,HHPHPHPHPPPHPHH
4063,PPPPPHPPPHHPHPP
4064,HPPHPPPHHPHHHPH
4065,HPPPPPPPPPPHHPH
4066,HPHPHPPHPHHHHPP
4067,HHHHPHPHHPHHPPP
4068,HHHPPHHPPHHHPHP
4069,PPHHHPPPPPPPHPH
4070,PPPPPHPHPPPHHHP
4071,PHHHHPHPPPHPHPP
4072,HPHPPHHPPHHPHHH
4073,HHPHHHHPPPPPHPH
4074,HPHPPHPPPPPPHPH
4075,HPPHHPPPHPPPPPH
4076,PHHHPPHPPHHHHPH
4077,HHHPPHHPPHHPHPH
4078,HPHHPPHPPHHPPPP
4079,PHPHPPPPHHHPPPP
4080,PPHHHPPPHHHPPPH
4081,PPHPPHHPPHPPPHH
4082,PPPHPHPPPHPHPHP
4083,HPPPPPPPHPPPHPH
4084,HPPPHHHHHHPPPHH
4085,PPPHHPPHHHPPHPH
4086,HHHPPPPPPHHPHHH
4087,HPHHPHPPPPHHPPP
4088,HPPPHPHHHPHHHHP
4089,PPPPHHPPPPHHHPH
4090,HPHHPHHHHPPPPPP
4091,PPHHHHPPPHPPPHP
4092,PPHPHPHPHHHHHHP
4093,PPHPPPHHPPHPPHP
4094,HPHPPPHHPPHPPHH
4095,HPHHPPPPHPHHPHH
4096,HPHHPPPPPPHHHHP
4097,PHPHHHPPPPPPPHP
4098,PHPHPPPHPPHHPPP
4099,PPPPPHHPHHHHPPH
4100,HPHPHPHHPPHHHPH
4101,HPPPHPPHHPPPHHP
4102,HPHHPPHPPPHPPHH
4103,HHHHPPPPHHHHPHH
4104,PHPPHPHHPHHHPPH
4105,HPHHPPHPPHHHHPP
4106,PPHPHHPHPPPHHPH
4107,HHPHPHHPHHPPHPP
4108,PHPHPHPPPHPHHHH
4109,PHPHPHHHPPPHPPP
4110,HPPHPHHHPHHHHPP
4111,PHPPHHHHHHHPPHH
4112,PPHPPHHPHHHHPHH
4113,PHPPHPHPHPPPHPH
4114,HHPPPHPHHHHHPPP
4115,HHPHPHHHHHHPPPP
4116,PHPHHHHHHHPPPHP
4117,PPPHPHPPPHPPHPP
4118,PHHPHPHHPHPHHHP
4119,PPPHPHPHHPHHPPP
4120,HHPPPPPPHPHPPHP
4121,PPPPPPHHHPPHPPP
4122,PHPPHHHHHHPPPPH
4123,PPPHPHHPPHPPHHH
4124,HPHHPHPHHHHHPHP
4125,HHHHHPHHHHHHPPP
4126,HHHPHHHHHHPHPHP
4127,HPPPHPHPPPHHPPP
4128,PHHPPHHPHHHHPHH
4129,PPHPPHPHPHHHHHP
4130,HPPPPHHHHHHHPPP
4131,HPPHPHHPHHPPPHP
4132,PPPPHHHHPHPHPPP
4133,HPPPHHPHPPPHHPH
4134,HPPPHHHPPPHHPPH
4135,PPPHHPHPHHPHHPP
4136,HPHHPPPPHPPHHPP
4137,PPPHPHHHPHHPPPP
4138,PPHPPHPPPHHPHHH
4139,PPPPHHPHHHHHHPP
4140,PPHHPPPHPPPPHHH
4141,HHHHHPHPPHPPPPP
4142,HHHHPHPPPPPPPHH
4143,HPPPHPHPPHHHHHP
4144,HHHPPPPHPHPHPHP
4145,PPHHHHHHPHHHPHH
4146,PPPHPPHPPHHPHPP
4147,PHPPPHPPHHPHPPP
4148,HPHPPPHHHPPHHHH
4149,HPPPPHHPHHHPPHP
4150,PHPPPHPPHPPHPPP
4151,PPPPHHPPPHPPHPH
4152,PPHHHPHPPPHHPHP
4153,HPPPPPPHHPHPPHH
4154,PPHHPHPHHPPHPPP
4155,PHPPHHHPHPPHPPP
4156,HPHPPPPHPHPHHPP
4157,HPHHHHHHPPHHPPP
4158,PPHHHHHHHHPHHPP
4159,PPHHHHPPHPHHPHH
4160,HPPHHHHPHPHHHPP
4161,PPHPHHHHHPHHHPP
4162,HPHPPHHPHHHPHPP
4163,PPHHHHHPPHPHPPH
4164,PPPHHPPPPHPHPPH
4165,HHHHHHPPHHHHHHH
4166,HHPPPHHPPPPHPHP
4167,HPPHPHPPHPPHPHP
4168,HPPHHPHHHHPHPPH
4169,HPPPPHHPPHHHHPH
4170,PPPHHHHHPPHPHHP
4171,PPHPHHPPHHPHHHP
4172,HHHHPPPPPHPPPHH
4173,PPHPHHHHHHHHHPP
4174,PHPHHHHPPHPHHPH
4175,PHHHPPHPPPPPHPH
4176,PPHPPPHPPHPPHPH
4177,HHHPPPPHHPHHPPP
4178,HHPPPPPPHPHPHHP
4179,PHPPHHPPPPPHPHH
4180,PPHHPPHHPHHHHHP
4181,HHHPPPPPHPPPHHP
4182,PHHHPHPHHHHPHHH
4183,HHHPHHHPHPPHPPP
4184,HPHHHHHPPHHHPPH
4185,PPPPHPPHPHPHHHH
4186,HHHHHPPHPHPPPHH
4187,PHPPPHPPPHPHPHH
4188,HPHHHPPPHHPHPPP
4189,HHHPHHHPHHHHPHH
4190,PPHPPPHHPPHHPPP
4191,HPHPPHPHPHHPHHP
4192,PHHHHPHHPPHPPPH
4193,HPPPPHPHHPPPHPH
4194,HPHPHPHHPHHHHHP
4195,HHPHPPPPHHPPPPH
4196,HHPHPPPPPHPPPHP
4197,PPPPPPHPPPHPPHP
4198,PPPHHPPHHHHPHPH
4199,PPHHPPHPPPPPPPP
4200,HHPPPHPPHPHPPPP
4201,PPHHPHPHPHHPPHP
4202,HHPHHPPHPHHHHPH
4203,PHHHPPPPHHHPHHP
4204,HPPPPHHPPPHHHHP
4205,HPHPPPPHPHHHPHH
4206,PPHPPPPPHHPHHPP
4207,PHPHPHPHPHHPPHH
4208,PHPPPHPPPHHHPHH
4209,PHPHPPHPPHPHHPP
4210,HHPHHHHHHHPHHHP
4211,HHPPHPPPHHPPHPP
4212,HHHHHPHPPPPPHPP
4213,PPPHHHHPPPPPPPH
4214,PPPHHPPHHHPHPHP
4215,HPPHHPHHPPHPPHH
4216,PPPPHHPPPHPHPPP
4217,PPPHPHHHPPPHPHH
4218,PPPHPHPPHHHHHHP
4219,HHHPPHPHHHHPPPH
4220,PHPHPPHPHPPHHHH
4221,HHPHPHPPPHPPHHH
4222,HPPPPPHHHPHPHPH
4223,PHPHHPPHHPHHPPH
4224,HPPHPHPHHPPPHHP
4225,HPPHPPHPPHHPPPH
4226,HPPHPHPPPHPHHPP
4227,PPPPHPHHHPPPPPH
4228,HHHHHHHPHHPPPPH
4229,PPPHHHHHPPHPHHH
4230,HPPHHPHHHPHPHHP
4231,PPHPPHPPHPHPHPP
4232,HHHPHPHHPPHPHHP
4233,HHPHHHHHPPHHPPP
4234,PPPHHHHHHHPPHPP
4235,PPHPHHHHPHHHHHH
4236,HPPHHHHPHHPHPPP
4237,HHHHPPPHPHPPPPH
4238,HPPHHHPHPHPPHPH
4239,PHPPHHPPHPHPHHP
4240,PPPHHHPHHHHHHHP
4241,HPPHHHPHHHHHHHP
4242,HPPPHHPHPPPPPHP
4243,HHHHPHPPPPPPHPP
4244,PPHPHHPHHPHPHHP
4245,PPHHHPHPHPPPHPP
4246,HPPPPHHPPPPHHHP
4247,HPHHPPHPPPHHHPP
4248,HPPHPPHPPHHHHPH
4249,HHHPPHHPHPPHPHH
4250,PHHPPPPPHHHHHPH
4251,HPPPHPPPPHPPPPP
4252,HPPPHPHPHPHPHHP
4253,PPHPPPHPHPHHHHH
4254,HPPHPHPPPHHHHHH
4255,PHHHPHPHHHPPHHP
4256,PPHHPPHHPPPHHHH
4257,PHPHPHHPPPHPHPH
4258,PHHPPHPHHHPPHPH
4259,HHHHHHPPHHPPHPH
4260,PPPPHPPPHHPHHHP
4261,HPHPPHPHPPHPHHH
4262,PHPPPHHHPPPPPPH
4263,HHHHHPPHPPPPPHP
4264,HPHPPPHPHPPPHHH
4265,PPPHPHHPHPHHHHP
4266,HPHPPHPHHHPPHHP
4267,HPHPPPPPPHHPPHP
4268,HHPHHPHHHHPPHPH
4269,PHHHHPPHHHHHPHP
4270,HHPPPPHHHPHHHHP
4271,HPPPPPPHHHHPPPH
4272,PPHPHPPPPPHPPPP
4273,PPPPPHHPPHPPPHP
4274,PHPHPHPHPPHHHPH
4275,HPPHHHHPHPPHPPP
4276,HPHPPHHHPPPPPHP
4277,PPHHHHPHPHHPHPH
4278,PHHHHPHHHHPHPPH
4279,PHHPPHPHPPPHHPH
4280,PPHPHHHHHHHPHHH
4281,PPHPPPPHHPPHPHH
4282,PHHHHPPPPHHPPPH
4283,PHPPHPHHHHPHHPH
4284,PPHPPHPPPHPPHPP
4285,PHPPHHPPPPHPPHH
4286,PPHHPHHPPPHHPPH
4287,HPHPPHHHPHHPPHH
4288,PHPHHHHPPPHPHHH
4289,PPHPPPHHPPPHPHH
4290,PPPHPPHPPHPPPPP
4291,HHPPHHHPHPHPPHH
4292,PHHHPHHHHPHHPHP
4293,PHHHPPHPPPHPHPP
4294,HPPPHHPHPHPPHPP
4295,PPHHPHHPPPHPPHH
4296,HPHHHHPHPPHPHPP
4297,HHPPHPHPHHPHHHH
4298,PPHPPPPPHHPPHHH
4299,PPPPPHHPHPPHPHH
4300,HHPHHHHPHPPPHPH
4301,HPPHPPPPHPPHHHH
4302,HPHPHPPHPPPPHPP
4303,PPPHPHHHPPHPPPP
4304,HHHPPHHHPPPPPPP
4305,PHPPPPPHPPHHHPH
4306,PPPPHHPPHHPHPPP
4307,HPHPPHPPHHHHPHP
4308,PPPPPHHPPHPPPHH
4309,HHHHHPPPPHHHPHH
4310,PPHPHHPPHPPHPHP
4311,HPHHPPPHHPHHPHH
4312,HHPHHHHPHPPHPHP
4313,PPPPHHPHPPHHPPH
4314,PPPHHHHPPHPHHHP
4315,PHHPHHHPHHHPHPH
4316,PHPPHPPHPPHPPHH
4317,PPPPPPHHHPHHHHH
4318,PPHHHPPHPPPPPHH
4319,PHHHPHPPPPPHHPP
4320,HHPHHPHPHHHPPPH
4321,HHPHHHPPPHPHHPP
4322,PPHHHHHHHPHPHPP
4323,PPPPPPHPPPPPHPP
4324,HHHHHHPHHHHHPHP
4325,HHPPHPPPPPHHPHP
4326,HPPHPHPHPHPHPHP
4327,PPHPHPPHPPPPHHP
4328,HPHHPHPPHHPPHPP
4329,HHHHPHHHPHPPHPP
4330,HHHPPHPHPHPHHPH
4331,HPHPHPPHPHPHHHH
4332,HHPHPHHPHHPPHHP
4333,PHPHHPPHHHPPPHP
4334,HHHPPPPHPPPPPPP
4335,PPHHPHHPHHHHPHP
4336,HHHHPHPHHPHPHHH
4337,HPPHHHHPHPPPPPP
4338,HHPHPPPPHPHPHHP
4339,PHPPPHPPHPHHHPP
4340,PPPPHPPPPPHPHHH
4341,PHPHPHHPPHHHHPP
4342,HHHPPHHHHPHHHPH
4343,PPHHHHHHHPPPPHP
4344,PHPHPPPHPPPHHPP
4345,PHHPHHHPPPPPHPH
4346,PPPPHHHHHHHHPPP
4347,HPHHHHPHPPHPPHP
4348,PPHPHPHPPHHPHPP
4349,PHHHHPHHPPPPPPP
4350,PHHHHHHHPHPPHPH
4351,PHPPHPPPPHHHPPH
4352,HHPPHHPHPHHPHHP
4353,HPHHHPHHHHHPHHH
4354,HPPPHPHPHPPPHHH
4355,HHHHHPHHHHHPHHP
4356,PPHPPPHPHHPHPHH
4357,HHPPPPHHHHPHHPH
4358,PHPHPPPPHHHPHHP
4359,PPPHHPPPPHHPPPP
4360,PPHPPPHHPHHPPPP
4361,PHHHPHPPPHPHHPP
4362,HPHPHHHPPHPPPHH
4363,HPHHPPHHHPPHHHP
4364,HHPHHPPPPPPHPHP
4365,HPPHHHHHPPPPPPP
4366,PHHPPPPHPPHPPHP
4367,PHHHPHPHHPHHPPP
4368,HPHPHHPHPPPHPHH
4369,HHHPPPPHPHHPPHH
4370,HPHPPHHPPPHHPPH
4371,PHHHHPHHHPHHPHH
4372,HHHPHPHPPPHPHPH
4373,PHHPHHPHHPHHHHP
4374,PHHHHPHHPHPPHPH
4375,PPPHPHHPPHPHHPH
4376,PHHHHHPHPHPPHHH
4377,PPHHHHHHPPHHPHP
4378,HPPHHPHPPPPHPPP
4379,HHHPHHHPPHHHHHP
4380,HHPHHPPPHPHPHPH
4381,HHHPHPHPHHHPPHP
4382,HPPHPHPHHPPPPPH
4383,HHPHPHHHHPHHPPP
4384,PHHPHPHHPPHHHHP
4385,PPHHPHPHPHHHHPP
4386,HHHHPHPHPPPHHHP
4387,HHPHHHHHHHHHHHH
4388,PHPPHHHHPHPPHHH
4389,PHPPPPPHPPHPHPH
4390,HHPHPPPPHHPPPHH
4391,HHHPPPPPPHPPHPP
4392,PHPHPHHHPPPHPHP
4393,PHHHHHPPHPHHHPP
4394,HHHPPPPHPHPPPPP
4395,PPHHPHPPHHPPPPH
4396,PHHHPHHPPPHPHPP
4397,HHHHPHPHHPPPHHP
4398,PPHHHPHPHHHPPHH
4399,PPHHPHPHPHHPHPP
4400,HHPHPPHPPHHPPHP
4401,PHHPPPHHHPPPHHP
4402,PPHHHHPHPHHHHHP
4403,PHPHPPPHPHHHHPH
4404,HPHPHHPPHPPPPHP
4405,HPHHHPPPPPHHPPP
4406,PHPHPHHPPPHPPPH
4407,HPPPPHHHHPPHPPH
4408,PPHHPPPHPPPHPHP
4409,PPHPHHHHPPPPPPH
4410,PPHPHHHHPPHHHHH
4411,HHPHHPHPHHPHHPP
4412,HHHPHHPPHHHPPPH
4413,HHPHHHPPHHPHPPP
4414,HPHHPHHHPPPHHHH
4415,HPHPHPHHPHPPPPP
4416,HHHHPPPHPHHPPHP
4417,PHPPPPPHPPHPPHP
4418,PHPHHHHHPPHHHHH
4419,PPPHPHHHPPPHHPH
4420,PHHHHPHHHPPHHHP
4421,PPHHHPHPPPHPHHP
4422,PHHPPPHHHPHPHPP
4423,PHPPHPHPPHPHHHP
4424,HPHPPHPPPHPPPHP
4425,HHPHPHHPPPHHPHH
4426,HPPPHPPHHPHPPPP
4427,PHHPHHPHHHPPHHP
4428,PHHHHPPPPPHHPHH
4429,HHPPPHPHHPHPPHP
4430,PPPPHPHHHHHHHHH
4431,HHHHPHPHHHPPHPP
4432,PHHHPPHHPPHHPHP
4433,HHPHPPPHPHHPPHH
4434,PHHPHPHPPPPPHHH
4435,PPHPHHPPPPPHPHP
4436,HHPHHPHPHHHPPHH
4437,PPPPHHHPHPHPPHP
4438,PPHPHHHPHPHHPPH
4439,HHPPHPPHHHPHPHH
4440,PPPHPHPHHPPHHHH
4441,PPPHPPPPPHHHPPP
4442,PHHHPPPPHHHPHPH
4443,PHPPPPPPHPHHPPP
4444,HHPHHPHPHHPHPHP
4445,PPHHHHPHPHPPPHP
4446,PPPHPHHPPHHPPHP
4447,PPHPHPPHHHPHHHH
4448,HPHHPHHPHPHPHPH
4449,PHPHPHHHPHHHPPH
4450,PHPPHHPPHHHPHHP
4451,HPPPPPPPHPHPPPP
4452,HHPPPHHPPPHHHPH
4453,HHPPHHPHHHPHPPP
4454,HHPPPPPPPPHPHPP
4455,HPHPPHHPPHPPHPH
4456,PHPPPPHHPHHHHHP
4457,HPHPHHHPHHPHHPH
4458,HPHPHPPPHPPHPHP
4459,HHPPHPPPPPHPHHH
4460,HPPPPHHPHPPPHPH
4461,PPPHHPPHPPPPPHH
4462,PHHHPHPPPHHPPPH
4463,PHPHHHPPPPPPPPH
4464,PPHPHHPHHPHHPPP
4465,PHHHHHHPPHHHPHP
4466,PHPPPHHPPHPHHHH
4467,HPPPPPHHHPPPPHP
4468,PHPPHHPHPHPPHHH
4469,PPPHHHPPPPHHPHP
4470,HPPPHPHHPHHPHPH
4471,PHPPPPPPHPHHHPH
4472,PHHHPPPHHHPHHHH
4473,PPPHHHHPPPHHHPH
4474,PHHHPHHPHPHPHPH
4475,HPPHPPHPPHHHHHH
4476,PHHPPPPHHHHPHHP
4477,HHHPHPHPHHPPHHH
4478,HPHPPHPHPPHHPHP
4479,PPHHHPPHPHPHPHP
4480,PPPPPHHHPPPPPHP
4481,PPHPHHHPHHPHPHH
4482,HPPHHHPHHPHPPHH
4483,HPPHHPPHPHHPPHH
4484,HPHHHPPHPPPPHHH
4485,HPPPHHPHHPPHHPH
4486,PHPHPPPHHHPPHPH
4487,PPPHHHHHPPHHHPH
4488,PPHPPPPPHPHHPHP
4489,HHHPPHPHPPPPPPP
4490,HPPPHHHHHHPHHPH
4491,PHPPPPPPHHHHPHH
4492,HHPPPPHHPPHHHPP
4493,HPHHPPHPPHHPPHP
4494,HHHPPHPHPHHPHHP
4495,HPHHHPHHHHHHPHP
4496,HPHPPHHHHHPHHPP
4497,PHHHHHHPPPPPPHH
4498,PHPPHHPHHPPHHHH
4499,PHPPPHHPPHHHPHP
4500,HHHPHPPHPPPPHPH
4501,PPPHPPPPPHHHPHP
4502,PPHPPHHPPPHPPHH
4503,HPHHHHPPPPHHPHP
4504,PHHHHHHHPHPHHPP
4505,PPPHPPHPHPHPPHP
4506,HPHHPPPHHHHPHHP
4507,HHHHPPHHPHPHPHH
4508,HHPPPPPPHHPHHPP
4509,HHHHPPPPPHHPHHP
4510,PHHPHPPPHHPHPPP
4511,PPPHPPPPHHHHHPP
4512,PPHPPHPPPPHPPHP
4513,PPHPPPHPHPHPHPP
4514,HPHPPHHPPHPPPPH
4515,HPPPPHHHPPHHPHP
4516,PPHPPPPHHPPHHHP
4517,PHPPHHHHHHHHPPH
4518,HPHHPHHPPHPHHHH
4519,HPPHPHPPPHPPPPH
4520,PPHHHPHPPHHHPPH
4521,PHHHHHPHHHPPHHH
4522,HPPPHHHHPHHHPPH
4523,HPPHHPPPHHHPHPP
4524,HPPPPHHPPHPPPPP
4525,HHPPHPHHHPHPHPP
4526,HHHHHHPHPHPHPPH
4527,PPPPHPPHHPHHHPP
4528,PPHHPHHPPHHHPHH
4529,HHPPPPPHPPHHHPH
4530,HHPHHPHPPPHHHHH
4531,PHHPHPHHHPPPPHH
4532,HPHPPPPHHPPHPPH
4533,HPPHPPHPPHPPPPP
4534,PHHPHHPPHPHHHHP
4535,HPHPHPPHPPHPPHH
4536,PHPPHHPPHPPPHPP
4537,HHPPHPPHPPHHPPH
4538,PHPHHPPPHPHPHHH
4539,HHPHPPHHHPPPHHH
4540,HPHPHHPPPHHPPHP
4541,PPHHHHHHPHPPPHH
4542,HHHPHPHPPPHPPHP
4543,PHPPHHPPHPPPPPP
4544,HPHHPHHPHPHHPHP
4545,PHPPHHHPPPHPPHP
4546,PPPHHPHHHHPPHHP
4547,PPHHPPHPPPHPHPP
4548,HHPHHPPPPHHHHPP
4549,HHPPHHHPHHPHHPH
4550,PPPPHHPHPPHPHPH
4551,PPPHPPHHPPPHHHP
4552,HHHHPPPHHPPHHPH
4553,HPPHHPPPPHPHHHP
4554,HHPHHHPHPHPHPPP
4555,HPHPPPPPHHPPPHH
4556,HPPPHHPPPHHPPPP
4557,HHHPPHHPHPHPPHP
4558,PHHPPPHHHHPHHPP
4559,PPHHHPPPHPHPPPP
4560,HHHHHPHHHHPHPPH
4561,PHPHHPHHHHPPHPP
4562,PHPPHPHHPHHPPHP
4563,PHHHHHHHPHHHHPP
4564,HHHHPHHHPHPPHPH
4565,HPPPHPHHPPHPHPP
4566,HHPHHPPHHHPHHHP
4567,PHPHHPHHPHPPPPP
4568,PPPHHHHPHHPHPHP
4569,HPHPHHHPPHPHPHP
4570,HHHHPPHPHPPPPPH
4571,PHPPPHPHHPHPPHH
4572,PHHHPPPHHPPPPHP
4573,PPPPPHPHHHPHPPH
4574,PPPPHHPHPPHHPHH
4575,HHPPHHHHPHPPHHP
4576,HPHPPPPHHHHPPPP
4577,HHHHPHHHHHPPHHH
4578,HPPPPHHHPHHHPPH
4579,PHHPPHPHHHHHHHP
4580,PPPHHPPHHPHPPPP
4581,HHPPPHPPHPPHHPH
4582,HPHHPHHHHHHPHHH
4583,PPHHPPPPHPHHPHH
4584,HPHHHPPPPPPPHPP
4585,PPPHHHPHHPHHHHP
4586,HPPHHPPHHPPPPPH
4587,HPPPPPHPHHPPPPH
4588,PPHPHHPHPPPPPPH
4589,HPPHPHPPHPHHHHH
4590,PHPPHPHHHPHHHPH
4591,PHHHPPPHHHPHHHP
4592,HHPPHHHPHPHPHPH
4593,HPHPPHPHHHPHHHP
4594,PHPPHPHHPPPHPHH
4595,HPPPPHHHPPHPPPP
4596,HPPHPPHHPPHPPPP
4597,HPHHPPPPHPHHHHP
4598,HHHHHHHHHHHPPPH
4599,PPHPPHPHPPHPPPH
4600,PPHPHHHHPPPHHPH
4601,PHHPPPHHPHHPPHP
4602,HHPHHPHPPPPPHPH
4603,PHPHHPPHHHHHHHH
4604,HHHHHPPPPHHHHPH
4605,HHPPHPHPPPHHHPP
4606,HPHHHPHPPPHPHPH
4607,HHPHHPHPHPPHHPH
4608,PPPPHHPHHPPPHPH
4609,HHHHHHPHHPHHHHH
4610,PPHHPPHPHPPPHPP
4611,PHPHHHPHPHHHPHH
4612,HHPPPHPPPHPHPHP
4613,PPHPHHHHHHPPHHH
4614,HPHPHPPPPPPHHPH
4615,PHPPPPPHHPHPHPP
4616,PHPHHHHPHPHPHPP
4617,HPPPHHPHHPHHPHP
4618,HHHPPPHHHHPHHPH
4619,PHHHHPPPHHHPHPH
4620,PPPPHHPHPHHPPHH
4621,HPPPHPPPPHHPHPH
4622,HHPHHPHHHPPPPPH
4623,HPHHPPHPHHHPHPP
4624,PPPPHHHPPPHPHHH
4625,HPHPHPPPHPPHHHH
4626,HPHPPHHHPHHHHPP
4627,PHHPHHHHPPPPPPP
4628,PPPHPPPPHHPPPPP
4629,HHPHHPHPHHPPPPH
4630,PHHHHPHPHPHPPPH
4631,PHHPPPHHPPPHHHH
4632,HPPHHPHPHHPHPHP
4633,PPPHHHPHHPHPPHP
4634,PHPPPHHHPHHPHHH
4635,HPPPHHPPPPHHPHH
4636,PPHPHHHHHPPPHPP
4637,HHPPHHPHHHPHHHP
4638,HPHHHPPHPPPHHHH
4639,PPPPPPHPHHPPPHP
4640,PHPPHPPHHPHPHHP
4641,HHPPHPHHPPHHPPH
4642,HHPHPPHHHPHPPHP
4643,PHPHPHHHPPPHHPP
4644,HHPPHPHHPHHPPHH
4645,PHPPHPPHHHPHHHP
4646,PHPPPHPHPHHPHHH
4647,HHHPPPPPHPHPPHP
4648,HPHPPHPPHHPPPHH
4649,HHHPHHHHHPHPPPH
4650,HHHPPPPHHPPPHHP
4651,PPPHPPHHHHPPHPP
4652,HPHPHHHPPPHPHPP
4653,PPPPPHPPPHPHPHH
4654,HPHPPPHPHHHHPPH
4655,HHPPPHPHHHPPHHP
4656,HPPHPHHHHPPHHPH
4657,PPPHHPHHPPPPHHP
4658,PHHPHPHPPHPPHHP
4659,PPPHPPPHHHHHHHP
4660,PHPHPHHHHPHPPHP
4661,PHPPPHHHPHHPHPH
4662,PHHPPPHPHHHHPHH
4663,HPHPPHHPPPPHPPH
4664,PPHPPHPPHPPPPPH
4665,HHPPPHHPPHHHHHP
4666,HHHPHPPPHHHHHPH
4667,PPPHHPHHHHHHPHH
4668,HHHHHPPPPHPPHHH
4669,HHHHHPPPHPPHPPH
4670,HHHHPHHPHPPHHPH
4671,HPPHPHPPPHHHHHP
4672,HHPHPPPPPPPPHPH
4673,PHPHPHPPPHPHPHP
4674,PHHPPHHHPHHHPPH
4675,HPPHHPPPPHPHHPP
4676,PPPHHHHPHPPPPHP
4677,HPPPHPHPHPPHHPH
4678,PPHPHPHHPHHPHPP
4679,HPHPHPHPPPHHHHH
4680,PHHHPHHHPHHHPPP
4681,HHHHHHHHHHPPHHH
4682,PPHPHHPHPHPHPHP
4683,PHHHPHPPHHHHPHH
4684,HHPHPPHPPPPHHPH
4685,HHPPPHHHPPPHPPP
4686,HPHHHPPHPHPPPPH
4687,PPHHPHPHHHHPPHP
4688,HHHHPHHPHPHPPPH
4689,PHPPHHHHPPHPHHP
4690,HHPHPPHPHHHPPHH
4691,HPPPHHHPHPHHHPP
4692,PPHPPHHPPHHPPPP
4693,PPHPHPPPHHPHHPP
4694,HHHPPHHPHPPHPPH
4695,HHHPHHHHHHHHPHH
4696,PHPPPPPHHPPHHPH
4697,PHPHHPHPPPPPHPP
4698,HHPPPHHHHHHHHHH
4699,HPPPHHPPPPPPPPH
4700,HHPHHPHPHPPHHHP
4701,PHPHHHPHPHPPPPP
4702,PHHPHHHPHPHPHHH
4703,HHPHHHPPPHPPHPH
4704,PPPPHHHPHHHHHHH
4705,PPHHPPHPPPHPHPH
4706,PPPHHHPPHHPPPPP
4707,HPHPPPHHHPPHPHH
4708,HPPHPPPPHHHHPHP
4709,HHPHHHPPHHHPPPH
4710,HHPPPHHHHPPHHPH
4711,HPHPPHPPPHPPHHP
4712,HHHHPHHPPHHPPHP
4713,HHPHHPHPHHHHPPH
4714,PPHHHPHPPPPHHPP
4715,HHHHHHPPHPHPPPH
4716,PHPHPHHPHHHHHHH
4717,PPPHHHPPPPPHHHH
4718,PPPPPHHPPPPHHHH
4719,PHHHHPPHHHPHPPH
4720,HHHHPHHHHHHPPHP
4721,PHHHPPPPHHHHHHH
4722,HPPPHHHPHPHHHHP
4723,PPHPHHPHPPPPHPP
4724,PPPHHHPHHPPHPPP
4725,HPPPPHHPPPPPHHH
4726,PPHPHHHPHPPPPPP
4727,HHHHHPHPHPHPHHP
4728,HHPPHHHPPHHHHHP
4729,PHHPPHPPPHPPPPH
4730,HPPHHPPHHPHPHHH
4731,HPHPHPHPPHPPPHH
4732,PPHHPHHHPPPHPHH
4733,HPPHHHHHPPHPHHP
4734,PPPHHHPPPPPPPPH
4735,PHHPHPHPHPHHHHH
4736,PPHPPHPPPHPHPPP
4737,PPPPPHPPHHPHHPP
4738,HHHPHPPPHHHPHPP
4739,PHHPHPPPHHHHPPH
4740,HHPHPHPPHPHHPPP
4741,PPHHHPPHPPHHHHP
4742,PHHHPPHHPPPHHPP
4743,PPPHPHPPHHHPPPH
4744,PHHPHPPPPHPPHPH
4745,PPPHHHPHHHHPPPH
4746,PHPHHPHHPPPHHHH
4747,PPPHHPPHHHPHHPH
4748,PPHHPPHHHPPHHPH
4749,HPHPPHPPHPHPPPH
4750,PHHPHHHHPPPHPHP
4751,HHHPPHHHPPHPHPP
4752,PHPPHHPPHPHHHHH
4753,PPPPPHHHHPHPHPP
4754,PPPHPPPHPHHHPHH
4755,PPHHHHPPHPPPHHP
4756,HPPHHPPPPHHHHPH
4757,HHHHPPPPHPPHPPP
4758,PHHPPHHHHPPPHPP
4759,PHPPPHPPHHHPHHP
4760,PPHPHPHHHPHPPHP
4761,HHPPHHPHHPPHPHH
4762,HHPHPHPPPPPPHHH
4763,PPHPPPPPPHPHPHH
4764,PHPHHPPHHHHHHHP
4765,PHHHHPHPPPHHPHH
4766,HPHPHPPPHPPPPHP
4767,PPHPPPHPPPPHHPH
4768,PHPHHHHHPHPPPHP
4769,PHPPPHHHPHHHHPP
4770,PHHPPPPHHHHHPHP
4771,PHHHHPPPHHPPPHP
4772,HPPPHHPHPPHHHHH
4773,HHHPHHHPHPPHHPP
4774,PHPPHPHPHHPHPHP
4775,PPPPHPHHPHHPPHH
4776,HHHHPPPPHHPHHHP
4777,HPHPHHPHHHHPPPH
4778,HPPPPHPHPPHPHHP
4779,PHHPHHPHPPPHHHP
4780,PHPHPHHHPPHHHPP
4781,PHPPPPHPPHPHHHP
4782,HHPPPHHHHPHPPPP
4783,PHHPPHHHHPHPPPP
4784,HPHPPHPPPPPPHHH
4785,PHHPHHPPPPHHHHH
4786,HPPPPHHPHHHHHPH
4787,PHPHHHPHPHPPHPH
4788,HPHHPHPPHPPHPHH
4789,HHPHPHHHPHPPHHH
4790,HHHPHPHPHHPPPPH
4791,PHPPHPPHPPHPHPP
4792,PPPHPHHPPHPPPHP
4793,PHHPPPPHHPHPHHP
4794,HHHPHHPPHHPHPHH
4795,PHHHHPHPPHPHPHP
4796,PPPHHHHPHPPHPHP
4797,PHHPHPHHPHPPPPP
4798,HPHPPPPPHHHHPHH
4799,PHHPPPPHHPPHHHP
4800,PPHPHPPHHPPPPPH
4801,HPHPHPPHHPHHPHH
4802,HHPHHPPHPPPHPPH
4803,PPPPPPHPPHHHPHH
4804,HPPHPPPPPHHPHHP
4805,PHPPHPPPPPHPPHP
4806,HHHPPHHHHHPHHHH
4807,HHPPHHPPHPPHPHH
4808,PPPPPPPHPPHHPPH
4809,PHHHPHHPPHPPPHP
4810,PPHPPPHPHPHPPHP
4811,HPHPPPPPPPPHHHP
4812,PPPPHPHPHHPPHPP
4813,HPPPHHHPHPHHPHH
4814,HHHHPHHPHPPPHPH
4815,HHHHPPHHPHHPHPH
4816,HHHPHPPHHPPHHPH
4817,PPPHHHPPPHPPPHP
4818,PHHHHPHHHHHPPPP
4819,HPHHPPPPHHPPPPH
4820,HHHPHHHHPPPPPPP
4821,PPPPHHPHHHPHHHP
4822,PHHPPHHHPPHHHHP
4823,PPPHHPPHPPPHHHP
4824,PPPHPHHHPPHPPHH
4825,PHHPPPHHPPPHHPH
4826,PPPPHPPHHHHPPPH
4827,PHPPHPHPHHHHHPH
4828,PPPPPPPPHPPPPPP
4829,HHHHHHHPPHPHHPP
4830,HPHHHHPHHPPPPHP
4831,PHPPHPPPHPPHHHH
4832,PHHPPPPPPHPPHHP
4833,PPPPPHPHHPPHPPP
4834,PPPHPHHPPHPPHPP
4835,PPPHHPPHPHHPHHH
4836,HHPPHHPPPPHPPHH
4837,HPHHPHPPPPHPPPH
4838,PPPPHPPHHPHPHHP
4839,PHHPHPHHHPPPHHH
4840,HPHPPPHHHPHPHHH
4841,PHPPPPHPPHHPHHH
4842,PPHHHPHPHPHPPPP
4843,HPPHPPHHHHHPHHH
4844,PPPPPPHHHPPPHHH
4845,HPHHHHHHPHHPHHP
4846,HPPPPPPPPHPHPPP
4847,HHHPHPHPHPHPHPH
4848,HHPHHPPPPPPPPPP
4849,PHPPHHPPPHHPPHH
4850,PHHHPHPHHHHHHHP
4851,PPHHHPPHHHPPHPP
4852,HPPHHPPHPHPPHPH
4853,PPHHHPPHPPHPPPP
4854,HPPHPHPHPPPPPHP
4855,HPHPHHHHHHPHHPP
4856,PHHPPPPPHPHHHHP
4857,HPPHPHHHPHHPPHP
4858,HPHPPHPHPHHPPPP
4859,HHPHHPPHHPHHPPH
4860,HPPHHHHPPPHPPPH
4861,HHHPPPHPHHPHHPH
4862,HPPHHPPPPHHHPHP
4863,PHHPPPHPPPPPHHH
4864,PPPHHHHHPHHPHPH
4865,HHPPPHPHPHHPPHH
4866,HHPHHPHPPHHHHHP
4867,PPHPPHPPPHHHHPP
4868,PPPHPHHPHPHPHHP
4869,HPHPPPPPHHPHPHH
4870,PHPPHHHHHPPPHHH
4871,PHPPHPPPHPPHPPH
4872,PPPPHHPPPHHHHHH
4873,HHHPPHHPPHPPPHP
4874,HPHPHHHPPPPPHHP
4875,HHPHHPHHHHHPPHH
4876,PHHHPHHPPPPPPHH
4877,HPHPHPPHHHPPHPH
4878,PHPPHPHPPPPPPHH
4879,HPPPPPHHHPHHPHP
4880,HPHHHPPHHHPHHHH
4881,HHPHPPHPPHHHPPH
4882,PPPHHHPHPHHHPPP
4883,PPHPHHPHHHHHHPH
4884,HHPPPHHHPPHPHPP
4885,PPHPHHHHHPHHPHH
4886,PHHPHPHHHPPHHPP
4887,PHPPHPHHPPHHPHP
4888,HHHHHHPHHHPPPHP
4889,HHPHHPPPHHPPHHP
4890,HPHHPHHHPHPPHHP
4891,HHPPHPPHHPPPHHH
4892,HHPPPPPPHHHHHPP
4893,HHHPPPPHPPPPHPP
4894,PHHHPPPPHHPPPHP
4895,HPHHPPPHHPHHHHP
4896,HPHPHPPHHPHHPHP
4897,PHPPHPPHPHHHHHP
4898,HPHHHHPHPHHPPPH
4899,HPHHPPHPHHPHHHP
4900,HPHHPPHHPPPPPHP
4901,PPHPPPPPPPPPHHP
4902,HPPPHPHHHPPHHHP
4903,PHHHPHHHHPPHPPP
4904,PPPPPHPPHHHHPPP
4905,PPPHHHPPHPPPHPH
4906,PPPPHPPHHPPPPHH
4907,PHHPPPPHPHPHPHP
4908,HPPHHPPPHPPPPHH
4909,HPHPPPHPPHHHHPP
4910,PPHHPPHPPHPPHHP
4911,PPPHHHHHHHHHPHH
4912,HHHHHPPPPPPHPPH
4913,PPHHHPHHPHPHHPP
4914,PPPHHHHHPHPPPHH
4915,PPHHPPPHHHHPPPH
4916,PHPHPHHPHPHHPPH
4917,HPPHHPHHPHPHPHP
4918,HHHHHPHHPPHHPHP
4919,HHPHHHPHHPPPHPH
4920,PHHHHHHHHPPHHHH
4921,HPHHHHPHPHPPPHP
4922,HPPHHPHHPPHPHPP
4923,PPPHPPHPHHHHPPH
4924,HPPPPHPPHPHHHPH
4925,HPHHPPHPHPHHPHH
4926,PHPHPPPHPHPHHHH
4927,HHHHHPPPPPHHHHH
4928,HPHHHPHHHPPPPPP
4929,HHPPHPPPHHHHHPP
4930,HHPPPHPPPPHHHHH
4931,HHPHHHPHHHPHHHP
4932,PPPHPPPHHPHHHPP
4933,HPHHHPPHPPHHHPH
4934,HPPPHPPPPHHPHHP
4935,HHPHPHHPPPPHHPP
4936,PHPPPHHHPHHHPHH
4937,PPHPHHHHPPPPPPP
4938,PHHHHHHHHHHHHHP
4939,PHHPHHHPPPPHPHP
4940,PPPPHPPHHHHPHPH
4941,HHPHHHHHPHPHPHH
4942,PPPPPPPHHPPPPPP
4943,HPHPHPHHPPHPPPH
4944,PPHPHHHHHPPPPPH
4945,PHPPHHPHPPPPPPH
4946,PHPHHPPPPHPHPPH
4947,PPPPPHPPHHHHPHH
4948,HHPPPHPHPHHHPHH
4949,HPHPPPHHPHHPHHP
4950,HPPPPPPPPPHPPPP
4951,HHPPPPPPPHPPHPP
4952,HPPPHPPHHPPPHPH
4953,HHPHPHHPPPPHPPH
4954,PHHHHPPPHHHPPHH
4955,PPHPPHPHPPPHPPH
4956,PPHHPHHHPHPPHHP
4957,HHPPHPPPHHPPPPH
4958,HHPPPPPHHHHPPHP
4959,HHHPPPPPHPHHPHP
4960,HHHHPHHPPHPHPPP
4961,HHHPPPHPPHPHPHH
4962,HHPPHPHPPPHPPPH
4963,PPPHHPHPPPPHHPP
4964,HPHPPHPHHPHHPHP
4965,PHPPHHHPPHPHHHH
4966,HHPPPPPPHPHHPHP
4967,PPHHHPPHPHPHHPP
4968,PHPHHPHPPHHHHHP
4969,HHPHPHHHPHPHPHP
4970,HPHHPPPHPHHHHPH
4971,HHHHPPHPPPPHPPP
4972,PHPHHPPPHPPHPPH
4973,HHPPHHHHHPPHPHH
4974,HHHPPPHPHPHPHPP
4975,HHPPHHPPHPHPPPP
4976,HHPHHPHPPPHPHHH
4977,HHPHHPPPPHPPHHH
4978,PPPPHPHHHPHHHPH
4979,PHHPPPPPPHHHPPH
4980,HPHPPPHPPPHHHPH
4981,PHHHPPPHHPHHHPP
4982,PHPPPHPPPHPHHHP
4983,PHHHHPHHPPHPHHH
4984,HPHPPHPPPPHHPHP
4985,HHPPPPPPPPPHPHP
4986,PPPPPHPPPPHHPPP
4987,HHHHPHPHPPHPPHP
4988,HHPHPPPPPPPPPPH
4989,HHHPHHHHHHHPPHH
4990,HPHHHPPPPPHHHHP
4991,PPPHPHHHPHHPPPH
4992,HHHPPHHHHPPHPHP
4993,PPPPPHPHPPPPHHP
4994,PHPHPPHPPHHHPPH
4995,HPHPPPPHHHHHPHP
4996,PHPHHHPPHPPPHPP
4997,PHHHHHHPPHPPHHP
4998,PHPHPPPPHPHPPHP
4999,HPHPHPPHPHPHPPH
5000,PPPHPPHPHHHPPPP
5001,PHHHHHHPHPPPHHP
5002,PHPHHHHHPPPPPPP
5003,PHHHHHPHHHPHHHH
5004,PHHHPPHPHHPPHPH
5005,PPHHPHHHPHHHHHP
5006,PPPPHPPPPPPPPHP
5007,PHHHHPPHPPHPHPP
5008,PPHPHPHPHPHHHHH
5009,HHHPPPHPPHPPPPH
5010,HHPHPPPPHPHHPPH
5011,HHPPPHHPPHPPHPH
5012,PHPPHPPHHPPHPHP
5013,HPPHHPPHHHPPHPP
5014,PPPHHPHPPPPHHHP
5015,PHPPPHPHHHPHHPP
5016,HHHHPPHHPPPPHHP
5017,HHHPPPHHHHPPHPP
5018,PHHHHHPHHHPHPPP
5019,HHPHHPHPPHPPPHP
5020,HHPHHPHHHHPHPPH
5021,PPPHHPHHHHPHHPP
5022,PPPHPPPHHPPHHHH
5023,PPHHHPPPHPHHHHH
5024,HPHHPPHHPHPHHPP
5025,PHPHHPHHHHHPHPH
5026,HPPHHHPHHHPPPHP
5027,HPHPHHPPHHHPPPP
5028,PPPPPHHHHPPHPPP
5029,PPHHPHHPPHHHHHH
5030,HHPPHPPPPHHHPPP
5031,HPHHPHHHPHHHHHH
5032,PHHPPHHPPHHHPPP
5033,HPPPPHPHPHPHHPP
5034,HHHPPPPPPPHPHPH
5035,PPPHPPHPHHPHPPP
5036,HHHHHPHHHHHHPPH
5037,HHHPPPHPHPPPPHP
5038,PHHHPPPPHHPHHHH
5039,HPHPHPHPPPPPHHP
5040,HPPHHPPHPHPHPHP
5041,PPHPPHHHPPPPHPP
5042,HPPHHHPPHHPPHHH
5043,HHPPPPPHHPPHHHP
5044,PHPPHHPHPHHHPPH
5045,HHHPPPHPHHHHHPP
5046,PPHPHHPPPHPPHHP
5047,HPPPHHPHPPHPPHP
5048,PHHHPHHHHPPHPHP
5049,HPPHPPHHPHPHHHH
5050,HPPPHPHPPPHHHHH
5051,PPPHHPHPPHHPHHP
5052,PHHPHHPPPPPHHPP
5053,HPPHHHHPPPHHHPP
5054,HPHPPHPPHPPPPHP
5055,HPPPPHHHHPHHHPH
5056,HPPHPPPPHHPPHPH
5057,HHHPHHPPHHHPHHP
5058,HPPHHPPHHPPPPHH
5059,HPHPPHPHPPHPPHP
5060,PHPPHHPHHHHPPPP
5061,HHPPHPPHPHHPPPH
5062,PPHPPHHPPPHHHHP
5063,PHHHHPPPPPPHHPP
5064,HPPHPHHPHHPHHPP
5065,PPPPHPPPHHPPPPP
5066,HPHHPPPHHPHHHPH
5067,PHPPPPPPPPPHHHH
5068,PHHPHHHHPPHHHHH
5069,HPHHPHPHPPPHPHH
5070,PPHPHPHPHHHHPHH
5071,HPHPHHHHPPHHHPP
5072,PHPPHPPHHHHPHPH
5073,PPPHHHPHPHHPPPH
5074,PPHPHHPPHHHPHPH
5075,HHPPHHHPPHPPPPP
5076,PPPPHPHPPHPPPHH
5077,PHHPHPHPHPHHHPP
5078,PPPPHPPHPPPHHPP
5079,HHPPPPPPHHPHHHP
5080,HPPPPHHHHPHHHHH
5081,HPPHPPPPPHHHPPH
5082,PHPPHHHPPPHPHPH
5083,HHHPPPHHPPHPHHH
5084,HPHPPPPPPHPHHHP
5085,PPHPHHPHHHPPHPH
5086,PHPHHPHHPHHPPPP
5087,PHPPPHHPHPHHPHP
5088,HPHPPPHHPPPHHHP
5089,PHHPPHHHHHPPPHP
5090,PHPPHPHHHHHHPHH
5091,HHPPHHHPHPPHPHH
5092,HHPPHHHHPHHHHPH
5093,PPPPHPHHHHHHHPP
5094,HHHPHPHHPPPHHPH
5095,HPPHPHPHHHPPPPP
5096,HPHHHPPPPHHPHPH
5097,HHHPHHPPHHHPHPP
5098,HPPPHPHPPPPPHHP
5099,PHPHPPHPPHPPPHP
5100,HPHPHPHPPHPHPHH
5101,HHPHPPHHPHHPPHP
5102,HPPPPHHHHHPPHHP
5103,PPHHHPHPHHPHPPH
5104,HPHPHHPHHPHPPPH
5105,PPPHHHPHHPHPHPH
5106,PHPPHPHPPPHPPPP
5107,PHHHHPHHHHPHPPP
5108,PHHPPPPHHPHHHHP
5109,PHHPPPPHHPPHPHP
5110,HHPPHPPPHPHHHHP
5111,HPPHPPHPPPHHHPP
5112,HPPHPHHHHPPPHPP
5113,PPPHHPPHHPHPPHH
5114,HPHPHHHHPPHPHHH
5115,PPPPHHHHHPHPPPH
5116,HHPPHPPPPHHHPPH
5117,HPPHHHPPHPPHHHH
5118,PHPPPHHHHHPPHPP
5119,HHHHPHHHHPPPPPP
5120,HPHHPPHPHPHHHPH
5121,PHPHPHHPPPPHPHP
5122,PHHHPPPPHHHPPPP
5123,PPHPHHPHPPPHHHH
5124,HPPHHHHPPPPPPHH
5125,HPPPPPPPHPPHHPH
5126,PHHHPPHPHHHHPHH
5127,PPHPPHPHPPHHHPH
5128,HHPHPPPHHHPHPHH
5129,HHPHHHHHHHHHPHH
5130,HPPHHHPPPHPHHPH
5131,PHHPHPPHHHHHHPP
5132,HHHPPHHHPHHPHPP
5133,PPPHPPHPHHHHPPP
5134,HPHHPHHPHPPPHPH
5135,HHPPPPPHHPHPPPH
5136,HPHPPHHPPHHPHHP
5137,PHPPHPHHHHPPPPP
5138,PPPPHPHPPHHPHPP
5139,HHHPHHHPHHHPPPP
5140,HHHHPHPPPPPHPPH
5141,HPPHHPHHHPHPPPP
5142,HPHHHHHHHPHPPHP
5143,PPHHHPHPPPHPPHH
5144,HPHHHPHHPHPHHPH
5145,PHPPHPPPHPHPPPP
5146,HPHPHPPPHHHPPHP
5147,HPPPPHPPPPPPHPP
5148,HPPPPPHHPHHHPPH
5149,HHHPPHPPHHHPPHH
5150,PHHPHPPPHPHHHHH
5151,PPHPPPPHHPPPHPP
5152,HPPHPPHHPPHPHPP
5153,PHHPHHHPHPHHPPH
5154,PPPPPPHHHPPHPPH
5155,PPHHHHPPPHHPHHP
5156,PHHHPPPPPPPHPHH
5157,HHHPPHHPHPPPHPH
5158,HHHPPPPHPPPPHPH
5159,PPHPHHHPHHPHPPH
5160,HHPPHHPPHHHPHPH
5161,PHPPPPHPPPHHHPH
5162,HPPPHHPPHPPPHHP
5163,PPHPHPHPHPPPHPH
5164,HHHPPHPHPPPPHHH
5165,HHPHHHPHHPHHHHP
5166,HPPPPPPHHPHPHPP
5167,PHPHPHHHPPPPHHP
5168,PPPPPPPHHHHPHHH
5169,HHHHHHPPPHHHHPH
5170,HHHPHPHPPHPPPPP
5171,HHPHPPPPPHHHHPH
5172,HPPHPHPPPHHPHHP
5173,PHHHHPHPHHHPPHH
5174,HHHPPPHPPPPHPPH
5175,PPHHHHHHHHHHPPP
5176,HHPPPHHPPPPPHPP
5177,HPPPHHHPPHHHHHH
5178,PPHHHPHHHHHHPHP
5179,HHPPPHPHPPHPPHP
5180,HHHHHHPHHPPPPPP
5181,PPHPHHHHHPPHPPH
5182,HPHHPPPHPHPPPPH
5183,PHPPHPPHHPHHHPH
5184,HPPPHPPHPPPHPHH
5185,HPPHPHHHHHHHHHP
5186,PHHHPHPPHHHPPPP
5187,HPHHPPHPHPPHHPP
5188,HHHHPHHHHHHPHHH
5189,PHPPPHHPHPPHHPP
5190,PHPHPPHHHPPHHHP
5191,HPPPHPHPPPPHHPP
5192,PHPPHHPPPPPPPPP
5193,HPHPHHPHPPPPHPP
5194,PHPPHPHPHPPHHPP
5195,HPPHHPHPPHHPPHP
5196,HPHPHPPHPHPPPHP
5197,HHHHHPHHHPHPHPH
5198,PHHPPPHHHPHHHHH
5199,HPPHHPPPHHPPPPH
5200,PHHPPPPHPPPHPHP
5201,PHPPPHHPHPPPHPH
5202,PPHHPHPHPHHPPPH
5203,HPPHHPPHPPHHPHP
5204,PHPPPPHHHPPHPPP
5205,HHHPPPPPPHHPHHP
5206,PHPHHPHHPPHHHHH
5207,PPPPHHHPHHPHPHP
5208,HPPPHHPPHHHHHPP
5209,PPPPPPHHHHPHPHP
5210,HPHPPPHPPPHHHHP
5211,PPHHHPHHPHHHPPH
5212,HPPPHHHHPPHHHHH
5213,PHHHPHPHPPPPPHH
5214,HPPPHPPPHHPPPHH
5215,HHHPPHPPHPHPHPP
5216,HHHPPPPPPPHHHHP
5217,PHPHHPHPHHPPHPH
5218,HHHPHPPHHPHHPPH
5219,HHPHPPHHPPHHPHP
5220,PPPHPHHHPPHHHPP
5221,PHPHPHHPHHPHHPP
5222,PHHHHPHPPHPPPHH
5223,HPPHHPPPPPHHHHP
5224,HPPHPPPPHHHPHHH
5225,HPPPHHPPHHHHPHH
5226,HHHHPHPPPHPPHPH
5227,HPHHPHHPHHHPPPP
5228,HPHHPHHHPHHHHPP
5229,PHPPPHHHPPHHHPP
5230,PHPHHPHPHHHHHHH
5231,PHHHHPPHPHHPPHH
5232,HHHHPPHHHHHPPHP
5233,HPPHPPPPHHPHHHH
5234,PHHHHHPHPPHHPPH
5235,PHPHHPHPPHHHPPH
5236,PHPHHHPPPPHPPHH
5237,PPHPHHPPHPHHHPH
5238,HHHHHPPHPHPHPHP
5239,HPPPHPPHHPPPPHH
5240,HPHPPPHPPHHPHHP
5241,HPPHPPPPPHPPHPP
5242,PPHPPPHPHHPHPHP
5243,PHPHHPHHHPHPHHP
5244,PPHPHPPPHHPPHHH
5245,HHHPPPHHPHPPPHH
5246,PHHPHHPHPHPHHPH
5247,HPPHPHHPHPPHHHH
5248,PHPPPHPPHPHPHHH
5249,HPPHPHPHHHHPPHH
5250,HHPPHHHHPPPPHPH
5251,HPPPPHPPPPHHPPH
5252,HHHPHPHPPPHHHHP
5253,PHPHPPPPPPHPPHH
5254,PHHHPPPPPHHPHPH
5255,PHHPPPPHHHPHPPP
5256,PHPPHPHHPPPHHHP
5257,PPPHHPPHPPPHHHH
5258,PPPHHHPPPPHHHPP
5259,PPPPHHPPPPPHHPP
5260,HHHHPPHPPHPHPPP
5261,HPHPPPPHHHPPHPP
5262,HHPPPPPHPPHPHHH
5263,HPHPHHPHPPHHPHP
5264,HPHHHHHPPPPHPPP
5265,PHPHPPHPHPHHHHH
5266,HPPPHPHPHPPPPHH
5267,PPPPPPPHHPPHHHH
5268,PPPPHPHPHHHHPPP
5269,HPHPHPPHPPHHPPP
5270,PHPPHHHHPHPHHHP
5271,PPHHPPHPPHPPPPP
5272,HPPHPHPPHPPPPPH
5273,PHHHHPHHPPPHPPP
5274,PHHPHHPPHHPHPPH
5275,PPHPPHPPHPHHHHH
5276,PPPHHHPHPPPPPPP
5277,HPHPPHPPHHPPHPH
5278,HHHPPPPPPHHPPPP
5279,PPHPHPPHPHPHPHP
5280,HPPHPHHHPHPHPPP
5281,PPHHHPHHHHPHPHH
5282,PHHPPPPHPPPHPPH
5283,PPHHHPPHPHPHPHH
5284,HPHPHPHHHHPHHHP
5285,PHPHHHHHHHHHHHP
5286,HHHHHHHHHPHPPPP
5287,PHHPPHPHHPPHHHH
5288,HHPPPPHPPPPHPHH
5289,HHPHPPHPPHPHHPH
5290,PPPHHHHPHPHPPPP
5291,PHPHHHHHHPHPPHP
5292,HHHHPPHHPPHHPHP
5293,PHPHHPPPPPHPHHH
5294,PHHPPHPHPPHPHHH
5295,PPHPHHPHPPPHPPH
5296,PHHPHPPPPHPHHPP
5297,PPPPHHHPPPPPHHH
5298,PPHHPPHPPHPHHPP
5299,PPPPPHPHHPHHPPH
5300,HHPHPPHPPPHPPHP
5301,PHPPHPHPPPHHHHH
5302,PHPHHHPHPHPPPHP
5303,HPPPHPHHPHPHHHP
5304,PHHPPHHPPHHPPPH
5305,HHPHHPHPHHPHHPH
5306,PHHPPHHPPPPPPHH
5307,PHHPPHHPPHHPPHH
5308,PHHHPHPHPPHPPPH
5309,PHPPHHPPPPPPPHH
5310,PPHHHPHHPPHPPHP
5311,HPHHPHHHPPHHHHP
5312,PHHPPHPHHPPPHPP
5313,HPHHPPPHPHHPHPP
5314,PHHPPPPHPPHPHHH
5315,PHHPHPHPHPHHHHP
5316,PPPPHHHPHHHHPPP
5317,PHHHHPHHHPHHHHP
5318,HHPPHHPHHHPHHPH
5319,HHPHPPHHHHHPHHP
5320,PHPPHHPHPPHPHPH
5321,HHHHHHPHHPPHPPP
5322,PHHHHHPPHHPHHPP
5323,HPPPHPHHHPPHPPP
5324,PHHPHPPHPHPPHHH
5325,HPHPHHPHHPHPHHH
5326,HHHHHPPHPPHHHPH
5327,PPHHHPHHPPPPPHH
5328,PPHPHHHPPHHHHHH
5329,HPPPPPHPHPPHPPH
5330,PHHPPHHPHPHPPPP
5331,PPPHHPHHHPPPHHP
5332,PPHPPPHHHHPHPPH
5333,HPHHHHPHHPHHHPP
5334,PPPHHPPPPHHHPPP
5335,HHPHHHHPHHHHHPH
5336,PPHHPPHPPHHHPPP
5337,PHPHHHHHPPHHHHP
5338,PPHPPPPHHHPPPPP
5339,PPPPPHHPHHPPPPH
5340,HHPHPPHPPHHHPHP
5341,HPPHHPPPPPHHHPH
5342,HHPHHHPHHHHHPPP
5343,PHHPHPHHPPHPHPP
5344,HHHPPPHHHPHHPHH
5345,PHHPPHPHPPHHPPH
5346,HPHPPHPHPPHPHPP
5347,HPHHHHHHPPPHHPH
5348,PHPHHPHHHHHHPPP
5349,HPHHPHHPHHPPHPP
5350,HHPHHHPPPHPHPPH
5351,PHHPPHPHHHPHPPP
5352,PHPPHPPPPPPPPPP
5353,HHHHPPPPPPHPHHH
5354,HHPPPPHHHPHHHPH
5355,PPPPPHHHPHPPPPP
5356,PHHHPPHHHPPPHPP
5357,HHHHHPHPPPHHHPP
5358,HPHPPPPPHHHPHPH
5359,PHHPPPPPHHPPHHP
5360,HHHHPPHHPPPHPHP
5361,PHHPPHHPPPPPPPP
5362,HHHPPPPPPPPPHHP
5363,HPHPPPHPHHHPHHH
5364,PPHHPHHPPPPPPPP
5365,PHHPHPPHHPPPHPP
5366,HPHHPHHPPPPHHPP
5367,PPHHHHPPPHHPPHP
5368,PPPHHPHHPHHPHPH
5369,HPHHPPPPPHPPHHP
5370,PHPPHHHPHPPHPHH
5371,PPHHPPPHHPHHHHP
5372,HHHHPPPHHHHPPPP
5373,PHHHPPPPPPPHPHP
5374,PPHPHHPPPHPHHPP
5375,HPHHPHHHHPPPHPP
5376,PPPPPHHPHPHHHHP
5377,PPHPHHHHHPHPPPH
5378,HHPHHPPHHPPHPPH
5379,HHPHPPPPHPHPPPH
5380,HHPPHPHPHHPHPHP
5381,PPHHHPPHHHPPPHP
5382,PPHPHHHPPPPPHHH
5383,HPPHHPPPPPPPHHH
5384,PPPPHPHHPPHPHHP
5385,PHHHHPPPHHPHPPH
5386,PPPHHHHHPHHHHHP
5387,PHHPPPHHHPPHPPH
5388,HPPHPPHPHHPPPPH
5389,HPHHPPPHHHPPPHP
5390,PHPPPHPHPPPPPPP
5391,HPHPPPHHHHPHHPP
5392,PHHHHPHHHHHHHHH
5393,PPPPHPPHHHPHPPP
5394,HPHPPHPHPPHHHHP
5395,HHHPPPHHPPPHHPP
5396,PHPPHHHPHPHPPHP
5397,PPPPPPHPHPPPHHP
5398,PPPHHHHHHPPHPHH
5399,PHHPPPPHPHHPHPP
5400,HPHHHPHPHHPHPPH
5401,HPHPHPHPHPPHHHH
5402,PHHHPPPHPHPHPPP
5403,PPHHHPHPHPPPPHH
5404,PPHPHPHHPPPPPPP
5405,HPHHPHPHHPHPPHH
5406,HPPPHHPPHPHPPPP
5407,HPPHHHPPPPHPHHH
5408,HHHHPHPPHHPPHPP
5409,PPHHPHPPPPPPHPP
5410,PHPPPPHPPHPHPPH
5411,PHPHHPPPPPHPPHP
5412,PHPPPPPPHPPHPHH
5413,PHHPPPHHHPPPHHH
5414,HHHHPPPPPHHHHPH
5415,HHHPPPPPPHHHPPP
5416,PPPPPPPPPPHPPHH
5417,HPPPPHHHHHPPPHH
5418,PHHHPPHHHHPHHPH
5419,PPPHPHHPHPHPPHP
5420,HHPHHPHPPHHPPPP
5421,PHHHHPPPHHPPHPH
5422,HHPPHHPHPPHHHPH
5423,PPHHHPPPHPPHHHP
5424,HPPPPPHHHPPPHHH
5425,PPHPHPPPPHHHPPP
5426,HPPPHPHPPHPHHPP
5427,HPPPHPHHHPHHPHH
5428,PHHPHPHPPPPPHPH
5429,HHPHPHPHPHPHHPH
5430,HHPHHHPPHHPHPHP
5431,PPPPPPHPPHHHPPP
5432,PHHPHHHHPPHHHHP
5433,HPHPHHHPPPHHHHP
5434,PPPPHPPPHPPPHHP
5435,PPHHPPPPPPPHHPH
5436,PPHPHHPPHHHHHPP
5437,PPPHPHHPPPPPPHP
5438,HPPHPHHHPHHPHPP
5439,HPHHPHPPPHHPPPH
5440,HPHHPPPPPPHPHPH
5441,HPPPPPHHHPHHHHH
5442,HPPPPHHHPHHHHPP
5443,HPHPHHPPPHPHHHP
5444,PHPPHHHPHHPPPHH
5445,PHPHPPPHHPPHHPH
5446,HPPHPHPHPPHHPPP
5447,HPHHPHHHHHHPHPP
5448,HHPPHPHPPPHHHHH
5449,PPPPHPHHHPPHPHH
5450,PHHPPPHPPHPPPPP
5451,HPHHPPPPHPHPHHH
5452,HPPHHHPHPHPHPPP
5453,HPPHPHPHHHHHHHH
5454,HHPHPPPHPHPPPHP
5455,HPHPPPHHPPHHPPP
5456,HPHHPHHPHPHPHPP
5457,HHHHPPHHHHPPPHH
5458,PPHHPHPHPHPHPPP
5459,HHHHPHHPPPPHPHH
5460,PHPPPPHHPHPPHPH
5461,HHPPHPPPPHPHPPH
5462,PHHPPHHPHHHPPHH
5463,PPPPHPPPHHHHPPP
5464,HHHPHHHPPHPPHPP
5465,HPHHHPPPHPPHHHP
5466,PPHHHHPPPHHHPHP
5467,HPPHHPPPPHPPHHH
5468,HHHHPHHHHPHHPHH
5469,PPPHHPHHHPPPPHP
5470,HPHPHPHHPPHPHPH
5471,PHHHHPHPHPPHHPP
5472,PPPHHPPHPHHHHPP
5473,PHPHHPHPHPHHPHH
5474,HHHPHPHPHHPPHPH
5475,PPHPPPHPPHPPHHP
5476,HHHPPHPHHHPHHPH
5477,PHHHPPPHPPHHHHH
5478,HHPHPHPHPHHHPPP
5479,PPHHPHHPHHPPPPH
5480,PHPHPPPHHHPHPHH
5481,PHHHPPHPPPHHPHH
5482,PHPPPHPHHHHPPPH
5483,PHHPPHPPPPPPHPH
5484,HPHHHPPPPPPPPHP
5485,HHHHHPPHHHPPHPH
5486,HPHPPPHHHPHHPPP
5487,HPPPPPPPPPPPPPP
5488,PPHPHPPHPHPHHPP
5489,PPPPPPHHPHHPHPP
5490,PHPPPPHHPPPPPHH
5491,HHHPPHHHPHPHPPP
5492,PPHHHPHPHPHPPHH
5493,HHPHPHHPHPHHPHH
5494,PPPHHPHHPPHHHHP
5495,PHHPHPPPHHPHPHP
5496,PHPHPHPHPHHPHHP
5497,HPPHHPPPHHHHHPP
5498,PPPHHPPPPHHPHHP
5499,HHHPHPHHPPPHHHH
5500,PHHHHHHHHHPPHPP
5501,HPPHHPHHPHHHPHH
5502,HHPHPPPHHPHHHHH
5503,HPPPHHPHPPHPPPH
5504,PPHPPHPHHPPHHPP
5505,PPPHPPPHPHPPPHP
5506,PPHPPPHHHPPHHPH
5507,PPHHHHPPPPHHHHH
5508,HHHHPPPPPHPPHPP
5509,PPHPPPHPHHHPPPH
5510,PPPPPHPHPPPHHHH
5511,HPPHPPPPHPPHPHP
5512,PPHPPPHHPHHPHHH
5513,PPHPPPPHHPPPHPH
5514,PHPPPPHHHHPPPHH
5515,PPHPHHHHPPHPPPH
5516,HPPPHPHHPHPPPPH
5517,HHHHPPHHPHHHPPP
5518,PHPPPHHHPHPHHHH
5519,PHPPPHHPPPHPHHP
5520,HHPHPPPHHHPPHHH
5521,PPPPHPHPHPHHPHH
5522,HPHHPPPPPPHPHPP
5523,PPPPPPHPPHHPPHP
5524,PPPPPHPHHHPHHHP
5525,HHPPHHPHHPPPPPH
5526,PHPHHHHHPHHHHPH
5527,HPPHPHPHPPHHPHP
5528,PPHPHPPHPHPHHPH
5529,HHHPPPHHHPPPPPH
5530,PPPHPHPPHHPPPHP
5531,PHHPPHPPHPHPPHH
5532,HPHHHPPHPPPPPHP
5533,HHPPPPHPHHPHHHP
5534,HPHHHPHPHHHPHPP
5535,HHHHPPPHPHPPHHH
5536,HHHPHHHPHHHPPHH
5537,PHHHHHPPHPPPPHP
5538,PPHPPPPHHPPHHHH
5539,HHHHPPHPHHHHHPH
5540,PHHHPHPPPPHHHHH
5541,HPPPPHHPHPPHHHP
5542,PPHPHHPHHPPPPHH
5543,PHHHPPHHHPHPPHH
5544,HHPHPHHPPHPHPHH
5545,HHPPHHHPPPPHPPP
5546,PHHPPHPPPPHPPPP
5547,HHPHHPPPHPPPHHH
5548,PHPHHHHPPPPPHHP
5549,HHPPHHHPPHHHHPP
5550,HPHHHHHHPPHPPPP
5551,HPPPHHHHPPHPHHP
5552,HPHHHHHPHPPHHPP
5553,PPHHHHPHHHPHPPP
5554,HHHHPPHPPHPPHPP
5555,HHPHHHPPPPHHPHH
5556,HHPHHPHPPPHHPHH
5557,HHPPPPPHHPPPPHH
5558,PHPHPPHHPHHHHHH
5559,HHPPHPHPHHHPHPP
5560,HPHPHHPHPPPPPPP
5561,PHHPHPHHHPPHHPH
5562,HPHPPHPHPPHPPPP
5563,HHPPPHPPHPPHHHH
5564,PPPHPHHHPHPHPHH
5565,PHHHPHPHPHPHHPP
5566,PPHPHHPHHPHHHPH
5567,HHPHPHHPHHPHPHH
5568,HPHHHPPHHHHHPPH
5569,HPHHHPPHPHHPPHH
5570,HPPHHPPPHPPPPHP
5571,PHHHPPPPPPPPHHH
5572,PPHHPHHPHPHPPPP
5573,HPHPPPHPHHPHHHH
5574,HPHHHHHPHPHHHPH
5575,PHHHPPPHHPPHHPH
5576,PHPPPHPPHHHPPPH
5577,PPHPHHHHHPHPHPH
5578,PHHPHHHHPHHHHPP
5579,HPHPHPHPHPHPPHP
5580,HPHHHPPHHPHPHPP
5581,HPHPPHHHPPHHHHP
5582,HHHHHHPPPHPHHPP
5583,HHHPPHHPPHPHHPP
5584,HPHPPPHHPPHHPHH
5585,HHHPHHHHHPHHHHP
5586,HHPPPPPHHHPHPPH
5587,HPHHPHHPPHPHPPP
5588,HPHPPPHHPPHPHHH
5589,HPPPPPHPPHPPHPP
5590,HPPPHPPPPPPPPPP
5591,PPPHHPHHHPHPHPP
5592,PHHHHPHHHPPPHPP
5593,PPHHPHPPHPPHHPP
5594,HHPPPPPPHPHHPPH
5595,HHHPPHPPHPPPHPH
5596,HPHHHPHPHHPHPHH
5597,PHPHHHHHPHPHHHH
5598,HPPHPHPPPHPHHHP
5599,PHHHPPPPPPHPHPP
5600,PPPPPHPPHPHHPHP
5601,HHHPPPHHPPHPPPH
5602,HPHPHPHHPPHHHHH
5603,HHHHPPHHHHPPPPP
5604,PHHHHHHHHHPHPHH
5605,PPPHPHHPPHPHHHP
5606,PPPPHHHPHHHHHHP
5607,PHPHPHHHHHHHHPP
5608,HPPPPPHPPHPPPPP
5609,HHPPPHHPHHHHHHH
5610,HHHHHPPHHPHPHHH
5611,HPHHHHHHHPPHHHH
5612,PPPPPHPPPPHPPPH
5613,HHHPPPPHHPHHPHP
5614,PHPPPPHHHHHHPPP
5615,HHHHPPPPPPHHHHH
5616,PHHPPHPHHHHPHHH
5617,HHHPPPPPPHHPPHP
5618,HHPPPPHPPHPHPPP
5619,PHPHPPPPHHHHPHH
5620,HPPHHPHPHHHPPPP
5621,PPPPHHHPPHHHHPP
5622,HPPPHHHHPHHPHPH
5623,PHHPPPPPHPPHPPP
5624,HPHPHPPPHHPPHHH
5625,HHHPHPHHPHPPPPP
5626,HHHPPPHHHHPPHHH
5627,HHPHPPHPHPPHHHH
5628,PPHHPHHHHPPPPHP
5629,PPHHPHPHHPPHPHP
5630,HPPHHPHHPPHHHPH
5631,PPPHHHPHPHHPHHH
5632,HPPPHPHPPHHHPPH
5633,PPPHPPHPHPHHHHP
5634,HHHPPHPPPHPPPPH
5635,HPPPPHPHHHPPPPH
5636,HPHPPPHPHPHPHPH
5637,PPPHHPPPPHPPHHP
5638,PPPPHHHHHHHPHPP
5639,PHPPPHPHPPPPPPH
5640,HPPPHPHPHHHPPHP
5641,PPHHHHPPHPHPPPH
5642,PHHHHPPPHHPPPHH
5643,HPPHHHHHPHHPPHP
5644,HHHHHHHHPHPHPPH
5645,HHHPPPHHPHPPHPP
5646,HHHHHPHHHPHPHHP
5647,PHHPHHPHHHHHHHP
5648,PHHHPPPHHPPPHHP
5649,PPHPHHHHHHHPPHH
5650,HPHPPHPHHHPPPPP
5651,HPPHHPHHHHHPPPP
5652,PHHHPHPHHPPPHPP
5653,PPHPPPHPHHPHHPP
5654,HHHHPHHHPHHHHHH
5655,HPHHHPPHPHHPHPP
5656,PPHPPHHPPHHPHPH
5657,HHHPHHHPHHHHHPP
5658,HHPHPPPPHPPHPHP
5659,PPHPHHHPHHHPHPH
5660,HPHPHHHHHHPPHHP
5661,PPHPPPHPHPHHPPH
5662,HHPPPPPPPPHHHHH
5663,PPPHPPPPHPPPPHP
5664,HPHHPPPHPPHHPHP
5665,HHHHHPPHPHPHHPH
5666,HHHPPHHHPPHHPHP
5667,HHHPHPHPHHPHHHH
5668,PPHPPHHHHPHPHPH
5669,HHHPHHHPPPHPPPP
5670,HPHPPPPHHPHHHPH
5671,PHHHHHPPHPPPHHH
5672,HPPHHPHHPHPPPPH
5673,HPPHHHHHHHHHPPH
5674,PPHPHPPHPPHPPHP
5675,HHPHPHPHHPPPPPH
5676,PHHPHHHHPHHPHHH
5677,HHHHPHPHPHHHPHH
5678,HPPPPHHHPPPHPHH
5679,HHPPPHPPHHHPPPP
5680,HPHPHPHPPPPPPPP
5681,HHPHHPPPPPPPHHP
5682,HHPPHHHHPHPHHHP
5683,HPHHHHHHPHPPHPP
5684,PPHPPPHPHHHPHHH
5685,PPPHHHHPHPHPHPP
5686,HPHPHPPHPHPPPPH
5687,HPPHHPHPPPHPPPP
5688,PHHHPPPPPHHPPPP
5689,PHPPHHPPPPPPHPP
5690,HHHHPPHPPPPPPPP
5691,PPHPPPHPHHPHPPP
5692,HHHPHPPHPPHPHPH
5693,PHHPPPPPPHHPHPH
5694,PHPHPHHPPHPPPHP
5695,HPHPPPPPPPPPHHH
5696,PHPHHHHPHPHHPPP
5697,PPPHHPPPHHHHHPP
5698,HPHHPHPPHHPHHHH
5699,PHPHPHHPPHPHHHH
5700,PHHPHPPPHHHPPPH
5701,PHPPPPPHHHHHPHP
5702,PPHPHPHPPPPPHPH
5703,HPHPHPHHHPHPHPH
5704,HHHHPHHPPPHPHPP
5705,PPHHHHHPHHPPPHP
5706,PHHHHPPHPPHHHHH
5707,HHPPHHPPPPPHPHP
5708,PPPHPPPPHHHPHHP
5709,PHPHPHHPHPHHHHH
5710,HHHHHHPHHHPPHHH
5711,PHHPHPPHPHHHPHP
5712,PPPPPHHHHHPPPPH
5713,PHHPHHPPHPPPHHH
5714,HPHHPHPHHHPHPHH
5715,HPPHHHHPHPHPPPP
5716,HPHPPPPHPPPHHPH
5717,HPPHHHPHPPPHHPH
5718,PHPHHPHPHHHPPPP
5719,HPHHPHPHHPPPHHP
5720,HHHPHPHPHHHHHPP
5721,PHHPHHPPHPPPPHP
5722,PPPPHPPPHPHHHPH
5723,PPPHPHHHHHPPPPH
5724,HHPHPHPPHHHHPPP
5725,PHPHPPHPPHHPPPH
5726,HPHHPHHPHHHPPPH
5727,HPHPPHHPPHPHPPH
5728,PPPPPPPHHPHHHPH
5729,HHHPHPPPHHPHHHP
5730,HPHPHHPHHHPPHHH
5731,PPPHHHPPHHHPPHH
5732,PHHPHPHHHPPHPPP
5733,HPPHPHPHHHPPHHH
5734,PHPPPHPHPHPPPPH
5735,HPPHPHPPHPPHPPP
5736,HHPPPHPPHHHHHPP
5737,HHPHPHHPPHPHHHP
5738,PPHHHPPPHHPHHPH
5739,HPHHHPPPPPHPHHP
5740,HHPHHPPHHHHHPHH
5741,HHPPPHPPPPPHPPP
5742,PPPPHHHPHPPPHPP
5743,PHPPPPHHHHHPHHH
5744,HPPPPPPHHHHHHHP
5745,HHPHPHHPPHPPPPP
5746,HHHPPPPHHHPHPPP
5747,PHHHHPPPPHPPHHH
5748,PPHHHPPHHPHPPHH
5749,PHHHHPHPPHHHPHH
5750,PPHPHHHHHPHPPHH
5751,PPHPPHPHPPHHPHP
5752,PHPHPHHPPHHPHPP
5753,HPHPPPHHPHHHPHH
5754,HHPPPPHPPPPPPPH
5755,HHHHHHPHHHHHHHP
5756,PPPHPHPPHHPPHPP
5757,PHHHHHPPPPHPHPP
5758,HPHHPHPHPPPHPHP
5759,PPPHPPPHHPHPHHH
5760,HHPPPHPPHHPHPHH
5761,HPPPPPHHPHPPHHP
5762,PHPHHHPPPPPHHHP
5763,PHPPPPHHPHHPPPH
5764,HHHHPPPHHPPPPPP
5765,HPHHHHPPPPHHHHH
5766,HHPHHPPPPHHPHPH
5767,PPPHPHHHHHPPPHP
5768,HPPHPHPPPPHHPHP
5769,PHPHPPHHPHHHPHP
5770,HPHHHPPHPHHPPHP
5771,HHPHPHHPPPHPPPH
5772,PHPHHHHPPPPHHPP
5773,PHHPPPPHHHPPHPP
5774,PHPHHPPPHPPHPHH
5775,HHPHPPHPPPPPPHH
5776,PPHPHPHPPPHPPPP
5777,PPHPHHPPHHPPHPP
5778,PPHHPHPPPPHHHHP
5779,HHPPHPHHPHPPHPH
5780,PHPPHHPHPPPHPPP
5781,HPPPHPPPPPHPHPH
5782,PPHHPPHHPPPPHPP
5783,PPHPPHPHHPPHHPH
5784,HHPHPPHPPHHPHHP
5785,HHHPHHPPHPHPPPH
5786,HPPHPHHPPHPHHPH
5787,HPPHPHHHHPPPPHP
5788,PPPHHPPHPHHPPPP
5789,PPPHHPHPHHHPHPP
5790,HPPHHPHPHHPPHPH
5791,HPPHHHHHHHHHHHP
5792,HHHHPHHPHPHPHPH
5793,PHPPPHHPPHHHHHH
5794,PHPHPHHHHPHPHHP
5795,PHPHHPHPPPHHHHH
5796,HPHHHPHHPHHPHPP
5797,HHPPHHHHHPPHPPP
5798,HPHPHHHHPPHHPHH
5799,HPPHHPPPHPHHPPH
5800,PHPPPHPPPHHPHPH
5801,PHHPPPPPPPPPHHH
5802,HHHHHHPHPHHPHPH
5803,PHHHHHPPPHHHPPP
5804,PPHPHHHHHHHHPPH
5805,HHHPHHPHHHPHHHP
5806,HHHPPHHPHPPPPHP
5807,HHHHHHHHHHPHPPH
5808,PPPHPPPPPPPPHHP
5809,PHPPPHPPHHHHPPP
5810,PPPHPPPPPPHPHHH
5811,HPPPPHPHHPPPPPH
5812,PHPPHPHPPPPPHPP
5813,PPPPHHHHPHPPHHP
5814,PHPHHPPHHHPHHHP
5815,HPPPHPHHHPHHPPH
5816,HPHHHPHHPPPHHHP
5817,HPPHHHPPPPPHPHP
5818,HPPPPHHHHPHPHHH
5819,PPPPHPPPPPHHPPH
5820,HPPPHPPPPPPHPHP
5821,HPPPPHPHHPPPHHP
5822,HPPPPHHHPPPPHPH
5823,HPHHPHHHHPHPHHH
5824,PPHHHHPHHPHPPPP
5825,PHPPHHHPPHHHHPH
5826,PPPPPHHPHPHPPPP
5827,HPPHHHHPPHHPPPH
5828,PPPPHHHPPPPHHHP
5829,HHHPHHHHHPHPHHH
5830,HHHHHPPPHHHPHPP
5831,PPPPPHHHHHPHPPH
5832,HPPHHPHPHHPPPHH
5833,HPHHPHPHPHHPPHP
5834,HPHPPHPPPPPHPHH
5835,HPHPPHHPHPPPPPH
5836,HHHPHHPPHHHHPPH
5837,HPHHHPPPPHPHHPP
5838,PHHPHHPPHHPPHHP
5839,PHPPPPPPHHPHHHP
5840,HPHHPHHHHPPPHHP
5841,PHHPHHPPPPPHPPP
5842,PHHPPPHHHPPHHPP
5843,PPPHHHPHHHPPPHP
5844,PHPPPPHPHPHPPHH
5845,HHPPHHPPPPPHHPH
5846,PHHPHPHHPHHHHPP
5847,PPHHHHHHHHHHPHH
5848,HPPPHHHPHPHPHHH
5849,PPPPHHPPPHHPPPH
5850,PHPPHHPHPHPPHPH
5851,PPHHPPHPPPPPPHH
5852,HHHPPHPPPPHPPHH
5853,HPPPHHHPPHHHHPH
5854,PPPPPPHHPHHPPHH
5855,PPPPPPHPPHHHPHP
5856,PPPPHPHHHHPPHPH
5857,PHHPPPPHPPHHPPP
5858,HHPPPHHHHPHHPPH
5859,PHPHPPPHPPPPPPH
5860,HPHPHPHHHHPHPPP
5861,HPPPHHHPHPPHHHH
5862,PPHPPHHHHPPHHPP
5863,PHHHHPHHPHPHHPH
5864,PPHPPHPHPHPHPHH
5865,HPPHHPPHPHHHPPP
5866,HPPPHHHHHPPPPHH
5867,HPPPHHPPPPPHPPH
5868,HHPHPHPHHPPHHHP
5869,PHPHHHPHHPHHHHP
5870,HHPHPPPHHPHHHHP
5871,HPPHPPHPHHHPPHP
5872,HPHHPPPHHHPPPPH
5873,PHPPHHPHPPPHHPP
5874,PPHHHHPHPHHHPHP
5875,PPHPHPHHHHHHPPH
5876,PPHHHPPPHHPHPHP
5877,PPHHPHHPPPPHPPH
5878,PPHHPPPHPPHPHHH
5879,HPHPPPPPHHHPPHH
5880,PHPPPPPHHPHHHHP
5881,PHPHHHPHHPPHPPH
5882,PHHPPPPPHPHHPHP
5883,PPHPPHHPHHHHHPH
5884,PHPPHHPPHPPHPPP
5885,HHPHHPHHHPPHHPP
5886,PHHPHPPHHHHHPPH
5887,PHHPPHPHPHPHPHH
5888,HHHPHHHPPPHPHHH
5889,HPPHPHPHHHPHPPH
5890,HHPHHHPPPPHPPHH
5891,PHHPPHPHPHHHHPP
5892,PPHHHPPPHHPPPHP
5893,HPHHPPHHPPHPHPH
5894,HHHPPPPHHPHHPPH
5895,PHPPPHHHHPHPHHH
5896,HHHHPHHHHHHPHHP
5897,HPHHHHHHHHHPPPH
5898,HPPHHHPPPHHPPHP
5899,HHHHHHPHPPPPHHP
5900,HPHHHHHHHPHHPHH
5901,HHPPPHHHPPPPHPP
5902,HHHPPPHHPHHPPHP
5903,HHPHPPHPPHPPPHH
5904,PPPHPPPPHPHPHPP
5905,PHPPPHHPPPHPHPH
5906,PPPHHHPHPHPPPHH
5907,PHPHHHHHHHPHHHP
5908,PHPPPPHPPHHPHPH
5909,PPHPPPHPPPPPHHH
5910,PHHHPHHPHHHPHHH
5911,HHPPPHHHPHHPHPP
5912,PHHPHHPHPPHPPPP
5913,HPHHHHHHPPPHPPH
5914,HHPHPHPPPPHPHHP
5915,HPPHHPHPHHHPPHP
5916,PPHHPPPHHPPHHHP
5917,HPPHHPHPPPHPHPP
5918,PHHHHPHHPPPPPPH
5919,HPPHHPPHHHPHHHH
5920,PHPHPPPPPHPPPPP
5921,HHPHPPHPPPHPPPH
5922,PPHHHPPHHHPHHPP
5923,PHPPPHHHPHPPPHP
5924,HPHPHHHHHHHHPPH
5925,PHPHHHHPHPPPPHH
5926,PPPHPHHHHHHPHPP
5927,HHPHHHHHHPPPHPH
5928,PPPHPHPPHHPHHPP
5929,PPPPHPPPHHHHHHH
5930,PPPHHPPHHHPHPPH
5931,PHHPPHHPHHPHHHH
5932,HPHHPPPHPPPPHHH
5933,PPPHPHPHHPPPPHP
5934,HPPHPPPHPPPHPPH
5935,PPHPHPHHPHHPHHP
5936,HPPHPPHPHPPPHHH
5937,HHHPPHHHHHHPPHP
5938,HHHHPHHHPHHPPPP
5939,PHHHHPHPPPHPPHH
5940,HHHHHPHPPHHPHHH
5941,PHPPPHHHHHPPPPP
5942,HHHHHHPPHHHPPPH
5943,HHHPPPHPHPPHHPH
5944,HPHPHPPHPPPHHPH
5945,HHHPPHPHHHPHHPP
5946,PHHPHPPPHPHHPHP
5947,HHPPPPHPHHHHHPP
5948,PHHHPPPHPPHHHHP
5949,PHPHPPHHHHPHPHH
5950,PPPHHHPHHHHHPPH
5951,PHPPPPHHPPHHPPH
5952,HHPHHHPPPHHHPHP
5953,PHPHPPHHHHPPPPP
5954,HPHPHHPPHPPPPPH
5955,PPPHPHPPHHPPPPP
5956,PPHHHHHPHPPHPHP
5957,PPHPPPHPHPHHHHP
5958,HHPHHHPHPHHHPHH
5959,HHPHHHHHPHPHHPH
5960,HPHHHHHHPHPHHPH
5961,HPPHPPHPHHPHPHH
5962,HHPHPHHPPHHPHHH
5963,HPPHHPPPPPPPPHP
5964,HHPHPPPHPPHHHPP
5965,PPHPHHPHHHHHPPH
5966,HPPPPHHHHPPPPHH
5967,HPHHPPHHHHHHHHP
5968,PHPPHPHHPHPHPHP
5969,PPPPHPHHPHHPPPH
5970,HPPPHHHPPHHPPPH
5971,PPHPHHHPHPHPHHH
5972,HPHPHPPHHHPHHPH
5973,HPHHPHPHPHPPPPP
5974,PHHPHHHPHHHPHPP
5975,PPHPPHHHHPPPHPH
5976,HPHPHPPHPHPPPPP
5977,PPHHHPHHPHPPPPP
5978,PPPHHPHPPPPPPHP
5979,HPHHHPHPHHHPPPP
5980,HHPPPPPHHPHPHHH
5981,HPHHPPPPPHPHHPP
5982,PPHPHPPHHPPPHPP
5983,HHHPPHPPPPHPPPH
5984,HHPHPHHPPHHPPHH
5985,PPHPPPHHPPHHPHH
5986,HHPHHHHPPHPPPPH
5987,PPPHPHHHHHHPPHH
5988,HPHHPPHPHHHHPPP
5989,HHPHPHPPHPHHPHP
5990,HHPHPHPPHPHPPPP
5991,PHHHPPPPPHHHPPH
5992,HHPHHPPPHPPHPPP
5993,PPPHPHPPPPHPPPP
5994,PHPPPHHHPPPPHPH
5995,PPHHPHPPPPPHPPH
5996,PPHPHPHHHHPPHPP
5997,PPPPHPPHHHPHHHH
5998,PHHHPPHHPPPPPPP
5999,HPPHHPHPHPHPPPP
6000,HPPPHPPPHPPPPPH
6001,HPPPHPHHHHPHHPH
6002,HHHHPHHPPPPHPHP
6003,PHHHPHHPPPPPHPH
6004,PPPPPPHPPPHHPHP
6005,HHPPHHPHPHPHPPH
6006,HHPHHPHPHHHHHPP
6007,PPHPHPPHPPPHHPH
6008,HPHPPPHHHHHHHPH
6009,HPPPPHPPPHPHPPH
6010,HPPHPHPHHPPHPHP
6011,PPHPHPPPPHHPHHH
6012,HPPHPPHPPHHPPPP
6013,HPPHHPPHHHPHHPP
6014,HHHHHPPPHPHPHPH
6015,HPPPPHHHPPHHPHH
6016,PPHPPHHHHHHHPPP
6017,HPHPHPPPPHPHPHH
6018,HPPHPHHPPPPPPPP
6019,PPPPPPPHPHHHPHP
6020,HHPPHHPPPHPPHPH
6021,HPPPHHPHPHHPHPH
6022,PHHPHHPPPHPPPPP
6023,HHPHPHPPPHHHHHH
6024,PHHHHPPPHHHPHHP
6025,HPHPHPPHPHHHPHH
6026,PHHHHHPHHHHHPPH
6027,PPHHPHPPHHPHHHP
6028,HPHPPPPHHHHHHHP
6029,HHPHHPHHPHHPPPH
6030,PPPHPPPHPPPHHPP
6031,HPHHHPHHHPPHHHH
6032,PPHPHHPPPHHHPHP
6033,HPPPHPPHPPPPPHP
6034,HHPHPHPHPPHHPHP
6035,PHPPHHPHPPHHHHH
6036,HPHPPHHHPHHHHHP
6037,HHHHHHHHHHHPHPP
6038,HPHPHHHHHPHPHHP
6039,HPHHHPHPHPPPPPP
6040,PPPPPHPHPHPPPHH
6041,PPHPPHPPPHPHHPH
6042,PHPPHHHPPHPPPHP
6043,PHHHHPHPHHPPHHP
6044,PHHPPPHPHPPPHHP
6045,PPPPPPHPHHPPPHH
6046,HPHHPHHHPPHPPHP
6047,PPPPPHPPHHHHHPH
6048,HPPHHPPHHPHPPPP
6049,PHHPPPHPPHPPPPH
6050,PPPHHPPHHHHPPPP
6051,PHHHPHPPHPHHHHH
6052,HPPPPPPHHHPHPHH
6053,HPPHPHHHPHPHHPH
6054,HPHPHHPHPHHHHHH
6055,PHHHHHPHHHPPHHP
6056,PPHHPPPHPPPPPPP
6057,HPPPHPHPPPHPPPP
6058,HHPPPPPPPHHPHPH
6059,HHPHHHHPPPHPHPH
6060,HPPHHPPPHPPPHPP
6061,HHHHHHPPPPHHHHP
6062,PPPPHHHPHPHHPHH
6063,PPHHPPPHPPHHPHH
6064,PHPPHHPHPHHPPHH
6065,PPHHPHHHHPHPHHH
6066,HPPPHPHPHPPHPPH
6067,HPHHHPPHHHPPPHP
6068,HHPPHPPPHHPHPPH
6069,PHHPPHHHPPHPPHH
6070,HHPHHPPPHPHHHHP
6071,PPHHHHPPHPPHHPH
6072,HHHHHHHPPHHPPPH
6073,PPPPPPPHHHPPHPP
6074,PHPHHPHHHHPPPHH
6075,HHHPHHHPPHHPHHP
6076,HPHHHHPPPPPPHHP
6077,HHHPPPHHHHPHPPP
6078,HHPHHPPHPPHPHPH
6079,HPPPHPPPPPHPPPP
6080,HPHHHPPPPHHPPHH
6081,HPHPPPHHPPPPHPH
6082,PPPHHHHHHHPHHHH
6083,PHPPPHPHPHHPHPP
6084,PPHHHHPHHHHPPHH
6085,HPPPHHHHHHPPHHP
6086,PPPPHPHHHHHPPHP
6087,HHPPHPPHHHHHHPH
6088,PPHHPPPPHPHPHPH
6089,PPHHHHHHPPPHPHP
6090,PHPPHHPPHPHPPHP
6091,HPPHPHPPPPPPPPP
6092,PPHHHPHPHHHPPPP
6093,PHHHHPHPPPHHPPP
6094,PPHHPPHPHPHPHHP
6095,PPHPPPHHPHPPHHP
6096,HHHHHHHHHPHHPPH
6097,HHPPPHPPHHPHHHP
6098,PHPPPPHPPHPHHPP
6099,HHPPHHPPHPHPHHP
6100,HPHPPHHHPPPHHHP
6101,HPHPPHPPHPPPHHP
6102,HHHHHPPHPPHHPHP
6103,PHHPPHPHHHPHPHP
6104,HPPHHPPHHHHHPPH
6105,HHHHPHPHHPPPHPP
6106,HPPHPPHHPHHHPHH
6107,PPHHPHPHHPPPPPP
6108,PPHPPHPPHPPHPPP
6109,HHHPPPHPPHHPPPP
6110,HPHHPPPPPHPPHPP
6111,PPHHPHPHHPHHHHH
6112,PPHPHHPPPPHHPHH
6113,HPHPHPPHPPHPHPP
6114,HPHPPPHPPPPPPHP
6115,PHHPPPPHPHHHPPH
6116,HPHPHHPHHPPPPHP
6117,HHPPPHPPPHPPHPP
6118,HHHHPPPPHPHPHPP
6119,PPPHHHPPHHHHPPP
6120,HPHHPPPHPPPHHPP
6121,PHPPHHHHPHHHHPH
6122,HHHPHHHHPPPHHPP
6123,HHPHPPHPPHPHPHP
6124,HHHPHHHPHPHHPPP
6125,HHPPHPPHPHPHHPP
6126,PPHHHPPPHPPPHHH
6127,PHPPPPHHPPPHPHH
6128,PPPHPHPPHHHPPPP
6129,PPPPPPPHPHPHHPP
6130,HHHPPHHHHPPHHPH
6131,HHHPPHPPHPHHHPH
6132,PHHPPPHHHHHPPPP
6133,PHHHHPPPHPHPHHP
6134,HPPHPPHPHHPHPHP
6135,PHPHPHPPHHHPPHH
6136,PPPHHHPPPHHHPPP
6137,PPHPPPHHPHHPPPH
6138,PHPHPHHHPHHHHPH
6139,HHHPPHPHPPPHPPP
6140,PHHHPPPHPHHPPHP
6141,HHHHPPHPHHHHPHH
6142,PPPPHHHPPHPPPHH
6143,HPHHHHPPHHHHPHH
6144,PHPHPHHPHHPPPPP
6145,PPHPHHHPPPPPHPH
6146,PPHPPHHHPPPHPHP
6147,HHHHHPHPPHHHHPP
6148,HPPPPPPHPPPPPHP
6149,HPPPPPHPHHHHHPP
6150,HHPPPHHHPHHHHPH
6151,HHPHHPHHPHPHPPH
6152,PPHPPPHHHHHHHPH
6153,HHPPPHHHPPHHPHH
6154,HPHHHHHHHPHPHHP
6155,HHPPPPPHPPHHHHH
6156,HHPHHPPPHHPHHHH
6157,HHPHHHPHPHHPHPP
6158,HPPPHPHPPHPPPHP
6159,PHHHPHHHHPHPPHH
6160,PHHPHHPPPHHHPHP
6161,PPHPPPPPHHPHPPH
6162,HPPPPPHPPPPPPHP
6163,HHHHHHHPPHPPPHP
6164,HHHHHHPPHHHPHHP
6165,PPHHHPPPPHPPHPP
6166,HPHPPPPHPPHPHHH
6167,PPHHHHPHHPHHPPP
6168,HPPPHHPHHHPPPHH
6169,HHPHHHHHHHHHPPP
6170,PPPHHPPPHPHHHHH
6171,PHHPHPPPHHHPHHH
6172,PPHHPPHPPHHPPPP
6173,HPPPHHHHPPPHPHH
6174,PHHPPPHHPPPPHPH
6175,PPHPPPPHPPHPHHP
6176,PPHHHHPPPPHHPHH
6177,PHPHPHHHHPHHPHH
6178,HPPHHHHPHPPHHHH
6179,HPHHHHHHHPHHHPP
6180,HPHHHHHPPHHPHHP
6181,PPHPPHHPPPPPHHP
6182,HHPHPHPPHPHPHPP
6183,HHHPPPHPPHPPHHP
6184,PPHHHPHPPPPPHPP
6185,PHPPPPPPHPPPPPH
6186,HHHPPHHPPPHHHHH
6187,PHHPHPPHHPPPPPH
6188,HPPPHPHPHPHHHHH
6189,PPHHPPHPHHPHPPP
6190,PHPHHPHHPHPHHHH
6191,PHPHPPHHPPPPPHP
6192,PHHHPHPHHHPPHPH
6193,HPPHPHHPHPPHPHH
6194,HHPHHPHPPPPHHHH
6195,PPHHPHPHPHPHPHH
6196,PPHPHPPHPPHPPHH
6197,PHPHHHHPPPPPPPP
6198,PPPHHPHHHPPHPPH
6199,PPPPPPHHHHPHHPH
6200,HPPHHHHHHPHPPPP
6201,HPHPHHPHHPPHHPH
6202,HPPHHPPPPPPPHPH
6203,PPPHHPPPPPPHHPH
6204,PHPHHPPPHHPPPHH
6205,HHPHPPHPHHHHPHH
6206,PHPPHPPPPHPHHPH
6207,HHPPPHPHHPHPHPH
6208,HPPHHPPHHPPHPHH
6209,HHPHPPHHHPHPPPH
6210,PHHPPHHPPHPPHPP
6211,PHPHPHPHHPPPPPH
6212,HHHHPPPHHPHHPPH
6213,HHPPHPHPHPPHPHP
6214,HHPPPHHHHPPPHPP
6215,HPPPHHPHHHPPPHP
6216,HPHHPHPHHHHHPHH
6217,HPPPPHHPPHPPPHP
6218,HPPHPPHPHHHHHPH
6219,PHHHHPPHPHPHHPP
6220,PPHHPPHPHPHHHHP
6221,PHPPPHHHHPHHHHH
6222,PPPHHPHHPPPHHPH
6223,HPPHHPPPPHHPHPH
6224,HHHHHPPHPHHPPHP
6225,HHHHPHHHPPHHPPH
6226,PHHHHPHPHPPPHPP
6227,HHHPHHHPPPHHHPH
6228,PPHPHPPHPPPPHPP
6229,HPPPPPHPPPPHHHH
6230,PPPPPHPHHHPPHPH
6231,PPPPPPPHPPPHPHP
6232,PPHPPPHPHHHHHPP
6233,PHHPPHPHPPPPHHP
6234,HPPHHHHPPPHHHPH
6235,HPPPPPHHHPHHPHH
6236,PPPHHPPPHHHHHHP
6237,HHPHPPPPHHPPHHH
6238,PPPHPHHPHPPPHHP
6239,PHPHHPPHHHPPHPP
6240,PHPHPPPHPPHHHPP
6241,HPHHPPPHPHHPHPH
6242,PHHHPHHHHPPPPHH
6243,PPHPPPHPHPHPPPP
6244,PHPPPPPPPHHHPPP
6245,PPPPPHHHPPPPPPP
6246,PPHHPPHPPPPHPHH
6247,HPHHHHHPPPPPPPP
6248,HPHHPPPHHHHHPHP
6249,HPHHHPHPHPPHPPP
6250,PHPHPPPHPHHHHPP
6251,HHPPPHPPHPPPPHP
6252,PHPHHPPPHPPPPPH
6253,PHHPPHPHHHPHPPH
6254,PPHPHHPHHPPHHHH
6255,PHHHPPPPPPHHPHP
6256,PHHHPHPPPPHPPPP
6257,PPHPPHHHHHPHHPH
6258,HHHHHHHPPHHHPPH
6259,PHPPHPHPHPPPPPH
6260,HPHHPPHHPPHHHPP
6261,HPPPPPPHHPHPHHP
6262,PPHHPHHPHHPHHPP
6263,HPPHHPPHPPHPPHH
6264,HHPHPPPPPHPHPHP
6265,HPHHHPPPHPPHHPH
6266,PHHHHPPHHPPHPPP
6267,PHHPHHPHPPPPPHP
6268,PHHPPPHPHPPHHHH
6269,HHPHPHPPPPPHHPH
6270,HHPHPHPHPPPHPPP
6271,HHHPHPPPPHHHHHP
6272,HPPHHPPHPPPPPHH
6273,PPHHHPPPPHPPPHP
6274,HPPHHHHPHPPPHHH
6275,HHPPPHHHHPHPPHH
6276,PPHPHPHPPPPPHHP
6277,HHPPHHHHPHHHPPP
6278,PPHPPHPPPPPHPHP
6279,HHHPPHPPHHHPHPP
6280,HHPPHPPPHHPHPHH
6281,HPPHHPHPPHPHPPH
6282,PHHHPHHPPPHPHHH
6283,HHHPPHHHPPHHHPP
6284,HHPPHPPPHPPHPPP
6285,HHHPPHPPPPPHPPH
6286,PPHHPPHPHPHPPHH
6287,HHHPHHPHHHHHPHH
6288,PHPHPHHPHPHHHPH
6289,HHPPPPPPPPHHPPP
6290,HHPHPHHPHPHHHPP
6291,HPHHHPHPHHPHHHP
6292,PHHHHPHPPPPHPHH
6293,HHHHHHPPHHHPPHH
6294,PHHHPHHPPHPHPPP
6295,PHPHHPHHHPHPPHH
6296,PPHHPHHHHHHPHPP
6297,HHPPHPPHHHPPPHH
6298,HHPHPPHPHPHHHHP
6299,PHPHHHHPHHHPHPH
6300,PPPPPHHPHHPPHHP
6301,HPHPHHPHHPPPHPP
6302,PPPHHHHHHPPHHHP
6303,PPHPHPHHPPPPPHP
6304,PHPPHPPPHPHHHPH
6305,PPPHHHPPHPPHHHP
6306,PPPPPHHHPPHPHPH
6307,HPPPPPHHHHPPHHH
6308,PPHPPHHHPPPHPHH
6309,PHHPPHHHPHHHHHH
6310,PPPPHHHPHPPPHPH
6311,HPHPPPHHPHHHHHP
6312,PPPPPPPPHPHHHHP
6313,PPPHHHHPPPHHHHP
6314,PHHHPPHPPHHHPHP
6315,PPPPPHHHHPPPHPH
6316,HHHPPHPHPPHHPPP
6317,PHHPHPHHPHPHPHP
6318,HHPPHHPHHHHPHPH
6319,HPPPHPHPHHPPPPH
6320,HHPHPPPHHHHHHHP
6321,PPHPPHPPHPPPHPH
6322,PPHPPHHPPPHHPHH
6323,HHHPPPPPHPPHPHH
6324,HHHPPHPPPPHHHHH
6325,HHHPPHPPPHPPHHP
6326,PHHPPPHPHHPHPHP
6327,HPHHHPPHHPHHHPP
6328,HHPHPPHHHHHHHHH
6329,HHHPPPHPHPPHHHH
6330,HPPPPHHHHPHPHHP
6331,HHHPHPHPHHPHPPH
6332,PPHPPPHPHPPPPHP
6333,PHHPPHPHHPHPHPP
6334,HHHHPPHHHPHPPHP
6335,HHPPHPHHHHHPPHP
6336,PPPHPPPHPHPHHHP
6337,PPHPPPHHPPPPPPH
6338,HHHHPPPHPHHPPPH
6339,PHPPHHHPHHPHPPH
6340,PHPPPHHPPHPHHPH
6341,PHHPHHPHPHHPPHH
6342,HPPPPHHHHHPHPHP
6343,PPHHPPPPHHPPPPH
6344,HHHPHHPHPPHPPPP
6345,PHPPPPHHPHHPHHP
6346,PHHPHPPHPPPHHPP
6347,HHHPPHHHPPHPHHP
6348,HPPPPPHHHPHPHPP
6349,HHPHHHHHPPHHPHP
6350,HHHHHPHHHHPPHPP
6351,HHPPPPHPHHPPPPH
6352,HHHPPHPPPHPHPHP
6353,PPHPPPPHPPHHPHP
6354,PHPPPHPPPHPHPPH
6355,HHHPPHHPHHHPHHH
6356,HHHPHPPPPPHHPPP
6357,PHPHPHPHHPPPHHH
6358,HPHHHPPPHPPHPHP
6359,PHPHPHHHHPPHPPP
6360,HHPPPPHHPPPPHPH
6361,HHPPHHPPHHPPPHP
6362,PHPPPPPHHHPPHHP
6363,PPPHPHPHPHHPHHP
6364,PHPPHHPHHPPHHPH
6365,HPPPHHPHHHPPHPH
6366,PPPHHPHPHPPHPHP
6367,PHPHPPHPHHPHPHH
6368,PPPPPPPPPPPPPPH
6369,PHHHHPPHPHHHPPP
6370,HHHPHPHHPHPHPHH
6371,PHPPHPPPPPHPPHH
6372,HPPPHHHPHPPPHPP
6373,HHHPHHPHHHPPPHH
6374,PPHHHPHHPPHHHPP
6375,HHPHHHPHHHPHHPP
6376,HHHHHHPPHHHPHHH
6377,HPHPHPPHPHPHPPP
6378,HPHPHPPHHHPPPPP
6379,PPHHHHHHHPHHHHH
6380,PHHPHHPPHHPHPPP
6381,PHHHPHPHHPHPHHP
6382,PPHHPHPPHPPHPPH
6383,HPPPHPHHHPPHPPH
6384,PPHPHHHPHHHHPPH
6385,PPPHHHHPPHHHPHP
6386,PPPHHPHHHHHPHHP
6387,HHPHHHHHHHPHHPH
6388,HHPHHHHPPPHHHHH
6389,PPHPPPPPHHHPHPH
6390,PPHPPPHPHPHPHHH
6391,HHHPPPHPPHHHHPH
6392,HPHPHPHHHHHPPPH
6393,PPHHHPHPHPHHHPP
6394,HPPHHPPHPHHHHPH
6395,HHPPHHHPPPPPHHP
6396,PPPPHHPHHHPHPHP
6397,PPHHHPHPPHPPPHP
6398,HHHPHHHPPHHHPPH
6399,HHPPPHPHPPPHHPH
6400,HPHPHHHPPHHHHPP
6401,HHPPHHHPHHPHPHH
6402,PPPPHPHPHHHPHPH
6403,PPHHHHPPHPHPHHH
6404,PPPPPPHPHHPPHPP
6405,PHPHHPPHPHPHHHP
6406,PPHHPHHHHPHHPPH
6407,PHPHHPHHPHPHPPP
6408,HPHHPPPPPHHHPHH
6409,HPHHHHHHHHHPPHH
6410,PHHHPPPPHPPPPPP
6411,PPHHPPPPPPHPHPP
6412,PHPHPHPHHHHPHHH
6413,PHHHHPHHHPPHHHH
6414,PHHHPHPHPPHPHPP
6415,HPPPPHPPPPPPPHH
6416,HPHPHPPHPHHPHHH
6417,PHHPPPPHHHPHHPH
6418,PPPPPHPPPPHHHHH
6419,HHHHHPPPHPPPHPH
6420,PHHHHPPHPPHHPHH
6421,PHPPPHHHPHHHHHH
6422,PPPPPHPHHPHPPHP
6423,HPHPPPHPPHHPPHH
6424,PHHHHPHPPHHPHPH
6425,HPHPPHHHHPPPHHH
6426,PHPPHPHPHPPPPHP
6427,PHHPHHHPPPPPPPH
6428,HPPPPPHPHPPHPPP
6429,PHPPPHHPHPPPHHH
6430,PHPHPHHPHPHPPHP
6431,PHPHPPPPHPHPHPH
6432,PHHPHPHHHHPPHPP
6433,PPHPHPPHPHHPPPH
6434,HHPPHPHPHPPHHPH
6435,PHPPHPHPHHPHPPH
6436,PHPHHPPPHPHPHHP
6437,PPHHHPHHHHPHPPH
6438,PHHHPHHHPPHHHPH
6439,PPHPHPPPPPPHHPH
6440,PHHPPHHHPPHPHHH
6441,HPHHPHHPPPPPHHH
6442,PHPPHHPPPPPHHHP
6443,HHHPHPPPPHHPHPH
6444,PHPHPHHPPPHHPHH
6445,PHHHPPHPHPPPHHP
6446,HPPPPHPPHHPHHHP
6447,PPPPHPHPPHPPPPH
6448,HHPHHPPPPPHHPPH
6449,HHPHHHPPPHHPPPH
6450,PHPPPHPPHHHPPPP
6451,PPHPHPHHHPPPPPP
6452,HPHPHPPPPHHHHPP
6453,HHHPHPHHHPHHPPP
6454,PPHPHHPPHHPHPPP
6455,PHPHPPPHPPPPPHP
6456,PPHPPHPHPPPHHPP
6457,PPHHHPPHPHHPHPP
6458,PHPPPHPHPPHPHPH
6459,PHHHHHHHPHPHPPH
6460,PHHHHPPHHPHHHPH
6461,HPPPPPPHHHPHPHP
6462,PPPPHPPPPPHHPPP
6463,PHHPPPPPHHHPHHP
6464,HPPPHHPPPPHHPPP
6465,PPHHPPHPPPHPPPH
6466,PPPPPHHPPHHHPPP
6467,HPHHHHPHPPPPPHP
6468,PPHHPHPPHHPPHHP
6469,HPPHHHPHHHHHPHP
6470,PHHHHPHPHHPPPHH
6471,PHPPPHPPHPPHPPH
6472,PHPHPPHHPHPPPHH
6473,PHHHPPPPPHPPHHH
6474,PHPHPPPHPHPHHPH
6475,HHHPHHHPHHPPPHP
6476,PPPPHPHHPHHHHPP
6477,HHHHPPPHPHHHPPH
6478,PPHHPHPPPHPHHHP
6479,HPPPPHHPPHHPPHH
6480,PPPHHHPHHHHHPPP
6481,PHHPHHPHHPPHPPP
6482,PPPHHPHPPHPPPPP
6483,HHPPPPHPHHPHPHH
6484,HHHHHPHHPHPPPPP
6485,HPHHPHPHPHPHHPP
6486,HPPPPPPHHHPHHPH
6487,HHHHHHHPPPPPPHP
6488,HHHHHPHPHPPPPHP
6489,PHHHHHHPHPHHPPH
6490,PHPHPHHPPPPPHHP
6491,HPHHHHPHPHPHHPP
6492,HPPPPPHPPPHHPPP
6493,HHPPPHPPHHHHPHH
6494,HHPHPPHHHHPPPPP
6495,HPPHPPHHHHPPPHH
6496,PHPHHHHHPPHPHPH
6497,PHHHHHPPPHPPPPP
6498,PHHHHHHPPPHPPHH
6499,PHHPHPHPHHPHPHP
6500,PHPHHPPHPPPPPHH
6501,PPPPPPHHPPHHPPH
6502,HPHPPHHPPPHHHPH
6503,PHPPHPHHHHPHPPH
6504,PHPPPHPHPPHPPPP
6505,PPHHPPPPHHPPPHH
6506,HPHHHPPHPPPHPHP
6507,HHPPHHPHPPPHHHH
6508,HHHHPPPPPHPPPHP
6509,PHPHPPPHPHPPHHH
6510,HHPPHPHPPPPHHPH
6511,HPHPHPPPPHPPPHH
6512,HHPPPPPPHPHPHHH
6513,HHHHHHHHHHPHPHP
6514,HPPHPHHHHPHPHPP
6515,PPPHPHPHHHHPHPP
6516,HPHPHHHPPPHHHPP
6517,PHPHPPHPHPHHPHP
6518,PPPHHPPHHHHPHPP
6519,PHPPHHHHHHHHHPP
6520,PPHHHPPHPPPHPPH
6521,HPPPHHPHHHPPPPH
6522,HPHPPHHHHPPHPPH
6523,PPHPHHPHPPPPHPH
6524,PHHHPPHPPHHPHHH
6525,HHPPHPHPHPPPHHH
6526,PHHPHHHPPPHHPPH
6527,PHPHHHHHHPPHPPP
6528,PHHPPPPHHPHPPHH
6529,HHHPHHHPPPPHHPP
6530,HPHHPPPHHPHHPHP
6531,PPPPHHHHHPHHPHH
6532,HPPHPHHPPHHHHPP
6533,PPHHPHHHPPHPHHH
6534,HPPHPHPHHHPPPPH
6535,PHPHPPHPPHHHHPP
6536,HHHPPHHPHPHPHPP
6537,HPHPHHPPHHPHHPH
6538,HPHPPPPPHPPHPHH
6539,PHHPHPHPHPHHHPH
6540,PHHPHPPPPHPPHHH
6541,PPPPHHHPPHHHPHP
6542,PPPHPPHPHPHHHPH
6543,PHPPHHHHHPHPPHH
6544,PPPPHHHHHHPHHHP
6545,PHHPPHHPPPPHPHP
6546,PPHPHPHHHPPPPHH
6547,PPPHPPHHPPHPHPH
6548,PPHPPPPPPHHHPHH
6549,PPPHPPPHPPPPHPH
6550,HPPPPHPPHPHHPPP
6551,HPPPHPPPHPHPPHH
6552,HHPPPHHPPPPHHHP
6553,HPPHPPPPPPHHPPP
6554,HHHPHPHHHPHPPHH
6555,PPHHPHHHHHPPHPP
6556,PHHPPHHHPPHPHPH
6557,HHPPPHHHPPHPHHH
6558,PPHHPPPPHHHPHPH
6559,HHHPPPHHHPPHPHH
6560,PHHPPPHHHPPHHHP
6561,PPHPPPPHPPHPHHH
6562,HHHHHPHPHHPPPHH
6563,HPPPPPPPHHPPPPP
6564,PHHHHPPPPHPPHPH
6565,PPPHPPPPPPPHPPP
6566,PHPHPHPHPHHHPHP
6567,HHPHHPPHHPHPHPH
6568,PPPPPHHHHPPHPHP
6569,HHPPHHHPPHHHHHH
6570,PHPPPPHHPPPHPPP
6571,PPHHHPHPPHPPPPH
6572,PHPHHPPPPPHHHHH
6573,PHPHHPHPPPPPPPP
6574,PPPPHPHPHHPHPPP
6575,PPHPHPHHPHPPPHH
6576,PHHHHPPHHPHPHHH
6577,HPHHPHPPHPHHHHH
6578,PPPHPPPHPPPPHPP
6579,PHPHHPHHPHPHPPH
6580,PPHHPHHPHPPPHHH
6581,HHHHPPHPPPHPHHP
6582,HPPHPPPPPPHHPHH
6583,HHPHHHHPHHPHHPH
6584,HPHHHPPHHHHHHHH
6585,HPPPHPPHPPHHPHH
6586,HPHHPHPPPHHHPPP
6587,HHPPPPPPPPPHHHP
6588,PHPPPPHHHHHHHHH
6589,PHPPHPPHPHPHPHP
6590,PHHHHHHPPPPHHHH
6591,PPHHPPHPHHPHPHP
6592,HHPPHPPPHHPPHHP
6593,PPHHHHPPPHHHHHP
6594,PPPPHPPPHHPHPPP
6595,HPHHHHPHHPHHHHP
6596,HPHPHHHHPHPPPHP
6597,PPHPHPHPPPHHPPP
6598,PPPHPPPPHHPPHPH
6599,HPHHPPHHPHPPPPP
6600,PPHHHHHPHHPHHPP
6601,PHHHPPHPPHHPHHP
6602,HHPHHHHPHPPHHHH
6603,HPPHPHHHPPPHPPP
6604,HHPPHPHPHHHPPPP
6605,HPHPHHPHHPPPPHH
6606,HHPHHPPPHHHPPHP
6607,PHHPHHPPHPPPPPH
6608,HPPPPPHPHPHPHPH
6609,HHHPPPHPPPPHPPP
6610,PPPPPHPHHHHHPPH
6611,PPPHPHHPPPHHHHH
6612,HHHPHPPPHPPPHHH
6613,HPHPPPHHHHHPPPH
6614,HHHPHPHHPPPPHHP
6615,HPPHPPPHHHPPPPH
6616,HPPHPHHPHHPHPPH
6617,PPHPHHHHHPPPPHH
6618,PPPHHHPHPHHHHPP
6619,HHPPPHHPPHPHPHH
6620,PHPHHPPHPHPHHHH
6621,PHPHPPPHPPHPHPP
6622,PHHHPPHPPHPHPHH
6623,HPPHPHPPHHHPPPP
6624,HHHHHPPPHHPPPPH
6625,HPHHHPHHPHHPPHH
6626,PHPHHHHHPHHHPHP
6627,HHHHPHPHHPHHHPP
6628,PHPHHHPPHPPPHHH
6629,HHPHPPPHHPPHHHH
6630,PPHHPHHPHPPHHPH
6631,PHPPPPHHPPPHHPP
6632,HHHPPPHPPPHPHHP
6633,PPHPHHPHHHPPPHP
6634,HPPHHHPPHPHPPHH
6635,PHPHHHHPHPHPHHH
6636,HHPPHPPPHHHPHPH
6637,PPPHHPHPHPHPPHH
6638,PHPPPHPHHHHPPPP
6639,HHPPHPHPHHPHPPP
6640,PHHHPPHPPHHHPPP
6641,PHHHPPHPHPHPHHH
6642,HHPHHHHHHHHPHPH
6643,PPHHHPHPHHPPHHP
6644,PHHHPHPHHHHPHPH
6645,HPPHPHPPHHPPHHH
6646,HHPPPHPHHHHPPPP
6647,PHHPPHPHHHPPHPP
6648,PHHHHHPHHPPHPPP
6649,PHPHHPHPPHPHPHP
6650,PPPHPPHPHHHPPHH
6651,PPPPHPPHHPHHPHH
6652,PHHPPHHPPHPHHHP
6653,HHPHHPHHHHHHPHH
6654,HHHHPHPPPPPHHHP
6655,PPPPHHPHPPHPPPH
6656,HHPPPHPHHHPHHHP
6657,HPPPHPHPHHHHPHP
6658,HHPPHPHHPHHHHHP
6659,HHHHPHHPPHPPPPP
6660,HHPHPHHHPHHHPHH
6661,PHPPPPPPHHPPPHP
6662,PHPPPPPHHPPHHPP
6663,HHPPHHPPHPPHHPH
6664,HPHPHPPPHHPPHPH
6665,PPHPPPPPHPPPHPH
6666,PHHPHPPPHHHHPPP
6667,PHHHPPHPPHHPHPP
6668,PPHPHHPPHPPPPPP
6669,PHHHPHHPHPHPPHH
6670,HPHPPHPPHHPHPPP
6671,HPHHPPHHHPPPHHH
6672,PPPHHPHHHHPHPPH
6673,PPPHPHPHPHPPPHH
6674,PPPHPPHPHHPPPPP
6675,HHPHHHPHHHPHHHH
6676,PHPPHPHPPHPPPPH
6677,PPPPHHPPPPHHPHP
6678,HHPHPPPPPPPPPHH
6679,HPHHPPHPPPPHPPH
6680,HPHHHPHPPPHHPPH
6681,HPPHPHPHHHPPHPP
6682,PHPHPHPHHPPPPPP
6683,PHPPHPHHPHHHHPP
6684,HHHPPHPHPPHHPHH
6685,HPHPHHHHHPPHHPH
6686,PPPPHPPHPHPHHPP
6687,HPPHPPPPPHHPPPH
6688,HPHPPHHHHHPHHHP
6689,PHHPHPHHPPPPHPP
6690,PPPPHPHPPPPHPPP
6691,PPPPPHHPHHPPPHH
6692,PHHPPPHHPPHPPHH
6693,PPHPHPHPPHPPPPH
6694,HHHHHPPHHPHPPHP
6695,PHHHHPPHPPPPHHH
6696,HPPPPHPHPPHHHHH
6697,HHHHPPPPHPPHPHP
6698,HPHHHHHHHPPPHHH
6699,HPHPPHHHPHPPHHP
6700,PPHHHHHPPPHPHPH
6701,PHPPHPHPPPHPPHP
6702,HHHPHHPPPPPHPHH
6703,PHPPHHHHPHHPPHP
6704,PHHPHPHHPHPPPHP
6705,HPPPPPPHPPPPPPH
6706,PHPPHPHPHPPHPPH
6707,HPHPHPPPPHPPPPP
6708,HPHHHPPPPPPHPHH
6709,HPHPPHPPHPHPHPH
6710,HPHPHPPPPPPHHHP
6711,PPPHHHHHPPHPPPP
6712,HPPHPPHPHPHHHHP
6713,HPHHPHHHHHHHPHH
6714,PHHPHHPPHPHPPPH
6715,PHHPPHHPPHPHPPH
6716,HPPPHHPHPHHHPHH
6717,HHHHPPHPHPPPPPP
6718,HHPHHPHPHHPPHHH
6719,HHPHHHHPHHHHHHH
6720,PPPHHHPHHPPHPHP
6721,HHHPHPHHPHHHPPH
6722,PHPPPHPPHHPPHHH
6723,PPPPHPHHHPPPPHH
6724,HHPHHPHHPPPPHHP
6725,HHHPHPHHHPHHHPH
6726,HPHHHPPHHHHHHPP
6727,PHPPHPHPPPHHPHH
6728,PPPHHPHHPHHHHHP
6729,PPPPPHPPPHHPPPH
6730,PPPPHHHPHPHHPPP
6731,PPHHPHPPPHHPPPH
6732,HHHHPHHHHHHPPPP
6733,HPPPPHHHPPPPHHP
6734,HPPHHPPHPPPHPPP
6735,PPPHHPHPHHHPHHH
6736,PPHHHHPHPHPPHHP
6737,PHPHPHPHHHPPPHH
6738,PPHHPHHHPHHPHPH
6739,HPHHHHHHHPPPPHP
6740,HPHHHPHHHHHPHHP
6741,PHHPHHPPHHHHHHP
6742,HHHPPPHHPPHHPHH
6743,HHPPPPHPPPHHHHP
6744,HPHHPPHPHHHPPHP
6745,HHHPPPHPPHHHHPP
6746,HHHHHHPPHHPPHHH
6747,PPHPPHHPPPPHPPH
6748,PPPHPHHPHPPHPHH
6749,HHPPPHHPPHHPHHP
6750,HHHPHHHPHPPPHHH
6751,PPPHPHHHHPHHPHP
6752,PHPPHPPHPPPPPPP
6753,PPHHHHHPHHHPPHH
6754,HPPPHPHHPPPHPHP
6755,PHPPHHHHHPPHPPH
6756,HPPHHPPHHHPPPHH
6757,PHPHPPHHHHPPPPH
6758,HPHHHHPPHHPHHHP
6759,PHPPPHPPPPHHPHP
6760,HPPHPHHHHHHPHHP
6761,HHPHPHHPHPHHHHP
6762,PHPPHPPPHHHPHHH
6763,HHHHHPPPPPHHHHP
6764,PPHHHPHPPHHHPHH
6765,PPPPHPHHPPPPPHH
6766,PPPPPPHPPHHHPPH
6767,PPPHPPHHPPPPHPH
6768,PPHHHPPPHHPPHPP
6769,HHPPHPPPHHHPPHP
6770,PHPHHHPPPHPHPPH
6771,HPPPHPHHPHPPPHH
6772,PPHHHHPPPPHHPPH
6773,HPHHHPPPHHHHHPP
6774,HPHPHHHHPHPPHHH
6775,HHPHHHHPPPPPPHH
6776,HPHPHPHHHPPPHHH
6777,HHPPHPPPPPHPPPH
6778,PHHHPHHPHHPPHHP
6779,HHHHPHPPHPPHPPP
6780,HPPPHHHHPPPHHPP
6781,PHHPHPPPPHPPPPP
6782,PPPPPHPPPPPHHHH
6783,HHPPHPHPHPPPHPP
6784,PHHPHPHPHPHHPHH
6785,HPHHHPPHPHPHHPH
6786,PPHPPPPPHPPHHHP
6787,HHHPHPPHPPPPPHP
6788,HPHPHHHHPPHPHPP
6789,HPPPPHPHPHHPHHP
6790,PPPPPHHHHHHPHHP
6791,HHPPPPHHPHHPPPH
6792,HHHHPHPPPHPPPPP
6793,HHPPPHPHPPPHHPP
6794,PHHPPHHHPHHPHHH
6795,HHHHPHHPHPHPPHP
6796,PPPHPPPHPHPPPPH
6797,PPHPPHPHPHPPHHH
6798,PHHPPHHHHPHHHHH
6799,HHPPHHHPPHPHHHP
6800,PHPPPHPPPPHPPPP
6801,PPPHHPPHHHHPPHP
6802,HHPPHHPHPPHHPHP
6803,PHHPPHHPPHPHPHH
6804,HPPHPPHHHPHHHPP
6805,PPPHHPPHHPHHHPH
6806,HHPPHHHHHHHPPPP
6807,PPPPHPHHPPHHPHH
6808,PHHHHHHPPHPHPHH
6809,HPHPHHHPHHHPPHH
6810,PPPHHHPHPPHHPPH
6811,PPPHHPPPPPHPHPH
6812,PPPPPPHHPHHPHHP
6813,HPPHHHPPHHHPHHH
6814,PPPPPPHPHHPHPHP
6815,HPHHHHPPPHHPHHH
6816,HPPPPHHHPPPPPHP
6817,HPHHPPPHPPPHPPH
6818,HPHPHPPHHPPPPHH
6819,HHHPHHHPHHPPPHH
6820,HPPHHHHHPHPPHHH
6821,HPHHHPHPHHHPHHP
6822,HPPPHHHHPHHPPPP
6823,PHPHHHPPHHPHHHP
6824,HPPPHPHPHHHHHHP
6825,HPHPPPHPPPHPHHH
6826,PPPPHPPHPPPHHPH
6827,PPHHHHHPPHPPPHH
6828,HHHHHHPPHPPPPPH
6829,PHHPHPPHPPHPHHP
6830,PHHHHPPPHHPHHPH
6831,PPPHHHPHHPPHHPH
6832,HPHHPPHPPHHHHHP
6833,HHHPHHHHPPPPHPP
6834,PPPHHPHPHHPHPPH
6835,PPHHPHPHPPHHHHH
6836,PPHPHHHPPPHHHPH
6837,HHHPHHPPPPHPPPP
6838,PHPPHPHPHPPHHPH
6839,PHHHHPPPHHHPPPP
6840,PPPHPHHPHHHPHHH
6841,PPPHPHHPHPHPPPH
6842,PPPPPPPPPPPPPHP
6843,PPPHPPHPHHHHHPH
6844,PHPHHPPPPPPHPPP
6845,HPHHHHHHPPHHHPP
6846,HPHHPHHPHPPHHHP
6847,PPHHHHHPHPPPPPP
6848,PPHPPHPHPHHHPPP
6849,PHPPPPPPHPHHHHH
6850,HPHHPPHPHPPHPHP
6851,PHPHPHPPHHPPHHH
6852,HPHHPHPPPPPHPHH
6853,PPHPHPPPHPHHPPH
6854,PHPHHHHHPHPPHHP
6855,HHPPHPHPHPPHHHP
6856,PHPPPHHPHHHHHPH
6857,HHHHHHHPHPPPPPP
6858,HPHPHPPPHHHHPPH
6859,PHHPHHHPHPHPPPP
6860,HPPHHPHHHPHHHHH
6861,PHPHHHPHHHPHHHP
6862,PHHPHHHPPHHPPHP
6863,PHHPPHPHHPPPPPP
6864,HPPHHPPPPHHHHHP
6865,HHPPPHHHHHPPPPP
6866,HPHHHPPHHPPPHPH
6867,HPPPPPHPPPPPHHP
6868,PHHPPHHHPPHPPPP
6869,PHHPHPHPHPHHPPH
6870,HPHPPHHHHHPPHHH
6871,PHHPPPHPPHHHHHP
6872,HHPHPPPPHHHPPPP
6873,HPHHHHHHHHPHHHP
6874,HHHPPPHHHPHPPPP
6875,HPHPPHPPHPPHPPP
6876,HHPPHHPPHHPHHPH
6877,HHPHHPPPHHHHHHH
6878,HPHPHHPHPHPHHHP
6879,PHHHHHHHPHHPPPH
6880,HPHHPHPPHHHPHHH
6881,PHPPPPHPHPPPPHP
6882,PPHPPHHHHPPPPPP
6883,PHHPHHPHPPPHHPP
6884,HHPHPPHHPHHHHPP
6885,PPPHPPHPHHPHHHP
6886,PPPHHHHHPHPPPPP
6887,PHHPHHPHHHHHHHH
6888,HHHPPPHPPHPHHHP
6889,PPPHHHPPPHPHHHP
6890,HHPPPHHHHPPHHHP
6891,HPHHPHPPHHHPHPH
6892,PHHPHHPPHPHPPHP
6893,PPPPPHHPHHPPHPP
6894,HPPPPPPHHHPPHHH
6895,PHHPHPPPPHHPPPH
6896,HHPHHHHHHHHHHHP
6897,HHHHPPHHHHPPHPP
6898,HPPPHPHHPPPPPHH
6899,PPHPPHPHHHHPHHP
6900,HPPPPHHHHPPHPHP
6901,HHPPHPPHPPHHHPP
6902,PPPHHHPHHHPHPHP
6903,PPHPHPPHPHPPPHP
6904,HHPPHHHHHPHHPPP
6905,HPHPPPPPHHPHHPP
6906,HHHHHHHHPPPPPPP
6907,HHHPPHPHHPPHHPH
6908,HPPPPPPHPPPHPPP
6909,PPHPPPHHHPHPPHH
6910,PPHPPHPHHPPPHHP
6911,PPHPPHHHPPPPPHH
6912,PHHPPHHHPPPPHPP
6913,PHPHHPHHHHPHPPP
6914,PHHPPHHHPHHHPHH
6915,PHHPHPHPHPPHHPP
6916,PHHHHHPPHPHHPPH
6917,PPPHPHHPHPHPHPP
6918,HHHPPPHPHHHPHHH
6919,HHPPHHHPPPPHPHH
6920,PPHPPPPHPHPPHHH
6921,HHHHHPHPHHPHPPP
6922,HHPHHPHHPPPPPHP
6923,HPHHHHPPHHPHHPH
6924,PPHHPHPPPHPPHHH
6925,HPPHPPPHHPPPPPP
6926,PPHHPHHPHPPPPPP
6927,HPPHHHPHPHHPHHP
6928,PPPHPPPPPHPHHHP
6929,PPHPPPPPPHHHPHP
6930,PHHPHHPPHPPHPHP
6931,HPPPPHHPPPHPHHH
6932,PHHHHHHPHHPPHPP
6933,HPHPPPHPHHHHHPP
6934,PPHPHPHHPHHHHPH
6935,PHPPHPPPPHPHPPH
6936,HHHPHPHHPPPPPHH
6937,PHPPHPHPHHHPPHH
6938,HHHHPHPPPPHPHPP
6939,PPPHHPPHHHPPHHH
6940,HPHHHPPPHPHHPPP
6941,PHHPHHHPHHHHHHP
6942,HHPPHHHPHHHHPPP
6943,PHPPHHPPHHPPHPP
6944,HHHPPPPPHPHHHPH
6945,PPPPHHPPPPPPHPP
6946,PHHHPHPHPPPPPPP
6947,PHHPHPPHPHPHHPP
6948,HPPHHHPHHPHHHHH
6949,HHPPPPPPHHPHHHH
6950,PPHPHPHHHHHPHPH
6951,PPHHPPPHHPPHHPH
6952,PHPPPHPPPHPPHPP
6953,HHHPHPHHHHPPPHH
6954,HHPPHHHPHPHPPPH
6955,PHPHPPHPPPHHHHH
6956,PPHPHPHPHPPPHPP
6957,HHHPPPPPHPPPHHH
6958,HPHHPHPPHPPHPPP
6959,HPHPHHHPPHPHHHP
6960,PHPHPPPPPHPPHHP
6961,HPHPPHHPPPPPPHH
6962,HHPPHHPPHHHPPHH
6963,HHHPPPPHHHHPHHH
6964,HHHPHHPPHPHPPHH
6965,PPPHHPPPPPHHPPP
6966,HHHHHPHHPHHHPHH
6967,HHHHPPHPHPHPPPP
6968,PHPHPPHPHPHPPHH
6969,HHPHPPPPHHHPPHP
6970,PPPPHPHHHHPPHHP
6971,PPPHHHPPPPPPHPP
6972,HHPHHHHPPHHPHPP
6973,PPPHPHPHPHHPPPH
6974,PHHPPHPHHPHPHHP
6975,PHHHPPHHPPPPPHP
6976,HHHHHHPPPHPPPHP
6977,PPPPPHHHHPPHHPH
6978,PHHHPPHPHPHPPHP
6979,HHHPHPHPHPHPHHH
6980,PPPPPHPHHHHHHHP
6981,PHHHHHPHPPPHHHH
6982,PPPPPHHPHPHPHHH
6983,PHPHHHPHPPHHPPP
6984,HHHHHPPHPHHPHHP
6985,PHPHPHPPHHPPHPH
6986,HHHPHHHHPHPHPHH
6987,HHPPPHHHPHPPHPH
6988,PPHHHHPPPPHPHPH
6989,HPPHHPHHHHPPPPH
6990,PHHPHHHHPHPPPHH
6991,HHPPHPHPPPPHPPH
6992,HPHHPPPPPHPHHHP
6993,PPHHPHHHHHPHPHP
6994,PPPHHHHHHHPHPHP
6995,PPHHPPPPPPPPPHH
6996,PPHHHHPPHPPPHPH
6997,HPPHHPPPPHPHHPH
6998,HPHHHPHHHPPPPHP
6999,HHPHHHHHHHPPHPP
7000,PHHPPHPPPHHHHPH
7001,PPPHHHPPPHHHPPH
7002,PPPPHPHPHPPHHPH
7003,PPPPHHHPHPHHHPP
7004,PHPHPHPPPPHPHHH
7005,HHPHPPPHHHPPPHP
7006,HHHPHPHHPHPPHHP
7007,PPPPPPPHPHPPPPP
7008,PHHHHHHPHPHPHHH
7009,PHHPHHHPHHHPPPH
7010,HPPPPHHHHPPHPPP
7011,PHHPHHHHHHHPPHH
7012,PPPHPHHPPHHHPPH
7013,PPPHHPPHPPHPPPP
7014,PHPPHPHHHHHHHHP
7015,PHPPHPPHHPHPPHH
7016,HPPPHHHHPHHPHHH
7017,HPPHHPHPPPHPPHP
7018,PHHPHHHHHHHHHHP
7019,PHPPHPPHPPHPHPH
7020,PPHPHPPHPPHHHHP
7021,PPHPHPHPHHPPPHP
7022,PHHHHHPPHHHPHPH
7023,PHPHHHPPPHPPHHP
7024,HPHHPPHPPHPPHPP
7025,HPHHHPPHHHPHPPH
7026,PHHHPPHPHHPPPHP
7027,PHHPHHPHHPHPHPH
7028,PHHPHHPHHHPPPHP
7029,PHHPPHHPPPPHHPH
7030,PHHPHHPPPPPPHPP
7031,HPHPPPHPHHPPPHH
7032,PHHPHHPPHPHHPHP
7033,HPHHPPPHPHHPHHH
7034,HHPPHPHPPPPPPPP
7035,PPHHPHHHPPPHPPP
7036,HHHHPHHHHHPPHHP
7037,HHPPHHPPPHHHHPH
7038,HHPHPHPHPHPPHPH
7039,PPPPHHPPHPPHHPH
7040,PPPHPHHHPHPPHPP
7041,PPHHPHHHPHHHPPP
7042,PHPHHHHPHHHHPHP
7043,HPPPPPHHPHHPHPH
7044,HPPHHHPPHHPHPPH
7045,PHPPHPHHHHHPPHH
7046,HPHHHPPHHPHHPHP
7047,HHHHPPPPHHPPPPP
7048,HHHPHPHPHPPHPHP
7049,HPHPHHPHHHPPHPH
7050,HHPPPHHPHHHHHPH
7051,PPHPPPHHPHHHHHP
7052,PPPPPHPHPHPHPPH
7053,PPPPHPPPHHHHHPH
7054,PPHHPPPHPHPPHPP
7055,HPPPHPPPPPPHHPH
7056,HHHPPHPHPHHPPHP
7057,HHHPHPPHPHHPPHP
7058,PHHHPHHPHHPPPHH
7059,HHHHHPPHHHPPPPP
7060,HHPPHPHHHPPHHPP
7061,PHHPHHHHPHHPPPH
7062,PHHHHHPPPPHHPPH
7063,PHHPPHPPPHHHPPP
7064,HPHHPPPHPPHPPHH
7065,PPPPHPPPPHPPHHP
7066,PPHPHPHHPPPPHHP
7067,PHPPHHHHPHPPPHH
7068,HPPHPHHPPPHHPPP
7069,HPPHPPHHPHPHPHH
7070,PPHPPPHHPPHHHPH
7071,PHPHHPPHHPPPHPH
7072,PPPPHHPHHHHPHHH
7073,HHHPPPPPPPPHPPH
7074,PHHHHPHHPPPHHHP
7075,PHHPPHHHHPHPPPH
7076,PHHPPHHPPPPHPHH
7077,PHHPPHHHPHPHPPH
7078,PPHHPHHHPPPHPHP
7079,PPPHPHPPPHHPPPP
7080,HHHPPPPPHHPHPPH
7081,HPPPHPHHHPHHHPH
7082,PHPPHPHHHPHPHHH
7083,PPHHPPHHHHHPHPH
7084,PHPHPHPPHHPPHHP
7085,HHHHHHHPPHHPHPH
7086,PPPHHHPHPHPHPHP
7087,PPPPPHHPHPHPPPH
7088,PHHPHPHPPHPHHHP
7089,HHPHHHPHHPPPPPH
7090,HHPPPPHHHHHHPPP
7091,PPHHHHPHPHHPHHP
7092,HPHPHHHPPPPHHPH
7093,HPHHHHHHPHHPPPH
7094,HPHPPHPPHHPPHHP
7095,PHPHHHPHPPPHPPH
7096,HHHHHPHHPPHPPPH
7097,PPPPPHHHHHPHHHP
7098,HPPHPHHHPHPPHPP
7099,HPPHPHHPHHHHHPP
7100,PPHPPPPHPPHPPHH
7101,PHPHHHHHHHHHPHH
7102,HHPPHHHHHPHHHPH
7103,PHPHHPPHHHHHPPP
7104,HPHHPHPPHHHHPPP
7105,HPHPPPPPHHHPPPP
7106,HHPPHPPHPPHHHHP
7107,PPPHHHPHPHHPPHP
7108,HPPHHPHPHHHHPHP
7109,HPHPHHPHPHHHPPH
7110,HHHPPPPPPPHHPHH
7111,PHPHHPHHHPPPPPP
7112,PPPPPPHPHPPHHHP
7113,PPPHHPHPPPHPPPH
7114,PPPPHHPHPHPHHPP
7115,HHPPPHHPPHPPHPP
7116,PPPHPHPPPPPHPHH
7117,HHPPPHHPHHHHPHH
7118,HHPPPHHPPHPHHHH
7119,HPHHHHPPPHPPHPP
7120,PPHHHHHPHPPPHHP
7121,HPHHPHPHPHPHPPH
7122,HPHHPPHPHPHPPHP
7123,HHPHHPHHPPHHPPH
7124,HHHPPHPHHPHHHPH
7125,PHHPHPPPHHHHPHH
7126,PPHHHPPPPHHPPPH
7127,HPPPPHPPPPHPPPP
7128,HHHHHPPPPHPPPHH
7129,PPPPHHHHPHHPHHH
7130,PHHPPPHPPPPHHPP
7131,HPPHHPHPHPPHPHP
7132,HHHPPHHHPPPPPHH
7133,HHPHHPHHHHHPHHH
7134,HPPPPHHPHPPPHPP
7135,HPHHHHPHHHHHHPP
7136,HPPHPHHHHHPHPHP
7137,PHPHPPPPPHPPPHH
7138,HPHHPHHHHHPPHHP
7139,HPPPPPPPPPHHPHH
7140,PPPHHPPPHPHPHPH
7141,PPHHHHHPPHHHHPP
7142,PPPHHPHPHPPHHPP
7143,HHHHHHHPPPHPPPP
7144,HHPPHHHPHHPPHHP
7145,HHHPPPPHPHPPHHH
7146,PHHHHPPHPPPHPHP
7147,PPPPHHPPHHPPPPH
7148,HPPPHHHHPHPHPPP
7149,PPPPPHPHHPPPHHH
7150,PPPPHPPPPPPHHHH
7151,PPHHHPHPPHHPHPH
7152,PPPPHPHHPPHHHHP
7153,HHPHPPHPHHHHHPH
7154,HPHHPPHPHPHPPPP
7155,HPHPHPHHHHPPHHH
7156,HHPPPPPHHHHHPPP
7157,HHHPHHHPHPHPPPH
7158,PPHHPHPHHPHPPHP
7159,HPPPHHHPHPPPHHH
7160,PHHPHHPPPPPHPHH
7161,HHPHHPPHHPPPPHP
7162,PPPHPHPPHPPPHHP
7163,PPPHHHPPPPHHHHP
7164,PHPPPPPPPPHPPHP
7165,HPHPPHPHHHHPHPH
7166,PHHPHPHPPHHHHHP
7167,HHHPHPPHHPHPPHH
7168,PPPPHHPPHPPHPHH
7169,PPPHPHHHPHHPHPP
7170,PPPPPHHHHPHPPHH
7171,HPPPPHPHPPPHHHH
7172,HPPHPHHHPPPHHPP
7173,HPHPPPHHPPHHHPH
7174,PHHPPHPHHPHPPHP
7175,PHPPHHHPHHHHHPP
7176,PPHHHPHHPHHHPHH
7177,HHPHPHPHPPPPHPH
7178,PPPHHHPPPPPPHPH
7179,PPHPPPPHHHHPPHP
7180,PHPHHPHPPHPHPHH
7181,HPPPHHHHPHPPPPP
7182,HHPHPHHHPPHHHHH
7183,PHHPHHPHHHHPHHP
7184,HPPHPHPHPPPPHHH
7185,HHPHPPPPPPPHPPH
7186,HHPHHHPHHHHHPHP
7187,HPPHHPPPHHPPHPP
7188,HPHPHHPPPHHPHHP
7189,PPPPHHPHPHPPHPP
7190,HPPPPPPHPPHHHHP
7191,PHHPPHPPHPPHPHH
7192,HPPPPHPHPHPPPHH
7193,HHPHHPHPHHHHHHH
7194,HHPPHPHHHPPPPHH
7195,HPPHHPHHHPHHPPH
7196,PPHHPHHHPPHPHPP
7197,HPHHPPHPHHPHHPP
7198,PPPPHPPPHPPHPHP
7199,HHPPPPPHPHHHPPH
7200,PPPHPHPPPPHPHHP
7201,PPHPPPPHHPHPHHH
7202,PHPPPPHPPHPHPPP
7203,HPPPPPHHPHPPPPP
7204,HHHPPPPHHHPPHPP
7205,PHPHHHPHHPPHPHP
7206,PPHHPHPHHHPHHHP
7207,PHPHPHHHHPHPPPP
7208,HHHHPPHPPPPHHPP
7209,HPPPPHPHPHHPPHP
7210,PPHPHHPPPPPHPPP
7211,PHHHPHHPPHPPHPH
7212,PPHHPHPPHPPPHHP
7213,PHPPHHHPHHHHHHP
7214,HHPPHPPPPHHPHPP
7215,PPPHPPHHHPPPHPH
7216,PPPPHHPHPPPHHHP
7217,PPPPHPHPPPHPHPH
7218,HPHHPPHHHPPPHPP
7219,HHHPPPHHPHPPHHP
7220,HPHPHHPPHHHHPPP
7221,HHHPPPPPHPPPHPP
7222,PPPPPPPHHPPHPHP
7223,HPHHHPHPHPHPHPH
7224,HPHHPPPPHHHHPPP
7225,HPHPHHPHPPHPPHH
7226,PPPHHPHHPHPPPPP
7227,PPPHHPHPHPPPPPH
7228,HPHPHPHHHPPHHPP
7229,PPPPHPPPHHPPHPH
7230,HPPPHHHHPPHPPHH
7231,PHHHPPHHPPPHPHH
7232,HHPPPHHPPPHHPHH
7233,PHHHHPPHHHHHHHP
7234,HPHPPPHHHPHPHPH
7235,HHHPPHHHHPPPPPP
7236,PHPHHHPHPPPHPPP
7237,PHHPHHPPHHPPPHP
7238,PPPPHPHPPHPHPPP
7239,HHPHPHPPPPPPHHP
7240,PPHPHPHHPPHPPHH
7241,HHHHHPPPHHPPPHH
7242,HHPPHHHHHPPPHHP
7243,PHPHHHHHPHHHPPP
7244,PHHHHPPHPPHPHPH
7245,PHHHHPHPHPPPHHP
7246,PPPPHPPHHPPHHPP
7247,HHPPPPPPPPHPHPH
7248,HHPPPPHHPPPHHPH
7249,HPHHPPPPPHHHHHP
7250,PHPHHHPHHHPPHHP
7251,HPHHHPHHPPPHPPP
7252,PHPPPPHPPHPPPPP
7253,HPPPHHPPPPPHHPH
7254,HHPHHHPHHHHPHHH
7255,HPHHHPPHHHHPPHH
7256,PPPPHHPPHPPHPHP
7257,PPPHPHPPPHPHHPH
7258,HPHHPPHPPPPHHPH
7259,PPPPHPPHPPPPPHP
7260,HPPHPHPPHPHPHPH
7261,HHHHPPPHHPHHHHH
7262,PPHHPHPPPPPHPHH
7263,PHHHHHHPPPHHHPH
7264,HPPPHPPPPHPPHHH
7265,HHHPHPHHHPPPPPP
7266,PPHPHPHHHPHHPHH
7267,PPHHHHPHPHPHHHH
7268,HHPHHHPHHHHPPHH
7269,PPPPHPHPPPHPPPP
7270,HPPHPPHPHPHPHHH
7271,HPHPHPHPHHHHPHH
7272,HPHHPPPHHHHPPHH
7273,HHHPHPPHHHHPPPP
7274,HPPPHHHPPHPHPHH
7275,PHHHHPHPPHPPHPP
7276,HHPHPPPPPPHPHHH
7277,HHHPHPPHHPHHHHP
7278,PPHPPPHHPPPPHHP
7279,PPHPHHPHPPPHPPP
7280,PHHPPHPPPHPPPHP
7281,HPPHPHPPPPHPHHH
7282,HPHPPPPPPPHHPHH
7283,PHHPPHHPHPHHPHH
7284,HPHPHHPPPPHPHPP
7285,HHPPHPPHHHPHPPP
7286,PPPPHHPHHPHPHHP
7287,PPHHPHPHHPPHHHH
7288,PHPHPPHHPHHHPPP
7289,PPPPHHHPPHHHPPH
7290,PHPPPHPHPPPPHHP
7291,PPPHHHPPHPHHPHH
7292,PPHHHHHPPPPPHHH
7293,PHPHPHHHPPPPHHH
7294,PHPHHPPPHHHPHHP
7295,HPPHPPHPHHHHHHH
7296,HPPPHPPHHHHPHPH
7297,HHPHPPPPHPHPHPH
7298,HPPHPHHPPPHPHPP
7299,PHHPPHPPHPHHHHH
7300,PHHPPHHPPPHPPHH
7301,PHHHPHPHHPPHHPP
7302,HPPPPHPPHPHHPPH
7303,PPPHHHPPHPPHPPP
7304,PHPPPHHPPPHPHPP
7305,PPPPPHHPPHPPHPP
7306,PPPHPPHHHPPPPHH
7307,PHPPHPHHPPPPPHH
7308,HHPPPPPHPHPHHPH
7309,PHHHHHPPPPPHPHH
7310,HPPHHPPHHPPPPHP
7311,PHHPHPPPPPPHHPH
7312,HPPPHHHPHPHHPPP
7313,PHHHHHPPPPHHPHH
7314,PPPHPHHPHPHHHPP
7315,HPHHHPHHHPPHHPH
7316,PPHPPPPHHPPHPHP
7317,HPPHPHHHHPHPPPH
7318,HHHHPHPPHPHHPHP
7319,PPPPPPPPHHHHHPH
7320,PPPPPHHPPHHPPPP
7321,HPHPPPPHHHHHHPP
7322,HPHHPPPHPPPHHPH
7323,PHHHHHHHPHHHHHH
7324,HPHPPHHPPHPHHPH
7325,PPHPHHPHHHPPPPP
7326,HPHHPPPPHHPHHHH
7327,HHHHHPHHPHHHPPP
7328,PPPHHHPHPPPHPPP
7329,PPPHPHHHHPPHHHP
7330,PPHHHPPPPPHPHHP
7331,HPPHPPHHHPHPHPP
7332,PHHHPPPHPHPPHPH
7333,HHHHPPPPPPPHHPH
7334,PHHHHHPPHHPPPPH
7335,PHPHPHPHHHHHPHP
7336,PPHHPHPPHHHHHHP
7337,PPHHHHHHPHHPPHH
7338,HHHHPPHPPHPHPHH
7339,HPHPHHPHPHPPHPH
7340,HHPPPPHHHHPHPHP
7341,PPHPHHHHHPPHHHP
7342,HPHPPHPPPPPPPPP
7343,PPHPPPHPPPPHPPP
7344,PHPHPHHHPHPPPHP
7345,PHPHHPPPPPPPPPH
7346,PPHHHPPHPPPHHPP
7347,PHHPHPHHHPHPPHH
7348,PHPPHPHPPPPPPPH
7349,HPPHPPHHHHPHPPP
7350,HHHHHHHHPHHPPPH
7351,PHPPHHPHHHPPPPH
7352,PHPHHHPPPPPHPHH
7353,HPPPHPHPHPHPHPP
7354,PPHPHPHHHPPHPHH
7355,HPPPPHPHHHPPHHH
7356,HHHPHPHPPPPHHHH
7357,HHPPHPHHPPHHPHP
7358,HPPHPPPPPHPHHPH
7359,PHHPHPPPHHHHHHH
7360,HPPPHHPHPHPHHHH
7361,HPHHHHPPPPPPPPH
7362,PHHPPHPPPPPHPPP
7363,PPPHPHHHHPHHHHP
7364,PPPHHHPHHPHPPHH
7365,PPPHHPPHHPPHPPP
7366,PHPPHPPHPHHPPHH
7367,HPPPHPPHHPPPPPP
7368,HPHHHHHPHPHHHHP
7369,PPPPHHHPHHPHPPH
7370,HHHPHHHHPPPHPHP
7371,HPPPPPPHPHPPPPP
7372,HHPPPPPPHPPHPPP
7373,PHHPHPPHPHPPHPP
7374,PHHPHHPHHHPPHHH
7375,HPPPHHPPHPPPPHH
7376,PPHHPHHPHHHHPPH
7377,PPPPHPPPPPPPPPP
7378,PHHPPHPPHPPHPPP
7379,PPHHHPHHHHPPHPH
7380,PHHPPPHHPHPHPHH
7381,PHHPPPHPHHPPHHH
7382,PHHPPHHHPHPHPHP
7383,HPHHPHHPPHHPPPH
7384,HPPHPPPHHHPPPHP
7385,HHPHHPPHHHHHHPH
7386,PPPHPPHHPPHPPPH
7387,PPPHHPPHPHPPHHP
7388,HHHPPPHHHHHPPHP
7389,PPHHHPPHHHHHHHP
7390,PHPPPPHHHHHHHPP
7391,HPHHPPHPHPHHPPH
7392,PHPHPHHPPHHPPHH
7393,PHPPPPHPHHPPHHP
7394,PPPPHHHPPPHHHPP
7395,PHHHHHHHPPHHHPP
7396,HPPHPPPHHHHPPPP
7397,HPHHPHPHPHHHPHH
7398,HPHPPPPPHHHPPHP
7399,PHPHPHHPPHPHHPH
7400,HHPHHPPPPPPHHPH
7401,HHPPPHHHHPHPHHP
7402,PPPPHHHHPHPHPPH
7403,HHPHHPPHHPHPHPP
7404,PPPPPPPPPHPPHPH
7405,PPHHHHPPHPHHHHP
7406,HPPPHPHHPPPHHHP
7407,HPPHHPHPPPPHPHH
7408,HPHPHPHHHHPPPHH
7409,HHHHPHPPHPHHHHP
7410,PHPHHHPPHHPPHPP
7411,HPHHHHHPPPHHHPP
7412,PHPPPPPPHHPHPHH
7413,HPHPPHHHHPHHHPP
7414,HHPPHPPPHHPPPHH
7415,PPPPPHHPHPHPHPH
7416,HHPHHHPHPPPHPPH
7417,HPPHPPHHPPPHHHP
7418,PPPHPHPHPHHHPPH
7419,HPPHHHPPHPPHHPP
7420,HPHHPHPHPHHHHHH
7421,PHHPPHHPPPPPHPP
7422,PHHPHHHPHHPHPHH
7423,HPHPPPHHPHHHPPH
7424,HPHHPPHPPPHHPHH
7425,PHHHPPPPHPPPHHH
7426,PPPHHHPPHPPPPHH
7427,PPPPPHPPPHPHHPP
7428,HHHPHHPHPHPPPPH
7429,PHHPHPHPPHPPHPP
7430,HPPPHHPHPPHPHPP
7431,HHPPHPHPPHPHHPH
7432,PHPHHHPPHHPHPPH
7433,PPHHHPPPHPPHHPP
7434,HHPPPPPHHPHPHHP
7435,HPPHPPPPPPHPPPH
7436,PPPPPHHHPPHHHHH
7437,HHPPHPHPPPPHPHP
7438,PPPHHPHPHHHHHHH
7439,PPPPHPPPHHHPPPP
7440,HPPPHHHHPHHHPHP
7441,PPPPHPPHPPHHPPH
7442,PHPPPPPHPPPHHPP
7443,HHHPHHPHPHPPHHP
7444,PHHPHHPHPHHHPHH
7445,HHHPHHPHPHPPPPP
7446,PHPPPHPPHPPPHHP
7447,PHPPHPPHHPPHPHH
7448,HHHHPPPPPHPHPPH
7449,PHPPHPPPPPHHHPH
7450,PHHHHPPHPPPHHPP
7451,HPPPPHHHHPPPHPP
7452,PHHPHPHHHPPHHHH
7453,HPHPHPHHHPPHHHP
7454,HHHPPPHHHPPHHPP
7455,PPHHPHPHPPPPHPH
7456,PPPPHHPHPHPHPPH
7457,HPPPHHPPHPPPHPP
7458,PPPHPPPHPHPHPPP
7459,HHHPPHPPHHPHPPP
7460,HPPPHHHHHPPPHPH
7461,PPPHHHHPHPPPPPH
7462,PHHHPHHPPHPPPHH
7463,HPHPHPPHHPHHHPH
7464,PHHHPHHPPHHHHPH
7465,PPHPPPHPPHHPPPH
7466,PPPHPHPHHHHHHPH
7467,HHPHHPPPPPHHPPP
7468,PHHHPHHHHHPPPPH
7469,HPPPPPPHPPPHHPH
7470,PHPHPPPPHPHHHHH
7471,PHHHHPHHPPPPHHH
7472,HPHPHPPPHHPPPHP
7473,PHHPHPHPPHHPHHP
7474,PPPPHPPPPHHPHPP
7475,PPHHHHPHPHPHPPP
7476,HPPPHPPPPHPHHHH
7477,PHHPPHHHHPHHHPP
7478,HPPPHHHPPPPPPPP
7479,PPHHHHPHHHPPPPP
7480,PHHPPPPHHPHPHPH
7481,HPHHHPPHHPPHPHH
7482,PHPHPPHPPHPHHHH
7483,HHHPPHPHPPHHPPH
7484,PPHHHHHHPHHHPHP
7485,HPHHHHHHHHHHPPP
7486,PPPHPHHPHHPPPHH
7487,HHHHHPHPHHHHPHH
7488,HHHHHHPHPPHPPHP
7489,PHPHHPPPPHHPHHH
7490,HHHHHHHHPPHPPHH
7491,HHPHHHHPPHHPPHP
7492,PHHPHPPHPHHHHHH
7493,PPHHPPHPHPPHPHH
7494,PHHPHPHHPPPHPHP
7495,HPHPHPHPPHPHPPP
7496,HHHHPPPHHPHHPPP
7497,HHHPHPPHHPHHHPH
7498,HPPPHHPHHPHHHPH
7499,HHHHPPPHPHHHHPP
7500,HPPHHHHHHHPHHPP
7501,PPHHPHHPHPPPHHP
7502,PPHPHPHHHHPHHHP
7503,PPPPHPHHPPPHPHP
7504,HPHPHHHPPPHHHPH
7505,HPHHPPHPPPPPPPP
7506,HHPHPPHHPHPHPPH
7507,HPPPHPHHHHHHPHH
7508,PHHHHHHHHPPPPPP
7509,PHHPHHPPPHPHHHH
7510,PPPHHHHHHPPHPPP
7511,PHPPHHHPPHPPPHH
7512,HPPPPPPPHHPPPPH
7513,HHPHHHPPHHPHHPH
7514,HPPPPHPHPPHHPHP
7515,HHPHHHPPHHPPHPP
7516,HPPHPHHHHHHHPHP
7517,PHHHPPHPPPHHHPH
7518,PHPHPHPPPPPHHPH
7519,HPPPPPHPPHPPHPH
7520,PHPHHPHHPHPPHPH
7521,PHPPHPHPHPHPHHP
7522,PHPPHHPHHPPPPPP
7523,HPPHHPHPPHHPPHH
7524,HHHHPPHPHPPHHHH
7525,HPHPHHPHHPPPHHH
7526,PHPPPPHPHHPHPPH
7527,PPPPHHPPPHPPPPH
7528,PHPPPHHHPPPPHHH
7529,PPHPPPHHPHPHPPH
7530,PHPPHHPHPHHHHHP
7531,PPHPHHHHHPHHHHP
7532,PHHHPPHPHPHPHPP
7533,PPPPHPHPPPPPHPH
7534,HPPPPHHPHPHPPPH
7535,HHHPHPHHHPPPHHP
7536,PHPHPPHHPPHPPPP
7537,HPHHHPPHPHPHHHP
7538,HPPHHPHHPPPPHPP
7539,PHHPHPHHPHPPHPH
7540,HPPHPHPPHHPHPPP
7541,HHHPHHHPHHHPPPH
7542,PHPPHHPPHHHPPHP
7543,PHHPPHPPPPHPHPH
7544,PHPPPHPPHPHHPHP
7545,HPPHHPHPHHPHPHH
7546,PHPHHHHHHHHPPPH
7547,HHPPHPHPPPPPHPP
7548,PHPPPPPHHHPHPHP
7549,HPPHHPPPHPPPPPP
7550,PPHPHPPHHHHPHPH
7551,PHPHHHHPHPPHPPP
7552,HPPHPPPHPPHHHHP
7553,HPPPHHHHHHHHPPH
7554,PPPPHHPPHHPHHPP
7555,PHHHPHPPHHHHHHP
7556,PPHHHPPPHPHPHHP
7557,HPHPPHHPPHHHHHH
7558,PPPPPHHPPPHHHHP
7559,PPHHHHHPPHPPHHH
7560,PHHPHHHPPHHHPHH
7561,HHPPPPHHHHPHPPP
7562,PHHPPPHPHHHPHPP
7563,PHHHHPPPPHHPPHP
7564,HPPHHPHHPHHPPPH
7565,HPHHHPPPPHPHPPP
7566,PHPHHPHHPHPHPHH
7567,PHHHHHHPHHPPPHH
7568,HPHPPPHPHPPPHPP
7569,HPHHPHPPPHPHPPP
7570,HHHHPHHHHPPPHHP
7571,PPPHHHHHPPHHHHH
7572,PPPPHHPPPHHHPPH
7573,PHPHPPHHPPHPPHH
7574,HHHHPHHPPHPHHPH
7575,PPPHHHPPHPPHHPP
7576,HPHPHPPHPPPHHPP
7577,PHPHHPHHHPPPHPP
7578,PPPHPPPPPHHPPPP
7579,HPHHPHPPHPHPHPH
7580,PHHPPHHHHHPHPHH
7581,PPPPHPPHPPPPHHP
7582,PPHHPHPHPHPPHHH
7583,HPHPPPHHPPPHHHH
7584,HPHHPHPPHHPPHHH
7585,PHHPHHPPPPPPPHH
7586,PPHPHHPPHHHHPPP
7587,PPPHHPHPHHPPHPH
7588,HPPHPHPHPHHHPHH
7589,HHHHPPPPPHPHHPP
7590,PHPHHHHPHHPHPPP
7591,PHPPHPHHHPHHPPP
7592,HHHHHHHHPHPHHHP
7593,HPHHHPPHPPHHPHH
7594,PHHHHPPPHHPPHHH
7595,HHPHPPHHHPPHPPH
7596,HPPPHPHHHPPPHHP
7597,HHPHPHPHPPPPPHH
7598,PPHPPHHPPPPPPHP
7599,PHPHHPPHHHPPHHH
7600,PHPHPPPPHPPPPPH
7601,PHHHHHHHPHPHHHH
7602,HHHHHPPHPHPHHHP
7603,PPHPHPHHPHHPPHP
7604,HPHPPPPPPHPHPPH
7605,HHHHPHPHHHPPPHP
7606,HHPHPHPPHHHPPPH
7607,HHHHHPHHPHPHHPP
7608,HPHHHHPHPHHHPPH
7609,PPHPHPHPPPHPHPP
7610,HPPPHHHPPHPHPPH
7611,PHPPHPPPHHHHHHP
7612,PHPPPPHHPPHHPHP
7613,PHPPHPHHPHPHHPP
7614,PPHPHHPPPPPHHHH
7615,HHHHHPPHHPHPHHP
7616,PHHHPPPPPHPHHPH
7617,PHHPPPPPPPHHPHH
7618,HPPPPHHHPHPHHPP
7619,HHHPPPPPPPPHHHH
7620,PPHHPHHPPHHPHHP
7621,HHPHHPPPHPHPHHH
7622,HHPHHHPHPPHHPPH
7623,PPHPPPPHHPHPPHP
7624,PPHHHPPHHPHHHPP
7625,HPPHPPHPHHPHPPP
7626,PPHHHPHPPPHPHHH
7627,PHPHHPHHHHPHHPP
7628,PPPHHHPHHPPHPPH
7629,HHHPPPPHPPPPPHH
7630,PHHPHHHHPPHPPPP
7631,HPHPPHPHPHHHPPH
7632,PPPPPPPHPHPPPHH
7633,HPPHPHPHHHHHHPP
7634,HHPPHPPPPHPPPHH
7635,HHHHPPPHPHPPHHP
7636,PPHHHHHHPHHHPPH
7637,PPHPHHPPPPHHPPH
7638,PHPHPHHPPPPHHPP
7639,PHPPHPPPPHPPHPH
7640,PPPHHPPPHPPHPHP
7641,PHHHPHPPHPPPPHP
7642,PHPHHPPPHPPPPHP
7643,HHHHPHHHHHPPPPP
7644,HPPHPPHHPPHPPHH
7645,PPPPHPPPHPHHPPP
7646,PHHPPHHPHPPPHHH
7647,PHPHPPPPPPPHHHH
7648,PHHHHHPPHPHPPHH
7649,HPPHHHPPHHPPHHP
7650,HHHPHPHPHHPPPPP
7651,PHHHPHHHHPPPHPH
7652,PPHPPPPPPPHHPPP
7653,HHPPHHPPHPPHHHH
7654,HPHPPHHPPPHPPHP
7655,PHPHPPPHHHHHHPP
7656,HPPHPHPPPHHPPPH
7657,PPHHPHPHPPHPHPP
7658,HHPHPPHHPHPHHPP
7659,PPPPHHPPHPHPHHP
7660,PPPPHPHHPPHPPHH
7661,HPHPHHHPPHHHPPP
7662,HPHHPPHHPHHPPPP
7663,HHPPPPPHHPPPPPP
7664,HHHPHHPPPPHPPHP
7665,HHHPPPPHHPPHPPP
7666,PPHPHPHPHHPPHPP
7667,HHPHPPPHHHPHHPH
7668,PPPHPHPHPPPHPPH
7669,HPPHPPHPPHPPHPH
7670,HHPHHPHHHPHPHHH
7671,HPHHHPPPPHHPPPP
7672,PHPPHPHHPHPPHHH
7673,HPPPPPPPHHHHPHP
7674,HHHPHHPHHPPHHHH
7675,HPPPPHHPPPHPHPP
7676,PPPPHHHPPHPPHPH
7677,PHPPPPPPPHPPPPH
7678,HPHHPPHHHHHPHHP
7679,PPPHPPPPHPPPPHH
7680,HHPHHHHPPHHHPPP
7681,PHPHPHPPPPPPHPH
7682,PPHPHHHPPPHHHPP
7683,PHPHPHHPPPHHHHP
7684,PPPHPHPPPPHPHHH
7685,PHPPPHPPPPPHPHH
7686,HPPPHPPHPPPPPPH
7687,HHPHHHPHHHPHPPH
7688,HHHHHPPPHHPHPHP
7689,HPHPHPHPHHHPHHP
7690,HPPHPPHHPPPPHHH
7691,PPHHHHPPPHPHHHP
7692,HPPPPHPHHPHHPPH
7693,PPPPHPHPHHPPHHP
7694,PHHHPPHHPHPPPPH
7695,HPHPPPHPHPPHHPH
7696,PHPHPHPPPHHHHPP
7697,HPPPHPHPHPHPPPP
7698,PPHPPHPHHPHPPPP
7699,PPPHHPPHHPHHPHH
7700,PHHPHPPHPPHPHPH
7701,HPPPHHPHHHHHHPH
7702,PHHHPPPPPPPPHPH
7703,PHPPPPPPHHHPHPP
7704,HHPPPHHHHHPPPHH
7705,PPPHHPHPPPHPPPP
7706,PHPHHPPPPHHHHHP
7707,PHPHHHPHHPHPPHP
7708,HHPPPPPPPPPPPPH
7709,HPPHPPHHHPHPPPP
7710,PHHHHPHHPPPPHHP
7711,PHPHPPPPPPHHHPP
7712,HPHHHPPPHPHHHPP
7713,PPHPHPHHPHPPHPP
7714,HHHPPPPPHHPHHPH
7715,PHPHPHPPHPPPPHP
7716,HHHHHHPHPHPHPHH
7717,HPPPPHHHPHHPHPH
7718,PPHPHPHPPPHPPHH
7719,HPPPHPHHPPPPHPP
7720,PPPPHHPHPPHPHHH
7721,HHHPPPHHPPHPHPH
7722,HHHHHPPHPHHPHPP
7723,PPHHHHHPPHPHPHP
7724,HHPPPHPPHPHPPHH
7725,HPPPHHHHHPPHHPH
7726,HHHHPHHHHPHHPPP
7727,PPPHPHPPPHHPHHH
7728,HPHPPHHHHHHPHHP
7729,HHPHPPPPPPPPPPP
7730,HPHPHHHPHHPHPHP
7731,PPHPHHHHPPPPPHH
7732,HPPPPHPPPPHHPHP
7733,HHPPPHPPHHPPHHP
7734,HHHHPPPPPHPPHPH
7735,PHHHPPPHHHHPHPP
7736,HPHPHPPPHPPHPHH
7737,HHHPHPPHHHHPPHH
7738,HHPHHPHPPHHHPHH
7739,HPHHPHPHPHHHPPH
7740,HPPHPHHPPHPPHPH
7741,HHPPPHPHHPPHHPH
7742,HHHPPHPPPPHHHPP
7743,PHHPPPHPPHPHPHH
7744,PPHHHHPPHPHPPHP
7745,PPHPPPHHHHPPHPH
7746,HHPPHPPPHHPHHHH
7747,PPPHPPPPHPPHHHP
7748,HHPPHHHHHPPHHHP
7749,HHPHPHPPHPPHPHH
7750,PPHPHHHPHPHHPHP
7751,HHHHPHHHPHHHPPH
7752,PPPPPPPHPPHHPHP
7753,HPPHPPPHPPPPHPH
7754,HHPPHPHPHPHHHPH
7755,HPHPPHHPPHPHPHH
7756,HHPPPPHPPPHPPHH
7757,HPPHHPHPHHPPPPP
7758,HHPHPPPPPPHPPHP
7759,PPPPPHHHHPPHHHP
7760,HPPPPPPPPPHHHHP
7761,HPPPPPHPHPHPPHH
7762,HPPPPHPHHPPPHPP
7763,HPPHHHHHHHPHPHP
7764,HHPHHHPHPPPPPPH
7765,HPPPPHPPPHPHPHH
7766,HHPHPPHHHPHPPHH
7767,PHHHPHHPPHHHPPH
7768,PPPHPHHPHHPHPHP
7769,PHHPPHHPHHPPPHP
7770,HHHHPPPPPHHPHHH
7771,PPPHPHPHHPPHPPH
7772,PHPHPHHPHHHPPHH
7773,PPHHHHPHPPHHHPH
7774,HPHPPPPPPPHPHPP
7775,PHHHPPHPPHHHHHP
7776,HPPPHPHPHHPPHHH
7777,PHPPPPHPPPPPPPH
7778,PPPHPHHHHPHPPPP
7779,PPPHPHPHPHHPPPP
7780,HPPPPHPHHHPHPPP
7781,PHHPPHPPPPHHHHP
7782,HPHHHHPPHPHPHHP
7783,PHHHHPPPHPHPPHP
7784,HPPHHPHHHPPHPPH
7785,HHHHPHPPPHPPPHP
7786,PPHPHPPHPHHHHHP
7787,HHPHPPHHPPHPPHH
7788,PPPHHPHHPHHPPPP
7789,HPPPHPPPPHHHHPH
7790,HPPHPPHPHPHPPHH
7791,PHPPHPPPPPPHPPP
7792,PPPHPPPPPHPHHHH
7793,HHHPPPPPHHPHPHH
7794,HHHHHPPHHHHHHPH
7795,PPHHPPPPHHHPHPP
7796,PHPHPHPHHHPHHPP
7797,HPPPHHHHHPHHPHP
7798,HPHPPPPHHHHHPPP
7799,PPHHHPPPPHHPPHH
7800,PPPPPPPHHPPPHHH
7801,PHHPHPPPPHHHHPP
7802,HPPPPHHPHPHPHHH
7803,HHPHHPPPHPPHHHP
7804,PHHPPHPPHHHPPHH
7805,PHHHHPPPPPHHHPP
7806,HHHPPPPHHPPHHHP
7807,HPHHHPPPPHHHPPP
7808,HPPHPPHHHHPHHPH
7809,PPPHPPHPHHHPPPH
7810,PPPPHHPPPHPPHHH
7811,HPHHHPPHPHPHPHP
7812,PPPHHHPHPPHPHHP
7813,HHPHHPHHHPPHPPP
7814,PPPHPHPPPHPHPHH
7815,HPHPPPHHHPPHPPH
7816,PPPPHPHPPHPPHPP
7817,PPHPHHHHHHPHHPH
7818,PHPPHHHPPHPHHHP
7819,HHPPHPPHPPPHHHH
7820,PPHHHPHHPPPHHHP
7821,PPHPHPHHPHPHPPH
7822,HHHPPPHHPPPHPPH
7823,PPPHPPHPPHHHPHH
7824,HHHPHHPHPPPHHPP
7825,HPPHHPHPPPPHHPH
7826,HPPHPPPHPPHHPPP
7827,PPPPHHHPPHHPHHH
7828,HHPHHHPHHPHHHPH
7829,HHHPHHPPPPHHPHH
7830,HPPPPPHPPHPHPPH
7831,HPPPPPPPPPPPPHP
7832,PHPPHHHPPPPHHPP
7833,PPHHHHHHPPHHPPP
7834,PHPPHPHHPHHPHHH
7835,PHPHHPPPPHHPPHP
7836,HPPPHPHHPPPHHHH
7837,HPHHHPHPPHHPPHP
7838,HPHPHPHHHPPHPPP
7839,HHHHHHPPHHHPHPH
7840,PPPPHPHPPPPHPHH
7841,PHHHHPPPPPHHHHH
7842,PHPPHPPPPHHHHPP
7843,PPPPPPHHHPHHPHH
7844,PHHPPPPPHHHPPPP
7845,PHHHHHPPHPPPHPP
7846,PHHPPHPHPPPPPHP
7847,PHHHPPHHHHPHPHP
7848,PHHHPPHPHHHHHPP
7849,PPHHHPHHHPPHPPP
7850,PPPHPPPPHPPPPPH
7851,PHHPHPPHHPHHHHH
7852,HHHPPHHHHPPPPPH
7853,HPPPHHHPPPHPHPH
7854,HHHPHHPHPHHHHHH
7855,PPPPHHPPPPHPPPP
7856,HPPPHHPPHHHHHPH
7857,PHHHPHPPHPHHPHP
7858,HHPHPHHPHPPPHPH
7859,HHHHPPPHHHHHPHP
7860,PHPPHHHPPHHPHPH
7861,HPPPHPPHHPHHHPH
7862,PHPPHHPPHHPHHHP
7863,HHPHPPPPHHHHHPP
7864,HHPHPHPHPHPPPHH
7865,HHHHHHPHHPPHHPP
7866,PPPHHHPPPHPHPPH
7867,PPPPHHHPPHHPPHH
7868,HHHPPHPPPHHHPPH
7869,HPHPPHPPPHPPPHH
7870,HHHHPPHHHHHHHHH
7871,HPPHHHHHPPPHHHP
7872,HHPPPPPHPPHHPHP
7873,PPPHPHHPHPHPHPH
7874,HHPHHPPPPHHPHPP
7875,PHPHPPPHHHPHHHP
7876,HPPHPPPPHHHPHPH
7877,HHPPHPPPPPPPPHP
7878,PHHPPHPHHHHPHHP
7879,HHPHHPHHPPHHHPP
7880,PPPHPHPHHHPHHPP
7881,HHPHPPHPPPHPHHH
7882,PPPHHPHHPHPHHPP
7883,PPHHHHPPPHHHPPH
7884,HPPPPPPHPPPHHPP
7885,PHHPHPPPPPPPHHP
7886,PPPHPPHPHPHHPHP
7887,PPHPHPHHHHPHPHH
7888,PPHHPPHPPPPHPHP
7889,PPHHPHPHHHPPHPH
7890,PHPHPHHPPPPHPPP
7891,PHHPPPHHHHPHHHH
7892,PHHPPPHPHPHHPHH
7893,HPHPPHHHHHPHPPP
7894,PHPHHHPPPHHPPHH
7895,HHPHHHHHPHPPPHP
7896,HPHHPHPPPHPPHPP
7897,HHPHHPPHPPHHHHH
7898,HHPHHHPHPPHPPPP
7899,PHHHHPPPPHHHHPH
7900,PHHPPHPHPPPPHHH
7901,PPHHPHHPPPHPPPP
7902,PHPPHHPPPHHHHHP
7903,HPPPPHPPHPHPPPH
7904,HPPPPHPPHHPHHPH
7905,HPPHHHHPPHHHPHH
7906,HHPHPHHHPPHPHHP
7907,PPHHHHPPPPPPHHP
7908,PPHPPHHPPHHPPHP
7909,HPHHPPHHPHPHPPP
7910,HHHHPHHPPPHHHHH
7911,PHPHHHHPHPHHHHH
7912,PHPHPPPHPHHHPHP
7913,PPHHPPPHPPPHPPH
7914,HPPPPPHPPPPPPPH
7915,PPPPHHHPHPPPPHP
7916,HPPPPPPPHPHPHHP
7917,PHPPPPHHHPHPPHH
7918,PHHPHHPHHHHPHPP
7919,PHHHPPPPHHHHPPH
7920,PPHHPHPPHPPHHHH
7921,HHHPHPPHHHHHHPH
7922,HPHHPPHPHPPPHPP
7923,HPPHHHHHPPPPPHH
7924,PHHHPHPHPHPPHPP
7925,HHHPPPPPHPPHHPP
7926,HPHPHPHPPPHHHHP
7927,HPPHPPPPHPHHPHH
7928,PHPHHPPHHHHPHHH
7929,PPHPHHHHHHHPHPH
7930,HPHHHHPPPHHHHPH
7931,PPPPHHHPPPHHHPH
7932,PHPHPPHHHPHHHPP
7933,PHPPHPPPHPHHPPP
7934,PHHPPHPHPPPPPHH
7935,PPPPPHPPHPPPHHH
7936,PHHPPHHHPPHPHHP
7937,PHPPPHPPHPHHPPP
7938,HPPHPPPPHHPPPPP
7939,PHPPPPHPHHPPPHP
7940,PHPPHHPHHPHHHHP
7941,HHHHHHHPPHPHHHH
7942,HPPHPPHHHHPHPPH
7943,PPPHHHHPPPPHPHH
7944,PPPHPPPPHPHHHPP
7945,PPHHHHHPHPHHHHH
7946,HPHPHPHPHPHHPPP
7947,PHHPPPPHPPHPPHH
7948,PHHHPHPHPPHPHHH
7949,PPHHHHHHHPHPPPH
7950,PPPHHHPPPHPHHHH
7951,PPPPPPHHHPPHPHH
7952,PPHHHPHHHHPPPHH
7953,HHHPPPPHHHHHHPP
7954,HHPPHPHHHPPHHPH
7955,PHHPPHHHHHPPHHP
7956,HHPHPHHHHPPHHHH
7957,HPPPHPPPHHHPPPH
7958,PPPHHPPPHHPHPHH
7959,PPPHPPHPHHPPPHH
7960,PPHHHPPHPPHHHHH
7961,HHHHHHPHHPHHPHH
7962,HPHHHHHHHHHPPHP
7963,PPHPHHHPPPHPPPH
7964,HHHPPHHPPHPPPPH
7965,PHPPHHHHHHHHPPP
7966,HHHPHPPPHHPHPPH
7967,HHPHPPHPPPPHHHH
7968,HHPHHHHPHPHPHHP
7969,HPPHHPPPHPPHHHH
7970,HPHPHHHHHHPPPPP
7971,HPPHHPHHHPPHHHH
7972,HPHPPPPHPPHHPHP
7973,HPPPPPHPPHPHPHH
7974,HHHPPPHHHHHHPHP
7975,PPHHPHPPPPHHPHP
7976,HHPHPHPHPPPHPPH
7977,HHHPHPHHPHPPPHH
7978,PHHHHHPPPHHHHHP
7979,PHHHHHHPHHPHHHP
7980,HHPHPHPHHHHPPHH
7981,PHPPHHHPPHHPPHP
7982,PPHPPHHHHHHPPHH
7983,PHHHHHPHHPHPPPH
7984,HPPHPHPPPPPPPHH
7985,HPPHPPHHHHHPPHP
7986,PPPPHPHHHHPHHHH
7987,HPPHPHHPPHPPPHP
7988,HPHPHHHHHHPPHPH
7989,PHPHHHPPPHHHHPP
7990,PHPHPHPPPPHHHHP
7991,PHPHHHPHHHHPHPP
7992,HHHPPHPHPHPPPHP
7993,PPHHHPHPPPHHHHH
7994,HPPPPPPHHPPHHHP
7995,HHHPPPHPPHHHHHP
7996,HHPPHHPHHPHPHHP
7997,HHPPHHHPHPPPPPH
7998,HPPPPHPHHPPHHPH
7999,HPHPHHPPHPHHPHH
8000,HPHPHHHPPHHPPHP
8001,PPHPPPHHPPPPPHH
8002,PPPHPHHHPHPPPPH
8003,PHHHHPPHPHPHHHH
8004,PPHHPHHPHPPHHHH
8005,HPPHPPPHPHHPPPH
8006,HPPHHHPPHHPHPHP
8007,HHPHHHHPPPHHPPH
8008,PHHPHHPPPPHHPHP
8009,PPPHHPHPHHHHPPP
8010,HHPHPPHHHPPPHPH
8011,PPHHHHPPHPPHHHH
8012,PHPPHHPPPPHHPPH
8013,HHHHPHPHHHPHHHH
8014,PPPPPHPPPPPHPHH
8015,HHHHPHPPPPHPPHH
8016,HPHPHHPHPPPHHPP
8017,PHHPPPPHHPHHPPH
8018,PHHPHPPPPPHPHHP
8019,HPHHPPHHPPPPPPH
8020,PPHPHHHPHPHPPHH
8021,PHHHPPHHPPHPPPH
8022,HPHPHHPHPPHPHPH
8023,HPPHHHHPHHHHHHH
8024,PPHPHHPPPHHPHHH
8025,HHHPHPPHPHHHHPH
8026,HPHHHHPHPPHPPPH
8027,PHHPHHPPHPPHPPP
8028,PPHHPHPPHPHPPHH
8029,PHPPPHPHHPPHPPP
8030,PHPHHHHPPPPPHHH
8031,PPPHHPPHPHHHHHP
8032,HHPPPHPPPHHHPHH
8033,HPHHHHPPPHHPHPH
8034,HPHPPHHPHHPHHHH
8035,PPPHHHPHPPHHPHP
8036,HHPPHPPHHPHHHPP
8037,PPPPHPHHPPHHHPH
8038,PHPHHPPPHHPHPPH
8039,HHPHPHHHHHHPHHP
8040,HPHHHHHPHHPPPPP
8041,PPPHPPPPPHHPHPH
8042,HHPHPHPPHHPPPHP
8043,PPPPHHHHHPHPPPP
8044,PHPPHHHHPPHHPPH
8045,HPPHHPHHPHPPHPH
8046,HPPPHPPHHHHHPHH
8047,HPPPHPHHPPPHHPP
8048,PHPHHPHPHHHPPHP
8049,HHHPHHHPPPHPHPH
8050,PPPHHHHHPHPHHHP
8051,HPPHHHPPHHHHPHP
8052,HPPHHPPHPPHHPHH
8053,HPHPPPHHPPPHHPP
8054,PHPHPHPPPPPPPPP
8055,HPHPHPPPPPHHPHH
8056,HPHPPPHPPHPHHHH
8057,HHHPHPHHHHHHPHP
8058,PPHHHHPHHHPPHPH
8059,PHHHHHHPHHHPHPH
8060,HHPPHPPHHPPPHPH
8061,PPPPPHHHHPHPHPH
8062,PPPPPPPPHHHPHHH
8063,HPPPHHHPHHPHHPH
8064,PPHPPHHHPHHPHPH
8065,PPHPPHHPHPHHHPH
8066,PPPPHHPPPHPHHPH
8067,HPHHHPPPHPPPHPH
8068,HPHPHHHHHPPPPHP
8069,PPHPHPPHPPPPPHH
8070,HPPPPPPPHPHHHPH
8071,PPHPPPHPHPHHHPP
8072,PHPPPPHPPPPPPHP
8073,HPPHPHHPPHPHPHP
8074,PPPHHPPHPPPPPHP
8075,HPPPHPHPHHHPHPH
8076,PPHPHPPPPPHPPHP
8077,HHPPPHHHPHPPHPP
8078,PPHHPHHPPHPHPPH
8079,HPPHHPPHHPHPPHH
8080,HPHHHPPPHHHHPHH
8081,PPHHPHPPHHPPPPP
8082,HPPHPHPHPPPHPHP
8083,HPPPPHHHHPHHPHH
8084,HHPPHHHHPHHHPPH
8085,PPHHHPHHHPHPHHP
8086,PHHPHHHPPPHHHPP
8087,HPPHHHHPHPHPHHH
8088,HPPPHPPHPPPHHPH
8089,HHHPPHHHPHHPPHH
8090,PPHPPHHPPPHHHPP
8091,HPHPPHHHHHHHHPP
8092,PHPPPHHHHHPHHPP
8093,PPPHHHHPHPHHHPP
8094,HHHHHHHPPPPHHHP
8095,HPHPPPPHPHPHPPP
8096,PHPHPHHHPPPHPPH
8097,HHHHHHHPPHHHHHH
8098,PHHPPHHHPPPPHPH
8099,PHPPPHPPPHPHHPH
8100,HPHPHHHPPHHHPHH
8101,HHHHPPHHPPHPHPH
8102,HHHPHHPHPPPPPPH
8103,PPHPPHHHHPPPHHP
8104,PHHHHHHHHPHHPHP
8105,PHPHHHHPPPPPPHP
8106,PPHHHHPPHHHHPHH
8107,PHHPHPHPHHPPPPH
8108,HPPPPHHHPHHHHHP
8109,PHHPPHHHHHHHPPH
8110,HPPPHHPHPHPHHPP
8111,PHPHHHHPHHPHHHH
8112,HHHPPPHPPHPPHHH
8113,PHPHPHHHPPHHPPP
8114,HPPPPPHPPPPPHHH
8115,HHHHHPPPPPHPPHP
8116,PHPHHPPHPPPHPPP
8117,PPHHPPHHHHHHPPP
8118,PPHPPPPPPHHHPPP
8119,HPHHPHPHHPHHHPP
8120,HPHPPHPPHPPPPPH
8121,PHPPHHHPHHHPPPP
8122,PPHHHHHPPPPPHPH
8123,PHHPPPPHPHPPHPH
8124,HHPPHHPHPHHHHPH
8125,HHPPPPHHHPHHPHP
8126,PPHHPHPPPHPHPHP
8127,PHHHPHHHHHPHHHP
8128,PHHPHHPHPPPPPPP
8129,HPHPPHHPHPHPHPP
8130,HPPPPPPHHHHPHHH
8131,PPPHHPPPHPPHPHH
8132,PHHPHPHHHPHPPPH
8133,PHPHPPHHPHPPHPP
8134,PHHHHHHPHPHHPHP
8135,HHHHHHPPHPPPHHP
8136,PHPPHHPPHHPHPPP
8137,PPPHPHHPPPHPPPH
8138,PHHPPPPPPHHPHPP
8139,PPPPHHHHHHHPPHP
8140,PHPPPHHPHPPHPPH
8141,PPPPHHPHPPPPPHH
8142,PHHPPHPPPPPHPHP
8143,PPHHHPPPHPPHHHH
8144,HPPHHHPPHHHPPHP
8145,HPHPHHHHHHPHPHP
8146,PHPHPHPPHHPHHPH
8147,PPPHPHPHHHHHHHP
8148,PHHHHPHPHPHHPHH
8149,HHHPHHHHPHHHHHP
8150,HPPHPPHHHHHHPPH
8151,HPHPPHPPHPHHHHP
8152,PPHPHHPHHPPPHHP
8153,HHPPPPHPHHHHPPP
8154,HPHPPHPHHHHPHHH
8155,HHHHPHPHHPPPPHH
8156,PPPPHHHPHPHPHPP
8157,PPHHHHPHPHPHHPH
8158,PHPPHPPPHHHPPHH
8159,PHHPHPPHPHHPHPP
8160,PPPPPHPPPHPPPHP
8161,PPPHPHHPHHHHPPP
8162,PHHHHHPHHPPPHHH
8163,PHPHHPHHPPHHHPP
8164,PPPHPHPPHPPPPPH
8165,HHPPHPHPHPPPPHH
8166,PPPPHHHPPPHPHPH
8167,HHHPPPPHPPPHHHP
8168,HPHHPPHPPPPPHPP
8169,HPPHPHPPHHHHPPP
8170,HHHPPPHPHPHHHHH
8171,HPPHPHPPPPPHHPH
8172,HPHPPHPHPHPPPHH
8173,HHHHHPPHPPPPPPH
8174,PPPPPHPHHHHPPHP
8175,HHHHPPHPPHPHHPH
8176,HPPPHPHPHPPPHPH
8177,PHPHPHHHHPHHHPH
8178,HPPHHHHPHHPPPPH
8179,PPPHPPHHPHHHPHH
8180,PPHPHHHHPPPHHHH
8181,PPPPHHHHHPHHHPH
8182,PHHPPPPHHPHPPHP
8183,PPHHPPHPPPPPHHP
8184,PPHPHHPHHHPHHHP
8185,PHHPHPHPHPPHPPH
8186,HPPHPHHPHPHHPHP
8187,HPHPPHPPHHHHHPH
8188,PHHPHHPPPHPPPPH
8189,HHHPHHPHHPHHHHH
8190,PHHHPHPHHPPHPHP
8191,HHPHPPPPHPHPPPP
8192,HHHHPHPHHPPPHPH
8193,PPPPPHPHPHHHHHP
8194,PHPPHHPHPHPHPHP
8195,PHHHHHHPHHPPPPH
8196,HHHHPPHPPHPPPPH
8197,HHHHPHHPPPHPPHH
8198,HHPPPPPHHPHHPPP
8199,PHPHHHPPHPPPHHP
8200,PHPHHPHPPPHPHHH
8201,PHPPPHPPHHHHPHP
8202,PHPHPHHPPHHHHHP
8203,HPPHHHHHHPHHPPH
8204,HHHPHHHPHHPPHHH
8205,HPPPHPPPHHPHHPH
8206,HHHHPHPPHPPHHPH
8207,PHPHPHPPHPPHHHP
8208,PHHHPHPHPPPHHHP
8209,PPPPPPPHPPHHHHP
8210,HPHHHHPHHHHHHPH
8211,HHPPHPHHHHPPHHH
8212,HPHHHPPHPPHHHPP
8213,PHHPHPHHHHPHHHH
8214,PPPHPPPHHPHHHHH
8215,HHPHPPPHPPHHPHP
8216,PHPPHHHHHHPPPPP
8217,HHHPHPPHPHHPHHH
8218,PPHPPPPPPPPPPPP
8219,HHHHPPHHHPPHHHH
8220,PHHPHPPHPHHHHHP
8221,PPPHHHPPPPHPPHH
8222,HPHHHPHPPPHHPHP
8223,PPPHHHHHPPPHHPP
8224,HHHHPPHHPHHHHPP
8225,PPHPHHHHHHHHHHH
8226,PPPHPHPHHPPPHPH
8227,HPPHPPPPPPPHPHP
8228,HHHPHHHPPPPHPHP
8229,PPPHPHPHHHPHHPH
8230,HPPHPHHPPHHPHHH
8231,PPPHPPHPPHHPHPH
8232,HPHHHHHHHPPHPPH
8233,PPHPHPHHHPPHPPH
8234,PPHHHHPHHPHHHPH
8235,HHPPPPHPHHPHPPH
8236,HPHPHPPPPPHPHHH
8237,HHPHHPHPHPHHPHP
8238,HHPHHHHHPPHPPHP
8239,HPPPPHPHPPPHHPH
8240,PPHHHPHHHHHHPPH
8241,HPHPPPPHPHPHHHP
8242,PHPHHHHPHHHPPHP
8243,HHPHPHPPHPHHHHH
8244,HPHHHHHHPPPHHHH
8245,HPHPPHHHHPHHPHP
8246,HHPHPPPPPHHHHHP
8247,HPHPHHPHHPHHPHP
8248,HHHPHPHPHPHHPHH
8249,HHPPHPPHHPHHHHH
8250,PPPPPHHHPPHHPHP
8251,HHHHPPPPHHHHPHP
8252,HPHHHHHHHHHHHPH
8253,HHHHPPHPHHHHHHH
8254,PHPPHPHHPPHPHPH
8255,PHPHPPHHHPPPHPP
8256,PPHPHPPPPPPPHPH
8257,PHHPPPHHPPPHPHP
8258,HHHPPPPHPHHHPPH
8259,PPPHHHHPPHPPHHH
8260,PPPPHPHPHHPHPPH
8261,PPPHHPPHPHPPPPH
8262,PPHHPPPHHHPPPHH
8263,HHPPHHHPPHPPHHP
8264,PHHHPHPPHPHPPPP
8265,HPPHHPPPPHPPHPP
8266,PPHHHHPHPPHHHPP
8267,HHHHHPPPHPPHHHH
8268,PHHHHHPHPHPHHPP
8269,PPHHPPHPHPPHPPH
8270,HPHPHPPHHHPPHHH
8271,PPPHHHPPPPPHPHH
8272,HPHPHHHHHHPPHHH
8273,HHHHPPHPPPHHHHH
8274,HPPHHPPPPHHPHHH
8275,PPPHHPHHHHPHPHH
8276,HPPPPPPHPHPPHPP
8277,HPPHHHHPPPHHPPH
8278,PPHHHPHPPHHPHHH
8279,PHPHHPHHHPHHHPP
8280,HHPHPPHPPPHHHHP
8281,HHPPHHHPHPHHPPP
8282,PHPHPPPHHHPPPHH
8283,PPHPHPPHHPPPHHH
8284,PPPPPPPHPPPHPHH
8285,HPPPPHPPHPPPHPP
8286,HPHPHHHPHPHHPHP
8287,PPPHHHPPPPHHPHH
8288,PPHHPPPPHHPHHHH
8289,HPHPHHHPHPPHHPH
8290,HPPPPHHHPHPPHHP
8291,PPPHHPPPHPPPHHH
8292,HPPHHPPHHHPPHHP
8293,HHHHPPHPPPHPHPH
8294,HPPPHPHPPPPHHHP
8295,PPPPHHPHPHPHHPH
8296,PPHPPPHPPHHPHPP
8297,PHHHHHHHPHPPHPP
8298,HPPHPPPHPPPHPHP
8299,PPPPHPHHPHHHHPH
8300,PPHHPHPHPPHHHHP
8301,PHPPPHPHPHPPPHP
8302,HHHHHPHHPHHPPHH
8303,HHPHPPHHPPPHHHH
8304,HPHHPPPPHPPHPPH
8305,HPHPPPPHPHHPPHH
8306,HPPPPPHHPHPHPPP
8307,HPHHHHHPPHHPPHH
8308,PHPHPPPPHPPPPHH
8309,PHHHHHPPHHHPPHP
8310,HHPPPHPPHHHPHHH
8311,HHPHPPPPHHHHHPH
8312,PPHPPPPPHPPHPHH
8313,PPHHHHPHHHHPHHH
8314,PHHHHPPHPHHHHHP
8315,HPHPPHPPHHHPPHP
8316,PPPHPPPHPPHPHHP
8317,HHHPPPPHHPHPPPP
8318,HHHHHPHPPHHHPPH
8319,HPHPHPHPHPPPPHP
8320,HHPPPPHHPPPPPPP
8321,HHPPPHHPPHPPHHP
8322,HPHHPPHHHPHPHHP
8323,HPHHPPHHHHHHPHP
8324,PHPPHPHPHPHHHHH
8325,PHPHPPPPHHPPHHP
8326,HHPHPHHPPHHHHPH
8327,HHPPHPHPPPHHPHH
8328,PPHHPPHHPPHPHPP
8329,HPHHHHPHPPHHHPH
8330,HPPPHPHPPHHHHPP
8331,PHPPHPPHHHHHHHH
8332,HPPHHHHPPHPPHHP
8333,HPPPPHHPHPPPPPP
8334,HPPPHPHHPHHPHHP
8335,PPPPHHPHHHPHPPH
8336,HPPHHHPPPHPHHHP
8337,HHHPPPHPPPPPPHP
8338,PPPPHHHHHPHHHHH
8339,HPHHHHHHHHPHPPP
8340,PPHPHHPHHHHPHPP
8341,HHPPHPHPHHPPPPP
8342,PPHPHPHPHHPPHHP
8343,PPPPHHHPHHPHPHH
8344,PPHPHHHPPHHPHPH
8345,PPHHHPHPPHPHPHH
8346,HHHHPPHHHPPPHHH
8347,HHHPPPHHPHHPHPH
8348,PHHHPPHPPHPHHHP
8349,HPPHPHPPPPPHHHP
8350,HHPHHHPHHPPHPPH
8351,HPPHPPHPPHHPHPH
8352,HHPHPHPHPHHPHPP
8353,PHPPPHPHPPHHHPP
8354,PPHPPPHHHHHHPHH
8355,HHPPHHPHHHHHPPH
8356,PPPPPHPHPPPHPPP
8357,HHPPPHHHPPHHHHH
8358,HHHHHPPPHPHPHHP
8359,PPHPHHPHPPHHHHP
8360,HPPHHHPHHHHPHHH
8361,HPPHHPHPPHHPHHP
8362,HPPPHPPHPHHPPHH
8363,PPPPPHPPPPPPPHP
8364,HHHHHPHPPHPPHPP
8365,HHPHPPPPPPHPHPP
8366,PHPHPPPPHPHHHHP
8367,HPHPPHHPHPPPHPP
8368,PPHPPHPHHHHPPPP
8369,PHHPPHHHHHHPPHP
8370,PPPHPHHHPHPPHPH
8371,PHPPHHPPHHHHHPH
8372,HHHHPHPPHHHHPHH
8373,PHPHHPPPPPPHPHH
8374,HPHPPPPHHHPHPHH
8375,PHPPHHHPHHHHHHH
8376,HPHHHHHHPPPHHHP
8377,HPPPPHHPPPHHPHH
8378,PHPPHPHHHHPHHHH
8379,PHPPHHPHPHPHHPH
8380,PHPPPHPPHHPHPHH
8381,PHPHHPHPPPHPPHH
8382,PHHPHPHPHHHPHHH
8383,HHPPHHHPPPPHHHP
8384,HHPPPHHPHPHHHPH
8385,HPPHHHPHHHHHHHH
8386,HPPHHHHPHPPHHPH
8387,HHPPPHPHPPHPPPP
8388,PHPPHPHPHHPPPHP
8389,HHPPHPHHPPPHHHP
8390,HPPHHPHPPPPPPPH
8391,PPHHHHPHHPPPPHP
8392,PHPHHHHPHHHHHPP
8393,PPPHPHPPHPPHHPP
8394,HPPHPHHHHPHHHPP
8395,PHPPHPPPHPHPPPH
8396,HHPHHHHHHHPHHPP
8397,HPHHPHHHHPHHPHP
8398,HHHPHPHHPHHPPPH
8399,HHPPHHPHHHPHPPH
8400,HPPHHPHHHPHPPHP
8401,PHPPPHHPPHHHHPP
8402,PPHHPPHHHPPHPPH
8403,HHPPHPPPPPPHPPP
8404,PHHPHHPPHPPHPHH
8405,PHHHPPPHPHPHPPH
8406,PPPPPPPPPPHPHPH
8407,HPPPHPPHPPHHPPP
8408,HHHPPPHPHHHPPPH
8409,HPHHPHPHPHHPHHH
8410,PHPPPPPPPHHPHPP
8411,PHHHHPPPPHHHHHH
8412,HPPPHPHHHPPPHPH
8413,HPPHHPHPHPPPPPP
8414,HPPHHPPHHHHPPHH
8415,HHPHPHHPHPHPPPH
8416,PHPPHPPPPHPHHPP
8417,PHHPHPHPHHHPPHP
8418,HHHPHPHHPPHHHHH
8419,HPPPPHPPPPPPPHP
8420,PPPPHPHHHPPHPHP
8421,HPHHHPPHHHHHHPH
8422,PHHHHPPPPPPPPPH
8423,HHHHPHHHHPPHPHP
8424,HHHHPPPPPHHHPPP
8425,PPHPPHPHHPPHHHH
8426,PHHHPPPPPHHHPPP
8427,HPHPPPPPHHHHPPP
8428,HPHHHHHHPHHHHHH
8429,PHPHHHPHPPPHPHH
8430,PHHHPPHHPPHPHHH
8431,HHHHPPPHHHHHHPP
8432,PPHPPPHPHPPHPHH
8433,PPHHHHPPPHHHPPP
8434,HHPHHPPHHPHPPPP
8435,HPPHHPPPHPPHPPH
8436,PPHPHHPPPPHHPHP
8437,HHPPHPHPHPHPHPH
8438,HHHHPHPHHPHHHPH
8439,HPPHHHPHHHHPPPH
8440,PPPHHPPPPPPPHHP
8441,PHHHHPHHHHPHHHP
8442,HPPPPPPHHHPPPPP
8443,HPHHHHPPHPPPPPH
8444,PPPHPHPPPPHHPPH
8445,HPHHPHPHHPHPPPH
8446,HPPHHHHPPHPPHPP
8447,PHPPHPPHHHPPHPH
8448,HPHHPHHHPPPPPHH
8449,HHHPPHPHHHHPHHP
8450,PHHHHHHPHHHPPHH
8451,HPHHPPHHHPHPPPH
8452,HPPHHPHPHPPPHPP
8453,PPPHHHPPPHPPPPP
8454,HPPPHPPPPHPHPPH
8455,PPHHPHPPPHHHPHH
8456,HHPHHHPHPHPHPHH
8457,HHPPHPPHHPHPPPP
8458,HHHPHPPPHPPHPHH
8459,PPHHPPPPHHHHPHP
8460,PHHPHHPHHPHPHHH
8461,HPHHPHHPPHPPHHP
8462,HHHHHPHHPPHPHHP
8463,HHHHHHPHHHHPHHH
8464,HPHPPHPPHPHHHPP
8465,HPHHPPPHPHHPPHP
8466,HPHHPHPHHHHPPHH
8467,HHPPHPHPPHPPHPP
8468,PHHHPPPHHHHHPHP
8469,PHPPHHHPHPHPPPH
8470,HPHHHPPPPPPPHHP
8471,PHHHHHPHHHHPHHP
8472,HPHHPPHPHPHHHHH
8473,HPHHHHPPPHPPPHP
8474,PPPPHHHPPPPPHPH
8475,HPHHHPPPHHPHPHP
8476,PHHPHPHPPPHPHHP
8477,HPHHHHHHPHPHPPH
8478,HHHHPHHPHHPPHPP
8479,HPPHPHHHHPHPPHH
8480,HHPHHHHHPHPHPHP
8481,PHPHPHPHPPHHPPH
8482,PHPPHHPHHHHHHPH
8483,PPHHPHHPHPHPHHP
8484,HHHPPPHHPHPHPHH
8485,PPPHPHPPPHHHHHH
8486,HPPHHPHPPHPPPHH
8487,PHHHPHHPHPHPPPH
8488,HPHHPHPHHHHHHPH
8489,HHHPPPHPPHHHPHP
8490,HPHPHHPHPHHHHPH
8491,HHHPHHPPPHPHHPH
8492,PHHHPPHHHPHHHPP
8493,PHHHHPHHHHHPHPP
8494,HPPHPPPHHPHPHHP
8495,HHPHHPPPPHPHHPH
8496,PPHPHHHPHHPPHHP
8497,PPPPPPPPPHHHHHP
8498,HPPPHHHHHPPPHHP
8499,PHHPPPPPHHPHPPP
8500,HPPPHHPHPPHHHPH
8501,PHPPHHHHHHPHPHH
8502,PHHHHHPPPPHHHHH
8503,HHHHPPPPPHPHHHP
8504,PHPHHHHHHHPHHPP
8505,PHPPPPHHPHPPHHH
8506,PHHPPPHHPPHPHPH
8507,HHHPHPHPHPHHPPH
8508,HPPPHPHHHPHHPPP
8509,HPPHHPHPPPHPHHP
8510,PHPPHPHHPHPPHHP
8511,PHPHHPHHHHHPPHP
8512,PHPPHHHPHHHPHHH
8513,PPPPHPHPHHHPHHH
8514,HHHPHPPHHPHHHHH
8515,PPHHPPHPPHPHHHH
8516,PPPPPHHHPPHHPPP
8517,HPPHPHHPPHPPHHH
8518,HHHHPHPPHPPHPPH
8519,PPHHHPHHHPPHHHH
8520,HHHHPHHHPPPPPHP
8521,HHPHPPPHPHHPPPP
8522,PHHPHPHPPHPHHHH
8523,HPHHHHHPHHHHPPH
8524,HHHHPHPHHHHPPHH
8525,PHPHHHPPPHHHPHH
8526,HHHPHPHHPPPHHHP
8527,HHHPHHHHHHHPHPP
8528,HHPPHHHHPPPHHPH
8529,HHHHHHPPPHHPPPP
8530,PHHHHPHPHHHPHHP
8531,PPPPPPHHHHHPHPP
8532,PHHHPHPHPPHHPHP
8533,HPHPHHHPHHPPPPH
8534,PHHHHPPHHHPPPHP
8535,HPPPPPHHHHHPPPP
8536,HHPPHHHHPPPPHPP
8537,PPPHHHPHPPHPPPP
8538,PHPHHHPHHHPPPHP
8539,HHPPPHHPPPHPHPP
8540,PPHHHPHPPPHPHPP
8541,PPHPHPPHPPHPHPP
8542,PHPHPPHPHPHPPPP
8543,HPPHPHHPHPPPHHP
8544,PHHHPPHPPHHHHPP
8545,PHPPHPHPHPHPPHP
8546,PPPPHHPHHHPPPPP
8547,PPHHPHHPPHHPPPP
8548,HHPHPHHPPPPHHHH
8549,HPPPPPPHHPHHHPP
8550,HHPHHPPHPHHHPPP
8551,PPHHHHHPHPPHPPH
8552,HHPPHHPPPPPHHHH
8553,HHPPPHPHHPHPPHH
8554,HPHPPPHPHHPPPHP
8555,PHHHHHPPPHHPHHH
8556,HPHPHHHHPHPPPPH
8557,HHHPHHPPHHPPHHP
8558,HPPPHHHHPHPHHHH
8559,HPHPHHPPPPPHPPH
8560,PHPHHHPPHPPHHPP
8561,HHHPPPHPPHHHPPP
8562,PPPPHPHHHHHHPHP
8563,HHPPPPHPPPHPHPP
8564,HHHHHPPHPHPPHHP
8565,PPPHHHHPHPHPHPH
8566,HHHPHPHHHHPHPHH
8567,HPHPHPHPHHHPHHH
8568,PPPPPHHHHPHHPPH
8569,HHPPHPHHHPPPHPP
8570,PPHPPHPPPPPHHPP
8571,HHHPPPHPHPPHHPP
8572,PHPPHHHHHPHHHPP
8573,HHHPHHPPHHPPPPP
8574,PPPPHPHHPPPHPPH
8575,PPHHPHHHPHPHHHP
8576,HPHHPHHPHPPHPPH
8577,HHHPPPPPHHPHHPP
8578,PHPHHPHPHHPHPPP
8579,PHHPHHPHPPHPHPP
8580,HPPHPHPHPHPHPPP
8581,HPPHPHPPPPPPHHH
8582,PHPPHPHHPHHPPHH
8583,PHPHPPHHPHPHHHP
8584,PHHHPHPPPHPHPHP
8585,PPHPPHHHHPPPHHH
8586,PHHHHHPHPHPHPHH
8587,HPHPHPPPHHPHHPP
8588,HPPPHHPHPHPPHPH
8589,HPHPPPPHPPPHPPP
8590,HHPPPPPHPPHPPHP
8591,HPHHPHPHHPPHPPH
8592,HHHPHPHPHHPHHHP
8593,PPPPPHPHPPPPPPP
8594,HPHHPPHHHHPPHHH
8595,HHPPPHHPPPPHPPP
8596,HHHHPHHPHPPHHPP
8597,PHPHHPHPPPPHHHH
8598,PHHHHPHPPHHPHPP
8599,HPHHHHPHPPPHPHP
8600,PHHHHHPHHPPPPHP
8601,PHPHHPHPPHHPHHH
8602,HHPHHHPPHPHHPPP
8603,PPPHPHHPPPPHPPP
8604,PPPPHPPHPHHHHPP
8605,HPHHPHHPPPPPHPP
8606,PPPHHHHHHHHHPPH
8607,HHHHHPHPHHHPHHH
8608,PPHPPPHHHHHPHHH
8609,HHHPPHPPHHPPHHH
8610,PHHHPHPHPHHPPHP
8611,HHHHHPHHPHHPPPP
8612,HPHPHHHHHPHPPPH
8613,PHPHPPPPPHHHPPH
8614,PPHHPHHPPPPHHPP
8615,HPHHPHHHPHHHPHP
8616,PHHHHHHPPHHHHHP
8617,HHPPHPPPHHPHPPP
8618,HPHHPPHHHHHPHPH
8619,HHHPPHPHPPPPPHP
8620,HPPHHPPPHPHHHPP
8621,PPHHHPHHHHHPPHP
8622,HPHHHPHPHPHPPHH
8623,HHHPHHHPPPPHHPH
8624,HHPPHHHHPPPPPPP
8625,PHPHHPPPHHHPHHH
8626,HPPHPHPPPHHPPHP
8627,PHHPHPPHHHHPPPP
8628,PHHHPHHHPHHPHPH
8629,PHHPHPPHPPPPPHP
8630,HHHPPHPHPPHPPHP
8631,PHPPHPPPHHPHPHP
8632,HPHHHHPHPHPPPHH
8633,HPHHHHHPPPHHPHH
8634,PPPPHPHPPPHPHHH
8635,HHHHPHHPPPPPPPH
8636,HHHHPHHHHPPPHPP
8637,HHHHHPPPPHPPPPP
8638,HHPPPPHHHHHHHPP
8639,HHPPPHHPHPHPHHH
8640,HPPHPPHPPPPHPHH
8641,HPPHHPHHPHHHHPP
8642,PPPHPHPHPHPHPHP
8643,PPPPPPPPHHHPPPH
8644,PPHHHHPPHHHHHHH
8645,HHPHHHPPHPPPHHH
8646,PPHPHPHPHHPHPPH
8647,PHPHHHHHHHPHPHH
8648,PHHPPPPPHPPHPHH
8649,HHHPHPHPPHHPHHP
8650,HPHPHPPPPPHPHPH
8651,HPHHPHHHHHHPPPP
8652,PHHPPHPPHHHPPPH
8653,HHPPPHHPHPPPHHP
8654,PHHHHHPHHPHPPHH
8655,HHHPHHHHHPPPHPH
8656,HHHPPPPHHHHPHHP
8657,HHPHPHHHPHPPPHH
8658,HPHPPPHHHHPPHPP
8659,HPPPHPPPHPPPHPP
8660,PHHHHHPPPPPPHPP
8661,PPPPPPHPHHPHPHH
8662,HPHPPHHHPHPPHPP
8663,HHPHHHHPHPPPPHP
8664,PHHHPPPHPPHHPHP
8665,PPHHPPPHPHHHHPP
8666,PHPHHPPHHHHPPHH
8667,PPPPHPPPHHPHHHH
8668,HHPPPPPPHHHHPPH
8669,PHHHHHHHHHHPPHP
8670,HPHPPHPHHHHPHPP
8671,PHPPPPPPHHPHHPP
8672,PHHPHPHHPHHPHPH
8673,HHHPHHPHPHHPHPP
8674,HPHHPHHHHPPHPPP
8675,HPPHHHPHHHPPPHH
8676,PHHPHPHPHHHHHHP
8677,PHPHHHPPPPPHPPH
8678,HPPPHPHHHHHHPHP
8679,HHPHPPHPHPPPHHP
8680,HHPPHHPPHPPPPHH
8681,PHHHPPHPPHHPPPP
8682,PPPHPHPHPHHPPHP
8683,PHHPPPPHHPHPPPH
8684,PPHHPHPPHHPHHPP
8685,HHPPPHPHPPPHPHH
8686,HPHHHHPPHPPHPPP
8687,PPPHPPPPPHPPHHP
8688,HPHHHPPPPHPPHHP
8689,PPPPHPHHHHHPPHH
8690,HPHHPPPPPPHHHPH
8691,HPPPPPPPHPHPHPH
8692,PHHPHHPPPHHPPHP
8693,PPHHPHHHPHHPPPP
8694,HHPHPPPHHPPHPPH
8695,PPPPPHPHHHHHPPP
8696,HHPHHHHPPHHPHHP
8697,PHPPPHPHPHHHHHP
8698,PPHHPHHHHPHHPPP
8699,PPPPPPPPHPHPPPP
8700,HPPHPHHHHPPPHHP
8701,HPPHHHPHHPPHPHH
8702,HHPHPPHPPPPHHPP
8703,HHHPPHHPHPPHPHP
8704,PPPHHHHPPHHPPHH
8705,PPHHHPPHHPHPHHP
8706,HPPHPPHHPPPPHHP
8707,PHPHHPPPPPPHHPP
8708,HPHPHHPHPPHPPHP
8709,HPPHHPPPPPPHHHH
8710,HHPHHHPPPPPPPHH
8711,HHHHHHHHPPPPHHP
8712,PPPHHPHPPPHHHHH
8713,HHHPHHHPHHPHPHH
8714,PPPHHHHHHPHPHPP
8715,HHHPPPPHPPHPHHH
8716,PPHPPPPHHHPHHHH
8717,HHPHHHHPPHPHHHP
8718,PPPPHHPHPHPPPHH
8719,PPPHHPHHPPPPHPH
8720,HHHHHPHPHPHHPHH
8721,PHHPPPHHHHHHHHH
8722,PHHHHHPPHPHHPHH
8723,HPHHPHHHHPPPHPH
8724,PHHPHHHHHHPPHHH
8725,HHPPHHPPHPHHPHP
8726,PPHPHPHHHPPHPHP
8727,HPPPPPHPHHHHHHP
8728,PPPPPHPPHPHPHPP
8729,HHPHHHPPPHPHHHH
8730,HHPHPHPPHPPPHHH
8731,PPHPPPHHHHPPHHH
8732,HPPPHHPHPPHHPPP
8733,HHHHPPPHPHHHHHP
8734,PHPPPPPPPPPPHPH
8735,PHPHPHPHHHHPPHH
8736,HPHPPPPPHPHHPHP
8737,PPHPPHPHHHHHHPH
8738,PPPPHHPPPPHPHPH
8739,PHPPPHHHPPPPPPP
8740,PPPHPHPPHHHHHPH
8741,HHHPPHHPPHPPHPH
8742,PPPPHHHPHHHPPHP
8743,HPHPHHHHPPHHHHP
8744,HPHPHHPHPHHHPPP
8745,PPHHHHHHPPHHHHP
8746,HHHHPPPPHHHPHPP
8747,PHHHPHPPPHPPHPP
8748,HHPPPPHPHHHPPPH
8749,HHHPHHPHPPPHHPH
8750,HHHHHPHHHHPHPPP
8751,HPPHHPPHPHHHPHP
8752,PPPPPPPPHPPHHHH
8753,HHPPPHHPPHPPPPP
8754,HPHHPHHHHHPPHPH
8755,HHHPHPHHPPHHPPP
8756,HPPHPPHPPPHPHHP
8757,PPHHPPHHHHHHHPH
8758,HPPHPHHPPPPPPHP
8759,PPHPHPPPPHHPPPP
8760,HHPPPPPHHPHHPPH
8761,PHPHHHPHHHHHHHP
8762,HPHPPPHHHHPHHHP
8763,HHPHPPHPHHPPPPP
8764,PHPHHHPHPHHHHHP
8765,PHHHHHPPPHHHPHH
8766,PHHHPPPHPHHPHHP
8767,PHHHHPHPPHHHPHP
8768,PPPPPPPHPHPHHHH
8769,HPPPPPPHHPHHHHP
8770,HPPHHPPPHPHPPHH
8771,PHPHPHHHPHHPPHH
8772,PPPHHPHHHPHHPHH
8773,HHPHHHPPHHPPPHH
8774,PHHHPPHHHPPHPPP
8775,HPPPPPPHHHPHHPP
8776,HPPHHPHPHHPPHHP
8777,PPPPPHPPPHHHPHP
8778,PPPPPHHPPHPHPHH
8779,PHHPPHHHPPHHPHP
8780,HHHPPHPPHPHPPHP
8781,HPHPHHPPPPHPPPH
8782,PPPHHPPPHHPPHPP
8783,PPHPHPPPPPPPPHP
8784,PPPHPPPPPPHPPHP
8785,PHHHHPPHHHHPPHH
8786,PHHHHPPPHHPHHHP
8787,PHHHPPPHPPPPPHP
8788,HHPPPPHPPPPHPHP
8789,PPHPHHPHPHPHHPH
8790,PHHHHHPHPHHHHHH
8791,HHPPPPPPPHHHHHH
8792,PHPHPHPPPPPPPHH
8793,PHPPPPHHHPPPHHP
8794,PPPPHPPHPPPPPHH
8795,PPHPHHPHPPPHPHH
8796,PPPPPHPHPPPPHHH
8797,PHHPHHPPHPPPHHP
8798,PHHPHPPHPHPPPPH
8799,HHHPPPPPHPHHHHP
8800,PPHPHPPPPHPHPPP
8801,PHPPHHHPPHPPPPP
8802,HHHPPPPHPHPHHHH
8803,PPHPHHHPPHHPHPP
8804,HHPPPHHHHPHHPHH
8805,HPHPPPPPHHPHPPP
8806,PPPPPPHPPPHHHHH
8807,HPPPPPHPPPHHHHP
8808,PPPPHPHPHPPPHPP
8809,HPHPHHHHHPHPHPP
8810,PPPPPPPHHHHPHHP
8811,PHHPPHHPPPHHHHP
8812,HHPHHHPPHPPPPHP
8813,PPHPHPHPHHPHHPP
8814,PHPPHHHPPHHPPPH
8815,PHPPPHPHHHPHHHP
8816,HHHPPPPHHPPHPHH
8817,HPHHPPHHHPHPPHP
8818,HHHHPPPHHPPHHPP
8819,PHHPHHPPHHPPPPH
8820,HHPHHHPHPHHPHHH
8821,HHHHHHHHHHHPHHP
8822,HHPPPHPPHPPPHHH
8823,HPHPPPHHPHHPPHP
8824,PPPPPHPPPPHPPHP
8825,PHHPHPPHHPHHPPH
8826,PPPPHHHPPPHPPHP
8827,HHHPHPHHHPHHHHH
8828,HHHPHPHPHHPHPHP
8829,HHPHHHPPPHPPPPH
8830,PHPHPPHHHPPHHHH
8831,HHHPHHHPPPPPPPH
8832,HHPPPPPPPPHHHPP
8833,HPHHPHHHPHPHPHH
8834,HPHPPHHHPHHPPPP
8835,HPPHHHHPPPPPHHP
8836,PHHPHHHPHPPHHHP
8837,PPPHPHPHPHPHPPH
8838,PHPPPHHHPPPHPHP
8839,HHPHPHHHHHPPHHP
8840,PHPPHPPHHHHPHHP
8841,HPHPHHHHHHHPPHH
8842,HHHHHHPHHHPHPHH
8843,PPHHPPPHHHHPHHP
8844,PPPHPPPHHPPPHPP
8845,PPHPHHHHHPPHHPH
8846,PHPPPPHHHPHPHPP
8847,HHHPPHHPHHPPHPH
8848,PPHPPPHHPHPPPHP
8849,HPHHHPHPHHHHHPP
8850,HPPHHPHHPHHHPHP
8851,HHHPPHHHHPHHPHH
8852,HPPHHHHHPHHPPPH
8853,HPPPPPHPPHPHHHH
8854,HPPPHPHHHHHPPHH
8855,PHHHPHHPPHHPHHP
8856,HHPHHHHPPPHPPPP
8857,HHPHHPPHHHHPPPH
8858,PPHHPPPPHHHHPPH
8859,PPPHPPHPHPPHPPP
8860,HPHHHPPHPHPPHPP
8861,HPHHHPHHPHHHHHP
8862,PHPHPHPPPPPPPHP
8863,PPPPPPPPHPPPPHP
8864,HPPHPHHPHHPHPHH
8865,PPPHHPPHHPPHHPP
8866,PHPPHHHHHPPPHHP
8867,PPHHHPPPPPHPPHP
8868,HHHHPPHHHPHPHHH
8869,PHPPPHPHHPPHHPP
8870,PPPHHHHHHPHPPHH
8871,HPHPHPHHPPHPPHP
8872,HHPHHPPPHPHHPHH
8873,PHHHPPHPHPPPPPH
8874,HPHHHPHPPHHHHHH
8875,PPPPPPHHPPHHHHP
8876,HHHHHPPPHHPHHHH
8877,PPHPPPHHHPPPHHH
8878,HPHHHHHPHPPHHHH
8879,HHPHPHHHPPPHHPP
8880,HHPHHPHPPPPPPPP
8881,PHHHHPPHHPPPPHH
8882,PHPHHHPHPHPHPPP
8883,PHPPPHPHPPHPHHH
8884,PPPHHHPPPHPHPHP
8885,HHPPPHHHPPPHHPP
8886,PPHHHHHPHHPPHPP
8887,HHHPPPPPHPPPPHP
8888,HPHPPHPHHPHPHPP
8889,PPHPPHHHHHHPHHH
8890,PPPHPPHPHHHHHHH
8891,PPPPHPPPPPHPHPP
8892,PHHHHPPPHHPHPPP
8893,HPPPPPPHPPHHPPP
8894,PPHHHPHHHPPPHHH
8895,HHHPPPHPHHPPPHP
8896,HPHHHPHHHHPHPHH
8897,HPHPPPHPPHHPHPP
8898,PPHPHHHPPHPPHPP
8899,PPHPPHHPPPPHHHP
8900,PHPPHHHPPPPHPHP
8901,PHHHHHHHPPHHPHH
8902,HPHPHPPPHHHHHHH
8903,PHPPHHHPHHHHPPH
8904,PHPHPHPPPHPHPHH
8905,PPPHHHHPPPHPHPP
8906,PPPHPPHPPHPHPPP
8907,PPHHPPHHPHHHPHH
8908,PPHHPHHHHPPPHPH
8909,HHPPHPHHPHPHHHP
8910,PPHHHPHPHHHHHPH
8911,HHPHPHPHHHHHHHH
8912,HPHPHPPPHPHPHPP
8913,PHHHHHPPHPHPHHH
8914,PPPHHHHHPHPHHHH
8915,PPHHPPHHHHPPPHH
8916,PHHHPPPPHPPHPHH
8917,HPPHHPHPHHHHHHP
8918,PHHHPHHHHHHHPHH
8919,HHHHHHHPPHPHHHP
8920,PPPHHHPHHHPHPPP
8921,PPPPHHPHHHHPPHH
8922,HPPPPPPHHHHHHPH
8923,PPHPPHPPHPPPPPP
8924,HPPHPHPHHPPHPHH
8925,HHHPPHPHHHPPPPP
8926,PHPHHPHPPPPPHHH
8927,HHHHPPHHPPPPPHH
8928,PPHHPHHPPHPHPHH
8929,HPHHPPHPPPPHHHH
8930,PPPPPHPPHHPPHPP
8931,PPPPHPPPPHPPHPP
8932,PPPPPPPPPPPPHPP
8933,PPPPHHPPPHPHHHP
8934,PHPHHHPHPPHHHPH
8935,PPPHPHPHHPPPPPH
8936,HPPHPPHHPHHHPHP
8937,PPPHHHHPHPHHHHP
8938,PHPHPPHPHHHPPPP
8939,PHHPPHPPPPHPPPH
8940,HHHPPPPHHHPHHPH
8941,HHHHHPPHHHPPHHP
8942,HPPHHHHHHHPPHHP
8943,HHHPHPPPPPHPPHH
8944,PPHPPPPHHHPPHHP
8945,PHHPPPPHHPPPHHP
8946,HPHHPPHPPHHPHHP
8947,PPPHHPHHHPHHHPH
8948,PPHPPPPHHHHHHHH
8949,HHHPHHPHPHHPPHP
8950,PPPPHHHHPPPHHHP
8951,PHPPHHPPHHPPHHP
8952,HHHPHHHPHHHPHHP
8953,HHPHHPPPHHHHHHP
8954,PHPHHHHHPPPPHHP
8955,PHPPPPPPPPHPHPH
8956,PPPPHPPHPPHPHPH
8957,HHPHPPPPHPHPPHH
8958,PHPHPPPPHHPHPPH
8959,HPHPPHPPHHHHHHH
8960,HHPPPPPHPHHHHHP
8961,HHPHPPHPPPPHPPH
8962,HPPPHHHPHHHHPPH
8963,HPHPHPPPHHHPPHH
8964,PPPHPPHHHPHPHPP
8965,HPHPPPHHHHPPPHP
8966,HPHHHHPHPHPHPPP
8967,PPHHPPHPPPPHHPP
8968,PPHPPPHHHPPHPHH
8969,PHPPHPPHPPPPHHP
8970,HHPHPPPHHHPHHPP
8971,PHPHHHPHPPPPHHH
8972,HPPHHHPPPHHHPPP
8973,HHPHPPHPHHHHPHP
8974,PPPPPHHPHHHHPHP
8975,PHPPHPHHPPHPHHP
8976,HHHPHHPPHHPPHPP
8977,HHPPHPPHPHHPPHH
8978,PPPHPPPHPHHPHHH
8979,HHHPPHHHPPPHPPH
8980,HPPPHHHHPPPHPPP
8981,HHPPPPHPPHHHPHH
8982,PHHHPPPPHPHHPPH
8983,PHHHHHHPHHHHPPH
8984,HPHHPHHPHHPHHPP
8985,HPPPPPPHPHPPPHP
8986,PPPHPPHPHHPHPPH
8987,PHHPHHPPPPHHPHH
8988,PHHHHHHPHHHHHHP
8989,PPPHPPHPPPHPPPP
8990,PPHHHPHPHPPPHHP
8991,HHPHPPHPHPHHHHH
8992,HHHHHHPPPHPHPPH
8993,HPHPHHHPPPPPPHP
8994,PHHHPPHHPHHHPHH
8995,PHPHHPHPHPHPPHP
8996,PPPPPHPHPHPHHHH
8997,PPPPPHHHHPHPPHP
8998,PPPHHPPHPPPHPPH
8999,HHPPHHPPHHPPHHH
9000,PPPHHPPPHPHHHPH
9001,PPPHPPPHPHPPPPP
9002,HPPHPHPHPPPHPHH
9003,HPPPPPHPHHPHPPH
9004,HPHHPHHPHPPHPPP
9005,HHHHPHPHHHHPPPP
9006,HHHHPHPHHPPHHHH
9007,PPHPHHHPHPHHHHH
9008,HHHHPHPHPHPHHHH
9009,PPPHPHHHHPPPHHH
9010,HPHPPHPHPPPPHHH
9011,HHPPPPHHHPPHHPP
9012,PHPPHHPPHPPPHHP
9013,HHPHHHHPPHPPHHP
9014,PHPHPHHHHPPHPPH
9015,PHPHPPPPPHHHPHP
9016,HPHHHPHPPHPHPPH
9017,PHPHPPPHPPPHPPP
9018,HHPHPHPHHPPPPPP
9019,PHPPHPPHHPHPHPP
9020,HPPPPPPHHHHHPHH
9021,PPPPPPHPPHHPPPH
9022,PHHPPHHPPHHHHPH
9023,HHHHHHHPPPPPHHP
9024,PHPPPHHHPPHPHPP
9025,HHHPHHHHPPHHPHH
9026,PPPPHPHHPHHPPHP
9027,PPHHHHPHHPHHPHP
9028,HPHPHPPHPPHPPPH
9029,PPPPPHPHHPPPPHP
9030,HPHHPHHHHHPHHPP
9031,HHHPPHPHPHPHHHP
9032,HPHHPHPHPPPPPHH
9033,PHHPPPPHHHPPPPH
9034,PPPHHPHPPHPHPHP
9035,PHPPHPHPHPHPPPP
9036,PHPHPPHHPPHHPHH
9037,HPPPHPPHPPHHHHP
9038,HPPHHPHPPHHHPHH
9039,PPPPPPPHPHHHHPH
9040,HHHPPPHHHHPHHHP
9041,PHPHPPHPPHHHPPP
9042,HPHHPPPPPPPPPPP
9043,PHPPHHPHPPPPPPP
9044,PHHPPPPPHHPHPHH
9045,HHHPPPHPPPHHHPP
9046,PPHHPPPHPPHHHPP
9047,HHHPHPHPPPHPHPP
9048,PPPHHHHHHHHPHPH
9049,PHPHPHHPHHHHHPP
9050,PPHHHHHPPPHPHPP
9051,PPPPPPHHHHPPPHP
9052,HHPHPHHPPHHHHHH
9053,HPPHPHPPHPHHPPP
9054,HPHHPPHPHHPPPHH
9055,HHPHHHPHHHHPPPP
9056,HPHHHPPHPHHPPPH
9057,HPHHHPHPPHPPHPH
9058,PHHHHHHHPHHHPHH
9059,PPHPPHPPHPPHPPH
9060,PPHHHPPHPPHHPHP
9061,HPHHPPPPPHHPPPP
9062,HPHHPPHHHHPHHPP
9063,PHHPHPPHPHPPHHP
9064,PHPPPHHHHHHHHPH
9065,PHHHPPHHPHPHHHP
9066,PHHPHHHHPHHPHHP
9067,HPPPPPPHPHHPPHH
9068,PPHHHHPPPPPHPHH
9069,PHPPPHPHHPPPHHP
9070,HHHHPPHHPHPHPPH
9071,PPHPHPHPPPHHPPH
9072,HHHHHPHHPPHPHPH
9073,PPPPHPHPPPHHHHP
9074,HHHHPHHPHPHHHHH
9075,HPHHHPPHPHHHHPP
9076,PPHHHHPHHHHHPPP
9077,HHHPPPPHHPHHHPP
9078,HPHPPHHHHPHPPPP
9079,HHPHHHHPHHPHPHP
9080,PHPPPPHPHPPHHPP
9081,PHHPPHHHHPHPHPP
9082,HHHPPPPPPPPPPPH
9083,PPHPHPPHPHHPPHH
9084,HPPHPHHHHHPHHPH
9085,HPPPPHHPHPHHHPH
9086,PPPPHHPHHPPHHHP
9087,PPHPPHPPPHPPPPH
9088,PHPHPPHHHPPHHPH
9089,PPPPHHPHPHHHHPH
9090,HPPHHPPPPPHHPHH
9091,HHHPHHPHPHPHPHP
9092,HHHPPHHPPPPPHPH
9093,PPPPPHHHPHHPPHP
9094,HHHPHHPHPPHHHPH
9095,PPHPHPHHPHHPPPH
9096,PPHPPHHHPHPHHPP
9097,HHPHPPPPHPHHPHH
9098,HPHHPPHPPPHPHPP
9099,PHHHHPPHHPHHPPP
9100,HHHPHPHPHPHPPHH
9101,PPHHHPPHHPHPHPH
9102,PPPPHHHPPHPHPHP
9103,HHHHHHHHPPHPPPH
9104,PHPPHHHHHHPPHPP
9105,PPPPHHHPHPHHHHH
9106,PHPHPPHHHHHPPPP
9107,HHHPPPHPPPPPPPH
9108,HHHHHPPPHHPHHHP
9109,HPPHPPPPHHHHHPH
9110,HHPPHHPHPHHPHPH
9111,HHHPHHPHHHHHPHP
9112,PPHHHPHPHHHPPHP
9113,PPPHHPPPPHPPPHP
9114,HHHHPPPPPPHHPHH
9115,HHHHHHHHHPHPHHP
9116,PPPPHPHHPPPPPHP
9117,HPHHPPPHHHPHPPH
9118,HPHHPHPHPPHPPHP
9119,HPPPPHHPPHPPHHH
9120,HHHPHHHPHPPPHHP
9121,HPHHPHPPPHPHPHH
9122,HHHHPHHHPPHHHPH
9123,HHHPHPHHHHPPHHH
9124,PPPHHHPPHHPHHHH
9125,HHPHPPHHHHPHPHH
9126,PPHHPHHHHHPHHHH
9127,HPHHPHPHHPHPHHP
9128,HPHPHHPPHPPHHHH
9129,HHPPHHHPPPPHPHP
9130,PHHPHPHHHPHHHHP
9131,PHHPPHHHHPHHPPP
9132,PHPPPPHPHPHPHHH
9133,HPHPPPPHHHPPHHP
9134,HPPPPHHHPHPHPPP
9135,HPHPHPHHPHHHHPP
9136,HPHPPPHHPHPPHHP
9137,HHHHPPPPHHHPHHP
9138,PHPPPHHHPHPHPHP
9139,PPHHPPPHHHPHPPH
9140,PPPHPHPHPHHHHPH
9141,PHPHPHPPPPPHPHH
9142,HHHHHPPPHHHHHPP
9143,PHHPHPHPPHPHPHP
9144,HPHPHPHPHHHHHPP
9145,PPPPHHPPHHPHHHP
9146,HPHHPPHHPPPPHHP
9147,HHHPPHHPHPPHHHP
9148,PPPHHPHPHPHPPHP
9149,HPPHHPPPPPHPPPP
9150,PHHPHHHHHHHPHPP
9151,PPPPPHPHPPPPHPP
