id,sequence
0,HPHHPPHPPHHPPPHPHHPP
1,HPPHHHHPPHHPHPHPPPPH
2,HHHPHPHPPHHHHHHPHPPP
3,HPHHHPPHPPPPHPHPHPPP
4,HHPHPPHPPHPHPPHPPHHP
5,HPPPHHHHPPHHPPHPPPHH
6,PPPPHHHPPPHPHPHHHHPP
7,HHPHPHPHPHPHPHPHPPHP
8,HPHHHPHPHPPPPHPPPHPP
9,HHHHPHPHHPHHPPPPHHPH
10,PHHPHHHPHPHHPPHHHHHP
11,PPHPHPPPPPPPHPPPHPPP
12,PPHPHHHHPPHPPHPHHPPH
13,HHHPPPPHHPPPHHHPHHPH
14,HPHPPPPHPPHPHHPPPPPH
15,HHHPPHPPPPPPPPHHPPHH
16,PHPPPHHPHPHHHPHPPHPP
17,HHPPHHPPHHPPPHHPPHPH
18,PPPPHHHHPPHPPPPPHHHH
19,HHPHHPPHPHHPPPPHHHPP
20,HPPPHHPHHPHPHHPPHPHH
21,HHHHPPPHHPPHHPPHHHPP
22,PPHPHHHHHHHHHPPHHHPH
23,PHHPPHPHPHPHPHPPHHPP
24,PPPPHPPHHPHHPPHHHPPP
25,HPHHHPHPPPHHPHPHPHHP
26,PPHHPHPPPPHHHHPHPPHP
27,PPPHHPPPHPPHPHPHPPHH
28,HHPHHPPPHPPPHHPPHHHH
29,HHHHPPPHPHHPHPPHHPHH
30,HPPPHPHPHHPHHPHHHPHP
31,HHPHPHHHHPPPPHPHHPPP
32,PPPPPPPHPHHHPHPHPPHP
33,PHHPHHHPHHHHHPPHPPHH
34,HHPHHPPPHPPHPHPPPPPH
35,HPPHPPPHPHHHPPHHPHHP
36,HPPPPPPHPPHPHHHPHPPP
37,PPHHPHPPHHPPPPHPHHPP
38,PPHPHHPHPHPPPPHHPPHP
39,PHPPPHHHHPPHHPPPHPHP
40,PHHHPPPPHHPHHPPPPPHP
41,HHHHHPHPHPPPHHHHPPHP
42,PHHPHHHHPPPPHHHPHHPH
43,PHHHPPPHPPPHPPPHPPPP
44,HHHHHHHPHHHHPPHHHPPP
45,PHHHPPPHPHPPPPHPPPPH
46,HHPHPPPHHHPHHHPHHHPP
47,PPPHHHPPPPHHHPPHHHHP
48,PPHPHPPPHHPHHPPHPPHH
49,PPPHPPHHHPPHPPPHHHHH
50,HHPPHHPHPPHPHPPHPPHP
51,HHPPHPPHPPHPHPPPPHPH
52,PHPPHPHPPHPHHHHHHHPP
53,PPPPPPHPPPPHHPHHPHHP
54,PHPPHPHHHPHHHPHPHPPP
55,HHPHPHHPHPHHPHPHPHHP
56,PPPPHHPPHHHPHPPHPPPH
57,PPPHHHHPHHPHPPHHHPHH
58,PPPHPPPHHHHPHPHHHPPP
59,HPHPPPHHHPHHPHPHPHPH
60,HPPPPPHPPHHPPPPPHHPH
61,PPHPHHHHHPHPHHHHPHPP
62,PPHHPPPPPHHPHHPPPHPH
63,PPHPHHHPPHHPPHHHHPHH
64,PPPHHHPHPHPPPPHPPPPP
65,HPPPHHPPPHPPPPHHPHHP
66,HHHPHHPPPHPPHHHHHPPP
67,PHPPPHPPPPHPHHPPPHPP
68,PHPPPPPHPPHPHPHPPHPP
69,HHHHHPPHHPPHPPHPPHPH
70,HHPHPHPPPHHHHHPHHHHP
71,HHPHPHPPPPHPHHPPHHPP
72,PPHHPHHHPHHPPHHPPPHH
73,PPPHPHHHPPHHHPPHHPHP
74,PPHPHPHHPHHHHPHPPPHH
75,HPHPPPHPHHHHHHPHPHPH
76,PHPPHHHHPHPHPPPHPHPP
77,HHPHPHHHHPHHHPHPHHHH
78,PPHPPPPPHHPHPHPHHPPP
79,PPPPHPHPPHHPPHPHPHHH
80,PPPHHPPPHPHHHPHPPHPP
81,PHHPHPHPPHHPPPPPPHHP
82,HHPHPHPHPPHPHPHHPHHH
83,HHPHPPHPHHHPHHPHPHPH
84,HPHPPHHPHPHHHPHPHPHH
85,HPHHHHHPPPHPHPPPHPHP
86,PPHHHHPPHPPHHHPPPPPP
87,PPHHPHHHPPHHHPPPPPPH
88,PHHPHPHPPHPPPPPHPHPP
89,HHHHHHPPHPHPHPPPPPPP
90,PHPHPPHHHPHHPPHHHHPP
91,PPHPHPPHHPPPHPPHHHPP
92,PPHPPPHPHPPHPPPHHHHH
93,PHPPHHHPHHHHPHPPPPHP
94,PHHPPPPHPHPPHPPHPPHP
95,HPPPHPPPHPHHPHPPHPHP
96,HHPHPHPPHPPHPPHHHHPH
97,PHHPPPPPHHPPHPHPHHPH
98,PPHPHHPHPHPPHPPPHPPP
99,PHHHPHHPHHPHPHPHHPPH
100,PPPHPHPHHPPHHPHHPPPP
101,PPPPPHHPPPHHHPPPPHHH
102,HHPPPPPHHPPPPHPPHPHH
103,PPPPPPHPPPHHPPPPHHPH
104,PHHPHHPHHHPPPHHPHPPH
105,PPPHHPHHHHPHHPPHHHPP
106,PHPPPHHHPHHPHPHHPPHP
107,HPPHPHPPPHHHHHHHPPHH
108,HHPPHHHHPHHHHHPHPHPH
109,HHPPHPHPHHPPPPHPPPHP
110,HHPPHHHPPHPHHHHHPHPH
111,HPHPPHPHHPHPPHHPPPHP
112,PHHHHHPPHPHHPHHHHHHP
113,HPHHPHHPHHPPPPPHPHPH
114,PPPHPPHPHHPPHHHPHPPP
115,PPPPPPHPPPPPHPPPHHHP
116,HHHPPPHHPPHPPPHPHPHH
117,PPHHPHHPPHPHHHHHPHHP
118,HHHHHPHPPPHPPHHHPPPP
119,PPPPPHHHHPHHHPHPPPHH
120,PHHPPHPPHHHPPPHHHHPP
121,HHHPPHHHHPHPHHPHPPHP
122,PHHHHPHHHHHPPPPHHHHH
123,HPHHPPHHHPPHPHHHPHHH
124,HHHHHPHPPPPHHHPHPPHH
125,PHHPPPPHPPHHHPHHPPHP
126,PHHPHHPHHHHHHHHHHHPH
127,PPHHPHPPPPHPHPPPPPHH
128,HHPPHPPPHHPHHPHHPHPP
129,HPPPHHPHHPHPHHPPPHHP
130,PPHHPPPHHPHPHPHPHPPH
131,HPHPPPPPPHPPPHPHPPPP
132,PPHHPPPHHHHHPPPPPHPP
133,PHHPPHPHPHPPHPHHHPHP
134,HHHPHHPHPPHPHPPPHHPP
135,HPHHPHPHHHHHHPPHHHPH
136,HHHHHPPPPHPPHPHPHHPP
137,PPHHPPHHPPHPPHPPPHPH
138,HPPHHPHPPPPPHPHPPPPH
139,PPPPHPHPHPPHPHHPHPHP
140,PHPPHHHHHPPPHPHHPPPP
141,HPPPHHPHHHHHPPHPHPHP
142,HHPPPHPHPHPHPHHHPHPH
143,PPHHHHPHHPPHPPHHHHHP
144,PPPHPHHPHHPPPHPHHPPH
145,HHPHHHHPPHPHHHHHHPPH
146,HHHHHPPHPHHHPPPHPHHH
147,PHHHHPPHHHHPPPPHPHPH
148,PHHHHHPHHPPPHHHHHHHH
149,PHPHPHPPHHPHPPHPHPPH
150,PPHPHPPHPHPPPPPPHPPP
151,HPHHPHHPHPHHHPPPPHHP
152,PHHPHPPPPHHPHPHHHHPH
153,HPHHPHHHPHHHHPPHHPHH
154,HHHPHPPHPPPPPHPPHHHH
155,PHHPPHHHPHPHPHPPHPPH
156,HPPPPHHHHHHHPPPHHPPH
157,HHHHHPHPPHPHHPHHHHPP
158,PPPPHHPPPHHHPPPPPHPH
159,PHPHHHPHPPHHHHPPPPHP
160,HPHHPHHPPPPHHPHHHPHP
161,PPHPPPPHPPPPHHHHHHHH
162,HHPPPPPPPPHPHHHPHHHP
163,HHPHPHPHPHPPPHHPPHPH
164,HPHPHPHPPHPPPHHPHHHP
165,HPHHPPPPHHHPPHHHPHHH
166,PPHPPHHPPPHHHPPHHPHP
167,HPPHHPPHPPHHPHPHPHHP
168,HPPHPPPPHHPHHPHHPHPH
169,HPHPPPPPPPHPPHHPHPPH
170,PHPPPPHHPPPHHHHHHPHH
171,HHHPPHHHPHHPHHHPHHHH
172,PHHPPHHPPPHHPPPHPHPH
173,HPHPPHHHPHHPPPPPHPHH
174,PHHPPHHHHHPPPPPHHHHH
175,PHHPPPPHPPPHPPHPPHHH
176,HPPHPPPHHHPPPPHHHHPH
177,PHPHPPPHHHPHHHHPPHHP
178,HPHHHPHHPHPPPHHHPHPH
179,PPHHHHPHHPHHPHPHPHPH
180,HPHPHHHPHHHPHPHPHHHP
181,PPHHHPHPHPPPHPPHPPPP
182,HHHHHHHPHHPPPPPHPHPH
183,HHHPHPPPHHPHHHPPHPPH
184,HHHHPPHHHHHPPPHHHHHP
185,HPPHPPPHHHHHPHPHPHHH
186,PPHHPPHPPHPPPPPPPHHH
187,PPPPHHHPPHPPPHPHHPHH
188,HPPPHPPHHPPPHPPHPHPP
189,PPPHPHHPHPPHPPHHHHHH
190,PHPPPPPHHPHHHHPPHPPH
191,PHHPHPHPPPHPHPPHHPPH
192,HPPHHPPHPHPHHHHHPPPH
193,HHHHPHPPPPHPHHPPHPPP
194,PPHHHPPHHPHHPPPHPPHP
195,HHPPHHPHPPHPPPHHPPHP
196,PHHHPPHHHPHPPHPHPHPP
197,PPPHPHHHHHHPPHHPPPPP
198,PPPHPHHHHHPHPPHHPHHH
199,HPHPPHPHPPHHHPPPPPPH
200,HPPPPPHHPHPHPPPHPPHP
201,PHPHPPPPHHHHPHHPPHHP
202,HHPHPHPHPHHHPPPHPHPH
203,PHHHHHPPPPPHPHPHPPHP
204,HHHPPPHPHHPPPPHHHPHH
205,HHHHHHHHHPPHPPPPPPPP
206,HHPPHHHHPPHHPPPPPPPP
207,HPHPHHHPPPPHHHHPHPPP
208,PPHPHPHHHPPPPPPPHPPH
209,PHHPPHHHHPPHPHHPPHPH
210,HPPHHHHHPPHHHHHHPPHP
211,PPPPPPPHHHHHHHHPHPPH
212,PPPHPPHPHPPPHPHPHPPH
213,PHHHPHPHHHPPPHPHPPHH
214,PHPHPHPPPHHHHHPHPHHP
215,PHHHPHPHHPHHPPHPHPPH
216,PPHPHPHHHPPHHHHPHHHP
217,PPPHHPPHHHHHPPPPPHHP
218,PPHHHPHHHHPHHPPPHPPP
219,HPPHHPHHHHHHHHHHHPHH
220,HPHHHHHHPPHHHPHPPPHP
221,PHHPHHPPPPPPPPHPHHPP
222,HHPPPPPHPHHPHHPHHPPH
223,PPPPPPPPHPHHHHPHPPPP
224,HPHHHPPHPHHPPHHPPHPP
225,HPHHHPPPHPPHHPHHPPPP
226,PPPPHPHPHHHHPHHPHPPP
227,PPPHPHPPPHHPPHPPHPHH
228,HHHPPPHPHPPHHPPPPHHP
229,HHHPPPHHHHHPPPPHHPPH
230,PPPPPPPPPHPHPPHPHPPP
231,HHPHPHPHHHHHPHHHHHHP
232,PPPHHPHPPPPHPPPHPPHP
233,HPHPHPPHHPPPPPHHPPPP
234,HHHHHPPHHHPPHPPHHHPH
235,HPHPPHHHPPHHHHHPHHPH
236,HPPPPHHHPHPPPHPHPPHH
237,HPPPHHPHHHHPHHHHHPHH
238,HHHPPPPPHHPHHPHHPPPP
239,PHPPHPPPPHHPHPPHPPHH
240,HHPPPPPPPPHHPHHPPHPH
241,PHHHHHPPPPHHPPPPHPHH
242,HPHHHHHHHPPHPPHPHHPH
243,PPHPPHHHHPHHPHPPPHPH
244,PPHHHHPPPPHPPHHHPPHP
245,HHHHPPPHHHHPPPHPPHPP
246,PHPHHHPPPPPPPPPHHPHH
247,PPPHPHPPPPPHHPHPPHHP
248,PPHHPHHHPHPHPPHHHHPH
249,HPHPPHPPPPPPHPPHHHPH
250,HHHHHHPHPHHPHHHHPPHP
251,HHHPHHHHHHHHHHHPPPHH
252,HHPPPHHPPPHPHHHPHPPH
253,HHHPHPHPPHPPHHHHHHHP
254,PHHPPHHHPPPPPHHHHHHP
255,HPPHPHHHPHHHPHHHPHHP
256,HHPPPHPHPHPPHHPHHPHP
257,HHHPPHPHPHPPHPHHPHHH
258,HPHHPHPHPHHPPPPHHPPH
259,PPPHHHPPHPPPPHPHHHHP
260,HPHHPHPPHHPPHHPHPPHP
261,PPHPPHPHPPHHPHPPPPHP
262,HHPPPPHPHHHPHPHPHPPH
263,HPHPHHPPHPPHHHHPHPHP
264,PHHHPHHPHHHPHHHPHPHP
265,HHPPHHHHPPPHPHHPHPHP
266,HPPHPHPPPHPPPHHHHPPP
267,HPPPHPHHPHHHPHHPPHPH
268,PHPPPPPHHHPPPHHPHPHP
269,HHPPPHPPPPHHHHPHHHHP
270,HPPPHHPPPHPPHPPPPPPH
271,HHPPHHPHPHHPPPHHPHHP
272,HHHHPHPPHHPPHHPHHHHP
273,HPHPHHPHHPHHPPHPHHHH
274,PHPHPPPHHPPHHPHPHPHP
275,HPHHPPHPPHPPHHPPHHPH
276,PPPPPPHHPHHHHPHHPHHH
277,HPPHHPPHPHHHHPPHPPPH
278,PPPHHHPPPPHPHPPPHPHH
279,PPPPPPHPHPPHHPPPPPHH
280,HHPPHPPHHHHPHHPPPPHH
281,HPHPHHHPHPPPPPPHPHHH
282,PHHHHHHPHPPHPPHPHPPP
283,PPHPHPHPHHHPPPPPPPPH
284,PPHHPPHHHHPPHPPPHPHP
285,HHHPPPPPPHHHPHPPPHHH
286,PPHHPPPPPHPHHPPHPPPH
287,PHHHHPHPPPHPHPPHHHPH
288,PPHPPHHHHPHHPPPPPHHP
289,HPHPHPPPHHHPPHPPPPHH
290,PHHHPHPHPHPHPHHPHPPP
291,HPHPPPHHHHHPHHHPPHHH
292,HPHHPPHHPHPHHPHPPHHH
293,PHHHPHHPHHHHPPHPPHHH
294,PPPHPPHHPPHPPPPHHHHP
295,HHHHPPPHHPHHHPPPPPHH
296,PPPPPPHPHPPHHPPHPHPH
297,HPPHPHHPHHPHHPHHPHHH
298,HHHPPHHHHHPHHHPHPHHP
299,PPPHHHHHPHHPHPHPHPHP
300,PHHPPPHHHHHHHPHHPPPH
301,PHPPPHPHPPPHPPPPHHPH
302,HPHHHHPHHHPHPPHHHHHP
303,HHPHPPPHHPHPPHHPPHHP
304,PPHHPPPPHHHPPHHPPPHP
305,HPPHPPPPHPPHPHPHHHHP
306,PHHHHPPHPPPHHHPPPHPH
307,PPPHHHPPPHHHHPPHPPHP
308,PHHPPPHHHPPHHPHHPHPH
309,HHHPHPHHHHPHHHPHHPHH
310,PPHHPHHHHHPHPPHHPPHP
311,HPPHHPHPPHHHHPHHPHPP
312,HPHHHHHHPPHPPPPPHHPP
313,PHPPPPHPHPHHPPPHPPPP
314,PHHPHPPHPPPHHPPHPHPH
315,PHPHHPPPHPPHHPPHHHPP
316,HPPPPPHHHHHPPPPHHHPH
317,PHPHHHPPPHPPHPHHHPHH
318,HHHHHPPHHPPHHHPPPPPH
319,HPHHHHHPPHPHPHPPPPHH
320,PPHHHPHHPHPHHPPHPHPH
321,PPPPHHPHHHPPHHPHHPHH
322,HHPPHPHPHPHPHPPHPHHH
323,PPPHHHPPPPHHPPPPPHPP
324,PPHHPPHPPHHPPPPHHHPH
325,PPHHPHPHPHHPHHPPHHPH
326,HPHPPPPHHHHHHHPHPHPH
327,HPHPHPHPHPPHHHHHPHPH
328,HPHHHPHHPPPPHPHHPHHP
329,PHPHHPHPPHPHHPPPHHPP
330,PPPPPHHPPHHPHHPPHHPP
331,PPPPHHPPHHHHHHHPPPHH
332,PPPHHHPPHHPPHHHPPPHH
333,PPPHHHPPHPHPPHPHHHHH
334,PHHPPHHHPHPHHHPHHHPH
335,PHPPPPHPHPHHHHHPPPHH
336,HPPHHHHPHHPHHPHHPPPH
337,HHPHPPPHHPPHPPHPPHHH
338,PHHHPPPHPPPHPPHHHHHH
339,HHHPHPPPPPHPPHHPHHHH
340,HHHPHPHPHPPPHPPHHPPH
341,HPPPPHPPHHPHHPHPPPHH
342,HPPHPHPPHHPPPHHHHPHP
343,PHPHHPHHPPHPHHHHHHPP
344,HPPPHPHHPPPHPHHHHPHH
345,HHHHHPPPHPHHPHPPHPHH
346,HPPHHHHHPHPPPPHHPHHH
347,PHPPPPHHPPPPHPHPHPHH
348,PPPHHPHPPHHPPHHPPHHP
349,PHHHPHPHHHPHPPPPPPHH
350,HPPHPHHPPHPHPHPHHPPP
351,PHHPPHPHHPPHPPPPHHPH
352,PHHPHPHHHPHPPPPPPPHH
353,PHPPHHHHPHPPHHHHHHPH
354,HPPPPHPHHHPHPPPPPPPH
355,HHPPPHPPHHHPHHHHPPHP
356,HPPPPHPHHHHHHHHPHPPH
357,HPPPHPHPPPHPPHHPPPHH
358,HHHHHHPPPHPPPHHHPHPH
359,HPHHPPPPPPHHHHPHPPHP
360,HPPHPHHPPHHHHHPPHPPP
361,HHPHHPHPPHHPPPPHPPHH
362,PPPHHHPHHPPPPHPHHPHP
363,HPPHPHPPHHHHHHHPPPPH
364,HHPHPHHPHHPPPHHPPPPP
365,HPHHPPHHPHHHPHHHPPPP
366,HPHHHPPHHHPHPHPHPPHH
367,PHHPPPPPPHPHHHHHHPHH
368,PHHPPHPPPPPPHHHHPPPH
369,PHPHPHPHPHHPHPPHPPPP
370,HPHHHHHPPPHPHPHHHPHH
371,HPPPPPPPHHHHPHPPPHHP
372,PPHHHPPPPPHHPHPHHHPH
373,HHHHPHPPHHPHPPPHHPPH
374,PPPPPPPPHHHPPPPPPHPP
375,PPHHPPPPHPPHPHHHPPPH
376,HPHHHHHPHHHHHHPPHHHH
377,PPHPHHPPPHPPPPPPPHHP
378,PHPPPHHPPPHPHPHPPPHH
379,PPPPHHPPPHHPPPPPHHPP
380,PPPPHHPHPHHHHHPHHPPH
381,HPPHHPHPHHHHHPPPPHPH
382,HHHPHHHHPHHHHHPPPHHH
383,PHPHHPHHPHHPHPPPPPHP
384,PPHHHPPPPHPPHPPPPHPH
385,HHPHHPHPHPPHPHHPHHPH
386,HHHHPPPHHHHPHHHPHPHH
387,PPHPPHHPHPPHHHHHHPHP
388,PPHPHHPHHHPPPPPPHHPP
389,PPPPPHHPHPHPHPPHHHHH
390,PHPHPPHPPPPPHPPHPPHH
391,PHPHHPPHHHHPHHHPPPHP
392,PPHHHHHPHPPPPHPHPHPH
393,HHHPHPPHHHHPPHHPHPPH
394,PPPHPHPHHHHHHPHPHPPH
395,HHPHHPPHPPHHPPHHHPHH
396,HPHHHHPPPPHPHHHPPHHH
397,PHHHHHHHPHPHPPPHHPPH
398,PPHPHHHPPHHHHHPHHPPH
399,HPPPPPPHHHPPHHPPHPHH
400,PPHPHHPHPHPPHPHHHPPP
401,HPHHPPHHHPHHPHPHHHPP
402,PHPHPHPHPPHPHPHPHPPP
403,PPPHHHHHPPHHPPHHHPHP
404,HHHPPHPPHHHHHPPPPHPP
405,PPPPPHHHPHHPPHHPHHPP
406,PPHHHPHPHPPPPPHHPHPH
407,PPPHPHPPPHHPHPPHPPPH
408,PHHHPHHHPPPPPHHPPPHH
409,HHPHPHHHHPHHHHPPPHPP
410,PHHHHPHPPPHHHHPHPHPH
411,HPHHPPHPHHPHHPHHHPPH
412,HPHPHPHPPPPPHPPPPHHH
413,HPHPPPPPPHPHPHHPPHPP
414,HPPPHPPHPHHPPHHHPHPH
415,HPPPPPPHHHPPPHPHPPHP
416,PHPPPPPHHPHHPPPPPPPH
417,HHPHHHHHPPPPHHHPPHPP
418,PPPHHHPHPPHHPHHPHHHH
419,PPPHHPHPPPPHHHHHHHPP
420,PPHHPHPPHHHHHPHHPHPH
421,HHPPPHPPHPPHHHPPHPPP
422,PHHHHPPPPPPPPHHHHHHP
423,HPHPPPPPHHHHHPHPHHHP
424,PHHHHPPPHHHPPHHPPPHP
425,HHPHPPHPPPPPPPHHPHHH
426,HPHHPPHHHPHHPPPHPPPH
427,PPHHPPHHHPHHPHHHHPHP
428,PHPHPPPHPPPHPPHPPHPH
429,PPPHPPPHHHPPHHHHHHHP
430,PHPPHHPPPPHPHHHHHHHP
431,HPPPPHPHHPHHHHPPPPHP
432,HPHPHPHPHHPPPPHHPPPH
433,PPPPHPPPHHHHHPHHPPPP
434,PPPPPHHHHPHHHHPPPPPP
435,PHPHHHHHHHPPHHHPHHHH
436,HHPHPHPPPHPPHPPPHHHP
437,HHPHPHHHHHPPPPPHPPPP
438,PPPPPPPPHPHHHHPHPPHH
439,HPHPPHHPHHPHPHPHPHPP
440,PPHPPPHPHPPHPPPHPPHP
441,PPPHPHHPHPPPPHPPPHPP
442,PPHPPHPPHHHPHHHPHHHP
443,HPHPPHHPHHPPHHPPPHHP
444,HPHPPHPPPHPHPPHPPHHP
445,PPPPPHHHHPHHPPHPHPPP
446,PPPPHHPHPHPHPPHPHHHH
447,HPPHPPHPHHHPPHPPPHPH
448,PPPHHPPPPPPHPHPHHPPH
449,HPHPPHHPPHPHHPPHPHHP
450,HPPHHHHPPHHPHPPHPPHH
451,PHHHHPHPPPHHHPHHPHHH
452,HPPPPHPHHHHPHHHPHHHP
453,PPHPPHHHHPPPHHHPHHPH
454,PHHHHPPPPPHHHHHHHPHH
455,HPPHHHPHPPHPHPHHPPPH
456,HHPHHHHPPHPPPPPPPPPH
457,HHPPHPPHPPHHPPHHPPPP
458,HPPHPPPHPHPPPPHHPHPH
459,HHHPHHPHPHPPHPHHHHPP
460,HHHHHHHHPHPPPPHHPPPH
461,HHHHPHPHPHPHPPHHPHPP
462,PPPHHHHPHPHHHHPPHHHP
463,HPHPPPHHHHPHPPPHPPHH
464,PPPHHHPPPHHPHHHPPPPP
465,HHHPPHPPPPPPPHHPPHPP
466,PPPPPHHHPHHHPHHHPHHH
467,HPPPHHPHHPPHPHPHHHPH
468,HPPHPPPHPPPPHHPHHHHP
469,HHHHPPPHPPPHHPHHPPHP
470,HPHPHHHHHPHPHPPPHPPH
471,HPPHHPPPHPPHHHPPHPPP
472,HPPHPPPHPPPPHHHPHPHH
473,HHPHHHHPHPHHPHHPPPPP
474,PPPPPPPPHPPHHPHPHPPH
475,PHPPHPPPHPHHHPHPPHPP
476,HPPHHHPPHPHHHPPHPHPP
477,PPHHPHPHHHPHHPHPPHPP
478,HPPPPPPPHHHHHHHPHHHP
479,PPHPHHHHHHHHHHHHPPPH
480,HPPPPHPPPPHPHHPPHHPH
481,HPHHPHPHPHHHHPHHHPHH
482,PPHHHPPHPHHHPPHPPHPH
483,PPPHPPPPPHPPPHPHHHPP
484,PPPPHPPHHHPHPPHPHHPP
485,HHHHPHPPHPPHPPHHPPPH
486,PHPPPPHHPHHHHPPHPHPH
487,PHHHPHPPPPHHHPPHHHPP
488,HHHHPHPHHHPPPHHPHHPH
489,HPPPPHPPHHPHHHPHPPHP
490,HPPPPHPHPHHHPPPPHPPH
491,HPHHHHPPHHPHHPHPPHPH
492,PHPPPPHHHHPHHHPHHPHH
493,HHPHHPPHPPPHHPPHHPPP
494,HPPPPPPPHHPHHHHPPPHH
495,HPHHPHHHHPHPPHHHHHPP
496,HHPPHHHPPHHHHPHPPHPH
497,PPHHPPPPPPPPHPHPHPHH
498,HPHHPHHHPPHPHHPPHHPP
499,PPPHHPHHPPPPPHPPPPPP
500,HPHHHPHHHPHHPHHHHPPP
501,HPHPHPPHPPPPPHPHHHHH
502,HHPHPHHPPPHHHPHHHPPP
503,HPHPHHPPPHPHPPPHHHPH
504,HHPHHHHPPHHPPPHPPPPP
505,PPHPPHPHPHHHHPPHHHPP
506,PPPHHPHHHHHHPHHPHPPH
507,PPPPHHHHHHHPHHHPPPPH
508,HHPHHPHPPHPPHPPHHPHH
509,HHHHPPHPHPPPPPHPPHHP
510,HHHPPHHPPHPPHHPPHPPH
511,PPPHHHPHHHPHPHPHPHHH
512,PPHHPHPPHHHHHHHPPPPP
513,HHHHPPPPPHPHHPHHPHPH
514,HPHHHPHHHPPPPPPHHHHP
515,HPPHHPPHHPPPPHPHPPPP
516,HPHHPPHHPPPPPHPHPHPP
517,PPHPPPHHHPPHPPHPHPHH
518,PPPHHHHPHPHHHPPPHHHH
519,PHHHHPPHPPPPHHHPPPPP
520,HPHPHHPHHPHHHPHPPPHH
521,PHHHHHHPHPHPHPHPPPPH
522,PHPPHPPHPHPPPHPPHPHP
523,HHPHHHHHPPPHHPHHHPHP
524,HPHHPPHHHHPPPHHPPPHH
525,PPPHPHPPHPPHPHHHHHHP
526,HPPHHPPHHPPHPPHPPHPH
527,HPPPHPHPPPPHPPPHHHHH
528,PPPPPPPPPHPPHPHPPPHP
529,PHHPPPPPPPPHPHPHPHPP
530,HHPHPHHHHHPHPHHPPPHH
531,PHHPPHPHHPHPPPPHPHPH
532,HPHHPHPHHHHPHHHHPPPH
533,HHPPHPHHHPHPHHPPHPPP
534,PHHPPHPHPPHPPHHHHPPH
535,PPPPHHPHPPPHHHHHPPHH
536,PPPPHHHHHHHHHHHPHHHH
537,PPHPHPHPPPHHPHHHPPPH
538,HHPHHPPHPHHHPHPPPHPH
539,PPHPHHPHPPHPHPHHHHPP
540,PHPPHHHPPHHPHPHPPPPH
541,PPHPHPHHHPPPHHPPHHHP
542,PHPHPHHPPHPHPPPHHHHP
543,PPPPPPHPHPHHPHHPPPHH
544,HHHHHPHPPPPHHHHPHPHP
545,PHHHHHHPPHPPPPHPPPPP
546,PHPHPPPHPHHPPHHHPPHH
547,PPHHPPHHPPHPPHPHPHPP
548,PHHPPPHPPPHHHHHPHHHP
549,PHHPHPPHHHPHPHHHHHHP
550,PHPPPHPHHHHPHPHPPHHP
551,HHPPPPHHPPPHPPHPPPHH
552,PHPHHPHPPPHHPHPHPHPH
553,HHHHHPPHHPHPPPHPPPPH
554,HHPHHHPPHHPHPPPPHPPP
555,HHPHPHPHPHPPPPPPPPPP
556,HPPPHPHHHHHPPHHHHHHP
557,PHPPPHHPHHPHPPPPPPPP
558,HHPPHHHPPHPPHHPPHHHP
559,HHHPPHHHHHPPPHPPHPHP
560,PHHPPHHPPPPPHHPPPPHH
561,HHHHPHHHPPHHHHPPPPHH
562,PPPHPHHPHHHPHHHPPHHH
563,PPPPPPPPPHPHPHPHHPHH
564,PPHPPHHHPHHPHHHHHPHP
565,PPPHPPHPPPPPPHHPHPPH
566,HPHHHHHPHPPHPPHPHHHH
567,PPHHPPPPPPPHHHPPPPHP
568,PHHHHHHHPHHPHHHHPPHH
569,PHHPHPPPHHPHHHPHHHPH
570,PPHHHHHHHHHHPHHHPHPH
571,PPHPHHHHHHHHPPPHHPPH
572,HPHHHHHHPHHPHHPPPHPH
573,HHPPPPPPPHPHHPHPPPHP
574,PPHHPPPHPPHHPHPHPHPP
575,HPPHHHPHPPHHPHPHPPHP
576,PHPPHHPHHPPHHHHPHHPP
577,PHHHPPHHPHPPPPHHHPHH
578,HPPPHHHPHHHPHPHPPHPP
579,PHPHHPHPPPHPHHHPHHPP
580,PPHHPHPHPHHHPHPHHPHH
581,HPPHHHPHPHHHPHPPPPHP
582,HPPHPPPPPPHHHPHHHHHP
583,HHPPHPHPHHHHHHPHPHPP
584,PHPHHPHHPPHPPPHPPHPH
585,PPHHHPPPPPPHPHHHHHPH
586,PHPPPPHPHPHPPHPHPPPP
587,PPHHHHHHHPHHHPPPHHPH
588,HPPPHHPPPHHHPPPPPPHP
589,PPHHPPPHPPHPHPHPHPHP
590,HHPPHPPHHPHPPHHHPHHH
591,PHPPHHHPPHPPPHPHHHPH
592,PPHHPPPHPPPPPHHPHHHP
593,HHHPHHHPPHPHHPHPPPHP
594,HPPPHHHPHPHHPHPHHPHP
595,PHHHPHHPPHPHPHPHPHPP
596,HHHPHHHPPHHPPHHPPPHP
597,PHPHHHHHHHPPPPPHHPHP
598,HPPHPPPPPHPPHHPPPHPP
599,PPHPHHPPPPPHPHPHPPPH
600,HHHPPPHHHHPHPHPPPPPP
601,PHPHPHPPPHHPHHHPHPHH
602,PPPHPPPHHHPHHPPPPPPH
603,HHPHHHHHPPHPPHHHHHHP
604,PHPPHPPPPPPHHHHHPPHP
605,PPPPPHPHHHHHPPHPHHHH
606,PHPPHHPPHPHPPPPPPHHP
607,PHHPPPPHHHHPHHPHPHPP
608,HPPHPPHHPHHHPHHPPPPP
609,HHPHHHPPPHPPHPPPPPPH
610,PHHPHHHPHPHHHHPHHPHH
611,HPHHHHHPHPPPPHHPPHHH
612,PPPHHHHPPHHHHPPPPHHP
613,PHPPHHPPHHHHHPHHPPHH
614,PHPPHHHHPHHHHPHHPPPP
615,PHPPHPHHPPHHHHHHPPHP
616,PHPPPHPPPPHHHHPHPPPP
617,PHHPHHPPPPPPPHHPPPPP
618,PPPPPHHPHPPHHPPHHHPH
619,HHPPHPPHPHPPHPHHHHHH
620,PPHHPHPPHPHHPPHPHHHH
621,HHPPPPPHPHHHHHPHHHHP
622,PPHPHHPPPPPHPPPPPHPP
623,HPHHHHHPPPPHHHHPHHHH
624,HHPHHPPHHPHPPHPHPHHP
625,HPHPPPPPHPPHPHPPPHHH
626,HPPPPHHPHPHPPHHPHHPH
627,HPPHHPHPHHHPPHPPHHPP
628,HPHHPPPPPHHHPHPPHPPP
629,PPPHPPPHPPPHHPHPPPHH
630,PPPPHPPHPHPHHPPPPHHH
631,HHHHPPPPPPHHPPHHHPHP
632,HPHPPHHHPHHPPPPHPPHP
633,HPHPHPPPPPHPPHHPPHPP
634,HPHPPPHHHPPHPHPHPPHP
635,HPPHPHPHPPPHPPPPPHHH
636,PPHPPHHHHHHPHPPPHHPP
637,PPHHHHPPHPHPPPHPPPPH
638,PPHHHHPPPPPHPPPPPHPP
639,HHPHPPHHPPHHPHHHHPHH
640,HPPPHPHHHHPPHPPPPHHP
641,PPHHPPHPPHHHPHPHPPHH
642,PHHHPPHHHHPHHPHPHHHH
643,HPPPPPHPHHHHHPHPHHPH
644,PPHHPPPPPHPPPPHHPPHH
645,PHPPHHPPPHHHPPHHPHHH
646,HHHHPPHPHHPPPPHHHHHP
647,PHPPHHHPHHHHHPHPPPHP
648,HPHPHHHPHHPPPPPPPPHP
649,HPPPHHHPPPHHPHHHHPPH
650,HPPPHPPHPHHHPHPPPHPP
651,PPPPHPHPHHPHPHHPHPHH
652,PHHHPPPPPPPHPHHHHHPH
653,HPPHPPPPPHPPPHHHHHPH
654,HHHPHPHPHHPPPPPPHPHP
655,PHPHHHHHHPHHHPHHHPPP
656,PPPHHPHHPPHHPPHHPHHP
657,HHHPHHHPHHPPPHHHPPHP
658,HHHHPHPHHPHPHPHPPHPP
659,HPPHHHPPPPPHPPHHPHHH
660,PPPHHHHPHPHHPPHPPPPH
661,PHHHHHHPHPPPPPHHPHHP
662,HHHHPHPHHPPHHHPHHPHP
663,PHPHPHPHPPPHHHPPHPHP
664,HPHPPHPPPHPPPPHHPHHP
665,PHPHHPPHHHHPHHHPHHPP
666,PHHHHPPHHPPPPPHPHHPH
667,HHPPHHHPPPHPPHPHPHHH
668,HHHHPHPPHPPPPHPHHHHP
669,PPPHHPHHHPPPHHPHPPPH
670,PHPHHHHHHHHHPHHHPHPH
671,PHPPHPPHHPPHPHHPHPPH
672,HPPHHHPPPPPPHHPHPHHH
673,HPPPPPHPHHHPHHHPPPPP
674,PHHPHPHHHPHPHHPPHHPH
675,HPPPPPHHHPHPHHPHHHPP
676,PHPPPHPHHPPPHPHHHPHH
677,PHHHPPPPHPPHPPHHPPHH
678,HPPPHHPHHHPHHHHHPHHP
679,HPPHHHHHHPHHPPHHPPHH
680,HPPHPPHPHPPPHHHHHPPH
681,PPPHHHPPHHHPPHPHHHHH
682,PPPPHHPHPPPPHHHHPPPP
683,PPHHHPPPHHPHPPHPPHHP
684,PHPHPHHHHHHHPHHHPHHP
685,HHHHPHHHHPHPHHPPHPHP
686,PHHPPPHHPPPPPHPPPPHH
687,PPPPHPPHHHHPHPPHHHPP
688,HHHHHPHPHPHHHPHPHHHP
689,HPHHHHHHPHPPHHPPPPHP
690,HHPHHHHPPHHPHHPPPPHP
691,PPHHPPPPHHHHHPHHPPPH
692,PPPPPPHHPPHPHHPPPHHH
693,PHPPHPPPPPHPHPPHHPHH
694,HPPHHHPHPPPHPHPPHPHH
695,HPHHPHPHHHPHHHHHHHPH
696,HHHHPHPHHHPPPHPHHHPP
697,HHHPHPHPHPHHPPPPHPHP
698,HPPPPHPPPHHHHHPHPHPP
699,HHHPPPPPHPPHPHHHHPPP
700,HPPHHHPPHHPPHPPPPHHH
701,HHHPPHHPHPPPPHPPPPPP
702,PPPHPHHHHHHPPPHPPPHP
703,PPHHPHPPPHHPPPHHPPPH
704,PHPPPPHHHHPPPHHPPHHH
705,HPPPPPHPHHHHPHPHPHPH
706,HPHPPPHHPHHPPHHHHHHP
707,HHHHHPHPPPHPHHPHHHPP
708,PPHHHPHHHHHHPPPPHPPP
709,HHPPHHPPPHPPHPHHHHPH
710,PPHPHHHHHHPHPPPPHPPH
711,HHHPHPPHHPPPHHPPPPPP
712,HHHPHPHHHPPHHHHHHPPP
713,HPHPPHHHPHPPPHPPPPHH
714,HHHPHPHPHPHPHHHHPPHH
715,HPPPHPPHHPHPHPHPPPPH
716,HHPHPHHHPHHHPPHHHPPP
717,PPHPHPHHHHHHHHPPHPHH
718,PHPHPPPHHHHHPPPPPHPH
719,HPHPPHHHPHHHPHPPHHPP
720,PPHHHPPPHPPPHHHPHPHH
721,HHPPHHHPHPPHHHHHHPHP
722,HPPHHHPPHHPHHHPHPPHH
723,PPPPHHPPHHPPPPPHPHHP
724,PPPPHHPHPPPPPPHPHPHH
725,PPHPHHPPHHHHHPHHPPPH
726,PHPPHHPPPPPPHHHHHHHH
727,PHPHPHHPPHPHHHHHPHPP
728,PHPPHPHHPPPHPPPHPPPH
729,HHPPHHPPPPPPPHPHHPHP
730,HHPPHPHPHPHPPPPHPPHH
731,HPPPHHPPPHPPPPHHHPHP
732,HPHPHHPHHPHHHHHPPHPH
733,PPPHHHHHHPHHPPPHPPHP
734,PPHHPPHPPHHHHHPPHPPP
735,PPPHPPPPHPPPHPHHPPHH
736,PPHHPHPPHPHPHPPPHPHH
737,PHHPPPHPPPPHPPHHPPPH
738,PHHHHPPPPPPPHHPHHHHH
739,PPPPPPHHPPHPPHPPHHHP
740,HPPHHPHHPPHPHPPHPPHH
741,PHPHHPHPPPHPHPPHHPHP
742,HPPHHHHPPPPHPPPHPHHH
743,PHPHPPPPHPPHPHHHHPPH
744,HHPPPHHHPHHPHHPHHHPP
745,PHPPHPPPHHHPPPHHHPPH
746,HPHPHHPPHHHPPHHHHHPH
747,HHPPHPPHPPPPPHHPHPPP
748,PPPHHPPPHHHHHHPPPHPP
749,PHPHPPHPHPHPHHPPPHHH
750,HHPHPHPPPHHHPHHPPHPP
751,HPPPHHHHPPHPPPHPHHPP
752,PPHPHPPPHPHPPHPPPHPP
753,PPPHHHPHHPHPPHHHHPPH
754,HHPHPPHPHHPPHHHHPPHH
755,HHPHHPPHPHHPPPPPPPPH
756,HPPPPHHHPHHHPPPPHHHP
757,PPPPHHPHPPHHHPPPHHHP
758,HHPPPHHHPHHHPHPHPHHP
759,PHPHHPPHPHPHPHHPPHHP
760,HPPPHPPPPHHPHHPHPHHP
761,HHHHPPPHHPPHPPPHHPHP
762,HPPPHHHPPHHHPPPPPPHP
763,PPPPPHPPPHHHHHPPHHPP
764,HHPPHPHHPPHHHPPPPPPP
765,HPPPPHHPHPPPPPPPHPPP
766,PHPHPHHHHHPHHPPPPHPP
767,HPPHHPPPHPHPHPPHHHHP
768,PHPHPHHHPPPPHHHPPPPP
769,PHHHPHPHHPHPHPPPHHPP
770,HPPHPHHHPPPPPHPPPPHH
771,HPHPPHPPHPPHHPHHHPHP
772,HPHHPHPPPPHPHHHPHHHH
773,HPPPHPHPHHHHPHPPHPPP
774,HHPHPHPPHHHHPHPHPHPH
775,PPPPPHHHHPPPHPHPPPHP
776,HHHHPPHPHHHPHHPHPHHH
777,PPHHPHPPHPHPHHPPPPPH
778,HPPHHPHPPHHPHPHPHPPP
779,PPHPPPPHHPPPHPHHHHPP
780,HPPPPPPPHHPHHPHHHPPP
781,PHPPHHHHHHHHHHHPHHPH
782,HPPPPHPHPPHHHPPPPPHH
783,PHPPPPPHPPHPHHPHHPPP
784,PPHPPHHPPHPHPHPHHHPH
785,HHHPPHPPHHHPPPPPHHPH
786,HPPPHPPPPPPPHHHPPPPH
787,HPHHPPPHPPPPHHPPPHPH
788,PHHPPPPPHPPPPHPPHPHH
789,PHPHHPHPHPHHPPHPPHPH
790,HPHPPHPHHHPHPPHPHHHH
791,HHHPHPHHHHHPPPHHHPPP
792,PHHPPHPPPHPPHPPPHPHH
793,HHHHHPPPPPHHPHHPPPPH
794,HPPHPPHPPHHHPPHPPHHP
795,PHPPPPPPHHHHHHPPPHPH
796,PPPPHPHHPHPPPHPPPPHH
797,PPPHHPHPHHPPPPHHPHHP
798,PPPPHPHHPPHPPPPHHHPH
799,PHHPPHHPPHHHPPHPPPPP
800,HPHPPHPPHPPPPPPHPPPP
801,HPHHPPPHHHHHPHPPPPHP
802,PPHPHHHPHHHHHHPHHHHP
803,PPPHPPPPHPPPPHHHHPPP
804,PHHHHPPHHHHHHPPPHHHH
805,PHPPPPHPPHPHPHHHHHPH
806,HHHHPHPHHPHHPPPHPHPP
807,HHHHPHHHPHPHHHPHHHPP
808,HHHPPHPHPPPHPHHPPHHH
809,HHPHHHPPHHHHPPHHHHHH
810,PPPPHHPPHPPPHHPHHHHP
811,PPPHPPHPHPPPHPHHHHHP
812,PPPHPPPHHPPHPPPPPHHP
813,HPHPPHHPPHPPHPHPHPPH
814,HHHHPPPPHHHPHPPPPPPP
815,PHHHPPPHHHPHHHPHPHPH
816,PHPPPPPHPHHPPHHPPHHP
817,HHHPPHPHHHPHPHHPHHHP
818,PHPPPPHHHHPPHHHPPPPP
819,HHPPPHPHPHPHPHHHHPPH
820,PHPHHPPPHHPPPHPPPPHH
821,HPHHPPPHPHHPHPPHHPPH
822,PHPHHHPPPHHHPPHHPHPP
823,PPHHHHPHHHPHPPHHPPHP
824,HPPHHPPPPHHPHHPHPHHH
825,PPHPHPHHPHPPPPHHPPPP
826,PHPPHPHPHHPPHHPPHHHH
827,PHPPPHPPPPHHPPHHHHPH
828,HHHPHPHHPHPHHHHHPHPH
829,HHPHPPPHHPHHHHPPHHHP
830,PHPHHHHHPHHPHPPPHPPH
831,HHHPHPHPPHHPPPPPPHPP
832,PHPPPPPPPHPHPPPHHHHP
833,PPHPPHHHPHPHHPPHPHHP
834,PPHHPPHPPPPHHPPHHPHH
835,PHPHHPHPHHPHPPPPPHPP
836,HHHPHHPPPPHPHPPPHHPP
837,PPHHHHHPHHPHHHHPPPPP
838,PHHPPHPHPPPPHPHHHHPP
839,HPPPHPPPPPPHHPHHHHPP
840,HPHHHHHHHHPPPHHPHPHH
841,PPHPHHPPPPHHPHPPPPHP
842,HPPHPPPHPHHHPPPPHHPH
843,PPPHPHPHHPPPHPPPPPPP
844,HPHPPHHPPPPPPHPPPHPH
845,HHPPPHPHHPHHHHPHPHPH
846,PPPHPPPHHPHPHHHPPHHP
847,PHHPHHHHPHPHHPPPPHHP
848,PHHPHHPHHHPHPPHPHHPP
849,PPHPPHHPPHHPPHHHPPHH
850,PHHHHPHHHPPPPPPPHHHH
851,PPHPHPHHHHHHHPPHHPHP
852,PPPHPPPHPPPHPHHPHHPH
853,HPHPHPPHPHHPPPPPPHHH
854,HPPPPPHPHPHPHPHPHHHP
855,PHHPPHHPHHPPHPPHHHHH
856,HPHPHPPPPHPHPHPPHHPH
857,HPHHPPPHHPHHPPHHHPHH
858,PPHHHHHHPPHPPHPPHPHH
859,PHPPHPHHPPHPPPHHHPPH
860,HPHPHHHPHHHPHHHPPPHP
861,PPHPHPPHHHPPHHHHHHHP
862,HHHHPPPPPPHHHHPHPPHH
863,HHHPPHHHPPPHHHHHHPPH
864,HPHPPHPHHPHHHHPHPHPH
865,PHPPHHHHPPHHPPHHHHPP
866,PPHPHHHHPPPHHPPHPHPP
867,PHHPHPHHPPPPPPHHPPHP
868,HPHHPPPPHPPPPHHPPPHP
869,HPPHHHHPHPPPHHPPHPHP
870,HHHHHHHPPHHPHPHHPHPH
871,PHPPHHHPHHPHPPHHHPHH
872,HHHHPHPPHPHHHHPHPPHP
873,PPPHPHHPPPPPPPHPHHPP
874,PPPHHHHHHPPHPHPHHPHP
875,PPPHHPPHPHHPPPHHHPPP
876,HPHHPPHPHHPPPPHPHPPH
877,PHHPPHHHPHHHHHHHPHPH
878,PPPPPHHHHPHPHPHPHPPH
879,HHHHPHHHHPHPHHHPPHPP
880,HPPHHHPPPHPHHPHHHHPH
881,HPHHPHHHHPPHHHHHPHHP
882,PHHHPHHPHHPPHHHPPHPP
883,HPPPHPPHPHHPHPHPHPHP
884,HPPPPHPHHHPHHPPHPPPH
885,PHHHHHPHPPPHPPPHPPPH
886,HPHPHPPPPPPHHHHPPHPH
887,HHPPHPHPPHPPHPHHHHPP
888,HHHHHHPPHPPPHHPPHPHP
889,HHHPPHHHHHPPHHHPPPPP
890,PPPHPHHPPPPPPPPHHHPP
891,HHHPHPPHPPHHHHPPPPHH
892,HPPPHPPPHPPPHPPPPPPP
893,PHHHPHHHPHHHPHHHHHHP
894,PHPPHHPHPHPPPHPHPHHP
895,PPPHHPHHPHHPHPHHPPPP
896,PHHPHPHPHPHPPPPPHPPP
897,PPHPHPPPPHHPPHHPPHPH
898,PHPHHPPPPHPHHHPHHPPH
899,PHHPPPHHHPPPHHHPHPPP
900,HHPPHHHHHPPPHPPHHHPP
901,HPPPPHHHPPHPHPPHPHHP
902,HHPHPPHPHPPPPPHPHPHP
903,PHHPHHPHPPHHHHPPHHHH
904,PPHHPPHPPHHPHHHHPPPP
905,PPPPPPPPHPPHPHHPPPHH
906,PPPPHPPPHHHHHPPHHPPH
907,HHHHHPHPPPHHHHPPPPPH
908,HPHHHHPPHPPHPHHPPHPP
909,PPHPHPPHPHPHPHPHPPPP
910,PHHPHPPPPPPHPPPHPPHH
911,PPPPHPHHPHHHHHPPPPPH
912,HPHPPHPPPHPPPHHPPPHP
913,PPHPPHHPPHHPHPPHPPHP
914,HHPPHPHPHHPHHPPPHPHP
915,HPPPPHPPPHHPHPHPHHHH
916,HHPHPHHPHHPHHHHPPHHP
917,PPPPHPPPPPPHHPHHPPHH
918,HHPHPHHPPHPHPPPPPPHH
919,PPPPHPHPHPHPPHHHPPPH
920,PHHHPHPHPPPPPHPHPHPP
921,HHPHPPPHPPHPHHHHPHHP
922,PHHPHHHPPPHHHPHHHHHP
923,PHPHPPPHPPHHHPPHHHPH
924,PHPHHHPPPHPHPHHPPHHP
925,HHHPPHHHPHPPHHHPPPPH
926,PPPPHHPPPHPHPHPHHPPH
927,HHHHHPPPHPPPPHPPPPHH
928,HPHPPHPHPPPHPHPHHHHP
929,HPHPPPPHPHPHPHPPPPHP
930,HHPPHHHPPHHPHPHHPHPP
931,HPHPHHPPPHPHPHHPPHPH
932,PPPPPHHHHHHHPHHPHPPP
933,PPHHHPHPPPPPPHHPHHHH
934,PHHPHPPPPHPHHHHHPHPP
935,HPPHHPHPHHHHHPHHHPPH
936,PHHPHPPHPHPHHPPPPHHP
937,HPHHPPHHPPHPPPPPHHHP
938,PPPPHHPPHPHPPPHHHPPP
939,HPHPPHHPHHPHHPHPHHPH
940,HHPPPHPHPHPPHPHPPPHP
941,HHHPHHHHPHHHPHPPPPHP
942,HPPHPHPHPPPHPPPPHHHP
943,PPHHHHPPPPHPPHHPHHPH
944,PPHPPPHPHPHHPHPHHHHP
945,PHPPHHPHHPHHHHHPHPHP
946,PHPHPPHPPPPHHHHHHPHH
947,PHHHHPHPHPPPPHHHPPPH
948,PPHPPPPHHPHPHPHHPPPH
949,HHHHPHPHHPHHHHPHHPPH
950,PHHHHPHPHHPPPPPHHHPP
951,HPHHHPPPPHHPHPPHPHPH
952,PHHHHPPPPPHPPHHPHPPH
953,HHHHHHHPHHPHHPPHPHPH
954,HPPPHHPHHPHHPPHPHHHH
955,PHPHPPPPPHPPPPHPPPHH
956,HHPHHPHPHHPPHHHHPPPH
957,HHHPHPPHHPHHHPHPPPHP
958,PHHPHPPPHHHHHHPHHHHP
959,HHPPHPHPPPPHPHPPHHHP
960,PHHHPHPPPPPPPPPPPHHP
961,PPHHPPHHHHHPHHPHHHPH
962,HHPHPPPHPPPPHHHPHHHP
963,HHHHPPPHHHHPPPPHPPPP
964,HPHHPPHHPHPPPPHHPPPH
965,PPPHPPPPHHHPPHPHPHHH
966,PHHPPPHPHHHHHHHHHHHP
967,HHHHHPHPPHPHHHHHHHPH
968,HPHHPHHPHPPPHPHPPHHP
969,HPHPPHHHPPHHHPPPHPHP
970,PHPPHPPHPHHHHPPHHHHH
971,HHPHPPHHPHHHPPPPHPHP
972,HPPHPPPHHHPPPPHHPHHH
973,PHHPPPHPHPPHHHHHHPPH
974,HHHPHHPHHPHPPHPHHHHH
975,HPPPPPHHPPPPPHPPHHPH
976,HHPHHHPPHPHHPHPHHPPH
977,PPPPPHPPPPHPPPHPPHHP
978,HPPHHHHHHPHHHHPPPHPP
979,PPHHHHPHPHHHPPHPHPPP
980,PHHPHHPPPHHPHHHPPHHH
981,PHPHPPHPHHHHPPHHPHHH
982,HHHPHPHHPHPHHPHHPHPH
983,PHPPPPPPPHHPHHHHPHHH
984,HHHHHHHPPHPPPHHPPHHH
985,HHPHHHHPHHHHHPPPPPHP
986,HPPPHPPHHPPHHPPHPHHH
987,HPPPHPHPHPHPPPPHPHHH
988,PHPHHPHPPHHHPPPPPHPH
989,PHHPPHHHPPPPPPHHPHHP
990,PPPHHHHHHHHHPHHHPPHH
991,HPHPHPHPPHHHPHHHHHPP
992,HPPHPHHPPPPHPHPPHHHH
993,HPPHPHHPPHPHPPPHPHHH
994,HPHHPPHHPPPHPPPHPPHH
995,PPHHHPPPPHHPHHPHPPHH
996,PPPHPPPHPHPPHPHPPPPP
997,PPPPHPHPHPHHHPPHHHPH
998,PHPPHHHPPHPPPHHPPHHP
999,HHPHPPHHPPPHPHPHPHHH
1000,PHPHHHHHHHPPHPHPHHHP
1001,PPPPPHPHPPHHPPHPHPHP
1002,HHHHHHPPHPHPHHHHPHPP
1003,HPHPHHPPHPHPHPPHHHHP
1004,PHPHHPHPHPPHPHHPHPHP
1005,HHHHPPHPHPPHHHHPPHHP
1006,HHHHPHPPHPPHHHHPHHPH
1007,PPHHPPPPPPHPHHPPPPPH
1008,PHPPHHHPHPHPPPHHPHPP
1009,HHPHPPPHPPPPPPHPHPPH
1010,PHPHHHPHPHHPHPPHHPHH
1011,HPPPHHHHPPPHPPHPPHHP
1012,HHPHPPPHPPPHPHHHPHHH
1013,HPPPHPPPHPHHPPHPPPHH
1014,PHHPPPHPHHHPPPPHHHPH
1015,HPPHHHHHHPPPPPPHHPHH
1016,PHPPHPPPHPPPPHPHPPHP
1017,PHHPPHHPPPPHHPPHHHHP
1018,PPPHPPHHPPPHHHPPPHHP
1019,HPHHPPPHPHHPHPPPPPHH
1020,HPHPPPHPHPPHPHHPHHHP
1021,PHHPPPPHHHHHHHHHPPPP
1022,PHHPHPPHHPHPPHPPHHHH
1023,HPPHHHPPHHPPHPHHPHHP
1024,PHHPHHHHHPPHPHHPHHPP
1025,HHPPHPHPHHPPHPHHHPPH
1026,HHPPPPHHHPHHHHPHPHHH
1027,PHHHHPPPPHPPPHPHPHPH
1028,HPPHHHPHHPHHHHPHPHHH
1029,HHPHPPPHHHPHPHPPHHPP
1030,PPHPPHHHPHHPPHHHHHPH
1031,HHHHHPHPHPPHHHHPHHHH
1032,HHHPHHHPPPHHHPHHPHPP
1033,PPHHPPHHHHHHPHHPPPHH
1034,HPHPPHPHHPHHPHPPHHHP
1035,HHPPPPPPPHHHPPHPHHHP
1036,HHHPHHHHPPPPHHPPPPPH
1037,HPHPPPHHHHPHPPPHPHPP
1038,HHHHPHPHPPPHHPHPPPHH
1039,HPPPPPPPHHHPHPPHPPPP
1040,HPHHPPPHHHPHPPPHPPPP
1041,HPPPPPHHPHPPHPPHPHHP
1042,HPHPHPHPPHHPHHPHHHHH
1043,PHHHHHPPHHPHPPHHPHPH
1044,PPPHHPHPPHPHPHPPPHPP
1045,HPPPPPHPHHHPPHPPPPHH
1046,PPPPPHPPHPHHHHHHPHPH
1047,HPHPPHPPHPPHHHHHHPHH
1048,PPPPHHPPPHPPPPHPHPHP
1049,HPHHPPHHHHHHPHPHPHHH
1050,PHHPPPHHHHPPPPHPHHHP
1051,PHPPHHPHHHHPHHHHHHPP
1052,PHPPPPHPPHPHPPHHPHPH
1053,PHHHHHHHHPHPHHPPPPHP
1054,PPHPPPHHHPPPPHPPPHPH
1055,PPPHHHPPPHPPHPPPHHPH
1056,PPHPHPPHHHHHPPPPHPHH
1057,PHHHHPPHHPPHPPPPHHPP
1058,HPHPHHPPPHHHPHPHPHPH
1059,PPPPHHHPPHHHHPHPHHPH
1060,HPHHHPHHPHHPHHPHPPPH
1061,HPHPHHHPHPHPHPPPHPPP
1062,PPHHPHPPHPHPHHPHHPHH
1063,PHPHPHPHPPPPHPHPHPPH
1064,HPHHPHHPHPPPPHHHPHHP
1065,HHHHPHPHPPHHHHHPHPHH
1066,HPHHPPHHPPPHHHHHPPPH
1067,PPPHHPHHHHPHHHHHPHPH
1068,PPPPHHPHHPHHPHHPPHHH
1069,HPHPPPPHPPHHPPPPPPHP
1070,PPHPHHPHHPHPHPHHPPHH
1071,HPPPPHPHPHPHHPHHHPPP
1072,HHPHHHPHPPHHPHHHPHPH
1073,HHPHPHPPPHHHHHHHPHPH
1074,HPHPPHHPHPPPHHPHHPHP
1075,HHHHPPHHPHPHHHHPHPPP
1076,PHHPPPPHPPPPHHPPPHPP
1077,PHPHHPHHPHPHPPHHHHHP
1078,PHPPPPHHHPPPPPPHPHPP
1079,PPHHPPHPHHHPHPPHHHPP
1080,PHPHHPPPHHHHHPHPHHHH
1081,HHHHPPHHHHHPPPPPHHPH
1082,PPHHPPHPPHHHPPPPHPHH
1083,HPPPPHPHHHHPPHPHPHPP
1084,PPHPPPPHHPPPHHHPHHHH
1085,PPHHPPHPPPHHHPHHPHHP
1086,PPPPHPPPHHPHHHHPPHHP
1087,PHHPPPHHPHPHHHHPHPPH
1088,HHHPHPPHHPPPHPPHPPHP
1089,HHPPPPPPHHPHHHHPHHPH
1090,PPPHHPHHHHPPHPHHHHHP
1091,PPPHHPPHHHHHPHHPPHHP
1092,HPPHPHPPPHHHHPPHHPHP
1093,HPPHHPHHPHHPPHPPPPPP
1094,PPHPHPPPPPHHPPHPHHPP
1095,PPPHPHPPHPPPPHHHHPHP
1096,HHPPPPPPHHPPPPHPPHHP
1097,PHHHHHPHHPHPPHHPPHPP
1098,PPPHPPPPHPHHHPPHPHHH
1099,HPPPPHPPPHHPHPPPPHHP
1100,HHHHHHHHPHHHPPPHPHPH
1101,PHHHPHHHPHHHPHHPPPHP
1102,PHHPHPHHPHPPPPPPPHPP
1103,HHPPPPPHHHPHHHPPPHHH
1104,PHHPHPPPPPHHPPHPPHPP
1105,HHPPHPPPPHHHHPPHPPPP
1106,PPHPHPPPPHHHPPHPHHPP
1107,HPHHPPHPHHHHPHHPPHPH
1108,HPHPPHPPHHHHPHHPPPHH
1109,PPPPHHHHHHHHHHHPPPPP
1110,PHHPPHPHPPHPHHHHHHHH
1111,HPHPHHHHPHPPHPPPHHPP
1112,PPHHPHHHPHHHHHHPPPHP
1113,HPHHHPPPPPPHPPHPPHHH
1114,PHPHHPHPHHHPPPPPHPPH
1115,PPHHPHHPPPHPHHPPPPHP
1116,PHHPPPPPHHPHHHPHHPHH
1117,PPHHPPPPPPHPPPHPHPPP
1118,PPHPHHHHHPHPHPHPPPHH
1119,PPHHPHHHHPPPPPPPHPPP
1120,PHPPPPHPHPHPPHHPHPPH
1121,PPHPHHHPHHPHPHHHPPHH
1122,HPHPPPHHPHHHPPHPPHHP
1123,HPHHPPHHPHHHPHPPHPHP
1124,PHPPHHPPPHPHPHPHHPHH
1125,HPPPHPPHHHHHPHHPPPPP
1126,PHPPHPHHHHHPPHPPHPHH
1127,PPPPHPPPHHHPPHPPHPHP
1128,PHHHHPHPHHPPPHPPPHPH
1129,PHPPHHPHHHPHPHPHPPHP
1130,PHHHPHHPHHPHHPHPHPHH
1131,HPHHHHHPPPPPPPPPPHHP
1132,PPPHHPHPPHHPPPPHPHPH
1133,PPPPHHHPPPPPPPPPHHHP
1134,HHHHHPPPPHHHHPPHPHPH
1135,HHPPHHPPPHHHHPHHHPHP
1136,HHPHHPPPHHHHHHPPPPHH
1137,HHPHPPHHHHPPPPPPHHHH
1138,HHPPPHPPHPPPHHHHHHPH
1139,PPPHHPHPHHPPHHPPPPHH
1140,PPPPPPHPPHHPHHPHHHHH
1141,PHPHPHHPPHHHHHPPHHHP
1142,HHHHPHPPPPHPHHHPHHPH
1143,PPHHPPHPPHHHHHPHHPHP
1144,HHPHHHPHPHHHPPHHPHPP
1145,PPPHHPPHHPHPPHHHPHHH
1146,PHHPHPHHPPHPHPHPPPHH
1147,HHHHPPPHHHHHHPPPPHHP
1148,HHHPHHPHHHPPHPHHPPHP
1149,HHPPHPHPPHPPPHPPPPHH
1150,HPHPPPPPHPPPPPHPPHPP
1151,HPHHPPPHPPHPPPHPHHHP
1152,HPPPPHPHPHPPPHPPHPPP
1153,HPPPPPHHPPPHHHPHPPHH
1154,HPHPHHHPHPPPHPHHPPHP
1155,PPPHPHHHHHHHHPPPPPPH
1156,HHHPHPPHHPPHHHPHHPPP
1157,PHPHPHHPHPPPHHPHHHPP
1158,PPHPHHHHPPPHPPPPPHPP
1159,PPHHHPPHHHPPHPHHPHHH
1160,HPPHPPPPHPPPPPHPHHHH
1161,HHHHHPPHHPHPPPHPPHHP
1162,HHPPPPPPPHPHHPPHPHHP
1163,PHPHPHPPPPPPHHHPPPPH
1164,HHHHPPPPHPPHPHHHHPHP
1165,HHHPPPPPPPPPPPHPHPPP
1166,HPHPHPHHPHPHPHPHHHPP
1167,PHPHHHPPPPHPPPHPHPPH
1168,PPPHHPHPPPHPPHPHPPPP
1169,HHHPHHHPHHHPHPPHHHPH
1170,HHPHHHPHHPHHPHPHHHHP
1171,PPPHPHHPPPHHHPPPHHPP
1172,HPHHPHHPPPPPHHPHPHPH
1173,PHPHHPPHHHHPPHHPHHPP
1174,PPHPPPHHPPHPPPHPHHHH
1175,PHPPHPHHPHPPHPPPHHHH
1176,HHPPHPPHPHHHHHPHPPPH
1177,PHPPPPHPPHHHPHPHPPHH
1178,HHHHHHPHPPPHHPPHPHPP
1179,PHPPHHHHPPPPPPPPPHPH
1180,PPPPHPHHHHHHHPHHHHHH
1181,HHPPHPHHHHHHPPPHHPPP
1182,HHPPHHPPHHPHPHHPPPHH
1183,HPPHHPPPPHPHHHHPHHPP
1184,PPHHHHHHPHHHHPPHHHHP
1185,HHHHPHHHHPHHPHHHPHPH
1186,HHHPHPHPHHPPPPPHPPPP
1187,PHPPHPPHPPHPPHPHHHHH
1188,PPPPHHPPHPPHHPHHPPHH
1189,PHHHHPPPPPHHHHPHHHHH
1190,HPPPHHHHPPHHHHPPPPHH
1191,PPPHHHPPHPHHHHHPPPPP
1192,HHPPHPPPHHHHPHHHPHHH
1193,HPHPPHPPHHPHHHPHPHPH
1194,HHPHHHPPHPPHPPHHPPHP
1195,HHHHPPPPPPPPPHPPPPHH
1196,PPHPHPHPHPHPHPPPPHHP
1197,HPPPPPHHHPPHHPPPPPHP
1198,PHPHPHHHPHHHHHPPHHHP
1199,PPHHPPPPPHPHHPHHPHHP
1200,PPHPPHHHHPPHHHHPPHHP
1201,PHHPHHPPHPHPPPPHPPPP
1202,PPPHHPHHHPHHHHHHHPHH
1203,PPHPPPPPHHHHPPHHPHPH
1204,HHHPHPPHPPPPHHPHPHPP
1205,PHPHPPHPPHHHPPPHPHPP
1206,HPHHPPHPHPHHPHHPHPPH
1207,HHPPPPPPPPHHHPHPHHPH
1208,HHHHPHPPPHPHHHHPHPPH
1209,HPPHHHHPHHPHHPPHHPPP
1210,PPHPHHHHPPPPPHHHHHPP
1211,HHHHPHPPPHHPPPPPHPPH
1212,PHHPHPHPPPHHHHPPPHPP
1213,HPPPPHHPPHHHPHPHHPPP
1214,PHPPHPPHHPHPHHHPPPHH
1215,PPHHHHHPPHPHHHPHPPHP
1216,PPHPPPHPHHHHPHPHPPPH
1217,HPPPHPHPHHHPHHHPPPPH
1218,PHPPPPHHHPHPHPPHPPPH
1219,HHHHPPHHPHHHPHHPPPPH
1220,PPHHHHHPHPPHPPHHHPPH
1221,PHHHHPHHPPHHPPHHPPHP
1222,PHPPHPHPPHPPHHPHHPHH
1223,PHHPHPHPPHHPPHPHPPPP
1224,HPPHHHHPHPPPPPPPHPPH
1225,HPPHPPPHHHPHPPHHPHHH
1226,PHPPHPHHHPHHPPPPHHHH
1227,HPHPHHPHPPPPPPHPHHHP
1228,PHHPHHHPPPHHHPHPHPHH
1229,HPPPHHHHPHPPHPHHHHHH
1230,PPPHHHPHHHPPHPHHHPHP
1231,HPHPPPHPPHPPPPPHPHPP
1232,PHPPHPHPPPHHPPPPPPHP
1233,HHHPPPHPPHHHHPHPPPHH
1234,PPHPHPPPPHHPPPHHHHPH
1235,PPPHPPHPPPPHHPPPPPPP
1236,PHPPPHHPHPPHHHPPPPHP
1237,PPPPHHHPPHHHHPHHHPHH
1238,PHPPHPHPPPPHHHHHPHPP
1239,PPPPHPHPHHHHPPPHHHPP
1240,PHPHHHPPHHHPPHHPHPPP
1241,PPHHHHHPPPPHPHHPHPHH
1242,PPPPPPHPPHHHPHHHHHHH
1243,PHHPPHPHPPPPHHPPHHPH
1244,PHHPPHHPPPPPPPPHPPHP
1245,HPPPHPPHHPHPHHHPPHPH
1246,HHPHPPPPHPPPHPPPPHPP
1247,PHHPPHPPHPPPPHHPHHPP
1248,PPPPHPPHHHPPPHPPPHPH
1249,PPPHHHPHPPPPPHHPPPPP
1250,PPPPPHPPHPHPPPPPPPPP
1251,HHHPHPHPHHHPPHHPPHPP
1252,PPPHPPPHPPHPHHHHHHHP
1253,HPHHPPPHPHPPHHPHHPHP
1254,PHPPHPHPPHPHHHHPHHHP
1255,PHHHPHHHPHPPHHPPPPHH
1256,PHPHPHPHPHPHPPHPHPHH
1257,PHHPHPHHPPHHPHPHHPHP
1258,HPPPHPPPHHHPPHHHHPPH
1259,PPHHPPHHHPHHPHPHHHHH
1260,PHPHHHPPPHPHPPHPHPHP
1261,PPHHHPHPHHHPHPPPHPPP
1262,PHPHPHHHPPPHHPHHPPPH
1263,PHPPPHPPHPHPPPHHHHHP
1264,HHPPHPHPHPHPHHHPPHHH
1265,HHHPHPHHPHHPHPHPHHPP
1266,HHPPPPHPHHPHHHPHPPHH
1267,HHHHHPPPPPPHPPHPPPPH
1268,HPHHPHHHPPHPHHPHPHPH
1269,HPHPPPPPPHHHPHHPHPHH
1270,HPHHPHHHPHHPPHHHPHPP
1271,PPHHPHPPPPHHHPPHHHPP
1272,PHHPPPHPHHHPPHHHPPHP
1273,PPPHHPHPHPPPHPHPPHHP
1274,HHHPPPPPHPPPHPPPPHHP
1275,PHPPHHHHHHHHPPHPPHHH
1276,HPPPHHPHHPHHHHPPHPHP
1277,PPHPHPHPPHPPPHPHHHPH
1278,PPHHHPPPPPPPPPPHPHHP
1279,HPHHPHPPHPHHHHPHPHPH
1280,HHHHHHHPPHHHPHPPPHHH
1281,PPPPPPPPHHHPPPHPPPHP
1282,PHHPHHPPPPHHPHHPHPHH
1283,PHHHPPHHHHPHPHPPHHPP
1284,HHPPHPPPHHPHHHPPHPPP
1285,HHPHPHPHPHHHHPHHHPHH
1286,HPPHPPHPHHHPHPHHPPPH
1287,HPHPHPHPHPHPHPHPPPPP
1288,HHHPHPPPHPHHHPPHHHPP
1289,PPHHHHPHPHHPHHPPHPHP
1290,PPHHHPHHHHHHPHPHPPHP
1291,PPPPHPHPPHPPHPPPHHPP
1292,HHPHHPHPHHPHPHPPHHHP
1293,HHPHHHPPPPPHHHPPPPPH
1294,PHHHPHHHHPHPHPPHHHPP
1295,HPPPHHPHHPPHHPPPPHHP
1296,PPHPPHHPHPHHHHPHPPHH
1297,HHPPPPHPHHHPPHPPPHPP
1298,HPPPHHHPHPHPPPHPHPPP
1299,PHHPHPPHPHPHHPPPPPHP
1300,PHHPHHHPHPHPPPHPHHPP
1301,HHHHPHHPHHHPPPPPPPHH
1302,HHHHHPHHHPPHPPPHHHHP
1303,PPHPHPPHHPPPPPHHHPHP
1304,PHHPHPHPHPHHPHHPHPHP
1305,HHHPHHPHHPPHPPPPHPPH
1306,PHPPPPPPPHHHPPPHHPPH
1307,PPPPPPPHHPPPPPHHHPPH
1308,HHHHPPPHHPPPPPPHPHHH
1309,PPPPPHPHPPPPHHHHHHPP
1310,HHHPPHPPHPPPHPHPHPPH
1311,PPPHPHHPHPHHPPPPHPHH
1312,HHPPPHPPHPHPHPPHHPHH
1313,PHPPHHHHPPPPPHHPPHPP
1314,HPPPHHHHPPHHHHHPPPPH
1315,HHPHHHHPHHHHHPPHHPHH
1316,PPHPPHPHHHHHHPHHPHPH
1317,HPHHHHHHHHHPHPHPHPHH
1318,HHPPPPHHHHHPPHPPHHHH
1319,PHPPPPHPHPHPHHPPPPPP
1320,HPPHHHPPHHPHPPPPPPHH
1321,PPPHHPHPPHPPPPPHHPHP
1322,PHPHHHPHHHHHHHPPPPHP
1323,HHPPHHHPPHPPHPPHPPHH
1324,HHPHHHHPPHHPHHHHPHPH
1325,HPPHPHHPHPHHPPHHHPHH
1326,HPHPPPPHHHPHPPPHHPHH
1327,PHHHHHHHHPHPHPPHHHHP
1328,HPPPHHPHHPPHHPHPHPPP
1329,PPHPPPPHHPHPHPHHPPHP
1330,PPPHHPHHPPHPHHPPHPHP
1331,PHHHPPHHHPHHPHHHHHHP
1332,PHPPPHPHHPHHHPPPPHHH
1333,HPHHPPPHPPHHHPHHHHPP
1334,HPPPHPPHHPHPPHHHHHHP
1335,PPHPPPHHPPPPPHHHHHPP
1336,HPPPHPHPHHHHHHPPHPPP
1337,HPHPPPPHHHHHHPPHPPHP
1338,PHPHPPHPHHPPPPPHPPHH
1339,HHPPPHPPPPPHPPPHPPPH
1340,HPPPPHHHHHPPPHHHHHPH
1341,PHPHHPPHPPHHHPHPPHPP
1342,PHHPHPPHPHPHHPHPHHPH
1343,PPHPPHPPHPHPHPPPPPPP
1344,PHPPHHPHPPHPPHPPPPHH
1345,HHPHPHPHHPPPHHPHHPHP
1346,PHHHHPHHHHPHPHHPPHPH
1347,PHHPHPHHHPHHPPHHHHHP
1348,HHHPHPHPHHPPPHPPHPPH
1349,PPHPPHPHHPPHPPHPHPHP
1350,HPPPHPPPPPHHHHPHPHPH
1351,PHHPHHHHHHPPHHPHPHHH
1352,HHHHPPPHPHHHPPPHHHHH
1353,PPPPHHPHPPHHHPPPHHHH
1354,HPPPPHPHPPPHPPHHHPPH
1355,HHPHPPHPHHPHPPPHHPPH
1356,HHHPPPPPHHPPHHHHHHPP
1357,HHPHPPHPPHPHPPPPPPHH
1358,HHPPHPHPPPHPPPHPPPPP
1359,HHHPHHPHHPPPHHHHPHPP
1360,PPHPPPPHPHPPPPHHPHPH
1361,HPHPHPPPHPPHHHHPHHPP
1362,HHHHPPPHHPPPHPHHPPPH
1363,HPPHPHPPHHPHPHHHPHPH
1364,PPPHPPPPPPPPHHHPPHHH
1365,HHPHPHPPPPPHHHPPHPPH
1366,HHPPPPPPPHHPPPPHPPHP
1367,PPHHHPHPHPPHPHPPHHHH
1368,PPPPHHPPHHHPPHHHHPHP
1369,PPHPPHHPPHPHHHPPHHHH
1370,HHHPPPHPHHPPPHPPPHHH
1371,HHPHHPHHHHPHHPPHPPPH
1372,HPPPPHHHPPHPHHPPHPPP
1373,PPHPHPPHPHPHHPPPHHHH
1374,PHHHHHHHHPHPPPPHHHHH
1375,PHPHHPPPHPPPPPHPPPPP
1376,PPPHHHHPHHPPPHHPHHPP
1377,HHHPHHHHPPPHHHHPPHPP
1378,PHPPPPHPHHPPPHPPHHPP
1379,HHPPHPPPPHPHHPHHPPPP
1380,PPPHHHPHHHPHPHHPHHHH
1381,HHHPHPHPPHPHHPPPHPHH
1382,PHPPHHHHHPPPPPHHPPPP
1383,PHPHHHPHHPPPPHPPHPPH
1384,HPPHPHPPPPPPHHHHHHHH
1385,HHHHHPPPPHHPHHHPHHPH
1386,PPHHPPPPHHHHHHPPHHHP
1387,PPHPPHHHPPPHPHHPHPHP
1388,HHPPPHPPPPPHPHPHHHPP
1389,PHHPPHHHPHPPHHPHHHHH
1390,HHHPPPPHHPPPHPPPPPPP
1391,HPPHHHPHPPHPPPHPPHHP
1392,HPHHHPPPPPHHPPPPHHHH
1393,PHHHHHPPPHPPPPPPHPHP
1394,PPPHHPPHPPPHHHPPPPHH
1395,HHHPPHPHPPPHPPPHPPPP
1396,PHHHPPPHHPPPPPPPHPHH
1397,HHPPPPPPHPHPHHPPPPPH
1398,PHPHHHPHHHPHHHHHHPHP
1399,PPPHPPPPHPPPPHHPHHHH
1400,HPPHPHHPHHHHPHPPPPPP
1401,HPHHHHHPHPHHHPHPHPHH
1402,HHHHPPHPPPPHPHPPHHHP
1403,PHPPHPPPPPPHPHHHPHPH
1404,HHHPHHPPPPPPHPPPPPHP
1405,PPHHHHHPPPHPPPHHPPHP
1406,HPHHHHPHHPPHHHPPPPHH
1407,HHPHHPPPPPHPHPHPPPHP
1408,PHPPHHPHHHHPPPPPPPHH
1409,PHHPHHPHHPHPPPHPHHPP
1410,PHPPHHHHPHHPHPPPHHHP
1411,PHPHHHPHHPHPPPHPPPHH
1412,PHPHPHPHPHPPPPPPHHPH
1413,PHPPHHHPHPPPPHHHHHHH
1414,HHHPHPHHPPPHPPHPHHPH
1415,PPPHHHHPHHHHHHPPHHPP
1416,PHPHPHPPHPPHPHHPPPHP
1417,PPHPHHPHHPHHHPPPHHHH
1418,HHPPPHHHHHPHHPPPHPHP
1419,PHHPHPHPPHPPPHHPHPHP
1420,PPHPHPPPPPHHPPPPHPPH
1421,PPPHHPHPHPHPPHHPHHPP
1422,PPPPHHPPHPHHHHPHHPHH
1423,HPPPHHHHHHPPHHPHPPPP
1424,PHHPHHPPHPHPHPHHPPPP
1425,HPHHHPPPHHHPPHHHHHHP
1426,PPHHHHHHPPPPHPPHHHHP
1427,PPPPPPPPPPHPPPPHHPPP
1428,HHPPPPHHPHHPHHHPHHPP
1429,HHHHHPHPPHHHHPPHPPHH
1430,PHHPPPHPHHHPPPPHPPPP
1431,PPHHPHHHHPPHHPPHPPPP
1432,PHPHHPPHPHPPHPPPPPPH
1433,HHPPPHHHHHPPPHHPHHPP
1434,PHHHPHHHHHPPPPPPPPPP
1435,HPHPHHHHHHPPPHPPHHHH
1436,HHHHHPHHPPPPHHPHPPHH
1437,HPHHPHPHHHHPPPPPPPPH
1438,PPHHPHHPHPHHPPPPHHHH
1439,HHPHPPHPHHPPPHPHHPHH
1440,PPPHPHHPHHPHHPHHPHHP
1441,HPHHPPHPHHHPHPPHHHHP
1442,PPPHHPHHHPHPHHHHHHHH
1443,PPHHHHHPHPPPHPHHPHPH
1444,HHPPPHHHPHHPPPHHHPPP
1445,PPHHPPHPPHPHPPPPPHPH
1446,HPPHHHPHHPHHPHPHHHPH
1447,PHHPPPPHPPHHPHPHHPPP
1448,HHPHHPPPPHPPHHHPPPHH
1449,PHPHHHPHHHHPPHHPHHHH
1450,HPPPHPHPHHHHHPHHPPPP
1451,PHHHHHHPHHPPPPHHHHHP
1452,HHPPPHPPPPPHHHHPHPPP
1453,HHPHHHHHPPHPHPHPHHPH
1454,HPPPHHHPPPPHPPPPPHPP
1455,HPPHPPPPHPHPHPPPPPPH
1456,PHHPHHPHHPPHPPPHPPPP
1457,PHHPPHHHPPHHPPPPHPHP
1458,PPPHPHPHPHHHPHHPPPPH
1459,HPPPPPHHPHHHHHPHHHHH
1460,PPHHPPPPPHHHPPHPPPHH
1461,HPPPPHPPPPHHPHHPHHPH
1462,HPPHPPHPPHPHPHHPHHHH
1463,HHHPPPHHHHHHHHPPPHPP
1464,HHPHPHPPPHHPPPPPHPHH
1465,HPPPHHHPHHPPHHHHHHPH
1466,PHHPHPPHHHPHHHPPHHHH
1467,HHPHPPPHHHHPHHPHPPHH
1468,PPPPHHHPPPPPHHHHHPPP
1469,HHHPHHHPPHHPPHHPHPHP
1470,HPPHPHHHPPPPPHHHPHHH
1471,PPHHHPPHHHHHPPHHHHPP
1472,HPPHHPPPHPHHPPHHHPPH
1473,HHHPPHPPHHPPHPPPPHPH
1474,PPPHHPHHHHHHHHPPPPPP
1475,HPPHPPPHPHPHHPPPHPHP
1476,HHPPPPHPPHHHPHPHPPPP
1477,PHPHPPHHHPPHPPPHPHPH
1478,HHPPPPPHHPHPHHPPPHHP
1479,HHPPPHHPHPPHHPHHPHPH
1480,PPPPPPHHPHHHHHHPPHPH
1481,PPHPHHPPHHPPPPHPPPPP
1482,PPHPHPPPPPPPHHPPHHPH
1483,PPPHHPPPPHPPHHHHHHPH
1484,PPPHPHHHHHPHPHHPHHHH
1485,PPHPHPPHPHPHHPHHHPHH
1486,HPPHHPPPHPHHPPHHHHPP
1487,PPHHHPHPPHPHPPHHPPPH
1488,PPPHPHHHHHHHHHPPPPPH
1489,HPPHHPHHPHPHPHPHHPHH
1490,PPHPHHPHPHPHPHPPHHHH
1491,PPPHHHHPPHHPHPPHHHHP
1492,HHPHPHPHHPHPHPHPHPHP
1493,HPPHHHHPPHHPHHHPHPHP
1494,PHPHPPPHPHPPHHPPPPHH
1495,PPPPPPPPPHPHPHHHPHPH
1496,HHHHHPPHPHHPPHPHHPHH
1497,PPPPHHHHHPPPPPPHHHHH
1498,HPPHHPPHPHHPHHHPHHHH
1499,PHPHHHHPPHHHPPHPHPPP
1500,HHPPHPHHPPHHPHPHPPPP
1501,PHPHPHPPPHPHPHHHHPPH
1502,PHHPPPPHHHHPPPPPPHHH
1503,HHHHHPPPHPHPHPPHHPPP
1504,PHPHHPPHPPPHHHHPHPPH
1505,HHHPHHPPPPHPHPHPHPPP
1506,HHPHPHPHPHPHPHPHPHHH
1507,HHHHHHPHPPPHPPPPHHPP
1508,PHHHHPPPPHPPPPHHHPHH
1509,HPPPPHHHHPPHPPHPPPPH
1510,HHPPPPPPHPHHPHHPHPPH
1511,PPPHPHHPPPPPHHPPPHHH
1512,PPPHPHPHPHHPPHPHHHHH
1513,HHPHHPHPHHPHHPPPHHPP
1514,HPHPPHHHHHHHHPPPPPHH
1515,HHHPPHPPHHHPPHHPPHPH
1516,HHPHHPPHHHPHPPPHPHHH
1517,PPPHHPPHHPPPHHHPPHPP
1518,HHPHPPHPHPHPPPHHPHPP
1519,HHHPHPPHHPHHHPPHHHHH
1520,HPHHHHPHPHHPHPHHHHPP
1521,PHPPHPPPHHPHPHHHHPHH
1522,PHPPPHHPPPHPPPPPHPHP
1523,PPPHHPPHPHPPPHPHHHPP
1524,PHPHPPHHPHPHHHPHPHHH
1525,PHHHPHHPHPPPPPPHPPHP
1526,HPPPPPHPPHPPHPPPHHPP
1527,PPHPPHPHHPHHPPPHHPHP
1528,PPHPHPHPHHPPPHHPPPHH
1529,PPHPHHPHHPHPPHHHPHPP
1530,PHHPHPPHHHHPHHPPHHHP
1531,PHHPHPHHPPHHPHPPHPPP
1532,HHPPHHPHHPPHHHPHPHPP
1533,HPPPHPPPPHHPPPHHHPPP
1534,HPPPHHHPHPPHHHHHHPHH
1535,PPPPPPPPPHHPPPHHPHPH
1536,HHPHPPHPPPHPHPPHPHPH
1537,PHPPPPHHHHHHPPHHHHPP
1538,PHHPHHPPPHHPPPHPPHHP
1539,PPHPPHHHPPPPHHHHPHHH
1540,HPPPHHHHPHPPPPPPPHHH
1541,HHHPHHHHHHHPHHPHHHPP
1542,PHPPPHPPPHPPHHHHHHHH
1543,PPPPHHHPPPPHPPPHPPHP
1544,HPHHPHPHHPHPPHPHPHPH
1545,PPHPHHHHPHHHHPHPHHHP
1546,HHPHPHHHPPPPPPHHHPHP
1547,PPPHHHPHHPHPPPPHHPPP
1548,HPHPHPPPHPPPPHPPHPHH
1549,PPHHHPPHHPPPHHHHHHHH
1550,PPPHHPPHHPPPPPHHPPPP
1551,HHPHHHPHPHHPHHHHPHHP
1552,HHPPHPPHPPHPHPPHHHHP
1553,HPHHHPPHPPPHPHPPHPHH
1554,HHHHHHPHPPHHPHHHHPPH
1555,PPHHPHPHPPPPPPHPHHHP
1556,HHHHHPHPHPPHHHHHHPPH
1557,HHPHHPHPHHHHHPHHPHPH
1558,HHHHHPPHPHHHPPPPHHPH
1559,PHPPPPPPPPHHPHHHHPPP
1560,PPPHHHHPHPPPPPPHPPHP
1561,PHHPHPPPHPPPHPHPHHHP
1562,PPHHPHPHPPPHHHPHHHPP
1563,PHHHHHHPHHPPPPHHPHPH
1564,HHPPHPPPHHPPHHHPHPHP
1565,HPPHPHHHHHPHHPPPPPPP
1566,HHHHPPHPHHHHHPPHHHHH
1567,HPHHHHHPHPPHHHHHHHHP
1568,PPHPPHPHPPHPHPPPHPPH
1569,PPPHPHPHPHHPHHPPPPPH
1570,HHPPHPHHHPPPPPPHPHHH
1571,PPHHPHHPPHHHPPPHHPHH
1572,HPPHPPPPPHHPPHPHPHPH
1573,PHHHHPHPPPPPPHPHPHPH
1574,PHPPPHPPHPHHPHHHHHPP
1575,HHPPHHPPPPPPPPPPHHPH
1576,HHHPHPPPPHHHPPHPPPPH
1577,PPPHHHPHHHPPPPHHHPPH
1578,HHHHHPPHPHPPHPPHHHPP
1579,PHHPHPPPHHPHPHPPPHHP
1580,PHHHPPHHHPHPPPPHHPHH
1581,PPHHPHPPHHHPHHHHHPPH
1582,HHPHPPHPHPHHHHPHPHPP
1583,HHPPHPHPHHPHHPPHPPHH
1584,PPPPHHHHPHPPHPPPPHPP
1585,HPPPHPHHPPPPPPPPPPPP
1586,HPPHHPPPPPPPPPPPPPPH
1587,PPPPHHHPPHHPPHPPHPHH
1588,PHHHPHHHPHHPPHPHHHHH
1589,HPHHPPPHPPHHHPHPHHPH
1590,PHPHPHPPHPHPHHPPHPPP
1591,PHHHHPHPHPHHPHHPHPHP
1592,PHPHPHPHPPPHPHHHPPPH
1593,PPHPHPPHPPHHHHHPPHPP
1594,PPHHPPPHHHHHPHPPHHPH
1595,HHPHHPPPPHHHHPHPHHHP
1596,HPHHHHPPHHPHPPPHHHPP
1597,PHHHHPHPHPHHPPPHHHHH
1598,HPHPHPHPHHHPHHPHHHPP
1599,HHPHHHPHPPPHHHPHPHHP
1600,PPHPPHHHHHHHPPPPPHHP
1601,HPPPPPHPHHHPPPPHPHHP
1602,PPHHHPHPHHHHHPPPPHPP
1603,HHHPPHPHPHHPHPHHPPPH
1604,PPPHHHPHHPHHHPHHPPPP
1605,HPPHPHPHPHPPPPPHHPPP
1606,HHPHPPPHHPPPPHHHPHPH
1607,HPPPPPHHPPHHPHPHPPHH
1608,PHHHPPPPPHPPHHHPPPPP
1609,PPPHHHHHHHHHPPPPHPHH
1610,PHPHPPPPHPPPHPPHPHHH
1611,PPHPHHHHHPPHHPPPPHHP
1612,PPPHHPHPHHPHPHHPHHHH
1613,HPHPPPHPPPHPHHHHPPPH
1614,HHHPPHHHHPPHHPHPPHHH
1615,PPHHPHHHPHPPHHPPHHPH
1616,PHPHHHHHPPHHHHHPPHHP
1617,PHHPHHHHHPPHPPHPPPPH
1618,PHHHHHPPHPHHPHPHPPHP
1619,HHHHHPHPPHPHHPPHHPPP
1620,HPHPHHPPPPPHHPHHHHPP
1621,HHHHPHHPHHHHHHHPPHPH
1622,HHHPHPHHHHPHHHPHHPPH
1623,HHPHHPHHPHHPPHHPPPHP
1624,HHPPHPPPPPHPHPPPHHHP
1625,PPHPPHHHPPPHHHHPPPPP
1626,PHHHPPHHPHPHPHPHPHPP
1627,PPHHHHHPPPHPHPPHPHPP
1628,HPHPHHHPHHHHPPHHHHHP
1629,PHPHHPPHPHPHHPHHHHPH
1630,PHPHHHPPPPPHPHHPHHHP
1631,PPPHHPPHPPPPPHHHPPHP
1632,PPHPHPHPPPPHPHPHPHHH
1633,HPPPPPHHPHPPPHHHHHHP
1634,HPHHHHHPHPHHPPHHPHPP
1635,PHPPPHHHHPHHHHHPHPHP
1636,PHPHPHPPHHPHPHPHPHPH
1637,HHHPPPPHHHPPHHHPPPHP
1638,PPHHPHHPPPHPPHHHHHPP
1639,PPPPPPPHHPHHPPPHPPPH
1640,HHPHPPPHHHPHHPHHPHPH
1641,PPPHHHPHHHPPPPPHHHPP
1642,HHPHHHPHHHHPHPPPHPHH
1643,PPHPPPPPHHPHHHPPPPHP
1644,HHHHHHHHPHPPHHHPHHHH
1645,PPHHPHHPHPHHHHHPHHPH
1646,PPHPHHHPPPHHHHPPPHPH
1647,HHPHPHPHHPPHPHPHPHHH
1648,PHPPPPPPPHPPHHHPPHPH
1649,HPPPHHPPHPHPPHPHPHPH
1650,HPPHHHHPHPPPPHPPHPHH
1651,PHPHHHPHHHHHPHHHPPPP
1652,HPHHPHPPHHHPHHHPPHHP
1653,HPPPHHHHHPPPPHPPPHPP
1654,PHPHPPPHHPHHPPPHPPHH
1655,PPPPPPPPHPPHHHHHPHPP
1656,PHHPPHHHHHPPHHPPHPPH
1657,HPHHHHHPPHHPPPHHHHHP
1658,HPPPHHHPPPPHHHPHPHHH
1659,PPHPPHPHPPPHPHHHHHPH
1660,PPPPHHPHHHHPPHPPHPHH
1661,PPHPPPPPHHPHHHPPHHHP
1662,PPHPPPHPHHHPHHPPPPPH
1663,HPHHHHHPPHHPHPHPPPPP
1664,HHHHHHPHPHHPPHPPPHHH
1665,HPHHHHHPHHHHPPPPPHPP
1666,HHPPPHHPHPHHPPHPHHPP
1667,HHHPHHPHPPPHHHHHHHHH
1668,HHHPHHPHHHHPPHHPHHHH
1669,HHPPPPHHHHHHHPPHPPPH
1670,PPHPHHHPHPPPHPPPPPHH
1671,PHHHHPHPPHPHPHPPPHHP
1672,PHPHHHPHHPHHPPHPPPHP
1673,HPPPHHHPPHHHHPHPHPPP
1674,HHHHHHHHPHPPPPPHHHHP
1675,PPHPHPPHHHHPHPHPPPHH
1676,HHPHHHHHPPPPHHPPHPPP
1677,PPPPPHPPPHPHPPHPHPHH
1678,PPPPHPPPHPHPHPHHPHHH
1679,PHHHHPPHHHHPPPPHPPPP
1680,HPHHPPPPPPPHPPHPHHPP
1681,HHPHHHPHHPPPPHPPHHPP
1682,PHPHHPPHHPPPPHHHPPHP
1683,HHHHPPHPHHPHPPPPHHPH
1684,HHPHHPHHPPHHHPPPHHHH
1685,HPPPPPPHPHPPHHHHHHHH
1686,HHHHHPHPPPHPHHPHPPPP
1687,PHPHHPHPPHHHPPPPPPPP
1688,HHPHPPHPHPHPPPHHHPHH
1689,PPPPPHHHPHHHHHHPHPHP
1690,PPHHHPHHHHHHPHHPHPHP
1691,PPHPHHHHHHHPHHPHHHHP
1692,PHHHPPPHPPPPPPHPPHPH
1693,HHHPPHPPPPHHHPPHHPHP
1694,HPHPPPHPPPPPHHHHHPPH
1695,HHPPPHPPHHPPHHPHHHHP
1696,HHPPPPHPPHPPHPPPPPPH
1697,HPPHPPHHPHPHHPHPHPHH
1698,HPPHPPHPHPHPPPPPHHPH
1699,HPHHHPPHPPHHHPHPPPHH
1700,HHPHHHPPPHHPPPHHHPPH
1701,HHPPPHHHPPPPPPPPHHHH
1702,HPPHHHHHPPPHPPPPHHPP
1703,HHHPHHPHHHPPHHPHHHPP
1704,PHPHHPHPPHHHPHHHHPPP
1705,PHHPPPPHHHPHHHPPPHHH
1706,HHHHHPHHHPHHHPPHPPPH
1707,HPPPPPHPPHPHPPHHPHHP
1708,HPPHHHHPHPPHPPHHPPHP
1709,PHHHHHHHHHHPPHHPHPHH
1710,HPHHPPHPHHPHPHHPHPPH
1711,HHPPHPPPPHHHHHPHHPHH
1712,PHHHHHHPPHPHHPHPPHPH
1713,PPHHPPHHHPPHPPPPHPPH
1714,HPPHHHPHPPHPHHHHHHPP
1715,HPPPHPHHPHHPPPPPPPHH
1716,HPHHHPHHPHHPPHPHHPHP
1717,HPHHHPHHHPHPHHPHHPPP
1718,PPPPHPHHHPPPHPHPPPHH
1719,PPPHHHHPHHHHPHPHPPPP
1720,HHPPPHHHHPHHHHPPHPHP
1721,PHHPPHHPPPPPPHHPPHHH
1722,HPHPHHHPHPHHHHPHHHHH
1723,PHHPHHHPHPHHPHHHHHPP
1724,PHHPPHPPPHHHPHHHHPPH
1725,PPPPPHHHPPHPHPPPPPHH
1726,PHHHPHPPHHHHPHHHPHHP
1727,HPHHHPPHPHHPPPPHHPPH
1728,PPHPHHHHPHHHHHPPPHPH
1729,HPPPHHHPPHHPHPPPPHHP
1730,PHPPHPHPPHHPHHHHPHPH
1731,PHPPPHHHPPHHHPPPPPPH
1732,HHHPHPPPHPHHHPPPPHHH
1733,HPPPPPPPHPPHHPHHHHPP
1734,PPPHHHPHPPHPPPHPPPHH
1735,HPPPPPPPPPPPHHPHPHPH
1736,PPHPHHHPPHPPHHPHHHHH
1737,HHHPPPHPHPHHPHPHHHPH
1738,PHPPHHPHHPPPPHPHPHPP
1739,HHHHPHPHPHHHHHHPHHHH
1740,HHHHHHHHHPHHHHPPHPPH
1741,PPPHHPHHHPPHHPPPHHPP
1742,HHHHPHPPHPPPHPHPPPHH
1743,PPHHPHHHPPHPHPHPHHHH
1744,PHPPHPHHPHPHPHPPHPHH
1745,HPHHPHPPPPHHHPPHHPPP
1746,PHHHPPHPHPPHHPHHPPPH
1747,HHHPHHHHHHPHPHPPPPHP
1748,PHPPHPHPPHHPHPPHPPPP
1749,HHHPPPHPHPPPHHHPHPHH
1750,PPHHHPPHHHPPPPHPPHHH
1751,HHHPPHPPPHHHPPHHPPHH
1752,PHPPHPPHPHPHHPPPHHHP
1753,HHPHPPHHPPPHPHPPPPHH
1754,HPPHHHPPPPPPPPHHHPPP
1755,PHHPPPHPHHPPHPPPPHHH
1756,HHPHPPPPHHHHPHPHHHPP
1757,PHPPHHPPHPHHHHPHPHPP
1758,HPHHHPPPHPHHPPPPHHPP
1759,PHHPPPHPPPPPHPHHPPPP
1760,HPHPPHPPHHPHPHPHPHHP
1761,HPPPPHHHPPPHPHHHHHPP
1762,PPHPPPHPHHHHPPHPPPPP
1763,PHPPPPPPHHHPHPPPPPPH
1764,HHHPHHHHHPHPPPHHPHPP
1765,HPHHHHPPHPHHHHPPPPHP
1766,PPHPPPHPHPHPPHHHPPHP
1767,HPHHPHHHPHPPHHHPPHPH
1768,HPPPPPPHPHPPPPHPPPPH
1769,PHHPHPPHPHPPPHPHHHPP
1770,PHPPPPHPPPHHHPHPPPHH
1771,HHPHPHPHHHPHPHPPPHHH
1772,PPHPPHHPHHPPHPHPHPHP
1773,HHHPPPPPPHPHPHPPHPHH
1774,PPHPHPHPHPPHHPHPHHHP
1775,PPPPPPPPPPPPPPPPHPPP
1776,HPHHPPPPPHPPHHPHPHPH
1777,PPPPHHPHPPPPPPPPHHHP
1778,HHPHHPHHHPHHPHPHPPPP
1779,HPHPPHHHPPPHHHPPPPHP
1780,PHHPHPHHPHPHPPHPHHHH
1781,HPPPPPHPPHPPPHHHPHHP
1782,HHPPHPHHPPPPPPHPHHHP
1783,HHPHHPHHHHHHHPPHPHPP
1784,PHPPHPHHPHPHHPHHPPHH
1785,HPHPHPPHHPHHHPPPPHHP
1786,HPPHHHPHHHPPPPHPHPPH
1787,PPPHPHPHPPPHPPHHHHHH
1788,PHHPHHHHPHHHPPHPHHHH
1789,PPHHHHPHPHHPHPPPPHPP
1790,HHPHHHHPPPPPPPPPHHHH
1791,HHHPHPHHHPHHHPHHPPHH
1792,PPHHHPHPPPPHHPPHHPHH
1793,PHHHHPHHPPPHHHPPHHHP
1794,PHPPPPPPPHHHPHPHPHHP
1795,PHPPHHHHHPHHHPPHPPHP
1796,PPHPPHPHPHHPPHHHPPHH
1797,PPHPPPPPPHHPPHPHPHPP
1798,PHPPHPPHHHHPHPHHPPPP
1799,HHHPHPHHPPHPPPHHPPPP
1800,PHPPPPPPPHPHHHHPPHPH
1801,PHHPHHHPPHHHHPHPPPPH
1802,HPPPPHHHPPPPPHHHPPPH
1803,PPPPPPPPPHPPHPHPHHPH
1804,HPPHHHHPHPHHPHPHHPPH
1805,HHHHPHHPPHHPHPHPHPHH
1806,PPPHPHPHHPPPHPPPPPHH
1807,PHHPPPHHHHPHHPHHHPHP
1808,PHHPHHHPPPHHPPPPHHHP
1809,HHHPHHHPHPPPHHPPPPPH
1810,PHPHHPHHPHPHHHHPPHPP
1811,HHPPHHHHHPPPPPPHPPHP
1812,PHHHPHHPHPPHPHHHHHHH
1813,PPPHPHPPPHHPHHPPPPHP
1814,HHHPPHHHPPHPPPHHHPPH
1815,HPPPHPPHHPHPHPPPPPHH
1816,HHHHPPHHPPHHPPHHPPHH
1817,HPHPHHPPHHPPPPHPHPHP
1818,PPHHPHPHPHHPPHHHHPPH
1819,PHPHPPHPHHPHPHHHHHPH
1820,HPPHPHPPPHPHHHHHHPHH
1821,HPHHPHPHPPPPHPPHHHHH
1822,PHPPPHPHPHHHHHPHPHPP
1823,PPHHPPHHHPPPPHHHHPPH
1824,HPPHPHHHHPPPPPPPPPPH
1825,PPPHPPHPPHHHPHPHPPHP
1826,PPPPPHHHPHPPPPPPPHHH
1827,PPPPPHHPPHPHPPHPHPHH
1828,PPPHHPHPPHHPHHHHPHPH
1829,HPHPHHHHHHPHHHHPPPPH
1830,HPPHHPPHPHPPHPHHPHHP
1831,PHPHHHHPPHHPHPHHHPHH
1832,PPPPHHPPHHHHHHPHHHHP
1833,PPPHPHPHHHHHHPHPHHPH
1834,PPHPHHHHHPPPPHPPHHHP
1835,PPPHHHHPPHPPPHPPPHPH
1836,PPPPHHPPPHHPPHPPPHPP
1837,HHPHPHHHPHPHPHHHPHPP
1838,PPHHHHPHHPHHHHHHPPPH
1839,HPHPPPHHHHPHHPHPPPHH
1840,HPHPPPPHHPPPPPHPHPPH
1841,PHPHHHHPHPPHHPPHPPPH
1842,HHPHHHHPHHHPPPPHHPHH
1843,PPHPHHPPPHHPHHHHHHPH
1844,PHPHHPHPHHPHPHPHHHHH
1845,HPPPHPPPPHHPHHHHPPPP
1846,HPHHHPPHHHPPPHHPPPPH
1847,HHPPPPPPHPHHPHPPPHPP
1848,HHPPPPHPHPPPHPHHPHHH
1849,PHHPHPPHPHHHPPPPHHPP
1850,HPHHPHPHPHHHHHPPHPPH
1851,HHPHHHPPHPPHPPPPPHPH
1852,PPPHHPPPHHPPHHHPPPHH
1853,HPHHHHPHPHPPHHPPHPPH
1854,PHPPPPHHPHHHPPPPPHPP
1855,HPPPHHHPPPHHPHPHPHHP
1856,PPHPPHHHPPPHHHHPPHPP
1857,HPHHPPPHPHHPHHHHPHPH
1858,HHPPPHPHHPPHPPPHHHPP
1859,HHHHPPHHHPHPHPPPPPHH
1860,HPPHPHHHHHHHPPHPPPHH
1861,HHPPHPHHPPPPHPPPHPHH
1862,HHHPHHPPHPHHHPHPHPHP
1863,HHPHPHPPHPHHPHPHPHPH
1864,HPHPPHHPHHHPHPHPPPHH
1865,HPPPPHPPPPPHHHHHPHPH
1866,HPPHPPPPPHHHPPPPPHHP
1867,PHPPHHPHHPHPPPHPPHPH
1868,PHHPHHPPHPHPPPHHHPHH
1869,HHHHPPPHPHHPHHPPPPHH
1870,HHPHHPPHHHHPPHHPPHPH
1871,HPHHPHHPPPPHPPHHPPHH
1872,PHHPHHHHHPPHPHPPPPPH
1873,PHHHHHPPPHPHPHPHHPPH
1874,HHPPHPPHHPPHHHPHHHHP
1875,PPPPHPPHHHPHPPPHPPPP
1876,PPHPHPHPPPPPHHPHHHPH
1877,HHPPPPHHHHHPPPPHPHPH
1878,PPHPPPHHHPPHPHHPPHHH
1879,PPHHHPHPPPHPHHHPHHPP
1880,HPPHPPHHHHHHPPHPPHPP
1881,HPHHPPHHHPHPHPPPPPHP
1882,PHHPHPHHPPPHHPPPPHHP
1883,PPHHPHHHHPPPPPHHHPHP
1884,PPPHPPPPPHPHPPPPHPHP
1885,PHPHPPPHPPPPPPPPHHHH
1886,HHHHPPPHPPHHHPHPHHPH
1887,PHHPPHPPPHPPHHPPPPPP
1888,PHHHHHHPPHPHPPHPHPHP
1889,HPHHPHHHPHPPHPPPHPHH
1890,HPPHHHPHHPPPPHHPHPHH
1891,PPPPPHPPPHHPHHPHHHHP
1892,PPPHPHPPHPHPPHPPPPPP
1893,HPHHHHPPPPHPPPHHPPHP
1894,PHHPPPHHHPHHPPHPPPPH
1895,HHHHPPPPHHHHPHPPHHHH
1896,PPPPHPHHHHPPPPHHPPPP
1897,PPHHHHPPPPPPPHPHPHHH
1898,PPHHHHHPPHHHPHPPHPPP
1899,PHHPPHPHPHHPHHPHPHHP
1900,PHHPHHHPPHHHHHHHHHPP
1901,PPHPPPPPPPPHHPHPPHHH
1902,HPHHPHPPPPPPPHPPPHHH
1903,PPPHPPPHHHPPPHHHPHPH
1904,HHHHPHHHPHHHHHPPHPHH
1905,HHPPPPHPHPHHPPPPPPHH
1906,HPPHPHHHPPHHPPHHPPHP
1907,PPHPPHHPPHPHPPPHPPPH
1908,PPPHPPHPPHHPPHHPPPPP
1909,PHHPPPPPHPPPHHPHHPHP
1910,HPPPPHPHHPPPHPPPPHPP
1911,HHPHHHPHHHHPHPHPPHPP
1912,HHHHPPPHHPHHPPHPHPHP
1913,PHHPHHPPPPHPPPHHHHPH
1914,PPHPHPHPHHPHHPHHPPHH
1915,HHPHPHPHPPPPHHHPPHHH
1916,HPPHPPPPHHPHPPHHPPPH
1917,PPPHPPPHHPHHHHHPHHPH
1918,PPHPPHPPPPPPHHHHHHHP
1919,PPPPPPPPHPHHPHHPHHHP
1920,PPPHHHHPPPHPHHHPPPHH
1921,HHHPHPPPHPPHHHPPPPHH
1922,HPHHHHPHHHPPHHPHPHHH
1923,HPHPHPHPPHHHHPPPHPPH
1924,PPPPPPHPPHPHPHHPHPHH
1925,HPPPPPHPHPHPPHHPPPPH
1926,PHHPPHHHHHPPHPPHPHPP
1927,PHPPHPPHHPHHHPPPPPHP
1928,HHHPPHHPPHPPHPPPPPPH
1929,PHPPHHHPHHPPPPHPPPHH
1930,PPHHHPHHPHPPHPHHHPHH
1931,PPHPPPPHPPHHPPHHHPPP
1932,PHHHPPHPHPHPPHHPHHPH
1933,PPPHPPPHHHHHHHPPHHPH
1934,PHPPPHHHPPPHPHHPHHHH
1935,HPPPPHPPHHHHHPPPPPPH
1936,PPPPHPHHPPHPPPHHHHHH
1937,PPHHPHHHHHHPPPPHHPPP
1938,HHPHHPHPHHPPHPHHHPPP
1939,PPHPPHPPPPHPPHPPPHPP
1940,HHPPHPHHHHPHPHHPPHHH
1941,PHHHHPHPPPPPHHPPHPHP
1942,HHPHPHPPHPHPHPPHPPPP
1943,PHPHPPHHPPHHPHPHHHHH
1944,PPPPPPPHHHPPHPPHHPPP
1945,HHHHPPPHPHPHHHPHPPPP
1946,PHHHHHPHHPHHHPPHHHPH
1947,PPHHPHHHHPPPHPHPPHHH
1948,HPPPPPHPHPHHHHHPPHPP
1949,HHHPPPHPHPHPPHHHPPPP
1950,HHHPHPHHPHPPHHHHHHPH
1951,HHHHHPPHHPHPHHPPHHPP
1952,PHHHPPHHHPHHHPHPPPPP
1953,PHPPHPPPHHHPHPPHPHHP
1954,PHPPPHPHPPHPPHHHPHHH
1955,PPHHHHPPHPHHHPHHHPPH
1956,HPPPPPPHPPHPHPHHPPPP
1957,PPPHHPHPHHPPPHHPPPHH
1958,HPPHHHHPPHPPHPPPHHHH
1959,PPPPHPPHHHHPPHPHPHPH
1960,HHPPPHHHPHHPHPHHHPPP
1961,PHPHHHPHHPPHPPHPPPPP
1962,HHHHPPHPHHPPHHHHPHHH
1963,PPHHPPHPPHHHHPHPHHPP
1964,HPHPHPPHPHPPHHPHHPHH
1965,HPHPHPHPPPHHHHPPHPPH
1966,PHPHHHPHHHPHPPHHHPPH
1967,HHHHPPPHPPHPHHPPPPPH
1968,PPPHPHHHPHHHHHHHHHHH
1969,HPHHHHHHHPPPPHPPHPPH
1970,PHHHHPPHPPHHHHPHPHPH
1971,PPHHHPPPPPPHHHPHPHPH
1972,PHHPHPPPHHPPHPHHPHHP
1973,HHPHPPPPHPHHPPHPPPPH
1974,HPPHHHPPPPHPHHHHHPPP
1975,HPHHHPHPPHPHPPPPPHPP
1976,PPHPHPPPPPPPPPPHHHPP
1977,PHPPPPHPHHHHHHHHPHPH
1978,PHPHHPHHPHHHPPPPHHHP
1979,PPHPHPPHHHHHPHPPPPHP
1980,PPPHPHPHHPHHPHHPPPHH
1981,PHHPHHHPHPPHPHPPPPHP
1982,HHPPPHPHPPHPHPHPPPPH
1983,PHPPHHPPHPPPHPPHHHHH
1984,HHHHPPPHPHPPHPPPHHPH
1985,HPPHHPPPPPHHHHPPHPHH
1986,HHPPPHHHPPPPPHHPPPPP
1987,PPPPPHPHHPHHHPPHPHHH
1988,HPPPHPHPHPPHPPPHHPPP
1989,PHHPPHHPPPPHPPPHHPPH
1990,HHPHPPPHHPHPPHPPHPPP
1991,HHPPPPPHHHPHHHHPHHHP
1992,PPHHHPPHPPPPHPHHPPPP
1993,HPHPHHHHHHPHHPPPHPHP
1994,HHHHPPPPPHHHHPPPHPHH
1995,HPPHPPHPHHPHPHHPHHPP
1996,HHHHPHPHHHHHPHPHPHHP
1997,PPHPPHPHHPPHPPPHPPHP
1998,HPHPPHHHHPPHHPHPHHHH
1999,PHHPPHPHPPPPPHHHPHHH
2000,HPHPPHHPPPPHHHHPPHPH
2001,PPPHPPHPHPPHPPPHHPPP
2002,HHHHHPHPPPPHPPHPPHHH
2003,PHPHHPPHPPPHHHHPPPHP
2004,PHPPPHPPHPHHHHHHHPHP
2005,HHHPHPPPHHPPPHHHHPPP
2006,HPPHPPHHPPHHPPHHPPPH
2007,PPHPPPPHPPPHHPHPHHHH
2008,PHPPHPPPHPHPHHHPPPHP
2009,PPHHPHHHPPHPHPHPPHHP
2010,HHPHHPHHPPHPPPHPHPHP
2011,PPPHHPPHPHPPPPPPHPPH
2012,PPPHHPHHPHPHPHHHPPHP
2013,HPHHHPPHPPPPHPHHHPHP
2014,PPHPHPPPHPPHHHHHHPHP
2015,HPHPPPPPPHPHHPHPHHHH
2016,PHPPPPHHHHHPHHHHHHPP
2017,PPPPHPPHHPPPHHHPPPHP
2018,PPHHPPHHHPPHPPPHHHPH
2019,PPPPPHHHHPHHHHHPPPPP
2020,PPPHHHHHPPHHPPPPHHHP
2021,HPPPHPHHHHHPPHHPPHPP
2022,HHPPHHHHPPHPHPPPPPPH
2023,PHHPHPHPPPHPHHHPPPPH
2024,HHPPPPHPHPHHHPHHHHPH
2025,PHHHHPHHHPPPPHHPHPHP
2026,PPHPHHHHPHHHPPPHPHPH
2027,PHHPHPPPHHPPHHHHPHPH
2028,PHHHPPPHHHPHHHHHPPPP
2029,PHHPPHPPPHHHHPHHHPPP
2030,HHPPPHHPHHPHPPHPHPPP
2031,HHPHPPPPHPPHPPHPHPHH
2032,HPHPHPHHPHPHPPPPHHPH
2033,HHHHPHHHPPHHHPHPPPHP
2034,PPHHPPPHHPHPHHPPHHHH
2035,HPHHPPHPHPPHPPHHHPHH
2036,PHHHPPPPHPHHPPHPHHHH
2037,HHHHHHPHHHHPPPHPPHHP
2038,PPHHPHPPPPPHPPPPPPHH
2039,PPHHHPHPPPPHHPPPHHPP
2040,HPHHPPHPHPPHPPHPHPHP
2041,HHHPPHPHHHHHPPHPHHHH
2042,HPHPPPPPPHPHHPPPHPPH
2043,HHHHHPHPPPHHPHPPHPHP
2044,PPPPPHHHPHHHHPPHPHPP
2045,HHPHPPHPHHHPHHPHPPPP
2046,PPHPHPPHPHHHPHPHHPPP
2047,PPPPHPHPPPPHHHPHHHPP
2048,HHPHPPHHHHHPPHHPPHHH
2049,PPPHHHHHHPHPHPPHHHHH
2050,PHHPHPHPHPPPHPHHPHPH
2051,PHHHHHHHPHHHPPHPPPHH
2052,HHPPPPPHPPPPHPPHPHHH
2053,HHPHHHHHHHPPHPPPPHPH
2054,HPPPHHPPHPHHPPPPHPPP
2055,HHPHHHHHHHHPHPHPPHHP
2056,HHHPPHPHHHPHHPHHHHHP
2057,HHPHPPHPHPHHHHPHHPHH
2058,HHHPHPHPPPHHPHPPHHPH
2059,HPPPHPHHPHPHHHPHHHHH
2060,HHHHPHPPPPHHPHHPPHPH
2061,PHHHPHHHPHHHPPHPPPPP
2062,PPPPHHHHPPHHHHPPHHPP
2063,PPHHHHPHPHHHHHHHHPHP
2064,PHPPHPPPHPPPPPHPHHPP
2065,PPPHHPHPPPPPPHPPHPHP
2066,PHHPPPHHHPPPHHPPHPPH
2067,PHPHHHHPPPHHHPPPHPHP
2068,PHHHPHHHPPPPHPHPPPPP
2069,PHPHHPHPPPHPHHHPPPPP
2070,HHHPPHPPHPHHHHPHHHHP
2071,PPPHHPPHHHPPHPHHHPPP
2072,HPPHPHHPPHHHHPHPPPHP
2073,PHPHPHHHHHHPHPPPHPPH
2074,HHHHPPPPPPPHHPHPPPHH
2075,HHHPPPPHPPHHHHHPPPHP
2076,HPHHPHPPPPPPPHPHPPPP
2077,PPHPPHPPPPHPHPHPPHHH
2078,PPPHHPHHPHPHHHHPHPPP
2079,HHHHHPPPPPHPHHHPPHHP
2080,PPPHPPHPPHHHPHPPPPPH
2081,HPPHHPPHPPHHHHHPPHPH
2082,HPHPHHHHHHHPHHPHPHHP
2083,HPPHPPPHHPHPPPHHPHHP
2084,PHHPPHPHPPPPPHHHPPPH
2085,HPPHHPPPPPHPPPPHHPPP
2086,PHPPHHPHPHPPHPHPHHPP
2087,PPPHPHPHPHPHHPHHPPHH
2088,PPHPHHPPHHPHHPPPPPHH
2089,PHHPPPPHHPHHPHHPPPHP
2090,HPPPPPPHPPHPHPPHPPPP
2091,PHHHPHPPPPHPHPHHHPPP
2092,PPHPPPHPPHPHPPHPPHHH
2093,HPHHHHHPHPHHPPHPPPHH
2094,HHPPHHHHHHHPPHPPPHHH
2095,HHHPHHPHHPPHHHPPPPPP
2096,PHHPPHHHHPHPPPHHPPHP
2097,PHPHHHPHPPPHHHPHPHHP
2098,PHHHHPHHPPHHHHHHHPHP
2099,PPHPPPHHHHPPPHHPPHPP
2100,PPPHPHPPHPPHPHHHPHPH
2101,PHHPPPPPHPPPHHHPPPPH
2102,PHHPHPHPPPHPHHPPPPPP
2103,PPHHPHHPPHPPPHPPHHHH
2104,PHHPHPPPPPHHPPHHHPPH
2105,PHHHPHHHPHHPPPHHHHHH
2106,PPPPPPHHHHHPHPHPHHHH
2107,PPHPHHPPHHHHPHPHHHHP
2108,PHHHHHHHHHHPHPPHPPHP
2109,PPHHHHPPHPPHHPPPHHHP
2110,HHPHHHPHPHPHPHPPHHHP
2111,HHHPPHHHPPHPHPHHPHHP
2112,HPPPPPHPPPPPHHPPHHHH
2113,PHPHPPHPHPHPPHHHHPHP
2114,PPHPPHPHPPPHHHHPHPPH
2115,PPHPHPHHPPHPHHPPPHHP
2116,HPPHHPHHPPPPHPPPPPPP
2117,HHHHHPHHPHHHPPHHHHHH
2118,PHPHPPPHPHPPPHHHHHHP
2119,HPHHPPHPPHPHHPHHHPPH
2120,HPPHPPHHHHPHHHHHHHPH
2121,HPPPPHHHPHPPPHHPPHPP
2122,HPHPHPPHPHHHHHPHHHPP
2123,PPHHHHPPPPHPPPHHPHPH
2124,HHPPHPPHHPPHPHPHPHPP
2125,PPHPPHHHPPPHPHPHHPHP
2126,HHHPPPHHPPHHHHPPPPHP
2127,HHPPHHHHHHHPPHHPHHHP
2128,HHPPHHHPHPPHPPPPPPHH
2129,PHHHHHPPHHHPHHPPHHHH
2130,PPHPPPHPHHPPPPPPHPHH
2131,PPHPHPPPHHPPPPPPHPPH
2132,HHHPPHPHPPHHPHPPHPHP
2133,HPPHHPPHPPPHHHPPPPHH
2134,PHPHHHHPPPPPHHHHPHHP
2135,PHPPPHPHHHHPPPPPPPHP
2136,HPPHPPHHHPHHHPHPHHHP
2137,PPHHPHHHPHPHPHHHHHPP
2138,HPHHPHPPHHHHPHHPHHPH
2139,PHHPPPHPHPHHHHPHPHPH
2140,HPHHHPHHPHPPPHPHHPPP
2141,PHPHPHHHHPPHHPHPPPHH
2142,HPPPHPPHHHHPHPHPPHPH
2143,HPHHPHPPHHHPPPHHPPPP
2144,HPPPHHHPPHHPHPPPHPPP
2145,HPHHPPHPPHPHHHPPPPHP
2146,PPPHHHPPPHPPHHPPPPPP
2147,PHHPHHPPHPPPHPPHPPHP
2148,PHPHPPHHPPPPHPHHPPHH
2149,PHHHPPPHPPHPHHPPHHHP
2150,PHPHPHPHHPHPHHHPHHHP
2151,PPPHHHPPPPPHPHHHPHHH
2152,HPPPPHHHHPPPHHHPHPHH
2153,PPPHHPPHPPHHHHHHPHHH
2154,HHHHHHPHPHPPHPHPPPPP
2155,PPPPPHHHPPHHPPPPPHHH
2156,HPPPPHPHPPPHPHPPHPPH
2157,PPHHHPPHPHHHPPHPHPPP
2158,PPHHHPPHHHPPHPHPHHPP
2159,HHHPPHHPPHPHPHHPPPPP
2160,HHPHHPPHPPPPHHPHPPHH
2161,HPPPPHHHHPPHHHHPHPPH
2162,PPPHPHHHHPPPPHPPPPHH
2163,HHPPPPPHHPHHPHPHPPHH
2164,HPPPPPPHPPHPPHPHHPHH
2165,PHPPHHHPPHHHHHHHHPHP
2166,PHPHHPHPPPHPPHPHPHPH
2167,HHHPPHHHPPPHHPPPHPPH
2168,PPHPHHPHPPHPHHHHPHHH
2169,PPPHHPPHPPHPHHPHPPPP
2170,HPPHHPHHHPPHHHHHPPHH
2171,PHPPHHHHPPPHHHPHHPPH
2172,PHPPHPPPPHHPHHPHHHPH
2173,PHPHHHHHPPPHPHPHHPHH
2174,PPPHPHPHPPHPPHPPPPHP
2175,HHHPPHHPPHHHPHPHPPHH
2176,PPHPPPHHHHPPPPHHHHHH
2177,PPHHHPPPHPPHHHPHHHPH
2178,PPHHHHHPPHHPPPPHPPHP
2179,PPHHPHHPHHPPHPPPHHHH
2180,PHPPHHHPPPHHPHHPHHPH
2181,PPHHPPPPHHPPHHPHHHPP
2182,PHPHHPHPHPPPHPPPPPPH
2183,PPHHPHPHHPPHPHHHPHHP
2184,PPHHPPHPHHPHHPPHHHPH
2185,HPPHPPHPHPHPHPHPHHHP
2186,PPHPHHPHHPHHPHPHHPHP
2187,HPHPPHPPPHHPHHHHHPHP
2188,HHHPHHPHPPHHHPPHHHPH
2189,HHHHHPHHHHHPHHPPPPHP
2190,HHPHPHPHPHHPHPPHPHHH
2191,HHHHPPHPHPHPHPPPPPPP
2192,HPPHPPPPHPHPPHHPHHHH
2193,HHPPPPPHPHPPPPPHHHHH
2194,PHPPPHPPHPHHHPPPPHPP
2195,PHHHPPHPHHHHPHHPHPPH
2196,PPHPHPPHHPHPPPPPPPHH
2197,PPPPHPPPPPHHHHHPHHPP
2198,PHPPHPPPPPPHHPPPPHPP
2199,PHPPHHPPPPPPPHHHHHHP
2200,HPPPPHHPHHPHPPHPPHHH
2201,PPHHPHPHHPHPPHHHHHPH
2202,HPHHHPPPHHHHHHHHHHPH
2203,PPPHPPHHPPPPPPPPHHHH
2204,PHPPHPPPHHHHPPPHHPPP
2205,HHHHHHHPPHPHPPHPPHPP
2206,PHPPPPPPPPPPPHHHHPPH
2207,PPHHHHPHPHHPHHHHHHHP
2208,PHHPPHPPPPHHPPHPPPHP
2209,HHHPPHPPPPPPPHHPHHPH
2210,PHHHHPPHPHPPHHPHPPHP
2211,PPHPHHHPHHHPHHPHPHPH
2212,PPHPHHHHPPPHHPHPPHHH
2213,PPPPPPPHPHPHPHHHHHPP
2214,PHHHPPHPPPHPHPPHPPHH
2215,PHPHHHHPHHPPHPPHHHPH
2216,PHPPHPPPPHPHHHHHPHHH
2217,PHHHHPHHHHHHPHPPHPPH
2218,PHHHHPHPPPPHPHPHHPPH
2219,PPHPPHPPHPHHPHHHHPPP
2220,HPHHPHPHHPPPHHPPHPPP
2221,PHPHHHHHPPHHHHHHHHHH
2222,PHPHHHPPPPPPPPHPHPPP
2223,PPPHPPPPPHHHHHPHHPPH
2224,PPHHPPHHPHPPPPPHHPHH
2225,PPHPPHHHPHHPHHHHHPHH
2226,HPPHHHPHHPPPHHPHPPPH
2227,HPPPPHPPPHPPPPHHPHPH
2228,HPHHHHHPHPPHHHPPHPHH
2229,PPPPPHHHPHHPHPPPHHHP
2230,PHPHHPHPHPPPHPPHHHHH
2231,PHHHPHHPHPPPHPHHPPHH
2232,HHHHHHHHHPHPHHPPPPHP
2233,PPPPPHHPHHHPHHPHHHHH
2234,PHHHPPPHPPHHPPPPHPPP
2235,PHHHPPPPHHHPHHHPHHHH
2236,HPPHPPHPHPHPPHPPHPPH
2237,PPHPPPPPHPHPPPPPHPHH
2238,PPHPPHHHHHHPHHHPHPPP
2239,HPPPHHPPHPHPHHPPHPPP
2240,PHPHHHHHHPHHPHPPPHHP
2241,PHHPPPPHPHHPHPPPPPHH
2242,HPHPPHPHPHPPHPPHHPPP
2243,PHHPPPPPPPPHPPHHPHPP
2244,PPPPHHHHPPPHHHPPPPPP
2245,HHHPHPHPPHPHHPPHHPHP
2246,PHPHHPHHPPPHHPHPPPHH
2247,HPPPPHHPHPPHPPPHHHHH
2248,PHHPPHHHHHPHPHPHHPHH
2249,PHHPPHHHHHHPHHHHHHPP
2250,PPPPHHPHPPHPPPPPPHHH
2251,PPHPPHHHHPPPPHPHPPHP
2252,PHHHPPPPPPPPPHHHHPPP
2253,HHPPHHHHPHHPPPPPPPHH
2254,HHHPPHHPPHHHHPHPHPHH
2255,HPHPHPPPHPHPPPPPPPPP
2256,PPPPPHPHPHHHPPHHHHPP
2257,HPPHHHHHHPHPHPPHHHHH
2258,HHPHHPHPHHHPPHPHHPHP
2259,PHHPHHPHHPPPPHPPHPPH
2260,PHHHHHHHHPHHPPPHPPPH
2261,PHPHPHPPPPPPHHHPPPPP
2262,HHHHHPPPPHHPPHPHPHHP
2263,HPHPPHHHPPPPPPHPPHPP
2264,HPHHPPHHPPHHHPHHPHHP
2265,HHPHHHPHPPPHPHPHPPPH
2266,HHHHHHPHPPHPHPHHPPHH
2267,PHHPPPHHHHPHPHHHPPHH
2268,HHPPHPHHHPPHHPHPHPPH
2269,PPHHPHHHPPPHPPHHHPHP
2270,PPHPHHHHHPHPHHHHPHHP
2271,PHPHHHHPHHPPHPPPHHPH
2272,HPPPPHHHHHPPHPHHPPHP
2273,PPPPPHPPHHPPHPPHPPPH
2274,HPPHHHHPPHHHHPPPPHPH
2275,PPHHHHHHHPHPHPHPHPHP
2276,PPHPHHHPPHPPPHPPHPHH
2277,HHPHHPPPHHPPHHPPHHHH
2278,PPPPPHPPPPPHHHPPPPHP
2279,HPHHPPHPHHPHPPPHPPHP
2280,HHHPHHHPPHHHHPHPPHHP
2281,HHPPHPHHPPPHPHHHHPHP
2282,PHPPPHPPHPHHHHPHHPPH
2283,HPPHHPHPHPHPHPHPPPHP
2284,PPHPPHPPHPPPHPPHHPPH
2285,HHHPPPPPHPHPHPHHPHHH
2286,PPPHHHHHPHHPPPPHPPHH
2287,PPHPHPPHPHHPPPHHHPHP
2288,HPPPPPHHPHPPPPHHHPHP
2289,HPPHHPHPPHPPHPPHHHPP
2290,HPPHHPHHHPHHPPHPPPHP
2291,HHPHHPHPHHPPPPPPPPHP
2292,PHPHHPHHPHPPHPHHHPHH
2293,PPPHPPHHPPPHHPPHHPHH
2294,PPPHHHPHHHPHHHPPPHPP
2295,PHHPHPHHHHHHHPHPHHHP
2296,PHPHPPHHPPHPPPHPPPHH
2297,PPHHPPPHPHHPHPHPPHHP
2298,PPHHPHPHPPHHPPHPHPPH
2299,HHPPPPHPHHHPHPPPHPHH
2300,HHHPPHPPPHPHHPPHPHPH
2301,PHHPPPPHPHHHHHHPHPPP
2302,HHHHHPHPHHPHPPHHPHHH
2303,HPPHPPHHPHHPPHHPHPPH
2304,PPHHHHPPPHHHHPHPPHPP
2305,HHHHPPHHPPPHHPHHPPHH
2306,HHHPPPHHHPPHHPPHHHHH
2307,HHHHPHPPHHPHHPHHHHHH
2308,PHHHPHHPPHPPHPHPPPHP
2309,PHPPHPPHPPHPHPPPPPPP
2310,PPPHHPHHHPHHPHHPHHPH
2311,PPHHHPPPPPPHPHHPHHPH
2312,PPHPPPPHHPPHPPHPHHPP
2313,PPPHPPPPHPHPPHHPPHHP
2314,HHHPPHPPPHPHHHPHHPHH
2315,HHPHPPHHPPPHHPHHPPHH
2316,HHHPHPPHHPPPHPPHHPHH
2317,HHHPPHPHPPPHPPPHHHPH
2318,PPHHPHHPHHPPPHPHHHHH
2319,PHPHPPPPHPPHHHPHPHPP
2320,HPHHHPHPHHHPPPPPPPPP
2321,PHPPHHPPPPPPPPPHPHPP
2322,PPPPHHPHHPPHHHHPPPHH
2323,PHHHPPHHPHHHHHHHPPHH
2324,HPHPPHPHPPPHHPPHHHPH
2325,PHPHHHPHHHHHPHHPPHHP
2326,HPHHHPPHHHHHHPPHHPPP
2327,PPHPHPPPPHPPPPHPHHHP
2328,HPPHPHHHPHPPHHHHHPHH
2329,PPHHHPHPPHPPPPPHHHPH
2330,PHPPHHPHHPHHHPPPHHPH
2331,HHPPHPPHHPHPPHPHHPPH
2332,HHHHHPPPPPHPHPPPPPHP
2333,PPPPHPPPPHPPHPPHPHPH
2334,PPPHHPPHHPHHPPPPHPPH
2335,HHHHHHPHPHPPPPHHHHPP
2336,HPHHPPPPPHHHHHPHPHHP
2337,PPPHPHHHPPHPHPHHHHHP
2338,HPPHPPHHHHHPPPHHHHPH
2339,PPPPHHPPHPPHPHHHPHPP
2340,HHHHPPHPHPPPPPPHHPHP
2341,PHHHHHHPPHPPHPHPHPPH
2342,HPPPPPPHHPPPHPHHHPHH
2343,PHPHPPPPPPHHHPHHHPPH
2344,PPPHPPPPPHPPHHPPPHHH
2345,HPPHPPHPHHPHPPPPPPHH
2346,PHHPHHHPPPHHPHHHPHHH
2347,HHPHHHHPPHPHPPPPPPPP
2348,HPHPPPHHPPHPPHPHHPHH
2349,PHHHPPPHHHPPHHHHHPHP
2350,HPPPHHPHPPPPHHHHHHHH
2351,HPPHPPHPHPPHPHPHPPPP
2352,PHPHHPPHHHPPPPHHHPHP
2353,PHHHPHHPPHPPPHPHHPHH
2354,HPPHHPHPPHPPPHHPPHPP
2355,HHHHHPHPHHHPHPPHPHHH
2356,PPHHHHHPHPHHHPPPHHPP
2357,HHHPHHHHPPPPHHHPHPPH
2358,PHHHPPPHHPHPHHPHHPPH
2359,HHPHPPHPPHHPPPPPPPHH
2360,HPPHHHPPPHPPPPPHHPHP
2361,HHPPHPPHHHPPHPHPHHHP
2362,PHHHHHPPHHPHHPPHPHHP
2363,HPHPPHHHHPPHPPPHPHHH
2364,HPHHPPPPPHHPPPPHPHHH
2365,PPHHHPHHPPPHHPPPPPHH
2366,PHHHPPHHHPPPHPPHHHPP
2367,PPPHHHHHHHHHHPHPPPHP
2368,PPPPPHPHPPPPHPHHPPHP
2369,HPPHPPHPPPPHHHPHPPPH
2370,PPHPPPHHHPHHHPPHHHHH
2371,HHHHHHHPPHPHHPPPHPHP
2372,PPHHHHPPHHPHPHPPPHPP
2373,HPPHHHHPPPPHPPHPHHHP
2374,HHPPPHPHHPPHHPPPPHPP
2375,PHHHHPPHPHHPPHHPPHHP
2376,HPPPHPHPPHPPHPHHHHHH
2377,HHPPPPPPHHPHHHPHHHHH
2378,HPPHHHPPHPPHHPPPHHPP
2379,PPPPPPHPPHHPPPHHHPHH
2380,PPHPPHPHPHPPHHHPPHPH
2381,PPHHHPHPPPHPPHHPHPPH
2382,PHHPHHHHPPPPHPHHHPHH
2383,PHPPPPPPHHPPHPHHHHHP
2384,HHHHHHPPPHHHPPPHHHPP
2385,PPHHPHHPPHPHPPPPHPPH
2386,HHHPPPPHPHPPPPHHPPPP
2387,PPPPHPPHPHHHPHHHPHPH
2388,HHPHPHHPHPPHHPPHHPPP
2389,HPHPHPPHHHPHHPHPPHPH
2390,HPHPHPPHHPHPHHHPPHPP
2391,HPHHHPHHHHPHHHHPPHHP
2392,HPHPPPHPPHHPHHPHHHHP
2393,PPHPHHPPPPPHPHHPPHHP
2394,PPHPPHHPPPHPPPHHHPHP
2395,PPPPHHHHHPHHHPPPPHPP
2396,PPPHHHHHPPHPHHPPPHHH
2397,HHHPHPHHPPHHHPPHPPPP
2398,PHPHPHPPPHHHPHPHHPPP
2399,HPPPPPPPHHPHPPHPPHPH
2400,PPPHPPPHHPPPHPPHHHHH
2401,PHHPHHHPPHPPPHPHHHHP
2402,PHPPHHHPHHPHPPHPHHPH
2403,PHHPPPPHPPHHHPPPHPHH
2404,PHPHPHPPPPHPHPHPPPHP
2405,HPHPHPHPHHPHPPHHHHHP
2406,HPPPHHPPPHPPPPPHHPPH
2407,HPPHHPHHPPPHHPHHHPPH
2408,PPHHHPPHPPHHHHHPPHHH
2409,HPPPHPHPHPPHHPPHPPPH
2410,PHHPPPHPHHPHPPPHHHHH
2411,HHHHPPPHHPPPPHPHHPHP
2412,PHHPPPHPHPPPHHPPHPHH
2413,HHHPHPHPHHHHPPPPHPHP
2414,PHHPHHHHPHPHHHHHPHHH
2415,HPHHHHHHHPPPHHPHPHHH
2416,HHPPPPPPHHHPPPHPPPHH
2417,HPPPHHPHHPPPPPPHHPHP
2418,PPHHHHHHHPPHHPHPPPPH
2419,HHPPPHHPHPHPPPHPPPHP
2420,HHPPPPHHPHPPPPPPHHPH
2421,PHHPHPPHHHHPPHHPPPPH
2422,PHPHHPHPPHPHHPHPHPPH
2423,HHPHHPHHPPPHPPPPHPPH
2424,PHHHHPPHPPHHHPHHHHHP
2425,PHPPPHPPPPPHPPPHPHPH
2426,HPHHPHHPPPHPPPPHPPPH
2427,PPPPPPHPPPPPHPPHHPHH
2428,HPPHPPHPHPHPHPHHPHHP
2429,HHPHPPPHHHPHHPHPPPPH
2430,HHPHHHPHHHPHPHHPPHPP
2431,PHPPHHHPHHPHHPHPHHPP
2432,PPHHHPPHPHHPPPHPHHPH
2433,PHPPHHHHHHHPPHPHHHHH
2434,HPPHPHHHPHPHHPPPHPPP
2435,HHPPPHHHPHPPPHHHHPPH
2436,HHPHPHPPPPPHHPHHHHHP
2437,HHPHHPPPPPHHPPPPHHHH
2438,PHHPHHHHPPHHHHPPPHPH
2439,PPPPHPPPPPHHHPPPHHPP
2440,HPPHHHHPHPPHHPHPHPPP
2441,PPPPHPPHPHHPPHPPPPPP
2442,HHPHHPPPPPHHHHHHHHPP
2443,HPPHPHPHPPHPPPHHPPPH
2444,PPHPHPPHHHPHHPHPHHHP
2445,PPPHHHPHPHPHPPHHHHHP
2446,PPPHPHHPHHHHPHHHHHPP
2447,HPPPHPPHPPPHPHPHHHHP
2448,HHPPHPHHHHPHHHPPHHHP
2449,PHPHPPPHHPHPPPPHPHPH
2450,PPHHHHHPPHPPPPPPPPHH
2451,HHPHHHHHPPPPPHHHHPPH
2452,PHHHHHHPPPHHPPPHHPHP
2453,HHHHHPPHPPPHPPPHPPHP
2454,HPPPPPHPPHHPPPPPHPPP
2455,HPHHHHPHPPPPPPHHHPHP
2456,HHPHHPPHHHPHHPHHPHPH
2457,HHHHPHHPPHPHPHHPHPHP
2458,HHHHHPHHPPPPHHHHPHPH
2459,HPPHHHPPPPHHPPPPHPHH
2460,HHPPHPHPHPPHPHPPHPPP
2461,HPHPHHHHPHHPPPHPPPPH
2462,PPHHPPPHHHHPPPPHPHPP
2463,PPHPPHHPHHHPHHHHHPHP
2464,PPPPPHHHHHHPHHHHHHPH
2465,HHPHHHHHHHHHHPPHPHPH
2466,PPHHHHHPPPPHHHHPHHPH
2467,HHHHHHPPPHPPHHHPHHPH
2468,PHHHPPPHPPHPPPPPHPHP
2469,HPHHPHPPPHPPHHPPHPHH
2470,PPPHPHPHHHPHPHHHPHPP
2471,HPHHHPHPHPHPPHPHHPPH
2472,HHHPPHHPHHPHHHPHPHHP
2473,HHHPPPPHPHHHPPPHHPHH
2474,HHPPPPHPHPPPPHPPPPHH
2475,PHHHHPPHPHPHHHHPHHPP
2476,HHHHPPPHHHHPHHPHHPPH
2477,HPHHHHHPHHHHPPHHPHPP
2478,PHHHHPHHHPHHHHPPPHHH
2479,PHHPPHHPHPPPHHHPHHHH
2480,HHHHPPHHPHPHPHPPPHHP
2481,PHPHPPHPPHPHPHHHPPHP
2482,HPHHPHPHPPPPPHHPHPPH
2483,HHHPHPHPPPPHPHPHPHHP
2484,HPPHHHHHPHHPPHPPPHPH
2485,HPHHHHPPPPPHPPPPHPHP
2486,PPPHHPPHHHHPPPHHHHHH
2487,PPPHHHPHPHPHPPPHHHPP
2488,HHHPHPHPHHPPPPPPHHPP
2489,PHPPPPPPHPHHPPPPHPPP
2490,HPPPPPHPPPHPHPPHPHHH
2491,HHPHPHPHHHPPHHPHHPPH
2492,HPPPPHHHHHHHHPHHHPHP
2493,HPPHHHHPHHPHHPHHPHHP
2494,PPPPPHPPHPHPHHPHPHHP
2495,HPHPPPHHPHHPPPPHHPHP
2496,HHHPPHPHPPHPPPPPHHHH
2497,HPPPPHPPHPPPHHHPHPPH
2498,PHPHHPHHHPPPPPHPPPHH
2499,HHPHHHHPHPPHPPPHHHPH
2500,HPHPHHHPPHHHPPPHPPPH
2501,PPHPHHPPPHHPHHPPHPPH
2502,HHPHHPHPHHHPPHPPHHHH
2503,PPPHPHHHPHHPPPPPPPPH
2504,HHHPPPPHPPHHHHPPPPPP
2505,PPHPPHHHPPHPPHHHPPHP
2506,HPHHPPPHHPHPHHHHHPPP
2507,HPPPHHPPHHPHPHPHPPHH
2508,HHPHPPHPPPPHHHHPPHPH
2509,PPPHPPPHPPHHHHPHPHPP
2510,HHHHHHPHHPPPHHPHPPPP
2511,HHPPPHPHHPHPPPHHHPPP
2512,HPHHPPPPHHPPHHHPHHPH
2513,PPPHHPHHHPHHPPHPHPPP
2514,PPPHPPHHHHPHHPHPHHPH
2515,HPHPPPPHHHPPHHPPHPHP
2516,HHPHHPHPHHHPHHPPPHPH
2517,HPHHPHPHHHPHHPHHPPHP
2518,HHHPHHHPPHHHPPHHPHPH
2519,PHPPHHPHPPHPPPPPPPPH
2520,PHHHHPHPPPPHPHHHPHHH
2521,PPHPPPHHPHPHPPPHPPHP
2522,PPPPPPHHPPHPPHPHHHPP
2523,PHPPPHHPPHPHPHPPHPPH
2524,PPHHPHHPPHHHPPPPPPHH
2525,HHHHHHHPPPPHHHHHPHHH
2526,HPHHPPHPHHPPHHHPHHPH
2527,PPPPPPPPHPPHHPPPPHPP
2528,HPHPHPPPHHPHHPHPPPHP
2529,HHPPHHPPHPHHPHPPPHHP
2530,HPHHPPHPPPPPHPHPPHHH
2531,PHHHHHHHPHHHPHHHPPHP
2532,PPPPPPHHPHPHHHHHPHPH
2533,HHHHPHHPPHHPPPHHHPPH
2534,PHPHHPPPPPHHHHPHPHPP
2535,HPPHPHHPPHHHHHPPPPHP
2536,PPPHPPHPPPPHHHHHHPPP
2537,PPHPPPHHHHPPHPHPHPPH
2538,PPHPHHPHPHHHHPHHPPPP
2539,PPHHPPHHPPHPPPPHPPPH
2540,PPPHPPPHHPPHHPHPPHPH
2541,HPPHHPPHHPHHHPPHHHHP
2542,PHHHPHPPHPPPPHHPHPPP
2543,HHPHPHHHHHPPPPHPPHHP
2544,HPHPHPHPPHPHPPHPHHPP
2545,PPPPPPPPHHHPHHHHPPPH
2546,HPPHPHHHPPHPHHHHHPPP
2547,PHHPHHHPPHHHPPPHHHPP
2548,HPHPPHPPPHPHPPHPHPPH
2549,HPPPPHHPPHHPPPHHHHPH
2550,PPHPPHPPPPHHPPHPHPHP
2551,HPPPHPPHPPPPHHPPHPHH
2552,HHPPPPHPPPPPPHHHPHHH
2553,PPPHHHPHPHHPPHPPHPPH
2554,PPHHPHPPPPPPPHPHPPPH
2555,PPPPHPHPHHHPHHPPHPPP
2556,HHHPHPHHPHHHHHHPPPPP
2557,HHPHPPPHHPPPHHHHPPHH
2558,HPHHPHHPHHPHPHPPHHPP
2559,HHHPHPHPPPPHHHHHHHPP
2560,PHPHHPHHPHPPPPPPPHHH
2561,HPHHPPHPPHHPPHHHHHHH
2562,PHPHPPPHHPHHPHPPPHHH
2563,HPHHHHHHPHHPHPHHHHHH
2564,PHHHPHHHPHHPHHPPPHPH
2565,HHPHPPHPHHPPPPPPHHHH
2566,PHHPHPHPHPHPHPPHHHPP
2567,HHHPHPHHHHPPHPPHPPHP
2568,PHHHPPHHHHPHHHHHHPHH
2569,HPHPHPPPPPHHHPHPPHPH
2570,PPPPHPHHPPPPHPHPHPHP
2571,PPPPPPHHHHPHPPPPPHHH
2572,HPHHHHPPPHPHHHHHPHHH
2573,PHHPHPHHHHHHHHPPHHPP
2574,HHHHHPPHHHHHHHHPPPHP
2575,PHPPPPPPHHPHHHHPHPPH
2576,HPHPHHPPHHHHPPPHHHPH
2577,HPPPPHHHHPHHHPHPPHPH
2578,PHPPPPPHPPHPHHPPPPHH
2579,PPPHHHPPHHHPPHPHHPPH
2580,HPPPPHHHPHPPPHHHPHPP
2581,HPPHHPPHPHHHPPHHHHPH
2582,PPHHPPHHPPPPPPPPHPPP
2583,PPHHHHHHHPHPHPPPHHHH
2584,HPPPPPHPHHHPPHPPPHHH
2585,HHPHHPPPHHHPHHPPHPPP
2586,PHPPPHHHHPHHPHHPHHHP
2587,HPHHPHPHHPHPPPHHPHPH
2588,HHPPHPHPHHHPPPPPHPHP
2589,PPHHPPHPPHPPPHHHHPPP
2590,HPHHPPPPPPHHPHHPHPHP
2591,HPPPHPHHHPHHPPPHPPHP
2592,HHHPPHHHHPPHHPPPHPHP
2593,PHHHHPHPHHHHHPPHPPHP
2594,HHPHPHPPPPPPHPPPHPPH
2595,HHPPPHPHHPPPHHHPHHPP
2596,PPPHHPPHHHHHHPHHPPHH
2597,PHHPHPPPPHPHPPHHHPHP
2598,HPHHPHPPHPHPPHPPHPPP
2599,PHHHPPHHHPPPPHPHHHPP
2600,HHPHHHPHPHPPHHPHPHHH
2601,PPPHHHHHHPPPHHPHHPPH
2602,PPHPPPPHPHPHHPHHHHHP
2603,HHPPHHHHPPHPPHPHHHHH
2604,HPPPPHHPPHHPHHHPHPHP
2605,HPPHHPHHPHHHHPHPPPHH
2606,PPHHPHHPPHHHPHPPPHPP
2607,PHPHHHHHPPPHPHPHHPHP
2608,PHPPHHPHHHHHHPPPPHHH
2609,HPPHHPPPHHHPPHHPPHPH
2610,HPHPPPHHHHHHPHHHPHPP
2611,PPPPPPPPHHHPPHPHHHPP
2612,HHHPHPPPHPPHHHHPPPPH
2613,PPPPPHPPPPPPHHPPHHHP
2614,HHPHHPHPPHPHHPHPHHHP
2615,HPPHPPHPPHPHHHHPPHPP
2616,HPHPPHPHPHPHHPHPHPPH
2617,PHHHHHPHHPPHPPPHPHPH
2618,PPPHPHPHHPPPPHPPHHHP
2619,HHHPHPPPPPHHHHHHHPPP
2620,HHHHHHPHHPPPHPPHHPPH
2621,PHHHHHHPHHHHPPHPPPHH
2622,PHHHPHPHHPPHHHHHPPHH
2623,PPPHHPHPPHHHHHPHHPHP
2624,PHHPHHPPPPPHHPHPHHHP
2625,PPHPHPPPPHPHPHPPHHHH
2626,PPHHPPPPPHHHHHPHPHPH
2627,HPPHPHHPHPHPPHPHHPHH
2628,HPPHHHHHPPPPPHHPPHPP
2629,PPHPHHHHPHPPPPPHHPPP
2630,HPHPPPHPPHHHPPHHHHHP
2631,HHPHHHHPHPPHPPPHHHHP
2632,PHHHHHPHHHPPHHHPPHHH
2633,HPHPHPHHPHHPHPPHHPPP
2634,HPPHPHHHPPHPPHHHPHPH
2635,HPPPHPHPHPPPHHHPHPPH
2636,HPHPPHHHHPPHPHPHPPHH
2637,HPHHPPPPPHHPHHHHPHHP
2638,PPHHPPPPHPPPHPHHPHPP
2639,PPHPPHHPHHHHPHPPHPPP
2640,HPPPHPHHPHPHPPPPHHHP
2641,HHHPHHHHHHHHPHHHPPHP
2642,HHHHPHHHHHPPPPHPHPPH
2643,HPHHPPPHHPPHHPPPHHPH
2644,HHHHHPHPHPHHPPPPHHPP
2645,HPPHHHPHHHPPHHHPPPHH
2646,HPHHHHPPPHPPHHPPHHPP
2647,HHPPPHPHHHHPPHPHHPPP
2648,HPHPHHHPPPHHPHPHHHPH
2649,PPHPPHHHHHPPPPPHHHHH
2650,PHPPPHPPHHHHPHPPPPPP
2651,HPPPHHPHHHHPHPPPPPHP
2652,HHHHHPPPPPPHHHHPHPHP
2653,HPPHPPHHPHPHPPHHPHHH
2654,PPPPPHHPPHHHHPPPPPHP
2655,HHHPPHHHHPHPHPPHHPHP
2656,PPPPHPPHPPPPPPHHHHHH
2657,PPHHPHPPHPHPHHHPPPPH
2658,HHPPPHPPHHHHHHPPHPHP
2659,PHPPHHPHHHPHHPPHPHHH
2660,PPHHPHPHHHHPHPPHHPPP
2661,PHPPHPPHPHHPHHPPHPHP
2662,PPPPHHPPPHHPHHPHHPHP
2663,PHPHHHHHPPPHHPHHPPHP
2664,HPPPPPPHHHPPHPPPPHHH
2665,PHPPHHHPPPHPHHHPHHHP
2666,HHHHPHPHHHPPPHHPPHPH
2667,HHHHPHPHHHHHHHHHHHPH
2668,PPHPHHPPHPPHHHHPHPPH
2669,PPHHPHPPHHPPHHPPHHPH
2670,HHPPHPPPHHPHHHHHHHPP
2671,PHPPPHHPHPPPHHPPPPHH
2672,PPPHPHHPHHHPHHPPPHHH
2673,HPHHHPPPHHHPHPHPPHPP
2674,HPHHPHHHPHHPHPHHHPPH
2675,HHHPPHHHPPPHPHHHPHPH
2676,PPPPPHHPPPHPHHHPPHPH
2677,HPHPPPPHPHHPPHHHHPHP
2678,HPPHPHPPPHPHPPPHHPPP
2679,HPHPHPHHPPHPPHPPHPHP
2680,HHPHHPPHPHPPHHHHPPHP
2681,HPHPPHPPPHHHPHHPHPPP
2682,PPHPHPPPPPPPPPHHPHHH
2683,PHPPHHPHPPPPPPHHHHHH
2684,PHHHHPPHHPHHHPHHHPPH
2685,HHPHPPPHHHHPHHHPPPHP
2686,PHPPHPHPPHHHHPHPPPPP
2687,PPHHHHPHHPPHHHPPPHPP
2688,HPPHPHPPHHPHHPHPHPPP
2689,HHHHPHHPPPHPHHHPHHHH
2690,HHHHPPHPHHPHHHHPHHHP
2691,PHHHPHPPHHHPHPPHPHPP
2692,HHHHPHHPHPHHPHHPHHHH
2693,PHPHPHPPHPPHPHHHHHHH
2694,PHHHPPPPHHHPPHHPPHPP
2695,PPHPPHPPPPPHPHPPPHHH
2696,HPHHPHHHHPHHHPPPPPHH
2697,PPHHHPHPPPHPPHHPPHPH
2698,HHPPPPPHPHPHHPPHHHPP
2699,HPPHPPPHHPHPHHPPPPHP
2700,PHPHPPHHHHPHPHPHHHHP
2701,HPHHHPPPPPHHPPPHPHHH
2702,HPPPHPPHPPPPHPPHPHPH
2703,HPPHHPHPPHHHHPPPHHHP
2704,PPPHHPHPHHPPPHHHPHHH
2705,PHHHHPHHPHHPHPPPHHPP
2706,HHHHPPHHHPPPPHHHHPHP
2707,HPPHHHHPHPHPHPHPHPPH
2708,HHHHPHPPHPHPPHPPHHHP
2709,HHHHPPHHHPHHPHPHPHPP
2710,HHHPHPHHPHPHHPPPHPHP
2711,PPPHHHPPPPHHPHHPHPPP
2712,HHPPPHPPHHPHPPPPHHPH
2713,PHHPHHPHPHHHHPHHHHPH
2714,HPHPHPHHHPPPHHPHPHHH
2715,PPHHPPPPHHHPHPHPHPHH
2716,HHPHPHPHPPPPPHHHHHHH
2717,PPPHPHHHPHHPPPPHHHPP
2718,PHPPHHPHHPHHHPHHHHHH
2719,HPHHHHPHPPHHPPHPPPHP
2720,PPPPHHPPHPPHPPHHPPPP
2721,HHPPPPPHHPHPHHPPPPHP
2722,PHPHHHHHHPPPPHPPHHHP
2723,PPPHPHHHHPHPHPHHHHHH
2724,HHPHHPHHPPHPPPHPHPHH
2725,PPPHPPPPHPHHPPPPPHPP
2726,PPPHPPPPPPHPHPHHHHHP
2727,PHPPPPHPPPPHHPPPPPPH
2728,PPHPHPPPPHHPHHPHPHHP
2729,PPHHPHHPPHHPPHPPPHHP
2730,PPHPHHPPPHPPPHHHHHHH
2731,HHHHPPPPHHPHHHPPPHHP
2732,HHHPPHHPPPHPPHHPHPPH
2733,HPPPHPHPHHPPPPHHPHPH
2734,HHPHPHHHPHPHPHPHPHPH
2735,HHHHPPPHPPPHHHPPHHHP
2736,HPPPPHHHPHHPPPHHHHPP
2737,PPPPHHPPPPHPHHHPHHPP
2738,HHHPPHHHHHPPHPHPHHPH
2739,HPHPHHHHPPHHPPPHPPHP
2740,PPHHPPPPPHPPPHPHPHPP
2741,HHPPHPPHHPHHPHPHPHPH
2742,PHHHHPHPPPHHPPPPHHHP
2743,HPPPPPHHPHHPHHHHHHHH
2744,PHHPHHPHPPPHHHPPPPHH
2745,PHPHPPHPPPPPPHHPHHHP
2746,HHHHHHPPPPHHHHPPPHPH
2747,HHHHHHPHHPPPHPHHPPHH
2748,HHPPPHPHPPPHHHHPHHPH
2749,HPHPHHPHHPPHHPHHPPHH
2750,HPHPPHHHHHPHHPPPPPPP
2751,HPHHHHPHPPHPHHHPPPPH
2752,HHPPPPHPPPHHHPPHHHHH
2753,PPPPPPPPHPPPPHPHHHHH
2754,PPHHPHPPHHHPHHHHPPHP
2755,HPPPPHPPPHPHHHPPPHHP
2756,PHHPHHHHPHPPHPPPPPPH
2757,HHPHPHHHPHHPPPPHHPPH
2758,PHPHHPHHHHPPPHPHHPHP
2759,HPPPHHHHPHPHPHPPPPPH
2760,PPHPHHPPHHPHHHHHHPPP
2761,HHPHPPHPHHPPHHHPPPHH
2762,PPHPHPPHHPHHPHHHPPPH
2763,PPHPPHPPHHPHHHHHHPHH
2764,PHPHPPPPHHPHHHHHHPPP
2765,HHHHPPHPHPHHHHPPHPPP
2766,PHHHHHHHHPHPPPPPHPPH
2767,HPHPPPHHHPPPHPHHHPHH
2768,PPHHHHHHHPHPPHHPPPHP
2769,HPPPPPHHHPHPHPPPHPPH
2770,PHHPHPPHPHPPHHPHHHPH
2771,HPPHHHHHPHHHPPPPPHHP
2772,PHHHHPHHHPHPPPPPHHPP
2773,HPHHHHHHHPPPPHHPPHPH
2774,HPHPPPPPPHPPHHHPHPPP
2775,PHHHHHPHHHHHHHHPPPPP
2776,HPPHPPPPHPHPPPHPPHPP
2777,HPHHPHHPHPPPPPHHPPHP
2778,HPHHHHPHPHHPPPPHHHHP
2779,PPHPHHHPHPHHHPHHHHHH
2780,PPHPHPPPPHHPHPHPPHHH
2781,PPPPPPPPPPHHHHHHHPPH
2782,HPPPHHPHPHPHPHPHHPPP
2783,HHPPPHHHPHPPPPHHHPPP
2784,HHHPPPHPHHPPPHPPHHPH
2785,HHHPHPHPHPHHHHPPHPHP
2786,HHPHPHPHPPPPHPPHHHPH
2787,HHPHHHHPPPHPHPHHPPHH
2788,PPPHHHPHHHPHPHPPHHPP
2789,PHPPHHHPPHHHHHHHHHHP
2790,HHHPPPHHPHHHHPPHPHHP
2791,PPHHPHHHHHPHHPPHHPHP
2792,PHHPHPPPPPPPHHPPHPHH
2793,PPHPPHHPHHPHPPPPHPHH
2794,HHHHHPHHPPHHPHPHPPHP
2795,HPPHPPPHPHPPHPPHHPPP
2796,PHPHHPPPPHPHHPHPHHHP
2797,PHHHHPPHHPPPPHHHPHHH
2798,HHHPHHHHPHHHHHPHPPPP
2799,PPPHPPPPHHHPPPHHHHHH
2800,PPHPHHHPHPHHPHPPPHHH
2801,PHPPHPPPPHHPHPPPHPPH
2802,PPPHHPPPHPHHHHPHHPHP
2803,PPPPPPPHHHPHPHHHHPHP
2804,HPPPHHHHHPPPHPPPPHHP
2805,PPPHHHHPHHPPPHPHHHHP
2806,HHHPPPHPHHHPPHHHPHHP
2807,PHPPHHPPPPPHPPHPPHPH
2808,PPPHHPPPHHPHPPPPPHHP
2809,PPPHPHPHPPHHHPHPHHPP
2810,PHHPPPPHHHPHHHHPPHPH
2811,PHPPHPPHHPHPHHPPPHPP
2812,HHPHPHHHHPHPPPPPHPHH
2813,HHHPPPPHPPPPHHHHPPPH
2814,HHPPHHPPHPPHPHPPHPPH
2815,HPPHPPPHHHPPHHPHHPPP
2816,HPHPHPHHHHPHHPPPPPHH
2817,PPHPPPPHPPPPPHHPPPPP
2818,HPPPHHHHHPPHPPPPPHPH
2819,PPHPPHPPHPPPPPHHPPPH
2820,PHPPPHPPPPHPPPHPPHPP
2821,PHHPPHHHHPPPHHPHHPHP
2822,PPPPHHPHPHPPHPPPHPHP
2823,PPPHPHHPHHHHPHPPHPHH
2824,HPHHPPHHPPHPPHHPHHHH
2825,HHPPPHHHHPPPHPPHPHHH
2826,PHPHPHPPPPHHPHPHHPHP
2827,PHHHPHPPHPHPHPHHPPHP
2828,PPHHPPPHPPHPHHHPHPPH
2829,PPHHPHPPHPHPPPPHHHHH
2830,HPHPPHHPHPPPPPHPHHHP
2831,HHHPPHPHPPHHPPPPPPPH
2832,PPHPPPPHHPHPHHPPPHHP
2833,HPPHPPHHHHPHPPHPPPHH
2834,PPPHHHHPHPHHPPHHHPHH
2835,PHPPPHHPPHPPHHHPPHPP
2836,HHPPHHHPPHPPHPHPPPHP
2837,HHPPPPPHPHPPHHHPHPPP
2838,HPHPHPPPHHHHPPHPPHHP
2839,PHPHHHHPHHPHHHHPPHPP
2840,PHPHHHHHHHPHPHHPPPHP
2841,HPPHHHHHPHHHHPPPHPHH
2842,HPHPHHPPPPHHPPPPHPHH
2843,PHPPHHPHHHPPPPPHPPHH
2844,HPPPPPHHPHHHHPHHPPPP
2845,PHHPPPPHHHHPPPPPPPPP
2846,PHPPHPHHPHHHPPHHHHPH
2847,HPPHPPHHHPHHPPHPPPHH
2848,HHPHHPHPHPPHHHPPHPHP
2849,PHHHHHHPHPPPPPHPPHHH
2850,HHPHPPHHHHPHHHPPHHHP
2851,HHPPHPHPHHPPHPPPHPHP
2852,HPHHHHPHHPHPPPHPPHPP
2853,HPHPHPPHHHPPHHPHPHPP
2854,PPPPPPPPHHHHPHHHPPPH
2855,PHPPHPHPPHHPPPHHPHPH
2856,HHPHPPHPPHHPHHPPPPHP
2857,HPPPHHHHHHHPHHPHHPHP
2858,HHPPPPHHHPPHPHPPHPPP
2859,PPHHHPPHHPHHHHHHPHPH
2860,PHHHPHHHPPPPPHHPPPPH
2861,HHHHPHPHHPPHHHPPPHPP
2862,PHPHHHHPPPHHPHPPPPHH
2863,HPHPPPPHHHHPHHPPPPPH
2864,PPPPHHHPPPPPHPPHHHPP
2865,HHHPPPPHHHHPHHPHPHPH
2866,HPPHPPPHHPPPHHPHHPPH
2867,PPHPPPHPPPPHHPPPHPPH
2868,PHPHHPPHHHPPHHHHHPPP
2869,PPHPPPPPHHPHHHPPHPPH
2870,PPPHHHPHPPPHHHPHPPPH
2871,PHHPPHHHHPPPPHPPHPHH
2872,HPHHHHPPPHPPPPPPPHPH
2873,PPPHPPPPHHHPPHPPPHHP
2874,PHPPHPHHHPPPHPHHHHPP
2875,HPHPPPPHHPPHPHPHHPHP
2876,HPHPHHPPHPHPPPHPPPPP
2877,PHPPHPPPHHPHPHHPHPHH
2878,PHPHHHPHHHHHHPPHPPHP
2879,PPHHHHHPHPHHPPPHHHPP
2880,PPPPHHHPHHHHHPHPPPPP
2881,PHPPPPHHPPPPPPHPPHPH
2882,PHHHHPPHHPPPHHHPPHHP
2883,PHPPHHHHPPPHHPHHPPHH
2884,PPHHPHHHHPHHPPHPHHPH
2885,PHHPPHPPPPHPHHHHPHHH
2886,PPHPPPHPPHHPPHHPHHHP
2887,PHPHHHHPPPHHHHHPHHPP
2888,PPHHHHHHHHPHPPHPPPHP
2889,PPHHHHHHHHHHPPHHPHPH
2890,PHPHPHPPPPPHHHHPPPHP
2891,PPHHHHPHPHPHPHHHHHHP
2892,PHHPPHPHPPHPPPHPHPHP
2893,HPPPPHPHHHHHHPPPPPPH
2894,HHPHPPHPHHHPPHHHHHHP
2895,PPHPPPHHPPPHPPPPHPPP
2896,PHPHPHHPHPHHHHHHHHHP
2897,PPPPHHHHHHHHHPPPHPHP
2898,PPPHHHHPPHHHPHHHHPHP
2899,PPHPPHPHPHHHHPHPPHPP
2900,PHPPHPPHPPPPPHHHHPPP
2901,PPPHPPPHHPHPHHPPHHPP
2902,HHPHPHHHPHHHHPPPPPPH
2903,PHPHHHPHHHPHHHPHHHHH
2904,HHPHHHHPHPHPHHPHPPHP
2905,PHPHHHHHHPPHPHHPPPHP
2906,HPPPPPPHHPHPHHPHHHHP
2907,HHHPPHPPPHPHPPHPPPHH
2908,PPHHPPHPHPHPHHPHPPHH
2909,PHPHPHHPHHHHHPPPPPHP
2910,PHPHPHPHHPHPHHPPHPHH
2911,PHPHHPPPHPHPPPPHPHPH
2912,PPPHHHPPPHPPHHHHHPHP
2913,HHHHHPPPPPPPHHPPPPPP
2914,HHPPHHPPPHHPHHPPHPPH
2915,HHPPHHPPPPHHHPHPHPHH
2916,HHHHHPPHHPHPPPHHPHPP
2917,HPHHPPHHPHHHHPHHPPHP
2918,HHHPHHPPHPPHPHHPHPPP
2919,PPPHHHHHPPPHHPPHHPPP
2920,HPPHHHHPHHHPPHHPHHPH
2921,PPPHHPHPHPHPPHPHPPHP
2922,PHPHHHHHPHPHHHHPHPHH
2923,HHPPPHPPHPHPPPPPPPHH
2924,HPPPHHHPPHHHPHHHPHPH
2925,PHPPHHHPPPHPPHPHPHPP
2926,PHPHHHPPPPPPHHPPHPPH
2927,HHHHHPHPPHHPPHHPHHHH
2928,HPPPHPPPPPHPHHPHPPPH
2929,PHPPHHPPHPHPHHHPPPHP
2930,HHHPPHHPHHPPHPPHPPPH
2931,PHPPHPHHPPPPPPPPHHPP
2932,PPPPPPPPHHPPHHHPHPHP
2933,PHPHPHHHPPPPPHPHPPPH
2934,HPPHHHPHPPHHPHPHPPPP
2935,PHHHHHPHHPHPHHPHHPHP
2936,PPHHPHHPPHPHPPHHPPPP
2937,PPPHHHHHHHPHPPHPPPPP
2938,HHHHHPHHHHPPPPHPHPHP
2939,PHHPHPPPPPPPPHHPPHPP
2940,PPHPPHPPPHPPPHPPHPHP
2941,PHHPHPPHHHHHHHHHHHPH
2942,PPHHPHPPPHHPHPHPPPPH
2943,HPPHHPPHHHHPHPHPHPPH
2944,PHHPPPPHPHHHPHPPPPPP
2945,HPPHPHPHPHPHHHPHPHHH
2946,HHPHPHHHHHPPHHHPHHHH
2947,HPPPPHHPPPPPHPPPPHHP
2948,HPPPHPPPPPHHPHPPHPHH
2949,HHPHPPHHHHPPPHPPHPHH
2950,PPHHPPHHHPPHPHHPHHHH
2951,HPPHHPPHHPPHPPHHHPHP
2952,HPHHPPHPPHPPPPPPHPPP
2953,HHHPHHHPHHHPHPHHPHPH
2954,HPPHHHHHPHHHPPHHHHPH
2955,HPPHHPPPHHHPPPHHHPHP
2956,HHPPHHHPPHHPPHPHPPPP
2957,HHHPHPPHPPHPHPHPHPHH
2958,HHPHHHPHPPPPPHPPHHPP
2959,PHHPPPPPPHHHHHPPHPHH
2960,HPHHPHHPPPPPPPPHHPHP
2961,PPHPPHHPHHHHHHHPPHHP
2962,PHPPHHHHPPHPPHHHPHHH
2963,PPHPPPHPHHPHPPHHPHHH
2964,HPPHHPPHPPPPHHPPHHHH
2965,PPPHHHPPHHHPHHHHPHPH
2966,HHHPHHPPHHHPHHHHPPPP
2967,HPPPPPHHPPHHHPHHPHPH
2968,HPPPHHHHPPPPPHPPPHHP
2969,PPPPHHHHPHHPHPHHPHHP
2970,HHPPHHHHPHPPHHPHPPPP
2971,PHPPPPPHPPPHHPHPPHHP
2972,PHPPHHHPHHHPHHPPHPPH
2973,HHHHHHPPHPHPPPPHHHPH
2974,HHHPHPPHPHHPPHPHPHHP
2975,PPHPHPHHHPHHHPHPHPPP
2976,PHPPPPPHPHHHPPPPPPPP
2977,HPPPHHHPHHHPHHPHPHPH
2978,PPHPPPPPPPPHPHPHHPPP
2979,PPPPHHHPHPPPHHHHPHHP
2980,PPPPHPHPPPHPHPPHPPHH
2981,PHHPHPHPHHHPHPHHHHHP
2982,HPPPPPPHHHPHHPHPPPHP
2983,PPHHPHHHHPPPPPPPPHPH
2984,PHHPHPHPHHPPHPHHPPPP
2985,HPPHHPPPHPHPHPHPHPHP
2986,PPPHPHPPPPPHPPPHHHPP
2987,HHPPHHHHHPHHPPHHPPPH
2988,PHPHHHHHPPPHPPPHHHPP
2989,PPPPHHHHPPHPHPPHPPPH
2990,HHPHHHPHPPHPPPPHPHPP
2991,PHPHPHPHPPPHPPPHPHHH
2992,HPPHPHPPHPHPHPPHPPPP
2993,HPHHHPPPHPHPPPPPPPPH
2994,HPHHPHHHPPPHHHPPPPPH
2995,PPHPPPHPHPPHPPHPPPHP
2996,HPHPHHPPHPHPHHHPPPHH
2997,PHPPHPPPHPHHPHHPPHHP
2998,HPHPHHPHHHHPPHHHHHHP
2999,PPPHPHPPHHPHHPPHHHPH
3000,HPPPHPPPPHHPPPPPHHHH
3001,PPHPHPHPPHPPPPHPHHHH
3002,HHHPPPHPPPHPPHHHPHPH
3003,HPPHHPHHPPHPPHHPHHPP
3004,PPHHPPHHHPPPPPHHHPPH
3005,HPPHPPHPPPHHPHPPPHPH
3006,PHPPHHPPHPPHHPPHHPHH
3007,PHPPHPPPPHPPPPHPPPHH
3008,PHHPPPHHHPHHHHHHPHHP
3009,PHHPPHHPPHHHHPHPHPPP
3010,PHHHPHPHHPPHPPHPPPHP
3011,PHHHPPHPHPPHHHHPHPPP
3012,PPHHHHHPHHPHPHHPHHHH
3013,PPPPPPPPHHHPHPHHPHPP
3014,PPHHHHPPHPHHPHHPPPPH
3015,PPHHPHHHPPHHPPHPHPPH
3016,HHPHHPPHHPPPHPHPPPPH
3017,PHPPHPPPPPPPPHHPPHHH
3018,HPPPPPPPHHHPHPHHPHPH
3019,HHHHPPPPPHPHHPPPPPPP
3020,PPHHHPPHHHHHPHHHHPPH
3021,PHPPHPPPHHHPHHHHPHPP
3022,HPHPHPPPHPPHPHHHHHPH
3023,PPHPHHPHHHPPHPHPHPPH
3024,PHHPHPPHPPHHPHPPHHPH
3025,HHPHHHHPHPPPPHPHPPHH
3026,PHHHPPHPPHPPPHHPPHPH
3027,HHPHHHPHPHPPPHPHHPPP
3028,PHPHPPPHPHHHHPHHPHPH
3029,PHPPHPHHHPHPHPPHPHHH
3030,PPPHHPHHHPHHPPPHHHHH
3031,HHPHHPHPPPPHHHHHHPHP
3032,PPHPPHHHHPPHHPPHHPHH
3033,PHHHPHPPPPPPPPHPHHHH
3034,HPHPPHPPPHPPPHPHHHPH
3035,PHPHPPPPHPHHPPHPHHHH
3036,HPHHHHHPPHHPPPPHPHHP
3037,HHHHHHHPHHPHHHPPPHPH
3038,HHHPHHPPPHPHHHHHHPHH
3039,HPPPHHPPPHPHHHPHHPHH
3040,PPPHHHHHPPHPHHHPPHPP
3041,HPHHPHPPHHHPHPHHPPPH
3042,HHHPHPHHHPHHHPHPHPHP
3043,HPHHHPHHPHHHHPPHHPHP
3044,PPHHPHPHPHHHPPHPPPPH
3045,HPHHHPHPPPHPHPHPPPHP
3046,PPPPPPPHHHHPPPPHHHPH
3047,PPHHPHHPHPHPHPPPHHPP
3048,PHPHHHHHHHHHHHPHPHHP
3049,HPHPPPPPPPPHPHPPHHHP
3050,PHPHPHHHPHPHPHPPPHHP
3051,HPHPHPHPHHHPHPHPPHPP
3052,PPHHHHPPPPHHHPPHHPHH
3053,HHHHPPPPPPPPHPHHHPPH
3054,PHHHPPPPHHHPHHPHHHHP
3055,HHHPPHPHPPHPHPHHHHPP
3056,PHHHHPHPHHHPPHPHPHPH
3057,HHHPPHPPHPHPPHPPPPPP
3058,HHHPPPPPPPHHPHHPPHHP
3059,HPHPHPHPHPPPHPHHHPPP
3060,HPPPPPPHHPPHPHPPPHHH
3061,PHPHHHHPHPHHHHHPPPHH
3062,PHHHHPPPPHPHHPHHPPPP
3063,PPPHPHPPPPHPHHHPHHHP
3064,HPHPPPHPHHHPPHPPHHPH
3065,HPHPHHPHPHHHPHPHHPHP
3066,HPHHHPHPHPHPPHHHPPPP
3067,PHHHHHHHHHPPHHPPHPHH
3068,HHHPPPPPHPHHPPHHHHPP
3069,HHHPPHPPPHPHHHPHHHHH
3070,PPHPPHHHPHPPHHPHPHHH
3071,HHHPHPHHHHPHHPPHHPPH
3072,HPHHPHPHPHHPPHHHPHPH
3073,HPHHPHHHPPPPPPHPPPPH
3074,PPPPPHHHPHPHHPPHPHHH
3075,PPHHPHHPPHHPPHPHPHPH
3076,PHHPPPHHHHPPPHHHPHHP
3077,HPHHPHHPHHHPPPPPHPHP
3078,PPPHPHPHHHPPPPHHPHPH
3079,HPHHPHPHPPHPHHPHPHPP
3080,HHPHHHHHPPHHPHPHHHHP
3081,PHHPPHHHHHHPPPPHHHPP
3082,PPHHPHHPPPPPHHHHPHPH
3083,HPHHPPHHPPHHHHHPPHPH
3084,PHHHPHHPHPHPHPHPHHPH
3085,PPHPHHHPHPPPPPPHPPPP
3086,PHPHPHHPHHHPPHPHPPHP
3087,HPPPHPHHHPHHPHHHHHPP
3088,HPPPHPPPPHPPHHHHHHHP
3089,HPHHHPPHPPPHPPPHPPHH
3090,HHHPPPPPPHHHPHHHHPPP
3091,HPPHHPPHPPPPPPPPPHHP
3092,HPPPPPPHPHPPHHPPPPHH
3093,HHHPPPPHPPPPHPHPHPPH
3094,PPHPPHPHPPPHPHHPPHHH
3095,PHHPHPPHHPHPPPPPPPHP
3096,HHHPPHHPHPPHHHHHHPPP
3097,PHHHPHPHPHHPPHHPHHHP
3098,HPHPPPPHPPHHPHPPHHPP
3099,HPPPHHHPPPPHPPPPHPHP
3100,HPHHPHHHPHPHPPHHHPPP
3101,PHPPHHPHPPPHHHPPHHPH
3102,HHHPPHPPPPPPHPHHPHPP
3103,PHHPPPPPHPHHPHPPHPHP
3104,PPHPPHHPPHPPPPHHHPHH
3105,PHPHPHPHPHHHHHPHPHPH
3106,PHPHHPHPPHHHPPHHHPPH
3107,HHHPHPHHPPPHHHPHHPHP
3108,PPPPPPHHHPPHHPHHHHHP
3109,PPPHHHPPPPHPPPHHPHHH
3110,PHHPPHPHHHHHHPHHHHHH
3111,HHHHPHPHHHHPPPPHPHHP
3112,HHHPHPHPHPPHPHHPPPPP
3113,PPPPPPPHPPHHPPHHPHPP
3114,HHPHPHHHHHHHPPPPPPHP
3115,HHHPHHHHHHHPPPHPHHPH
3116,PHHHPHHPPPPPPHHHHPHH
3117,PHHPPHPHHHHPPPHPPHPH
3118,HPHPPPPHPHHPPHPPHHHP
3119,PPHHHHHPPPHHPPPPPHHH
3120,PPPPHHHHHHHPHHHHHPHP
3121,PPHPHPHPPPHHPPPHHPPP
3122,PHPPPPPPHHHHPPPPHPHH
3123,PHHPPPHPHPHHHHHHPHHP
3124,HHPPPPPHPPPHPHHPPPHH
3125,PPHHPPPPPPHHHHHHPPPH
3126,HPPPHHPPHHHHHPHHPPPP
3127,HPPHHPPHPPPHPPHHPPPP
3128,HPPHPHPHPPPPHPPPPPPP
3129,PHHPPHHPHPPPHPHHPPHP
3130,PPHHPPHHPHHPPPPHPPHP
3131,PHHPPPHHPPHPPHHHHPPH
3132,HPPHHPPHPHHHHPHPPHHP
3133,HHPHPHPHHHHPHPHPHPPH
3134,HHPHHHHHHHHHHHPHHHHP
3135,HHHPHHPPHPPPHHHPPPHP
3136,PHPPPHPPPPHHPPHHHPPH
3137,HHHPPHHPHHHHHHPPHPHP
3138,PHHHPPHHHHHHPHPPHHPP
3139,HPPPPPHHPHPHHPHPHPPH
3140,HHHHPHHHPHHPPPHHPHHP
3141,PPHHPPPHPHHHPHPPPHHH
3142,PHHPHPHHHPHPPPHHHPPH
3143,HHHHHPHHHPHPPPHHHHHP
3144,PPPPHPHHPHHPPHHHHPPP
3145,HPHPPPHHHHPPHPPHHPPH
3146,HPHHPPPHPPHHPHHHPPPP
3147,PPHPHPPPHPHHPPHHHHHP
3148,HHHHPPPHHPHHPPPPPHPH
3149,HPPHHPHHPPHPPHHHHHHH
3150,HHHPHHPHHHHHHHHPHPPH
3151,PHHPHPHPHHPHPPHPHPHP
3152,PPHPHPPPPHPPHPPHPHHP
3153,HHPHHPPPPHHPHHPHHPHP
3154,HHHHPPHPPPHHHHHPPHHP
3155,HPPPPHHPPPHPPHHHHHPP
3156,HHHHPPPPPPPHHPPPPHPP
3157,PHPPHHHHHHHHPPHPPHHP
3158,PHHHHPPPHPPPPHPPHPHH
3159,PPPHHPHHPPHHPPPHPHHP
3160,HHHHPHHHHPHHPPPHHPHP
3161,HHPHPPHPHPPPHHHPPPHP
3162,HPPHPHHPPHPHHHPHHPHH
3163,HHHHHPHPPHPHPHHPPHHP
3164,HHPPHHPHPPHPPPHPHHPP
3165,HHHHPPPPHPPPPPHHHHHH
3166,PPPHHHHHHPPPPPPPPHHP
3167,PPPHHHPPHHPHHHHHHHHH
3168,PHHHPHHHHPHPHHPHPPHH
3169,HHHHPPPHPPHHHPHHPHPH
3170,PPHHHPPPHHPPPPPHHPHP
3171,HPPPPPPPHPPPHHHPPPPH
3172,PPHPHHHPHPPHHHHPHHHP
3173,PHPHHHPPHHHPHHPPPPHP
3174,PPHHHPPHPPPPPHPPPHPH
3175,PPPPHPHHHPHHPPHHHHPH
3176,HPPHPHPPPHHHPPHHHPHP
3177,HPHHPPHPPHPHPHPPPHPH
3178,PPPPHHPPPHHPHHHHPHPH
3179,HHPPPHHHPHHHPHHHHHPP
3180,PPHHPPHPPPHPHPPHHHPH
3181,PPPHHHHPHHPPPHHPPPHP
3182,HHHPHHPHPHPPHHPPPHHH
3183,PPHPHHPPPHHHPPHPHHHH
3184,HHPPHPPPPPHPPHHHHPPP
3185,HPHPPHPPHPHPPPHPHPHP
3186,PHHHPPPHPHHPHHPPHPHP
3187,PHPHPHHHHHHHPPHHHPHP
3188,HPHHPHHHPHHPHPHHHPHH
3189,HPPHPPHPHPHPPHPHHHPP
3190,PPPHHPPPHPHPPPPPPHHH
3191,HPPPPHPHPHPPPPPHHPHH
3192,HPPPPHPHHHPHPHPHHPHH
3193,PHHHPPPPPHHPPPHHPPPP
3194,PHHHPPHPPHPPHHHHHHHH
3195,PPPPHHHHHHPHPHHHPHPP
3196,HPPPHHHHHPHPHHHPHHPP
3197,PPHHPHHPHHPPPPPHHPHP
3198,PPPHHPHHHPHHHHPHHPHP
3199,PPHPHHHHPPHHHHHHPHHH
3200,HPPPHHHHPHPPHPHPPPPH
3201,PHPHPPPPPPPPPHHPHHHP
3202,HHPHHPHPPHPHHPHHPHPH
3203,PPPHHHHPHPPPPHPPPHPP
3204,PPHPPPPPPHPPPPPHPPPP
3205,HHPHPHPPHPPPPPPHHPPP
3206,HPHHPPHPHPPHPPHHPHPP
3207,PHHHPPHHPPPPHHHPHPHH
3208,HPPPPPHPHHHPHHHHHPPH
3209,HHHHPPPHPHHHPPHHHPHH
3210,PHPPHPPHPPPPPHPHPPHH
3211,PPPHPHPHHPHPHPHHPHHP
3212,HPPPHHHHPPHPHPPPHHPH
3213,HPHHPHHHPHPHPHHPHPPP
3214,HPPHHPPPHPPHHPPPHHHP
3215,HHHHHHPHPPHHHPPPHHHP
3216,PPHPPHHHHPPHPHPPPPHH
3217,PPHPPPPPPHHPHPHHPPHH
3218,PHPHHHHHHHPPPHPHPPPH
3219,PHPHPHPHHHPHHPHPPHHP
3220,PPPHHPHPHHHHPPPHPPHH
3221,HHPPHHPPHPHPHHPPHHHP
3222,HHPPHPHHPHHHHHPPPPPH
3223,HHHPPHHHHPPHHPHHPHPP
3224,HPHHHHPHPHHPHPHHHPHH
3225,HHPHHHPHHHHHHHPHHHHH
3226,PHPPHPHPPHHHPHHPHPPH
3227,HPHPHPPHHHHPHPPPHHPP
3228,HHPPPPHHPHPPPPHPHPHH
3229,HPPHHPHPHPHHHPHHHPPP
3230,HPPPHHHPPHPHPPHHPHHP
3231,PPPHHPHPPHPPHPHHHPHH
3232,PPPPHHPPHPHPHHPPHHPP
3233,HHPHHHHPHPHHHPPHHPHP
3234,HPHHHPHPHHPHHPHPHPHH
3235,PPPHPHHHPPPHHHPHPPHH
3236,PPPHHHHPPHHHHPPPHHHH
3237,PPHHPHHPPPHPHHHPPHHP
3238,PPHPHHPHPPHPPPPPHPPP
3239,HPPHHPHHHHHPHPHPPHHH
3240,PHPHPPPPHPHHHPPHHHPP
3241,HHPPPHHHHHHHHHHHPHHH
3242,HHHHHPPHPPHPPPPPHPPH
3243,PPPPPHHHPPHPPPPPHPPH
3244,PHHHHPPPPHPHPHPHHHHH
3245,PHHPPHPHPHHHHHHPPPPP
3246,PHPHHHHPPPPHPPHPPPHH
3247,PHPHPPHHHHPHPHHPHPHP
3248,HHHPHHPPPPPHHPPHHHPP
3249,PHPHPPHPHHHHPHPHHHPH
3250,HPHHPPHHHPHPPPHHHHPP
3251,HPHPPPHHPPHPPHHPPHPP
3252,HPPPPPHPHPHPPHPHHHPP
3253,HHHHPHPPHPHHHHPHHHHH
3254,HHHHHHPHPHPHHHHPPPHP
3255,HHPHPPHHHPPHPPHHHHPH
3256,HHHPPPPPHPHPPPHHHHPP
3257,HHPPPHPHHPHPHPHPHHPP
3258,PPPHHHHPHPHPHPHHHHPP
3259,HPPHHHPPPPHPHHHPPHPH
3260,PPPHPPPHHPPHHPHPHHPH
3261,PHHHPPPHPHPPPPPPPPPP
3262,PPHPPPHHPHHHHPPPPPPP
3263,HPPPPHHPPHHPPPHHHHHH
3264,HHPHHPHHPPHHPHHHHHPP
3265,PHHHHHPPHHHHPHPHHHHP
3266,PHPHPPPPPPPPHPHHHPHP
3267,PHPHHHPPPPPPHPPPPHHP
3268,HHPPHPHPHHPHPHPPPPPP
3269,PPHPPHPHPPPPPHHPPHHH
3270,HPHHHHHPHHHHHPPPPHHP
3271,HHHPPPPHHPPHHHPHHHPH
3272,HHPPHHPHPHHHHPHPHHPP
3273,PHHHPHHHPHHPPHHHHPHP
3274,PPHPHHPPHPHHPPPPPPPH
3275,PPPHHHPPHHPPPPPHHPHH
3276,HPHHHPHPPHPPPPPHPHPH
3277,HPHPHPPPPPHHPHHPPPPH
3278,HPHHHHPPPPPHHPPPPHHH
3279,PHHPPHHPHHHPHPHHPHHH
3280,HPHHHHPHPHHHPHHHHHHH
3281,PPPPPHHHPHHHHPPPHPPH
3282,PPPPPHHHHPHPPHPHPPHH
3283,HPHPPPHHPHHHHHHHPHPH
3284,HHPPHHHPHPHPPHPPPHHP
3285,PPPHPPPPPPHPPHHHPHPH
3286,HHHPHPHHPPPHHPHPPHPP
3287,HHPPHPPPPHPHPHHHHPHP
3288,PPPHHHPHHHHPHPHHHPHP
3289,HPHHHHPHHHHHPPHPHPPH
3290,PHHPHHHHPHPPHPPHHHPP
3291,HPHHPPHHPPHHHPPHPPHH
3292,PPHPPPHHHHPPPPHHHHHP
3293,PHPHPHHHHHPPPHPPPPHH
3294,HHPPHHHHHPPHHHPPHPPH
3295,HPPPHHHPHPPPPHHPHPPP
3296,HPPHPPHPPPHPPPPHHHPP
3297,HPPHHPPPHHHPPHHHPPHH
3298,HPPHHPHHPHPHHHPPHHHH
3299,PPPHPHHPPPHHHHHPPPPH
3300,PHHHHPHPPPPHHPPHHPPP
3301,PHPPHHPPPPPHPHPPPPPP
3302,HHPHHHPHHHPHHHHPPPPP
3303,PPPPHPHHPHPHPHHPHPHP
3304,PPHPPPHPHPHPHPPHHPHP
3305,PHPPHPHPPPHPPPHPPPPH
3306,HPHPPHPHPHHPHPPPPPPP
3307,PHHPPPPHHHHHPHHHPHPH
3308,PHPHHPPPPHPHHHHPPPHP
3309,PPHHHHPPHHHPPHPHHHPH
3310,HPPPPHHHPHHHHPPHPPPP
3311,PPPHPHPPPPHPHHHPPPHH
3312,PHHPPPHPHHPHPHHPHHHP
3313,PPPPPHHPHPHPHPHHHHHH
3314,PHPHPHPPPPHHHPPPHPPP
3315,PHPHHPPPHPHPHHHPHPPP
3316,PHHHPPPPPPHHHPHHPHPP
3317,HHHHHHHPHHPPHPHPHHHH
3318,PHPPPHPHHPPPPPPHPPHH
3319,PPHHHPHPHPHPPPPPHHPP
3320,HHHPPPHPPPHPPPHPPHPP
3321,PPHHHPPHHPPHHHHHHPHP
3322,PHHHHPHHPPPPPPPPPPPP
3323,HPHHPHHHPPHPHPHHHPPP
3324,HHHPPPPHHHHHPHPPPPPP
3325,HHPPHHHHHHHPPHHHHHHH
3326,HPPHHHPHHPPHPPHHPHPH
3327,HPPHHPPPPHHHPPHHHPHP
3328,HHHPPPPHHPPHHPPHPHHH
3329,HHPHPHHHPPPPPHHHHPPP
3330,HHPHHHPHPPHHPPHHPPPH
3331,PHHPPHPPHPPHHPHHHHPP
3332,HPPPPHHPPHHHHPHPPPHH
3333,HHPPPPPHHHHPPHHHHPHH
3334,PPPPHPPPPPPPPHPPPHHH
3335,HPPHHPPPPPPPHPPPPPPP
3336,PPHHPPHHPHPHHPPHPHPH
3337,PHPHPPHHHHPPPPPHHPPP
3338,PPPPPPHPPHPHHPHPPHHP
3339,PHHHHPPPPPHPPHHPPHHH
3340,PHHPPHPHPHPPHPHHHHHH
3341,PHPHPHHPHHHPPPPPHHHH
3342,PPHPHPHHHPPHPHPHHHHH
3343,HHHPHHHHHHHPHHHPPPHP
3344,HPPPHHPPHHHPHHHPHPPH
3345,PPHHPHPHPHHHPHHHPHPP
3346,HPHPHHHPHPPHHHPHHPPH
3347,PPHPPPHPHHHPPPPHHHPH
3348,HPPHPHPPHPPPPPHHHHPP
3349,HHPHHPPPHPPHHHPHHPHH
3350,PPPPHPHHPPPHPHPHPHPP
3351,HHPPHPPHHHHHPPPPPHPH
3352,PPHPPHPPHHPPHPHHHHHP
3353,HPPPHHHPPPHHHPPPPHPH
3354,PPPPPPPHPHHHHPHHHPPH
3355,PPPHPHPPHHPHHHHPPPPP
3356,PHHHHHHHHPHPPPHPPHPH
3357,HHPHPHPPPHHPHPPHHPHH
3358,PPPHPPHPHHHHHPHHHHPH
3359,PPPHPPHHHPHPPPPHPHPH
3360,PHPPHPPPPPPPHHHHPHPP
3361,HPHPPPHHPHPPHPHPHHPH
3362,HHPHPPPPHPPHHPPHPPPH
3363,HPPHPHHHPHHHPHHHPHPH
3364,PHHHHPPHPHHPPHPHPPHP
3365,HPPHPPPHHPHPPPPPHPHH
3366,PPHPPPPHHHHPPPPHHPHH
3367,PHPPPHPPPHPHHHPPHHPH
3368,HHPHPHHHHPPPPPPHHHPH
3369,HPHPPPPPPPPHHHPHPPPH
3370,PHHPHPPHPHHHHHPPPHPP
3371,PPHPHPPPHHHPPPPPPPPH
3372,HHPHHPHHPHPHHPHPPPHP
3373,HHPHPPHPPPPHHPPPHPHP
3374,HPHHPHHHPPHPPPPPPHHH
3375,PHHHHHHHPHPHHPPHHPHH
3376,HHHPHHHPHPHPPHPHPHHP
3377,HHHPPPPPHHPHHPPHPPHH
3378,HPHPHHHHPHPHHHHPHHHP
3379,PHHPPPHPPHPHPPHHHPPH
3380,HPPHHHHPPHPHPPPPHHHP
3381,PPPPPPHPPHHPPPPPPHPH
3382,PHHHHPPPPPPPPPHHPHHP
3383,HHHHPPHPHPHPPHPPHHPP
3384,HHPHPPHPPHPPPPHPPPPP
3385,HHHPHHPPHHHHPHPPPHHH
3386,PHHPHHPPPHPPPPHHPPHH
3387,HHHPPPPPPHHHPHHHHPHP
3388,HHPPPHHHHHPPPPPHPHPH
3389,PPHHPPPPHHPHHHHHPHPP
3390,HHPPHHHHHPHPHHHHHPPP
3391,PHPHPHHHHHHPPPHHPPHH
3392,HHPPPPHHPHPPPHPHPPPP
3393,HPPPPHHHHHPPPPHHPPPP
3394,PPPHPPHPHPPHPHHHPHPH
3395,HPPHHHPPPHHPPPPHHPPH
3396,PPHHPPHPPHPPPPPPHPPP
3397,PPHPPPPPHPPPHPHPPPPP
3398,HPPPHHPPHPHPPPPHPHHP
3399,HPHHPHPPPPPPPHHPPPPH
3400,HPPHHHHHPPPHPHHHPPHH
3401,PHPPHPPHHPHHPPHPHPPP
3402,PPPHPHPPPPPPHPHPPPHH
3403,PHPPHPPHHPPHHPHPPPPH
3404,PHPPHPPPPHHHPHHPPHPP
3405,PHPHHHPHHPHPPPPHHHPP
3406,HHPPHHPPPHPPHPPHHPHP
3407,HPPHHPPPHHPPPHPPPHHH
3408,HHPHPHPHHPPHPHHPHPHH
3409,HHHPHPPHHHHHHPHPHPPP
3410,PPPHHPPPPHHHPHHPPHHH
3411,HPPPPPHHHPPPHPPHPHPP
3412,HPHHPHHPPHHHPHPPPHPP
3413,PPPHPPPPHHHPPHHPHHPH
3414,HPPPHPHHHPPHHHHPPPHH
3415,HHPHHHPPPPHHHHPPPPPP
3416,PPHPPHPHHPPPHHHPHPHH
3417,HHHPPHHHPHPPHPPHHPPH
3418,HPPHPHPPHPHPPHHHHPPH
3419,HHHHHPHPHHPHHPHPHHHH
3420,HPPPHPPHPPHHPHHPHPHP
3421,PPHHPPPPHHHHHPHPPPHP
3422,HPHPPHPHPHPHHPPPHPHH
3423,PHHHPHHHPPPHPPHPPHPH
3424,PHPPHHPPHHPHHPPHHHPP
3425,PHPPHPPPHHHPPPHHHHHP
3426,PPPHHHPHHHHPHHHHPPHP
3427,HPPHHPHPPHPPPPPHHPPP
3428,HPHPPPHHPPPHPPHPHPHH
3429,PHPPHPHHPPPPPHPHPPPP
3430,PPPHHPHPPHPHPHHPHHHP
3431,HPPPPPPHHHHPHPHPHPPP
3432,HHPHHHHPHHHPPHPPPPHH
3433,HPPPPHPPPPPHPPPHHPPH
3434,PHHHHHHPPHPPHHPPHPHH
3435,PHPPHPPPPHHPPPHPHPPH
3436,HHPPHPPHPHHPPPHHPPPH
3437,PPHHHHPPHHHHPPPPHHPH
3438,PHPPPPPHHHPPHHPHPHHH
3439,PHHPHHPPHHPPPPHPHPHH
3440,PHHPHHHPPPPPHPPPPPHP
3441,HHPPHHPHPPPHHHPHPPHP
3442,PHHPHPHHPPPPHHHPHPPP
3443,HHPPHHPHHPPPPHHPPHPH
3444,PPPPPHPHHPPHPPHHPPPH
3445,HHPPPPHPPPPHPHHPHPPH
3446,HHHPHHPHHPPHPPHPPHHP
3447,HHHPHHPHHPPHHHHPPPHP
3448,PHHHHHHPHHPPPHPHPHHP
3449,HHPPPPPHPHHHHHHPPPPP
3450,PPHPPPPPHPHPHHHHHHHP
3451,HHHPPHPHPPHPHHHHPHPP
3452,HPHHHPHHPPPPHPPPHHHP
3453,PHHHHHHHHHHHHHHPPPPP
3454,HPHHHHPPPHPPPHHHPPPH
3455,HPPHPHPPPHPHHPHPPPPP
3456,HHPHPPPPHPHHPPHPPPHP
3457,HHPHPPPPHHPHHHHPHHHP
3458,HPHPPPPPHHHHPPHHPHPH
3459,HPHPPHPPPPPHHPHHHPPP
3460,HHHHPHPHPPHPPHHPPHPH
3461,PHPHPHPHPPHPHHHPHHHH
3462,HPHPPHPHPPPHPHHPPPPP
3463,PPHPHPHHHPHPHHHPPHHH
3464,HHHPHPPPPHHHHHHHHHPH
3465,PHPHHPPHPPPHPPHHPHPP
3466,PPPHPPHPHPHPHHPPPPHP
3467,HHHHPHPPHPPPPPHPHHHH
3468,HPPPPPPPHHPPHHPHPPHP
3469,HPPPHPHPHHHPHPHPHPHH
3470,HPPPPPHHPHPHHPPPPHHH
3471,PHHPHPHHPPHPPHHPHHPH
3472,PHHPHPPPHHPHPHHPHPHH
3473,HPHPPPHHPHHHHHHPPHHP
3474,HHHPHPHHPHPHPHHPPHHP
3475,PPHHPPPPPHPHHHHHHHPP
3476,HPHHHPPHHPHHPPHPHPPH
3477,HPHPHPPHPPHPPPHHHHPP
3478,PHHHHHHPPHHHPPPHHPHH
3479,HPPHPHHHPPPPHHPHHPPP
3480,PPPHPHHPHPPHPHHPHPPP
3481,PPHHHHHHPHHHHHHPHHHP
3482,HPHPHPHHHHHHPHHPPPPP
3483,PHHHPPPPPHHHPPPPPHPP
3484,PPPHPHPPHHPPPHHHPHHP
3485,HHHHHHPHHHHPHPPPHHHP
3486,HHHHHHPPPHPHPPHPPHPH
3487,PHPPHHHPHHHHPPHPHHPP
3488,PPHPPHHHPPPHPPHPHPHH
3489,HHPPPPPHHHHHPPPPHPPP
3490,HHHHPHHPPHHPPHPHPPPP
3491,PPHPPPHPHHHPPHPPPHHP
3492,HPPPPPPHPPHHHPHPPHPH
3493,PPPHHHHHPHHPPHPHPPPH
3494,HPPPHPPPPPPPPPPPPHHH
3495,PHHPHHPHHHHHHHPHPPPH
3496,PPPHHHHPHPPHPPPPHHPP
3497,HHHHHPHPHHHHPPHPPPHP
3498,HHPPPPPHHPPPPPHPPPHH
3499,HPPPHPPPHHHHPPPHHPHH
3500,PPHHHHHHHPPPHHPPPHPH
3501,PPHPPHHPPHHPHPPHHHHP
3502,PHPHHHHHHPHHPHHPPPPH
3503,HHPHHHHHHPHPPPPPHPHH
3504,PPPHPHPHHPHPHPPPHHHP
3505,PHPHHHHHHHPHHPHHHPPH
3506,HPHHPHPHHPPHPHHPHHHH
3507,PHPHHPHHPHHHHPHHHHPH
3508,HHHPHHPHHPPHHHPHPHHP
3509,PHPPHPPHHPPPPPPPPPPH
3510,PPPPHHPHPPHHPPPPHPPP
3511,HPHHPHHHPPHPHPHHHPHP
3512,HPHHPHHPPHPHPHPHHHPP
3513,HPHHHHPPPPPPHPPHHHPP
3514,PPPPHHHHPPPPPHHHHHHP
3515,PHHPHPPHPHHHHHHHHHHP
3516,PPHHHPHHPHHHPHHHHHHP
3517,PPPPPHPHHPHHHHPHPHHH
3518,HHPPPHPHPPPPPPPPPPPP
3519,PHPPPPHPHPHHHPHHHHHP
3520,HHPPPPPPPPHHHPPPHPHP
3521,HPHPHPPPHHPHHHPPPHHP
3522,HPPHPHHPPPPHPPHPHHPH
3523,PHPPPHHHHPPHHPHPPHPP
3524,PHPHHPPPPPHPHPPHHPPP
3525,PHPPHPHHHPPPHHHHPPHP
3526,HHPPHHPPHPPHHPHHPPPH
3527,HHPPHPHPHHHPPHPHHPHH
3528,PPHHPPHHPPPHPPPHPPHH
3529,HHPHHPPPPHHPPPHPPPPP
3530,HHHPHHPPPHPHHHPHHHHP
3531,PPHPPHHPHHHPHHPPPHPP
3532,PHPHHPPHPHPPPHHHPPPH
3533,HPPHPPHPPPHHHPPPHPHH
3534,PPHPPHHPPPPHPPHPPPPP
3535,PHPPHHHHHHHPHHHPPHHH
3536,HPHHHPPHPHPPPHHPPHHP
3537,HHHPHHHHHHHPPPPPPHHP
3538,HPHPHHHPPHPHHHHHHHHP
3539,HHPHHHPPPPPPPPPPHPHP
3540,HHPHPHHPHHHPPHHHHPPP
3541,PHPPHPHPPPHPHPPHHPPH
3542,HPPHHHPPPPPHHPPHHPHH
3543,HPHPPHPPPPHHPHHHPHHP
3544,PPPHPPHPPPPPPPHPPPHP
3545,HHHPHPPPPHPHHPPHHPHP
3546,PPHHHPPHHPPHHPPHHPPH
3547,HHHPHPPHHHHPPPPPPPPH
3548,PPHPPPHHPPHHHHPHPPHH
3549,PPHPHPPPPHHPPPPPPHPH
3550,PHPHPPHHPHPPPHHPPHPP
3551,PHHHPPPHHHPPHHHPPPHH
3552,HPHHPHPHHHHHPPHPPPHH
3553,PHHPHHHPPPHPPHPPHPPH
3554,HHHPPHPHPPPHPHHHPHHH
3555,HHPPHHPHHPPHPPPHPHPP
3556,HHPHPPHHHHHHHHHPHPPP
3557,HPPPHPPHPHHHPHPPHPHH
3558,PHPHPPPHHPPHPHPHHPPP
3559,HHPPPPHPPHPPHHHPPPPH
3560,PHPHPHHPHHHPPHHHHHHP
3561,PHPPPPPPPPPPHPPPHHHP
3562,HHPPHHPHHHHPPPPHHHHP
3563,HHPHPHHHHPPHHPPHHPHH
3564,PPPPPHPPHHHHPHPHPHPH
3565,PPPPPHHHHHHHPPPPHPPP
3566,HHPPPPHHHHPHPPPHPPHH
3567,PPHPHHPHPPHHHPPHPPHP
3568,PPPPHPHHPHPPHHPHPHHH
3569,HHHHHPPHPHPPPHPPHPHP
3570,HPPHHHHPHHHHPHPPHHPP
3571,PPPHHPPHHPHHPHPHHHPP
3572,HHPHPHPHHHPHHPPPHPPH
3573,HHPHPPHHHHHHPPPPPPPP
3574,HPPPHPHHPPPHHHHPPHHH
3575,PPPPHPHHHPPHPPHHHPPP
3576,PHPPPPHHHHHHPHHHHHHH
3577,HHHHPHPPPHHHPHHPPPPP
3578,PPPPHPPPPHPPPPHHPHPH
3579,PHPHPPHPHHPHPHPPPPHP
3580,HPHPPPHHHPHPHHHPPHHP
3581,HPPPHPHHPPPPHHHPPHPH
3582,HHPPPHPPHPHHHHHHHHHH
3583,PPHPHPPPPHHPHPPPPHPP
3584,PPHHPPHHHHHHHPPHPHPH
3585,HHPHPPHHPHHHPHHPHPHH
3586,PPHPPHHHHHHHHPPHHHPP
3587,HHHHPPPHHPPHPHPPHPPH
3588,HHHHHPPPHHHPHPPPHPHP
3589,HHPPPPHHPPPPPPPPHPPP
3590,PHHPHHPHHPPHPPPPPHHP
3591,HPPHPPPHHPHHHHPPHHPH
3592,HPHHPPPHPHPHPPPPHHHP
3593,PHPHHPHPPPHPHPHHPHHP
3594,HHHHPHHPPHPHPHPHPHPH
3595,HHHHHHPHPPPPHHHHHPHH
3596,PHPHHPHHHPPPHHPPHHHH
3597,HPPPPPHHHPHPHPHPHHPP
3598,HHPHHHHPPHHHHHPPHPHH
3599,HPHHPPHPHHHHPHHHHHHP
3600,HHHHHHHPPHPPHPPPHHHP
3601,PHHHPHPPPPPHHPPHHHPH
3602,PHHPPPPPHHHPPPPPPHPP
3603,HPPPHHPHPHHHHPPPPHPH
3604,HPHHPPHHPPHHPPHPHHPP
3605,HPPHHPPPPPHHHPPPPPPH
3606,PPPPHHHPHPPPPHPHHHPH
3607,HPPHHHHHPHPHPPPPHPPH
3608,HPPPHHPHHHPPPHPPPHPH
3609,HHPPPPPPHHPHHHHPHHHP
3610,HPHHPPHPPHPHHHPPPHPP
3611,HHHHHHPHHHPHHHPHHHHP
3612,HPPPPHHPHPPHPPHHPHHP
3613,HPHPHHPPPHHPPHPHHPPP
3614,HHHHHHPHHHHPPPPHHPPP
3615,HHPPHPHHPPPHPHPPPHPP
3616,PHPPHPHHPHPHHPPPPPHH
3617,HHHPHPHHHHPPPPPPHHHH
3618,PPHHPHHPHHPPPHHPPPPP
3619,HPHPPPHHHHPPHHHPPHHH
3620,PHPPHHPHPHPPHPHHPPHP
3621,HHPHPPHHPHPHHPHPHHPH
3622,HHHPPHHPPPPPPPHPHPPH
3623,HHHHHHHHHHPHPPHPPHHH
3624,HPPPHPHHHHHPHPHPPHPP
3625,HHPHHPPPHPHHPHHPPPPH
3626,PPHPPPHPPHHHPHHPPHHP
3627,PPPHPPPHHPHHHHPPPHHH
3628,HHHPHHPHPHHHPPPPHPPH
3629,HHHPHPHPHHHHPHHHHPHP
3630,PPHPHHHHPPHHHPPHHHHP
3631,PPHPPPPPHHHPPHHHPPHP
3632,PHPHPPHHHHPHHHPHPHHP
3633,PHPHPPHHHPPPHPPHPPPH
3634,HPPHPPPHHHHHHHHPHHPH
3635,HHHPHPPHPPPHPHHHHHPP
3636,PHPHPPPPPPHHHPPHPPPH
3637,HPPHHPHPHPHPHPHHHHHP
3638,HPHPHPHPPHHPPHHPPHPP
3639,HPPHPHHHHHPPHPHHPPPP
3640,HHPPPPHPHHHHPPHPPPPP
3641,HHHPPHPPPPHPHHHHPHPP
3642,HPHHPHHHPHPHPHHPHPHP
3643,HPPPHHHHHPPHHPHPHPHP
3644,HHHHPPPPHHHPHHHPHHHP
3645,HPHPPHHHPPHHPPHHPHHH
3646,HPPPPPPHPPHHPPPHPPHP
3647,HHPPPHHHHPPHHHPHPPPP
3648,HPHHPHHHPPPPHHPPPPPP
3649,HPPPPPPPPHPPHPPHHPHH
3650,HPPPHHHHHPHPHHHHPHPP
3651,HHHPHPPHPHHPHHHPPPPH
3652,HPPHPPPHPPPHHHPPHHPH
3653,HHPHHHHHHPHPHPPHHHPP
3654,HHPHHHHPHHHPPHHPHPPP
3655,HPPPHPPHPPHHHHPPPHPH
3656,HHHHPHHPHHHHPHPHPHHP
3657,HHPPHPPPHPHPPHPPHHPP
3658,PHPPPHHPPHHHHHPHHPHP
3659,PHHPPHPHPPHHHHPPHHPH
3660,HPHPHHPPPHHPHHHPPPHP
3661,HPHHPPPPHPPPHHHHPPHH
3662,PHPPPPPPPPHHHPHPHHHP
3663,PPPPHHHPHHPHHHHHPHHH
3664,PPHPHHPHPPHHPHPHPHPH
3665,PHPPPHPPHPPHPHHPHPPP
3666,PHPHPHHHHHHHHPPPPHPH
3667,HHHHPPHHHPPPHHHPHHHP
3668,PPPPHPHHHHPPHPHHHHHH
3669,HPPHPHPPHPHPHHPPPHHP
3670,HHPHPPPHHPHHHPPPPHPH
3671,HHPHPHHPHPPHHPHHHHPP
3672,HHPHPHPHHPPHHHHHHPPH
3673,PHHPPPHPPHPPPPPPPPHH
3674,PHHHPHHHPPPPHHPHHPHP
3675,PPPPHHHHHPHHPHHPHPPH
3676,PHHPHHHPHHHHHPHPHHHP
3677,PPHHHHPPPPHHHPHHHPHP
3678,HPHPPHHPPHHHHHHHPPHP
3679,PPHPPHPHPHHHHHPPHPPH
3680,PPPPHHHHPPHPHPPPPHHH
3681,PPPPPHPHPPPPHPPPHHHH
3682,PPHHPPPPHPPPHPHHHPPH
3683,PPPHHHHPPHPPPPHHHPHP
3684,PPPHHHHPHPHPHPPPPHHP
3685,PHPPHPPPHPPHHHHHPPHH
3686,PHPHPPHPHHHHHPHHHPPP
3687,PHHPPPPHPHHPPPPHHHHP
3688,HHHPPPHHHHHPPHPHPPHH
3689,HHHHPHHHPHHHPHHHHPHP
3690,HPPHHHPHPPHPHPHHPPHH
3691,HPHPHHPPHPPPPHHPHHHH
3692,HPHHPHHHHPPPHPHPPHHP
3693,PHHPHHHPHPHPHHHPPHPP
3694,HHPHPPHHHPPPPHHHHPHH
3695,HPHPPHHHHHPHHPPPHHPH
3696,HHPPPHHPHPPPPHPPHHPP
3697,PPPHPHHPPHHPPPHHHPPP
3698,PPHPPHPPHHPPHHPPHPPP
3699,PPPHHHHHPHHHHHPHHPPH
3700,HPPHHPPHHPPHPPPHHPHP
3701,PHPPPPHPPHPPPPPPPHPP
3702,PPHPHPPPPHHHHHPHPHPH
3703,HPPHPHHHHPPPPHHHPHPH
3704,HHHPHHHHPPPHPPPPHPPP
3705,PPHHHPPHPHHPPPHPHPPH
3706,PPHHHPHHPHHPHPPHHPPH
3707,PHPHPPPPHHPPHPHHPPPP
3708,PPPPPHPPPHHHHHPHHPHP
3709,PPPPHHHHPHHHPPPHPPPP
3710,PHPHHPPHHPPPHHPPHPPH
3711,PPPPPHHPPPHHHHHPHPHP
3712,HPPPHPPHHHHPPHHPHPHP
3713,HHPHPPHHPHHHPHPHPHHH
3714,HHHPHPPHPPHPPHHHPPPH
3715,HHPHPHPPPHHPPHPHPPPH
3716,HPPPHPPHPPHPPPPPPHPP
3717,PHHHPHPPPPHPPPHHHPHH
3718,HPHPPPHPPPPHHHPHHPHP
3719,HHPHPPPPHHHHPHPHHHHP
3720,HPPHHHHPPPHPHHPHPPPP
3721,HHHPHHHPHHPPPHPHHHHH
3722,PHHPPPPHHPPHHHHPHHHP
3723,HHPHHPPPHPHHPHPHPPHP
3724,PHHHHPPHHPPPHHPPHPHH
3725,HHPHHPPPPHHHHPHPPPPP
3726,HPPHHHPPPHPHHHPPHHPP
3727,PHHPHHPHHPHPPHHHPPPH
3728,PPPHHHPPPPHPHHPHPHHP
3729,PPPPHPHHHHPPPPHPHHHH
3730,HPHHPHPHPPPPHHPPPHPH
3731,HHPPPPPHHPPPPPPHHPPH
3732,HPPHHPHHPHHPHPHHHHPH
3733,HPHHHHPPHHHHPPPPHPHH
3734,HPHHHPPPHPPHHPPHHPPP
3735,HPPPHHPHHHPHPPPHHHPP
3736,PPPPPHPHHPHHPPHPHPPP
3737,HPHHPHPPPPPHPHHPHPHP
3738,PHPHPHPHPHPHHHHPPHPP
3739,HHPHHPHPPHHHPPHHHHPH
3740,PHHHHPPPHHPHHPHHHPHP
3741,HPHPHHPPPHHHHHHHPHPP
3742,PPHHPPHPPPHPHPHHPHPP
3743,HPPPHHHHHPHHPPHPHHHP
3744,HPPPHPHHHPPPPHHHHPPH
3745,HPPPPPHHHPHPPPPPPPHH
3746,HHPPPPPHHPPPHPHHHHHH
3747,PPPPPHPHHHPHPHPPHPPH
3748,PPHHPHPPHPHHHPHPHPHP
3749,HPPHPPHHPHHHPHPPHPPP
3750,HPPHHHHPHHHPHPHPHHHH
3751,HPPHHHPPHHPPHHPHHPPP
3752,PPPPPPHHHPHHHHHPPPPP
3753,PPPPPHHHHPPHPPPHPHPH
3754,HPPPPPHHHHPHPHPPPHPP
3755,PHPPPHHHPPHPPPPPPPHP
3756,PPPPPHHPPHPPPPHHPPPP
3757,HHHPPHHPPHPHPHHHHHHP
3758,HHHPPPHHPHPHHPPPHPHP
3759,HPPPHPHHHHPPHPHHPHPP
3760,HPHHHHPPPPPHHPHPPPHP
3761,PHHPPHHPPPPHPHHHPHPP
3762,PHHPPHHPHHHPHPPHPPHH
3763,HHHPHHHPPPHPPPHPPPHP
3764,PHHPHHPHHPPPHPHHPHHH
3765,PHPPHPHPPHHPPHHHHHPP
3766,PPHHHHHPHPHPPHHHPPPP
3767,PPPHPHPPHHPPPPHPPHPP
3768,PHPHPPHPHPHPHPHPHHHH
3769,PPHHHPPPHPHHHPHPPHHP
3770,HPHPPHHPPPHHPHPPPHHP
3771,PHPPPHPHHHPHPPHPPHHP
3772,PHPPPHHPPHHHPPHHHPPP
3773,PHPPHHPHPHHHPPHHPHHH
3774,HPHHPHHHHHPPHPHHPHHH
3775,HHHPHHHPPPPHPHPPPHPP
3776,HHHPPPPHPHPHHHPPHPPH
3777,PPPPHHPPHHHHPHPHHHPH
3778,PPPHPHHHHPPPHPPHHPPP
3779,HPPHPHPHHHHHHPPPHPPH
3780,HHHPHPPHPPPPHPHPPPHP
3781,PPHPHHHPHHHPHPPPHPHH
3782,HHPPPHPHPHHHHHHPHHPH
3783,PHPPPHHHHHPHHHPPPHPP
3784,HHPPPHPHHPPPPHHPHHHH
3785,HPHHPPHHHPPPHPHPHPHP
3786,PHHPHHHHPHHPHHPHPHHP
3787,PPHHHHPHPPPHHHHPHHPP
3788,PPHPHHPPHHPPHHHPHPPP
3789,HHHPPHPHPPHPPHPPPHHP
3790,PPPPPPHPHPHPHHPHPHPH
3791,PPPPPHPHPPHPPPHHPPHH
3792,PPPHHHPPPPHHHHPHHHHH
3793,HHPHPHHPHHHPHPHHHPHP
3794,HPHHPHPHHPHPHPHHHHPH
3795,PHHPPPPPPPPPPHPHHPHP
3796,HHPHHHHPPHHPPPPPPPHH
3797,HPHHPPPHHHPPPPHPPHHH
3798,PPHPHHPHHHPHPPPPPPHP
3799,HHPHHPHPPHHPHHHPHHHH
3800,PPHHHPHPHPPPHHHPPPHH
3801,PHHPHHHHHHPPHHHHHHPH
3802,HHPPPHPHPHHHHPHPHPHP
3803,PPPHPPHPHPHPPHPHPHPP
3804,HHPPPPPPPHPHPPPHPHPH
3805,PPPHHHHPHPHHHPPPPPHP
3806,PHHHPHPPPHPPHPPHPPPH
3807,PPHHPPPPPHPHHPPHHHHH
3808,PHPHHPHHPHPHHPPHHPPP
3809,HPHHPHHHHHPPPHPHHPHH
3810,HHPHHHHHPHHPPHPHHHHP
3811,HPHHPHPHHPHHPPPHHHPH
3812,PPPHHHHHPPPPPPHHHPPP
3813,PHPPHPHHPHPHHHHPPPPH
3814,PPPPHHPHPHPHHHHPHHHP
3815,HHHPHHPHPHHHHHHPHHHP
3816,PHPHHHPHHPPHPPHPHHPP
3817,HPHPPHPPHHHPHPPHHHHP
3818,HPPHHHPPHHHHHPHHHHHP
3819,PHPPHHHHHPPHPPPHHHHP
3820,PPPHHHPHPPPHHPHHPPHH
3821,PPPHHHPPPPHPPHPPPPPP
3822,PHHHPHPHPPPHHHPHPPPP
3823,PHPPHPPHPPHPHPPPHHHP
3824,PPHHHPHPPPHHHHHHHPPP
3825,PHHHHHHPHPPPPHPHPPPP
3826,HPHPPPHHPPPHPHHPPHHH
3827,HHHPPPPPPPHPPHHHHHPP
3828,HPPHPPHHPPHHPHHHPPHH
3829,PHHPHHPHPHHHPPPHHPHH
3830,PPHHPPHHHHPPPPPHHHHP
3831,PPPPPPPPPHPHPPPPPHHH
3832,HHPHPHPPPPHPHPHHPPHH
3833,PHHPPHHPHPPPHHPPPHPH
3834,HHPPPPPHHHPHPHPHPHHH
3835,HHHPPPHHPPHHPHHHPHHP
3836,PPPPPHPPHHPPPPPPPHHH
3837,PHHHPHPPHHPPPHPPHHPP
3838,HPPPPHPHPHHPPHHPPHHH
3839,HPHHHHPHPPPHPHPHPPHH
3840,PHPPHPPHHHPPHPHPPHHH
3841,HPHPHPHHHPHPHPHPHHHH
3842,PHHHHPPHHHPPPHPHPHHH
3843,HPHHHHPPHPPPHPPHHHHH
3844,PPHPPPHHPHHHHPPHPPPP
3845,PHPHHHPHHPHPHPHHHPHH
3846,HHPPHHPPHPPPHPPHPPPH
3847,PHPPPPHPPHHPPPHPHPPH
3848,HHHHHHHHPPHPPHHPPHHH
3849,HPHPPHPPPHPPPPHPHHHP
3850,PHPPPHPPHHPPPHHPPHHH
3851,HPPPPHHPPPPHPPPPHHHP
3852,PPPHPHHPHHPHPPPHHPPP
3853,PPPPPPPHPHPPPPHHPPPP
3854,PHPHHPPHHHHHHPPHHPPP
3855,HHPPPPPHHPPPPHPPHPPP
3856,HPPHPHPPPHPPPPPHPPPP
3857,PHPHHHPPPPPHHHPPHHHH
3858,HPHHPPPHPHHHHHHHHHHH
3859,HPPPPPHPPHHPPHPHPHPH
3860,PPPPHPHPPPPPPPHPHPPP
3861,HHHPPHPPPHPPPPHHHHPH
3862,HHPPPHPHPHHPHPHHHHPH
3863,PHPHHPHHHPPHPPPHHPHP
3864,PHPHHHPPHHHPPPPPHPHH
3865,PPHPPPPHHPPHHHHPHHHP
3866,PHPPHPHPPHHHHPPPPHPP
3867,HHPHPPPHPHHHHPPHHHPP
3868,HHHHHPPPPHPPHPHHPHPP
3869,PHHHPHPHHHPPPPHHHPPP
3870,HPHHHPHPPPPPHPPHHPHP
3871,HPPPPHHPPHHHHPPHHPPP
3872,PPHPPPPHPPPHPPHPPHHP
3873,HPPHPHHHHPHPPPHPPHHH
3874,PPHPHPHHHHHHHPHHPPPH
3875,PPHHHPHPPHHHPPHHPPPP
3876,HPPPPPHPPHHPPHPPHPPP
3877,PPHHHPPPHPPPPPHPPPPP
3878,HPHHPPPHHPPHHPHPPPPH
3879,HPHHPHHHHHHPHHHHPPHH
3880,HHPHHHPHPHHPPHPPPHPH
3881,HHPPHHHPPPHHHHHHHHPH
3882,HHPHPPHHHPHPHHHHPPHH
3883,PPPPHPHHHPHPHPPHHHHP
3884,PPHPPHHHPHPHPPPHHPHH
3885,PHPHPHHHPHHHPPHPHHPP
3886,HPPPPPHHPPPHHPPPPHPH
3887,PPHHHHPHPPHHHPHHHHHH
3888,HPPHHPHHPHHPPHHPHPPP
3889,HPHPPPHHPPPHHHHHPPPP
3890,HPHPHPPHPHPHHHHHPHHH
3891,PHPPHPPPHPPPPHHPPHPH
3892,HPHHHHHHPHPHHHHHHPHH
3893,HHHHPHPHPPPHPPPPPPPH
3894,HPHHPPHPPHPPPPHHPHPP
3895,PPPPPHHPPHHHPPHPHPPP
3896,HPPHPHHHHPPHPHPHHPPH
3897,PHHPPPHHHHHHPPHPPHPP
3898,PHHPHPHPPHPPPPPPPPHP
3899,PPPHPPHHHPHHPHPPHPPH
3900,HPHHPHHPPHPHPPPHHHPH
3901,HPPHPHPHPPPHHPPHPHHP
3902,HPPHHPHPHHPHHHPHHHHP
3903,HPHPHPHHPPPPPPHPPHHP
3904,HPHHHPPHPPHPPHPPPHPH
3905,HPPHPPHPPHPHPPPHHHHH
3906,HHHPHHHHHPPPPPPPHPPP
3907,HHHPPPHHHHPHPHPHPPPH
3908,PHHHHPPHPHHHHPHPPPHP
3909,PHHPHPHPHPHPHHPHHPHP
3910,PHHHPHHPPPPHPPPPPPPP
3911,PHPHHPPPHHPHPHPHPHPP
3912,PPPPHPPPPHHPHHHPPPHH
3913,PHPHPHPPPPHHHHHPPHPH
3914,PPPHPPHHHHPPHPPPHHPP
3915,PHHHHHPPHPHPHHPPHHPH
3916,HHHPPPPPPPPPPPHHPHHH
3917,PPPPHHPPPHPPHPPHPHHH
3918,PHHHHHHHHHHPHPHPPHHP
3919,PHPHPPPPPPPPHPPHHPHP
3920,PHHPHPHHHPPPHPHHHHPH
3921,HHPHPPPPHHPPHHHPPPHH
3922,HHHHPPHPPHHHHPPPPHHP
3923,PHPHHHPHHHPHPHHPHHPH
3924,PPPHHHHPPHPPHPHPPPHH
3925,HHHHPPPHHPPHPHPPPHPP
3926,HHHHPPPHHHPPHHHPPPHH
3927,HPHPPPHHPPHPHHHHHHHH
3928,PHHPPHPPPPHHHPPHHHHP
3929,PHHHPHPPPHPPPPHPHPHP
3930,HHPHPPHPHPHHPPHPHHPP
3931,PPPHPPPHPPHHHPHPHPHH
3932,PHPHPHPPPHHPPPPPHHPH
3933,HPPPPHPHPHHHHHPPHPPH
3934,PPPPPPHPPHHPPHHPHHHP
3935,HHPPHPHHHPPHHHPPPHHP
3936,PHPHHHHHHHHHPHPHHPHH
3937,HPHPPHPPPHHPPHHHHHHP
3938,HPHHHPPHPHHPHHHHHHHH
3939,PPHHPHPHPPPHHPHPHHHP
3940,PPPPHPHHHPHPPPHPPPHP
3941,HHPPHPHHPPHPHHHPHPHH
3942,HPHPHPHPHHHPHHHPPHHH
3943,PPHHHHPHHHHHPPPHPPPH
3944,PPPPHHPPHPHPHHHHHHHP
3945,PHHHPPPHHPHPPPPHHHHP
3946,PHPHHPPHPPHPPPPHHPPH
3947,PPHPHHHPPHHHPHPHPHPP
3948,HHHHHHPHHPHHPHHPPPPH
3949,HPPHHPPPPPHHPHPHHHPH
3950,PPPHPHHHPPHHHHHPHPHH
3951,PPHHHHHPHHHPHHPHHHPH
3952,HHPHHPHHPHPPHPPPPPPP
3953,HHPPPPPHHHPPPPPPHPPP
3954,HHPPHHHHHHPHPHHHPHPP
3955,HPPHPHPHHPPHPPPPPPPP
3956,HHPPHPPHPHHPHPPHHPHH
3957,HPPHHHHPPHHPHPHPHHPP
3958,PHHHHPHPPHPPHPPPPHPH
3959,PPHPPHPPPHHPPPPHPPPH
3960,PHPHPPHPPPHHPHHPPHHH
3961,PPHPPPPPHHPHHPHHPPHH
3962,HHHHPHPHPHPHHHHHPPPP
3963,HHHHHPHPHHHPPPHHPHPH
3964,PPPHHPHPHPPPHHPPPHHP
3965,PPPPHPPPPPPPPPHPHHHH
3966,PHPHHPHHPHHPPHHHHHHP
3967,HPHPPHPHPHHPHPPPPPHP
3968,PHHHPHPHHHPPPPPHHHHH
3969,PPPHPHPPPPHHHPPHPHPP
3970,PHPHPPHHPPPPHPHHHHHH
3971,PPPHPHHHHPPPPPPPHPHH
3972,HPHHHPHHHPPPPHHPPPPP
3973,HPHHPPPPHPPPPPPHPHHH
3974,PHHHHPHPHPPPPPHPHHPP
3975,PHHHHHPHPPPPHPPHHHHH
3976,HHHHPPPPHHHPPPPHPHHH
3977,PHPHHPPHPHPPPHPHPHHH
3978,HPPHHHHPPPPPPPHHPPPP
3979,PHPHHPHPPHHPHPHHPPHP
3980,HPHPHPPPPHPPHPHPPHHP
3981,HHPHPHPHHHHHPHHHHPPP
3982,PHHPHPHPPPHPHHPHPPHP
3983,HHPHPHPPHHHHPHPHPHHH
3984,PPPHPHPPHHPPHPPPHHPP
3985,PPHPPPHHHHHHPHPPPHHP
3986,PPHPHPHPPHHPHHPHPHPH
3987,HHPHHPPHHPHPHHHPPPPH
3988,PPPHPPHPPHPPHHPHPHHH
3989,HPPHPPPPPHPPHPHHPPPP
3990,HHHPPPHHHPHHHHHPPHPP
3991,PPPHHPPHPHPPPPHPHHPP
3992,PPHPHHHHHPPPPHPHPPHP
3993,HPHHHHHPPHPHHHPPHPHP
3994,HPPPPPHHHHHPPPHHPPHP
3995,PHHHHHPHHHPPHHPHPHHH
3996,PHPHHHHPPHHHHPHPHHHP
3997,PHPHPPHHPHHHHPPPHPPH
3998,PHPHPHHPPHPPPHPPPPPP
3999,PPHPHPHHHHPHHHPHHPPH
4000,HHHHPHPHPHPPPPHPHHPH
4001,HHHPPPHHHPPHPPHPHPHP
4002,PHHPHHPHHHHPHPHHPPPH
4003,HPHPHHPHPHPHHHHHHPPP
4004,PPHHHHHHHPPHHHPPPHHH
4005,PPHHHPPPPHPHPHPHHPPP
4006,HHPPPHPPHHPPPHHPPPPH
4007,PHPPHHPPPHHHHPPHPHPP
4008,PHPPPHPPPPPPHPPPPHHH
4009,PPHPHPHHHPPHHPHPHHPP
4010,PPPHHHHPHPHPHPHHHHPH
4011,HPHPPPPHHHHHPPPHPHPP
4012,PHHHPPPPPHHHHPPHPHPH
4013,PPPHPHPPPHPPHHPHPPPP
4014,HPPHHPHPPHHHHHPPPHHH
4015,PPHHPHHHPHHPHHHHHHHH
4016,PHPHPHHHPPPPHHPHPHPP
4017,HPPHPHPPPPPPPPHPHPPH
4018,PHPPHHPHPHPPHHPHHHHP
4019,PPPPPHHPHPHPPPPHPHHP
4020,PHHPPPHPPHHHHHPHPPPH
4021,HHPPHHPPHHPPPHPPHHPH
4022,PHHPHHPHHHPPHHPHPHHP
4023,PHPPPHPPHPPPPHHPPHPH
4024,HPPPHPPHHPHPHHPPPPPP
4025,HPPHPPHPPPHHPPPHPHPH
4026,PPHPHHPHHHPPHPHHHHHH
4027,PHHPPPHPPPHPHPPPHHPH
4028,PHPHHHPHPHPPPPPPHHHH
4029,HPPPHHHHHHPHHPHPHHHP
4030,PHHHPPPPHHHHHHHPHHHH
4031,PPPPPHPPPHHPPHPPHHPH
4032,PPHHPPHPHPPPHPHHHHPP
4033,PHPHHPHHPPHPHPPPHHHH
4034,PHPHPHHPPHPHHHPHHPHH
4035,PHHPPPPHPHHPHHPHPPPH
4036,PHPPPPHHHHHHHPPHHPHH
4037,PHPHPPHPPHPHHHHPPPPH
4038,HPPHPPPHHHHHPPPHHPPH
4039,PPHPHPHPHHPPHPPHPPPP
4040,HPPHHHHHPPHPPHHHPHHH
4041,HHHHHPHHHPPPHHPPPHPH
4042,PPHPPHPPHPPHHHHPHHHP
4043,PPPHHHPHHPPPPHHPHPPH
4044,PHPPHHPHPHPPHHHPPPHP
4045,PHPHPHPPPHPHPPPHPHPP
4046,PHPPPPHHHPPPPPHPHHHP
4047,HHHPHHPPHHPPPHHHHPHH
4048,PPPHHPPHHHPHPPPPPHHH
4049,PPPPHPHPHHPHPPHPPPPH
4050,HHHHHHPPHPHPPHPHHPHP
4051,PHHHHHHHHPPPHHPHHPPP
4052,HHHHHHPHHPHPPHPPHHPH
4053,HHHPPHHHPPHHHHPPHHPH
4054,PHHPPHPHHHHPHHHHPHHP
4055,HPHHPHPPPPHPPHHPPHHH
4056,HHPHPPPHHPPHPPPHHHHP
4057,HHHHHHPPPHPHHPHPPHPP
4058,PHPPHHPPPPHHHPHPPHHP
4059,PPPHPPPHHPPHPPPHHPPH
4060,HHHHPHPHHHHPPHHHHPHP
4061,HPHPPPPHPHPHHPHPHPPH
4062,HPHHHHHPPPPHHPHPHHPH
4063,PPHPHHHHPPHPPPPPPPHH
4064,PPHPPPPHHHPPPHHPPPPP
4065,PHHPPHHPHPHHPPPPHPPH
4066,PHHHHHHHPHHPPPPPHHPH
4067,HHHHHHHPHPHPPHHHHHPH
4068,HHHHHHPHPPHPHHHPPHPH
4069,PHHHHPPPPPPPHPHHHHPP
4070,PPPHHHHPPPPPHHPPHHHH
4071,HHHPPHHHPHHPHPPPHHPP
4072,HHHHPHPHHPPHHHHHHPPH
4073,HPHHHPPHHPHPHHHPPHPH
4074,HHPHPPPPPPPHHHHHPHPP
4075,PHHHHHPHPPPHHPPHHPPH
4076,HPPHHHHPHPHHPHPHHHPH
4077,HHPHPPHHPHPPPPPHPHHH
4078,HPHHHHPPHHHPHHHPHHPP
4079,HHPPHPHPHPPPHHHHPPHP
4080,PPPHPPPHHPHHHPPPHPPH
4081,PPPPPPPHHPPHHHHHPPHP
4082,HHHHHPPPPPPHHPHHHPHH
4083,HHHPPPHPHPPHPHHHHHHP
4084,HPHPPHHPHPHHPHHPPHHP
4085,PPHHPHPHPPHHPHPHPHPP
4086,PPPPHHHPPHHPHHHHPPHH
4087,HPPPHPPHHHHHHPHPPPHH
4088,PHHHPPPHPHHPHPPHHHHP
4089,HHPHHPPHHPHPHHHHPHHP
4090,PHPPHPPPHPHPPPHPHPPH
4091,HPPPHPPHPPPPPHPHHHHH
4092,HHHHHHHPHHPHPHPHHPHP
4093,PPPPHHPHPHHHPPPHPHPP
4094,PPHHPHHHPHHPPPPHPPHP
4095,PHPPHPPPPHPPHPHHHPPH
4096,PHPHPHHHPHHPHHHHPHPH
4097,PHHHPHPPHPPPHPHPPHPH
4098,HHHPPHHPPPHHHHHHHPPH
4099,HPHPHHPHHHHHHPHHHHHP
4100,PPHPPHHPHPHHPHPHHPHH
4101,HPPPHPHHPPHPPHPPPPHH
4102,HPPPHHHHHPPPHPHHPHPH
4103,HHPPHPHPPPHHHPHHHHHP
4104,HPHPHPHHPHHPPHPPPPPH
4105,HHHHHHPPPPPPPHPHHHPH
4106,PPHPPHHHHHHHPPHHHPPH
4107,PHHHHHPPHPHHPHHPPHHP
4108,PPHHHHPHHPHHPHPHHPPP
4109,PPPHHPPHHHPPHHPHHPHP
4110,HPPHHPPHHHPPHHHPPHHH
4111,PPPPPHHPHPHPPHHHHPPH
4112,HPPHPHPHPHPPHPPHPHHH
4113,HPPPHHHPPHHPPHHHHHPH
4114,PPPPHPPHHHHHPPHPPPPP
4115,HHHHPPHPPHHHPPPHPPPH
4116,PPHHPHHPHHPPPPHHPHHP
4117,PPPPPHPHHPHPPHPHPPHP
4118,HHPHPPPPHPHPHHPHPHPP
4119,HHHHPHHHPHPPHPHPHHHP
4120,HHHHPHPPPPHPPHHHHHHH
4121,HPPHHPHPHPHPHHPHPPPH
4122,PPPHPPPHPPPPHPHHHHHP
4123,PHHHHHHHHPPHHPPHHPPH
4124,HPPHHHHHPHPHHHPPPPPP
4125,PPHPPHPPHHHPPHHHHPHP
4126,PHHHHHPHPPPPPHHHPHHH
4127,PHHHPHPHPPPPPPPHPHPP
4128,HHHPPPHPHPPPHPHPHPPH
4129,HPHPHPHHPPPPPPHHPHPH
4130,HHPHHPHHPHPHPHHHHPPH
4131,HPHPPHHHPHPPHHHPPPPP
4132,PHHHHPHPHPHHHHPPHHPP
4133,HPHHHHPPHPPPHPPHHPHP
4134,HHHPHPHHPPPPHPPHPPHP
4135,PHHPHHHPHPHPHHHPPPPP
4136,PPHHPHPHPPPPPPHPHPPH
4137,PHHPHPHHHHPPHPPPPHPP
4138,PHPHPPHHHPPPPPHHPHPH
4139,PPHHHPPHPHPPPPPHPHPH
4140,HPHHHHHHPHPPHPPPPPHP
4141,PHPPHPPHPHHHPHHHHHPH
4142,PHPHPPHPHHPHHPPHPHPH
4143,PPPPHPPHHPHPHHPHPPHH
4144,PHHPPHHHPPPPPHPHHHPH
4145,PHHHHPHPPPHPHPHHHPPH
4146,HHHHPHHHHHPHPHHPHPHH
4147,PPHHHPPPHHPHPHHHHHHH
4148,HPPPHPHPPPPPHPPPHHHP
4149,PHPHHHPPHPPPPHPPPHPP
4150,PHHPHPHHPHHPHPHHHHHP
4151,HPPPHHHHPHHPHPHPPHHH
4152,PHPHHPHPHPHPHPHPPHHH
4153,PPPPPHHHPHPPPPPHHHPP
4154,HHHPHPPPPPHPHPHPPHHP
4155,HPPPPHHPHPHHHPPPPPPP
4156,PHHPPPPPPHPHHPPPHHHP
4157,HHPPPHHHPPPPHPHPHPHH
4158,HPPPPPHHPHHPPHPHHHPP
4159,PHPPPHHPHPPHHHPPHHPP
4160,PPPPPHHHHPPHPPPHHHHH
4161,HPPPPHHPPHPPPPHHHPPH
4162,HHHPPHHHHPPPHPHPPHHP
4163,HPPHHPPHPPPHHHPPHPPH
4164,HPPHPHHHHPHPPHHHPPPH
4165,HHPPPPHHPHHHPPHHPHPP
4166,HPPHHPHHPHHHHPPPHHPP
4167,PHHPHPPHHPHPPHHPHHPH
4168,HHHHHPPHPHHPHPPHPHHP
4169,PPPPPHPHHPPHHPPHHPHP
4170,PPHHPHPHHPPHPHPHPPHH
4171,PHHHPHPPHHHPPHHHHPPP
4172,PPHPPHPPPHPHPPPPPHHP
4173,PHPPPHHPHHPHPHPPPPHH
4174,HPPPPPPHPPHPPHPHHHPH
4175,PHHPPPPHPPHPPPPPHHHH
4176,PHHHHHHPHHHHHHPHPPPP
4177,HHPHPHHPHPHPPHPHHHHH
4178,HHPPHHHPHPHPPHHHPHPH
4179,PPPPHHHPHHPHHHHPPPHH
4180,HPPPHHPHPHHPPPPPPPPH
4181,PPPPPPHHHHPPHPHHHHHP
4182,PHHHPPHPPHPHPHHHPPHH
4183,PHHPHHHPPHHPHPPHHPHP
4184,HPPPHHPPHPPHPHPHPHPP
4185,HPHPHPHHHHPPHHHHHHPP
4186,HPHHHHPHPPPPPPPPPPHP
4187,HHHHPHHPHPPHHPPHPPPH
4188,HHHHHHHPPHHHHHPPPHPH
4189,HHPHPPPPHHPPHPPPHPHH
4190,PHHPPHPPHPHPPPPHHHPH
4191,HPHPHPHPPHHPPHHPPPPP
4192,HPPPPPPHPHHHHHHPPPHH
4193,PPPHPHHHHPHPHHPPHHPH
4194,PPPHPPPHPPPPPPHPPPPH
4195,HHPPHPHPPPPHHHHHPHHH
4196,PPPPHPHHHHHHPHPHPHHH
4197,HHPPPHPPHHHPHPPPHHHH
4198,PHHPHHHHHHHHPHHHPPPH
4199,HHHHHPPHPHHHPHHPPHPH
4200,HHHPPPHHPPHPHPHPPHPH
4201,HHHHHHPHPPPPHPHPHHPH
4202,PPHHHHPPPHHHPHPHHHPH
4203,HHHPPPPPHHPHHHHPHPHP
4204,HHPHPPPHHHHPHHPHPPPH
4205,PPHPHPPHHHPHHHHPHPHH
4206,HHHHPHPPHPHHPHHHPPHP
4207,PHPPHHPPPPPHPHHHHPPP
4208,HHHHHHHHHPPPPPPHPHHH
4209,PPPPHPPHHHHPHHHHPHPH
4210,HPPHPHHPHHPPHPPPHPHP
4211,PPHHPHHPHHHHHPPHHPPP
4212,PPHHHHHPPPHPPPHPPPHH
4213,PPHPPPPPPPHHHHHPPPHP
4214,PHHPPHHPHHPHPHPPPHPP
4215,HHPPPPHPHHHHPPHPPPHH
4216,HPHHHPHPHHPHPPHHHPHP
4217,PHPHHPPPHHPPPPHHPPHP
4218,PPPPPPPHHPHPHPPHHHHH
4219,PPHPHHHHHPHHPPPPHPHH
4220,PPPHHHPPPPHHPHHHHPHP
4221,PPHPHPPPPHPPHHHPPHPP
4222,HHHPPPPPPHPPHPPPPHPH
4223,PHHPHHHHHHPHPHHPHPHH
4224,PHPHHPHHPHPHPHHPPHPH
4225,PPPHHPPPHHHHPHPHHHHH
4226,PPPHHHPHHPPPHPHHPHHP
4227,PHHPHHHHHHHPPHHPPHHP
4228,PPHPPPPPPHHHPPPPHPHP
4229,PPPHHHPPPPHHHHHHHHPP
4230,PPPPPHHHHPHHPHPPPPHH
4231,HPHPHPHHHPHPHHPHHPHP
4232,HPPPPPPHPPPHHHPPPPPH
4233,PPPHPPHPPHPHPHPPPHPH
4234,HPPHPPPHPHHHPHHPHPPH
4235,HHHHHPPHPPHHPPHHHPPP
4236,HPHHPPHPHPHHHHHHHPHP
4237,PPHPPPPPHPHHPPHHPHPH
4238,HPHHHPPHHHHPPHPPPHHP
4239,PPHHHHPHPPPPHPHHHHHP
4240,PPHPPHPPHHPHHHPPHHHH
4241,PHPHPPHPHPPPHPPPHPHH
4242,HPHHPPPPPPHHPPPHPPHP
4243,PHHPHPPPPPPPPHHHPPPP
4244,HHHHHHPPPHHHPPHPPHHH
4245,HPHPPHHPHPHPHHHPHPPH
4246,HPPHPHPPPPPHPHPHPPHH
4247,HHHHHHHPPPPPPPHHPPHH
4248,HPPPPPPHPHPPPPPHPPHP
4249,HHHPHHPHPPPHHHPPPHPH
4250,PHPHPPHHHPPPPHHHHHHH
4251,HPPPHHPPHPHHHHHPHPPH
4252,PPHHHPHHPPHPPHHHPPHH
4253,HPPPHPHHPHPHPPPPPPHP
4254,HPHPHPPHHHHHPPPHPHPH
4255,HHHPPHHHHHHPPHHHPPHP
4256,HPHPHHHHPPPHHPPPPHHP
4257,PHPHHPPPHPHPPPPPHHPH
4258,PPHPPHHPPHPPPPPHPHPH
4259,HHPPPPPPHHPHHPPPPHPH
4260,PPPHPHHPHHPPHHPPHHPP
4261,PPPHHPHPPPHPPHHHPHPH
4262,HPPPPHPHHPHPPHPHPPHH
4263,HHHHPHPHPHPPPHPHPPHP
4264,HPPPPPPPHPPHPPPHPPPH
4265,PHPPHHPPPPHPHPHHHHHP
4266,PHPHHHPHHHHPHPPPPHPH
4267,PHHHHHPHPPPHHHPPPPPH
4268,PHPPPPHHHHPPPHPPHPPH
4269,PHPHPHHPHPHHPHHHHHPP
4270,HHHPHPHHPHPHPPHHPHPH
4271,PHHPHPPPPPHPPHPPPPPH
4272,PHPPPPPPPPHPHHHPPHHP
4273,HHHHHHPHHPHHHHPPPPHH
4274,PPPPPPHPPPHHPHPHPPPP
4275,PHPPPHPPHHHPHPPPHHHH
4276,PHHHHPPPPHPPHHPPHHPP
4277,HPHHHHHPPPHHHHHPPHHH
4278,PHHHHHHPPPHHHPHPHHPP
4279,HPHHPPHPPPHHPHHHPPHH
4280,HHPHPHHPHPHHPPPPHPHP
4281,PPPHHHHPHHPPPHHPHHHH
4282,HPPHHPHHHPHPPPHPPPHP
4283,HHHPHPHHPHPPPHHHHPPH
4284,HPPPHHPPHHPHPPHPHPPP
4285,PPPHHPPHPPPHPHHHPHPH
4286,HHPPHPHHPHPHHHPPHHHP
4287,HPPPPHPHHHPPHHPPPHHH
4288,HHHPHHPHPPPHHPPHPHPH
4289,PHHPPHPHPPHPHHPHHPHP
4290,PPPHHPHPPHPPPHHPHHPH
4291,HPPHHHHHPHPHPPHPHHHH
4292,PHHPHPHPPPHPHHPHHPPP
4293,HHPPHPHPHPPHPHHPHHPP
4294,PHHHPHHHPPHHPHHPPHPH
4295,PHHPHPPPPHHHHHHPHHPP
4296,HHPPPHHPPHPHHPHPHHHP
4297,PHHHPHHHHHHPHHHPPHPH
4298,HPHHHPHHPHPPHHHPPHPP
4299,HPPHPPPHHPPHHPHPHPHH
4300,PPHHHHHPPPPHPPHHPHHH
4301,PHPHPPHPPPPHHPHPHPHP
4302,PHHPHHHPPHPHPPHHPHPH
4303,PHPHHPHPHHHHHHHPHHPP
4304,HHPHPPHHHHHPHPHPPHHH
4305,PHHPHPHHHHHPHPPPPPHP
4306,HHHPHPPHHHHHPPPHPHHP
4307,HHHPPHHPHPPHPPPHPPHP
4308,PHHPPPPPPPHPHPHPPPPH
4309,HPPHHPHHHHHPPHHPPPPH
4310,HHPHHPPPHPPHHHHPPPPH
4311,PHHPPPPHPHPPPPPPPPHP
4312,HPPPHPHPPHHHHHPHHHHP
4313,PPHHPHHHHHPHPHPPHPPH
4314,PPPPHHPHPHPPPPHPPHPH
4315,PPHHPPHPHPPHHPHHHHHH
4316,HHPPPHHPHHPHHHPPPPPH
4317,PPHPHPPHHHPHHPHPPPHH
4318,PPPPHPPHPPPHHHPHHHHH
4319,PPPHHHHHPHHPPHPHPHHP
4320,HHPHHHPHHHHPHHHHHHHP
4321,HPPHPPHPHHPHHHPPPHPP
4322,PPHPPHHHHPPPPHHPHHPP
4323,PPHPHHPHHHPPHPPHHHHP
4324,PHHPHHPHHPHHHPHPPHHP
4325,PPPHPHPPHHPHHPPPPPPP
4326,PHPHHPHHPPHHHHHPHHPH
4327,PPPPPPPHPHHHHPPHPHHP
4328,PPPHPHPPHHPHHPPPHHHH
4329,PHHPHPPPPHHHPPPHHHHP
4330,PPHPPHPHHHHPPHPHHPPP
4331,HPHPPHPHPHHPPHPPPPPH
4332,HPHHPPHHPPPHHHHPHHPP
4333,PPHPPHPPHPPHPPPPHHHH
4334,HPPPPPHHHHHHPPHHHPHH
4335,HPHPPPHHHHHHHHHPHPHH
4336,HHHPHPPHHPPHHHPHPPPH
4337,HHHPPPPPPHPHPPPHHPPP
4338,PPPHPPPHPHPPPPPPPPPH
4339,PPHHHPPPHHPHHPHHHPPH
4340,HHHHHHPHPHHPPPHPPHPP
4341,PHPPHPHHHPHPHHPHHPPP
4342,PPPHHHHPPPHHPHHHPHHH
4343,HHPPPPPPHPHHPPHPHPPP
4344,HPHPPPPPPPHPHPHPPPHH
4345,PPHPHHPPPPHHPHHPHHHH
4346,PHHHHHHHPPHPHPHHHHPH
4347,PHHHHPHPPPPHPHPHHHHP
4348,HPHHPPHHHHHHPHPPPHPP
4349,HHPHPPHHHHHHHHPPHHHH
4350,HPPHHPPPHHPPPPHPPHPP
4351,HPPHPHPPHPPHHPHHPPPH
4352,HHPHHHPHPHPHHPPPHPPH
4353,HPPPHPHPHPHPHHPPHPHH
4354,HHPPPPPPPPPPPHHPHPHP
4355,PHPPHPPPHPHPPHPHPPHH
4356,HHPPPPHHPPPHHPHHHHHP
4357,PPHPPPPPHPPHPPPPHHPH
4358,PHPPPHHPHHPHPHHPHPPH
4359,HHHHPHPHPPPHPHHHHHHH
4360,HHPPPHPPHPPHHHHPHHHH
4361,HPPPHPHHHHPPHPPHPHHH
4362,PHPHHPHHHPPPPHHPHHHH
4363,PHHHPHHHPPHPPHPHPHPP
4364,HHPPHPPPPPHHHHPPHPHP
4365,HPPPPPHPHPPHHPPPHPPP
4366,PPHPHHHPPHPHPHHHHHPH
4367,HPPPHPHPPHPHHPHHPHHH
4368,PHHPPHPHPPHPPHHPHHPP
4369,PPHPHPPPHPHPHPHPHHHP
4370,HHPPHPPPPHHPHPHPHPPH
4371,PHHPPPHHHPPPHHHPHPHH
4372,HPPPPHPPPHHPHHHPPHHH
4373,PPHHPPPHPHHPHPHPHHPH
4374,HPHHHHHHPHPPHPPHHHHP
4375,HHPPPHPPHPHPHHPPHPHP
4376,PPHPHPPPPHPHHHPPHPHH
4377,HHPHPPPPPHHHHHHPHHHP
4378,HPHHPHPPPPHPHPHHHPHH
4379,HHPPHHPPHPPPPHHHPHPH
4380,PHHPPHPHPHPHPPHPHPHH
4381,PPHHHPHPPHPHPHPPPPPH
4382,HHHPHHPPHHPHHHHHPPHP
4383,HHPHHPPHHPHHPPPPHHPP
4384,PPPHHHHPPPHHHPHPHPPH
4385,PPPPPPPHHPHPHHPPPHPH
4386,PHPHHPHHHHPHHHHHHHPH
4387,PHHPPHHPPPPPPPPPHHHH
4388,HHPHPPPHHHPHPHHPPPPP
4389,HHPHPPHPPHHHPPHPPPHP
4390,PHHHPPPPPPHHPHPPHPHH
4391,HPHPHHPHHHPHHHHPHHPP
4392,HHHHHPPHHHPPHPPPPHPP
4393,HPPPHPHHHPHHHHPPPHHH
4394,HPPPPHPPPPHPHHHPPHPP
4395,PPPPPHHHHPPPHPHHPPPP
4396,HHHPHPPHHPHHPPPHHHPH
4397,HHPPPPPHPHHPHHPHPPHH
4398,HPPHPPPPHPHHHPPHPPHP
4399,PPHHHPHPHHPPHHHPHPPH
4400,HPHHPPHHHHPPPHPPPPHP
4401,HHPPHPPPHPPHPPHHPHPP
4402,HHHHPHHHHPHPPHHPHHHP
4403,PPPPPHPHHPPHPPHHPHPP
4404,HHPHHHHHHHPPPHHHHPPP
4405,HHHPPPPPPHPPPPPHPPPH
4406,PPPHHHHHPHHPHPPHPHHH
4407,HPPPHHPPHPHHPHPPHPPP
4408,HHPHHPHPHHPHPHHPPHHH
4409,PPHPPPPPPPPHHPPHPHHP
4410,PHPHPHPPPHPHPHHHHHHP
4411,PPPPHHPHHHPHPHPHPPPH
4412,HHHHPPHHHHPPPPHPHHPP
4413,PPPPHPPPPHHHPPHHPPPH
4414,PHPHHPPHHPHHPPHPHHPP
4415,HPPHPPHHHHPHPHHPPPPP
4416,HHPPHPHPPPHHHHHHPPPP
4417,PHPPHPHPHHHPPHHPPHHP
4418,PHPPPHHHPHHPHPHHHHPP
4419,HPPHHPPHPPPPPPPHHHPP
4420,PPPHHHPHHPPPHPHPPHHP
4421,HHHPHPPHHPPHHPHHHHHH
4422,PPHHHPPHPHPHHPPHPPHP
4423,HPPHPPHHPHHHPPHHPPHP
4424,HHHHPHPHPPPPHPPHPHPP
4425,PHPPPPHPHHPHHPPHPPPH
4426,HPHHPHHHHHPPHHPHPPPH
4427,PPPPPPPPHPHPPPPPPPHP
4428,HHPHHHHPHHHHHHHHPHPP
4429,PHPHPHPHPPPPHHPPPPPH
4430,HHPPHPPHHHHPHPHHPHPH
4431,HHHPPHHHPPHPPHPPPPPP
4432,HPHPHHPPHHHHPHPHPPPP
4433,PHHPPHHPHHPHPPPHPPHP
4434,PPHHPPPPHHHPHPHHHHHP
4435,PPHPPHHHPHPHHPPHPHPH
4436,PHHPHHPHHPHPPPHHHPHH
4437,HHPPHHHPPPPPPPHPPHPP
4438,HPPPHHHHPPPHPPPPPHHH
4439,PPHPHHPHPPHHHPHPHHPH
4440,PPHPHPPPPHHPHHHHPHPH
4441,HPPHPHPPPPHPPPHPHPPH
4442,HPPHPPHPPHHPHHPHHPHH
4443,PPHPPHPHHHHPHPHPHHHH
4444,HHHHHHPHPHHHHPPHPHHP
4445,HHPHHPHHPPPPPHPPHHHH
4446,HHHPPHHHPHPHPHHPHPPP
4447,HPHPHPHPHPPPPPHPHPPH
4448,PHPHHPPHPPHPHPHPHHHH
4449,HPHHHPHPPHPHPHHHHHPH
4450,HPHPHPPPPPHPHHPHPPHP
4451,HHPPPPHHPPHPPPHPHPHH
4452,HHPHHPHHHPPPPPPHPPHP
4453,HHPPPPHHPPHHHHPHHPPP
4454,PHPHPHHHPPPPHPPPPHPH
4455,PHHPHHPPPPHHPPPHPHHP
4456,HHPHHPPPHHHHPHHHHHPH
4457,PPPHHHHHPHPHPPPPHPPH
4458,PPHPHPHHPHPPHHHHHHPH
4459,PHHPHPHHHPPHHHPHHHHH
4460,HPHHHHPHHPHHPHHHPPPH
4461,PPHPHPHHHHPHPHHHHPHP
4462,HHHPHPHHPPPHHHPHPHPH
4463,HPPPPHHHHHHPPPPHPPHP
4464,HPPHPPHPHHPPHHHPHHHP
4465,HPPHHPPPHPHHHPPPHPPP
4466,HPPPPHHHPPPHPPHHHPHH
4467,HHHPPHHPPPHPHPPHHHHH
4468,PHPHPHHPHPHHHPPHPHPH
4469,HHPPPHHHHHHPPPPHHPPH
4470,HHHHHPPPHPPPHHHHHHHH
4471,PHPPPHHHHHPPHHPPPPHH
4472,HPHPPHPPHPPPHHPPPPHH
4473,HPHHPHPPPHHHHHPHHPHP
4474,PPPPHHHHPPPPPHPHPHHP
4475,PHPHPPPPPPPPHPHHHHHH
4476,HHPHHHPPPHHHPHPPHPHP
4477,HPHPHHHPPHHHHPPHPHHH
4478,PHPHHHPHPPPPPHHPHHPP
4479,PPHHPPHPPHHHHHHHPPHH
4480,PHHPPHHHPPPHHHHHPPPP
4481,HHHHHPPHPPHHHPPHPPPH
4482,PPPPPPHPPHHPHHHHHPHH
4483,PHPHHHHPPPHPHHPHPHHP
4484,HPHHPPPHPHHPPHPPPHHH
4485,PPHPPHHHHHPHPPPHPPPH
4486,PHPHPHPPPPPPHHPHPPHH
4487,HPHPPPPHPHPPPHHHHPPP
4488,HHPPHHPPHPHPPPHHPPHP
4489,HPPHHPPHHPHHPHPPPPPP
4490,PPPHPHPHHHPHHPHHPHHH
4491,HPHHHHPPPHPHHHHPPPHH
4492,HHHPPPPHHPPPHHHPHPPH
4493,HHPPPPPPPPPHPPHHHHHH
4494,PPHPHHHPPPPHHPPPHPHP
4495,HHHPPHPHPPPPPHPHPHHP
4496,HPPHPHPHHPHPPHPHPPPP
4497,HHPPPPHHHHPPPPHPPHPH
4498,HHPHHPHPPHHPPHHPHPPP
4499,HPPPHPHHHPPPPPHHHHHP
4500,HHHPPHHHHHPPPHHPPHPP
4501,PHHHHPPPPHPHHHPHPPHP
4502,PPPPHHPHPHPPPPPHPPPP
4503,PPPPPHHPPHHPHPHHHHPP
4504,HHHHPPHPPHHPHHPPHHPH
4505,PHPPHPPHHHPHPHPHPPHH
4506,HHPHHPHHHHPPHPPHHHPP
4507,HPHHPPHPPHHPPPHPHHHP
4508,PHPHHHHPPHPPPHHPPHHP
4509,PHPHPPPPPHPHHPHPPHPP
4510,PHHHPHPPHHPPHPPPPPHH
4511,PHHHHHHHHPHPPHHHPHPH
4512,PHPPHPHHPHHHHHHHHPHP
4513,HPHHHHHPPHPHPHPPPHHH
4514,PHHHPHHPHHPPHPHHPHPP
4515,PPPPPHPHPHHPPHPHPPHP
4516,HHPHPHHPHPPHPHHHHPHH
4517,HPHHHPHPPPPPHHPPPPPP
4518,HPPPPHPHHHPHHPHPPPHP
4519,PHHHPPHHPPHPHHHHHHPH
4520,HPHHHPHHHPPHHPHHPHPP
4521,PPHPHPHPHPPPHPPPHHHP
4522,PHPPHHHHPHHHPPHHHHHP
4523,PPPHPHPPHHHPHPHPHPPP
4524,HHPPHPHHHPHPPHHPPHPP
4525,HPPPHPPHPHHHHHHHPPHH
4526,PHPPHPHHHHHPPHHHPPHH
4527,HHPHHHHHPHPHHPPPHPHP
4528,PPHPHPPPHHHPHHPPPPPH
4529,PHPPHHPHPPHHHPPHPHPH
4530,PHPPPPHPPPPPHPPHHPHP
4531,HHHPHPHHPHPPHPHHPPHH
4532,HPHHPPHHPHPHHHPHPHPP
4533,HPPHHPPHPHHHPPHHPHHH
4534,HPHHPPHHHHHPHHHHPPHP
4535,HHPHHPHPHHPHPPPPHHPP
4536,PPHHPHHHPPPHHHHPPPHP
4537,PHHPPHPPHPHHHPPPPHHH
4538,HHHPPHHHPHPPPPPHPHHH
4539,PHHPHPHHHHPHPPPHHPHH
4540,PHHHHHHPHHPPHHPPHHHH
4541,PPPPPPPPHPHHHHPHPHHP
4542,HPPHPPHHPHPHHPHHHPHP
4543,PHHPHHPPHHHPHHHHPPPP
4544,PPPHPPHPPPHHPHPHPHPH
4545,PPPPPPHHHPHHHHPHHPHH
4546,HPHHPPHHHHPPPHPHHHPP
4547,HPPHPPPPHHPHPPPHPPPH
4548,HHHPPPPHPHPPHPHHPPPP
4549,HPPHPPHPPPPPHHPPHPPP
4550,PPHPPPPHHHHHHPPPPHHP
4551,HPHPPHPHHPHPPPHPPHPP
4552,HPPHHPPPPPPPPPPHPPPH
4553,HHPHPPHPPHHHPHHPPHPH
4554,HPHHPPPHHHHPPHHPPHHH
4555,HHHHHPPPHHPHHPPHPHPH
4556,HHHHHPHHHHPHPHHPPPHH
4557,HPHHHPPPPHPPPHPPPHPP
4558,PPHPPHPPHHHHPPPPPHPH
4559,HHPHPHPHHHPHPHPHPHHP
4560,HPPPPHPPHHPPPPHPHPHP
4561,HHHHPPHPPPHHPPPHHPHH
4562,PHHPPPHHHHPHPHPHHPHP
4563,HPPPHPPPPPPHHPPHPPHP
4564,PHHHHHHHHHPHHHPPPPPH
4565,PPHPPPHHHHHHPHHHHHPP
4566,HPPPPHHHHPPHPPPHPHPH
4567,HPHPHHPPPHHHHHPHPHHP
4568,HHHHPHHPHHHPPHHHPPPP
4569,HPPPHPPPPHHHHPHPPHPP
4570,HPHPPHHPPPPHPPPPPPPP
4571,PPPHHPHHHHHHHPPHPHHH
4572,PPPPHHHPHPHHHHHPPPHH
4573,HHPHPHHHHPHHPHHHHPPP
4574,HHHHHHHHPPHPPPHHPPHP
4575,HPPHPPPHHPPPPHHHPHHP
4576,HHHHHPPHHHPHHPPPPHHP
4577,HHPHPPPPHHPHHPPPPHHH
4578,PPPHHHPHPPPHPHHHHHPH
4579,PPPHPPPHHPHPPHPHHPPH
4580,HPHHPHPPPPHPPHPHPHHH
4581,PHPPHHPHPHPPHPPPHPPP
4582,PHPHPPPHPPPPPPHPHPPP
4583,HHPHHPPPPHHHPPPPPHHP
4584,PHPHPPHHPHPPPHPPPHHH
4585,PPPHPHHHHHHPPHHPHPHP
4586,PHHPHHHHPPHHHHHHPPPP
4587,PPHHHHHPPPHHPHHHHPHP
4588,PHHPHPPPHHHPPHHPPPPP
4589,HPPHPPHHHHPHPPHPHPHP
4590,PPHHPPPPHPHHHHHHPHHP
4591,HPPPHHPHPHPHPHHHHPPH
4592,HPPHHPPPHPPPHHHPPHHP
4593,HPPPPHHPHHPPHPHPHHPP
4594,HPHHPPHPPHPHPHPPPHHP
4595,PHHHPPHPPHHPHHPHHHHH
4596,HPHHPPPHHHHHHPPHHPPH
4597,HPPHPPPHHHPHHHPHPHHH
4598,PPHPPPPHHHHHHPPHPHPP
4599,PPHHPHPHHPHPPPHHHHHH
4600,PPPPHHHHHPHHHPHHHPPP
4601,HHPHPHPHPPPPHPPHPPPP
4602,PHPHHPPPHHHHPPPPPHHP
4603,HPPHHHPHPHPPHPHPPPHP
4604,HPPHPPHHPHPHPPPHHPPH
4605,PHHPHPHPHHHPHHHPPHPP
4606,PPHHHHHPHPPPHHPPHHHH
4607,HHHPPHPHPPHPHPHHHPHH
4608,PHHHHPPHHHHHPHPHPHPH
4609,PPHPPPHPPPPHHHHHPHHP
4610,PPPPPHHPHHHPPPHPHHHP
4611,PPPHHHPHPPPHPPPHPHHH
4612,PHHHPPHPPHPHPHPHHHHH
4613,PPPHPHHHHHPPHHHPPHHH
4614,PPPHHHPHPHHPPHPHPHPH
4615,HPPPHPHPHPHPHHHPPPHH
4616,HPHHPPHPPPPHPPPHHHPH
4617,PPHHHHPHHPHPHPPPPHPH
4618,PHPPHPHPHHHPHHPPPHPH
4619,PHPHPHPHPHHPPPPPHHPP
4620,HHHHHHPHPPPPPHHHHPPH
4621,HPHPHPPHHHHPHHHPHPPP
4622,HPPHHPHPHHHPPHPHPHHP
4623,PHHPHPPPHHPPHPPPHPHP
4624,HPPPHHHPPPHPHPHHPPPP
4625,HPHPHPPPHPHPPPHHPHHP
4626,PHPPHHHPHPPHPHPPHHHP
4627,HPHPHHPPPHHPPHHHPHHH
4628,HHPHHPHHPPPPHHPPPPPP
4629,HHPHHPPHHHHHHPHHPPHH
4630,PPHPHHHPHHPHHHHHHHHP
4631,HHHPHPHPPHPHPPHPPPHH
4632,HPHHPPHPHPPPHPPPHPPP
4633,HPPPPPHHPHHPPPPHHPPP
4634,HHHHPPHHHHPHPPHHPHPH
4635,HPHHPHPPPHPHHPPPPHPH
4636,HPHPHHHHHPHPPPPPPHHP
4637,HPPPPHPHHHPPHPPPPHPH
4638,HHHPHHHPPPPPPPHHPPPP
4639,HPHHHPPPPHPHPPPPPPPH
4640,PPHPPPPPPPPPPPPPHPPH
4641,PPHPHPHPPHPPPHHHHHHP
4642,PHHHHHPHHHHPPHHHHHHP
4643,PPPHHHPHHPHPHPHHHHHH
4644,HHHHPPPHPPHPPHPPHPHP
4645,PHHHPHPPHPHPHHHHPPHP
4646,PHHPHHHHHPPPPPPHHHHH
4647,HPPPPHHHHHPPPHPHPHPH
4648,PPHHPHHPHHPPHPHPPHPP
4649,HHPPPPPPPHHHHPHHPHHH
4650,HHPHHPPPHPPPHHHPHPHH
4651,PPPHPHHPPPPHPPPHHPHH
4652,HHHPPHHHPHHHHHHPHHHH
4653,PHHHPPPHPPPHHHPHPHHH
4654,HHPPPPPPPPHHHHPHHPPH
4655,HPHPHPPHHPHPHHPPHHHP
4656,PPPPPPHPHPHHHPHPPPHH
4657,PPHPPPHPPHPHPHHHPHPH
4658,HPHHHHHHHHPHHHHPHPPP
4659,HHPPPPHPPHPHHPHHHPHH
4660,PPPPHPHHPHHHHPPHHHPP
4661,PHHHHPPHPPPPPHPPHPPH
4662,PHHPHHPHHPPPPPPHPHHH
4663,PPPPHPHPPHPPPPPHPPPP
4664,HHHPHHPHPPPHHPPPPHHH
4665,PHHHHHPHHHPHPHHHHPPP
4666,HHPPPHPHHHPPHHPHPHPP
4667,HPPHHPPPPPPHPPPPHHPH
4668,PHHPHPHHHPHPHPHPHPPH
4669,HPPHPPHHPHPHPPPHHPHP
4670,HPHPPPPPPHHPPHHPPHHH
4671,HPPPHHHHPHPHHPPHHPHH
4672,HPHPHHPHHPHPPPHHPPHH
4673,HHHPPPPPHPPHHHHHHPHH
4674,PHHPPHPHPPPHHPHPHHPP
4675,HHHHHHHPHHHHHPPHHPHP
4676,HPPHHHPHPHHPPHPPHHPP
4677,HHHPPHHHPHPPPHPHHPPH
4678,PHPPHHPHHPHPPPHPPPPP
4679,PHPPPPHPHHPHHPHHPPPP
4680,PHHPHHPHPHHPPHHHPPHH
4681,PHHPPPHHHPHHHHHPHHPP
4682,HPHPPHPHHPPHHHPPHHHP
4683,PHPPHPHPHHPPHHPHPHHH
4684,PHPPHPHPHHHHPPPHPPPP
4685,HPPPHPHHPPHPHHHPPHHP
4686,HHPPPHPHPHHHPHPHPPPP
4687,HPHHPHHPHHPPHHHHHPHH
4688,HPPPHHHPHHPPPHPHHPPH
4689,PHHHPPHHPHHHHPPPPPPP
4690,HHPPHHPHPHPHHPHPPPHH
4691,PHPPPHHHHHPHHPHPPHPP
4692,PHPHHHHHHPPHPPPPHHPH
4693,PPPPPHHHPPPHHHHPHHHP
4694,PHHPPPPPPHHHHHPHPPHP
4695,HPHPPPPPHHHPPHPPHPPP
4696,PHPHHHPHPHPHPPPPPPPP
4697,PPHHHPPHPPPHHHHHPPHP
4698,PHHPHPPPPPHHHPPPPPPH
4699,HPHPPHPHPHHHHPHPHPPP
4700,PHHHPPHPPPHHHPHPHHHH
4701,HHPPHPHHHPHPHHHHPPHH
4702,PHHPHPPHHHHHPHHPPHHP
4703,HHPPPHPHHHPPHPPPPPHP
4704,HPHPPHHPPPHPPPHPHHHP
4705,HPHHHHPPHHPHHPHHHHPP
4706,PHPPHPHPPPPPPPHHPHHP
4707,PPPHPPHPPHPHPHPHHPPH
4708,HPHPHHPHPPPPHHHPPHHH
4709,PHHPHPPHPHPPHPPHHPHH
4710,PHPPHHPPHPPPHHHPHHPH
4711,HPHHHPHHHPPHHPPPHHPP
4712,PPHPHPHHHPPHPHPHPHHH
4713,PPPPHHPPPPHPHPPPHPHH
4714,PPHPPHHPPHHHPHPHPPHP
4715,PHPPHPHHHHPHHPPPPPHH
4716,HPHHPPHHPPPHPHHPPPPH
4717,HPPHPHHHPHHHHPPHHPHH
4718,PPHPHHPPPHHPHHPPPPHP
4719,PPHHHHPHPHHPHHHPPPHP
4720,HPPPHPPPPPPPPPPPHPPH
4721,HPHHPPHHHPHPHHPPPHHH
4722,PPPHPPHPHPPHHHPHHPPP
4723,PPPPHPPPPPHPHPHPHHPP
4724,PPPHHPPHHPPHHPPHHPPP
4725,HHHHPHPPPHPHPPHPPHPH
4726,PPHHPHHPPPPPHHPPHPHH
4727,HPHPHHPPHHHHHPPPHPPH
4728,HPPHHPHPPHHHPPHHPHHP
4729,PPHPHHPHPHHHHPHPPPHH
4730,PHHPHHPPPPHPPHHHHHPH
4731,PPHPPPHPPHHHPPPPHHPP
4732,HPHPPPPPPPHHHPHHPHPH
4733,PPPHHPHHHPPHPPPPPPHH
4734,PHPPPPPPPHPHPPHHHPHH
4735,PHPHPHHPPHHPHPPPPPHH
4736,HHPHPPPHHPHHPPHPHPPH
4737,HHHHPHHHPHPPPHPHHPPP
4738,HPHHHHHHPHHHPHHPHHPP
4739,HHHHHPHHPHHPHPPHHPHH
4740,PPHHHHPPHPHPPHPPPPPH
4741,HPHPPHHPHHHHHHPPPPHH
4742,PPHHPHHHHPPHPHPPHHPP
4743,HPPHPHPHHPPPPPPHPHPP
4744,PHHHHPPPHPPPHPPPHHPH
4745,HHHHHHPHHHHHPPHPPHPP
4746,PHPPHPPHPPPPHHHHPPPP
4747,PPPHPHPPHHPPHPHHPHHH
4748,PPHHHPPPPPPHPPHHHHHH
4749,PHPHPHHPHPHHPHPPHPPP
4750,PPHHPHHPPHHPPPHHHPPH
4751,PPHPPHHPPHHPHHPPHPPH
4752,PPPPPPHPHHPHPHHHHPPP
4753,PPHHHHPHHPPHPHPPPHPP
4754,HHPPPHPHPPHHHPPPPPPP
4755,HPHPHPHPPPHPPPHPHHPH
4756,HPPPHPHHPHHPHHPPHHPH
4757,HPHPPPHPPHPHPHPPHPPH
4758,HHHPPHHPHPPPHPHPPHPP
4759,PHPHPPPPPHHHPHHPHHPP
4760,PPHHPPPHPPPPPHHPHHHH
4761,PHHHPPPPPHPHPHPPPHPP
4762,HHHHHPHPHHPPHPPHPHPH
4763,PPPHHHPHHPHHPHHPPHHP
4764,HPPPHHPHPPPPPHPHPHHH
4765,PHHHHHHHHHHPPPPHPHHP
4766,PPHHHPHPPHHPHPPPHHPH
4767,PHPHHPHPHHHHHHHPPPHH
4768,HPHPHHHPHHHHHHPPPHPP
4769,HPPHPPHPPHPHPPHPPHHH
4770,PPPPHHPHHPPHPPPPHHHP
4771,PPHHPHPHPPHPPHPPHHPH
4772,PPHHPHPPHPHHHHHPHPHP
4773,PPHPHPPHHHHHPPHPHHPP
4774,HHPHHHPPHPPPPHPHHHHH
4775,PPPPPHPHPHPHPHPHPPPP
4776,HPHHPHHHHHPPHHHHHPHP
4777,HPPHPHPHHHHPPPHHPHHH
4778,PHPPPHHHPHPHHPHPPPPP
4779,HPHPPHHPPHPHPPHPPPPP
4780,PPPPHPPHHPPPPHPPHPPH
4781,HPPPHHHHPPPHPHHHPPHH
4782,HHPHHPPPHHHHHHHHHPHH
4783,PPPHPPHPPHPHPPHHHPHP
4784,HHPHPPHHPPHPHHPHPPHH
4785,PHHHPPPPPPHPPHPHHPHP
4786,PPHPPPPPHHHPPPPHHHPH
4787,HHPHPHPPPPHPHHPHHHHP
4788,PPHPPHPHHPPHHHHHPHPP
4789,PPHHPPPPPHHPHHHPHPPH
4790,PHPHHPPHPHHHHPHPHPPP
4791,HHPPHHPHPPPHPPPHHHPH
4792,PHPHHHPHHHHHHHPPHHHP
4793,PPPPPHPHPHHPHHHPPPPH
4794,PPPPPPHHPPHHPHPPPHPH
4795,HPHHHHPHHHPHPHPHPPPP
4796,HPHHPHHHPHPPHPPPHHHP
4797,HPHHPHHHPPPPPPHPPPHH
4798,PHHPPHHPHPHHPHHHPHPP
4799,HHHPPHPPPHPPPPPHPPPP
4800,PHPHHHHPPHPPHPPHPPPP
4801,PPHPPHPHPHHHHPPHPHHP
4802,HHPPHPHPHPPPHPPPPHPH
4803,PHHPHHHHHHHPHPPPPHHP
4804,PPHPHHHHHHHPHHPPPPHH
4805,HHHHPPHHPHPHPPHHPHHH
4806,PHHHPPHHPPPPPHHHHPPH
4807,HHHPPHPHHPPHPPPPPHHH
4808,HPHHPPPHPPHPPPHHHHPP
4809,PHHHHPHPPHHPHHPHPPPP
4810,HPHPPHHPHHPPPHHPPHPP
4811,PHHPHHHPHHHHHHHHHHPP
4812,HHHHHPHHHPPHHHHPPPPP
4813,PHHHPHHPPPHHPHPPHHPH
4814,HHHHHHHHHPPHHPHHHHHH
4815,HHPPHPHHHHHHHPPPPHHP
4816,PHHPHPHHHPPPPHHPHHHH
4817,PPPHHHPHHHHPPPHPHPPP
4818,PHHHHHHHHPHPPHPPPHHP
4819,PHPPPPPPHHPPPPHHHPHP
4820,PPPHPPHPPPPPHHHPHPHP
4821,HPPPHPPHPHHPHHHHHHPP
4822,PHHPPHHPPPHHPPHPHHPP
4823,HHPPPPPPPPPHHPHHHHPH
4824,PPHPPPHHHHHPHHHPHPPH
4825,HHPPPHHPPPHPPHHPHHHP
4826,PPHPHPPHHHPHPHHHPPHP
4827,PPPPHPHHPHPPHHHPHHHP
4828,HPHHPPPHPHHPPHPHHPPP
4829,HPPHHHPPHHPPHHPPPHHH
4830,PPHHPHPHHHPPPHHPPPPP
4831,PPPPPPPPPPPPHPPHHHHP
4832,HHHPHHHHHHPPPHHHHHPH
4833,PPPHHPPHPPHPPHPHHPHH
4834,PHPPHHHHPPHPPHPPPHPH
4835,HHPHPHHHHHPHPPHPPHPH
4836,PPPPPHPHPHHPPHPPPHPH
4837,HHHPHHHHHHHHPPHPHHPP
4838,HHHHHPHPPPHHHPPPHPHP
4839,HHPHHPHHPHPPPHPPHPHP
4840,PHPPPHPPHHPPHPPHPPHH
4841,HHPHPPHPPPPHHHHHPHHP
4842,PHHPPHPPHPHPHHPHHPPP
4843,HPHPPHHPPPHHHPPPPPPP
4844,PHPHPHPHPHHPHPPPPHPH
4845,PHHHPHPHPPPPHPHHPPHH
4846,PHPPHHPHPHPHHHHHHHPH
4847,PHPHPHHPHHPPPPPPHPHP
4848,PPHPHPPPHHPHHHHHPPPP
4849,PHHHHHHHHPHPPHHPHHHP
4850,PHHPPHPPHHHHHPHPPHPP
4851,PPPPPHPHPPPPHHPHHPPP
4852,HPPHPPPHPPPHPPHHHHPP
4853,PHHHHPHPHHPHHHPPHHPH
4854,HHHHPPHHHPPPPHHPPHHH
4855,PPHPHPPHPHHHHPPHHPHP
4856,HPPHHPPPPPPHPPPPHHHH
4857,PHPPPPHPPPPPPPHHHHHH
4858,PPPHPHPPPHPPPPPPPPHP
4859,HHPHHPPPPHHHPPHHPPPP
4860,PHHPPPHHHHHHHHHHHHHH
4861,HPHHPHHHHHHHPHHPPHPH
4862,PPPPPHHPHHPHHPPHPHPH
4863,HHPHHPPPHHPHPHHPHPPH
4864,PPPHPPPPHHPPHHPPHHPP
4865,PHPHHHHPHHPPHHHPHPPH
4866,PPPPPPPHPHPHPHHHPHPH
4867,PPPPHPHPHHHPPHHHPHPP
4868,HHPHPHPHPHHHHHHPHHHP
4869,HHPHPPPHHPPHHPPHPHHP
4870,PHHHHPPPPPPHHPPHHPHP
4871,HPHHHHHHHHHPHHPHPHHH
4872,PPPHPPHHPHPPHHPPPPPP
4873,HPHPPPHPHHPHHHHHPHHP
4874,PPPHPHPPHHHHHHPPHPHH
4875,HHPPPPPPPHPPHPHPHHPP
4876,PPPHHHHPHPPPHPHHPPPP
4877,PHPHPHHHPPPHPPHHHPHH
4878,PPPHHPHHHPPHHPHPHPPH
4879,HHPHHHPHHHHHHPHPHPPH
4880,PPHPHHPPPPHHPPPHHHHH
4881,HPHPHHPHHPPPHPPPPPHH
4882,HPPPPHPHPPPHHPHPPPHP
4883,PHPHHHHPPHHPPPPHPPHH
4884,PHHHPPPHHPPHHPPPHHHH
4885,PPPPPPPPHHPPHHHPPHPH
4886,HPHHHPHHHPHPPPHPHPHP
4887,PPHHPHPPHHHHPPPPPPHH
4888,PHPHHPHHHPHPHHPPPPPH
4889,PHHHPHPPPHPPHPPPPHHH
4890,HPHPPHHHPPPHPHHPPPPH
4891,PPHHHHHHPHHPPPPPPHPP
4892,HPPHHPPHHHPPHHHHHPPP
4893,HHPPHHPHHPHPPPPPHPPP
4894,PPHHPPPHHHPPPPPHPPHP
4895,HHPHPHPPHHHHHHPHPPHH
4896,HHPPHHPPHPHHHPHHHHHH
4897,PHPPHHHHPHHHHHHHHHPH
4898,HPHPPHHPHHHPHHHHHPPH
4899,PPPHPPHHPPHPHHPPHPHH
4900,HPPPPPHHPHHPHHPPHHPP
4901,PPHHHHPHHPPHPPPPPHPP
4902,HHHHPPPHPHPHHHHPHHHH
4903,HHHHHHPPHPHHHHHPPPPP
4904,HPPHPHHPHHHHHPHPPHPP
4905,PHPPHHHHHHPPHHPPPHHP
4906,HHPPHHHHHPPPPHHHHPPH
4907,HPHHHPHHHPHHPHPHPPHH
4908,PHHPPPPHPPPPHPPHPPHH
4909,HHHHPPPPPPPHHHPHPHPP
4910,HPHHPPHHPPHHPHHHHPPP
4911,HPPPPHPPHPPHPPHHPPHP
4912,HPHHPPHPPPHPPPPHHHPP
4913,PHPHPPPHPPHHPHHHHHHH
4914,HHPHPPHPHHHHHHPPPPHH
4915,HHHHPHPHPHPPPHPHHHHH
4916,HPHHHHHHHPHHHPHPHHPP
4917,HPPHHHPPHHHHHHHHHHPP
4918,HHPHPPPPHPHPPPHPHPPH
4919,HHPHPHHHHHHPPPPPHHPH
4920,PHPPHPPHHPHPPHHPPPHP
4921,HHHHHPHHPHHHPHPHHHHH
4922,HHPHPHPHHHPPPPPHHPHH
4923,PHPPPPHHHHPHHPHHHPPP
4924,HHHHHHHPPHHHHHPPHPPP
4925,HHPHHPPHPPPHHHHPPPHP
4926,PHHPPHHPPHHHPHPHHHHH
4927,PHHPPPHHHHPHPPHPPHPP
4928,PPHPHHPHPPPPPPHHPPPH
4929,PPPPPHHHPHHPHHPHPPPP
4930,HHPHHPHPHHPHHPHHPPPP
4931,PPHPPHPPPPPHPHHHPHPH
4932,HHHPHHPPPPPHPPHPPHPH
4933,HPPPPPHPHPHPHHHPHHHP
4934,HPPPHPHHPHHHHHPHPHPP
4935,PPPHHPHPPPPPHHPPPHHP
4936,HPHPHHHPPPPHHHHHHHHP
4937,PHPPPHHHPPPPPHHHHPPP
4938,PPPHHPPPHPHHPPPPHHPH
4939,HPHHPHHHPPHPPPPPHHPH
4940,HPHHPHHPPHHHPHPPHPPP
4941,PHPPHHHHPHPPPHHPPHHP
4942,PPHHPHPPPPPHPPHPPPPH
4943,HPHPPHHPHHPPHPHPPHPP
4944,HHHHPHPPHHHHHHPPPPHP
4945,HHHHPHPPPHPHPPPPPHPH
4946,PHHPHHHHPPPPHHHHHHPP
4947,PPHHHHHHPPPHPPHHHHPP
4948,HHPPPHHPPPPHHHPHPPHH
4949,HPPHPHPHPHPPHPHHPHHP
4950,HHPPPPPPHPPPHHPHPPPH
4951,PPPHPPHPHHPHPPHHPHPP
4952,PPPPHHPHHPPHPPPHHPPH
4953,HPPHPHHPPPHPHPHPPHHH
4954,HHHHPHPPHPHPHHHHHPPH
4955,HHPHPPHHHPHPHPPPHHHP
4956,HHPPPPHHPPHHPPHHHPHP
4957,HHPHHPPHPPHHPHPPHPHP
4958,HPPHHPPHPPPHPHHHPHPP
4959,HPHHPHPPHPPPHPPHHPPH
4960,HHPPHHHPPHHHPHHPHPHH
4961,PPPPPPPHPPHPHPHHPHHH
4962,HHPHHPPHHPHHHHPHPPPP
4963,HPPHPHHPHPPHPHPHHHHH
4964,PHHPPHHPHHHHHHPPHHPH
4965,PPPPPHHHPPHPHPPPHPPP
4966,PPHHPHHPPPHHPPPPHPHP
4967,HHPHHHHHHHHHHHHPHPHP
4968,PPPHPPPHHPHHHHPHPHHH
4969,PPHPPHHHHHPPPHHPPHHH
4970,HPHHPHPHHPHPPPHHPHHP
4971,HHPHPPHPHPHPHPPPHHHH
4972,PHHHPPHHPPHHHHHPPHHP
4973,HHHHHPPPPHPHHPHPHHHH
4974,HPPPPPHHHPHPHPPHHHPP
4975,PHHPPPHHPPPHPPHPHPHP
4976,PHHHPHPHHHHHPPHHPHHP
4977,HPHPPPHPPPPPPHPPHHHP
4978,HPPHHHPHHPPHPHPHPHHH
4979,HHPPHPPHHHPPHPPHHPHP
4980,PHHPHPHHPHPPHPHPPPHP
4981,HPHPHHHHHPHHPPPHPHHH
4982,HPPHPHHPHHHPPPPPPPHH
4983,HPPPHHHHHPPPHPHHHHHP
4984,PPHHPPPPHPPHHHHHHHPP
4985,PHPPPPPPHHHHPHHHPPHP
4986,HPPHHPPPPHPPPHHHPPPH
4987,HPHHHHHHPHHHHHPHPPPH
4988,HHHPHPHPPHHPHPPPPPPH
4989,PPHPPPHPPPPHPPPHHHPH
4990,HPPPPPPHHHHHHHPHHHPH
4991,HPPHHPHPHPPPPPPHHHPH
4992,HHHHPHPPPPPHHHPHHPPH
4993,PHPPPHPPHPHPHHHHHPPP
4994,PHPHHPHPPPPPHHHHPHHP
4995,PHHHPPPPHPPHPHPHPPHH
4996,HPPHHPPPHPPHHHPHPPPH
4997,HHHPPPHHPPHPPHHHPPPH
4998,HPHHPPPHHHHHPHHHHPPH
4999,HHPHPHPPPHHHHPPPHPPH
5000,PHPPHHHHHPPHHHHHPHHP
5001,HPPHHHPHHHHPPHPHPHPH
5002,PHHPHPHHPPHPPHPPHPPH
5003,PPPPHPPPPPPHPHPPPPPP
5004,HHHHHPPPHPPHPPHPPPPH
5005,HHHPPPPHHPHHPPPPHHPH
5006,PHHPHHPPPPPHPPHPHPHH
5007,HHPHHHPPPPPPHHHHPHHH
5008,HHPHPPHPHPHHHHHPPHHH
5009,HHHPPHPHHPPHHHHHHHPP
5010,HHHHPHHPPPPHPHPHPHPH
5011,HPHPPHHPPHPPPHHHPPPH
5012,HHPHPHPHPHHPPHHPHPPH
5013,PPPHPHHPHHHPPHPPHHPH
5014,PPPPHPHHPHPHPPPPPPHH
5015,HPHPPHPPPHHHHPPHHHHH
5016,HPHHPPPHHPHPPPHHPPPH
5017,HHHHPPHHPHHHPHPPPPHH
5018,PPHPHHPPPHPPHHPHPHHP
5019,PPPHPPPPHPPHPHHHPPHH
5020,HPPPPHHPPPHPPPHHPHPH
5021,HHHPHHHPPPHHPHHPPHPH
5022,HHHHPPPPPHPPHPPPHPPP
5023,PPPPHPHPPHPHHHPHPPHP
5024,PPHPPPHPPPPHPPPPPHPP
5025,HHHHHPHPPPHPPHPPPHHP
5026,HHPHHPHPHHPHPHHHHPHP
5027,PHHHPHPHHPHHHHHPPPPP
5028,HHHPHPHHPHHHHPHPPHPH
5029,HHHHHPPPPPHPPHPHPHHP
5030,PHPPPHPPPPPPHHPPPPHP
5031,HHPPHHHPPHPHPHHPPPPH
5032,HPPPPHPPPHPPPPPHPPPH
5033,HPHPPHHHPHHHHPHPPPHH
5034,PHPPHHHHHPPHPHHPPHPP
5035,HHPPHPHPHPPHPHPPPPHH
5036,PPPHPPPPPPPPPPHHHPHP
5037,HPPHPHHPHPHPHHHPPHHP
5038,PHHHPPPHPPHPHPPHPHPH
5039,PHHHPPPPPPPHPHHPHPHH
5040,HPPPHHPHPPPHHHPHPHPP
5041,HPPHHPPHPPHPPHPHPPPP
5042,HHHHHPHHPPPHHHHHHHPH
5043,PPPHHPHHPHPPPHHHHPHP
5044,PPHHHHPPPPHPHHHHPHPH
5045,PHPHHHHHHHHHPHPHHPPH
5046,PPPPHHHHPPPPHPPHPHHH
5047,HHHPPHHHPHHPPPHHHPHP
5048,HHPPHPHPPHPPHPHPPPPP
5049,PHPPPHHHHPHHHHHHPPHP
5050,PPHPPHHHPHPPPPPHPPHH
5051,PHHHHPPHHPPPPPPHHHHH
5052,PHPHHPHHHHPPHPPPPPPH
5053,PPHPPPHHPHPHPPPPPHHH
5054,PHHPHHPHPPPHHHHHPHHP
5055,HPHHPHPHHPPPPPHPPPHP
5056,HPHPHPHHPHHPHHHHPHHH
5057,PPHPHHPPHPPPPHHPPHPH
5058,HHHHHHPPPHPPPPHHHHPH
5059,PHHPPHPHPHHHPHHPPPPP
5060,PPHHPHPHPPHPPHHPPHHH
5061,PHHPPHHPHPPPPPPPHHHH
5062,HHPHHHPPHHPHHHHPHHPH
5063,PPHPHPPHPHPHPHHHPPPH
5064,PHHHHPHHHHPPHPHHHPPH
5065,HPPHHHHHHPPPHPHHPHHH
5066,PHPPPPHHHHHHPPPPPHPP
5067,HPPPHPPPPHPHHHHPPHPH
5068,HHHHHHPPPPHHHHPPHHHP
5069,PPPPHHPHPHHPPHHPHPHH
5070,PPHHPPHPHPHPHPPPPPHP
5071,HHPHHHPHPHHHHPHHHHPP
5072,HHHHHPPPHHHHHPHPHHHP
5073,HPHPPPPPPPPHHHHHPPPH
5074,HPPHHPHPPHHPPHHHPHHH
5075,HPPHHHPPHPPPHHPPPPHH
5076,HPPHPPHHHPPPPHHPPPHP
5077,HPHHHHHHHHPPHHHPHHPP
5078,HPPHPPPHHHPPPPHHPPHH
5079,HHHPHHPPPHHPHHPPHHPP
5080,HHPHHHPHHHPHPPPHPPPH
5081,PPPPHPPHPHPHHHHPPPPH
5082,PPHPPPHHHHHPHHHHPHPP
5083,HPPHHPHPPPHHHPPHPHHH
5084,PHHHPPHHHPPHPHHHHHPH
5085,HHPHPHPHHPHPPHHPPPPP
5086,HHHHHHHHPHHHHHPPHPHH
5087,HPPHPPHHPPHHPHHHHPHP
5088,HHPPPHHHPPPHPPHPHPHP
5089,PHHHHHPPPPPPPPPHHHHP
5090,HHPHPPPPPPHPPPPPHHPP
5091,PPPPHHPPPPPPHHHPHPHP
5092,HPPHPHPPPHHPPPPHHPHP
5093,HPPHHPPPPPPPPHPHHPPH
5094,PHHPHPPPHPHHPHHHHPPP
5095,PHHPHHHPPHPHPPPPPHHP
5096,PHHHHPPHHHPHHHPHHHHP
5097,PHHPPHHPPPHHHHHHHPHP
5098,PPHHHHHPHHHPHHPHPHHP
5099,PHPHPPPHHHHHHPHHHPHP
5100,PPHHHPHPHPPHPHPHHPHP
5101,HPHPHHPHPPHPPHPPHPPH
5102,PPHHHHPHHPPPHPHHPPHH
5103,PPPHHHHHHPHHHHPHPPHP
5104,PPPPPHPPPPHHPPPPHHPH
5105,HHHPHPHPHPPHPHPHHHHH
5106,HPHPHHPPHPPHHHHHPPPH
5107,PPPPHPHPPHPHHHHPPPPH
5108,HHHHHHHHPPHHPPPHPHHH
5109,PPHHPPHHPHPPHPHPHHHH
5110,HHPHPPHPHHPPHHHHPHPH
5111,PPHPPHHHPPPPPPPHPHPH
5112,HHHHPPPPPPHPPHHHPHPH
5113,PHHHHPHPHHPHHPPHHPHP
5114,PPPPHHHHPHPPHPPPPHPH
5115,HPPPHHHPHPHHHHPHHHHH
5116,HPHHHPPPHHHHPHPPPPPH
5117,HHHHHPHHHPPPHHHPHPHH
5118,PPPHHPHHHHPHHPPHPHPH
5119,HHHHPPPHPPPHPHHHHPHP
5120,HHHPHPHHHPPHPPHHHHHH
5121,HPPPHPHPHPHPPPHHHPPP
5122,PHHHPHHPHPHHHPHPPPHP
5123,HPPHHPPPPHHPHPHPHPPH
5124,PHHHPPPPPPPHPHHHPHHH
5125,PHPPHPPPPHHPPPHPHHHH
5126,PPPPPPHPHPPPPPHPHHHP
5127,PHHPPHPHHPPPHHHHPHHP
5128,PHHPHPHHHHPHPPHPHPHH
5129,HPHPPHPPPHHPPHPPPPPH
5130,PHHPPHPPHPPPHPHPHHHP
5131,PHHPHHPPPPHPPHHPPHPP
5132,PPPPHPHPPPPPHPPHHPHH
5133,HHPPPPPPHHPPPHHHHHPH
5134,HPPHHHHPPHHPPHHPHHPP
5135,PPHPPHHPHHHHHHHPPHPH
5136,PPPPHPPPHPHHPHPPPHHH
5137,HHPHHHHPPPPPPPHPPPHH
5138,PHHPHHHPPPPHHHPPHHPH
5139,HHPHHPHPPHHPPHPPHPPP
5140,HPPHHHPHHHHPHPHHPHPP
5141,PPHHPPHHHPPPHHPPPHPP
5142,PPPHHHPPPPPHPPHHHHPP
5143,PHHHPHPHPHPHHHHHPHHH
5144,HHHHHPPPPPHPPPPPHPPH
5145,PPPPHPPHHPPHPPPHPPHP
5146,PPHPHHHPHPPPHHHHHPHP
5147,HPHPHHPHHPPHPHHHPHPP
5148,HHPPPHHPHPHHHHPHHPHP
5149,HPPHHHPPPHHPPPPHPPHH
5150,HHPHPPHHHHHPPHPHPPHP
5151,PPPHHHPPHHPHHPHPHPPH
5152,HHHHPPHHHHHPPPHPHPHH
5153,HHPPHHHPHHHHPPPHPHPH
5154,PPPHPPPPHPHHPHPHPHHP
5155,HHPHHPPPHPHHHHPPHHHH
5156,PPHHPPPPHHPPHHHHPHHP
5157,HPHHHPHHHHPHHPPHPHHH
5158,HPPHHPPPPHHHPHPHHHHH
5159,HHPPPPPHPHHHPHPPHHHH
5160,HPPHPHHHHPHPPHHHHPHH
5161,HPPHPHPPHPPPPPHPPHHH
5162,PPPHPPHPHPPHHPHHPHPH
5163,PPHHHPHHPPHPHHHHHPPH
5164,HPHHHHPHPHHPHPPHHPHP
5165,PPPPPHHPHPHPHPPHHHPP
5166,PHPHHHPPPPHHPHHHPPHP
5167,PPHPHHPHPHPPPHPPHPHH
5168,PHPHPPHHPHPHPHHPPHPH
5169,HPPHHHHHHHHHPHHPHHHH
5170,PPPHPPHHHPPHHPPPHPPH
5171,PPPPHPHPPHPPHPPHPPPP
5172,HHHPHPPPPHHPPHHPHPPH
5173,HHHPHHHHPPPHHPPHPHPH
5174,HPHHPPHPHPPHPHPPHHPH
5175,PPHHPHPHPHHPPHPHHPPP
5176,HHPPPHHHPPPPHHPHPPHP
5177,PPHHHPHHHHPHHPHPHHPP
5178,HPPPPPHHPPPHPPPPHHPH
5179,PHHPPPPPHHHHPHPHPPPP
5180,PPPPPHHPPHPHPHHPHPHH
5181,HPPHHPPPPHHHPPHHHHHP
5182,HPHHHHPPPHPPHHPHPHPP
5183,PHPPPHPHPPPHHHPHPPPH
5184,HPPHHPPHHHHPHPPPHHPP
5185,PHPHHHPHHPPHHHHHHPHH
5186,HHHPPHHHPHHPHPPHHHPH
5187,PHHPHPHHHPPHPPHPHHPP
5188,HHHPPHPPHHPPPHHHPHPH
5189,HHPPPHHPHHHPPPPPPHHH
5190,PHHPPPPPPHHHHHHHHPPH
5191,HPHPHHPHHHHPPHPPPPHP
5192,PHPHHHPPPHHPHPHPHPHH
5193,PHHHPHPPHPPPPPHPPPHP
5194,HHHPPPHPHPHHHHHPPHHP
5195,PHPHPHPHPPHPPHHHHHHH
5196,PPPHPHPPHHHHHHHPHPHP
5197,PPHPPPHHPPPHHHPPHPPH
5198,HHHHPHPPHHPHHHHPHPPH
5199,HHPHPHPPPHHHPHPPPHHH
5200,PPPHHPPPPPPPHHPHHHPH
5201,HPPPPPHHHPPHHPPHHHPP
5202,PHPHPPHPPHPHPPHPPHPH
5203,PPPHHHPPHPPPPPHHHPPP
5204,PPPHHPHPPPPHHPHPHHHP
5205,PPHHHPHPHHHHPPPHHHPH
5206,HHHHPPHPPHPPHPPPPPPH
5207,HHHHPPHHPHPPPPPPPPPH
5208,PHPPHHPHHHPPPHPPPHPP
5209,HPHPPPPPPHHHPPHHPPPP
5210,HHHHHPPPPHPPPHHHHHPH
5211,PPPHPPHHHPHPPPHHPHHP
5212,PHHPHPHHHPPHPPHPHHHP
5213,PPPPPPPPPPPPPPPHPHHP
5214,PHHHHPHHPHHPHPPHHPPH
5215,HHPHPHHPPPPHHPPPPHPH
5216,PHHPHHPPPPHHHHPHPPPP
5217,PPPPPHHHPPHHHHPHHHPH
5218,PPPPHHPPHPPPPHHHPHPH
5219,PHPHPHHHHHPPHPHPPHPP
5220,PPPPHHPPHHHPPHPHPPHH
5221,HPHHHHHHPHHHHPPHHHPH
5222,PPHHPHPPHPPPHPPPHPHP
5223,HPPHHHPHHHPPHPPHHPPH
5224,HHHHPPPPPHPHHPPHHPHH
5225,PPHHPHHPHHHHPPPPHHHP
5226,HHHPHHPPPPPHHPPPHPHP
5227,HHHHHPHHHHHHHHHHPPPP
5228,PPHPPHPPPHPHHPPPHPPH
5229,HHHPPPPHHPHPHPHHHPHP
5230,PHPHPHHHHPHHHPHPPPHH
5231,HHPHPHPHHHHHPPHHHPHH
5232,PHHHHHPPPPHHPPPHHHHP
5233,HPHHHPHPPPPHPHHHHHHH
5234,PPHPHHPHPPPPHPHHPPPH
5235,PHHPHHHPHHPHHPPHPPPH
5236,HHHPHHHHHHHPHPHPHPPP
5237,HHHHPPPHHHPHHHPPPHHH
5238,PPPPPPHHHPHHPHHHPHHP
5239,HHPPHPHHHHPHPPHHPHPP
5240,PPPHHPPPPPPHHPHPHPHH
5241,HPPPPHPPHHHPPHHHPPHP
5242,HHPPPPHHPHHPPHHPHPPH
5243,HHPHPHPPHHPPPHHPPPPP
5244,HPHPPHPPPHHHPHHPPHPH
5245,HPPHPHHPHPPHPHHPPHHH
5246,PHPHPPHHPPHHPPPHHHPP
5247,HHHPHHHPHPPHPHPPPPHH
5248,HPHPPPPPPHPHPHPPHHPH
5249,PHHHHPHHHHPHPHHPHPPP
5250,PHPPPHHHHPPHPHHHHHPH
5251,PPHHHPHHPHPPHPHPPPPP
5252,PHPHPHHHHPPHPHHPPHHH
5253,HPPHHPPPHHPHPPPPHHHP
5254,HPHPPPPPPPHPHPPPPPHP
5255,HHPPPPPHPPHPPHHPHHPP
5256,PPPHHPPPPHPPHHPPPPPP
5257,PHHHPHHPPPPPHPHHHPHP
5258,HHHHHHPPPHPHHHHHHHHH
5259,PHPHHHPPPPPHHHHPPHHP
5260,HPPHHHHHHHPHPHHPPPHP
5261,HPPHHPPPPHPPPHPPHHPH
5262,HHPHHHPHPHHPHPPPHHPP
5263,PHHHHPHPPPPPHPPHHPPH
5264,PPPHHHPHPPHPPPPHHHHP
5265,PPPHPPHHHPPHPHHPPPHP
5266,HPHPHPPHPHHHHHPHPHPH
5267,HPPPPHPPPHPHPPHPHHPH
5268,HHHPPHHHHHPPPPPHPPPP
5269,PHPPHPPPHHPHHHHHHHPH
5270,PPHHPPPHPHHPPPHHPHPH
5271,HHPPPHHHHHHPHPHHHPHH
5272,HPPPHHPHHPHPHHPPHHPH
5273,HPHHHPPPPHPPPPPHHPPH
5274,PHHHHPHHHPHHPPPPPPPH
5275,PHHHPHPPPHPHPPPHHPHH
5276,PHPHPHHHHHHPPPHHHHHP
5277,PHPHPPPHPPPPHHPPHPHH
5278,PHPPHPPPHPPHHPPPPPHH
5279,HHPHPPPPPHHPPHHHPPPH
5280,PHHHPPHPPPHPPPHHPPPH
5281,HHPPHHHPPPPHPHHPHPPH
5282,HHHHHHHPHPHPHPPPHHHH
5283,HHHHHPHPPPPPHPHPPPPP
5284,HHHPHPHHPPPHPHHPPHHP
5285,HPPHHPPPHHPHHPPPHPHP
5286,PHHHPHPHHHPPHPPPPPPP
5287,PPHHPPHPPHPPHPHPHHHP
5288,HHPPPPHHPPPHPPHPPHHH
5289,HHPPHPHHHPHHHPPHHPHH
5290,HHPPHHPHPPPPPPHHHHPH
5291,HPPPHPHPHPPPHHHPPPHP
5292,HPHPHHHHPPHPPPPPHHHH
5293,PPHHPHPHPPHHHPHHHHPP
5294,HPHHPHPPHHHPHPHPPPPP
5295,HHPPPPPPHPHHHHHPPPPH
5296,PPHHPHHHHHPHPHHHHHHP
5297,PHPHHHPPPPPPHHHPHPHH
5298,HPPHHHPPPPHHHHHPPHHH
5299,HHPPPPPHHHHPPPPHPPPH
5300,PPPPPHHHHHHHHPPPHPHP
5301,HPHPPHHHHPHHPHPHPHHP
5302,HHPHPPHPPPHHHHPPPHHP
5303,HHHPHPHPPPPHHPHPHHHP
5304,PPPPPPHPPPPHPPHPHPPP
5305,HHHPPPHPHHHPHHHPHHPP
5306,PPPPPPHHHHHHPPHPHPHH
5307,PHHPPHPPHHPPHPPPPHPP
5308,PPPPPPHPHHPHHHHPHHPH
5309,HPPPHPHHPHPPPPHPHHHH
5310,HPPPHHHHPPPHHHPHPHHP
5311,HHHPHPHHHHHHHHHPPHHP
5312,HHHPPPPPHHHHHHHHPPHH
5313,PHPPHPHPHHPPHHHPHHHP
5314,HPHPPPPPPPHHPHHHHPPP
5315,HHPPPPPPHPHPHHHPHPPH
5316,PHPPHPPPHHPHHPPPHPHH
5317,PPHPPHHHHPHHPPPHHHHH
5318,HHHHHHHHPPHPHHPPPHHH
5319,HHHHHHPHHHPPPHPPPHPP
5320,HPHPHHHHPHPHHPHHPPHP
5321,HHHPPPPPHHPPHPHPPHPH
5322,HPHPHHHPPPHHPPHPHPHP
5323,PPHPPPHHPPPHHHHHPHPH
5324,HPHPPHPHPHPHPHHPPHPH
5325,PHHHPPHHHHPPHPHHPPPP
5326,HPHPPHHPPHHHHHPHHPHH
5327,PHPPPPHPHPPHPHHPHPHH
5328,PHPPPHHPHHHPPHPPPPHH
5329,PHPPPHPPPPHPHPHPHHPP
5330,PHHPHPHHHPPHHPHHHHPP
5331,HHHHPHHPHHHHHPPPHPHH
5332,PHHHHPHHHPPHHHPPHPPH
5333,HPHPPPHPPHPHHHHPPPPH
5334,PHHHHHPHPPPHPPHHHPHH
5335,PHHPPPPPPPHHHPPHPHPH
5336,PPHHHHPHHPHHHHPPPPPH
5337,PPHPHHPPHHPPHHPHHHPH
5338,PHPPPPPHPPPPPPPPPHHP
5339,HPPPHPPHPPPHHHPHPPPP
5340,HPPHHHHHPPPPPPPPPHPH
5341,HPPPHHPPHHHHPPHHPHPH
5342,HHHPHHPHHHPHPPHPPHPP
5343,PPHPHHHPPPPHPPPPHHPH
5344,PHPPHHPHPHHHHPPHPHHH
5345,HPPHHPHPHPPPHPPPHPHP
5346,HPPPPPPHHHHHHHPPHPHH
5347,PHPHHHHHHHHHHPPPHPHH
5348,PPPPHHHPHPHPHPPHHPHP
5349,PHPHHHHHPPPHHHHHHHHH
5350,PPHPPHHPHPPPPHHHPPPH
5351,HHPPPHPHPHPPPHPPHHPH
5352,PPHHHHHHPPPHPHHHPPPH
5353,PHPHHPPHHPHHPPHPHPHH
5354,PPPHHPPHHPHPPHHPHHHH
5355,HPHHPHPPHPPHHPHPPHPH
5356,PHHHHPHPPPHHPPPPHPPH
5357,HPPPPHHPPHHHHPHPHHHH
5358,HPPPPHHPHHHPHPPPHPHP
5359,PPPPPHPHHHHHPHHHPPPP
5360,HHPHHHHHHHHHPHPHPHHP
5361,PPPPPHPHHHPHHHPPPPPP
5362,HHHHHHHHHPPHPHPPPPPH
5363,HHPPPHHHPHHHHPPHHHPP
5364,PPPPHPHHHPHHHHPHHPPP
5365,PHHHHHHHPPPPPHPHPPHH
5366,HHHPPHPHHPPPPPHHPPPP
5367,HPPPHPHHHPHPHPHPHHHP
5368,HPHPHHHHHHPPHPHHPHHP
5369,PPHHPHHHPPHPHHPPHPPH
5370,HHPPPPPPHPPHPPPHHHPH
5371,PPHPPHPPHPPPPPHHHPPH
5372,PHPPHHPPHHHPHHHPPPPP
5373,PPPHPPPHPPPHPHPPPHPP
5374,PHHHHHPHHPPPHHHPHHHH
5375,PHHPHPHPHHHPPHPPHPPP
5376,PPPPHHHPPPHPPPPHHHPH
5377,HHHPHHPHHPHPPPPHHPPP
5378,PHPPPPPHHPHHHHHPHPPH
5379,HPPPHHPHHHHHHPHHPHHP
5380,HHPPPPHPPHPHPHHPHPPP
5381,HPHHPPHPHHPHPHHPPPPP
5382,HHHPHPHHHPHHHHHHPHHP
5383,PPPHPPHHPHPPHPHHHHHH
5384,PHPPHPHPHPPHPHHHPPHP
5385,HHPHPHHPPHPHPHHHHPPP
5386,PPHPPHPHPPPPHPPPPPPH
5387,HPPPHPPPPHPHPPHHHHPH
5388,PHPPHHPHHPPHHHHHHHPP
5389,PPHPPHPHPHPHHPPPHHHH
5390,PHHHPHHPPPHPPHPHHPPH
5391,HPPHHHPPHHHPPPPHPPPH
5392,PPHHPHPHHHPPPHHPPHPH
5393,HHPHPHPHPPPPHHPPPHPH
5394,HPPHPPPHHPHPHPPHPHPP
5395,PHPPPPHHPPHPPPHHHPHP
5396,PHPHHPPHHPHHPPPPPHPH
5397,PHPHPPHHPHPHHPPPPHPP
5398,PPPPPHHHHHHPHHPPHPHH
5399,PPPHPPHHPHPHPHPPHPPH
5400,HPPPHHPHPHHHHPPHPPHP
5401,PPHPPPHHPHPHPHPPPPHH
5402,PHPHHHPHHPPPHHPPHHHH
5403,PHPHHPPHHPHHPHPPHPPP
5404,PHPPPPPHPPPPPPHHHHHP
5405,PHHPHHPPPPHHHHPHHHPH
5406,PHHHHPHPHPPPHPPPPPHH
5407,PPHPHPHHPPPHHPHPHPHH
5408,PPHHPPHHPHPPPPPPHPHP
5409,HPHHPPPHPHPHPPPHHPHH
5410,HPPHHHPHHHHHPHPHHHPP
5411,PPHHHHPHHHPPHPPHPPPP
5412,HPPPHHPPHHHPHHPHHPHH
5413,HPPHPPHPPPPHHPHPPHPH
5414,PPPHPPPPHPPPPHPHPPPP
5415,PHPHHHPHHHHPHPPPPHHH
5416,PPPHPPPPHPPPPPHHPPPP
5417,PPPPHHHPHHHPPHPHHPPH
5418,HPHPHHHHHHPHHHHHHPHH
5419,PHPPHPPPHHHPHHPPHPPH
5420,PHHHHPPHHHHPPHPHHHHP
5421,HPHPPHHPPHPPPHHPHHPP
5422,HHPPPPHPPPPPHHPHHPHH
5423,PPPHHPPHHHHPPPPHHPHP
5424,HHPHPHHPHHPHPHHPHPHP
5425,PPHHHHPPPHPHHHHHHPPH
5426,HHHPPHHPHHHPHPPHHPPP
5427,HPHPPHPPPPHHHHPHHPPP
5428,PHPPHHPHPPPHPHHHHPHP
5429,PPPPPHPHPPHPHPHPPPHH
5430,HHHPHHHHPPHPPPPHPHPP
5431,HHPHPPHPHPHPHPPPHPHH
5432,PPHPPHHPHHHPHPPHHHPH
5433,HPPPPHPHPPPPPPHHPPPH
5434,HPPHPHPPPPHPHHPPPPPP
5435,HHHPHPPHPHHPHPPPHHHH
5436,PPHPPPHPPHPPHPHPPPPP
5437,PHHHHPHHHHPHPHPPPPPP
5438,HHPHPPPHPHHHHHPHHPPP
5439,HPHPHHPHPPHHHPPHHHHP
5440,HPPHHHHHPPHPHHPHHHPH
5441,HHPHHPHHPHPHPPHPHPHP
5442,HHHHPPHPHPPHPPHPPHHH
5443,HPPHHPPPHPHHHPPPPPHP
5444,PPHPHPHPHPHPPHHHPPPH
5445,HPPPPPPPPHPPHHPPPHPH
5446,HPPPHHHHPHHPHHHHHPHH
5447,HHPPPPHHPHPPPHHHHHPH
5448,PHPPPPPPHHPHHPPHHHHP
5449,HPPHHHHHHPHHHPPHPHHP
5450,HHHHHPHHHHPHPHHHPPHH
5451,HHPHPHPPHHHHPPPHHPHH
5452,PHHHPHHPPPPPHPPHPHPH
5453,PHHPPHHPHHPHPHHHHHHH
5454,HPHPPHHHPPHHHPPPHPPH
5455,HPPHPPPHPPPPPPPPPHHP
5456,PHHHPHHPPPPPHPHPPHPP
5457,PPPHPPPPHHPHHPPHHPHP
5458,PHPHPPHHPHHHPPPPHHHP
5459,PHPHPPHPPPPHHHHPHPHH
5460,PHPHHHHHPPHPHPHPPPPH
5461,PPHHHHHPPHHHPPHPPHHP
5462,HHPPPPPHHPHHHPHHHPHH
5463,HHHPPHHPHPPHPPPHPPHH
5464,PHPPPHPHPHPPPHHPPPHP
5465,PPHHHHHHPHHHPPHHHHPP
5466,PHHHHHPHPPHHHHPPPHHH
5467,HHPHPPPPPHPPHPPHPPPP
5468,HPPHHPHHHPHHPHHPPPHP
5469,PPPHPPHPHHHPPPHHHHPH
5470,HPPHHPHHPHPPHHPHHHPH
5471,PHPPPHPHHPPHHPPPHPPH
5472,PHPPHHPHPHHHPPPPHPHP
5473,PHHPHHPHPPHPHPPPPPPP
5474,HPPPPHHHPHPHPHHPPPHH
5475,HHPHPPHHHPHPPHPHPPPH
5476,PHHPHPPHPPPHHHHPHHHH
5477,PPPHHPHPPPPHHPPHHPHH
5478,HHPHHHHHHPPHHPPHPHHP
5479,HHPPHPHHHHPPHPPPPHPH
5480,PPHPPHHPHPPHHHPHPHPP
5481,HHHHPHHPPPPPHHPPHHPH
5482,HPHPHHHPPPPHHPHHHPPP
5483,HPPPPPPHPPHHHHHPHPPH
5484,PHHHPHPPHHPHHPHPPPPH
5485,PHPHHPPHHHPPHHPHPPHP
5486,PHHHHPPPPPPHPPHPPPHP
5487,HHPHHPHPPPHHHHHHHHPH
5488,PHPPHHHPPPHHHHPHPHPH
5489,PPHPPHHPHHHHHPHPPHHP
5490,PPHHPPHHHPPHPPHHHHPP
5491,HHPHHHHPHHHPPPPPHPPP
5492,HHPHHPPPHPHPHHPHPHHH
5493,HHPPPHHPHPPPPPPHPPHH
5494,HPHHPHHHHHPHHPHHPPHP
5495,PHHHPPHPPHHPHHHHPHHH
5496,HHHHPPHPPPPPPHHHHHPH
5497,PHPPPPHHPPPHHHHHPHPP
5498,PHHPPPHHHPHHHPHPPPPH
5499,PHPPHHPHHHHPPHHHHPPH
5500,PPHPHHPHHPPHPPPHPHPH
5501,PHHPPHPPHHPPPHPHHHPH
5502,PPPHHPHHPPHPPHPPHPHP
5503,HPHPPHHPPHPHHPHPHHHH
5504,PHHPHHPHPHHHHPPPPHPH
5505,PHHHHHPHHPHHHHHPHHHP
5506,HPPPPHHHPPHHPHPHHHPP
5507,PHHHPHHHPPPHHHHPPPHH
5508,PHPPPHHPPHHPPPPHPHHP
5509,PPPHHPPHHPHPPHPHHPPP
5510,PHHHPHHPPHHPPPPHPHPH
5511,HPPPHPPPHPPPHPPHPPPH
5512,HPPPHPPPHHPHHHPPPHPP
5513,HHPPPPPPPPHHPPHPPHPH
5514,HHPHHHPHPHHPPPHPHPHH
5515,HPPHPPHPPHPHPPPPHHHP
5516,PPPPPPHPPHPPPHHPPHPH
5517,HPHHPPHPPPPPHHPHHPPH
5518,PHPPPHPHHPPPHHHPPHHP
5519,HHPHHPHHPHHHHPHPPPHH
5520,HHPPPPHHHPHPHHPHPPHP
5521,PPPHHHPPPPHPHPHHHPHP
5522,HPHHHPHPHHPPHHHHPHPP
5523,PHPHPHHHHPHPHHPHHPPH
5524,PHHHPHPHHHHHHHPHHHHP
5525,HHHPHPPHHPHHHPHHPPPP
5526,HPHPHPHPPPPPHHPPHHPH
5527,PHHHHPPHHPPHPHHHPPHH
5528,HHPPPPHHPHPPHHHHHPHH
5529,HPHPHHHHHHPHHPPPPPHH
5530,HHPPPHPPPPPPPPPPHHHP
5531,PHHPHHHHHHHPHHHPPHPH
5532,PHHPPPPPHHHPHHPPHPPH
5533,HHPPHHPPHPPHHPPPHPHP
5534,HPHPHHPHPPPPPPPPPHPP
5535,HHPPPHPHPHPPHHPHHHPH
5536,HPHHPPPPPHHHHPHPHPPP
5537,HHPHHHPHHHPHHHPHHPHH
5538,HPHHPPPHPHHPHHPPPHHP
5539,PHHPHPHHPPPPPHHPPHPH
5540,HHHHPHHPPHHHPHHPHPPH
5541,PPHPPPHPPHHPPPHHPPHP
5542,HHHPHPPHPPHHPPHHPPHP
5543,HPPHPHHPHHHHPHHHHPPP
5544,PPHHHPHHPPPPPHHHPHHH
5545,HHPHPHHPPPHHPHHHPHPH
5546,HPHPPPHPPPPHPHPHPPHH
5547,HHHPPHHHHHPHPPHPPPHP
5548,HHHPPHPPPHPHPHHHPPHP
5549,PHHHPHPHHHPHHPPPHPPP
5550,PHHHPPPHHHHHPPHHPHPP
5551,PPPHPHHHHHPHHHHPHHHH
5552,PPPHHPPPPHHPHPHPHPHH
5553,HHPPPHPHHHHPPPHHHHPH
5554,PHHPPPHPHHPHPHPHPHPP
5555,PHPHPHPHPHHHPPHPPPHH
5556,HPPHPHHPHHPPPHHHHPHH
5557,HPHPPHPPHHHHPHPHPHHP
5558,HHPHHPPPPPHHPPHPHPPH
5559,HPHHHPPPHHPPHHHPHHHH
5560,HPPPHHPHPHHPHHPPPPPH
5561,HPPPHHHPHPPHHHHPHHPP
5562,HHPHHPPHPHHHHHHHPPPH
5563,PHPPHHHPPPHHHHPPHHPP
5564,PPHHHPHHHPHHHHPPPHPP
5565,HPHHPPPPPPHPPPHHPPHP
5566,PPHPHPPHPHPPPHHHHPHP
5567,HPPPPPPPHPHHHHHHPPHH
5568,PPHHHPPPPHPPHPHPHPHH
5569,PPHHPHHHHHHPHHPPHPPP
5570,HPPHHHHPPHPPPHHPHHPP
5571,PPPHHPPPPPPHHHPPHPPP
5572,PHPPHHPPHHPPHPHHPHHH
5573,HPHHPPPHHPPPPHPHPHPH
5574,HHPHHPHPHHPPHPPPHHHH
5575,PPHHPHHHPPHHHHPHHPPP
5576,PPHHPPHPHPHHHHPHPPHP
5577,HPPPPHPPPPPHPHHPPHHH
5578,PPHHPHPHPHPPHHHPPHPP
5579,PPPHPHHPHHHHPHHPHPHH
5580,PHHPHPPHHPPPHHHHPPHH
5581,PPPPHPPHPHHHPHPHPPPP
5582,HPPHHPPPPPPHHHHHPPPP
5583,HPHPPHPHPPHPHPPHPPHH
5584,PHPHPPHHPHHPHPPPHPHH
5585,PPPPPHHHPHHHPPHHPHHP
5586,HPPHHHHHPPHPPPPHHHPP
5587,HHHPHHHHPHHHPPHPPHHP
5588,PPPHPHPHPHPHHPPHHHHH
5589,HPPHHHPHHHHPPHHHPPPH
5590,HPHHHHHPPHPHHHPHHPPP
5591,HHHPHHHPPPHHPPHPHHHH
5592,PPHHPHHHHHHHHPHHHHHH
5593,HHPHPPPPHPPHHPHPHPHH
5594,HPHPPHHPPPHPPHHPPHHP
5595,HHHPPHPHHPPHPHHPPHPP
5596,HHPPPHHHPPPHPPHPPHHP
5597,PHHPPPPPHHPHPHHPHPHH
5598,PPHPHHPPPPHPHPPPPPHH
5599,PPHPPPHHHPHHPHHPHHHH
5600,PPPHPHHPHHHPPHHPHPHH
5601,PHHPHHHHHPHHHHHHPPPH
5602,HHHPPHPHPHPPHPHPHPHP
5603,HHPPPHPHPPHPPPHHHHPP
5604,HPPHHPHHPPPHHPHPPPHP
5605,HHHHHHPHPHHHHHHPPPHH
5606,PHHHHHHHPPHHHPPHHPPH
5607,HHPHHHHHHPPHPPHHHPPH
5608,PPHPPHPPHHPHHHHPHPPH
5609,HHPHPPPPHHPHHPHHHHHH
5610,PHPPPHPHPHPHHPHHPPPH
5611,PPPPPPPPPHPPHPHHPPHP
5612,PPPHHHPPHHHHPPHHHHPH
5613,HHPHPPPPPHHHPHHPPHHP
5614,PPPPHPPHHHHPPPHHPHPP
5615,HPHHPPHHHPHPHHHPPHHP
5616,HHPHPPPHHHHPPHPPHHPH
5617,HHHPHPHHPHHHHHPPPHHH
5618,PHHPPPPHHPPPHPPPPPPH
5619,HPPPHHPHPPPPPHPHPHPP
5620,PPPPHPHHPPHPPPPPPHPP
5621,PHHPHHHHPPPPPPHPPHHP
5622,HHHPHHPHHPPPPHHHPPPH
5623,HHPHHHHHHHPHPPHHPPPH
5624,PPPPPPHPHHHHHHHPHPPH
5625,HPPPPHPHPHHPPHHPPPPH
5626,PHPPPHPHHPHPPHHHPPHH
5627,HHHPPHPHHHPHHPPHHPPP
5628,HHHHPHPHPHHHHHHHHHPH
5629,HHHPPHPHPPHPHPHPPPHH
5630,PHPHPPHHPPPHHPPPPHPH
5631,HPPPHPPHPPHPHHPPHPHP
5632,PHPPPPPHHPPHPHPPPPPH
5633,PHHPHHPHHHHPHHPHHPPH
5634,HPPPHPPPHHPPPPHHPPPP
5635,HHHHHPPHHHPPPPHHPPPH
5636,PPPHPHPPHHPHPHHPPHPP
5637,HPPPPHHHHHHPHPPPPPHH
5638,HHHPPPHHPHPHPHHPPHPP
5639,PPPHHPHPHHHHPPHHHHHP
5640,PHPPPPHHPPHHPHPPPPHP
5641,PHHPPPPHHPPHPPHHHPPP
5642,HPPPHHHPHHPHHPHPPHPH
5643,HHHPPPHPHHPPPPHPHHHH
5644,HPPPPHPPPPPPPHPHHPPH
5645,HHPPHHPPPPHHPPPHHPPH
5646,PPHPPHHHPHPHPPPPPPHP
5647,HHPHHPHPHHPPHPHPHPHH
5648,PPPHHHPPHHPHHHHHPPPH
5649,HHHHHHHPHPPHPHPHHPPP
5650,HHHHHPPHPHPHPHHPPPPH
5651,PPHPHHHPHHHHPPHHHPPP
5652,HPHHPPHPHHHPHHPHHHHP
5653,HPHPHHHHHPPHHPPPPPHH
5654,HPPHPHPPHPPHHPPHHHHP
5655,HHPPPHHHHPHPHHHPPHHP
5656,HHHPPHHHHHPPHHHPPHPP
5657,PPHHHPHHPHHPPHPPPHPH
5658,HPPHPPPPPHPPPPPPPHPP
5659,HPPPHHHPPHPHHPHHHPPH
5660,HPPHPPPPPPPPPPPPHHHH
5661,HPPHHPHHHPHPHPHHHHPP
5662,HHHPHPPPPPPPHPHPPPHH
5663,HHPPHPHPPHHPPHPHHHHH
5664,PHPPPPPPHHPHHHHPPHHH
5665,PHPHHPHHPPHHHHHHPHHH
5666,HPPHHHPHPHPPPPPPPPHH
5667,HHHPHHPPPPPHPHHHHPPP
5668,PHPHHHHHHHHHPPHHHPPP
5669,PPHHHHHPPHHPHPHPPPPP
5670,HHPPPHHPPHHHPPHHPHHP
5671,PHHHPHHHPHPPPHHHHHPH
5672,HPHHPHPPPPHPHHHPPPHH
5673,PHHPHPPHPHPHHHPPHPPH
5674,PPHHHHHHPHPHHHHHHHHH
5675,PPHPHPHPPPPPPHHHHHPH
5676,PHHHPHHHHHHPHPPPPPHP
5677,HHPHHPHPHHPHHPPHPPHH
5678,PPPPHHHHPHHHHPHHHPPH
5679,PHHHHHHHPHPHHPPPHHHH
5680,HPHPHHPPPHHHHHPPHHPP
5681,HHPHPPPHPHPPPHPPPHPP
5682,PHHPPHPHPPPHPHHHPHHH
5683,PHPHHHPPPPPHPHPHHHHP
5684,HPPHHHHHPPPPPPHPPPHP
5685,HPHPPPPPPPPPPHHPHHHP
5686,PPHHPHHHPHHHPHHHHHPP
5687,PPHHPPPPHPHHPPHPHHPP
5688,HHHHHHPHHHHHHHHPHPPP
5689,PHHHPPPHHHHPPPPPHHPH
5690,HPHHPPPHHPPHHHPPHHPP
5691,HPHPPPHHHHPPHHHPPHPH
5692,HPHHHPHPPHHHPHPHPPHH
5693,HHPHHPPHHHHPPHHPPHPP
5694,HPPHHPPHPPHHHHHHHHPH
5695,PHHHPPHPPHHHPHHPHHHH
5696,HHPHPHHHPPHHPPHHHHPH
5697,PPHHPHPHPHHHPPPHHHHP
5698,HPPHPHHHPPPPHHPPHPHH
5699,PHHHHHHHHPHPHPPHPHPP
5700,HHPPHPPHPPHHHHPHHHHP
5701,HPHHPPPPPPPPPPHHHPPH
5702,PPHPPPPHPPPHHPHHPHPH
5703,HHPHPPHHPPPPPPHPHHPH
5704,PPPHPPPPPPPPPPHPHPHP
5705,HHPHHPHPPHPHPPPPPPHP
5706,PHPPHPPPPHPPHPHHPHHH
5707,PHHHPPHPHPPPPPPPPHPH
5708,PPPHPPPPPPHPHPPHPPHP
5709,HHPPPHHHPHPHPPHPPPHP
5710,PPHPHHPPPPHPPHPPPPHP
5711,HPPPHPHPPPHPPHHPHPHP
5712,HHHHHPHPHHPHHHHPHHHH
5713,PPHHHPPPPPPPHPHHPPPH
5714,HPHPPHPPHPPHHHPHPHPP
5715,PHHHHPHHPHHPPHHPPPHH
5716,PHPHPHHPPHPHHPPPPHPP
5717,PHHPPHPPPHPHPPHPHPHP
5718,HPPHHPPHHHPPPPHHHHHP
5719,HHPHPPHPHPHHHHPPHPPH
5720,PPPHHHHHPPHPHHPHHHHP
5721,HPPHHHPPHPPPPPPPPHPP
5722,HPHHPPHPHPHHHHPPHPPH
5723,HHPPPPPHHHPPPHHHHHPP
5724,HHPHHPPHPPPPPPHHPHPH
5725,HHHPHHHPHPPHPPPHPPHH
5726,HPHHPHHHHHPPPPHPHHPH
5727,HHPPHPPPHHHHPPHPHHHH
5728,PPPPPPPPHPPPPPPHPPPH
5729,HPHPPPPPHHHPHPPHPHPH
5730,PPPHPPHPHPPPHHHHPPHH
5731,HPPHHPPHPPPHPPHPPHHP
5732,PHPHHHHHPPPHHHPPHHHP
5733,PPPHPHHPPHPPPHPHHPPP
5734,HHHHHHHHHHHPHHPHPPHH
5735,PHHHPPPHPPPHHHPHHPHP
5736,HHHPHPHHPHHPHPPHHHPP
5737,HHPHPPHPPHHPPHHHHHHH
5738,PPPHHPHHHPPPHPPPHHPH
5739,PHPHHHPPHHHPHPPPHPPH
5740,PHHHPHHHPHHPHPPHHPPP
5741,PHPPHPPPHHHHPHHHPPPH
5742,PPPPHPHHPPHPHHPHPPPP
5743,HHPHPPPPHPPPHHPPPHPP
5744,HHPHHPHPPPHPHPHPHPHP
5745,PPHHHPPHHPHPHHPPHHPH
5746,HPHPHPHHPHHHHPPPHHHP
5747,HPPHPHPHHHPHPPHHPHPH
5748,HHPHPHHPPHHHPPHHHHPP
5749,PPPHPPPPPHPPPPHHPHPP
5750,HPHPHHHHPPHPHPPPPPHP
5751,HPHPPHHPHHHHHHHPPHHP
5752,HHHHHPPPHPHPHPPHPPPH
5753,HPHHPHPHHHPHPHPHHPHH
5754,HHHHPPHPPHPHPPPPPHPH
5755,PPHPHHHPHPPHPHPPHPPP
5756,HHHHPHPPPPPPPHPHPHHH
5757,HHHHPHPPHPPPPHHHPHPH
5758,PHPHHPHPHHPPHHPPPHPH
5759,PHHHPHHHHPHPHHPPPHPH
5760,PPPPHPPPPPPPHHPPPHHH
5761,PHHHHPPPPHPPHPHPHHPP
5762,PHPHPPHHPHHPHHPHPPPH
5763,PPHPHPPPPPPPHHPPHHPP
5764,PHHPHPPHHPHPHHHHHHPP
5765,HHHHPHHHHHHHHHPPPHPP
5766,PPHHHHPHHPHHPPPPPPHH
5767,HHHHPPHHPPHPHPHHPPPP
5768,HPHPPHPPPHHPPPPHHPPP
5769,HHPPHHPPPHPPHPPPPHHP
5770,PHPPHPHPHPPHHPPHHPHP
5771,PPHPHPHPHPHPPPHPPHHP
5772,HPHHPPHHPHPHHPPHPHPH
5773,PPHHPHPHHHHHHHHPPPHH
5774,PPHPPHHHPHPHHPPPHPHP
5775,HPHPPPHPPHHPPPHPHPHP
5776,PPHHHPPHPPPPHHPPPPHP
5777,HHPPPHHPPHPHPPHPPPPH
5778,PPHHHPHHPPPHHHHHHPHP
5779,PPPHPPHPHHHPHHPHHPPP
5780,HHPPPHPPPHHPHPHPPPPH
5781,PPHPPPHPPPPHPPHHHPHP
5782,HPHHHHHPHHPHHHHHPPHH
5783,PPHHHPPHPPPHHPPHPHPH
5784,HPHPPPHHPHHPHHHPHHPP
5785,HHPHHHPPPPHPPPHPPHPH
5786,HHHHHHHHPHPHPHHHPHHH
5787,HPHHPPPPPHPHHHPHHHPP
5788,HHHPPPHPHHHHHPHHHPHP
5789,PHPHPHPPHPPPPPPHPHHP
5790,PPPHHHHHPPHHHPPHHHPH
5791,HHHHPHPPHHHPHPPHHHPP
5792,HPHPPHHPHPPHPPPPPPPP
5793,HHHPPPPHHHHPHPHHHPHP
5794,HHPHPPPHHPHHHPPHHPPP
5795,PHPHPHPPHPPHPPHPPHHP
5796,PHHHHHHPHPPHPHHHHPHH
5797,HPHPHPHPHHPPHHPHPHHP
5798,HHPHHHHPHHHPHHHHHHHP
5799,HPHHPPHPPHPHPHHPPPPP
5800,HHPHPHHHPPHHPHPPPHHP
5801,PPHHHPPHHPPHPHPPHHHP
5802,PPHPHHHPPHHHHPHPPHHP
5803,PPHPPHPPPPPPPPPPPHPH
5804,HHPPHPHPPHHPHPPPPPHH
5805,HHHHHHHPPPHHHHPPPHHH
5806,HPPPHPPHPPPHPPPPHHHH
5807,HHPHHPHHPHHHHPHPHPPH
5808,HPHPPPHPHHHPPHHPHPPP
5809,HHHPHHPHPPPPPPPHHHHP
5810,HPHHPPPHPPHHHPHHPHPP
5811,HPPHHPPHHPPPPPHHPHHP
5812,PPHPPHHHPPPHPHHHHHPP
5813,HPPPHPPPPPHPHPPHPPHP
5814,PPHPPHHPHHHPHHPHHPPH
5815,HHPPPPPHPPHHHHPHPHHP
5816,HHPHPHHHHPPPHHPHHHPP
5817,PHPHPHPHPPHHHPHHHHPH
5818,PHHPPHHPHHPPHHHHHHHH
5819,PPPHPHPPHHPHPPHHHPHP
5820,HPPHPPPHPPPPHPHHPHPP
5821,HPHHPPHPHPPPHHPHPHHP
5822,HHPPHHPPHHHPHHHHPHPP
5823,PHPPHHPPHHPHPHHPHPPP
5824,PPPPPHPHHPPHPHPPPPHP
5825,HHHPHPHPPHPHHHPPHHPP
5826,HHPPPPHHPPPPPPHHPHPP
5827,PHHHHHHHPPPPHPHHPPPP
5828,PPPPHPHPHHPHPPHPPPHH
5829,PHPPHHPPHHPPHPPPHPPP
5830,PHHPPPPHPPPHPHHHPPPH
5831,PHPHHHHPPHPHHPHHHHPH
5832,PPHHHPHHPHPPPPPPPPPH
5833,HHPPPHPPPPPPHHPHHHHP
5834,PHHPPHHHPPPHHPHHPHPH
5835,HHPHPPHHPHHPPHPPHPHH
5836,HHPPPPPHHHHHPPPPPHPP
5837,PPPPHHPPHHHHPHHPPPPH
5838,PPPPPHPHPHHPPPPHPPHH
5839,PHHHPHPPHPPPHPPHHHHP
5840,HPHHPHPPHPPPPHHPPHHH
5841,HHHHPPPPHPHHPHHPHPHH
5842,HPHPPHHHHHHHHPPPPPHP
5843,HHPHPPHPHPPHPHPPPPPP
5844,HPHHHHHHHHPHHHHHHPPH
5845,PPHHPPPHPPPHHHHPHHHP
5846,HPHHHHPPPPHHPPPPHPPH
5847,HPPHPHHPPPHHHPPHPPPP
5848,PHHPPHHHPPHHHPPPPPHP
5849,PHHHHHPPPHPPPHHHPHPH
5850,HPPHPHPHPPHPHHHHHPHH
5851,PPPHPHPHHPHHHPPHPPPP
5852,HPPHHPPPHHPHHPHHHPHP
5853,PHHPPPPPPPPHHPPPPPHP
5854,PPPPHPPHHPHPHPHHHPPH
5855,HHPHPHHHPHHPHHHPPHHH
5856,HPHHPPHHHPHHHHHPPHPP
5857,PHPHHPHHHHPPHPPHPHHP
5858,HHHHHPPHPPHPPPHPPHPH
5859,PPHHPHPHHHHPPPHHHHPH
5860,HHPHHPHHPHPPPHPPPHPP
5861,PPPPHHPHPPPPHHHHHHHP
5862,PPHHPPPHPHPPHPHPPPPP
5863,PHHHPHPHPHHHHPHPHHPP
5864,HPPPHHPPHHPPPPHPPPHP
5865,HPPPPHHPHHHHPHHPHHPP
5866,PPPHPPHHHHPHHPHPHPPP
5867,HHHPPPHPPHPPPPHPPPHP
5868,HHHPPPHPHHHPPPPPHPPH
5869,PPPPPHHHPPHHHPPHHPPP
5870,PPPPPHHPHHPPPHPHPPHP
5871,HPHPHHHHPHPPHPHPHHPP
5872,PHPPPHPHPHPPPPPPPHPP
5873,PHHHPPPHHPPHPHHPPPPH
5874,PPHHHHHHPPPHPHHPPHPP
5875,HHPHHPPPPHPHHPHHHPPH
5876,HPPPPPPHPHPPPPPPPPHP
5877,HPPHPHHPPPHHPPPHPHHP
5878,HHPPPPHHPHPHHPPPPPPP
5879,PPPHPHPPPPPHPHHPPHPH
5880,HHPHHPPPPHHPHPPPHPPH
5881,PPHHHHHHHPHHHPHHHHPH
5882,HPHHHHPPHPPPPPHHPHPP
5883,HPPHHPHHHPPHHHHPPHPP
5884,HHPHHPHPPPHHPHPHHHPP
5885,PHHHPPHPPHHPHHPPPPHP
5886,HPHHHPHHPPPHHPHPHHHP
5887,HPHPHHHHHHHPPHPPHHPP
5888,PHHHPPPPHPHHHPHPPPHP
5889,HPPPHPHPPHHPPHHHHPHP
5890,PPHPHPPHHPHHPPHHPPPP
5891,HHHHHHPHHHPHHPHHPPHH
5892,PPPHHHPHHHHPPPHHPHHH
5893,HHHPPPPHHHPHPPPHPPHH
5894,HHPHPPPPHHPHPHPHPHPH
5895,HPHHPPHHPHPHPPHPHPPH
5896,HHHPPHHPHPHHPPPHHPPH
5897,HHHPPHHHPHPHHPPPPPHH
5898,HPHHPHPPHHHHHPHPHPPP
5899,HHPHHHPHPPHHPHPPHPHP
5900,PHPHPPPPPHPHPHPPPHHH
5901,HPHPPPPHHHHHHHHPPHHP
5902,PPHPPPHPHHPPPPPHPPPH
5903,HHPHHHHHHHHPPPHHHHHH
5904,HHHPHHHHPHHHHPHPPHHH
5905,HPHHHPHPPPPPPHPHPHPH
5906,HPPPPPPHPPPPHPHPHPPP
5907,PHHHPHHPPPHPHHPPHPHH
5908,PHHHPPHPPHHHPHPPPHPH
5909,HHPHPPPHPHHPPHPPPHPH
5910,PHHHPPPHPHPHHHHHPPPH
5911,HHPHHPPPHHHPHPHHPHPP
5912,PHPHHHPPHPHPHPPHPPHH
5913,HHPHPHHPHPHPPPHPHPHP
5914,HHHHPHPHHHHHPPPPHHHP
5915,PHPHHPHPPHPHPPHPPPPH
5916,HPHHHHHHPPPHHPHHPHPP
5917,HHHPPPHHHHPPPHHHPPPP
5918,HHPPHPPHPHHHPHPHPHPP
5919,PPHPHHPHHPPPPPPHPHPH
5920,PPPPPPHHHHPHPPHPPPHP
5921,HHPPPHPPHPHHHHHPHPHP
5922,HPPPHPPPHPHPPHHHPPHH
5923,HPHPPPPPHPPPPHHPPPPP
5924,PPPHPHPHHPPPPPHPPHPP
5925,HHPHPHHPPPPHPPPHPPPH
5926,PHHPPHHPHPPHHPPPPHHH
5927,PPHPHHPHPHHHHHHPPPPP
5928,HHPHHHPHPHHPHHHPPPHP
5929,HPPHPHPPPPHPHPHHHPHH
5930,PHHHPHPPPPPHPHPHPPPP
5931,HHPHHPHPHPHHPPHHPPHH
5932,PHPHHPPHHPHPHPPHHPPP
5933,PHPPPHPHHPHHPHHHPPPH
5934,PHHHPPHPPHHHPHPPHPHH
5935,HPHPHHPHPPHPHPHPPHPP
5936,PHPPPPHPHHHPHHHPHHPP
5937,HHPPPPHPHHHPPHHHPHPH
5938,HPHPPHHHPPHHHHPPHPPH
5939,PHHHPPHPHPHPPPPHPHPP
5940,HPPPPHHPHPPHPHPHHHPH
5941,PPHHHHPPHHPHPHHPHPHH
5942,PHHHHPHPPHPHHHPPHPPP
5943,PHPHPPPHPPPPHHPPHPPH
5944,PHHPHPPPHPHHHHHHPPPH
5945,PPHHPPHHPHHPHPHHPPPP
5946,HHPHHPPPPPPPHHPPPHPP
5947,PHHHPPHPHHPPHHPPHHPH
5948,PPPPHPPPHHHPPPHHPHHH
5949,PHPHPPHPHPHHHHHPPHHH
5950,HPPHPPPHHHPPPHHPHPPH
5951,PPHHPHHHHHHHPPHPHHPP
5952,PPPPPHHHHHHPPHHHHHHH
5953,HPPHHPPPPHHPHPHHPPPP
5954,HHHPHHPHPPPPHPPPHHPP
5955,HPPHHPPPHHPPHPHHPHHP
5956,HHHPHHPHPHHHPHHPPPHP
5957,PPPHHHHHPPHHHHHPHPHH
5958,PPHPPPPPHPHHPHPHHHPH
5959,HPPPPPPPHHPHHPHHPHHH
5960,PHPHHHHPHHHHHPPPHHHH
5961,PPHHPPPHPHHHPHHPHPPP
5962,HHHPPHPPPPHHPHHPPPPP
5963,HHPHHPHHPPHPPPPPPHPH
5964,PPHPHPHHPHPPHHHPHHPP
5965,HPHPHPHHPHHHPPPHHHPP
5966,HHHHPPPPHHPHPPHHHHHH
5967,PPHPHHHHHHPHHHPPHPHP
5968,PPHHHPPPPHHHHPHHPHPP
5969,HPHPPPPHHPHPPPHHPHHH
5970,HHHHHHHHPHHPHHHPHHPH
5971,PPHHHHHPPHPPHPPHHHPP
5972,PPHPHHPPHPPPPHHHPPPP
5973,HPHHHPHHHHPHPPPHPHHH
5974,PHHPPHHPPPPPPPPPHHPP
5975,PPPPHHPHPHPPHHPHPHPP
5976,PPPHHPPPPHHHPHPHHHPH
5977,HPPHPHHPHHHPHHHHHPHP
5978,HHHPHPPHPPPPPPPHPPHH
5979,PHHPPPHPHPPPPPHHHHPH
5980,PPPHHPHHHPPHHPPPPPPP
5981,HPHPPHHPPPPHPPPPHPPP
5982,PHPHHHPHPPHPPPPPHHHP
5983,PHPPHHPPPPPHPHHPHPHP
5984,HHHPHPPHHHHPPPHPHHHH
5985,PPPHHPHHHPHPHPPPHPHH
5986,HPHHPHHPPHHHHHPHHHHH
5987,HHPHHHPPPPHPHHPHPPPP
5988,PHHHPPPPHHPPPHHHPPPP
5989,HHPPHHPHHHHPHPHHPHHH
5990,HHPPHHPHHPPPPHHPPHHP
5991,HPPPPPHHHPHHPHPPHHHP
5992,HHHHPHHPPPPHHPHPPPPP
5993,HPHHPHPHHPHHHHPHHHHH
5994,PPPHPPHHPPHHPPPHPHHP
5995,PHHPPPHHHPPPPPPHPPPP
5996,PHHHPPHHHHPPHHHPHPHH
5997,PHHPPPPPHPHHHPHPHHHH
5998,HHHPHHHHPPPPPPPPPHHH
5999,HPPPHHPPHPPHHHHHHPPP
6000,PHPHPPHPPHHHPPPHHPHP
6001,HPPHHHHPHHPHPHHHHHHP
6002,PHPHPHPHPHPPHHHPHPPH
6003,PPPHPPPHHPPPPPHHPPPH
6004,HPPHPHPPPPHPPHPPPPPP
6005,PHPHPPPPPHHHHHPPPHPP
6006,PPHHHHPPPHPHPHPPHHPP
6007,PHHHHHHHHHHPHPPPPPPH
6008,HHHHHPHHPHHHHPPPHPHP
6009,HPPPPPHPPPPHPPPPPPPH
6010,HHHPHPHHHPPPPHPHHPHP
6011,HPPHHHPPHPHHPPPHPHHP
6012,PPPPPHHPHHPPPHHHPPHH
6013,HPPHPHHHPHHPHPHHHHPH
6014,HHPPHPPHPPPHPPPHHPPP
6015,PHHPPHHPHPHHPPPHPHHH
6016,PHPHPHHPPHPHHPHHHHHP
6017,PPPHHHPPPPPHHHHPPPHH
6018,HPPPHHHHHHHHHHPHPPPP
6019,HHPPPPPPPHHPHPPPHHHH
6020,PHPPHHPHPPPHHPPHPPHH
6021,HHHHPHHPPPPHHPHHHHPH
6022,PPPHHHHPPPPHHHPPPPHP
6023,HHPPPPHHHPHHHPHHPPPH
6024,HHHPHPPHHHHPHPHPHPHP
6025,PPPPHHPPHPPPHPPPPPHH
6026,HHHHHPHHPHHHPPPPHPPP
6027,HPHPHPPPHPPHPPPHPHHP
6028,HHHPHHPHHPHHPHPPPPHP
6029,PPHPPPHHHPPPPPPPPPPP
6030,HPHPPHPHPPPHPPHHPHPP
6031,PHPPHPHHHHHPHHHHPHPP
6032,PPPHPPHPPHHHHPPPPHHP
6033,PHHPPHPHPPPPHPHHPPHH
6034,PHHHHHPPHHPHPHPHPHHP
6035,HHHPHPHPPHPHPHPPPHHH
6036,HPHHHHHPPPPPPHPHHPHH
6037,HPPPPPHHHPHHHHHHHPHP
6038,PPPHHHPHHHHHHPPHPPPH
6039,PPPPHHHHPPHPHPHHPHHP
6040,PHHHPHPHHHHHPPPPHHPP
6041,PHHPPHHHPPHHPHHPPPHH
6042,HHPPHHHHPPPHHHPPHPHP
6043,HPHPHPPPHPPPPPPPPPPP
6044,HPHHHHPHHPPPHPPHHPPP
6045,PPHHPPHHPHPHHPPPHHPP
6046,PHHPHPPHPHHHPHPPPHPH
6047,HHPHPHPHPPPPPHHHPPPP
6048,HHPPPPPPHPHPPHPHHHPH
6049,HHPHPPPHPPPPHHHPPPPP
6050,HPPPHPPPPPHHHPHHHPPH
6051,HPPHPPPPHPHPPHHHHHHH
6052,HHPHPPHPPPHPPPPHHPHH
6053,HHPPPHPHHHHHPHHPPPPP
6054,PHHHPHHHHHPPPPPPPHHH
6055,PPHPHHPPPHPPPPHHPHPH
6056,HHHHPHHPHPHPHPPHPPHH
6057,PHPPPHPHHPHHHHHHPHPH
6058,PPPPPPPPHHPPHPHPHPHP
6059,HHPPHHHPPHPPPPPPPPPP
6060,PHPPPPHHHPPPHPPPPPPP
6061,PHPHHPHPPPHHPHPPPHPP
6062,PHHPHPPHPHHHPHHPHPHP
6063,HPHHHPHHHPPPHHPHPHHP
6064,PPPHHHPHPHHPPHPPPHPP
6065,PPHHPPPHHHHPHPPPHHPH
6066,HPPPHHPHHHHPHPHPPPHH
6067,PPHPHHPHPHHPPHPPPPHP
6068,PHPPPPHHPHPPPHHHPPPH
6069,HHPHHHHHPPHHHPPPPHHH
6070,HHHHPPHPHPHHPHPHHPPH
6071,HHHPPPHPHPHHHHPHHPHP
6072,PHPHPHPPHPHPHPPPHHHH
6073,HPHPPHPPHHHPPPPPHPHP
6074,HPPHPHPPHPHPHPHPHHPH
6075,PPHHHPPPHHPHHHPPHPPH
6076,PPHHPHPHPHPPPHHPPHPP
6077,HHPHHHHHPPPPHPPHHPPH
6078,HHHPHPHHHPHHHPHHHPPP
6079,PPHPPPHHHHHPHPHPPHHH
6080,HPHHHPPHHHPPPPHHPPPH
6081,HPHHHHHPHHHHHPPHHPHH
6082,HPHHHHPHHPHHHPHHHPPH
6083,PPPPHPHHPPPPPHPPHPHH
6084,PHHHHPPHHHPHPPHPPPPH
6085,HHPPPPPHPPHPHPPHHPHH
6086,HPPPPPHPPHPHHHPPHPPH
6087,PPHHPPPHPPHHHHPPPHHH
6088,PHPPHHHHPHHPHHPPHPPH
6089,HHHPHHPPHPHHHPHPPHPP
6090,HPHHHPPPPPHHHHPPHHPH
6091,HHHHPPPHPHPHHPPPPPPP
6092,PHHPPHPPPPHHPHHPHHHH
6093,PPHHPPHPPPHPPHHHPHPP
6094,PPPPHPHPPPPPPHPPHHPH
6095,PHHPPPHPHHHHHHPHHPPH
6096,HHHPPHPPPPPPPPHPHPPH
6097,PHPHHPHPPHPPPHHPPPHP
6098,PHHPHHHHHHHHPPPPHHPH
6099,HHHPHPHHPHHPPPHPPPHH
6100,HPPHPPPPHHHPHPPHHPPP
6101,PPPPPPHPHPHPHHPPHPPP
6102,HPHHPPPPHPHHHPHPPPPH
6103,PPPHHHHPPPPPPHPPHPHP
6104,PHPPPPPPHHPPHPPHHHPH
6105,HPHPHPPHPPPPPPHHPPHP
6106,HHHHHPHPPPHPPHPPHPPH
6107,HPPPHPHPHHPPHPHHHHHH
6108,PPHHHPHHHPHPHPPPPPPP
6109,PPPPPPHHHPPHPHPPPPPH
6110,PPPPHHPPHPHPHHPPPHHP
6111,PHPPHPHPHPHPPPHPPPHH
6112,HHHPHPHHPPPHHHPHPPPH
6113,HHHHHPHHHPHPHPPPHPHH
6114,HPHPHPHHHPHHPHPPPHPP
6115,PPHHHPPHHHHPPPPPHPHP
6116,PPHHPPHPHHHHHPHHPPPH
6117,HPHPPPPPPPPHHPHHHPHH
6118,HHPPHPPPHHPPPHHPPHHP
6119,PHHPHPHPPPHHPHHPHPPH
6120,PHPHHHHHPHHPPHPHPHPP
6121,PPHHHPPPHHHHHPHPPHPP
6122,PHHHHHHPPPHHHHHPPPHP
6123,HPHHPPPHHHPPPPHHPHPH
6124,HPPHPHPHPPPPHHHHHPHP
6125,HHHHHPPHPPHHHHHPPPHP
6126,HHHHPHHPPHPHPHPPHHPH
6127,HHHHHPPPHHPHHPPPHPHP
6128,PHPPPHPHHPHPHHHPHHHH
6129,HHPHHHPHHPPHHHHPPPPP
6130,HPPHPPPPHHHPPHPHPHPP
6131,PPPHPPPHHPPPHHPPHHHH
6132,PPPPPHPHHHPHPPHHHHHH
6133,PHHPHHHHHPHHHPHPHHHH
6134,PPHPHPHPHPPPPHPPHHPH
6135,PHHPPHPPHHPPPPPHHPPH
6136,PHPHHPPHHPHPHPHHPPPP
6137,HHHPHHPPPPPPPPPHHHPP
6138,HPPPHHHPHHPHHPPHPPPH
6139,PHHPHHHPPPPPPHPPPPPH
6140,PHHHHPPPPHHPPHHHPHPH
6141,HHPHHPPPHPPPHHPPPHHP
6142,PPPPPHPPHHHHHPHHPPPH
6143,PPHHPHHHPPHPHHPHPHHP
6144,HPHPPPHHHHHHHPHHHPHH
6145,HPPPPPHHHHPPHHHPHHHP
6146,HHHPHPPPPHPHPPHPPHPP
6147,PHPPHPHHHHPPHHHHHHHH
6148,PHPPPPPPPHHHPHHPHPHP
6149,HPPPHHHPHPHPPPHHHHPP
6150,PPPPPPHPHPHPPPHPHPHH
6151,HPPHHHHHPPPHHHHHHPHP
6152,PHPPPPHPHHPHPPHPPPHH
6153,PHHPHHPPPHHHHHPPPPPH
6154,HPPPHHPPPHHHPPHHHHHP
6155,HHPPPPPPPPPHPHPHPPPP
6156,HPPPHHPHPHHPPPHPPPPP
6157,HHPPHHHHPHPHPHPHPHHH
6158,HPPPHPHPPPPPHPPPPPHP
6159,PHPHPHHPHHPPHHHPPPPH
6160,PHPPHPPPPPPHHHHPHPPP
6161,PHPPHPPPHHHPPPPPHHHP
6162,HHPPHHHPPPPHPHHHHHPP
6163,HHPHPPHPHHHPHPPHHPHH
6164,HPHHPHPPHHPPPPPHPHHH
6165,HPPHPPPPPHHPHHPHPPPH
6166,HPHPHPPHHHPPHHPPHPHH
6167,HPPHHPPHPHPPHHPHHPPH
6168,PPHHPPHPHHPHHPHPHHPH
6169,PHPHHPHHPHHPPHPHHPHH
6170,HHPPPHHHPPHHHHHHHPPP
6171,HPPHHHPPPPHHHPPPHHPP
6172,HPPPHPPHHPHHHHHHPPPP
6173,PPHPPPPHPPHPPHPHHPPP
6174,HPPPPPHPHPHHHPPHHHPP
6175,PHPPHHHHHPPPHPPPHHPH
6176,PPPHHPHHHHPPPPHPHPHH
6177,HPHHHPHPPHPPHHHPPPPH
6178,PHHHPPHHPHHHHHHPHHPP
6179,PPHHPPHHHHPHPPPHPHPH
6180,PHPPHPHPPHHPHHPHPHHH
6181,HPHPPHHPPHPPHHHPHHHH
6182,HPHPPPHPHPPPPPHHHPPP
6183,PHHHPPHHPPHPPHHPHHHH
6184,HHHPHPHPHHPHPPHPPPHP
6185,PPPHPHHPHHPHPPHHHPHP
6186,HHHHHPHPHPHPPHPHHHPH
6187,PPPPPPPPHPHHPHHPPPHH
6188,HHPPPHHPPHHHPHPPHPHH
6189,PHPPPHHHHHPHHPPPPPHH
6190,PPPHHHHPHHHHHPPHPHPH
6191,HPPHPPHPHHHPHHPPHPHP
6192,PPPPPPHHHHPHHHHHPPPH
6193,PHHPHPHPHPPHHPPPHPPH
6194,PHHPHPHPPHHHPHHPPPHP
6195,PHHPHPPHPHHPHPPPHPPH
6196,PHPHHHPHHPHHHHPPPPPH
6197,PHHPHPHHPHPPHPHPHHPH
6198,PHHHPPPPPPHHPHHPHPPH
6199,PHPHHHPHPHHHPHHHPPHP
6200,HPPHHHHPPHPHPPHHHHPP
6201,PHHPPHPPPHPHHPPPHHPH
6202,PPHPHPPHPHPPPPPPPPHH
6203,PPHPPPHPHHHHPHPPPHHH
6204,HHHPHHPPHHPHHHPPPPPP
6205,PHPHPPHHPHPHPHHHPPPP
6206,HPPHHHHPHHPHPHHPPHHP
6207,HHPHPHHHHPPPPPHHPHPH
6208,HPPPHPHHHPPPHHHPHPHP
6209,HHPPPPHPPPHPPHHHHHPP
6210,HPPHHPPHHHPHHHHPHPHP
6211,PHPPHPHHPPHHPHPPHPHH
6212,HHHPHHPPPPHPPHPHHHHH
6213,HPHHPHPHHHPHHPPHPPPP
6214,HHPHHPPHPHPHHPHHHHPH
6215,HPHHPPPHHPHPHPHHHHHP
6216,PHHHHPPHHPPPHHHHHHPP
6217,HHHHPHPHHHPPHPHPHPHP
6218,HPPHPPPHPHHPPPPHHPPP
6219,HPPHHHPHPPPPPPHPPPPP
6220,PPHPHPHPPPPPHPHHHPPH
6221,PPHHPHPPPPHHPHPPPHHH
6222,PHPPPPHPHPPHHPHHHPPP
6223,HPHPPPHPHHHHHPHHPPHH
6224,PHPHHHHPPPHPHHPPPPHP
6225,HPHPHPPHHPHPHHHHPPHH
6226,HPPPPPHPPHPPHPPHPPHH
6227,HPPHHPPHPPPHPPPHHPPH
6228,HHHHPPPHHPPPHHPPHHHP
6229,HHHHPPPPPHHHHPPHPPHH
6230,HHPPPPPHHPPPPHHPHHPH
6231,PHHHPHPPHPHPHHHPPHPH
6232,PHPHPHPHPHPPPPHPPPPP
6233,PPHHHHPPHPHHHHPHHHHH
6234,HPPHHHHPHPHPPPHPHHPH
6235,HHHHHPHHHPPHPHPHHHPH
6236,PPHPPPPHPHPPPPHPPHPP
6237,PHPHHHHPHHHHHPPHHPHH
6238,PHPPPHHHHHPHHPHHPPPH
6239,PHPHPHPHHPPHPHHPPHPP
6240,PHPPPPPHPHPHHHPPPHHH
6241,HHHPPPPHHHHHPPPPHHHP
6242,HPPPPHPHHPPHPPPHHPHP
6243,HPPHPPPPHPPHHPHHHHHH
6244,HHHHHPPHPPHPPPHHHPPP
6245,PPPPHPHHPHHHHHHPHPHP
6246,HHHPPPHPHPPHHPHPPPPH
6247,PHPHHHHPHPHPPHHHPPPH
6248,HPPPHPPPPHPPHHPPPPPP
6249,HHHHPPPHHHHHHPHHPPHP
6250,HHPPHPPPHHPHHPHPHHPP
6251,PPHPPHHHHHHHPHHHPPPP
6252,HHPPPPPPPPPHPHHPHPHP
6253,PPHHPHPPHHPHHHPHHHHH
6254,HHHPPPHHHHPPHHPPHPPP
6255,PPHPPHHPPPHHHHPHPPHH
6256,PHPHHPHHPPHHPHHPHPPP
6257,PPPHPHPHPHHPPPPHPHHP
6258,PPHHHHPHPHHPPHPHHHPP
6259,HPHHPPHPHHPHHHPHPPPH
6260,PPPHHPPHHHHHPPHHHHHH
6261,HPPHPPPHHPHHPHHHHPHP
6262,HPPHHPHHPPHHHPPPPHPP
6263,PHPPHHPPHPPPHHPHHPPP
6264,HPPHPPHPPPHPPHPPPPHH
6265,HPPHHHHHHPHHHHPPHHHH
6266,PPHHPHPHHPPPHPPHPPPH
6267,PHHPPPPHHPPHPPPPPPPP
6268,HPPHHPHHPPHHHHPPPPHH
6269,HPHHPHPHHHHPHHPHHHHP
6270,PHPHHHPPPPPHPPHHHPHH
6271,HHPPHPPPPHHHPHPHHPHH
6272,PHHHHPHHPHHPPPHHHHPH
6273,HPHPPHHPPHPHHHHPPHHH
6274,PPHHHHPPPPPPHPPPPPHH
6275,HPHHHPPHPPHHPHPPPPHP
6276,PPPHHPHPHPHHHHPPPPPH
6277,PPPHPHHHHPPHHPPPHHPH
6278,PPPHPPHHPPHPPPPHHPPP
6279,PHPPPHHHPPPPHPHPHPHH
6280,HPPPHPPPPHHPHPHHPHHP
6281,PPPHPHPPHHHPHPHHPPPH
6282,HPHPPPHPHHHHHHHHPPHH
6283,HHPPHPHPPPPPHHHPHHHH
6284,HPHPHPPPPPHPHHHPHHHP
6285,PPPPHHHPHPHHPPPHPHHH
6286,PHPHHPHPHHPPPHPHPPHH
6287,PPPHPPPHPPPPPHPHHPHP
6288,PPPHPHHPHHPPPHHPPPPP
6289,HPPHPPHPPHHHHHPHHPPP
6290,PPPHPPPPPHPPHPPHPHHP
6291,HHHPPPPPPHPHHPPHHPPP
6292,PPHPPPPPHHPHPPHHHPPP
6293,HPPPPPPPPHHPPPHHHHPP
6294,PHHHPHHPPPPHPPPHPHPP
6295,HPPHHHPPHHHPPHPPHPPP
6296,HHHPPHPHPHPPHHHPPPHH
6297,PHPPPPPHPHPHPHPPPPPP
6298,PPHPHHPPPPHHPHPPPHPP
6299,HHHPPPHPPPPHHHPHPPHH
6300,PHPPHHPHPPPHHPPHHHPH
6301,PHPHHPPPHHPPPPPPPHPP
6302,HHHHPPPPPHPHHHHPPPPP
6303,PHPHHPHPHHHPPHPHHPPP
6304,PPHHHPPPPPHHPPPPHHPH
6305,PHPPPPHHPHHPPHHPPHHH
6306,HHPPPHHPHPHHHHPPHHPH
6307,HPHHHHHPPPHHHPPPHHHP
6308,PPHHPHPPPHPHHHPHHHPP
6309,PHHHHHHPPPPPHHPHHPPP
6310,HPPHPPPHPHPPPPHHHPPP
6311,HPHPHHHPHHHPHPPPHPHH
6312,HHHHPPPPHHPHPPPPHHPH
6313,HPPPHPPHPPHHHHPPPHHP
6314,PHPHHPPHHPHHHHPHHHPP
6315,HHHPHPPHHHHHPHPHPHHH
6316,HHHPPHHHHHHHHHPHPPPP
6317,PHPHHHHHPHHHPPPHPHHH
6318,PHPHPHPPPHHPPHHPPHPP
6319,HPHPHPPPPPHHHPPHHHHH
6320,HHHPHHHHHPPPPPPHPPHH
6321,HPHHHHHHHPHHPHHHHPPH
6322,HHHHPHPPHHPPHHHPHHPP
6323,HHHHPPHHPHPPHPHPPPPH
6324,HPPHHPHPPPPPHHHPPHHP
6325,PHPPHPPHHPPPPPPPHHHH
6326,HPHHPPPHHHHPPPHPPPPP
6327,HHPPHHPHHHPHHHPPPPHH
6328,PPHPHHPPHPPPHPHPPPHH
6329,PPPHHPHHHPPHHPPHHHHH
6330,PHHPHHPPHHHPPHPHPPHP
6331,PPHHPHPHPPHHHPPHHHPP
6332,HPPHPHPHPHPHHPHPHHHP
6333,PPHHPPPHHHHPPPHHHHHP
6334,PPPPPHHHPPPPPHHPHPPH
6335,PHHHHHPPHPHHHPPPPPPH
6336,HPPHHHHPPPPPPHPPPPHH
6337,HPHPPPHPPPHPHHHHHHHP
6338,HPPHHPPHPPHPHHPPHHHH
6339,HHPPPHHHHPHPPHPHPHHH
6340,HPPPHHPPHPHPHPHPPHPH
6341,HHHHPHHHPHHHHPHPHPHH
6342,HPHPHPHPPPPPHPPPHHPH
6343,PPHPPHHPPPPPHPHPPHPH
6344,HHHHPHPHHPPHHPHHHPPH
6345,PPHPPPHHPHHPHHPPHPHP
6346,PPPPPPHPHHHHHHHPPHHP
6347,HPHHPPPHHPPHPHHHHHHP
6348,HPPPHPHPPPHHPPHHHHPP
6349,HHHHPHPHHHHPHPHPHPHP
6350,PHPPHHHHPHPPHHHHHPHP
6351,HHHPHPHPPHPPPHPHPHHH
6352,HPHPPPHHPHPHPHPHPPHH
6353,HPPPPHPPHPPHPHHPHPHH
6354,HHPHHHPHHPHPHHHPPPPP
6355,HPHPPHPHPPHHPHPHHHPP
6356,PPHPHHHPPPHHHPHHHHPH
6357,PPHHPPPPPPHPPPHHPPPP
6358,PPPPPPHHHHHHHHPPPPHH
6359,PPPHPPPHHPHHHHHPPHPP
6360,PPHPPPHHPPPPHHPHHHHP
6361,HPPHPHPPPPHHPHPHHHPH
6362,PPHHPHHHHPPPPPHHHPHH
6363,PPPHPHPHHPPHPPHHPHPP
6364,HPHPPPPPPPHPPHPPPHHP
6365,HHPPHHPHHHPHHHPHHHPH
6366,HPHHPHPPHPHHPPPHHHPH
6367,PHPPPHPHHPPHHHPHHHHP
6368,PPHPHPHHHHPPHPPHPHHP
6369,PHHPHHPHHPHHHPHPHPHH
6370,PPHHPHPPHHPHHPPHHHPH
6371,PHPHPPPPPPHPHHPPPHHH
6372,HHPHPPHHHHHPHHPHHHPH
6373,PPHPPPHPPHPHHPPHHHHH
6374,PPHHHHHHHHPHHPPPHHHH
6375,HHPHPHHPHPPPHPPPPPPH
6376,HPHPPPHHHPHPPPPHHHHH
6377,PPHPHHHHHPPPPPHPHHPP
6378,HPPPPHPPPHPPHHPPHPPH
6379,PPPHPPHHPPHHHHPHPPHP
6380,PPHHPHHHHHHPHPPHPPPH
6381,PHHHHHPPHPPPHPPPHHPH
6382,HHPHPPPPHPHPPHPHHHHH
6383,HHPHHHHPPPPPPHHHHHHP
6384,PPHHPPPPHPPHHHPHHHHP
6385,HPHPPHHHHPHPPPHPHPHP
6386,HPPPPHPHPPHHPPPPPHPP
6387,PHHPHPHHHPPPHPHPPHPH
6388,HHHPPHHHPPPPPHHHPPHP
6389,HHPHHPHPPHHPPPPHHHPH
6390,HPHPPPHHPPPHHPPHPPPH
6391,PPPHHPPPHPPHHPPPHPPP
6392,HPPPHHHPPPPHPHHHHPPH
6393,HHHPPHHHHHHHPHPPPHHH
6394,PPPHHHHHPHPPPHHPHPHH
6395,HPPPHPPPPHPHPPHPHPHP
6396,PHPPHPHPHHHPPHPHPHPP
6397,PPHPHPHHPHHPHHPHPHPP
6398,HHHHPPPPPHPPHHPHPHHH
6399,PPHHHHHHPHHHPPHHHPPP
6400,HHPPHPHHHHHPHHHPHHHH
6401,HHHPHPPPHPHPHHHHPPPH
6402,PPHPPPHHPHPPHHHPPHPH
6403,HHPPHPPHHHHPPHPPHHHH
6404,PPPHPHPHPHPHPHHPHPHH
6405,PPPPPPHPPHPPPPHHHPPP
6406,HPHPHPHHHHPPHHPHPHHP
6407,HHHPHHPPHHPPHHPHHHPP
6408,PHPPPPPHHPPHPPPPPPPH
6409,PPHPPPHPHHHPPPHHPHHH
6410,HPHPHHHHHHPHHPPHHHPP
6411,HPPPPHHPPHHPHHHPPPPH
6412,PPHHPPPPHHPPPPPPHPHH
6413,PHPHPPPPHPHPPHPHPPPH
6414,PPHPPHHHHPHHHHPHHPPH
6415,HHPPPHHPPPHPHPPHHHPH
6416,HPPPPHPPPHHPPPPPHPPP
6417,PPHHHPPPPHPHPPPPHPPP
6418,PHHPHHPHHHPPHHHPPPHH
6419,PPHHHHPPPPPPPPHPPHPP
6420,PPPHHPHPPPPPPPHHHPPH
6421,HPHPHHPHPPHHPPPPHPPH
6422,PPPPHPHPHHPHPPHPPHPH
6423,PPPPPPHHHPPHHPPHHPHP
6424,HPPPHHPPPPHHPHHPPHHH
6425,PHHHHHPPPPHHPPHHPPHH
6426,HHHHPHPHHPHHPHHHHPHP
6427,HHPPPHHHHPHHPHHPPPPP
6428,PHPHPHHPPPHHPPPHPPHH
6429,PHHPHPHHPHPHPHHPHHHH
6430,PHPHPHPHHHPPPPHPPHPH
6431,PHPPHPPPPHPHHPHHHPPP
6432,PHHHPPPHHHPPPHPPHPHP
6433,PPPHPPHPHHPPHHHPHPPH
6434,PPPPPHPHPPPPHPPHPPHP
6435,PHPHHHPHHPHHPHHHPPPH
6436,HPHPHPPPPPPHPHHPPPHP
6437,PHHPPPPHPHPPHHHHHHHH
6438,PHHPHPHPHPHHPHHHHHHP
6439,HHPHHPPPHPPPPPHHPPPH
6440,HPHHPPPPPHHPHPHPPHPP
6441,PPPPPHPHHPPHHPHPPPPH
6442,PHHPHHPPPPHPHHHHHPPH
6443,PHPHPHHPPHPHHPHPHPPP
6444,HHHHHHPHHPHHHPHPHHPP
6445,PHHHPHPHHPPPPHHHHHHH
6446,PPPPPPPPHHHHPHPPPHHH
6447,PPHHHPHPHPPPPHHHHPHP
6448,HPPHHPHHHHPPHPPPHPHP
6449,HPPPHHHHHHHHHHHHPPPH
6450,PPPPHHPHPPHHHPPHPHPH
6451,HHHPHPPHPPPHHHPPPHPP
6452,PHPPHHHPHPPPPHHPPHHP
6453,PPPPPPPHHHHPHPHPPHPP
6454,PPHHHPHPPPHPHHHHHHPH
6455,HHHHPPPPHHPPPHHHPPPP
6456,PPPPHHHPHHHPHPHPHHHP
6457,PPHPHPHHPPHHPHHPHPPH
6458,PPHPPPHHPPPHPHHPPPHH
6459,PPPPHHHHHHPHHHPHPHHP
6460,PHPPHHPPHHPHHPPPHHPH
6461,PPPPHHHPHHHHPPPHPPHH
6462,PHHPPPHHHHHPHHPHHPHH
6463,PHPHPPHHHPHHHPPHPPPP
6464,PHPHHHPHPPHHPPPPHHPH
6465,PHHPPHHHHPPHPHHPHPPH
6466,HHHPPPPHHPPPHHPHHPPH
6467,PHHPHHPHHPHPPPPHPHHH
6468,HHPHPHHPPHHHHPHHPPPH
6469,PPHPPHHHHPHPHHPPHPHP
6470,HPPHPHHHPHHHHPPPPPPH
6471,PPPHHHPPPPPPHPHPHPPH
6472,HPPPHHHPPHHHPPHHPPHH
6473,HHPHHHPPHPPHPHPHHHHP
6474,PPPHPHPHPPPPPPHHPPHH
6475,PHHPPPPHHPHPHPPHHPHP
6476,PPHHPHPPPPHPHPPPPHPH
6477,PHPPPHHPHPPHPPHPHHHH
6478,PPHHHPHPHHPHPHPHPHHP
6479,HHHHHPHHPPHHPHHPPHPP
6480,HPHHPHHPHHHPHPPHHHPP
6481,PPHPPPPPPHPPHPPPHPPP
6482,PPPHPPPHHPHHPPHPPHHH
6483,PHPHPHPHHPHHHPPHPPPH
6484,HHPPHPPPHHPPHPPHHPPP
6485,HHHHPPHHPHPHHHHHPHPP
6486,HPHPPPHHPHPPHHHHPPHH
6487,HPPHHPHPPPPPHPPHPHPP
6488,HHPHHPHPPHHHHPPPPHPP
6489,PHPHHPHPPPHPHHPHPPPP
6490,HPPPHPPHPPPHHPHHHPHP
6491,HPPPHPHHHHHPHPPHHPHP
6492,PHPHHPPPPHHPPPHPHHPH
6493,HPHHHPPHHHHHPPPPPPPP
6494,PHHPHPHHHPPHPPPHHHPP
6495,HPPPHPHHPHHHPPHHPHPH
6496,PHHPPHHPPHPPPHPHPHPH
6497,HHPPHPPPPPPHPHPPPPPH
6498,HHPHHPHHPHPPPHPHHPHP
6499,PHPPPPPPHPHHPPHHPHPP
6500,HPHPHPPPPPHHPHHPHPPH
6501,HHHPHPPPPPPPPHPHHPHP
6502,PPHPPHPHPPPPPHPHPHPP
6503,PHHHPHHPHHPHHPHHHPHH
6504,PHPHHPHPPPHHHPHHPHPH
6505,PPHHHPHPPPPHPPHHPHHP
6506,PHHPPHHHPPHPHHPHHHPP
6507,PHPPHHHPPPPPHHHHPPHP
6508,PPPPPHPPHPPPHPPPPHHP
6509,HHPHHHPPHHHPPPPPPHHH
6510,HHHPPPPPPPPHPPHPHHPH
6511,HPHPHPHHHHPHPPPPPHHH
6512,HPPHPPHHPPHPHHPPHHHP
6513,PHHHHHHHHPHHPHPHHHHH
6514,PHHPHHPPPHPHHPHPHHPH
6515,PHHPPHHHPPHPHPHPHHHH
6516,PHHHPPPHPHHHHPPPHPHH
6517,HHHPHHPPPPPHPPHHPHHH
6518,PPPPHPHHPHPPHPHHPPHH
6519,HHHPHHHPPHHPPPHPHPPH
6520,HPPPPPPPHHPPPPPHHHPP
6521,HHPHHPPHPHPHPPPHHHHP
6522,PPHHPHHHPPHPPPHHHHHP
6523,PHPHPPPPPPHHPHPHHHHP
6524,PHHPPPPHHPPHHHHPHHHH
6525,PHPPPHHPHPHHHHHPHPPH
6526,HHPHHPPPHHPHPPHPHPHP
6527,HPPPPPHPHHHHPPHHPPPP
6528,PPHHPPHHHPHPPHHPPPHP
6529,PHPHPPPPPHPPHPHHPPPH
6530,HPHHHPPPPPPHHHPHPHPH
6531,HPPPHHHHPPPPPPHHHHHH
6532,HPPPHHPHHPPPPHPPHPPP
6533,PHPPHPHPPPHHHHPPPPHP
6534,HPHHHPHPHPPHHPHPHPPP
6535,PHPPHPHHHHHHHPHPPPHH
6536,HHPHHPHHPPPPHPHPPHPP
6537,HHPHPHHHHPHPPPHPPPHP
6538,HHPHPHHPHHPHHHPHHPPH
6539,PPHPHPHHHHPPHPPHHPHH
6540,PPHHPPHPHPPHHHHHHPPP
6541,HPPHPPPPPHPPPPHPPHHH
6542,PHHHPHPHHHPHHHHHPHHH
6543,PPHPHPPHHPPPPHPHPHPP
6544,PPPHHHPHPPHHPHHPHHPH
6545,HPPPHPPPHPPPPHHHPHPP
6546,HPHPHPPHHHPHHHPHHPPP
6547,HPHPPPPHPPPPPPHHHPHH
6548,PHPHHHHHHPPPPPHPPHHP
6549,PPPPHPPHHHHHHPPHPPHP
6550,HHHHHHPPHPPHHPPPPPHH
6551,PHHHHPHHPHHPPHPPPPPP
6552,HHPHHPHHPHHPHPHPPPHP
6553,HPHPPPPHHHHPHPPPPPPH
6554,PPHHPPPHHHHHPPHHHPHP
6555,PHHPPPPHPPHHHPPPPPPP
6556,PHHHHPPPHHPHPPPHPPHH
6557,HHHHPPHHHHHHPPHPHHPH
6558,PPHPHHPPPHHHPHHHPHHH
6559,PHHPHHPHHHHHHHHHHPHP
6560,PPPHHPPPPPPPHPHHPHHP
6561,PHHPPHPHPPPPPPPPHHPP
6562,HPHPHPHPPHPHPPPPPPHP
6563,HHHHPPHHPPHHHPHHPHPH
6564,HHPPHHHHHHPPPHPHHPHH
6565,HPPPPHPPHHPHPPHPHPPH
6566,PPPPPPPPHPHHHPPHPHHP
6567,PPPHHPHHPPHHHHPHPPHH
6568,HHPHHPPHHHPPPHPPHPPH
6569,PPPHPHPPHHPHHHPHHHHH
6570,HHHHPPPHHHHPPHPPHPPP
6571,HHHHPPHHPHPHHPPHPHPP
6572,PHHPPHPHHPPHPPPHPHHP
6573,HPPPPPHHHHHHHPHPPHPP
6574,PHHPHPHPPHHPPHHPHHHP
6575,HHHPHPPHHHPHHPHPPHHH
6576,HHHPHPHHPPPHPHHPHPPH
6577,PPPPHPPPPHPHPPHHHHHP
6578,PHPPHHPPPPPHHPPPPPPP
6579,PPPPHHHHHPHPPHHHPPPH
6580,HPPPHPHPPPPPPPPPHHHP
6581,PPPHPPPHPPHPPHPPPPPP
6582,HHPHPPPHPHPPHHPHPPHP
6583,PHPHHHHHHHPPHPPHHHPH
6584,HPPHHHHPPPPPHHPPPPPP
6585,HHPHHPHHHHPPHPHPPPPP
6586,HPHPHHHHHHPPHPPHHHHH
6587,HHHPPPHHHPHHHHHHPPPP
6588,HHHHHHHHPPHPPHHHPHPH
6589,HPHPPHPHPHPPPPPHHHPH
6590,PPPPPPHHHHPHPPPPHPHH
6591,PPPPHHHHHPHHHHHHPHHH
6592,PHHPHPPHHPHHHPHPPHPP
6593,HPPHHHHHPPHHPHPPPHHH
6594,HHPHHHPHPPHHPPHHHPHH
6595,PHHPPPHHHHPHPPHHPHPP
6596,HPPHPPHPPPPHHHHPHHPP
6597,HHPHPPPPPPHHPPHPHPPP
6598,HHPPHHPHHHPHHPPHPHPP
6599,HPHPPPPHHHPHHPPHPPHP
6600,PHHPPHPPHPHHPHPPPHHP
6601,PHPPHHHPHHPHHHPPHPPH
6602,PPHHPHHPHPPPPHHPHHHP
6603,PPHPHPHPPPHPHHHPHPPP
6604,HPHHPHHPPHHPHHHHPPHH
6605,HPPPHHPHPHPPPHHPHPHP
6606,HPPHHHHPPHHHHHPPHPHP
6607,PPPPHPPHPPHHPPHHPHPH
6608,PHPPPHHPHHPHHPPHHHPH
6609,HHHPPHHPPPPHHHHPPHPH
6610,PPPPPPPHHPHPPPPHPHPP
6611,HPHPHHHPPHPHPHPHPPPH
6612,HPHPHPHHPPPPPHHHPPPP
6613,PHPPHPHHPHHPHHHHHPPH
6614,HPPPHHHHPHPPPHPPPHPP
6615,HHPPHPHPHHPHHHHHHHHH
6616,PHPPPHHPHPPHHPHHHPHH
6617,HHHHPPHPHHHPHPPPHHHP
6618,HPPHPHHPPHPPHPHHHHPP
6619,HPHHHHHHHPPHPPHHHPHP
6620,HHHPPPHPPHHPHPHHHPPP
6621,PPHHPPHPHPPPPHHPPPPH
6622,PPHHHPPPPPHPPHHPHPHH
6623,PPPHHPHPPPHPHHPHHPHP
6624,HPHHHPHHHHHHPHHHHPPH
6625,HHHPHHPPPPHHPHHPHPPH
6626,HHHHPPHHPPHPHHPPHHHH
6627,HHPPHHHHHHPHHPPPPPPP
6628,HHHHPPPHPHHHPHPHPPPH
6629,HHPHPHHHPPPPHPHHPHPP
6630,HHPHHPPHHPPHHHHPHHPH
6631,HPPPPHHHPHHHHPPPPPPH
6632,HPPPHHHHHHHPHPHHPPPP
6633,PPPPHPHHHPHHPPPPHPHP
6634,HPHPPPPPHHHPHHPHPHHH
6635,PPHHHHHPHPPPPPPHPPHP
6636,HHHHHPPHHHHPPPHHPPHP
6637,HHHHPPHPPPHHHHHPHHHH
6638,PPHHPPPPHPHPPPPPPPHH
6639,PPPHPPPHHHHHHPPHPPHP
6640,HPPHHHPPHHHPHPHPHPPP
6641,HHHHHPPPHPPPHPHHHHHH
6642,HHPPPPPHHPHPPPHHHPHH
6643,HHHPPPPHHPPPHPHHPPHP
6644,PPPPPPHPHPHHPPHHHHPH
6645,HPHHPHHPHPPHHHPHHHHH
6646,HPHHPPPHPPPPHHPHPPHP
6647,PHHHPPHPPHHPPPPHPPPH
6648,PPHHHHPPPHHPPHPPHPPH
6649,HHPPHHPPPPPHPHHPHPPP
6650,PPHHHPPHHPHHPPHPHPHH
6651,HHHPHHHHPHPPPHPHHPHH
6652,PPHHPHHHPPPHHPHHHPPH
6653,PPPPHHHPPHPHPHPHHPHH
6654,HPHHPPPPPPPHHHPPPPHH
6655,HHPPPPHPHHHPPHPPPHHH
6656,HPPHPHPPHHHPPPPHHPHP
6657,PHHPPHPHHPPHPHHHHHPH
6658,HPHPHPHHHPPHHHPHHHPP
6659,PHHPHPHHHHPPPHPHPHHP
6660,PHPHHHHHPPPPHHPHPPPH
6661,HHHHPHPHPHPPHPPPHPPP
6662,HPHHPHPHHPHHHPPHPPPP
6663,HHHHPPHPPHPHHPPPHPHH
6664,HPPPHHPHHPHPPHPHHHPP
6665,HPPHHPPPHHHHHPPHPPHP
6666,PHPPHHHPHHHPHHHPHHPH
6667,PHHPPPPHPPPHHPHHPPPP
6668,PHPHHHPHHPHHPHHHPPHH
6669,PPPHHPHHPHPPHHPPPHHH
6670,HHHHPHHHPHHHHHPHPHHP
6671,HPPPHPPPHPPPPPHHPPHH
6672,HPPPHHPHHPHHPHHHHPPP
6673,PPPHPHPHPHPHPHPPPPHH
6674,PPHHHHPHPHHHHPPPPPHH
6675,HPPHPPPPHPPHHPHPHPHP
6676,PHPPPPHPPHPHPPHPHPHP
6677,PHPPHHPHHPHPPPPPPHPH
6678,HPHPHPPHPPHPHPPPPHPH
6679,HHHPPHHHPPHHPHHHPPHH
6680,HHPPPPPPHHPHHPPHPHHH
6681,PPHHPPPPPPPHPPHPHPHH
6682,PHPHHHHPPPHPPPPPHHHP
6683,HPHHHPHPPHHHHHHHHPHH
6684,HHPPPPPPHHHPHHPHPPPH
6685,HPPHHPPPPPHHPPHPPHPP
6686,PPHHPHPHHPHPHHPPPPHP
6687,HPHPHPHHPPHPPPHPPPHP
6688,PPHHHPPPHPHPPHHPPHPH
6689,HPPHPPHHHPPHHPHHPHHH
6690,PPHPHHPPHHPHPPPHPPPP
6691,HHPHPHPHPHHHPPPHHHPP
6692,PHPHHPPHHHHPPPHHHPHP
6693,HHHHPPPPHHHHPHPPHHHP
6694,PHPPPHHPPHPPPHHPHPPH
6695,PPPPHPPPPPPPPHHHHPHP
6696,HHHHHPHPHPPHPPHHHHPH
6697,HHPPPPPPPHHPPPHHPPHH
6698,PPPHPHHHHHHPHPPHPPPP
6699,PPHPPHHHHPHPHHPPHHPH
6700,HPPHHPHPPPPPHHHPHPPH
6701,HPPHPHHHPPHHHPPHPPHH
6702,PPPHHHHHHHPHHHHHPPPH
6703,HPPPHPHPHHPPHHPHHHPP
6704,PHHHHHPPHHHPHPPHHPPH
6705,HHPHPPPPHPHHHHPPPHHH
6706,HPPHPHHHPPPPPHPHPPPH
6707,PHHPPHPPPHHPHPHHHHHP
6708,PHPHHPHHHPPPHHHHHPHP
6709,HHPHHHHHHHHPHHHHHHPP
6710,PPPPHHPHPPHPPPPPHHPH
6711,HHPPHPPPHHHHPHPHHPHP
6712,HHHPHHPHPHHPHHPHHPHP
6713,PPPPPHPHPHHHPHHPPPPH
6714,HPHPHHPPHPHPPHHHHPPH
6715,HHHPHPHHPHPHHHPPPHHH
6716,HPPHHHPHHHHPHHHHPPPP
6717,HPPPHPHPHPHPPHPHHPHH
6718,HPHPHPPPHPPHPPHPHHPH
6719,HPHHHHPPPPHPPHPHHPPP
6720,HPHPPHPPHHPPPHHHPHPH
6721,PHPHPPHHPHHPHPHHPHHH
6722,HPPPPPPPPPHHHHPHHPHP
6723,PHHHPHPHPPPPPHPHPHHH
6724,HPHPHHPHHPPHHPPHHHPH
6725,PHHHPPHPPHHPHHHHHHPH
6726,HPPHPPPPHHHHPHHHHHHH
6727,HHHPPPHHHPPPHPHPPPHH
6728,HPHHHHHHHHHPPPHHHPPP
6729,PHPPHPPPPPHPHPPHHPPH
6730,PHPPHHHHPPPPPHHHPHPH
6731,HPPHHPPPPHHHHPHHPHPH
6732,PHPHHPPPHHPPPPHHHPPH
6733,HPPHPHPPPHHHHPHHHPHP
6734,PPHHHPHPPHHHPHPHHHHH
6735,HHHPPPPPPHHPHHPPPPPH
6736,HPHPPPHPHPPHHHHHHPPH
6737,PPHPPHHHHPPPHHHPHHHP
6738,PPHHPHHHPHPHPPHPPPPP
6739,HHPPPHHPHPHHHPHHPPPH
6740,HPHHPPPHHHPPHHHHPPPH
6741,HPPPPHPPHPHHPHPHPHPP
6742,PHHPPHHPPHPHPPPPHPHP
6743,HPPPHHHHHHHPHPPHHPPP
6744,HHPPPHPPPHHHPPHPHPHH
6745,HPHPHHHHHHHHHHHHPHHP
6746,PHHHPHPHHHHPHHHPHHPP
6747,PHPHPPHHHPHHHPPPPHHH
6748,HPHHHHHHHPPPPHPPHHPH
6749,PPPPPHHPPPPPHHHPPHPH
6750,PHPPPHHHPHPHPPHPHPPP
6751,PPPHPHHHPPHHPPPHPPPH
6752,PPPPHPPHPHPHHHHPPHPP
6753,HHPPHPPPHHPHHPHHHHHP
6754,PHPHPHHHHPHPHPPHHPHP
6755,PHHHPPHPPPPPHHPHPPHP
6756,PHHPPPHHPPPPPPPPPHHH
6757,PPHPHHHHPPPPPPPPPPHH
6758,PHHPHPPPPHPHPPPHPPPP
6759,HHPPPHPHPPHHHPPHHHHH
6760,HPPPPHPPPHPHHPPHPHPP
6761,HHHPPPHHHPPHHPHHHHHH
6762,HPPHHHHPHPHHHHPHPHHP
6763,HHPPPHPPHHHHHPPPHPHH
6764,PHPHHPHPPHHPPHHHHHPP
6765,PHHPHHHPHPPHPPHHPHHH
6766,HPPHPPPHHHPHPHHHHHHP
6767,HPHHPHPPPHHHPPPHPPHH
6768,HHPHHHHPPHPPHPHHPHPH
6769,PHPPPPPHPPPHPHPPPHPP
6770,HHHPHPHPHHHHPPHHPPPP
6771,HHPHHHPPPHHHPHHPHHPH
6772,PPPPPPHPHPPPHHHPPHPP
6773,HPHHHHPHHHPHHPHPPHPH
6774,PPPHHHHHPHHPHPHPHPHH
6775,HPPPPPHHPHHPPHHHHHPP
6776,PPPHPHHPPHHHHPPPHPPH
6777,HHHHPHPHHHHPPHHPHPPH
6778,PPHHHHPPPPPPPHPHPPPH
6779,PHPHPPPHPPHHPHHPHHPP
6780,HPHPPHHPHHHPPPPHHPPH
6781,PHPHHHHPPHHHPHHHPHPP
6782,PHPPPHHPHPPPHPPPPPHH
6783,HPHPHHPHPPPPHPPHPHHH
6784,HHPHPHPPPPPHPHPHPHPH
6785,PPPPHPHHHHHHPHHHHPHP
6786,PPHPPPPHHPHPHPPPPPHP
6787,HHHHPPPPHPHPPHHPPHPP
6788,HHHPHPHPPPPHPHHPPPHP
6789,PHPHPHPPHPPHPPHHPHHP
6790,PHPPPHPPPHHPHPHHPPHH
6791,PPPHHPHPHHPHHHPHPPHP
6792,PPHPHPHHPPHHHHHPHHPP
6793,PHHPPHHHHPPPPPHPPHPH
6794,HPHPPHPPHHPPPPHPPPHP
6795,PPPHPPPPHHPHHPPPPHPH
6796,PPPPHHPHPPPPPHPPHHHH
6797,PHHPHHHHPHHHPPHHHPHP
6798,HPPHPPHHPPPHHHPHPPHP
6799,HPPHHPHPPPPHHPPHPHHP
6800,HPPHHPHHHPHPHPHPPHPH
6801,PHHPPHHPHHHHPHHPPPPH
6802,HPHHPPPPPHHHHHPPPHHP
6803,HPHPHHPHHHHPHHPPPHPP
6804,HPPPHHPHHPHPPHHHHPHP
6805,PHHHHHPHPHPPHPPPHPHH
6806,PHPPPPHHHHHPHPHPPHPH
6807,HPPPHHPPHHPHHPHHHPHH
6808,PHHHPPHPPPHHPHPHPPPH
6809,HHPPPHHPHHPHHPHHPPHH
6810,HHHPHHPHPHPPHHHPHPHP
6811,PHPPPPPPPHHHHHPHPPPP
6812,HHPHPPHHHHHHHPHPPHPP
6813,PHHPPHPPPHHHPHPPHHPH
6814,PPHHHPPPPHHPHHHPPHHH
6815,PHPHPHHPHPPHPHHHHHHP
6816,HHPHHPPPPHHPPHHHPPHH
6817,PHPPHPPHPHPPPHPPPPHH
6818,HHHHHPHPHPHHPHPPHHHP
6819,HPPHPHHHPHPHPPPHPHPP
6820,PPHPPHPHPHPPPPPHHPHH
6821,PHHHHHPHPHPHHPPHPPPP
6822,PPHHPPHPHHPHPHPHPPHP
6823,HHHHHHHPHHPHHHHPHHHH
6824,PHHPHHHHPHPPPHHPPHPP
6825,PHPHPHHPHHHPPPHHPHPH
6826,PPPPHPHPHPHPPHPHHHPH
6827,PHPHHHPHHPPPHHHHHHHP
6828,PPHPHHHHPHPHPPHHPHHH
6829,PPPPHPPHHHHPHHPHHHHP
6830,PHPPHPHHHHPPPHHHHHHH
6831,PHPHPHPHPHHPHHPHPPPP
6832,HHPPPPPHPPHPHHHPPHHP
6833,HHHPPHPHHPPHHHPPPHPP
6834,HPHHHHPPHPHPHPPPPHHP
6835,HPHPPPPHHPHPPPPPPHPP
6836,PHHPHPHHHHPPHHHPHPPP
6837,PHPPPHPPHHHHPHPHPPHP
6838,HPPHHPHHHHPPPPHHPHHP
6839,PPPHHPHPPPHHHHHPPHPH
6840,HPPHPPHPPHHPPPHPHPHH
6841,PHHPPPHHPPPHHHHHPHPP
6842,HPHHHHPHHHPPPHPHHPPH
6843,PHPPPHPPHHPPPPPHHHHH
6844,PPHPHPPPPHPPPPHHHPPH
6845,PHPPPPHHPHPPHHHHHPPH
6846,HPHPPHHPPPHHPPHPHPHH
6847,PPPPPPHPPHPPHHHHHPHP
6848,PHHPPPPPPHPPHPHPHPHH
6849,PHHPHHHHPHHHHHHPHHHH
6850,HHHHPHHPHHHPHHHPPHHH
6851,PHPPPHPPPHPPPHPHHPHP
6852,PPHHPPHPPPHHPPPHPHPP
6853,HHHHPPHPPPHPHPPHPHPH
6854,PPPPHPHHHPPPPPHHHPPP
6855,PPHPHHPHPHPPPPPHPPPP
6856,HHPPHPPPPHHPHPPPHHPP
6857,HHPHHPHPPPHPPHPHPHHH
6858,PHPPPPPPHPPHPHHHPHPH
6859,HPHHHPPPHPHPPPHPHPHH
6860,HHPHPHHPHPHPHPPPHPPH
6861,PHHHPHPHHHHPHPHHHHPH
6862,PHHHHHPHHPHPPHPPPPHP
6863,PPPPHHHHPPHPPPPPPHHH
6864,PHHPPPHHPPHPPPPHHHHH
6865,PHPHPHHHPHHHHPHPHHHH
6866,HHPPPPPHPHPPHHHHHHPP
6867,HHHHPHPHPHPHPPPPHHHP
6868,HPPPHPPHHPHPPHHHHPHP
6869,HHHPHPHPPPHPPHHPPPPP
6870,PHHPHPHPPHPHHPHHPPPP
6871,HPHHHHHPHPPPHHHHPPHP
6872,PHPPHHPPHPPHHHHHPPHP
6873,HPHPPHPHHPHPHPPPHPPP
6874,PHPPPPPPHPPPHHHPHHPP
6875,PHHPPPPPPPHPPHPPPHHH
6876,HPPPHPPPPPPHHHPPPPPH
6877,HHHHHHPPHHHPHPHPHPHH
6878,HHPPHHHHHHPPPPPHHHPP
6879,PPHHPHPPHPPHPPPHPPHP
6880,HPPHHPHPHPPPPHPPHHPH
6881,HPHHPHPHPPHPHPPHHHPP
6882,PPHPHHPHPHPPPHPPPPHP
6883,PPHPPHPPHHPHHHPHHPHH
6884,PPPHHHPHHPPHHHHHHPHP
6885,PHPHHHHHHPPHHPPHPPHP
6886,HPHHHHPHHPHHHPPPHPPH
6887,HPHPPHPHHPHPHPPPHPPH
6888,PHPHHPPPHPHPPPPPPHHP
6889,HHPHPPHHHPPPHPPHHHHP
6890,PHPPPHHHHPPHPHHPHPPH
6891,PPPHPHHHPHPHHHPHPPHH
6892,HPHHPHPPPPHHHPPPHHPH
6893,PHHPHHPHPPHPHPHPPPHH
6894,HHHPHHHPHHPHPHHHHPHH
6895,PHHHPPHPPPHPPHHPPPPH
6896,PHPHPPPPHPHHHHPHPPPP
6897,HHHPPPHHHHPPHHHPHHPH
6898,HPHHHHPPHHPHPHPHHPPH
6899,PHHHPPHPPPPHPHPHPHHP
6900,HHPPPHPPPHPPHPPPPHPH
6901,HPHPPPHHPPHHHPPPPHPH
6902,HHPHHPHPPHPHPPPPPPHH
6903,PHPPHPHHPPHHHPHHPPPP
6904,PPPHPHPPHHHPHPPPHHPH
6905,PHHHHPHHPPPHPPHPHHPP
6906,PPHHPHHPPHHPHPHHHPPP
6907,HHHPHPPHPHPPHHPHPHPH
6908,HHPPPPPHPHHHPPHHHHHH
6909,HHHHHPPPHPPHPHHHHPPH
6910,HPHHHHHHPHHPHPPHHHHP
6911,HHHPHPHPHPPHHPPHHPHP
6912,HPPHPHPPPPHPHHHHHHPH
6913,HPHHHHHPHPHHHPHHPPHH
6914,HPHHHHPPHHHPHPPPPHHH
6915,PPHHPHHHPPPPHPPPPHPH
6916,PPHPHHHPHHHPHHPHHPHP
6917,HPHHPPHPHPPPPHHHPPPH
6918,HHHPHPHHPHPHHPHPHHHP
6919,PHHHHPPHHHPPHPPPPHPP
6920,HPHHHHPHPPPHHPPHPHHH
6921,PPHPPHHPHPHHHHHHHHHH
6922,HHPHHHHPHPPHPPPPPHPH
6923,HHPPHHHHPPPPHPPHHHPP
6924,PHHPPHHHPHHPHPPPPPPH
6925,PHHHHHHPPPHHPHPHPHPH
6926,PHHPHHHPPPHHPPPHHPPH
6927,PPHPHPHPPHPHHPHHHHHP
6928,HHHHPPPPPPPHPPHPPHPH
6929,HHPHPPHHHHHPHPHPPPHP
6930,HPPHPHHPHPPHPHHHPPHH
6931,PPPHHHPPPPHPHHPHPPPP
6932,PPHHPPHHPPPPHPPPHPHP
6933,PHHHHPPHHPHHHPHPPPHP
6934,PHHHHPPHPPHHHHHPHPHP
6935,HPHHPPPHPPHHHHPHHPHP
6936,PPPHPHPPHHPPHPHHPPHH
6937,PPHHPPPHHHPHPHHPHPHP
6938,HPPHPHHHHPHPHHPHHHPH
6939,PPHPPHHHPPHPPPHPPPHP
6940,HHHHPPPHHHPPPPHPHHHH
6941,HPPPPHHHHPPHPHPPHPPH
6942,PHHHPHHPPPHPPPHPHHHP
6943,HHHPHPHHPHPHPHPHHHHP
6944,PHPHPHPPPPPHPPHHPPPP
6945,HHHPHPHPPHPPHHPHPHPP
6946,PPPPHPHPPHPHPPPHPPHP
6947,PPHHPPPPHHPPPPHPPPHP
6948,HHHHHPHPHHPHPPPPPHHH
6949,HHPHPPPPPHPPHHPHPPHP
6950,HHPHHPHPHPHPPHPHHPPP
6951,PHHHHPPPPPPHHPPHHPPP
6952,HHHHPHPHPPHPHPPHHPHH
6953,HPPPHHPHHPHHHHPHHHPP
6954,PHPHHPHHHPHPPPPHPHPP
6955,HHHHPHHHPHHPPHPHPPHH
6956,PHHHHHHPPHHPHHPHPHHP
6957,PHPHHPPPHPHHHHPPHHHP
6958,PHHPHHHPPHPHHHPPPHPP
6959,PHHPPHPHPHHPHHPHPPPP
6960,HHHPPPHPHHPHHHHPHPPP
6961,PPHPPHHHPHHHPPPPHHPP
6962,PHPHHPHHPPPHHHHHPPPP
6963,HHPPPHHPHPHHHPHHPHPH
6964,PPHPPHHPHPHHHPPHPHHH
6965,PPHPPHHPHHPPHPPPPPHP
6966,PPHPPHPPPHPHHPHPHHHH
6967,PPHPHPHPPPHPPHHPHHHH
6968,PPPHHHHPPHHHPHPPPHPH
6969,HHHPPHHPPPHHPHPHHPHH
6970,PPPPHPPPPHPPHHPHHPHH
6971,HPPPPPPPPHHHHPHHHHHP
6972,PPPPPHPPHPHPPHHPPPPH
6973,HPHHPHHPPHPHPHHHPHPP
6974,HHPPPHPPPPHHHHHHHHHP
6975,HHPPPPPPHHPPHPPPPPHP
6976,HHHHHPPPPHPPPPHHHHPH
6977,HHPHHHHPHPPHPPPPHHPH
6978,PPPPPHPPHPHHHHPPHPPP
6979,HPPPHPPHPHHHPPPHHPPH
6980,HHPPHHPHPPHHPPHHHPPP
6981,HPHHPHPPPPPPHHPPPHHP
6982,PPPHPPHHPHPHHPPHPPHH
6983,PHPHHHHPPHPPPPHHPHPP
6984,HPHHHHPPPHHPPHHHHHPP
6985,PHHHPPHHPHPHPPPPPPPH
6986,HHHHPHPPPPPHHPHHPPPP
6987,PPPPHHPPPHPHPPPHPPHP
6988,HHPHPPPHPPHHPHPPHHPH
6989,PHHHPHHHPHHPPPHPHPPP
6990,HPHHHPPHPHHPPHPHHHHH
6991,HHPPHPHHPHPHPPHHHHHH
6992,PPHHPPHPHPHPHPPHPHHH
6993,HPPHHPPPPHPPHHPPPHPH
6994,HPHPHHPHHHHHHPHPPPPP
6995,HHHPHHHHHHHHHHPPHPPH
6996,PHHPPPHHHHHHHPHHPHHH
6997,PPPPPHHHHPHPPPPHHPPP
6998,PPPPHPPPPHPHHHPHHPHH
6999,PPHHPPPHPHPPHHHPPHPH
7000,PHPPPHPPHPPPHPHHPHHH
7001,HHHPHPPPHPHHHHPHHPPH
7002,HHHPHHPPHHHPHHPHHPPP
7003,HHHPHPPHHPPPPPPHHHHH
7004,HPHPHPPHPHPPPPHHHPHH
7005,HPHPHHHHPPHHPHPPPHPH
7006,PPHHPPHPHPHHPPPPHPHH
7007,PPHHHHPHHPHPHHPPPPPH
7008,HPHPHPHHPPPPPHPPPPPP
7009,HPPHHHPPHHPHPHPPHPHP
7010,PHHHPPHHPPPHHPPPPHPH
7011,HHPPHHPHPPHPPHHPPHPH
7012,HPPPPHPPHHHPPPPPPHHH
7013,HPPPHPPPPHPPPHHHPPPH
7014,HPPHHHHHPPHPHHHHHHHP
7015,HHHPPPHPPHPHPHPPHPPP
7016,HPHHPHPPPHHHPPPHPHHH
7017,HPHPHHPPPPHPHPPPPPHH
7018,PHPPPHPHHPPHHHPHPHHH
7019,HHPPHPPPPPHPHHPHPHPP
7020,PHHHPPPPPPHHPPPHHHHP
7021,HPHPHHPHHPPPPPHHPHPP
7022,HHPHHPHHHHHPHHHPHHHH
7023,HHHHHPPHPPPHPHPPPPHH
7024,HPPPPPPPHHHPHHHHHPHH
7025,HHPHHHPHHHHHHHHPHHHP
7026,HHHPPPHHPPPPHPPPPHHH
7027,PPHHPHPHHHPHHPPHHPHP
7028,HPHHHHHPHPPPPPHPHPPP
7029,PHPHHPHHPHPHHHPPHPPP
7030,PHPPPPPPPPPPPPHPHPHH
7031,HHHHHHHHHHHPHPPPPHPH
7032,HPPHHHHPPPHHHPPPPHPP
7033,HPHPHPHPPHPHPPHHPPHH
7034,PHPPHHPPPHPHHHHPPPHH
7035,PHPHHHPHPHPHHPHHHHHH
7036,PPPPHPPHHHPHHPPHPHHH
7037,HPHPHPHHPPPPHPPPPPPH
7038,HPPPHHPPPHHPHPHHPPHH
7039,HPPPHHPHHHPPPPHPHPPH
7040,HPHHPHHHPHPHHPHPPHHH
7041,PPPHPHHPHHHPHHPPHPPP
7042,HPHHPPHHPPHHHHHPHPPH
7043,HPHPHPPHHHPHPHHPPHPP
7044,HHPHPPPHHHHHHHPPPPHH
7045,PPPPHHPPHHHHPPPHPPPH
7046,PPHHHHHHHPHHHPHHHPPH
7047,PPHHPPHPPHHPPPPPPHPP
7048,PHPHPPHHHHPHHHPHPHHH
7049,PHPPHHHHPHHHPPHPHHHH
7050,PPHHPPPPHHHPHPPHPPPH
7051,PPHHHPPHHHHHPPPHPPPP
7052,PHHPPHPHHHPPHHPHHPPP
7053,HHHPHPPHPPHPHPHHPPHH
7054,HPPHHHHPHPPHHPHPHHPH
7055,HHPHHHHHPHHPPHHPHPPP
7056,PPHPHPHHHPPPHHHPPPPH
7057,HPHPHPHHHHHPPHPPHPHP
7058,HHHPPHHHPPPHPHHHHPHP
7059,PPHHHPPPPPPPHHPPHHHP
7060,HPPHPPPPHHHHPHPHHHPH
7061,PPPPHHPPHPHPHHPPPPPH
7062,PPPHHPPHPPPPPPHHHPHP
7063,PHHHHPHHPHPPHPPPHHPP
7064,PPHPHHPPPHHPHHPPHPHH
7065,PPHHHPHPPPPPPHHPHPHH
7066,PHPHHHHHHPHHHPPHPHHH
7067,PPHPPPPPHPHHPPHHHHPP
7068,HPHHHPPHPHHPHHHHHPHH
7069,PHPPHPHPPPPPPPHPPHPP
7070,HHHHPPPPHPHPHPPHHPHH
7071,HPPHHHPHPPHPHPPHPHPP
7072,HPHHHPPHHPHPHHHHPPHH
7073,HHPPHPHHPPHHPPPHPHHP
7074,HHPPPPPPHHPPPPPHHPHP
7075,PHPPPPPPPHPPPHHPHHHH
7076,PPHHHPPHPHHPPPHHPPHH
7077,HHPPHPHPPHPPPPPPHPPP
7078,PPHHHHHHHPHPPPHHHPHP
7079,PHPHPPHPPHPHHHHHPHHH
7080,HPPPPPHHPHHPPPPHPHPH
7081,HPHHHPHPHHPHPHPPPPHH
7082,HHHHPHHPHPPPPHPPPHHP
7083,HPHPPHPHPPHPPHPHPHPP
7084,HPPHHHPHHHPHPHPPPPHP
7085,PHPPHPHPHPHPHPPPPPHP
7086,PPHHPHPHPHHHHPHHHPHH
7087,PHHHHHPHPPHHPHPPHPPH
7088,PPHHPPHPPHHPHPHPHHHH
7089,HHHPPPHPHHPHPPPHHPPH
7090,PHHHHPHPHHPPHHPHPHHP
7091,HPHPPHPPHPHHPHHPHPHP
7092,PHHPPPHHPPHPPHPPHPHH
7093,PHPHHPHPPPHPHPHHPHHH
7094,HHHPHHHHHHHHHPPPPPPH
7095,HPPHHHHPHHPHHHPPHPPH
7096,HHHHHPHPHHHPPHHHHHPH
7097,PPPPPPHPHHHHHPPPHPPP
7098,HHHPPPPHPHPPHPHPHHPH
7099,HPPHPHPPPHHPPHHPHPPP
7100,HPPPHPPHHPHHHPHHPPPP
7101,HPHPHPPPPHPPPHPHHHPH
7102,HHPHPPPHHPHHPPHPHHPP
7103,HHPHHHHPPPHPPPHHHPPP
7104,HPHPPPHPHHHPPPHHHHHH
7105,HPPPPPPPHHHHPHHPPPHP
7106,HPHHPHHPHPPPHHPHHHPP
7107,HPPHPPPPHHPHPPPHPPPP
7108,HHHHPHHHHHHHPPPPHPPP
7109,HPPPPHPPHPPPHPHHPPHH
7110,HHHHHPPPPHHHPHPHPPHH
7111,HHPPPHPPPHHPPPHHPHHH
7112,HPPPPHHPPHHPPPHHPHPH
7113,PHHPPHPPHPHHPHPHPHPP
7114,PPHPHPPHPPPHPPPHPHHH
7115,PHPPHHPPPHHPHHPPPPHH
7116,HHHPPPPHHPPPHHPPHPPH
7117,HHHHPHHPPPPHPPPHHHPH
7118,HPPPHHHHHPPHHHPHPPPP
7119,PHPHPHHHPPHHHHPPPPPP
7120,HHPPPHPHPPHPHPHHHPHP
7121,PPHPPHHHHPPHPPHHHHHH
7122,PPPHHHHPPHPPHHHPPPPP
7123,HHPPHPPPPHPPHPHHPHPP
7124,PHHPPPPPHHPHHPHHHPHH
7125,HHHPPPHPHPHPPPHHHPHH
7126,HPHPHHHPPPHPPPPPPHPP
7127,PHPPHHPHPPHPPPPPPHPP
7128,PPHPPHHHHPPHHHHPHHPH
7129,HPPPHHHHHHPPPHHPHHHH
7130,PPPHPPPHPPPPHHPPPPPP
7131,HPHHPPHHHPPPHHPPHHHP
7132,PHPPHPPPHPHHPHHPHHHH
7133,PPPHHPHPPPHHHPHHHPPP
7134,HPHPHHHPPPHPPPHPPHPP
7135,HPHHPHHHHHPHHPPPHHHP
7136,HPHPPPPPPHPHHPPHHPPP
7137,PPPHPPPHHHPPPHHPHPHH
7138,PHHPHPHPHHHHPHHPPPPP
7139,PHHHHHHPHPHPPHPHHHHP
7140,HPHPHPHHHHPHPHPPPHHH
7141,HHPPHHPHPHPHHPPHHHHP
7142,HPHPHHPHHHPPHPPHHPPH
7143,PHPPPPHPPPPPHPHHPPHP
7144,PHPHHPHHPHPHHPPPPPHH
7145,PPHHHHHHPPPHPPPHHHPH
7146,PPPPHHHHHHPPPPPPHHHH
7147,PPPHPPHPPPHPPPPHPHHP
7148,PHPHPHPPHHHHHHPHHHPP
7149,PHPHPHPPHHHPHPPPHHPP
7150,HHPHPPPPPPPPHPPHPPHP
7151,PPHHPHPHPPPPPPPPPHHP
7152,PHHHPPHHHHPPHHPPPHHP
7153,HHPHHHHPHPPHPPPHPHPP
7154,PPPPHHHHHHPPPHHPHHPH
7155,HHHPPPHPHHPPPHPHPPPH
7156,HHPPPHPPHHPHPPPPHHPP
7157,HPPHPHPHPHHHPHPHHHPP
7158,PPHHPHHHPPPPPHPPHHPH
7159,PPPPPHPPPPHHHHHHPHHP
7160,PPPPHPHHHHHPPPPHHPHP
7161,HHHPPHHPPPPHPHPPPHPH
7162,HPPPPPPPPPHPPPPHHPHH
7163,PPHHPPPHPHHHPHHPPHHP
7164,PPPHPHPHPHHPHPPHHPHP
7165,HPHHHPHHPHHPPHHHHHPP
7166,PHPHPHPPPPHHHHPPHPPH
7167,PPHHHPHHPPPHPHHHPPHH
7168,HPPPHHPPPPHHPHPPHPHP
7169,PPHPPPHHPHPHHPPPPHPP
7170,PPHHPPHPPHPHHHPHPHHP
7171,PPHPHPHPPHHPHHPPPHPP
7172,HPHPPHPHHPPPHPHHPHPP
7173,HPPHPPPHHPPPPPPHHHHH
7174,HHPHHPHPPHHPHPPHPPPH
7175,HPPHPHHPHHPPPHPHHPPP
7176,PHPPPPPHPHHPPHPPHHPP
7177,PPHHHHPPPHPPHHPHHPPH
7178,HPPPHHPPPPHPPPPHPHHH
7179,PPHHHPPHPHPHHHPHPPHP
7180,HPHHPPHHPHHHPHPHPHHH
7181,PPPPPPPPPPHPPHHPPHHH
7182,HHPPHHPHHPHHHHHHPPPP
7183,HPPPPHHHHPPPHHPPPPPP
7184,HPPHPPHPHPHPPHHPHPHH
7185,HPHHPHPPHPPHPPPHHHHH
7186,PHPHHPHHPHPPHPHPPHHH
7187,PHPPHHHPPPHPPHPHPPPP
7188,HHHPHHPHPPPHHHHHPPPH
7189,PPHPPPPHHPHPHPHHHPPP
7190,HPHPPPPPHHPPHHPHHHPH
7191,PHPPPHPPHPHHPPHHPHHH
7192,PPPPHPPPHPHHPHHHPHHH
7193,PPHHPHPPHPPHPHHPHHPH
7194,HHHPHHPPPHHHPHPHPPPP
7195,PHPPPHHPPHHPHHPHPPHP
7196,HPHHPHHHHHHHPHHHHHHP
7197,PPPPPHHPHHPHHPPPPPHP
7198,HPHHHHHPPPHHHPPHHPHP
7199,PHPHPHHHPHPPHPPPPHHH
7200,PHPHHHPHPHHHPHHHPPPP
7201,PHHPHPHHPPHHPHHPPHPH
7202,PHHPPHPHPHHHPPPHPPHP
7203,PPPHPPHPHHHHHPHPPPPH
7204,HPPHPPHPPPHHHPHPPHPP
7205,PPPPPHPHHHHHPPPHHHHH
7206,HHHPPPPPHPPPHHPPHPPP
7207,PPPPPHHHHHPHHHHPPHHH
7208,PHPHHHPHPPPHPHHHHHHH
7209,PPHPPHPPHPPHPPHPHPHH
7210,HHPPPHPHHPHHHPHHPHHH
7211,PPPPPPPHPHPPPPHHHPHP
7212,PPPHHPPPHHHHPPHHHPHH
7213,HHPPHHHPHPPHPPHHPHHP
7214,PPHHPPPPHHPHPPPHHPPH
7215,HPHPPHHPPPPHHPPPPPPH
7216,PPHPHPPHPHPPHPPHHHPH
7217,HHPPPHPPHHPPPPHHHHHP
7218,HHHHPHHHHHPPHHHPHPHP
7219,HHPHHHHPHHHHPPHPHPPH
7220,HPHPPHPHPPHPPHPPHPPP
7221,HPHPHPHHHHPHPPPPPHHP
7222,HPPHHHHHHPPHPPHHHHPH
7223,PHHPHPHPHHPHPPHHPPHP
7224,PPPPPHPPPHHPPPHPPHHP
7225,PHHHPHPHHPHPHPHPPHPP
7226,HPPHHPHHPPHPHHPHPHPP
7227,PHPPPHHPHHHHPPPHHPPP
7228,HPPHPPPHHHPPPPPPHPHP
7229,HHPHPHPPPHHPPPHHHHHH
7230,PPHPPHHHPHPPPHHPPHHH
7231,PPPHPHPPPHPPPHHHPHPP
7232,HHPPPPPHPPPPHPHPPHHP
7233,PHPHHHPHPHPHPPHHPPHH
7234,PHHHHPPHHHHHHHPHPHHP
7235,PPHPHPPPHHPHPHPPHPPP
7236,PPHHPPPPPPPHPHHHHHPH
7237,HHHHPPPHHPPPHHHPHHPP
7238,PPPPHPPHHPPHPPHPPHPH
7239,HHPHHHPHHHHPPPPHPPHH
7240,HHHPHHHHHHPPPHHPHHHP
7241,PPPPPPHPHPHHPHHPPPHP
7242,PPPHPHHHHHHHHHPHHHPH
7243,PPHPHPPHPPHPPHPPHPHP
7244,PPHPHHPHHHPHPHHHPPHH
7245,HHHPPPHHPPHPPPPPHHHH
7246,PHPHPHHPHPHHHHHHHPPP
7247,PPPHHPPPHHHPHHPPHPHP
7248,PHHPPPHPPPHPHPHPPPHP
7249,PHHHPHPHPPPPHHHPHPPP
7250,PPHHPPPHHPHPPPHPPPHH
7251,HHHPHPPPPHHHHHHPPHHP
7252,PPHHHHPPPPPHHPPHPHPH
7253,HPHHPPPPHPHHPHPHHHHH
7254,HHPPPHHPPPPPPHHHHHHH
7255,HPHPHHPHPPHHHPHPHPHH
7256,HHHPPHHPPPHHHHHPHPPP
7257,PPHHHHHHPPHPPPPPHHHP
7258,PHPPPPHHPHHHHHHHPPPH
7259,PPHHHHHPPHHHPPPHPHPP
7260,HHPHHHHHPPPHPPHHPHPH
7261,HPPPHHHHHPHHPHHPHHPH
7262,HHPHHHPHHPPPPPHPHHHH
7263,PHPPPHPHHPPPHHPHHHPH
7264,HHHHPHHHPPPPPHPHPHPH
7265,PPHHHPHPPPPPHPPPPHPH
7266,PPPHPHPPHPPHHHPHHHPP
7267,PPHPPHPHHHHPPHHHHPHH
7268,PPPPPHHHHHHHHHHPPPPP
7269,PHHHHHHPHPHHPPHPHHHP
7270,PHPPHPHPHPPHPPPHHPPP
7271,PPPPPHHPHHPPHHPPPHHH
7272,HPHHPPPPPPPHPPHPPHHP
7273,PPHPHPPPHHHPPPPHHPHP
7274,PPHHPPPHPHHPHHHHPPHP
7275,PHPPPPHPHHPHPPPHPHHP
7276,HHHHPPHPHHHHPHHHPHPH
7277,PHHHHHHHPPHHHPPHHPHP
7278,PPHPPHHHPPPHHHPPPHHP
7279,PHHPHPPPHPPPPPPPHPPP
7280,HPPPPHPPPHPHHHHPPHHH
7281,PPPHHPPHPPHPHPHPPHPH
7282,HHPPPHPPHPHHPHHHPPPP
7283,PHHHHPPHPHHHHPHHHPPP
7284,HPHPPPPPPHPHPHHHPHHH
7285,PPHPHHHPPPPPPPHPHPPH
7286,PPHHPHHHHPHHHPPHHHPH
7287,PPHPPHHPHPPHHHPPPHHH
7288,HHPPPPHHPHPHPHPHPHPP
7289,PPPPHPHHPPHPPHHHHPPP
7290,PHHPHHPHHPPPPPHHPPPP
7291,HHHPHHHHPHPPHHPPHPPP
7292,PHHHHHHPPPPPPHHPPPPH
7293,HPPHHHPHHHPPPHPPPPPH
7294,PHPHPHHPPHPHPPPPHPPH
7295,HPHPHPPHHPPPPHHPPPPH
7296,HHHHHPPPPHHHHPHHHPPP
7297,PHPHHHHHHPPHPPHHHPPP
7298,HHPPHPPPPPHPHHHPHPPP
7299,HHHHPPPHHPHPPPHPHPPH
7300,HHPHHHHHPHHHPHHHPPHH
7301,HPPHPHHHPHHHHHHPHHHP
7302,HHPHHPPPPPHPPHHHHPHH
7303,PPPHHHPPHPPPPHHPPPHP
7304,HHPPHPHHPHPPHHPHPPHH
7305,HPPPHHPPHHHPHHPPPPPP
7306,PPPHHPPHHHHHPPHHPHPH
7307,HHHHHPHHHPPHPHPHPHHP
7308,PPHPHHPPHHHHHPPHHPHH
7309,PPHHHHHHHPPPHHHHPPHP
7310,PPHPPHPHPHPPPPPPHHPH
7311,PHHHPPHHHPHPPHHHPPPP
7312,PHHPPHHHHHHHPHHHPPPP
7313,PHHPHPHPHHPHHHHHHPPP
7314,HHPHHPPHHPHHPHHPPHPP
7315,PHPPHPPHHPHPPHPPHPPH
7316,PPHPPHHHHPPPPPHHHHPH
7317,PHHHPPPHPHPPHPPHPHHP
7318,HHHHPPPPPPHPHPPPHHHH
7319,HPPHPHHHHPHHHPPHHHPP
7320,PHPHHPHHHHPHPHPPHPHP
7321,HPHHPHHPPHHPPHHHPHPH
7322,PHPHPHHPHPHPHHPHPHPP
7323,PPHHHHHPHHPHPPPPHHHP
7324,HHHHPPHHPHPPHPPPHHHH
7325,PPHHHHPPHHPPHPHHHHPH
7326,PHHPHPPHPHHHHHHPPHHP
7327,HPPPPHPHPHPHPPPPPPHH
7328,PHHHPHPHPPHPHPPPPHHH
7329,HPPHHPPHPHHHPPPPPPPH
7330,HHPHHHHPHHHHHHPPPHHP
7331,PPPPHHHHPHHHHHPHHHPP
7332,PPPPPPPHHHHHHHHPHHPP
7333,PHPPPPPPPPPHPHHHPHPP
7334,HHPHPHHHPPPPHHHHHHPP
7335,HHPHPPPPHPHHHHPHPHHP
7336,HPPHPPHPHHPHHPHPHHPP
7337,PHHHHPPHHHHHPPPPPHHP
7338,HPHHPPHHPHPHHHPPHPPH
7339,PHHPPHPHPPHPPHHHPPHP
7340,PHPPHHPHPHHPHHHHPHPP
7341,PHHPHHPPHHHPHHHPHHHP
7342,HHPPPPPPPHHHHHHPHPHH
7343,HHPPPHPPPHPPHHHHHPHH
7344,PHHHPHPHHPPHPPHHHHHH
7345,PHHPPHHHPPHPHHHPHPHH
7346,HPHPPPHPPPPPHPPPPHHP
7347,PHPHHPHHHPPPPPPPHHHP
7348,HPPHPPPHPHPPHHPHPPPP
7349,HPPPHPHHPPPHPPHHPPPH
7350,PPHHPHHHPHHPPHHPHHPH
7351,PPHHPHPHPHPHHHHHPHHH
7352,HHPHHHPHPHPPHPHPPPHH
7353,PPHPHHHHHPPHHPHPHPPH
7354,PPPPHHHPHPHPHHHHHHHP
7355,HHPPHHHPPHHPPPHPHHHH
7356,PHHPHPPPPPHHPHHHHHPH
7357,PPPPPHHPHPPPPHHPPPPH
7358,PPHPHHPHPPPHPHHPHHPP
7359,HPHHHHPHHPPPHPHPHPHP
7360,PHPPPHPHHPPHPHHPHHHP
7361,PHHHPHPHHPHPHHHPPPHH
7362,HPHHPHHHHHPHPPPPPHHP
7363,HHPPHHPPHPPPHHPHHPHP
7364,HPHPHHHHHHPPHHPPPHPP
7365,PPPHHPPPHHPHPHHPPPPH
7366,HHHPHPHPHHHPHHHHPHHP
7367,PHPPPHPPPPPPHPHHHHHH
7368,HPHHHHPPPHHHPPHHHPPH
7369,HHPPPHPPPHHHHHPHHPHP
7370,HHPHHHPHHPHHHHHHPHHH
7371,PPHHPHHPPHPPPHPHHPHP
7372,HHHHHHPPHPHPHPPHHPHH
7373,HHPPHHPHHPPHHPHPPHPP
7374,PHHPHPHHHPHPPPPHHHHP
7375,HHHPHHHPPHHHHHPPPHHP
7376,PPPHHPHPPPHHHPPHPPPH
7377,PHPPHPHPHPHPPPHPHPPH
7378,HPPHHHPHHHPPHPPHHPHH
7379,PPHPPPPHPPPPHHHHPPPH
7380,PHHHHPPHHPPPHPHPPHPH
7381,HPPPHHPPHPHPHPHHPPHH
7382,HHPHHPHPHPHHPHHPHPHP
7383,PPPHPHHPPPHHHHHHHPHH
7384,HHPPHHPPPPHHPPPHPPHH
7385,HHPHPPHPPHPPPHPHHHHP
7386,PHHHHHPPHHHPHHHHHPHH
7387,HHPHHPHHHPPPHPHHHPPP
7388,PPHHPPPHPPPHPHHHPHHH
7389,HPPPHPHPHPHHHPHHPPHH
7390,PHHPPPHHHPHPHHHHHHHP
7391,HPPPPPPPHPHHPPPHPHPP
7392,HPHPPHPHPHPPPHHPPHHH
7393,HHPHPHPPHPHPHPHHHHPH
7394,HHPPHPHPPPPHPHPHHHPP
7395,HHPPHHPPPPPHPHHHPHPH
7396,PPPPPPHHHHPPPPPHHHPH
7397,PPPHHHHHHHHHPPHPHHPP
7398,HPHPHHHHHHPPPPHPHHHH
7399,PHHHPPHHPPHHHHPPPHPH
7400,HHPPPHHHPPPPHPPPPPHH
7401,HHPPHPHHPPHPHPPPHPHP
7402,PPHHHPHPHPPHHHHPHPHP
7403,HHPHHHHHPHPPPHPPPPHP
7404,PPHPHPHPPHHPPPHPHHPH
7405,HHHHHPPPHPPHHHHPHHHH
7406,PHHPHPHHHHPHPHPPHHPH
7407,HHPHPPHPHPHHHPPHPHPP
7408,HPPHHPPPHHHPPPHPHPHP
7409,HPHPPPHPHHPHHHHPPPHP
7410,HPPPPHPHPPPPPPPPPPPH
7411,PPPPPPPPPPPPPHPPHHHH
7412,PHPPHHHHHPPPPHHPHPPH
7413,HHPPHPPHPPHHHPPPPPHH
7414,HPPPHHHHHHHHPPPHPPPH
7415,HPHHPPPPPPPHPPHHHPHH
7416,PPHPPPPHHPPHPHPPHPPH
7417,HPHHPPPHPHPPHHHHHPHP
7418,PHPPPHPHHHPHPPPPHPHP
7419,PHHPPHPHHPHPHPPPPHPP
7420,PPHHPHPPHHHHHPHPHHHP
7421,PHPHPPPHHHHHHPPHHHHH
7422,PHPHHHHHHHPPPHPHPPHP
7423,PHPPHPPPPHHPPHHHPPHP
7424,PPHPPPPPPPPHHPPPPPPH
7425,PPHPHHPHHHHPPPHHHPHH
7426,HPHHPPHHHPHPPHPHPPPH
7427,HHHHPHPPPPHPPHPHPHHH
7428,HPPPHPPHHHPPHPHHPHHP
7429,HPHHPPHPPPHPPHPHHHPH
7430,HPPPPPPHPHPHHHHHPHPH
7431,PHPPPHHPHPHHHHHHHHHH
7432,HHHPPHPHHHPHPHHHHPPP
7433,PPHHPHHHHHHHPHHHHPPP
7434,HHHHHPPPHPPHPPHPPPHP
7435,PHHHHPHPHPHPPHPPHPPP
7436,HHHHHHPHHHPPPHHHHHPP
7437,HHPPPHPHPPPPHHHHHHHP
7438,PPHPPHHPHPHHHHPPPHPH
7439,HPPPHHHHHPHHHHHHHPHP
7440,HPHPHHPHHPPPHHPHHPHP
7441,HPPPHPHHHHPHHPHPHPPH
7442,PHHHPHHPPHHPPHPPHHPP
7443,PHPHPHPHHPPHHPPHHPPP
7444,PHPHHPHHPHHPPPHPPHHH
7445,PPPPPPPHHPPHPHPPPHPP
7446,HPPPHHPHHPPHPHHHHHHH
7447,PHHHPPPPPHHHHHPHPHHP
7448,PHPHPHHPPHHHPHPHHPHH
7449,PPPHHPHPPHPHHPPHPPPH
7450,PHHHHHPPHPPHPPPPPPPP
7451,HHHHPPPHPHHHHPPHPHHH
7452,PHPHHPPHHHHHHHPHHHPP
7453,HHPHPHPHPHPPHHPHPHPH
7454,HHHPPHPPPPPHPPHPPHHP
7455,PHPHPPHHHPPHHHHHPHHH
7456,PPHPHHHHHHHHHHPPHHPH
7457,PHPPPHPPPHPHPPHHHPPP
7458,HPPHPPHHHHPPHPPPHHPH
7459,PPPHHHPPHPPHPPHHHPPH
7460,PPPHHHPHHPHPPPPHPPPP
7461,HPHHPPHHPPPPHHPHPPHH
7462,PPHPHPPPPHPHPHHPPPHH
7463,HHPPHHPPHHPHPHPHPPPH
7464,HHHPHHPHPHPHHPHPPHHH
7465,PHPHHPHPHPPPPHPHHPPP
7466,PHHHHHPPPPHHHHPHHPPH
7467,HHPPHHHPPHPPPPHHPHPH
7468,HPPPHPPHPHHPHPPHHPPH
7469,PPHPHPPHHPHPPPHPPHPH
7470,HHPHHHHPHHHHPPPHHHHH
7471,PHPHPPHHPHPHHHHHPHPH
7472,HHHHPPHPPHHPPHPPHHPH
7473,HPHHPHHHPPPHPPPHHHPH
7474,HPPHPHHPPPPPPHHPHPPP
7475,HHHHHHHPPHHHHPPPHPHH
7476,HPHHHPPPPPHPPHHPPPPP
7477,PHPPPHHPPPHPHHHPHHHH
7478,HHHPPHPHHPPPPHHHHHHH
7479,PPPHHPHPPHPPHPHPPPPH
7480,HPHPHHPPHPHPHHPPHPHH
7481,PHHPHPPPHHPPHHHHPPPP
7482,HPPHHHHPHHHPHPPHHPPP
7483,HPPPPHHHHHHPPHPHHHHH
7484,HPHHHPHPPPPHPHPHHPPP
7485,HPHHHHHHPHPPHPHPHHHH
7486,HHPHHPPHPHHHHHPHPHHP
7487,HHHPPHPHHPHPHPPHHPPP
7488,HPHPPPPPPPHPHPPHPHPH
7489,HPHHPHHPHHHPHHPHHHPH
7490,PPHPHPHPHPPHHPHHHHHH
7491,PPPPHPHHHHHPPHPPPPHP
7492,PHHPPPPHHPPPHHHHHHPH
7493,PPHPHHPHHHPHPHPHHHPH
7494,PPPHHPPPHPHHPPHHPPPP
7495,PHHPPHPPHPPHPPPHPHHH
7496,HHPPHHHHHHHPHPPHPHPP
7497,HHHHHHPHHPPPHPPHHHPP
7498,HPHPPPPHHPPPPPHHPHHH
7499,HPHHPHPPHPHPHPPHPHHP
7500,HPHHHPHPPHPPHHPPHHPH
7501,HPPPPPPPPHPPPHHHPPHH
7502,HPPPHHPHHHPPHPPHHHPP
7503,PPPHPHPHHPPHHPHHHHHH
7504,HHHHPPPHHPHPHHHHHPHH
7505,PHPPHPPPPPPHPHPPHHPP
7506,PHHHPPPHHPPPPHPHPHHH
7507,HHPHPPPPHHHPPPHPPPPP
7508,PPHHHHPHHPHHHHHPHHPH
7509,HPPPPHPHHHHPHHPPHHPP
7510,PPPHHHPHHPPPHPPPPPPP
7511,PPHHHHHHPPPHHPPPHPHP
7512,HPHPHHHHHHHHHHPPHHHH
7513,HHHHHHPPPPPPHPHHPHHH
7514,HPPHHPHHPPHHPPHHPHHH
7515,PPPPPPHHPPHPPPHPHHPP
7516,PHHHHHHPPPHPHHHPHPPH
7517,PHHPHPPPHHPPHPPHHPPH
7518,HPPHHPPPHPPPHPPHPHPP
7519,HHHHPHHHHPPPPHHHHPHP
7520,PPHPPHHPPHPPHHHPHPHH
7521,PHHHPPPPHHPPPPHPHPHH
7522,PPHPHPHHPHPPHPPHHHPH
7523,HHHPPPHHHHPPPPHHHHPH
7524,PHPPPPHHPPPPPHPPPPHP
7525,HHHHPPHPPHHPHHHHHHPH
7526,PPHHPPPPHHHHPPHHPHPP
7527,HHHPHPPPHPHHPPPPHPPH
7528,PHPHPPPHHPPPPHHPHPPH
7529,PPHPPHHPPHHPHHHHPHPP
7530,PHPHPHPPHHHHPHPPPPHP
7531,HPHHHHHPHPHHPHPHPHHH
7532,PHPHHPPHHPHHPPPPPPHH
7533,PHPPHPHHHHPPPPPHHPPP
7534,HHHPPHHHPHHPHPPPPHHP
7535,HPPHPHHPPHPPPHHHHPPH
7536,PPHHPHPPHPPHPPPHPHPH
7537,HPHPPHHPPHHPPPHHPHPP
7538,HHPPHHPPPPPHPPPPHPHP
7539,HPHHHPHHPPPPHHHPHHPH
7540,HPPHHHHHHHHHPHHPPPPH
7541,HPPHHHHHHHHHHHHPHHPP
7542,PPPHHHPHPHHPPHHHHPHH
7543,PPHPHPHPPPPPHHPHHPPP
7544,HPPPPPHHPHHHHPHHHPHH
7545,HPHHHHHHHPPHPHPHHHPH
7546,HHHPPHHHPPPPPPHHPPHP
7547,HPPHPHHPPPPHHHPHPHPP
7548,HPHPHPHPPPHHPHHHHPHH
7549,HHPPHPPPPPHPHHPHPHHH
7550,HHPPHPPPPPHHHHPHPPHP
7551,HPHPHPHHPPPPPPHPPHPP
7552,PHHPPHPHHHHHPPHPPPPH
7553,PPHPHPHHPPHPHPPHHHHP
7554,HPHHHHHPHHHHPPPPPPPP
7555,PHHHPPHHPPHHHHPPPPPH
7556,HHHPHPPPHPPPHPPPHHPP
7557,HHPHPPPHPPHHPHHPPPHH
7558,PPPHPHPPHPHPPPHHHPPH
7559,HPPHPPHHHHHHPPHPPPHP
7560,HHHHPPHPHPHHHPHHPPHP
7561,PHHHPHPHHHPHHHHHHHHP
7562,PPHHHHHHHPPHHPPHHHPP
7563,PHHHPHHHHPHHHPPHHPHP
7564,HHHHHPPPHHHHHPPHPPPP
7565,PPHHPHHPHPHPHPPHHHHH
7566,HHPPHHHPHPPHHHHPPHHP
7567,HHHHPPPHPHHHPHPPPPHH
7568,PHPHHHHPHPPHPPHHHPPP
7569,HHPPHHPHPHPPPPHPHHPH
7570,HPHHHHHHHPHPPPHHPHHP
7571,HHPHHHPHPPPPPHPPHPPP
7572,PHHPPHPHHPHHHHHPPHPH
7573,PHPPHHPHPHPPPPPPHHPH
7574,HPPPPHPPPPPHHHHPPHPH
7575,HPHPPHPPHPPPPPHHHHPP
7576,PHPPHHPPPPPPHPHHPHHP
7577,HHPHPHHHHHHHPHPPHPPH
7578,HHHHPPHPPPPPHPPHHPHH
7579,HPHPHHHHHPPHPPPPPPPH
7580,PPPHPHPPPHPHPHPHPHHP
7581,PHHHPHPHHPPPHPPHPPHH
7582,PHPPPPPHHPPHPHPPHHPH
7583,HHPHPPPPPHPHHHPHPHPP
7584,PPPHPPPHPHHHPPPHPPHH
7585,PHPPPHHHPPHPPHHPHPPP
7586,HHPPPHPPHHPHPPPHHHPP
7587,PHHPPHHPPHHPPHPHPPHH
7588,HPHPPPHPHPPPHPHPHHPP
7589,PPHHHHPPHHPPHHPHPPHH
7590,HHPPPHHHHHPHHHPPHHHP
7591,HPPHHHHHPHPHHPHHHPHP
7592,HPPPPHPHPPPHHPHPHPPH
7593,PHHHHHPPPPHHPHHHHPHP
7594,PHPPPHHPPHHHHPPPHHPH
7595,HPHHHHPPPHHPPPHPHHHH
7596,PHPHPHHHHHPHPPPHHHPP
7597,PPHPHPPPHHHPHPPHHHHP
7598,HPHPHPHPHPPPPHPHPPPH
7599,PHHHHPHHPHHPPPPPHPPP
7600,HPPHHPHHHHHPHHHHPPHP
7601,PHPHHHPHHPPHPHHHHPPH
7602,PPPHPHHHHHHPPPHHHPPP
7603,HHHPPPPPPPPPHPPPPHPP
7604,PPHHHPHHHHPPHHHHPHHH
7605,HHPPPHPPPHPPPHPHHPPH
7606,HPPHHHPPPHHPPPPPHPPH
7607,HHHPHHHHHPPPPPPPPPPP
7608,PPHHHHPHHHPHHPHPPHPP
7609,HHHPHHPPHPPHHPPHPHHP
7610,HPPPHPHHHHPPHPPHPHPP
7611,HPHPPHPHPHHPHHPPPHPP
7612,PPPPPPPPPPHPPHHPPPHH
7613,PHPHPHPPHHPHHHPHHHHH
7614,HPHPPPHHHPHPPHPPPPHP
7615,HHHHPPHPHPHHPHHHPHHP
7616,HHHHHHPHHHPHPHPPHHPH
7617,HPPHHPHHHHHPHPPHPPHP
7618,HHPHPHHPHHPPHPPPHHPH
7619,HHPHPHHHPHHHHHPHHPPH
7620,PHPHHPHHHPHPPPPPHPHP
7621,PHPHHPPHHPPPPHHPHHHH
7622,PPHHPHPPPHPPHHHHHHHP
7623,PHPHPHPHPPHHPHPHHHHH
7624,HPPHPPHHHHPHPPPHPHPH
7625,HHPHHHHPPHHPHPPHPPHP
7626,HHHPPPPHPHHPPPHHHHHH
7627,PHPHPPHPHPPPPPHPHPHH
7628,PHPPPHHPPHPHPHHHHPHH
7629,HHHPPPPPPHHHPHHPHHPP
7630,HHHHPPHPPPHHHPPPHHPH
7631,PPHPPHPHPPHHPHPPHHHH
7632,PHPPPPHPHHPPPHPHHHHH
7633,PHPPPHHPHHHPHPHHHHHH
7634,PHHPPHHHPHHHPHHHPPPP
7635,HPHPHHHPPPHPHHPPPPPP
7636,PPHPHPHPHHHHPHPHHPPH
7637,HPPHHPHHPHPPPPPHPHHP
7638,PPHPPHHPHPPPHPHPHHHH
7639,HHPHPPPPHHPPPHPHPPPH
7640,HHPPPHPPPHHHPHHPHPPP
7641,PHPHHHHPPHHPHHHPHPHP
7642,PHHHHHPHHPHPHPHHHPPH
7643,HHPPPPPPHPPPHPPHPHPP
7644,HHHHHHHPPHPPPHPPHHHH
7645,PPPHPHHPPPHHHPHHPHPP
7646,HHPPPPHPHHPPPHPHPPHH
7647,HPPPPHHPHHHHHHHHPPPP
7648,HHPPHHHPPHHHHPHHPPHH
7649,HPHPPPPPHHHPHHPHHPPP
7650,HPPHPPHHPHPPPPHPPPPP
7651,PPPHPPHPHHHHPHPHHHHH
7652,HHPHHHHPHHPPHHHHPHHP
7653,PPPPPPPPHPPPPHPPPPHP
7654,PPHPPPHHPPPHPHPPHPHH
7655,PPPPHHPHPHHHHPHHPPPP
7656,HHHPPPPHPPHHPPHHHPHH
7657,HHPPHHPPPPHPPHPPPHPP
7658,PPHPPPHPHPHPPPHPHPHP
7659,HHPHPHHPHPPPHHHPPPHP
7660,HHHPPHPHPPHPPHPHHPHH
7661,HHPHHHPPHHPHHHHHPPPP
7662,PHPHHPPHHHPPPPHPHPPP
7663,HPHPPPPHHHPPHPHHHPHH
7664,HHPPHHPPHHPPHHPPPPHH
7665,PHPPPHHHHPPPHHPPPHHP
7666,HHHPHHHPPHHHPHPHPPHH
7667,HPPPHHPHPHHPPHHHHPHP
7668,HHPHPPPHHHPPHHPPHHHH
7669,PHHHPPHHPHHHPPPHPHPH
7670,PHPHPHHPHPHPHHHHHPPP
7671,PPHHHHPHHPHHHPPHPPHP
7672,PPPHHPPPHPHPHHPHPHHH
7673,HPHPPHPPHPPPPPPPHHHP
7674,HHHPHHPPPPHHHPHPPHPH
7675,PHPHPPHPPPPHPPPHPHHH
7676,HHHHPHPHPPPHPHHHPPPP
7677,HPHPPHHHHPPHPHPPHHHH
7678,PPPPPHHHPHHPPHPHHPPH
7679,PPHPHPPHPHHPPPHPHPHP
7680,PHHHPPHPPHHPPPPPPHPH
7681,HPPPPPPHPHPHPHHPPPHH
7682,HPPPPHPPHHHPHHHPPPPH
7683,HHHPPPPHPPPPHPPPPPHH
7684,HPHPPPPHPHPPHHHHHHPP
7685,PPHHHHPPHPHHHHHHHHPH
7686,PPPPHHHHHHPPHHHHHHHP
7687,HHPHPHHPPPPPHPPPPPHP
7688,PPHHPPPPHHPHHPPPHHPH
7689,HHPHPPHHPHHPPPHHHHHH
7690,PPPPPPPHHPPHPPPPPPPP
7691,PPPHHPPHHPHPHPHPPPPP
7692,PPHPPPPHHHPHHHHPPHHP
7693,PHHPPPHPHPHHPHHPHPPP
7694,HHHPPPPPPPHPPHPPPHHH
7695,HPHHHPHHPHHPHPPPPHHP
7696,PPPPPHHHHPPPHPHHHPPH
7697,HHPHHPPPHPHPPPPPHPPP
7698,PPPPPPHPHPPPPHPHHPPP
7699,HPPPHPPPPHHHPPPHHHPP
7700,PHHHHPPPPHPPPPHHHHHH
7701,PPPPHHHPPHHHPPPPHPHP
7702,PHHHPHPHHHHPHPPHHPPH
7703,PHHPHPHPPHHHPHHHHPPH
7704,HPHPHPPHPHPHPPPPHPHP
7705,PHPPHHPHHHPHHPHHPPHH
7706,HHPHHPPPPHHPHPHPHPHP
7707,HHHHHPHHPHPHHPHPHPPP
7708,HPPPHPHHHPPPPHPPHPHH
7709,PHHPPHHPHHPHHPHPHPHH
7710,PPHPHHHHHHHHPPHHHPHP
7711,HPPHPPHPHPHHHPPHPHHH
7712,PHPHHHPHHPPPPHPHPPPP
7713,PHPHPPHPHHHHPPHHHPHH
7714,PPHHHPHHHPPPHHHPHPHH
7715,HHHPHPHPHHPPPHPHHHHP
7716,HHPHHPHPPHHPHPHHPPHH
7717,PHPHPPHHPPHHHHHPPPHP
7718,HHPPPPPHPPPPPPHPPHHP
7719,PHPHPHPHHPHHHPPHHPPP
7720,HPHHPHHPHHPHPPHHPHPH
7721,HPHPHPPPHPHHHPPHPHPH
7722,PPHPPHPHPHHHPHPPPHPH
7723,PPPPPPPPHHHPHHHPHPPH
7724,PPHPHHPHHPHPPPHPHHPP
7725,PHPPHPPPHHHPHHHHHPPP
7726,HPHPPHPHHHPPPPPHHPPP
7727,PPPPHHPPPPHPHPPPPHHP
7728,PHPPPHPHPHHPHHPPPHHH
7729,PPPHHPPHHPHHHPPHPHPP
7730,PPHHHHHHPHPHHPHPPHHP
7731,HPHHPPHHHHPPPPHPHHHP
7732,HPHHPPPHHHHHPHHPHHPH
7733,PPPPPHPHHPHPPPPHHPPP
7734,PHHPPPHHHHHHPPPHPHHP
7735,PPPPHPHPPHHPHPHPHPHH
7736,HPPPPHPHPHHPHPHHPPHH
7737,PHHPHHHPHHHPPPPPPHHP
7738,PHPHHPPPPPHPHPPHHPPH
7739,PHPHPPPPPPHHPPPPPPPP
7740,HPPPHHHPPPHPPPHHHHPP
7741,PHHHPPPHHPHPHPPPPHHH
7742,HHPPPHPHHPHHHHPHPPHH
7743,PHHPHPHHPHPPHPPHPHHP
7744,HHHPHHPPPPHPHPPHHHPH
7745,PPHHPHHPPPHPHPHPHPPH
7746,PPPPHHPPHPPHHHHHHPPP
7747,PPPHHHHHPHHHHHPPHPPH
7748,PPHHPPHHHHPHPHHPHPHH
7749,HPHPHPPHHPHHHPHPPHPP
7750,HPPHHPPHPHHPHPHPPPHP
7751,HHPHPHHPHHPHPPHHHHHH
7752,PHHHPPPHPPPPHPHPPHHP
7753,HHHHPHHHHPPHHHHHHHHH
7754,PHHHPPHHHHHHPPHPHHHH
7755,HHHPPHHHHPHHPPHPPHHP
7756,PHPHHPHPPHHHPPPHPHHH
7757,PPHHPPHHHHPHPHPPPHPH
7758,HHPHPHPPHPHHHPPPPHHP
7759,HPHHPHPHHPHPPHPHPPPH
7760,PHHPPHPHHHPPPHPPHHPP
7761,HPPHPPPHHHHHPHPPPPPP
7762,PHHPHHHPPHPHHHPPPHHP
7763,HPPPHPPHHHPPPHHPHHPP
7764,HHPHPPPPPPPHHPPHHPHP
7765,PHHHPHHPPPPPHHHPHPPH
7766,PPHPHPHHHHPPHHHHPHHP
7767,HHPHHHHPHPPHHPPHPPHP
7768,PPPHPPHHHHHHPHHHPPPP
7769,HHHHHHPPHHHPHHPHHHHP
7770,HHPHPPPPPHPHHPHPHPPH
7771,PHHPHPPPPPPHPPPHPPPH
7772,PPHPHPPHHPHPHHHPHHHH
7773,PPPHHHPHHHPHPHPPPPPH
7774,PPPPHHHHPHPHHPPHHPHP
7775,HHPHPPPHHHPHPHPHHHHH
7776,PHPPPPPHPPHHHPPPPHHP
7777,HPHHHPHPHPHPPHPPPPHP
7778,HPPPPPPHPHPPHHHPPPPH
7779,PPPHPHHPPHHHPHPHHPPP
7780,HHHPPHPHPHHHHHHPPHHP
7781,HHHHHPHPPPHPPHHPPPHP
7782,HHHPPHHPHPPPPHHHHPPH
7783,PHHHHPPPHHPPHPHPPPHP
7784,PHHPHPHHPPHPHPHHHHHH
7785,HHHHPPPHPPPHHPPPPHHP
7786,PPPPHHHPHHPHPPPHHHHH
7787,HHPHHHHPHPPPHPHHPPPH
7788,PPPPPHHHHPPPPHPHPPPH
7789,PHPPPHPHPHHPPPPHPHHP
7790,HHHPHHPPPHHHHPHHPHHH
7791,PHHHHHHPPPPPHPPHHHHH
7792,HHHPPPHPPHHPPPPPHPPP
7793,PPHHHHHHPPHPPPHHHHPH
7794,PPPPHPHHPPHHPHPPPPHH
7795,PHHPPPPPHPHPPPPHHPPH
7796,PHPPPPHHHPPPHHPHHHPP
7797,PPPPPPPHHHPHHPHHPHHH
7798,PPPPHPPPHHHPPPHHHPHH
7799,PHHHPPHHHHPPPPPHPHPH
7800,HPHHPPPHPPPHPHHPHHHP
7801,HPHPHHHPPPHHPHHPHHPP
7802,PHHPPHPPPPPHHPPPPPPH
7803,HPHPHPPHPPPHHPHPPPHH
7804,PPHHPHHHPPPHHHPHPHPH
7805,HHHPHHHHHPPPPPHPPPHP
7806,HHHPPPHPPPPHPPPPHHPH
7807,PPPHHHPHHPPHHPHHPHHP
7808,HHPHPHHPPPPPPPHPHPHH
7809,HHPPPHPHPHHHHHPPHPPP
7810,PHPPHPPPHHPHHHPPPHPP
7811,HPHPHPPHHHPHPPPHHHPP
7812,PPPHPPHPHHHPHPHHPPPH
7813,HHHHHPPPHPHPHHPHHHPP
7814,PHPPHPHPHPPHPPPHPPPH
7815,HPHPPHPPPHPPPHPHPPHP
7816,HHHHHPHPHHPPHHHPHHHH
7817,HPHPHPPPHPPHPHPPPPPH
7818,PPHHPHPPHPHPPHHHPHHP
7819,HPPPHHHPPHHPHPPHPHPP
7820,HPPPPPHPHPPPHHPPHPHP
7821,HPHHHPPHHPHHPPPPPPPP
7822,HHPHHHPPPPPHPPHHPHHH
7823,PHPPPPHHPHHHPHPPHHHH
7824,HHHPHHPPHPPHHPHPHPPP
7825,PPPHPPPHPHPHPHHHPPHP
7826,HHHHPPPHPHPHHHPHHPHH
7827,PPHPHPPPPHPHHHHHPPHP
7828,HHPHPPPHHHPHPPHPHPHP
7829,PPPPPPHHHPPPHHPPPPPH
7830,HPPHPHPHHHPHPPHHHPHP
7831,HPPHHPHHPHHHPHHPPPHH
7832,HHHHPHHHHHHPPPHPHPHH
7833,PHPHHHPPHPHHHPHHHHHP
7834,HHPPHHHPPPPPPPPHHHHP
7835,HPHPHPPPPPHPHPPHPHPH
7836,PHPHPPPPPHPHHHPPHPHH
7837,PPHHHPHPHHPPHHPPHPHH
7838,HPPPHPPHHPHPPPHPHPPP
7839,PPHHHPPHHHHPHHHPPPPP
7840,PHHPHHHPPPHPPHPHPPHH
7841,PHHHHHPPHHHPPHPPHHPH
7842,PPPHPPHHHHPHPPPHPPHP
7843,HPHHPPPHPPHHHPHHPHHH
7844,PPPHPHPHPHPPPHPHHHHP
7845,PPPHHPHPHPHHHPHPHHHP
7846,HHPPHHHPHHPHPHHHPPHP
7847,PPHPHHPHHPPPHHHHHPHP
7848,PHHHHPHPPHPPHPPPHHPP
7849,HHPHHHHHPHHHPHHPHPPH
7850,HPPPHHHHPPPHHPHPHHPH
7851,PHPPHHHHPHPPPHHPPPHP
7852,PPHHHHPPHHHHPPHHHPPH
7853,HPPPHHHHPHPHHPHPPHPH
7854,HHHHHHHPPPHPHHPHPPHH
7855,HPHHHHPHHHHHHHHPPPHH
7856,HPHHHHHPPPHHPPHHPHPH
7857,HPHPHPPPPHPPHHPHPHHH
7858,HPPPHPPHHHPHHHHPPHPH
7859,PPPHHHHPPHPPPHPHPPHH
7860,PPPHPPPHHPPPPHPHPHHH
7861,HHPHHPHPHHHPPPPPHHPP
7862,PHPHPHPPHHPHPPHHPPHP
7863,PHPPPPPHPPPHHHHPPHPH
7864,HHPHHHPPHPHHHPPPHPPP
7865,PPHHPPHPHPPHPHPHPHHH
7866,HHPHHHPPHPPPPPHHPPPH
7867,PPPHHHPHHPHPHHHHHHPP
7868,HHPPHHPHHPPPHHPPHPHP
7869,HPHHHHHPHHPPPHHPPPHP
7870,HPHPPPHHHPHHHPPPPHHH
7871,HHPPPHPPHHHHPPPHHPHP
7872,PHPPPPHPPHHPHHPHHPHP
7873,HPPPPHPHPPHHPHHHPPHP
7874,PPPPHHHPPPHHPPHPPPPP
7875,PPPHPHHHPHPPPPPHHPPP
7876,PHHHHHPHHPPPPHHPHHHH
7877,PPPPHPHPPHPPPHHPHHPP
7878,PPHHPHHPHHPPHHHPHHPP
7879,HPPPHPPHPHHHHHHPHPPP
7880,PHPPPHPPPPPPHPPPHHPH
7881,HPHPPPPHPPPHPHPHHPHP
7882,PHHHPHPHPHHHPHHPPHHH
7883,PHHPPHHHPHPPPPPHPPHP
7884,HPHHHHHHHPPHPPHPPHHP
7885,HHHHHPHPHHHHHPPPPHHP
7886,HHHPHPPHHHPPPHPPHPPP
7887,HHHPPPHHPPPHHHPPPPPP
7888,HHHHHPHHPPPPPPHPHPPH
7889,HHHPHHHHHHHPHPPHPHPH
7890,PHHHHHPPPHHHHPHPHPHH
7891,PHHHPPHPPPPHHPHHPPHP
7892,HHPHPPHHPPHPPPHHPHPP
7893,HHPPHPPPPHHHPPPHHHHP
7894,HHPPHHPHPHHHHHPHHHPP
7895,PHPPPPPHHPPHHHPHPPPH
7896,PPHHPPHPHHPHPHHHHPHH
7897,PPHHHHPPHHHHHHHPHHPP
7898,HHPHHPPPPPHHHHPHPPPP
7899,HHHHPHHPHHHHPPPHHPPP
7900,PPHHPHPHPHPHPPHHPPPH
7901,HHPPPHPPHPPPPHPHPPPH
7902,HHPPHPPHHPPHPHPHHHPP
7903,PPPPHPHPHPPPHPHPPPPP
7904,HHPPHHPPHHHPPHHHHHPP
7905,HHHPHPPPHPHHPHPHPPHP
7906,HHHPPHHPHPHPPHPPHPPP
7907,HHHPHHPHHHPHPPHPHPPH
7908,PHPHPHHPHPPPHPHHPPPP
7909,PHHPPHHPPHHPHHPHPPHH
7910,PPPHHHPHHPPHPPHPPHPP
7911,PHPPPHHPHPHHHPHHPHHH
7912,PPHPPPHHPPPPHPHPHHHP
7913,HPHPPPHPPHHHHPPHPHHP
7914,PHPHPPHHPPPHHPHHPPHH
7915,PPPHHPPHPHHPHHPHHPPH
7916,PHPPHHPHPPHPHHPHPHPH
7917,PPHHPPHPHPHPPHHHPPPH
7918,HPHHHPPPPPHPPHPHHHHP
7919,HHPPHPPPHHHPPHPHPPHP
7920,PPHHPHHPHPPPPPPPPPPP
7921,PPHHPPHPPPHPHPHPPHHH
7922,PHHHHHPHPHPHHPHHPPPP
7923,HPPPPHHPHPPPPHHHPPHP
7924,PPPPHPPHPPPHPHHHPPHP
7925,PHHHHHHHHHPHHPPPPPHP
7926,PPPHPHHHPPPHPPPPPPHP
7927,PHHHPPPPPPPPHPHPHHPH
7928,HPHHPPHPPHPPHPPHHPHH
7929,HPPHPHHHHHPPPHHHHHPP
7930,PPPHPPPPPPHHPHHHPPHH
7931,HPPPHHPPPPPPHPHHHHPP
7932,HHPPHPPPHPPPPHHHHHHP
7933,PHPPHHPPHPHPHHPHHPHH
7934,HHPPPHHHPPHPHHPHHPHP
7935,PPPPPPPHHHPPPHPPHHHH
7936,HHPPPPPHHHPHPHHHPHHP
7937,PHPPHPHPHHHPPPPPHPHH
7938,PHPHPPPHPPHPPHHHPHHH
7939,PPHPHHPHHPHPHHPPPHHH
7940,HPHHPPHHPPPHHHHHPPHP
7941,HHPHHHHPPHHHHPPPPPPH
7942,HHHHPPHHHHPHPHHHHPPH
7943,HHPHPPPHHHHHPHHPPPPH
7944,PPHPHHHHPPHPPHPPPPPH
7945,PHPHPHHPHHHPPHPPPHPH
7946,PPHPPPHHPPHHPHHHPHHP
7947,HHHPPHPPHHHHHHPPHHPP
7948,HHPPHHHPHHPPHPHPHPPP
7949,HPPPHPPPHPHHHPHHHHHP
7950,PHHHHHHPPPHHPPPHPPHP
7951,HPHHPPHHPHHHPHHHPHPP
7952,HHHPPPPHPHHHPHHHHPPP
7953,PPPPHPHHPPHPHPHPPHPP
7954,HHHHHPHHHHHPPHPHHPHP
7955,PPHPHHHHHHPPHHPPPPPH
7956,PPPPHPHHHPPHHHPHPPPP
7957,PPHHHPHHPHPPPPPHHHPP
7958,HHHHPHPPPPPHPHHPHHPH
7959,HPHPHPHPPHPHHHPHHHPP
7960,HPHHPPPHPPHHHPPPPPHP
7961,PPPHHPPPHHHPHHPHPPHP
7962,PPHHPHPPHPHHHPHHHHPP
7963,HPPHHHPPHHHPHPPHHHHP
7964,HHHPHPHPHHPHPHPHPHHP
7965,PPHPPHPPPPPPPPPHPPHH
7966,HHPPPHPHHPPHPHPPHPPP
7967,HHHPHPHHHPPPPPPPHHHH
7968,HHHHHPHHHHHPPHHPHHPP
7969,PHPHPHPHPPHPPPPPHHPH
7970,PPPPPPHPPPPHHHPHPPPP
7971,PPPHPPHHHPPPHPPHHPPP
7972,PPHPHPHPHPHPHHPHPPHH
7973,HPPHPHHPHHHPHHPPPHPP
7974,HHPHPHPHHHPPPPHPHHPH
7975,PHHHPHHPHHPPHHHHPPPH
7976,PPPHPHHHHPHHPPHPHHPH
7977,PHHPPPPHHHPPHHHHPPPP
7978,PPHPHHPHPPPHPHHHPPPH
7979,HHHHPPPHHPHHPPPHPHPH
7980,PPPHPHPHPHHPPPPPHHPP
7981,HPPPPPPPPHHHHPPHPHPH
7982,PPPHPHPHPPPHHHPHHHHP
7983,PHHPPHPHPHHHHPPPHHHH
7984,PHPHPHHHHHPHPHHHHPPH
7985,HHHHPHHHHPHPHHPHHPPH
7986,HHPPPPHPHHHPPHHPPHPP
7987,PPPHHHPHPPPHHHPPPPPH
7988,PHHPHPPHPHPHPPPPHHHP
7989,PHHPPHHHHHHPPHHHPHPP
7990,PPHHHHHHHPHPHHPPHPPP
7991,PHPHHHHHHPPPHPHHPPPP
7992,HHPHHHHHPPHPHPHHHPPH
7993,HHPPHHPHHHHPPHHPPHPP
7994,HHPPPHHHPHHHPHPPPHHH
7995,PHPPHHPHPPPPPPHHPPPH
7996,HHPPPPHPHHPPHHHPHPHH
7997,HPHHHPPHHHPPHHPPHHPP
7998,HHHHHPHHPHHPHHPHHHPH
7999,PPPPPHPPPHHPHPHPHPHH
8000,PPPHHPPPPHPPPHPPPPHP
8001,HPPHHHPPPPPPPHPHHPHP
8002,HHHPHPHHHHPPHHHPPPPP
8003,HPPPHHPHHHHPHHHPHPHP
8004,PPHHPHHPPHPPPHHHHHHH
8005,HPHHPPHHPPHPPHHPHPPH
8006,HHPPHHHPPPHPPHPPPHPH
8007,PHPPPHHHHHHHHPPPHPPP
8008,PHPHPHPPHPHPPHHHPPHH
8009,PHHHPPPHHHPHPHHPHPHH
8010,PPPHPHHHPPPHPPHHHHHP
8011,HHHHHHPPHHPHPHPPHHHP
8012,PHHPHHHPHPPHHHHHPHHP
8013,HHPPPHHPHHHPHPHPHHHH
8014,PHPPPHPHPHHHHHPHHHPP
8015,HPHHHHPHHPHHHHPHHHHH
8016,PHPHPPHHPHHPPHHPPHHP
8017,HHHPHPHHHHPPHHHHPPHH
8018,PPPHPPPHHPPPHHPHHHPH
8019,PPPPHPHPPPPHHHPHHPHP
8020,HHPPPHHHPHHPPPHPHPPP
8021,HHPPPHPHPHPPHHPPPHHP
8022,HPPHHHHPHPHPHHPPPPPH
8023,HPPHHPHPHHHPPHPPPPHP
8024,HHPHPHPPPPHPPHPPPHHH
8025,HPHPPPPHPHHHPHPHHPHP
8026,PPPPPHPHPHHHPHHHPPPP
8027,HHHPPHPHPPPHPPHHPHPP
8028,HHHHPPPHPHPPPPPPPHHP
8029,HHPPHHHHPPPHHPPPHPPH
8030,HHPHHHHPHHPHHPHPHPHP
8031,HHHPPHHPHPHHPHHHHPPP
8032,PPPHPHHHHHPPPPPHPHHH
8033,PPPPPPPHPPPPPPPPPPHP
8034,PHHPPHHPHPPPPHHPHPHP
8035,HHHHPHHPHPPHPPPPPPPH
8036,HHHPHPPHHHHPHPHPHHHH
8037,HHPHHHHPPHPHPPHHHHPH
8038,HHHHHPHHHHHPPPHHHPHP
8039,PPPPHHPHHHHPHPHPPHPH
8040,PPHPPHHHHPHHHHPHPPPP
8041,HPPPPHPPHHPPPPHPHHPP
8042,HHHHPHHPHPHHPHHPPHPP
8043,HHPHHPHHPPPPHHHHHPHH
8044,HHPPPPPHPHHHHHPPPPHP
8045,HPPHHHPHPPPHHHPHPHHH
8046,HPHPPHPPHPHHHPHHPPHH
8047,PPHHPHPPHHPHHHPPHPPP
8048,HPHPPHPPHPPHHHHPHPPP
8049,HHHPPHPPPPPPPHHHPPHP
8050,PHPPHHHHPHPPHPHPHHPH
8051,PPHHPHHHPPPHHPPHPHPP
8052,HHHPHHHHPHHPPPHHHHPP
8053,HPPHPPPHHHHHHHPPPPHH
8054,PHPPHPHPHHPHPHHHPPHP
8055,PPPPPHPHPPPHHHPHHHHH
8056,PHHHHPHHPHHHHPPHHHPH
8057,HPHHHHPPHHHHPPHHPHPH
8058,HPHHHHHHPPPHHPPPHHHP
8059,HHPPPPPHPHHHPHPPPPPP
8060,HHHPHHPHPHPPHHHPPHHH
8061,PPPHPHHPPHPHPHPHPPPH
8062,HHPPPPHHPPPPHPHHHHHP
8063,PPHPHPHPHPPPHPHPHHHH
8064,PPHPHPPHHHHPPPPPPHPH
8065,PPHHPHHHPPPPPPPHHHHP
8066,PPPPPPPHPHHPPPHPPPPP
8067,PHHPHPPPHHPPPHHPPPHP
8068,HHPHHHPPPHHPPPPPPHHH
8069,HHHHHHHHPPHHHPHHPPPH
8070,PHPPHHPHHHHHPPPHHHPP
8071,HPPHHHHPPPHHPHPHPHHH
8072,HPHHHHPHPHPHHHHPPHPH
8073,PPPPPPPHHPHHHHPHPPPP
8074,HPHHPHHHHHPHHPHHPPHH
8075,HHHPPPHPHPPPPPPHPPHH
8076,HHPPHHPPHPHHHPHHHPHH
8077,PPPPPHHPPPHPHPHHPPPH
8078,HHHPHHHPHHHHPPHPHPPP
8079,PPPPPPPPHHPPHHHHPPHP
8080,PHHHPPHHPPPPHHPPHPPP
8081,HPHPHHHHHHHPHHPPHHHH
8082,PHHPHHHHHHPPHPHPPPHP
8083,PHHHPPPHPHHHPHHPHPPH
8084,HPPPPHHHPHHPHPHHPPHP
8085,PHHHHPHHPPHPPPPPPHHP
8086,HPPPHHPPPPPHPPPHPPPH
8087,HPHHHPHPHPHPPHHHPPHP
8088,PPHHHHPPPHHPHPPHHPPP
8089,HPPPPHHHPPHHPHHHPPPH
8090,PHPHHHPPPPHHPHPHHHPP
8091,HHHPHPHPHHPPPPHPPPPH
8092,HPHHHHHHHPPHHPPPHHPH
8093,HPHPPHPHPPPHHHPHHHPH
8094,HPPHPPHPHHHPPHHPPPPP
8095,HPHHHHPPPPHPHPPHHHPH
8096,HPPPPPHHHHHHHHPPPHHP
8097,HPPPPPPPHHHHPHHHHHHH
8098,HPPPPPPPHPHPPHHHPHHP
8099,PHPHPHPPPHHHHPHPHHPP
8100,HPPPHPHHPPPHPHHHHHHH
8101,HHPHPPHPPHPPPHHHPHPH
8102,HPHPPHPPHHHPPPPPHPPH
8103,PPPPHPHPPHHHHPHPPPHH
8104,HPPPHHPHPPHHHPHHHPHH
8105,PHHHPHPPHHHHPPPHHHHH
8106,PHPHHHHPPPPPPHHHHPHH
8107,HPPHHHHPPPPHPPHPPHPP
8108,HHPPHPPPHPPPPPHHHPHH
8109,PHPHPPHHHHHPHHPHHPHH
8110,PHHPPPPPHHPHPPPHPHPP
8111,PPHHHHHPHPPHPHHPHPPH
8112,PHPHPPHPHHPPPPHHPHPH
8113,PHHPPHHPHPPPPPPPHPHP
8114,HHHHPHHPHPPPPHHHPPPP
8115,HHPHPHHPHPPHHHPHPPHH
8116,PHHHHHPPHPPHHPHPPPHH
8117,HHHPHPPHHHPPHPPPHHHP
8118,PHHPPHPHPPHHPHHPPPPP
8119,PPPHPHPHPHHPPPPPPHHH
8120,HHHPHPPHPHPHHPHHPPHH
8121,HPHPPPHPHPPPPHHPPPPP
8122,HPPPHHHPPPPHHPHPHHPP
8123,PHHPHHHHHHHHPPHHHPPP
8124,PHPHHHHHHHHPPPPHHHPH
8125,HHHPPHPPHPHHPPPPHHHH
8126,HPHPHHHPPHHHPHHHHHPP
8127,HHPHHHHHHPPPPHHHPHHP
8128,PHHPHPPHPHHPPHHHPHPH
8129,HPPHHPPPPHPHHPPPPPPH
8130,PHPPPHHHHHHHPHHHHHPH
8131,PPHHPPHPPHHHPHPPHHPP
8132,PPHHPPPPHHHPPPHHPPHH
8133,HHHPPHHHPHPHHHHHPPPP
8134,HPPPHHPPPPPHPPHPHHHH
8135,HPHPHPPPPHHPHPPPHPHH
8136,PHPPHHHPPHHPHPPHHHPH
8137,HHHPPHPHPHPPPHHPHPPP
8138,PHPPHPHHPPPHPHHHPHPH
8139,HPPPHPPHHPHPHPHHPHPH
8140,HHPHPPPHPPHPHPHPPPHP
8141,PPHHPHPPPHHPHHPHPHPP
8142,PPPPHHHHPHPPHPHHPPHP
8143,HPPPHPHPHPPHHPPHPHHP
8144,PPPPPPPPPHPHHPHPPHPP
8145,PPPHPHHPHHPHPPHPPHPP
8146,PPHPHHHPHPPPPPPPPPPH
8147,PHHPPHHHPPHHPHPHPHPH
8148,PHPPPPPHHHHHPHPPPHHP
8149,HPHHHPHHPHHHPPPPHHHH
8150,HPHHPPHHPPHHHPHHHPHP
8151,PPHHHPHHPPPPHHPHHHHP
8152,PPHHPPHPHPHHPHHHHPHH
8153,PHHPPPHHPPHPPPPHHHPP
8154,HHHHPHHHPPHPPPHPHHHP
8155,HPPHPPHPPPPHPHPPPPPH
8156,PHHPHPHPHHHPHHHPPPHP
8157,PPPPPPHPPHHPPPHPPPPH
8158,PPPHPPHPHHHHPPPPHHPP
8159,HHPPHPPHHPHPPPHPPHPH
8160,HHPHHHPPHHPHPPHHPPHP
8161,PHHHHHPHHPHHHHPPPHHH
8162,HPHPPPPPHPPPPHPHHPPP
8163,PPHPHPPPHHHHHHHPHHPP
8164,HHPPHPPPPPHPHHPHHHHP
8165,HHPHPHPHHPHHHPHHHHPP
8166,PPHPHHHPHHPHHPPHHPPH
8167,HPPPHPPHPHPHHPPPPHHP
8168,PPPHHHPHPPHHHPHHPHPP
8169,HHPHHHPHPHHHHPPHPPPH
8170,HHHHPPPPHHHPPHPPHHPP
8171,HHPHPHPHHHPHPPHPPHPH
8172,HPPPPHHPPHPHHHPPPPHH
8173,HPPHHPPHHHPHHPPHPHPH
8174,HPHPHHHHPHHHHHHPHHPH
8175,PPHPHHHHHPHPPHHPPPPH
8176,HHHHPHPPHPPHPHPHPPPH
8177,PHHPPHPPHHHHPHPHPPHH
8178,PHHHHPHHHPHHPPPHHHPP
8179,HPPPHPPPHPHHPPHHPPHP
8180,PHHPHPPHHPPHHHHHPHHH
8181,PPHPHPPHHPPPPHHHPPPP
8182,PPPHPHHPHPPPPPHPHHHP
8183,HHHHHPHPHHPPHHHHPPHH
8184,HPHHHHPPPHHPHPHPPPPH
8185,HPPPHPPHPHPPHPPHPPHP
8186,PPHHPHPHPPPPPPPPHHPH
8187,HHPHPHPHHHHHHHPHHPPH
8188,HPHPPHHPHPPPHHHHPPHP
8189,HHHHPHPPPPHHPPPPHHPP
8190,HHPPHHHHPPHPHPHPHPHP
8191,PHPPPPPPHHPHHPHHPHPP
8192,PPPPPPPPPHPPPPHHPHPP
8193,HPPHPHPHHPHPHPPPPHPP
8194,PHPHHHPPHPPPPHHPHPHH
8195,PHHPHHHHPPHPHHHHPPPP
8196,PPHPHPPPHHHPHHHPPPPH
8197,HPHHPHHHPPPHPHHHPHHH
8198,PPHPHPHPPHPPHPPPHHPH
8199,PPHPPHHHPPHHPHPPHPHP
8200,PPHPHHPPPHPHHHPHHHPH
8201,HPHHHHPHPHPHPPPHPPPH
8202,PPPPHPPPHHPPPPPHPHHH
8203,HHPPHPHHPPPPHHHHHPHP
8204,PHHPPPPPPHPHPHPHHPPP
8205,HHPPPHPPHPHHPPPPPPHP
8206,PHPHPPPPPHPHPPHPPHHH
8207,PHHPHPPHPPPPHPHPHPPH
8208,PHHHHHHHPPHPPPHHHPHP
8209,HHPHPPHHPHHPHPHPPHPP
8210,PPPHHHPHHPHPHPHHPPHH
8211,HPHHHHHPHHHPPPPHPPHH
8212,PHPPHHHPPPHPPPHPHPHH
8213,HPPHPPHHHPPHHPPHPPHH
8214,PPPPPPPHHHPPHPPHHPHP
8215,PHHHHHPHPHHPHHHPPHHP
8216,PPHPHHHPHPPHHPHPPPPP
8217,PHHPPPPPPPPHHPPPPHPH
8218,HPHHPPPHPPPPHHHPPPHH
8219,PPHHPPPHPPPPHPPPHHHH
8220,HHHHHPHHHHHHPPHHHHHP
8221,HPPHHHHHHHPHPPHPPPHP
8222,PPPPPPPPHPPPPPHHPHPP
8223,PHPPPHPPPHPPPPPPHPPP
8224,PPPHPHPPPHHHHPHHPPHP
8225,PPPPHPHPPHHPHPPPHHPP
8226,PHHHPPPPPPHHPHHHPPPH
8227,HPHHPPHHHPHHPHHPPPPP
8228,HHPPHPHPHPPHPHHHHPPP
8229,HHHHPHHPPHHPHHPHHPHP
8230,HHHHHHPPHPHPHPHHHPPP
8231,PPHPHPPPPHPHPHHPPHHH
8232,PPPHPPHPPHPPPHPPHHHP
8233,HPHHHPHPHHPPPPHHPPPP
8234,HPPHHPHPHPPPPPPHPPHH
8235,HHHPPPPPHHPPHPHPPPHP
8236,HPPPHPHHHHHPPPPHPPPP
8237,HPPHHPPPPPPPPHPHHHPH
8238,PPPPPHHPHHPPHHPPPHHP
8239,PHPHPPHHPHHHHHPHPPHP
8240,PHPPHPHHHHHHHHHHPPHP
8241,HPPHPHHPHPPHHHPPPHHH
8242,HHHPPPHHHPPPPPPHHHHP
8243,PHPPHHPPPHHPHPPPPPPH
8244,HPHPHPHHHPPHPHHPPPPP
8245,HHHPHHHPHHHHPHHHPHPP
8246,PPPHPPHHPPHHPPPHPHPP
8247,HHPHHHPPHPPHHHHPPPHH
8248,HPHPHPPPPHHHPPHHPHPP
8249,HHPHPPHPPPPPHPHPPPPH
8250,PPPPHPPHHHHPPPHPHPHP
8251,PHHPHHHPPHHPHPHPPPPH
8252,PHPHHHHHPHHPHHHPHPHH
8253,HHHPPPHHPPHHHPPPPPPH
8254,PPHHPHPPHPHHPHPPHHPP
8255,HPPPHPPPHPPHPPPHHHHH
8256,HHHPPHPHPPPPHHPHPHPP
8257,HHHHPPPPPPHHPHHPHHPH
8258,PPHPHPHHHPHHPPHHHHHH
8259,HPHPHPHPHPPPHPPPPPPP
8260,HPPHHPPHPPPHPHHHHPHH
8261,HPPPHHHPHPPHHPHPPHPH
8262,PHHPPHPPPPHPHPHHHPPP
8263,PHHHPHPPHHHHHHPPHHHP
8264,PPHHPPHPHHHPPPHPHHPP
8265,PHHPHHHHHPPHPHHHHHHH
8266,HPHPHHHPHHHPHHHHHPHP
8267,HHPHHPHPHHPHPPPPHPPP
8268,PPHPHPPPHHHPHHHHPPHH
8269,HPHPHHPPHPPPHPPPPHPH
8270,HHPHPHPHHHPPPPHHHHPH
8271,HHPHPPHPPHPHHHHHHPHH
8272,PHHHPHHPHPHPPHHPPHHP
8273,PHPHPPHHPPPHPHPPHPHP
8274,PHPPHHPHPHPHPHHPPPHP
8275,HHHPPHPPHPPHPHHHHPHH
8276,HHHPPPHHHPHPPPPPHPHP
8277,HPPPHHHHPHHHHHPPHHHP
8278,HHPPHHHPPPHHPPPHHHPH
8279,PPHHPPHPPPPPPHHPHPHH
8280,HPHHPPHPHHPHPPHHHHHP
8281,PPHPHPHPHHPPHPHHHPHH
8282,HPPPPPHPHHPHHPHHPHPH
8283,PHPHPPHPHHPPHHPHPHPH
8284,HHPHPPHHPPHPHHPHPHHH
8285,PHHPHHHHPPHPPPHPHHHP
8286,HPHPPHHPHHHPHHPHPPPH
8287,HPHHPHPHHHHHHHHHHPPP
8288,PPHPHHHPPPPHHPHPHPPH
8289,HPPHPPHHHPHPHPPHHPPH
8290,PPPPPHHHPHPHHHHPPHHP
8291,HPPPPHPPHHPHHPPHHHHH
8292,PHHHHHPHPPHPPHHPHHPH
8293,PPHPHHPPPHHPPPHPHPPP
8294,HHPHHHPHPPPHPPHPHPHP
8295,HHPHPHHHHPPPHPHPPPPP
8296,HPPHHHPHPHHPHPPHPPHH
8297,PPHPPHHPPHHHHHPPHPHH
8298,PHHHPPHPPPHPPPPHPHPH
8299,PHHHPHPHHPPHHPPPHPHH
8300,PHHHPHHHPHPHPHHHPPHH
8301,PHHHHHHHHPHHHPHHPPHH
8302,PPHPPPPHPHPHPHHPHHHP
8303,HPHPPHPPHHPHPPPHHPHP
8304,HHHPPPPPHPHHPPPHPHHH
8305,HHHHPHHPPPPHPHPPPHHH
8306,HPHHPPPHHHHPHHHPHPPH
8307,HHHHHHHPPHPHHHHHPPHP
8308,PPHPPPPHHHHHPPHPPPHH
8309,HPHHPHPPPPPHPHHHHPHP
8310,PPPPHHHHPHHHPHPHPHPH
8311,PHPPHHHHPHPHHPPPHHHH
8312,PPPPHPPHHHHHPHHPPHPP
8313,HPPPHHHHPPHPHPHPHHHH
8314,HPPPHPHPHPHHHHHHPPPH
8315,PHPHHPHPPPPHHPPHHHPP
8316,PHPPHPHPHHPPPHHHHHHP
8317,HHPHHPHHPPHHHPHHPHPP
8318,HPHHPHHPPHPPPHHPHPHH
8319,PHPPHPHHHPPHHPPHPHHH
8320,PPHHHPPHHHHPHHHHPPPH
8321,PHHHHPPPHHPHHHHHPPHH
8322,PPPHHPPPPPPPHHPPPPHP
8323,HPHHHPPPHHPHPPPHPPPH
8324,HHHHPPPHPHPPHHHHPPHH
8325,HHPPHPHHPHPPPHHPHPPP
8326,HPHHPPPHHPHHPHPPHPHH
8327,PHHHHPPPPPHHHPPHHHHP
8328,HPPPHPHHPPPHPHPHHPPP
8329,HPPHPPPHHPPHPPPPHPPH
8330,PPPPHPPHPPPHHHPHPPHP
8331,PHHHPPPPPPHHPPHPHPHH
8332,HPPHHHHPHPPPHHPPPPPP
8333,PPPHHPPHHHPHHPPHHHPP
8334,HPHPPPPHHHHPPPHPPHPH
8335,HHHPPPPHHHHPPPPPPHHP
8336,PHPPPPPPPHPHPHHHHPPP
8337,HHHPPPPPHPHPPHHPHHPP
8338,HPPPHPPHPPHHPPHHPHHH
8339,PPPHHHHHHHHHHPHHHHPH
8340,PPPPHHPHPHHHHHPHHPHH
8341,HHPHPPPHHPPHHPHHHHPP
8342,HPHHHHPPPHPPHPHPHHHH
8343,PPPHHPHPPPHHHHHHPPHH
8344,PPPPPHHPHHHHPPHHPPPP
8345,HHHPPHHHHPHPHHPPPPHP
8346,PPPPPHPPHPPPPPPHPPHH
8347,PHPPPHHHPPHHHHPHPPHH
8348,HHHHPHPPHHPHHHPHPHHH
8349,PHHPHPHHPPHHPPHHPPHP
8350,PPPPPPHPHPPPPHPHPHHP
8351,HHPHHPHHPHHPHPHHPHHP
8352,HPPPPPPPPHHPHHHPPHHP
8353,PPPHPPPHHHPPPPPHPHHP
8354,PHHPPHHPHPPPHPPPHPHH
8355,PHHHPPPHHPPHPHHHHPPH
8356,PHHPPPPPHHHPPHHPHHHH
8357,PHHHPHHPHHPHPPHHHPHH
8358,PPPHPHPPHPHHPHHHPHHP
8359,PPPHHHPHPPHHHHPHPHPP
8360,PPPHPHHHHHHHHPHPPPPP
8361,PHPHPPPHHPHPPHHPHPHH
8362,PPPPHPPHPHPHPPPPPHPH
8363,PPPPPHHHHPHPPPPHPHPP
8364,HPHHPHHPPHHHPHPPHHPP
8365,HHPHPHPHPPHPPPHPHHHP
8366,HPHHHHPHHPHHPPPHHPPH
8367,PHPPHPPHPPHPHHPHHHPP
8368,HHPPPPPHPPPHHHHHPHPH
8369,HHHHPPPHHPPHPHPHPHPP
8370,HPHHHHPHPPHPHPPPHPHH
8371,HHHHHHPPPPHPHPHHPHPP
8372,PHPPPHHHHPHHPHHPHPHP
8373,HHPPPPHPHPHHHHHPHPHH
8374,HHHHPHHHHHPHHHHPHHHH
8375,PHPPPPHHHPHHHPHHPHPP
8376,PPPPPPHHPHPHHPPPPPHH
8377,PHHPHHHPPHHHHHPPPPPP
8378,PHPHPHPPHPPPHHPPHPPP
8379,PPHHPHHHHHPHHHPPHHPH
8380,PHPPHHPHPPPPPPHHPHHH
8381,PHHPPHPPPHHPHHHPPHPH
8382,HHHPPHHHHPHHPPHHPPHH
8383,HPHPPPHPHHPPPHPPHPPP
8384,HHHHPHHHPPPHPHHHHHPH
8385,PHPHHPPPHPPHPHHPPPHH
8386,PHPHPHHHPHHPHPPPPHHP
8387,HPPHHHPHHHPHPHHPHHPH
8388,PHHPHPHPPHPHPHHPPPHP
8389,HPHHHHPHHHHPHPPHPHPH
8390,PPHPHPHHPPHPPHHPHHPP
8391,PPPHPHHPHHHPHHHPHPPH
8392,HHHHPPPHHPPHPPHHHHPP
8393,PPHHPPPHHPHHPHPPHHHP
8394,PHPPHHHHPPHPHHPHPPHP
8395,HHHPHPPHPHHPHHHPHHPH
8396,PPHHHPHPPHPHHHPPPHHP
8397,HPHPPHHHHPHPPPHPPHPH
8398,PHHPHHHHHHHHHHHHHPHP
8399,PPPHHHPHPPPPHHPHHHPH
8400,HPHPPHHPPHHPHPHHPHHH
8401,HHHHHHPPHPHHHHHPHHPH
8402,PPHPPPHHPPHHPHHPHHPH
8403,HPHPPPPPPPHPPHPPHHPP
8404,PPPHHHHHPHPPPHHHPHPP
8405,PHPHPPPPHHHPHPHPHHHH
8406,PPPHPHHPHHPPHHHPHPHH
8407,PPHHHPPPHHHHHHPHPPHH
8408,HHHPPPHPHPPHHHPPPPPH
8409,HHHHHPPPPPPPHHHHPHPH
8410,PPHHPHPPHPPHHHHHHHHP
8411,PPPPPPPHPPHHPPPHHHHH
8412,PHHPPPHPPHHPHPHPHPPH
8413,HPHPHPHHPPHHHPPHHPHH
8414,PHHPHHHHHHPPPPPPPPPP
8415,PHPHHPHHHPPPHPPHHPPP
8416,PHPPHPHHHHHPPHHPHHPH
8417,PPPPHPPPPPHHPPPHPPHP
8418,HPHPPHPPPHPPPHHHPHPH
8419,HPHHHPHPHPPPPPHHHPPP
8420,HPPPHHPHPPHHHHHPHHPP
8421,HHPPHHPPPPPPHHHHHPHH
8422,HPPHPPPPPPHPHPPPPHHP
8423,PHPHHHHHPHPPPPPHHPHP
8424,HHHPHHHPHPPPHHPPHHHH
8425,HPPPHHPHHPHPPHHPPPHH
8426,PPHHPPHHPHHPPHPPHHHP
8427,HPPHHPPHPHHHPHPHPPHP
8428,PPHPHPPHPHPHHPHPHPPH
8429,HHHPHHPPHPPPHPHHPHPH
8430,PHHHHPHPHPHHHPHHPPHH
8431,PHPPPPHHHPPPHHPPPHHP
8432,HPHHHHHHHPPHPHHHHPHP
8433,HHHPHHPPHHHPHPHHHHHP
8434,HHPHPHPPPHPPPHHPPHPP
8435,PHHHHHPPPPHHPPHPPHHH
8436,PPPPPHPHHPHHPHHHHPPP
8437,PPHHHPPPHPHHPHHHHHPP
8438,HPPPPPHHHHHPHHPPHPHH
8439,HHPPHHPPPHPHPHPPPHPH
8440,PHHHPPPHPHHPPPPHPPHH
8441,HHHPHHPPHHHHHPHHHPHP
8442,PPPHHPHPHHHPHPPPHHPH
8443,HHPPPPHPHPPPPPPHHHHP
8444,HPPHPHPPHPHHPHHPHHPP
8445,HHHHHHPPHHPPPHHPPPPH
8446,HHHHPPPHPPPPHPPPPPHH
8447,PHPPHHHHPHPHHHPHPPHH
8448,PPPPHPPPPPPHHHPPPPHH
8449,HPPPPHHHHPHHPHHPHHHP
8450,HHPHPPPHPHHHHPHPHPHH
8451,PHHPPPHPHPHHPHHHPHPH
8452,HHPPHHHHPPHHPPPPHHPP
8453,HPHPHPPPPHPPHHHPPPPP
8454,HPHHHHPPHPHHPHHPPHPP
8455,PPPPHHPHPHHPHPPPHHPP
8456,HHHHHHPHHHPPPPHHHPHH
8457,HPHPHHPHPPPHPHHPHHHP
8458,HPPHPPHPHHHPHPHHHPHH
8459,PHPPPHPPHPHHPPHPHHHP
8460,PPPHHPHPPHHHHHHHPPPH
8461,PHPPPHPHPHPPPPPHPHHP
8462,HHPPHHPPHPHHHHHPPHPP
8463,PHPPPHPHHPHHHHPPPPPP
8464,HPHHPHPHPPHHHHPPHPPH
8465,PHHPHPHPPPHHHPPHHPPP
8466,PPHPHHPPHPHHHPHHHHPP
8467,PHPHHPHHHHHHHPPPHHHP
8468,HHHHHPHHPHHPHPHPPPHP
8469,PHPHHPHPPPHPHPPPPPHP
8470,HPPPHPPPPHHPHPPHHPPH
8471,PPPPHHPHPPPHPHHHHHHH
8472,PPPHPHPHPHPHHPHPHPHH
8473,HPHPPPPPHHHHPHHPHPHH
8474,PHPPPHHPHHHPPHPHHPPP
8475,HHHPPHHHHHHPPHPPPPHH
8476,PHHPPHHPPHPPHPPHPPHH
8477,HPPPPPHPPHHPPPPPPHHP
8478,HPHPPPHHPPHHPHPHHHPP
8479,PPHHHPHPHPPHHPPHHPPP
8480,HHHPPPHHPHPPHHHPHPPH
8481,PHPHHPHHHHHHPPPPPPPP
8482,HHHPPHHPHPPPHHHHHPHP
8483,PPHPPPHHPPHHPPPHHHHP
8484,PPHHPHPHHPPPPPHPHPPP
8485,HHPPHPHPHPPPPPHPPPPP
8486,PPPPHPPHHHPPHPPPPPHP
8487,HHPHHPHHHPHPHHPHHPPH
8488,HHHHHHHHPHHHPHHPPPHH
8489,HPHHPPPHPPHPHHPHPHPH
8490,HPHHHHPHHHPPPHPHHHHH
8491,HHHPPHHHPHHPHPHPPHHP
8492,PHHPPPPPHHHHHHHHHHPP
8493,HHHHHHPPHHHHHHHPPHHH
8494,HHHHPHPPPPHHHPHPHPPP
8495,PPPHPPHHPPPHPHHHPHPP
8496,PHHHPHPHPPPHHHHHPPPP
8497,HHPHPPHHHPHHHHPHHPPH
8498,PPPPPHHHHPPHHHPPHPPH
8499,PHHHHHPHPPHPPPPPHPHH
8500,PHPPHHHPPHPPPPPHPPHH
8501,HHHPHPHHHHPHPHPHPPHP
8502,PPHHHPHPPPHHPPPPPPPH
8503,PHPHPHPPHHPPHHHHPHHP
8504,PPHPPHPHHPHPHPHPPHHP
8505,HPHHPPHPPPPPPPPPHPHP
8506,PPPHHPHPPHHPPHHPHPPP
8507,HPHPHPHPPPHHPHHPPPPH
8508,PPHPPPPHPHHHHHHPHHPH
8509,PPHPHPHPHHPHPHHHHPPP
8510,PPPHHHHHPPPPPPPPPPPH
8511,HPPHHPPPHHHPPHPPPHPH
8512,HPHPPHPHHPPPPPPHPPHH
8513,PPPPHHHPPPPHPPPPHHPH
8514,HPPPHPPPPPHPPPPPPPHH
8515,PHHPHHPPPPHHHPHPHPHP
8516,HHPPHHPHPPHHHPPPHPPP
8517,HPPPPPPHHHPHHPPPPPPH
8518,PHHHHPHHPHHPPPHPPPHH
8519,PHHPPPPHHHPPPPHPHHHP
8520,HHPHPPHHHPPHPHHHHPPH
8521,HPPHPHHPPPPHHHPHHHHH
8522,HHPPHHPPHHPPPPPHHPHH
8523,HHPPHPHHHHPPHHHHHPPP
8524,PPPPPPPHHHHPHPHPPPHP
8525,HHHHPPHHHPPPHPHHPPPP
8526,HHHHPHPHHPHPHHPPPPPH
8527,HHHPPHHHPHPHHHPPHPPH
8528,HPPPHPPPHHHHPPPPPHPP
8529,PHHHPHPHHPHPPHHHPHHH
8530,HPPPPHPHHHPHPHHHPHPP
8531,HHHPHHHHPHPHHHPHPHHH
8532,HHHPHHPHHPHPHHHHPHPH
8533,PHHPPPPHHHHHPHPPPHPH
8534,PPHPHHHPHPPHHPHPHPHH
8535,PPHHPHHPPPPHPPPHHHHH
8536,PHHHHPPPPPPPPPHHPPPP
8537,PPPPHHHPPPPHPPPPHPHH
8538,HPHHHPHHHHHPHPHPPHPH
8539,HPHPHHHPHHHHPPHHHHPP
8540,PHPHPHPPHHHPHPHHPHHP
8541,PPHHHPHPPPPHPHPHHHHP
8542,HHHPHPHHPPPHPHPHHHHH
8543,HPHHHPPPPPPHHHHHPHHP
8544,HHPHPHPPPPHPPHPPHPHP
8545,HPHHPHHPHPHPHPPHPHPP
8546,HPHPHPHHHHHPPHHPPHPP
8547,PHHHPPPHPHPHHHPHPPPP
8548,HPPHPHHPPPPHHHPPPHPP
8549,PHPHPPHHPPPHHHPPPPPP
8550,PPHHHPPPHHPPHHPPPHPH
8551,PPHHPHPPPPHHPPPPPHPP
8552,PPHHHPPPHPHPPPHHHPHH
8553,HHHHHPPHHPHPPHHPHHHH
8554,HHHHHPHHPPPPPPHHHPHP
8555,PPPHHHPHHHPPHPHHPHPP
8556,HPPPPPHPPHPPPHHPHPHP
8557,HPHPPPPHPPPHPPPHHPHH
8558,PPPPPHPPHPPPPPHHHHPH
8559,PPHHPPPPHPPPHPPPHHPH
8560,HHHPHPHHPPPHHHHHHPHH
8561,PPHPPPHHPHHPPHPHPHPP
8562,PPPHHHPHPHPPHHPHPPPP
8563,PHHHPPPHHHPHHHHHHHHH
8564,HPHHHHPHHPPPPHHHHHPP
8565,HHHHPPPPHPHHPPPHHPHH
8566,PPPPPPHHHPHPHHPHHHHH
8567,PPPPPPPHHPPHHPHPPHHH
8568,HHHPPHHHPPHPHHPHHHPH
8569,HPPPPPHPHHPHPPHPPPHH
8570,HPPPHHPHPHHHHHHHHPPP
8571,PHHPHPHPHPPPHHPPPPHP
8572,HHHPHPPPPPPPPHHPHHHP
8573,HPPHHPHHPHHPHPHPPPHH
8574,HHHPPHHPPPHHPHHPPPPH
8575,HPHHPHHHHPHPPPPPPPPP
8576,HHHPPHPPPHPPPHHHHPHP
8577,PPHHHHHHHHPPHPHPHPHP
8578,HPHPPHHPPPPHPHPPHPHH
8579,HPPPPHHHPPHPPHHPHPPP
8580,HHPHHHPPHPHHPPPHHHHP
8581,PPHPHHHPHHHHPHPPPPPP
8582,HHPPPPPHHPHHHPHPHHPH
8583,PHHHPPPPPHPPPPHHHHHP
8584,PHHHHHHHPHPHHPHPPPPH
8585,HHHPPHPPPHPPPHHPPPPH
8586,PPPPPHHHPHHPPPHHPHHP
8587,PPPPPHPHHHHHPPPHPHPP
8588,PHPHHHPHPHHPPHPHHPHH
8589,PHHPHPHHHHPPHHHHHHHH
8590,PHHHHPPPPPHHHHPHHHHP
8591,PPHPHPHHPHHHPHPPHPPH
8592,HHHPHPHPPPHHPPPPPHPP
8593,PPPPHHPPHHHPPHPHHHPP
8594,HPPPHPPHPPPPHHHHPHPP
8595,HPHHPPHHPPPPPHPPPPPH
8596,HHHHHHPHPPHPHHPPPPHH
8597,PHHHPPPHHPPHPHHPHHPP
8598,HPPHHHHPPPPPPHPHHPHP
8599,HPHHHHHPHHHHHHHHHPPH
8600,PPHHPPHPHHPHHHPPHHPP
8601,PPPPHPPPPHPPPPHHPHPP
8602,PPPHPHPPHPPPPHHHPPHP
8603,HHHHPHHHHPHHHPHHHHPH
8604,HPPPHHHPHPPPPPPPPHPH
8605,PHHHPHPPHPPPPPPHHHPP
8606,HPPHHHPPPPHHHHPPHHPH
8607,PHHHHPPPPPPHHHPPPHHH
8608,PHHPHHHHPPPHHPPPPHPP
8609,HPHHPHHHHHHPHPHHHHPP
8610,PPPHHHPPPHPHPPHPHHHH
8611,HHPPHPHPPPPPHPPPHHHH
8612,HPHPHPHPHPHHPPPPHHHH
8613,PHPHHHHPHHPPPHPPPHHH
8614,HPPHHHHPHPPPPHHHHPHP
8615,PPPPHHPPPHHHPHHHHPHH
8616,PPPPHHHHPHPPHHPPHPPP
8617,PPHPPHHHPHHHPPPPPPPP
8618,HPHHPHPHPPHHHPHHHPHP
8619,HPHHHHHPHPHPHPPPHHPP
8620,PPPPPHHPHHPHHPHPPHPP
8621,PHHPPPPPPPHPPPHHHHPH
8622,PPHPHHHHHPHPPHPPHPHP
8623,HPHPHPPPHPHPPHPHHPPP
8624,HHHPPHHHHHHPHPPHPHPH
8625,HHHHPHPPHPPHHPPPPPHH
8626,HPPPHHHPHPPHHHPHHPPH
8627,HPHHPPHPPPPHPPPPHPPH
8628,HPPHPPHHHPHHHPPHPPPP
8629,PHHPHPPPHPHHPPPPPHHH
8630,HHHPHPPHHPPHPHPPPHPP
8631,HHPHPPPHPHPPHHPPPHPH
8632,HPHHPPPHPHPPHPHHHHPP
8633,HHPHHHPPPHHPHHHPPHPH
8634,HHPHHPHPPHPHPHPPPPHP
8635,HPPPHHPPPHHPPPPHHHHP
8636,HHPPHHPPPHPPPPPPPHPH
8637,PHPPHHHHHHPHHPPHHPHP
8638,HPPHPPPHHHPPPPHHPPHP
8639,HPPPPHPPPPPPPHPHHHPH
8640,HHPHHHHPHPPPHPHPHPHP
8641,PPHHHHPHPPHHHPHPPPHH
8642,PHHPHHPPHHHHHPPHHHPH
8643,HHHHPHPPPPPPHHPHHPHP
8644,HPPPHHPPHHHPHPHPHHHH
8645,HHHPPPPHPHHHHHPPHHHH
8646,PPPHPHHPHPHPHPHHHHPH
8647,HHPPHHHHPHHPPHHPPPPP
8648,HHHHPPHHHHHPHPPPHPPP
8649,HPHPHHHHHPHPHHHPPHPP
8650,HHHHHHHHHHPHPPHHHHHH
8651,PHPHHHHHPPPHPHPPPPHP
8652,PPPHHHHHPHHHPHHPPPPH
8653,PHPHHPHPHPHHPPPPHPHH
8654,HHPPHPPPPPPHPPHHPPHH
8655,HPPHPHHHPPHHHHPHPPPP
8656,PPPPHHPHHPPHPPPHHPPP
8657,HHPHHPPPPHHPHHHPPPHP
8658,HHPPHHPPPHHPHHPPPHPH
8659,HPHHHPPPHHPHPHPHHHPP
8660,HHPHHPHPPPHHPHPHPPHP
8661,PPHPHPHPPPHHPPHHHPHH
8662,HHHHPHHPHPPHHPHHPHPP
8663,HHPPPHHHHHHPPHHHPHHH
8664,PPPPHPPHHHPHPPHHPPHP
8665,HPHHPHHPPHHPHPPHPPHH
8666,HPPPHPPPHPHHHPHPPHHP
8667,HPHPHPHHHPPPHHHHPHHH
8668,PHPPHHHPHHPPHPHHHPPP
8669,PPHPPHHHHPPHHHPPHHHH
8670,PPHHHHPHHPHHPPPPPPPP
8671,HPHPPHHHHHPPPPPHHHHP
8672,HPPPHHHHPHPPPHHPPPHH
8673,PHHPPHPHPHPPPPPHHHPH
8674,PHHHHHHHPHHHPPHHHHHP
8675,PPPHPPPHHPHHHPHPHHHP
8676,HHPHHPHHPPPHPPHHPPHH
8677,HPHPPPPPPHHHPHHHPPHP
8678,PPPHHPHHPPHHHHHPHPPP
8679,PPPHHPPHHPPHHPPPPHPP
8680,HPHHHHPPPPPPPPHHHHPP
8681,HPPHPHPHHHPPPPPPPPHP
8682,PHHHHHHHPHPHPPHHPHPP
8683,PHHHHHPPPPPPHPPPHHHH
8684,PPHHPPHPHHHPPHHPHHPP
8685,HHPHHHHHPPHPHHPPHPPH
8686,HPHHPPPHPPPPPPPPPHHP
8687,HPHPPHHPPPPPHPPPHHHH
8688,PHPHPPPPPPHPPHPHPHPP
8689,PHPHHHPPHPHPPPHPHHHP
8690,PPPPPPPHPPHHHHHPPPPP
8691,PHPPHPHPHHHHPHHPPPHH
8692,PPPPHHPPHHPPPHPPHHHH
8693,PPPPPHPHPHPHPPHPPHPP
8694,PHHHHPHPPPPHHHHPPPPH
8695,HPPPHPHPPHPHPHHHHPHP
8696,PHPPHPPHPPPPHHHPHPHP
8697,PPPPHPHHPPHPPPHHHPHP
8698,PHPHHPHPHPPPHPHHHHHP
8699,HPHHPPHHHPPHHHHPPHPP
8700,PHHPHPPHPHPHPPPHPPPP
8701,PHHHHHPHPHPPHPHPPPPP
8702,PHHPHPPHPPPPPHPPHHHH
8703,PHHHPHPHPHHPHHPHPPHH
8704,PPHPPPPHPPPHPPHHPPHP
8705,HHPHHPHHHHPHHHPHHPPH
8706,PPPPHHPPPPPPHHHHHPPP
8707,HPPPPPPHHHPHPPHHHHPH
8708,PHPPPPHPHPPHHPPPPPPP
8709,HHHPHPHPHHPHHHPHHPHH
8710,PHPPHHHPHHPHHPHHHPHH
8711,PHHPPPHPPHPHHPPPPPHH
8712,PHHPPHHPPHPHPPHHHHHH
8713,HHPPPPPHPHHHHHPPHPPH
8714,PHPHHHPHHPHHHHHHHHHP
8715,HPPPPHHPHHHHPHHPHHPH
8716,HHPHPHHHHHHHPPHPHHPP
8717,HHHHHHHHHPPHHPHPHPPH
8718,PHPPPHPPHHPPHHHPPPPP
8719,HHHPHHHPPPPHPPPHHHPH
8720,HHPPHPHHPHHPHPPHHHHH
8721,PPHPHHHHHPPPPHHPHPPP
8722,HHHHHPHHHHHPPHPPPHPH
8723,HPPHPHHPHHHPHHPHHPPP
8724,HHPPPPPPHPHHHPHPHPPP
8725,HHPPPHPPPPPPHHHHHHPH
8726,HHHPPPPPHPHHPPPHHPHH
8727,PPHPHHHHPHPPPHHHHHHP
8728,PPHPHHPPPPHHPPHHHHHH
8729,HHPHPHPPPPHPHHHHPPPP
8730,PPPPHPPPHHPPPHHPHHPH
8731,HPPPHHPPPHPPHPHPHPHP
8732,PHPHPHPHHPPHPHHPHHPP
8733,HHHPHHHPHPHHPPHPPPHP
8734,PPHHHHHHHHHHHHPPHHHP
8735,PPHHPPHPPPHPHHPHPHHH
8736,PPHHPHPPHHPHPPPPPHHH
8737,HHHHPHHHPPHPPHHPHPPP
8738,PHPHPPHPPPHPPPHHPPHH
8739,HHHPPHHPHHPPHPHHHHHH
8740,PHHHHHHPPPHHPPHPHPPP
8741,HHHHHHHPPHHPPPPPPPPH
8742,PHHPPHPHPPHHPPHPHHHP
8743,PPPHPHPHPPPPHHHPPPHH
8744,PHHHHHPHHPHHPHPHHPHH
8745,HHPHPHHPHHHPPPPPPHPP
8746,HHHHHPPHPHPPPHHPHHHH
8747,PHHHHPPHPHHHHHPHPHHH
8748,HHHPHHPPPPHHPHHPPPPH
8749,PHPPPPHHPPHHHPHPHPHH
8750,PPHHHPHHPPHHPPPPHHPH
8751,PHHHPPHHHHPHHHPHHPHP
8752,PPHPPHPPPHPPHPHHHHHH
8753,HPPHHPHHPHPHPHPHPPHH
8754,PPPHPHPHHPPPHPHPPHPH
8755,PPHPPHPPHPPHHHHPPHHH
8756,HPHHPHHHHHHHHPPHHPHP
8757,PHPHHHPPHHPPPPHHHPHP
8758,HPHPPHPPPPPPPHHPPPPH
8759,HPHHPPHPHHPPHHPPHHPP
8760,PPPHHHPHPPHHPPHHPHHH
8761,HPHPPPHPHHPPPHHPHHPP
8762,PPHPHHPHHHHHHHPHHHHH
8763,HPHHPPPPPHHHHHHPPPPH
8764,PPPHPHPHPHPHHHPHHPPH
8765,HPHHHPPPPHPPPPPPPPPH
8766,PPPHPHHPPHPHHPPHHPHH
8767,HHHHHHPPHHPHHHPHHPPH
8768,PPHPPPHHHPPHPPHPPHPP
8769,PHPPPHHPHHHHPPHHPPPH
8770,PHHPHHPPPHPHPPPHHPPH
8771,PPHHHPHPPPPHPHPPPPHP
8772,PHHPHPHHPPPPPHPHHHHP
8773,HHPPHPPPPPPHHPHHHHPP
8774,HPPPHPHPHPHHPHPPPHPP
8775,HPHPHPPPHPHPPPHPHHHP
8776,HHPHPPHPPPHHHPHHHPHP
8777,PPHPPPPHHHPPHPPPPPPP
8778,PPPHHHHHHHHHHHHPHHPP
8779,HPPPPHPPPPHHPPPPHPPH
8780,PHHPPHPPHPHPPHHHPPPP
8781,HPHHHHPHPHPHHPHPPPPH
8782,HHHHHHPPHPHHPPHHHPPH
8783,PHPPPPPHPHPPPPPHHPPH
8784,HPHPPHPPPHHPPPHHHHPP
8785,PHHPPHHPHHHPPHHHHHHH
8786,PHPHHPPPPPPHHPHPHHPH
8787,PHHPHPHPHPPHHPPPPHPH
8788,PHPHHHPHPHHPHPHHHHHH
8789,PHPHHHHHPHPHPPPHPPPP
8790,PHPPPPHHPPHPHPHHPHHH
8791,PPHPPHHHHHPPPPHPHPHH
8792,PHHHHPPPHPHHPPHPHPHH
8793,PPHHPPHPHPPPHHPHHHHP
8794,HPPHPHHPPPHPPPPHHPHP
8795,PPHHHHHPPHHPPHHPPHPP
8796,PHHHPHPPHHHHHPHPPHPH
8797,PPPHHPPHPHPHPPPHHHPP
8798,HPPHPHPHHPHPPPHPHPHH
8799,PPHPHHHHPPHPHPPHPPHH
8800,HPPHPPHPHPHHPHPHPHHH
8801,PHHPPHPHPHHHPPHPPPPP
8802,HPPPPHHHHHPPHHPPHHHH
8803,PHHPHHPHHHHHPHPPPPHP
8804,HPHPHHPPHHHHPHPHHHPP
8805,HPPPHPHPPPHHHPPPPHHH
8806,HHPHPPHHHHPHHHHHPPHH
8807,HHHHPHHHPPHPHPHPHHPP
8808,PHHPHHPHPHPHPHHHHHHH
8809,HHPHPPHHHHHHHPHPPHPH
8810,PHHPPHHPPHHHPPPHHHHP
8811,PPPPHPPHHPPPPHPHHPHH
8812,PPHPPPPPHPPHHHPPPPPP
8813,PPHPPHPPPHHHHHPHPPPH
8814,PPPHPHHHPPHHPPHPHPPH
8815,HPPHPPPPHHPPPPHPPHHH
8816,HHHPPHHHPPHPHHPHHHPP
8817,PPHPPPHPPPPHHHPHPPHH
8818,HHHHHPHPHPHHHPPHHPHP
8819,PPHPHHPPPPPHPPHHHPHH
8820,HHPHPPHHPPPHHPPHHPPH
8821,PHHHHHHHHHHPPPHPPPHH
8822,PPHPHHHHHPPPHPHHPHHP
8823,HHHHPHHPPPHHPHHPHPHP
8824,HPPHPPHHPPHHHPHPPHHP
8825,HHHHPHPHHHHPHHPHPPPP
8826,PPHHPHHHPPPPHHHHHHHP
8827,PHPPPHPHPPPHPPPPPPPH
8828,HHHHPPPHPPHPPHPPPHHH
8829,PHPHHHHPHHHHHHPHPHHP
8830,PPHPPHPHPPPPHPHHPPPP
8831,HPPPHPPPHHPPPPPPPHPH
8832,PHHPHHPHPHHHPHHPPPPH
8833,PPHHPHHPPPPHPHPPPHPP
8834,HPHHHPPHHHPHHPPPPHHH
8835,PHPPHPPHHHPHHHPPHPHP
8836,HHHPPPHPPHPPHPHHHPPH
8837,HHHHHPHHHHHPHPPPHPHH
8838,PHHPPHPHHPPPPPHPPHHP
8839,PPHHHPPHHHPHPHHHPPHH
8840,HPPHHHPHPPPPPPHHPHPH
8841,HPHPPPHHPPPPPPPHPHHH
8842,PHHHPHHHHPPPHHHPPHHP
8843,PHPPHPPPPHPPHHHPPHPP
8844,PHHHHHHHPPHPHPPPHHHH
8845,PHHPPHPHPHPPHHPHHPPP
8846,PPPHPHPPPHPHPHHHPHPP
8847,PHPHHPHPPPPPPHPHHHPH
8848,HHPPHPPPHPPPHHPPHPPP
8849,PPPHPPHHHPPHPHHHHHHP
8850,PHHPHPPPPPPPPPPHHPHP
8851,PHPPHPHHPPPHHHHPHPPP
8852,PPPPPPPPPPPPHPHHHHPH
8853,HHHPHPHHPPPPHPHPHHPH
8854,HHPPPPHPHPPHPHPPHHHP
8855,PPPPPHPPPHHHHPPHPHHP
8856,PPHPHPPPPPPPPPPPPPHP
8857,HPPPHHHHPHHHHPPHHPPP
8858,HPPHPPPHPPHPHHPHHHHH
8859,HPHHHPHHPHPHHHHPPHPP
8860,HPHPHHPHHPPHPPPHPPHH
8861,PHPHHHPPHHHHHPPHHPPP
8862,HHHHPPHHPHPPHHPPPHHH
8863,PPPHPHHHPHHPPHHHPPPP
8864,PPPHHPHPHPPPHHHPHHHP
8865,HPHHHHHHPHPHHPPPPHHP
8866,HHPPPHHHHHPHPPPHHHPP
8867,PPPPPHHPPPPPPPHPHHPH
8868,PHPPHHPHHHPPPPHHHPHP
8869,HPPPHPHHPPPPHHHPHHHP
8870,HPHPPHHPHHPHPPPPPPHH
8871,PHHHPPPPPHHPPHPHPHHP
8872,HPPHHPPHHPHPHPPPHHPH
8873,PHPHPPPPPPPPHPPPPHHP
8874,HPPPHPPHHHPHPPHPPPPP
8875,HPPPPPPPPPPPHPPPHHPH
8876,PPHPHPPHPPPHHPHHPHHH
8877,HPHHHHHHPPHPPPPHPHHP
8878,HHHPPHPHHPHPPPPHPPPH
8879,HHPPPPPHPHPHHHPPPPPP
8880,HPPHPPHPPPHHHHHPPHPP
8881,PPPHHHPHPHHHPHPHPHHP
8882,PHHPPPHHHPPPHHPPPHHH
8883,HHHHPPPHPHHPHHPHPPHH
8884,PHPHPPHHPHHHPPPPHPHH
8885,HPHPHPPPHHHPPHHPPPHH
8886,PHHHPHPPPPPPPHPPPHPP
8887,PPPHPHPHHPHPPPPPHHHH
8888,PPPPPHPPPPHPHPPHPHHP
8889,PHHPPPHHPPHPPPPHPPPH
8890,PHPHHHPHHHHPHPHHHPHH
8891,PHPHHHHPHHPPHHPPHPHH
8892,HHPPHHHPPHHHHPHPPPPH
8893,PPHPHPPPHHPPHHHHPHPP
8894,HPPHHHHHPHPPPHHHPHPP
8895,PHPHPHPPPPHHHPHHHPHP
8896,PHHHPPPPHHHPHPHPPPHH
8897,PPPPPPPPHPPPHHPHHHPP
8898,HHHHHPPHHPHHHPPHPHPH
8899,PPHHHPHPHPHHHPPPHPHP
8900,HPPHHHPHHPHHPHPHPHHH
8901,HPPHHPPHHHPPHPPPPPHP
8902,HPHPHHPHPPPPPPPHPPHH
8903,HPHHHPHPHPPPHPHPPPPP
8904,HPPPPPHPHPPHPPHHHPPP
8905,HPPHHHHHPHPHHPPHHHPH
8906,HPHHHHPPPHHHHPHPPPPH
8907,PPHPPHHHHPPHPHPPPPPH
8908,HHPPPPPPHPPHPPPHPHHP
8909,HPHHPPHPHHPPHHPPPHHH
8910,PPHPPPHPPPHHHHHPHPPH
8911,PPPPHPHHPPHHHHPPPPHP
8912,PHPHHHPHHHHHHPHHPPPP
8913,PHHHPHPHHHPPHPHHHHHP
8914,HPPPHPPHHHPPPHPPHPPP
8915,PHHPPHPHPPHPHPHHPPPP
8916,HHPHHPHHPPPPHPPPPPHP
8917,PPHHPPHHHPHPHPHHPPPP
8918,HHPHHHHHPHHHPPPHPPPH
8919,PHPHHHPHHHPHHPHHPPPP
8920,PPPHPHPHHHHPPPPPPPPP
8921,PHPHPHHPHHHHHHHHHHPH
8922,PPPHPPHPPHPPPHHPPPPP
8923,PPHPPHPHPHPHHPHPHHPP
8924,HHPPPHPHPHPHPPHPPHPH
8925,PPPHPHHPPHPPHHHHPHPH
8926,HHPHHHPPHPHPHHPHHPPH
8927,PHPPPPPHPHPPHHHPPHPH
8928,HPPHHHPPPHPPPPPHHPPP
8929,PPHHHPHHPHPHHHPHHHHP
8930,PPPHPPPPHHHPHPHHPPPH
8931,PHPPPHHHPPHHHPPPPHHP
8932,HPPPPHPPHHPHHHPPPHPH
8933,PPPHPPPPPPPHPPHHHPHP
8934,HPPHHHHPPHPPHHPPPPHH
8935,PHHPPHPHPPPHHPHPPPPH
8936,PHPHHHHHHPHPPPPPPPPH
8937,PPPHPPHHPHPHHPHPPHPP
8938,HHHHHHHHHPHHPPHPPPPH
8939,HHPHHHHPHPPHHPHHHHPH
8940,PHHHHHPHPHPPHHPHHPHP
8941,HHHHHHHPHPPHPPPHPHPP
8942,HPPPPPPPPHHPPHHPHPPP
8943,PHHHPHPPHHPHHHHPPHPH
8944,HPHPHPPPPPHHPPPHPPPH
8945,PPPPHHPPPHPHPPPHHPHP
8946,PPPHHHPHPHHPPHPHHHHP
8947,PHPPPHHHPPHPPHPPPHPP
8948,PPHHHPPHHHHHHPPPHHHH
8949,HPPHHHPHHPPPHPHHPHHH
8950,PPHPPPHHPPPHPPPPPHPP
8951,PHHPPHHHPHPHPPPHPPPP
8952,PPPPHHHPPPHPPPPHHHPP
8953,HHHPHPPHPPPHHHHHPPHH
8954,PHHPHPPPHHPPHPHHHPPH
8955,HPHPPPPHPPPHHHHHHPHH
8956,PHPPPHPPPHHHHPHPPHPH
8957,HHHHHPPPHHHPPHPHPHHH
8958,HHPHPHPHPPHHHPPPHPHP
8959,HHPHHPPPPPPHHHHPPHPH
8960,PHPHPPPPHHPPPPHHHHHH
8961,PPPHPHHPPHHHPHPPHHHP
8962,PPHPHPHPHPHHPPHPPHHH
8963,HHHPPPPHPHPPPHPPHPPH
8964,HPPHHPPPHHPPPHPPHPHH
8965,PPPPHHPHPHPPPPHPPHPP
8966,PPHPHHPHHHPPHHPPPHHP
8967,HHPHHPHHHPHHPHHHPHHH
8968,HPHPHPPHPPHHHHHHPHPP
8969,HPPPHPHPPHPPHHPPHHHP
8970,PHPPHHPHHPPHHHHHPPPH
8971,HPHPHPHHHPHHHHPPHPPH
8972,PHPHPHHHPPPPHHHPHPPH
8973,HPHPHHPHHPPHPPPPHPPP
8974,HPPPHPHHPPPHHHHPHHHP
8975,PHPPHPPHPPHPHPPHHPHP
8976,PPHPPHHPPPHPPHPPPPHH
8977,HHHHHHHPPPPPPPHPHPHH
8978,HPHHHPHHHHHHHHPPHHPP
8979,HPHHHPPPPHHHPHPHPPPP
8980,PHPHPPPPPHPHHPPHHPHH
8981,PHPPPPPHPHPPHPPPPHPP
8982,PPPHPPHPHPHPHHPHPPHP
8983,PHPHHPPPHHHPHPPHHPHH
8984,HPPHHHHPPHHHPHPHPPPP
8985,PHPPPPHHPHHPHPHPPHPH
8986,PHHPPHHHPPHHHPHHHPHP
8987,PPPPHPHHHPHHPHHHPHPP
8988,PPPHPPHPPPPPPHHPHPHH
8989,HHPHPPHHHHPHPHHPPPHH
8990,PPHHHHPHHHPPPHHPHPHP
8991,PPPHHPPHPHHHPPPHHPPH
8992,HPPHPPHPHPHPHHHPPPPH
8993,PPHHHPHHPHPHPPPHPPPH
8994,PPPHHPHHPPPHPHHPHHPH
8995,HHHHPHHPPPHPPHHHPPPH
8996,PHHPHHHHPPHHPPPHHHHH
8997,PPHPHHPPPPHHPHPHHHPH
8998,HHPHHPPPHHPPHHPHPHHH
8999,HPPPPPPHHHPHHPHPPHPH
9000,PPHHHPHPHPHPHHHPHPPH
9001,PHHHHPPHPHHPPHHHPPPP
9002,HPPPHPHHHPPHPPHPHHPP
9003,PPPHPHHHHHHHHHPHHHHP
9004,HHPHHPPPHPHHPPHPHHPP
9005,HHHHPPHHHPHPPPHHPPPH
9006,HHHHPPHPHPHPPHPHHPPP
9007,PHHPHHPPHPHPPPPHHHHP
9008,HPHPPPPHHHHHPPHPPHPH
9009,PPHHPHPHPPHHHHPPHPHP
9010,HPHPPPPHHHPPHPHPHPPP
9011,HHHPPHPHPPHPHPHPHPPP
9012,PHPHPHHPPHHHPPPPHHHP
9013,PPHPHHPPHHHPPPPPPHPP
9014,HPHHHHPHHHPHHHHHHPPH
9015,PHPPHHHPHHHHPPPPPPPP
9016,PHHHPHHPPPHPHHHPHHHH
9017,HHHPPPHHHPHPHHHPPHHP
9018,PHHPPHHPPPPHHHHPPPPH
9019,PHPPHHHHHHHHPPPHHPPP
9020,HHHPPHPHPPHHPHPHHHHP
9021,HPPPPPHPPHHHHPHPHPHP
9022,HPPPPHPHHPHHHHHPHPPH
9023,PPPPHPPPPHPPHPHHHPHP
9024,HHPHHPPPHPPHPPPPPPPP
9025,PHHHPPPPHPPPPPHHPHPH
9026,PHPPHHPPPPHPPPPPPHPH
9027,HHHHPHHHHHHPHHPPHHHH
9028,PHHPPPPPPHHHHHHHPPHP
9029,PPHPHPHPPPHPPPPPPPPH
9030,HPHPHPPPHPPPHHHPPPPP
9031,HHPHPHPHHHHHHHPHPPHH
9032,HPPHHPHHPHPPPHHHHHHH
9033,HPPPPPPPHPHHHPPPPPHP
9034,HHHPPPPPHPPPHHHHPPPP
9035,PPPPHHPHHHPHPPPPHHPH
9036,HHHPHPHPHHHPPHPHPHPH
9037,HPPPHHPPPHHHHPPHHHHP
9038,PPPHPHPPPPHHPHPPHHHP
9039,HPPPHPPPHHHHHHHPHHHP
9040,PPHPHHPHPHPPHHPPHPPH
9041,HPPPHHHHPPPPHPHPHPHH
9042,HHPPPHPPHHHHHHPHHPPP
9043,PHHHPPPPPPPPHPPHHHHP
9044,HPPPHPPPHHPPPPHPPPPH
9045,PPHHPHHPPHHPPPHPPHPH
9046,HHPHPHHHHPHHHPPHHHHH
9047,PHPHPPPPHHHHHHHPPPHH
9048,HHPHHPHPPHHPHPHHPHPP
9049,PHPHHPPHPHHHPHPHPPHP
9050,PPHHPPPPPHHPPHHHPHHH
9051,HHHHPHHHHHPPPHHHPHHP
9052,PPHPPPPHHPPHPHPPHHPH
9053,PHHHHHPPHPPPHHHHPPPH
9054,PHPPHHPHHPHPPHPHPHPP
9055,PHHHPHPHHHPHPPHHPHPH
9056,HHPHPPPPPHPHHPPHPPPH
9057,HHPHPHHPPHPPHPPHHHPP
9058,PHHHHPHPHPHPPPPPPHPH
9059,HHPPHHPHHPPHHHPHPHHH
9060,PHHHHPHPPPPPPHPPPPHP
9061,PHPPPPHHHHHHHHHHHPPH
9062,PHHHHPPPPHHPPHPPHHPP
9063,HHPHHHPPPPHPHHPPPPPP
9064,PHPPPPPPPHHHPPPHPHHH
9065,PHPPPPHHHPHHPHHPHPHH
9066,PHPPPPPHHPPHHPHHHPPH
9067,HHPPHPHHHPPPPHHPPHHP
9068,PPHHHHPPHPHHHPHPPPHH
9069,PHHHHHHPHHPPPHHPHHPP
9070,PHHPPPHPPPPPHPPHPPPH
9071,PHPHPPPHHPPHHPHPPHPH
9072,PHPHPPHHPPPPHHHPHHPP
9073,PPHPHPPPPPPPHPHHHPHP
9074,HPPPHHPHHPPHHHPPHHHH
9075,HPHPHPHPPPHPHHPPHHHP
9076,PPHPHHHPHPPHPHHPHHHH
9077,HHHHPPHHHHHHPPPPPPPP
9078,PPPHPPHPHHHPPHHPPHPH
9079,HHPHPHPHPPHPPPHPPHHP
9080,PPHHPHHHHPPPHPHHHHHP
9081,HHPPPHHHPHPHHPHHHHPP
9082,PHHHHPPPPPHHPPPHPHPH
9083,HHHHPHHHHHHPPHHHHPHH
9084,PHHHPHPHHHPHPPHPPHHH
9085,HHPPHPPPHHPHHHPPHHPH
9086,PHHHPHPPHPPHHHPHPPHP
9087,PPHPHPPPHPPHHPPPPHHP
9088,PPHHPHPHHHHHHPHHHHHP
9089,HPHHPHPPHHHHPHPHPPHH
9090,HPPPHPHPPPHHHHPPHHHH
9091,PHPPPPPHPHHHHPPPHPHP
9092,HHHHHPHPHPHPPPPPHHHH
9093,HHHPHHPPHHHHPPPHHPHH
9094,PPPPHPPHHPPPHPHHHPHP
9095,PPHPPHHHHHHHPHHPPPPH
9096,HPHPPHPPHPHHHPHPPHHP
9097,HPPHPPPHHPHPPHPPHHPH
9098,HHHHHHPHPHPHHHHPPHPH
9099,PHPPPPPHPHHHPPHPHPHP
9100,HHPPPHHHHPHHHHPHPHHH
9101,PPHHPPHPPPPHHHPPPPPP
9102,PPPPPPHHHHPPPHHHPHPP
9103,HHPPPPPPHPHHHHHHPPPH
9104,PHHPPPHPPPPPHHPHPHPP
9105,HPHHPHHHPPPHPHHPHHHP
9106,PHHPPPHPHHHHPPPPHHHH
9107,PHPHPPPHPHHPPHHPPPHH
9108,PPHHHHPPHHHPHPPPHHPH
9109,PHPPPHHPPPPHHHHPPHPH
9110,PPHHHPPPHHHHPHPPHHPP
9111,HHPHHHPPHHPPPHPHHHPP
9112,HPPHHHHHPPPHHPHPPPHP
9113,HPHHPHPHPPHHHHHHPPHP
9114,HHPHPHPHPPHHHHPHHPHH
9115,PPPPHHPHHHHPHPPHHPPH
9116,PPHHHPPPPPPPHHPHHHHH
9117,HHPPHHPPHPHPPHPHPPPH
9118,HPHHPPPHPHPHPHHPPPHP
9119,PPPHHPPPHPPPHPPHPHHP
9120,PHPPHHPPHPPPPHHHHPHP
9121,HPPHHHPPPHHHHHHPHHPP
9122,PPHPPPPHPPPHPPPHHHHH
9123,PHPPHPPPPPPHPHPHHHHP
9124,PPHPHPPPPPHPHHHPHPPH
9125,HHPHPPPPPHHHHPHPHPPH
9126,PPHHHPHPHHPHPPHHHPHH
9127,PHHHPPHHPPPHHPPHPHHH
9128,PPPPHHHHHPHPHPPHPHHH
9129,HPHPPPHPHPPPHHPPPHHH
9130,HHPPPPPPPHHHPHHHPHHH
9131,PPPPPHHHHPPPHHHHHPPH
9132,HHHPPPPHPHHPPPHHHPHP
9133,HHHHHPPPHHHHPHPHPHHP
9134,PHPPHPPHPPHHHHPHHHHP
9135,PHPPPPPPHHPPHPPHHHHP
9136,HHHPPPPPHPHHPHPPPHHH
9137,HPPPHHPHHPPPPHHHHHPH
9138,HHHPPPPPPHHHPPPHHHHP
9139,HPHHPPHHPHPPPPHPHHHP
9140,HHPHHHHPPHPPPPPHHHPP
9141,PHHPPHPPHPHPHHPPPHPP
9142,HPPPHHHPPHHHHHPHPHPP
9143,HPHPHPHPPHHHPPHPPHHH
9144,PHPHPHHHHPPHHHPPPPHP
9145,PHPPHHPHPHHPPHPPPPPH
9146,PHHPPPHHHHPPPPHHPPPP
9147,PHPPHHPHPHPHPHHHPHPP
9148,HHPPHPHHHHPPPHPHPHHP
9149,HPPHPHPPPPHPPPPPHHPH
9150,HHPPHHHHPHHHHHHPHHPH
9151,HHHPHPHHHHPPHHHHPHPH
9152,PPPHPHPPPHPHHPPPPPHP
9153,HPHPHPHPHHHHPPPPPPHP
9154,HHHPPHPHHHHPPHHHPPHP
9155,PPPPPPPPPHPPPHHHHHHH
9156,HPHPHHHHHPPPPHPHHHPP
9157,PPHPHHHHHPHHPHHHHPPP
9158,HHPPHPHHHHHHHHPPHHPH
9159,HHPPHPHHPPHHPPHHPHPP
9160,HHHHHHPPHHHPPHPPHHHH
9161,PPHPHHHHPPPPPPHHHPPP
9162,HPHPHPPHHPHPHPPPHHHH
9163,HHPHHHHHPPHHPHPPHPPP
9164,HPPHHHPPHPPHHHHHPHHH
9165,HPHPPHHPHHHPHPPPPPHP
9166,PHPHPPPPHPPHPPHPPHHP
9167,PHPHPHHHPPPPPHPHPPHH
9168,HPHPHHHPPHHHPHPPPPHP
9169,HHPHPHHPHHPPPPPPHPHP
9170,PHHHHPPPHHPPHPPHHHPH
9171,HHHHHHPHPHHPHHPPHHPH
9172,PPHPHPPPHHPPHHHHPHHH
9173,PHHHHHHPPHHHPPPHPHHH
9174,PPHHHPHPHHHHPPHPHPHH
9175,HPPHPHPHPPPPPHHPHPPH
9176,HHPPPHHPHPPHPPPPHPHH
9177,PHHHPPPHPPHPHPPPHHPP
9178,HHPPHPPPPHPPHHHHPPHH
9179,HPHPHPHPHHHPHHHHPHHP
9180,PHHHHHPPHPHPHPHPHPHP
9181,PHHPPPPHPPHPPHPPPPHH
9182,HPHHPHPPHHPHPPHPHHHP
9183,PPHHPPPHPHPPHHHPPHHP
9184,HPHHHPHPHPPPHHHPPHHP
9185,PHHHHPHHPPPPHHHPPPPH
9186,PPHHPHPHHHPPHPPPHPHH
9187,PPHPHPPHHHPHHHHHPPHH
9188,HPHHPPPPHHPHHPPPHPHH
9189,HHPPHPHHPHHHPHPHHHHH
9190,HPHPPPHHPPHHHHPPPHPP
9191,HPPHHPHHHPHHPPHHHHPP
9192,HHHHHHHPHHHHPHHHHHHP
9193,HHHPPHHHHPPPPHHPPPPH
9194,HPHHPPPPHPPHPPPHHPHH
9195,HPPHPPPHPPHHHPHHHHHP
9196,PPPHHHPPPPPPPPPHHPPH
9197,HPHHHHHPHHPPHPHPPPPP
9198,PPPPPHPHHHHPHPPPPHPH
9199,PHHHHPPPPHHHPHPPPHPP
9200,HPPHHHHPHPHPHHPHHPPP
9201,HPPHPPHHPHHHPHPPPPPH
9202,HHHHHHPPPPHHHHHHHHPH
9203,PPHPHPPPPPPHHHHPHPPP
9204,HHPHPHHHPHHHHHPPHPHP
9205,PPHPPHHPPHPPHHHHPPPH
9206,PHHPHPPHHPHHHHHPPHHH
9207,PHPHPHHPHHPPPHHHHPPP
9208,HHPPPPHHPHPHHPPPHPHP
9209,PPPHHPHPPHHHHHPPHPHP
9210,PPPHHPPHHPHHHPPHHPPP
9211,PHPHHHHPPPPPPPPPHPHP
9212,PHPHPHPHPPPPPHPPHHHH
9213,HHHPHHPHPPHHPPHPHPPH
9214,HPPPHPPHHHHPHPPPPHHP
9215,HPPPHPPHHHHHPPHPPHHH
9216,HPPHHPHPHPHPPHHPPHPH
9217,HHHHHPHPPPPHHHPPHPHP
9218,PHHPHHPHHPHPHHHPHPPP
9219,HHHPPHHHHPPPHHHHHPPH
9220,PPHHPPPHPPPPHHHHHPHH
9221,HHPPPPHPHHPHHPHHPHHH
9222,PHPPHPPHHHPHHHHHPPHP
9223,HHPHHHHPPHPPPPPHPPPP
9224,PHPPHPHHHHHHHHPPHPHP
9225,HHPHHPHPPPPHPHPPHPHP
9226,PHHPHPPPPPPPHHPHHPPH
9227,HPHPHPHPPHHPHHHPHPHH
9228,HPPPHPHHPHHHPPHPPPPP
9229,PHHHPHHPHPHPHPPPHHHH
9230,PHPPPHHPPPPPHHPHHPPH
9231,PHPPHPPHPPPPHHPHPHHH
9232,PHPPHHHPHHPHPHPHPHPH
9233,HPHHPHHHHHHPPHHHPHPH
9234,PHPHPPHPPHPPHPHPPHPH
9235,PPHPPHHHPPPPPPPHPHPP
9236,PHHHHPPPPPHHHHHHHPHP
9237,PHHPPPHPHHHHPHHHPPHH
9238,PPHPPHHPPHHPHHHPHPPP
9239,PHHPPHHPHPPPPPPPPPPH
9240,PHPHPHPHHPPPPPHHHHPP
9241,HPHPHPPPHHPPPHPHHPPP
9242,HHHPPHPHHPPPPPHPPPHP
9243,PPPPPPPHPHHPHPPPPHPH
9244,HPPHHHPPHHHHPPHHHHPH
9245,HPHHHPHPPHHHHPHHPPHH
9246,HHHHHHPHPPPPPHHHHHHH
9247,HPPPPPPHHHHPHPPHPHPH
9248,PPPHPPHPHPHHHPHPPPPH
9249,HHHPHHHHPHPPHPPPHHHH
9250,HPPPPPHPHHPHPPPHPPHH
9251,PHHHHHPPPHHPPPHPHPPP
9252,PPPHPPHPHPPPHPPPHPPH
9253,HPHHPPPPPPPHHPPPHPHH
9254,HPPHPHHHPPHHPHHPHPHH
9255,HHPHHHHHHHHPHPPPPHHH
9256,HPHPPPHPPPPPHPHPPHHH
9257,HHPPPHHHPHPHHHPPPPHH
9258,HPHHPHPHHHPPPPPPPPPP
9259,HPHHHPHPPPHPPPHPHPHH
9260,HPPPHHHHPHHPHHHHPPPP
9261,HHPHHHPPPHHPHHHPPPHH
9262,HHHPHHPHPPHHHPPHPHHP
9263,PHHPPPHHPPHPHHPPHHPH
9264,HPPPHPHPPHHHHHPPHPHP
9265,PPPHHHPHHPPHHPHHHPPH
9266,HHHPHHHPHHHPHHPHHPPP
9267,PPHHPHPPHPHPPHHHPPHP
9268,HPHHHHPHHHPHHHPHPPHH
9269,HHHPPHPHHHHHPPPPPPHH
9270,PPHHHHPPPHHHHPHHPPPH
9271,PHHHPHPHPHHHHPPHHHHH
9272,PHPPHPHPPPPHPHPPPPPH
9273,HHHHPHHHPHHHHPPPHHPH
9274,PPHPPHPHPPPHPPHPHPPH
9275,PPPPPPHPPHPPHPPPHHPP
9276,HHHPPHPPPPHHPHPPPPPP
9277,PHPPPHHHPHHPPPHPHHPH
9278,HHPPHPPHHHPHHHPHPPHP
9279,HPPHPPPHHPHPPPHHHHPH
9280,HPHHPPPHPPPPHHPPHPHP
9281,PHPPHPHHPHHPHHHPHHHP
9282,PPHHHPPPHPPHHPHPPHPP
9283,HPHPHPPHPPHPHPPHHHHH
9284,HPPPHHHPHPPPPPPHPPPH
9285,HPPPHHHHHHHPPPHPPHHH
9286,PPPHHPPHPHHHHHHPPPPH
9287,PHHPPPHHPHHPPPHHPHPP
9288,HPPHHHPHPPPPHHPHHPHP
9289,PPPHPHPHHPPHPPHHHHPH
9290,HPPHHHHHHHHPHPHHHPPP
9291,HHHPPPHPHHHPPPHPHPPP
9292,PPHPPPPHPHHPHPHHHHPH
9293,HPPHHPHHPPPPHPPPHHHH
9294,PHHPPHHHHPHPHPHHPPHP
9295,HPHHPPPHPPPPHHHPPHHH
9296,HPHPHHPHPPPHPPHPPPPH
9297,PHPHHHPPHHPHHPHHPPHH
9298,PPHHHHPHPHHPHPPHPPHP
9299,PHHHHHPHHPHHPHPPPHPP
9300,HPPHPPPPPPPHPHPHPPPH
9301,PPHPPPPPPPPPHPHPHHHP
9302,PPHPPHPPPHPPHPHHPPPH
9303,PHHPPPHHPPHPHPHHPPHH
9304,PPPPHHHHHPHHHPPHPHHH
9305,PHPHPHHPPHHHHPHHPPPH
9306,HPPHHHHPPHHPHPHHPHHH
9307,PPPHHHHPPPHHHHHPPPHH
9308,PHPHPPHPHPPPPPPPPPHH
9309,HHPHHHHPHHPPHHPPPPHH
9310,HHPPHPHPPHPHHPPHPPPP
9311,PHPPHPHHPHHPHPHHPPHH
9312,HPPHPPPHHHPHPPHHHPPH
9313,HHPPPPPHHHHHHPHPHPPH
9314,PHHPHPPPHHHHHHPPHPPP
9315,HPHPPPHHPPPPHHHPPHPP
9316,PPPHPHHPHPPPPPPPHPPH
9317,PPHPPHHHPPHPPPHPHHHH
9318,PPPPPHHPPHHPHPHPPHHH
9319,PHPHHHHHHHHPPPPPPHHP
9320,HPHPHPPHHPPHPPPPPPPP
9321,PHHPPPPHHPPHHHPPPPHP
9322,PPPHHHPPHPPPPPHHPHHP
9323,HHPHHPHPPPHHPPPHHPPP
9324,PHHHHHPHHHHPPHPHPHPH
9325,PPPPPPPPPPPPPHHPPPHH
9326,PPPPPHHPPPPHPPHPHPPH
9327,PPHHPHHHPPPHPHHHPPPP
9328,HPPPPPHHPPPHPHPHPHHH
9329,PHHHPPPPPHHHPPPHHHPP
9330,PHPPHPPPHHPHPPPHPHPH
9331,HPHPHPHPHPPHPPHPHPPP
9332,PHHHHPHHPHHHHHHPPPPH
9333,PHHPPPHHPPPHHPPHPPHH
9334,PHHHPPPHHHPPPPHHHHPP
9335,HHPHHPHHPPPPPPHHHPPP
9336,HPHHHPPPPHHHPHPPPHPP
9337,PPPPPPHPHPHPPPPPHHHP
9338,PPHPHHHHHPPPPPPHHHHP
9339,HHHHPHPPPPHPPHHHHHPP
9340,PPHHPPPPHHHHPPHHPPHH
9341,PHHPPHHPPPHHHHPPHPHP
9342,PHHHPHPHHHHHHHHPPPPP
9343,HPHPHPPHHHPPPPHPHPPH
9344,HHHHPHHPPHPHHPPHPHHH
9345,HHPPPPPPHPHPHPPPPHHH
9346,HPPHHPPPHHPPHHHPPHPH
9347,PPPPPPPHPHPHPPHHPPHH
9348,PHPPHHPHHHPHPHHPPHPP
9349,PHHHPPPPHPHPPHHHPPHP
9350,PPPHHHHPPPHHHPPPPHPP
9351,PHPHHPHHHPHPPPHPHPPP
9352,PHHPHPPHHPHHHPHPHHHP
9353,PHHPHHHHHPPHHHHHPPHP
9354,HHPPHHHHHPHPHHPHPPPP
9355,HHPHPHPPHHPPPPHPHPHH
9356,HPPPPPHPHHHHPHHHHPHH
9357,PHPHPPHHHHHHPHHPHPHH
9358,PHPPHHHHHHHHPPPHPPHH
9359,HHHHHPHPHPHPPPPPPPHP
9360,HPHHHHPPPPPPPPHPPPPP
9361,PHHPHPPPPHHHHHPPHHHP
9362,PHHHHHHHPHHPPHPHPHPH
9363,PPHPHPHHPPHHHHHHHHHP
9364,HHPPPPPHPPHHPPHPPPHP
9365,PHPPHPPPPPHPPPPHPPPH
9366,PPHPHHPHPPPHPPPPHHPH
9367,HHHHHHHHHPPPHHHHPHPP
9368,PHPHPHPHHPPHPPPHPPPH
9369,PPPHHPHHHHPHPHPHPPHH
9370,PHHPPPHPPPHPPPHHHHPP
9371,PPPHPPHHHPHHPPPHPPHP
9372,PHHPHHHPHHPHHHPPPPHH
9373,HHPHPHPPHPPPHPPPPPPP
9374,HPHPHHPPHHPHHHHPHPPH
9375,HHHHPHPHHHPHHHPHHPPH
9376,HPPHPHPPHHHPPPPHPHPH
9377,PHHPPPPPHHHHPPHPPPHP
9378,HPPPHHHPPPPPPHHHHHHP
9379,PPHPHPHPPPHPPHHHHPPH
9380,HPHHPPPPPPHHPPPPPPHP
9381,PHPHPPHPPPPPPHHHHHHH
9382,HHHHPPHPPHHPHPHHPPHH
9383,PPPHHPHPHHHPHHHHHHPH
9384,HHHHHHHHHPPHHHHHPHPP
9385,HPHPPHHHHPPPPPPHHHPP
9386,PHPPPPPPHPPPPHHPPPPP
9387,PPHHHHPHPHPHHPHHPHHH
9388,HPHHHPPPHPHHHPPHHHHH
9389,PHHPPPPPHHPHPPPHPHHP
9390,HPPHPPPPPPPHPPPHHPHH
9391,PPHHPPHPHHPHPHPPPHPH
9392,HPHHPHPHPHHHPHHHPHHP
9393,PHPPPHHPHPHPPHPHHHPH
9394,HPHPHHPHHHHPHPHPHPPP
9395,PPHPHHPHPHHPPHPHHPHP
9396,PHHPHPPPPPHHHHPHPHPH
9397,HPPPPPHPPPPPHHHHPPPH
9398,HPHHHHHHHPPHHHPHPHPP
9399,HPHPPHPHPHHPHHPHPHPP
9400,HHPHPPHHPHPPPHHPPHHH
9401,PPHPHPPPHHPHHPPHHHHH
9402,HHPHPPPPHPPHPHPPHHHH
9403,HHHHHPPPHHHHHPPPPHPH
9404,PHHHPHHPHHHHPHPPPPHH
9405,PHPPPPHHHHHPHHPHPPHP
9406,HHHPHPHHPHHPPPPHPHHP
9407,HHHHHPHHPHHPHHPPPHHH
9408,PPPPHHPPHPPHHHPHPPHP
9409,PHPPHHHHHHHPPHHHPPPH
9410,PPPPPHPHPPPPHHHHHHHP
9411,PHPHHHPHPPPPPHHHHPHH
9412,HPPHHPHHPPHHHHHPHHHP
9413,HPPHPHHPPHHHHPPPPHHP
9414,PPHPPHHPPPHPHHHPPHPP
9415,PHPHPHHPHHPHPHHPHHPH
9416,PPPHHHHHPHHHPHHHHHPP
9417,PPPHHPHPHHPPHPHPPHPH
9418,HPHHHPHPPPPHPHPHPPPP
9419,HHPHHPHPHHHHHPPPHHHH
9420,PHHHHHHPHHHHHPHHHPHP
9421,HPHPPPHHPPPPPHHPPHHP
9422,PPHPHHHPPPHHPHHHPHHP
9423,HPHPPPHHPPPPPPHHHHHP
9424,HHPHHPHPPHPHHHPHPHHH
9425,HHPHHPPHHHPPHHPPHPHH
9426,PPPHPPHHHHPHHHHPHHHH
9427,PHPPPHPPHHPPPPHPPHPH
9428,PPPHHHPPHHPPPPHPPHPP
9429,PHPHHPPPPHPHHPPHHPHP
9430,PHPPHHHHPHHHHPHPHPPP
9431,PPHPPHPPPHPHHHHPHHHH
9432,PHHPHPPPPHHHPPPPPHHH
9433,PHHHHHPPPHPPHPPPPPHP
9434,PHHHPPHHHHHPHHPHPHPH
9435,PHHHPPPHPPPHPHPHPPHP
9436,PPPPPHHHHHPPHPHHPPPP
9437,HHHHHHPPPPPPPPPHHPPP
9438,PHHHHPHPPPHPHHPPPHPP
9439,HHPHHHHHPHHPHPPPHHHP
9440,HPHHHPPHHPPHHHHHPHHH
9441,HPHHHPPPHHPHHHHPPPHP
9442,PPHHPPHHPPPPHPPPPPPP
9443,PPPHPPPPPPHPPPPPHHHH
9444,PHPPPPPHPPPHPPPPPHHH
9445,PPHHPPPPPPPHPPHHPHPP
9446,PHHHPHPPPHHHHHHHPPPP
9447,HHHHHPHPHHPPHPPPHHPP
9448,PHPHPPPPHHHHPPHHHHPP
9449,HHHPHHPHHHHHPPHPPPHH
9450,HPHHPHHPHHHHPPHPPPPH
9451,HHPHHPPPPHHPHHPHHHHH
9452,PPPHHHHHPPHPHHPPHPPP
9453,HHPPPHPPHHPPHPHPHHPH
9454,PPHHHPHHPPPHPHHPHPHP
9455,HHHHPHHPHPPHHPPPPHHH
9456,PPPHHHHHPPHPPPPPPHPP
9457,HPHPPPHHPPHHPHPPHHPP
9458,PPPHHHHHHHHPHPHHPHHP
9459,PPPPHHPPPPHHPHPPPPPP
9460,PPHHPHHPHHHPPPHPHHHH
9461,HPHHHHPHPPHHHHHHPHHH
9462,HHHHPPPHHHHHPHPHHHHH
9463,PPPHPHHPPHPHPPPHHPPP
9464,HHHPHPHHHHPHHPHPHHPH
9465,PHPPPPHPHHPPHHPPHPPP
9466,HPHHHPPHPPHHHHPHPPHH
9467,HPPPPPHPPHPPHHHPHHHH
9468,PHPHHPPHHHHHPPHPHHHP
9469,HPHPPHHHHHHHHPHHHPHH
9470,PPPHPHHPPHHPPPPHPPHH
9471,HPHHHPPHHHPHPPPHHPHP
9472,HHHPPPHHPHPPHHPHHHPP
9473,PHHHPPHPPPPPPPHHHPHH
9474,PHHPHPHHPHHPHHHHPPPP
9475,PPHPHHPHPHHPPPPPHPPP
9476,HHHHHHHHHHHPHHPPPHPH
9477,HHPHPHHHPPPPPPPHHPHH
9478,HHPPPPPHPHPHHPHHPPHP
9479,PHPHPHPHPPPPPPPHHHHH
9480,HPHHHPPPPPHPHPPHHPPH
9481,PPHPHHHPPPHHPPPPPPPP
9482,HHHHHHHPPPHPPHHPHPPP
9483,PHHPHPPPPHPHHHHHHHPH
9484,HPHPPHHHPHPHHHHPHHPH
9485,PHPPPHHHHPHPHPHHPPHH
9486,PPHHHPPHHHHHPHPHPPHP
9487,HPHHPHPHHHHHHPPHHPPP
9488,HPHHPHPHPPHPPPPHPHHH
9489,HHHHHHHPHHPPPHHHPPHP
9490,HHHHPPPHPHPHPPHHPPPH
9491,HHHPPPHHPPPPHHPHPHPH
9492,PHHHHHPHHHPPPHPHHPHH
9493,PHPPHPHHPPHPHHPHHHHP
9494,PHPHHHPPPPPHHPHHHPHP
9495,PPPPPHHHHHHPPPHHHPPP
9496,HHPHPPHHPHPHHPPHPHHP
9497,PPHPHHHPPPHHPHHPHPPH
9498,HPPHPPHHPPPPHPHPHHPH
9499,PPHHPHHPHHHHPHHHPPPH
9500,HPHPPHPPHHPPHHPPPHPP
9501,HHPHPHHPPHHPHPPPHHPP
9502,HHPPHHPHPHPHPHPPPHHP
9503,HHPHPHHPPPHPPPPHHHPP
9504,PHPPHPHPPHPPPHPPPPPP
9505,PHPPHPHPHHPHPPPPHPHH
9506,HHHHHHPPHHHPHHHHPHHH
9507,HPHHHPHHPHPHHPHPPPHH
9508,PHPHPPPHHHHPHPHHPHPH
9509,PPPHPPPHPHHHHHHPPPPH
9510,PHPPPHHPHPPHHPHHHHPP
9511,HPPPHPPHPHHPPHHHHHPH
9512,PPPHHPHPHHHPHHPHPPPH
9513,PHHPHHPPPPHPPHPPHPPP
9514,HPHHPPHPHHHHPPPPHHPP
9515,PHHPPHHHHPHPPHHHPHPP
9516,HHHPPHHPHHHHPHHPHHPH
9517,HPPPHPHHPPHPHHPHHHHP
9518,HHHHPPHPPHPHHHPPPHHP
9519,PHHPPPPPPPHHHHPHHPHH
9520,HPHPHHPPHPHPHPPPHHPP
9521,PHPPPPHPPHHPHPHPPPPP
9522,PHHPHPHPPPHHHPHHHHPP
9523,HHHPHHHHHPPPHPHPHHPP
9524,PPHPHPHHHPHPPHPHPPHP
9525,HPPHPPHHPPPPPHHPHHPP
9526,HHPPHHPPPHHHHPPHHPHH
9527,HHPHHPPHPPHHHPPPHPPH
9528,PPPHHPPHHPPHHHHHPHHP
9529,HPHHPPPPHPHHHPHPHHPP
9530,PPPPHHHPHHPHHHPPHPHH
9531,HPPPPHPPPPHPPHHHPPHP
9532,PHPPHHPHPHHHHPPPPPPP
9533,PHPPHHPPPPHPHPHHPPPP
9534,HHHPPPPHHPPHHPHPPHHP
9535,PHHPHPPHHHPHPPHPHHHP
9536,PHPPHPPPPHPHHPHHHHHP
9537,PPHHHHHHPHPPPPPPHPPH
9538,PHPHHPPHHPPHPPHPHHHH
9539,HHHPPPPPHPPPHHPPPHPP
9540,HHPHHHHPPHHPPHHHHHPP
9541,HPPPHPHPPHHHHHPPHPPP
9542,HHHPPHPHHPPHPHPHPHHP
9543,PHHHPPHPHPPPHPHPHHHH
9544,PPHPPHPPPPPHHPPHHHPH
9545,PPHHHHHHPHPHPPPHPHHP
9546,PPHHHPHPPPHPHPPPPPPP
9547,HHPPHPPPHPHPPPPPPPHH
9548,PPHHHHHPPHPHHHPPPHPP
9549,PHPPHPPPPPPPPHPPHPHP
9550,PPHHHPHHHHPHPPHPPHPP
9551,PHHHPPPPPPHHPHPHHPPP
9552,PHHPHPHHPPHPHHPHPPHH
9553,HHHHHPHHHHHHHPHHHPPH
9554,HHPHPHHHPHHHHHPHHPHH
9555,PHHHPHHPPHHPHHPPHPPP
9556,HPPHHHPPPPHPHPPHPPPP
9557,HPHPHHHPHHHHHHPHHHHH
9558,HHHPHHPHHPPPPHHPPPHH
9559,HPPPPHHPHHPPPPHPPHPP
9560,HHHHPHPPHHHHHHPHPPPP
9561,HHPPHPPPHHPPPHPPPPHH
9562,HHHHPPHPPPPHPPHHPPPP
9563,HPPPHHHPHPHPPPHPPPHP
9564,PHHPHPPPPHHPPPHPPPHH
9565,PPPHHHHHPPPHHPPPHPHP
9566,PPHHPPPHPHPHHPPPPPHH
9567,PHHPPPPPHHHHHPHHPPHP
9568,HPPPPHPPHHPHHHPHPHPH
9569,PHHHPPHPHPPPHPHHPPPP
9570,HPHHHPHHHHHPPHHPPHPH
9571,HHPHHHHPHHHPPPPHHPHP
9572,PHPPHHHPPHPPPHPPHHPH
9573,HHHHPPHPHPHHPHPHHHPH
9574,PPHPHHHHHPPPPPHPHHHP
9575,PPHHPPHHHPHHPHPHHPHH
9576,HHPHHPPHPHPPPPHPHHPP
9577,HHPPHHHHHPHHHPPPHPPH
9578,PHHPHHHPHPHHPPPHPPPH
9579,HHHPPHPPPPHPPPHPHPHH
9580,HHPHHPPPPHHPPHPHHPPP
9581,PPHPPPHHHPPHHHPPHHHP
9582,PPPHPPHPPHHPPHPHPPHH
9583,PHPPPHPPHPPHPHPPPHPH
9584,HHHHHPPPPPHHHHHHPPPP
9585,PPPHHHHPHPHHHHPPHHHH
9586,HHPHPHPHHHPHPPHHPHHP
9587,PPHPHHPPHPHPHHHHHPHH
9588,HPHPPPHPHHHPHHHPPPHP
9589,PPPHHHHHHHPHHHHPPHHP
9590,HHHHHHHPHHHPHHPHHPPH
9591,HHPPPHPHHPPHHHHPPPPH
9592,PPPPHPPHPHPHPHHHPPHP
9593,HPPHPHPHHPPHPHPHHHHP
9594,HHPPPPPPHHPPHPHHHPHH
9595,HHHHHPPPPHHHPPPPPHHH
9596,PHHPPHHPPHHPHHPHHHPH
9597,PHPPHHPHPPHHHHHHHPPH
9598,PPHPPPPHPHPPHPHPPHHH
9599,HPPHHPPPHPHPPHHHPPHH
9600,HHPPPPHHHPHHHHPHHHPP
9601,PHHHPHPHPPHPPHPHHHHP
9602,HPPHPPPHPPHHHPHHPPPH
9603,HPPHHPHPPHHPPPPPHHPH
9604,PPHHHHHHHHPHHPHHPPPP
9605,HPPPPHHPHPHPPHPHPPPH
9606,HPHPHPHHHPHPPPPHPHPP
9607,PPHPPPPPPHPHHHHHHHPH
9608,HPHHPPPPPPHPHPHHPHHP
9609,PHPHHPPHHPHPPHPHPHPH
9610,PHPHHPPHHHHPHPHHHPHH
9611,PHHHHHPPPPPHHPHPPHHP
9612,PPPPHPPPHPPPPPHHHHHP
9613,PHPPHHPHPHHPHHPPHPPH
9614,PPHHPHPPHHPHPPHHHPHP
9615,PHPPHPHHHHPHHHHPHPHH
9616,PHHPHHPPHPHPPHPPHPPP
9617,HHHHPHHPHPPHPPPHPHHH
9618,PHPHHHPHHPHPPPPPPPHP
9619,HHPHPPPPHHPHPHPPHHPP
9620,PPHHHHHPHHHPPPHPPPPP
9621,HPHHPHHPPPPHHHPHHHPP
9622,PPHPHHHHHPHHHHHPHPHP
9623,HHHPPHPHHPHPHHHHHPPH
9624,HPPPPPPPPHPPPHPHPPHH
9625,PPPHHHPPHHHHPPHPPPHP
9626,HPHHPHHHHPPHPPPHHPHH
9627,PPPHPHPPHHPHPPHHPPHP
9628,PPPPHPPPHPPPPPHPPPHP
9629,HHHHPPPHPPPHPPPHHPPH
9630,PHPPPPHHPHHPHPHHPHPP
9631,PPHHPHPHPPHHHHPPHPHH
9632,PHHHHHPPPHHHPPPHHPHP
9633,HHHHPPPPHHPHHHPPHPPH
9634,HPPHHPPHHPPPPPPPHPPP
9635,HHHPHPPHPPPPHPHHPHHH
9636,PHPHHHHHHHHPPPHPHPHH
9637,HHPHHHPHHPHHHHHHPPHP
9638,HHPPHPHHHPHHHHPHPPPP
9639,PPHHPPPPPPPPHHPHHPPP
9640,HHPHHPHPPPPHHPPPHHPH
9641,PPPPHPHHHPPHPHHPHHPH
9642,PHHPHPPPPPHPHPPHPHPP
9643,PHPPPPHHHPPPHPHHPPPP
9644,HHHPPPPPHHPPPHPPPHHH
9645,HHPPPPPPPPHHHHHHPHPP
9646,PPHHHHPPPHHPPPHHPHPP
9647,HPHHHPHPHPPHHPPHPPPP
9648,HHPHPHPPHHPPPPHHHHPH
9649,HPHHHHPHPHHPHPPHPPPH
9650,HPHHHPHHHHHHPHPPHHHH
9651,PPHPHPHHPHHPPPHPHHPH
9652,PPPHPHHHHHPHHHPPPHPP
9653,PPHPHHPPPHHPHHPPPPPP
9654,PPHPHHPHHPHHHPHPHPPP
9655,HPHHHPHPHPHPHPHPPHPP
9656,PHHPHPPHPHPPPPPPPPPP
9657,PPPPHHHPHHHHHPHHPHPP
9658,PPPHPPPHPHHHHPHHPPPH
9659,HHPPHPHHPPHHPPHHPPHP
9660,PHHHHHPHPPPHPPPHPPHP
9661,PHPHPHHPHPHHPPHPHHPH
9662,HHPPHHHPHPHPPHHPPHHP
9663,HPPHHHHHPHPHPHPHHHHP
9664,PPHPHHPPHHPHHHHHPPHH
9665,HPPHHPPPPHPPHPPPHHPP
9666,PPHHHPHHHPPPPHPHPHHH
9667,PPPPHPPPPHHPPHHHHHHP
9668,HHPHHHPPPPPPPHPHPPHP
9669,PHPPHHHHHPHPPHHPHPPP
9670,PPPPHPHHHPHPHPPPPPPH
9671,HPHHHPPHHPPPPHPHHHPH
9672,HHHPPHPHPPPHHHHHHPPH
9673,PHHPPHPHHHPPHPPPPHPH
9674,PHHHPPHPPHPHPPPHHPPP
9675,PHPHPPPHHPPPHHHPPPHP
9676,PHPPPHPHHHPPPHHPPHPP
9677,PHHHPHHPPHHPHPPPPHHH
9678,PPHPPPHHPHHPHHPPHHPH
9679,PPHPHPPPHHPPPHPPHPPP
9680,PPHPPPPPHHHHPPPHHPPP
9681,PHPHHPPHPHHPHHHPPHHH
9682,HHHHPHPHHHPPPPHHPPPP
9683,HHPPHHPHHHPPPHPHPHHP
9684,PHHHHHPHPPPHHHPHHPHH
9685,HHHPPPHPPPHPPHHPHHPH
9686,PPHHHPHHHPPHHPHPPPHH
9687,HHPHHPPHPPPHPPHPPHHH
9688,PHHPHHHHPPPHPPHPHPPP
9689,HHHPHPHHHPHPPPHHPHHP
9690,HPPPHHHPHPHPPHPHHHHP
9691,HHPHHPHPPHHHPPHHPPHP
9692,PHPHPPPPPPHPPHHPHPHH
9693,PPPHHHHPPHHHPHHHHHPP
9694,PPHPHPPPHPHPPPPPHHHH
9695,HPPPPHPHPPHHPPHPPHHP
9696,HHHPHPPPHPPPPHHHPHHP
9697,HHHHHPHHPHHHHPHPPPHH
9698,HPPHPPPHPPHHHPPPPPHH
9699,PPPPPPPPPHPPPHPPHHHH
9700,HHHPPHHPPPPPHPHPHHPH
9701,HPPHPHPHHPPPHPHPHHPH
9702,HPHHPHPHHHHHHHPPHPHP
9703,PHPPHPPPHPHPHHHHHPHP
9704,HHPPPHHPPPHHHHPHPPPP
9705,HHHHHHHHHHPHHHPPPHPP
9706,HHHPHPHHPPPPPHPHHPHP
9707,PPHPPPPPPHPPPPHHPHPP
9708,PPPHPHPHPPHHPPPPPPHH
9709,HPPPHHHPPHHPPHHPPHHP
9710,HHPHHPHHHHPHHPHHPPPH
9711,PHHHHPHPHHPPHPPPHPPP
9712,HPHHHHHPPHPPPPPPHHHP
9713,PPHPPPHHHHPHHHHPHPPH
9714,PPHPHHPPPPHPHPHHPHPH
9715,HHPHHHPPPHPHHPHHHPPP
9716,PHHPPPHPPHHHPHHHHPPP
9717,HHPPHHHHHPPHPPPPHPPP
9718,HHHPHPHHPHHHHPHPHPHH
9719,PHHPHHHPPPPHPPPHPPPH
9720,PHPHPHPPHPHHHHPHPHPP
9721,HPPPHPPHPHPHHHHPHPHP
9722,HHPHHPPPHHPHHHHHHHPP
9723,HPHPHHHHPPHHHHPPPHPH
9724,PPPPHPPPPHHHHHHHHPHH
9725,PHPPPPPHHHPHHHPPHHPP
9726,HHHHPPPHPHPHHHHHPHPH
9727,PPHPPHHPPPPPHPHHHHHP
9728,PPHHPPHPPHHHHPHHPPHP
9729,PHHHPPHPHPPHHHPHHPHH
9730,PPHHPHPHPHPHHPPPHHHP
9731,HPPHPPPPHHHPHPPPPPPH
9732,PHPPPHPHPPHPHPPHPHPH
9733,PPPPHHHHPHHHHPPPPPPP
9734,PHHPPHHPHPHHPPPPPHPP
9735,PHPPPHHPHPHPPPPPHHPP
9736,HHHHPHHHPHHHHHPHPHPH
9737,PHPHPPHPHHPPHHHPPPHP
9738,HPPPHPPHHPHPPHPPHHHH
9739,HPPHHPPPPPPPHHHPPPPP
9740,HPPHPHPHHPHPPHPPPHPH
9741,PPHHHHPHHHPPPHHHHHHH
9742,HPPHPPPHHPPPPPPPPHPH
9743,PPHPHPHPPPHPPPHHHPPP
9744,PHHHPHPPPHPPPHHHHHHP
9745,HHHHHHHPPPHHHPHPPHPP
9746,HPHHPPPPPPHHHHPHHPHP
9747,HPHPPHHHPPPHPHPPHPPH
9748,PHPPPPPHHPHHHPPPPPHP
9749,HPPHPPHPHPPHPHPPHHHH
9750,HPPPPPHHHPHPPPHPPPHH
9751,HPPHPPPHPPPHPHPHHPPH
9752,PPHPPHPPPHPPHHHPPPHP
9753,PPHPPPHPPPPHHPHHHHPH
9754,HHHPHHPPHPHHHPPPHPPP
9755,HPPPHPHHPPPPHHPPPPHP
9756,PPPHHPHHPHPPPPHHHHPP
9757,HPHHHHHPHPPHPPHPHPHP
9758,PHPPHPHPPPHPHPPPPHHH
9759,PHPPPHPHHHPPHHPHHHPP
9760,PHHHPHPHPHHPPPHPPPHP
9761,PPPHHPPHPPHHPPHHPHHP
9762,PHPPPPPHHHHHPHPHPHHP
9763,HPPPPPHHPHHPHPPPHHPP
9764,PPPPPPPHHPHPPHPPHHHP
9765,PHPPHPHHHPHPPHPPPPHP
9766,HHPPHPHPPHPPHHPHHPPP
9767,PHHPHHPPHHHPHPPHHPHH
9768,PPPHHHPPHPPHPPPPHPPP
9769,PPPHHPPPHPHHHPHPHPHP
9770,HHPPHPHPHPPPPHHHPPHH
9771,PPHPHHHHPHHHPHHPPHHP
9772,PPHHHHPPPHHHPPHPHHHP
9773,PHPHPPPPHHPHPPPHPPPH
9774,HHHHPPPPPHHPHHPHHHHP
9775,HPPPHHPHHHHHPHPPPHPP
9776,PHHHHPHPHHPHHHPPHHHP
9777,HPPHHPHPHPPHHHPPHPPP
9778,HPHHPPHHPPHHHPHHHHHP
9779,HPHPHPHHPHHHHHHHHPHP
9780,HPHHHPPPHPHPHHHHHPPH
9781,PHHHHHPHHPPPPHHHPHPP
9782,HPHPPHPHPPPPHHHPHPPP
9783,PHPPHPPPHHHPHHPHPPHH
9784,PHPPPPHPPPHPHPPPPHPH
9785,HPHHHHHPPHPHPHHHHPHH
9786,PHHPPHPHHPPHHPPHPHPH
9787,PHPHPPPHPPPHPHPHPHPP
9788,PPHHHHPPHPHHPPHPHHPH
9789,PPPPHHHPHHPHPHHPHPPH
9790,HHPHPPPPHHHPHHHHPHPH
9791,PPPPPPHHPPPPPHHHHHPP
9792,HHHHHPHPHPHHHPPHHHHH
9793,HHPHPPHHPHPHHHPPPPPH
9794,HHHHPHPPHHPPHHPHHHHH
9795,PPHHPPHPPHHPPPPPHPPP
9796,HHHPHPPPHHPPPPPPHHPH
9797,HPHPHHPHHPHHHPHHPHPP
9798,HPPPHPHHHHPHHHPHHHHP
9799,HPPHHHPHPPHPPHPPPHHP
9800,HPPPPHPHPPHPPPHPPHHP
9801,PHHHHHHHHHHHHHPPPPHP
9802,PPHPHPHPPPHPPPHHHPHH
9803,HHPPHHHPPPPPPHPHHHPP
9804,HHPPHPHPPPPHPHPHHPPH
9805,HHHHPHHHPHHPPHHPHPPP
9806,HPHHHHPHPPHPPHHPHHPP
9807,PHPPPHPHPPHPPPHHHPPP
9808,PPPPHPPPHPPHPHPHHPPP
9809,HHHHPPHHPHHHHPPPPHHH
9810,HPPPHPPHHHHPPPHPPHHP
9811,PPHHPPPPPPHPHHPPPHHH
9812,HPHHHHHPHPPPPPHPPHPP
9813,PPPPPPHPPHHPHHHHHHPP
9814,HPPPPPPPHHPPPHPPPHHP
9815,PPHPPPPHHHHHPPHPHPHH
9816,PPPHPHPHHHHHHPPHHHPP
9817,PHPHHPHHHHHPPHPPPPHP
9818,PPHHPPPPHHPHHPHPPPPH
9819,HHHHHPPPPHPPPPPHPHHH
9820,PPHPHPPHHHPPPHPHHPHP
9821,PHPPHPHPHHHHHHHPPPPH
9822,HPPHHPPPPHPHPHPHHPPH
9823,PPPHHPHPPHPPPHHHHPHP
9824,HPHPHPPPHHHHHHHPPPPH
9825,PPHPPPPPHPHHPPPHHHPP
9826,PHPHPHHHHHHHPHPPPPPP
9827,HPPHHHPHPHPPHPHHHHHH
9828,PHPPPHHPPPHHHPPHHPPH
9829,HPPPPPHPHHHPHPPPHHPH
9830,PHHPPPHPHPPHPHPPHHHP
9831,HPPPPHPPPPPPPPHPHHPH
9832,HPPPHHHPHHHPPPHHPHPP
9833,PPPHPPPHHPHPHPHPHHPH
9834,HHHPPPHPPHPPPPPHHPHH
9835,PPHHPHPHPPHPPPHPHHPH
9836,PPHPHHHPHHPPPHPPHHPH
9837,PHHPPPPPHHPPPHHPPHHP
9838,HHPHHPHHPPHPPPPPHHPP
9839,HPHPHHPHHPPHHPHPPHHP
9840,HHHHHHPPHPPHHPPPHPPH
9841,HHPPHPHHPHHPPPPHPHHH
9842,PPPPPHPHHPPPPPPPHPPH
9843,HPPPHPHPHPPHPHHHHPPH
9844,PHPPPPPPPHPPPHHPHPPH
9845,PPPPHHPPPPPHPHPHPPPH
9846,PPHPPPPHPHHHPHHHHHPP
9847,HHPPPPPHHHHHHPPPPPPP
9848,PPHHPPPHHHPHPHPPPHPP
9849,HHHPPPHHPHPPPHPHHPHP
9850,PHHPPPHHPHHPHHHPHPHP
9851,HHPHPHHHPHHHHHPHPHHP
9852,HHHPPPHHPHHPHHPHHHPP
9853,PPPHPHHPHPPPPPPHPPHP
9854,HPHHHPPHPHPPPHPHPHHH
9855,HPHPHHHHHPPHHHHHHHPP
9856,PPHHHPHPPHPPPHHPPHPP
9857,HHHPPHHPHPPPPHPHPHHH
9858,PHPHPHHPPPPHHHHPPPPH
9859,PPHPHHPPPPHPHHPPPPHH
9860,HPPHHHHPHPPHHHHPPPPP
9861,PHPPHPHHHPPHHPPPHHPH
9862,HPHPPHPPPPHHPPHPPPHP
9863,HPHPHHPHHHHPPHPPHPHH
9864,PPPHHPPPHPHHHHHPPHHH
9865,PHPHHHHPPPPHHPHHHHHH
9866,HPPHHPPPHHPPPPPPHPPP
9867,PHHHPPHHPPHHHHPHPHHP
9868,HHHPHPPPPHPPHHPPPHPH
9869,HHPPPHHHHHHPPHPHPHHP
9870,PPPHPHPHPHHPHHHPPHHP
9871,PHHPPHHPPHHPHHHHHHHH
9872,HHPPHPHHPHPHPPPPPHPP
9873,HPPHHPHPPPPPPPPPHHHH
9874,HPHHHPPPHPHHPPPPHPHP
9875,PHPHPPPPHHHHPHHPPPPH
9876,HHPPPHHHHPHHPHHHPHHH
9877,PHHPPPPPPHPPHPHPHPHP
9878,HHPHPPPPPHPHHPHPPPPH
9879,PHPPHPPHPPHHHPHPPHPP
9880,PPHHHHHPPHHPHHPPPPPH
9881,HHPHHPPPHHHHPPHPHPHP
9882,HPPHHPPHHHHPPHHHHHHH
9883,HPHPPHHHHHPPHHHHHHPH
9884,PHHPHPPHHPPPHPPPHHHP
9885,PPPHPPHPPPPHPPPPHHPH
9886,PHPHPPPPPPHHHPPPHHHH
9887,HHPPHPPHHPHHPPHPHPPH
9888,PHPPPHPHPPPHHHPPHHPP
9889,HPPHHPHPPHPPHHPPHPHH
9890,PHPPHPHHHPPHHPPHHPPP
9891,HPHPHHPHPHHHPHPHHHHP
9892,PHHPPHPHPPPHHPHHPHPP
9893,HHPPPPHPPHHHHHPHPHHH
9894,HHHPPPHPPPHHHPHHHHHP
9895,PPPPPPPHPHPHHHHHPHHH
9896,HPPHPHHPHPHHPHHPHPPP
9897,HPPPHPPHPHPHHPPPPPHH
9898,HHPHPHPHPHPPHPHPHPHH
9899,HHPHPHHPHPHPPPHPHHHP
9900,PPPHPPHHHHPHHHPHHHPH
9901,PPPPHHPHHHHPPHHHPHHP
9902,HPHPHPPHHHPHHPPPPPPH
9903,HHPPPHHHHHPHHHPHPHPH
9904,PPHPHPHHPPHHHHPPPHPP
9905,PHHPPHHHPHPPPPPPHHHP
9906,HPPHHHPPHHHPHPPPPPPP
9907,HPPHPHPPHHHHHPPHHPHP
9908,PHPHPHHHPPHHHPPPPPPH
9909,PPPPPPPPPPPHPPPPHHPP
9910,PPPPHHPPHHPPPHHHHPHP
9911,HHPPHHPHHPHPHHHPHHHH
9912,PPPPHPPHHPPPHHHPHPHH
9913,PHPPHHHHHPHPPHPPHPPH
9914,PHHHPPHHPHPPHPHPHHHP
9915,PPHPPPHPHHHHHPPPPPPP
9916,PPPHPPPPPHHHHPPHPHHH
9917,HPHHPPHPHPPHHPHPPPHP
9918,PHHPPHPPPHPPPHPPHPHH
9919,PPHHHPPPPPHPPHPHPPHH
9920,PHPPPPPPPHHHHPHHPHPP
9921,PPPPHHPPPPHHHHPHPHPP
9922,HHHHPPPPHHPHHPPHPPHH
9923,HPPPPPHPPHPPHPHHHPHH
9924,PHPHHHPHHHHHPPHPPPHP
9925,HHHPPHPPPPPHPPPPHPHH
9926,PHPHHHHPPHPHHPHHHPPP
9927,HHPHHPPHPHHHPPHHPPPP
9928,HPHPHPPHHPPHHPPPPPPP
9929,HPHHPHHHPPPHPPHPHPHH
9930,HHPPHPPHHHHPPPHHHHHH
9931,PPPHHPPPHHHHHPPHHPHH
9932,PPHHHPHPPHPHPHHPPPPH
9933,PPPPPPHPHPPPPPPPHHHH
9934,HPPPPPPPPHPHPHPHPPHP
9935,HHPPHPHPPPPHPHPPPPHP
9936,PPHHHHPHPPHHHPHPHPHP
9937,PHHHHHPPPPHHHHPHHPHH
9938,HHPHHPPHPPPHPHHPHHPP
9939,HPPPPHPHHHPPHHPHHHPH
9940,HHHPHHPHHPHPHPPHPHHP
9941,PHHHHHPHPPHPPPHHPPHH
9942,HHPPPHPPPHHPHPHPPHHP
9943,HHHPHHHHPPHPPPPPHHHH
9944,PHPHHHPPPPHPHHPHHPPH
9945,HHHPPHPPPPPHHPPHPPPH
9946,PHHPPHHPPHPHPPPHPHHH
9947,PHHHPHHHPPPHPHHHHPHP
9948,HHPHPPHPPPHPPHHPPPPH
9949,PPPHHPPHPHPHPHHPHPPH
9950,HPHHHHPPHPPPHPHHHPPP
9951,HHPPHHPHPHHHHPHPPPPH
9952,PHHPHPPPPHHHPHPHPHHP
9953,HPHHHPPHPPPPPHPHPPPP
9954,HPHHHPPPPPHHPPHHPPHH
9955,HPHPHHHPHHPHHPHPHPHH
9956,PPHPPPHPHHPPHPHHHHPH
9957,HHPPPPHPPPHPPPHPPHHH
9958,HHHHPPPHPPHHHHPPPPPH
9959,PPHPPHHPPPHPHPPHPHPP
9960,PPHHPHPPHPPHPPPHHHHP
9961,PHHHHHHPHPPPPPHHHPHH
9962,HHPHHHHHPHPHPHPHPPHH
9963,PPPHPHPPPHPPPPPHPPHP
9964,PHHPPHHPHHHPPHPPHPPH
9965,HHPPPHPPHHPHPHHPPHHP
9966,PPHHHHPPHHHPPPHPPPPH
9967,PHPHPPHHPPPPHHHPPHHP
9968,PPHHHHPPHHHHHHPPHPPH
9969,PHPHPHPHHPHPPPPHPHPP
9970,PHHHPHHPPPHHPPHHPHHP
9971,PHPHHHHHPHHPHPHHPPPH
9972,HHPHHHPHPHHHPPPPPHPP
9973,PHHHPPPPPPPHHPHHPHHP
9974,PPPPPPHHHPHHHPHHHPPH
9975,HHHPHPPHHHPHHPHHPHHH
9976,PHPHPHHPHPPPPPPPPPPH
9977,PPHPHHHHHPHPPPPHPHPP
9978,HHPPPPHHPHHHHHPHHHPP
9979,HPPHHHHHHPHHHPPHHHPP
9980,PPHHHPPPPHHPPPPPPPHP
9981,HHHHHHHPPHPPHHHPPHPH
9982,PHHHHPHPPPPHPPPHHHHP
9983,PPHHHHPPHHHPPPPHHHPH
9984,PHHPHPPPHHHHHPPHHHPH
9985,HHPPHPPHHPPHHHHHPPPH
9986,PHHPPPPPHPPPPPHHHPPH
9987,HHPPPPPPPHHPHHPHHPPP
9988,HHPHHHHHHHHHPPPPHPHP
9989,PHHHHHPHPHPHHHPHPPHH
9990,PPHHHHPPPPPPHPPPPPHP
9991,PPHPPHHPHHHHPHHHHPPP
9992,HPPHPHPHHPHPPHHPPHHH
9993,HPPPPHPHPPPHPPPHPPPP
9994,HPHPPHPHPPHPHHHPHHPH
9995,PHHPPHHHHHPHPPHPHHPH
9996,PHPPHPHHHHPHPPHPPPPH
9997,PHHPPPPPHPHPHHPPPPHP
9998,PHHHPPHHHHPHHHPPPHPP
9999,PPPHPHPPPHPHHHPHHPHH
10000,HPPPHPHPPHPHHHPHHPPP
10001,PPPHHHHPPHHHHPPPPPHH
10002,HPHHPPHPHHHHHHPPPPHP
10003,HHPPHHHHHPHHPHHPPPHP
10004,HPPHHPPHHPPHHHHHHPPH
10005,PPPPPHHHHHPPHPHHHPHH
10006,PPPHHPPPHHPPHHPPHHPP
10007,HPHHHPPPPPHPPPHPHPHH
10008,PHPHPPHHHHHPPPPHHPPH
10009,PPPHHHPHPPHPHPPHHPHP
10010,PHHPHHPPHHHHHPHPPHHP
10011,HPPHHHHPHPHPPPPHPHPP
10012,HHHPHHHHHPPHHHPHPPHP
10013,HPHPPHPHPHPHPPPHHPPP
10014,HPHHHPHPHPPHPPPPHHHP
10015,PPPPPHPPHPHPHPPPPPHP
10016,PHPPPHHPHHHHHHHHPPPP
10017,HPPHPPHPHPHHHHPHPHPP
10018,HPHPPPHPPHPPHPHPHHPH
10019,PPHHHHHHHHPHPHHPPPPH
10020,HPPHPHHPPHPPPHPHHHPP
10021,PPPHPPPHPHHHHHHPHPPH
10022,PHPHPPHHPHHPPPPPHPPP
10023,PHHPPHHHPHPPHPHHPPHP
10024,PHPPHPHPHPHHPHPHPPHP
10025,PHPHHPPHPPPHHHPPPPPH
10026,HHPPPPHHPHPPHPHHPHPH
10027,PPHPPHHHPHPHHHHPPHHP
10028,PHHPPPHPHHPHHPHPHHHH
10029,PPHHHHPPHPHPHHPPPPPH
10030,HPPPPPHHPPHHPHHPPPPP
10031,HHPPHPPPHPHHHHPHHPHP
10032,PHPHHPHPPHHHPPHHPPPP
10033,HPPHHHPPHHHHHHHPPHPH
10034,PHPHPHPPHHPHHPHHHHPP
10035,PHHPHPPHHHPPHPHPPPHP
10036,HHHHHHHHPPPHHHPPPPHP
10037,PPPHPHHHPPHHHPHPHPPP
10038,HPHHHHPHPHPPPHPPHPPP
10039,HPHPHHHHHPPPPHPHPPPP
10040,HPPHPHPPPPPPHHHPHPPH
10041,PPHPPPPPHHPHPPHPHHPP
10042,HPPHPPPHHPHPHPHPHPHP
10043,HHPHPPPPHHHHHPHHHHHH
10044,HPPPHHHPPHHPHHHPHHPH
10045,HHPHHPPHPPHHPPPHPPHH
10046,PHHHHHPHPPPHPHPPPHHH
10047,HPPPPHHHPHPHPPPPHHPH
10048,HHHPPPHPPPHHHPHHHHHH
10049,PHHHPHPHPHHHPHPHPHHH
10050,HPHPHHHHHPHHPHPPHHPH
10051,HHHPHPHPPPPPPHHPHPPH
10052,PPHPPHHPHPPPHHHHPPPH
10053,HPHPHPPHPPPPHPPHHPHP
10054,PHHHHHHHHPPHHPHPHPHP
10055,PPHPPPPPPPPHPPPPHHHP
10056,HHHPPHHPHHHHPHHPPPPP
10057,HPHHHPPPHPHPPPHPHHPP
10058,HHHPPHHPHHPPPHPPHPHH
10059,PHHPPPHHPHPHPPPHPPPP
10060,PHHPHPPPHPHPPPPHPPHP
10061,HPHPHPHPPPHPHPPPHPHP
10062,PPHPHPPPPHHHPHHPHHPH
10063,HPHHPPPHPPPHPHPPPHHH
10064,HPPPPHHPPPPPHHPHHPPP
10065,HHHHPPPHHHPHPPHHPHPH
10066,PHPHPPPPHPHPHPHHHPPH
10067,HPPPPHHHHHHPHHPPHHHP
10068,HPHPHHHHHHPHHPPHHHHP
10069,PHPHHHHHHHPHHHPHHPPH
10070,PPHHPPPPPPPHHHPPHPHH
10071,PPPPPHPPHHHPHPPHHHPP
10072,HPPHHPHHHHHHPPHHPHPH
10073,PPHPHHPPPHPHHPHPPHPP
10074,HHHHHHPPHPPPPPPPPHHH
10075,PHPHHHPHPHPHPPPPHPHH
10076,PHPPPHHHHHHPHPHPPHPP
10077,HPPPPHPPHHPHPPPPPPPP
10078,HPHHHHHHHHHHPPPHHPHH
10079,PHHHPPHPHPHHPHPHPHPP
10080,PPPPPHHHHHPPHHPPHHPH
10081,HHHPPHHPHPHPPHHHHPPP
10082,HHHHHHPHPPHPHPHPHPPH
10083,PPHHHHHPPPPHPHHHPHPP
10084,HPPHPHPPPHPPPPPHHPHP
10085,HPHPHPPPPPHHPPPHPHPP
10086,HHPHHHPPPPHPPHHPHHHH
10087,HHPPPHPPHPPPHPHPPPPH
10088,PHHPPPHHHPHPHPHHHHPP
10089,HHHPPHPHPHHPPHPHPPPH
10090,HHPHHPPHPPPHPHPPHHHP
10091,PPHHHHPPHPHHHHHPPPHH
10092,PPHHHPPPPHPPPHPPPPPH
10093,HHPHPPHHPPPHHHPPHHHH
10094,PHPPPPHHPHPPHHPPHPPP
10095,PHHHHHHHHPPHHPHPPHHP
10096,PPPPHPPPHPPHPPPPHPHP
10097,PHHPHPHPPHPHHHHPPPPP
10098,PHHPHHHHPHPHPHPPPPHH
10099,HHPPPPPPHPPHHPPHHHHP
10100,PHPHHHPPHPPPHHHPPHHH
10101,PHPHHPHHHPHHHHHHHPPH
10102,PHPPPHHPHHHHHHHPPHPH
10103,HPPPHHHHPHPHHHHHPPPP
10104,PPPHHPHPPHPHPPHPHPHP
10105,PPHPPHPHPHHPHPPPPPPH
10106,PHPHHHHPPPPHPHPHPHHP
10107,PPHHPPHPPHHPPPPPPPPP
10108,HPHPPPHHHHHPHHPPPPHH
10109,PPPPPPHHPHPHHPPPHHHH
10110,PHHPHHHHHHPHPPPPHHHH
10111,PPPPHPHHPPHPHHPHHHPP
10112,HHHPHHHPPPPPHHHPHPPH
10113,PPPHPPHPPPPHPHPHHHPH
10114,HPHPPPPPHHHHPHHHPPPP
10115,HPHHHHPHPHHPHPHHHPPH
10116,HPPPPHPHPHHHHHHPPHHP
10117,PPHPPPHPPHHPHPPPPHHP
10118,PPHPPHPHHHPHPHPHPHPH
10119,PPPPHPHPPPHPHHPHHPPP
10120,HPPPPHHPHPHHPPPPPPPP
10121,PPHPPPPHHHHHHPHHHPPP
10122,HHHHHHPHHPPHPHPHHPHH
10123,HPPPHHPPPHHHHPHPHPHH
10124,HHHHPPHHHHPHPPHPHPHH
10125,HHHPHHHPPHPPHPPHHPPP
10126,HPPHPPHHPPPPHHPPHHPH
10127,HHPPHPPPPPPPHPPPHPHH
10128,PHHHHPHHHPHHPHHPPPPH
10129,PPHPHHHHPPPPPPHHPPHP
10130,HPHHPHHPPPPHHPPPHPHP
10131,HPPPPPPPPHHHHPHHPHHP
10132,PPHPPPHPHHPHPPPHPPHH
10133,PPHPHPHPHPHPHHHPPPPP
10134,PHPHPPHPPPPHHHHHHHHH
10135,HPHPHPPHHHPPPHHPPHPH
10136,PHHPPPPPPPHPHHPHPHHP
10137,HPHPPHPHHPPPHPHPPPHH
10138,PHPPHPHPPHHPHPHPHPPH
10139,PHPPHPHHPPPPHPPHPHPP
10140,HPPHHHPHPHPPPHHHPPPH
10141,PHHPHPPHHHHPPPPPPHHH
10142,HHHPHPPPHHHHPPPHHHPH
10143,PHPHHHPHPHHHHHHPPHHP
10144,HPPHHPHHHHHPHHHHPPPP
10145,HHPHPHPPPPHHPHPHPPPH
10146,HPHHPPHHPPHHHPHHHPPH
10147,HPHHHPPPPPPPPPHPPHPP
10148,PPHPHPHHHPHHPHHHPHHP
10149,HHHPPHHHPHHHPPHPPPPH
10150,HPPPHHPHHPHPPHHPPPPH
10151,HPPPHHPHPHPPHHHHHHHH
10152,PPHHPPHHHHHPPPHHPPHH
10153,HPHPPPHPPPHPPPPPHPHP
10154,HHPHPHPHPPPPHPPHHPPH
10155,HHHPHPHHPHPHHHPPPPHH
10156,PPPHHPHHHPPHHHHHPHPH
10157,PPHHHPHHPPPHPHPPPPPP
10158,PHPPHHPHPHPPHPPPHHHH
10159,HPHHHHPPPHPPPPPHHHHH
10160,HPHPHPHPPHHHHHHHPPHP
10161,HPHPHHPPPPPHHHPHHHPP
10162,HHPHHPHPHPPPHPPPHPHP
10163,HHPHHHHHPPPHHHPHPPHH
10164,PPHPPHPPPPHPHHPHPPPH
10165,HPPPPPHHPHPPPHHHHPPP
10166,HHHHPHHPPHPHHPPHPPHH
10167,PPPPHHHPPPHHPPPPHPHH
10168,PPHPPPPHPHPHHHPPHPPP
10169,PHHPPHPHHPHPPPPHHHHH
10170,HPHHPHPHHPHHPHHHPHHP
10171,PPHHHPHHHHHHPPHHHPPH
10172,HPHPHHPPHPHHPHHPPPHP
10173,PPHPPPHHPHPHHPPHHHPH
10174,PPHHHHPHPHHPHHHPHPHP
10175,HHPPHPHPHHPHPHPHHPPH
10176,PPPHHHPPPPHHPPHPHHHP
10177,PHHHHPHHHPHPHHPPHHPP
10178,HHPPPHHPPHHPPPPHHHHP
10179,PPPPHHPPPPHPHHPHPHPH
10180,PHHPPHPPHPHPPHPPHPPH
10181,PHHHHPPPPHHHPHPPPPPH
10182,PHHHPPHHPPHPPPPHPHPH
10183,HPPPHHHPPPHHHHPPHHPH
10184,PPHHHPPPHPHHHHPPPPHP
10185,PPHHHPPPPHHPHHPPHPHP
10186,PPHPHHPHPPPPPPHPPHHP
10187,PPHPPPPPPHHPHPHPHHHH
10188,PPPPHPPPPHPPPPHPPHHP
10189,PPHHHPPHHHHPPPHHHPHH
10190,HHPHHPHPHPHPHPHHPPHP
10191,HHPPPPPPHPHHPPHPPPPP
10192,PPHHHHPPHHHHPPHPHPPP
10193,HPHHHHPHHPHPHPHPHPHP
10194,HPPPPHPHPPPPPPPHHPHH
10195,PHHHHPHPPHPPHHHHPHHP
10196,HHPPHHHHPPHHHHPHHHHH
10197,PPPPHHPPHPPPHHHPHPHP
10198,PPHHHHPPPHHPHHHHPPPP
10199,PPHHPPHHPPPPHPHPHPHH
10200,HHPHPHHHHPHHHHPHHPHH
10201,PHPPHHHPPHPHHHPPHHPP
10202,PHPHPHHHPPPHHHPPPHHH
10203,PPPPHPHHPPPPPHHHHHPP
10204,HPHPHHPHPPHPPHPHHPPH
10205,HPPHPHPHPPPPPPPHHPPP
10206,PPHPHHPHHHPHPHHHPHPH
10207,HPHHPHPHHHHHPHPPPPHP
10208,HHHHHPPPHPPHHPPHHPPH
10209,PHHPHHPHPPPHPHPPPHHH
10210,PPPPPHHHPHPPHHPPPPHP
10211,PPPHPHHHPPPHPHHHPHPP
10212,HHHHPPPPPHPHHHPHPHHH
10213,PPPHHPPHPPHHHHPHPHPP
10214,PHPPHPHHPPPPPHHPPHHP
10215,HHPPPHPHHHPPHPHPPHPH
10216,PPHPHPHHPHHPPPHPHHHP
10217,HPHPHHPPHPPHHHPHPPPP
10218,HHPHHPHPPHPHHHPPPHPP
10219,HPPPHHHPHPPPPHPPPHHH
10220,HPPPHPPHPHHHHHPHHPHP
10221,PPHPHHHHPHPPPPHHPPPH
10222,PHPHHPPPHPPHPHPPPPHH
10223,PHHPPHPPHHPPPPPPPHPH
10224,HPPPPPHPPPHPHHHHPHPH
10225,HPPHHPPPPHPPPHHHPHPP
10226,HPPHHHHPPHPPPHPHPHHP
10227,HPPHHPHHHHPHPHPPPPPH
10228,HHPPPHPPHHPHHHHHPPPP
10229,PHHHPPHHPHPHHPHHHHHH
10230,HHHPHHHPHHPHPHHPHHPH
10231,PHHHHHHPPHHHPHPPHPHP
10232,HHPPPHPPHPHHHPHPPPPP
10233,PPPPHHPPPPHHHPHHPPHH
10234,HHHPPPPHPPHPHPPHPPPH
10235,PHPHPPPPHPPPHHHHHHHH
10236,PPPPHHHPPPPHHPPHHHPP
10237,PPPHHPHPHPHHPPHPPHPP
10238,HHHHHPPHHHPHPHHHPHPH
10239,HPHPHHHPHHPPPHPHPHHH
10240,PHHHHHHHPPPHPPPPPPPH
10241,HPPPPHPPHPPPPPPHHPPP
10242,PHPHHHPPHHPHPPPPHPHH
10243,PHHHPPPPPHPPHPHHPHPP
10244,HHPPPHPHHHPPHHPPHPPH
10245,HPHPPPPPHHPHPHHPHHPP
10246,PPHHHPPHHPHHHPPPHHHH
10247,PPHHPPPPHPHPHPPHPPPP
10248,HPHHPPPPHHHPPPPHHHHH
10249,PHHPPHHPHPPPPPPHPPHH
10250,HPHHPPHHHPPPHHHHHPHH
10251,PPPPHHHPHHHHHHHPPPHP
10252,PPPHPHHHPPPHPHHPHHHP
10253,PHPHHHHHHHHPHHPHHHHP
10254,HPPPHPHPPPHPPHHHPPPP
10255,HHHPHPHPHPHHHPHPHHPH
10256,PHHHHHPPPHHHPHPHPHHP
10257,PPHPPHPHHPPHHHPPHHHH
10258,HPPHHHHPPHPHPHPPPHPP
10259,PHPPHPPHHPHPHPHPPHPH
10260,HPHHHHPHPPHPHHHPPHPP
10261,HHPPHPHPHHHHPHPPHHPP
10262,HHPHPHPPPPHHHPPHPPPH
10263,HPHHPHHPHPPHHHHPHPHH
10264,HPPPHPPPHHPHHPHPHHPP
10265,PPHHPHPHHPPPPPPPPHPP
10266,HPPPHPHPHPHPHHHHHHHP
10267,PPHPPPHHHPPPPPHPHPHH
10268,PHHHHHHPHPPHPHPPPHPH
10269,HPPHPPHHHHHPPHPPHHHH
10270,PHHPHHPHHHPPHHHPPPPH
10271,HHHPHHHHPHHPPPHPPHHP
10272,HPHHHPHPHPPHHPPPPPHH
10273,PHPPHHPHHHHPHPPHPHPH
10274,PHPHPHPPHHPPHHPPHHHH
10275,HPPHPHHPPPPPHPHHHHHH
10276,HPPPHHPHHHHPPHPHHPPP
10277,PHHHHHHPPPPHHPHHHPPP
10278,HHHPPHHPHPPPPPHPPHHP
10279,PPPPPHPHHPPPPHHHHPHP
10280,HPPPHPHHPHPPHHPPPHPP
10281,HHPPHHHHHPPPHHPPHPPP
10282,HHHPPPPHPPPPHPHPHHHP
10283,PHHPHHPPPHPHHHHPPHHH
10284,HHPHHHHPPHHPPHHPHHPP
10285,PHHPPPPHHHHHHPPHPPPP
10286,PHPPHHPHHHPHHPHHHHHP
10287,PPPPPPHHHHPHPPPPPPPP
10288,PHPPHHPPHHHPHHPPHHPH
10289,HPHPHPHPPPHHPPHPHPHP
10290,PPPHHHHHHHPPPPHHPHPP
10291,HPHPPHHPHHHHPHHHPHPP
10292,HPPPPPPPPPPPPHPHPPHP
10293,HPPPPHHHPPHPPPHHPHHP
10294,PHHHPHHHPPPHPHPHHHHP
10295,HHPHPHHHPHHPPHHPHPHP
10296,PPPPHPHHPHHHHPPPHHHH
10297,HHPHHPHPHPPPHHHHPHHH
10298,HPHPPPHPPPHPPPPPPPPP
10299,PPHPHHHHHPPHHPPPPPHH
10300,HHHPHHPPPPPHPHHHHPPH
10301,PHHPPHHPPPHHHHPHPPPH
10302,PPHPHPPHPPPHHHPPHPHP
10303,PHHHPHHPHHHHPPPHPPPP
10304,PPHPHPPHPPHPPHPPHPPP
10305,HHHHHPPPHHPPPHHPHPHH
10306,HPPPPPHHHHPPHPHPHHPH
10307,PHPHPPHPHPHPHHPPPHPH
10308,PHPPHHPHPHPHHPPHHPPP
10309,PPHPHHPHPHPHHPHPHPPP
10310,PHPHHHHHPPPHPHPPHPPH
10311,PHHPPPHHPPPPHHHHHHHP
10312,PPHHPHPPPHPHPHPHPHPH
10313,PPHHPPPHPHPHHHHHHPPH
10314,PHHPPHPPPHPPPHPHPHHP
10315,HHPPPPPPPHHHPPHPHHPH
10316,HHPPHPPHPPPPPPHPPHHH
10317,HHPHHHHHPHHPPHPPHPHH
10318,HPHHHPHHPPHHHHHPHPHP
10319,PHHPPHHHPPHPHHHPHHHH
10320,PPPPPHPHPHHHHPPHPHPH
10321,HHHHHHHHHPHPPPPPHPHP
10322,HPHPPHPPHPHHHHPPPPHH
10323,PPHPPHPHHPPHHPHPHHPH
10324,PHHHHPPHPPHHPPHPPPPH
10325,HHPHPPHPPPHPHHHHPPHP
10326,PPHPPHHHHPHPPPHHPPHP
10327,PHPHPPPPHPHPHHHPHHPP
10328,HPHPHHPPHPHHHHHPPPPP
10329,PPHHHPHPPPHHPHPPHPHH
10330,HHPPPHHPHPPHHHHHHPHP
10331,PPPPPHPPHPPPHHHHPHPH
10332,PHPPPHHPPPHHHHPHPHHP
10333,HPPPPPPPHHHPPPHHPHPH
10334,PPHHHPHHPHHPHHPPPPHH
10335,HHPPPHPPHPPPHHHHHPPH
10336,HPPHHPHPHHPHPHPPHPPP
10337,PPHHHHPHHPHHHHHPPHPH
10338,PHPHPHHPHHPPPPHHPHPH
10339,PHHHPPPHHHHPPPPHPPPP
10340,PPHHPPHPHPPPHPPHPPPH
10341,PHPHPPHHHHPPHHHHHHHH
10342,PPHHPPPHHPPPPHHHPHPP
10343,HPPPPHPPPPHPHHPHHPPP
10344,HHPHPHPHPPHHPHHHPHHP
10345,PPHPHPHHHPHHHHHPPHPP
10346,PHHHPHHPHPPHPPHHHPHH
10347,HHHHPHPHHPPHPPPHHHHP
10348,PPHPHHHHHPHPPHPPPHPP
10349,HHHPHHHPPHPHPPPHHHPP
10350,HHPPHHHPHPHPPPHPPHPH
10351,PPHPHHPHHPHPPHPPHPHH
10352,PHPHPHPHHHPHPPPPHPPP
10353,PPPPPHPHPHHPPHHHPPHP
10354,PHPHHHPPHHHHPPHHHPPH
10355,HHHPPPPHPPPHHPHPHHHP
10356,PPPHPPPHPPHPHPPPHHPH
10357,HHPHHHPHHPHHPHHHHPPH
10358,HHPHPHHPHHPHPPHHPHPP
10359,HHPPPHPPHHHPPPHPHPHH
10360,PHHPHPHPHPHHPPHPPPHP
10361,HHHHHPPHHHPHHPPHPHHP
10362,PHPHPPHPPPPHHHHPPHPH
10363,PHHPPHPHPHPHPPPHPPHH
10364,HPPHPHPPHPHPHPPPHHPP
10365,HPPHHPHHHPPPHHHPHHPH
10366,PPHHHPPHPPPHPHHHPPHP
10367,HHHPPPPPHPHHPPPPPHHH
10368,HPHHHPPHPHPPPPPHPPPP
10369,HHHHPHHPPHHHHPHHPPHP
10370,PPHHPPPPHHPPPHHPHPPP
10371,HPHPPPHHHHHPPPPHHHPP
10372,HPPHHPHHPHPPPHHPHHHH
10373,HHPHHPPPHHPPHHHPHPHP
10374,HPHHHHPPPHHPHPHPPHPP
10375,PPPHPHPPPHHHHPHHPPHH
10376,HHHPPHPPHHPHPPHHHPHH
10377,HHPHPPPHHHHPPHHHHHPH
10378,HPHPPHPHHPHHHHHHHHHH
10379,HHHPPHPHPHPPHHPHHPPH
10380,HHHPPHHPHHPPHHPPHHPH
10381,HPHPHPPHHHPPHPHPPHPH
10382,PPPPHHPHHHPHHHPPHPHP
10383,PPPPHPPPHHPPHPPPHPHP
10384,PPHHHPPHHHPHHPHHHPHP
10385,PPHHHHHPHHPPPHPHHHHP
10386,HHHPPHPPPHPPPPHPPHPP
10387,HHHHHHPHHPHPHHHHHPHH
10388,PHPPHHPHPPPHPPPPHPPP
10389,HHHPPHPPPHHPHPHPPHPH
10390,HPPHPHHPHHPPPHPPPPHP
10391,PPHPPHHHPHPPPHHHHHPP
10392,HPHHHHPPPHPHHHPHHHPP
10393,PHHHHHHPPPHPPHHHPPHP
10394,PPHPPHHHHPHHHHPPHPPP
10395,PHHPHPPHHPPHHPHHPPPH
10396,HPPPPPHPPPPPPHPPHPHH
10397,HHPPHHPPHPPPHHHPPHHP
10398,PPHPHHPHPPHHPHPHHHPH
10399,PPHHHPPHHPHPPPPHPPHP
10400,PPPPPPPPHHPPHHHPHPPP
10401,HPPHPHHPHPPPPPPHPHPH
10402,PPHHPPPPHPHHPHHHHPPH
10403,PHPHPHHPHHPHPPHPPHPH
10404,PHPHPHHPPPPPHHHHHHPP
10405,HPPHPHPHPPHPPHHPHHPP
10406,HHHPPPHPPPPHHHHPHPPP
10407,HPHPPPPHPPPPPPPHPPPH
10408,HPHHPPHPPHHPHHHPPPPH
10409,PHHPHPHPPHPPPHPHHPPP
10410,PPHPHHHPPPPPPHHHPPHP
10411,HHPHPPHPPHHHPPPPPPPH
10412,PHHHHHPHHHPHHPHPPHHP
10413,PHHHPHHPPPHHHPHPPHHP
10414,HHHPPHHHHPPPPHPPPHHH
10415,HPPPPPHHHHHHHPHPPHHP
10416,PPPHHPHPPPHPHHHPPPPP
10417,HPHPPHPPPPPHHHPPPHHH
10418,HHHPPHHHHPHHHPHHHPPP
10419,HHPHPPPHHHHPPHHHPPPH
10420,HHPPHHPHHPPHPHPHHPPP
10421,PPPHPHHPHPPPHHPHHPPH
10422,PPHHPPHHHPPHHHPPHPHP
10423,HPPPPHPHHPHHPPHPHPPH
10424,HHHPHHHHHPHPHHHPPHHH
10425,HHPHPHPPPPHPHHHHHPPP
10426,HHHHPPHPPPHPHHHHHHHH
10427,HPPHHPHPHPPHHHPHPPPH
10428,PHPHHHHHPHHPPHPPPPHP
10429,HHPHHPPPPPHPPPPHHHHH
10430,PHPHHHHPHHHPHPPHPHHH
10431,PHHHHHPPHHHHPHHPPHPP
10432,PHPHPHPPPPHHPPHHPPPP
10433,HPHHPPHHPPHPHHPHPHHP
10434,PHHPPHPHHPPPPPPHHHPH
10435,PHHHHHHPHHPHPPHHPPHP
10436,HHPHHPPPPPHHHHHPPPHP
10437,PHHPHPPHHHHPPPHPHHHP
10438,HPPHPHHHPPHHHPHPHPHH
10439,PHHHHPPPHHHPHPPHHHHH
10440,HHPHHHPHPPHPHPPHHPPP
10441,HPHHPPPHPHPHPHPPPHPP
10442,PPHPPHHPPHPPHPHPHHHH
10443,PPHHPPHHHPPHHPHHHHHH
10444,HHPHPHHHPPHHPHPHHPPH
10445,HPPPHHPPPHPHPPHHPHPP
10446,HPHPHPPHPHPHPPPPPPHH
10447,HPPHPPPHHPPPPPHHHPHP
10448,HPPHHPHHPHHPPHPHHHHP
10449,HHHHHHPHPHPHPHHPHPHH
10450,PPHHPHPHPHHHPPHPPPHP
10451,PHPPPPPHHPHHHHPPPHHP
10452,PHHHPPHPHHHPHHHHHPPP
10453,PPHHPPPHPHHHHHPPPHHH
10454,PHHPHPHPHPPPHHHHPPHP
10455,PPHPHPPPPHHHPHPPHPHP
10456,HHHPHHHPHPHHPPPPPHPH
10457,PPPPPHPHPPHHPHHHHHHP
10458,HHPHPPHPHPPHPHHHPPHP
10459,HPHPHHHHPPHHHHPHPHHP
10460,HHHPPPPHPPHHPHHHHHHP
10461,HHHHPHHHHHPHPHPHHPHH
10462,PHPPPHHHHPHPPHPPHHPH
10463,PPHHPPPPPPPHPHHPPPPP
10464,PPPPHPHPPHHHPPHHPPHP
10465,PHPPPHHHPPPPHPHPHHPP
10466,HHHHPPPPHHPPPPPPHHPH
10467,PPHPHHHPPPHPHPPPPHPH
10468,HHHPHHHHHPHPPHPHHPPP
10469,PPPHHPHHHHHPPHPPHHHP
10470,HPHPHHHHHHHPPPPPHPHH
10471,PPPHPHPPPHPPHHHPHHPH
10472,HPHHHPHHHHHHHHPHPHHP
10473,PHHHHPPPHPHPHHHPHHPH
10474,PPHHPHPHHHPPHPHHHPHP
10475,PPPPPPPPPPHHHPHHPPHH
10476,PPHPPHPHHPHPPHPPHPHP
10477,PPPHPHPPPHHPPHHHHPHH
10478,HHHPPPPPPPPHHPHPHPHP
10479,PHHPHPHPPPHPHPHPPPPP
10480,HHPHHPHPHPPPPPPPPPPP
10481,PHHPPHHPPHPHHHPHPPPP
10482,PHHPPPPHHPHHHPHHHHHP
10483,PPHPHHHHPPHPPPHPHPHP
10484,HPHPPPHHPHHPPHPHPHPH
10485,PPPPPHHHHPHPPHPHPHPH
10486,PPHHPPHPPPHPHPPPPPHH
10487,HPHHHHHHPHPHHHPHHHHH
10488,PPHHPPHPHPPHPHHHPHPP
10489,PHHPPHPPHPHHHPHPPPPP
10490,HHHPPHHHHHPPPPPHPHHH
10491,PPHPPHHHHPHHPHHPHPPP
10492,PHHHPPPHHHHPPHPHPHPP
10493,PPHPHHPPPHHHHHHPPPHP
10494,PHPPHPPHPPPHPPHPPPHP
10495,PPPHPHPPPPHPHPPHHPPH
10496,HHHHPHPPHPPHPPPPHHPH
10497,HHHHHPHHPHHPPPHPHPPP
10498,HPHHHPPPPHHHPPPHPPHP
10499,PPPPHHPHHPHPHHHPPHPH
10500,PPPHPPHPPPHPPHPHPHPP
10501,HHHPPPPHPHHPPPPPHPPP
10502,PHHPHPHHHHHPPHPPPPPP
10503,HPPPHPPPPPHHHHPPHPPP
10504,HPHHHPPPHPPHHPHHHPHP
10505,HHPHHPPHHPPPPPPHPHHP
10506,HPHPPPHHPPPPHPHPPPPP
10507,PPHPPPPPHHPPPHPPHPHP
10508,HPHPPPHPPHHPPHHPPPPP
10509,PHHPHHHHHHPHPHHHHPHH
10510,PPHHHHHPHPPHPPHHPHHP
10511,HHPHHPHHHHPPPHPHPPHP
10512,HPHHHHHPHHPPHHHPHPPP
10513,HPHHPHHPPPHHPHPPPPPP
10514,HPHHPHHPHHHPPPPPHHHH
10515,HPPHPHHHPPHHHHHPHPPH
10516,PPHHPPHPHPPPHPPPPPHH
10517,HHHHPPHPHHHHHHHHHHHP
10518,PHHPPPHHPPHPHPHHPHPH
10519,HHHHHHHHPHPHPPHPHHPH
10520,HPPHHPHPPPHHPPHPPHHP
10521,HPPHPPPHPHHPHPHPPHPP
10522,PHHHHHPHHPHHPPHHPHPH
10523,HHHHHHPPPHHPHHHPHPPH
10524,PPHHPPHHHPHHHHHHHHPP
10525,PHPHHPHPHHHHPPPPPHHP
10526,PPPHPHHHHPHPPPHHHHHH
10527,PHHHHPPHPPPHHHHPPPHH
10528,PHPPPPHHPHPPHPHPPHHH
10529,HPPHPPHHPHHPHHHHPHHP
10530,PPHHHPHHPHPHPHHPPHPH
10531,HPPPPPPHHHHPPHHHHHHH
10532,PPHHPPHHPHPPPPHPPHPH
10533,PHHHPPHHHHPPHPHPHHPP
10534,PPPPPHPHPPHPHPHHHPHH
10535,HHPPPPHPHHPHPPPPHHPP
10536,PPPPHPHHHHHHHHHPPHPP
10537,HPPPPPPPHHHPPPHPHHHP
10538,HPPPPPPPPPHHPHPHPHPP
10539,PPHHHHHPHHPPPPPPHHHH
10540,HHPPPHPPPHPPHPHHPPPH
10541,HPPHPHHPHPHHHPHPPPPP
10542,PPPPHPHPPPHPHHHPHPHH
10543,HHHHPHPPHHHPHHHPPHHP
10544,HPPHHHHPPPHHHHHPPHHH
10545,PHPPHPPHHHPHHPHHHPHH
10546,PHHHPPHPPHPPPHHPHHHH
10547,PPHHHHHPPPHHPHHHHHPP
10548,PHHPHHPHPHPPPPPPPPPH
10549,PHPPHHPPPHHHHPPPHPHH
10550,HHHHPHHHPPHPHHHHPPHP
10551,PPPHPHHHHHPHPHHPHPHH
10552,PHHPPHHHHHHHPPPHHPPP
10553,PPHPHHPHPHHPPPHHHHHH
10554,PPPHHHHHPHHPPPPHPPPP
10555,PPHHPHHHHHHPPHPHPHPP
10556,PPHPPPPPHPPPPPHPPPHP
10557,PPPPHPHHHPHHPPPHPHHP
10558,PPHHHPPPHHPHPHPHHHHP
10559,PHHHHPPPHPPPPHHHHHPP
10560,HPHPHPHPHPPHPHPPPHHP
10561,PPPHPPHHPPPPHPHPHPHP
10562,PHPPHPHHPHHPPPPHPPHP
10563,PHPHPPHPHPHPHHPHPPHP
10564,PPHPHHPPPPPHHHPHHPHH
10565,HPHPHPPHPPHPHPPHHPHP
10566,PPHPPHPPHHPPHHPHPHPP
10567,PPPHHHHHPHHHPPPPPHPH
10568,HHPPPHHPPHHHPHPHHHPH
10569,PPHPPPPHHPPHPPHPPPPH
10570,PHPHPPPPHHPHHHHPHPPH
10571,PPPHHPHHHHPHPPPPPHHH
10572,HHPPHPPHPPHHHHPPHPHP
10573,HPHPPHPHHPPHHHPPPPHH
10574,PHHPHPPPPPPHPPHPHHHH
10575,PPHHPPHPHHPHHHHPPHHH
10576,HPHHHPHPPHPPHHHPHPHH
10577,PHHHHPHPHHHHPPPPHPHH
10578,PPPHPHPPHPHPHPHPHPHP
10579,HHPHHPPPHHHHHHHPHPHP
10580,PPPPPHHPPHPPPHHHHPPH
10581,PPHPPPHPHPHHPPHHPPHP
10582,PHPPPHPPHPHHHHPHHHHH
10583,HPHPPHHPHHHHHHPPHHHP
10584,PHHHPPHHPHPPPHHPPPHP
10585,PPPHHPPHPPHPPPPHHPPH
10586,PHHPHHHPHHHPPPHPPHHH
10587,HHPPPHHPHHPHPPPHPPPP
10588,HPHPHHPPPPHHHPPHPHHP
10589,PPHHHPPHHHHPPPHHPPPP
10590,PPPHHHPPHPPHPHHHHHHH
10591,HPHPPPHHPHHPPHPHHHHP
10592,PPHHHHHPHPPPPHPHHPPH
10593,HPHHPPHPHHHHPPPHHHPP
10594,PPPPHPPPPPPPHHPPPPPP
10595,HHHPHPHPPPHPPHHHHHHH
10596,PPPPHPPHHHHHHHHHPHHH
10597,HHPPPPPPHPPPHHPHPHHP
10598,HPHHHPPHHPPHPPPPHPPH
10599,HPPHHPPHPHHHHPHPPHHH
10600,HPPHPPHPPPHHHPHPHPPP
10601,PHHHPHHPPPHPPPPPHHPP
10602,PPHHPPPPHPPHHPPHPHHH
10603,HHHHHHHHPHHHHPPHPPPP
10604,PHHHHHHHPHPPHPPPPPPP
10605,HHPPPPHHPHPHPHPPHHHP
10606,HHPHPHHPPPPHPPPHPPHP
10607,PHHPPPHPHHHHPHHPHPHH
10608,HHHHPPHHPPHPHPHPPPPH
10609,HHPHHHHHPHPHPHPHPHHH
10610,HHHHHPHPHPHHHPPPPHHH
10611,PPHPHPHHPHPPPHPPHPHH
10612,HPHHPHHHHPHPPHPHPHHH
10613,PHPPPHHHHHPPHHHPPPHH
10614,PPPPPPHPHHHPHPPPPHHP
10615,HPHPHHHPHPHPPPHHHHPH
10616,PPPPPHHPHPHPPPPHHHHP
10617,HPPPPHHHHHPPHHHHPPHH
10618,PHHHPPHPHPHPHHPPPPHP
10619,PPHPPPPPPHHHPHPPPHPP
10620,PHHHPHHHPHHPHPHHPPPH
10621,PHPPPPHPPPPHPPPHPHPP
10622,HPHHHPPHHHHPHPHPPPPH
10623,HPPPPHPPHHPHPHHPPHHH
10624,HPHHHHPHHHHHHPHHHPPH
10625,PHHHHPHPPPHHPHHHPHPH
10626,HPHPPPHHHPPPPHPPHPPP
10627,HHHHHPHHPPHHPHHHPHHP
10628,PPPPHHPPPPHHPHHPPPPP
10629,HHPPHHPPPHPHPPHPHPPP
10630,PPPHHPPPPHHHPHHPPHHP
10631,HHPPHHHPHHPHHHHPPPPH
10632,HHHHPHHPPPHPPPPPHPPP
10633,HPHPPPPPHHPHPPPPHPPH
10634,HHPPHPHPHHHPPHPHPHPP
10635,HHHHHHHHHHPHPPPHPPHP
10636,HPHPPPPHHHHHPHHPPPHH
10637,PPPPHPPPHPHHHPHHHPHP
10638,HHPHHPPPPHHHHHPPPPPH
10639,HHPPPHHHHHHHPHHPHHHH
10640,PPPHHPPHPPHHHPPPHPHP
10641,HPHHHHPPPHHHHHHPHHPH
10642,PHPHPPPHHHHPHPHPPPPH
10643,HPPHPPPHHHHHPHHHPHPP
10644,HHHHPPHPHHHHPPPPPHHP
10645,HHPPHPPHHHPPHHHHHHHH
10646,PHPHPPHHPHHHHHHHHHHH
10647,HHPHHPHHHHPHPPHPHPPH
10648,PPHPHPHPPHPPPPHHPPHH
10649,HHHHPHPHPHHHPPHHHHHH
10650,HHPHPHHPHPPHPHPHHPPH
10651,HHPHHHPHHPPHHHPHHHPP
10652,HHPHPPPHHHPHHPPPPPHH
10653,HHHHHPPPPHPPPHHPHHHH
10654,HHPPPHPHHPPHHPPHPPHH
10655,PPHPHHPPHHHPPHHHPPHH
10656,PHPHPHHHPPPPHHPPPHHH
10657,PPPHHPHPHHHHPHPPHPPP
10658,HPHHPHHHPPHHHHPPHPPH
10659,HHHPHHHHHHPHPHPPPHHP
10660,HPHPPPHHPPPHHHHHPHHP
10661,HPPPPPHPPHHHHHPHPPHP
10662,PPHHHHHHPPHHPHHPHPPH
10663,PPPHPPPPPHHHPHHHHPPP
10664,PPHHHPPPHHPPHPPHHHPH
10665,PPPHHHPHHPPHHPHHHHPH
10666,PHHPHPPHPPPHPHHPPPPP
10667,PHPPPPPPPHPHPHPPHHHP
10668,PHPPPPHPHPPPHPHHHPHH
10669,PHHPHHHPPPHPPHPPPHPH
10670,PPHHPHHPPPHHPPHHHPPP
10671,HPHPPPHPHHHPHHHPPHHP
10672,HHHHPHHHPHHPHPHHPPPP
10673,PPPPHHPHPHHPHHHHHHPP
10674,HPHPPPHPHHPPHPHHPPHP
10675,HHHHHPPHPHPHHHPHHHPH
10676,PHHPHHHHHPPHPHPHPHHH
10677,PHPHHHPPHPPPPPHPHHHH
10678,HPHPHPPHHPPPPHPPPPHH
10679,PHHPHPHHHPPHHHHPPPPH
10680,PPHHHHPHPHHPPPPHHPPH
10681,PHHPPPPHHHPPHPPPPPHP
10682,PPHHPHHPHHPHHHHPHHPP
10683,PPHPHPPHHPHPHHHHPHPH
10684,PHPHPHHHHPPPHHHPPHPH
10685,HPPHHPHPPPHPPHHHPPHP
10686,HPPHPPPPHPPPPPHPPHHH
10687,PHPPHHHHHPPPHHHHPPPP
10688,HHPHHPHHHPHHPPHPHPHP
10689,PPHHHPPHPPHHHHPHPPHH
10690,PPHPPPHHPHPPPHHHPPPP
10691,PHPPPHHHHPHPPHHPPPPP
10692,HHHPPHHHHPHPPPHPPPHH
10693,HHPHHPPPPHPHPPHHPPPP
10694,PHHHPPHHHPHPHPPPHHPH
10695,PPPPPHHPHPPHPHHHPHHP
10696,PPPHHPPHPHPHHPHPPHHP
10697,PPPPPHHHPHPHPHPPPPPP
10698,PHPHPPHPPPHHPHHHHHPH
10699,HHHHHHPPPPHPPHHPHHHH
10700,HPPHPHHHPHHPHHPPPPHP
10701,HPHHPHHPPPPHPPHHHPHH
10702,PHHHPPHHPHHHHHPHPPPH
10703,PHHHPPHHHHPHHPHHPHHP
10704,HPPHHHHPPHPPPHHHPPPH
10705,HHHHHHPHPHPHHPPHHHPH
10706,PHPPHHPPPPPPPPHHPHPH
10707,HHPHPHPHHHPPHPHHHHHP
10708,HHPPPHHPHHHHHPHHPHHP
10709,HPPHHHPPPPPPPHHHHHPP
10710,PHHHHHPHPPHHHPHPPPHP
10711,HPHHHPPPPPPHPHHPPHPP
10712,PHPPPPHPPHHHHHHPPPHP
10713,HHHHPPHPPHPHHPHPHHHP
10714,PPPHHHPHPHPHHPHHHPPH
10715,HPHHPHPHPPHHHPPPPHPP
10716,PHHPHHPPHHHHPPPHHHPH
10717,PPHPPPHHPHHHPHHPHHHH
10718,HPPPHPHPPHHPPHHHPPHP
10719,PPPPPPHHHPHHHHHHPPPH
10720,HPPPPPHPHPPHPPPHHPPP
10721,HHHPHHHHPHHPHPPPHPPP
10722,HHHPPHPPHHPPHHPPHHHP
10723,PPHPPPPPPPHHPHHPPHHH
10724,PPHHHHPHPPPHHPPPHHPH
10725,PPHPPHPPPPPPPHPPHPPP
10726,PHHHHHHHPHPPPPHPPPHP
10727,PHPHPPHPHPHPHHPHPHPH
10728,PHPHHPHPHPPPHHHHPHPH
10729,PHHPPPHPHPHHHPPPPPPH
10730,PPHHPHPHPPPPHPHHPHPH
10731,PPHHPHPHHPPPHHPPHHHH
10732,PHHHHHPHPHPHPHHHPPHP
10733,HHHHHPHPHHPHPPHPPPPH
10734,PPHPHHHHPHPPPPHHPHHH
10735,HPHPPHPHPHHHHPPHPHHP
10736,PHPHPHPPHHHHPHHHHHHP
10737,PHPHHHPHHPHPPPHPPPPH
10738,PHPHHHPPHHHPPPHHPPHH
10739,PPHHHHPPHHPPPHPPHPHH
10740,HHHPHPHPPPHHHHPPPPHH
10741,HHHHPPHPPPPHPPPPPHPH
10742,HPPPHHHPPPHPHPPPPPPP
10743,HPPPPHPPHPPHHHPPHHPH
10744,HPHHPPHPPHHHHHPPPHHP
10745,HHHPPPHHHPPPHPHHHPHP
10746,PHPHHPPHPHPPHPPHPPHP
10747,PPPHPPHHHPHHHHHHHHHP
10748,PPHPPHPPHHHPPPHPPHPP
10749,PHHHPPHHPPHPHPPHHHHP
10750,PHPPPHPPHPPPPPPHHHPH
10751,PPPHHPPPPPPPPPHPHPPP
10752,PHHHPHHPPPPHHHPHPHPH
10753,HHHPHHHPPHHHHPPPHPHP
10754,PHHPHHPPPPPPHHHHHHHP
10755,HHHPPPHPHPPHHPHPHHHH
10756,PHHHPHPPPHHPHPHHPPHH
10757,PHPHHPHHPHPHHHPPPHPP
10758,PHPPPHPPPPHPPPPPPPHH
10759,PHPPPPPHPHPPPHHHHHPH
10760,HPHHHPPPHHPPPPHPPHPP
10761,HPPHHPPHPHHHPPPHPHPP
10762,HHHPHPPPHHHPPPHPPPPP
10763,HHHPPHPHHHPPHHPPPPHH
10764,HHHPHHHHPHPHPHPHPPHP
10765,PPPPHHPPHPHPHPHPHHPH
10766,HPHPPHPPHHHHHHHPHPPP
10767,PPPHPPHHHPHPPHPHHPHH
10768,PHPHPPHPHPPPPHPPHHHH
10769,HPHHPHPHPHPPPPPPPHPH
10770,PHHPPPHPPPHPPHHHHHPP
10771,PHHPHPHHHHPHPHHHPHPP
10772,HPHHPPPPPPHHPPHPPPHP
10773,PHHPPPHPPHPHPHPHHHPH
10774,PPPPHHPPPPPHHHPHPPPH
10775,HPPPPPHHHHPPPHHHPPHP
10776,HPHHPHHPPPHPHPHHHHHH
10777,PPPHPHPPPHHHHHPPHHPH
10778,HHHPHPHHHPPHHHHHPPPP
10779,HHHPHPPHHHHPPHHPHHHP
10780,HHPPPPPHHPPHPPPHHPHH
10781,HHHHHHPPPHHPPPHHHHPP
10782,HHPPPPPHPHPHPHHHHPHH
10783,PHPPHPPHHHPPPHPPPPPP
10784,HHHHPPPHPPPHPPHPPHHH
10785,HHHPPPHPPHHPHPPHPHPP
10786,PHPPPHPHHHPPHPPHPPHP
10787,PPHHHPHPHPPPPHPHPPPP
10788,HHPHHPHPPPHHPHHPPPHP
10789,PPHPHHPHPPPPHHHHPHHP
10790,PHHPPHPPPHPPHHPHHHHH
10791,PHHPPPHHHHPHPPHHHHPP
10792,HHPHPHHHHPPHPPHPPHPH
10793,HPHHPHPHPPHHPPPHHHPH
10794,PHHHPPHPPPHHPHPPHPHP
10795,HPPHHPHPPPHPPPPHPHHP
10796,PHHPPPPPHPPHHPHPHPHH
10797,PHHPHHPHHHPPPPPHHHHH
10798,PHHPPHHPHHHHPHPPHHHP
10799,PPPPPPHPHPPHPPHPPHHH
10800,HHPHPHHHHPHPHHHHPPPP
10801,PHPHPPPHHPPPHPPHHHHP
10802,HHPHPHHPPHHHHPPHHPHP
10803,HPPHHPPPHPPHHPPPPPHH
10804,PPPHPHHPHHPHHPHHHHHH
10805,HPPPPPHPHPHHPPPHHPHH
10806,PHHPPHHHHHHPPHHPHPPP
10807,PPHHPPPHHHPHPPPHHHPP
10808,PPPHHPPHPPPHHHHHHPHH
10809,PHHPHHPHHPHHHPPPHPPP
10810,PHHHPHHPPHHHHHPHHHHH
10811,HHPPPPHHHHHHHPHPHHPH
10812,HPHPHPHHHHHPPPHHPPHH
10813,PHPHHPPPPPHHPHPHPPHH
10814,PPHHPPHHHPHPPPPHPPHH
10815,PHPHHPHPHHHPPHHHHHHH
10816,PHHPHPPHHPHPHHPHPHHH
10817,HPHPPHHPPHPHPPPHHPPH
10818,HHHPHPHPPHHHHHPHPPPH
10819,PHHPHHPHHHPHHHPHPHPP
10820,PPPPHHHPHPPPPPHPPPHH
10821,HPHHPPHPPPHHHPHPHPPH
10822,PHHPPPHHPHPPHPPPHHPH
10823,PHPHPPPHPPPPHHHHPHHP
10824,PHHHHHHHPPHPPPPPHHHH
10825,HPPPPPPHPHHPHPHHHHHH
10826,HHHPPHPHHPHHPPPHPPPH
10827,PHPHHPHPPHPHHPPPPHPP
10828,HHHHHHHHPPPPPPPHPPPH
10829,PPPHPHPPPPHPHHHPHPPP
10830,HHHPPHPPHHPPHPPPHHPH
10831,HPPPHPHPPPPHHHPHHHPH
10832,PHHPPHHHPPHHPPHHPHHH
10833,HPPPHHPHPPHHPPPPPPHP
10834,PPPHPPPPPPHHPHPPHHPP
10835,HHPPPPPHHHHPHPPPHHHP
10836,PHHPPPHPPHHHPHHHHHHP
10837,PHPHHHPHHHPHPHHPHHHH
10838,PHPHPHPHHPHPHPHHPPPP
10839,HHPHPHHPHHPHPPHPHPHH
10840,PPPPPHPHPHPHHPHPPHHP
10841,PHHHPPHPPPPHHHPPHPPP
10842,PHHHHHPPHHHPPHPHHPHP
10843,PHPHHHHHPHHHPHHPHHPP
10844,HHPHPPPPHPHPHPHPHPHP
10845,PPPHPPPHPHPPPPHPHHHH
10846,HHPHHHPHPHHHPHHHPPHP
10847,HHHHHHHHHHHHPHHHHHPP
10848,HPHHHPHHHHPHHHPHHHPP
10849,HHPPPPHPHPPHHHPHPHHH
10850,HHHPHPHHHHPPHHHHPPPP
10851,HPPPPPPPPPPPPPPHHPHH
10852,PPHPHHHHPHHHPPHPHHHH
10853,HHHPHPPHHPHHHPPHPHHP
10854,PPHPPHPHPPPHHHPPPHPH
10855,PPHPPHHHHPHHHPPPHHPP
10856,PHPPHPHPHHPHPHHPPHHH
10857,PHPHPHPPPHHPHPPPHPPP
10858,HPPHHHPPHPHPPHPHPPPH
10859,PPPPPPPHPPPHHHHPHPPH
10860,HPPHHHHPHHHHHHPPPPHP
10861,PPHHPHHHPPPPPHHHHPPH
10862,HHPPHPPHPPHHPHPPHHHP
10863,HPPHHPHHHHHPPHPHHPPH
10864,HHPHHPHPHHHPPPHHHHHP
10865,PHPPPPPPHPPPHHHHPHHP
10866,HPPHHPPPPHPPHPHPHHHH
10867,HHPPHPHPPPPPPPHHHPPP
10868,PPHPPPHHPPHHHPHHPPPH
10869,HPPHHPHPHHPPHHPHPPHH
10870,HPHPPPPPHHHHPPHHHPPH
10871,HPHPPPHPPHHPHHHHHPPP
10872,HHPPHPPHPPPPPPPPHPPH
10873,PHPPHHPHHPPHPPHPPPHP
10874,HPPPHHPHPHHPHHHPHPPH
10875,PHPHPHHPPPPHHHHPPPHP
10876,HHHHHPPHHPPPPPPPPPPP
10877,HHPHPPPHPHHHHHPPPPHH
10878,HPHHPHHPPPPHHHPHHPPP
10879,HHHHPHHPHPPPPPPHPPHP
10880,HHHPPHHHHHHPPPPPHHPP
10881,HPHPPPHPPPPHPHPHPHHH
10882,PHHHHPHPPHPHPPHHHPPH
10883,PPHPPPPHHHHPPHPPPHPH
10884,PHPPPHHPHPHHPPPHPPPH
10885,PHHPPPHHPHHHPHPPHHHP
10886,PHPHPPHPHPHHPPHPHPPP
10887,HPHPPHPPPPHHPPHPPHPH
10888,HHHHHHPHHPPPPPPPPPPH
10889,HPHHHPHHHHHHPPPHHPPP
10890,PHHPPPPHHPHPHPHHHHPH
10891,PPHPHPPPPPHPPHHPPPPH
10892,HPPHHHPHPHHPHPPHPHPH
10893,PPHHHPHPPPHHPHHPHHHH
10894,PHPHHPHPPPPPHPPPHPHH
10895,HHPHHPPPHPPPPPPPHHHP
10896,PPPHHHHPPPHHHHHPHHHH
10897,PPPHPHHPPHPHPPPPHPPH
10898,PHHPHHPHPPHHPPPPHHHP
10899,PPPPHHHHPPHPHPHHPHPH
10900,HPPPPPHHPPPPPPHHPPPP
10901,HHPPPHHHHPPPHHHPHPHP
10902,HPHHHPPPPHPHHPPPPHPP
10903,HPPHHHHPPHPHHHHPHPPH
10904,PPPPPHPHHPHPHPHHPPHP
10905,PHHHHHHHPPHPPHHPHHHP
10906,PHHPHHPPHPHHHHPPPHHH
10907,HPHHPPHHPHHPPHHPPPPH
10908,PHPHHPPHHHHHHHPPHPPH
10909,HHPHPHHPHPHPHPPPHPHH
10910,PPHPPPPPPHPHHHPPHPPH
10911,HHHHPPPPHPHPPPHHPPPH
10912,PPPPHPPHPPPPHHPHHHPP
10913,PPHPHHPPPPHHPHHPPHHH
10914,PHHPPHPHPHPPHPHPPPPH
10915,HHPPPHHHPPPHPPHPHHHP
10916,HHPPPPHHHHHHHHPPPHHH
10917,HPHPHHHPPHHHHPPHHPPP
10918,PPPPPPPHPHHHHHPHPPPH
10919,PHPHHPPHHHHHHHHHPPHH
10920,HPHHPHPHPPPHPHPPHHPH
10921,PHHPPPHPPPHHHPPPHHHH
10922,HPHPPPHHPPHHHPHPPHPP
10923,PPHPPHHHPPHPHHHHPHPP
10924,HPPHHHHPPPHPPPHPHHHP
10925,PPHPHPPPPHHHPHPHHPPP
10926,PHHPPHPPHPPHHPPHPHPP
10927,HPHPHHHHHPHHPHPPHPPH
10928,PHHPHPHHHHPPPHHPHPPH
10929,PHPHPPHHHPPHHPPPPHPH
10930,HHPPPHHHHPHHPHPPPPPH
10931,HPHPHPPPHHPHPHHHHHPP
10932,PPPPPHHHHHHPPHHHPPPH
10933,PPHPHHHHHPPPHHHHPPPP
10934,PPHHPPHPPHHHHHPPHPHP
10935,PPPHPPHHPPPPHPHHPPHP
10936,PPHHPPHPHHHPHHPHHPPH
10937,PHPPHPPPHPPPHPHPPPHP
10938,HPPPHPHPHPPPHPHHPPHH
10939,PPPPPPHHHHPHPPPHPHPP
10940,HPPPHPPHHHHPHPHHPHPH
10941,PHPPPHHPPPPHPPPHHHPH
10942,PHHPHPHHPPPPHHHHHPPH
10943,PHHHHPPPPPPPPHHPPPHP
10944,HHPPHPPPHPPPPHPPPPHH
10945,PHHPPHHPHHHHPPHPHHHP
10946,PPPHHHPHPHHHPPPHPPHH
10947,PPPPPHPHHPHHHPPPPPHH
10948,PPPPPPHHPHPHPHHPPHHH
10949,HPPHHHHHPHHHPPHHPHHP
10950,PPPHHHPHPPHHPHPHPHHH
10951,HPPPHPHHHPHHPHHHPHPH
10952,HPPPHHPHHHHPHPPPPPPP
10953,PPPPPPPPHHPPHPHHHHHP
10954,HPPPHHHHPPPPHHHHHHPP
10955,HPHHPHPPHHPHHHPHHPPP
10956,PPPPHPPPHPPPHHHPPPPH
10957,PPHHHPPHPPHHHPHHPPPP
10958,PPHHPHHPHPPPHHPHHHPP
10959,PPHPHPPHHPHPHPPPPPHP
10960,PPPHPHPPPPPPPPPHHPPH
10961,HHHPPHPHPHPHHPPHPPHP
10962,HPPHPPHHPPPHHHPHHHHH
10963,PPHPPHPHHHHPPPHPHHPH
10964,PHPHPPPHPHPPPHHPPHHH
10965,HPPPHPHHPHHHHPPPPHHP
10966,PPPHPPHPHHHHHPHPHPHP
10967,PHHHHHHPHPHHPPPPPPHP
10968,PHHHPHPHPPHHHPPPPHHH
10969,PPPPHPHPHPPHHPHPHHPP
10970,PPHPPPHPHHHPHHHPHPHP
10971,PPHPPPHPHPPHPPPPPPPH
10972,PPHHHPHHPPPPPPHHHPPP
10973,PPHHHHPHHHPHHHPPPPHP
10974,PHHPHHPPHPPPHPHPHPPH
10975,PPHPPPHPHHPHPPPPPPHP
10976,HPPHPPPPPPPHPHPPHHPH
10977,PHHHHPHHHHHHPHHPHHHP
10978,HPPPPHPPPPPPHPPHHHHP
10979,HPPHPPHPPPHPPPPHHHHH
10980,PHHPPPHHHHPHHHPHPHHH
10981,HHHPHHPHPPHPPPPPPPPP
10982,HHPPPHHPHHPHHPPHPPHP
10983,HHPHHHHPHPHHHPPPHPHP
10984,PHPPPHPPHPPHHPPHPPPH
10985,HPHPPPHHHHPHHHPPHHPP
10986,PPHHHHPHHPPPHHHPHHPH
10987,PHHHPHHHHPHPHPHPPPHH
10988,PPPPPPPPPHHHPHHHPPPH
10989,PHPHPPPHPHPHHPHHPHHH
10990,HPPHPHPHHHHPHHHPHHPH
10991,PPPHHPHHPHPHPPPPHPHP
10992,HHHPHHHPPPPHHHHPPPPP
10993,HHHPPPHHPPHPPHHHHHHH
10994,PHHPPPHPHHPHHPHPPHHH
10995,PPPHHPPPPPHHHPPPPHPP
10996,HPHPPPHHHHPPPHPHPHPH
10997,HHPPHPHPPHHPPPPPHHHP
10998,PPHHPPHPHHPPHPPPPPHH
10999,PPHPHHHPHPHPPHPHPHPH
11000,PPHHHPPPPPHPHPPHPHHP
11001,HPHHPPPPPHPPHPPPPPHH
11002,PPHHPHHHHPPPHPPPPHPP
11003,HPHPHPPHHPPPPPPHPHPP
11004,HPPPPPHPPHHHPPHPHHPH
11005,HHPPHHHPHHPPPPHHPHPH
11006,PHPPHHPPHHHPHPPHHPPH
11007,PHHPPPHPHPPPHHPPHHPH
11008,HHHPHPPPHPHHHHHHHHHH
11009,PHHPHHPHHHHHHHHPPPHH
11010,HPHHHHPHPPHPPPPPHPHP
11011,HHHHHHHPPHPHHPPPPPPP
11012,PPPHHPPPHHPPHPHPHHPP
11013,HPPHHPPHPPHPHPPPHPHP
11014,PPHPPPHHPPHPPPPPHHPP
11015,PPPHPHHHPPPHHPPHHHHH
11016,HHHPHPHPPPHPHPPPPPPP
11017,PPHHPPPHPPPHPHPHHPHP
11018,HPHHPPHPPPPHPPHHPPPP
11019,HPPPPPHPHPHPPPHPHHPP
11020,PPHPPHHPPHHHPPHPHHHP
11021,PPHPHPPHPHPPPPPPHHPH
11022,PPPPHPPHHHPHHPHPHHPP
11023,HHPHHPHHPHHPHPPHHPPH
11024,PHHHHPHHPHHHHHPPPPPH
11025,HPPHHPHHHHPPPHPPPHHH
11026,PPPHHPHPPHHHHPPPHHPP
11027,PPHPPHHHPPPHHPHPPHPP
11028,HHHPPHHHPPHPPPHHPHHH
11029,HPPHPHPHHHPPHHHHPPPP
11030,HHPHHHPPPPPHHPHPPHPH
11031,HPPPHPHHPHPHPPHPHPPP
11032,PHHHHPPPHHPPPHHPHPPP
11033,PHPHPPHPHHHPPPPPPHHH
11034,PPHHPHHHPPPPPHHPHHHH
11035,PHHPHHHHPPHHPPHPHPPP
11036,PPHHHHHPHHPHHPHHHHPH
11037,PHHPPPHHHPPPPPPPHPHP
11038,HHPPPPPPHHHHPPHHPPPP
11039,HPPHHHPHHHPPHPHHHPHH
11040,HPPHPHPHPHPPHPHPPHPP
11041,PPPPHHPPHPHHPPHHPHHP
11042,HHHHPHPHHHHHHHPHHHPP
11043,PHHHPPPPHPHHPHPPHHPP
11044,PPHHHPHPHHHPHHPPPPPH
11045,PHPHHPHPHPHPHHPPPPPH
11046,HPPHPPHHPPPHPPHHPPPH
11047,HHHPHHPPPHPHPHPHHPHH
11048,HPPPHHHHHHPPPPHHPHPP
11049,HPHPPPPHPPHPHPHHPHPH
11050,HHPPHHPHPPHPPHHPHPHH
11051,HHHPHPHPHHHHHHHPHPPH
11052,HHPHPPHPHHHPHPHPPHPP
11053,PHHPPPPHHHHHPPPPPHHP
11054,HPPHHPHPHHPHPPHPHHHH
11055,HHPPPHPPHHHPPHPPPPPP
11056,PHHPPHHPHPPPPPHPPPHH
11057,PHHPHPHHPPPHHPPHPPPH
11058,PPPHHPPPHHPPHHPHHHPP
11059,HHHHHPHPPHPPHHPPPHPH
11060,HHHHPPHHPHPHPHHHHHPH
11061,HPHHPPHPPPPPPPHHPHHH
11062,HHHPPHHPPPHHPHHHPHHH
11063,HHPHPHPPPHHPPPPHHHPP
11064,PHHPPPHPHPPHPHHPPPPP
11065,PPHHHPHHHPPPHPPHPHPH
11066,HPHHPHPHHPPPHPPHPPPH
11067,HHHHPHPHPPHHHPPPPPHP
11068,HPHPPHPPHPHHPHHHHHHP
11069,HHPPPPPPHHHHHPPPHHHP
11070,PHHHHPPPPHHHHHPPPHHH
11071,HHHHHPPHPPHHHPHHPHHP
11072,HHPHHPHPHHPHPHHPHHPH
11073,PHPPHHPPPPHHHHHPHHHH
11074,PPHPPHPPHPHPHPHPPHHP
11075,PHHHHPHPHHPPPHPPPHPP
11076,HHHHPPPHPPPPPHHHPHHP
11077,PPPPHHHHPPPHPPPPPHPP
11078,PHPPPHPPPPPHPHHHPPPP
11079,HHHHHPHHHPPPHPPHHPPP
11080,HHHHHPHPHHPHHPPPHHHH
11081,HPHHPPPPHHHHHPHHHPHH
11082,PPHHHHHHHPPPHHHPPPPH
11083,HHHHHHHPPHHPHHPHPPPH
11084,PPPHHPPPHHPHPPHHPPHP
11085,PHPHHPPPHHPPPHPPHHHP
11086,HPPHPHHPPPHPHPPHPPPP
11087,PHPPPHPPHHPPPPPHPPPP
11088,HHPPPPHPPPPHPHHHPHPP
11089,HHPHHPPPHHHPHHHHHPHP
11090,PPHHHHPPHPPPPHPPHPHP
11091,HHPHHHHHPPHPHHHHPHHP
11092,HPHHHHHPPPHHPHPHHHHH
11093,PPPPPHPHHHHPPPHPPPPH
11094,PPHPHPPHPHPHPPPHPHPP
11095,PPHPHPHHPHHPPHHPPPPP
11096,HHHHHHHPPHHPPPPHHHPP
11097,HPHHHHHPPPHHPPPPHHHH
11098,PHHPPHPHHPPHHHHPHPHP
11099,PPPPPHPHPHHPPHPPPPHH
11100,HPPHHPPPPPPPPHHHHHHP
11101,HPPPPPHHPHPPPHHPPPHH
11102,PHPPHPHPPPPHPPHPHHPH
11103,PPHPHPPHPPPHPPPHHHPH
11104,HHPHHPPPPPPPHHHHPHPP
11105,HHHHHHPPPPHHHPPPHPPH
11106,HPPPPHPHPHHPHPHPHPHP
11107,PHHHPHPHPPPPPPPHHHHP
11108,HPHPPPHPPHHPHHPHPHPH
11109,HHPHHHHHHPHPHPPPHHPH
11110,HPPPPHPPHPHHHPPPPHHP
11111,PPPHHHPHPPPPPHHPHHHP
11112,PPPHPPHHHPPPPPHPPPPP
11113,PPHPPHHPPHHPPPHHHHPP
11114,PPPHPPPHPHHHPHPPHHHP
11115,HHHPHPPHPPHHHPPPPPPP
11116,PHHPPPHHHHPHPHHPPPHH
11117,PPPPPPPPPHPHPPPHPPHH
11118,PHPHPHHHHHHPPHHPPPHH
11119,HHHPHPPPPHPHHHHHPPHH
11120,PPPPHPPPHHHPHPHPPHHP
11121,PPHPHHHHPPHPPPPPPHHP
11122,HHPPHPHHHPHHPPPHHHHP
11123,PPHPHPPHHPPHPPPHPHHH
11124,HHPPHHHHHHHHHPHHPPPH
11125,HHPHHHPPHPHPHPPHPPPP
11126,PHPPPHHPPPPPHPPPHPHP
11127,HHHHHHHPPPHHHPPPHPHP
11128,HHHPPPHPPHPPHPHPPHHP
11129,PHHHPHPPHPHPHHHPHPPH
11130,HHHHPHPPHPPHHHHHHPHP
11131,PHHHPPHHPHHHPPHPPHPP
11132,PPPHHHPHPHHPPHHHPPHP
11133,PHPPPHPPPPPHPPHPHHPH
11134,PHPPHPPPPHHPPHPHHHHP
11135,PHPPHHHHPPHPHHHPHPPP
11136,HHPPHHPHPPHHPPPHPHHP
11137,HPHHHPHPHHHPHPPHHPHH
11138,PPPHPHHHPPPPPHHPPPPH
11139,PHHHPPHHHHPPHHHHHPPH
11140,PHPPPPHPHPHPPHHPPPHP
11141,PPPHPPPHPPPHPHHPHHHP
11142,HPPHHPPHHPHPPPPPHHPH
11143,PPHHHPHPPPHHHPHHHHPP
11144,HHHPPPHPHPPHPPPHHHHH
11145,PPPHHPHHHHHPPHHPHPHH
11146,PHHPPPHPPHHHPHPHPPHH
11147,PHHHHHPPHHHPPHPPHPHH
11148,PHHPHHHHHHPHPHHPPPHH
11149,HHHPHHHHPHHHHPHPHHPH
11150,PHHPPPHPHPPHHHHPPPPH
11151,HPHHPPHPPPPHHPHHHHPP
11152,PPPHHPHPPHHHPPHPHPHH
11153,PPPPHPPHPPHPHHPPPPHP
11154,PPHHHPPPHHHHPPHPPHPP
11155,PPHHPPHHHHHHPPHHHPHH
11156,HPPPHPPPHPPHPPHHHHHP
11157,PPPPHHPPHPHPPHPPPHHP
11158,HHPPHHPPHHHPPPHHPPHP
11159,HHHHPHPHPPPPPHHPHHPP
11160,HHPHPHHPHHPHPHPPPPHH
11161,HHHHPPPHHPHPPHHPPPPP
11162,PPPHPHHPHPHHHPHHPPHH
11163,HHHPHHPPHHHPHHHHPHHH
11164,HHPPPPPHPHPPHHPPPHPP
11165,PHHHHHPPHPHHPPHHHHPH
11166,PHPPPPPHPHPHPPHPHPHP
11167,HHHHHHPPHPPPPHHHHPHP
11168,PHPHHHPPHHPPHPHHPHHH
11169,HPHHPPPHHPPHHPPHHHPH
11170,HPPPHPPPHHHPPPHHPHPP
11171,HHHPHHHPPHHPHHHHPPHP
11172,HPPPHPHPPHPPHHPHHPHH
11173,PPPHHPHPPHPPPPPPPPHP
11174,HHHPHHPPHHHPHPHHHPPP
11175,PHPHHHPPHPHHPPHHHPHH
11176,PPHPPPHHHPHHHHPPHPPP
11177,HPPPHHHPPHPPPPPPHPHH
11178,HPPHPPHHPHPHPHPPHPPP
11179,HHPHHHHPPPPPHPHHHHPP
11180,HHPPHPPPPHHPPHHHHPPP
11181,PHPPHHPPHHPHPHPPHHHH
11182,HPPHHHHHPPPHHPHHPPHP
11183,PPHHPHPPHHHPHHHPPPPH
11184,HPPPHHPPHPHHHHHHHHHP
11185,HHPHHHHPHHPHPHPHHHPP
11186,PHHPPHPPPHPPPPPHPPPH
11187,HHHHPPPPPPHPPPHHPHHH
11188,HHPPPHHPHHPPHHHPHPPH
11189,PPHHHPHPPHPHHPPHHPPH
11190,HHHPPPHHPPHHPPPPPPPH
11191,HPHPHHHPPPHPPPPPHHPP
11192,HHHPPPPHHHPHHHPHHHPP
11193,PHHHPHHPHPPHHPHHPPHP
11194,PPPPPPHHPHHHHHPPHHPP
11195,PPPHHHPHHHPHPPPHPPPP
11196,PPPPHHHPHHHHHPPHHPPH
11197,PPPPHHPHHHHHPHPHHHHH
11198,HHHPHHPPHPHPPHHHPHPP
11199,PHPPHPPPHHHHHHPPHPPP
11200,PPPHPHPPHPHHPHHPPHPP
11201,PPPHPHPPHPHPHPHPPHPP
11202,PPHPPPPPHHHPHPHPHPHP
11203,PPPHPPHPPHHHHPHPHPHH
11204,PHHPHPHHHPHPHHPHPHPP
11205,HPPHPHHHHPPPHHPPPPPH
11206,PPHHPPHHPPPHHPHHPPPH
11207,PHHPHHPPHPPHHHHPHPPH
11208,PHPPPHHPPHHHPHPPPPPH
11209,PPHPHPPPPHHHPHHPHPHP
11210,HHPHHPHPPHHPHHPPHPPH
11211,HPPHHHPPPHPHPPPHHPPP
11212,PPHPPPPHPHHHPPPHPPHP
11213,HHHPPHPHPHPPHPPHHPPH
11214,PHHHHHPPHHPPPHHHHPPH
11215,PHHHPPPHPHPHHPHPHPHP
11216,PPPPHHHPHPHHPHHHHPPP
11217,PHHHPHPPHPHPHPHHPPPH
11218,HPHPPHHPHHPHPPPHHHPH
11219,PPHPPHPPHPHPPHPPHHPP
11220,PPPHHHHPPHHPHPPPPPHP
11221,HPHHPPHPHPHHPHPPPPPP
11222,HHPPPHPHPHPHPHHPHHPP
11223,HPHPHPPPHHPHHPPHPPPH
11224,PHHHHHHHPHHHPPHPHHHP
11225,HPPPPPHPPHPHPPPHHPHH
11226,PPHPHPPHHHHPPPPHHHPH
11227,HHPHHPPHPHHPHHPHPHHP
11228,HHHPPPPHHPPPHPHHHPHP
11229,HPPHPPHHPHHPPHPPPPHP
11230,PPHPPHPPHPHHPHHHPHPH
11231,PPHHPPPPPPPPPHPPPPPH
11232,HPHHPHPHPHHHPHHHHPPP
11233,HHPHHHPHPHPHPHHPHPHP
11234,HHHPPPHHPPHPHHHPHPHP
11235,HHHPHPHPPHPPPHHHHHHP
11236,PHHHPHPHPHHPPPHPPPPH
11237,PHHPPPPHPPPPHHPPPHHP
11238,PPPPHHPHPHPPPPPHPHPH
11239,PHPHPPHPPPHPHHHPHHHH
11240,PPPPPPHHPHHPHHPHHPPP
11241,PHHHHPHPPHHHHPHHHPPH
11242,HPPHPHHHHPPPHPPHPPPP
11243,PHHHPHPPPPHHHPPPHPPH
11244,HHHHHHPPPPHPHPPHHPHP
11245,HPHHHPPHHHHHPPPHHHHH
11246,HPPHPPHPHPHHHPPHHPPH
11247,HPHHPPPPHPPPHPHHPPHP
11248,PHPPPHPHPPPPPPPPHHPP
11249,HHPPHHPPPHPHHHPPHPPH
11250,PPHPHPHPHHHPPHPHHPPH
11251,PPHPHHHHHPHPPPPHPPPH
11252,PPPHHHPHPHPHHHPPHHHP
11253,HHPPPPHPHPPHPHPHHHHH
11254,HHHHHPHPHPHHHHPPPHPH
11255,PPPHHHPPHHPPHPHPHPHP
11256,HPHPPHPHHPHHPPHPHPPH
11257,PHHHPHHPHHPHHHPPPPPH
11258,PHPHPPHHPHHHPHPHPPPP
11259,PPPPPPHHPHHHPPHPPPPH
11260,HHPPHPHHPPHPPPPPPHPP
11261,HPPHPHPPPHPPHPPHHHHP
11262,PPHHPPHHHPHPHPPPPHPH
11263,PPPPHHPHHHPPPPPPHPHP
11264,HHHHHHHHHPHHHHHHPPHP
11265,HPPPHPHHPPPHHHPHPPPH
11266,HHPHPHPPPHHPPPPHHPPH
11267,PPHHHPHPPPPHHHPPPHHH
11268,HPHPPHHPPPPPHHHHHHHH
11269,PPHPHPHPPHPPPPHPPHPH
11270,HPPPHHHHHPHHPPPPHPHP
11271,HPHPHPPPHPHHHPHHPHHH
11272,HPHPPHHHPHPPHHHPPPHP
11273,PPPHPHHHHPPPPPHPPPHP
11274,HHPHPPHHPHPPHHHHHHHP
11275,HPHPHPHHHPHPPPHHPHPP
11276,HPPPPPHPHPPPHHHHPPHP
11277,HHHHPHHHPPPHPPHHPPPP
11278,HHPHPHPHHHPPHPHHHPPP
11279,HHPHHPHHPPHHHPPHHHHH
11280,PHPHHPHHHPPHPPPPPHPH
11281,HHPHHPHHHPPHPHHHHPPH
11282,HPPPHPPPPPPHHPHPPHPP
11283,HPHPHPPHHPPHHPHHPHPH
11284,PHPPPHPPHPHPPHHPPPPP
11285,PPPHPHPHPPPPHHHPPHPH
11286,HPHHPPHHPPPHPPHPPPPH
11287,PHHHPHPHHPHPHPPPPHPP
11288,PPHHPHPPPPPPHHHHHPHH
11289,HPPHHHPHHHHHHHHHHHHP
11290,HPPPHPHHPHHHPHHHHPHP
11291,PHPHHHHHHPHPHHPHPHHP
11292,PPPHHHPPHHHHHHHHHHPP
11293,HPHHPPPPPPPHHPHPHPHP
11294,HPPPHHHPPPHPPPHHHHHH
11295,PPHPPPHHPPPPHPHHHPHP
11296,PPPPHHHHHHHPPHPPHHPP
11297,PHHHHPHHPHHHHHHPHHHH
11298,HHHPPPPPPPHPHPPPHPPP
11299,PPPPHHHHPPPHPHPPPPHH
11300,HPHHPHHPPPPPHPPPHPPP
11301,HHPPHHPPHHHHHPPPPHPH
11302,PPHPPPHPHPHHPHHPPPHH
11303,PHPPHHPHHPHPHHPPPPPP
11304,PPPPPPPPPPHHHPPHHHPH
11305,PHPPHHPHPHHPPPHHHHPP
11306,PPHPPPHPHHHHPPHPHHHH
11307,HHHHPHHHHPPHPPPHHPHH
11308,PHPPHHHHPPHPPHPPPHHP
11309,HPPHHPPPPPHHPHHPPPHH
11310,HPHHPPPHPPHPHHHPHPHP
11311,HPPPPPPPHPHHHPHPPHPH
11312,PPHHHHHHHPPPPPHHHPHP
11313,HPHPHPHPPPPHPPHPHHHP
11314,PPHHHPPHPPHHHPPHPHPH
11315,PHHPHHPHPPPPHHHPHHHH
11316,HPPPHPPPPHHPHHPHHPPH
11317,PHPHPHPHPHPHPHPPHPHH
11318,PHPPPPPPPPPHPPPHPHHH
11319,HPPPHHPHPPHPPPPHPHPP
11320,HHPHPPHHPPPPHPHPHHHH
11321,HPPHHHHHPHHPHPHHPPPP
11322,PPHHHPHPHHPHPPHPPPHP
11323,PPHHHHHPPPPPPPPPHPPH
11324,PHHPPHPHHHHPHHHHHPHP
11325,HPHPPHHPHPHPPPHPPPPP
11326,HHPHHPPPHPPPHHPHHHPP
11327,PPHPHPHHPHHHPHPPHPPP
11328,PPHHPPPHHHHPHHPHPHHH
11329,PHPHPHPHHHHPPPPHPHPH
11330,PPHPPHPPHHHHHHHPHHPH
11331,HPHHHHPHPPHHHHPPPHHH
11332,PHHPHHHPPPHHPHPHPHPP
11333,HHPPHHHHHPPHPHPPHHPP
11334,HPHPHHPPHPHPPHHPPPHP
11335,PPHPHHPPPHPPHHHHPHHH
11336,HHHPPHHPHPPPPPHHPPPP
11337,PHPHPPHHPPHPPPPPHHPH
11338,HHPHPPHHHHPPPPHHHHHP
11339,PPPHPPPPPPPHHHPPHHHH
11340,HPPPPPPPHHPPPPHPPHHP
11341,PHPHHPPHHHHPHHHPPHPH
11342,HPHPPPHHHPPPPPPHHHPP
11343,PPPPHPPPHHHHHPPHHHPP
11344,PHPHPHPPPPPHPHPPPPHP
11345,HPHPHHHPHPPHHHPPPHHH
11346,HHPPHHHHPPHHPHPHHPPP
11347,HPHPPHHPPHHPHHPHHHPP
11348,HPPHHHHHPHHHPHPHPHHH
11349,PPHPHHHPPHHPHHPHHHHP
11350,HPHHPPPPHHHPPPHPPPPP
11351,PHPHHPPHHPHPHHHPPHHP
11352,PHPPHHHHHPPHHHPHHHPH
11353,PPPHPHHHHHHPPPPPPHPH
11354,HPPPPHPHHPHPPPPPPHHH
11355,HHHPPHPHHHHPHHPPPHHH
11356,HPHPHHPPHHHPPHHPPPHP
11357,PPHPHHPPPPHHPHPHPHHH
11358,HPPHPPHHPPHPPPPPHPPH
11359,HPHPPPPHPPPPPPPPPPPP
11360,PHHHHHHHPPHHPHHPHHHH
11361,HPHHPHPHPHPPHHHHPHHH
11362,HPPPPHPPPHPPHHHHHPHH
11363,HPPPHHPHPHHPHPHHPPHH
11364,PHHPHPHPHHPPPHPPHPPH
11365,PHPHPPHHPPPPHHHHPHHP
11366,PHPHPPHPHPPPPHHHHHPH
11367,PHHPPHPPPHPPHPPHHHPP
11368,PPPHHHPHPPPPHHHPHPPH
11369,PHPPHHHHHPPPPHPPHPPP
11370,PHHHPPPHPHHHHHPHPHHP
11371,HPHPHHPPHPHPPHHPPHHH
11372,PHHHPPHPHPPPPHHPPHPP
11373,HPPHHHPPPPHHHHPHHPPH
11374,PHHPHPHHHHPHPPHHPHHH
11375,PPHPPPPPPPPHHHHPPPPP
11376,PPHHPHHPPPPHHHHPHHPH
11377,HHPHHPHHPPPHPHHPHHPH
11378,PHHHHPHPPPHPPHPHHHHP
11379,HPHHHHHHHHPPPPHPPPHH
11380,HPHHHPPHHPPHHHPHPHHH
11381,PHPHPPPPHPHHPHHHPPPH
11382,PPHPPHPHHPHPHPPPPHPP
11383,PHHPHHPPPHPPHHPPHHPP
11384,PPHPPPPPPHPHHHHPHPPH
11385,PPPHPPHHHHHHPHPHHPPP
11386,PHPPHHPHPPPPPPHHPHPH
11387,HPHPHHPHPHPHPHHPHPHP
11388,HHHPPHPHPPPHHPPPHHHH
11389,HHPPPPHHPHPHPPHPHHHP
11390,HHPHHPHPHPHHHHHPPHPP
11391,HHHPHPPHPHHPHPPPPHPP
11392,PHHHHHPHPPPPPHPHHHPP
11393,HHHHPPPPPHPHPPHPHPPP
11394,HHHPHPPPPHHHHHHPHHPH
11395,PHPPHHPHPPHHPPHPPPHP
11396,PPHPHPPHPHHPHPHPPPHH
11397,PHPHPPHPPHPHHPPPPPPP
11398,PPHHHHPPPHPPHHPHPPHP
11399,PHHHHPHHHPPHPPHHPHHH
11400,HPPHHPPHHPPHPHHHPHPH
11401,PPHPPPPPHHPHPHHPPPPP
11402,PPHPHPHHPHPPPHHHHHHP
11403,HPHPPHPHHHHHPPPHPHPP
11404,PHPPPHPHPPHHHPPPHHPP
11405,PHHPPHHHHPHHHPPHPPPH
11406,HHPPPHPHPHPHPHPPHHHH
11407,PPHPPPPHPHHHPHHHPPPH
11408,PPHHPHPHPHPPPHHHHPPH
11409,PHHHHHPPHHPPHHPHHHPP
11410,HPHHPHPHPPPPHHPHPHPP
11411,PPPHPPHPHHHHPPHPPPHH
11412,PHPHPPPHHPPHPHHHHPHP
11413,HHPHPPPHPHHPPHHHPPHH
11414,HPHPPHHHHHPPHPHHHPHP
11415,HHPHPHHPHPHHPPHHPPPP
11416,PHPPHPHHHHPPPHHHHPPH
11417,HPPPPPPPPHPHHPPHHPHP
11418,HPHHHHPPHPPHHHPHHPHP
11419,HHPHPPHHHHHHPPHHHHPH
11420,PPPPPPPPHPPHPPPPPPPH
11421,PPPHPPHHHPPHHHPPPHHH
11422,HPHPPHHPPHHPPPHHPHHH
11423,PHHPPHHPPHHPHHHHPHPH
11424,HPHPPHPHHHPHHPPHHHPP
11425,PHPHHPPPPHPHPPPHHPHH
11426,HHPPPPPPPPPPHHPHPPHP
11427,PPHHHPHPHHPPHHHPPPHH
11428,HHHHHPPHHHPPPPHPHHPH
11429,PPPPHPPPPHPHHHHHPHPP
11430,HPHPPPPHHPPPPHHPPPHP
11431,PPPHPHPHPPPHHHHPHPHP
11432,PPPHHHHHHPPHPHPHHPPP
11433,HPHHHHHHPHHPPPPPHPPH
11434,HPPHPHPHHPPHPHPPPHPH
11435,HHHPHPHPHPHHHPPHHPPH
11436,HPPPPPHPPPPPPHPHHPHP
11437,PPHHPPHHPPPHHHHPPHPH
11438,HHHPHHHHPHPPPHHHHPHH
11439,HHHPHPHHHPHHHHHHPHPH
11440,HHPHHHHHHHHHHPPPPHHP
11441,PPPHHHHPHHPPHHHPPPHP
11442,HPPHHPHPHPHHPPHPPPPH
11443,HPHHPHPHHHPPPPPHHHHP
11444,PHPHHPPPPHPPHPHPHPHP
11445,HPPHHPHPPHPHPPHPPPHH
11446,HHPPHPHPHHHPHHHPHPHH
11447,HPPHPHHHHHHHPHPHHPPP
11448,PHHPHHHHHPHPHPPPPHPH
11449,PPHPHHHPPHHHPPPPHHPP
11450,PHHHHPPHPHHPPHHHPPHP
11451,HHHPPPHHPPHHPHPPPPHP
11452,HPHPHPHHHPHPPPHPHPHP
11453,PHPHPHPHHPPHPPPPPPHH
11454,HPPHHPHHPHPPHHHHPHPH
11455,PPHHHPHHPHPPPPPPHHPH
11456,PHPPHHPHPHHPHPHPHHHP
11457,PHHHHPHHPHPPHHPHPPHH
11458,HHPHHHHPPPHHPPHHPPHP
11459,PPHHPPPHPHPHHPHPHPPH
11460,HHHPPHPHHHPHPPHPHHPP
11461,HPPPHHHHPHHHPHHHHPPP
11462,PPPHPPPPHHHHHPHHPPPP
11463,HHHHPHHPHPHHPPHHHHHP
11464,HPPHHHPHPHHHHPPHHPHP
11465,HPHPPPPPPPHPPPPPHPPH
11466,PHHHHPHPPPHPPHHHPPHH
11467,PPHPHPPPPHHHPHHHHHHH
11468,PPHHHHHHHHPHPHHHHPHP
11469,HHPPPPPPPHHHHHHHPHHH
11470,PPPHHPPHPPHPHHPHHHPH
11471,HPPHHHHHPHPHPPPHPHPP
11472,PPHHHHHHPPHPPHHPHPHH
11473,HHPHPPPPHHPPHHPHPHHP
11474,HPPPPHPHPPPPHHPHHHPP
11475,HHHPHPPPHPPPPPHPHPPH
11476,HPPPPPHPHPPPHPHHHHHP
11477,PHPPHPHHPHPHPHPHHPPP
11478,PPHHHHHHPPHPPPPPPPPP
11479,HHHHHHHHHPHHHHPHPPPH
11480,HHPHHHPPHHHHPPPPHPPP
11481,HHPPHPPHHPHHPPPHPPPP
11482,PPPPPHHPPPHHPPHHHPHH
11483,PPPPHHPPHHHHHPHPPPHH
11484,HPPHPPHPPPHHHHHHHHPH
11485,HPHPPPHHHPPPHPHHHPPP
11486,PPPPHHPPPHHPHPHPHHHH
11487,HHHHHPHPPPHHPHPPHHPH
11488,HHHPHPHHPPPPPPPPPPHH
11489,HPHHPHPHHHPPPPHHPPPP
11490,PPPPPHHHHHHPPHPPHHHP
11491,HHHHPPPHPHPHHPHHHHPH
11492,PPPPPPPHPPHPHHHHPHHP
11493,HPHPHPHHPPHPHPPPPPPP
11494,PHPPHPPHPPPHPHHHHPPP
11495,HHPHHHHHPHPPHPHHHPPH
11496,HHHPHPPPPHPPPHHPPHPP
11497,HPPPHPPHPPHPHPPHHPHP
11498,HPPHHPHPHHPHPPPHPHHH
11499,PPPPPHPPPHPPPPPHPHHH
11500,HHHPHPHPHHHHHPHPPPPP
11501,PHHHHPPHPPPPHHHPPHPH
11502,HPPPHHPPPPHHHHHPHPHH
11503,HHPHHHPHPPPHPPHHHHHH
11504,PPHPHHPPPPPHHPHHPPPP
11505,HHHHPHHPHPHHPPPHHPHH
11506,PHPHHPPHPPHHHHHHHPPH
11507,HHHHPPHHHHHHHHPHPHPP
11508,PPHHPHHPPHPPHHHPHPPH
11509,PHPHHPHPHHHPPPPHPHPP
11510,PHPHHPHPPHHPPHPHHHPP
11511,HPPPPHHHPHPPPPPPHHHH
11512,HHPPHHHPHHPHPHHHHHHP
11513,HHPHHPPPHHPHHHHPPHPP
11514,PPPHHHHPHPHHPPPPHPHH
11515,PPPPPHHHPPPHHPPHHHPH
11516,HHHHPHPPPHPPPHPPHPPP
11517,HPPHPHPPPPHHHHPHHHHH
11518,PHPPPHPPPPPHPHHPPHPH
11519,PPHHHHHPPHPHPHPPHPHP
11520,PPHPHPHHHPPPPHPHHPPH
11521,PPHHHHPHPHPHPPPPPHHP
11522,HHHHHHPPHPPPPHHPHPPP
11523,HHPHHHHPPPHPPPHPPPHP
11524,PPPPPHPPHPPHHPPPHPPP
11525,HPHPHHHHHPHHPHHHHPHP
11526,HPPPHPHPPHHPHHHHHHHH
11527,PHHHHHPHHHHPHPPHPPHH
11528,PPPHHPHHHHPPPHHPHHPH
11529,PHPPHHPPPPPHPHHHHPHH
11530,PHHPHHPPHHHPHHHPPHHH
11531,HHPHHPHHHHHPPHPPHHPP
11532,PHPHHPHHHHPPPHPPHPHH
11533,PPPHHPPHHHPPHHPHPHPH
11534,PPPPPHPHPPPHHHHPHHPP
11535,HPHPHPPPHPPHPPHPPPPH
11536,HHPHPHHHPPPHPHHPPHPP
11537,PPPPHHHPHPPHPHPPHPHH
11538,PPPHPPPHHPPPPPPPPHHH
11539,PHHPHHHPPPPPHPHPHHPP
11540,HHHHPHPPPHPPHPPHPHPP
11541,PPHHPPHHHHPHHHHHPPHP
11542,HPPPPHPPHHHHHHHHPHPH
11543,PPPHPPPHHHPPHPPPHHHH
11544,PHHPHHHHHHHPHHHHHHHP
11545,PHHPPHPHPHPHHPHHPPPP
11546,HHPPPHPHPPHHPHPHHPHH
11547,PHHPPPHPPHPHPPPHPHPH
11548,HPHPHPPPHPPPPHPPPPHP
11549,HHHPPHHHPPHHPPPPHPHP
11550,PPHHPPHHHPHHPHPPHPHH
11551,PHPHHHHHPPPHPHPHHHPP
11552,PPPPHHHHPHHPPHPPHHPP
11553,PHPPHHHHHPPHHPHPPHHP
11554,PHHHHPPPHHPPHPHHHHPP
11555,HPHHHPPPPHHHPPPHPHHH
11556,HHPPPPPHHHPHHHHPPPHP
11557,PHHPPPHHPPHPPPHHPPHP
11558,HPPHHPHHPHPPHPHHHPHH
11559,PPHPHHHHPHPHHHHPHPHH
11560,PHPHPHPHPHHPPPHHHHPP
11561,PPPPHPHPHPHHPPHHPHHH
11562,PHPHHHPPPPPPHPPHPPPP
11563,PPPHPPPPHPHPPPPPHPPP
11564,PPPHHPHPPPHPPPHHPPHP
11565,PPPPPPHPHHPPPPHHPPPH
11566,HPPHPPHHPHHHHHHPHPHP
11567,HHPPHPHHHHHHHPHPHHPP
11568,HHPHHHPPPPHPHPPHHPHP
11569,PPHHPPHPHPHPHHPPPHHH
11570,PPHPHHHHHHHPPHHPHHPH
11571,HPPPPHHHHHPPHHPHHHPH
11572,HPPHHPPHHHPHPHHHPPHP
11573,HHHHHPHPPHHPPHPPPHPP
11574,PPPHPHHPHPHHHHPHPPPP
11575,HHPHHPHHHPPPHHHPPPPP
11576,HPPPHPHHHPHHPPPHPHHP
11577,HPHPHPHHPPPHPHPHPPHH
11578,HHPHPHHPPHHPHHHHHPPH
11579,HPHHPHHPPPPPPPHPHHPH
11580,PHHHPHPHHPHHHPPPHHHH
11581,HPPHHPPPHHHPHHHHPPPP
11582,PPPHHHPPHPHHPPHPHHPH
11583,HPPHHPPPPHPHHHPPPPHH
11584,HHHHPPPPHPHPHHHHHHHP
11585,HHPPHPHHPPHHHPPPPHPP
11586,HPPHPPPPPPPPPHHPHHHH
11587,PHHHHHHPHPPHPPHPPPHH
11588,HPPHHHHPHHPHHHHHPHPP
11589,HHHPPHHPPPHHPHHPPPHH
11590,PPHPHPHHPHPHHPHPPHHP
11591,HHHHPHPPPPPHHHHPPHHH
11592,PPHPPPPHHPHPHHPHPPPH
11593,PHPHHHPHHPHHPHPHPPHP
11594,PPPPPHHPHHHPPHPHPPPP
11595,HHPPHHPHHHPHPPHHPPHH
11596,PPPHPPPPHHPPHHPHHHPH
11597,HPHPHPHPHPHPHPPHHHPH
11598,HPHHHHPPHHPHPPPPHPPH
11599,HHHHHHHPPHHHHHHHHPHH
11600,PHPPHHPPHPPPHPPPHHPH
11601,HPPPHHPHHHPPPHHPHHHH
11602,PHPHPPPPHPPHPHPHPPHH
11603,PPHPHHPPPHHPHHHHPHPH
11604,PPPHHHPPHHHPHPHPHHHP
11605,PPHPPPHHHHPHPHPPHHPP
11606,HHHHHPPHPHHHHPPPHHHH
11607,HPHPPHPHPPPHPHPPHHPH
11608,PHPPHHHHPPHHPHPHPPPP
11609,HHPHPHHHHHPHPHPHHPHH
11610,PHHPPPPHHPPHHPPHHHHH
11611,PPPHPPHPHHPHPHPHHPPH
11612,PHPPHPHHPHPPHHPPHPPP
11613,PPHHHHHHPPHPPPHPHHPH
11614,HPPHHHHHHHHPHHPHPPPH
11615,HHPHPHHHPPPPPHPHHPPH
11616,PPHHPPPPPHHPPPHPPHPH
11617,PHHPHHPHPHHPHHPPHHPP
11618,HHHHHPHPPHHHHPPPPPPP
11619,PPPPHPHPHPHHHPHHPHPH
11620,HHHPHPPPHPHHHHPHHHHP
11621,PHHHHHPHHHPHPPPPPHHH
11622,PHHHPHPPPPPHPPPPHHPH
11623,HHPPPPHHHPPPHPPHPPPP
11624,PHHHPHHPPPPPPPHHPPHP
11625,PPPPHHPHPPHPHHHHPHPH
11626,PPHHPHHHHPPPHHPHHHHH
11627,PPHPPPPHPHHHHPHHPHPH
11628,PHPHPHHPPHHHHHHHPPPP
11629,PHHHPHPHPPHHHHHHPHPP
11630,PPPPPHHHHHPPHHHPPPHH
11631,HPPHHPPPHHHHHPHPPPPH
11632,HHPHHHHPPHHHPHPHHPHH
11633,HPPHHHHPPHPHHHPHHPPH
11634,PHPHPPHHHHPHHPHPHHPP
11635,PPPHPHHPHHHHPPPHHPPP
11636,PPHHHHHHPPHPHHPHPPPH
11637,PHHHHPHPHPHPPHHPPHHP
11638,PPPPHPHHHHHHHHPHHHPH
11639,HPHPHHHHHPPHHHPHHHPP
11640,PHPHHPPPHHPPPHHHPHHP
11641,PHPHHHHPHPHPPHHPHPPP
11642,PHHPPHPPHPHHPHHPHPHH
11643,HHHPHPPHPPPHHPHHHHHH
11644,HPHPPHHPPHHHPHHHHHHP
11645,PPHHHPHHHPHPPPPPHHHH
11646,PHPPPPPHPHHHHHHPPHPP
11647,HPHHPHPHHHPHPPHHPHPP
11648,PHPPHPPHPPPPHHPHPHHP
11649,PHPPPPHPPPPHHPHPPHHH
11650,HPPHHPPHPHHPPHHHPPHP
11651,PPPHHPPHHHPHHHPPHPPP
11652,PHHPPHHHPHHHPHHHHHPH
11653,PPPPPPHPHPPPPPHHHPPH
11654,HPHHPHHHHHPPPHPPPPHP
11655,HPPHHPPHPPPPPHHPHPPH
11656,PPHPPPHPHPHPPPHHPPHH
11657,HHHPPHHPHHPHHPHHHHPH
11658,HPPHPHPPHPHPHHHHHHHP
11659,HPHHPPHPPHHPPPPHPPHP
11660,HPHPHPHHHPPPPPHPPPHH
11661,PHPPPHPPPPPPHPHPPPPP
11662,HPHPPHPPPHHPHHHPPHPH
11663,PHPPHHHHHPPHHHPPHHHH
11664,HHPPPHPHPHHPPHPHHPPH
11665,HHHHPHPPHHPPPHPHHHHH
11666,HHHPHHPHPHPHHHPPHHPH
11667,PPHHPHPPHPHPPPPPPPPP
11668,PHHPHPHHPPPHPHHPHPHH
11669,PHHPHPPPPHHHPHPPPPHP
11670,HPHHHPPHPPPPPHPHPHHH
11671,HPHPPHHPPPHHHHPPHHPH
11672,PHPHHPHPHHHPPHHPPPHH
11673,PPPHHHPHHPHPHHPPHHPP
11674,HPPPPHHHHHPHHHPPPHPH
11675,PPHHHHPPPHPPPHHPPHHP
11676,HHPPPHHPHHHPHHPHHPHH
11677,HPHHHHHHPHHHPHHHPPHP
11678,PPHPPPHPHPHPHPHPHHHH
11679,PPHPPHHPPHPPPHHPHHPP
11680,PPPHPHHHHPPPHPPHHHPP
11681,HHHPHPPPHHHHHPHHHPPH
11682,PHHPHHPHHHHHPHPHPPPP
11683,PPHHHHHHHPHHHPHPHPHP
11684,HHPPHHPHPHHPHHHPHPHP
11685,PHPPPPHHPPPHHHHPHHPP
11686,HHPHHHPPHHPPHHHPHPPP
11687,HHPPPPHHPHPHPHPHHHPP
11688,PPHPHPPHHPHPHHPPHHPP
11689,PHPHPHHHPPPPHHPPHPHH
11690,HHHHPPHPHHHPHPPHHPHP
11691,HPPPPHHPHHPPPPHPPHHP
11692,PHPHHHHPHPPHPHHPPPPP
11693,HPPPHHPHHPHHPHPHPPPP
11694,PHPHPPHPPPPPHHHPPPPH
11695,HPPPHHPHHPPPHHPHHHHP
11696,HPHHPHPHHHHHPHHPHHHP
11697,HPPHPHHHHPHHHPHHPPHP
11698,HPPPHPPPHHPPPPPHPPPP
11699,HPHHPHHPHPPPHPHPHHHH
11700,PPPHPHPHHPHHPPPHHHHH
11701,HHHHPHHHHHPPPPHHHPPP
11702,HPPPHPPHHHPPHPHPHHPP
11703,HHPPHHHHPPHHHPPPHHHP
11704,PHPHHHPPPPHPHPPHHHHH
11705,PHPHHHHHHHPHHHPHHHPP
11706,HHHHPHPHPPPHPPHPHPHH
11707,HPPHPPPHHPPHPHHPPPHP
11708,HHPPPPPPHHHPHHHPPPPH
11709,HPHHPPHHPPPPPPHPHPHH
11710,HPHPHHHHPPHHHPPHPPPH
11711,HPHHHPHPPPHPHHPPPHPH
11712,HPPHPHHPHHPPPHPHPPHH
11713,PHPPHHPHPPHHPPPHPPHH
11714,HHHHHHPHPHHHHHHHPHHH
11715,HHHPPHHHHPHHHPHHHPPH
11716,PPPPHPPHHHPPPHPHPHPP
11717,PPHPHHPHPHPPHPHPHHHH
11718,HPPHPPHPPHPPHPHPHHPH
11719,PHHPHHHHPPPPPPPPHHHH
11720,HPPHPHPHPPHHPPHHPHHH
11721,PHHHPPPPPHPHPPPPHPPH
11722,PPHPPPHPPHPHPPPHHHHH
11723,PPPHHPPHPHPHPHPHPHPP
11724,HHPPHPPHPPHPPHPPHHHP
11725,HHPHPPHHHHPPPHHPHHHH
11726,HPPHHHHPHPPPPHHPPPHH
11727,PPHPPHHHPHHPHHHPPHHH
11728,PPHHPHPHPPHHHHPPPPHP
11729,PPPHPHHHHPPPHHHPHHHH
11730,PPHHHHHPHPPPPPPPPHHH
11731,HHPHHHHPHHHPPHHHHHHH
11732,PPHHPHHHPPHPPHHPPPHP
11733,HPHPPPPPHHPPHHPHPPPP
11734,PPHPPPPHPHPHPPHPPPPH
11735,PHPPHPHHPHHPPPHHHPPH
11736,HPPPHPPPHPPHPPHPPHHP
11737,HPPPPPHPHHHPHHPPHPHP
11738,PPPHHPHPHPHPHHPPHPHH
11739,HPPPPPHHPHHPHHPPHHPH
11740,HHHPHHHPHHHPPPHPHHHH
11741,PHPHHHHPHPPHHPPHHHHH
11742,PHPHHPHPPPPPHPPHPHHP
11743,HPHPPHPHPHPPHHPPPPHP
11744,HPPHHPPHPHPPPHPPPPPP
11745,HHPHHHPHPPPHPHHHHHHP
11746,PHPPHHPPHHPPPPPHPHHH
11747,PHHHHPPPPPHPHPHHPHHH
11748,PPHPPPPHHHHPHPPHHHHP
11749,HHHPPPHPHPHPPPHPHHHP
11750,PPPPHHPHHHHHPPPPHHHP
11751,HPPPHPHPHPPPHPPPPPPP
11752,HPHHPPPHPHHPHHHPHHHP
11753,HHHPHHHPPPPPPHHPHHPP
11754,HHPHHPHHPPHPPHHPPHPH
11755,HHHHHHPPHHPPHHHHHHPH
11756,PHPPHHHHHHHHHPPHPPPP
11757,HPHPPHPHHPPPPPPPPPHP
11758,PPPPHPHHPHHPHHHHHHPP
11759,HPHHPHPHHPHPHPPHPHPP
11760,HHPPHPPHHHPPHHHHPPPP
11761,HHHHPPPHHPPPPHHPHPPH
11762,PHHHHPHPPPPPHPPHPHHH
11763,PPHHHHHHPHHHPPPHHHHH
11764,PPHHHHPHHHHPPHHHHPHH
11765,PHPHPPPPPHPPPPPPPPHP
11766,HPPPPPHHPHPPPPHPHPHH
11767,HPHHPHHPPPHHPPHHHHHP
11768,PPHHPHPPHPPHHHHHPPPP
11769,PPHPHPHPHHPPHHHHHHHP
11770,HPPHPPPHPPPPPPPPHPPP
11771,PHHHPPHPHPPPPPHHPHPH
11772,PHHPHPHHHPHPPHPHPPHP
11773,HPPHPHPPPHHPHHPPHHHH
11774,PPHHPHPPHHPHPHHHHHHP
11775,PPPHPPHHHHHPPPHPPPPP
11776,PPPPHPHHPHHHPHPHHHHH
11777,PPPPHHPPHHHPPPHPPHPH
11778,PPHHHPHHPHHPHHPPPPHP
11779,HPHPHPPPPPPPPPHHPPPH
11780,PPHPPPPPPHPHHPPPPHHP
11781,HHHPHPHPPPPHHPHHHHHH
11782,HHPPHPPHHPHHPPPHPHHP
11783,HPPHPPHPPPHHHHPPHPHP
11784,HPPPPHHPHHPPPPPHHPHH
11785,HPPHHHPPHHHHPPHHPHPH
11786,PHHPHPHPPPHHHPPPHPHP
11787,PPHHHPHHHPHHHHHPPPPH
11788,HPPPPHPHHPPHHHHHHHHH
11789,PPPHPHHHHHHHHPHPPPPH
11790,PHPHHPHPHPPPPHPHHHHH
11791,PHHPPPPHHHHPPHHHHPHH
11792,HPPPHPPPHPHPHHHHHPHH
11793,HPPHHPPHPPPHHPPHPPHP
11794,HHPHPHPPPPHHPHPHHPHH
11795,PPHHPPPHHHPHPPPPPHPP
11796,PPPHPHHPHPPPHPHHHHHP
11797,PPPPHHPHHHHHHPPPPHHP
11798,HHPPPHHHHHPHHHPPPPHH
11799,PHPPPHHPPPHPHPHHHHHH
11800,PHPHHPHPPHHPPPPPPHHP
11801,PPPPPHHHPHHHPHHHPPHP
11802,PHPHPHHHHPHPPHPPPPPH
11803,HPHPHPPHPPHPHHPPHPHH
11804,HHHPHPPPHHPPHHHHPPPP
11805,HHHPPHHHHPHHHHHHHPHH
11806,HPHHHHHPHHPHHHPPHHPH
11807,PHHPHHPHPPHPHHHHPHHP
11808,PPPHPPHHHHHHHHHHHPHP
11809,HHHPHHPHHHPHHPHHPHPH
11810,HPPPHHPHHPPPHPHHHHHP
11811,HPPPPPPHPHPHHPPHPHHH
11812,HHHPHPHHHPPPPHHHPHHP
11813,HPHPHHHHPHPHPHHPPPHH
11814,PPPHPPHHHPPHPPPHHPHH
11815,PHPPHHHHPHPPHPHPHPHH
11816,PHHPHHPPHHHHHPHPHHHH
11817,HPPPPPHPPPPPHHPPHPPP
11818,PHHPPPHHHHPHPHPHHHPH
11819,HPHHPPPPPHPHPHHPHHHH
11820,PHPPHPPPPHPHPPPHHHPP
11821,PHHPHHPHPHHPPHHPPHPP
11822,PHPPPHHPPPHHHPHHHHHP
11823,HPPHHPHPHHPPHPPPHPHP
11824,HPPHHPHHPHPPHHPHPHHH
11825,HPPPHPHPPHHHHPPHPPHP
11826,HPPHPHPPPPHHPHHPHPHP
11827,PPPHPPPHPPHPPHHPHPHH
11828,HHHPHHHPHPHPPPPHHPHH
11829,PHPHHPPHPHHHHPPHPPPH
11830,PPHPPPHHHHPPPHPPPHPH
11831,HHHHHPHPPPHPPHHPHPPH
11832,HHPPHPHPHPPHHHPPHHHH
11833,PHPHHPHPPPHPHPPHPHPP
11834,PPPHPPPHPHHHPPPPPHHH
11835,PHHPPPPPPHHHPHPPHHHP
11836,PHPHHPPPPHHPPHHHPPPH
11837,PHPHHPHHHPHPPPHPHHHH
11838,HHPPHHHPPHHHHHPHHHPP
11839,HHHPPHHHPPHHPPPHHHHH
11840,HHPHPPHPPHHPHHPHHHPH
11841,PHPHPPPHPHHPHHHHPHPP
11842,HPHHHPHPPPPPPPPPHPHH
11843,HPHHHPHPHHHHHPHHPHPH
11844,PPPPPHHPHHHPPPHPHHPH
11845,HPPHPHPHPPPHHHPPHPPH
11846,HPPPHPHHHHPHHHHHHPHP
11847,HHPHHHHPHPPHPPHHHPHP
11848,HPHPHPPHPHPHHPHPHHPP
11849,PHPPHPHPHHPHPPPHHPPP
11850,PHPHHPHPPPPHPHPPPPPP
11851,PPPHPPPHPPHHPHHPHHPH
11852,HHHPHHPPHHPHHHPHPHHH
11853,PPHHPHHHHPPHHPPHPHPH
11854,PPPHHHPPPHPHPPHPPPHP
11855,HHPHPPHPHPHPPHPHHPPH
11856,PPHPHHHHPPPPPHHPHPPH
11857,HPHHPHHPHHPPPHHPHPHH
11858,PHPHHHHPHHPHPPPPHPHP
11859,HPHPPHPPPHHPHPPPPPPP
11860,PHHPPPHPHPHHPPHHHHHP
11861,HHPHHPHHPPHPHHHPHHPH
11862,PPPPPHPPHHPHHPPPHPHP
11863,PHHHHHHPPPPHHHHPPPPH
11864,HPPHHPPHPPHPHHPPPHHH
11865,HHPPPPPPHHHHPPHHHHPP
11866,HPHHPPHHHPPHPPPHPHHP
11867,HPHHHPHPPHPPPHPPHHHH
11868,PHPPPPPHHHPPPHPHHHHH
11869,HHPHHPHPPPHHHPHPPPHP
11870,PHPPPPPHHPHHPPPHHHPP
11871,PHHHPPHHHHPHHPPPHPPH
11872,HPHPHPHHHHPHPHPHHHHP
11873,PPHPHHPHHHHHPHHPHPPH
11874,PHHHHHHHPHPPPHHHPHHP
11875,PPHPPHPHHHPHPPHPHHHP
11876,PHHPPHHHPHHPPPHHHPPP
11877,HPHPHPPPPHPPHPPHPHPH
11878,HHHHHHPHPPPPHHPPPPPP
11879,HHPHHPHPHHPHPPPPPPPP
11880,PPPPPHPHHPHPHPPHPHHP
11881,HHPHHPHPPPPHHPPHPPHP
11882,PHPHHHPPPHHHPPHHHPHP
11883,HHHHHPPHHPPHHPHPHHPH
11884,PHHPPHPPPPPPPHPPPPHH
11885,PPHHHPHPPHHPPPPHHHPP
11886,HPHHPPHPHPPHHPHHPHHH
11887,PPHPHHPPPHHHPHPHPHHH
11888,HHPPHPPHHHHPPHPHPHPP
11889,HPPPHPPHHPPHHPPHPPPP
11890,HPPHPHHHPPHPPPPPHHHH
11891,PHPHPPHHHPHPHHHPHPHP
11892,HPHPPHPPHHHHHPHPHHPP
11893,HPHPPHPHHPPPPHHPHHHH
11894,PPPPHPPPHPHHPHHPPPHH
11895,HPHPPHPHHPHPPPHHPHHP
11896,PPPPHPPHPHHHPPHPPHPH
11897,HHPHHHHPHHHHPHPPHHHH
11898,PHPPPPHPPHHPHHHPPPPP
11899,HHHHHHPHPHPHPHHPPHPP
11900,HHHPPHHPPPHHPHHHPPPP
11901,HHPPPHPPPPPHPHPHHHHH
11902,HHHHHHHPHHHPPPPHPPHP
11903,HPPHHHPHHHPHHPPHHHHP
11904,HPPHPHPPHPPHPHPPHPHP
11905,PPPPHPPPPHPPHPHHPHPH
11906,PPHHHPHPHHPHHPPHPHPP
11907,HHHHPHPPPHHPPHHHHPHP
11908,PPHPPHHPHPPHHPPHPHHH
11909,PPHPPHHPPPPHHHHPPHHP
11910,HPHPPHHHHPHHPPHPHPPH
11911,PPPHHPHPHHHPHHPPHPPP
11912,HHPHPPHPPPHPPHPPHHPP
11913,HHPPHHHHPPPPPHPPHHHH
11914,HHPHHPPPHPHPHHHHPHHH
11915,HPHPHPPHHHHHHHPHPHPP
11916,PPHPPHPHHHHHPPPPPPHP
11917,HHHHHPHHHPHPHHHHPHHP
11918,PHPHHPPHHPHHPPPHHPPH
11919,PPHHHHHPPPPHHHPPHHHP
11920,HHHPPHPPHPHPHPPHHPHP
11921,HPHHHPHHPPPHPPHHPPHP
11922,HHHPPPPPHHHPPPPPHHHP
11923,PHPPHPPPPHPHPPHPPHPH
11924,PPPPHHPHPHHPPPPHPPHP
11925,HPHPHPHPHPHPPHPPHPHP
11926,HPPHPPHHPHHHPHHHHHPH
11927,PHHPHHPPHHPPHHPHPHHH
11928,PPPHHHPPPPHPHPHPPHPP
11929,PHHPPHHHHPHPHPHHPHPH
11930,HHPHPHHPHHPPPHHHHPPP
11931,HPPHPHPPPPPPHHHPHHPH
11932,PHHHHHPHPHHPPPPPPPPH
11933,PHPHHHPHHHHHHPPPHPPH
11934,PHHPPHPPPHPHHPPPHPPH
11935,HHPHHHHHHHHHHPPPHPHP
11936,HPPPHPPPPPPPPHHPHPPP
11937,HHHPHHPHHHPPPHHHHPHH
11938,PPPHPPHPPHPHHHPHHPPP
11939,PPHHPHHPHPPPPPHHHPPP
11940,PPPHHHHHPPHPPHHPHPPP
11941,HPHHPPPHPPHPHPHHPPHP
11942,PPPHHHHPHHHHHHHHHPHH
11943,HHPPHPPHPHHPPPHHHHPP
11944,PHPHPPHPHHPPPPPPHPHP
11945,HPPPPPPHPPPPPPPPPPHH
11946,PPHPHPPPPHPHHHHPPPPP
11947,HPHPHHPHHHHPPHHPHPPP
11948,PHPHHPHPPHPPHPPHPPPP
11949,HPPHHHPPHHHPHHHPHHPP
11950,HPHHHHPPPHHHHHHPHPPH
11951,PHHPHHPPPHHPHPPPHPHH
11952,PHHHPPPHHHHPPHHPHHHP
11953,PHPPPHPHHPHPHHPHPPHH
11954,HPHPHPPPHHHPHHPHPHPH
11955,HHHPPHHPHPHHPHPHPPHH
11956,PHPHHHPPHPPPPPHPHHPP
11957,PHHHHHPHPPHPHPHHHPPH
11958,PPHHPPHHPHPHHHPHHPPH
11959,HHHHPPHPHHHHPPPHHHPP
11960,PHPPHPHPHPHPHHHHHPPH
11961,PHHHHPPHPPHPHPPHHPHP
11962,HHHPPHHPHHHHHHPHHPHH
11963,HHHPPHPHPPHHHPPPHPPP
11964,PHPHHHHHPPPPPPHHHHPH
11965,PPPHHPPPPPHPPPHHPHHP
11966,HHPHPPPHPPPPPPHPHPHH
11967,HPHPHPHPHPPHPPHHPPPP
11968,PHPPPHHHHPPHPPHHHPHP
11969,HHHHPHPPHPPHPHPPHHPP
11970,HHHPHHHPHHPPPHPHPHHH
11971,HHHPHPHHPPPPHPPPHPPH
11972,PHHPHPHPHPPHPHPPHPPP
11973,PHHPHPPHHPPHHHPHPPHP
11974,PPPHHPHPHHPPPHPPPHHP
11975,PHPPHPHHPHPHPPHPHPHP
11976,PHPHPHHPHHHPHHPPHHHH
11977,HHPPHHPPPHPPHPHHPPPH
11978,HPHHHHPPPPHHHPPPHHPP
11979,PPPHPPPPHHPHPPPPPPHH
11980,PPPPHHHPHPHHPHPHPPPH
11981,PHHHHPHPHHPHHHHPPHPP
11982,HHPHHHPHHPHPHHHHPPHH
11983,HPHPHHPPHHHPHHHPPPPH
11984,PHHHHHHHPPHHHPPHPPHH
11985,PPPPHPPPPPHPPHPPHHPH
11986,HPPHHPPHHHPPHHPHPPPH
11987,HHPHPPHPPPHPPPPPPPHP
11988,HHPPHHPPPPHHPHHPHHHP
11989,PPPPHHPPHPPPHHPHPHHP
11990,HPHHHHHPHHPHHHHPPPHH
11991,PPHPPHPPPPHHHPHPPHHH
11992,HPHHPPPHHPHHPHHPPHHH
11993,HPHHHPHHHPPHPHPPPPPH
11994,HPHHPHHPPHHPPHPHHPHP
11995,PHHPPHHPPHHPPPPHHHPP
11996,HHPHHPPPPHHHHHHHHHPP
11997,HHHHPPHHHPHHPPHPHHHP
11998,PHHPPPPPPPHHHPHHPHHH
11999,HPHPHHHHPHPPHHPHPHHH
12000,PPHHPPHHHPPHHHHHPPPH
12001,PHPHPHHHPHPPHHHPHHPP
12002,HHPHPPHPHHPPHPPHPHPP
12003,HHPHHPHPPHHPPPHHHHHH
12004,HPHPPPPPPHPHHHHPHHPP
12005,PHPPPPPHPPHPHHPPHHHP
12006,HHHHPHHHPHHHHPHPPPHP
12007,PHHPHPHHPPHHPPHHHHPH
12008,PHHHHHHHHPHHPHPHHPHH
12009,PPHPPHPPPPHPPHHPHHHH
12010,HHHPHPPPHPHHPPHPPHPH
12011,PHHHHHPPHHPPHHPHHPPH
12012,HHHPPPHPPHHPHPHPHHPH
12013,PPPPHHPHHPHHHPPPPHHP
12014,PHHHHPPHPHPPHPHPPPPP
12015,PHPPPHPPPHHHHPHPHHHP
12016,PHPHPHPHHHPPPPHPHHPH
12017,PPHPPPHHHHPHHHHPHPHP
12018,HHPHPPHPHHHPPPHHHHPP
12019,PPPHHHHPHHPHHPPPPHPH
12020,HPHHPHPPPPHHPPPHHHHH
12021,PPPHPPHPHPPHPHHHHPPP
12022,PHHHHPPHPPHHHHHHPPHH
12023,PPHHHHPHHPPHHHHPPPPH
12024,PPHHPPHPHPPPPPHHHPHH
12025,PHPHHPHHHHHHHHPPPHHH
12026,PHHHPHPHHPHHPPPPHPPP
12027,HHPPHHHPPHHHHHHHPHPH
12028,HPPHPPHPHHHHHHPPPHHH
12029,HHHHPHHPHHHPPPHPHPHP
12030,PPPPHPHPHHHPPPHPPPHH
12031,PHHPPHPPPPHHHPHHHPPH
12032,HHHHPPPHPHHPPPHPPPHP
12033,PPPHHHPHPHPHHPHPHHPP
12034,HHPHPHPPHPHPPPHPPHPP
12035,HPPPHPPPPHHPHPHPPPHH
12036,PPHHPPHPPPHPHHHHPHPP
12037,HHHPPPPPPHPHHPHHHHHP
12038,HPHPPHHHPHPPPHPHPHPH
12039,HHPHHPPHHHPPHHPHHPHP
12040,PPPHHHHHHPHHPPHPHHPP
12041,PHHHPPPHHHPHHHPPHPPH
12042,PPPPHPHHHHHHPHPHHPHH
12043,HHPPHHPPPHHPHHPPPPPH
12044,HPPPHPPPHPHHHHPHHHPH
12045,PHPPHPHHPHHHHPPPHHHP
12046,HHPHHHHHPPHPHHHHHPHH
12047,PPPPPPPHPPPPHPHHHPHH
12048,PPPPHHPPHHHHPPHPHPHH
12049,HHPPPPPPPPHPPPHPHPPP
12050,PPHHPHPPHHHPPPHHPHPP
12051,HHPHHPPHPPPHPHHHHHHH
12052,PPPHPHPPHHPPHHHHPPHH
12053,PHPHPHPPPPPPPPPPPPHH
12054,HPPPHPPHPPPHPHHPHPHH
12055,PHPHPPHHHPHHPPHHPPPH
12056,PPPPPPPPHHHPPPPPHHHP
12057,PPPHPPHHHPPHPPHPPPHH
12058,HPHHHHHHHHHPPHHHHPPH
12059,HHPPHPHHHHPPHPHHHHHH
12060,HHPHPHPHHHPPHPHHHHHH
12061,HHPPHHPPPPPPHHPPPHPH
12062,HHHPHHHPPPHPHPHPPHHP
12063,PHHHPPPPHPPPPPPHHHHH
12064,HPPHPPPHHHPHPHHPHHPP
12065,PPPHHPPPHPHHHHPPHPHP
12066,PHHPPHHPHHPPPHPPPPPH
12067,HHPHPPPHPHPHHPHHPHPP
12068,HPPPPHPHHHHHPHHPHPHH
12069,HPPPHPHHHHHPHHHHHHHP
12070,HHHPPHPHHPHPPHHPPHHH
12071,HPPHHHHHHPHPHPHPPHHH
12072,PHPPPPHPPPPPPPHHPHPP
12073,HPPPHPPPPPHHHHPHHPPP
12074,HHPPHHPHPPPHHPHHPPHP
12075,PPPHPPPPHPHPHPPHHHHP
12076,HHHHHPHHPPPPHPHHHPPH
12077,HPHPPPPHHPHHHPPHPHPP
12078,HPHPHPPHPHHHHPPHPHHH
12079,PPHHHHHHPPHPHPPHPPPH
12080,HHPPPHPHPPHPHHPHPPPH
12081,PPPPPPPHHPHHPHHHHPHP
12082,PPPPPHPHHHHHPHHHHHHP
12083,PHHPHPHHPPPHHHPHHHPP
12084,HPHHHPPPPPPHHHPPHHPH
12085,PHHPHHPHHHPHHPPHPPPP
12086,PPHHPHHHPPPHPPHHHPPP
12087,HPHPPHPPHHPPPHPPHHPH
12088,PHHPHPHHPHPHHPPHPHPP
12089,PPHPPPHPHPHPPPPPHHPH
12090,HPHHPPHPHHPHHHHHHHHP
12091,HPHHHPHHHHHPPHHHHPHP
12092,PPHPPHHHPHHPHHHPHPHH
12093,HPHHPHHPHPPHHHHHHHHH
12094,PHPPHHPPPHPPHHPPPHPH
12095,PHHPPPHPPHHHHHPPPPHH
12096,PHPPHHHPHHHHPPPHPHPP
12097,PHHPHPHHHHHPHHHPPPHP
12098,HPPHHHPPPPHHHPPPPPHH
12099,HHHPHPPHPHHHPPHHPHPP
12100,PHPHHHPPPHHHHPPPHHPP
12101,PHPHPHPPHHPHPHHPPPPP
12102,PHHPPPPPHPPPHPPPPPHP
12103,PPPHPHHHHPPHHHPHHPHH
12104,HPHPPPPPPPPHHPPHPHPH
12105,PPHHHHHPPHHHHHPHHPPH
12106,PPHPHPHPPPHHHPHPPPHP
12107,PHHHHPPPHPHPHHPPPPHH
12108,HPPHPPPHHHHHHPPPHHHP
12109,PHHHPPPPHHPPPHPHHPHH
12110,PPHHPPPHHPPPPHHHHHPH
12111,HHHPPHHPHHHPPHPPHPHP
12112,HHPHHHHHPPPHPPHPHPHP
12113,PPPHPPPHPPHPHHPPHHPP
12114,PPPHPHPHHHHHHHHPPHPH
12115,HHPHPHHPHHHPHPPHPPPP
12116,PPPPHPPHHPHHHPPPPPPH
12117,HHHHHPPHHHPHPPHPPHPH
12118,HHHPPPPHHHPHHPHHHHPH
12119,HHHHPHPHHHPHHPHHPHPP
12120,HHPPHHPHHPPPPPPPPHHP
12121,HPHPPHHPHHHHPPPPHPHH
12122,HHPPHPHHPHHHPHHHHHHP
12123,PHPHHPPHPHPHHHPPPPPP
12124,PPPHHHHHPPPPHPPPHHPP
12125,HHPHHHHHHPHPHPPPHPHP
12126,PPPPPHHHHHPHPHPHHPPH
12127,HPHPPPPHHHHHHHPPHHHP
12128,PPHHPHHPHPPHPPHPHHHH
12129,HHHHHPPHHHHHHPHHHPHH
12130,PHHPPPHHHHHHHPPPPPHH
12131,PHPHHPPPPHPHPHPPHPHH
12132,HHPHPPHPHHHHHPHHHPPH
12133,HHHHHPPPPPHHHHPPHHPH
12134,PHPHHPHPHPPHPPPPPPHP
12135,HHPPPHPHPHPPPPHHHPHH
12136,HHPPPHHPPHPPPHPPHPHH
12137,HPPHHHPHHHHPPPHHPHPH
12138,HHPPPPHHHHPHHPHPPPPH
12139,PHHPHHPHHPPPPHPHPHPP
12140,HHPPPPHPPPPHHHHHHHPP
12141,PHPPHPHHPHPPHHHHPHPP
12142,PHPPPHHPPHHHHHHPHHHH
12143,PPPPPPHHHPPPHPHPHPPH
12144,PHHPPHHHPHHPPHPHHHHH
12145,HPHHHPHPHHHPHPPPPPHH
12146,HPHPHHPPHPPPPHHPPPPH
12147,PPPHPPHPPHPPPHHPPHPP
12148,HPPPPPHPPHHPHHHHPHPP
12149,HPHHHHHHPPPHHPPPPPPH
12150,PHPHPHHPPHPHHPPPPPHH
12151,HPPHPPPHHPPHHHHHPPHP
12152,PHPPPHHHPPHHHHHPHPHH
12153,PHHPHPHHPPHPHHHHHHPP
12154,HPPHPHHHHPPPPPHHPHPH
12155,PPHHHHHHPHPPHPHHHPHH
12156,PPPHHHHHPPHPPPHHHPPP
12157,HPHPHHHPPHPPPPPPHPPP
12158,HHPHHPHHPHPHHPHPHHPP
12159,PHPHPPHHPHPHHPHPHPPH
12160,PHPHHPHPHHHHPHHPPPPH
12161,PPHHPHHHPPHHHPHHPHPH
12162,PHPHPHPHHPPPPPPPPHPP
12163,HPPHHHHHHPPPHHPHPHPP
12164,PPHHPPHPPHPPHPHPPHPH
12165,PPPHHHPPPPHPPHHHPPHP
12166,PHHPPHPHHPHHPHHHHPHP
12167,HPPHPPPPPHHHPHHPHPPH
12168,PHPHHHHHPHPHPHPPHHPH
12169,HHHHPPPHHPPHHHHPHPPP
12170,HHPHHHHPHHPHPPPPHHHP
12171,PHHPPHHPPPPPPPPHHPHP
12172,PPPHPPPPHHHHHPHPHPHP
12173,PPPPHPHHHPPHPHPPHHPP
12174,HHHHHHPPPPPPHPHPHHHP
12175,HPPHPPHHPPPPPPHHHHPP
12176,PHHHPPPPHHPHHPPPHPHH
12177,HHPPPHHPPHHPPHPPPPPP
12178,PHPPPHHPPPPPHPHHPHHH
12179,HHHHPPPPHHHHPPHHHPPH
12180,PPHHPPPPHPPPHPPHHPPP
12181,PPPPPHHHHPPHHPPHPPHP
12182,HHPPHHHHPPHHHHPPHPPP
12183,HPPHHHHPPPHPPHHPPPHH
12184,PPHHHPHHHHHPPPPHHPPP
12185,PPPHPHHHPHHPHPPPHPPP
12186,PPPPHHHPPHHHPPPPPPPP
12187,HPPHHHHHPHPHPPHPHHHP
12188,PPHPPPHHPHPPPPPPPPPH
12189,PPHHHHHPPPHPHPHHPPHH
12190,PHPHHHPPPPPHHPHHHHHP
12191,HPPPPPHPHHHHHPPHHHHP
12192,HHPHHHHPHPHHPPHHHHPH
12193,HPHPHPPHPPHHPPHPPPHH
12194,HHPPHPHHHHPHPHPHPPHP
12195,PHPHPPHHHHHPHHPHPPHH
12196,PHPHPHHHHHPPHPHPPPHH
12197,HHHPHHPHHHPHHHPHPHHP
12198,HHHHHPHHHHPHHHPPHHPH
12199,PHPPHHHPPHHHHPHPHPHP
12200,PHHPHHHHPPHHHHPPHPHH
12201,PHHPHHPPPPHHHHPHHPPP
12202,PHHPHHHHPPPPPPPPPHHP
12203,HPPHPHHHHPPPPHPPHPHP
12204,HPHHHPPHHPPPPPHHPHPP
12205,HPPPPHPHPHHPPHHHHHPP
12206,PHHPHPHPHHHHPPHHHPPP
12207,PPPPHHHHPHPPHPHPPHHP
12208,HPPHPHPHHHPPPPPHHPHP
12209,PHHHHHHHHPPHHPHPHHPH
12210,PHHPHHPHHPPPPPHPPHHH
12211,HHHPPPPPHPHHHHHPHHHH
12212,HHPHHHPPPHHHPHHHPPHH
12213,HPHHHHHHHHHPHPPHHPHP
12214,HPPHHHHHHPHPPHHHHPPH
12215,PHPHHHHHHPHHPPPPPPPH
12216,PHPPHHHPPPPHHHPPPHHH
12217,HHPPHPHPHHPPHHPHHHPH
12218,HHHHPHHPPPPHHPPHHPHP
12219,HPPPHPHHHPHHHHPPPPPH
12220,HHHPPHPHPHPHPHPHHHPH
12221,PHPPHPPHHHPHPHHHPPPH
12222,PPHPPPPHPPHHHHPPPPHP
12223,HHHHPPPHHHPHHPHHPHPP
12224,PHPHPHPPPPHPHHHPHHPH
12225,HHHHHPHPHHPHHHPHPHHH
12226,PHPPPPHPPPHPHPPHHPHH
12227,PHPPPPPPHHPHPPHPPHHH
12228,HPHPHHPHHPPHHHHHPHPH
12229,HPPPPHPPPHPHHHPPHHHH
12230,HPPPHHHPHPPPPHPPHHPH
12231,PHHPHHHPHHPPPHPHPHPP
12232,HPHPHPHHHHPPHHPHHHPH
12233,HHPHHHHHPHHPHPPPPPPP
12234,PPHPPHHPHPHPPPHPHHHH
12235,HPHPPHPPHPPHPPHHHPHP
12236,HHPPHPPHPPHHPPPPPHHP
12237,HPPHPPHHHHPHPPHPHHPH
12238,HPPPPPPHHHPPPHHHHHHH
12239,HPPHPPHHHHHPPHHHPHPH
12240,HHPHHPPHPHPHPPPHHPPP
12241,PPPHHHHHHHHHHPPPHHHP
12242,PPPPPHPPPPPPPPPPHPHP
12243,PHHPPHPPHHHHHPHPHHHP
12244,HPHPPHHHHPPHHPHHHHHH
12245,HPHHHPHHHHHPPPPPPPHP
12246,HPHHHPPHHHPHHPPPHPHP
12247,PHPPHPPHPPHHPPPPPHHH
12248,PPHHPPPHPPHPPPPHHPPP
12249,HPHPPPPHPHPPPHHHPHHP
12250,HPHPHPHHHPHPPHHPPPHP
12251,HPHHHPHPPPHHPPPHPPHH
12252,HHPHHPPHHHHPPPHHPPHP
12253,HPHHHHHPPHHPHHPHHHHH
12254,HPPHPHPHPPHPPHPPHHPP
12255,PPHPPHPHPPHHPPHHPHHH
12256,HHHHPPPHHPHHHHHHPHPH
12257,HHPPHHPPPPHPHPPPHPPH
12258,HPHHHHHPPHPPPPPPHPHP
12259,HHHPHHHPHPPHHPHPHPHH
12260,PHPHPHHHPPPHHPPPPHHH
12261,PPHPPHHPPHPPPHPPPHHH
12262,HPPHHPHHPHPHHPPHPHPP
12263,PHPHHHHPPPHPHHHPPHPH
12264,HHPPHHHPPPHHHHHPPPHH
12265,HHPPPPHHPPHPPHPHHHHH
12266,HHPHHHPPPPPPPPHHHHPP
12267,HHHPPPHHHHHHHPPHHHPH
12268,PHHPHHPPPPPHPPHHHHPP
12269,PHPHPPPHHHPHPPHPPHHH
12270,HPHHHPPPHHPHPPHHPPHP
12271,HHPHPPPPPHPPPPHPPHPH
12272,HHHPPHHPHPHHPHHHHPHP
12273,PHHPPHHHPPPPPHPPPPHP
12274,PHPHPHPPHHHPHHHHPHPH
12275,PPHPPPPPPPPPHPHPHHPH
12276,HHPPPPPHHHPPHPHPPHHH
12277,PHPPHHPHHHHPPHHPPPPP
12278,HHHHHPHPHHHPHPPPPPHP
12279,PPHHHPHPHHPPPPHHPPHH
12280,HHHPPHPHHHPHPHPHHPPH
12281,PPPHHPPPPPPHPPPHHPHP
12282,HPPHHPHHHPHPPHHPPPHH
12283,HHPHHHPPPHHPHPHPHHHP
12284,PHHPHHPHPHPHHHPHPHPH
12285,HHHPPHPHHPHPHHPHPHHP
12286,HHPHPHHPPHHHHPPHPPHH
12287,HPHPHHHHHPPPPHPPHPPH
12288,HPPPPPHHPPPHPHHHPHPP
12289,PHHPHHHPPPHHHPPPHPPP
12290,PHPHPPPPHPHPPPHPPPPH
12291,PHPHPPHHPHPHPHHPPPHP
12292,PHHPPHPPPPHHHPPHPHHP
12293,HHHPHHHPHPHHHHHPHHHH
12294,HPHPHPHHHHPPHPHHPPPP
12295,HPHHPHHHPPHPHHPHHHPH
12296,HHPHPPHHPHPHHPPHHPPH
12297,PPHHPPPPHHHPHHHPHHHP
12298,HPHPPPPHHPHHPPHHHHHP
12299,PPHHPHHHHPHHPPPHHHPH
12300,HHPPHHHHHHPHPHHHPHPH
12301,PHHHPPPPHHHPPPPHPPPH
12302,PPHHHHPHPHHPPHPHPPPP
12303,HPHHHHHPPHHHPPHPHPHP
12304,PPHPPPHHPHPPHPHHPPPP
12305,PPPPPHHPPPPHPHHHPHPP
12306,PPPPPPHHPPPHPPHPPPPH
12307,HPHPPHHHHHHPHHPPPHHP
12308,PPHHHPPHHHHHHHPPPPHH
12309,PHHHPHPPHPPHHPHHHPHH
12310,HHHPHPPHHPHHPHHHHHHH
12311,PPHHHHPPHPPHHHHPPHHP
12312,PHHPHHHPPHHHHPHPHHHP
12313,HPPHPPPHHPHHPHHHHPHH
12314,HHPHPHHHPPHPPPHPHHPH
12315,HHPPPPHHHHPHHHHPHPHH
12316,PPHHPPHHPPHPHPPPPPHH
12317,PPPPHHHHHHHHPHHPPHPH
12318,PHHPHPHHPHHPHPPHPHHP
12319,PPPHPPPPPPPHPHPHPHHH
12320,HHHPHHHPHHHPHHPPPPPP
12321,PHHHHPPHPPPPHHHPHHPP
12322,PHHPPHPHHPHHPHPPHHHP
12323,PHPHHPHHHHHHHHHPHHHH
12324,HPHPPPHHHPPPHPPHHHHP
12325,PHHHHPPPPHHHPPHPPPPP
12326,HPHPHPHPPPHPHHPHHHPP
12327,PHHPPHHHPHHPPHHHPHPP
12328,HPPPHPPPHPHPHPPHHPPP
12329,HPPPPPPHPPHPHHPPPHHP
12330,HPHPHHPPPHPPHHPPHPPH
12331,PHPPPHHHPPPHPPPHPPPP
12332,HHHHHHPPPPHHHHHPPPHH
12333,PPPPHPHHHPHHPHPPHHHP
12334,PPHPHHHPHPHHHHHPPPHH
12335,HPPPHPPHPPHHPPPPPHHP
12336,HHPPHPHHPPPPHHPHHHHP
12337,PPPPHPPHPHHHHPPPPHPP
12338,PPPPPPPHPHPHPPHHHHPP
12339,PHPPHHHPPHPPHPPPPHPH
12340,HPPHPHHHPPPPPHPHHHHP
12341,HPPPPHHPHHHHHHHHHHPH
12342,PHPPHHHHHHPHHHHHHHPP
12343,HHPHPPHHPPHHPHHHPPHH
12344,PHPPHHPHHPHPPPHPHPPH
12345,PPHPHHHHPHHHPPHPHPHH
12346,HPPHPHPPPPPPPHPPPPHH
12347,PPHHHHPPHHPPHHHPPPHH
12348,PPPPHHHPPHPPHPHHHHHP
12349,PPHPHPHPHHHHHPPHHHHP
12350,PPHPHPHPPHHPHHPPPPPP
12351,PPHPPHHHHPHPHPPHPHHH
12352,PPHPPPHHPPHPHHHHPHPH
12353,HPHPHPPPPHHPPPPHPPPP
12354,HPPPHPHPPHPHPPPPPPHP
12355,PPHHHHHPPPHPHPPPHHPP
12356,HHPPPPHPPHPPPPHPPHHH
12357,HPHHHHPPPHHHHHHHHPPH
12358,HPPHPHHPHHHHHHHHPHHP
12359,HHPHHPHHHHHHHPHPHPPH
12360,PPPHHPHHPPPPHHHHPPPH
12361,PHHPPHHHPPHHPPHPPPHP
12362,PHHPPHHHHPHPPHHHPPHH
12363,HPPPPHPPPPHHPHPHHHPH
12364,HPPPPPHPPHPPHPPHPPPP
12365,PPPPHPHHHPHHPHHPPPHH
12366,HHPPHPHHHHHPHHHPPPPH
12367,HHPHPPHPHHHPPHPPHHHH
12368,HHPPHPPHHPHPPPPHPPPP
12369,HPPPPHHPPPHHHHHPHPPH
12370,HHHHPPHPPPPPPPPPPHPH
12371,HHHHHHPPHPPHPPHPPHPH
12372,PPHHPPPHPHHHHPPHPPPH
12373,HPPHHPPHPHPPPPHPHHPP
12374,HHPPHPPPPHPHHHPPPHHP
12375,PPPPPPHHHPPPHHHHPPPH
12376,PHHPHHHHPPHPHHPPHHHP
12377,PPPPPPPPHPPPHHHPPHHP
12378,PPPHHPHHPPPHPHPHHPHH
12379,HPPHPPHHHPPPHHPHPPHH
12380,HHHHPHHHHHPPPHHPPHPP
12381,HPHPPPPPHHHHPPHPPPPP
12382,HPHPHPPPHPPHPPPHHPPP
12383,HPPPPPPPHHPHHPHHHHPP
12384,PPPHHHHHHHHHPHPHHPPP
12385,HHHHPHHHPHPHHPPHHHHH
12386,PPHPHHPPPPPHHPHHPHPH
12387,HPHHPPPHHPHHPPHHPHHP
12388,PHPPHPPPPPPHHHPHPPHH
12389,PPPPPPPHHHHPHHHPPPHP
12390,HPPPHHPPPHPPHPPPPHPP
12391,HHPPHPPPPPHHPPHPPHPH
12392,HPPPPHHHPHHPPHHPPPHH
12393,PPPPHPPHHPPHHPHPHPHH
12394,HHHHPHHHHPHHPPPPPHPP
12395,PHPHHPHPPPPHHHHPHPHP
12396,HPHPHHPPPHHPHHHPPHPP
12397,HHPPHPPPPPPHHHPHHHPH
12398,HPPHHHHPHPPHPPHHPPHH
12399,PHPPPPPHHHPPHPHPHPHH
12400,PHHHHHPHPPPHPHPPPHPP
12401,HHHHHPPHHPPPHPPHHHHH
12402,HPHHPPPHHPHHPPHHPPPP
12403,HPHPHPPPPPPPHHPHHPHP
12404,PPHPHHHPHHPPPHHHPHHP
12405,PPPHPPHPHHHPPPPPHHPP
12406,HPHHHHPHHPHHPPPPPHPH
12407,PHPPHPPHPHPHPHHHHPHP
12408,HHHPPPHHPPHHHHPHHHPH
12409,HHHHHPPPPHPPHHHPPPPH
12410,HHHHPHHPHHHHHPPHPPPH
12411,PPPPHHHHHPHHHHHHPHPH
12412,HHHHPHPHPHHPPPPPHHHH
12413,HPHPHHPHPPHHPPPPPPPP
12414,HPHPPHPPPHPHHHHPPHHP
12415,PHPPPHHPHHHPHPHPPHPP
12416,HHHPHPPHPPPHPPHHHHPH
12417,PHPPPPHPHHPPHHPHHPHH
12418,HHPHPHHPPPHPPPPHHPPH
12419,HPPPPPPHPHHPPHHHHHHP
12420,PHHHPHHPHPHHHHPHHHHP
12421,HPHPPPPHPPPPHPPPHHPH
12422,HHHPHPHPHPPPHHPHHPHP
12423,HPPHHHPPHHPHPPHPHHHH
12424,HPHHHHPPPPPPPHHPPPPH
12425,PPPHHHPPPHHHPPHHHPHP
12426,HHPHPPPPPHHPPPHHPPHH
12427,PPPHHPHPHHPHHPHHPPHP
12428,PPPHPHPPPPHPHHHHHHPH
12429,HPHPHPHHPHHPPHHPHHHP
12430,PPPPPPHPHPHHPHHHPHPH
12431,HPHPPPHPPPPHPPHPHPPP
12432,PPPHPPHHHPHPHPPPPPPP
12433,HHPHPHPHHHHHHPHHHHHP
12434,PPPPHHPPHPHHHHPPHPPP
12435,PPPPPHPPPPPPHPPPPPPH
12436,HPPPHHHHHPHHPPPPHHPH
12437,PPHPPHHHHHHPPHPHHPPP
12438,PHPHPHHPPHPPPHHHHHPP
12439,HHHHHPPPHPHPHPHHHPHH
12440,PHHPPPHPHPPHPHPPPHPP
12441,HPPHHPPPHPHHPHPPHPPH
12442,HPHHPHPPHPHHHPPHHHPP
12443,HPHPPHPPPPHHHHHHHPHP
12444,HHPHHHHPHPPPPHPHHPPH
12445,HHHHPHPHHPPHHHHHHHHP
12446,PPHHHPHPHHHPHHHHPPPH
12447,PHPPHPHHPHHHHHPPPPPH
12448,HPPPPHHPPHPPHHHPHPPP
12449,HHHPHHPHPHHHHPPHPPPP
12450,PHHPPHHPHHPPPHPPPPHH
12451,PPPPHPHHPPPHHPPPPPPH
12452,HPPPHHPPHPPHPPPHHPHP
12453,HPPHHHPPHHHHPHHPHPPP
12454,HPPPHPPPHHPPHPPHHHPP
12455,HPPPHPPPPHHHHPHHHHHH
12456,HHHHHHHPHHPHHHHHHHHH
12457,HHHPHPPHPHPPHPHHPHHH
12458,PHHPPHPHPHPHHPPHHHHH
12459,HPHPHHPHPHHHPPHPHHHH
12460,PPHPPHHHHPPHPPHPHPHP
12461,HHHHPPPHPHPPHPPHPHPP
12462,HPPPHHHHHHPHHHPHHPHP
12463,PPHPHPPPPHPPPHPHPPHH
12464,PHHPHPPPHPPPHPPPPHPP
12465,PPHPPPPPHPPHPPHHPPPH
12466,HHPPPHHPHHHHHPPHHHPH
12467,HHHPPPHPPPHPHHPPPPPH
12468,HHHPPPPHHPHPPHHPPHHP
12469,HHHHPHHHPHPPHPPPHHHP
12470,PPPHPPHHPHHHHPHPHHPH
12471,HHHHHHHHHHPPHPHHHPHH
12472,PPPPHPPHPHPPPHPPHPPP
12473,HPPHPPPPPHPHHHHPHPPH
12474,PPPPHPPHPPHHHPHHPPHH
12475,PPHPHPPHHPHHPPPPHHPP
12476,HPHPHHPHHPPHPHHPPHPH
12477,HHHHHPHHHPPHPHHPPHPH
12478,HHPPHPHPHPHPHPHPPHHP
12479,HHHHPHPPHPHHHHPPPPHH
12480,HHHPPPHHHHHPHPPPPHHH
12481,HHPHHHPPHPPHHPPHPHHH
12482,HPPHPHHPPHPPHPHPHPHP
12483,HPPHPHHPHPHPHPPPPHHP
12484,HHPHPPPHPHPPPHPPHHPP
12485,PHPHHPPPPPPHHHPPHPHP
12486,HHPHHHPPHHPHHHPPHPPH
12487,PHPPPHPPPHPHHPHHPHPH
12488,HHHHPPHPPHPPHPPHPPHP
12489,HHPHHHPHPPHPHPHPPPHH
12490,HPHHPPHPPHHPPHPHHHHP
12491,PHPPHHHHPPHPHHHHPPPP
12492,HHHHHHHHPHPHHHPHHPPH
12493,HHHPHPPHHHHPPPPPHPHP
12494,PHHPPHPPPPHPPPPPPHHP
12495,HPPHHPPHHHPHHHHPHHHP
12496,HHPPHHPHPPPHHHHPHHHH
12497,HPHPHPHPHHHHPHHPPPPP
12498,PHPHHHHHHPHPHHPHPHPH
12499,HHPHPPHPHHHHHPHPPPHH
12500,PPPHPHHHPHPHPPPPHHHP
12501,HHPHHPHPPPHPHHHPPHPP
12502,HPHHHHPPPHPHHHPHHPPP
12503,PHPHPPPHPHPHHPPPPHHP
12504,HHHHPHHPPPHHPHPHPPHP
12505,PPPHPHHHPHPHPPHHPPHH
12506,PHPHHPHPPPPPPHHPPHPH
12507,HHPPPPPPPPPHPHPHHPPH
12508,PPPPPHHPHHPHHPHHPPHP
12509,PPHPPHHPPHHPPHPHPPHH
12510,PHHHPHPPPPPHPHHPHHPH
12511,HPHPHHHPPHPPHHPPHPPH
12512,HHHHHPPPPPPHHPHHHHPP
12513,HPPHPPPHHPPPHHHHPHHH
12514,HHPHPPHPHHHHHPHPHPPH
12515,HHPHPHHHPPPPHHPPHHPH
12516,HPHHHPHHPPHPHHPPHHHH
12517,HPPPHHPPPHPHHPPPHPHP
12518,HPPPPPHHPPHHHPPHPPHH
12519,HHPHHHPPHHPPPPHPPHHH
12520,HHPPHHHHHHPPHPHHHPHH
12521,HHPHHHPPPHPPPPHPPPPP
12522,PHHPHHPHPPHHPPPHHHPH
12523,HPHHHPHPPPPPPHHHPPPH
12524,PHPHPHHHPHHPHHHPPPPH
12525,HHHPHPHPPHPHHHHPHHHP
12526,PPPPPPPHHPPPPHPHPPHP
12527,PHHPHHPHHHPHPHPPHHHP
12528,HHPHHHHHPPPHPHHHHPHP
12529,HPHPPHPHPPHPPPHPPPHH
12530,HHHPPPPHHHPPHPPPPHHP
12531,HPPPPHHPPHPPHHPHHHHH
12532,HPHPHHPPPPHHPHHPHPPH
12533,PPHPPPHPPPPHHHPPHPPP
12534,PHPHPPHHHPPPPHPPPHPH
12535,HHPPPHHHPPHHHPPHPHHP
12536,HPPHPHPPPHHPPPPPPPHP
12537,HPHHHPHPPPPPHHHPHHHP
12538,PPPHHHPHPPHHPHPHHHHP
12539,PPHHPPHPPHPPPPHPHHPP
12540,HPPHPPHHPHHPHHPHHHHH
12541,HHHPPPPPHPPHHPPHPPHP
12542,HPPPHHPPHHPHHHPHHHHH
12543,HPHHHHPPPPHPHHPPHHPH
12544,HPPHPHPHPHPPPHPPHPHP
12545,PPPHPHPPHHHHPHHHHHPH
12546,PPPHPHHPHPPPPHHPHPPP
12547,HHPHHHPHPHHHHPHPHHHP
12548,PPHPPPPHHHHHHHHHPPPP
12549,PPHHHPHHHPHPPPPHPHHP
12550,HHPPPHHPPHHHHPHHHHPH
12551,PPPPPPHHPPPHHHHHHHHP
12552,HPHHHHHHHPHPHHPHHHPH
12553,PPHPHHHPHHHHPHHPHPPH
12554,PHHPHHHHHHHHHHHHPPPP
12555,PHHPPHHPPHHPPPHHHHPP
12556,HPPPPPPPHPHPPHPHHHHH
12557,HHHHPHPPHPPPHHPHPPHH
12558,HPHHPPPHHHHPHPHHHHPP
12559,PHHHPPPPPPPPPHHPHPHP
12560,PHPPPPHPPHPHHHPHPHHH
12561,PPHPHHPHPHPHPHHHPHHP
12562,HPHHHPPHPHPPPPHPHPHP
12563,PHHHPHPHPHHPPHHPHPHH
12564,HPPPHPHPHPHHPPPHPHHH
12565,HHPPHHPHPPHHPHHPHHPH
12566,HHPHHHPHPHPPHPPHHHPP
12567,HPHHHPPHHHPPPHHPHPPH
12568,PPPPPHPPHHHHHHPHHHPH
12569,PPPPHHHHHHPPPPHPHHPP
12570,HPPHPPPPHPHHPHHPHHPP
12571,HHHHHHHHHPPHHPPPPHHP
12572,PPPPHHHHHPPPPHHHPPPP
12573,PPHHPHHHHHPPHPPPPPHP
12574,HHHHPHHPPPHHHPHPPHPH
12575,PPHPHPPHHHHPHHHHPHPH
12576,HHPPPPPPHHHHHHPPHHHP
12577,PPHHPPHPHHHPPHHHPHHH
12578,HPHHHPPPPPHPHPHPHHHH
12579,PPHPPPPHHHPHPHHHHHPH
12580,PHPPHHHHPPPHHHHHPHHP
12581,PHHHHPPHHHHPPPHPPPPH
12582,PHHHPPHHHHPPHPHHHHPP
12583,HPHPHHHPPHPPHHHHPPHP
12584,HPPPHPPPHPHPHPHPHPHP
12585,HPHHPHPHHPHHHPPPPPPH
12586,HHHPPPHHPHHHPHHHPPHH
12587,HPHHPPPHPPHHPPPPHHHH
12588,PPHPHPPPPPHPHHHPPHHH
12589,HPHHPHHPHPHHHPHPHPPH
12590,PPHHPPPPHPHHPHPPPHPH
12591,HPHPHPPHPHPPHPPPHHPP
12592,HHPHPHPHHHHPPHHPPHPH
12593,HPPHPHPPHHPPPPHHHHPH
12594,PHPHHHPPHHPHHHHPHPHH
12595,PPHHHHHPHPPHPHHHPPHH
12596,HHPPHHHPHPHPHPHHPHPP
12597,HHHHPHPHHPHHHPPHPPHP
12598,HPHPPPPPPPPPHPPHPPHP
12599,PHHHHHHPHHPHPPPPHHHH
12600,PHPPPPPPPPHPHPPPHPHH
12601,HHHHPPHPHPHPHHHPPPPH
12602,PPPHPHPPPHPPPPHPHHPP
12603,HHHHHHHPPPHHHHHPPPPH
12604,HPPHHHPPPHHHPHHPPPPP
12605,HHHPHHHPPHPPPPPHHHHH
12606,HPPPHPHPPHHHPHHHPHHP
12607,HHHHHPPPPPHHPPHHHHPP
12608,PPPHPHHHHPPPPPPHHHPP
12609,PHPPPPHHPPPHPPPPHHPH
12610,HHPHHHHHHPPHPPPPHPHP
12611,PHHPPHHPHPHPPPPHHPPH
12612,HPHHHHPHHHPHPPPHHPHP
12613,HHPPHPPPHPHPHPHPHPPH
12614,PPPHHPHPPHPHPPHHHHPH
12615,HPHPPPPHHHPHPHHHHHPH
12616,PPHHPHPPPHHHPHHHPPPH
12617,HPPHPHPHHHHHHPHPHHHP
12618,HHHHPHHPHHHHPPPPPPHP
12619,HHHHPPPPHHPPHHHPPPPH
12620,HPPHHPHPPHPHPHHHPPHP
12621,PPPPHHPHPPHHPHHPPHPP
12622,HPPPPPHPPPHHPPPHHPPP
12623,HPHPHPHHHPPHHPPPHHHH
12624,HPHHHPHHPHPPPHHHHPPH
12625,HHHPPPPHHPPPPHHHHPHP
12626,HPHHHPHHHPHPHHHHHPHH
12627,PHHPHHHHHHHHPHPPHPHH
12628,HHPHHPHPHHPHPPHHPHHH
12629,HPPHPHPHHPHHPPHHPPHH
12630,PPPPHHPPPPPHHPPPPHPP
12631,PHHPHPPHPHHHPHPPHPPH
12632,HPPHPHHPHPPPHHPHHHHP
12633,HPHHPPPHPHHPPHPPPPPH
12634,PPPHPPPPPHHPHPPHHHHH
12635,PPPPHHHHPPHHHPPPHPPP
12636,HHPHPPHPPHPPPHHPPPPH
12637,HHPHHHPPPHHHPPHPHHHP
12638,PHHHPPHHHPHHHHPPPHPP
12639,HHHPHHPPPHPPPPPHHPPP
12640,PHHHPPPHHPPHPHPHPPHP
12641,PHPPHPHHPPPHPHHPHHPP
12642,PPHPPHPHHHHHHPHHPHHP
12643,PPHPHHPPPPPPPPPPHPPH
12644,HHPPPPHPHHPHPPHPPPPP
12645,PPHHPHPHPPHHPHHHHHPP
12646,HHPHHHPHPHPHPHHHHHHH
12647,PHPHHPPPHPPPPHPPPHHH
12648,HPHPHHHHHHHHHPHHPHPP
12649,PHHHHPHPPPPHPHHHPHHP
12650,HPHHHHPPHHHHPPHHHHPP
12651,HPHPHPHPPPPPPPPPPHPP
12652,HPPHPHHPHHHHPPHPHHHP
12653,PHHPPPPPPHPPPHPHPHHP
12654,HPHPHPPPPHPHPPPPPHPH
12655,HPHPPHHPPPHHHPPHPHPP
12656,PHHPHHPHHPHHHHPHPPHP
12657,PHHPHHHHHPPPHHPPPPHP
12658,PPHHHPPPPPHHPPHPPPHP
12659,PHPPPPHPPHPHHHPPHHPP
12660,HPPPPPHHHPPPHHHHPHPP
12661,PHHHHPPPPHHPHPHPPPPP
12662,PHPHHPHPHPPHHHHPPHHH
12663,HHHPPHPHPHPPHPPHHHPH
12664,HHPHHHPHPHHHHPHHHHPH
12665,HHHPPHHPPHPPPHHPPHHP
12666,HHPHHHHHHHHHPPHHHPHP
12667,PPPHPPHHPPHHPPHPPHPP
12668,HHHHHHPPHHHHPPHPHPHH
12669,HHPHPPPHPPPHHHHHPHHH
12670,HHHHPHHPPPPHHPPPPPPP
12671,HPPHHHHPPPHHPHPHPPPH
12672,PPHHPPPHPPPPHHPHHPHP
12673,PHHPHPPPPPHHPHPPHHPH
12674,PPHPPPHPHPPHPHHPPHPH
12675,PPHHPPPHHPHPPPHPPPPH
12676,PPHPHHPHHPHPPHHPPHPP
12677,HPPHPHHHHPPHHHPPHHHH
12678,PPHHPHHHPPHHHPPHPHPH
12679,PPHHPPHPPHPPHHHHHHPP
12680,PHPHHHPPPHHHHPHHPPHH
12681,PHHHPHPHPPHHHPHHHHHP
12682,PPHPHPPHHHPHHHHHPHHP
12683,HHPPHPHPHPHHPHHHHHHP
12684,PPHPHHPHPPHHHHPHHHHP
12685,HPPHPHHPHHHPPPPPHHPP
12686,HPHPHHPPHPPPHHHHPPHP
12687,PHPHHHHPHPHHPPPHHPHH
12688,HHPPPPPPHPHHPPHPPHPP
12689,PPPHPPHHHHHPPHPHPPPP
12690,HPHPHHPHPPPHPHPPHPPP
12691,HHPPHHPHHPPPHHHHPHPH
12692,PHHHHPHHPPPPPPPHPHPH
12693,PPPPPPPPPPHPPPPHPPHH
12694,PHHPHHPHPPHPHHHPPPPP
12695,PHPPPPHHHHHHHHHPPHPH
12696,HPPHPHPHHPPPHHHHHPPH
12697,HHPHPHHHPHPHHHPPPHPP
12698,HHPPHHHPPPHHHHHPHHPH
12699,PPHPHPPHHPPHHHPHHPPH
12700,HPPPPHHPPHPPPHHHPHHH
12701,PHHPHHPPPPPPPHPHHPPH
12702,PPHHHPHPHPHPHPHPHPPH
12703,PPHPHPHPPHPPPHHPPHPH
12704,HHHHPPHHPPPPPHHPPPPP
12705,HPPPHHHPPPHPHHHPHPPH
12706,HPHHHPPPPPHHHPPPPPPP
12707,PHHPPPPHHPHPPHHPHHHP
12708,PHPHPHHHPPPHHHHHHPHP
12709,HPPHHHPPHPHHHPPHHPHP
12710,PHHPPHPPPHPPHHHHPHPP
12711,HPPHPHPPHHPHHHHHPHHP
12712,PPHHPPHPPHHHPHPPPHHH
12713,HPPHHHPPHPPPPPPHHPHH
12714,PHHPHHHPPHHHHHPPHPPH
12715,PHHPHHPHHPHHHHPPPPPP
12716,PHHHHHPHHPHPPPPPPPPH
12717,PHHHPHPPHPHHPPHHPHPH
12718,HHHPPPHPPPHPHHHPPPHH
12719,HPPPPPHHHPHPPHPPHHPP
12720,HHPPHPPHHPPPHPHHPHPP
12721,PHPPPHHPHPHHPHPHPHHH
12722,PPHPPPPHHHHPHPHPHPHH
12723,PHPPHPPPPHHHHPPPHHHH
12724,HPPHPPHHPHHHPHPPPHPP
12725,PPHHHPHHHPPHPPHPPPPH
12726,HPPPHHHPHPHPHHHHHHHH
12727,HPHHHHHHPPHHPHPPHPHP
12728,HHPHPHPPHPHHPHPPHPHP
12729,PHHPHHPPPHHPPPPHHPHP
12730,HPPPHHHPHHPHPPPHPHPP
12731,HHPHHPHHPPPPPHHHPPPP
12732,PPHHPHHPPPHHHPPHHHPH
12733,HHHPHPHHHHHPHHHPPPHP
12734,HHHPPHPHPHHPHHPPPHPP
12735,HPHHHHHHHPPHHPHHHHPP
12736,HHPPPPPHHHPHPHHHHPPP
12737,PPHPHHPPHHHPPPHHHHHP
12738,PHPHHHPHHPHHHPPPPHPP
12739,PHHPPHHPHPPHHHHHHPHP
12740,HPPHPHPPHHPPHHHHHPPH
12741,PPHPPHPHPPHHPHPHPPHH
12742,PPHHHHPPHHHPPPHPHPPP
12743,HPHPPPPHPPHPHPPHHPPP
12744,HHPPPHHHPPHPHPPPPPPH
12745,HHHHHPHHPPHPHHPHHPPH
12746,PHHHPPPHHHPPPPHHHPHH
12747,PHHHPPPPHPHPPPHPHPPH
12748,HPHPHPPPPPPHHHPPPPPH
12749,HHPPPPHHPPPPHPHPPHHH
12750,PPHPHPPHPHHPHPHHPHPP
12751,PPHHPHHHHHHHPHPPHPPH
12752,PPHHHPPPHHPHHPHPHHHP
12753,PPHPPHPPHPPHHPHPPPPP
12754,HHPPPPPHHPHPPPHPPPHP
12755,HHHHPHHPHPHHPPHHPHHH
12756,HPHPHPPHPPPPPPPHHPPP
12757,HHHHHPPHHHPPHPPPHPPH
12758,HHHHHHPPPHPHPHPHPPPP
12759,HHPPHHPHPPPPPPPPPHPH
12760,HHPPHPPHPHHPPPHHHPHP
12761,HPPPPHHPPPPHHHPPPHPP
12762,PHPPPPHPHPPHPPPPPPHP
12763,HPHPPPPPHHPPPHPPHPPH
12764,HHPHPHHHPPPPHPHPHHHH
12765,PPHPHPHHHPPPPHHPPPPH
12766,HPHHHPPHPHHHHPPHHHPP
12767,HHHPPPHPHHPPHHPPPPHP
12768,HHHPHPHHPHPPPHHHPHHH
12769,HHHPHHHPPPHHHHHPHPPP
12770,HPPHHPHHPHHPHPPHPPHH
12771,HHPPPHPPHPPHPHHHHHHH
12772,PHPPHHHPHPPPHHPHHPHP
12773,HHHPHPHPPPPHPPPHPPHH
12774,PHHPPHHPHPHPHPHHPHPP
12775,HPPHHPPHHPPHPHHPHHPH
12776,PHHPPPHPHPHHHPPPHPPH
12777,PHHHHHPPHHHHPHHPHHPP
12778,HHPHPPPPHPPPPHPHPPPP
12779,HHPHHHHHPPHHPHHHHHPH
12780,HPPPHPHHHHHHHHPPPHPH
12781,HHHPHPPHHPHHHHPPPPHP
12782,HPHHHHHPPHPHPHHHPHHH
12783,PPHPPPPHHPPPHHPHHHPP
12784,HHPPPHPPHPHHPPPHPHPP
12785,HHHPHPPPHHPHHPPHPHPP
12786,HHHHPHPPPPPHPPPPPPHP
12787,PPHHPHPPPPPHHHPPHPPH
12788,HPPHHHHPHHPPPHHPPHPH
12789,HPPHHPPPPPPPPPHHHHPH
12790,HPHHPHPHPHHHHPHPHHPH
12791,HPPHHHHPHPHPHPPHPHHP
12792,PHPHPPHHPPHHHHPHPPPH
12793,PPHHPHPPPHHPHPHHPPPH
12794,HPHHPHHHPPPHPPHHPPHH
12795,PHPHHHPPPHHHPPHHPHHH
12796,HPHHPPPPPPPPPPPPHPHH
12797,HPPPPPHPHPPHHHHHPPPP
12798,HHPHPHHPHPHPHHPHHHHP
12799,PHPHPHPHPPPHPHHHPHPH
12800,PPHPHHHHHPPPHHPPHHPP
12801,HHPHHPHPHPHPPHPHHHHH
12802,HHPPPPPHPHPPHHPPHHHH
12803,HHHPHPPHHPHHPHHHHHPP
12804,HPPPHPHHHHHHHPPPHPPH
12805,PHHHPHHHHPPHHHHHHPPH
12806,HPPPHPPHHPHHPPPHHHPP
12807,PPHPPHHPHHHHHPPHHPHP
12808,HHHHPPHHPPPHHPHPPPHH
12809,HPHHHHHPHPPHHPHHHHHH
12810,PPHPPPHHHPPHPPPPHHHP
12811,HPHHHHHHHPPPPPHPPHHP
12812,PHPPPPPPPPPPHPPPHPHH
12813,HHPPHPPPHPHHPPPPHPHP
12814,PHPPPHPPPHPPPPPPHHPP
12815,PHHHHPPHPPHPHHPHPPPH
12816,PHHHHPPHHPPPHPHPHHHH
12817,PHHPPPPHHPPPPPPHHHPH
12818,PHPHHPPHHPHPPHHHHHHH
12819,HPHHPPPPPPHHPPPPPHHH
12820,PHHHPHPHHPPHHHPHPPHP
12821,HHPHHHPPHPHHHPHPPHPP
12822,HPPPHPHHPHPHPHHPPPPH
12823,PPHPPHHHHPPHHHHHPHHP
12824,HPPPHPPPPPHPHHHHHPHP
12825,HHHHPHPPHHHPPPPHHPHP
12826,PPPHHPPHPHPHHHPPPPPP
12827,HHPHHHPHPPHHHPPPHHPP
12828,HPHHPHHHPHHHHPPHPPPH
12829,PHHHHPPHPHPHHPPPHPHP
12830,HHHPPPHHHHPPPPHPPPHP
12831,HPPHHPPPHHHHHHHHPHPP
12832,PHHHHPPPPHPHPHHHPPHP
12833,PHHHHPHHHPHPHPPHHHPH
12834,PHPPPPPPPPHHPHHHHPPH
12835,PHPPHHPHPPHPPPPHPPHH
12836,PPPHPHHHPHPHPHHHPPPH
12837,PHPHHPHHHPHPHPPPHPPP
12838,PPHHHPHPPHHPHHHHHPPH
12839,PPHPHPPPHPPPHPHPPHPP
12840,PPHPPPHPHPPPPHPPPPPP
12841,PPHHPHHPPHPPPPHPPPPP
12842,HPHPPHHHPHPHPPHPPPPP
12843,HHHHHHPHHPHPPHPHHPPH
12844,HHHPHPPPPHHHPHPPPHPH
12845,HHPHHHHHPHHPHHHPHHPH
12846,HHHPPPPHPHHHHHPHHHPH
12847,PPPHPPHHPHPPPPHHPHHH
12848,HPPHHHHPPHHHHPHPHPPH
12849,PHPHHHPPPPPHPPHHPPPP
12850,PHPHHPPPPHPPHHPPHPPP
12851,PPHPPPHPPPPHPHPPHPHH
12852,HPHHHHPPHPPPPPPPHHPP
12853,PPHPHHPHPPPPHHHPHHPH
12854,PPHHPPHPHPHHHHPHPPPH
12855,PHPPHHPPHHPPPPHHPHPH
12856,HHPHHHPPPHHPHHHPHHHH
12857,HHPPPHPPPHPPPHPPHPPP
12858,HHHHHHHPPPHHPHHHHHHP
12859,HHPPPHPHPPHPPPPHHPPP
12860,HPHPHPPPHPPPPHHHHPPH
12861,PHHHPHPPHPPPHPPPHHHP
12862,HHPPHPHHHPPPPPPHHPHH
12863,PPHHHPPPPHHPPHPPPPPH
12864,HHHHHPPPPHPPHPPPPHHP
12865,PHPPHHHHPPPPPPHHHPHH
12866,PPHPPHHHHHHHPHPPPHHH
12867,HPPPPHHHHHPPPPHPHPHH
12868,PHHPHHHPPPHHHPPHPHPH
12869,PHHPHHHPPPPPPPHHHPHP
12870,PHPHPHPHPHPPHHHHHPPP
12871,HHPPHHHPPPPHHHHHPPHH
12872,PPPPHHHHHHPPPHHHHHPH
12873,HPHHHHPHPPHPHPPHPPPP
12874,PHPPPHPHPPPPPPPPHPHH
12875,PHHHHPHHPPPPHPPHHPPP
12876,HPHHHHHHHHPPHPPHPHHH
12877,HHPHPPPPPPHPPPPHPHHH
12878,PHHHPPPPPPHPHPHHPHPH
12879,PPPPPHPHHHPPPHPPPHHP
12880,HHPHPHHHHPPHHPHHPHPH
12881,HHHHHHPHHPHPHHPPHPPH
12882,HHPPPPPHPHHHPPPPHPHP
12883,PHHPPHPPPHPPPHHHHHHH
12884,HPHPHPHHHPHHHHPPHHHP
12885,PPHHHHHPPHPHPHHPPPPP
12886,PPPPHPPPPPHPHPHPPPPH
12887,HHPHHHPHPHHHPHHPHHPH
12888,HPHHHHHPPPPPHHPPPPPP
12889,HPPHHHPPHHPHHPPPPPPP
12890,HHHPHPPHPPPPHPPHPHPH
12891,PHPHHHPHHPPPHHHHPPHP
12892,PPPPHPHHHHHPPPPHHPPP
12893,PPPPPPPHPPPPHPPHHPPP
12894,HPHPPPHPHHHPPHHHHHPP
12895,PHHHPPHPPHHHPPHPPPHH
12896,PHPHPHPPHHHHPPPPPHHP
12897,HPPPHHHHHPHPPPPPHPHH
12898,PHHHPPPHPHPHHHHPPPHH
12899,PHPHPPHPPHHPPHPPHHPH
12900,HPHHPPPHHPPPPHHHPHHH
12901,PPPHPHHPPPHHPHHPPHPP
12902,HPHHPPPPHHPHHPHPHPPP
12903,HPHPPPHHHHPHPPPHPHHH
12904,PHPPHPHHHPPHHHPHPPPP
12905,PPPHPHHHPPHPPHHHHPPH
12906,HPHPPPPHHHPHHPHHPHPH
12907,HHPPPPHHHHHHPPPPHHHH
12908,HPPPHPPPHPHPPHHPHHPP
12909,PPHPPHPHHPHPHPHPHPPH
12910,HPHHHPHHPHHPPHPPHPPH
12911,PHPPPPPPPPPHHPPHHPPH
12912,PPHPHPPPPHPPHPPHHHPP
12913,PPPPPPHHPPHHHHPHPHPP
12914,PHHHPPPPHHPPPHPHPHHH
12915,PHHPPPPPHHPHPHPPHHPP
12916,PPHPPPHHPHPHHHPPHHPH
12917,HPHHPPPPHHPHPPHPPHPH
12918,PHPPPHHHPHHHHHHPPHHP
12919,HHHHHPHPPHPPPPHHPHHP
12920,PPHHHHHHPHHPHHHPPHPP
12921,HPHHHHPPPHPPPHPHPPPP
12922,HHHPHHHHHPHHPPHHPPHH
12923,PPPPHHPHHPPHHHPHHHHP
12924,HHHHHPHHHHPPPPHHPPPH
12925,PHHHPHHHHHHPPPPPHHHH
12926,HPPHPPHHHPPHHHHPHPPP
12927,HPHPHPHPPPHPHHPHHHHP
12928,HPHHPHPHHHHHPHPPHHPH
12929,PHHHHPHHHPHHPHPHHHHH
12930,PHPPHPPHPHPHHPHPHHPH
12931,HHHPPHHHHPHHPHHHPHHH
12932,HPPHHPHHHHHPHHHHPHPH
12933,PPPHPHHPPPHPPPHPPPHP
12934,HHHPPPPPHHPPPPHHPPPP
12935,PPHHPPHPHPPHHPHPHHPP
12936,HHPPHPHHPPHPHPPHPPPP
12937,HHHPPPPHHHPHHHPHHPPP
12938,PHHPHHPHHHHHHPHHPPPH
12939,PHPHPHHHPPPPPHHPPHPP
12940,PHHHHHPHPPHHPPHHHPPP
12941,HHPPPPPHPPPHHPHPHHHH
12942,PPPPHHPPPHHPPPHPHHPH
12943,PHPPHHHPHHPPHHHHHPPP
12944,PPHPHPPHPHHPPHPHHPHH
12945,PHPHHHHHHPHHPHHPHHPH
12946,HPPPHPPPPPHPPPPHHPPH
12947,HHHPPPPHHPHHPPHPPHPH
12948,HPHHHPPPPPPPPPPHHPPH
12949,HHPHHHPHHHPHPHPPHPHH
12950,HPHHPPPPPPHPPHPHHHHH
12951,PHPHPPPHPPPPHPPHHHPP
12952,PHPHPPPHPPPHHPPPHPPH
12953,HHHHPHHHHPPPHPHHPPPP
12954,HHHHPPHHPPHPHPHPPPHP
12955,HPHPPHHPHPPHHPHHPPHP
12956,HHHHPPPHHPHHPHHPPHHP
12957,PPHPHPHPHHPPPHPPHPPH
12958,PHHHPHHPPPPPHPHHHPHH
12959,PPHPPHHHHHHHPPPHHHPP
12960,HPPHPPHHHPPHPHPPHHHH
12961,PPPHPHPHHHHPHPPHHPHH
12962,HHHPHHPHHHHHPPHPHPPH
12963,PHHPPPPPPHHPPHPPHPPH
12964,PHHHPPHPPPHHHHPHPPPH
12965,HPHHPHPPPHPHPHHHPPPH
12966,PHHPPPPPHPPPHPPPHPHH
12967,HHPPPHHHPPPHPHHHPPPP
12968,PPHPPPPPHHPPHPHPPHHH
12969,PHHHPPPPHHPPHHHPPHHP
12970,HHHPPPPPHPHPPHHHPHPH
12971,HPPHPHHHPHPHPHPHHPPH
12972,HPHPHHHHHHPPHPHPPHHP
12973,PHHPHPPPHPHPHPPHHPPP
12974,PHPHHPHPPHPHHHPPHHHH
12975,HPHPPHHPPHHPHHPHHHPH
12976,HPPHPHPPHPPHPPHPPHPH
12977,HHPPPPHHPPHPPHPPPHPH
12978,HPPHPHHPPPHPPPHHHHPP
12979,PHHPHPHHPHPHPHHPHPHP
12980,HPHPHPPHPHPPPPHPPPHP
12981,PPPHHHPHPPPHPHHPPPHP
12982,PHPHHHHHPHPHPPPHPPPH
12983,HPHHHPHPHPPPPPPHPHHH
12984,PPPHHHHHHHPPPPPHHHHP
12985,HPHHPHHHPPPPPHHHHPHH
12986,PHPHPPPHPHHHPPPHPHHP
12987,HPPHPPHPHPHHHPPHPHPH
12988,HPPHPHPHHPPHHHHHPHHP
12989,HHHPHHHHPPPHPPHPPHHH
12990,HPHHPHPHHPHHPPPHPPHP
12991,HPHPHHPHHHHPPPHHPPPP
12992,HHPPPPHHHPPHHPPPPPPP
12993,HPPPPHPHHHPHPHHPHPHP
12994,PHPHHHPPHPPPHHPHPHPH
12995,PHPHPPPPPPHPPPPHPPHP
12996,HHHPPHHPHHHHHPHHPHPP
12997,HHHPPHHPHHPHPPPPPHHH
12998,PPHHPHHPPPHPPHHPHPPH
12999,PPHPHPPPPHPPHHHPPHPH
13000,PPHHPPPHPHPPPHPHHPHH
13001,PPHPPHPPPPHHPHPPHHPH
13002,PPHPHPHPPHHPHPPHPHHH
13003,HHHPHHHHHPPPHPPHHPPH
13004,HHPPPPHHPPHPPPHHHHPP
13005,HPHHPPHPPPPPHPPHPPPH
13006,HPPHHPHHPPHHPPPHPPPP
13007,HPPHHHHHPPHPHHPPPPPH
13008,PPHPHPHPPPHHHHHHPPHP
13009,HHHHPPPHHHHHHHPHHHHH
13010,PPHHPPPHHHHPPHHHPHPH
13011,PPHPHPPHHPPPHHHPPPHH
13012,PPHHPPPHPHPPPHHHHHHP
13013,HPHHPHPHHPPHHPPPPHHP
13014,PPPPHHPPPPHHPHHPHPHH
13015,PPHHHHPPPPPPHPHHHHPH
13016,HHPPHHHHHHHPHHHHHPPP
13017,PHHPPHPHPPPPHHPHHPPP
13018,HHPHPPPHHPPHHHHPHPHP
13019,HPPPPHHHHHPPHHPHPHHH
13020,HHHPPPHHHHHPHPHPPHPH
13021,HHPPHPPPHPHPPHPHPPHP
13022,HHHHPHPPHHPPPPHHHPHP
13023,PHPPPPHPPHPHHPHPHHPP
13024,PPHPHPHHHHPPHPHHPPHH
13025,PPPHHPHHHHHPHPHHHHPP
13026,HHPPHPPPPPHPPPHHHPPP
13027,PHPHPHPPPHHHPPPHHPHP
13028,HHPHHHHPPHPPPHPPPHPH
13029,PPPPHHHPPPHHHHPPPPHH
13030,HPPPHHHPHHHHHHHPHPPP
13031,HHPPHHHPPHHPPHHPHHHP
13032,HPPPPHHHHHHHPHPHPPPP
13033,HHPHPHPPHHPHHHHPPPPH
13034,PPPHHPPPPPHPHPPHPHPP
13035,HPPPPPPPHPHHHPHHHPHH
13036,HHPHPHPPPPPHHPPPPPHH
13037,HHPPPPHHPPPPHPHHPHPP
13038,HPHPPPPPHPPPPPHHHHPP
13039,HPPPPPHPHPPPHHPHHPHP
13040,HHPPHHHPPPHPHHPHPHPP
13041,HHPHHHHHPPPPHHPHPPHH
13042,PPPPPHHHHHPPHPPHHHPP
13043,PHHPHPHHHHPPHPPHPPPH
13044,HHHPHPPPHHPPHPPHHHHH
13045,PPHHHPPPHPPPHPPHHPHH
13046,PPHHHHHPHHPPHPPPPHPP
13047,PHPHHHHHPHPHHHHHPHHP
13048,HPPHPPPPHPHPHHHHHPHP
13049,PPPHPPPPHPHPPPHPPPPH
13050,PHHHHPHHPPHHHHHPHPPH
13051,HHPHHPPPPPPHPHPHPHHH
13052,PHHHPPHHPPPPHHPPHHHH
13053,HHHPPHHHPPHPHHPHHPHP
13054,PHHHHHHPPPPHPPPPHHHP
13055,PHPPPHHPHHPHPHHPHHHP
13056,HPPPHPHPPPPPHPPPPPHH
13057,PHPHPHPHPPPHPHHPPPHP
13058,HPHPHPHHPPHPPHPHHHPH
13059,PHPPHPHPHHPHPHPPPPPP
13060,HHPHPPPPPHPHPHHHHHHH
13061,PPHHPHPHHPPPHPPPPHHH
13062,HPHHPHHPPHHPPPHPPPHP
13063,PHHHPPHPHHPHPHPPPHHP
13064,PHPHPPHPHHPHPHHHHPHP
13065,PPPPPPPHPHPHHPPHPPHH
13066,PHHPPPHHHHHHPPPPHHHH
13067,HHHHPHPHPHHHPPHHHPPH
13068,PPHPPPPHPHHHHHHHHPHH
13069,HHHPHPHHPHPPHHHPPPHH
13070,PPPHHPHPPPHHHPPPHPHP
13071,HPHHPPPHHPPPPHPPPPPH
13072,HHPPPPHPPHPPPHPPPPPP
13073,PPPPHHPPHHPPPPHHPHHH
13074,PHPPPHPHPPHHHHHHPHHP
13075,PPPHPHPHHPHPHPPHHPHP
13076,PHHPPPPPPHHPHPHPPHHP
13077,PHHHPPHHPPPHHPPHPHPP
13078,HHPPPHHHPPHHHHPHPHHH
13079,PHHPHHPPPPPPPPPPPHHH
13080,HHHHHPPPHHPHPPPHPHHH
13081,HPPHPHHHHHHPHPPPPHPP
13082,HPHHHHPHPHPHHPPPPPPP
13083,PPHHPPHPHHPHPHPPHHPP
13084,PPHPHHPPPHPHPHHPPHPH
13085,PHHHPPHPHPPPHHPHPHPH
13086,HPPHPHHHHHHPHHPPPHHP
13087,PPPHHPHPPPPHPPHPHPPH
13088,HPPPPPHPPPPPPHPHHPPP
13089,HHHHHPHHPHHPHPPPHHHP
13090,PPPHHPPHHHPPHPPHPHPH
13091,PHPHHPPHHHPHPPPHHPHP
13092,PPPHHHPHHPPHHHPPPHHH
13093,PHPHHHHPHPPPHHPPHHHH
13094,PHPHHHPHHPHHHHPPHPHH
13095,PPHPHHPPHHPHHHPPPHHH
13096,PPPPHPPHHPPHHHHHHHHH
13097,HPPPPPHPHHHPPPHHHHHH
13098,HHHPHPPPHHHPHPPHPHPH
13099,PPPPPPHPHHHHHPHPHPHH
13100,HPHPPPPHPHHHHHHHHHHH
13101,PPHPHHHHHHHPPPPHHHPH
13102,PHPPPPPHPPPHHHHHHHPH
13103,PHHPHHPPHPPPHPHPPHPH
13104,PHPPHPPPHPHPPPPPHHPP
13105,PHHPPHHPPHPPPPHPPHHH
13106,PPHHPPHHHHHHPPHHPHPH
13107,PHPHHHHHPPHHHPHHHHPH
13108,PPPPHHHHHHHPHPPHHPHP
13109,HPPPHPHHPPHHHPHPHPHP
13110,PHHHPHPPPHHHPHPPHPPH
13111,PPPPHPPPHHPPPHHHPPPP
13112,HHPHHHPHPPHHHHPPPPPP
13113,PPPHHPPPPHPPHHPHPHHH
13114,PPPHPPPHPHHPHPPPPHPH
13115,PHHHHPPHPHPHPPPHHPHP
13116,HPHHHPHHPHHPHPPHHHPH
13117,PHPHHHPHPHPPPHPHHPHP
13118,PHPPHPHPHPPPHPPPHPPP
13119,PPHPPHPPPPHPHPHHPPHP
13120,PPHHPPPPHHHPHPHHHHPP
13121,PHHHHHHHHHHHHHHPPHHH
13122,HHPHHHPHPHHHHPHPHHPP
13123,PHPHHHHHPPPPPPPHPPHH
13124,HHPPHPHHPHHHPPHPPPHH
13125,HHPHHPHHHHPPHPHHHPHH
13126,PPPPPPHPPPPPHHHHPPHP
13127,HHHPPHHHPPHPPPHHHHHP
13128,PHPHPPHPPHHHHPPHHPPP
13129,HHHPHHHPHHHPHHPHPPPH
13130,HHHPHHHHHPPPPHPHPHHH
13131,PPHHPPPPHHHHPPHHPHHH
13132,PHHHHHPHHHPHPHPPPHHH
13133,PPHPHHPHHPPHPHPHPHPH
13134,PHHHPPPHPPPPPHHHHPHP
13135,HHPHPPHHPHHHHHPHPPHP
13136,PHPPHHPHHHHHHPHPHHPH
13137,PHHHHPPPHPPHHHHPPHHH
13138,PHHPHPPHPHPHPPHPPPPP
13139,PHHHPHHHPPHPHHHHPPHP
13140,PHPPHPPPPPPPPPHPPPHH
13141,HHHPPPPHHPHPPPHHPPPH
13142,PHPHPPHPPHHHPPPHHHPH
13143,PHPHHPHHHHHHHPPHPHPP
13144,PPHHPPHPHPHPPPHPHPHH
13145,PPPHPPPPPHHHHHHPPHPP
13146,HHPHHHHHPHPHPHHPHHPP
13147,PPHPHPPPPPPHPHHPPPHP
13148,PHHPPHPPPPHHHHHPHPPH
13149,PPPPPHHPPHHPPPPHHPPP
13150,HPHHPHPPPPPPHPHPHHHH
13151,HHHPHPPPHHHHPHHHPPHH
13152,PHPHPPPPPHHHPPHPHHPH
13153,HHPHHPHPHPPPHPPPHPPP
13154,HHHPHPPHPPHHHHHPHPHH
13155,PPPPHHPPPPPHPPPHHPPP
13156,PPHHPPPHHPPPPPHPHPHP
13157,PHHHHHHHPHPPHHHPHPPH
13158,HPPHHHHHHPPHPHHHPHHP
13159,PHPPPHHHHHHHHPHHHHPH
13160,HPHHPPPPPPHHHHPHHHHH
13161,HPHPHPHHHPHPHHPPHPPP
13162,HPPPPPPHPHHPPHPPHPHP
13163,PPHHPHPPPPPPPHHPHHPP
13164,HHPHHHHPHPPHHHHPPHPH
13165,HHPHHPHHPHPPHPPPPPPH
13166,PPPHPPPPPPHHPHHPHPHP
13167,PPHPPPPHPHHHPHHPPHPH
13168,PHPHPPPPPHPPPHPHPHPP
13169,HPPHHPHPHPHHPHHHHHHH
13170,HHHPPPHPHHPHHPPHPHHH
13171,HPHHHPPHHPPPHHPHPPPH
13172,PHPPHPPHHPPHPHPHPPPH
13173,PHHHHHHPHPPPHPPPHPHH
13174,HPHPPHPHHPPHHPHPHHPP
13175,HHHPHHPHHHPPPHHHHHPH
13176,PHPHPPHPHHHPHPHPHHPH
13177,HPHHHHHPPPHHHPPHPPHP
13178,PHPPPPHHPPHHPPHPHPHP
13179,HHHHPHHPPPHHPPPPHHHP
13180,PPPPPHHPPHHPHPHHPHHP
13181,PPHPHPPPPPPHPPHPHHPP
13182,HPHPPPPPHHPPHHPHPHPH
13183,PHHHHPHHPHPHPHPHHPPP
13184,HPPHHHHPPPHPHHPPHPPP
13185,PPHPHPPHPPPPPHHPPHHP
13186,PPHPHPPHPHHHHPPHHHHH
13187,PHPHHPPPPHPHPPHPHPPH
13188,PPPPPHPHPPPPPHHHPPPP
13189,HPHPHPHHHHPHHHPHHHHH
13190,HPHHHPHPHPHPPHPHHHHP
13191,HHHHPPHPHHHPPPHHPPHH
13192,HHHPPHHHHHHPPHHPPPPH
13193,HPPPHHHPHHHHPPHHHHHP
13194,HPPPPHPPPHHHPHPHPHPP
13195,HPHHPPPPPPPPHHHHHPHP
13196,HPHHHHPPPHHHPHHPHPHP
13197,PPHHPPHPHPPPPPPHHPPH
13198,HPPHPPPPPHPPPPPPHHPP
13199,PPHHPHPHHHHHHPPHHHPP
13200,PHHPHPHPPPHPHPHPPPHP
13201,HHPHPPPHPPPPPPPPPHPH
13202,PPHHHHPHPHPPPPHHHHHH
13203,HPHPHHHPHPHHPPHHPHPP
13204,HPPPHPHPHPPPHHPHPHPH
13205,HHHPHHHHHPHHPHPHPPHP
13206,PPPHHPPHHPPPPHPHPHPH
13207,HPPPHHHHHPHPPHPPPPPP
13208,PHHHHHHHHPHHPPPHHHHP
13209,HHPPPPPHHHHHPPPPHHPH
13210,HHPHPHHHPPHHHHPHHPPP
13211,HPPPPHPHPHHHPHHHPPHP
13212,HPPPPPPHHHPHHPPHPPHH
13213,HHPHPPPPPHPHHHHHHPPH
13214,PHPPHPHPPPPPHHPPPPHH
13215,HHPHPHPHHPHPHHHPHPHH
13216,PHPHHPHPPPHPHHPPPHPH
13217,PPHHHPPHPPHHHPPPPHPP
13218,HHPPPHHPPPPPHPPHPHPH
13219,PHPPPPPPHPHHPPHHPHHP
13220,HPHHPPPPHPHPPPHPPPHH
13221,HPPHHPHHHHPPPHPHHHPP
13222,HHHPPPHPPPPPPPPPPHHH
13223,PHHHHHPHPPPHPPHPHHPP
13224,HPPPPPPHPPPPPHPPPPPP
13225,HHHPHHHPPHPHHHHPHHHH
13226,HHPPPHPPHHHPPPPHPHHH
13227,HPPHPHHPHHHHHPHPHPPH
13228,HHHPHHPHHHPHHPHHHPPP
13229,PHHPHPHPPHHPPHHHPPHP
13230,PHPHHPPPHPPHHHPHPHHH
13231,PPPPHHPHPPHHPHPPPPPH
13232,PHHPHPPPPPPHPPHPPPHP
13233,PPPHPHHHPPHPHPPPPHHH
13234,HHHHHHHHPPHHHHHHPHHP
13235,PHHHHHHHHHPPHPPHHHHP
13236,PHHPPPPHPPHPPHHPHHHP
13237,PPPPHPPHPHHHHHPHPPPH
13238,HPPPHHHPHHPPPPHHHPHH
13239,PPHHPHHPPPPHHPPHPHPP
13240,HHPPHPHPHHHHHPHHHPHP
13241,PHPPPPHHHPPHHHHPHHHH
13242,PHPPPPPHPHPPPPHHPHHP
13243,PHHPHPHPHPHPHPHPPPPH
13244,PHHPHHPHHHHHHPHPPHHP
13245,HPPHPHPHPPPPPHPPHPPP
13246,PHHPHPPPPPHHHPPPPHPH
13247,HPPHHPHPHPHHPHPHHHHH
13248,HHPHPPPHPPHHPPPHPHHH
13249,PPPPHPHPHPHPHPHHPHPH
13250,PPPPHPPHHHPPHPPPPPPH
13251,PHPPHHPPHPHPHHHHHHPP
13252,PPPPHPPHHPHPPHHHHHHH
13253,HHHHPHPHPPHPPHHHPPHP
13254,PPHHHPHPPPHHHPPHPHPP
13255,HPPPPPPPPHPHHPHHPHHH
13256,HHPHHHHHPHPPPHPHHPPH
13257,PPPHHPPPPPHPHPHPPPHH
13258,PPPHHHHHHPPHHPPPPPPP
13259,PHPPPHPHHPPPPPHPHPHP
13260,HHHPHHPHHPPPHPPPPHHH
13261,HPPPHPPPHHHPHPHPHPHP
13262,HPHPHHPHHPPHPHHHHHHH
13263,PPHPPHPPPPPHPPPPPHHH
13264,PPPHHPPPHHPPPPPHHHHP
13265,HHPPHPHPPPPPPHHPPHHP
13266,PPHHPHPHPHPHPHHPHHPH
13267,PHHPPHPHPHPPHPHPHPHH
13268,HPPHHHPPPHHHPPPHPHPP
13269,PPPHPHHHPPPHPPPHPHPP
13270,PPHPHPHHPHHHHHPPPPPP
13271,PHHPHHPPPPHPHPPPHHHP
13272,PHHPHHHHPHHPPHHHHHPP
13273,HPHPHPPPPHPHPHHPHHHP
13274,PPPHHHHHPPPHHPHPHHHH
13275,HPHHHHHPPHPPPPPHPHPP
13276,PHHPPHPPPPHHPPHPPHPH
13277,HHPHPHHPHPHHPPHPHPHP
13278,PHHPHHHPPPHPHHPHHPPP
13279,HPHHHHPPPPPPHHPHPPPH
13280,HPHHHPPHPHPPPPPPHPHP
13281,HHPHHHPHPPHPHPPPPHHH
13282,HPPHHHHHPHHPPPHHPPPH
13283,HPPHHPHHHHPPHHHPHHPH
13284,PPHHHHHPPHHPPPHHHPHP
13285,PHHHHHHHHHPPPHPPHHPP
13286,HPHPHPPPPPPHHHHPPPPH
13287,HPHHPPHPHPPHPPPHPHPP
13288,PPPPHHHHHHHPHPPPPPHH
13289,HHHHHPHPHPHHPHHHHHHP
13290,PHHPHPPHHPHPHHHPPHPH
13291,HPPPHPPPHHHPPHHPHHHH
13292,HPPPPPPPHPHPHPHHPHHP
13293,PHPHPHPPPHHHHPPHHPPH
13294,HPHHPHPPPHHPHPPHPHPP
13295,PPHPHHHPPPHPHHPPHPHP
13296,HHPHPHHHPPHPHHHHHHHH
13297,HHHHPHPPPPHHHHPPPPPH
13298,HPHPPHPHHHPHHHHHHPHP
13299,HPHHPHPHHPPPHPHHPPHP
13300,PHHHHHHPHHPPPPHHPPPH
13301,PHHPPHHPHHPPHHHPPPPP
13302,PHHHPPPPPPPHPHPHPPHP
13303,PPPPPPPHHPPPHHPPPHPH
13304,HHHPHHPHPPPPHHPHPPHH
13305,PPHHPPHPPHPHPPHHHPHP
13306,PHHHPHPHHPPHPHPHPHHH
13307,PPHHHHHHPPPHHPPPHHPP
13308,HPPPHHPPPPPPPHPPPHHH
13309,HHHHPPPHPHHPPPHHHPPH
13310,HPPPPPPHPPHPPPPPPHPH
13311,HPHHHPHHPHPHPHHHPPHP
13312,PPHPHPHPPHHHHHPHPHHP
13313,HHPPHHPPHPPHPHHPHHPH
13314,PPPHPHPPHHHPPPPPPHPH
13315,HHHHHPHHHHHHHPPPPHPP
13316,PPHPPHHPPPPPPHPPHHPP
13317,HPPHHHHPPHHHHHPHHPHH
13318,HHPPHHPPPPHPPHPPHHPP
13319,HPPPHHPHHHPPHHHPHHHH
13320,PPPPPHHPPHHHPPPPPPHH
13321,HHPPHHPPHHHPPPHPHPPP
13322,PHHPPPHHHHPHHPHHPPPH
13323,HPHHHHHPHPPHHHHHPHPH
13324,PHHHHHHPPHPPPHPPPHPP
13325,HPHHPHPHHHPHPHPPPHHH
13326,PHHPHHHHHPHPHPPHHPPP
13327,PPPHPPPPPHHPPPPPHHHH
13328,HPHHHPPHHHHPHPHPPPHP
13329,PPPHPPPPPHPHPPHHHPHP
13330,PPPPHHPHPHHHPPHPHPHH
13331,HPPHPHHHPPPHPHPPHPHH
13332,HHHHPPPHPPPPPHHPPPHH
13333,PPPHPPHPPHHHHPHPPPHH
13334,HPPHHHHPPHHHHHHHHPHP
13335,HPHPPPPPHPPHHHPHHHHH
13336,HPHHHHHPPPHHPHHHHHPP
13337,HHPPPHHHHHHHPPPHHHPP
13338,PHPHPPHPPHPHPPPHHHHP
13339,PPPHHPHHPPPHHPHHPHPP
13340,PHHPPPPHHPHPPPHHPHPH
13341,PHPHHPHHHHPPHHPPPHHH
13342,PPPPPHPHHHHPHHPHHPHH
13343,HHHPHHPPPPHPHPHHPHHH
13344,PPPPHPHPHHPHPPHHHHPH
13345,PHHPPPHPPHPHPHHPHHHH
13346,PHHPHPPPPPPPPPPHPPHP
13347,HPHPPPHHPHPHHPHHHHHH
13348,HHPHHPHPPPHHPPHHPPHP
13349,HPPHPPPPHPPHPHHHPHPP
13350,PHPHHPPPPHPPHPHHHPHP
13351,PPHHHHPHHHPHHPHHPHHH
13352,HHPPPHPPPHHPHPHHHPHP
13353,PHHHPPPHPHHHPHHHHHHH
13354,PPPHPPHHPPHPPPHHHPHP
13355,PHPHPHHHPPHPPPHHPHPP
13356,HHHPHHPPPHHPHPPHPHPP
13357,PHPPPHHPHHPHPHHPHHPH
13358,PPHHHHPHHHHPHPPPPPHH
13359,HPPPPPHPPHPHPHPHPPPP
13360,PPHHHPHPPPHPHPPPPHHH
13361,HPHPHHPPHPHPPHHHPHPH
13362,HHHHPHHPPHHHPHPHPPHP
13363,HHHPPPHPPPHPHHHHPPHH
13364,HHHPHHPPPPPHPPPPHHHH
13365,PPPHPPHHHHPHPPPPHPHP
13366,PPHPHPHHHHHHPHHPPPHP
13367,PHPPHHPPPHHPHHHPHPHH
13368,PPHPPHHHHPHPHHHHPPHH
13369,HPPHPPHPHHPHHHHPHHPP
13370,HHHPHPHPHPPPPHHHPPPP
13371,PPPHPPPPPHPPHHHPHHPH
13372,HHPPPHHHPPPPPHPHPPHP
13373,HHPPPHHHHHHPPPPPHPPH
13374,PPHHHPPPHPHHPHPHHPHP
13375,HHPHHHHPPPPPHPHHPHPP
13376,HHHHHPHPHHPHHHHPHPPP
13377,PHHHPHHPHPHHPHHPPHHH
13378,PHHPHPPPHPPPHHPHPPPH
13379,PHHPPHPPHPPHHPHPPPPH
13380,HHPPPHHHHHPHPHHHHHPH
13381,HHHPPHHPPPPHPHHHHHPH
13382,PPHPPPHHPPHHPPHHHHPH
13383,PPHPPPHPHHPPHHPPPHPP
13384,PHPHPHPPHHPHPHHHHPPH
13385,PPPHHPPPPHPPPHHPPHPH
13386,PPHHPHHPHHHHPHHPHPHH
13387,PHPHHPHPHPHHPPHPHHPH
13388,PHHHPPHPPHHPHPPHPPHH
13389,PHHHPPHPPHHHPPHHHPPH
13390,HPPPPHPPPPHPHPHPPHPH
13391,PHPHHPHPPPHHPPHPHHPH
13392,PHPPPHHPPHHHHPPPPPPH
13393,HPHPPPHHHHHPHHPHHHHH
13394,PPPHHPPPHPHHPHPHPHPH
13395,HPHPHPHPPPHHHPHPPPHH
13396,PHPHHPHPPPHHPHHHPPPP
13397,HHPHHHHPPPHPHPPHPPPP
13398,PPHHPPHHPHHHHHPPHPPP
13399,PHHPHHHPPPHPPPPPHPHP
13400,HHHHHHPHPPHHHHHPHHHP
13401,HPPPHHPHHPPPHPPPHHPP
13402,HPHHHPHHPPHHHPHPHPHH
13403,HPPHHPHHHPHPPHHHPPHP
13404,PHHPPPHHPHHPHHPHHPPP
13405,PHHHHPHHHPHPHHPPPPHH
13406,HHPPHPHPHHHHPPHPHHPH
13407,PPHHPPPPHPPPPPPPHPPH
13408,HHPHHPPHPPHHPPPHHPPP
13409,HPHHHPHHHPHHPPPPHHPH
13410,PPHPPHPPPPPPPPPPHHPH
13411,PHPPPPHPHPPHHHHHHHHP
13412,HPHPPHHHPHHPHHHPPHHP
13413,PPPPPPPHPHHPPHPPPPHH
13414,HPPHHPHHHPPHHPHPPHHP
13415,HHPPHHHHPHHPPHPPHPPH
13416,PPHHPPPPHHPHPPHPPHHP
13417,PHHHHHHPPHHPHPHHPPPP
13418,PHPPHHPPHPPPHPPPPHPH
13419,PHPPPHHPHHHPPHHHHHHH
13420,HPHPHHHHHHPPPPPPHPHP
13421,PPHHHHPHHPHPHPHHPHHH
13422,HHPHPPHHHHHPHHHPPPHP
13423,HHHHHPHPPHHHPHHPPPPH
13424,HHPPPPPPPPHHPPHHPHPH
13425,HHHPHPHHHHHHPHPPHHHH
13426,PHHPPHHHPHPPPHHHHPPH
13427,HPHPPPHHPHHHHPHPHHHH
13428,HHHHHPPPPHPPPPPHHHPH
13429,PPHPPHPPPHHHHHPHPPPP
13430,PPHPHPHHHPHPHHHPPHHP
13431,PPPHPHPHPPHPPPHPHPPP
13432,PHPHHHHHPHHPPPHPHHHP
13433,PHPHHPPPHHPHHHHHHHPH
13434,HPPPHHHHHHHHPPHHHPPH
13435,HPHPHPPPPHPHHHPPHHPP
13436,HPHHPHPPHHHPPHHPPPPP
13437,HHPPPHPHPPHPHPHHHPPH
13438,HPHPPPHPHHPHPPPHHPHH
13439,HPPHHPPPHHPHHHPHHPHH
13440,HHPHPPHPHHPHHPHHPPHH
13441,HHHHHHPHHHHPHPPHPHPP
13442,PHHPHHHHHHHHHHPPHHHH
13443,PPHHPHPPHHPPPHPPPPHH
13444,PHHPHPHPPPPHPHPPHHPP
13445,HHPHPHHPHPPHPPHHPHPH
13446,HPHHPHPHPHHHPHHHHHPP
13447,PHPPPHPHHHHHPPPPHHPP
13448,HPHHPPHPPHPPPHPPPHPP
13449,HPHHHPPPHHPHPPHHPPPH
13450,PPHHPPHHHPHHHHHPHPHH
13451,HHPHPPPPPPHHPHPHPHHH
13452,HPPHHPPHPHPPPHPPPPHP
13453,HPHHPPPHPPPPHPHHPPPP
13454,PHHHPHHHHHHPPHPPPHHP
13455,PPPHHPHHPHPPHHHPPHHP
13456,PHPPPHPPHPPPHPHHHPHP
13457,PPPHHHHHHPHPHPPHHPHP
13458,PPHHPHHPPHHPPHHPHHPH
13459,HPHHHHHPPPPPHPHHHPPH
13460,PHHPPHPHHHPHHPHPHHHP
13461,HPPPPPHPHPHHHPHPPPHP
13462,PPPHPPPHPHPHPPHPHHHH
13463,HPPHPPPPHPPHHPPPPPHP
13464,PHHHHHHHHPHHPPPHPHPP
13465,HPPHPPHHHHHPPPHPPHPH
13466,HHPHHPHPPPHPPHHPPPHP
13467,PPHPPPHPHPPPHPHPPHHH
13468,HHPHHHPHHHHPPPHPHHHP
13469,PHPHHHHHPPPHHHPPHHPH
13470,HPHHHPHPPHHHPPHPPPPP
13471,PPPHPPPHPPHHPHPHHPHH
13472,PHHPPHHPHPHPHPHPHHPP
13473,HHPPHHHPHHPHHPHPPPPP
13474,HPHHHPPHPHPHHPPHPPHP
13475,PHHPHHPHHPPHPPPPHPHP
13476,PHHPHPHPPPPPHHPHHHHH
13477,HPHHPHPPHHHPHPHPPHHP
13478,PHPPHPPPPPHHHPPPHHHH
13479,HHPPHHHHHHHHPPPPHPHH
13480,HHHPPHPPHPHHPHPPPHPH
13481,HPHPHHPPPPHPHHPPHHPH
13482,HHPHPHPPPPPHPPPHHHPH
13483,PHPPPHPPHHHPHHHHPHHH
13484,PPPPPHPPHPHHPHPPHPHH
13485,HPPHHHHHPPHPHHPPHPPP
13486,PPHPHHHHPHHHHPPPHPHP
13487,HPHPPPPHHPHHPPHPPPPH
13488,HPHHHHHPHPPHHPPPPHHP
13489,PHPHHPHHPPHHHHHHHHHP
13490,PPHPHPPPHHPHPPPHPPPH
13491,HHHPPHHHHPHPPPHPHPHP
13492,HPHPHHHPPHHHHPPPPPPP
13493,HHHHHPHHPHPPPHPHHHPH
13494,HPHPPPHHPPPHHHHHHPHP
13495,HPPHHHHPHHHPPPHPPHPH
13496,HHPHPHHPPPPHPHPPHHHP
13497,PPHHHPPHPPPHHPHHPPPH
13498,HHPPHPHPHHHPHPPPHHPH
13499,HHPPPHHPPHHPPHPPPHHH
13500,PHPHPHHHPHHHPHPPPPHH
13501,HPHPHPHHHHPHPPHPHPHP
13502,HHPPPHHPHPPHPPHHPHHP
13503,HPPHHHPHPPHPHHHHPHHH
13504,HHPPPPPPPPHPHPPHPPPH
13505,PPPPPHPPHPPHHHHHPPHP
13506,HHPHPHPHHPHPHPPHHHHP
13507,PPPHPPPPPHPPHPHHHPPP
13508,HHHHHPHPHHHPHPHPHHHH
13509,HHPHPPPPPPHPPPHHHHPH
13510,PHHHHHPPPHHPHHHPPHHH
13511,PPPHPHHHPPHPPHHHHPHH
13512,HHPPHPPHHHHHHPHHHHHH
13513,HHPPPHPPPHHPPHHPHHPP
13514,HHHHPPHHHPHPPHHHPHHP
13515,HHPHPPHPHPPHPPPPHHPH
13516,HHHPHHHHPPHPHHHPPPPP
13517,PPPPPHPPHHHHPHHHHPPH
13518,PPPPPPPHHHHHPPPHPPPH
13519,HPHPHHHPPHPHHHPHHPPH
13520,PHPHHPHHPPHHPHPPHPHP
13521,HPPPHHPHPPPPHPHPHPPP
13522,PPPPPHHPPHPHPPHPHHHP
13523,HPHPPHHPHPHPHHHHPHPH
13524,PPHPHPHHHPPPHPHHHPHH
13525,PPPPHPPHHHHPHPHHPPHP
13526,HPHHPPHPHPHHPHPPPHHH
13527,PPPPHHHHPPHPPHPHHPPH
13528,HHHHHHHPHHHPHPHHHPHP
13529,PHPHHPPHPPPPHHHHHHPP
13530,HHPHHHHPPPHPPHHHHPHH
13531,PHPPPPPHPHPPHHPHPPPP
13532,HPPHPHHHHPHHHHHHPPPP
13533,PHPPHPPPHHPHPPHHHPPP
13534,PPHPHHHHHPHHHPHHPHHP
13535,HPPPHHHHPHPHPPHPHHHP
13536,PPHHHHPHPHHHHHPPHHPH
13537,HPPHHHPHPHPPHPPHHHHP
13538,PPPPPHPHHPPPHPPHPHPP
13539,HHPHPHPPPHHPPPPPPPPH
13540,HHHPPHHHPHHPPPPPPPPP
13541,PHPPHPHHHHPHHHHPHHPH
13542,PHHHHHPPHPHPPHHPPPPP
13543,PHPHPHPPPHHHPPHHPHHP
13544,PHPPPPHPHPPHHPHPHHHP
13545,PPHHPPHHPPHHHHHHPPPH
13546,PHHHHPPPHPPHHHHHHPPP
13547,PPHPPHHPHPPHPPHPHHHH
13548,PHPHPPPPPPPHPHHHHHPH
13549,PPHPHHHHPPPPPPPHPPHH
13550,PHPPHHPPPPPPHHHPPPPH
13551,HHHHHHHHHHPHPHPPPHPP
13552,HHPHPHHHHHPPPHHPHPHH
13553,HPPHHHHHHHPPPHHHPHHP
13554,HHHHPPPPHHPPPHHHPPHH
13555,PHHHPHPHHHPHHHHHPHPH
13556,HPPHPPPPPPHHHHPHPHHP
13557,HPPPPPPHPHPHHPHHHHPH
13558,HHPHHPPHPHPPHHHHHHHH
13559,HHPPHHHHHHHHHPPHPHPH
13560,PHHPHHHPPHHPHHPPPPPH
13561,HHHHPPPHPHHPPHPPPHPP
13562,HPPPPHPHHPPHHHHHHPHP
13563,PPHHPHPHPPHPPHPPPPHP
13564,HHPPHHPHPPHPHHHPHHHP
13565,HPHHPHHHHPHHHHPHPPHH
13566,HPHPPPPPPHHPPHPPPHPH
13567,HPHHPHPPPHHPPPPPPHPH
13568,HPPHPPPHHHHPPPHPHHPP
13569,HPPHPHHPHHHHPPPPHPPP
13570,HPPPHHHHPPPHPHHHPHHP
13571,PPPPHHPPHPHHPHHPPPHP
13572,HHHHPPHPHHPHPPHPPPPP
13573,PPHHHPHHPPHHHPPHPPHH
13574,PPPPHPPHHPHHHPHPHHHH
13575,PPPPHHHHPPHHHHPHHPPH
13576,HPHPPHHHHPHPPPPHPPPP
13577,PPPPHHPHHHHHHPPPPPPP
13578,PPPHHHPHPHPPHPPPPPHP
13579,HPPHHPPPHHHPHHHPHPPH
13580,HHPPPHHHHPPHHHHPPPHP
13581,PHPPHPHPPHHPHPPHPHPP
13582,PPHPHHPHHHHPPPPPPPPH
13583,HPHPPHHPHPHPPPPHHPHH
13584,PPHHHHPPPPPPHHHHPHHH
13585,PHPPPPHPHPPHHPHPPPPP
13586,HPPPPHPHHHPHPPPPHPHH
13587,HHHHHHPHHHHHHHPPPPPH
13588,PPHHHPPPHPPPHPHHHPHP
13589,PPHPHPHHHPHPPHPPPHPH
13590,HPHPHHHPHHHPHHHHPHHP
13591,PPHHPHPPPPHPHPHPPPPH
13592,HPPPHHHPHHPPHHPHHPPH
13593,HPHPPPPHHPHPHPPHPPHH
13594,PHHHHPHPPHHHPHHHPHPP
13595,HPHPPPHHPHHPPPHPHHPP
13596,HPPHPHHPHPHPHHPHPHHH
13597,HPPPPHPPHHPHHPHPHPHH
13598,PPHPHPHHPHHHHHPPPHHP
13599,HPPPPPHPPPPHHHHHHPHP
13600,PPPPHPHHHHPPHPPPHPHH
13601,PPHPPHPPHHHPHHPHHHPH
13602,HHHPHHHHPHHHHPPHHHPH
13603,HPPPPHHPPPHHPHHHPPHP
13604,HPHHPPPPPHHPHHPHPHPH
13605,HPPPHHPHPHPHPHHHHHPP
13606,PPHPPPPPHPPHPPHHHHPP
13607,HPPHHPHHPHPHHHPPHHPP
13608,HPHHHHHPPHPPHHPHPPPH
13609,PPPPHHPHPPPPHHPHHHPH
13610,HPPHHPPHHHPHPPHPPPHP
13611,PPHHHHHHPPPHPHPHHHPH
13612,PHHHPHHHPHHHHPHPHPHH
13613,HPPHPHPHHPHPHHPPHPHH
13614,PHHHPPHPPPHPHPPPPHHP
13615,HPHPPHPHPPHHHHPHPPPH
13616,PHPHHHPPHPPPHHHPPHHP
13617,PPPHHHHHPHHPPPPHPHHP
13618,PPPPHPHPPHPPHPPPHHHP
13619,HPHPPPPHHPHPPPPHPPPH
13620,HPHHHPPPPPPHHHPPPPHP
13621,PHPPPHPHHHHPPPPPPHPP
13622,PPPHHHPPHHHPPPHHPPHP
13623,HPHHPPPHHHPPHHPPHPPH
13624,HHPPPHPPPHPPPHPPHHHH
13625,HHPHHPHHPHHPHHPHHHPH
13626,PPPHPPPPHPHHHHPPPHHH
13627,PHHPPHHPPPHHPHPHPHPP
13628,PHPPHHPHPPPPPPHPHHHP
13629,PHPPPPHPPHPPHHPPHPHH
13630,PPPHPPPPHHHPPPHHPPPP
13631,HPPPHHHHPPPHHPPPHPHH
13632,HPPHPPHPHHPPPHHHPPPP
13633,PPHPPPHHPHHHPPPHPHHH
13634,PPPHHPHHHHPPPHHHHHPH
13635,HHPPPHHPPPHHPPHPHPPH
13636,PHPPHHHPPPHHHPPHPHHH
13637,HPHHHHHPHHHPHHHPHHPH
13638,PPPPPPPPHPPPPPPHPPPP
13639,HPPHHHHHHPHHHHHHHHHP
13640,HHPHPPPHPPHHHHHHPPPP
13641,HHHHHPHHPPHPHHHHHHHH
13642,HPPPHHHHHPPPHHPPPHPP
13643,HPPPPHPHHPHHPPHPPPPP
13644,PHHHHPHHHPHPPHHHHHPP
13645,HPHHPHHHHPHHHPHHPHHH
13646,PHPPPPPPHPPHPHHHHPPH
13647,HHPHHHPPHPHHPPPPHHHH
13648,PPPHPPPPPHPHHHPPHHPP
13649,HHHPPHPPHPHPPHHPPHHH
13650,PPHPHHHPPHHPHPHHHHHH
13651,PHPPPHHPHHHHPHHPHHHH
13652,HPPPPHPPHPPHPPHPPHPP
13653,HPPPHPHPHHPPPPHPHPHP
13654,PPPHHPHPHPHPPHPHHPHP
13655,PHPHHHPPHPPHHHHPHHHP
13656,PPHPPHPPPPPHPPHPPPPP
13657,PPPPPHHHPPHPPHPHPHHH
13658,PHHPHHHPHPHPHPHHPPPP
13659,PPHHPHHHPHHPHPHHHPPH
13660,PHPPHHPHPPPHHHHPHHHP
13661,HPHHPPPHPHPPPPPHPPHH
13662,HPPPPHHPHPPHPPHPPPPP
13663,PHPPHHPHPHPHPHPHHHPP
13664,HHPPHPHHHPPPHPPHPPHP
13665,HPHPHHPPHHHPHHPPHHHP
13666,PPHPHHHHHHPPPHHHHHHH
13667,HHHPPPHPPHHPPPHHHHPH
13668,HHHPPHPPPHHPHPPPPPPH
13669,PHPPHPHHPPPPHPHPHHPP
13670,HHHHPPPPHHHPHHHHPHPP
13671,PPPPHPHHHPPHPHPHPHHH
13672,PPPHHPPHHHPHHHPPPHHH
13673,HHPPHHPHPHPPPHPHHPPH
13674,PHPPHHHPPHHHPHHPHPPH
13675,HHPHPPPPHHHHHHPHHPPH
13676,PHPHPPHPHPHPPPPPPHPH
13677,HPHPPHHHHPPPPPPPHHPH
13678,HHPPPHHPPPHHPPHPPHHP
13679,HHHPPHHHHHPPPPHPHHHH
13680,PHHPPPHHPHHPHHHPPPPH
13681,HPPPHHPPHHPPHPHHHHPH
13682,HPPPPPPHPPHHPHPHHPPP
13683,HPHHHHPHHHHHHHPHPPHP
13684,PPPHHPHHHPPPPPPPHPPH
13685,PHPPHHPHPPPHHPHHPPPH
13686,HHHPHPHHPPHPPHHPPHHH
13687,PPPHHPPPPHHHHHHPPHPH
13688,PHPPHHHPHPHHHPPPPHHH
13689,PHPHPPPHPPPPHHPPHHPP
13690,PPHHPPHHPPPPHHPHPPHP
13691,PHHHPHPHPHHPHPHHHPHH
13692,HPHHPHPHHPPPHHHPPPHP
13693,PPHPHPHHPHPPPPHPPPHP
13694,PPHPHPHHPHHPHHHPPHHH
13695,HPPHPHPPPPPPHPPHPPPH
13696,HHPHPPHPPPPPHPHHHPHP
13697,PPPPPHHPHPPPPHHPPHPP
13698,HPPHHPHPPPHHHPHPPHPH
13699,HPPHHHHPHPHHPPPPPHPP
13700,PPHPPPPPPHHHHHHHPHHH
13701,HPPPHHHPHPHPPPHHHHHH
13702,HPPPPPHPHHPPHHPPPPHP
13703,PPPHHHPHHHHPPHHHPPHH
13704,PHPHHPPPHPHHPHPHHHHP
13705,HPHHHPPPHHHPHHHPPPHP
13706,HPHHPPPHHPPPPPHPHPHH
13707,PPHHHPPHHHHPHHPHPHPP
13708,PPPPPHHPPPHHHHHHHHHP
13709,PHHHHHPHHHHPHHPHHPHP
13710,PPHPPHPHHHHPPPHPPHHH
13711,HHPPHPHPPHPPHHPHPHHH
13712,HPHHHHHHPPHHPPHHHPPH
13713,PHPHPPPHPPPPHPHHHHHP
13714,HHPPHHHHPPHHPPHHHHHH
13715,HPHHHHHPHHPHHHPPPPHP
13716,HHPHPPPHPHHPPHHPPPPP
13717,HHPPPHPHPHHPPHPHHPPP
13718,HPHHHPPHHPHPHPPPPHPP
13719,HHPPHHHPPHHHPPHHPHHH
13720,HPPPPHHPPHHHHPHPPHPH
13721,HHHPHPHPHHHHPHHHHHPP
13722,HHHHHPPHHHPPPHPPHHPP
13723,PPPHHPHPHHPPPPHHPHHH
13724,HPHHHPPHHHHPHPHPHPHP
13725,PHPHHPPPHHHHHHHPHHHP
13726,PPHPPHHHHPPPHHHHPPHP
13727,HPPPHPPHHPPHHHPHHHHH
13728,PPPHPPPHHHPHPHPHHPPH
13729,PHPHHPHPPHHPPPHHHHHH
13730,HPPPHPPPPPHPHHPPHHHH
13731,HHHHHHPPPPHPPHPHHPPH
13732,HHHPPHHHHHPPPHHPHHPP
13733,PPPHHPPPHHPPHHHPPPPH
13734,HPPHPPHPHHPPPPHHPPPP
13735,HPPHPHHHHHHPPPHPHHHH
13736,HHPHPHPHPPPHPPHPHHPH
13737,HHHHPHPPPPHHPHPPHHHP
13738,HHHPHHHHPPPPPHHHHHPP
13739,HHHHPPPPPHHPHHPPHHPP
13740,PPHPHHHHPPPPHPHPHPHH
13741,PPPHPHPHHHHHHHPPPHHH
13742,HHPHPPPPHHHPPPPHPHHH
13743,HHPHHPHHPHHPHHHHHHHH
13744,HPPPHPPHPHHHPHPPHHPP
13745,PHHHHPHPPPHPHPPPHHPP
13746,PHPHPHPHHPPPPHHPHHHP
13747,PPPPHHHPPHPHPPHPPPPH
13748,PHPPPHHPPHHPHPPPHHHH
13749,HPPHPHPPHPHHPPPPHHHH
13750,HHPPPPHHHPPHHHHPHHPH
13751,PPHPHHPHPPPHHHHPHHPP
13752,PPHHPPHPPHHHPHPHPPPH
13753,HHPPHPPHPPHPPHHHHHHH
13754,PHPPPHHPHPPPHPPPPPPP
13755,PHHHPPPHPPHPPHHPHHHH
13756,PPHPHPHPHHHPHPPPHPHP
13757,HHHPPHPHPHPPPPHPPPPH
13758,PPPHPPPHHPPHHPHHHHPH
13759,PPPPPHPHPHPHHHHPHPPP
13760,HHPHPPPHHPPHHPHHPHPH
13761,PHHPHHHHPPPPPHHPPHHP
13762,PPPHPPPPHPPHHPPHHHPP
13763,HHPHHPHPPPPPHPHPHPHP
13764,HPPHPPPPHHHPHPHPPPHP
13765,PHHHHHPHPHHPPHPPPPHH
13766,HPHPPHHHHPPHPPHPHHHP
13767,PHHHPPHHHHHHPPPPPHHH
13768,HHPPHPPHHHPPPHPPHHHH
13769,HHHPHPHHHHPPPHPHHHPH
13770,PHPPHHHHPHHPPHHPHPHP
13771,PPHPHPHPPPHHPPHHHPPH
13772,HHPPPPHPPHPPPPHHPPPP
13773,PHPHPHHHHPHPPHPPHHPH
13774,PPHHHHPHHHHPHHPHPHHP
13775,PPHHHPPHPPPPPPPHHHPP
13776,HHPPPPPHHPPHPPHPPPPP
13777,HHHPHHHHHPHHPPPPHPHH
13778,HHPHPHHPHHPPHPHHHHPP
13779,PHHHPPPHHHHHPPHPHHHP
13780,PHPPHHPPPHPHPHPPPHHP
13781,HHHHPPHPPHHPHPPHHPPP
13782,PHPPPHHHHPHPHPHHPHHH
13783,PHHHPPPHHHHPHHPPPPPH
13784,PHPPHHHHHPHHPHHPHPPP
13785,HHPHHHHHPPPHHHPHPPPH
13786,PHHPHHPPPHHPPPPPPHPH
13787,PHHHPHHHPPHHHHHHPHPP
13788,HPPPPPHPPPPPPPHHHHPP
13789,HPPPHHHHHHHPPPPHHPPP
13790,HPPPHHHPHHHPHHPPHPHP
13791,HPHHHHPPHHPPPHPHHPHH
13792,HPPPPPPHPHPPPHHHHPPP
13793,PPPPPHHPHPHPHPPPPHHH
13794,PHHHPPPHPPHPPPPHHHHH
13795,PHPPHPHHHPPPHPPHPHHP
13796,HHHPHPHPHHPHPPPPPHHP
13797,HPPHPPHHHHPHHHHPPPHH
13798,HHPHHPHPPHHPHPHPHPHP
13799,PPPHPPHHPPHPHPPPHPHH
13800,HHHPHPPHPPHHPHHPHPHP
13801,HPHHPHHPHPPPPHHPPPPH
13802,HHHPPHPPPPPHHPPPHHPP
13803,HPPHPPPHHHPPPHHHPPHH
13804,HHHPPPHPPHHHPHPHPPHP
13805,HPPHPHPHHPHHPPHPHHHP
13806,HHPHHPPPPPPPPHHHPPHP
13807,PPHPHPPPPHPPPHHHHPPH
13808,PPPHHHHPPHPHPHHHPHPP
13809,HPPHHPPPHHHPHPHHPHPP
13810,HHPHHPPPPPPHPPHHHPPH
13811,PHHPPHPPHPPPHHPPHPHH
13812,PPHPPHHPPPPHHHPPHHPH
13813,HHPHPPHPPHHPHPHHHHHH
13814,PPPPHHPPPPHHHPHHHHHH
13815,PPHPHPHHPPPPPPPPHPHP
13816,HPHHHHHPPPPHPHHHHPHP
13817,HPPPPHHPHHPPPHHPPHPH
13818,PHPPHHHPPPHPHPHPHPHP
13819,PHPPHHPPHHHPHHPHPPHH
13820,HPPHPPPHPHHPHHPPHHHH
13821,HHHPPHPHPPHPPPPHPPHP
13822,HHPHPPHHPHPPHPHHHHHP
13823,HPPHPHPHPHHPPHHHPPHP
13824,HPHPPPPPPPHHHHPHPHPP
13825,PHHHHHHHHHPHPHPHPPHP
13826,PPPHHPHHPHPPPHHHHHPP
13827,PPHPHHPPHHHHHPHPPHPP
13828,PPPHPPPHHPHHHPHHHPPP
13829,PPHPHHHHPHPPHPPPPHPH
13830,HPPHHHHHHPHHHHHHPHHP
13831,PHPPHHHPHHPPHHHHPHHP
13832,HPPHPPPPHPHPHPHPPPHH
13833,PHPHHPPHHPPPHPHHHHHH
13834,HHPPPPHHPHHHHPHPPPPH
13835,PHPPPPHPHPHHHPPHHPHP
13836,HHHPHPHHPPHHHHHHHHPH
13837,HPPPPPPPHHHPHHPPPPPH
13838,PHHPPHHHPPPPPHPHHHPP
13839,PPPPHHHPPHHPPPHHPPPH
13840,HPPPHPPPHHPPHHPHPHPH
13841,PPPPPHPHHHPPHHPPPPPP
13842,PPPPPHPPHHPPPPPHHPHH
13843,PHPPPPHHPHHHHPHHPHHP
13844,PHHPPPHHPHHHPPHHPPHP
13845,HHPHHHHPHHHPPPHHHPPH
13846,PHHPPHHHPPHHPPHPPPHH
13847,PPHHPHHPPHPHHPHHHPPP
13848,PHHPHPHHPHPPHPPHPHPH
13849,PPPHPHHPHHPHHHHHPHPH
13850,PPHPPPHHHPPPPPHPHHPH
13851,HPHHHHPPPPHPHHHPHHHH
13852,PPPHHHPHPHHPPPPHPHHH
13853,PHHHHPPHHHHHHPPPPHHP
13854,PHPHPPHPPHPHPPPHPPHP
13855,HPPHHHHHPHPHHHHPHPHH
13856,PHHHPHPHPHHHPHHHPPPH
13857,PPHHPPPPPPPPHPPHPHPP
13858,HHHPHHPHPPPPHPPPHPPH
13859,HHPPPPPPHHHPPHPPHPPH
13860,HPHPPHPPHHHHPPPHHHPH
13861,PHHPPHPPHPPPPHHPPHPP
13862,PPHHPPPHHPHPHHHPHPHH
13863,PPHHPPHPHHPHHPPHPHPH
13864,HHHHHHHPPPPHHHPHHPHH
13865,HPHPHHHPPPPHHHPPPHHP
13866,PHPPPPPHPPPHHHPHPPHH
13867,PPHHHHPHHHPHHPHHPHHP
13868,PPPHHPHPHPPHPHPPPPPH
13869,HPHPHHHHHPPPPHPPPHHP
13870,PHPHPPHPHPHPPPPPPPHP
13871,HHPPPPPPPPPPHPPPHHHP
13872,HPHHPHPPHPPHPHHPHPHP
13873,HHHPPHHPHPPPHPHHHHHH
13874,PPPPPPHPHHHPHPHPHHHH
13875,HPPPHPHHHPHHHHHPHHHH
13876,PHHPHHHHHHPHPHHPPHPH
13877,HPPPPHPHPPHHPPHHPHPP
13878,HPHHPPHHHHPPPHHHPPHH
13879,HPPHHPHPPPHPHPPHPHPH
13880,PHHHPHHHHPHHHHHHPPPP
13881,HHPPPPHPHPHPHHPPHHPP
13882,HPHHHPPPHPPHPPPHHHHH
13883,PPHHPPPHPHPPPHHHPPPP
13884,PPHPPPHHPHHHHPHPHHPH
13885,HPPHHPHPHPPPPPHPHHHH
13886,PPHHHHHPHPHPPHPHPPPP
13887,PHPPHPPHHHPHPHHPHPPH
13888,HPPPPPHHPPHHPPPPPPHH
13889,PHHHHPPPHHHHPPPPHPHH
13890,HPPHPPHHHHHPPHPPHPPH
13891,HPPHHPHPHHHHPHPHPPHH
13892,HPPPPPHPHPHPPHHHPHHP
13893,PHHHHHPHPHHHHHPHPPPH
13894,HHHHPHHPPHPPHHPHPHPP
13895,HPHPHHHPHHPPPHPPPHHP
13896,PHPPPHHHPHPHPHPHPPHP
13897,HHPPHPHPPHHPHPPPPHPP
13898,HHPPHHHPHPPPPHPHPPPP
13899,HHHPPHHHHHPPPHPHPPPH
13900,HHPHHHPHPHHPHPHHHHPP
13901,HHHHHHPHHHPPHPHPHHHP
13902,PPHHHHPHHHHPHHPHHPHH
13903,HPPPHPHHPHPPHHPHPHPH
13904,HHHHHHPHPPPHPHHHHHHH
13905,HPPPPHHHPPHPHPHHPPPP
13906,PHHHPHPHHPPHPPHPHHPP
13907,PPHPPPPPPPPHPPPHHHPH
13908,PPPHPPPPHHPHPPPHHHHP
13909,HHPPHPPHPPHHHPHPHPPP
13910,HHPHHPPPHHPPHHPHPHPH
13911,HHPHPPHPPHPPHHHPHHPP
13912,HPPPPPHHPHHPPHPPHPPP
13913,PPPPPPHPPPPHPPHPPPPH
13914,HHHPPHPHHHPHHHPHHHPP
13915,HHHHPHHPHPHPPHPHHHHP
13916,HPHPHHPHHHHHPHPPHHHH
13917,PHHHPHHHPPPHPPHPHHHH
13918,HPHPPPHPHHHHPHPPHPHH
13919,HPPHPPPPHPPHPPHHHPHH
13920,HHHPPHPHPPPPPPPHHPPP
13921,PHPHHPPPHPHHHHHPHPHH
13922,PPPPHPPHHPPPPHHHPHPP
13923,PPPPHHHHPHHPHPPPHHHP
13924,HPPPPPPHHHHPHHHPPPPH
13925,PPPHPPPHPHPPPPPHHPHH
13926,HPPPPPHPHPHHHHHPPPPH
13927,PHHPPPHHHPPHPHPHHHHP
13928,PHHPHHHPPHHPHHPPHPHP
13929,HHPPHHHHHPHPPPHHHPPH
13930,HPPPPHPHPHPHPPPPPHHP
13931,HHHHPPPHPPPHPPHPHPHP
13932,PHHPPPHHPPPHPPPPHHPP
13933,HHPHHPHPPPHPHPPHPHPP
13934,HPHPPPPPPPPPHHHPHPHH
13935,PPPHPPPPHPPHHHHPPHPH
13936,HHHHHHPHHHPPPPPPPPHH
13937,PHPHHHHHHPPHHHPPHPHP
13938,HPHPPPHHHHPPHPPPPPPP
13939,PHHPHPPHPPHHPPPPPHHP
13940,PPPPPHHHHPHHHHPHHHPP
13941,PHPPHHHPHPHHPHPPHPPP
13942,PPPHPHPPHHHHPPPHHHPP
13943,PHPHHHPHHHPHHPPHPPPP
13944,PPPHHPPHHHPPPPPPPPPP
13945,HHHHHPHPHPHHPPPPPPPP
13946,HHHHPHHPHHPPPPHHHHPH
13947,HPHPHPHHPHPPHPHPPHPH
13948,HPHPPHHHHHHHHPPHPPHH
13949,PPHPPHHHPHHPHPHHPPHH
13950,HPPHHPHHHHHHPHPHHPPH
13951,HHPPPPPHHPPPHPHPPHHP
13952,PPHHPHPPPHHPPPPPPPHP
13953,PPHPHPPHHPHPHPHPHPPP
13954,PPHHPHHPHPHPPPPPHHPH
13955,PPPPPHHHPHPHHPPHHPHP
13956,HPPHHHPPHPHPHPPPPPHP
13957,HPPPHPHPPHPHHPHHPPHP
13958,PHPHHHHHPPHHPHPPHHPP
13959,HPPPHPPPHPPHPPPPPHPP
13960,PHPPPPHPPPHPHPHPHPPP
13961,HPHPHHPPHPPPPPPHPHPP
13962,HPPHHPPHPPHHPPHHPPPP
13963,HPHHPHPHPPPHPPPHHPPP
13964,PPHPHPHPHHHPPPPHHPHH
13965,PPPPHHHHPPHPHPHPHPHP
13966,HHHPHHHPPHHPPHHHHHPP
13967,HHHPHHPHHHHHPPPPPHPH
13968,HPHPPHHHPHHHPPHHHPHP
13969,PHHPHHHHPHPHHPPPHHHH
13970,HPHHHHHPHHPPHPPHPHPP
13971,PHHPHHHHHHHHPPHPHHHP
13972,PHPHHPPPPHHPHPPHPPPP
13973,PHPPPHHPHHPPHHPPHPHP
13974,PPPHHPPPHPPPHHPPHPPP
13975,HHPHHHHPPPPPPHPHPHPH
13976,PPHPHPHPPHHHHPPPHPHH
13977,PHPPPHPHPHHPHHHPPHPH
13978,HPHHHHHHPPHHHHHPHHPP
13979,HPPHHPPHPPPPPHPHPHPP
13980,PPHHHPPHPHPPHHPPHHPH
13981,PHHPHPPHHPHHPPHPPPPP
13982,PHHHHPHHPHHHHHPPHHPP
13983,PPHHPPPHHHHHPHHHPHPP
13984,PPHPPPPPHHPPPPHHPPHP
13985,PPHHHPPPPHPHPPHHHPHP
13986,PPPHHHPHHPHPPHPPHHHP
13987,PPHHPHPPPPPPHHPPHPPP
13988,PPPHHHPPPHPHPHPHHHPP
13989,HPPPHHPHHPPPPHHHHPPP
13990,HHPPPPPPPPHHPHPHPHPH
13991,PHPPPHPHHHPPHPPPPHHH
13992,HPHPPPPPPHPHHPPHPPHH
13993,HHPHPHHPHHPHHHHPHPHH
13994,HHPPHPPPPHPPHHPPPPPH
13995,PPPPPPHHHHPHHHHPHPPH
13996,PHHPHPPHHPPPHPHHPPHH
13997,HHPHHHHPHHHHHPPPPHPH
13998,PHPHHHHHHPPHPHHPHHHP
13999,PHHHPHHPPPPHPHHPPHHH
14000,HHHPHPHHHHPPHHPPPPHH
14001,HHPPHPPHHPPHPHHHHHHH
14002,PHPPPHHHPPHPHHPHPHHP
14003,PHPPHHPHHPPPHPPPHPHH
14004,PPHPPHHPHHPHHHPHHHPH
14005,PPPHPPHHPPPPPHPPPHHP
14006,HHPHPHPPPPHHHHPPHHPH
14007,HHHPHPHPHPHPHHHPPPPP
14008,HPHHPHPPHHPHHHHPPHHH
14009,PHHHHHPHHPHPPPHHPPPH
14010,PHPPHPHPHPPPHPPHPHHH
14011,HPHPHPHHPPHPHPHPPHPH
14012,HHPHPPPPPHHPHPHHPHHP
14013,HHHPPHHHHHHHPHPPHHPP
14014,HPHHHPPHPHPHPHHPHHPP
14015,HPPPHHPPHPHPHPHPPHPP
14016,HHHPPPHPHPPPHPHHHHHH
14017,PHPPHPPHPHHHPPHHPHHP
14018,PHPHHPPPPHPHHPPHPHPH
14019,HPHPPHHPHHPPPHPHHPPH
14020,HHHPPHHPPPHPHPHPPHPH
14021,HHPHPHHHHHPHHPPPHPPH
14022,HHHHPHHPPHPHPHHHPPHH
14023,PHHHPPPHHHPPHPHPHPHH
14024,PPPPPPPHPHHHHPHPHPHH
14025,HPPPPPHHPPPPHHHPHPPH
14026,HPHPHPHPPPPPPPPHPHPP
14027,HPPHHPHPPPPPHHHHHPHP
14028,PPPPHPHPHHPHHPHPPPPH
14029,PHPPPPPPPPPHHHPHHHPP
14030,PHHPHPHHHPHPHHPHPHHP
14031,PHHHHPHHHHPHHPHPHPHP
14032,HHPHPHHPHHHHPPHPHPPH
14033,PPPHHHHPPPPHHPHPPHPP
14034,HPHHHHPPPHHHPHPPPHHP
14035,HHHHPPHPHPPPPHPPPHHH
14036,HHPHPPHPHHHPPHPHHHHH
14037,PHHHHPPHHPHPHHPPHHHP
14038,PHHPPHHPHHHHPPPHPPHP
14039,HPPHHPPPHHHHHPHPHHPP
14040,PPPHHPHHPHHHHHPHHPHP
14041,HPPPPHPHHPPHPHHHPHPP
14042,HHHHPPHHHPHPHHHPHPPH
14043,PHPHHHPHPHPHHHHHHPHH
14044,HHHHPHPHHPHHHPHPPHPP
14045,PHPHPHPPPPPHHPHPPPPH
14046,PPPPPHPHHHHHHHPHHHHP
14047,HPHPPHHHHHPHPHHPPHPH
14048,HPHPHHHHHPPPPPHHHHPH
14049,HHHHHHPHPHHPHPHPPPHP
14050,PHHPPPPPPHPPPHHPHHHP
14051,PPPPHHHHPPHPHHHHPHPH
14052,PHPPPPPHHHPHPHHPHPHH
14053,PHHHPPHPPHHPPHPHPHHH
14054,HHHPPHHPHHPPPHHHHHHH
14055,PPPHPHHPHHHPHPHHPPPH
14056,HPPPPHHPHPPPHPHHPHPH
14057,PHHPPPPHHPPHPHHPPPHP
14058,PPHHPHHPPPHPHPPPHHPP
14059,HHPPHHPHPPPHHPPPHPPH
14060,HHPHPPPHPHPHPPPHPPPH
14061,PPPPPHHHHHHHHHPPHHHH
14062,HHPPPPHHPPHPHHHPHHPP
14063,HHHHPHHPHPHPHPHPPHHH
14064,PPHHHPHHPHHHPHHPPHPH
14065,PHPPPHHPPPPPHHHHHPHP
14066,PPPPHHHHPPHPHHPPHPHP
14067,PPHHPPPHPHPPHPPPHHPP
14068,PHHPHPPHPHHHPHPHPHPP
14069,HHPHHHHPPPHPPHPHHPPH
14070,HHHPPPPHPHPHPHPPPPPH
14071,PHPPHHPPHPPHPHHHPPPH
14072,HPPPPHPPPHPHPHPPHPHH
14073,PPHPPPPPHHHHPHPPHPHH
14074,PHHPPHPHHHPHPPPHHPPP
14075,HHPPHHHPPHPPPPPHHPHP
14076,HPHHPPHHPHPHHPHPHHPH
14077,PHHHHHHHHHPPHPPPPPPP
14078,PHPHPPPHHHPHHHHPHHHP
14079,HPHPPPPHPHHHHHPHHPPH
14080,PHHHPPPPHHHHPHHHHHHH
14081,PPHHPPHPPPHHHPPPPPPP
14082,HHHHHHHHHHHPPHHPPPHP
14083,HPHPPPPPPHPPHPHPHHHH
14084,HPHHHPHHPHPPPPPHPPPP
14085,PPPHHPPPPHHHHHPHPPPH
14086,HPHHHPHHHHPPHPPPPHHH
14087,HHPPPPHHPPPHPHHPPPHH
14088,HPHPHHHHHHPPHHHHHHHH
14089,PPPPHHHPPHHHPPHPHHPH
14090,PHPPHHHPHPHPHHPPHPPH
14091,PPPPPHHHHPPPPHHHPHPH
14092,HPHHHHHHPHPHHHHPPPHH
14093,PHPHHPPHPPPPHPHPPPPP
14094,HHPHPHHPHPPPHHPHPHPH
14095,HPPHPHHHPPHPHPPPPHHP
14096,HPPHPPPHHHPHPHPHHPPP
14097,PPHHHHHHHPPPHPPHPHPP
14098,HPHHHHPHHHPPPHHHPPHH
14099,HHPHPHHPHPHHPPHHHPPH
14100,HPHHPPHHHPHHHPHPHPHH
14101,HHPPHPPPHHPPPHPHPPHP
14102,HHPHPHPHHPPHPPPPPPPH
14103,HPPPPPPPPPPHPPHHHHPP
14104,PPPHHHHHPPPPHPHHHHPP
14105,PHPHPPPHPHPHPPHHHPPP
14106,HHHPHPPPHHPPHPPPPPHP
14107,HPPPHHPHPPHPHPPHHPPP
14108,PHPPPHPPPHPHPPHHPHHP
14109,HPPPPHHHPHPPPHPHHHPH
14110,HHHHHHPHHHPPHPPHPHPH
14111,PHPPPPHHHPHHPPPPPPPH
14112,HPHHPPPHHPPHPPPPHPHH
14113,PHHHHPHPPHHPHPPHHPPP
14114,HPPHHPHPPPPPHHHPPPPH
14115,PHHHHHHPHPHPHHPHHPPH
14116,HHPPHHPHHHHPHHHHPHHP
14117,HPHHPPHPPPPPHPHHPPHP
14118,HPHHHPPHPHPHPPHPHPPP
14119,HPPPHPHPHHHPPHPHHPPP
14120,HHHHHPHPHHHHHHPPPPPH
14121,PPHHPPHPPPHPHPHHPHHP
14122,HPHPPPPHPHPPPPPHHHHH
14123,PHPPHPPPPPPHHHPPHPHH
14124,HPPPHHHPPHPPHHPHPPHH
14125,HPHPPPPHPPHHHHPPPPHH
14126,PPHPHHHHHHPHHHHHHPHH
14127,HPPHHHPPPPHHPHHPHHPP
14128,PPHPHHPHHPHPPHHHHPPP
14129,HHPHHHHHHPHPHPHHHHPP
14130,PHHHPHHPHPHPPHPHPPPP
14131,HPHHHHPPPPHPHPHPHPPH
14132,HHHHPHPPPPHHHPPPPHHP
14133,HHHPHPHPHHHHHHHHPHPP
14134,PHHPPPPPPPPPPHHHPHPP
14135,HPHPHHPHPPPHPPHHPPPP
14136,PHHPPPHHHHPPPHPHHPHP
14137,HPHHHHPHPPHPHHHHHPHH
14138,HHHPPHHPPPHHHPHHPPHH
14139,PPHPPPHPPHPPPHHHHHPH
14140,PHPPHHHHPPPPPHPPPPHH
14141,HPHPHPPPHHPHHHPPHHHP
14142,HPPHHPPPPPHHPHHHPHPP
14143,HPPPHPPPPHPHHPHHPPHH
14144,PPHHPHPHHPPHHPHHPPPP
14145,HHHHHPHHHHHHHPPPHPPP
14146,PPPPHPHPPPPHHHHPHPPP
14147,HPPHPHPPPPPHHHPHPHPP
14148,HPHHHHHPHPHHHPPHPHPP
14149,HHPPHPHHHPPPHPPPPHHP
14150,PPPPPHHHHHPPHHHPHHHH
14151,PHHHPHHHPHHHPHHPPHHP
14152,PPHPPHHHHPHPHPHHHPHH
14153,PHPHPPHHHHPPHPHHHHPH
14154,PHHPHHHHPPPPHPPPHPHP
14155,HHHPHHPHPPPHPPPHHPHP
14156,HHPHHPHHHPPHHHPHHPHH
14157,HHHPPHHHPPPHHPHHHHPP
14158,HPHPPPPHHPHPPHPPPPHP
14159,HHHPHPHPPPPHPPPPHPPH
14160,HPPPHHHPPHHPHHHHPHPH
14161,HPHPHHPPPPHHPHPHPPPP
14162,PPHPHHHPHPHPPHHHHHHP
14163,PHHHHPHPHPHHHPPPPPPP
14164,PHPPHHHHPPHPHHPPPHHP
14165,PPHPPPPPHHPHPHHHPHHP
14166,HHHPPPHPPHHHHPHHHPHH
14167,HHPPPHHHPPPHHHHPHPPP
14168,PPPPPPPPPHHHHPHHHHPP
14169,PHHPPHPPPHPPHPPHHPHH
14170,PPPHHHHPHHHPPPHPHHPP
14171,PPHPPPHHPHHPPPHPPHPP
14172,HPHPHPPPHHPHPPPPHPPP
14173,HHPPHHPHHPPHHPHPPPHH
14174,PHHHHPHHPPPPHPPHPPPP
14175,HPHPPPHPPPPHHHPHPPPP
14176,PHHHPPHHHHPHHPPPHHPH
14177,PPPHPPPPHHHPPHHHHHHH
14178,PHPHHPHHPPHPPHHPHHHP
14179,HPHHPPPHHPHHHHHHHPPP
14180,HPPPPPPHHHHHPHPHPPPP
14181,PPPHHPHHHHHHPHPPHHHP
14182,HHPHHHPHPHPPHHPPPHPH
14183,PPHPHPHPHPHPPPHPHPHH
14184,PHPHHHPHHPHHPHPHHHHP
14185,HPPHHHHHPHPPHPHPPPHH
14186,HPHHHPPHHHPPHPPPPPPH
14187,HPHHPPPHHHPHPPHHPHPH
14188,HHPPPHPPPPHPPHPPHPHP
14189,PHHPHPPHPPHPHHPHHPHH
14190,HPPHHPHHHPPPPPPPHHHP
14191,HPHPHHHHPPPPHPHPHPPH
14192,PHPHHHPPPHPPHHHHPPHH
14193,HHPHHPPHHHPHPHHHPHHP
14194,PHPHPPHPHHPHHHPPHPHP
14195,HPPPPHHPHPHPHHPPHHHH
14196,PHHPHPHPPPHHHHHHPPHP
14197,HHPHPPHPPHHHPPHHPPPH
14198,PHPHPPHPHPPPPHHHPHPH
14199,HPHPPPHHHHHPPHHHPPPP
14200,HHHHHHPPPPPPPPPPHPPH
14201,PHPHHHPPPHHHPHHHHPPH
14202,HHPPHPPPPPPHPHHHPPPP
14203,PHPHPHHPHHPHHPPHHHPH
14204,HHHHHPHHHHHPPPPHPHHP
14205,HPHHPHPHPHPPHPHPHPHP
14206,PPHPHHPPPHPPHHPPHHPH
14207,HPPHPPPPPHHPHHPHPHHP
14208,HPHHHHHHHHHPHHPHHHHH
14209,PHHHPHHPPPPHHHPHHHPH
14210,HHHPHPPHHPHHHHPHPHPH
14211,HPPPPPHPHHHPHHPPHHPH
14212,PPPHPHHPPPPPHHHPPPPH
14213,PPPHHPPHPHHPPHPHPPPP
14214,HHPPPPPHPHHHPHPPPPHP
14215,PHHPPPPHHPPPHPHHPHPH
14216,HPPHHHPPHHPPPHPPPPPH
14217,PPHPHPHPHHHPHHHHPPPP
14218,PHHPPHPHPHPPPPPPHPHH
14219,HHHHHPHHHPPPPHPPHPPH
14220,HHHPHPPHHPPPPPPHPPPP
14221,HHPPPPPHHHPHHHHHPPHH
14222,PHHHPPPHHHHHHPHPPHPP
14223,HPHHPPHPPHPHPHPHPPPH
14224,PPPPHPPHHPPHHPHHPHHH
14225,PPPPHHPPPPPHHHPHHPHP
14226,PPHHHHHPHPPPHPPHPHHP
14227,HHPPPPHPHPPHPHPPHPPH
14228,HPPHPHPPHHPHHPHHPHHH
14229,PPPHHHPHHHHHHPHPHPHH
14230,HPHHHHPPHHHHPHHHHPPH
14231,PPHPHPHHHHHHPHPPPHHP
14232,PHPPHHHHHHHHHPPPPPHP
14233,HHHPPPHPPHHPPHPPPPPP
14234,HPPHPHPPPPHPHPHPHPHH
14235,PHHHPPPHPHHPPPHPPHPH
14236,PPHHPPHPPPPPPPHHPPPH
14237,PHHPHPPPHPHPHPPPHPPP
14238,PHPHPPPHHPHHPPPPPPPP
14239,PHPPPPHHHHHPPHHHHHPP
14240,HPHHHHPPHPPHPPPHHHHH
14241,PPPHHPHPHPHPHPHHPPHH
14242,PHPHPPHHPHHHHPPHHPPH
14243,HPHHHHPHHHHHHHPHHHPP
14244,PPHPHPHPPHPPPHPPPHPH
14245,HPPPPPPPPHHHPHHHHPPH
14246,PPPPPHHPHHPPPHHHPHPP
14247,PPHHPPHHHPPPHHPHHHPP
14248,HHPPPHPPPPHHPPHPHHHP
14249,PHPPPHHHHPPPPPHPHHPH
14250,PHHHHPPPPHHPPPHPPPPP
14251,HHHHHPHPHHPPPPPHPHPH
14252,PHPPPPHPPPHPPHPPPPHP
14253,HPPHPHHPHHPHPPHHPHHP
14254,HHHHPHHHHHHHHPPHHHHH
14255,PHHHHHPPPPHHPPHHPPPP
14256,HHPPPPHHHHHHHHHHHHPH
14257,PPHHHPPPHPHHHPPHHHHH
14258,HHPHHHHPHHPPHHPPHHHH
14259,PPPHPHPHPPHHHHHHHPPP
14260,PHPPPPHPPHPPPPPPHPPH
14261,HHHHHHHHHHHPHHHHPHHP
14262,HPHHPHPPPPHPPHPHHPPH
14263,HHHHHPPHHPHPHHHHHHPP
14264,HHPPPHHPPPHHHPPHHPPP
14265,HPHHPHPPHPHHHHHHHPPH
14266,HHHHPHPPHHHPHPHPPHPP
14267,PHPPHHPHPHHHPPPHPHPH
14268,PHPHPPPPHHHPPPPHHPHP
14269,HPHHHHHHHPPPPHPHPPHH
14270,PHHHPHHPHHHHPHPPHPHH
14271,PPPHHHHPHPHHHHHPPPHP
14272,PHHHPPPHPPHPHHHHHPHP
14273,HPPHPHPPPHPPPPPPPPHH
14274,PPPPHPHHHHHPPPHPPPPP
14275,HPHHPPHPPHPHHHPPHPPH
14276,HHHHHPPPHPHHPHHPHPHP
14277,HHHHHHPHHHHPHHPPPPPP
14278,PPHHPHPHHPHPPHPPHHHH
14279,PPHPPPPHPPPPHPHPPPHH
14280,PPHHHHHPPHHPHPPHHHPH
14281,PPHPPPHHHPHPPHHPPPHP
14282,HHHHPPPPHPPPPPHPPPHP
14283,PHPPPHHPPPHHPPPPHPHH
14284,PPPHHHHHPHPHPPHHPHPH
14285,PHHHPHPHPPHHHPHPHPPP
14286,HHHHPHPPHPHPPPPPPHPP
14287,HPPHPHHPHPHPHPHHPPPP
14288,PHHPHPHPPHHPHPPPPHPP
14289,HHHHPHHHPHPHPPPHHPHH
14290,PHPPHPPHPHPPHHPHPPHH
14291,PHPHHPPPPHHPHHPHPPHP
14292,PHPHPHHHPHPHHHHPHPHP
14293,HPHHHHPHHPPPPHHPHHPH
14294,HPHPHHHHPPHHHHHPHHHH
14295,PPPPHPHPPPHHPPHHPHHP
14296,HHPHPPPHHPHHHPHPHPPP
14297,HPHHPPPPPHHPPPPPHHPH
14298,PPHPHHHHHHPHHPHHHPPP
14299,PPPHPPPHPPHPHPHHPHHH
14300,HHHHHHPPHHPPPPPHPPHP
14301,PHPHPPHHHHPPPPPHPPPH
14302,HPHHHPHPPHHHHHPHPHPH
14303,PPPHPHPHPHHHPHPHHPHP
14304,HHPPPPPPPPHHPHPHHHPH
14305,PHPPHHHHPPHPHHHHPPHH
14306,HPPPPPHHPPHPPPPHHHPP
14307,HHHHHHHHPHHHPPPPHHPH
14308,HHHPHHHPPPPHHHHHPHPP
14309,PHHPPHPPHHPHPHPHPPPH
14310,HPPHHHPHPPPHPHHHPHPH
14311,PHHPPHHPHHPPPPHHPHHH
14312,PPHPHPPPPHPHPPPPHHHH
14313,HHHHHPPPHPHPHPPPPHHH
14314,HPHPHPPPHHHPHHPPHHPH
14315,PPHHPPPHHPHHHPPPHPHH
14316,HPPHHPPPHPHHHPHPPHPP
14317,HHHHPHHPPPPHPHPHHHPH
14318,HHHHPHPPPPPHHPPHHPHH
14319,PHHHHHPPPPPHPPPHPHPH
14320,PPHHHHHHHHPHPPPPHHPP
14321,PPHHPHPPHHPHPHHPHHHH
14322,PPHHHHPPHHPPPHHPPPHP
14323,HPHPHPPPPHPHHPHPPHPP
14324,PPPHPHPHPHHHHPHHPPHH
14325,PHHPPHHPPHPHHPPPHPHP
14326,PHPPPHPPPPPPHHPHPHHP
14327,HPHPHHHHHPHPHHPPPHHH
14328,PPPHHPPHHHPPPPHPHHHP
14329,PPHPPPHPHHHPHHHPPPPH
14330,PPPPPHPPPPHPPHPPHPHP
14331,PHHPPHPHPPPPPHHPPHPH
14332,HPPPPHPHPHHPPPPPHHHP
14333,HPHPPHHPHHHHHPHHPPHP
14334,HPHHPPPHPPPHPPHHHHPH
14335,PHPPHHPPPHPPHPPPHPPH
14336,PHPPPHHHPPPHHPHHHPHH
14337,HHHHHHHPHHPPPHHHPHHH
14338,HHPHHPPPHHHHHHPHHPHP
14339,PHHHPHPHPPHHHPPPPPPH
14340,PHHHPPPHHHHPPHHPHHPP
14341,PPPPPHPPPPPHHHHPPPHH
14342,HHPHPPPPHHHHPPHHPPHH
14343,HPHHHHPPHHPPHHPHHPPH
14344,HHPHHPHHHPHPHHHHHPPP
14345,PPPHHHPHHPHPHHHHHPPP
14346,HPHHHPPHPHPPPHPPHHPH
14347,HPPPPHHPPPHHHPHHHHPH
14348,HHHHPPHHHHPPPPHHHHPH
14349,PHHPPPPHHPPPPPHPPHPP
14350,HPHHPPPPHPHPHPHHHPPH
14351,HHPPHPPPPPPPPHPHPPPP
14352,PHPHPHHPPHPPPHPHHPHP
14353,PPPPHHPPPHPHHHHHHPHP
14354,PHPPHHHHPHHPHPHHPPHP
14355,HHPHPHPPHPHPHPHHHHHP
14356,PHHPHHHPHPHHPPPHPPHH
14357,HHPHHPPHHHPHHHPPPPHH
14358,HPPHHPHPPPHPPPPHPHPP
14359,HHHPHHHPHPPHHHPHPPHH
14360,PHHHPHHHPHHPHPPHHPHP
14361,PPPPHHPPHPHPHPHHPHHH
14362,HHPPPHHHPPHPPHHHHPHH
14363,PPHPHPHHPPPPHHPHHHHH
14364,HPHPPHPHPPHPHPPPHHPH
14365,HHPPHPPPHHPPHPPPHPHP
14366,HHHHHPPPHPHHHHPHPHPP
14367,PHPHPPHHPHPHPHPHHPPP
14368,HHHPPPPHPHPPHPPPPHPH
14369,HPPHPPPPHHHPPHPPPPHH
14370,HPPHHPPHPPHPHHHHHPPP
14371,PPPPPPPHHHHHHPPHHPPP
14372,PHHPPPPHHPPHPHPPPPPP
14373,PHHPHHPPPPHPHHHHHHHP
14374,HPHHPHPPPPPHHPPHPPPP
14375,HHPHPHHPPPHHPHPPPPPP
14376,HHPHHPHHHPHHPPPHPHPP
14377,HHPHPPHHPPPPHPPHPPHH
14378,HHHPHPPPHHHHPHPHPHHP
14379,HPHHPPPHHHHPHPPHHPPP
14380,PHPPHPPPPPHHHHHPPPPH
14381,PHPHPHPPHHHHPPPHPPPH
14382,HHHHPHHHHHHPHHHPPPPP
14383,HHPPHPHPHHHPPPHHPHHH
14384,PPPHHPPPHPHPPPHHPPPP
14385,HPPPPHPPHHHPHPPHHPPH
14386,HPHHPPHHPPHHPHPHHPPP
14387,PHPPPHPPPPHHPPPPHHHP
14388,PHPHHHHHPPPPPPPHPPPH
14389,PHPPHPHPPHPHPHPPHHPH
14390,PHPHHHHPHPPPHHPHPPHH
14391,PHHPHHHPHPHHPPHHHPHP
14392,PHPHHHPPHHPPHHPHPHHH
14393,PHPHPHHPPHPHHPHPHHPP
14394,HPPHPHHHPHHHHHHHHPHP
14395,HHPHPHHHPPHPHPHPHHHP
14396,PPPHPHPHHPHPHHPHPPPP
14397,PPHPPPHPHHPHHHPPHHPH
14398,HPHPPHHPHPHPPHPPHHPP
14399,HHPHPHPPPHHHPPHHHHHH
14400,PPHPHPPHPPPPPPHPPHHH
14401,PPPHPPPHPPHHPHHPPPPP
14402,HPPHHHHHPHPHPPPPPHHP
14403,HPHPPPHPPHHPHHPPHPHH
14404,PHHHHHHPPHPPHHHPHHHH
14405,PPPPPPPHHPHHHHPPPPHP
14406,PPHPPHHHPHHHHPPPPHHH
14407,PPHHHPHHPPHPPHHPHHPP
14408,PPPHHHHPHHHHHHHPHPPH
14409,PPPPHPPHPHPHHHHHHPPP
14410,HHPPPHPHHPPPHHPPHHHP
14411,HHPPPPHHHPHHPPHPPHHH
14412,HHHHHHPPPHHPHHHHHHHP
14413,HHPPHHHPHHHHHHPHPHHP
14414,HHHPHHPPPHHHHHPPPHHH
14415,HHPHHHPHHPPPPHPHPPPP
14416,HHPHHPHPPPHPHHPPPPPH
14417,HPHPHHPPHHPPHHPHPPHH
14418,HPPPHPPPHPPHPPPPHHPP
14419,PHHHPHPHHHHHPHPHHHPH
14420,HPPHPPPPPPPHPHPHPHPH
14421,HPPPHPHPHHPPPPPPPHPH
14422,HPPPPPHPPPHHPPPHHHPH
14423,PPHHPHPPPHPHHPPPHPHH
14424,PHHPHHHHHHPPPPHPHPPH
14425,PPPHPPPHHHHHHPPHPHPP
14426,PPPPPHHHPPHHHHHPPHHP
14427,HPPHPHHHHHHPPHHHHHPP
14428,HHHHPHHPHPPHPHHHPHPP
14429,HPPPPHHHHHPPPPPHPHHP
14430,HHHPPHHPPHHHPHHPHHPH
14431,PHPHPPHHPPHPPPPPHPHH
14432,HHPPPPHPPPPHPHHHPHHH
14433,PHPHHPHHHPPHPHPPPPHP
14434,PPPHPPHPHPHPHHPPPHPH
14435,PHPHPHHHPPPPPHHPPHPH
14436,HHHPHHHHHHHPHHPPPHHP
14437,PHHPHHPPHHPHHPPHPHHP
14438,HPPHPPPPHHHPPHPHPHHP
14439,PHHHHHPPHHHPHHPPPPHP
14440,HHPHHPHHPPHPPHPHHPPP
14441,HHHPHPHHPPHPHHPHPHPP
14442,PPHHHPHPHPHHHHPPHHPH
14443,HPPPPHHHHPPPHPHPPPPH
14444,HPHHHPHPPPHPHPHHPHPP
14445,PHPPHHPHHPHPPPPPPPPP
14446,HHHHPHPPHHHHHPHPPPHH
14447,HPHHPHPPPPHPHHPHHHHP
14448,PPPHHHHPHHPPHPHPPPPH
14449,PHPHHHPHHPHPPHPPPHHP
14450,HPHHHPHPPHPHPHHPHHPH
14451,PHHHHPHPPHPHHPPHHPPH
14452,PPPPHHHHPHPHPPHPHHPH
14453,HPPPHHHHPPHHHPHPPHPH
14454,HPHPPPHHPPPHPHPPPPPH
14455,HHHHHPPPPPPHPPPPPHPP
14456,HPHPPHPHHPHHHHPPHPPP
14457,PPHPPPPHPPPPHPPPHHHH
14458,PHHPHHPHPPPHPHPHPPHP
14459,HPPHPPHHHHHPHHHPHHHH
14460,PHPHPHHPHHHHPPPHPHPP
14461,PPHHPPPHPHHPHHHPPHHP
14462,PPHPHHPPHPHHPPHHPPPP
14463,PPHPHPHHHPHPHHPHHPHP
14464,HHHHPHHHHHPPHPHHHPHH
14465,PHHPPPHPHHHPPHHPPPHP
14466,HPHPHPPPHHHHHPPHPHHP
14467,PHPHPHPHPPHPPPHHPHPP
14468,HHPPHHPHPPPHPPHHHHHH
14469,PHPPHHHPHHHHHHHPPHPP
14470,PHHPPPPHPPHHHHHHHPPH
14471,HPPHHPPHHHPPHPPHPHPP
14472,HHPPPHHHHHPPPHPPPPPH
14473,HPPHPPHHPPHHPHHPPPPP
14474,HHHPHPPPHPPHPHHPPPPP
14475,PHPPPPHPPHHPPPPHPHPH
14476,HPPPPPHHHHHPPHHPPHHH
14477,HPHPHPHHHHPHHPHPPPPP
14478,PHPHPPHPPPHHPHPPHPHP
14479,HHPPHHPPHPHPHHHHPHHP
14480,PPHPPHPPHHPPPPHHPHPH
14481,HPPPHPHHPHPHHHPPPHPP
14482,HPPHHPPPPHHHPHPHHPPH
14483,HHHHPPPHHPHPPPHHPPPH
14484,PHHPHHPPHHPHHPHPHHPP
14485,HPHPPPPHHPHPHHPHHHHH
14486,PHPHHPHPHHPPHPHHHHPH
14487,PHPHPHHHHPHPPHHHPHPP
14488,PHPPPHHHHHHHHPHPPPHH
14489,PHPHHPHHPHHPPHPPHHPH
14490,PPPHHPHPHHPPPPHPHHHH
14491,PHHHPHHPHHPHHHPPPPHH
14492,HPHHPPPHPPPPHPPPHHPP
14493,HHHPPHPPPHHHHPHPHPHH
14494,PPPPPPPHHHHHPHHPHHHH
14495,PHHPPHHPHHHPHHHHPHPH
14496,HHPHPHPHHHHPHPPHHPHP
14497,HHPHHPHPPHPHHPPHPHHP
14498,HHPHHHPHHPHHPHPPPPHP
14499,PPHHHPHHHHHHPPHPPHPP
14500,HHHPHPHPPHHPPPPPPPPP
14501,HPHHPHPPHPPHHPPPPHHH
14502,HPPHHHHPHHHPPHPHHHHH
14503,PHHPPHPPHHPHPHHHPPPH
14504,HPHHHPPHPHPPHPHPHHHH
14505,HPHPPPPPHPHPHPPHHHPP
14506,HHHPPPHPHHHPPPPHHHPH
14507,HPPPHPPHPHHHHHPHPPHH
14508,HHHPPPHHPPHHHHPPPHPH
14509,HHPPPHPHPHPPPHHHPPHH
14510,PHPHPHHPPHPHHPPPHHHP
14511,HPHHHHPHPPHHHHHPHHHP
14512,HPHPPPPHHPHPHHHPHHHP
14513,HHHPPHHPHPPHPPHPHPHH
14514,HHPPHHPPHPPHHHPPPPHH
14515,HHPHHHPHPPHHPHPPHPPH
14516,PPPHHHHPHHPPHHHHPPPH
14517,PHHHPHHPPPHPHHHHPHHP
14518,PPHHHHPHHPHPPPPPPPPP
14519,PPPPHPPHHPPPHHHHPPPH
14520,PHPPHPPPPPHHHPHHPHPH
14521,HHPHPHHHPPHPHHPHPHPH
14522,HHPPHHHHPHPHHHPHHHHP
14523,PHPHPPHHHHPPPHHPHPPP
14524,PPHPHPHPPPHPPPHHPPHH
14525,PPHHPHHHPHPHPHPHHPPH
14526,HPPHHHHPPHHHHHPHPHPP
14527,PHHPPHHPHPHHHPHPHPPH
14528,HPHPPPHPHHHPHPPPHPPP
14529,HHPPHPHPPPPPPPPPPHHP
14530,HHPPPPPPPHHHPHPPHHPP
14531,HHPPHHHHHHHPHHHPHPHH
14532,HHPPPPHHPHHHHPHHPPPP
14533,HPPPHPHHHPHHPPHHPHPH
14534,HPHPPHPPPPHHHHPPHPHP
14535,HHPPHPPPHPPPHHHPHHHH
14536,PHPHPPHPHHPPHHPPPPPP
14537,PHHPPPHPHPPPPHPHHPHH
14538,PHHPHHPPPPHHHPHHHPHH
14539,PHPHPHPHHPHPHPPPPPPP
14540,HHHPPPHPPPPHHPPPPHPH
14541,HPPPHHHHPPHHHHHPHPHP
14542,PHPHPHHHPPHHPHPPPHHP
14543,PPPPHPHHPPHPHPPHHPPH
14544,HHHPPPPHHPPPPHHPPPPP
14545,PHPHHHPPHPHPHHHPPHHH
14546,PPPHHPHPHPPPHPPHPPPP
14547,PPPPPHHPPPPPPHHPHHPH
14548,HPPPPPHHPHHHPHHHPPPP
14549,PPHPPPPHHPHPHHHHPPPH
14550,HHHPHPPPHHPHPHHPHPHH
14551,PPHHPHPHPPHPHHHHPPPP
14552,PHPPHHPHHPHHPPPHPHHP
14553,HHHHHPHPHPHPPHHHPPHH
14554,HHPHHHHHPPHPHPPPHHPP
14555,HHPHPPHHPPHPHPPPPPHH
14556,HPPHHPPPHPPPPPHPHHPP
14557,HHPPPHHPPHPPHHPPPPPP
14558,PHPHHPHHPPPPPHHPHHHH
14559,PHHHHPHPHHPPHHHHHHHH
14560,PHPPPHPPPHHHPPPPPPHP
14561,HPHHPHPPPHPPHPPHHHHP
14562,HHHHHPHPPHHHHHHPPPHP
14563,PPHPHHPPHPPPPPPPPPPH
14564,HHHHPHHPPPPHHPPHPPHP
14565,HPHHHPHPHHHPHPPPPHPH
14566,PPHHPHPPPPHHHPHHHPHP
14567,HHHHHPPHHPHHHPPHHPPH
14568,HHHHHPHHHHPHPPHPHPPP
14569,PPPHHPPHHHHHHHHPHPPP
14570,PPHPHHPHPPPPHHHPPHHP
14571,HHPHPPHPPHPHPPPPPPPH
14572,HPPPPPPPHPPHPHHPHPPH
14573,PHPHHPPHHHHHHHHPHHHH
14574,PPHHHPHPPPPPPHPPHPPH
14575,HPPPPPPHPHHHHPPHHHPP
14576,PPPHPPHPHPHPPPPHHPPP
14577,PPPHHHPHHHPHPPPHHHHH
14578,PHPPHPHPPPHHHPHHHPHH
14579,HHHPHHPHHHHHPHHHPPHP
14580,HPPPPHHHPPHHPPHHPHHH
14581,PHPHPPPPHHHHHPHHPPPH
14582,PHPPPHPPPPPHHHHHPPPP
14583,PPPPHHPHPHHPPHHHHPHH
14584,HPHHPHHHPPHPHHPPPHPP
14585,PHHPPHPHHHHHPPPPHPHH
14586,PPHHPHHHHHPHHHHHHPHH
14587,HPPHPPPPHPHPHPPHPPHH
14588,PHPPHPHHPHHPPPPHHHPH
14589,HHPPHPHPPHPHPPPPPHPP
14590,PHHPHHHHHHHHPPHHPPHH
14591,HHHHHPHHPHHHHHHHPPHH
14592,HHPPPHPHHHPHHPHPHPHP
14593,HPHHPHPPHPHHHPHHPHPP
14594,PHHHPPHPPPPHPHHPPHHP
14595,PPPHHPPHPPPPHPHPHPPP
14596,PPPHPPPPPPHPHHHPPPHH
14597,PHPHPPHHPPHHPPHHHPHP
14598,HPPHPHHPHHHHHHHHPPHP
14599,PHHPPPHHHHPHPPHHHHHP
14600,HPPPHHHPPHPPPPHHHPHH
14601,HPPHPHHHHPPPHHHHHHPH
14602,HPPHHHPPHPPPHHPPPPPP
14603,PPPHHHHHHHPPPHHHPPPP
14604,HPHPHHHHHPPHHPHPPHPH
14605,PHPHPPPHPHHPHHPPHHPH
14606,PHPHPPPHPPPPHHPPHHPH
14607,PPHHPHHPHPPPHPPPHHHH
14608,PPHHHHHHPHPPPHPPPHHH
14609,HPPHHHPPPHPHHHPHPPHP
14610,HPPPHPPHHPPHHPHHPHHH
14611,PHPPPHHPPPPHHPHPHHHH
14612,PPHPPHHPHPHHHPPPHHHH
14613,HPPPHHHPHHPHPPHHPPHH
14614,PPHPHPPPPPHPHHPPPPHH
14615,PPHHHPPHPHHPPPHPPPPH
14616,PHHHPPHPPHPHPHPPHPHP
14617,HHPHHHPPHHHPPPHHPPPP
14618,HHPPPHPPHHPPHPPPPPHH
14619,PHPPPHPPHPHHPHHHPHHH
14620,HPPHHPHHPHPPHHPPHHHP
14621,PPHHPPHPHHHHPPHPPPHH
14622,HPHHHHPHHHHHHPPHPPHP
14623,HHHPPPHPPHPPPHHPPHPP
14624,HHHHPPHHHHHPHHPPHPPP
14625,HHHPPHPHHPPHPHPHPHPH
14626,PPPPHPHPPHPHHHHPHPHH
14627,HPHHPPHHPHHPHPPHHHPP
14628,HHHPPHHHPPPPHPHPHHHH
14629,PHPPPHPPPHHHHPHPHPPP
14630,HHHPHPHPHPPPPPHHHHHH
14631,HPHPPHHHHPPPPHHPPPPH
14632,PHPPPHHPPHPPPPPHPHHP
14633,PPPHPPPPPHPPHHHPPHHH
14634,PHPHHPPPHPPHPPPHHHHH
14635,PPPPPHHPPPHHPPPPHPHH
14636,PPHPHPHPPPHPHHHHHHHH
14637,PPHPPPHPHPHHHPPPPPPH
14638,HHHPHHPPHHHHHPPPPPHP
14639,PPPHPHPHPPPHPHPPHHHH
14640,HPPPPPPHPHPPPHPPPHPP
14641,HPPHPHHPHHPHHPPHHPPH
14642,HPHPHPPPHHPHHHPHHHHH
14643,HHPPHPPPHPPHPPPHHPPH
14644,HPHPHHHPPPPPPHHPHHHP
14645,PHPHHPPHHPHHPHHHPPPP
14646,PPHPPHPPPPPHHHPHHPPH
14647,HHPHHHHPPPHPHHPHHHPP
14648,HHHPHPHHPPPHHPPPPPPH
14649,PPHHPHPHPHPPHHPPPPPP
14650,HHHPHHPPPPPHHHPHPHPP
14651,PHHHHPHHPHHPPHPPHPHP
14652,PHHPPPPPHHPHPPHPHPHP
14653,HHHHPHHPHPHPHPHHPPHH
14654,PHHHHPPHPHPPPHPPHPPH
14655,PPPPHPHPHPHPHPPPHPPP
14656,HHHPPHPHHHPHHPPHPHPP
14657,PPPHHPHHHPPHHHHPPHPH
14658,HPHPPPHPHHPHHPHHHPPP
14659,PHPPPHHHPHHHHHHPPPHP
14660,HPPPPPPHPHHHPPHHPPPP
14661,HPPHPHPHPHHPHHPPPPHH
14662,PHPPHHPHPHHPHHPPHPHP
14663,PHHHHHHPHHPHHPPHHPHH
14664,HHPHPPPHHHHHPPPHHHPH
14665,HHHHPPHHPPHPPPHPHHHP
14666,HPPHHHPPHPHHPHHHPHPP
14667,HHHPHPHHPPHHPPPPPHPH
14668,PHHPHHPPHPHHPHPPHPHH
14669,PPHPHPPPHPPHPPHHPHPH
14670,PPHHPHPPPPHHPPHPHPHH
14671,HHPHHHHPHHHPPHPHPPPP
14672,PHHPHPHPPPPPHPHPPPHP
14673,HPPPHPHPPHHHPHHHPPPP
14674,HHPHHHPHHHHPPHHHPHHP
14675,HPHHPHHHHHHHPPHHHPPH
14676,HPHPPPHHHPHPHPHPHPHP
14677,PPHHHHHPHHPPHPPHHPPH
14678,HHHHPHPHPHHPHHHPPHPH
14679,HPHHPHPHPHPHHPPPPHHH
14680,HPPPPPPHPHPHHHPPPHPP
14681,PHHHHPPHPHHHPPHHHHHH
14682,HPHPPHHPPPHPPHHHHPPP
14683,HPPHPPHPPHPPHHPPHPPP
14684,HPPPPPHPHHPPHHHPPPHP
14685,HHHPHPHHPPPPHPPPPHHH
14686,HHHPPHPHHPHPPPPHHPPP
14687,PPPHPPPHHPHHPPHHPHHH
14688,PHPHPHPPHHHPPPHHPPPH
14689,PPPPHHHPHHHHPPHHPPHH
14690,HHPHHHHHHHPHHHPHHHHP
14691,PPPHPPHHPHHPPHPPHPPH
14692,PHPPPPPHPHPPPHHHPPHH
14693,HHPPPHPPPPHPPHHHPPHP
14694,HHHPHPHPHPHHPHHHPHHP
14695,PHPPPPHPHHHHHHHHHPPH
14696,PPHPHPHPPPPPPHPHPHHH
14697,PPHHHPPPHHHPHHPPPHHH
14698,HHHHHHPPHPPHHHPHPPPP
14699,HPHHHPPPHPPHHHHPPPHP
14700,PHPPPHPHHPHHHHHPHHHH
14701,HHHPHPHHPHPHHHPHPPPH
14702,PPPPHPPHPHPHHPPPHHPH
14703,PHHHPHHPHHPPHHPPPHPP
14704,PPPPHPHPHHPPHHHPHHPH
14705,HHPHPHHPPHHHHPHPPPHH
14706,PPHPHHPHPHPPPHHPPHHH
14707,PHHHHPHPPPHHHPPPPHHP
14708,HHPPHHHPHHHPPPPPPHHH
14709,PHPPPPPPHHPHHPPPPHPH
14710,HPPPHHHPPPPPPPPPPPPH
14711,PHHPHHPPHHHPPHPHHHPP
14712,PPPPHHHPPPHPHPHPHHHP
14713,HPHHPHHPHPHPPPHHPHHP
14714,HHHHPPPPPPHPPPHHPPPH
14715,HHPHHHHPPHPPHHPHHPPH
14716,PHHPHPPPPPHHPPPHHHPH
14717,PPPHPPPHHHPHPHPHHHHH
14718,PPHPPPPHHHPPPPPHPPHP
14719,PHHPPHPHHHHHPHHHPPHP
14720,HHPPPPPPHHHHPHHHPPHH
14721,PPPHHPHPPPPHHHPPHPPH
14722,PHPPHHHPHPPPHPHPPPHP
14723,PPPPHHPPPHHPHPHHPHHP
14724,PHHPPPPHPHHHHPPHPHHP
14725,PHPPPPHPPPPPPHHPHPPH
14726,HPHHHHPHHHHHHPPPHPHH
14727,PHPHPHHHPPPPHPPPPPPP
14728,HHHPHHPPHPHPPHPHHHHP
14729,HPHPHPHHHPPHPHHHHHPP
14730,HHPPHHHHHHHPHPHHHPHP
14731,HHPPHPPPHPPHPPPPPPHP
14732,HPPPPHPHHHPPPHPHPPHP
14733,HPPHHPPPPHPPPHHHHPHP
14734,PHPHHHHPHHHHHPHPPHPH
14735,HPPPHHHHHPPHPPPPHPPP
14736,HPHHHHHPPHHHPHPHPHHP
14737,PHHPHHPPPPPHHHPHHHPH
14738,PPPHHPHHPPPPPHPPHHHH
14739,HHHHPPHPHPPPPHPHHPPH
14740,HHHPPHHHPPPPPHHHPHHP
14741,HPPPHHHHPHHPPPPPHPHH
14742,PPHPHPPPPHPHHHPHPPHH
14743,PPPHPHPHHPHHHHPPPPHH
14744,PPPHPPHPHHHPHHHHPPPP
14745,PHPPHPHPHPPHHHHPHPHH
14746,HPHPPPPHPHPPHPHPPHPH
14747,HHPHPHPHPPPPHPHHHPPP
14748,PHHPPPPHPPPPPHPPPPPH
14749,PPPPPHHHPPPPPPPHPHPP
14750,PPHHPPHHHPHHPHPPPHHH
14751,HHHHHPPHHHPPPHPPPPHH
14752,HHHPHPPPHHPHHHPHPHPH
14753,PHHHHPHHPHHHHHPPHPPH
14754,PPPPHPHPPHPPPPHHHHHH
14755,HHHHPPPHPHHPPPPHPHHH
14756,PPHPHPHHPHPPHPPPPHHP
14757,HPPHHHHPPPHPHPHHHPPP
14758,HPHPHHHPPHPPHPHPHHPP
14759,HPPPHHHHHHHPHPHPHHPH
14760,PPPPHPPHHHHPHPPHPPHH
14761,PPHHPHPPHPPPHHHPPPHH
14762,PHPHHPPHHHHPHPPPPPPP
14763,PPPHHHPPHPPHHHPPPPPH
14764,HPPHPHHHPPPPHPPPHPHP
14765,HPPPPPPHPHHHHPHHPHPP
14766,HHHHPHPHPPHHPHHHPHPP
14767,PPHPHHPHPHHHHPPHHHHP
14768,PHHPPHPHPHHPHHHHPHPP
14769,PHPHHPHHHHPHPPPPPPHP
14770,HPHPPHHPHHHPHPHPPPHP
14771,HHPPPHHHHHPPPHPPPHHH
14772,HPHPHPHPPPHHPPPHHHPH
14773,PHPHPPPHPPHPHHHHPHHH
14774,PPHPPPHPHHPPHHPHPHHH
14775,PHPHPHPPHPHPPPPHPPHP
14776,HHPPPPPPPPHPHPHHHPPP
14777,HHPPPPHPPHPHPPPPPHPH
14778,HHPHPPPHPHHPPHPHHHHH
14779,PPHPHHPPHPPHPHPPHHHH
14780,HPHPHHHPHPPHHPHPPHHH
14781,HPPHHHPPHHPPPHPHHHHP
14782,PHPPHHHHPPPPPPPHPHHH
14783,HHHPHPHHHHHHPHPPHHPP
14784,PPPPHPPHHPHPHHPHHHHH
14785,HHPHPPPPPPPPPHHHHHHH
14786,PHPPPHHHHHHHPHHPHHHH
14787,HHHHPHHHHHHPHPPPHPHP
14788,HPHHPHPPHHPHHPHPPPPH
14789,PHHHHPHHPHPHPHHPPPPH
14790,PHPHHHPPHPPPHPPPHHPH
14791,HHPPHHPPPHPHPPPPPPHP
14792,PHHHHPHHHPPPHHPPPHHP
14793,PPHHHHPHPHHHPPHHPPHH
14794,PPHHHPHHHPPPHHPHHHPP
14795,PHHHHHHPHPHPHPPHHPHP
14796,HHPPHPHPHPPHHHPPHHPP
14797,HPHPPHPPHPHHHHPPPHHH
14798,PPPPPPHHPHPHHPHPHHHP
14799,HHPHHHPHPHHPHHHHHHHP
14800,HHHPHHPHPHHHPHHPHHHP
14801,HHHPHPHHHHPHPPHHHHHH
14802,HPPHPPHHPPPPHPHPPPHP
14803,HHPPPPPHHPPPPPHHHPHP
14804,HPHPHPHPPPHPHPHHPHHP
14805,PHPHPHPHHHPPHPPPHPHP
14806,PPPHPHPHPPHHPHPHPPHP
14807,HPHHPHPPPPPPPPPPPHHH
14808,PHHPHPPPPHPHHPPPPPHH
14809,HPPPHHPPHHPHPPPPHHHP
14810,PHHHPPHHHHHPPHHPPPHP
14811,PPPPHPPHHPPPPHPPPHPP
14812,HPHHHPPPPPHPHPHPPHPP
14813,PPPPHPPPPHHHPHPPPPPP
14814,PPHHPHHPPPHPHHPPHPHH
14815,HHHHPPHPPHPPPPHPHHHP
14816,HHHHHHPPHPHHHPPHHPHH
14817,HHPPHPPHPPPPPPPPHHHH
14818,PHHHHPPPPHPPHHHHHHHH
14819,PPPPPPHHPPHPHHHPHPPH
14820,HHHPHHHHHHPPPPHPHPHH
14821,HHHHHHHPHHHPHPHPHPHH
14822,HPHHHPPHHHPPHPHPHPHP
14823,PHHPHHHHPHHPPHHHPPPP
14824,PHPHPHHHPPPHPHHPHHPH
14825,PPPHPHHHHHPHHHHHPHHP
14826,HHHHHHHPPPHHPPPPHHPP
14827,PHHPPPPHPPPHHPHPHHPH
14828,PHHPPPPPHPHHPHPHPHHP
14829,HPPHPHHPPHPPPHPPHHHH
14830,PHPPHPHHHHHHHPHHPPHP
14831,HPHPHPPHHHPPPPPPPPHH
14832,PHHHHHPPHHPHHHPPHPPP
14833,HPHHHHHHPPPPPHHPHHPP
14834,PHPHHPPHHHPHHPHPPPPH
14835,PPPHHPPHHPHHHHHHHPPH
14836,PPPHHHPHPPHPHHHHHHHH
14837,PHPHHPPPPHPHHHHHPPPH
14838,HPPPHPHHPPPPHPHHPPPP
14839,HPPPHPHHPHPPPHHPHPPH
14840,PPPHPHHPPPHPPHHPHHHH
14841,HHPHPPPHHPPPPHPHPHPH
14842,PHHPPHPPPHPPHHPPPHHP
14843,HPHPHHPPPPHPPHPHPHHH
14844,PPHHPPPPHHHPHPPHPPHH
14845,HPHHPHHHPHHPPHPHPHPP
14846,PPHPHHHPPHHPPHPPPHPP
14847,PHHHHPPPPHPPPPPPHHHP
14848,HPHPPPPPPPPHPPHHPHHP
14849,HHHPPHHPHPPHHPPHHHHP
14850,HHHHPPHPPPHPHHHHPHPP
14851,HPHPHHPHHHPPHPPHPHPP
14852,HHPHPHPPHPPHHPPPHPPH
14853,HPPHHHPHPHHPHHPHHHHH
14854,PPPPHPPHPHHPHPHHPPPH
14855,PPPPPHHPHPPHHHHHHHHH
14856,PPHPPPHHPHHPHHHHPPPP
14857,PHHPHHHHHPHPPPHHHPHH
14858,HPPPPPPPPPPHPHPHPHHP
14859,PHPHHHHHHPHPHPHPPPPH
14860,PPPHPPPHPHHHHPHPHPPP
14861,PPHPHHPHPHPPPPPPPPHP
14862,HPHPHHHPPHPPHPHHPHPP
14863,HPPHHHHHPPPHPPPPHPPH
14864,HHPHHPPPPHPHPPPHHHPH
14865,HPHPPHHHHHPHPPPHHPPP
14866,HPHPPHHHPHPPPHHPHPHH
14867,HHPPPHPHPPPPHHHHHPHP
14868,HHPHHPHPPPPPPHPPPHPH
14869,HPHHHPHHHHHHPHPHPPHP
14870,PHHPHPHHHHHPPHPHPPHH
14871,HHHHHHPPHHPPPPHHHHHH
14872,PPPPPPPPPPPHHPPPHHHH
14873,PPPPHPHPPPPHHHPPPPPH
14874,PHPPPPPPHHPHPPPPHPHP
14875,PPHPPHPHHPPHPPHPPHPP
14876,HHPPPPPHPHPHHHPPPHPH
14877,HHPPPPPHHPPHPPPPHPPP
14878,PPPPHHHHPPPHHHPHHPPP
14879,HPHPPHHHHPPHHHPPHPPP
14880,HHPPHPHHPHPHPPHHHPHP
14881,HPPHHPHPHPPPHPPPPHPP
14882,HPPHHPHPPPHHHHPPHHHP
14883,PPPHPHHHPPPHHPPPPPPH
14884,PPPHPPHPHPPHPPHHHHHH
14885,HPHHPHPHPHHPPHHPPPHP
14886,HHPHPPHHHPHHHPPHPHPH
14887,PPPPHHHPHHHPHPHPPHHH
14888,PHPHPHPHPHPHHHHPHHHH
14889,HHHPHHHPHPPPHHHPPHPH
14890,HHHPPHHPHPHPHPHHPHHH
14891,HHPPPHHPPHPPHPHHPPPH
14892,HHHHHHPPPPHPHHHPPPPP
14893,HHHPPPPPHHHHHHPHPHHH
14894,PHPHHHHPPPHPHHHHPPHP
14895,PHPHHHHHPHHPHPHHHPHH
14896,HPHHHHPPPPHHHPHPPHPH
14897,HPHHHHPPPPHPHPPPPHHP
14898,PPPHPHHHPHPPHPPHHHPP
14899,HHPPHPPPPPPPPPPHHHPP
14900,HPHHHHHPPPPHPHPHPPHH
14901,PHHPHHPHHPPHPHPPHHPP
14902,PHPHHPHPHPHHPHHHPPPH
14903,PHHHPHPHPPHHHPHPPHHH
14904,PHPPPHHPHPHHPPPPHPHP
14905,HPHHHPHPPPPHPPHPHPPH
14906,PPHHPHPPHHPHHPHPHHPH
14907,PHPHPHHHPPHPPHHHHPHH
14908,PHPPPPHPHPPHPPHHHHPP
14909,PPHHPHPHHPPPHPPPHHPP
14910,PHPPHPHHPHPPPHHHPPHP
14911,PHPPPHPPPPPPHHHHHHHP
14912,HPPHHHPPHPPPPPHHPHHP
14913,PPPPPPHHHHPHPHHPPHPH
14914,PPPHHHPHPHPPHHHPPPHP
14915,HHPHHHPPHPHPPPHHPPHP
14916,PHPPPHPPHHPHPPPPHHPH
14917,PPHPHHHPHHPHPPHHPPHH
14918,PHPPHPPPPHHHHHPHPPPP
14919,PHPPPHHHPHPPHHHHPPPH
14920,HPPHPPPHPPHHHPHPHHPP
14921,PHPHPPPPHPPHHPHPPHPH
14922,PHPPHHPHHHHPPHPPHHPP
14923,PPHHPPPHHPPHHHHHPPPP
14924,HPPPPHHHHPHHHPHHHPPP
14925,HHPPHPPPPPHHPHPHHPPP
14926,PPPHHPHPHHPPHHHHHHHH
14927,HHHHPPHHHPHHHHPPHHPH
14928,PPPPHHPPPPPPPHPHPHHH
14929,HPHHHPPPHPHHHPPHHPHH
14930,HPPPPHPPPHPHHPHPPHPH
14931,PHPPPPHHPPHPHHPHHHPH
14932,HPHHHHPPPHHHHPPHHPHH
14933,PPPPPPPHHHHPPPHPHPHH
14934,HPPHPHPPPHPPHHHPHPHP
14935,PHHHPPHHHHHPPHPPPHHP
14936,PPHPPHPHPPHHHPHHHHHP
14937,HHHHHHPPPPPPPPPHPPHH
14938,PHHHPPHHPHHPPPHHHPHP
14939,PHHPHHHHPPPPPHPHHHPP
14940,HHPPHHPHPPPPPPHPHHHP
14941,HPPPHHHPHHHPHPPHHHPP
14942,PPHPHPHPPHHHPPHPPPPH
14943,PHHPHPPPPHPHHPHPHHHH
14944,PPHHHHPPHPHHHHHPHPHP
14945,HHPHHHPPHHHPPHPHPPHH
14946,PPPHPHPHHHPPPHHPPHHH
14947,HHHHHHPHPHPPPPPPHPPH
14948,HHHHPHHPHHHHPHPHPPHH
14949,HHPHPPHHHHHHPPHPHHPP
14950,HPHHHPHHPHPPHPPPHPPP
14951,HPHPPHHPPHPHPHHPHPPH
14952,PHHPPPPHPPPPPHPHHPHP
14953,PPHPPPPHPPHPPPPPPHHH
14954,PHPPPPHPPPHHHHPHPHHP
14955,HPHPHHPHPPHPPHPHHPPP
14956,HHHPHHHPPHHPHPHPPPHH
14957,HPPHPHPPHPHPPPHHHHPP
14958,HPPPHPPPHPHHHHPHHPHP
14959,HPPPHPPHHHHPHPHPPHHP
14960,PPPHHPHHHPPHPHPHHPHH
14961,HHHHHPPPHPPPPHPHHHHH
14962,PHHPHHHPHPPHHPHPPHPH
14963,HHHHPPPPPHPPPPHHPPPP
14964,PPPHPPHPHPHHPPPHHHPH
14965,HPPPPHPHHPPPPHHHHPHH
14966,PHHHPPPPPPHPPHHHHPPP
14967,HPPHHPHPPPPHHHHHHPPP
14968,HPHHHPPHHPPHPHPHHPPH
14969,PPHHPHPPPHPHPPHPHHPP
14970,PHPHPHHHPPPHHHHPHPPP
14971,HPHPHPPHHPPPHPHHHHPP
14972,PPPPHHPHPHHHHHHPHHHH
14973,HHPHHPPPHPPPHHHPHHPP
14974,PHPPHPPPHHHPHPPPHPHP
14975,HHHPPPHHHPPPHPHPPHHP
14976,PPHPPPPHHPPHHHHHPHHP
14977,PHPHHPPHPHHPHPHPHPPH
14978,HHHHPHPHPPHHHHHPPPPP
14979,PPPHPPPPHHHPPPHHHPPP
14980,PHPPPHPHPPPHPHHPHPHP
14981,HHPPHPPPHHPHPPPPHPHH
14982,PPHPHPPHHPPPPHHHPHPH
14983,PHPPHPHHHHHPPPPHPPPP
14984,HHHPHHPPHPHHPHHPPPPP
14985,PPHPHPHHHPPHHPHPHPHH
14986,PHHHHPPPHHHHPHPPPPHP
14987,HPHHHPPHHHPHHPHPPPPH
14988,HHPPPPPHPHHPPHPHHPPP
14989,HHPPHPHHHHPPHPHHPPHH
14990,HPHPPPHHHPHPPHPHHHHH
14991,HHPHHPPPPHHHHHHPHHPH
14992,PHHHHHHHPPPPPHPPPHPP
14993,PHPHHHHPPPPPPPHHPPHH
14994,HPHHPPHPHHPHPHPPHPHH
14995,PPPPPHHPPHPHPPHPPHPH
14996,PHPPPPPHHHPHPHPPPPHH
14997,PPPHPHHPPHHPHHPPPPPP
14998,PHHHPPHPHPHPPHPPPPHP
14999,HHHPPPHHPHPHPHPHHPPH
15000,HHHPPPHPHPPPHHHHHHHH
15001,PPHHPHPPHPHHHHHHPPHH
15002,HHHPPHPPPPPPHHHPPHPP
15003,HPHPPPHPPPHPHPPPPHPH
15004,HPPHHPPPHPPHHPPHPHPH
15005,PPPHHHPHHPHPHHPPPPPH
15006,HPHHHPPHPHPPHHHHHHHP
15007,PPHHHPHPPPHPPPHHHPPP
15008,HHPPPHHHHHPPPHHPHHPH
15009,HPPPPHHHPHHPPHPPHPPP
15010,PHHHHPHHPHPHPHHPHHHH
15011,HHPHPPHPHHHPPPHPPHPP
15012,HPPPHPHHPHPPPPHPHPHP
15013,PPHHPPHPPPPHPHPHPPPH
15014,PHPPPPHHPHPHHPHPPPHH
15015,PPHHHPHHHHPPHPHHPHHH
15016,PHHHPHHPHHPPPHHHHHHH
15017,PPHPPPPHPPHPPPPHHHPH
15018,HPPHPPHHHPPPHPHPHPHH
15019,PPPPHHPHHHHPHPPPPHHP
15020,PHHHPPPPHHHPPPPPPHPH
15021,HPHPPPPPPHHPHPHHHPHP
15022,HPHPHPPPPHPHPHHPHHPH
15023,PPHHPHHPPPPPPHPHHHHH
15024,PHHHPPPHPHHPPHPHHPHH
15025,PPHHPHHPHPHHHPPHHHPP
15026,HHPHPHHPHHHHHPHHHPPP
15027,PHHHPHHPHPHPHPHHPPHH
15028,PHPHPPHHHHPHPHPPPHPP
15029,PPHHHHPPHHPHPPPPPPHP
15030,PHHHHPPHPPHHPPHPHPPH
15031,HHPPHPPHHHPHPPPHHPHP
15032,HHHHHHHPPPHHHPHHHHHH
15033,HPHPHHPHHPHPHHHHHHPH
15034,PHPPHHPPHPHHPPPHHPPH
15035,HPPPPPPPHPPHPPPHPPHP
15036,HPHPPPPHHPHPPPPHHPPP
15037,PHHPHHHPPPHPHPHHPPPH
15038,PPPHHPHHPPHPHHHPPPPP
15039,HHPHHPPPHPHHHHHHHHPP
15040,PHPHHPPHHHHPHHHHPHPH
15041,HHHPHHHHPPPHHPPPHPHP
15042,PHHPPHHHPHPHPHPPPHPP
15043,HPHPPPPPHPPHPHHHHHHH
15044,PHHHPPPPPPHPPPPHHHPH
15045,PPPPHPPHHPHHHHPHPPHH
15046,PHPPHPHPPPPPHPPPPHPP
15047,PHPPPHPHPPPPPPHPPHPP
15048,HHPPHHPPPPPHHHPPPPPP
15049,HHPPHHPPPHHPPPHPPPPH
15050,HPHHPHHHPHPHHPHHPHPH
15051,HHPHHHPPPPPPHHHPPHHP
15052,HPPPHHPHHPHPHPHHHHPP
15053,PPPHPPHPHHHHHHHPPHPH
15054,PPPHPPPHHPPHPPPHHHPH
15055,HHHHHHPPPPHPPPPHPPHH
15056,HHPHHHPPPHHPHPPHPHHP
15057,HPHHPPHPHPPPHPPPHPHP
15058,HPPPHHHPHHPHHHPHHHPP
15059,HPPHPPPPPPHHHPHHPHPP
15060,HHPHHHHHHHHPPHHHHPPP
15061,PHHHHHHPHHPHPHHPHPPH
15062,HPHHHHHPPPHHPPPHPHPP
15063,HPHPPPHPHHHHHPHPPPHP
15064,HPHHPHPHPHPHHPPHPHPP
15065,HHPHPPHHHPHHPHPPHHPH
15066,PHHHHPPHPPHHHHHHHHHP
15067,HPPPPPPHPHPHPPHHHPHH
15068,HPHPHHHPHHHHHPPHHPPP
15069,PHHHHPHPPHHHHPHPPPHP
15070,HHPHPHPHPHPHHPHHHHPH
15071,PPPPPHPHPHPHHHHHHHPH
15072,PHHPPPHHHHHPHHHHPHPH
15073,PPHHPHHHPHHHHHPHPPHP
15074,HPPPPHHHHPPPPHPHHPHH
15075,HHPPPHHHPHHHHHPPHPHH
15076,HHHHPHHPHPHPPHPHPPHH
15077,PPPHPHPPHHHPPPHPHPHH
15078,HHPHHHHHHHPPHHPHPHHP
15079,PHPPPHHPPHHPPPPHHPHP
15080,HPHHHHPPHPHPHHPHPPPP
15081,PHHPPHHHHPHHHPPPPPPH
15082,PHHPPPPPPHHPHHPHPPPH
15083,HPPHHPPHPHPHHPPHPHHH
15084,PHHHPPPPHHHHHHHPHPHP
15085,PHHHPHPHHHPHPHHPHHPP
15086,HHHHHHHPPHHHHHHPHPPP
15087,PHHPPHPPHHHHHPHHPPHH
15088,PPPPPPHPPPHHHHHPHHHH
15089,HHHHPHHHHHHPPHPHPHPH
15090,PHHHHHPHHHHHHHHHHPPH
15091,HHHPHPPHHHPPPPHPHPHH
15092,HPPHPPHHPPHPPPPPPHHH
15093,HPHPPPPHPHHHHHHPHHPP
15094,HPPPPHPPHHPHHPHHHPHH
15095,PHPHHPHPPHPPPPPPPHPH
15096,PPPPPHPPPPHHPPPHPHPP
15097,PHHHPPHPHPHPPPPPPPPH
15098,HHHPHHPPHPPHPPHPPPPP
15099,PHHHPPPHHHPHHPHPHHHH
15100,HHPPHPPHHHHHPPHPPPPH
15101,PHPHHPPPPPHPHHHHHPPH
15102,PHPHPPHPPHPHHPHPHPHP
15103,HPHHHPPHHHPPHHHPHPPP
15104,HPHPPPHHHHHHHHHHPPHH
15105,PHHPHHPHPPHHHPPPPPPP
15106,HHPHPHHPPPPPPPHPHHHP
15107,HHHHPPPPPHPPHHPHHHHH
15108,PPHHHPHPHHPHPHHHHPHP
15109,PPPHPPHPHHPPPHHHPHHP
15110,HPPHHPHPHPHHHHPHPPPP
15111,PHHPHPPHHPPPPHHPPPPP
15112,HHHPPPPHPHHPPPPHHHPH
15113,PPPHPHPPHPHHHHPPHHHH
15114,HHPHPPPPPHPPHPHHPPPH
15115,PHPPPHPPHPHHPPHHPHPP
15116,HHPHHHHHHPHHPPHHHHPP
15117,PPHPPHHHPHHHPPPHHHPP
15118,PPPHPHHPHPHPPPHHPPPP
15119,HHHHHPHHPPHPPPPHHHHP
15120,HHPHHPPPPHPPPPPHHHHH
15121,PPHPPPHPPPPHHHPHHHHP
15122,HHHPPHHPPHHHHHPHPHHP
15123,PHPHPPHHHPHHPHPHPHPH
15124,PPHPHPHHPPHHPPPPPPHP
15125,HHHPPPPPHPPHHPHHPHHP
15126,HPPPPPHPHHHPHHHPHPPP
15127,PHPHHPPPPHHPHPHPPPPH
15128,HPPHHPPHHHPHHPPPHHHH
15129,PPHPPHHPPPHPPHHPHHHP
15130,PHPHPHPHPPPHHPPPHHHP
15131,HPPPHPPPHPHPHPPHPHHP
15132,HHPPHPPPPPHPHHPHHHHH
15133,PHHHHHPPPHHHPPHPHPHH
15134,PPHHPPHPHPHPHHHPPPPP
15135,HPPPHPPHHHHHHHHPPHHH
15136,HPPHPPPHHPPHHPHPPHPP
15137,PPHHPHPHPHHHPPPHPPPH
15138,PPHHHPHPHPPHPPHPHPPP
15139,PPPPPPHPPPHPPHPHPPHH
15140,PHPHHPHPHPHHHHPHHHPH
15141,HHHPHHHHPHHHPHPHHPHH
15142,HPPPHPHPHHHPPPPHPPHP
15143,HPPPPHPPHPPPHHHPPPHP
15144,HPPHPHPHHPPHHPPPPHHP
15145,PHHPPPPHHPPPHHPHPHPP
15146,HHPHPHHPPPPPHPPPPHHH
15147,HPPHHHHPPHHHPHHHHPPP
15148,HPHPHPPPHHPPPHHHPHHP
15149,HHPHHPHHHPHHHHHPPPPH
15150,HPPPHHPHHHHPHHPPPPPH
15151,PHPPPHPHPPPHHPPHHPPP
15152,PPHHHPPHPPPPHPHPHPPP
15153,HPPPHPPHPHHPPHHPHHPH
15154,PHPPHPPPHPHHPHPHHPHH
15155,PPPPHHHHHPHHPHPHPHHH
15156,PPHPPHHPPPPHPPHPHPPP
15157,PHPPPPPPPHPPPPHPHHPH
15158,PHHHPPPHHHHHHHHPHPPP
15159,HHPPPPHHPHPHHHPHPHHP
15160,PPPHPPPPHHPHHHHPHPHH
15161,HPPHHPPPHHPHHPHPPPHH
15162,HHPHHHPPHHHHPHPPHHHH
15163,HHPPHHPPPHPPPPHHHHPP
15164,HHPHHPHHHHPPHHPPPPPH
15165,HPPHHPPPPPHHPPHHHPHP
15166,HPHPHPHHPHHHHPHPPHHH
15167,PHHHHHHHPPHHPHHPHHHP
15168,HPPHHPHHHHPPPHHHPPPP
15169,PPPPPHPPPPHHHHPHPPHH
15170,PHHPHPHHPHHPPHPHPHHH
15171,HPHPPPHHHPPHPPHPHHHP
15172,HPHPPHHPPHPPPHPPHPPP
15173,PPPPPPHPHPPHHPPHHPHH
15174,HHPPPHPPPPHHHHHPPHHH
15175,HPHPHPHPPPPHPHPPPPPH
15176,HPHHPHHHHHHPHPPPPPHH
15177,PPHPPHPPHHPHHHHHPHPP
15178,PPHHPHPPHPHPPHHHPPHH
15179,PPPPHHHPPPHPPHPPPPHH
15180,HPHHPHPPHPPPHHPHHPHP
15181,HHHHHHPPPHHPPPPHPHHH
15182,PPPHHHHHHHHPHPHPHHPH
15183,HPPPPPPPPPHPPHPHHPHP
15184,HPPHHHPHHPPPPHPPHPPH
15185,PPHPPHPHHHHHHPHHPHPP
15186,PPHPPHHPHPPHHHHHPHPH
15187,HHPPPPHPHHPPPPHPPHHH
15188,HHPHPHPPPPHPHPPPPHHP
15189,PPHHHPPHHPHPHHPPHPHP
15190,HHHHHPHPHPPHHPHPHPHH
15191,PHHHPPHPPPPPHHHPHPPP
15192,HHHHHPPPPPPPHHHPPHPH
15193,HHPPPPPPPHPHPHPPHHHP
15194,HHPHPHHHHPPPHPPPPHHH
15195,PHHHHPHHHPPHPPPHHHHP
15196,HPPPHPPPHPPPPPPPPPPH
15197,PPHHPPHPHPPPHPHHPPPH
15198,PPPPPPHHHHHHPPHPHPPH
15199,PHPPPHPPHHHHPPPHHHPP
15200,PPPPPHPHHPPPHHPPHPHH
15201,HHPPHHHPPPHPHHHPPHHH
15202,PPPHHHHHPPHPPPHPHHPH
15203,PHHHHHHPHHHHHHHPHPPP
15204,HHPHPHPHPPHPHPHHPPHP
15205,PPHHPPHHPPHPPHHPPPHP
15206,PHHHPHPPHHHPPHPPHPPP
15207,PHHPHPHPPHHHHPPHPHPH
15208,HPHPHPPPHPPPPHHPPHPH
15209,PPHPHHHPHHHHPPPPHHPH
15210,PHHHHPHHHHPHPPPPHPPH
15211,PHPHHPPHPPPHHHHPHHPP
15212,HHPPPPHPHHHPPPHPPHHH
15213,HPPHHHHPPPHHPPHPHPHH
15214,HPPHHHPHHPHPPHPPPPPP
15215,HPPPHHPHHPHPHHHHHPPH
15216,HPHPPPHPPPHHPPHHHPPH
15217,HPHPHPPPHPHHPPPHPHHP
15218,PPPHPHHPPPPPHHPHPPHP
15219,PPPPHPPPPHPPPPHHPPPP
15220,HPHHHHHPPHPPPPPPHPPP
15221,HHPHPHHPHHPPPPPHPPHP
15222,PPPHPPHPPPHHHHHPPHPH
15223,HHPPHPPHHPHPPPHPPPPH
15224,PPPHHHPHPHHHPPPPHHPP
15225,HPPHPPPPPHHPPHPHHHHP
15226,PHHHHHPHHPPHPPHPPHHH
15227,HPHPHPHHPPPHPPPPPHPP
15228,HHPPPHPHPHHHHHPHPPHH
15229,PPPHPPHHPPPHPPPPPPHH
15230,HPHHHPPHPPPPPHPPHPHP
15231,HHPPPPHHPPHHPHPHPPHH
15232,HPHHHPPHPHPHPHHHPHHH
15233,PPPPPHPPPHHPPHHHPPPP
15234,HPPPHPPHHPPPPHPPPPHH
15235,HHPPHHPHHPPHPHHPHPHH
15236,HHPHHPPHHHHPPPHHHHPH
15237,HPPPPPHPPPHHHPHPPHHH
15238,HPPHHHHPPPHHPPHPHHHH
15239,PPHPPHHHPHHHHPPPHPHH
15240,HHHPPPHPHHHPHHPPHHHP
15241,HPPHPPHPPHHPHHPPHPHH
15242,PHPHPPHHPPHPPPPHPHPH
15243,HHPPHPHPHHPHPPHHHPPP
15244,PHPHHHHPHHHHHHHHHPPH
15245,HPHPPPHPPPHPHHPHHPPP
15246,PPPHPHHPHPPPHPHHPHHH
15247,PPPHPHPHHHHPHHHHHPPH
15248,HHHHHHHPHPPHHPHHHHPH
15249,PPPHHPHHPPHHPPPPHPHP
15250,PPHPHHPHPHHHPHHHHHPH
15251,PHPHPPPHPPHHHHPPHPHP
15252,PPPPPHPPHPPPPPPPHPPH
15253,HHHHPHPPHPPPHPPPHPHP
15254,PHHPHPPPHHHPHHHHPPHP
15255,PPPHPHHHHPHHHHHHPPPH
15256,HHPHHHPHPPHHPPHHHHPP
15257,PHPPPPHHPHHHHPHPPHPP
15258,HHPHHHHHPPHPPPPPPHHH
15259,PPPHHHHHPPHHPPPHPHHP
15260,HPPPPHHHHHHPPPHHPHHH
15261,PHPHPHPPPPPPPPPHHPHP
15262,HPHPHHHPHHHHPPPPPPHH
15263,PHHHHPHHPHPHPHPPHHPP
15264,PHPPHPHHPHHHPPHPHPHH
15265,HPPPPHPPHPPPHHPPPHHH
15266,HPHPPHPHHHHHPPPHHPHH
15267,HHHHHPHHPPPHHHHPHHHH
15268,HHHPHHHPPPHHHPHPPHHP
15269,PHPPPHHPHPPPHHHPHPHH
15270,PPHHHHHPHHHPPHHPPPHH
15271,PPHHHHPPHHPPPHHPPPPH
15272,PHPPHPPPPPHHPPHPPHHH
15273,PPPPPHHPPHPPHPPHPPHH
15274,HPHHHPHHHHPHHHHHHPPH
15275,PPHHHHHHHPHPPPHHHHHP
15276,HHPHHHHPHHPHHPPPHPHP
15277,HHPHPPHHHHPHHHPPPPPP
15278,HPHHHHPHHPPPHPHHHHPH
15279,HPPHPHPHHHHHHPPHHHPP
15280,PHHPHHPHPPHHHPPHHHHP
15281,HHHHPHPHPHHHHPPPHPPP
15282,PHPHHHPHPHPHHPPHHPHH
15283,PHPPPHHHHHHPPHPHPPHP
15284,HHHPPHHPHHPHHHHHHHPP
15285,HPHHPPHHPPHPHHHPHPPH
15286,HPHHHPPHHPPHHPHPPPPP
15287,PPPHHPHHPHPPPPPPHPHP
15288,PPPHHHHHPHPHHPPPHHHP
15289,HPPHPPPHPHHHPHPHHHHH
15290,HHHPPHHPHHHPPHHPPPHP
15291,HHHHPPPPHPHPHPPPHHHH
15292,HPPHHPHPHHHHHPPPHPPH
15293,HPHHHPPPPPHPHHHHHPPP
15294,PHHHHHPPHPHHPHPHPPPP
15295,PPPHPPHHHPPPHHHPHHHH
15296,PHHHPPHPHHPPPPPPPPHH
15297,HHPHHPPPPHPHPHHPPHPH
15298,HPPPHPHHHPPHPHHPPPPH
15299,HHHPPHPHHPHPHHHPPHHP
15300,HPPHPHHHHPHHPPHPHPHP
15301,HPPHPHHHHPHHPPHPHPPH
15302,HHPPHPPHPPPHHPHPHPPH
15303,PHHPHPPPPHHHPPPHHPHH
15304,HHPPPPHPHPPHHHHPHPPH
15305,HPPPPPPHHHHPHPPHHHPH
15306,HHPPPHPHHHPHHPHPHPHH
15307,HPHHPHPHPHPHPPPPHPPP
15308,PHPHHHPPPHHPPHHHPHPP
15309,PPPHHHPPHHPPPPPHPHPH
15310,PPHHPPPPPHPPHPHPHHHH
15311,HPHPPPPPHHPPPPPPPHHH
15312,HPPPPHHPHHHHPPPPHHHH
15313,HHHHHHPPPPHPPPHHHHPP
15314,PHHHPPHHHHHHHPHHPPHP
15315,HHPHPPPHHHPHPPPPPHHP
15316,HPPHHPPHHPPPHPPPHPPH
15317,PPHHHPPPPPPPHHHHPHHP
15318,HPPPPPHPHPPHHHHHPHHH
15319,HHPPPHPHPHPPHPPPPPHP
15320,PHPHPPPHPPPPHPHPHPHH
15321,HPHHHPHHPHPHHPPHHPHP
15322,HHPPPPHPPPPPHPHPHPHH
15323,HPHPHPPHPPPHHPPHPPPP
15324,PPPHPPHHPHHHPPHHPHHP
15325,HHPPHHPPHHHPHHPPHHPP
15326,PPHPPPHPHHHPHHHPPPHP
15327,PPPHHHHPHPHPPPPPHPPH
15328,HHPHPHPHPPPPPHPPHHPP
15329,PHHHPHPHHPPPHPHHPHHP
15330,PPPHPHPPHPHHHHPHHHHP
15331,HHHPHPPPPHHHHPPPPHHH
15332,PHPPPHPPHHHHHHHHPHPP
15333,HPPPPPPPHPPHHPHPPPHP
15334,HPHPPHHHPHPHPPPHPPHP
15335,PHPPHHPHHHPHPHPHHPPH
15336,PPHHPPHPPHPHHPPPHPHH
15337,HHHPHHPHHHHHPPHHPPHH
15338,PPHPHPHPHPPHHHPPHHPP
15339,HHHPHHPPHHPHHPPPHHHH
15340,PPPHHHHPPHHHPHHHPHHH
15341,PHHHHPPHHPPPHPHHPHHP
15342,PPHHHPHHPPPPHPPPPHPP
15343,HHHHPPPPHHPPPPHPHPPH
15344,HPPHPPHHPHHPPPPHHHPP
15345,PPHHPHPHHHPPHHHHPHPH
15346,HHHHPPPPPPHPPPPHHHPH
15347,PHPPHPHHHPHPPHHHPPHH
15348,PHHHPPPPPHPPPPPPPPPP
15349,HHPPHHPHPHHPHPHHPHHP
15350,HHPPHHPPHPHPHHPHHPPP
15351,PPPHHHHHHHPHPPHHHPPH
15352,PPHHHHPHPPHPHHHHPPPP
15353,HHPPHPPPHHPPPHHPHHHH
15354,PPPHPHHPPHPPHHHHHHHH
15355,HPPHPPPPPHPHPHPHHHHP
15356,HPPPHPHHHHPPHHHHHPHH
15357,HPPHHHPHHHPPPPHHHPPH
15358,PPPPHHPPPPHPPHPPHHPH
15359,HHHHHPPPHPHHPHPPPPPP
15360,PHHPPHHHPHHPHHHPHHPH
15361,HPHHPPPPHPPPPHHHPHHP
15362,HPPPPHPHPHPPPHPHPPHH
15363,HPHHHHPPPPPHPPPPHPPH
15364,PPPHHHPPHHPHHHPPHHHP
15365,PHHHPPPPHHPPPPPHPHHP
15366,PHPPPHHHPHHPPHPHHHHH
15367,HHPPHPHHPHHHPHHPHPHH
15368,HHHPHHPPPHPHHPHHPPPP
15369,PHPHPHPHPHHPPHHHHPHP
15370,HPPHPPPPPPPHPPHPHHHH
15371,PHPHHHPHPHPPHPHHPHPH
15372,HHHHHHPPHPPPPHHPPHPH
15373,PPHPHPHPHPHPPPPPPHPH
15374,PPHHHHPPPPHHHPPHPHHP
15375,PHHPHHHHHHPPHHHHHHHP
15376,PPPHPHHHPPHPHHPHPPPP
15377,PPPHHPPPPHHHHPPPHHPP
15378,PPHPPPPHPHPHPPPPPPPP
15379,PHHHPHHPPHPPHPPPPPPP
15380,PHPPPHHHPHHHHHPHHHPP
15381,HPPPPHHHPHPPPHPPHPPH
15382,PHPPHHHHPHHHHPPHPHPH
15383,PPPHHPHHPHPPHHHPPHHH
15384,HPHPHHHHHPHHPPPHHHHH
15385,HHPPHPPHHHPPHHHHPPHH
15386,HPHHHPPHHHPHPHHPHHPH
15387,PHHHPHPPPPHHPHHHPPHH
15388,PHPPPHPHPPPPHPHHPPHH
15389,HHHPHPHPPHHHPHHPHPPH
15390,PPHPHHPPPPHHHHHHHPPP
15391,PPPPHHHPHPHHPPHPHHPP
15392,PPPHPPPPPPHHPPHHPPPP
15393,PHHHPPHHHHPPPHHPHHHH
15394,HPHPHHHHHHPHPHHHHPPH
15395,HHPPHPHHPPPPPPHPPPHH
15396,PPPPHPPPPHPHPHHHHHPP
15397,PPHPHHPPHHHHPHHHHHHH
15398,HPHHPHHPHHPPHHHPHHHH
15399,PPHPPPHHPHHPPPHPHHHH
15400,HHHPPPPHHHHPHPPHPPPH
15401,HPPHPHPPPPHPHHPPPHHH
15402,PHHPHPHPPPHHPPHPHHHH
15403,PPHHHHHPHHPHPPHPHPHH
15404,HPHPHPHHPPPPPPHHPPHH
15405,HPPHPHPHPPHPPPHPPHPP
15406,PHPHHPPPPPPHPPPPHHHH
15407,HPPHPHHHPHPPPPPHPPHH
15408,HPHHHHHPHHHHHHPPPPHP
15409,PHHHHHHHPHHPHPPPHHPP
15410,HPHHHHHHPPHPPPPPHHHH
15411,PPPHHHPPHPHPPPPPHHPH
15412,HPPPHHHPPPHHHPPPHHHP
15413,PHPHHHPHPPHHPPHHHHHP
15414,HPPHHPPPPPHPHPPHHHPP
15415,PPPHPPPHPHHHPHPPPPPP
15416,PHPHHPPHHHHHHHPPPPHH
15417,PPPPPHHPPPPPHHHPPPPH
15418,PHHPHHHHHHHPHPPHPPPP
15419,PHPHPHHPPHHPHPPHHPHP
15420,PHPHPHHPPHHPHHPHPHHP
15421,HHHPPPPHHHPHHHHHHPHP
