protein_id,algorithm,time,score,checked,placed,hash
0,dfs_bnb_mpi,0.639454,-9,9,171718,"[-1, -1, 2, 1, 2, 2, -1, -2, -1, -2, -2, -1, -2, 1, -2, 1, 1, 2, -1]"
1,dfs_bnb_mpi,0.830019,-9,10,214865,"[-1, -2, 1, 1, 2, 1, 2, 1, -2, -2, -1, -2, -1, -1, -1, -2, 1, 1, 1]"
2,dfs_bnb_mpi,3.48984,-10,11,925722,"[-1, -2, 1, 1, 2, 1, 2, -1, 2, 2, -1, -1, -1, -2, -2, 1, 2, 1, -2]"
3,dfs_bnb_mpi,0.494607,-9,9,112157,"[-1, -1, 2, 2, 2, 1, 2, 1, 1, -2, -1, -2, -1, -2, 1, 1, 2, 1, 2]"
4,dfs_bnb_mpi,5.93331,-8,9,1666455,"[-1, -1, 2, 2, 1, -2, 1, 1, -2, -2, -1, -1, -1, -1, 2, -1, 2, 1, 2]"
5,dfs_bnb_mpi,0.689385,-9,10,185394,"[-1, -1, 2, 1, 1, 2, 1, -2, -2, -2, -2, -2, -1, -1, 2, 1, 2, -1, -1]"
6,dfs_bnb_mpi,1.84166,-8,9,443425,"[-1, -2, -1, -2, -1, -2, -2, 1, 2, 1, 2, 1, 2, 1, 1, 2, -1, 2, 2]"
7,dfs_bnb_mpi,2.07144,-9,10,465571,"[-1, -1, 2, 2, 2, 1, 2, 1, 2, 1, -2, -2, -1, -2, -1, -2, 1, 1, 2]"
8,dfs_bnb_mpi,8.45932,-8,9,2391215,"[-1, -1, 2, 2, 1, -2, 1, 2, 2, -1, 2, 2, 1, 1, -2, -2, -2, -2, -2]"
9,dfs_bnb_mpi,1.02974,-8,9,250125,"[-1, -1, 2, 2, -1, -2, -2, -1, 2, 2, 2, 1, 1, 2, 1, -2, -2, -2, 1]"
10,dfs_bnb_mpi,3.98897,-9,8,1100203,"[-1, -1, 2, 2, 2, -1, 2, -1, -2, -2, -2, -1, -2, 1, -2, 1, 2, 2, 2]"
11,dfs_bnb_mpi,1.15052,-9,10,300664,"[-1, -1, 2, -1, 2, 1, 2, 2, 1, -2, 1, 2, 1, -2, -2, -1, -2, -1, 2]"
12,dfs_bnb_mpi,0.911926,-10,11,237597,"[-1, -2, -1, 2, 2, 1, 2, 1, -2, 1, 2, 1, -2, 1, -2, -1, -1, -2, -1]"
13,dfs_bnb_mpi,1.88643,-9,10,439821,"[-1, -2, -1, 2, 2, 2, -1, 2, 1, 2, 1, 1, -2, -1, -2, -2, 1, 2, 1]"
14,dfs_bnb_mpi,3.45073,-9,10,890571,"[-1, -1, 2, -1, 2, -1, -1, -2, 1, -2, 1, -2, -2, 1, 1, 1, 2, -1, -1]"
15,dfs_bnb_mpi,1.93525,-8,9,495775,"[-1, -1, 2, 2, -1, 2, 1, 1, 2, 1, -2, 1, -2, -1, -1, -2, 1, 1, 1]"
16,dfs_bnb_mpi,0.179876,-8,9,51792,"[-1, -1, 2, 1, 2, 1, -2, 1, 2, 1, 2, -1, -1, -1, -1, -2, -1, -2, -1]"
17,dfs_bnb_mpi,0.302877,-10,11,78555,"[-1, -1, 2, 1, 2, -1, 2, 1, 2, 1, -2, -2, 1, 2, 1, -2, -2, -1, -1]"
18,dfs_bnb_mpi,0.271098,-8,9,71412,"[-1, -1, 2, 2, 2, 2, -1, -2, -2, -2, -2, -1, 2, 2, -1, 2, 1, 2, 2]"
19,dfs_bnb_mpi,2.95363,-9,10,721427,"[-1, -2, 1, 1, 2, 1, 1, -2, -1, -2, 1, -2, -1, -1, 2, -1, -1, -2, 1]"
20,dfs_bnb_mpi,0.204362,-9,10,60326,"[-1, -1, 2, 1, 1, 1, -2, -2, -1, -1, -1, -1, 2, 2, 2, 1, 1, 1, 2]"
21,dfs_bnb_mpi,0.551248,-9,10,132679,"[-1, -1, 2, 1, 1, 1, 2, -1, 2, 2, -1, -2, -2, -1, 2, -1, -2, -2, -1]"
22,dfs_bnb_mpi,2.75357,-10,10,771773,"[-1, -1, 2, -1, -2, -2, 1, 1, 1, 1, 2, 1, 2, -1, 2, -1, -1, -2, 1]"
23,dfs_bnb_mpi,0.199766,-9,10,52535,"[-1, -2, 1, 1, 2, 1, 1, -2, -1, -2, -1, -2, -1, 2, -1, -2, -2, 1, 1]"
24,dfs_bnb_mpi,0.504128,-10,11,144724,"[-1, -1, 2, 1, 2, -1, 2, -1, -2, -1, -1, -2, -2, 1, -2, 1, 2, 2, -1]"
25,dfs_bnb_mpi,0.218214,-9,10,58684,"[-1, -1, 2, 2, 1, -2, 1, 1, 2, -1, 2, -1, -1, -1, -2, -1, -2, 1, -2]"
26,dfs_bnb_mpi,1.93819,-9,10,541704,"[-1, -2, 1, 1, 2, 2, 2, 1, 2, 2, 1, -2, -2, 1, -2, -1, -2, -1, 2]"
27,dfs_bnb_mpi,1.30979,-10,11,372344,"[-1, -2, 1, 1, 2, 2, 1, -2, -2, -2, 1, 2, 1, 2, -1, 2, 2, -1, -1]"
28,dfs_bnb_mpi,1.19209,-8,9,325644,"[-1, -1, 2, 2, 2, -1, -1, -2, 1, -2, -2, -1, 2, -1, 2, 2, 2, 1, 1]"
29,dfs_bnb_mpi,0.3214,-9,10,78095,"[-1, -2, -1, -1, 2, 1, 2, 1, 2, 1, 2, -1, 2, -1, -2, -2, -1, -2, -1]"
30,dfs_bnb_mpi,0.04212,-9,10,9925,"[-1, -2, 1, 1, 2, 2, 1, 1, -2, -1, -2, 1, 1, 2, 1, 2, -1, 2, 2]"
31,dfs_bnb_mpi,4.39336,-10,11,1211533,"[-1, -2, -1, -2, 1, 1, 2, 1, -2, 1, -2, -1, -2, -2, -1, 2, 2, -1, -2]"
32,dfs_bnb_mpi,0.365622,-9,9,88363,"[-1, -1, 2, 1, 2, -1, 2, 1, 1, -2, -2, 1, 2, 1, -2, -2, -2, -1, 2]"
33,dfs_bnb_mpi,0.328508,-10,11,82830,"[-1, -2, -2, -2, 1, -2, 1, 2, 2, -1, 2, 1, 2, 2, 1, -2, -2, -2, 1]"
34,dfs_bnb_mpi,5.65569,-9,10,1264031,"[-1, -1, -1, 2, 2, 1, 2, 2, 1, -2, 1, 1, -2, -2, -1, 2, -1, -2, -1]"
35,dfs_bnb_mpi,0.262438,-10,11,70927,"[-1, -1, 2, 1, 1, 1, -2, -2, -1, -2, -2, -1, 2, 2, -1, -1, -2, 1, -2]"
36,dfs_bnb_mpi,2.66196,-9,10,780371,"[-1, -2, 1, 1, 2, 2, 2, 1, 1, -2, 1, -2, -1, -2, -2, -1, 2, 2, 2]"
37,dfs_bnb_mpi,0.525153,-10,10,137781,"[-1, -1, -1, 2, -1, 2, 1, 1, -2, 1, 2, 1, 2, -1, 2, -1, -1, -2, 1]"
38,dfs_bnb_mpi,2.42439,-9,10,570289,"[-1, -1, 2, 2, 2, 1, 2, 1, 1, 1, -2, -1, -1, -2, 1, -2, -1, -1, 2]"
39,dfs_bnb_mpi,0.755228,-9,10,202978,"[-1, -1, 2, -1, 2, 1, 2, 1, -2, -2, 1, 2, 1, 2, 1, 2, -1, -1, -2]"
40,dfs_bnb_mpi,1.54769,-10,11,433882,"[-1, -2, -2, -1, 2, -1, 2, 1, 2, 1, 2, 1, -2, 1, -2, -2, -1, -2, 1]"
41,dfs_bnb_mpi,6.03943,-9,10,1510463,"[-1, -1, 2, 2, -1, 2, -1, -2, -1, -2, -1, -2, 1, -2, 1, 2, 2, 1, -2]"
42,dfs_bnb_mpi,0.838653,-9,10,207095,"[-1, -1, 2, 2, -1, -2, -1, -1, -2, -2, 1, 2, 1, -2, -2, 1, 1, 2, -1]"
43,dfs_bnb_mpi,4.17575,-9,10,1177738,"[-1, -1, 2, -1, 2, -1, 2, -1, -2, -2, 1, -2, -1, -1, -2, 1, 1, 1, 2]"
44,dfs_bnb_mpi,9.23907,-8,9,2446500,"[-1, -1, 2, 2, 2, 2, 2, 1, 2, 1, -2, -2, -2, 1, -2, -1, -1, 2, 2]"
45,dfs_bnb_mpi,5.15289,-8,9,1536414,"[-1, -1, 2, 1, 2, 2, 2, 1, -2, 1, 2, 1, -2, 1, -2, -1, -1, -1, -2]"
46,dfs_bnb_mpi,0.539283,-9,10,141996,"[-1, -1, -1, 2, 2, -1, 2, 1, 2, 1, -2, 1, -2, -1, -2, 1, 1, 2, 2]"
47,dfs_bnb_mpi,0.387683,-10,11,110685,"[-1, -2, 1, -2, 1, 2, 2, 2, 1, -2, -2, -2, 1, 2, 1, 2, 2, -1, -2]"
48,dfs_bnb_mpi,0.028219,-8,9,7818,"[-1, -1, 2, 2, 1, -2, 1, 2, 2, 1, -2, 1, -2, -1, -2, -2, -1, -1, -1]"
49,dfs_bnb_mpi,0.858349,-9,10,203900,"[-1, -1, 2, 2, 2, 1, 2, 1, -2, 1, -2, -1, -1, -2, 1, 1, -2, -2, -1]"
50,dfs_bnb_mpi,0.527425,-9,10,146456,"[-1, -1, 2, 2, 1, -2, 1, 2, 2, -1, 2, -1, -2, -1, -1, -2, 1, -2, -1]"
51,dfs_bnb_mpi,0.447244,-9,10,117393,"[-1, -1, 2, 1, 2, -1, -1, -2, -2, -1, -2, 1, 1, 1, 1, 1, 2, 2, -1]"
52,dfs_bnb_mpi,6.72893,-9,10,1753784,"[-1, -2, -1, -1, -2, 1, 1, -2, -2, 1, 1, 2, 2, 1, 2, -1, -1, -2, -2]"
53,dfs_bnb_mpi,0.475541,-10,11,136952,"[-1, -1, 2, 1, 2, 2, 1, -2, 1, 1, -2, 1, -2, -1, -2, -1, 2, 2, -1]"
54,dfs_bnb_mpi,2.54556,-9,10,588982,"[-1, -1, 2, -1, 2, 2, 2, -1, -2, -1, -1, -2, 1, 1, -2, -1, -2, 1, 1]"
55,dfs_bnb_mpi,6.09719,-9,10,1359911,"[-1, -1, 2, 1, 1, 2, 1, 2, 1, -2, 1, 1, -2, -1, -1, -1, -2, 1, 1]"
56,dfs_bnb_mpi,2.36073,-10,11,571262,"[-1, -2, 1, -2, 1, 2, 2, 1, 2, -1, 2, 2, -1, -2, -1, -1, -2, 1, 1]"
57,dfs_bnb_mpi,0.122574,-8,9,34405,"[-1, -1, 2, 2, 2, 1, 1, -2, -1, -2, 1, 1, 1, 1, 2, -1, -1, 2, 2]"
58,dfs_bnb_mpi,1.14058,-9,10,276012,"[-1, -2, -1, -2, 1, -2, -1, -2, 1, 1, 2, 2, 2, 1, 1, -2, -1, -2, 1]"
59,dfs_bnb_mpi,0.701982,-8,9,185972,"[-1, -1, 2, 2, 2, 1, -2, -2, 1, 1, 2, -1, 2, 1, 2, 1, -2, -2, 1]"
60,dfs_bnb_mpi,1.40828,-10,11,320410,"[-1, -1, 2, 1, 2, -1, 2, 1, 1, 1, 1, -2, -1, -1, -2, 1, 1, -2, -1]"
61,dfs_bnb_mpi,0.099958,-8,9,27127,"[-1, -1, 2, 2, 1, -2, 1, 2, 1, -2, 1, -2, -1, -2, -1, -1, -1, -1, 2]"
62,dfs_bnb_mpi,0.49112,-10,11,127693,"[-1, -2, 1, 1, 2, 2, 1, -2, 1, -2, -1, -2, -2, -1, 2, -1, -1, -2, 1]"
63,dfs_bnb_mpi,1.2594,-9,10,333091,"[-1, -1, 2, 1, 1, 1, -2, -2, -1, -1, -1, -1, 2, 2, 2, 1, 2, 1, -2]"
64,dfs_bnb_mpi,2.06256,-9,10,539563,"[-1, -1, 2, 2, 2, 2, 1, 2, 1, -2, -2, -1, -2, -2, 1, 2, 1, 2, 2]"
65,dfs_bnb_mpi,0.648112,-9,10,154555,"[-1, -1, 2, -1, -2, -1, -2, -2, 1, 2, 1, 1, 1, 1, -2, -1, -1, -1, -2]"
66,dfs_bnb_mpi,0.800588,-9,10,220880,"[-1, -1, 2, -1, -2, -1, -2, -2, 1, 2, 1, -2, -2, 1, 2, 2, 1, -2, 1]"
67,dfs_bnb_mpi,0.641573,-8,8,178314,"[-1, -1, 2, 2, 2, 2, 1, -2, -2, -2, 1, 1, 2, -1, 2, 2, 2, -1, 2]"
68,dfs_bnb_mpi,1.8551,-9,10,472530,"[-1, -2, 1, 1, 1, -2, -1, -2, -2, -1, 2, 2, -1, -2, -1, 2, -1, 2, 1]"
69,dfs_bnb_mpi,0.77294,-9,10,206844,"[-1, -1, 2, 1, 2, 2, 2, 1, -2, -2, 1, 2, 1, -2, -2, -2, -1, 2, -1]"
70,dfs_bnb_mpi,5.48358,-8,9,1643625,"[-1, -1, 2, 2, 2, 1, -2, -2, 1, 1, -2, 1, 2, 2, 2, -1, -1, -2, 1]"
71,dfs_bnb_mpi,0.071556,-9,10,17590,"[-1, -1, 2, 1, 2, 1, -2, 1, 2, 1, -2, -2, -1, -2, -1, -2, -1, 2, -1]"
72,dfs_bnb_mpi,0.853117,-9,10,250196,"[-1, -1, 2, 1, 1, 2, 1, -2, -2, 1, 1, -2, -1, -1, -2, -1, -1, 2, 1]"
73,dfs_bnb_mpi,0.969266,-10,10,259304,"[-1, -2, -2, 1, 2, 1, 2, 2, 2, -1, -2, -1, 2, -1, -1, -2, -2, 1, 2]"
74,dfs_bnb_mpi,1.07612,-9,9,284421,"[-1, -1, 2, 2, 2, 2, 1, 1, -2, -1, -2, -2, 1, 2, 1, 2, 1, 2, -1]"
75,dfs_bnb_mpi,0.874441,-9,10,225263,"[-1, -2, 1, 1, 2, 1, 2, -1, -1, 2, 1, 2, 1, -2, 1, 2, 2, -1, 2]"
76,dfs_bnb_mpi,0.359304,-10,11,99140,"[-1, -1, 2, 1, 2, 2, 1, -2, -2, 1, 2, 1, -2, 1, -2, -1, -2, -1, 2]"
77,dfs_bnb_mpi,0.142302,-10,11,38782,"[-1, -2, 1, 1, -2, -1, -1, -1, 2, -1, 2, 1, 2, 1, 1, 1, -2, 1, 2]"
78,dfs_bnb_mpi,3.80174,-8,9,870278,"[-1, -2, -2, -2, -1, -2, -2, 1, 2, 1, 2, 1, 1, 2, -1, -1, 2, 1, 2]"
79,dfs_bnb_mpi,1.99926,-10,11,460684,"[-1, -2, 1, 1, 2, 2, -1, 2, 1, 1, -2, 1, -2, -1, -2, 1, -2, -1, -1]"
80,dfs_bnb_mpi,5.35676,-9,10,1454201,"[-1, -1, 2, -1, -2, -1, -1, -1, -2, 1, 1, 1, 1, 1, -2, -1, -1, -1, -1]"
81,dfs_bnb_mpi,3.59356,-9,10,973659,"[-1, -1, 2, 2, -1, 2, -1, -2, -2, 1, -2, -1, -2, 1, -2, 1, 2, 1, -2]"
82,dfs_bnb_mpi,0.757232,-9,10,223893,"[-1, -1, 2, 2, 2, -1, -2, -2, -1, 2, 2, -1, -2, -1, -2, 1, -2, 1, 1]"
83,dfs_bnb_mpi,0.152202,-9,10,40787,"[-1, -2, -1, 2, 2, 1, 1, 2, 2, -1, -2, -1, -1, -2, -2, -2, -1, 2, 2]"
84,dfs_bnb_mpi,0.339745,-9,10,89167,"[-1, -2, 1, 1, 2, 1, 1, -2, -1, -2, -1, -1, -2, 1, 1, 1, 1, 2, -1]"
85,dfs_bnb_mpi,1.97717,-9,10,450939,"[-1, -1, 2, 2, 2, 1, 2, 1, 2, 1, -2, -2, -1, -2, -1, -2, 1, 1, 2]"
86,dfs_bnb_mpi,2.21781,-9,10,595570,"[-1, -1, 2, 2, 2, 2, 1, -2, -2, -2, 1, 2, 2, 2, 1, 1, -2, -1, -2]"
87,dfs_bnb_mpi,0.539432,-10,11,157322,"[-1, -1, 2, 2, -1, -1, 2, 1, 1, 2, 1, -2, 1, -2, 1, -2, -1, -1, 2]"
88,dfs_bnb_mpi,1.80772,-8,9,455324,"[-1, -1, 2, 2, 2, 2, 1, -2, -2, -2, 1, 2, 1, -2, -2, -2, -1, -1, -1]"
89,dfs_bnb_mpi,1.14488,-9,10,292301,"[-1, -1, -1, 2, -1, 2, 1, 2, 1, -2, -2, 1, 2, 2, 1, 1, -2, -1, -2]"
90,dfs_bnb_mpi,0.081828,-9,10,22663,"[-1, -1, 2, 1, 1, 2, 1, -2, -2, 1, 2, 2, 2, -1, -1, -1, -2, -1, 2]"
91,dfs_bnb_mpi,1.06365,-8,9,313720,"[-1, -1, 2, 2, 2, 2, 1, -2, -2, -2, 1, 2, 1, 2, 2, 2, -1, -2, -2]"
92,dfs_bnb_mpi,0.097225,-10,11,26855,"[-1, -1, 2, 1, 1, 1, -2, -2, -1, -2, -1, 2, -1, -1, 2, -1, 2, 1, 2]"
93,dfs_bnb_mpi,0.780641,-8,8,208499,"[-1, -1, 2, 1, 2, -1, 2, -1, -2, -2, -1, 2, -1, -2, -2, 1, 1, -2, 1]"
94,dfs_bnb_mpi,2.08858,-9,10,490287,"[-1, -1, 2, 1, 2, 2, 2, 1, 2, 2, 1, -2, -2, -2, -1, -2, 1, -2, -1]"
95,dfs_bnb_mpi,1.5852,-10,11,432145,"[-1, -1, 2, 1, 2, 1, -2, 1, 2, 1, -2, 1, -2, -1, -1, -2, -1, -1, -1]"
96,dfs_bnb_mpi,0.859081,-10,10,242344,"[-1, -2, -1, -2, 1, 1, 2, 1, 2, 2, -1, 2, -1, -2, -1, -2, -1, -2, -2]"
97,dfs_bnb_mpi,0.512785,-9,10,128010,"[-1, -2, 1, 1, 2, 1, 1, -2, -1, -2, -2, -1, 2, -1, -1, -2, -2, 1, 2]"
98,dfs_bnb_mpi,0.526804,-11,12,140715,"[-1, -2, -1, -2, 1, -2, 1, 2, 2, 1, -2, -2, 1, 2, 1, 2, -1, 2, -1]"
99,dfs_bnb_mpi,0.350938,-9,10,97807,"[-1, -1, 2, 2, 2, 2, 2, 1, -2, -2, -2, -2, 1, 2, 1, 2, 2, -1, -2]"
100,dfs_bnb_mpi,0.723996,-9,10,184497,"[-1, -2, -1, -1, -2, 1, 1, 1, 2, 1, 2, 1, -2, -2, -1, -2, -1, -1, -1]"
101,dfs_bnb_mpi,1.45172,-8,9,343579,"[-1, -1, 2, 2, 2, -1, 2, 2, -1, -2, -2, -2, 1, -2, -1, -2, 1, -2, 1]"
102,dfs_bnb_mpi,0.333975,-9,9,86165,"[-1, -1, 2, -1, 2, 1, 2, 1, -2, -2, 1, 2, 2, 1, -2, 1, -2, -1, -2]"
103,dfs_bnb_mpi,1.75333,-10,11,487196,"[-1, -2, -1, 2, -1, 2, 2, 1, -2, 1, 2, 2, -1, -1, 2, -1, -2, -2, -2]"
104,dfs_bnb_mpi,0.637082,-8,9,165554,"[-1, -1, 2, 2, 2, 1, -2, -2, 1, 2, 2, 2, 1, -2, -2, -2, -2, 1, 2]"
105,dfs_bnb_mpi,0.28636,-10,11,81681,"[-1, -1, 2, 2, 1, -2, 1, 2, 2, 2, 1, -2, 1, 1, -2, -1, -2, -1, 2]"
106,dfs_bnb_mpi,1.25688,-9,10,320483,"[-1, -1, 2, 1, 1, 1, -2, 1, 1, -2, -1, -1, -1, -1, -2, 1, 1, -2, -1]"
107,dfs_bnb_mpi,5.99743,-9,10,1387831,"[-1, -1, 2, -1, -2, -2, 1, 1, 1, 1, -2, -1, -2, -1, 2, -1, -1, -2, 1]"
108,dfs_bnb_mpi,3.08709,-9,9,916263,"[-1, -1, 2, 2, -1, -2, -1, 2, 2, 1, 1, 1, 2, 1, -2, -2, -1, -2, 1]"
109,dfs_bnb_mpi,0.370673,-9,9,99248,"[-1, -1, 2, 2, 1, -2, 1, 2, 2, 2, -1, -2, -1, -1, -2, -2, -1, -2, 1]"
110,dfs_bnb_mpi,5.40243,-9,10,1368660,"[-1, -1, 2, 2, 2, -1, -2, -1, 2, -1, -2, -2, -1, -2, 1, 1, 2, 1, -2]"
111,dfs_bnb_mpi,0.805416,-9,10,205756,"[-1, -1, 2, 2, 1, -2, 1, 1, -2, 1, -2, -1, -1, -2, -1, 2, -1, -2, -1]"
112,dfs_bnb_mpi,10.7482,-8,9,2450611,"[-1, -1, 2, 2, 2, 2, 1, 2, 1, -2, 1, -2, -1, -1, -2, -2, 1, 2, 1]"
113,dfs_bnb_mpi,1.82453,-6,7,468415,"[-1, -1, 2, 2, 2, 1, -2, -2, 1, 2, 1, -2, 1, -2, -1, -2, -1, -1, -1]"
114,dfs_bnb_mpi,0.048645,-9,9,12772,"[-1, -1, 2, -1, 2, 2, 1, -2, 1, -2, 1, 1, 2, -1, 2, -1, 2, 2, 2]"
115,dfs_bnb_mpi,3.1242,-9,10,713949,"[-1, -2, 1, 1, 2, 1, 2, 2, 2, 2, -1, -2, -1, -2, 1, -2, -1, -1, 2]"
116,dfs_bnb_mpi,0.711943,-8,9,200738,"[-1, -1, 2, 2, 2, 1, -2, -2, 1, 2, 1, -2, -2, -2, -2, -1, 2, -1, -1]"
117,dfs_bnb_mpi,2.23238,-8,9,515706,"[-1, -1, 2, 2, 1, -2, 1, 1, 1, 1, 2, -1, 2, -1, -2, -1, 2, -1, 2]"
118,dfs_bnb_mpi,1.52735,-9,10,364217,"[-1, -1, 2, -1, 2, -1, -2, -2, 1, -2, 1, -2, -1, -1, 2, -1, 2, 2, 2]"
119,dfs_bnb_mpi,0.125549,-9,10,33495,"[-1, -1, 2, 2, 1, -2, 1, 2, 2, -1, -1, -1, -2, -1, -2, 1, -2, -1, -1]"
120,dfs_bnb_mpi,0.150296,-9,9,39351,"[-1, -1, 2, 2, 2, 1, 1, -2, -1, -2, 1, 1, -2, 1, -2, -1, -1, -1, -1]"
121,dfs_bnb_mpi,0.5426,-10,11,132905,"[-1, -1, 2, 1, 2, -1, 2, 2, -1, -2, -1, -2, 1, -2, -1, -2, 1, -2, 1]"
122,dfs_bnb_mpi,3.75024,-10,10,906365,"[-1, -1, 2, -1, 2, 2, 2, 1, 1, -2, 1, 1, -2, -1, -2, -1, 2, -1, 2]"
123,dfs_bnb_mpi,0.386232,-9,10,96773,"[-1, -1, 2, 1, 2, 1, -2, 1, -2, 1, -2, -1, -1, -1, -1, -1, -1, 2, 1]"
124,dfs_bnb_mpi,0.468983,-9,9,116139,"[-1, -1, 2, 2, -1, -1, -1, -2, 1, 1, -2, -1, -1, -2, 1, 1, -2, 1, 2]"
125,dfs_bnb_mpi,0.758077,-8,8,175376,"[-1, -1, 2, 1, 2, 2, -1, -2, -1, -2, -2, -2, 1, 1, -2, -1, -1, -1, 2]"
126,dfs_bnb_mpi,4.8736,-9,10,1111680,"[-1, -1, 2, 2, 2, 1, 2, 2, 1, -2, -2, 1, -2, -1, -1, -2, 1, 1, -2]"
127,dfs_bnb_mpi,1.92731,-8,9,503959,"[-1, -1, 2, 2, 1, -2, 1, 2, 1, -2, 1, 1, -2, -1, -1, -2, -1, -1, -1]"
128,dfs_bnb_mpi,1.88015,-9,10,479098,"[-1, -1, 2, 2, -1, 2, 2, 1, -2, 1, 1, 1, -2, -1, -1, -2, 1, 1, -2]"
129,dfs_bnb_mpi,1.63396,-10,11,373638,"[-1, -1, 2, 2, -1, -1, -1, -2, -1, -2, -2, 1, 2, 1, -2, 1, 2, 2, -1]"
130,dfs_bnb_mpi,4.36222,-10,11,1092922,"[-1, -2, 1, 1, 2, 2, 1, 2, 2, -1, 2, -1, -2, -1, -2, -2, 1, 2, 1]"
131,dfs_bnb_mpi,0.891464,-10,10,233985,"[-1, -1, 2, -1, -2, -1, -2, -2, 1, 2, 1, -2, -2, 1, 2, 2, 1, 1, 2]"
132,dfs_bnb_mpi,0.598527,-9,10,153492,"[-1, -1, 2, 2, 2, 1, 2, 1, 1, -2, -1, -2, -1, -2, 1, 1, 1, 2, -1]"
133,dfs_bnb_mpi,0.993693,-9,9,289183,"[-1, -1, 2, 2, 1, -2, 1, 1, 2, -1, 2, -1, -1, -1, -1, -2, -2, 1, 2]"
134,dfs_bnb_mpi,1.97345,-9,10,452478,"[-1, -1, 2, 1, 2, 2, -1, -2, -1, -1, -1, -2, 1, 1, -2, -1, -2, 1, 1]"
135,dfs_bnb_mpi,0.724057,-10,11,201789,"[-1, -2, 1, 1, -2, -1, -2, 1, 1, 2, 1, 2, 2, 2, -1, -1, -2, 1, -2]"
136,dfs_bnb_mpi,1.91973,-8,9,536712,"[-1, -1, 2, 2, 1, -2, 1, 2, 2, -1, 2, 1, 1, -2, 1, -2, -2, -1, 2]"
137,dfs_bnb_mpi,0.916728,-9,10,246219,"[-1, -2, 1, 1, 1, -2, -1, -1, -1, -2, 1, 1, 1, -2, -2, -1, -1, 2, 1]"
138,dfs_bnb_mpi,0.312506,-10,11,74450,"[-1, -1, 2, 1, 1, 2, 1, -2, 1, -2, -1, -2, -1, -1, -1, -2, 1, 1, 1]"
139,dfs_bnb_mpi,0.089442,-9,10,21654,"[-1, -1, 2, 2, 1, -2, 1, 2, 2, -1, 2, 1, 1, -2, 1, -2, -1, -2, 1]"
140,dfs_bnb_mpi,0.173069,-9,10,50334,"[-1, -2, -1, 2, 2, -1, -2, -2, -1, 2, 2, 2, 2, 1, -2, 1, 1, -2, 1]"
141,dfs_bnb_mpi,6.04198,-9,10,1530674,"[-1, -1, -1, 2, 2, 2, 1, 1, 1, -2, 1, 1, -2, -1, -1, -1, 2, -1, -2]"
142,dfs_bnb_mpi,0.196664,-10,11,58327,"[-1, -2, 1, 1, 1, -2, -1, -1, -1, -1, 2, 2, 2, 1, 2, 1, -2, 1, -2]"
143,dfs_bnb_mpi,0.173239,-9,10,48182,"[-1, -1, 2, 2, 2, 1, -2, -2, 1, 2, 1, -2, -2, 1, 2, 2, 2, -1, -1]"
144,dfs_bnb_mpi,6.40666,-9,10,1511858,"[-1, -1, 2, 2, -1, -2, -1, -2, -2, -2, 1, -2, 1, 2, 1, 2, -1, -1, 2]"
145,dfs_bnb_mpi,0.414591,-10,11,111763,"[-1, -1, 2, -1, -2, -1, 2, -1, -2, -2, 1, 1, -2, -2, 1, 2, 1, 2, -1]"
146,dfs_bnb_mpi,0.601628,-9,10,159987,"[-1, -1, 2, 2, 1, -2, 1, 2, 2, 2, -1, -2, -1, 2, -1, -1, -2, 1, -2]"
147,dfs_bnb_mpi,0.210664,-9,10,51383,"[-1, -1, 2, -1, 2, 1, 2, 2, 1, 1, -2, -1, -2, -2, 1, 2, 1, 2, 2]"
148,dfs_bnb_mpi,0.159382,-10,11,41283,"[-1, -2, 1, 1, 2, 1, -2, 1, -2, -1, -1, -1, -2, 1, -2, 1, 1, 2, -1]"
149,dfs_bnb_mpi,2.0336,-10,11,477716,"[-1, -2, -2, 1, 2, 1, 2, 2, 1, 2, 1, -2, -2, -1, -2, 1, -2, -1, -1]"
150,dfs_bnb_mpi,4.64983,-11,12,1180614,"[-1, -2, -1, -2, 1, -2, 1, 1, 1, 2, 1, 2, -1, 2, -1, -2, -1, -2, 1]"
151,dfs_bnb_mpi,5.55649,-10,10,1428830,"[-1, -2, -1, -2, -1, 2, -1, 2, 2, 1, 2, 1, 2, 1, -2, -2, -1, -2, -1]"
152,dfs_bnb_mpi,0.995181,-9,10,240510,"[-1, -1, 2, 2, -1, 2, -1, -2, -1, -2, 1, 1, -2, -1, -2, -2, 1, 2, 1]"
153,dfs_bnb_mpi,0.340517,-10,11,98310,"[-1, -2, -1, -1, 2, 1, 2, 1, 1, 2, 1, -2, 1, -2, -1, -2, -1, -2, -1]"
154,dfs_bnb_mpi,7.87087,-9,10,1833134,"[-1, -2, 1, 1, 2, 2, 2, -1, -2, -1, 2, 2, 1, 1, 1, -2, -2, -2, -2]"
155,dfs_bnb_mpi,1.46193,-9,10,406185,"[-1, -2, -1, -2, 1, 1, 2, 1, 2, 2, 1, 1, 1, -2, -1, -1, -2, 1, 1]"
156,dfs_bnb_mpi,0.110442,-8,8,26032,"[-1, -1, 2, 2, 2, 2, 2, 1, -2, 1, -2, -1, -2, -2, 1, 2, 1, 2, 2]"
157,dfs_bnb_mpi,3.59266,-10,11,934121,"[-1, -2, 1, 1, -2, 1, 2, 1, 2, 1, 2, -1, 2, -1, -1, -2, 1, -2, -1]"
158,dfs_bnb_mpi,0.182472,-10,11,49905,"[-1, -2, -2, -1, -1, 2, 1, 2, 2, 1, 2, 1, -2, 1, -2, -2, -1, -2, 1]"
159,dfs_bnb_mpi,0.120871,-9,10,33601,"[-1, -2, -1, -2, 1, -2, 1, 2, 2, 1, 2, 2, -1, -1, -1, -2, -1, -2, -1]"
160,dfs_bnb_mpi,0.267811,-8,9,69285,"[-1, -1, 2, 2, 1, -2, 1, 2, 1, -2, 1, -2, -1, -2, -2, -1, 2, -1, -1]"
161,dfs_bnb_mpi,2.06899,-10,11,578074,"[-1, -1, 2, 1, 1, 2, 2, 2, -1, 2, -1, -2, -1, -2, -2, 1, 2, 1, -2]"
162,dfs_bnb_mpi,0.406084,-6,7,93858,"[-1, -1, 2, 2, 2, 2, 2, 1, 1, -2, -1, -2, 1, -2, -1, -2, 1, 1, 2]"
163,dfs_bnb_mpi,0.516881,-10,11,119539,"[-1, -2, -1, -2, 1, -2, 1, -2, 1, 2, 2, -1, 2, 1, 2, 1, -2, -2, 1]"
164,dfs_bnb_mpi,0.195608,-9,10,47381,"[-1, -1, 2, 1, 2, 1, -2, 1, 2, 2, -1, -1, -1, -2, -1, -1, 2, 1, 2]"
165,dfs_bnb_mpi,1.40238,-10,11,377211,"[-1, -1, -1, 2, 1, 1, 1, 2, 1, 2, -1, 2, -1, -2, -2, -1, 2, -1, -2]"
166,dfs_bnb_mpi,0.507211,-8,9,117165,"[-1, -2, -1, 2, 2, 2, 1, -2, 1, 2, 2, 2, -1, -2, -1, 2, 2, 2, 2]"
167,dfs_bnb_mpi,0.08371,-9,10,19887,"[-1, -1, 2, -1, 2, 2, 1, -2, 1, -2, 1, 2, 1, 1, -2, -1, -2, 1, 1]"
168,dfs_bnb_mpi,0.881884,-10,11,239096,"[-1, -1, -1, 2, 1, 1, 2, 1, -2, 1, -2, -2, 1, -2, -1, -1, -1, 2, 1]"
169,dfs_bnb_mpi,1.48959,-10,11,353914,"[-1, -2, -2, -1, -2, 1, 1, 1, 1, 2, -1, -1, 2, 1, 2, 2, 1, -2, -2]"
170,dfs_bnb_mpi,0.421498,-9,9,104449,"[-1, -1, 2, 1, 1, 2, -1, -1, 2, -1, -2, -2, -1, -1, -2, 1, -2, 1, 2]"
171,dfs_bnb_mpi,0.330381,-8,9,85582,"[-1, -2, 1, -2, -1, -2, -1, 2, 2, 2, 2, 1, 2, -1, -1, -2, -2, -2, -1]"
172,dfs_bnb_mpi,0.796548,-11,11,212484,"[-1, -1, 2, 1, 1, 1, -2, 1, -2, -1, -2, -1, -2, -1, 2, -1, 2, 1, 1]"
173,dfs_bnb_mpi,0.44358,-9,10,118067,"[-1, -1, 2, 2, -1, 2, 1, 1, -2, -2, 1, 2, 2, 2, 2, -1, -1, -2, 1]"
174,dfs_bnb_mpi,2.04013,-10,11,473400,"[-1, -2, -1, 2, 2, 1, 2, 1, 2, 2, 1, 1, -2, -1, -2, 1, -2, -1, -1]"
175,dfs_bnb_mpi,1.16714,-9,10,334494,"[-1, -1, 2, 1, 2, 2, 2, 1, -2, -2, 1, 1, -2, 1, -2, -1, -1, 2, -1]"
176,dfs_bnb_mpi,2.55321,-8,9,624141,"[-1, -2, 1, 1, 2, 1, -2, -2, -1, -2, -2, -1, -1, 2, 1, 2, -1, -1, 2]"
177,dfs_bnb_mpi,0.858314,-10,11,218779,"[-1, -1, -1, 2, -1, -2, -2, 1, -2, 1, 2, 1, 1, 1, 2, 2, -1, -1, -1]"
178,dfs_bnb_mpi,2.22591,-10,11,610360,"[-1, -2, -1, 2, -1, -2, -2, 1, -2, 1, -2, 1, 2, 1, 2, 2, -1, -2, -1]"
179,dfs_bnb_mpi,0.840256,-9,10,240719,"[-1, -1, 2, 1, 1, 1, 2, -1, 2, 2, -1, -1, -1, -2, -2, 1, 2, 1, -2]"
180,dfs_bnb_mpi,1.40782,-10,11,369556,"[-1, -1, 2, 1, 2, 2, 2, 1, -2, -2, 1, 2, 1, -2, -2, -2, -1, 2, -1]"
181,dfs_bnb_mpi,0.94478,-9,10,279417,"[-1, -1, 2, 2, 1, -2, 1, 2, 2, -1, 2, 1, 1, -2, 1, -2, -2, -1, 2]"
182,dfs_bnb_mpi,0.153993,-9,10,43788,"[-1, -1, 2, -1, -2, -2, -1, 2, -1, 2, 1, 2, 1, 2, 1, -2, 1, -2, 1]"
183,dfs_bnb_mpi,0.283438,-10,10,79379,"[-1, -1, -1, 2, 2, 2, 1, -2, -2, 1, 2, 2, 2, 1, -2, 1, -2, -1, -2]"
184,dfs_bnb_mpi,0.521313,-10,11,150216,"[-1, -1, 2, -1, 2, 1, 2, -1, 2, 1, 1, -2, 1, -2, 1, -2, -1, -1, 2]"
185,dfs_bnb_mpi,4.37004,-9,10,1205596,"[-1, -1, 2, 1, 1, 1, -2, -2, -1, -1, -1, -1, 2, -1, 2, 1, 2, 1, 1]"
186,dfs_bnb_mpi,0.397679,-8,9,92725,"[-1, -1, 2, 2, 1, -2, 1, 1, 2, -1, 2, 1, 2, 2, -1, -2, -1, -2, -1]"
187,dfs_bnb_mpi,0.67435,-10,11,185664,"[-1, -2, -1, 2, 2, 1, 2, 2, -1, -2, -1, -2, -1, -2, -2, -2, 1, 2, 2]"
188,dfs_bnb_mpi,0.09694,-9,10,23437,"[-1, -1, 2, -1, -2, -1, -2, -2, 1, 2, 1, -2, 1, 2, 1, 1, 2, 2, 2]"
189,dfs_bnb_mpi,2.305,-9,10,634603,"[-1, -1, 2, 1, 1, 1, 2, 1, -2, -2, 1, -2, -1, -2, -1, -1, 2, 1, 2]"
190,dfs_bnb_mpi,0.466583,-10,11,129574,"[-1, -1, 2, 2, 1, -2, 1, 2, 1, -2, 1, -2, -1, -2, -1, -1, -2, -1, 2]"
191,dfs_bnb_mpi,0.009424,-8,9,2353,"[-1, -1, 2, 2, 2, 1, -2, -2, 1, 2, 1, 2, -1, 2, -1, 2, 2, 2, 2]"
192,dfs_bnb_mpi,0.767465,-8,9,223167,"[-1, -1, 2, 2, 2, 1, 1, -2, -1, -2, 1, 1, 1, 2, 2, 2, -1, -2, -2]"
193,dfs_bnb_mpi,2.09916,-10,11,543987,"[-1, -2, 1, 1, -2, -1, -2, 1, -2, 1, 2, 1, 2, -1, 2, 2, 2, -1, -2]"
194,dfs_bnb_mpi,2.04272,-10,11,518563,"[-1, -2, 1, 1, 2, 1, 2, -1, -1, 2, 1, 2, 2, 1, 1, -2, -2, -1, 2]"
195,dfs_bnb_mpi,0.437074,-9,10,109791,"[-1, -2, 1, 1, 2, 1, -2, 1, -2, -1, -2, -1, 2, -1, -1, -1, -2, 1, 1]"
196,dfs_bnb_mpi,0.560582,-8,9,147023,"[-1, -1, 2, 2, -1, -2, -1, -1, -2, 1, 1, -2, -2, 1, 2, 1, -2, 1, 2]"
197,dfs_bnb_mpi,0.590664,-10,11,173955,"[-1, -1, 2, 1, 2, -1, -1, -2, -2, -1, -2, 1, -2, 1, 2, 1, 1, 1, 2]"
198,dfs_bnb_mpi,0.569608,-9,10,134953,"[-1, -1, 2, 2, -1, 2, 1, 2, 1, -2, -2, -2, 1, 2, 2, 1, -2, -2, 1]"
199,dfs_bnb_mpi,0.309116,-9,10,90672,"[-1, -1, 2, 1, 2, -1, -1, -2, -1, 2, -1, -2, -2, 1, -2, -2, 1, 2, 2]"
200,dfs_bnb_mpi,0.105845,-9,10,27203,"[-1, -2, 1, 1, 2, 2, -1, 2, 1, 1, -2, -2, -2, 1, 2, 2, 2, 2, 2]"
201,dfs_bnb_mpi,0.585565,-10,11,163838,"[-1, -1, 2, -1, 2, 1, 1, -2, 1, 2, 2, 1, -2, 1, -2, -1, -2, -2, -1]"
202,dfs_bnb_mpi,2.11326,-9,10,502446,"[-1, -1, 2, 2, 1, 2, -1, 2, -1, -1, -1, -2, 1, 1, -2, -1, -2, 1, -2]"
203,dfs_bnb_mpi,1.97362,-8,9,466831,"[-1, -1, 2, 2, 2, 1, -2, -2, 1, 1, -2, -2, -1, -1, -1, -2, 1, 1, 1]"
204,dfs_bnb_mpi,5.22552,-9,10,1543796,"[-1, -2, 1, 1, 2, 2, 2, 2, -1, -2, -1, -1, -1, -2, -2, 1, 2, 1, 1]"
205,dfs_bnb_mpi,2.12899,-10,11,571283,"[-1, -2, 1, 1, 2, 1, -2, 1, 2, 2, 2, -1, 2, -1, -2, -1, -2, 1, 1]"
206,dfs_bnb_mpi,0.11256,-9,10,31634,"[-1, -1, 2, 1, 2, 2, -1, -2, -1, 2, 2, 1, 1, 1, -2, -2, 1, -2, -1]"
207,dfs_bnb_mpi,0.237202,-8,9,67672,"[-1, -1, 2, 2, 1, -2, 1, 2, 1, -2, 1, -2, -1, -2, -1, -1, -1, -1, 2]"
208,dfs_bnb_mpi,0.120187,-9,10,27848,"[-1, -2, -1, -1, -1, 2, 2, 1, -2, 1, 2, 1, 2, -1, 2, -1, -2, -1, 2]"
209,dfs_bnb_mpi,0.305035,-10,11,83122,"[-1, -2, 1, 1, 2, 1, 2, -1, -1, 2, 1, 2, -1, -1, -1, -2, -2, 1, 2]"
210,dfs_bnb_mpi,2.30848,-8,9,513266,"[-1, -1, 2, 1, 2, -1, -1, -2, -2, -1, -2, 1, 1, 1, -2, -1, -1, -1, -1]"
211,dfs_bnb_mpi,0.485483,-10,11,123116,"[-1, -2, 1, 1, 2, 1, 1, -2, -1, -2, -1, -1, -2, 1, 1, 1, 1, 2, -1]"
212,dfs_bnb_mpi,0.619726,-8,8,184499,"[-1, -1, 2, 1, 2, -1, 2, 1, 1, 2, 1, -2, 1, -2, -1, -1, -2, 1, 1]"
213,dfs_bnb_mpi,0.109933,-9,10,27014,"[-1, -1, 2, 1, 2, 2, 1, -2, -2, 1, 2, 1, 1, -2, -1, -2, -1, -2, 1]"
214,dfs_bnb_mpi,0.585461,-9,10,131651,"[-1, -1, 2, 1, 1, 1, -2, 1, 1, -2, -1, -2, -1, 2, -1, -1, -2, 1, -2]"
215,dfs_bnb_mpi,11.2946,-8,9,2513543,"[-1, -1, -1, 2, 2, 2, 1, 1, 2, 1, -2, 1, -2, -1, -1, -1, -2, 1, 1]"
216,dfs_bnb_mpi,0.609521,-9,10,144000,"[-1, -1, 2, -1, -2, -1, 2, -1, -2, -2, -2, 1, 2, 1, 1, -2, -1, -2, 1]"
217,dfs_bnb_mpi,1.33321,-10,11,371723,"[-1, -1, 2, -1, -2, -2, -1, -2, -2, 1, 2, 1, -2, 1, 2, 1, 2, -1, -1]"
218,dfs_bnb_mpi,0.047575,-8,9,12063,"[-1, -1, 2, 1, 2, -1, 2, 1, 2, 1, -2, 1, -2, -1, -2, 1, 1, 2, 2]"
219,dfs_bnb_mpi,0.142852,-9,9,35529,"[-1, -1, 2, 2, 1, -2, 1, 1, -2, -2, -1, -1, -1, -1, -2, 1, -2, 1, 2]"
220,dfs_bnb_mpi,1.30733,-10,11,344187,"[-1, -1, 2, 1, 1, 2, 1, -2, -2, 1, -2, -1, -2, -1, 2, -1, -1, -2, 1]"
221,dfs_bnb_mpi,2.48953,-9,10,571793,"[-1, -1, 2, -1, 2, 2, -1, 2, -1, -1, -2, 1, -2, 1, -2, -1, -2, 1, 1]"
222,dfs_bnb_mpi,0.351672,-8,9,108172,"[-1, -1, 2, 2, 1, -2, 1, 2, 2, 1, -2, -2, 1, 2, 1, -2, -2, -1, -1]"
223,dfs_bnb_mpi,6.95597,-9,10,1824474,"[-1, -2, 1, 1, 2, 1, 2, 2, 1, -2, -2, -2, -1, -2, -2, -1, 2, -1, -1]"
224,dfs_bnb_mpi,1.04121,-10,11,257295,"[-1, -2, 1, 1, 2, 1, 2, -1, 2, 2, -1, -2, -1, 2, -1, -2, -2, 1, 1]"
225,dfs_bnb_mpi,1.09236,-9,10,265968,"[-1, -1, 2, 2, 2, 2, 1, -2, 1, -2, -1, -2, 1, 1, 1, 2, 2, -1, -2]"
226,dfs_bnb_mpi,11.9084,-8,9,2650483,"[-1, -1, 2, 2, 2, 2, 2, 1, 2, 1, 1, -2, -1, -2, 1, -2, -1, -1, 2]"
227,dfs_bnb_mpi,1.71248,-10,11,435153,"[-1, -2, 1, 1, 2, 2, -1, 2, 1, 2, -1, 2, -1, -2, -1, -2, -2, 1, 2]"
228,dfs_bnb_mpi,0.564875,-10,11,157551,"[-1, -2, 1, 1, 2, 2, 1, -2, -2, 1, -2, -1, -2, -1, -1, -1, 2, 1, 1]"
229,dfs_bnb_mpi,10.7543,-8,9,2418598,"[-1, -1, 2, 2, -1, -2, -1, -1, -2, 1, 1, -2, 1, 1, -2, -1, -1, -1, 2]"
230,dfs_bnb_mpi,1.52906,-9,10,370187,"[-1, -2, -1, 2, 2, 1, 1, 1, 1, -2, -1, -2, 1, -2, -1, -2, -1, 2, 2]"
231,dfs_bnb_mpi,3.53941,-8,9,794002,"[-1, -1, 2, 2, 2, 1, 1, 2, 1, -2, -2, -1, -1, -2, 1, 1, 1, -2, -1]"
232,dfs_bnb_mpi,0.225449,-8,8,59314,"[-1, -1, 2, 2, 2, 2, -1, -2, -2, -2, -2, -1, 2, 2, 2, -1, -2, -1, 2]"
233,dfs_bnb_mpi,4.46694,-9,10,1117486,"[-1, -2, 1, 1, 2, 1, 1, 1, 1, 2, -1, -1, 2, -1, -1, -1, -2, 1, 1]"
234,dfs_bnb_mpi,1.0687,-8,9,335025,"[-1, -1, 2, 2, 1, -2, 1, 2, 2, 1, 1, -2, 1, 1, -2, -1, -1, -1, 2]"
235,dfs_bnb_mpi,0.139304,-8,9,34639,"[-1, -1, 2, -1, -2, -1, 2, -1, -2, -2, 1, 1, 1, 1, -2, -1, -1, -1, -1]"
236,dfs_bnb_mpi,2.64707,-9,10,647109,"[-1, -1, 2, 1, 2, 2, 2, 1, -2, -2, 1, 2, 1, -2, -2, -2, -1, 2, -1]"
237,dfs_bnb_mpi,2.33499,-8,9,534971,"[-1, -1, 2, -1, -2, -1, 2, -1, -2, -2, 1, 1, 1, 1, -2, -1, -1, -1, -1]"
238,dfs_bnb_mpi,7.69813,-9,10,1762772,"[-1, -2, 1, 1, -2, -1, -2, -1, -2, -2, -1, 2, 2, -1, 2, 2, 1, -2, 1]"
239,dfs_bnb_mpi,0.222221,-9,10,54562,"[-1, -1, 2, 1, 1, 2, 1, -2, -2, -2, -1, -1, -1, -2, -2, 1, 2, 1, 1]"
240,dfs_bnb_mpi,0.780756,-10,11,200975,"[-1, -2, 1, 1, 2, 2, -1, -1, 2, 1, 2, 1, -2, 1, -2, 1, -2, -1, -2]"
241,dfs_bnb_mpi,0.253299,-10,11,68948,"[-1, -1, 2, 1, 1, 1, -2, 1, -2, -2, -2, -1, 2, 2, -1, -1, -2, 1, -2]"
242,dfs_bnb_mpi,1.27017,-10,10,321224,"[-1, -2, 1, 1, 2, 1, -2, 1, -2, -1, -1, -1, -1, -2, 1, 1, 1, -2, -1]"
243,dfs_bnb_mpi,1.08266,-10,10,297645,"[-1, -2, 1, 1, 2, 2, -1, -1, 2, 1, 2, 1, -2, 1, 1, -2, -1, -2, -2]"
244,dfs_bnb_mpi,5.25446,-10,11,1296440,"[-1, -2, 1, 1, -2, -2, -2, -1, -2, -1, -1, 2, 2, 2, 1, 1, -2, -1, -2]"
245,dfs_bnb_mpi,1.90122,-9,10,469303,"[-1, -2, 1, 1, 2, 1, 2, -1, 2, 2, -1, 2, -1, -2, -2, 1, -2, -1, -1]"
246,dfs_bnb_mpi,2.13205,-10,11,595067,"[-1, -1, 2, 2, 1, -2, 1, 1, -2, 1, 2, 1, 2, -1, 2, -1, -1, -2, 1]"
247,dfs_bnb_mpi,0.84685,-10,11,231913,"[-1, -1, -1, 2, 1, 2, 1, -2, 1, 1, -2, 1, -2, -1, -2, -1, 2, -1, -1]"
248,dfs_bnb_mpi,2.40069,-10,11,588071,"[-1, -2, 1, 1, 2, 1, 2, 2, 2, -1, 2, -1, -2, -2, -1, -2, 1, 1, 2]"
249,dfs_bnb_mpi,6.36759,-9,10,1712412,"[-1, -2, 1, 1, 2, 2, 1, 2, 2, 1, -2, -2, 1, -2, -2, -1, 2, -1, -2]"
250,dfs_bnb_mpi,2.32699,-10,11,663994,"[-1, -2, -2, 1, 1, -2, 1, 2, 1, 2, -1, 2, 1, 2, -1, -1, -2, -2, -1]"
251,dfs_bnb_mpi,2.80955,-9,9,726221,"[-1, -2, 1, 1, 1, -2, -1, -1, -1, -1, 2, -1, -2, -2, 1, 1, 1, -2, -1]"
252,dfs_bnb_mpi,4.84399,-9,10,1298656,"[-1, -1, 2, -1, 2, 2, -1, -2, -2, -1, -2, -2, -2, 1, 1, 2, 2, -1, -2]"
253,dfs_bnb_mpi,1.34165,-9,10,401559,"[-1, -1, 2, 2, 2, 1, -2, -2, 1, 1, 1, 2, 2, -1, 2, -1, -2, -2, 1]"
254,dfs_bnb_mpi,0.316934,-10,11,90376,"[-1, -1, 2, 2, 1, -2, 1, 1, -2, 1, -2, -2, -1, 2, -1, -2, -1, 2, -1]"
255,dfs_bnb_mpi,0.030641,-9,10,7248,"[-1, -1, 2, -1, 2, 2, 1, -2, 1, -2, 1, 2, 1, -2, 1, -2, -1, -2, 1]"
256,dfs_bnb_mpi,5.04648,-9,10,1363590,"[-1, -1, 2, 2, -1, 2, 2, -1, -2, -2, -1, -1, -2, 1, -2, 1, 2, 1, -2]"
257,dfs_bnb_mpi,2.11062,-10,10,475248,"[-1, -2, -1, -1, -1, 2, -1, 2, 2, 1, -2, 1, -2, 1, 2, 1, 2, -1, -1]"
258,dfs_bnb_mpi,0.828957,-9,10,189567,"[-1, -1, 2, 1, 2, 2, 2, 2, 1, -2, -2, -2, -2, 1, 2, 1, -2, -2, -1]"
259,dfs_bnb_mpi,0.079153,-9,10,18236,"[-1, -1, 2, 1, 2, -1, -1, -1, -2, 1, -2, -1, -2, 1, -2, 1, 2, 1, 1]"
260,dfs_bnb_mpi,0.434199,-10,11,118821,"[-1, -2, -1, -2, 1, 1, -2, 1, 2, 1, -2, 1, 2, 2, -1, 2, -1, -2, -1]"
261,dfs_bnb_mpi,5.49489,-8,9,1500803,"[-1, -1, 2, 2, 1, 1, 2, -1, 2, -1, 2, -1, -2, -1, -2, -2, 1, 2, 1]"
262,dfs_bnb_mpi,6.92139,-9,10,1902511,"[-1, -2, 1, 1, 2, 2, 1, -2, -2, -2, -1, -2, -2, -1, -1, 2, 2, 1, -2]"
263,dfs_bnb_mpi,0.076625,-9,10,17690,"[-1, -1, 2, -1, -2, -2, 1, -2, 1, 2, 1, -2, 1, 2, 2, 2, -1, -1, 2]"
264,dfs_bnb_mpi,0.025368,-10,11,6724,"[-1, -2, -1, 2, 2, 2, 1, -2, 1, 1, -2, -2, -1, -2, -1, -2, -1, 2, -1]"
265,dfs_bnb_mpi,2.22715,-9,10,583851,"[-1, -1, 2, 2, 1, 2, 1, 1, -2, -1, -2, 1, -2, 1, 1, 2, -1, 2, 2]"
266,dfs_bnb_mpi,0.092587,-9,10,22055,"[-1, -1, -1, -1, 2, 2, 1, -2, 1, 1, 2, -1, 2, 1, 1, -2, -2, 1, 2]"
267,dfs_bnb_mpi,1.25238,-10,11,331246,"[-1, -1, 2, 1, 1, 1, -2, -2, 1, -2, 1, -2, -1, -1, 2, -1, -1, 2, 1]"
268,dfs_bnb_mpi,0.564832,-8,9,149761,"[-1, -1, 2, 1, 2, -1, 2, -1, -2, -1, -1, -2, -2, 1, 2, 1, -2, -2, 1]"
269,dfs_bnb_mpi,4.05874,-10,11,1063178,"[-1, -1, 2, 1, 1, 1, -2, -2, 1, -2, -1, -1, -2, -1, 2, -1, 2, 1, 1]"
270,dfs_bnb_mpi,0.101633,-9,10,24713,"[-1, -1, 2, 1, 2, 2, 2, 1, -2, -2, -2, 1, -2, 1, 2, 2, -1, 2, 2]"
271,dfs_bnb_mpi,2.95105,-9,10,757582,"[-1, -2, 1, 1, 1, -2, -1, -1, -1, -1, -2, 1, -2, -2, 1, 2, 1, 2, -1]"
272,dfs_bnb_mpi,0.720285,-9,10,168137,"[-1, -2, -1, 2, -1, 2, -1, 2, 1, 2, 1, 1, -2, -1, -2, 1, 1, 2, 2]"
273,dfs_bnb_mpi,0.554067,-8,8,157767,"[-1, -1, 2, 1, 2, -1, 2, -1, -2, -2, -2, -2, -1, 2, 2, 2, -1, -2, -1]"
274,dfs_bnb_mpi,5.73433,-9,10,1360900,"[-1, -1, 2, 2, 2, 1, 2, 1, -2, 1, 1, -2, -2, -1, 2, -1, -1, -2, 1]"
275,dfs_bnb_mpi,5.26454,-9,10,1329740,"[-1, -1, 2, 2, -1, -2, -2, -1, -2, 1, -2, -2, 1, 1, 2, -1, 2, 1, 1]"
276,dfs_bnb_mpi,0.626092,-10,11,168400,"[-1, -2, -1, -2, 1, 1, 2, 1, -2, -2, -1, -1, -1, -2, 1, -2, 1, 2, 1]"
277,dfs_bnb_mpi,3.7707,-10,10,1058199,"[-1, -2, -1, -1, -2, -1, 2, 2, 2, 1, 2, 2, 1, -2, 1, -2, -1, -2, -1]"
278,dfs_bnb_mpi,0.065561,-10,11,16315,"[-1, -2, 1, 1, 2, 1, -2, 1, -2, -1, -1, -1, -1, -2, 1, -2, 1, 2, 1]"
279,dfs_bnb_mpi,1.40489,-10,10,396347,"[-1, -2, -1, -1, -2, -1, 2, 2, 1, 1, 2, 1, 1, 2, -1, -1, -1, -2, -1]"
280,dfs_bnb_mpi,1.96577,-9,10,485473,"[-1, -1, 2, 2, 2, -1, -2, -1, -2, 1, -2, -1, -2, 1, 1, 1, -2, -1, -1]"
281,dfs_bnb_mpi,0.217263,-10,11,58306,"[-1, -2, 1, 1, 2, 2, -1, -1, 2, 1, 2, -1, -1, -2, -1, -2, 1, -2, -1]"
282,dfs_bnb_mpi,0.096907,-9,10,28503,"[-1, -1, 2, 2, 1, -2, 1, 2, 1, -2, 1, 1, -2, -1, -1, -2, -1, -1, -1]"
283,dfs_bnb_mpi,6.10171,-9,10,1397641,"[-1, -1, 2, 2, 1, 2, 2, -1, -1, -1, -2, -1, -2, 1, -2, 1, 2, 2, 1]"
284,dfs_bnb_mpi,0.105587,-9,10,29011,"[-1, -1, 2, 2, 2, 1, -2, -2, 1, 2, 1, 2, -1, 2, -1, 2, -1, -2, -1]"
285,dfs_bnb_mpi,0.524635,-10,11,119229,"[-1, -1, 2, 2, 2, 1, 2, 1, 1, -2, -1, -2, -1, -2, 1, 1, 2, 1, 2]"
286,dfs_bnb_mpi,1.01071,-9,10,244142,"[-1, -1, 2, -1, 2, -1, 2, -1, -2, -1, -2, -2, 1, 2, 1, -2, -2, 1, 2]"
287,dfs_bnb_mpi,2.95817,-8,9,739439,"[-1, -1, 2, -1, -2, -2, -2, -2, 1, 2, 2, 1, -2, -2, 1, 2, 2, 1, -2]"
288,dfs_bnb_mpi,1.42513,-10,11,393032,"[-1, -1, 2, 1, 2, 1, 1, 2, 1, -2, 1, 1, -2, -1, -1, -2, -1, 2, -1]"
289,dfs_bnb_mpi,1.49973,-9,10,339656,"[-1, -1, 2, -1, -2, -1, -2, -1, -2, -2, 1, 2, 1, 2, 1, 1, -2, -1, -2]"
290,dfs_bnb_mpi,0.118159,-8,9,27404,"[-1, -1, 2, 2, -1, 2, -1, -2, -1, -2, 1, 1, -2, -1, -2, -1, 2, -1, 2]"
291,dfs_bnb_mpi,2.7052,-9,10,713287,"[-1, -1, 2, 1, 2, -1, 2, -1, -2, -1, -1, -2, 1, 1, -2, -2, 1, 1, 1]"
292,dfs_bnb_mpi,1.9341,-10,11,453166,"[-1, -2, -1, 2, 2, 1, 2, -1, 2, -1, 2, -1, -2, -2, 1, -2, -1, -2, 1]"
293,dfs_bnb_mpi,0.09871,-10,11,27216,"[-1, -1, 2, -1, -2, -2, 1, 1, 1, -2, 1, 2, 2, 2, 2, -1, -2, -1, 2]"
294,dfs_bnb_mpi,2.55358,-10,11,673141,"[-1, -2, -2, -2, -1, -2, 1, 1, 2, 2, 2, 1, 2, 1, -2, -2, -2, -1, 2]"
295,dfs_bnb_mpi,0.235115,-8,8,61596,"[-1, -1, 2, 1, 2, 2, 2, -1, -2, -2, -1, -1, -2, 1, -2, -1, -1, 2, 2]"
296,dfs_bnb_mpi,0.80949,-8,9,230040,"[-1, -1, 2, 1, 2, -1, 2, -1, -2, -1, -2, 1, -2, -2, -2, 1, 2, 1, 1]"
297,dfs_bnb_mpi,0.773689,-10,10,220733,"[-1, -2, -1, 2, 2, 2, 1, -2, 1, 1, 2, -1, 2, -1, 2, -1, -1, -2, 1]"
298,dfs_bnb_mpi,0.81581,-9,10,218845,"[-1, -1, 2, 2, 1, -2, 1, 2, 2, 2, 1, -2, 1, -2, -2, -2, -1, 2, 2]"
299,dfs_bnb_mpi,0.174919,-9,9,45154,"[-1, -2, 1, 1, 2, 1, 1, -2, -1, -2, -1, -1, -1, -2, 1, 1, -2, -1, -1]"
300,dfs_bnb_mpi,0.360103,-9,10,94625,"[-1, -2, -1, -1, -1, 2, 1, 1, 2, -1, 2, 1, 1, -2, 1, 1, -2, -2, -1]"
301,dfs_bnb_mpi,0.203013,-10,11,51663,"[-1, -2, -1, -2, 1, -2, 1, 2, 2, 1, -2, -2, 1, 2, 2, 2, 2, -1, -2]"
302,dfs_bnb_mpi,0.130203,-8,9,32336,"[-1, -1, 2, 2, -1, -1, -2, 1, -2, -2, -1, 2, -1, 2, -1, -2, -2, 1, -2]"
303,dfs_bnb_mpi,0.955802,-9,10,237648,"[-1, -1, 2, 1, 2, 1, 2, -1, 2, 2, 1, -2, 1, 1, -2, -1, -2, -2, -1]"
304,dfs_bnb_mpi,0.927683,-8,9,212874,"[-1, -1, 2, 2, -1, 2, -1, -1, -1, -2, -2, 1, 2, 1, -2, 1, -2, -1, -1]"
305,dfs_bnb_mpi,0.493645,-9,10,113696,"[-1, -1, 2, 2, -1, 2, 1, 1, 2, 1, -2, -2, -1, -2, 1, 1, 2, 2, 2]"
306,dfs_bnb_mpi,1.93759,-8,9,469447,"[-1, -1, 2, -1, -1, -2, 1, -2, 1, 1, -2, -2, -1, 2, -1, -1, 2, -1, 2]"
307,dfs_bnb_mpi,6.69346,-9,10,1523516,"[-1, -1, -1, 2, 1, 2, 2, 2, 1, 1, 1, -2, -2, -1, 2, -1, -2, -2, 1]"
308,dfs_bnb_mpi,3.70528,-8,9,830119,"[-1, -1, 2, 2, 2, 1, 2, 2, 2, 1, -2, -2, -2, -2, -1, -2, 1, 1, 2]"
309,dfs_bnb_mpi,0.270524,-9,10,67727,"[-1, -2, 1, 1, 2, 1, 1, -2, -1, -2, -2, -1, 2, -1, -1, -2, 1, -2, 1]"
310,dfs_bnb_mpi,1.684,-9,10,467452,"[-1, -1, 2, 2, 1, -2, 1, 2, 2, 2, 2, -1, -1, -2, 1, -2, -1, -1, -2]"
311,dfs_bnb_mpi,0.210357,-10,11,60394,"[-1, -2, -1, -1, 2, 1, 2, -1, 2, 1, 1, -2, 1, 2, 1, -2, -2, -2, -1]"
312,dfs_bnb_mpi,5.29917,-8,9,1552740,"[-1, -1, 2, -1, 2, -1, 2, -1, -2, -2, -1, -2, 1, -2, 1, 1, 2, -1, 2]"
313,dfs_bnb_mpi,1.30122,-9,10,323774,"[-1, -1, 2, 2, 1, -2, 1, 1, 2, -1, 2, -1, -1, -1, -1, -2, -2, 1, 2]"
314,dfs_bnb_mpi,0.812966,-9,10,234705,"[-1, -1, 2, 2, -1, -2, -1, 2, 2, 1, 1, 1, 1, -2, 1, -2, -1, -1, 2]"
315,dfs_bnb_mpi,0.578874,-9,10,157035,"[-1, -1, 2, 1, 1, 2, -1, -1, 2, -1, -2, -2, -1, -2, 1, -2, 1, 1, 1]"
316,dfs_bnb_mpi,0.413669,-8,9,95776,"[-1, -1, 2, -1, 2, 2, -1, 2, -1, -2, -2, 1, -2, -1, -2, 1, 1, -2, 1]"
317,dfs_bnb_mpi,0.436885,-10,11,120376,"[-1, -2, 1, 1, 2, 2, -1, -1, -1, -2, -1, -2, 1, -2, -2, 1, 2, 1, 1]"
318,dfs_bnb_mpi,0.535408,-9,10,126973,"[-1, -1, 2, 1, 1, 1, -2, 1, -2, -1, -2, -1, 2, -1, -1, -2, 1, -2, 1]"
319,dfs_bnb_mpi,0.26263,-10,11,62962,"[-1, -2, 1, 1, 2, 2, -1, 2, 2, 2, -1, -2, -2, -2, -1, 2, -1, 2, 1]"
320,dfs_bnb_mpi,0.634325,-10,11,164510,"[-1, -2, -1, -2, 1, -2, 1, 2, 2, 1, -2, -2, 1, 2, 2, 2, -1, 2, 2]"
321,dfs_bnb_mpi,0.177295,-9,9,45990,"[-1, -2, 1, 1, 1, -2, -2, -1, 2, -1, -1, -1, -2, 1, 1, -2, 1, 1, 1]"
322,dfs_bnb_mpi,1.04611,-9,10,268234,"[-1, -1, 2, 2, 2, 1, -2, -2, 1, 2, 1, -2, -2, -2, -2, -1, 2, -1, -1]"
323,dfs_bnb_mpi,2.9989,-9,10,730742,"[-1, -1, 2, 2, 2, 1, 2, 2, 1, -2, 1, -2, -1, -2, 1, -2, -1, -1, 2]"
324,dfs_bnb_mpi,2.08336,-10,10,579522,"[-1, -1, 2, 1, 2, 1, -2, 1, -2, 1, -2, -1, -2, -1, -2, -1, 2, 2, 1]"
325,dfs_bnb_mpi,0.378073,-9,10,107687,"[-1, -1, -1, 2, -1, 2, 2, 1, -2, 1, 2, 1, -2, 1, 1, -2, -1, -1, -1]"
326,dfs_bnb_mpi,0.273215,-8,9,63917,"[-1, -1, 2, 2, 2, 2, 2, 1, -2, -2, 1, -2, -1, -2, 1, 1, 2, 2, 2]"
327,dfs_bnb_mpi,0.337726,-10,11,88234,"[-1, -2, 1, -2, 1, 2, 2, 1, -2, -2, 1, 2, 2, 2, -1, -1, -1, 2, 2]"
328,dfs_bnb_mpi,2.10815,-9,10,529170,"[-1, -1, 2, 1, 1, 2, 1, -2, -2, -2, 1, -2, -2, -1, 2, -1, -1, 2, 1]"
329,dfs_bnb_mpi,0.330645,-8,9,81063,"[-1, -1, 2, 2, 1, 2, -1, -1, -2, -1, -2, 1, -2, -2, 1, -2, 1, 2, 1]"
330,dfs_bnb_mpi,7.09854,-9,10,1640828,"[-1, -1, -1, 2, -1, 2, 1, 2, 2, 1, 1, 1, -2, -1, -1, -2, 1, -2, -1]"
331,dfs_bnb_mpi,5.25534,-9,10,1351419,"[-1, -1, 2, -1, -2, -2, -1, -2, 1, -2, 1, 2, 1, -2, 1, 2, 2, -1, -1]"
332,dfs_bnb_mpi,0.347405,-9,10,81439,"[-1, -1, 2, 2, 2, 2, -1, -2, -1, -2, 1, -2, -1, -1, -2, 1, -2, 1, 2]"
333,dfs_bnb_mpi,0.091773,-9,10,24786,"[-1, -1, 2, 1, 2, -1, 2, -1, -2, -2, -1, 2, -1, -2, -2, 1, -2, 1, 2]"
334,dfs_bnb_mpi,0.230961,-10,11,60679,"[-1, -2, 1, 1, 2, 2, -1, 2, 1, 1, -2, -2, 1, 2, 1, 2, -1, 2, -1]"
335,dfs_bnb_mpi,1.97468,-8,9,508051,"[-1, -2, 1, 1, 2, 1, 2, 2, 1, -2, -2, -2, -1, -2, -2, -1, 2, -1, -1]"
336,dfs_bnb_mpi,0.470886,-9,10,131400,"[-1, -1, 2, 2, -1, -2, -1, 2, -1, -2, -1, -2, 1, 1, 1, -2, 1, 1, 1]"
337,dfs_bnb_mpi,1.09083,-10,11,285318,"[-1, -1, 2, -1, 2, 1, 2, 1, -2, -2, 1, 2, 2, 1, -2, 1, -2, -1, -2]"
338,dfs_bnb_mpi,6.94324,-9,9,1730705,"[-1, -2, 1, 1, 2, 2, 2, 1, -2, -2, -2, 1, 1, -2, -1, -1, -1, -1, -1]"
339,dfs_bnb_mpi,0.538705,-10,10,150560,"[-1, -2, 1, 1, -2, -1, -1, -1, -2, 1, -2, -1, -1, -1, 2, 1, 2, 2, 1]"
340,dfs_bnb_mpi,0.60767,-11,12,174618,"[-1, -2, 1, 1, -2, -1, -1, -1, 2, -1, 2, 1, 2, 1, 2, 1, -2, 1, -2]"
341,dfs_bnb_mpi,0.079551,-9,10,21194,"[-1, -1, 2, 1, 2, -1, -1, -2, -2, -2, 1, 1, -2, -1, -2, -1, -1, 2, 1]"
342,dfs_bnb_mpi,0.767182,-9,10,178278,"[-1, -2, -2, -1, -1, 2, 1, 2, -1, -1, 2, 2, 1, -2, 1, 2, 1, -2, 1]"
343,dfs_bnb_mpi,0.230509,-10,10,64170,"[-1, -2, 1, 1, 2, 2, 1, 2, 2, -1, -2, -1, 2, -1, -2, -1, -2, 1, 1]"
344,dfs_bnb_mpi,0.141017,-8,9,37861,"[-1, -2, 1, 1, -2, -1, -1, -2, -1, 2, -1, 2, 1, 2, 2, 1, 2, 2, 2]"
345,dfs_bnb_mpi,3.66503,-9,10,1025890,"[-1, -1, 2, 1, 2, 1, 1, 2, 2, 1, -2, -2, -2, 1, -2, -1, -1, 2, -1]"
346,dfs_bnb_mpi,0.700529,-10,11,196455,"[-1, -2, -1, -1, 2, 1, 2, 1, 2, 2, 1, 1, -2, -1, -2, 1, -2, -2, -1]"
347,dfs_bnb_mpi,1.07143,-8,9,277835,"[-1, -1, 2, 2, 1, -2, 1, 2, 2, 1, 2, 1, 2, -1, -1, -2, -1, -2, -1]"
348,dfs_bnb_mpi,1.76889,-9,10,500231,"[-1, -1, 2, 2, -1, -2, -1, -1, -2, 1, -2, -2, -2, 1, 2, 1, 2, -1, 2]"
349,dfs_bnb_mpi,5.03448,-9,10,1438928,"[-1, -1, -1, 2, 1, 1, 1, 2, -1, -1, -1, -1, -2, -2, -2, 1, 1, 1, 1]"
350,dfs_bnb_mpi,0.575405,-10,11,138319,"[-1, -1, 2, 1, 2, 1, -2, 1, -2, 1, -2, -1, -1, -1, -2, -2, 1, 2, 1]"
351,dfs_bnb_mpi,7.84533,-9,10,1764342,"[-1, -1, -1, 2, -1, -1, 2, 1, 1, 2, 1, 1, 1, -2, -1, -1, -2, 1, 1]"
352,dfs_bnb_mpi,5.37299,-9,10,1413730,"[-1, -1, 2, -1, 2, 2, -1, -2, -2, -1, -2, -2, -2, 1, 1, 2, 2, -1, -2]"
353,dfs_bnb_mpi,0.83347,-8,9,189676,"[-1, -1, 2, 2, 2, 1, 1, 2, 1, -2, -2, -1, -1, -2, 1, 1, 1, 2, 2]"
354,dfs_bnb_mpi,5.33556,-9,10,1237254,"[-1, -1, 2, 2, -1, 2, 2, 1, 1, 1, -2, 1, -2, -1, -2, -1, 2, 2, -1]"
355,dfs_bnb_mpi,2.82998,-8,9,677267,"[-1, -2, -1, 2, 2, 2, 2, 1, 2, 1, -2, 1, -2, -1, -1, -2, 1, 1, 1]"
356,dfs_bnb_mpi,1.63899,-9,10,416493,"[-1, -1, 2, 2, 1, -2, 1, 1, -2, 1, -2, -1, -2, -1, 2, -1, -1, -2, 1]"
357,dfs_bnb_mpi,0.206432,-9,10,54369,"[-1, -1, 2, 1, 2, 2, 1, -2, -2, 1, 1, -2, -1, -2, -2, -1, 2, -1, -1]"
358,dfs_bnb_mpi,0.247455,-9,10,62901,"[-1, -1, 2, 1, 2, 1, -2, 1, 1, -2, -1, -2, -1, -2, -1, 2, -1, -1, 2]"
359,dfs_bnb_mpi,0.442586,-10,11,120842,"[-1, -2, -1, 2, 2, 1, 2, -1, 2, 1, 1, -2, -2, 1, -2, -2, -1, -2, -1]"
360,dfs_bnb_mpi,3.97423,-9,10,1127450,"[-1, -1, 2, -1, -1, 2, 1, 1, 2, -1, 2, 1, 1, -2, 1, -2, -1, -2, 1]"
361,dfs_bnb_mpi,5.29656,-8,9,1487795,"[-1, -1, 2, 2, -1, -2, -1, -2, -1, -1, -2, 1, 1, -2, 1, 1, 2, -1, 2]"
362,dfs_bnb_mpi,0.297785,-8,9,77937,"[-1, -1, 2, 2, 2, -1, -2, -2, -2, -1, -2, 1, 1, 1, -2, -1, -1, -1, -1]"
363,dfs_bnb_mpi,0.507145,-10,11,137447,"[-1, -2, -1, 2, 2, -1, 2, 2, 1, -2, 1, -2, 1, 1, -2, -2, -1, -2, -1]"
364,dfs_bnb_mpi,0.203453,-9,8,54297,"[-1, -1, 2, 2, 2, 2, 1, -2, -2, -2, 1, 2, 2, 1, -2, -2, 1, -2, -1]"
365,dfs_bnb_mpi,2.2435,-9,10,602303,"[-1, -2, 1, 1, 2, 1, 2, 2, 1, -2, -2, -2, -1, -2, -2, -1, -1, 2, 1]"
366,dfs_bnb_mpi,1.97056,-9,9,516232,"[-1, -1, 2, 1, 1, 2, 1, 1, -2, -1, -2, 1, 1, -2, -1, -1, -1, -2, 1]"
367,dfs_bnb_mpi,0.080624,-9,9,20353,"[-1, -1, 2, 2, 1, -2, 1, 1, 2, -1, 2, 1, 2, 2, -1, -2, -1, -2, -1]"
368,dfs_bnb_mpi,0.170835,-9,10,48212,"[-1, -1, 2, 2, 1, -2, 1, 2, 2, 2, -1, -2, -1, -1, -2, -1, -2, 1, -2]"
369,dfs_bnb_mpi,2.20027,-9,10,547627,"[-1, -1, 2, 2, -1, -2, -1, -2, -1, 2, -1, -2, -2, 1, 1, -2, 1, 2, 2]"
370,dfs_bnb_mpi,0.762661,-8,9,178215,"[-1, -1, 2, 1, 2, 2, -1, -2, -1, -1, -1, -2, 1, 1, -2, -1, -1, -1, 2]"
371,dfs_bnb_mpi,0.649504,-9,10,180063,"[-1, -1, 2, -1, -2, -2, -1, -2, 1, -2, 1, 1, 1, 2, -1, -1, 2, 1, 1]"
372,dfs_bnb_mpi,0.713609,-10,11,184437,"[-1, -2, -1, -2, 1, -2, 1, 1, 2, -1, 2, 1, 1, 2, -1, 2, 2, 1, -2]"
373,dfs_bnb_mpi,2.45841,-9,10,697608,"[-1, -1, 2, -1, -2, -1, 2, -1, -2, -2, 1, 1, 1, 1, -2, -1, -1, -1, -1]"
374,dfs_bnb_mpi,1.80586,-9,10,413172,"[-1, -1, 2, 2, 1, -2, 1, 2, 2, 2, 1, -2, 1, -2, -1, -2, 1, -2, -1]"
375,dfs_bnb_mpi,0.259882,-10,11,72235,"[-1, -1, 2, 2, 1, -2, 1, 2, 1, -2, -2, 1, -2, -1, -1, -1, -2, -1, 2]"
376,dfs_bnb_mpi,0.206552,-9,10,48575,"[-1, -1, 2, 1, 2, 2, 1, 1, -2, -1, -2, 1, -2, 1, 2, 2, 1, -2, 1]"
377,dfs_bnb_mpi,0.237497,-9,9,65393,"[-1, -1, 2, 2, 2, 2, 1, -2, 1, 2, 1, 1, -2, -1, -2, -1, -1, -2, 1]"
378,dfs_bnb_mpi,1.70498,-9,10,479906,"[-1, -1, 2, -1, -2, -2, 1, 1, 1, 1, 2, 2, 2, -1, 2, -1, -2, -2, 1]"
379,dfs_bnb_mpi,2.09249,-9,10,590250,"[-1, -1, 2, 1, 2, 2, -1, 2, 1, 1, 1, -2, 1, -2, -1, -2, -1, 2, 2]"
380,dfs_bnb_mpi,1.15905,-10,11,300328,"[-1, -2, 1, -2, 1, 1, 2, -1, 2, 2, 1, -2, 1, -2, -2, -2, -1, -1, -1]"
381,dfs_bnb_mpi,0.727975,-10,11,178670,"[-1, -1, 2, 2, 1, -2, 1, 2, 1, 1, -2, -1, -2, 1, 1, -2, -1, -1, -1]"
382,dfs_bnb_mpi,1.96732,-8,9,441038,"[-1, -1, 2, 2, 2, 2, 1, 2, 1, 1, -2, -1, -2, -1, -2, 1, 1, 2, 1]"
383,dfs_bnb_mpi,0.844915,-10,11,231552,"[-1, -1, 2, 1, 2, 2, 1, -2, -2, 1, -2, -2, 1, -2, -1, -1, -1, 2, 1]"
384,dfs_bnb_mpi,0.297532,-9,10,81251,"[-1, -1, 2, 1, 2, -1, 2, -1, -2, -1, -1, -2, -2, 1, 2, 1, -2, -2, 1]"
385,dfs_bnb_mpi,0.146689,-10,11,39746,"[-1, -1, 2, -1, -2, -1, -2, 1, 1, 1, 1, -2, -1, -2, -1, 2, -1, -1, -1]"
386,dfs_bnb_mpi,0.594211,-9,10,135505,"[-1, -1, 2, 2, 1, -2, 1, 2, 1, 1, -2, -1, -2, 1, -2, -1, -1, -1, -1]"
387,dfs_bnb_mpi,0.592084,-9,10,136493,"[-1, -1, 2, 1, 2, -1, -1, 2, -1, -2, -2, 1, -2, -1, -2, 1, 1, 1, 1]"
388,dfs_bnb_mpi,1.93043,-9,9,494115,"[-1, -1, 2, 2, 2, 2, 1, -2, 1, 2, 2, 1, -2, -2, -2, -1, -2, -1, 2]"
389,dfs_bnb_mpi,0.503449,-8,8,131981,"[-1, -1, 2, 2, 2, 2, 2, 1, 1, -2, -1, -2, 1, 1, -2, -1, -2, -1, 2]"
390,dfs_bnb_mpi,0.316447,-10,11,79656,"[-1, -1, 2, 2, 1, -2, 1, 2, 1, -2, -2, -2, -2, -2, -1, 2, -1, 2, 1]"
391,dfs_bnb_mpi,1.4937,-9,10,436333,"[-1, -1, 2, 1, 2, 2, 2, 1, -2, -2, 1, 2, 1, -2, -2, -2, -1, 2, -1]"
392,dfs_bnb_mpi,0.901332,-10,11,232152,"[-1, -1, 2, 1, 2, 1, -2, 1, -2, 1, -2, -1, -2, -2, -1, 2, -1, 2, 1]"
393,dfs_bnb_mpi,0.189397,-9,9,47509,"[-1, -1, 2, -1, 2, -1, -1, -2, 1, -2, 1, -2, -1, -2, -1, 2, -1, 2, 1]"
394,dfs_bnb_mpi,0.130982,-10,10,32103,"[-1, -2, 1, 1, 1, 2, -1, 2, 1, 1, 2, -1, -1, 2, -1, -2, -1, -2, 1]"
395,dfs_bnb_mpi,0.399355,-10,11,114419,"[-1, -2, 1, 1, 2, 2, -1, 2, -1, -2, -1, 2, 2, -1, -2, -2, -2, 1, -2]"
396,dfs_bnb_mpi,0.091267,-9,10,22038,"[-1, -1, 2, -1, -2, -2, 1, -2, 1, 2, 1, -2, 1, 1, 2, -1, 2, 2, 2]"
397,dfs_bnb_mpi,0.274128,-10,11,77230,"[-1, -2, 1, 1, 2, 2, -1, 2, -1, 2, 1, 1, -2, 1, -2, -2, 1, -2, -1]"
398,dfs_bnb_mpi,0.859241,-9,10,235354,"[-1, -1, 2, 1, 2, -1, 2, 2, -1, -2, -1, -1, -2, -2, 1, 2, 1, -2, -2]"
399,dfs_bnb_mpi,0.278552,-10,10,69618,"[-1, -1, -1, 2, 1, 2, 1, -2, 1, 2, 1, -2, -2, -2, -1, -1, -2, -1, 2]"
400,dfs_bnb_mpi,0.960887,-9,10,243442,"[-1, -1, 2, 2, -1, -2, -2, -1, -2, 1, -2, -2, 1, 2, 1, 1, 2, -1, -1]"
401,dfs_bnb_mpi,5.04777,-8,9,1179153,"[-1, -1, 2, 2, 2, 1, 2, 2, 1, 2, 1, -2, -2, -1, -2, 1, -2, -1, -1]"
402,dfs_bnb_mpi,0.320723,-10,11,79776,"[-1, -2, -1, 2, 2, 1, 2, 2, 1, 1, -2, -1, -2, 1, 1, -2, -1, -2, -1]"
403,dfs_bnb_mpi,0.089673,-10,11,23177,"[-1, -1, -1, 2, 1, 2, 1, -2, 1, 2, 1, -2, 1, -2, -1, -2, -1, -1, -1]"
404,dfs_bnb_mpi,1.72255,-10,11,478654,"[-1, -1, 2, 1, 1, 1, -2, -2, -2, 1, -2, -1, -1, 2, -1, -1, 2, 1, 1]"
405,dfs_bnb_mpi,0.456984,-9,9,120825,"[-1, -1, -1, 2, 1, 1, 1, 2, 1, -2, -2, 1, -2, -1, -2, -1, 2, -1, -1]"
406,dfs_bnb_mpi,0.41541,-9,9,115172,"[-1, -1, 2, -1, -2, -1, 2, 2, 1, 1, 2, 2, 1, -2, 1, -2, -2, -1, 2]"
407,dfs_bnb_mpi,0.763331,-8,9,189141,"[-1, -1, 2, 2, 2, 2, 1, -2, 1, 1, 1, -2, -1, -1, -1, -2, 1, 1, 1]"
408,dfs_bnb_mpi,2.36769,-9,10,545944,"[-1, -1, 2, 2, 2, 1, 2, 1, 1, 1, -2, -2, -1, 2, -1, -2, -2, -1, 2]"
409,dfs_bnb_mpi,1.07336,-9,10,260861,"[-1, -1, 2, 2, 2, 2, 1, 2, 1, -2, -2, -1, -2, -2, 1, 2, 1, 2, 2]"
410,dfs_bnb_mpi,1.18315,-8,9,302100,"[-1, -1, 2, 2, 2, -1, 2, -1, -1, -2, 1, -2, 1, -2, -2, -1, 2, -1, 2]"
411,dfs_bnb_mpi,0.84689,-9,10,212546,"[-1, -1, 2, 2, 1, -2, 1, 2, 1, -2, -2, -2, -1, -1, -2, -1, 2, -1, 2]"
412,dfs_bnb_mpi,0.163033,-8,9,40580,"[-1, -1, 2, 1, 2, -1, -1, -1, -2, 1, -2, -1, -2, 1, 1, 1, 1, 1, 2]"
413,dfs_bnb_mpi,1.42657,-10,11,335638,"[-1, -1, 2, 1, 2, 2, 2, 1, 2, 1, -2, 1, -2, -1, -1, -2, 1, -2, -1]"
414,dfs_bnb_mpi,0.383374,-9,10,114722,"[-1, -1, 2, 2, 1, -2, 1, 2, 1, -2, -2, 1, -2, -1, -2, -1, -1, 2, 1]"
415,dfs_bnb_mpi,0.083051,-7,8,20007,"[-1, -1, 2, 2, 1, -2, 1, 2, 1, -2, -2, -2, -1, -1, -1, -1, 2, 2, 2]"
416,dfs_bnb_mpi,0.888556,-9,10,252410,"[-1, -1, 2, 1, 2, -1, -1, 2, -1, -2, -2, 1, -2, -2, -2, 1, 1, 2, -1]"
417,dfs_bnb_mpi,0.222635,-10,10,59858,"[-1, -1, 2, 1, 2, 2, -1, -2, -1, 2, 2, 1, 1, 1, -2, -2, 1, -2, -1]"
418,dfs_bnb_mpi,1.82158,-9,10,479354,"[-1, -1, 2, 2, 2, 1, 2, 1, -2, -2, 1, 1, -2, -2, -1, 2, -1, -1, 2]"
419,dfs_bnb_mpi,0.376648,-10,10,101292,"[-1, -2, -1, -2, 1, 1, 2, 1, 2, 1, -2, -2, -1, -2, -1, -1, -2, -1, 2]"
420,dfs_bnb_mpi,2.03368,-9,10,461773,"[-1, -1, 2, 2, 2, 1, 2, 2, 1, -2, 1, -2, -1, -2, -1, -2, 1, 1, 2]"
421,dfs_bnb_mpi,0.548001,-9,10,141220,"[-1, -1, 2, -1, 2, -1, -1, -2, 1, -2, 1, -2, -1, -1, 2, -1, 2, 2, 2]"
422,dfs_bnb_mpi,3.56224,-10,11,903564,"[-1, -2, 1, 1, -2, 1, 2, 2, 1, 2, -1, 2, -1, 2, -1, -2, -2, 1, -2]"
423,dfs_bnb_mpi,0.084929,-9,10,20398,"[-1, -1, 2, 1, 2, 2, -1, -2, -1, -2, -1, 2, -1, -2, -2, 1, 1, -2, 1]"
424,dfs_bnb_mpi,0.446444,-10,11,109613,"[-1, -2, 1, 1, 2, 2, 1, 2, 2, -1, -2, -1, -2, -1, 2, 2, 1, 2, 1]"
425,dfs_bnb_mpi,0.511181,-9,10,132025,"[-1, -1, 2, 2, -1, 2, -1, 2, 1, 1, -2, 1, -2, -2, 1, 1, 2, -1, 2]"
426,dfs_bnb_mpi,6.29798,-9,10,1426325,"[-1, -1, 2, -1, -1, -2, -1, -2, 1, -2, 1, -2, 1, 2, 1, 2, -1, -1, 2]"
427,dfs_bnb_mpi,1.94542,-10,11,480937,"[-1, -2, 1, 1, 2, 1, 2, -1, 2, 1, 2, -1, 2, -1, -2, -1, -2, 1, -2]"
428,dfs_bnb_mpi,1.98937,-8,9,456254,"[-1, -1, 2, 2, 2, -1, 2, -1, -2, -1, -2, -2, 1, 2, 1, -2, -2, -1, -1]"
429,dfs_bnb_mpi,2.45801,-9,10,585821,"[-1, -1, 2, -1, -2, -1, 2, -1, -1, -2, 1, -2, -2, 1, 2, 1, 1, -2, -1]"
430,dfs_bnb_mpi,0.722439,-11,12,185967,"[-1, -1, 2, 1, 2, 1, -2, 1, -2, 1, -2, -1, -2, -1, 2, -1, -1, -2, 1]"
431,dfs_bnb_mpi,0.120535,-10,11,30022,"[-1, -1, 2, 2, 1, -2, 1, 1, -2, -2, -1, -1, -1, -1, 2, 2, -1, -2, -1]"
432,dfs_bnb_mpi,0.719581,-9,10,211158,"[-1, -1, 2, 1, 2, 1, -2, 1, -2, 1, -2, -1, -2, -1, 2, -1, -1, -1, 2]"
433,dfs_bnb_mpi,0.153792,-9,9,42920,"[-1, -2, -1, -1, 2, 1, 2, 1, 1, 2, -1, 2, -1, -2, -1, -2, -1, -2, -1]"
434,dfs_bnb_mpi,0.043364,-9,10,11446,"[-1, -1, 2, 2, 1, -2, 1, 2, 1, -2, -2, -2, -1, -2, -1, 2, -1, -1, 2]"
435,dfs_bnb_mpi,2.3195,-9,10,612320,"[-1, -1, 2, 2, 1, -2, 1, 2, 2, -1, -1, -1, -1, -2, -2, -2, 1, 2, 2]"
436,dfs_bnb_mpi,2.54346,-9,10,640468,"[-1, -1, 2, -1, -2, -1, 2, -1, -2, -2, -2, -2, 1, 2, 2, 1, 1, -2, -1]"
437,dfs_bnb_mpi,0.607248,-9,10,156135,"[-1, -2, 1, 1, 2, 1, 1, -2, -1, -2, -1, -2, -1, 2, -1, -1, -2, 1, -2]"
438,dfs_bnb_mpi,10.6999,-8,9,2531485,"[-1, -1, 2, 2, 2, 1, 2, 1, 1, 1, -2, -1, -2, -2, -1, -1, 2, 1, 2]"
439,dfs_bnb_mpi,0.201164,-9,10,49152,"[-1, -1, 2, 2, -1, -1, -2, 1, -2, -2, -1, 2, -1, 2, -1, -2, -2, 1, -2]"
440,dfs_bnb_mpi,0.536027,-9,9,128569,"[-1, -1, 2, -1, -2, -1, -2, -2, -2, 1, 1, 2, -1, 2, 1, 1, -2, 1, 2]"
441,dfs_bnb_mpi,0.877225,-10,11,220052,"[-1, -2, 1, 1, 2, 2, 1, -2, 1, 1, -2, -1, -1, -2, -2, -1, -1, 2, 1]"
442,dfs_bnb_mpi,1.57397,-9,10,469624,"[-1, -1, 2, 2, 2, 1, 1, -2, 1, 2, 2, 1, -2, -2, -2, -1, -1, -1, 2]"
443,dfs_bnb_mpi,0.148803,-8,9,36446,"[-1, -1, 2, -1, 2, 2, 1, -2, 1, -2, 1, 2, 2, -1, 2, -1, 2, 2, 2]"
444,dfs_bnb_mpi,2.34769,-10,11,651771,"[-1, -2, 1, 1, 2, 1, -2, -2, -2, -2, -1, 2, -1, -2, -1, 2, 2, 1, 1]"
445,dfs_bnb_mpi,0.133724,-9,10,35460,"[-1, -1, 2, 1, 2, 2, -1, -2, -1, -2, -1, -2, 1, -2, -2, 1, 2, 1, 1]"
446,dfs_bnb_mpi,0.141335,-10,11,40843,"[-1, -2, 1, 1, 2, 1, 2, -1, -1, -1, -1, 2, 1, 2, 1, -2, 1, 1, 2]"
447,dfs_bnb_mpi,0.132872,-8,9,37762,"[-1, -1, 2, 2, 2, 2, 1, -2, -2, -2, 1, 2, 1, 1, 2, -1, -1, 2, 2]"
448,dfs_bnb_mpi,4.58278,-8,9,1282722,"[-1, -1, 2, 2, 2, -1, -2, -1, -2, 1, -2, -1, -1, -2, 1, -2, 1, 2, 1]"
449,dfs_bnb_mpi,0.129862,-10,11,36484,"[-1, -1, 2, 2, 1, -2, 1, 2, 1, -2, -2, 1, -2, -1, -2, -1, 2, -1, -1]"
450,dfs_bnb_mpi,3.76514,-8,9,884734,"[-1, -1, 2, 2, 2, -1, -1, -1, -2, -1, -2, 1, -2, 1, 2, 2, 1, -2, -2]"
451,dfs_bnb_mpi,0.403016,-9,9,96664,"[-1, -1, 2, 1, 1, 2, 1, 1, -2, -1, -2, 1, 1, -2, -1, -1, -2, -1, 2]"
452,dfs_bnb_mpi,2.1128,-10,10,531667,"[-1, -1, 2, 2, -1, -2, -1, -2, -2, -2, -2, 1, 2, 1, 1, 2, -1, -1, 2]"
453,dfs_bnb_mpi,0.273105,-10,11,71501,"[-1, -2, 1, 1, 1, 2, -1, 2, 1, 1, 2, -1, -1, -1, 2, -1, -2, -2, 1]"
454,dfs_bnb_mpi,7.40025,-9,10,1944423,"[-1, -2, 1, 1, 2, 2, 1, -2, 1, 1, 1, 2, -1, -1, 2, -1, -1, -1, -2]"
455,dfs_bnb_mpi,0.516459,-9,10,148452,"[-1, -1, 2, 2, -1, -2, -2, -2, 1, 1, 1, 1, 2, 2, -1, -1, 2, 1, 2]"
456,dfs_bnb_mpi,0.04188,-9,10,11936,"[-1, -1, 2, 2, 1, -2, 1, 2, 2, -1, 2, 1, 1, -2, 1, -2, -1, -2, 1]"
457,dfs_bnb_mpi,0.632103,-7,8,149923,"[-1, -1, 2, 2, -1, -1, -2, 1, -2, -1, -1, 2, 2, 2, 1, 1, 2, 2, 2]"
458,dfs_bnb_mpi,0.923766,-10,11,254409,"[-1, -2, 1, 1, 2, 2, 1, 2, -1, 2, -1, 2, -1, -2, -2, 1, -2, -1, -1]"
459,dfs_bnb_mpi,9.48522,-8,9,2442984,"[-1, -1, 2, 2, 2, 2, 2, 1, 1, 1, -2, -1, -2, 1, -2, -1, -1, 2, 2]"
460,dfs_bnb_mpi,4.98664,-9,10,1226465,"[-1, -2, -1, 2, 2, 1, 1, 2, 2, 1, 1, -2, -1, -2, 1, -2, -1, -2, -1]"
461,dfs_bnb_mpi,0.274552,-9,10,72673,"[-1, -2, 1, 1, 2, 2, 2, -1, -2, -1, 2, 2, -1, -1, -2, 1, -2, -1, -1]"
462,dfs_bnb_mpi,3.55016,-9,10,876424,"[-1, -1, 2, -1, 2, -1, -2, -1, -2, 1, -2, -1, -2, 1, 1, 1, 2, -1, 2]"
463,dfs_bnb_mpi,7.47422,-8,9,2014556,"[-1, -1, 2, 2, 2, 2, 2, 1, -2, -2, 1, 2, 1, -2, -2, -1, -1, -2, 1]"
464,dfs_bnb_mpi,4.45071,-9,10,1195576,"[-1, -1, 2, 2, 2, 2, 1, 1, 1, -2, 1, -2, -1, -1, -2, -1, 2, 2, 1]"
465,dfs_bnb_mpi,0.730652,-9,10,197239,"[-1, -1, 2, -1, 2, -1, -2, -1, -2, -2, 1, 2, 1, -2, -2, 1, 1, 2, -1]"
466,dfs_bnb_mpi,4.59224,-10,11,1056768,"[-1, -1, 2, -1, -2, -1, -2, -1, -2, 1, -2, 1, 2, 2, 1, 1, -2, -1, -2]"
467,dfs_bnb_mpi,2.03017,-8,9,493005,"[-1, -1, 2, 2, 2, 1, 2, 1, 1, -2, -1, -2, -1, -2, 1, 1, 2, 1, 2]"
468,dfs_bnb_mpi,2.04479,-9,10,530825,"[-1, -1, 2, 2, 2, -1, -2, -1, -2, 1, -2, -1, -2, 1, 1, 1, -2, -1, -1]"
469,dfs_bnb_mpi,0.28659,-10,11,73261,"[-1, -1, 2, 2, 1, -2, 1, 1, -2, -2, -1, -1, -1, -2, 1, -2, 1, 2, 1]"
470,dfs_bnb_mpi,0.788803,-9,10,234422,"[-1, -1, 2, -1, -2, -2, -1, 2, -1, 2, 1, 2, 1, 2, 1, -2, 1, -2, 1]"
471,dfs_bnb_mpi,0.636838,-11,12,158241,"[-1, -2, 1, 1, 2, 1, -2, 1, -2, -1, -2, -1, 2, -1, -1, -1, -2, 1, 1]"
472,dfs_bnb_mpi,0.439612,-10,10,118349,"[-1, -1, 2, 2, 1, -2, 1, 1, -2, 1, 2, 1, 2, -1, 2, -1, -1, -2, 1]"
473,dfs_bnb_mpi,1.44789,-10,11,345015,"[-1, -1, 2, 1, 1, 2, -1, -1, -1, -2, -1, -2, 1, -2, 1, 1, -2, -1, -1]"
474,dfs_bnb_mpi,4.02449,-8,9,929280,"[-1, -1, 2, 2, -1, 2, 2, -1, -1, -2, 1, -2, -2, 1, -2, -1, -1, 2, 2]"
475,dfs_bnb_mpi,0.302716,-8,9,70422,"[-1, -1, 2, 2, 2, 2, 2, 1, 1, -2, -1, -2, -2, -2, 1, 2, 2, 1, 2]"
476,dfs_bnb_mpi,0.099496,-9,10,25427,"[-1, -2, 1, 1, 2, 2, -1, 2, 1, 2, 1, -2, -2, -2, 1, -2, -1, -2, 1]"
477,dfs_bnb_mpi,1.11882,-8,8,288971,"[-1, -2, 1, 1, -2, 1, 2, 1, 1, -2, -1, -2, -2, -1, 2, -1, -1, 2, -1]"
478,dfs_bnb_mpi,0.852338,-10,11,218422,"[-1, -2, -2, -1, 2, 2, 2, 1, 2, 2, 2, 1, -2, -2, -2, 1, -2, -2, -1]"
479,dfs_bnb_mpi,0.831709,-9,10,232801,"[-1, -1, 2, 2, 2, 1, -2, -2, 1, 2, 1, -2, -2, -2, -2, -1, -1, 2, 1]"
480,dfs_bnb_mpi,0.807954,-10,11,194527,"[-1, -2, -1, 2, 2, 1, 2, 2, 1, 1, -2, -1, -2, 1, 1, -2, -1, -2, -1]"
481,dfs_bnb_mpi,1.60683,-10,11,418218,"[-1, -2, 1, 1, 2, 1, 2, -1, 2, 1, 2, -1, 2, -1, -2, -2, -1, -2, 1]"
482,dfs_bnb_mpi,0.144602,-9,10,36727,"[-1, -2, 1, 1, 1, -2, -2, -1, 2, -1, -1, -1, -1, -2, 1, 1, 1, -2, 1]"
483,dfs_bnb_mpi,0.506166,-9,10,122145,"[-1, -1, 2, 2, 2, -1, -2, -2, -2, -2, -1, 2, 2, 2, 2, -1, -2, -2, -1]"
484,dfs_bnb_mpi,0.923265,-10,11,228132,"[-1, -2, -1, -2, 1, -2, 1, 2, 2, 1, 2, 2, 1, -2, 1, -2, -1, -2, -1]"
485,dfs_bnb_mpi,0.945722,-8,9,218174,"[-1, -1, 2, -1, 2, -1, -2, -1, -2, -1, -2, 1, 1, 2, 1, -2, -2, -1, -1]"
486,dfs_bnb_mpi,0.093583,-9,10,26875,"[-1, -1, 2, 1, 1, 2, -1, -1, -1, 2, -1, -2, -2, 1, -2, -2, -1, 2, -1]"
487,dfs_bnb_mpi,0.550229,-9,10,135406,"[-1, -2, 1, 1, 2, 2, 2, 1, 1, 1, -2, -1, -1, -2, -2, 1, 1, 2, -1]"
488,dfs_bnb_mpi,1.32404,-10,11,362350,"[-1, -2, 1, 1, -2, 1, 2, 2, -1, 2, 1, 2, -1, 2, -1, -2, -1, -2, 1]"
489,dfs_bnb_mpi,1.33912,-8,9,374910,"[-1, -1, 2, 2, 1, -2, 1, 2, 2, 1, 1, 1, -2, -2, -1, 2, -1, -2, -2]"
490,dfs_bnb_mpi,1.44885,-9,10,367728,"[-1, -1, 2, -1, 2, 2, -1, 2, -1, -2, -2, 1, -2, -1, -2, 1, -2, 1, 2]"
491,dfs_bnb_mpi,3.40819,-10,11,913950,"[-1, -1, 2, 2, 1, -2, 1, 1, -2, -2, 1, -2, -1, -2, -1, 2, 2, -1, -2]"
492,dfs_bnb_mpi,0.147415,-9,10,40921,"[-1, -2, 1, 1, -2, -1, -1, -2, -2, 1, 2, 1, 1, 2, 2, 2, -1, 2, 2]"
493,dfs_bnb_mpi,0.93231,-9,10,229056,"[-1, -2, 1, 1, -2, 1, -2, -1, -2, -1, 2, 2, -1, -1, -1, -2, 1, 1, -2]"
494,dfs_bnb_mpi,6.74426,-9,10,1663653,"[-1, -1, 2, 2, 2, 1, 2, 2, 1, -2, 1, -2, -2, -2, -1, -1, 2, 1, 2]"
495,dfs_bnb_mpi,0.297339,-10,11,76601,"[-1, -1, 2, 1, 2, 2, 1, 1, -2, -1, -2, 1, -2, -2, -1, -2, -1, 2, -1]"
496,dfs_bnb_mpi,0.288913,-9,9,69802,"[-1, -2, -1, -2, 1, -2, 1, 1, 2, -1, 2, 1, 2, 1, 1, -2, -1, -2, 1]"
497,dfs_bnb_mpi,0.128525,-8,9,30621,"[-1, -1, 2, -1, 2, 2, 1, -2, 1, -2, 1, 2, 2, -1, 2, 2, 2, 2, 2]"
498,dfs_bnb_mpi,0.448591,-9,10,118350,"[-1, -1, 2, 1, 2, -1, 2, -1, -1, -2, 1, -2, -2, -2, -2, 1, 1, 2, -1]"
499,dfs_bnb_mpi,0.239031,-10,11,65228,"[-1, -1, -1, 2, 1, 1, 2, 1, -2, 1, -2, -2, -1, -1, -1, -2, 1, 1, 1]"
500,dfs_bnb_mpi,0.146816,-8,9,42089,"[-1, -1, 2, 2, 1, -2, 1, 2, 2, -1, -1, -1, -1, -2, 1, -2, -1, -1, 2]"
501,dfs_bnb_mpi,2.55696,-9,10,632663,"[-1, -1, 2, 2, -1, 2, -1, -2, -1, -1, -2, 1, -2, 1, 2, 1, -2, -2, 1]"
502,dfs_bnb_mpi,0.366958,-9,9,110563,"[-1, -1, 2, 1, 1, 2, -1, 2, 1, 2, -1, 2, -1, -2, -1, -2, 1, -2, -1]"
503,dfs_bnb_mpi,0.09352,-10,11,26240,"[-1, -2, -2, -2, 1, 2, 2, 1, 2, 2, -1, -1, -1, -2, -1, -2, 1, -2, -1]"
504,dfs_bnb_mpi,0.394309,-9,10,119501,"[-1, -1, 2, 1, 2, -1, 2, 1, 1, -2, 1, 2, 2, 1, -2, -2, -2, -1, -1]"
505,dfs_bnb_mpi,2.75231,-9,10,777624,"[-1, -1, 2, -1, -1, -1, -2, 1, -2, -1, -2, 1, 1, 1, 1, 2, -1, -1, 2]"
506,dfs_bnb_mpi,0.391376,-8,9,101183,"[-1, -1, 2, 2, 1, -2, 1, 2, 2, 2, -1, -2, -1, -1, -2, -2, -2, -1, 2]"
507,dfs_bnb_mpi,0.252666,-9,10,74136,"[-1, -1, 2, 1, 1, 2, -1, -1, -1, 2, -1, -2, -2, 1, -2, -2, 1, 1, 1]"
508,dfs_bnb_mpi,0.978905,-9,10,224652,"[-1, -1, 2, 2, -1, -1, -1, -2, -2, -2, 1, 2, 2, 1, -2, -2, -2, 1, 2]"
509,dfs_bnb_mpi,0.236876,-10,11,67645,"[-1, -2, -1, 2, 2, 1, 2, 1, -2, 1, 2, 1, -2, 1, -2, -1, -1, -2, -1]"
510,dfs_bnb_mpi,10.9627,-8,9,2439648,"[-1, -1, 2, -1, 2, 2, -1, -2, -1, 2, -1, -2, -2, -2, 1, 2, 1, -2, 1]"
511,dfs_bnb_mpi,0.707334,-9,10,183007,"[-1, -1, 2, 2, 2, -1, -1, -1, -2, 1, 1, -2, -2, -1, 2, -1, -1, -2, 1]"
512,dfs_bnb_mpi,3.53709,-10,11,965747,"[-1, -2, 1, 1, 2, 1, -2, 1, -2, 1, -2, -1, -2, -1, -1, 2, 2, 1, -2]"
513,dfs_bnb_mpi,0.641513,-10,11,171080,"[-1, -1, 2, 1, 2, 2, 1, -2, -2, 1, -2, 1, 2, 1, 2, -1, 2, -1, -2]"
514,dfs_bnb_mpi,1.92986,-10,11,532002,"[-1, -1, 2, 1, 1, 1, -2, 1, -2, -1, -2, -1, -1, -2, -1, 2, 2, 1, 1]"
515,dfs_bnb_mpi,0.479499,-9,9,117204,"[-1, -1, 2, 2, 1, -2, 1, 2, 2, 1, 1, -2, -1, -2, 1, -2, -1, -2, 1]"
516,dfs_bnb_mpi,5.39888,-9,10,1260703,"[-1, -1, 2, 1, 2, 2, 2, 1, -2, -2, 1, 2, 1, -2, -2, -2, -1, 2, -1]"
517,dfs_bnb_mpi,2.38798,-9,10,637233,"[-1, -1, 2, 1, 2, -1, 2, -1, -2, -1, -1, -2, -2, 1, -2, 1, 2, 2, -1]"
518,dfs_bnb_mpi,0.105896,-9,10,28002,"[-1, -1, -1, 2, 1, 1, 2, -1, -1, -1, -2, -2, -2, 1, 1, -2, -1, -1, -1]"
519,dfs_bnb_mpi,2.26683,-9,10,531777,"[-1, -1, 2, 2, 2, 1, 2, 1, -2, -2, -1, -2, 1, 1, 2, 2, 1, 2, -1]"
520,dfs_bnb_mpi,1.64918,-10,11,420553,"[-1, -1, 2, -1, -2, -2, -1, 2, 2, -1, -2, -2, -2, 1, 1, 1, 1, 2, -1]"
521,dfs_bnb_mpi,1.55623,-9,10,431389,"[-1, -2, 1, 1, 2, 1, -2, -2, -1, -1, -2, -1, -2, -1, -1, 2, 1, 2, 1]"
522,dfs_bnb_mpi,0.237889,-9,10,56185,"[-1, -1, 2, -1, -2, -2, -1, -2, 1, 1, 2, 1, -2, -2, -1, -1, -2, 1, 1]"
523,dfs_bnb_mpi,3.87963,-9,10,993030,"[-1, -1, 2, 1, 2, 1, 2, 1, -2, 1, 1, -2, -1, -2, -2, -1, 2, 2, -1]"
524,dfs_bnb_mpi,9.0131,-9,10,2038013,"[-1, -2, 1, 1, -2, 1, 1, -2, -1, -2, -1, 2, -1, 2, -1, -2, -1, 2, 2]"
525,dfs_bnb_mpi,0.043582,-9,10,11241,"[-1, -1, 2, 2, 1, -2, 1, 2, 2, 2, -1, -2, -1, -1, -2, -1, -2, 1, -2]"
526,dfs_bnb_mpi,0.409769,-8,9,117657,"[-1, -1, 2, 1, 2, 1, -2, 1, 2, 2, -1, 2, 1, 1, -2, -2, -2, -2, -1]"
527,dfs_bnb_mpi,9.79019,-8,9,2247676,"[-1, -1, 2, 2, 1, -2, 1, 1, -2, 1, 2, 2, 2, -1, -2, -1, 2, -1, -1]"
528,dfs_bnb_mpi,3.20863,-10,11,871309,"[-1, -1, -1, 2, 2, 1, 2, 1, 2, 1, -2, 1, -2, -2, -1, 2, -1, -2, -1]"
529,dfs_bnb_mpi,0.244812,-10,10,65438,"[-1, -1, 2, 2, 1, -2, 1, 2, 1, -2, 1, -2, -1, -2, -1, -1, -2, -1, 2]"
530,dfs_bnb_mpi,0.101052,-9,10,25724,"[-1, -1, -1, 2, 2, 1, -2, 1, 2, 2, -1, -1, -1, -1, -2, 1, -2, -1, -1]"
531,dfs_bnb_mpi,6.42378,-9,10,1567245,"[-1, -1, 2, -1, 2, -1, 2, -1, -2, -1, -2, -2, -2, 1, 2, 2, 1, -2, 1]"
532,dfs_bnb_mpi,0.248208,-9,9,63725,"[-1, -2, 1, 1, 2, 2, 1, -2, 1, 2, 2, 2, -1, -2, -1, -1, -2, -1, 2]"
533,dfs_bnb_mpi,3.82411,-8,9,841737,"[-1, -1, 2, 2, 1, 2, 1, 2, 1, 1, -2, -1, -2, -1, -2, 1, 1, -2, -1]"
534,dfs_bnb_mpi,0.095612,-9,10,23517,"[-1, -1, 2, 2, 1, -2, 1, 1, 2, -1, 2, -1, 2, 1, 1, -2, 1, -2, 1]"
535,dfs_bnb_mpi,1.30249,-9,10,355676,"[-1, -2, 1, 1, -2, 1, 1, -2, -2, -1, 2, -1, -2, -1, 2, 2, -1, -2, -1]"
536,dfs_bnb_mpi,0.109179,-11,12,27586,"[-1, -2, -2, 1, 2, 1, 1, 2, -1, 2, -1, -1, 2, 1, 2, 1, -2, 1, -2]"
537,dfs_bnb_mpi,0.621852,-8,9,164985,"[-1, -1, 2, -1, -2, -2, 1, -2, -1, -1, 2, -1, 2, 1, 2, 2, 2, 1, -2]"
538,dfs_bnb_mpi,4.03098,-9,10,1121620,"[-1, -2, 1, -2, 1, 2, 2, 2, -1, 2, 2, 1, -2, 1, -2, 1, -2, -1, -2]"
539,dfs_bnb_mpi,4.66911,-8,9,1057770,"[-1, -1, -1, 2, 2, 2, 2, 1, -2, 1, 1, -2, -1, -1, -2, 1, 1, 1, 2]"
540,dfs_bnb_mpi,4.9873,-9,10,1289572,"[-1, -1, 2, 2, -1, 2, 2, -1, -1, -2, 1, -2, -1, -2, -2, 1, 2, 1, -2]"
541,dfs_bnb_mpi,0.607501,-9,10,141618,"[-1, -1, 2, -1, -2, -1, -1, -1, -2, 1, 1, 1, 1, 1, -2, -1, -1, -1, -1]"
542,dfs_bnb_mpi,1.16721,-9,10,281825,"[-1, -1, -1, -1, 2, 2, 1, -2, 1, 2, 2, 1, -2, -2, 1, 1, 2, -1, 2]"
543,dfs_bnb_mpi,0.983325,-10,11,284888,"[-1, -2, -2, 1, 2, 1, -2, 1, 2, 2, 2, 2, -1, -1, -1, -2, 1, 1, -2]"
544,dfs_bnb_mpi,0.486276,-10,10,137458,"[-1, -1, 2, 2, -1, -1, -2, 1, -2, -1, -1, -2, 1, 1, -2, 1, 1, 2, -1]"
545,dfs_bnb_mpi,0.973687,-8,9,250467,"[-1, -1, 2, 2, 2, -1, -2, -2, -1, -2, 1, -2, 1, -2, -1, -1, 2, -1, 2]"
546,dfs_bnb_mpi,0.696735,-8,9,161280,"[-1, -1, 2, 2, 2, 1, 1, 2, 1, -2, -2, -1, -1, -2, 1, 1, -2, 1, 2]"
547,dfs_bnb_mpi,5.75098,-9,10,1324500,"[-1, -1, 2, 2, -1, -1, 2, 1, 1, 2, 1, -2, 1, -2, 1, -2, -1, -1, 2]"
548,dfs_bnb_mpi,10.7305,-8,9,2409990,"[-1, -1, 2, 2, 2, 2, 2, 2, 1, -2, 1, 1, -2, -1, -1, -2, 1, -2, -1]"
549,dfs_bnb_mpi,8.18096,-8,9,2275050,"[-1, -1, 2, 2, -1, -1, 2, 1, 1, 2, 1, -2, 1, 1, -2, -1, -1, -2, 1]"
550,dfs_bnb_mpi,0.152007,-10,11,35879,"[-1, -2, 1, 1, 2, 1, 2, 1, 2, -1, -1, -2, -1, 2, -1, -2, -1, -2, -1]"
551,dfs_bnb_mpi,0.938141,-10,11,260908,"[-1, -1, 2, -1, 2, 1, 1, -2, 1, 2, 1, -2, 1, -2, -1, -2, -1, -1, -1]"
552,dfs_bnb_mpi,5.95134,-9,10,1453097,"[-1, -1, 2, 2, 2, 1, 2, 2, 1, -2, 1, -2, -2, -2, -1, -1, 2, 1, 2]"
553,dfs_bnb_mpi,0.624034,-9,10,157263,"[-1, -1, 2, 1, 1, 2, 1, -2, 1, -2, -1, -2, -1, -2, 1, 1, 2, 1, 2]"
554,dfs_bnb_mpi,0.553471,-11,12,151886,"[-1, -2, 1, 1, -2, -1, -2, -1, 2, -1, 2, 2, -1, 2, 1, 1, 1, 1, -2]"
555,dfs_bnb_mpi,2.36317,-10,11,574747,"[-1, -2, -1, -2, 1, 1, 1, -2, -1, -2, 1, 1, 2, 2, 2, 2, -1, -2, -1]"
556,dfs_bnb_mpi,0.131164,-9,9,36273,"[-1, -1, 2, 2, 1, -2, 1, 2, 2, 1, -2, 1, -2, -1, -2, 1, 1, 2, 2]"
557,dfs_bnb_mpi,0.186665,-9,10,50082,"[-1, -1, 2, 1, 2, 2, 1, -2, -2, 1, 2, 2, 2, -1, 2, -1, -1, -2, 1]"
558,dfs_bnb_mpi,0.413633,-8,9,106780,"[-1, -1, 2, 2, 1, -2, 1, 2, 2, 2, -1, -2, -1, -1, -2, -2, -2, -1, 2]"
559,dfs_bnb_mpi,1.11143,-9,10,266893,"[-1, -1, 2, 1, 2, 2, 2, 2, 1, -2, 1, -2, -1, -2, 1, 1, -2, -1, -1]"
560,dfs_bnb_mpi,0.184059,-9,10,48599,"[-1, -1, 2, 2, 1, -2, 1, 2, 2, 1, 1, -2, -1, -2, 1, -2, -1, -2, 1]"
561,dfs_bnb_mpi,0.389942,-9,10,95829,"[-1, -1, 2, 2, -1, -2, -2, -1, 2, -1, 2, 1, 2, 1, 2, 1, -2, 1, -2]"
562,dfs_bnb_mpi,0.063397,-9,10,16068,"[-1, -2, 1, 1, 2, 1, -2, -2, -1, -1, -1, -2, 1, 1, 1, 1, 2, 2, 2]"
563,dfs_bnb_mpi,4.63545,-8,9,1104932,"[-1, -1, 2, 2, 2, 2, 1, -2, 1, 2, 1, 1, -2, -1, -2, -1, -2, -1, 2]"
564,dfs_bnb_mpi,2.64942,-7,8,672524,"[-1, -2, 1, 1, 2, 1, 1, 2, 1, -2, -2, -1, -1, -2, -2, -1, 2, -1, -1]"
565,dfs_bnb_mpi,1.03162,-9,10,250511,"[-1, -1, 2, 2, -1, -2, -2, -2, -1, 2, -1, 2, 1, 2, 2, 1, 2, 1, -2]"
566,dfs_bnb_mpi,4.56427,-9,10,1185822,"[-1, -1, 2, 2, 2, 1, -2, -2, 1, 1, -2, 1, 2, 2, 2, -1, -1, -2, 1]"
567,dfs_bnb_mpi,3.24956,-10,11,886232,"[-1, -1, 2, 1, 2, 2, 2, 1, 2, 1, -2, -2, 1, -2, -1, -2, -1, 2, 2]"
568,dfs_bnb_mpi,0.032547,-8,8,8617,"[-1, -1, 2, 1, 2, -1, 2, 1, 1, 1, -2, -1, -2, 1, -2, -2, -1, -1, -1]"
569,dfs_bnb_mpi,0.232882,-10,11,70141,"[-1, -1, 2, 1, 1, 1, -2, -2, -1, -1, -1, -2, 1, -2, -2, 1, 2, 2, 1]"
570,dfs_bnb_mpi,2.39631,-9,10,551243,"[-1, -1, 2, 2, 1, -2, 1, 2, 1, 2, 1, -2, -2, -1, -2, 1, 1, 2, 2]"
571,dfs_bnb_mpi,0.743372,-10,11,214498,"[-1, -1, 2, 1, 1, 2, -1, 2, -1, -2, -1, -2, -1, -2, 1, -2, 1, 1, 1]"
572,dfs_bnb_mpi,0.567468,-9,10,159274,"[-1, -1, 2, 1, 1, 2, -1, 2, -1, -2, -1, -1, -2, 1, -2, -2, -2, 1, 2]"
573,dfs_bnb_mpi,2.17159,-7,8,605132,"[-1, -1, 2, 2, 1, -2, 1, 1, 1, -2, -2, -2, -1, -1, -1, 2, 1, 1, 2]"
574,dfs_bnb_mpi,4.02519,-10,10,1080063,"[-1, -2, -1, -1, -2, -1, 2, 2, -1, 2, 1, 1, 2, 1, 1, -2, -1, -2, -1]"
575,dfs_bnb_mpi,0.476959,-9,10,109526,"[-1, -1, 2, 2, -1, 2, -1, -1, -1, -2, 1, 1, -2, 1, -2, -1, -1, 2, -1]"
576,dfs_bnb_mpi,0.103041,-8,9,26982,"[-1, -1, 2, 1, 2, -1, -1, -1, -1, -2, -2, 1, 2, 1, -2, -2, 1, 1, 1]"
577,dfs_bnb_mpi,0.229011,-10,11,65770,"[-1, -1, 2, 2, 1, -2, 1, 2, 1, -2, 1, -2, -1, -2, -1, -1, -1, -1, 2]"
578,dfs_bnb_mpi,0.261536,-9,10,70372,"[-1, -1, 2, 2, 1, -2, 1, 1, -2, -2, -1, -1, -1, -1, -2, 1, 1, 1, 1]"
579,dfs_bnb_mpi,2.18859,-9,10,597913,"[-1, -1, 2, 2, 1, 1, 2, 1, -2, 1, 2, 1, -2, -2, -1, -2, -1, 2, -1]"
580,dfs_bnb_mpi,1.38089,-10,11,378564,"[-1, -2, 1, 1, -2, -1, -1, -2, 1, 1, -2, 1, 2, 1, 2, -1, 2, 2, -1]"
581,dfs_bnb_mpi,0.104814,-8,9,27747,"[-1, -1, 2, 2, -1, 2, 1, 1, -2, -2, 1, 2, 2, 2, -1, -1, 2, 2, 2]"
582,dfs_bnb_mpi,2.48157,-11,12,598439,"[-1, -2, 1, -2, 1, -2, 1, 2, 1, 2, -1, -1, 2, 1, 1, 2, -1, -1, -1]"
583,dfs_bnb_mpi,0.431422,-8,9,104510,"[-1, -1, 2, 2, -1, 2, 1, 2, 1, -2, -2, -2, 1, 1, 2, -1, 2, 2, 2]"
584,dfs_bnb_mpi,3.00102,-9,10,761922,"[-1, -2, 1, 1, 1, 2, -1, 2, 2, -1, 2, 2, -1, -2, -2, -1, -2, 1, 1]"
585,dfs_bnb_mpi,0.499371,-10,10,122637,"[-1, -1, 2, 2, 2, 2, 1, -2, 1, 1, -2, -1, -1, -2, 1, 1, 1, -2, -1]"
586,dfs_bnb_mpi,1.48597,-9,10,396352,"[-1, -1, 2, 2, 2, 1, -2, -2, 1, 1, 1, 2, 2, -1, 2, -1, -2, -2, 1]"
587,dfs_bnb_mpi,1.88031,-9,9,490953,"[-1, -1, 2, -1, -2, -2, 1, 1, 1, -2, -1, -1, -1, -2, 1, 1, 1, 1, 2]"
588,dfs_bnb_mpi,0.922081,-9,10,256870,"[-1, -1, 2, 2, -1, -2, -1, 2, 2, -1, -2, -1, -2, 1, -2, 1, 1, -2, 1]"
589,dfs_bnb_mpi,5.80687,-9,10,1377533,"[-1, -1, 2, -1, 2, -1, 2, 1, 2, 1, 1, -2, 1, -2, -2, -1, 2, -1, 2]"
590,dfs_bnb_mpi,2.54037,-9,10,627362,"[-1, -1, 2, 2, -1, -2, -2, -1, 2, 2, 2, -1, -1, -2, 1, -2, -1, -2, 1]"
591,dfs_bnb_mpi,0.471348,-9,10,132799,"[-1, -1, 2, 1, 2, 1, -2, 1, -2, 1, 2, 2, -1, 2, -1, -1, -1, -2, -1]"
592,dfs_bnb_mpi,1.74519,-10,11,399676,"[-1, -2, 1, 1, 2, 1, 2, 1, 2, -1, 2, -1, -2, -2, -1, -1, 2, 1, 2]"
593,dfs_bnb_mpi,0.90402,-9,10,212730,"[-1, -1, 2, 2, 2, 2, 1, 1, -2, -1, -2, -2, 1, 2, 1, 1, -2, -1, -2]"
594,dfs_bnb_mpi,4.95632,-8,9,1191746,"[-1, -1, 2, 2, 2, 2, 1, 2, -1, 2, 1, 2, 1, -2, -2, -2, -2, -1, -2]"
595,dfs_bnb_mpi,0.180695,-9,10,49043,"[-1, -1, 2, 2, -1, 2, 2, 1, -2, 1, 1, 1, -2, -1, -1, -2, 1, 1, 1]"
596,dfs_bnb_mpi,0.33566,-9,9,89037,"[-1, -1, 2, 1, 1, 2, 1, 1, -2, -1, -2, -2, -1, -1, -1, -1, -1, 2, 1]"
597,dfs_bnb_mpi,3.26743,-8,9,873316,"[-1, -1, 2, 2, 2, 2, 2, 2, 1, -2, -2, -2, 1, -2, 1, -2, -1, -1, 2]"
598,dfs_bnb_mpi,1.20335,-8,9,360582,"[-1, -1, 2, 2, 2, 2, -1, -2, -2, -2, -2, -2, -1, 2, 2, -1, 2, 1, 2]"
599,dfs_bnb_mpi,2.58924,-9,10,614010,"[-1, -1, 2, 1, 1, 1, 2, -1, 2, 2, -1, -2, -2, -1, 2, -1, -2, -2, -2]"
600,dfs_bnb_mpi,2.02011,-10,11,548404,"[-1, -1, 2, -1, 2, 1, 2, 1, 1, -2, 1, 2, 1, -2, -2, -1, -1, -1, 2]"
601,dfs_bnb_mpi,1.71363,-10,11,398668,"[-1, -2, 1, -2, 1, -2, 1, 2, 1, 2, 2, 2, -1, -2, -2, -1, 2, 2, 2]"
602,dfs_bnb_mpi,2.99847,-8,9,885278,"[-1, -2, 1, 1, 2, 1, 1, 1, -2, -1, -1, -2, 1, -2, -1, -1, -1, 2, 1]"
603,dfs_bnb_mpi,1.74651,-10,10,454025,"[-1, -2, -1, -2, -1, -1, 2, 1, 2, 1, 2, 1, 2, 1, -2, 1, -2, -2, -1]"
604,dfs_bnb_mpi,4.76232,-10,11,1221280,"[-1, -2, -1, -2, -1, -2, 1, -2, 1, 2, 1, 1, 1, 2, -1, 2, -1, -2, -1]"
605,dfs_bnb_mpi,3.3919,-10,11,921416,"[-1, -1, -1, 2, 2, 1, 2, 1, 1, 2, 1, -2, -2, -2, -1, 2, -1, -2, -1]"
606,dfs_bnb_mpi,3.76534,-10,11,1041273,"[-1, -2, 1, -2, 1, 2, 2, 2, 1, -2, -2, 1, 2, 2, 2, -1, -1, -1, -2]"
607,dfs_bnb_mpi,1.77527,-8,9,422757,"[-1, -1, 2, 2, 2, 2, -1, -2, -1, -1, -2, 1, 1, -2, -1, -1, -2, 1, 1]"
608,dfs_bnb_mpi,2.17947,-9,9,549797,"[-1, -1, 2, -1, 2, -1, -2, -1, -2, 1, 1, -2, 1, 1, -2, -1, -1, -1, 2]"
609,dfs_bnb_mpi,0.652118,-9,10,167618,"[-1, -2, 1, 1, -2, -1, -2, 1, -2, -1, -2, -1, 2, 2, 2, -1, -2, -2, -1]"
610,dfs_bnb_mpi,0.691315,-9,10,157966,"[-1, -1, 2, -1, -2, -2, -2, -2, 1, 1, 1, 2, -1, -1, 2, 1, 1, 1, 2]"
611,dfs_bnb_mpi,0.551499,-9,10,142848,"[-1, -2, -1, -2, -2, 1, 2, 1, 2, 1, -2, 1, -2, -2, -1, 2, -1, -2, -1]"
612,dfs_bnb_mpi,5.14673,-10,11,1137580,"[-1, -2, -2, 1, 1, 1, -2, 1, 2, 1, 2, 2, -1, -2, -1, 2, -1, -2, -1]"
613,dfs_bnb_mpi,0.403174,-10,11,102784,"[-1, -2, 1, 1, 2, 2, 1, 1, -2, -1, -2, -2, -1, -1, -1, -2, 1, 1, 1]"
614,dfs_bnb_mpi,1.31916,-7,8,359102,"[-1, -1, 2, 2, 2, 2, 1, -2, 1, 2, 1, -2, -2, -1, -1, -2, 1, 1, 1]"
615,dfs_bnb_mpi,4.01372,-9,10,913765,"[-1, -2, -1, 2, 2, -1, 2, 2, 2, 1, 1, -2, -1, -2, 1, -2, 1, 2, 2]"
616,dfs_bnb_mpi,1.05926,-9,10,297674,"[-1, -1, 2, 2, 2, 1, 1, 1, -2, -1, -1, -2, 1, 1, -2, -2, -1, -1, -1]"
617,dfs_bnb_mpi,0.57156,-9,10,134398,"[-1, -1, 2, -1, -2, -1, 2, 2, 1, 2, 1, -2, 1, -2, 1, 2, 2, -1, 2]"
618,dfs_bnb_mpi,0.67452,-8,8,175683,"[-1, -1, 2, 1, 2, 1, -2, 1, 1, 2, -1, 2, 2, -1, -2, -1, -1, -2, -1]"
619,dfs_bnb_mpi,6.50056,-10,11,1476363,"[-1, -2, -2, -2, 1, -2, 1, 2, 1, 1, 2, -1, 2, 2, -1, -2, -1, -2, 1]"
620,dfs_bnb_mpi,0.359638,-9,9,90726,"[-1, -1, 2, 2, -1, 2, -1, -2, -2, 1, -2, -1, -1, 2, 2, 2, 2, 1, 2]"
621,dfs_bnb_mpi,3.58846,-10,11,1001493,"[-1, -2, -1, -2, 1, 1, -2, 1, 2, 1, 2, 1, 2, 2, -1, -2, -1, -2, -1]"
622,dfs_bnb_mpi,0.366302,-9,10,108972,"[-1, -1, 2, 1, 2, 1, -2, 1, -2, 1, -2, -1, -1, -2, -2, -1, 2, 2, -1]"
623,dfs_bnb_mpi,2.26083,-8,9,523481,"[-1, -1, 2, 2, 2, 2, 1, 2, 1, -2, 1, -2, -1, -1, -2, -2, 1, 2, 1]"
624,dfs_bnb_mpi,0.699977,-10,11,184002,"[-1, -2, 1, 1, 1, 2, -1, 2, 1, 2, -1, 2, -1, -2, -1, -1, -2, 1, 1]"
625,dfs_bnb_mpi,1.70652,-9,10,488423,"[-1, -1, 2, -1, -2, -2, -1, -2, 1, -2, 1, 1, 1, 2, 2, -1, -2, -1, 2]"
626,dfs_bnb_mpi,0.390052,-8,9,96813,"[-1, -1, 2, 2, 2, 2, -1, -2, -2, -1, -2, 1, -2, -2, -1, 2, -1, 2, 2]"
627,dfs_bnb_mpi,1.42634,-10,11,362253,"[-1, -2, -2, -1, -2, 1, 1, 2, 2, 1, 2, 1, -2, -2, -2, -2, -1, 2, 2]"
628,dfs_bnb_mpi,3.73237,-9,10,969673,"[-1, -1, 2, 2, 1, -2, 1, 1, -2, -2, -2, -1, -1, -1, -1, 2, 1, 1, 1]"
629,dfs_bnb_mpi,0.979694,-9,10,226581,"[-1, -1, 2, 2, -1, 2, 1, 1, 2, 1, -2, -2, -1, -2, 1, 1, 2, 2, 2]"
630,dfs_bnb_mpi,0.863008,-9,10,204842,"[-1, -1, 2, 2, 2, 1, -2, -2, 1, 1, -2, -2, -1, -1, -2, -2, 1, 2, 1]"
631,dfs_bnb_mpi,4.66477,-8,9,1150131,"[-1, -1, 2, 2, 2, -1, -1, -2, -1, -1, -2, -2, 1, 2, 1, -2, 1, 2, 2]"
632,dfs_bnb_mpi,0.916854,-9,10,239427,"[-1, -1, 2, -1, 2, -1, 2, 1, 1, -2, 1, -2, 1, 1, -2, -2, -1, -1, -1]"
633,dfs_bnb_mpi,1.06286,-9,10,300911,"[-1, -2, 1, 1, 2, 2, 1, -2, 1, 2, 1, 2, -1, -1, 2, -1, -2, -1, -2]"
634,dfs_bnb_mpi,5.80815,-10,11,1353080,"[-1, -2, -1, 2, -1, 2, 2, 2, 1, 2, 1, -2, 1, -2, -1, -1, -2, 1, 1]"
635,dfs_bnb_mpi,1.37634,-10,11,375049,"[-1, -1, 2, 1, 2, 1, 1, 2, 2, 1, -2, -2, -2, 1, -2, -1, -1, 2, -1]"
636,dfs_bnb_mpi,0.450645,-8,9,132563,"[-1, -1, 2, 2, 2, 1, -2, -2, 1, 2, 2, 2, 2, 1, -2, -2, -2, -2, 1]"
637,dfs_bnb_mpi,1.84552,-8,8,480171,"[-1, -1, 2, 2, 1, -2, 1, 2, 2, -1, 2, 2, -1, -2, -2, -1, -2, -2, -1]"
638,dfs_bnb_mpi,0.697809,-10,11,173390,"[-1, -1, 2, 1, 2, 2, 2, 1, -2, 1, -2, -1, -2, 1, 1, -2, -1, -2, -1]"
639,dfs_bnb_mpi,0.373723,-9,10,99117,"[-1, -2, 1, 1, 2, 2, 1, 2, 1, -2, -2, -1, -2, -2, -1, -2, -1, 2, -1]"
640,dfs_bnb_mpi,0.676371,-9,10,200949,"[-1, -2, -1, -2, -1, 2, 2, 1, 2, 1, 2, -1, -1, -2, -1, -2, -2, -2, -1]"
641,dfs_bnb_mpi,2.0079,-10,11,563827,"[-1, -1, 2, 2, 1, -2, 1, 1, 1, 2, 2, -1, 2, -1, -1, -2, 1, -2, 1]"
642,dfs_bnb_mpi,1.1998,-9,10,344497,"[-1, -2, 1, 1, 2, 2, 1, -2, 1, 2, 2, -1, 2, -1, -2, -1, -2, -1, 2]"
643,dfs_bnb_mpi,0.055701,-10,11,16044,"[-1, -2, 1, 1, 1, 2, -1, 2, -1, -1, 2, 1, 1, 2, 1, -2, 1, -2, -1]"
644,dfs_bnb_mpi,0.599227,-8,9,156335,"[-1, -1, 2, 2, 2, 2, 1, 1, -2, -1, -2, -2, 1, 2, 1, 2, 2, 2, 2]"
645,dfs_bnb_mpi,0.998398,-8,9,243279,"[-1, -1, 2, 2, 2, 1, -2, -2, 1, 1, 2, -1, 2, 2, 2, 1, -2, -2, 1]"
646,dfs_bnb_mpi,0.431539,-9,9,127610,"[-1, -1, 2, 2, 1, -2, 1, 1, 2, -1, 2, -1, 2, -1, -2, -1, -2, -2, -2]"
647,dfs_bnb_mpi,0.205223,-9,10,50800,"[-1, -1, 2, 2, 1, -2, 1, 1, -2, -2, -1, -1, -1, -2, 1, 1, -2, -1, -1]"
648,dfs_bnb_mpi,0.046613,-8,8,12576,"[-1, -1, 2, 1, 2, 1, -2, 1, -2, -2, -1, -1, -1, -1, -1, 2, 1, 2, 2]"
649,dfs_bnb_mpi,0.776502,-9,9,181725,"[-1, -2, 1, -2, 1, 1, 1, 2, 2, 2, -1, -2, -2, -1, 2, 2, -1, 2, 2]"
650,dfs_bnb_mpi,4.22603,-9,10,1174670,"[-1, -1, 2, 2, -1, 2, 2, -1, -2, -2, -1, -2, -2, 1, -2, 1, 2, 2, -1]"
651,dfs_bnb_mpi,0.773266,-9,10,230603,"[-1, -1, 2, 2, 2, 1, -2, -2, 1, 2, 1, 2, 1, 1, -2, -1, -2, -1, -2]"
652,dfs_bnb_mpi,9.58649,-8,9,2185977,"[-1, -1, 2, 2, 2, -1, -2, -1, -1, -2, 1, 1, -2, -2, 1, 1, -2, -1, -1]"
653,dfs_bnb_mpi,0.267045,-8,9,81871,"[-1, -1, 2, 2, 1, -2, 1, 2, 2, 1, -2, 1, 1, -2, -1, -1, -2, 1, 1]"
654,dfs_bnb_mpi,1.03533,-10,11,268083,"[-1, -2, 1, 1, 2, 2, 2, -1, 2, -1, -2, -1, -1, -2, -2, 1, 2, 1, 1]"
655,dfs_bnb_mpi,0.783098,-10,11,197187,"[-1, -2, 1, 1, 2, 2, -1, -1, -1, -2, -1, -2, 1, -2, -2, 1, 1, 2, -1]"
656,dfs_bnb_mpi,0.034833,-9,9,8437,"[-1, -1, 2, 2, 1, -2, 1, 2, 1, -2, -2, -2, -1, -1, -2, -1, 2, -1, 2]"
657,dfs_bnb_mpi,0.721027,-10,11,187124,"[-1, -2, 1, 1, -2, -1, -1, -1, 2, -1, -1, -2, 1, -2, 1, 1, -2, 1, 2]"
658,dfs_bnb_mpi,3.17353,-9,10,777373,"[-1, -1, 2, -1, 2, -1, -1, -2, 1, -2, -1, -2, 1, -2, 1, 1, 2, -1, 2]"
659,dfs_bnb_mpi,0.760247,-10,11,194202,"[-1, -1, 2, 1, 1, 2, 2, 1, -2, 1, -2, -1, -2, -2, -2, -1, 2, -1, -1]"
660,dfs_bnb_mpi,1.59116,-8,9,420074,"[-1, -1, 2, 2, -1, 2, 2, 1, -2, 1, -2, -2, 1, 2, 1, 2, -1, 2, -1]"
661,dfs_bnb_mpi,0.277478,-9,9,73641,"[-1, -1, 2, 2, 1, -2, 1, 1, 2, -1, 2, -1, 2, -1, -2, -1, -1, -2, 1]"
662,dfs_bnb_mpi,2.29264,-8,9,519327,"[-1, -1, 2, 2, -1, 2, -1, -1, -1, -2, -2, 1, 2, 1, -2, 1, -2, -1, -1]"
663,dfs_bnb_mpi,0.872763,-10,11,245736,"[-1, -1, 2, -1, -2, -2, -1, -2, 1, 1, -2, 1, 2, 1, 1, 2, -1, -1, -1]"
664,dfs_bnb_mpi,0.27886,-9,10,82473,"[-1, -1, 2, 1, 2, -1, 2, 1, 2, 1, -2, 1, -2, -1, -2, 1, -2, 1, 2]"
665,dfs_bnb_mpi,0.832651,-9,10,212777,"[-1, -1, 2, 2, 1, -2, 1, 2, 2, -1, 2, -1, -2, -1, 2, -1, -2, -2, 1]"
666,dfs_bnb_mpi,0.042723,-9,10,10215,"[-1, -2, 1, 1, 2, 1, -2, -2, -1, -1, -1, -2, 1, -2, 1, 2, 1, 1, 2]"
667,dfs_bnb_mpi,0.524549,-9,10,157368,"[-1, -1, 2, 1, 2, 2, -1, -2, -1, 2, -1, 2, -1, -2, -2, 1, -2, 1, -2]"
668,dfs_bnb_mpi,1.56384,-9,10,401550,"[-1, -2, -1, 2, -1, -1, 2, 1, 2, 2, 1, 1, 1, -2, -1, -1, -2, 1, 1]"
669,dfs_bnb_mpi,0.400115,-9,10,95801,"[-1, -1, 2, 2, 2, -1, -2, -1, -2, 1, -2, -1, -1, 2, -1, 2, 1, 2, 1]"
670,dfs_bnb_mpi,0.140248,-9,10,37152,"[-1, -1, 2, 2, 1, -2, 1, 2, 1, -2, 1, -2, -1, -2, -2, -1, 2, -1, -1]"
671,dfs_bnb_mpi,0.080516,-9,9,18651,"[-1, -1, 2, -1, 2, 2, 1, -2, 1, -2, 1, 2, 1, 2, -1, -1, 2, 2, 2]"
672,dfs_bnb_mpi,1.73507,-9,10,490137,"[-1, -1, 2, 1, 2, 1, -2, 1, -2, -2, 1, -2, -1, -1, 2, -1, -1, -1, 2]"
673,dfs_bnb_mpi,0.338421,-9,10,84841,"[-1, -1, 2, 2, -1, -2, -2, -1, -1, 2, 1, 2, -1, -1, 2, 1, 1, 1, 2]"
674,dfs_bnb_mpi,0.132249,-8,9,30439,"[-1, -1, 2, 2, 2, 1, 1, 1, -2, -1, -1, -2, 1, 1, -2, 1, 2, 2, 2]"
675,dfs_bnb_mpi,2.14434,-9,10,565406,"[-1, -1, 2, 2, 1, 1, -2, 1, 2, 1, -2, -2, -2, -2, -1, -1, 2, 1, 2]"
676,dfs_bnb_mpi,0.700257,-10,11,188053,"[-1, -2, -2, -1, 2, 2, 2, 1, 2, -1, 2, 1, 1, -2, -2, 1, -2, -2, -1]"
677,dfs_bnb_mpi,1.33466,-10,10,347164,"[-1, -2, 1, -2, 1, 2, 2, 2, -1, -1, 2, 1, 1, 1, -2, -2, 1, -2, -1]"
678,dfs_bnb_mpi,6.66668,-9,10,1533516,"[-1, -1, 2, -1, -2, -1, -1, -2, 1, 1, 1, 1, -2, -1, -1, -1, -2, 1, 1]"
679,dfs_bnb_mpi,0.741973,-10,11,203041,"[-1, -2, 1, 1, 1, 2, 1, 2, -1, 2, -1, 2, -1, -2, -1, -2, 1, 1, -2]"
680,dfs_bnb_mpi,1.29748,-9,9,356336,"[-1, -1, 2, 1, 1, 2, 1, 2, -1, 2, -1, 2, -1, -2, -2, 1, -2, -1, -1]"
681,dfs_bnb_mpi,0.087219,-9,10,24419,"[-1, -1, 2, -1, -2, -2, -2, 1, 2, 1, 1, 1, 1, 2, -1, 2, -1, -1, 2]"
682,dfs_bnb_mpi,3.30319,-8,9,800905,"[-1, -1, 2, 2, 2, 1, 1, 2, 1, -2, 1, -2, -2, -1, 2, -1, -1, -2, 1]"
683,dfs_bnb_mpi,0.21328,-9,10,51603,"[-1, -1, 2, 1, 1, 1, 2, -1, -1, 2, -1, -2, -1, 2, -1, -2, -2, 1, -2]"
684,dfs_bnb_mpi,4.85271,-8,9,1342482,"[-1, -1, 2, 2, 2, 2, 1, 1, 1, -2, 1, -2, -1, -1, -2, -1, 2, 2, 1]"
685,dfs_bnb_mpi,0.856907,-9,10,203266,"[-1, -1, 2, 2, 2, 1, 1, 1, -2, -1, -1, -2, 1, 1, 1, -2, -1, -2, -1]"
686,dfs_bnb_mpi,1.45579,-8,9,361993,"[-1, -2, 1, 1, 2, 1, 1, 2, 1, -2, -2, -1, -1, -2, -2, -1, 2, -1, -1]"
687,dfs_bnb_mpi,3.36128,-9,10,927194,"[-1, -1, 2, 2, 1, -2, 1, 1, 1, 2, 2, -1, 2, -1, -1, -2, 1, -2, 1]"
688,dfs_bnb_mpi,0.11281,-9,10,29772,"[-1, -1, 2, 1, 1, 1, -2, -2, -1, -1, -1, -1, 2, 2, 2, 1, 1, 1, 2]"
689,dfs_bnb_mpi,3.58813,-10,10,1008570,"[-1, -2, 1, 1, -2, -1, -1, -1, -2, 1, 1, 1, -2, -1, -2, -1, 2, -1, -2]"
690,dfs_bnb_mpi,0.078226,-9,10,18644,"[-1, -1, 2, -1, 2, 1, 2, 1, 1, -2, -1, -2, 1, 1, 2, 1, 2, -1, 2]"
691,dfs_bnb_mpi,0.299485,-8,8,91658,"[-1, -1, 2, 1, 2, -1, 2, -1, -2, -1, -2, 1, -2, -1, -1, 2, 2, 2, 1]"
692,dfs_bnb_mpi,2.86985,-9,10,665255,"[-1, -2, 1, 1, 2, 1, -2, 1, 1, -2, -1, -1, -2, -1, 2, -1, -1, -2, 1]"
693,dfs_bnb_mpi,3.51263,-8,9,814652,"[-1, -1, 2, 2, -1, -2, -1, 2, -1, -2, -2, -2, 1, 2, 1, -2, 1, -2, -1]"
694,dfs_bnb_mpi,1.5024,-9,10,400624,"[-1, -2, -1, -2, 1, 1, 2, 1, 1, 2, 1, 2, 1, 2, -1, -1, -2, -1, -2]"
695,dfs_bnb_mpi,4.52367,-8,9,1240280,"[-1, -1, 2, 2, 2, 2, 1, 1, -2, -2, -1, -2, 1, 1, -2, -2, -1, -1, -1]"
696,dfs_bnb_mpi,3.30782,-9,10,799851,"[-1, -2, 1, 1, 2, 1, 2, 1, -2, -2, -1, -2, 1, -2, -1, -1, -1, 2, 1]"
697,dfs_bnb_mpi,0.106437,-8,9,28156,"[-1, -1, 2, -1, 2, 1, 2, 1, 1, 1, -2, -1, -1, -2, 1, 1, 1, 2, 2]"
698,dfs_bnb_mpi,2.48904,-9,10,663005,"[-1, -1, 2, 1, 1, 2, 1, -2, -2, -2, 1, -2, -1, -1, -1, -1, 2, 1, 1]"
699,dfs_bnb_mpi,1.47757,-10,11,382776,"[-1, -2, 1, 1, -2, -1, -2, 1, -2, -1, -1, 2, 2, -1, -2, -2, -2, 1, 1]"
700,dfs_bnb_mpi,1.3676,-10,11,346249,"[-1, -2, 1, 1, -2, -1, -1, -1, -1, -2, 1, 1, 1, 1, 1, 2, 2, 2, -1]"
701,dfs_bnb_mpi,6.05084,-9,10,1405194,"[-1, -1, 2, 2, -1, 2, -1, 2, -1, -2, -1, -2, -2, 1, 2, 1, -2, 1, -2]"
702,dfs_bnb_mpi,1.17794,-10,11,313366,"[-1, -1, 2, 1, 2, 2, -1, 2, 1, 1, 1, -2, 1, -2, -1, -2, -1, 2, 2]"
703,dfs_bnb_mpi,0.438926,-9,10,117104,"[-1, -1, 2, 2, -1, -2, -2, -1, 2, -1, -2, -2, 1, 1, 1, 1, -2, -1, -1]"
704,dfs_bnb_mpi,1.90311,-10,11,537308,"[-1, -1, 2, 2, 1, -2, 1, 2, 2, 1, 2, -1, 2, -1, -1, -2, 1, -2, -1]"
705,dfs_bnb_mpi,4.2044,-8,9,1229727,"[-1, -1, 2, 2, 2, 2, 1, -2, 1, -2, 1, 2, 1, -2, -2, -1, -1, -1, 2]"
706,dfs_bnb_mpi,0.484817,-9,10,113632,"[-1, -1, 2, 2, 1, -2, 1, 1, 1, 2, -1, -1, 2, 1, 2, -1, -1, -2, -1]"
707,dfs_bnb_mpi,0.328742,-10,11,85798,"[-1, -1, -1, 2, 1, 2, 1, -2, 1, 1, -2, -2, -1, -1, -2, -1, -1, 2, 1]"
708,dfs_bnb_mpi,6.6327,-9,10,1675838,"[-1, -2, 1, 1, 1, -2, -2, -1, 2, -1, -1, -1, -2, -2, 1, 2, 1, -2, 1]"
709,dfs_bnb_mpi,0.029815,-9,10,8107,"[-1, -1, 2, -1, -2, -2, 1, 1, 1, 1, 2, 2, -1, -1, 2, 1, 2, 2, 2]"
710,dfs_bnb_mpi,5.26989,-8,9,1340828,"[-1, -1, 2, 2, -1, -1, -1, -2, -1, -1, -2, 1, 1, 1, -2, 1, 2, 2, -1]"
711,dfs_bnb_mpi,2.00756,-9,10,471694,"[-1, -1, 2, 1, 1, 1, -2, -2, -2, -2, -1, 2, 2, -1, -1, -1, -2, 1, 1]"
712,dfs_bnb_mpi,1.73951,-8,9,467383,"[-1, -2, -1, -1, -2, 1, 1, 1, 2, 1, -2, 1, -2, -1, -2, -1, 2, -1, -1]"
713,dfs_bnb_mpi,6.69232,-9,10,1494069,"[-1, -1, 2, 1, 1, 2, 1, 2, 1, 1, -2, -1, -2, -1, -2, 1, 1, 2, 1]"
714,dfs_bnb_mpi,0.546823,-10,11,148594,"[-1, -2, 1, 1, 2, 2, 1, -2, 1, 1, 2, -1, 2, -1, -1, -1, -1, -2, 1]"
715,dfs_bnb_mpi,3.30698,-10,11,911982,"[-1, -2, 1, 1, 2, 1, 1, 2, 1, 2, -1, -1, -1, 2, -1, -2, -2, 1, 1]"
716,dfs_bnb_mpi,1.411,-10,10,317476,"[-1, -1, 2, 2, 2, 1, 2, 1, 2, 1, -2, -2, -1, -2, 1, -2, -1, -1, 2]"
717,dfs_bnb_mpi,5.58637,-9,10,1359909,"[-1, -1, 2, 2, 2, 1, 2, 1, 2, 1, -2, -2, -2, -2, -1, -1, 2, 1, 2]"
718,dfs_bnb_mpi,0.94743,-10,11,223721,"[-1, -2, -1, -2, 1, -2, -2, 1, 2, 1, 2, -1, 2, 1, 1, 2, 2, -1, -2]"
719,dfs_bnb_mpi,5.16923,-9,10,1315435,"[-1, -1, 2, -1, -1, -2, -1, -2, 1, -2, 1, 1, 1, 1, 2, -1, -1, -1, 2]"
720,dfs_bnb_mpi,2.11221,-10,11,610554,"[-1, -1, 2, 1, 2, 2, 1, 1, 2, 1, -2, 1, -2, -1, -2, -1, 2, -1, -2]"
721,dfs_bnb_mpi,7.42667,-10,11,1733588,"[-1, -2, 1, -2, -2, 1, 1, 1, 1, 2, -1, 2, 2, -1, -1, -2, 1, -2, -1]"
722,dfs_bnb_mpi,0.72429,-9,10,212643,"[-1, -1, 2, -1, 2, 2, 1, -2, 1, -2, 1, 2, 2, -1, 2, 2, -1, -2, -1]"
723,dfs_bnb_mpi,1.88577,-9,10,449344,"[-1, -2, -1, -1, -2, 1, 1, 1, 2, 1, -2, -2, -1, -1, -1, -2, 1, 1, 1]"
724,dfs_bnb_mpi,5.41756,-10,10,1283164,"[-1, -2, -1, -1, -2, -1, 2, -1, 2, 1, 2, 1, 2, 1, 1, -2, -1, -2, -1]"
725,dfs_bnb_mpi,0.310591,-9,10,80486,"[-1, -1, 2, 1, 2, 2, 1, 1, -2, -1, -2, 1, -2, 1, -2, -1, -1, -1, -1]"
726,dfs_bnb_mpi,0.348395,-9,10,91985,"[-1, -2, -1, -2, 1, 1, 2, 1, 2, 2, 1, -2, -2, -2, 1, -2, -1, -1, 2]"
727,dfs_bnb_mpi,0.661425,-10,11,160610,"[-1, -1, 2, 2, -1, 2, 1, 2, 1, -2, -2, -2, 1, 2, 1, 2, 2, -1, -2]"
728,dfs_bnb_mpi,0.182421,-9,9,51436,"[-1, -2, 1, 1, 2, 2, 1, -2, -2, -2, -2, -1, 2, -1, -2, -1, 2, -1, 2]"
729,dfs_bnb_mpi,0.183262,-9,10,42385,"[-1, -1, 2, 2, 2, 1, 2, 1, -2, -2, -1, -2, 1, 1, 2, 1, 2, -1, 2]"
730,dfs_bnb_mpi,0.726472,-10,11,217402,"[-1, -1, 2, 1, 1, 1, -2, -2, -1, -2, -2, -1, -1, 2, -1, 2, 1, 1, -2]"
731,dfs_bnb_mpi,0.662192,-10,11,178557,"[-1, -2, -1, 2, 2, 1, 1, 2, 1, -2, 1, 2, 1, -2, -2, -1, -1, -2, -1]"
732,dfs_bnb_mpi,1.30756,-10,11,370538,"[-1, -1, 2, 1, 2, 1, -2, 1, -2, -2, 1, -2, -1, -1, -1, -1, 2, 1, 1]"
733,dfs_bnb_mpi,2.39709,-10,9,674160,"[-1, -1, 2, 1, 2, 2, 1, 1, 2, 1, -2, 1, -2, -1, -2, -1, 2, -1, -2]"
734,dfs_bnb_mpi,0.076103,-9,10,17576,"[-1, -1, 2, -1, 2, 1, 2, 1, 1, -2, -1, -2, 1, 1, 1, 2, -1, 2, 2]"
735,dfs_bnb_mpi,3.58359,-8,8,917890,"[-1, -1, 2, 2, 2, 2, 1, -2, 1, -2, -1, -2, 1, 1, 2, 2, 2, 1, -2]"
736,dfs_bnb_mpi,0.086763,-9,10,24703,"[-1, -1, -1, 2, 1, 2, 1, -2, 1, 1, 2, -1, 2, -1, 2, -1, -2, -1, 2]"
737,dfs_bnb_mpi,0.673579,-10,11,177463,"[-1, -2, 1, 1, 2, 2, 1, -2, -2, 1, 2, 2, 2, -1, -1, 2, -1, -2, -2]"
738,dfs_bnb_mpi,0.582837,-9,10,150990,"[-1, -2, 1, 1, 2, 1, 2, 2, 2, -1, -2, -2, -1, -1, 2, 1, 2, 2, 2]"
739,dfs_bnb_mpi,1.88911,-9,10,513516,"[-1, -1, 2, 2, 1, 2, 1, -2, -2, 1, -2, 1, 1, 2, -1, 2, 2, -1, -2]"
740,dfs_bnb_mpi,6.3969,-9,10,1522753,"[-1, -1, 2, 2, -1, -1, -1, -2, -1, -2, -2, 1, 1, 1, 2, 2, -1, -2, -1]"
741,dfs_bnb_mpi,0.30658,-10,10,79631,"[-1, -2, -1, -2, -1, 2, 2, 1, 2, 1, 2, 1, -2, 1, -2, -2, -2, -1, 2]"
742,dfs_bnb_mpi,1.09473,-9,10,261873,"[-1, -1, 2, -1, 2, -1, 2, 1, 2, -1, -1, -2, -2, -1, -2, 1, 1, -2, 1]"
743,dfs_bnb_mpi,0.107007,-9,10,29721,"[-1, -1, 2, 1, 2, -1, 2, 1, 2, 1, 1, -2, -1, -2, 1, 1, -2, -1, -1]"
744,dfs_bnb_mpi,0.311674,-10,11,90108,"[-1, -1, 2, 2, 1, -2, 1, 2, 2, 1, -2, 1, -2, -1, -2, 1, -2, -1, -1]"
745,dfs_bnb_mpi,1.72391,-10,11,471414,"[-1, -2, -1, -2, 1, -2, 1, 2, 2, 1, 2, 1, 1, -2, -1, -2, -2, -1, 2]"
746,dfs_bnb_mpi,2.20656,-10,11,615664,"[-1, -2, -1, -2, 1, 1, -2, 1, 2, 1, 2, 2, 1, 2, -1, -1, -2, -2, -1]"
747,dfs_bnb_mpi,0.291488,-9,10,66209,"[-1, -2, 1, 1, -2, -1, -2, -2, -1, 2, 2, -1, 2, -1, -2, -2, 1, -2, -1]"
748,dfs_bnb_mpi,1.28097,-10,11,345590,"[-1, -1, 2, 1, 1, 1, -2, 1, -2, -1, -2, -2, -1, 2, 2, -1, -1, -2, 1]"
749,dfs_bnb_mpi,1.62353,-9,9,416227,"[-1, -1, 2, 1, 2, 2, 2, 1, -2, -2, -2, 1, 2, 2, 1, -2, -2, -2, -1]"
750,dfs_bnb_mpi,0.258998,-9,10,65245,"[-1, -2, 1, 1, 2, 2, 2, -1, -2, -1, 2, -1, -2, -1, -2, 1, -2, -1, -1]"
751,dfs_bnb_mpi,0.337781,-10,11,87128,"[-1, -1, 2, 2, 1, -2, 1, 1, 1, -2, -1, -2, -2, -2, -1, 2, -1, 2, 1]"
752,dfs_bnb_mpi,0.526017,-10,11,126811,"[-1, -1, 2, 1, 2, -1, 2, 2, -1, -2, -1, -2, 1, -2, -1, -2, -2, 1, 2]"
753,dfs_bnb_mpi,4.53733,-9,9,1306161,"[-1, -1, 2, 1, 2, 1, -2, 1, -2, 1, -2, -1, -2, -1, -1, -1, 2, 1, 1]"
754,dfs_bnb_mpi,2.49094,-9,10,573873,"[-1, -1, 2, -1, 2, 2, -1, 2, -1, -1, -2, 1, -2, 1, -2, -1, -2, 1, 1]"
755,dfs_bnb_mpi,1.02836,-8,9,238383,"[-1, -2, 1, 1, 2, 2, 1, -2, -2, -2, -2, -1, 2, -1, -1, -2, 1, -2, 1]"
756,dfs_bnb_mpi,0.642567,-9,10,167818,"[-1, -1, 2, 2, -1, -2, -1, -2, 1, -2, 1, 1, -2, -1, -1, -1, -1, 2, 1]"
757,dfs_bnb_mpi,0.854903,-9,10,218979,"[-1, -1, 2, 1, 2, 1, -2, 1, 1, -2, -1, -2, -1, -2, -1, 2, -1, -2, -1]"
758,dfs_bnb_mpi,6.43271,-8,9,1657970,"[-1, -1, 2, 2, 2, 2, 1, 1, 2, 1, -2, -2, -2, -1, -2, -1, 2, 2, 1]"
759,dfs_bnb_mpi,0.392528,-9,10,117845,"[-1, -1, 2, 1, 2, 1, -2, 1, 2, 2, 1, -2, -2, 1, 1, -2, -1, -1, -1]"
760,dfs_bnb_mpi,5.48912,-9,10,1317409,"[-1, -1, 2, -1, 2, 2, 2, 1, 1, -2, 1, 1, -2, -1, -2, -1, 2, -1, 2]"
761,dfs_bnb_mpi,0.882809,-9,10,219235,"[-1, -1, 2, 2, 1, -2, 1, 1, 1, 2, 2, -1, -2, -1, 2, 2, -1, -2, -1]"
762,dfs_bnb_mpi,0.746439,-10,10,212000,"[-1, -2, 1, 1, 2, 2, 1, -2, 1, -2, -1, -2, -2, -1, -1, -1, 2, 1, 1]"
763,dfs_bnb_mpi,5.33232,-9,10,1236140,"[-1, -1, 2, 2, 2, 2, 2, 1, 1, -2, 1, -2, -1, -2, -2, -1, 2, 2, 2]"
764,dfs_bnb_mpi,0.220373,-10,11,51914,"[-1, -1, 2, -1, -1, 2, 2, 1, -2, 1, 1, -2, 1, 2, 2, -1, 2, -1, -2]"
765,dfs_bnb_mpi,2.03309,-8,9,513598,"[-1, -1, 2, 1, 2, 2, 2, 1, -2, 1, 1, 1, -2, -1, -1, -1, -2, 1, 1]"
766,dfs_bnb_mpi,0.496331,-10,10,131239,"[-1, -2, 1, 1, 1, 1, 2, -1, -1, 2, 1, 1, 2, 2, -1, -2, -1, -1, -2]"
767,dfs_bnb_mpi,1.71621,-9,10,458321,"[-1, -1, 2, 2, 2, 2, 1, -2, 1, 2, 1, -2, 1, -2, -1, -1, -2, -1, 2]"
768,dfs_bnb_mpi,0.861501,-9,10,236250,"[-1, -1, -1, 2, 1, 2, 2, 1, -2, -2, 1, 1, 1, 2, -1, -1, 2, 1, 2]"
769,dfs_bnb_mpi,0.62832,-9,9,177584,"[-1, -1, 2, 1, 2, -1, 2, 1, 2, -1, -1, -2, -2, -1, -2, 1, -2, -2, 1]"
770,dfs_bnb_mpi,0.962506,-9,10,281248,"[-1, -2, 1, 1, 2, 2, -1, 2, 1, 1, 1, -2, -2, 1, -2, -1, -1, 2, 2]"
771,dfs_bnb_mpi,0.140147,-9,10,37915,"[-1, -1, 2, -1, -1, -2, 1, -2, 1, -2, -1, -1, 2, -1, 2, -1, 2, 1, 2]"
772,dfs_bnb_mpi,0.498871,-9,10,135796,"[-1, -1, 2, 2, 1, -2, 1, 2, 1, -2, 1, -2, -1, -2, -1, -1, -1, -1, 2]"
773,dfs_bnb_mpi,1.5002,-10,11,338866,"[-1, -1, -1, 2, -1, 2, -1, 2, 1, 2, 1, -2, -2, 1, -2, 1, 2, 2, -1]"
774,dfs_bnb_mpi,5.53855,-10,11,1273770,"[-1, -2, 1, 1, -2, 1, 2, 1, 2, 1, 2, 2, -1, -2, -1, -2, -1, 2, -1]"
775,dfs_bnb_mpi,4.45044,-10,11,1118132,"[-1, -2, 1, 1, 2, 2, 2, 1, 2, 1, -2, 1, -2, -2, -1, 2, -1, -2, -2]"
776,dfs_bnb_mpi,2.02914,-8,9,463270,"[-1, -1, 2, 2, 2, 2, -1, -2, -1, -1, -2, 1, 1, -2, -2, -1, 2, -1, -1]"
777,dfs_bnb_mpi,3.81541,-9,10,1066331,"[-1, -1, 2, 1, 1, 2, 1, 1, -2, -1, -2, 1, -2, -2, -1, 2, -1, -1, -1]"
778,dfs_bnb_mpi,1.67149,-9,10,436706,"[-1, -2, -1, 2, 2, 1, 2, -1, 2, 1, 1, 2, 1, -2, -2, -1, -2, 1, 1]"
779,dfs_bnb_mpi,0.400759,-9,9,106186,"[-1, -1, 2, 2, 2, 1, -2, -2, 1, 1, 2, -1, 2, 1, 2, -1, 2, -1, -2]"
780,dfs_bnb_mpi,2.36174,-10,11,546840,"[-1, -2, -1, -2, 1, -2, -1, -2, 1, 1, 2, 1, 2, -1, 2, 1, 2, 2, -1]"
781,dfs_bnb_mpi,6.04258,-8,9,1524428,"[-1, -1, 2, 1, 2, 1, -2, 1, 2, 2, -1, -1, -1, -2, -1, -1, -2, 1, -2]"
782,dfs_bnb_mpi,0.782484,-9,10,177192,"[-1, -2, -1, -2, -1, 2, -1, 2, 2, 1, -2, 1, 2, 1, 2, -1, -1, 2, 2]"
783,dfs_bnb_mpi,0.391479,-10,11,97934,"[-1, -2, -1, 2, 2, -1, -2, -2, -1, -2, 1, 1, 1, 1, 2, 1, 2, 2, -1]"
784,dfs_bnb_mpi,0.823549,-9,9,224445,"[-1, -1, 2, 2, 1, -2, 1, 2, 1, 2, 2, 1, 2, -1, -1, -2, -1, -2, 1]"
785,dfs_bnb_mpi,0.718015,-10,11,199596,"[-1, -1, 2, 1, 2, 1, -2, 1, 1, 2, -1, 2, 1, 2, -1, -1, -1, -2, 1]"
786,dfs_bnb_mpi,1.74329,-8,9,412334,"[-1, -1, 2, 2, 2, 2, 2, -1, -2, -2, -1, -2, 1, -2, -2, -1, 2, -1, 2]"
787,dfs_bnb_mpi,0.764928,-8,9,204301,"[-1, -1, 2, 2, 2, 2, -1, -2, -2, -2, -1, 2, -1, -2, -2, 1, 1, -2, 1]"
788,dfs_bnb_mpi,0.55507,-9,10,157926,"[-1, -1, -1, 2, 1, 2, 1, -2, 1, 2, 2, 1, -2, -2, -2, -2, -1, -1, -1]"
789,dfs_bnb_mpi,0.166639,-8,8,46522,"[-1, -1, 2, 2, 2, 1, 1, -2, -1, -2, 1, 1, -2, -2, -1, -1, -1, -1, 2]"
790,dfs_bnb_mpi,0.129553,-9,9,31207,"[-1, -2, -1, -2, 1, -2, 1, 2, 2, 1, 2, 1, -2, 1, -2, -1, -1, -2, 1]"
791,dfs_bnb_mpi,2.47181,-9,10,571787,"[-1, -1, 2, -1, -2, -1, -1, -1, -2, 1, -2, -2, 1, 2, 2, 1, 1, -2, -1]"
792,dfs_bnb_mpi,0.08989,-9,10,21357,"[-1, -1, 2, 1, 2, 2, 1, 1, -2, -1, -2, 1, 1, 1, 2, -1, 2, 2, 2]"
793,dfs_bnb_mpi,3.31003,-8,8,865336,"[-1, -1, 2, 2, 2, 2, 2, -1, -2, -2, -2, -2, -2, -1, 2, 2, 2, -1, -2]"
794,dfs_bnb_mpi,5.19312,-10,11,1180077,"[-1, -2, -1, 2, -1, 2, 2, 2, 2, 1, 2, 1, -2, -2, -1, -2, 1, -2, -1]"
795,dfs_bnb_mpi,1.28795,-10,11,297772,"[-1, -1, 2, 2, -1, 2, 1, 1, 2, 1, 1, -2, -1, -2, -1, -2, 1, 1, 2]"
796,dfs_bnb_mpi,0.272297,-9,10,72496,"[-1, -2, 1, 1, 2, 2, 2, 1, -2, 1, 2, 1, -2, -2, -1, -1, -2, 1, 1]"
797,dfs_bnb_mpi,1.47049,-10,11,390969,"[-1, -1, 2, 1, 1, 2, -1, 2, 1, 2, 1, -2, 1, -2, -2, -2, -1, 2, 2]"
798,dfs_bnb_mpi,4.60213,-10,11,1165715,"[-1, -2, 1, 1, 2, 1, -2, 1, 2, 2, 2, 2, -1, -1, -2, 1, -2, -1, -1]"
799,dfs_bnb_mpi,4.98319,-9,10,1334109,"[-1, -1, 2, -1, -2, -1, -2, -2, 1, 2, 1, -2, -2, 1, 1, 2, 2, -1, -2]"
800,dfs_bnb_mpi,0.112381,-9,10,27161,"[-1, -2, 1, 1, 2, 2, -1, 2, 2, -1, -2, -2, -1, 2, -1, -2, -2, 1, -2]"
801,dfs_bnb_mpi,1.02369,-9,9,279521,"[-1, -1, 2, -1, -2, -1, -2, 1, 1, 1, 1, 1, -2, -1, -2, -1, -1, 2, 1]"
802,dfs_bnb_mpi,1.40927,-9,10,394350,"[-1, -1, 2, -1, -1, -1, -2, -2, 1, 2, 1, -2, -2, 1, -2, 1, 2, 2, -1]"
803,dfs_bnb_mpi,0.26627,-9,9,77495,"[-1, -1, 2, 1, 1, 1, 1, -2, -1, -2, -1, -2, -1, 2, -1, -1, 2, 2, 2]"
804,dfs_bnb_mpi,0.451287,-11,12,122977,"[-1, -2, -1, 2, -1, 2, 1, 1, 2, -1, 2, 1, 1, -2, -2, 1, -2, -2, -1]"
805,dfs_bnb_mpi,0.163317,-8,9,44431,"[-1, -1, 2, 1, 2, 1, -2, 1, -2, 1, -2, -1, -2, -1, 2, -1, -1, -1, 2]"
806,dfs_bnb_mpi,0.206991,-9,10,49038,"[-1, -1, 2, 1, 1, 1, 2, -1, 2, -1, -2, -1, 2, -1, -1, -2, 1, -2, -1]"
807,dfs_bnb_mpi,1.22215,-9,10,280037,"[-1, -2, 1, 1, 1, -2, -1, -1, -1, -1, -2, 1, 1, 1, -2, -1, -2, -1, 2]"
808,dfs_bnb_mpi,1.29596,-9,10,355930,"[-1, -2, 1, 1, 2, 2, 1, 2, -1, -1, 2, 2, -1, -2, -1, -2, 1, -2, 1]"
809,dfs_bnb_mpi,2.51078,-10,11,591738,"[-1, -2, -2, -2, 1, 2, 2, 1, 2, 2, 1, 1, -2, -1, -2, 1, -2, -1, -1]"
810,dfs_bnb_mpi,0.383975,-9,10,92489,"[-1, -1, 2, 2, 2, -1, 2, -1, -2, -2, 1, -2, -1, -2, -1, -2, 1, 1, 2]"
811,dfs_bnb_mpi,2.50305,-9,10,566254,"[-1, -1, 2, -1, -1, -1, -2, -1, -2, 1, -2, 1, 2, 2, 1, -2, 1, -2, -1]"
812,dfs_bnb_mpi,0.31627,-10,11,90118,"[-1, -1, 2, 1, 2, -1, -1, -1, -2, 1, -2, -1, -2, 1, -2, 1, 1, 2, -1]"
813,dfs_bnb_mpi,0.115783,-10,11,29979,"[-1, -2, -1, 2, 2, 1, 1, 1, -2, -2, -1, -2, 1, 1, 1, 2, -1, 2, 2]"
814,dfs_bnb_mpi,4.46833,-11,12,1119629,"[-1, -2, -2, -1, 2, -1, 2, 1, 2, 1, 2, 1, -2, 1, -2, -2, -1, -2, 1]"
815,dfs_bnb_mpi,0.221212,-9,10,50704,"[-1, -1, 2, -1, 2, 2, 2, 1, -2, -2, 1, -2, 1, 2, 2, -1, 2, 2, 2]"
816,dfs_bnb_mpi,1.28613,-10,10,329950,"[-1, -1, 2, 1, 2, -1, 2, 2, 1, -2, 1, -2, 1, 1, -2, -2, -1, 2, -1]"
817,dfs_bnb_mpi,0.396361,-9,10,119009,"[-1, -1, 2, 1, 2, 2, 1, -2, -2, 1, -2, -2, -1, -2, -2, -1, 2, 2, -1]"
818,dfs_bnb_mpi,1.57668,-10,11,407115,"[-1, -1, 2, 1, 2, 2, 2, 1, -2, -2, 1, 2, 1, -2, -2, -2, -1, 2, -1]"
819,dfs_bnb_mpi,0.10855,-10,11,29600,"[-1, -2, 1, 1, 2, 2, -1, -1, -1, -2, -2, -1, 2, 2, 2, 1, 2, 1, -2]"
820,dfs_bnb_mpi,0.699648,-9,10,191777,"[-1, -1, 2, -1, 2, 1, 1, 2, -1, -1, -1, -1, -2, 1, -2, -2, 1, -2, 1]"
821,dfs_bnb_mpi,0.089888,-8,9,25739,"[-1, -1, 2, 2, 1, -2, 1, 2, 2, 2, 1, -2, -2, -2, 1, -2, -1, -2, 1]"
822,dfs_bnb_mpi,0.047568,-9,10,13313,"[-1, -1, 2, 2, 1, -2, 1, 2, 2, 1, 2, 2, -1, -2, -1, -2, -1, 2, 2]"
823,dfs_bnb_mpi,0.45146,-9,9,110481,"[-1, -1, 2, 1, 2, -1, 2, -1, -2, -1, -2, 1, -2, -1, -2, 1, -2, 1, 2]"
824,dfs_bnb_mpi,4.03553,-9,10,1118534,"[-1, -1, 2, -1, -2, -1, -2, -1, -2, 1, -2, 1, 1, 2, 1, 2, -1, -1, -2]"
825,dfs_bnb_mpi,0.078336,-9,9,21765,"[-1, -1, 2, 1, 1, 1, -2, 1, -2, 1, -2, -1, -1, 2, -1, -2, -1, 2, -1]"
826,dfs_bnb_mpi,3.91152,-9,10,1064034,"[-1, -1, 2, 2, 2, 2, 1, -2, 1, -2, 1, 2, 1, -2, -2, -1, -1, -1, 2]"
827,dfs_bnb_mpi,1.6761,-10,11,471629,"[-1, -1, 2, 2, 2, 1, 2, -1, 2, 1, 1, -2, -2, 1, -2, -1, -1, -2, 1]"
828,dfs_bnb_mpi,0.79399,-9,10,194958,"[-1, -1, 2, 1, 2, 1, -2, 1, 2, 1, -2, -2, -1, -2, -1, -2, -1, 2, -1]"
829,dfs_bnb_mpi,1.03206,-9,10,265767,"[-1, -1, -1, 2, 2, 2, 2, 1, -2, -2, -2, 1, 2, 2, 1, 1, -2, -1, -2]"
830,dfs_bnb_mpi,1.66715,-9,10,425671,"[-1, -2, -1, 2, 2, 2, 1, -2, 1, 2, 2, -1, 2, -1, -2, -1, -2, -2, -1]"
831,dfs_bnb_mpi,0.637204,-8,9,186539,"[-1, -1, 2, 2, 1, -2, 1, 2, 2, 2, 2, -1, -2, -2, -1, -1, -2, -2, -1]"
832,dfs_bnb_mpi,2.3501,-9,10,540284,"[-1, -1, 2, 2, 2, 1, 1, 1, 1, -2, -2, -2, -1, 2, 2, -1, -1, -2, 1]"
833,dfs_bnb_mpi,0.875265,-9,10,222597,"[-1, -1, 2, 2, -1, 2, 2, 1, -2, 1, 1, -2, -1, -2, 1, 1, -2, -2, -1]"
834,dfs_bnb_mpi,0.429016,-10,11,110018,"[-1, -2, 1, 1, 2, 2, 2, 2, -1, -2, -2, -1, -1, 2, 1, 2, 2, -1, -2]"
835,dfs_bnb_mpi,0.157212,-9,10,33340,"[-1, -1, 2, 1, 2, 2, -1, -2, -1, -2, -1, 2, 2, 1, 2, 1, 2, 1, -2]"
836,dfs_bnb_mpi,0.830849,-9,9,246160,"[-1, -1, 2, 1, 2, -1, -1, -2, -2, -1, -1, -2, 1, 1, -2, 1, 1, 2, -1]"
837,dfs_bnb_mpi,0.183657,-10,11,45241,"[-1, -2, 1, 1, 2, 1, -2, 1, -2, -2, -1, 2, -1, -1, -1, -2, 1, 1, -2]"
838,dfs_bnb_mpi,1.72578,-9,9,445717,"[-1, -1, 2, 2, 2, 2, 1, -2, 1, 1, -2, -1, -1, -2, 1, 1, 1, -2, -1]"
839,dfs_bnb_mpi,5.56648,-9,10,1420209,"[-1, -1, 2, 1, 2, 2, 1, 1, 2, 1, -2, 1, -2, -1, -1, -1, -2, 1, -2]"
840,dfs_bnb_mpi,1.01932,-9,10,253366,"[-1, -1, 2, 2, 1, -2, 1, 2, 2, 1, -2, 1, -2, -1, -2, -2, -1, -1, -1]"
841,dfs_bnb_mpi,1.44721,-8,9,331091,"[-1, -1, 2, 2, 2, 2, 1, 1, -2, 1, -2, -1, -1, -2, 1, 1, 1, -2, -1]"
842,dfs_bnb_mpi,0.575139,-10,11,132503,"[-1, -1, 2, 1, 1, 1, -2, -2, -1, -2, -1, 2, -1, -2, -1, 2, -1, 2, 1]"
843,dfs_bnb_mpi,0.932357,-9,10,234920,"[-1, -1, 2, -1, -1, -2, 1, -2, -1, -2, 1, -2, 1, 1, 2, -1, 2, 1, 1]"
844,dfs_bnb_mpi,2.37464,-8,9,668780,"[-1, -2, 1, 1, 2, 2, 1, -2, -2, -2, 1, -2, -2, -1, 2, -1, 2, -1, -1]"
845,dfs_bnb_mpi,1.36492,-10,11,367319,"[-1, -2, -2, -1, -1, 2, 1, 2, 2, 1, 1, 1, -2, -2, 1, -2, -1, -1, 2]"
846,dfs_bnb_mpi,4.85421,-9,10,1267888,"[-1, -1, 2, 2, -1, 2, -1, -2, -1, -2, -1, -2, 1, 1, -2, 1, 2, 2, -1]"
847,dfs_bnb_mpi,0.822033,-8,9,185413,"[-1, -1, 2, 2, 2, 2, 1, -2, 1, 1, -2, -1, -1, -2, 1, 1, 1, 2, 2]"
848,dfs_bnb_mpi,0.763993,-9,10,203088,"[-1, -1, 2, -1, -2, -2, -1, -2, -2, 1, 2, 1, -2, 1, 2, 1, 2, -1, -1]"
849,dfs_bnb_mpi,1.98991,-10,11,490317,"[-1, -2, 1, 1, -2, 1, -2, -1, -2, -1, -1, -1, 2, 1, 1, 2, -1, -1, 2]"
850,dfs_bnb_mpi,0.83959,-10,11,231192,"[-1, -1, 2, 1, 2, 1, 2, 1, -2, 1, -2, 1, -2, -1, -2, -1, 2, 2, -1]"
851,dfs_bnb_mpi,1.91798,-8,9,492955,"[-1, -1, 2, 2, 2, 2, 1, -2, 1, 2, 1, -2, -2, -1, -1, -2, 1, 1, 1]"
852,dfs_bnb_mpi,0.278387,-10,11,71790,"[-1, -2, 1, 1, 2, 1, -2, -2, -2, -1, 2, -1, -1, -2, 1, -2, -2, 1, 2]"
853,dfs_bnb_mpi,0.795232,-8,9,206663,"[-1, -1, 2, 2, 2, 2, -1, -2, -2, -1, 2, 2, -1, -2, -2, -2, 1, 1, -2]"
854,dfs_bnb_mpi,0.128145,-8,9,30370,"[-1, -1, 2, -1, 2, 2, 2, 1, 1, -2, -1, -2, 1, -2, 1, 2, 2, 2, 2]"
855,dfs_bnb_mpi,1.13594,-8,9,292944,"[-1, -2, 1, 1, 1, -2, -2, 1, -2, -1, -1, 2, 2, -1, -1, -2, 1, -2, -1]"
856,dfs_bnb_mpi,0.554355,-9,10,124589,"[-1, -1, 2, 2, 2, 1, 2, 1, -2, 1, -2, -1, -1, -2, 1, 1, 1, 2, 2]"
857,dfs_bnb_mpi,0.334766,-9,10,87822,"[-1, -1, 2, 2, 2, 1, -2, -2, 1, 2, 2, 1, -2, -2, 1, -2, -1, -2, -1]"
858,dfs_bnb_mpi,0.138843,-10,11,37088,"[-1, -1, 2, 2, 1, -2, 1, 1, -2, 1, 2, 2, -1, -1, 2, -1, 2, -1, -2]"
859,dfs_bnb_mpi,4.74753,-10,10,1209528,"[-1, -2, 1, 1, 1, 1, 2, -1, 2, 1, 2, -1, 2, -1, -2, -1, -2, 1, -2]"
860,dfs_bnb_mpi,0.332933,-10,11,82928,"[-1, -2, -1, 2, 2, 1, 2, 2, 1, -2, -2, 1, 2, 1, -2, -2, -1, -2, -1]"
861,dfs_bnb_mpi,0.341866,-10,11,86488,"[-1, -1, -1, 2, -1, 2, 1, 2, 1, -2, -2, 1, 2, 1, -2, 1, -2, -2, -1]"
862,dfs_bnb_mpi,0.311394,-9,10,92015,"[-1, -1, 2, 1, 1, 2, -1, 2, -1, -2, -1, -1, -2, 1, -2, -2, 1, 1, 1]"
863,dfs_bnb_mpi,0.560568,-10,11,136157,"[-1, -1, 2, 1, 2, -1, 2, -1, -2, -1, -1, -2, 1, 1, -2, -2, -1, 2, -1]"
864,dfs_bnb_mpi,0.283732,-9,9,79619,"[-1, -1, 2, 1, 2, -1, 2, 1, 1, -2, 1, 1, 1, -2, -1, -2, -1, 2, -1]"
865,dfs_bnb_mpi,1.58277,-9,10,407075,"[-1, -2, 1, 1, 2, 1, 2, 2, 1, 2, -1, -1, -2, -2, -1, -1, 2, 1, 2]"
866,dfs_bnb_mpi,0.454978,-9,10,122770,"[-1, -1, 2, 2, 1, -2, 1, 2, 2, -1, -1, -1, -2, -2, -2, -1, 2, 2, 2]"
867,dfs_bnb_mpi,1.041,-8,9,282384,"[-1, -1, 2, 2, 1, -2, 1, 2, 2, 2, -1, -2, -1, 2, -1, 2, 1, 1, 2]"
868,dfs_bnb_mpi,0.535444,-10,11,153576,"[-1, -2, 1, 1, -2, -1, -2, -1, 2, -1, 2, 2, 2, 2, 1, -2, 1, 1, -2]"
869,dfs_bnb_mpi,0.612243,-9,10,168385,"[-1, -2, -1, 2, 2, 1, 1, 2, -1, 2, -1, -2, -1, -2, -1, -2, 1, -2, -1]"
870,dfs_bnb_mpi,0.205853,-10,11,47947,"[-1, -1, 2, 2, 2, 2, 1, 1, -2, -1, -2, -2, 1, 2, 1, -2, 1, -2, -1]"
871,dfs_bnb_mpi,0.143138,-9,10,36084,"[-1, -1, 2, 1, 1, 1, -2, -2, -1, -1, -1, -2, -2, 1, 2, 1, 1, 1, 2]"
872,dfs_bnb_mpi,2.84438,-9,10,662600,"[-1, -1, 2, -1, -2, -1, -2, -1, -2, 1, -2, 1, 2, 2, 1, 1, -2, -1, -2]"
873,dfs_bnb_mpi,0.070263,-9,10,18335,"[-1, -1, 2, 2, 1, -2, 1, 1, -2, 1, -2, -1, -1, -1, -2, -1, 2, -1, 2]"
874,dfs_bnb_mpi,5.38913,-9,10,1259553,"[-1, -1, 2, 2, -1, 2, 1, 2, 1, 1, 1, -2, -2, -1, 2, -1, -2, -2, 1]"
875,dfs_bnb_mpi,0.140887,-9,10,37019,"[-1, -1, 2, 2, 1, -2, 1, 2, 1, -2, 1, -2, -1, -2, -1, -1, -1, -1, 2]"
876,dfs_bnb_mpi,1.81143,-9,9,463180,"[-1, -1, 2, 2, -1, 2, 1, 1, 1, 1, -2, -1, -1, -2, 1, 1, 1, -2, -1]"
877,dfs_bnb_mpi,8.57147,-9,10,1901929,"[-1, -2, -1, 2, 2, 1, 1, 2, 1, -2, 1, -2, -1, -2, 1, -2, -1, -1, 2]"
878,dfs_bnb_mpi,0.478095,-9,10,122464,"[-1, -1, 2, 2, 2, 2, 1, -2, -2, -2, 1, 2, 2, 1, -2, 1, -2, -1, -2]"
879,dfs_bnb_mpi,2.52691,-10,11,724920,"[-1, -2, -2, 1, 2, 1, 2, 1, 1, -2, -2, 1, -2, -1, -1, -1, 2, 1, 2]"
880,dfs_bnb_mpi,0.907415,-9,10,246702,"[-1, -1, 2, -1, 2, 1, 1, -2, 1, 1, -2, 1, -2, -2, -1, 2, -1, -1, -1]"
881,dfs_bnb_mpi,0.274021,-10,10,65023,"[-1, -1, 2, 2, -1, -1, -1, -2, 1, 1, -2, -1, -1, -2, 1, 1, -2, 1, 2]"
882,dfs_bnb_mpi,0.775235,-10,11,227245,"[-1, -2, 1, 1, -2, -1, -1, -1, -1, 2, 1, 2, 2, 2, 1, -2, 1, 1, -2]"
883,dfs_bnb_mpi,6.23361,-9,10,1443306,"[-1, -1, 2, 2, 2, 1, 1, -2, 1, 1, -2, 1, -2, -1, -1, 2, -1, -1, 2]"
884,dfs_bnb_mpi,0.783523,-9,9,208955,"[-1, -1, 2, 1, 2, 1, 2, -1, 2, 1, 2, 1, -2, 1, -2, -1, -2, -2, -1]"
885,dfs_bnb_mpi,1.45119,-10,11,390854,"[-1, -1, -1, 2, 1, 1, 2, 1, -2, 1, -2, 1, -2, -1, -1, -1, -1, -2, 1]"
886,dfs_bnb_mpi,0.527147,-9,10,133813,"[-1, -1, 2, 2, 2, 1, 1, -2, -1, -2, 1, 1, 2, 1, -2, -2, -1, -2, -1]"
887,dfs_bnb_mpi,0.23837,-10,11,57635,"[-1, -1, 2, -1, -2, -2, -2, -2, 1, 2, 2, 1, 1, -2, 1, -2, -1, -1, 2]"
888,dfs_bnb_mpi,1.08975,-10,10,265073,"[-1, -2, -1, 2, 2, 1, 2, 1, -2, 1, -2, 1, -2, -1, -1, -2, 1, 1, 1]"
889,dfs_bnb_mpi,2.10792,-9,10,567738,"[-1, -2, 1, 1, 2, 1, -2, -2, 1, -2, -1, -1, -1, -1, -1, 2, 1, 1, 1]"
890,dfs_bnb_mpi,1.55447,-10,11,368254,"[-1, -1, 2, 1, 2, -1, 2, 1, 2, 1, -2, 1, -2, -1, -2, 1, 1, -2, -1]"
891,dfs_bnb_mpi,0.182985,-8,9,45563,"[-1, -1, 2, -1, -2, -1, -1, -2, 1, 1, 1, 1, -2, -1, -1, -1, -1, -1, 2]"
892,dfs_bnb_mpi,5.87271,-9,10,1373524,"[-1, -1, 2, 2, 2, 1, 1, 1, -2, 1, -2, 1, -2, -1, -1, 2, -1, 2, -1]"
893,dfs_bnb_mpi,5.25286,-9,10,1377431,"[-1, -1, 2, 2, -1, -2, -1, -1, -2, 1, -2, -2, 1, 1, 1, 2, -1, -1, 2]"
894,dfs_bnb_mpi,2.01876,-9,9,521134,"[-1, -1, 2, -1, -2, -1, 2, -1, -2, -2, 1, 1, 1, -2, -1, -1, -1, -1, 2]"
895,dfs_bnb_mpi,0.205725,-9,10,58187,"[-1, -1, 2, 1, 2, 2, 1, 1, -2, -1, -2, 1, 1, 1, -2, -1, -1, -2, -1]"
896,dfs_bnb_mpi,0.309096,-10,10,85641,"[-1, -2, 1, 1, 1, 2, -1, 2, 1, 2, -1, -1, 2, -1, -2, -1, -2, 1, 1]"
897,dfs_bnb_mpi,0.590621,-9,10,153930,"[-1, -1, 2, 1, 1, 2, -1, -1, 2, 1, 2, 2, -1, -2, -1, -2, -2, -2, -1]"
898,dfs_bnb_mpi,3.64421,-10,11,971787,"[-1, -2, 1, 1, -2, 1, -2, -1, -2, -1, -1, -2, -1, 2, 2, 1, 2, 1, -2]"
899,dfs_bnb_mpi,7.32203,-9,10,1645532,"[-1, -1, -1, 2, -1, 2, 1, 2, 1, 2, 1, -2, 1, -2, -1, -1, -2, 1, 1]"
900,dfs_bnb_mpi,0.257259,-10,11,71164,"[-1, -2, 1, 1, 2, 2, -1, 2, -1, -2, -1, -2, -1, -2, 1, -2, 1, 1, 1]"
901,dfs_bnb_mpi,0.251443,-10,11,60785,"[-1, -1, 2, -1, 2, 1, 2, 1, 1, -2, -1, -2, 1, 1, -2, 1, -2, -1, -1]"
902,dfs_bnb_mpi,0.125653,-9,10,31962,"[-1, -1, 2, 2, 2, 1, 1, -2, -1, -2, 1, 1, 2, 2, 2, -1, -1, 2, 2]"
903,dfs_bnb_mpi,0.106046,-9,9,29047,"[-1, -1, 2, 2, 1, -2, 1, 2, 1, 2, -1, -1, 2, -1, -2, -1, -2, -2, -1]"
904,dfs_bnb_mpi,0.448481,-9,10,112003,"[-1, -1, 2, 1, 2, -1, -1, -2, -1, -2, 1, -2, 1, -2, -1, -1, 2, -1, 2]"
905,dfs_bnb_mpi,0.044011,-8,9,10363,"[-1, -1, 2, 2, 2, 2, 1, -2, -2, -2, 1, 2, 2, 1, 2, -1, 2, 2, 2]"
906,dfs_bnb_mpi,0.49118,-9,10,142217,"[-1, -1, 2, 2, 1, -2, 1, 1, -2, -2, -1, -1, -1, -1, 2, -1, 2, 1, 2]"
907,dfs_bnb_mpi,0.665984,-8,9,172304,"[-1, -1, 2, 2, 2, 2, 2, 1, -2, -2, -2, -2, 1, 2, 2, 2, 2, 2, 2]"
908,dfs_bnb_mpi,3.86283,-9,9,1077543,"[-1, -1, 2, 2, 2, 2, 1, -2, -2, -2, 1, 2, 2, 2, 1, -2, -2, -2, -2]"
909,dfs_bnb_mpi,6.54445,-9,10,1531274,"[-1, -1, 2, -1, -1, -2, -2, -1, -2, 1, 1, -2, 1, 2, 1, 2, -1, -1, 2]"
910,dfs_bnb_mpi,0.031543,-9,9,8514,"[-1, -1, 2, 2, 1, -2, 1, 2, 2, -1, -1, -1, -2, -2, -1, -2, 1, -2, 1]"
911,dfs_bnb_mpi,0.766868,-10,11,204347,"[-1, -1, 2, -1, -2, -1, -2, 1, 1, -2, -1, -2, -1, 2, -1, 2, 2, 2, 1]"
912,dfs_bnb_mpi,0.752419,-8,8,191235,"[-1, -1, 2, 2, -1, -1, 2, -1, -2, -2, 1, 1, -2, -1, -2, 1, -2, 1, 2]"
913,dfs_bnb_mpi,0.092325,-8,9,24827,"[-1, -1, 2, 1, 2, -1, 2, -1, -2, -1, -2, 1, -2, -2, 1, 1, 1, 1, 2]"
914,dfs_bnb_mpi,0.302756,-10,9,85755,"[-1, -1, 2, 2, 2, 1, 1, -2, -1, -2, 1, 1, -2, -2, -2, -1, -1, 2, 1]"
915,dfs_bnb_mpi,1.9047,-11,12,439624,"[-1, -2, -1, -2, 1, -2, 1, 1, 1, 1, 2, -1, -1, -1, 2, 1, 2, 1, -2]"
916,dfs_bnb_mpi,9.62476,-9,10,2170414,"[-1, -2, -2, -1, 2, 2, 2, 1, 2, -1, 2, -1, -2, -2, -1, -2, 1, -2, -1]"
917,dfs_bnb_mpi,5.57512,-9,10,1372669,"[-1, -1, 2, 2, 2, 1, 2, 1, 1, -2, 1, -2, -1, -2, -1, -1, 2, 1, 2]"
918,dfs_bnb_mpi,0.829517,-9,10,219910,"[-1, -2, -1, 2, 2, 1, 2, 2, 1, -2, -2, 1, 1, -2, -1, -2, -2, -1, 2]"
919,dfs_bnb_mpi,1.34972,-9,10,349031,"[-1, -1, 2, -1, 2, 1, 2, 1, 2, 1, -2, 1, -2, -1, -1, -2, 1, 1, 1]"
920,dfs_bnb_mpi,0.255358,-10,11,61733,"[-1, -1, 2, 1, 2, -1, 2, 1, 1, -2, -2, 1, 2, 1, -2, -2, -1, -2, -1]"
921,dfs_bnb_mpi,1.34153,-9,10,345493,"[-1, -1, 2, 2, -1, 2, 2, 1, -2, 1, 2, 1, -2, -2, 1, -2, -1, -1, 2]"
922,dfs_bnb_mpi,2.05859,-9,10,507735,"[-1, -2, -1, 2, 2, -1, 2, 2, 2, 2, 1, -2, 1, -2, -1, -2, 1, -2, 1]"
923,dfs_bnb_mpi,0.524188,-10,11,121726,"[-1, -1, 2, 2, 2, 1, 1, 1, 1, -2, -1, -1, -1, -2, 1, 1, 1, -2, -1]"
924,dfs_bnb_mpi,0.283488,-9,10,73634,"[-1, -2, 1, 1, -2, 1, 1, -2, -2, -1, 2, -1, -1, 2, -1, -2, -2, 1, 1]"
925,dfs_bnb_mpi,0.18533,-9,10,50809,"[-1, -1, 2, 2, 2, 1, 2, 1, -2, 1, -2, -1, -1, -2, 1, 1, -2, 1, 2]"
926,dfs_bnb_mpi,0.301704,-8,9,75299,"[-1, -1, 2, 1, 2, -1, 2, -1, -2, -1, -1, -2, 1, 1, -2, -1, -1, -1, 2]"
927,dfs_bnb_mpi,0.729494,-9,10,190310,"[-1, -1, 2, 2, 1, -2, 1, 1, 2, 1, -2, -2, -1, -2, -1, -1, -2, -1, 2]"
928,dfs_bnb_mpi,2.5731,-9,10,619289,"[-1, -1, 2, 2, 2, -1, 2, -1, 2, -1, -2, -2, 1, -2, -2, -2, 1, 2, 2]"
929,dfs_bnb_mpi,0.230169,-10,11,63404,"[-1, -1, 2, 2, -1, -2, -1, -2, 1, -2, -1, -2, 1, -2, 1, 2, 1, 2, -1]"
930,dfs_bnb_mpi,6.43061,-8,9,1812828,"[-1, -1, 2, -1, 2, -1, 2, -1, -2, -2, -2, -1, -2, 1, 1, 1, 2, -1, 2]"
931,dfs_bnb_mpi,0.509036,-9,10,134916,"[-1, -1, 2, 2, 2, 1, -2, -2, 1, 1, -2, 1, 2, 2, 2, -1, -2, -1, 2]"
932,dfs_bnb_mpi,0.309419,-9,10,86540,"[-1, -1, 2, -1, 2, 1, 1, -2, 1, 1, 2, -1, 2, -1, -1, 2, -1, -2, -1]"
933,dfs_bnb_mpi,0.249828,-9,10,61869,"[-1, -1, 2, -1, 2, 1, 2, 1, 2, 1, -2, 1, -2, -1, -1, -2, 1, 1, 1]"
934,dfs_bnb_mpi,0.106281,-9,10,24351,"[-1, -2, -1, -2, -2, 1, 2, 1, 2, 1, -2, -2, -1, -2, -2, 1, 2, 1, 2]"
935,dfs_bnb_mpi,4.29977,-9,10,1047213,"[-1, -2, 1, 1, 2, 1, 2, 2, 2, -1, 2, -1, -2, -2, -1, -2, 1, 1, 2]"
936,dfs_bnb_mpi,1.89392,-10,11,527133,"[-1, -2, 1, 1, 1, 2, 1, 2, -1, 2, 1, 2, -1, -1, -2, -1, -2, 1, -2]"
937,dfs_bnb_mpi,2.27678,-10,11,548911,"[-1, -2, 1, -2, 1, 2, 2, 1, 2, 1, 1, -2, -1, -2, 1, -2, -1, -1, 2]"
938,dfs_bnb_mpi,1.13346,-9,10,276901,"[-1, -1, 2, 2, 2, 2, -1, -1, -2, 1, -2, -2, -1, 2, -1, -2, -2, 1, 1]"
939,dfs_bnb_mpi,3.92321,-9,10,1008374,"[-1, -1, 2, 2, -1, -2, -1, -1, -2, 1, 1, -2, 1, 1, -2, -1, -1, -1, 2]"
940,dfs_bnb_mpi,0.265,-9,10,67014,"[-1, -1, 2, 1, 1, 2, 1, -2, -2, -2, -1, -1, -1, -1, -2, 1, 1, 1, 1]"
941,dfs_bnb_mpi,2.09886,-11,12,473917,"[-1, -2, -1, -2, 1, -2, 1, -2, 1, 2, 1, 2, -1, -1, 2, 1, 2, 1, -2]"
942,dfs_bnb_mpi,0.063101,-10,10,16833,"[-1, -1, 2, 2, 2, 1, -2, -2, 1, 2, 1, -2, 1, 1, -2, -1, -2, -1, 2]"
943,dfs_bnb_mpi,0.949593,-10,11,265539,"[-1, -1, 2, 1, 2, 1, 1, 2, -1, 2, 2, 1, -2, 1, -2, -2, -2, -1, -1]"
944,dfs_bnb_mpi,2.16331,-8,8,540147,"[-1, -1, 2, 2, 1, -2, 1, 2, 2, 2, 2, -1, -2, -2, -1, -1, -2, -2, -1]"
945,dfs_bnb_mpi,1.58187,-7,8,361567,"[-1, -1, 2, 2, 2, 2, 2, 1, 1, 1, -2, -2, -1, 2, -1, -2, -2, 1, 1]"
946,dfs_bnb_mpi,0.775156,-10,11,207711,"[-1, -1, 2, 1, 2, 1, -2, 1, 2, 2, 1, 1, 1, -2, -1, -1, -2, -2, -1]"
947,dfs_bnb_mpi,1.10605,-8,9,262427,"[-1, -1, 2, 2, 1, -2, 1, 2, 2, 2, -1, -2, -1, 2, -1, -2, -2, -2, -1]"
948,dfs_bnb_mpi,1.55688,-10,11,368661,"[-1, -1, 2, 1, 2, 1, 1, 2, 1, -2, 1, -2, -1, -2, -2, -1, 2, 2, -1]"
949,dfs_bnb_mpi,2.11039,-10,11,472499,"[-1, -2, -2, 1, 2, 1, 2, 1, 2, 2, -1, -2, -1, 2, -1, -2, -1, -2, -2]"
950,dfs_bnb_mpi,9.39402,-8,9,2375227,"[-1, -1, 2, 2, 2, 2, 1, 1, 1, 1, -2, -1, -2, -1, -2, -1, 2, 2, 1]"
951,dfs_bnb_mpi,1.746,-10,11,502940,"[-1, -2, -2, 1, 2, 1, 2, 1, 2, 1, -2, -2, -2, -2, -1, -1, 2, 1, 2]"
952,dfs_bnb_mpi,0.676512,-10,11,176851,"[-1, -2, 1, 1, 2, 2, -1, -1, 2, 1, 2, 1, -2, 1, -2, -2, 1, -2, -1]"
953,dfs_bnb_mpi,0.416451,-9,9,113004,"[-1, -1, 2, 2, 1, -2, 1, 2, 2, 2, -1, -2, -1, -1, -2, -2, -1, -2, 1]"
954,dfs_bnb_mpi,4.48795,-10,11,1137229,"[-1, -2, 1, 1, 2, 2, 1, -2, 1, -2, -1, -2, 1, -2, -1, -1, 2, -1, -2]"
955,dfs_bnb_mpi,7.00307,-9,10,1599887,"[-1, -1, -1, 2, -1, -1, 2, 1, 1, 2, 1, 1, 1, -2, -1, -1, -2, 1, 1]"
956,dfs_bnb_mpi,0.505018,-7,8,123925,"[-1, -1, 2, 2, 1, -2, 1, 2, 2, 1, -2, -2, -2, -2, -1, -1, -1, -1, 2]"
957,dfs_bnb_mpi,0.582974,-8,8,154055,"[-1, -1, 2, 2, 1, -2, 1, 1, -2, 1, 2, 1, 2, -1, -1, -1, 2, 1, 2]"
958,dfs_bnb_mpi,0.406146,-8,8,115530,"[-1, -1, 2, 1, 2, 2, -1, -2, -1, -2, -2, -1, -1, -2, 1, 1, 1, 1, 1]"
959,dfs_bnb_mpi,0.337932,-10,11,88546,"[-1, -2, -2, -2, 1, 2, 2, 1, 1, -2, -1, -2, 1, 1, 2, 2, 2, -1, -1]"
960,dfs_bnb_mpi,0.833061,-9,10,237000,"[-1, -2, -1, -2, 1, -2, 1, 2, 2, 1, 2, 2, 1, -2, -2, -2, -1, -2, 1]"
961,dfs_bnb_mpi,0.803612,-10,11,188287,"[-1, -2, -1, -2, -1, 2, 2, 1, 2, 1, 2, -1, -1, -2, -1, -2, -1, -2, 1]"
962,dfs_bnb_mpi,0.618492,-8,9,167110,"[-1, -1, 2, 1, 2, -1, -1, 2, -1, -2, -2, 1, -2, -2, 1, 1, -2, -1, -1]"
963,dfs_bnb_mpi,0.887132,-8,9,202695,"[-1, -1, 2, 1, 2, 2, 2, 1, -2, 1, 1, -2, -1, -1, -2, 1, 1, 1, 2]"
964,dfs_bnb_mpi,0.714936,-8,9,169234,"[-1, -1, 2, 2, 1, -2, 1, 2, 1, -2, 1, -2, -1, -2, -1, -1, -2, 1, 1]"
965,dfs_bnb_mpi,0.026811,-9,10,7234,"[-1, -1, 2, 1, 2, 2, 1, -2, -2, 1, -2, -2, -1, -1, -2, -1, 2, -1, 2]"
966,dfs_bnb_mpi,0.209597,-10,11,57836,"[-1, -1, 2, 1, 2, 1, -2, 1, 2, 1, 2, 2, -1, -2, -1, 2, -1, -2, -1]"
967,dfs_bnb_mpi,0.117462,-9,10,35316,"[-1, -1, 2, 1, 2, -1, 2, -1, 2, 1, 2, 1, -2, -2, 1, -2, -2, 1, 2]"
968,dfs_bnb_mpi,2.08098,-10,11,599057,"[-1, -1, -1, 2, -1, 2, 2, 2, 1, -2, 1, 1, -2, 1, -2, -1, -1, 2, -1]"
969,dfs_bnb_mpi,0.623938,-10,10,181915,"[-1, -2, 1, 1, 1, 2, -1, 2, 2, -1, -1, 2, -1, -1, -2, 1, -2, 1, 1]"
970,dfs_bnb_mpi,0.555761,-10,11,148080,"[-1, -1, 2, 1, 2, 2, 1, -2, -2, 1, -2, -2, -1, -1, -2, -1, 2, -1, 2]"
971,dfs_bnb_mpi,3.55035,-9,10,1005193,"[-1, -1, 2, 2, 2, -1, 2, -1, -2, -1, -2, 1, -2, -1, -2, 1, 1, 2, 2]"
972,dfs_bnb_mpi,9.26766,-8,9,2249188,"[-1, -1, 2, -1, 2, 1, 2, 2, 1, -2, 1, 2, 1, -2, -2, -1, -1, -2, 1]"
973,dfs_bnb_mpi,8.19537,-9,9,2140691,"[-1, -2, -1, -2, 1, 1, 2, 1, 2, 2, 2, -1, -2, -1, -1, -2, -1, -2, -2]"
974,dfs_bnb_mpi,2.81892,-10,11,692352,"[-1, -2, 1, 1, 2, 2, 1, 2, 2, -1, 2, -1, -2, -1, -2, -2, 1, 2, 1]"
975,dfs_bnb_mpi,0.821738,-10,11,233064,"[-1, -1, 2, 2, 1, -2, 1, 2, 1, -2, 1, -2, -1, -2, -1, -1, -2, -1, 2]"
976,dfs_bnb_mpi,0.214351,-10,11,51887,"[-1, -2, 1, -2, 1, 2, 1, 2, -1, 2, -1, 2, 1, 1, -2, 1, -2, -2, 1]"
977,dfs_bnb_mpi,0.197909,-9,10,55272,"[-1, -1, 2, 1, 2, 1, -2, 1, 2, 1, -2, -2, -1, -2, -1, -2, -1, 2, -1]"
978,dfs_bnb_mpi,0.440393,-9,10,122225,"[-1, -2, 1, 1, 2, 2, 2, 1, -2, 1, 1, -2, -2, -1, 2, -1, -2, -2, 1]"
979,dfs_bnb_mpi,0.82153,-10,11,211289,"[-1, -1, -1, 2, 2, 1, 2, 2, 1, 1, -2, -1, -2, 1, 1, -2, -1, -1, -1]"
980,dfs_bnb_mpi,2.2393,-10,11,545593,"[-1, -2, -1, -2, -1, -2, 1, 1, 1, -2, 1, 2, 1, 2, -1, 2, -1, -2, -1]"
981,dfs_bnb_mpi,0.047608,-9,9,13587,"[-1, -2, 1, 1, 2, 1, -2, -2, -1, -1, -1, -2, 1, -2, 1, 2, 1, 1, 2]"
982,dfs_bnb_mpi,1.35202,-9,10,357358,"[-1, -1, 2, 2, -1, -2, -2, -1, -2, 1, 1, -2, -1, -1, -1, 2, 2, 2, 1]"
983,dfs_bnb_mpi,3.49524,-9,10,918949,"[-1, -1, 2, -1, 2, -1, -1, -2, -1, -2, 1, -2, 1, -2, 1, 2, 2, -1, 2]"
984,dfs_bnb_mpi,0.61088,-9,10,170440,"[-1, -1, 2, 2, 1, -2, 1, 1, -2, -2, -1, -1, -2, -1, 2, -1, 2, 2, 2]"
985,dfs_bnb_mpi,9.02371,-8,9,2062341,"[-1, -1, 2, 2, 2, 2, 2, 1, 2, 1, -2, -2, -1, -2, 1, -2, -1, -2, 1]"
986,dfs_bnb_mpi,0.22777,-9,10,53047,"[-1, -1, -1, 2, 2, -1, 2, 1, 2, 1, -2, -2, -2, 1, 1, 2, -1, 2, 2]"
987,dfs_bnb_mpi,1.69439,-9,9,462810,"[-1, -2, 1, 1, 2, 1, -2, 1, -2, -1, -1, -1, -1, -2, -2, 1, 1, 2, -1]"
988,dfs_bnb_mpi,0.980308,-9,10,230816,"[-1, -1, 2, 1, 2, 2, 2, 1, -2, 1, -2, -1, -2, 1, 1, 1, 2, -1, 2]"
989,dfs_bnb_mpi,2.00994,-9,10,557181,"[-1, -1, 2, 1, 2, -1, 2, 1, 1, -2, -2, 1, -2, -2, -1, -2, -1, 2, -1]"
990,dfs_bnb_mpi,3.52179,-8,9,965012,"[-1, -1, 2, 2, 1, -2, 1, 1, 2, -1, 2, -1, -1, -1, -2, -2, -1, -2, 1]"
991,dfs_bnb_mpi,1.15276,-9,9,312295,"[-1, -1, 2, 2, 2, 1, -2, 1, 2, 2, -1, -1, -1, -2, -1, -2, -2, 1, 2]"
992,dfs_bnb_mpi,11.0014,-8,9,2456372,"[-1, -1, 2, 2, 2, -1, 2, -1, -1, -2, 1, -2, 1, -2, -2, -1, 2, -1, 2]"
993,dfs_bnb_mpi,0.377617,-10,11,109648,"[-1, -1, 2, 1, 2, -1, -1, 2, 1, 2, 1, -2, 1, -2, 1, 1, -2, -1, -1]"
994,dfs_bnb_mpi,0.392815,-10,11,105314,"[-1, -1, 2, 1, 1, 2, 1, -2, -2, 1, 2, 2, 2, -1, -1, 2, -1, -2, -2]"
995,dfs_bnb_mpi,4.0233,-10,11,1045976,"[-1, -2, -1, 2, 2, 1, 1, 1, 1, -2, 1, -2, -1, -2, -1, -1, 2, 1, 2]"
996,dfs_bnb_mpi,0.88861,-10,11,243779,"[-1, -1, 2, 1, 2, 2, 1, -2, -2, 1, -2, 1, 2, 1, 2, -1, 2, -1, -2]"
997,dfs_bnb_mpi,0.362575,-9,9,100943,"[-1, -1, 2, 2, 1, -2, 1, 2, 1, 2, 1, -2, -2, -1, -2, -2, -1, -1, -1]"
998,dfs_bnb_mpi,2.94596,-9,10,682872,"[-1, -2, 1, 1, 2, 1, 2, 2, 2, -1, -2, -2, -1, 2, -1, -2, -1, -2, -2]"
999,dfs_bnb_mpi,0.104324,-9,10,25919,"[-1, -2, 1, 1, 2, 1, -2, -2, -2, -1, 2, -1, -1, -1, -2, 1, 1, -2, 1]"
