protein_id,algorithm,time,score,checked,placed,hash
0,dfs_bnb_mpi,463.379,-19,19,117600092,"[-1, -1, 2, 1, 2, 1, -2, 1, 2, 1, -2, 1, -2, -1, -1, -2, 1, 1, -2, -1, -2, -1, 2, -1, 2, -1, -1, -2, 1]"
1,dfs_bnb_mpi,3757.55,-18,19,866423216,"[-1, -1, 2, 2, 2, 2, -1, -1, 2, -1, -1, -2, 1, -2, -1, -2, 1, -2, -1, -2, 1, 1, 2, 2, 2, 1, -2, -2, -2]"
2,dfs_bnb_mpi,206.292,-18,19,49267304,"[-1, -1, 2, 2, 1, -2, 1, 2, 2, 1, 1, -2, -1, -2, 1, -2, -1, -2, -1, -2, -1, 2, -1, -2, -1, 2, 2, 2, 2]"
3,dfs_bnb_mpi,1127.42,-19,20,250179270,"[-1, -2, 1, 1, 2, 2, -1, 2, 1, 1, -2, 1, 2, 1, -2, -2, -1, -1, -2, 1, -2, -1, -1, -1, -1, -2, 1, 1, 1]"
4,dfs_bnb_mpi,513.285,-19,20,118207254,"[-1, -2, -1, 2, 2, 1, 2, -1, 2, 1, 2, -1, -1, -1, -1, -2, 1, 1, -2, -1, -1, -2, -2, 1, -2, 1, 2, 2, -1]"
5,dfs_bnb_mpi,3327.12,-18,19,793590098,"[-1, -1, 2, -1, 2, -1, -1, -1, -1, -2, 1, 1, 1, -2, 1, -2, 1, -2, -1, -1, -1, -1, 2, -1, 2, 1, 1, -2, 1]"
6,dfs_bnb_mpi,894.571,-19,20,214478991,"[-1, -1, 2, 2, -1, 2, 1, 1, -2, -2, 1, 2, 1, -2, -2, -2, -1, -1, -2, -1, 2, -1, -2, -1, 2, 2, 2, 1, -2]"
7,dfs_bnb_mpi,1710.86,-18,19,394782816,"[-1, -1, 2, 2, 1, -2, 1, 1, -2, -2, -1, -1, -2, -1, 2, -1, 2, -1, 2, 1, 2, -1, -1, -2, -2, -2, 1, -2, 1]"
8,dfs_bnb_mpi,982.621,-19,20,225007619,"[-1, -1, 2, -1, -2, -2, 1, 1, 1, 1, 1, 2, 1, 2, -1, 2, 2, -1, -2, -1, 2, -1, -1, -2, 1, -2, 1, 1, -2]"
9,dfs_bnb_mpi,343.859,-19,20,76609194,"[-1, -1, 2, 1, 2, -1, -1, -1, -2, 1, -2, -2, 1, 1, -2, -1, -1, -1, 2, 2, -1, 2, 2, -1, -2, -2, -2, 1, -2]"
10,dfs_bnb_mpi,1337.16,-19,20,305428379,"[-1, -2, 1, 1, 2, 2, -1, 2, 1, 1, -2, 1, -2, -1, -2, 1, 1, 1, 2, -1, 2, 1, 2, 2, -1, -2, -1, 2, -1]"
11,dfs_bnb_mpi,774.338,-19,20,169230978,"[-1, -1, 2, 2, 2, 1, 2, -1, 2, 1, 1, 2, 1, -2, 1, -2, -1, -1, -2, 1, -2, -1, -1, -2, 1, 1, 1, 2, 2]"
12,dfs_bnb_mpi,5662.77,-17,17,1228529930,"[-1, -1, 2, 2, 2, 2, 2, 2, 1, -2, 1, 1, -2, 1, 1, -2, -1, -1, -1, 2, -1, -2, -2, -2, 1, 2, 1, -2, -2]"
13,dfs_bnb_mpi,4275.88,-17,18,1016540642,"[-1, -1, 2, 2, 2, 2, 2, 1, 1, -2, 1, 1, 1, -2, -1, -1, -1, -2, 1, 1, 1, -2, -1, -1, -1, -1, 2, 2, 2]"
14,dfs_bnb_mpi,2226.12,-18,19,531950020,"[-1, -1, 2, 2, 2, 1, 2, 2, 1, -2, -2, 1, 2, 2, 1, -2, 1, -2, -1, -2, -2, -2, -1, 2, 2, -1, -1, -2, 1]"
15,dfs_bnb_mpi,2410.98,-18,19,615595118,"[-1, -1, 2, 2, 1, -2, 1, 2, 2, 1, 1, -2, -1, -2, 1, 1, 2, 1, -2, -2, -1, -2, -1, 2, -1, -2, -1, -1, -1]"
16,dfs_bnb_mpi,45.5013,-18,19,11423710,"[-1, -1, 2, 2, 2, 2, 1, 1, -2, -1, -2, -2, 1, 2, 1, 2, 2, 1, -2, -2, -2, -1, -2, -2, -1, -2, -1, 2, -1]"
17,dfs_bnb_mpi,451.089,-19,20,109367115,"[-1, -1, 2, 2, 2, 1, -2, -2, 1, 1, -2, -2, -1, -2, -1, 2, -1, -2, -1, 2, -1, 2, 2, 2, 2, 1, -2, -2, -2]"
18,dfs_bnb_mpi,1905.73,-19,20,438322590,"[-1, -1, 2, 2, 2, -1, -2, -1, -2, 1, -2, -2, 1, 1, 1, 1, 2, 2, 1, 2, 2, -1, -1, -1, -2, -2, 1, 2, 1]"
19,dfs_bnb_mpi,1804.27,-18,19,434697128,"[-1, -1, 2, 1, 2, 2, 2, 1, -2, 1, 2, 1, -2, 1, 2, 1, -2, -2, -1, -1, -2, 1, -2, -1, -1, 2, 2, -1, -2]"
20,dfs_bnb_mpi,315.954,-19,20,75689437,"[-1, -1, 2, 2, 2, 1, 1, -2, -1, -2, 1, 1, 2, 2, 1, -2, -2, 1, -2, -2, -1, 2, -1, -2, -2, -1, 2, -1, -1]"
21,dfs_bnb_mpi,5358.28,-18,19,1192946236,"[-1, -2, -1, -2, -1, 2, 2, 1, 2, 1, 1, 2, -1, -1, 2, -1, -1, -2, 1, -2, -1, -2, -2, -2, -1, 2, 2, 2, 2]"
22,dfs_bnb_mpi,1163.61,-17,18,260819229,"[-1, -1, 2, 2, 2, 1, 2, 2, 2, 1, -2, -2, 1, 2, 1, -2, 1, -2, -1, -1, -1, -2, -1, -2, 1, 1, 2, 1, 1]"
23,dfs_bnb_mpi,767.325,-18,19,177583114,"[-1, -1, 2, 2, 1, -2, 1, 2, 2, 1, 1, 2, 1, -2, -2, -2, -2, -2, -1, 2, 2, 2, -1, -2, -2, -2, -1, -1, -1]"
24,dfs_bnb_mpi,325.33,-19,20,72444345,"[-1, -1, 2, 2, 1, -2, 1, 2, 1, -2, 1, 2, 1, -2, -2, -1, -1, -2, 1, -2, -1, -1, -1, -1, -1, 2, 1, 1, 1]"
25,dfs_bnb_mpi,180.65,-19,20,42209850,"[-1, -1, 2, 2, 2, 2, 1, 1, 1, 1, -2, -1, -1, -1, -2, -2, 1, 2, 1, 1, 1, -2, -1, -1, -2, -2, 1, 2, 1]"
26,dfs_bnb_mpi,1251.46,-18,19,274855398,"[-1, -1, 2, 2, 2, 2, -1, -1, -1, -1, -2, -2, -2, -2, 1, 2, 2, 2, 1, 1, -2, -1, -2, 1, -2, -1, -2, 1, 1]"
27,dfs_bnb_mpi,1057.56,-19,20,253391683,"[-1, -2, 1, 1, 2, 2, 1, 1, -2, -1, -2, 1, 1, 2, 1, 2, -1, 2, 1, 2, -1, -1, -2, -1, 2, -1, -2, -1, -2]"
28,dfs_bnb_mpi,895.929,-18,19,203853273,"[-1, -2, -1, 2, 2, 2, 2, -1, -2, -2, -2, -2, -1, 2, 2, 2, 2, 2, 1, 1, 1, -2, -2, -2, 1, 1, 2, -1, 2]"
29,dfs_bnb_mpi,4446.85,-18,19,976742831,"[-1, -1, 2, -1, -2, -1, -1, -1, -2, -2, -2, 1, 2, 2, 1, 1, 1, 1, 1, -2, -1, -1, -1, -1, -2, 1, 1, 1, 1]"
30,dfs_bnb_mpi,869.873,-18,19,197188334,"[-1, -1, 2, -1, -2, -1, -1, 2, 1, 2, -1, 2, 1, 2, 1, 1, 1, 1, -2, -1, -1, -1, -2, 1, 1, -2, 1, 2, 1]"
31,dfs_bnb_mpi,479.702,-19,20,125160261,"[-1, -1, 2, 2, 1, -2, 1, 2, 2, -1, 2, 1, 1, -2, -2, -2, -2, -2, 1, 2, 1, 2, 2, 2, 2, -1, -2, -2, -2]"
32,dfs_bnb_mpi,2175.51,-17,18,534047454,"[-1, -1, 2, 2, 2, 2, 2, 1, 2, 1, 2, 1, -2, -2, -1, -2, -1, -2, 1, 1, 2, 1, -2, -2, -1, -1, -1, -2, 1]"
33,dfs_bnb_mpi,3555.51,-18,19,777055717,"[-1, -1, 2, 2, 2, 2, 2, 1, 1, -2, 1, 2, 1, -2, -2, -1, -1, -2, 1, 1, -2, -2, -1, 2, -1, -1, 2, 2, 2]"
34,dfs_bnb_mpi,397.443,-19,20,90805647,"[-1, -1, 2, 2, 1, -2, 1, 2, 2, -1, 2, -1, -2, -1, -2, -2, -2, -2, 1, -2, -1, -2, 1, 1, 1, 2, 2, -1, -2]"
35,dfs_bnb_mpi,252.842,-19,20,62187864,"[-1, -1, 2, 2, 1, -2, 1, 1, 2, -1, 2, -1, -1, 2, 1, 1, 1, -2, 1, 1, -2, -1, -2, -2, -1, -2, -1, -1, -1]"
36,dfs_bnb_mpi,550.582,-18,19,132208174,"[-1, -1, 2, 2, 2, 1, -2, -2, 1, 2, 2, 1, -2, 1, -2, -1, -2, 1, -2, -2, -1, 2, -1, -1, -1, -2, 1, 1, -2]"
37,dfs_bnb_mpi,1177.06,-19,20,296347534,"[-1, -1, 2, 1, 2, 1, 1, 1, 1, -2, -1, -2, 1, -2, -1, -2, -1, -2, -1, 2, -1, -1, 2, 1, 1, 1, 2, 2, -1]"
38,dfs_bnb_mpi,1303.04,-19,20,306951495,"[-1, -1, 2, 2, 2, -1, 2, 1, 2, 1, 1, 1, 1, -2, -1, -1, -1, -2, 1, 1, 1, -2, -1, -1, -1, -2, 1, 1, -2]"
39,dfs_bnb_mpi,3717.08,-18,19,865236788,"[-1, -1, 2, 2, 2, 2, 2, 1, 1, 1, -2, -1, -1, -2, 1, 1, 1, -2, 1, -2, -1, -2, -1, 2, 2, -1, -1, -2, 1]"
40,dfs_bnb_mpi,142.241,-19,19,31945449,"[-1, -1, 2, 2, 2, 2, 1, -2, -2, -2, 1, 2, 2, 2, 1, -2, -2, 1, -2, -1, -2, 1, 1, 1, 2, -1, 2, 2, -1]"
41,dfs_bnb_mpi,753.729,-19,19,166559222,"[-1, -1, 2, 2, 2, 2, 2, 1, 2, 1, -2, 1, -2, 1, -2, -1, -1, 2, -1, -2, -2, -2, 1, 2, 1, 1, -2, -1, -2]"
42,dfs_bnb_mpi,1055.37,-19,19,263232908,"[-1, -2, 1, 1, 2, 2, -1, 2, 1, 2, 1, 1, -2, -1, -2, 1, -2, -1, -2, 1, -2, -1, -2, -1, 2, -1, -1, -2, 1]"
43,dfs_bnb_mpi,372.898,-19,20,83171669,"[-1, -1, 2, -1, -2, -1, -2, -2, -2, 1, 2, 2, 1, 1, 1, -2, -1, -1, -2, 1, -2, -1, -1, -2, 1, 1, 1, 2, 2]"
44,dfs_bnb_mpi,3438.51,-18,19,753993905,"[-1, -1, 2, 2, -1, -1, 2, -1, -2, -2, -1, -2, 1, 1, -2, -1, -1, -2, 1, 1, 1, 1, 1, 2, -1, -1, 2, 2, -1]"
45,dfs_bnb_mpi,1175.73,-18,19,257457361,"[-1, -1, 2, 2, 2, 1, 2, -1, 2, 1, 1, 1, 1, -2, 1, -2, -1, -1, 2, -1, -2, -2, -1, -2, 1, 1, 1, 2, -1]"
46,dfs_bnb_mpi,284.098,-19,20,65216662,"[-1, -2, -1, -2, 1, 1, 2, 1, 2, 1, -2, 1, -2, -1, -1, -2, -2, 1, 2, 1, -2, -2, -1, -1, -1, 2, -1, 2, 1]"
47,dfs_bnb_mpi,182.766,-18,19,45469938,"[-1, -1, 2, 2, 2, 2, 1, 1, -2, -1, -2, -2, 1, 2, 1, 2, 2, 2, 2, -1, 2, -1, -2, -1, -1, -2, 1, 1, 1]"
48,dfs_bnb_mpi,741.476,-19,20,179312300,"[-1, -1, 2, 2, 2, 1, -2, -2, 1, 2, 1, 1, -2, -1, -2, 1, 1, -2, -2, -1, -1, -1, -1, -1, 2, 1, 1, 1, 1]"
49,dfs_bnb_mpi,856.169,-19,20,192543009,"[-1, -1, 2, 2, 2, 1, 2, 2, 1, -2, 1, 2, 1, -2, 1, -2, -1, -1, -1, -2, 1, 1, 1, -2, -1, -1, -1, -1, 2]"
50,dfs_bnb_mpi,2008.95,-19,20,443099029,"[-1, -1, 2, 1, 2, 1, 1, 1, -2, 1, -2, -1, -2, 1, 1, -2, -1, -1, -1, -1, -1, -1, 2, 1, 1, 1, 2, 2, -1]"
51,dfs_bnb_mpi,158.604,-18,18,39158176,"[-1, -1, 2, 2, 2, 1, -2, -2, 1, 2, 2, 1, 1, -2, -1, -2, 1, -2, -1, -2, 1, -2, -1, -1, 2, -1, -1, -1, 2]"
52,dfs_bnb_mpi,809.075,-19,19,179082941,"[-1, -1, 2, 1, 2, 1, 1, 1, 2, -1, -1, 2, -1, -2, -1, -2, -1, -2, -2, -2, 1, 1, 1, 1, 2, 1, 2, -1, -1]"
53,dfs_bnb_mpi,366.745,-19,20,87761534,"[-1, -1, 2, 1, 1, 1, -2, -2, 1, 2, 2, 1, -2, -2, -2, -1, -1, -2, -1, 2, 2, -1, -1, -1, -2, 1, 1, -2, -1]"
54,dfs_bnb_mpi,322.963,-19,20,72408097,"[-1, -1, 2, 2, 1, -2, 1, 1, -2, 1, 2, 1, 2, 2, -1, -2, -1, -1, 2, 1, 2, 1, 2, -1, -1, -2, -1, -2, -1]"
55,dfs_bnb_mpi,445.965,-19,20,113695695,"[-1, -1, 2, 2, 2, 2, 1, -2, -2, -2, 1, 2, 1, -2, -2, 1, 2, 2, 2, 1, 2, -1, -1, -2, -1, 2, 2, 1, 1]"
56,dfs_bnb_mpi,188.875,-19,20,43144104,"[-1, -2, 1, 1, 2, 1, -2, 1, 1, -2, -2, -2, -1, 2, 2, -1, -1, -2, -1, 2, -1, -2, -2, 1, 1, -2, 1, 2, 2]"
57,dfs_bnb_mpi,320.219,-19,20,73244189,"[-1, -1, 2, 2, 2, 2, 1, 1, 1, -2, 1, -2, -1, -1, 2, -1, -2, -2, 1, 1, -2, -2, -2, -1, 2, -1, -1, -2, 1]"
58,dfs_bnb_mpi,1128.9,-19,20,255093448,"[-1, -2, 1, 1, 2, 2, -1, 2, 1, 1, -2, 1, -2, -1, -2, 1, -2, -1, -1, -2, 1, -2, -1, -1, -1, 2, 2, 1, -2]"
59,dfs_bnb_mpi,347.432,-19,20,83718274,"[-1, -1, 2, 2, 2, 1, -2, -2, 1, 2, 2, 2, -1, -1, -1, -2, -1, -1, -2, 1, 1, -2, -1, -2, 1, -2, 1, 1, 1]"
60,dfs_bnb_mpi,2905.48,-19,19,658286710,"[-1, -2, -1, 2, 2, 1, 1, 1, 2, 1, -2, -2, -1, -2, -1, -2, -1, -1, -1, 2, 2, 2, 2, 1, 2, 1, 1, -2, -1]"
61,dfs_bnb_mpi,179.941,-18,19,40773055,"[-1, -2, 1, 1, 2, 2, 1, 1, 1, -2, -1, -1, -2, 1, 1, -2, -2, -1, 2, -1, -1, -1, -1, -2, 1, 1, 1, -2, 1]"
62,dfs_bnb_mpi,1328.16,-19,20,323812747,"[-1, -1, 2, -1, -2, -2, 1, 1, 1, 1, 2, 1, -2, -2, -1, -2, 1, -2, -1, -1, -1, -1, 2, 1, 1, 2, -1, -1, -1]"
63,dfs_bnb_mpi,136.819,-19,19,30990084,"[-1, -1, 2, 2, 2, 2, 2, 1, 1, 1, 1, -2, -1, -1, -1, -2, -2, -2, 1, 2, 2, 1, 1, -2, -1, -2, 1, -2, -1]"
64,dfs_bnb_mpi,4373.2,-18,19,942921930,"[-1, -1, 2, -1, -1, -1, 2, -1, -2, -2, -2, 1, 2, 1, 1, -2, 1, 1, -2, -2, -1, 2, -1, -2, -1, -1, 2, 1, 2]"
65,dfs_bnb_mpi,339.588,-19,20,75710096,"[-1, -1, 2, 2, 1, -2, 1, 1, -2, 1, -2, -2, -2, -2, -1, 2, 2, 2, -1, -1, -1, -2, -2, 1, -2, 1, 2, 2, -1]"
66,dfs_bnb_mpi,253.772,-19,19,60524778,"[-1, -1, 2, 1, 2, 1, 2, -1, 2, -1, -1, -2, 1, -2, -1, -2, -2, -2, -2, 1, 2, 1, -2, 1, 2, 1, 2, 2, -1]"
67,dfs_bnb_mpi,1149.81,-18,19,282382201,"[-1, -1, 2, 2, 2, 2, 1, -2, 1, 2, 1, -2, 1, -2, -1, -1, -1, -2, 1, 1, 1, 1, -2, -1, -1, -2, -1, -1, -1]"
68,dfs_bnb_mpi,401.149,-19,20,87675442,"[-1, -1, -1, 2, 1, 2, 2, 1, 1, 1, -2, -1, -1, -2, 1, 1, -2, -2, -1, -1, -1, -1, -2, 1, -2, 1, 2, 1, 1]"
69,dfs_bnb_mpi,410.107,-18,19,99548348,"[-1, -1, 2, 2, 2, -1, -1, -1, -2, 1, 1, -2, -1, -1, -2, 1, 1, -2, 1, 1, -2, -1, -1, -2, -1, 2, 2, -1, -2]"
70,dfs_bnb_mpi,1352.7,-18,19,336907891,"[-1, -1, 2, 2, 2, 2, 2, 1, 1, -2, -1, -2, 1, 1, 2, 2, 1, -2, -2, 1, -2, -1, -2, -1, 2, -1, -1, -2, 1]"
71,dfs_bnb_mpi,333.647,-18,19,77885219,"[-1, -1, 2, 2, 2, 1, 2, -1, 2, 1, 2, 1, -2, -2, 1, -2, -1, -2, -1, -2, 1, 1, 2, 1, 2, 2, 2, -1, 2]"
72,dfs_bnb_mpi,1322.56,-19,20,307756077,"[-1, -2, 1, 1, -2, -1, -1, -1, 2, -1, -2, -1, -2, 1, 1, 1, 1, 1, -2, -1, -1, -1, -1, -1, -2, 1, 1, 1, 1]"
73,dfs_bnb_mpi,339.81,-19,19,75509549,"[-1, -1, 2, 1, 1, 2, -1, 2, 1, 1, 1, 1, -2, -1, -1, -2, 1, -2, -1, -2, -1, -1, -1, -2, 1, 1, 1, 1, 2]"
74,dfs_bnb_mpi,2254.9,-18,19,557852484,"[-1, -1, 2, 2, 2, 2, 2, 2, 1, -2, 1, -2, -1, -2, 1, 1, 2, 2, 1, -2, -2, -2, -1, -1, -1, -2, 1, 1, -2]"
75,dfs_bnb_mpi,458.507,-19,20,117190538,"[-1, -1, 2, 1, 2, 1, -2, 1, 2, 1, -2, 1, -2, -1, -2, 1, -2, -1, -1, -2, -1, 2, -1, -1, 2, 1, 1, 1, 2]"
76,dfs_bnb_mpi,843.933,-19,20,187158576,"[-1, -1, 2, 2, -1, -2, -1, 2, 2, 1, 2, 2, 1, 1, -2, -1, -2, 1, -2, -2, 1, 2, 2, 2, 1, -2, -2, -2, -2]"
77,dfs_bnb_mpi,232.835,-19,20,57335585,"[-1, -1, 2, 2, 2, 1, -2, -2, 1, 2, 2, 1, -2, -2, -2, -2, -1, -1, -1, -1, 2, 2, -1, 2, 2, 2, 1, -2, -2]"
78,dfs_bnb_mpi,732.841,-18,19,162086473,"[-1, -1, 2, 2, 2, 1, 1, 2, 1, 1, 1, -2, -2, 1, -2, -1, -1, 2, 2, -1, -2, -1, -1, -2, 1, 1, -2, 1, 1]"
79,dfs_bnb_mpi,632.391,-18,19,152959360,"[-1, -1, 2, 2, 2, 2, 1, -2, 1, -2, -1, -2, 1, 1, -2, 1, 2, 2, -1, 2, 2, -1, 2, -1, -1, -1, -2, -2, -2]"
80,dfs_bnb_mpi,1287.66,-17,18,282168897,"[-1, -1, 2, 2, 2, 1, 2, -1, 2, 1, 1, 2, 1, -2, 1, -2, -1, -1, -2, 1, 1, -2, -1, -1, -1, -2, 1, 1, 1]"
81,dfs_bnb_mpi,65.4622,-18,19,15008603,"[-1, -1, 2, 2, 2, 2, 2, 2, 1, -2, -2, -2, -2, -2, 1, 2, 2, 2, 2, 2, 1, -2, -2, -2, -2, 1, -2, -1, -2]"
82,dfs_bnb_mpi,754.61,-18,19,175415141,"[-1, -1, 2, 2, 2, 2, 2, 2, 2, 1, -2, -2, 1, 2, 2, 1, -2, -2, -2, -1, -2, 1, -2, -1, -2, -1, 2, 2, 2]"
83,dfs_bnb_mpi,664.627,-19,20,159074599,"[-1, -1, 2, 1, 1, 1, -2, -2, -1, -1, -1, -2, 1, -2, 1, 2, 1, -2, 1, 1, 2, -1, 2, 1, 2, -1, 2, 2, -1]"
84,dfs_bnb_mpi,588.82,-19,20,148058394,"[-1, -1, 2, 2, 2, 1, -2, -2, 1, 2, 2, 1, -2, -2, 1, -2, -1, -2, -1, -2, -1, 2, -1, -2, -1, 2, 2, 2, 2]"
85,dfs_bnb_mpi,317.433,-19,20,71125553,"[-1, -1, 2, 2, -1, 2, -1, -2, -2, 1, -2, -1, -1, -2, 1, 1, 1, 1, 1, 1, 2, 2, 2, -1, -2, -1, 2, 2, -1]"
86,dfs_bnb_mpi,325.413,-18,19,71866851,"[-1, -1, 2, 2, 2, 2, 2, 2, 1, 1, 2, 1, -2, -2, -2, -1, 2, -1, -2, -2, 1, -2, -1, -2, 1, 1, 2, 2, 1]"
87,dfs_bnb_mpi,610.013,-18,19,134944399,"[-1, -1, 2, 2, -1, 2, 1, 2, 2, -1, -2, -1, 2, -1, -2, -1, -2, 1, 1, -2, -2, 1, -2, -1, -1, 2, -1, 2, 1]"
88,dfs_bnb_mpi,2080.03,-19,20,487785250,"[-1, -1, 2, 2, 2, 1, 1, -2, 1, 1, -2, -2, -2, -2, -1, -1, -2, -1, 2, -1, 2, 1, 1, 1, 2, 2, -1, -1, 2]"
89,dfs_bnb_mpi,195.891,-18,19,46312183,"[-1, -1, 2, 2, 2, 2, 1, 1, 1, -2, -1, -1, -2, -2, 1, 2, 1, -2, -2, 1, 2, 2, 2, 2, 2, -1, -1, -1, 2]"
90,dfs_bnb_mpi,288.062,-19,20,72937006,"[-1, -1, 2, 1, 1, 1, 1, -2, -1, -2, -1, -2, -1, 2, -1, -2, -2, 1, 1, 1, -2, 1, 2, 1, 2, 2, -1, -2, -1]"
91,dfs_bnb_mpi,299.308,-18,19,76227735,"[-1, -1, 2, 2, 1, -2, 1, 2, 2, -1, -1, -1, -2, -1, -2, 1, -2, -1, -1, -1, 2, 1, 2, 2, 1, 2, 1, 1, 1]"
92,dfs_bnb_mpi,1011.51,-19,20,252657628,"[-1, -2, 1, 1, 2, 1, 1, -2, -1, -2, 1, -2, -1, -1, 2, -1, -1, -2, -2, -2, 1, 1, 1, 1, 2, -1, -1, -1, 2]"
93,dfs_bnb_mpi,1212.47,-19,20,302135336,"[-1, -1, 2, 1, 1, 2, -1, 2, 1, 1, 1, -2, -2, -2, -2, -2, -1, -1, -2, -1, 2, -1, 2, 1, 1, 1, 2, 2, 2]"
94,dfs_bnb_mpi,837.649,-18,19,188487231,"[-1, -1, 2, 2, 2, 1, -2, -2, 1, 2, 2, 1, 1, 1, -2, -2, -2, -2, -1, 2, 2, 2, -1, -2, -2, -2, -1, -1, -1]"
95,dfs_bnb_mpi,216.544,-18,19,48056477,"[-1, -1, 2, 2, 2, 1, 1, 2, 1, 1, 1, -2, -1, -1, -2, -1, -1, -2, 1, 1, 1, 2, 1, -2, 1, -2, -1, -1, -1]"
96,dfs_bnb_mpi,235.581,-18,19,57568033,"[-1, -1, 2, 2, 1, -2, 1, 2, 2, 1, 1, 1, -2, -1, -1, -2, 1, -2, -1, -2, 1, 1, 1, 2, -1, 2, 1, 2, 2]"
97,dfs_bnb_mpi,2998.51,-19,20,658837608,"[-1, -2, 1, 1, -2, -1, -2, 1, -2, -1, -2, -1, -1, -1, -1, 2, 2, 2, 1, 2, 1, -2, 1, -2, -1, -1, -2, 1, 1]"
98,dfs_bnb_mpi,1124.82,-19,20,266235240,"[-1, -1, 2, 1, 2, 1, 1, 1, 1, -2, -1, -2, 1, -2, -1, -2, -1, -1, -1, -1, -1, 2, 1, 1, 1, 1, 2, 2, -1]"
99,dfs_bnb_mpi,587.154,-19,20,135327110,"[-1, -2, 1, 1, 2, 2, 1, -2, -2, 1, 2, 2, 1, -2, -2, -2, -1, -2, 1, -2, -1, -1, -1, 2, -1, 2, 1, 1, -2]"
100,dfs_bnb_mpi,811.564,-18,19,179533175,"[-1, -1, 2, 2, -1, -2, -2, -1, -2, -2, -2, 1, 1, 1, 1, 2, -1, -1, -1, 2, 1, 1, 1, 1, 2, 2, -1, -1, 2]"
101,dfs_bnb_mpi,487.425,-19,20,122418006,"[-1, -1, 2, 2, 2, 1, 1, -2, -1, -2, 1, 1, -2, -2, -1, -1, -1, -1, 2, -1, -1, 2, 2, 1, 2, 1, -2, -2, -1]"
102,dfs_bnb_mpi,135.558,-18,19,30554141,"[-1, -1, 2, 2, 2, 2, 1, 2, 2, 1, -2, -2, -2, -1, -2, -2, 1, 2, 1, -2, -2, 1, 2, 2, 2, -1, 2, 2, 2]"
103,dfs_bnb_mpi,661.088,-18,19,150599477,"[-1, -1, 2, 2, -1, 2, -1, -2, -1, 2, -1, -2, -2, 1, 1, 1, -2, -1, -1, -1, -2, 1, -2, 1, 1, 1, 2, -1, -1]"
104,dfs_bnb_mpi,369.702,-19,20,85364222,"[-1, -1, 2, 2, 1, -2, 1, 2, 2, 1, -2, 1, 2, 1, -2, -2, -2, -1, 2, -1, -2, -2, -2, -1, 2, -1, -1, -2, 1]"
105,dfs_bnb_mpi,2965.45,-19,20,653681606,"[-1, -2, -2, 1, 2, 1, 2, 2, 2, 2, -1, -2, -2, -1, 2, -1, -1, -1, -2, 1, 1, -2, -1, -1, -2, 1, 1, -2, -1]"
106,dfs_bnb_mpi,372.613,-19,20,84250992,"[-1, -1, 2, 2, 1, -2, 1, 2, 2, -1, 2, 1, 1, 1, 1, -2, -1, -1, -2, 1, 1, -2, -2, -2, -1, 2, 2, -1, -2]"
107,dfs_bnb_mpi,345.356,-19,19,77801579,"[-1, -1, 2, 2, 1, -2, 1, 1, -2, 1, 2, 2, 1, 2, 2, -1, -2, -1, -2, -1, 2, -1, -1, -1, 2, 1, 1, 1, 1]"
108,dfs_bnb_mpi,289.867,-19,20,73022583,"[-1, -1, 2, 2, -1, -2, -2, -2, 1, 1, 1, 1, 2, 2, -1, -1, 2, 2, -1, 2, 1, 1, 2, 1, -2, -2, -1, -2, 1]"
109,dfs_bnb_mpi,527.213,-18,19,125843147,"[-1, -1, 2, 1, 1, 2, -1, -1, -1, 2, 1, 2, -1, -1, -1, -2, 1, -2, -1, -2, -2, 1, 2, 1, -2, -2, 1, 1, 1]"
110,dfs_bnb_mpi,1289.55,-18,19,314013610,"[-1, -1, 2, 2, 2, 2, 1, -2, -2, -2, 1, 2, 2, 2, 1, -2, -2, -2, -2, -2, -1, -1, -1, -1, 2, 2, 2, 2, 2]"
111,dfs_bnb_mpi,2030.64,-19,19,449217059,"[-1, -1, 2, 1, 2, 1, -2, 1, 2, 2, 1, -2, 1, -2, -1, -2, 1, -2, -1, -2, -1, -1, -1, -1, 2, 1, 1, 1, 2]"
112,dfs_bnb_mpi,1609.06,-19,20,359932543,"[-1, -2, -1, -2, -2, -1, -2, 1, 1, 2, 2, 1, 2, 1, 2, 1, -2, 1, -2, -1, -1, -2, 1, 1, -2, -1, -1, -1, 2]"
113,dfs_bnb_mpi,908.565,-18,19,220436903,"[-1, -1, 2, 2, 2, 1, 1, -2, -1, -2, 1, 1, 2, 2, 2, -1, 2, -1, -2, -1, -1, -2, -1, -2, 1, -2, -1, -2, 1]"
114,dfs_bnb_mpi,219.682,-18,19,53655721,"[-1, -1, 2, 2, 2, 1, 1, -2, -1, -2, 1, 1, -2, 1, 2, 2, -1, 2, 1, 2, -1, 2, 2, -1, -2, -2, -1, 2, 2]"
115,dfs_bnb_mpi,3435.6,-18,19,759508679,"[-1, -1, 2, 2, 2, 2, 2, 1, 1, 2, 1, -2, 1, -2, -1, -2, 1, -2, -1, -1, 2, 2, -1, -2, -2, -2, 1, 1, -2]"
116,dfs_bnb_mpi,748.359,-19,20,177212998,"[-1, -1, 2, 2, 2, -1, -2, -2, -1, -2, 1, -2, 1, -2, 1, 2, 1, -2, 1, 2, 2, 2, -1, -1, 2, 2, 1, -2, 1]"
117,dfs_bnb_mpi,749.753,-18,18,198925794,"[-1, -1, 2, 2, 2, 2, 1, -2, 1, 2, 2, -1, -1, 2, 1, 1, 1, -2, 1, -2, -1, -2, 1, -2, -1, -1, -1, -2, 1]"
118,dfs_bnb_mpi,826.272,-19,20,200154318,"[-1, -1, 2, 2, 2, 1, 1, -2, -1, -2, 1, 1, 2, 2, 2, -1, -1, 2, -1, -2, -1, -2, -1, -2, -2, -2, 1, 2, 2]"
119,dfs_bnb_mpi,727.283,-18,19,182519276,"[-1, -1, 2, 2, 2, 2, 2, 2, 1, -2, 1, -2, -1, -2, 1, 1, 2, 2, 1, -2, -2, -2, -2, -1, 2, -1, -1, -2, 1]"
120,dfs_bnb_mpi,2799.51,-19,20,628501262,"[-1, -2, 1, 1, 2, 2, 1, 1, 1, -2, -2, -1, -2, -2, -1, -2, -1, 2, -1, -2, -1, 2, 2, 1, 1, 1, 2, 2, 1]"
121,dfs_bnb_mpi,349.316,-18,19,86889429,"[-1, -1, 2, 2, 2, 1, 1, 1, -2, -1, -1, -2, 1, 1, 1, 2, 2, 1, -2, -2, -2, -2, -1, 2, -1, -2, -1, -1, -1]"
122,dfs_bnb_mpi,191.92,-19,20,46997520,"[-1, -1, 2, 2, -1, 2, -1, -2, -2, 1, -2, -1, -2, 1, 1, 1, 1, 1, 2, 2, -1, -1, 2, 1, 1, 2, -1, -1, -1]"
123,dfs_bnb_mpi,537.369,-17,18,128679592,"[-1, -1, 2, 2, 2, 2, 2, 1, -2, 1, 2, 2, 1, -2, -2, -2, 1, -2, -1, -1, 2, -1, -2, -2, 1, 1, -2, 1, 2]"
124,dfs_bnb_mpi,123.433,-19,19,28373566,"[-1, -1, 2, 2, 2, 1, 1, 1, -2, -1, -1, -2, 1, 1, 1, -2, -1, -2, -1, -1, -1, -2, 1, -2, 1, 2, 1, 1, 2]"
125,dfs_bnb_mpi,82.2103,-19,20,20194477,"[-1, -1, 2, 2, 2, 1, 1, -2, -1, -2, 1, 1, -2, 1, -2, -1, -1, -1, -2, 1, 1, 1, 1, 2, 2, 2, -1, 2, -1]"
126,dfs_bnb_mpi,935.93,-19,20,216367516,"[-1, -1, -1, 2, 2, 2, 2, -1, -2, -2, -1, 2, 2, 2, 1, 1, 1, 1, -2, -1, -2, -2, -2, 1, 2, 2, 1, -2, -2]"
127,dfs_bnb_mpi,447.949,-19,20,106355491,"[-1, -1, 2, -1, -2, -2, -2, -2, 1, 1, 1, 1, 2, -1, -1, -1, 2, 1, 1, 1, 2, 2, 1, 2, -1, -1, -1, -2, 1]"
128,dfs_bnb_mpi,1947.56,-19,20,435129015,"[-1, -1, 2, 1, 1, 2, 2, 1, 1, -2, -2, 1, -2, -1, -2, 1, -2, -1, -1, -1, -1, -1, 2, 1, 1, 1, 2, 2, 2]"
129,dfs_bnb_mpi,4359.83,-18,19,965561315,"[-1, -2, 1, 1, 2, 2, 2, 1, 1, -2, 1, -2, -1, -2, 1, -2, -1, -2, -1, -1, -1, -1, 2, 1, 1, 1, 2, 2, 2]"
130,dfs_bnb_mpi,347.001,-19,20,88070509,"[-1, -1, 2, 2, 1, -2, 1, 2, 2, -1, -1, 2, -1, -2, -2, -1, 2, 2, -1, -2, -2, -2, 1, 1, -2, -1, -2, 1, 1]"
131,dfs_bnb_mpi,278.813,-18,19,64242640,"[-1, -1, 2, 2, 2, 2, 2, 1, 1, 1, 1, -2, -1, -1, -1, -2, -2, -2, 1, 2, 2, 1, 1, 1, -2, -1, -2, -1, 2]"
132,dfs_bnb_mpi,227.073,-18,19,51720790,"[-1, -1, 2, 2, 2, 2, 1, 1, -2, -1, -2, -2, 1, 2, 1, -2, -2, -2, -1, -1, -1, -1, 2, 2, -1, 2, 2, 1, -2]"
133,dfs_bnb_mpi,531.271,-19,20,119689777,"[-1, -1, 2, -1, 2, 2, 2, 1, -2, -2, 1, -2, 1, 1, -2, 1, 2, 2, 2, 2, -1, -2, -2, -1, 2, -1, 2, 1, 2]"
134,dfs_bnb_mpi,184.645,-19,20,44119298,"[-1, -1, 2, 2, 2, 2, 1, 2, 1, -2, -2, -1, -2, -2, 1, 2, 1, 2, 2, 2, 1, 1, -2, -1, -2, -2, -2, -1, -2]"
135,dfs_bnb_mpi,305.998,-18,19,73418075,"[-1, -1, 2, 2, 2, 2, 1, -2, 1, -2, -1, -2, 1, 1, 1, 2, -1, 2, 1, 2, 2, -1, -2, -1, 2, -1, 2, -1, -2]"
136,dfs_bnb_mpi,1056.86,-18,19,246582744,"[-1, -2, -1, 2, 2, 2, -1, -2, -2, -2, -1, 2, -1, 2, 1, 2, -1, 2, 2, 1, -2, 1, 2, 1, -2, 1, -2, -2, 1]"
137,dfs_bnb_mpi,342.868,-19,20,76422404,"[-1, -1, 2, 2, 1, -2, 1, 1, -2, 1, 2, 2, 2, 2, 2, -1, -1, -2, 1, -2, -2, -1, 2, -1, 2, 2, -1, -2, -2]"
138,dfs_bnb_mpi,75.3305,-17,18,18099191,"[-1, -1, 2, 2, 2, 2, 2, 2, 1, -2, 1, -2, -1, -2, -2, -2, 1, 1, 2, -1, 2, 1, 2, 2, 2, -1, 2, 2, 2]"
139,dfs_bnb_mpi,1445.32,-18,19,319860787,"[-1, -1, 2, 2, 2, 2, 1, -2, 1, 2, 2, 1, 1, -2, -1, -2, 1, -2, -1, -1, -1, -2, 1, 1, 1, 1, 2, 2, 2]"
140,dfs_bnb_mpi,717.818,-19,20,170952514,"[-1, -1, 2, 2, 2, -1, -2, -2, -1, -2, 1, -2, 1, -2, 1, 2, 1, -2, 1, 2, 2, 2, -1, -1, 2, 2, 1, -2, 1]"
141,dfs_bnb_mpi,167.473,-18,19,38932689,"[-1, -1, 2, 2, 1, -2, 1, 2, 2, 2, 2, -1, -1, -1, -2, 1, 1, -2, -1, -1, -1, -2, 1, -2, -1, -2, 1, -2, 1]"
142,dfs_bnb_mpi,1373.75,-19,20,344301565,"[-1, -1, 2, 2, 2, 2, 1, -2, -2, -2, 1, 1, -2, -2, 1, 2, 2, 2, 1, 2, 2, -1, -1, -1, -2, -2, 1, 2, 1]"
143,dfs_bnb_mpi,202.414,-19,20,48502285,"[-1, -1, 2, 2, 2, 1, 1, -2, 1, 2, 2, -1, -1, -1, -1, -2, -2, -2, -2, -2, 1, 1, 1, 1, 2, 2, -1, -1, 2]"
144,dfs_bnb_mpi,205.115,-19,20,53217701,"[-1, -1, 2, 1, 2, 2, -1, -2, -1, 2, -1, -2, -2, 1, -2, -1, -2, 1, -2, 1, 2, 1, 1, 1, 2, 2, -1, 2, 2]"
145,dfs_bnb_mpi,408.101,-19,20,99641437,"[-1, -2, 1, 1, 2, 2, 1, -2, -2, -2, -1, -1, -1, -2, 1, 1, 1, -2, 1, 2, 2, 2, 2, 2, 2, -1, -1, -1, -2]"
146,dfs_bnb_mpi,819.489,-19,20,182139376,"[-1, -1, 2, 2, 2, 1, -2, -2, 1, 1, 2, -1, 2, 2, -1, -1, 2, -1, -1, -2, 1, -2, -1, -2, 1, -2, -1, -2, 1]"
147,dfs_bnb_mpi,690.941,-18,19,176012044,"[-1, -1, 2, 1, 2, 1, -2, 1, 2, 1, -2, -2, -2, -2, -1, -1, -2, -1, 2, -1, -2, -1, 2, 2, 1, 1, 1, 1, 2]"
148,dfs_bnb_mpi,308.628,-18,19,68245226,"[-1, -1, 2, 1, 2, 2, 2, 1, 1, 1, 1, -2, -1, -1, -1, -2, -2, 1, 2, 1, 1, -2, -1, -2, -1, -2, -1, -1, -1]"
149,dfs_bnb_mpi,540.614,-19,20,126808534,"[-1, -1, 2, -1, -2, -1, -2, 1, 1, 1, 1, -2, -2, -1, 2, -1, -1, -1, -2, -2, -2, 1, 2, 2, 1, -2, 1, -2, -1]"
150,dfs_bnb_mpi,146.051,-19,20,35029725,"[-1, -1, 2, 1, 1, 2, 2, 2, -1, -2, -2, -1, -1, -2, -2, -1, -1, 2, 1, 2, -1, 2, 2, 1, -2, 1, 2, 1, -2]"
151,dfs_bnb_mpi,807.12,-18,17,183042318,"[-1, -1, 2, 2, 2, 1, 1, -2, -1, -2, 1, 1, -2, -2, -1, -1, -2, -1, 2, -1, 2, 2, 2, 2, 2, 1, 1, 1, 2]"
152,dfs_bnb_mpi,1696.87,-19,20,409788233,"[-1, -1, 2, 2, 2, 1, 2, 1, 1, 1, 1, 1, -2, -1, -1, -2, 1, -2, -1, -2, -1, 2, 2, 2, -1, -2, -1, -2, 1]"
153,dfs_bnb_mpi,1738.08,-19,19,415511274,"[-1, -1, 2, 1, 2, -1, 2, 1, 1, 1, 1, -2, -2, -2, -2, -2, -1, -1, -1, -1, 2, 1, 1, 1, 2, 2, 2, -1, -2]"
154,dfs_bnb_mpi,648.111,-19,20,156043370,"[-1, -1, 2, 2, 1, -2, 1, 1, -2, -2, -1, -2, -2, -1, 2, 2, -1, -2, -2, -1, 2, 2, 2, 2, 2, -1, -2, -2, -2]"
155,dfs_bnb_mpi,260.624,-18,19,60348639,"[-1, -1, 2, 2, 2, 1, -2, -2, 1, 2, 1, -2, -2, -2, -2, -1, 2, -1, -2, -1, 2, -1, -2, -1, 2, 2, 1, 2, 2]"
156,dfs_bnb_mpi,834.565,-19,20,189102205,"[-1, -1, 2, 1, 2, -1, -1, -1, -1, -2, 1, 1, -2, -1, -1, -2, -2, -2, 1, 2, 2, 1, 1, 1, -2, -1, -2, -1, 2]"
157,dfs_bnb_mpi,196.946,-19,20,49547138,"[-1, -1, 2, 2, 1, -2, 1, 2, 1, -2, 1, -2, -1, -2, -1, -1, -1, -2, 1, -2, 1, 2, 1, -2, 1, 2, 1, 2, -1]"
158,dfs_bnb_mpi,413.038,-18,19,97209724,"[-1, -1, 2, 2, 2, 2, 2, 2, 1, -2, -2, -2, 1, 2, 2, 1, 1, -2, -1, -2, 1, -2, -1, -1, -1, -2, 1, 1, 1]"
159,dfs_bnb_mpi,1099.25,-19,20,247319088,"[-1, -2, 1, 1, 2, 1, 1, 1, 1, -2, -1, -2, 1, -2, -1, -2, -1, -1, 2, 1, 2, 2, -1, -2, -1, -2, -1, 2, -1]"
160,dfs_bnb_mpi,1564.44,-19,20,396105403,"[-1, -1, 2, 2, 1, -2, 1, 2, 2, -1, 2, -1, -1, -1, -2, -1, -2, -1, -2, 1, -2, 1, 1, 2, -1, 2, 1, 2, 1]"
161,dfs_bnb_mpi,1795.99,-19,20,426441500,"[-1, -1, 2, 2, 1, -2, 1, 1, -2, -2, -1, -2, 1, -2, -1, -2, -1, 2, -1, -1, 2, 1, 1, 2, -1, -1, 2, 2, 2]"
162,dfs_bnb_mpi,551.313,-19,20,130976864,"[-1, -1, 2, 2, -1, 2, 1, 1, 2, -1, 2, 1, 1, -2, -2, -2, 1, 2, 2, 2, 1, -2, -2, -2, -2, -1, -1, -1, 2]"
163,dfs_bnb_mpi,405.399,-17,18,91269861,"[-1, -1, 2, 2, 2, 1, -2, -2, 1, 2, 2, 2, 2, -1, -2, -1, -1, -2, -2, -2, -2, -1, 2, 2, 2, 2, 2, 1, 1]"
164,dfs_bnb_mpi,613.796,-18,19,140951990,"[-1, -1, 2, 2, 2, -1, -2, -1, -2, 1, -2, -1, -1, -1, 2, 1, 2, 2, 1, 2, 1, 1, 1, -2, 1, -2, -1, -2, 1]"
165,dfs_bnb_mpi,1652.51,-19,20,394636716,"[-1, -1, 2, 1, 2, 1, -2, 1, 1, -2, -1, -2, 1, -2, -1, -1, -1, -2, 1, 1, -2, -1, -1, -1, 2, 2, 2, 1, 1]"
166,dfs_bnb_mpi,1491.28,-19,20,358765145,"[-1, -1, 2, 2, 1, -2, 1, 1, 2, -1, 2, -1, 2, -1, -1, -1, -2, -1, -2, -2, -2, 1, 1, 2, -1, 2, 1, 2, 1]"
167,dfs_bnb_mpi,2425.28,-18,19,608376676,"[-1, -1, 2, 2, 2, 2, 2, 2, 1, 1, 1, -2, -1, -1, -2, -2, 1, 2, 1, -2, 1, -2, -1, -1, -1, -2, 1, 1, -2]"
168,dfs_bnb_mpi,746.358,-18,19,180884913,"[-1, -1, 2, 2, 2, -1, -1, -2, 1, -2, -2, -2, -2, 1, 2, 1, -2, -2, -1, -1, -1, -1, 2, 1, 2, -1, 2, 1, 2]"
169,dfs_bnb_mpi,234.114,-17,18,52811916,"[-1, -1, 2, 2, 1, -2, 1, 2, 2, 2, 1, -2, -2, -2, -2, 1, 2, 2, 2, 2, 2, -1, -1, -1, -2, -2, -1, 2, 2]"
170,dfs_bnb_mpi,859.575,-19,20,196919008,"[-1, -1, 2, 2, 2, 1, 1, -2, -1, -2, 1, 1, 2, 2, 2, -1, 2, -1, -2, -1, -1, -2, -1, -2, -2, -2, 1, 2, 2]"
171,dfs_bnb_mpi,927.588,-19,20,232215186,"[-1, -1, 2, 1, 2, -1, 2, 1, 2, 1, 1, -2, -1, -2, 1, 1, -2, -2, -2, -2, -1, -1, -1, 2, 1, 1, 2, 2, -1]"
172,dfs_bnb_mpi,3223.42,-18,18,722127507,"[-1, -1, 2, 2, -1, 2, 1, 1, -2, -2, 1, 1, -2, -2, -1, -1, -1, -1, -1, 2, 1, 2, -1, 2, 2, -1, -2, -2, -2]"
173,dfs_bnb_mpi,1273.65,-18,19,296353377,"[-1, -2, 1, 1, -2, 1, -2, 1, -2, -1, -2, 1, -2, -1, -1, 2, -1, -2, -1, 2, 2, 1, 1, 2, -1, 2, -1, -2, -1]"
174,dfs_bnb_mpi,558.179,-19,20,135330704,"[-1, -1, 2, 2, 2, 1, 1, -2, -1, -2, 1, 1, 2, 1, -2, -2, -1, -2, 1, 1, -2, -1, -1, -1, -1, -1, 2, 1, 1]"
175,dfs_bnb_mpi,882.715,-19,20,201838460,"[-1, -1, 2, 2, 1, -2, 1, 2, 1, -2, 1, -2, 1, -2, -1, -2, -1, -2, -1, 2, -1, -2, -1, 2, 2, 1, 1, 1, 2]"
176,dfs_bnb_mpi,293.521,-18,19,71595707,"[-1, -1, 2, 2, 2, 1, 1, 2, -1, -1, 2, 1, 1, 1, -2, -2, 1, -2, -1, -1, -1, -2, 1, 1, -2, -2, -1, -1, -1]"
177,dfs_bnb_mpi,864.312,-19,20,192299635,"[-1, -1, 2, 2, 1, -2, 1, 2, 2, -1, 2, 1, 2, 1, -2, 1, 1, -2, -1, -1, -2, 1, -2, -1, -2, 1, 1, 2, 2]"
178,dfs_bnb_mpi,199.435,-19,20,44918240,"[-1, -2, 1, 1, -2, -2, -1, 2, -1, -2, -2, 1, 1, 1, 2, 2, 1, -2, -2, 1, 2, 2, 2, -1, -1, 2, 2, -1, -2]"
179,dfs_bnb_mpi,871.663,-18,19,209125630,"[-1, -1, 2, 2, 2, 2, 1, -2, -2, -2, 1, 2, 2, 2, 2, -1, 2, -1, -2, -1, -1, -2, 1, -2, -1, -2, -2, 1, 2]"
180,dfs_bnb_mpi,736.508,-19,20,186599842,"[-1, -1, 2, 1, 2, 2, 1, 1, 1, -2, -1, -1, -2, 1, 1, -2, 1, -2, -1, -2, -1, -1, -1, -1, 2, 1, 1, 1, 2]"
181,dfs_bnb_mpi,1227.41,-18,19,293889911,"[-1, -1, 2, 2, 2, 1, -2, -2, 1, 2, 2, 2, -1, 2, -1, -2, -1, 2, 2, -1, -2, -2, -2, 1, -2, -1, -2, 1, -2]"
182,dfs_bnb_mpi,359.17,-18,19,84517281,"[-1, -1, 2, -1, 2, 2, 2, 1, 1, -2, -1, -2, 1, -2, 1, 1, -2, 1, 2, 2, 2, -1, -2, -1, 2, 2, 1, 2, 2]"
183,dfs_bnb_mpi,894.851,-18,19,223435859,"[-1, -2, 1, 1, 2, 2, 1, 1, 1, -2, -1, -1, -2, 1, 1, -2, -1, -2, -2, -1, 2, 2, -1, -1, -1, -2, 1, 1, -2]"
184,dfs_bnb_mpi,300.78,-19,20,77637675,"[-1, -1, 2, 2, 1, -2, 1, 2, 2, 1, 2, -1, -1, -2, -1, 2, -1, -2, -2, -2, -2, -2, 1, 1, 1, 1, 2, 2, 2]"
185,dfs_bnb_mpi,806.798,-19,19,178779330,"[-1, -1, 2, 2, 2, 2, 1, 2, 1, -2, 1, 1, 1, -2, -2, -1, 2, -1, -1, -1, -2, -2, 1, 2, 1, -2, 1, -2, -1]"
186,dfs_bnb_mpi,341.922,-19,20,77884740,"[-1, -1, 2, 2, 2, -1, -2, -2, -2, -1, -2, 1, -2, 1, 2, 1, -2, 1, 2, 1, 2, 2, 2, -1, 2, -1, -2, -2, 1]"
187,dfs_bnb_mpi,116.547,-18,19,28423892,"[-1, -1, 2, 2, 2, 2, 1, 1, -2, -1, -2, -2, 1, 2, 1, 2, 2, 2, -1, -1, -1, -1, -2, -2, -1, -2, 1, -2, -1]"
188,dfs_bnb_mpi,1162.34,-18,19,257375740,"[-1, -2, 1, 1, 2, 2, -1, 2, 1, 1, 1, 1, -2, 1, -2, -1, -1, 2, -1, -2, -2, 1, 1, -2, -1, -1, -1, -1, -1]"
189,dfs_bnb_mpi,3395.81,-18,19,747846176,"[-1, -1, 2, 2, 2, -1, -2, -2, -1, 2, 2, -1, -2, -2, -1, -2, 1, 1, 1, -2, 1, 1, -2, -1, -1, -1, 2, -1, -2]"
190,dfs_bnb_mpi,363.744,-19,20,83300515,"[-1, -1, 2, 1, 2, 1, -2, 1, -2, 1, -2, -2, -2, -2, -1, 2, 2, 2, -1, -1, -1, -2, -2, 1, -2, 1, 2, 2, -1]"
191,dfs_bnb_mpi,1149.49,-19,20,269635032,"[-1, -2, 1, 1, -2, 1, 2, 2, -1, 2, 1, 1, -2, 1, -2, -1, -2, -2, -2, -1, 2, -1, -2, -1, -1, 2, 2, 1, -2]"
192,dfs_bnb_mpi,827.714,-19,20,183294168,"[-1, -1, 2, 2, 2, -1, -2, -1, -2, 1, -2, -2, 1, 1, 1, 1, 2, 2, 2, 2, -1, -2, -2, -1, 2, 2, 2, 1, 1]"
193,dfs_bnb_mpi,1236.5,-18,19,276044838,"[-1, -1, 2, 2, 2, 2, 2, 2, 1, -2, -2, -2, -2, -2, 1, 1, 1, 2, -1, -1, 2, 2, 2, 1, 1, -2, -1, -2, 1]"
194,dfs_bnb_mpi,592.416,-18,19,148450758,"[-1, -1, 2, 1, 2, 2, 2, 2, -1, -2, -1, -2, 1, -2, -1, -2, -2, -1, 2, -1, 2, 1, 2, -1, 2, 1, 2, 1, 2]"
195,dfs_bnb_mpi,590.615,-19,20,141228659,"[-1, -1, 2, 1, 1, 2, -1, -1, 2, 1, 2, -1, 2, 1, 1, -2, -2, 1, 2, 2, 1, -2, -2, -2, -1, -2, 1, -2, -1]"
196,dfs_bnb_mpi,4198.74,-18,19,923862155,"[-1, -1, 2, -1, 2, 2, -1, -1, -1, -2, -2, 1, -2, -1, -2, 1, 1, -2, 1, 1, 1, 2, -1, -1, 2, -1, 2, 2, -1]"
197,dfs_bnb_mpi,5823.7,-17,18,1314057992,"[-1, -1, 2, 2, 2, 2, 2, 2, 1, -2, 1, 2, 1, -2, 1, -2, -1, -2, 1, -2, -1, -1, 2, 2, -1, -2, -2, -2, 1]"
198,dfs_bnb_mpi,1256.38,-17,18,278176666,"[-1, -1, 2, 2, 2, 2, 1, 2, 1, 2, 1, -2, -2, -1, -2, -1, -2, -2, 1, 2, 1, 2, 1, -2, -2, -1, -2, 1, 1]"
199,dfs_bnb_mpi,185.668,-19,20,44679979,"[-1, -1, 2, 1, 2, 1, -2, 1, 1, 1, -2, -1, -1, -2, -1, -1, -1, -1, 2, 2, 2, 1, 2, 1, 1, 1, 1, -2, -1]"
200,dfs_bnb_mpi,1815.79,-19,20,401077835,"[-1, -1, 2, 2, 2, 1, 2, 1, 1, 1, -2, 1, -2, 1, -2, -1, -2, -1, 2, 2, -1, 2, -1, -2, -1, -2, 1, 1, -2]"
201,dfs_bnb_mpi,2043.98,-19,20,451772285,"[-1, -1, 2, 2, 1, -2, 1, 1, -2, 1, -2, -2, -2, -2, -1, -1, -1, 2, 2, 1, -2, 1, 2, 2, -1, -1, -1, -2, -2]"
202,dfs_bnb_mpi,326.002,-19,20,72879630,"[-1, -1, 2, 2, 2, 1, 2, 2, 1, -2, -2, 1, 2, 1, 1, -2, -1, -2, -1, -1, -1, -2, 1, 1, -2, 1, 2, 1, 2]"
203,dfs_bnb_mpi,2490.54,-18,19,604704202,"[-1, -1, 2, 2, -1, -2, -2, -2, -2, 1, 2, 1, -2, 1, 2, 1, 2, 2, -1, -1, 2, 2, -1, -1, -1, -2, -2, -2, -2]"
204,dfs_bnb_mpi,792.555,-19,20,176921715,"[-1, -1, 2, 2, -1, -2, -1, -2, 1, -2, 1, 1, 1, 1, 2, 1, 2, -1, -1, -1, 2, 1, 1, 1, 2, -1, -1, -1, -1]"
205,dfs_bnb_mpi,829.065,-18,19,218421767,"[-1, -1, 2, 2, 2, 2, 1, -2, -2, -2, 1, 2, 2, 2, 2, -1, -1, -1, 2, -1, -2, -2, 1, -2, -1, -2, -2, 1, 2]"
206,dfs_bnb_mpi,596.439,-18,19,139882883,"[-1, -2, 1, 1, 2, 2, 1, -2, 1, 1, -2, 1, -2, -1, -1, 2, -1, -2, -1, -1, -1, -2, 1, 1, 1, 1, 1, 1, 1]"
207,dfs_bnb_mpi,298.055,-18,19,71821370,"[-1, -1, 2, 2, 2, -1, -2, -1, -2, 1, -2, -2, 1, 1, 1, 1, 2, 1, 2, -1, -1, -1, 2, 2, 1, -2, 1, 1, 2]"
208,dfs_bnb_mpi,1242.81,-18,19,288731697,"[-1, -1, 2, 2, 2, -1, -2, -2, -1, 2, 2, 2, 2, 1, -2, 1, 2, 1, 1, -2, -1, -2, 1, 1, -2, -1, -1, -2, 1]"
209,dfs_bnb_mpi,1404.05,-18,19,319874790,"[-1, -1, 2, 2, 2, 1, -2, -2, 1, 1, -2, -2, -1, -1, -1, -1, -1, -1, 2, 2, 2, 1, 2, 1, -2, -2, -1, -2, 1]"
210,dfs_bnb_mpi,968.44,-19,20,243902674,"[-1, -1, 2, 2, 2, 2, 1, -2, 1, 2, 1, -2, 1, 2, 1, -2, -2, -1, -2, 1, -2, -1, -1, 2, 2, -1, -1, -2, 1]"
211,dfs_bnb_mpi,3113.2,-18,19,692906484,"[-1, -1, 2, 2, 2, 2, 2, 2, 1, -2, 1, 1, 1, -2, -1, -2, 1, -2, -2, -1, 2, -1, 2, 2, -1, -2, -2, -2, 1]"
212,dfs_bnb_mpi,2668.06,-18,19,649324104,"[-1, -1, 2, 2, 2, 2, 2, 2, 1, -2, -2, -2, -2, -2, 1, 2, 1, 2, 1, 2, 2, 2, -1, -1, -2, 1, -2, -1, -2]"
213,dfs_bnb_mpi,745.528,-19,20,181786816,"[-1, -1, 2, 2, 2, 1, 1, -2, -1, -2, 1, 1, 2, 2, 1, -2, -2, 1, -2, -1, -1, -2, 1, -2, -1, -1, -1, 2, 1]"
214,dfs_bnb_mpi,552.93,-18,19,133185281,"[-1, -1, 2, 2, 2, 2, 2, 1, -2, -2, -2, -2, 1, 1, -2, 1, 2, 2, 2, 2, -1, -2, -2, -1, 2, 2, 2, 1, 2]"
215,dfs_bnb_mpi,1999.91,-19,20,439235766,"[-1, -1, 2, 1, 1, 2, 1, 1, -2, -1, -2, 1, -2, 1, -2, -1, -2, -1, 2, 2, -1, -1, -1, -2, 1, 1, -2, -1, -1]"
216,dfs_bnb_mpi,361.47,-19,20,81493715,"[-1, -1, 2, 2, 1, -2, 1, 2, 2, -1, 2, 1, 1, -2, 1, 2, 1, -2, -2, -1, -1, -2, 1, 1, 1, -2, -1, -1, -1]"
217,dfs_bnb_mpi,323.923,-19,20,79916862,"[-1, -1, 2, -1, 2, 2, 2, 1, 1, -2, -1, -2, 1, -2, 1, 1, 2, -1, 2, 2, 2, 1, -2, -2, 1, -2, -2, -2, -1]"
218,dfs_bnb_mpi,146.293,-18,19,32735571,"[-1, -1, 2, 1, 2, 1, -2, 1, 2, 1, -2, 1, -2, -1, -1, -2, -1, -1, -1, -2, 1, 1, -2, 1, 2, 1, 2, 1, 1]"
219,dfs_bnb_mpi,118.333,-19,20,31661114,"[-1, -1, 2, 2, 2, 1, 1, 1, 1, -2, -1, -1, -1, -2, 1, 1, 1, -2, -1, -2, -1, -2, -1, 2, -1, -1, 2, 2, 2]"
220,dfs_bnb_mpi,1832.57,-19,20,444458453,"[-1, -1, 2, 1, 1, 2, 1, 1, -2, -1, -2, 1, -2, -2, -2, -1, -2, -1, 2, -1, -1, 2, 2, 1, 1, 1, -2, -1, -1]"
221,dfs_bnb_mpi,3126.46,-18,19,692212741,"[-1, -1, 2, 2, 2, 1, -2, -2, 1, 1, 2, -1, 2, 2, -1, -1, 2, -1, -1, -2, 1, -2, -1, -2, 1, -2, -1, -2, 1]"
222,dfs_bnb_mpi,115.833,-19,20,27705831,"[-1, -1, 2, 2, 2, 2, 1, -2, -2, -2, 1, 1, 2, -1, 2, 2, 2, 1, -2, -2, 1, 2, 1, -2, -2, -1, -2, -2, -1]"
223,dfs_bnb_mpi,2361.35,-18,19,559333066,"[-1, -1, 2, 2, 2, 1, -2, -2, 1, 2, 2, 2, 2, -1, -1, -1, -1, -2, -2, -2, -2, -2, 1, 2, 2, 2, 2, 1, 1]"
224,dfs_bnb_mpi,173.119,-19,19,40972875,"[-1, -1, 2, 2, 1, -2, 1, 2, 1, 1, -2, -1, -2, 1, -2, -1, -1, -1, -1, -2, 1, -2, 1, 2, 1, 1, 1, 2, 2]"
225,dfs_bnb_mpi,54.354,-18,19,12208607,"[-1, -1, 2, 2, 2, 2, 1, 1, 1, -2, 1, -2, -1, -1, 2, -1, -2, -2, 1, 1, 1, -2, -1, -2, -1, -1, -2, 1, 1]"
226,dfs_bnb_mpi,760.354,-19,20,167935220,"[-1, -1, 2, 1, 1, 1, 2, -1, 2, 2, 2, -1, -1, -1, -1, -2, 1, 1, 1, -2, -2, -1, 2, -1, -1, -2, -2, 1, 2]"
227,dfs_bnb_mpi,2937.69,-18,19,711505693,"[-1, -1, 2, 2, 2, 1, 2, -1, 2, 1, 1, -2, 1, 2, 1, -2, 1, -2, -1, -2, -2, -1, 2, 2, -1, -2, -1, -2, 1]"
228,dfs_bnb_mpi,6162.15,-17,18,1354753188,"[-1, -1, 2, 2, 2, -1, 2, 2, -1, 2, -1, -2, -1, -2, 1, 1, -2, -1, -1, -2, 1, 1, 1, -2, -1, -1, -2, 1, 1]"
229,dfs_bnb_mpi,3276.79,-18,19,722112669,"[-1, -1, 2, 2, 2, 1, 2, 2, 2, 1, -2, 1, 1, -2, -2, -2, -2, -2, -1, 2, 2, 2, 2, -1, -2, -2, -1, -2, 1]"
230,dfs_bnb_mpi,596.88,-17,18,132980126,"[-1, -1, 2, -1, -2, -2, 1, 1, 1, 1, 2, 2, 2, -1, -2, -1, 2, -1, 2, 1, 1, 1, 1, -2, -2, -2, -2, 1, 2]"
231,dfs_bnb_mpi,557.726,-18,19,126368492,"[-1, -1, 2, 2, 2, 2, 1, 1, 1, 1, -2, -1, -1, -1, -2, -2, 1, 2, 1, 1, -2, -1, -2, -2, -1, -2, -1, 2, -1]"
232,dfs_bnb_mpi,625.638,-19,20,156226849,"[-1, -1, 2, 1, 2, -1, -1, -2, -2, -1, -2, 1, -2, 1, 2, 1, -2, 1, 2, 1, 2, 2, -1, 2, 1, 2, -1, -1, -1]"
233,dfs_bnb_mpi,254.78,-19,19,65443469,"[-1, -1, 2, 2, -1, -2, -2, -2, 1, 1, -2, -1, -1, -2, 1, 1, 1, 2, 2, 1, 1, 2, -1, 2, 2, -1, -1, -2, 1]"
234,dfs_bnb_mpi,366.959,-19,20,84903028,"[-1, -1, 2, 2, 2, 2, 1, -2, 1, 2, 1, -2, 1, -2, -1, -1, -1, -2, 1, 1, -2, -2, -1, -1, -1, -1, 2, 2, 2]"
235,dfs_bnb_mpi,132.026,-19,19,33303014,"[-1, -1, 2, 2, 2, 2, 1, -2, 1, -2, -1, -2, 1, 1, 2, 2, 2, -1, 2, 1, 1, -2, 1, -2, -1, -2, -2, -2, -1]"
236,dfs_bnb_mpi,341.913,-18,19,76169762,"[-1, -1, 2, 2, 2, 2, 1, 2, 1, 1, 1, -2, -2, -1, 2, -1, -2, -1, -2, -2, 1, 2, 1, -2, -2, 1, 2, 2, 1]"
237,dfs_bnb_mpi,2186.06,-18,19,518287855,"[-1, -1, 2, 2, 2, 2, 2, 1, 1, -2, -1, -2, -2, -2, 1, 1, -2, 1, 2, 2, 2, 2, 2, -1, -2, -2, -1, -2, 1]"
238,dfs_bnb_mpi,203.645,-19,20,49120949,"[-1, -1, 2, 2, 2, 1, 2, 1, 1, -2, -1, -2, -1, -2, 1, 1, -2, 1, 2, 1, 2, 2, 2, 2, -1, -2, -2, -2, -1]"
239,dfs_bnb_mpi,794.67,-19,20,180197674,"[-1, -1, 2, -1, 2, 1, 1, -2, 1, 2, 1, -2, -2, -2, -1, -2, 1, -2, -1, -1, 2, 2, -1, -2, -2, -1, 2, 2, 2]"
240,dfs_bnb_mpi,758.613,-18,19,184626324,"[-1, -2, 1, 1, 2, 2, 1, -2, -2, -2, -1, -1, -1, -2, 1, -2, 1, 2, 1, 1, 1, 2, -1, 2, 1, 2, -1, 2, 2]"
241,dfs_bnb_mpi,646.512,-19,20,159617579,"[-1, -1, 2, 2, 2, 1, -2, -2, 1, 2, 2, 2, 1, 1, 1, -2, -1, -1, -2, 1, 1, 1, -2, -1, -1, -1, -2, 1, 1]"
242,dfs_bnb_mpi,1835.68,-19,20,407506263,"[-1, -1, 2, 1, 1, 1, 1, -2, 1, -2, -1, -2, 1, -2, -1, -2, -1, 2, 2, -1, -2, -1, 2, -1, 2, 1, 1, 1, 2]"
243,dfs_bnb_mpi,45.3771,-18,19,11295012,"[-1, -1, 2, 2, 2, 1, -2, -2, 1, 2, 1, -2, 1, 2, 2, -1, -1, 2, 1, 1, 1, -2, -2, -2, -2, -1, -1, -2, 1]"
244,dfs_bnb_mpi,749.381,-19,20,194733384,"[-1, -2, 1, 1, 2, 1, 1, 1, 1, -2, -1, -1, -1, -2, 1, 1, 1, -2, -1, -2, -1, 2, -1, -1, -1, -1, 2, 1, 1]"
245,dfs_bnb_mpi,308.095,-18,19,75357767,"[-1, -2, 1, 1, 2, 2, 1, 1, 1, 1, -2, -1, -1, -1, -2, -2, 1, 2, 1, 1, -2, -1, -2, -1, -1, -1, 2, -1, -1]"
246,dfs_bnb_mpi,683.902,-19,20,168299304,"[-1, -1, 2, 1, 2, 2, -1, -2, -1, 2, -1, -2, -2, 1, -2, -1, -2, 1, 1, -2, 1, 2, 1, -2, 1, 2, 2, 2, -1]"
247,dfs_bnb_mpi,3153.2,-18,19,710106906,"[-1, -1, 2, 2, 2, 2, 2, 1, 1, -2, 1, 2, 1, -2, -2, -2, -2, -2, -1, 2, 2, 2, -1, -2, -2, -1, 2, 2, 2]"
248,dfs_bnb_mpi,792.859,-18,18,184777253,"[-1, -1, 2, 2, 2, 2, 1, -2, 1, 2, 2, -1, -1, -1, 2, 1, 1, 1, 1, -2, -2, -2, -2, -1, -1, -2, 1, 1, 1]"
249,dfs_bnb_mpi,120.609,-19,20,30043244,"[-1, -1, 2, 2, 2, 1, 1, -2, -1, -2, 1, 1, 2, 2, 2, -1, -1, -1, -1, -2, -1, -2, 1, -2, -1, -2, 1, -2, 1]"
250,dfs_bnb_mpi,805.129,-18,18,189196628,"[-1, -1, 2, 2, 2, 2, 2, 2, 1, -2, 1, 2, 1, -2, 1, -2, -1, -1, -1, -2, 1, 1, 1, -2, -1, -1, -1, -2, 1]"
251,dfs_bnb_mpi,339.727,-18,19,75070223,"[-1, -1, 2, 2, 1, -2, 1, 1, -2, 1, -2, -1, -2, 1, -2, -1, -1, 2, 2, -1, -2, -2, -1, 2, 2, -1, 2, 2, 2]"
252,dfs_bnb_mpi,807.803,-19,20,178563678,"[-1, -1, 2, 2, 1, -2, 1, 2, 2, 1, -2, -2, 1, 2, 1, -2, -2, -1, -1, -2, -1, -1, -1, -2, 1, 1, 1, 1, 2]"
253,dfs_bnb_mpi,2483.17,-17,18,542303942,"[-1, -1, 2, 2, 2, 2, 2, 1, 1, -2, -1, -2, 1, 1, 2, 1, -2, 1, -2, -1, -1, -1, -1, -2, 1, 1, 1, -2, -1]"
254,dfs_bnb_mpi,2464.76,-19,20,531416466,"[-1, -1, 2, -1, 2, 2, -1, 2, 1, 2, 1, 1, 1, -2, 1, -2, -1, -1, 2, -1, -2, -2, 1, -2, 1, 2, 1, -2, -2]"
255,dfs_bnb_mpi,1175.79,-19,20,259576526,"[-1, -2, 1, 1, 2, 2, -1, -1, 2, 1, 1, 1, 1, -2, -1, -2, 1, -2, -1, -2, -1, -1, -1, -2, 1, 1, 1, 1, 2]"
256,dfs_bnb_mpi,182.148,-19,20,42815479,"[-1, -1, 2, 1, 1, 1, 1, 1, -2, -2, -2, -2, -1, 2, 2, 2, -1, -2, -2, -2, -1, 2, 2, -1, -1, -2, -2, 1, 2]"
257,dfs_bnb_mpi,1867.1,-19,20,442568888,"[-1, -1, 2, 2, -1, -2, -2, -1, -1, 2, 1, 2, 2, 1, 2, 1, -2, 1, 2, 1, -2, 1, -2, -1, -1, -2, 1, 1, -2]"
258,dfs_bnb_mpi,898.573,-18,19,202504495,"[-1, -1, 2, 2, 1, -2, 1, 1, -2, 1, 2, 2, 2, 2, 2, -1, -1, -1, -2, 1, 1, -2, -2, -1, 2, -1, -1, 2, 2]"
259,dfs_bnb_mpi,98.6046,-17,18,22017450,"[-1, -1, 2, 1, 2, 2, 2, 2, 1, 1, -2, -1, -2, 1, -2, -1, -2, 1, -2, 1, 2, 2, 2, 2, 1, 2, -1, 2, 2]"
260,dfs_bnb_mpi,960.749,-19,20,220768901,"[-1, -1, 2, 2, -1, -2, -2, -1, 2, 2, -1, 2, 1, 2, 1, -2, 1, 2, 1, 1, 1, -2, -2, -1, 2, -1, -2, -2, 1]"
261,dfs_bnb_mpi,2292.42,-18,19,548551844,"[-1, -1, 2, 2, 2, -1, -1, -1, -1, -1, -2, -2, -2, 1, -2, 1, 2, 2, 1, -2, -2, 1, 2, 2, 2, -1, -1, -1, -2]"
262,dfs_bnb_mpi,1357.76,-18,19,321349358,"[-1, -1, 2, 2, 2, 2, -1, -1, -2, 1, -2, -2, -2, -1, 2, 2, -1, 2, 2, -1, -2, -2, -2, 1, -2, -2, 1, 1, 1]"
263,dfs_bnb_mpi,279.923,-19,20,69562689,"[-1, -1, 2, 1, 1, 1, -2, 1, -2, -1, -1, -1, -1, -2, 1, -2, -2, 1, 1, 2, -1, 2, 1, 1, 1, 2, 2, 2, -1]"
264,dfs_bnb_mpi,603.412,-19,20,146745109,"[-1, -2, 1, 1, 2, 2, 1, -2, -2, -2, -1, -1, -2, 1, 1, 1, 1, 2, -1, 2, 1, 2, -1, 2, 2, -1, -1, -1, -2]"
265,dfs_bnb_mpi,2672.94,-19,20,611542747,"[-1, -2, 1, 1, 2, 2, 1, 1, -2, -1, -2, 1, 1, -2, -1, -1, -2, 1, -2, -1, -1, 2, 2, -1, -1, -2, 1, -2, -1]"
266,dfs_bnb_mpi,1278.64,-19,20,308136235,"[-1, -1, 2, 2, 2, 2, 2, 1, -2, -2, 1, 2, 2, 1, 1, -2, -1, -2, 1, -2, -2, -2, -1, 2, 2, -1, -1, -2, 1]"
267,dfs_bnb_mpi,732.205,-19,20,180055263,"[-1, -1, 2, -1, -2, -1, -2, 1, 1, -2, -1, -1, -2, 1, 1, 1, 2, 2, 1, 1, -2, -1, -2, 1, -2, -1, -1, -1, -1]"
268,dfs_bnb_mpi,1112.4,-19,19,267443463,"[-1, -1, 2, 2, 2, 1, 2, -1, -1, 2, 1, 1, 1, -2, 1, 1, -2, -1, -2, 1, -2, -2, -1, 2, -1, -1, 2, 1, 2]"
269,dfs_bnb_mpi,265.328,-18,19,66110607,"[-1, -1, 2, 2, 2, 2, 2, 1, -2, -2, 1, -2, -1, -2, 1, 1, 2, 2, 1, 2, -1, -1, 2, 2, 1, -2, 1, 2, 2]"
270,dfs_bnb_mpi,815.763,-19,20,185739306,"[-1, -1, 2, 2, 2, 1, -2, -2, 1, 1, 2, -1, 2, 2, -1, -1, -1, -2, -1, -1, -2, 1, -2, -1, -2, 1, 1, 2, 2]"
271,dfs_bnb_mpi,1198.31,-19,20,290095801,"[-1, -1, 2, 2, 2, 1, 1, 1, 2, -1, -1, -1, 2, 1, 1, 1, 1, -2, -2, -2, -2, -2, -1, 2, 2, -1, -1, -2, 1]"
272,dfs_bnb_mpi,568.124,-18,19,127648370,"[-1, -1, 2, 2, 2, 2, 1, 1, 2, 1, 1, -2, -1, -2, -1, -1, -2, -2, 1, 2, 1, -2, -2, 1, 1, 2, -1, 2, 2]"
273,dfs_bnb_mpi,782.081,-17,18,204431085,"[-1, -1, 2, 2, 2, 1, 1, 2, 1, -2, -2, -1, -1, -2, 1, 1, -2, 1, 1, 1, 2, -1, -1, 2, 1, 2, -1, 2, 2]"
274,dfs_bnb_mpi,824.082,-19,20,182703191,"[-1, -1, 2, 2, 2, 2, 2, 1, 2, 1, -2, 1, -2, 1, -2, -1, -1, 2, -1, -2, -2, -2, 1, 2, 1, 1, -2, -1, -2]"
275,dfs_bnb_mpi,388.868,-18,19,86506510,"[-1, -1, 2, -1, 2, 1, 2, 1, -2, -2, 1, 1, -2, 1, 2, 2, 2, 2, -1, -2, -2, -1, 2, 2, -1, -1, -1, -2, -1]"
276,dfs_bnb_mpi,923.582,-18,19,222970027,"[-1, -1, 2, 2, 2, 1, -2, -2, 1, 1, 2, -1, 2, 2, 2, -1, -2, -1, 2, -1, -1, -2, 1, -2, -1, -2, 1, -2, -2]"
277,dfs_bnb_mpi,63.4668,-19,20,14833128,"[-1, -1, 2, 2, 2, 1, 1, -2, -1, -2, 1, 1, 2, 2, 2, 2, -1, -2, -1, 2, -1, -2, -1, -2, -1, -2, -2, 1, 2]"
278,dfs_bnb_mpi,630.568,-19,20,159497880,"[-1, -1, 2, 2, 2, 1, -2, -2, 1, 1, -2, 1, 1, 2, -1, 2, 1, 2, 1, 2, -1, -1, -2, -1, 2, -1, -2, -2, 1]"
279,dfs_bnb_mpi,759.073,-19,20,179856288,"[-1, -1, 2, 2, 2, -1, -2, -1, -2, 1, -2, -2, 1, -2, 1, 2, 1, -2, 1, 2, 2, 2, -1, -1, 2, 2, 1, -2, 1]"
280,dfs_bnb_mpi,350.341,-19,20,86271404,"[-1, -1, -1, 2, 2, 1, -2, 1, 2, 2, 1, -2, -2, 1, -2, -2, -1, -1, -2, -1, 2, -1, -1, 2, 2, 2, 2, 1, 1]"
281,dfs_bnb_mpi,128.432,-19,19,28812242,"[-1, -1, 2, 2, -1, -2, -2, -1, 2, 2, 2, 2, 1, -2, 1, 2, 1, -2, -2, -2, 1, 2, 2, 1, -2, -2, 1, -2, -1]"
282,dfs_bnb_mpi,415.796,-18,19,106296750,"[-1, -1, 2, 1, 2, 1, -2, 1, -2, 1, 2, 1, 2, -1, -1, 2, -1, -1, -1, -2, -1, -2, -2, -2, 1, 1, 1, 1, 1]"
283,dfs_bnb_mpi,576.791,-19,20,141685367,"[-1, -1, -1, 2, 2, 2, 2, 1, 2, 1, 1, 1, -2, -1, -1, -2, -2, 1, 2, 1, -2, 1, -2, -1, -1, -1, -1, 2, 2]"
284,dfs_bnb_mpi,2196.22,-19,20,498178546,"[-1, -1, 2, -1, -2, -2, -2, -2, -2, 1, 2, 1, -2, 1, 2, 2, 1, -2, 1, 2, 2, 2, -1, -2, -1, -1, -1, -2, 1]"
285,dfs_bnb_mpi,3158.74,-18,19,752623563,"[-1, -1, 2, -1, -2, -2, -1, 2, -1, -2, -2, 1, -2, -1, -2, 1, 1, 2, 1, -2, 1, 2, 2, 1, 2, -1, -1, -2, -1]"
286,dfs_bnb_mpi,523.478,-19,19,116959788,"[-1, -2, 1, 1, 2, 1, -2, -2, -1, -2, 1, 1, 1, 2, -1, 2, 1, 2, -1, 2, -1, -1, -1, 2, 1, 1, 1, 1, -2]"
287,dfs_bnb_mpi,337.231,-18,19,76447094,"[-1, -1, 2, 1, 2, 2, 2, 1, 1, 1, -2, 1, -2, -1, -1, 2, -1, -2, -2, 1, 1, 1, -2, -1, -1, -2, -1, -1, -1]"
288,dfs_bnb_mpi,785.633,-19,20,186830865,"[-1, -1, 2, 1, 1, 2, 2, 1, -2, -2, 1, -2, -1, -2, -1, -1, -1, -1, -1, 2, 1, 2, -1, 2, 1, 1, 2, 1, -2]"
289,dfs_bnb_mpi,708.977,-19,20,170925455,"[-1, -2, 1, 1, 2, 1, 1, 1, -2, -1, -2, 1, 1, -2, -1, -1, -2, -1, 2, -1, -2, -1, 2, -1, 2, 1, 1, 1, 2]"
290,dfs_bnb_mpi,821.194,-18,19,191187565,"[-1, -1, 2, 2, 2, 2, 1, 1, -2, -1, -2, -2, 1, 2, 1, 2, 1, 2, -1, 2, 1, 2, -1, -1, -2, -1, 2, -1, -2]"
291,dfs_bnb_mpi,2137.73,-19,20,505546910,"[-1, -1, 2, 2, 2, 1, 2, 2, 2, 1, -2, 1, 1, -2, -2, -1, -2, 1, -2, -2, -1, 2, -1, -1, 2, 1, 2, 2, 1]"
292,dfs_bnb_mpi,4341.24,-18,19,947982575,"[-1, -1, 2, -1, 2, -1, -1, -1, -1, -2, 1, -2, -1, -2, 1, -2, 1, 2, 2, 2, 1, -2, 1, -2, 1, -2, -1, -1, 2]"
293,dfs_bnb_mpi,3550.96,-18,19,815504771,"[-1, -1, 2, 1, 1, 1, 2, 2, 1, 2, -1, -1, -1, -1, -1, -2, -1, -2, -2, -2, 1, 2, 2, 1, 2, 1, 1, -2, -1]"
294,dfs_bnb_mpi,2561.98,-19,20,598423569,"[-1, -2, 1, 1, 2, 1, 1, -2, 1, -2, -2, 1, -2, -1, -1, -1, -1, -1, 2, -1, 2, 1, 1, -2, 1, 1, 2, -1, 2]"
295,dfs_bnb_mpi,568.342,-19,20,138055135,"[-1, -1, 2, 2, 2, 2, 1, 2, 1, -2, -2, -1, -2, -2, 1, 2, 1, 2, 2, 2, 1, -2, 1, -2, -1, -2, -2, -1, -2]"
296,dfs_bnb_mpi,488.669,-18,19,108941310,"[-1, -1, 2, 2, 2, 2, 1, 2, 1, -2, 1, -2, 1, -2, -1, -1, 2, -1, -2, -2, 1, 1, 1, 1, -2, -1, -2, -1, 2]"
297,dfs_bnb_mpi,163.675,-19,20,39064898,"[-1, -1, 2, 2, 2, 1, 2, 2, 1, 1, -2, -1, -2, -2, -1, -2, 1, 1, 2, 2, 1, -2, -2, -2, -1, -2, -1, -1, -1]"
298,dfs_bnb_mpi,742.621,-19,20,183211205,"[-1, -1, 2, 2, -1, 2, 1, 1, 2, -1, 2, 1, 1, -2, -2, -2, 1, 2, 2, 1, -2, -2, -2, -2, -1, 2, -1, -1, 2]"
299,dfs_bnb_mpi,647.723,-19,20,157494821,"[-1, -1, 2, 1, 1, 1, 1, 2, 1, -2, 1, -2, -1, -1, -1, -2, 1, 1, 1, -2, -1, -1, -1, -1, 2, -1, -1, -2, 1]"
300,dfs_bnb_mpi,815.88,-17,18,193502446,"[-1, -1, 2, 2, 2, 2, 2, -1, -1, -1, -1, -2, 1, 1, 1, -2, -1, -1, -1, -2, 1, -2, 1, 2, 1, -2, -2, -1, -1]"
301,dfs_bnb_mpi,1023.7,-17,18,230306108,"[-1, -1, 2, 2, 2, 2, 2, 2, -1, -1, -2, 1, -2, -2, -1, 2, -1, -2, -2, 1, 1, -2, -1, -1, -2, 1, -2, 1, 2]"
302,dfs_bnb_mpi,1367.32,-19,20,347562741,"[-1, -1, 2, 2, 2, -1, -2, -1, -2, 1, -2, -2, 1, 1, 1, 1, 2, 2, 1, 2, 2, -1, -1, -1, -2, -2, 1, 2, 1]"
303,dfs_bnb_mpi,1549.05,-18,19,350730078,"[-1, -1, 2, -1, -2, -2, 1, -2, -1, -1, 2, 2, -1, -2, -2, -2, -2, 1, 2, 1, -2, 1, 2, 1, 1, 2, 2, -1, -2]"
304,dfs_bnb_mpi,450.024,-19,20,105966934,"[-1, -1, 2, 2, 2, 1, -2, -2, 1, 1, -2, -2, -1, -2, -1, 2, -1, -2, -1, 2, -1, 2, 1, 2, 2, 2, -1, -2, -2]"
305,dfs_bnb_mpi,1705.44,-19,20,373706009,"[-1, -1, 2, 2, 2, 1, 2, 1, 2, 1, -2, 1, 2, 1, -2, -2, -1, -1, -1, -2, 1, 1, -2, -2, -1, 2, -1, -1, 2]"
306,dfs_bnb_mpi,546.805,-18,18,122186293,"[-1, -1, 2, 2, 2, 1, 2, 2, 1, 1, -2, -1, -2, 1, 1, -2, -1, -1, -1, -2, 1, 1, -2, -2, -1, -1, -1, -1, 2]"
307,dfs_bnb_mpi,684.366,-19,20,171879375,"[-1, -2, 1, 1, 2, 1, 1, -2, -1, -2, 1, -2, -1, -2, -1, 2, 2, -1, -1, -1, -2, 1, 1, -2, -1, -2, 1, 1, 1]"
308,dfs_bnb_mpi,1267.86,-19,20,298914888,"[-1, -1, 2, 1, 2, 1, -2, 1, 1, 1, 1, -2, -2, -2, -1, 2, -1, -2, -1, -1, -1, -1, 2, 1, 1, 1, 2, 1, 1]"
309,dfs_bnb_mpi,178.268,-17,18,42771236,"[-1, -1, 2, 2, 2, 2, 1, -2, 1, -2, -1, -2, 1, 1, 2, 2, 2, -1, 2, -1, -1, -1, -2, -2, -2, -2, -1, 2, 2]"
310,dfs_bnb_mpi,2279.71,-19,20,500455941,"[-1, -1, -1, 2, 1, 1, 2, 1, -2, 1, -2, -2, -2, -1, -2, -2, -1, 2, 2, -1, -2, -2, -1, 2, 2, 2, 1, 1, 1]"
311,dfs_bnb_mpi,172.96,-19,19,44147529,"[-1, -1, 2, 2, 2, 1, 2, 1, -2, 1, -2, -1, -1, -2, 1, 1, -2, 1, 2, 1, 1, 2, 2, -1, -2, -1, 2, 2, -1]"
312,dfs_bnb_mpi,427.916,-18,19,102909076,"[-1, -1, 2, 2, 2, 1, 1, 1, 2, -1, -1, -1, 2, 1, 2, 1, -2, 1, 2, 1, -2, -2, -2, -2, -1, -1, -2, -1, 2]"
313,dfs_bnb_mpi,791.1,-19,19,173185299,"[-1, -1, 2, 2, 2, 2, 2, 2, 1, -2, 1, 1, -2, -2, 1, -2, -1, -1, 2, 2, -1, -2, -2, -2, 1, 1, 1, -2, -1]"
314,dfs_bnb_mpi,647.405,-19,20,164080899,"[-1, -1, 2, 1, 2, 2, 1, -2, -2, 1, 2, 2, 1, -2, -2, -2, -2, -2, -2, -1, 2, -1, -1, -1, 2, 1, 1, 1, 2]"
315,dfs_bnb_mpi,1420.6,-19,20,341073549,"[-1, -1, 2, 2, 2, 2, 2, 1, 2, 1, 1, -2, -1, -2, 1, 1, -2, -1, -2, 1, -2, -1, -1, -1, 2, 1, 2, -1, 2]"
316,dfs_bnb_mpi,1149.26,-19,20,288511507,"[-1, -1, 2, 1, 2, 2, 2, 1, 2, 1, -2, 1, 2, 1, -2, -2, -1, -2, 1, -2, -1, -2, -1, 2, 2, 2, -1, -2, -2]"
317,dfs_bnb_mpi,1097.47,-17,18,263692059,"[-1, -1, 2, 2, 2, 2, 2, 2, 2, 1, -2, -2, 1, -2, -1, -2, -2, -2, 1, 1, 2, -1, 2, 1, 2, 2, 2, -1, 2]"
318,dfs_bnb_mpi,1369.95,-19,20,324379474,"[-1, -1, 2, -1, -2, -2, 1, 1, 1, 1, 2, 2, 1, 2, 2, -1, 2, -1, -2, -1, 2, -1, -2, -2, 1, -2, 1, 2, 1]"
319,dfs_bnb_mpi,3164.13,-18,19,696459794,"[-1, -1, 2, 2, 2, 2, 2, 2, 1, -2, 1, -2, 1, 1, -2, -2, -2, -2, -1, 2, 2, 2, -1, -2, -2, -1, 2, 2, 2]"
320,dfs_bnb_mpi,517.546,-18,19,115525686,"[-1, -1, 2, 2, 2, 2, 2, 1, 1, -2, -1, -2, -2, -2, 1, 1, 1, 2, -1, -1, 2, 1, 2, 2, 1, -2, 1, -2, -1]"
321,dfs_bnb_mpi,592.483,-19,20,145613799,"[-1, -1, 2, 2, -1, -2, -1, 2, 2, 1, 1, 2, 1, -2, -2, -2, 1, 2, 2, 2, 1, -2, 1, -2, -1, -2, 1, -2, -1]"
322,dfs_bnb_mpi,885.084,-19,20,201494156,"[-1, -1, 2, 1, 2, 2, 1, 1, -2, -1, -2, 1, 1, -2, -1, -2, 1, -2, -1, -2, -1, 2, -1, -2, -1, 2, 2, 1, 1]"
323,dfs_bnb_mpi,354.179,-18,19,80125872,"[-1, -1, 2, 2, -1, 2, 1, 1, -2, -2, 1, 1, -2, -2, -2, -1, 2, -1, -2, -1, 2, -1, -1, 2, 1, 2, -1, 2, 2]"
324,dfs_bnb_mpi,1472.51,-19,20,370625026,"[-1, -1, 2, -1, 2, 1, 1, -2, 1, 2, 2, 2, 2, -1, -1, -1, -1, -2, -1, -2, -2, 1, 2, 1, 2, 1, 1, -2, -1]"
325,dfs_bnb_mpi,732.404,-18,18,172935352,"[-1, -1, 2, 2, 2, 2, 2, 1, 2, 1, 1, -2, -1, -2, -1, -2, 1, -2, 1, 2, 2, 1, -2, -2, -2, -1, -1, -1, 2]"
326,dfs_bnb_mpi,495.176,-18,18,118184316,"[-1, -1, 2, 2, 2, 2, 1, -2, -2, -2, 1, 2, 1, 2, -1, 2, 2, -1, -1, -1, -1, -2, 1, -2, -1, -2, 1, -2, -1]"
327,dfs_bnb_mpi,1814.22,-18,19,422530278,"[-1, -1, 2, 2, 2, 2, 2, 1, 1, 1, 1, -2, 1, -2, -1, -1, 2, -1, -2, -2, 1, 1, -2, -1, -1, -1, 2, 2, 2]"
328,dfs_bnb_mpi,499.282,-19,20,128799345,"[-1, -1, 2, 2, -1, -1, 2, 2, 2, 1, 1, -2, -1, -2, 1, 1, 2, 2, 1, -2, 1, -2, -2, -2, -1, -1, 2, 1, 2]"
329,dfs_bnb_mpi,708.734,-18,19,168199445,"[-1, -1, 2, 2, 2, 2, 1, -2, 1, -2, -1, -2, 1, 1, -2, -2, -1, -1, -1, -1, 2, -1, 2, 1, 2, -1, 2, 1, 2]"
330,dfs_bnb_mpi,861.104,-19,20,204108331,"[-1, -1, 2, 1, 1, 1, 2, -1, -1, 2, 1, 1, 1, 1, -2, -1, -2, 1, -2, -1, -1, -2, 1, -2, -1, -1, 2, -1, -1]"
331,dfs_bnb_mpi,1141.97,-18,19,287352087,"[-1, -1, 2, 2, 2, 2, 2, 2, 1, -2, 1, -2, -1, -2, -2, -2, 1, 1, 1, 2, -1, -1, 2, 1, 1, 2, 2, -1, -2]"
332,dfs_bnb_mpi,807.703,-19,20,180099693,"[-1, -1, 2, 1, 2, 1, 1, 2, -1, 2, -1, -2, -1, -2, -1, -1, -2, 1, -2, -1, -2, 1, 1, 1, 1, 1, 2, 2, -1]"
333,dfs_bnb_mpi,616.13,-19,20,152891430,"[-1, -1, 2, 2, -1, -2, -2, -1, 2, 2, -1, 2, 1, 2, 1, -2, 1, 2, 1, 1, 1, -2, -2, -1, 2, -1, -2, -2, 1]"
334,dfs_bnb_mpi,2384.44,-19,20,596174908,"[-1, -2, 1, -2, 1, 1, 1, 1, 2, -1, 2, 1, 2, -1, 2, -1, -1, -1, -1, -1, -2, 1, 1, 1, 1, -2, -1, -2, 1]"
335,dfs_bnb_mpi,1126.95,-19,20,273418856,"[-1, -1, 2, 2, 2, 1, 1, 2, -1, -1, -1, -2, -2, -2, -1, -2, 1, -2, 1, 1, 1, 1, 2, 2, 2, -1, -1, -2, 1]"
336,dfs_bnb_mpi,3622.49,-18,19,796098213,"[-1, -1, 2, 2, 2, -1, -1, -1, -1, -2, -2, -2, 1, -2, -2, 1, 1, 1, 2, -1, 2, 2, 2, -1, -1, -2, 1, -2, -2]"
337,dfs_bnb_mpi,5447.9,-18,19,1194664597,"[-1, -2, -1, -2, 1, 1, 2, 1, 2, 1, 1, 1, -2, -2, -2, -2, -1, -1, 2, 1, 2, 2, -1, -2, -1, -2, -1, -1, -1]"
338,dfs_bnb_mpi,283.115,-19,20,68281336,"[-1, -1, 2, -1, 2, 2, 1, -2, 1, -2, 1, 1, 2, -1, 2, -1, 2, -1, 2, 1, 1, -2, 1, -2, 1, -2, -2, -2, -1]"
339,dfs_bnb_mpi,2901.53,-19,20,637096584,"[-1, -2, 1, 1, 2, 1, 1, 1, -2, 1, -2, -1, -2, -1, -1, -2, -1, 2, -1, -2, -1, 2, 2, 1, 1, 1, 2, 1, -2]"
340,dfs_bnb_mpi,1432.92,-18,19,358326366,"[-1, -1, 2, 2, 2, 2, 1, -2, 1, -2, -1, -2, 1, 1, 2, 1, -2, -2, -1, -2, -1, -1, -1, -1, 2, 2, 2, 2, 2]"
341,dfs_bnb_mpi,960.742,-19,20,232502297,"[-1, -2, 1, 1, -2, 1, -2, -1, -1, 2, -1, -2, -1, 2, 2, -1, -2, -2, -2, 1, -2, 1, 1, 1, 1, 2, -1, -1, -1]"
342,dfs_bnb_mpi,700.156,-19,20,168991851,"[-1, -1, 2, 2, 2, 1, 2, 1, -2, -2, -1, -2, 1, 1, -2, 1, 2, 1, 2, 2, -1, -2, -1, 2, 2, 1, 2, -1, -1]"
343,dfs_bnb_mpi,615.026,-19,20,136616647,"[-1, -2, -1, -1, -2, 1, -2, -1, -2, 1, 1, 2, 2, 1, 2, 1, 2, 1, -2, -2, -1, -2, -1, -2, 1, 1, 1, 2, -1]"
344,dfs_bnb_mpi,825.087,-18,19,210247138,"[-1, -1, 2, 2, 2, 1, 2, 1, 2, 1, 1, -2, -1, -2, -1, -2, 1, 1, 2, 1, -2, -2, -1, -2, -1, 2, -1, -1, 2]"
345,dfs_bnb_mpi,917.86,-18,19,220327998,"[-1, -1, 2, 2, 2, 2, 1, -2, -2, -2, 1, 1, 2, -1, 2, 2, 2, -1, -1, -1, -1, -2, -2, -2, -2, 1, 2, 2, 2]"
346,dfs_bnb_mpi,1736.96,-19,20,419889576,"[-1, -1, 2, 1, 1, 2, -1, 2, -1, -2, -1, -2, -1, -2, -2, -2, 1, -2, 1, 1, 1, 2, 2, -1, -2, -1, 2, -1, 2]"
347,dfs_bnb_mpi,277.085,-19,20,70662583,"[-1, -1, 2, 2, 1, -2, 1, 1, 2, -1, 2, -1, -1, 2, 1, 1, 1, -2, 1, 1, 1, -2, -1, -1, -2, 1, -2, -1, -1]"
348,dfs_bnb_mpi,594.057,-18,18,151074828,"[-1, -1, 2, 2, 2, 1, 1, 1, -2, -1, -1, -2, 1, 1, -2, -2, -1, -1, -1, -1, -1, -1, 2, 2, 1, -2, 1, 2, 2]"
349,dfs_bnb_mpi,825.975,-19,20,181893274,"[-1, -1, 2, 1, 2, 1, -2, 1, 2, 1, 1, -2, -1, -2, 1, 1, -2, -2, -1, 2, -1, -2, -1, -1, -1, 2, 1, 1, 2]"
350,dfs_bnb_mpi,259.226,-19,20,60997151,"[-1, -2, -1, 2, -1, -2, -2, 1, 1, -2, 1, 2, 2, 1, -2, -2, -2, -2, -1, 2, -1, -1, 2, -1, -2, -2, 1, 1, -2]"
351,dfs_bnb_mpi,520.78,-19,20,125147062,"[-1, -1, 2, 2, 2, 1, 2, 2, 1, -2, 1, 2, 1, -2, -2, -1, -1, -2, 1, 1, 1, -2, -1, -2, -1, 2, -1, -1, 2]"
352,dfs_bnb_mpi,1204.02,-19,20,302790837,"[-1, -1, -1, 2, 1, 1, 1, 1, -2, -2, 1, -2, -2, -1, 2, -1, -1, -2, 1, -2, -1, -1, 2, 2, -1, 2, 1, 1, 1]"
353,dfs_bnb_mpi,979.636,-18,19,236243282,"[-1, -1, 2, 2, 2, -1, -1, -1, -2, 1, 1, -2, -1, -1, -1, -2, 1, 1, -2, -1, -2, 1, 1, 1, 1, 2, -1, -1, 2]"
354,dfs_bnb_mpi,779.599,-18,19,177675467,"[-1, -1, 2, 2, 1, -2, 1, 1, -2, -2, 1, -2, -1, -2, -1, -1, -1, -1, 2, 1, 1, 1, 2, -1, -1, -1, 2, 2, 2]"
355,dfs_bnb_mpi,854.385,-19,20,202885404,"[-1, -1, 2, 2, 1, -2, 1, 2, 2, 1, 1, 1, -2, -1, -1, -2, 1, 1, -2, -1, -1, -2, -1, -1, -2, 1, 1, 1, 2]"
356,dfs_bnb_mpi,402.355,-19,19,93775271,"[-1, -1, 2, 2, 2, 2, -1, -2, -2, -2, -1, 2, 2, 2, 2, 1, 1, 1, 1, -2, -2, -2, 1, -2, -1, -1, 2, 2, 2]"
357,dfs_bnb_mpi,509.948,-19,20,127110092,"[-1, -1, 2, 2, 1, -2, 1, 1, 1, 1, -2, -1, -1, -2, -1, -1, -1, -2, 1, 1, -2, 1, 2, 1, -2, 1, 2, 2, -1]"
358,dfs_bnb_mpi,520.998,-17,18,115456305,"[-1, -1, 2, 2, 2, 2, 2, 1, -2, 1, 2, 1, -2, 1, 1, -2, -1, -1, -1, -1, -2, -2, 1, 2, 1, 1, -2, -1, -2]"
359,dfs_bnb_mpi,1464.98,-18,19,351547089,"[-1, -1, 2, 2, 2, 1, 2, 1, 1, -2, -2, 1, 2, 2, 1, -2, -2, 1, -2, -1, -1, -2, -1, 2, -1, -1, 2, 1, 2]"
360,dfs_bnb_mpi,902.428,-18,19,204762401,"[-1, -1, 2, 2, 1, -2, 1, 1, -2, 1, 2, 1, 2, 2, 2, -1, -1, -2, 1, -2, -1, -1, 2, 2, -1, -2, -1, 2, 2]"
361,dfs_bnb_mpi,3134.42,-18,19,708477307,"[-1, -1, 2, 2, 1, -2, 1, 2, 2, 1, 1, 1, -2, -2, -2, -2, -2, -1, 2, 2, 2, 2, -1, -2, -2, -2, -1, -1, -1]"
362,dfs_bnb_mpi,1400.23,-19,20,362421744,"[-1, -1, 2, 2, 1, -2, 1, 2, 2, 1, 1, 1, -2, -1, -1, -2, 1, 1, -2, 1, -2, -1, -1, 2, -1, -2, -1, -1, -1]"
363,dfs_bnb_mpi,380.693,-19,20,96721830,"[-1, -1, 2, 1, 2, 2, -1, -2, -1, 2, -1, -2, -2, 1, -2, -2, -2, 1, 2, 1, 1, 1, 2, 2, -1, 2, 2, 1, -2]"
364,dfs_bnb_mpi,120.489,-19,19,30336314,"[-1, -1, 2, 2, 2, 1, -2, -2, 1, 2, 2, 2, 2, -1, -2, -1, 2, -1, -2, -2, -1, -2, -1, -2, 1, -2, 1, 2, 2]"
365,dfs_bnb_mpi,716.467,-19,20,179138232,"[-1, -1, 2, 2, 2, 1, -2, -2, 1, 2, 2, 2, -1, 2, -1, -2, -1, -2, -1, -1, -2, 1, -2, -1, -2, 1, 1, 2, 2]"
366,dfs_bnb_mpi,356.272,-18,19,89096736,"[-1, -1, 2, 1, 2, 1, -2, 1, 2, 1, -2, -2, -1, -2, 1, -2, -1, -2, -1, 2, -1, -2, -1, -1, 2, 1, 2, 1, 1]"
367,dfs_bnb_mpi,360.726,-19,20,94090545,"[-1, -1, 2, 1, 1, 1, -2, 1, -2, -1, -1, -2, -1, 2, -1, -2, -2, 1, -2, 1, 1, 1, 1, 2, -1, 2, -1, -2, -1]"
368,dfs_bnb_mpi,569.514,-19,20,137772239,"[-1, -1, 2, 2, 2, 1, -2, -2, 1, 2, 1, 1, -2, -1, -2, 1, -2, -1, -2, -2, -1, 2, 2, -1, -1, -2, -2, 1, 2]"
369,dfs_bnb_mpi,346.253,-19,20,87337204,"[-1, -1, 2, 2, 1, -2, 1, 2, 1, 1, -2, -1, -2, 1, -2, -1, -2, 1, -2, -1, -1, -1, -1, 2, 2, 1, 1, -2, -1]"
370,dfs_bnb_mpi,888.856,-19,20,198726977,"[-1, -1, 2, 1, 2, -1, 2, 1, 2, -1, 2, 1, 1, -2, 1, 2, 1, -2, -2, -1, -1, -2, -2, 1, 2, 1, -2, -2, -1]"
371,dfs_bnb_mpi,2227.45,-18,19,533150294,"[-1, -1, 2, 1, 1, 1, -2, 1, -2, -1, -2, -2, -1, 2, 2, -1, -1, -2, 1, -2, -1, -1, 2, 2, 2, 2, -1, -2, -2]"
372,dfs_bnb_mpi,169.471,-19,20,40051135,"[-1, -1, 2, 1, 2, 2, 1, -2, -2, 1, -2, -2, -2, -1, 2, -1, -1, -1, 2, 2, 2, 1, 2, 2, 1, 1, 1, -2, -2]"
373,dfs_bnb_mpi,373.752,-18,19,89299978,"[-1, -1, 2, 2, 2, 1, -2, -2, 1, 1, 2, -1, 2, 1, 2, 2, -1, -2, -1, -1, -1, -1, -2, 1, -2, -1, -2, 1, -2]"
374,dfs_bnb_mpi,668.033,-19,20,162273941,"[-1, -1, 2, 1, 2, 2, -1, -2, -1, -2, -2, -2, 1, 1, -2, 1, 2, 1, -2, 1, 2, 2, -1, 2, 1, 2, -1, -1, -2]"
375,dfs_bnb_mpi,433.013,-18,19,100759496,"[-1, -1, 2, 2, 2, 2, 1, -2, -2, -2, 1, 1, -2, 1, 1, 2, -1, 2, 1, 2, -1, 2, -1, -2, -2, -1, 2, 2, 2]"
376,dfs_bnb_mpi,3516.19,-18,19,777610075,"[-1, -1, 2, -1, -1, -1, -2, -2, -2, 1, -2, -2, 1, 1, -2, 1, 2, 2, 2, 2, -1, -2, -2, -1, 2, 2, 2, -1, -2]"
377,dfs_bnb_mpi,421.714,-19,20,98536791,"[-1, -1, 2, 1, 2, 1, -2, 1, 2, 1, -2, 1, 1, -2, -1, -1, -1, -2, 1, 1, 1, -2, -1, -1, -1, -1, -1, 2, 1]"
378,dfs_bnb_mpi,2079.31,-19,20,461907242,"[-1, -1, 2, -1, 2, 2, 2, 1, 1, -2, 1, 2, 2, 1, -2, -2, 1, -2, -2, -2, -1, 2, 2, -1, -2, -1, 2, -1, 2]"
379,dfs_bnb_mpi,140.343,-19,20,33091214,"[-1, -1, 2, 2, 1, -2, 1, 2, 2, -1, 2, -1, -2, -1, 2, -1, -2, -2, 1, -2, -1, -2, 1, -2, 1, -2, 1, 2, 1]"
380,dfs_bnb_mpi,90.0332,-19,20,22086227,"[-1, -1, 2, 1, 1, 1, 2, -1, 2, -1, -2, -1, 2, -1, -1, -2, 1, -2, -1, -2, 1, -2, 1, 1, 1, 1, 2, 1, 2]"
381,dfs_bnb_mpi,787.733,-18,19,192081056,"[-1, -1, 2, 2, 2, 2, 1, 1, -2, -1, -2, -2, 1, 2, 1, 2, 2, 2, 1, -2, 1, -2, -1, -2, 1, -2, -1, -1, -2]"
382,dfs_bnb_mpi,309.523,-19,20,72444589,"[-1, -1, 2, 2, 2, 1, 1, 1, -2, -1, -1, -2, 1, 1, -2, 1, -2, -1, -1, -1, -2, 1, 1, -2, -1, -1, -1, 2, 2]"
383,dfs_bnb_mpi,5091.08,-17,18,1220068475,"[-1, -1, 2, 2, 2, -1, -1, 2, -1, -2, -2, 1, 1, -2, -1, -1, -2, 1, -2, -1, -2, 1, 1, 1, 1, 2, -1, -1, 2]"
384,dfs_bnb_mpi,1301.44,-18,19,302638053,"[-1, -1, 2, 2, 2, 1, 1, 2, -1, -1, -1, -2, -2, -2, -2, -1, -2, 1, 1, 1, 1, 1, 2, 2, 2, -1, -1, -2, 1]"
385,dfs_bnb_mpi,2913.83,-18,19,744252540,"[-1, -1, 2, 2, 1, -2, 1, 2, 2, 2, -1, -2, -1, 2, -1, -2, -1, -1, -2, -1, -2, 1, 1, 2, 1, -2, -2, -1, -1]"
386,dfs_bnb_mpi,112.834,-18,19,28379418,"[-1, -1, 2, 2, 2, 2, 1, -2, -2, -2, 1, 2, 2, 2, 1, -2, 1, 2, 1, -2, -2, -2, -1, 2, -1, -2, -2, 1, 1]"
387,dfs_bnb_mpi,1249.65,-18,19,320900038,"[-1, -1, 2, 2, 2, -1, -1, -1, -1, -2, 1, 1, 1, -2, -1, -1, -1, -2, 1, -2, -2, 1, 1, 1, 2, -1, 2, -1, -2]"
388,dfs_bnb_mpi,1875.4,-19,20,435772752,"[-1, -1, 2, 2, 2, 1, -2, -2, 1, 2, 1, -2, 1, 1, -2, -1, -2, 1, -2, -1, -1, -1, -1, -1, 2, 1, 1, 1, 2]"
389,dfs_bnb_mpi,338.976,-19,20,78538638,"[-1, -1, 2, 1, 2, 2, 1, 1, -2, -1, -2, 1, -2, 1, -2, -1, -1, -2, -1, 2, -1, -2, -1, 2, 2, 2, 2, 1, 2]"
390,dfs_bnb_mpi,731.617,-19,20,179789099,"[-1, -1, 2, 1, 1, 1, -2, 1, 2, 2, -1, -1, -1, -1, 2, 1, 1, 2, -1, 2, 1, 1, 1, -2, 1, -2, -1, -1, 2]"
391,dfs_bnb_mpi,2307.59,-19,20,520759525,"[-1, -1, 2, -1, 2, 2, 2, 1, 2, 2, 1, -2, -2, 1, 2, 1, -2, -2, -1, -1, -1, -2, 1, -2, 1, 2, 1, -2, -2]"
392,dfs_bnb_mpi,831.295,-19,20,183326518,"[-1, -1, 2, 1, 2, 2, -1, -2, -1, -2, -2, -2, -2, 1, 2, 1, -2, 1, 2, 1, 1, 2, 2, 2, -1, -1, -2, 1, -2]"
393,dfs_bnb_mpi,860.204,-19,20,201850414,"[-1, -1, 2, 2, -1, 2, 1, 1, 1, -2, -1, -2, 1, 1, -2, -2, -1, -1, -2, -1, 2, -1, 2, 2, -1, -2, -2, -2, 1]"
394,dfs_bnb_mpi,1250.15,-17,18,272532213,"[-1, -1, 2, 2, 2, 2, 2, 2, 1, -2, 1, 1, 1, -2, -2, -2, -1, 2, 2, -1, -1, -2, 1, -2, -1, -2, 1, 1, 1]"
395,dfs_bnb_mpi,595.805,-18,19,134466795,"[-1, -2, 1, 1, -2, 1, -2, -1, -2, 1, -2, -1, -1, 2, 2, 2, -1, -1, 2, -1, -2, -2, -2, 1, 2, 1, -2, -2, -1]"
396,dfs_bnb_mpi,2301.89,-19,20,545247933,"[-1, -2, 1, 1, 2, 2, 2, -1, -2, -1, 2, 2, 1, 1, 1, 1, 1, -2, -2, -2, -2, -1, 2, 2, 2, -1, -2, -2, -2]"
397,dfs_bnb_mpi,1040.56,-19,20,259543755,"[-1, -1, 2, 2, 2, 1, 2, 1, -2, 1, 2, 2, 1, -2, 1, -2, -1, -2, 1, -2, -1, -2, -1, 2, 2, -1, -1, -2, 1]"
398,dfs_bnb_mpi,323.282,-19,20,71543035,"[-1, -1, 2, 2, 2, 1, 2, 2, 1, -2, 1, 1, 1, -2, -1, -1, -1, -2, -1, -2, 1, 1, -2, 1, 2, 1, 2, -1, -1]"
399,dfs_bnb_mpi,266.301,-18,18,67019449,"[-1, -1, 2, 2, 2, 1, 1, 1, -2, -1, -1, -2, 1, 1, -2, -2, -1, -2, -1, 2, -1, -1, -1, 2, 1, 2, 2, 2, 2]"
400,dfs_bnb_mpi,458.667,-19,20,111122760,"[-1, -1, 2, 2, 2, 1, 2, 1, 1, 1, 2, 1, -2, -2, -1, -1, -1, -2, 1, 1, 1, -2, -1, -2, -1, 2, -1, -1, 2]"
401,dfs_bnb_mpi,336.277,-18,19,77803017,"[-1, -1, 2, 1, 2, 2, -1, -2, -1, 2, -1, -2, -2, 1, -2, -2, -1, 2, -1, 2, 2, 2, -1, -2, -2, -2, -2, 1, -2]"
402,dfs_bnb_mpi,422.342,-19,20,100981241,"[-1, -1, 2, 2, 1, -2, 1, 2, 1, -2, 1, -2, -1, -2, -2, -1, 2, -1, -2, -1, -1, -1, 2, 2, 2, 1, -2, -2, 1]"
403,dfs_bnb_mpi,251.361,-18,19,62900952,"[-1, -1, 2, 2, 1, -2, 1, 2, 1, 1, 1, -2, -1, -1, -2, 1, 1, -2, -1, -1, -1, -1, -1, -1, -2, 1, 1, 1, 1]"
404,dfs_bnb_mpi,2972.96,-18,19,680462797,"[-1, -1, 2, 2, 2, 1, 2, 2, 1, 1, 1, 1, -2, -1, -2, 1, -2, -1, -2, -1, 2, 2, 2, -1, -2, -2, -1, -2, 1]"
405,dfs_bnb_mpi,800.318,-19,20,184508350,"[-1, -1, 2, 2, -1, -1, -2, 1, -2, -2, 1, -2, 1, 2, 1, -2, 1, 2, 1, 2, -1, 2, 1, 2, -1, -1, -1, -2, 1]"
406,dfs_bnb_mpi,481.53,-19,20,110967073,"[-1, -2, 1, 1, -2, 1, 2, 2, 2, 2, 1, -2, -2, -2, -2, 1, 2, 2, 2, 2, 2, -1, -1, -1, -2, -1, -2, 1, -2]"
407,dfs_bnb_mpi,1675.18,-19,20,417676644,"[-1, -1, 2, 2, 1, -2, 1, 2, 1, -2, 1, -2, -2, 1, -2, -1, -1, -2, -1, -1, -1, 2, 2, 1, -2, 1, 2, 1, 2]"
408,dfs_bnb_mpi,949.674,-19,20,223511449,"[-1, -1, 2, -1, -2, -2, 1, -2, 1, 2, 1, 1, 1, 2, 2, 2, 2, -1, -2, -1, 2, -1, -1, -2, 1, -2, 1, 1, -2]"
409,dfs_bnb_mpi,753.878,-18,19,170318125,"[-1, -1, 2, 2, 2, 2, 2, 1, 1, 2, 1, -2, 1, -2, -1, -1, -1, -2, 1, 1, 1, -2, -1, -1, -1, -2, 1, 1, 1]"
410,dfs_bnb_mpi,493.946,-19,20,126230262,"[-1, -1, 2, 2, 2, 1, -2, -2, 1, 2, 1, -2, -2, -2, -1, -1, -1, -1, 2, -1, -1, 2, 2, 1, 2, 1, -2, -2, -1]"
411,dfs_bnb_mpi,749.912,-19,20,169740614,"[-1, -1, 2, 2, -1, -2, -2, -2, 1, -2, -2, 1, -2, 1, 2, 1, 2, -1, -1, 2, 1, 1, 2, 2, 2, -1, -1, -2, 1]"
412,dfs_bnb_mpi,1943.76,-19,20,450932092,"[-1, -1, 2, 1, 2, 1, 1, 1, -2, 1, -2, -1, -2, -2, -1, -2, -1, -1, -1, 2, 2, 1, -2, 1, 2, 1, 2, 2, -1]"
413,dfs_bnb_mpi,2111.49,-17,18,476863844,"[-1, -1, 2, 2, 2, 2, 2, 1, 1, 1, 2, 1, -2, -2, -1, -1, -1, -2, 1, 1, -2, -1, -1, -2, 1, 1, 1, 2, 2]"
414,dfs_bnb_mpi,120.93,-18,19,27574257,"[-1, -1, 2, 2, -1, -2, -1, 2, 2, 1, 2, -1, 2, 1, 1, 1, -2, -1, -2, 1, -2, -2, 1, 2, 1, 2, -1, 2, 2]"
415,dfs_bnb_mpi,1193.52,-18,19,284104682,"[-1, -1, 2, 2, 1, -2, 1, 2, 2, 1, -2, -2, 1, 2, 1, -2, -2, -2, -2, -1, 2, 2, -1, -2, -1, -1, -2, 1, 1]"
416,dfs_bnb_mpi,2123.95,-19,20,512179381,"[-1, -1, 2, 2, 1, -2, 1, 2, 2, -1, 2, 1, 1, -2, 1, 2, 1, -2, 1, -2, -1, -1, -1, -2, 1, 1, -2, -1, -1]"
417,dfs_bnb_mpi,160.705,-19,20,37590779,"[-1, -1, 2, 2, -1, -2, -2, -2, 1, 1, 1, 1, 2, 2, -1, -1, 2, 1, 1, 2, 2, -1, -2, -1, 2, 2, -1, -2, -2]"
418,dfs_bnb_mpi,146.862,-19,20,33609403,"[-1, -1, 2, 2, 1, -2, 1, 2, 2, -1, 2, 1, 2, 1, -2, 1, -2, -1, -2, -2, -2, 1, 2, 2, 1, 2, 2, 2, -1]"
419,dfs_bnb_mpi,942.331,-19,20,208745422,"[-1, -1, 2, -1, 2, 2, 2, 1, 2, 1, 1, 1, 1, -2, -1, -1, -1, -2, -1, -2, 1, -2, 1, 2, 2, 1, 1, -2, -1]"
420,dfs_bnb_mpi,764.428,-18,19,169802024,"[-1, -1, 2, 2, 2, 2, 1, 1, 2, 1, -2, 1, 1, -2, -2, -2, -1, 2, 2, -1, -1, -1, -2, -2, 1, 2, 1, -2, -2]"
421,dfs_bnb_mpi,2432.64,-17,18,538073166,"[-1, -1, 2, 2, 2, 2, 2, 1, 2, 1, -2, 1, 1, -2, 1, -2, -1, -1, 2, -1, -1, -2, 1, -2, 1, -2, -1, -1, 2]"
422,dfs_bnb_mpi,605.292,-19,19,148287238,"[-1, -1, 2, 2, 2, 1, 2, -1, 2, -1, -2, -2, -2, -2, -2, -2, 1, 1, 1, 1, 2, 2, 2, 2, -1, -2, -1, -2, 1]"
423,dfs_bnb_mpi,1515.32,-19,20,348538753,"[-1, -2, -2, -2, -2, 1, 2, 2, 2, 1, 2, 1, -2, 1, 2, 1, 1, -2, -1, -2, -2, -1, -1, -2, -1, 2, 2, 1, 1]"
424,dfs_bnb_mpi,1981.64,-19,20,513401491,"[-1, -2, 1, 1, 2, 1, 1, -2, -1, -2, 1, -2, -1, -1, -2, -1, -1, -1, 2, -1, 2, 2, 1, -2, 1, -2, 1, 2, 1]"
425,dfs_bnb_mpi,564.915,-18,19,129963230,"[-1, -1, 2, 2, 2, -1, -2, -2, -1, 2, 2, -1, -2, -2, -2, 1, 1, -2, 1, 1, -2, -1, -1, -1, -2, -1, 2, 2, 1]"
426,dfs_bnb_mpi,3061.5,-18,19,700748929,"[-1, -1, 2, 2, 2, 2, 1, 1, 1, -2, 1, 2, 1, -2, -2, -1, -2, 1, -2, -1, -1, 2, 2, -1, 2, -1, -2, -2, 1]"
427,dfs_bnb_mpi,37.2202,-18,19,9155612,"[-1, -1, 2, 2, 2, 1, 1, 2, 1, -2, -2, -1, -1, -2, 1, 1, -2, 1, 2, 2, 2, 2, 2, -1, -1, -1, -2, -1, 2]"
428,dfs_bnb_mpi,5277.6,-17,18,1222092992,"[-1, -1, 2, 2, 2, -1, -1, -2, -1, -1, -2, -2, -2, -2, 1, 2, 1, -2, 1, 1, 2, -1, 2, -1, -1, 2, 1, 1, 2]"
429,dfs_bnb_mpi,2469.87,-18,19,626367651,"[-1, -1, 2, 2, 1, -2, 1, 2, 2, 1, 1, -2, -2, -2, -2, -2, -1, -2, -1, 2, -1, -1, 2, 1, 1, 1, 2, 2, 2]"
430,dfs_bnb_mpi,787.326,-19,20,179603623,"[-1, -1, 2, 2, 1, -2, 1, 2, 2, -1, 2, 2, 1, -2, 1, 1, 1, -2, -1, -1, -2, 1, -2, -1, -2, 1, 1, 2, 2]"
431,dfs_bnb_mpi,2878.95,-18,19,659560529,"[-1, -1, 2, 2, 2, 2, 2, 1, 1, 1, 2, 1, -2, -2, -1, -2, 1, -2, -2, -1, 2, -1, 2, 2, -1, -2, -2, -2, 1]"
432,dfs_bnb_mpi,1719.56,-19,20,403070366,"[-1, -2, 1, 1, -2, -1, -1, -1, 2, -1, -2, -2, 1, 1, 1, 1, -2, -2, -1, 2, -1, -2, -2, -1, 2, 2, -1, -2, -2]"
433,dfs_bnb_mpi,666.057,-19,20,158385434,"[-1, -2, 1, 1, 2, 2, 1, 2, 1, -2, 1, -2, -1, -1, -2, -2, 1, 2, 1, -2, -2, -1, -1, -1, -1, -1, 2, 1, 1]"
434,dfs_bnb_mpi,4001.07,-18,19,875315927,"[-1, -1, 2, -1, -1, 2, 1, 1, 2, -1, 2, 2, 1, -2, 1, 2, 1, -2, 1, -2, -1, -1, -2, -2, 1, 2, 1, -2, -2]"
435,dfs_bnb_mpi,1603,-18,19,355683717,"[-1, -1, 2, 2, -1, -1, -1, -1, -1, -2, -2, -2, 1, 2, 2, 1, 1, 1, -2, -1, -1, -2, 1, 1, 1, -2, -1, -1, -1]"
436,dfs_bnb_mpi,417.061,-19,20,98010306,"[-1, -1, 2, 2, 2, 2, 1, -2, 1, 2, 1, 1, -2, -1, -2, -1, -1, -2, 1, 1, -2, 1, -2, 1, 2, 2, 2, -1, -2]"
437,dfs_bnb_mpi,738.622,-18,19,171554447,"[-1, -1, 2, 2, 2, 2, 2, 2, 1, 1, 1, -2, -1, -1, -2, -2, -2, -2, 1, 2, 2, 2, 1, 1, -2, -1, -2, -2, -2]"
438,dfs_bnb_mpi,2658.09,-19,20,585862667,"[-1, -2, 1, 1, 2, 2, 1, -2, 1, 1, 1, -2, -1, -2, 1, -2, -1, -1, 2, 2, -1, -2, -1, -1, -1, -2, 1, 1, 1]"
439,dfs_bnb_mpi,1368.66,-18,19,303119903,"[-1, -1, 2, 2, 2, 2, 2, 1, 1, 1, 1, 1, -2, -2, -2, -1, 2, 2, -1, -1, -1, -2, 1, 1, -2, -1, -2, -1, 2]"
440,dfs_bnb_mpi,1224.41,-18,19,292935972,"[-1, -1, 2, 2, 2, 1, 2, 1, 1, -2, -1, -2, -1, -2, 1, 1, 2, 1, -2, 1, 2, 2, -1, 2, 1, 2, -1, -1, -1]"
441,dfs_bnb_mpi,551.301,-18,19,137320638,"[-1, -1, 2, -1, -2, -1, 2, 2, 2, -1, -2, -2, -2, -1, 2, 2, 2, 2, 1, 1, 1, -2, -2, 1, 2, 1, -2, -2, 1]"
442,dfs_bnb_mpi,234.096,-19,19,61637445,"[-1, -1, 2, 2, 2, 2, 1, -2, -2, -2, 1, 2, 2, 2, 2, -1, 2, -1, -2, -1, -2, -2, -1, -2, -2, -2, 1, 2, 2]"
443,dfs_bnb_mpi,1152.13,-19,20,273749664,"[-1, -2, 1, 1, 2, 2, 1, -2, 1, 2, 1, -2, 1, -2, -1, -1, -2, 1, -2, -1, -1, -1, -1, -1, 2, 1, 1, 1, 2]"
444,dfs_bnb_mpi,401.133,-18,19,101617849,"[-1, -1, 2, 1, 2, 1, -2, 1, 2, 1, -2, 1, -2, -1, -1, -2, -1, -1, -1, -1, -2, 1, 1, 1, 1, 1, 2, 1, 1]"
445,dfs_bnb_mpi,1137.43,-19,20,269025478,"[-1, -1, 2, 2, -1, -2, -2, -2, 1, 1, 1, 1, 2, 2, 1, 2, -1, 2, 2, -1, -1, -1, -2, 1, 1, -2, -1, -2, 1]"
446,dfs_bnb_mpi,3827.6,-19,20,842638757,"[-1, -2, -2, -2, 1, 1, 1, 1, 2, 2, 2, 2, 2, 2, -1, -2, -1, -1, -2, 1, 1, -2, -1, -2, 1, -2, -1, -1, 2]"
447,dfs_bnb_mpi,134.813,-19,20,32055592,"[-1, -1, 2, 1, 1, 1, -2, 1, -2, -1, -1, -1, -1, -2, 1, 1, 1, 1, -2, -2, -1, 2, -1, -1, -1, -2, 1, 1, -2]"
448,dfs_bnb_mpi,502.449,-17,18,123206031,"[-1, -1, 2, 2, 2, 2, 1, -2, -2, -2, 1, 2, 2, 2, 2, -1, -1, -1, -2, -2, -1, -2, -2, -1, -2, 1, 1, 2, 2]"
449,dfs_bnb_mpi,1287.7,-18,19,284311263,"[-1, -1, 2, 2, 1, -2, 1, 1, -2, -2, -1, -2, 1, -2, -1, -1, 2, 2, -1, -2, -1, 2, -1, 2, 1, 2, 2, -1, -2]"
450,dfs_bnb_mpi,3248.42,-18,19,707856442,"[-1, -1, 2, 2, 2, 2, 2, 2, 1, -2, 1, 1, 1, 1, -2, -1, -2, -1, 2, -1, -1, -2, 1, -2, 1, -2, -1, -1, 2]"
451,dfs_bnb_mpi,614.59,-19,20,153231866,"[-1, -1, 2, 2, -1, -2, -2, -2, -2, -2, 1, 2, 2, 1, -2, -2, -2, 1, 2, 1, 2, -1, 2, 1, 2, 2, -1, -1, 2]"
452,dfs_bnb_mpi,1081.07,-19,20,260410537,"[-1, -1, 2, 2, -1, -2, -2, -2, -2, -2, 1, 2, 2, 1, -2, 1, 2, 1, 2, 2, 2, 2, -1, -2, -2, -1, 2, 2, -1]"
453,dfs_bnb_mpi,816.339,-17,18,222919772,"[-1, -1, 2, 2, 2, 2, 2, 2, 1, -2, -2, -2, -2, -2, 1, 2, 1, 2, 2, 2, 2, 2, 2, -1, -2, -2, -2, -2, -2]"
454,dfs_bnb_mpi,3453.02,-18,19,757122761,"[-1, -1, 2, 2, -1, -2, -1, -1, -1, -2, -2, 1, 1, -2, -1, -2, 1, 1, 2, 1, -2, 1, 2, 2, -1, -1, 2, -1, -1]"
455,dfs_bnb_mpi,1156.61,-18,18,255341378,"[-1, -2, -1, 2, 2, 1, 2, -1, 2, -1, -1, -1, -2, -1, -2, 1, 1, 2, 1, -2, -2, -1, -1, -1, -2, 1, 1, 1, -2]"
456,dfs_bnb_mpi,694.705,-18,19,165515769,"[-1, -1, 2, 2, 2, 2, 1, -2, -2, -2, 1, 1, 1, 2, 2, -1, -2, -1, 2, 2, 1, 2, -1, -1, -1, -1, -2, -2, -2]"
457,dfs_bnb_mpi,322.216,-19,20,73630434,"[-1, -1, 2, 1, 2, 1, -2, 1, 1, -2, -1, -2, 1, -2, -1, -1, 2, -1, -1, -2, 1, -2, -2, 1, 2, 1, 1, -2, -1]"
458,dfs_bnb_mpi,138.647,-18,18,31862586,"[-1, -1, 2, 1, 1, 1, 2, -1, 2, 1, 2, -1, 2, -1, -2, -2, -2, -1, 2, 2, 2, -1, -1, -2, 1, -2, -2, -2, -1]"
459,dfs_bnb_mpi,2964.9,-18,19,700835615,"[-1, -1, 2, 2, 2, 1, 1, -2, 1, 1, -2, 1, -2, -1, -2, -2, -1, -1, -1, -1, 2, 1, 1, 1, 2, 2, -1, -1, 2]"
460,dfs_bnb_mpi,1680.33,-19,20,423309216,"[-1, -1, -1, 2, 1, 2, 1, -2, 1, 2, 1, 1, 1, -2, -1, -1, -2, 1, -2, -1, -2, -1, 2, -1, -1, -1, -2, 1, 1]"
461,dfs_bnb_mpi,254.221,-18,19,62429354,"[-1, -1, 2, 1, 2, 2, 1, -2, -2, 1, 2, 2, 1, -2, -2, 1, -2, -2, -2, -1, 2, 2, -1, -2, -2, -1, 2, -1, -1]"
462,dfs_bnb_mpi,1130.15,-18,19,291207907,"[-1, -1, 2, 2, 2, 2, 2, 1, 1, -2, -1, -2, -2, -2, 1, 1, -2, 1, 2, 2, -1, -1, 2, 1, 1, 2, 2, -1, -2]"
463,dfs_bnb_mpi,1960.81,-19,20,468254516,"[-1, -1, 2, 2, 2, 1, 2, 1, 2, 2, 1, 1, -2, -1, -2, 1, -2, -2, -2, -2, -1, 2, 2, 2, -1, -2, -1, -2, 1]"
464,dfs_bnb_mpi,492.179,-18,19,116079681,"[-1, -1, 2, 1, 1, 2, 2, 1, -2, 1, 2, 1, -2, -2, -1, -1, -2, 1, 1, -2, -2, -1, 2, -1, -2, -1, 2, -1, -1]"
465,dfs_bnb_mpi,2070.69,-19,19,460201100,"[-1, -1, 2, 2, 1, -2, 1, 1, -2, 1, 2, 2, 1, 2, -1, -1, 2, 2, -1, -1, -1, -2, -2, 1, 2, 1, -2, -2, 1]"
466,dfs_bnb_mpi,439.943,-19,20,115004339,"[-1, -1, 2, 1, 1, 1, 2, -1, -1, 2, -1, -2, -1, -2, -1, 2, 2, 1, 2, 1, 2, 1, -2, 1, 2, 1, -2, -2, -1]"
467,dfs_bnb_mpi,372.907,-19,20,83579450,"[-1, -1, 2, -1, -2, -1, -1, -2, -2, -2, 1, 2, 2, 1, 1, 1, 1, -2, -1, -1, -2, 1, 1, -2, -1, -1, -1, 2, 2]"
468,dfs_bnb_mpi,930.688,-18,19,224218775,"[-1, -2, 1, 1, 2, 1, -2, 1, 1, -2, -1, -1, -2, 1, -2, -1, -1, -1, -1, -1, 2, 1, 1, 1, 2, -1, -1, -1, 2]"
469,dfs_bnb_mpi,794.34,-19,20,177202941,"[-1, -1, 2, 2, 1, -2, 1, 2, 1, 2, 1, -2, 1, -2, -1, -1, -2, 1, 1, -2, -1, -1, -1, -1, -2, 1, 1, 1, 1]"
470,dfs_bnb_mpi,1773.3,-19,20,422893512,"[-1, -2, 1, 1, -2, 1, 2, 2, -1, 2, -1, 2, -1, -2, -1, -2, -1, -2, 1, -2, -1, -2, 1, 1, 2, 1, -2, 1, 1]"
471,dfs_bnb_mpi,6076.06,-17,18,1339025846,"[-1, -1, 2, 2, 2, 2, 2, -1, 2, -1, -2, -1, -1, -2, 1, 1, 1, -2, -1, -1, -2, 1, 1, -2, -1, -1, -2, 1, 1]"
472,dfs_bnb_mpi,656.2,-19,20,162520662,"[-1, -1, 2, 2, 1, -2, 1, 2, 1, 2, -1, 2, 1, 1, 1, 1, -2, -1, -2, 1, -2, -1, -2, -1, -1, 2, 1, 2, 2]"
473,dfs_bnb_mpi,334.054,-19,20,75237814,"[-1, -1, 2, 2, -1, -2, -2, -2, 1, -2, 1, 2, 1, -2, 1, 1, 2, -1, 2, 1, 2, -1, 2, 2, -1, -2, -1, -2, 1]"
474,dfs_bnb_mpi,313.552,-18,19,69745498,"[-1, -1, 2, 2, 1, -2, 1, 2, 1, -2, 1, 1, -2, -2, -2, -1, 2, 2, -1, -2, -1, -1, -1, -2, 1, 1, 1, -2, 1]"
475,dfs_bnb_mpi,537.822,-17,18,122077850,"[-1, -1, 2, 2, 2, 2, 1, -2, 1, 2, 1, -2, 1, -2, -1, -1, -1, -2, 1, 1, 1, 1, -2, -1, -1, -2, -1, -1, -1]"
476,dfs_bnb_mpi,477.338,-19,20,113794711,"[-1, -1, 2, 1, 2, 2, -1, -2, -1, -2, -1, -2, 1, -2, -1, -2, 1, 1, 2, 1, -2, 1, 2, 1, 2, 2, 2, -1, -2]"
477,dfs_bnb_mpi,315.88,-19,20,69766783,"[-1, -1, 2, 2, 2, 1, 2, 1, 1, 1, -2, 1, -2, -1, -1, 2, -1, -2, -1, -2, 1, 1, 1, 1, -2, -1, -1, -2, 1]"
478,dfs_bnb_mpi,333.452,-19,20,73786343,"[-1, -1, 2, 2, -1, -2, -2, -2, 1, 1, 1, 1, 2, 2, 2, -1, -2, -1, 2, 2, 1, 2, -1, -1, -1, -1, -2, 1, 1]"
479,dfs_bnb_mpi,324.127,-19,20,72716504,"[-1, -1, 2, 1, 1, 2, -1, -1, 2, -1, -1, -1, -2, -2, -2, -2, 1, 2, 2, 2, 1, -2, -2, -2, 1, -2, 1, 2, 1]"
480,dfs_bnb_mpi,1968.42,-19,19,469427647,"[-1, -1, 2, 2, -1, 2, 2, 1, 1, 1, 2, 1, -2, 1, -2, -1, -2, 1, -2, -2, -1, 2, -1, -1, 2, 1, 2, -1, -1]"
481,dfs_bnb_mpi,1898.48,-19,20,432558785,"[-1, -1, 2, 2, 1, -2, 1, 1, -2, 1, 2, 1, -2, -2, -1, -1, -2, 1, -2, -1, -1, 2, 2, -1, -1, -2, 1, -2, -1]"
482,dfs_bnb_mpi,565.778,-19,20,131920444,"[-1, -2, 1, 1, 2, 2, -1, 2, 2, 1, -2, 1, 1, -2, -1, -2, 1, -2, -1, -2, 1, -2, -1, -1, -1, -1, 2, 1, 1]"
483,dfs_bnb_mpi,330.281,-18,19,76353883,"[-1, -1, 2, 2, 2, 1, -2, -2, 1, 1, 2, -1, 2, 1, 2, -1, 2, -1, -2, -1, 2, 2, -1, -2, -2, -2, -2, -2, -1]"
484,dfs_bnb_mpi,799.859,-19,20,179191410,"[-1, -1, 2, 2, 2, 1, 2, -1, 2, 2, 1, -2, 1, -2, 1, 2, 1, -2, -2, -1, -1, -2, 1, 1, -2, -1, -1, -1, 2]"
485,dfs_bnb_mpi,956.863,-19,20,241570018,"[-1, -1, 2, 2, 1, -2, 1, 2, 2, 1, 1, -2, -1, -2, 1, 1, 2, 1, -2, -2, -1, -2, -1, 2, -1, -2, -1, -1, -1]"
486,dfs_bnb_mpi,401.386,-18,19,102149204,"[-1, -1, 2, 2, 1, -2, 1, 2, 2, 1, -2, -2, -2, 1, 1, 2, -1, 2, 1, 1, 2, -1, -1, 2, -1, -1, -1, -2, -1]"
487,dfs_bnb_mpi,118.935,-18,19,30282837,"[-1, -1, 2, 2, 2, 2, 1, -2, 1, 2, 1, -2, -2, -1, -1, -2, 1, 1, -2, -2, -1, -2, -1, 2, -1, -1, 2, 2, 2]"
488,dfs_bnb_mpi,1974.02,-19,20,466867414,"[-1, -1, 2, 2, 1, -2, 1, 2, 1, -2, 1, -2, -2, -2, -2, -1, -2, -1, 2, -1, 2, -1, 2, 1, 1, -2, 1, 2, 2]"
489,dfs_bnb_mpi,238.101,-18,19,57694551,"[-1, -1, 2, 2, 1, -2, 1, 2, 2, 1, 1, -2, -1, -2, -2, -2, 1, 2, 2, 1, -2, -2, -2, -1, -1, -1, 2, -1, -1]"
490,dfs_bnb_mpi,590.666,-19,20,143476987,"[-1, -1, 2, 2, -1, 2, 1, 1, -2, -2, 1, 2, 1, -2, -2, -2, -1, -1, -1, -1, -1, -1, 2, 1, 1, 2, -1, 2, 2]"
491,dfs_bnb_mpi,375.868,-19,20,83372654,"[-1, -1, 2, -1, -2, -2, 1, 1, 1, 1, 2, 1, -2, -2, -1, -1, -2, -1, 2, -1, -1, -2, 1, -2, 1, 1, 1, 2, 1]"
492,dfs_bnb_mpi,682.339,-18,19,154963855,"[-1, -1, 2, 2, 2, 2, 2, 2, 1, 1, 1, -2, 1, -2, -1, -1, 2, -1, -2, -2, -2, -2, 1, 2, 2, 1, 1, -2, -1]"
493,dfs_bnb_mpi,510.639,-19,20,122371220,"[-1, -1, 2, 2, -1, -2, -1, 2, 2, 1, 1, 1, -2, -2, 1, 2, 1, -2, -2, 1, -2, -1, -1, -1, -1, -1, -1, 2, 1]"
494,dfs_bnb_mpi,151.836,-19,20,34979873,"[-1, -1, 2, 1, 2, 1, -2, 1, -2, 1, -2, -1, -1, -1, -1, -2, 1, 1, 1, 1, 1, 1, 2, -1, 2, 2, -1, 2, -1]"
495,dfs_bnb_mpi,3466.13,-18,19,752663149,"[-1, -1, 2, 2, 2, 1, 2, 2, 1, 1, 2, 1, -2, -2, -1, -1, -2, 1, 1, -2, -1, -1, -1, -2, 1, 1, 1, -2, -1]"
496,dfs_bnb_mpi,1887.63,-19,20,450393836,"[-1, -1, 2, 2, 2, 2, 2, 1, 1, 1, -2, -1, -2, 1, 1, 1, -2, -1, -2, -2, -1, 2, 2, -1, -2, -1, 2, 2, 2]"
497,dfs_bnb_mpi,2094.95,-19,20,474788756,"[-1, -1, 2, 1, 1, 2, 1, -2, 1, 1, -2, -2, -2, -1, -1, -2, -1, -1, -1, 2, 2, 1, -2, 1, 2, 1, 2, 1, -2]"
498,dfs_bnb_mpi,532.614,-18,19,132158335,"[-1, -1, 2, 2, 2, -1, -1, -1, -1, -2, 1, 1, 1, -2, -2, -1, 2, -1, -1, -2, 1, -2, -2, 1, 1, 1, 2, -1, -1]"
499,dfs_bnb_mpi,3937.75,-19,20,866410353,"[-1, -2, -1, -1, -2, -2, -2, -2, 1, 2, 1, 2, 1, -2, 1, 1, 2, -1, 2, 1, 2, 2, -1, -2, -1, -2, -1, -1, -2]"
500,dfs_bnb_mpi,1931.2,-18,19,486979862,"[-1, -1, 2, 2, 2, 1, -2, -2, 1, 1, -2, -2, 1, -2, -1, -1, 2, -1, -2, -1, 2, -1, 2, 2, 2, 2, -1, -2, -2]"
501,dfs_bnb_mpi,317.608,-18,19,70644385,"[-1, -1, 2, 2, 2, 2, 2, 1, 2, 1, -2, 1, -2, -1, -1, -2, 1, -2, -1, -2, 1, 1, -2, 1, 2, 2, -1, 2, 1]"
502,dfs_bnb_mpi,3288.4,-18,19,716620239,"[-1, -1, 2, 2, 2, -1, 2, -1, -1, -1, -2, -2, -2, -2, 1, -2, 1, 2, 2, -1, 2, 2, 1, -2, 1, -2, -2, -2, 1]"
503,dfs_bnb_mpi,123.846,-19,20,31255608,"[-1, -1, 2, 2, 2, 2, 1, -2, -2, -2, 1, 1, 2, -1, 2, 2, 1, -2, 1, 1, -2, -1, -2, -2, -1, -2, -1, -1, -1]"
504,dfs_bnb_mpi,418.593,-19,20,109940212,"[-1, -1, 2, 2, 1, -2, 1, 2, 2, -1, 2, 1, 2, -1, -1, -2, -1, -1, -2, -1, -2, 1, -2, -2, 1, 2, 2, 2, 1]"
505,dfs_bnb_mpi,82.9649,-18,19,20272470,"[-1, -1, 2, 2, 2, 2, 2, 2, 1, -2, 1, -2, -1, -2, 1, -2, -1, -2, 1, 1, 1, 2, -1, 2, 2, 2, 2, -1, 2]"
506,dfs_bnb_mpi,616.458,-19,20,150692133,"[-1, -1, 2, 2, 1, -2, 1, 1, -2, -2, 1, 2, 2, 1, 1, -2, -1, -2, 1, -2, -1, -1, -1, -1, 2, -1, -1, -2, 1]"
507,dfs_bnb_mpi,831.736,-19,20,199927706,"[-1, -1, -1, 2, 2, 1, -2, 1, 2, 1, -2, 1, 1, -2, -1, -2, 1, 1, -2, -1, -1, -1, 2, -1, -1, -1, -2, 1, 1]"
508,dfs_bnb_mpi,391.318,-19,20,102198529,"[-1, -2, 1, 1, 2, 2, -1, 2, 1, 1, 1, -2, -1, -2, -2, 1, 2, 1, -2, -2, -1, -1, -2, -1, -1, -1, 2, 1, 1]"
509,dfs_bnb_mpi,518.108,-18,19,116718450,"[-1, -1, 2, 2, 2, 1, 2, -1, 2, 1, 1, 1, 1, -2, -1, -1, -2, 1, -2, -1, -1, -2, 1, 1, 1, 1, 2, -1, 2]"
510,dfs_bnb_mpi,372.607,-19,20,87083590,"[-1, -1, 2, 2, 2, 1, -2, -2, 1, 2, 1, -2, -2, -2, -1, -1, -2, -1, 2, -1, -2, -1, 2, 2, 1, 2, 2, -1, -2]"
511,dfs_bnb_mpi,1126.57,-19,20,258020605,"[-1, -2, 1, 1, 1, -2, -1, -1, -1, -1, 2, -1, -2, -2, -2, 1, -2, 1, 2, 1, -2, 1, 2, 1, 2, -1, -1, -1, -1]"
512,dfs_bnb_mpi,1995.43,-19,20,491929621,"[-1, -1, 2, -1, 2, 1, 2, 2, 2, 1, -2, -2, -2, -2, 1, 1, -2, 1, 2, 2, 2, -1, 2, 2, -1, -2, -2, -2, 1]"
513,dfs_bnb_mpi,835.953,-19,20,188839249,"[-1, -1, 2, -1, -2, -1, -1, -2, 1, -2, -1, -2, 1, -2, 1, 2, 2, 2, 1, 1, 1, -2, -1, -1, -2, -2, 1, 2, 1]"
514,dfs_bnb_mpi,212.494,-19,20,51752573,"[-1, -1, 2, 2, 1, -2, 1, 1, -2, -2, -1, -1, -1, -1, -2, 1, 1, 1, 1, -2, -1, -1, -1, -1, -1, 2, 2, 2, 1]"
515,dfs_bnb_mpi,515.662,-19,20,119727362,"[-1, -2, 1, 1, 2, 2, 1, 1, -2, -1, -2, 1, -2, -2, -2, -1, 2, 2, -1, -1, -1, -2, -2, -2, 1, 2, 2, 1, -2]"
516,dfs_bnb_mpi,836.581,-19,20,211139769,"[-1, -1, 2, -1, -2, -1, -1, 2, 2, 2, 2, 1, -2, 1, 2, 1, -2, 1, 2, 1, -2, -2, -2, -1, 2, -1, -1, -1, -2]"
517,dfs_bnb_mpi,1073.77,-19,20,256993809,"[-1, -1, 2, 1, 2, 1, 1, 1, 2, 1, -2, -2, -1, -2, 1, -2, -1, -2, -1, -1, -1, -1, 2, 1, 1, 1, 2, 2, -1]"
518,dfs_bnb_mpi,810.003,-19,20,183100426,"[-1, -1, 2, -1, 2, 2, 2, 1, 1, 1, 1, -2, 1, 1, -2, -1, -1, -1, 2, -1, -1, -2, 1, -2, 1, 1, 1, -2, -1]"
519,dfs_bnb_mpi,328.64,-18,19,74634546,"[-1, -1, 2, 2, 2, 2, 1, 2, 1, 1, 1, -2, -2, -1, 2, -1, -2, -1, -2, -2, 1, 2, 1, -2, -2, 1, 2, 2, 1]"
520,dfs_bnb_mpi,1510.54,-18,19,342791345,"[-1, -1, 2, 2, 2, 2, 1, -2, 1, -2, -1, -2, 1, 1, 2, 2, 1, 2, -1, -1, 2, -1, -1, -1, -2, -2, -2, -2, -2]"
521,dfs_bnb_mpi,1075.6,-18,19,257119566,"[-1, -1, 2, 2, -1, 2, -1, -1, -1, -2, -2, 1, 2, 1, -2, 1, -2, -1, -2, 1, 1, -2, -1, -1, -1, 2, 2, -1, -2]"
522,dfs_bnb_mpi,1315.03,-19,20,332210403,"[-1, -2, 1, 1, 2, 2, 2, -1, 2, -1, -1, -1, -2, -1, -2, 1, -2, -1, -2, 1, -2, 1, 2, 2, 2, 2, 1, -2, 1]"
523,dfs_bnb_mpi,324.998,-18,19,72789590,"[-1, -1, 2, 2, 1, -2, 1, 2, 2, 1, -2, 1, 2, 1, 1, -2, -1, -2, -1, -1, -2, 1, 1, -2, -1, -1, -1, -1, -1]"
524,dfs_bnb_mpi,136.033,-18,19,30821544,"[-1, -1, 2, 1, 2, -1, -1, -2, -1, -2, 1, -2, -1, -2, 1, 1, 2, 1, -2, 1, 2, 1, 1, 2, -1, 2, -1, 2, 2]"
525,dfs_bnb_mpi,565.46,-18,19,139968476,"[-1, -1, 2, 2, 2, 1, 1, 2, 1, -2, -2, -1, -1, -2, 1, 1, 1, 2, 1, 2, -1, 2, 2, -1, -1, -1, -1, -2, 1]"
526,dfs_bnb_mpi,2676.73,-18,19,666807551,"[-1, -1, 2, 2, 2, 2, 1, 1, 2, 1, 2, 1, -2, -2, -1, -2, 1, -2, -2, -2, -1, 2, 2, -1, 2, -1, -2, -2, 1]"
527,dfs_bnb_mpi,507.578,-18,19,115147123,"[-1, -2, 1, 1, 1, -2, -1, -1, -1, -1, 2, -1, -2, -2, 1, 1, 1, -2, 1, 2, 1, -2, -2, -1, -1, -1, 2, -1, -1]"
528,dfs_bnb_mpi,2189.37,-19,20,481761088,"[-1, -1, 2, 1, 2, 1, 1, 1, -2, 1, -2, 1, -2, -1, -2, -1, -1, -1, -1, -1, 2, 1, 1, 1, 1, 2, -1, 2, -1]"
529,dfs_bnb_mpi,2024.44,-19,20,479852009,"[-1, -1, 2, 2, 1, -2, 1, 1, 1, 1, -2, -2, -2, -2, -1, -1, -1, 2, -1, -1, 2, 1, 1, 1, 2, 1, -2, -2, -1]"
530,dfs_bnb_mpi,332.918,-19,20,78547492,"[-1, -1, 2, 2, 1, -2, 1, 2, 1, 1, 1, -2, -1, -1, -2, 1, 1, -2, -1, -1, -1, -1, -1, -2, 1, 1, -2, 1, 2]"
531,dfs_bnb_mpi,2746.92,-18,19,658726812,"[-1, -1, 2, 2, 2, -1, -1, -1, -2, 1, -2, -1, -1, -2, 1, -2, -2, 1, 1, 1, 1, 2, -1, -1, -1, 2, 1, 2, 2]"
532,dfs_bnb_mpi,827.845,-19,20,184384968,"[-1, -1, 2, 1, 2, 1, -2, 1, 2, 1, -2, 1, -2, -2, -2, -2, -1, 2, 2, 2, -1, -2, -2, -1, 2, -1, -1, -2, 1]"
533,dfs_bnb_mpi,2073.73,-19,18,460128213,"[-1, -1, 2, 2, 2, 2, 2, 2, 1, -2, -2, 1, 2, 2, 1, -2, 1, -2, -1, -2, -1, -1, -2, -2, 1, 2, 1, -2, -2]"
534,dfs_bnb_mpi,1053.04,-19,20,233134256,"[-1, -2, 1, 1, -2, -1, -1, -1, -1, 2, 1, 2, -1, 2, 2, 2, 1, 1, -2, -1, -2, 1, 1, 2, 2, 1, -2, -2, -2]"
535,dfs_bnb_mpi,2179.11,-17,18,480970273,"[-1, -1, 2, 2, 2, 2, -1, 2, -1, -2, -1, -2, -1, -1, -2, 1, 1, 1, 2, 1, -2, -2, -2, -1, 2, -1, -1, -2, 1]"
536,dfs_bnb_mpi,1063.46,-19,20,281938903,"[-1, -1, 2, 2, 2, 1, 1, 2, -1, -1, -1, -2, -2, -2, -2, -2, 1, 1, -2, 1, 2, 1, 2, 2, 2, -1, -1, -2, 1]"
537,dfs_bnb_mpi,274.943,-18,19,67791808,"[-1, -1, 2, 2, 2, -1, -2, -1, -1, -2, 1, 1, -2, -1, -1, -1, 2, 2, 2, 1, 1, 2, 1, 1, 1, -2, -2, -2, 1]"
538,dfs_bnb_mpi,1518.07,-18,19,356305379,"[-1, -1, 2, 2, 2, 2, 2, 1, 2, 1, 1, -2, -1, -2, 1, 1, -2, -1, -1, -2, 1, 1, -2, -1, -1, -1, 2, 2, 2]"
539,dfs_bnb_mpi,3862.29,-18,19,875412193,"[-1, -1, 2, 2, 2, 2, 2, 1, 1, -2, -1, -2, 1, 1, 2, 1, -2, 1, -2, -1, -1, -1, -1, -2, 1, 1, 1, -2, -1]"
540,dfs_bnb_mpi,1979.09,-17,18,494887950,"[-1, -1, 2, 2, 2, 2, 2, 2, -1, -2, -2, -1, 2, -1, -2, -2, 1, 1, -2, -1, -1, -2, -1, -2, 1, 1, 2, 1, -2]"
541,dfs_bnb_mpi,138.507,-19,20,32254090,"[-1, -1, 2, 2, 2, 2, 1, -2, -2, -2, 1, 2, 2, 1, -2, -2, -2, -2, -1, -1, -1, -1, 2, 2, -1, 2, 1, 2, 2]"
542,dfs_bnb_mpi,74.8493,-19,20,18413393,"[-1, -1, 2, 2, 2, 2, 2, 1, 1, 1, -2, -1, -1, -2, -2, -2, 1, 2, 2, 1, 1, -2, 1, -2, -1, -2, -1, 2, 2]"
543,dfs_bnb_mpi,1995.64,-19,20,460038628,"[-1, -1, 2, 2, 1, -2, 1, 2, 2, -1, -1, 2, 1, 1, 1, -2, 1, 2, 1, -2, -2, -1, -1, -2, 1, 1, -2, -1, -1]"
544,dfs_bnb_mpi,562.078,-17,17,124631433,"[-1, -1, 2, 2, 2, 2, 2, 1, 1, 1, 1, -2, 1, -2, -1, -2, -1, 2, 2, -1, -1, -2, 1, -2, -1, -2, 1, 1, 1]"
545,dfs_bnb_mpi,520.089,-17,17,128923977,"[-1, -1, 2, 2, 2, 2, 2, 2, 1, 1, 1, -2, -1, -1, -2, -2, 1, 2, 1, -2, 1, -2, -1, -1, -1, -2, 1, 1, 1]"
546,dfs_bnb_mpi,163.066,-18,19,37979434,"[-1, -1, 2, 2, 2, 1, 2, 2, 1, 1, -2, -1, -2, -2, -1, -2, 1, 1, 2, 2, 1, -2, -2, -2, -1, -2, -1, -1, -1]"
547,dfs_bnb_mpi,734.789,-19,20,174811165,"[-1, -1, 2, 1, 1, 2, 1, -2, -2, 1, 2, 2, 1, -2, 1, -2, -1, -2, 1, -2, -1, -1, 2, -1, -1, -1, -2, 1, 1]"
548,dfs_bnb_mpi,118.885,-19,20,29044213,"[-1, -1, 2, 2, 2, 2, 1, 1, -2, -1, -2, -2, 1, 2, 1, -2, -2, -2, -1, -1, -1, -1, 2, 2, 2, 2, -1, 2, 1]"
549,dfs_bnb_mpi,2378.32,-19,20,521060637,"[-1, -1, -1, -1, 2, 1, 2, 1, 2, 2, 1, 1, 1, 1, -2, -1, -1, -1, -2, 1, 1, 1, -2, -2, -1, 2, -1, -1, -1]"
550,dfs_bnb_mpi,3327.56,-18,19,772559444,"[-1, -1, 2, 2, 2, 2, 2, 1, 1, -2, -2, 1, 2, 1, -2, -2, 1, -2, -1, -2, -1, 2, 2, -1, -2, -1, 2, 2, 2]"
551,dfs_bnb_mpi,138.411,-18,19,31418061,"[-1, -1, 2, 2, 2, 2, 1, 1, 1, 2, 1, -2, -2, -1, -1, -1, -2, -2, 1, 2, 1, 1, 1, -2, -1, -1, -2, 1, 1]"
552,dfs_bnb_mpi,135.098,-18,19,30294609,"[-1, -1, 2, 2, 2, 1, 1, -2, -1, -2, 1, 1, 2, 2, 2, -1, -1, -1, -1, -1, -2, 1, -2, -2, -1, 2, -1, 2, 2]"
553,dfs_bnb_mpi,721.073,-19,20,171731725,"[-1, -1, 2, 2, 1, -2, 1, 2, 2, -1, -1, 2, 1, 1, 2, -1, -1, -1, -1, -2, 1, -2, -1, -2, -2, -2, 1, 2, 2]"
554,dfs_bnb_mpi,354.331,-19,20,88517367,"[-1, -1, 2, 1, 2, 1, -2, 1, -2, -2, -1, -1, -1, -1, 2, 2, 2, 1, 2, -1, -1, -1, -2, 1, -2, -1, -2, 1, -2]"
555,dfs_bnb_mpi,1910.64,-19,20,419957676,"[-1, -1, 2, 2, 2, 2, 2, 1, 1, -2, 1, 1, -2, -2, 1, -2, -1, -2, -1, 2, 2, 2, -1, -2, -2, -1, 2, 2, 2]"
556,dfs_bnb_mpi,1346.43,-19,20,325762548,"[-1, -1, 2, 2, 1, -2, 1, 2, 2, -1, 2, 1, 2, 1, -2, 1, 1, -2, -2, -2, -2, -1, 2, 2, 2, -1, -2, -2, -2]"
557,dfs_bnb_mpi,223.415,-19,20,53836958,"[-1, -1, 2, 2, 2, 1, -2, -2, 1, 1, -2, 1, 2, 2, -1, -1, 2, 2, -1, 2, 1, 1, 1, -2, 1, -2, -1, -1, 2]"
558,dfs_bnb_mpi,415.826,-18,19,101410865,"[-1, -1, 2, 2, 2, 2, 2, 1, -2, -2, 1, 1, -2, -1, -1, -2, 1, 1, -2, -2, -1, -1, -1, -1, 2, 2, 2, 2, 2]"
559,dfs_bnb_mpi,413.146,-19,19,106394498,"[-1, -2, 1, 1, 1, 2, 1, -2, -2, -1, -1, -1, -1, -1, 2, 2, 2, 1, 1, 2, 2, 1, -2, 1, 1, -2, -1, -1, -2]"
560,dfs_bnb_mpi,504.931,-19,19,121073009,"[-1, -1, 2, 2, 2, 1, -2, -2, 1, 2, 1, -2, -2, -2, -1, -2, -1, 2, -1, -2, -1, 2, -1, 2, 1, 2, 2, -1, -2]"
561,dfs_bnb_mpi,2242.95,-19,20,539143373,"[-1, -2, 1, 1, 2, 2, 1, 1, -2, -1, -2, 1, -2, 1, -2, -1, -2, -1, -1, -1, -1, 2, 2, 1, 1, 1, -2, -1, -1]"
562,dfs_bnb_mpi,1086.43,-19,20,260429138,"[-1, -2, 1, 1, 2, 1, 2, 2, -1, -2, -1, 2, 2, 1, 1, 1, -2, -2, -2, -2, -1, -2, -2, -1, 2, -1, -1, -2, 1]"
563,dfs_bnb_mpi,256.282,-17,18,66562115,"[-1, -1, 2, 2, 2, 2, 1, -2, 1, 2, 1, -2, -2, -1, -1, -2, 1, 1, 1, 2, 1, -2, -2, -1, -1, -2, -1, -1, -1]"
564,dfs_bnb_mpi,4547.18,-18,19,992101490,"[-1, -1, 2, 2, -1, 2, 1, 2, 1, 2, 1, 1, 1, -2, -1, -1, -2, -1, -2, -2, 1, 2, 1, 2, 1, -2, -2, -1, -2]"
565,dfs_bnb_mpi,486.719,-19,20,127452136,"[-1, -1, 2, 2, 1, -2, 1, 2, 2, -1, 2, 2, 1, -2, 1, 2, 1, -2, 1, -2, -2, -1, -2, -2, -1, 2, 2, 2, 1]"
566,dfs_bnb_mpi,3843.11,-18,19,838513594,"[-1, -1, 2, 2, 2, 2, 1, 1, 1, -2, 1, 2, 1, -2, -2, -1, -1, -1, 2, -1, -2, -2, 1, 1, 1, 1, -2, -1, -1]"
567,dfs_bnb_mpi,298.328,-18,19,73161081,"[-1, -1, 2, 1, 1, 2, -1, -1, -1, -1, 2, 1, 1, 1, 2, -1, -1, -1, -1, -2, -2, -1, -2, 1, 1, 1, -2, -1, -1]"
568,dfs_bnb_mpi,499.613,-17,18,121305701,"[-1, -1, 2, 2, 2, 1, -2, -2, 1, 2, 2, 2, 2, -1, -2, -1, 2, -1, -1, -2, 1, -2, -1, -1, -2, 1, 1, -2, -2]"
569,dfs_bnb_mpi,194.895,-19,20,51393601,"[-1, -1, 2, 2, 1, -2, 1, 1, 1, 1, 2, -1, -1, -1, 2, -1, -1, 2, 1, 1, 2, 1, 1, -2, 1, -2, -1, -1, 2]"
570,dfs_bnb_mpi,280.419,-19,19,69906316,"[-1, -1, 2, 2, 1, -2, 1, 2, 2, -1, -1, -1, -2, -1, 2, -1, -2, -2, -2, 1, 2, 1, -2, -2, 1, 1, 1, 1, 2]"
571,dfs_bnb_mpi,300.993,-19,20,73096084,"[-1, -1, 2, 1, 2, 2, -1, -2, -1, -2, -2, -2, 1, 1, 1, 1, 1, 1, 2, -1, -1, 2, -1, 2, 2, 1, -2, 1, -2]"
572,dfs_bnb_mpi,480.594,-18,19,124077219,"[-1, -1, 2, -1, -2, -1, -2, 1, 1, 1, 1, -2, -1, -1, -1, -2, 1, 1, 1, 1, -2, -1, -1, -1, -1, -1, 2, 2, -1]"
573,dfs_bnb_mpi,757.674,-18,19,183849780,"[-1, -1, 2, 2, 2, 2, 1, 1, 2, -1, 2, 1, 1, 1, -2, -1, -2, 1, -2, -1, -1, -1, -2, -2, 1, 2, 1, -2, 1]"
574,dfs_bnb_mpi,308.062,-18,19,76096542,"[-1, -1, 2, 2, 2, 2, 2, 1, -2, -2, -2, -2, 1, 1, -2, 1, 2, 2, -1, -1, 2, 1, 1, 2, -1, -1, 2, 1, 2]"
575,dfs_bnb_mpi,705.482,-18,19,160288762,"[-1, -1, 2, 2, 2, 2, 1, 2, 1, -2, 1, 2, 1, 1, -2, -1, -2, -1, -1, -1, -2, -2, 1, 2, 1, 1, -2, -1, -2]"
576,dfs_bnb_mpi,964.005,-19,20,217891895,"[-1, -1, 2, -1, 2, 2, 1, -2, 1, -2, 1, 2, 2, -1, 2, 1, 2, 1, 1, -2, -2, -2, -2, -2, -1, 2, 2, 2, 2]"
577,dfs_bnb_mpi,255.61,-19,19,64474715,"[-1, -1, 2, 2, 2, 2, 2, 1, 1, -2, -1, -2, 1, -2, 1, 2, 2, 1, -2, -2, 1, -2, -1, -2, -1, 2, -1, -1, 2]"
578,dfs_bnb_mpi,714.113,-19,20,175243315,"[-1, -1, 2, 2, 2, -1, -2, -1, -2, 1, -2, -1, -1, 2, 2, -1, 2, 1, 1, 2, 1, 1, 1, -2, 1, -2, -1, -2, 1]"
579,dfs_bnb_mpi,432.414,-17,17,109759921,"[-1, -1, 2, 2, 2, 2, 2, 1, 1, -2, -1, -2, 1, 1, 2, 2, 1, -2, -2, -2, -1, -1, -1, -2, 1, 1, -2, 1, 2]"
580,dfs_bnb_mpi,670.376,-19,20,168884037,"[-1, -1, 2, 1, 2, 1, -2, 1, 2, 1, 1, -2, -1, -2, 1, -2, -1, -2, -1, -2, -1, 2, -1, -1, 2, 1, 1, 1, 2]"
581,dfs_bnb_mpi,688.995,-19,20,152761633,"[-1, -1, 2, 2, 2, 1, 2, 1, 1, 1, 2, 1, -2, -2, -1, -1, -1, -2, -1, -2, 1, 1, 2, 1, 1, -2, -1, -2, -1]"
582,dfs_bnb_mpi,1124.23,-19,20,264781592,"[-1, -1, 2, 2, 2, 1, 2, 2, 1, 1, 1, 1, -2, -1, -1, -1, -2, 1, 1, -2, -2, -2, -1, 2, 2, -1, -1, -2, 1]"
583,dfs_bnb_mpi,320.689,-18,19,71425061,"[-1, -1, 2, 2, 2, 2, 1, 2, 2, 1, 1, -2, -1, -2, 1, 1, -2, -1, -1, -1, -2, -2, 1, 2, 1, 1, -2, -1, -2]"
584,dfs_bnb_mpi,684.302,-19,20,170938909,"[-1, -1, 2, 1, 2, 1, -2, 1, 2, 2, -1, -1, -1, -2, -1, -2, -1, -1, -2, -2, 1, 2, 1, -2, 1, 1, 1, 1, 2]"
585,dfs_bnb_mpi,486.064,-19,20,118518952,"[-1, -1, 2, 2, 1, -2, 1, 2, 2, 1, 2, -1, -1, -2, -1, 2, 2, 1, 1, 1, 1, -2, -2, -2, -1, -2, 1, -2, -1]"
586,dfs_bnb_mpi,527.52,-19,20,125835230,"[-1, -1, -1, 2, 1, 1, 2, -1, 2, -1, -2, -1, 2, -1, -2, -2, 1, -2, -1, -2, -2, 1, 2, 1, 1, 1, -2, -1, -1]"
587,dfs_bnb_mpi,848.596,-18,18,188556061,"[-1, -1, 2, 2, 2, 2, 2, 1, -2, -2, 1, 2, 2, 1, -2, 1, -2, -1, -2, -1, -1, -2, 1, 1, -2, 1, 2, 2, 1]"
588,dfs_bnb_mpi,334.437,-19,20,74603405,"[-1, -1, 2, 2, 1, -2, 1, 2, 1, 1, 1, -2, -2, -2, -1, 2, 2, -1, -2, -2, -2, -1, 2, -1, -1, -2, 1, -2, 1]"
589,dfs_bnb_mpi,107.892,-19,20,26914086,"[-1, -1, 2, 1, 2, -1, -1, 2, -1, -2, -2, 1, -2, -1, -1, 2, 2, 2, 2, 1, 1, 1, -2, 1, 1, 1, -2, -1, -2]"
590,dfs_bnb_mpi,1487.69,-18,19,353409652,"[-1, -1, 2, -1, 2, -1, -1, -1, -2, 1, 1, -2, 1, -2, 1, 1, -2, -1, -1, -2, -1, 2, 2, -1, 2, -1, -2, -2, 1]"
591,dfs_bnb_mpi,388.83,-18,19,87142188,"[-1, -1, -1, 2, 2, 2, 1, 2, -1, 2, 1, 1, 1, 1, -2, -1, -1, -2, -2, -1, -2, 1, 1, 1, 2, -1, 2, 1, 1]"
592,dfs_bnb_mpi,382.833,-19,20,99150466,"[-1, -1, 2, 1, 1, 1, 2, -1, -1, 2, -1, -2, -1, -2, -2, -2, 1, 1, 1, -2, 1, 2, 2, 1, 2, 2, 2, -1, -1]"
593,dfs_bnb_mpi,962.257,-18,19,230703220,"[-1, -1, 2, 2, -1, 2, -1, -1, -1, -2, 1, 1, -2, 1, -2, -1, -1, 2, -1, -2, -2, -2, 1, 2, 1, -2, 1, 2, 1]"
594,dfs_bnb_mpi,575.342,-19,19,141674012,"[-1, -1, 2, 2, 1, -2, 1, 2, 2, -1, 2, 1, 2, 1, 1, 1, -2, -1, -2, 1, -2, -1, -2, -2, -1, 2, 2, 2, 2]"
595,dfs_bnb_mpi,176.126,-19,20,41770772,"[-1, -1, 2, 2, 2, 1, 2, -1, -1, -2, -2, -2, -1, 2, 2, 2, 2, 1, 1, 1, 1, -2, -2, -2, 1, -2, -1, -1, 2]"
596,dfs_bnb_mpi,291.004,-18,19,65627544,"[-1, -1, 2, 2, 2, 1, 2, 2, 2, 1, -2, 1, 2, 1, -2, -2, -2, -1, 2, -1, -2, -2, -1, -2, 1, 1, 2, 1, 1]"
597,dfs_bnb_mpi,563.117,-18,19,126362218,"[-1, -1, 2, 2, 2, 2, 2, 2, 1, 1, 2, 1, -2, -2, -1, -1, -2, 1, -2, -1, -2, -2, 1, 2, 1, 2, 1, 2, -1]"
598,dfs_bnb_mpi,573.697,-18,19,146044220,"[-1, -1, 2, 2, 2, 2, 2, 1, -2, 1, -2, -1, -2, -2, 1, 2, 1, -2, 1, -2, -1, -2, -1, -1, -1, -1, 2, 2, 2]"
599,dfs_bnb_mpi,797.383,-19,20,184328814,"[-1, -1, 2, 1, 2, 2, -1, -2, -1, -2, -2, -2, 1, 1, 1, 1, 1, 1, 2, -1, -1, 2, -1, 2, 1, 1, 1, -2, -1]"
600,dfs_bnb_mpi,330.174,-19,20,84497206,"[-1, -2, 1, 1, 2, 2, 1, 2, 1, -2, 1, -2, -1, -1, -2, 1, 1, 1, 2, 2, 2, -1, 2, -1, -1, -1, -2, -1, -2]"
601,dfs_bnb_mpi,384.883,-19,20,87390508,"[-1, -1, 2, 1, 2, 2, 1, 1, 1, -2, -1, -1, -2, 1, 1, 1, -2, -1, -1, -2, 1, 1, -2, -1, -1, -1, -1, 2, 1]"
602,dfs_bnb_mpi,2163.84,-19,20,477503438,"[-1, -1, 2, -1, 2, 1, 2, 1, 1, 2, -1, 2, 1, 1, 1, -2, -1, -2, 1, -2, -1, -1, -1, -2, 1, 1, 1, -2, -1]"
603,dfs_bnb_mpi,113.891,-17,18,26171385,"[-1, -1, 2, 2, 2, 2, 2, 1, -2, 1, 1, -2, -1, -1, -2, -2, 1, 2, 1, -2, 1, 2, 2, 2, 2, -1, -1, 2, 2]"
604,dfs_bnb_mpi,3576.76,-17,18,821600122,"[-1, -1, 2, 2, -1, -2, -1, -1, -1, -2, 1, 1, 1, -2, 1, 1, -2, -1, -1, -1, 2, -1, -1, -2, 1, -2, 1, 1, 1]"
605,dfs_bnb_mpi,149.961,-19,20,35802966,"[-1, -1, 2, 2, 1, -2, 1, 1, -2, 1, -2, -1, -1, -1, -1, -2, -2, 1, 2, 1, -2, 1, 2, 1, 1, 2, 2, 2, -1]"
606,dfs_bnb_mpi,187.441,-19,20,44984378,"[-1, -1, 2, 2, 1, -2, 1, 2, 1, -2, 1, 2, 1, -2, -2, -2, -1, 2, -1, -2, -2, -2, -1, 2, -1, -1, 2, 1, 1]"
607,dfs_bnb_mpi,755.072,-19,20,167965168,"[-1, -1, 2, 2, 1, -2, 1, 2, 2, 1, 1, 1, -2, 1, -2, -2, -1, 2, -1, 2, -1, -2, -2, 1, -2, -1, -1, -1, -1]"
608,dfs_bnb_mpi,882.617,-19,20,196836286,"[-1, -1, 2, 2, -1, -2, -2, -1, 2, 2, 2, 1, 2, 2, 1, -2, 1, 1, 1, -2, -1, -2, 1, -2, -1, -1, 2, 2, -1]"
609,dfs_bnb_mpi,486.832,-18,19,120059793,"[-1, -1, 2, 2, 2, 1, 2, -1, 2, 1, 1, 1, -2, -1, -2, 1, 1, 2, 2, 1, -2, -2, -2, -1, -1, -1, -2, -1, 2]"
610,dfs_bnb_mpi,1658.98,-19,20,400949371,"[-1, -2, -1, -1, -2, 1, 1, -2, 1, 1, 2, -1, 2, 1, 2, 1, -2, -2, -2, -2, -1, -1, -1, -2, -1, 2, 2, -1, -2]"
611,dfs_bnb_mpi,971.039,-19,20,231938978,"[-1, -2, 1, 1, 2, 2, 1, -2, 1, 2, 1, -2, -2, -2, -1, 2, -1, -2, -2, -2, -1, 2, 2, -1, -1, -2, -2, 1, 2]"
612,dfs_bnb_mpi,203.237,-19,20,49380519,"[-1, -1, 2, 2, 1, -2, 1, 2, 1, 1, -2, -1, -2, 1, 1, 2, 2, 2, -1, 2, 2, -1, -1, -2, -1, -2, 1, 1, 2]"
613,dfs_bnb_mpi,603.036,-17,18,133144869,"[-1, -1, 2, 1, 2, 2, 1, 1, 1, 1, -2, -1, -1, -1, -2, 1, 1, 1, -2, -2, -1, 2, -1, -2, -1, -1, -1, -1, 2]"
614,dfs_bnb_mpi,779.023,-18,19,182806642,"[-1, -1, 2, 2, 2, -1, -1, -2, 1, -2, -1, -2, 1, -2, 1, -2, -1, -1, 2, -1, -2, -1, 2, 2, 2, 2, 1, -2, -2]"
615,dfs_bnb_mpi,544.377,-18,19,130588238,"[-1, -1, 2, 2, -1, -1, -1, -1, -2, 1, 1, 1, -2, -1, -1, -1, -2, 1, -2, 1, 2, 1, 1, 1, 1, -2, -1, -1, -1]"
616,dfs_bnb_mpi,478.638,-19,20,111675459,"[-1, -1, 2, -1, -2, -1, -1, -2, -2, -2, -2, 1, 2, 2, 2, 1, 1, -2, -1, -2, -2, 1, 2, 1, 1, 2, 2, -1, -2]"
617,dfs_bnb_mpi,2758.56,-19,20,614316030,"[-1, -2, 1, 1, 2, 1, -2, 1, 2, 1, -2, -2, -2, 1, -2, -1, -1, -1, -1, 2, 1, 1, 2, -1, -1, -1, -1, -2, 1]"
618,dfs_bnb_mpi,784.285,-19,20,187419491,"[-1, -2, 1, 1, 2, 1, -2, 1, -2, -1, -1, -1, -1, -1, -2, 1, 1, 1, 1, -2, -2, -1, -1, -1, -1, 2, 1, 1, 1]"
619,dfs_bnb_mpi,409.082,-19,20,101861441,"[-1, -2, 1, 1, 2, 2, 1, -2, -2, 1, -2, -1, -1, -1, -1, -2, 1, -2, -1, -2, 1, 1, 1, 2, 1, 2, -1, -1, -2]"
620,dfs_bnb_mpi,1286.35,-19,20,309825858,"[-1, -1, 2, 1, 2, 2, 1, 2, -1, 2, 1, 1, -2, -2, 1, 2, 2, 1, -2, -2, -2, -2, -1, 2, -1, -1, -2, 1, -2]"
621,dfs_bnb_mpi,149.871,-18,18,33981344,"[-1, -1, 2, 2, 2, 2, 2, 2, 1, 1, 1, -2, -2, -1, 2, -1, -2, -2, -2, -2, 1, 1, 1, 2, -1, -1, 2, 1, 1]"
622,dfs_bnb_mpi,300.872,-18,19,67196593,"[-1, -1, 2, 2, 2, 2, -1, -2, -2, -2, -2, -2, 1, 1, 1, 1, 2, 2, 2, 2, -1, -2, -2, -1, 2, 2, 2, 1, 2]"
623,dfs_bnb_mpi,903.657,-19,20,201525295,"[-1, -1, 2, 1, 2, -1, -1, 2, 1, 2, 2, 1, 1, 1, 1, -2, -1, -1, -1, -2, 1, 1, 1, -2, -1, -1, -2, 1, -2]"
624,dfs_bnb_mpi,421.57,-18,19,93878726,"[-1, -1, -1, -1, 2, 1, 2, -1, 2, 2, 1, -2, 1, 2, 1, -2, -2, -1, -2, 1, 1, 2, 2, 2, 2, -1, -1, -1, 2]"
625,dfs_bnb_mpi,122.349,-18,19,27326583,"[-1, -1, 2, 2, 2, 2, 1, 1, 1, 1, 1, -2, -1, -1, -1, -1, -2, -2, 1, 2, 1, 1, -2, -1, -2, -2, 1, 2, 1]"
626,dfs_bnb_mpi,1223.48,-19,20,291703014,"[-1, -1, 2, 2, 1, -2, 1, 2, 1, 2, -1, 2, 1, 1, 1, -2, 1, -2, -1, -2, 1, -2, -1, -1, -1, 2, 1, 2, 2]"
627,dfs_bnb_mpi,1603.58,-18,19,373279963,"[-1, -1, 2, -1, 2, -1, -1, -1, -2, 1, 1, -2, 1, -2, 1, 1, -2, -2, -1, 2, -1, -1, 2, -1, 2, -1, -2, -2, 1]"
628,dfs_bnb_mpi,1551.51,-18,19,388824286,"[-1, -1, 2, 2, -1, 2, 1, 2, 2, -1, -2, -1, 2, -1, -2, -1, -2, 1, -2, -1, -2, 1, -2, 1, 1, 2, -1, 2, 2]"
629,dfs_bnb_mpi,1942.92,-18,19,466734188,"[-1, -1, 2, 2, 2, 2, 1, 2, 1, -2, -2, -1, -2, -2, 1, 2, 1, -2, 1, 2, 1, 2, 2, -1, 2, -1, -2, -2, 1]"
630,dfs_bnb_mpi,1291.11,-19,20,311465390,"[-1, -1, 2, 2, 2, 1, 2, 1, 1, -2, -2, 1, 2, 2, 1, -2, 1, -2, -1, -2, -1, -2, -1, 2, -1, -1, 2, 1, 2]"
631,dfs_bnb_mpi,148.458,-19,19,33296412,"[-1, -1, 2, 1, 2, 2, 1, 1, 1, -2, -1, -1, -2, 1, 1, -2, -1, -2, -1, -1, -1, -2, 1, -2, 1, 2, 1, 1, 2]"
632,dfs_bnb_mpi,1125.47,-19,20,250039202,"[-1, -2, 1, 1, 2, 2, 1, 1, 1, -2, -1, -1, -2, 1, 1, 1, -2, -1, -2, -1, 2, -1, -1, -1, -1, -2, 1, 1, 1]"
633,dfs_bnb_mpi,263.731,-19,20,63925852,"[-1, -1, 2, 2, 2, 1, 1, 2, 1, -2, -2, -1, -1, -2, 1, 1, -2, 1, 1, 2, -1, 2, 2, 2, 1, -2, 1, -2, -1]"
634,dfs_bnb_mpi,1836.35,-18,19,427745501,"[-1, -1, 2, 2, 2, 2, 1, -2, -2, -2, 1, 2, 2, 1, 2, -1, 2, -1, -1, -1, -2, -2, -1, -2, 1, -2, -1, -2, 1]"
635,dfs_bnb_mpi,2721.76,-18,19,654105161,"[-1, -1, 2, 2, 1, -2, 1, 2, 2, -1, 2, 1, 2, 1, 1, -2, -2, 1, -2, -2, -2, -1, -1, 2, 1, 2, -1, 2, 2]"
636,dfs_bnb_mpi,2093.33,-19,20,461176892,"[-1, -1, 2, 2, 2, -1, 2, 1, 2, 1, 1, 1, -2, -2, 1, -2, -1, -1, 2, 2, -1, -2, -2, -2, 1, 1, 1, -2, -1]"
637,dfs_bnb_mpi,1023.41,-19,20,255521651,"[-1, -2, 1, 1, 2, 2, 1, -2, 1, -2, -1, -2, -2, -1, 2, -1, -1, -2, 1, -2, 1, 1, 1, 1, 2, -1, 2, 1, 2]"
638,dfs_bnb_mpi,1594.39,-19,20,385103070,"[-1, -1, 2, 1, 2, 1, -2, 1, -2, -2, -1, -1, -2, -1, 2, -1, 2, 2, 2, 1, 2, -1, -1, -2, -2, -2, -2, -2, 1]"
639,dfs_bnb_mpi,255.841,-18,19,58885452,"[-1, -1, 2, 2, 2, 1, 2, 1, -2, 1, 2, 1, -2, -2, -1, -1, -1, -2, 1, 1, -2, -2, -1, -1, -1, -1, 2, 2, 2]"
640,dfs_bnb_mpi,510.502,-18,19,122453857,"[-1, -1, 2, 1, 2, 1, -2, 1, 1, 2, -1, 2, 1, 1, -2, 1, -2, -1, -2, 1, -2, -1, -1, 2, -1, -2, -1, -1, -1]"
641,dfs_bnb_mpi,463.422,-19,20,110787446,"[-1, -1, 2, 1, 2, 2, 2, 1, -2, 1, -2, -1, -2, 1, -2, -2, -1, -1, -1, -1, -1, 2, 1, 2, -1, 2, 1, 1, 2]"
642,dfs_bnb_mpi,3291,-18,19,813586990,"[-1, -1, 2, 2, 2, 2, 2, 1, 1, -2, -2, 1, 2, 2, 1, -2, -2, -2, -2, -2, -1, 2, 2, -1, -2, -1, 2, 2, 2]"
643,dfs_bnb_mpi,481.504,-19,20,125466999,"[-1, -2, 1, 1, 2, 2, -1, 2, 1, 1, 1, -2, -1, -2, -2, 1, 2, 1, -2, -2, -1, -2, -1, 2, -1, -2, -1, 2, -1]"
644,dfs_bnb_mpi,492.017,-18,19,117859344,"[-1, -1, 2, -1, 2, 1, 2, 1, 1, -2, -1, -2, 1, 1, 1, 2, -1, 2, 1, 2, 2, -1, -2, -1, 2, -1, -2, -1, 2]"
645,dfs_bnb_mpi,2326.51,-19,20,527212489,"[-1, -1, 2, -1, -2, -2, -2, -2, 1, 2, 1, -2, 1, 1, 1, 1, 2, 2, 2, -1, -1, -2, 1, -2, -1, -1, 2, -1, -1]"
646,dfs_bnb_mpi,790.426,-18,19,198129883,"[-1, -1, 2, 2, 2, 1, 2, 2, 1, -2, -2, -2, 1, 2, 2, 2, 2, 1, -2, -2, -2, -2, 1, -2, -1, -1, -1, -1, 2]"
647,dfs_bnb_mpi,803.707,-19,20,179545013,"[-1, -1, 2, 2, -1, -2, -2, -2, 1, 1, 1, 1, 2, 1, 2, -1, 2, -1, -2, -1, 2, 2, 1, 2, -1, -1, -1, -2, 1]"
648,dfs_bnb_mpi,3363.09,-18,19,757551742,"[-1, -1, 2, 1, 2, 2, 1, 1, 1, 1, -2, 1, -2, -1, -1, 2, -1, -1, -2, 1, -2, 1, 1, -2, -1, -1, -1, -1, -1]"
649,dfs_bnb_mpi,357.575,-19,20,81882406,"[-1, -1, 2, 1, 2, 1, -2, 1, 1, -2, -1, -2, 1, -2, -2, -1, 2, -1, 2, -1, -1, -2, -2, -2, 1, 1, 2, -1, 2]"
650,dfs_bnb_mpi,1456.7,-19,20,372800914,"[-1, -1, 2, 2, 2, 2, -1, -2, -2, -2, -2, -2, 1, 1, 1, 1, 2, 2, 1, 2, 2, -1, -1, -1, -2, -2, 1, 2, 1]"
651,dfs_bnb_mpi,1864.41,-19,20,420397062,"[-1, -1, 2, 1, 1, 1, -2, 1, -2, -1, -2, -2, -2, -1, -1, -1, -1, 2, 2, 2, 1, 1, 1, -2, -1, -1, -2, 1, 1]"
652,dfs_bnb_mpi,368.896,-19,20,87587657,"[-1, -1, 2, 2, 1, -2, 1, 2, 2, 1, -2, 1, -2, -1, -2, 1, -2, -1, -1, -1, -1, -2, 1, 1, -2, 1, 2, 1, -2]"
653,dfs_bnb_mpi,1169.76,-19,20,268531810,"[-1, -2, 1, 1, 2, 2, -1, 2, 2, 2, 1, -2, -2, 1, 2, 2, 1, 1, -2, -1, -2, 1, -2, -1, -1, -2, 1, -2, -1]"
654,dfs_bnb_mpi,139.728,-19,20,32842547,"[-1, -1, 2, 1, 2, 2, 1, 2, 1, -2, -2, -1, -2, 1, -2, 1, 2, 1, 2, -1, 2, 1, 2, -1, 2, -1, -1, -1, -2]"
655,dfs_bnb_mpi,732.466,-18,19,172937685,"[-1, -1, 2, 2, -1, -2, -1, -1, -1, -2, 1, 1, -2, -1, -1, -2, 1, -2, 1, 2, 1, -2, 1, 2, 1, 2, -1, -1, 2]"
656,dfs_bnb_mpi,171.682,-19,20,39172140,"[-1, -1, 2, -1, 2, 2, 2, 1, 2, 1, -2, -2, -1, -2, 1, -2, 1, 2, 2, 2, 2, 1, -2, -2, -2, 1, -2, -1, -2]"
657,dfs_bnb_mpi,1274.91,-19,20,280508171,"[-1, -2, 1, 1, 2, 1, -2, 1, -2, 1, -2, -1, -1, 2, -1, -2, -1, 2, -1, -2, -2, 1, -2, 1, 2, 1, 1, -2, -1]"
658,dfs_bnb_mpi,330.68,-18,19,76213511,"[-1, -1, 2, 2, 2, -1, -2, -2, -2, -1, -1, 2, 1, 2, -1, -1, 2, 1, 1, 2, 1, 1, 1, -2, -2, -2, 1, 2, 2]"
659,dfs_bnb_mpi,2424.65,-18,19,580700287,"[-1, -1, 2, 2, 2, 2, 2, 2, 1, -2, 1, 2, 1, -2, 1, -2, -2, -1, -1, -2, 1, -2, -1, -1, 2, 2, 2, 1, 1]"
660,dfs_bnb_mpi,505.231,-19,19,125889161,"[-1, -1, 2, 2, 2, -1, -2, -1, -2, 1, -2, -1, -2, 1, 1, 1, 1, 1, 2, 2, 2, -1, -2, -1, 2, 2, 2, 1, -2]"
661,dfs_bnb_mpi,165.121,-19,20,38514928,"[-1, -1, 2, 2, 1, -2, 1, 2, 2, 1, -2, -2, 1, -2, -1, -2, -1, -1, -1, -2, -2, 1, 2, 1, -2, 1, 2, 1, 2]"
662,dfs_bnb_mpi,580.829,-18,19,140094188,"[-1, -1, 2, 2, 2, 1, -2, -2, 1, 2, 1, 1, 1, -2, -1, -1, -2, 1, -2, -2, -1, 2, -1, -1, -1, -2, 1, 1, -2]"
663,dfs_bnb_mpi,1642.63,-18,19,368293465,"[-1, -1, 2, 2, -1, 2, -1, -2, -2, 1, -2, -2, 1, 1, -2, -1, -1, -1, 2, 2, -1, 2, 2, -1, -2, -2, -2, 1, -2]"
664,dfs_bnb_mpi,1946.23,-19,20,432774436,"[-1, -1, 2, 2, -1, -2, -2, -1, 2, 2, 2, 1, 2, 1, 1, 1, 2, 1, -2, -2, -1, -2, 1, -2, -1, -1, 2, 2, -1]"
665,dfs_bnb_mpi,778.953,-19,20,177588968,"[-1, -1, 2, 2, 1, -2, 1, 2, 2, 1, -2, 1, -2, -1, -2, 1, -2, -2, -1, 2, -1, -2, -1, 2, -1, -1, 2, 2, 2]"
666,dfs_bnb_mpi,431.491,-19,20,101877113,"[-1, -1, 2, 2, 2, 1, -2, -2, 1, 2, 2, 2, 1, -2, -2, 1, 2, 1, -2, -2, -2, -1, 2, -1, -2, -2, -1, -1, -1]"
667,dfs_bnb_mpi,519.991,-18,19,120099578,"[-1, -1, -1, -1, 2, 1, 1, 1, 2, 1, -2, 1, 2, 2, 2, -1, -2, -1, 2, -1, -1, -1, -2, 1, 1, -2, -1, -1, -1]"
668,dfs_bnb_mpi,345.372,-19,20,78218647,"[-1, -1, 2, -1, 2, 2, 1, -2, 1, -2, 1, 2, 1, -2, -2, 1, 1, 2, -1, 2, 1, 2, -1, -1, 2, -1, -1, -2, 1]"
669,dfs_bnb_mpi,233.838,-19,20,52524269,"[-1, -2, 1, 1, -2, -1, -1, -2, -2, -2, 1, 2, 2, 1, -2, -2, 1, 2, 1, 2, -1, 2, 1, 2, -1, 2, -1, 2, -1]"
670,dfs_bnb_mpi,1078.21,-19,20,243708707,"[-1, -2, 1, 1, 1, -2, 1, -2, -1, -1, 2, -1, -1, -2, 1, -2, -1, -2, 1, -2, 1, 2, 2, 1, 1, -2, -2, -1, 2]"
671,dfs_bnb_mpi,2672.09,-18,18,645563977,"[-1, -1, 2, 2, 2, 2, 1, -2, -2, -2, 1, 1, 2, -1, 2, 2, 2, -1, -1, -1, -1, -2, 1, -2, -1, -2, 1, -2, -1]"
672,dfs_bnb_mpi,3530.27,-18,19,817768680,"[-1, -1, 2, 2, -1, -1, -1, -2, 1, 1, -2, -1, -1, -2, 1, 1, 1, -2, -1, -2, -1, 2, -1, -2, -1, 2, 2, 2, 2]"
673,dfs_bnb_mpi,216.2,-18,19,53917145,"[-1, -1, 2, 2, -1, 2, -1, -1, -2, 1, -2, 1, -2, -1, -1, 2, -1, 2, 2, 2, 1, 1, 1, 1, -2, 1, -2, -2, 1]"
674,dfs_bnb_mpi,1406.93,-18,19,314989894,"[-1, -1, 2, 2, 2, 2, 2, 1, 2, 1, -2, -2, -1, -2, 1, 1, 2, 1, -2, -2, -1, -1, -1, -2, 1, 1, 1, -2, -1]"
675,dfs_bnb_mpi,1155.86,-18,19,278119401,"[-1, -1, 2, 2, 1, -2, 1, 2, 1, 2, -1, 2, 2, -1, -2, -2, -1, 2, 2, -1, -2, -2, -1, -2, 1, -2, -1, -2, 1]"
676,dfs_bnb_mpi,551.414,-17,18,122075796,"[-1, -1, 2, 2, 1, -2, 1, 2, 2, 2, 2, -1, -1, -1, -2, 1, 1, -2, -1, -1, -1, -2, 1, -2, -1, -2, 1, -2, 1]"
677,dfs_bnb_mpi,2207.34,-19,20,486082243,"[-1, -1, 2, 1, 1, 2, 1, 1, 1, -2, 1, -2, -1, -2, -2, -1, 2, 2, 2, -1, -2, -2, -1, -1, -1, -2, 1, 1, 1]"
678,dfs_bnb_mpi,69.1816,-18,19,16243755,"[-1, -1, 2, 2, 2, 1, 1, 1, -2, -1, -1, -2, 1, 1, -2, -2, -1, -1, -1, -2, 1, 1, 1, 1, 2, 2, 2, 2, 2]"
679,dfs_bnb_mpi,1917.13,-19,20,457403626,"[-1, -1, 2, 1, 2, 2, 2, 1, 1, -2, -2, 1, 2, 2, 1, -2, -2, 1, -2, -2, -1, 2, -1, -2, -1, 2, -1, 2, 2]"
680,dfs_bnb_mpi,327.788,-18,19,78915087,"[-1, -2, 1, 1, 2, 1, 2, -1, -1, 2, 1, 1, 1, 1, -2, -1, -2, 1, -2, -2, -1, 2, -1, -2, -1, -1, -1, -1, 2]"
681,dfs_bnb_mpi,2995.49,-19,20,696855102,"[-1, -2, 1, 1, 2, 2, 1, 1, 1, -2, -2, -1, -2, 1, -2, -1, -2, -1, -1, -1, 2, 2, 1, -2, 1, 2, 2, 2, 1]"
682,dfs_bnb_mpi,720.369,-19,20,184415212,"[-1, -1, 2, 2, 1, -2, 1, 2, 1, -2, -2, 1, 2, 1, -2, -2, -2, -2, -1, -1, -1, 2, -1, 2, 1, 1, 1, -2, -1]"
683,dfs_bnb_mpi,133.008,-19,20,30500582,"[-1, -1, 2, 2, 2, 2, 1, -2, 1, -2, -1, -2, 1, 1, -2, 1, 2, 2, -1, 2, 2, -1, 2, 2, 1, -2, 1, -2, -2]"
684,dfs_bnb_mpi,947.398,-19,20,238820097,"[-1, -1, 2, 2, 2, 2, 1, -2, 1, -2, 1, 2, 1, 2, -1, -1, 2, 1, 1, 1, -2, -2, -2, -1, -2, -1, -1, -1, 2]"
685,dfs_bnb_mpi,776.88,-19,19,170982741,"[-1, -1, 2, 2, 2, 2, 2, 1, 2, 1, 1, -2, -1, -2, -1, -2, 1, -2, -1, -2, 1, 1, 2, 2, 2, 1, -2, -2, -2]"
686,dfs_bnb_mpi,320.28,-19,20,70822510,"[-1, -1, 2, 2, -1, -2, -2, -2, 1, -2, 1, 2, 1, -2, 1, 2, 2, 2, 2, -1, -2, -1, 2, 2, 2, 1, 1, -2, -1]"
687,dfs_bnb_mpi,1557.4,-18,19,368247599,"[-1, -1, 2, 2, -1, 2, -1, -2, -1, -2, 1, 1, -2, -1, -1, -2, -2, 1, -2, 1, 2, 1, -2, 1, 2, 2, -1, -1, -1]"
688,dfs_bnb_mpi,1191.37,-19,20,267974205,"[-1, -2, 1, 1, 2, 2, -1, 2, 1, 1, -2, -2, 1, 2, 1, -2, -2, -2, -1, 2, -1, -2, -2, -1, 2, -1, -1, -2, 1]"
689,dfs_bnb_mpi,421.491,-19,20,99479754,"[-1, -1, 2, 2, 2, 1, 2, 2, 1, -2, 1, 1, 1, -2, -1, -1, -1, -2, 1, 1, 1, -2, -1, -2, -1, 2, -1, -1, 2]"
690,dfs_bnb_mpi,3216.6,-18,19,776695561,"[-1, -1, 2, 2, 2, -1, 2, -1, -1, -1, -2, 1, 1, -2, 1, -2, -2, -2, -1, -1, -1, 2, 2, 2, 1, -2, 1, -2, -1]"
691,dfs_bnb_mpi,136.622,-18,19,32302998,"[-1, -1, 2, 2, 2, 2, 1, 1, -2, -1, -2, -2, 1, 2, 1, 2, 1, -2, -2, -1, -2, 1, -2, -1, -2, -1, 2, -1, -1]"
692,dfs_bnb_mpi,738.689,-18,19,176241282,"[-1, -1, 2, 2, 1, -2, 1, 2, 1, 2, -1, -1, 2, 2, 1, -2, 1, 1, 1, -2, -1, -2, 1, -2, -1, -1, -2, 1, 1]"
693,dfs_bnb_mpi,1347.41,-18,19,323207099,"[-1, -1, 2, -1, 2, -1, -1, -1, -2, 1, 1, -2, 1, -2, -1, -1, 2, -1, -2, -2, -2, 1, 2, 1, -2, 1, 2, 1, 2]"
694,dfs_bnb_mpi,765.487,-19,20,174745827,"[-1, -1, 2, 2, 2, 2, -1, 2, 1, 1, 1, -2, -1, -2, 1, 1, 2, 1, -2, -2, -1, -1, -1, -2, 1, 1, 1, -2, -1]"
695,dfs_bnb_mpi,184.201,-18,19,46455733,"[-1, -1, 2, 2, 2, 2, 1, -2, -2, -2, 1, 2, 2, 2, 2, -1, -1, -1, -2, -2, -1, -2, -1, -2, 1, -2, 1, 2, 2]"
696,dfs_bnb_mpi,806.401,-19,20,178609269,"[-1, -1, 2, 2, 2, 1, 2, -1, -1, -1, -2, 1, -2, -2, -2, -2, 1, 1, 1, 1, 2, 2, 2, 2, -1, -2, -1, -2, 1]"
697,dfs_bnb_mpi,296.42,-18,19,70609196,"[-1, -1, 2, 2, 2, 2, 1, 1, -2, -1, -2, -2, 1, 2, 1, 2, 2, 1, 1, -2, -1, -2, 1, -2, -1, -1, -2, 1, 1]"
698,dfs_bnb_mpi,3174.59,-18,19,703201604,"[-1, -1, 2, 2, 2, 1, 1, 2, 1, -2, 1, 2, 1, -2, -2, 1, -2, -1, -2, -1, 2, 2, -1, -1, -1, -2, 1, 1, -2]"
699,dfs_bnb_mpi,472.849,-19,20,104604261,"[-1, -2, 1, 1, 2, 1, 1, 1, -2, -2, 1, -2, -1, -1, 2, 2, -1, -2, -2, -1, 2, -1, -1, -2, 1, -2, 1, 1, 1]"
700,dfs_bnb_mpi,1865.04,-19,20,407307302,"[-1, -1, 2, 2, 1, -2, 1, 2, 2, 1, -2, -2, 1, -2, -2, -2, -1, -2, -1, 2, -1, -2, -1, 2, 2, 1, 1, 1, 2]"
701,dfs_bnb_mpi,303.515,-19,20,71541471,"[-1, -1, 2, 2, 1, -2, 1, 2, 2, -1, 2, 1, 1, -2, -2, -2, -2, -2, -1, -1, -1, -1, 2, 2, 2, -1, 2, 1, 1]"
702,dfs_bnb_mpi,619.359,-18,18,137889763,"[-1, -1, 2, 2, 2, -1, 2, 1, 2, -1, -1, -2, -2, -1, -2, 1, 1, -2, -2, -1, 2, -1, -2, -1, 2, 2, 2, 2, 1]"
703,dfs_bnb_mpi,549.951,-18,18,122414158,"[-1, -1, 2, 2, 2, 1, 2, 2, 1, -2, -2, 1, 2, 1, -2, -2, -1, -1, -1, -2, 1, 1, -2, -2, -1, -1, -1, -1, 2]"
704,dfs_bnb_mpi,768.703,-18,19,183094495,"[-1, -1, 2, 2, 1, -2, 1, 2, 2, -1, 2, 1, 2, -1, 2, -1, -2, -2, -2, -1, 2, -1, -2, -2, 1, -2, -1, -2, 1]"
705,dfs_bnb_mpi,684.774,-18,19,164410609,"[-1, -1, 2, 2, 2, 1, -2, -2, 1, 2, 1, -2, 1, 2, 1, -2, -2, -2, -2, -1, 2, 2, -1, -2, -2, -1, 2, -1, -1]"
706,dfs_bnb_mpi,201.572,-19,19,48642765,"[-1, -1, 2, 2, 1, -2, 1, 2, 2, -1, -1, -1, -2, -1, -2, 1, -2, -1, -2, -2, 1, 2, 1, -2, -2, 1, 2, 2, 1]"
707,dfs_bnb_mpi,2640.53,-19,20,640383537,"[-1, -2, -1, -1, -2, 1, -2, -1, -1, -2, 1, 1, 1, 1, 1, 1, 2, -1, 2, 1, 2, 2, -1, -2, -1, -2, -1, -2, 1]"
708,dfs_bnb_mpi,1292.93,-17,18,304645016,"[-1, -1, 2, 2, 2, 2, -1, -2, -1, -1, -2, 1, 1, -2, -1, -1, -2, -2, -2, 1, 2, 2, 1, -2, -2, 1, 2, 1, 1]"
709,dfs_bnb_mpi,6942.26,-17,18,1544229846,"[-1, -1, 2, -1, 2, 2, 2, 2, 2, -1, -2, -1, -1, -2, 1, 1, -2, -1, -1, -2, 1, 1, -2, -1, -1, -2, 1, 1, 1]"
710,dfs_bnb_mpi,3738.13,-19,20,834510766,"[-1, -2, -1, -2, -2, -1, -2, 1, 1, 1, 1, 1, 1, 2, 2, 2, -1, 2, -1, -2, -1, -2, 1, 1, -2, -1, -1, -1, 2]"
711,dfs_bnb_mpi,476.964,-18,18,128325896,"[-1, -1, 2, 2, 2, 2, 2, 1, -2, -2, 1, -2, -1, -2, 1, 1, 1, 2, -1, 2, 1, 2, 2, -1, 2, -1, -2, -2, 1]"
712,dfs_bnb_mpi,624.368,-19,20,145272345,"[-1, -2, -2, -1, 2, -1, -2, -1, -1, 2, 1, 2, -1, 2, 2, 2, 1, -2, -2, 1, 2, 2, 1, -2, 1, -2, -1, -2, -1]"
713,dfs_bnb_mpi,2247.21,-19,20,496856346,"[-1, -1, -1, -1, 2, 2, 2, 2, 1, -2, 1, 2, 2, 1, -2, 1, -2, -1, -2, -1, -1, -2, 1, 1, 1, 2, 1, -2, -2]"
714,dfs_bnb_mpi,442.761,-19,20,103882961,"[-1, -1, 2, -1, -2, -2, 1, 1, 1, 1, 2, 1, -2, 1, 2, 2, -1, -1, 2, 1, 1, 2, -1, -1, -1, -2, -1, -2, 1]"
715,dfs_bnb_mpi,1192,-19,20,301042041,"[-1, -1, 2, 1, 1, 2, 1, -2, -2, 1, 2, 2, 1, -2, -2, -2, -2, -1, -2, -1, -1, -1, 2, 2, 1, -2, 1, 2, 1]"
716,dfs_bnb_mpi,435.613,-18,19,101697861,"[-1, -1, 2, 1, 2, 2, 1, 2, 1, -2, 1, 2, 1, -2, -2, -1, -1, -1, -2, 1, -2, -2, 1, 2, 2, 1, -2, -2, 1]"
717,dfs_bnb_mpi,1177.18,-19,20,275388458,"[-1, -2, 1, 1, 2, 2, -1, 2, 1, 1, -2, -2, -2, 1, 2, 1, -2, -2, -2, -1, 2, -1, -1, -1, -1, -2, 1, 1, 1]"
718,dfs_bnb_mpi,400.566,-18,19,92926627,"[-1, -1, 2, 2, 1, -2, 1, 1, -2, -2, -1, -1, -1, -2, -2, 1, 2, 1, -2, 1, 2, 1, 2, 2, 2, 2, -1, -1, 2]"
719,dfs_bnb_mpi,2053.28,-19,20,452488531,"[-1, -1, 2, 1, 2, 1, 2, 1, -2, 1, -2, -2, -2, -2, -1, -2, -1, 2, -1, -2, -1, 2, 2, 1, 1, 1, 2, 2, -1]"
720,dfs_bnb_mpi,2437.55,-18,19,609034165,"[-1, -1, 2, 2, 2, 2, 2, -1, -1, -1, -2, 1, 1, -2, -1, -2, -1, 2, -1, -2, -2, -2, 1, 2, 1, -2, 1, 2, 2]"
721,dfs_bnb_mpi,5194.33,-17,18,1157888094,"[-1, -1, 2, 2, 2, 2, 2, 1, 1, 1, 1, -2, -2, -2, 1, -2, -1, -1, 2, 2, 2, -1, -1, -2, 1, -2, -1, -2, 1]"
722,dfs_bnb_mpi,2316.73,-19,20,564903133,"[-1, -2, 1, 1, 2, 2, -1, 2, 1, 1, 1, 1, -2, -2, -1, 2, -1, -2, -2, 1, -2, -1, -1, -1, -1, -2, 1, 1, 1]"
723,dfs_bnb_mpi,1109.53,-19,20,265681951,"[-1, -2, -1, 2, 2, -1, -1, -2, 1, -2, -2, -1, 2, -1, 2, 2, 2, 1, 2, 1, -2, 1, 2, 1, 1, -2, -1, -2, 1]"
724,dfs_bnb_mpi,3051.08,-19,20,683370134,"[-1, -2, 1, 1, 2, 1, -2, 1, -2, 1, -2, -2, -1, 2, -1, 2, -1, -1, -1, -2, 1, 1, -2, 1, -2, -1, -1, 2, -1]"
725,dfs_bnb_mpi,561.168,-19,20,140184275,"[-1, -1, 2, 2, 1, -2, 1, 2, 2, -1, 2, 1, 1, -2, 1, 2, 1, -2, -2, -2, -2, -2, -1, 2, 2, 2, -1, -2, -2]"
726,dfs_bnb_mpi,3228.84,-18,19,722984120,"[-1, -1, 2, 2, 2, 2, 1, 2, 2, 2, 1, -2, 1, 1, -2, -1, -1, -2, 1, -2, -1, -1, -2, -2, 1, 2, 1, -2, -2]"
727,dfs_bnb_mpi,869.082,-19,20,202597533,"[-1, -1, 2, 2, 2, 2, -1, -2, -2, -2, -2, -2, 1, 1, 1, 1, 2, 2, 2, -1, 2, 1, 2, -1, -1, -2, -2, -2, 1]"
728,dfs_bnb_mpi,588.043,-19,19,143624844,"[-1, -1, 2, 1, 2, 1, -2, 1, 2, 1, -2, 1, -2, -2, -2, -1, 2, 2, -1, -2, -2, -2, -1, 2, 2, -1, -1, -2, 1]"
729,dfs_bnb_mpi,644.269,-19,19,157298332,"[-1, -1, 2, 1, 1, 2, -1, -1, -1, -2, -1, -2, 1, -2, -1, -2, 1, -2, 1, 1, 1, 1, 2, -1, 2, -1, -1, -2, 1]"
730,dfs_bnb_mpi,398.449,-19,20,98890047,"[-1, -1, 2, 1, 1, 2, -1, 2, 1, 1, -2, 1, -2, -1, -2, -2, -1, -1, -2, 1, 1, 1, 2, 2, 1, 2, 2, 2, -1]"
731,dfs_bnb_mpi,168.478,-19,20,39187062,"[-1, -1, 2, 1, 2, 1, -2, 1, -2, -2, -1, -1, -1, -2, 1, -2, 1, 2, 1, -2, 1, 2, 2, 2, 2, 1, 2, -1, -1]"
732,dfs_bnb_mpi,181.93,-19,20,45746619,"[-1, -1, 2, 2, 2, 1, 2, 1, -2, 1, -2, -1, -1, -2, 1, 1, -2, 1, 2, 1, 2, -1, 2, 1, 2, -1, 2, -1, -2]"
733,dfs_bnb_mpi,481.048,-18,19,117335082,"[-1, -1, 2, 2, 2, 2, 1, -2, 1, -2, -1, -2, 1, 1, 2, 2, 2, -1, 2, -1, -1, -1, -2, -2, -2, -1, -2, 1, -2]"
734,dfs_bnb_mpi,860.35,-18,19,191619275,"[-1, -1, 2, 2, 2, 1, 1, 1, 1, 1, -2, -2, -2, -2, -1, 2, 2, 2, -1, -1, -1, -2, 1, 1, -2, -2, -1, -1, -1]"
735,dfs_bnb_mpi,1333.68,-19,20,307176443,"[-1, -2, 1, 1, -2, -2, -2, -2, -1, 2, 2, 2, -1, -2, -2, -1, -2, 1, -2, -1, -1, 2, 2, 2, 2, 2, 1, -2, -2]"
736,dfs_bnb_mpi,277.159,-19,20,67557303,"[-1, -2, 1, 1, 2, 2, 1, -2, 1, 2, 1, -2, -2, -2, -1, 2, -1, -2, -1, -1, -1, -2, 1, -2, 1, 2, 1, 1, 1]"
737,dfs_bnb_mpi,756.475,-18,19,180847436,"[-1, -1, 2, 2, 2, -1, -2, -2, -2, -2, 1, 1, 1, 1, 2, 1, 2, 2, 2, -1, -1, -2, 1, -2, -1, -1, 2, 2, 2]"
738,dfs_bnb_mpi,659.946,-19,20,151187975,"[-1, -2, -2, -2, -2, 1, 2, 2, 2, 1, 2, 1, 1, 1, -2, -2, -1, 2, -1, -2, -1, -2, -2, -2, 1, 2, 2, 1, -2]"
739,dfs_bnb_mpi,1922.95,-19,20,459143511,"[-1, -1, 2, -1, 2, 2, 2, 1, 1, -2, 1, 2, 2, 1, -2, -2, 1, -2, -2, -2, -1, 2, 2, -1, -2, -1, 2, -1, 2]"
740,dfs_bnb_mpi,947.157,-19,19,217460537,"[-1, -1, 2, 2, 1, -2, 1, 2, 2, -1, 2, -1, -2, -1, -2, -1, -2, 1, -2, -1, -2, 1, -2, 1, 2, 1, 1, -2, -1]"
741,dfs_bnb_mpi,557.689,-18,19,133525341,"[-1, -1, 2, 2, 2, 2, 2, 2, 1, -2, -2, 1, 1, -2, -1, -1, -2, -2, 1, 2, 1, 1, 2, 2, 2, -1, 2, -1, -2]"
742,dfs_bnb_mpi,51.843,-18,19,11640543,"[-1, -1, 2, 2, 2, 1, 1, 2, 1, -2, -2, -1, -1, -2, 1, 1, -2, 1, 2, 2, 2, 2, 2, -1, -1, -1, -2, -1, 2]"
743,dfs_bnb_mpi,843.408,-19,20,213718002,"[-1, -1, 2, 2, 1, -2, 1, 2, 1, -2, 1, 1, -2, -2, -2, -1, -1, -1, -1, -1, -1, 2, 1, 1, 1, 1, 2, 1, -2]"
744,dfs_bnb_mpi,160.11,-19,20,37317299,"[-1, -1, 2, 2, 2, 1, -2, -2, 1, 2, 2, 1, 1, -2, -1, -2, 1, -2, -1, -2, -2, -1, -2, -1, 2, -1, 2, 1, 1]"
745,dfs_bnb_mpi,7578.7,-17,18,1650058803,"[-1, -1, 2, 2, 2, -1, 2, -1, -1, -1, -1, -2, 1, 1, 1, -2, 1, -2, -1, -1, 2, -1, -1, -2, 1, -2, 1, 1, 1]"
746,dfs_bnb_mpi,154.125,-19,20,35187266,"[-1, -1, 2, 1, 2, 2, 1, 1, -2, -1, -2, 1, 1, -2, -1, -2, -2, -1, 2, -1, -1, -2, 1, -2, 1, 1, 1, 2, 2]"
747,dfs_bnb_mpi,83.3626,-19,20,18567892,"[-1, -1, 2, 2, 2, 1, -2, -2, 1, 1, -2, 1, 2, 2, -1, -1, 2, 1, 1, 2, -1, 2, -1, -2, -1, 2, -1, -2, -1]"
748,dfs_bnb_mpi,1092.27,-18,19,266864490,"[-1, -1, 2, 2, 2, 2, 1, -2, 1, -2, -1, -2, 1, 1, 1, 2, -1, 2, 2, -1, 2, 1, 1, 1, -2, -1, -2, 1, -2]"
749,dfs_bnb_mpi,3255.66,-19,20,708139422,"[-1, -2, -1, -2, -1, -2, 1, 1, 2, 1, 2, 1, -2, -2, -2, -2, -1, -2, -1, 2, -1, -2, -1, 2, 2, 1, 1, 1, 2]"
750,dfs_bnb_mpi,302.752,-19,20,75356698,"[-1, -1, 2, 1, 1, 2, 1, -2, -2, -2, -1, -1, -1, -2, 1, 1, 1, 1, 2, 2, 1, 2, -1, 2, 2, -1, -1, -1, -2]"
751,dfs_bnb_mpi,1100.25,-19,20,271418965,"[-1, -1, 2, 1, 2, 2, -1, -2, -1, -2, -2, -2, -2, 1, 2, 1, 1, 1, 1, 2, 2, 2, -1, 2, -1, -2, -2, 1, -2]"
752,dfs_bnb_mpi,1466.99,-19,20,337077974,"[-1, -2, 1, 1, -2, -1, -1, -2, 1, 1, 1, -2, -2, -2, -1, 2, 2, -1, -1, -2, 1, -2, -1, -1, 2, 2, 2, 2, 2]"
753,dfs_bnb_mpi,305.65,-19,20,69130286,"[-1, -1, 2, 2, 1, -2, 1, 1, -2, -2, -2, -2, -1, 2, 2, -1, -1, -1, -2, 1, 1, -2, -1, -1, -1, 2, 2, 2, 1]"
754,dfs_bnb_mpi,333.434,-19,20,76616779,"[-1, -1, 2, 2, 2, 1, -2, -2, 1, 2, 2, 2, 1, -2, 1, -2, -1, -2, 1, -2, -1, -2, -2, -1, -1, -1, 2, 1, 1]"
755,dfs_bnb_mpi,3121.64,-18,19,697265030,"[-1, -1, 2, 2, -1, -1, -2, 1, -2, -1, -1, -2, -2, -2, 1, -2, 1, 1, 2, -1, 2, -1, 2, 1, 1, -2, 1, 2, 1]"
756,dfs_bnb_mpi,783.46,-18,19,188534259,"[-1, -1, 2, 2, -1, -1, 2, -1, -2, -2, 1, 1, -2, -1, -1, -2, 1, 1, -2, -1, -1, -2, 1, 1, 1, 2, 2, 1, -2]"
757,dfs_bnb_mpi,529.438,-19,19,134070831,"[-1, -1, 2, 1, 2, 1, -2, 1, -2, 1, 2, 1, -2, -2, -1, -2, 1, -2, -1, -1, -1, 2, 1, 2, -1, -1, -1, -2, 1]"
758,dfs_bnb_mpi,697.876,-19,20,182194492,"[-1, -1, 2, 1, 1, 2, 1, -2, -2, 1, -2, -1, -1, -1, -1, -2, -2, -2, 1, 1, 1, 2, 1, 2, -1, -1, -1, -2, 1]"
759,dfs_bnb_mpi,1372.01,-18,19,308156811,"[-1, -1, 2, 2, 1, -2, 1, 2, 2, 2, 2, -1, 2, -1, -2, -1, -1, -2, 1, 1, 1, -2, -1, -1, -1, -2, 1, -2, -2]"
760,dfs_bnb_mpi,2395.66,-18,19,596702115,"[-1, -1, 2, 2, 2, 1, 1, 2, 2, 1, 1, 2, 1, -2, -2, -1, -2, 1, -2, -1, -2, -1, -1, -1, 2, 1, 1, 2, 2]"
761,dfs_bnb_mpi,3555.8,-18,19,795636943,"[-1, -1, 2, 1, 1, 2, -1, 2, 1, 2, -1, -1, -1, -1, -1, -2, -2, -2, -2, 1, 2, 2, 2, 1, 1, -2, -1, -2, -2]"
762,dfs_bnb_mpi,546.586,-18,18,123133602,"[-1, -1, 2, 2, 2, 2, 2, 1, -2, -2, 1, 2, 1, 1, -2, -1, -2, -1, -1, -2, 1, 1, -2, -2, -2, -1, 2, -1, -1]"
763,dfs_bnb_mpi,3373.98,-18,19,741833219,"[-1, -1, 2, 2, 2, 2, 2, 1, 1, 1, 1, -2, 1, -2, -1, -1, 2, -1, -1, -2, 1, -2, 1, 1, -2, -1, -1, -1, 2]"
764,dfs_bnb_mpi,543.844,-18,19,121589569,"[-1, -1, 2, 2, 2, 2, 2, 2, 1, 1, 1, -2, -1, -1, -2, 1, 1, -2, -1, -1, -2, -2, 1, 2, 1, 1, -2, -1, -2]"
765,dfs_bnb_mpi,801.565,-19,19,178344618,"[-1, -1, 2, -1, 2, 2, 2, 1, 1, 2, 1, -2, 1, -2, 1, -2, -1, -1, 2, -1, -1, -2, 1, -2, 1, 1, 1, -2, -1]"
766,dfs_bnb_mpi,190.836,-18,19,43331856,"[-1, -2, 1, 1, 2, 1, 1, 1, -2, -1, -1, -2, 1, 1, -2, -2, -1, 2, -1, -2, -1, 2, 2, -1, -1, -2, 1, -2, -1]"
767,dfs_bnb_mpi,705.439,-18,19,155819403,"[-1, -1, 2, 2, 2, 2, 2, 1, -2, -2, 1, 2, 1, 2, 1, -2, -2, -1, -2, -1, -1, -2, 1, 1, -2, 1, 2, 2, 1]"
768,dfs_bnb_mpi,3255.76,-18,19,727049871,"[-1, -1, 2, 2, 2, 2, 1, -2, -2, -2, 1, 2, 1, 2, -1, 2, 2, 2, -1, -2, -1, 2, -1, -2, -2, -2, -2, -2, -2]"
769,dfs_bnb_mpi,663.014,-19,20,165465918,"[-1, -1, -1, 2, 1, 1, 1, 1, -2, 1, -2, -2, -2, -1, 2, 2, -1, -1, -2, 1, -2, -2, -1, 2, -1, 2, 2, -1, -2]"
770,dfs_bnb_mpi,7760.84,-17,18,1733040540,"[-1, -1, 2, 2, 2, 2, 2, 1, 1, 1, 1, -2, -1, -1, -1, -2, 1, 1, 1, -2, -1, -1, -1, -2, 1, 1, 1, -2, -1]"
771,dfs_bnb_mpi,3251.66,-18,19,726666226,"[-1, -1, 2, 2, 2, -1, -1, -2, 1, -2, -2, -1, 2, -1, 2, 2, -1, 2, 1, 1, 1, 1, 1, -2, 1, -2, -1, -2, 1]"
772,dfs_bnb_mpi,2528.31,-19,20,580066113,"[-1, -2, 1, 1, 2, 2, 1, 1, 1, -2, -2, -2, -2, -1, -1, -1, -1, -2, -1, 2, 2, 1, 1, 1, 2, 2, 1, -2, -2]"
773,dfs_bnb_mpi,354.865,-19,20,81940546,"[-1, -1, 2, 2, 2, 2, 2, 1, -2, -2, -2, -2, 1, 1, -2, 1, 2, 2, -1, -1, 2, 2, 2, 2, 1, -2, -2, -2, 1]"
774,dfs_bnb_mpi,506.769,-19,20,131807790,"[-1, -1, 2, 1, 1, 1, 1, 1, -2, -1, -1, -2, -1, -1, -1, -1, 2, 2, 2, 1, 2, 1, 1, 1, 1, -2, -1, -1, -1]"
775,dfs_bnb_mpi,696.279,-19,20,168692213,"[-1, -1, 2, 2, 2, 1, -2, -2, 1, 2, 1, 1, -2, -1, -2, 1, 1, -2, -2, -1, 2, -1, -2, -1, 2, -1, -1, -2, 1]"
776,dfs_bnb_mpi,262.222,-18,19,61154599,"[-1, -1, 2, 2, 2, 1, 1, -2, -1, -2, 1, 1, 2, 2, 2, 2, -1, -2, -1, 2, -1, -2, -1, -2, -1, -2, 1, -2, -2]"
777,dfs_bnb_mpi,65.8883,-18,17,16044036,"[-1, -1, 2, 2, 2, 2, 2, 1, -2, -2, -2, -2, 1, 2, 2, 2, 2, 2, 1, -2, -2, -2, 1, -2, -1, -2, 1, -2, -1]"
778,dfs_bnb_mpi,462.837,-18,19,103391806,"[-1, -2, 1, 1, 2, 2, 1, -2, 1, 2, 1, -2, -2, 1, -2, -2, -1, 2, -1, 2, -1, -2, -1, -1, -2, 1, 1, 1, -2]"
779,dfs_bnb_mpi,2502.27,-18,19,600690103,"[-1, -1, 2, 2, 2, 2, 1, -2, -2, -2, 1, 2, 1, 1, 2, 2, 2, -1, 2, -1, -1, -1, -2, 1, 1, -2, 1, -2, -1]"
780,dfs_bnb_mpi,573.982,-17,18,129052387,"[-1, -1, 2, 2, -1, -1, -1, -1, -2, 1, 1, 1, -2, -1, -1, -1, -2, 1, 1, 1, 1, 1, -2, -1, -1, -1, -1, -1, -1]"
781,dfs_bnb_mpi,3608.43,-18,18,808529304,"[-1, -1, 2, 2, 2, 1, -2, -2, 1, 2, 1, 2, -1, 2, 1, 1, -2, 1, -2, -1, -2, -1, -2, 1, -2, -1, -1, -1, -1]"
782,dfs_bnb_mpi,397.789,-18,19,97381698,"[-1, -1, 2, 2, -1, -1, -1, -2, 1, 1, -2, -1, -1, -2, 1, 1, 1, 1, -2, -1, -2, -2, -1, 2, 2, -1, -1, -2, 1]"
783,dfs_bnb_mpi,614.603,-19,20,148867272,"[-1, -2, 1, 1, 2, 2, 1, 1, 1, -2, -1, -1, -2, 1, 1, -2, -2, -2, -1, 2, -1, -2, -1, 2, -1, 2, 1, 1, 1]"
784,dfs_bnb_mpi,102.204,-19,20,22437552,"[-1, -2, 1, 1, 1, 1, -2, -1, -1, -1, -1, -1, 2, 2, 2, 2, 1, -2, 1, 1, -2, 1, 1, 2, -1, 2, -1, -1, 2]"
785,dfs_bnb_mpi,1141.34,-19,20,251813254,"[-1, -2, 1, 1, 1, -2, -1, -1, -1, -1, -2, 1, 1, 1, 1, -2, -2, -1, 2, -1, -2, -1, 2, -1, -2, -2, 1, 1, 1]"
786,dfs_bnb_mpi,3435.08,-18,19,765185802,"[-1, -1, 2, 2, 2, 2, 2, 1, 1, 1, 1, 1, -2, -1, -1, -2, 1, -2, -2, -1, 2, -1, 2, 2, -1, -2, -2, -2, 1]"
787,dfs_bnb_mpi,87.6849,-19,20,21207972,"[-1, -1, 2, 2, 2, 1, 1, -2, -1, -2, 1, 1, 2, 1, -2, -2, -1, -2, 1, -2, -1, -1, -2, -1, 2, -1, 2, 1, 1]"
788,dfs_bnb_mpi,68.7454,-18,19,15928553,"[-1, -1, 2, 2, 2, 2, 2, 1, -2, 1, -2, -1, -2, -2, 1, 2, 1, 2, 2, 1, -2, -2, -2, -1, -2, -2, 1, 2, 1]"
789,dfs_bnb_mpi,336.762,-19,20,75100725,"[-1, -1, 2, 2, 2, 2, 1, 1, 2, 1, -2, 1, -2, -1, -1, -1, -2, -2, 1, 2, 1, -2, -2, 1, 2, 2, 1, 2, 2]"
790,dfs_bnb_mpi,5643.09,-18,19,1274915313,"[-1, -2, -1, 2, 2, 2, 2, 1, -2, -2, 1, 2, 2, 2, 2, -1, -2, -1, 2, -1, -2, -1, -2, 1, -2, -1, -2, 1, -2]"
791,dfs_bnb_mpi,3265.24,-18,19,759020558,"[-1, -1, 2, 2, 2, 1, -2, -2, 1, 2, 2, 2, -1, -1, 2, -1, -1, -1, -2, -2, 1, 2, 1, -2, -2, -1, -2, 1, -2]"
792,dfs_bnb_mpi,804.298,-19,20,182312964,"[-1, -1, 2, 1, 1, 2, 1, 1, 1, -2, -1, -1, -2, 1, 1, -2, 1, -2, -1, -1, 2, -1, -1, -1, -1, -2, 1, 1, 1]"
793,dfs_bnb_mpi,91.8682,-18,19,21819072,"[-1, -1, 2, 2, 1, -2, 1, 2, 2, 1, -2, 1, -2, -1, -2, 1, 1, 2, 1, 2, -1, 2, -1, 2, -1, -1, -1, -2, -1]"
794,dfs_bnb_mpi,2532.63,-18,19,622231541,"[-1, -1, 2, 2, 2, 2, 2, 1, 1, 1, 1, -2, -1, -1, -2, 1, 1, 1, -2, -1, -2, -1, 2, -1, -2, -1, 2, 2, 2]"
795,dfs_bnb_mpi,1333.35,-19,20,293303583,"[-1, -2, -2, -2, -2, 1, 2, 2, 2, 1, 2, 1, 1, 2, 1, -2, -2, -2, -2, -1, 2, 2, -1, -2, -1, -2, 1, -2, -1]"
796,dfs_bnb_mpi,279.205,-18,19,64325252,"[-1, -2, -2, -2, -2, 1, 2, 2, 2, 1, 2, 2, 1, -2, -2, -2, -1, -2, -2, 1, 2, 1, 1, 2, -1, 2, 2, 2, 2]"
797,dfs_bnb_mpi,326.423,-18,19,72203350,"[-1, -1, 2, 2, 2, 2, 2, 1, -2, 1, 2, 2, 1, -2, -2, 1, -2, -1, -1, -1, -2, -2, 1, 2, 1, 1, -2, -1, -2]"
798,dfs_bnb_mpi,841.041,-19,20,190966476,"[-1, -1, 2, 1, 2, 2, -1, -2, -1, -2, -2, -2, 1, 1, 1, -2, 1, 2, 2, 1, 2, 2, 2, -1, -1, -2, 1, -2, -1]"
799,dfs_bnb_mpi,2356.69,-19,20,515615545,"[-1, -1, -1, 2, 1, 2, 2, 2, 1, 1, 2, 1, 1, -2, -1, -2, 1, -2, -1, -1, 2, -1, -2, -2, 1, 1, 1, -2, -1]"
800,dfs_bnb_mpi,2095.88,-19,20,496191128,"[-1, -1, 2, -1, -2, -2, -2, -2, 1, 2, 1, -2, -2, 1, 1, 1, 2, 2, 2, 2, -1, -2, -2, -2, -1, 2, 2, -1, -1]"
801,dfs_bnb_mpi,222.753,-17,17,49556963,"[-1, -1, 2, 2, 2, 2, -1, -1, -1, -2, 1, 1, -2, -1, -1, -2, 1, 1, -2, -1, -1, -2, 1, 1, -2, 1, 2, 1, 1]"
802,dfs_bnb_mpi,235.469,-18,19,60868238,"[-1, -1, 2, 2, 2, 2, 1, -2, 1, 1, -2, -1, -1, -2, 1, 1, -2, -2, -1, -1, -2, -1, 2, -1, 2, 2, 2, 2, 2]"
803,dfs_bnb_mpi,2133.71,-19,20,470368102,"[-1, -1, 2, 1, 2, 1, 1, 2, 1, -2, -2, 1, -2, -1, -2, 1, -2, -1, -1, -1, -1, -1, 2, 1, 1, 1, 2, 2, -1]"
804,dfs_bnb_mpi,1069.62,-19,20,259380926,"[-1, -2, 1, 1, 2, 2, -1, 2, 1, 1, -2, -2, -2, 1, 2, 2, 1, -2, -2, -2, -1, -1, -1, -1, -1, -2, 1, 1, 1]"
805,dfs_bnb_mpi,2842.94,-19,20,623822440,"[-1, -2, 1, 1, 2, 2, -1, 2, 1, 1, 2, 1, 1, 1, -2, -2, -2, -2, -1, 2, 2, 2, -1, -2, -1, -2, 1, -2, -1]"
806,dfs_bnb_mpi,518.429,-19,20,128836365,"[-1, -1, 2, 1, 1, 1, 1, 2, 2, 2, 2, -1, -2, -1, 2, -1, -1, -2, 1, -2, -1, -1, -2, 1, 1, 1, 2, 1, -2]"
807,dfs_bnb_mpi,1449.73,-19,20,336503120,"[-1, -2, 1, 1, 2, 2, 1, -2, 1, -2, -1, -2, 1, 1, -2, -2, -1, 2, -1, -2, -1, -1, -1, 2, 2, 1, 1, -2, -1]"
808,dfs_bnb_mpi,3789.62,-18,19,834854815,"[-1, -1, 2, -1, -1, -1, -1, 2, -1, -2, -2, -2, -2, 1, 2, 2, 1, 1, 1, -2, 1, 1, -2, -1, -1, -1, 2, -1, -2]"
809,dfs_bnb_mpi,353.484,-18,19,84463419,"[-1, -1, 2, 1, 1, 2, 2, 1, -2, -2, -2, 1, 2, 2, 2, 2, -1, 2, -1, -2, -1, 2, -1, -2, -2, 1, -2, -1, -1]"
810,dfs_bnb_mpi,2194.99,-19,20,498789698,"[-1, -1, -1, 2, 1, 2, 1, -2, 1, 1, 1, -2, -1, -2, 1, -2, -1, -1, -2, -1, 2, -1, -2, -1, 2, 2, 1, 1, 1]"
811,dfs_bnb_mpi,773.326,-19,20,185198396,"[-1, -1, 2, 2, 1, -2, 1, 1, -2, -2, -2, -2, -1, 2, 2, -1, -2, -2, -1, 2, 2, -1, 2, 2, -1, -2, -2, -2, 1]"
812,dfs_bnb_mpi,256.505,-17,18,64905896,"[-1, -1, 2, 2, 2, 2, 1, 2, 1, -2, -2, -1, -2, -2, 1, 2, 1, -2, 1, 2, 1, 2, -1, -1, 2, 2, 1, -2, 1]"
813,dfs_bnb_mpi,129.199,-18,19,28748489,"[-1, -1, 2, 2, -1, -2, -2, -2, 1, -2, 1, 2, 1, -2, 1, 2, 2, 2, -1, -1, 2, 1, 1, 2, -1, -1, -1, 2, 2]"
814,dfs_bnb_mpi,1794.13,-19,20,410570781,"[-1, -1, 2, 2, 2, 1, 2, 1, 1, 2, 1, -2, -2, 1, -2, -1, -2, 1, -2, -1, -1, 2, 2, 2, -1, -2, -1, -2, 1]"
815,dfs_bnb_mpi,179.973,-19,19,46400115,"[-1, -1, 2, 2, 2, 1, 1, 1, -2, -1, -1, -2, 1, 1, 1, 2, 2, 2, -1, -1, -1, 2, -1, -2, -1, -2, -2, -2, -2]"
816,dfs_bnb_mpi,2078.37,-19,20,494483621,"[-1, -1, 2, -1, 2, 2, 2, 1, 2, 1, 1, -2, -1, -2, 1, 1, 1, -2, -2, -2, -1, 2, 2, -1, -2, -1, 2, -1, 2]"
817,dfs_bnb_mpi,774.154,-19,20,191559060,"[-1, -1, 2, 2, 1, -2, 1, 2, 2, -1, 2, 1, 2, 2, -1, -2, -1, -2, -1, -1, -2, -2, -2, -2, 1, 2, 2, 2, 1]"
818,dfs_bnb_mpi,898.358,-19,20,206143536,"[-1, -1, 2, 2, 2, 1, -2, -2, 1, 2, 2, 2, 1, 1, 2, 1, -2, -2, -2, -1, -2, 1, -2, -1, -1, 2, 2, 2, 1]"
819,dfs_bnb_mpi,54.745,-19,20,12260052,"[-1, -1, 2, 2, 2, 1, -2, -2, 1, 1, -2, 1, 1, 2, -1, 2, 2, -1, -2, -1, 2, 2, 1, 1, 1, -2, 1, -2, -1]"
820,dfs_bnb_mpi,154.64,-19,20,35449841,"[-1, -1, 2, 2, 1, -2, 1, 2, 2, 2, -1, -2, -1, 2, -1, -2, -1, -2, 1, -2, -1, -2, 1, -2, 1, 1, -2, 1, 2]"
821,dfs_bnb_mpi,2030.34,-19,19,484167868,"[-1, -1, 2, 2, 2, 2, 2, 1, 1, -2, 1, 1, -2, -1, -2, 1, 1, -2, -1, -2, -1, 2, -1, -1, 2, 1, 2, -1, 2]"
822,dfs_bnb_mpi,1880.23,-19,20,453677876,"[-1, -2, -1, -1, -2, -1, -2, 1, 1, 2, 1, -2, 1, 1, 2, -1, 2, 1, 2, 1, -2, -2, -2, -2, -1, -1, -1, -1, -1]"
823,dfs_bnb_mpi,316.409,-18,19,72403834,"[-1, -1, 2, 2, 1, -2, 1, 2, 1, 2, -1, -1, 2, 1, 1, 2, 1, -2, -2, 1, -2, -1, -2, -1, -2, 1, 1, 2, 1]"
824,dfs_bnb_mpi,1096.57,-19,20,251919301,"[-1, -1, -1, 2, 1, 1, 1, 1, -2, 1, -2, -2, 1, -2, -1, -1, 2, 2, -1, -1, -1, -1, -2, 1, 1, 1, -2, -1, -1]"
825,dfs_bnb_mpi,233.528,-19,20,56635087,"[-1, -1, 2, 2, 2, 2, 2, 1, 1, -2, -1, -2, -2, -2, 1, 2, 2, 1, 1, -2, -1, -2, 1, -2, -1, -2, -1, -1, -1]"
826,dfs_bnb_mpi,165.902,-19,20,39310001,"[-1, -1, 2, 2, -1, -2, -1, 2, 2, 2, 2, 1, 1, -2, -1, -2, 1, 1, 2, 2, 1, -2, -2, 1, -2, -1, -1, -2, 1]"
827,dfs_bnb_mpi,3886.83,-18,19,848242737,"[-1, -1, 2, 2, 2, -1, 2, -1, -1, -1, -2, 1, 1, -2, 1, -2, -1, -1, 2, -1, -2, -2, 1, 1, 1, -2, -1, -1, -1]"
828,dfs_bnb_mpi,2139.28,-19,19,481766192,"[-1, -1, 2, 2, 2, -1, -2, -2, -1, 2, 2, 2, 1, 1, 2, 1, -2, 1, 1, -2, -1, -1, -2, -2, 1, 2, 1, -2, -2]"
829,dfs_bnb_mpi,315.085,-19,20,75652692,"[-1, -1, 2, 2, 2, 1, -2, -2, 1, 2, 1, -2, -2, -2, -1, -1, -1, -2, 1, 1, 1, 1, 1, 2, 2, 2, -1, -2, -2]"
830,dfs_bnb_mpi,801.178,-18,18,175682306,"[-1, -1, 2, 2, 2, 1, 2, -1, 2, 1, 1, 1, 1, -2, 1, -2, -1, -1, 2, -1, -2, -2, -1, -2, 1, 1, 2, 1, 1]"
831,dfs_bnb_mpi,590.262,-18,19,130093188,"[-1, -1, 2, -1, -1, -1, -2, -1, -2, 1, 1, 2, 1, -2, 1, 1, -2, -1, -1, -1, -1, -1, -2, 1, 1, 1, -2, 1, 2]"
832,dfs_bnb_mpi,4292.49,-18,19,961977409,"[-1, -2, 1, 1, 2, 2, 2, 1, -2, 1, 1, 1, -2, 1, -2, -1, -2, -1, 2, 2, -1, -1, -2, 1, -2, -1, -1, -1, -1]"
833,dfs_bnb_mpi,1266.3,-18,19,286919042,"[-1, -1, 2, 2, 2, 1, 2, 2, 1, -2, 1, 2, 1, -2, 1, -2, -1, -1, -1, -2, -1, -2, 1, 1, -2, 1, 2, 2, -1]"
834,dfs_bnb_mpi,156.619,-19,20,36454751,"[-1, -1, 2, 1, 2, 1, -2, 1, 2, 1, -2, 1, -2, -2, -1, 2, -1, -2, -1, -1, -1, -2, 1, 1, -2, 1, 2, 1, 1]"
835,dfs_bnb_mpi,70.3885,-19,20,16601334,"[-1, -1, 2, -1, 2, 2, 2, 2, 1, -2, -2, -2, 1, -2, 1, 2, 2, -1, 2, 2, 1, -2, 1, -2, -2, -2, 1, -2, -1]"
836,dfs_bnb_mpi,2107.94,-19,20,483354969,"[-1, -1, 2, 1, 1, 1, -2, 1, -2, -2, 1, -2, -1, -2, -1, -1, -1, 2, -1, 2, 2, 1, 1, 1, -2, -2, -1, 2, -1]"
837,dfs_bnb_mpi,297.344,-19,20,69228486,"[-1, -1, 2, 2, -1, -2, -2, -2, -1, 2, 2, 2, 2, 1, 1, 1, 1, -2, -1, -2, 1, 1, -2, -2, -1, -2, -1, 2, -1]"
838,dfs_bnb_mpi,764.609,-19,20,184496924,"[-1, -1, 2, 2, 2, 2, 2, 2, 1, -2, -2, -2, 1, -2, -1, -2, 1, 1, 1, 2, -1, 2, 1, 2, 2, -1, -1, -2, 1]"
839,dfs_bnb_mpi,866.542,-19,20,201334852,"[-1, -1, 2, 1, 1, 2, 1, -2, -2, -2, -1, -1, -1, -2, 1, 1, -2, 1, 2, 1, 2, 2, 2, 2, 2, -1, -1, -1, -2]"
840,dfs_bnb_mpi,297.574,-18,19,73540497,"[-1, -1, 2, 1, 1, 2, 1, 1, -2, -1, -2, 1, 1, 2, 2, 1, -2, -2, -2, -1, -1, -2, -1, 2, -1, -1, -2, 1, -2]"
841,dfs_bnb_mpi,310.222,-19,20,75547640,"[-1, -1, 2, 2, 1, -2, 1, 1, -2, 1, 2, 1, 2, -1, -1, -1, 2, -1, -1, 2, 1, 1, 1, -2, 1, 2, 1, -2, 1]"
842,dfs_bnb_mpi,1994.49,-19,20,492511257,"[-1, -1, 2, -1, 2, 2, 2, 1, 2, 1, 1, -2, -1, -2, 1, 1, 2, 1, -2, -2, -2, -1, 2, -1, -2, -1, 2, -1, 2]"
843,dfs_bnb_mpi,3063.49,-19,20,719481857,"[-1, -2, -1, -1, -1, -2, 1, 1, 1, -2, -2, -1, 2, -1, -2, -2, 1, 1, 1, 1, 2, -1, 2, 1, 2, -1, 2, 1, 2]"
844,dfs_bnb_mpi,307.865,-18,19,69652820,"[-1, -1, 2, 2, 2, 1, -2, -2, 1, 2, 1, 2, -1, 2, 2, -1, -2, -1, 2, -1, -2, -1, -2, 1, -2, -1, -2, 1, -2]"
845,dfs_bnb_mpi,1271.84,-19,20,289502686,"[-1, -2, 1, 1, -2, 1, -2, -2, -2, -1, 2, 2, -1, 2, -1, -1, 2, -1, -2, -2, 1, 1, -2, 1, -2, -1, -1, 2, -1]"
846,dfs_bnb_mpi,622.787,-18,19,143511150,"[-1, -1, 2, 2, 2, 1, 1, 1, -2, -1, -1, -2, 1, 1, 1, -2, -1, -2, 1, -2, -1, -1, -1, -2, -1, 2, 2, 1, 1]"
847,dfs_bnb_mpi,1016.86,-19,20,266339473,"[-1, -1, 2, 2, 2, 2, 2, 1, -2, -2, -2, -2, 1, 1, 1, 2, 2, 2, 2, -1, 2, -1, -2, -2, 1, -2, -1, -2, 1]"
848,dfs_bnb_mpi,2171.11,-17,18,510844372,"[-1, -1, 2, 2, 2, 2, -1, -1, -1, -2, 1, 1, -2, -1, -1, -1, -2, 1, -2, -2, 1, 2, 2, 1, -2, -2, 1, -2, -1]"
849,dfs_bnb_mpi,3231.82,-18,19,769885852,"[-1, -1, 2, 2, 1, -2, 1, 2, 2, 2, 1, 1, 1, 1, -2, -1, -2, 1, -2, -1, -2, -1, 2, 2, 2, -1, -2, -2, -2]"
850,dfs_bnb_mpi,2801.47,-18,19,675145578,"[-1, -1, 2, 2, -1, -2, -2, -1, 2, -1, 2, 1, 2, 1, 2, 2, 1, -2, 1, 2, 1, -2, -2, -2, -2, -1, 2, 2, -1]"
851,dfs_bnb_mpi,377.548,-18,19,87271957,"[-1, -1, 2, 1, 2, 2, 1, 1, 2, 1, -2, 1, -2, -1, -1, -1, -2, 1, 1, 1, -2, -2, -1, 2, -1, -2, -1, -1, -1]"
852,dfs_bnb_mpi,320.701,-19,20,72812727,"[-1, -1, 2, 2, 2, 1, -2, -2, 1, 2, 1, 1, 1, -2, -1, -1, -2, 1, 1, -2, -1, -1, -2, -1, -1, -1, 2, 1, 1]"
853,dfs_bnb_mpi,1226.08,-19,20,298280285,"[-1, -1, 2, 2, 2, 2, 2, 2, 1, -2, 1, 1, -2, -1, -1, -2, 1, 1, 1, -2, -2, -2, -1, 2, 2, -1, -1, -2, 1]"
854,dfs_bnb_mpi,758.997,-18,19,178981272,"[-1, -2, 1, 1, 2, 2, 1, -2, -2, -2, -1, -1, -1, -2, -2, 1, 2, 1, 1, 1, 1, 2, -1, 2, 1, 2, -1, 2, 2]"
855,dfs_bnb_mpi,1082.74,-19,20,263018682,"[-1, -1, 2, -1, -2, -1, -1, -2, 1, 1, 1, 1, 1, -2, -1, -1, -1, -1, -1, -2, 1, 1, -2, 1, 2, 1, 1, -2, -1]"
856,dfs_bnb_mpi,286.533,-18,19,65907932,"[-1, -1, 2, 2, 1, -2, 1, 2, 2, 2, 2, -1, -1, -1, -2, 1, 1, -2, -1, -1, -1, -2, -1, -2, 1, -2, 1, 2, 2]"
857,dfs_bnb_mpi,862.897,-19,20,199150452,"[-1, -1, 2, 1, 1, 2, 2, 1, 1, 1, -2, -1, -1, -2, 1, 1, -2, -2, -2, -1, 2, 2, -1, -2, -1, -1, -2, 1, 1]"
858,dfs_bnb_mpi,139.832,-18,19,30808570,"[-1, -1, 2, 2, 2, 2, 2, 1, 1, 1, -2, -1, -1, -2, 1, 1, 1, -2, -1, -1, -1, -2, 1, 1, 1, -2, -1, -2, 1]"
859,dfs_bnb_mpi,433.015,-18,19,107266727,"[-1, -1, 2, 2, 1, -2, 1, 2, 1, 2, -1, -1, 2, 1, 1, 1, -2, 1, 1, -2, -2, -1, 2, -1, -2, -1, -2, 1, 1]"
860,dfs_bnb_mpi,682.844,-18,19,163976485,"[-1, -1, 2, 2, 2, -1, 2, 1, 1, -2, -2, -2, 1, 1, 1, 2, 2, 2, 2, -1, -2, -2, -2, -1, 2, 2, 2, -1, 2]"
861,dfs_bnb_mpi,387.358,-19,20,90704737,"[-1, -1, 2, 2, 1, -2, 1, 2, 1, 1, -2, -1, -2, 1, 1, -2, -1, -1, -1, -1, -1, -2, 1, 1, 1, 1, -2, -1, -1]"
862,dfs_bnb_mpi,342.185,-19,20,88626176,"[-1, -1, 2, 2, -1, -2, -2, -2, 1, 1, 1, 1, 2, 2, -1, -1, 2, 2, 1, -2, 1, 1, -2, -2, -2, -2, -1, -1, -1]"
863,dfs_bnb_mpi,408.864,-18,19,97847918,"[-1, -1, 2, -1, -2, -1, -2, 1, 1, 1, 1, 1, -2, -1, -1, -1, -2, 1, 1, 1, -2, -1, -1, -1, -1, 2, -1, 2, 1]"
864,dfs_bnb_mpi,1962.08,-19,20,433054161,"[-1, -1, 2, 2, 2, 2, 1, 2, 1, 1, 1, -2, 1, -2, -2, -1, 2, -1, 2, -1, -2, -1, -2, -2, 1, 2, 1, -2, 1]"
865,dfs_bnb_mpi,554.65,-19,20,135692146,"[-1, -1, 2, 2, 2, 1, 2, 1, 2, 1, 1, -2, -1, -2, -1, -2, 1, 1, 2, 1, -2, -2, -1, -2, -1, 2, -1, -1, 2]"
866,dfs_bnb_mpi,2104.58,-19,20,465529463,"[-1, -1, 2, -1, -2, -2, 1, 1, 1, 1, 1, 2, 2, 1, 2, -1, 2, -1, -1, -1, -1, -2, 1, -2, 1, 2, 1, -2, -2]"
867,dfs_bnb_mpi,217.471,-19,20,54472909,"[-1, -1, 2, 2, 2, 2, 1, -2, -2, -2, 1, 1, 2, -1, 2, 2, 1, -2, 1, 1, -2, -1, -2, 1, 1, -2, -1, -1, -1]"
868,dfs_bnb_mpi,865.799,-19,20,216108768,"[-1, -1, 2, 1, 2, 2, 1, 1, 1, 1, -2, -1, -1, -1, -2, 1, -2, -2, -1, -2, 1, 1, 1, 2, 2, 2, -1, -2, -2]"
869,dfs_bnb_mpi,3176.28,-18,18,752256629,"[-1, -1, 2, 2, 2, 2, 2, 1, 1, -2, -2, 1, 2, 2, 1, -2, -2, -2, 1, -2, -1, -1, 2, -1, -2, -1, 2, 2, 2]"
870,dfs_bnb_mpi,809.27,-19,20,178892938,"[-1, -1, 2, 2, -1, -2, -2, -1, 2, 2, 2, 2, 1, -2, 1, 2, 1, -2, -2, -2, 1, 2, 2, 2, 1, -2, -2, -2, -2]"
871,dfs_bnb_mpi,2141.61,-18,19,556247929,"[-1, -1, 2, 2, 2, 2, 1, 1, 1, -2, -1, -1, -2, -2, 1, 2, 1, 1, 2, 2, 1, -2, -2, -2, -1, -1, -2, 1, 1]"
872,dfs_bnb_mpi,888.71,-19,20,197651795,"[-1, -1, 2, 1, 1, 2, -1, 2, 1, 2, 1, 1, 1, -2, 1, -2, -1, -1, 2, -1, -2, -2, -2, 1, 2, 1, 1, -2, -1]"
873,dfs_bnb_mpi,798.882,-18,19,193773102,"[-1, -1, 2, 2, 2, 2, 1, 1, -2, -1, -2, -2, 1, 2, 1, 2, 1, -2, -2, -1, -2, 1, 1, -2, -1, -1, -1, -1, -1]"
874,dfs_bnb_mpi,1838.88,-18,19,432590804,"[-1, -1, 2, 2, 2, 2, -1, -1, -1, -2, 1, 1, -2, -1, -2, 1, -2, -2, -1, 2, -1, -2, -1, 2, 2, 1, 2, -1, 2]"
875,dfs_bnb_mpi,1022.99,-19,20,241170237,"[-1, -2, 1, 1, 2, 2, 1, -2, 1, 1, -2, -1, -1, -2, 1, 1, -2, -1, -2, -1, 2, -1, 2, -1, -1, -2, 1, -2, 1]"
876,dfs_bnb_mpi,310.908,-19,20,76818848,"[-1, -1, 2, 2, 1, -2, 1, 2, 2, 1, -2, -2, -2, 1, 2, 2, 2, 2, 2, -1, -1, -1, -1, -2, -2, 1, 2, 1, 1]"
877,dfs_bnb_mpi,3144.43,-18,19,691600734,"[-1, -1, 2, 2, 2, 2, 1, 1, 2, 1, 1, -2, -2, -2, 1, -2, -1, -2, -1, 2, 2, -1, -2, -1, 2, 2, 1, 1, 2]"
878,dfs_bnb_mpi,131.963,-19,20,30338951,"[-1, -2, -1, 2, -1, -2, -2, -2, 1, 2, 1, -2, 1, 1, 1, 2, -1, -1, 2, 1, 1, 2, -1, 2, -1, -1, -1, -1, 2]"
879,dfs_bnb_mpi,683.847,-18,19,160278953,"[-1, -1, 2, 2, 2, 1, 2, 1, -2, 1, 2, 1, -2, -2, -1, -1, -1, -2, 1, 1, -2, -2, -1, -1, -1, -1, 2, 2, 2]"
880,dfs_bnb_mpi,162.469,-18,19,38511054,"[-1, -1, 2, 2, 2, 1, 1, -2, -1, -2, 1, 1, 2, 2, 2, 2, -1, -2, -1, 2, -1, -2, -1, -2, -2, -2, -2, -1, 2]"
881,dfs_bnb_mpi,313.686,-18,19,69758757,"[-1, -1, 2, 2, 1, -2, 1, 2, 2, -1, 2, 1, 2, -1, -1, -1, -2, 1, -2, -1, -2, -2, -2, -1, 2, 2, 2, 2, 2]"
882,dfs_bnb_mpi,1279.23,-19,20,295631538,"[-1, -2, 1, 1, 2, 1, 1, -2, -1, -2, 1, 1, -2, 1, -2, -1, -1, 2, -1, -2, -1, -1, -1, 2, 2, 1, 1, -2, -1]"
883,dfs_bnb_mpi,1310.38,-18,19,288467647,"[-1, -1, 2, 2, 2, 2, -1, -2, -2, -1, 2, -1, -2, -2, 1, 1, -2, -1, -1, -2, -2, 1, 2, 1, 1, 1, -2, -1, -1]"
884,dfs_bnb_mpi,802.667,-19,20,197910559,"[-1, -1, 2, 2, 1, -2, 1, 2, 2, -1, 2, 2, -1, -2, -1, 2, -1, -1, -2, 1, -2, -2, -2, -2, 1, 2, 2, 2, 1]"
885,dfs_bnb_mpi,821.918,-19,20,184217671,"[-1, -1, 2, -1, 2, 1, 2, 2, 2, 1, -2, -2, -2, -2, 1, 1, 1, 2, -1, -1, 2, 2, 2, 1, 1, -2, -1, -2, 1]"
886,dfs_bnb_mpi,168.631,-19,20,39902103,"[-1, -1, 2, 2, 2, 1, -2, -2, 1, 2, 1, -2, -2, -2, -1, -2, -1, 2, -1, -2, -2, 1, 1, 1, 2, 1, 2, 2, 2]"
887,dfs_bnb_mpi,3261.22,-19,19,718128199,"[-1, -2, 1, 1, 1, 1, 2, 1, 2, 2, 2, -1, 2, -1, -1, -1, -2, 1, 1, -2, 1, -2, -1, -2, -1, 2, 2, -1, -2]"
888,dfs_bnb_mpi,322.995,-19,20,76391485,"[-1, -1, 2, 2, 1, -2, 1, 2, 1, -2, 1, -2, -1, -2, 1, -2, -1, -2, -1, 2, 2, -1, -1, -1, -2, 1, -2, 1, 2]"
889,dfs_bnb_mpi,634.563,-18,19,139756984,"[-1, -1, 2, -1, 2, -1, -2, -1, -1, -2, 1, 1, 1, -2, 1, 1, -2, -1, -2, -1, 2, -1, 2, -1, -1, -2, 1, -2, 1]"
890,dfs_bnb_mpi,289.122,-19,20,63670238,"[-1, -1, 2, 2, 2, 1, 2, 1, 2, 1, -2, 1, 1, -2, -1, -1, -1, -2, -1, -2, 1, 1, -2, 1, 2, 1, 2, -1, -1]"
891,dfs_bnb_mpi,624.491,-19,20,148337502,"[-1, -1, 2, -1, 2, 1, 2, 2, 2, 1, -2, -2, -2, -2, 1, 1, -2, 1, 2, 2, 2, -1, -2, -1, 2, 2, 2, 1, -2]"
892,dfs_bnb_mpi,3288.16,-18,19,771186754,"[-1, -1, 2, 2, 2, 2, 2, 2, 1, -2, -2, -2, 1, 2, 2, 2, 1, -2, 1, -2, -1, -2, -2, -1, -1, -2, 1, 1, -2]"
893,dfs_bnb_mpi,1464.13,-19,20,322027904,"[-1, -2, -2, -1, 2, 2, 2, 1, 2, -1, -1, -1, -1, -2, 1, 1, -2, -1, -1, -2, 1, 1, -2, -1, -1, -1, 2, 2, 2]"
894,dfs_bnb_mpi,2207.09,-19,20,482586906,"[-1, -1, 2, 2, 2, 2, 2, 1, 2, 1, -2, 1, -2, 1, -2, -1, -1, 2, -1, -2, -2, -2, 1, 2, 1, 1, -2, -1, -2]"
895,dfs_bnb_mpi,128.905,-19,18,29753513,"[-1, -1, 2, 2, 1, -2, 1, 2, 2, 2, 2, -1, -1, -2, 1, -2, -1, -1, -2, -2, -2, -1, -1, 2, 1, 2, 2, 2, 1]"
896,dfs_bnb_mpi,322.154,-19,20,74013168,"[-1, -1, 2, 2, 2, -1, -2, -2, -2, -2, 1, 1, 1, -2, 1, 2, 2, 2, -1, -1, 2, 2, 1, -2, 1, 1, -2, -2, -2]"
897,dfs_bnb_mpi,414.612,-18,19,105357704,"[-1, -2, 1, 1, 2, 1, -2, 1, -2, -1, -1, -1, -1, -2, -2, 1, 2, 1, 1, 1, 1, -2, -1, -1, -1, -2, 1, 1, 1]"
898,dfs_bnb_mpi,4586.39,-17,18,1119184082,"[-1, -1, 2, 2, 2, 2, 2, 2, -1, -1, -1, -1, -2, 1, 1, 1, -2, -1, -1, -2, -2, -2, 1, 2, 2, 1, -2, -2, -2]"
899,dfs_bnb_mpi,137.947,-19,19,35654684,"[-1, -1, 2, 1, 2, 1, -2, 1, -2, -2, -1, -1, -1, -2, 1, 1, -2, -1, -2, 1, 1, 2, 2, 1, 2, 2, 2, 2, -1]"
900,dfs_bnb_mpi,117.716,-19,19,29573921,"[-1, -1, 2, 2, 2, 1, 1, 1, 1, -2, -1, -1, -1, -2, 1, 1, 1, -2, -1, -2, -1, -1, -2, -1, 2, -1, 2, 2, 2]"
901,dfs_bnb_mpi,1351.94,-19,20,327109303,"[-1, -1, 2, 1, 2, 2, 1, 2, 1, 1, -2, -1, -2, -1, -2, 1, 1, 2, 1, -2, -2, -2, -1, 2, -1, -2, -1, -1, -1]"
902,dfs_bnb_mpi,301.482,-18,19,71000883,"[-1, -1, 2, 2, 2, 1, -2, -2, 1, 2, 2, 2, 2, -1, -2, -1, 2, -1, -2, -1, -2, 1, -2, -2, -2, -1, 2, 2, -1]"
903,dfs_bnb_mpi,1378.45,-18,19,299494874,"[-1, -1, 2, 2, 2, -1, -2, -1, -1, -1, -2, -2, -2, 1, -2, 1, 2, 2, -1, 2, 1, 1, -2, -2, 1, 1, -2, -1, -1]"
904,dfs_bnb_mpi,340.763,-18,19,75650348,"[-1, -1, 2, 1, 2, 2, 2, 2, -1, -2, -2, -2, -1, -2, -2, -1, 2, 2, 2, 1, 2, 2, -1, -2, -1, -2, -2, -2, -1]"
905,dfs_bnb_mpi,544.086,-19,20,127683799,"[-1, -1, 2, 1, 2, 2, 1, 1, -2, -1, -2, 1, 1, -2, -1, -2, -1, -1, -1, -2, -2, 1, 2, 1, -2, 1, 2, 1, 2]"
906,dfs_bnb_mpi,353.538,-19,20,80735682,"[-1, -1, 2, 1, 1, 2, -1, -1, -1, -2, -1, -2, 1, -2, -1, -1, -2, 1, 1, 1, 2, 1, 1, -2, -1, -2, -1, -1, -1]"
907,dfs_bnb_mpi,515.599,-19,20,128256496,"[-1, -2, 1, 1, -2, 1, 2, 2, 2, 1, -2, 1, -2, -1, -2, 1, 1, 2, 2, 2, -1, 2, -1, -1, -1, -1, -2, 1, -2]"
908,dfs_bnb_mpi,1218.22,-19,20,292652060,"[-1, -2, -1, -2, 1, 1, 2, 1, 2, 2, 1, -2, -2, -2, -1, -2, 1, -2, -1, -2, -1, 2, 2, -1, -1, -2, -2, 1, 2]"
909,dfs_bnb_mpi,4488.81,-18,19,985248797,"[-1, -1, 2, -1, -1, -1, -1, -2, -2, -1, -2, -2, 1, 2, 1, -2, 1, 2, 2, -1, 2, 1, 1, -2, 1, -2, -1, -2, 1]"
910,dfs_bnb_mpi,309.815,-19,20,70939142,"[-1, -1, 2, 1, 2, 1, 2, 2, -1, -2, -1, -2, -1, 2, 2, 1, 2, 1, 1, 1, 1, -2, -1, -2, 1, -2, -1, -2, -1]"
911,dfs_bnb_mpi,137.253,-19,20,31424948,"[-1, -1, 2, 2, 2, 1, 2, 2, 1, -2, -2, 1, 1, -2, -1, -1, -1, -2, 1, 1, -2, 1, 2, 1, 2, 2, 2, -1, -1]"
912,dfs_bnb_mpi,1874.69,-19,20,474839912,"[-1, -2, 1, 1, 2, 2, 1, 1, -2, -1, -2, 1, 1, -2, -2, -1, -2, -1, -1, -1, 2, -1, 2, 1, 1, -2, 1, 2, 1]"
913,dfs_bnb_mpi,1077.97,-19,19,273731655,"[-1, -1, 2, 2, -1, -2, -2, -1, 2, 2, 2, 1, 2, 2, 1, -2, -2, 1, 2, 1, -2, 1, -2, -1, -1, -2, 1, 1, -2]"
914,dfs_bnb_mpi,398.96,-18,19,93672379,"[-1, -1, 2, 2, 2, -1, -1, -2, 1, -2, -2, -1, 2, -1, 2, 2, 2, 1, 1, 1, 1, 1, -2, -1, -2, -2, 1, 2, 1]"
915,dfs_bnb_mpi,986.909,-19,20,228216037,"[-1, -1, 2, 1, 2, 2, 2, 2, 1, 1, -2, -1, -2, 1, 1, 2, 1, -2, -2, -1, -2, 1, -2, -1, -1, 2, 2, -1, -2]"
916,dfs_bnb_mpi,884.931,-19,20,224505497,"[-1, -1, 2, 2, 2, 2, 2, 1, 1, -2, 1, 2, 1, -2, -2, -1, -1, -2, 1, 1, 1, -2, -1, -1, -1, -1, 2, 2, 2]"
917,dfs_bnb_mpi,392.571,-19,20,99156067,"[-1, -1, 2, 2, 2, 2, 1, -2, -2, -2, 1, 2, 2, 2, 2, -1, -1, -1, -1, -2, -1, -2, 1, -2, -2, 1, 2, 2, 2]"
918,dfs_bnb_mpi,194.871,-19,20,50921408,"[-1, -1, 2, 1, 2, 1, -2, 1, 2, 1, 2, -1, -1, -1, -1, -2, -1, -2, -1, -2, 1, -2, 1, 1, 1, 1, 2, 1, 2]"
919,dfs_bnb_mpi,2687.78,-18,19,664207084,"[-1, -1, 2, 2, 2, 2, 2, 1, 1, 1, 1, -2, -1, -1, -2, 1, 1, 1, -2, -1, -2, -1, 2, -1, -2, -1, 2, 2, 2]"
920,dfs_bnb_mpi,57.2419,-18,19,12761979,"[-1, -1, 2, 1, 2, 1, -2, 1, 2, 1, 1, -2, -1, -2, -1, -2, -1, -1, -1, -2, 1, 1, 1, 1, 2, 1, 2, 1, 2]"
921,dfs_bnb_mpi,478.464,-18,19,117049667,"[-1, -1, 2, 2, 2, 2, 1, -2, -2, -2, 1, 1, 2, -1, 2, 1, 2, -1, 2, 2, -1, -2, -1, -1, -2, -1, -2, 1, -2]"
922,dfs_bnb_mpi,1052.05,-19,20,262652601,"[-1, -2, 1, 1, 2, 1, 1, 1, -2, -1, -1, -2, -1, -1, -1, -2, 1, -2, -2, 1, 2, 2, 1, -2, 1, 2, 2, 1, -2]"
923,dfs_bnb_mpi,334.448,-19,20,80905365,"[-1, -2, 1, 1, 2, 2, 1, 1, 1, -2, -1, -1, -2, 1, 1, 1, 2, 2, 2, 2, -1, -2, -1, 2, -1, -2, -1, -1, -2]"
924,dfs_bnb_mpi,166.324,-17,18,37213902,"[-1, -1, 2, 2, 2, 2, 2, 2, 1, 1, -2, -1, -2, 1, 1, -2, -1, -1, -2, -2, 1, 2, 1, -2, 1, 1, -2, -1, -1]"
925,dfs_bnb_mpi,2002.72,-19,20,474511892,"[-1, -1, 2, 2, 2, 2, 1, 1, 2, 2, 1, -2, 1, -2, -1, -2, 1, -2, -2, -2, -1, 2, 2, -1, 2, -1, -2, -2, 1]"
926,dfs_bnb_mpi,3272.57,-18,19,717469535,"[-1, -1, 2, 2, 2, 2, 2, 1, -2, 1, 2, 2, 1, -2, 1, -2, -1, -2, 1, -2, -1, -1, 2, -1, -2, -2, 1, 1, 1]"
927,dfs_bnb_mpi,272.964,-19,20,68911412,"[-1, -1, 2, 2, 2, 2, 1, -2, -2, -2, 1, 1, -2, 1, 2, 2, 2, -1, 2, 1, 2, -1, 2, -1, -2, -2, -2, -2, 1]"
928,dfs_bnb_mpi,114.258,-19,20,28688076,"[-1, -1, 2, 2, 2, 1, 2, 1, -2, -2, -1, -2, 1, 1, 2, 2, 2, 1, -2, 1, -2, -1, -2, -2, -1, -2, -1, -1, -1]"
929,dfs_bnb_mpi,162.53,-19,20,37966356,"[-1, -1, 2, 2, 2, 2, 1, -2, -2, -2, 1, 1, -2, 1, 2, 2, -1, -1, 2, 2, 2, 1, -2, -2, 1, 1, 2, -1, 2]"
930,dfs_bnb_mpi,1044.62,-18,19,262055447,"[-1, -1, 2, 2, 2, 1, 2, -1, -1, -2, -2, -2, -1, 2, 2, 2, 2, 1, 1, 1, 1, -2, 1, -2, -1, -2, -1, -2, 1]"
931,dfs_bnb_mpi,980.28,-19,20,243326222,"[-1, -2, 1, 1, 2, 1, 1, -2, -1, -2, -1, -1, -1, -2, 1, 1, 1, 1, 2, 1, 2, 2, 2, -1, 2, -1, -2, -1, -1]"
932,dfs_bnb_mpi,785.474,-18,19,177085067,"[-1, -1, 2, 2, 1, -2, 1, 1, 2, -1, 2, 1, 2, 1, 2, -1, 2, -1, -1, -1, -2, 1, 1, -2, -1, -2, -1, 2, -1]"
933,dfs_bnb_mpi,1936.84,-19,20,459327076,"[-1, -2, 1, -2, 1, 2, 2, 2, -1, 2, 1, 2, 1, 1, 1, -2, -1, -1, -2, 1, 1, -2, -2, -1, 2, -1, -2, -2, 1]"
934,dfs_bnb_mpi,1527.21,-18,19,341513394,"[-1, -2, -2, -1, -2, 1, 1, 1, 1, 1, 1, 2, 2, 2, -1, 2, -1, -2, -2, 1, -2, -1, -1, -1, 2, 1, 2, 2, 2]"
935,dfs_bnb_mpi,960.874,-19,20,247006235,"[-1, -1, 2, 2, 1, -2, 1, 2, 2, -1, -1, 2, 1, 1, 1, 1, -2, -1, -2, 1, 1, -2, -1, -1, -2, 1, -2, -1, -1]"
936,dfs_bnb_mpi,291.766,-18,19,65528737,"[-1, -1, 2, 2, 2, 2, 1, -2, 1, -2, -1, -2, 1, 1, -2, -2, -1, -1, -1, -1, 2, 2, 2, 2, -1, -2, -2, -2, -1]"
937,dfs_bnb_mpi,2453.84,-19,20,604145940,"[-1, -2, 1, 1, 1, -2, -1, -1, -1, -1, 2, -1, -2, -2, 1, -2, -1, -2, 1, 1, 1, 2, 1, 1, 2, -1, -1, -1, -2]"
938,dfs_bnb_mpi,3073.73,-19,20,691530525,"[-1, -2, 1, 1, -2, -2, -2, -2, -1, 2, -1, -2, -2, -1, -1, 2, 2, 2, 2, 2, 1, -2, 1, 1, -2, -1, -1, -2, -2]"
939,dfs_bnb_mpi,555.897,-19,20,139906299,"[-1, -2, -1, 2, 2, 1, 2, 2, 2, -1, -1, -2, 1, -2, -1, -1, 2, 2, -1, -2, -2, -2, -2, 1, -2, 1, 2, 2, -1]"
940,dfs_bnb_mpi,1114.64,-18,19,278644945,"[-1, -1, 2, 2, 2, 2, -1, -2, -1, -2, 1, -2, -2, -2, 1, 1, 1, 1, 2, 2, -1, -1, 2, 2, 2, 1, -2, -2, 1]"
941,dfs_bnb_mpi,1242.7,-18,19,283221099,"[-1, -1, 2, 1, 2, 2, 2, 1, -2, 1, 2, 2, 1, -2, 1, -2, -1, -2, -1, -1, -2, 1, -2, -2, 1, 2, 2, 1, 2]"
942,dfs_bnb_mpi,1236.18,-18,19,296005169,"[-1, -1, 2, 2, 2, 1, -2, -2, 1, 2, 2, 2, -1, -1, -1, -2, -1, 2, -1, -2, -2, 1, -2, -1, -2, 1, 1, 2, 2]"
943,dfs_bnb_mpi,420.085,-19,20,109207727,"[-1, -1, 2, 2, 2, 1, 1, -2, -1, -2, 1, 1, 2, 2, 2, -1, -1, -1, -1, -2, -1, -1, -2, -2, 1, 2, 1, -2, -2]"
944,dfs_bnb_mpi,144.772,-18,18,37471981,"[-1, -1, 2, 2, 2, 2, 1, -2, -2, -2, 1, 2, 1, 2, -1, 2, 2, 1, -2, 1, -2, 1, -2, -1, -2, -1, -2, 1, 1]"
945,dfs_bnb_mpi,601.769,-18,19,145807334,"[-1, -1, 2, 2, 2, 2, 2, 1, 1, 1, -2, -1, -1, -2, -2, -2, 1, 1, -2, 1, 2, 2, -1, -1, 2, 1, 1, 2, 2]"
946,dfs_bnb_mpi,479.684,-18,19,108261446,"[-1, -2, 1, 1, 2, 2, 1, -2, -2, -2, -1, -1, -1, -2, 1, 1, -2, 1, 2, 1, 2, 1, 2, -1, 2, 2, 1, -2, 1]"
947,dfs_bnb_mpi,362.756,-19,20,93398771,"[-1, -1, 2, -1, -2, -1, 2, -1, 2, 2, 1, -2, 1, 2, 1, -2, 1, -2, 1, 1, -2, -2, -1, -1, -1, -1, -1, -1, 2]"
948,dfs_bnb_mpi,2156.71,-17,18,478072305,"[-1, -1, 2, 2, 2, 1, -2, -2, 1, 2, 2, 2, -1, 2, -1, -2, -1, 2, -1, -2, -2, 1, -2, -1, -1, -2, 1, 1, -2]"
949,dfs_bnb_mpi,1109.09,-19,20,262309438,"[-1, -1, 2, 2, 2, -1, -2, -2, -1, -2, 1, -2, -1, -2, 1, 1, 2, 1, -2, 1, 2, 1, 2, 2, 2, -1, -1, -2, 1]"
950,dfs_bnb_mpi,3436.08,-18,19,756324448,"[-1, -1, 2, 2, 2, -1, -1, -1, -1, -2, 1, -2, -1, -2, -2, 1, 2, 1, 2, 2, 1, -2, -2, -2, 1, -2, -1, -1, 2]"
951,dfs_bnb_mpi,703.54,-18,19,162127895,"[-1, -1, 2, 2, 2, 2, 2, 1, 2, 1, 1, 1, -2, -2, -1, 2, -1, -2, -1, -2, -2, -2, 1, 2, 2, 1, 1, -2, -1]"
952,dfs_bnb_mpi,260.424,-19,20,65889693,"[-1, -1, 2, -1, 2, 1, 1, -2, 1, 2, 1, -2, -2, -2, -1, -1, -1, -2, 1, 1, -2, -1, -2, -1, 2, -1, 2, 2, 2]"
953,dfs_bnb_mpi,175.694,-19,19,42704600,"[-1, -1, 2, 2, 2, 1, 1, 2, -1, 2, 1, 1, -2, -2, -2, -1, -1, -2, 1, 1, 1, 2, 1, 2, -1, 2, 2, 1, -2]"
954,dfs_bnb_mpi,1062.37,-18,19,257110668,"[-1, -2, -1, 2, 2, 2, 1, -2, 1, 2, 2, -1, -1, -1, -1, -1, -2, -2, -2, -2, 1, 2, 2, 2, 1, -2, -2, -2, -2]"
955,dfs_bnb_mpi,586.942,-18,19,143655001,"[-1, -1, 2, 2, 1, -2, 1, 2, 2, -1, 2, 2, 1, -2, 1, 1, 1, -2, -2, -2, -1, 2, 2, -1, -2, -2, -2, 1, 1]"
956,dfs_bnb_mpi,1404.99,-18,19,337185113,"[-1, -1, 2, 2, 2, 2, 1, -2, -2, -2, 1, 1, 1, 2, -1, -1, 2, 1, 2, -1, 2, -1, -1, -1, -2, -2, -2, -2, -2]"
957,dfs_bnb_mpi,176.965,-19,20,42612723,"[-1, -1, 2, 2, 2, 2, 1, 1, 2, 1, -2, -2, -1, -1, -2, -2, 1, 2, 1, -2, -2, 1, 2, 1, 2, -1, 2, 2, 2]"
958,dfs_bnb_mpi,499.499,-19,20,119851871,"[-1, -1, 2, 1, 1, 2, 2, 1, -2, -2, -2, 1, 2, 2, 2, 1, -2, -2, -2, -2, -2, -1, 2, -1, -1, -1, -2, 1, 1]"
959,dfs_bnb_mpi,95.1638,-19,20,23008648,"[-1, -1, 2, 1, 2, 1, -2, 1, 2, 1, -2, -2, -1, -2, -2, -1, 2, -1, -1, -2, 1, -2, 1, 1, 1, 2, 1, 2, -1]"
960,dfs_bnb_mpi,122.224,-19,20,27410205,"[-1, -1, 2, 2, 2, 1, 2, 2, 1, -2, 1, 2, 1, -2, -2, -1, -1, -2, -1, -2, 1, 1, -2, 1, 2, 1, 2, -1, -1]"
961,dfs_bnb_mpi,710.824,-19,20,173487295,"[-1, -1, 2, 2, 1, -2, 1, 1, -2, -2, 1, -2, -1, -1, 2, -1, -1, -2, -2, -2, 1, 1, 1, 1, 2, -1, -1, -1, 2]"
962,dfs_bnb_mpi,1813.08,-19,20,435269618,"[-1, -2, 1, 1, 2, 2, 2, 1, 1, -2, -2, 1, -2, -1, -2, 1, -2, -1, -1, -1, -1, -1, 2, 1, 1, 1, 2, 2, 2]"
963,dfs_bnb_mpi,826.586,-19,20,185083117,"[-1, -1, 2, 2, 1, -2, 1, 1, -2, 1, 1, 2, -1, 2, 1, 2, 2, -1, -2, -1, -2, -1, 2, -1, -1, 2, 1, 1, 1]"
964,dfs_bnb_mpi,526.384,-19,20,122018975,"[-1, -2, -1, 2, 2, 2, 2, -1, -2, -1, -2, 1, -2, -2, -2, 1, 1, 1, 2, 1, 2, 2, 2, -1, 2, -1, -2, -2, 1]"
965,dfs_bnb_mpi,281.468,-19,20,67421511,"[-1, -1, 2, 2, 1, -2, 1, 2, 2, 1, 1, 1, -2, -1, -1, -2, 1, 1, -2, -1, -1, -2, 1, -2, -1, -1, 2, -1, -1]"
966,dfs_bnb_mpi,422.653,-19,20,100874586,"[-1, -1, 2, 2, -1, -2, -1, 2, 2, 1, 1, 1, -2, -2, 1, 2, 1, -2, -2, -2, -2, -1, 2, -1, -2, -1, 2, -1, 2]"
967,dfs_bnb_mpi,622.522,-19,20,151775323,"[-1, -1, 2, 2, 1, -2, 1, 2, 2, -1, -1, -1, -2, -1, -2, 1, -2, -1, -1, -2, 1, 1, -2, 1, 2, 1, 1, -2, -1]"
968,dfs_bnb_mpi,135.87,-18,17,30464487,"[-1, -1, 2, 2, 2, 2, 2, 1, 1, 1, -2, 1, -2, -1, -1, 2, -1, -2, -2, -2, 1, 2, 1, 1, 1, -2, -1, -1, -2]"
969,dfs_bnb_mpi,336.295,-18,19,74945067,"[-1, -1, 2, 2, 2, 2, 1, 2, 2, 1, -2, -2, 1, 2, 1, -2, -2, -1, -1, -1, -2, -2, 1, 2, 1, 1, -2, -1, -2]"
970,dfs_bnb_mpi,3247.6,-18,19,724983675,"[-1, -1, 2, 2, 1, -2, 1, 2, 2, 1, 1, -2, -1, -2, 1, -2, -2, 1, -2, -1, -1, -1, -1, -1, 2, 1, 1, 1, 2]"
971,dfs_bnb_mpi,1816.27,-19,20,434367806,"[-1, -1, 2, 1, 2, 1, 2, 1, -2, 1, 2, 1, -2, -2, -1, -2, 1, -2, -1, -2, -1, -1, -1, 2, 1, 1, 2, 2, -1]"
972,dfs_bnb_mpi,249.061,-19,20,61221033,"[-1, -1, 2, 2, 2, 1, -2, -2, 1, 2, 2, 1, -2, 1, -2, -1, -2, 1, -2, -1, -2, -1, 2, -1, -1, -2, 1, -2, 1]"
973,dfs_bnb_mpi,126.091,-18,19,29057289,"[-1, -1, 2, 2, 2, 2, 2, 1, 1, 1, 1, -2, -1, -1, -1, -2, 1, -2, -1, -2, 1, 1, 2, 2, 1, 1, -2, -1, -2]"
974,dfs_bnb_mpi,897.146,-19,20,202688162,"[-1, -1, 2, 1, 2, 1, -2, 1, 2, 1, 1, -2, -1, -2, 1, 1, -2, -2, -1, 2, -1, -2, -1, -1, -1, 2, 1, 1, 2]"
975,dfs_bnb_mpi,1636.34,-19,19,401795142,"[-1, -1, 2, 2, 1, -2, 1, 1, -2, 1, 2, 2, 2, 2, 2, -1, -1, -2, -1, 2, -1, -2, -2, 1, 1, -2, 1, 2, 2]"
976,dfs_bnb_mpi,119.62,-19,20,27238649,"[-1, -1, 2, 2, 2, 1, 2, 1, 2, 1, 1, -2, -1, -2, -1, -2, -1, -2, 1, 1, 2, 1, 2, 1, -2, -2, -1, -2, -1]"
977,dfs_bnb_mpi,526.015,-19,20,130016356,"[-1, -1, 2, 2, -1, -2, -1, 2, 2, 1, 1, 1, 2, -1, -1, -1, 2, 1, 1, 1, 1, -2, -2, 1, -2, -1, -1, -2, 1]"
978,dfs_bnb_mpi,2302.08,-19,20,527860777,"[-1, -1, 2, 2, 2, 1, 2, 2, 1, 1, -2, -1, -2, 1, 1, 1, -2, -2, -2, -1, 2, 2, -1, -1, -1, -2, 1, 1, -2]"
979,dfs_bnb_mpi,691.148,-19,20,173902047,"[-1, -1, 2, 1, 1, 2, 1, 1, 1, -2, -1, -1, -2, -2, 1, 2, 1, -2, 1, -2, -1, -1, -1, -1, -1, -1, 2, 1, 1]"
980,dfs_bnb_mpi,2320.15,-18,19,587924044,"[-1, -1, 2, 2, 2, 2, 2, 1, 1, -2, 1, -2, -1, -2, 1, 1, 2, 1, -2, -2, -1, -2, -1, 2, -1, -1, 2, 2, 2]"
981,dfs_bnb_mpi,559.925,-18,19,124851308,"[-1, -1, 2, 2, -1, 2, -1, -2, -1, -2, 1, 1, -2, -1, -1, -2, 1, -2, 1, 2, 1, 1, -2, -1, -2, -1, -1, -1, 2]"
982,dfs_bnb_mpi,332.802,-19,20,82941444,"[-1, -2, -1, -2, 1, 1, 2, 1, 2, 1, -2, -2, -1, -2, -1, -1, -1, -2, 1, 1, 1, 1, 2, 1, 2, 2, 2, 2, -1]"
983,dfs_bnb_mpi,3715.31,-18,19,875490211,"[-1, -1, 2, -1, -2, -2, 1, 1, 1, -2, -1, -1, -1, -2, 1, -2, -1, -2, 1, 1, 2, 2, 1, -2, 1, 2, 2, 2, 2]"
984,dfs_bnb_mpi,1922.65,-19,20,457479139,"[-1, -1, 2, 1, 2, 1, 2, 1, -2, 1, -2, 1, -2, -2, -2, -1, -1, -1, -1, -1, 2, 1, 1, 1, 1, 2, -1, 2, -1]"
985,dfs_bnb_mpi,320.938,-19,20,72163034,"[-1, -1, 2, 2, 1, -2, 1, 1, -2, -2, -1, -1, -2, 1, 1, -2, -1, -1, -1, -1, 2, 1, 2, -1, -1, 2, 2, 1, -2]"
986,dfs_bnb_mpi,1446.86,-19,20,371892342,"[-1, -1, 2, 2, 1, -2, 1, 2, 2, -1, 2, 1, 1, -2, -2, -2, -2, -2, -1, -2, -1, 2, -1, -1, 2, 2, 2, 2, 1]"
987,dfs_bnb_mpi,152.751,-19,20,35235482,"[-1, -1, 2, 2, 1, -2, 1, 2, 2, 1, 1, -2, -1, -2, 1, -2, -1, -2, -1, -1, -1, -2, 1, -2, 1, 2, 1, 1, 2]"
988,dfs_bnb_mpi,1461.07,-18,19,330826240,"[-1, -1, 2, 2, 2, 1, 1, 1, 1, 1, -2, -1, -1, -1, -1, -2, 1, 1, -2, 1, 2, 1, -2, -2, -1, -1, -1, -1, -1]"
989,dfs_bnb_mpi,2100.97,-19,20,462539528,"[-1, -1, 2, 1, 2, -1, 2, -1, 2, 1, 2, 1, 1, 1, 1, -2, -1, -1, -1, -2, 1, 1, 1, -2, -1, -1, -2, 1, 1]"
990,dfs_bnb_mpi,784.394,-19,20,178572664,"[-1, -1, 2, 2, 2, 2, 2, 1, 2, 1, 1, -2, -1, -2, 1, 1, -2, -1, -1, -2, 1, 1, -2, -1, -1, -1, 2, 2, 2]"
991,dfs_bnb_mpi,1246.12,-17,18,275209604,"[-1, -1, 2, 2, 2, 2, 2, 1, -2, -2, 1, 2, 2, 1, -2, 1, -2, -1, -2, -1, -1, -2, 1, 1, -2, 1, 2, 2, 1]"
992,dfs_bnb_mpi,255.057,-18,19,64452511,"[-1, -1, 2, 2, 2, 2, 2, 1, -2, -2, -2, -2, 1, 1, 2, -1, 2, 2, 2, 2, 1, -2, -2, -2, 1, 1, 2, -1, 2]"
993,dfs_bnb_mpi,460.664,-19,20,108023991,"[-1, -2, 1, 1, 2, 2, 1, -2, -2, -2, -1, -1, -1, -2, 1, 1, 1, 1, 2, 2, 2, 2, 2, -1, 2, -1, -2, -1, -2]"
994,dfs_bnb_mpi,3211.4,-18,19,707661663,"[-1, -1, 2, 2, 2, 1, 2, 1, 2, 1, -2, 1, 1, -2, -1, -1, -1, -2, 1, 1, 1, -2, -1, -2, -1, 2, -1, -1, 2]"
995,dfs_bnb_mpi,2420.91,-19,20,607581183,"[-1, -2, -1, -2, 1, 1, 2, 1, 2, 2, 1, -2, -2, 1, 2, 2, 1, -2, -2, -2, -1, -2, -1, 2, -1, -2, -1, -1, -1]"
996,dfs_bnb_mpi,176.613,-19,20,44748397,"[-1, -1, 2, 2, 2, 1, 2, 1, -2, 1, -2, -1, -1, -2, 1, 1, -2, 1, 2, 1, 2, -1, 2, 1, 2, -1, 2, -1, -2]"
997,dfs_bnb_mpi,1819.22,-19,20,432567168,"[-1, -1, 2, 1, 2, 2, 1, 1, 1, 1, -2, -1, -2, -2, -2, -2, -1, -1, -1, -1, 2, 1, 1, 1, 2, 2, 2, -1, -2]"
998,dfs_bnb_mpi,136.492,-19,20,32931979,"[-1, -1, 2, 2, 2, 1, -2, -2, 1, 2, 2, 1, 2, -1, -1, -1, -1, -2, -2, -2, -2, -2, 1, 1, 1, 1, 2, 2, 2]"
999,dfs_bnb_mpi,783.961,-19,20,190558640,"[-1, -1, 2, 2, 2, 1, -2, -2, 1, 2, 1, 1, -2, -1, -2, 1, 1, -2, -2, -1, -1, -1, -1, -1, 2, 1, 1, 1, 1]"
