protein_id,algorithm,time,score,checked,placed,hash
0,dfs_bnb_mpi,661.443,-2,3,193963586,"[-1, -1, 2, 2, 2, 2, 2, 2, 2, 2, 1, -2, -2, -2, -2, -2, -2, -2, 1, 1, -2, -2, -1, -1, -1, -1, 2, 2, 2]"
1,dfs_bnb_mpi,198.49,-6,7,61822961,"[-1, -1, 2, -1, -1, -2, 1, -2, 1, 1, 1, 1, 2, 2, 2, 2, -1, -1, -2, -1, 2, 2, 2, -1, -2, -2, -2, -1, 2]"
2,dfs_bnb_mpi,3154.47,-4,5,960534701,"[-1, -1, 2, 2, 2, 2, 2, 2, 2, 1, 2, 2, -1, -2, -1, 2, 2, 2, -1, -2, -1, -1, -2, 1, 1, -2, -2, 1, -2]"
3,dfs_bnb_mpi,3.52477,-6,7,1070844,"[-1, -1, 2, 2, 1, 1, -2, 1, 2, 2, 2, 1, -2, -2, -2, -2, -1, -2, 1, 1, 2, 1, 1, 2, -1, -1, 2, 2, 2]"
4,dfs_bnb_mpi,1106.21,-7,8,267416226,"[-1, -1, 2, 2, 2, 2, 1, 2, 2, 1, -2, -2, 1, 2, 2, 1, -2, -2, -2, -1, -1, -1, -2, 1, -2, 1, 1, 2, -1]"
5,dfs_bnb_mpi,41.0182,-5,6,12151054,"[-1, -1, 2, 2, 2, 2, 2, 1, 2, 1, -2, 1, 2, 1, -2, -2, -1, -2, -2, -1, 2, 2, -1, -2, -2, -2, 1, 1, 1]"
6,dfs_bnb_mpi,0.557402,-8,9,168750,"[-1, -2, -2, -2, -1, 2, 2, -1, 2, 1, 2, 1, 1, 2, 1, -2, 1, -2, -1, -2, -1, -2, 1, 1, 2, 1, 2, 2, 2]"
7,dfs_bnb_mpi,3.67794,-6,7,1139872,"[-1, -1, 2, 2, 1, -2, 1, 2, 1, 2, -1, 2, 2, 2, -1, -2, -2, -2, -1, 2, 2, -1, -2, -2, -2, -2, -1, 2, 2]"
8,dfs_bnb_mpi,2958.07,-2,3,902176707,"[-1, -1, 2, 2, 2, 2, 2, 2, 2, 2, 2, 2, 2, 2, 2, 2, 2, 1, -2, 1, 2, 2, 2, -1, -1, -1, -2, -2, -2]"
9,dfs_bnb_mpi,2115.35,-5,6,632759428,"[-1, -1, 2, 2, 2, 2, 2, 2, 2, 2, 1, 2, 2, 2, -1, -2, -2, -1, -1, -2, 1, -2, -1, -1, -1, -2, 1, 1, 1]"
10,dfs_bnb_mpi,0.257743,-6,6,80387,"[-1, -1, 2, 2, -1, -2, -1, -2, 1, -2, 1, 1, -2, -1, -1, -1, 2, -1, -1, -1, 2, 2, 1, -2, 1, 2, 2, 2, 2]"
11,dfs_bnb_mpi,1789.34,-7,8,474304675,"[-1, -1, 2, 2, 2, 2, 2, 2, 1, 1, 2, -1, -1, 2, 2, 2, -1, -2, -2, -2, -1, 2, -1, -2, -2, 1, -2, 1, 2]"
12,dfs_bnb_mpi,0.207104,-6,7,65421,"[-1, -1, 2, 1, 2, 1, -2, 1, 2, 1, 1, 2, 2, -1, -2, -1, 2, 2, 2, -1, -2, -2, -2, -1, 2, 2, 2, 2, 2]"
13,dfs_bnb_mpi,63.5948,-4,5,18951335,"[-1, -1, 2, 2, 2, 2, 2, 2, 2, 2, 2, 2, 1, 1, 2, -1, -1, 2, -1, -2, -1, -2, 1, -2, -1, -1, 2, 2, 2]"
14,dfs_bnb_mpi,3692.89,-6,7,1121399853,"[-1, -1, 2, 2, 2, 2, 2, 2, 2, 2, 2, 2, 1, 2, -1, -1, -2, -1, -1, -2, 1, 1, -2, -2, -2, -2, -1, -2, 1]"
15,dfs_bnb_mpi,14.5202,-6,6,4472776,"[-1, -1, 2, 2, 2, 2, 2, -1, 2, 1, 2, 1, -2, 1, 2, 2, 2, 1, -2, -2, -2, -2, -1, -1, -2, -2, -2, -2, 1]"
16,dfs_bnb_mpi,1625.83,-5,6,471936548,"[-1, -1, 2, 2, 2, 2, 2, 2, 2, 1, 1, -2, -2, -2, -2, -2, -1, -2, 1, 1, 2, 1, -2, -2, -1, -2, -1, -1, -1]"
17,dfs_bnb_mpi,54.8209,-6,7,16686826,"[-1, -1, 2, 2, 2, -1, -2, -2, -1, -1, 2, -1, -2, -2, -1, -1, -2, 1, 1, 1, 2, 1, -2, -2, 1, 1, 2, -1, 2]"
18,dfs_bnb_mpi,26.1195,-6,7,7482039,"[-1, -1, 2, 1, 1, 1, -2, 1, 2, 1, -2, 1, 1, -2, -1, -1, -1, -2, -2, -1, 2, 2, -1, -1, -1, -1, 2, 2, 2]"
19,dfs_bnb_mpi,5.39496,-6,7,1501685,"[-1, -1, 2, 2, 2, 2, 1, 1, 1, -2, -1, -2, -1, -2, 1, 1, 2, 1, 2, 2, 2, -1, -1, -1, -1, 2, 2, 2, 2]"
20,dfs_bnb_mpi,0.878361,-4,5,250334,"[-1, -1, 2, 2, 2, 2, 2, 2, 1, 2, 2, 2, 1, 1, -2, -2, -2, -1, -2, -1, -2, 1, -2, 1, 1, 2, 2, -1, -2]"
21,dfs_bnb_mpi,447.074,-6,7,135059444,"[-1, -1, 2, 1, 2, -1, -1, -2, -1, 2, 2, 2, 2, 2, 2, 1, -2, -2, -2, -2, 1, 2, 1, -2, 1, -2, 1, 2, 2]"
22,dfs_bnb_mpi,2229.32,-4,5,672073366,"[-1, -1, 2, 2, 2, 2, 2, 2, 1, -2, -2, -2, 1, 2, 2, 2, 2, -1, 2, 2, -1, -2, -2, -1, -2, -2, -2, -2, -1]"
23,dfs_bnb_mpi,708.471,-6,7,212939321,"[-1, -2, -1, 2, -1, 2, 1, 1, 1, 1, 2, 2, 2, -1, 2, -1, -2, -1, 2, -1, -2, -2, -2, 1, 1, 1, 2, -1, -1]"
24,dfs_bnb_mpi,6267.06,-6,7,1898755934,"[-1, -1, 2, 1, 2, 2, 2, 2, 1, -2, -2, -2, 1, 2, 2, 1, -2, 1, 2, 2, 1, -2, -2, -2, -1, -1, -2, -1, -1]"
25,dfs_bnb_mpi,421.233,-7,8,128755323,"[-1, -1, 2, 2, 2, 1, 2, 1, 2, 1, 1, 2, -1, -1, 2, 2, -1, -2, -2, -2, -1, -2, -1, -2, -1, -1, -2, 1, 1]"
26,dfs_bnb_mpi,6436.66,-5,6,1919705393,"[-1, -1, 2, 2, 2, 2, 2, 2, 2, 2, 1, 1, -2, 1, -2, -1, -1, -2, 1, -2, -2, -2, -2, 1, -2, -2, -1, -1, -1]"
27,dfs_bnb_mpi,26.6831,-5,6,7664097,"[-1, -1, 2, 2, 2, 2, 2, 1, 1, -2, -1, -2, 1, 1, 2, 1, 2, -1, 2, 2, 2, 2, 1, -2, -2, -2, 1, 2, 2]"
28,dfs_bnb_mpi,7607.41,-7,8,2173604906,"[-1, -1, 2, 2, -1, -2, -2, -1, -1, -2, 1, 1, -2, -1, -1, -1, -2, 1, 1, 1, 1, 2, 2, 1, 1, -2, -2, -1, 2]"
29,dfs_bnb_mpi,1.89855,-6,7,587095,"[-1, -1, 2, -1, -1, -2, -1, -1, -1, 2, 1, 1, 2, 1, 1, 1, 2, 2, 1, -2, -2, -2, 1, 2, 2, 2, 2, 2, 2]"
30,dfs_bnb_mpi,521.544,-4,5,158549887,"[-1, -1, 2, 2, 2, 1, 2, 2, -1, -2, -1, 2, 2, 2, 2, 2, -1, -2, -2, -2, -2, -2, -1, -1, -2, 1, 1, 1, -2]"
31,dfs_bnb_mpi,164.622,-6,7,46444865,"[-1, -1, 2, 2, 2, 2, 1, 1, 1, -2, -2, -2, -2, -2, -1, -1, -1, -2, 1, 1, 1, 1, -2, -1, -2, -1, 2, -1, -1]"
32,dfs_bnb_mpi,4968.34,-5,6,1513555744,"[-1, -1, 2, 2, 2, 2, 1, 2, 1, 1, 2, -1, 2, 2, -1, -2, -2, -1, -2, -1, 2, 2, 2, -1, -2, -2, -2, -2, 1]"
33,dfs_bnb_mpi,2.41602,-5,5,669647,"[-1, -1, 2, 2, 1, 2, 2, -1, -2, -1, 2, 2, -1, -2, -2, -1, 2, -1, -2, -2, 1, 1, 1, -2, -1, -1, -1, -1, 2]"
34,dfs_bnb_mpi,68.5014,-6,7,20166613,"[-1, -1, 2, 1, 1, 1, 2, 2, 2, 2, -1, -2, -2, -2, -1, 2, -1, -2, -1, 2, 2, 2, -1, -2, -2, -2, -2, 1, -2]"
35,dfs_bnb_mpi,0.877566,-6,7,233921,"[-1, -1, 2, 2, 2, 2, 1, -2, 1, 1, -2, -1, -1, -2, 1, 1, -2, 1, -2, -1, -1, -1, -1, -1, 2, 2, 2, 2, 2]"
36,dfs_bnb_mpi,15693.2,-5,6,4774857412,"[-1, -1, 2, 2, 2, 2, 2, 1, 2, -1, -1, 2, -1, 2, 2, -1, -2, -2, -1, -1, -2, 1, 1, 1, -2, 1, -2, -1, -1]"
37,dfs_bnb_mpi,721.7,-2,3,217665564,"[-1, -1, 2, 2, 2, 2, 2, 2, 1, -2, -2, -2, 1, 2, 2, 2, 2, 2, -1, -1, -1, -2, -2, -2, -2, -2, -1, 2, 2]"
38,dfs_bnb_mpi,0.515302,-5,6,158069,"[-1, -1, 2, 2, -1, -2, -1, -2, 1, -2, 1, 1, -2, 1, -2, -1, -1, 2, -1, -1, 2, -1, 2, 2, 2, 2, 2, 2, 2]"
39,dfs_bnb_mpi,306227,-6,7,91585177325,"[-1, -1, 2, 2, 2, 1, 2, -1, -1, -2, -2, -1, 2, 2, 2, 2, 1, 1, 1, 1, -2, -2, 1, 1, -2, -1, -1, -2, -1]"
40,dfs_bnb_mpi,3742.94,-5,6,1139097676,"[-1, -1, 2, -1, -2, -2, 1, -2, -1, -1, -1, 2, -1, -1, -2, 1, -2, -2, 1, 2, 1, 1, 1, 1, 2, 2, 1, 1, 2]"
41,dfs_bnb_mpi,10.2676,-5,6,3174826,"[-1, -1, 2, 2, 2, 2, 2, -1, -2, -2, -2, -1, 2, -1, -2, -2, -1, -2, 1, 1, 2, 1, -2, -2, 1, 1, 1, 1, 2]"
42,dfs_bnb_mpi,101.535,-6,7,29041505,"[-1, -2, 1, 1, 1, -2, -1, -1, -1, -2, -1, 2, -1, -1, 2, 1, 1, 2, 2, 2, 2, 1, -2, -2, 1, 2, 2, 2, 2]"
43,dfs_bnb_mpi,217.574,-6,7,63540128,"[-1, -1, 2, 1, 2, 2, 2, 2, -1, -2, -2, -2, -1, 2, 2, -1, -2, -2, -1, -2, 1, 1, -2, -2, -2, -1, 2, 2, -1]"
44,dfs_bnb_mpi,16333.3,-4,5,4743060073,"[-1, -1, 2, 2, 2, 2, 2, 2, 2, 2, 2, 2, 2, 2, 2, 2, 1, 1, 2, -1, -1, 2, -1, -2, -1, -2, 1, -2, -1]"
45,dfs_bnb_mpi,850.501,-6,7,255334732,"[-1, -1, 2, 1, 2, -1, -1, 2, 1, 1, 1, 1, -2, -2, -2, -2, -1, -1, -1, -2, -1, 2, -1, 2, -1, 2, 1, 1, -2]"
46,dfs_bnb_mpi,3495.3,-6,7,1049430372,"[-1, -1, 2, 2, 2, 2, 2, -1, -1, -2, -2, -1, 2, -1, -2, -2, 1, -2, 1, 2, 1, -2, -2, -2, 1, 1, 1, -2, -1]"
47,dfs_bnb_mpi,4756.67,-4,5,1446267739,"[-1, -1, 2, 2, 2, 2, 2, 2, 2, 1, 1, -2, -2, -1, -2, 1, 1, 2, 2, 1, -2, -2, -2, -1, -1, -1, -2, 1, 1]"
48,dfs_bnb_mpi,66.1726,-7,7,19745423,"[-1, -1, 2, 2, 1, -2, 1, 1, -2, -2, -1, -1, -1, -2, -1, -1, -2, 1, 1, -2, -2, 1, 2, 2, 1, 1, 2, -1, -1]"
49,dfs_bnb_mpi,18666.7,-6,7,5048779454,"[-1, -1, 2, 2, 2, 2, 2, 2, 1, -2, -2, -2, 1, 1, 1, 1, 2, -1, -1, -1, 2, 1, 1, 2, 2, -1, -1, -2, 1]"
50,dfs_bnb_mpi,1618.07,-5,6,496699115,"[-1, -1, 2, 2, 2, 1, 1, -2, -2, 1, 2, 1, -2, -2, -1, -2, -1, -1, -1, -1, 2, 2, -1, -2, -2, -2, 1, 1, 1]"
51,dfs_bnb_mpi,4340.02,-6,6,1056928003,"[-1, -1, 2, 2, 2, 2, 2, 2, 2, 2, 2, 2, 2, 1, -2, -2, -2, -2, 1, -2, -1, -2, 1, 1, -2, -1, -2, -1, 2]"
52,dfs_bnb_mpi,20349.4,-6,7,4861485906,"[-1, -1, 2, 1, 2, -1, -1, 2, 2, 2, 2, 1, -2, -2, -2, 1, 2, 2, 2, 1, -2, -2, -2, -2, 1, 1, -2, -1, -1]"
53,dfs_bnb_mpi,1.97355,-7,8,617156,"[-1, -2, 1, 1, 2, 1, 2, 2, -1, -2, -1, 2, -1, -2, -1, -2, -2, -2, 1, 1, -2, -1, -2, 1, 1, 2, 2, 1, 2]"
54,dfs_bnb_mpi,301.997,-4,5,87635954,"[-1, -1, 2, 2, 2, 2, 2, 1, -2, -2, 1, -2, -1, -2, 1, 1, -2, -2, -1, -1, -1, -1, 2, 2, 2, 2, 2, 2, 2]"
55,dfs_bnb_mpi,516.496,-6,7,124245172,"[-1, -1, 2, 2, 2, 2, -1, -1, -1, -2, -1, 2, -1, -2, -2, 1, 1, 1, -2, 1, -2, -2, -2, -1, 2, 2, -1, 2, -1]"
56,dfs_bnb_mpi,2.98393,-5,6,733839,"[-1, -1, 2, -1, -2, -2, -1, -1, -2, 1, -2, -2, 1, 2, 2, 1, 2, 1, 1, 1, 2, 2, 2, 2, 2, 2, 2, 2, 2]"
57,dfs_bnb_mpi,707.277,-2,3,205673302,"[-1, -1, 2, 2, 2, 2, 2, 2, 2, 2, 2, 1, -2, -2, 1, 2, 2, 2, -1, -1, -1, -2, -2, -2, -1, 2, 2, 2, 2]"
58,dfs_bnb_mpi,138.18,-6,7,42439855,"[-1, -1, 2, 1, 1, 1, 2, 1, 1, -2, -1, -2, -2, -2, 1, 2, 2, 1, 1, -2, -1, -2, -2, -1, -1, -1, 2, 2, 2]"
59,dfs_bnb_mpi,3.68915,-6,6,1132348,"[-1, -2, -1, -2, 1, 1, 2, 1, 2, 2, 2, 2, 1, -2, -2, 1, 2, 2, 1, -2, -2, -2, -1, -1, -2, 1, 1, 1, 2]"
60,dfs_bnb_mpi,0.973978,-6,7,295602,"[-1, -1, 2, 2, 2, 2, -1, -2, -2, -1, -2, 1, -2, -2, 1, -2, -2, 1, 2, 2, 1, 1, 2, 2, -1, -1, 2, 2, 2]"
61,dfs_bnb_mpi,2696.83,-7,8,813388023,"[-1, -1, 2, 2, 2, 2, 2, 1, -2, -2, -2, -2, 1, 2, 2, 1, -2, -2, 1, -2, 1, 1, -2, -1, -1, -2, -1, 2, 2]"
62,dfs_bnb_mpi,121098,-6,6,35913457523,"[-1, -1, 2, 2, 2, 2, 2, 2, 2, 2, 2, 2, 2, 2, 1, -2, -2, -2, -2, -2, 1, 2, 1, 1, 2, -1, 2, -1, -2]"
63,dfs_bnb_mpi,2692.22,-6,7,819638644,"[-1, -1, 2, 2, 1, -2, 1, 2, 2, -1, 2, 2, 2, 2, -1, -1, -1, -2, -2, -2, -2, -2, -2, 1, 2, 2, 1, 2, 2]"
64,dfs_bnb_mpi,112250,-6,7,33502475563,"[-1, -1, 2, 2, 2, 2, 2, 2, 2, -1, -2, -2, -2, -2, -2, -2, -2, -1, -1, -2, 1, 1, -2, -2, 1, 2, 1, 2, -1]"
65,dfs_bnb_mpi,118734,-5,6,35766630350,"[-1, -1, 2, 2, -1, 2, -1, 2, 2, 2, 2, 2, 2, 2, 2, -1, -2, -2, -2, -2, -2, -2, -2, -2, -2, 1, -2, 1, -2]"
66,dfs_bnb_mpi,137.585,-5,6,40418351,"[-1, -1, 2, 2, 2, 2, 1, 1, 2, -1, -1, 2, 2, -1, -2, -2, -1, -2, 1, -2, -2, -1, 2, -1, 2, 2, 2, 2, 2]"
67,dfs_bnb_mpi,41.5916,-6,7,12861186,"[-1, -1, 2, 2, 1, -2, 1, 2, 2, -1, -1, -1, -2, -2, -1, -1, -2, 1, 1, -2, 1, 1, 1, 1, 2, 2, 2, 2, 2]"
68,dfs_bnb_mpi,253.551,-5,6,76077861,"[-1, -1, 2, 2, 2, 1, 1, -2, -2, 1, -2, 1, 2, 2, 2, 2, 1, -2, -2, -2, -2, -2, -1, -2, -1, 2, -1, -1, -1]"
69,dfs_bnb_mpi,0.789236,-6,7,239873,"[-1, -1, -1, 2, 1, 1, 2, 1, -2, 1, 1, -2, -1, -2, -1, -1, -1, -2, 1, 1, 1, 1, 2, 1, 2, 2, 2, 2, 2]"
70,dfs_bnb_mpi,366.552,-7,8,112083641,"[-1, -2, 1, 1, 2, 1, 1, 2, 2, 2, -1, -1, 2, 2, -1, -2, -2, -1, -1, -2, 1, 1, 1, 1, -2, -1, -1, -1, -1]"
71,dfs_bnb_mpi,262.877,-4,5,80822026,"[-1, -1, 2, 2, 2, 2, 2, 2, 2, 2, 2, 2, 2, 1, 1, 2, 2, 2, 1, -2, -2, -2, -2, -1, -1, -2, 1, 1, 1]"
72,dfs_bnb_mpi,13992,-2,3,4252430959,"[-1, -1, 2, 2, 2, 2, 2, 2, 2, 2, 1, -2, -2, 1, 2, 2, 2, 2, 2, 2, -1, -1, -1, -2, -2, -2, -2, -2, -2]"
73,dfs_bnb_mpi,7.14332,-4,5,2176029,"[-1, -1, 2, 2, 2, 2, 2, 1, -2, -2, 1, 2, 2, 2, -1, -1, -1, -2, -2, -2, -1, -2, 1, -2, -1, -1, 2, 2, 2]"
74,dfs_bnb_mpi,150.074,-6,6,42796990,"[-1, -1, 2, 2, 2, 2, 2, 2, 1, -2, -2, -2, 1, -2, -1, -2, 1, 1, 2, 2, 2, 2, 1, -2, -2, 1, -2, -1, -2]"
75,dfs_bnb_mpi,3242.3,-6,7,779467320,"[-1, -1, 2, 2, 2, 2, 2, 2, 2, 2, 2, 1, 1, 2, -1, -1, 2, -1, -2, -1, -2, 1, -2, -1, -1, -1, -2, 1, 1]"
76,dfs_bnb_mpi,132.976,-6,7,41018652,"[-1, -1, 2, 1, 1, 1, -2, -2, -1, -2, 1, -2, -1, -2, 1, -2, -1, -1, 2, 2, -1, 2, 1, 2, -1, -1, 2, 2, 2]"
77,dfs_bnb_mpi,14916.2,-2,3,4363010615,"[-1, -1, 2, 2, 2, 2, 2, 2, 2, 2, 2, 1, -2, 1, 2, 2, 2, 2, 2, -1, -1, -1, -2, -2, -2, -2, -2, -1, 2]"
78,dfs_bnb_mpi,2974.91,-6,7,907036618,"[-1, -1, 2, 2, 2, -1, -1, -2, 1, -2, -1, -1, -2, 1, 1, -2, 1, 1, 1, 1, 2, 2, -1, -1, 2, 2, 2, -1, 2]"
79,dfs_bnb_mpi,12060.3,-6,7,3553583067,"[-1, -2, -1, 2, -1, -1, 2, 2, 2, 2, 2, 1, 1, -2, -2, -2, 1, 2, 1, -2, 1, -2, -1, -1, -1, -1, 2, 2, 2]"
80,dfs_bnb_mpi,117290,-6,7,34939117720,"[-1, -1, 2, 2, 2, 2, -1, 2, -1, -1, -1, -2, -2, -2, -2, 1, -2, 1, 1, 2, -1, 2, -1, 2, 2, 1, -2, 1, -2]"
81,dfs_bnb_mpi,8869.04,-6,7,2647085049,"[-1, -1, 2, 2, -1, -2, -2, -2, -1, -1, -2, 1, -2, 1, -2, -2, 1, 2, 2, 1, 2, 1, 1, 2, -1, -1, -1, -2, -1]"
82,dfs_bnb_mpi,110.134,-6,7,31933947,"[-1, -2, 1, 1, 1, 1, -2, -1, -1, -1, -1, -1, 2, 2, 2, 1, 1, 2, 1, 2, 1, -2, -2, -1, -2, 1, 1, 2, 2]"
83,dfs_bnb_mpi,0.592821,-7,7,167708,"[-1, -1, 2, 2, 2, 1, 2, -1, 2, 2, -1, -2, -2, -2, -1, -1, -2, 1, 1, -2, -1, -1, -1, 2, 2, 2, 1, 1, 2]"
84,dfs_bnb_mpi,10726.4,-6,7,3129807089,"[-1, -2, 1, -2, -1, -1, 2, 2, 2, 1, 2, 2, 2, 2, 1, -2, -2, -2, -2, 1, 2, 1, -2, -2, -1, -2, 1, 1, 2]"
85,dfs_bnb_mpi,78.2027,-7,8,22962373,"[-1, -1, 2, 2, 2, 1, -2, -2, 1, 2, 2, 2, 2, 1, -2, -2, -2, -2, 1, -2, -1, -2, 1, 1, -2, -1, -1, -1, 2]"
86,dfs_bnb_mpi,239.708,-6,6,57653462,"[-1, -1, 2, -1, 2, 2, 2, 2, 2, 2, -1, -2, -2, -2, -2, -2, -2, -2, 1, -2, -1, -1, -1, 2, 1, 2, 2, 2, 2]"
87,dfs_bnb_mpi,128.673,-7,7,38697365,"[-1, -1, 2, 2, 2, 2, 2, 2, 2, 2, 2, 1, 2, -1, 2, 2, -1, -2, -2, -1, -2, 1, -2, -1, -2, 1, -2, -1, -1]"
88,dfs_bnb_mpi,245686,-7,8,71505973491,"[-1, -2, 1, 1, 1, 2, 1, 2, -1, 2, 2, 2, 2, 2, 2, 2, 2, -1, -1, -2, -2, -2, -2, -2, -2, -2, -2, 1, -2]"
89,dfs_bnb_mpi,17.7624,-7,8,5215116,"[-1, -1, 2, 2, 2, 2, 1, -2, 1, 1, 2, -1, 2, -1, 2, -1, -2, -1, -2, -2, -1, -1, 2, 1, 2, 2, 2, 2, 2]"
90,dfs_bnb_mpi,12765.9,-4,5,3642000397,"[-1, -1, 2, 2, 2, -1, -2, -1, -1, -2, 1, 1, -2, -1, -1, -1, 2, 2, 2, 2, 1, 1, 1, 1, 1, -2, -2, 1, 2]"
91,dfs_bnb_mpi,2736.63,-6,7,823668830,"[-1, -1, 2, 2, 2, 2, 2, 2, 2, 2, 1, -2, 1, 1, -2, -1, -2, -2, 1, 2, 1, -2, -2, -1, -1, -1, 2, 2, 2]"
92,dfs_bnb_mpi,77.6323,-7,8,23573730,"[-1, -1, 2, 1, 1, 2, 1, -2, 1, 2, 1, -2, -2, -2, -2, -1, -1, -1, -2, -1, 2, -1, 2, 1, 1, 1, 2, 1, -2]"
93,dfs_bnb_mpi,183.685,-6,7,55677842,"[-1, -1, 2, 1, 2, 2, 2, -1, -2, -2, -1, -2, -2, -1, 2, 2, 2, -1, -1, -2, -2, -1, -2, 1, -2, 1, 2, 2, 2]"
94,dfs_bnb_mpi,45.807,-7,8,13295191,"[-1, -2, -2, -1, 2, 2, 2, 2, 2, 1, 1, 1, -2, -2, -2, -2, -1, -2, 1, -2, 1, 1, 2, -1, 2, 1, 2, -1, 2]"
95,dfs_bnb_mpi,818.125,-4,5,247171792,"[-1, -1, 2, 2, 2, 2, 1, 2, -1, -1, -2, -2, -2, -1, 2, 2, 2, 2, 1, 1, 1, 1, -2, -2, -2, -1, -2, 1, 1]"
96,dfs_bnb_mpi,493.926,-6,7,136446567,"[-1, -1, 2, 2, 2, 1, -2, -2, 1, 2, 1, -2, 1, 1, -2, -2, -2, -1, -1, -1, -1, -1, 2, 1, 1, 1, 2, 1, -2]"
97,dfs_bnb_mpi,386.533,-6,7,91425836,"[-1, -1, 2, 2, 2, 2, 1, 2, 2, 2, 2, 2, -1, -1, -2, -2, -2, 1, -2, -1, -2, -1, 2, -1, 2, 1, 2, 2, 2]"
98,dfs_bnb_mpi,1.24835,-7,8,391364,"[-1, -2, -2, -2, 1, 1, 2, -1, 2, 1, 2, 2, 2, -1, -2, -1, -1, -2, -2, -1, -1, -2, 1, 1, -2, -1, -1, -1, 2]"
99,dfs_bnb_mpi,670.55,-6,6,176366358,"[-1, -1, 2, 2, 2, 1, 1, 2, 2, 2, -1, -2, -2, -1, 2, 2, -1, -2, -2, -1, -1, -2, 1, 1, -2, -1, -2, 1, -2]"
100,dfs_bnb_mpi,244.098,-7,8,72997671,"[-1, -1, 2, 2, 2, 2, 2, 2, 1, 2, 1, 2, 2, -1, -2, -1, -2, -1, -1, -2, -1, -1, -2, 1, 1, -2, 1, 2, 2]"
101,dfs_bnb_mpi,900.058,-6,7,268574480,"[-1, -1, 2, 2, 2, 1, 1, -2, -2, 1, -2, 1, -2, 1, 2, 2, 1, -2, -2, -2, -1, -1, -1, 2, -1, -1, -1, -1, 2]"
102,dfs_bnb_mpi,3011.58,-6,7,844580833,"[-1, -1, 2, 2, 2, -1, 2, -1, -2, -1, -2, -1, 2, 2, -1, -2, -2, -2, 1, 1, 1, 2, 1, -2, -2, -1, -2, 1, 1]"
103,dfs_bnb_mpi,17720.1,-5,6,5410849648,"[-1, -1, 2, 2, 2, 2, 2, 2, 1, -2, -2, -2, -2, -2, 1, 2, 2, 2, 1, -2, -2, 1, 1, -2, -1, -1, -2, -2, -1]"
104,dfs_bnb_mpi,47.9546,-6,7,14767765,"[-1, -1, 2, 2, -1, -2, -1, 2, 2, -1, -2, -2, -1, 2, -1, -2, -2, 1, 1, 1, -2, -1, -1, -2, 1, 1, 1, 2, 2]"
105,dfs_bnb_mpi,514.966,-6,7,156081090,"[-1, -1, 2, 2, 2, 1, 2, 2, 2, -1, -2, -2, -1, -2, -1, -2, 1, -2, -1, -2, 1, -2, -1, -1, -2, 1, 1, 1, 2]"
106,dfs_bnb_mpi,24158.3,-5,6,6001790937,"[-1, -1, 2, 2, 2, 2, 2, 2, 2, 2, 2, 2, 2, 1, -2, -2, -2, 1, 2, 1, -2, -2, -1, -1, -2, 1, 1, -2, -1]"
107,dfs_bnb_mpi,134.775,-6,7,38228628,"[-1, -1, 2, 2, 2, 2, 2, 2, -1, -1, -2, -2, 1, -2, -2, -1, 2, -1, -2, -2, 1, 1, -2, -2, -1, 2, -1, -1, 2]"
108,dfs_bnb_mpi,512.509,-5,6,156556673,"[-1, -1, 2, 2, 2, 2, 1, -2, -2, -2, 1, 2, 2, 2, 1, -2, 1, 2, 2, -1, -1, -1, -1, -1, -2, -2, -1, 2, 2]"
109,dfs_bnb_mpi,576.571,-6,7,170775716,"[-1, -1, 2, 2, 2, 2, 1, 1, 2, -1, 2, 1, 2, -1, 2, -1, -2, -1, -2, 1, -2, -1, -1, 2, -1, -2, -2, 1, 1]"
110,dfs_bnb_mpi,1508.43,-4,5,429935029,"[-1, -1, 2, 2, 2, 2, 2, 2, 2, 2, -1, -2, -2, -2, -2, -2, -2, -2, -2, -1, -2, 1, -2, 1, 1, 1, 2, -1, -1]"
111,dfs_bnb_mpi,3008.53,-4,5,841460711,"[-1, -1, 2, 2, 2, 1, -2, -2, 1, 2, 2, 2, 2, 2, -1, -1, -1, -2, -2, -2, -2, -2, -2, -1, -2, 1, 1, 1, 1]"
112,dfs_bnb_mpi,795.705,-6,7,245663907,"[-1, -1, 2, 1, 1, 1, 2, 1, 2, 2, 2, 2, 2, 1, -2, -2, -2, -2, -2, 1, -2, -1, -1, -2, 1, -2, -1, -1, 2]"
113,dfs_bnb_mpi,2143.89,-7,8,660706103,"[-1, -1, 2, 2, 2, 2, 2, 2, 1, 2, 2, 1, -2, -2, 1, 2, 2, 2, 1, -2, -2, -2, -2, -1, -2, -1, 2, -1, -2]"
114,dfs_bnb_mpi,6099.02,-6,7,1761174234,"[-1, -1, 2, 2, 2, 2, 2, 1, 1, 1, -2, -2, 1, 2, 1, -2, -2, -1, -1, -1, -1, -2, 1, 1, 1, -2, -1, -2, 1]"
115,dfs_bnb_mpi,343.095,-7,8,105187617,"[-1, -1, 2, 2, 2, 2, 2, 1, 2, 1, -2, -2, -1, -2, 1, 1, 1, 2, 2, 1, 1, 2, -1, -1, 2, -1, -2, -2, -2]"
116,dfs_bnb_mpi,0.405462,-6,7,124928,"[-1, -1, 2, 1, 1, 2, 2, 1, -2, 1, -2, -1, -2, 1, 1, 1, 1, 2, 2, -1, -2, -1, 2, 2, 2, 2, 2, 2, 2]"
117,dfs_bnb_mpi,156.819,-6,7,45033238,"[-1, -1, 2, 2, 2, -1, -2, -2, -1, 2, 2, -1, -2, -2, -2, 1, 1, -2, -1, -1, -2, 1, -2, 1, 2, 1, 2, 1, 1]"
118,dfs_bnb_mpi,156.252,-6,7,47012807,"[-1, -1, 2, 2, 2, 2, -1, -1, 2, -1, -2, -1, 2, -1, -2, -2, 1, 1, -2, 1, 2, 1, -2, -2, -2, -1, -2, 1, 1]"
119,dfs_bnb_mpi,288.892,-6,7,84204836,"[-1, -1, 2, 2, 2, 1, -2, -2, 1, 2, 1, 1, 2, 2, 2, -1, -2, -2, -1, 2, -1, 2, 2, 2, -1, -2, -2, -2, -1]"
120,dfs_bnb_mpi,2463.27,-4,5,663566474,"[-1, -1, 2, 2, 2, 2, 2, 2, 2, 2, 1, 1, -2, 1, 2, 1, -2, -2, -1, -1, -1, -2, 1, 1, -2, -1, -1, -2, 1]"
121,dfs_bnb_mpi,354.931,-6,7,109527216,"[-1, -1, -1, 2, 2, 2, 2, 2, 2, 1, 1, 1, -2, -2, -2, -1, -2, 1, 1, -2, -1, -1, -1, 2, 2, 2, 2, 1, -2]"
122,dfs_bnb_mpi,19.663,-6,7,6085376,"[-1, -1, -1, -1, 2, 1, 2, 2, 2, -1, -1, -2, -2, -2, -2, -2, 1, 1, 1, 1, 1, 1, 2, 2, -1, -1, -1, 2, 2]"
123,dfs_bnb_mpi,5745.56,-4,5,1756765344,"[-1, -1, 2, 2, 2, 2, 2, 2, 2, 2, 2, 2, 2, 1, 1, -2, -2, -2, 1, 1, -2, -1, -1, -2, -1, 2, 2, 2, 2]"
124,dfs_bnb_mpi,10096.7,-4,5,3006703889,"[-1, -1, 2, 2, 2, 2, 2, 2, 2, 2, 2, 2, 2, 2, 2, 2, 1, 2, -1, -1, 2, 2, -1, -2, -2, -2, 1, -2, -1]"
125,dfs_bnb_mpi,0.267121,-5,6,77647,"[-1, -1, 2, 2, 2, -1, -2, -2, -1, 2, 2, 2, -1, -2, -2, -2, -2, 1, 1, -2, 1, 1, 1, 1, 2, 2, 2, 2, 2]"
126,dfs_bnb_mpi,20.8627,-6,7,6325882,"[-1, -2, 1, 1, 2, 2, 2, 2, 2, 1, 1, -2, -2, -2, -1, -2, 1, 1, 2, 2, 1, -2, -2, -2, -1, -1, -1, -2, 1]"
127,dfs_bnb_mpi,311.25,-6,7,96826131,"[-1, -1, 2, 2, 2, 2, -1, -2, -1, -1, 2, 1, 2, 2, -1, -1, -2, -2, -2, -2, 1, 1, 1, -2, -2, -1, 2, -1, -1]"
128,dfs_bnb_mpi,5289.32,-7,8,1600063811,"[-1, -1, 2, 1, 2, -1, 2, 2, -1, -2, -2, -1, -1, -2, -2, -2, -2, 1, 1, 1, 1, 2, -1, -1, -1, 2, 2, 1, -2]"
129,dfs_bnb_mpi,3307.72,-6,7,920978895,"[-1, -2, 1, -2, -1, -1, 2, 2, 2, 1, 1, 2, 2, 2, 1, 1, -2, -2, -2, 1, -2, -1, -2, -2, -1, 2, 2, 2, 2]"
130,dfs_bnb_mpi,773.599,-7,8,236726267,"[-1, -1, 2, 2, -1, -1, 2, -1, -2, -1, 2, 2, -1, -2, -2, -2, 1, 1, -2, 1, -2, -1, -2, 1, 1, 2, 2, 2, -1]"
131,dfs_bnb_mpi,43511.7,-4,5,12606293926,"[-1, -1, 2, 2, 2, 2, 2, 2, 2, 1, 2, 2, 2, 2, -1, -1, -1, -2, -2, -2, -2, -2, -2, 1, 2, 2, 2, 1, 2]"
132,dfs_bnb_mpi,126.468,-4,5,35982169,"[-1, -1, 2, 2, 2, 2, 2, 2, 2, 2, 2, 2, 1, -2, 1, -2, -1, -2, 1, 1, 2, 2, 1, -2, 1, 2, 2, 2, 2]"
133,dfs_bnb_mpi,7.06036,-7,8,2098205,"[-1, -1, 2, 2, 2, 2, -1, -2, -2, -2, -2, -1, 2, -1, 2, 1, 2, 2, -1, 2, 1, 2, 2, 1, -2, -2, 1, 2, 2]"
134,dfs_bnb_mpi,25.8148,-6,7,8016464,"[-1, -1, -1, 2, -1, 2, 2, 2, 1, -2, -2, 1, -2, 1, 1, 1, -2, -2, -1, -1, -1, -2, -2, -1, 2, 2, -1, 2, -1]"
135,dfs_bnb_mpi,1333.99,-2,3,405186391,"[-1, -1, 2, 2, 2, 2, 2, 2, 2, 2, 1, -2, -2, -2, -2, -2, -2, -2, 1, 2, 2, 1, -2, -2, -2, -2, -1, -1, -1]"
136,dfs_bnb_mpi,628.532,-6,7,189561090,"[-1, -1, 2, -1, -1, 2, 1, 1, 1, 1, 1, -2, -2, -2, -1, -1, -1, -1, -1, -1, -1, 2, 2, 2, 1, -2, -2, 1, 1]"
137,dfs_bnb_mpi,161.404,-6,7,48523683,"[-1, -1, 2, 2, -1, -2, -1, -2, 1, -2, -1, -1, -1, -2, 1, 1, 1, -2, 1, 1, 1, 2, -1, -1, 2, 1, 1, 1, 2]"
138,dfs_bnb_mpi,21.0016,-4,5,5132006,"[-1, -1, 2, 2, 2, 2, 2, 2, 2, 1, 2, 2, 2, 1, -2, -2, -2, 1, 1, -2, -1, -1, -1, -2, 1, 1, 1, 1, 2]"
139,dfs_bnb_mpi,113926,-5,6,33908115775,"[-1, -1, 2, 2, 2, 2, 2, 2, 1, 2, 2, 2, 1, -2, -2, 1, 2, 2, 2, 1, -2, -2, -2, -2, -1, -1, -2, -1, -2]"
140,dfs_bnb_mpi,125038,-6,7,33739542688,"[-1, -1, 2, 2, 2, 2, 1, 1, -2, -1, -2, 1, -2, 1, 1, 1, 2, 2, 2, 2, 2, -1, -2, -2, -1, -2, 1, -2, -1]"
141,dfs_bnb_mpi,35778,-2,3,10736544160,"[-1, -1, 2, 2, 2, 2, 2, 2, 2, 2, 2, 2, 2, 2, 2, 2, 1, -2, -2, 1, 2, 2, 2, -1, -1, -1, -2, -2, -2]"
142,dfs_bnb_mpi,80.9911,-6,7,20927825,"[-1, -1, 2, 2, 2, 2, 2, 2, 2, 2, 1, 2, -1, 2, -1, -2, -1, -2, 1, -2, -2, -1, 2, -1, -1, 2, 1, 2, 2]"
143,dfs_bnb_mpi,72.5496,-5,6,18775236,"[-1, -1, 2, 2, 2, 2, 2, 2, 2, 1, 2, 2, 2, 2, -1, -2, -2, -2, -1, -2, -2, -2, -1, -1, -2, 1, 1, -2, -1]"
144,dfs_bnb_mpi,145.008,-4,5,41106410,"[-1, -1, 2, 2, 2, 2, 2, 1, -2, 1, 2, 2, 2, 2, -1, -1, -1, -2, -2, -2, -1, -2, 1, -2, -1, -1, 2, 2, 2]"
145,dfs_bnb_mpi,68.1701,-6,7,20601349,"[-1, -2, 1, 1, 2, 2, 2, 2, -1, -1, -2, -2, -1, 2, 2, 2, -1, -2, -2, -1, -2, 1, -2, 1, -2, -1, -1, 2, -1]"
146,dfs_bnb_mpi,463.952,-4,5,130112168,"[-1, -1, 2, 2, 2, 2, 2, 1, 1, 1, -2, -2, -2, -1, 2, -1, -2, -2, 1, 1, -2, -2, -1, -1, -1, -1, 2, 2, 2]"
147,dfs_bnb_mpi,23654,-4,5,6822080966,"[-1, -1, 2, 2, 2, 2, 2, 1, 2, 2, 2, -1, -1, -1, -1, -2, -2, -2, -2, -2, 1, 1, 2, -1, 2, 1, 2, 1, 2]"
148,dfs_bnb_mpi,4670.47,-5,6,1169262801,"[-1, -1, 2, 2, 2, 2, 2, 1, 2, -1, 2, 2, 2, 2, -1, -1, -2, -2, -2, 1, -2, -1, -1, -2, 1, 1, -2, -1, -1]"
149,dfs_bnb_mpi,668.378,-7,8,193043710,"[-1, -1, 2, 1, 2, -1, 2, -1, -2, -2, -2, -1, -1, -1, -1, 2, 1, 1, 1, 2, 2, 2, 2, -1, -2, -2, -1, -2, 1]"
150,dfs_bnb_mpi,75.8019,-4,5,21241358,"[-1, -1, 2, 2, 2, 2, 2, 2, 2, -1, -2, -1, -1, -2, 1, 1, -2, -2, -2, -2, -2, -2, 1, 1, 1, 1, 2, 2, 2]"
151,dfs_bnb_mpi,0.803173,-7,8,228880,"[-1, -1, 2, 2, -1, -2, -2, -1, -2, 1, 1, 1, -2, -1, -2, 1, 1, 1, -2, -1, -1, -1, -1, 2, 2, -1, -1, 2, 2]"
152,dfs_bnb_mpi,3.72973,-4,5,1074061,"[-1, -1, 2, 2, 2, 2, 2, 2, 1, 1, 2, 1, -2, -2, -1, -1, -2, -2, -2, 1, 2, 2, 1, 1, 2, 2, 2, 2, 2]"
153,dfs_bnb_mpi,55.9329,-6,7,16922572,"[-1, -1, 2, 2, 2, 1, 2, 1, 1, 2, 2, 2, 2, 2, 1, -2, -2, -2, -2, -2, -2, -1, -1, -2, -1, -2, 1, 1, 2]"
154,dfs_bnb_mpi,1.09008,-6,7,250545,"[-1, -1, 2, 2, 2, 1, 2, -1, -1, 2, -1, -2, -2, 1, -2, -2, -1, 2, -1, 2, 2, 2, 2, 2, 2, 2, 2, 2, 2]"
155,dfs_bnb_mpi,90.6985,-6,7,27679832,"[-1, -1, 2, 1, 1, 1, -2, -2, -1, -1, -1, -1, -2, 1, 1, 1, 1, 1, 2, 2, 2, 2, -1, -1, -1, 2, -1, -2, -1]"
156,dfs_bnb_mpi,2709.14,-5,6,648450841,"[-1, -1, 2, 2, 2, 2, -1, -1, 2, 2, 2, 2, -1, -2, -2, -2, -2, -2, -1, -2, 1, 1, -2, -2, 1, 2, 2, 2, -1]"
157,dfs_bnb_mpi,818.875,-6,7,251703158,"[-1, -1, 2, 2, 2, 2, 2, 1, 1, 1, -2, -2, 1, -2, 1, -2, -2, -2, -1, -1, 2, 1, 2, -1, 2, -1, 2, 2, -1]"
158,dfs_bnb_mpi,540.364,-6,7,161461611,"[-1, -1, 2, 2, 2, 1, 2, 1, -2, 1, 2, 2, 2, 2, 1, -2, -2, -2, -2, 1, -2, -1, -2, -1, 2, -1, -1, -2, 1]"
159,dfs_bnb_mpi,1161,-4,5,326952834,"[-1, -1, 2, 2, 2, 2, 1, 2, 2, 2, 2, 2, 2, 2, -1, -2, -2, -2, -2, -2, -2, -1, -2, -1, -1, -2, 1, 1, -2]"
160,dfs_bnb_mpi,1727.98,-6,7,528778928,"[-1, -1, 2, -1, -2, -2, 1, 1, 1, 1, 2, 2, -1, 2, 1, 1, -2, -2, -2, -2, -1, -1, -1, -1, -2, -2, 1, 2, 1]"
161,dfs_bnb_mpi,112168,-6,7,33967204397,"[-1, -1, 2, 2, 2, 2, 1, 2, -1, 2, -1, 2, 2, -1, -2, -1, 2, 2, 2, -1, -2, -2, -2, -2, 1, 1, -2, 1, -2]"
162,dfs_bnb_mpi,15481.8,-7,8,4705527872,"[-1, -2, -1, -2, -1, -2, 1, 1, 1, 1, 2, 1, 2, 2, 2, 2, 2, 2, -1, -1, -2, -2, -2, 1, -2, -2, -1, -2, -1]"
163,dfs_bnb_mpi,361.763,-4,5,112986638,"[-1, -1, 2, 2, 2, 2, 2, 2, 2, 2, 2, 2, 1, -2, -2, -2, -2, -2, -2, -2, 1, 2, 1, -2, -2, -1, -1, -2, 1]"
164,dfs_bnb_mpi,6658.2,-7,8,2035019703,"[-1, -1, 2, 2, 2, -1, -1, -2, -2, -2, -1, -1, -2, 1, 1, -2, -1, -2, 1, 1, 1, 1, 2, 2, -1, -2, -1, 2, 2]"
165,dfs_bnb_mpi,53.1323,-6,6,15140092,"[-1, -1, 2, 2, 1, -2, 1, 2, 2, 2, -1, -1, -1, -2, -2, -2, -1, -1, -2, 1, -2, -1, -1, -2, 1, 1, 1, 2, 2]"
166,dfs_bnb_mpi,13.6296,-4,5,3764866,"[-1, -1, 2, 2, 2, 2, 2, 2, 2, 1, 1, 2, -1, -1, 2, -1, -1, -2, 1, -2, -1, -1, 2, 2, 2, 2, 2, 2, 2]"
167,dfs_bnb_mpi,2228.13,-6,7,680775402,"[-1, -1, 2, 2, 2, 2, 2, 1, -2, -2, 1, 2, 2, 1, 1, 2, -1, 2, 2, -1, -2, -2, -1, 2, -1, -1, -2, -2, -2]"
168,dfs_bnb_mpi,5038.36,-4,5,1497964510,"[-1, -1, 2, 2, 2, 2, 2, 1, 1, -2, 1, -2, 1, -2, -1, -1, 2, -1, -2, -2, 1, 1, 1, -2, -1, -2, -1, -1, -1]"
169,dfs_bnb_mpi,98.9176,-6,7,29802928,"[-1, -1, 2, 2, 2, 2, 2, 1, 2, -1, 2, 2, -1, -2, -2, -1, 2, 2, -1, -2, -1, -1, -2, 1, 1, -2, 1, 1, -2]"
170,dfs_bnb_mpi,2405.63,-4,5,733795808,"[-1, -1, 2, 2, 2, 2, 2, 2, 1, 1, -2, -1, -2, -2, 1, 2, 1, 2, 2, 2, 2, -1, -1, -1, -1, -2, -2, -2, -2]"
171,dfs_bnb_mpi,1266.92,-6,7,388365016,"[-1, -1, 2, -1, 2, -1, -2, -1, 2, 2, 2, -1, -2, -2, -2, -2, 1, -2, -1, -1, -2, 1, 1, 1, 2, 2, 1, -2, 1]"
172,dfs_bnb_mpi,76875.4,-4,5,22606659027,"[-1, -1, 2, 2, 2, 2, 2, 2, 2, 2, 2, 2, 2, 2, 2, 2, 1, 2, 2, -1, 2, -1, -2, -1, -2, -2, 1, 2, 1]"
173,dfs_bnb_mpi,143.086,-4,5,42242706,"[-1, -1, 2, 2, 2, 2, 1, -2, -2, -2, 1, 2, 1, -2, -2, -2, -2, -1, 2, -1, -1, -1, 2, 2, 2, 2, 2, 2, 2]"
174,dfs_bnb_mpi,153.827,-6,7,45921148,"[-1, -1, 2, 2, 2, -1, -2, -2, -2, -2, 1, 1, -2, -2, 1, 2, 1, 1, -2, -2, 1, 2, 1, 2, -1, 2, -1, -1, -1]"
175,dfs_bnb_mpi,232.076,-4,5,69253170,"[-1, -1, 2, 2, 2, 2, 2, 2, 2, 2, 2, 2, 1, 1, 2, -1, -1, 2, -1, -2, -1, 2, -1, -2, -2, 1, 1, -2, -1]"
176,dfs_bnb_mpi,304.125,-7,8,90836164,"[-1, -1, 2, 2, 2, 2, 2, 1, -2, -2, -2, -2, 1, 2, 2, 1, -2, -2, 1, -2, -1, -2, 1, -2, -1, -1, -1, 2, 1]"
177,dfs_bnb_mpi,619.587,-6,7,189073730,"[-1, -2, 1, 1, 2, 2, -1, 2, 2, -1, -1, -1, -2, -2, -1, -1, -2, 1, 1, -2, -1, -2, 1, 1, 2, 2, 2, 1, 2]"
178,dfs_bnb_mpi,1701.73,-7,8,499678523,"[-1, -2, -1, 2, 2, 2, 2, 2, 1, -2, -2, -2, 1, 2, 2, 2, 1, -2, -2, 1, -2, -1, -2, -2, -1, -2, -2, -1, 2]"
179,dfs_bnb_mpi,7.37878,-6,7,2153707,"[-1, -1, 2, 2, 2, 1, 1, 2, 2, -1, -2, -1, -1, -2, -1, 2, 2, 1, 1, 2, 1, 2, 2, 2, 2, 2, 2, 2, 2]"
180,dfs_bnb_mpi,1946.01,-4,5,589225652,"[-1, -1, 2, 2, 2, 1, 2, 2, 2, 2, 1, -2, -2, -2, -2, -2, -1, -2, 1, 1, -2, -2, -1, -1, -1, -1, 2, 2, 2]"
181,dfs_bnb_mpi,33.8538,-4,5,9420999,"[-1, -1, 2, 2, 2, 2, 1, 2, 2, -1, -2, -1, -1, -2, 1, -2, -2, -2, -2, -2, 1, 1, 1, 1, 2, 2, 2, 2, 2]"
182,dfs_bnb_mpi,10388,-4,5,3051455033,"[-1, -1, 2, 2, 2, 1, -2, -2, 1, 2, 2, 2, 2, 2, 2, -1, 2, -1, -2, -2, 1, -2, -1, -1, -2, -2, -2, -2, -1]"
183,dfs_bnb_mpi,2630.13,-7,7,753639633,"[-1, -1, 2, 2, 1, -2, 1, 1, 1, 2, -1, -1, 2, 1, 1, 2, -1, -1, 2, -1, -2, -2, -1, 2, -1, -2, -1, -2, 1]"
184,dfs_bnb_mpi,1260.47,-6,7,377136141,"[-1, -1, 2, 2, 2, 1, -2, 1, 2, 2, -1, -1, -1, -2, -2, -1, 2, 2, -1, -2, -2, -1, -2, 1, -2, 1, 1, 2, -1]"
185,dfs_bnb_mpi,708.669,-6,6,177799126,"[-1, -2, 1, 1, 2, 1, 1, 2, -1, -1, 2, 2, 2, 2, 2, -1, -2, -2, -2, -2, -2, -1, 2, 2, 2, 2, 2, 2, 2]"
186,dfs_bnb_mpi,26.5059,-6,7,6070103,"[-1, -1, 2, 2, 2, 2, 1, -2, -2, -2, 1, 2, 1, 2, 1, -2, -2, -1, -2, 1, 1, 2, 2, 2, 2, 2, 2, 2, 2]"
187,dfs_bnb_mpi,814.625,-7,8,227601397,"[-1, -1, 2, 2, 1, 1, 1, 2, -1, -1, -1, 2, 1, 1, 2, -1, -1, 2, -1, -2, -2, -2, -1, -1, -2, 1, -2, 1, 2]"
188,dfs_bnb_mpi,1616.16,-7,8,483168789,"[-1, -1, 2, 2, 2, 2, 2, 2, 2, 2, 1, -2, 1, 2, 1, -2, 1, -2, 1, 1, -2, -1, -1, -2, -1, 2, -1, 2, 1]"
189,dfs_bnb_mpi,1525.92,-6,7,459286791,"[-1, -1, 2, -1, 2, 2, -1, -2, -1, -2, 1, -2, -1, -1, 2, 2, 2, -1, -2, -2, -2, -2, 1, 1, 1, -2, 1, 2, 2]"
190,dfs_bnb_mpi,16300.5,-4,5,4535724051,"[-1, -1, 2, 2, 2, 2, 2, 2, 2, 2, 2, 2, 1, 1, -2, -2, -2, -2, -2, 1, -2, -1, -2, -2, -1, 2, 2, 2, 2]"
191,dfs_bnb_mpi,29227.5,-6,7,8183010651,"[-1, -1, 2, 2, 2, 2, 2, 2, 2, 2, 2, 2, 2, 1, -2, -2, 1, -2, -2, 1, 2, 2, 1, 2, 2, -1, -1, -2, 1]"
192,dfs_bnb_mpi,112.387,-7,7,34641992,"[-1, -1, -1, 2, 1, 1, 1, 2, 2, -1, -2, -1, -1, -1, -2, -2, -2, 1, 1, 1, 1, 1, -2, -1, -1, -2, -1, 2, -1]"
193,dfs_bnb_mpi,2.6859,-6,7,841141,"[-1, -1, 2, 2, 1, 2, -1, 2, 2, 2, 2, -1, -2, -2, -1, -1, -2, 1, 1, -2, -1, -1, -1, -2, 1, 1, 1, -2, -1]"
194,dfs_bnb_mpi,6444.47,-2,3,1880120654,"[-1, -1, 2, 2, 2, 2, 2, 2, 2, 2, 2, 1, 2, 2, 2, 2, 2, 2, 2, -1, -2, -2, -2, -2, -2, -2, -1, -2, -1]"
195,dfs_bnb_mpi,41.7411,-6,7,11053498,"[-1, -1, 2, 2, 2, 2, 1, 2, 1, 2, 2, 2, 2, -1, -2, -2, -2, -1, -2, -1, -2, -1, 2, 2, 2, 1, 1, 2, 2]"
196,dfs_bnb_mpi,34.3585,-4,5,10602114,"[-1, -1, 2, 2, 2, 1, -2, 1, 2, 2, 2, -1, -1, -1, -2, -2, -1, 2, 2, -1, -2, -2, -2, 1, 1, -2, -1, -1, -1]"
197,dfs_bnb_mpi,657.681,-4,5,200956934,"[-1, -1, 2, 2, 2, 2, 2, 2, 2, 2, 1, 1, 2, 2, 2, -1, -2, -2, -1, 2, -1, -2, -1, 2, -1, -2, -2, 1, 1]"
198,dfs_bnb_mpi,3336.37,-6,7,932542639,"[-1, -1, 2, 1, 2, 2, 2, 2, -1, -2, -2, -2, -1, 2, -1, -2, -1, 2, -1, -2, -2, 1, -2, -2, 1, 2, 2, 1, -2]"
199,dfs_bnb_mpi,0.000236,-2,3,65,"[-1, -1, 2, 2, 2, 2, 2, 2, 2, 2, 2, 2, 2, 2, 2, 2, 2, 2, 1, 1, -2, -1, -2, 1, 1, 2, 2, 2, 2]"
200,dfs_bnb_mpi,2415.35,-6,7,672071429,"[-1, -1, 2, 2, 2, 2, 1, 2, -1, 2, 2, -1, -1, 2, 2, -1, -2, -2, -2, 1, 1, -2, -1, -1, -1, -2, 1, 1, 1]"
201,dfs_bnb_mpi,7.58369,-6,7,2337418,"[-1, -1, 2, 2, 2, 1, 1, 2, -1, 2, -1, -2, -1, -2, -2, -2, -1, -1, -1, 2, 2, 1, -2, 1, 2, 2, 2, 2, 2]"
202,dfs_bnb_mpi,0.938113,-6,6,292426,"[-1, -1, 2, 2, 2, -1, 2, -1, -2, -1, -1, -2, 1, -2, -1, -2, 1, 1, 2, 2, 1, -2, -2, -2, 1, 1, 1, 1, 2]"
203,dfs_bnb_mpi,812.022,-5,6,246410239,"[-1, -1, 2, 2, 2, 2, 2, 2, 2, 2, 1, 2, -1, 2, -1, -2, -2, -1, -1, -2, 1, 1, -2, -1, -1, -1, 2, 2, 2]"
204,dfs_bnb_mpi,10.4987,-4,4,2509286,"[-1, -1, 2, 2, 2, 1, 2, 2, 2, 2, 2, 1, -2, -2, -2, -2, -2, -2, -1, -2, 1, 1, 2, 2, 2, 2, 2, 2, 2]"
205,dfs_bnb_mpi,9783.4,-6,7,2611308191,"[-1, -1, 2, -1, -1, 2, 1, 1, 2, 2, 2, 2, 2, 2, 2, 1, -2, -2, -2, -2, -2, -2, -2, -2, 1, 1, -2, 1, 2]"
206,dfs_bnb_mpi,76.6221,-5,6,23832102,"[-1, -1, 2, 2, 2, 2, 2, 1, -2, -2, -2, -2, 1, 2, 1, -2, -2, -2, -1, -1, -2, -2, -1, 2, -1, -1, 2, 1, 1]"
207,dfs_bnb_mpi,18.2371,-6,7,5037747,"[-1, -1, 2, 2, 2, 2, 2, 2, 1, 2, -1, 2, -1, -2, -1, -2, 1, -2, -2, -1, 2, -1, -1, -1, 2, 1, 1, 2, 2]"
208,dfs_bnb_mpi,0.001906,-2,3,548,"[-1, -1, 2, 2, 2, 2, 2, 2, 2, 2, 2, 2, 2, 2, 2, 2, 2, 2, 2, 2, 2, 1, -2, 1, 1, -2, -1, -1, -2]"
209,dfs_bnb_mpi,715.585,-4,5,215099379,"[-1, -1, 2, 2, 2, 2, 2, 2, 2, 1, 1, 2, 2, -1, -2, -1, 2, 2, -1, -2, -1, -1, -2, 1, 1, -2, -1, -1, -1]"
210,dfs_bnb_mpi,12.8949,-7,8,3764088,"[-1, -2, -1, -2, 1, -2, 1, 1, 1, 2, -1, -1, 2, 1, 2, 2, 1, 2, 2, 1, -2, -2, 1, 1, -2, -1, -1, -1, -2]"
211,dfs_bnb_mpi,94.7541,-7,8,28721564,"[-1, -2, 1, 1, 2, 2, -1, -1, -1, -2, -2, -2, -1, 2, -1, 2, 2, 2, 2, 1, 1, 1, 1, -2, -1, -1, -1, -2, -2]"
212,dfs_bnb_mpi,427.484,-5,6,117619611,"[-1, -1, 2, 1, 2, 2, 2, 2, -1, 2, 2, 2, -1, -2, -2, -1, -2, 1, -2, 1, -2, -2, -1, -1, -2, 1, -2, -1, -1]"
213,dfs_bnb_mpi,1010.05,-6,7,301817012,"[-1, -1, 2, 2, -1, 2, -1, -2, -2, 1, -2, -1, -1, 2, -1, 2, 2, -1, -2, -1, 2, 2, 2, 1, 1, 1, -2, -2, -2]"
214,dfs_bnb_mpi,10864.1,-2,3,3264109980,"[-1, -1, 2, 2, 2, 2, 2, 2, 2, 2, 2, 2, 2, 2, 2, 2, 2, 2, 2, 2, 1, 2, 2, 2, -1, -2, -2, -1, -2]"
215,dfs_bnb_mpi,28211.4,-8,9,8480790717,"[-1, -2, 1, -2, -2, 1, 2, 2, 1, 1, 1, 2, 2, -1, -2, -1, 2, 2, 2, -1, -1, -1, -2, -2, 1, 2, 1, -2, -2]"
216,dfs_bnb_mpi,32.5067,-6,7,9775617,"[-1, -2, 1, -2, 1, 1, 1, 1, 2, -1, 2, 1, 2, -1, 2, -1, -2, -2, -2, -1, 2, 2, 2, 2, 2, 2, 2, 2, 2]"
217,dfs_bnb_mpi,3.25581,-6,6,981963,"[-1, -1, 2, 2, 1, -2, 1, 2, 1, -2, 1, 2, 1, -2, -2, -1, -1, -2, 1, 1, -2, -1, -1, -1, 2, -1, -1, -1, 2]"
218,dfs_bnb_mpi,0.70375,-6,7,202570,"[-1, -1, 2, 1, 2, 2, 1, -2, -2, 1, 1, -2, -1, -2, 1, 1, -2, -1, -1, -2, -1, -1, 2, 1, 2, -1, -1, -1, 2]"
219,dfs_bnb_mpi,45.7141,-7,8,13886301,"[-1, -1, 2, 2, 2, 2, 1, -2, -2, -2, 1, 2, 1, -2, 1, 2, 2, -1, -1, 2, 1, 1, 1, -2, -2, -2, -2, -1, -1]"
220,dfs_bnb_mpi,0.023733,-4,5,7065,"[-1, -1, 2, 2, 2, 2, 2, 2, 2, 2, 2, 2, 2, 2, 2, 2, 1, 2, 2, 1, -2, 1, 1, -2, -1, -1, -2, -1, -2]"
221,dfs_bnb_mpi,126.621,-6,7,35592770,"[-1, -1, 2, 2, 2, 1, 1, -2, -1, -2, 1, 1, 2, 1, -2, -2, -1, -2, -2, -1, -1, -1, -1, -1, 2, 1, 1, 1, 1]"
222,dfs_bnb_mpi,24.7625,-5,6,7438787,"[-1, -1, 2, 2, 2, 2, 2, 2, 1, 2, -1, 2, 1, 2, 1, -2, -2, -2, 1, 2, 1, -2, -2, -1, -1, -1, -2, 1, 1]"
223,dfs_bnb_mpi,978.454,-6,7,284255571,"[-1, -1, 2, 2, 2, 2, 1, 1, 2, 1, -2, -2, 1, 2, 2, 1, -2, -2, -2, -1, -1, -1, 2, -1, -2, -2, 1, 1, 1]"
224,dfs_bnb_mpi,7698.82,-6,7,2125096041,"[-1, -1, 2, 2, 2, 2, 2, 2, 2, 2, 2, 2, 2, 2, 1, -2, -2, 1, 2, 1, 2, -1, 2, -1, 2, -1, -2, -1, 2]"
225,dfs_bnb_mpi,1621.18,-5,6,476057615,"[-1, -1, 2, 2, 2, 2, 2, 2, 2, 2, 2, 2, 1, 2, 1, -2, 1, 1, -2, -1, -2, -1, 2, -1, -2, -2, 1, 1, 1]"
226,dfs_bnb_mpi,210.778,-6,7,64333057,"[-1, -1, 2, 2, 2, 2, 2, 1, 1, -2, -1, -2, 1, 1, 2, 2, 2, -1, 2, -1, -2, -1, 2, 2, -1, -2, -2, -2, -2]"
227,dfs_bnb_mpi,2159.43,-7,8,660203012,"[-1, -1, 2, 2, 2, 1, 1, 1, 1, -2, 1, -2, 1, 1, -2, -1, -1, -1, -2, 1, -2, -1, -1, -1, 2, 1, 2, 2, 1]"
228,dfs_bnb_mpi,294065,-5,6,89079139324,"[-1, -1, 2, 2, 2, 2, 2, 2, 1, -2, 1, 2, 1, -2, -2, -1, -2, 1, 1, 2, 1, -2, -2, -1, -1, -1, -1, 2, 2]"
229,dfs_bnb_mpi,5.41779,-6,7,1589959,"[-1, -1, 2, 1, 1, 1, 2, -1, 2, 2, -1, -2, -2, -1, -1, -2, -1, 2, 2, 1, 1, 2, 2, 1, 1, 1, -2, -2, 1]"
230,dfs_bnb_mpi,6.40864,-6,7,1949084,"[-1, -1, 2, 2, 1, -2, 1, 1, 1, 2, 2, -1, -2, -1, 2, 2, 2, 2, -1, -2, -2, -2, -1, -1, -2, -2, -1, 2, 2]"
231,dfs_bnb_mpi,16.3226,-6,7,4747002,"[-1, -1, 2, 1, 1, 1, -2, 1, 2, 2, -1, -1, -1, -1, -1, 2, -1, -2, -2, 1, -2, -1, -2, 1, 1, 1, 1, 1, 1]"
232,dfs_bnb_mpi,39.694,-6,7,12226312,"[-1, -1, 2, 2, 2, 1, -2, -2, 1, 1, 2, -1, 2, 2, 2, -1, -2, -1, 2, 2, 2, -1, -2, -2, -2, -1, -2, 1, -2]"
233,dfs_bnb_mpi,38.8583,-7,8,11976611,"[-1, -1, 2, -1, -2, -1, 2, 2, 2, 2, 2, -1, -2, -2, -2, -1, -1, -2, 1, 1, -2, -2, 1, 1, -2, 1, 2, 1, 1]"
234,dfs_bnb_mpi,28.4338,-6,7,6925246,"[-1, -1, 2, 2, -1, -2, -2, -1, -2, 1, -2, -1, -1, 2, 2, 2, 1, 2, 2, 2, -1, -2, -2, -1, -2, -1, 2, 2, 2]"
235,dfs_bnb_mpi,71.8127,-7,8,19226661,"[-1, -1, 2, 1, 1, 1, 2, -1, -1, 2, 2, 2, -1, -1, -2, -2, 1, -2, -1, -1, 2, 2, -1, -2, -2, -2, 1, 1, -2]"
236,dfs_bnb_mpi,3940.34,-7,8,1182960815,"[-1, -2, -1, 2, 2, 2, -1, -2, -2, -2, -2, 1, 1, -2, 1, 2, 2, 1, 2, 1, 1, 2, -1, -1, 2, 2, -1, -2, -2]"
237,dfs_bnb_mpi,13017.8,-4,5,3143042176,"[-1, -1, 2, 2, 2, 2, 2, 2, 2, 2, 2, 2, -1, -2, -2, -2, -2, -2, -2, -2, -2, -2, -1, -2, 1, -2, -2, 1, 2]"
238,dfs_bnb_mpi,1.00436,-7,8,306747,"[-1, -1, 2, -1, -2, -1, -1, 2, -1, 2, -1, -2, -2, 1, -2, 1, 1, 1, -2, 1, 2, 1, 1, 1, 2, 2, 2, 2, 2]"
239,dfs_bnb_mpi,24.8759,-6,7,7463213,"[-1, -1, 2, 2, 2, 1, 1, 1, 2, 1, -2, -2, -1, -1, -2, 1, 1, 1, 1, -2, -1, -1, -2, 1, -2, -1, -1, 2, 2]"
240,dfs_bnb_mpi,16516.4,-4,4,4752189707,"[-1, -1, 2, 2, 2, 2, 2, 2, 2, 2, 2, 2, 2, 2, 2, 2, 1, -2, -2, -2, 1, 1, -2, -1, -1, -2, 1, 1, 1]"
241,dfs_bnb_mpi,16253.4,-6,7,4894573722,"[-1, -1, 2, 2, 2, 2, 2, 2, 1, 1, 2, 1, 1, -2, 1, -2, -1, -2, -2, -1, -1, -1, 2, 2, 1, -2, 1, 2, 2]"
242,dfs_bnb_mpi,336.976,-6,7,105253379,"[-1, -1, 2, 2, 2, -1, -2, -2, -2, -2, 1, 1, 1, 1, 2, 1, 1, 2, 2, -1, -2, -1, 2, -1, -2, -1, 2, 2, 2]"
243,dfs_bnb_mpi,2.11058,-6,7,599970,"[-1, -2, -2, -1, 2, 2, -1, -2, -2, -2, -2, 1, 2, 1, 1, 2, 2, 1, -2, -2, -2, -1, -1, -2, 1, 1, 1, 2, 2]"
244,dfs_bnb_mpi,2.40228,-6,7,684696,"[-1, -1, 2, 2, 2, -1, -1, 2, -1, -2, -2, 1, 1, -2, -1, -2, 1, -2, 1, 1, -2, -1, -1, -1, 2, -1, 2, 2, -1]"
245,dfs_bnb_mpi,109935,-5,6,33453538628,"[-1, -1, 2, 2, 2, 2, 2, 2, 2, 2, 2, 2, 1, -2, -2, -2, -2, -2, -2, 1, 1, -2, -2, -1, -2, -1, 2, 2, 1]"
246,dfs_bnb_mpi,18218.8,-6,7,4938106994,"[-1, -1, 2, 2, 2, 2, 2, 1, 1, 2, 2, -1, 2, 2, 2, -1, -2, -2, -1, -1, -2, -2, -2, 1, 2, 2, 1, -2, 1]"
247,dfs_bnb_mpi,563.85,-6,7,174324243,"[-1, -1, 2, 2, 2, 2, 1, 2, -1, -1, 2, -1, -2, -1, 2, 2, 2, -1, -2, -2, -2, -2, 1, 1, -2, -2, 1, 2, 2]"
248,dfs_bnb_mpi,904.716,-2,3,273097347,"[-1, -1, 2, 2, 2, 2, 2, 2, 2, 2, 2, 2, 2, 2, 2, 1, -2, -2, 1, 2, 2, 2, -1, -1, -1, -2, -2, -2, -1]"
249,dfs_bnb_mpi,645.672,-7,8,188064477,"[-1, -2, 1, -2, 1, 1, 2, -1, 2, 1, 1, 2, 2, -1, -1, 2, 2, 2, -1, -2, -2, -2, -1, -1, -2, 1, 1, 1, 1]"
250,dfs_bnb_mpi,44.2079,-6,7,12014023,"[-1, -1, 2, 2, 2, 2, 1, -2, -2, -2, 1, 2, 2, 1, -2, -2, 1, 2, 1, -2, 1, -2, -1, -2, -2, -1, 2, 2, -1]"
251,dfs_bnb_mpi,16594.5,-4,5,4822286241,"[-1, -1, 2, 2, 2, 2, 2, 2, 2, 2, 2, 1, -2, 1, 2, 2, 2, 1, -2, -2, -2, 1, -2, -1, -2, -1, -1, 2, 1]"
252,dfs_bnb_mpi,6563.43,-4,5,1946867458,"[-1, -1, 2, 2, 2, 2, 2, 2, 2, 2, -1, -1, -2, -2, -2, -1, -2, -2, 1, 2, 1, -2, -2, -2, -2, -2, 1, 1, 1]"
253,dfs_bnb_mpi,3046.79,-6,7,905393154,"[-1, -1, 2, 2, 2, 2, 2, 2, 1, 2, 1, -2, 1, 2, 2, 1, -2, 1, 1, -2, -1, -1, -2, -1, -2, -1, -1, 2, 1]"
254,dfs_bnb_mpi,478.767,-6,7,145552335,"[-1, -1, 2, 2, 2, 2, 1, 2, -1, 2, -1, -2, -1, 2, -1, -1, -2, -2, -2, 1, 1, -2, -2, 1, 2, 2, 2, -1, -1]"
255,dfs_bnb_mpi,7.52294,-6,7,1779327,"[-1, -1, 2, 2, 2, 2, 2, 2, 2, 1, -2, -2, -2, 1, -2, -1, -2, -2, 1, 2, 1, 2, 2, 2, 2, 2, 2, 2, 2]"
256,dfs_bnb_mpi,0.415142,-6,6,125503,"[-1, -1, 2, 2, 2, 2, -1, -2, -2, -2, -2, -2, -1, 2, 2, -1, -1, 2, 1, 1, 2, 2, 2, 2, 2, 2, 2, 2, 2]"
257,dfs_bnb_mpi,1701.19,-4,5,515628888,"[-1, -1, 2, 2, 2, 2, 2, 2, 2, 2, 1, 1, -2, -1, -2, -2, -2, 1, 1, 1, 2, -1, -1, 2, 1, 1, 2, -1, 2]"
258,dfs_bnb_mpi,631.797,-7,8,190222715,"[-1, -2, 1, 1, 1, 1, 2, -1, -1, 2, -1, -1, -1, -2, -2, -2, -2, 1, -2, -2, 1, 2, 2, 1, 1, 2, -1, -1, -1]"
259,dfs_bnb_mpi,188.606,-6,7,56391370,"[-1, -2, 1, 1, 2, 2, -1, 2, 1, 1, 2, -1, -1, -1, -2, -2, -1, 2, 2, 2, -1, -2, -2, -2, -2, 1, -2, -1, -1]"
260,dfs_bnb_mpi,45.8964,-6,7,13286561,"[-1, -1, 2, 2, 2, 2, 1, -2, -2, -2, 1, 2, 2, 2, 2, 1, 2, 1, 2, -1, 2, -1, -2, -2, -1, -2, -1, 2, 2]"
261,dfs_bnb_mpi,248.487,-6,6,74823558,"[-1, -2, -1, 2, 2, -1, -1, 2, 2, 1, -2, 1, 2, 2, 2, 1, -2, -2, 1, 2, 1, -2, -2, -1, -1, -2, 1, 1, 1]"
262,dfs_bnb_mpi,0.027062,-7,7,8181,"[-1, -2, 1, 1, 2, 2, 2, -1, -2, -1, 2, 2, -1, -2, -2, -1, -1, -2, 1, 1, -2, -1, -1, -1, 2, 2, 2, 2, 2]"
263,dfs_bnb_mpi,520.654,-6,7,156569703,"[-1, -1, 2, 2, 2, 2, 1, 2, 1, 2, -1, -1, -2, -1, -2, -2, -2, -2, -2, -1, 2, 2, -1, -2, -2, -2, 1, 1, 1]"
264,dfs_bnb_mpi,2.8315,-4,4,881122,"[-1, -1, 2, 2, 2, 2, 2, 1, -2, -2, -2, -2, 1, 1, 2, -1, 2, 1, 1, 2, -1, -1, 2, 2, 2, 2, 2, 2, 2]"
265,dfs_bnb_mpi,140.967,-8,9,43327733,"[-1, -2, -1, -2, 1, 1, 2, 1, 2, 1, 2, -1, 2, -1, 2, 2, 2, 2, -1, -2, -2, -2, -2, -1, -1, -2, 1, 1, 1]"
266,dfs_bnb_mpi,3969.35,-6,7,1160816461,"[-1, -1, 2, 1, 2, -1, -1, 2, 2, -1, -2, -2, -1, 2, 2, 2, 2, -1, -2, -2, -2, -2, -2, 1, 1, 1, -2, -1, -1]"
267,dfs_bnb_mpi,0.908904,-6,7,288439,"[-1, -1, 2, 2, 1, -2, 1, 2, 2, 1, -2, -2, -2, 1, 1, -2, -1, -1, -1, -2, -2, -1, 2, 2, -1, -1, 2, 2, 2]"
268,dfs_bnb_mpi,15.9966,-5,6,4925425,"[-1, -1, 2, 2, 2, 2, 1, 2, 2, 1, -2, -2, 1, 1, -2, -1, -1, -1, -2, -2, 1, 2, 1, 1, 1, 2, 2, 2, 2]"
269,dfs_bnb_mpi,1822.5,-6,7,558342054,"[-1, -1, 2, -1, -2, -2, 1, 1, 1, 1, 1, -2, -1, -1, -1, -1, -1, -1, -1, -2, 1, 1, 1, -2, -2, 1, 2, 2, 1]"
270,dfs_bnb_mpi,11.9374,-6,7,3618708,"[-1, -1, 2, 2, 2, 2, 1, 1, -2, 1, 2, 1, -2, 1, 1, -2, -1, -1, -2, 1, -2, -1, -2, -1, 2, 2, 2, -1, -1]"
271,dfs_bnb_mpi,221.359,-4,5,64476524,"[-1, -1, 2, 2, 2, 2, 2, 2, 2, 2, 2, 2, 2, 2, 1, 2, -1, 2, -1, -2, -1, -1, -2, 1, 1, -2, -1, -1, -1]"
272,dfs_bnb_mpi,142.974,-7,8,40715727,"[-1, -1, 2, 2, 2, 1, 1, -2, -1, -2, 1, 1, 2, 2, 2, 2, -1, -2, -1, -1, 2, 1, 2, 2, 1, -2, 1, 2, 2]"
273,dfs_bnb_mpi,1.26238,-6,7,363283,"[-1, -1, 2, 2, 2, 1, -2, -2, 1, 1, -2, -2, -1, -1, -1, -2, -2, 1, 2, 1, -2, -2, 1, 2, 2, 1, 2, 2, 2]"
274,dfs_bnb_mpi,20691.3,-4,5,5996590753,"[-1, -1, 2, 2, 2, 2, 2, 2, 2, 2, 2, 2, 2, 1, 1, -2, -2, -2, -2, 1, 1, -2, -1, -1, -2, -1, 2, 2, 2]"
275,dfs_bnb_mpi,798.368,-5,6,246849614,"[-1, -1, 2, 2, 1, -2, 1, 2, 2, 2, 2, -1, -2, -2, -1, 2, 2, -1, -2, -2, -2, -1, 2, -1, -2, -2, 1, 1, -2]"
276,dfs_bnb_mpi,1152.95,-7,8,328524841,"[-1, -1, 2, 2, 2, 1, -2, -2, 1, 2, 1, -2, 1, 2, 2, 1, -2, -2, -2, -1, -1, -2, 1, -2, -1, -1, -1, 2, 1]"
277,dfs_bnb_mpi,1221.5,-6,7,375432032,"[-1, -1, 2, 1, 2, 2, 2, 2, 1, 1, 1, 2, -1, -1, -1, 2, 1, 2, 2, 2, -1, -2, -2, -1, -2, -1, -2, 1, -2]"
278,dfs_bnb_mpi,24.2126,-5,6,7589837,"[-1, -1, 2, 1, 2, 1, -2, 1, 1, -2, -1, -2, -1, -2, 1, -2, -1, -1, 2, 2, -1, -1, 2, 2, 2, 2, 2, 2, 2]"
279,dfs_bnb_mpi,99.5713,-6,7,30405886,"[-1, -1, 2, 2, -1, -2, -2, -2, 1, 1, 1, 1, -2, -1, -1, -1, -1, -2, -1, 2, 2, 2, 2, -1, -2, -2, -1, 2, 2]"
280,dfs_bnb_mpi,3201.02,-4,5,978872664,"[-1, -1, 2, 2, 2, 2, 2, 1, -2, -2, -2, -2, 1, 2, 2, 2, 2, 2, 2, -1, -1, -1, -2, -2, -2, -2, -1, 2, 2]"
281,dfs_bnb_mpi,20.672,-6,7,6191390,"[-1, -1, 2, 2, 2, 2, 2, 1, -2, -2, -2, -2, 1, 2, 2, 1, -2, -2, 1, 1, -2, -1, -1, -2, -1, -1, -1, -1, 2]"
282,dfs_bnb_mpi,5.19508,-6,7,1555260,"[-1, -1, 2, 2, -1, -2, -1, 2, 2, 2, -1, -2, -2, -2, -1, -2, 1, -2, -2, 1, 2, 2, 1, -2, 1, 1, 1, 1, 2]"
283,dfs_bnb_mpi,5634.68,-6,7,1717769831,"[-1, -1, 2, 2, 2, 2, 2, 1, 2, -1, 2, -1, -2, -2, -2, -1, -1, 2, -1, 2, 2, 2, 2, 1, -2, -2, -2, 1, -2]"
284,dfs_bnb_mpi,122660,-6,7,33620718770,"[-1, -1, 2, 2, 2, 2, 2, 2, 1, 2, 2, -1, -2, -1, -2, -1, 2, 2, -1, -2, -2, -2, -2, 1, 2, 1, -2, -2, -1]"
285,dfs_bnb_mpi,2896.8,-5,6,650521173,"[-1, -1, 2, 2, 2, 2, 2, -1, -1, -2, -2, -1, 2, 2, -1, -2, -2, -2, 1, 1, 1, -2, -1, -2, 1, -2, 1, 1, 1]"
286,dfs_bnb_mpi,1.77769,-6,6,551793,"[-1, -1, 2, -1, -1, -1, -2, 1, 1, -2, 1, -2, 1, 2, 1, 1, 2, 2, -1, -1, 2, 2, 2, 2, -1, -2, -2, -2, -1]"
287,dfs_bnb_mpi,70.128,-6,7,20342934,"[-1, -1, 2, 2, 1, 2, -1, 2, 2, -1, -2, -2, -1, -1, -2, 1, 1, -2, -2, -2, 1, -2, -1, -1, 2, 2, 2, -1, -1]"
288,dfs_bnb_mpi,136.639,-7,8,42883428,"[-1, -1, 2, 1, 1, 2, 2, 2, 1, -2, -2, -2, -2, -2, 1, 2, 1, -2, -2, -1, -1, -2, -1, 2, -1, -1, 2, 1, 1]"
289,dfs_bnb_mpi,6272.27,-4,5,1921892186,"[-1, -1, 2, 2, 2, 1, -2, 1, 2, 2, 2, 2, 2, 1, -2, 1, 2, 2, -1, -1, -1, -2, -2, -1, -1, -2, -2, -2, -2]"
290,dfs_bnb_mpi,2774.61,-4,4,852730690,"[-1, -1, 2, 2, 2, 1, -2, -2, 1, 2, 1, -2, -2, -2, -1, -1, -1, -1, 2, -1, -1, 2, 2, 1, -2, 1, 2, 2, 2]"
291,dfs_bnb_mpi,834.463,-6,7,225779725,"[-1, -1, 2, 2, 2, 2, 2, 2, 2, 1, 1, 2, -1, -1, 2, 2, -1, -2, -2, -1, 2, -1, -2, -2, 1, 1, -2, -1, -1]"
292,dfs_bnb_mpi,3.9248,-6,7,1222756,"[-1, -1, 2, 2, 1, -2, 1, 2, 2, 2, 1, -2, 1, 1, -2, -2, -1, 2, -1, -2, -2, 1, 1, 1, 2, 2, 2, 2, 2]"
293,dfs_bnb_mpi,8082.16,-4,5,2415154439,"[-1, -1, 2, 2, 2, 2, 2, 2, 2, 2, 2, 2, 2, 2, 1, -2, -2, 1, -2, 1, 2, 2, 1, 2, -1, 2, -1, -2, -2]"
294,dfs_bnb_mpi,1011.51,-7,8,312455069,"[-1, -1, 2, 2, 2, 2, 1, 1, -2, -2, -2, 1, 2, 1, -2, 1, -2, -1, -2, 1, 1, -2, -1, -1, -1, -1, 2, 1, 2]"
295,dfs_bnb_mpi,331.969,-6,6,102214946,"[-1, -1, 2, 2, 2, 2, 2, 1, -2, -2, -2, 1, 1, 2, -1, 2, 2, 2, -1, -1, -1, -2, -2, -1, -2, 1, -2, -1, -1]"
296,dfs_bnb_mpi,70.66,-7,8,21812954,"[-1, -2, 1, -2, -1, -1, 2, 2, 2, 1, 2, 1, -2, 1, 2, 2, 2, 1, -2, -2, -2, 1, 2, 1, -2, -2, -1, -1, -1]"
297,dfs_bnb_mpi,8467.31,-7,8,2581737825,"[-1, -2, 1, 1, 2, 1, 2, 2, 2, 1, -2, -2, -2, -2, -1, -2, -1, -1, -1, -1, 2, 2, 2, 1, 2, 1, -2, 1, 2]"
298,dfs_bnb_mpi,321.438,-7,8,99364977,"[-1, -2, -2, -1, 2, 2, 2, 2, 2, 1, -2, -2, 1, 1, 2, -1, 2, 2, -1, -1, -1, -2, -2, -2, -1, -1, -2, 1, 1]"
299,dfs_bnb_mpi,13.2045,-6,7,3927949,"[-1, -1, 2, 2, 2, 2, 2, 1, 2, 2, 2, 2, -1, -2, -2, -2, -1, -2, -1, -2, 1, -2, -1, -1, -2, 1, 1, -2, -1]"
300,dfs_bnb_mpi,265.476,-6,6,64857866,"[-1, -1, 2, 2, 2, 2, 2, 2, -1, -2, -2, -2, -2, -1, 2, -1, -2, -2, 1, 1, -2, -1, -2, -1, 2, -1, 2, 2, 2]"
301,dfs_bnb_mpi,314.276,-7,8,97906224,"[-1, -2, 1, 1, 2, 1, 2, 2, -1, -2, -1, 2, 2, 2, 2, 2, -1, -2, -2, -2, -2, -2, -1, -2, -1, -2, 1, -2, 1]"
302,dfs_bnb_mpi,113191,-5,6,33977614449,"[-1, -1, 2, 1, 2, 2, 2, 2, 2, 2, 2, 2, 1, 1, -2, -2, -2, -2, -2, -2, -2, 1, 1, -2, -1, -1, -1, 2, 2]"
303,dfs_bnb_mpi,13.9479,-6,7,4334082,"[-1, -1, 2, 2, -1, -2, -2, -1, 2, 2, 2, 1, 1, 2, 2, 1, -2, -2, 1, 2, 1, -2, -2, -1, -1, -2, 1, 1, 1]"
304,dfs_bnb_mpi,369.109,-6,6,111849786,"[-1, -1, 2, 2, 2, 2, 2, -1, -2, -1, -2, 1, -2, -2, -2, -1, 2, 2, -1, 2, 2, 2, 2, 1, 1, 1, 1, -2, -2]"
305,dfs_bnb_mpi,332.15,-6,7,100284365,"[-1, -2, -1, -1, -1, 2, 2, 2, 1, -2, -2, 1, 2, 2, 2, 2, 1, -2, -2, -2, 1, 2, 1, 1, -2, -1, -2, 1, 1]"
306,dfs_bnb_mpi,43.8727,-6,7,13452160,"[-1, -1, 2, -1, -2, -1, 2, 2, 2, 2, 2, -1, -2, -2, -2, -2, -2, -2, -1, -2, 1, 1, 2, 1, -2, 1, 2, 1, 1]"
307,dfs_bnb_mpi,5613.82,-4,5,1427453458,"[-1, -1, 2, 2, 1, -2, 1, 2, 2, 2, 2, 2, -1, -1, -1, -1, -2, -2, -2, -2, -2, 1, -2, -1, -1, 2, 2, 2, 2]"
308,dfs_bnb_mpi,243.687,-6,7,69107247,"[-1, -1, 2, 2, 2, 2, 2, -1, -2, -2, -2, -2, -2, -2, 1, 1, -2, 1, 2, 1, 2, 1, 2, -1, 2, -1, -1, -2, 1]"
309,dfs_bnb_mpi,21354.7,-7,8,5936229516,"[-1, -1, 2, 2, 2, 2, 1, -2, -2, -2, 1, 1, -2, -2, 1, -2, -1, -2, 1, -2, -1, -1, 2, 2, 2, -1, -1, -2, 1]"
310,dfs_bnb_mpi,375.164,-4,5,114460540,"[-1, -1, 2, 2, 2, 2, 2, 2, 1, -2, 1, 2, 2, 2, -1, -1, -1, -2, -2, -2, -1, 2, -1, -2, -2, 1, 1, -2, -1]"
311,dfs_bnb_mpi,126.322,-6,7,36953976,"[-1, -1, 2, 2, 2, 2, 2, 2, 2, 1, 2, 2, 2, -1, -2, -2, -1, 2, -1, 2, 2, -1, -2, -2, -2, 1, -2, 1, -2]"
312,dfs_bnb_mpi,1.62778,-6,7,499844,"[-1, -1, 2, 1, 2, -1, 2, 2, -1, -2, -2, -1, 2, 2, 2, -1, -2, -1, -1, -2, 1, 1, -2, -2, 1, 1, -2, -1, -1]"
313,dfs_bnb_mpi,133.258,-7,8,38907439,"[-1, -2, -1, 2, 2, 1, 1, 2, 2, 2, 2, -1, -2, -2, -2, -1, 2, -1, -1, -2, 1, -2, -1, -2, 1, -2, -1, -1, 2]"
314,dfs_bnb_mpi,838.159,-5,6,257209413,"[-1, -1, 2, 2, 2, 1, 1, -2, -2, 1, 2, 1, -2, -2, -1, -2, 1, -2, -1, -1, 2, -1, -1, -1, 2, 2, 2, 2, 2]"
315,dfs_bnb_mpi,24434.2,-6,7,7324064157,"[-1, -1, 2, 2, 2, 2, 1, -2, 1, 2, 2, 2, 2, -1, -2, -2, -1, 2, -1, -2, -1, 2, -1, -2, -2, 1, 1, -2, -1]"
316,dfs_bnb_mpi,4522.36,-6,7,1366411204,"[-1, -1, 2, 1, 2, 2, 2, 1, 2, -1, 2, 2, 2, -1, -2, -2, -2, -1, 2, -1, -2, -2, 1, 1, -2, -2, -1, -2, -1]"
317,dfs_bnb_mpi,217.03,-6,7,66188095,"[-1, -1, 2, 2, 2, 1, 2, -1, 2, 1, 1, 2, 1, -2, 1, -2, -1, -1, -2, 1, 1, 1, 1, -2, -1, -1, -1, -1, -1]"
318,dfs_bnb_mpi,337105,-5,6,84566298587,"[-1, -1, 2, 2, 2, 2, 2, 2, 1, 1, 2, 2, 2, 2, 2, 1, -2, -2, -2, -2, -2, -2, -1, -1, -2, 1, -2, 1, 2]"
319,dfs_bnb_mpi,53.2468,-7,8,15462989,"[-1, -2, 1, 1, -2, 1, 2, 1, 1, 1, 2, -1, -1, 2, 2, -1, -2, -2, -1, 2, -1, 2, -1, -2, -1, 2, 2, 2, 2]"
320,dfs_bnb_mpi,120981,-6,7,34770791410,"[-1, -1, 2, 2, 2, 2, 2, 2, 2, 2, 2, 2, 2, 1, 1, -2, -2, -2, 1, -2, 1, -2, -1, -2, -1, 2, 2, -1, -2]"
321,dfs_bnb_mpi,16.9717,-4,5,5306853,"[-1, -1, 2, 2, 2, -1, -2, -2, -2, -1, 2, 2, -1, -2, -2, -2, 1, 1, 1, -2, 1, 2, 1, 1, 2, 2, 2, 2, 2]"
322,dfs_bnb_mpi,291.89,-6,7,84857226,"[-1, -1, 2, 2, 2, 2, 2, 2, 1, 1, 1, 2, -1, -1, 2, 2, -1, -2, -2, -1, 2, -1, -1, -2, 1, -2, -2, 1, 2]"
323,dfs_bnb_reach_prune,10186.1,-5,6,181131176715,"[-1, -2, 1, 1, 2, 2, 2, 2, 2, 2, 2, -1, -2, -2, -2, -1, 2, -1, -1, -2, -2, -2, -2, 1, 2, 1, 2, -1, 2]"
324,dfs_bnb_reach_prune,157.13,-6,7,43425719,"[-1, -1, 2, 2, 1, 2, 2, -1, -2, -1, -2, -2, -1, -2, -1, 2, 2, 1, 2, -1, -1, -2, -1, 2, -1, -2, -2, 1, 1]"
325,dfs_bnb_reach_prune,1527.04,-5,6,456101568,"[-1, -1, 2, 2, 2, 2, 2, 1, -2, -2, -2, -2, 1, 2, 2, 2, 1, -2, 1, 2, 2, 2, 1, -2, -2, -2, -2, -1, -1]"
326,dfs_bnb_reach_prune,121.57,-7,8,36020158,"[-1, -2, 1, -2, 1, 1, 2, -1, 2, 1, 1, 1, 2, 2, 2, -1, -1, -1, -2, 1, 1, -2, -1, -1, -1, -1, 2, 1, 2]"
327,dfs_bnb_reach_prune,33515.4,-2,3,9386720451,"[-1, -1, 2, 2, 2, 2, 2, 2, 2, 2, 2, 2, 1, -2, 1, 2, 2, 2, 2, 2, -1, -1, -1, -2, -2, -2, -2, -2, -1]"
328,dfs_bnb_mpi,257.864,-6,7,78905638,"[-1, -1, 2, 2, 1, 2, 1, 1, 2, -1, -1, 2, -1, -2, -2, -1, -1, 2, 2, -1, -2, -2, -2, 1, -2, -2, 1, 2, 2]"
329,dfs_bnb_mpi,73.1911,-7,8,22353282,"[-1, -1, 2, 2, 2, 1, 1, 2, 1, -2, -2, -1, -1, -2, 1, 1, 1, 2, 2, 2, 2, 1, -2, -2, -2, -2, -2, -1, -1]"
330,dfs_bnb_mpi,13.0267,-6,7,4075661,"[-1, -2, 1, 1, 2, 2, 2, -1, -2, -1, -1, -2, -2, -1, 2, 2, -1, -2, -2, -2, 1, 1, -2, -2, 1, 2, 2, 1, 1]"
331,dfs_bnb_mpi,2.40419,-6,7,626659,"[-1, -1, 2, 2, 2, 2, -1, -1, -2, -2, -2, 1, -2, -2, -1, 2, -1, 2, -1, 2, 1, 2, 2, 2, 2, 2, 2, 2, 2]"
332,dfs_bnb_mpi,1533.52,-8,9,469023668,"[-1, -2, 1, 1, 2, 2, 1, -2, 1, 2, 2, 2, 2, 2, 2, -1, -2, -2, -2, -2, -1, 2, 2, -1, -2, -2, -1, -2, 1]"
333,dfs_bnb_mpi,247.619,-6,7,74072196,"[-1, -1, 2, 2, -1, -2, -2, -1, -1, -2, 1, 1, -2, 1, 1, -2, -1, -2, 1, 1, 2, 2, 1, 1, 2, -1, -1, -1, -1]"
334,dfs_bnb_mpi,4386.74,-4,5,1301545770,"[-1, -1, 2, 2, 2, 2, 2, 2, 2, 2, 2, 2, 2, 2, 1, 2, 1, -2, 1, 1, -2, -1, -2, -1, 2, -1, -2, -2, 1]"
335,dfs_bnb_mpi,542.634,-6,7,162164621,"[-1, -1, 2, 2, 2, 1, 1, 2, 2, -1, -1, -1, 2, -1, -2, -1, -2, 1, -2, -1, -2, 1, -2, 1, 2, 2, 2, 1, 1]"
336,dfs_bnb_mpi,7.54991,-6,7,2360552,"[-1, -1, 2, -1, -2, -1, -2, 1, 1, 1, 1, -2, -1, -1, -1, -1, -2, -1, -1, 2, 1, 2, -1, -1, 2, 1, 1, 2, 2]"
337,dfs_bnb_mpi,71.0888,-6,7,22146979,"[-1, -2, 1, 1, 2, 2, 2, 1, -2, -2, -2, -2, -1, -1, -1, -1, 2, 2, 2, 2, 1, -2, 1, 2, 2, 2, 2, 2, 2]"
338,dfs_bnb_mpi,4.64274,-7,8,1431489,"[-1, -2, -1, -1, 2, 1, 2, 2, -1, -2, -1, 2, -1, -1, 2, 1, 1, 2, 2, 1, -2, -2, 1, 2, 1, -2, -2, -2, 1]"
339,dfs_bnb_mpi,0.194299,-7,8,57391,"[-1, -2, -1, -2, 1, 1, 2, 1, 2, 2, -1, -1, 2, -1, 2, 1, 2, 1, -2, -2, 1, 2, 2, 2, 2, 2, 2, 2, 2]"
340,dfs_bnb_mpi,185.237,-7,8,56797836,"[-1, -2, 1, 1, 1, 2, -1, 2, 1, 1, 2, 2, -1, -2, -1, 2, -1, -2, -1, 2, 2, 2, -1, -2, -2, -2, -2, 1, 1]"
341,dfs_bnb_mpi,1692.44,-4,5,487060399,"[-1, -1, 2, 2, 2, 2, 2, 2, 2, 2, 2, 2, 2, 2, 1, -2, 1, 2, 2, 1, -2, 1, -2, -1, -2, -1, -1, -2, 1]"
342,dfs_bnb_mpi,139.833,-5,6,42606205,"[-1, -1, 2, 2, 2, 2, 2, 2, 2, 2, 2, 2, 1, -2, 1, -2, -1, -2, 1, 1, 2, 2, 2, -1, 2, 2, -1, -2, -1]"
343,dfs_bnb_mpi,0.288507,-6,7,82136,"[-1, -1, 2, 2, 2, -1, -1, -2, -1, 2, -1, -2, -2, 1, -2, 1, 2, 1, -2, -2, 1, 1, 1, 1, 2, 2, 2, 2, 2]"
344,dfs_bnb_mpi,68.7621,-7,8,19896186,"[-1, -1, 2, 2, 2, 2, 1, 1, 1, -2, -2, -1, 2, -1, -2, -2, 1, 1, 1, 1, -2, -1, -1, -2, -1, -1, -2, 1, 1]"
345,dfs_bnb_mpi,2022.19,-6,7,600435490,"[-1, -1, 2, 2, 1, -2, 1, 2, 2, 2, 2, 2, 2, 1, 1, -2, -2, -2, -2, -2, 1, -2, -1, -2, -2, -1, 2, 2, 2]"
346,dfs_bnb_mpi,12.316,-6,7,3792523,"[-1, -1, 2, 1, 2, -1, -1, 2, 1, 2, 1, -2, 1, 2, 2, 2, 2, 1, -2, -2, -2, -2, -2, -1, -2, 1, 1, 2, 2]"
347,dfs_bnb_mpi,33652.6,-4,5,9528222989,"[-1, -1, 2, 2, 2, 2, 2, 1, 2, 2, 2, 1, 2, -1, 2, -1, -2, -1, 2, -1, -2, -2, 1, 1, -2, -2, -1, -2, -1]"
348,dfs_bnb_mpi,16.7546,-6,7,4954866,"[-1, -1, 2, 2, 2, 2, -1, -2, -2, -2, -2, -2, 1, -2, -2, 1, 2, 2, 1, 1, -2, -1, -2, 1, 1, 2, 2, 2, 2]"
349,dfs_bnb_mpi,47.6684,-6,7,13666654,"[-1, -1, 2, 2, 2, 2, 2, 2, 2, 2, 2, 1, 2, 1, -2, 1, -2, -1, -1, -2, -2, 1, 2, 1, 1, 2, 2, 2, 2]"
350,dfs_bnb_mpi,88.8884,-4,5,26686693,"[-1, -1, 2, 2, 2, 1, 2, 2, 2, -1, -2, -2, -1, -1, 2, -1, -2, -2, -1, -2, -2, 1, 1, 1, 2, 2, -1, -2, -1]"
351,dfs_bnb_mpi,152.106,-6,7,43712715,"[-1, -1, 2, -1, -2, -1, -1, -2, -2, 1, -2, -1, -1, -1, -2, 1, 1, 1, 1, 2, 1, 1, 2, 2, -1, -2, -1, 2, -1]"
352,dfs_bnb_mpi,112809,-6,7,33309904613,"[-1, -1, 2, 2, 2, 2, 2, 1, 1, 2, 2, -1, -2, -1, 2, 2, -1, -1, -1, -2, -2, 1, -2, -2, 1, 2, 2, 2, -1]"
353,dfs_bnb_mpi,287.41,-6,7,77798103,"[-1, -1, 2, 2, 2, 2, -1, -2, -2, -2, -1, 2, 2, 2, -1, -2, -2, -2, -2, -1, -2, 1, -2, 1, 1, 2, 2, -1, -2]"
354,dfs_bnb_mpi,216.401,-6,7,63253712,"[-1, -1, 2, 2, 2, 2, 2, 2, 2, 2, 2, 1, 2, 1, -2, -2, -1, -2, -2, -2, -2, -2, 1, 2, 1, 2, -1, 2, 2]"
355,dfs_bnb_mpi,10783.9,-7,8,3004734348,"[-1, -1, 2, -1, -2, -2, 1, 1, 1, -2, 1, 1, 1, 1, 2, -1, -1, -1, 2, 1, 2, -1, 2, -1, 2, -1, -2, -2, 1]"
356,dfs_bnb_mpi,59.6849,-4,5,14475314,"[-1, -1, 2, 2, 2, 2, 2, 2, 2, 2, 2, 1, 2, -1, 2, -1, -2, -2, -1, -1, -2, 1, 1, -2, -1, -1, -1, 2, 2]"
357,dfs_bnb_mpi,0.195723,-5,6,54068,"[-1, -1, 2, 2, -1, -2, -1, 2, -1, -1, -2, 1, -2, 1, 1, -2, 1, 1, 1, 1, 2, 2, 2, 2, 2, 2, 2, 2, 2]"
358,dfs_bnb_mpi,337.829,-6,7,102290629,"[-1, -1, 2, 2, 2, 2, 2, 1, 1, 2, -1, -1, 2, -1, -2, -2, -2, -1, 2, 2, 2, -1, 2, 2, -1, -2, -2, -2, 1]"
359,dfs_bnb_mpi,436.654,-6,7,115476057,"[-1, -1, 2, 2, 2, 2, 2, -1, -2, -2, -1, 2, -1, -2, -1, -2, 1, 1, 1, -2, -1, -1, -2, 1, 1, -2, 1, 1, 1]"
360,dfs_bnb_mpi,103.317,-6,7,31354866,"[-1, -1, -1, 2, 1, 2, -1, -1, -2, -2, -1, -1, -2, 1, 1, -2, -2, 1, 2, 2, 1, 1, 1, 1, 2, 2, 2, 2, 2]"
361,dfs_bnb_mpi,29837.5,-6,7,8740199547,"[-1, -2, -1, 2, -1, -2, -2, 1, -2, -1, -1, -1, -2, 1, 1, 1, 1, 2, 2, 1, 2, 1, 2, 2, -1, 2, -1, -2, -1]"
362,dfs_bnb_mpi,265.621,-4,5,76491454,"[-1, -1, 2, 2, 2, 2, 2, 1, -2, -2, -2, -2, 1, 2, 1, 1, -2, -1, -2, -2, 1, 2, 1, 1, 1, 2, -1, -1, 2]"
363,dfs_bnb_mpi,504.109,-5,6,152635864,"[-1, -1, 2, 2, 2, 2, 2, 2, 2, 2, 2, 2, 1, 1, 2, 2, -1, -2, -1, 2, 2, -1, -2, -2, -1, -2, -2, 1, 2]"
364,dfs_bnb_mpi,821.416,-6,7,239938257,"[-1, -1, 2, 2, 2, -1, -1, -1, -2, -2, -2, -2, 1, -2, -1, -2, 1, 1, 1, 1, 2, 2, -1, -2, -1, 2, 2, -1, 2]"
365,dfs_bnb_mpi,1288.95,-6,7,381827226,"[-1, -1, 2, 2, -1, -1, -2, 1, -2, -2, 1, 1, 1, 1, 2, 1, -2, -2, -1, -1, -1, -1, -1, -1, 2, 2, -1, 2, 2]"
366,dfs_bnb_mpi,64661.8,-4,5,18771474532,"[-1, -1, 2, 2, 2, 2, 2, 2, 1, -2, -2, 1, 2, 2, 2, 2, 2, 2, 2, -1, -2, -2, -2, -2, -1, -1, -2, -2, -2]"
367,dfs_bnb_mpi,2.339,-6,7,717440,"[-1, -1, 2, 2, 2, 1, 2, 1, 2, -1, -1, -2, -1, -2, -1, 2, 2, 2, 1, 1, 1, 1, 1, -2, -2, -2, -1, -2, 1]"
368,dfs_bnb_mpi,3.25752,-6,7,972756,"[-1, -1, 2, 2, 2, 2, 2, 1, -2, -2, 1, 2, 1, 2, -1, 2, -1, -1, -1, -2, -2, -1, -1, -2, 1, 1, -2, -1, -1]"
369,dfs_bnb_mpi,801.089,-6,7,240711435,"[-1, -1, 2, 2, 2, 1, 2, 1, -2, -2, -1, -2, 1, 1, -2, -2, -1, -1, -1, -1, 2, 2, 2, -1, 2, 1, 2, 1, 2]"
370,dfs_bnb_mpi,1759.38,-2,3,524493258,"[-1, -1, 2, 2, 2, 2, 2, 2, 1, -2, -2, 1, 2, 2, 2, 2, 2, 2, 2, -1, -1, -1, -2, -2, -2, -2, -2, -2, -2]"
371,dfs_bnb_mpi,0.149493,-7,7,43939,"[-1, -1, 2, 2, 2, 1, -2, -2, 1, 1, 2, -1, 2, 1, 2, -1, 2, 2, 2, -1, -2, -2, -2, -1, 2, 2, 2, 2, 2]"
372,dfs_bnb_mpi,111947,-5,6,33361327569,"[-1, -1, 2, 2, 2, 2, 2, 1, 2, -1, -1, 2, 2, 2, -1, -1, -2, -2, -2, -2, -1, -2, 1, 1, 1, 2, -1, 2, 2]"
373,dfs_bnb_mpi,18748.5,-5,5,5429062902,"[-1, -1, 2, 2, 2, 2, 2, 2, 2, 2, -1, -1, -2, -2, -2, -2, -2, -2, -2, -1, -2, 1, 1, 2, 2, 2, 2, 2, 2]"
374,dfs_bnb_mpi,1705.56,-6,7,483774210,"[-1, -1, 2, 2, 2, 2, 1, 1, 2, 2, -1, -2, -1, 2, -1, -2, -2, -2, -1, 2, 2, 2, -1, -1, -2, 1, -2, -1, -1]"
375,dfs_bnb_mpi,22.9028,-7,8,7018695,"[-1, -1, 2, 2, 1, -2, 1, 1, 2, 2, -1, -1, -1, -1, -2, -2, -2, -2, 1, 1, -2, 1, 2, 1, 2, 1, 2, 2, 2]"
376,dfs_bnb_mpi,33.3827,-6,7,9941083,"[-1, -1, 2, 1, 2, 2, 2, 2, 2, -1, -2, -2, -2, -2, -1, -2, -2, -1, 2, 2, -1, -2, -2, -2, 1, 1, 1, 1, 1]"
377,dfs_bnb_mpi,830.54,-5,6,254097104,"[-1, -1, 2, 2, -1, -2, -2, -1, -1, -1, 2, 2, 1, -2, 1, 2, 2, 1, 1, 1, -2, -2, 1, 1, 1, 2, -1, -1, 2]"
378,dfs_bnb_mpi,202.185,-6,7,58519226,"[-1, -1, 2, 2, -1, -2, -2, -2, -2, -1, -1, -2, 1, 1, 1, 2, 2, 1, 1, -2, -1, -2, 1, -2, -1, -1, -1, -1, -1]"
379,dfs_bnb_mpi,43.1526,-6,7,13409906,"[-1, -1, -1, -1, 2, 1, 1, 2, 2, -1, -1, -1, -2, -2, -2, -2, 1, 1, 1, -2, 1, 2, 1, 1, 2, 2, -1, -1, 2]"
380,dfs_bnb_mpi,2.09244,-7,8,658670,"[-1, -1, 2, 1, 1, 2, 1, 2, 1, -2, -2, -1, -2, 1, -2, 1, 1, 1, 2, -1, -1, 2, 1, 2, -1, 2, 2, 2, 2]"
381,dfs_bnb_mpi,877.28,-7,8,271393416,"[-1, -1, 2, -1, -2, -2, 1, 1, 1, -2, 1, 2, 1, 2, 2, 2, 2, -1, -1, -1, -1, -2, 1, -2, 1, 2, 1, -2, -2]"
382,dfs_bnb_mpi,1298.46,-5,6,391800727,"[-1, -1, 2, 2, 2, 2, 2, 2, 1, -2, -2, 1, 2, 2, 1, -2, -2, -2, -1, -1, -2, 1, 1, -2, 1, -2, -2, -1, 2]"
383,dfs_bnb_mpi,17.3959,-6,7,5249043,"[-1, -1, 2, 2, 2, 1, -2, -2, 1, 2, 2, 2, 1, 2, -1, 2, -1, -2, -1, -1, -2, -2, -2, -2, -1, -2, 1, -2, 1]"
384,dfs_bnb_mpi,17.3041,-6,7,5345513,"[-1, -1, 2, 2, 1, 2, 1, 2, -1, 2, -1, 2, 2, -1, -2, -2, -2, 1, -2, -1, -1, 2, -1, -2, -2, 1, 1, -2, -1]"
385,dfs_bnb_mpi,1485.3,-6,7,456072295,"[-1, -2, -2, -2, -1, 2, 2, 2, -1, 2, 1, 1, 2, 2, 2, 2, 1, -2, -2, -2, -2, 1, -2, -2, -1, -2, 1, 1, 2]"
386,dfs_bnb_mpi,91.3437,-6,7,27624780,"[-1, -1, 2, 2, 1, 2, -1, -1, 2, 2, 2, -1, -2, -2, -2, -1, 2, -1, -2, -2, -1, -2, 1, 1, 2, 1, 1, -2, -1]"
387,dfs_bnb_mpi,354.686,-5,5,109219810,"[-1, -1, 2, 2, 2, 2, 2, 2, 1, -2, -2, 1, 2, 2, 2, -1, -1, -1, -2, -2, -2, -1, 2, -1, -2, -2, 1, 1, -2]"
388,dfs_bnb_mpi,2.62708,-6,7,823976,"[-1, -1, 2, 2, -1, -1, -2, 1, -2, -1, -1, 2, 2, 2, 1, 1, 2, 2, 1, -2, -2, 1, -2, 1, 2, 2, 2, 2, 2]"
389,dfs_bnb_mpi,3.80471,-6,7,1169361,"[-1, -1, 2, 2, 1, 2, 1, -2, -2, 1, 1, 2, -1, 2, 2, -1, -1, 2, -1, -2, -2, -1, -2, -1, 2, 2, 2, 2, 2]"
390,dfs_bnb_mpi,168.94,-5,6,41809160,"[-1, -1, 2, 2, 2, 2, 2, 2, 2, 2, 1, -2, -2, -2, -2, -2, 1, -2, -1, -2, 1, 1, 1, -2, -1, -2, -1, -1, -1]"
391,dfs_bnb_mpi,2.99358,-6,7,918669,"[-1, -1, 2, 2, 2, 2, 1, -2, -2, -2, 1, 2, 1, -2, 1, -2, -1, -2, -1, -1, -1, -1, 2, -1, -1, 2, 1, 1, 2]"
392,dfs_bnb_mpi,0.05785,-6,6,15705,"[-1, -1, 2, -1, -2, -1, 2, -1, -2, -1, -2, 1, 1, -2, 1, 2, 1, 1, 1, 1, 2, 2, 2, 2, 2, 2, 2, 2, 2]"
393,dfs_bnb_mpi,1650.22,-4,5,473986681,"[-1, -1, 2, 2, 2, 2, 2, 2, 2, 2, 2, 1, -2, 1, 2, 2, 2, 2, -1, -1, -1, -2, -2, -1, -2, 1, -2, -1, -1]"
394,dfs_bnb_mpi,312912,-6,7,93207658241,"[-1, -1, 2, 2, 2, 2, 2, 2, 2, 2, 2, 1, -2, 1, 2, 1, -2, -2, -2, -1, -2, 1, -2, -1, -1, 2, 2, 2, 1]"
395,dfs_bnb_mpi,134.177,-7,8,40741803,"[-1, -1, 2, 1, 2, 1, -2, 1, 1, -2, -1, -2, -2, -1, 2, -1, -1, -1, -2, 1, -2, -1, -1, -2, 1, 1, 1, 2, 2]"
396,dfs_bnb_mpi,312.934,-7,8,94896520,"[-1, -1, 2, 2, 1, 1, 2, 2, -1, -2, -1, 2, -1, -2, -1, 2, -1, 2, 2, -1, -2, -2, -2, 1, -2, 1, 1, -2, -1]"
397,dfs_bnb_mpi,3165.13,-6,7,771227331,"[-1, -1, 2, 2, 2, 2, 2, -1, -2, -2, -2, -2, -2, -1, 2, -1, -2, -1, -1, -2, 1, 1, -2, 1, 2, 1, -2, 1, 2]"
398,dfs_bnb_mpi,350.94,-4,5,93820892,"[-1, -1, 2, 2, 2, 2, 2, 2, 2, 2, 2, 2, 2, 2, 1, 2, 1, 2, -1, -1, -2, -1, -2, -1, 2, 2, 2, 2, 2]"
399,dfs_bnb_mpi,18.3828,-6,7,5398277,"[-1, -1, 2, 1, 2, 2, 2, -1, -1, -2, -2, -2, -2, -2, 1, 1, 1, -2, 1, 1, 2, -1, 2, 1, 2, -1, -1, 2, 2]"
400,dfs_bnb_mpi,1.0941,-6,6,324250,"[-1, -1, 2, 2, 2, 2, 1, -2, -2, -2, 1, 2, 2, 2, 1, -2, 1, 2, 2, 2, 1, -2, -2, -2, -2, -1, -1, -2, 1]"
401,dfs_bnb_mpi,2802.26,-5,6,752370710,"[-1, -2, 1, 1, 2, 2, 2, 2, 2, 2, -1, -1, -1, -1, -2, -2, -2, -2, -2, 1, 2, 1, 1, 2, 2, 2, -1, -1, -2]"
402,dfs_bnb_mpi,2993.8,-6,7,918016054,"[-1, -1, 2, 2, 1, 2, 2, -1, -2, -1, 2, 2, -1, -2, -2, -2, -1, -1, -2, 1, -2, -1, -2, 1, 1, 2, 2, 1, 2]"
403,dfs_bnb_mpi,1428.58,-6,7,423359312,"[-1, -1, 2, 2, 2, 2, 2, 2, 1, 2, 2, 2, -1, -2, -2, -1, 2, -1, -2, -1, -1, -2, 1, -2, 1, 2, 1, -2, -2]"
404,dfs_bnb_mpi,0.002618,-4,5,627,"[-1, -1, 2, 2, 2, 2, 2, 2, 2, 2, 2, 2, 2, 2, 1, -2, -2, -2, 1, -2, -1, -2, -2, 1, 2, 1, 2, 2, 2]"
405,dfs_bnb_mpi,704.28,-6,7,213962142,"[-1, -2, -1, -2, -2, 1, 2, 1, 2, 1, 2, 2, 2, -1, -1, -1, -1, -2, -2, -2, -2, -1, -2, 1, -2, 1, 1, 1, 2]"
406,dfs_bnb_mpi,0.693466,-6,7,184247,"[-1, -1, 2, -1, -1, -1, -2, -1, -2, 1, -2, 1, 2, 2, 1, -2, -2, -2, 1, 2, 2, 1, 1, 1, 2, 2, 2, 2, 2]"
407,dfs_bnb_mpi,4.64866,-4,5,1456284,"[-1, -1, 2, 2, 2, 2, 2, 1, -2, -2, 1, 2, 2, 2, -1, -1, -1, -2, -2, -2, -1, 2, -1, -2, -2, 1, 1, -2, -1]"
408,dfs_bnb_mpi,109561,-5,6,33320344670,"[-1, -1, 2, 2, 2, 2, 1, 2, 2, -1, -2, -1, 2, 2, -1, -2, -2, -1, 2, 2, -1, -2, -2, -2, 1, 1, 1, -2, -1]"
409,dfs_bnb_mpi,0.563001,-6,7,176920,"[-1, -1, 2, -1, 2, 1, 2, 2, 2, 1, -2, -2, 1, 2, 1, -2, -2, -1, -1, -2, 1, 1, 1, 2, 2, 2, 2, 2, 2]"
410,dfs_bnb_mpi,2597.05,-6,7,759877960,"[-1, -1, 2, 2, -1, 2, 1, 1, 2, 2, 1, -2, -2, 1, 2, 2, 1, -2, -2, -2, -1, -1, -1, -2, 1, 1, 1, 1, 2]"
411,dfs_bnb_mpi,1.06229,-6,7,257910,"[-1, -1, 2, 2, 2, -1, 2, 2, -1, -2, -2, -1, -2, 1, 1, -2, -2, -2, -1, 2, 2, -1, -1, 2, 2, 2, 2, 2, 2]"
412,dfs_bnb_mpi,708.994,-7,8,216381403,"[-1, -2, 1, 1, 1, 1, 2, 2, 2, -1, -1, -1, 2, -1, 2, -1, -2, -1, -1, -2, 1, 1, 1, -2, 1, 1, -2, 1, 2]"
413,dfs_bnb_mpi,4312.24,-5,6,1299190198,"[-1, -1, 2, 2, 2, 2, 2, 2, 2, 2, 2, 2, 1, 2, -1, -1, 2, -1, -2, -1, -1, -2, 1, 1, -2, -2, 1, 2, 2]"
414,dfs_bnb_mpi,142046,-6,7,34186570342,"[-1, -1, 2, 2, 2, 2, 2, 1, 2, 2, 2, 2, 2, 2, 1, -2, -2, -2, -2, -2, 1, 1, -2, -1, -1, -2, -2, -1, 2]"
415,dfs_bnb_mpi,11.576,-6,7,3437306,"[-1, -1, 2, 2, 2, 1, -2, -2, 1, 2, 1, -2, -2, -2, -1, -1, -1, -2, -1, -2, 1, 1, 2, 1, 1, 1, 2, 2, 2]"
416,dfs_bnb_mpi,4.11597,-6,7,1124079,"[-1, -2, 1, 1, 2, 2, 2, 2, -1, -2, -2, -1, 2, -1, -1, -2, 1, -2, -2, -1, 2, -1, 2, 2, 2, 2, 2, 2, 2]"
417,dfs_bnb_mpi,41.565,-5,6,12847306,"[-1, -1, 2, -1, 2, 2, 2, 2, -1, -2, -2, -1, 2, -1, -2, -2, 1, 1, -2, -1, -2, 1, 1, -2, 1, 1, 1, 1, 2]"
418,dfs_bnb_mpi,41.1514,-5,5,12729278,"[-1, -1, 2, 2, 2, 2, 2, 2, 1, 1, 1, -2, -2, 1, -2, -1, -1, 2, 2, -1, -2, -2, -2, 1, 1, 1, 1, 2, 2]"
419,dfs_bnb_mpi,166.922,-6,7,51250293,"[-1, -1, 2, 2, 2, 1, -2, -2, 1, 2, 2, 2, -1, -1, -1, -2, -2, -2, -1, -2, -1, 2, -1, -2, -2, 1, 1, 1, 2]"
420,dfs_bnb_mpi,369.694,-6,7,110652984,"[-1, -1, 2, 2, 1, -2, 1, 1, -2, -2, 1, 2, 1, -2, -2, -1, -1, -2, -1, 2, 2, -1, -1, -1, -1, -2, 1, 1, 1]"
421,dfs_bnb_mpi,2767.98,-6,7,823885128,"[-1, -1, 2, 1, 1, 1, 2, 2, 2, 1, -2, -2, -2, 1, 1, -2, -2, -2, -1, -1, 2, 1, 2, -1, -1, -2, -1, -1, -1]"
422,dfs_bnb_mpi,4.64731,-6,7,1423267,"[-1, -1, 2, 2, -1, -2, -2, -1, -2, 1, -2, 1, 2, 1, 1, 1, 2, 2, 2, 2, 2, -1, -1, -2, -2, -2, 1, 2, 2]"
423,dfs_bnb_mpi,637.57,-2,3,194623977,"[-1, -1, 2, 2, 2, 2, 2, 2, 2, 2, 2, 1, -2, -2, 1, 2, 2, 2, 2, 2, -1, -1, -1, -2, -2, -2, -2, -2, -1]"
424,dfs_bnb_mpi,5469.8,-6,7,1542586044,"[-1, -2, 1, 1, 1, 2, 2, 2, 1, 2, 2, 2, 2, 2, 2, -1, -2, -2, -2, -2, -2, -1, -2, -1, -1, -2, 1, 1, -2]"
425,dfs_bnb_mpi,1238.17,-6,7,318786051,"[-1, -2, -2, -1, 2, 2, -1, 2, 1, 2, -1, 2, 2, 1, -2, 1, 2, 2, 1, -2, -2, 1, -2, -1, -1, -2, 1, 1, 1]"
426,dfs_bnb_mpi,2616.02,-6,7,797608095,"[-1, -1, 2, 2, 2, 2, -1, -1, -2, -2, -2, 1, -2, -1, -2, -1, 2, 2, 2, 2, -1, -2, -1, -1, -2, 1, -2, 1, 2]"
427,dfs_bnb_mpi,21.7637,-6,7,6614484,"[-1, -1, 2, 2, 2, 2, 1, 1, 2, -1, -1, 2, -1, -2, -1, -2, 1, -2, -1, -1, -2, -2, 1, 2, 1, -2, -2, -1, -1]"
428,dfs_bnb_mpi,884.961,-6,7,248276928,"[-1, -1, 2, 2, 2, 2, 2, -1, -2, -2, -2, -2, -2, -2, -2, 1, 2, 1, -2, -2, 1, 2, 2, 1, 2, 2, -1, 2, 2]"
429,dfs_bnb_mpi,118.956,-7,8,35197475,"[-1, -1, 2, 2, 2, 1, -2, -2, 1, 2, 2, 2, 1, -2, -2, -2, 1, -2, -1, -2, 1, 1, -2, -1, -1, -1, 2, -1, -1]"
430,dfs_bnb_mpi,1875.03,-3,4,561891361,"[-1, -1, 2, 2, 2, 2, 2, 2, 1, 1, -2, -2, -2, -2, -2, 1, 2, 2, 2, 2, 1, -2, -2, -2, -2, -2, -1, -2, -1]"
431,dfs_bnb_mpi,6.58089,-6,7,1944496,"[-1, -2, -1, -2, 1, 1, 2, 1, 2, 1, -2, -2, -2, 1, -2, -1, -1, 2, -1, -1, -1, -1, 2, 2, 2, 2, 2, 2, 2]"
432,dfs_bnb_mpi,40652.1,-5,6,11911105798,"[-1, -1, 2, 2, 2, 2, 2, 2, 2, 2, 2, 2, 2, 2, 2, 2, 1, 2, 1, -2, -2, -1, -2, 1, 1, 2, 1, 2, -1]"
433,dfs_bnb_mpi,15.4166,-6,7,4799413,"[-1, -1, 2, 2, 1, -2, 1, 2, 2, 1, -2, -2, 1, 1, -2, -1, -1, -2, -1, -2, 1, 1, -2, -1, -1, -1, 2, 2, -1]"
434,dfs_bnb_mpi,4582.08,-6,7,1400201022,"[-1, -1, 2, 1, 2, 2, -1, -2, -1, 2, -1, -2, -2, 1, -2, -1, -1, 2, -1, -2, -2, 1, -2, 1, 1, 1, 2, -1, -1]"
435,dfs_bnb_mpi,2108.29,-5,6,653146351,"[-1, -1, 2, 2, 2, -1, -2, -2, -2, -1, 2, -1, -2, -2, 1, -2, -1, -2, 1, 1, 2, 2, 1, 1, 1, 1, 2, 2, 2]"
436,dfs_bnb_mpi,154979,-6,7,34912555223,"[-1, -1, 2, 2, 2, 2, 1, 2, 2, 2, 2, 2, -1, -1, -1, -2, -2, -2, 1, 2, 2, 1, -2, -2, -2, -1, -1, -2, 1]"
437,dfs_bnb_mpi,42.7734,-8,9,13227589,"[-1, -1, 2, -1, -2, -1, -1, -2, 1, 1, -2, -2, 1, 2, 2, 1, 1, -2, -1, -2, 1, 1, 2, 2, 1, 2, 2, -1, -2]"
438,dfs_bnb_mpi,104.738,-5,6,28219477,"[-1, -1, 2, 2, 2, 1, 2, 2, 2, 2, 1, -2, -2, -2, -2, -2, -1, -2, 1, 1, 2, 2, 2, 2, 2, 2, 2, 2, 2]"
439,dfs_bnb_mpi,1105.91,-7,8,342295577,"[-1, -2, 1, 1, 1, 2, -1, 2, 1, 2, 2, 1, -2, 1, 2, 2, 2, -1, -1, -1, -2, -2, -2, -1, 2, -1, -2, -2, 1]"
440,dfs_bnb_mpi,0.594866,-5,6,167352,"[-1, -1, -1, -1, 2, 2, 1, -2, 1, 2, 1, -2, 1, 2, 2, -1, -1, 2, 2, 2, 2, 2, 2, 2, 2, 2, 2, 2, 2]"
441,dfs_bnb_mpi,481.784,-4,5,145048695,"[-1, -1, 2, 2, 2, 1, 2, 2, 2, -1, -1, -1, -1, -2, -2, 1, 2, 1, 1, -2, -1, -2, -2, -2, -1, 2, 2, -1, -1]"
442,dfs_bnb_mpi,93.1785,-5,6,29040523,"[-1, -1, 2, 2, 2, 1, 1, -2, -2, 1, 2, 1, -2, -2, -1, -2, 1, 1, 2, 2, 2, 2, 2, 2, -1, -1, -2, -2, 1]"
443,dfs_bnb_mpi,3.79812,-6,7,950781,"[-1, -1, 2, 2, 2, 2, 2, 2, 2, 1, -2, -2, -2, -2, 1, -2, -1, -2, 1, 1, 2, 2, 2, -1, 2, 2, 2, 2, 2]"
444,dfs_bnb_mpi,140.63,-5,6,34863114,"[-1, -1, 2, 2, -1, -2, -2, -1, 2, 2, 2, -1, -2, -2, -1, -1, -2, 1, 1, -2, 1, 1, 1, 1, 1, 1, 2, 2, 2]"
445,dfs_bnb_mpi,2.24,-6,7,662147,"[-1, -1, 2, 2, 2, 2, 2, 1, -2, -2, -2, -2, 1, 1, -2, -2, 1, 1, 2, -1, 2, 2, 2, 2, -1, -1, -2, -2, 1]"
446,dfs_bnb_mpi,1038.73,-7,8,297379548,"[-1, -1, 2, 2, 2, 2, 2, 2, 2, 2, 2, 2, 1, 2, -1, 2, -1, -2, -2, -2, -1, 2, -1, 2, 1, 2, 2, 1, 1]"
447,dfs_bnb_mpi,13255,-5,6,4075293799,"[-1, -1, 2, 2, 2, 2, 2, 2, 2, 2, 1, 1, 1, -2, -2, -1, 2, -1, -2, -2, -2, -2, -2, 1, 2, 2, 1, 2, -1]"
448,dfs_bnb_mpi,8.32131,-5,6,2309703,"[-1, -1, 2, 2, 2, 2, 2, 2, 1, -2, -2, -2, -2, -2, 1, 2, 2, 2, 1, -2, 1, -2, -1, -2, 1, 1, 2, 2, 2]"
449,dfs_bnb_mpi,6388.72,-6,7,1753697895,"[-1, -1, 2, 2, 2, -1, -2, -2, -1, 2, -1, -2, -2, -2, -1, -1, -2, 1, 1, 1, 2, 2, 1, -2, -2, 1, 2, 1, 1]"
450,dfs_bnb_mpi,14.392,-6,7,4443076,"[-1, -1, 2, -1, 2, 2, -1, -2, -1, -1, -2, 1, 1, -2, 1, -2, 1, 1, 1, 1, 2, 2, -1, -1, 2, 2, 1, -2, 1]"
451,dfs_bnb_mpi,2.30947,-6,7,690304,"[-1, -1, 2, 2, 1, 2, 2, -1, -2, -1, 2, -1, -2, -2, 1, -2, -1, -2, 1, -2, 1, -2, -2, 1, 2, 2, 1, 1, 2]"
452,dfs_bnb_mpi,227.497,-7,8,67826260,"[-1, -1, 2, 2, 1, 1, -2, 1, 2, 1, -2, 1, 2, 1, -2, -2, -1, -1, -1, -2, 1, 1, 1, -2, -1, -1, -1, -1, 2]"
453,dfs_bnb_mpi,41888.4,-4,5,11837222332,"[-1, -1, 2, 2, 2, 2, 2, 1, 2, 2, 2, 2, 1, -2, 1, 2, 2, 2, -1, -1, -1, -2, -2, -2, -2, -2, -1, -2, -1]"
454,dfs_bnb_mpi,2.49156,-5,6,775469,"[-1, -1, 2, 1, 2, 2, 2, 1, -2, -2, -2, 1, 1, 1, 2, 2, 2, 2, -1, -2, -2, -2, -1, 2, 2, 2, 2, 2, 2]"
455,dfs_bnb_mpi,63325.2,-5,6,16847246806,"[-1, -1, 2, 2, 2, 2, 2, 2, 2, 2, 2, 2, 2, 2, 2, 2, 1, 1, -2, 1, -2, -1, -1, -2, 1, 1, -2, -1, -1]"
456,dfs_bnb_mpi,151.076,-6,7,36129375,"[-1, -1, 2, 2, 2, -1, -2, -2, -2, -1, 2, -1, -2, -2, 1, 1, -2, 1, 2, 1, 1, 1, -2, -1, -1, -2, 1, 1, 1]"
457,dfs_bnb_mpi,2885.97,-6,7,692122636,"[-1, -1, 2, 2, 2, 1, 1, 2, 2, 2, -1, -2, -2, -1, 2, 2, 2, -1, -2, -2, -2, -2, -1, -2, -1, 2, 2, 1, 2]"
458,dfs_bnb_mpi,959.432,-5,6,291574936,"[-1, -1, 2, 2, 2, 1, 2, 1, -2, 1, 2, 1, 1, -2, -2, -2, -1, 2, -1, -1, -1, -2, 1, 1, -2, 1, 1, 1, 2]"
459,dfs_bnb_mpi,186.185,-6,7,55510493,"[-1, -1, 2, 2, 1, 2, -1, 2, 2, 2, 2, 2, -1, -2, -2, -2, -2, -2, -1, -2, 1, -2, -2, -2, 1, 1, 1, 1, 2]"
460,dfs_bnb_mpi,374.543,-4,5,115970883,"[-1, -1, 2, 2, 2, 2, 2, 2, 1, -2, 1, 1, 2, -1, 2, 2, 2, 2, -1, -2, -2, -2, -1, -1, -2, -2, -1, 2, 2]"
461,dfs_bnb_mpi,8.99059,-6,7,2486852,"[-1, -1, 2, 2, 2, -1, -1, 2, 2, 2, -1, -2, -2, -2, -2, 1, 1, -2, -2, -2, -1, 2, 2, -1, -1, 2, 2, 2, 2]"
462,dfs_bnb_mpi,1.3176,-7,8,415009,"[-1, -2, -1, 2, -1, 2, 1, 2, 1, -2, 1, 1, 1, 2, 2, 2, -1, -2, -2, -1, 2, 2, -1, -2, -1, 2, 2, 2, 2]"
463,dfs_bnb_mpi,1.10012,-6,7,305164,"[-1, -1, 2, 1, 2, -1, 2, 2, 1, 2, -1, -1, -2, -2, -2, -1, -2, 1, -2, -1, -1, 2, 2, 2, 2, 2, 2, 2, 2]"
464,dfs_bnb_mpi,0.000875,-2,3,237,"[-1, -1, 2, 2, 2, 2, 2, 2, 2, 2, 2, 2, 2, 2, 2, 2, 2, 1, -2, -2, 1, -2, -1, -2, 1, 1, 2, 2, 2]"
465,dfs_bnb_mpi,0.198957,-6,7,56579,"[-1, -1, 2, 2, 2, 2, 2, 2, 2, 1, 2, 2, 1, 1, 1, -2, -2, -1, 2, -1, -2, -2, -1, -2, 1, 1, 2, 1, 1]"
466,dfs_bnb_mpi,0.562804,-7,8,172435,"[-1, -1, 2, 1, 1, 2, 1, -2, 1, 1, -2, -1, -1, -2, -1, -2, 1, 1, 2, 1, 1, 2, 2, 2, -1, -1, 2, 2, 2]"
467,dfs_bnb_mpi,67.7887,-5,6,16959747,"[-1, -1, 2, 2, 2, 2, 2, 2, 2, 2, 1, 2, 2, 1, -2, 1, -2, -1, -2, -1, -2, 1, 1, 2, 1, 2, 2, 2, 2]"
468,dfs_bnb_mpi,2353.93,-7,8,655193924,"[-1, -1, 2, 2, 2, 2, 2, 1, 1, 1, 2, -1, 2, 1, 2, -1, 2, -1, -2, -2, -2, -1, 2, -1, -2, -1, -2, 1, -2]"
469,dfs_bnb_mpi,124766,-5,6,34638709273,"[-1, -1, 2, 2, 2, 2, 2, 2, 2, 2, 2, 2, 2, 2, 2, 2, 1, 2, 2, -1, -2, -1, 2, -1, -2, -2, 1, -2, -2]"
470,dfs_bnb_mpi,9.93211,-7,8,3114612,"[-1, -2, -1, 2, 2, 2, 1, -2, 1, 2, 2, -1, -1, 2, 2, 2, 2, -1, -2, -2, -2, -2, -2, -1, -2, 1, -2, -1, -1]"
471,dfs_bnb_mpi,1109.89,-4,5,305360266,"[-1, -1, 2, 2, 2, 2, 2, 2, 2, 2, 2, 2, 2, 2, 2, 1, 2, 2, -1, -2, -1, -2, -2, -1, -1, 2, 1, 2, 2]"
472,dfs_bnb_mpi,6394.96,-5,6,1869320241,"[-1, -1, 2, 2, 2, 1, 1, -2, -2, 1, 2, 2, 2, 1, -2, -2, -2, -2, -1, -2, -2, -1, 2, -1, -1, -2, 1, -2, 1]"
473,dfs_bnb_mpi,337.042,-6,7,102411832,"[-1, -1, 2, -1, -2, -1, -2, 1, 1, -2, -1, -2, 1, 1, -2, -2, 1, 2, 2, 1, 1, 2, 2, -1, -2, -1, -1, 2, 1]"
474,dfs_bnb_mpi,507.608,-6,7,137449000,"[-1, -1, 2, -1, -2, -1, 2, 2, 1, 1, 1, -2, 1, 2, 1, -2, -2, -2, -1, -1, -1, -1, -1, -1, -2, 1, 1, 1, 1]"
475,dfs_bnb_mpi,625.467,-7,8,191915529,"[-1, -1, 2, -1, -1, 2, 2, 2, 1, -2, -2, 1, 2, 1, -2, -2, 1, 2, 2, 1, -2, -2, 1, -2, -1, -2, -2, -1, 2]"
476,dfs_bnb_mpi,0.935324,-7,8,287213,"[-1, -1, -1, 2, 1, 2, 2, 1, -2, -2, 1, 2, 1, -2, -2, -2, -1, -1, -2, 1, 1, -2, -1, -1, -1, 2, 2, -1, -1]"
477,dfs_bnb_mpi,453.944,-6,7,126138341,"[-1, -1, 2, 2, 2, 2, 2, 2, 2, 1, 2, -1, 2, 2, 2, -1, -2, -2, -2, -1, -2, 1, -2, -1, -2, 1, -2, -1, -1]"
478,dfs_bnb_mpi,9.39695,-4,5,2900565,"[-1, -1, 2, 1, 2, 2, 2, -1, -2, -2, -1, -2, -1, -2, 1, -2, 1, 1, 1, 1, 2, 2, -1, 2, 2, 2, 2, 2, 2]"
479,dfs_bnb_mpi,43.4267,-7,7,12889933,"[-1, -1, 2, 2, 2, 1, -2, -2, 1, 1, 1, 2, -1, -1, 2, 1, 2, -1, -1, -1, -1, 2, 1, 1, 2, 1, -2, 1, 2]"
480,dfs_bnb_mpi,145.617,-5,6,45425094,"[-1, -1, 2, 2, 2, -1, -2, -1, 2, 2, -1, -2, -1, 2, -1, -2, -2, 1, 1, -2, -2, 1, 2, 1, -2, -2, 1, 1, 1]"
481,dfs_bnb_mpi,139.025,-4,5,34293874,"[-1, -1, 2, 2, 2, 2, 2, 2, 2, 1, 2, 1, 2, 2, 1, -2, -2, -2, -1, -2, -1, -2, 1, 1, 2, 1, 2, 2, 2]"
482,dfs_bnb_mpi,1552.13,-7,8,476472455,"[-1, -1, 2, 1, 1, 2, -1, -1, 2, -1, 2, 2, -1, -2, -2, -2, -1, -2, 1, -2, -1, -1, -2, 1, 1, 1, 2, 2, 2]"
483,dfs_bnb_mpi,2444.75,-7,8,744304869,"[-1, -1, 2, -1, -2, -2, -1, 2, 2, 2, 2, -1, -2, -2, -2, -2, -2, 1, -2, -2, 1, 2, 1, 1, 2, 2, -1, -2, -1]"
484,dfs_bnb_mpi,1022.39,-4,5,286571500,"[-1, -1, 2, 2, 2, 2, 2, 2, 1, -2, 1, 2, 2, 2, -1, -1, -1, 2, -1, -2, -2, 1, -2, -2, -1, 2, -1, 2, 2]"
485,dfs_bnb_mpi,78.9347,-6,7,20965932,"[-1, -1, 2, 1, 1, 2, 2, 2, 1, 1, 1, -2, -2, -2, -1, 2, -1, -2, -2, 1, 1, -2, -1, -1, -1, -1, -1, -1, 2]"
486,dfs_bnb_mpi,90.7704,-5,6,28077171,"[-1, -1, 2, 2, 2, 2, 2, 1, -2, -2, -2, 1, 1, 1, 2, -1, -1, 2, 2, 2, 2, 1, -2, -2, 1, 1, -2, -1, -1]"
487,dfs_bnb_mpi,177.719,-6,7,54482304,"[-1, -1, -1, 2, 2, 1, 1, 2, -1, 2, 2, 2, 2, 2, 2, 1, -2, -2, -2, -2, -2, 1, -2, 1, -2, -1, -2, -1, -1]"
488,dfs_bnb_mpi,1.62978,-5,6,487820,"[-1, -1, 2, 2, 1, -2, 1, 1, -2, -2, -1, -1, -2, -2, -1, 2, 2, -1, 2, 2, -1, -2, -2, -2, 1, -2, -1, -1, 2]"
489,dfs_bnb_mpi,950.229,-7,8,283194833,"[-1, -2, 1, -2, -1, -1, -1, -2, 1, 1, 1, 1, 2, 2, 2, 2, 1, -2, -2, 1, 2, 2, 2, 2, -1, -1, -1, -2, -2]"
490,dfs_bnb_mpi,8314.04,-7,8,2303185502,"[-1, -1, -1, 2, 1, 2, 1, -2, 1, 2, 2, 2, 2, 1, -2, -2, -2, -2, -2, -2, -2, -1, -1, -1, -1, 2, 1, 1, 1]"
491,dfs_bnb_mpi,221.563,-4,5,67636587,"[-1, -1, 2, 2, 2, 2, 2, 1, -2, -2, 1, 2, 2, 2, -1, -1, -1, -2, -1, -1, -1, -2, -2, 1, 1, 1, 2, -1, -1]"
492,dfs_bnb_mpi,0.180308,-4,5,56462,"[-1, -1, 2, 2, 2, 1, -2, 1, 2, 2, 2, -1, -1, -1, -2, -2, -2, -1, -2, 1, -2, -1, -1, 2, 2, 2, 2, 2, 2]"
493,dfs_bnb_mpi,16.4551,-5,5,5163526,"[-1, -1, 2, 1, 2, 2, 1, 1, -2, -2, -2, -2, -1, -1, -1, -1, 2, -1, 2, 1, 2, 1, 2, 2, 2, 2, 2, 2, 2]"
494,dfs_bnb_mpi,0.483935,-7,8,148702,"[-1, -1, 2, 2, 2, 1, -2, -2, 1, 2, 1, -2, 1, 1, -2, -1, -1, -2, -1, -2, -2, -1, 2, 2, -1, -1, 2, 2, 2]"
495,dfs_bnb_mpi,16.0037,-6,7,4908785,"[-1, -1, 2, 2, 2, 1, 1, -2, 1, 2, 1, -2, 1, 1, -2, -1, -1, -1, -2, -2, -1, -2, 1, 1, 2, 2, 1, 1, 1]"
496,dfs_bnb_mpi,40.2403,-6,7,12439390,"[-1, -1, -1, 2, 2, 2, -1, -2, -2, -2, -2, 1, -2, 1, 2, 1, 1, 1, 2, 2, 2, -1, -1, -2, -1, 2, 2, 2, 2]"
497,dfs_bnb_mpi,6229.73,-6,7,1863704812,"[-1, -1, 2, 2, 2, 2, 2, 2, 1, 1, 2, -1, -1, 2, -1, -1, -1, -2, -2, -2, -2, 1, 1, 2, -1, 2, 2, 1, -2]"
498,dfs_bnb_mpi,52452.5,-4,5,12485455399,"[-1, -1, 2, 2, 2, 2, 2, 2, 2, 1, -2, -2, 1, 2, 2, 1, 1, -2, -2, -2, -2, -1, -1, -1, 2, 1, 1, 2, 2]"
499,dfs_bnb_mpi,4612.38,-6,7,1326646354,"[-1, -1, 2, 1, 1, 1, 2, 2, 2, 2, 1, -2, -2, -2, -2, 1, 1, 2, 2, 1, -2, -2, -2, -1, -1, -1, -1, -2, 1]"
500,dfs_bnb_mpi,1472.2,-5,6,450634052,"[-1, -1, 2, 2, 2, 2, 2, 2, 2, 1, 1, 2, 2, 1, -2, -2, 1, 1, -2, -1, -1, -1, -2, 1, -2, -1, -1, 2, 2]"
501,dfs_bnb_mpi,5.23603,-7,8,1643192,"[-1, -2, 1, 1, 2, 2, 1, -2, 1, 2, 2, 2, 2, -1, -2, -2, -1, 2, -1, -2, -2, -1, -1, -2, -2, -2, 1, 1, 1]"
502,dfs_bnb_mpi,6105.28,-6,7,1866710376,"[-1, -1, 2, 2, 2, 2, 2, 2, 2, 1, 2, 2, 1, -2, -2, 1, 1, -2, -1, -1, -2, 1, 1, -2, -1, -1, -1, 2, 2]"
503,dfs_bnb_mpi,876.169,-5,6,244235780,"[-1, -1, 2, 2, 2, 2, 2, 2, 1, 2, 2, 2, -1, -1, 2, -1, -2, -2, 1, 1, -2, -1, -1, -2, 1, -2, -1, -1, 2]"
504,dfs_bnb_mpi,1.66253,-6,7,446697,"[-1, -1, 2, 2, 2, 2, -1, -2, -2, -1, 2, 2, -1, -2, -1, -2, 1, -2, -2, 1, 2, 1, -2, -2, 1, 1, 1, 1, 2]"
505,dfs_bnb_mpi,16160.1,-6,7,4877101653,"[-1, -1, 2, -1, 2, 2, -1, -2, -2, -1, 2, 2, -1, -2, -2, -2, 1, -2, -1, -2, 1, 1, 2, 2, 1, -2, -2, 1, 2]"
506,dfs_bnb_mpi,2906.66,-4,5,813427181,"[-1, -1, 2, 2, 2, 2, 2, 2, 2, 2, 2, 1, -2, -2, -2, -2, -2, -2, -2, -2, 1, 1, -2, -2, -2, -1, 2, -1, -1]"
507,dfs_bnb_mpi,686.575,-6,7,209623632,"[-1, -1, 2, 2, 2, 1, 2, 2, -1, 2, 1, 2, 1, -2, 1, -2, -1, -2, 1, 1, 1, -2, -1, -1, -1, -2, -1, -2, 1]"
508,dfs_bnb_mpi,405.768,-5,6,116767386,"[-1, -1, 2, 2, 2, 2, 2, 2, 2, 2, 2, 2, 1, -2, -2, 1, 1, 1, 2, -1, -1, 2, 2, 1, -2, 1, 2, 2, 2]"
509,dfs_bnb_mpi,0.135757,-5,6,40729,"[-1, -1, 2, 1, 2, 2, 2, 2, 1, -2, -2, -2, -2, 1, 1, 2, -1, 2, 2, 2, 2, 2, 2, 2, 2, 2, 2, 2, 2]"
510,dfs_bnb_mpi,37766.7,-7,8,11092529251,"[-1, -2, -1, 2, 2, 2, 2, 2, 1, 1, 1, -2, -2, -2, -2, -2, 1, -2, -1, -2, -1, -2, -1, 2, -1, 2, 1, 1, 2]"
511,dfs_bnb_mpi,16406.9,-6,6,4936053389,"[-1, -1, 2, 2, 2, 2, 2, 2, 1, -2, -2, -2, 1, 2, 2, 2, 2, 2, 2, 1, -2, -2, -2, -2, 1, 1, -2, -1, -1]"
512,dfs_bnb_mpi,49.4765,-7,8,14739112,"[-1, -1, 2, 1, 1, 2, 1, 2, 2, 1, -2, -2, -2, -1, -2, 1, -2, -1, -2, 1, 1, 1, -2, -1, -1, -1, -1, 2, 2]"
513,dfs_bnb_mpi,520.85,-6,7,159728073,"[-1, -1, 2, 2, 2, 2, 2, 1, 2, -1, 2, 2, -1, -2, -2, -2, -1, -1, -2, 1, -2, -2, -1, -2, 1, 1, 2, 2, 2]"
514,dfs_bnb_mpi,132.235,-5,6,36360436,"[-1, -1, 2, 2, 2, 2, 2, 2, 2, 2, 1, 2, -1, -1, 2, -1, -2, -2, 1, -2, -1, -2, 1, -2, -1, -1, 2, 2, 2]"
515,dfs_bnb_mpi,68.5378,-6,7,21063730,"[-1, -1, 2, 2, 1, 2, 2, 2, -1, -2, -2, -1, 2, 2, -1, -2, -2, -1, -1, -2, 1, 1, -2, -1, -2, 1, 1, 2, 2]"
516,dfs_bnb_mpi,478.288,-6,7,144327571,"[-1, -1, 2, 1, 2, -1, -1, -1, 2, -1, -2, -1, 2, -1, -2, -2, 1, 1, -2, -2, -2, 1, 1, 2, 2, 2, -1, -2, -2]"
517,dfs_bnb_mpi,0.019624,-4,5,5615,"[-1, -1, 2, 2, 2, 2, 2, 2, 2, 2, 2, 2, 2, 1, 2, 2, 2, 1, 1, -2, -1, -2, 1, -2, -1, -2, -1, -2, 1]"
518,dfs_bnb_mpi,17262.1,-5,6,4719907006,"[-1, -1, 2, 2, 2, 2, 2, 2, 2, 2, 2, 2, 2, 1, 2, 2, 2, 2, -1, -2, -2, -2, -1, -2, -2, -1, -2, 1, -2]"
519,dfs_bnb_mpi,1.85553,-4,5,557826,"[-1, -1, 2, 2, 2, 2, 2, 1, 2, 2, 2, -1, -2, -2, -1, -2, -1, 2, -1, -2, -2, 1, 1, -2, -1, -1, -1, 2, 2]"
520,dfs_bnb_mpi,98.8312,-6,7,24887480,"[-1, -1, 2, 2, 2, 2, 2, 2, 2, 2, 2, 1, 1, -2, -2, -1, -2, -2, 1, 2, 1, 2, 2, 1, -2, 1, 2, 2, 2]"
521,dfs_bnb_mpi,755.54,-5,6,222020914,"[-1, -1, 2, 2, 2, 2, 2, 2, 1, 2, 1, -2, 1, 2, 2, 1, -2, -2, -2, -1, -2, -2, -1, 2, 2, -1, -2, -2, -2]"
522,dfs_bnb_mpi,8187.4,-4,5,2382807582,"[-1, -1, 2, 2, 2, 2, 2, 2, 2, 2, -1, -2, -2, -2, -2, -2, -2, -2, -2, -1, -2, 1, -2, 1, 2, 1, 1, 1, 2]"
523,dfs_bnb_mpi,576.638,-6,7,171278871,"[-1, -1, 2, 2, 1, 1, 1, 2, -1, -1, 2, 2, 2, -1, -2, -2, -2, -1, -1, 2, -1, -2, -2, -2, 1, 2, 1, -2, -2]"
524,dfs_bnb_mpi,2151.01,-5,6,651508903,"[-1, -1, 2, 2, 2, 2, 2, 1, 1, 2, 2, 2, 1, -2, -2, -2, -2, -1, -1, -2, -2, -2, 1, 1, 2, -1, 2, 1, 1]"
525,dfs_bnb_mpi,41.4169,-6,7,12658164,"[-1, -1, 2, 2, 2, 1, -2, -2, 1, 1, -2, -2, 1, 2, 2, 1, 2, -1, 2, 2, 2, -1, -2, -2, -2, -1, 2, 2, 2]"
526,dfs_bnb_mpi,4942.95,-7,8,1488198932,"[-1, -1, 2, 2, 2, 2, 2, 2, 1, -2, -2, 1, 2, 2, 1, 2, 2, 1, -2, -2, 1, 1, -2, -1, -2, -1, -1, 2, 1]"
527,dfs_bnb_mpi,344.551,-6,6,93548424,"[-1, -1, 2, 2, 2, 2, 2, 2, 2, 1, 1, 2, 2, 2, -1, -1, -2, 1, -2, -1, -1, 2, 2, -1, -2, -2, -2, 1, -2]"
528,dfs_bnb_mpi,1.92112,-6,7,543146,"[-1, -1, 2, 1, 1, 2, -1, -1, 2, -1, 2, 2, 2, 1, -2, -2, 1, -2, 1, 2, 2, -1, 2, 2, 2, 2, 2, 2, 2]"
529,dfs_bnb_mpi,14704.1,-4,5,4276432106,"[-1, -1, 2, 2, 2, 2, 2, 2, 2, 1, -2, -2, 1, 2, 2, 2, 2, -1, -2, -1, 2, -1, -1, -2, 1, -2, -2, -2, -1]"
530,dfs_bnb_mpi,8983.39,-6,7,2454213512,"[-1, -1, -1, 2, 1, 2, 2, -1, -1, 2, 1, 1, 2, 2, 2, 2, 2, 1, -2, -2, -2, -2, -2, -2, 1, -2, -1, -2, 1]"
531,dfs_bnb_mpi,13470.9,-4,5,3855661991,"[-1, -1, 2, 2, 2, 2, 2, 2, 2, 2, 2, 2, 2, 2, 2, 2, 2, 2, 1, 1, -2, -1, -2, -2, 1, 2, 1, 2, 2]"
532,dfs_bnb_mpi,8998.95,-4,5,2747697852,"[-1, -1, 2, 2, 2, 2, 2, 2, 1, 1, -2, -2, -2, -2, -1, -2, 1, 1, 1, 1, 2, 2, -1, -2, -1, 2, 2, 2, 2]"
533,dfs_bnb_mpi,3.00181,-7,8,754688,"[-1, -1, 2, 2, 2, 1, -2, -2, 1, 2, 2, 1, 1, -2, -1, -2, 1, -2, 1, 2, 1, 1, 2, 2, -1, -2, -1, 2, 2]"
534,dfs_bnb_mpi,6784.4,-6,7,1963861105,"[-1, -1, 2, 2, 2, 1, 2, 2, -1, -2, -1, -2, -2, -2, -2, -1, 2, 2, 2, 2, -1, -1, -2, 1, -2, -1, -1, 2, 2]"
535,dfs_bnb_mpi,290.236,-6,7,89148269,"[-1, -1, 2, 2, 2, 1, -2, -2, 1, 2, 2, 2, -1, -1, 2, -1, -1, -2, -1, -2, 1, -2, -1, -2, 1, 1, 2, 2, 2]"
536,dfs_bnb_mpi,5.29695,-6,7,1626237,"[-1, -1, 2, 1, 2, 2, -1, -2, -1, -2, -1, 2, 2, 2, 1, 1, 1, 2, 1, -2, 1, 1, -2, -1, -1, -2, 1, 1, 1]"
537,dfs_bnb_mpi,44063.3,-7,8,12826297118,"[-1, -2, -1, -2, -1, -2, 1, 1, -2, -1, -1, -2, 1, 1, 1, 2, 2, 1, 2, 1, 2, 2, 2, -1, -2, -2, -1, -2, -1]"
538,dfs_bnb_mpi,18959.7,-5,6,5129231880,"[-1, -1, 2, 2, 2, 2, 2, 2, 2, 2, 2, 1, -2, -2, -2, -2, 1, 2, 2, 1, -2, -2, -2, -1, -1, -2, 1, 1, 1]"
539,dfs_bnb_mpi,9704.31,-4,5,2914725517,"[-1, -1, 2, 2, 2, 2, 2, 2, 2, 1, -2, -2, -2, 1, 2, 2, 1, 2, -1, 2, 2, -1, -1, -1, -2, -2, -2, -2, -2]"
540,dfs_bnb_mpi,90.7119,-6,7,26604669,"[-1, -1, 2, 2, 2, 1, 2, 1, 1, 2, 2, 2, -1, -1, -1, -2, 1, 1, -2, -1, -1, -2, -1, 2, -1, -2, -2, 1, -2]"
541,dfs_bnb_mpi,7049.68,-6,7,2113726302,"[-1, -1, 2, 2, 2, 2, 2, 1, -2, -2, -2, 1, 2, 2, 1, 2, -1, 2, 2, -1, -2, -1, 2, 2, -1, -2, -2, -2, -2]"
542,dfs_bnb_mpi,4.43089,-6,7,1262092,"[-1, -2, -1, 2, 2, -1, -1, 2, 2, 2, 1, 1, -2, -1, -2, 1, 1, -2, 1, 2, 2, -1, 2, 2, 2, 2, 2, 2, 2]"
543,dfs_bnb_mpi,16.2362,-6,7,4775486,"[-1, -1, 2, 2, 2, -1, -2, -2, -1, -1, -1, -2, -2, 1, 2, 1, 1, -2, -1, -2, 1, 1, 2, 1, 1, 1, 2, 2, 2]"
544,dfs_bnb_mpi,15.5525,-6,7,4367380,"[-1, -1, 2, -1, 2, -1, -2, -1, 2, 2, 2, -1, -2, -2, -2, -2, 1, 1, 1, -2, 1, -2, -1, -1, 2, -1, -1, -1, 2]"
545,dfs_bnb_mpi,9.72425,-5,6,2376479,"[-1, -1, 2, 2, 2, 2, 1, 2, 2, -1, -2, -1, -1, -2, 1, -2, -2, -1, 2, -1, 2, 2, 2, 1, 1, 2, 2, 2, 2]"
546,dfs_bnb_mpi,111998,-6,7,33824046343,"[-1, -1, 2, 2, 2, 2, 2, 2, 2, 1, -2, -2, -2, -2, -2, -2, 1, 1, -2, -2, 1, 1, -2, -1, -1, -1, -1, 2, 1]"
547,dfs_bnb_mpi,46.28,-7,8,12421768,"[-1, -2, 1, 1, 2, 2, 2, -1, -2, -1, 2, -1, -2, -1, -2, 1, -2, -1, -2, -1, -1, -2, 1, 1, -2, 1, 2, 2, 1]"
548,dfs_bnb_mpi,1891.78,-2,3,520407454,"[-1, -1, 2, 2, 2, 2, 2, 2, 2, 1, -2, 1, 2, 2, 2, 2, 2, -1, -1, -1, -2, -2, -2, -2, -2, -1, 2, 2, 2]"
549,dfs_bnb_mpi,3068.17,-6,7,760484046,"[-1, -1, 2, 2, 2, 2, 2, 2, 2, 1, 1, -2, -2, -2, -1, -2, -2, -2, 1, 2, 2, 1, 1, 1, 2, -1, 2, -1, -2]"
550,dfs_bnb_mpi,203.942,-7,8,60309933,"[-1, -1, 2, -1, -2, -1, 2, -1, -2, -2, 1, 1, -2, -2, 1, 1, -2, 1, 2, 1, 2, -1, -1, -1, 2, 1, 1, 1, 2]"
551,dfs_bnb_mpi,115124,-6,7,34211161198,"[-1, -1, 2, 1, 2, -1, -1, 2, 2, 2, 2, 2, 2, -1, -2, -2, -2, -2, -2, -2, -1, -2, -1, -2, 1, 1, 1, 2, -1]"
552,dfs_bnb_mpi,996.268,-6,7,305363206,"[-1, -1, 2, 2, 2, 1, -2, 1, 1, 2, -1, 2, 2, 1, -2, 1, 2, 2, 2, 1, -2, -2, -2, -2, -1, -2, -2, -1, -1]"
553,dfs_bnb_mpi,2.45848,-5,6,670837,"[-1, -1, 2, 2, 2, 2, 2, -1, -2, -2, -2, -2, -1, -2, 1, -2, 1, 1, -2, -1, -1, -1, 2, -1, 2, 2, 2, 2, 2]"
554,dfs_bnb_mpi,567.511,-4,5,146166919,"[-1, -1, 2, 2, 2, 1, 2, -1, -1, 2, 2, 2, -1, -1, -2, -2, -2, 1, -2, 1, -2, -1, -2, -1, 2, 2, -1, 2, 2]"
555,dfs_bnb_mpi,774.799,-4,5,238965682,"[-1, -1, 2, 2, 2, 2, 1, -2, -2, -2, 1, 2, 1, -2, 1, -2, -1, -2, -1, -1, -1, -1, 2, 2, 2, 2, 2, 2, 2]"
556,dfs_bnb_mpi,64820.3,-5,5,17617771860,"[-1, -1, 2, 2, 2, 2, 2, 1, 1, -2, -2, -2, -1, -2, 1, 1, 1, 1, 2, 2, 2, 2, -1, -1, -2, -2, 1, -2, -1]"
557,dfs_bnb_mpi,11569.6,-4,5,3307783710,"[-1, -1, 2, 2, 2, 2, 2, 2, 1, 1, -2, -1, -2, 1, 1, 2, 2, 2, 2, -1, -1, -1, -2, -1, -2, -2, -2, -1, 2]"
558,dfs_bnb_mpi,5479.89,-6,7,1669818679,"[-1, -2, 1, 1, -2, -1, -1, -2, -1, -1, -1, 2, 1, 1, 2, 2, 2, 2, 2, 2, 2, 2, 1, 1, -2, -2, -2, -2, -2]"
559,dfs_bnb_mpi,1.69024,-4,5,535437,"[-1, -1, 2, 2, 1, -2, 1, 1, 1, 2, 2, -1, -2, -1, 2, 2, 2, -1, -2, -2, -1, 2, 2, 2, 2, 2, 2, 2, 2]"
560,dfs_bnb_mpi,56.5311,-7,8,17028183,"[-1, -2, 1, -2, 1, 1, 2, -1, 2, 1, 2, -1, 2, 1, 2, -1, 2, -1, -2, -1, -1, -2, 1, 1, -2, -1, -1, -1, 2]"
561,dfs_bnb_mpi,4896.11,-7,8,1409284340,"[-1, -1, 2, 2, 2, 2, 1, 1, 2, -1, -1, 2, 2, 2, 2, -1, -2, -2, -2, -2, -1, -2, -1, -2, 1, -2, 1, 2, 2]"
562,dfs_bnb_mpi,569.146,-6,7,174320743,"[-1, -2, 1, 1, 2, 2, 2, 1, 2, -1, -1, 2, -1, -2, -1, 2, -1, -2, -2, 1, 1, 1, -2, -1, -1, -1, -1, 2, 2]"
563,dfs_bnb_mpi,1.33554,-6,7,406972,"[-1, -1, 2, 2, 2, 1, 2, -1, 2, -1, -2, -1, 2, 2, -1, 2, 2, -1, -2, -2, -2, 1, -2, -1, -2, 1, 1, 1, -2]"
564,dfs_bnb_mpi,120761,-6,7,36394314849,"[-1, -1, 2, 2, -1, 2, -1, -1, -1, -2, -2, -2, -2, 1, -2, 1, 1, 1, 2, -1, -1, 2, -1, 2, 2, 1, -2, 1, -2]"
565,dfs_bnb_mpi,959.402,-4,5,294603381,"[-1, -1, 2, 2, 2, 2, 2, 2, 2, 1, 2, 2, 1, -2, -2, -2, -1, -2, 1, 1, -2, -1, -1, -2, -2, -2, 1, 2, 2]"
566,dfs_bnb_mpi,16401.8,-4,5,4948808063,"[-1, -1, 2, 2, 2, 2, 2, 2, 2, 2, 2, 2, 2, 2, 2, 2, 1, 2, -1, 2, 2, -1, -2, -2, -1, -1, -2, 1, 1]"
567,dfs_bnb_mpi,143.058,-4,5,43436857,"[-1, -1, 2, 2, 1, 2, 1, 2, 2, 2, 2, -1, -2, -2, -2, -1, -2, -1, 2, 2, -1, -2, -2, -2, 1, -2, -1, -1, 2]"
568,dfs_bnb_mpi,1078.31,-5,6,327273527,"[-1, -1, 2, 2, 2, 2, 1, -2, -2, -2, 1, 2, 2, 1, 2, 2, 2, 1, 1, -2, -2, -2, -2, -2, -1, -1, 2, 1, 2]"
569,dfs_bnb_mpi,12.1061,-6,7,3642493,"[-1, -2, -1, -1, -2, 1, 1, -2, 1, 1, 2, -1, 2, 1, 2, 2, -1, 2, 2, 2, -1, -2, -2, -2, -1, 2, 2, 2, 2]"
570,dfs_bnb_mpi,782.383,-4,5,232555660,"[-1, -1, 2, 2, 2, 2, 2, 2, 2, 1, 2, 2, 2, 1, 2, -1, -1, -2, -1, -2, 1, -2, -1, -1, -2, 1, -2, -1, -1]"
571,dfs_bnb_mpi,5545.66,-4,5,1664676620,"[-1, -1, 2, 2, 2, 2, 2, 2, 1, 1, 1, 2, 2, 2, -1, -2, -2, -1, 2, 2, 2, -1, -2, -2, -2, -1, -2, -1, 2]"
572,dfs_bnb_mpi,381.226,-5,6,115302059,"[-1, -1, 2, 2, 1, -2, 1, 1, 1, 2, 2, 2, -1, -2, -2, -1, 2, 2, 2, 2, 2, -1, -2, -2, -2, -2, -1, 2, 2]"
573,dfs_bnb_mpi,2043.05,-6,7,613013274,"[-1, -1, 2, 2, 2, 2, 2, 2, 2, 2, 2, 1, 2, 2, -1, -2, -1, -2, -1, 2, -1, -2, -2, -2, 1, 2, 1, -2, -2]"
574,dfs_bnb_mpi,78.3293,-6,7,22985017,"[-1, -1, 2, 2, -1, -2, -2, -2, -1, 2, -1, -1, 2, 1, 1, 2, -1, 2, 1, 2, 2, 1, -2, -2, 1, 2, 2, 2, 2]"
575,dfs_bnb_mpi,48.4882,-7,8,14605730,"[-1, -2, -1, -1, 2, 1, 2, -1, -1, -1, 2, 2, 1, -2, 1, 1, 1, -2, 1, 2, 1, 2, -1, -1, 2, -1, -2, -1, 2]"
576,dfs_bnb_mpi,0.635162,-6,7,148962,"[-1, -1, 2, 2, -1, -2, -2, -2, -1, -2, 1, 1, 2, 1, 1, -2, -1, -2, 1, -2, -1, -1, 2, -1, -1, -1, 2, 2, 2]"
577,dfs_bnb_mpi,12349.9,-4,5,3681265787,"[-1, -1, 2, 2, 2, 2, 2, 2, -1, -2, -2, -1, -1, -2, 1, 1, -2, -2, -2, -2, 1, 1, 1, 1, 2, 2, -1, -1, 2]"
578,dfs_bnb_mpi,127.411,-5,6,37958542,"[-1, -1, 2, 2, 2, -1, -1, 2, 2, 1, -2, 1, 2, 1, -2, 1, -2, -2, -2, 1, -2, 1, -2, -1, -1, -1, -1, -1, 2]"
579,dfs_bnb_mpi,0.003919,-2,3,913,"[-1, -1, 2, 2, 2, 2, 2, 2, 2, 2, 2, 2, 2, 2, 2, 2, 2, 2, 2, 2, 1, 2, 2, 1, -2, -2, -2, -1, -2]"
580,dfs_bnb_mpi,44.8216,-4,5,13617733,"[-1, -1, 2, 2, 2, 2, 2, 2, 2, 2, 2, 2, 2, 1, 1, 2, -1, -1, 2, 2, -1, -2, -2, -1, -1, -2, 1, 1, -2]"
581,dfs_bnb_mpi,421.625,-5,6,126881289,"[-1, -1, 2, 2, 2, 2, 1, 2, -1, 2, 2, -1, -2, -2, -2, -1, 2, -1, -1, -2, -2, -2, 1, 1, 1, 2, -1, -1, 2]"
582,dfs_bnb_mpi,115844,-6,7,31425138519,"[-1, -1, 2, 2, 2, 2, 2, 2, 2, 2, 2, 2, 1, 2, 2, 2, -1, -2, -1, 2, -1, -2, -1, -2, 1, -2, 1, 2, 1]"
583,dfs_bnb_mpi,23026.3,-4,5,6668814847,"[-1, -1, 2, 2, 2, 2, 1, 1, -2, -1, -2, -2, 1, 2, 1, 1, 2, -1, 2, 2, 2, -1, -1, -1, -1, -2, -2, -2, -1]"
584,dfs_bnb_mpi,0.135343,-5,5,39810,"[-1, -1, 2, -1, -2, -1, 2, -1, -2, -2, 1, 1, 1, -2, 1, 2, 1, 1, 2, 2, 2, 2, 2, 2, 2, 2, 2, 2, 2]"
585,dfs_bnb_mpi,84381.5,-2,3,25051141808,"[-1, -1, 2, 2, 2, 2, 2, 2, 2, 1, -2, -2, -2, 1, 2, 2, 2, 2, 2, 2, -1, -1, -1, -2, -2, -2, -2, -2, -2]"
586,dfs_bnb_mpi,2582.63,-6,7,698258822,"[-1, -1, 2, 2, 2, 1, -2, -2, 1, 1, -2, -2, 1, 1, 1, 2, -1, -1, 2, 1, 2, -1, 2, -1, 2, -1, -2, -2, 1]"
587,dfs_bnb_mpi,45.6852,-5,6,13626078,"[-1, -1, 2, 2, 2, 2, 2, 2, 2, 2, 1, -2, 1, 1, 2, 1, -2, 1, -2, -1, -1, -1, -1, -2, 1, 1, 1, 1, 1]"
588,dfs_bnb_mpi,3749.44,-6,7,1145553089,"[-1, -1, 2, 2, 2, 1, 2, -1, 2, -1, -2, -1, 2, -1, -2, -2, 1, 1, -2, -2, -2, -2, 1, 1, 1, -2, -1, -1, -1]"
589,dfs_bnb_mpi,277.131,-6,6,81906204,"[-1, -1, 2, 2, 2, 2, 2, 1, -2, 1, 2, 2, -1, -1, -1, -2, -2, -2, -1, 2, 2, -1, -2, -2, -2, 1, -2, 1, 2]"
590,dfs_bnb_mpi,4739.61,-7,8,1325540237,"[-1, -1, 2, 2, 2, 2, 2, 1, 1, 2, 2, 2, 2, -1, -1, -1, -2, -1, -2, -1, -2, 1, -2, 1, 2, 2, 1, -2, 1]"
591,dfs_bnb_mpi,5583.42,-6,7,1709306935,"[-1, -2, -1, -2, -1, -2, 1, 1, 2, 1, 2, 1, 1, 1, 2, 2, 2, 2, 2, 2, -1, -1, -2, -2, -2, -2, -2, 1, 2]"
592,dfs_bnb_mpi,30.9696,-6,7,8046913,"[-1, -1, 2, 2, -1, -2, -1, 2, 2, -1, -2, -1, 2, -1, -2, -1, -2, 1, -2, 1, 2, 1, -2, 1, 1, -2, 1, 1, 1]"
593,dfs_bnb_mpi,2522.04,-4,5,741488110,"[-1, -1, 2, 2, 2, 2, 2, 2, 2, 1, 1, 2, 2, 2, 2, 1, -2, -2, -2, -2, 1, -2, -1, -1, -1, -2, 1, 1, 1]"
594,dfs_bnb_mpi,0.28713,-6,7,77218,"[-1, -1, 2, 2, 1, 2, 1, 2, 1, -2, -2, -1, -2, 1, 1, 2, 1, -2, -2, -1, -1, -2, 1, 1, 1, 2, 2, 2, 2]"
595,dfs_bnb_mpi,2.18487,-5,6,614007,"[-1, -1, 2, 2, 2, 2, 2, -1, -1, -2, -2, -2, -2, 1, -2, -2, -2, -1, 2, 2, -1, -1, 2, 1, 2, 2, 2, 2, 2]"
596,dfs_bnb_mpi,0.182827,-5,6,58263,"[-1, -1, 2, 1, 2, 2, 2, -1, -1, -2, -2, -2, -2, -2, 1, 1, 1, 1, 2, 1, 2, -1, -1, 2, 2, 2, 2, 2, 2]"
597,dfs_bnb_mpi,7020.64,-2,3,2063123801,"[-1, -1, 2, 2, 2, 2, 2, 2, 2, 2, 2, 2, 2, 2, 2, 2, 2, 2, 2, 1, -2, 1, 2, 1, -2, -2, -1, -1, -2]"
598,dfs_bnb_mpi,41629.2,-6,6,12625543901,"[-1, -1, 2, 2, 2, 2, 2, 2, 1, 1, 2, -1, -1, 2, -1, -2, -1, 2, 2, 2, -1, -2, -2, -2, -2, 1, -2, 1, 2]"
599,dfs_bnb_mpi,6345.35,-6,7,1933788906,"[-1, -1, 2, 2, 2, 2, 2, 1, -2, -2, 1, 2, 1, 1, 2, 2, 2, 2, -1, -2, -2, -2, -1, 2, -1, -1, -1, -2, -2]"
600,dfs_bnb_mpi,5.87984,-6,6,1475877,"[-1, -1, 2, 2, 2, 2, 2, 2, 2, 2, 1, 2, 2, -1, -2, -1, -2, -2, -1, 2, -1, -1, 2, 1, 1, 2, 2, 2, 2]"
601,dfs_bnb_mpi,6285.31,-4,5,1883297744,"[-1, -1, 2, 2, 2, 2, 2, 2, 2, 2, 2, 2, 2, 2, 2, 2, 2, 1, 2, -1, 2, 2, -1, -2, -2, -1, -2, 1, -2]"
602,dfs_bnb_mpi,24078.8,-4,5,7125918998,"[-1, -1, 2, 2, 2, 2, 2, 2, 2, 2, 1, 2, 2, 2, -1, -1, -2, -1, 2, -1, -2, -2, 1, -2, -2, 1, 2, 2, 1]"
603,dfs_bnb_mpi,30.2209,-5,6,8603491,"[-1, -1, 2, 2, 2, 2, 2, 1, -2, 1, 2, 1, -2, -2, -1, -2, -2, 1, 1, -2, -1, -2, -1, -1, -1, -1, 2, 2, 2]"
604,dfs_bnb_mpi,11610,-5,6,3518543237,"[-1, -1, 2, 2, 2, 2, 2, 2, 1, 2, 1, -2, -2, -1, -2, 1, 1, 1, -2, -1, -1, -2, -2, 1, 1, -2, -1, -2, -1]"
605,dfs_bnb_mpi,63.2541,-6,7,19611940,"[-1, -1, 2, 1, 2, 2, 2, 2, 1, -2, -2, -2, -2, 1, 2, 2, 1, -2, -2, -2, -1, -2, -1, -1, -2, 1, 1, 1, 2]"
606,dfs_bnb_mpi,2.75044,-6,7,864433,"[-1, -1, 2, 1, 1, 2, 1, 2, 2, 2, 1, -2, -2, -2, -2, -1, -2, -2, -1, -1, -2, -1, 2, -1, 2, 2, 2, 2, 2]"
607,dfs_bnb_mpi,2007.48,-6,7,565999866,"[-1, -1, 2, 2, 2, 2, 2, 2, 2, 1, -2, -2, -2, 1, 1, 2, -1, 2, 1, 2, -1, 2, 2, -1, -2, -1, -1, -2, -2]"
608,dfs_bnb_mpi,3.65527,-7,8,1099341,"[-1, -1, 2, 2, 1, 1, 2, -1, -1, -1, -2, -2, -1, -2, -2, -1, 2, -1, 2, 1, 2, 1, 2, 2, 1, 1, 2, 2, 2]"
609,dfs_bnb_mpi,80.4769,-5,6,24690359,"[-1, -1, 2, 2, 2, 2, 2, -1, -2, -2, -2, -1, -2, 1, -2, -2, 1, 1, 1, 1, -2, -1, -1, -1, -1, -1, 2, 2, -1]"
610,dfs_bnb_mpi,2480.28,-2,3,719852378,"[-1, -1, 2, 2, 2, 2, 2, 2, 2, 2, 2, 2, 2, 2, 2, 2, 2, 1, 2, 2, 2, -1, -2, -2, -1, -2, -1, 2, 2]"
611,dfs_bnb_mpi,85934.2,-4,5,24736471046,"[-1, -1, 2, 2, 2, 2, 2, 2, 2, 2, 2, 2, 2, 1, -2, 1, 1, 2, -1, 2, 2, 2, -1, -2, -2, -1, -1, -2, -2]"
612,dfs_bnb_mpi,4974.2,-7,8,1490823814,"[-1, -1, 2, 2, 2, 2, 2, 2, 2, 2, 2, 2, 1, -2, 1, 2, 1, 2, 2, -1, 2, -1, -2, -1, -1, -2, 1, 1, 1]"
613,dfs_bnb_mpi,27123.4,-6,7,8220022926,"[-1, -2, 1, 1, 2, 2, 1, -2, -2, -2, -1, -2, 1, 1, -2, -1, -1, -1, -1, -1, -1, 2, 2, 1, 1, 1, -2, -1, -1]"
614,dfs_bnb_mpi,13393.8,-4,5,3557767208,"[-1, -1, 2, 2, 2, 2, 2, 2, 2, 1, 2, 2, 2, 2, 2, 2, -1, -2, -2, -2, -2, -2, -1, 2, -1, -2, -2, 1, -2]"
615,dfs_bnb_mpi,26.3724,-6,7,8094329,"[-1, -1, 2, 2, 2, 2, 2, 2, 1, 2, -1, 2, 1, 2, 2, 2, -1, -2, -2, -1, -2, -1, -2, 1, -2, -1, -1, 2, 2]"
616,dfs_bnb_mpi,18972.2,-4,5,5328907908,"[-1, -1, 2, 2, 2, 2, 2, 2, 1, -2, 1, -2, -1, -2, -2, 1, 1, -2, -2, -2, -1, -1, -1, -1, 2, 2, 2, 2, 2]"
617,dfs_bnb_mpi,1.14371,-5,6,255072,"[-1, -1, 2, 2, 2, 2, 2, 2, 2, 1, -2, 1, -2, -1, -2, -2, -2, 1, 2, 2, 1, 2, 2, 2, 2, 2, 2, 2, 2]"
618,dfs_bnb_mpi,1067.91,-6,7,328756416,"[-1, -1, 2, 2, 2, 2, 1, 1, 1, -2, -2, -1, -1, -2, 1, 1, -2, 1, 1, 2, 1, 2, -1, 2, 2, -1, -2, -2, -2]"
619,dfs_bnb_mpi,269.755,-6,7,84287781,"[-1, -2, 1, 1, 1, -2, -1, -1, -1, -1, 2, 2, 2, 2, -1, -2, -2, -2, -2, -2, 1, 1, -2, 1, 1, 1, 2, -1, -1]"
620,dfs_bnb_mpi,0.371594,-6,7,112716,"[-1, -1, 2, 2, 2, 1, 2, 1, 2, 2, -1, -2, -1, -2, -1, -1, -2, 1, -2, -1, -2, 1, -2, -1, -1, 2, 2, 2, 2]"
621,dfs_bnb_mpi,15312.9,-4,5,4675785910,"[-1, -1, 2, 2, 2, 2, 2, 1, 2, 2, -1, -2, -1, 2, -1, -2, -2, 1, -2, -1, -2, -1, 2, 2, 2, 2, -1, -2, -2]"
622,dfs_bnb_mpi,17635.9,-4,5,5296448648,"[-1, -1, 2, 2, 2, 2, 2, 1, 2, 1, 1, 2, 2, 2, 2, 2, -1, -2, -2, -2, -2, -1, 2, -1, -2, -2, -1, -2, -1]"
623,dfs_bnb_mpi,56358,-6,7,15955989127,"[-1, -1, 2, 2, 1, 2, 2, 2, -1, -2, -1, 2, 2, 2, 2, -1, -2, -2, -2, -2, -2, -2, -1, -2, 1, 1, 2, 2, 1]"
624,dfs_bnb_mpi,56.7651,-6,7,17406490,"[-1, -1, 2, -1, -1, -2, 1, -2, 1, -2, -1, -1, 2, -1, 2, 2, -1, 2, 2, 2, 1, -2, -2, 1, 2, 2, 2, 2, 2]"
625,dfs_bnb_mpi,229.16,-6,7,65050301,"[-1, -1, 2, 2, 2, 2, 1, 2, 2, 2, 2, -1, -2, -2, -2, -1, 2, -1, -2, -1, -2, -2, 1, 2, 1, -2, -2, -1, -1]"
626,dfs_bnb_mpi,352.27,-6,7,103380595,"[-1, -1, 2, 2, 2, 2, 2, 2, 2, 2, 2, 2, 1, 2, 1, -2, 1, -2, 1, -2, -1, -2, -1, 2, 2, -1, -2, -2, -2]"
627,dfs_bnb_mpi,1343.83,-5,6,347478953,"[-1, -1, 2, 2, 2, 2, 2, 2, 2, 1, -2, -2, 1, 1, 2, 2, 1, -2, -2, -2, -1, -2, -2, -1, 2, 2, -1, -2, -2]"
628,dfs_bnb_mpi,20831.4,-6,7,5865047929,"[-1, -1, 2, 2, 2, 2, 2, 1, -2, -2, 1, 2, 1, -2, 1, 2, 2, 2, 1, -2, -2, -2, -2, -1, -1, -2, -1, 2, -1]"
629,dfs_bnb_mpi,399.687,-7,8,122761875,"[-1, -1, 2, 2, -1, 2, 1, 1, -2, -2, 1, 2, 2, 2, -1, -1, -1, -1, -2, -2, -1, -2, 1, 1, -2, -1, -1, -1, 2]"
630,dfs_bnb_mpi,4694.04,-6,7,1434139780,"[-1, -1, -1, 2, -1, -2, -1, -2, 1, 1, 1, 1, -2, -1, -1, -1, -1, -1, 2, 2, 2, 2, 2, 1, 1, 1, 1, -2, -2]"
631,dfs_bnb_mpi,811.475,-4,5,249445749,"[-1, -1, 2, 2, 2, 2, 2, 2, 1, -2, -2, -2, 1, 2, 2, 1, 1, -2, -2, -2, -2, -1, -1, -1, 2, 1, 1, 2, 2]"
632,dfs_bnb_mpi,121.857,-6,7,37007316,"[-1, -1, 2, 2, 2, 2, 1, 2, 1, -2, 1, 2, 1, -2, -2, 1, 2, 1, -2, -2, -1, -1, -1, 2, -1, -1, -2, 1, -2]"
633,dfs_bnb_mpi,123.307,-4,5,34792271,"[-1, -1, 2, 2, 2, 2, 2, 1, -2, 1, 2, 1, -2, -2, -1, -1, -2, -2, 1, 1, -2, -2, -1, -1, -1, -1, 2, 2, 2]"
634,dfs_bnb_mpi,15.1914,-7,8,4259335,"[-1, -1, 2, 2, 1, 1, 1, 1, 2, 2, 1, -2, -2, 1, -2, -1, -2, -1, 2, -1, -2, -2, 1, -2, -1, -1, 2, -1, -1]"
635,dfs_bnb_mpi,2216.92,-7,8,680982696,"[-1, -1, 2, 2, 2, 1, -2, -2, 1, 1, -2, 1, 2, 1, 1, 2, -1, -1, 2, 2, 2, 2, -1, -1, -2, -2, -2, -2, 1]"
636,dfs_bnb_mpi,2561.69,-6,7,784242837,"[-1, -1, 2, 1, 1, 2, 1, -2, -2, 1, 1, -2, -1, -1, -2, 1, 1, -2, -1, -1, -1, 2, 2, -1, -1, -1, -2, 1, 1]"
637,dfs_bnb_mpi,12310,-2,3,3516669562,"[-1, -1, 2, 2, 2, 2, 2, 2, 2, 2, 2, 2, 2, 2, 2, 2, 2, 2, 2, 2, 2, 2, 2, 1, 2, -1, -1, -2, -1]"
638,dfs_bnb_mpi,339.524,-4,4,101261697,"[-1, -1, 2, 2, 2, 2, 2, 2, 2, 2, 1, -2, -2, -2, -2, 1, 1, -2, -1, -1, -2, -2, 1, 2, 1, 1, 2, 2, 2]"
639,dfs_bnb_mpi,206.325,-6,7,53919007,"[-1, -1, 2, 2, 2, 2, 2, 2, 2, 2, 2, 1, 1, 1, 2, 2, -1, -2, -1, 2, -1, -2, -1, -2, -1, -2, 1, -2, -1]"
640,dfs_bnb_mpi,26.2295,-7,8,8010446,"[-1, -1, 2, 2, 1, 2, 2, -1, -2, -1, 2, -1, 2, 2, 2, 2, -1, -2, -2, -2, -2, -1, -2, 1, 1, -2, 1, -2, -1]"
641,dfs_bnb_mpi,1207.68,-4,5,370204389,"[-1, -1, 2, 2, 2, 2, 2, 2, 2, 2, 2, 2, 2, 2, 1, 2, 2, -1, -2, -1, -2, -1, 2, -1, -2, -2, 1, 1, -2]"
642,dfs_bnb_mpi,402.591,-7,8,124504204,"[-1, -2, 1, 1, 1, -2, 1, -2, -1, -2, -2, -1, 2, -1, 2, 1, 2, -1, -1, -1, 2, 2, 2, 2, 1, 1, 1, -2, -2]"
643,dfs_bnb_mpi,8.08284,-5,6,2000404,"[-1, -1, 2, 2, 2, 2, 2, 1, 2, -1, -1, 2, 2, -1, -2, -2, -2, 1, -2, -1, -1, 2, 2, 2, 2, 2, 2, 2, 2]"
644,dfs_bnb_mpi,1573.12,-6,7,474723861,"[-1, -1, 2, 2, 2, 2, 2, 2, 1, 1, 2, 2, 1, -2, -2, 1, 1, -2, -1, -1, -2, -2, -1, 2, 2, -1, -2, -2, -2]"
645,dfs_bnb_mpi,21206.8,-5,6,5526458884,"[-1, -1, 2, 2, 2, 2, 2, 2, 2, 2, 2, 2, 2, 2, 2, 1, -2, -2, -2, -2, 1, 2, 2, 1, -2, -2, -2, -1, -1]"
646,dfs_bnb_mpi,0.164399,-6,6,45547,"[-1, -1, 2, 1, 1, 2, 2, 2, 1, -2, -2, -2, -2, 1, -2, -1, -2, -1, 2, -1, -1, -1, 2, 2, 2, 2, 2, 2, 2]"
647,dfs_bnb_mpi,643.162,-6,7,176689904,"[-1, -1, 2, 2, 2, 2, 2, 2, -1, -1, -1, -2, -2, -2, -1, -2, 1, -2, 1, 2, 2, 2, 2, 1, -2, -2, -2, -2, -2]"
648,dfs_bnb_mpi,806.869,-6,7,244757448,"[-1, -1, 2, 2, 2, 2, 1, 1, 2, 2, 2, 2, -1, -1, -1, -2, 1, 1, -2, -2, -1, 2, -1, -2, -1, -2, 1, -2, -1]"
649,dfs_bnb_mpi,29.0285,-7,8,8928425,"[-1, -1, 2, 2, 1, 1, -2, 1, 2, 1, -2, -2, -1, -2, 1, 1, -2, -1, -1, -2, -2, -1, 2, 2, -1, -1, 2, 1, 1]"
650,dfs_bnb_mpi,6045.92,-7,8,1528834683,"[-1, -1, 2, 2, -1, -1, -1, -2, -2, -1, -2, 1, -2, 1, -2, 1, 1, 1, 2, 2, -1, -2, -1, 2, -1, 2, 2, 1, -2]"
651,dfs_bnb_mpi,102630,-5,6,30899856822,"[-1, -1, 2, 2, 2, 2, 2, 2, 2, 2, 2, 1, 2, 2, 2, 2, 1, -2, -2, -2, -2, 1, 2, 1, -2, -2, -1, -1, -1]"
652,dfs_bnb_mpi,43996.2,-5,6,12976083006,"[-1, -1, 2, 2, -1, 2, 2, 2, 2, 2, 2, -1, -2, -2, -2, -2, -2, -2, -2, 1, -2, -1, -1, -2, 1, -2, 1, 2, 1]"
653,dfs_bnb_mpi,0.695112,-2,3,214652,"[-1, -1, 2, 2, 2, 2, 2, 2, 2, 2, 2, 2, 2, 2, 2, 1, -2, -2, -2, -2, -2, -2, -2, -2, -2, -2, -2, -2, 1]"
654,dfs_bnb_mpi,21.1487,-6,7,6506412,"[-1, -1, -1, 2, 1, 1, 1, 1, 2, 2, 2, -1, -2, -2, -1, -1, -1, 2, 2, 1, -2, 1, 2, 2, 2, 2, 2, 2, 2]"
655,dfs_bnb_mpi,54919.1,-6,7,13219824398,"[-1, -1, 2, 2, -1, -2, -2, -1, 2, 2, 2, -1, -2, -2, -2, -2, 1, 1, 1, 1, -2, -1, -2, -1, -1, -1, 2, 1, 1]"
656,dfs_bnb_mpi,113112,-6,7,33540356781,"[-1, -1, 2, 2, 2, 2, 1, 2, 2, 2, 1, 1, -2, -2, -2, -2, 1, 1, -2, -1, -2, -1, -1, -1, 2, 2, 1, -2, 1]"
657,dfs_bnb_mpi,1.36196,-6,7,352799,"[-1, -1, 2, 1, 1, 2, 2, 2, 1, 1, -2, -2, -1, -2, 1, -2, -1, -2, 1, 1, 2, 2, 2, 2, 2, 2, 2, 2, 2]"
658,dfs_bnb_mpi,128.824,-6,6,37204434,"[-1, -1, 2, 2, 2, 2, 2, 2, 2, 2, 2, 2, 2, 1, 2, -1, 2, -1, -2, -2, -2, -1, 2, -1, -1, 2, 1, 1, 2]"
659,dfs_bnb_mpi,3469.73,-6,7,1032125841,"[-1, -1, 2, 2, 2, 2, -1, -2, -2, -2, -2, -1, -1, -2, 1, 1, 1, -2, 1, 2, 1, 1, -2, -1, -2, -1, -1, -1, 2]"
660,dfs_bnb_mpi,30448.5,-7,8,9030407082,"[-1, -2, -1, 2, -1, 2, 1, 1, 2, 2, 2, 1, 1, 1, -2, -2, -2, -2, 1, -2, -1, -2, -1, -1, 2, 1, 2, 2, -1]"
661,dfs_bnb_mpi,0.549751,-6,7,131873,"[-1, -1, 2, 2, 2, 2, -1, -2, -2, -2, -2, -2, 1, -2, -1, -2, -1, 2, 2, -1, -1, 2, 1, 1, 2, 2, 2, 2, 2]"
662,dfs_bnb_mpi,9.1005,-6,7,2694132,"[-1, -1, -1, 2, 2, 1, -2, 1, 2, 1, 1, 2, -1, 2, -1, -2, -1, 2, -1, -1, -2, -2, -2, -2, -2, 1, 1, 1, 1]"
663,dfs_bnb_mpi,218.729,-4,5,59664793,"[-1, -1, 2, 2, 2, 2, 2, 2, 2, 2, -1, -1, -2, -2, -2, -2, -2, -2, -2, 1, -2, -2, 1, -2, -1, -1, 2, 2, -1]"
664,dfs_bnb_mpi,1.1454,-5,6,262297,"[-1, -1, 2, 2, 2, 1, 1, 2, 1, -2, 1, -2, -1, -1, -2, 1, 1, 1, 2, 2, 2, 2, 2, 2, 2, 2, 2, 2, 2]"
665,dfs_bnb_mpi,966.906,-5,6,264581147,"[-1, -1, 2, -1, -1, 2, 2, 2, 1, -2, -2, 1, 2, 2, 2, 1, -2, -2, -2, 1, -2, 1, -2, 1, -2, -1, -1, -1, -1]"
666,dfs_bnb_mpi,21058.7,-5,6,4914897238,"[-1, -1, 2, 2, 2, 2, 1, 1, 2, 2, 2, 2, 2, 2, 1, -2, -2, -2, -2, -2, -2, -2, -1, -1, -2, -2, 1, 2, 1]"
667,dfs_bnb_mpi,16019.4,-6,7,4716942234,"[-1, -1, 2, 2, 2, 2, -1, -2, -2, -1, -2, 1, -2, -1, -1, -1, -2, 1, 1, 1, -2, -2, 1, 2, 2, 1, 1, -2, -1]"
668,dfs_bnb_mpi,25257,-4,5,7205986864,"[-1, -1, 2, 2, 2, 2, 2, 2, 2, 2, 2, 2, 2, 1, -2, 1, 2, 2, 2, -1, -1, 2, -1, -1, -2, 1, -2, -2, -2]"
669,dfs_bnb_mpi,125.124,-7,7,37093329,"[-1, -2, 1, 1, 2, 1, 1, 2, -1, -1, 2, -1, -2, -1, 2, 2, -1, -2, -2, -2, -2, -1, 2, -1, -1, 2, 1, 1, 2]"
670,dfs_bnb_mpi,27.8906,-6,7,8399715,"[-1, -1, 2, 2, -1, -2, -2, -1, -2, 1, 1, -2, 1, 2, 1, -2, 1, 2, 2, 2, 2, 2, 2, -1, -1, -2, -2, -2, 1]"
671,dfs_bnb_mpi,838.583,-5,6,253388405,"[-1, -1, 2, 2, 2, 2, 1, 1, -2, -2, -2, 1, 1, -2, -1, -2, 1, -2, -1, -1, 2, -1, -1, -1, 2, 2, 2, 2, 2]"
672,dfs_bnb_mpi,3462.23,-7,8,984689196,"[-1, -1, 2, -1, -2, -1, 2, 2, 2, -1, -2, -2, -2, -2, 1, -2, -2, 1, 1, -2, 1, 2, 2, -1, -1, 2, 1, 1, 1]"
673,dfs_bnb_mpi,13.2984,-6,7,4009849,"[-1, -1, 2, -1, 2, 2, 2, -1, -2, -1, 2, 2, -1, -2, -2, -1, -2, 1, -2, -2, 1, 2, 2, 1, -2, -2, 1, -2, 1]"
674,dfs_bnb_mpi,1.19212,-7,8,362918,"[-1, -1, 2, -1, -2, -1, 2, -1, 2, 2, -1, -2, -2, -1, -2, 1, 1, -2, -2, 1, 2, 1, -2, 1, 2, 1, 1, 1, 2]"
675,dfs_bnb_mpi,15169.9,-4,5,4617748390,"[-1, -1, 2, 2, 2, 2, 1, -2, -2, -2, 1, 1, 1, -2, 1, -2, -1, -2, 1, 1, -2, -1, -1, -1, 2, 2, -1, -1, -1]"
676,dfs_bnb_mpi,190.001,-6,7,57412717,"[-1, -1, 2, 2, 2, 2, 2, 2, 1, -2, 1, 2, 1, -2, 1, 1, -2, -1, -1, -1, -2, 1, 1, -2, -1, -1, -1, 2, 2]"
677,dfs_bnb_mpi,3405.71,-6,7,1004264169,"[-1, -1, 2, 2, -1, -2, -2, -2, 1, -2, -1, -2, 1, 1, 2, 2, 1, 1, 2, 2, 2, -1, -2, -1, 2, 2, 1, 2, 2]"
678,dfs_bnb_mpi,4.51537,-6,7,1319445,"[-1, -1, 2, 2, 2, -1, -2, -2, -2, -2, 1, 1, 1, 1, 2, 2, -1, -1, 2, 2, 2, 2, 2, 1, -2, -2, -2, -2, 1]"
679,dfs_bnb_mpi,94.5648,-6,7,27263109,"[-1, -1, 2, 2, 2, -1, -1, -2, -2, -2, -2, 1, -2, -1, -1, -2, 1, 1, 1, 2, 2, 1, 1, 1, -2, -1, -1, -2, 1]"
680,dfs_bnb_mpi,35.0006,-6,7,10857785,"[-1, -2, 1, 1, 1, 1, 2, -1, -1, 2, 2, -1, -2, -1, 2, -1, -2, -2, -2, -2, 1, 1, 1, 1, 1, 1, 2, 2, 2]"
681,dfs_bnb_mpi,33.4326,-4,5,10385552,"[-1, -1, 2, 2, 2, 2, 2, 2, 2, -1, -2, -2, -2, -2, -2, -2, -2, -1, -1, -2, 1, -2, -2, 1, 2, 2, 1, 1, 1]"
682,dfs_bnb_mpi,6173.59,-6,7,1766853737,"[-1, -1, 2, 2, 2, 2, 2, 2, 1, -2, -2, 1, 1, 2, -1, 2, 2, -1, -1, -1, -1, -2, 1, -2, -2, -1, 2, -1, 2]"
683,dfs_bnb_mpi,16274.7,-2,3,4947569663,"[-1, -1, 2, 2, 2, 2, 2, 2, 2, 1, -2, -2, -2, -2, -2, -2, 1, 2, 2, 2, 1, -2, -2, -2, -2, -2, -1, -1, -1]"
684,dfs_bnb_mpi,1239.01,-6,7,382586115,"[-1, -1, 2, -1, -1, 2, 1, 1, 2, 2, 2, 2, 2, 1, -2, -2, -2, -2, 1, 2, 2, 1, -2, -2, -2, -1, -2, -1, 2]"
685,dfs_bnb_mpi,25867.5,-6,7,7555926085,"[-1, -1, 2, 2, 2, 2, 2, 2, 1, 2, 1, 2, 2, 2, 2, -1, -2, -2, -2, -1, -2, -1, -1, -2, -1, -2, 1, 1, 2]"
686,dfs_bnb_mpi,34.9455,-6,7,9898653,"[-1, -2, -1, 2, 2, -1, 2, 2, 2, 2, 2, 1, 1, -2, -2, -2, -1, -2, 1, -2, 1, 2, 2, 2, 2, 2, 2, 2, 2]"
687,dfs_bnb_mpi,2795.51,-6,7,856339907,"[-1, -1, -1, 2, 1, 1, 1, 2, 1, 2, 2, -1, -2, -1, -2, -1, 2, -1, 2, 2, 2, 1, 1, 1, -2, -1, -1, -2, 1]"
688,dfs_bnb_mpi,4881.48,-5,6,1460321790,"[-1, -1, 2, 2, 2, 2, -1, -2, -2, -2, -2, -1, -1, 2, -1, -1, 2, 2, 2, 2, 1, -2, -2, -2, 1, 2, 1, -2, -2]"
689,dfs_bnb_mpi,3.30729,-7,8,997860,"[-1, -1, 2, 1, 1, 2, -1, 2, 1, 2, 1, -2, 1, 1, -2, -1, -1, -2, 1, -2, -1, -2, 1, -2, -1, -1, 2, -1, -1]"
690,dfs_bnb_mpi,2329.04,-6,7,693760965,"[-1, -1, 2, 2, 2, 2, 1, 2, -1, -1, -2, -1, -2, 1, -2, -2, -2, -1, -1, -2, 1, 1, 1, 1, 1, -2, -1, -1, -1]"
691,dfs_bnb_mpi,6.95669,-6,7,2058191,"[-1, -1, 2, 2, 2, 1, -2, -2, 1, 2, 1, 1, 1, -2, -2, -2, -1, -2, -1, -1, -1, -1, 2, 1, 1, 1, 2, 1, 2]"
692,dfs_bnb_mpi,19996.4,-6,7,5482296431,"[-1, -1, 2, 2, 2, 2, 2, 2, 2, -1, -2, -2, -2, -2, -2, -2, -1, -2, -1, -2, -1, -2, 1, -2, 1, 2, 2, 1, 2]"
693,dfs_bnb_mpi,1285.59,-5,6,311977281,"[-1, -1, 2, 1, 1, 2, 1, -2, 1, 2, 2, 2, 2, 1, -2, -2, -2, -2, -2, -1, -1, -2, 1, 1, 1, 2, 2, 2, 2]"
694,dfs_bnb_mpi,16454.8,-2,3,4878791073,"[-1, -1, 2, 2, 2, 2, 2, 2, 2, 2, 2, 2, 1, -2, 1, 2, 2, 2, 2, 2, -1, -1, -1, -2, -2, -2, -2, -2, -1]"
695,dfs_bnb_mpi,2295.01,-6,7,604884374,"[-1, -1, 2, 2, -1, -2, -2, -1, 2, 2, 2, -1, -2, -2, -2, -2, 1, 1, 1, -2, -1, -1, -2, -2, 1, 2, 1, 1, 2]"
696,dfs_bnb_mpi,87321.8,-4,5,24844559222,"[-1, -1, 2, 2, 2, 2, 2, 2, 2, 2, 2, -1, -2, -2, -2, -2, -2, -2, -1, 2, -1, -2, -2, 1, 1, -2, -2, -2, 1]"
697,dfs_bnb_mpi,301.539,-6,7,92476484,"[-1, -1, 2, 2, 2, 2, 2, 1, 2, 2, -1, -2, -1, 2, -1, 2, 2, -1, -2, -2, -2, 1, -2, 1, -2, -1, -2, 1, -2]"
698,dfs_bnb_mpi,327.944,-6,7,98146175,"[-1, -1, 2, -1, 2, 2, -1, -2, -2, -1, 2, -1, 2, -1, -2, -2, 1, -2, 1, -2, -1, -2, 1, 1, 1, 2, 2, -1, -2]"
699,dfs_bnb_mpi,9.4883,-6,7,2573896,"[-1, -1, 2, -1, 2, 2, 2, 2, -1, -2, -2, -2, -2, -1, -2, 1, 1, -2, 1, 1, -2, -1, -1, -1, 2, -1, -1, 2, 2]"
700,dfs_bnb_mpi,96474.9,-4,5,25309285736,"[-1, -1, 2, 2, 2, 2, 2, 2, 2, 2, 2, 2, 2, 2, 2, 2, 2, 2, 2, 2, 1, 2, -1, 2, -1, -1, -2, 1, -2]"
701,dfs_bnb_mpi,186.231,-6,7,47643401,"[-1, -1, -1, 2, 2, 1, -2, 1, 1, 1, 2, 2, 2, 2, -1, -2, -2, -2, -1, 2, 2, 2, -1, -2, -2, -1, 2, 2, 2]"
702,dfs_bnb_mpi,2.63989,-7,7,770446,"[-1, -1, 2, 2, 2, 2, 2, 1, 1, 2, -1, -1, 2, -1, -2, -1, -2, 1, -2, -2, -2, -2, -1, -1, -2, 1, 1, -2, 1]"
703,dfs_bnb_mpi,0.237773,-6,7,70567,"[-1, -1, 2, 2, 1, -2, 1, 2, 1, -2, 1, 2, 1, 1, 2, -1, -1, 2, 2, 2, -1, -2, -2, -2, -1, 2, 2, 2, 2]"
704,dfs_bnb_mpi,43298.9,-6,7,13123363994,"[-1, -1, 2, 2, 2, 2, 2, 2, 2, 2, 1, 2, 2, -1, -2, -1, 2, -1, 2, 2, 2, -1, -2, -2, -2, -2, 1, -2, 1]"
705,dfs_bnb_mpi,24.1157,-6,7,7240111,"[-1, -1, 2, 2, 2, 2, 2, 2, 1, 1, 2, 1, 2, 1, -2, -2, -1, -2, -1, -1, -2, -2, -2, 1, 2, 2, 1, 1, 2]"
706,dfs_bnb_mpi,0.957011,-6,7,296481,"[-1, -1, 2, 2, 2, 1, -2, -2, 1, 2, 1, -2, -2, -2, -2, -1, 2, -1, -1, -1, -1, -2, 1, 1, 1, -2, 1, 1, 1]"
707,dfs_bnb_mpi,161.388,-6,6,39360960,"[-1, -1, 2, 2, 2, -1, -2, -2, -2, -2, -1, -1, -2, 1, -2, 1, 2, 1, 2, 1, -2, -2, -1, -2, -2, -1, 2, -1, -1]"
708,dfs_bnb_mpi,165.881,-7,8,48078380,"[-1, -1, 2, 1, 1, 2, 2, 2, 2, -1, -2, -2, -2, -1, 2, 2, -1, -2, -2, -2, -1, -2, 1, -2, -2, 1, 2, 1, 1]"
709,dfs_bnb_mpi,6855.09,-7,8,1973307929,"[-1, -1, -1, 2, 1, 1, 1, 1, 2, 2, 1, 2, 2, 2, 2, -1, -2, -2, -2, -1, 2, -1, -2, -2, -1, -2, 1, 1, 2]"
710,dfs_bnb_mpi,0.236927,-7,7,71908,"[-1, -2, -2, 1, -2, -1, -1, -1, -1, 2, 1, 1, 2, 2, -1, 2, 1, 2, 2, 1, -2, -2, 1, 2, 2, 2, 2, 2, 2]"
711,dfs_bnb_mpi,114.625,-4,4,36152363,"[-1, -1, 2, 2, 1, -2, 1, 2, 2, 2, 2, 2, -1, -1, -1, -2, -2, -2, -2, -2, -2, -2, 1, 1, 1, 1, 2, 2, 2]"
712,dfs_bnb_mpi,4442.81,-4,5,1311731763,"[-1, -1, 2, 2, 2, 2, 2, 2, 2, 2, 2, 2, 2, 2, 1, 2, -1, 2, -1, -2, -1, 2, 2, -1, -2, -2, -2, 1, 1]"
713,dfs_bnb_mpi,68.1425,-6,7,20338461,"[-1, -1, 2, 2, -1, 2, -1, -2, -1, -1, -2, 1, 1, 1, -2, -1, -2, 1, -2, -1, -2, 1, 1, 2, 2, 1, 1, 1, 2]"
714,dfs_bnb_mpi,34.4772,-7,8,9591447,"[-1, -1, 2, 2, 2, 2, 2, 1, 1, 2, -1, -1, 2, -1, -2, -2, -1, 2, -1, 2, 1, 2, 2, 2, 2, 1, -2, -2, -2]"
715,dfs_bnb_mpi,213.019,-7,8,58285652,"[-1, -1, 2, 1, 1, 2, 2, 2, 2, 1, -2, -2, -2, -2, 1, -2, -1, -2, -1, -1, -1, -1, -2, 1, 1, 1, 1, 1, 2]"
716,dfs_bnb_mpi,119.555,-2,3,36308960,"[-1, -1, 2, 2, 2, 2, 2, 2, 2, 2, 2, 1, -2, -2, 1, 2, 2, 2, -1, -1, -1, -2, -2, -2, -1, 2, 2, 2, 2]"
717,dfs_bnb_mpi,27339.1,-6,7,7271243283,"[-1, -2, -1, -2, 1, 1, 2, 1, 2, 2, 2, 2, 2, 1, -2, -2, -2, -2, -2, -2, -1, -2, -1, -1, -1, -1, -1, 2, 1]"
718,dfs_bnb_mpi,1.03172,-6,6,307822,"[-1, -1, 2, 2, 2, -1, -2, -1, -2, 1, -2, -1, -1, -2, 1, 1, 1, -2, -1, -1, -1, -1, 2, 2, 2, 2, 2, 2, 2]"
719,dfs_bnb_mpi,881.607,-6,7,261973536,"[-1, -1, 2, 2, 2, 1, 2, 2, 2, -1, -2, -2, -1, 2, 2, 2, -1, -2, -2, -2, -1, -2, 1, 1, -2, -1, -1, -1, 2]"
720,dfs_bnb_mpi,1644.71,-5,6,458633555,"[-1, -1, 2, 2, 2, 2, 2, 2, 2, 1, 1, -2, -2, -2, -2, 1, -2, -1, -1, -2, 1, 1, 1, -2, -1, -2, -2, -1, 2]"
721,dfs_bnb_mpi,19779.7,-4,5,5719044000,"[-1, -1, 2, 2, 2, 2, 2, 2, 2, 2, 2, 2, 2, 2, 2, 2, 2, 1, 2, 1, 2, -1, 2, -1, -2, -2, -1, -2, -1]"
722,dfs_bnb_mpi,42445.6,-6,7,12730665729,"[-1, -1, 2, 2, 2, 2, 2, 2, 2, 2, 2, 2, 1, -2, 1, 2, 1, 2, -1, -1, 2, 2, -1, -2, -2, -1, -1, -2, 1]"
723,dfs_bnb_mpi,52700.6,-2,3,15654860569,"[-1, -1, 2, 2, 2, 2, 2, 2, 2, 2, 1, -2, -2, -2, -2, 1, 2, 2, 2, 2, 2, -1, -1, -1, -2, -2, -2, -2, -2]"
724,dfs_bnb_mpi,6026.66,-7,8,1787830819,"[-1, -1, 2, -1, -2, -1, 2, 2, 2, -1, -1, -2, -2, -1, -1, -2, 1, -2, 1, 2, 1, -2, 1, 1, -2, 1, 1, 2, -1]"
725,dfs_bnb_mpi,496.253,-7,8,138871904,"[-1, -1, 2, 2, 2, 2, 1, 2, -1, -1, 2, -1, -2, -1, -1, -2, 1, 1, 1, -2, -2, -1, -2, -1, 2, -1, 2, 1, 1]"
726,dfs_bnb_mpi,16754.9,-4,5,4855402321,"[-1, -1, 2, 2, 2, 2, 2, 2, 2, 2, 2, 2, 1, -2, -2, 1, 2, 2, 2, -1, -1, -1, -2, -2, -1, -2, 1, -2, -1]"
727,dfs_bnb_mpi,1628.06,-5,6,495819885,"[-1, -2, -1, 2, 2, -1, 2, 2, 1, -2, 1, -2, 1, 2, 2, -1, 2, 2, 2, 2, -1, -2, -2, -2, -1, 2, 2, 2, 2]"
728,dfs_bnb_mpi,464.372,-4,5,128243026,"[-1, -1, 2, 2, 2, 2, 2, 2, 2, 2, 1, -2, 1, 2, 2, -1, -1, -1, -2, -2, -2, -1, -2, 1, -2, -1, -1, 2, 2]"
729,dfs_bnb_mpi,6.70624,-6,7,2057255,"[-1, -1, 2, 2, -1, -2, -2, -1, 2, 2, 2, -1, -2, -2, -2, -2, 1, 1, -2, 1, 2, 1, 1, 1, 2, 2, 2, 2, 2]"
730,dfs_bnb_mpi,20874,-6,7,5818374820,"[-1, -1, 2, 2, 2, 2, 1, 1, 2, 2, 2, 2, -1, -2, -2, -2, -1, 2, -1, -2, -1, -1, -2, -2, 1, 2, 1, -2, -2]"
731,dfs_bnb_mpi,2565.55,-8,9,716251826,"[-1, -2, 1, -2, -2, 1, 2, 2, 1, 1, 2, 1, 2, 2, 2, -1, -1, -2, 1, -2, -1, -2, -1, 2, 2, 2, -1, -2, -2]"
732,dfs_bnb_mpi,98.7777,-7,8,28020807,"[-1, -1, 2, 2, 2, 2, 2, 1, 2, 1, 2, -1, 2, -1, -2, -2, -1, -2, -2, -1, -1, -1, 2, 1, 2, 2, 1, -2, -2]"
733,dfs_bnb_mpi,19771.8,-4,5,5637460501,"[-1, -1, 2, 2, 2, 2, 2, 2, 2, 2, 2, 2, 2, 2, 2, 2, 1, 2, 1, 2, 2, -1, -2, -1, -2, -1, -1, -2, 1]"
734,dfs_bnb_mpi,16647.9,-6,7,4966819515,"[-1, -1, 2, 2, 2, 2, 2, 2, 2, 2, 1, -2, -2, 1, 1, 1, 2, -1, -1, 2, 1, 2, 2, -1, -2, -1, -1, 2, 1]"
735,dfs_bnb_mpi,180.335,-4,5,48548607,"[-1, -1, 2, 2, 2, 2, 2, 2, 2, 2, 2, 2, 1, 1, -2, -1, -2, 1, 1, -2, -1, -1, -2, 1, 1, 1, 2, 2, 2]"
736,dfs_bnb_mpi,21914.5,-7,8,6338244533,"[-1, -1, 2, 2, 2, 2, 2, -1, -2, -2, -2, -1, 2, 2, 2, -1, -2, -2, -2, -2, -1, -2, 1, -2, 1, 2, 2, 1, -2]"
737,dfs_bnb_mpi,796.139,-2,3,246733740,"[-1, -1, 2, 2, 2, 2, 2, 2, 2, 2, 2, 2, 2, 2, 2, 2, 2, 1, -2, 1, 2, 2, 1, -2, -2, -2, -1, -1, -2]"
738,dfs_bnb_mpi,0.000208,-2,3,57,"[-1, -1, 2, 2, 2, 2, 2, 2, 2, 2, 2, 2, 2, 2, 2, 2, 2, 2, 2, 2, 2, 2, 1, 1, -2, -1, -2, 1, 1]"
739,dfs_bnb_mpi,3822.32,-6,6,1170461600,"[-1, -2, 1, 1, 2, 2, -1, 2, 2, 2, 2, 2, 2, 2, 2, -1, -2, -2, -2, -2, -2, -2, -2, -2, -1, -1, 2, 1, 2]"
740,dfs_bnb_mpi,0.029918,-7,7,9257,"[-1, -1, 2, 1, 1, 2, 1, 1, -2, -1, -2, 1, 1, -2, -1, -1, -2, -2, -1, 2, 2, -1, -1, -1, 2, 2, 2, 2, 2]"
741,dfs_bnb_mpi,853.681,-6,7,263687987,"[-1, -1, 2, 2, 1, 1, -2, 1, 1, -2, -1, -2, -2, -1, -2, -2, -1, -1, -1, 2, 2, 2, 1, -2, -2, 1, 2, 2, 1]"
742,dfs_bnb_mpi,1057.83,-5,6,323066510,"[-1, -1, 2, 2, 2, 1, 2, -1, 2, 2, -1, -2, -2, -1, -1, 2, 1, 2, -1, -1, -2, -2, -2, 1, 1, 1, -2, -1, -1]"
743,dfs_bnb_mpi,576.125,-6,7,161576945,"[-1, -1, 2, 2, 2, 2, 1, -2, 1, 2, 2, 2, -1, -1, -1, -2, -2, -2, -1, -2, -1, -2, 1, -2, -2, 1, 2, 2, 2]"
744,dfs_bnb_mpi,11.2812,-6,7,3447940,"[-1, -1, 2, 2, -1, -2, -1, 2, 2, -1, -2, -2, -2, 1, 1, -2, -1, -1, -1, 2, 2, 2, 2, 2, 1, 1, 1, -2, 1]"
745,dfs_bnb_mpi,1968.31,-6,7,508694539,"[-1, -1, 2, 1, 1, 2, 2, 2, 1, -2, -2, -2, 1, 2, 2, 1, -2, -2, -2, -1, -1, -2, 1, 1, 1, -2, -1, -1, -1]"
746,dfs_bnb_mpi,1591.85,-6,7,481879223,"[-1, -1, 2, 2, 2, 2, 2, 2, 1, 1, 2, 2, 2, -1, -2, -2, -1, 2, 2, 2, -1, -2, -2, -1, -1, -2, 1, 1, -2]"
747,dfs_bnb_mpi,4069.99,-4,5,1226868612,"[-1, -1, 2, 2, 2, 2, 2, 2, 2, 2, 2, 1, -2, -2, -2, -2, -2, 1, 1, 2, -1, 2, 2, 2, 2, 2, 2, -1, -2]"
748,dfs_bnb_mpi,1.76644,-7,8,529645,"[-1, -1, 2, 2, -1, -2, -2, -1, 2, -1, -2, -1, -2, 1, 1, 1, -2, -1, -1, -2, 1, 1, 1, 2, 2, 1, 1, 1, 2]"
749,dfs_bnb_mpi,37.7609,-7,8,11274546,"[-1, -1, 2, 2, -1, -2, -2, -2, -2, -1, -1, -2, 1, -2, 1, 2, 1, 2, 2, 1, 1, 1, 2, 1, -2, -2, -1, -1, -1]"
750,dfs_bnb_mpi,14978.2,-7,8,4275058073,"[-1, -1, 2, 2, 1, 2, 1, -2, 1, 2, 1, -2, -2, -2, -2, -2, -1, -1, -2, -1, -1, 2, 1, 2, 1, 1, 2, 2, -1]"
751,dfs_bnb_mpi,2425.47,-6,7,741694897,"[-1, -1, 2, 2, 2, 1, -2, 1, 1, -2, -2, -2, -1, -1, -1, -1, 2, 2, -1, 2, -1, 2, 2, 2, 1, -2, -2, 1, -2]"
752,dfs_bnb_mpi,52.1411,-6,7,16099381,"[-1, -1, -1, 2, -1, -2, -2, 1, -2, -2, 1, 2, 2, 1, 1, 1, 2, 2, -1, 2, 2, -1, -2, -2, -1, 2, 2, 2, 2]"
753,dfs_bnb_mpi,5890.74,-4,5,1790060184,"[-1, -1, 2, 2, 2, 2, 2, 2, 2, 2, 2, 1, -2, -2, -2, -2, -2, -2, -2, -2, 1, 1, 1, 2, -1, -1, 2, 2, 2]"
754,dfs_bnb_mpi,25548.2,-6,7,7424074479,"[-1, -1, 2, 2, -1, -2, -1, 2, 2, 2, -1, -1, -2, -2, -2, -2, -1, -1, -2, 1, 1, -2, 1, 2, 1, 1, 2, -1, -1]"
755,dfs_bnb_mpi,2628.25,-2,3,744300755,"[-1, -1, 2, 2, 2, 2, 2, 2, 2, 2, 1, -2, -2, 1, 2, 2, 2, 2, -1, -1, -1, -2, -2, -2, -2, -1, 2, 2, 2]"
756,dfs_bnb_mpi,16587.8,-5,6,4984850799,"[-1, -1, 2, 2, 2, 2, 2, 2, 2, 1, 1, 2, 2, 2, 2, 1, -2, -2, -2, 1, 1, -2, -1, -1, -2, -1, -1, -2, 1]"
757,dfs_bnb_mpi,11945,-6,7,3433537050,"[-1, -1, 2, 2, 2, 2, 2, 2, 2, 1, -2, 1, 2, 2, -1, -1, 2, 2, 2, -1, -2, -2, -2, -1, -2, 1, -2, -1, -1]"
758,dfs_bnb_mpi,52.8924,-6,7,15523553,"[-1, -1, 2, 1, 1, 2, -1, 2, -1, -2, -1, 2, -1, -2, -2, 1, -2, -1, -2, -1, -2, 1, 1, 2, 1, 1, 1, 1, 2]"
759,dfs_bnb_mpi,25187.1,-2,3,7448541306,"[-1, -1, 2, 2, 2, 2, 2, 2, 1, -2, -2, -2, 1, 2, 2, 2, 2, 2, 2, -1, -1, -1, -2, -2, -2, -2, -2, -2, -1]"
760,dfs_bnb_mpi,428.532,-3,4,129107980,"[-1, -1, 2, 2, 2, 2, 2, 2, 2, 2, 1, 1, -2, -2, -2, -2, -2, -2, -2, 1, -2, 1, 2, 1, -2, -2, -1, -1, -1]"
761,dfs_bnb_mpi,304.473,-6,6,92642181,"[-1, -1, 2, 2, 2, 1, 2, -1, 2, 2, 2, 2, -1, -2, -2, -1, 2, -1, -2, -2, 1, 1, -2, -1, -2, 1, -2, -1, -1]"
762,dfs_bnb_mpi,5.25816,-5,6,1561435,"[-1, -1, 2, 2, 2, 2, 2, -1, -2, -2, -2, -2, -2, -1, -2, -1, -2, 1, 1, 2, 1, 1, 1, 1, 2, 2, 2, 2, 2]"
763,dfs_bnb_mpi,3641.81,-4,5,904976660,"[-1, -1, 2, 2, 2, 2, 2, 2, 2, 2, 2, 2, 2, 2, 1, 1, -2, -2, -1, -2, 1, 1, -2, -1, -1, -2, 1, 1, 1]"
764,dfs_bnb_mpi,1727.46,-6,7,453601210,"[-1, -1, 2, 2, 2, 2, 1, 2, -1, 2, 1, 1, 2, 2, -1, -2, -1, 2, -1, -2, -1, -1, -2, 1, 1, -2, -1, -2, 1]"
765,dfs_bnb_mpi,15782.7,-5,6,4717728949,"[-1, -1, 2, 2, 2, 2, 2, 1, 2, -1, -1, 2, 2, -1, -2, -2, -1, -2, -1, -1, -2, 1, 1, 1, 2, 1, -2, -2, -1]"
766,dfs_bnb_mpi,4088.9,-7,8,1218650568,"[-1, -2, -1, 2, 2, 1, 1, 1, 2, 1, 2, 2, 2, 2, 1, -2, -2, -2, -2, 1, -2, -1, -1, -2, -1, -2, -2, -1, 2]"
767,dfs_bnb_mpi,4.85485,-6,7,1435516,"[-1, -1, 2, 2, -1, -2, -2, -1, 2, -1, -2, -2, 1, 1, -2, 1, 2, 1, 1, 1, 2, 2, -1, -1, 2, 2, 2, 2, 2]"
768,dfs_bnb_mpi,1358.15,-6,7,415291819,"[-1, -1, 2, 2, 2, 1, -2, 1, 1, -2, -2, -2, -1, -1, -1, -2, -2, -1, 2, 2, -1, -1, 2, 1, 1, 2, -1, 2, 1]"
769,dfs_bnb_mpi,72291,-6,7,21864247600,"[-1, -2, 1, -2, 1, 1, 1, 1, 2, 2, -1, -2, -1, -1, 2, 1, 2, 2, 2, 2, 2, -1, -2, -2, -2, -2, -1, -1, 2]"
770,dfs_bnb_mpi,1419.73,-4,5,432424559,"[-1, -1, 2, 2, 2, 2, 2, 2, 2, 2, 2, 2, 2, 2, 2, 1, -2, -2, 1, 1, -2, -1, -1, -2, 1, 1, 1, 2, 2]"
771,dfs_bnb_mpi,16596.1,-6,7,5039459478,"[-1, -1, 2, 2, 2, 2, 2, 2, 2, 1, 1, -2, 1, -2, -1, -2, 1, 1, -2, -1, -1, -2, -2, -1, 2, 2, 2, 2, 2]"
772,dfs_bnb_mpi,16905.3,-4,5,5130860919,"[-1, -1, 2, 2, 2, 2, 2, 2, 2, 2, 2, 2, 2, 2, 1, -2, -2, 1, 2, 2, 2, 2, -1, -1, -1, -2, -2, -2, -2]"
773,dfs_bnb_mpi,157327,-6,7,36396018450,"[-1, -1, 2, 2, 2, 2, 2, 2, 1, 2, 2, 2, 2, 2, -1, -2, -2, -1, 2, -1, -2, -2, 1, 1, -2, -1, -1, -2, 1]"
774,dfs_bnb_mpi,48.5076,-7,8,15177371,"[-1, -1, 2, 1, 1, 2, 2, 1, -2, 1, 2, 2, 2, 1, -2, -2, -2, -2, -1, -1, -2, 1, -2, -1, -1, -2, -1, 2, -1]"
775,dfs_bnb_mpi,438.636,-6,6,130796284,"[-1, -1, 2, 2, 2, 2, 2, 2, -1, -2, -2, -2, -2, -1, -1, 2, 2, -1, -2, -2, -2, 1, -2, 1, 2, 1, -2, -2, 1]"
776,dfs_bnb_mpi,2.3952,-5,6,709681,"[-1, -1, 2, 2, 2, 2, 2, 1, 2, -1, 2, 1, 2, -1, 2, -1, -2, -2, -1, -2, 1, -2, -1, -1, 2, 2, 2, 2, 2]"
777,dfs_bnb_mpi,115359,-6,7,34572193230,"[-1, -1, 2, 2, 2, 2, 1, 1, 1, 2, -1, 2, 1, 2, -1, 2, -1, -2, -2, -2, -1, 2, 2, -1, -2, -2, -1, -2, 1]"
778,dfs_bnb_mpi,44.1112,-5,6,13467006,"[-1, -1, 2, 2, 2, 2, 1, -2, -2, 1, 2, 2, 1, -2, -2, -2, -2, 1, 2, 1, -2, -2, -1, -1, -2, -1, 2, -1, -1]"
779,dfs_bnb_mpi,1145.33,-6,7,347276110,"[-1, -1, 2, 2, 2, 2, -1, -2, -2, -2, -2, -2, 1, 1, 1, -2, 1, 2, 1, 1, 2, -1, -1, 2, 2, -1, -1, 2, 2]"
780,dfs_bnb_mpi,238.693,-4,5,69877653,"[-1, -1, 2, 2, 2, 2, 2, 2, 1, 2, 2, 2, 2, 2, -1, -2, -2, -2, -2, -1, -2, -2, -1, -1, -1, 2, 1, 1, 2]"
781,dfs_bnb_mpi,252.166,-6,7,77323045,"[-1, -1, 2, 2, 2, 2, 2, 1, 2, -1, -1, -2, -2, -1, -2, -1, 2, -1, 2, 2, 2, 2, 1, -2, -2, -2, 1, 2, 2]"
782,dfs_bnb_mpi,4.83843,-6,7,1394427,"[-1, -1, 2, 2, 1, 1, 2, -1, -1, 2, -1, -2, -1, -1, -2, -1, -1, -2, 1, 1, 1, 2, 1, -2, -2, -1, -1, -1, -1]"
783,dfs_bnb_mpi,184.337,-2,3,54944221,"[-1, -1, 2, 2, 2, 2, 2, 2, 2, 2, 2, 2, 1, -2, 1, 2, 2, 2, -1, -1, -1, -2, -2, -2, -1, 2, 2, 2, 2]"
784,dfs_bnb_mpi,2008.59,-6,7,604677508,"[-1, -2, -1, 2, 2, 1, 2, 1, 2, 2, 2, 2, 2, 2, 2, -1, -2, -2, -2, -2, -2, -2, -1, -2, -1, -2, -1, 2, 2]"
785,dfs_bnb_mpi,0.82239,-7,8,250397,"[-1, -2, 1, -2, 1, 2, 2, 1, 2, -1, 2, -1, -2, -1, 2, -1, 2, 1, 1, 2, 2, 1, -2, -2, 1, 2, 2, 2, 2]"
786,dfs_bnb_mpi,830.182,-2,3,239496545,"[-1, -1, 2, 2, 2, 2, 2, 1, -2, -2, 1, 2, 2, 2, 2, 2, -1, -1, -1, -2, -2, -2, -2, -2, -1, 2, 2, 2, 2]"
787,dfs_bnb_mpi,5826,-6,7,1716131873,"[-1, -1, 2, 2, 2, 2, 2, 2, 2, 2, 2, 1, 1, 2, 1, -2, -2, -2, 1, -2, -1, -1, -2, -1, 2, 2, 1, 2, -1]"
788,dfs_bnb_mpi,0.019737,-6,7,4988,"[-1, -2, 1, -2, 1, 1, 1, 2, -1, -1, 2, 1, 2, 2, 2, 2, 2, 2, 2, 2, 2, 2, 2, 2, 2, 2, 2, 2, 2]"
789,dfs_bnb_mpi,111304,-4,5,33733407105,"[-1, -1, 2, 2, 2, 2, 2, 2, 2, 2, 2, 2, 1, 2, -1, 2, 2, 2, 2, 2, -1, -2, -2, -2, -2, -2, -1, -2, 1]"
790,dfs_bnb_mpi,59.3523,-6,7,17904802,"[-1, -1, 2, 1, 1, 1, 2, -1, -1, 2, 1, 1, 2, 2, -1, -2, -1, 2, -1, -2, -2, -2, -1, -1, -2, 1, -2, -1, -1]"
791,dfs_bnb_mpi,1388.92,-6,7,411596673,"[-1, -1, 2, 2, -1, -2, -2, -2, 1, 1, -2, -1, -1, -2, 1, -2, -1, -1, 2, 2, -1, 2, 1, 2, -1, 2, 1, 2, 2]"
792,dfs_bnb_mpi,28.1681,-5,6,8457491,"[-1, -1, 2, 2, 2, 2, 1, 1, -2, -2, -1, -2, 1, 1, 2, 2, 2, 2, 1, -2, -2, -2, -2, -2, -1, -2, 1, 1, 2]"
793,dfs_bnb_mpi,143.605,-6,7,41747112,"[-1, -1, 2, 2, 2, -1, -2, -1, -1, 2, 2, -1, -2, -2, -1, -1, -2, 1, 1, 1, -2, -2, 1, 2, 2, 1, -2, -2, 1]"
794,dfs_bnb_mpi,1.61643,-5,6,488635,"[-1, -1, 2, 2, -1, -2, -1, -1, -2, 1, 1, -2, 1, -2, -1, -1, 2, -1, -1, 2, 2, 2, 1, 1, 2, 2, 2, 2, 2]"
795,dfs_bnb_mpi,168.302,-6,6,42435707,"[-1, -1, 2, 2, 2, 2, 2, 2, -1, -1, -1, -2, -2, 1, 2, 1, -2, -2, -1, -1, -1, -2, 1, 1, -2, -2, 1, 2, 2]"
796,dfs_bnb_mpi,377.413,-6,6,110465430,"[-1, -1, 2, 2, 2, 1, -2, -2, 1, 2, 2, 2, 1, -2, -2, -2, -2, 1, 2, 1, -2, -2, -1, -1, -2, 1, 1, 1, 2]"
797,dfs_bnb_mpi,19135.1,-6,7,5358456924,"[-1, -1, 2, 2, 2, 2, 2, 2, 2, 2, 2, 2, 2, 2, 2, 2, 1, 1, 2, 1, -2, 1, -2, -1, -2, -1, 2, -1, -2]"
798,dfs_bnb_mpi,5746.35,-7,8,1390808952,"[-1, -2, -1, -1, -2, 1, 1, -2, -2, -2, 1, 1, 1, 2, 2, 2, -1, -2, -2, -1, 2, 2, 2, 1, 2, 2, 2, 2, 2]"
799,dfs_bnb_mpi,114900,-6,7,33916157453,"[-1, -1, 2, 2, 2, 2, 1, 2, -1, -1, 2, -1, -2, -1, 2, 2, -1, -2, -2, -2, 1, -2, -2, 1, 1, 2, 2, -1, -2]"
800,dfs_bnb_mpi,0.082938,-6,7,19147,"[-1, -1, 2, 2, -1, 2, -1, -2, -2, 1, -2, -1, -2, 1, -2, -2, 1, 2, 2, 1, 1, 1, 2, 2, 2, 2, 2, 2, 2]"
801,dfs_bnb_mpi,777.222,-4,5,233567227,"[-1, -1, 2, 2, 2, 2, 2, 2, 2, 2, 2, 1, 1, 2, 2, 2, -1, -2, -2, -1, 2, -1, -2, -2, -1, -2, 1, -2, -1]"
802,dfs_bnb_mpi,2.01483,-7,8,608619,"[-1, -2, -1, -1, -2, 1, 1, 1, 2, 1, 2, 1, 2, -1, -1, 2, -1, -2, -1, -2, -1, 2, 2, 2, 2, 2, 2, 2, 2]"
803,dfs_bnb_mpi,1497.16,-6,7,436285028,"[-1, -1, 2, -1, 2, 2, 2, 2, 2, -1, -1, -2, -2, -2, -1, -2, -2, 1, 2, 1, -2, -2, 1, -2, 1, 1, -2, -1, -1]"
804,dfs_bnb_mpi,500.241,-5,6,152029576,"[-1, -1, 2, 2, 2, 2, 2, 2, 2, 1, 2, 1, -2, 1, -2, 1, 1, -2, -1, -1, -1, 2, -1, -2, -2, 1, 1, 1, 1]"
805,dfs_bnb_mpi,5663.11,-6,6,1394035023,"[-1, -1, 2, 2, 1, 2, 2, 2, 2, 2, 2, 2, -1, -1, -2, -2, -2, -2, -2, 1, -2, -1, -1, -1, -2, 1, -2, 1, 2]"
806,dfs_bnb_mpi,843.658,-6,6,242519173,"[-1, -1, 2, 2, 2, 2, 2, 1, 1, 1, -2, -2, 1, 1, -2, -2, -1, 2, -1, -1, -1, -2, 1, 1, -2, -2, 1, 2, 1]"
807,dfs_bnb_mpi,77.2183,-6,6,20703399,"[-1, -1, 2, 2, 2, 2, 2, 2, 2, 2, 2, 2, 2, 1, -2, -2, 1, 2, 2, 2, 1, -2, 1, 1, -2, -1, -1, -2, 1]"
808,dfs_bnb_mpi,3155.17,-5,5,951362620,"[-1, -1, 2, 2, 2, 2, 2, 2, 2, 2, 2, 2, 2, 1, -2, -2, 1, -2, -1, -2, 1, 1, 2, 1, -2, -2, -1, -1, -1]"
809,dfs_bnb_mpi,141010,-4,5,33408484445,"[-1, -1, 2, 2, 2, 2, 2, 2, 2, 2, 1, 2, 2, 2, -1, -1, -1, -2, -2, -1, -1, -2, 1, 1, 1, 2, 2, 1, -2]"
810,dfs_bnb_mpi,41984.5,-4,5,11383798765,"[-1, -1, 2, 2, 2, 1, -2, -2, 1, 2, 2, 2, 2, 2, 2, 2, 2, -1, -1, -2, -2, -2, -2, -2, -1, -2, -2, -2, -1]"
811,dfs_bnb_mpi,3.41758,-6,7,1056171,"[-1, -1, 2, 2, 2, 1, 2, 1, -2, -2, -1, -2, 1, 1, 2, 2, 2, 2, 2, 1, -2, -2, -2, -2, -2, -2, -1, -2, 1]"
812,dfs_bnb_mpi,23.6957,-7,8,6464068,"[-1, -2, -2, -1, -1, -2, -1, 2, -1, 2, 1, 2, 2, 2, 1, -2, -2, -2, 1, 2, 2, 2, 1, -2, 1, 2, 2, 2, 2]"
813,dfs_bnb_mpi,576.089,-6,7,173281715,"[-1, -1, 2, 2, 2, 1, 2, -1, 2, 2, 2, 2, 1, 2, -1, -1, -2, -2, -2, -2, -2, -1, 2, -1, -2, -2, 1, 1, -2]"
814,dfs_bnb_mpi,21.0011,-6,7,6429214,"[-1, -1, 2, 2, 2, 2, 2, 1, 2, -1, 2, 2, 1, -2, 1, -2, 1, 2, 1, -2, -2, -1, -1, -2, -1, -2, 1, 1, 2]"
815,dfs_bnb_mpi,8965.04,-6,7,2703115932,"[-1, -1, 2, 1, 1, 1, -2, -2, -1, -1, -1, -2, 1, 1, 1, 1, 2, 1, 1, 2, -1, -1, 2, 1, 2, -1, 2, -1, -2]"
816,dfs_bnb_mpi,6867.88,-5,6,2105728095,"[-1, -1, 2, 2, 1, -2, 1, 2, 2, 2, 2, 2, 1, -2, -2, 1, 2, 2, 2, 2, 2, -1, -1, -1, -2, -2, -2, -2, -2]"
817,dfs_bnb_mpi,35.8667,-6,7,11013870,"[-1, -1, 2, 1, 1, 1, 2, 2, 2, 1, -2, -2, -2, 1, 2, 1, -2, -2, -1, -1, -1, -2, -2, 1, 2, 1, 1, 1, 2]"
818,dfs_bnb_mpi,968.27,-6,7,270688065,"[-1, -1, 2, 2, 2, -1, 2, 2, 2, 2, 2, -1, -2, -2, -2, -2, -2, -2, 1, -2, -2, -1, -2, 1, -2, 1, 1, 2, -1]"
819,dfs_bnb_mpi,718.038,-6,6,220239342,"[-1, -1, 2, 1, 1, 2, 2, -1, -2, -1, 2, 2, -1, -2, -2, -1, 2, 2, -1, -2, -2, -2, 1, 1, -2, -2, -1, 2, -1]"
820,dfs_bnb_mpi,2.93672,-4,5,914009,"[-1, -1, 2, 2, 2, 2, -1, -2, -2, -2, -2, -1, 2, -1, -2, -2, 1, -2, 1, 2, 1, 1, 1, 1, 2, 2, 2, 2, 2]"
821,dfs_bnb_mpi,22.1757,-7,8,6282989,"[-1, -1, 2, 2, 2, 1, 2, 1, 1, 2, 2, -1, -2, -1, 2, -1, -2, -2, -1, 2, -1, -2, -1, -1, -2, 1, 1, 1, -2]"
822,dfs_bnb_mpi,772.13,-6,7,209171560,"[-1, -1, 2, 2, 1, 1, 2, 2, 2, 2, -1, -1, -2, -1, -2, 1, 1, -2, -1, -1, -1, 2, 2, -1, -2, -2, -2, 1, 1]"
823,dfs_bnb_mpi,1707.36,-7,8,526346715,"[-1, -2, 1, 1, 1, -2, -1, -1, -1, -1, 2, 2, 2, 2, 2, 2, 1, -2, -2, -2, 1, 2, 2, 1, -2, -2, 1, -2, -1]"
824,dfs_bnb_mpi,271.27,-6,7,82107661,"[-1, -1, 2, 2, 2, -1, -2, -2, -2, -1, 2, -1, -2, -1, -2, 1, -2, -2, 1, 2, 2, 1, -2, 1, 1, 1, 2, -1, -1]"
825,dfs_bnb_mpi,3106.62,-5,6,946807894,"[-1, -1, 2, 2, 2, 2, 2, 2, 2, 2, 1, 2, -1, 2, -1, 2, 2, 2, -1, -2, -2, -2, -1, -2, 1, 1, -2, -1, -1]"
826,dfs_bnb_mpi,6.33517,-6,7,1809414,"[-1, -1, 2, 2, 1, 1, 1, -2, 1, 1, 2, 1, 1, -2, -1, -2, -1, -2, -1, 2, -1, -2, -1, -1, -1, -1, 2, 2, 2]"
827,dfs_bnb_mpi,45.0495,-5,6,13680570,"[-1, -1, 2, 2, 2, 2, 2, 1, -2, -2, -2, -2, 1, 2, 2, 1, -2, -2, 1, -2, -1, -2, 1, -2, -1, -1, 2, -1, -1]"
828,dfs_bnb_mpi,315.977,-6,7,95910468,"[-1, -1, 2, -1, 2, 2, 2, 2, 2, -1, -1, -2, 1, -2, -1, -2, 1, -2, -2, -1, -1, -2, -2, 1, 1, 1, 2, -1, -1]"
829,dfs_bnb_mpi,153.298,-6,7,46729093,"[-1, -1, 2, 2, -1, -1, 2, 1, 1, 2, 2, 2, 1, -2, -2, -2, 1, 2, 2, 1, -2, -2, -2, -1, -1, -2, 1, 1, 1]"
830,dfs_bnb_mpi,27935.5,-7,8,7717721245,"[-1, -1, 2, -1, -2, -2, -1, 2, -1, -2, -2, 1, 1, -2, -1, -1, -2, 1, 1, 1, 2, 2, 1, -2, 1, 2, 2, -1, -1]"
831,dfs_bnb_mpi,5626.15,-6,7,1340293517,"[-1, -2, 1, 1, 2, 2, 2, 2, 2, 2, -1, -1, -1, -1, -2, -2, -2, -1, -2, 1, -2, 1, 2, 2, 1, -2, 1, 2, 2]"
832,dfs_bnb_mpi,110701,-6,7,33664307175,"[-1, -1, 2, -1, -1, 2, 2, 2, 2, 2, 1, -2, -2, -2, -2, 1, 2, 2, 1, -2, 1, 2, 1, -2, -2, -1, -2, -1, 2]"
833,dfs_bnb_mpi,21.6862,-5,6,6785716,"[-1, -1, 2, 1, 1, 1, 2, 2, 2, 1, -2, -2, -2, 1, 1, -2, -1, -1, -1, -2, 1, -2, -1, -1, 2, -1, -1, -1, 2]"
834,dfs_bnb_mpi,23954.7,-6,7,6146347970,"[-1, -1, 2, 2, 2, 2, 2, 2, 2, 2, 2, 2, 2, 1, 2, -1, -1, 2, -1, -2, -1, -2, -2, 1, 2, 1, -2, -2, -1]"
835,dfs_bnb_mpi,372.831,-7,8,107542656,"[-1, -2, 1, 1, 2, 1, 1, 1, -2, -2, -2, -1, -2, -1, -2, -1, 2, -1, 2, -1, 2, 1, 1, -2, 1, 2, 2, 1, -2]"
836,dfs_bnb_mpi,1307.72,-6,7,386170139,"[-1, -2, 1, 1, 2, 2, 2, -1, -1, -2, -1, 2, 2, 2, -1, 2, 2, -1, -2, -1, -2, 1, -2, 1, -2, -2, -2, 1, -2]"
837,dfs_bnb_mpi,71788.3,-4,5,21803371072,"[-1, -1, 2, 2, 2, 2, 1, 2, 2, 2, -1, -1, -1, -2, -2, -2, -1, -2, 1, -2, -1, -2, 1, 1, 2, 2, 2, 2, 1]"
838,dfs_bnb_mpi,0.058721,-6,7,17150,"[-1, -1, 2, 1, 1, 2, 1, -2, 1, 2, 2, 1, 1, -2, -1, -2, -2, -1, -1, -2, 1, 1, 1, 2, 2, 1, 2, 2, 2]"
839,dfs_bnb_mpi,185.312,-5,6,56785337,"[-1, -1, 2, 2, 2, 2, 1, -2, 1, 1, -2, -1, -1, -2, 1, 1, 1, 1, -2, -1, -1, -2, 1, 1, -2, -1, -1, -1, 2]"
840,dfs_bnb_mpi,122.348,-6,7,37893592,"[-1, -1, 2, 1, 1, 1, 1, 2, 2, -1, -2, -1, 2, 2, 1, 1, 1, -2, -2, 1, -2, -1, -2, -1, -1, -2, -1, -1, -1]"
841,dfs_bnb_mpi,0.786009,-6,7,224810,"[-1, -2, -1, 2, -1, 2, 1, 2, 2, 1, 1, -2, -1, -2, 1, 1, 1, 1, 2, -1, -1, 2, 2, 2, 2, 2, 2, 2, 2]"
842,dfs_bnb_mpi,2.23784,-6,7,654702,"[-1, -1, 2, 1, 2, -1, 2, -1, -1, -1, -2, -2, 1, 2, 1, -2, -2, -1, -2, -1, 2, -1, 2, 2, 2, 2, 2, 2, 2]"
843,dfs_bnb_mpi,2.98126,-7,8,917658,"[-1, -1, -1, 2, 1, 1, 2, 1, -2, 1, -2, 1, -2, -1, -2, 1, 1, 2, 1, -2, -2, -1, -1, -1, -1, 2, 2, -1, -1]"
844,dfs_bnb_mpi,64.3385,-7,8,19105672,"[-1, -1, 2, 2, 2, 2, 1, 1, 2, 2, 1, -2, -2, 1, 1, -2, -1, -1, -2, -1, 2, -1, -2, -2, 1, 1, -2, 1, 2]"
845,dfs_bnb_reach_prune,1436.55,-7,8,427667610,"[-1, -2, -2, -1, 2, 2, 2, 2, 2, 1, 1, 1, -2, -2, -2, -2, -1, -2, 1, -2, -1, -1, -1, -1, 2, -1, 2, 1, 2]"
846,dfs_bnb_mpi,1.50674,-6,7,463701,"[-1, -1, 2, 2, 2, 1, 2, 1, 2, -1, 2, -1, -2, -2, -1, 2, -1, -2, -1, 2, -1, -2, -2, 1, 1, 1, -2, -1, -1]"
847,dfs_bnb_mpi,14642.1,-5,6,4313485077,"[-1, -1, 2, 2, 2, 2, 2, 2, 2, 2, 2, 2, 2, 2, 2, 2, 2, 1, 2, 2, 1, -2, -2, 1, -2, -1, -2, -1, 2]"
848,dfs_bnb_mpi,18.201,-6,7,5434788,"[-1, -1, 2, 2, -1, -2, -1, 2, 2, 2, -1, -1, 2, -1, -2, -1, -2, 1, -2, 1, 2, 1, -2, -2, -2, 1, 1, -2, 1]"
849,dfs_bnb_mpi,0.375462,-6,6,112825,"[-1, -1, 2, 2, 2, 2, 2, 1, -2, -2, -2, -2, 1, 1, 2, -1, 2, 1, 1, 2, -1, -1, 2, 2, 2, 2, 2, 2, 2]"
850,dfs_bnb_mpi,1506.79,-2,3,443705824,"[-1, -1, 2, 2, 2, 2, 2, 2, 2, 1, -2, 1, 2, 2, 2, 2, 2, -1, -1, -1, -2, -2, -2, -2, -2, -1, 2, 2, 2]"
851,dfs_bnb_mpi,70.6306,-6,7,18329615,"[-1, -1, 2, 2, -1, 2, 2, -1, -1, 2, 2, -1, -2, -2, -2, -2, 1, 2, 1, -2, -2, 1, -2, -1, -2, -1, 2, 2, -1]"
852,dfs_bnb_mpi,208.444,-7,8,64609204,"[-1, -2, -2, -2, -1, -2, -1, 2, -1, 2, 1, 1, 2, 2, 2, 1, 1, 1, -2, -2, -2, 1, -2, -1, -2, -1, 2, 2, 2]"
853,dfs_bnb_mpi,312.088,-6,7,92914601,"[-1, -1, 2, 2, 2, 2, -1, -2, -2, -2, -2, -1, -1, 2, -1, -2, -2, -2, 1, 2, 1, 1, -2, 1, 2, 1, 1, 1, 2]"
854,dfs_bnb_mpi,33.5514,-6,7,9839231,"[-1, -1, 2, 1, 1, 1, 2, 2, 2, -1, -1, 2, -1, -2, -2, 1, 1, -2, -1, -1, -1, 2, -1, -2, -2, 1, -2, -1, -1]"
855,dfs_bnb_mpi,2857.56,-6,7,668501228,"[-1, -1, 2, 1, 1, 2, 2, 2, 2, 2, 2, 2, -1, -1, -2, -2, -2, -2, -2, 1, -2, -1, -1, 2, -1, -2, -2, 1, -2]"
856,dfs_bnb_mpi,11030.3,-5,6,3179275970,"[-1, -1, 2, 2, 2, 2, 2, 2, 2, 2, 2, 2, 2, 1, 1, -2, 1, -2, -1, -2, 1, -2, -1, -2, -1, 2, 2, 2, 2]"
857,dfs_bnb_mpi,0.287194,-6,7,89275,"[-1, -1, 2, 2, -1, -1, 2, 1, 2, 2, -1, -2, -1, 2, -1, -2, -2, 1, -2, -1, -2, 1, 1, 1, -2, -1, -1, -1, -1]"
858,dfs_bnb_mpi,797.735,-4,4,245366842,"[-1, -1, 2, 2, 2, 2, 2, 2, 2, 2, 2, 2, 1, -2, -2, 1, 2, 1, -2, -2, -1, -1, -2, 1, 1, 1, 2, 2, 2]"
859,dfs_bnb_mpi,11.5191,-6,7,3570572,"[-1, -1, 2, 1, 1, 2, 2, 2, 2, 1, -2, -2, -2, 1, -2, -1, -2, 1, 1, -2, -1, -1, -1, -1, -1, -2, 1, 1, 1]"
860,dfs_bnb_mpi,711.406,-4,5,219850897,"[-1, -1, 2, 2, 2, 2, 2, 2, 2, 2, 2, 2, 1, 1, -2, -2, -2, -2, -2, -2, 1, 1, -2, -1, -1, -2, -1, 2, 2]"
861,dfs_bnb_mpi,71.9882,-5,6,18036938,"[-1, -1, 2, 2, 2, 1, 1, -2, -2, 1, 2, 2, 1, -2, -2, -2, -1, -2, 1, -2, -1, -2, -1, -1, 2, 1, 2, -1, -1]"
862,dfs_bnb_mpi,14.5407,-7,8,4410735,"[-1, -2, -1, -1, -2, 1, 1, 1, 2, 1, 2, 1, 1, 2, -1, -1, 2, -1, -2, -1, 2, 2, 2, -1, -2, -2, -2, -2, -1]"
863,dfs_bnb_mpi,0.663029,-3,4,203460,"[-1, -1, 2, 2, 2, 2, 2, 2, 2, 2, 2, 2, 2, 2, 2, 2, 1, -2, 1, 1, -2, -1, -2, 1, -2, -1, -1, 2, 2]"
864,dfs_bnb_mpi,204.797,-6,7,63252277,"[-1, -1, 2, 2, -1, 2, -1, -2, -1, -1, -2, 1, -2, -1, -1, -1, -2, 1, 1, 1, -2, 1, 1, 2, 2, 2, -1, -2, -2]"
865,dfs_bnb_mpi,379573,-6,7,89571876190,"[-1, -1, 2, 2, 2, 1, 2, 2, 2, -1, 2, 2, 2, 2, 2, -1, -2, -2, -2, -2, -2, -2, -1, -2, -2, 1, 2, 1, 2]"
866,dfs_bnb_mpi,2184.28,-4,5,667313884,"[-1, -1, 2, 2, 2, 1, 2, 2, 2, 2, -1, -1, -2, -2, -1, 2, -1, -2, -2, -2, -2, 1, 1, 2, -1, 2, 1, 1, 2]"
867,dfs_bnb_mpi,289.219,-6,7,83684225,"[-1, -1, 2, 2, 1, 1, 2, -1, -1, 2, 2, -1, -2, -1, 2, 2, -1, -2, -2, -2, 1, 1, -2, -2, -2, -1, 2, 2, -1]"
868,dfs_bnb_mpi,309.305,-6,7,96007950,"[-1, -1, 2, 2, 2, 2, 2, 1, -2, -2, 1, 2, 1, 2, 2, 2, 1, -2, -2, -2, -2, -1, -2, -1, -1, -2, 1, 1, 1]"
869,dfs_bnb_mpi,3.12258,-6,7,894016,"[-1, -1, 2, 2, 2, -1, -1, -2, -2, 1, -2, -2, -1, 2, -1, 2, 2, 2, -1, -2, -1, 2, -1, -2, -2, 1, 1, -2, -1]"
870,dfs_bnb_mpi,484.77,-6,7,143266727,"[-1, -1, 2, 2, 2, 1, -2, -2, 1, 2, 2, 2, 2, 2, 2, 2, 1, 2, -1, 2, -1, -2, -1, -1, -2, 1, 1, -2, -1]"
871,dfs_bnb_mpi,8919.07,-7,8,2724876381,"[-1, -1, 2, 1, 2, -1, 2, 2, -1, -2, -1, -2, -1, 2, 2, 2, 2, -1, -2, -2, -2, -2, -2, 1, 1, -2, 1, 2, 2]"
872,dfs_bnb_mpi,5.73909,-5,6,1757837,"[-1, -1, 2, 2, 2, -1, -1, -2, -2, 1, -2, -1, -2, -2, -1, 2, 2, -1, 2, 1, 2, 2, 2, 2, 2, 2, 2, 2, 2]"
873,dfs_bnb_reach_prune,349.74,-6,7,103746599,"[-1, -1, 2, 2, -1, -2, -2, -2, 1, -2, 1, 2, 1, -2, 1, 1, -2, -1, -2, -2, -1, -1, -1, 2, 2, 1, 1, -2, -1]"
874,dfs_bnb_mpi,0.515935,-4,5,152594,"[-1, -1, 2, 2, 2, 2, 2, 1, 2, -1, 2, 2, -1, -2, -2, -1, -2, 1, -2, -1, -1, 2, 2, 2, 2, 2, 2, 2, 2]"
875,dfs_bnb_mpi,23.2702,-7,7,6136493,"[-1, -2, 1, 1, 2, 2, 2, 2, 2, -1, -2, -2, -2, -1, 2, -1, -2, -2, -2, -1, 2, -1, -1, 2, 1, 1, 2, 2, 2]"
876,dfs_bnb_mpi,207.311,-6,7,63825368,"[-1, -2, 1, 1, 2, 2, -1, -1, 2, 2, -1, -2, -2, -1, 2, -1, -2, -2, -1, -2, -2, 1, 1, 1, 2, 2, -1, -2, -1]"
877,dfs_bnb_mpi,20.6461,-6,7,5960025,"[-1, -2, -1, 2, 2, 1, 1, 2, 2, 2, 2, 2, 1, -2, -2, -2, -2, -2, -2, 1, -2, -1, -1, -2, 1, 1, 1, 2, 2]"
878,dfs_bnb_mpi,313.87,-6,7,96438876,"[-1, -1, 2, 1, 2, 2, 1, 2, -1, -1, 2, -1, 2, 2, 2, -1, -2, -2, -2, -2, 1, -2, -1, -1, -2, 1, 1, 1, 2]"
879,dfs_bnb_mpi,74.8675,-5,6,23181774,"[-1, -1, 2, 1, 2, 1, -2, 1, 2, 2, 2, -1, -1, -2, -1, 2, 2, -1, -2, -2, -2, -2, -2, -2, 1, 1, 1, 1, 2]"
880,dfs_bnb_mpi,15.3988,-6,7,4633935,"[-1, -1, 2, -1, -2, -1, 2, 2, -1, 2, 2, 2, -1, -2, -2, -1, -2, 1, -2, 1, -2, -2, 1, 1, 1, 1, 1, 1, 2]"
881,dfs_bnb_mpi,2344.92,-6,6,597435888,"[-1, -1, 2, 2, 2, 1, 2, -1, 2, 2, 2, 2, -1, -1, -1, -2, -2, -2, -2, 1, 2, 1, -2, -2, -2, -1, 2, -1, -1]"
882,dfs_bnb_mpi,50.7456,-6,7,15407923,"[-1, -1, 2, 2, 1, -2, 1, 2, 2, -1, 2, 2, 2, -1, -1, -2, -2, -2, -2, -2, -2, -2, 1, -2, -2, 1, 2, 2, 1]"
883,dfs_bnb_mpi,6.40845,-6,7,1907447,"[-1, -1, 2, 1, 1, 2, -1, 2, 1, 1, 2, 1, -2, 1, -2, -1, -1, -2, 1, -2, -1, -2, -1, -1, -1, -1, 2, 2, 2]"
884,dfs_bnb_mpi,175.182,-7,8,52930181,"[-1, -1, 2, 2, 1, -2, 1, 2, 1, -2, -2, 1, -2, -1, -2, -1, 2, -1, -2, -2, 1, 1, 1, 2, 1, 2, 2, 2, -1]"
885,dfs_bnb_mpi,2497.75,-5,6,656801342,"[-1, -1, 2, 2, 2, 2, -1, -2, -1, 2, -1, -1, -2, -2, -2, -2, 1, 1, 2, -1, 2, 1, 1, -2, -2, -2, 1, 1, 1]"
886,dfs_bnb_mpi,110.716,-5,6,33384036,"[-1, -1, 2, 2, 1, -2, 1, 1, 2, -1, 2, 2, 2, 1, -2, -2, 1, 2, 2, 2, 2, -1, -1, -1, -2, -2, -2, -2, -1]"
887,dfs_bnb_mpi,19.4848,-4,5,5881798,"[-1, -1, 2, 2, 1, 2, 2, 2, -1, -2, -2, -1, -1, -2, 1, -2, -1, -2, 1, -2, 1, 1, 1, 1, 2, 2, 2, 2, 2]"
888,dfs_bnb_mpi,19.7012,-5,6,6039532,"[-1, -1, 2, 2, 2, 2, 2, 2, 1, 2, -1, 2, 2, 2, -1, -2, -2, -2, -1, -2, -1, 2, -1, -2, -2, 1, 1, 1, 2]"
889,dfs_bnb_mpi,37.8692,-6,7,11753870,"[-1, -1, 2, 2, 2, 2, 2, 2, 1, -2, -2, -2, -2, -2, 1, 1, -2, -2, -1, -1, -1, -2, -1, 2, 2, -1, 2, 1, 2]"
890,dfs_bnb_mpi,4.00197,-6,7,1249474,"[-1, -1, 2, 2, 1, -2, 1, 1, 2, 2, 2, 2, 1, -2, -2, -2, -2, 1, -2, -1, -1, -2, -1, -1, -1, -1, 2, 2, 2]"
891,dfs_bnb_mpi,162421,-4,5,49058952205,"[-1, -1, 2, 2, 1, -2, 1, 2, 2, 2, 2, 2, 2, 2, -1, -1, -2, -2, -2, -2, -2, -1, 2, 2, -1, -2, -2, -2, 1]"
892,dfs_bnb_mpi,39.2869,-6,7,12270580,"[-1, -1, 2, 2, -1, -2, -1, 2, -1, -2, -2, 1, 1, -2, 1, -2, -1, -1, 2, -1, -2, -1, 2, -1, 2, 1, 2, 2, 2]"
893,dfs_bnb_mpi,5221.67,-6,7,1591373701,"[-1, -1, 2, 2, 1, 1, 1, -2, -2, -2, 1, 2, 2, 2, 2, -1, -1, -1, -1, -1, -2, -2, -2, -2, 1, 1, -2, 1, 2]"
894,dfs_bnb_mpi,584.852,-6,7,177697664,"[-1, -1, 2, 2, 2, 2, -1, 2, 2, -1, -2, -2, -1, -2, -1, -2, 1, -2, -2, 1, 2, 2, 2, 1, -2, -2, -2, -2, 1]"
895,dfs_bnb_mpi,15374.1,-4,5,4691265303,"[-1, -1, 2, 2, 2, 2, 2, 1, -2, -2, -2, 1, 2, 2, 2, 2, 2, -1, -1, -1, -2, -2, -2, -2, -1, -2, 1, -2, -1]"
896,dfs_bnb_mpi,25.5766,-5,6,7704258,"[-1, -1, 2, 2, 2, 2, 2, 2, 2, 1, 1, 2, 2, 2, -1, -2, -2, -1, 2, -1, -2, -2, -1, -2, 1, -2, -1, -1, 2]"
897,dfs_bnb_mpi,33390.4,-2,3,10151522114,"[-1, -1, 2, 2, 2, 2, 2, 2, 2, 1, -2, 1, 2, 2, 2, 2, 2, 2, 2, -1, -1, -1, -2, -2, -2, -2, -2, -2, -2]"
898,dfs_bnb_mpi,0.581016,-6,7,176980,"[-1, -1, 2, 2, 2, 1, 2, -1, 2, -1, -1, -2, 1, -2, -1, -1, -2, 1, 1, -2, -1, -1, -1, 2, 2, 2, 1, 2, 2]"
899,dfs_bnb_mpi,42741.2,-6,7,12818073742,"[-1, -1, 2, 2, 2, 2, 2, 2, 2, 2, 1, 2, 1, 2, 1, 1, 2, 2, -1, -2, -1, 2, -1, -2, -2, -1, -2, -1, -2]"
900,dfs_bnb_mpi,0.161796,-4,5,49628,"[-1, -1, 2, 2, 2, 2, 2, 2, 2, 2, 1, 2, 2, 1, -2, 1, 2, 1, -2, -2, -1, -1, -2, -1, -2, 1, 1, 2, 1]"
901,dfs_bnb_mpi,34.2952,-7,8,10673212,"[-1, -1, 2, 2, 1, -2, 1, 2, 2, 1, -2, 1, 1, -2, -1, -1, -2, 1, 1, -2, -1, -1, -2, 1, -2, -1, -1, 2, 2]"
902,dfs_bnb_mpi,67.0562,-4,5,20781043,"[-1, -1, 2, 2, 2, 1, 2, 2, 2, -1, -2, -2, -1, 2, 2, 2, -1, -2, -2, -2, -1, -1, -2, 1, 1, 1, -2, -1, -1]"
903,dfs_bnb_mpi,38332.3,-4,5,10357827938,"[-1, -1, 2, 2, 2, 2, 2, 2, 2, 2, 2, 2, 2, 1, 2, 2, 2, 2, -1, 2, -1, -2, -2, 1, -2, -2, -1, -2, -1]"
904,dfs_bnb_mpi,187.861,-6,7,57972228,"[-1, -1, 2, 2, 2, -1, -2, -2, -2, -2, 1, 1, -2, 1, 2, 1, 2, 1, 2, 2, 2, 2, -1, -2, -2, -2, -1, -1, 2]"
905,dfs_bnb_mpi,1002.8,-6,7,302704361,"[-1, -1, 2, 2, 2, 1, 1, -2, -2, 1, 2, 2, 2, 2, 2, 1, -2, -2, -2, -2, -2, -2, 1, -2, -1, -2, -1, 2, 2]"
906,dfs_bnb_mpi,27.273,-7,8,8166602,"[-1, -1, 2, -1, 2, 2, -1, -2, -2, -1, 2, -1, -2, -2, -2, 1, 2, 1, 1, -2, 1, 1, 1, -2, -1, -1, -1, -1, 2]"
907,dfs_bnb_mpi,53059.2,-4,5,15931748647,"[-1, -1, 2, 2, 2, 2, 2, 2, 2, 2, 2, 2, 2, 2, 2, 2, 2, 2, 1, 1, 2, -1, 2, 2, -1, -2, -2, -1, -2]"
908,dfs_bnb_mpi,125888,-6,7,35948264615,"[-1, -1, 2, 2, 2, 2, 2, 1, -2, 1, 2, 2, 2, 2, 2, -1, -2, -2, -2, -1, 2, -1, -2, -1, -2, 1, -2, -1, -1]"
909,dfs_bnb_mpi,69.1549,-6,7,21266660,"[-1, -1, 2, 2, 1, -2, 1, 1, -2, 1, 1, -2, -1, -1, -1, -1, -1, -1, 2, 2, 2, 2, 1, 1, 1, -2, 1, 2, 2]"
910,dfs_bnb_mpi,312623,-6,7,92863742111,"[-1, -1, 2, 2, -1, -2, -2, -1, 2, 2, 2, -1, -2, -2, -2, -2, -1, 2, 2, -1, -2, -2, -2, 1, 1, 1, 2, 1, 1]"
911,dfs_bnb_mpi,0.027327,-6,7,8076,"[-1, -2, -2, -1, -2, 1, 1, 2, 2, 1, 2, 2, -1, -1, -1, -2, -2, -1, 2, 2, 2, 2, 2, 2, 2, 2, 2, 2, 2]"
912,dfs_bnb_mpi,125.588,-4,5,38977113,"[-1, -1, 2, 1, 2, 2, 2, 2, 2, 1, -2, -2, -2, -2, 1, -2, -2, -2, -1, -1, -1, -1, 2, 2, 2, 1, 2, 2, 2]"
913,dfs_bnb_mpi,40.7232,-6,7,12467906,"[-1, -1, 2, 2, 2, -1, -1, -2, 1, -2, -1, -1, -1, -2, 1, -2, -2, 1, 1, 1, 1, 1, 2, -1, -1, -1, 2, -1, -2]"
914,dfs_bnb_mpi,77031.5,-5,6,19997581299,"[-1, -1, 2, 2, 2, 2, 2, 2, 2, 2, 2, 2, 2, 2, 2, 2, 2, 2, 1, 2, 2, -1, -2, -1, -2, -2, -1, -2, 1]"
915,dfs_bnb_mpi,2.64356,-5,6,825377,"[-1, -1, 2, 2, 1, -2, 1, 2, 2, -1, 2, 2, 2, -1, -2, -2, -2, -1, 2, -1, -2, -2, 1, -2, -1, -1, 2, 2, 2]"
916,dfs_bnb_mpi,45.3911,-5,6,13877715,"[-1, -1, 2, 2, 2, 2, 2, 1, 2, 1, 1, 2, -1, 2, 2, -1, -2, -2, -1, -2, -1, -2, -1, 2, 2, 2, 2, 2, 2]"
917,dfs_bnb_mpi,0.646025,-6,6,182782,"[-1, -2, 1, 1, 2, 2, -1, -1, 2, 1, 2, -1, -1, -2, -2, -1, 2, -1, -2, -2, 1, 1, -2, -1, -1, -1, 2, 2, 2]"
918,dfs_bnb_mpi,2.68007,-6,7,781823,"[-1, -1, 2, -1, -2, -1, 2, 2, -1, -2, -2, -2, 1, 1, -2, -1, -1, -2, -2, 1, 2, 1, 1, 1, 2, -1, 2, 1, 1]"
919,dfs_bnb_mpi,8003.26,-4,5,2422679631,"[-1, -1, 2, 2, 2, 2, 2, 2, 2, 2, -1, -2, -1, 2, -1, -2, -2, 1, 1, -2, -2, -2, -2, -2, -2, -1, -2, 1, 1]"
920,dfs_bnb_mpi,18.7025,-4,5,5732060,"[-1, -1, 2, 2, 2, 2, 2, 1, -2, 1, 2, 2, 2, 2, 2, -1, -1, -1, -2, -2, -2, -2, -2, -1, -2, 1, -2, -1, -1]"
921,dfs_bnb_mpi,641.63,-4,5,197078473,"[-1, -1, 2, 2, 2, 1, -2, -2, 1, 1, -2, 1, 1, -2, -1, -1, -1, -1, -1, -1, 2, 2, 2, 2, 2, 2, 2, 2, 2]"
922,dfs_bnb_mpi,8318.16,-6,7,2391028748,"[-1, -1, 2, 2, 2, 2, 2, 2, 2, -1, -2, -2, -2, -2, -2, -2, -2, -1, -2, -1, -2, 1, -2, 1, 2, 2, 1, 1, 1]"
923,dfs_bnb_mpi,130.437,-6,7,40029885,"[-1, -2, -1, -1, -1, -2, 1, 1, 1, -2, 1, 1, 1, 2, -1, -1, 2, 1, 2, 1, 2, -1, -1, 2, -1, -2, -1, -2, -1]"
924,dfs_bnb_mpi,117.388,-4,5,35472139,"[-1, -1, 2, 2, 1, -2, 1, 2, 2, 2, -1, -1, -1, 2, -1, -2, -1, -2, 1, 1, -2, -2, -1, 2, -1, -1, 2, 2, 2]"
925,dfs_bnb_mpi,761.989,-7,8,230926910,"[-1, -1, 2, 1, 1, 1, 1, 2, 1, 2, 2, 2, 2, 2, 1, -2, -2, -2, -2, -2, -2, -1, -2, -1, -2, -2, -1, 2, 2]"
926,dfs_bnb_mpi,96.2112,-6,7,28163248,"[-1, -1, 2, 2, 2, 1, 2, -1, 2, 2, 2, -1, -1, -2, -2, 1, -2, -1, -1, 2, -1, -2, -2, 1, 1, 1, -2, -1, -1]"
927,dfs_bnb_mpi,21.2959,-6,7,6342003,"[-1, -1, 2, 2, 2, 1, 2, -1, 2, 2, 2, 2, 2, -1, -1, -2, 1, -2, -1, -2, 1, -2, -2, -1, -2, 1, -2, -1, -1]"
928,dfs_bnb_mpi,1809.32,-6,7,520374245,"[-1, -1, 2, 1, 1, 1, -2, -2, -2, -1, -1, -2, 1, 1, -2, -1, -2, 1, -2, -1, -1, 2, 2, -1, 2, 2, 2, 1, 1]"
929,dfs_bnb_mpi,10442.1,-2,3,3084828314,"[-1, -1, 2, 2, 2, 2, 2, 2, 2, 1, 2, 2, 2, 2, 2, 2, 2, -1, -2, -2, -2, -2, -2, -2, -1, -1, -2, 1, -2]"
930,dfs_bnb_mpi,49383.5,-6,7,14226072005,"[-1, -1, 2, 2, 1, 1, 1, 2, 2, 1, 1, -2, -2, -2, -2, -2, -1, -2, 1, -2, -1, -1, 2, 2, 2, 1, 2, -1, -1]"
931,dfs_bnb_mpi,308.706,-5,5,94154351,"[-1, -1, 2, 2, 2, 2, 2, 1, -2, -2, 1, 2, 2, 2, 1, -2, -2, -2, -2, -1, -1, -2, 1, 1, 1, 2, 2, 2, 2]"
932,dfs_bnb_mpi,10617.3,-2,3,3045939084,"[-1, -1, 2, 2, 2, 2, 2, 2, 2, 2, 2, 2, 2, 2, 2, 2, 2, 2, 2, 2, 2, 1, 2, -1, 2, -1, -2, -2, -1]"
933,dfs_bnb_mpi,13930.5,-6,7,4200056882,"[-1, -2, -1, 2, 2, 1, 1, 1, -2, -2, -1, -2, 1, 1, 2, 1, 1, 2, 2, 2, 2, -1, -1, -2, 1, -2, -1, -2, 1]"
934,dfs_bnb_mpi,12.7534,-5,6,3967411,"[-1, -1, 2, 2, 2, 2, 1, -2, -2, -2, 1, 2, 1, -2, -2, 1, 1, -2, -1, -1, -1, -1, -1, -1, 2, 2, 2, 2, 2]"
935,dfs_bnb_mpi,57.2006,-6,7,17385654,"[-1, -2, -1, -2, 1, 1, 2, 1, 2, 2, -1, -1, -1, -2, -1, 2, 2, 2, -1, -2, -2, -2, -1, -1, -2, 1, 1, 1, -2]"
936,dfs_bnb_mpi,207.046,-6,7,63354478,"[-1, -1, 2, 2, 2, -1, -2, -2, -2, -2, -1, -2, 1, 1, 2, 1, 1, -2, -1, -2, -1, -1, -1, -1, 2, 2, 2, 1, 2]"
937,dfs_bnb_mpi,0.000123,0,1,30,"[-1, -1, 2, 2, 2, 2, 2, 2, 2, 2, 2, 2, 2, 2, 2, 2, 2, 2, 2, 2, 2, 2, 2, 2, 2, 2, 2, 2, 2]"
938,dfs_bnb_mpi,5708.92,-4,5,1517437471,"[-1, -1, 2, 2, 2, 2, 2, 2, 2, 2, 2, 2, 2, 2, 2, 2, 2, 2, 2, 1, 1, -2, 1, -2, -1, -2, -1, 2, 2]"
939,dfs_bnb_mpi,2325.91,-6,7,717108523,"[-1, -1, 2, 2, 2, 2, 2, 2, 2, 1, -2, -2, -2, -2, -2, -2, 1, 1, -2, -2, -1, -1, -2, -2, -1, 2, -1, 2, 1]"
940,dfs_bnb_mpi,57.2769,-4,5,17685300,"[-1, -1, 2, 2, 2, 2, 2, 2, 2, 1, 1, 2, -1, -1, 2, 2, 2, -1, -2, -2, -1, -2, 1, -2, -1, -1, 2, 2, 2]"
941,dfs_bnb_mpi,1384.53,-8,9,423260770,"[-1, -1, 2, 2, 2, 2, 1, 2, -1, 2, -1, 2, -1, -2, -1, 2, 2, -1, -2, -2, -2, 1, 1, 1, -2, -2, -1, 2, -1]"
942,dfs_bnb_mpi,18798.7,-6,7,4999792495,"[-1, -1, 2, 2, 2, 2, 2, 2, 2, 1, 1, -2, -2, -2, -2, 1, 2, 1, -2, -2, -1, -1, -2, 1, 1, -2, -2, -1, 2]"
943,dfs_bnb_mpi,73.156,-6,7,22716169,"[-1, -1, 2, 2, 2, 1, 1, 1, -2, -1, -2, 1, -2, -2, -1, -2, 1, 1, 2, 2, 1, 1, 2, -1, -1, 2, 2, 2, 2]"
944,dfs_bnb_mpi,155.384,-6,6,47961249,"[-1, -1, 2, 2, -1, -2, -1, -2, 1, -2, 1, 1, 1, 1, 2, 1, -2, -2, -1, -1, -1, -1, -2, -1, 2, -1, 2, -1, 2]"
945,dfs_bnb_mpi,152.018,-4,5,45954612,"[-1, -1, 2, 2, 1, -2, 1, 2, 2, 2, 2, 2, 2, 1, 2, -1, -1, -2, -1, -1, -2, -2, -2, -2, -2, -2, -1, 2, 2]"
946,dfs_bnb_mpi,1000.16,-5,6,281568324,"[-1, -1, 2, 2, 2, 2, 2, 2, 1, 2, -1, 2, -1, -2, -2, -2, -1, -1, 2, 1, 2, 2, 2, -1, -2, -2, -1, -2, -1]"
947,dfs_bnb_mpi,7984.78,-4,5,2305898167,"[-1, -1, 2, 2, 2, 2, 2, 2, 2, 2, 2, 2, -1, -2, -2, -2, -2, -2, -1, -2, 1, -2, -2, -2, -2, -2, 1, 1, 1]"
948,dfs_bnb_mpi,617.147,-6,7,188340507,"[-1, -1, 2, 1, 2, 2, -1, -2, -1, 2, 2, -1, -2, -2, -1, -2, -1, 2, 2, -1, -2, -2, -2, 1, 1, 1, 2, 1, -2]"
949,dfs_bnb_mpi,2.86105,-6,7,853551,"[-1, -1, 2, 2, 2, 2, 2, 2, 2, -1, 2, 2, 1, -2, 1, 2, 1, -2, -2, -1, -2, 1, -2, -1, -2, -2, -2, -2, 1]"
950,dfs_bnb_mpi,3.46847,-7,8,1072486,"[-1, -1, 2, 2, 2, 1, -2, -2, 1, 1, -2, -2, -1, -2, 1, 1, 2, 1, 1, 2, 2, -1, -2, -1, 2, 2, -1, -1, 2]"
951,dfs_bnb_mpi,107586,-7,8,32376677894,"[-1, -1, 2, -1, -1, 2, -1, -2, -2, 1, -2, -2, 1, -2, -1, -1, -2, 1, 1, 1, 2, 2, 1, 1, 2, -1, -1, -1, 2]"
952,dfs_bnb_mpi,58.0451,-6,7,18125010,"[-1, -1, 2, 2, -1, 2, 1, 1, 1, 1, 2, -1, -1, 2, 2, 2, -1, -2, -2, -2, -1, -1, -2, -2, -1, -2, 1, 1, -2]"
953,dfs_bnb_mpi,120.224,-6,7,37118072,"[-1, -2, 1, -2, -2, 1, 2, 1, 1, 2, -1, -1, 2, 2, -1, -1, -1, -2, -2, -1, -2, 1, 1, -2, -1, -1, -1, 2, 2]"
954,dfs_bnb_mpi,1.31157,-6,7,403177,"[-1, -1, 2, 2, -1, -2, -1, -2, -2, -1, 2, 2, -1, 2, 1, 1, 2, 1, 2, 2, 1, -2, -2, 1, 2, 2, 2, 2, 2]"
955,dfs_bnb_mpi,0.166565,-6,7,48261,"[-1, -1, -1, 2, 2, 2, 1, 1, 1, -2, -1, -1, -2, 1, 1, 1, -2, -2, -1, -1, -1, -1, -1, 2, 2, 2, 2, 2, 2]"
956,dfs_bnb_mpi,5.40852,-6,7,1677922,"[-1, -1, 2, 1, 1, 1, -2, 1, 1, -2, -1, -1, -2, -2, -1, 2, 2, -1, -1, -1, 2, -1, 2, 1, 2, 2, 2, 2, 2]"
957,dfs_bnb_mpi,7443.24,-6,7,2216913410,"[-1, -1, 2, 2, 2, 2, 2, 1, -2, -2, -2, 1, 1, 2, 2, 2, 1, 1, 2, -1, -1, 2, -1, -1, -2, 1, -2, -2, -2]"
958,dfs_bnb_mpi,28.8625,-6,7,7234958,"[-1, -1, 2, 2, 2, 2, 2, 2, 1, 1, 2, 2, -1, -2, -1, -1, -2, -2, -1, 2, -1, 2, 1, 2, 2, 1, -2, 1, 2]"
959,dfs_bnb_mpi,0.358515,-6,7,111227,"[-1, -1, 2, 1, 2, 2, 2, 1, -2, -2, -2, 1, 1, -2, -1, -2, -1, -1, -2, -2, -1, 2, 2, -1, 2, 2, 2, 2, 2]"
960,dfs_bnb_mpi,0.012399,-2,3,3796,"[-1, -1, 2, 2, 2, 2, 2, 2, 2, 2, 2, 2, 2, 2, 2, 2, 2, 1, -2, 1, 2, 1, -2, -2, -1, -1, -2, 1, 1]"
961,dfs_bnb_mpi,99.638,-6,7,30795033,"[-1, -1, 2, 2, 2, 2, 2, 1, -2, -2, -2, -2, 1, 1, -2, -2, -1, -1, -1, -1, 2, 2, -1, 2, 2, 2, 1, -2, -2]"
962,dfs_bnb_mpi,115992,-6,7,35046861153,"[-1, -1, 2, 2, 2, 2, 2, 1, 2, 2, 2, 2, 1, -2, -2, -2, -2, 1, 1, -2, -1, -2, -2, -1, -1, 2, 1, 2, -1]"
963,dfs_bnb_mpi,10204,-7,8,3132284564,"[-1, -2, 1, 1, 1, 1, 2, 2, 2, 2, -1, -2, -2, -2, -1, 2, -1, 2, 2, 2, -1, -2, -2, -2, -1, -2, -1, -2, 1]"
964,dfs_bnb_mpi,33799.3,-6,7,9432422729,"[-1, -1, 2, 2, -1, 2, 2, 2, 2, 2, 2, 2, 2, -1, -2, -2, -2, -2, -2, -2, -2, -2, -1, -2, -2, 1, 1, 2, -1]"
965,dfs_bnb_mpi,1226.01,-6,7,333959181,"[-1, -1, 2, 2, 2, 1, 1, 2, -1, -1, 2, 2, 2, -1, -2, -2, -2, -2, -2, -1, 2, 2, 2, 2, -1, -2, -2, -1, 2]"
966,dfs_bnb_mpi,36.5719,-6,7,9983378,"[-1, -2, 1, 1, 2, 2, 2, 2, 1, -2, -2, -2, -2, -2, -1, -1, -2, 1, 1, 1, -2, -1, -2, -1, 2, -1, -1, 2, 2]"
967,dfs_bnb_mpi,3072.01,-4,5,923943050,"[-1, -1, 2, 2, 2, 2, 2, 2, 2, 2, 2, 2, 2, 1, 1, 2, -1, -1, 2, 2, 2, -1, -2, -2, -1, -2, 1, -2, -1]"
968,dfs_bnb_mpi,112197,-6,7,33941777115,"[-1, -1, 2, 2, 2, 1, -2, 1, 2, 2, 2, -1, -1, -1, -2, -2, -2, -1, 2, 2, -1, -2, -2, -2, -2, 1, 1, 2, -1]"
969,dfs_bnb_mpi,60414.7,-4,5,13694689011,"[-1, -1, 2, 2, 2, 2, 2, 2, 2, 2, 2, 2, 2, 2, 2, 1, -2, -2, -2, -2, -2, -2, -2, -2, 1, 1, -2, -1, -1]"
970,dfs_bnb_mpi,50176.3,-6,7,13228131205,"[-1, -1, 2, 2, 2, -1, 2, 2, -1, -2, -2, -1, 2, 2, 2, -1, -2, -2, -2, -2, 1, 1, 1, -2, -1, -2, 1, -2, 1]"
971,dfs_bnb_mpi,1123.19,-4,5,327844488,"[-1, -1, 2, 2, 2, 2, 2, 2, 2, 2, 1, 2, -1, 2, 2, -1, -2, -2, -1, 2, 2, -1, -2, -2, -2, 1, 1, -2, -1]"
972,dfs_bnb_mpi,25.7088,-4,5,6484726,"[-1, -1, 2, 2, 2, 2, 2, 2, -1, -1, -2, -2, -2, 1, -2, -1, -1, -2, 1, 1, -2, -1, -1, -1, 2, 2, 2, 2, 2]"
973,dfs_bnb_mpi,188670,-5,6,46074362922,"[-1, -1, 2, 2, 2, 2, 2, 2, 2, 1, 1, 1, -2, -2, 1, -2, -2, -1, -1, -2, 1, -2, -1, -1, 2, 2, 2, 1, 1]"
974,dfs_bnb_mpi,4519.8,-4,5,1366020723,"[-1, -1, 2, 2, 2, 2, 2, 2, 2, 2, 1, 2, 2, 2, -1, -2, -2, -1, 2, -1, -2, -1, -1, -2, 1, 1, -2, 1, 2]"
975,dfs_bnb_mpi,43.0628,-6,7,12690150,"[-1, -1, 2, 2, 2, 1, 2, -1, 2, 2, 2, -1, -2, -2, -2, -1, 2, 2, -1, -2, -2, -2, 1, 1, -2, -1, -2, 1, -2]"
976,dfs_bnb_mpi,120298,-5,6,35601545796,"[-1, -1, 2, 2, 2, 2, 2, 2, 2, 2, 2, 2, 2, 2, 2, 2, 2, 2, 1, -2, -2, -2, 1, 1, -2, -1, -2, -1, 2]"
977,dfs_bnb_mpi,123.636,-3,4,29154971,"[-1, -1, 2, 2, 2, 2, 2, 2, 2, 2, 2, 1, -2, -2, -2, -2, 1, 1, -2, -1, -2, 1, 1, -2, -1, -1, -1, 2, 2]"
978,dfs_bnb_mpi,62.6667,-4,5,18794400,"[-1, -1, 2, 2, 2, 1, -2, -2, 1, 2, 2, 2, 2, -1, -1, -1, -1, -2, -2, -2, -1, -2, 1, 1, 2, 2, 2, 1, 1]"
979,dfs_bnb_mpi,314.999,-6,7,95796449,"[-1, -1, 2, 1, 1, 1, 1, -2, -1, -2, 1, 1, -2, -1, -2, 1, 1, 1, -2, -1, -1, -1, -1, 2, 2, -1, 2, -1, -1]"
980,dfs_bnb_mpi,0.215732,-6,7,64619,"[-1, -1, 2, 2, -1, -2, -2, -2, -1, -2, 1, 1, 2, 1, 1, 1, 2, 1, -2, -2, -1, -1, -1, -2, 1, 1, 1, 1, 2]"
981,dfs_bnb_mpi,944.754,-5,6,257648513,"[-1, -1, 2, 2, 2, 2, 2, 2, 2, 2, 2, 2, 1, -2, -2, 1, 2, 1, -2, -2, -1, -1, -2, 1, 1, -2, -1, -1, -2]"
982,dfs_bnb_mpi,16.7099,-5,6,4630437,"[-1, -1, 2, 2, 2, 2, 1, -2, -2, 1, 2, 2, 1, 1, -2, -1, -2, -2, 1, 2, 1, 1, 2, -1, 2, 2, 2, 2, 2]"
983,dfs_bnb_mpi,192.21,-6,7,43216049,"[-1, -1, 2, 2, -1, 2, 2, 2, 2, 2, -1, -2, -2, -2, -2, -2, -2, 1, -2, -1, -2, 1, -2, -2, 1, 2, 2, 1, 1]"
984,dfs_bnb_mpi,40.4699,-6,7,11274021,"[-1, -2, -1, 2, -1, 2, 2, -1, 2, 2, 2, 1, -2, -2, 1, -2, -2, 1, 1, 2, -1, 2, 2, 2, 2, 2, 2, 2, 2]"
985,dfs_bnb_mpi,727.832,-6,7,220717273,"[-1, -1, 2, 2, 2, 2, 2, 2, 1, -2, -2, -2, -2, -2, 1, 2, 2, 1, -2, 1, 1, -2, -1, -1, -2, -2, -1, -1, -1]"
986,dfs_bnb_mpi,2799.2,-5,6,821623288,"[-1, -1, 2, 2, 2, 2, 2, 1, -2, 1, 2, 2, 1, 1, -2, 1, 1, -2, -1, -2, -1, 2, -1, -2, -1, -1, -2, 1, 1]"
987,dfs_bnb_mpi,3983.1,-7,8,1159724196,"[-1, -1, 2, 2, 2, 1, 2, 2, -1, -2, -1, -1, 2, 2, -1, -2, -2, -1, -1, -2, 1, 1, -2, 1, -2, 1, 2, 2, -1]"
988,dfs_bnb_mpi,65564.3,-4,5,17940092533,"[-1, -1, 2, 2, 1, 2, 2, 2, 2, 2, 2, -1, 2, 2, -1, -2, -2, -1, -1, -2, 1, 1, 1, -2, -2, -2, -2, -1, -2]"
989,dfs_bnb_mpi,8759.66,-4,5,2154419410,"[-1, -1, 2, 2, 2, 2, 2, 2, 2, 2, 2, 2, 2, 2, 1, 1, 1, 2, 2, -1, -2, -1, 2, -1, -2, -1, -2, -1, 2]"
990,dfs_bnb_mpi,0.622515,-5,6,162668,"[-1, -1, 2, 2, 2, 2, 2, 2, 2, -1, -1, -2, 1, -2, -2, -2, -2, -1, -1, -2, 1, 1, -2, -1, -1, -1, 2, 2, 2]"
991,dfs_bnb_mpi,345.094,-7,8,101441530,"[-1, -1, 2, 2, 2, -1, -2, -1, 2, 2, -1, -1, -1, -2, -2, -2, 1, 2, 1, -2, 1, 1, -2, -1, -1, -2, -1, 2, -1]"
992,dfs_bnb_mpi,1.23851,-5,6,382829,"[-1, -1, 2, 2, 2, 1, -2, -2, 1, 2, 1, 1, 2, 2, -1, -2, -1, 2, 2, -1, -2, -1, 2, 2, 2, 2, 2, 2, 2]"
993,dfs_bnb_mpi,5067.95,-6,7,1539659442,"[-1, -1, 2, 2, 2, -1, -2, -2, -2, -1, 2, 2, 2, 2, 1, 1, 1, -2, -2, -2, 1, 1, -2, -2, -1, -1, -1, -1, -1]"
994,dfs_bnb_mpi,137.734,-7,8,41903606,"[-1, -2, -1, 2, 2, -1, -2, -2, -2, 1, 1, 1, 2, 1, 2, 1, 2, 2, -1, -2, -1, -1, 2, 1, 2, 1, 2, 2, 2]"
995,dfs_bnb_mpi,29217.2,-6,7,8872662663,"[-1, -1, 2, 2, 2, 2, 2, 2, -1, -1, -2, -2, -2, -2, -1, -2, 1, -2, -2, -2, 1, 1, 1, 2, -1, -1, 2, 2, 2]"
996,dfs_bnb_mpi,70.2844,-6,7,19266238,"[-1, -1, 2, 2, 2, 1, 1, 1, 2, 2, 2, -1, -2, -2, -1, 2, -1, -2, -1, 2, -1, -2, -1, -2, 1, 1, -2, -1, -1]"
997,dfs_bnb_mpi,218.816,-6,7,63074680,"[-1, -1, 2, 2, 2, -1, -1, -2, -2, -1, 2, 2, -1, -2, -2, -2, 1, 1, -2, -1, -1, -2, 1, 1, 1, 2, 2, 2, 2]"
998,dfs_bnb_mpi,473.249,-6,7,144423561,"[-1, -1, -1, 2, 2, -1, 2, 2, 2, 1, -2, -2, 1, -2, 1, 2, 2, 1, -2, -2, 1, 2, 1, -2, -2, -1, -1, -1, -1]"
999,dfs_bnb_mpi,783.959,-7,8,240634899,"[-1, -1, 2, 2, -1, -1, -2, 1, -2, -1, -1, 2, 2, -1, -2, -1, 2, -1, -2, -2, 1, 1, -2, 1, 1, 1, -2, 1, 2]"
