protein_id,algorithm,time,score,checked,placed,hash
0,dfs_bnb_mpi,1272.36,-18,19,286385342,"[-1, -1, 2, 2, 2, 1, 2, -1, 2, 1, 2, 1, 1, 1, -2, -1, -1, -2, 1, 1, -2, -1, -2, -2, -1, -1, 2, 1, 2]"
1,dfs_bnb_mpi,2702.02,-18,19,651486162,"[-1, -1, 2, 2, 2, 2, 1, 1, 1, -2, 1, 2, 1, -2, -2, -1, -2, -2, -2, -1, 2, 2, 2, -1, 2, -1, -2, -2, 1]"
2,dfs_bnb_mpi,296.561,-19,20,66297027,"[-1, -1, 2, 1, 1, 1, 1, 1, -2, 1, -2, -1, -2, -1, 2, 2, -1, -2, -1, -2, -1, 2, -1, -2, -2, 1, 1, 1, 2]"
3,dfs_bnb_mpi,156.287,-18,19,40340775,"[-1, -1, 2, 2, 2, 1, 1, -2, -1, -2, 1, 1, 2, 1, 2, -1, 2, -1, -1, -1, 2, -1, -2, -1, -2, 1, -2, -2, -2]"
4,dfs_bnb_mpi,2716.84,-18,18,613362185,"[-1, -1, 2, 2, 2, -1, -2, -1, 2, 2, 1, 1, 2, 1, -2, 1, 1, 1, -2, -1, -1, -1, -2, -2, 1, 2, 1, -2, -2]"
5,dfs_bnb_mpi,205.258,-19,20,50661809,"[-1, -1, 2, 1, 1, 2, -1, -1, 2, 2, 1, -2, 1, 2, 1, -2, -2, -2, -2, 1, -2, 1, 2, 2, -1, 2, 2, 1, -2]"
6,dfs_bnb_mpi,438.031,-18,19,97730042,"[-1, -1, 2, 1, 2, 1, -2, 1, 2, 1, -2, 1, 2, 1, 1, -2, -1, -2, -1, -2, -1, 2, -1, -2, -1, -1, -2, -1, 2]"
7,dfs_bnb_mpi,616.111,-19,20,148475185,"[-1, -2, -2, -2, 1, 1, -2, -1, -1, -1, 2, -1, 2, 1, 2, 2, 2, 1, 1, 1, 1, -2, -1, -2, -1, -2, 1, 1, 2]"
8,dfs_bnb_mpi,48.7026,-18,18,11138832,"[-1, -1, 2, 1, 2, 1, -2, 1, 2, 1, 2, 2, 2, -1, -2, -2, -1, -1, 2, 1, 2, 2, -1, -2, -1, -2, -2, -2, -1]"
9,dfs_bnb_mpi,238.371,-18,19,62377022,"[-1, -1, 2, 2, 2, 2, 1, 2, 1, -2, -2, -1, -2, -2, 1, 2, 1, 2, 1, -2, 1, -2, -2, -1, -2, -1, 2, 2, 1]"
10,dfs_bnb_mpi,1009.71,-18,19,228162463,"[-1, -2, 1, 1, -2, 1, -2, -1, -2, 1, -2, -1, -2, -1, 2, -1, -2, -1, 2, 2, 2, 1, -2, 1, 2, 2, -1, -1, 2]"
11,dfs_bnb_mpi,520.741,-19,20,124754564,"[-1, -2, 1, 1, 2, 1, -2, 1, -2, -1, -2, -2, -2, -1, 2, 2, -1, -2, -2, -1, -1, 2, 1, 2, -1, 2, 1, 1, 1]"
12,dfs_bnb_mpi,373.916,-18,19,91239837,"[-1, -1, 2, 1, 1, 2, 1, -2, 1, 2, 2, -1, 2, 1, 2, -1, -1, -1, -1, -2, 1, 1, -2, -1, -2, -1, -1, 2, 1]"
13,dfs_bnb_mpi,492.201,-18,19,113389855,"[-1, -1, 2, 2, -1, -1, -2, 1, -2, -2, -2, -1, 2, 2, -1, 2, -1, -2, -2, 1, -2, -1, -2, 1, 1, 1, 1, 2, 2]"
14,dfs_bnb_mpi,101.819,-18,19,24796259,"[-1, -1, 2, 2, 1, -2, 1, 2, 2, -1, 2, 1, 2, -1, -1, -1, -2, 1, -2, -1, -1, -2, -2, -1, -2, 1, 1, 2, 2]"
15,dfs_bnb_mpi,3003.97,-18,19,716436511,"[-1, -1, 2, 2, 2, 2, 1, 2, -1, -1, 2, 1, 1, 1, -2, -2, 1, -2, 1, -2, -1, -1, 2, -1, -2, -2, 1, 1, -2]"
16,dfs_bnb_mpi,1152.2,-18,19,265836310,"[-1, -1, 2, 2, -1, -1, -1, -2, -1, -2, 1, 1, 2, 1, -2, -2, 1, 1, -2, -1, -2, -1, 2, -1, 2, -1, -2, -2, 1]"
17,dfs_bnb_mpi,297.135,-19,20,66319982,"[-1, -2, -1, -2, 1, 1, 2, 1, -2, 1, -2, -1, -1, -1, -2, -2, 1, 2, 1, -2, 1, 2, 1, 2, 2, 2, -1, 2, -1]"
18,dfs_bnb_mpi,331.761,-18,19,88906792,"[-1, -1, 2, 2, 2, 1, 1, -2, -1, -2, 1, 1, -2, -2, -1, -1, -2, 1, 1, 1, 1, 2, -1, 2, 2, 2, 2, -1, -2]"
19,dfs_bnb_mpi,1315.33,-18,19,296683084,"[-1, -1, 2, 2, 2, 1, -2, -2, 1, 1, 2, -1, 2, 2, 1, -2, 1, 1, -2, -1, -2, 1, -2, -2, -1, 2, -1, -2, -1]"
20,dfs_bnb_mpi,364.808,-19,20,85077138,"[-1, -1, 2, 2, -1, -1, -2, 1, -2, -2, 1, 1, 1, 1, 1, 2, -1, 2, 1, 2, 2, -1, -2, -1, -2, -1, 2, 2, 1]"
21,dfs_bnb_mpi,1555.25,-18,19,400500942,"[-1, -1, 2, 2, 1, -2, 1, 2, 1, -2, 1, 1, -2, -1, -1, -2, 1, 1, -2, -1, -2, -1, 2, -1, 2, -1, -1, -2, 1]"
22,dfs_bnb_mpi,9653.21,-16,17,2113797330,"[-1, -1, 2, 1, 2, 2, 2, 2, 2, 1, 1, -2, 1, -2, -1, -2, 1, 1, -2, -2, -1, 2, -1, -2, -1, 2, 2, 2, 2]"
23,dfs_bnb_mpi,7383.74,-17,18,1633209642,"[-1, -2, -1, 2, 2, 1, 2, -1, 2, -1, 2, -1, -1, -2, 1, -2, -1, -1, -2, -2, 1, 2, 1, -2, -2, 1, 2, 2, 2]"
24,dfs_bnb_mpi,377.032,-18,19,84905175,"[-1, -2, 1, 1, 2, 2, 2, -1, -2, -1, 2, 2, 1, 1, 1, 1, -2, -1, -2, -2, -2, 1, 1, 2, -1, 2, 1, 2, 2]"
25,dfs_bnb_mpi,1522.12,-19,20,361822444,"[-1, -2, 1, 1, 2, 1, -2, 1, -2, -1, -2, -2, -2, -1, -1, -1, -1, 2, 1, 2, -1, 2, 1, 1, 1, -2, -1, -2, 1]"
26,dfs_bnb_mpi,165.601,-17,18,37095993,"[-1, -1, 2, 2, 2, 2, 2, 1, -2, -2, 1, 2, 1, -2, 1, -2, -1, -1, -1, -2, 1, 1, 1, -2, -1, -2, -1, -1, -1]"
27,dfs_bnb_mpi,568.118,-18,19,132078757,"[-1, -1, 2, 1, 2, 2, 1, 1, 1, -2, -1, -1, -2, 1, 1, 1, -2, -1, -1, -2, 1, -2, -1, -1, -1, -1, 2, 1, 1]"
28,dfs_bnb_mpi,70.8925,-19,20,17033429,"[-1, -1, -1, 2, 2, 1, -2, 1, 2, 2, 1, 1, -2, -1, -2, 1, -2, -2, -2, -1, 2, -1, -2, -2, -1, 2, -1, 2, 1]"
29,dfs_bnb_mpi,1795.36,-17,18,394880265,"[-1, -2, -1, 2, 2, 2, -1, -2, -2, -1, 2, -1, 2, 1, 2, 2, 2, 1, 1, 1, -2, -1, -1, -2, 1, 1, -2, -2, 1]"
30,dfs_bnb_mpi,1356.41,-19,20,328161812,"[-1, -1, 2, 1, 1, 2, 1, 1, 1, 1, -2, -1, -2, 1, -2, -1, -2, -1, -1, -1, -1, 2, 1, 1, 2, 2, 1, -2, -2]"
31,dfs_bnb_mpi,648.143,-19,20,157081436,"[-1, -1, 2, 1, 1, 2, 2, -1, -2, -1, -1, 2, 1, 2, 1, 1, 2, 1, 1, -2, -1, -2, 1, -2, -2, -2, -1, 2, 2]"
32,dfs_bnb_mpi,288.671,-18,18,64900116,"[-1, -1, 2, 2, 2, 1, 2, 1, -2, 1, 2, 1, -2, 1, -2, -2, -2, -1, 2, 2, -1, -1, -1, -2, 1, 1, -2, -2, 1]"
33,dfs_bnb_mpi,796.849,-19,20,175340446,"[-1, -1, -1, -1, 2, 1, 1, 1, 1, 1, -2, -2, 1, -2, -2, -1, 2, -1, 2, -1, -1, -1, -2, -2, 1, 2, 1, -2, 1]"
34,dfs_bnb_mpi,204.217,-19,20,51202804,"[-1, -2, -1, -2, 1, 1, 2, 1, 2, 1, 1, -2, -1, -2, -1, -2, -1, -1, -1, -1, -2, 1, 1, 1, 1, 1, 2, 1, 2]"
35,dfs_bnb_mpi,1690.2,-18,19,378940592,"[-1, -2, 1, 1, 2, 2, -1, 2, 1, 1, 2, 1, -2, 1, 1, 1, -2, -1, -1, -1, -2, 1, 1, -2, -1, -1, -1, 2, 2]"
36,dfs_bnb_mpi,210.109,-19,20,53915130,"[-1, -2, 1, 1, 1, 2, -1, 2, -1, 2, 1, 1, -2, 1, -2, 1, 2, 2, -1, 2, -1, -1, -1, -1, -2, -2, -1, -2, -2]"
37,dfs_bnb_mpi,419.918,-17,18,110318689,"[-1, -1, 2, 2, 2, 2, 1, -2, 1, 1, 1, 1, -2, -1, -1, -1, -1, -2, 1, 1, -2, -2, -2, 1, 2, 2, 2, 1, -2]"
38,dfs_bnb_mpi,179.001,-17,17,42425548,"[-1, -1, 2, 2, 2, 1, 1, -2, -1, -2, 1, 1, -2, -2, -1, -2, -1, 2, -1, -1, 2, 2, -1, 2, 1, 2, 2, 1, 2]"
39,dfs_bnb_mpi,201.471,-19,20,48119415,"[-1, -1, -1, 2, 2, 2, 1, -2, -2, 1, 1, 2, -1, 2, 2, 1, -2, 1, 2, 1, -2, -2, -2, -2, -2, -1, 2, 2, 2]"
40,dfs_bnb_mpi,321.937,-19,20,85097136,"[-1, -1, 2, 2, -1, -2, -2, -2, 1, 1, 1, 1, 1, 2, -1, 2, 1, 1, 2, -1, 2, -1, -2, -1, 2, -1, -2, -2, 1]"
41,dfs_bnb_mpi,74.4365,-18,19,19791976,"[-1, -1, 2, 2, 2, 2, 1, 1, -2, -1, -2, -2, 1, 2, 1, 2, 1, -2, 1, -2, -1, -1, -2, 1, -2, -1, -2, -1, 2]"
42,dfs_bnb_mpi,972.526,-17,18,232230770,"[-1, -1, 2, 2, 2, 1, 1, 2, -1, 2, 1, 2, 1, -2, -2, 1, 1, -2, -2, -1, 2, -1, -2, -1, -1, -2, 1, 1, 1]"
43,dfs_bnb_mpi,1059.43,-19,20,244112284,"[-1, -2, 1, 1, 2, 2, 1, -2, 1, -2, -2, 1, 2, 2, 1, -2, -2, -2, -1, -1, -1, -1, -1, -1, 2, 1, 1, 1, 2]"
44,dfs_bnb_mpi,990.923,-19,20,242588043,"[-1, -2, -1, 2, -1, -1, 2, 2, 2, 1, -2, -2, 1, 2, 2, 2, 1, -2, 1, 1, -2, -1, -1, -2, 1, 1, -2, -2, -1]"
45,dfs_bnb_mpi,1094.28,-18,19,266240617,"[-1, -1, 2, 2, -1, -1, 2, 1, 1, 2, -1, -1, -1, -2, -2, -2, 1, 1, -2, -2, -1, 2, -1, -2, -1, 2, 2, 2, 2]"
46,dfs_bnb_mpi,299.376,-18,19,72974039,"[-1, -1, 2, 2, 2, 2, 1, -2, 1, -2, -1, -2, 1, 1, -2, 1, 2, 2, -1, 2, 1, 1, 2, -1, 2, -1, -1, -2, 1]"
47,dfs_bnb_mpi,640.986,-18,19,165407772,"[-1, -1, 2, 2, 2, 1, -2, -2, 1, 2, 1, 2, -1, 2, 2, -1, -2, -1, 2, -1, -1, -2, 1, -2, -1, -2, -2, 1, 2]"
48,dfs_bnb_mpi,122.106,-18,19,30199485,"[-1, -1, 2, 2, 2, 2, 1, -2, -2, -2, 1, 2, 1, 2, -1, 2, 2, -1, 2, -1, -2, -1, -2, -2, -1, -2, 1, -2, -2]"
49,dfs_bnb_mpi,183.027,-18,18,41584030,"[-1, -1, 2, 2, 1, -2, 1, 2, 2, 1, 1, 1, 1, 1, -2, -1, -1, -2, -1, 2, -1, -2, -2, -2, 1, 2, 1, 1, 2]"
50,dfs_bnb_mpi,1815.25,-18,19,439692444,"[-1, -1, 2, 1, 1, 1, 1, 1, -2, -2, -2, -2, -1, 2, -1, -2, -2, -1, 2, 2, -1, -1, 2, 1, 1, 1, 2, 1, -2]"
51,dfs_bnb_mpi,368.74,-19,20,93623489,"[-1, -2, 1, 1, 1, 1, 2, -1, -1, 2, 2, 1, -2, 1, 2, 1, -2, -2, -2, -2, -1, -2, -1, 2, -1, -2, -1, 2, -1]"
52,dfs_bnb_mpi,115.46,-18,19,26253970,"[-1, -1, 2, 1, 1, 1, 2, -1, 2, 1, 2, -1, 2, -1, -2, -2, -2, -1, -1, -2, -2, -1, 2, 2, 2, 1, 1, 2, 2]"
53,dfs_bnb_mpi,4506.93,-17,18,1005239977,"[-1, -1, 2, 2, -1, -2, -2, -1, 2, 2, 2, 1, 2, 1, 1, 1, 2, 1, -2, -2, -1, -2, 1, -2, -1, -1, 2, 2, -1]"
54,dfs_bnb_mpi,1295.63,-19,20,289372664,"[-1, -2, -2, -1, -2, -1, 2, 2, -1, -2, -2, -1, 2, 2, 2, 2, 2, 1, -2, -2, 1, 2, 2, 1, 1, -2, -1, -2, -2]"
55,dfs_bnb_mpi,2840.71,-18,18,636340632,"[-1, -1, 2, 1, 2, 2, -1, -2, -1, -2, -1, -1, -2, -2, -2, -2, 1, 1, 1, 2, 1, 2, -1, -1, 2, -1, -2, -2, 1]"
56,dfs_bnb_mpi,208.095,-18,19,56576679,"[-1, -2, -1, 2, -1, 2, 2, 1, 2, -1, -1, -2, -2, -2, -2, 1, -2, 1, 1, 1, 2, 1, 2, 2, -1, 2, -1, -2, -1]"
57,dfs_bnb_mpi,660.074,-16,17,173889451,"[-1, -1, 2, 2, 2, 2, -1, -1, -1, -2, 1, 1, -2, -1, -1, -2, 1, 1, -2, -1, -1, -1, -1, 2, 2, 2, 1, -2, -2]"
58,dfs_bnb_mpi,2074.34,-18,19,533895846,"[-1, -1, 2, 2, 2, 1, 1, 1, 1, -2, -1, -1, -1, -2, 1, 1, 1, 1, -2, 1, -2, -1, -1, 2, -1, -2, -1, -1, -1]"
59,dfs_bnb_mpi,451.274,-17,17,111167752,"[-1, -1, 2, 2, 2, 2, 1, -2, 1, 2, 2, -1, -1, 2, 1, 2, 1, -2, 1, -2, -2, -2, -2, -1, -1, -2, 1, 1, 1]"
60,dfs_bnb_mpi,177.679,-19,20,45791325,"[-1, -1, 2, 2, 2, 1, 2, 1, 1, -2, -1, -2, -1, -2, 1, 1, -2, 1, 2, 1, 1, 2, -1, 2, 2, -1, -2, -2, -1]"
61,dfs_bnb_mpi,1238.26,-18,19,271625466,"[-1, -1, 2, 2, 2, -1, -1, -1, -1, -2, -2, -2, 1, 2, 2, 1, 1, -2, -1, -2, -2, -1, -2, 1, 1, 1, 2, -1, 2]"
62,dfs_bnb_mpi,108.574,-18,19,25767182,"[-1, -1, 2, 2, 1, -2, 1, 1, 2, -1, 2, 1, 2, 2, -1, -2, -1, -2, -1, 2, 2, -1, -2, -2, -2, -2, -1, -2, 1]"
63,dfs_bnb_mpi,45.9956,-18,18,11130513,"[-1, -1, 2, 2, -1, -1, -2, 1, -2, -1, -1, 2, 2, 2, 1, 2, 1, -2, 1, 2, 1, -2, 1, -2, -1, -2, 1, 1, 2]"
64,dfs_bnb_mpi,508.181,-18,19,117398531,"[-1, -1, 2, 2, 2, -1, 2, 1, 2, 1, -2, -2, 1, 1, -2, -1, -1, -2, 1, 1, -2, -2, -1, -1, -1, -1, 2, 2, 2]"
65,dfs_bnb_mpi,181.716,-18,19,41317108,"[-1, -1, 2, 2, 2, 2, 1, 1, 1, -2, 1, -2, -1, -1, 2, -1, -2, -2, 1, 1, 1, -2, -1, -2, -1, -2, -1, 2, -1]"
66,dfs_bnb_mpi,100.783,-18,19,25186140,"[-1, -1, 2, 1, 2, 1, -2, 1, 2, 2, -1, -1, -1, -2, -1, -2, -2, -1, 2, 2, 2, 1, 2, 2, 1, -2, 1, 1, 2]"
67,dfs_bnb_mpi,47.7423,-18,19,11558120,"[-1, -1, 2, 1, 2, 2, 2, 1, 1, -2, -1, -2, -2, 1, 2, 1, 2, 2, 1, -2, 1, -2, -1, -2, -1, -2, -1, -2, -1]"
68,dfs_bnb_mpi,468.635,-18,19,104423400,"[-1, -1, 2, 1, 2, -1, 2, 2, -1, -2, -2, -2, -2, -2, -1, 2, 2, 2, -1, 2, 1, 2, -1, -1, -2, -2, -2, 1, -2]"
69,dfs_bnb_mpi,1606.9,-17,18,397004618,"[-1, -1, 2, 2, 2, 2, -1, -1, -1, -1, -2, 1, 1, 1, -2, -2, -1, 2, -1, -1, -2, 1, -2, -2, 1, 2, 1, -2, 1]"
70,dfs_bnb_mpi,1004.7,-18,19,242566490,"[-1, -1, 2, 1, 1, 2, -1, 2, -1, -2, -1, -1, -1, -2, 1, 1, -2, -1, -1, -2, 1, 1, 1, 1, 1, -2, -1, -1, -1]"
71,dfs_bnb_mpi,189.064,-18,19,46016604,"[-1, -1, 2, 2, 2, 1, 1, -2, -1, -2, 1, 1, 2, 2, 2, -1, -1, 2, 1, 2, -1, -1, -1, -2, 1, -2, -1, -2, -1]"
72,dfs_bnb_mpi,497.166,-18,19,109749308,"[-1, -1, 2, -1, -1, -1, -2, -1, -2, -2, -2, 1, 2, 2, 1, 2, 1, -2, 1, 1, -2, -1, -1, -1, -2, -2, 1, 2, 1]"
73,dfs_bnb_mpi,2639.86,-18,19,578193424,"[-1, -1, 2, -1, -1, -2, -1, -2, 1, -2, -1, -2, 1, -2, 1, 1, 2, -1, 2, 1, 1, -2, 1, 2, 2, -1, -1, -1, 2]"
74,dfs_bnb_mpi,463.202,-17,18,101513799,"[-1, -1, 2, 2, 1, -2, 1, 2, 2, -1, 2, 2, -1, -1, -1, -2, 1, 1, -2, -1, -1, -2, 1, -2, -1, -2, 1, -2, 1]"
75,dfs_bnb_mpi,553.433,-18,19,128033407,"[-1, -1, 2, 2, 2, 1, 1, 1, -2, -1, -1, -2, 1, 1, 1, 1, -2, -1, -1, -2, 1, -2, -1, -1, 2, -1, -1, -2, 1]"
76,dfs_bnb_mpi,637.698,-18,19,165319292,"[-1, -1, 2, 2, 2, 1, 2, 1, -2, -2, -1, -2, 1, 1, 2, 2, 2, 1, -2, 1, -2, -1, -2, -2, -1, -2, -1, -1, -1]"
77,dfs_bnb_mpi,2132.56,-19,20,480176871,"[-1, -2, 1, 1, 2, 2, 2, 2, -1, 2, 2, -1, -1, -2, -1, -2, -2, -2, -2, 1, 2, 1, 1, 2, -1, -1, 2, 1, 2]"
78,dfs_bnb_mpi,350.175,-18,19,85377541,"[-1, -1, 2, 2, 1, -2, 1, 2, 2, -1, -1, -1, -1, -2, 1, -2, -1, -1, -2, 1, 1, -2, -2, 1, 1, 1, 2, -1, -1]"
79,dfs_bnb_mpi,1742.64,-17,18,429574927,"[-1, -1, 2, 2, 2, 1, -2, -2, 1, 2, 2, 1, -2, -2, -2, 1, 2, 1, -2, -2, -1, -1, -2, -1, 2, -1, -1, -2, 1]"
80,dfs_bnb_mpi,640.777,-19,20,163070349,"[-1, -2, 1, 1, 2, 2, 2, -1, -2, -1, 2, 2, 2, -1, -2, -1, 2, -1, -2, -2, -2, 1, -2, -2, 1, 2, 2, 2, -1]"
81,dfs_bnb_mpi,288.545,-18,19,69953480,"[-1, -2, -2, -1, -2, -2, 1, 2, 1, -2, 1, 1, 1, 2, -1, -1, 2, -1, 2, 1, 2, 2, 1, -2, -2, -2, 1, 2, 2]"
82,dfs_bnb_mpi,336.397,-19,19,88299804,"[-1, -2, -2, -2, -1, 2, 2, 2, 2, 2, 2, 1, -2, -2, 1, 2, 2, 1, -2, -2, 1, -2, -1, -2, -2, -2, -1, 2, 2]"
83,dfs_bnb_mpi,189.041,-18,19,42545902,"[-1, -1, 2, 1, 2, 2, -1, -2, -1, 2, 2, 1, 2, -1, -1, -2, -2, -2, -2, 1, -2, -1, -1, 2, 2, -1, 2, 1, 2]"
84,dfs_bnb_mpi,3189.88,-19,20,706982734,"[-1, -2, -2, -1, -2, 1, -2, 1, -2, 1, 1, 1, 2, 2, 2, 2, -1, 2, -1, -2, -1, -2, 1, 1, -2, -2, -1, 2, -1]"
85,dfs_bnb_mpi,5544.74,-17,18,1213753293,"[-1, -1, 2, 1, 1, 2, 1, 2, 1, -2, -2, -1, -2, 1, -2, -1, -1, -1, -1, -2, 1, 1, 1, 1, -2, -1, -1, -1, -1]"
86,dfs_bnb_mpi,258.21,-19,20,57730225,"[-1, -1, 2, 2, 2, 1, 2, 1, 1, 1, 1, 1, -2, -1, -1, -1, -1, -2, -1, -2, 1, 1, 2, 1, 1, -2, -1, -2, -1]"
87,dfs_bnb_mpi,1253.72,-18,19,282769253,"[-1, -1, 2, 2, 2, 1, 2, -1, 2, 1, 1, -2, 1, 2, 1, -2, -2, -1, -1, -2, 1, 1, -2, -2, -1, 2, -1, -1, 2]"
88,dfs_bnb_mpi,303.874,-18,18,69256261,"[-1, -1, 2, 2, 2, -1, -2, -2, -1, 2, -1, 2, 1, 2, -1, 2, 1, 1, -2, 1, 2, 1, -2, -2, -2, -2, 1, 2, 2]"
89,dfs_bnb_mpi,213.466,-18,19,53655310,"[-1, -1, 2, 2, 2, -1, 2, 1, 1, -2, 1, -2, -1, -2, 1, 1, -2, 1, 2, 2, 2, 2, 2, -1, -1, -2, 1, -2, -2]"
90,dfs_bnb_mpi,464.115,-19,20,109522309,"[-1, -1, 2, -1, -2, -1, -2, 1, -2, -1, -2, 1, -2, 1, 2, 2, 1, -2, -2, 1, 1, 2, -1, 2, 1, 2, -1, -1, -1]"
91,dfs_bnb_mpi,211.958,-18,19,50344668,"[-1, -1, -1, 2, 2, 2, 1, 2, 1, -2, 1, -2, -1, -1, -2, 1, 1, 1, -2, 1, 2, 2, -1, 2, 1, 2, -1, -1, 2]"
92,dfs_bnb_mpi,402.196,-19,20,92834658,"[-1, -2, 1, 1, 2, 1, 1, 1, -2, -1, -1, -2, 1, 1, -2, -1, -1, -2, -1, 2, 2, -1, -1, -1, -2, 1, -2, 1, 2]"
93,dfs_bnb_mpi,4756.13,-18,19,1035570813,"[-1, -2, -1, -2, 1, -2, -1, -2, 1, 1, 2, 1, -2, 1, 1, 1, 2, -1, 2, 2, -1, 2, -1, -2, -1, -2, 1, 1, -2]"
94,dfs_bnb_mpi,1057.51,-18,19,232273558,"[-1, -1, 2, 2, 2, 2, 2, 1, -2, -2, 1, 2, 1, 2, 1, -2, -2, -1, -2, -1, -1, -2, 1, 1, -2, -2, -1, -1, -1]"
95,dfs_bnb_mpi,127.999,-18,18,32378780,"[-1, -1, 2, 2, 2, 2, 1, 1, -2, -1, -2, -2, 1, 2, 1, 2, 1, -2, -2, -1, -2, 1, -2, -1, -2, -1, -1, 2, 1]"
96,dfs_bnb_mpi,4795.67,-17,18,1055871938,"[-1, -1, 2, 2, 2, 2, 1, -2, 1, 1, 2, -1, 2, 1, 1, -2, 1, -2, -1, -2, -1, -1, -1, -2, 1, 1, 1, -2, -1]"
97,dfs_bnb_mpi,539.352,-18,19,119918232,"[-1, -1, 2, -1, 2, -1, -1, -2, 1, -2, 1, -2, 1, 1, -2, -2, -1, 2, -1, -2, -1, -1, 2, 1, 2, -1, -1, 2, 1]"
98,dfs_bnb_mpi,1372.44,-19,20,339867503,"[-1, -1, 2, 1, 2, 2, 1, 1, 1, -2, 1, -2, -1, -2, 1, -2, -1, -2, -1, -1, -1, 2, 1, 1, 2, 2, 2, -1, -2]"
99,dfs_bnb_mpi,232.508,-19,19,57758009,"[-1, -1, 2, 2, 1, -2, 1, 1, 1, 2, 2, -1, -2, -1, 2, -1, 2, -1, -2, -1, -2, -2, -2, -2, 1, 1, 1, 1, 2]"
100,dfs_bnb_mpi,648.76,-19,20,157279136,"[-1, -2, 1, 1, 1, 1, 2, -1, -1, 2, -1, 2, 1, 1, -2, 1, 1, -2, -2, -2, -2, -1, 2, -1, -1, -1, -2, 1, 1]"
101,dfs_bnb_mpi,744.034,-19,20,191253703,"[-1, -1, 2, 2, -1, -2, -2, -1, 2, 2, 2, 1, 2, 2, 1, 1, 1, -2, -2, -2, 1, -2, -1, -1, 2, 2, 2, -1, -2]"
102,dfs_bnb_mpi,504.734,-18,19,122154192,"[-1, -1, 2, 2, 2, 1, 1, 1, 1, 1, -2, -1, -1, -1, -1, -2, 1, 1, 1, 1, -2, -2, -1, 2, -1, -2, -1, -1, -1]"
103,dfs_bnb_mpi,543.31,-19,20,135554502,"[-1, -1, 2, 2, 2, 1, 1, 1, -2, -1, -1, -2, 1, 1, 1, -2, -1, -2, -2, -2, -1, -1, -1, 2, 2, 1, 1, -2, -1]"
104,dfs_bnb_mpi,2217.97,-17,18,484139786,"[-1, -1, 2, 2, 2, 2, 2, 1, 1, -2, -1, -2, -2, -2, 1, 1, 2, -1, 2, 1, 1, 2, -1, 2, 1, 2, -1, -1, -1]"
105,dfs_bnb_mpi,805.405,-18,19,202737932,"[-1, -1, 2, 2, 2, 1, 1, 2, 2, 1, -2, -2, -2, -1, -1, -2, 1, 1, 1, -2, -1, -2, -2, -1, 2, -1, -1, -2, 1]"
106,dfs_bnb_mpi,815.621,-17,18,181101643,"[-1, -1, 2, 1, 1, 2, -1, 2, -1, -2, -1, 2, 2, -1, -2, -2, -1, -2, 1, 1, -2, -1, -1, -2, 1, -2, 1, 2, 1]"
107,dfs_bnb_mpi,426.034,-18,19,93675444,"[-1, -2, 1, 1, -2, -1, -1, -1, 2, -1, -1, -2, 1, -2, -1, -2, 1, -2, 1, 2, 2, 1, 1, 1, -2, -1, -1, -2, 1]"
108,dfs_bnb_mpi,257.425,-18,19,61217889,"[-1, -2, 1, 1, 1, -2, -2, 1, -2, -1, -1, 2, 2, -1, -1, -2, 1, -2, -1, -2, 1, -2, 1, 2, 1, 1, -2, -1, -2]"
109,dfs_bnb_mpi,460.55,-18,19,101191759,"[-1, -1, 2, 2, -1, -2, -1, 2, -1, -1, -2, 1, -2, -1, -2, 1, 1, 2, 1, -2, 1, 1, -2, -1, -1, -1, -2, -1, 2]"
110,dfs_bnb_mpi,698.405,-19,20,176247305,"[-1, -2, 1, 1, -2, -1, -1, -1, -1, 2, 1, 2, 2, -1, -2, -1, 2, 2, 2, 1, -2, 1, 1, -2, 1, 2, 1, -2, -2]"
111,dfs_bnb_mpi,2800.61,-18,19,650608483,"[-1, -1, 2, 2, -1, -2, -1, -1, -1, -2, 1, 1, 1, -2, -1, -1, -1, -2, 1, -2, 1, 2, 1, -2, 1, 2, 2, 1, -2]"
112,dfs_bnb_mpi,222.662,-19,19,53147231,"[-1, -1, 2, 2, 2, 1, 2, 1, 1, -2, -1, -2, -1, -2, 1, 1, 2, 1, -2, -2, -1, -2, -2, -1, -1, -1, 2, 1, 1]"
113,dfs_bnb_mpi,136.617,-19,20,31832083,"[-1, -1, 2, 1, 2, -1, 2, 1, 1, -2, -2, 1, -2, -2, -1, -2, -1, 2, -1, -2, -1, 2, 2, 2, -1, 2, 2, 1, -2]"
114,dfs_bnb_mpi,968.617,-19,20,243546042,"[-1, -2, 1, 1, 2, 2, 2, -1, 2, -1, -1, -1, -2, -1, -2, 1, -2, -1, -2, 1, -2, 1, 2, 2, 2, 2, 1, -2, 1]"
115,dfs_bnb_mpi,351.498,-18,19,85321915,"[-1, -1, 2, 1, 2, -1, 2, 1, 2, 2, -1, -2, -1, -2, -2, -1, -2, 1, -2, -1, -2, -1, 2, 2, 2, 2, 2, 1, -2]"
116,dfs_bnb_mpi,1171.03,-18,19,261657892,"[-1, -1, 2, 2, 2, -1, 2, 1, 2, 2, 1, -2, 1, 2, 1, -2, 1, -2, -1, -1, -1, -2, 1, 1, -2, -1, -1, -2, 1]"
117,dfs_bnb_mpi,275.476,-19,20,61096739,"[-1, -1, 2, 2, 1, -2, 1, 1, -2, 1, 2, 1, 2, 2, -1, -2, -1, -1, 2, 1, 2, 1, 2, -1, -1, -2, -1, -2, -1]"
118,dfs_bnb_mpi,1932.42,-17,18,420101808,"[-1, -1, 2, 2, 2, 2, 2, 2, 1, -2, 1, 2, 1, 1, -2, -1, -2, 1, -2, -1, -1, 2, -1, -2, -2, -2, 1, 2, 1]"
119,dfs_bnb_mpi,128.575,-19,20,28687933,"[-1, -1, 2, -1, -2, -2, -2, 1, 2, 1, -2, -2, 1, 2, 2, 1, -2, -2, 1, 2, 2, 2, -1, 2, 2, -1, -1, -2, 1]"
120,dfs_bnb_mpi,1096.73,-17,17,279590442,"[-1, -1, 2, 2, 2, 2, 1, -2, 1, 2, 2, -1, -1, 2, 1, 1, 1, 1, -2, -1, -2, 1, -2, -1, -2, -1, -2, -1, 2]"
121,dfs_bnb_mpi,478.214,-18,19,105325816,"[-1, -1, 2, 1, 1, 1, 2, -1, 2, 2, -1, -1, -1, -2, 1, 1, -2, -1, -1, -1, -2, 1, -2, -1, -1, 2, 2, 2, 1]"
122,dfs_bnb_mpi,1038.23,-18,19,256062578,"[-1, -1, 2, 2, 2, 1, 1, -2, -1, -2, 1, 1, 2, 1, -2, -2, 1, 1, -2, -2, -1, 2, -1, -2, -1, -1, 2, 1, 2]"
123,dfs_bnb_mpi,132.516,-18,19,31046742,"[-1, -1, 2, 2, 2, 1, 2, 1, -2, -2, -1, -2, 1, 1, -2, 1, 2, 1, 2, 2, 2, -1, -2, -2, -1, 2, 2, 2, 2]"
124,dfs_bnb_mpi,33.7102,-18,19,8510917,"[-1, -1, 2, 2, 2, 2, 1, -2, 1, 1, -2, -1, -1, -2, 1, 1, -2, -2, 1, 2, 1, 2, -1, 2, 2, 2, -1, -1, 2]"
125,dfs_bnb_mpi,749.333,-18,19,182323763,"[-1, -1, 2, 2, -1, -2, -2, -1, 2, -1, 2, 1, 2, 1, 2, 1, -2, 1, 2, 1, 1, -2, -2, -2, -1, -1, 2, 1, 2]"
126,dfs_bnb_mpi,106.673,-18,19,23884682,"[-1, -1, 2, 2, 2, 2, 2, 1, 1, 2, 1, 1, -2, -1, -2, -1, -1, -2, -2, -2, 1, 1, 2, -1, 2, 1, 1, 2, 1]"
127,dfs_bnb_mpi,2834.06,-18,19,632650072,"[-1, -1, 2, 2, 2, -1, -2, -1, -2, 1, -2, -2, 1, 1, 1, 1, 2, 2, 1, 2, 2, -1, -1, -1, -2, -2, 1, 2, 1]"
128,dfs_bnb_mpi,615.147,-18,19,145862053,"[-1, -1, 2, 2, 2, 2, 1, -2, 1, 1, -2, -1, -1, -2, 1, 1, 1, -2, -1, -2, 1, -2, -1, -1, -1, -1, 2, 1, 1]"
129,dfs_bnb_mpi,439.013,-18,18,112700538,"[-1, -1, 2, 2, 2, 2, 2, 1, -2, -2, -2, -2, 1, 2, 1, 2, -1, 2, 2, 2, 2, -1, -2, -1, -1, -2, -2, -2, -2]"
130,dfs_bnb_mpi,161.184,-19,20,36736622,"[-1, -2, 1, 1, 2, 1, -2, 1, 2, 1, -2, 1, -2, -2, -1, 2, -1, -1, -1, -1, -1, -2, 1, 1, -2, 1, 1, 2, -1]"
131,dfs_bnb_mpi,215.222,-18,19,53199978,"[-1, -1, 2, 1, 1, 1, -2, -2, -1, -1, -1, -1, -2, 1, 1, 1, 1, 1, 2, 2, 2, 2, -1, -1, 2, -1, -1, -2, 1]"
132,dfs_bnb_mpi,5191.44,-18,19,1139675751,"[-1, -2, -1, -1, -2, -2, -2, -2, 1, 2, 1, -2, 1, 2, 1, 1, 2, 2, -1, -2, -1, -1, -1, 2, 1, 1, 2, 1, 2]"
133,dfs_bnb_mpi,1677.71,-18,19,400543928,"[-1, -1, 2, 1, 2, 1, 1, 1, -2, -2, 1, 2, 1, -2, -2, -1, -1, -2, -1, -1, -1, -1, 2, 1, 1, 1, 2, 2, -1]"
134,dfs_bnb_mpi,878.467,-18,19,216210014,"[-1, -1, 2, 2, 2, 1, 2, -1, 2, 1, 1, 1, 1, -2, -1, -1, -2, 1, 1, -2, -2, -2, -1, 2, 2, -1, -1, -2, 1]"
135,dfs_bnb_mpi,187.254,-19,20,44789904,"[-1, -1, 2, -1, -1, 2, -1, -2, -2, -2, 1, 2, 1, -2, -2, 1, 2, 1, -2, 1, 2, 1, 2, 2, -1, -1, 2, -1, -1]"
136,dfs_bnb_mpi,453.6,-18,19,109764731,"[-1, -1, 2, 2, 2, -1, -2, -1, -2, 1, -2, -1, -2, 1, -2, 1, 2, 1, 1, 1, 2, 2, 2, -1, -2, -1, 2, 2, 2]"
137,dfs_bnb_mpi,325.478,-18,19,84789878,"[-1, -1, 2, 2, 1, -2, 1, 2, 1, 1, 1, -2, -1, -1, -2, 1, 1, -2, -2, -1, 2, -1, -2, -1, 2, -1, -1, -2, 1]"
138,dfs_bnb_mpi,1062.72,-18,19,235552597,"[-1, -1, 2, 2, 2, 2, 1, 2, -1, 2, 1, 1, -2, -2, 1, 1, -2, -1, -1, -1, -2, -2, 1, 2, 1, 1, -2, -1, -2]"
139,dfs_bnb_mpi,720.885,-19,20,165352347,"[-1, -1, 2, -1, 2, 2, 1, -2, 1, -2, 1, 1, -2, -2, -1, -2, 1, -2, -1, -1, 2, 2, -1, -2, -2, -1, 2, 2, 2]"
140,dfs_bnb_mpi,211.102,-18,19,51006104,"[-1, -1, 2, 2, 2, 2, 1, -2, 1, -2, -1, -2, 1, 1, 2, 2, 2, -1, 2, -1, -1, -1, -2, -2, -2, -1, -2, 1, -2]"
141,dfs_bnb_mpi,939.046,-19,20,223529845,"[-1, -2, -1, 2, 2, 1, 2, 2, 2, -1, -2, -2, -1, -2, -2, -2, -1, 2, -1, 2, 1, 2, 2, 1, 2, -1, -1, -2, -2]"
142,dfs_bnb_mpi,497.145,-18,19,123582951,"[-1, -1, 2, 2, 1, -2, 1, 2, 2, -1, 2, 1, 2, 1, -2, 1, 1, -2, -2, -2, -1, 2, 2, -1, -2, -2, -2, 1, 1]"
143,dfs_bnb_mpi,1385.38,-18,19,308983607,"[-1, -1, 2, -1, -1, 2, 1, 2, -1, -1, -1, -2, 1, -2, -1, -2, -2, 1, 2, 1, 1, -2, 1, 1, -2, -1, -1, -1, 2]"
144,dfs_bnb_mpi,107.301,-19,20,24304093,"[-1, -1, 2, 1, 2, 2, 1, -2, -2, 1, 2, 2, 1, -2, 1, -2, -1, -2, -1, -2, -1, -1, -2, 1, 1, 1, 2, 1, 2]"
145,dfs_bnb_mpi,100.108,-17,18,24889550,"[-1, -1, 2, 1, 2, 2, 2, -1, -1, -1, -2, 1, 1, -2, -1, -2, -2, -1, -1, 2, 1, 2, -1, -1, -1, 2, 1, 1, 2]"
146,dfs_bnb_mpi,225.755,-18,19,52425526,"[-1, -1, 2, 2, 2, -1, -2, -1, 2, -1, -1, -2, 1, -2, -2, 1, 2, 1, -2, -2, 1, -2, -1, -1, 2, -1, -1, 2, 2]"
147,dfs_bnb_mpi,519.917,-19,20,126886482,"[-1, -1, 2, 2, 1, -2, 1, 2, 1, -2, -2, 1, 2, 1, 1, -2, -1, -2, 1, -2, -1, -1, 2, -1, -1, -1, -2, 1, 1]"
148,dfs_bnb_mpi,889.261,-18,19,218026313,"[-1, -1, 2, 2, 2, 2, -1, -2, -2, -2, -2, -2, 1, 1, 1, 1, 2, 1, 2, 2, -1, -2, -1, -1, 2, 1, 2, -1, 2]"
149,dfs_bnb_mpi,518.066,-18,18,116583351,"[-1, -1, 2, -1, 2, 1, 2, -1, -1, -1, -2, 1, -2, -1, -1, -2, 1, 1, 1, -2, -1, -1, -1, -2, 1, 1, 1, 1, 2]"
150,dfs_bnb_mpi,121.829,-19,20,29197151,"[-1, -1, 2, 1, 1, 1, 1, -2, -1, -2, -1, -1, -1, -2, 1, 1, -2, 1, 2, 1, 2, 1, 2, 1, -2, -2, -1, -2, -1]"
151,dfs_bnb_mpi,611.008,-19,20,159135131,"[-1, -2, 1, 1, 2, 2, -1, -1, 2, 1, 1, 2, -1, -1, 2, -1, -2, -1, -1, -2, -2, 1, -2, -2, 1, 2, 2, 2, -1]"
152,dfs_bnb_mpi,885.012,-19,20,223245530,"[-1, -1, 2, 2, -1, -2, -2, -2, 1, 1, -2, 1, 2, 1, 2, 2, 2, 2, 2, -1, -1, -1, -2, 1, 1, -2, -1, -2, 1]"
153,dfs_bnb_mpi,343.476,-18,19,83522990,"[-1, -1, 2, 2, -1, -2, -2, -2, 1, -2, -1, -1, 2, 2, 2, -1, -2, -2, -2, -1, 2, 2, 2, 2, 1, 1, 2, 1, 1]"
154,dfs_bnb_mpi,508.953,-18,19,119849650,"[-1, -1, 2, -1, -1, -1, -2, -2, -2, 1, 2, 2, 1, -2, 1, 1, 1, -2, -1, -1, -1, -2, -1, -2, 1, 1, 1, 2, -1]"
155,dfs_bnb_mpi,936.641,-17,18,229677206,"[-1, -1, 2, 2, 2, 2, 1, -2, -2, -2, 1, 2, 2, 2, 1, 1, 1, -2, -2, -2, -1, 2, 2, -1, -2, -2, -2, 1, 1]"
156,dfs_bnb_mpi,391.723,-19,20,93227987,"[-1, -1, 2, 1, 2, 1, -2, 1, 2, 1, -2, -2, -2, 1, -2, -1, -2, -1, 2, -1, -2, -1, 2, -1, 2, 1, 1, 1, 2]"
157,dfs_bnb_mpi,838.3,-17,18,200190207,"[-1, -1, 2, 2, 2, 2, 2, 2, -1, -2, -2, -2, -2, -2, -2, -1, 2, 2, -1, 2, 1, 2, 2, 2, -1, -1, -2, 1, -2]"
158,dfs_bnb_mpi,201.29,-17,18,46444940,"[-1, -1, 2, 2, 1, -2, 1, 2, 2, 1, -2, -2, -2, 1, 1, 2, -1, 2, 1, 2, -1, 2, 2, -1, -2, -1, -1, -2, -1]"
159,dfs_bnb_mpi,952.12,-18,19,238665173,"[-1, -1, 2, 2, 2, 1, 2, -1, -1, -2, -2, -2, -1, -2, 1, -2, 1, 1, 1, 1, 2, 2, -1, -1, 2, 1, 2, 1, -2]"
160,dfs_bnb_mpi,384.635,-18,19,86823835,"[-1, -2, 1, 1, 1, -2, -1, -1, -1, -1, 2, -1, -2, -2, 1, -2, -2, 1, 1, 2, -1, 2, 1, 1, 1, -2, -1, -2, 1]"
161,dfs_bnb_mpi,682.146,-17,18,173283276,"[-1, -1, 2, 1, 2, -1, 2, 2, -1, -2, -2, -1, 2, 2, -1, -2, -2, -1, -2, 1, -2, 1, 2, 1, -2, -2, 1, 1, 1]"
162,dfs_bnb_mpi,104.566,-18,19,24991466,"[-1, -1, 2, 2, 2, 2, 1, -2, 1, -2, -1, -2, 1, 1, 2, 1, 2, -1, 2, 1, 2, 1, -2, -2, -2, -2, -1, -2, -1]"
163,dfs_bnb_mpi,2988.17,-18,19,694827800,"[-1, -1, 2, 2, -1, -2, -1, -2, 1, -2, 1, 1, -2, -1, -2, -1, -1, -1, 2, -1, 2, 2, 2, 1, -2, -2, 1, -2, 1]"
164,dfs_bnb_mpi,336.632,-18,19,84145928,"[-1, -1, 2, 2, 2, -1, -2, -1, -1, -2, 1, 1, -2, -2, 1, 1, -2, -1, -1, -1, 2, 2, -1, -1, 2, 2, 2, 1, 1]"
165,dfs_bnb_mpi,537.794,-18,19,132308858,"[-1, -1, 2, 2, 1, -2, 1, 2, 2, 1, -2, 1, -2, -1, -2, 1, 1, -2, -1, -2, -1, 2, -1, -1, -1, -2, 1, 1, -2]"
166,dfs_bnb_mpi,251.733,-18,19,59049766,"[-1, -1, 2, 1, 2, -1, 2, -1, -2, -2, -1, 2, -1, -2, -2, 1, 1, -2, 1, 1, -2, -1, -1, -1, -2, -1, 2, 2, 1]"
167,dfs_bnb_mpi,1132.87,-17,18,306315686,"[-1, -1, 2, 2, 1, -2, 1, 2, 2, -1, 2, -1, -1, -1, -1, -2, 1, -2, -1, -1, -2, 1, 1, -2, 1, 2, 2, 2, 1]"
168,dfs_bnb_mpi,312.029,-18,19,69673043,"[-1, -1, 2, -1, -2, -1, -2, 1, 1, 1, 1, 1, -2, -1, -1, -2, 1, 1, -2, -1, -1, -1, -1, 2, 1, 2, -1, -1, -1]"
169,dfs_bnb_mpi,1551.62,-19,20,368872907,"[-1, -2, 1, -2, 1, 1, 1, 2, 2, -1, 2, 1, 2, -1, 2, 2, -1, -2, -2, -1, 2, -1, -2, -2, 1, 1, -2, -2, 1]"
170,dfs_bnb_mpi,1181.23,-18,19,261896998,"[-1, -2, -2, -2, 1, 1, 1, -2, -1, -1, -2, 1, 1, 1, 1, 2, -1, 2, 2, 2, -1, -2, -1, -1, 2, 1, 2, 1, 2]"
171,dfs_bnb_mpi,1449.39,-18,19,335377805,"[-1, -2, 1, 1, 2, 2, 1, -2, -2, 1, 2, 2, 2, 1, -2, -2, -2, -2, -2, -1, 2, -1, -1, -1, -1, -2, 1, 1, 1]"
172,dfs_bnb_mpi,208.15,-18,19,51803971,"[-1, -1, 2, 2, 1, -2, 1, 2, 2, -1, -1, 2, 1, 2, -1, -1, -2, -1, -1, -2, 1, 1, -2, -1, -1, -2, 1, 1, -2]"
173,dfs_bnb_mpi,302.539,-19,20,79481215,"[-1, -1, 2, 1, 1, 1, 2, -1, -1, -1, -1, -2, -2, -2, 1, 1, -2, 1, 1, 1, 2, 1, 2, 2, -1, -2, -1, -2, -1]"
174,dfs_bnb_mpi,90.9722,-18,18,21063539,"[-1, -1, 2, 2, 2, 2, 2, 2, 1, 1, -2, -1, -2, -2, -2, -2, 1, 2, 2, 2, 1, -2, 1, -2, -1, -2, 1, -2, -1]"
175,dfs_bnb_mpi,341.563,-18,19,84511133,"[-1, -1, 2, 2, 2, 1, 2, -1, -1, -2, -2, -2, -1, -2, 1, -2, 1, 1, 1, 1, 2, 2, 2, 2, -1, -2, -1, -2, 1]"
176,dfs_bnb_mpi,410.79,-19,19,102259111,"[-1, -1, 2, 2, 1, -2, 1, 2, 2, -1, 2, 1, 1, -2, -2, -2, -2, 1, 2, 2, 1, 2, -1, 2, 1, 2, -1, -1, -1]"
177,dfs_bnb_mpi,809.584,-17,18,191283364,"[-1, -1, 2, 2, 2, 2, 2, -1, -2, -1, -2, 1, -2, -1, -2, 1, -2, -1, -1, 2, -1, 2, 1, 2, -1, 2, 1, 2, 1]"
178,dfs_bnb_mpi,664.851,-19,20,152076803,"[-1, -1, 2, 1, 1, 2, 2, 2, 1, -2, 1, -2, -1, -2, 1, -2, -1, -2, -1, -1, -1, -1, 2, 2, 2, 1, 2, 1, -2]"
179,dfs_bnb_mpi,1900.26,-18,19,482527423,"[-1, -1, 2, 2, 2, 1, 2, 1, 1, -2, -2, 1, 2, 2, 1, 1, -2, -1, -2, -2, -1, -2, -1, 2, -1, -1, 2, 1, 2]"
180,dfs_bnb_mpi,132.698,-17,18,33709841,"[-1, -1, 2, 2, 1, -2, 1, 2, 2, -1, 2, 1, 1, -2, -2, -2, 1, 2, 1, 2, -1, 2, 2, -1, 2, -1, -2, -1, 2]"
181,dfs_bnb_mpi,197.736,-18,18,49516621,"[-1, -1, 2, 2, 1, -2, 1, 2, 1, -2, -2, 1, 2, 2, 2, -1, 2, 1, 2, -1, -1, -2, -2, -1, -1, 2, 2, 1, -2]"
182,dfs_bnb_mpi,156.622,-18,19,39040223,"[-1, -1, 2, 2, 2, 1, 1, 2, 1, -2, -2, -1, -1, -2, 1, 1, -2, 1, 2, 2, 2, 2, 2, -1, -1, 2, -1, -2, -2]"
183,dfs_bnb_mpi,592.794,-18,19,139354065,"[-1, -1, 2, 1, 2, 2, 1, 1, -2, -1, -2, 1, 1, 1, -2, -2, -1, 2, -1, -2, -2, -2, -1, -1, 2, 1, 2, -1, -1]"
184,dfs_bnb_mpi,1321.36,-19,20,329716185,"[-1, -2, -2, -2, 1, 2, 2, 1, -2, -2, -2, 1, 1, 1, 2, -1, -1, 2, 1, 1, 2, 1, 2, -1, -1, -2, -1, 2, -1]"
185,dfs_bnb_mpi,93.316,-19,20,24875278,"[-1, -1, 2, 1, 1, 1, 2, 2, 2, -1, -2, -2, -1, -1, 2, 1, 2, 2, -1, -2, -1, -2, -1, -2, 1, -2, -1, -2, 1]"
186,dfs_bnb_mpi,548.31,-18,19,129737170,"[-1, -1, 2, -1, -2, -1, -2, 1, 1, -2, -2, 1, 2, 2, 1, -2, 1, 1, 2, -1, 2, 1, 2, -1, 2, -1, -1, -2, 1]"
187,dfs_bnb_mpi,1351.74,-18,19,294375494,"[-1, -2, -2, -1, -2, -1, -1, -1, 2, -1, 2, 1, 2, -1, 2, 1, 1, 1, -2, -1, -2, -2, 1, 2, 1, 2, 2, 1, 2]"
188,dfs_bnb_mpi,444.927,-19,20,115719941,"[-1, -1, -1, 2, 2, 1, 1, 2, -1, -1, 2, 1, 1, 1, 1, -2, -1, -2, 1, 1, -2, 1, -2, -1, -1, 2, -1, -1, -1]"
189,dfs_bnb_mpi,359.869,-18,19,95856576,"[-1, -1, 2, 2, 2, 2, 1, -2, -2, -2, 1, 2, 2, 1, 2, -1, 2, 1, 1, -2, 1, -2, -1, -2, -2, -2, -1, 2, 2]"
190,dfs_bnb_mpi,1228.33,-19,20,267218548,"[-1, -2, -1, -2, 1, 1, 2, 1, -2, -2, -1, -1, -2, 1, 1, 1, 1, 2, -1, 2, 2, 2, -1, 2, 1, 1, -2, -2, -2]"
191,dfs_bnb_mpi,85.097,-19,20,21127856,"[-1, -1, 2, 2, 2, 1, 2, -1, 2, 1, 1, -2, -2, -2, -1, -2, 1, 1, -2, 1, 2, 1, 2, -1, 2, 2, -1, -2, -2]"
192,dfs_bnb_mpi,989.354,-17,18,216635199,"[-1, -1, 2, 1, 1, 2, 2, 1, -2, 1, 1, -2, 1, -2, -2, -1, 2, -1, 2, -1, -2, -2, 1, -2, -1, -1, 2, -1, -1]"
193,dfs_bnb_mpi,4733.68,-17,18,1115877804,"[-1, -1, 2, 2, 2, 2, 2, 1, 1, -2, -2, 1, 2, 2, 2, 1, -2, -2, -2, -2, -2, -1, 2, -1, -2, -1, 2, 2, 2]"
194,dfs_bnb_mpi,363.072,-19,20,90367550,"[-1, -2, 1, 1, 1, 2, -1, 2, -1, -1, 2, 1, 2, 1, -2, 1, 1, 2, -1, 2, 1, 1, -2, -2, -2, -2, -1, 2, -1]"
195,dfs_bnb_mpi,83.7857,-18,18,19756385,"[-1, -2, -1, 2, 2, 1, 2, 2, 2, 1, -2, 1, -2, -1, -2, 1, -2, -2, -1, -2, -1, -1, -1, 2, 2, 2, 2, 1, 2]"
196,dfs_bnb_mpi,146.116,-19,20,32720363,"[-1, -2, 1, 1, 1, 2, -1, 2, -1, -1, -1, -1, -2, 1, -2, -2, 1, -2, 1, 2, 1, 1, -2, -1, -2, -1, -1, -1, 2]"
197,dfs_bnb_mpi,234.409,-18,19,54610871,"[-1, -2, -2, -1, -1, -2, 1, 1, 1, 2, 2, 1, 2, 2, 2, -1, -2, -1, 2, -1, -1, -2, 1, -2, -2, -1, 2, -1, 2]"
198,dfs_bnb_mpi,217.08,-17,18,50395695,"[-1, -1, 2, 2, 2, -1, -1, -1, -2, -1, -2, 1, 1, 2, 1, -2, -2, -1, -1, -1, -2, -2, 1, 2, 1, 1, 1, 1, 1]"
199,dfs_bnb_mpi,559.721,-18,19,133463709,"[-1, -1, 2, 2, 2, 2, 2, 1, -2, -2, -2, -2, 1, 2, 1, -2, -2, -2, -1, -1, -1, -1, 2, 2, 2, 2, -1, 2, 1]"
200,dfs_bnb_mpi,374.093,-19,19,98466917,"[-1, -2, -1, 2, 2, 1, 2, -1, 2, 1, 1, 1, -2, -1, -2, 1, -2, -2, -1, -2, -1, -1, -2, -1, 2, 2, 2, 2, 2]"
201,dfs_bnb_mpi,359.35,-18,19,86657168,"[-1, -1, 2, 2, 2, 1, 2, 2, 1, -2, 1, -2, -1, -2, -1, -2, 1, 1, 2, 1, -2, -2, -2, -2, -1, -1, 2, 1, 2]"
202,dfs_bnb_mpi,361.919,-18,19,87487849,"[-1, -1, 2, 1, 2, 2, 1, -2, 1, 2, 2, 1, -2, -2, -2, 1, 2, 2, 2, 1, -2, -2, -2, -2, -1, -1, -1, 2, -1]"
203,dfs_bnb_mpi,590.22,-18,18,137937365,"[-1, -1, 2, 1, 2, 1, 2, -1, -1, -2, -1, 2, 2, 1, 1, 1, 1, 1, -2, -1, -2, 1, 1, -2, -1, -2, -1, 2, -1]"
204,dfs_bnb_mpi,386.631,-16,17,85486064,"[-1, -1, 2, -1, 2, -1, -1, -1, -2, 1, 1, -2, 1, -2, -1, -1, 2, -1, -2, -2, 1, 1, 1, 1, 2, 1, 1, 1, 2]"
205,dfs_bnb_mpi,355.597,-18,19,87499460,"[-1, -1, 2, 2, 2, 1, -2, -2, 1, 1, 2, -1, 2, 1, 2, -1, -1, -1, -1, -1, -1, -2, 1, 1, -2, -1, -2, 1, -2]"
206,dfs_bnb_mpi,389.482,-18,19,86383764,"[-1, -2, 1, 1, 2, 2, 1, 1, 1, -2, -1, -1, -2, 1, 1, 1, -2, -2, -1, 2, -1, -1, -1, -1, -2, 1, 1, 1, -2]"
207,dfs_bnb_mpi,725.981,-19,20,159627972,"[-1, -1, 2, -1, 2, 1, 2, -1, 2, 1, 1, 2, 1, -2, 1, -2, -1, -1, -2, -2, 1, 2, 1, -2, -2, 1, 2, 2, 2]"
208,dfs_bnb_mpi,224.153,-17,17,52771897,"[-1, -1, 2, 2, 2, 1, -2, -2, 1, 2, 2, 2, 1, 1, -2, -1, -2, -2, -2, 1, 1, 2, -1, 2, 1, 2, 1, -2, 1]"
209,dfs_bnb_mpi,414.005,-19,20,95209108,"[-1, -2, 1, 1, 2, 2, 1, -2, 1, 2, 2, -1, 2, 1, 2, -1, -1, -2, -2, -1, 2, 2, -1, -2, -1, -2, 1, -2, 1]"
210,dfs_bnb_mpi,457.522,-19,20,106783584,"[-1, -2, 1, 1, 1, 2, 2, 1, -2, -2, 1, 2, 2, 2, -1, 2, 2, -1, -2, -2, -1, 2, -1, -2, -1, -2, 1, 1, -2]"
211,dfs_bnb_mpi,354.378,-17,18,88053693,"[-1, -1, 2, 1, 2, 2, 2, -1, -2, -2, -1, 2, -1, -2, -1, 2, -1, -2, -2, -2, -2, 1, 2, 2, 1, 1, -2, -1, -2]"
212,dfs_bnb_mpi,2996.9,-18,19,664605628,"[-1, -1, 2, 2, -1, -2, -2, -1, 2, 2, -1, -2, -1, -2, -2, -2, -2, 1, 2, 1, -2, 1, 2, 1, 2, -1, -1, -1, 2]"
213,dfs_bnb_mpi,709.467,-18,19,179160622,"[-1, -1, 2, 2, 2, 1, -2, -2, 1, 2, 2, 2, 2, -1, -2, -1, 2, -1, -2, -2, -1, -2, 1, -2, -1, -2, 1, -2, 1]"
214,dfs_bnb_mpi,887.55,-19,20,199530349,"[-1, -2, 1, 1, -2, -2, -2, -1, -2, -1, 2, -1, -2, -1, -1, 2, 1, 2, 1, 1, 1, 2, -1, -1, 2, 2, -1, -2, -2]"
215,dfs_bnb_mpi,108.054,-18,19,24430540,"[-1, -1, 2, -1, -2, -2, 1, 1, -2, -1, -1, -1, -1, 2, 1, 2, -1, 2, 1, 2, -1, 2, 1, 1, -2, 1, 1, -2, 1]"
216,dfs_bnb_mpi,249.887,-18,19,60322460,"[-1, -1, 2, 2, 1, -2, 1, 2, 1, 1, 1, -2, -1, -1, -2, 1, 1, -2, -1, -2, -1, 2, -1, -1, -1, -2, 1, 1, -2]"
217,dfs_bnb_mpi,210.231,-17,18,49452225,"[-1, -1, 2, 2, 2, 1, 2, -1, 2, 1, 1, -2, -2, -2, -1, -2, 1, 1, 2, 2, 1, -2, -2, -2, -1, -2, -1, -1, -1]"
218,dfs_bnb_mpi,407.202,-18,18,102582676,"[-1, -1, 2, 1, 2, 1, -2, 1, 2, 1, -2, -2, -1, -2, 1, -2, -1, -2, -1, 2, 2, -1, -1, -1, -2, 1, 1, -2, -1]"
219,dfs_bnb_mpi,1085.64,-19,20,241994820,"[-1, -2, -1, -2, -1, -2, 1, 1, 2, 1, 2, 1, 2, 1, -2, -2, -1, -2, -1, -2, 1, -2, -1, -1, -1, -1, 2, 1, 1]"
220,dfs_bnb_mpi,450.33,-18,19,102766262,"[-1, -1, 2, 2, -1, -2, -2, -2, 1, 1, 1, 1, 2, 2, 2, -1, -2, -1, 2, 2, 1, 1, 2, -1, -1, -1, -1, -2, 1]"
221,dfs_bnb_mpi,287.057,-18,19,70021495,"[-1, -1, 2, 2, 2, 1, -2, -2, 1, 1, 2, -1, 2, 2, 2, -1, -2, -1, 2, 2, -1, -2, -2, -2, -2, -1, -2, 1, -2]"
222,dfs_bnb_mpi,105.599,-19,20,23952172,"[-1, -1, 2, 2, 2, 1, 1, -2, -1, -2, 1, 1, 2, 1, -2, -2, -1, -2, -1, -1, -1, -2, 1, -2, 1, 2, 1, 1, 2]"
223,dfs_bnb_mpi,2022.6,-17,18,462317626,"[-1, -1, 2, -1, -1, 2, 1, 2, -1, -1, -2, -2, -1, -1, -2, 1, -2, -2, 1, 2, 1, -2, 1, 1, 2, -1, 2, -1, -1]"
224,dfs_bnb_mpi,554.393,-19,20,131813180,"[-1, -2, -2, 1, 1, -2, -1, -1, -1, 2, 2, 2, 2, 1, 2, 1, -2, 1, -2, 1, 2, 1, -2, -2, -2, -1, 2, -1, -1]"
225,dfs_bnb_mpi,71.8255,-17,18,16170906,"[-1, -1, 2, 2, 2, 1, -2, -2, 1, 2, 2, 2, -1, -1, -1, -2, -2, -1, -2, 1, -2, -1, -1, 2, 2, 2, 1, 2, 2]"
226,dfs_bnb_mpi,1607.79,-18,19,388023025,"[-1, -1, 2, 2, 1, -2, 1, 2, 2, 1, 2, 1, -2, 1, 1, 1, -2, -1, -1, -2, 1, -2, -1, -1, 2, 2, -1, -2, -2]"
227,dfs_bnb_mpi,460.644,-19,20,105016286,"[-1, -2, -2, 1, 1, -2, -1, -1, -2, 1, 1, 1, 2, 2, 1, -2, 1, 2, 2, 2, -1, -2, -1, 2, 2, -1, -2, -2, -1]"
228,dfs_bnb_mpi,520.59,-19,20,116880934,"[-1, -2, -2, -2, 1, -2, 1, 1, 1, 2, 1, 2, -1, 2, -1, -2, -2, -1, 2, -1, 2, 1, 2, 1, 2, 1, -2, 1, -2]"
229,dfs_bnb_mpi,4247.35,-17,18,940706473,"[-1, -1, 2, 2, 1, -2, 1, 1, -2, 1, -2, -1, -2, 1, -2, -1, -1, 2, 2, -1, -1, -2, 1, -2, -1, -1, 2, 2, 2]"
230,dfs_bnb_mpi,356.029,-18,19,84771072,"[-1, -2, 1, 1, 1, -2, -1, -1, -1, -2, -2, -2, 1, 2, 2, 1, 1, 1, -2, -1, -1, -2, 1, 1, -2, -1, -1, -1, -1]"
231,dfs_bnb_mpi,1781.87,-17,18,413697246,"[-1, -1, 2, 2, 2, 2, 2, 2, 1, -2, -2, -2, -2, -2, 1, 1, 1, 1, 2, -1, -1, -1, 2, 2, 2, 1, -2, -2, 1]"
232,dfs_bnb_mpi,50.5547,-16,17,11457683,"[-1, -1, 2, 2, 2, 2, 2, 1, 1, 1, -2, -1, -1, -2, 1, 1, -2, -1, -1, -2, 1, 1, 1, 2, 2, 2, 2, 2, 2]"
233,dfs_bnb_mpi,408.396,-18,19,91922772,"[-1, -1, 2, 2, 2, -1, -2, -1, -2, 1, -2, -2, 1, 1, 1, 1, 2, 2, 2, 2, -1, -2, -2, -1, 2, 2, 2, 1, 1]"
234,dfs_bnb_mpi,1103.32,-18,19,264122518,"[-1, -1, 2, 2, 1, -2, 1, 1, -2, 1, 2, 2, 2, -1, 2, 2, 2, -1, -1, -2, 1, -2, -1, -1, -2, 1, 1, -2, 1]"
235,dfs_bnb_mpi,1728.72,-18,19,404156438,"[-1, -2, 1, 1, 2, 1, 1, -2, -1, -2, 1, 1, -2, -2, -2, -1, 2, 2, -1, -2, -1, -1, -1, 2, 2, 1, 1, -2, -1]"
236,dfs_bnb_mpi,897.111,-18,19,217168454,"[-1, -1, 2, 2, 2, 2, 2, 1, -2, -2, -2, -2, 1, 1, 1, 2, 1, 2, 2, -1, -2, -1, -2, -1, 2, 2, 2, 1, -2]"
237,dfs_bnb_mpi,1069.06,-18,19,243513193,"[-1, -1, 2, 2, 2, 1, -2, -2, 1, 2, 1, -2, 1, -2, -2, -2, -2, -1, 2, -1, -2, -1, 2, -1, 2, 1, 1, 1, 2]"
238,dfs_bnb_mpi,263.826,-19,20,59606184,"[-1, -1, 2, -1, 2, 1, 2, 2, 1, -2, 1, 2, 1, -2, 1, -2, -1, -1, -1, -2, 1, 1, 1, -2, -1, -2, -1, -1, -1]"
239,dfs_bnb_mpi,907.35,-19,20,214786714,"[-1, -1, 2, 2, 1, -2, 1, 1, -2, -2, 1, -2, -1, -2, -1, 2, 2, -1, -2, -2, -1, -1, 2, 1, 2, -1, 2, 2, 2]"
240,dfs_bnb_mpi,447.952,-18,19,100469378,"[-1, -1, 2, 2, 1, -2, 1, 1, -2, 1, -2, 1, -2, -1, -2, -1, 2, 2, -1, -1, -1, -2, 1, 1, -2, -1, -2, -1, 2]"
241,dfs_bnb_mpi,182.095,-17,18,41185203,"[-1, -1, 2, 2, 2, -1, -2, -2, -2, -1, 2, -1, 2, 1, 2, 2, 2, 1, -2, 1, 2, 1, -2, -2, 1, -2, -1, -2, 1]"
242,dfs_bnb_mpi,684.46,-17,18,157159978,"[-1, -1, -1, -1, 2, -1, -1, 2, 1, 1, 2, -1, 2, 1, 1, -2, -2, -2, 1, 2, 2, 2, 1, -2, -2, -2, 1, 2, 2]"
243,dfs_bnb_mpi,168.443,-18,19,37680811,"[-1, -2, -1, 2, 2, 1, 2, -1, -1, 2, 1, 1, 2, -1, -1, -1, -2, -2, -2, 1, -2, -2, -1, 2, -1, 2, 2, 2, 2]"
244,dfs_bnb_mpi,2970.05,-18,19,653340875,"[-1, -1, 2, 2, -1, 2, 2, 1, 1, 1, 2, 1, -2, 1, -2, -1, -1, -2, 1, 1, -2, -2, -1, 2, -1, -1, 2, 2, -1]"
245,dfs_bnb_mpi,1038.44,-18,19,231455573,"[-1, -1, 2, 2, 2, 2, 2, 1, -2, 1, 1, 1, 1, -2, -2, -1, 2, -1, -1, -1, -2, -2, 1, 2, 1, -2, 1, -2, -1]"
246,dfs_bnb_mpi,801.23,-19,20,204197642,"[-1, -1, 2, 1, 2, 1, 2, -1, 2, 1, 1, -2, 1, 2, 1, -2, -2, -2, -2, -2, -1, -1, 2, 1, 2, 2, -1, -2, -1]"
247,dfs_bnb_mpi,1204.71,-18,19,294740594,"[-1, -1, 2, 2, 2, 1, 1, 1, 2, -1, -1, 2, 2, 1, -2, 1, 1, -2, 1, -2, -1, -2, -2, -1, 2, -1, -1, -2, 1]"
248,dfs_bnb_mpi,2743.61,-18,19,647780529,"[-1, -1, 2, 2, 2, 2, 1, 2, 2, 1, 1, -2, -1, -2, 1, -2, 1, -2, -2, -2, -1, 2, 2, -1, 2, -1, -2, -2, 1]"
249,dfs_bnb_mpi,56.2998,-18,19,13790385,"[-1, -1, 2, 2, 2, 1, -2, -2, 1, 2, 1, -2, -2, -2, -1, -1, -1, -1, 2, 2, 2, -1, 2, 1, 2, 1, 2, 1, -2]"
250,dfs_bnb_mpi,404.858,-19,20,91072437,"[-1, -2, -1, -2, 1, -2, 1, 2, 2, 1, 2, 1, -2, 1, -2, -1, -1, -2, -2, 1, 2, 1, -2, -2, -1, -1, -1, 2, -1]"
251,dfs_bnb_mpi,1172.01,-18,19,261637963,"[-1, -1, 2, 2, 2, 1, 2, 2, 2, 1, -2, -2, 1, 1, -2, 1, -2, -1, -1, 2, -1, -2, -1, -2, 1, 1, 1, -2, -1]"
252,dfs_bnb_mpi,1135.43,-18,19,285762729,"[-1, -1, 2, -1, 2, -1, -1, -1, -2, 1, 1, -2, -2, -1, 2, -1, -2, -2, -2, 1, 2, 1, 1, 1, 1, 2, -1, -1, 2]"
253,dfs_bnb_mpi,216.125,-18,19,49831285,"[-1, -2, -1, -2, -2, -2, -2, 1, 2, 2, 2, 1, 2, 1, -2, -2, -1, -2, -2, 1, 2, 1, 2, 2, 2, 2, -1, 2, 2]"
254,dfs_bnb_mpi,3127.02,-18,19,731859871,"[-1, -1, 2, -1, -1, -1, -1, -1, -2, -2, -2, 1, -2, 1, 2, 1, -2, 1, 2, 1, 2, -1, 2, -1, -1, -1, -2, 1, 1]"
255,dfs_bnb_mpi,1914.79,-17,17,519962559,"[-1, -1, 2, 2, 2, 2, 2, 2, 1, 1, 1, -2, -1, -1, -2, -2, 1, 2, 1, 1, 1, -2, -1, -1, -2, -1, -1, -2, 1]"
256,dfs_bnb_mpi,320.351,-18,19,76927686,"[-1, -1, 2, 2, -1, 2, 1, 2, -1, 2, -1, -2, -2, -1, -2, 1, -2, 1, -2, -1, -1, 2, -1, 2, 2, 2, 2, 1, -2]"
257,dfs_bnb_mpi,579.947,-19,20,153138066,"[-1, -2, 1, 1, 1, 2, -1, 2, 1, 2, -1, 2, -1, -2, -1, 2, -1, -2, -1, -2, -2, -1, -2, 1, 1, 2, 2, 1, 1]"
258,dfs_bnb_mpi,367.98,-18,19,89271708,"[-1, -1, 2, 2, 2, 2, 1, 1, -2, -1, -2, -2, 1, 2, 1, 2, 2, 2, 2, -1, -2, -1, 2, -1, -2, -1, -2, -2, -2]"
259,dfs_bnb_mpi,2897.7,-18,19,692611009,"[-1, -1, 2, 2, 2, 2, 2, 1, 1, -2, -2, 1, 2, 2, 1, -2, 1, -2, -1, -2, -2, -1, 2, -1, -2, -1, 2, 2, 2]"
260,dfs_bnb_mpi,702.078,-19,20,155543520,"[-1, -1, 2, 1, 1, 1, 1, 1, -2, -2, -2, 1, -2, -1, -1, -1, -1, 2, 1, 1, 2, 2, -1, -2, -1, -1, -1, -2, 1]"
261,dfs_bnb_mpi,1561.67,-17,18,341467608,"[-1, -2, 1, 1, 2, 2, 1, -2, -2, 1, 2, 1, -2, -2, -1, -2, -2, -1, 2, 2, -1, -1, -1, -2, 1, 1, -2, -1, -1]"
262,dfs_bnb_mpi,1082.18,-17,17,235163458,"[-1, -1, 2, 2, 2, -1, -2, -1, 2, -1, -2, -1, -2, -2, -1, -2, 1, 1, 2, 2, 1, 1, -2, -1, -2, 1, 1, 1, 1]"
263,dfs_bnb_mpi,621.385,-18,19,143350097,"[-1, -1, 2, 1, 2, 2, 1, 2, 1, -2, 1, 1, -2, -1, -1, -1, -2, 1, 1, 1, 1, -2, -1, -1, -1, -2, -1, -1, -1]"
264,dfs_bnb_mpi,192.216,-18,19,44104874,"[-1, -1, 2, 2, 2, 1, 2, -1, 2, 1, 2, 2, 1, -2, -2, -2, -2, -2, -1, -2, 1, 1, 2, 2, 2, 1, 2, -1, 2]"
265,dfs_bnb_mpi,972.256,-17,18,259544853,"[-1, -1, 2, 2, -1, -1, -2, 1, -2, -1, -1, -2, 1, 1, 1, 1, 1, -2, -1, -1, -2, -2, -1, -1, 2, 1, 2, -1, -1]"
266,dfs_bnb_mpi,269.247,-18,19,64942564,"[-1, -1, 2, 2, 2, 1, 2, 1, -2, -2, -1, -2, 1, 1, -2, 1, 2, 1, 2, 2, 2, -1, -2, -2, -1, 2, 2, 2, 2]"
267,dfs_bnb_mpi,1252.77,-19,20,293485389,"[-1, -2, -1, -2, -2, -2, 1, 2, 2, 1, 2, 1, 2, 1, -2, 1, 1, -2, -2, -1, 2, -1, -1, -2, 1, -2, -1, -1, 2]"
268,dfs_bnb_mpi,266.813,-19,20,60420097,"[-1, -1, -1, 2, -1, -2, -1, -2, -2, 1, 2, 1, 1, -2, -1, -2, 1, 1, 1, 2, -1, 2, 1, 1, 2, 2, -1, -1, -1]"
269,dfs_bnb_mpi,2188.05,-18,19,549813895,"[-1, -1, 2, 2, 2, 1, 1, -2, 1, 2, 1, -2, -2, -2, -2, -2, -1, -2, -1, 2, -1, 2, 1, 1, 2, 2, -1, -1, 2]"
270,dfs_bnb_mpi,3853.41,-17,18,937426163,"[-1, -1, 2, 2, 2, 2, -1, -2, -2, -2, -2, -2, 1, 1, 1, 1, 1, 2, -1, 2, 2, 2, -1, -2, -2, -1, 2, 2, 2]"
271,dfs_bnb_mpi,2642.8,-19,20,590787900,"[-1, -2, 1, 1, 2, 1, 1, 1, -2, -1, -2, 1, -2, -1, -2, -2, -1, -1, -1, 2, 2, 2, 1, -2, -2, 1, 2, 2, 2]"
272,dfs_bnb_mpi,141.066,-19,20,31445733,"[-1, -2, 1, 1, 2, 1, 2, 2, 2, 2, -1, -2, -2, -2, -1, -1, 2, 1, 2, 2, -1, -2, -1, -2, -2, -1, -2, 1, -2]"
273,dfs_bnb_mpi,157.709,-18,19,37366145,"[-1, -1, 2, 2, 2, -1, -2, -1, -2, 1, -2, -2, 1, 1, 1, 1, 2, 2, 2, 2, -1, -2, -2, -1, 2, 2, 2, 1, 2]"
274,dfs_bnb_mpi,2059.69,-18,19,517633714,"[-1, -1, 2, -1, 2, -1, -1, -1, -2, -2, -2, -2, -2, 1, 2, 2, 1, -2, -2, 1, 2, 1, 2, -1, 2, -1, 2, -1, -2]"
275,dfs_bnb_mpi,588.579,-18,19,150502038,"[-1, -1, 2, 2, 2, 2, 1, 2, 1, -2, 1, -2, -1, -1, -2, -2, 1, 2, 1, 1, -2, -1, -2, -2, -1, -1, -1, -1, 2]"
276,dfs_bnb_mpi,130.861,-19,19,29706407,"[-1, -1, 2, -1, 2, 1, 1, -2, 1, 2, 2, -1, -1, -1, 2, 1, 1, 1, 1, -2, 1, -2, 1, -2, -1, -2, -1, 2, 2]"
277,dfs_bnb_mpi,1378.84,-18,19,331065817,"[-1, -2, 1, 1, 2, 2, 2, 1, 2, 2, 2, -1, -1, -2, 1, -2, -1, -2, -2, -1, -1, 2, 1, 2, 2, 2, -1, -2, -2]"
278,dfs_bnb_mpi,709.415,-19,20,163891501,"[-1, -1, 2, 1, 2, -1, 2, 1, 1, -2, -2, 1, -2, -2, -1, -1, -2, -1, 2, -1, -1, 2, 1, 2, 2, 2, -1, -2, -2]"
279,dfs_bnb_mpi,494.673,-18,19,121814107,"[-1, -1, 2, 1, 1, 2, 2, 2, -1, -2, -2, -1, 2, 2, 2, 1, 1, 1, 1, -2, -2, 1, -2, -1, -2, -1, 2, 2, 2]"
280,dfs_bnb_mpi,51.0626,-18,18,10815403,"[-1, -1, 2, 2, 2, 1, -2, -2, 1, 1, 1, 2, 2, 2, -1, -2, -2, -1, 2, 2, -1, 2, -1, -2, -1, -2, -2, -2, -1]"
281,dfs_bnb_mpi,441.924,-18,19,99700991,"[-1, -1, 2, 2, 1, -2, 1, 2, 1, -2, -2, 1, 2, 2, 2, -1, 2, 2, 2, -1, -1, -2, 1, -2, -2, -1, -1, 2, 1]"
282,dfs_bnb_mpi,1238.43,-19,19,271736330,"[-1, -2, 1, 1, 2, 2, 1, 1, -2, -1, -2, 1, -2, -2, -2, -1, -2, -1, 2, 2, -1, -2, -1, 2, 2, 1, 1, 1, -2]"
283,dfs_bnb_mpi,306.224,-19,20,63310349,"[-1, -1, 2, 1, 1, 1, 2, 1, -2, 1, -2, -1, -1, -2, -1, -1, -1, -2, -2, 1, 2, 1, -2, 1, 2, 1, 1, 2, -1]"
284,dfs_bnb_mpi,1597.49,-19,20,329405651,"[-1, -1, 2, 1, 1, 2, 2, 1, 1, -2, 1, -2, -1, -2, 1, -2, -1, -2, -1, -1, -1, -1, 2, 1, 1, 1, 2, 2, 2]"
285,dfs_bnb_mpi,49.0714,-18,19,11873787,"[-1, -1, 2, 1, 2, 2, -1, -2, -1, -2, -2, -1, 2, 2, 2, 1, 2, 1, 1, 1, -2, -2, -2, 1, 1, 2, -1, 2, 2]"
286,dfs_bnb_mpi,533.753,-19,20,125467463,"[-1, -1, -1, 2, 2, 1, -2, 1, 2, 1, -2, 1, -2, 1, 2, 2, -1, 2, -1, 2, 2, -1, -2, -2, -1, -1, 2, 1, 2]"
287,dfs_bnb_mpi,3397.88,-19,20,702585630,"[-1, -2, -1, -2, -2, -2, 1, -2, 1, 2, 1, -2, 1, 2, 2, 2, 2, 2, 2, -1, -2, -2, -1, -2, 1, -2, -1, -1, 2]"
288,dfs_bnb_mpi,1141.16,-18,19,251297745,"[-1, -1, 2, 2, 2, -1, -2, -1, 2, -1, -2, -1, -2, 1, -2, -2, -2, 1, 2, 2, 2, 1, -2, -2, 1, 1, -2, -1, -1]"
289,dfs_bnb_mpi,652.544,-19,20,145079182,"[-1, -1, 2, 2, 1, -2, 1, 1, 2, -1, 2, 1, 1, -2, 1, -2, -1, -2, -1, -2, 1, -2, -1, -1, -1, -1, 2, 1, 1]"
290,dfs_bnb_mpi,2069.46,-18,19,500435040,"[-1, -1, 2, 1, 2, 2, 1, 2, 2, 1, 1, 1, -2, -1, -2, 1, 1, -2, -1, -1, -2, -2, -1, 2, -1, 2, 1, 2, 2]"
291,dfs_bnb_mpi,1113.3,-18,19,247203551,"[-1, -1, 2, 2, 2, 2, 2, 1, 1, 1, 1, 1, -2, -1, -1, -1, -1, -2, -2, -2, 1, 2, 2, 1, 1, -2, -1, -2, -2]"
292,dfs_bnb_mpi,262.318,-19,20,68937122,"[-1, -2, 1, 1, -2, -2, -1, 2, -1, -2, -2, 1, -2, 1, 2, 1, -2, 1, 2, 1, 2, -1, -1, 2, 1, 2, -1, 2, -1]"
293,dfs_bnb_mpi,289.767,-19,20,64764912,"[-1, -1, 2, 1, 1, 1, 1, 1, -2, -1, -1, -2, 1, -2, -2, -2, -1, 2, 2, -1, 2, -1, -1, -2, 1, -2, -2, 1, 2]"
294,dfs_bnb_mpi,81.1437,-17,18,18776873,"[-1, -1, 2, 2, 2, 1, -2, -2, 1, 2, 1, 2, -1, 2, 2, -1, -2, -1, 2, 2, -1, -2, -2, -1, -2, 1, -2, -2, -1]"
295,dfs_bnb_mpi,603.09,-18,19,134072806,"[-1, -2, 1, 1, 2, 2, 2, 1, 1, 1, -2, 1, -2, -1, -1, 2, -1, -2, -2, 1, 1, -2, -1, -1, -2, -1, 2, -1, -1]"
296,dfs_bnb_mpi,4365.71,-17,18,1050240914,"[-1, -1, 2, 2, 2, 2, 2, 1, 2, 1, 1, -2, 1, -2, -1, -2, -1, -2, 1, 1, -2, -1, -1, -1, 2, 2, 2, 1, 2]"
297,dfs_bnb_mpi,921.188,-18,19,218517750,"[-1, -2, 1, 1, 2, 2, 2, 1, -2, 1, 2, 1, -2, -2, -2, -1, 2, -1, -2, -2, 1, -2, -1, -1, 2, -1, -1, -2, 1]"
298,dfs_bnb_mpi,730.286,-19,20,181550524,"[-1, -1, 2, -1, -1, -2, 1, -2, 1, -2, 1, 2, 1, 1, 2, 2, 2, -1, 2, -1, -1, -1, -1, -2, 1, 1, 1, -2, 1]"
299,dfs_bnb_mpi,421.792,-17,18,105785076,"[-1, -1, 2, 2, 1, -2, 1, 2, 2, -1, 2, -1, -2, -1, -2, -2, -2, -1, 2, 2, 2, 2, 2, 2, 1, 1, -2, -1, -2]"
300,dfs_bnb_mpi,323.378,-17,18,78241361,"[-1, -1, 2, 2, 2, 2, -1, -1, -1, -1, -2, 1, 1, 1, -2, -1, -2, 1, -2, -2, -1, 2, -1, -1, 2, 1, 2, -1, -1]"
301,dfs_bnb_mpi,1248.74,-18,19,276787639,"[-1, -1, 2, -1, 2, 1, 2, 2, 2, 1, 1, 1, 1, -2, -1, -1, -1, -2, -2, -2, 1, 2, 2, 1, 1, -2, -1, -2, -2]"
302,dfs_bnb_mpi,1314.91,-18,19,320018999,"[-1, -1, 2, 2, 2, 1, -2, -2, 1, 2, 2, 2, 2, -1, -1, 2, -1, -2, -1, -2, -2, -2, -2, 1, 2, 2, 2, 1, 1]"
303,dfs_bnb_mpi,2840.49,-18,19,625407771,"[-1, -1, 2, 1, 1, 2, 1, -2, 1, 2, 1, -2, 1, -2, -2, -1, 2, -1, -1, -2, 1, -2, -1, -1, 2, -1, -1, -2, 1]"
304,dfs_bnb_mpi,883.563,-18,19,220217224,"[-1, -2, 1, 1, 1, 2, -1, 2, 1, 1, 2, -1, -1, -1, 2, 1, 1, 1, 2, -1, 2, -1, -2, -1, -1, -2, -2, -2, 1]"
305,dfs_bnb_mpi,1552.65,-18,19,349053088,"[-1, -1, -1, -1, 2, -1, 2, 1, 2, 2, 2, 1, 1, -2, -1, -2, -2, -2, 1, 2, 2, 1, 2, 1, -2, -2, -1, -2, 1]"
306,dfs_bnb_mpi,429.416,-18,19,101791339,"[-1, -1, 2, 2, 2, -1, -1, -2, 1, -2, -2, -1, -2, 1, 1, 1, 1, 1, 2, 2, -1, -1, 2, 2, 2, 1, -2, -2, 1]"
307,dfs_bnb_mpi,1772.25,-18,19,411923072,"[-1, -2, 1, 1, 2, 1, -2, -2, 1, 2, 1, -2, -2, -2, -2, -1, 2, 2, -1, -2, -1, -1, -1, 2, 2, 1, 1, -2, -1]"
308,dfs_bnb_mpi,1047.68,-19,20,242196853,"[-1, -2, 1, 1, -2, 1, 2, 2, -1, 2, -1, -1, -1, -2, -2, -2, -1, -2, -2, 1, 1, 1, 1, 2, -1, 2, -1, -2, -1]"
309,dfs_bnb_mpi,731.615,-18,19,178406020,"[-1, -1, 2, 1, 2, 1, -2, 1, 2, 2, 2, -1, -2, -1, -1, -2, -1, -2, -2, -2, -2, 1, 1, 1, 1, 2, -1, -1, -1]"
310,dfs_bnb_mpi,108.55,-19,20,26153671,"[-1, -1, 2, 2, 1, -2, 1, 2, 1, -2, -2, 1, 2, 1, -2, -2, -2, -1, 2, -1, -2, -1, -2, -1, 2, -1, 2, 1, 1]"
311,dfs_bnb_mpi,2608.74,-19,20,569060596,"[-1, -2, 1, -2, -2, 1, -2, 1, 1, 1, 1, 2, 2, 2, -1, 2, -1, -1, -1, -2, 1, 1, -2, 1, -2, -1, -1, 2, -1]"
312,dfs_bnb_mpi,1054.33,-18,19,256763087,"[-1, -2, 1, 1, -2, -1, -1, -1, -2, 1, -2, 1, 2, 1, -2, -2, 1, 2, 2, 1, 1, 2, -1, -1, 2, 1, 2, -1, -1]"
313,dfs_bnb_mpi,52.4,-18,18,12204214,"[-1, -1, 2, 2, -1, -2, -1, 2, 2, 2, 1, -2, 1, 2, 1, -2, -2, -2, 1, 1, 1, 2, -1, -1, 2, 2, 1, -2, 1]"
314,dfs_bnb_mpi,218.954,-18,19,58795853,"[-1, -1, 2, 2, 2, 2, 1, -2, -2, -2, 1, 2, 1, -2, -2, 1, 2, 1, 2, -1, 2, -1, -1, 2, 2, 1, 1, -2, -1]"
315,dfs_bnb_mpi,869.059,-18,19,208418947,"[-1, -1, 2, 2, -1, -2, -1, 2, 2, 2, 2, 1, 1, -2, -1, -2, 1, 1, 2, 1, 1, -2, -1, -2, 1, -2, -1, -1, 2]"
316,dfs_bnb_mpi,1450.82,-19,20,343956158,"[-1, -2, -1, 2, 2, 1, 1, 2, 1, -2, 1, -2, -2, -2, -1, -2, -2, -1, 2, -1, -2, -1, 2, 2, 1, 1, 2, 1, 2]"
317,dfs_bnb_mpi,319.498,-18,19,77282756,"[-1, -1, 2, 2, 2, 2, 2, 1, 2, 2, 1, -2, -2, -2, -1, -2, -2, -2, 1, 1, 2, -1, 2, 1, 1, 2, -1, 2, 2]"
318,dfs_bnb_mpi,2445.14,-18,19,619242385,"[-1, -2, 1, 1, 2, 1, 2, 2, 2, -1, 2, -1, 2, -1, -2, -2, -2, -1, 2, -1, -2, -2, 1, 1, 1, 1, 2, -1, 2]"
319,dfs_bnb_mpi,81.063,-19,20,20887845,"[-1, -1, 2, 2, 2, 1, 1, 1, -2, -1, -1, -2, 1, 1, -2, 1, 2, 2, 2, 1, 2, -1, -1, -1, 2, -1, -1, -2, 1]"
320,dfs_bnb_mpi,415.239,-19,20,92566567,"[-1, -2, -1, 2, 2, 1, 1, 2, 2, -1, -2, -1, -1, -2, -2, -1, 2, 2, 2, 1, 1, 2, -1, -1, 2, 1, 1, 1, -2]"
321,dfs_bnb_mpi,719.288,-17,18,159294620,"[-1, -1, 2, 2, 2, 1, 2, -1, -1, -2, -1, 2, 2, 1, 1, 1, 1, -2, -2, -2, -1, -2, 1, 1, 1, 2, 2, -1, -2]"
322,dfs_bnb_mpi,918.318,-19,20,217609253,"[-1, -1, 2, 1, 1, 1, 1, -2, -1, -2, 1, 1, -2, -1, -1, -2, -2, -1, 2, -1, -2, -1, 2, 2, 2, 1, 1, -2, -1]"
323,dfs_bnb_mpi,1078.44,-18,19,261061895,"[-1, -1, 2, 2, 2, 2, 2, 1, 1, -2, -1, -2, -2, -2, 1, 2, 1, -2, -2, 1, 2, 2, 2, 2, 2, -1, -2, -2, -1]"
324,dfs_bnb_mpi,470.771,-19,20,106940722,"[-1, -2, -1, 2, -1, 2, 2, 2, 1, -2, -2, 1, 1, 1, 2, -1, -1, 2, 1, 1, 2, -1, 2, -1, -2, -1, 2, -1, -2]"
325,dfs_bnb_mpi,61.5372,-18,18,15577376,"[-1, -1, 2, 2, 2, 2, 2, 1, 1, -2, -1, -2, 1, -2, -1, -2, 1, 1, -2, 1, 2, 1, 2, -1, 2, 2, -1, -2, -2]"
326,dfs_bnb_mpi,1247.18,-18,19,285496362,"[-1, -1, 2, 1, 1, 1, -2, -2, 1, 2, 2, 1, -2, -2, 1, -2, -1, -2, -1, 2, -1, -2, -1, -1, 2, 1, 2, -1, -1]"
327,dfs_bnb_mpi,149.588,-19,20,35668507,"[-1, -1, 2, 2, 1, -2, 1, 1, -2, -2, -2, -2, -1, 2, 2, -1, -2, -2, -1, -1, 2, 1, 2, -1, -1, 2, 2, 1, -2]"
328,dfs_bnb_mpi,1130.02,-18,19,253962653,"[-1, -1, 2, 2, 1, -2, 1, 2, 2, 2, -1, -2, -1, 2, 2, -1, 2, -1, -2, -2, 1, -2, -1, -2, -2, -2, 1, 2, 2]"
329,dfs_bnb_mpi,423.091,-18,18,94353133,"[-1, -1, 2, 2, 2, 2, 1, 1, -2, -1, -2, -2, 1, 2, 1, -2, 1, -2, -1, -2, -1, -1, -1, -2, 1, 1, 1, 1, 2]"
330,dfs_bnb_mpi,554.09,-18,18,131977300,"[-1, -1, 2, 2, 2, 1, -2, -2, 1, 1, 2, -1, 2, 1, 1, 2, 2, -1, -2, -1, 2, -1, -2, -1, -1, -2, -2, -2, -2]"
331,dfs_bnb_mpi,4904.27,-17,18,1072259499,"[-1, -1, 2, 2, 2, 2, 1, 2, 2, 1, -2, 1, 2, 1, -2, -2, 1, -2, -1, -1, 2, -1, -2, -1, -2, -2, 1, 2, 1]"
332,dfs_bnb_mpi,180.645,-19,20,45603642,"[-1, -2, 1, 1, 2, 2, 2, -1, -2, -1, 2, -1, -2, -1, -2, 1, -2, -2, -1, 2, -1, 2, 2, 2, 1, 2, 1, 1, 1]"
333,dfs_bnb_mpi,1390.89,-18,19,318891322,"[-1, -1, 2, -1, -1, -1, -2, -1, -2, 1, -2, -1, -2, 1, -2, 1, 1, 2, -1, 2, 1, 1, 1, 2, -1, -1, 2, -1, -2]"
334,dfs_bnb_mpi,509.027,-19,20,125881251,"[-1, -2, -2, -1, -2, -2, 1, 2, 1, 2, 1, -2, 1, -2, -1, -1, -2, 1, 1, 1, 2, 2, 2, -1, 2, 2, -1, -2, -1]"
335,dfs_bnb_mpi,1113.15,-17,18,248536739,"[-1, -1, 2, 2, 2, -1, -2, -1, -1, -1, -1, -2, 1, 1, -2, -1, -1, -2, 1, 1, 1, 2, 2, 1, -2, -2, 1, 1, 1]"
336,dfs_bnb_mpi,44.1344,-18,19,10174187,"[-1, -1, 2, 2, 2, 1, 1, -2, -1, -2, 1, 1, 2, 2, 2, -1, -1, -1, -1, -2, -2, -2, -1, 2, -1, 2, 1, 2, 2]"
337,dfs_bnb_mpi,94.6872,-18,19,23142845,"[-1, -1, 2, 1, 2, -1, 2, 1, 1, 2, 1, -2, -2, -1, -2, 1, -2, 1, 2, 2, 2, 2, 2, -1, -1, -1, -2, -1, 2]"
338,dfs_bnb_mpi,95.0984,-18,19,24540917,"[-1, -1, 2, 2, 2, 2, 1, -2, -2, -2, 1, 2, 1, 2, -1, 2, 1, 2, -1, -1, 2, -1, -2, -1, -2, -1, -2, 1, -2]"
339,dfs_bnb_mpi,448,-18,19,101409893,"[-1, -1, 2, 2, 2, 2, 2, 1, -2, -2, 1, 2, 2, 1, -2, -2, 1, -2, -1, -1, -1, -2, 1, 1, 1, -2, -2, -1, 2]"
340,dfs_bnb_mpi,5355.34,-17,18,1168931864,"[-1, -1, 2, -1, 2, 2, 2, -1, -1, 2, -1, -2, -1, -2, 1, 1, 1, -2, -1, -1, -1, -2, 1, -2, 1, 2, 1, -2, 1]"
341,dfs_bnb_mpi,992.6,-18,19,239094604,"[-1, -1, 2, 1, 2, 2, -1, -2, -1, -2, -2, -2, -1, 2, 2, -1, -2, -2, -2, -2, 1, 2, 1, -2, 1, 2, 1, 2, -1]"
342,dfs_bnb_mpi,740.363,-19,20,170371218,"[-1, -1, 2, 2, 2, 1, -2, -2, 1, 2, 2, 2, 1, 1, 1, -2, 1, -2, -1, -1, 2, -1, -2, -2, 1, 1, -2, -1, -1]"
343,dfs_bnb_mpi,498.912,-17,18,113230636,"[-1, -1, 2, 2, 2, 2, 2, 1, 1, 2, 1, -2, -2, -1, -1, -2, 1, -2, -1, -2, 1, 1, 1, 2, -1, 2, 1, 2, 2]"
344,dfs_bnb_mpi,4550.8,-17,18,997837701,"[-1, -1, 2, 2, 2, 2, 2, 1, 1, 1, -2, -2, 1, -2, -2, 1, -2, -1, -1, 2, 2, -1, 2, 2, -1, -2, -2, -2, 1]"
345,dfs_bnb_mpi,920.943,-18,19,229299090,"[-1, -1, 2, 2, 1, -2, 1, 2, 2, 2, 2, 1, -2, -2, -2, 1, 2, 1, -2, -2, -1, -1, -2, 1, -2, -1, -1, -1, -1]"
346,dfs_bnb_mpi,1124.42,-18,19,268781620,"[-1, -2, -1, -2, 1, 1, 2, 1, 2, 2, 1, -2, 1, -2, -1, -2, -1, -2, 1, -2, -1, -1, -2, -1, 2, -1, 2, 1, 1]"
347,dfs_bnb_mpi,4981,-17,18,1140284311,"[-1, -1, 2, 2, 2, 2, 1, 1, 2, 1, 1, -2, -1, -2, 1, -2, -2, 1, -2, -1, -1, 2, 2, -1, 2, -1, -2, -2, 1]"
348,dfs_bnb_mpi,296.623,-19,20,67314278,"[-1, -1, 2, 2, 1, -2, 1, 2, 2, 1, 2, 1, -2, -2, -1, -2, 1, -2, -1, -2, 1, -2, -1, -1, -1, -1, 2, 1, 1]"
349,dfs_bnb_mpi,346.093,-17,18,76820001,"[-1, -1, 2, 2, 2, -1, 2, 2, -1, -2, -1, -2, 1, -2, 1, -2, -2, -1, 2, -1, 2, -1, 2, -1, -2, -2, 1, -2, 1]"
350,dfs_bnb_mpi,994.369,-19,20,249853129,"[-1, -1, -1, 2, 2, 1, -2, 1, 2, 1, -2, 1, 1, -2, -1, -2, -2, -1, -2, -1, -1, -1, 2, 2, 1, -2, 1, 2, 1]"
351,dfs_bnb_mpi,248.936,-19,20,62326066,"[-1, -2, -2, -1, 2, 2, -1, -2, -2, -2, 1, 1, -2, -1, -1, -1, -2, 1, 1, 1, 1, 2, 1, 2, 2, 2, -1, -2, -2]"
352,dfs_bnb_mpi,570.995,-19,20,138553851,"[-1, -1, 2, 1, 2, 1, -2, 1, -2, -2, -1, -1, -2, 1, 1, 1, 2, 1, -2, 1, 2, 2, 2, -1, -2, -1, 2, 2, -1]"
353,dfs_bnb_mpi,1367.44,-18,19,343627386,"[-1, -1, 2, 1, 2, 2, 1, 2, -1, 2, 1, 1, 1, 1, -2, -1, -2, 1, 1, -2, -1, -1, -2, -1, -1, 2, 1, 2, 2]"
354,dfs_bnb_mpi,1227.15,-17,18,271850018,"[-1, -1, 2, -1, -1, 2, 2, 2, 1, 2, 1, -2, 1, 2, 1, -2, 1, -2, -1, -1, -1, -1, -2, 1, 1, -2, 1, 2, 1]"
355,dfs_bnb_mpi,167.515,-18,19,41392402,"[-1, -1, 2, 1, 1, 2, 2, -1, -2, -1, 2, -1, -2, -1, -2, 1, -2, -1, -1, 2, 2, 2, 1, 2, 2, 1, 1, -2, -1]"
356,dfs_bnb_mpi,1104.12,-18,19,268259012,"[-1, -1, 2, 1, 2, 2, -1, -2, -1, -2, -1, -2, -2, -1, 2, 2, -1, -2, -2, -2, 1, 1, 1, 1, 1, 2, -1, -1, 2]"
357,dfs_bnb_mpi,1021.29,-18,19,243833600,"[-1, -1, 2, 1, 2, 2, 1, -2, -2, 1, -2, 1, -2, -1, -1, -1, -1, -1, -1, 2, 1, 2, -1, 2, 2, 1, 1, -2, -1]"
358,dfs_bnb_mpi,1098.82,-17,18,245014660,"[-1, -1, 2, 1, 2, 2, 1, -2, -2, 1, -2, 1, 1, -2, -1, -2, -2, -1, 2, 2, -1, -1, -1, -2, 1, 1, -2, -1, -1]"
359,dfs_bnb_mpi,1219.31,-18,19,296046386,"[-1, -1, 2, 1, 2, -1, 2, -1, -2, -1, -1, -2, -2, 1, -2, -1, -2, 1, -2, 1, 2, 1, 1, 2, -1, -1, 2, 2, -1]"
360,dfs_bnb_mpi,721.965,-18,19,163439276,"[-1, -2, 1, 1, 2, 2, -1, 2, 1, 1, -2, 1, -2, -1, -2, 1, -2, -2, -1, 2, -1, -2, -2, -1, -1, 2, 2, 1, -2]"
361,dfs_bnb_mpi,645.775,-19,20,137899174,"[-1, -1, 2, 2, 2, 1, 2, 1, 1, 1, -2, 1, 1, -2, -2, -1, 2, -1, -1, 2, -1, -2, -1, -2, 1, 1, 1, -2, -1]"
362,dfs_bnb_mpi,129.462,-16,16,28928419,"[-1, -1, 2, 2, 2, 2, 2, 2, 1, -2, -2, -2, 1, 2, 2, 1, -2, -2, -2, -1, -1, -2, 1, 1, -2, 1, 2, 2, 2]"
363,dfs_bnb_mpi,379.133,-17,18,91284584,"[-1, -1, 2, 2, 2, 1, 2, -1, 2, 2, 1, -2, 1, -2, -2, -2, -1, -2, 1, 1, 2, 1, 2, -1, 2, 2, 1, -2, 1]"
364,dfs_bnb_mpi,106.639,-18,19,23513956,"[-1, -1, 2, 2, 2, -1, -2, -2, -1, 2, 2, 2, 1, 2, 1, -2, 1, -2, -2, -2, 1, 1, 2, -1, 2, 2, 1, -2, 1]"
365,dfs_bnb_mpi,110.799,-19,20,26899600,"[-1, -1, 2, 2, 1, -2, 1, 2, 2, 1, -2, -2, -2, 1, 2, 2, 2, 1, -2, -2, -2, -2, -1, -2, -1, 2, -1, -1, -1]"
366,dfs_bnb_mpi,1467,-18,19,354014357,"[-1, -1, 2, 2, 2, 2, 1, 2, 2, 1, -2, -2, 1, 2, 2, 1, -2, -2, 1, -2, -1, -1, -2, -1, 2, -1, -2, -2, 1]"
367,dfs_bnb_mpi,163.783,-17,18,37398904,"[-1, -2, 1, 1, 2, 2, -1, 2, 1, 1, -2, 1, -2, -1, -2, -2, -1, -1, -1, -2, 1, 1, 1, 1, 2, 2, 1, 2, 2]"
368,dfs_bnb_mpi,147.596,-19,20,34381550,"[-1, -1, -1, 2, -1, -2, -2, -2, 1, 2, 1, -2, -2, 1, 2, 2, 1, -2, -2, 1, 2, 1, 2, -1, 2, 2, -1, -1, -1]"
369,dfs_bnb_mpi,307.216,-18,19,68821152,"[-1, -1, 2, 1, 2, 2, 1, 1, 1, -2, -1, -1, -2, 1, 1, 1, -2, -2, -1, 2, -1, -2, -1, -2, -1, 2, -1, -2, -1]"
370,dfs_bnb_mpi,2816.59,-18,19,662874215,"[-1, -1, 2, 2, 2, 2, 2, 2, 1, 1, -2, -1, -2, 1, 1, -2, 1, -2, -2, -2, -1, 2, 2, -1, 2, -1, -2, -2, 1]"
371,dfs_bnb_mpi,728.502,-17,18,192843364,"[-1, -1, 2, 2, 2, 2, 1, -2, 1, -2, -1, -2, 1, 1, -2, -2, 1, 2, 2, 1, 2, -1, -1, 2, 1, 2, -1, -1, 2]"
372,dfs_bnb_mpi,1873.75,-18,19,447012309,"[-1, -1, 2, 2, 2, 1, 2, 1, 2, 1, -2, 1, 2, 1, -2, -2, -1, -1, -2, 1, -2, -2, -1, 2, -1, -1, 2, 1, 2]"
373,dfs_bnb_mpi,201.165,-18,19,49124138,"[-1, -1, 2, 2, 1, -2, 1, 2, 2, -1, 2, -1, -2, -1, -2, -2, -2, -2, -2, 1, 2, 1, -2, 1, 2, 1, 2, 2, 2]"
374,dfs_bnb_mpi,111.403,-18,18,25521545,"[-1, -1, 2, 2, 2, 2, 1, 2, 1, 1, -2, -1, -2, -1, -2, -2, 1, 2, 1, 2, 1, 1, -2, -1, -2, -1, -2, 1, 1]"
375,dfs_bnb_mpi,640.165,-17,18,161467930,"[-1, -1, 2, 2, -1, -1, 2, -1, -2, -1, -2, 1, 1, 1, -2, -1, -1, -1, -2, 1, -2, 1, 2, 1, -2, 1, 2, 1, 1]"
376,dfs_bnb_mpi,600.476,-18,19,134929554,"[-1, -1, 2, 2, -1, -1, -1, -2, 1, 1, -2, -2, 1, -2, -1, -1, 2, 2, -1, -2, -2, -1, -1, 2, 1, 2, 2, -1, -2]"
377,dfs_bnb_mpi,189.144,-18,19,48471590,"[-1, -1, 2, 2, 2, 2, 2, 1, 1, 1, -2, -1, -1, -2, -2, -2, 1, 2, 2, 1, 1, 1, -2, -1, -2, -2, -1, 2, 2]"
378,dfs_bnb_mpi,456.874,-17,18,101546084,"[-1, -1, 2, 2, 2, 2, 1, -2, -2, -2, 1, 2, 2, 1, 2, -1, 2, -1, -1, -1, -1, -2, 1, -2, -1, -2, 1, -2, -1]"
379,dfs_bnb_mpi,441.422,-18,19,110921773,"[-1, -1, 2, 2, 2, 1, -2, -2, 1, 2, 2, 1, 1, -2, -1, -2, 1, 1, -2, -1, -2, -2, -1, -1, -1, 2, 1, 1, 2]"
380,dfs_bnb_mpi,956.992,-19,20,217068787,"[-1, -1, 2, 1, 2, 1, 1, 1, -2, 1, 1, -2, -2, -2, -1, 2, 2, -1, -2, -2, -1, -1, -1, 2, 1, 1, 2, 2, -1]"
381,dfs_bnb_mpi,120.964,-18,19,27429455,"[-1, -1, 2, 1, 1, 1, 1, 1, -2, -1, -1, -2, -1, -1, -1, -2, 1, 1, 1, 1, 2, 1, -2, -2, -1, -1, -1, -1, -1]"
382,dfs_bnb_mpi,955.133,-18,19,236769382,"[-1, -1, 2, 1, 2, 1, 1, 1, -2, 1, 1, -2, -1, -1, -2, 1, -2, -1, -1, -1, -1, -1, 2, 1, 1, 1, 2, 2, -1]"
383,dfs_bnb_mpi,48.7811,-19,20,11054130,"[-1, -1, 2, 2, 1, -2, 1, 1, 1, 2, 2, -1, -2, -1, 2, -1, 2, 1, 1, 1, 2, -1, -1, -1, -1, -2, -1, -2, 1]"
384,dfs_bnb_mpi,1576.4,-18,19,366788091,"[-1, -1, 2, -1, -2, -1, -1, -2, 1, 1, 1, 1, 1, -2, -2, -1, -1, -2, -1, 2, -1, -2, -1, 2, 2, 1, 1, 1, 1]"
385,dfs_bnb_mpi,301.92,-17,18,67226033,"[-1, -1, 2, 2, 2, 1, 2, 2, 1, 1, -2, -1, -2, 1, 1, 1, -2, -1, -1, -1, -1, -2, 1, 1, 1, 1, -2, -1, -1]"
386,dfs_bnb_mpi,137.665,-19,20,31798338,"[-1, -1, 2, 2, 2, 2, 1, 1, 1, -2, -1, -1, -2, -2, 1, 2, 1, 1, -2, -1, -2, -2, 1, 2, 1, 2, 2, 2, -1]"
387,dfs_bnb_mpi,1350.89,-17,18,299500804,"[-1, -1, 2, -1, 2, -1, -1, -1, -2, 1, 1, -2, 1, -2, 1, -2, -1, -2, -1, 2, 2, -1, 2, -1, -2, -2, 1, -2, -1]"
388,dfs_bnb_mpi,231.737,-18,19,57103499,"[-1, -1, 2, 2, 1, -2, 1, 2, 2, 1, 1, -2, -1, -2, 1, 1, -2, -1, -1, -2, -2, -1, -1, -1, -1, 2, 1, 1, 1]"
389,dfs_bnb_mpi,1915.64,-17,18,452964555,"[-1, -1, 2, 1, 2, 2, -1, -2, -1, 2, -1, -2, -1, -2, 1, 1, -2, -1, -1, -1, -2, 1, -2, 1, 2, 1, 1, -2, -1]"
390,dfs_bnb_mpi,309.391,-17,18,68593688,"[-1, -1, 2, 2, 1, -2, 1, 2, 2, 2, 2, -1, -1, -2, 1, -2, -1, -1, 2, -1, -2, -2, 1, -2, -1, -1, -2, 1, 1]"
391,dfs_bnb_mpi,1665.88,-19,20,363244955,"[-1, -1, 2, 1, 2, 1, -2, 1, 2, 1, -2, 1, -2, 1, -2, -1, -2, -1, 2, 2, -1, -2, -1, -1, -1, -2, 1, 1, 1]"
392,dfs_bnb_mpi,1204.67,-17,18,288306102,"[-1, -1, 2, 2, 2, 2, 2, 2, -1, -1, 2, -1, -2, -2, 1, 1, -2, -2, -2, -2, -2, -1, 2, 2, -1, 2, 2, 1, -2]"
393,dfs_bnb_mpi,251.378,-17,18,62677346,"[-1, -1, 2, 2, 2, 2, 1, -2, -2, -2, 1, 2, 2, 2, 1, -2, -2, -2, -2, -2, -1, -1, -1, -1, -1, 2, 1, 2, 2]"
394,dfs_bnb_mpi,45.3827,-18,19,10155273,"[-1, -1, 2, 2, 2, 2, 2, 1, -2, -2, 1, 2, 2, 1, -2, -2, -2, -1, -1, -2, 1, 1, 1, 2, 1, 2, -1, 2, 2]"
395,dfs_bnb_mpi,175.326,-17,18,38818293,"[-1, -1, 2, 2, 1, -2, 1, 2, 2, 2, 1, 1, -2, -1, -2, 1, -2, -1, -2, 1, -2, -1, -1, -1, -1, -1, 2, 2, 2]"
396,dfs_bnb_mpi,663.75,-18,19,158556825,"[-1, -1, 2, 2, 2, 2, -1, -2, -2, -1, 2, -1, -2, -2, 1, 1, -2, -1, -1, -2, -2, 1, 2, 1, 1, 1, -2, -1, -1]"
397,dfs_bnb_mpi,575.564,-19,20,139233413,"[-1, -1, 2, -1, -2, -2, -2, 1, -2, -1, -2, 1, -2, 1, 2, 2, 1, -2, -2, 1, 2, 2, 2, 2, -1, -2, -1, 2, -1]"
398,dfs_bnb_mpi,2539.37,-18,19,611352895,"[-1, -1, 2, 2, 2, 2, -1, 2, 1, 1, 1, 1, -2, -1, -1, -2, 1, -2, 1, 2, 1, -2, -2, -2, -1, 2, -1, -1, 2]"
399,dfs_bnb_mpi,944.988,-18,19,255753130,"[-1, -1, 2, 1, 1, 1, -2, 1, -2, -1, -1, -1, -1, -2, 1, 1, -2, -1, -2, 1, -2, 1, 1, 2, 2, 2, -1, -2, -2]"
400,dfs_bnb_mpi,143.288,-18,18,33412489,"[-1, -1, 2, -1, -2, -1, -2, 1, -2, 1, 2, 1, 1, 1, -2, -1, -1, -2, 1, 1, -2, -1, -1, -1, 2, -1, -1, 2, -1]"
401,dfs_bnb_mpi,630.003,-18,19,147389359,"[-1, -1, 2, 1, 2, 1, -2, 1, -2, -2, 1, 1, -2, -2, -2, -1, 2, 2, -1, -2, -2, -1, 2, 2, 2, -1, -1, -2, 1]"
402,dfs_bnb_mpi,99.2747,-18,19,26090870,"[-1, -1, 2, 1, 2, 2, 2, 2, 1, -2, -2, -2, -2, 1, 2, 2, 2, 2, 1, -2, 1, -2, -1, -2, 1, -2, -1, -2, -1]"
403,dfs_bnb_mpi,372.431,-19,20,98219268,"[-1, -1, 2, 2, 1, -2, 1, 1, 1, -2, -1, -2, 1, 1, 2, 2, 2, -1, 2, -1, 2, -1, -1, -1, -2, 1, 1, -2, 1]"
404,dfs_bnb_mpi,648.665,-18,19,164719225,"[-1, -2, 1, 1, -2, -1, -1, -1, -2, 1, 1, 1, -2, -2, -1, 2, -1, -1, -2, 1, -2, 1, 1, 1, 2, 2, 2, 2, 2]"
405,dfs_bnb_mpi,687.197,-18,19,174794550,"[-1, -1, 2, 1, 2, -1, 2, -1, -1, -2, 1, -2, -2, -1, 2, -1, -2, -1, -2, 1, -2, 1, 2, 1, 1, 1, -2, -1, -1]"
406,dfs_bnb_mpi,761.488,-19,20,182555472,"[-1, -1, -1, -1, 2, -1, 2, 1, 1, -2, 1, 2, 2, -1, -1, 2, 1, 1, 1, -2, -2, -2, 1, 2, 2, 1, -2, -2, -2]"
407,dfs_bnb_mpi,1241.8,-18,19,301679886,"[-1, -1, 2, 1, 1, 2, 2, -1, -2, -1, -1, -1, -1, -2, -2, 1, -2, -1, -2, 1, 1, 1, 1, 2, -1, -1, 2, 2, -1]"
408,dfs_bnb_mpi,103.824,-18,19,26247935,"[-1, -1, 2, 1, 2, 2, 1, 1, -2, -1, -2, 1, -2, -2, -1, -1, -1, -1, 2, 2, 2, 1, 2, 2, 2, 1, -2, 1, 2]"
409,dfs_bnb_mpi,131.53,-19,20,34663694,"[-1, -2, -1, 2, 2, -1, -2, -1, 2, 2, -1, -2, -2, -2, 1, 1, -2, 1, 1, 1, 2, 1, 2, 2, -1, -1, 2, -1, -1]"
410,dfs_bnb_mpi,116.336,-19,19,26285544,"[-1, -1, 2, 1, 2, 1, -2, 1, 2, 1, -2, 1, -2, -2, -2, -1, 2, 2, -1, -2, -1, -1, -1, -2, 1, 1, -2, 1, 2]"
411,dfs_bnb_mpi,594.402,-19,20,151592849,"[-1, -2, 1, 1, 2, 2, 1, -2, -2, -2, 1, 2, 2, 2, 1, -2, 1, -2, -1, -2, -2, -1, -1, -1, 2, -1, -1, -2, 1]"
412,dfs_bnb_mpi,106.453,-18,19,26146774,"[-1, -1, 2, 2, 2, 1, 1, 2, 1, -2, -2, -1, -1, -2, 1, 1, 1, 2, 2, 2, 1, -2, 1, -2, -1, -2, -2, -1, -1]"
413,dfs_bnb_mpi,357.276,-19,19,87291095,"[-1, -2, 1, 1, -2, 1, 2, 1, 2, -1, -1, 2, -1, -1, 2, 1, 2, 1, -2, 1, -2, 1, 2, 1, -2, -2, -2, -2, -1]"
414,dfs_bnb_mpi,730.388,-18,19,175989430,"[-1, -1, 2, 2, 2, 2, -1, -2, -2, -1, 2, 2, 2, 1, 1, 1, -2, 1, 1, -2, -1, -1, -2, -2, 1, 2, 1, -2, 1]"
415,dfs_bnb_mpi,1118.33,-18,19,249975394,"[-1, -1, 2, 1, 2, 2, 1, -2, -2, 1, 2, 2, 1, 1, -2, -1, -2, -2, -1, -2, 1, -2, -1, -1, -1, -1, 2, 1, 1]"
416,dfs_bnb_mpi,1451.09,-18,19,325808277,"[-1, -2, 1, 1, 2, 2, 1, -2, -2, 1, 2, 1, -2, -2, -1, -2, 1, -2, -1, -1, -1, 2, 1, 2, -1, -1, -1, -2, 1]"
417,dfs_bnb_mpi,346.221,-18,19,77445931,"[-1, -2, 1, 1, 2, 1, 2, 1, -2, 1, -2, -2, -1, 2, -1, -2, -1, -1, -1, -2, 1, -2, 1, 2, 1, 1, -2, -1, -2]"
418,dfs_bnb_mpi,884.134,-18,19,219746025,"[-1, -1, 2, 2, 2, 2, 1, -2, -2, -2, 1, 1, 2, -1, 2, 2, 2, 1, 2, 1, 1, -2, -2, -2, -1, -1, 2, 1, 2]"
419,dfs_bnb_mpi,4996.02,-17,18,1153079902,"[-1, -1, 2, 2, 2, 2, 2, 1, 1, -2, -1, -2, 1, 1, 2, 1, -2, 1, -2, -2, -1, 2, -1, -1, -1, -2, 1, 1, -2]"
420,dfs_bnb_mpi,1089.41,-18,19,247820602,"[-1, -1, 2, 2, 2, 1, 1, -2, -1, -2, 1, 1, 2, 1, -2, 1, -2, -2, -1, 2, -1, -2, -1, -1, -1, -1, 2, 2, 2]"
421,dfs_bnb_mpi,968.34,-18,19,241655207,"[-1, -1, 2, 2, 2, -1, -2, -2, -2, -1, 2, 2, -1, 2, 1, 2, -1, 2, 1, 1, -2, 1, 1, -2, 1, -2, -1, -2, 1]"
422,dfs_bnb_mpi,4182.55,-17,18,922484913,"[-1, -1, 2, 2, 2, 1, 1, -2, -1, -2, 1, 1, -2, -2, -2, -2, -1, -1, 2, 1, 2, -1, -1, -2, -1, 2, 2, 2, 2]"
423,dfs_bnb_mpi,124.516,-17,18,30981288,"[-1, -1, 2, 2, 2, 2, 1, 1, 1, -2, -1, -1, -2, -2, 1, 2, 1, 1, -2, -1, -2, 1, -2, 1, -2, -1, -1, 2, -1]"
424,dfs_bnb_mpi,120.139,-17,18,31201526,"[-1, -1, 2, 2, 2, 2, 2, 1, -2, -2, -2, -2, 1, 2, 1, -2, -2, 1, 2, 2, 2, 2, -1, -2, -1, 2, 2, 2, 2]"
425,dfs_bnb_mpi,40.7792,-18,19,9103697,"[-1, -1, 2, 2, 2, 2, 1, 2, 1, 1, -2, -1, -2, -1, -2, -2, 1, 2, 1, 2, 1, 2, 1, -2, -2, -1, -2, -1, -2]"
426,dfs_bnb_mpi,2932.7,-18,19,729664410,"[-1, -1, 2, -1, -2, -1, -2, 1, 1, 1, 1, 1, 2, 1, -2, -2, -2, -1, -1, -2, -1, 2, -1, -1, 2, 1, 1, 1, 1]"
427,dfs_bnb_mpi,249.407,-18,19,60493380,"[-1, -1, 2, 2, 2, 1, -2, -2, 1, 1, -2, 1, 2, 2, 1, 2, -1, 2, -1, -2, -2, -1, 2, 2, 2, -1, -2, -1, 2]"
428,dfs_bnb_mpi,149.572,-18,19,33932999,"[-1, -2, 1, 1, 2, 2, 1, -2, 1, -2, -1, -2, 1, 1, -2, -2, -1, 2, -1, -1, 2, -1, -1, -2, 1, -2, 1, 1, -2]"
429,dfs_bnb_mpi,901.873,-19,20,214206941,"[-1, -2, -1, 2, 2, 2, -1, -2, -2, -2, -1, 2, -1, 2, 1, 2, 2, 1, 2, 1, -2, 1, -2, -2, 1, 2, 2, 2, -1]"
430,dfs_bnb_mpi,1408.83,-18,19,354820774,"[-1, -2, 1, 1, 2, 2, 1, 1, 1, -2, -2, -2, -2, -1, 2, 2, 2, -1, -2, -2, -2, -1, -2, -1, 2, -1, 2, 1, 1]"
431,dfs_bnb_mpi,2767.45,-18,19,663125995,"[-1, -2, 1, 1, 2, 1, 1, 1, -2, -1, -2, 1, 1, -2, -2, -1, 2, -1, -2, -1, -1, -1, 2, 2, 1, -2, 1, 2, 2]"
432,dfs_bnb_mpi,2986.25,-18,19,710418786,"[-1, -1, 2, -1, -1, -1, -2, -2, -2, 1, 1, 1, -2, -1, -1, -2, 1, -2, 1, 2, 1, 2, 2, 2, -1, -1, 2, -1, -2]"
433,dfs_bnb_mpi,1855.52,-18,19,436069037,"[-1, -1, 2, 2, 1, -2, 1, 1, -2, 1, 2, 2, 2, 2, 1, 2, -1, -1, -1, -2, -1, -1, -2, 1, 1, -2, 1, 2, 2]"
434,dfs_bnb_mpi,1219.8,-18,19,284905120,"[-1, -1, 2, 2, 2, 1, 1, 2, -1, -1, 2, 1, 2, 1, -2, 1, -2, 1, -2, -1, -2, -1, -1, -2, 1, 1, 1, -2, -1]"
435,dfs_bnb_mpi,633.242,-19,20,159103557,"[-1, -1, 2, 1, 2, 2, 1, -2, -2, 1, -2, -2, -2, -1, 2, -1, -2, -1, 2, -1, 2, 2, -1, 2, 2, 1, 1, -2, -1]"
436,dfs_bnb_mpi,34.4082,-18,19,8204711,"[-1, -1, 2, 2, -1, -1, -1, -2, 1, 1, -2, -1, -1, -2, 1, 1, -2, 1, 2, 1, -2, 1, 2, 1, 2, 2, -1, -1, 2]"
437,dfs_bnb_mpi,470.705,-19,20,118494300,"[-1, -1, 2, 1, 2, 2, -1, -2, -1, -2, -2, -2, 1, 1, 1, 1, 2, 1, 1, 2, -1, -1, -1, 2, 2, 1, 1, -2, -1]"
438,dfs_bnb_mpi,465.349,-17,18,102693046,"[-1, -1, 2, 2, 2, -1, -2, -2, -1, 2, 2, 2, 2, 1, -2, 1, 2, 1, -2, -2, -2, -2, 1, 2, 1, 2, -1, 2, 2]"
439,dfs_bnb_mpi,178.514,-18,18,44040376,"[-1, -1, 2, 2, 2, 1, 1, 1, -2, -1, -1, -2, 1, 1, -2, -2, -2, -1, 2, -1, -1, -1, -1, 2, 1, 2, 2, -1, -2]"
440,dfs_bnb_mpi,115.443,-18,18,25622734,"[-1, -1, 2, -1, -2, -2, 1, 1, -2, -1, -1, -1, -1, -1, 2, 2, 1, -2, 1, 2, 2, -1, 2, 1, 1, 1, 1, -2, 1]"
441,dfs_bnb_mpi,519.787,-17,18,119861936,"[-1, -1, 2, 2, 1, -2, 1, 2, 1, -2, 1, -2, -1, -2, -1, -2, -1, 2, -1, -2, -1, -1, 2, 1, 2, 2, -1, -2, -1]"
442,dfs_bnb_mpi,705.905,-18,19,179398860,"[-1, -1, 2, 2, 2, 2, 1, 2, 2, 1, -2, -2, -2, -1, -2, -2, 1, 2, 1, -2, 1, 2, 2, -1, 2, 1, 2, -1, 2]"
443,dfs_bnb_mpi,598.673,-18,19,153248146,"[-1, -1, 2, 1, 2, 2, 1, -2, -2, 1, 1, -2, -1, -2, -1, -1, -2, 1, -2, -1, -1, 2, 2, -1, 2, 2, 2, 1, 2]"
444,dfs_bnb_mpi,95.3682,-18,18,23689644,"[-1, -1, 2, 2, 2, 1, 1, 1, -2, -1, -1, -2, 1, 1, -2, 1, -2, -1, -1, -1, -1, -1, 2, 2, -1, 2, 1, 2, 2]"
445,dfs_bnb_mpi,530.86,-18,19,123610597,"[-1, -1, 2, 2, 2, 1, 1, 1, 2, 1, 1, -2, -1, -2, -1, -1, -1, -2, 1, 1, -2, -2, -1, -1, -1, -1, 2, 2, 2]"
446,dfs_bnb_mpi,2727.37,-18,19,672325739,"[-1, -1, 2, 1, 2, 1, -2, 1, -2, 1, 2, 1, 2, 2, 2, 2, -1, -1, -1, -2, -1, -2, 1, 1, 2, 1, -2, -2, -1]"
447,dfs_bnb_mpi,743.921,-18,19,178826689,"[-1, -1, 2, 1, 2, 2, -1, -2, -1, -2, -1, -1, -1, -2, 1, 1, 1, -2, 1, 1, -2, -1, -1, -1, -1, -1, 2, 1, 1]"
448,dfs_bnb_mpi,793.639,-19,20,197969795,"[-1, -2, -1, -1, 2, 1, 2, 2, 1, -2, 1, 1, -2, -2, -1, -2, 1, -2, -1, -2, -1, 2, 2, -1, -1, -2, -2, 1, 2]"
449,dfs_bnb_mpi,181.636,-18,19,42334809,"[-1, -1, 2, 1, 2, -1, 2, 1, 1, 1, -2, -1, -2, 1, 1, 2, 1, 2, -1, 2, -1, -1, 2, 1, 2, 1, -2, 1, -2]"
450,dfs_bnb_mpi,1084.71,-19,20,247042793,"[-1, -2, 1, 1, 2, 1, 1, 2, 1, 2, -1, 2, 2, -1, -1, -2, 1, -2, -1, -1, 2, 2, -1, -2, -2, -2, 1, 1, 1]"
451,dfs_bnb_mpi,428.909,-18,19,96766985,"[-1, -1, 2, 2, 2, 1, 1, 2, -1, 2, 1, 1, -2, -2, 1, 1, -2, -1, -1, -1, -1, -2, 1, 1, 1, -2, -1, -2, -1]"
452,dfs_bnb_mpi,3049.91,-19,20,704963778,"[-1, -2, -1, -2, 1, 1, 2, 1, 1, 2, -1, 2, 1, 1, -2, -2, -2, -1, -2, -2, -1, -1, -1, -1, 2, 1, 1, 1, 2]"
453,dfs_bnb_mpi,312.398,-18,19,68972882,"[-1, -1, 2, -1, 2, -1, 2, 2, 2, 1, 1, -2, -1, -2, 1, -2, 1, -2, 1, 2, 2, -1, 2, 2, 2, 1, -2, -2, 1]"
454,dfs_bnb_mpi,153.109,-18,19,38850027,"[-1, -1, 2, 2, 2, 1, -2, -2, 1, 2, 1, 2, -1, 2, -1, -1, -1, -2, -1, 2, -1, -2, -2, 1, -2, -2, 1, 2, 2]"
455,dfs_bnb_mpi,1482.08,-18,19,371265806,"[-1, -2, 1, 1, 2, 2, -1, 2, 1, 2, 1, 1, -2, -1, -2, 1, -2, -1, -2, 1, -2, -1, -2, -1, 2, -1, -1, -2, 1]"
456,dfs_bnb_mpi,445.15,-18,19,99195900,"[-1, -1, 2, 2, 2, 1, 2, 2, 1, -2, 1, -2, -1, -2, -1, -2, 1, 1, 2, 1, -2, -2, -1, -2, -2, -1, -1, 2, 1]"
457,dfs_bnb_mpi,2929.9,-18,19,740568934,"[-1, -2, -2, -1, -2, -1, 2, 2, 2, 2, -1, -2, -2, -2, -1, 2, 2, 2, 2, 1, 1, 2, 1, -2, 1, -2, -1, -2, -2]"
458,dfs_bnb_mpi,455.739,-18,19,102078248,"[-1, -2, -1, -2, 1, 1, 2, 1, 2, 2, 1, -2, -2, 1, -2, -2, -1, 2, -1, -2, -1, -1, -1, -2, 1, 1, 1, 1, 1]"
459,dfs_bnb_mpi,593.754,-18,19,154136127,"[-1, -1, 2, 2, 2, 2, 1, -2, 1, -2, -1, -2, 1, 1, 2, 2, 1, -2, -2, 1, -2, -1, -1, -2, -1, -1, -2, 1, 1]"
460,dfs_bnb_mpi,3206.95,-17,18,815833757,"[-1, -1, 2, 2, 2, 2, 2, 2, -1, -1, -2, 1, -2, -1, -1, -2, -2, 1, -2, -1, -1, -2, 1, 1, 1, 2, 2, 2, -1]"
461,dfs_bnb_mpi,334.432,-18,18,86759056,"[-1, -1, 2, 2, 2, -1, -2, -2, -2, -2, 1, 1, 1, 1, 2, 1, 2, 2, 2, -1, -1, -2, 1, -2, -1, -1, 2, 2, 2]"
462,dfs_bnb_mpi,142.623,-18,19,35442170,"[-1, -1, -1, 2, 1, 1, 1, 1, -2, -2, -1, -1, -1, -1, -2, 1, -2, 1, 2, 1, -2, -2, 1, 2, 2, 1, 2, 2, 2]"
463,dfs_bnb_mpi,1120.91,-18,19,246579191,"[-1, -1, 2, 2, -1, -1, -1, -2, -1, -1, -2, 1, 1, -2, -1, -2, 1, 1, 2, 2, 2, 1, -2, -2, 1, 1, -2, -1, -1]"
464,dfs_bnb_mpi,330.895,-18,19,88910318,"[-1, -1, 2, 1, 1, 2, 2, -1, -2, -1, -1, -2, -2, -1, -1, 2, 2, 2, 2, 1, 1, 2, 1, -2, -2, -1, -1, -2, -2]"
465,dfs_bnb_mpi,348.24,-19,19,89167937,"[-1, -1, 2, -1, -2, -2, 1, 1, -2, -1, -1, -2, 1, -2, 1, 2, 1, -2, 1, 2, 1, 2, -1, -1, 2, 1, 2, 1, -2]"
466,dfs_bnb_mpi,215.599,-18,19,51043210,"[-1, -1, 2, 2, 1, -2, 1, 1, -2, -2, -1, -1, -1, -1, 2, 2, 2, 2, 2, 1, 1, 1, 1, -2, -2, -1, 2, -1, -1]"
467,dfs_bnb_mpi,444.084,-18,19,100127047,"[-1, -1, 2, 1, 1, 1, -2, -2, -2, -2, -1, -2, -1, 2, 2, 1, 2, -1, -1, -2, -2, -2, -1, 2, -1, 2, 1, 2, 2]"
468,dfs_bnb_mpi,848.261,-18,19,212205717,"[-1, -1, 2, 2, 2, 2, -1, 2, 1, 1, 2, 1, -2, 1, -2, -1, -1, -2, 1, 1, 1, -2, -2, -1, 2, -1, -1, -2, 1]"
469,dfs_bnb_mpi,377.623,-18,19,97961773,"[-1, -1, 2, 1, 2, 2, -1, -2, -1, 2, -1, -2, -2, 1, -2, -1, -1, -2, 1, 1, 1, 1, 1, 1, 2, 2, 2, -1, -2]"
470,dfs_bnb_mpi,270.613,-18,19,67128318,"[-1, -2, 1, 1, 1, 1, 1, 2, -1, -1, -1, 2, -1, 2, 1, 1, -2, 1, 1, 1, -2, -2, -2, -1, -1, -1, -1, -1, -1]"
471,dfs_bnb_mpi,1535.21,-19,20,351765601,"[-1, -2, 1, 1, 2, 1, -2, -2, 1, -2, -1, -2, 1, -2, -1, -1, -1, -1, 2, 1, 2, -1, -1, 2, 1, 1, 1, -2, -2]"
472,dfs_bnb_mpi,541.257,-18,19,122358275,"[-1, -1, -1, 2, -1, -2, -1, -2, 1, 1, 1, 1, 1, -2, -2, -1, 2, -1, -2, -1, 2, -1, -1, -2, 1, -2, 1, 1, 1]"
473,dfs_bnb_mpi,48.8772,-18,19,11403568,"[-1, -1, 2, 2, 2, 1, -2, -2, 1, 2, 2, 1, -2, -2, -2, -2, -1, -1, -1, -2, 1, 1, 1, 1, 2, 2, 2, 2, 2]"
474,dfs_bnb_mpi,407.036,-17,18,92728424,"[-1, -1, 2, 1, 2, -1, 2, -1, -1, -2, 1, -2, -1, -1, -2, -1, -2, 1, 1, 2, 1, -2, 1, 1, -2, -1, -1, -1, -1]"
475,dfs_bnb_mpi,330.243,-17,18,82687033,"[-1, -1, 2, 2, 1, -2, 1, 2, 1, 1, -2, -1, -2, 1, -2, -2, -2, -1, -1, -1, 2, 1, 1, 2, -1, -1, -1, -1, 2]"
476,dfs_bnb_mpi,308.173,-19,20,77415145,"[-1, -2, -2, 1, -2, -1, -2, 1, -2, 1, 2, 2, 2, 1, -2, -2, -2, 1, 2, 2, 1, 2, -1, 2, -1, 2, -1, -2, -1]"
477,dfs_bnb_mpi,1926.31,-19,20,489336185,"[-1, -2, -2, -2, -1, -2, 1, 1, 1, 1, 1, 2, -1, 2, 1, 2, -1, 2, 1, 2, -1, -1, -2, -2, -1, -2, 1, -2, -1]"
478,dfs_bnb_mpi,462.525,-18,19,108522449,"[-1, -1, 2, 1, 2, -1, 2, -1, -1, -1, -1, -2, 1, -2, -1, -2, 1, -2, 1, 2, 2, 2, 1, -2, -2, -2, -2, 1, 2]"
479,dfs_bnb_mpi,2045.05,-18,19,521389145,"[-1, -1, 2, 2, 2, -1, -2, -2, -2, -2, 1, 1, 1, 1, 1, 2, -1, 2, 1, 2, 2, -1, -1, -1, -2, -2, 1, 2, 1]"
480,dfs_bnb_mpi,3375.24,-17,18,855151675,"[-1, -1, 2, 2, 2, 2, 2, 1, -2, -2, 1, 2, 2, 1, -2, -2, 1, -2, -2, -2, -2, -1, 2, 2, 2, -1, -1, -2, 1]"
481,dfs_bnb_mpi,422.534,-18,19,100135651,"[-1, -1, 2, 2, 2, 1, -2, -2, 1, 2, 1, 1, 2, 1, -2, -2, -2, -2, -1, 2, 2, -1, -2, -2, -2, -1, 2, -1, -1]"
482,dfs_bnb_mpi,75.6735,-19,20,19245983,"[-1, -2, 1, 1, 1, -2, -1, -2, -1, 2, -1, -2, -1, 2, 2, 2, 2, 1, 1, 1, -2, 1, 1, -2, -2, -2, -2, -1, 2]"
483,dfs_bnb_mpi,297.669,-19,20,66712518,"[-1, -1, 2, 2, -1, -2, -2, -2, 1, -2, -2, 1, 1, 1, 2, -1, -1, 2, 1, 1, 2, 2, 2, 2, -1, -2, -1, -2, 1]"
484,dfs_bnb_mpi,90.0117,-18,18,21999064,"[-1, -1, 2, 2, 2, 1, -2, -2, 1, 2, 1, 2, -1, 2, -1, -1, -1, -1, -2, 1, -2, -1, -1, -2, 1, 1, -2, -1, -1]"
485,dfs_bnb_mpi,596.353,-18,19,139270029,"[-1, -1, 2, 2, 1, -2, 1, 2, 1, -2, 1, 1, -2, -2, -1, 2, -1, -2, -1, -1, -1, -2, 1, 1, -2, 1, 2, 1, -2]"
486,dfs_bnb_mpi,423.176,-18,19,93899080,"[-1, -1, 2, 2, 2, 1, 2, 1, 1, 2, 1, -2, 1, -2, -1, -1, -1, -2, -1, -2, 1, 1, 2, 1, 1, -2, -1, -2, -1]"
487,dfs_bnb_mpi,970.701,-17,18,229429884,"[-1, -1, 2, 2, 2, -1, -1, 2, 1, 1, 2, -1, 2, 1, 1, -2, -2, 1, 1, -2, -1, -1, -2, -2, 1, 2, 1, -2, 1]"
488,dfs_bnb_mpi,753.224,-18,19,180282817,"[-1, -1, 2, 2, 2, 2, 1, -2, -2, -2, 1, 2, 2, 1, 2, -1, 2, -1, -1, -1, -1, -2, -2, -2, -2, 1, 2, 2, 2]"
489,dfs_bnb_mpi,330.711,-17,18,73936185,"[-1, -1, 2, 2, 2, 2, 2, 1, 2, 1, -2, -2, -1, -2, 1, 1, -2, -1, -1, -2, 1, 1, 1, 2, 1, 2, -1, 2, -1]"
490,dfs_bnb_mpi,453.544,-18,19,107114046,"[-1, -1, 2, 2, 1, -2, 1, 2, 2, 1, -2, 1, 2, 1, -2, -2, 1, -2, -1, -1, 2, -1, -2, -2, -1, -1, -2, -1, 2]"
491,dfs_bnb_mpi,1258.85,-18,19,280033926,"[-1, -1, 2, 2, 2, 1, 1, 2, 1, 2, 1, -2, 1, -2, -1, -1, -2, -1, -1, -2, 1, 1, -2, 1, 1, 2, 2, -1, -2]"
492,dfs_bnb_mpi,416.568,-18,19,92532500,"[-1, -1, 2, 2, 2, 2, 2, 1, 1, 2, 1, -2, 1, -2, -1, -1, -1, -2, -2, -2, 1, 2, 2, 1, -2, 1, -2, -1, -2]"
493,dfs_bnb_mpi,2763.87,-18,19,609593722,"[-1, -1, 2, 1, 2, -1, 2, 1, 2, 2, 1, -2, 1, 1, 1, -2, -2, -2, -1, -2, -1, 2, 2, 1, 2, -1, -1, -2, -2]"
494,dfs_bnb_mpi,261.833,-19,20,60341019,"[-1, -1, 2, 2, 2, 2, 1, -2, -2, -2, 1, 1, -2, -2, 1, 2, 1, 2, -1, 2, -1, -1, 2, 2, 1, -2, 1, 1, -2]"
495,dfs_bnb_mpi,1781.89,-17,18,432268451,"[-1, -1, 2, 2, -1, -1, -1, -2, 1, 1, -2, -2, -1, 2, -1, -2, -2, -1, 2, -1, 2, 1, 2, -1, 2, 1, 2, 1, 1]"
496,dfs_bnb_mpi,82.9074,-17,17,19174904,"[-1, -1, 2, 1, 2, 2, 2, 1, 1, 1, -2, 1, -2, -1, -1, 2, -1, -2, -2, 1, -2, -2, 1, 2, 2, 1, 1, 2, 2]"
497,dfs_bnb_mpi,2939.43,-18,19,660782338,"[-1, -1, 2, 2, 2, 2, 1, -2, 1, 2, 1, -2, 1, 2, 1, -2, -2, -2, -2, -1, 2, 2, -1, -1, -1, -2, 1, 1, -2]"
498,dfs_bnb_mpi,271.278,-18,19,65673234,"[-1, -1, 2, 2, 2, 1, 1, 1, -2, -1, -1, -2, 1, 1, 1, -2, -1, -2, 1, -2, -1, -1, -1, -1, -1, 2, 1, 1, 1]"
499,dfs_bnb_mpi,5811.93,-17,18,1370255089,"[-1, -1, -1, 2, 1, 2, 2, 2, 2, 1, 1, 1, 1, -2, -1, -1, -2, 1, 1, -2, -2, -1, 2, -1, -2, -1, 2, 2, 2]"
500,dfs_bnb_mpi,1104.73,-19,20,276577719,"[-1, -2, 1, 1, 2, 1, -2, -2, -1, -1, -1, -1, -2, 1, 1, 1, 1, -2, -2, -2, -1, -1, -1, 2, 2, 1, 1, -2, -1]"
501,dfs_bnb_mpi,833.351,-19,20,195145685,"[-1, -1, 2, 2, 2, -1, 2, 1, 1, -2, 1, 2, 2, 1, 1, -2, -1, -2, 1, -2, -2, -2, -1, 2, 2, -1, -1, -2, 1]"
502,dfs_bnb_mpi,567.662,-19,19,144336666,"[-1, -2, 1, 1, 2, 2, -1, 2, 1, 2, 1, -2, -2, 1, -2, -1, -2, 1, 1, 2, 1, 2, -1, 2, -1, 2, 1, 1, -2]"
503,dfs_bnb_mpi,309.434,-18,19,78815015,"[-1, -1, 2, -1, 2, 2, 2, 2, 1, -2, 1, -2, -1, -2, 1, -2, 1, 2, 1, 1, 2, -1, -1, 2, 1, 2, -1, -1, 2]"
504,dfs_bnb_mpi,6713.62,-17,18,1486252441,"[-1, -2, 1, 1, 2, 2, 1, -2, -2, 1, 1, -2, -1, -1, -1, -1, -1, -2, -2, 1, 2, 1, 1, 1, 1, -2, -1, -1, -1]"
505,dfs_bnb_mpi,598.522,-18,19,139850172,"[-1, -1, 2, 2, 1, -2, 1, 2, 1, -2, 1, 2, 2, -1, -1, 2, -1, -2, -1, 2, -1, -1, -2, 1, -2, -1, -2, 1, -2]"
506,dfs_bnb_mpi,831.978,-19,20,190350809,"[-1, -1, 2, 2, 1, -2, 1, 2, 1, -2, 1, 1, 1, -2, -2, -2, -1, 2, -1, -2, -1, -1, -1, 2, 1, 1, 2, 1, 1]"
507,dfs_bnb_mpi,2236.08,-18,19,573564168,"[-1, -2, 1, 1, 2, 2, 2, 1, 1, -2, 1, -2, -1, -2, -2, -2, -1, -1, -1, -1, -1, 2, 1, 1, 1, 1, 2, 2, 2]"
508,dfs_bnb_mpi,1252.16,-19,20,300760745,"[-1, -2, 1, 1, 2, 2, 2, 1, 2, -1, 2, -1, -1, -2, -2, -1, 2, -1, -2, -2, -2, -2, 1, 2, 2, 1, 1, 2, 2]"
509,dfs_bnb_mpi,119.228,-18,19,29904381,"[-1, -1, 2, 1, 1, 1, 1, 1, -2, -1, -1, -2, 1, 1, -2, -1, -1, -2, -1, -1, -1, 2, 1, 1, 2, -1, -1, -1, 2]"
510,dfs_bnb_mpi,1108.48,-17,18,268739888,"[-1, -1, 2, 2, 2, 2, 1, -2, 1, 2, 1, -2, 1, 1, -2, -1, -1, -1, -1, -2, 1, 1, 1, -2, -1, -2, -1, -1, -1]"
511,dfs_bnb_mpi,607.131,-17,18,142993190,"[-1, -1, 2, 2, 2, -1, -2, -1, 2, 2, -1, -2, -2, -1, 2, 2, -1, -2, -2, -2, 1, -2, 1, 2, 1, 1, -2, -1, -2]"
512,dfs_bnb_mpi,1337.07,-16,17,317075410,"[-1, -1, 2, 2, 2, 2, 2, 2, 1, 2, 1, -2, 1, -2, -1, -1, -2, -2, -2, -2, 1, 1, 2, -1, 2, 2, 1, -2, 1]"
513,dfs_bnb_mpi,631.004,-18,19,156551189,"[-1, -1, 2, 2, -1, -1, -2, 1, -2, -1, -2, 1, -2, 1, 2, 1, 1, 1, 2, 2, 1, 2, -1, 2, -1, -2, -1, -2, 1]"
514,dfs_bnb_mpi,175.732,-17,18,39261490,"[-1, -1, 2, 2, 2, 1, 1, -2, -1, -2, 1, 1, 2, 1, -2, -2, -1, -2, 1, -2, -1, -1, 2, -1, -1, -2, 1, -2, 1]"
515,dfs_bnb_mpi,280.757,-18,19,67118667,"[-1, -1, -1, 2, 2, 1, -2, 1, 2, 1, -2, 1, 1, -2, -1, -2, 1, -2, -1, -1, 2, -1, -1, -1, -2, 1, 1, -2, 1]"
516,dfs_bnb_mpi,261.499,-18,19,62934393,"[-1, -1, 2, -1, 2, 2, 2, 1, 2, 1, -2, -2, -1, -2, 1, -2, 1, 1, 2, -1, 2, 2, 2, 1, 1, -2, -1, -2, 1]"
517,dfs_bnb_mpi,309.004,-18,19,82055738,"[-1, -1, 2, 2, 1, -2, 1, 2, 2, -1, 2, 2, -1, -2, -2, -1, -2, -2, -2, -1, -1, 2, 1, 2, 2, 2, 2, 1, -2]"
518,dfs_bnb_mpi,2519.8,-18,19,616204731,"[-1, -1, 2, 2, 1, -2, 1, 2, 2, 2, 1, 1, 2, 1, -2, -2, 1, -2, -1, -2, -2, -1, 2, 2, 2, -1, -2, -2, -2]"
519,dfs_bnb_mpi,1926.36,-18,19,449117407,"[-1, -2, 1, 1, 2, 2, 1, 1, -2, -1, -2, 1, -2, -2, -2, -2, -1, 2, -1, 2, -1, -2, -1, 2, 2, 1, 1, 1, -2]"
520,dfs_bnb_mpi,1612.26,-18,19,396969916,"[-1, -1, 2, 2, 2, 1, 1, 1, -2, -1, -1, -2, 1, 1, -2, 1, 2, 1, 2, -1, 2, 2, 2, -1, -1, -1, -2, 1, 1]"
521,dfs_bnb_mpi,149.462,-19,20,38674589,"[-1, -1, 2, 2, 2, 1, 1, 1, -2, -1, -1, -2, 1, 1, -2, 1, 2, 2, 1, 2, -1, 2, 2, -1, -2, -1, 2, -1, -2]"
522,dfs_bnb_mpi,2992.14,-18,19,714773230,"[-1, -1, 2, 2, 2, 2, 2, 1, 1, -2, -1, -2, 1, 1, 2, 2, 1, -2, 1, -2, -1, -2, -1, -1, -1, -2, 1, 1, 1]"
523,dfs_bnb_mpi,1108.15,-18,18,245508573,"[-1, -1, 2, 2, 2, 2, 2, 2, 1, 1, 1, -2, 1, -2, -2, -1, 2, -1, 2, -1, -2, -2, 1, -2, -1, -2, 1, 1, 2]"
524,dfs_bnb_mpi,221.897,-18,19,53340828,"[-1, -2, 1, 1, 2, 2, 2, 1, -2, 1, 2, 1, -2, -2, -1, -1, -2, 1, -2, -2, -1, 2, -1, -1, -1, -2, 1, 1, -2]"
525,dfs_bnb_mpi,378.534,-18,18,94758898,"[-1, -1, 2, 1, 1, 1, -2, 1, -2, -1, -1, -2, -1, 2, -1, -2, -2, 1, 1, 1, 2, 1, 1, 1, 2, -1, 2, 2, -1]"
526,dfs_bnb_mpi,71.9234,-18,19,17422687,"[-1, -1, 2, 2, 2, 1, 2, 1, -2, -2, -1, -2, 1, 1, 2, 2, 2, 2, 2, -1, -2, -1, -1, -2, -1, -2, -2, -2, -1]"
527,dfs_bnb_mpi,774.901,-19,20,173597096,"[-1, -1, 2, 2, 2, 1, 1, -2, 1, 2, 2, 1, 1, 1, -2, -2, -2, -1, 2, 2, -1, -2, -2, -2, -1, 2, -1, -1, 2]"
528,dfs_bnb_mpi,4682.85,-18,19,1039585306,"[-1, -2, -1, -1, -2, 1, 1, 1, -2, -1, -1, -1, -2, 1, 1, 1, 1, -2, 1, 2, 2, -1, 2, 1, 2, 2, -1, -2, -1]"
529,dfs_bnb_mpi,357.661,-19,20,83232015,"[-1, -1, 2, 1, 1, 2, -1, -1, -1, -2, -2, -1, -1, -2, -2, 1, 2, 1, 1, 1, 1, -2, -1, -2, -1, 2, -1, -2, -1]"
530,dfs_bnb_mpi,418.104,-18,19,98624848,"[-1, -1, 2, 2, 2, 1, 2, -1, -1, -2, -2, -2, -2, -2, 1, 1, 1, 1, 2, 2, -1, -1, 2, 1, 2, 2, 1, -2, -2]"
531,dfs_bnb_mpi,184.119,-19,20,48186354,"[-1, -1, 2, 1, 1, 2, -1, -1, -1, -1, -1, -2, 1, 1, -2, -1, -1, -2, 1, 1, -2, 1, -2, 1, 2, 1, 2, -1, -1]"
532,dfs_bnb_mpi,517.304,-19,20,126925191,"[-1, -1, 2, 1, 1, 1, -2, -2, 1, 2, 2, 1, 2, 2, 2, -1, -1, -2, -1, 2, -1, -2, -1, -2, 1, 1, 1, 1, 2]"
533,dfs_bnb_mpi,756.85,-18,19,202230304,"[-1, -1, 2, 2, 2, 2, 1, -2, 1, -2, -1, -2, 1, 1, 2, 2, 2, -1, 2, 1, 1, -2, 1, -2, -1, -2, -2, -2, -1]"
534,dfs_bnb_mpi,555.606,-18,19,128121391,"[-1, -1, 2, 2, 2, -1, -2, -1, -1, -2, -1, -2, 1, 1, 2, 1, -2, -2, -1, -1, -1, -2, 1, 1, 1, 1, 1, 2, -1]"
535,dfs_bnb_mpi,580.661,-18,19,132972000,"[-1, -1, 2, 1, 2, 1, -2, 1, 1, 2, -1, 2, 1, 2, 2, -1, -2, -1, 2, -1, -2, -1, -1, -2, -2, 1, 2, 1, 1]"
536,dfs_bnb_mpi,1045.26,-18,19,232700953,"[-1, -1, 2, 1, 1, 1, 2, -1, 2, 1, 1, -2, -2, 1, -2, -2, -2, -1, 2, 2, -1, -2, -2, -1, 2, -1, -1, -2, 1]"
537,dfs_bnb_mpi,465.985,-18,19,103981826,"[-1, -1, 2, 1, 2, -1, 2, -1, -1, -1, -1, -2, 1, -2, -1, -2, 1, 1, 2, 2, 1, -2, -2, -2, 1, -2, -1, -1, 2]"
538,dfs_bnb_mpi,1228.87,-19,20,297548885,"[-1, -2, -2, -1, -2, 1, 1, 2, 1, -2, 1, -2, -1, -1, -1, -2, 1, 1, 1, 1, 2, 2, 2, -1, 2, 2, -1, -2, -1]"
539,dfs_bnb_mpi,252.948,-17,18,61912287,"[-1, -1, 2, 2, 2, -1, -1, -1, -2, 1, 1, -2, -1, -2, 1, -2, 1, 1, -2, -1, -1, -1, 2, -1, -1, 2, 2, 1, -2]"
540,dfs_bnb_mpi,968.339,-18,19,238129013,"[-1, -1, 2, 2, 2, -1, -1, 2, 1, 1, 1, -2, -2, -2, 1, 2, 1, -2, -2, -2, -1, -1, -1, -1, 2, 2, 2, -1, -2]"
541,dfs_bnb_mpi,1596.79,-19,19,391692470,"[-1, -1, 2, 2, 2, 2, 1, 1, 2, 1, 1, -2, -1, -2, 1, -2, 1, -2, -1, -2, -1, 2, 2, -1, 2, -1, -2, -2, 1]"
542,dfs_bnb_mpi,261.537,-18,19,58653679,"[-1, -1, 2, 2, 2, 2, 1, -2, 1, 2, 1, 1, 1, -2, -1, -1, -2, -1, -1, -2, 1, 1, -2, 1, 2, 2, 1, -2, 1]"
543,dfs_bnb_mpi,748.457,-19,20,191733145,"[-1, -2, 1, 1, -2, -1, -2, 1, -2, -1, -1, 2, 2, -1, 2, 2, -1, -2, -1, -2, 1, -2, 1, -2, -1, -2, 1, 1, 1]"
544,dfs_bnb_mpi,2731.19,-18,19,614036555,"[-1, -1, 2, -1, -2, -2, 1, 1, 1, 1, 1, 2, 2, 2, 2, -1, -1, 2, -1, -2, -1, -2, 1, -2, 1, 2, 1, -2, -2]"
545,dfs_bnb_mpi,757.847,-19,20,184635641,"[-1, -2, -1, -2, 1, -2, 1, 2, 2, 1, 1, -2, -1, -2, 1, 1, 1, 2, -1, 2, 1, 2, -1, 2, -1, -2, -1, 2, -1]"
546,dfs_bnb_mpi,2521.34,-18,19,558427202,"[-1, -1, 2, 2, 2, 1, 1, 1, 1, 1, 1, -2, -2, -1, -2, -2, -1, -1, 2, 1, 2, -1, -1, -1, 2, 1, 1, 1, 1]"
547,dfs_bnb_mpi,904.45,-19,20,206821948,"[-1, -2, 1, 1, 2, 1, -2, 1, 2, 1, -2, -2, -1, -1, -2, 1, 1, -2, -1, -1, -1, 2, -1, -2, -1, 2, 2, 1, 1]"
548,dfs_bnb_mpi,538.855,-16,17,148501813,"[-1, -1, 2, 2, 2, 2, 2, 2, 1, -2, -2, -2, 1, -2, -1, -2, 1, 1, 2, 2, 1, 2, 2, -1, -2, -1, 2, 2, 2]"
549,dfs_bnb_mpi,173.063,-18,19,39273880,"[-1, -1, 2, 2, 2, 2, 1, -2, 1, 2, 1, -2, 1, -2, -1, -1, -1, -2, 1, 1, 1, -2, -1, -2, -1, -2, -1, 2, -1]"
550,dfs_bnb_mpi,889.049,-19,20,208328165,"[-1, -1, 2, 1, 1, 1, 1, -2, -1, -2, 1, 1, -2, -1, -2, -1, 2, -1, 2, -1, -1, -1, -2, -2, 1, 2, 1, -2, 1]"
551,dfs_bnb_mpi,121.113,-18,18,30711536,"[-1, -1, 2, 2, 2, 2, 1, -2, -2, -2, 1, 2, 2, 2, 1, 2, -1, -1, -1, -1, -2, -2, -1, -2, 1, -2, -1, -2, 1]"
552,dfs_bnb_mpi,77.2805,-19,20,18709691,"[-1, -1, 2, 1, 1, 1, 1, 1, -2, -1, -1, -2, -1, -1, -1, -2, 1, 1, -2, 1, 2, 1, -2, 1, 2, 1, 2, -1, -1]"
553,dfs_bnb_mpi,1118.5,-18,19,250147626,"[-1, -1, 2, 2, 2, 2, 2, 1, -2, -2, 1, 2, 2, 1, 1, 1, -2, -1, -1, -2, -2, -1, -1, -2, 1, 1, 1, 2, 2]"
554,dfs_bnb_mpi,1436.25,-18,19,335632475,"[-1, -1, 2, 2, 2, 2, 1, -2, 1, 2, 2, -1, 2, 1, 1, -2, 1, -2, -1, -2, 1, -2, -2, -1, 2, -1, -1, -2, 1]"
555,dfs_bnb_mpi,534.728,-18,19,130248364,"[-1, -1, 2, 2, 1, -2, 1, 1, 1, 1, -2, -1, -1, -2, -2, 1, 2, 1, -2, -2, -1, -1, -1, 2, 2, -1, -2, -2, -1]"
556,dfs_bnb_mpi,230.6,-19,19,52576476,"[-1, -2, -2, -2, 1, 2, 2, 1, 2, 1, -2, -2, -1, -2, 1, 1, 2, 1, 2, -1, 2, 1, 2, -1, -1, -1, 2, -1, -2]"
557,dfs_bnb_mpi,321.529,-18,19,74380066,"[-1, -1, 2, 2, 1, -2, 1, 1, 2, -1, 2, 1, 2, 1, -2, 1, -2, -1, -2, 1, -2, -2, -1, 2, -1, -2, -1, -1, -1]"
558,dfs_bnb_mpi,39.4989,-18,19,9379559,"[-1, -1, 2, 2, -1, -2, -2, -2, 1, 1, -2, 1, 2, 1, 2, 2, -1, -1, 2, 1, 2, 1, -2, 1, -2, -2, -2, -2, -1]"
559,dfs_bnb_mpi,2967.96,-19,20,655347825,"[-1, -2, -2, -2, -2, 1, 1, 1, 1, 1, 2, 1, 2, -1, 2, -1, -1, 2, -1, -2, -1, -2, 1, 1, 1, -2, -1, -1, -1]"
560,dfs_bnb_mpi,1740.81,-18,19,420501218,"[-1, -1, 2, 2, 2, -1, 2, 1, 2, 2, 1, -2, -2, -2, 1, 2, 2, 1, -2, -2, 1, -2, -1, -1, -1, -2, 1, 1, -2]"
561,dfs_bnb_mpi,3373.34,-19,20,745121659,"[-1, -2, -2, -1, -2, 1, -2, -1, -2, 1, 1, 1, 1, 2, 1, 2, -1, 2, 2, 2, -1, -2, -1, -2, 1, -2, -1, -2, 1]"
562,dfs_bnb_mpi,46.5742,-18,19,10742998,"[-1, -1, 2, 1, 1, 1, -2, -2, -1, -1, -2, 1, 1, -2, -2, -1, 2, -1, -1, 2, 2, -1, -2, -2, -2, 1, 1, -2, 1]"
563,dfs_bnb_mpi,3212.12,-18,19,717802246,"[-1, -1, 2, 2, 2, 2, 1, 2, 1, -2, 1, -2, 1, 1, -2, -1, -2, 1, -2, -1, -1, 2, 2, -1, 2, -1, -2, -2, 1]"
564,dfs_bnb_mpi,47.5992,-19,20,10773349,"[-1, -1, 2, 1, 1, 1, -2, 1, -2, -1, -1, -1, -1, -2, 1, 1, -2, 1, 2, 1, -2, 1, 2, 2, 1, 2, -1, 2, -1]"
565,dfs_bnb_mpi,493.49,-18,19,111426204,"[-1, -1, 2, 1, 2, -1, -1, 2, 2, 1, -2, 1, 2, 2, 1, -2, -2, 1, -2, -1, -2, 1, 1, 2, 2, 2, 2, -1, -2]"
566,dfs_bnb_mpi,510.426,-18,19,115800567,"[-1, -1, 2, 2, -1, 2, 2, 1, -2, 1, 2, 2, 1, -2, 1, 1, -2, -1, -1, -2, 1, 1, -2, -2, -1, 2, -1, -1, 2]"
567,dfs_bnb_mpi,606.357,-19,20,142012682,"[-1, -2, -1, -2, -1, -2, 1, 1, 2, 1, 2, 1, 2, 1, -2, -2, -1, -2, -1, -2, 1, -2, -1, -1, 2, -1, -1, -2, 1]"
568,dfs_bnb_mpi,715.027,-19,20,181141060,"[-1, -1, -1, 2, -1, 2, 2, 1, 2, 1, -2, 1, 2, 1, -2, 1, 2, 1, -2, -2, -1, -2, -1, 2, -1, -2, -1, 2, -1]"
569,dfs_bnb_mpi,2166.62,-18,19,552729155,"[-1, -1, 2, 1, 1, 1, 1, 2, 2, 2, 2, -1, -1, -1, -1, -2, 1, -2, -1, -1, -2, 1, 1, 1, 2, 2, 1, -2, -2]"
570,dfs_bnb_mpi,365.912,-17,18,91775095,"[-1, -1, 2, 2, 2, 2, -1, -2, -2, -2, -1, -1, 2, 1, 2, 2, 2, 1, 1, 1, -2, 1, -2, -1, -2, -2, 1, 2, 1]"
571,dfs_bnb_mpi,549.29,-19,20,141651337,"[-1, -1, 2, 1, 1, 2, -1, -1, -1, -2, -2, -2, 1, 1, 1, -2, 1, -2, -1, -2, -1, 2, -1, -2, -1, 2, 2, 1, 1]"
572,dfs_bnb_mpi,545.661,-19,20,127126994,"[-1, -2, -2, -1, 2, 2, 2, -1, -2, -1, 2, 2, 1, 1, 2, 1, -2, -2, 1, 2, 2, 1, -2, -2, -2, -2, -2, -1, 2]"
573,dfs_bnb_mpi,772.692,-19,20,171410195,"[-1, -1, 2, 1, 2, 1, -2, 1, 2, 1, -2, 1, 1, -2, -1, -1, -1, -2, -1, -1, -2, 1, 1, 1, 1, 1, 2, -1, -1]"
574,dfs_bnb_mpi,72.3732,-18,19,17449034,"[-1, -1, 2, 1, 1, 1, -2, 1, -2, -1, -1, -1, -1, -2, 1, 1, 1, 1, 1, 2, 2, 2, -1, 2, -1, 2, -1, -2, -1]"
575,dfs_bnb_mpi,1106.22,-18,19,245014704,"[-1, -1, 2, 1, 1, 1, -2, 1, 2, 2, 1, -2, -2, -2, -2, -2, -1, 2, 2, -1, -1, -1, -1, -2, 1, 1, -2, 1, 2]"
576,dfs_bnb_mpi,259.846,-18,19,58765034,"[-1, -1, 2, 1, 2, 2, 2, 1, -2, 1, 2, 1, -2, 1, -2, -1, -1, -1, -2, 1, 1, 1, -2, -1, -1, -2, -1, -1, -1]"
577,dfs_bnb_mpi,211.454,-18,19,52297961,"[-1, -1, 2, 1, 2, 2, 2, 2, 1, -2, -2, -2, -2, 1, 2, 2, 2, 1, -2, -2, -2, -2, -1, -2, -1, -1, -1, -1, 2]"
578,dfs_bnb_mpi,75.229,-17,17,16980758,"[-1, -1, 2, 2, 2, 1, 1, 2, -1, -1, 2, 1, 1, 1, -2, -2, -2, -1, -1, -2, 1, 1, 1, 2, 2, 1, 2, -1, 2]"
579,dfs_bnb_mpi,335.95,-18,19,85343277,"[-1, -1, 2, 2, 2, 1, -2, -2, 1, 1, 2, -1, 2, 2, -1, -1, -1, -2, -1, -1, -2, 1, -2, -1, -2, 1, 1, 2, 2]"
580,dfs_bnb_mpi,474.678,-18,19,112224642,"[-1, -1, 2, 2, 1, -2, 1, 2, 2, 2, 1, -2, 1, 1, 1, -2, -2, -2, -1, 2, 2, -1, -2, -2, -2, -1, 2, 2, 2]"
581,dfs_bnb_mpi,133.764,-18,19,34570366,"[-1, -1, 2, 2, 1, -2, 1, 2, 2, 1, -2, -2, -2, 1, 2, 2, 1, -2, 1, -2, -1, -2, -1, -1, -1, -2, -1, 2, -1]"
582,dfs_bnb_mpi,792.628,-19,20,175516247,"[-1, -1, 2, 1, 1, 1, -2, 1, 1, -2, -2, -2, -2, -1, 2, 2, 2, -1, -1, -1, -2, 1, 1, -2, -1, -1, -2, 1, 1]"
583,dfs_bnb_mpi,562.785,-18,19,137512956,"[-1, -1, 2, 1, 2, -1, 2, 1, 2, -1, 2, -1, -2, -2, -1, 2, 2, -1, -2, -2, -1, -2, 1, 1, -2, -2, 1, 2, 2]"
584,dfs_bnb_mpi,409.087,-18,19,104204439,"[-1, -1, 2, 2, 2, 2, -1, -2, -2, -2, -2, -2, -2, 1, 2, 1, 1, 1, 2, 2, -1, -1, 2, 2, 2, 1, -2, -2, 1]"
585,dfs_bnb_mpi,1135.19,-18,19,251909731,"[-1, -1, 2, 1, 2, 2, -1, -2, -1, -1, -1, -2, -1, -2, 1, -2, -2, 1, 2, 2, 2, 1, -2, -2, 1, 1, -2, -1, -1]"
586,dfs_bnb_mpi,668.362,-18,19,171296115,"[-1, -2, -2, -2, -2, 1, 1, 1, 2, 2, -1, -2, -1, 2, 2, 1, 2, 2, 1, 2, 1, -2, -2, -1, -2, 1, -2, -2, 1]"
587,dfs_bnb_mpi,38.7911,-18,19,9162067,"[-1, -1, 2, 2, 2, 2, 2, 1, 1, -2, -1, -2, 1, -2, -1, -2, 1, 1, 2, 1, -2, -2, -1, -2, -1, -1, -2, -1, 2]"
588,dfs_bnb_mpi,778.908,-16,17,173210923,"[-1, -1, 2, 2, 2, 2, 2, 1, 1, 1, -2, 1, 1, -2, -1, -1, -1, 2, -1, -2, -2, -2, 1, 2, 1, 1, -2, -1, -2]"
589,dfs_bnb_mpi,184.355,-17,17,41352184,"[-1, -1, 2, 1, 1, 2, 2, 1, -2, -2, -2, 1, 2, 2, 1, -2, -2, -2, -1, -1, -1, -1, -2, 1, 1, 1, -2, -1, -1]"
590,dfs_bnb_mpi,1618.59,-18,19,386522042,"[-1, -2, 1, 1, 2, 2, 1, -2, 1, 2, 2, 1, -2, -2, -2, -1, -2, 1, -2, -1, -1, -1, -1, -1, 2, 1, 1, 1, 2]"
591,dfs_bnb_mpi,165.459,-19,20,39898942,"[-1, -1, 2, 1, 2, 2, -1, -2, -1, -2, -1, 2, 2, 1, 2, 2, 1, -2, 1, 2, 1, -2, 1, -2, -2, -2, -1, 2, 2]"
592,dfs_bnb_mpi,498.123,-18,18,130301200,"[-1, -1, 2, 2, 2, 1, -2, -2, 1, 2, 1, 1, -2, -1, -2, 1, -2, -2, -1, 2, -1, -1, -2, -1, 2, -1, 2, 2, 2]"
593,dfs_bnb_mpi,502.022,-18,19,129590953,"[-1, -1, 2, 2, 2, 2, 1, -2, 1, 1, 1, -2, -1, -1, -1, -2, 1, 1, -2, 1, -2, -1, -1, -1, -1, -1, 2, 2, 2]"
594,dfs_bnb_mpi,845.867,-18,19,207452614,"[-1, -1, 2, 2, 2, 1, 1, -2, 1, 2, 2, -1, -1, -1, -1, -2, -2, -2, -2, -2, 1, 1, 1, 1, 2, 2, -1, -1, 2]"
595,dfs_bnb_mpi,291.011,-18,18,72472777,"[-1, -2, 1, 1, 2, 2, 1, -2, 1, 2, 1, -2, -2, -1, -1, -2, 1, -2, -1, -2, -1, -1, 2, 1, 2, -1, -1, -2, -1]"
596,dfs_bnb_mpi,348.482,-18,19,85242592,"[-1, -1, 2, 1, 2, -1, 2, -1, -2, -2, -1, 2, 2, -1, -1, -2, 1, -2, -1, -2, 1, 1, -2, -2, 1, 1, 2, -1, 2]"
597,dfs_bnb_mpi,586.276,-18,19,134273049,"[-1, -1, -1, -1, 2, -1, 2, 1, 1, -2, 1, 2, 1, -2, 1, 2, 2, -1, 2, -1, -1, -1, -1, -1, -2, 1, 1, 1, 1]"
598,dfs_bnb_mpi,3277.49,-18,19,735644798,"[-1, -1, 2, -1, -2, -1, -2, -1, -2, 1, -2, -1, -2, 1, 1, 1, 1, 2, 1, 2, 2, -1, -1, -1, -2, -2, 1, 2, 1]"
599,dfs_bnb_mpi,426.181,-17,18,95205752,"[-1, -1, 2, 2, 2, 1, 2, -1, 2, 1, 1, 1, 1, 1, -2, -1, -1, -1, -2, -2, -1, -2, 1, 1, 2, 2, 1, -2, 1]"
600,dfs_bnb_mpi,460.526,-19,20,112719724,"[-1, -1, 2, 2, 2, 1, 2, 2, 1, -2, -2, -2, 1, 2, 2, 2, 1, -2, -2, 1, -2, -1, -2, -2, -1, 2, -1, -1, 2]"
601,dfs_bnb_mpi,444.149,-19,20,117308352,"[-1, -1, 2, 1, 2, 2, 1, -2, -2, 1, 2, 2, 2, 2, -1, -2, -1, 2, -1, -2, -1, -2, -1, -2, -2, 1, 2, 1, 2]"
602,dfs_bnb_mpi,395.049,-18,19,100522977,"[-1, -1, 2, 2, 2, 2, 1, 1, -2, -1, -2, -2, 1, 2, 1, -2, -2, 1, -2, -1, -1, -1, -1, -1, -1, 2, 1, 2, 2]"
603,dfs_bnb_mpi,466.022,-17,18,110745739,"[-1, -1, 2, 2, 2, -1, -1, -2, 1, -2, -2, -2, -1, 2, 2, -1, -2, -1, 2, 2, 1, 2, -1, 2, 1, 1, 1, 1, 2]"
604,dfs_bnb_mpi,596.432,-18,18,140847137,"[-1, -1, 2, 2, -1, -1, -2, 1, -2, -2, -1, 2, -1, -2, -2, -2, 1, 2, 1, -2, 1, 1, 2, -1, 2, 1, 1, 1, 2]"
605,dfs_bnb_mpi,1553.98,-17,18,373105467,"[-1, -1, 2, 2, 2, 1, 2, 2, 1, 1, -2, -1, -2, 1, -2, -1, -1, -2, 1, 1, 1, 1, 2, -1, 2, 1, 2, -1, 2]"
606,dfs_bnb_mpi,2562.92,-19,20,612315237,"[-1, -2, -2, -2, -2, 1, 2, 2, 2, 1, 2, 1, 2, 1, -2, -2, -2, 1, -2, -2, -1, 2, -1, -2, -1, 2, 2, 1, 2]"
607,dfs_bnb_mpi,2001.45,-17,18,453590888,"[-1, -1, 2, 2, 2, 2, -1, -2, -1, 2, 2, -1, -2, -2, -1, -2, 1, 1, 1, -2, -1, -1, -2, -2, 1, 2, 1, -2, 1]"
608,dfs_bnb_mpi,906.556,-17,18,205362283,"[-1, -1, 2, 2, 2, 1, 2, 1, 2, -1, 2, 2, 1, -2, 1, -2, -2, -2, -1, -2, -1, -2, 1, 1, 2, 1, 2, 2, 2]"
609,dfs_bnb_mpi,397.234,-17,18,111432422,"[-1, -1, 2, 1, 2, 2, 1, 2, 1, 1, -2, -1, -2, -1, -2, 1, -2, 1, 1, 2, 1, 2, 2, 2, -1, -2, -2, -1, -2]"
610,dfs_bnb_mpi,938.65,-18,19,236786112,"[-1, -1, 2, 2, 2, 1, -2, -2, 1, 2, 2, 1, -2, -2, 1, -2, 1, -2, -1, -2, -1, -1, -1, -1, 2, 1, 1, 1, 2]"
611,dfs_bnb_mpi,1193.4,-19,20,289830161,"[-1, -2, 1, 1, 2, 2, -1, 2, 1, 1, 1, -2, -2, 1, -2, -1, -2, 1, -2, -1, -1, -1, -1, 2, 1, 1, 2, 2, 2]"
612,dfs_bnb_mpi,2065.82,-17,18,490321475,"[-1, -1, 2, 2, 2, 1, 2, 2, 2, 1, -2, -2, 1, 2, 2, 1, -2, -2, 1, -2, -1, -1, -1, -2, -1, -2, 1, 1, 2]"
613,dfs_bnb_mpi,640.087,-18,19,156433739,"[-1, -1, 2, 1, 2, 2, 1, -2, 1, 2, 2, 1, -2, -2, 1, 2, 2, 1, -2, -2, 1, -2, -1, -1, -1, -2, -1, 2, -1]"
614,dfs_bnb_mpi,1192.26,-18,19,279946258,"[-1, -1, 2, 1, 2, -1, -1, -2, -2, -1, 2, 2, -1, -1, 2, 1, 2, -1, 2, 1, 1, -2, 1, 2, 1, -2, -2, -1, -1]"
615,dfs_bnb_mpi,216.932,-18,19,50448774,"[-1, -1, 2, 1, 2, 2, 2, -1, -1, -2, 1, -2, -1, -2, -2, -1, 2, 2, 2, -1, -2, -1, 2, 2, 1, 1, 2, 1, 1]"
616,dfs_bnb_mpi,1482.53,-19,20,370765894,"[-1, -1, 2, 1, 2, 1, -2, 1, 2, 1, 1, -2, -2, -2, -1, -2, -1, -1, -2, -1, 2, -1, 2, 1, 1, 1, 2, 1, 2]"
617,dfs_bnb_mpi,1208.88,-18,19,282868313,"[-1, -1, 2, 2, 2, 1, -2, -2, 1, 2, 2, 2, -1, -1, -1, -2, -2, -2, -1, 2, -1, 2, 1, 2, -1, 2, 1, 1, 1]"
618,dfs_bnb_mpi,51.4848,-19,20,11745085,"[-1, -1, -1, -1, 2, 1, 1, 1, 1, 1, -2, -2, -1, -1, -1, -1, -2, 1, 1, 1, -2, -1, -1, -1, -1, 2, -1, 2, 1]"
619,dfs_bnb_mpi,1398.74,-19,20,331703715,"[-1, -2, -1, 2, -1, -2, -1, -2, 1, -2, -2, 1, -2, 1, 2, 2, -1, 2, 1, 1, 2, 1, -2, -2, -1, -2, 1, -2, -1]"
620,dfs_bnb_mpi,2557.34,-18,19,564539560,"[-1, -1, 2, 2, 2, 2, 1, 1, 2, 1, 1, -2, 1, -2, -1, -2, 1, -2, -1, -1, 2, -1, -2, -1, 2, 2, 1, 1, 2]"
621,dfs_bnb_mpi,382.19,-18,19,93480651,"[-1, -1, 2, 2, 2, 1, 2, -1, 2, 1, 1, -2, 1, 2, 2, 1, -2, -2, -2, -1, -1, -2, -1, -2, 1, 1, 1, 2, -1]"
622,dfs_bnb_mpi,939.433,-18,19,230118824,"[-1, -1, 2, 2, 2, -1, -2, -1, -2, 1, -2, -1, -2, 1, 1, 1, -2, 1, 2, 1, 2, 2, -1, -1, 2, 2, 1, -2, 1]"
623,dfs_bnb_mpi,1101.04,-18,19,259808880,"[-1, -2, 1, 1, 2, 2, 1, 1, 2, 2, 2, -1, 2, -1, -2, -2, 1, -2, -1, -1, -2, -1, 2, 2, 1, 2, 2, -1, -2]"
624,dfs_bnb_mpi,202.936,-18,19,52950808,"[-1, -1, 2, 2, 2, 2, 2, 1, -2, 1, -2, -1, -2, -2, 1, 2, 1, 2, 1, 1, -2, -1, -2, -1, -2, -2, -1, -1, -1]"
625,dfs_bnb_mpi,2985.23,-18,19,720664726,"[-1, -1, 2, -1, 2, -1, -2, -1, -2, -1, 2, -1, -2, -2, -2, 1, 1, 1, 1, 1, 1, 2, -1, -1, 2, -1, -2, -1, -1]"
626,dfs_bnb_mpi,569.204,-18,19,139787808,"[-1, -1, 2, 2, 2, 1, -2, -2, 1, 1, -2, 1, 2, 2, -1, -1, 2, 2, -1, -1, 2, -1, -2, -2, -1, -2, 1, -2, -1]"
627,dfs_bnb_mpi,458.571,-19,20,117559067,"[-1, -1, -1, 2, 1, 1, 2, -1, -1, 2, 1, 1, 1, -2, -2, 1, 1, -2, -1, -2, -2, -1, 2, -1, -1, -1, -2, 1, 1]"
628,dfs_bnb_mpi,1173.72,-18,19,262495472,"[-1, -1, 2, 2, 1, -2, 1, 2, 2, -1, 2, 1, 1, 1, 2, 1, -2, -2, -1, -1, -2, 1, 1, -2, -2, -1, 2, -1, -2]"
629,dfs_bnb_mpi,1883,-19,20,429079520,"[-1, -2, -2, -2, 1, 2, 2, 1, 2, 2, -1, 2, 1, 2, 1, -2, 1, -2, -1, -2, 1, -2, -2, -2, -1, -1, 2, 1, 2]"
630,dfs_bnb_mpi,783.538,-19,20,183368043,"[-1, -1, 2, 2, -1, -2, -2, -2, -1, 2, 2, 2, 2, 1, 2, 1, -2, 1, -2, -2, 1, 2, 1, -2, -2, -2, -1, -1, -1]"
631,dfs_bnb_mpi,2874.43,-18,19,668326894,"[-1, -1, 2, 2, 1, -2, 1, 2, 1, -2, 1, 1, -2, -2, -1, 2, -1, -2, -2, -2, -1, 2, 2, -1, -1, -2, 1, -2, -1]"
632,dfs_bnb_mpi,403.444,-18,19,103351067,"[-1, -1, 2, 2, 2, 2, 1, -2, -2, -2, 1, 2, 1, 2, -1, 2, 2, -1, -1, -1, -2, -1, -1, -2, -2, 1, 2, 1, -2]"
633,dfs_bnb_mpi,977.99,-18,19,238239958,"[-1, -1, 2, 2, -1, -1, -2, 1, -2, -2, 1, 1, 1, 1, 2, 1, 2, -1, 2, 2, -1, -2, -2, -1, 2, 2, 2, -1, -2]"
634,dfs_bnb_mpi,129.506,-19,20,29317691,"[-1, -1, 2, 1, 1, 2, 1, -2, -2, 1, 2, 1, -2, 1, 2, 2, -1, -1, 2, 1, 1, 2, -1, -1, -1, -2, -1, -1, -2]"
635,dfs_bnb_mpi,250.745,-18,19,60598902,"[-1, -1, 2, 2, 1, -2, 1, 2, 2, 1, 1, -2, -1, -2, 1, 1, -2, -2, -1, 2, -1, -2, -1, -1, -2, 1, 1, 1, 1]"
636,dfs_bnb_mpi,103.445,-18,18,23720340,"[-1, -1, 2, 2, -1, -2, -2, -2, -2, 1, 2, 1, 1, -2, -1, -2, 1, 1, 2, 2, 2, 2, 2, -1, -2, -1, 2, 2, 2]"
637,dfs_bnb_mpi,1017.38,-18,19,264671744,"[-1, -1, 2, 2, 2, 2, 1, -2, 1, 1, 1, -2, -1, -1, -1, -2, 1, 1, 1, -2, -1, -2, -2, -1, 2, -1, -1, -2, 1]"
638,dfs_bnb_mpi,291.632,-18,19,71153910,"[-1, -1, 2, 1, 2, -1, 2, -1, -2, -1, 2, 2, 1, 1, 2, -1, -1, -1, -2, -2, -2, -1, -2, 1, -2, 1, 2, 1, -2]"
639,dfs_bnb_mpi,143.991,-19,20,32053401,"[-1, -2, -1, 2, -1, -2, -2, 1, -2, -1, -2, 1, -2, 1, 1, 1, 2, -1, -1, 2, 2, 1, 2, 1, -2, 1, -2, -1, -1]"
640,dfs_bnb_mpi,2314.63,-18,19,584543915,"[-1, -1, 2, 2, 2, 1, 1, -2, -1, -2, 1, 1, -2, -2, -1, -1, -1, -2, -1, 2, -1, 2, 2, 2, 2, 1, -2, -2, -2]"
641,dfs_bnb_mpi,339.397,-17,18,86745923,"[-1, -1, 2, 2, 2, 2, 1, -2, 1, 1, -2, -1, -1, -2, 1, 1, 1, -2, -1, -2, -2, -1, 2, -1, -1, -1, 2, 2, 2]"
642,dfs_bnb_mpi,5295.18,-17,18,1161533017,"[-1, -1, 2, 2, -1, 2, -1, -1, 2, -1, -2, -1, -2, 1, 1, 1, -2, 1, -2, -1, -1, 2, -1, -1, -2, 1, -2, 1, 1]"
643,dfs_bnb_mpi,144.603,-16,16,32658211,"[-1, -1, 2, 2, -1, 2, -1, -2, -1, -2, -1, -2, 1, 1, 2, 1, -2, -2, -1, -1, -1, -2, 1, 1, 1, 1, 2, 1, 1]"
644,dfs_bnb_mpi,350.412,-19,20,84742885,"[-1, -1, -1, 2, 1, 2, 2, 1, -2, -2, 1, 1, -2, 1, 1, 2, -1, 2, -1, -1, 2, 1, 2, -1, -1, -1, -1, -2, -2]"
645,dfs_bnb_mpi,76.8047,-19,20,18816614,"[-1, -1, 2, -1, 2, 1, 1, -2, 1, 1, 2, -1, 2, -1, -1, 2, 1, 1, 2, -1, -1, -1, -2, -2, -1, -2, -2, -2, 1]"
646,dfs_bnb_mpi,1167.49,-18,19,257704206,"[-1, -1, 2, 2, -1, -2, -1, 2, 2, 1, 2, 2, 1, 1, 1, 1, -2, -1, -1, -1, -2, 1, -2, -2, 1, 2, 1, 2, -1]"
647,dfs_bnb_mpi,4150.1,-17,18,1026716340,"[-1, -1, 2, 2, 2, 2, -1, -2, -1, -1, -2, 1, 1, -2, -2, -2, -1, -1, -1, -1, 2, 1, 1, 1, 2, -1, -1, 2, 2]"
648,dfs_bnb_mpi,539.658,-19,20,132751980,"[-1, -1, 2, 1, 1, 2, 1, -2, 1, 2, 1, -2, -2, -2, -1, 2, -1, -2, -2, 1, -2, -1, -1, 2, 2, -1, -1, -2, 1]"
649,dfs_bnb_mpi,1858.15,-18,19,450488005,"[-1, -1, 2, 2, 1, -2, 1, 2, 2, 2, 2, 2, -1, -2, -1, -2, -1, -1, -2, -2, -2, -2, 1, 2, 2, 2, 1, 1, 2]"
650,dfs_bnb_mpi,1191.38,-19,20,275811846,"[-1, -2, 1, 1, 1, 2, -1, 2, 1, 1, -2, -2, 1, -2, -1, -1, -1, -1, -2, 1, 1, 1, -2, -1, -1, -1, -1, 2, 2]"
651,dfs_bnb_mpi,2152.62,-17,18,485400169,"[-1, -1, 2, 2, 2, -1, -1, -1, -2, 1, -2, -1, -1, -2, -2, -2, 1, 2, 2, 1, -2, -2, 1, 1, 2, -1, 2, 2, 2]"
652,dfs_bnb_mpi,164.812,-17,18,36897495,"[-1, -1, 2, 2, 2, 2, 2, 1, 1, 1, 2, 1, -2, -2, -1, -1, -1, -2, -2, -2, 1, 2, 2, 1, 1, -2, -1, -2, 1]"
653,dfs_bnb_mpi,8682.07,-16,17,1898027443,"[-1, -1, 2, 2, 2, 2, 2, 1, 2, 2, 1, -2, 1, 1, -2, -2, -2, -2, -1, 2, 2, 2, -1, -2, -1, -2, 1, -2, -1]"
654,dfs_bnb_mpi,916.011,-19,20,229207742,"[-1, -2, -2, -1, -2, 1, -2, -1, -2, 1, 1, 2, 2, 2, 2, 1, 2, 1, -2, 1, -2, -1, -2, -2, -2, -1, 2, 2, 2]"
655,dfs_bnb_mpi,2283.95,-18,19,548982055,"[-1, -1, 2, -1, -1, -2, 1, -2, -1, -1, 2, -1, -2, -1, -2, 1, -2, 1, 1, 1, 1, 1, 2, 2, -1, -2, -1, -1, -1]"
656,dfs_bnb_mpi,182.502,-18,19,41610514,"[-1, -1, 2, 2, 2, 1, -2, -2, 1, 1, 2, -1, 2, 1, 2, 2, -1, -2, -1, 2, -1, -2, -1, -2, -2, -2, -1, -2, 1]"
657,dfs_bnb_mpi,149.272,-18,19,35590128,"[-1, -1, 2, 2, 1, -2, 1, 2, 2, 1, -2, 1, 2, 1, 1, -2, -1, -2, 1, -2, -1, -1, 2, -1, -2, -2, 1, 1, 1]"
658,dfs_bnb_mpi,1153.28,-18,19,256778995,"[-1, -1, 2, 2, 2, 1, 2, 1, 2, 1, -2, 1, 2, 1, -2, -2, -1, -1, -1, -2, -1, -2, 1, 1, -2, 1, 2, 2, -1]"
659,dfs_bnb_mpi,154.944,-18,19,39487402,"[-1, -1, 2, 2, 2, 2, 1, -2, -2, -2, 1, 2, 2, 1, 1, -2, -1, -2, 1, 1, -2, -1, -1, -2, -2, -1, 2, -1, -1]"
660,dfs_bnb_mpi,361.749,-19,20,86266609,"[-1, -1, 2, 2, 1, -2, 1, 2, 2, 1, -2, 1, 1, -2, -1, -1, -2, 1, 1, -2, -2, -1, -1, -1, -1, 2, 1, 1, 1]"
661,dfs_bnb_mpi,697.792,-19,20,154472398,"[-1, -1, 2, 1, 2, 2, 1, 1, 1, 1, -2, 1, -2, -2, -1, 2, -1, 2, -1, -1, -2, 1, -2, 1, -2, -1, -1, -1, -1]"
662,dfs_bnb_mpi,214.597,-18,19,49459269,"[-1, -1, 2, 2, 1, -2, 1, 1, -2, -2, -2, -1, 2, -1, -2, -1, 2, -1, 2, 2, 2, -1, -2, -1, -2, 1, -2, -2, 1]"
663,dfs_bnb_mpi,431.557,-19,20,98210402,"[-1, -2, 1, 1, 2, 1, -2, -2, -1, -1, -2, -2, 1, 2, 1, -2, 1, 2, 1, 2, -1, 2, 1, 2, -1, 2, -1, -1, -1]"
664,dfs_bnb_mpi,646.66,-18,19,158717859,"[-1, -1, 2, 1, 2, 2, 2, -1, -2, -2, -1, 2, 2, 2, 1, 1, 2, 1, -2, -2, 1, 1, -2, -1, -1, -2, 1, -2, -1]"
665,dfs_bnb_mpi,267.64,-18,19,61699525,"[-1, -1, 2, 1, 2, 2, -1, -2, -1, -2, -1, -2, 1, -2, 1, 1, 1, 1, 2, 1, 2, 2, -1, -2, -1, 2, 2, 1, 2]"
666,dfs_bnb_mpi,3523.06,-17,18,895908998,"[-1, -1, 2, 2, 2, 2, 2, 1, 2, 1, -2, -2, -2, 1, 2, 2, 2, 1, -2, -2, -2, -2, -1, -1, -2, -1, 2, 2, 2]"
667,dfs_bnb_mpi,461.993,-19,20,109498618,"[-1, -2, 1, 1, 1, 1, 1, 2, -1, -1, 2, 1, 1, 2, -1, 2, -1, -2, -1, 2, 2, -1, -2, -2, -1, -2, 1, 1, -2]"
668,dfs_bnb_mpi,130.969,-19,20,32570642,"[-1, -2, 1, 1, 1, -2, -2, -1, 2, -1, -1, -2, 1, -2, 1, 1, 1, 1, 2, -1, 2, 1, 1, 2, -1, -1, 2, -1, -1]"
669,dfs_bnb_mpi,788.08,-19,20,187835579,"[-1, -1, 2, 1, 1, 2, -1, 2, 1, 1, 1, -2, -1, -2, 1, 1, -2, -2, -2, -1, 2, 2, -1, -2, -1, -1, -2, 1, 1]"
670,dfs_bnb_mpi,38.1997,-18,19,9589210,"[-1, -1, 2, 1, 2, 2, 1, -2, -2, 1, 2, 2, 2, -1, -1, -1, -2, -2, -1, -2, -1, -2, 1, -2, 1, 1, 1, 1, 2]"
671,dfs_bnb_mpi,392.949,-19,20,89910213,"[-1, -2, 1, 1, -2, -1, -2, 1, 1, 2, 2, 2, -1, 2, -1, -1, -1, -2, -1, -2, 1, -2, 1, -2, -1, -2, -1, 2, 2]"
672,dfs_bnb_mpi,478.059,-18,19,117696562,"[-1, -1, 2, 1, 2, 2, 1, -2, -2, 1, -2, -2, -1, -1, -2, 1, 1, 1, 1, 2, -1, 2, 1, 2, -1, 2, 2, -1, -2]"
673,dfs_bnb_mpi,705.07,-18,19,163021088,"[-1, -1, 2, 1, 1, 1, -2, 1, 1, -2, -1, -2, 1, -2, -1, -1, -2, -1, 2, 2, 1, 2, -1, -1, -1, -2, 1, -2, -1]"
674,dfs_bnb_mpi,135.806,-19,20,36167776,"[-1, -1, 2, 1, 2, 1, -2, 1, -2, -2, -1, -2, -1, 2, -1, -2, -1, 2, -1, 2, 1, 2, 2, 1, 2, 1, 1, 1, -2]"
675,dfs_bnb_mpi,1212.29,-19,20,268845446,"[-1, -2, -1, -2, 1, -2, -1, -1, -2, 1, 1, -2, 1, 1, 1, 2, 2, 2, -1, -2, -2, -1, 2, 2, 2, 1, 2, 1, -2]"
676,dfs_bnb_mpi,1771,-19,20,429224970,"[-1, -1, 2, -1, -1, 2, 1, 1, 1, -2, 1, 2, 1, -2, 1, -2, -1, -2, -1, -2, -1, 2, -1, -2, -1, 2, 2, -1, -2]"
677,dfs_bnb_mpi,920.095,-19,20,239959486,"[-1, -2, 1, 1, 1, 1, 1, 2, -1, -1, -1, 2, -1, -1, 2, 1, 1, 2, 2, 1, -2, 1, 1, -2, -1, -1, -2, 1, 1]"
678,dfs_bnb_mpi,347.231,-17,18,92304948,"[-1, -1, 2, 2, 2, 2, 2, 1, 2, 1, 1, -2, -1, -2, -1, -2, 1, 1, 2, 1, -2, -2, -1, -1, -1, -2, 1, 1, 1]"
679,dfs_bnb_mpi,597.905,-17,18,134237427,"[-1, -1, 2, -1, 2, -1, -2, -1, -1, -2, 1, 1, 1, -2, 1, 1, -2, -1, -1, -1, 2, -1, -1, -2, 1, -2, 1, 1, 1]"
680,dfs_bnb_mpi,64.4247,-19,20,16096958,"[-1, -1, 2, 2, 2, 2, 2, 1, 1, -2, -1, -2, 1, -2, -1, -2, 1, 1, -2, 1, 2, 1, 2, -1, 2, 2, -1, -2, -2]"
681,dfs_bnb_mpi,678.569,-19,20,152247664,"[-1, -1, 2, 1, 1, 2, -1, 2, 1, 1, 1, 1, -2, 1, -2, -2, -1, 2, -1, 2, -1, -2, -2, 1, -2, -1, -1, -1, -1]"
682,dfs_bnb_mpi,494.819,-19,20,122109692,"[-1, -1, -1, 2, -1, 2, 2, 1, 2, 1, -2, 1, -2, 1, 2, 2, -1, 2, 1, 1, -2, -2, -2, -2, -1, -1, -1, 2, -1]"
683,dfs_bnb_mpi,1591.3,-17,18,403580225,"[-1, -1, 2, 2, 1, -2, 1, 2, 2, 2, 2, -1, -1, -2, 1, -2, -1, -1, 2, -1, -2, -1, -2, 1, 1, -2, -1, -2, 1]"
684,dfs_bnb_mpi,1785.89,-18,19,448689159,"[-1, -1, 2, -1, 2, 2, 1, -2, 1, -2, 1, 2, 2, -1, 2, 1, 1, 1, 1, -2, -2, -2, -1, 2, 2, -1, -2, -2, -2]"
685,dfs_bnb_mpi,926.629,-19,20,227227935,"[-1, -1, 2, 2, 2, 1, 2, 1, 1, -2, -2, 1, 2, 2, 1, -2, 1, -2, -1, -2, -1, -2, -1, 2, -1, -1, 2, 1, 2]"
686,dfs_bnb_mpi,642.349,-18,19,155559927,"[-1, -1, 2, 2, 2, -1, -2, -2, -2, -2, 1, -2, 1, 2, 1, -2, 1, 2, 2, 2, 2, -1, -2, -1, 2, 2, 2, 1, -2]"
687,dfs_bnb_mpi,48.1451,-18,19,11137836,"[-1, -1, 2, 2, 2, 2, 1, -2, 1, 2, 1, -2, -2, -1, -1, -2, 1, 1, 1, 2, 1, -2, -2, -1, -1, -2, -1, -1, -1]"
688,dfs_bnb_mpi,1260.48,-18,19,290477418,"[-1, -1, 2, 2, 1, -2, 1, 2, 1, -2, 1, -2, -1, -2, 1, 1, -2, -1, -1, -2, -1, -1, -1, 2, 2, 1, 1, -2, -1]"
689,dfs_bnb_mpi,453.503,-18,19,100291860,"[-1, -1, 2, 2, 2, 2, 2, 2, 1, 1, 1, -2, 1, -2, -1, -1, 2, -1, -2, -2, -2, -2, 1, 2, 2, 1, 1, -2, -1]"
690,dfs_bnb_mpi,721.889,-19,20,172703263,"[-1, -1, 2, -1, 2, 1, 2, 1, 1, -2, 1, 2, 2, -1, -1, 2, 1, 1, 1, -2, -2, -2, -2, -2, -1, 2, -1, -1, 2]"
691,dfs_bnb_mpi,145.358,-18,18,38612582,"[-1, -1, 2, 2, 2, 1, 1, 1, 1, -2, -1, -1, -1, -2, 1, 1, 1, -2, -2, -2, -1, -1, -1, -1, 2, 1, 1, 1, 2]"
692,dfs_bnb_mpi,1058.25,-19,20,261924986,"[-1, -1, 2, -1, 2, 2, 2, 1, 2, 1, 1, -2, -1, -2, 1, -2, 1, 2, 1, -2, -2, -2, -1, 2, -1, -1, 2, -1, 2]"
693,dfs_bnb_mpi,1622,-18,19,421002754,"[-1, -2, -1, 2, 2, 1, 2, 2, -1, -2, -1, -1, -2, 1, -2, -2, -1, 2, -1, -1, 2, 1, 2, 2, 1, 1, 2, 1, 1]"
694,dfs_bnb_mpi,91.242,-17,17,23425440,"[-1, -1, 2, 2, 2, 2, 2, 1, 1, -2, -1, -2, -2, -2, 1, 2, 2, 1, -2, -2, 1, -2, -1, -2, -1, -1, -1, -1, 2]"
695,dfs_bnb_mpi,642.221,-18,19,158515227,"[-1, -1, 2, 2, 1, -2, 1, 2, 2, 1, 1, 1, -2, -1, -1, -2, 1, -2, -1, -2, -2, -2, -1, -1, 2, 1, 2, -1, -1]"
696,dfs_bnb_mpi,832.071,-18,19,208579047,"[-1, -1, 2, 2, 2, 1, 2, 1, 1, -2, -1, -2, -1, -2, 1, 1, 2, 1, -2, -2, -1, -2, -2, -1, 2, -1, -1, -2, 1]"
697,dfs_bnb_mpi,1254.05,-18,19,277385030,"[-1, -1, -1, 2, 1, 1, 1, 1, 1, 1, -2, -2, 1, -2, -1, -1, 2, 2, -1, -2, -2, -1, 2, -1, -1, -1, -2, 1, 1]"
698,dfs_bnb_mpi,767.176,-18,19,185546786,"[-1, -1, 2, 2, 1, -2, 1, 2, 1, -2, -2, 1, 2, 2, 1, -2, 1, 2, 2, -1, 2, -1, -1, -1, -1, -2, 1, 1, 1]"
699,dfs_bnb_mpi,399.552,-17,18,96396495,"[-1, -1, 2, 1, 2, -1, 2, -1, -2, -1, 2, -1, -1, -2, 1, -2, -1, -2, -2, 1, 2, 1, 2, 1, -2, -2, -1, -2, 1]"
700,dfs_bnb_mpi,1054.78,-19,20,234158437,"[-1, -2, 1, 1, 2, 2, 1, -2, 1, 2, 1, -2, 1, -2, -2, -2, -1, 2, 2, -1, -1, -2, -1, -1, -2, 1, 1, 1, 2]"
701,dfs_bnb_mpi,4878.23,-18,19,1076638424,"[-1, -2, -1, 2, -1, -1, 2, 2, 2, 2, 1, 1, 2, 1, 1, -2, -2, -2, -2, -1, 2, -1, -2, -1, 2, 2, 1, 1, 2]"
702,dfs_bnb_mpi,585.863,-19,20,129602342,"[-1, -2, -2, -1, -2, -2, 1, 2, 1, -2, 1, 2, 1, -2, 1, 2, 2, 2, -1, -2, -1, -1, 2, 1, 2, 2, 1, -2, 1]"
703,dfs_bnb_mpi,3041.81,-19,20,665934244,"[-1, -2, -1, -2, 1, 1, 2, 1, 2, 1, -2, 1, -2, -2, -2, -2, -1, 2, 2, 2, -1, -2, -1, -1, -2, 1, 1, -2, -1]"
704,dfs_bnb_mpi,544.369,-19,19,123954613,"[-1, -2, 1, 1, 2, 2, -1, 2, 1, 1, 1, -2, -1, -2, 1, 1, -2, -1, -1, -2, -1, -1, -1, -2, 1, 1, 1, 1, 2]"
705,dfs_bnb_mpi,209.174,-18,19,47700282,"[-1, -1, 2, 1, 2, -1, 2, 2, 2, -1, -2, -2, -2, -2, -2, -1, 2, 2, 2, 2, 2, -1, -2, -2, -2, -2, -1, -2, 1]"
706,dfs_bnb_mpi,1460.82,-19,20,370439527,"[-1, -2, 1, 1, 2, 1, -2, -2, 1, -2, -1, -1, -2, 1, 1, -2, -1, -2, -1, 2, -1, -1, 2, 1, 2, -1, 2, 1, 1]"
707,dfs_bnb_mpi,679.568,-19,20,166831879,"[-1, -1, -1, 2, 1, 2, 2, 1, 1, -2, -1, -2, 1, 1, 2, 2, 1, -2, -2, -2, -1, -2, -2, -1, 2, -1, -1, -2, 1]"
708,dfs_bnb_mpi,495.286,-18,19,131138541,"[-1, -1, 2, 2, 1, -2, 1, 2, 1, -2, -2, -2, -2, -1, 2, -1, -1, -2, 1, -2, 1, 1, -2, 1, 2, 2, 2, 2, 2]"
709,dfs_bnb_mpi,326.495,-18,19,83241498,"[-1, -2, 1, 1, 2, 2, 1, -2, 1, -2, -1, -2, -1, -1, -1, -2, 1, -2, 1, 2, 1, 1, 2, 1, 2, 2, 2, -1, 2]"
710,dfs_bnb_mpi,210.171,-18,19,47804373,"[-1, -1, 2, 2, 2, 1, 1, 2, -1, 2, 1, 1, 1, -2, -1, -2, -2, -1, -1, -2, 1, 1, -2, 1, 1, 2, -1, 2, 2]"
711,dfs_bnb_mpi,263.397,-18,19,67844157,"[-1, -1, 2, 2, 2, -1, 2, 1, 1, -2, 1, 1, -2, -1, -1, -2, 1, 1, 1, -2, -1, -2, -1, -1, -1, -1, 2, 2, 2]"
712,dfs_bnb_mpi,236.041,-18,19,59016715,"[-1, -1, 2, 2, -1, -2, -2, -2, 1, -2, 1, 2, 1, -2, 1, 2, 1, 2, -1, 2, -1, -1, 2, 1, 2, -1, -1, -1, 2]"
713,dfs_bnb_mpi,2667.53,-18,19,602798925,"[-1, -1, 2, 2, 2, 1, 2, 1, -2, 1, 2, 1, -2, 1, -2, 1, -2, -2, -1, 2, -1, 2, -1, -1, -1, -2, 1, 1, -2]"
714,dfs_bnb_mpi,3086.45,-18,19,736152586,"[-1, -1, 2, 2, 2, 2, 2, 1, 1, 1, -2, -1, -1, -2, 1, 1, 1, -2, 1, -2, -1, -2, -1, 2, 2, -1, -1, -2, 1]"
715,dfs_bnb_mpi,811.656,-17,18,181002209,"[-1, -2, -2, 1, 2, 1, 2, 2, -1, 2, 1, 1, 1, 1, -2, -1, -1, -2, 1, 1, -2, -2, -1, 2, -1, -2, -1, -2, 1]"
716,dfs_bnb_mpi,1070.29,-18,19,236026929,"[-1, -1, 2, 2, 2, 1, 1, 1, 1, 1, 1, -2, -1, -2, -1, 2, -1, -1, -1, -2, 1, 1, -2, 1, -2, -1, -1, -1, -1]"
717,dfs_bnb_mpi,3585.45,-18,19,826003003,"[-1, -2, 1, 1, 2, 2, -1, 2, 1, 1, 2, 1, -2, 1, -2, 1, -2, -1, -2, -2, -1, 2, 2, 2, -1, -2, -2, -2, -1]"
718,dfs_bnb_mpi,292.006,-18,19,70362810,"[-1, -1, 2, -1, -2, -1, 2, 2, 1, 2, -1, -1, -2, -2, -1, 2, 2, 2, 1, 1, 1, 1, 1, -2, -1, -2, 1, -2, 1]"
719,dfs_bnb_mpi,6085.34,-17,18,1428595338,"[-1, -1, 2, 1, 2, 1, 2, 2, 2, -1, 2, -1, -1, -2, -1, -2, 1, -2, -1, -2, -2, 1, 2, 1, 2, 1, 2, -1, 2]"
720,dfs_bnb_mpi,2157.69,-18,19,529576267,"[-1, -1, 2, 2, 2, 2, 2, 1, 2, 1, -2, 1, 1, -2, -1, -1, -2, 1, 1, -2, -2, -1, 2, -1, -2, -1, 2, 2, 2]"
721,dfs_bnb_mpi,818.576,-19,20,216447139,"[-1, -1, 2, 1, 2, 1, -2, 1, 2, 1, -2, -2, -2, -2, -2, -1, -1, -1, 2, -1, -1, 2, 1, 1, 1, -2, 1, 2, 2]"
722,dfs_bnb_mpi,570.075,-19,20,143128612,"[-1, -1, 2, 2, 2, 1, 2, 1, 1, 1, 1, -2, -1, -1, -1, -2, 1, 1, 1, -2, -1, -2, -2, -1, 2, 2, -1, -1, 2]"
723,dfs_bnb_mpi,289.068,-19,20,73903310,"[-1, -1, 2, 1, 2, -1, -1, -2, -1, -2, 1, -2, 1, -2, 1, 2, 1, -2, 1, 2, 1, 2, -1, 2, 1, 2, -1, -1, -2]"
724,dfs_bnb_mpi,274.766,-18,19,66184268,"[-1, -1, 2, 2, 2, 2, 1, -2, -2, -2, 1, 2, 2, 2, 1, 1, -2, -1, -2, 1, 1, -2, -2, -1, -2, -1, 2, 2, 1]"
725,dfs_bnb_mpi,1351.15,-18,19,303566715,"[-1, -1, -1, -1, 2, 2, -1, 2, 1, 1, 2, -1, 2, 1, 1, 1, -2, -1, -2, -2, 1, 2, 1, -2, -2, -1, -1, -1, 2]"
726,dfs_bnb_mpi,1101.09,-18,19,269793127,"[-1, -1, 2, 1, 1, 2, -1, -1, 2, -1, -2, -2, -2, -2, 1, 1, -2, -1, -1, -1, 2, 2, -1, 2, 1, 2, 2, -1, -2]"
727,dfs_bnb_mpi,616.464,-19,19,151368979,"[-1, -1, 2, 1, 1, 2, -1, -1, 2, -1, -2, -1, -2, 1, -2, -1, -1, -2, -2, 1, 2, 1, 1, 1, 1, -2, -1, -1, -1]"
728,dfs_bnb_mpi,326.436,-19,20,82687723,"[-1, -1, 2, 2, 1, -2, 1, 2, 1, 1, -2, -1, -2, 1, 1, -2, -1, -2, -2, -1, -1, 2, 1, 2, -1, -1, -1, -2, 1]"
729,dfs_bnb_mpi,1128.95,-18,19,251540057,"[-1, -2, -1, 2, -1, -2, -2, 1, 1, 1, 2, 1, -2, -2, -1, -2, 1, -2, -1, -1, 2, 2, -1, -1, -2, 1, -2, -1, -1]"
730,dfs_bnb_mpi,1132.84,-18,19,247022083,"[-1, -1, 2, 1, 2, 2, 1, 2, 1, 2, 1, -2, 1, -2, 1, -2, -1, -1, 2, -1, -2, -1, -2, 1, 1, 1, -2, -1, -1]"
731,dfs_bnb_mpi,658.466,-17,18,155959345,"[-1, -1, 2, 2, -1, -2, -2, -1, 2, 2, 2, 2, 2, 1, -2, -2, 1, 2, 2, 1, 1, -2, -1, -2, 1, -2, -1, -2, 1]"
732,dfs_bnb_mpi,231.155,-18,19,53875758,"[-1, -1, 2, 2, 2, 1, 1, -2, -1, -2, 1, 1, 2, 2, 2, -1, -1, -1, -1, -2, -1, -2, 1, -2, -1, -1, -2, 1, 1]"
733,dfs_bnb_mpi,484.446,-18,19,121250471,"[-1, -1, 2, -1, -1, 2, 2, 1, -2, 1, 2, 2, 1, -2, -2, -2, 1, 1, 2, -1, 2, 2, 2, -1, -1, -1, -1, -2, 1]"
734,dfs_bnb_mpi,2768.94,-18,19,613118642,"[-1, -1, 2, 2, 2, 1, 1, 2, 2, 1, -2, 1, 1, -2, -2, -1, -2, 1, -2, -1, -1, 2, -1, -1, 2, 1, 1, 2, 1]"
735,dfs_bnb_mpi,1586.06,-18,19,393812250,"[-1, -1, 2, 2, 1, -2, 1, 2, 1, 2, -1, 2, 2, -1, -2, -2, -1, 2, 2, -1, -2, -1, -2, 1, -2, -1, -2, 1, -2]"
736,dfs_bnb_mpi,930.312,-19,20,225652139,"[-1, -2, -2, -1, 2, 2, 2, -1, 2, 1, 2, 1, 1, -2, -1, -2, 1, 1, 2, 1, -2, -2, -1, -2, -1, -2, 1, 1, 2]"
737,dfs_bnb_mpi,1981.8,-17,18,442163545,"[-1, -2, -2, -1, 2, 2, 2, 1, 2, -1, -1, -1, -1, -2, -2, -1, -2, -2, 1, 2, 1, 2, 2, 1, -2, -2, -2, -1, -2]"
738,dfs_bnb_mpi,107.795,-19,20,23919141,"[-1, -1, 2, 1, 1, 1, -2, -2, -2, -2, -2, -1, -1, 2, 1, 2, 2, -1, -2, -1, 2, -1, 2, -1, -2, -2, 1, -2, 1]"
739,dfs_bnb_mpi,173.354,-17,18,39041281,"[-1, -1, 2, 2, 2, 2, -1, -2, -2, -2, -2, -2, 1, 1, 1, 1, 2, 2, -1, -1, 2, 2, 2, 1, -2, -2, 1, 2, 2]"
740,dfs_bnb_mpi,644.569,-17,18,167367367,"[-1, -1, 2, 2, 2, 2, 1, -2, -2, -2, 1, 1, 2, -1, 2, 1, 2, -1, 2, -1, 2, -1, -2, -1, -2, -2, -2, -2, -1]"
741,dfs_bnb_mpi,712.395,-18,19,170139238,"[-1, -1, 2, 1, 1, 1, 1, 2, -1, -1, 2, 1, 1, 1, -2, -2, -2, -2, -2, -1, 2, 2, -1, -2, -2, -1, 2, -1, -1]"
742,dfs_bnb_mpi,4689.4,-18,18,1025987201,"[-1, -2, -1, -1, -2, -2, -1, 2, -1, -1, 2, 2, 2, 1, 2, 1, 1, 1, 1, -2, -1, -2, -1, 2, -1, -2, -1, -2, 1]"
743,dfs_bnb_mpi,1831.81,-18,19,425622652,"[-1, -1, 2, -1, -2, -1, 2, -1, -2, -2, -2, 1, -2, -1, -2, 1, 1, 2, 2, 1, -2, -2, 1, 2, 2, 2, -1, -1, -1]"
744,dfs_bnb_mpi,605,-18,19,137246890,"[-1, -1, -1, -1, 2, -1, 2, 2, 2, 1, -2, -2, 1, -2, 1, 1, 1, 2, -1, -1, 2, -1, 2, 2, 1, -2, 1, -2, 1]"
745,dfs_bnb_mpi,1630,-19,20,387342498,"[-1, -1, 2, 2, 1, -2, 1, 1, -2, 1, -2, -2, -2, -1, -2, -1, 2, -1, -2, -1, 2, 2, 2, 1, 1, 1, -2, -1, -1]"
746,dfs_bnb_mpi,1728.29,-16,17,376982072,"[-1, -1, 2, 2, 2, 2, 1, 1, 1, -2, 1, 1, -2, -1, -1, -1, 2, -1, -2, -2, 1, 1, 1, -2, -1, -2, -1, -1, -1]"
747,dfs_bnb_mpi,108.273,-17,18,25787951,"[-1, -1, 2, 2, 2, 2, 1, -2, 1, 2, 2, 1, 1, -2, -1, -2, 1, -2, -1, -1, -1, -2, 1, 1, 1, 1, -2, -1, -1]"
748,dfs_bnb_mpi,1283.85,-18,19,285658517,"[-1, -1, 2, -1, -2, -1, -2, -2, -1, -2, -2, 1, 2, 1, 2, 2, 1, -2, 1, 2, 1, -2, -2, -2, -1, 2, -1, -2, -1]"
749,dfs_bnb_mpi,752.55,-17,18,169707644,"[-1, -2, -1, -2, 1, -2, 1, -2, -2, 1, 1, 2, -1, 2, 2, -1, 2, 1, 2, 1, -2, 1, 1, -2, -1, -1, -2, 1, 1]"
750,dfs_bnb_mpi,154.321,-19,19,38911350,"[-1, -2, 1, 1, -2, -2, -1, 2, -1, -2, -1, -1, 2, 1, 2, 2, -1, -2, -1, 2, 2, 1, 2, 1, -2, 1, 1, 1, -2]"
751,dfs_bnb_mpi,513.416,-18,19,114057613,"[-1, -1, -1, 2, -1, -2, -1, -2, -2, -2, -2, 1, 2, 1, 2, -1, 2, 1, 1, 1, 1, -2, -2, -1, 2, -1, -2, -2, -1]"
752,dfs_bnb_mpi,4197.71,-17,18,1059760500,"[-1, -1, 2, 2, 2, -1, -2, -1, 2, -1, -2, -2, 1, 1, -2, -1, -1, -2, -1, -2, 1, 1, 2, 1, 1, 1, -2, -1, -1]"
753,dfs_bnb_mpi,61.0381,-18,19,14477286,"[-1, -1, 2, 2, -1, -1, -1, -2, 1, 1, -2, -1, -1, -2, 1, 1, 1, 1, 1, -2, -1, -2, -1, 2, -1, -1, -2, 1, -2]"
754,dfs_bnb_mpi,410.402,-17,18,97907999,"[-1, -2, -1, -2, 1, 1, 2, 1, 2, 2, 1, -2, -2, 1, -2, -1, -1, -2, -1, -1, -2, 1, 1, 1, 2, 1, 1, 2, 2]"
755,dfs_bnb_mpi,887.183,-19,20,209930007,"[-1, -1, 2, 1, 2, 1, 1, 1, -2, -2, -2, -2, 1, -2, -1, -1, 2, -1, -2, -1, 2, -1, 2, 1, 1, 1, 2, 2, -1]"
756,dfs_bnb_mpi,4151.89,-18,19,966222907,"[-1, -2, 1, 1, 2, 2, 2, 1, -2, 1, -2, -1, -2, -2, 1, 2, 1, 2, 1, 2, -1, 2, -1, 2, -1, -1, -1, -2, -2]"
757,dfs_bnb_mpi,209.604,-19,20,53173571,"[-1, -1, 2, 1, 2, 1, 2, -1, -1, -2, -1, -1, -2, 1, -2, -2, 1, 1, 1, 1, 2, 1, 2, 2, 2, -1, -2, -2, -1]"
758,dfs_bnb_mpi,446.566,-18,18,110795309,"[-1, -2, -1, 2, -1, -2, -2, -2, -1, 2, 2, 2, 2, 1, 1, 1, 2, 1, -2, 1, -2, -2, -1, -2, -1, -1, -2, 1, 1]"
759,dfs_bnb_mpi,852.805,-18,19,191972684,"[-1, -2, -1, -2, -1, -1, -1, 2, 2, 2, 2, 1, 2, 1, -2, -2, -1, -2, -2, 1, 2, 1, 2, 1, 1, 2, -1, -1, 2]"
760,dfs_bnb_mpi,419.879,-19,20,97615388,"[-1, -2, 1, 1, 1, 2, -1, 2, -1, 2, 2, -1, -2, -2, -1, -2, -1, 2, 2, 1, 2, -1, 2, 1, 1, 1, 1, -2, -2]"
761,dfs_bnb_mpi,1153.27,-18,19,257072829,"[-1, -1, 2, 2, 1, -2, 1, 2, 2, -1, 2, 2, 2, -1, -2, -1, -2, 1, -2, -1, -2, -2, -1, 2, 2, 2, 2, 2, 1]"
762,dfs_bnb_mpi,2485.99,-18,19,594537184,"[-1, -1, 2, 1, 2, 1, 1, 1, 1, -2, 1, -2, -1, -2, -1, -2, -1, -1, -1, -1, 2, 1, 1, 1, 2, 1, 2, -1, -1]"
763,dfs_bnb_mpi,408.679,-19,20,98110307,"[-1, -2, 1, 1, 2, 2, -1, 2, 1, 1, -2, -2, 1, 2, 1, -2, -2, -2, -1, 2, -1, -2, -2, -1, 2, -1, -1, -2, 1]"
764,dfs_bnb_mpi,474.087,-18,19,106522741,"[-1, -1, 2, 2, 2, 2, -1, -2, -2, -2, -1, 2, 2, 2, 2, 1, 1, 1, 1, -2, -1, -2, -2, -2, 1, 2, 1, 2, -1]"
765,dfs_bnb_mpi,101.435,-17,18,24191401,"[-1, -1, 2, 2, -1, -1, -1, -1, -1, -2, 1, 1, 1, 1, -2, -1, -1, -1, -1, -2, 1, 1, 1, 1, 1, -2, 1, 2, 1]"
766,dfs_bnb_mpi,973.687,-18,19,250020881,"[-1, -1, 2, 2, 2, 2, 2, 1, -2, -2, -2, -2, 1, 2, 1, -2, 1, 2, 1, 2, -1, -1, 2, 1, 2, -1, -1, -2, -2]"
767,dfs_bnb_mpi,632.603,-18,19,147979138,"[-1, -1, 2, 2, -1, -2, -2, -2, 1, -2, -1, -2, -1, 2, -1, -2, -1, 2, 2, 1, 2, -1, 2, 1, 2, 1, -2, -2, -2]"
768,dfs_bnb_mpi,430.615,-18,19,110258388,"[-1, -2, 1, 1, 2, 2, -1, 2, 1, 1, -2, 1, -2, -1, -2, -2, -1, -1, -1, -1, -2, 1, 1, 1, 1, 1, 2, 2, 1]"
769,dfs_bnb_mpi,984.462,-17,18,222183919,"[-1, -1, 2, 2, 2, 1, 2, 2, 1, 1, 1, -2, -1, -1, -2, 1, -2, -1, -1, -2, 1, 1, -2, 1, 1, 2, -1, 2, 2]"
770,dfs_bnb_mpi,326.616,-18,18,84837222,"[-1, -1, 2, 2, 1, -2, 1, 2, 2, 1, 2, -1, -1, -2, -1, -1, -2, -2, -2, -2, 1, 1, 1, 1, 2, 2, 2, 1, 2]"
771,dfs_bnb_mpi,1280.07,-18,19,285941226,"[-1, -1, -1, 2, 2, 1, -2, 1, 2, 1, -2, 1, -2, -2, -1, -2, -1, 2, -1, -1, -2, 1, -2, -1, -1, 2, 2, 2, 2]"
772,dfs_bnb_mpi,1150.5,-18,19,260363906,"[-1, -1, 2, 2, 1, -2, 1, 1, 2, -1, 2, -1, 2, -1, -2, -1, 2, -1, -2, -1, -2, 1, -2, -1, -2, 1, 1, 2, 2]"
773,dfs_bnb_mpi,156.216,-19,20,38631175,"[-1, -2, 1, -2, 1, 2, 1, -2, 1, 2, 2, -1, -1, 2, 1, 1, 2, 2, -1, -2, -1, 2, 2, -1, -2, -2, -1, -2, 1]"
774,dfs_bnb_mpi,397.36,-17,18,96862867,"[-1, -1, 2, -1, 2, 2, -1, -2, -2, -1, -2, -2, 1, 2, 1, -2, 1, -2, -1, -1, -1, -1, 2, 2, -1, 2, 1, 2, 1]"
775,dfs_bnb_mpi,365.002,-18,19,82188802,"[-1, -1, 2, -1, 2, 1, 1, -2, 1, 2, 1, -2, -2, 1, 2, 2, 2, -1, -1, -1, -1, -1, 2, 1, 1, 1, 1, 1, 2]"
776,dfs_bnb_mpi,3086.91,-17,18,773807863,"[-1, -1, 2, 2, 2, -1, 2, -1, -1, -2, -2, -1, 2, -1, -2, -2, 1, 1, -2, -2, 1, 1, 2, -1, 2, 1, 2, -1, 2]"
777,dfs_bnb_mpi,178.863,-18,19,41427058,"[-1, -2, 1, 1, 2, 2, 1, -2, -2, -2, -1, -1, -1, -1, -2, 1, 1, 1, 1, 1, 1, 2, -1, 2, 1, 2, -1, 2, 2]"
778,dfs_bnb_mpi,1142.99,-18,19,251706225,"[-1, -1, 2, 2, 2, 2, 2, 1, 1, 2, 1, -2, 1, -2, -1, -1, -1, -2, 1, 1, -2, -1, -1, -2, 1, 1, 1, 2, 2]"
779,dfs_bnb_mpi,1100.32,-19,20,249597524,"[-1, -2, -1, 2, 2, 1, 1, 1, -2, 1, -2, -2, -2, 1, -2, -1, -1, 2, -1, -2, -1, 2, -1, 2, 1, 1, 2, 1, -2]"
780,dfs_bnb_mpi,135.763,-18,19,35022263,"[-1, -1, 2, 2, 2, 2, 1, 1, -2, -1, -2, -2, 1, 2, 1, -2, -2, -2, -1, -1, -1, -1, 2, 2, 2, 2, -1, 2, 1]"
781,dfs_bnb_mpi,3058.14,-17,17,791309991,"[-1, -1, 2, 2, 2, 2, -1, -2, -1, -2, 1, -2, -2, -2, -2, 1, 2, 1, 1, 1, 2, 2, -1, -1, 2, 1, 2, -1, 2]"
782,dfs_bnb_mpi,1158.74,-18,18,268131823,"[-1, -1, 2, 1, 2, 2, 1, 2, 2, 2, -1, -1, -2, 1, -2, -1, -1, 2, -1, -2, -2, 1, 1, -2, -1, -1, -2, 1, -2]"
783,dfs_bnb_mpi,395.913,-18,19,98299822,"[-1, -1, 2, 1, 2, -1, -1, -2, -2, -1, 2, 2, 2, 1, 2, 1, -2, 1, 2, 1, 2, 1, -2, -2, -2, -2, -1, 2, 2]"
784,dfs_bnb_mpi,177.188,-19,20,43188779,"[-1, -1, 2, 1, 1, 2, -1, -1, -1, -1, -2, 1, -2, -1, -2, 1, 1, 1, 1, 1, -2, -1, -2, -1, -1, -1, 2, 1, 1]"
785,dfs_bnb_mpi,2892.18,-18,19,678926709,"[-1, -1, 2, 2, 2, 2, 2, 1, 1, -2, -2, 1, 2, 2, 1, -2, -2, -2, -2, -2, -1, 2, 2, -1, -2, -1, 2, 2, 2]"
786,dfs_bnb_mpi,290.765,-17,18,72666798,"[-1, -1, 2, 2, 2, 2, 2, -1, -1, -1, -2, 1, 1, -2, -2, -2, -1, 2, 2, -1, -1, -2, 1, -2, -2, 1, -2, 1, 2]"
787,dfs_bnb_mpi,484.431,-18,19,109143786,"[-1, -1, 2, 2, -1, -2, -1, 2, 2, 1, 1, 1, -2, -2, 1, 1, 2, -1, 2, 1, 2, -1, 2, -1, -2, -1, 2, -1, -2]"
788,dfs_bnb_mpi,2310.87,-17,18,523097414,"[-1, -1, 2, 2, 2, 2, 2, 2, 1, 1, -2, -1, -2, 1, -2, -1, -2, -2, 1, 2, 1, 2, 2, 1, -2, -2, -2, -1, -2]"
789,dfs_bnb_mpi,978.969,-18,19,216248979,"[-1, -2, -1, 2, 2, 1, 2, -1, -1, -1, -1, -1, -2, -2, -2, -2, 1, 2, 2, 2, 1, 1, -2, -1, -2, 1, -2, -1, -2]"
790,dfs_bnb_mpi,636.645,-18,19,145906797,"[-1, -1, 2, 2, 1, -2, 1, 1, -2, -2, -1, -2, -1, 2, -1, -1, 2, -1, 2, 1, 2, -1, 2, 1, 1, 1, 1, -2, 1]"
791,dfs_bnb_mpi,309.37,-19,20,70145130,"[-1, -1, -1, 2, 1, 1, 1, 1, -2, 1, 1, -2, -1, -1, -2, 1, -2, -1, -1, 2, 2, -1, -1, -1, -2, 1, -2, 1, 2]"
792,dfs_bnb_mpi,580.552,-18,19,154453478,"[-1, -1, 2, 2, 2, 1, -2, -2, 1, 2, 2, 2, 1, 1, -2, -1, -2, 1, 1, -2, -2, -1, 2, -1, -2, -2, -1, -1, -1]"
793,dfs_bnb_mpi,1312.04,-18,19,322071399,"[-1, -1, 2, 2, 2, 1, 1, 1, -2, -1, -1, -2, 1, 1, 1, 2, 1, 2, 2, 2, -1, -1, -1, -1, -2, 1, 1, 1, -2]"
794,dfs_bnb_mpi,1009.21,-19,20,223634535,"[-1, -2, 1, 1, 2, 2, 1, 1, 1, 1, -2, -2, -2, -1, -2, -1, 2, 2, 1, 2, -1, -1, -2, -2, -1, -1, -2, 1, 1]"
795,dfs_bnb_mpi,521.587,-19,20,125155276,"[-1, -2, -1, -2, 1, 1, 2, 1, -2, 1, -2, -1, -1, -1, -1, -2, -2, 1, 2, 1, 1, 1, 1, 2, 2, 2, -1, 2, -1]"
796,dfs_bnb_mpi,3609.4,-17,18,869182371,"[-1, -1, 2, 2, 2, 2, 2, 1, 2, 1, -2, -2, 1, 2, 2, 1, -2, -2, -2, -1, -2, -2, -1, -1, 2, 1, 2, -1, 2]"
797,dfs_bnb_mpi,253.248,-19,19,58309595,"[-1, -1, 2, 2, 1, -2, 1, 1, 2, -1, 2, 1, 2, -1, 2, -1, -1, -2, 1, -2, -1, -1, -2, -2, -1, 2, 2, 2, 1]"
798,dfs_bnb_mpi,3230.91,-18,19,710020369,"[-1, -1, 2, 1, 1, 1, -2, 1, 1, 1, -2, -1, -2, -2, -1, 2, 2, -1, -1, -1, -1, -2, 1, 1, 1, -2, -1, -1, -1]"
799,dfs_bnb_mpi,1257.96,-18,19,287917956,"[-1, -1, 2, 1, 2, 2, 2, 1, -2, 1, 1, 2, 1, -2, -2, -1, -1, -1, -2, 1, 1, 1, -2, -1, -1, -2, -1, -1, -1]"
800,dfs_bnb_mpi,586.709,-18,19,138633567,"[-1, -1, 2, 2, 2, 2, 1, -2, 1, 2, 2, 2, 1, -2, -2, -2, -2, -1, -1, -2, 1, 1, -2, 1, 2, 2, 2, 2, 2]"
801,dfs_bnb_mpi,2442.66,-18,19,550795034,"[-1, -1, 2, 2, 2, 1, 2, 1, 1, 2, 1, 1, -2, -1, -2, -2, -2, 1, -2, -1, -1, 2, 2, 2, -1, -2, -1, -2, 1]"
802,dfs_bnb_mpi,880.841,-18,19,215043638,"[-1, -1, 2, 2, 1, -2, 1, 2, 2, 2, 2, -1, -2, -2, -1, -1, -2, -2, -2, -1, 2, 2, 2, 2, 2, 1, 1, -2, -1]"
803,dfs_bnb_mpi,1066.48,-18,19,251707246,"[-1, -1, 2, 2, 1, -2, 1, 1, -2, -2, -2, -1, 2, -1, -2, -2, -1, -1, -1, 2, 1, 1, 2, -1, 2, 2, -1, -2, -2]"
804,dfs_bnb_mpi,239.901,-18,19,56022370,"[-1, -1, 2, 2, 1, -2, 1, 1, -2, 1, 2, 1, 2, -1, 2, -1, -2, -1, 2, 2, 1, 2, -1, -1, -2, -2, -1, -1, -2]"
805,dfs_bnb_mpi,564.408,-18,19,131466558,"[-1, -1, 2, 1, 2, -1, 2, -1, -2, -1, 2, -1, 2, -1, -2, -2, 1, -2, 1, 1, -2, -2, -1, 2, -1, -2, -1, 2, 2]"
806,dfs_bnb_mpi,1161.37,-18,19,291339639,"[-1, -1, 2, 2, 2, 1, -2, -2, 1, 2, 2, 2, -1, 2, -1, -2, -1, -2, -1, -1, -2, -2, -2, 1, 2, 2, 1, -2, -2]"
807,dfs_bnb_mpi,524.654,-18,19,116798346,"[-1, -1, 2, 1, 2, 2, 2, 1, -2, -2, -2, 1, -2, 1, 2, 2, -1, 2, 2, 1, -2, 1, -2, -2, 1, 2, 2, 2, -1]"
808,dfs_bnb_mpi,1218.15,-18,19,273943859,"[-1, -1, 2, 2, 2, 1, -2, -2, 1, 2, 1, -2, 1, 2, 1, -2, -2, -1, -2, 1, -2, -1, -1, -1, -1, 2, 1, 1, 2]"
809,dfs_bnb_mpi,362.046,-17,18,90739245,"[-1, -1, 2, 2, 1, -2, 1, 2, 2, -1, 2, 1, 1, -2, 1, 2, 1, -2, 1, -2, -1, -1, -1, -2, -2, 1, 2, 1, 1]"
810,dfs_bnb_mpi,1187.28,-18,19,265831872,"[-1, -1, 2, 1, 2, 2, 1, 2, 1, 1, 1, -2, 1, -2, -1, -2, -1, 2, 2, -1, -2, -1, -2, 1, -2, -2, -1, -1, -1]"
811,dfs_bnb_mpi,500.369,-18,19,117809425,"[-1, -1, 2, 2, 2, 1, 1, 2, 1, -2, 1, -2, -1, -1, -1, -2, 1, 1, -2, -2, -1, -1, -2, -1, 2, -1, 2, 2, 2]"
812,dfs_bnb_mpi,47.393,-18,19,11510130,"[-1, -1, 2, 1, 1, 2, -1, -1, -1, -2, -1, -2, 1, -2, 1, 1, 1, -2, -2, -1, 2, -1, -2, -2, -1, 2, 2, -1, 2]"
813,dfs_bnb_mpi,4604.33,-17,18,1055693599,"[-1, -1, 2, 2, 1, -2, 1, 1, 1, 2, -1, -1, 2, 1, 2, -1, 2, -1, -1, -1, -2, 1, 1, -2, -1, -1, -2, -2, -2]"
814,dfs_bnb_mpi,592.718,-18,19,139524211,"[-1, -1, 2, 2, 1, -2, 1, 1, -2, -2, 1, 2, 2, 1, 2, -1, -1, -1, 2, 1, 1, 2, -1, -1, 2, -1, -2, -2, -1]"
815,dfs_bnb_mpi,3060.12,-18,19,678198226,"[-1, -1, 2, -1, -1, -1, -1, -2, -2, 1, 1, -2, -1, -2, -2, 1, 2, 1, 2, 1, -2, 1, 2, 2, -1, -1, 2, -1, -1]"
816,dfs_bnb_mpi,1579.92,-15,16,353890578,"[-1, -1, 2, 2, 2, 2, 2, 2, 2, 1, 1, -2, -1, -2, -2, 1, 2, 1, -2, -2, -1, -1, -2, -2, 1, 2, 1, 1, 2]"
817,dfs_bnb_mpi,202.141,-17,18,47121303,"[-1, -1, 2, 2, 2, 1, 2, -1, 2, 1, 2, 1, -2, -2, -2, -2, -1, -2, 1, 1, 1, 2, -1, 2, 1, 2, -1, 2, 2]"
818,dfs_bnb_mpi,689.18,-18,19,171356672,"[-1, -2, -1, 2, 2, 1, 2, -1, 2, -1, -1, -1, -1, -2, 1, 1, -2, -1, -1, -2, 1, 1, -2, -2, 1, 2, 2, 2, 2]"
819,dfs_bnb_mpi,280.405,-18,19,73940454,"[-1, -1, 2, 1, 2, 1, 2, -1, -1, -2, -1, -2, -2, -2, -2, 1, 2, 1, -2, -2, 1, 1, 2, -1, 2, 1, 2, 2, -1]"
820,dfs_bnb_mpi,769.679,-19,20,171514184,"[-1, -1, 2, -1, -2, -2, 1, 1, 1, -2, 1, 2, 1, 2, -1, 2, 1, 2, 2, -1, -2, -1, 2, -1, -1, -2, 1, -2, 1]"
821,dfs_bnb_mpi,981.909,-18,19,236850238,"[-1, -2, 1, 1, 1, -2, 1, -2, -1, -2, -2, -1, 2, 2, 2, -1, -2, -2, -2, -1, -1, 2, 1, 2, 2, -1, -1, -2, 1]"
822,dfs_bnb_mpi,1276.21,-18,19,309235205,"[-1, -1, 2, 2, 1, -2, 1, 1, -2, 1, 2, 2, 2, -1, 2, 1, 2, 2, -1, -2, -1, -2, -1, -1, -2, 1, 1, -2, 1]"
823,dfs_bnb_mpi,2480.21,-17,18,549056483,"[-1, -1, 2, 2, -1, -1, -1, -1, -1, -2, 1, -2, -1, -2, 1, 1, 2, 2, 1, 1, -2, -1, -2, 1, 1, -2, -1, -1, -1]"
824,dfs_bnb_mpi,299.937,-18,19,72467309,"[-1, -1, 2, 2, 1, -2, 1, 2, 2, 1, 1, 1, -2, -1, -1, -2, 1, 1, -2, -2, -1, 2, -1, -2, -1, -2, -1, 2, -1]"
825,dfs_bnb_mpi,67.5853,-18,19,16247481,"[-1, -1, 2, 2, 2, 2, 1, 1, -2, -1, -2, -2, 1, 2, 1, -2, -2, 1, 1, 2, -1, 2, 1, 1, 2, -1, -1, -1, 2]"
826,dfs_bnb_mpi,2619.13,-18,18,591204719,"[-1, -1, 2, 2, 2, 1, 2, 2, 1, 2, 1, -2, 1, -2, 1, -2, -1, -2, -2, -1, 2, 2, 2, -1, -2, -2, -1, -2, 1]"
827,dfs_bnb_mpi,702.44,-19,20,168680889,"[-1, -1, 2, 1, 1, 2, 2, 2, -1, -2, -2, -1, 2, 2, 2, 1, 1, 1, 1, -2, -1, -2, 1, -2, -2, -2, -1, 2, 2]"
828,dfs_bnb_mpi,1131.79,-18,19,275595012,"[-1, -2, -1, -1, -1, -1, 2, 1, 2, 1, -2, 1, 2, 1, 2, -1, 2, -1, -1, -1, -1, -2, -1, -2, 1, 1, 2, 1, 1]"
829,dfs_bnb_mpi,1919.15,-17,18,428032085,"[-1, -1, 2, 2, 2, -1, -2, -1, 2, -1, -2, -2, 1, 1, -2, -2, 1, -2, -1, -1, 2, 2, -1, -2, -2, -1, 2, 2, 2]"
830,dfs_bnb_mpi,132.26,-17,18,30440019,"[-1, -1, 2, 2, 2, 2, 1, -2, 1, 2, 2, 1, -2, -2, 1, -2, -1, -1, -1, -2, 1, 1, 1, 1, 1, -2, -1, -1, -1]"
831,dfs_bnb_mpi,675.595,-19,20,177006569,"[-1, -2, -2, -2, -2, 1, 2, 2, 2, 1, 1, -2, -1, -2, 1, -2, -1, -2, 1, -2, 1, 2, 2, 2, 2, 2, 2, -1, -1]"
832,dfs_bnb_mpi,1308.63,-18,19,288238945,"[-1, -1, 2, -1, -1, -1, -1, -2, -2, -2, -1, -2, 1, 1, 2, 2, 2, 1, 1, -2, 1, 1, -2, -1, -1, -2, -1, 2, 2]"
833,dfs_bnb_mpi,103.458,-19,20,24725149,"[-1, -1, 2, 1, 2, 1, -2, 1, -2, -2, -1, -2, -1, 2, -1, -2, -1, 2, 2, 2, 2, 1, 2, 1, 2, 1, -2, 1, -2]"
834,dfs_bnb_mpi,177.261,-17,18,41836600,"[-1, -1, 2, 2, 1, -2, 1, 1, 2, -1, 2, 2, 1, -2, 1, 2, 2, -1, -1, -1, -2, -2, -1, 2, -1, -2, -2, -2, -1]"
835,dfs_bnb_mpi,2762.86,-18,19,620740164,"[-1, -1, 2, 1, 2, 2, 2, 2, -1, -1, 2, -1, -1, -2, -2, -2, -2, 1, -2, 1, 2, 1, 2, 2, -1, -2, -1, 2, 2]"
836,dfs_bnb_mpi,299.391,-19,20,71322901,"[-1, -1, 2, 1, 1, 1, -2, 1, -2, -1, -1, -1, -2, 1, 1, 1, -2, -2, -1, 2, -1, -2, -1, 2, -1, -1, 2, 1, 2]"
837,dfs_bnb_mpi,141.314,-19,20,33214205,"[-1, -1, 2, 1, 1, 1, -2, -2, -1, -2, 1, -2, -1, -1, -1, 2, 1, 2, -1, -1, -2, -1, 2, -1, 2, 1, 2, 1, -2]"
838,dfs_bnb_mpi,2375.37,-17,18,525579698,"[-1, -1, 2, -1, -1, 2, -1, -2, -2, 1, 1, -2, 1, 1, -2, -2, -1, 2, -1, -2, -1, 2, 2, -1, -2, -1, 2, 2, 2]"
839,dfs_bnb_mpi,1279.81,-19,20,327692824,"[-1, -1, 2, 2, 2, 1, -2, -2, 1, 1, -2, 1, 2, 1, 2, 2, 2, -1, 2, -1, -1, -2, 1, -2, 1, -2, -1, -1, 2]"
840,dfs_bnb_mpi,4606.99,-17,18,1015420039,"[-1, -1, 2, 2, 2, 2, 2, 1, 1, 1, 1, -2, -1, -2, 1, -2, -2, -2, -1, 2, 2, -1, 2, 2, -1, -2, -2, -2, 1]"
841,dfs_bnb_mpi,627.189,-18,19,164276308,"[-1, -1, 2, 2, 2, 1, 1, -2, -1, -2, 1, 1, 2, 2, 1, 1, -2, -1, -2, 1, 1, -2, -1, -2, -1, 2, -1, -2, -1]"
842,dfs_bnb_mpi,1366.36,-19,20,322833019,"[-1, -2, 1, 1, 2, 1, 1, -2, 1, -2, -1, -2, -1, -2, -2, -1, 2, 2, -1, -2, -2, -1, 2, 2, 2, 1, 1, 1, 2]"
843,dfs_bnb_mpi,1871.31,-17,18,427067412,"[-1, -1, 2, 2, 2, 1, -2, -2, 1, 2, 1, -2, 1, 1, 2, -1, 2, 2, 2, -1, -2, -2, -1, 2, 2, -1, -1, -2, 1]"
844,dfs_bnb_mpi,463.239,-19,20,110606146,"[-1, -1, 2, -1, 2, 1, 2, 1, 2, -1, 2, 1, 1, -2, -2, -2, 1, 2, 2, 2, 1, -2, -2, -2, -2, -1, -1, -1, 2]"
845,dfs_bnb_mpi,118.273,-19,20,29152875,"[-1, -1, -1, 2, 2, 1, -2, 1, 2, 1, 2, -1, -1, 2, 1, 1, 1, 1, -2, -1, -2, 1, 1, -2, -1, -2, -1, 2, -1]"
846,dfs_bnb_mpi,107.58,-18,19,23693167,"[-1, -1, 2, 2, -1, -2, -2, -2, 1, 1, 1, 1, 1, 2, -1, 2, 1, 2, -1, -1, -2, -1, 2, 2, 2, 1, -2, 1, 2]"
847,dfs_bnb_mpi,298.753,-18,19,71435980,"[-1, -1, 2, 2, 2, 1, -2, -2, 1, 1, -2, 1, 2, 2, -1, -1, 2, 2, 1, -2, 1, 1, 2, -1, 2, -1, -1, -1, -2]"
848,dfs_bnb_mpi,850.794,-19,20,206861952,"[-1, -1, 2, 1, 2, 1, -2, 1, 2, 1, -2, -2, -1, -2, 1, -2, -1, -2, -2, -1, 2, -1, -1, 2, 2, 1, 1, -2, -1]"
849,dfs_bnb_mpi,225.288,-18,19,53704317,"[-1, -2, 1, 1, 2, 2, 1, 1, 2, 1, -2, -2, -1, -1, -2, -2, -1, -1, -1, -2, 1, 1, 1, 1, 2, 2, 1, -2, 1]"
850,dfs_bnb_mpi,134.838,-19,20,31454144,"[-1, -1, 2, 1, 2, 1, -2, 1, 2, 2, -1, 2, -1, -2, -1, -2, -1, 2, 2, 1, 2, -1, -1, -2, -2, -2, -2, 1, -2]"
851,dfs_bnb_mpi,1089.73,-17,18,272052193,"[-1, -1, 2, 2, 2, 2, 1, -2, 1, -2, -1, -2, 1, 1, 2, 2, 2, -1, 2, -1, -1, -1, -2, -2, -1, -2, 1, -2, -2]"
852,dfs_bnb_mpi,567.29,-18,19,131390062,"[-1, -1, 2, 1, 1, 2, 1, -2, 1, 2, 2, 1, -2, -2, -2, -2, -1, 2, -1, -2, -1, -2, -1, 2, -1, -2, -1, 2, 2]"
853,dfs_bnb_mpi,356.524,-19,20,80109390,"[-1, -2, -1, 2, 2, 1, 2, 1, -2, 1, 2, 1, 1, -2, -1, -2, -1, -2, -1, -2, -1, -1, -2, 1, 1, 1, 2, 1, 2]"
854,dfs_bnb_mpi,475.282,-18,19,115298005,"[-1, -2, 1, 1, 2, 2, 2, 2, 1, -2, 1, 1, -2, -1, -1, -2, 1, 1, -2, -2, -1, 2, -1, -2, -2, -1, 2, -1, -1]"
855,dfs_bnb_mpi,411.94,-19,19,100114259,"[-1, -2, -2, 1, 1, -2, -1, -1, -2, 1, 1, 1, 2, 1, -2, 1, 2, 2, 2, -1, -2, -1, 2, 2, 2, -1, -2, -2, -1]"
856,dfs_bnb_mpi,4046.9,-18,19,883958949,"[-1, -2, 1, 1, 2, 2, -1, 2, 1, 2, 2, 1, -2, 1, 2, 1, -2, -2, -1, -1, -2, 1, 1, -2, -1, -1, -2, 1, 1]"
857,dfs_bnb_mpi,3364.79,-18,19,773997999,"[-1, -1, 2, -1, -1, -1, -1, -2, -2, -1, -2, 1, -2, 1, 2, 2, 1, -2, -2, 1, 2, 1, 1, 2, -1, -1, 2, -1, -1]"
858,dfs_bnb_mpi,247.364,-17,18,62200705,"[-1, -1, 2, 2, 2, 1, -2, -2, 1, 1, 2, -1, 2, 2, 2, -1, -2, -1, -1, 2, 1, 2, 1, 1, 1, -2, -2, -2, 1]"
859,dfs_bnb_mpi,92.6339,-18,19,22216441,"[-1, -1, 2, 1, 1, 1, 1, 1, -2, -2, -2, -1, 2, 2, -1, -2, -2, -2, -1, 2, 2, -1, -1, -2, 1, -2, -2, 1, 1]"
860,dfs_bnb_mpi,432.048,-18,18,105779448,"[-1, -1, 2, -1, -2, -2, 1, 1, 1, 1, 2, 2, 2, -1, -2, -1, 2, 2, 2, 1, -2, 1, 2, 1, -2, -2, 1, -2, -1]"
861,dfs_bnb_mpi,1702.58,-17,17,379945769,"[-1, -1, 2, 2, 2, 1, 2, -1, 2, 1, 1, 1, 2, 1, -2, -2, -1, -1, -2, 1, -2, -1, -1, -2, 1, 1, 1, 2, 2]"
862,dfs_bnb_mpi,3315.44,-17,18,875528387,"[-1, -1, 2, 2, 1, -2, 1, 1, 1, 1, -2, -1, -1, -2, 1, 1, -2, -1, -2, -1, -1, -1, 2, -1, 2, 1, 1, -2, 1]"
863,dfs_bnb_mpi,711.774,-19,19,160295809,"[-1, -1, 2, 1, 1, 2, 1, -2, -2, -2, -1, -1, -2, -1, 2, -1, -1, 2, 1, 2, -1, 2, 2, 1, 1, 1, -2, -1, -1]"
864,dfs_bnb_mpi,47.9634,-19,20,11736221,"[-1, -2, 1, 1, 2, 1, -2, 1, -2, -1, -1, -1, -2, 1, 1, 1, -2, -2, -1, 2, -1, -2, -1, 2, -1, 2, -1, 2, 1]"
865,dfs_bnb_mpi,234.853,-17,18,62762428,"[-1, -1, 2, 2, 2, 1, 2, 1, -2, -2, -1, -2, 1, 1, 2, 1, -2, 1, 2, 2, -1, -1, 2, 1, 2, -1, -1, -1, 2]"
866,dfs_bnb_mpi,199.233,-18,19,45449705,"[-1, -1, 2, 2, 2, 1, 2, 2, 1, 1, 1, -2, -1, -1, -2, 1, -2, -1, -1, -2, 1, 1, -2, 1, 1, 2, -1, 2, 2]"
867,dfs_bnb_mpi,519.022,-19,20,132166684,"[-1, -1, 2, 1, 1, 2, 1, 1, -2, -1, -2, 1, -2, 1, 2, 2, 2, 2, -1, 2, -1, -2, -1, 2, -1, -2, -1, -2, 1]"
868,dfs_bnb_mpi,167.403,-18,18,44174538,"[-1, -1, 2, 2, 2, 2, 2, 1, -2, -2, -2, -2, 1, 2, 2, 2, 1, -2, 1, 1, -2, -1, -1, -2, 1, 1, -2, -1, -1]"
869,dfs_bnb_mpi,168.177,-19,20,44446487,"[-1, -1, 2, 1, 2, 1, 1, 1, 2, -1, -1, -1, -1, -2, -1, -2, -2, -2, 1, 1, -2, 1, 2, 1, 2, 1, 2, -1, -1]"
870,dfs_bnb_mpi,499.917,-18,19,134386829,"[-1, -1, 2, 1, 2, -1, 2, -1, -2, -1, -2, 1, -2, -1, -1, 2, -1, 2, 1, 2, 1, 2, 1, 1, 1, -2, 1, -2, -2]"
871,dfs_bnb_mpi,5147.69,-17,18,1138495486,"[-1, -1, 2, 2, -1, -2, -1, 2, -1, -2, -1, -1, -2, 1, 1, -2, -1, -2, 1, 1, 2, 2, 1, -2, 1, 1, -2, -1, -1]"
872,dfs_bnb_mpi,1014.89,-18,19,266374787,"[-1, -2, 1, 1, 2, 1, -2, 1, 2, 1, -2, -2, -1, -1, -1, -1, -1, -2, -1, -2, 1, 1, 2, 1, 1, 1, -2, -1, -1]"
873,dfs_bnb_mpi,383.734,-17,18,88810995,"[-1, -1, 2, 2, 2, -1, 2, -1, -2, -1, 2, -1, -2, -2, 1, -2, 1, 2, 1, -2, -2, -2, -1, 2, -1, -1, 2, -1, 2]"
874,dfs_bnb_mpi,304.349,-18,19,79946736,"[-1, -1, 2, 2, 2, 2, 2, 1, -2, -2, 1, -2, -1, -2, 1, 1, 1, 2, -1, 2, 1, 2, 2, 2, -1, -2, -1, -2, 1]"
875,dfs_bnb_mpi,2632.35,-19,20,591729642,"[-1, -2, 1, 1, -2, -2, -1, 2, -1, -2, -2, 1, -2, 1, 2, 1, 2, 1, 1, 2, 2, 2, -1, -2, -2, -1, 2, 2, -1]"
876,dfs_bnb_mpi,1114.21,-17,18,270424434,"[-1, -1, 2, 2, -1, -1, -1, -2, 1, 1, -2, -1, -1, -1, 2, -1, -2, -2, 1, 1, -2, -2, 1, 2, 1, 1, 2, -1, -1]"
877,dfs_bnb_mpi,525.539,-18,19,127738712,"[-1, -1, 2, 1, 1, 1, -2, 1, 2, 2, 2, 2, -1, 2, 2, -1, -2, -2, -1, -1, -2, 1, 1, 1, -2, -1, -1, -1, -1]"
878,dfs_bnb_mpi,176.03,-19,19,44490168,"[-1, -1, 2, 2, 1, -2, 1, 1, 2, -1, 2, 1, 2, 2, -1, -2, -1, -2, -1, -1, -2, -2, -2, -2, 1, 1, 1, 1, 2]"
879,dfs_bnb_mpi,662.93,-17,18,167519486,"[-1, -1, 2, 2, 2, -1, 2, -1, -1, -2, 1, -2, 1, -2, -1, -1, 2, -1, -2, -2, 1, 1, -2, -2, 1, 1, 2, -1, 2]"
880,dfs_bnb_mpi,3452.98,-18,19,754452938,"[-1, -1, -1, 2, -1, 2, 2, 1, 2, 2, 1, 1, 1, -2, -1, -1, -2, 1, 1, 1, -2, -2, -1, 2, -1, -2, -1, 2, -1]"
881,dfs_bnb_mpi,496.959,-18,19,109704789,"[-1, -1, 2, 1, 2, 1, -2, 1, 2, 1, 1, 2, 2, 2, 2, -1, -2, -2, -2, -1, 2, 2, 2, -1, -2, -2, -1, -2, 1]"
882,dfs_bnb_mpi,980.958,-18,19,241046922,"[-1, -1, 2, 2, 2, 2, 2, 1, 1, -2, -1, -2, -2, -2, 1, 1, -2, 1, 2, 1, 2, -1, -1, -1, 2, 1, 2, 1, -2]"
883,dfs_bnb_mpi,2898.98,-18,19,643142839,"[-1, -1, 2, 1, 1, 1, 1, 2, 1, -2, -2, -2, -2, -2, -1, 2, -1, -2, -1, 2, -1, -1, 2, 1, 1, 1, 2, 1, -2]"
884,dfs_bnb_mpi,2271.12,-19,20,507969571,"[-1, -2, 1, 1, 1, 1, 2, 1, 1, 2, -1, 2, 2, -1, -1, -1, -1, -2, -1, -2, 1, 1, 2, 1, 1, -2, -1, -2, -1]"
885,dfs_bnb_mpi,285.229,-18,19,72099406,"[-1, -1, 2, 2, 2, 2, 1, -2, -2, -2, 1, 2, 2, 1, -2, -2, 1, -2, -1, -2, -1, -1, -1, -1, 2, -1, 2, 1, 2]"
886,dfs_bnb_mpi,494.192,-17,18,108211879,"[-1, -1, 2, 2, -1, -1, -1, -1, -2, -2, -2, 1, 2, 2, 1, 1, -2, -1, -2, 1, 1, 1, -2, -1, -1, -1, -1, -1, -1]"
887,dfs_bnb_mpi,393.384,-19,20,95040356,"[-1, -2, -2, -1, -2, 1, 1, 1, 2, -1, 2, 1, 2, 2, 2, -1, -2, -1, -1, -2, -2, -1, -2, -2, -1, 2, 2, 2, 1]"
888,dfs_bnb_mpi,111.481,-18,19,25178633,"[-1, -1, 2, 2, 1, -2, 1, 1, -2, -2, -1, -1, -1, -1, -2, 1, 1, 1, 1, 1, 2, 1, 2, -1, 2, 2, -1, -1, 2]"
889,dfs_bnb_mpi,632.051,-19,20,144293980,"[-1, -2, -2, -2, 1, 2, 2, 1, 2, 1, 1, 2, 1, -2, -2, -2, -1, 2, -1, -2, -1, -2, -2, 1, 1, 1, 2, -1, -1]"
890,dfs_bnb_mpi,845.686,-19,20,216242136,"[-1, -1, 2, 2, 2, 2, 2, 1, 1, -2, -1, -2, 1, 1, 2, 1, -2, 1, -2, -1, -2, -2, -1, 2, 2, -1, -1, -2, 1]"
891,dfs_bnb_mpi,479.833,-17,18,122483404,"[-1, -1, 2, 2, 2, 1, 2, 2, 2, 1, -2, 1, 1, -2, -1, -1, -2, 1, 1, 1, -2, -1, -1, -1, -1, -2, 1, 1, 1]"
892,dfs_bnb_mpi,72.7862,-18,19,17657532,"[-1, -1, 2, 2, 2, 1, -2, -2, 1, 2, 1, -2, -2, 1, 2, 2, 2, -1, -1, 2, -1, -1, 2, 1, 1, 2, 1, -2, -2]"
893,dfs_bnb_mpi,1033.66,-18,19,242689682,"[-1, -1, 2, 2, 2, -1, -2, -2, -2, -2, 1, 1, -2, -1, -2, -1, 2, -1, -1, 2, 1, 2, 2, 2, 2, -1, -2, -2, -2]"
894,dfs_bnb_mpi,1638.54,-18,19,388191342,"[-1, -1, 2, 2, 1, -2, 1, 1, 1, -2, -1, -2, 1, -2, -1, -1, 2, -1, -1, -2, -2, -2, 1, 1, 1, 2, -1, -1, 2]"
895,dfs_bnb_mpi,361.816,-19,20,81613150,"[-1, -2, 1, 1, 2, 1, 2, 1, -2, 1, -2, -2, -2, -1, 2, 2, -1, -2, -1, -1, -1, -2, -2, 1, 1, 1, 2, -1, -1]"
896,dfs_bnb_mpi,526.501,-19,20,117163512,"[-1, -2, -1, -2, -2, -2, 1, -2, 1, 2, 1, -2, 1, 2, 2, -1, -1, -1, 2, 1, 2, 1, 2, 1, -2, 1, -2, -1, -1]"
897,dfs_bnb_mpi,2442.76,-18,19,576618552,"[-1, -1, 2, 2, 2, 1, 1, -2, 1, 2, 1, -2, -2, -2, -2, -2, -1, -1, -1, -1, 2, 1, 1, 1, 2, 2, -1, -1, 2]"
898,dfs_bnb_mpi,172.863,-18,19,41982570,"[-1, -1, 2, 2, -1, -2, -2, -2, -2, -2, 1, 1, 1, 2, -1, -1, 2, 1, 1, 1, 2, 2, 2, -1, -2, -1, 2, 2, 2]"
899,dfs_bnb_mpi,84.1794,-17,18,19151793,"[-1, -1, 2, 2, 2, 2, 1, 2, 1, -2, 1, -2, -1, -1, -2, -2, 1, 2, 1, 1, 2, 1, -2, -2, -1, -1, -2, 1, 1]"
900,dfs_bnb_mpi,449.097,-17,18,100813383,"[-1, -1, 2, 2, 2, 2, 1, 1, -2, -1, -2, -2, 1, 2, 1, 2, 1, -2, -2, -1, -2, 1, -2, -1, -1, -1, -1, -1, 2]"
901,dfs_bnb_mpi,445.101,-18,19,111997475,"[-1, -1, 2, 2, 2, 1, 1, 1, -2, -1, -1, -2, 1, 1, 1, -2, -1, -2, 1, -2, -1, -2, -1, 2, 2, -1, -1, -2, 1]"
902,dfs_bnb_mpi,668.644,-18,18,176183816,"[-1, -1, 2, 2, 2, 2, 1, -2, 1, -2, 1, 2, 2, -1, 2, 2, 1, -2, 1, 1, -2, -1, -2, -2, -2, -1, -1, -1, 2]"
903,dfs_bnb_mpi,182.687,-18,19,41347971,"[-1, -1, 2, 2, 2, 2, 2, 1, 1, 2, 1, -2, -2, -1, -1, -2, 1, 1, -2, -1, -1, -2, 1, 1, 1, -2, -1, -2, -1]"
904,dfs_bnb_mpi,170.209,-18,19,41678193,"[-1, -1, 2, 2, 2, 1, -2, -2, 1, 2, 2, 2, -1, 2, -1, -2, -1, -1, -2, 1, -2, -2, -1, 2, -1, -2, -2, 1, 1]"
905,dfs_bnb_mpi,445.838,-18,19,100853903,"[-1, -1, 2, 1, 2, 2, 1, 2, -1, 2, 1, 1, -2, -2, 1, 1, -2, -1, -1, -1, -2, 1, 1, 1, 1, -2, -1, -1, -1]"
906,dfs_bnb_mpi,47.3961,-19,20,12161213,"[-1, -1, 2, -1, -2, -2, 1, 1, -2, -1, -1, -1, -1, 2, 1, 2, -1, 2, 1, 2, 1, 1, 1, -2, 1, 1, -2, -2, -1]"
907,dfs_bnb_mpi,1225.09,-18,19,278789411,"[-1, -1, 2, 2, 2, 1, 2, -1, 2, 1, 2, 1, -2, 1, -2, -1, -2, -2, 1, 2, 1, -2, -2, -2, -1, 2, -1, -1, 2]"
908,dfs_bnb_mpi,1254.56,-18,19,281066837,"[-1, -1, 2, 2, 2, 2, 1, 2, 1, -2, 1, -2, 1, 1, -2, -1, -1, -1, 2, -1, -2, -2, 1, 1, 1, 1, -2, -1, -1]"
909,dfs_bnb_mpi,3162.05,-17,18,800800126,"[-1, -1, 2, 2, 2, 2, 2, 1, 2, 1, 1, 1, -2, -2, -1, 2, -1, -2, -2, 1, 1, -2, -1, -1, -2, -1, 2, 2, 2]"
910,dfs_bnb_mpi,1288.82,-18,19,287073162,"[-1, -1, 2, 1, 2, -1, 2, 1, 2, 2, 1, -2, 1, 2, 1, -2, 1, -2, -1, -1, -1, -2, 1, 1, -2, -2, -1, 2, -1]"
911,dfs_bnb_mpi,911.814,-17,18,232121813,"[-1, -1, 2, 2, 2, 1, 2, 2, 1, -2, -2, 1, 2, 2, 1, -2, -2, 1, -2, -2, -1, 2, -1, -1, -1, -2, 1, 1, -2]"
912,dfs_bnb_mpi,935.694,-19,20,219479959,"[-1, -2, 1, 1, 2, 1, -2, 1, 2, 1, -2, 1, -2, -2, -1, 2, -1, -2, -2, -1, 2, 2, -1, -1, -1, -2, 1, 1, -2]"
913,dfs_bnb_mpi,448.461,-18,19,98552524,"[-1, -1, 2, 2, 2, 2, 2, 2, 1, -2, 1, 1, -2, -2, 1, -2, -1, -1, 2, 2, -1, -2, -2, -2, 1, 1, 1, -2, -1]"
914,dfs_bnb_mpi,199.986,-18,19,47541723,"[-1, -1, 2, 1, 1, 1, -2, 1, -2, -1, -1, -1, -1, -2, 1, 1, -2, -1, -1, -2, 1, 1, 1, 1, 2, -1, 2, 1, 1]"
915,dfs_bnb_mpi,1441.67,-18,19,331732902,"[-1, -1, 2, 1, 1, 2, 1, 1, -2, -1, -2, 1, -2, 1, -2, -1, -2, -1, -1, 2, -1, -2, -1, 2, 2, 1, 1, 1, -2]"
916,dfs_bnb_mpi,1565.14,-19,20,382188367,"[-1, -1, -1, 2, 1, 1, 2, 1, 1, 1, -2, 1, -2, -1, -2, -2, -1, -1, -1, -1, -1, 2, 1, 1, 1, 1, 2, 2, -1]"
917,dfs_bnb_mpi,319.983,-19,20,84514749,"[-1, -1, 2, 1, 1, 1, -2, -2, -1, -2, -1, 2, -1, -2, -1, 2, 2, -1, 2, 1, 2, 1, 2, 1, -2, 1, 2, 1, -2]"
918,dfs_bnb_mpi,4481.3,-17,18,989858163,"[-1, -1, 2, 2, 2, 2, 2, 1, 1, -2, 1, 2, 1, -2, -2, -1, -1, -2, 1, 1, -2, -2, -1, 2, -1, -1, 2, 2, 2]"
919,dfs_bnb_mpi,1638.45,-18,19,378469260,"[-1, -2, 1, 1, 2, 2, 1, -2, 1, 1, -2, -1, -1, -2, 1, -2, -1, -2, -2, -1, 2, 2, -1, -2, -1, 2, 2, 1, 1]"
920,dfs_bnb_mpi,800.298,-18,19,212215669,"[-1, -1, 2, 2, 1, -2, 1, 2, 2, 2, -1, -2, -1, 2, -1, -1, -1, -2, -2, 1, -2, -1, -2, 1, 1, 2, 2, 2, -1]"
921,dfs_bnb_mpi,302.595,-19,20,75711954,"[-1, -2, -1, 2, 2, 2, -1, -2, -2, -2, -2, 1, 1, -2, 1, 1, 2, -1, 2, 1, 1, 2, -1, 2, 2, -1, -1, -2, 1]"
922,dfs_bnb_mpi,1777.21,-18,19,397335099,"[-1, -2, 1, 1, -2, -2, -1, 2, -1, -1, 2, -1, -1, -2, 1, -2, -1, -2, 1, 1, 2, 1, -2, 1, -2, -1, -1, -1, -1]"
923,dfs_bnb_mpi,683.699,-17,17,166321405,"[-1, -1, 2, 2, -1, -1, -2, 1, -2, -2, -1, 2, -1, 2, 2, 2, 2, 1, -2, 1, 2, 1, -2, 1, -2, -2, 1, 2, 2]"
924,dfs_bnb_mpi,300.687,-18,19,73052848,"[-1, -1, 2, 2, -1, 2, -1, -2, -1, 2, -1, -2, -2, 1, 1, 1, -2, -1, -1, -1, -2, 1, -2, 1, 1, 1, 2, -1, -1]"
925,dfs_bnb_mpi,60.6431,-18,19,15189311,"[-1, -1, 2, 2, 1, -2, 1, 2, 1, -2, -2, -2, -1, -1, -1, -2, 1, 1, -2, 1, 2, 1, 2, 1, 2, -1, 2, 2, 2]"
926,dfs_bnb_mpi,473.755,-19,20,108945443,"[-1, -2, -2, -1, -2, -1, 2, -1, 2, 2, 1, -2, 1, 2, 2, -1, 2, 1, 1, -2, 1, 2, 1, -2, -2, -2, -2, -1, 2]"
927,dfs_bnb_mpi,99.9367,-17,18,23578857,"[-1, -1, 2, 2, 2, 2, 2, 2, 1, 1, 1, -2, -1, -1, -2, -2, -2, -2, 1, 1, 2, -1, 2, 2, 1, -2, 1, 2, 2]"
928,dfs_bnb_mpi,304.979,-17,17,73231898,"[-1, -1, 2, 2, 2, 1, 2, 1, -2, -2, -1, -2, 1, 1, 2, 2, 2, 2, -1, -1, -1, -2, -1, -1, -2, 1, -2, -2, -2]"
929,dfs_bnb_mpi,1070.46,-18,19,237945688,"[-1, -1, 2, 2, 2, 2, 1, 2, 1, -2, 1, -2, 1, 1, -2, -2, -1, 2, -1, -1, 2, -1, -2, -2, 1, 1, -2, -2, -1]"
930,dfs_bnb_mpi,1678.21,-18,19,400754108,"[-1, -1, 2, 1, 2, 2, 2, 1, -2, 1, 2, 1, -2, 1, 1, -2, -1, -1, -2, 1, 1, -2, -1, -1, -1, 2, 2, -1, -2]"
931,dfs_bnb_mpi,171.384,-17,18,38983281,"[-1, -1, 2, 2, 2, 1, 2, 1, -2, -2, -1, -2, 1, 1, -2, 1, 2, 1, 2, -1, -1, 2, 1, 1, 2, -1, -1, 2, 2]"
932,dfs_bnb_mpi,416.464,-18,19,95868895,"[-1, -1, 2, 2, 2, 1, -2, -2, 1, 2, 2, 2, 1, -2, 1, -2, 1, -2, -1, -2, 1, 1, -2, -1, -1, -1, 2, 2, 2]"
933,dfs_bnb_mpi,174.719,-18,19,43899731,"[-1, -2, 1, 1, 2, 1, 1, -2, -1, -2, -1, -1, -2, 1, 1, 1, 2, 1, 2, 2, 2, -1, -1, -1, -1, 2, 1, 1, 2]"
934,dfs_bnb_mpi,479.136,-18,19,112047724,"[-1, -1, 2, 2, 1, -2, 1, 2, 2, 2, -1, -2, -1, 2, -1, -2, -1, -1, -2, 1, 1, -2, -1, -2, 1, -2, 1, 1, 1]"
935,dfs_bnb_mpi,234.899,-18,19,58658921,"[-1, -1, 2, 1, 2, 2, -1, -2, -1, -2, -1, 2, 2, 1, 2, 1, 2, 1, -2, 1, 1, -2, -2, 1, -2, -1, -1, 2, 2]"
936,dfs_bnb_mpi,2618.83,-18,19,577363847,"[-1, -1, 2, 2, 2, 1, 2, 2, 2, 1, -2, 1, 1, -2, 1, -2, -2, -1, 2, -1, 2, -1, -2, -2, 1, -2, -1, -1, 2]"
937,dfs_bnb_mpi,171.734,-18,19,43484381,"[-1, -1, 2, 1, 2, 2, 1, -2, -2, 1, 2, 2, 1, -2, -2, -2, -1, -2, 1, 1, -2, -1, -1, -2, -1, 2, -1, 2, 1]"
938,dfs_bnb_mpi,660.576,-18,19,158397231,"[-1, -1, 2, 1, 1, 1, 2, 2, 2, 2, -1, -2, -1, 2, 2, -1, -2, -2, -1, -2, 1, 1, 1, -2, -1, -1, -1, -2, -1]"
939,dfs_bnb_mpi,44.6112,-18,19,10121970,"[-1, -1, 2, 2, 1, -2, 1, 1, 2, -1, 2, 1, 2, -1, -1, -2, -1, -1, -2, -2, -1, 2, -1, 2, 1, 2, 1, 1, 2]"
940,dfs_bnb_mpi,1136.74,-18,19,256265054,"[-1, -1, 2, 2, 1, -2, 1, 2, 1, -2, -2, 1, 2, 1, -2, -2, -1, -2, -1, 2, -1, -1, -1, -2, 1, 1, -2, -1, -1]"
941,dfs_bnb_mpi,1156.63,-18,19,271998981,"[-1, -1, 2, 1, 2, 2, 2, 1, 1, 1, 1, -2, -1, -1, -1, -2, 1, 1, 1, -2, -1, -2, 1, -2, -1, -1, 2, 2, -1]"
942,dfs_bnb_mpi,720.629,-19,20,173989716,"[-1, -1, 2, -1, 2, 2, -1, -2, -2, -2, 1, -2, 1, 1, 1, 1, 2, 2, 2, -1, 2, -1, 2, -1, -2, -2, 1, -2, 1]"
943,dfs_bnb_mpi,2189.15,-18,18,556290166,"[-1, -1, 2, 2, 2, 2, 1, 1, -2, -1, -2, -2, 1, 2, 1, 1, -2, -1, -2, 1, -2, -1, -1, -1, -1, -1, 2, 2, 2]"
944,dfs_bnb_mpi,624.695,-17,18,149079302,"[-1, -1, 2, 2, 2, 2, 2, 2, 1, -2, 1, 1, 1, -2, -1, -1, -1, -2, 1, 1, 1, -2, -1, -1, -1, -2, 1, 1, 1]"
945,dfs_bnb_mpi,482.267,-18,18,124846571,"[-1, -1, 2, 2, 1, -2, 1, 2, 2, 1, -2, -2, 1, 1, -2, -1, -2, -2, -1, -1, -2, -1, 2, -1, 2, 1, 1, 1, 2]"
946,dfs_bnb_mpi,232.676,-19,20,59784949,"[-1, -2, 1, 1, 2, 2, 1, -2, -2, -2, -1, -1, -1, -2, 1, 1, 1, 1, 1, 2, -1, 2, 2, 2, 2, -1, -1, -1, -2]"
947,dfs_bnb_mpi,2318.39,-17,18,521390461,"[-1, -1, 2, 2, 2, 2, 1, 2, 1, -2, 1, 2, 1, -2, -2, -1, -1, -1, -2, -2, 1, 2, 1, -2, 1, 2, 1, 2, 2]"
948,dfs_bnb_mpi,1849.72,-18,19,447109516,"[-1, -1, 2, 2, 2, 2, 2, 1, -2, -2, -2, -2, 1, 2, 2, 1, -2, 1, 2, 2, 2, 2, -1, -2, -2, -1, 2, 2, -1]"
949,dfs_bnb_mpi,2677.6,-18,18,644741556,"[-1, -1, 2, 1, 2, 2, 1, 1, 1, -2, -2, 1, -2, -1, -2, -2, -1, -1, -1, -1, 2, 1, 1, 1, 2, 2, 2, -1, -2]"
950,dfs_bnb_mpi,246.208,-19,20,60417915,"[-1, -1, -1, 2, -1, -2, -2, -2, 1, 2, 1, -2, -2, 1, 2, 2, 1, -2, 1, 2, 2, 2, 2, -1, -2, -1, 2, -1, -2]"
951,dfs_bnb_mpi,363.087,-18,19,90572033,"[-1, -1, 2, 2, 2, 2, 1, -2, -2, -2, 1, 2, 1, -2, -2, -2, -1, -1, -1, -1, 2, 2, -1, 2, 1, 2, 2, -1, -2]"
952,dfs_bnb_mpi,412.282,-18,19,98437854,"[-1, -2, -1, 2, -1, -1, 2, 1, 1, 1, 2, -1, -1, -1, -1, -2, -2, -2, 1, 1, -2, -1, -2, 1, 1, 2, 1, -2, 1]"
953,dfs_bnb_mpi,427.048,-19,19,112862088,"[-1, -1, 2, 1, 2, -1, 2, 2, 1, -2, 1, 2, 1, -2, -2, -1, -2, 1, -2, -2, 1, 2, 1, 2, 2, 2, -1, -2, -2]"
954,dfs_bnb_mpi,185.19,-17,17,42299037,"[-1, -1, 2, 2, 2, 1, -2, -2, 1, 2, 1, 2, -1, 2, -1, -1, -1, -1, -2, 1, -2, -1, -1, -2, 1, 1, -2, -1, -1]"
955,dfs_bnb_mpi,24.528,-19,20,6324539,"[-1, -1, 2, 1, 2, 1, -2, 1, -2, -2, -2, -1, 2, -1, -2, -1, 2, -1, 2, -1, 2, 1, 2, 1, 2, 1, 1, 1, -2]"
956,dfs_bnb_mpi,447.23,-18,19,108642144,"[-1, -1, 2, 2, 2, 1, 1, 2, 1, -2, -2, -1, -1, -2, 1, 1, -2, 1, 1, 2, -1, 2, 2, 2, 2, 1, -2, -2, -2]"
957,dfs_bnb_mpi,1626.79,-18,19,360843025,"[-1, -2, -2, -1, 2, 2, -1, 2, -1, 2, 1, 2, 1, 2, 1, 1, -2, -1, -2, -1, -2, 1, 1, 2, 1, -2, -2, -2, -1]"
958,dfs_bnb_mpi,863.574,-17,18,196251170,"[-1, -1, 2, 2, 2, 2, -1, 2, 1, 1, 2, 1, 1, -2, -1, -2, -1, -2, 1, -2, -1, -2, 1, 1, 2, 1, 2, -1, 2]"
959,dfs_bnb_mpi,837.275,-19,20,209452272,"[-1, -2, 1, 1, 2, 1, -2, 1, -2, -1, -1, -1, -2, 1, 1, 1, 1, -2, -1, -2, -1, 2, -1, -2, -1, 2, -1, 2, 2]"
960,dfs_bnb_mpi,1700.92,-18,19,407796496,"[-1, -1, 2, 2, 2, 1, 2, 1, 2, -1, 2, 1, 1, -2, -2, 1, -2, -1, -2, 1, -2, -2, -1, 2, -1, -1, 2, 1, 2]"
961,dfs_bnb_mpi,716.535,-18,19,171596894,"[-1, -1, 2, 2, -1, -1, -2, 1, -2, -2, 1, 1, 1, 1, 1, 2, -1, 2, 1, 2, 2, -1, -2, -1, 2, -1, -2, -2, 1]"
962,dfs_bnb_mpi,359.058,-18,19,92987916,"[-1, -1, 2, 1, 2, 2, 2, -1, -2, -2, -1, 2, 2, 2, -1, -2, -1, -2, -2, -2, -2, 1, -2, 1, 2, 2, -1, 2, 2]"
963,dfs_bnb_mpi,572.756,-17,18,143866441,"[-1, -2, -1, -2, 1, 1, 2, 1, 2, 2, 1, 1, -2, -1, -2, 1, -2, -2, -2, -1, 2, 2, -1, -2, -1, -1, -1, -1, 2]"
964,dfs_bnb_mpi,94.7393,-17,18,22256264,"[-1, -1, 2, 2, 2, 2, 1, -2, -2, -2, 1, 2, 2, 2, 2, -1, -1, -1, -2, -1, -2, 1, -2, -1, -2, 1, -2, -1, -1]"
965,dfs_bnb_mpi,30.9866,-17,17,6960840,"[-1, -1, 2, 2, 2, 2, 2, 1, 1, -2, -1, -2, 1, 1, -2, -1, -1, -2, 1, 1, -2, -2, -1, -1, -2, -1, 2, -1, 2]"
966,dfs_bnb_mpi,1980.92,-18,19,515689271,"[-1, -1, 2, 2, -1, -1, -1, -2, 1, 1, -2, -1, -1, -2, 1, 1, 1, 1, 1, -2, -1, -2, -1, 2, -1, -2, -1, 2, -1]"
967,dfs_bnb_mpi,275.559,-19,20,68907019,"[-1, -1, 2, 1, 1, 1, -2, 1, 2, 1, 2, -1, -1, 2, -1, -2, -1, -1, 2, 1, 2, 1, 2, 1, -2, 1, 1, -2, -1]"
968,dfs_bnb_mpi,1092.39,-18,19,242021265,"[-1, -1, 2, 2, 2, 1, 2, 2, 1, -2, 1, 1, -2, 1, -2, -1, -1, 2, -1, -2, -1, -2, 1, 1, 1, 1, -2, -1, -1]"
969,dfs_bnb_mpi,548.34,-19,20,130316742,"[-1, -2, -2, 1, 2, 1, 2, 1, -2, 1, 2, 2, 1, -2, -2, -2, -2, -1, 2, -1, -2, -2, -1, -1, -1, 2, 1, 1, 2]"
970,dfs_bnb_mpi,141.432,-19,20,32499453,"[-1, -1, -1, 2, 1, 2, -1, 2, 2, 1, -2, 1, 2, 1, -2, -2, -1, -2, 1, 1, 2, 1, -2, -2, -1, -2, -1, -1, -1]"
971,dfs_bnb_mpi,96.5225,-18,18,22922877,"[-1, -1, 2, 2, 2, 2, 1, -2, -2, -2, 1, 2, 1, 2, -1, 2, 2, -1, -1, -1, -2, -2, -1, -2, 1, -2, -1, -2, 1]"
972,dfs_bnb_mpi,1626.78,-18,18,411446453,"[-1, -1, 2, 2, 2, 2, -1, -2, -1, -2, 1, -2, -2, -2, 1, 1, 1, 1, 2, 2, 2, 2, -1, -2, -2, -1, 2, 2, 2]"
973,dfs_bnb_mpi,1200.62,-19,20,308493639,"[-1, -2, -1, 2, 2, 1, 2, -1, -1, 2, 1, 1, 1, -2, -2, 1, -2, -2, -1, -2, -1, -1, -1, 2, 2, 2, -1, -2, -2]"
974,dfs_bnb_mpi,445.968,-18,19,115222117,"[-1, -1, 2, 2, 2, 1, 1, 2, 1, -2, -2, -1, -1, -2, 1, 1, 1, 1, 2, -1, 2, 2, 2, -1, -1, -1, -1, -2, 1]"
975,dfs_bnb_mpi,870.988,-19,20,210860529,"[-1, -2, 1, 1, 1, 2, -1, 2, -1, 2, 1, 1, 2, -1, -1, 2, 1, 1, 1, 1, -2, -1, -2, 1, -2, -2, -1, 2, -1]"
976,dfs_bnb_mpi,145.33,-18,19,35988487,"[-1, -2, 1, 1, -2, 1, -2, -1, -2, -2, -1, -1, 2, 1, 2, 2, -1, -2, -1, -2, -2, -2, 1, 1, 1, 1, 2, 2, 1]"
977,dfs_bnb_mpi,2351.87,-18,19,567684664,"[-1, -1, 2, 2, -1, -2, -1, -2, 1, -2, -1, -1, -2, 1, -2, -1, -2, 1, 1, 1, 1, 2, 2, 2, -1, -2, -1, -2, 1]"
978,dfs_bnb_mpi,162.197,-18,19,41355222,"[-1, -1, 2, 2, 2, 1, -2, -2, 1, 1, 2, -1, 2, 2, -1, 2, 1, 1, -2, -2, 1, 2, 1, -2, -2, -1, -2, -2, -1]"
979,dfs_bnb_mpi,198.942,-18,19,50426315,"[-1, -1, 2, 1, 1, 1, -2, 1, 2, 1, 1, -2, -1, -2, -1, -1, -1, -1, -2, 1, -2, 1, 2, 1, -2, 1, 2, 1, 2]"
980,dfs_bnb_mpi,53.1501,-18,19,12299315,"[-1, -1, 2, 1, 2, 1, -2, 1, 2, 2, 1, -2, -2, -2, -1, -2, -1, -1, -1, -2, 1, 1, 1, 1, 2, 1, 2, 2, 2]"
981,dfs_bnb_mpi,280.254,-18,19,67609039,"[-1, -1, 2, 2, 2, 1, 1, -2, -1, -2, 1, 1, 1, 1, 2, -1, -1, 2, 1, 1, 2, -1, 2, -1, -2, -1, 2, -1, -2]"
982,dfs_bnb_mpi,126.947,-18,19,28068512,"[-1, -1, 2, -1, 2, 2, 2, 1, 1, 1, 1, 1, -2, -1, -1, -1, -1, -2, 1, -2, 1, 2, 1, 1, -2, -1, -2, 1, 1]"
983,dfs_bnb_mpi,540.558,-17,18,133022555,"[-1, -1, 2, 2, -1, -1, -1, -2, 1, 1, -2, -1, -1, -2, -1, -2, 1, 1, 1, 1, -2, 1, 2, 1, 2, -1, -1, -1, -1]"
984,dfs_bnb_mpi,3117.79,-19,20,694886132,"[-1, -2, -2, -1, 2, -1, -2, -1, -1, -1, 2, 2, 2, 1, 2, 1, 1, 1, 1, -2, -1, -2, -1, 2, -1, -2, -1, -2, 1]"
985,dfs_bnb_mpi,427.239,-18,19,107770607,"[-1, -1, 2, 2, 2, 2, 1, -2, -2, -2, 1, 2, 2, 2, 2, -1, -1, -1, -1, -2, -1, -2, 1, -2, -2, 1, 2, 2, 2]"
986,dfs_bnb_mpi,2795.5,-19,20,616084494,"[-1, -2, 1, -2, 1, -2, 1, 2, 1, -2, 1, 2, 2, 2, 2, -1, 2, -1, -1, -1, -2, 1, 1, -2, 1, -2, -1, -1, 2]"
987,dfs_bnb_mpi,945.168,-17,18,208777547,"[-1, -1, 2, 2, 2, 1, 2, 1, 2, 1, 1, 1, -2, 1, -2, -1, -1, 2, -1, -2, -1, -2, -1, -2, 1, 1, 2, 1, 1]"
988,dfs_bnb_mpi,591.855,-18,19,140190961,"[-1, -1, 2, 2, -1, -1, -2, 1, -2, -1, -1, -2, -2, 1, 2, 1, -2, 1, 2, 1, -2, 1, 2, 1, 2, 2, -1, -1, 2]"
989,dfs_bnb_mpi,727.99,-18,19,185380759,"[-1, -1, 2, 2, 2, 1, 2, 2, 1, -2, -2, 1, -2, -1, -1, -2, 1, 1, -2, -2, 1, 2, 2, 2, 2, 2, 2, -1, -2]"
990,dfs_bnb_mpi,1870.29,-18,19,449757431,"[-1, -1, 2, 1, 1, 1, -2, -2, 1, -2, -1, -1, -2, 1, 1, -2, -1, -2, -1, 2, -1, -1, 2, 1, 2, -1, 2, 1, 1]"
991,dfs_bnb_mpi,400.558,-19,20,94872277,"[-1, -1, -1, 2, 1, 1, 1, 1, -2, 1, 1, 2, -1, 2, 1, 2, 2, -1, -2, -1, 2, -1, -2, -1, -1, -2, 1, 1, 1]"
992,dfs_bnb_mpi,976.826,-19,20,224667479,"[-1, -2, 1, 1, 2, 2, 1, 1, -2, -1, -2, 1, 1, -2, -1, -1, -2, 1, -2, -1, -1, 2, 2, -1, -1, -2, -2, 1, 2]"
993,dfs_bnb_mpi,358.767,-18,19,90831295,"[-1, -1, 2, 2, 2, 2, 1, -2, -2, -2, 1, 1, 2, -1, 2, 2, 2, 2, -1, -2, -1, -1, -2, -2, -2, -2, -1, -2, 1]"
994,dfs_bnb_mpi,1043.85,-17,18,284386924,"[-1, -1, 2, 2, 2, 2, 2, 1, -2, -2, -2, -2, 1, 2, 2, 2, 1, -2, 1, 1, -2, -1, -1, -2, -2, -2, -1, -1, -1]"
995,dfs_bnb_mpi,60.1506,-17,18,15173546,"[-1, -1, 2, 1, 2, 2, 2, -1, -1, -1, -2, 1, 1, -2, -1, -1, -1, 2, -1, -2, -2, 1, -2, 1, 2, 1, -2, -2, 1]"
996,dfs_bnb_mpi,3527.73,-18,19,783762402,"[-1, -2, 1, 1, 2, 1, 2, 1, 2, -1, 2, 2, -1, -1, 2, -1, -2, -2, 1, 1, -2, -2, -1, 2, -1, -2, -1, 2, 2]"
997,dfs_bnb_mpi,54.1425,-18,19,12694184,"[-1, -1, 2, 2, 2, 1, -2, -2, 1, 1, -2, 1, 2, 2, -1, -1, 2, 1, 1, 2, -1, -1, -1, 2, 1, 2, 1, -2, 1]"
998,dfs_bnb_mpi,47.3781,-18,19,10737389,"[-1, -1, 2, 1, 1, 2, -1, -1, 2, 1, 2, -1, -1, -2, -2, -2, -1, 2, 2, 2, -1, -2, -2, -2, -2, 1, 1, -2, 1]"
999,dfs_bnb_mpi,338.903,-19,20,87831514,"[-1, -2, 1, 1, 2, 1, -2, -2, -1, -1, -1, -2, 1, 1, 1, -2, -1, -2, 1, 1, 2, 2, 1, 2, 2, 2, -1, -2, -2]"
