protein_id,algorithm,time,score,checked,placed,hash
0,dfs_bnb_mpi,0.349465,-8,9,98684,"[-1, -1, 2, -1, -2, -1, 2, -1, -1, -2, 1, -2, 1, -2, 1, 2, 1, 1, -2, -1, -2, 1, 1, 2]"
1,dfs_bnb_mpi,33.2965,-7,8,8630820,"[-1, -1, 2, -1, -2, -1, 2, 2, 1, 2, 2, 2, 1, 1, -2, -1, -2, -2, 1, 2, 1, 1, 2, -1]"
2,dfs_bnb_mpi,60.4574,-7,8,17630476,"[-1, -1, 2, 2, 2, 1, -2, 1, 2, 2, -1, -1, 2, 2, -1, -2, -2, -1, -2, -1, -2, 1, 1, 2]"
3,dfs_bnb_mpi,2.5917,-7,8,716877,"[-1, -1, 2, 2, 2, 1, 1, 1, 2, 1, -2, -2, -1, -1, -2, 1, 1, -2, -1, -2, -1, -1, -1, -1]"
4,dfs_bnb_mpi,3.98886,-9,10,1095439,"[-1, -1, 2, 2, -1, -2, -2, -2, -1, 2, 2, -1, 2, 1, 2, -1, 2, -1, -2, -1, -2, -2, 1, 2]"
5,dfs_bnb_mpi,2.90511,-7,8,863995,"[-1, -1, 2, 2, 2, 1, -2, -2, 1, 2, 1, 2, 1, 2, 2, 1, -2, -2, -2, -1, -2, -1, -2, 1]"
6,dfs_bnb_mpi,0.110185,-7,8,33435,"[-1, -1, 2, 2, 1, -2, 1, 2, 1, -2, -2, -2, -1, -1, -2, -1, 2, -1, -1, 2, 1, 2, 2, 2]"
7,dfs_bnb_mpi,1.01077,-7,7,304815,"[-1, -1, 2, 2, 2, -1, -2, -1, -2, 1, -2, -2, 1, 1, 1, 1, 2, 2, -1, -1, 2, 2, 2, 2]"
8,dfs_bnb_mpi,356.484,-6,7,97097415,"[-1, -1, 2, 2, 2, 1, -2, -2, 1, 2, 2, 2, 2, -1, -1, -2, -1, -2, -2, -2, -2, -1, -2, 1]"
9,dfs_bnb_mpi,40.2061,-8,9,12117763,"[-1, -1, 2, 2, -1, 2, -1, -1, -2, 1, -2, -1, -1, -2, 1, -2, -1, -2, 1, 1, 2, 2, 1, 2]"
10,dfs_bnb_mpi,20.1683,-8,9,5949025,"[-1, -1, 2, -1, -2, -2, 1, 1, -2, 1, 2, 1, 2, 1, 2, -1, 2, 2, 2, -1, -2, -2, -2, -1]"
11,dfs_bnb_mpi,2.37644,-8,9,707835,"[-1, -1, 2, -1, -2, -1, -1, -2, 1, 1, -2, -1, -2, 1, 1, 2, 2, 1, 1, 1, -2, -1, -1, -2]"
12,dfs_bnb_mpi,0.085433,-8,9,25922,"[-1, -2, 1, -2, 1, 2, 2, 1, 2, -1, -1, -1, 2, -1, -2, -1, 2, -1, -2, -2, 1, 1, -2, -1]"
13,dfs_bnb_mpi,40.5356,-8,9,11583928,"[-1, -2, 1, 1, -2, -1, -2, 1, 1, 2, 2, 2, -1, 2, 1, 1, -2, 1, -2, 1, -2, -1, -1, 2]"
14,dfs_bnb_mpi,279.988,-7,8,70868743,"[-1, -1, 2, 2, 2, 2, 2, 1, 2, 2, 2, -1, -2, -2, -1, -1, -2, 1, -2, -1, -2, 1, -2, -1]"
15,dfs_bnb_mpi,45.1304,-8,9,13480677,"[-1, -1, 2, 2, 1, 2, -1, -1, 2, -1, -2, -1, -2, -1, -2, 1, -2, -2, 1, 2, 2, 1, 2, -1]"
16,dfs_bnb_mpi,49.8553,-6,7,13619803,"[-1, -1, 2, 2, 2, 2, -1, -1, -2, -2, -2, -2, 1, -2, 1, 1, -2, -1, -1, -1, 2, -1, 2, 2]"
17,dfs_bnb_mpi,21.0498,-8,9,5280953,"[-1, -1, 2, 2, 1, 2, 1, 1, 2, -1, -1, 2, 2, -1, -2, -2, -2, -1, -2, -1, -2, -2, 1, 2]"
18,dfs_bnb_mpi,12.275,-8,9,2883332,"[-1, -1, 2, 2, -1, -2, -2, -1, -2, -1, -2, 1, -2, 1, 2, 2, 1, 1, -2, -1, -2, 1, 1, 2]"
19,dfs_bnb_mpi,1.90416,-8,9,473980,"[-1, -1, 2, 2, 1, 2, 1, 2, -1, 2, -1, -1, -2, 1, -2, -1, -1, 2, -1, -2, -2, 1, 1, -2]"
20,dfs_bnb_mpi,76.0935,-8,9,20974374,"[-1, -2, 1, 1, 1, 1, -2, 1, -2, -1, -1, 2, -1, -1, -1, -2, -1, 2, 2, -1, 2, 1, 2, 1]"
21,dfs_bnb_mpi,196.896,-6,7,47279281,"[-1, -1, 2, 2, -1, -1, -2, 1, -2, -2, 1, 1, -2, -1, -1, -1, -1, 2, 1, 2, -1, 2, 2, 2]"
22,dfs_bnb_mpi,84.4709,-6,7,22119961,"[-1, -1, 2, -1, -2, -1, 2, 2, -1, 2, 2, 2, -1, -2, -1, -2, 1, -2, -2, 1, -2, -2, 1, 1]"
23,dfs_bnb_mpi,22.1617,-9,10,5458395,"[-1, -2, 1, -2, 1, -2, -2, 1, 2, 2, 1, 1, 2, 2, -1, -2, -1, 2, 2, 2, -1, -2, -2, -2]"
24,dfs_bnb_mpi,6.48479,-9,10,1592802,"[-1, -2, 1, -2, -1, -1, 2, 2, 2, 1, 1, 1, -2, 1, -2, -1, -2, -2, 1, 2, 1, 1, 2, -1]"
25,dfs_bnb_mpi,0.803959,-8,9,229125,"[-1, -1, 2, 1, 1, 2, 2, 2, 1, -2, -2, 1, 1, -2, -1, -1, -2, -2, -2, 1, 2, 2, 1, 1]"
26,dfs_bnb_mpi,2.53764,-7,8,781705,"[-1, -1, 2, 2, 2, 2, 1, 1, -2, -1, -2, -2, 1, 1, -2, -2, -1, -2, -2, -1, 2, 2, -1, -1]"
27,dfs_bnb_mpi,7.46863,-8,9,2297712,"[-1, -2, 1, 1, -2, 1, 2, 1, 2, -1, -1, 2, 2, 2, 2, -1, -1, -2, -2, 1, -2, -1, -1, 2]"
28,dfs_bnb_mpi,820.002,-6,7,212089521,"[-1, -1, 2, 2, 2, 1, 2, 2, -1, -1, 2, 2, 2, -1, -2, -2, -1, -2, 1, -2, -2, 1, 2, 1]"
29,dfs_bnb_mpi,0.637771,-8,9,151420,"[-1, -1, 2, -1, 2, 1, 2, 2, 1, -2, 1, -2, -1, -2, 1, 1, 1, 2, -1, 2, 2, 2, 2, 2]"
30,dfs_bnb_mpi,0.922164,-7,8,268615,"[-1, -1, 2, 2, 1, -2, 1, 2, 2, -1, 2, 2, -1, -2, -2, -1, 2, 2, 2, -1, -2, -2, -1, 2]"
31,dfs_bnb_mpi,154.187,-8,9,42796891,"[-1, -1, 2, 1, 2, 2, -1, -2, -1, 2, -1, 2, -1, -2, -2, -1, -2, 1, -2, 1, 1, 2, -1, 2]"
32,dfs_bnb_mpi,1.0867,-6,7,314370,"[-1, -1, 2, 2, 2, 1, 2, -1, 2, -1, -2, -2, -1, -2, -1, -1, 2, 1, 2, 1, 2, 2, 2, 2]"
33,dfs_bnb_mpi,8.56633,-8,9,2640616,"[-1, -2, -1, -1, 2, 1, 2, 2, 1, -2, 1, 2, 2, 2, -1, -2, -1, 2, -1, -2, -2, -1, -2, 1]"
34,dfs_bnb_mpi,71.4313,-8,9,19082992,"[-1, -1, 2, 1, 1, 2, 2, 2, -1, -1, -2, 1, -2, -1, -1, 2, -1, -2, -1, -2, 1, -2, 1, 2]"
35,dfs_bnb_mpi,14.0449,-7,8,4187618,"[-1, -1, -1, 2, 1, 2, 2, -1, -2, -1, 2, 2, 1, 1, 1, -2, -2, 1, 2, 1, -2, -2, -1, -1]"
36,dfs_bnb_mpi,0.274835,-8,9,66957,"[-1, -1, 2, 2, 2, 1, -2, -2, 1, 2, 2, 2, -1, -1, 2, 1, 2, 1, -2, 1, -2, -2, 1, 2]"
37,dfs_bnb_mpi,1.03921,-6,7,298519,"[-1, -1, 2, 2, 2, 2, 1, -2, -2, -2, 1, 2, 2, 2, 1, 2, -1, 2, 2, -1, -2, -2, -1, 2]"
38,dfs_bnb_mpi,239.754,-6,7,70770975,"[-1, -1, 2, 1, 2, 2, 2, 2, 2, 1, 2, 1, 2, -1, -1, -2, -1, -2, -2, -2, -2, -2, -1, -2]"
39,dfs_bnb_mpi,2.5044,-8,8,687288,"[-1, -1, 2, 2, 1, 2, 1, 1, 2, -1, 2, -1, -2, -1, -2, -1, -2, -2, -1, 2, -1, 2, 1, 2]"
40,dfs_bnb_mpi,19.1955,-6,7,6044287,"[-1, -1, 2, 1, 1, 2, -1, -1, 2, 2, -1, -2, -2, -1, 2, -1, -2, -2, 1, 1, -2, -2, 1, 1]"
41,dfs_bnb_mpi,0.76195,-8,9,226410,"[-1, -2, 1, 1, 2, 2, 1, -2, 1, 2, 2, 2, -1, -2, -1, 2, -1, -2, -2, -1, 2, 2, 2, 2]"
42,dfs_bnb_mpi,23.5039,-7,8,5126361,"[-1, -1, 2, 2, -1, -2, -1, 2, -1, -2, -2, -2, 1, 2, 1, -2, -2, -1, -2, 1, 1, 2, 2, 1]"
43,dfs_bnb_mpi,158.249,-8,9,36757144,"[-1, -1, 2, 2, 2, -1, 2, 2, -1, -2, -2, -1, 2, -1, -2, -2, 1, 1, 1, -2, -1, -1, -2, 1]"
44,dfs_bnb_mpi,9.3048,-7,8,2867774,"[-1, -1, 2, 2, 1, -2, 1, 1, 1, -2, -1, -2, 1, 1, 2, 2, 2, -1, -1, -1, 2, 1, 2, 2]"
45,dfs_bnb_mpi,2.96259,-7,8,879984,"[-1, -1, 2, 2, 1, -2, 1, 1, -2, 1, 1, -2, -1, -1, -1, -1, -1, -1, 2, 2, 2, 2, 2, 2]"
46,dfs_bnb_mpi,6.04107,-8,9,1743304,"[-1, -2, 1, 1, -2, 1, 1, -2, -1, -1, -2, -2, -1, 2, 2, 2, -1, -1, 2, -1, -2, -2, 1, 1]"
47,dfs_bnb_mpi,7.12429,-8,9,1685644,"[-1, -2, -1, 2, 2, -1, -1, 2, 1, 1, 2, 2, 1, -2, -2, -2, 1, 2, 2, 2, 1, -2, -2, 1]"
48,dfs_bnb_mpi,134.558,-7,8,39108804,"[-1, -1, -1, 2, 2, 2, 1, 2, 1, -2, 1, 2, 2, 1, -2, -2, -2, -1, -1, -1, -2, 1, 1, 1]"
49,dfs_bnb_mpi,0.351438,-8,9,96900,"[-1, -2, -1, 2, -1, -2, -2, 1, 1, 1, 2, 1, 2, 2, -1, -1, -1, 2, -1, -2, -1, 2, 2, 2]"
50,dfs_bnb_mpi,8.29239,-7,8,1958528,"[-1, -1, 2, 2, 2, 2, 2, 1, 2, 2, 1, -2, 1, -2, -1, -2, -1, -2, 1, 1, 2, 1, 2, 2]"
51,dfs_bnb_mpi,11.5025,-7,7,2785789,"[-1, -1, 2, 2, 2, 2, 1, 1, 2, -1, -1, 2, -1, -2, -2, -1, -1, -2, 1, 1, -2, -1, -1, -1]"
52,dfs_bnb_mpi,12.5228,-8,9,2923965,"[-1, -1, 2, 2, -1, -2, -2, -1, -2, -1, 2, -1, -1, 2, 1, 1, 1, 2, -1, 2, -1, -2, -1, 2]"
53,dfs_bnb_mpi,10.8059,-6,7,2986111,"[-1, -1, 2, 2, 1, 2, 2, 2, 1, 2, -1, -1, 2, -1, -2, -2, 1, -2, -2, -1, -2, -1, 2, 2]"
54,dfs_bnb_mpi,0.099361,-8,9,29519,"[-1, -2, 1, 1, 1, -2, -1, -1, -1, -1, 2, 2, -1, 2, 2, 1, -2, 1, 2, 2, 1, -2, -2, 1]"
55,dfs_bnb_mpi,8.12429,-6,7,2235429,"[-1, -1, 2, 1, 2, 1, 1, -2, 1, -2, -1, -2, -2, -1, 2, -1, -1, -1, 2, 2, 2, 1, 2, 2]"
56,dfs_bnb_mpi,70.0071,-7,8,21557604,"[-1, -1, 2, 2, 1, -2, 1, 2, 2, -1, 2, -1, -2, -1, -2, -2, -1, -1, -2, 1, 1, -2, 1, 1]"
57,dfs_bnb_mpi,15.5339,-6,7,4778873,"[-1, -1, 2, 1, 2, -1, 2, -1, 2, 1, 2, 1, -2, -2, 1, 1, -2, -1, -2, 1, 1, 2, 2, 2]"
58,dfs_bnb_mpi,0.649027,-6,7,190941,"[-1, -1, 2, 2, 1, -2, 1, 1, 2, -1, 2, 2, -1, -2, -1, -1, -2, -2, -1, -2, 1, -2, 1, 1]"
59,dfs_bnb_mpi,17.3408,-8,9,4997604,"[-1, -2, -2, -1, 2, 2, -1, -2, -1, -1, 2, 1, 2, 1, 2, 1, -2, 1, 2, 2, 1, -2, -2, 1]"
60,dfs_bnb_mpi,6.98667,-6,7,2166218,"[-1, -1, 2, 2, 1, -2, 1, 2, 2, -1, -1, -1, 2, -1, -2, -2, 1, -2, -2, -2, 1, 1, 1, 1]"
61,dfs_bnb_mpi,832.631,-7,8,214626127,"[-1, -2, 1, -2, -1, -1, 2, -1, -1, -1, 2, 1, 2, 2, 2, 1, 1, 1, -2, -2, -1, -1, -2, 1]"
62,dfs_bnb_mpi,225.797,-8,9,70377015,"[-1, -2, -1, -2, 1, 1, 2, 1, 2, 1, -2, -2, -1, -2, 1, 1, 1, -2, -1, -1, -1, -1, 2, -1]"
63,dfs_bnb_mpi,1.33941,-7,8,323448,"[-1, -1, 2, 2, 2, 2, -1, 2, -1, -2, -2, 1, -2, -1, -1, -1, -2, 1, 1, -2, -2, 1, 2, 2]"
64,dfs_bnb_mpi,2.39925,-7,8,726918,"[-1, -1, 2, -1, -2, -2, 1, 1, -2, -1, -1, -1, 2, 2, 2, 2, 2, 2, 1, -2, -2, 1, 2, 2]"
65,dfs_bnb_mpi,736.085,-8,9,208007655,"[-1, -2, 1, -2, -1, -1, 2, 2, 2, 2, 2, 2, 1, -2, -2, -2, 1, 2, 1, -2, 1, -2, -1, -2]"
66,dfs_bnb_mpi,80.6953,-6,7,21760815,"[-1, -1, 2, 2, 2, 2, 2, 2, 2, 1, -2, -2, -2, -2, 1, 1, 2, -1, 2, 2, 1, -2, 1, 2]"
67,dfs_bnb_mpi,504.108,-6,7,127576443,"[-1, -1, 2, 2, 2, 1, 2, 1, 1, 1, 2, -1, 2, 2, 2, -1, -2, -2, -2, -1, -1, -2, -1, -2]"
68,dfs_bnb_mpi,2.80177,-8,9,835235,"[-1, -1, 2, -1, -1, -2, 1, -2, -1, -2, 1, -2, 1, 1, 2, -1, 2, 1, 1, -2, -2, -2, -1, -1]"
69,dfs_bnb_mpi,367.434,-8,9,103660596,"[-1, -1, 2, 2, 2, 2, -1, -1, -2, 1, -2, -2, -1, -2, -2, -1, 2, 2, -1, 2, 2, 1, -2, 1]"
70,dfs_bnb_mpi,9.17347,-7,8,2664138,"[-1, -1, 2, 1, 1, 2, 2, 2, -1, -2, -2, -1, 2, 2, -1, -2, -1, -2, 1, -2, -1, -1, 2, 2]"
71,dfs_bnb_mpi,0.09543,-8,8,29031,"[-1, -1, 2, 1, 2, 1, -2, 1, 2, 1, 2, -1, -1, -1, -1, 2, 1, 1, 2, 2, 1, -2, -2, 1]"
72,dfs_bnb_mpi,0.777417,-6,7,233005,"[-1, -1, 2, 2, -1, 2, -1, -2, -2, 1, -2, -2, 1, -2, -1, -1, 2, 2, -1, -1, 2, 1, 2, 2]"
73,dfs_bnb_mpi,317.787,-6,6,97463867,"[-1, -1, 2, 2, 2, 2, 2, 1, -2, -2, -2, -2, 1, 1, 1, 2, 2, 2, -1, -1, -2, 1, -2, -1]"
74,dfs_bnb_mpi,57.896,-6,6,16204801,"[-1, -1, 2, 1, 2, -1, 2, 2, 2, 2, 2, 1, -2, -2, -2, -2, 1, -2, -2, 1, -2, -2, -1, -1]"
75,dfs_bnb_mpi,26.7053,-8,8,7943150,"[-1, -1, 2, 2, 2, -1, -2, -2, -2, -2, 1, 1, 1, 1, 1, -2, -1, -2, -1, 2, -1, -2, -1, 2]"
76,dfs_bnb_mpi,162.211,-8,9,44400782,"[-1, -1, 2, 2, 2, 2, 2, 1, -2, 1, 2, 1, -2, 1, -2, -1, -1, -1, -2, -2, 1, 2, 1, -2]"
77,dfs_bnb_mpi,79.2529,-7,8,24083576,"[-1, -1, 2, 2, 2, 2, 2, 2, 1, 2, 1, 1, -2, -1, -2, -2, 1, 1, -2, -1, -1, -1, 2, 2]"
78,dfs_bnb_mpi,5.19263,-8,9,1619928,"[-1, -1, 2, 2, 1, -2, 1, 2, 2, -1, 2, 2, 2, -1, -1, -2, -2, 1, -2, -1, -1, -2, 1, -2]"
79,dfs_bnb_mpi,0.846661,-8,9,216026,"[-1, -2, 1, 1, -2, 1, 2, 1, 2, 2, 2, -1, -2, -2, -1, 2, 2, 2, -1, -2, -2, -1, 2, 2]"
80,dfs_bnb_mpi,156.765,-4,5,46033847,"[-1, -1, 2, 2, 2, 2, 2, 2, 1, -2, -2, -2, -2, -2, 1, 1, 1, -2, -1, -2, -1, -2, -1, 2]"
81,dfs_bnb_mpi,88.1767,-8,9,20071016,"[-1, -1, 2, 1, 1, 2, 1, -2, 1, 2, 2, 1, -2, -2, -2, -1, -1, -2, 1, -2, -1, -1, 2, -1]"
82,dfs_bnb_mpi,28.2683,-7,8,8243229,"[-1, -1, 2, 1, 1, 2, -1, 2, 2, 2, 2, -1, -2, -2, -2, -2, -1, -1, -2, 1, -2, -2, 1, 1]"
83,dfs_bnb_mpi,2.53852,-8,9,773425,"[-1, -1, 2, -1, 2, 1, 1, -2, 1, 2, 2, -1, 2, 1, 1, -2, -2, 1, -2, -1, -2, -2, -1, -1]"
84,dfs_bnb_mpi,66.3339,-8,9,20471452,"[-1, -1, 2, 2, -1, 2, 1, 2, 1, -2, -2, 1, 2, 2, 2, 2, 1, -2, -2, -2, -2, -2, -1, -1]"
85,dfs_bnb_mpi,189.423,-7,8,51372770,"[-1, -2, 1, 1, -2, 1, 2, 2, 1, -2, -2, -2, -1, -1, -2, -2, -1, 2, 2, 2, -1, -2, -1, 2]"
86,dfs_bnb_mpi,839.286,-8,9,218662803,"[-1, -2, -1, 2, -1, 2, -1, -1, 2, 1, 1, 2, 2, 2, 1, 1, -2, -2, -2, 1, -2, -1, -1, 2]"
87,dfs_bnb_mpi,870.129,-8,9,259030318,"[-1, -1, 2, 2, 1, 1, 2, 1, -2, 1, 2, 2, 1, -2, -2, -2, -1, -2, -2, -1, 2, 2, -1, -1]"
88,dfs_bnb_mpi,6.93439,-8,9,2057222,"[-1, -1, 2, 1, 1, 2, 2, 2, 1, -2, -2, 1, 1, -2, 1, -2, -1, -2, -1, 2, 2, -1, -2, -2]"
89,dfs_bnb_mpi,47.4846,-7,7,13566880,"[-1, -1, 2, 2, 2, 2, 2, 2, -1, -2, -2, -2, -2, -1, 2, 2, -1, -2, -2, -2, 1, 1, -2, -1]"
90,dfs_bnb_mpi,0.257218,-7,8,76848,"[-1, -2, 1, 1, 2, 2, 2, 1, -2, -2, 1, 2, 1, -2, -2, -1, -1, -2, -2, -1, 2, -1, -1, -1]"
91,dfs_bnb_mpi,17.1063,-8,9,5014341,"[-1, -1, 2, 2, 2, 1, 2, -1, 2, 2, -1, -2, -2, -1, -2, -1, -2, 1, -2, -2, 1, 2, 2, 2]"
92,dfs_bnb_mpi,2.86746,-8,9,859496,"[-1, -2, 1, 1, 1, 1, 2, -1, -1, 2, -1, 2, 2, -1, -1, -1, -2, 1, 1, -2, -1, -1, -1, 2]"
93,dfs_bnb_mpi,14.8609,-7,8,4572625,"[-1, -1, 2, 1, 2, 2, 2, -1, -2, -2, -1, 2, 2, 2, 2, 1, 1, 1, -2, -2, -2, -2, -2, 1]"
94,dfs_bnb_mpi,120.526,-8,9,33790621,"[-1, -1, 2, -1, 2, 1, 2, 2, 2, 2, 1, -2, -2, -2, -2, 1, 2, 1, 1, -2, -1, -2, -1, -1]"
95,dfs_bnb_mpi,27.7167,-7,8,8286380,"[-1, -1, -1, 2, 1, 1, 1, 2, -1, 2, -1, 2, 2, -1, -2, -2, -1, 2, -1, -2, -2, 1, 1, 1]"
96,dfs_bnb_mpi,1472.01,-7,8,425435048,"[-1, -2, 1, 1, 2, 2, 2, -1, -1, 2, -1, -2, -1, 2, -1, -2, -2, 1, -2, -2, 1, 2, 2, 1]"
97,dfs_bnb_mpi,69.6807,-8,9,16735680,"[-1, -1, 2, 2, 2, 1, -2, -2, 1, 2, 1, -2, 1, 1, -2, -1, -1, -2, -1, -1, -2, 1, 1, 1]"
98,dfs_bnb_mpi,38.3363,-6,6,10819850,"[-1, -1, 2, 2, 2, 2, 1, -2, -2, -2, 1, 1, 1, -2, -1, -2, -2, -1, 2, -1, -1, -1, 2, 2]"
99,dfs_bnb_mpi,321.79,-6,7,72225047,"[-1, -2, 1, 1, 2, 2, 2, 2, 2, 2, 2, -1, -2, -2, -2, -2, -2, -1, -1, -2, -1, -2, 1, -2]"
100,dfs_bnb_mpi,0.640351,-8,9,164057,"[-1, -1, 2, 1, 1, 1, 1, -2, -1, -2, -1, -1, -1, -1, -1, 2, 1, 2, 2, 1, 2, 1, -2, 1]"
101,dfs_bnb_mpi,0.174504,-9,10,51982,"[-1, -2, -2, -1, 2, 2, -1, 2, 1, 1, 2, -1, 2, 2, -1, -2, -2, -1, -2, -1, -2, 1, -2, 1]"
102,dfs_bnb_mpi,396.074,-8,8,114944079,"[-1, -2, 1, -2, 1, 2, 2, 1, 2, 2, -1, -2, -1, -1, -1, 2, 2, 1, -2, 1, 2, 2, 1, -2]"
103,dfs_bnb_mpi,169.373,-7,8,47568034,"[-1, -1, 2, 2, 1, 2, -1, -1, 2, -1, 2, -1, -2, -1, -1, -2, 1, -2, 1, 2, 1, -2, 1, -2]"
104,dfs_bnb_mpi,7.96988,-7,8,2161025,"[-1, -1, 2, 2, -1, -1, 2, 1, 2, -1, -1, -2, -1, -1, -2, 1, 1, -2, -2, 1, 2, 1, -2, -2]"
105,dfs_bnb_mpi,0.60686,-7,8,189092,"[-1, -2, 1, 1, 2, 2, 2, 1, -2, -2, -2, 1, 2, 2, 2, 2, -1, -1, -1, -2, -2, -1, 2, 2]"
106,dfs_bnb_mpi,42.8361,-7,8,13016869,"[-1, -1, 2, 2, 2, 2, -1, -1, -1, -2, -2, -2, -2, 1, -2, -2, 1, 2, 2, 2, -1, 2, 1, 2]"
107,dfs_bnb_mpi,0.685003,-7,8,208599,"[-1, -1, 2, 1, 1, 2, -1, 2, 1, 2, 2, 1, -2, -2, -2, -2, -2, 1, -2, -1, -1, -1, -1, -1]"
108,dfs_bnb_mpi,37.908,-6,6,10824280,"[-1, -1, 2, 2, 2, 2, 2, 2, 2, 2, 2, 1, -2, -2, -2, 1, 2, 1, -2, -2, -1, -2, -1, 2]"
109,dfs_bnb_mpi,19.6205,-7,8,5990556,"[-1, -1, 2, 2, 2, 1, -2, -2, 1, 2, 2, 2, 1, -2, -2, -2, -2, -2, -1, -1, -1, -1, 2, 2]"
110,dfs_bnb_mpi,48.9306,-9,10,14239920,"[-1, -1, 2, 2, 2, 1, 2, -1, -1, 2, -1, 2, -1, -2, -1, -2, -2, 1, 2, 1, -2, -2, 1, 2]"
111,dfs_bnb_mpi,1.76188,-8,9,528665,"[-1, -1, 2, -1, 2, -1, -1, -2, 1, -2, 1, -2, 1, 1, 1, -2, -1, -1, -2, -2, -1, 2, 2, -1]"
112,dfs_bnb_mpi,3.76725,-8,9,1124256,"[-1, -1, 2, 2, 2, -1, -2, -1, -1, -2, 1, 1, -2, -1, -2, 1, -2, -2, 1, 2, 2, 1, -2, 1]"
113,dfs_bnb_mpi,39.4992,-7,8,11721119,"[-1, -1, 2, 2, 2, 1, 2, -1, 2, 2, -1, -2, -2, -1, -2, 1, -2, -1, -1, -1, -2, 1, 1, 1]"
114,dfs_bnb_mpi,0.043053,-8,9,12697,"[-1, -1, 2, 1, 1, 1, 2, -1, -1, 2, -1, -2, -1, 2, 2, 1, 1, 2, 1, -2, -2, 1, 2, 2]"
115,dfs_bnb_mpi,31.9617,-6,7,7845123,"[-1, -1, 2, 2, 2, -1, -2, -2, -1, 2, 2, 2, 1, 1, 1, -2, -2, -2, 1, 1, 2, 2, -1, -2]"
116,dfs_bnb_mpi,73.406,-7,8,20142159,"[-1, -1, 2, 2, 2, 2, 2, 2, 2, 2, 1, 1, -2, -1, -2, 1, 1, -2, -2, -1, 2, -1, -2, -2]"
117,dfs_bnb_mpi,42.6886,-8,9,11444309,"[-1, -1, 2, 1, 2, 2, 2, -1, 2, -1, -2, -1, -2, 1, 1, -2, -1, -1, -2, 1, -2, -1, -2, 1]"
118,dfs_bnb_mpi,82.2122,-6,7,25177220,"[-1, -2, 1, 1, 2, 2, 1, -2, 1, 1, 2, -1, 2, 2, -1, -2, -1, -1, -1, -2, -1, -1, -2, 1]"
119,dfs_bnb_mpi,579.187,-2,3,162037918,"[-1, -1, 2, 2, 2, 2, 2, 2, 2, 2, 2, 2, 2, 1, 2, 2, 2, 2, -1, -2, -2, -2, -1, -2]"
120,dfs_bnb_mpi,320.085,-7,8,96709657,"[-1, -1, 2, 1, 2, 1, -2, 1, -2, -2, -1, -1, -1, -1, 2, -1, -2, -2, 1, 1, 1, -2, 1, 2]"
121,dfs_bnb_mpi,48.7929,-7,8,13276125,"[-1, -1, 2, 2, 2, 2, 1, 1, 2, 1, -2, 1, 1, -2, -1, -1, -2, -1, 2, -1, -2, -2, 1, 1]"
122,dfs_bnb_mpi,8.37434,-8,9,2315331,"[-1, -1, 2, 2, -1, -1, 2, 2, -1, -1, -2, 1, -2, -2, 1, 1, -2, -1, -2, 1, -2, 1, 2, 1]"
123,dfs_bnb_mpi,0.972135,-8,9,275876,"[-1, -1, 2, 1, 1, 2, 1, -2, 1, 1, -2, -1, -1, -2, -1, -1, -1, -2, -1, -2, 1, 1, 2, 1]"
124,dfs_bnb_mpi,117.167,-8,9,34408935,"[-1, -2, -1, 2, 2, 2, 1, 2, 2, -1, 2, 1, 2, 2, 1, -2, -2, 1, -2, -1, -2, -2, -2, -1]"
125,dfs_bnb_mpi,382.042,-8,9,114317366,"[-1, -2, -1, -1, 2, -1, -1, 2, 2, 1, -2, 1, 2, 2, 2, 1, -2, -2, 1, 1, -2, -1, -1, -2]"
126,dfs_bnb_mpi,57.3608,-8,9,16996258,"[-1, -1, -1, 2, 1, 1, 2, -1, 2, 1, 2, 1, 2, 1, -2, 1, -2, -2, -1, 2, -1, -2, -2, 1]"
127,dfs_bnb_mpi,1.39579,-8,9,404510,"[-1, -2, 1, 1, 1, 2, -1, 2, -1, 2, -1, -2, -1, -2, -1, 2, -1, -2, -2, 1, 1, -2, 1, 1]"
128,dfs_bnb_mpi,67.8585,-8,9,18278986,"[-1, -2, 1, 1, 2, 2, 2, -1, -2, -1, -1, -2, -2, -1, 2, 2, 2, 2, 1, 2, 1, -2, -2, -1]"
129,dfs_bnb_mpi,15.8686,-8,8,4797011,"[-1, -2, -1, 2, 2, -1, 2, 1, 1, -2, 1, 2, 2, -1, 2, 2, 2, -1, -2, -2, -2, -1, 2, 2]"
130,dfs_bnb_mpi,928.145,-6,7,273966206,"[-1, -1, 2, 2, 2, 2, 2, 2, 2, 2, 2, 2, 1, 2, 1, 1, -2, -2, -2, -1, -1, 2, 1, 2]"
131,dfs_bnb_mpi,162.132,-8,9,44698627,"[-1, -1, 2, -1, -2, -1, 2, 2, -1, -2, -2, -2, 1, -2, 1, -2, 1, 2, 1, 1, 2, -1, -1, -1]"
132,dfs_bnb_mpi,288.862,-7,7,88315464,"[-1, -1, 2, 2, 2, 1, 2, 2, 2, 2, -1, -2, -2, -2, -1, 2, 2, 2, -1, -2, -2, -2, -2, 1]"
133,dfs_bnb_mpi,74.4269,-8,9,19335246,"[-1, -1, 2, 2, 2, 2, 2, 1, 1, 2, 1, -2, -2, 1, -2, -1, -2, -1, 2, 2, -1, -2, -2, -2]"
134,dfs_bnb_mpi,32.9105,-4,5,9970105,"[-1, -1, 2, 2, 2, 2, 2, 2, 2, -1, -2, -2, -1, -2, 1, -2, -2, -2, -2, -2, 1, 1, 1, 1]"
135,dfs_bnb_mpi,0.34185,-7,7,93263,"[-1, -1, 2, 2, 2, 1, 2, -1, 2, -1, -2, -2, -1, -2, 1, -2, -1, -1, 2, 2, 2, 1, 2, 2]"
136,dfs_bnb_mpi,17.8141,-8,9,5390565,"[-1, -2, 1, -2, 1, 2, 2, 1, 2, -1, -1, 2, 1, 1, 2, 1, 2, 2, -1, -2, -1, -2, -1, 2]"
137,dfs_bnb_mpi,407.431,-2,3,96631854,"[-1, -1, 2, 2, 2, 2, 2, 2, 2, 2, 2, 2, 2, 2, 2, 2, 2, 2, 1, -2, 1, -2, -1, -2]"
138,dfs_bnb_mpi,13.4238,-8,9,4010695,"[-1, -1, 2, 1, 2, -1, 2, -1, 2, 2, -1, -2, -2, -1, -1, -2, 1, -2, 1, -2, 1, 2, 2, -1]"
139,dfs_bnb_mpi,1.75923,-8,9,472017,"[-1, -1, 2, 1, 1, 2, -1, -1, 2, -1, -2, -1, -2, 1, -2, -1, -2, 1, -2, 1, 2, 1, 1, 1]"
140,dfs_bnb_mpi,961.327,-4,5,271317761,"[-1, -1, 2, 2, 2, 2, 2, 2, 1, -2, 1, 2, 1, 2, -1, 2, 2, -1, -2, -2, -1, -1, -2, -2]"
141,dfs_bnb_mpi,6.40352,-8,9,1908647,"[-1, -1, 2, -1, 2, 1, 2, 2, 1, 1, -2, 1, 2, 2, 1, -2, -2, -2, -1, -1, -2, -1, 2, 2]"
142,dfs_bnb_mpi,24.0008,-7,8,6591222,"[-1, -1, -1, 2, 1, 2, 2, 2, 2, 1, -2, 1, 2, 1, -2, -2, -1, -1, -2, -2, 1, 2, 1, 1]"
143,dfs_bnb_mpi,73.1333,-6,7,20128595,"[-1, -1, 2, 1, 2, 1, 2, 2, 2, 2, -1, -1, -2, -2, -1, -2, -1, -2, -2, 1, 2, 1, 2, 1]"
144,dfs_bnb_mpi,19.6819,-8,9,5651728,"[-1, -1, 2, 2, 1, 2, -1, 2, 1, 2, -1, 2, -1, -2, -1, -2, 1, -2, -2, -1, -1, -2, 1, 1]"
145,dfs_bnb_mpi,24.4278,-8,8,6066687,"[-1, -1, 2, 1, 2, 1, -2, 1, 2, 2, 1, -2, -2, -2, -1, -2, -1, -1, -1, -2, 1, -2, 1, 2]"
146,dfs_bnb_mpi,181.123,-7,7,51767511,"[-1, -1, 2, 2, 2, 2, 2, -1, -2, -2, -2, -1, 2, -1, -2, -2, 1, -2, -1, -2, 1, 1, 2, 2]"
147,dfs_bnb_mpi,26.1731,-6,6,7786133,"[-1, -1, 2, 2, 2, 1, 1, -2, -1, -2, 1, 1, -2, 1, 1, -2, -1, -1, -1, -1, -2, 1, 1, 1]"
148,dfs_bnb_mpi,3.09217,-7,8,945066,"[-1, -1, 2, 2, 2, 2, 1, -2, -2, -2, 1, 2, 1, -2, 1, -2, -1, -2, -1, -1, -1, -1, 2, 2]"
149,dfs_bnb_mpi,334.383,-4,5,92673246,"[-1, -1, 2, 2, 2, 2, 2, 2, 2, 2, -1, -1, -2, 1, -2, -2, -2, -2, -2, -2, -2, -2, 1, 1]"
150,dfs_bnb_mpi,25.2101,-6,7,7355507,"[-1, -1, 2, 2, 2, 2, 2, 2, 2, 1, 2, 1, -2, -2, -1, -2, 1, 1, 2, 1, 2, -1, 2, 2]"
151,dfs_bnb_mpi,594.473,-8,9,182221108,"[-1, -2, -1, -2, 1, -2, 1, -2, 1, 1, 1, 1, 2, -1, -1, -1, 2, 1, 2, 2, -1, -2, -1, -2]"
152,dfs_bnb_mpi,607.102,-7,8,159971775,"[-1, -1, 2, -1, 2, 2, 2, 2, 2, -1, -2, -2, -2, -2, -2, -1, -2, -1, -2, 1, 1, 1, 2, -1]"
153,dfs_bnb_mpi,7.34472,-6,7,1917114,"[-1, -1, 2, 2, 2, -1, 2, 2, -1, -2, -2, -1, -2, 1, 1, -2, -1, -2, 1, -2, 1, 1, 1, 1]"
154,dfs_bnb_mpi,12.9771,-8,9,3935572,"[-1, -1, 2, 1, 2, 2, 2, -1, -2, -2, -1, 2, 2, -1, -2, -2, -1, -2, 1, -2, -2, 1, 2, 2]"
155,dfs_bnb_mpi,116.658,-8,9,35342966,"[-1, -1, 2, 1, 1, 2, 2, 2, 2, 1, -2, -2, -2, 1, 2, 1, -2, -2, -1, -1, -2, -2, 1, 2]"
156,dfs_bnb_mpi,780.213,-6,7,217680738,"[-1, -1, 2, 1, 2, 2, 2, -1, 2, -1, -2, -1, 2, -1, -2, -2, -2, 1, 2, 1, 1, -2, -1, -2]"
157,dfs_bnb_mpi,0.492731,-7,8,138174,"[-1, -1, 2, 2, 1, -2, 1, 1, 2, -1, 2, -1, 2, 1, 1, 2, -1, 2, -1, -1, -2, -2, -2, -1]"
158,dfs_bnb_mpi,0.427356,-8,9,122229,"[-1, -1, 2, 2, -1, 2, 1, 2, 1, 2, 1, -2, -2, -1, -2, -2, 1, 2, 1, 2, 2, 2, 2, 2]"
159,dfs_bnb_mpi,25.7306,-8,9,7219906,"[-1, -2, -1, -2, -1, -1, 2, 1, 2, 1, 2, -1, 2, 2, 2, 1, -2, -2, 1, 2, 1, -2, -2, -1]"
160,dfs_bnb_mpi,12.2803,-9,9,3227473,"[-1, -1, 2, -1, -2, -1, 2, -1, -1, 2, 1, 1, 2, 2, 1, -2, -2, 1, 2, 1, -2, 1, -2, -1]"
161,dfs_bnb_mpi,2.1824,-6,7,641416,"[-1, -1, 2, 2, 2, 2, 2, 2, 2, 1, -2, -2, -2, -2, 1, 2, 2, 2, 1, 2, -1, 2, 2, 2]"
162,dfs_bnb_mpi,2.53214,-8,9,574485,"[-1, -2, -1, -1, -2, 1, 1, -2, 1, 1, 2, -1, 2, 1, 2, 2, 1, -2, 1, -2, -1, -2, 1, 1]"
163,dfs_bnb_mpi,7.6444,-7,8,1890812,"[-1, -1, 2, 2, 2, -1, -2, -1, 2, 2, 1, 1, 1, -2, -2, -2, 1, 1, 2, -1, 2, 2, 2, 2]"
164,dfs_bnb_mpi,20.9722,-9,10,5906484,"[-1, -2, 1, -2, 1, 2, 2, 1, 1, 1, 2, -1, -1, -1, -1, -1, 2, 2, 1, -2, 1, 2, 1, -2]"
165,dfs_bnb_mpi,2.15493,-9,10,668036,"[-1, -1, 2, -1, -2, -1, -1, -2, 1, 1, 1, 1, -2, -2, 1, 2, 2, 1, 2, 2, -1, 2, -1, -2]"
166,dfs_bnb_mpi,51.1998,-7,8,15777184,"[-1, -1, 2, 1, 2, -1, 2, -1, -2, -2, -1, -2, 1, -2, 1, -2, -1, -2, 1, 1, 2, 2, 1, 1]"
167,dfs_bnb_mpi,3.13414,-8,9,918118,"[-1, -1, 2, 2, -1, -1, 2, -1, -1, -2, 1, -2, -2, 1, 2, 1, -2, -2, 1, -2, 1, 1, 2, -1]"
168,dfs_bnb_mpi,2.71206,-9,10,785125,"[-1, -1, 2, 1, 1, 2, 1, -2, 1, -2, -1, -2, 1, 1, 2, 2, 1, 2, 2, 1, -2, -2, -2, -1]"
169,dfs_bnb_mpi,1.749,-8,9,502419,"[-1, -1, 2, 2, 2, -1, 2, 2, 1, -2, 1, -2, -2, -2, 1, 2, 2, 1, 2, -1, 2, 2, -1, -2]"
170,dfs_bnb_mpi,283.453,-6,7,83838128,"[-1, -1, 2, 2, 2, 2, 2, 2, 2, 1, 2, -1, 2, 1, 2, -1, 2, -1, -2, -1, -2, 1, -2, -2]"
171,dfs_bnb_mpi,5.31123,-6,7,1648618,"[-1, -1, 2, 2, 1, 1, 1, -2, 1, -2, -1, -2, 1, 1, 2, 2, 1, 2, -1, -1, 2, -1, 2, 2]"
172,dfs_bnb_mpi,7.27181,-7,7,2073598,"[-1, -1, 2, 2, 2, 2, 1, -2, -2, 1, -2, 1, 2, 1, 2, -1, -1, 2, 2, 2, -1, -2, -1, 2]"
173,dfs_bnb_mpi,18.1709,-7,7,5255107,"[-1, -1, 2, 2, 2, 1, -2, 1, 2, 2, -1, -1, -1, -2, -1, -2, 1, -2, -1, -1, -2, 1, 1, -2]"
174,dfs_bnb_mpi,0.664643,-6,7,186637,"[-1, -1, 2, 2, -1, -2, -2, -2, -2, -2, 1, 1, 1, 2, -1, -1, 2, 1, 1, 1, 2, 2, 2, 2]"
175,dfs_bnb_mpi,93.4026,-6,7,28088394,"[-1, -1, 2, 2, 1, 1, 2, -1, -1, 2, -1, 2, 2, -1, -2, -2, -1, -1, -2, 1, 1, 1, -2, -1]"
176,dfs_bnb_mpi,1.06976,-8,9,334696,"[-1, -1, 2, 1, 1, 2, 1, -2, -2, 1, 1, 2, -1, 2, 1, 2, -1, -1, 2, -1, -2, -1, -2, -1]"
177,dfs_bnb_mpi,26.6284,-7,8,7801154,"[-1, -1, -1, 2, 1, 1, 1, 1, 2, -1, 2, -1, -2, -1, 2, 2, 1, 1, 2, 2, -1, -2, -1, 2]"
178,dfs_bnb_mpi,6.32709,-4,5,1848296,"[-1, -1, 2, 2, 2, 2, 2, 2, 1, -2, 1, 2, 2, 2, -1, -2, -1, -1, -2, -2, -1, 2, 2, 2]"
179,dfs_bnb_mpi,1.75855,-5,6,507531,"[-1, -1, 2, 2, 2, 2, 2, 1, 1, -2, -2, -2, -2, 1, -2, 1, -2, -2, -1, 2, -1, -1, -1, -1]"
180,dfs_bnb_mpi,150.404,-2,3,36049198,"[-1, -1, 2, 2, 2, 2, 2, 2, 2, 2, 2, 2, 2, 2, 2, 2, 2, 1, -2, 1, -2, -1, -2, 1]"
181,dfs_bnb_mpi,23.7529,-8,9,6356958,"[-1, -1, 2, 2, 2, 2, 2, 1, 2, 1, -2, 1, 2, 1, -2, 1, -2, -1, -2, -1, 2, -1, -1, -2]"
182,dfs_bnb_mpi,0.231152,-7,8,69874,"[-1, -1, 2, 2, 2, -1, -2, -1, 2, 2, 2, 2, -1, -2, -2, -1, -2, 1, -2, -2, 1, 1, -2, -1]"
183,dfs_bnb_mpi,7.01144,-8,8,1956307,"[-1, -1, 2, 1, 2, 2, -1, -2, -1, 2, 2, -1, -1, -2, 1, -2, -1, -1, -2, 1, 1, -2, 1, 2]"
184,dfs_bnb_mpi,12.7347,-8,9,3842309,"[-1, -1, 2, 2, 2, -1, -2, -2, -2, -2, 1, 1, -2, 1, 2, 1, 2, 2, -1, -1, 2, 2, 1, -2]"
185,dfs_bnb_mpi,3.18817,-8,9,892482,"[-1, -1, 2, 2, 2, 1, 2, 1, 1, 2, -1, 2, -1, -2, -1, -2, -1, 2, -1, -2, -2, 1, -2, -1]"
186,dfs_bnb_mpi,1.13296,-7,7,332482,"[-1, -1, 2, 2, 2, -1, -2, -1, -2, 1, -2, -1, -2, -1, -1, 2, 1, 2, -1, -1, 2, 1, 1, 2]"
187,dfs_bnb_mpi,19.837,-8,9,6031454,"[-1, -1, 2, -1, 2, -1, -2, -1, -2, -1, -2, -1, -1, -2, 1, 1, 1, 2, 1, 2, 1, -2, 1, 1]"
188,dfs_bnb_mpi,0.875197,-8,9,217451,"[-1, -2, 1, 1, 2, 2, 2, 2, -1, -1, -2, 1, -2, -1, -1, 2, 2, -1, -2, -2, -2, 1, -2, -1]"
189,dfs_bnb_mpi,91.0903,-8,9,23800960,"[-1, -1, 2, 2, 1, -2, 1, 2, 2, 2, -1, -1, -1, -1, -2, 1, -2, -1, -1, -2, 1, -2, 1, 2]"
190,dfs_bnb_mpi,0.42062,-8,8,117670,"[-1, -1, 2, 1, 2, -1, 2, -1, -2, -1, -2, 1, -2, -1, -2, 1, 1, 1, 1, -2, -1, -1, -1, -1]"
191,dfs_bnb_mpi,152.873,-7,8,47029073,"[-1, -1, 2, 2, 2, -1, -1, -1, -2, -1, -2, 1, 1, -2, -1, -1, -2, 1, 1, 1, 2, 2, 2, -1]"
192,dfs_bnb_mpi,46.5912,-8,9,13980313,"[-1, -2, 1, 1, 1, 2, -1, 2, 1, 1, -2, 1, 1, -2, -1, -1, -2, -1, -2, -2, -1, 2, 2, -1]"
193,dfs_bnb_mpi,49.0811,-7,8,14061884,"[-1, -1, 2, 2, 2, -1, 2, -1, -2, -1, -1, -2, 1, 1, 1, -2, -1, -1, -1, -2, 1, 1, 1, -2]"
194,dfs_bnb_mpi,901.859,-4,5,269733026,"[-1, -1, 2, 2, 2, 2, 2, 2, 2, 2, 2, 1, 2, 2, 2, -1, 2, -1, -2, -2, 1, -2, -1, -2]"
195,dfs_bnb_mpi,1.24904,-8,9,383390,"[-1, -2, 1, 1, 2, 1, -2, 1, 2, 1, -2, -2, -1, -1, -2, -1, 2, -1, -2, -2, -1, 2, 2, -1]"
196,dfs_bnb_mpi,716.189,-7,8,199147416,"[-1, -1, 2, 2, 2, 2, 2, 1, 1, 2, 2, 1, -2, -2, -2, 1, -2, -1, -1, -2, -1, 2, 2, 1]"
197,dfs_bnb_mpi,504.45,-7,8,136303767,"[-1, -1, 2, 1, 1, 1, -2, 1, -2, 1, 1, -2, -1, -1, -2, -1, -1, -1, 2, 2, 1, 1, -2, -1]"
198,dfs_bnb_mpi,179.512,-8,9,51609933,"[-1, -1, 2, 2, 2, 2, 2, 1, 2, 2, -1, -2, -1, 2, 2, -1, 2, -1, -2, -2, 1, -2, -2, 1]"
199,dfs_bnb_mpi,5.27907,-9,10,1557779,"[-1, -2, -2, -1, 2, 2, -1, 2, 1, 2, 1, 2, -1, 2, 1, 2, 1, -2, 1, -2, -1, -2, -2, -1]"
200,dfs_bnb_mpi,120.921,-7,8,33606868,"[-1, -1, 2, 2, 2, 2, 2, 2, 2, 2, 2, 2, 1, 1, -2, -1, -2, 1, -2, 1, -2, -1, -1, 2]"
201,dfs_bnb_mpi,1.83242,-7,8,545250,"[-1, -1, 2, 2, 2, 1, -2, 1, 1, 1, 2, -1, -1, 2, -1, 2, 2, -1, -2, -1, -1, -2, 1, 1]"
202,dfs_bnb_mpi,186.363,-8,9,48776491,"[-1, -1, 2, 1, 2, 2, 2, -1, -1, -1, -2, -1, -1, -2, 1, 1, -2, -2, 1, 2, 2, 2, 1, -2]"
203,dfs_bnb_mpi,4.55164,-8,9,1400830,"[-1, -1, 2, -1, -2, -1, 2, -1, 2, 2, 1, 2, 1, -2, 1, 1, 1, -2, -2, -1, 2, -1, -1, -1]"
204,dfs_bnb_mpi,4.40578,-7,8,1312247,"[-1, -2, -1, 2, 2, 1, 2, 2, 2, 2, 1, -2, -2, -2, -2, 1, -2, -2, -1, -2, 1, 1, 2, 2]"
205,dfs_bnb_mpi,0.16542,-7,8,49820,"[-1, -1, 2, 2, -1, -2, -1, -1, -2, -2, 1, 2, 1, -2, -2, -1, -2, 1, 1, 2, 2, 1, 1, 1]"
206,dfs_bnb_mpi,3.10283,-8,9,909077,"[-1, -1, 2, 1, 2, -1, 2, -1, 2, 2, 2, 1, -2, -2, 1, -2, 1, -2, -2, 1, 2, 2, 2, 2]"
207,dfs_bnb_mpi,3.39039,-7,8,813950,"[-1, -1, 2, 1, 1, 2, 2, 2, 2, 1, -2, -2, -2, -2, -2, 1, 2, 1, 2, -1, 2, 2, 2, 2]"
208,dfs_bnb_mpi,95.4672,-8,9,28176505,"[-1, -1, 2, 2, 2, 2, 2, 2, 2, 1, -2, -2, 1, 1, -2, 1, -2, -1, -2, -1, 2, -1, 2, 1]"
209,dfs_bnb_mpi,1.10533,-7,8,322226,"[-1, -2, 1, 1, 1, 1, 2, -1, -1, 2, -1, -1, 2, -1, 2, 1, 1, -2, 1, 2, 2, 2, 2, 2]"
210,dfs_bnb_mpi,93.1518,-4,5,28674996,"[-1, -1, 2, 2, 2, 2, 1, -2, -2, -2, 1, 2, 2, 2, 1, -2, -2, -2, -2, -2, -1, -1, -1, -1]"
211,dfs_bnb_mpi,4.91968,-7,8,1278659,"[-1, -1, 2, 2, 2, -1, 2, -1, -1, -2, 1, -2, 1, -2, -1, -1, 2, -1, -2, -2, 1, 1, 1, -2]"
212,dfs_bnb_mpi,5.54889,-8,9,1443088,"[-1, -1, 2, 1, 1, 2, 2, 1, 1, 1, -2, -1, -1, -2, 1, -2, -1, -2, 1, 1, 2, 1, 2, -1]"
213,dfs_bnb_mpi,3.40259,-8,9,1036568,"[-1, -1, 2, -1, -1, -2, 1, -2, -1, -1, 2, -1, -2, -2, 1, 1, -2, 1, 2, 1, 2, 1, 1, 1]"
214,dfs_bnb_mpi,3.79067,-7,8,905889,"[-1, -1, 2, -1, 2, -1, 2, 2, 2, 2, -1, -2, -2, -2, -2, -2, 1, -2, 1, -2, -2, 1, 2, 1]"
215,dfs_bnb_mpi,53.1572,-7,8,15492254,"[-1, -1, 2, 2, 2, 2, 2, 2, 2, 2, 1, -2, 1, 2, 1, -2, -2, -2, -1, -2, -1, 2, 2, 1]"
216,dfs_bnb_mpi,23.9688,-9,10,6658125,"[-1, -1, 2, 2, 2, -1, -1, 2, 1, 1, 2, 1, -2, 1, 1, -2, -1, -1, -2, -2, 1, 1, 2, -1]"
217,dfs_bnb_mpi,4.7884,-7,7,1261995,"[-1, -1, 2, 1, 1, 2, 2, 2, 1, 1, -2, -2, -1, -2, 1, 1, -2, -1, -1, -2, 1, 1, 1, 2]"
218,dfs_bnb_mpi,3.30377,-7,8,921929,"[-1, -1, 2, 2, 2, 1, -2, 1, -2, 1, 1, 2, -1, 2, -1, 2, -1, 2, -1, -2, -1, 2, 2, 2]"
219,dfs_bnb_mpi,5.37887,-7,8,1571913,"[-1, -1, 2, 2, 2, -1, 2, 2, 1, -2, 1, 2, 1, -2, -2, -1, -2, -2, 1, 1, -2, -2, -1, -1]"
220,dfs_bnb_mpi,28.4204,-6,7,8427604,"[-1, -1, 2, 2, 2, 1, 2, 1, 2, -1, 2, 2, -1, -2, -1, -2, 1, -2, -1, -1, -1, -2, 1, 1]"
221,dfs_bnb_mpi,4.84132,-8,9,1407612,"[-1, -2, 1, -2, 1, 2, 2, 2, -1, -1, 2, 1, 1, 2, 1, -2, -2, 1, 1, -2, -1, -1, -2, 1]"
222,dfs_bnb_mpi,76.2094,-6,7,23400813,"[-1, -1, 2, 2, 2, 2, 2, 2, 1, 1, -2, -1, -2, 1, 1, 2, 2, 2, -1, -1, -1, -1, -2, -2]"
223,dfs_bnb_mpi,0.382221,-8,8,90637,"[-1, -2, -1, 2, -1, 2, 2, 2, 1, -2, -2, 1, 2, 1, -2, 1, 2, 1, -2, -2, -1, -2, 1, 1]"
224,dfs_bnb_mpi,4.1601,-7,7,1156054,"[-1, -1, 2, -1, 2, 2, -1, -2, -2, -2, 1, -2, -1, -1, 2, 2, 2, -1, -2, -1, -1, -2, 1, 1]"
225,dfs_bnb_mpi,6.48014,-8,9,1564961,"[-1, -2, -1, 2, 2, 1, 1, 2, 2, 2, 1, -2, -2, 1, -2, -1, -2, 1, -2, -1, -1, -2, 1, 1]"
226,dfs_bnb_mpi,5.10581,-7,8,1347634,"[-1, -1, 2, 2, 1, 2, 2, 2, -1, -2, -2, -1, 2, -1, 2, 2, -1, -2, -2, -2, 1, -2, 1, -2]"
227,dfs_bnb_mpi,7.2856,-7,8,2082724,"[-1, -1, 2, -1, -2, -1, 2, 2, 2, -1, -2, -2, -2, -2, 1, 1, 1, 1, -2, -1, -1, -1, -1, -1]"
228,dfs_bnb_mpi,16.8302,-6,7,4856113,"[-1, -1, 2, 2, 2, 2, -1, -2, -2, -2, -2, -1, 2, 2, 2, 2, -1, -2, -2, -1, -2, 1, -2, -1]"
229,dfs_bnb_mpi,49.8352,-8,9,14614514,"[-1, -1, 2, 1, 2, 1, 2, -1, 2, -1, 2, -1, -2, -1, -1, -2, 1, 1, 1, -2, -1, -1, -2, 1]"
230,dfs_bnb_mpi,40.4207,-7,8,11816314,"[-1, -2, -1, -2, -2, 1, 2, 1, 2, 1, 2, 1, 2, 2, -1, -2, -1, 2, 2, 2, 2, 1, -2, -2]"
231,dfs_bnb_mpi,101.311,-9,10,29327315,"[-1, -2, 1, -2, -2, 1, 2, 2, 1, 1, 2, -1, -1, 2, 1, 2, 1, 2, -1, -1, -2, -1, -2, -1]"
232,dfs_bnb_mpi,79.9027,-7,8,21373714,"[-1, -1, 2, 2, 2, 2, 2, 2, 1, 2, 2, 1, -2, 1, 2, 1, -2, -2, -1, -1, -2, -2, -1, 2]"
233,dfs_bnb_mpi,3.49774,-8,9,925209,"[-1, -1, 2, 2, 1, 1, 1, -2, -2, -2, 1, -2, -1, -2, -1, 2, 2, -1, -1, -2, 1, -2, -1, -1]"
234,dfs_bnb_mpi,1156.91,-4,5,280801827,"[-1, -1, 2, 2, 2, 2, 2, 2, 2, 2, 2, 2, 2, 2, 2, 1, -2, -2, 1, 2, 2, 2, 1, -2]"
235,dfs_bnb_mpi,0.386568,-7,8,111425,"[-1, -1, 2, -1, 2, 1, 2, 2, 2, 1, 1, -2, -1, -2, -2, -2, 1, 2, 2, 1, 2, 2, 2, 2]"
236,dfs_bnb_mpi,258.018,-7,8,72141266,"[-1, -1, 2, 2, 2, 2, 2, 2, 2, -1, -2, -2, -2, -1, -2, 1, -2, -1, -1, -2, 1, -2, 1, 2]"
237,dfs_bnb_mpi,2.03499,-6,7,513789,"[-1, -1, 2, 2, 2, 2, 2, -1, -2, -2, -2, -2, -1, 2, -1, -2, -2, 1, 1, -2, 1, 1, 1, 1]"
238,dfs_bnb_mpi,82.0712,-8,9,22385289,"[-1, -1, 2, 2, -1, -2, -2, -1, -2, -1, -2, 1, -2, -2, 1, 1, 2, 2, 1, 2, -1, -1, -2, -2]"
239,dfs_bnb_mpi,15.272,-8,9,4118409,"[-1, -1, 2, 2, 2, 2, -1, -2, -1, -2, 1, -2, -2, -1, -2, 1, 1, 1, -2, -1, -2, -1, 2, -1]"
240,dfs_bnb_mpi,253.328,-8,9,65334502,"[-1, -1, 2, 2, 2, 2, 2, 1, 2, 2, -1, 2, -1, -2, -1, -2, -1, -2, 1, -2, 1, 2, 2, 1]"
241,dfs_bnb_mpi,64.7609,-8,8,19587442,"[-1, -2, 1, 1, 2, 2, 2, 2, 1, -2, -2, -2, -2, -2, -1, -1, -1, -1, 2, 2, 2, 1, 1, 2]"
242,dfs_bnb_mpi,11.7749,-6,7,3584824,"[-1, -1, 2, 2, 2, 1, 2, -1, -1, -2, -1, -1, -2, 1, 1, -2, -2, -2, 1, 1, 1, -2, -1, -1]"
243,dfs_bnb_mpi,58.9133,-7,8,17533043,"[-1, -1, 2, 2, 1, 2, 1, 2, 2, 1, 1, 2, 1, -2, -2, -2, -1, 2, -1, -2, -2, -1, -2, -1]"
244,dfs_bnb_mpi,49.2554,-8,9,14492087,"[-1, -1, 2, 2, 2, 1, -2, -2, 1, 2, 1, -2, 1, 2, 1, -2, -2, -1, -1, -2, 1, 1, -2, -1]"
245,dfs_bnb_mpi,195.652,-7,8,50065999,"[-1, -2, -1, -2, -1, 2, -1, -1, 2, 2, 2, 2, 1, -2, 1, -2, -1, -2, 1, 1, 2, 1, 2, 2]"
246,dfs_bnb_mpi,310.394,-7,8,92436808,"[-1, -1, 2, 2, 2, 2, 2, 2, 1, 2, 1, 2, 1, 1, -2, -1, -2, -2, -2, -1, -1, 2, 1, 2]"
247,dfs_bnb_mpi,122.814,-8,9,36655647,"[-1, -1, 2, 1, 2, -1, -1, 2, -1, -2, -1, 2, -1, -2, -1, -1, -2, 1, 1, 1, 1, -2, 1, 2]"
248,dfs_bnb_mpi,0.710629,-8,9,216382,"[-1, -2, -2, -2, -1, 2, 2, -1, 2, 1, 2, 1, 2, 1, -2, 1, 1, -2, -1, -2, -1, -2, 1, 1]"
249,dfs_bnb_mpi,2.55509,-8,9,742934,"[-1, -1, -1, 2, 1, 1, 2, -1, 2, -1, -2, -1, -2, -1, -2, 1, -2, -1, -2, 1, 1, 2, 1, 1]"
250,dfs_bnb_mpi,1140.53,-8,9,294091276,"[-1, -1, 2, -1, -2, -1, 2, 2, 2, 2, -1, -2, -2, -2, -2, -1, -2, 1, 1, -2, 1, 2, 1, -2]"
251,dfs_bnb_mpi,977.504,-8,9,284877252,"[-1, -2, 1, 1, -2, -2, 1, 2, 2, 1, 2, 2, -1, 2, -1, 2, 2, -1, -2, -2, -2, 1, -2, 1]"
252,dfs_bnb_mpi,7.22436,-8,9,1777647,"[-1, -2, -1, -1, 2, 1, 2, 1, 2, 1, 2, -1, 2, -1, -2, -2, -1, -2, -1, 2, 2, 1, 2, 2]"
253,dfs_bnb_mpi,21.6945,-8,9,6043243,"[-1, -1, 2, 2, 2, 2, 1, 2, 1, 1, 2, -1, 2, -1, -2, -1, -2, -1, -2, -1, -2, -2, 1, 2]"
254,dfs_bnb_mpi,5.26352,-8,9,1606587,"[-1, -1, 2, -1, 2, 2, -1, -1, -2, 1, -2, -1, -1, -1, -2, 1, 1, -2, 1, 2, 1, -2, 1, 1]"
255,dfs_bnb_mpi,5.70422,-6,7,1693162,"[-1, -1, 2, 2, -1, 2, 1, 1, 2, 1, 2, 1, -2, 1, -2, -1, -1, -2, -1, -2, 1, 1, 2, 1]"
256,dfs_bnb_mpi,412.908,-6,7,121867236,"[-1, -1, 2, 2, -1, -2, -2, -2, 1, -2, 1, 2, 1, 1, 2, 2, 2, 1, 2, -1, -1, -2, -1, -2]"
257,dfs_bnb_mpi,35.8953,-7,8,9970441,"[-1, -1, 2, 1, 1, 2, -1, -1, 2, 1, 1, 2, 1, 1, -2, -1, -2, -2, -2, 1, 2, 2, 1, 2]"
258,dfs_bnb_mpi,2.3361,-7,8,738043,"[-1, -1, 2, 1, 2, -1, -1, -2, -1, 2, -1, -2, -2, 1, 1, -2, -1, -2, 1, 1, 2, 1, 1, 1]"
259,dfs_bnb_mpi,3.52425,-8,9,1090097,"[-1, -1, 2, 1, 2, 1, 1, -2, -2, -2, 1, -2, 1, -2, -1, -1, 2, -1, 2, -1, -2, -1, 2, -1]"
260,dfs_bnb_mpi,38.8988,-8,9,12226189,"[-1, -2, -2, 1, 2, 1, 2, 2, -1, -1, -1, -2, -2, -1, -1, -1, -2, -2, 1, 1, 1, 2, -1, -1]"
261,dfs_bnb_mpi,16.6703,-7,8,4851397,"[-1, -1, 2, 2, -1, -2, -2, -2, -2, -1, 2, -1, 2, 1, 2, 2, -1, 2, 1, 2, 1, -2, 1, 2]"
262,dfs_bnb_mpi,14.9299,-6,7,4640169,"[-1, -1, 2, 2, 2, 2, 2, 1, 2, -1, 2, -1, -2, -1, -1, -2, 1, 1, -2, -1, -2, 1, -2, -1]"
263,dfs_bnb_mpi,119.132,-8,9,33954199,"[-1, -1, 2, -1, -1, 2, 2, 1, -2, 1, 2, 1, 2, 2, 1, -2, -2, 1, -2, -1, -1, -2, 1, 1]"
264,dfs_bnb_mpi,52.3866,-7,8,14565158,"[-1, -1, 2, 2, 2, 1, 2, -1, -1, -2, -1, -1, -1, 2, 1, 1, 2, 1, 2, 1, -2, 1, 2, 2]"
265,dfs_bnb_mpi,0.72582,-6,6,186736,"[-1, -1, 2, -1, -2, -1, -2, 1, 1, 1, 1, -2, -1, -1, -1, -1, -2, 1, 1, 1, 1, 1, 2, 2]"
266,dfs_bnb_mpi,6.16812,-8,9,1756523,"[-1, -1, 2, 2, -1, -2, -2, -1, -2, 1, -2, -2, 1, 2, 2, 1, 1, -2, 1, 2, 1, 2, -1, 2]"
267,dfs_bnb_mpi,71.515,-7,8,19653929,"[-1, -1, 2, 2, -1, -2, -2, -2, -1, -1, 2, 2, 2, -1, 2, 1, 2, 1, 1, -2, -1, -2, -2, -2]"
268,dfs_bnb_mpi,0.856138,-7,8,259869,"[-1, -1, 2, 1, 2, 1, -2, 1, 2, 1, 2, 2, 2, -1, -1, -2, 1, -2, -1, -1, 2, 2, 2, 2]"
269,dfs_bnb_mpi,130.724,-6,7,37355397,"[-1, -1, 2, 1, 2, 2, 1, -2, 1, 2, 2, 2, -1, -1, -1, -2, -2, -2, -1, -2, -1, -2, 1, -2]"
270,dfs_bnb_mpi,40.0747,-7,8,11514699,"[-1, -1, 2, 2, 2, 2, -1, -1, -2, 1, -2, -1, -1, 2, -1, -2, -2, 1, -2, -2, 1, 2, 2, 1]"
271,dfs_bnb_mpi,347.229,-7,8,101459526,"[-1, -1, 2, 2, -1, -2, -2, -2, 1, 1, 1, 1, -2, 1, -2, -1, -2, -1, -1, 2, 1, 2, -1, -1]"
272,dfs_bnb_mpi,55.5185,-7,8,13375750,"[-1, -1, 2, 2, 2, 1, 2, -1, 2, -1, -1, -1, -2, -2, -1, -2, 1, 1, 2, 2, 1, -2, -2, -2]"
273,dfs_bnb_mpi,0.006122,-5,6,1750,"[-1, -1, 2, 2, 2, 2, 2, 2, 2, 2, 2, 2, 2, 2, 1, 1, -2, 1, -2, -2, -1, 2, -1, 2]"
274,dfs_bnb_mpi,60.5182,-6,7,17364851,"[-1, -1, 2, 2, 2, 2, 2, 2, 2, 2, 1, 1, -2, -1, -2, 1, -2, 1, 2, 2, 2, 2, -1, 2]"
275,dfs_bnb_mpi,4.24345,-7,8,1306973,"[-1, -1, 2, -1, -2, -2, 1, 1, -2, -1, -1, -1, 2, 2, 2, 2, 1, 1, 1, -2, 1, 2, 2, 2]"
276,dfs_bnb_mpi,0.833263,-8,9,252559,"[-1, -1, 2, 1, 1, 2, -1, 2, 2, 2, 1, -2, -2, 1, -2, -2, 1, -2, -1, -2, -2, -1, 2, -1]"
277,dfs_bnb_mpi,16.5941,-8,9,4622488,"[-1, -1, 2, 2, 2, 1, 1, -2, -1, -2, 1, 1, -2, -2, -1, -1, -1, -1, -2, 1, -2, 1, 2, 1]"
278,dfs_bnb_mpi,226.544,-6,7,51978033,"[-1, -1, 2, 2, 2, 2, 2, 2, 2, 1, 2, 2, 1, -2, 1, -2, -1, -2, -1, -2, 1, 1, -2, -1]"
279,dfs_bnb_mpi,385.889,-6,7,116528305,"[-1, -1, 2, 2, 2, 2, 2, 2, 2, 2, 1, 2, 1, -2, -2, -1, -2, 1, 1, -2, -1, -2, -1, 2]"
280,dfs_bnb_mpi,124.924,-8,9,37709780,"[-1, -1, 2, 2, -1, -2, -2, -2, -1, -2, -1, 2, -1, -1, 2, 2, 1, -2, 1, 1, 2, 2, -1, -2]"
281,dfs_bnb_mpi,2.62863,-7,8,772130,"[-1, -1, 2, 2, -1, 2, -1, -2, -2, 1, -2, -2, -2, -1, 2, 2, -1, 2, -1, 2, 1, 2, 2, 2]"
282,dfs_bnb_mpi,6.9435,-7,8,2101592,"[-1, -1, 2, 2, 1, 1, 2, -1, 2, -1, -2, -1, -2, -2, -2, -1, -2, 1, -2, 1, 2, 1, 1, 1]"
283,dfs_bnb_mpi,83.32,-8,9,21267812,"[-1, -1, 2, 2, 2, 2, 2, 1, 2, -1, 2, 1, 2, 2, -1, -2, -1, -2, -2, -2, -1, 2, 2, 2]"
284,dfs_bnb_mpi,0.04037,-7,8,12276,"[-1, -1, 2, 1, 2, -1, 2, 1, 1, -2, -2, 1, 1, -2, -1, -2, -2, -1, 2, -1, -1, -1, 2, 2]"
285,dfs_bnb_mpi,2.4183,-8,9,752950,"[-1, -2, -1, -2, 1, 1, 2, 1, 2, 2, 1, 2, -1, 2, 2, -1, -2, -2, -2, -1, 2, 2, 2, 2]"
286,dfs_bnb_mpi,0.053289,-8,9,15292,"[-1, -1, 2, 1, 1, 2, -1, 2, -1, -2, -1, -2, -2, -1, -2, 1, 1, -2, 1, 2, 1, 1, 2, 2]"
287,dfs_bnb_mpi,0.117881,-8,9,35705,"[-1, -1, 2, -1, 2, -1, 2, 1, 2, 2, -1, -2, -1, -2, -1, -2, 1, -2, 1, -2, 1, -2, 1, 1]"
288,dfs_bnb_mpi,32.1528,-4,5,9341351,"[-1, -1, 2, 2, 2, 2, 2, 2, 2, 2, 1, -2, 1, 1, -2, -1, -1, -2, 1, 1, -2, -1, -1, -2]"
289,dfs_bnb_mpi,0.47072,-7,7,110873,"[-1, -1, 2, 2, 2, 2, 2, -1, -2, -2, -2, -2, -2, -1, 2, 2, -1, -1, 2, 1, 1, 2, 2, 2]"
290,dfs_bnb_mpi,195.92,-6,7,60553347,"[-1, -1, 2, 2, 2, 2, 2, 1, -2, -2, -2, 1, 2, 1, 1, 2, -1, -1, 2, 2, -1, -1, -1, -2]"
291,dfs_bnb_mpi,3.31484,-7,7,782535,"[-1, -1, 2, 2, 2, 2, 1, -2, 1, 2, 1, -2, -2, -1, -1, -2, 1, 1, 1, 1, -2, -1, -1, -2]"
292,dfs_bnb_mpi,13.8786,-8,9,3741581,"[-1, -2, -1, -1, 2, 1, 2, -1, 2, -1, 2, 2, 1, -2, 1, -2, 1, 2, 1, -2, 1, -2, -1, -1]"
293,dfs_bnb_mpi,1.16323,-7,8,324667,"[-1, -1, 2, 2, 2, 2, 1, 2, 1, 2, -1, -1, -2, -1, -2, -1, -2, -1, -1, -2, 1, 1, 1, 2]"
294,dfs_bnb_mpi,166.836,-6,7,50222681,"[-1, -1, 2, 2, 1, -2, 1, 2, 2, 1, 2, -1, 2, -1, -2, -2, -1, 2, 2, -1, -2, -2, -2, -2]"
295,dfs_bnb_mpi,219.658,-6,7,55952798,"[-1, -1, 2, 2, 2, 2, 2, 2, 2, 2, 2, 2, 2, 1, -2, 1, 1, -2, -1, -1, -2, 1, 1, 1]"
296,dfs_bnb_mpi,2.51505,-9,10,717274,"[-1, -2, -2, -1, 2, 2, 2, 1, 1, 2, 1, -2, 1, 1, -2, -1, -1, -2, -1, -2, 1, 1, 2, 1]"
297,dfs_bnb_mpi,167.85,-8,9,50715329,"[-1, -1, -1, 2, 2, -1, -2, -2, -2, -1, -2, 1, -2, 1, 2, 1, 1, 1, 1, 2, -1, -1, -1, -1]"
298,dfs_bnb_mpi,49.2877,-7,8,13631096,"[-1, -1, 2, 2, -1, -2, -2, -1, -2, -1, -2, 1, -2, 1, 1, 2, -1, 2, 1, 1, -2, 1, 2, 1]"
299,dfs_bnb_mpi,117.649,-8,9,35308337,"[-1, -2, -1, 2, 2, 2, 1, 1, 1, -2, -2, 1, -2, 1, -2, -2, -1, -1, -1, 2, 2, 1, -2, 1]"
300,dfs_bnb_mpi,56.6842,-8,9,16158300,"[-1, -2, -1, 2, 2, 2, -1, -1, 2, 1, 1, 2, 2, 1, 1, -2, -1, -2, 1, 1, -2, -1, -1, -2]"
301,dfs_bnb_mpi,41.7131,-6,7,10928999,"[-1, -1, 2, 2, 2, 2, 1, 1, 1, 2, 1, -2, 1, -2, -1, -1, -1, -1, -2, -2, 1, 2, 1, 1]"
302,dfs_bnb_mpi,0.16156,-7,8,41223,"[-1, -1, 2, 2, 2, 2, 2, 1, 1, 2, 1, -2, -2, 1, -2, -2, -1, 2, -1, -2, -1, 2, 2, 1]"
303,dfs_bnb_mpi,3.47343,-7,8,876142,"[-1, -1, 2, 2, 1, 1, -2, 1, 2, 1, -2, 1, -2, -1, -1, -2, 1, 1, -2, -1, -1, -1, 2, -1]"
304,dfs_bnb_mpi,9.53196,-6,7,2956786,"[-1, -1, 2, 1, 2, 1, -2, 1, 2, 1, -2, 1, -2, -1, -1, -2, 1, -2, -1, -1, 2, -1, -1, -1]"
305,dfs_bnb_mpi,43.2751,-8,9,13150140,"[-1, -1, 2, 2, 1, 1, -2, 1, -2, -2, -1, -1, -1, -1, -1, -2, 1, 1, 1, -2, 1, 1, 2, -1]"
306,dfs_bnb_mpi,165.526,-8,9,46475362,"[-1, -1, 2, 2, 2, 1, 2, -1, 2, 2, 2, -1, -2, -2, -2, -1, -2, -1, -2, -2, 1, 2, 1, 2]"
307,dfs_bnb_mpi,1.5745,-8,9,480620,"[-1, -1, 2, 2, 1, -2, 1, 2, 2, 2, 1, 2, 2, 1, -2, -2, -2, -1, -2, -2, 1, -2, -1, -2]"
308,dfs_bnb_mpi,326.692,-8,9,99401477,"[-1, -2, 1, 1, 2, 2, -1, -1, -1, -2, -2, -1, 2, -1, -2, -2, 1, 1, 1, -2, 1, 1, 2, -1]"
309,dfs_bnb_mpi,3.07722,-8,9,929808,"[-1, -1, -1, 2, -1, 2, -1, -2, -2, 1, -2, -1, -1, -2, 1, 1, 1, 2, 1, -2, 1, 2, 1, 1]"
310,dfs_bnb_mpi,0.258268,-8,8,63350,"[-1, -1, 2, 2, -1, -2, -2, -1, -1, 2, 1, 2, -1, -1, 2, 1, 1, 2, 2, 1, -2, -2, 1, 2]"
311,dfs_bnb_mpi,9.86196,-7,8,2688841,"[-1, -1, -1, 2, 2, 2, 2, 2, 1, 1, -2, -1, -2, -2, -2, 1, 1, 1, 2, 2, -1, -1, -2, 1]"
312,dfs_bnb_mpi,4.51206,-7,8,1197902,"[-1, -1, 2, 1, 1, 2, 2, 2, 2, 1, 2, 1, -2, -2, -1, -2, -2, 1, -2, -1, -2, 1, 1, 2]"
313,dfs_bnb_mpi,2.87641,-8,9,826035,"[-1, -2, 1, -2, -1, -1, 2, 2, 2, 1, 1, 2, 2, -1, -2, -1, -1, -2, -2, -1, -1, -2, 1, 1]"
314,dfs_bnb_mpi,2.82148,-6,7,680189,"[-1, -1, 2, 2, 2, 2, 2, 1, 1, 1, -2, -2, -2, -1, 2, 2, -1, -2, -2, -2, 1, 1, 1, 2]"
315,dfs_bnb_mpi,17.574,-8,9,5093272,"[-1, -1, 2, -1, -2, -2, 1, -2, -2, 1, 2, 2, 1, 1, 2, 1, 2, -1, 2, -1, -2, -1, 2, 2]"
316,dfs_bnb_mpi,0.185031,-7,8,56264,"[-1, -1, 2, 2, -1, -1, 2, 1, 2, -1, 2, -1, -2, -1, -1, -2, 1, 1, -2, -2, 1, 1, -2, -1]"
317,dfs_bnb_mpi,29.4725,-8,9,8468874,"[-1, -1, 2, -1, 2, -1, -2, -2, 1, -2, -1, -1, 2, 2, 2, -1, -2, -2, -1, -1, 2, 2, 1, -2]"
318,dfs_bnb_mpi,0.753942,-9,9,216032,"[-1, -2, 1, -2, 1, 2, 2, 1, 2, 2, -1, -2, -1, -1, 2, 1, 2, 2, 2, 2, 1, -2, -2, -2]"
319,dfs_bnb_mpi,96.8617,-8,9,26613040,"[-1, -2, -2, -1, 2, -1, -1, 2, 2, -1, 2, 2, 2, 1, -2, -2, 1, -2, -2, 1, 2, 2, 1, -2]"
320,dfs_bnb_mpi,599.568,-7,8,142336426,"[-1, -1, 2, 2, 2, 2, 2, 2, 2, 1, -2, 1, -2, 1, 2, 1, -2, -2, -1, -1, -2, -1, 2, 2]"
321,dfs_bnb_mpi,103.56,-8,9,30838810,"[-1, -1, 2, 1, 1, 1, 2, -1, -1, 2, 2, -1, -2, -2, -1, 2, -1, -2, -1, -2, 1, -2, 1, 2]"
322,dfs_bnb_mpi,18.0056,-8,9,5164405,"[-1, -1, 2, -1, -2, -2, -1, -1, -2, 1, 1, -2, -1, -2, 1, 1, 2, 2, 2, 1, 1, -2, -1, -2]"
323,dfs_bnb_mpi,3.64406,-6,7,1100079,"[-1, -1, 2, 1, 2, -1, 2, 1, 2, 1, 2, -1, 2, -1, -2, -2, -1, -2, -2, -2, -1, 2, 2, 2]"
324,dfs_bnb_mpi,13.8352,-7,8,4100878,"[-1, -1, 2, 2, 2, 2, -1, 2, 2, 1, -2, 1, -2, 1, -2, -1, -2, 1, -2, 1, -2, -2, -1, -1]"
325,dfs_bnb_mpi,0.064359,-8,9,20145,"[-1, -2, -1, 2, 2, 1, 1, 2, -1, -1, 2, -1, -2, -2, -1, 2, -1, -2, -2, 1, 1, -2, -1, -1]"
326,dfs_bnb_mpi,62.5757,-7,8,19387603,"[-1, -1, 2, 2, 2, -1, -2, -2, -1, -2, 1, -2, 1, 1, 1, 1, 2, 2, -1, 2, 2, -1, -2, -2]"
327,dfs_bnb_mpi,1055.87,-4,5,254101198,"[-1, -1, 2, 2, 2, 2, 2, 2, 2, 2, 2, 2, 2, 1, 2, 1, 2, 1, -2, -2, -1, -2, -1, -2]"
328,dfs_bnb_mpi,59.1196,-5,6,14123007,"[-1, -1, 2, 2, 2, 2, 2, 2, 2, 1, 1, 2, 1, -2, -2, -2, -1, 2, -1, -2, -2, 1, 1, 1]"
329,dfs_bnb_mpi,9.62411,-7,8,2230770,"[-1, -2, -1, -1, 2, 1, 2, 2, -1, 2, 1, 1, 2, 1, -2, -2, -1, -2, 1, 1, 2, 2, 2, 2]"
330,dfs_bnb_mpi,51.5458,-6,7,15260634,"[-1, -1, 2, 2, 2, 2, 2, 2, 1, 2, 1, 2, 1, 2, -1, 2, -1, -2, -2, -1, -2, -1, -2, -1]"
331,dfs_bnb_mpi,2.85598,-6,7,819475,"[-1, -1, 2, 2, 1, -2, 1, 2, 1, -2, -2, 1, -2, 1, -2, -1, -1, 2, -1, -1, -1, -1, 2, 2]"
332,dfs_bnb_mpi,25.3324,-7,8,6885872,"[-1, -2, -1, -2, 1, -2, -1, -1, -2, 1, 1, -2, 1, 1, 2, -1, 2, 1, 2, -1, 2, 1, 2, 2]"
333,dfs_bnb_mpi,4.24112,-6,7,1225550,"[-1, -1, 2, 2, 2, 2, -1, -2, -1, -1, 2, -1, -2, -1, -2, 1, -2, 1, 2, 1, 1, -2, -1, -2]"
334,dfs_bnb_mpi,23.5282,-8,9,6717883,"[-1, -1, 2, 2, 2, 2, 2, 2, 1, 1, -2, 1, -2, -1, -2, 1, 1, -2, -1, -1, -1, 2, 2, 2]"
335,dfs_bnb_mpi,8.39518,-9,10,2544464,"[-1, -2, -1, 2, -1, -1, 2, 1, 1, 2, -1, 2, 1, 2, 1, -2, 1, 2, 1, -2, -2, -1, -1, -2]"
336,dfs_bnb_mpi,0.163142,-8,9,47602,"[-1, -1, 2, -1, 2, -1, 2, 1, 2, 2, -1, -2, -1, -2, -1, -2, 1, -2, 1, -2, 1, -2, 1, 1]"
337,dfs_bnb_mpi,174.129,-6,7,54066321,"[-1, -1, -1, 2, 1, 2, 2, 1, -2, -2, 1, 1, 2, 2, 2, 2, 2, 2, -1, -2, -2, -2, -2, -2]"
338,dfs_bnb_mpi,4.47644,-6,7,1318278,"[-1, -1, 2, 2, 2, 1, 1, 1, 2, -1, 2, 2, 1, -2, 1, -2, -2, -2, -1, -1, -1, -2, 1, 1]"
339,dfs_bnb_mpi,51.9822,-7,8,14753617,"[-1, -1, 2, -1, -2, -1, -1, -2, 1, 1, 1, 1, 1, 1, -2, -1, -1, -2, -1, -1, -1, 2, 1, 1]"
340,dfs_bnb_mpi,46.9443,-6,7,12879804,"[-1, -1, 2, 2, 2, 2, -1, -1, -2, -1, -2, -2, 1, 2, 1, -2, -2, -2, 1, -2, 1, 2, 1, 1]"
341,dfs_bnb_mpi,77.0459,-6,7,18422299,"[-1, -1, 2, 2, 2, 1, 2, 2, 2, 2, 2, 2, 1, -2, -2, -2, -2, -2, 1, -2, -1, -2, -1, -2]"
342,dfs_bnb_mpi,24.9865,-6,7,6972531,"[-1, -1, 2, 2, -1, -1, -2, 1, -2, -1, -1, 2, 2, 2, 1, 1, 1, 2, 1, -2, -2, -2, 1, 2]"
343,dfs_bnb_mpi,7.44946,-7,8,2033254,"[-1, -1, 2, 2, -1, 2, 2, 2, 2, -1, -2, -2, -2, -2, -2, 1, -2, -1, -1, 2, 2, 2, 2, 2]"
344,dfs_bnb_mpi,0.168238,-8,9,50362,"[-1, -2, 1, 1, 2, 2, 2, 1, -2, -2, 1, 1, -2, -1, -1, -2, -2, -1, 2, -1, -2, -1, 2, -1]"
345,dfs_bnb_mpi,1296.38,-6,7,306030393,"[-1, -1, 2, 2, 2, 2, 2, 2, 1, 1, -2, -2, -2, -1, -2, -2, 1, 2, 1, 2, 2, 2, 1, -2]"
346,dfs_bnb_mpi,55.7389,-8,9,14992658,"[-1, -1, 2, 1, 1, 1, 2, -1, 2, 2, 2, -1, -1, -2, 1, -2, -2, -1, 2, -1, -2, -1, -2, 1]"
347,dfs_bnb_mpi,553.868,-8,9,142542103,"[-1, -2, 1, -2, 1, 1, 2, -1, 2, 1, 2, 1, 2, 2, -1, -2, -1, 2, -1, -2, -1, -2, 1, 1]"
348,dfs_bnb_mpi,1.25016,-8,9,353783,"[-1, -2, -2, -1, 2, 2, -1, 2, -1, 2, 1, 1, -2, 1, 1, 2, -1, 2, -1, 2, -1, -2, -1, 2]"
349,dfs_bnb_mpi,1.72081,-9,10,525059,"[-1, -1, 2, -1, 2, -1, -2, -1, -2, 1, 1, -2, 1, 1, -2, -1, -1, -2, -1, 2, 2, -1, -2, -1]"
350,dfs_bnb_mpi,26.1764,-6,7,8118431,"[-1, -1, 2, 2, -1, -2, -2, -2, 1, 1, 1, 1, 1, -2, -1, -1, -2, 1, -2, -1, -1, 2, 2, -1]"
351,dfs_bnb_mpi,157.133,-8,9,47183118,"[-1, -1, 2, 2, 2, 1, 2, -1, 2, -1, -2, -1, 2, -1, 2, -1, -2, -2, 1, -2, 1, 1, -2, -1]"
352,dfs_bnb_mpi,6.68812,-8,9,1632965,"[-1, -2, -1, 2, 2, -1, 2, 1, 2, -1, 2, 1, 2, 1, -2, -2, -2, -2, 1, 2, 2, 2, 2, 2]"
353,dfs_bnb_mpi,70.0489,-6,7,16687979,"[-1, -1, 2, 2, 2, 2, 2, 1, 2, 1, -2, 1, 1, -2, -1, -2, -1, 2, -1, -2, -2, 1, 1, 1]"
354,dfs_bnb_mpi,21.4674,-7,7,5318529,"[-1, -1, 2, 2, -1, -1, -2, 1, -2, -1, -1, 2, -1, -2, -2, 1, -2, 1, 2, 1, -2, 1, 2, 1]"
355,dfs_bnb_mpi,18.6527,-7,8,5107280,"[-1, -1, 2, 2, 2, 2, -1, -2, -2, -2, -1, 2, 2, -1, -2, -1, -2, 1, -2, 1, 1, -2, 1, 1]"
356,dfs_bnb_mpi,0.449974,-8,9,138655,"[-1, -2, 1, -2, 1, 1, 2, -1, 2, 2, -1, -1, 2, -1, -2, -2, -1, -2, 1, -2, 1, -2, 1, 1]"
357,dfs_bnb_mpi,3.13014,-8,9,832571,"[-1, -1, 2, 1, 2, -1, -1, -2, -2, -1, -1, 2, 1, 2, 2, 1, 2, 1, -2, 1, 2, 2, 2, 2]"
358,dfs_bnb_mpi,4.36349,-9,10,1314669,"[-1, -2, -1, -2, -2, 1, 2, 1, 2, 1, 1, 1, 2, -1, -1, 2, -1, 2, 2, -1, -2, -1, -2, 1]"
359,dfs_bnb_mpi,44.225,-8,9,12976980,"[-1, -2, -2, -2, -1, 2, -1, 2, 1, 2, 2, 2, 1, -2, 1, 2, 1, -2, -2, 1, -2, -1, -1, -2]"
360,dfs_bnb_mpi,894.345,-6,7,244969269,"[-1, -1, 2, 2, 2, 2, 2, 2, 2, 1, 2, 2, -1, -1, -1, 2, -1, -2, -2, 1, -2, 1, 2, 1]"
361,dfs_bnb_mpi,43.8625,-7,8,12710936,"[-1, -1, 2, 2, 2, 2, 2, 1, -2, 1, 2, 2, -1, -1, -1, -1, -2, 1, -2, -2, -1, -1, 2, 1]"
362,dfs_bnb_mpi,7.86239,-8,9,2148883,"[-1, -1, 2, 1, 1, 1, 2, 2, 2, 1, 2, -1, -1, -2, -2, -2, -1, -1, -1, 2, 1, 2, 1, -2]"
363,dfs_bnb_mpi,47.3341,-4,5,14276750,"[-1, -1, 2, 2, 2, 2, 2, -1, 2, 2, 1, -2, 1, -2, -2, -2, -2, -2, 1, 1, -2, -2, -1, -1]"
364,dfs_bnb_mpi,185.825,-8,9,56154086,"[-1, -1, 2, 2, 2, 2, 2, 2, 1, 2, 1, 1, -2, -1, -2, 1, 1, -2, -1, -2, -1, 2, -1, 2]"
365,dfs_bnb_mpi,1.85914,-6,7,486048,"[-1, -1, 2, 2, 2, 1, 1, 1, 2, 1, -2, -2, -1, -1, -1, -2, 1, 1, 1, 1, 2, 2, 2, 2]"
366,dfs_bnb_mpi,12.398,-8,9,3570916,"[-1, -1, 2, 1, 1, 2, 2, 1, 2, -1, -1, 2, 1, 2, -1, -1, -2, -1, -2, 1, -2, 1, -2, -1]"
367,dfs_bnb_mpi,0.531134,-9,10,160895,"[-1, -2, -1, -2, 1, -2, 1, 2, 2, 1, -2, -2, 1, 2, 1, 2, -1, 2, -1, 2, -1, 2, 2, 2]"
368,dfs_bnb_mpi,70.776,-4,5,19664072,"[-1, -1, 2, 2, 2, 2, 2, 2, 1, 2, 2, -1, -2, -1, 2, 2, -1, -2, -2, -1, -2, 1, 1, -2]"
369,dfs_bnb_mpi,4.00887,-7,8,1198832,"[-1, -1, 2, 2, 2, 1, -2, 1, 1, 2, -1, 2, 1, 2, 1, -2, 1, 1, -2, -1, -1, -2, 1, 1]"
370,dfs_bnb_mpi,7.59769,-8,9,2142390,"[-1, -1, -1, 2, 1, 1, 2, 2, 2, 1, -2, -2, -2, 1, -2, -2, -1, -1, -2, -1, 2, -1, -1, 2]"
371,dfs_bnb_mpi,40.2645,-8,9,12312331,"[-1, -1, 2, -1, 2, 1, 2, 1, -2, 1, 2, 2, -1, 2, 2, 1, 1, -2, -2, -2, -2, -2, -1, -1]"
372,dfs_bnb_mpi,247.11,-4,5,70975200,"[-1, -1, 2, 2, 2, 2, 2, 2, 2, 2, 2, 1, 2, 2, -1, -2, -1, 2, -1, -2, -1, -2, 1, 1]"
373,dfs_bnb_mpi,163.552,-9,10,44832947,"[-1, -2, -2, -1, 2, -1, 2, -1, -1, 2, 2, 1, -2, 1, 2, 2, 1, -2, 1, 1, -2, -1, -1, -2]"
374,dfs_bnb_mpi,585.13,-6,7,169345778,"[-1, -1, 2, 1, 2, 2, 2, 1, 2, -1, 2, -1, -2, -1, 2, -1, -2, -2, 1, 1, -2, -2, -1, -2]"
375,dfs_bnb_mpi,163.633,-6,7,46716858,"[-1, -1, 2, 2, 2, -1, -2, -1, -2, 1, -2, -2, 1, 1, 1, 1, 2, 2, 2, -1, 2, -1, -2, -2]"
376,dfs_bnb_mpi,1.09341,-7,8,321029,"[-1, -1, 2, 1, 1, 2, 2, 1, -2, -2, 1, 1, -2, -1, -1, -2, 1, 1, -2, -1, -1, -1, 2, -1]"
377,dfs_bnb_mpi,7.08221,-7,8,1944534,"[-1, -1, 2, 1, 2, -1, -1, 2, 2, -1, -2, -1, -2, 1, -2, 1, -2, -1, -2, 1, 1, 1, 1, 1]"
378,dfs_bnb_mpi,52.2324,-8,8,15943789,"[-1, -1, 2, -1, -1, 2, 1, 2, 2, 1, 1, 1, -2, -2, 1, 1, -2, -1, -1, -1, 2, -1, 2, 1]"
379,dfs_bnb_mpi,230.113,-6,7,60018784,"[-1, -1, 2, 2, 2, 2, 2, 2, 2, 2, 2, 1, -2, -2, 1, -2, 1, 2, 2, 1, 2, -1, -1, -2]"
380,dfs_bnb_mpi,444.196,-2,3,129572250,"[-1, -1, 2, 2, 2, 2, 2, 2, 2, 2, 2, 2, 2, 2, 2, 2, 2, 1, 2, 2, -1, -2, -1, -2]"
381,dfs_bnb_mpi,153.14,-8,9,36096915,"[-1, -2, -2, -1, 2, 2, -1, 2, -1, -1, 2, 2, 1, -2, 1, 2, 1, -2, -2, 1, 2, 1, -2, 1]"
382,dfs_bnb_mpi,5.30443,-9,10,1508535,"[-1, -1, 2, 2, 1, 1, -2, 1, -2, 1, -2, -2, -1, -2, 1, -2, -1, -1, 2, -1, 2, 1, 2, 1]"
383,dfs_bnb_mpi,88.0239,-8,9,25646772,"[-1, -1, 2, -1, -2, -2, 1, -2, -2, -1, 2, -1, -2, -2, 1, -2, 1, 2, 1, 2, 1, 2, -1, 2]"
384,dfs_bnb_mpi,3.12188,-7,8,951206,"[-1, -1, 2, 2, 1, -2, 1, 2, 2, 1, -2, 1, -2, -1, -2, -2, -1, -2, -2, -1, 2, 2, -1, -1]"
385,dfs_bnb_mpi,0.034072,-8,9,10722,"[-1, -1, 2, 1, 2, -1, 2, -1, -2, -1, -1, -2, 1, 1, -2, -2, 1, -2, 1, 2, 1, 1, 2, 2]"
386,dfs_bnb_mpi,21.4743,-8,9,6643591,"[-1, -1, 2, 1, 2, 1, -2, 1, 2, 1, -2, 1, -2, 1, -2, -1, -1, -2, -1, -1, 2, 1, 2, 1]"
387,dfs_bnb_mpi,1.58126,-7,8,443565,"[-1, -1, 2, -1, -1, 2, -1, 2, -1, -1, -2, 1, -2, 1, -2, 1, 1, -2, 1, 1, 1, 1, 2, 2]"
388,dfs_bnb_mpi,9.35764,-8,9,2599294,"[-1, -1, 2, 2, 1, 1, -2, 1, 1, 2, -1, 2, -1, 2, -1, -2, -1, -1, 2, -1, -2, -2, 1, -2]"
389,dfs_bnb_mpi,1.65152,-7,8,502354,"[-1, -1, 2, -1, 2, -1, -2, -2, 1, -2, 1, 1, 1, 1, -2, -1, -1, -2, -1, 2, -1, -1, 2, -1]"
390,dfs_bnb_mpi,0.549774,-8,9,162192,"[-1, -1, 2, 2, 1, 2, -1, -1, -1, -2, 1, -2, -1, -1, 2, -1, 2, 1, 2, 1, 2, 1, -2, 1]"
391,dfs_bnb_mpi,35.2528,-6,7,10947551,"[-1, -1, 2, 2, 2, 1, 2, 1, 2, -1, 2, 2, -1, -2, -1, -1, -2, 1, 1, -2, -1, -2, -1, 2]"
392,dfs_bnb_mpi,0.890542,-8,9,236985,"[-1, -1, 2, 2, 2, 2, 1, -2, 1, 1, -2, -1, -1, -2, 1, 1, -2, 1, -2, -1, -2, -1, 2, -1]"
393,dfs_bnb_mpi,23.1977,-7,8,6522826,"[-1, -1, 2, 1, 2, -1, 2, 2, -1, -2, -1, -1, -2, 1, 1, -2, -2, -2, -1, 2, 2, -1, -1, 2]"
394,dfs_bnb_mpi,885.792,-6,7,269618671,"[-1, -1, 2, 2, 2, 2, 2, 2, 2, 2, 1, 2, 2, -1, -2, -1, -2, -1, -1, -2, 1, -2, 1, 2]"
395,dfs_bnb_mpi,2.29531,-9,10,660130,"[-1, -1, 2, 1, 1, 2, 2, 1, -2, 1, -2, -1, -2, 1, -2, 1, -2, -1, -2, -1, 2, -1, 2, 1]"
396,dfs_bnb_mpi,0.348426,-6,7,105226,"[-1, -1, 2, 2, 1, -2, 1, 1, 2, -1, 2, -1, 2, 1, 1, -2, 1, 1, -2, -1, -2, 1, 1, 2]"
397,dfs_bnb_mpi,64.5394,-8,9,19973396,"[-1, -1, 2, 2, 1, 2, 1, 2, 2, 1, -2, -2, 1, 2, 1, -2, -2, -1, -2, -1, 2, -1, -2, -1]"
398,dfs_bnb_mpi,138.858,-10,11,40576049,"[-1, -2, -1, -2, -2, -1, 2, 2, -1, 2, 1, 2, -1, -1, 2, 1, 1, 2, 1, -2, 1, -2, -1, -2]"
399,dfs_bnb_mpi,1.05886,-6,7,325717,"[-1, -1, 2, 1, 2, 2, 2, 1, 1, -2, -1, -2, 1, -2, -2, 1, -2, -1, -1, -1, -1, -1, 2, 2]"
400,dfs_bnb_mpi,3.06403,-7,8,864543,"[-1, -1, 2, 1, 2, -1, -1, -2, -2, -1, -2, 1, 1, -2, 1, 2, 1, 1, -2, -1, -2, -1, -1, -1]"
401,dfs_bnb_mpi,369.98,-6,7,93301765,"[-1, -1, 2, 2, 2, 2, 2, -1, -1, -1, -2, -2, -1, -2, 1, -2, 1, 2, 2, 1, -2, -2, -2, -1]"
402,dfs_bnb_mpi,3.18195,-7,8,973599,"[-1, -1, 2, 2, -1, -1, -2, 1, -2, -1, -2, 1, 1, 1, -2, -1, -1, -2, -2, -1, 2, 2, -1, 2]"
403,dfs_bnb_mpi,81.2244,-9,10,22066987,"[-1, -1, 2, 2, 2, 1, 1, 2, -1, -1, 2, -1, -2, -1, -2, -1, -2, 1, -2, -2, 1, 2, 2, 2]"
404,dfs_bnb_mpi,3.6827,-8,9,878371,"[-1, -1, 2, 2, 2, 2, -1, -2, -2, -2, -2, -2, 1, 1, -2, 1, -2, -1, -2, -1, 2, -1, 2, 1]"
405,dfs_bnb_mpi,94.6867,-7,8,28695835,"[-1, -2, -1, 2, 2, 1, 1, 1, 1, -2, -1, -2, -1, -2, 1, 1, 2, 1, 2, 2, 2, 2, -1, -2]"
406,dfs_bnb_mpi,0.55735,-7,8,171833,"[-1, -1, 2, -1, -2, -2, 1, 1, -2, -1, -1, -1, 2, 2, -1, -1, 2, 1, 1, 2, 2, 1, -2, 1]"
407,dfs_bnb_mpi,11.6182,-7,8,3593561,"[-1, -1, 2, 2, 2, -1, -1, 2, 1, 2, -1, -1, -2, -1, -2, 1, -2, -2, 1, -2, 1, 2, 2, -1]"
408,dfs_bnb_mpi,923.137,-6,7,256816854,"[-1, -1, 2, 2, 2, 2, 2, 1, 1, 2, 1, -2, 1, -2, -2, -2, -1, -1, 2, -1, 2, 1, 1, -2]"
409,dfs_bnb_mpi,7.02345,-8,9,2192103,"[-1, -2, 1, 1, 1, 2, -1, 2, 1, 1, 2, 2, -1, -2, -1, 2, 2, -1, -2, -1, -2, 1, -2, -1]"
410,dfs_bnb_mpi,0.939936,-8,8,259328,"[-1, -1, 2, 2, 2, 1, -2, -2, 1, 2, 1, -2, -2, -2, 1, -2, -1, -1, 2, -1, -2, -1, 2, -1]"
411,dfs_bnb_mpi,76.8503,-8,8,23090795,"[-1, -2, 1, -2, -1, -2, -1, 2, 2, -1, 2, 2, 2, 2, 1, -2, 1, 2, 1, -2, -2, -1, -1, -2]"
412,dfs_bnb_mpi,0.28819,-7,8,80046,"[-1, -1, 2, -1, -2, -1, 2, -1, 2, 1, 1, 2, 1, -2, 1, -2, 1, 1, -2, -2, -1, -1, -1, -1]"
413,dfs_bnb_mpi,73.3338,-6,7,20520403,"[-1, -1, 2, 2, 2, 2, 2, 2, 1, 1, 2, -1, -1, 2, -1, -2, -1, 2, -1, -2, -2, 1, 1, -2]"
414,dfs_bnb_mpi,0.32411,-9,10,91800,"[-1, -2, 1, 1, 2, 1, 2, -1, -1, -1, 2, 1, 1, 1, 2, -1, -1, 2, 2, -1, -2, -2, -1, 2]"
415,dfs_bnb_mpi,24.6935,-8,9,6705193,"[-1, -1, 2, 1, 2, 1, -2, 1, 2, 1, -2, -2, -1, -2, -1, -2, -1, 2, -1, -2, -1, -2, 1, 1]"
416,dfs_bnb_mpi,67.0477,-7,8,16355787,"[-1, -1, 2, 2, 2, 2, -1, -1, -1, -2, -1, -1, -2, 1, 1, -2, 1, -2, 1, 2, 2, -1, 2, 1]"
417,dfs_bnb_mpi,0.112029,-7,8,30027,"[-1, -1, 2, 2, -1, -2, -2, -1, -2, 1, 1, 1, -2, 1, -2, -1, -1, 2, -1, -1, -1, 2, 2, 2]"
418,dfs_bnb_mpi,0.12971,-7,7,34998,"[-1, -1, 2, 2, 2, 2, 1, 2, -1, -1, -2, -1, -2, 1, -2, -2, -1, -1, -2, 1, 1, -2, 1, 1]"
419,dfs_bnb_mpi,175.775,-8,9,41450427,"[-1, -1, 2, 1, 1, 2, 1, 1, 2, 2, 2, 1, -2, -2, -2, 1, -2, -1, -1, -2, -2, -1, 2, 2]"
420,dfs_bnb_mpi,79.5943,-4,5,24200154,"[-1, -1, 2, 2, 2, 2, 1, -2, -2, -2, 1, 2, 2, 2, 2, 1, -2, -2, -2, -2, -2, -2, -1, -1]"
421,dfs_bnb_mpi,0.81521,-7,8,210055,"[-1, -2, 1, 1, 2, 2, -1, 2, 2, 2, -1, -2, -2, -2, -1, -1, 2, 1, 2, 2, 2, 2, 2, 2]"
422,dfs_bnb_mpi,523.777,-8,9,140101162,"[-1, -2, -2, -1, 2, -1, -1, 2, 2, -1, 2, 2, 1, -2, 1, 1, 2, 1, -2, -2, -1, -1, -2, 1]"
423,dfs_bnb_mpi,0.415733,-9,10,87384,"[-1, -2, 1, -2, 1, 2, 1, -2, 1, 2, 2, -1, -1, 2, 1, 2, 1, -2, 1, -2, 1, 2, 2, 2]"
424,dfs_bnb_mpi,0.052136,-8,8,14874,"[-1, -1, 2, 2, -1, -2, -2, -2, -1, 2, 2, 2, 2, 2, -1, -2, -2, -1, -1, -2, 1, 1, -2, -1]"
425,dfs_bnb_mpi,452.964,-7,8,108644712,"[-1, -1, 2, -1, -2, -1, -1, -2, -2, -1, 2, -1, -2, -2, 1, 1, 1, 1, 2, -1, 2, 1, 1, 1]"
426,dfs_bnb_mpi,18.1654,-8,9,4443326,"[-1, -2, -1, -2, -1, -1, -2, 1, 1, -2, -2, 1, 2, 1, 2, -1, 2, 1, 2, 1, 2, 2, 2, 2]"
427,dfs_bnb_mpi,9.90255,-7,8,2779103,"[-1, -1, 2, 2, 2, -1, -2, -2, -2, -2, -1, -2, 1, 1, 2, 1, 1, -2, -1, -2, -1, -1, -1, -1]"
428,dfs_bnb_mpi,2.13112,-8,9,610083,"[-1, -2, -2, -1, 2, 2, -1, 2, 1, 2, 1, -2, 1, 2, 1, 2, -1, 2, 2, -1, -2, -2, -1, 2]"
429,dfs_bnb_mpi,65.5508,-6,6,18620544,"[-1, -1, 2, 1, 2, 2, 2, 2, 2, -1, -2, -1, -1, -2, 1, 1, -2, -2, -1, -2, -2, -2, 1, 1]"
430,dfs_bnb_mpi,409.921,-7,8,97864283,"[-1, -1, 2, 2, 2, 2, 2, 2, 2, 2, 1, 1, 1, 1, -2, -2, -1, -2, -1, -1, 2, 1, 2, 1]"
431,dfs_bnb_mpi,63.4629,-8,9,19309400,"[-1, -1, 2, 2, 2, 1, 2, -1, -1, -2, -1, 2, 2, 1, 2, 2, 2, 1, 1, -2, -2, -2, -1, 2]"
432,dfs_bnb_mpi,0.218306,-7,8,52160,"[-1, -2, 1, 1, -2, 1, 1, -2, -1, -1, -1, 2, -1, -1, -1, -2, 1, 1, -2, 1, 1, 1, 1, 1]"
433,dfs_bnb_mpi,407.185,-8,9,99168177,"[-1, -1, 2, -1, 2, 1, 2, -1, -1, -1, -1, -2, -2, -2, 1, -2, 1, 1, 2, -1, 2, 2, -1, -2]"
434,dfs_bnb_mpi,0.091865,-8,9,23704,"[-1, -2, 1, 1, -2, -1, -2, -2, -1, 2, 2, -1, 2, -1, -1, -2, 1, -2, 1, -2, -1, -1, 2, -1]"
435,dfs_bnb_mpi,169.892,-7,8,47712484,"[-1, -1, 2, 2, 2, 2, 2, 1, 1, 1, -2, 1, -2, -1, -1, 2, -1, -2, -2, 1, 1, -2, -1, -1]"
436,dfs_bnb_mpi,0.583747,-7,7,152903,"[-1, -1, 2, 2, 2, 2, -1, 2, 1, 2, 1, -2, 1, -2, -1, -2, -2, -2, 1, 2, 2, 1, 2, 2]"
437,dfs_bnb_mpi,4.0562,-7,8,1032048,"[-1, -1, 2, 2, -1, 2, 1, 1, 2, -1, 2, 1, 1, -2, 1, -2, -1, -2, -1, -2, 1, 1, 2, 1]"
438,dfs_bnb_mpi,0.313073,-6,7,77188,"[-1, -1, 2, 2, 2, 1, 2, 1, 2, 2, 1, -2, -2, -2, -1, -2, -1, -2, 1, 1, 2, 1, 2, 2]"
439,dfs_bnb_mpi,4.73941,-8,9,1484640,"[-1, -2, 1, -2, 1, -2, -2, 1, 1, 2, -1, 2, 1, 2, 2, 2, -1, -2, -2, -1, 2, 2, 2, 2]"
440,dfs_bnb_mpi,5.98416,-7,7,1571306,"[-1, -1, 2, 2, 2, 1, -2, -2, 1, 2, 2, 1, -2, -2, 1, 1, -2, -1, -1, -2, -2, 1, 2, 1]"
441,dfs_bnb_mpi,0.965401,-8,9,265640,"[-1, -1, 2, 2, 2, -1, -2, -1, -2, 1, -2, -1, -1, -2, -1, 2, -1, 2, 1, 2, 2, 1, -2, -2]"
442,dfs_bnb_mpi,32.1523,-8,9,7602241,"[-1, -1, 2, 1, 2, -1, 2, 2, -1, -1, -1, -2, -2, -1, -2, 1, 1, 2, 2, 1, -2, -2, -2, -1]"
443,dfs_bnb_mpi,212.361,-6,7,56184168,"[-1, -1, 2, 2, 2, 2, 2, 1, -2, -2, 1, 2, 2, 1, 2, 1, -2, -2, -1, -2, -2, -1, -1, -2]"
444,dfs_bnb_mpi,535.538,-6,7,119003885,"[-1, -1, 2, 2, 2, 2, 2, 2, 2, 2, 2, 1, 1, -2, 1, -2, -2, -1, 2, -1, -2, -2, 1, 1]"
445,dfs_bnb_mpi,0.198976,-8,9,53322,"[-1, -2, -1, 2, 2, 1, 2, 1, -2, 1, -2, -2, -1, -2, -2, 1, 2, 1, 1, 2, -1, 2, 2, 2]"
446,dfs_bnb_mpi,475.185,-6,7,138078198,"[-1, -1, 2, 2, 1, -2, 1, 2, 2, -1, -1, -1, -2, -2, -2, -1, -2, -1, -2, 1, 1, 2, 1, 1]"
447,dfs_bnb_mpi,129.913,-6,7,39665948,"[-1, -1, 2, 2, 2, 1, 2, 2, -1, -2, -1, -1, -1, -2, -1, -1, -2, 1, -2, 1, 2, 1, 2, 1]"
448,dfs_bnb_mpi,181.751,-7,8,48582715,"[-1, -1, 2, 2, 2, 2, 2, 2, 2, 1, -2, -2, -2, 1, 2, 1, 2, 1, 2, -1, 2, -1, -2, -2]"
449,dfs_bnb_mpi,21.7713,-7,8,5392194,"[-1, -1, 2, 2, 1, 1, 2, -1, -1, -1, -2, -2, -1, -1, 2, 1, 2, 2, 1, 2, 1, -2, 1, 2]"
450,dfs_bnb_mpi,0.563128,-8,9,166861,"[-1, -1, 2, 1, 2, 1, -2, 1, 2, 2, 2, -1, -2, -1, -1, -2, -1, 2, 2, 1, 1, 2, 1, 2]"
451,dfs_bnb_mpi,0.293318,-7,8,88558,"[-1, -1, 2, 2, 2, -1, 2, -1, -2, -2, 1, -2, -2, -1, -1, -2, 1, 1, 1, -2, 1, 2, 1, 1]"
452,dfs_bnb_mpi,144.173,-4,5,37683364,"[-1, -1, 2, 2, 2, 2, 2, 2, 2, 1, -2, -2, 1, 2, 2, 2, -1, 2, -1, -2, -1, -2, -2, -2]"
453,dfs_bnb_mpi,69.5911,-7,8,19792345,"[-1, -1, 2, 2, -1, -1, -2, 1, -2, -1, -1, -1, -2, -2, 1, 1, 1, 1, 1, 2, -1, -1, -1, -1]"
454,dfs_bnb_mpi,86.5315,-6,7,26492265,"[-1, -1, 2, 2, 2, 2, 2, 2, 1, -2, -2, 1, 2, 1, -2, 1, 1, -2, -1, -1, -2, -1, 2, -1]"
455,dfs_bnb_mpi,5.69806,-6,7,1434133,"[-1, -2, 1, 1, 2, 1, -2, -2, -1, -2, 1, -2, -1, -1, 2, 2, -1, -2, -1, 2, 2, 2, 2, 2]"
456,dfs_bnb_mpi,4.46666,-9,10,1415603,"[-1, -1, 2, 1, 1, 1, -2, 1, -2, -1, -2, -1, 2, -1, -1, -1, 2, 2, 2, 1, 1, 2, 1, -2]"
457,dfs_bnb_mpi,11.7361,-8,9,3412549,"[-1, -1, -1, 2, 1, 2, 1, -2, 1, 1, -2, -2, -1, -1, -1, -1, -2, -1, -1, -2, 1, 1, 1, 2]"
458,dfs_bnb_mpi,5.53394,-7,8,1551682,"[-1, -1, 2, 2, 1, 2, 2, 2, -1, -2, -2, -1, -2, -2, -2, -2, 1, -2, 1, 1, 1, 2, -1, -1]"
459,dfs_bnb_mpi,142.464,-7,8,38575343,"[-1, -1, 2, 2, 2, 2, 1, 2, 2, -1, -2, -1, 2, -1, 2, -1, -2, -1, -2, 1, 1, -2, 1, -2]"
460,dfs_bnb_mpi,45.7334,-6,7,14236256,"[-1, -1, 2, 2, 1, -2, 1, 1, 2, -1, 2, 1, 2, 2, -1, -2, -1, 2, 2, -1, -2, -2, -2, 1]"
461,dfs_bnb_mpi,70.6238,-6,7,19135651,"[-1, -1, 2, 2, 2, 2, 2, 2, 2, 1, 1, -2, -1, -2, 1, 1, -2, -1, -1, -2, 1, 1, 1, 2]"
462,dfs_bnb_mpi,2.54806,-8,9,751145,"[-1, -1, -1, 2, 1, 1, 2, 2, -1, -2, -1, -1, -2, -1, -2, 1, -2, 1, 1, -2, -2, -1, 2, -1]"
463,dfs_bnb_mpi,177.642,-7,8,52990444,"[-1, -1, 2, 2, 2, -1, -2, -1, 2, 2, -1, -2, -2, -2, -1, -2, 1, -2, 1, 1, 2, -1, 2, 1]"
464,dfs_bnb_mpi,1412.88,-7,8,377497673,"[-1, -1, 2, 2, 2, 2, 2, -1, -2, -2, -2, -2, -2, -1, -1, -1, -2, 1, -2, 1, 2, 1, 1, 1]"
465,dfs_bnb_mpi,355.831,-7,8,95510166,"[-1, -1, 2, 2, 2, 2, -1, -2, -2, -1, 2, 2, -1, -2, -1, -2, 1, -2, -2, 1, 2, 1, -2, -2]"
466,dfs_bnb_mpi,11.4993,-6,7,3106965,"[-1, -1, 2, 2, 2, 2, 1, 1, 1, 2, 1, -2, -2, -1, -2, -1, 2, -1, -2, -2, 1, 1, 1, 2]"
467,dfs_bnb_mpi,1.13164,-7,8,337301,"[-1, -1, 2, 1, 2, 2, 1, -2, -2, 1, -2, -2, -1, -1, -1, -1, 2, -1, 2, 1, 2, 1, 2, 2]"
468,dfs_bnb_mpi,23.2823,-7,8,5667383,"[-1, -1, 2, 2, 2, 2, -1, -2, -2, -1, 2, 2, -1, -2, -2, -2, 1, 1, -2, -1, -2, -1, 2, -1]"
469,dfs_bnb_mpi,1.3185,-6,7,379245,"[-1, -1, 2, 2, 1, 2, 1, 2, 1, 2, 2, -1, -2, -1, -2, -1, -2, -1, -1, -2, 1, -2, -1, -1]"
470,dfs_bnb_mpi,84.1995,-9,10,22536775,"[-1, -1, 2, 1, 1, 2, 2, -1, -2, -1, -1, -2, -2, -1, 2, -1, 2, 1, 2, 2, 1, 1, -2, -1]"
471,dfs_bnb_mpi,1.24619,-8,9,380968,"[-1, -1, 2, 2, 1, 1, 2, 2, -1, -2, -1, -1, 2, 1, 2, 1, 1, 1, -2, -2, -2, -2, -1, -1]"
472,dfs_bnb_mpi,261.693,-6,7,72649062,"[-1, -2, -1, 2, 2, 2, 1, -2, 1, 2, 2, 2, 2, -1, -1, -1, -2, -2, -1, -2, 1, -2, -1, -1]"
473,dfs_bnb_mpi,11.3096,-8,9,3495755,"[-1, -2, -1, 2, 2, 1, 2, 1, -2, 1, 2, 1, -2, 1, -2, 1, 1, -2, -1, -1, -1, 2, -1, -2]"
474,dfs_bnb_mpi,957.615,-6,7,283501112,"[-1, -1, 2, 2, 2, 1, 1, 2, -1, 2, -1, -2, -1, -1, 2, 2, -1, -2, -2, -2, 1, 1, -2, -1]"
475,dfs_bnb_mpi,65.1667,-2,3,19909262,"[-1, -1, 2, 2, 2, 2, 1, -2, -2, -2, 1, 2, 2, 2, 2, -1, -1, -1, -2, -2, -2, -2, -1, 2]"
476,dfs_bnb_mpi,9.41645,-8,9,2960140,"[-1, -2, 1, -2, 1, 1, 2, -1, 2, 2, 1, 2, 2, 2, -1, -1, -1, -2, -2, -2, 1, 2, 1, 2]"
477,dfs_bnb_mpi,3.8514,-7,8,1079666,"[-1, -1, 2, 2, 1, 2, 2, -1, -2, -1, -2, -2, -1, 2, -1, -1, -2, 1, -2, 1, 1, -2, 1, 1]"
478,dfs_bnb_mpi,4.3009,-8,8,1078366,"[-1, -1, 2, 1, 2, 2, 2, 1, 1, -2, -2, -1, -2, 1, -2, -2, 1, 2, 2, 1, 2, 2, -1, -2]"
479,dfs_bnb_mpi,19.2163,-8,9,5276936,"[-1, -1, 2, 1, 2, -1, 2, 2, -1, -2, -1, -1, -2, -2, 1, 2, 1, -2, -2, -2, -1, -1, 2, 1]"
480,dfs_bnb_mpi,6.30851,-7,8,1928306,"[-1, -1, 2, 2, 2, 2, 1, 2, -1, -1, -2, -2, -2, -1, -1, 2, 1, 2, -1, 2, 1, 2, 1, 2]"
481,dfs_bnb_mpi,3.55376,-7,8,1050463,"[-1, -1, 2, 2, 2, 1, 2, 1, -2, 1, 2, 1, -2, -2, 1, -2, -2, -1, 2, -1, 2, -1, -1, -2]"
482,dfs_bnb_mpi,206.719,-6,6,52293690,"[-1, -1, 2, 2, 2, 2, 2, 2, 2, 2, 2, 1, -2, -2, -2, -2, -2, 1, 2, 2, 2, 1, -2, 1]"
483,dfs_bnb_mpi,360.497,-6,7,109364688,"[-1, -1, 2, 2, 2, 2, 2, 1, 1, -2, -2, -1, -2, -2, 1, 1, 1, 2, 2, 2, -1, -2, -2, -1]"
484,dfs_bnb_mpi,0.091803,-8,9,29687,"[-1, -1, 2, 1, 2, 1, -2, 1, 2, 2, -1, -1, -1, -2, -1, -2, -1, 2, -1, -2, -2, 1, 1, -2]"
485,dfs_bnb_mpi,0.619047,-6,6,183064,"[-1, -1, 2, 2, 2, 1, -2, -2, 1, 2, 1, 2, -1, 2, 2, -1, -2, -1, -1, -2, -2, -2, -1, 2]"
486,dfs_bnb_mpi,10.1145,-9,10,2814950,"[-1, -2, -1, -1, -2, -2, -1, -1, -2, 1, 1, -2, 1, 2, 1, 1, 2, -1, -1, 2, 1, 1, 2, 1]"
487,dfs_bnb_mpi,7.15907,-6,6,2145845,"[-1, -1, 2, -1, 2, 2, -1, -2, -2, -2, 1, -2, 1, 1, 1, 1, 2, 2, -1, -1, 2, -1, 2, 2]"
488,dfs_bnb_mpi,1.08217,-7,8,342310,"[-1, -1, 2, -1, -2, -2, 1, 1, 1, -2, -1, -1, -1, -2, 1, 1, 1, 1, 2, 2, 1, 2, -1, 2]"
489,dfs_bnb_mpi,15.7775,-4,5,4467983,"[-1, -1, 2, 2, 2, 1, 2, 2, 2, 2, 2, -1, -2, -2, -2, -2, -1, -2, -1, -2, 1, -2, -1, -1]"
490,dfs_bnb_mpi,148.499,-7,8,46098030,"[-1, -1, 2, 2, 2, -1, -2, -2, -1, -1, -2, -1, -2, -2, 1, 1, 1, 1, 2, -1, 2, -1, -2, -1]"
491,dfs_bnb_mpi,524.335,-8,9,125694629,"[-1, -2, -1, 2, 2, 1, 2, -1, 2, -1, -1, -1, -2, -2, -2, -2, 1, 1, 2, 2, 2, -1, -2, -2]"
492,dfs_bnb_mpi,75.8807,-8,9,19651030,"[-1, -2, -2, -1, 2, -1, -1, -1, 2, 2, 2, 1, 1, 2, 1, -2, 1, -2, -1, -1, -1, -2, 1, 1]"
493,dfs_bnb_mpi,25.2754,-7,7,7596835,"[-1, -1, 2, 2, 2, 2, 1, 2, 2, 1, -2, -2, 1, -2, -2, 1, -2, -1, -1, 2, 2, -1, -2, -2]"
494,dfs_bnb_mpi,1.7516,-8,9,519745,"[-1, -1, 2, 2, -1, -2, -2, -2, -1, 2, 2, -1, 2, 1, 2, 1, 2, 1, -2, 1, 1, -2, -1, -2]"
495,dfs_bnb_mpi,60.3011,-8,9,17784854,"[-1, -1, 2, 2, 2, 1, -2, -2, 1, 2, 2, 1, 2, 1, -2, 1, -2, 1, -2, -1, -1, -1, 2, 1]"
496,dfs_bnb_mpi,11.0738,-6,6,3111845,"[-1, -1, 2, 2, 2, 2, 2, 2, 1, -2, 1, 2, 1, -2, -2, 1, -2, -1, -1, 2, -1, -2, -2, 1]"
497,dfs_bnb_mpi,3.01166,-6,7,920487,"[-1, -1, 2, 2, 1, 2, -1, 2, -1, -2, -2, -2, -1, 2, 2, -1, -2, -2, -2, 1, 1, -2, 1, 1]"
498,dfs_bnb_mpi,0.799384,-7,8,230062,"[-1, -1, 2, 2, -1, -1, 2, 1, 2, 1, -2, 1, -2, 1, -2, 1, 1, -2, -1, -2, -1, -1, -1, -1]"
499,dfs_bnb_mpi,448.407,-6,7,135936415,"[-1, -1, 2, 1, 2, 2, 1, 2, 1, -2, 1, 2, 2, 2, 1, -2, -2, -2, -2, -1, -1, -1, -2, 1]"
500,dfs_bnb_mpi,7.7981,-8,9,2273090,"[-1, -1, 2, 2, -1, 2, 1, 2, 1, -2, -2, -2, 1, 1, 2, -1, 2, 2, 1, 2, 1, -2, -2, -1]"
501,dfs_bnb_mpi,131.256,-7,8,38089602,"[-1, -1, 2, 2, 2, 2, -1, -2, -1, 2, -1, -2, -1, -1, -2, 1, -2, 1, 2, 1, 1, -2, -1, -2]"
502,dfs_bnb_mpi,53.6234,-7,8,15346850,"[-1, -1, 2, -1, -2, -1, 2, 2, 2, -1, -2, -2, -2, -1, -2, -2, 1, 2, 1, 1, 1, 1, 1, 1]"
503,dfs_bnb_mpi,52.0885,-8,9,15436430,"[-1, -1, 2, 1, 1, 2, 2, 1, 2, -1, 2, 2, 2, -1, -2, -2, -1, -2, 1, -2, -2, -1, 2, -1]"
504,dfs_bnb_mpi,59.1369,-6,7,17119707,"[-1, -1, 2, 2, 2, 1, 2, 1, -2, 1, 2, 2, 2, 1, -2, -2, -2, -2, -1, -2, -1, -1, 2, 1]"
505,dfs_bnb_mpi,62.1584,-8,9,18503265,"[-1, -1, 2, 2, 1, 1, 2, 2, -1, -2, -1, 2, 2, -1, -2, -1, 2, -1, -2, -2, 1, -2, 1, 2]"
506,dfs_bnb_mpi,70.9021,-7,8,19512334,"[-1, -1, 2, 2, 2, 2, 2, 1, -2, -2, 1, 2, 2, 2, -1, -1, 2, -1, -2, -1, -2, -2, 1, 2]"
507,dfs_bnb_mpi,428.805,-8,9,97209452,"[-1, -1, 2, 2, 2, -1, -2, -1, 2, 2, -1, -2, -2, -1, -2, -1, -2, 1, 1, 2, 1, 1, -2, -1]"
508,dfs_bnb_mpi,0.028407,-7,8,8022,"[-1, -2, -1, -2, 1, -2, 1, 2, 2, 1, -2, 1, 2, 1, -2, -2, -1, -1, -2, 1, 1, 1, 2, 2]"
509,dfs_bnb_mpi,0.759693,-7,8,221964,"[-1, -1, 2, -1, -2, -2, 1, 1, 1, -2, -1, -2, -2, 1, -2, -1, -1, 2, -1, 2, 1, 2, -1, -1]"
510,dfs_bnb_mpi,142.227,-7,8,42085085,"[-1, -1, 2, 2, 2, 2, 2, 1, -2, 1, 1, -2, 1, 1, -2, -1, -2, -1, 2, -1, 2, -1, -2, -2]"
511,dfs_bnb_mpi,1.46525,-7,8,340840,"[-1, -2, -1, -1, -1, -1, 2, 1, 2, 2, 1, -2, -2, 1, 2, 2, 2, 2, 1, -2, -2, -2, 1, 2]"
512,dfs_bnb_mpi,351.23,-7,8,101992851,"[-1, -1, 2, 2, 2, 2, 2, 1, 1, 2, -1, 2, 2, 1, 1, -2, -2, 1, -2, -1, -2, -1, -1, -2]"
513,dfs_bnb_mpi,0.485511,-8,9,149554,"[-1, -1, 2, -1, -2, -2, 1, 1, -2, 1, 1, -2, -1, -1, -1, 2, -1, -1, 2, 2, 2, -1, -2, -1]"
514,dfs_bnb_mpi,0.057743,-7,7,16806,"[-1, -1, 2, -1, -1, -1, -2, 1, 1, -2, -2, 1, 2, 1, -2, -2, -1, -1, -1, 2, 2, -1, -1, 2]"
515,dfs_bnb_mpi,9.95097,-6,7,2281725,"[-1, -1, 2, 2, -1, -1, 2, 1, 1, 2, 2, 1, -2, -2, -2, -2, 1, 2, 1, -2, 1, 2, 2, 2]"
516,dfs_bnb_mpi,86.4025,-8,9,21398838,"[-1, -1, 2, 1, 2, -1, 2, 1, 2, -1, 2, -1, -2, -1, -2, 1, -2, -1, -1, -2, -2, 1, 2, 1]"
517,dfs_bnb_mpi,9.29623,-4,5,2505595,"[-1, -1, 2, 2, 2, 1, -2, -2, 1, 2, 2, 2, -1, -1, -1, -2, -2, -1, -2, 1, -2, -1, -1, 2]"
518,dfs_bnb_mpi,577.988,-6,7,135408462,"[-1, -1, 2, 2, 1, 1, 2, 2, 2, 2, 1, -2, -2, -2, -2, 1, -2, -1, -2, -2, 1, 2, 1, 2]"
519,dfs_bnb_mpi,765.992,-6,7,233567940,"[-1, -1, 2, 2, 2, 2, 2, 2, 2, 1, 2, -1, 2, -1, 2, -1, -2, -1, -1, -2, 1, 1, 1, -2]"
520,dfs_bnb_mpi,1.39091,-8,9,364462,"[-1, -1, 2, 2, -1, -2, -1, 2, -1, 2, 2, 1, -2, 1, 1, 2, 2, 1, -2, -2, -2, 1, -2, -1]"
521,dfs_bnb_mpi,2.12735,-8,9,580116,"[-1, -2, 1, 1, 1, -2, -1, -1, -2, -2, -1, -1, -1, 2, 1, 1, 2, -1, -1, 2, 1, 2, 2, 2]"
522,dfs_bnb_mpi,181.88,-7,8,50705827,"[-1, -2, -1, -2, 1, 1, 2, 1, 2, 2, -1, 2, -1, -1, -1, -2, -2, -2, -2, -1, -2, 1, 1, 1]"
523,dfs_bnb_mpi,25.0024,-6,7,7657845,"[-1, -1, 2, 1, 2, 2, -1, -2, -1, 2, 2, 1, 2, -1, -1, -2, -1, -2, 1, -2, -1, -2, 1, 1]"
524,dfs_bnb_mpi,0.094182,-7,8,23603,"[-1, -1, 2, 2, 1, 2, 2, -1, -2, -1, -2, -1, 2, 2, 1, 2, 1, 2, 2, 2, 2, 2, 2, 2]"
525,dfs_bnb_mpi,4.50569,-8,9,1350981,"[-1, -2, 1, 1, 2, 2, 2, 1, -2, -2, -2, 1, 1, 1, 2, -1, -1, 2, 2, 1, -2, 1, 2, 2]"
526,dfs_bnb_mpi,22.8172,-6,7,6658370,"[-1, -1, 2, 2, 2, 2, 2, 1, 1, -2, -1, -2, 1, 1, 2, 2, 2, -1, 2, -1, -2, -1, 2, 2]"
527,dfs_bnb_mpi,0.194713,-6,7,54255,"[-1, -1, 2, 2, 1, 2, -1, -1, -2, -1, 2, 2, 1, 2, 2, 1, -2, -2, 1, 2, 2, 2, 2, 2]"
528,dfs_bnb_mpi,3.27126,-8,9,917851,"[-1, -1, 2, 2, 1, -2, 1, 2, 2, -1, -1, -1, -2, -2, -2, -1, 2, -1, 2, 1, 2, 2, 1, 1]"
529,dfs_bnb_mpi,12.5917,-8,9,3781366,"[-1, -1, 2, 2, 2, -1, -2, -2, -2, -2, 1, 1, 1, -2, 1, 2, 1, 2, -1, 2, -1, 2, -1, -2]"
530,dfs_bnb_mpi,329.19,-7,8,98413807,"[-1, -1, 2, 2, 2, 2, 1, -2, -2, -2, 1, 2, 1, 2, 1, -2, 1, -2, -2, -1, 2, -1, -2, -2]"
531,dfs_bnb_mpi,1.06693,-8,9,280271,"[-1, -2, -1, 2, 2, -1, -2, -1, -1, -1, 2, 1, 1, 2, 1, 2, 2, 1, -2, -2, 1, -2, 1, 2]"
532,dfs_bnb_mpi,0.837718,-8,9,231486,"[-1, -2, -1, -2, -1, 2, -1, 2, 1, 1, 2, -1, -1, -1, 2, 1, 2, 1, -2, 1, 1, -2, 1, 2]"
533,dfs_bnb_mpi,47.3831,-8,9,14003218,"[-1, -1, 2, 2, -1, -2, -1, -1, -2, 1, 1, -2, 1, 1, -2, 1, -2, -1, -1, -2, -1, 2, 2, 1]"
534,dfs_bnb_mpi,0.678709,-6,7,191916,"[-1, -2, 1, 1, 2, 1, 2, 2, -1, -2, -1, -1, -1, -2, -2, -1, -1, 2, 1, 2, 2, 2, 2, 2]"
535,dfs_bnb_mpi,9.24416,-6,7,2771166,"[-1, -1, 2, 2, -1, 2, 2, 2, -1, -2, -2, -2, -1, -2, -1, -2, 1, 1, 2, 1, -2, -2, 1, 1]"
536,dfs_bnb_mpi,1134.01,-6,7,268134543,"[-1, -1, 2, 2, 2, 2, 2, 2, 2, 1, 2, -1, 2, 2, -1, -1, -1, -2, -2, 1, 2, 1, -2, -2]"
537,dfs_bnb_mpi,359.392,-6,6,96402019,"[-1, -1, 2, 2, 2, 2, 1, -2, 1, 2, 2, 2, 2, -1, -2, -2, -1, 2, -1, -2, -2, -1, -2, 1]"
538,dfs_bnb_mpi,4.33145,-6,7,1310308,"[-1, -2, -1, 2, -1, 2, 2, 2, 1, -2, -2, 1, 1, 1, 2, -1, -1, 2, 2, 2, 2, 2, 2, 2]"
539,dfs_bnb_mpi,408.498,-8,9,122163914,"[-1, -1, 2, 1, 2, 1, 2, 2, 2, -1, -2, -1, 2, -1, -2, -2, -1, -2, -2, 1, 2, 1, 2, 1]"
540,dfs_bnb_mpi,0.448906,-7,8,127713,"[-1, -1, 2, 2, 2, -1, -2, -1, -1, 2, -1, -2, -2, -1, -2, 1, 1, 2, 1, 1, -2, -1, -2, 1]"
541,dfs_bnb_mpi,3.83003,-9,10,1167833,"[-1, -1, 2, 2, 1, -2, 1, 2, 2, 2, 1, -2, -2, 1, -2, 1, -2, -1, -2, -2, -1, 2, 2, 2]"
542,dfs_bnb_mpi,5.0051,-8,9,1530133,"[-1, -1, 2, 2, 2, 1, -2, 1, 2, 2, -1, 2, -1, -2, -1, -2, -1, 2, -1, -2, -2, 1, 1, -2]"
543,dfs_bnb_mpi,16.0836,-6,7,4560127,"[-1, -1, 2, 2, 2, 2, 2, 1, 1, 2, -1, -1, 2, 1, 1, 1, -2, -2, -2, -1, -1, -2, -2, 1]"
544,dfs_bnb_mpi,1.41105,-7,8,430833,"[-1, -1, 2, 1, 2, -1, -1, -2, -2, -1, 2, 2, -1, -2, -2, -2, 1, -2, 1, 2, 1, 1, 1, 1]"
545,dfs_bnb_mpi,6.31127,-7,8,1875887,"[-1, -1, 2, 2, 2, 2, 2, 2, 1, -2, -2, -2, -2, 1, 2, 2, 2, 2, 1, 1, -2, -1, -2, 1]"
546,dfs_bnb_mpi,47.6123,-7,8,13435248,"[-1, -1, 2, 2, 1, -2, 1, 1, 1, 2, 2, -1, -2, -1, 2, 2, 2, -1, 2, -1, -2, -2, 1, -2]"
547,dfs_bnb_mpi,32.9465,-7,8,8041563,"[-1, -1, 2, 2, -1, 2, 1, 2, 2, 2, 2, 2, 1, -2, -2, -2, -2, -2, 1, -2, -1, -2, 1, 1]"
548,dfs_bnb_mpi,0.444149,-7,8,117211,"[-1, -1, 2, 2, 2, -1, -2, -2, -2, -1, -2, -2, 1, 2, 1, 1, -2, -1, -2, -1, -1, -1, 2, 2]"
549,dfs_bnb_mpi,171.077,-6,7,40375926,"[-1, -1, 2, 2, 1, -2, 1, 2, 2, 2, 1, -2, -2, 1, 1, -2, -2, -1, 2, -1, -2, -2, -1, -1]"
550,dfs_bnb_mpi,0.16932,-8,9,52231,"[-1, -1, 2, 1, 2, 1, -2, 1, 2, 2, -1, -1, -1, -2, -1, -2, -2, -2, 1, 1, -2, 1, 2, 1]"
551,dfs_bnb_mpi,68.5174,-8,9,20505712,"[-1, -1, 2, 1, 2, 2, 1, -2, -2, 1, -2, -2, -1, -1, -1, -1, 2, 2, -1, 2, 2, 1, -2, 1]"
552,dfs_bnb_mpi,56.2237,-7,8,15725928,"[-1, -1, 2, 2, 2, 2, 2, 2, 1, -2, 1, 2, 1, -2, -2, -1, -1, -2, -2, 1, 2, 1, -2, 1]"
553,dfs_bnb_mpi,723.24,-2,3,217172904,"[-1, -1, 2, 2, 2, 2, 2, 2, 2, 2, 2, 2, 1, -2, 1, 2, 2, 2, -1, -1, -1, -2, -2, -2]"
554,dfs_bnb_mpi,4.00296,-7,8,1245465,"[-1, -1, 2, 2, 1, 2, -1, -1, -2, -1, 2, -1, -2, -1, -1, -2, 1, 1, 1, 1, -2, -1, -1, -1]"
555,dfs_bnb_mpi,17.037,-8,9,5045596,"[-1, -2, 1, 1, 2, 2, 2, 1, 2, -1, 2, 2, 2, -1, -1, -2, 1, -2, -2, -1, -2, 1, -2, -1]"
556,dfs_bnb_mpi,0.060131,-7,8,17987,"[-1, -1, 2, -1, -1, -1, -2, 1, 1, -2, -1, -2, -2, -1, 2, 2, -1, 2, 2, 2, 2, 2, 2, 2]"
557,dfs_bnb_mpi,1.06155,-6,7,309551,"[-1, -1, 2, 2, 1, -2, 1, 2, 1, 2, 2, 1, 1, -2, -1, -2, -2, -1, -2, 1, 1, 2, 2, 1]"
558,dfs_bnb_mpi,133.792,-8,9,37046762,"[-1, -1, 2, 2, 2, 2, 1, 2, 2, 1, -2, 1, 2, 1, 1, -2, -1, -2, -1, -1, -2, -2, -1, 2]"
559,dfs_bnb_mpi,1011.06,-6,7,247956757,"[-1, -1, 2, 2, 2, -1, 2, 2, -1, -1, -2, -2, -1, -2, 1, -2, 1, -2, 1, 2, 2, -1, 2, 2]"
560,dfs_bnb_mpi,2.53449,-7,7,751821,"[-1, -1, 2, 1, 2, 2, 1, -2, -2, 1, 2, 2, 1, -2, -2, -2, -1, -2, 1, 1, 1, 2, -1, 2]"
561,dfs_bnb_mpi,0.561287,-7,8,139502,"[-1, -1, 2, 2, 1, 2, 2, -1, -2, -1, 2, -1, 2, -1, -2, -2, 1, -2, 1, -2, -1, -1, 2, -1]"
562,dfs_bnb_mpi,0.679501,-7,7,195143,"[-1, -1, 2, 1, 2, -1, -1, -1, -2, 1, -2, -1, -1, -2, 1, 1, 1, -2, -2, 1, 2, 2, 1, 1]"
563,dfs_bnb_mpi,9.22093,-8,9,2864176,"[-1, -1, 2, 1, 1, 2, 2, 1, -2, -2, 1, -2, -1, -2, 1, 1, 2, 1, 1, 2, -1, -1, 2, -1]"
564,dfs_bnb_mpi,2.82268,-7,8,856048,"[-1, -1, 2, 2, -1, -1, -2, 1, -2, -1, -1, 2, 2, -1, -2, -2, -2, 1, 1, 1, -2, 1, 2, 1]"
565,dfs_bnb_mpi,2.25501,-8,9,651281,"[-1, -2, 1, 1, 2, 2, 1, 2, 1, -2, 1, 1, -2, -1, -1, -1, -2, -2, -1, -1, -1, -1, 2, 2]"
566,dfs_bnb_mpi,23.44,-8,8,5525425,"[-1, -1, 2, 2, -1, -2, -2, -1, -2, -2, 1, 2, 1, -2, 1, -2, -1, -1, -1, -2, 1, -2, 1, 2]"
567,dfs_bnb_mpi,268.474,-6,7,77105635,"[-1, -1, 2, 2, 2, -1, -2, -1, 2, -1, -2, -2, -1, 2, -1, -2, -2, 1, 1, 1, 2, 1, -2, -2]"
568,dfs_bnb_mpi,25.4582,-8,9,7824872,"[-1, -1, 2, 1, 1, 2, 1, 2, -1, 2, -1, 2, 2, 2, -1, -2, -2, -2, -1, -2, 1, 1, -2, -1]"
569,dfs_bnb_mpi,65.6008,-8,9,20450265,"[-1, -2, 1, 1, -2, -1, -1, -1, 2, 2, 2, -1, -2, -2, -2, -1, -1, -2, 1, 1, 1, -2, 1, 2]"
570,dfs_bnb_mpi,0.748493,-7,8,222037,"[-1, -1, 2, 2, 1, 2, -1, 2, -1, -1, -2, 1, -2, -2, -2, -1, -1, 2, 1, 2, -1, 2, 2, 2]"
571,dfs_bnb_mpi,125.591,-7,8,37599441,"[-1, -1, 2, 1, 2, -1, -1, 2, 1, 1, 2, 1, -2, 1, 2, 1, -2, -2, -1, -1, -2, 1, 1, 1]"
572,dfs_bnb_mpi,0.690177,-7,8,218079,"[-1, -1, 2, 2, 1, -2, 1, 1, -2, 1, 2, 1, -2, -2, -1, -1, -1, -2, -2, -1, 2, 2, -1, -1]"
573,dfs_bnb_mpi,0.268121,-8,9,73219,"[-1, -1, 2, -1, -2, -2, 1, 1, 1, -2, -2, -1, 2, -1, -1, -2, 1, -2, -1, -2, 1, 1, 2, 1]"
574,dfs_bnb_mpi,0.192041,-8,9,51470,"[-1, -1, 2, -1, -2, -1, -2, -1, -2, 1, -2, 1, 2, 2, 1, 1, -2, -1, -2, 1, 1, 2, 2, 1]"
575,dfs_bnb_mpi,26.0319,-8,9,7808863,"[-1, -1, 2, -1, -2, -1, -2, 1, 1, 1, -2, -1, -2, 1, 1, 2, 2, 1, 2, 2, -1, 2, -1, -2]"
576,dfs_bnb_mpi,0.967775,-7,7,306951,"[-1, -2, -1, -1, 2, 1, 2, 1, 2, 2, 2, 2, 2, -1, -2, -2, -2, -2, -1, -2, -1, 2, 2, 2]"
577,dfs_bnb_mpi,6.02412,-7,8,1840195,"[-1, -1, 2, 2, 1, -2, 1, 1, 2, -1, 2, 1, 2, 1, -2, 1, -2, -1, -2, -2, -1, -2, -1, -1]"
578,dfs_bnb_mpi,0.628363,-8,9,180265,"[-1, -1, 2, 2, 1, 2, 2, 2, -1, -2, -2, -1, -1, -2, 1, -2, -2, -2, 1, -2, 1, 2, 1, 1]"
579,dfs_bnb_mpi,300.262,-7,8,75873526,"[-1, -1, 2, -1, -1, -2, -2, -2, -2, -1, -1, -2, 1, 1, 1, 1, 2, -1, 2, 2, 1, 1, -2, -1]"
580,dfs_bnb_mpi,46.4956,-8,9,13927635,"[-1, -1, 2, 2, -1, -2, -1, 2, -1, -2, -1, -2, -1, -2, 1, -2, 1, 1, 2, -1, 2, 1, 1, -2]"
581,dfs_bnb_mpi,4.42578,-7,7,1387015,"[-1, -1, -1, 2, 1, 2, 1, -2, 1, 2, 2, 2, 2, 2, 1, -2, -2, -2, 1, -2, -1, -2, 1, 1]"
582,dfs_bnb_mpi,344.008,-7,8,102220104,"[-1, -2, 1, 1, 2, 1, -2, -2, -1, -2, 1, 1, 1, -2, -1, -1, -1, -1, -1, 2, 1, 2, -1, -1]"
583,dfs_bnb_mpi,3082.35,-6,7,800224609,"[-1, -1, 2, 2, 2, 2, 2, 2, 2, 2, 2, 2, 2, 2, 2, 1, -2, 1, -2, 1, -2, -1, -1, 2]"
584,dfs_bnb_mpi,1.80171,-7,8,543460,"[-1, -1, 2, 2, 1, -2, 1, 1, -2, -2, -2, 1, 2, 2, 1, 2, -1, 2, 2, -1, -2, -1, 2, 2]"
585,dfs_bnb_mpi,0.496124,-9,10,147784,"[-1, -2, -2, 1, 2, 1, -2, 1, 1, 2, -1, 2, -1, 2, -1, 2, 2, -1, -2, -2, -1, -2, -1, 2]"
586,dfs_bnb_mpi,1.22575,-9,10,354356,"[-1, -2, -2, -1, -2, 1, 1, 2, 2, 1, 1, 2, -1, 2, -1, 2, -1, -2, -1, -2, -2, -1, 2, 2]"
587,dfs_bnb_mpi,20.2684,-6,7,5244455,"[-1, -1, 2, 1, 2, 2, 2, -1, -2, -2, -1, -1, -2, 1, -2, -1, -2, 1, -2, -2, 1, 2, 2, 1]"
588,dfs_bnb_mpi,0.269017,-8,9,84130,"[-1, -1, 2, 1, 1, 2, -1, 2, -1, -2, -1, -2, -1, -1, -2, 1, 1, -2, 1, 1, -2, 1, 2, 1]"
589,dfs_bnb_mpi,32.8692,-7,8,9438839,"[-1, -1, 2, 2, -1, -2, -2, -1, -2, -1, -1, -2, 1, -2, 1, 2, 1, 1, 1, 1, 2, -1, -1, -1]"
590,dfs_bnb_mpi,11.3251,-7,8,2565462,"[-1, -1, 2, 2, -1, 2, 2, 2, 2, -1, -2, -2, -2, -1, -2, 1, -2, 1, -2, -1, -1, 2, -1, 2]"
591,dfs_bnb_mpi,48.5344,-6,7,13240944,"[-1, -1, 2, 2, 2, 2, 1, 1, 1, 2, -1, -1, 2, -1, -2, -1, -2, -2, -1, -1, 2, 1, 2, 2]"
592,dfs_bnb_mpi,20.0675,-8,9,5584004,"[-1, -2, -1, -2, 1, -2, -1, -1, -2, 1, -2, -2, 1, 2, 2, 1, 2, 1, 2, -1, 2, 1, 2, 2]"
593,dfs_bnb_mpi,526.667,-8,9,139396492,"[-1, -2, 1, 1, 2, 2, 2, 2, 2, -1, -2, -1, -2, -1, -1, -2, -2, -2, 1, 2, 2, 1, 1, 2]"
594,dfs_bnb_mpi,0.415157,-8,9,110285,"[-1, -2, -1, 2, -1, 2, 1, 1, 2, 1, -2, 1, 2, 2, 1, 2, -1, 2, -1, -2, -2, -1, 2, 2]"
595,dfs_bnb_mpi,31.5268,-8,9,9303304,"[-1, -1, 2, 2, 1, -2, 1, 2, 2, -1, 2, 1, 2, 1, -2, -2, 1, -2, -1, -2, 1, -2, -1, -2]"
596,dfs_bnb_mpi,16.5276,-8,9,4393773,"[-1, -2, -1, -2, -1, -1, -1, 2, 2, 1, -2, 1, 2, 1, 2, -1, 2, 1, 2, 1, -2, -2, 1, 2]"
597,dfs_bnb_mpi,966.561,-8,9,262435250,"[-1, -1, 2, 2, 2, 2, 1, -2, 1, 2, 2, 2, 1, -2, -2, -2, 1, -2, -1, -2, -1, 2, -1, -2]"
598,dfs_bnb_mpi,4.97127,-7,8,1512061,"[-1, -2, 1, -2, -1, -2, -1, 2, 2, 2, 2, 1, 2, -1, -1, -2, -2, -1, -2, 1, -2, -1, -1, 2]"
599,dfs_bnb_mpi,0.13499,-8,9,33280,"[-1, -2, 1, 1, -2, -1, -1, -2, -1, 2, 2, -1, 2, 1, 2, 1, 2, 2, 2, 1, -2, -2, -2, 1]"
600,dfs_bnb_mpi,24.0043,-8,9,5556064,"[-1, -1, 2, 1, 2, 2, -1, -1, -2, -2, -2, -1, -1, -2, 1, 1, 1, -2, 1, -2, 1, 2, 2, -1]"
601,dfs_bnb_mpi,0.054672,-7,8,15093,"[-1, -1, 2, 1, 2, 2, 1, -2, -2, 1, 1, 2, -1, 2, 1, 1, -2, -2, -2, -1, -1, -2, 1, 1]"
602,dfs_bnb_mpi,365.392,-6,7,101139525,"[-1, -1, 2, 2, -1, -2, -2, -1, -1, -2, 1, 1, 1, -2, -2, 1, 2, 2, 1, 1, 2, 2, -1, -1]"
603,dfs_bnb_mpi,507.74,-6,7,125208288,"[-1, -1, 2, 2, 2, 1, -2, -2, 1, 2, 2, 2, 2, -1, 2, -1, -1, -2, 1, -2, -1, -2, -2, -2]"
604,dfs_bnb_mpi,114.12,-8,9,34419066,"[-1, -1, 2, 2, 2, 2, 1, -2, -2, -2, 1, 1, -2, -2, -1, -2, -2, -1, 2, 2, -1, -1, -2, 1]"
605,dfs_bnb_mpi,4.45354,-7,8,1329828,"[-1, -1, 2, 2, 2, 1, -2, -2, 1, 2, 1, 2, -1, 2, 1, 1, -2, -2, 1, 1, -2, -1, -1, -1]"
606,dfs_bnb_mpi,27.4922,-8,9,7025419,"[-1, -1, 2, 1, 2, 1, -2, 1, -2, 1, 2, 1, -2, -2, -1, -2, -1, 2, -1, -1, -2, 1, -2, 1]"
607,dfs_bnb_mpi,0.186147,-9,9,52433,"[-1, -2, 1, -2, 1, 2, 1, 2, -1, 2, -1, -1, 2, 1, 1, 1, 2, -1, -1, 2, -1, -2, -1, 2]"
608,dfs_bnb_mpi,113.617,-8,9,34354489,"[-1, -1, 2, 1, 2, -1, 2, -1, -1, -1, 2, -1, -2, -2, 1, -2, 1, -2, -2, 1, 2, 2, 2, -1]"
609,dfs_bnb_mpi,142.108,-7,8,43940441,"[-1, -1, 2, 2, 1, -2, 1, 2, 2, 2, 2, 2, -1, -2, -2, -2, -1, -1, -1, -2, -2, -2, 1, 2]"
610,dfs_bnb_mpi,19.3356,-8,9,5388349,"[-1, -1, 2, 2, 2, 2, 1, -2, -2, -2, 1, 2, 1, -2, -2, -2, -1, -2, -1, 2, -1, -1, 2, 2]"
611,dfs_bnb_mpi,12.5391,-7,8,3110024,"[-1, -1, 2, -1, -2, -1, 2, 2, -1, -2, -2, -2, 1, 1, 1, 1, -2, -1, -2, -1, 2, -1, -1, -1]"
612,dfs_bnb_mpi,0.2087,-7,8,58602,"[-1, -2, -1, 2, 2, 2, 1, -2, 1, 2, 2, -1, -1, 2, -1, -2, -2, -2, -1, 2, 2, 2, 2, 2]"
613,dfs_bnb_mpi,18.404,-8,9,5742867,"[-1, -2, -1, -1, -2, 1, 1, 1, 2, 1, 2, 2, -1, 2, 2, 2, 2, -1, -2, -2, -2, -2, -1, -2]"
614,dfs_bnb_mpi,397.649,-8,9,111269155,"[-1, -1, 2, 2, -1, -2, -1, -1, -2, -1, -1, -2, -2, 1, 2, 1, -2, -2, 1, 2, 2, 1, 2, -1]"
615,dfs_bnb_mpi,86.1786,-7,7,21749813,"[-1, -1, 2, 2, 2, 2, 2, 1, 1, 2, 1, -2, 1, -2, -1, -1, -1, -2, 1, 1, 1, -2, -1, -1]"
616,dfs_bnb_mpi,0.088826,-7,8,24849,"[-1, -1, 2, 1, 1, 2, 1, -2, 1, -2, -1, -2, -1, -2, -1, 2, -1, -1, 2, 2, 2, 2, 2, 2]"
617,dfs_bnb_mpi,49.9484,-7,8,14271302,"[-1, -1, 2, 2, 2, 1, -2, -2, 1, 1, -2, -2, -2, -2, -1, -1, -1, 2, -1, 2, 1, 1, -2, 1]"
618,dfs_bnb_mpi,0.277981,-8,8,68098,"[-1, -1, 2, 2, 1, 1, -2, 1, 1, -2, -1, -2, 1, 1, -2, -1, -1, -1, 2, -1, -1, -1, 2, 2]"
619,dfs_bnb_mpi,9.21851,-8,9,2413333,"[-1, -1, 2, 1, 2, 2, 2, 2, -1, -2, -2, -2, -1, -2, -1, -2, 1, -2, 1, -2, -1, -1, 2, -1]"
620,dfs_bnb_mpi,30.2135,-8,9,8882606,"[-1, -2, -1, 2, -1, -1, 2, 1, 1, 2, 2, 1, -2, 1, 1, 2, 1, -2, 1, -2, -1, -1, -1, -1]"
621,dfs_bnb_mpi,3.2363,-6,7,1023342,"[-1, -2, -1, 2, 2, 1, 2, 1, 1, 2, -1, -1, 2, 2, -1, -2, -2, -2, -1, -2, -1, 2, 2, 2]"
622,dfs_bnb_mpi,3.06911,-8,9,943672,"[-1, -2, -1, 2, 2, 1, 1, 2, 1, 1, -2, -1, -2, 1, -2, 1, 1, -2, -1, -1, -1, 2, -1, -2]"
623,dfs_bnb_mpi,7.59731,-7,8,2345864,"[-1, -2, -1, -2, 1, 1, 2, 1, 2, 2, -1, 2, 2, 2, -1, -2, -1, -1, -2, 1, 1, -2, -1, -1]"
624,dfs_bnb_mpi,60.9916,-9,10,18647498,"[-1, -1, 2, -1, 2, -1, -2, -1, 2, 2, -1, -2, -2, -2, 1, -2, 1, -2, 1, 1, 2, -1, 2, -1]"
625,dfs_bnb_mpi,0.86497,-7,8,265566,"[-1, -1, 2, 2, -1, -2, -1, 2, 2, -1, -2, -1, -2, 1, -2, -1, -2, 1, 1, 2, 1, -2, 1, 1]"
626,dfs_bnb_mpi,0.700819,-7,7,205982,"[-1, -1, 2, 2, 2, 1, 2, 1, 1, 2, -1, -1, 2, -1, -2, -2, -1, -2, -1, -2, 1, -2, -1, -1]"
627,dfs_bnb_mpi,130.658,-8,9,38151304,"[-1, -1, 2, 2, 2, 2, -1, -2, -2, -1, -1, 2, -1, -2, -1, -2, -2, 1, 2, 1, 1, -2, 1, 2]"
628,dfs_bnb_mpi,4.35724,-7,7,1123690,"[-1, -1, 2, 2, 2, 1, -2, -2, 1, 2, 2, 2, 1, -2, -2, 1, 1, -2, -1, -2, -2, -1, 2, 2]"
629,dfs_bnb_mpi,2.46029,-8,9,722492,"[-1, -1, 2, -1, 2, 2, -1, -2, -2, -1, -2, -1, -2, -2, 1, 2, 1, 2, 1, -2, 1, 1, 1, 1]"
630,dfs_bnb_mpi,130.173,-6,6,38055851,"[-1, -1, 2, 2, 2, 2, 2, 1, 2, -1, 2, 2, -1, -2, -2, -1, -1, -2, 1, 1, -2, -2, -1, 2]"
631,dfs_bnb_mpi,17.0861,-8,9,4677267,"[-1, -2, 1, -2, -2, 1, 2, 2, 1, 1, -2, 1, 2, 2, 1, 2, -1, -1, -2, -1, -1, 2, -1, 2]"
632,dfs_bnb_mpi,3.95081,-7,8,1217625,"[-1, -2, 1, 1, 1, 2, -1, 2, 2, 1, -2, 1, -2, -2, -2, -1, -1, -1, -1, -2, 1, 1, 1, 1]"
633,dfs_bnb_mpi,199.734,-8,9,49228460,"[-1, -1, 2, 2, 2, 2, -1, 2, -1, -2, -1, 2, -1, -2, -2, 1, 1, -2, -2, -2, 1, 2, 2, 2]"
634,dfs_bnb_mpi,4.14602,-6,7,1238204,"[-1, -1, 2, 2, 2, 2, 2, 2, 1, -2, -2, 1, 2, 2, 2, -1, 2, -1, -2, -1, -2, -1, 2, 2]"
635,dfs_bnb_mpi,1.56652,-8,9,406649,"[-1, -1, 2, 2, 1, 1, 1, -2, -2, -2, -1, -1, -2, 1, -2, 1, 2, 1, 2, 1, 2, -1, 2, 2]"
636,dfs_bnb_mpi,11.8539,-7,8,3534965,"[-1, -2, 1, 1, 2, 2, 2, -1, 2, 1, 2, -1, 2, -1, -2, -1, -2, 1, -2, -2, -1, -2, -1, 2]"
637,dfs_bnb_mpi,1.58175,-7,8,396135,"[-1, -1, 2, 2, 1, 1, -2, 1, 1, -2, -1, -2, 1, -2, 1, -2, -1, -1, 2, -1, 2, -1, -1, -1]"
638,dfs_bnb_mpi,12.7636,-6,7,3920383,"[-1, -1, 2, 2, 1, -2, 1, 2, 2, -1, -1, 2, 2, -1, -2, -2, -1, -2, 1, -2, -2, -2, 1, 1]"
639,dfs_bnb_mpi,18.0195,-6,7,5664630,"[-1, -1, 2, 2, 1, -2, 1, 2, 2, -1, 2, 2, 2, -1, -1, -2, -2, -2, -1, -2, 1, -2, -1, -1]"
640,dfs_bnb_mpi,514.779,-8,9,147700261,"[-1, -1, 2, 2, 2, 1, 1, -2, -1, -2, 1, 1, 2, 2, 2, 2, -1, 2, -1, -2, -1, -2, 1, 1]"
641,dfs_bnb_mpi,46.3058,-7,8,13234831,"[-1, -1, 2, -1, -2, -1, 2, 2, 1, 2, 2, 2, 2, 1, -2, -2, -2, 1, 1, -2, -2, -1, 2, -1]"
642,dfs_bnb_mpi,23.5131,-7,8,7084573,"[-1, -1, 2, 2, 2, 2, 1, -2, 1, 2, 2, 2, 1, -2, -2, -2, 1, -2, -1, -1, -1, -2, 1, 1]"
643,dfs_bnb_mpi,0.67726,-6,7,177750,"[-1, -1, 2, 1, 2, 2, -1, -1, -2, -2, -2, -2, 1, 1, -2, -1, -1, -1, 2, 2, 2, 2, 2, 2]"
644,dfs_bnb_mpi,10.191,-8,8,2569065,"[-1, -1, 2, 1, 1, 1, 1, 2, 2, 2, 2, -1, -2, -1, -2, 1, -2, -1, -1, -1, 2, 2, 1, -2]"
645,dfs_bnb_mpi,0.432698,-8,8,120139,"[-1, -1, 2, 2, 2, 1, 2, -1, -1, -2, -1, 2, 2, 1, 1, 1, 1, 2, -1, -1, 2, -1, -2, -1]"
646,dfs_bnb_mpi,72.772,-7,8,20802610,"[-1, -1, 2, 2, 2, 1, 2, 2, 2, 1, 1, -2, -1, -2, -2, 1, 2, 1, -2, -2, -1, -1, -1, -2]"
647,dfs_bnb_mpi,3.03635,-7,8,738829,"[-1, -1, 2, 2, -1, -2, -1, 2, -1, -2, -1, -2, 1, 1, 1, -2, -2, 1, 2, 1, 1, 1, 2, 2]"
648,dfs_bnb_mpi,0.341052,-6,7,106983,"[-1, -1, 2, 1, 2, -1, 2, 1, 1, -2, -2, 1, -2, -2, -1, -1, -1, -1, 2, 2, 2, 2, 2, 2]"
649,dfs_bnb_mpi,17.9604,-8,9,5170652,"[-1, -1, 2, 2, 2, 1, 2, -1, 2, -1, -2, -2, -2, -2, -1, 2, -1, 2, 1, 2, 2, -1, -2, -1]"
650,dfs_bnb_mpi,64.27,-5,6,20104075,"[-1, -1, 2, 2, 2, 2, 1, 1, -2, -2, -2, 1, -2, 1, 2, 1, -2, -2, -1, -1, -1, -2, 1, 1]"
651,dfs_bnb_mpi,2.55492,-8,9,725306,"[-1, -1, 2, 2, -1, 2, 2, 1, 2, -1, -1, 2, -1, -2, -2, 1, -2, -1, -2, 1, -2, 1, -2, -1]"
652,dfs_bnb_mpi,70.9652,-7,8,18548024,"[-1, -1, 2, 2, 2, -1, -2, -2, -1, -1, -2, -1, 2, -1, -2, -2, 1, 1, -2, 1, 2, 2, 1, -2]"
653,dfs_bnb_mpi,8.06671,-8,9,2389936,"[-1, -1, 2, 1, 2, -1, 2, 1, 2, -1, 2, 2, -1, -2, -2, -2, -2, -1, -1, -2, 1, -2, 1, 2]"
654,dfs_bnb_mpi,2.82761,-8,9,844040,"[-1, -2, -1, 2, 2, 2, 2, -1, -2, -2, -1, -2, 1, -2, -2, 1, 1, 1, 2, 1, 2, 2, -1, -1]"
655,dfs_bnb_mpi,29.5895,-4,4,7903046,"[-1, -1, 2, 2, 2, 2, 2, 2, 1, -2, -2, 1, 2, 1, -2, -2, -1, -1, -2, -2, 1, 1, 2, -1]"
656,dfs_bnb_mpi,19.0665,-8,9,5403579,"[-1, -1, 2, 2, 2, 2, 1, 2, -1, 2, -1, 2, -1, -2, -1, -2, 1, 1, -2, -2, -1, -1, 2, 1]"
657,dfs_bnb_mpi,8.1718,-7,8,2409950,"[-1, -1, 2, 2, 1, -2, 1, 2, 2, 2, -1, -2, -1, -1, -1, -2, 1, -2, -1, -1, -2, 1, 1, -2]"
658,dfs_bnb_mpi,56.9486,-7,8,13381538,"[-1, -1, 2, 2, -1, 2, 2, 2, 1, -2, -2, 1, 2, 1, 1, -2, -1, -2, -1, -2, 1, 1, 2, 1]"
659,dfs_bnb_mpi,4.96456,-9,10,1423060,"[-1, -2, -1, 2, -1, 2, 1, 2, -1, 2, 1, 2, 1, -2, 1, 1, 1, -2, -1, -2, -1, -1, 2, 1]"
660,dfs_bnb_mpi,3.94018,-7,7,1113351,"[-1, -1, 2, -1, -2, -1, 2, 2, 2, -1, -2, -2, -1, -2, 1, -2, 1, 1, 1, 1, 1, 1, 2, 2]"
661,dfs_bnb_mpi,0.362893,-8,9,109491,"[-1, -1, 2, 2, -1, -1, -2, 1, -2, -1, -2, 1, -2, -2, 1, 1, 2, -1, 2, 1, 1, 1, 2, 2]"
662,dfs_bnb_mpi,6.66243,-6,7,1835143,"[-1, -1, 2, 2, 2, 1, -2, -2, 1, 2, 1, 2, 2, 1, -2, 1, 1, -2, -1, -1, -2, -1, -2, 1]"
663,dfs_bnb_mpi,0.199166,-8,9,51457,"[-1, -1, 2, 2, 2, 1, 2, 2, -1, -2, -1, -2, -2, -2, -1, 2, -1, -1, 2, 1, 1, 2, 2, 2]"
664,dfs_bnb_mpi,0.130386,-8,9,40014,"[-1, -1, 2, 2, -1, -1, -2, 1, -2, -2, 1, -2, -2, 1, 2, 2, 1, 1, 2, 2, -1, -1, 2, 2]"
665,dfs_bnb_mpi,1.92524,-8,9,487594,"[-1, -1, 2, 1, 1, 2, 1, -2, 1, -2, -1, -2, 1, -2, -1, -2, -1, -1, 2, 1, 2, -1, -1, -1]"
666,dfs_bnb_mpi,5.30642,-7,8,1576459,"[-1, -1, 2, 2, -1, 2, 2, -1, -2, -2, -1, -2, -1, -2, 1, -2, 1, 2, 2, 1, -2, -2, 1, 1]"
667,dfs_bnb_mpi,2.39106,-7,8,712464,"[-1, -1, 2, 2, 1, -2, 1, 2, 1, 2, -1, 2, -1, -2, -1, 2, 2, 2, -1, -2, -2, -2, -2, -1]"
668,dfs_bnb_mpi,2.1018,-7,8,611638,"[-1, -1, 2, 2, 2, 1, 1, -2, -1, -2, 1, 1, 2, 2, 1, -2, -2, 1, -2, -1, -1, -2, -1, -1]"
669,dfs_bnb_mpi,231.401,-7,8,52696526,"[-1, -1, 2, 1, 1, 2, 2, 2, 2, 2, 2, 1, -2, -2, -2, -2, -2, 1, -2, -1, -2, -2, 1, 2]"
670,dfs_bnb_mpi,0.41602,-9,10,129785,"[-1, -1, 2, 1, 2, 2, 1, -2, -2, 1, -2, -2, -1, -2, -1, 2, -1, -1, 2, 2, 2, 2, 1, -2]"
671,dfs_bnb_mpi,19.5593,-7,8,5971368,"[-1, -1, 2, 2, 1, 1, 2, 2, 2, -1, -2, -2, -1, 2, -1, -2, -2, -1, -2, 1, -2, -2, 1, 1]"
672,dfs_bnb_mpi,15.2364,-8,9,3852284,"[-1, -2, 1, -2, -1, -1, 2, 2, -1, 2, 1, 2, 2, 1, 1, -2, -1, -2, 1, 1, 2, 2, 2, 2]"
673,dfs_bnb_mpi,46.8674,-7,8,13159098,"[-1, -1, 2, -1, 2, 2, 1, -2, 1, -2, 1, 2, 2, 1, -2, -2, 1, -2, -1, -2, -1, -1, -1, -1]"
674,dfs_bnb_mpi,8.01858,-8,9,2395110,"[-1, -1, 2, -1, -2, -1, -2, 1, 1, 1, -2, -1, -2, -2, -1, 2, 2, -1, -1, 2, 2, 2, 2, 2]"
675,dfs_bnb_mpi,2.64095,-8,9,819180,"[-1, -1, 2, 1, 2, 2, 1, -2, -2, 1, 2, 2, 2, 1, -2, -2, -2, -2, -1, -2, -1, -2, -1, 2]"
676,dfs_bnb_mpi,2.64189,-8,9,771730,"[-1, -1, 2, 2, 1, -2, 1, 2, 1, -2, 1, 1, -2, -2, -1, 2, -1, -2, -2, -1, 2, -1, -1, -1]"
677,dfs_bnb_mpi,34.5909,-7,8,10420964,"[-1, -1, 2, 2, -1, -2, -2, -1, -1, -2, 1, -2, 1, 2, 1, -2, -2, 1, 2, 1, 1, 2, -1, -1]"
678,dfs_bnb_mpi,2.08327,-7,8,609706,"[-1, -2, -1, 2, 2, 1, 2, 1, -2, 1, -2, 1, 1, 2, -1, 2, -1, 2, 1, 1, -2, 1, 2, 2]"
679,dfs_bnb_mpi,123.991,-8,9,34487020,"[-1, -1, 2, 2, 2, 1, -2, 1, 2, 2, -1, -1, -1, -2, -2, -1, -2, -1, -2, 1, -2, 1, 2, 2]"
680,dfs_bnb_mpi,913.967,-4,5,265474185,"[-1, -1, 2, 2, 2, 2, 2, 2, 1, -2, 1, 2, 2, 2, 2, -1, -1, -1, -2, -2, -2, -1, -2, 1]"
681,dfs_bnb_mpi,26.0848,-8,9,7225146,"[-1, -2, -1, -2, 1, -2, 1, 1, 1, 2, -1, -1, 2, 1, 2, 2, 1, 2, 1, -2, -2, -1, -2, 1]"
682,dfs_bnb_mpi,2.98347,-6,7,732466,"[-1, -1, 2, 2, 2, 2, -1, -2, -2, -2, -2, -1, 2, 2, 2, 2, 2, -1, -2, -2, -1, -2, 1, -2]"
683,dfs_bnb_mpi,23.0942,-6,7,7048463,"[-1, -1, 2, 2, 2, 1, 2, -1, -1, -2, -2, -2, -1, -2, 1, -2, 1, 1, 1, 1, 2, 2, -1, -1]"
684,dfs_bnb_mpi,359.966,-7,8,98276845,"[-1, -1, 2, 2, 2, 2, 1, 2, 1, -2, 1, 1, 1, -2, 1, -2, -1, -1, 2, -1, -1, -2, -1, 2]"
685,dfs_bnb_mpi,0.970975,-6,7,250644,"[-1, -1, 2, 2, 1, -2, 1, 1, 1, 2, -1, -1, 2, 1, 2, 2, -1, -2, -1, -2, -1, 2, 2, 2]"
686,dfs_bnb_mpi,25.5606,-6,7,6582245,"[-1, -1, 2, 2, 1, 2, 2, 2, 1, 2, -1, -1, -2, -1, -2, 1, -2, -1, -1, -1, -2, 1, 1, -2]"
687,dfs_bnb_mpi,1.02658,-8,9,310500,"[-1, -1, 2, 1, 2, 1, -2, 1, 2, 1, -2, -2, -1, -2, -1, -2, -1, -1, -1, -1, 2, 1, 1, 1]"
688,dfs_bnb_mpi,8.13624,-8,9,2214461,"[-1, -1, 2, 1, 1, 2, 2, 2, -1, 2, 1, 2, 1, -2, 1, -2, -1, -2, -2, 1, 1, -2, -1, -1]"
689,dfs_bnb_mpi,1.69907,-6,7,428225,"[-1, -1, 2, 1, 2, 2, 1, 2, -1, 2, -1, -2, -1, -2, 1, -2, -1, -2, -1, 2, 2, 2, 2, 2]"
690,dfs_bnb_mpi,5.98709,-8,9,1697339,"[-1, -1, 2, 2, -1, -1, 2, -1, 2, -1, -2, -2, 1, -2, -1, -2, 1, 1, 2, 1, -2, -2, 1, 1]"
691,dfs_bnb_mpi,0.636456,-8,8,151845,"[-1, -1, 2, 2, 1, 2, -1, -1, -2, -2, -1, 2, 2, -1, 2, 1, 1, 2, 1, -2, 1, 2, 2, 2]"
692,dfs_bnb_mpi,1.00421,-7,8,293788,"[-1, -1, 2, 2, 1, -2, 1, 1, 2, 1, -2, 1, -2, -1, -1, -2, -2, -1, 2, -1, -1, -1, 2, 2]"
693,dfs_bnb_mpi,6.63703,-7,8,1936726,"[-1, -1, 2, 2, 2, 2, 1, 2, -1, 2, 1, 1, -2, 1, -2, -1, -2, -1, -2, 1, 1, 2, 1, 2]"
694,dfs_bnb_mpi,11.9035,-7,8,3627817,"[-1, -1, 2, 2, 1, -2, 1, 2, 2, 1, 2, 2, -1, -2, -1, -2, -1, 2, -1, -2, -2, -1, -2, 1]"
695,dfs_bnb_mpi,56.138,-6,7,15661048,"[-1, -1, 2, 2, 2, 2, 1, 2, 2, 2, -1, 2, -1, -2, -1, -2, 1, 1, -2, -1, -1, -2, 1, -2]"
696,dfs_bnb_mpi,7.05073,-6,7,2104628,"[-1, -1, 2, 2, 2, 2, -1, 2, 1, 2, 1, -2, -2, -2, -2, -2, 1, 1, 2, -1, 2, 2, 2, 2]"
697,dfs_bnb_mpi,3.65948,-7,8,909346,"[-1, -1, 2, 2, 2, 2, -1, -2, -2, -1, 2, 2, -1, -2, -1, -2, 1, -2, 1, 1, -2, -1, -1, -1]"
698,dfs_bnb_mpi,1.16221,-7,8,350692,"[-1, -1, 2, 2, 1, -2, 1, 2, 2, -1, -1, -1, -2, -1, -2, 1, -2, -2, 1, 1, 1, 1, 2, 2]"
699,dfs_bnb_mpi,24.9345,-8,9,7369298,"[-1, -1, 2, 1, 1, 1, 2, -1, -1, 2, 2, 1, -2, 1, 1, -2, -2, -2, -1, -2, 1, 1, 2, 2]"
700,dfs_bnb_mpi,135.641,-8,9,37013423,"[-1, -1, 2, 2, 2, 2, 2, 1, 1, 1, -2, 1, -2, -1, -2, -2, -1, -1, 2, 2, 2, 1, -2, -2]"
701,dfs_bnb_mpi,24.6534,-7,8,6429181,"[-1, -1, 2, 2, 2, 2, 2, 1, -2, -2, -2, 1, 2, 2, 1, 2, 1, -2, -2, 1, -2, -1, -1, 2]"
702,dfs_bnb_mpi,5.59876,-8,9,1702797,"[-1, -1, 2, 1, 1, 2, 1, -2, -2, -2, 1, -2, -1, -2, -1, -1, 2, 1, 2, -1, -1, -2, -1, 2]"
703,dfs_bnb_mpi,2.32618,-9,10,683469,"[-1, -1, 2, 1, 1, 1, -2, 1, -2, -2, 1, 2, 2, 1, 2, -1, -1, 2, -1, 2, 2, -1, -2, -2]"
704,dfs_bnb_mpi,0.127218,-9,10,34091,"[-1, -1, 2, 2, -1, -2, -2, -2, -1, 2, -1, -1, -2, 1, -2, 1, -2, -2, 1, 2, 2, 1, 2, 1]"
705,dfs_bnb_mpi,9.76865,-7,8,2887493,"[-1, -1, 2, 1, 2, 1, 1, -2, -2, -2, -1, -1, -1, -1, 2, -1, -2, -2, 1, -2, 1, 2, 1, 1]"
706,dfs_bnb_mpi,3.53032,-8,9,1066045,"[-1, -2, -1, 2, 2, -1, 2, 2, 1, -2, 1, -2, 1, 1, 2, 1, -2, 1, 1, -2, -1, -1, -1, -2]"
707,dfs_bnb_mpi,1.40994,-8,9,379568,"[-1, -1, 2, 2, -1, -1, 2, -1, -2, -1, -2, 1, 1, 1, -2, -2, -1, 2, -1, -1, -1, 2, 2, 2]"
708,dfs_bnb_mpi,1492.88,-7,8,336976300,"[-1, -1, 2, 2, 2, 1, 2, -1, -1, 2, 2, -1, -1, -2, -2, -2, -1, -2, 1, 1, 1, 2, -1, 2]"
709,dfs_bnb_mpi,0.143154,-6,7,37649,"[-1, -1, 2, 2, 2, 2, 1, 2, -1, -1, -2, -1, 2, 2, 1, 2, 1, -2, 1, 2, 2, 2, 2, 2]"
710,dfs_bnb_mpi,28.8737,-7,8,8904016,"[-1, -1, 2, -1, -1, -2, 1, -2, -1, -1, 2, 2, 2, -1, 2, 2, 1, 1, 1, -2, -2, -1, 2, -1]"
711,dfs_bnb_mpi,0.319835,-7,8,90163,"[-1, -1, 2, 2, 1, 2, 1, 1, 1, -2, -1, -1, -2, 1, 1, 1, 2, 1, -2, -2, -1, -1, -1, -2]"
712,dfs_bnb_mpi,0.297497,-7,8,80476,"[-1, -1, 2, 2, 2, -1, 2, 1, 2, 2, 1, -2, 1, -2, -1, -2, 1, -2, -1, -2, 1, 1, 2, 2]"
713,dfs_bnb_mpi,23.387,-8,9,6494334,"[-1, -1, 2, 1, 2, -1, -1, -2, -1, -1, -2, 1, 1, -2, 1, -2, 1, 1, 1, 1, 2, -1, -1, -1]"
714,dfs_bnb_mpi,25.137,-7,7,6945392,"[-1, -1, 2, 2, 2, 2, 1, 2, 2, 2, -1, -2, -2, -1, -2, -2, -2, -1, -1, -2, 1, -2, 1, 2]"
715,dfs_bnb_mpi,3.8432,-7,7,1197895,"[-1, -2, -1, 2, 2, -1, -2, -2, -2, 1, 1, 1, 2, 1, 2, 2, 2, -1, -2, -1, 2, 2, 2, 2]"
716,dfs_bnb_mpi,4.2859,-7,8,1328204,"[-1, -1, 2, 2, 1, -2, 1, 1, -2, 1, 1, -2, -1, -1, -2, 1, -2, -1, -1, -1, 2, 2, 1, -2]"
717,dfs_bnb_mpi,453.316,-6,7,125936495,"[-1, -2, 1, 1, 2, 2, 2, 1, 2, 1, 2, 2, 2, -1, -2, -2, -1, -2, -1, -2, -1, -2, -1, -2]"
718,dfs_bnb_mpi,31.5428,-6,7,9596577,"[-1, -1, 2, 2, 2, 2, 2, 1, -2, -2, -2, 1, 1, 2, -1, 2, 2, 2, -1, -1, -1, -2, -2, -2]"
719,dfs_bnb_mpi,41.4288,-8,9,12595265,"[-1, -1, -1, 2, 1, 2, 1, -2, 1, 2, 2, 1, 1, -2, -1, -2, -2, -2, -1, -1, -1, -1, -2, 1]"
720,dfs_bnb_mpi,365.28,-8,9,99712003,"[-1, -1, 2, 2, -1, -1, 2, -1, -2, -1, -2, -1, -2, 1, -2, 1, 2, 1, -2, 1, 2, 2, -1, -1]"
721,dfs_bnb_mpi,3.36449,-4,5,778017,"[-1, -1, 2, 2, 2, 2, 2, 2, 1, -2, -2, -2, -2, -2, 1, 2, 2, 1, -2, -2, 1, 2, 2, 2]"
722,dfs_bnb_mpi,1.0421,-7,8,292381,"[-1, -1, 2, 1, 2, 2, 2, -1, -2, -2, -1, -2, -2, -1, -2, 1, -2, -2, 1, 2, 2, 1, 1, 1]"
723,dfs_bnb_mpi,27.9814,-6,7,7824616,"[-1, -1, 2, 2, 2, 1, -2, -2, 1, 1, -2, 1, -2, -1, -1, -2, -1, 2, -1, -1, 2, -1, 2, 1]"
724,dfs_bnb_mpi,130.819,-7,8,37885949,"[-1, -1, 2, -1, 2, 2, 2, 1, -2, -2, 1, -2, 1, 2, 1, -2, 1, -2, -1, -2, -1, -1, -1, -1]"
725,dfs_bnb_mpi,7.67528,-7,8,2038132,"[-1, -1, 2, 2, 2, 2, 2, -1, 2, -1, -2, -2, 1, -2, -1, -2, 1, -2, -2, -2, -1, 2, 2, -1]"
726,dfs_bnb_mpi,22.8741,-8,9,6861897,"[-1, -2, 1, -2, -1, -1, 2, 2, 2, 1, 1, 2, -1, -1, -1, -1, -2, -1, -2, 1, -2, 1, 2, 2]"
727,dfs_bnb_mpi,40.0997,-7,8,11679095,"[-1, -1, 2, 2, 2, 1, 2, -1, 2, 1, 2, 2, 1, -2, -2, -2, 1, 1, -2, -1, -1, -2, -1, -2]"
728,dfs_bnb_mpi,53.2299,-8,9,16416946,"[-1, -2, -1, 2, 2, 2, 1, -2, 1, 2, 2, -1, -1, 2, 2, -1, -2, -2, -2, -1, -2, -2, 1, 2]"
729,dfs_bnb_mpi,29.6385,-8,9,7494305,"[-1, -1, 2, -1, -2, -1, -1, -2, 1, 1, 1, 1, 1, -2, -1, -2, -1, 2, -1, -1, -2, 1, -2, 1]"
730,dfs_bnb_mpi,14.6876,-7,8,4316209,"[-1, -1, 2, -1, -2, -1, -2, -1, -1, -2, 1, 1, -2, -1, -2, 1, -2, 1, 2, 2, 2, 2, 1, 1]"
731,dfs_bnb_mpi,69.798,-7,8,20125582,"[-1, -1, 2, 2, 2, 1, 1, 1, 1, 2, 1, -2, -2, -1, -1, -2, 1, 1, -2, -2, -1, -1, 2, 1]"
732,dfs_bnb_mpi,4.30943,-8,8,1147768,"[-1, -1, 2, -1, 2, 2, 2, 1, 1, 2, 1, -2, 1, -2, -1, -1, -1, -2, 1, -2, 1, 2, 1, 1]"
733,dfs_bnb_mpi,8.51984,-8,9,1931597,"[-1, -1, 2, 2, -1, -2, -1, 2, -1, 2, -1, -2, -2, 1, -2, 1, 1, -2, -1, -2, -1, -1, 2, 1]"
734,dfs_bnb_mpi,4.35668,-7,8,1320065,"[-1, -1, 2, -1, -2, -1, -1, -2, 1, 1, 1, 1, 1, 1, -2, -1, -1, -1, -1, -1, -1, -1, 2, 2]"
735,dfs_bnb_mpi,5.39867,-8,9,1555325,"[-1, -1, 2, 2, 2, 1, 2, 1, 2, 1, 2, -1, 2, -1, -1, -2, 1, -2, -1, -2, -1, -2, -1, 2]"
736,dfs_bnb_mpi,3.98243,-8,9,949069,"[-1, -1, 2, 2, -1, 2, 1, 2, 1, 1, 1, -2, -2, -1, 2, -1, -2, -2, 1, 1, -2, 1, 2, 2]"
737,dfs_bnb_mpi,7.25633,-8,9,2174162,"[-1, -2, -2, 1, 2, 1, -2, 1, 1, 2, -1, 2, -1, 2, 1, 1, -2, 1, -2, 1, 1, -2, -1, -1]"
738,dfs_bnb_mpi,362.295,-8,9,104520883,"[-1, -1, 2, 2, -1, -1, -1, -2, -2, -1, -2, 1, 1, -2, -2, 1, 2, 1, 2, -1, 2, 2, -1, -2]"
739,dfs_bnb_mpi,8.36246,-7,8,2338224,"[-1, -1, 2, -1, 2, 1, 2, 1, 2, 2, 2, -1, -2, -2, -1, -2, -1, -2, -2, -1, -2, 1, 1, -2]"
740,dfs_bnb_mpi,22.2929,-6,7,5064363,"[-1, -1, 2, 2, 2, 2, 1, 1, 1, -2, -2, -1, 2, -1, -2, -2, 1, 1, 1, -2, -1, -2, 1, 1]"
741,dfs_bnb_mpi,1.66198,-6,6,508166,"[-1, -1, 2, 2, 2, -1, -2, -2, -1, -1, 2, 1, 2, 2, -1, -1, -2, -2, -2, -2, 1, 1, 1, -2]"
742,dfs_bnb_mpi,274.206,-7,7,76320915,"[-1, -1, 2, 2, 2, 2, 2, 1, -2, 1, -2, -2, -2, 1, 2, 2, 2, 1, 2, 2, -1, -1, -2, 1]"
743,dfs_bnb_mpi,20.4633,-8,9,6197813,"[-1, -1, 2, 2, 1, 2, -1, 2, -1, 2, 2, -1, -2, -2, -1, -1, -2, 1, 1, -2, -2, 1, 2, 2]"
744,dfs_bnb_mpi,34.5814,-8,9,9801317,"[-1, -2, 1, 1, 2, 2, -1, -1, 2, 1, 1, 1, 1, 2, -1, -1, 2, -1, -2, -1, -1, 2, 1, 2]"
745,dfs_bnb_mpi,11.8253,-8,9,3664191,"[-1, -1, 2, 2, 1, 2, 2, -1, -2, -1, -1, 2, 2, -1, -2, -2, -2, 1, 1, -2, -2, -1, 2, -1]"
746,dfs_bnb_mpi,21.4733,-8,8,4934672,"[-1, -1, 2, 2, 2, 2, -1, 2, 2, -1, -2, -2, -1, -2, 1, 1, -2, -1, -1, -2, 1, -2, 1, 2]"
747,dfs_bnb_mpi,25.3359,-6,7,7357239,"[-1, -1, 2, 2, 2, 1, -2, -2, 1, 2, 1, 2, 2, 1, -2, -2, -2, -1, -2, -2, -1, -1, -1, -1]"
748,dfs_bnb_mpi,358.686,-8,9,109884964,"[-1, -1, 2, 2, 2, 2, 1, 1, -2, -1, -2, -2, 1, 1, 1, 1, 1, 2, -1, -1, 2, -1, -2, -1]"
749,dfs_bnb_mpi,0.14165,-9,10,41244,"[-1, -1, 2, 1, 1, 2, 1, -2, -2, 1, 2, 2, 1, 1, -2, -1, -2, -2, -1, -1, -2, -1, 2, -1]"
750,dfs_bnb_mpi,1.20614,-7,8,326960,"[-1, -2, -1, 2, -1, -2, -2, 1, -2, -2, 1, 2, 2, 1, 2, 1, 2, 2, 2, 2, 2, 2, 2, 2]"
751,dfs_bnb_mpi,72.5296,-8,9,20399259,"[-1, -1, 2, 2, -1, 2, -1, -2, -2, -1, -1, -1, -2, -1, -2, 1, 1, 2, 1, 1, -2, 1, 2, 2]"
752,dfs_bnb_mpi,72.4877,-7,8,19857257,"[-1, -1, 2, 2, 1, -2, 1, 2, 2, 1, 1, 2, 1, -2, -2, 1, -2, -1, -1, -2, -1, 2, 2, 1]"
753,dfs_bnb_mpi,8.96994,-7,8,2761618,"[-1, -1, 2, 1, 2, -1, 2, -1, -1, -2, 1, -2, -1, -1, 2, -1, -2, -2, 1, -2, 1, 2, 1, -2]"
754,dfs_bnb_mpi,198.483,-6,7,45406871,"[-1, -1, 2, 2, 2, 2, 2, 2, 2, 2, 1, 1, -2, -2, -2, -2, -1, -2, 1, 1, -2, -1, -1, -2]"
755,dfs_bnb_mpi,2.51833,-7,8,753993,"[-1, -1, 2, 2, 2, -1, -2, -2, -2, -1, -1, -1, 2, 1, 1, 2, -1, 2, 1, 2, 2, 1, -2, 1]"
756,dfs_bnb_mpi,8.59924,-8,9,2315720,"[-1, -1, 2, 2, 2, 1, 2, -1, -1, -2, -2, -1, 2, 2, -1, -1, -2, 1, -2, -2, -1, 2, -1, 2]"
757,dfs_bnb_mpi,0.671248,-7,8,204322,"[-1, -1, 2, 2, 2, 1, 1, -2, -1, -2, 1, 1, 2, 2, 1, 2, 2, -1, -2, -1, 2, -1, -2, -1]"
758,dfs_bnb_mpi,28.9212,-8,9,6875725,"[-1, -1, 2, 2, 1, -2, 1, 2, 1, 2, 1, -2, 1, 1, -2, -1, -1, -1, -2, 1, -2, -1, -1, -1]"
759,dfs_bnb_mpi,143.274,-7,8,34970618,"[-1, -1, 2, 2, -1, 2, 2, 2, -1, -2, -2, -2, -1, 2, -1, -2, -2, 1, 1, 1, -2, -1, -1, -1]"
760,dfs_bnb_mpi,2.90376,-8,9,886954,"[-1, -1, 2, 1, 1, 2, 2, 1, -2, -2, 1, 2, 2, 1, -2, -2, 1, -2, -1, -2, -1, 2, -1, -2]"
761,dfs_bnb_mpi,3.43377,-7,8,998060,"[-1, -2, 1, 1, 2, 2, 1, 2, 1, -2, 1, 1, -2, -1, -1, -1, -2, -2, -1, -1, -2, -1, 2, -1]"
762,dfs_bnb_mpi,2.10998,-7,8,630049,"[-1, -1, -1, 2, 1, 1, 2, 2, 1, -2, -2, 1, 2, 2, 1, -2, -2, -2, -1, -2, -1, -1, -1, -1]"
763,dfs_bnb_mpi,1.64659,-8,9,481020,"[-1, -2, -1, -1, 2, 1, 2, 1, 1, 1, 2, -1, 2, 2, 1, 2, -1, -1, -2, -1, -2, 1, -2, -1]"
764,dfs_bnb_mpi,0.549519,-7,8,153699,"[-1, -1, 2, 2, -1, 2, 1, 2, 1, 2, -1, -1, -2, -1, -2, -2, -1, -2, 1, 1, -2, -1, -1, -1]"
765,dfs_bnb_mpi,3.06997,-8,9,960548,"[-1, -2, -1, 2, 2, -1, 2, 1, 1, -2, 1, 1, -2, -2, -1, -2, -1, -1, -1, 2, 2, -1, 2, 2]"
766,dfs_bnb_mpi,11.245,-6,7,3524564,"[-1, -1, 2, 2, 2, 2, 1, 2, -1, -1, -2, -1, -1, 2, -1, -2, -2, 1, -2, 1, 2, 1, -2, -2]"
767,dfs_bnb_mpi,0.028811,-8,9,8264,"[-1, -1, 2, 1, 2, 1, -2, 1, 1, -2, -1, -2, -1, -1, -2, 1, 1, 1, 2, 1, 2, 2, 2, 2]"
768,dfs_bnb_mpi,59.1146,-7,8,18041879,"[-1, -1, 2, 2, 2, 2, 1, 2, -1, 2, 1, 1, -2, -2, 1, -2, -1, -2, 1, -2, -1, -1, 2, 2]"
769,dfs_bnb_mpi,64.3469,-8,9,17145959,"[-1, -1, 2, 1, 2, -1, 2, 2, 2, -1, -1, -2, -2, 1, -2, -2, -1, 2, -1, -2, -1, 2, 2, 1]"
770,dfs_bnb_mpi,31.332,-8,9,8882907,"[-1, -1, 2, 2, 1, 2, -1, 2, 2, -1, -2, -2, -1, -2, 1, -2, -2, -1, -2, -2, 1, 1, 2, -1]"
771,dfs_bnb_mpi,2.72958,-7,8,755773,"[-1, -1, 2, 2, -1, 2, 1, 2, 1, 1, -2, -1, -2, -2, 1, 2, 1, -2, -2, 1, -2, -1, -1, -1]"
772,dfs_bnb_mpi,87.0254,-7,8,26808723,"[-1, -1, 2, 2, 2, -1, -2, -1, 2, 2, 2, -1, -2, -2, -2, -2, 1, -2, -1, -2, 1, 1, 2, 2]"
773,dfs_bnb_mpi,5.56061,-7,8,1705660,"[-1, -2, 1, 1, 2, 2, -1, 2, 2, -1, -2, -2, -1, -2, -1, -1, -2, 1, 1, -2, 1, 1, 1, 1]"
774,dfs_bnb_mpi,0.415543,-6,6,101234,"[-1, -2, -2, 1, 2, 1, 2, 2, -1, 2, 2, -1, -2, -2, -1, 2, 2, 2, 2, 2, 2, 2, 2, 2]"
775,dfs_bnb_mpi,0.283439,-8,9,84013,"[-1, -2, 1, 1, 2, 2, -1, -1, -1, 2, 1, 2, 1, -2, 1, 1, -2, -2, -2, -2, -1, -1, -1, -1]"
776,dfs_bnb_mpi,3.56892,-8,9,1099043,"[-1, -2, 1, -2, 1, 2, 1, -2, -2, 1, 2, 1, 2, -1, 2, 2, 2, 2, -1, -2, -2, -2, -1, 2]"
777,dfs_bnb_mpi,1.66743,-8,8,449095,"[-1, -1, 2, 2, 1, -2, 1, 2, 1, -2, 1, 1, -2, -2, -1, 2, -1, -2, -2, -2, -1, 2, 2, -1]"
778,dfs_bnb_mpi,0.1115,-7,8,33587,"[-1, -1, 2, 1, 1, 2, -1, 2, -1, -2, -1, -1, -2, 1, -2, -1, -2, 1, 1, 1, 1, 1, 2, 2]"
779,dfs_bnb_mpi,8.22553,-8,9,2358319,"[-1, -2, -2, 1, 2, 1, 2, 2, -1, -1, -1, -1, -2, -2, -2, -1, -2, 1, -2, 1, 2, 2, 2, 2]"
780,dfs_bnb_mpi,406.848,-8,9,115270213,"[-1, -2, -1, -2, 1, 1, 2, 1, 2, 1, 1, 2, 2, -1, -2, -1, 2, 2, -1, -2, -2, -1, -1, -2]"
781,dfs_bnb_mpi,920.837,-6,7,268328918,"[-1, -1, 2, 2, 2, 2, 2, 1, 2, 2, 2, -1, -1, -2, -1, -2, -1, -2, 1, -2, 1, 2, 2, 1]"
782,dfs_bnb_mpi,133.308,-7,8,37712682,"[-1, -1, 2, 2, 2, 2, 2, 2, 2, 1, 1, 1, -2, 1, -2, -1, -2, -1, 2, 2, -1, -2, -2, -2]"
783,dfs_bnb_mpi,112.782,-6,7,33898848,"[-1, -1, 2, 2, 2, -1, -2, -1, -1, -2, 1, 1, -2, -2, 1, 1, 1, 1, 2, 2, -1, 2, -1, -2]"
784,dfs_bnb_mpi,2.52312,-8,8,720553,"[-1, -1, 2, 2, 1, -2, 1, 2, 2, -1, -1, 2, -1, -2, -2, -2, -2, -1, -2, 1, -2, 1, 2, 1]"
785,dfs_bnb_mpi,74.4331,-8,8,19502061,"[-1, -1, 2, -1, 2, 2, 2, 1, 1, 2, 1, -2, 1, 1, -2, -1, -1, -1, -1, -2, 1, 1, -2, -1]"
786,dfs_bnb_mpi,1026.5,-6,7,249883104,"[-1, -1, 2, 2, 2, 2, 1, -2, 1, 2, 2, 1, -2, -2, 1, -2, 1, -2, -1, -1, 2, -1, -2, -1]"
787,dfs_bnb_mpi,52.9589,-7,7,15112902,"[-1, -1, 2, -1, 2, 1, 1, 2, -1, -1, 2, 1, 2, 1, -2, 1, 1, -2, -1, -2, 1, -2, -1, -1]"
788,dfs_bnb_mpi,111.695,-7,8,34049058,"[-1, -1, 2, 2, -1, -1, 2, -1, -2, -2, 1, 1, -2, -2, 1, 1, -2, -1, -1, -1, 2, -1, 2, 1]"
789,dfs_bnb_mpi,2.24801,-9,10,695171,"[-1, -1, 2, 1, 2, -1, 2, -1, -2, -2, -1, -2, 1, -2, 1, -2, -1, -1, 2, -1, 2, 2, 2, 1]"
790,dfs_bnb_mpi,194.736,-6,7,59518777,"[-1, -1, 2, 2, 1, 2, 2, -1, -2, -1, -2, -1, -2, 1, -2, -2, 1, 1, 1, 1, 2, 2, -1, -1]"
791,dfs_bnb_mpi,0.258881,-7,8,78384,"[-1, -1, 2, 1, 2, -1, 2, -1, -2, -2, -1, -1, 2, 1, 2, 2, 1, 1, 2, 1, -2, -2, 1, 2]"
792,dfs_bnb_mpi,49.3947,-8,9,14355441,"[-1, -1, 2, 2, 2, 2, 1, 2, 2, -1, -2, -1, -2, -2, -1, -2, -1, 2, -1, 2, 1, 2, 1, -2]"
793,dfs_bnb_mpi,8.90334,-7,8,2193901,"[-1, -1, 2, 2, 2, 2, 2, 2, 1, -2, -2, -2, -2, 1, 2, 2, 2, 2, 2, 1, -2, -2, -2, 1]"
794,dfs_bnb_mpi,278.178,-7,8,82019516,"[-1, -1, 2, 2, 2, 2, 1, 1, -2, 1, 2, 2, 1, -2, -2, 1, -2, -1, -2, -1, 2, -1, -1, 2]"
795,dfs_bnb_mpi,0.075533,-7,8,21624,"[-1, -1, 2, 1, 1, 2, 2, -1, -2, -1, 2, -1, -2, -1, -2, 1, -2, -1, -1, 2, 2, 2, 2, 2]"
796,dfs_bnb_mpi,0.09444,-8,9,27874,"[-1, -1, 2, 2, 1, -2, 1, 2, 2, 1, 2, 2, 1, -2, 1, 1, -2, -1, -1, -2, -1, -2, 1, 1]"
797,dfs_bnb_mpi,16.0351,-4,5,4415198,"[-1, -1, 2, 2, 2, 2, 2, 2, 2, 2, 2, 1, 2, 1, -2, -2, -1, -2, 1, 1, 2, 2, 2, 2]"
798,dfs_bnb_mpi,0.736554,-9,10,206840,"[-1, -2, 1, 1, 2, 1, 2, -1, 2, -1, -2, -1, 2, -1, -2, -1, -1, -2, 1, 1, -2, -1, -1, -1]"
799,dfs_bnb_mpi,197.958,-6,7,49876613,"[-1, -1, 2, 2, 2, 1, -2, -2, 1, 1, -2, -2, -1, -2, -1, 2, -1, -2, -2, -1, -2, 1, 1, 2]"
800,dfs_bnb_mpi,5.81424,-9,10,1664204,"[-1, -1, 2, 2, -1, 2, -1, 2, -1, 2, 1, 2, 1, -2, -2, 1, -2, 1, -2, -2, 1, 1, 2, -1]"
801,dfs_bnb_mpi,0.033286,-8,9,8296,"[-1, -2, 1, 1, 2, 2, -1, 2, -1, -2, -1, 2, -1, -2, -1, -2, 1, 1, -2, -1, -1, -1, 2, 2]"
802,dfs_bnb_mpi,868.421,-7,8,253928591,"[-1, -1, 2, 1, 2, 2, 2, -1, -2, -1, 2, 2, -1, -2, -2, -2, -1, -2, 1, -2, 1, 2, 2, 1]"
803,dfs_bnb_mpi,30.7504,-7,8,7421734,"[-1, -1, 2, -1, -2, -2, 1, -2, -1, -1, -1, -2, 1, 1, 1, 1, 2, 2, 1, 1, 1, -2, -1, -1]"
804,dfs_bnb_mpi,20.2001,-8,9,5963016,"[-1, -2, -1, 2, -1, -2, -2, 1, -2, 1, 2, 1, 2, 1, 1, 1, 2, 2, -1, -2, -1, 2, -1, 2]"
805,dfs_bnb_mpi,3.92886,-7,8,1100848,"[-1, -1, 2, 2, 2, 2, 1, 2, 2, 2, -1, -2, -2, -1, 2, 2, 2, -1, -2, -2, -2, -2, 1, -2]"
806,dfs_bnb_mpi,2.69424,-8,9,832847,"[-1, -1, 2, -1, -2, -1, -1, -2, 1, 1, -2, -2, 1, 1, 1, 1, 2, -1, -1, -1, 2, 1, 1, 1]"
807,dfs_bnb_mpi,10.3026,-6,6,2774240,"[-1, -1, 2, 2, -1, 2, 2, 2, -1, -2, -2, -1, 2, -1, -2, -2, 1, 1, -2, 1, -2, -1, -1, 2]"
808,dfs_bnb_mpi,0.065041,-6,7,20783,"[-1, -1, 2, 1, 2, 1, -2, 1, 2, 2, 2, 1, -2, -2, -2, -2, -1, -2, 1, 1, 2, 2, 2, 2]"
809,dfs_bnb_mpi,15.5927,-8,9,4100349,"[-1, -1, 2, 1, 2, -1, 2, 2, 2, -1, -2, -1, -2, 1, -2, -1, -1, -2, -1, -2, 1, 1, 2, 1]"
810,dfs_bnb_mpi,667.831,-4,4,187147424,"[-1, -1, 2, 2, 2, 2, 2, 2, 1, -2, -2, -2, -2, -2, 1, 1, -2, -2, -1, -1, -1, -1, 2, 2]"
811,dfs_bnb_mpi,25.7012,-6,7,6649799,"[-1, -1, 2, 2, 2, 1, 2, -1, 2, -1, 2, 2, -1, -2, -2, -2, 1, -2, -1, -1, -2, 1, 1, -2]"
812,dfs_bnb_mpi,137.769,-8,9,37716266,"[-1, -1, 2, 2, 2, 2, 2, 2, 2, 1, 2, -1, 2, -1, -2, -1, -2, -1, -2, 1, -2, 1, 2, 2]"
813,dfs_bnb_mpi,0.462111,-8,9,127161,"[-1, -1, 2, -1, 2, 1, 2, 2, 1, -2, -2, -2, 1, 2, 2, 1, 2, 1, -2, 1, -2, -1, -1, -2]"
814,dfs_bnb_mpi,6.73446,-6,7,1861930,"[-1, -1, 2, 2, 2, 2, 1, 2, 2, 2, 1, 2, -1, -1, -2, -2, -2, -1, -2, -1, -2, 1, -2, -1]"
815,dfs_bnb_mpi,31.2311,-8,9,8119118,"[-1, -1, 2, 1, 1, 2, -1, -1, 2, -1, 2, -1, -2, -1, -2, -1, -2, 1, 1, 2, 1, -2, -2, -1]"
816,dfs_bnb_mpi,3.5382,-7,8,967526,"[-1, -1, 2, 2, 2, -1, -2, -1, 2, 2, -1, -2, -2, -2, 1, 1, -2, -1, -1, -1, 2, 2, 2, 2]"
817,dfs_bnb_mpi,2.3861,-8,9,698198,"[-1, -1, 2, 2, 1, 2, -1, 2, 1, 2, -1, 2, -1, 2, -1, -2, -2, 1, -2, -1, -2, 1, -2, -1]"
818,dfs_bnb_mpi,30.9778,-7,8,8053497,"[-1, -1, 2, 2, 1, 1, 2, -1, 2, 2, 2, 1, -2, -2, 1, 2, 1, -2, -2, -1, -2, -2, -1, -1]"
819,dfs_bnb_mpi,83.7826,-6,7,22239675,"[-1, -1, 2, 2, 2, 2, -1, -1, -1, -2, -2, -2, -1, -2, 1, -2, 1, 2, 2, 1, -2, -2, 1, 1]"
820,dfs_bnb_mpi,7.56121,-7,7,2010408,"[-1, -1, 2, 2, 1, -2, 1, 2, 2, 2, -1, -1, -2, -1, -1, -2, 1, -2, -2, -2, 1, 1, 1, 1]"
821,dfs_bnb_mpi,321.326,-8,9,98923290,"[-1, -1, 2, 1, 1, 2, -1, 2, -1, 2, 2, -1, -2, -2, -1, 2, -1, -2, -2, 1, -2, 1, 2, 1]"
822,dfs_bnb_mpi,56.8555,-8,9,16920729,"[-1, -1, 2, 2, 2, 1, 2, -1, -1, 2, 2, 1, 2, -1, 2, -1, -2, -1, -2, 1, -2, -2, -2, 1]"
823,dfs_bnb_mpi,23.7363,-6,7,7223422,"[-1, -1, 2, 2, 2, -1, -2, -2, -2, -1, 2, -1, 2, 1, 2, 2, 1, 1, 1, -2, -2, -2, 1, 2]"
824,dfs_bnb_mpi,327.551,-7,7,89604166,"[-1, -1, 2, 2, 1, 2, 2, 2, 2, -1, -1, -2, -2, 1, -2, -1, -1, -1, -2, -2, 1, 1, 2, -1]"
825,dfs_bnb_mpi,10.7645,-8,9,2765238,"[-1, -1, 2, 2, 2, -1, 2, -1, -2, -1, -2, -1, -2, 1, -2, 1, 2, 2, 1, -2, -2, -2, 1, 1]"
826,dfs_bnb_mpi,14.8799,-9,10,4625137,"[-1, -2, -2, 1, 2, 1, 2, 2, -1, 2, -1, 2, 1, 2, 2, 1, -2, -2, -2, 1, -2, 1, -2, -1]"
827,dfs_bnb_mpi,6.43866,-8,9,1944821,"[-1, -1, 2, 2, -1, -1, -2, -1, -2, 1, -2, -2, 1, 1, -2, 1, 2, 1, 2, -1, -1, -1, 2, 2]"
828,dfs_bnb_mpi,179.492,-7,8,42100620,"[-1, -1, 2, 2, 2, 2, 2, 2, 1, 1, 2, 1, -2, 1, -2, -1, -2, -1, 2, -1, -2, -2, 1, 1]"
829,dfs_bnb_mpi,0.057183,-8,8,15479,"[-1, -1, 2, 2, -1, -1, -1, -2, 1, 1, -2, -1, -1, -2, 1, -2, -1, -2, 1, 1, 2, 2, 1, 1]"
830,dfs_bnb_mpi,860.253,-7,8,216855012,"[-1, -1, 2, 1, 2, 2, -1, 2, 2, 2, 2, -1, -1, -2, -2, -2, 1, -2, -1, -2, -2, 1, 2, 1]"
831,dfs_bnb_mpi,138.505,-6,7,41378112,"[-1, -1, 2, 2, 2, 2, 2, 1, -2, 1, 2, 2, 2, 1, -2, -2, 1, -2, -1, -2, -1, -2, -1, 2]"
832,dfs_bnb_mpi,494.051,-4,5,112559057,"[-1, -1, 2, 2, 2, 2, 2, 2, 2, 2, 2, 2, 2, 2, 1, 1, -2, -1, -2, 1, 1, -2, -1, -1]"
833,dfs_bnb_mpi,79.2705,-6,7,23154397,"[-1, -1, 2, 2, 2, 2, 2, 1, 1, -2, -1, -2, 1, 1, 1, -2, 1, -2, -1, -1, 2, -1, -1, -2]"
834,dfs_bnb_mpi,0.358261,-7,8,107356,"[-1, -1, 2, 1, 2, -1, -1, -2, -2, -1, -1, -2, 1, 1, -2, -1, -2, 1, 1, 2, 2, 1, 1, 1]"
835,dfs_bnb_mpi,20.1846,-7,8,6124765,"[-1, -1, 2, 2, 2, 1, 1, -2, -2, 1, 1, -2, -1, -2, -1, -2, -1, -1, -1, -1, 2, 1, 1, 1]"
836,dfs_bnb_mpi,178.887,-6,7,42994692,"[-1, -1, 2, -1, 2, 2, 2, 2, 1, -2, 1, 2, 2, 1, -2, -2, -2, -1, -1, -2, 1, -2, 1, 2]"
837,dfs_bnb_mpi,2.36907,-9,10,697805,"[-1, -2, 1, -2, 1, 2, 1, -2, 1, 2, 1, 2, -1, 2, 2, 1, 2, -1, -1, -2, -2, -2, -1, 2]"
838,dfs_bnb_mpi,119.61,-7,8,36993825,"[-1, -1, 2, 2, 2, 1, -2, -2, 1, 1, 1, 1, 2, 2, 2, -1, -1, -1, -2, 1, 1, -2, -1, -1]"
839,dfs_bnb_mpi,1.58593,-8,9,420517,"[-1, -1, 2, -1, -2, -1, -1, -1, -2, 1, -2, -2, 1, 2, 2, 1, 1, -2, -1, -2, 1, 1, 2, 2]"
840,dfs_bnb_mpi,485.35,-8,9,113735706,"[-1, -1, 2, 2, 1, -2, 1, 2, 2, 2, 1, 1, -2, 1, -2, 1, -2, -1, -1, 2, -1, -2, -2, 1]"
841,dfs_bnb_mpi,2.08567,-7,8,542706,"[-1, -1, 2, 2, 2, -1, -2, -2, -1, -2, -1, 2, 2, 1, 2, 2, -1, -2, -1, -2, -1, -2, 1, -2]"
842,dfs_bnb_mpi,5.70864,-7,8,1442693,"[-1, -1, 2, 2, 2, 2, 2, 2, 1, -2, 1, 1, -2, -1, -1, -2, 1, 1, 1, 2, 2, 2, -1, -1]"
843,dfs_bnb_mpi,36.8672,-8,9,11402087,"[-1, -2, 1, 1, 2, 2, 2, -1, -2, -1, 2, 2, 1, 1, 1, -2, -2, 1, 1, -2, -1, -2, -1, 2]"
844,dfs_bnb_mpi,378.54,-8,9,100986925,"[-1, -1, 2, 2, 2, 1, -2, 1, 2, 1, 1, 2, -1, -1, 2, -1, -2, -1, 2, -1, -1, -2, 1, -2]"
845,dfs_bnb_mpi,4.26075,-8,8,994493,"[-1, -1, 2, -1, -2, -2, 1, 1, 1, -2, -1, -2, -1, 2, -1, -2, -2, -1, 2, 2, -1, 2, 1, 2]"
846,dfs_bnb_mpi,3.08531,-7,8,867512,"[-1, -1, 2, 1, 1, 2, 2, 1, 2, 2, 1, -2, -2, -2, -1, -2, 1, 1, -2, -1, -1, -2, 1, 1]"
847,dfs_bnb_mpi,3.94882,-8,9,1071922,"[-1, -1, 2, 1, 1, 2, -1, 2, 1, 1, -2, 1, 1, -2, -2, -1, 2, -1, -2, -2, 1, 1, 1, 2]"
848,dfs_bnb_mpi,8.20921,-7,8,1960700,"[-1, -1, 2, 2, 2, -1, -2, -2, -2, -2, 1, 1, 1, -2, -1, -1, -2, -1, 2, -1, 2, 2, 2, 2]"
849,dfs_bnb_mpi,45.7397,-7,8,13567206,"[-1, -1, 2, 2, 1, -2, 1, 1, -2, -2, 1, -2, -1, -2, -2, -1, 2, 2, 2, -1, -2, -1, 2, -1]"
850,dfs_bnb_mpi,1.37811,-8,9,401442,"[-1, -1, 2, 2, -1, -2, -2, -1, -1, -2, 1, -2, 1, 2, 1, -2, -2, 1, 2, 1, 1, 2, -1, -1]"
851,dfs_bnb_mpi,40.48,-7,8,12058687,"[-1, -1, 2, 2, 2, 2, 2, 2, 1, 2, -1, 2, 1, 2, 1, -2, -2, 1, -2, -1, -2, -1, -2, 1]"
852,dfs_bnb_mpi,179.783,-6,7,54814528,"[-1, -1, 2, 2, 2, 1, 2, -1, 2, 2, -1, -2, -1, -2, 1, -2, -1, -1, 2, 2, 2, 1, 2, 1]"
853,dfs_bnb_mpi,300.788,-7,8,89303755,"[-1, -1, 2, 2, 1, -2, 1, 2, 2, 2, -1, -2, -1, -1, 2, 2, -1, -2, -1, -2, 1, -2, 1, -2]"
854,dfs_bnb_mpi,5.00279,-7,8,1433801,"[-1, -1, 2, 2, 2, 2, 1, -2, 1, 1, 2, 2, 1, -2, -2, -2, 1, -2, -1, -1, 2, -1, -1, -2]"
855,dfs_bnb_mpi,0.124952,-9,10,37744,"[-1, -2, 1, 1, -2, -1, -2, -1, 2, -1, 2, 2, 2, 1, 1, 1, -2, 1, 2, 2, -1, -1, 2, 2]"
856,dfs_bnb_mpi,1.7225,-8,9,474196,"[-1, -1, 2, 1, 1, 2, 1, -2, 1, 1, 2, 2, 1, -2, -2, 1, -2, -1, -2, -1, 2, -1, -1, -2]"
857,dfs_bnb_mpi,0.635181,-8,9,191686,"[-1, -2, -1, 2, 2, 1, 2, 2, 1, -2, -2, 1, 2, 1, -2, 1, 1, -2, -1, -1, -1, -2, -1, -2]"
858,dfs_bnb_mpi,84.2155,-8,9,22900666,"[-1, -2, 1, 1, -2, -1, -1, -1, -2, 1, -2, -1, -1, -2, 1, 1, -2, 1, 2, 1, 2, 2, -1, -2]"
859,dfs_bnb_mpi,152.667,-7,8,34684034,"[-1, -1, 2, 2, 2, 1, 1, -2, 1, 2, 1, 1, -2, -2, -2, -2, -1, -1, 2, 1, 2, -1, -1, -1]"
860,dfs_bnb_mpi,6.39705,-8,9,1595003,"[-1, -2, 1, -2, 1, 1, 2, -1, 2, 1, 2, -1, 2, -1, -2, -1, 2, 2, -1, -2, -2, -1, 2, 2]"
861,dfs_bnb_mpi,12.832,-6,7,3768376,"[-1, -1, 2, 2, -1, -2, -1, -1, 2, -1, -1, -2, 1, -2, 1, -2, 1, 2, 1, -2, 1, 1, 1, 1]"
862,dfs_bnb_mpi,16.2889,-7,7,4859594,"[-1, -1, 2, 2, 2, 2, 1, 2, -1, 2, 1, 1, -2, 1, 1, -2, -1, -1, -2, 1, -2, -1, -1, 2]"
863,dfs_bnb_mpi,0.737807,-7,8,184997,"[-1, -2, -1, -1, 2, 1, 2, -1, 2, 2, 1, -2, 1, -2, 1, 2, 1, 2, 2, -1, -2, -1, 2, 2]"
864,dfs_bnb_mpi,139.932,-8,9,38071574,"[-1, -1, 2, 2, 1, 1, 2, -1, -1, 2, -1, -1, -1, -2, -2, -2, 1, -2, 1, 2, 2, 2, -1, -2]"
865,dfs_bnb_mpi,147.971,-8,9,42348027,"[-1, -1, 2, 2, -1, 2, 1, 1, 2, -1, 2, -1, -1, -2, -2, -2, -1, -2, 1, -2, -2, 1, 2, 2]"
866,dfs_bnb_mpi,44.7128,-8,9,13561396,"[-1, -2, -1, -2, -1, 2, -1, 2, -1, -1, 2, 2, 1, 1, 1, 1, 1, -2, -1, -2, -1, 2, -1, -1]"
867,dfs_bnb_mpi,67.4477,-7,8,20430618,"[-1, -1, 2, 2, 2, 1, -2, -2, 1, 2, 1, 2, 1, -2, -2, -1, -2, 1, -2, -1, -1, -2, -1, 2]"
868,dfs_bnb_mpi,0.185576,-8,9,57861,"[-1, -2, -1, 2, 2, 2, -1, -2, -1, -2, 1, -2, -2, 1, 1, 1, 2, 1, 2, 2, -1, -1, 2, 2]"
869,dfs_bnb_mpi,2.91371,-8,9,903650,"[-1, -1, 2, 1, 1, 2, -1, -1, 2, -1, 2, -1, -1, 2, 1, 1, 2, 1, -2, -2, 1, -2, 1, 2]"
870,dfs_bnb_mpi,0.3179,-8,9,94458,"[-1, -1, 2, 1, 2, 1, -2, 1, 2, 1, -2, 1, -2, -1, -1, -2, -2, 1, 2, 1, 1, 2, 2, 2]"
871,dfs_bnb_mpi,44.8218,-7,8,13733108,"[-1, -2, 1, 1, 2, 2, 2, 2, -1, -2, -2, -1, 2, 2, 2, -1, -2, -2, -2, -1, -2, 1, -2, -1]"
872,dfs_bnb_mpi,0.276625,-7,8,79441,"[-1, -1, 2, 1, 2, 2, 1, -2, -2, 1, 2, 1, 1, -2, -1, -2, -1, -2, 1, 1, 2, 1, 2, 2]"
873,dfs_bnb_mpi,6.98907,-6,7,2050396,"[-1, -1, 2, 2, 2, 2, 1, 2, 1, 2, 2, 1, -2, -2, 1, 1, -2, -1, -1, -1, -2, -1, -2, 1]"
874,dfs_bnb_mpi,152.549,-7,8,36321146,"[-1, -1, 2, 2, 2, 2, 2, 2, 2, 2, 1, -2, 1, 1, -2, 1, -2, -1, -1, 2, -1, -2, -2, 1]"
875,dfs_bnb_mpi,0.577082,-7,8,157184,"[-1, -2, -1, -1, 2, 1, 2, 1, 2, 2, 1, -2, -2, 1, 1, -2, -1, -2, 1, 1, 2, 2, 2, 2]"
876,dfs_bnb_mpi,53.3888,-7,8,13001614,"[-1, -1, 2, 2, 1, 2, -1, -1, 2, -1, -2, -1, -1, -2, 1, -2, 1, 2, 1, -2, -2, -1, -1, -1]"
877,dfs_bnb_mpi,516.912,-8,9,120736886,"[-1, -2, 1, -2, -1, -1, -1, -1, 2, -1, -1, 2, 2, 1, -2, 1, 2, 1, -2, -2, 1, 2, 2, 1]"
878,dfs_bnb_mpi,26.9523,-8,8,7078355,"[-1, -2, 1, 1, 2, 2, 2, 2, 2, -1, -2, -2, -2, -1, 2, -1, -2, -1, -1, -2, 1, -2, 1, 2]"
879,dfs_bnb_mpi,29.7856,-8,8,8676210,"[-1, -1, 2, 1, 1, 2, 1, 2, 2, 2, 1, -2, -2, -2, 1, -2, -1, -2, 1, -2, -1, -1, 2, 2]"
880,dfs_bnb_mpi,4.16848,-6,7,1090765,"[-1, -1, 2, 1, 2, 2, -1, -2, -1, -1, 2, -1, -2, -2, 1, 1, -2, -1, -1, -1, 2, 2, 2, 2]"
881,dfs_bnb_mpi,0.740525,-7,8,220688,"[-1, -1, 2, -1, -2, -1, -2, 1, 1, 1, -2, 1, 2, 1, -2, -2, -1, -1, -2, -1, 2, 2, -1, -1]"
882,dfs_bnb_mpi,227.742,-6,7,66465604,"[-1, -1, 2, 1, 2, 2, 2, 2, 2, 1, 2, -1, 2, -1, -2, -1, -2, 1, -2, -2, -2, -2, -1, -2]"
883,dfs_bnb_mpi,8.93718,-7,8,2215056,"[-1, -1, 2, 2, 1, 2, -1, 2, -1, -2, -1, 2, 2, -1, -2, -2, -2, 1, 1, -2, -1, -1, -1, 2]"
884,dfs_bnb_mpi,7.185,-8,9,2096960,"[-1, -2, 1, -2, 1, -2, -2, 1, 2, 2, 1, 2, -1, -1, 2, 2, 2, 2, 2, 1, -2, -2, -2, -2]"
885,dfs_bnb_mpi,485.606,-7,8,134025137,"[-1, -1, 2, 2, -1, -2, -1, 2, 2, -1, -2, -2, -2, -1, 2, -1, -2, -2, 1, 1, 1, 1, 2, -1]"
886,dfs_bnb_mpi,10.0335,-8,9,2593223,"[-1, -1, 2, 2, 1, -2, 1, 2, 1, -2, -2, 1, -2, -1, -2, -1, 2, -1, -1, -2, 1, -2, 1, 1]"
887,dfs_bnb_mpi,326.071,-9,10,87220104,"[-1, -2, -1, -1, 2, -1, -1, 2, 1, 1, 2, 2, 1, 2, 1, -2, 1, -2, -2, -1, 2, -1, -2, -2]"
888,dfs_bnb_mpi,0.52855,-8,9,161830,"[-1, -1, 2, 2, 2, 2, 1, -2, -2, -2, 1, 2, 2, 1, -2, -2, 1, -2, -1, -2, -1, -2, -1, 2]"
889,dfs_bnb_mpi,161.337,-4,5,47514773,"[-1, -1, 2, 2, 2, 2, 2, 1, 2, 2, 2, 1, 2, -1, 2, -1, -2, -2, -2, -2, -1, -1, -2, 1]"
890,dfs_bnb_mpi,3.25903,-8,8,814371,"[-1, -2, 1, 1, 1, 1, 2, 2, 1, 2, 2, -1, -2, -1, -2, -2, -1, 2, 2, 2, -1, -2, -2, -1]"
891,dfs_bnb_mpi,2.58786,-7,8,758996,"[-1, -1, 2, -1, -2, -1, -2, 1, 1, -2, -1, -1, -2, -1, -2, 1, 1, 2, 1, 1, 2, 2, 1, 1]"
892,dfs_bnb_mpi,0.214491,-6,7,66141,"[-1, -1, 2, 2, 2, 1, -2, -2, 1, 2, 2, 2, 1, -2, -2, -2, -2, -2, -1, -1, -1, -1, 2, 2]"
893,dfs_bnb_mpi,13.5369,-8,9,3746203,"[-1, -2, -1, 2, 2, 1, 1, 1, -2, 1, 2, 1, -2, -2, -1, -2, -1, 2, -1, -2, -1, -1, -1, 2]"
894,dfs_bnb_mpi,2.34795,-6,7,724720,"[-1, -1, 2, 2, -1, -1, -1, -2, 1, 1, -2, -1, -2, -1, -1, -2, 1, 1, 1, 2, 1, 1, 1, 1]"
895,dfs_bnb_mpi,50.0121,-6,7,14586011,"[-1, -1, 2, 2, 2, 2, 2, 2, -1, 2, 2, 1, -2, 1, -2, -2, -2, -2, 1, -2, -1, -2, 1, 1]"
896,dfs_bnb_mpi,55.7305,-6,7,15736159,"[-1, -1, 2, 2, 2, 2, 2, 2, 1, -2, 1, 2, 1, -2, 1, -2, -1, -1, -1, -2, -2, -2, 1, 2]"
897,dfs_bnb_mpi,0.245439,-8,8,67239,"[-1, -1, 2, 1, 1, 2, 2, 1, -2, 1, -2, -1, -2, 1, 1, 1, -2, -1, -1, -2, -1, 2, -1, -1]"
898,dfs_bnb_mpi,0.999977,-8,8,259927,"[-1, -2, 1, -2, -1, -2, -1, 2, 2, -1, -1, 2, 2, 1, -2, 1, 2, 2, 1, -2, 1, 2, 2, 2]"
899,dfs_bnb_mpi,52.1164,-7,8,15116954,"[-1, -1, 2, 2, 2, 2, 2, 2, 1, 2, 2, -1, 2, 1, 1, -2, 1, -2, -1, -2, 1, -2, -1, -1]"
900,dfs_bnb_mpi,42.6128,-7,8,13034996,"[-1, -1, 2, 2, 2, 1, 2, 2, 2, 2, 1, -2, -2, 1, 1, -2, -1, -1, -2, 1, -2, -1, -1, -2]"
901,dfs_bnb_mpi,2.24164,-6,7,678427,"[-1, -1, 2, 2, 2, -1, -2, -2, -2, -1, 2, 2, -1, -2, -2, -1, -2, 1, 1, 1, 1, 1, 1, 1]"
902,dfs_bnb_mpi,1.00713,-7,8,252215,"[-1, -1, 2, 2, 2, -1, 2, -1, -2, -1, -1, -2, 1, -2, 1, 2, 1, -2, -2, -1, -1, -1, 2, -1]"
903,dfs_bnb_mpi,54.248,-8,9,15690108,"[-1, -1, 2, 2, -1, -2, -2, -2, 1, 1, -2, 1, 2, 1, 2, 1, 2, -1, 2, 2, -1, -2, -2, -1]"
904,dfs_bnb_mpi,141.094,-7,8,42924374,"[-1, -1, 2, 2, 2, 1, -2, 1, 2, 1, -2, 1, -2, -2, -2, -2, -1, -1, 2, 1, 2, 2, -1, -1]"
905,dfs_bnb_mpi,291.185,-7,8,83982325,"[-1, -1, 2, -1, -2, -2, 1, -2, 1, 1, -2, -2, 1, 2, 2, 1, 2, 2, 2, -1, -2, -2, -1, -1]"
906,dfs_bnb_mpi,81.2423,-6,7,23306426,"[-1, -1, 2, 2, 2, 1, 2, 2, 2, -1, 2, -1, -2, -2, 1, -2, -1, -2, -1, 2, 2, -1, 2, 1]"
907,dfs_bnb_mpi,74.4802,-9,9,20419597,"[-1, -1, 2, 1, 1, 2, 2, 1, -2, 1, 1, -2, -2, 1, 1, -2, -1, -1, -1, -1, 2, 2, 1, -2]"
908,dfs_bnb_mpi,1.51482,-7,8,443403,"[-1, -1, 2, 1, 1, 2, 1, 1, 1, -2, -2, 1, -2, -1, -1, 2, 2, -1, -2, -2, -1, -1, -1, -1]"
909,dfs_bnb_mpi,27.9256,-6,7,6956065,"[-1, -1, 2, 2, 1, -2, 1, 2, 2, -1, 2, 1, 1, -2, 1, -2, -1, -2, 1, -2, -1, -2, -1, -1]"
910,dfs_bnb_mpi,98.1694,-6,7,22855550,"[-1, -1, 2, 2, 1, 2, 2, 2, 2, -1, -1, -1, -2, 1, 1, -2, -2, -1, 2, -1, -2, -2, 1, -2]"
911,dfs_bnb_mpi,101.174,-8,9,25534002,"[-1, -1, 2, 2, 2, -1, -1, 2, -1, -2, -1, -2, -2, -2, 1, -2, 1, 2, 2, 1, 2, -1, -1, -2]"
912,dfs_bnb_mpi,303.916,-4,5,90365552,"[-1, -1, 2, 2, 2, 2, 2, 2, 2, 2, 2, 2, 1, 2, 1, 2, -1, 2, -1, -2, -2, -1, -2, -1]"
913,dfs_bnb_mpi,1.27337,-7,8,358794,"[-1, -1, 2, 2, 2, 2, 1, -2, -2, -2, 1, 2, 2, 1, -2, 1, 2, 1, 2, -1, 2, -1, -2, -1]"
914,dfs_bnb_mpi,134.73,-7,8,37679154,"[-1, -1, 2, 2, 2, 2, -1, 2, -1, -2, -1, -2, -2, -2, 1, 2, 2, 1, -2, -2, -2, -2, -1, 2]"
915,dfs_bnb_mpi,20.4057,-8,9,6057635,"[-1, -1, 2, 1, 2, 1, -2, 1, 2, 2, 1, -2, -2, 1, -2, -1, -1, -2, -1, -1, -2, -2, 1, 2]"
916,dfs_bnb_mpi,189.081,-6,7,45285599,"[-1, -1, 2, 2, 2, 1, 2, 2, -1, -2, -1, -2, -2, -2, -1, 2, 2, 2, -1, 2, -1, -2, -2, 1]"
917,dfs_bnb_mpi,5.15918,-8,8,1565886,"[-1, -2, -1, -2, -1, 2, 2, 1, 2, -1, 2, 1, 2, 2, 1, -2, -2, 1, 2, 1, -2, -2, -1, -1]"
918,dfs_bnb_mpi,8.21951,-8,9,2432716,"[-1, -1, 2, 1, 2, 1, -2, 1, 1, -2, -1, -2, -1, -2, -1, 2, -1, -1, 2, 2, -1, -2, -1, 2]"
919,dfs_bnb_mpi,52.5608,-9,9,14669415,"[-1, -1, 2, 2, 2, -1, -2, -2, -2, -1, -2, -2, -1, 2, 2, -1, 2, 2, 1, 2, 1, -2, -2, -1]"
920,dfs_bnb_mpi,35.1101,-8,9,10642450,"[-1, -2, 1, 1, 2, 1, 2, 2, -1, -2, -1, 2, 2, 2, -1, -1, -2, -2, 1, -2, -1, -2, -1, 2]"
921,dfs_bnb_mpi,0.000227,-2,3,60,"[-1, -1, 2, 2, 2, 2, 2, 2, 2, 2, 2, 2, 2, 1, 1, -2, -1, -2, 1, 1, 2, 2, 2, 2]"
922,dfs_bnb_mpi,0.246108,-8,8,73992,"[-1, -1, 2, -1, -1, -2, 1, -2, 1, 1, 1, 1, 2, 2, -1, -1, 2, 2, 2, -1, -2, -2, -1, 2]"
923,dfs_bnb_mpi,43.3254,-4,5,12573458,"[-1, -1, 2, 2, 2, 2, 2, 2, 2, 1, 2, -1, 2, 1, 2, -1, -1, -2, -1, -2, 1, -2, -1, -1]"
924,dfs_bnb_mpi,63.3968,-6,7,19523621,"[-1, -1, 2, 2, 2, 2, 2, -1, 2, 1, 1, -2, -2, -2, -2, -2, 1, 1, -2, -2, -2, -1, 2, -1]"
925,dfs_bnb_mpi,34.5521,-6,7,9969820,"[-1, -1, 2, 2, 2, 2, 2, 2, 1, -2, 1, 2, 1, -2, -2, -2, -1, 2, -1, -2, -2, -2, 1, 2]"
926,dfs_bnb_mpi,1.13958,-8,9,302904,"[-1, -1, 2, -1, -2, -2, -1, -2, -2, 1, 2, 1, 2, 1, 1, 1, -2, -1, -1, -2, -1, -2, -1, -1]"
927,dfs_bnb_mpi,21.2027,-7,8,5207071,"[-1, -1, 2, 1, 1, 2, -1, 2, -1, -2, -1, -2, -1, -1, -2, 1, 1, -2, 1, -2, -1, -1, 2, -1]"
928,dfs_bnb_mpi,30.0435,-8,9,9053438,"[-1, -1, 2, 2, 2, 1, 2, -1, 2, -1, -2, -1, -2, -1, 2, -1, -2, -2, 1, 1, -2, 1, 2, 2]"
929,dfs_bnb_mpi,0.101856,-8,9,28949,"[-1, -1, 2, 2, -1, -2, -2, -1, 2, 2, -1, -2, -1, -2, 1, -2, 1, 1, -2, 1, 2, 1, 1, 1]"
930,dfs_bnb_mpi,0.296407,-7,8,84079,"[-1, -1, 2, 1, 1, 2, -1, 2, -1, -2, -1, 2, -1, -2, -2, 1, -2, -1, -1, 2, 2, 2, 2, 2]"
931,dfs_bnb_mpi,0.403311,-8,9,102674,"[-1, -1, 2, 1, 1, 2, 2, 1, 2, 1, -2, -2, -1, -2, -2, 1, 2, 1, 2, 1, 2, -1, 2, 2]"
932,dfs_bnb_mpi,1.60329,-8,9,454819,"[-1, -1, 2, 1, 1, 2, 1, 2, 1, 1, 2, -1, -1, 2, -1, -1, -2, 1, -2, -1, -2, -1, 2, 2]"
933,dfs_bnb_mpi,11.8226,-6,7,3501684,"[-1, -1, 2, 2, 2, 2, 2, 1, 1, 1, -2, 1, -2, -1, -2, -2, -1, -1, 2, 2, 2, 1, -2, -2]"
934,dfs_bnb_mpi,5.9428,-8,8,1703004,"[-1, -1, 2, -1, -2, -2, -1, -2, -1, 2, -1, 2, 1, 1, 2, 2, 1, 1, 1, 2, 1, -2, -2, -1]"
935,dfs_bnb_mpi,848.848,-8,9,204081031,"[-1, -2, 1, -2, 1, 1, 2, 1, 2, 2, 2, 2, 2, -1, -1, -2, -2, -1, -2, 1, 1, -2, -1, -2]"
936,dfs_bnb_mpi,621.585,-7,8,142483699,"[-1, -1, 2, 2, 2, 2, 2, 2, 2, 1, 2, 1, -2, 1, 1, -2, -1, -2, -1, 2, -1, -2, -2, 1]"
937,dfs_bnb_mpi,3.75266,-8,9,1072342,"[-1, -1, 2, 2, 1, 2, -1, -1, -2, -2, -2, -1, 2, -1, -2, -2, 1, -2, 1, 1, 1, 2, -1, -1]"
938,dfs_bnb_mpi,2.55236,-7,8,732116,"[-1, -1, 2, 2, 2, 2, -1, -1, -1, -2, -1, -2, -2, 1, 2, 1, 2, 1, -2, -2, -1, -2, 1, -2]"
939,dfs_bnb_mpi,96.7924,-8,9,28628212,"[-1, -2, -1, -1, 2, 1, 2, 1, 1, 1, 2, 2, 2, -1, -2, -2, -1, 2, -1, -2, -1, -2, -1, -2]"
940,dfs_bnb_mpi,2.90974,-6,7,840526,"[-1, -1, 2, 1, 2, -1, -1, 2, 1, 2, 2, 1, -2, -2, 1, -2, -2, 1, 2, 2, 2, 2, 2, 2]"
941,dfs_bnb_mpi,0.751841,-8,9,192675,"[-1, -1, 2, -1, 2, -1, -2, -1, -2, -2, -2, 1, 2, 2, 1, -2, 1, 1, 1, 1, 2, 2, 2, 2]"
942,dfs_bnb_mpi,1.72763,-7,8,511604,"[-1, -1, 2, 2, 2, 1, -2, 1, 2, 2, -1, 2, -1, -2, -1, -2, -1, 2, -1, -2, -2, 1, 1, -2]"
943,dfs_bnb_mpi,71.1657,-8,9,19801081,"[-1, -1, 2, 1, 2, -1, 2, 2, -1, -2, -2, -1, -1, -1, -2, -2, 1, 1, -2, 1, 2, 2, -1, -1]"
944,dfs_bnb_mpi,159.153,-7,8,45154838,"[-1, -1, 2, 1, 2, 1, 1, -2, -2, -2, -1, -1, -1, -2, -1, 2, 2, -1, 2, 1, 2, 1, 2, 1]"
945,dfs_bnb_mpi,164.066,-8,9,38535851,"[-1, -1, 2, 2, 2, 2, 2, 1, 2, 1, 2, 1, 2, -1, 2, -1, -1, -2, 1, -2, -1, -2, -1, -2]"
946,dfs_bnb_mpi,1327.87,-8,9,295577199,"[-1, -2, 1, 1, 2, 2, 2, -1, -1, 2, -1, -2, -1, -2, -1, -1, -2, 1, 1, -2, 1, 2, 2, 1]"
947,dfs_bnb_mpi,1.33457,-7,8,364913,"[-1, -1, 2, 2, 1, -2, 1, 2, 2, -1, -1, 2, -1, -2, -1, -2, 1, -2, -1, -1, 2, 2, 2, 2]"
948,dfs_bnb_mpi,0.491737,-7,8,130237,"[-1, -1, 2, -1, -2, -1, 2, -1, 2, 1, 1, 2, 1, -2, 1, 2, 2, 2, -1, -2, -1, 2, 2, 2]"
949,dfs_bnb_mpi,138.342,-8,9,42068831,"[-1, -1, 2, -1, -2, -1, 2, 2, 1, 2, 1, 2, 1, -2, 1, 2, 1, -2, -2, -1, -2, -1, 2, -1]"
950,dfs_bnb_mpi,172.347,-8,9,39691803,"[-1, -1, -1, 2, 1, 1, 2, -1, -1, 2, 1, 1, 2, 2, 1, -2, -2, -2, -2, 1, 2, 2, 1, -2]"
951,dfs_bnb_mpi,5.95849,-8,9,1841199,"[-1, -1, 2, 2, 2, 2, -1, -2, -2, -2, -1, -2, 1, -2, 1, 1, 1, 1, 2, 2, -1, -1, 2, 2]"
952,dfs_bnb_mpi,0.182204,-8,9,44963,"[-1, -1, 2, 2, -1, 2, 2, -1, -2, -1, -2, 1, -2, 1, -2, -1, -1, 2, -1, 2, 2, 2, 2, 2]"
953,dfs_bnb_mpi,5.06682,-6,7,1390267,"[-1, -2, 1, 1, 2, 2, 2, -1, -2, -1, 2, 2, -1, -2, -2, -2, -1, -2, 1, -2, 1, 1, 1, 1]"
954,dfs_bnb_mpi,38.9948,-6,6,9619365,"[-1, -1, 2, 2, 2, 2, 1, 2, 2, 2, -1, -1, -2, 1, -2, -1, -1, -2, 1, -2, -1, -2, 1, -2]"
955,dfs_bnb_mpi,12.6325,-7,8,3905146,"[-1, -1, 2, 1, 2, 2, 1, 2, 1, 2, 1, 2, 2, 1, -2, -2, -2, -1, -2, -1, -2, -1, -2, 1]"
956,dfs_bnb_mpi,0.621851,-7,8,176746,"[-1, -1, 2, 2, 1, 2, 1, 2, 2, -1, -2, -1, -2, -1, -2, -1, -1, -2, 1, 1, -2, -1, -1, -1]"
957,dfs_bnb_mpi,11.5508,-8,9,3613041,"[-1, -1, 2, -1, 2, 1, 1, -2, 1, 1, 2, -1, 2, 2, 2, 2, -1, -1, -2, -2, 1, -2, -1, -1]"
958,dfs_bnb_mpi,1.39804,-9,10,397944,"[-1, -2, 1, -2, 1, 2, 2, 2, -1, -1, 2, 2, 1, -2, 1, 2, 1, -2, -2, 1, -2, -1, -2, 1]"
959,dfs_bnb_mpi,3.60439,-5,6,1016000,"[-1, -1, 2, 2, 2, 2, 2, -1, -2, -2, -2, -2, -2, -2, 1, 1, -2, -2, -1, -1, -1, 2, 1, 1]"
960,dfs_bnb_mpi,9.31178,-7,8,2131229,"[-1, -1, -1, 2, -1, 2, 1, 2, 2, 2, 1, 1, -2, -2, -1, -2, -2, 1, 2, 1, 2, 2, 2, 2]"
961,dfs_bnb_mpi,57.55,-8,9,17021912,"[-1, -1, 2, 1, 2, 2, -1, -1, -2, -2, -2, -1, 2, -1, -2, -2, 1, -2, -2, 1, 2, 1, 2, -1]"
962,dfs_bnb_mpi,12.5535,-8,9,3399071,"[-1, -1, 2, 2, 2, 1, 1, 2, -1, -1, -1, -2, -1, -1, 2, 1, 2, -1, 2, 1, 1, -2, 1, 2]"
963,dfs_bnb_mpi,65.48,-6,7,18472770,"[-1, -1, 2, 2, 2, 2, 2, 1, 2, -1, 2, 2, -1, -2, -2, -1, -2, -1, -1, -2, 1, 1, 1, 2]"
964,dfs_bnb_mpi,83.0183,-7,8,19913080,"[-1, -1, 2, 2, 2, 2, 2, 2, 2, 1, 2, -1, 2, 2, -1, -2, -2, -2, -1, 2, -1, 2, 1, 2]"
965,dfs_bnb_mpi,1.64436,-9,10,505846,"[-1, -2, 1, 1, 1, 2, -1, 2, 1, 2, 1, -2, 1, 1, -2, -1, -1, -2, -2, -1, -1, -1, -1, -1]"
966,dfs_bnb_mpi,18.3826,-7,8,4998820,"[-1, -1, 2, 1, 1, 2, 2, 1, -2, 1, 2, 1, -2, -2, -2, -2, -1, 2, 2, -1, -2, -2, -1, -1]"
967,dfs_bnb_mpi,110.539,-9,10,31301253,"[-1, -2, -1, 2, -1, -2, -1, -2, 1, -2, -2, 1, 1, 1, 2, 1, 2, 2, -1, -2, -1, -2, -1, 2]"
968,dfs_bnb_mpi,29.3848,-8,9,8906817,"[-1, -2, -2, -1, 2, 2, -1, 2, 1, 2, 2, 1, -2, -2, 1, 1, 1, 2, -1, -1, 2, 2, -1, 2]"
969,dfs_bnb_mpi,10.1828,-7,8,2501714,"[-1, -1, 2, 2, -1, 2, 2, 2, 1, 1, 1, -2, -1, -1, -2, 1, 1, -2, -1, -2, 1, 1, 2, 2]"
970,dfs_bnb_mpi,280.534,-7,8,79746578,"[-1, -1, 2, 2, 2, -1, -2, -1, 2, 2, 2, -1, -2, -2, -1, -1, -2, 1, 1, -2, 1, -2, 1, 2]"
971,dfs_bnb_mpi,27.9932,-8,9,7924456,"[-1, -1, 2, 1, 1, 1, -2, 1, 1, -2, -1, -2, -2, -1, 2, 2, -1, -2, -1, -1, -1, 2, 1, 1]"
972,dfs_bnb_mpi,27.7036,-8,9,8070751,"[-1, -1, 2, 1, 2, -1, 2, 2, -1, -1, -2, 1, -2, -2, -1, 2, -1, -1, 2, -1, 2, 1, 1, -2]"
973,dfs_bnb_mpi,130.491,-8,9,30227799,"[-1, -2, -1, 2, 2, 2, 1, -2, 1, 2, 1, -2, 1, 1, -2, -1, -1, -2, -1, -2, 1, 1, 2, 1]"
974,dfs_bnb_mpi,58.5858,-7,8,15440159,"[-1, -1, 2, 2, 2, -1, 2, -1, -2, -1, -1, -2, -2, -2, 1, 2, 2, 1, 1, -2, -1, -2, 1, -2]"
975,dfs_bnb_mpi,5.40181,-6,7,1573616,"[-1, -1, 2, 2, 2, 2, 1, -2, 1, 1, 2, -1, 2, -1, 2, -1, -2, -1, -2, -2, -1, 2, 2, 2]"
976,dfs_bnb_mpi,3.01458,-8,9,830703,"[-1, -1, 2, -1, 2, 1, 2, 2, 2, 2, 1, -2, -2, 1, -2, -1, -2, 1, 1, 1, -2, -1, -1, -1]"
977,dfs_bnb_mpi,0.43052,-6,7,130218,"[-1, -1, 2, -1, -2, -1, 2, 2, -1, -2, -1, -1, -2, 1, 1, -2, 1, 1, 1, 1, 1, 1, 2, 2]"
978,dfs_bnb_mpi,20.1507,-8,9,5807753,"[-1, -1, 2, 1, 1, 2, 2, 2, 1, -2, -2, 1, 2, 1, -2, -2, -1, -1, -2, -2, 1, 1, 2, -1]"
979,dfs_bnb_mpi,94.3081,-4,5,26100336,"[-1, -1, 2, 2, 2, 2, 2, 2, 2, 2, 2, 1, 2, 2, -1, -2, -1, -2, -2, -1, -1, -2, 1, 1]"
980,dfs_bnb_mpi,1.86255,-8,9,564784,"[-1, -1, 2, 2, 2, 2, 1, -2, -2, -2, 1, 2, 2, 1, -2, -2, -2, -2, -1, -2, -1, 2, -1, -1]"
981,dfs_bnb_mpi,21.8411,-8,9,5209850,"[-1, -1, 2, 2, 2, 2, 1, 1, 2, 2, 1, -2, -2, 1, -2, -1, -1, -1, -2, -2, 1, 1, 2, -1]"
982,dfs_bnb_mpi,0.293842,-9,10,84603,"[-1, -1, 2, 1, 1, 1, -2, -2, 1, -2, 1, 1, -2, -1, -2, -1, 2, -1, 2, -1, 2, -1, -1, -1]"
983,dfs_bnb_mpi,0.485958,-6,7,135941,"[-1, -1, 2, 2, 2, -1, -2, -2, -1, -2, 1, -2, 1, -2, 1, 2, 1, 1, 2, 2, -1, -1, 2, 2]"
984,dfs_bnb_mpi,86.6188,-8,9,25419356,"[-1, -1, 2, -1, 2, 1, 1, -2, 1, 2, 1, 2, 2, 2, 1, -2, -2, -2, 1, -2, -1, -2, -1, 2]"
985,dfs_bnb_mpi,0.280934,-7,8,80007,"[-1, -1, 2, 2, 1, -2, 1, 2, 2, -1, 2, 2, 1, -2, 1, 1, -2, -2, 1, -2, -1, -1, 2, 2]"
986,dfs_bnb_mpi,1.74801,-7,8,541678,"[-1, -1, 2, 1, 2, 1, -2, 1, 1, 2, -1, 2, -1, 2, -1, 2, 2, 2, -1, -2, -2, -2, -2, 1]"
987,dfs_bnb_mpi,11.7815,-8,9,3581029,"[-1, -1, 2, 1, 2, 2, 1, -2, -2, 1, -2, -2, -2, -1, 2, -1, -1, -1, 2, -1, 2, 1, 2, 1]"
988,dfs_bnb_mpi,0.419605,-8,9,106941,"[-1, -2, -1, 2, -1, -2, -1, 2, 2, 1, 2, 1, -2, 1, 2, 1, 2, -1, 2, 2, -1, -2, -2, -1]"
989,dfs_bnb_mpi,0.046114,-8,9,13078,"[-1, -1, 2, 1, 2, 2, 1, -2, -2, 1, 2, 1, 2, -1, 2, -1, 2, -1, -2, -1, 2, 2, 2, 2]"
990,dfs_bnb_mpi,0.037041,-8,8,11327,"[-1, -1, 2, 2, -1, -2, -2, -2, -2, 1, 2, 1, -2, 1, 2, 1, 2, 2, 2, -1, -2, -1, 2, 2]"
991,dfs_bnb_mpi,567.814,-7,8,161313859,"[-1, -1, 2, 2, -1, 2, 2, 2, 2, -1, -2, -2, -2, -1, -1, -2, 1, 1, -2, -1, -2, 1, 1, 2]"
992,dfs_bnb_mpi,6.98264,-7,7,2136367,"[-1, -1, 2, -1, 2, 2, 1, -2, 1, 2, 2, 2, 2, 1, -2, -2, -2, -2, 1, 1, -2, -1, -1, -1]"
993,dfs_bnb_mpi,7.75066,-8,9,2250965,"[-1, -2, -2, -1, 2, -1, 2, 1, 2, 1, 1, 2, 2, 1, 2, -1, -1, -2, -2, -1, -1, 2, 1, 2]"
994,dfs_bnb_mpi,8.16559,-6,7,2358183,"[-1, -1, 2, 1, 2, 2, 2, 1, 2, 2, 2, 1, -2, -2, -2, -2, -1, -2, -2, 1, -2, 1, 2, 2]"
995,dfs_bnb_mpi,354.543,-7,8,96696587,"[-1, -1, 2, 2, 2, 2, 2, 2, 2, 1, 2, 2, 1, -2, -2, 1, -2, -2, -1, -2, -1, 2, 2, 1]"
996,dfs_bnb_mpi,0.181096,-8,9,46282,"[-1, -2, 1, 1, 2, 1, 2, 2, -1, -2, -1, 2, -1, -2, -1, 2, 2, 1, 2, 1, -2, 1, 2, 2]"
997,dfs_bnb_mpi,271.31,-6,7,83037784,"[-1, -1, 2, 2, 2, 1, 1, 2, -1, 2, -1, 2, -1, -2, -1, 2, -1, -2, -2, 1, -2, 1, 2, 1]"
998,dfs_bnb_mpi,144.666,-7,8,35223464,"[-1, -1, 2, 2, 2, 2, 2, 2, 1, 1, -2, -2, -2, 1, 1, -2, -1, -1, -2, -1, 2, 2, 2, 2]"
999,dfs_bnb_mpi,0.490661,-8,9,153094,"[-1, -1, 2, 2, 1, -2, 1, 2, 2, 1, 1, 2, -1, -1, 2, 2, -1, -2, -2, -1, -1, -2, 1, 1]"
