protein_id,algorithm,time,score,checked,placed,hash
0,dfs_bnb_mpi,2.2761,-11,12,646310,"[-1, -1, 2, 1, 2, -1, 2, -1, 2, 1, 2, 1, -2, -2, 1, -2, -2, 1, -2, 1, -2, -1, -1, -1]"
1,dfs_bnb_mpi,72.9186,-9,10,16891830,"[-1, -1, 2, 2, 2, 1, 2, 2, 2, 1, -2, 1, -2, -1, -2, 1, -2, -1, -1, -2, 1, 1, 1, 2]"
2,dfs_bnb_mpi,4.75536,-11,12,1090003,"[-1, -1, 2, -1, -1, -1, -2, 1, 1, -2, 1, -2, -2, -1, 2, -1, 2, -1, -2, -2, 1, -2, 1, 1]"
3,dfs_bnb_mpi,24.4016,-10,10,6915552,"[-1, -1, 2, 2, -1, -2, -1, -2, 1, -2, 1, -2, -1, -1, 2, -1, -1, -1, 2, 1, 1, 2, 2, 1]"
4,dfs_bnb_mpi,62.5073,-8,9,18834496,"[-1, -1, 2, 2, 2, 1, 2, 2, 1, -2, 1, 2, 2, -1, 2, -1, -2, -1, -1, -2, 1, -2, -1, -2]"
5,dfs_bnb_mpi,10.5211,-11,12,2645684,"[-1, -1, 2, 2, 2, 1, 2, 1, 2, 1, -2, -2, -1, -2, -1, -2, 1, 1, 2, 1, 2, 2, 1, -2]"
6,dfs_bnb_mpi,5.61878,-10,11,1634785,"[-1, -2, 1, 1, 2, 2, 2, 1, -2, -2, 1, 2, 2, 1, -2, -2, -2, -1, -1, -2, -1, -2, -1, 2]"
7,dfs_bnb_mpi,23.6541,-10,11,5260054,"[-1, -2, -1, -2, 1, -2, 1, 1, 2, -1, 2, 1, 1, 1, 2, 2, -1, -2, -1, 2, 2, -1, -2, -1]"
8,dfs_bnb_mpi,29.3408,-11,12,8145485,"[-1, -1, 2, 1, 2, 2, -1, 2, -1, 2, -1, -2, -1, 2, -1, -2, -2, 1, -2, 1, 2, 1, -2, 1]"
9,dfs_bnb_mpi,3.87072,-12,12,1144976,"[-1, -1, 2, 2, 2, -1, -2, -1, -2, 1, -2, -2, 1, 1, 1, 1, 2, 2, -1, 2, 2, -1, -2, -2]"
10,dfs_bnb_mpi,1.69291,-11,12,449874,"[-1, -2, 1, 1, 2, 2, 2, 1, -2, -2, -2, 1, 2, 1, 2, -1, 2, 2, -1, -1, -1, -2, -2, -1]"
11,dfs_bnb_mpi,10.4329,-11,12,2786036,"[-1, -2, -2, -1, 2, 2, 2, -1, -2, -2, -2, -1, 2, 2, -1, 2, 1, 2, 1, 1, 2, 1, -2, -2]"
12,dfs_bnb_mpi,83.9341,-10,11,24883519,"[-1, -1, 2, 1, 2, -1, -1, 2, -1, 2, -1, -2, -2, 1, -2, -1, -1, -2, 1, 1, -2, 1, 2, 2]"
13,dfs_bnb_mpi,93.8702,-10,11,28405240,"[-1, -1, 2, 2, 2, 1, -2, 1, 2, 2, 1, 1, -2, -1, -2, 1, 1, -2, -1, -2, -1, 2, -1, -1]"
14,dfs_bnb_mpi,33.8771,-9,9,9874079,"[-1, -2, 1, 1, 2, 2, 2, 2, -1, -1, -2, 1, -2, -1, -1, -1, -1, 2, 1, 1, 2, 2, 1, 2]"
15,dfs_bnb_mpi,2.02272,-10,11,495322,"[-1, -1, 2, 2, 2, 2, 1, -2, -2, -2, 1, 2, 2, 1, -2, 1, 2, 1, 2, -1, -1, 2, -1, -2]"
16,dfs_bnb_mpi,0.37936,-11,12,99872,"[-1, -2, -1, -2, 1, -2, -1, -2, 1, 1, 2, 1, 2, -1, 2, 1, 1, 1, 2, -1, -1, 2, 2, 2]"
17,dfs_bnb_mpi,0.295393,-12,13,88915,"[-1, -1, 2, 1, 1, 1, 2, -1, -1, 2, -1, -2, -1, -2, -1, -1, -2, 1, 1, -2, 1, -2, 1, 2]"
18,dfs_bnb_mpi,464.72,-9,10,102786953,"[-1, -2, 1, 1, 2, 2, 2, 2, 2, 2, -1, -2, -1, -2, 1, -2, -2, -1, 2, -1, -2, -1, -2, 1]"
19,dfs_bnb_mpi,3.35882,-10,11,864587,"[-1, -1, 2, 2, 2, -1, -2, -1, -1, -2, 1, 1, -2, -1, -1, -1, 2, 2, 2, 2, 1, -2, 1, 2]"
20,dfs_bnb_mpi,11.0417,-12,12,2578208,"[-1, -1, 2, 1, 1, 2, 1, 1, 2, 1, 1, -2, -1, -2, -1, -1, -2, 1, -2, -1, -1, -2, -1, 2]"
21,dfs_bnb_mpi,0.322152,-11,12,91509,"[-1, -1, 2, 1, 1, 1, 2, -1, 2, -1, -2, -1, -1, -2, -2, -2, 1, 1, -2, 1, 2, 1, 2, 1]"
22,dfs_bnb_mpi,577.533,-8,9,155362400,"[-1, -1, 2, 2, 2, 1, -2, -2, 1, 2, 1, -2, -2, -2, -2, -1, 2, -1, -1, -1, -1, 2, 1, 2]"
23,dfs_bnb_mpi,57.0208,-10,11,14695020,"[-1, -1, -1, -1, 2, 1, 1, 1, 1, 1, -2, 1, 1, -2, -1, -1, -1, -1, -1, -1, -2, 1, 1, 1]"
24,dfs_bnb_mpi,85.591,-11,12,23643767,"[-1, -1, 2, -1, 2, -1, -2, -1, -2, -1, -2, 1, -2, -1, -2, 1, -2, 1, 2, 2, 2, 1, 2, -1]"
25,dfs_bnb_mpi,8.23072,-9,10,2155416,"[-1, -2, 1, 1, 2, 2, 1, -2, 1, -2, -1, -2, 1, -2, -1, -1, 2, -1, -2, -1, 2, -1, 2, 2]"
26,dfs_bnb_mpi,33.1681,-10,11,9864265,"[-1, -1, 2, 2, 2, 2, 1, -2, 1, -2, -1, -2, 1, 1, 1, 1, 2, -1, -1, 2, 2, -1, 2, -1]"
27,dfs_bnb_mpi,15.0216,-10,11,3940590,"[-1, -1, 2, 2, -1, 2, -1, 2, 2, 2, -1, -2, -1, -2, 1, -2, -2, 1, -2, -1, -2, 1, 1, 2]"
28,dfs_bnb_mpi,108.791,-10,11,31589653,"[-1, -1, 2, 1, 1, 2, 2, 1, -2, -2, -2, 1, -2, 1, 1, -2, -1, -1, -1, -1, -1, 2, 1, 1]"
29,dfs_bnb_mpi,0.656089,-11,12,180064,"[-1, -1, 2, 2, 2, 1, -2, -2, 1, 2, 2, 2, 2, 1, -2, -2, 1, -2, -1, -2, 1, -2, -1, -2]"
30,dfs_bnb_mpi,7.33176,-11,12,2090572,"[-1, -1, 2, 1, 2, -1, 2, 2, 1, -2, 1, -2, -2, 1, -2, 1, 2, 1, 2, -1, -1, 2, 1, 2]"
31,dfs_bnb_mpi,34.56,-11,12,9648170,"[-1, -1, 2, 2, 1, 2, -1, 2, 2, -1, -2, -1, 2, -1, -2, -1, -2, 1, 1, 1, -2, -2, -1, 2]"
32,dfs_bnb_mpi,4.61515,-10,11,1345222,"[-1, -1, 2, 2, -1, -2, -2, -1, 2, -1, 2, 1, 2, 2, 1, -2, 1, 1, -2, -2, 1, 2, 2, 2]"
33,dfs_bnb_mpi,29.7027,-10,11,8692854,"[-1, -1, 2, -1, -1, 2, 2, -1, -2, -1, -2, 1, -2, -2, -1, -2, -2, 1, 2, 1, 2, 1, 2, -1]"
34,dfs_bnb_mpi,331.231,-11,12,89330187,"[-1, -2, 1, -2, 1, 1, 2, 2, 1, 1, 2, -1, -1, 2, -1, 2, -1, -2, -1, -2, 1, 1, -2, -2]"
35,dfs_bnb_mpi,4.71728,-10,11,1291839,"[-1, -2, -1, -2, 1, 1, 2, 1, -2, 1, 1, -2, -1, -2, -2, -1, 2, 2, -1, -1, -2, 1, -2, -1]"
36,dfs_bnb_mpi,0.831729,-11,12,228027,"[-1, -1, 2, 2, 2, -1, -2, -2, -1, 2, 2, -1, 2, 1, 1, 2, 1, -2, 1, -2, -2, 1, -2, -1]"
37,dfs_bnb_mpi,8.15146,-9,9,2470053,"[-1, -1, 2, 2, 2, -1, 2, -1, 2, 1, 1, -2, 1, -2, 1, 1, -2, -1, -1, -2, 1, 1, 1, 2]"
38,dfs_bnb_mpi,1.47691,-12,12,416411,"[-1, -1, 2, 1, 1, 2, 1, -2, -2, 1, -2, -1, -1, -1, -1, -1, -1, -2, 1, 1, -2, 1, 2, 1]"
39,dfs_bnb_mpi,43.5989,-10,11,12620188,"[-1, -2, 1, 1, -2, 1, -2, -1, -2, -1, -1, 2, 1, 2, -1, -1, 2, 2, -1, 2, 1, 2, 1, -2]"
40,dfs_bnb_mpi,35.8255,-10,11,8113730,"[-1, -1, 2, 2, -1, -2, -2, -1, 2, 2, -1, -2, -2, -2, 1, 1, 1, -2, -1, -1, -2, 1, 1, 1]"
41,dfs_bnb_mpi,60.6612,-9,10,18133695,"[-1, -1, 2, 2, 1, 2, 2, 2, 1, -2, 1, 2, 2, 2, 1, -2, -2, -2, -2, -1, -1, -2, -2, -1]"
42,dfs_bnb_mpi,2.1621,-12,13,571587,"[-1, -1, 2, 1, 1, 2, -1, -1, 2, 1, 2, 1, -2, 1, -2, -2, -2, 1, -2, -1, -1, -1, -1, -1]"
43,dfs_bnb_mpi,168.259,-11,12,48919087,"[-1, -1, 2, 2, 1, -2, 1, 1, -2, 1, 2, 1, 2, 2, -1, -1, 2, -1, -1, -2, 1, -2, 1, 1]"
44,dfs_bnb_mpi,67.1448,-10,11,19419667,"[-1, -1, 2, 2, 2, 1, 2, -1, -1, -1, -2, 1, -2, -1, -1, 2, -1, -2, -2, 1, 1, 1, -2, -1]"
45,dfs_bnb_mpi,0.508285,-12,12,118431,"[-1, -2, -1, -2, -1, 2, -1, 2, 2, 1, -2, 1, 2, 1, 2, -1, -1, -1, 2, 1, 2, 1, -2, 1]"
46,dfs_bnb_mpi,772.2,-8,9,219251488,"[-1, -2, 1, 1, 2, 2, 2, 1, 2, -1, -1, -2, -2, -1, 2, 2, 2, -1, -2, -2, -1, -2, 1, -2]"
47,dfs_bnb_mpi,4.38077,-11,12,977254,"[-1, -1, 2, -1, -2, -1, -2, -1, -2, 1, -2, -2, 1, 2, 2, 2, 1, -2, -2, 1, -2, -1, -2, 1]"
48,dfs_bnb_mpi,15.4123,-10,11,3849375,"[-1, -1, 2, 2, -1, -2, -2, -1, 2, -1, 2, 1, 2, 2, 1, -2, 1, 2, 1, -2, -2, -2, 1, 2]"
49,dfs_bnb_mpi,17.6048,-11,12,4044782,"[-1, -1, 2, 1, 1, 2, 1, 2, 2, 1, -2, -2, 1, -2, -1, -1, -2, -2, -2, 1, 2, 1, 2, -1]"
50,dfs_bnb_mpi,15.5552,-10,11,4021426,"[-1, -1, 2, -1, -2, -1, -2, -1, 2, -1, 2, -1, -2, -2, 1, -2, 1, 1, 1, 2, 1, 1, 1, 1]"
51,dfs_bnb_mpi,25.4562,-10,11,6896855,"[-1, -1, 2, 2, -1, -1, -1, 2, -1, -2, -2, -1, -2, 1, -2, 1, 2, 2, 1, 1, -2, -2, -1, 2]"
52,dfs_bnb_mpi,27.698,-11,12,7432506,"[-1, -1, 2, -1, 2, 2, 2, 1, -2, -2, 1, -2, 1, 2, 1, -2, -2, 1, -2, -1, -1, -1, -2, 1]"
53,dfs_bnb_mpi,1.16423,-11,12,319920,"[-1, -1, 2, 1, 2, 1, 1, 2, -1, 2, -1, -2, -1, -2, -1, -2, -2, -1, -2, 1, 1, -2, 1, 2]"
54,dfs_bnb_mpi,1.00968,-11,12,283586,"[-1, -1, 2, 1, 2, 2, 2, 1, -2, -2, -2, 1, -2, 1, -2, -2, -1, 2, -1, -2, -1, 2, -1, -1]"
55,dfs_bnb_mpi,19.9351,-10,11,6000185,"[-1, -1, 2, 2, 2, 2, 2, 1, -2, -2, -2, -2, 1, 1, 2, 2, 2, 2, 2, -1, -2, -2, -2, -2]"
56,dfs_bnb_mpi,39.1888,-10,11,9218031,"[-1, -2, 1, 1, 2, 1, 2, -1, -1, 2, -1, -2, -1, -2, -2, -2, 1, 1, -2, 1, -2, -1, -1, 2]"
57,dfs_bnb_mpi,16.8193,-10,11,4506957,"[-1, -1, 2, 2, 1, -2, 1, 2, 2, 1, 2, 1, 2, 1, -2, -2, -1, -2, -1, -2, 1, -2, -1, -2]"
58,dfs_bnb_mpi,174.912,-10,11,45244372,"[-1, -1, 2, 2, 2, 2, -1, -2, -2, -1, 2, -1, -1, -1, -2, 1, 1, -2, 1, -2, -2, 1, 2, 2]"
59,dfs_bnb_mpi,0.771685,-10,11,199026,"[-1, -1, 2, 2, 2, 1, -2, -2, 1, 1, -2, -2, -1, -1, -2, -1, 2, -1, 2, 2, -1, 2, 1, 2]"
60,dfs_bnb_mpi,5.00924,-11,12,1356749,"[-1, -1, 2, 1, 1, 2, 1, -2, -2, -2, -1, -1, -2, -1, 2, -1, -2, -1, -1, 2, 1, 2, 1, 2]"
61,dfs_bnb_mpi,18.939,-10,11,5458510,"[-1, -2, -1, 2, 2, 2, -1, -2, -1, 2, 2, 1, 1, 1, -2, -2, 1, 1, 1, -2, -1, -2, -1, -2]"
62,dfs_bnb_mpi,39.0919,-10,11,9085700,"[-1, -1, 2, 2, 2, 2, 2, 1, 1, 1, 1, -2, -1, -2, -2, -1, 2, 2, -1, -2, -2, -2, 1, 1]"
63,dfs_bnb_mpi,13.013,-11,12,3791049,"[-1, -1, 2, 2, 1, -2, 1, 1, -2, -2, 1, -2, -1, -2, -2, -1, 2, 2, 2, -1, -1, -2, 1, -2]"
64,dfs_bnb_mpi,7.79362,-10,11,2317710,"[-1, -1, 2, 1, 2, 1, -2, 1, -2, 1, -2, -1, -2, -1, 2, -1, -2, -2, 1, 1, 1, 2, 1, 2]"
65,dfs_bnb_mpi,22.0382,-11,12,5984341,"[-1, -2, 1, 1, 2, 2, -1, 2, 1, 2, 1, -2, -2, -2, -2, 1, 2, 2, 2, 2, 1, -2, -2, -2]"
66,dfs_bnb_mpi,0.633762,-12,13,167607,"[-1, -2, -2, -1, 2, -1, -2, -1, 2, 2, 1, 1, 2, 1, 1, 2, -1, 2, -1, -2, -1, -1, -2, 1]"
67,dfs_bnb_mpi,13.3564,-10,11,3432930,"[-1, -1, 2, 2, 2, 1, 2, -1, 2, -1, -1, -2, 1, -2, -2, -1, 2, -1, 2, 2, 2, 1, 2, 2]"
68,dfs_bnb_mpi,86.4086,-11,12,24371973,"[-1, -1, 2, 2, 2, 1, 2, -1, 2, 1, 2, -1, -1, 2, -1, -2, -1, -2, 1, 1, -2, -1, -2, 1]"
69,dfs_bnb_mpi,169.69,-11,12,40351723,"[-1, -2, -1, -2, 1, -2, 1, 1, 1, 1, 2, 1, 2, -1, -1, 2, 2, -1, -2, -2, -1, -2, 1, 1]"
70,dfs_bnb_mpi,40.0752,-11,12,11957438,"[-1, -1, 2, 2, -1, -2, -2, -1, 2, -1, 2, -1, -2, -1, 2, 2, 1, 1, 2, 1, 1, -2, -1, -2]"
71,dfs_bnb_mpi,25.4189,-12,13,7355842,"[-1, -2, -2, 1, 2, 1, 2, 1, 2, -1, -1, 2, 1, 1, 2, 2, -1, -2, -1, -1, -2, -1, -2, 1]"
72,dfs_bnb_mpi,15.9987,-10,11,3974251,"[-1, -1, 2, 2, 1, 2, -1, 2, -1, -2, -2, -2, -1, 2, -1, 2, 1, 2, 2, -1, -2, -1, -2, -1]"
73,dfs_bnb_mpi,168.297,-10,11,38579255,"[-1, -1, 2, 2, 2, 1, -2, 1, 2, 2, -1, -1, 2, 2, -1, -2, -2, -1, -2, -2, -2, 1, 2, 2]"
74,dfs_bnb_mpi,185.92,-10,11,44328184,"[-1, -1, 2, -1, -1, 2, -1, 2, -1, -2, -2, 1, -2, -1, -1, -2, 1, 1, 1, 2, 1, -2, -2, -1]"
75,dfs_bnb_mpi,4.19632,-11,11,1187680,"[-1, -1, 2, 1, 1, 2, 2, 1, -2, 1, -2, -1, -2, -2, 1, -2, 1, 2, 1, 2, 2, -1, -2, -1]"
76,dfs_bnb_mpi,27.8265,-11,12,7966570,"[-1, -1, 2, 2, 1, 2, 2, 1, -2, -2, 1, 2, 2, 1, -2, 1, -2, -1, -2, -2, -1, 2, -1, -1]"
77,dfs_bnb_mpi,16.4441,-11,12,4651967,"[-1, -1, 2, 1, 2, 1, -2, 1, 1, -2, -1, -2, -2, -1, 2, -1, -1, -1, 2, -1, 2, 1, 2, 1]"
78,dfs_bnb_mpi,31.7734,-11,12,8256351,"[-1, -1, 2, 1, 2, 1, 2, -1, -1, -2, -1, -2, -2, -1, -2, -2, 1, -2, 1, 2, 1, 2, -1, -1]"
79,dfs_bnb_mpi,0.196423,-12,12,53656,"[-1, -2, -1, 2, 2, 1, 2, -1, -1, -2, -2, -1, 2, -1, 2, 1, 2, 1, 2, 1, -2, 1, 2, 2]"
80,dfs_bnb_mpi,4.2675,-13,14,1160388,"[-1, -1, -1, 2, 1, 2, 1, -2, 1, 2, 1, -2, 1, -2, -1, -2, -1, -2, -1, 2, -1, -1, -2, 1]"
81,dfs_bnb_mpi,33.6984,-10,11,8943686,"[-1, -1, 2, -1, -2, -1, -2, 1, -2, 1, 2, 1, 1, -2, -1, -2, -1, -2, -1, 2, -1, 2, -1, 2]"
82,dfs_bnb_mpi,4.05238,-11,12,1079329,"[-1, -1, -1, 2, 1, 2, 1, -2, 1, 2, 1, -2, 1, -2, -1, -2, 1, -2, -1, -1, 2, -1, -1, -1]"
83,dfs_bnb_mpi,11.7559,-9,10,2708109,"[-1, -1, 2, 2, 2, 2, -1, -1, -1, -2, -2, 1, 2, 1, -2, -2, -2, -1, 2, -1, -1, 2, 2, 2]"
84,dfs_bnb_mpi,16.5862,-12,13,3877550,"[-1, -2, -2, 1, 2, 1, 1, -2, 1, 2, 1, 2, -1, 2, -1, -2, -1, 2, -1, 2, 2, 1, -2, 1]"
85,dfs_bnb_mpi,78.031,-10,11,22660891,"[-1, -1, 2, -1, -2, -1, -1, -2, 1, 1, -2, 1, 2, 1, 1, 1, 2, 1, 2, -1, -1, 2, -1, -2]"
86,dfs_bnb_mpi,20.0565,-12,13,5758217,"[-1, -2, -1, 2, -1, -2, -2, 1, 1, 1, 2, 1, 2, 2, -1, 2, -1, -2, -1, 2, -1, -1, -2, 1]"
87,dfs_bnb_mpi,212.36,-10,11,48251072,"[-1, -1, 2, -1, -1, 2, 1, 1, 2, -1, -1, -1, -2, -2, -1, -2, 1, 1, 1, -2, -1, -1, -2, 1]"
88,dfs_bnb_mpi,4.43754,-10,11,1126826,"[-1, -1, 2, 2, 2, 1, 2, 1, 2, -1, 2, -1, -2, -2, -1, -2, -2, -2, -1, 2, -1, 2, 1, 2]"
89,dfs_bnb_mpi,25.3876,-11,12,6366294,"[-1, -1, 2, 2, 2, -1, -2, -1, -2, -2, -1, -2, -1, -2, 1, -2, 1, 1, 2, -1, 2, 1, 2, 2]"
90,dfs_bnb_mpi,25.3729,-6,7,6329111,"[-1, -1, 2, 2, 2, 2, 1, -2, 1, 2, 2, -1, 2, -1, -2, -1, -2, -1, -1, -2, 1, 1, -2, -1]"
91,dfs_bnb_mpi,34.1094,-10,11,8501859,"[-1, -1, 2, 2, -1, 2, -1, -2, -1, -2, 1, 1, -2, -1, -1, -1, -2, 1, 1, -2, 1, 1, 2, -1]"
92,dfs_bnb_mpi,6.51114,-10,11,1631363,"[-1, -1, 2, 2, -1, -2, -2, -1, -2, -1, 2, 2, 1, 2, 2, -1, -2, -1, -2, -1, -2, 1, -2, -1]"
93,dfs_bnb_mpi,8.18293,-10,11,2153448,"[-1, -1, 2, -1, -2, -1, -1, 2, 1, 2, 1, 2, 1, -2, 1, 2, 2, -1, -1, 2, 2, 1, -2, 1]"
94,dfs_bnb_mpi,64.5324,-10,11,17120092,"[-1, -1, 2, 2, 2, -1, 2, -1, -2, -1, 2, 2, -1, -2, -2, -2, 1, -2, 1, 2, 1, -2, -2, -1]"
95,dfs_bnb_mpi,71.5503,-11,12,16929959,"[-1, -1, 2, 2, -1, -2, -2, -1, -2, -1, -2, 1, 1, 2, 1, 1, -2, -2, -2, -1, -1, 2, 1, 2]"
96,dfs_bnb_mpi,226.767,-8,9,54539447,"[-1, -1, 2, 1, 2, -1, 2, 1, 1, 2, 1, -2, 1, 1, -2, -1, -1, -1, -2, 1, -2, -2, -1, -1]"
97,dfs_bnb_mpi,8.26251,-11,12,2358609,"[-1, -1, 2, 1, 1, 2, 2, 1, -2, -2, 1, 2, 1, -2, 1, -2, -2, -1, 2, -1, -1, -2, 1, -2]"
98,dfs_bnb_mpi,39.1738,-11,12,9731209,"[-1, -1, 2, 1, 2, -1, 2, 2, -1, -2, -1, -1, -2, -1, -2, -2, 1, 2, 1, -2, 1, 2, 2, -1]"
99,dfs_bnb_mpi,359.558,-11,12,98032750,"[-1, -2, -1, -1, -1, 2, 1, 2, -1, -1, 2, 1, 2, 1, -2, 1, 2, 2, 1, -2, -2, -2, -1, -2]"
100,dfs_bnb_mpi,3.71841,-10,11,957180,"[-1, -1, 2, 1, 1, 2, 2, 1, 1, -2, -1, -2, 1, -2, -1, -2, 1, -2, 1, 1, 2, -1, 2, 2]"
101,dfs_bnb_mpi,1.01596,-10,11,240603,"[-1, -1, 2, 1, 1, 1, 2, -1, -1, 2, 2, -1, -2, -2, -1, 2, 2, -1, -2, -2, -2, 1, -2, -1]"
102,dfs_bnb_mpi,8.68398,-11,12,2292432,"[-1, -1, 2, 2, 2, -1, -2, -1, 2, 2, 1, 2, 1, -2, 1, -2, -2, -2, 1, 2, 2, 1, -2, 1]"
103,dfs_bnb_mpi,4.80967,-11,12,1232899,"[-1, -2, 1, 1, 2, 2, 1, 2, 1, 2, 1, -2, 1, -2, -1, -1, -2, -1, -2, 1, 1, 2, 1, 1]"
104,dfs_bnb_mpi,135.278,-11,12,32085750,"[-1, -1, 2, 1, 1, 2, 1, -2, 1, 1, -2, 1, -2, -1, -1, -2, -1, -1, -1, 2, 1, 1, 2, 1]"
105,dfs_bnb_mpi,0.653252,-10,10,171874,"[-1, -1, 2, 2, 1, -2, 1, 2, 2, -1, -1, 2, -1, -1, -2, 1, -2, -1, -2, 1, -2, -1, -1, 2]"
106,dfs_bnb_mpi,57.7065,-12,13,16668518,"[-1, -2, 1, 1, 2, 2, 1, -2, -2, 1, -2, 1, -2, -1, -2, -2, -1, 2, 2, 2, -1, -1, -2, 1]"
107,dfs_bnb_mpi,5.85849,-11,12,1721593,"[-1, -1, 2, 1, 2, 2, 1, 1, -2, -1, -2, 1, 1, -2, -1, -2, -1, -1, -1, -1, 2, 2, 2, 1]"
108,dfs_bnb_mpi,300.052,-9,10,81900625,"[-1, -1, 2, 2, 2, 2, 2, 2, 1, 2, 1, 1, -2, 1, -2, -1, -2, -1, -2, -1, 2, 2, 1, 2]"
109,dfs_bnb_mpi,43.7694,-10,11,10526095,"[-1, -1, 2, 2, 2, 1, 2, -1, 2, -1, 2, 2, -1, -2, -1, -2, 1, -2, 1, -2, -1, -2, 1, -2]"
110,dfs_bnb_mpi,23.8835,-9,10,6222858,"[-1, -1, 2, 2, 2, -1, -2, -2, -1, -2, 1, -2, -1, -2, 1, -2, 1, 2, 2, 1, -2, 1, 2, 1]"
111,dfs_bnb_mpi,22.3476,-9,10,6619907,"[-1, -1, 2, 2, -1, -2, -1, -2, 1, -2, 1, 1, 1, 1, 2, 2, 2, -1, -2, -1, 2, 2, 2, 2]"
112,dfs_bnb_mpi,4.03616,-11,12,1051603,"[-1, -2, 1, 1, 2, 2, 1, 2, -1, 2, 1, 2, -1, -1, -1, -2, 1, -2, -2, -1, 2, -1, 2, 2]"
113,dfs_bnb_mpi,70.9852,-10,11,18776796,"[-1, -1, 2, 2, 2, 2, 1, -2, -2, 1, 2, 1, 1, 2, -1, -1, 2, -1, -1, -1, -2, -1, -2, 1]"
114,dfs_bnb_mpi,2.84391,-10,11,727775,"[-1, -1, 2, 2, 2, 2, 2, 1, -2, -2, -2, -2, 1, 2, 2, 1, 2, -1, 2, 2, 1, -2, 1, 2]"
115,dfs_bnb_mpi,38.8875,-10,11,9724127,"[-1, -1, 2, 2, -1, -2, -1, 2, 2, -1, -2, -2, -1, -2, 1, 1, 1, -2, -1, -2, -1, 2, -1, -2]"
116,dfs_bnb_mpi,6.23209,-10,11,1421852,"[-1, -1, 2, -1, -1, -1, -2, -2, -1, -1, -2, 1, 1, 1, 2, 2, 1, -2, 1, -2, -1, -2, 1, 1]"
117,dfs_bnb_mpi,8.30636,-10,11,2264349,"[-1, -1, 2, 2, 1, 2, 2, 2, 2, 1, 1, -2, -1, -2, 1, -2, -1, -2, 1, 1, -2, -1, -1, -1]"
118,dfs_bnb_mpi,162.25,-8,9,43014333,"[-1, -1, 2, 2, 1, -2, 1, 1, -2, -2, -2, -1, 2, -1, -1, -1, 2, 2, -1, -2, -2, -2, 1, 1]"
119,dfs_bnb_mpi,191.595,-10,11,45465853,"[-1, -1, 2, 1, 1, 2, 2, 1, 1, 1, -2, -2, -2, 1, -2, -1, -1, -1, 2, 2, 2, 1, -2, -2]"
120,dfs_bnb_mpi,32.7088,-10,11,8807148,"[-1, -1, 2, 1, 1, 2, 1, 2, 2, -1, -2, -1, -2, -1, 2, -1, -2, -1, -1, -2, -2, 1, 2, 1]"
121,dfs_bnb_mpi,13.3566,-11,12,3141195,"[-1, -2, -1, 2, 2, 1, 2, 2, 1, 2, 1, -2, 1, -2, -1, -1, -2, 1, 1, -2, -1, -2, -1, -2]"
122,dfs_bnb_mpi,1.63174,-10,11,442727,"[-1, -1, 2, 1, 1, 2, -1, 2, 1, 1, -2, -2, 1, -2, -1, -2, -1, -1, -1, -1, 2, 2, 2, 2]"
123,dfs_bnb_mpi,27.5097,-10,11,7580545,"[-1, -1, 2, 2, 2, -1, -2, -1, -1, -2, 1, 1, -2, -2, 1, 1, 1, 1, 2, 2, -1, 2, -1, -2]"
124,dfs_bnb_mpi,9.50827,-11,12,2454792,"[-1, -1, 2, -1, -2, -1, -2, 1, -2, -2, -1, -2, 1, 1, 1, 2, -1, 2, 2, 1, -2, 1, -2, 1]"
125,dfs_bnb_mpi,3.64071,-11,12,989519,"[-1, -2, -1, -2, 1, 1, 2, 1, -2, -2, -1, -2, -2, -1, -1, -1, 2, 1, 1, 2, -1, -1, 2, 2]"
126,dfs_bnb_mpi,12.9602,-12,13,3435836,"[-1, -2, 1, -2, 1, 1, 2, -1, 2, 1, 1, 2, -1, 2, -1, -2, -1, -1, -1, 2, 1, 2, 1, -2]"
127,dfs_bnb_mpi,27.5183,-9,10,6190381,"[-1, -1, -1, 2, -1, 2, 2, 2, 2, 1, -2, -2, -2, 1, -2, 1, 1, 2, -1, 2, -1, 2, 2, 2]"
128,dfs_bnb_mpi,19.7098,-10,11,5398670,"[-1, -1, 2, 2, -1, -1, -2, -2, -2, -2, 1, -2, 1, 2, 1, -2, 1, 2, 2, -1, -1, -1, 2, 2]"
129,dfs_bnb_mpi,0.803115,-10,11,233113,"[-1, -1, 2, 2, -1, -2, -2, -1, 2, 2, -1, -2, -1, -2, 1, -2, -2, 1, 2, 1, -2, 1, 2, 1]"
130,dfs_bnb_mpi,9.9168,-11,12,2789863,"[-1, -1, 2, 2, 1, 2, -1, -1, 2, 2, 1, -2, 1, 2, 1, -2, 1, -2, -1, -2, 1, -2, -1, -1]"
131,dfs_bnb_mpi,2.98745,-9,10,892839,"[-1, -1, 2, 2, 2, -1, -2, -2, -2, -1, 2, 2, 2, 2, 2, 2, 1, -2, -2, 1, 1, -2, 1, 2]"
132,dfs_bnb_mpi,2.32581,-11,12,697641,"[-1, -1, 2, -1, -2, -2, 1, 1, 1, -2, -1, -2, -1, -2, -2, -1, 2, 2, -1, -1, 2, 1, 1, 1]"
133,dfs_bnb_mpi,192.01,-10,11,43533141,"[-1, -1, 2, 1, 1, 2, 1, -2, -2, -2, 1, -2, -1, -2, -1, -1, 2, 1, 2, -1, -1, -1, -2, 1]"
134,dfs_bnb_mpi,0.419702,-11,12,123655,"[-1, -1, 2, 2, 1, -2, 1, 1, 2, -1, 2, -1, -1, 2, -1, -2, -2, -1, -2, 1, -2, -2, 1, 1]"
135,dfs_bnb_mpi,32.3272,-9,9,7381454,"[-1, -1, 2, 2, 2, 2, 2, 2, 2, 1, 2, 2, 1, -2, -2, -2, -1, -2, 1, 1, -2, -1, -1, -2]"
136,dfs_bnb_mpi,100.974,-8,9,23615747,"[-1, -1, 2, 2, 2, 2, 1, 2, 1, 2, -1, 2, 2, -1, -2, -1, -2, 1, -2, -1, -1, -2, 1, -2]"
137,dfs_bnb_mpi,11.3897,-11,12,3228729,"[-1, -1, 2, 2, 2, 2, 2, 2, 1, -2, -2, -2, -2, -2, 1, 2, 1, 2, -1, 2, 2, 1, -2, 1]"
138,dfs_bnb_mpi,12.6064,-11,12,2964507,"[-1, -1, 2, -1, 2, -1, 2, 1, 2, 1, 1, 1, -2, -1, -1, -2, 1, -2, 1, 2, 1, -2, -2, 1]"
139,dfs_bnb_mpi,1.71057,-11,11,486848,"[-1, -1, 2, 1, 2, 2, -1, -2, -1, 2, -1, -2, -1, -2, -2, 1, 2, 1, -2, -2, 1, -2, 1, 2]"
140,dfs_bnb_mpi,72.7347,-10,11,17203293,"[-1, -1, 2, -1, 2, 2, 2, 2, 1, 1, 1, -2, -2, -1, 2, -1, -2, -2, 1, -2, 1, 1, 2, -1]"
141,dfs_bnb_mpi,3.4644,-11,12,945387,"[-1, -1, 2, -1, 2, 1, 2, 2, 1, -2, -2, -2, 1, 1, 2, 1, 2, -1, 2, 2, -1, -2, -2, -2]"
142,dfs_bnb_mpi,155.103,-10,11,37785430,"[-1, -2, -1, 2, -1, 2, 2, 2, 1, 1, 1, 2, 2, 1, -2, -2, -2, -1, -1, -1, -2, 1, 1, 1]"
143,dfs_bnb_mpi,420.211,-10,11,118204556,"[-1, -1, 2, 2, 1, 2, -1, 2, -1, -1, -2, 1, -2, -1, -1, 2, -1, -2, -2, 1, 1, 1, -2, -1]"
144,dfs_bnb_mpi,147.59,-10,11,42428732,"[-1, -1, 2, 2, -1, 2, -1, -2, -1, -2, -1, 2, -1, -2, -2, 1, 1, -2, 1, 1, 2, 2, -1, -2]"
145,dfs_bnb_mpi,8.11455,-12,13,2142219,"[-1, -2, 1, -2, 1, -2, 1, 2, 2, -1, 2, 2, -1, 2, -1, 2, -1, -2, -1, -2, -2, 1, 2, 1]"
146,dfs_bnb_mpi,101.656,-10,11,23631314,"[-1, -1, 2, 2, 2, 1, 2, 1, 2, 2, 1, -2, -2, 1, -2, -2, -1, 2, -1, -2, -1, -2, 1, 1]"
147,dfs_bnb_mpi,73.1378,-11,12,20019809,"[-1, -1, 2, 2, 1, 2, -1, 2, -1, -2, -1, -2, 1, -2, -2, -1, -2, -2, 1, 1, 1, 2, -1, -1]"
148,dfs_bnb_mpi,6.27283,-12,13,1501172,"[-1, -1, 2, -1, -2, -1, 2, -1, 2, 1, 1, 2, 1, -2, 1, -2, 1, 1, 2, -1, 2, -1, 2, -1]"
149,dfs_bnb_mpi,71.9921,-12,13,16916409,"[-1, -1, 2, 1, 1, 2, 2, 1, 2, 1, -2, 1, 2, 1, -2, -2, -1, -1, -1, -2, -2, 1, 2, 1]"
150,dfs_bnb_mpi,12.1382,-10,11,3232319,"[-1, -1, 2, 2, 2, 1, 2, 1, -2, 1, 2, 1, 2, 1, -2, -2, -1, -2, -1, -1, -1, -2, 1, 1]"
151,dfs_bnb_mpi,24.6243,-10,11,6968264,"[-1, -2, 1, 1, 2, 2, 2, 2, -1, 2, 2, -1, 2, -1, -2, -2, 1, -2, -1, -2, 1, 1, -2, -1]"
152,dfs_bnb_mpi,232.432,-9,9,58605049,"[-1, -1, 2, 2, 2, 1, 1, -2, -1, -2, 1, 1, 2, 2, 2, 1, -2, 1, 1, -2, -1, -1, -2, 1]"
153,dfs_bnb_mpi,14.2544,-11,12,3620316,"[-1, -1, 2, 2, 1, 2, -1, 2, -1, -2, -2, -2, -1, 2, 2, -1, -2, -2, -2, -2, 1, 1, 2, -1]"
154,dfs_bnb_mpi,153.899,-10,11,43472957,"[-1, -1, 2, 2, -1, 2, 2, -1, -2, -2, -2, 1, -2, -1, -2, -1, -2, 1, 1, 1, 1, 2, -1, -1]"
155,dfs_bnb_mpi,12.563,-12,13,3351946,"[-1, -1, 2, 2, 1, -2, 1, 2, 2, -1, 2, 2, 1, -2, 1, -2, -2, 1, -2, 1, -2, -1, -1, 2]"
156,dfs_bnb_mpi,194.786,-10,11,55889529,"[-1, -1, 2, 1, 2, 2, -1, -1, 2, 1, 2, -1, -1, -2, -2, -2, -1, -1, -2, 1, 1, 1, 2, 1]"
157,dfs_bnb_mpi,15.4968,-10,11,3918848,"[-1, -1, 2, 2, 2, 1, -2, -2, 1, 1, -2, -2, -2, -1, 2, -1, -2, -1, 2, -1, 2, -1, 2, 1]"
158,dfs_bnb_mpi,25.9497,-10,11,7502007,"[-1, -1, 2, 1, 2, 1, -2, 1, -2, 1, -2, 1, 1, -2, -1, -1, -2, -1, -1, 2, 1, 2, -1, -1]"
159,dfs_bnb_mpi,42.2386,-10,10,10747219,"[-1, -1, 2, 2, 2, 1, 2, -1, 2, -1, -2, -2, -2, -2, -1, 2, 2, 2, -1, -1, -2, -2, 1, 2]"
160,dfs_bnb_mpi,122.994,-10,11,30648520,"[-1, -1, -1, -1, 2, 2, 2, 1, 2, 1, -2, 1, 1, 1, -2, -2, -1, -1, -1, -1, 2, 1, 1, 1]"
161,dfs_bnb_mpi,6.4677,-11,12,1612296,"[-1, -1, 2, -1, -1, -2, 1, -2, 1, 1, 1, -2, -1, -2, -1, 2, -1, -1, 2, -1, -2, -2, 1, 1]"
162,dfs_bnb_mpi,12.8332,-11,12,3031613,"[-1, -2, -1, -2, -1, -2, 1, 1, 2, 1, 2, 1, -2, -2, -1, -2, -1, -1, -2, -2, 1, 2, 1, 1]"
163,dfs_bnb_mpi,23.09,-10,10,6276944,"[-1, -1, 2, 2, 1, -2, 1, 2, 1, -2, 1, 1, -2, -1, -1, -2, -1, -1, -1, -2, 1, -2, 1, 2]"
164,dfs_bnb_mpi,71.6316,-12,13,19695832,"[-1, -2, -1, -2, 1, 1, 2, 1, 2, 1, 2, 2, -1, 2, 1, 2, -1, -1, -2, -1, -2, 1, -2, 1]"
165,dfs_bnb_mpi,9.97353,-11,12,2632548,"[-1, -1, 2, 1, 1, 2, 2, 1, -2, -2, 1, 2, 2, 2, -1, -1, -1, 2, -1, -2, -2, -2, 1, 2]"
166,dfs_bnb_mpi,8.56284,-11,12,2400939,"[-1, -2, -1, -2, 1, -2, -1, -2, 1, 1, 2, 2, 2, 1, 1, -2, -1, -2, 1, -2, -1, -2, -1, -1]"
167,dfs_bnb_mpi,0.583503,-11,12,150639,"[-1, -1, 2, 1, 1, 2, 1, -2, -2, 1, -2, -2, -1, 2, -1, -2, -1, 2, -1, -1, 2, 2, 2, 2]"
168,dfs_bnb_mpi,7.57782,-11,11,2009117,"[-1, -2, -1, -2, 1, 1, 2, 1, 2, 1, 2, -1, 2, -1, -2, -1, 2, -1, -2, -2, -1, 2, 2, 2]"
169,dfs_bnb_mpi,1.54713,-11,12,371976,"[-1, -1, -1, 2, 1, 1, 1, 1, -2, 1, -2, -2, -1, 2, -1, -1, -2, 1, -2, -1, -1, 2, 2, -1]"
170,dfs_bnb_mpi,5.94996,-10,11,1352835,"[-1, -1, 2, 2, 2, 1, 1, 1, -2, -1, -1, -2, 1, 1, 1, 2, 1, -2, -2, -1, -1, -2, 1, 1]"
171,dfs_bnb_mpi,3.79067,-11,12,1040341,"[-1, -1, 2, -1, -2, -1, 2, -1, -1, -2, 1, -2, -2, 1, 2, 1, -2, 1, 2, 1, 1, -2, -1, -2]"
172,dfs_bnb_mpi,0.242575,-11,12,64975,"[-1, -1, 2, 1, 2, 1, -2, 1, -2, 1, -2, -1, -2, -1, 2, -1, -2, -1, 2, -1, 2, 2, 2, 2]"
173,dfs_bnb_mpi,28.6597,-11,11,7641891,"[-1, -1, 2, 2, 1, 2, -1, -1, -1, 2, 1, 1, 2, 1, -2, 1, 1, -2, -1, -2, 1, -2, -1, -1]"
174,dfs_bnb_mpi,1.46717,-12,13,406955,"[-1, -2, 1, 1, 2, 2, 2, -1, -2, -1, 2, 2, 1, 1, 2, 1, -2, -2, -2, 1, 1, -2, -1, -1]"
175,dfs_bnb_mpi,27.674,-12,13,7173725,"[-1, -2, 1, -2, -2, -1, -2, 1, -2, 1, 2, 1, 2, -1, 2, 1, 1, 2, -1, 2, 2, -1, -2, -2]"
176,dfs_bnb_mpi,51.3106,-10,11,12237063,"[-1, -2, 1, 1, 2, 2, -1, -1, -1, 2, -1, 2, -1, -2, -2, 1, -2, 1, -2, -1, -1, 2, -1, 2]"
177,dfs_bnb_mpi,25.5802,-9,10,6574321,"[-1, -1, 2, 2, 2, 2, 2, 1, 2, 1, -2, 1, 1, -2, -1, -2, -1, 2, -1, -2, -2, 1, 1, 1]"
178,dfs_bnb_mpi,44.5903,-10,11,12271106,"[-1, -2, -1, -2, -1, -2, -1, 2, 2, 1, 2, 2, -1, -2, -1, 2, 2, 1, 1, 1, 1, -2, -1, -2]"
179,dfs_bnb_mpi,48.1486,-10,11,12590153,"[-1, -1, 2, 2, 1, -2, 1, 1, 2, 1, 2, -1, 2, -1, 2, -1, -2, -1, -1, -2, 1, 1, 1, -2]"
180,dfs_bnb_mpi,64.1347,-12,13,17603399,"[-1, -2, -1, -2, 1, -2, 1, 2, 2, 1, -2, 1, 2, 1, 1, 2, -1, 2, -1, -2, -1, 2, -1, 2]"
181,dfs_bnb_mpi,20.2693,-11,12,5701437,"[-1, -2, 1, 1, 2, 1, 2, -1, -1, -1, 2, -1, 2, 1, 2, 1, 2, 1, -2, -2, -1, -2, 1, 1]"
182,dfs_bnb_mpi,19.9953,-8,9,4834497,"[-1, -1, 2, 2, 2, 2, 2, 1, -2, 1, -2, -1, -2, 1, 1, 2, 1, 2, -1, 2, -1, 2, -1, 2]"
183,dfs_bnb_mpi,489.583,-9,10,138404322,"[-1, -1, 2, 2, 2, 2, 1, 2, 2, 1, -2, 1, 1, -2, -1, -2, -2, -1, -2, -1, 2, 2, 1, 2]"
184,dfs_bnb_mpi,21.7724,-11,12,6522513,"[-1, -2, -1, -1, -2, 1, 1, 1, 2, 1, 2, 2, 1, -2, 1, 1, -2, -1, -1, -2, -1, -2, -1, -1]"
185,dfs_bnb_mpi,29.4981,-9,10,7509422,"[-1, -2, -1, 2, 2, -1, 2, 1, 2, 2, 1, -2, 1, 2, 1, -2, -2, -1, -1, -2, 1, 1, 1, 2]"
186,dfs_bnb_mpi,0.476056,-11,12,141804,"[-1, -1, 2, 2, 2, 1, -2, -2, 1, 1, 2, -1, 2, 2, -1, 2, 2, 2, -1, -2, -2, -1, -2, 1]"
187,dfs_bnb_mpi,30.9266,-10,10,7009669,"[-1, -1, 2, 2, 2, 1, 1, 2, 1, 2, 1, -2, 1, -2, -1, -1, -2, 1, -2, -1, -1, -1, 2, 1]"
188,dfs_bnb_mpi,3.04113,-10,11,745452,"[-1, -1, 2, 2, 2, -1, 2, -1, -2, -1, -2, 1, 1, -2, -1, -1, -2, -1, -2, 1, 1, 2, 1, -2]"
189,dfs_bnb_mpi,4.36743,-11,12,1259674,"[-1, -1, 2, 1, 1, 2, -1, 2, 1, 2, 1, -2, 1, 1, -2, -1, -1, -2, 1, -2, -1, -2, 1, 1]"
190,dfs_bnb_mpi,251.661,-10,11,57625159,"[-1, -2, -1, 2, 2, 1, 2, 2, -1, -2, -1, 2, 2, -1, -2, -2, -1, -2, 1, 1, -2, -1, -2, 1]"
191,dfs_bnb_mpi,618.323,-8,9,177288564,"[-1, -1, 2, 2, 2, 1, 1, 2, 1, -2, -2, -1, -1, -2, 1, 1, 1, -2, -1, -2, -2, -1, 2, -1]"
192,dfs_bnb_mpi,1.04644,-11,12,299030,"[-1, -2, 1, 1, 2, 1, -2, -2, -1, -1, -2, -1, 2, -1, 2, 2, 2, 1, 1, 2, 1, -2, 1, 2]"
193,dfs_bnb_mpi,7.60788,-10,10,2283583,"[-1, -1, 2, 1, 1, 2, 2, -1, -2, -1, -1, -2, -2, -1, 2, -1, -2, -2, 1, 1, -2, 1, 2, 1]"
194,dfs_bnb_mpi,187.22,-9,10,43625598,"[-1, -1, 2, 2, 2, 2, 2, 2, 2, 1, -2, -2, 1, 1, 1, -2, -2, -1, 2, -1, -1, -2, 1, -2]"
195,dfs_bnb_mpi,4.97184,-11,12,1351233,"[-1, -1, 2, -1, -1, 2, 1, 1, 2, -1, 2, -1, -2, -1, -2, -1, -1, -2, 1, 1, -2, 1, 1, -2]"
196,dfs_bnb_mpi,6.21557,-11,11,1865200,"[-1, -1, -1, 2, 1, 1, 2, 1, -2, 1, -2, -2, -1, -1, -2, 1, -2, -1, -1, 2, 2, -1, -1, 2]"
197,dfs_bnb_mpi,3.29523,-11,12,852735,"[-1, -1, 2, 1, 1, 1, 2, 1, -2, -2, -1, -2, 1, -2, -1, -1, 2, -1, -1, -2, 1, -2, 1, 1]"
198,dfs_bnb_mpi,4.43713,-11,12,1169944,"[-1, -2, 1, 1, 2, 2, -1, -1, 2, -1, -2, -2, -2, -1, 2, 2, 2, 2, -1, -2, -2, -2, -1, 2]"
199,dfs_bnb_mpi,70.1854,-7,8,15924916,"[-1, -1, 2, 2, 2, 2, 2, 2, 1, -2, -2, 1, 1, -2, -1, -1, -2, -2, 1, 1, -2, -2, -1, -1]"
200,dfs_bnb_mpi,120.168,-10,11,33101250,"[-1, -2, 1, 1, 2, 2, -1, 2, -1, -2, -1, -2, -2, -1, 2, 2, -1, 2, 1, 1, 2, 1, 1, 2]"
201,dfs_bnb_mpi,0.943763,-11,12,272047,"[-1, -1, 2, -1, 2, 1, 2, 1, -2, -2, 1, 2, 2, 2, 2, 1, -2, -2, -2, -2, 1, -2, -1, -2]"
202,dfs_bnb_mpi,38.7338,-10,11,10803803,"[-1, -2, 1, 1, 2, 1, 2, -1, -1, -1, 2, -1, 2, -1, -2, -1, -2, 1, 1, -2, -2, -1, 2, -1]"
203,dfs_bnb_mpi,1.26523,-11,12,319923,"[-1, -2, -1, -2, 1, -2, 1, -2, 1, 2, 2, -1, 2, 1, 2, 1, 2, 1, -2, -2, -1, -2, 1, 1]"
204,dfs_bnb_mpi,1.63709,-10,11,486254,"[-1, -1, 2, 1, 1, 1, -2, -2, -1, -2, 1, 1, 2, 2, 2, 2, -1, -1, 2, 2, -1, -2, -2, -1]"
205,dfs_bnb_mpi,51.8367,-10,11,14895063,"[-1, -1, 2, 2, -1, 2, 2, 2, -1, -1, -2, 1, -2, -2, -1, -2, -1, -2, 1, 1, 2, 1, -2, -2]"
206,dfs_bnb_mpi,128.488,-10,11,36305541,"[-1, -1, 2, 1, 1, 2, -1, 2, -1, -2, -1, -2, -2, -1, -2, -1, -2, 1, 1, 1, 1, 2, -1, -1]"
207,dfs_bnb_mpi,1.87197,-10,11,525003,"[-1, -1, 2, 2, 1, -2, 1, 1, 1, -2, -1, -2, -2, -1, 2, -1, -1, -1, 2, 2, 2, 2, 2, 2]"
208,dfs_bnb_mpi,0.548892,-12,13,147795,"[-1, -1, 2, 2, 1, -2, 1, 1, -2, -2, -1, -2, -1, 2, -1, -1, 2, 2, -1, -2, -2, -2, 1, 1]"
209,dfs_bnb_mpi,8.34412,-10,11,2214952,"[-1, -2, -1, 2, 2, 2, -1, -2, -1, -1, 2, 1, 2, 1, 2, 1, -2, 1, -2, -2, 1, 2, 2, 2]"
210,dfs_bnb_mpi,41.4016,-10,11,9351484,"[-1, -1, 2, 2, 2, 2, -1, -1, 2, -1, -2, -1, -2, 1, -2, 1, 2, 1, -2, -2, -1, -2, 1, -2]"
211,dfs_bnb_mpi,0.997177,-10,10,267539,"[-1, -1, -1, 2, -1, 2, 1, 2, 1, -2, -2, 1, 2, 1, 2, -1, 2, 2, -1, -2, -1, 2, 2, 2]"
212,dfs_bnb_mpi,9.10144,-10,11,2522757,"[-1, -2, -1, -2, -1, 2, 2, -1, -2, -1, -2, 1, -2, 1, 1, -2, 1, 2, 2, 1, 2, 1, 2, 2]"
213,dfs_bnb_mpi,10.7765,-11,12,2920011,"[-1, -1, 2, 2, 1, -2, 1, 2, 2, 1, 2, 1, -2, -2, -1, -2, 1, -2, -1, -2, -2, -1, 2, -1]"
214,dfs_bnb_mpi,48.2491,-10,11,13676125,"[-1, -2, -1, -2, 1, -2, 1, 1, 2, -1, 2, 1, 2, 1, 2, 1, -2, -2, -1, -2, -2, 1, 2, 1]"
215,dfs_bnb_mpi,0.526518,-10,11,134078,"[-1, -2, -1, -2, 1, 1, 2, 1, 2, 1, -2, -2, -1, -2, -1, -1, -1, -2, 1, 1, 1, 1, 2, 1]"
216,dfs_bnb_mpi,9.94005,-11,12,2604036,"[-1, -2, 1, 1, -2, 1, 2, 2, -1, 2, 1, 2, 1, -2, -2, -2, -2, 1, 2, 1, 2, -1, 2, 2]"
217,dfs_bnb_mpi,68.64,-10,11,19139181,"[-1, -1, 2, 2, 2, 2, 1, -2, -2, 1, 2, 2, 1, 2, -1, 2, -1, -2, -1, -1, -2, -1, -2, 1]"
218,dfs_bnb_mpi,5.22798,-11,12,1344813,"[-1, -2, -1, -2, 1, -2, 1, 2, 2, 1, -2, -2, -2, -1, -1, -1, 2, -1, 2, -1, -2, -2, 1, -2]"
219,dfs_bnb_mpi,11.3067,-11,11,3290120,"[-1, -1, 2, 1, 1, 1, 1, -2, -1, -2, 1, 1, 2, 1, 1, 2, -1, -1, 2, -1, -1, 2, -1, -2]"
220,dfs_bnb_mpi,14.7142,-11,12,3873208,"[-1, -1, 2, -1, -2, -1, -2, 1, 1, -2, -1, -2, -1, 2, -1, 2, 2, -1, -2, -1, -2, 1, -2, 1]"
221,dfs_bnb_mpi,61.1411,-11,12,17555875,"[-1, -2, -1, -2, 1, -2, 1, -2, 1, 2, 2, 1, -2, -2, 1, 1, 2, -1, 2, 2, -1, -1, -1, -2]"
222,dfs_bnb_mpi,59.3679,-12,13,17254006,"[-1, -2, 1, -2, -2, 1, 1, 1, 1, 2, -1, 2, 1, 2, -1, 2, -1, -1, -2, -2, -2, 1, 2, 2]"
223,dfs_bnb_mpi,12.3668,-10,11,3124045,"[-1, -1, 2, 2, 2, -1, 2, -1, -1, 2, -1, -2, -2, 1, 1, -2, 1, -2, -2, -1, 2, -1, 2, -1]"
224,dfs_bnb_mpi,39.3039,-12,13,11208766,"[-1, -1, 2, 1, 1, 2, 2, 2, 1, -2, 1, 2, 1, -2, 1, -2, -1, -2, -1, -2, -1, 2, 2, 1]"
225,dfs_bnb_mpi,0.121447,-10,11,32037,"[-1, -1, 2, 1, 1, 2, -1, 2, -1, -2, -1, 2, 2, 1, 2, 1, -2, 1, -2, 1, 2, 2, 2, 2]"
226,dfs_bnb_mpi,0.653982,-12,13,186684,"[-1, -2, 1, 1, 1, 2, -1, 2, 1, 2, 1, -2, 1, -2, -1, -2, 1, -2, -1, -2, -1, 2, -1, -1]"
227,dfs_bnb_mpi,2.31378,-11,12,557821,"[-1, -2, -1, -2, -2, 1, 2, 1, 2, 1, -2, 1, 2, 2, -1, 2, 1, 1, -2, 1, -2, -1, -2, 1]"
228,dfs_bnb_mpi,576.383,-10,11,128603729,"[-1, -1, 2, 2, 2, 2, 2, 1, 2, 2, 1, 1, -2, -2, 1, -2, -1, -2, -1, -1, 2, 1, 2, 2]"
229,dfs_bnb_mpi,17.0578,-10,11,4658835,"[-1, -1, 2, 1, 1, 1, 2, -1, 2, -1, -2, -1, 2, 2, -1, -2, -1, -2, 1, -2, -2, -2, 1, 1]"
230,dfs_bnb_mpi,42.1316,-11,12,11630956,"[-1, -1, 2, -1, -2, -1, -2, -2, 1, 2, 1, 1, 1, -2, -1, -1, -2, -1, -1, -2, -1, 2, 2, 2]"
231,dfs_bnb_mpi,17.4258,-10,11,4019288,"[-1, -1, -1, 2, -1, 2, 1, 1, -2, 1, 2, 1, 2, 2, -1, -2, -1, 2, 2, -1, -2, -2, -1, 2]"
232,dfs_bnb_mpi,8.95764,-11,12,2551876,"[-1, -1, 2, -1, -1, -1, 2, -1, -1, -2, 1, -2, -1, -2, 1, -2, 1, 2, 2, 1, 1, -2, -1, -2]"
233,dfs_bnb_mpi,6.99714,-10,11,2085016,"[-1, -1, 2, 2, -1, -2, -1, -1, -2, 1, 1, -2, 1, -2, -1, -2, -1, -1, 2, 1, 2, -1, -1, 2]"
234,dfs_bnb_mpi,0.556819,-12,12,156906,"[-1, -1, 2, 1, 2, 2, 1, -2, -2, 1, -2, -2, -1, -1, -1, -1, 2, -1, 2, 1, 2, 2, 1, -2]"
235,dfs_bnb_mpi,7.96342,-11,11,2175100,"[-1, -2, 1, 1, 1, -2, -1, -1, -1, -1, -2, 1, 1, 1, -2, 1, -2, -1, -1, 2, -1, -1, -2, 1]"
236,dfs_bnb_mpi,54.8717,-11,12,15986280,"[-1, -2, 1, -2, 1, 2, 1, -2, 1, 2, 1, 2, -1, 2, 2, 2, -1, -2, -2, -2, -1, 2, -1, 2]"
237,dfs_bnb_mpi,0.59004,-11,12,169295,"[-1, -1, 2, 2, 1, -2, 1, 2, 2, -1, -1, -1, -2, -1, -1, -2, 1, 1, -2, -2, 1, -2, 1, 2]"
238,dfs_bnb_mpi,1.85569,-11,12,508308,"[-1, -1, 2, 1, 1, 2, -1, 2, 2, -1, -2, -2, -1, -1, 2, 1, 2, 2, -1, 2, 1, 1, -2, 1]"
239,dfs_bnb_mpi,2.78479,-11,12,771901,"[-1, -1, 2, -1, 2, -1, -2, -2, 1, -2, 1, -2, -1, -1, 2, -1, 2, -1, 2, 2, 2, 1, -2, -2]"
240,dfs_bnb_mpi,185.429,-10,11,42177799,"[-1, -1, 2, 2, 2, 1, 2, 1, -2, 1, -2, 1, 2, 1, -2, -2, -1, -2, -1, 2, -1, -1, 2, 1]"
241,dfs_bnb_mpi,65.7758,-12,12,16218179,"[-1, -2, -1, -2, -1, 2, -1, 2, 1, 2, 2, 2, 2, 1, -2, -2, 1, 2, 1, -2, -2, -1, -1, -2]"
242,dfs_bnb_mpi,73.2152,-10,11,20453884,"[-1, -2, -2, 1, 2, 1, 2, 2, -1, 2, 2, 2, -1, -1, -2, -2, -1, -2, -2, 1, 2, 1, 2, 2]"
243,dfs_bnb_mpi,323.651,-11,12,87831221,"[-1, -2, -1, -2, 1, -2, -1, -1, 2, -1, 2, 2, -1, 2, 1, 1, 2, 1, 1, -2, -1, -2, -1, -2]"
244,dfs_bnb_mpi,137.66,-8,9,36043091,"[-1, -1, 2, 2, 2, -1, 2, 1, 1, -2, 1, -2, -1, -2, 1, 1, -2, 1, 1, -2, -1, -1, -1, -1]"
245,dfs_bnb_mpi,2.73634,-12,13,712240,"[-1, -1, 2, 1, 2, 1, -2, 1, 1, 1, -2, -1, -1, -2, -1, -1, -2, 1, -2, 1, 2, 1, 2, 1]"
246,dfs_bnb_mpi,0.665512,-12,13,202607,"[-1, -1, 2, 2, 1, -2, 1, 1, 2, -1, 2, -1, 2, 2, -1, -2, -2, -1, -2, -1, -2, -2, 1, 2]"
247,dfs_bnb_mpi,1.38095,-9,10,361610,"[-1, -1, 2, 2, 1, -2, 1, 2, 1, 2, 1, -2, 1, -2, -1, -1, -2, 1, 1, 1, 2, 2, 2, 2]"
248,dfs_bnb_mpi,4.65833,-11,12,1059947,"[-1, -2, 1, 1, 2, 1, -2, 1, 1, -2, -1, -1, -2, -1, 2, -1, -1, -2, 1, -2, 1, 1, 1, 2]"
249,dfs_bnb_mpi,3.81998,-11,12,1000622,"[-1, -1, 2, 1, 1, 2, 2, 2, 1, -2, -2, -2, -2, -2, 1, 1, 2, -1, 2, 1, 2, -1, 2, 2]"
250,dfs_bnb_mpi,151.397,-11,12,36943044,"[-1, -2, 1, 1, 2, 2, -1, -1, 2, -1, 2, -1, -2, -1, -2, -1, -2, 1, 1, -2, 1, 2, 2, -1]"
251,dfs_bnb_mpi,188.167,-8,9,44646849,"[-1, -1, 2, 2, 2, 1, 1, 2, 2, 1, -2, -2, 1, -2, -1, -1, -1, -2, 1, 1, -2, -2, -1, -1]"
252,dfs_bnb_mpi,5.79667,-10,11,1309552,"[-1, -1, 2, 2, -1, -2, -2, -1, -2, -1, -2, 1, -2, 1, 2, 2, 1, -2, 1, -2, -1, -2, -1, -1]"
253,dfs_bnb_mpi,3.20695,-11,12,832735,"[-1, -1, 2, 2, -1, 2, -1, -2, -2, 1, -2, -2, -1, 2, -1, -1, 2, 1, 2, 2, 2, -1, -2, -2]"
254,dfs_bnb_mpi,7.69227,-11,12,1772631,"[-1, -1, 2, 1, 2, 1, 1, 2, -1, 2, 2, -1, -2, -2, -1, -2, -1, -2, -1, 2, 2, 1, 2, 1]"
255,dfs_bnb_mpi,4.31253,-11,12,1226218,"[-1, -1, 2, -1, -2, -2, -2, -1, 2, 2, -1, -1, -2, 1, -2, -1, -2, 1, 1, 1, 1, 2, 2, 1]"
256,dfs_bnb_mpi,0.169749,-10,11,46809,"[-1, -1, 2, 2, 2, 2, 1, -2, -2, -2, 1, 1, -2, -2, 1, 2, 2, 2, -1, -1, 2, 2, 2, 2]"
257,dfs_bnb_mpi,15.6325,-10,11,3767481,"[-1, -1, 2, 2, -1, 2, -1, -2, -1, -1, -2, -2, -2, 1, 1, 2, -1, 2, 1, 1, -2, -2, 1, 1]"
258,dfs_bnb_mpi,497.721,-10,11,110318400,"[-1, -1, 2, 2, -1, 2, 1, 2, 1, 2, 1, -2, 1, 1, -2, -1, -2, -1, 2, -1, -2, -2, 1, 1]"
259,dfs_bnb_mpi,3.67146,-11,12,908384,"[-1, -2, 1, 1, 2, 1, 2, 2, -1, -2, -1, 2, -1, -2, -1, 2, -1, -2, -2, 1, -2, -2, 1, 1]"
260,dfs_bnb_mpi,1.31384,-11,12,366804,"[-1, -1, 2, 2, 1, -2, 1, 2, 2, 1, 2, 1, -2, -2, -1, -2, -2, 1, -2, -1, -1, -1, -1, -1]"
261,dfs_bnb_mpi,44.9324,-11,12,11883200,"[-1, -2, -1, 2, 2, 1, 2, 2, 2, 1, -2, -2, -2, 1, -2, 1, -2, -2, -1, 2, -1, -2, -1, -1]"
262,dfs_bnb_mpi,11.5522,-10,11,3152105,"[-1, -1, 2, 2, 1, -2, 1, 2, 2, -1, -1, -1, -2, -2, -2, -1, -2, 1, 1, -2, 1, 2, 1, 1]"
263,dfs_bnb_mpi,418.605,-11,12,92875833,"[-1, -2, -1, 2, -1, -1, 2, 2, 2, 1, 2, 2, 1, -2, -2, 1, -2, 1, -2, -1, -1, 2, -1, -2]"
264,dfs_bnb_mpi,32.814,-8,9,9044530,"[-1, -1, 2, 2, 2, 1, -2, -2, 1, 1, 2, -1, 2, 2, -1, -1, -1, -1, -2, -2, -2, 1, 2, 2]"
265,dfs_bnb_mpi,0.041421,-11,12,10162,"[-1, -1, 2, 2, 1, -2, 1, 1, 2, -1, 2, -1, 2, 1, 2, 1, -2, -2, 1, -2, -2, -2, -1, -2]"
266,dfs_bnb_mpi,240.707,-9,9,61570966,"[-1, -1, 2, -1, 2, 2, 2, 2, -1, -2, -2, -1, -2, -2, -2, -2, 1, -2, 1, 2, 2, -1, 2, 2]"
267,dfs_bnb_mpi,41.6469,-11,12,11611685,"[-1, -1, 2, 2, -1, 2, -1, -2, -1, -1, -2, 1, 1, -2, -1, -1, -2, 1, -2, 1, 2, 1, 2, 2]"
268,dfs_bnb_mpi,1.83721,-9,10,426966,"[-1, -1, 2, 2, 2, 1, 2, -1, 2, -1, -2, -1, -2, 1, -2, -2, -2, -1, 2, 2, -1, 2, 2, 2]"
269,dfs_bnb_mpi,11.1132,-10,11,2862257,"[-1, -1, 2, -1, 2, 2, 2, 2, 1, -2, -2, -2, 1, 2, 2, 1, -2, 1, 1, -2, -1, -1, -2, -1]"
270,dfs_bnb_mpi,10.1846,-11,12,2891155,"[-1, -1, -1, 2, 1, 2, 1, -2, 1, 2, 2, 1, -2, 1, -2, -1, -2, 1, -2, -1, -1, -1, -2, 1]"
271,dfs_bnb_mpi,47.896,-9,10,13761271,"[-1, -2, 1, -2, -1, -1, -1, 2, 1, 2, -1, 2, -1, 2, 1, 2, 1, 1, -2, -1, -2, 1, 1, 2]"
272,dfs_bnb_mpi,263.772,-10,11,63665345,"[-1, -1, 2, 1, 2, 2, -1, -1, -2, -2, -2, -1, -2, -1, -2, 1, 1, 1, 1, 1, 2, -1, -1, -1]"
273,dfs_bnb_mpi,44.4039,-11,12,12069731,"[-1, -1, 2, 1, 2, -1, -1, 2, 2, 1, -2, 1, 2, 2, -1, 2, -1, -2, -1, -2, -2, -2, -2, 1]"
274,dfs_bnb_mpi,17.1335,-10,11,4109952,"[-1, -1, 2, 1, 2, 2, 1, -2, -2, 1, -2, 1, -2, 1, -2, -2, -2, -1, 2, 2, -1, 2, -1, -1]"
275,dfs_bnb_mpi,4.38769,-10,11,1121542,"[-1, -2, 1, 1, 2, 2, 1, -2, -2, 1, 2, 2, 1, -2, -2, -2, -1, -1, -2, -1, 2, -1, -1, -1]"
276,dfs_bnb_mpi,5.08782,-10,10,1456727,"[-1, -1, 2, 2, 2, 2, 2, 1, -2, 1, 1, -2, -1, -1, -2, 1, 1, 1, 1, -2, -1, -1, -1, -1]"
277,dfs_bnb_mpi,28.0442,-11,12,8093169,"[-1, -2, -1, -2, 1, 1, 2, 1, 2, 1, 2, 2, 1, 2, -1, 2, -1, -2, -2, -2, -1, -1, 2, 1]"
278,dfs_bnb_mpi,1.91435,-10,11,438026,"[-1, -1, 2, 1, 2, -1, -1, -2, -1, -1, -2, 1, 1, -2, 1, 1, -2, -1, -1, -1, 2, -1, -1, 2]"
279,dfs_bnb_mpi,13.2595,-11,11,3662525,"[-1, -1, 2, -1, -2, -1, -1, -2, 1, 1, 1, 1, -2, 1, 1, -2, -1, -1, -1, 2, -1, -2, -1, 2]"
280,dfs_bnb_mpi,131.379,-10,11,38353213,"[-1, -1, 2, 1, 1, 2, -1, -1, -1, -2, -1, 2, -1, 2, 1, 2, 2, 2, 1, -2, -2, 1, -2, -1]"
281,dfs_bnb_mpi,107.452,-10,11,29157913,"[-1, -1, 2, 2, 2, 2, -1, -1, -2, 1, -2, -1, -1, 2, -1, -2, -2, 1, -2, 1, 2, 1, -2, -2]"
282,dfs_bnb_mpi,11.5187,-11,12,2991333,"[-1, -1, -1, 2, -1, 2, 1, 2, 2, 1, 2, 1, -2, 1, -2, -1, -1, -2, -2, 1, 2, 1, 1, 2]"
283,dfs_bnb_mpi,97.612,-10,11,23595220,"[-1, -1, 2, 2, 2, 1, 2, 2, -1, -2, -1, 2, -1, -2, -1, -2, 1, 1, -2, -1, -1, -2, 1, 1]"
284,dfs_bnb_mpi,0.256518,-10,11,68543,"[-1, -1, 2, 1, 2, -1, -1, 2, 1, 2, 1, -2, 1, 2, 1, -2, 1, -2, -1, -1, -2, 1, 1, 1]"
285,dfs_bnb_mpi,70.8811,-11,12,19706706,"[-1, -1, 2, -1, 2, 2, -1, -2, -2, -2, 1, -2, -1, -1, 2, -1, -1, 2, 1, 1, 2, 2, -1, -2]"
286,dfs_bnb_mpi,14.7553,-12,13,3937970,"[-1, -2, 1, -2, 1, 2, 1, 2, -1, 2, -1, 2, 1, 2, 2, -1, -2, -1, -2, -1, -1, -2, 1, 1]"
287,dfs_bnb_mpi,65.4773,-10,10,19626779,"[-1, -2, 1, 1, 2, 1, 2, -1, 2, -1, -2, -1, 2, 2, 2, 2, 2, 1, -2, -2, -2, 1, 1, -2]"
288,dfs_bnb_mpi,19.6618,-11,11,4684916,"[-1, -1, 2, -1, 2, -1, -2, -1, 2, -1, -2, -2, 1, -2, 1, 2, 1, -2, 1, -2, -1, -1, -2, 1]"
289,dfs_bnb_mpi,12.579,-11,12,3474450,"[-1, -1, 2, -1, -2, -2, 1, -2, -2, 1, 2, 2, 1, -2, 1, 2, 1, 2, -1, 2, -1, 2, -1, -2]"
290,dfs_bnb_mpi,26.1334,-11,12,7784646,"[-1, -2, 1, 1, 2, 2, 1, -2, 1, -2, -1, -2, -1, -2, -1, -1, -1, -1, 2, 2, 1, -2, 1, 1]"
291,dfs_bnb_mpi,16.6852,-10,11,4767941,"[-1, -1, 2, 2, -1, 2, -1, -2, -2, 1, -2, -2, -2, -1, 2, 2, -1, 2, 2, -1, 2, 1, 2, 1]"
292,dfs_bnb_mpi,11.6861,-11,12,3440021,"[-1, -1, 2, 1, 1, 2, 1, -2, 1, 2, 1, -2, -2, 1, -2, -1, -1, 2, -1, -2, -1, -1, -1, -1]"
293,dfs_bnb_mpi,13.4782,-11,12,3655209,"[-1, -1, 2, -1, -2, -1, 2, -1, 2, 1, 2, 1, -2, 1, 1, 2, 1, 2, 1, -2, -2, -1, -2, -1]"
294,dfs_bnb_mpi,6.59391,-11,12,1642541,"[-1, -1, 2, 1, 2, 2, 1, -2, -2, 1, 2, 2, 2, 1, -2, 1, 2, 1, -2, -2, -1, -2, -1, 2]"
295,dfs_bnb_mpi,6.17996,-11,12,1750466,"[-1, -2, 1, 1, 2, 1, -2, -2, -1, -1, -2, 1, -2, 1, 2, 1, 2, 1, 2, 2, 2, -1, -2, -2]"
296,dfs_bnb_mpi,75.6451,-10,11,21501755,"[-1, -1, 2, 2, 1, -2, 1, 2, 2, 2, 2, 2, 1, -2, -2, -2, 1, -2, -1, -2, 1, -2, -1, -2]"
297,dfs_bnb_mpi,4.36577,-11,12,1030745,"[-1, -1, 2, 1, 1, 1, -2, -2, -1, -2, -1, 2, -1, -2, -2, 1, -2, -1, -1, -1, 2, 1, 2, 2]"
298,dfs_bnb_mpi,53.2263,-12,13,15233219,"[-1, -2, 1, 1, 2, 2, -1, 2, 1, 2, 1, 2, 2, 1, -2, -2, 1, -2, -1, -2, -2, -1, 2, 2]"
299,dfs_bnb_mpi,8.5167,-10,11,2145951,"[-1, -1, 2, 1, 2, -1, -1, -2, -2, -1, -2, 1, -2, 1, 2, 1, -2, 1, 2, 1, 2, 2, -1, 2]"
300,dfs_bnb_mpi,10.4488,-9,10,2973438,"[-1, -1, 2, 2, 2, 2, -1, 2, -1, 2, 1, 1, -2, 1, -2, -2, -2, -2, 1, 1, -2, -2, -1, -1]"
301,dfs_bnb_mpi,123.703,-11,12,32490331,"[-1, -1, 2, -1, 2, -1, -1, 2, 1, 1, 2, 1, -2, 1, 2, 1, -2, -2, 1, -2, -1, -1, 2, -1]"
302,dfs_bnb_mpi,15.4575,-12,13,3720674,"[-1, -2, -1, -1, -2, 1, 1, 1, 2, 1, 2, 1, 2, -1, 2, 2, -1, -1, -2, -1, -2, 1, 1, 2]"
303,dfs_bnb_mpi,10.8502,-11,12,2789709,"[-1, -1, 2, 2, 2, -1, -1, -1, -2, -2, 1, 2, 1, -2, -2, -1, -2, -1, 2, -1, 2, -1, 2, 1]"
304,dfs_bnb_mpi,128.547,-8,9,33437691,"[-1, -1, 2, 2, 2, 1, 2, -1, 2, 2, -1, -2, -2, -1, -2, -1, -2, -1, -2, 1, 1, 2, 1, 2]"
305,dfs_bnb_mpi,33.1937,-9,10,9639101,"[-1, -1, 2, 2, 1, -2, 1, 2, 2, -1, -1, 2, 1, 1, 2, 2, 1, -2, -2, 1, -2, -1, -2, 1]"
306,dfs_bnb_mpi,4.47552,-10,11,1299554,"[-1, -1, 2, 2, 2, -1, -2, -2, -1, 2, 2, 2, 2, -1, -2, -2, -2, -1, -2, 1, -2, 1, 1, -2]"
307,dfs_bnb_mpi,30.6941,-10,11,7304248,"[-1, -1, 2, 2, 2, 1, 1, -2, -1, -2, 1, 1, -2, 1, -2, -1, -1, -1, -1, -2, -2, 1, 2, 1]"
308,dfs_bnb_mpi,15.2392,-11,11,4062163,"[-1, -1, -1, 2, 1, 1, 2, 1, -2, 1, -2, 1, -2, -1, -1, -2, -1, -2, -2, -1, 2, 2, 2, 1]"
309,dfs_bnb_mpi,98.1809,-11,12,28377575,"[-1, -1, 2, 2, 2, 1, -2, 1, 1, 2, -1, 2, 1, 1, -2, -2, 1, -2, -1, -2, -1, 2, -1, -1]"
310,dfs_bnb_mpi,17.1503,-10,11,4816778,"[-1, -2, 1, 1, -2, -1, -1, -1, -1, -2, -1, -2, -1, -2, -2, 1, 2, 1, 2, 1, 2, 1, 1, 1]"
311,dfs_bnb_mpi,6.33615,-11,11,1610367,"[-1, -1, 2, 2, 2, -1, -2, -2, -2, -1, 2, 2, 2, 2, -1, -2, -2, -2, -1, 2, 2, -1, 2, 1]"
312,dfs_bnb_mpi,0.219096,-11,12,64099,"[-1, -2, 1, 1, -2, -1, -1, -2, 1, -2, 1, 2, 1, 2, 2, 2, -1, 2, 2, 2, -1, -2, -2, -1]"
313,dfs_bnb_mpi,10.1488,-10,11,2431743,"[-1, -2, 1, -2, -1, -1, -2, 1, -2, 1, 2, 1, 1, 2, -1, 2, 2, 2, 1, -2, -2, 1, 2, 2]"
314,dfs_bnb_mpi,97.3813,-10,10,27215430,"[-1, -1, 2, 1, 2, 1, 2, 1, 2, 2, -1, -2, -1, -2, -1, -2, -1, -2, -2, -2, -2, 1, 2, 1]"
315,dfs_bnb_mpi,19.3115,-12,13,5696727,"[-1, -2, 1, 1, 2, 2, -1, -1, 2, -1, 2, 1, 1, -2, 1, 1, -2, 1, -2, -1, -2, -2, -1, -1]"
316,dfs_bnb_mpi,40.0634,-10,11,9333078,"[-1, -1, -1, 2, -1, 2, -1, 2, 1, 2, 1, 2, 2, 1, -2, -2, -2, -1, -2, 1, -2, 1, 2, 2]"
317,dfs_bnb_mpi,189.835,-10,11,46512616,"[-1, -1, 2, 2, 1, 2, 1, -2, 1, 2, 2, 2, 2, 2, 1, -2, -2, -2, -2, -2, -2, -1, -1, -1]"
318,dfs_bnb_mpi,51.4168,-11,12,14042134,"[-1, -1, 2, 2, 1, -2, 1, 2, 1, 2, 2, 1, -2, 1, -2, 1, -2, -1, -2, -1, -1, 2, 1, 2]"
319,dfs_bnb_mpi,26.9563,-11,12,7450212,"[-1, -2, 1, 1, 2, 1, 1, 2, -1, 2, 1, 2, -1, 2, -1, -2, -1, -2, 1, -2, -1, -1, 2, 2]"
320,dfs_bnb_mpi,36.5485,-11,11,9985728,"[-1, -1, 2, 2, 1, 2, 1, -2, 1, 2, 2, 1, -2, 1, -2, -1, -2, 1, -2, -1, -1, 2, -1, -1]"
321,dfs_bnb_mpi,5.49309,-10,11,1384453,"[-1, -2, 1, -2, -1, -1, -1, -1, -1, 2, 1, 1, 1, 2, 2, 1, 2, -1, -1, -2, -2, -1, 2, 2]"
322,dfs_bnb_mpi,72.4682,-9,10,16100479,"[-1, -1, 2, 2, 2, -1, 2, -1, -1, 2, -1, -2, -2, -2, 1, 2, 1, -2, 1, -2, -1, -2, 1, -2]"
323,dfs_bnb_mpi,1.97072,-11,12,545249,"[-1, -2, 1, 1, 2, 2, 2, 1, -2, 1, 2, 2, -1, -1, 2, -1, -2, -1, -2, 1, -2, -1, -1, 2]"
324,dfs_bnb_mpi,121.471,-9,10,28301220,"[-1, -1, 2, 2, 1, 2, 2, 2, 1, 2, 2, 1, -2, -2, 1, -2, -1, -1, -2, 1, -2, -1, -2, -1]"
325,dfs_bnb_mpi,6.59081,-10,11,1509131,"[-1, -1, -1, 2, -1, 2, -1, -1, -2, 1, -2, 1, -2, 1, 1, 1, 1, -2, -1, -2, -1, 2, -1, -1]"
326,dfs_bnb_mpi,2.46478,-10,11,681627,"[-1, -2, 1, 1, 2, 2, -1, -1, 2, 1, 1, 2, 1, -2, -2, 1, 1, -2, -1, -1, -2, 1, 1, 1]"
327,dfs_bnb_mpi,67.4131,-11,12,18619494,"[-1, -1, 2, 1, 2, 2, -1, -2, -1, -2, -2, -1, -2, -1, 2, -1, -1, 2, 1, 2, 1, 1, -2, -1]"
328,dfs_bnb_mpi,2.90458,-12,13,759348,"[-1, -2, 1, 1, 2, 1, 1, 2, 1, 2, -1, 2, -1, -1, -2, 1, -2, -1, -1, -1, 2, 1, 2, 2]"
329,dfs_bnb_mpi,0.193662,-12,13,53280,"[-1, -2, -1, 2, -1, 2, 1, 2, 1, -2, 1, 1, -2, -2, -1, -2, -1, -2, -1, 2, -1, 2, -1, 2]"
330,dfs_bnb_mpi,524.91,-8,9,117837146,"[-1, -1, 2, 2, 1, -2, 1, 2, 2, -1, -1, 2, 2, 2, -1, -2, -1, -2, 1, -2, -2, -1, -2, 1]"
331,dfs_bnb_mpi,70.7414,-8,8,18631716,"[-1, -1, 2, 2, 2, 2, 2, 2, 1, -2, -2, -2, -2, -2, 1, 2, 2, 1, -2, 1, 1, -2, -1, -1]"
332,dfs_bnb_mpi,10.9062,-11,12,2555178,"[-1, -1, 2, 1, 2, -1, 2, -1, -1, 2, -1, -2, -2, -2, 1, 2, 1, -2, -2, -1, -2, 1, 1, 1]"
333,dfs_bnb_mpi,10.4259,-9,10,2338845,"[-1, -1, 2, 1, 1, 2, 2, 2, 1, -2, -2, -2, -2, -2, -2, -1, 2, -1, -1, -2, 1, -2, 1, 1]"
334,dfs_bnb_mpi,4.04642,-9,10,1054989,"[-1, -1, 2, 2, 2, -1, 2, -1, -2, -1, -2, 1, 1, -2, -1, -2, 1, -2, -1, -1, 2, 2, -1, 2]"
335,dfs_bnb_mpi,232.706,-10,11,52059656,"[-1, -2, -1, 2, 2, 1, 1, 2, 1, 1, 1, -2, -2, -2, -1, -2, -1, -1, 2, 1, 2, 2, 1, -2]"
336,dfs_bnb_mpi,11.5919,-10,11,3569643,"[-1, -2, 1, 1, -2, 1, -2, -1, -1, 2, -1, -1, -2, 1, -2, 1, 1, -2, -2, 1, 2, 2, 1, 2]"
337,dfs_bnb_mpi,134.928,-10,11,35666911,"[-1, -2, 1, 1, 2, 2, 1, 2, 1, 1, 2, 2, -1, -2, -1, 2, -1, -1, -2, 1, -2, -1, -2, -1]"
338,dfs_bnb_mpi,11.6408,-11,12,2813223,"[-1, -2, -1, -2, 1, -2, -1, -2, -1, -2, 1, 1, 2, 1, 2, 2, 2, 1, -2, 1, 1, -2, -1, -1]"
339,dfs_bnb_mpi,66.9442,-8,9,18970268,"[-1, -1, 2, 2, 2, 2, -1, -2, -2, -1, -2, 1, -2, -1, -2, -2, -1, -2, 1, 1, 2, 2, 1, 1]"
340,dfs_bnb_mpi,32.8322,-10,11,8167987,"[-1, -1, 2, 2, 2, 2, 1, 2, -1, -1, -2, -1, -1, -2, 1, -2, -1, -2, 1, -2, 1, 2, 2, 2]"
341,dfs_bnb_mpi,3.2557,-11,12,804517,"[-1, -1, 2, 2, -1, 2, -1, 2, 1, 1, -2, 1, -2, -2, 1, 1, 2, 1, 2, 2, -1, -2, -1, -2]"
342,dfs_bnb_mpi,56.529,-11,12,15378816,"[-1, -2, -1, -1, 2, -1, -1, 2, 1, 1, 2, 1, 2, -1, 2, 1, 1, -2, -2, 1, -2, -1, -1, -2]"
343,dfs_bnb_mpi,3.16705,-11,12,934377,"[-1, -1, 2, -1, 2, -1, -1, -2, 1, -2, -1, -1, 2, 2, 2, 1, 1, 2, 1, -2, 1, -2, 1, -2]"
344,dfs_bnb_mpi,23.6815,-10,11,6063030,"[-1, -1, 2, 1, 2, 1, 1, 2, 1, 2, 2, -1, -2, -1, -2, -1, -1, -2, -1, 2, -1, -2, -2, 1]"
345,dfs_bnb_mpi,0.801902,-11,11,224358,"[-1, -1, 2, 2, 1, -2, 1, 2, 2, -1, 2, -1, -2, -1, 2, -1, -2, -1, -2, 1, 1, -2, -1, -1]"
346,dfs_bnb_mpi,12.2801,-10,11,3203127,"[-1, -1, 2, 2, 1, -2, 1, 1, -2, 1, -2, -1, -1, -2, -1, 2, -1, -2, -1, 2, 2, -1, 2, 1]"
347,dfs_bnb_mpi,176.453,-10,11,45047744,"[-1, -1, 2, 2, 2, 2, 2, 1, 1, -2, 1, 2, 1, -2, -2, -1, -1, -1, -2, 1, 1, -2, -1, -1]"
348,dfs_bnb_mpi,43.3714,-9,10,12182521,"[-1, -1, 2, 1, 2, 2, 2, 1, -2, -2, -2, 1, 1, 1, 2, 2, -1, -2, -1, 2, 2, 2, -1, 2]"
349,dfs_bnb_mpi,16.3224,-10,11,3557990,"[-1, -1, 2, 2, 2, -1, -2, -2, -2, -1, -2, 1, 1, -2, -1, -1, -2, 1, 1, 1, 2, 2, 1, 1]"
350,dfs_bnb_mpi,2.34346,-11,12,590043,"[-1, -1, -1, -1, 2, 2, 2, 2, 1, -2, 1, -2, -1, -2, 1, 1, 2, 1, 2, -1, 2, 2, -1, -2]"
351,dfs_bnb_mpi,2.53002,-10,10,622814,"[-1, -1, 2, 1, 1, 2, -1, 2, 2, -1, -2, -2, -1, -2, -2, -1, -1, 2, 1, 2, 2, 1, 2, 2]"
352,dfs_bnb_mpi,225.675,-10,11,54494798,"[-1, -1, 2, 2, 2, 1, 1, 2, -1, 2, 1, 1, -2, 1, 1, -2, -1, -1, -2, -2, -1, 2, -1, -2]"
353,dfs_bnb_mpi,3.30764,-11,12,963068,"[-1, -2, -2, 1, 2, 1, 1, -2, -1, -2, -1, -1, -1, 2, 2, 2, 2, 2, 1, -2, 1, 1, -2, 1]"
354,dfs_bnb_mpi,191.574,-11,12,49999930,"[-1, -1, 2, 2, -1, -1, -2, -1, -2, 1, -2, -1, -2, 1, -2, 1, 2, 1, 1, 2, -1, -1, 2, 2]"
355,dfs_bnb_mpi,82.2572,-10,11,18780969,"[-1, -1, 2, 1, 1, 1, 2, 2, 1, 2, 2, 2, -1, -2, -2, -1, -2, -1, 2, -1, -2, -2, 1, 1]"
356,dfs_bnb_mpi,9.4269,-11,12,2130525,"[-1, -1, 2, 2, -1, 2, -1, 2, 1, 2, 1, 2, 1, -2, -2, -1, -2, 1, 1, -2, -1, -2, 1, 1]"
357,dfs_bnb_mpi,0.675057,-12,13,183926,"[-1, -2, -1, -2, -2, -1, 2, 2, -1, 2, 2, 1, -2, 1, 2, 1, 1, 1, -2, -2, -1, -2, -1, -2]"
358,dfs_bnb_mpi,6.41442,-10,11,1636497,"[-1, -1, 2, 1, 2, 2, 1, -2, 1, -2, -2, 1, -2, -1, -1, -2, -1, 2, -1, -1, 2, 2, 2, 1]"
359,dfs_bnb_mpi,3.82309,-12,13,857141,"[-1, -2, -1, -2, -1, -2, 1, -2, 1, 1, -2, 1, 2, 2, -1, -1, 2, 1, 2, 1, -2, 1, 2, 2]"
360,dfs_bnb_mpi,1.80779,-12,13,494077,"[-1, -1, 2, 1, 2, 1, -2, 1, 2, 1, -2, -2, -1, -2, 1, -2, -1, -1, 2, -1, -1, -2, 1, -2]"
361,dfs_bnb_mpi,2.10985,-11,11,552764,"[-1, -2, 1, 1, 2, 2, 1, 1, 2, 2, 1, 1, -2, -1, -2, -2, -1, -1, -2, -2, 1, 2, 1, 1]"
362,dfs_bnb_mpi,0.875936,-12,13,228601,"[-1, -2, -1, 2, -1, 2, 1, 1, 2, -1, -1, 2, 2, 1, -2, 1, 2, 1, -2, 1, -2, -1, -2, 1]"
363,dfs_bnb_mpi,15.1127,-10,11,3632891,"[-1, -1, 2, 2, -1, 2, -1, -2, -1, 2, -1, -1, -2, 1, -2, 1, 1, 1, -2, -1, -2, -1, 2, -1]"
364,dfs_bnb_mpi,28.2546,-11,12,6516333,"[-1, -1, 2, 1, 1, 2, 1, -2, 1, -2, -1, -2, 1, -2, -2, -1, 2, -1, 2, -1, -2, -2, 1, -2]"
365,dfs_bnb_mpi,41.189,-12,13,10975899,"[-1, -1, 2, -1, 2, 1, 2, 2, 2, 1, -2, -2, -2, 1, 2, 1, -2, 1, -2, -2, -1, 2, -1, -1]"
366,dfs_bnb_mpi,50.3318,-11,12,14389313,"[-1, -2, 1, 1, 2, 2, -1, 2, -1, 2, 2, -1, -2, -2, -1, -1, -2, 1, -2, -2, 1, 2, 2, 1]"
367,dfs_bnb_mpi,5.92568,-11,12,1617735,"[-1, -1, 2, 1, 2, -1, 2, 1, 2, 1, -2, -2, -2, 1, -2, -2, -1, -2, -1, 2, -1, -1, 2, 2]"
368,dfs_bnb_mpi,25.5333,-11,12,5794940,"[-1, -2, -1, -2, -1, 2, -1, -1, 2, 1, 2, -1, 2, 1, 1, -2, -2, 1, 2, 2, 2, 1, -2, -2]"
369,dfs_bnb_mpi,1.74907,-10,11,450103,"[-1, -1, 2, 2, 2, 2, 1, -2, 1, 1, -2, -1, -1, -2, 1, 1, -2, 1, 2, 2, 2, 2, 2, 2]"
370,dfs_bnb_mpi,114.473,-10,11,30254371,"[-1, -1, 2, 2, -1, -2, -2, -2, -1, 2, -1, 2, 1, 2, 2, 1, 1, 2, 1, -2, 1, -2, -1, -2]"
371,dfs_bnb_mpi,10.268,-10,10,2499934,"[-1, -1, 2, 2, 2, 1, -2, -2, 1, 1, 1, -2, -1, -2, -1, -1, -1, -1, -2, 1, 1, -2, 1, 2]"
372,dfs_bnb_mpi,0.595438,-11,12,175275,"[-1, -1, 2, 2, -1, -2, -2, -2, 1, -2, 1, 2, 1, 1, 1, 2, -1, 2, -1, -1, 2, 1, 2, 2]"
373,dfs_bnb_mpi,1.02737,-11,11,263821,"[-1, -1, 2, 1, 2, -1, -1, 2, 1, 1, 2, 1, -2, -2, -2, 1, 2, 2, 2, 2, -1, -1, -1, -2]"
374,dfs_bnb_mpi,22.7268,-12,13,6705833,"[-1, -1, 2, 1, 2, 1, -2, 1, -2, 1, -2, -2, -2, -1, -2, -1, 2, -1, 2, 2, 1, 1, -2, -1]"
375,dfs_bnb_mpi,14.3481,-11,12,4082479,"[-1, -1, 2, 2, 2, 1, -2, -2, 1, 1, -2, 1, 2, 1, 2, -1, 2, -1, -2, -1, 2, 2, 1, 2]"
376,dfs_bnb_mpi,2.90315,-11,12,831210,"[-1, -2, 1, 1, 2, 1, -2, 1, -2, -2, -1, 2, -1, -1, -2, 1, -2, -1, -1, 2, 2, -1, 2, 2]"
377,dfs_bnb_mpi,94.8125,-8,9,23678601,"[-1, -1, 2, 2, 2, 2, 1, 1, 1, -2, -2, -1, -1, -2, 1, 1, 1, -2, -1, -2, -1, -1, -1, -1]"
378,dfs_bnb_mpi,271.013,-9,10,63358139,"[-1, -1, 2, 2, 2, 2, 1, -2, -2, -2, 1, 2, 1, -2, 1, 1, -2, -1, -1, -2, -1, -1, -2, 1]"
379,dfs_bnb_mpi,2.33849,-11,12,640958,"[-1, -1, 2, 1, 2, 1, -2, 1, 2, 1, -2, -2, -1, -2, -1, -2, -1, 2, -1, -1, -1, -2, 1, 1]"
380,dfs_bnb_mpi,15.804,-11,12,4393055,"[-1, -1, 2, 2, -1, -1, 2, -1, -2, -2, 1, 1, -2, -1, -2, -2, 1, -2, 1, 1, 2, -1, 2, -1]"
381,dfs_bnb_mpi,1.58906,-10,11,435957,"[-1, -2, 1, 1, 1, 1, 2, -1, -1, 2, -1, 2, -1, -2, -1, -2, -2, -2, 1, 1, -2, 1, 2, 1]"
382,dfs_bnb_mpi,122.568,-10,11,36010428,"[-1, -1, 2, 1, 2, -1, -1, 2, 2, -1, -2, -1, -2, -1, -2, 1, -2, -2, 1, 2, 1, 2, -1, 2]"
383,dfs_bnb_mpi,26.3076,-12,13,6566806,"[-1, -2, -1, 2, -1, -1, 2, 2, 1, 2, 2, 1, -2, -2, 1, 2, 1, 1, -2, -1, -2, -1, -1, -1]"
384,dfs_bnb_mpi,201.379,-11,12,55934882,"[-1, -1, 2, 1, 2, -1, -1, 2, 1, 2, 1, 2, 1, -2, 1, -2, -2, 1, -2, -1, -1, 2, 2, -1]"
385,dfs_bnb_mpi,22.2148,-12,13,6403241,"[-1, -1, 2, -1, 2, -1, 2, 2, 2, 1, -2, -2, 1, 2, 1, -2, 1, -2, 1, -2, -1, -1, 2, -1]"
386,dfs_bnb_mpi,12.6749,-10,11,3152508,"[-1, -1, 2, 1, 1, 1, 2, 1, -2, -2, -1, -2, -1, -2, -1, 2, -1, -1, -1, -2, 1, 1, -2, 1]"
387,dfs_bnb_mpi,206.551,-10,11,48496743,"[-1, -1, 2, 2, 2, 2, -1, -1, -1, -1, -2, 1, 1, 1, -2, -2, -2, -1, 2, -1, -1, 2, 1, 1]"
388,dfs_bnb_mpi,384.641,-11,12,94142691,"[-1, -2, 1, 1, -2, 1, -2, -2, 1, -2, -1, -1, 2, -1, -2, -1, -1, 2, 1, 2, 2, 1, -2, 1]"
389,dfs_bnb_mpi,10.3485,-11,12,2428456,"[-1, -1, 2, -1, 2, -1, 2, -1, -2, -2, 1, -2, 1, -2, 1, 1, -2, -1, -2, 1, 1, 2, 2, 1]"
390,dfs_bnb_mpi,13.2424,-11,12,3826317,"[-1, -1, 2, 1, 1, 1, 2, -1, -1, 2, -1, 2, -1, -2, -1, -2, -2, -1, -2, 1, 1, 2, 2, 1]"
391,dfs_bnb_mpi,78.4425,-10,11,18043578,"[-1, -1, 2, 2, 2, 1, 2, 2, -1, -2, -1, -2, -2, -1, -1, -2, 1, 1, -2, -2, -1, -1, 2, 1]"
392,dfs_bnb_mpi,35.9647,-11,12,9371178,"[-1, -1, 2, -1, 2, 2, 1, -2, 1, 2, 2, 1, 2, 2, 1, -2, -2, -2, -1, -2, 1, -2, -1, -1]"
393,dfs_bnb_mpi,73.3591,-11,12,21995558,"[-1, -1, 2, -1, 2, 1, 2, 1, 1, -2, -1, -2, 1, 1, 1, -2, -1, -2, -1, -2, -1, 2, -1, -2]"
394,dfs_bnb_mpi,2.2298,-11,12,518430,"[-1, -2, -1, -2, -1, 2, -1, 2, -1, 2, 2, 1, -2, 1, -2, 1, 2, 2, 1, -2, 1, 2, 2, 2]"
395,dfs_bnb_mpi,72.9506,-11,12,18683714,"[-1, -1, 2, 2, -1, 2, -1, -2, -1, 2, -1, -2, -1, -2, 1, -2, -2, 1, 2, 2, 1, 1, -2, -1]"
396,dfs_bnb_mpi,18.0632,-10,11,5279136,"[-1, -1, 2, 2, -1, -2, -1, 2, 2, 1, 2, 1, -2, 1, 2, 1, -2, 1, -2, -2, -1, 2, -1, -2]"
397,dfs_bnb_mpi,10.5896,-10,11,2949386,"[-1, -1, 2, 2, 2, 1, -2, -2, 1, 1, 2, -1, 2, 1, 2, -1, 2, 2, -1, -1, -2, -2, 1, 2]"
398,dfs_bnb_mpi,2.47337,-10,11,576264,"[-1, -1, 2, 2, -1, 2, 1, 1, 1, -2, -1, -2, 1, 1, 2, 2, 1, -2, -2, 1, -2, -1, -1, -2]"
399,dfs_bnb_mpi,57.0318,-11,12,14015852,"[-1, -1, 2, 1, 1, 2, 1, -2, 1, -2, -1, -2, 1, -2, -1, -2, -1, -1, 2, -1, 2, 1, 1, -2]"
400,dfs_bnb_mpi,5.01706,-10,11,1409790,"[-1, -1, 2, 2, 2, 2, -1, 2, -1, 2, -1, -1, -2, 1, -2, 1, -2, 1, -2, -1, -2, 1, -2, -1]"
401,dfs_bnb_mpi,0.266071,-11,12,74386,"[-1, -1, 2, 1, 1, 1, -2, -2, -1, -1, -2, 1, 1, -2, -1, -2, -1, 2, -1, 2, 2, -1, 2, 2]"
402,dfs_bnb_mpi,12.4374,-10,11,3624718,"[-1, -1, 2, 1, 1, 1, 2, -1, -1, -1, -1, -2, -2, -1, -1, 2, 1, 2, 2, 1, 1, 2, 1, -2]"
403,dfs_bnb_mpi,10.2727,-11,12,2780246,"[-1, -2, -1, -2, 1, -2, 1, 2, 2, 1, 2, 1, 2, 2, 1, 2, -1, -1, -2, -1, -1, -2, 1, 1]"
404,dfs_bnb_mpi,8.36322,-10,10,2167996,"[-1, -1, 2, 2, 1, -2, 1, 2, 1, 2, 1, 2, -1, -1, -2, -1, -1, 2, 1, 2, 2, 1, -2, 1]"
405,dfs_bnb_mpi,94.2459,-10,11,26387076,"[-1, -1, 2, 2, 2, 1, 2, 1, 2, -1, 2, -1, -2, -1, 2, -1, -2, -1, -2, 1, -2, 1, 2, 1]"
406,dfs_bnb_mpi,27.6213,-11,12,8066719,"[-1, -1, 2, 1, 2, 2, 2, 1, -2, 1, 2, 1, 1, 2, 1, -2, -2, -1, -1, -2, -1, -2, -1, 2]"
407,dfs_bnb_mpi,15.75,-10,11,4778445,"[-1, -1, -1, 2, 2, 2, 2, 2, 1, -2, -2, -2, -2, 1, 2, 1, 2, 2, 2, 2, -1, -2, -2, -2]"
408,dfs_bnb_mpi,0.055564,-10,11,16491,"[-1, -1, 2, 1, 1, 1, 2, -1, -1, 2, -1, -2, -1, -2, -2, -2, 1, 1, 1, 1, 2, 1, 2, 2]"
409,dfs_bnb_mpi,19.4694,-10,11,5634495,"[-1, -1, 2, 1, 2, -1, -1, 2, 2, -1, -2, -1, -1, -2, 1, 1, -2, 1, -2, -2, -2, 1, 2, 1]"
410,dfs_bnb_mpi,14.6611,-10,10,4352399,"[-1, -1, 2, 1, 2, 2, -1, -2, -1, 2, 2, 2, -1, -2, -2, -1, 2, -1, -2, -2, 1, 1, -2, 1]"
411,dfs_bnb_mpi,226.133,-11,12,62993933,"[-1, -1, -1, 2, 1, 2, 1, 2, 1, 2, 1, -2, 1, -2, 1, -2, -1, -2, -1, 2, 2, -1, -2, -1]"
412,dfs_bnb_mpi,26.4209,-9,10,6171807,"[-1, -1, 2, 2, 2, -1, -2, -2, -1, 2, -1, -2, -1, -2, -2, 1, 2, 1, 1, -2, -1, -2, 1, 1]"
413,dfs_bnb_mpi,10.291,-11,12,2394048,"[-1, -1, 2, 2, 1, 2, 2, 1, 2, 1, -2, 1, -2, -2, -1, 2, -1, -2, -2, 1, 1, -2, -1, -2]"
414,dfs_bnb_mpi,13.138,-11,12,3625203,"[-1, -1, 2, 2, 1, -2, 1, 2, 1, -2, -2, 1, -2, -2, -1, -1, -2, -1, 2, -1, 2, 1, 1, 1]"
415,dfs_bnb_mpi,16.2638,-11,12,4218121,"[-1, -2, -1, -2, 1, -2, -1, -2, 1, 1, 2, 1, -2, -2, 1, 2, 2, 2, -1, -1, 2, 1, 2, 2]"
416,dfs_bnb_mpi,25.6999,-10,11,7201552,"[-1, -1, 2, 2, 1, -2, 1, 2, 2, 1, 2, -1, -1, -2, -1, -1, 2, 1, 2, 1, 2, 1, -2, 1]"
417,dfs_bnb_mpi,5.1681,-10,11,1408247,"[-1, -1, -1, 2, 1, 2, -1, 2, -1, -2, -2, -1, -2, 1, -2, -1, -2, 1, -2, 1, 2, 2, 1, 1]"
418,dfs_bnb_mpi,2.37574,-10,11,612724,"[-1, -1, 2, 2, 1, -2, 1, 2, 2, 1, 1, -2, -1, -2, 1, -2, -1, -2, 1, 1, 2, 1, 2, -1]"
419,dfs_bnb_mpi,47.3606,-10,11,12054678,"[-1, -1, -1, 2, 2, 2, 2, 2, 1, -2, 1, -2, -1, -2, -2, 1, 2, 1, 2, 1, 2, -1, 2, -1]"
420,dfs_bnb_mpi,21.469,-10,11,6355186,"[-1, -2, -1, 2, 2, 1, 2, 2, -1, -2, -1, -2, -2, -1, -1, -1, 2, 1, 1, 2, 2, 1, 2, 2]"
421,dfs_bnb_mpi,34.2261,-10,11,9815192,"[-1, -1, 2, 1, 1, 2, -1, 2, 1, 1, -2, -2, -2, -2, 1, 2, 2, 1, 2, 1, 2, -1, -1, -2]"
422,dfs_bnb_mpi,43.8868,-11,12,12875344,"[-1, -1, 2, 1, 2, 2, -1, 2, 2, 2, 1, -2, -2, 1, -2, 1, -2, 1, -2, -2, -1, 2, -1, 2]"
423,dfs_bnb_mpi,14.2679,-10,11,4212433,"[-1, -1, 2, 2, 1, -2, 1, 2, 2, -1, -1, 2, 1, 2, -1, -1, -2, -1, -2, 1, -2, -2, -1, 2]"
424,dfs_bnb_mpi,2.33523,-10,11,606478,"[-1, -2, 1, 1, 2, 2, 2, 1, -2, 1, 2, 1, 2, -1, 2, -1, -2, -1, 2, -1, -2, -2, -2, -1]"
425,dfs_bnb_mpi,14.3661,-12,13,4175413,"[-1, -2, 1, -2, 1, 2, 2, 1, -2, 1, 1, -2, -1, -2, -2, -1, -2, -1, 2, -1, 2, 1, 1, 2]"
426,dfs_bnb_mpi,2.82357,-10,11,819613,"[-1, -2, -1, -2, -1, 2, 2, 1, 2, 1, 2, 1, -2, 1, -2, -2, -1, -2, -1, -2, 1, 1, 2, 1]"
427,dfs_bnb_mpi,14.3494,-10,10,4178983,"[-1, -1, 2, 1, 2, 2, 1, 1, 1, 1, -2, -1, -1, -1, -2, 1, -2, -2, 1, 2, 2, 1, 1, 2]"
428,dfs_bnb_mpi,15.5626,-11,12,4110782,"[-1, -1, 2, -1, -2, -1, 2, 2, 2, -1, 2, -1, -2, -2, 1, -2, -2, -1, 2, -1, 2, 2, -1, -2]"
429,dfs_bnb_mpi,8.29974,-11,12,2174197,"[-1, -1, 2, 2, 2, 1, 2, -1, 2, -1, -1, -2, 1, -2, -1, -2, 1, -2, -1, -1, -2, 1, 1, -2]"
430,dfs_bnb_mpi,24.7895,-12,13,6524506,"[-1, -1, 2, 1, 2, 2, 1, 1, -2, -1, -2, 1, 1, -2, -1, -2, -1, -1, -1, -2, 1, -2, 1, 2]"
431,dfs_bnb_mpi,4.77004,-11,12,1292796,"[-1, -1, 2, -1, 2, 1, 2, 1, -2, -2, 1, 2, 1, 2, -1, 2, 1, 2, 1, 1, -2, -2, -1, 2]"
432,dfs_bnb_mpi,159.097,-12,13,45028908,"[-1, -2, 1, 1, -2, 1, -2, -1, -2, -2, -1, 2, -1, -1, 2, -1, 2, 2, 1, -2, 1, 1, -2, -1]"
433,dfs_bnb_mpi,77.5124,-10,11,18288753,"[-1, -1, 2, 2, 1, -2, 1, 1, -2, 1, -2, 1, -2, -1, -2, -1, 2, 2, -1, -1, -1, -2, 1, 1]"
434,dfs_bnb_mpi,54.6751,-11,12,14956076,"[-1, -1, 2, 1, 1, 1, 2, 1, 2, 1, -2, -2, -1, -2, -1, -2, -1, -2, -1, 2, -1, -1, -2, 1]"
435,dfs_bnb_mpi,7.53304,-10,10,2236117,"[-1, -1, 2, 2, 1, -2, 1, 2, 1, -2, -2, 1, 2, 2, 1, -2, -2, -2, -1, -1, -1, -2, -1, 2]"
436,dfs_bnb_mpi,15.7468,-10,11,4027760,"[-1, -1, 2, 2, 2, 1, -2, -2, 1, 1, -2, -2, -1, -1, -1, -2, -1, 2, 2, -1, 2, 2, 1, -2]"
437,dfs_bnb_mpi,78.5106,-10,11,23301096,"[-1, -1, 2, 2, 1, -2, 1, 1, -2, 1, -2, 1, -2, -1, -1, -2, -2, -1, 2, 2, -1, 2, 1, 1]"
438,dfs_bnb_mpi,0.553905,-10,11,162469,"[-1, -1, 2, 2, 1, -2, 1, 2, 2, 2, 1, -2, -2, -2, -2, 1, -2, -1, -2, -1, 2, -1, -1, -1]"
439,dfs_bnb_mpi,40.9384,-11,12,10670074,"[-1, -1, -1, 2, 1, 2, 1, 2, 2, 1, 2, 1, 2, 1, -2, 1, -2, -1, -1, -2, -1, -2, -2, -1]"
440,dfs_bnb_mpi,0.917093,-12,13,229283,"[-1, -2, 1, 1, 2, 2, 1, -2, -2, 1, -2, -1, -1, -1, -2, -1, -2, 1, -2, 1, 2, 1, 2, -1]"
441,dfs_bnb_mpi,111.179,-9,10,25820878,"[-1, -1, 2, 2, 1, -2, 1, 1, 2, -1, 2, 2, 2, -1, -1, -2, 1, -2, -1, -1, -2, -1, -2, 1]"
442,dfs_bnb_mpi,78.8084,-11,12,22188109,"[-1, -1, 2, -1, -1, 2, 2, 2, 1, 2, 1, -2, -2, 1, 1, -2, 1, -2, -1, -1, 2, -1, -1, 2]"
443,dfs_bnb_mpi,8.79857,-10,10,2192414,"[-1, -1, 2, 2, 2, -1, -1, 2, -1, -2, -1, -2, 1, 1, 1, -2, -2, -1, 2, -1, -2, -1, 2, -1]"
444,dfs_bnb_mpi,1.43326,-11,12,368519,"[-1, -2, -1, -1, -1, 2, 2, 1, -2, 1, 2, 2, -1, 2, -1, 2, 1, 1, -2, 1, -2, -2, 1, 2]"
445,dfs_bnb_mpi,33.0702,-8,8,9475851,"[-1, -1, 2, 1, 2, 2, 1, -2, -2, 1, 2, 2, 2, -1, -1, 2, -1, -2, -1, -2, 1, -2, -1, -1]"
446,dfs_bnb_mpi,103.51,-9,10,29294680,"[-1, -1, 2, 2, 2, 1, -2, 1, 2, 2, -1, -1, 2, -1, -2, -1, 2, -1, -2, -2, 1, -2, 1, 2]"
447,dfs_bnb_mpi,64.1971,-11,12,18596465,"[-1, -1, 2, 2, 2, -1, -2, -2, -2, -1, 2, 2, 2, 2, -1, 2, -1, -2, -2, -2, -2, 1, 2, 2]"
448,dfs_bnb_mpi,1241.88,-8,9,290199207,"[-1, -1, 2, 2, 2, 1, -2, -2, 1, 1, 1, -2, -1, -2, 1, -2, 1, -2, -1, -1, 2, -1, 2, -1]"
449,dfs_bnb_mpi,38.9378,-11,12,9973107,"[-1, -2, 1, -2, 1, 2, 2, 2, -1, 2, 1, 2, 1, 1, 2, 1, -2, -2, -2, -1, 2, -1, -2, -2]"
450,dfs_bnb_mpi,40.391,-11,12,11187091,"[-1, -1, 2, -1, -1, -2, 1, -2, -1, -1, -1, -2, 1, 1, -2, -1, -2, 1, 1, 2, 2, 1, 2, 1]"
451,dfs_bnb_mpi,0.227735,-11,12,52419,"[-1, -1, 2, 1, 2, 2, -1, -2, -1, -2, -1, -2, 1, -2, -1, -1, 2, -1, 2, 1, 2, 1, 2, 2]"
452,dfs_bnb_mpi,11.8167,-11,11,3023039,"[-1, -1, 2, 1, 2, -1, 2, 2, -1, -2, -2, -1, -2, 1, -2, -1, -2, -2, 1, 2, 1, -2, 1, 2]"
453,dfs_bnb_mpi,3.34055,-10,11,914154,"[-1, -1, 2, -1, -2, -1, -1, -1, -2, 1, 1, -2, -1, -1, -2, 1, 1, 1, 2, 2, 1, 1, 1, 1]"
454,dfs_bnb_mpi,3.91076,-11,12,986447,"[-1, -1, 2, 1, 2, 1, -2, 1, 2, 2, 1, -2, -2, 1, -2, 1, -2, -2, -1, 2, -1, 2, -1, -2]"
455,dfs_bnb_mpi,21.9902,-9,10,6037118,"[-1, -1, 2, 2, 1, 2, 1, 1, -2, -1, -2, 1, 1, 1, -2, -1, -1, -2, 1, -2, -1, -1, 2, -1]"
456,dfs_bnb_mpi,164.939,-10,11,43092124,"[-1, -1, 2, 2, -1, -2, -1, -2, 1, -2, 1, 1, 1, -2, -1, -1, -1, -2, -1, 2, 2, -1, -2, -2]"
457,dfs_bnb_mpi,5.19922,-11,12,1512310,"[-1, -2, -2, -1, 2, -1, -2, -2, 1, 1, -2, -2, 1, 2, 2, 1, 2, -1, 2, 1, 2, 2, -1, 2]"
458,dfs_bnb_mpi,21.0171,-10,11,5065604,"[-1, -2, 1, 1, -2, -1, -1, -2, 1, 1, -2, -2, 1, 2, 1, 2, -1, 2, 1, 2, -1, 2, -1, 2]"
459,dfs_bnb_mpi,466.034,-10,11,111648582,"[-1, -1, 2, -1, -2, -2, -1, -1, -2, -2, 1, 1, 1, 1, 1, 1, 2, -1, -1, 2, -1, -2, -1, -1]"
460,dfs_bnb_mpi,3.64427,-11,12,1055719,"[-1, -1, 2, 1, 2, -1, 2, -1, 2, 1, 1, -2, 1, 2, 1, -2, 1, -2, -1, -1, -2, 1, 1, 1]"
461,dfs_bnb_mpi,49.0262,-10,11,12795231,"[-1, -1, 2, 1, 2, 1, -2, 1, 1, -2, -2, 1, -2, -1, -2, -1, 2, -1, -1, -1, 2, 1, 1, 1]"
462,dfs_bnb_mpi,385.024,-11,12,93489086,"[-1, -2, 1, 1, -2, 1, 1, -2, -1, -1, -2, -1, -1, -1, 2, -1, 2, 2, 1, -2, 1, 1, -2, -1]"
463,dfs_bnb_mpi,56.2276,-11,11,16372674,"[-1, -2, -1, -2, 1, -2, 1, 2, 2, 1, 1, -2, -1, -2, 1, 1, 1, -2, -1, -1, -1, -1, -2, 1]"
464,dfs_bnb_mpi,8.7294,-12,13,2260208,"[-1, -2, 1, 1, 2, 2, 1, -2, -2, -2, 1, -2, -1, -2, -1, 2, 2, -1, -1, -1, -2, 1, 1, -2]"
465,dfs_bnb_mpi,6.36288,-10,11,1511050,"[-1, -1, 2, -1, 2, -1, -2, -2, 1, -2, 1, 1, -2, -2, -1, 2, -1, -2, -1, 2, 2, -1, 2, 2]"
466,dfs_bnb_mpi,10.656,-11,12,2642160,"[-1, -1, 2, 2, -1, -1, 2, -1, -2, -1, -2, 1, 1, -2, -1, -1, -2, 1, -2, 1, 2, 1, 2, 2]"
467,dfs_bnb_mpi,505.941,-10,11,116588607,"[-1, -1, -1, 2, 1, 2, 2, 2, 1, -2, 1, 2, 2, 1, -2, -2, 1, -2, -1, -1, -1, -2, 1, 1]"
468,dfs_bnb_mpi,1204.1,-8,9,265995295,"[-1, -1, 2, 2, 2, 2, 2, 2, 1, -2, 1, 1, -2, -2, -1, -2, 1, -2, -1, -1, 2, 2, 2, 1]"
469,dfs_bnb_mpi,18.3843,-11,10,5295607,"[-1, -1, 2, 2, 2, 2, 1, 2, 1, -2, -2, 1, 2, 2, 1, -2, -2, -2, -1, -1, -2, -1, 2, 2]"
470,dfs_bnb_mpi,2.87161,-11,12,679427,"[-1, -1, 2, 2, 2, 1, 2, 1, -2, -2, -1, -2, 1, 1, 2, 2, 2, 1, -2, 1, -2, -2, -1, 2]"
471,dfs_bnb_mpi,28.2867,-10,11,7902435,"[-1, -1, 2, 2, 1, -2, 1, 2, 1, 2, -1, 2, 2, 2, -1, -1, -2, 1, -2, -2, -1, -1, -2, -1]"
472,dfs_bnb_mpi,4.15315,-11,12,1172367,"[-1, -2, 1, 1, 2, 1, 2, 2, -1, -2, -1, 2, -1, -2, -1, -2, -1, -2, 1, -2, 1, 1, 1, 1]"
473,dfs_bnb_mpi,0.392996,-11,12,111309,"[-1, -1, 2, 1, 2, 1, 2, 2, -1, -2, -1, -2, -1, -2, -1, -2, 1, -2, 1, -2, 1, 2, 1, 1]"
474,dfs_bnb_mpi,72.4993,-10,11,16801003,"[-1, -1, 2, 2, 2, -1, -2, -1, 2, 2, -1, -2, -2, -1, -2, 1, 1, 1, -2, -2, -1, -1, 2, 1]"
475,dfs_bnb_mpi,37.5458,-11,12,8823089,"[-1, -1, 2, 1, 2, 1, -2, 1, 2, 1, 2, 1, 2, 2, -1, -2, -1, -2, -1, 2, -1, -2, -1, -2]"
476,dfs_bnb_mpi,103.691,-10,11,28018906,"[-1, -1, 2, 1, 1, 2, 2, 2, 1, -2, -2, -2, -2, -2, 1, -2, 1, 2, 2, -1, 2, 2, 1, -2]"
477,dfs_bnb_mpi,17.193,-10,11,4455357,"[-1, -1, 2, -1, 2, 1, 2, -1, 2, -1, -1, 2, 2, 1, -2, 1, 1, -2, 1, -2, 1, -2, -1, -2]"
478,dfs_bnb_mpi,227.848,-9,9,59082135,"[-1, -1, 2, 1, 2, -1, 2, 1, 1, 2, 2, 1, -2, -2, -2, -1, -2, 1, 1, 2, 2, 2, 1, -2]"
479,dfs_bnb_mpi,29.8584,-10,11,7088694,"[-1, -1, 2, 1, 1, 2, -1, 2, 2, 1, 1, -2, -2, 1, -2, -1, -2, -2, -1, -1, -1, -2, 1, 1]"
480,dfs_bnb_mpi,1.00722,-8,9,249073,"[-1, -1, 2, 2, 1, -2, 1, 2, 1, -2, 1, -2, -1, -2, -1, -1, -2, -1, 2, -1, 2, 2, 2, 2]"
481,dfs_bnb_mpi,3.83478,-11,11,866761,"[-1, -1, 2, 1, 2, -1, 2, 2, 2, 1, 1, -2, -1, -2, 1, -2, -2, 1, 2, 2, 1, 2, -1, 2]"
482,dfs_bnb_mpi,86.8899,-11,12,23709977,"[-1, -1, 2, 1, 2, -1, 2, -1, 2, 2, -1, -2, -2, -1, -1, -2, 1, -2, 1, -2, 1, 2, 2, -1]"
483,dfs_bnb_mpi,27.813,-11,11,7777763,"[-1, -1, 2, 1, 1, 2, -1, 2, -1, -2, -1, 2, -1, -2, -1, 2, -1, -2, -2, 1, 1, 1, -2, -1]"
484,dfs_bnb_mpi,7.91906,-10,11,1933503,"[-1, -2, 1, 1, 2, 2, 1, -2, 1, 2, 1, -2, -2, -2, -1, 2, -1, -2, -2, -1, 2, -1, -1, -1]"
485,dfs_bnb_mpi,8.15477,-11,12,2201083,"[-1, -2, 1, 1, -2, 1, 1, 2, -1, 2, -1, 2, -1, 2, -1, -2, -1, 2, -1, -2, -1, -2, 1, 1]"
486,dfs_bnb_mpi,257.398,-9,10,66469232,"[-1, -1, 2, 2, 1, 2, -1, 2, 1, 2, 1, -2, 1, 2, 1, -2, -2, -1, -1, -2, 1, -2, -1, -1]"
487,dfs_bnb_mpi,2.12912,-10,11,512713,"[-1, -1, 2, 2, 2, 1, -2, -2, 1, 1, -2, -2, -1, -1, -1, -1, 2, -1, -1, 2, 1, 1, 2, 2]"
488,dfs_bnb_mpi,5.42232,-10,11,1636775,"[-1, -1, 2, 1, 2, 1, -2, 1, 2, 2, 1, -2, -2, -2, -1, -2, -1, -1, -1, -1, 2, 2, 2, 1]"
489,dfs_bnb_mpi,32.9714,-11,12,8646584,"[-1, -1, 2, 2, -1, 2, -1, -2, -1, -1, -2, -1, -2, -2, 1, 2, 1, 2, 1, 1, -2, -2, -1, 2]"
490,dfs_bnb_mpi,27.9598,-10,11,6301292,"[-1, -1, 2, 2, 2, 2, 2, 1, -2, 1, -2, -1, -2, -2, 1, 2, 1, 2, 1, -2, 1, -2, -1, -1]"
491,dfs_bnb_mpi,22.2542,-10,11,6265338,"[-1, -2, 1, -2, -1, -1, 2, 2, 2, -1, -2, -2, -1, 2, 2, -1, 2, 2, 1, -2, 1, 1, 1, -2]"
492,dfs_bnb_mpi,15.0763,-11,12,3535332,"[-1, -1, 2, 2, 2, -1, -2, -1, 2, -1, -2, -1, -2, 1, 1, 1, -2, -2, -1, -1, -1, 2, 1, 1]"
493,dfs_bnb_mpi,210.265,-10,11,47695289,"[-1, -1, 2, 2, 2, -1, -2, -1, 2, 2, -1, -2, -2, -1, -1, -2, 1, 1, 1, 1, -2, -1, -1, -1]"
494,dfs_bnb_mpi,2.10586,-10,11,520389,"[-1, -1, 2, 2, 2, 1, 2, 1, -2, 1, -2, -1, -1, -2, 1, 1, 1, 2, 2, 2, -1, 2, 2, 2]"
495,dfs_bnb_mpi,13.5673,-8,9,3868674,"[-1, -1, 2, 2, 2, 1, 1, -2, -1, -2, 1, 1, 1, -2, -1, -2, 1, -2, -1, -1, 2, -1, -1, -1]"
496,dfs_bnb_mpi,2.35287,-11,12,680632,"[-1, -2, -2, -1, -1, -1, 2, 1, 1, 2, 2, -1, -2, -1, 2, 2, 1, 2, 1, -2, 1, -2, 1, 2]"
497,dfs_bnb_mpi,21.2256,-10,11,5314936,"[-1, -1, 2, 2, 2, 2, 1, -2, -2, 1, 1, 2, -1, 2, 2, 1, -2, 1, -2, -2, -2, -1, -1, -1]"
498,dfs_bnb_mpi,14.0508,-10,11,3811690,"[-1, -1, 2, 2, 2, 1, 1, -2, -1, -2, 1, 1, 2, 1, 2, -1, 2, -1, 2, 2, -1, -2, -2, -1]"
499,dfs_bnb_mpi,26.0597,-10,11,6312628,"[-1, -2, -1, -2, 1, 1, 2, 1, 2, 2, -1, -1, 2, 2, 1, -2, 1, 2, 1, -2, -2, -2, 1, 2]"
500,dfs_bnb_mpi,2.32047,-10,11,535919,"[-1, -1, 2, 2, 2, 1, 2, 1, -2, -2, -1, -2, 1, 1, 2, 2, 2, 2, 1, -2, -2, -2, 1, 2]"
501,dfs_bnb_mpi,69.1385,-11,12,18137206,"[-1, -2, -2, -1, 2, 2, 2, 1, 2, -1, -1, -2, -1, -1, -2, -2, -1, -2, 1, 1, 2, 2, 1, -2]"
502,dfs_bnb_mpi,28.9565,-10,11,7666050,"[-1, -1, 2, 2, 1, 1, 2, -1, -1, 2, -1, -2, -2, -2, -2, -1, -1, 2, 1, 2, 2, -1, -2, -1]"
503,dfs_bnb_mpi,138.594,-10,11,37103318,"[-1, -1, 2, 1, 1, 2, 2, -1, 2, 1, 2, 1, -2, 1, -2, -1, -2, -2, 1, -2, -1, -2, -1, -1]"
504,dfs_bnb_mpi,1321.04,-6,7,363534680,"[-1, -1, 2, 2, 2, 1, -2, -2, 1, 2, 2, 2, 2, 2, -1, -1, -2, -2, -1, -2, -1, -2, 1, -2]"
505,dfs_bnb_mpi,39.9855,-10,11,9227655,"[-1, -1, 2, 2, -1, 2, -1, 2, 1, 1, -2, 1, 1, 2, 1, -2, -2, -1, -1, -2, 1, 1, 1, 2]"
506,dfs_bnb_mpi,198.747,-12,13,51060763,"[-1, -1, 2, -1, -2, -1, -2, -2, -1, -1, -2, 1, 1, 1, -2, 1, 2, 1, 2, 2, -1, -1, -2, 1]"
507,dfs_bnb_mpi,9.8547,-11,12,2228253,"[-1, -1, 2, 2, 1, 2, 2, 1, 2, 1, -2, 1, -2, -1, -1, -2, -2, 1, 2, 1, -2, -2, -1, -2]"
508,dfs_bnb_mpi,50.2764,-11,12,11402327,"[-1, -1, 2, 2, -1, -2, -2, -1, -1, -1, -2, -2, -2, 1, 2, 2, 1, 1, 1, -2, -1, -2, -1, 2]"
509,dfs_bnb_mpi,3.00949,-11,12,870764,"[-1, -1, 2, -1, 2, 1, 2, 1, -2, -2, 1, 1, 2, 1, 2, 1, 2, 2, -1, -2, -1, -2, -1, -2]"
510,dfs_bnb_mpi,0.83141,-11,12,239287,"[-1, -2, -1, -2, 1, 1, 2, 1, 1, -2, -1, -2, -1, -2, -1, 2, -1, -2, -1, -1, 2, 1, 2, 2]"
511,dfs_bnb_mpi,90.1651,-10,11,23330750,"[-1, -1, 2, 2, 2, -1, -2, -1, 2, -1, -1, -2, 1, -2, -1, -1, -2, 1, 1, 1, 2, 1, -2, -2]"
512,dfs_bnb_mpi,30.306,-10,10,8946200,"[-1, -1, 2, 2, 2, 2, 1, 2, 2, 1, -2, 1, -2, -1, -2, -2, 1, 1, -2, -1, -1, -1, 2, 2]"
513,dfs_bnb_mpi,68.3473,-11,12,18520490,"[-1, -1, 2, 1, 1, 2, 1, 1, 2, -1, 2, 2, -1, 2, -1, -1, -2, 1, -2, 1, -2, -1, -2, -1]"
514,dfs_bnb_mpi,1.56743,-10,11,356188,"[-1, -2, -1, 2, -1, 2, 2, 2, 1, 1, 1, -2, -1, -1, -2, 1, 1, 1, 1, 2, -1, 2, 2, 2]"
515,dfs_bnb_mpi,7.99797,-11,12,1833746,"[-1, -2, -2, -2, -2, 1, -2, 1, 2, 1, 1, 2, -1, -1, -1, 2, 2, 1, -2, 1, 2, 2, -1, 2]"
516,dfs_bnb_mpi,1.73423,-11,12,490613,"[-1, -1, 2, 2, 1, -2, 1, 1, -2, -2, -1, -1, -1, -2, -1, 2, 2, 2, -1, -2, -1, -2, 1, -2]"
517,dfs_bnb_mpi,4.94725,-10,11,1285900,"[-1, -1, 2, 2, -1, 2, 2, -1, -2, -2, -2, 1, -2, -1, -1, 2, -1, -1, 2, 1, 1, 2, 2, 2]"
518,dfs_bnb_mpi,5.28237,-11,12,1462924,"[-1, -1, 2, 2, 1, -2, 1, 2, 2, -1, 2, 1, 2, 1, -2, 1, -2, -1, -2, 1, -2, -1, -2, 1]"
519,dfs_bnb_mpi,20.277,-10,11,5933199,"[-1, -1, 2, 2, 2, 2, 2, 1, -2, -2, -2, -2, 1, 1, 1, 1, 2, -1, -1, -1, 2, 2, 1, -2]"
520,dfs_bnb_mpi,451.392,-8,9,108803582,"[-1, -1, 2, 2, 2, 1, -2, -2, 1, 2, 2, 1, -2, -2, 1, 1, -2, -1, -1, -2, -1, -1, -2, 1]"
521,dfs_bnb_mpi,43.3869,-10,11,11714385,"[-1, -1, 2, 2, -1, -1, 2, 2, -1, -2, -2, -1, -2, 1, 1, 1, -2, -2, -1, 2, -1, -1, -2, 1]"
522,dfs_bnb_mpi,5.45806,-11,12,1382885,"[-1, -2, -1, -2, 1, -2, 1, 2, 2, 1, 2, 2, 1, 2, -1, -1, -2, -1, 2, 2, 1, 1, 2, 2]"
523,dfs_bnb_mpi,61.5906,-10,10,18146440,"[-1, -1, 2, 2, -1, -2, -2, -1, -1, 2, 1, 2, 2, 1, 1, 2, 2, 1, -2, -2, -2, 1, -2, -1]"
524,dfs_bnb_mpi,20.5962,-10,11,5927763,"[-1, -1, 2, -1, -2, -1, 2, 2, -1, -1, -2, 1, -2, -1, -2, 1, 1, -2, -2, 1, 2, 1, 2, -1]"
525,dfs_bnb_mpi,67.5945,-12,13,16299581,"[-1, -1, 2, 2, 2, 2, 1, 2, 1, -2, 1, -2, -2, 1, -2, -2, -1, 2, -1, -1, 2, 2, 1, -2]"
526,dfs_bnb_mpi,67.215,-10,11,17608220,"[-1, -2, -1, -2, -1, -1, -2, -1, -2, -1, 2, 2, 1, 2, 1, 1, 2, 1, 2, 2, 1, -2, 1, 2]"
527,dfs_bnb_mpi,17.8499,-11,12,4114889,"[-1, -1, 2, 1, 2, -1, 2, 1, 1, 2, 1, 2, 1, -2, -2, -1, -2, -1, -2, 1, 1, 2, 1, 2]"
528,dfs_bnb_mpi,38.1567,-11,12,10499660,"[-1, -2, 1, 1, 2, 1, 2, 2, 2, 2, 2, -1, -2, -2, -1, -1, -1, -2, 1, 1, 1, -2, -1, -1]"
529,dfs_bnb_mpi,0.801728,-11,12,212677,"[-1, -2, -1, -2, 1, 1, 2, 1, 1, 2, -1, 2, 2, -1, -2, -1, 2, -1, -2, -2, -1, -2, -1, 2]"
530,dfs_bnb_mpi,22.0024,-9,10,5131065,"[-1, -1, 2, 2, 2, -1, 2, -1, -2, -1, -2, -2, 1, 2, 1, -2, -2, -2, -1, 2, -1, -1, 2, 2]"
531,dfs_bnb_mpi,65.9204,-10,11,18093753,"[-1, -1, 2, 2, -1, -1, -2, 1, -2, -1, -1, 2, 2, 2, 1, 2, 1, -2, 1, 2, 1, -2, -2, -2]"
532,dfs_bnb_mpi,6.99124,-11,12,1834513,"[-1, -2, 1, 1, 2, 1, 2, -1, 2, 1, 2, -1, -1, 2, -1, 2, -1, -2, -2, 1, -2, 1, -2, -1]"
533,dfs_bnb_mpi,27.809,-11,12,8356806,"[-1, -1, 2, 2, 2, -1, -2, -2, -1, -2, 1, -2, 1, 1, 1, 1, 2, 1, 2, -1, -1, 2, -1, -2]"
534,dfs_bnb_mpi,38.3073,-11,12,10849364,"[-1, -1, 2, 1, 1, 1, 1, 1, -2, -2, -1, -2, -1, -1, -2, -1, 2, -1, 2, 1, 1, 1, 2, 1]"
535,dfs_bnb_mpi,5.92023,-10,11,1337551,"[-1, -1, 2, -1, 2, -1, 2, 2, -1, -2, -2, -1, -2, 1, 1, -2, 1, -2, -2, -1, 2, -1, 2, -1]"
536,dfs_bnb_mpi,242.326,-11,11,62924022,"[-1, -1, 2, 2, -1, 2, -1, -2, -1, -1, -2, 1, 1, -2, -2, -2, 1, 1, 1, 2, -1, -1, 2, 2]"
537,dfs_bnb_mpi,6.36227,-11,12,1846212,"[-1, -2, 1, 1, -2, -1, -2, 1, 1, 2, 1, -2, -2, -1, -2, -1, 2, -1, -1, -1, 2, 2, 1, -2]"
538,dfs_bnb_mpi,5.08654,-10,11,1193463,"[-1, -1, 2, 2, 1, -2, 1, 1, -2, -2, -1, -1, -2, -1, 2, -1, 2, -1, -2, -2, 1, -2, 1, 1]"
539,dfs_bnb_mpi,205.885,-10,11,46990579,"[-1, -1, 2, 2, 2, 1, 2, -1, 2, -1, 2, -1, -2, -1, -2, -1, -2, 1, 1, -2, 1, 2, 2, -1]"
540,dfs_bnb_mpi,12.8131,-11,12,3396734,"[-1, -1, -1, 2, 1, 2, 2, -1, -2, -1, -1, -2, 1, -2, -1, -2, 1, -2, -2, 1, 2, 1, 2, -1]"
541,dfs_bnb_mpi,1512.45,-6,6,356728689,"[-1, -1, 2, 2, 2, 2, 2, 2, 2, 2, 2, 2, 2, 1, -2, -2, -2, -2, 1, 2, 2, 2, 1, -2]"
542,dfs_bnb_mpi,28.9074,-11,12,8136198,"[-1, -1, 2, 2, 1, -2, 1, 2, 1, 2, 2, 2, 1, -2, -2, -2, -2, 1, -2, -1, -2, -1, 2, 2]"
543,dfs_bnb_mpi,12.5162,-10,11,3443610,"[-1, -1, 2, -1, -2, -1, 2, 2, -1, 2, -1, -2, -2, 1, -2, -2, 1, -2, 1, 1, 1, 2, -1, -1]"
544,dfs_bnb_mpi,1.99761,-11,12,538731,"[-1, -2, -1, 2, -1, -1, 2, 2, 2, 1, -2, -2, 1, 1, 2, -1, 2, 2, -1, -1, -1, -2, -2, -1]"
545,dfs_bnb_mpi,9.57457,-11,12,2159137,"[-1, -1, 2, 1, 2, 1, 2, -1, 2, 2, -1, -2, -1, -2, 1, -2, -1, -2, -1, 2, -1, 2, 1, 2]"
546,dfs_bnb_mpi,12.7531,-10,11,3488293,"[-1, -1, 2, -1, -2, -2, 1, 1, 1, -2, -1, -1, -2, -1, 2, -1, 2, 2, 2, -1, -2, -2, -1, 2]"
547,dfs_bnb_mpi,20.9583,-10,11,5521834,"[-1, -1, 2, 1, 2, 1, -2, 1, 1, 2, -1, 2, -1, 2, -1, -2, -1, -2, -1, -1, -2, -2, 1, 2]"
548,dfs_bnb_mpi,1.89224,-11,12,447640,"[-1, -2, -1, 2, -1, 2, 1, 1, 2, 2, -1, -2, -1, -1, -2, -1, -2, 1, -2, 1, -2, -2, 1, 2]"
549,dfs_bnb_mpi,9.42686,-10,11,2566426,"[-1, -1, 2, 2, 2, 2, 2, 1, -2, -2, -2, 1, 1, 2, -1, 2, 2, 2, 1, 1, -2, -2, -1, 2]"
550,dfs_bnb_mpi,8.83372,-8,9,2139834,"[-1, -1, 2, 2, 2, 1, 2, 1, 2, 2, -1, -2, -1, -2, -1, -2, -1, 2, 2, 1, 2, 1, 2, 2]"
551,dfs_bnb_mpi,164.795,-10,10,49234585,"[-1, -1, 2, 2, 2, 2, 2, 1, -2, 1, 1, -2, -1, -2, 1, 1, 1, -2, -1, -1, -1, -1, 2, 2]"
552,dfs_bnb_mpi,0.917031,-12,13,216194,"[-1, -2, -2, 1, 2, 1, 2, 2, 1, 1, -2, -1, -2, -2, -1, -2, 1, 1, 2, 1, 1, 2, -1, -1]"
553,dfs_bnb_mpi,142.562,-9,10,38528306,"[-1, -1, 2, 2, -1, 2, 2, -1, -2, -2, -1, -2, -1, -1, -2, 1, 1, -2, 1, 2, 2, 1, -2, -2]"
554,dfs_bnb_mpi,10.2787,-10,11,2716652,"[-1, -1, 2, 1, 2, -1, -1, -2, -1, -2, 1, -2, -1, -2, 1, -2, 1, 2, 2, 1, -2, 1, 2, 1]"
555,dfs_bnb_mpi,12.6134,-12,13,3593320,"[-1, -2, -1, 2, 2, 2, 1, -2, 1, 2, 1, 2, -1, -1, 2, -1, -2, -1, -2, -1, -2, 1, -2, -1]"
556,dfs_bnb_mpi,0.567969,-10,11,154373,"[-1, -2, -1, 2, 2, -1, -2, -2, -1, 2, 2, -1, 2, 1, 2, 1, -2, 1, 2, 1, -2, -2, 1, 2]"
557,dfs_bnb_mpi,1.77327,-12,13,466457,"[-1, -1, 2, 1, 2, 1, -2, 1, 2, 1, -2, 1, -2, -2, -1, 2, -1, -2, -1, -2, -1, 2, -1, -1]"
558,dfs_bnb_mpi,1.40483,-10,11,396087,"[-1, -1, 2, 1, 2, -1, -1, 2, -1, 2, -1, -2, -2, 1, -2, 1, -2, -2, 1, -2, 1, 2, 1, 1]"
559,dfs_bnb_mpi,59.6051,-10,11,16691726,"[-1, -1, 2, 2, 2, -1, -2, -2, -2, -2, 1, -2, 1, 2, 1, 1, 2, 2, -1, 2, 2, -1, -2, -2]"
560,dfs_bnb_mpi,4.60225,-11,12,1386757,"[-1, -1, 2, 1, 1, 2, -1, 2, -1, -2, -1, -2, -2, -1, 2, -1, -1, 2, 1, 1, 2, 1, 2, 1]"
561,dfs_bnb_mpi,126.236,-11,12,28425700,"[-1, -1, 2, -1, -2, -2, 1, -2, -1, -2, 1, -2, 1, 2, 1, 1, 2, -1, -1, 2, 1, 1, 1, -2]"
562,dfs_bnb_mpi,184.557,-12,13,49918215,"[-1, -2, -1, -2, -2, -1, 2, 2, -1, -1, 2, 1, 2, 2, 1, 2, 1, -2, 1, -2, -1, -1, -2, 1]"
563,dfs_bnb_mpi,236.692,-11,12,56300926,"[-1, -2, -1, -2, -2, -1, 2, 2, -1, -1, 2, 1, 1, 2, -1, 2, 1, 1, 2, 1, -2, -2, -1, -2]"
564,dfs_bnb_mpi,1.61381,-12,12,446086,"[-1, -1, 2, 1, 1, 2, 1, -2, -2, 1, 2, 1, -2, -2, -1, -2, -2, -1, 2, 2, -1, -2, -1, 2]"
565,dfs_bnb_mpi,14.9718,-10,11,4132459,"[-1, -1, 2, 2, 2, -1, 2, 1, 1, 2, 1, 2, 2, 1, -2, 1, -2, -1, -2, -1, -2, -1, -2, -2]"
566,dfs_bnb_mpi,1.8857,-10,11,485818,"[-1, -1, 2, -1, -2, -1, -1, -1, -2, -2, 1, 2, 1, 1, 1, -2, -2, -2, -1, -1, 2, 2, 1, -2]"
567,dfs_bnb_mpi,35.9525,-10,11,8688914,"[-1, -1, 2, 1, 2, 1, -2, 1, 1, -2, -1, -2, -1, -2, -1, 2, -1, -1, 2, 2, 2, 2, 1, -2]"
568,dfs_bnb_mpi,17.2303,-10,11,4091281,"[-1, -1, 2, 2, -1, -2, -1, -2, 1, -2, -1, -2, -1, 2, -1, 2, 1, 2, -1, 2, 1, 1, 2, 2]"
569,dfs_bnb_mpi,86.53,-10,11,24696014,"[-1, -1, -1, -1, 2, 1, 2, 1, -2, 1, 2, 2, 2, 2, 1, 1, -2, -2, -2, -1, -2, 1, -2, 1]"
570,dfs_bnb_mpi,13.8788,-10,11,3096481,"[-1, -1, 2, 2, 2, 1, -2, -2, 1, 1, 1, -2, -1, -2, -1, -1, -1, -2, -2, 1, 2, 1, 1, 1]"
571,dfs_bnb_mpi,37.518,-9,10,10256528,"[-1, -1, 2, 2, -1, -1, -2, 1, -2, -1, -1, 2, -1, 2, 1, 2, 1, 2, 1, -2, 1, 1, -2, 1]"
572,dfs_bnb_mpi,5.27143,-12,13,1493498,"[-1, -1, -1, 2, 1, 2, -1, -1, -2, -2, -1, -2, -1, -2, 1, -2, 1, 2, 2, 1, 1, -2, -1, -2]"
573,dfs_bnb_mpi,150.947,-11,12,39401175,"[-1, -2, 1, -2, 1, 1, 2, -1, 2, 1, 1, 2, 1, 2, -1, 2, -1, -1, -2, -1, -2, 1, 1, 2]"
574,dfs_bnb_mpi,7.27225,-11,12,2103120,"[-1, -2, 1, 1, -2, -2, 1, 1, 2, -1, 2, 2, -1, 2, -1, -1, -1, -2, -2, -2, 1, 1, -2, -1]"
575,dfs_bnb_mpi,4.46945,-10,11,1208241,"[-1, -1, 2, 1, 1, 1, 2, 1, 2, 2, -1, -2, -1, -2, -1, 2, -1, -2, -1, -2, -1, -2, 1, -2]"
576,dfs_bnb_mpi,10.4076,-10,11,2493053,"[-1, -1, 2, 2, -1, 2, 1, 1, 2, -1, -1, -1, -1, -2, 1, -2, -2, 1, -2, -2, -1, -1, 2, 1]"
577,dfs_bnb_mpi,30.877,-11,12,9237075,"[-1, -1, 2, 2, 1, 2, 2, 1, 2, 1, -2, -2, -1, -2, 1, 1, 1, -2, -1, -2, -1, 2, -1, -1]"
578,dfs_bnb_mpi,37.9528,-11,12,10609414,"[-1, -1, -1, 2, 1, 1, 2, -1, -1, 2, -1, 2, -1, 2, -1, -2, -2, 1, -2, 1, -2, -2, -1, 2]"
579,dfs_bnb_mpi,19.5755,-11,12,5473875,"[-1, -1, 2, 2, -1, -2, -1, -2, 1, -2, 1, -2, -1, -2, -1, -1, 2, -1, 2, 2, 1, -2, 1, -2]"
580,dfs_bnb_mpi,113.54,-10,11,33583292,"[-1, -1, -1, 2, 1, 1, 2, -1, -1, 2, 1, 2, 1, -2, 1, -2, 1, -2, -2, -2, -2, -1, 2, -1]"
581,dfs_bnb_mpi,2.08035,-11,12,585220,"[-1, -1, 2, 1, 2, -1, -1, 2, -1, -2, -2, 1, -2, -1, -1, 2, 2, -1, -1, 2, 1, 1, 2, 1]"
582,dfs_bnb_mpi,77.2925,-10,11,22871981,"[-1, -1, 2, 1, 2, 1, 2, 2, -1, -2, -1, -1, -1, 2, 2, -1, -2, -2, -2, 1, -2, 1, 2, 1]"
583,dfs_bnb_mpi,9.94112,-9,10,2845203,"[-1, -1, 2, 2, 2, 1, -2, 1, -2, 1, -2, -2, -1, -1, -1, -2, -1, 2, -1, 2, 1, 2, 2, 2]"
584,dfs_bnb_mpi,198.236,-10,11,52369979,"[-1, -1, 2, 2, 2, 2, 1, -2, 1, 2, 1, 2, 2, 2, 2, -1, -2, -1, -2, -1, -2, 1, 1, 2]"
585,dfs_bnb_mpi,8.95021,-11,12,2426482,"[-1, -1, 2, 2, 2, 1, -2, -2, 1, 1, 2, -1, 2, 1, 2, -1, -1, -1, 2, -1, -2, -2, -2, -1]"
586,dfs_bnb_mpi,5.64,-10,11,1552169,"[-1, -1, 2, 1, 2, -1, 2, -1, 2, 2, 2, -1, -2, -1, -2, 1, -2, -1, -2, 1, 1, -2, -1, -1]"
587,dfs_bnb_mpi,1.41929,-11,12,367551,"[-1, -2, 1, 1, 2, 1, 2, -1, 2, -1, -2, -1, 2, -1, -2, -2, -1, -1, -2, 1, 1, -2, 1, 1]"
588,dfs_bnb_mpi,36.9984,-11,12,10717557,"[-1, -1, 2, 2, 1, -2, 1, 2, 1, 2, 1, -2, -2, -2, -2, -2, -1, -1, -1, 2, 1, 1, 2, 2]"
589,dfs_bnb_mpi,75.278,-10,10,20327884,"[-1, -1, 2, 1, 1, 1, 2, -1, 2, 2, 2, -1, -2, -2, -2, -1, 2, 2, -1, -2, -2, -1, -2, 1]"
590,dfs_bnb_mpi,78.702,-10,11,23396992,"[-1, -2, 1, 1, 2, 2, 1, 2, -1, 2, -1, 2, -1, -2, -2, -1, 2, -1, -2, -2, 1, 1, 1, 2]"
591,dfs_bnb_mpi,31.4349,-10,10,9209907,"[-1, -1, 2, 1, 2, -1, -1, 2, 2, -1, -2, -1, 2, -1, -2, -1, -2, 1, -2, 1, 2, 1, -2, 1]"
592,dfs_bnb_mpi,2.53218,-12,13,606378,"[-1, -2, -1, -2, 1, -2, 1, 1, 2, -1, 2, 1, 2, 2, -1, 2, 2, 1, -2, 1, -2, 1, -2, -1]"
593,dfs_bnb_mpi,56.9678,-8,9,15315425,"[-1, -1, 2, 2, 2, 2, 1, -2, 1, 2, 2, -1, -1, 2, -1, -2, -2, -1, 2, -1, -2, -2, 1, 1]"
594,dfs_bnb_mpi,127.994,-9,10,32734224,"[-1, -1, 2, 2, 2, -1, -1, 2, -1, -2, -2, -1, -2, -2, 1, 2, 1, 2, 1, -2, -2, -1, -2, 1]"
595,dfs_bnb_mpi,29.1862,-10,11,6736075,"[-1, -1, 2, 2, 1, -2, 1, 1, -2, -2, -1, -2, 1, -2, -1, -1, 2, 2, -1, -1, -2, -2, 1, 2]"
596,dfs_bnb_mpi,26.3187,-10,11,7509370,"[-1, -1, 2, 1, 2, 1, -2, 1, 2, 1, 2, 1, 2, -1, -1, -2, -1, -1, 2, -1, -2, -1, -2, 1]"
597,dfs_bnb_mpi,4.68379,-10,11,1224098,"[-1, -1, 2, 1, 2, -1, -1, -2, -1, -1, -2, 1, 1, -2, 1, 1, -2, -1, -2, -1, 2, -1, 2, -1]"
598,dfs_bnb_mpi,283.476,-8,9,72481202,"[-1, -1, 2, 2, 1, -2, 1, 1, 1, 2, 2, -1, -2, -1, 2, -1, 2, -1, -2, -1, -2, -1, -2, 1]"
599,dfs_bnb_mpi,1.43535,-13,14,402078,"[-1, -2, -1, 2, 2, 1, 2, 1, -2, 1, -2, -2, -1, -2, -1, -2, -1, -2, -1, -1, 2, 1, 2, 1]"
600,dfs_bnb_mpi,263,-10,11,59405937,"[-1, -2, -1, 2, -1, 2, -1, -1, 2, 1, 1, 2, 2, 2, 1, -2, -2, 1, -2, -1, -2, 1, 1, 2]"
601,dfs_bnb_mpi,11.707,-10,11,3022437,"[-1, -1, 2, -1, 2, 2, 2, 1, 1, -2, -1, -2, 1, -2, 1, 1, 2, -1, 2, 2, 1, -2, 1, 2]"
602,dfs_bnb_mpi,151.609,-8,9,39102290,"[-1, -1, 2, 2, 2, -1, -1, 2, 2, 1, -2, 1, 2, 1, 1, -2, -1, -2, 1, -2, -1, -2, 1, 1]"
603,dfs_bnb_mpi,0.626352,-11,12,182379,"[-1, -2, -1, 2, 2, 2, 2, 1, -2, -2, 1, 2, 2, 1, -2, -2, -2, 1, 1, -2, -1, -1, -1, -2]"
604,dfs_bnb_mpi,4.94269,-11,12,1403458,"[-1, -1, 2, 2, 2, -1, -2, -1, 2, 2, 1, 1, 2, 1, -2, 1, -2, -1, -2, -2, 1, 2, 1, 2]"
605,dfs_bnb_mpi,35.4499,-11,12,9267440,"[-1, -2, -1, 2, 2, 2, 1, 2, -1, 2, -1, 2, 1, 2, 1, -2, -2, 1, -2, 1, -2, -1, -2, -1]"
606,dfs_bnb_mpi,16.6,-10,11,4283213,"[-1, -1, 2, 2, 2, 1, 1, 1, 2, -1, 2, 1, 1, -2, 1, -2, -1, -2, -1, -2, -1, 2, -1, -2]"
607,dfs_bnb_mpi,1.3871,-11,12,332007,"[-1, -1, 2, 1, 2, 1, -2, 1, -2, -2, -1, -2, -1, 2, -1, -2, -1, 2, -1, 2, 1, 2, 2, 2]"
608,dfs_bnb_mpi,2.68161,-11,12,745843,"[-1, -1, 2, 2, 2, 1, -2, -2, 1, 2, 1, 2, -1, 2, 2, -1, -2, -1, -1, -2, -1, -2, 1, -2]"
609,dfs_bnb_mpi,1.62632,-11,12,386555,"[-1, -1, 2, -1, -1, 2, 1, 1, 1, -2, 1, 2, 2, -1, -1, 2, 1, 2, 1, -2, 1, -2, -2, 1]"
610,dfs_bnb_mpi,299.283,-10,11,80682191,"[-1, -2, -1, -2, 1, -2, 1, 1, 2, -1, 2, 1, 2, 1, -2, -2, -2, 1, -2, -1, -2, -1, 2, -1]"
611,dfs_bnb_mpi,7.57357,-9,10,2076287,"[-1, -1, 2, 2, -1, 2, -1, -2, -2, 1, -2, -1, -1, 2, 2, 2, -1, -2, -2, -2, -1, -2, 1, 1]"
612,dfs_bnb_mpi,6.17786,-12,12,1634593,"[-1, -2, 1, 1, 2, 2, -1, -1, 2, 1, 1, 2, 1, -2, 1, 1, -2, -2, -1, 2, -1, -2, -2, 1]"
613,dfs_bnb_mpi,65.4964,-10,11,18573385,"[-1, -1, 2, 2, 2, 2, -1, 2, 1, 2, 1, -2, -2, -2, -2, -2, 1, 1, 2, 2, 2, -1, -2, -2]"
614,dfs_bnb_mpi,13.422,-10,10,3387286,"[-1, -2, 1, 1, 2, 1, -2, -2, -1, -1, -1, -2, -1, 2, -1, 2, 1, 2, 2, 1, 1, 2, 1, -2]"
615,dfs_bnb_mpi,0.864789,-10,11,242320,"[-1, -1, 2, 2, 2, 2, -1, -2, -1, -2, 1, -2, -1, -2, -1, 2, 2, -1, 2, 1, 2, 2, 1, -2]"
616,dfs_bnb_mpi,35.6731,-10,11,10044012,"[-1, -1, 2, 2, 2, 1, 2, -1, 2, -1, -2, -1, 2, -1, -2, -1, -2, 1, -2, 1, 2, 1, -2, -2]"
617,dfs_bnb_mpi,30.803,-10,11,8404226,"[-1, -1, 2, 2, 1, -2, 1, 2, 2, 1, -2, -2, 1, -2, -1, -2, -1, -2, -1, 2, -1, -2, -2, 1]"
618,dfs_bnb_mpi,12.3695,-10,11,3153540,"[-1, -1, 2, 1, 2, -1, 2, 2, -1, -2, -1, -2, 1, -2, -1, -1, -2, -1, -2, 1, 1, 2, 1, -2]"
619,dfs_bnb_mpi,22.428,-11,11,5422588,"[-1, -2, 1, 1, -2, -1, -1, -1, 2, 2, -1, -2, -2, -2, -1, 2, 2, 2, 2, 1, 1, 2, 1, -2]"
620,dfs_bnb_mpi,40.2889,-11,12,9908978,"[-1, -1, 2, 2, 1, -2, 1, 2, 1, 2, 1, -2, -2, -1, -2, -2, -1, -1, -1, -2, 1, 1, -2, -1]"
621,dfs_bnb_mpi,5.42385,-10,11,1548403,"[-1, -1, 2, 2, 1, -2, 1, 2, 1, -2, -2, 1, 1, -2, -2, -1, 2, -1, -2, -2, -1, 2, 2, -1]"
622,dfs_bnb_mpi,10.9556,-10,11,2892563,"[-1, -1, 2, 1, 2, 2, -1, -2, -1, -2, -2, -2, -1, 2, -1, 2, 1, 2, -1, 2, 1, 1, 2, 1]"
623,dfs_bnb_mpi,4.22068,-10,11,1152653,"[-1, -1, 2, -1, 2, -1, -2, -1, 2, -1, -2, -2, -2, -2, 1, 2, 2, 1, 1, -2, -1, -2, 1, 1]"
624,dfs_bnb_mpi,17.1224,-10,11,5101425,"[-1, -1, 2, 1, 1, 2, 2, 1, -2, 1, 2, 2, 1, -2, -2, -2, 1, -2, -1, -1, 2, -1, -2, -2]"
625,dfs_bnb_mpi,17.1408,-10,11,4794562,"[-1, -1, 2, 2, 1, -2, 1, 2, 1, -2, 1, 1, 2, 1, -2, -2, -1, -1, -1, -2, -1, -1, -1, -1]"
626,dfs_bnb_mpi,19.2751,-10,11,5146866,"[-1, -2, -1, 2, 2, 2, 2, 1, 1, -2, -1, -2, 1, 1, -2, -2, -1, -2, -2, -1, 2, -1, -1, 2]"
627,dfs_bnb_mpi,7.0484,-10,11,1902682,"[-1, -1, 2, 2, 2, 2, 1, -2, 1, 2, 1, -2, 1, 2, 1, -2, -2, -1, -2, -1, 2, -1, -1, -2]"
628,dfs_bnb_mpi,72.187,-10,11,20904249,"[-1, -1, 2, 2, 2, 1, 2, 2, 1, -2, 1, 2, 1, -2, -2, -2, -1, -2, -1, -1, 2, 1, 2, 1]"
629,dfs_bnb_mpi,20.38,-11,12,5416595,"[-1, -2, -1, 2, 2, 1, 1, 2, -1, -1, 2, -1, -2, -1, -2, -1, -2, 1, -2, -2, 1, 2, 2, 2]"
630,dfs_bnb_mpi,96.1062,-12,13,27529979,"[-1, -1, 2, -1, 2, -1, -2, -1, -1, -2, 1, -2, 1, -2, -2, 1, 2, 1, 1, 2, -1, -1, 2, -1]"
631,dfs_bnb_mpi,15.3418,-10,11,3552485,"[-1, -1, 2, 2, 1, 2, -1, 2, -1, 2, -1, -2, -1, -1, -2, 1, 1, 1, -2, -2, -1, 2, -1, -1]"
632,dfs_bnb_mpi,49.2492,-10,10,12027378,"[-1, -1, 2, 2, 2, 2, 1, 2, 1, -2, 1, 1, -2, -1, -1, -1, -2, 1, -2, 1, 2, 1, 1, 2]"
633,dfs_bnb_mpi,20.4392,-10,11,5392528,"[-1, -1, 2, 1, 2, 2, 2, 1, -2, 1, 2, 1, -2, -2, -1, -1, -2, 1, -2, -2, -1, -1, -1, -1]"
634,dfs_bnb_mpi,1.54701,-11,12,406956,"[-1, -2, 1, 1, 2, 2, -1, 2, -1, -2, -1, 2, -1, -2, -2, 1, -2, -2, -1, 2, -1, 2, 2, 2]"
635,dfs_bnb_mpi,27.8491,-10,11,6581024,"[-1, -1, 2, 2, 2, 1, 1, 2, 2, 1, -2, 1, -2, -1, -2, -1, -1, -2, 1, 1, -2, -2, -1, -1]"
636,dfs_bnb_mpi,14.4576,-12,13,3271231,"[-1, -2, -1, -2, -1, -1, -1, 2, 2, 2, 1, -2, -2, 1, 2, 1, 2, 1, 2, -1, 2, -1, -2, -2]"
637,dfs_bnb_mpi,41.2298,-11,12,9295171,"[-1, -1, 2, 2, 2, 2, 2, 1, 2, -1, 2, -1, -2, -1, -2, 1, -2, -1, -2, -2, -2, 1, 2, 2]"
638,dfs_bnb_mpi,2.77809,-11,12,743785,"[-1, -1, 2, 1, 1, 1, 2, -1, 2, 2, -1, -2, -2, -1, -1, -2, -1, -2, 1, -2, 1, 1, 1, 1]"
639,dfs_bnb_mpi,16.672,-11,12,4535795,"[-1, -1, 2, 1, 2, 1, -2, 1, 1, -2, -1, -2, -1, -1, -1, -1, -1, -2, 1, -2, 1, 2, 1, 1]"
640,dfs_bnb_mpi,11.5625,-10,11,3065344,"[-1, -1, 2, 1, 1, 2, 1, 2, 1, 2, -1, 2, 2, -1, -2, -2, -2, -1, -2, -1, 2, 2, 1, 2]"
641,dfs_bnb_mpi,93.0676,-10,11,24166731,"[-1, -1, 2, 2, -1, -2, -2, -2, 1, 1, 1, 1, -2, -1, -2, -2, -1, 2, 2, -1, -1, -2, 1, -2]"
642,dfs_bnb_mpi,0.175261,-11,12,50282,"[-1, -2, -1, -1, 2, 1, 2, -1, 2, -1, 2, 1, 1, -2, 1, -2, 1, 1, -2, -2, -1, -2, 1, 1]"
643,dfs_bnb_mpi,39.3899,-9,10,11187528,"[-1, -1, 2, 2, 1, -2, 1, 1, -2, -2, -1, -1, -1, -2, -1, 2, 2, -1, -1, 2, 1, 2, 1, -2]"
644,dfs_bnb_mpi,42.1116,-11,12,10657934,"[-1, -1, 2, -1, 2, 1, 1, -2, 1, 2, 2, 1, 2, -1, 2, -1, -2, -1, 2, -1, -2, -2, 1, 1]"
645,dfs_bnb_mpi,20.3125,-11,11,4777002,"[-1, -1, 2, -1, 2, 2, 2, 2, 1, -2, 1, -2, -1, -2, 1, -2, 1, 2, 1, 2, -1, 2, 2, -1]"
646,dfs_bnb_mpi,311.496,-8,9,93676053,"[-1, -1, 2, 2, 2, 2, 2, 1, 1, -2, -1, -2, 1, 1, 2, 1, -2, -2, -1, -2, -1, 2, -1, -2]"
647,dfs_bnb_mpi,110.625,-6,7,30506160,"[-1, -1, 2, 2, 2, 2, 1, -2, -2, 1, 2, 2, 1, 2, 2, -1, -2, -1, -1, -1, -2, -2, -2, -1]"
648,dfs_bnb_mpi,1.65808,-11,12,431829,"[-1, -2, -1, 2, 2, 1, 2, 1, -2, 1, 1, 2, -1, 2, 1, 1, -2, -2, -2, -1, -1, -2, -1, -2]"
649,dfs_bnb_mpi,172.403,-8,9,48120327,"[-1, -1, 2, 2, 2, 1, 2, 2, 2, 2, -1, -2, -2, -2, -1, 2, 2, -1, -2, -1, -2, 1, -2, 1]"
650,dfs_bnb_mpi,19.8302,-11,12,4719695,"[-1, -1, 2, 2, -1, 2, 1, 2, -1, -1, -2, -1, -2, 1, -2, 1, -2, -2, -1, 2, -1, -2, -2, 1]"
651,dfs_bnb_mpi,99.3413,-11,11,28422645,"[-1, -2, -1, -1, 2, -1, 2, 1, 2, -1, -1, -1, 2, 1, 1, 2, 1, -2, 1, -2, 1, -2, -1, -2]"
652,dfs_bnb_mpi,0.440466,-12,12,128740,"[-1, -1, 2, 1, 1, 2, -1, 2, -1, -2, -1, -2, -2, -2, 1, 1, -2, 1, 2, 1, 2, 1, 2, -1]"
653,dfs_bnb_mpi,159.418,-10,11,46536566,"[-1, -1, 2, 2, -1, -2, -1, 2, -1, -2, -2, -1, -1, -2, 1, 1, 1, -2, 1, 1, 2, -1, 2, -1]"
654,dfs_bnb_mpi,18.2316,-11,12,4528889,"[-1, -1, 2, -1, 2, 1, 2, -1, -1, 2, 1, 2, 2, 1, -2, -2, 1, 1, -2, -2, -2, -1, 2, 2]"
655,dfs_bnb_mpi,76.0656,-10,11,17295282,"[-1, -1, 2, 2, 2, 2, 2, 2, 1, 2, 1, 2, 1, -2, -2, -1, -2, -1, -2, -2, 1, 2, 1, 2]"
656,dfs_bnb_mpi,1.10624,-11,12,318164,"[-1, -1, 2, 1, 1, 2, 1, 2, -1, -1, -2, -1, 2, -1, 2, -1, -2, -1, -2, 1, 1, -2, -1, -1]"
657,dfs_bnb_mpi,97.6906,-11,12,27093536,"[-1, -1, 2, 1, 2, 1, -2, 1, -2, 1, 2, 1, 1, 2, -1, 2, -1, 2, -1, -1, -2, 1, -2, 1]"
658,dfs_bnb_mpi,127.065,-12,13,35027209,"[-1, -2, 1, -2, 1, 1, 2, 2, 2, 1, 2, -1, -1, 2, -1, -2, -1, -1, -2, 1, 1, 1, -2, -2]"
659,dfs_bnb_mpi,106.136,-11,12,24507811,"[-1, -1, 2, 1, 2, -1, 2, -1, -2, -1, -1, 2, -1, -2, -2, -2, 1, 2, 1, 1, -2, -1, -2, 1]"
660,dfs_bnb_mpi,6.09553,-10,11,1702991,"[-1, -1, 2, 1, 2, 2, 1, -2, -2, 1, -2, 1, -2, 1, -2, -1, -1, 2, -1, -1, -2, 1, -2, 1]"
661,dfs_bnb_mpi,1.21298,-10,11,350258,"[-1, -1, 2, 2, 2, -1, -2, -1, -2, 1, -2, -2, 1, 1, 1, 1, 2, 2, 2, -1, -2, -1, 2, 2]"
662,dfs_bnb_mpi,33.7213,-11,12,9436828,"[-1, -1, -1, 2, 1, 1, 1, 2, -1, 2, 1, 1, 2, -1, -1, 2, -1, -2, -2, -2, -1, -1, 2, 1]"
663,dfs_bnb_mpi,6.24761,-11,12,1535924,"[-1, -2, -2, 1, 2, 1, 1, -2, -1, -2, -1, -1, -1, 2, 2, 2, 2, 1, 2, 1, -2, 1, -2, 1]"
664,dfs_bnb_mpi,5.24104,-9,10,1296944,"[-1, -1, 2, 2, -1, -2, -1, 2, 2, 2, -1, -2, -2, -1, -1, -2, 1, 1, -2, 1, 1, -2, 1, 1]"
665,dfs_bnb_mpi,102.571,-10,11,29669923,"[-1, -1, 2, 1, 2, 2, 1, 2, -1, 2, -1, -2, -2, -1, 2, -1, -2, -1, -2, 1, -2, 1, 2, 1]"
666,dfs_bnb_mpi,6.58878,-11,12,1842358,"[-1, -1, 2, -1, -2, -2, 1, -2, -2, 1, 2, 2, 1, 1, 2, 1, 2, -1, 2, -1, -2, -1, 2, -1]"
667,dfs_bnb_mpi,8.1128,-10,11,2301280,"[-1, -1, 2, 2, -1, -1, -2, 1, -2, -1, -2, 1, -2, -1, -2, 1, 1, 2, 2, 1, 1, -2, -1, -2]"
668,dfs_bnb_mpi,0.287028,-10,11,76911,"[-1, -1, 2, 1, 2, 2, 1, 1, 2, 1, -2, -2, -1, -1, -2, 1, 1, 1, -2, -1, -1, -2, 1, 1]"
669,dfs_bnb_mpi,16.6064,-11,12,4224255,"[-1, -2, 1, 1, -2, 1, 2, 1, 2, 1, 2, 2, 2, -1, 2, -1, -2, -2, 1, -2, -1, -2, -1, 2]"
670,dfs_bnb_mpi,47.4911,-11,12,13297919,"[-1, -2, 1, 1, 2, 2, 2, 1, 1, 1, -2, -1, -1, -2, 1, 1, -2, 1, -2, -1, -1, -1, 2, 1]"
671,dfs_bnb_mpi,298.1,-9,10,67329423,"[-1, -1, 2, 2, 2, 2, 2, 1, -2, 1, 2, 2, 1, -2, -2, 1, -2, -1, -1, -1, -2, 1, -2, -1]"
672,dfs_bnb_mpi,7.86874,-10,11,2033336,"[-1, -1, 2, 2, 2, -1, -2, -1, -2, 1, -2, -1, -2, -1, 2, 2, 2, -1, -2, -1, -2, -2, 1, 2]"
673,dfs_bnb_mpi,71.4017,-10,11,19607147,"[-1, -1, 2, 1, 2, -1, 2, -1, -1, 2, 2, -1, -2, -2, -1, -2, 1, -2, 1, 2, 1, -2, -2, -1]"
674,dfs_bnb_mpi,2.11923,-10,11,583969,"[-1, -1, 2, 1, 1, 1, 2, 2, 1, -2, 1, -2, -1, -2, -1, -2, -1, -1, -1, -2, 1, 1, 1, 1]"
675,dfs_bnb_mpi,3.54233,-10,11,970609,"[-1, -2, 1, 1, -2, -1, -1, -2, -1, -2, -1, 2, 2, 1, 2, -1, -1, 2, 1, 1, 2, 2, 1, -2]"
676,dfs_bnb_mpi,21.3422,-10,10,6404766,"[-1, -1, 2, 2, -1, 2, 2, 1, -2, 1, -2, -2, 1, 1, -2, -2, -1, -1, -1, -1, -1, 2, 1, 2]"
677,dfs_bnb_mpi,9.53258,-11,12,2229502,"[-1, -1, 2, -1, -1, 2, 1, 1, 2, 2, 1, -2, 1, 1, -2, -1, -1, -2, 1, 1, 1, -2, -1, -2]"
678,dfs_bnb_mpi,2.75214,-10,11,706490,"[-1, -1, 2, 1, 2, -1, 2, 2, -1, -2, -2, -1, -2, 1, -2, -1, -2, 1, -2, 1, 2, 1, 1, 1]"
679,dfs_bnb_mpi,227.359,-12,13,58996358,"[-1, -2, 1, -2, -1, -2, 1, 1, 2, 1, 2, 2, 2, 1, 2, -1, 2, -1, -2, -1, -2, 1, -2, -2]"
680,dfs_bnb_mpi,2.49111,-11,12,676571,"[-1, -1, 2, 1, 2, -1, 2, -1, -2, -1, -2, 1, -2, -1, -1, -2, 1, -2, 1, 1, 1, 2, -1, -1]"
681,dfs_bnb_mpi,93.5922,-10,11,24101669,"[-1, -1, 2, 2, 1, -2, 1, 1, 2, -1, 2, 1, 2, -1, 2, 2, -1, -2, -1, -2, 1, -2, -1, -1]"
682,dfs_bnb_mpi,15.5746,-10,11,3973438,"[-1, -1, 2, 1, 2, -1, -1, 2, 1, 2, 2, 2, 1, -2, -2, -2, 1, 2, 1, -2, -2, -1, -2, 1]"
683,dfs_bnb_mpi,66.9324,-10,11,17404678,"[-1, -1, 2, 1, 2, 1, -2, 1, -2, 1, -2, -2, -1, 2, -1, -1, -2, 1, -2, 1, -2, -1, -1, 2]"
684,dfs_bnb_mpi,29.7633,-10,11,8077092,"[-1, -1, 2, 2, -1, -1, 2, 1, 1, 2, 1, -2, 1, 2, 1, -2, -2, -1, -1, -2, 1, 1, 1, 2]"
685,dfs_bnb_mpi,13.6823,-10,11,3831491,"[-1, -2, -2, 1, 2, 1, 2, 1, 2, 1, 2, -1, -1, -2, -1, -1, 2, -1, -1, -2, 1, -2, -1, -1]"
686,dfs_bnb_mpi,6.12473,-10,11,1462296,"[-1, -1, 2, 2, 2, 2, 2, 1, -2, -2, -2, -2, 1, 2, 2, 2, 1, -2, 1, -2, -1, -2, -2, 1]"
687,dfs_bnb_mpi,6.57869,-11,12,1918226,"[-1, -1, -1, 2, 2, 1, -2, 1, 2, 2, -1, 2, 1, 1, -2, 1, -2, 1, -2, -2, -1, 2, -1, 2]"
688,dfs_bnb_mpi,1.50902,-12,13,427282,"[-1, -2, -1, -2, -2, 1, 2, 1, 2, 1, 2, 2, -1, 2, -1, -2, -1, -2, -1, -2, -2, -1, 2, 2]"
689,dfs_bnb_mpi,5.71368,-11,12,1571055,"[-1, -1, 2, 1, 1, 1, -2, -2, -1, -2, -1, 2, -1, -2, -1, -1, -2, -1, 2, 2, 1, 1, 2, 2]"
690,dfs_bnb_mpi,59.1847,-11,12,17586006,"[-1, -1, 2, -1, -2, -1, -2, 1, -2, -1, -2, 1, -2, 1, 2, 1, 1, 1, 2, -1, -1, 2, -1, -2]"
691,dfs_bnb_mpi,8.00739,-11,12,2147885,"[-1, -1, -1, 2, 1, 1, 2, 1, -2, 1, 2, 2, 1, -2, -2, -2, -1, -2, -1, -1, -2, -1, 2, -1]"
692,dfs_bnb_mpi,13.7365,-10,11,3564280,"[-1, -1, 2, 1, 2, 1, -2, 1, 2, 1, -2, 1, 1, -2, -1, -1, -1, -2, -1, -1, -1, -1, 2, 2]"
693,dfs_bnb_mpi,5.97398,-10,11,1723300,"[-1, -1, 2, 2, 1, -2, 1, 2, 2, 2, -1, -2, -1, 2, -1, -2, -1, -2, 1, -2, -1, -2, 1, -2]"
694,dfs_bnb_mpi,12.3255,-11,12,3313878,"[-1, -2, -1, 2, -1, -2, -1, -2, 1, -2, 1, 2, 1, 1, 2, 1, 2, 2, 2, 2, -1, -2, -2, -1]"
695,dfs_bnb_mpi,80.8081,-11,12,22049317,"[-1, -1, 2, -1, 2, 2, -1, -1, -2, -2, -1, -2, 1, -2, 1, -2, 1, 1, 2, -1, 2, -1, 2, 2]"
696,dfs_bnb_mpi,0.544534,-11,11,153982,"[-1, -1, 2, 1, 2, 1, -2, 1, -2, 1, -2, -1, -1, -2, -1, 2, -1, -2, -1, 2, -1, 2, 1, 2]"
697,dfs_bnb_mpi,326.363,-11,12,84811062,"[-1, -2, 1, 1, 2, 1, 2, 1, 1, -2, -2, -2, -1, -2, -2, -1, 2, -1, -1, 2, 1, 1, 2, 1]"
698,dfs_bnb_mpi,5.59559,-10,11,1284708,"[-1, -1, 2, 2, 2, -1, 2, 1, 2, -1, -1, -2, -1, -2, 1, -2, 1, -2, -1, -2, -1, 2, 2, -1]"
699,dfs_bnb_mpi,22.719,-11,12,6310704,"[-1, -1, 2, -1, -2, -2, -2, 1, 2, 1, 1, 1, 1, -2, -2, -2, -1, -1, 2, -1, 2, 1, 1, -2]"
700,dfs_bnb_mpi,35.6163,-10,11,8235686,"[-1, -1, 2, 2, -1, -2, -2, -1, -1, -2, -2, -1, -2, 1, 1, 2, 2, 1, 1, 1, -2, -1, -1, -2]"
701,dfs_bnb_mpi,42.1357,-11,12,10198875,"[-1, -1, 2, 2, -1, -1, 2, -1, -2, -1, -2, -1, -2, 1, -2, 1, 2, 2, 1, -2, -2, 1, 2, 2]"
702,dfs_bnb_mpi,15.6091,-12,13,4187027,"[-1, -2, 1, 1, 2, 1, 2, 1, 2, -1, 2, -1, -2, -1, 2, -1, -2, -1, -1, -2, 1, 1, 1, 1]"
703,dfs_bnb_mpi,245.563,-10,11,57031516,"[-1, -2, -1, -2, 1, 1, -2, -1, -1, -1, 2, 2, -1, -1, 2, 1, 2, 1, -2, 1, 2, 2, 1, -2]"
704,dfs_bnb_mpi,6.10978,-10,11,1488111,"[-1, -1, 2, 1, 1, 1, 2, 1, -2, 1, -2, -2, -1, 2, -1, -2, -2, 1, 1, 1, 2, 1, 2, -1]"
705,dfs_bnb_mpi,8.79971,-10,11,2472348,"[-1, -1, 2, 2, 2, 2, 2, 1, -2, -2, -2, -2, 1, 1, 1, 2, 2, -1, -2, -1, 2, 2, 2, 2]"
706,dfs_bnb_mpi,2.32068,-9,9,640292,"[-1, -1, 2, 2, 2, 2, -1, -2, -2, -1, -2, 1, -2, -2, -1, 2, -1, -1, -1, 2, 1, 1, 2, 2]"
707,dfs_bnb_mpi,55.7369,-11,12,16259405,"[-1, -2, 1, 1, -2, 1, -2, -2, 1, 1, 2, -1, 2, 1, 2, 2, 2, -1, -2, -2, -1, 2, -1, 2]"
708,dfs_bnb_mpi,9.86753,-11,11,2680985,"[-1, -2, -1, -2, 1, -2, 1, -2, 1, 2, 2, -1, 2, 1, 2, 2, 1, -2, -2, 1, 1, -2, -1, -1]"
709,dfs_bnb_mpi,3.40132,-11,12,834791,"[-1, -1, 2, 2, 2, -1, 2, 2, 1, -2, 1, -2, 1, -2, -1, -2, 1, 1, 2, 1, 2, -1, 2, -1]"
710,dfs_bnb_mpi,1.08322,-11,12,298052,"[-1, -1, 2, -1, 2, 2, 1, -2, 1, -2, 1, 1, -2, -2, -1, -2, -1, 2, -1, -2, -1, -2, 1, 1]"
711,dfs_bnb_mpi,11.9984,-10,11,3323888,"[-1, -1, 2, 1, 2, 1, -2, 1, -2, 1, 1, 1, 2, -1, -1, 2, -1, 2, 2, -1, -2, -1, 2, 2]"
712,dfs_bnb_mpi,405.978,-9,10,103286814,"[-1, -1, 2, 2, 1, 2, 2, 2, -1, -1, -2, -1, -2, -1, -1, -2, 1, 1, -2, 1, 2, 2, 1, 2]"
713,dfs_bnb_mpi,46.5042,-11,12,13234640,"[-1, -2, -2, -1, -1, 2, 1, 2, -1, -1, 2, -1, 2, 1, 2, 1, -2, 1, 2, 1, -2, -2, -1, -1]"
714,dfs_bnb_mpi,83.4181,-10,11,22856849,"[-1, -1, 2, 2, -1, -1, 2, 1, 1, 2, 2, 1, 1, -2, -1, -2, 1, 1, -2, -2, -1, 2, -1, -2]"
715,dfs_bnb_mpi,22.9658,-10,11,6012016,"[-1, -1, 2, 2, 2, 2, 2, 1, -2, -2, 1, -2, -1, -2, 1, 1, 1, -2, -1, -2, -2, -1, 2, -1]"
716,dfs_bnb_mpi,15.9606,-10,11,4516616,"[-1, -2, 1, 1, -2, -1, -2, 1, 1, 1, 2, 2, 2, 1, 2, -1, 2, -1, -2, -1, -2, 1, -2, -2]"
717,dfs_bnb_mpi,505.239,-10,11,112400724,"[-1, -1, 2, 2, 2, 2, 1, -2, 1, 2, 2, 1, -2, 1, -2, -2, -2, -1, -1, -1, 2, 1, 1, 2]"
718,dfs_bnb_mpi,2.27722,-11,12,646092,"[-1, -1, 2, -1, -2, -1, -2, 1, -2, 1, 2, 1, 1, 1, -2, -1, -1, -2, -1, -1, -1, 2, -1, 2]"
719,dfs_bnb_mpi,202.206,-8,9,51019078,"[-1, -1, 2, 2, 2, 2, 1, 1, -2, -2, -1, -2, 1, 1, 2, 1, -2, -2, -1, -2, -1, -1, -2, 1]"
720,dfs_bnb_mpi,10.0479,-11,12,2967769,"[-1, -1, 2, -1, 2, 1, 1, -2, 1, 1, -2, -2, 1, 1, -2, -1, -1, -1, 2, -1, -1, -2, 1, -2]"
721,dfs_bnb_mpi,11.2046,-10,11,3168625,"[-1, -1, 2, 1, 2, 2, 2, -1, 2, -1, 2, 1, 1, -2, 1, -2, 1, -2, -1, -2, -2, 1, 2, 1]"
722,dfs_bnb_mpi,14.0443,-11,12,4099386,"[-1, -2, 1, 1, 2, 1, 2, -1, -1, 2, 2, -1, 2, 2, -1, -2, -2, -1, -2, 1, 1, -2, -1, -1]"
723,dfs_bnb_mpi,0.822187,-11,12,236073,"[-1, -2, 1, -2, 1, 2, 1, -2, -2, -1, -2, 1, 1, 2, 2, 1, 2, -1, 2, 2, -1, -2, -1, 2]"
724,dfs_bnb_mpi,0.3356,-10,10,91398,"[-1, -1, 2, 1, 2, 2, 1, -2, -2, 1, 2, 2, 1, 2, -1, -1, -1, -1, -2, -2, -1, 2, 2, 2]"
725,dfs_bnb_mpi,1.54222,-11,12,371634,"[-1, -1, -1, 2, -1, 2, -1, 2, 2, 1, -2, 1, -2, 1, -2, 1, 2, 2, 2, 1, -2, -2, -2, 1]"
726,dfs_bnb_mpi,102.744,-10,11,24585619,"[-1, -1, 2, 2, 2, 2, 2, 1, -2, 1, 2, 2, 2, 2, -1, -2, -2, -1, 2, 2, -1, -2, -2, -2]"
727,dfs_bnb_mpi,0.544557,-10,10,140048,"[-1, -1, 2, 2, 2, 1, 1, -2, -1, -2, 1, 1, -2, -2, 1, 2, 2, 2, -1, 2, 2, 2, 2, 2]"
728,dfs_bnb_mpi,4.01994,-11,12,1101945,"[-1, -2, -1, -2, -1, 2, 2, 1, 2, 1, 2, -1, -1, 2, 1, 1, 2, -1, -1, -1, -2, -2, -2, 1]"
729,dfs_bnb_mpi,5.29174,-10,10,1256177,"[-1, -1, 2, -1, 2, 2, 2, 1, 1, 2, 1, 1, -2, -1, -2, -1, -1, -2, 1, -2, 1, 2, 1, 2]"
730,dfs_bnb_mpi,5.90804,-11,12,1379837,"[-1, -2, -1, -2, -1, -1, -2, 1, 1, -2, 1, 2, 2, 1, 2, 1, 2, 1, -2, -2, -1, -2, -1, -2]"
731,dfs_bnb_mpi,6.72503,-11,11,1599935,"[-1, -1, -1, 2, -1, -1, 2, -1, -2, -2, -2, -2, 1, 2, 2, 1, -2, -2, 1, 2, 1, -2, 1, 2]"
732,dfs_bnb_mpi,5.72622,-11,12,1756251,"[-1, -2, -2, -2, 1, 2, 2, 1, -2, -2, 1, 1, 1, 2, 2, 2, -1, -2, -2, -1, 2, 2, -1, 2]"
733,dfs_bnb_mpi,2.48134,-10,11,669045,"[-1, -1, 2, 2, 1, -2, 1, 1, 2, -1, 2, -1, 2, -1, -2, -1, -2, -1, -1, -2, 1, 1, -2, -1]"
734,dfs_bnb_mpi,25.8226,-11,12,7728860,"[-1, -1, 2, -1, 2, -1, -1, 2, 1, 1, 1, -2, 1, -2, 1, 2, 1, 2, -1, -1, 2, -1, -1, -1]"
735,dfs_bnb_mpi,1.30874,-10,11,370181,"[-1, -1, 2, 2, 1, -2, 1, 1, -2, -2, -1, -1, -2, -1, 2, -1, 2, -1, -1, 2, 1, 1, 2, 2]"
736,dfs_bnb_mpi,23.1347,-11,12,6602762,"[-1, -2, -1, -2, 1, 1, 2, 1, 2, 1, 2, 1, 2, -1, 2, -1, 2, -1, -2, -2, 1, -2, -1, -1]"
737,dfs_bnb_mpi,5.90962,-11,12,1715763,"[-1, -1, 2, 1, 2, 2, 1, -2, -2, 1, -2, 1, 1, -2, -1, -1, -1, -2, -1, 2, -1, -1, -2, 1]"
738,dfs_bnb_mpi,20.1639,-9,9,5845656,"[-1, -1, 2, 2, 1, -2, 1, 2, 2, -1, -1, -1, 2, -1, -2, -1, -2, -2, 1, 2, 1, -2, -2, -1]"
739,dfs_bnb_mpi,56.8616,-9,10,15393613,"[-1, -1, 2, 2, 2, 2, -1, -2, -1, -1, -2, -1, -1, -2, 1, 1, -2, 1, 2, 2, 1, -2, -2, -2]"
740,dfs_bnb_mpi,32.109,-11,12,9060953,"[-1, -1, 2, -1, -2, -1, -2, -2, 1, -2, -2, 1, -2, 1, 2, 1, 2, -1, -1, 2, 1, 2, -1, -1]"
741,dfs_bnb_mpi,171.903,-11,11,49147142,"[-1, -2, 1, 1, 2, 2, 1, -2, 1, -2, -1, -2, -1, -2, 1, -2, -2, -1, 2, -1, 2, 2, -1, -2]"
742,dfs_bnb_mpi,3.79305,-11,12,862141,"[-1, -1, 2, 2, 1, 2, 2, 2, 2, -1, -1, -2, 1, -2, -2, -1, 2, -1, -2, -1, -2, 1, 1, -2]"
743,dfs_bnb_mpi,37.5207,-10,11,8487545,"[-1, -1, 2, -1, -2, -1, -2, -1, 2, -1, -2, -2, 1, 1, 1, 2, 1, 1, -2, -1, -2, -1, -1, -1]"
744,dfs_bnb_mpi,283.709,-9,10,80938617,"[-1, -1, 2, -1, 2, -1, -2, -2, 1, -2, -1, -1, 2, 2, -1, -2, -2, -2, 1, 1, 1, 1, 2, 1]"
745,dfs_bnb_mpi,12.1183,-12,13,3566211,"[-1, -2, 1, 1, 2, 2, -1, 2, 1, 2, 2, 1, -2, 1, -2, 1, -2, -1, -2, -2, -1, 2, 2, 2]"
746,dfs_bnb_mpi,152.945,-11,12,44078807,"[-1, -2, -1, 2, 2, 1, 1, 1, -2, 1, -2, -2, -1, -2, -1, -2, -1, 2, -1, 2, 1, 1, 2, 1]"
747,dfs_bnb_mpi,10.3995,-9,10,3103996,"[-1, -1, 2, 2, 2, -1, -2, -1, -2, 1, -2, -1, -1, 2, 2, -1, -2, -2, -2, 1, 1, 1, 1, 1]"
748,dfs_bnb_mpi,39.7205,-11,12,11295522,"[-1, -1, 2, 2, 1, 2, 2, 1, 1, 2, 1, 1, -2, -1, -2, 1, -2, -1, -1, 2, -1, -2, -2, -1]"
749,dfs_bnb_mpi,58.9987,-12,13,16965487,"[-1, -2, 1, 1, -2, -1, -1, -2, 1, -2, 1, 2, 1, 2, 2, 1, 2, 2, -1, 2, -1, -2, -2, 1]"
750,dfs_bnb_mpi,179.911,-10,11,40690342,"[-1, -1, 2, 2, 2, 2, -1, -2, -1, -2, 1, -2, -1, -1, -2, -2, 1, 2, 1, -2, 1, -2, -1, -1]"
751,dfs_bnb_mpi,39.3951,-11,12,11482930,"[-1, -1, 2, 1, 1, 1, -2, -2, -1, -1, -1, -1, -2, -1, -1, -2, 1, 1, 1, 2, 1, 1, -2, -1]"
752,dfs_bnb_mpi,1.54318,-11,12,397364,"[-1, -2, -2, -1, 2, 2, 2, 1, 2, -1, -1, -2, -2, -1, 2, -1, 2, 1, 2, 1, 2, 1, -2, 1]"
753,dfs_bnb_mpi,64.2154,-10,11,17786438,"[-1, -1, 2, 2, 2, 1, -2, -2, 1, 2, 2, 1, -2, 1, 2, 1, -2, -2, -1, -1, -2, -2, 1, 2]"
754,dfs_bnb_mpi,3.90863,-9,10,1016142,"[-1, -1, 2, 2, 1, 1, -2, 1, -2, 1, -2, -1, -2, -1, 2, -1, -2, -2, -1, 2, 2, -1, 2, 2]"
755,dfs_bnb_mpi,9.66511,-12,13,2506548,"[-1, -1, 2, 2, -1, -2, -2, -1, -2, 1, 1, 1, -2, -1, -2, -1, 2, -1, -2, -1, 2, -1, 2, 1]"
756,dfs_bnb_mpi,15.1319,-11,11,3897689,"[-1, -1, 2, 1, 2, -1, 2, -1, -2, -2, -2, -1, 2, -1, -2, -1, 2, -1, 2, 1, 1, 2, 1, -2]"
757,dfs_bnb_mpi,3.05415,-10,11,805333,"[-1, -1, 2, 2, -1, -2, -2, -1, -2, 1, 1, 1, -2, -1, -2, -1, 2, -1, -1, 2, 2, 2, 1, 2]"
758,dfs_bnb_mpi,6.98794,-10,11,2056519,"[-1, -1, 2, 2, 1, -2, 1, 1, 1, -2, -1, -2, 1, 1, 2, 2, 1, 2, -1, -1, 2, -1, -2, -1]"
759,dfs_bnb_mpi,1.83124,-11,12,515161,"[-1, -1, 2, 1, 2, -1, -1, -2, -2, -1, 2, 2, -1, -2, -1, -2, 1, -2, 1, -2, 1, 2, 1, 1]"
760,dfs_bnb_mpi,1.59148,-10,10,459438,"[-1, -1, 2, 1, 2, -1, -1, 2, 1, 1, 1, 2, 2, 1, -2, 1, -2, -1, -2, -1, -2, 1, 1, 2]"
761,dfs_bnb_mpi,10.8308,-10,11,2771005,"[-1, -1, 2, 1, 2, -1, -1, -1, 2, 2, 1, -2, 1, 2, 2, 1, -2, -2, 1, 1, -2, -1, -2, 1]"
762,dfs_bnb_mpi,13.58,-11,12,3410503,"[-1, -2, -1, 2, -1, -2, -1, -2, 1, -2, 1, 2, 1, -2, 1, 2, 2, 1, 2, 1, -2, -2, -1, -2]"
763,dfs_bnb_mpi,4.96612,-11,12,1442095,"[-1, -2, -1, -2, 1, 1, 2, 1, 2, 2, -1, 2, -1, -2, -1, -2, -1, -2, -1, -1, -2, 1, 1, -2]"
764,dfs_bnb_mpi,0.226426,-10,11,56589,"[-1, -2, -1, 2, 2, 1, 1, 2, 1, -2, -2, -2, -1, -2, -1, -2, 1, -2, -1, -1, 2, 2, -1, 2]"
765,dfs_bnb_mpi,9.73792,-10,11,2808935,"[-1, -1, 2, 1, 2, 1, -2, 1, 2, 2, 2, 1, -2, 1, 1, -2, -1, -1, -2, 1, -2, -1, -1, -2]"
766,dfs_bnb_mpi,212.983,-11,12,54651870,"[-1, -2, -1, 2, 2, 1, 1, 1, -2, 1, -2, -2, -1, -2, 1, -2, -1, -1, 2, -1, 2, 1, 2, 1]"
767,dfs_bnb_mpi,5.47211,-11,12,1567953,"[-1, -2, 1, -2, -1, -1, 2, 2, 2, 1, 1, 2, -1, 2, -1, -2, -1, -2, -2, -1, -2, 1, -2, -1]"
768,dfs_bnb_mpi,3.17067,-11,12,856153,"[-1, -1, 2, -1, 2, 1, 1, -2, 1, 2, 2, 1, -2, 1, -2, -1, -2, -2, -2, 1, 2, 2, 1, 2]"
769,dfs_bnb_mpi,22.2964,-11,11,5878129,"[-1, -1, 2, -1, 2, -1, 2, 1, 1, -2, 1, -2, 1, 2, 1, -2, 1, 1, -2, -2, -1, -1, 2, 1]"
770,dfs_bnb_mpi,16.0725,-10,11,4110096,"[-1, -2, -1, -1, 2, 1, 2, 2, 1, -2, 1, 2, 2, -1, -1, 2, -1, -2, -1, -2, 1, -2, -1, -1]"
771,dfs_bnb_mpi,7.80462,-8,9,2137357,"[-1, -1, 2, 2, 2, 2, 1, 1, 2, -1, 2, -1, -2, -1, -2, -1, 2, -1, 2, 1, 1, 2, 1, 2]"
772,dfs_bnb_mpi,1.969,-10,11,567761,"[-1, -1, 2, 1, 2, -1, 2, 1, 2, 2, -1, -2, -1, -2, -1, -2, 1, -2, -1, -1, -2, 1, 1, -2]"
773,dfs_bnb_mpi,151.224,-10,11,42512146,"[-1, -2, 1, 1, 1, -2, -1, -1, -1, -1, -2, 1, 1, 1, 1, -2, -1, -1, -2, -1, 2, -1, -1, 2]"
774,dfs_bnb_mpi,29.4084,-11,12,6909538,"[-1, -1, -1, 2, 2, -1, 2, 1, 2, 2, 1, -2, 1, 1, -2, -1, -1, -2, -2, 1, 2, 1, -2, 1]"
775,dfs_bnb_mpi,1.22258,-9,10,321479,"[-1, -1, 2, -1, 2, 2, 2, -1, -2, -1, -2, 1, -2, -2, 1, -2, -2, 1, 2, 1, 1, 1, 2, 2]"
776,dfs_bnb_mpi,16.3683,-12,13,4363960,"[-1, -2, 1, 1, 2, 1, 2, -1, 2, 1, 2, -1, 2, -1, -2, -1, -1, -2, 1, 1, -2, -1, -1, -1]"
777,dfs_bnb_mpi,16.543,-10,11,4039787,"[-1, -1, 2, -1, -2, -1, -2, -1, 2, -1, -2, -2, 1, -2, 1, 2, 1, 2, 1, 1, -2, -1, -2, 1]"
778,dfs_bnb_mpi,12.474,-10,11,3708945,"[-1, -1, 2, 2, 2, -1, -2, -1, -2, 1, -2, -1, -2, 1, 1, 1, 1, 1, 2, 2, -1, 2, -1, -2]"
779,dfs_bnb_mpi,35.8216,-10,11,9669187,"[-1, -1, 2, 1, 1, 2, -1, 2, 1, 2, -1, 2, 2, -1, -2, -2, -1, -2, 1, -2, -1, -2, -1, 2]"
780,dfs_bnb_mpi,22.7332,-10,11,6600001,"[-1, -1, 2, 2, 1, -2, 1, 2, 2, -1, 2, -1, -2, -1, -2, -1, -2, 1, -2, -2, 1, 1, -2, -1]"
781,dfs_bnb_mpi,2.49426,-11,12,727046,"[-1, -2, -1, -1, 2, 1, 2, 1, 2, 1, -2, 1, 2, 2, 2, 1, -2, -2, -2, -2, -1, -2, -1, -2]"
782,dfs_bnb_mpi,32.5108,-10,11,8088687,"[-1, -1, 2, 2, 1, 2, -1, -1, 2, 2, -1, -2, -2, -1, -2, -2, 1, 2, 1, -2, -2, -2, 1, 1]"
783,dfs_bnb_mpi,2.95863,-11,12,705854,"[-1, -1, 2, 1, 2, 2, 1, 1, -2, -1, -2, 1, 1, 2, 1, -2, 1, -2, -1, -2, -1, -1, 2, 1]"
784,dfs_bnb_mpi,131.825,-10,11,35897537,"[-1, -1, 2, 1, 1, 1, 2, 2, 2, -1, -2, -2, -1, 2, -1, 2, -1, -2, -1, -2, -2, 1, 2, 1]"
785,dfs_bnb_mpi,19.887,-11,12,5360855,"[-1, -1, 2, -1, 2, 1, 2, 1, 2, 1, -2, -2, -1, -2, 1, 1, -2, 1, 1, -2, -1, -1, -1, -1]"
786,dfs_bnb_mpi,205.732,-8,9,54692875,"[-1, -1, 2, 2, 2, 2, 2, 1, -2, -2, 1, 2, 1, -2, 1, 1, -2, -1, -1, -1, -1, -2, 1, 1]"
787,dfs_bnb_mpi,10.3973,-11,12,2544062,"[-1, -2, -1, -2, -1, -1, -2, 1, 1, -2, -1, -2, 1, 1, 2, 2, 2, 1, 2, 1, -2, -2, -1, -2]"
788,dfs_bnb_mpi,30.6558,-10,11,7943860,"[-1, -1, 2, 1, 1, 1, -2, 1, 1, -2, -1, -2, 1, -2, -1, -1, -1, 2, 1, 2, -1, -1, -1, -1]"
789,dfs_bnb_mpi,4.28729,-11,11,1110999,"[-1, -1, 2, 2, 1, -2, 1, 2, 2, 1, 2, 1, -2, 1, -2, -1, -1, -2, 1, -2, -1, -2, -1, -1]"
790,dfs_bnb_mpi,27.6942,-11,12,7510691,"[-1, -2, -1, 2, 2, 1, 1, 2, -1, 2, -1, -2, -1, -2, -2, -1, 2, -1, 2, 1, 2, 2, 1, -2]"
791,dfs_bnb_mpi,42.1136,-9,10,10796558,"[-1, -1, 2, 2, 1, -2, 1, 2, 2, 1, 1, 2, 2, 1, -2, -2, -2, -2, -1, 2, -1, -2, -2, 1]"
792,dfs_bnb_mpi,7.61221,-11,12,2096657,"[-1, -1, 2, -1, -2, -1, -2, 1, -2, 1, 2, 1, 1, -2, -1, -2, -1, -1, -1, 2, -1, 2, 2, 2]"
793,dfs_bnb_mpi,2.00117,-10,11,450378,"[-1, -1, 2, 2, 2, 1, 2, -1, 2, -1, -1, -2, 1, -2, -1, -2, 1, -2, -1, -2, 1, -2, 1, 1]"
794,dfs_bnb_mpi,0.586449,-10,11,158240,"[-1, -1, -1, 2, 1, 2, 1, -2, 1, 2, 2, -1, 2, -1, -2, -1, -2, -1, -1, -2, 1, -2, -1, -1]"
795,dfs_bnb_mpi,36.3736,-11,12,9000881,"[-1, -1, 2, 1, 2, 2, -1, -2, -1, -1, -2, 1, -2, -1, -2, -2, 1, 2, 1, 1, 1, -2, -1, -1]"
796,dfs_bnb_mpi,2.80065,-11,12,738046,"[-1, -1, 2, 1, 2, 2, 1, -2, -2, 1, -2, 1, -2, -1, -1, -2, -1, 2, -1, -1, -1, -2, 1, 1]"
797,dfs_bnb_mpi,96.6361,-10,11,22173140,"[-1, -1, 2, 2, 1, -2, 1, 2, 1, 2, 2, 2, -1, -1, 2, -1, -2, -2, 1, 1, -2, -1, -1, -1]"
798,dfs_bnb_mpi,42.9659,-11,12,12285325,"[-1, -2, 1, 1, 2, 1, 2, 2, 1, 2, -1, 2, -1, 2, -1, -2, -1, -2, 1, 1, -2, -1, -2, 1]"
799,dfs_bnb_mpi,25.1295,-9,10,7628982,"[-1, -1, 2, 2, -1, -1, -2, 1, -2, -1, -1, 2, 2, 2, -1, -2, -2, -2, -2, 1, 1, 1, 1, 1]"
800,dfs_bnb_mpi,2.22207,-11,12,589038,"[-1, -1, 2, -1, -2, -1, -2, -1, -2, 1, 1, 2, 1, -2, 1, 2, 1, -2, 1, -2, -1, -2, -1, 2]"
801,dfs_bnb_mpi,12.4492,-10,11,3647276,"[-1, -1, 2, 2, -1, -1, -2, 1, -2, -2, -1, 2, -1, 2, 2, 2, 1, 1, 1, 2, 1, -2, -2, -2]"
802,dfs_bnb_mpi,0.849013,-9,10,263619,"[-1, -1, 2, 2, 1, -2, 1, 2, 2, -1, 2, 1, 1, -2, 1, 2, 1, -2, -2, -1, -1, -2, 1, 1]"
803,dfs_bnb_mpi,1.60787,-11,12,461895,"[-1, -1, 2, 2, 2, 1, -2, -2, 1, 2, 2, 1, -2, 1, -2, -1, -2, -2, -1, -1, -1, -1, 2, 2]"
804,dfs_bnb_mpi,188.552,-9,10,56869459,"[-1, -1, 2, 2, 2, -1, 2, -1, -2, -2, 1, -2, -1, -1, -2, 1, -2, -1, -1, 2, 2, 2, 1, 2]"
805,dfs_bnb_mpi,15.9727,-10,11,3600701,"[-1, -1, 2, -1, 2, -1, -1, 2, -1, -2, -2, -2, 1, 2, 1, -2, 1, -2, -1, -1, -2, 1, 1, 1]"
806,dfs_bnb_mpi,59.5138,-11,12,15892487,"[-1, -1, 2, 2, -1, -2, -2, -1, -2, -1, -2, 1, -2, -2, 1, 2, 1, 2, -1, 2, 1, 1, -2, 1]"
807,dfs_bnb_mpi,10.0544,-11,12,2597217,"[-1, -2, -1, -1, 2, 1, 2, 2, 2, -1, 2, 1, 1, -2, 1, -2, -1, -2, 1, 1, -2, -2, -1, -2]"
808,dfs_bnb_mpi,3.30007,-10,11,875700,"[-1, -2, -1, -2, -1, -2, 1, -2, 1, 2, 2, 1, 2, 1, 2, 2, 1, -2, -2, 1, 1, 2, -1, 2]"
809,dfs_bnb_mpi,11.8702,-10,11,3288514,"[-1, -1, 2, 1, 2, 1, -2, 1, -2, 1, 2, 1, 2, 1, 1, 2, -1, 2, -1, -2, -1, -2, -1, 2]"
810,dfs_bnb_mpi,9.52515,-9,10,2136850,"[-1, -1, 2, -1, -1, 2, 1, 2, 2, 2, 1, -2, 1, -2, -1, -2, 1, -2, 1, 2, 2, 2, 2, 2]"
811,dfs_bnb_mpi,102.588,-10,11,29184710,"[-1, -2, -1, 2, 2, 1, 2, 1, -2, 1, -2, -2, -1, -2, -2, 1, 2, 1, 1, 1, 2, -1, -1, 2]"
812,dfs_bnb_mpi,16.8559,-11,12,4855919,"[-1, -1, 2, 1, 2, 2, -1, 2, 2, -1, -2, -2, -1, -2, -1, -2, 1, -2, -2, 1, 2, 2, 2, 1]"
813,dfs_bnb_mpi,292.228,-11,12,84416596,"[-1, -2, 1, 1, 1, -2, -1, -1, -1, -1, -2, -1, -2, 1, 1, -2, -2, 1, 2, 2, 1, 2, -1, -1]"
814,dfs_bnb_mpi,38.6587,-11,12,9994446,"[-1, -1, 2, -1, 2, -1, -2, -1, -1, -2, 1, -2, 1, 2, 1, -2, 1, -2, -1, -2, -1, 2, -1, -2]"
815,dfs_bnb_mpi,1.53098,-12,13,355039,"[-1, -1, 2, 2, 1, -2, 1, 2, 1, 2, -1, 2, -1, 2, 1, 2, -1, -1, -2, -1, -2, 1, -2, 1]"
816,dfs_bnb_mpi,36.5738,-9,10,8746651,"[-1, -1, 2, 2, 2, 2, -1, -1, -1, -1, -2, -2, -2, 1, 1, 2, -1, 2, 1, 1, -2, -2, -2, -1]"
817,dfs_bnb_mpi,76.0881,-11,12,20805038,"[-1, -1, 2, 2, 2, -1, -1, 2, -1, 2, -1, -2, -2, 1, -2, -1, -2, 1, -2, 1, 2, 2, 1, -2]"
818,dfs_bnb_mpi,2.32366,-11,12,686966,"[-1, -1, 2, 2, 2, 1, -2, -2, 1, 2, 2, 1, -2, -2, -2, 1, 1, -2, -1, -1, -1, -2, -1, 2]"
819,dfs_bnb_mpi,76.6253,-11,12,20345150,"[-1, -1, 2, 1, 2, -1, 2, -1, 2, -1, -2, -1, 2, -1, -2, -2, 1, -2, 1, 2, 1, -2, -2, -1]"
820,dfs_bnb_mpi,188.317,-10,11,43386871,"[-1, -1, 2, 2, 2, 2, 2, 2, 1, 1, -2, 1, -2, -2, -1, 2, -1, -2, -2, 1, 1, -2, -1, -1]"
821,dfs_bnb_mpi,27.2575,-10,10,6600902,"[-1, -2, 1, 1, 2, 2, 2, -1, -2, -1, 2, 2, 1, 1, 1, -2, 1, -2, -1, -2, 1, -2, -1, -2]"
822,dfs_bnb_mpi,174.803,-10,11,45472301,"[-1, -1, 2, 2, 2, 2, -1, -1, 2, -1, -1, -2, 1, -2, -2, -2, 1, -2, 1, 2, 2, -1, 2, 1]"
823,dfs_bnb_mpi,22.4775,-11,12,6451809,"[-1, -1, 2, 2, 2, -1, -2, -1, -2, 1, -2, -2, -1, -1, -1, 2, -1, 2, 1, 2, 1, -2, -2, 1]"
824,dfs_bnb_mpi,42.226,-10,11,10536098,"[-1, -1, 2, -1, -2, -1, 2, -1, -2, -1, -2, -1, -2, 1, -2, 1, 2, 2, 1, 1, 1, -2, -1, -1]"
825,dfs_bnb_mpi,120.953,-10,11,32657787,"[-1, -1, 2, 1, 2, 1, 1, -2, 1, -2, -1, -2, -2, -2, -1, -1, 2, -1, -1, 2, 1, 1, 1, -2]"
826,dfs_bnb_mpi,104.921,-12,13,26772155,"[-1, -1, 2, 1, 1, 2, 1, 2, 1, -2, 1, -2, -1, -2, -2, -2, -1, -1, -1, 2, 1, 1, 2, 2]"
827,dfs_bnb_mpi,11.4456,-10,11,3045582,"[-1, -1, 2, 2, 2, 1, -2, -2, 1, 2, 2, 2, 1, 1, -2, -2, -1, -2, 1, 1, -2, -1, -1, -2]"
828,dfs_bnb_mpi,166.722,-10,11,43988036,"[-1, -1, 2, 2, -1, 2, -1, -1, 2, -1, 2, 2, -1, -2, -2, -2, 1, -2, 1, 1, -2, -2, 1, 2]"
829,dfs_bnb_mpi,2.24202,-11,12,644574,"[-1, -1, -1, 2, 1, 1, 1, 1, 2, -1, -1, -1, -1, 2, 1, 1, 2, -1, 2, 1, 1, -2, -2, 1]"
830,dfs_bnb_mpi,8.99356,-11,12,2167940,"[-1, -1, 2, -1, 2, 2, -1, 2, -1, -2, -1, -2, 1, 1, -2, -1, -2, 1, 1, -2, 1, 1, -2, -1]"
831,dfs_bnb_mpi,11.6747,-12,12,3028541,"[-1, -2, -2, 1, 2, 1, 1, -2, 1, 2, 1, 2, -1, -1, -1, 2, 1, 2, 2, 1, -2, 1, -2, -1]"
832,dfs_bnb_mpi,15.2921,-12,13,3727247,"[-1, -2, 1, 1, 2, 1, -2, 1, 1, -2, -1, -2, -1, -2, -1, 2, -1, -2, -1, 2, 2, 1, 1, 1]"
833,dfs_bnb_mpi,30.2247,-11,12,8634155,"[-1, -1, 2, 1, 2, 1, -2, 1, -2, 1, -2, 1, -2, -1, -2, -1, -2, -1, 2, 2, 1, 2, -1, -1]"
834,dfs_bnb_mpi,30.9268,-10,11,7955798,"[-1, -1, 2, 2, 2, 2, 1, -2, -2, -2, 1, 1, -2, -2, -1, -1, -1, -1, 2, 2, -1, 2, 1, 2]"
835,dfs_bnb_mpi,5.45061,-10,11,1235479,"[-1, -1, 2, 1, 2, 1, -2, 1, 2, 2, -1, 2, -1, -2, -1, -2, -1, -1, 2, 1, 2, 1, 2, 2]"
836,dfs_bnb_mpi,15.651,-10,11,3521435,"[-1, -1, 2, 2, 2, -1, -2, -1, -1, -1, -2, 1, 1, 1, -2, -1, -1, -2, 1, 1, -2, 1, 2, 1]"
837,dfs_bnb_mpi,226.247,-10,11,59140370,"[-1, -2, 1, 1, 2, 2, -1, -1, 2, 1, 2, -1, 2, -1, -2, -1, -2, -1, -2, 1, -2, 1, 2, 2]"
838,dfs_bnb_mpi,1.41791,-10,11,419865,"[-1, -1, -1, 2, 2, 1, -2, 1, 2, 1, -2, 1, 1, 2, -1, 2, -1, 2, 2, 2, -1, -2, -2, -2]"
839,dfs_bnb_mpi,3.30302,-11,12,783271,"[-1, -1, 2, 2, 2, 1, -2, -2, 1, 1, -2, 1, -2, -1, -1, -1, -1, -2, 1, -2, 1, 2, 1, 1]"
840,dfs_bnb_mpi,13.6453,-11,12,3738614,"[-1, -2, 1, 1, 2, 2, -1, 2, 1, 2, 1, -2, 1, -2, -1, -2, -2, -2, 1, 2, 2, 1, 2, 2]"
841,dfs_bnb_mpi,106.633,-11,12,26821029,"[-1, -1, 2, 1, 2, 1, -2, 1, 1, -2, -2, -2, -2, -1, -1, -2, -1, 2, 2, 2, 1, 1, -2, -1]"
842,dfs_bnb_mpi,17.2176,-11,12,4344158,"[-1, -1, 2, -1, -2, -1, -2, -1, 2, -1, -2, -1, -2, -2, 1, 2, 1, 1, -2, 1, 2, 1, 2, -1]"
843,dfs_bnb_mpi,17.4425,-10,11,4941445,"[-1, -1, 2, 1, 2, 1, -2, 1, 2, 1, 2, 2, 1, 2, 2, -1, -2, -1, -2, -2, -1, 2, 2, 2]"
844,dfs_bnb_mpi,2.21664,-10,11,619314,"[-1, -2, 1, 1, 2, 1, -2, -2, -1, -1, -2, 1, -2, 1, 2, 1, 1, 2, -1, 2, 2, 2, 2, 2]"
845,dfs_bnb_mpi,3.25146,-10,11,827103,"[-1, -1, 2, 2, 2, -1, -2, -1, 2, -1, -2, -2, 1, 1, -2, -1, -2, 1, 1, 1, -2, -1, -1, -1]"
846,dfs_bnb_mpi,48.4058,-11,12,11078896,"[-1, -1, 2, 1, 1, 2, 2, 1, 1, 1, -2, -2, -1, 2, -1, -2, -2, 1, -2, -2, -1, -1, 2, 1]"
847,dfs_bnb_mpi,4.60909,-10,11,1196407,"[-1, -1, 2, 2, 2, 2, 1, -2, -2, 1, 1, 2, -1, 2, 2, -1, -1, -1, -2, -1, -2, 1, -2, -1]"
848,dfs_bnb_mpi,105.319,-11,12,23690534,"[-1, -1, 2, -1, -1, 2, 1, 2, 1, 2, 2, 1, 2, 1, -2, -2, -1, -2, 1, -2, -2, -1, 2, -1]"
849,dfs_bnb_mpi,35.1818,-10,11,9575443,"[-1, -1, -1, 2, 2, 2, 1, 1, -2, -1, -2, 1, 1, 1, 2, 1, 1, 2, -1, 2, -1, -2, -1, -2]"
850,dfs_bnb_mpi,14.0079,-11,12,4089449,"[-1, -1, 2, 1, 2, -1, -1, 2, 2, 1, -2, 1, 2, 2, 1, -2, -2, 1, -2, 1, -2, -1, -1, 2]"
851,dfs_bnb_mpi,27.861,-10,10,7475468,"[-1, -1, 2, 2, 2, 1, -2, -2, 1, 1, 1, 2, -1, -1, 2, 1, 1, 2, -1, 2, -1, -1, -2, 1]"
852,dfs_bnb_mpi,71.0193,-12,13,19309085,"[-1, -2, -1, 2, -1, 2, 1, 2, -1, 2, 1, 2, 1, 1, 2, 1, -2, -2, -1, -1, -2, 1, -2, -1]"
853,dfs_bnb_mpi,5.0001,-10,11,1348886,"[-1, -1, 2, 2, 1, -2, 1, 1, -2, 1, 2, 1, 2, -1, 2, -1, -2, -1, 2, -1, 2, 2, 2, 2]"
854,dfs_bnb_mpi,2.16989,-11,11,579204,"[-1, -2, -1, 2, 2, 1, 1, 2, -1, 2, 1, 2, 1, -2, 1, -2, -1, -2, -2, -2, -1, -2, 1, 1]"
855,dfs_bnb_mpi,1.95126,-11,12,549922,"[-1, -1, 2, 1, 2, -1, 2, -1, 2, 1, 2, 1, -2, -2, 1, 1, -2, -1, -2, 1, -2, -2, -1, -1]"
856,dfs_bnb_mpi,90.5349,-10,11,24526989,"[-1, -1, 2, 2, 1, -2, 1, 1, 2, 1, 1, 2, -1, -1, 2, 1, 2, -1, -1, -2, -1, -2, 1, -2]"
857,dfs_bnb_mpi,9.43673,-12,13,2667734,"[-1, -2, 1, -2, -1, -2, 1, 1, 2, 2, 2, 1, 2, -1, 2, -1, -2, -1, -1, 2, -1, -2, -2, 1]"
858,dfs_bnb_mpi,11.5043,-9,10,3321839,"[-1, -1, 2, 2, 2, 2, 1, -2, -2, 1, 2, 2, 2, -1, -1, -1, -2, -2, -2, -2, -2, -1, 2, 2]"
859,dfs_bnb_mpi,24.0826,-11,12,6571610,"[-1, -1, 2, -1, -2, -2, 1, 1, 1, -2, -1, -2, -2, -1, -2, -1, 2, 2, 1, 2, -1, -1, 2, 2]"
860,dfs_bnb_mpi,8.76626,-10,11,2635083,"[-1, -1, 2, 1, 2, -1, 2, -1, -2, -1, -2, 1, -2, -1, -2, 1, -2, 1, 2, 1, -2, 1, 2, 1]"
861,dfs_bnb_mpi,2.46757,-10,11,651474,"[-1, -2, 1, 1, 2, 1, -2, -2, -1, -1, -2, -1, 2, -1, 2, 2, -1, -2, -2, -2, 1, -2, 1, 1]"
862,dfs_bnb_mpi,0.427067,-11,12,132009,"[-1, -1, -1, 2, 2, 1, -2, 1, 2, 1, -2, 1, -2, 1, 1, -2, -1, -1, -1, -2, -1, 2, -1, -1]"
863,dfs_bnb_mpi,76.9542,-11,12,21719913,"[-1, -1, 2, 1, 2, 1, -2, 1, 2, 2, -1, 2, -1, -1, 2, -1, -1, -2, 1, -2, -2, 1, 2, 1]"
864,dfs_bnb_mpi,412.353,-8,9,110629763,"[-1, -1, 2, 2, 2, 2, 2, 1, 1, 2, -1, 2, 2, 1, 2, -1, -1, -2, -1, -2, 1, -2, -1, -2]"
865,dfs_bnb_mpi,4.4417,-12,12,1261468,"[-1, -2, -2, 1, 2, 1, 2, 2, 2, 1, -2, -2, -2, -2, 1, -2, 1, 2, 2, -1, 2, 1, 2, -1]"
866,dfs_bnb_mpi,4.5984,-11,12,1332337,"[-1, -1, 2, 2, 1, -2, 1, 2, 2, 1, -2, 1, 2, 2, 1, -2, -2, -2, -1, -2, -2, -1, 2, 2]"
867,dfs_bnb_mpi,12.2031,-12,13,3183901,"[-1, -2, -1, -2, -1, 2, 2, 1, 2, -1, 2, 2, 1, -2, 1, 2, 2, 1, -2, 1, -2, -1, -2, -1]"
868,dfs_bnb_mpi,69.331,-11,12,19570714,"[-1, -2, -2, -1, 2, -1, -2, -1, -1, 2, 1, 2, 2, 2, 1, 1, 1, 1, -2, -1, -1, -1, -2, 1]"
869,dfs_bnb_mpi,11.0531,-11,12,3022790,"[-1, -1, 2, 2, 1, -2, 1, 1, -2, 1, -2, -1, -2, 1, -2, -1, -1, -1, 2, 1, 2, -1, -1, -1]"
870,dfs_bnb_mpi,40.0749,-10,11,9953643,"[-1, -1, 2, 2, 2, 1, 2, 2, 1, -2, -2, 1, 2, 1, -2, -2, -1, -1, -1, -2, 1, 1, -2, 1]"
871,dfs_bnb_mpi,0.991562,-11,12,263243,"[-1, -1, 2, 2, 1, -2, 1, 1, -2, -2, 1, 2, 1, 2, -1, 2, -1, -1, 2, -1, 2, -1, -2, -1]"
872,dfs_bnb_mpi,434.634,-11,12,111166703,"[-1, -2, -1, 2, -1, 2, 2, -1, -1, 2, 2, 1, -2, 1, 2, 1, -2, 1, 1, -2, -1, -1, -2, 1]"
873,dfs_bnb_mpi,37.8597,-12,13,8615130,"[-1, -2, -2, -2, -1, 2, 2, -1, 2, 1, 2, 1, 2, 1, -2, 1, -2, 1, -2, -2, -1, -1, 2, 1]"
874,dfs_bnb_mpi,3.19891,-11,11,836468,"[-1, -2, 1, -2, 1, 2, 2, 2, 2, 1, -2, -2, -2, -2, 1, 2, 2, 2, 1, -2, 1, -2, -1, -2]"
875,dfs_bnb_mpi,20.3567,-10,11,5535252,"[-1, -2, -1, -2, 1, -2, 1, 2, 2, 1, 2, 2, 1, 2, 1, 1, 1, -2, -1, -1, -2, -1, -2, 1]"
876,dfs_bnb_mpi,13.3521,-10,11,3313231,"[-1, -2, -1, 2, 2, -1, 2, 2, 2, 1, 1, -2, -1, -2, 1, -2, 1, 2, 2, 1, 2, -1, 2, 2]"
877,dfs_bnb_mpi,0.510046,-11,12,154918,"[-1, -1, 2, 1, 2, 1, -2, 1, 2, 1, -2, -2, -1, -2, -1, -2, -2, -1, -1, 2, 1, 2, -1, -1]"
878,dfs_bnb_mpi,41.2025,-11,12,9497528,"[-1, -1, 2, -1, -2, -2, 1, 1, -2, -1, -1, -2, -1, -2, -1, 2, 2, 1, 2, 2, -1, -2, -1, -2]"
879,dfs_bnb_mpi,0.771131,-10,11,201519,"[-1, -1, 2, 1, 2, -1, 2, -1, 2, -1, -2, -1, -2, 1, 1, -2, -1, -1, -1, -2, 1, 1, 1, -2]"
880,dfs_bnb_mpi,7.4489,-10,11,1756204,"[-1, -1, 2, -1, 2, 2, 2, -1, -2, -2, -2, -2, 1, -2, 1, 1, -2, -1, -1, -2, -1, 2, 2, -1]"
881,dfs_bnb_mpi,7.41578,-12,13,2074412,"[-1, -2, -1, -2, 1, -2, -1, -2, -1, 2, -1, 2, 1, 2, -1, -1, 2, 1, 2, 1, -2, 1, 2, 1]"
882,dfs_bnb_mpi,33.7242,-10,11,8612738,"[-1, -1, 2, 2, 2, 2, -1, -2, -2, -1, 2, 2, -1, -2, -1, -2, 1, -2, 1, -2, -2, 1, 2, 2]"
883,dfs_bnb_mpi,45.0345,-9,10,11111368,"[-1, -1, 2, 2, 2, 2, -1, -2, -2, -2, -2, -2, -1, -1, 2, 1, 2, -1, 2, 1, 2, 2, 2, 1]"
884,dfs_bnb_mpi,12.3479,-11,12,3344602,"[-1, -1, 2, -1, -2, -2, 1, 1, 1, 1, -2, -1, -1, -1, -1, -2, -2, 1, 2, 1, 1, -2, -1, -2]"
885,dfs_bnb_mpi,2.35417,-12,13,647476,"[-1, -2, 1, 1, -2, 1, -2, -2, -2, -1, 2, 2, -1, 2, -1, -2, -1, -2, 1, -2, -2, 1, 2, 2]"
886,dfs_bnb_mpi,64.442,-10,11,17474485,"[-1, -2, 1, 1, 2, 2, -1, -1, -1, -1, -2, -2, -2, -2, 1, -2, 1, 2, 1, 2, -1, -1, 2, 2]"
887,dfs_bnb_mpi,1.35173,-11,12,335993,"[-1, -1, 2, -1, -1, 2, -1, -2, -2, 1, 1, -2, 1, 1, -2, 1, -2, -1, -2, -1, 2, -1, 2, 1]"
888,dfs_bnb_mpi,73.2052,-11,12,21931543,"[-1, -1, 2, -1, -2, -1, -2, -1, -2, 1, 1, 1, -2, -2, 1, 2, 2, 1, 1, 2, -1, -1, -1, -1]"
889,dfs_bnb_mpi,402.823,-10,11,108059090,"[-1, -1, 2, 1, 1, 1, 2, -1, -1, 2, -1, 2, -1, -2, -1, -2, -1, -2, -2, 1, 2, 1, 2, 1]"
890,dfs_bnb_mpi,4.32071,-11,12,1230161,"[-1, -1, 2, -1, 2, 2, -1, -2, -2, -1, -2, -1, -2, 1, -2, 1, 2, 2, 1, -2, -2, 1, 2, 1]"
891,dfs_bnb_mpi,16.7184,-10,11,4749519,"[-1, -1, 2, -1, -2, -1, 2, -1, -2, -1, 2, -1, -2, -1, -2, 1, -2, 1, 2, 1, 1, 1, 1, 1]"
892,dfs_bnb_mpi,29.6512,-11,11,7781115,"[-1, -2, 1, 1, 2, 2, 1, 1, 2, -1, -1, 2, 1, 1, 2, -1, -1, -1, -2, -1, -2, -2, 1, 2]"
893,dfs_bnb_mpi,324.159,-9,10,81048173,"[-1, -1, 2, 2, 2, 2, 2, 2, 2, 1, -2, 1, 2, 2, 1, -2, 1, -2, -1, -2, -1, -1, -2, 1]"
894,dfs_bnb_mpi,155.536,-11,12,39927540,"[-1, -1, 2, 2, 1, 2, -1, 2, -1, -1, -1, -2, -2, -1, -2, 1, -2, 1, 2, 1, 2, 2, -1, -2]"
895,dfs_bnb_mpi,14.276,-11,12,4081047,"[-1, -1, 2, 2, 2, -1, -2, -1, 2, 2, 1, 2, 1, -2, 1, 1, -2, -1, -2, 1, 1, -2, -1, -1]"
896,dfs_bnb_mpi,68.4663,-10,11,15378902,"[-1, -1, 2, 2, 2, -1, 2, 2, 1, -2, 1, 2, 1, 1, -2, -1, -2, -1, -2, 1, 1, -2, -1, -1]"
897,dfs_bnb_mpi,19.7028,-11,12,4949252,"[-1, -1, 2, 1, 1, 1, 1, 2, -1, -1, 2, -1, -2, -1, 2, -1, -2, -1, -2, 1, -2, -2, -1, 2]"
898,dfs_bnb_mpi,22.6187,-11,12,6723992,"[-1, -2, 1, 1, 2, 2, 2, 1, 2, -1, 2, -1, -2, -1, -2, -1, 2, -1, -2, -2, 1, 1, 1, 2]"
899,dfs_bnb_mpi,2.54261,-10,11,653429,"[-1, -1, 2, 1, 2, -1, -1, 2, 2, 2, -1, -2, -2, -1, -2, 1, -2, 1, -2, -2, 1, -2, 1, 2]"
900,dfs_bnb_mpi,18.1525,-9,10,5415574,"[-1, -1, 2, -1, 2, -1, 2, 1, 1, -2, 1, -2, 1, 2, 1, 2, -1, -1, 2, -1, 2, -1, -2, -1]"
901,dfs_bnb_mpi,49.6755,-10,11,12829748,"[-1, -1, -1, 2, 2, 2, 2, 1, 2, 1, -2, 1, -2, 1, -2, -2, -1, -1, -1, 2, 2, 1, -2, 1]"
902,dfs_bnb_mpi,67.1676,-8,8,17239598,"[-1, -1, 2, 2, 2, 1, -2, -2, 1, 1, 1, 2, 2, -1, -2, -1, 2, 2, -1, -1, 2, -1, -2, -1]"
903,dfs_bnb_mpi,3.9576,-11,12,1189385,"[-1, -2, -1, -1, -1, -2, 1, 1, -2, 1, 2, 1, 2, 1, 2, 1, 2, -1, -1, 2, -1, -2, -1, -2]"
904,dfs_bnb_mpi,1.84829,-11,11,500651,"[-1, -1, 2, 2, 1, -2, 1, 1, 1, 2, -1, -1, 2, -1, 2, -1, -2, -1, -2, -1, -1, -2, 1, 1]"
905,dfs_bnb_mpi,17.9981,-13,13,5214671,"[-1, -2, -1, 2, -1, 2, 1, 1, 2, 1, -2, 1, -2, 1, -2, 1, -2, -1, -2, -1, 2, 2, -1, -2]"
906,dfs_bnb_mpi,87.365,-10,10,21689541,"[-1, -1, 2, 2, -1, -2, -2, -1, -1, -2, -2, -1, -2, 1, 1, 1, 2, 1, 1, 2, -1, -1, -1, -2]"
907,dfs_bnb_mpi,7.31439,-12,13,2075728,"[-1, -1, 2, 1, 2, 1, -2, 1, -2, -2, 1, -2, -1, -2, -2, -1, 2, -1, 2, -1, 2, 1, 1, -2]"
908,dfs_bnb_mpi,1.18248,-11,12,331489,"[-1, -1, 2, 1, 1, 2, 1, 2, 1, 2, 1, -2, -2, -1, -2, -1, -2, -2, -1, -2, -1, -1, 2, 1]"
909,dfs_bnb_mpi,0.62031,-12,12,169687,"[-1, -1, -1, 2, 1, 1, 2, 1, -2, 1, -2, 1, -2, -1, -1, -1, -1, -1, -2, 1, -2, 1, 2, 1]"
910,dfs_bnb_mpi,19.097,-10,11,5726901,"[-1, -1, 2, 2, 1, 2, -1, 2, 1, 1, -2, 1, 1, 2, 1, -2, -2, -1, -2, -1, 2, -1, -2, -1]"
911,dfs_bnb_mpi,3.99563,-10,9,975595,"[-1, -1, 2, 2, 1, -2, 1, 1, 2, -1, 2, 2, -1, -2, -1, 2, -1, -2, -2, -1, -1, -2, 1, 1]"
912,dfs_bnb_mpi,31.8074,-10,11,9074931,"[-1, -1, 2, 2, 1, -2, 1, 1, -2, -2, -2, 1, -2, -1, -2, -1, 2, -1, 2, -1, 2, 1, 1, -2]"
913,dfs_bnb_mpi,25.4368,-11,12,6595504,"[-1, -1, 2, 1, 2, 1, -2, 1, 2, 2, 1, 2, 1, -2, -2, -1, -2, 1, -2, -1, -1, -2, -1, -1]"
914,dfs_bnb_mpi,2.98482,-11,12,854739,"[-1, -1, 2, -1, -1, 2, 1, 1, 1, -2, 1, 2, 1, 2, 1, -2, -2, -1, -2, 1, -2, -1, -1, -1]"
915,dfs_bnb_mpi,186.218,-11,12,52491297,"[-1, -1, 2, 2, 2, 2, -1, 2, -1, -2, -1, -2, -1, -2, 1, -2, 1, -2, 1, 2, 2, 2, -1, -2]"
916,dfs_bnb_mpi,16.7283,-12,13,4196112,"[-1, -2, 1, 1, 2, 2, 1, -2, 1, -2, -1, -2, -1, -1, -1, -2, 1, 1, 1, -2, -1, -2, -1, 2]"
917,dfs_bnb_mpi,496.536,-10,11,110904231,"[-1, -1, 2, 2, 2, 2, 2, -1, -1, -2, -1, -2, -1, -2, 1, -2, 1, 2, 2, 1, -2, -2, -2, -1]"
918,dfs_bnb_mpi,14.9973,-11,12,3965964,"[-1, -2, 1, 1, 2, 1, 2, 1, 2, -1, 2, 2, 2, -1, -2, -2, -1, -1, -2, -2, 1, 2, 1, -2]"
919,dfs_bnb_mpi,1.39349,-13,14,357410,"[-1, -1, 2, 1, 2, 1, -2, 1, 2, 1, -2, -2, -1, -2, 1, 1, -2, -1, -2, -1, 2, -1, 2, -1]"
920,dfs_bnb_mpi,0.79622,-10,11,187662,"[-1, -1, 2, 1, 2, -1, -1, -2, -2, -1, -2, 1, 1, 1, 1, -2, -1, -1, -1, -2, 1, 1, 1, 1]"
921,dfs_bnb_mpi,2.55999,-11,12,637686,"[-1, -2, 1, 1, 2, 1, -2, -2, -2, 1, -2, -1, -1, 2, 2, -1, -1, -1, -2, 1, 1, -2, -1, -1]"
922,dfs_bnb_mpi,3.4298,-11,12,837164,"[-1, -1, 2, 2, -1, 2, -1, 2, -1, -2, -2, 1, -2, 1, -2, -2, -1, -2, -1, -1, 2, 1, 2, 1]"
923,dfs_bnb_mpi,32.2204,-10,11,8801341,"[-1, -1, 2, -1, -2, -2, -2, 1, 2, 1, 1, -2, -1, -2, -1, -1, -1, 2, 2, 2, -1, -2, -2, -1]"
924,dfs_bnb_mpi,618.356,-9,10,177527797,"[-1, -1, 2, 2, 2, 1, 2, -1, 2, 2, 1, 1, -2, -2, -2, 1, 1, -2, -1, -2, -1, 2, -1, -2]"
925,dfs_bnb_mpi,4.87723,-11,10,1152650,"[-1, -2, 1, 1, 2, 2, 1, 2, 2, 1, -2, -2, 1, -2, -1, -1, -2, -2, 1, 2, 1, 1, 2, 2]"
926,dfs_bnb_mpi,34.9845,-10,11,9095973,"[-1, -1, 2, -1, -2, -2, 1, 1, -2, -1, -2, 1, -2, -2, 1, 2, 2, 2, 2, 1, -2, -2, 1, 2]"
927,dfs_bnb_mpi,70.6421,-10,11,19547244,"[-1, -1, 2, 2, -1, 2, -1, -2, -1, -2, -1, -2, -1, -1, -2, 1, 1, 1, 2, 1, 2, 1, -2, -2]"
928,dfs_bnb_mpi,53.3686,-11,12,13238643,"[-1, -2, 1, 1, 1, 2, -1, 2, 1, 2, -1, 2, 2, 2, -1, -2, -2, -2, -2, -1, 2, 2, -1, -2]"
929,dfs_bnb_mpi,23.2652,-10,11,7078050,"[-1, -1, 2, 1, 2, 2, -1, -2, -1, 2, 2, 2, 1, 1, -2, 1, -2, 1, 1, -2, -1, -2, -1, 2]"
930,dfs_bnb_mpi,0.315352,-11,12,88743,"[-1, -1, 2, 2, 2, 1, -2, -2, 1, 2, 1, 2, 1, -2, -2, -1, -2, -2, 1, -2, -1, -1, 2, -1]"
931,dfs_bnb_mpi,104.188,-10,11,23080799,"[-1, -2, -1, 2, 2, 1, 2, 1, 1, 1, 2, -1, -1, 2, 2, -1, -2, -2, -1, 2, -1, -2, -2, 1]"
932,dfs_bnb_mpi,422.557,-8,9,125313156,"[-1, -1, 2, 2, 2, 1, 2, -1, -1, 2, -1, -2, -1, -2, 1, -2, -1, -1, -2, 1, 1, 1, 2, 2]"
933,dfs_bnb_mpi,69.5267,-10,11,18517220,"[-1, -1, 2, 1, 1, 2, 1, 2, -1, 2, 2, 1, -2, 1, -2, 1, -2, -1, -2, 1, -2, -1, -1, 2]"
934,dfs_bnb_mpi,0.749066,-11,12,185909,"[-1, -1, 2, 1, 1, 2, 1, -2, -2, 1, -2, -1, -1, -1, -1, -2, -2, 1, 2, 1, 1, 1, 1, 2]"
935,dfs_bnb_mpi,61.0254,-10,11,15632963,"[-1, -1, 2, 2, 2, -1, -2, -2, -1, 2, 2, -1, -2, -1, -2, 1, -2, -2, 1, 2, 1, -2, 1, 1]"
936,dfs_bnb_mpi,78.4392,-8,9,21443715,"[-1, -1, 2, 2, 2, 2, 1, -2, -2, -2, 1, 2, 2, 2, 2, -1, -1, -1, -2, -2, -2, -1, -2, 1]"
937,dfs_bnb_mpi,13.3856,-11,12,3990255,"[-1, -1, 2, 1, 2, 1, -2, 1, -2, -2, -1, -1, -1, -2, 1, 1, -2, 1, 2, 1, 2, 2, 1, -2]"
938,dfs_bnb_mpi,11.6939,-11,12,3035575,"[-1, -1, 2, 1, 2, -1, 2, -1, -1, -2, 1, -2, -1, -1, 2, 2, -1, 2, 1, 2, 1, 1, -2, -1]"
939,dfs_bnb_mpi,2.67834,-12,13,665780,"[-1, -2, 1, -2, 1, 1, 1, 2, -1, -1, 2, 2, -1, -1, 2, 2, 1, -2, 1, 1, -2, 1, -2, -1]"
940,dfs_bnb_mpi,7.38146,-10,11,1703379,"[-1, -2, 1, 1, 1, -2, 1, -2, -1, -2, -2, -1, 2, 2, 2, -1, -1, -1, -1, -2, 1, 1, 1, -2]"
941,dfs_bnb_mpi,6.15435,-12,13,1824498,"[-1, -1, -1, 2, 1, 2, 1, -2, 1, 1, -2, 1, 1, -2, -1, -1, -2, -1, 2, -1, -1, -2, -1, 2]"
942,dfs_bnb_mpi,159.28,-11,12,38044917,"[-1, -2, -1, -1, 2, 1, 2, 1, 2, -1, 2, 2, 2, -1, -2, -2, -1, -2, 1, -2, -1, -1, -2, 1]"
943,dfs_bnb_mpi,13.4552,-10,11,4069820,"[-1, -2, 1, -2, -2, 1, 1, 2, -1, 2, 1, 2, -1, 2, -1, 2, 2, 2, -1, -2, -2, -2, -1, -2]"
944,dfs_bnb_mpi,17.2106,-10,11,4602644,"[-1, -1, 2, 2, -1, -2, -1, -2, 1, -2, -2, -1, -1, -2, 1, 1, 1, 1, 2, -1, 2, 1, 1, 1]"
945,dfs_bnb_mpi,0.639029,-10,11,172331,"[-1, -1, 2, 2, 2, 1, -2, -2, 1, 2, 1, -2, 1, -2, -1, -2, -1, -2, -1, 2, -1, -1, 2, 2]"
946,dfs_bnb_mpi,142.574,-10,11,39936430,"[-1, -1, 2, 2, 2, -1, -2, -1, 2, 2, -1, -2, -1, -2, 1, -2, -2, -2, 1, 1, 2, 2, -1, -2]"
947,dfs_bnb_mpi,2.72671,-12,13,793683,"[-1, -1, 2, 2, -1, -2, -2, -2, 1, -2, -2, 1, 2, 2, 1, -2, 1, 2, 1, 2, -1, 2, -1, -1]"
948,dfs_bnb_mpi,0.451282,-12,13,112109,"[-1, -2, 1, 1, 2, 2, -1, 2, -1, -2, -1, -2, -2, -1, 2, 2, -1, -2, -1, -2, 1, -2, 1, 1]"
949,dfs_bnb_mpi,79.3244,-12,13,21535186,"[-1, -2, -2, -1, 2, -1, 2, 1, 2, -1, 2, 1, 2, 2, 1, 1, -2, 1, -2, -1, -2, -1, 2, 2]"
950,dfs_bnb_mpi,3.15673,-10,9,822284,"[-1, -1, 2, 2, 2, 2, 1, 2, -1, -1, -2, -2, -2, -2, -2, -1, 2, 2, 2, -1, 2, 1, 2, 2]"
951,dfs_bnb_mpi,74.1878,-10,10,20243065,"[-1, -1, 2, 2, 2, 1, 2, 2, 1, -2, -2, 1, -2, 1, 1, -2, -1, -2, -1, 2, -1, 2, -1, -2]"
952,dfs_bnb_mpi,8.07918,-10,11,2400382,"[-1, -1, 2, 2, -1, -2, -2, -1, 2, 2, 2, 1, 2, 1, -2, 1, 2, 2, 1, -2, -2, -2, -1, -2]"
953,dfs_bnb_mpi,7.12944,-11,11,1833063,"[-1, -1, 2, -1, -2, -1, 2, 2, -1, -2, -2, -1, -2, 1, 1, 1, 1, 1, -2, -1, -1, -2, -1, 2]"
954,dfs_bnb_mpi,116.801,-11,12,25772305,"[-1, -1, 2, 2, -1, 2, 1, 2, 1, 1, 1, -2, -2, 1, -2, -2, -1, 2, -1, -1, 2, 2, 1, -2]"
955,dfs_bnb_mpi,1.77149,-10,10,515452,"[-1, -1, -1, 2, 1, 2, 2, 1, -2, -2, 1, 2, 1, 1, 2, -1, -1, 2, -1, -1, -1, -2, -2, -1]"
956,dfs_bnb_mpi,8.74655,-11,12,2270329,"[-1, -2, -1, 2, 2, 2, -1, 2, 2, 1, -2, 1, -2, -2, 1, 2, 2, 2, -1, 2, -1, 2, -1, -2]"
957,dfs_bnb_mpi,35.5782,-10,11,7990285,"[-1, -1, 2, 2, 2, 2, 1, 2, 1, 1, 1, -2, -2, -1, 2, -1, -2, -1, -2, -2, 1, 2, 1, 1]"
958,dfs_bnb_mpi,7.66477,-10,11,2246729,"[-1, -1, 2, 2, 2, 1, 1, -2, -1, -2, 1, 1, 2, 1, -2, -2, -1, -2, -2, -1, 2, -1, -1, -1]"
959,dfs_bnb_mpi,3.61433,-11,11,931540,"[-1, -1, 2, 1, 2, -1, 2, 2, 1, -2, 1, -2, -2, 1, -2, -2, -1, -2, -1, 2, -1, -1, 2, 2]"
960,dfs_bnb_mpi,16.6447,-10,10,4188592,"[-1, -1, 2, 1, 2, 2, 1, -2, -2, 1, 1, -2, -1, -2, -1, -1, -1, -2, 1, 1, 1, -2, -1, -1]"
961,dfs_bnb_mpi,12.8985,-10,11,3535895,"[-1, -1, -1, 2, 1, 1, 2, 2, -1, -2, -1, 2, -1, -1, -1, -2, 1, 1, -2, -2, -1, 2, -1, -1]"
962,dfs_bnb_mpi,18.3135,-11,12,5126936,"[-1, -2, 1, 1, 2, 2, 2, 1, -2, -2, 1, 2, 1, -2, -2, -1, -1, -2, -1, -2, -1, -1, 2, 1]"
963,dfs_bnb_mpi,0.919801,-11,12,244710,"[-1, -2, 1, 1, 2, 2, 1, 2, 1, -2, 1, -2, -1, -1, -2, -2, -1, -2, -2, -1, 2, 2, -1, -1]"
964,dfs_bnb_mpi,8.83543,-11,12,2018087,"[-1, -2, 1, 1, 2, 1, 2, 1, 2, 2, 2, -1, -2, -2, -1, -2, -1, -1, -1, 2, 1, 1, 2, 1]"
965,dfs_bnb_mpi,4.45909,-11,12,1044548,"[-1, -1, 2, -1, 2, 1, 2, 1, 2, 1, -2, 1, -2, -1, -1, -2, 1, 1, 1, -2, -1, -2, -1, -1]"
966,dfs_bnb_mpi,0.386942,-11,12,108680,"[-1, -2, 1, 1, -2, -1, -1, -1, 2, 2, -1, -2, -1, 2, 2, 1, 1, 1, 2, 1, -2, 1, 2, 2]"
967,dfs_bnb_mpi,56.6169,-11,12,15509141,"[-1, -2, -1, -2, 1, 1, 2, 1, -2, 1, 2, 2, 1, -2, 1, -2, -1, -2, -1, -2, -1, 2, -1, -1]"
968,dfs_bnb_mpi,503.614,-10,11,118960789,"[-1, -1, 2, 2, 2, 2, 2, 1, -2, -2, 1, 1, -2, 1, -2, -2, -2, -1, 2, 2, -1, 2, -1, -2]"
969,dfs_bnb_mpi,3.76584,-11,12,861507,"[-1, -1, 2, 1, 2, 1, -2, 1, 1, 2, 1, 1, -2, -1, -2, -1, -1, -2, 1, 1, 1, 2, 1, 2]"
970,dfs_bnb_mpi,0.557736,-11,11,148132,"[-1, -1, 2, 2, 1, -2, 1, 2, 2, -1, -1, -1, -2, -1, -2, 1, -2, -1, -2, 1, -2, 1, 2, 1]"
971,dfs_bnb_mpi,0.139861,-11,12,40276,"[-1, -1, 2, 2, 2, 1, -2, -2, 1, 2, 2, 2, 1, -2, -2, 1, -2, -1, -2, -2, -1, -1, -1, -1]"
972,dfs_bnb_mpi,3.59769,-11,11,944285,"[-1, -1, 2, -1, -1, 2, 1, 1, 2, -1, 2, -1, -2, -1, -2, -2, -2, -2, 1, 2, 1, -2, 1, 1]"
973,dfs_bnb_mpi,2.45907,-11,11,672799,"[-1, -1, 2, 1, 2, 2, 2, -1, -2, -2, -1, 2, -1, -2, -2, 1, -2, -1, -2, 1, 1, -2, -1, -1]"
974,dfs_bnb_mpi,6.39305,-10,11,1693058,"[-1, -1, 2, 2, 2, 2, 1, -2, -2, -2, 1, 2, 1, 2, -1, 2, 1, 2, 2, -1, -2, -1, 2, 2]"
975,dfs_bnb_mpi,26.6679,-11,12,7642210,"[-1, -1, 2, 2, 2, 1, -2, -2, 1, 1, -2, 1, -2, -1, -1, -2, -1, 2, -1, -2, -1, 2, 2, 2]"
976,dfs_bnb_mpi,151.442,-8,8,40251006,"[-1, -1, 2, 2, 2, 1, 1, 2, 2, 1, -2, -2, -2, -1, -1, -2, 1, 1, 1, -2, -1, -2, -1, -1]"
977,dfs_bnb_mpi,3.96992,-10,11,1089293,"[-1, -1, 2, 2, 2, -1, -2, -1, -1, 2, -1, -2, -2, 1, -2, -2, 1, 2, 2, 1, -2, -2, 1, 1]"
978,dfs_bnb_mpi,2.63334,-10,10,752086,"[-1, -1, 2, -1, -2, -2, 1, -2, 1, 2, 1, -2, 1, 1, -2, -1, -1, -1, -1, -2, -1, 2, 2, -1]"
979,dfs_bnb_mpi,62.5807,-11,12,18264548,"[-1, -1, 2, -1, 2, 2, 1, -2, 1, 2, 2, -1, -1, 2, 1, 1, 2, 1, -2, -2, -2, -2, -2, -1]"
980,dfs_bnb_mpi,10.9969,-11,12,3039084,"[-1, -1, 2, -1, -2, -1, -1, -2, 1, 1, -2, 1, 2, 1, 1, 1, 2, 2, -1, -1, 2, 1, 1, 2]"
981,dfs_bnb_mpi,64.7094,-11,12,16828738,"[-1, -1, -1, 2, 2, -1, 2, -1, 2, 1, 2, 1, -2, 1, 2, 1, -2, -2, -2, -2, -1, 2, 2, -1]"
982,dfs_bnb_mpi,383.913,-11,12,87982182,"[-1, -2, 1, 1, 2, 1, -2, -2, -1, -2, 1, -2, -1, -2, -1, -2, -1, 2, 2, 2, 2, 1, -2, -2]"
983,dfs_bnb_mpi,9.47972,-12,13,2617143,"[-1, -2, 1, -2, 1, 2, 2, 2, -1, 2, 1, 2, 1, 1, 1, -2, -1, -1, -2, 1, 1, -2, -1, -1]"
984,dfs_bnb_mpi,17.4196,-11,12,5019853,"[-1, -1, 2, -1, -2, -1, -2, 1, 1, 1, 1, -2, 1, 2, 1, 2, -1, 2, -1, 2, 2, -1, -2, -2]"
985,dfs_bnb_mpi,42.8134,-10,11,10530977,"[-1, -1, 2, 2, 2, 1, 2, -1, 2, -1, -2, -1, -1, -2, -2, -2, 1, 2, 2, 1, -2, -2, -2, -1]"
986,dfs_bnb_mpi,4.26583,-12,13,1121589,"[-1, -2, -1, -1, 2, -1, -2, -1, -2, 1, -2, 1, 2, 1, 1, 1, 2, 1, 2, 2, -1, -1, -1, -2]"
987,dfs_bnb_mpi,41.9522,-11,12,9702382,"[-1, -1, 2, 2, 1, -2, 1, 2, 2, 1, -2, -2, -2, 1, -2, -1, -1, -1, -2, -2, 1, 1, 2, -1]"
988,dfs_bnb_mpi,77.0486,-10,11,17856683,"[-1, -1, 2, 2, 2, 2, 2, 1, -2, -2, -2, -2, 1, 2, 2, 1, -2, 1, -2, -1, -2, -2, 1, 2]"
989,dfs_bnb_mpi,3.54534,-10,11,799515,"[-1, -2, -1, 2, -1, 2, 2, 2, 2, 1, 1, -2, -1, -2, -2, 1, 2, 1, 2, 2, 2, 2, 2, 2]"
990,dfs_bnb_mpi,3.59049,-11,12,972782,"[-1, -1, 2, -1, 2, -1, 2, 1, 1, -2, 1, -2, 1, 1, -2, -2, -1, -2, -1, 2, -1, -1, -2, 1]"
991,dfs_bnb_mpi,18.9104,-10,11,4913214,"[-1, -1, 2, 2, 1, 2, 2, -1, -2, -1, -2, -1, 2, -1, -2, -1, -2, 1, 1, -2, -2, 1, 2, 2]"
992,dfs_bnb_mpi,178.807,-10,11,49125570,"[-1, -1, 2, 1, 1, 2, -1, 2, 2, 2, -1, -2, -2, -1, 2, -1, -1, -2, 1, -2, -2, 1, 2, 1]"
993,dfs_bnb_mpi,9.987,-11,12,2671588,"[-1, -2, -1, -1, -2, -1, -2, 1, 1, 2, 1, -2, -2, 1, 2, 1, 1, 2, -1, -1, 2, 1, 2, 2]"
994,dfs_bnb_mpi,9.41057,-11,12,2320306,"[-1, -1, 2, -1, 2, -1, -2, -2, 1, -2, 1, 1, -2, -1, -1, -2, -1, 2, 2, -1, -1, 2, 1, 2]"
995,dfs_bnb_mpi,0.295953,-11,12,77734,"[-1, -2, 1, 1, -2, -1, -1, -1, -2, 1, 1, -2, -1, -1, -1, 2, 2, -1, 2, 2, 1, 1, -2, -1]"
996,dfs_bnb_mpi,7.54889,-11,12,2278424,"[-1, -1, 2, 2, 1, -2, 1, 2, 1, 2, -1, 2, 1, 1, -2, -2, 1, -2, -2, -1, 2, -1, -2, -2]"
997,dfs_bnb_mpi,31.693,-9,10,8097999,"[-1, -1, 2, 2, 2, 2, 2, 1, 1, -2, -1, -2, 1, 1, -2, -1, -1, -2, 1, 1, -2, -2, -1, -1]"
998,dfs_bnb_mpi,0.079696,-11,12,21645,"[-1, -1, 2, 1, 2, 1, -2, 1, 2, 1, -2, -2, -1, -2, -2, -1, 2, -1, -2, -2, -1, 2, 2, -1]"
999,dfs_bnb_mpi,128.909,-11,12,32562188,"[-1, -1, 2, 1, 2, 2, 1, 2, 1, -2, -2, 1, 1, -2, -1, -2, 1, -2, -1, -1, 2, 2, -1, 2]"
