protein_id,algorithm,time,score,checked,placed,hash
0,dfs_bnb_mpi,184.882,-8,9,46950884,"[-1, -1, 2, 1, 1, 1, 2, 2, 1, -2, -2, 1, -2, 1, 1, -2, -1, -1, -1, -2, -1, 2, 2, 1]"
1,dfs_bnb_mpi,6.90273,-7,8,2120740,"[-1, -1, 2, 2, 1, -2, 1, 2, 2, 2, 1, -2, -2, 1, -2, -1, -2, 1, -2, -1, -1, -2, -1, 2]"
2,dfs_bnb_mpi,141.919,-6,7,40611459,"[-1, -1, 2, 1, 2, 2, 2, 2, -1, -2, -2, -2, -1, 2, -1, -2, -1, -2, 1, 1, -2, -2, -1, 2]"
3,dfs_bnb_mpi,0.530901,-7,8,154979,"[-1, -2, 1, 1, 2, 2, 2, -1, -2, -1, 2, -1, -1, -2, 1, -2, -1, -1, -1, -2, 1, 1, 1, -2]"
4,dfs_bnb_mpi,5.49184,-7,8,1399119,"[-1, -2, -2, -1, 2, 2, 2, 1, 1, 2, -1, 2, -1, -2, -1, -1, 2, -1, -2, -2, 1, 1, -2, -1]"
5,dfs_bnb_mpi,0.666234,-7,8,198216,"[-1, -1, 2, 2, -1, -1, -2, -1, 2, 2, -1, 2, -1, -1, -2, 1, -2, 1, -2, -2, 1, 1, 1, 2]"
6,dfs_bnb_mpi,3.42413,-7,8,1013699,"[-1, -1, 2, 2, -1, -2, -1, 2, -1, -2, -1, -2, 1, -2, 1, 2, 1, -2, 1, -2, 1, 1, 2, -1]"
7,dfs_bnb_mpi,2.51831,-7,8,656464,"[-1, -1, 2, 2, 2, -1, -1, -1, -2, -1, -1, -2, 1, 1, 1, 2, 1, -2, -2, -1, -2, -1, 2, -1]"
8,dfs_bnb_mpi,13.4184,-4,5,3526838,"[-1, -1, 2, 2, 2, 2, -1, -2, -2, -2, -2, -2, 1, -2, 1, 2, 1, 1, 2, 2, 2, -1, -1, 2]"
9,dfs_bnb_mpi,79.171,-6,7,20716762,"[-1, -1, 2, 2, -1, -2, -2, -2, 1, -2, -1, -2, 1, 1, 1, 1, 2, -1, -1, 2, 1, 1, 2, 2]"
10,dfs_bnb_mpi,141.601,-7,8,42511678,"[-1, -1, 2, 2, 1, -2, 1, 1, 2, 1, 2, -1, 2, 2, -1, -1, -1, -2, -2, 1, 2, 1, -2, -2]"
11,dfs_bnb_mpi,8.19216,-6,7,2264477,"[-1, -1, 2, -1, -2, -2, 1, 1, -2, -1, -2, 1, -2, 1, 2, 1, 2, -1, 2, 1, 2, 2, 2, 2]"
12,dfs_bnb_mpi,7.80668,-6,7,1913611,"[-1, -1, 2, 2, 1, -2, 1, 1, -2, -2, -1, -2, -2, -1, 2, 2, -1, -1, 2, -1, -2, -2, 1, 1]"
13,dfs_bnb_mpi,1.19949,-7,7,298845,"[-1, -1, 2, 1, 2, 1, -2, 1, 2, 1, -2, -2, -1, -2, -1, -1, -1, -2, 1, 1, -2, 1, 2, 1]"
14,dfs_bnb_mpi,35.5882,-7,8,10748675,"[-1, -1, 2, 1, 2, -1, 2, -1, 2, -1, -2, -1, -1, -2, 1, -2, -2, 1, 2, 2, 1, -2, -2, -2]"
15,dfs_bnb_mpi,16.4558,-6,7,5010144,"[-1, -1, 2, 2, 2, 2, 1, -2, -2, 1, 2, 1, 2, -1, 2, -1, -1, -1, -2, -1, -1, -2, 1, 1]"
16,dfs_bnb_mpi,0.105008,-7,7,28346,"[-1, -1, 2, 2, 2, 1, -2, -2, 1, 2, 2, 2, 1, -2, -2, 1, 2, 1, -2, -2, -1, -1, -2, 1]"
17,dfs_bnb_mpi,7.15608,-7,8,2034569,"[-1, -1, 2, -1, 2, -1, 2, 2, 2, 2, 1, 1, -2, -2, -1, -2, 1, -2, 1, 2, 1, -2, -2, -1]"
18,dfs_bnb_mpi,27.0358,-6,7,6492909,"[-1, -1, 2, 2, 1, -2, 1, 1, -2, 1, 2, 1, -2, -2, -1, -1, -1, -1, -1, -2, 1, 1, 1, 1]"
19,dfs_bnb_mpi,33.9684,-7,8,10311087,"[-1, -2, -1, -1, -2, 1, 1, -2, 1, 1, 2, -1, 2, 1, 2, 2, -1, 2, -1, -2, -1, -1, -2, 1]"
20,dfs_bnb_mpi,0.721538,-8,9,225476,"[-1, -1, 2, 2, 1, -2, 1, 1, 2, -1, 2, 1, 2, -1, 2, 2, -1, -2, -2, -1, -1, -2, 1, 1]"
21,dfs_bnb_mpi,65.7448,-6,7,17420621,"[-1, -1, 2, 2, -1, 2, -1, -2, -1, 2, -1, -1, -2, -2, -2, 1, 2, 1, -2, 1, 2, 1, -2, -2]"
22,dfs_bnb_mpi,0.266942,-7,7,71521,"[-1, -2, 1, 1, 2, 1, -2, 1, 1, -2, -1, -2, -1, 2, -1, -2, -2, -1, 2, 2, -1, -1, 2, 2]"
23,dfs_bnb_mpi,7.92019,-7,8,1835375,"[-1, -1, 2, 1, 2, -1, -1, 2, 2, 2, -1, -2, -2, -2, -2, 1, -2, -1, -1, 2, -1, 2, 1, 2]"
24,dfs_bnb_mpi,376.753,-6,7,111746113,"[-1, -1, 2, 2, 2, 1, 2, 1, 1, 1, 2, 2, 2, -1, -2, -2, -1, 2, -1, -2, -1, -2, -1, -2]"
25,dfs_bnb_mpi,46.5977,-7,8,14309075,"[-1, -1, 2, 2, 1, 2, -1, 2, -1, -2, -1, -1, -1, -2, -2, -2, 1, 1, 1, 2, 2, -1, -2, -1]"
26,dfs_bnb_mpi,444.933,-4,5,119681582,"[-1, -1, 2, 2, 2, 2, 2, 2, 2, 2, 2, 2, 2, 2, 2, 1, 2, -1, 2, -1, -2, -1, -2, 1]"
27,dfs_bnb_mpi,1.93554,-6,7,607503,"[-1, -1, 2, 2, -1, -2, -1, -2, 1, -2, -1, -1, 2, 2, 2, 1, 2, 1, 1, 1, -2, -2, 1, 2]"
28,dfs_bnb_mpi,4.28914,-8,8,1205298,"[-1, -2, 1, 1, -2, -1, -1, -2, -1, 2, 2, 2, -1, 2, 1, 2, 2, 1, -2, 1, 1, -2, -1, -1]"
29,dfs_bnb_mpi,464.133,-6,7,128507070,"[-1, -1, 2, 2, 2, 2, 2, 2, 1, 2, 1, -2, 1, 1, -2, -1, -2, -2, -1, -1, 2, 1, 2, -1]"
30,dfs_bnb_mpi,0.629956,-7,8,199722,"[-1, -1, 2, 1, 1, 2, -1, 2, -1, -2, -1, -2, -1, 2, 2, 2, -1, -2, -2, -2, -2, 1, 1, -2]"
31,dfs_bnb_mpi,0.521645,-6,7,142316,"[-1, -1, 2, 2, 2, 2, -1, -2, -2, -2, -2, -1, 2, 2, 2, -1, -1, 2, 2, 1, -2, 1, 2, 2]"
32,dfs_bnb_mpi,179.404,-6,7,53607892,"[-1, -1, 2, 1, 1, 2, 2, 2, 2, 2, -1, -2, -2, -2, -2, -1, -1, 2, -1, -2, -2, -2, 1, 2]"
33,dfs_bnb_mpi,6.92569,-7,8,2023432,"[-1, -2, 1, 1, 2, 2, -1, -1, -1, -1, 2, 1, 2, 2, 1, -2, -2, 1, 1, 2, -1, 2, 2, 2]"
34,dfs_bnb_mpi,0.911975,-6,7,259259,"[-1, -1, 2, -1, -2, -1, 2, 2, -1, -2, -2, -2, -1, -2, 1, 1, 2, 1, 1, 1, 1, 1, 2, 2]"
35,dfs_bnb_mpi,17.1213,-7,8,5373763,"[-1, -2, -1, -2, -2, 1, 2, 1, 2, 1, 2, 2, 2, 2, 1, -2, -2, -2, -2, -2, -1, -2, -1, -2]"
36,dfs_bnb_mpi,0.601576,-6,7,144034,"[-1, -1, 2, 2, 2, 2, 1, 1, 1, 1, -2, -1, -1, -1, -2, 1, 1, 1, 1, 2, 2, 2, 2, 2]"
37,dfs_bnb_mpi,468.833,-5,6,112352436,"[-1, -1, 2, 2, 1, 2, 2, 2, 1, -2, -2, 1, 2, 2, 1, -2, -2, -2, -1, -1, -2, 1, -2, 1]"
38,dfs_bnb_mpi,0.359429,-7,8,104530,"[-1, -1, 2, 1, 1, 2, 2, 1, -2, -2, 1, -2, -1, -2, 1, -2, -1, -1, 2, -1, -1, -1, 2, 2]"
39,dfs_bnb_mpi,3.38879,-5,6,824278,"[-1, -1, 2, 2, 2, 1, 2, 2, 1, -2, 1, 1, -2, -1, -1, -2, -1, -2, 1, 1, 2, 1, 1, 2]"
40,dfs_bnb_mpi,1.99261,-6,7,588141,"[-1, -2, 1, 1, 2, 2, -1, -1, 2, -1, 2, 1, 1, -2, 1, 1, -2, -2, -2, -2, -1, -1, -1, -1]"
41,dfs_bnb_mpi,951.755,-4,4,260847775,"[-1, -1, 2, 2, 1, -2, 1, 2, 2, 2, 2, 2, -1, -1, -1, -2, -2, -2, -2, -2, -2, -2, 1, 1]"
42,dfs_bnb_mpi,0.399854,-7,8,120855,"[-1, -1, 2, 2, 1, 1, -2, 1, 2, 2, -1, 2, 1, 1, -2, -2, 1, -2, -1, -2, -1, -2, 1, 1]"
43,dfs_bnb_mpi,5.94756,-7,7,1751192,"[-1, -1, 2, 1, 1, 2, 2, 2, 2, 1, -2, -2, 1, 2, 1, -2, -2, -1, -1, -2, 1, -2, -1, -2]"
44,dfs_bnb_mpi,145.121,-4,5,35103082,"[-1, -1, 2, 2, 2, 2, 2, 1, -2, -2, -2, -2, 1, 1, -2, -2, -1, -1, -1, -1, -2, 1, 1, 1]"
45,dfs_bnb_mpi,5.65967,-7,8,1757774,"[-1, -1, -1, 2, 1, 2, -1, -1, 2, 1, 1, 2, 2, 2, 1, -2, -2, -2, 1, -2, -1, -2, 1, 1]"
46,dfs_bnb_mpi,29.1487,-6,7,6581513,"[-1, -1, 2, 2, 2, 2, 2, 2, 2, 2, 2, 1, -2, 1, -2, -1, -2, 1, 1, -2, -1, -1, -2, 1]"
47,dfs_bnb_mpi,7.15322,-7,8,2142225,"[-1, -1, 2, 2, -1, 2, -1, -2, -1, 2, -1, -2, -1, -1, -2, 1, 1, -2, 1, 2, 1, -2, 1, 2]"
48,dfs_bnb_mpi,0.390313,-6,7,110932,"[-1, -1, 2, 2, 2, 1, 2, 1, 2, -1, -1, -2, -1, -2, -2, -1, 2, 2, -1, -2, -1, 2, 2, 2]"
49,dfs_bnb_mpi,0.047073,-6,7,14236,"[-1, -1, 2, 2, -1, -2, -1, -2, 1, -2, -1, -2, -1, 2, 2, -1, -1, 2, 1, 1, 2, 2, 2, 2]"
50,dfs_bnb_mpi,1.22885,-7,8,314585,"[-1, -1, 2, 2, 1, -2, 1, 1, 1, 2, 2, -1, -2, -1, 2, -1, 2, -1, -2, -1, -1, -2, 1, -2]"
51,dfs_bnb_mpi,125.674,-6,7,37620496,"[-1, -1, 2, 2, -1, -2, -2, -1, -1, -2, 1, 1, 1, -2, -1, -2, 1, 1, 2, 2, 1, 1, -2, -1]"
52,dfs_bnb_mpi,127.184,-7,7,38910777,"[-1, -1, 2, 2, 2, 1, 2, -1, 2, -1, -2, -1, -1, 2, 2, -1, -2, -2, -2, 1, -2, 1, 2, 1]"
53,dfs_bnb_mpi,177.49,-6,7,46075298,"[-1, -1, 2, 2, 2, 2, 2, 2, 1, -2, 1, 2, 2, 1, -2, -2, -2, -2, -1, 2, -1, -2, -2, 1]"
54,dfs_bnb_mpi,55.0419,-7,8,16668873,"[-1, -2, 1, 1, 2, 2, 1, -2, -2, -2, -1, -2, -2, -1, 2, -1, -1, -1, 2, 2, 1, -2, 1, 1]"
55,dfs_bnb_mpi,153.611,-7,8,41279744,"[-1, -1, 2, 2, -1, 2, -1, -1, 2, 2, 1, -2, 1, 2, 1, -2, -2, 1, -2, 1, 1, -2, -1, -1]"
56,dfs_bnb_mpi,2.18506,-6,7,614920,"[-1, -1, 2, 2, 2, 1, 2, -1, -1, -2, -1, -2, -1, -1, 2, 1, 2, 1, 2, 2, 1, -2, 1, 2]"
57,dfs_bnb_mpi,0.020373,-5,6,4814,"[-1, -1, 2, 2, 2, 1, -2, -2, 1, 2, 1, 1, -2, -1, -2, 1, 1, 2, 2, 2, 2, 2, 2, 2]"
58,dfs_bnb_mpi,94.6074,-7,8,28226248,"[-1, -1, 2, 2, 1, 2, -1, -1, 2, 1, 1, 2, 2, 2, 1, -2, -2, -2, -2, -2, 1, -2, -1, -1]"
59,dfs_bnb_mpi,53.4418,-6,7,13107708,"[-1, -1, 2, 2, 2, 2, 2, 1, 2, 1, -2, 1, 2, 1, -2, -2, -1, -1, -1, -2, -2, 1, 2, 1]"
60,dfs_bnb_mpi,0.798775,-8,9,238915,"[-1, -1, 2, 2, 2, 1, -2, -2, 1, 2, 1, -2, 1, -2, -1, -2, -1, -2, -2, -1, 2, 2, -1, -1]"
61,dfs_bnb_mpi,1438.93,-7,8,383663409,"[-1, -1, 2, 2, 2, 1, 2, 2, -1, -1, 2, -1, -2, -2, -1, -1, -2, 1, -2, 1, 2, 1, 2, 1]"
62,dfs_bnb_mpi,7.47009,-7,8,2273212,"[-1, -1, 2, 2, -1, -2, -2, -1, -1, -2, 1, -2, -2, 1, 1, 2, -1, 2, 1, 1, 1, -2, -1, -2]"
63,dfs_bnb_mpi,27.4619,-5,6,6606749,"[-1, -1, 2, 2, 2, 2, -1, -1, -2, -2, -1, -2, -1, -1, -2, 1, 1, 1, 2, 1, -2, -2, 1, 1]"
64,dfs_bnb_mpi,59.3353,-6,7,16970562,"[-1, -1, 2, 2, 1, 2, 2, 2, -1, -2, -2, -1, 2, 2, 2, -1, -2, -2, -1, -2, 1, -2, 1, -2]"
65,dfs_bnb_mpi,1148.85,-6,7,274428257,"[-1, -1, 2, -1, -2, -1, 2, 2, 2, 1, 1, 1, -2, -2, 1, 1, -2, -2, -1, -1, -1, -1, -2, 1]"
66,dfs_bnb_mpi,354.949,-8,9,100748641,"[-1, -2, -1, -1, 2, 1, 2, -1, -1, 2, 1, 1, 2, 2, 1, 1, 1, -2, -1, -1, -2, 1, -2, -1]"
67,dfs_bnb_mpi,34.3863,-6,7,10504028,"[-1, -1, 2, 1, 1, 2, 2, 2, 1, -2, -2, -2, -2, 1, -2, -2, -1, -2, -1, 2, -1, 2, 1, 1]"
68,dfs_bnb_mpi,249.351,-8,9,69934086,"[-1, -1, 2, -1, -2, -1, -2, 1, -2, -1, -2, 1, 1, -2, 1, 1, 2, -1, 2, -1, 2, 1, 1, -2]"
69,dfs_bnb_mpi,85.4781,-8,9,24108843,"[-1, -2, -1, -2, 1, -2, -1, -1, -1, -2, 1, 1, 1, -2, 1, 1, 2, -1, 2, 1, 2, 2, -1, -2]"
70,dfs_bnb_mpi,0.307629,-6,7,92833,"[-1, -1, 2, 2, 2, 1, -2, 1, 2, 2, -1, 2, -1, -2, -1, 2, 2, 2, 2, 1, -2, -2, 1, 2]"
71,dfs_bnb_mpi,0.364595,-8,9,107677,"[-1, -1, 2, 1, 2, 2, 1, -2, -2, 1, -2, 1, -2, -1, -1, -1, -1, -2, -2, 1, 2, 1, 1, 1]"
72,dfs_bnb_mpi,4.66928,-6,7,1397482,"[-1, -2, -1, 2, 2, 1, 1, 1, -2, 1, -2, 1, -2, -1, -1, 2, -1, -2, -1, -1, -1, 2, 2, 2]"
73,dfs_bnb_mpi,5.52294,-7,8,1373245,"[-1, -1, 2, 2, -1, -2, -2, -2, 1, 1, -2, 1, 2, 1, 2, 1, 2, -1, -1, -1, 2, 1, 2, 2]"
74,dfs_bnb_mpi,1.45348,-6,6,396193,"[-1, -1, 2, 2, 2, 2, 1, 2, -1, -1, -2, -2, -1, 2, 2, 2, 1, 1, 2, 2, 2, 2, 2, 2]"
75,dfs_bnb_mpi,1.78714,-8,9,550285,"[-1, -2, 1, 1, 2, 2, 1, 2, 1, 2, 1, 2, 2, -1, -2, -1, -2, -1, -2, -1, -2, -1, 2, 2]"
76,dfs_bnb_mpi,17.584,-6,7,5128406,"[-1, -1, 2, 2, 2, 2, 2, 2, 2, 1, 2, 1, 2, 2, -1, -2, -1, -2, -1, -2, -1, -2, 1, -2]"
77,dfs_bnb_mpi,31.9874,-6,7,8349438,"[-1, -1, 2, 2, 2, -1, -2, -2, -2, -1, -1, -2, 1, 1, -2, 1, 2, 1, -2, -2, -1, -1, -2, 1]"
78,dfs_bnb_mpi,316.023,-7,8,96949620,"[-1, -1, 2, 2, 1, 1, 2, 1, -2, 1, -2, 1, 2, 2, 1, -2, -2, -2, -1, -1, -1, 2, -1, -1]"
79,dfs_bnb_mpi,59.8598,-6,7,16922062,"[-1, -1, 2, 2, 2, 2, 1, 2, 2, -1, -2, -1, 2, -1, 2, 2, -1, -2, -2, -2, 1, -2, 1, -2]"
80,dfs_bnb_mpi,670.091,-7,8,182405087,"[-1, -2, 1, 1, 2, 2, 2, 2, 2, -1, -2, -2, -2, -1, 2, -1, -2, -1, -2, -1, -2, 1, 1, 2]"
81,dfs_bnb_mpi,1.73036,-8,8,460411,"[-1, -1, 2, 1, 2, -1, 2, 1, 2, 1, -2, 1, -2, -1, -2, 1, -2, -2, -2, -1, 2, -1, -1, -1]"
82,dfs_bnb_mpi,585.618,-8,9,179118838,"[-1, -2, 1, -2, -2, 1, 2, 2, 1, 1, 2, 1, 2, 2, -1, -2, -1, 2, 2, -1, -2, -2, -2, 1]"
83,dfs_bnb_mpi,0.102171,-6,7,30393,"[-1, -1, 2, 1, 2, 1, 2, -1, -1, -2, -1, -2, -1, -2, 1, -2, 1, -2, 1, 2, 1, 1, 2, 2]"
84,dfs_bnb_mpi,0.030266,-6,6,9549,"[-1, -2, 1, 1, 2, 2, 2, 2, 1, -2, -2, -2, 1, -2, -1, -2, 1, 1, 2, 2, 2, 2, 2, 2]"
85,dfs_bnb_mpi,23.4371,-6,7,6246094,"[-1, -1, 2, 2, 2, 2, 2, 2, 2, 1, 1, -2, 1, -2, -1, -1, -2, 1, -2, -1, -2, 1, 1, 2]"
86,dfs_bnb_mpi,1.06038,-7,8,314986,"[-1, -1, -1, 2, 1, 2, -1, -1, 2, 1, 1, 2, 1, 2, 1, -2, 1, -2, -1, -1, -2, -2, 1, 2]"
87,dfs_bnb_mpi,1.69171,-6,7,522519,"[-1, -1, 2, 2, -1, 2, -1, -2, -2, 1, -2, -1, -2, 1, -2, -2, 1, 2, 2, 1, 1, 1, 2, 2]"
88,dfs_bnb_mpi,427.107,-4,5,121534856,"[-1, -1, 2, 2, 2, 2, 2, 1, -2, -2, 1, 2, 2, 2, 2, -1, -1, -1, -2, -2, -2, -1, -2, 1]"
89,dfs_bnb_mpi,24.1486,-7,8,6379213,"[-1, -2, -1, 2, -1, -1, 2, 1, 1, 2, 2, 2, 1, 1, -2, -1, -2, -2, 1, 2, 1, 2, 2, 2]"
90,dfs_bnb_mpi,0.214106,-6,7,57923,"[-1, -1, 2, 2, 2, 2, 2, 1, 2, 1, -2, 1, -2, -1, -1, -2, -2, -2, 1, 2, 2, 1, 1, 2]"
91,dfs_bnb_mpi,19.567,-7,8,5160336,"[-1, -2, -1, 2, -1, 2, 2, 2, 1, 2, 1, 1, -2, -1, -2, -1, -2, 1, 1, 2, 1, 2, 2, 2]"
92,dfs_bnb_mpi,0.070863,-6,7,21859,"[-1, -1, 2, 1, 2, -1, 2, 1, 2, 1, 2, 1, -2, -2, -1, -2, -2, 1, 2, 1, 2, 2, 2, 2]"
93,dfs_bnb_mpi,240.205,-7,8,73448600,"[-1, -1, 2, 2, 2, 1, 2, 1, -2, 1, -2, 1, 2, 1, -2, -2, -1, -2, -2, -1, 2, 2, -1, 2]"
94,dfs_bnb_mpi,15.6592,-6,7,4810777,"[-1, -1, 2, 2, 2, -1, -2, -2, -2, -1, -2, 1, -2, 1, 2, 1, 1, 1, 2, 2, 2, -1, -1, -2]"
95,dfs_bnb_mpi,458.74,-7,8,126986723,"[-1, -1, 2, 2, 2, -1, -1, -1, -2, -2, -2, -1, -1, -2, 1, 1, 1, -2, 1, 2, 2, 2, -1, -2]"
96,dfs_bnb_mpi,6.44284,-7,8,1839235,"[-1, -2, -2, -1, 2, 2, 2, 1, 1, 1, 2, 1, -2, -2, -1, -2, -1, -2, 1, -2, -1, -1, -1, -1]"
97,dfs_bnb_mpi,0.185092,-6,7,51741,"[-1, -1, 2, 2, 2, 1, 2, 1, -2, -2, -1, -2, 1, 1, -2, -2, -1, -1, -1, -2, 1, 1, 1, 1]"
98,dfs_bnb_mpi,177.086,-4,5,53971538,"[-1, -1, 2, 2, 1, -2, 1, 2, 2, 1, 1, 2, 2, -1, -2, -1, 2, -1, -2, -2, -1, -1, -2, -2]"
99,dfs_bnb_mpi,56.924,-5,6,15622281,"[-1, -1, 2, 2, 2, 1, 2, 2, 2, 1, 2, -1, -1, 2, -1, -2, -2, 1, -2, -2, -1, -2, -1, 2]"
100,dfs_bnb_mpi,2.8487,-7,8,667937,"[-1, -1, 2, 2, 2, -1, -2, -2, -2, -2, -1, 2, -1, 2, 1, 2, 2, -1, -2, -1, -2, -1, 2, 2]"
101,dfs_bnb_mpi,3.51193,-6,7,880026,"[-1, -1, 2, 2, 2, 2, 2, 2, 2, 1, 2, -1, 2, 1, 1, -2, 1, -2, -1, -2, -1, -2, 1, 1]"
102,dfs_bnb_mpi,0.161504,-7,8,48709,"[-1, -1, 2, 2, 1, -2, 1, 2, 1, 2, -1, -1, -1, 2, 2, -1, -2, -2, -1, -2, 1, -2, -1, -1]"
103,dfs_bnb_mpi,1.79572,-6,7,552959,"[-1, -1, 2, 2, 2, 1, -2, -2, 1, 2, 2, 2, 2, 2, 1, -2, -2, -2, -2, 1, -2, -1, -2, 1]"
104,dfs_bnb_mpi,18.9315,-6,7,5374767,"[-1, -1, 2, 2, 2, 1, 2, 2, 2, 1, -2, -2, -2, -2, -1, -2, 1, 1, 2, 2, 1, -2, 1, 2]"
105,dfs_bnb_mpi,526.498,-5,6,121587815,"[-1, -1, 2, 2, 2, 2, 2, 2, 2, 2, 2, 2, 2, 2, 2, 1, -2, -2, 1, 1, -2, -1, -1, -2]"
106,dfs_bnb_mpi,68.1986,-7,8,18005816,"[-1, -1, 2, 2, 2, 1, -2, -2, 1, 2, 1, 1, 1, -2, -2, -1, 2, -1, -2, -2, 1, -2, 1, 2]"
107,dfs_bnb_mpi,10.8399,-4,5,3299329,"[-1, -1, 2, 2, 2, 2, 2, 1, 2, 2, -1, -2, -1, -2, -1, -2, 1, -2, -1, -1, 2, 2, 2, 2]"
108,dfs_bnb_mpi,44.0051,-7,8,13641326,"[-1, -1, 2, 1, 1, 2, -1, 2, 2, 1, -2, 1, -2, 1, -2, 1, 2, 1, -2, -2, -1, -1, -1, 2]"
109,dfs_bnb_mpi,7.90061,-7,8,2179323,"[-1, -1, 2, 2, -1, 2, 2, -1, -2, -2, -1, -2, 1, -2, -1, -1, -2, -2, 1, 2, 1, 1, 2, 2]"
110,dfs_bnb_mpi,21.4771,-6,7,6030956,"[-1, -1, 2, 1, 1, 2, 2, 2, 2, -1, -2, -2, -2, -1, 2, 2, -1, -2, -1, -2, 1, -2, -1, -1]"
111,dfs_bnb_mpi,1.35831,-6,7,418965,"[-1, -1, 2, 2, -1, -2, -1, 2, 2, -1, -2, -2, -1, -2, 1, 1, 1, -2, 1, 1, 1, 1, 2, 2]"
112,dfs_bnb_mpi,473.681,-4,4,145119345,"[-1, -1, 2, 2, 2, 2, 2, 1, -2, -2, -2, -2, 1, 1, -2, -2, -1, -1, -1, -1, 2, 2, 2, 2]"
113,dfs_bnb_mpi,2.31358,-7,8,691537,"[-1, -1, 2, -1, -2, -1, 2, -1, -2, -1, -2, -1, -2, 1, -2, 1, 2, 2, 1, 1, -2, -1, -2, 1]"
114,dfs_bnb_mpi,24.5617,-7,8,7162207,"[-1, -1, 2, 2, -1, -1, 2, -1, -2, -1, -2, 1, -2, -2, -2, 1, 2, 2, 2, 1, -2, -2, 1, 1]"
115,dfs_bnb_mpi,159.896,-5,6,48294060,"[-1, -1, 2, 2, 2, 2, -1, 2, 1, 2, 1, -2, -2, 1, 1, -2, -1, -2, -2, 1, -2, -2, -1, -1]"
116,dfs_bnb_mpi,23.7031,-6,7,6686614,"[-1, -1, 2, 2, 2, 2, 2, 2, 1, 2, 1, 2, 2, -1, -2, -1, -2, -1, 2, -1, -2, -2, 1, -2]"
117,dfs_bnb_mpi,0.438351,-6,7,110212,"[-1, -1, 2, 2, 2, 1, 1, 2, -1, -1, 2, -1, -2, -2, -2, -1, 2, 2, -1, 2, 1, 2, 2, 2]"
118,dfs_bnb_mpi,814.421,-6,7,250791834,"[-1, -1, 2, 2, 2, -1, -2, -2, -2, -2, 1, 1, -2, 1, 2, 1, 1, -2, -1, -2, -1, -1, -1, 2]"
119,dfs_bnb_mpi,94.5685,-6,7,29576898,"[-1, -1, 2, 2, 1, -2, 1, 2, 2, 2, 1, -2, -2, 1, 2, 1, -2, -2, -2, -1, 2, -1, -2, -2]"
120,dfs_bnb_mpi,19.9345,-7,8,5325357,"[-1, -1, 2, 1, 2, 1, -2, 1, 2, 2, -1, -1, -1, -2, -1, 2, -1, -2, -1, -2, 1, -2, 1, 2]"
121,dfs_bnb_mpi,15.362,-6,6,3939484,"[-1, -1, 2, 2, 2, 1, 2, -1, 2, 2, 2, -1, -2, -2, -2, -2, -1, 2, 2, 2, -1, -2, -1, 2]"
122,dfs_bnb_mpi,0.224991,-7,8,69084,"[-1, -1, 2, -1, -2, -1, -2, 1, 1, -2, 1, 2, 1, 1, 2, 2, 1, -2, -2, -2, -1, -1, -2, 1]"
123,dfs_bnb_mpi,110.119,-6,7,34143895,"[-1, -1, 2, 2, 2, 2, -1, -1, -2, -2, -1, -1, -2, 1, -2, -2, 1, 1, 2, -1, 2, 1, 2, 2]"
124,dfs_bnb_mpi,30.8551,-6,7,7324325,"[-1, -1, 2, 2, 2, 2, 2, 2, 1, 1, 2, 1, -2, -2, -2, -1, 2, -1, -2, -2, -2, 1, 2, 1]"
125,dfs_bnb_mpi,180.709,-8,9,50971239,"[-1, -2, -2, -2, 1, 1, 1, 1, 2, 2, 1, 2, -1, 2, -1, -1, -2, -2, -1, -2, 1, 1, 2, 2]"
126,dfs_bnb_mpi,85.5105,-4,5,22081223,"[-1, -1, 2, 2, 2, 2, 2, 2, 2, 2, 2, 2, 1, 2, -1, 2, -1, -2, -1, -1, -2, 1, 1, -2]"
127,dfs_bnb_mpi,20.7641,-7,8,4987447,"[-1, -1, 2, 2, 2, 1, 2, 1, 1, 2, -1, -1, 2, -1, -1, -2, 1, -2, -1, -2, -1, 2, 2, 2]"
128,dfs_bnb_mpi,237.337,-7,8,71196456,"[-1, -2, -1, -2, 1, -2, -1, -2, 1, -2, 1, 2, 2, 1, 1, 1, 2, 2, -1, -1, -1, -2, 1, 1]"
129,dfs_bnb_mpi,3.12578,-6,7,885922,"[-1, -1, 2, 1, 2, -1, -1, -1, -2, 1, -2, -2, 1, 1, -2, -2, 1, 2, 2, 1, 2, 2, -1, 2]"
130,dfs_bnb_mpi,180.616,-8,9,50090445,"[-1, -1, 2, 2, 2, 2, 1, 1, 2, -1, -1, 2, -1, -2, -1, -1, -2, -2, 1, -2, 1, 2, 2, -1]"
131,dfs_bnb_mpi,24.1827,-6,7,7326405,"[-1, -1, 2, 2, 2, 1, 2, -1, 2, 2, -1, -2, -2, -1, -2, -1, -1, -2, 1, 1, -2, 1, 2, 2]"
132,dfs_bnb_mpi,0.28264,-7,8,87629,"[-1, -1, 2, -1, -2, -1, -1, -1, -2, 1, -2, -2, 1, 2, 2, 1, -2, -2, 1, 2, 2, 1, 1, 1]"
133,dfs_bnb_mpi,2.83062,-6,7,872717,"[-1, -1, 2, 2, 2, 2, 1, 1, -2, -1, -2, 1, -2, 1, 1, 1, 2, -1, -1, 2, 1, 2, -1, 2]"
134,dfs_bnb_mpi,70.0764,-7,8,21507529,"[-1, -2, -1, -1, -2, 1, 1, 1, -2, -1, -1, -1, -1, -1, -1, 2, 1, 1, 2, 2, 1, 1, 2, 1]"
135,dfs_bnb_mpi,5.78637,-7,8,1768021,"[-1, -1, 2, 2, -1, 2, -1, -1, 2, 1, 1, 1, -2, 1, -2, 1, 2, 2, 1, -2, -2, -2, -1, -1]"
136,dfs_bnb_mpi,29.4645,-7,8,7283828,"[-1, -1, 2, 2, 2, 1, -2, -2, 1, 1, -2, -2, -1, -1, -1, -1, 2, -1, 2, -1, 2, 1, 1, -2]"
137,dfs_bnb_mpi,0.427332,-7,8,122365,"[-1, -1, 2, 2, 2, -1, -2, -2, -2, -1, 2, -1, 2, 1, 2, -1, -1, -2, -1, -2, 1, -2, 1, -2]"
138,dfs_bnb_mpi,8.20724,-6,7,2458157,"[-1, -1, 2, 2, 2, 1, -2, -2, 1, 1, 1, 1, 2, 2, -1, -1, 2, 2, -1, -2, -2, -2, 1, 1]"
139,dfs_bnb_mpi,2811.59,-6,7,685417083,"[-1, -1, 2, 2, 2, 2, 2, 2, -1, -2, -2, -2, -2, -1, -2, -2, -2, -2, 1, 1, 2, -1, 2, 2]"
140,dfs_bnb_mpi,3.01039,-7,8,838968,"[-1, -1, 2, 2, 1, 2, -1, 2, 2, -1, 2, -1, -2, -2, 1, -2, -1, -1, -2, 1, 1, -2, -1, -1]"
141,dfs_bnb_mpi,2.77839,-6,7,877556,"[-1, -1, 2, -1, -2, -2, 1, 1, -2, -2, 1, 2, 2, 1, 2, 2, 2, -1, -2, -1, 2, -1, 2, 2]"
142,dfs_bnb_mpi,73.8878,-7,8,22476772,"[-1, -1, 2, -1, -1, 2, 1, 1, 1, -2, 1, 1, 2, 2, 2, -1, -1, 2, -1, -2, -2, 1, 1, -2]"
143,dfs_bnb_mpi,1.72755,-7,8,539831,"[-1, -2, -1, 2, 2, 2, 1, -2, 1, 2, 2, -1, -1, -1, -2, -2, -2, -1, -2, 1, -2, 1, 1, 1]"
144,dfs_bnb_mpi,34.5808,-7,8,9792084,"[-1, -1, 2, 1, 1, 2, -1, -1, 2, -1, 2, 2, -1, -2, -2, -1, -2, -2, 1, 2, 1, -2, -2, -1]"
145,dfs_bnb_mpi,2.40823,-7,8,749570,"[-1, -1, 2, -1, -2, -2, 1, -2, -2, 1, 2, 2, 1, 1, 2, 1, 2, 2, -1, -2, -1, 2, -1, -2]"
146,dfs_bnb_mpi,139.465,-7,8,39035191,"[-1, -1, 2, 2, 2, -1, -1, -2, 1, -2, -2, -2, -1, -1, -2, -1, 2, 2, 1, 1, 2, -1, 2, 2]"
147,dfs_bnb_mpi,571.74,-7,8,172295664,"[-1, -1, 2, 1, 1, 1, -2, -2, -1, -1, -1, -2, -1, -1, 2, -1, 2, 1, 2, 2, 1, -2, -2, -2]"
148,dfs_bnb_mpi,0.689913,-7,8,203561,"[-1, -1, 2, 2, -1, -2, -2, -2, 1, -2, 1, -2, -1, -1, 2, -1, -1, 2, 1, 2, 2, 2, 2, 2]"
149,dfs_bnb_mpi,0.154262,-8,9,49073,"[-1, -2, 1, 1, 2, 2, -1, 2, 2, 2, -1, -2, -2, -2, -1, -2, -2, -2, 1, -2, 1, 2, 1, 1]"
150,dfs_bnb_mpi,6.94241,-6,7,2145207,"[-1, -1, 2, -1, 2, 1, 1, -2, 1, 2, 2, 1, -2, -2, -2, -2, -1, -1, -2, 1, 1, 1, 2, 2]"
151,dfs_bnb_mpi,354.863,-6,7,105502128,"[-1, -1, 2, -1, -2, -1, -1, 2, -1, -2, -1, 2, 2, -1, -2, -2, -2, 1, 1, 1, 1, -2, 1, 2]"
152,dfs_bnb_mpi,11.1822,-8,9,3226726,"[-1, -1, 2, 1, 1, 2, 1, 2, 1, 2, 2, 1, -2, -2, 1, -2, -2, -1, 2, -1, -2, -2, -1, 2]"
153,dfs_bnb_mpi,3.53494,-8,9,999628,"[-1, -1, -1, 2, 1, 2, -1, -1, -2, -2, -1, -2, 1, 1, 1, -2, -1, -2, -2, -1, 2, -1, 2, 1]"
154,dfs_bnb_mpi,2.88308,-7,8,796898,"[-1, -1, 2, -1, -2, -2, 1, 1, 1, 1, -2, -1, -1, -2, -1, -1, -2, 1, -2, 1, 2, 1, 2, 1]"
155,dfs_bnb_mpi,2.3193,-6,7,540738,"[-1, -2, -1, 2, 2, 1, 1, 2, 2, 2, -1, -2, -2, -1, -1, -2, -2, -1, 2, 2, 2, 2, 2, 2]"
156,dfs_bnb_mpi,47.4421,-7,8,13490721,"[-1, -1, 2, 2, -1, 2, -1, 2, -1, 2, 2, 2, -1, -2, -2, -2, -2, 1, -2, 1, -2, 1, -2, -1]"
157,dfs_bnb_mpi,157.237,-5,6,39481917,"[-1, -1, 2, 2, 2, 2, 1, -2, 1, 2, 2, 2, 1, -2, -2, -2, -2, -1, -1, -2, 1, 1, 1, 2]"
158,dfs_bnb_mpi,0.179393,-8,9,56095,"[-1, -1, 2, 1, 1, 1, -2, 1, -2, -1, -1, -1, -1, -1, 2, 2, -1, 2, 1, 2, 1, -2, 1, 2]"
159,dfs_bnb_mpi,39.6808,-8,9,10970170,"[-1, -2, -1, 2, -1, -1, 2, 2, 1, 2, 2, 1, 1, 1, -2, -1, -1, -2, 1, 1, -2, -1, -1, -1]"
160,dfs_bnb_mpi,6.48072,-7,8,1174183,"[-1, -1, 2, 2, 2, 2, 2, 1, 2, 2, 1, -2, 1, -2, -1, -2, -1, -2, -2, 1, 2, 1, 2, 1]"
161,dfs_bnb_mpi,2.12151,-6,6,565888,"[-1, -1, 2, 2, 1, -2, 1, 1, -2, -2, -1, -1, -1, -2, -1, 2, 2, -1, -1, 2, 1, 1, 2, 2]"
162,dfs_bnb_mpi,0.42508,-5,6,118244,"[-1, -1, 2, 2, 2, -1, 2, 2, -1, -2, -1, -2, 1, -2, 1, -2, -2, -1, 2, -1, 2, -1, 2, 2]"
163,dfs_bnb_mpi,1.10307,-7,8,327254,"[-1, -1, 2, 2, 2, 1, -2, 1, 2, 2, -1, 2, -1, -2, -1, -2, -1, -2, 1, -2, -1, -1, 2, 2]"
164,dfs_bnb_mpi,644.5,-7,8,196560220,"[-1, -1, 2, 1, 2, 2, -1, 2, -1, -2, -1, 2, -1, -2, -2, 1, -2, -1, -2, 1, 1, 2, 2, 1]"
165,dfs_bnb_mpi,0.409005,-7,8,126003,"[-1, -1, 2, 1, 2, 2, 1, -2, -2, 1, 1, -2, -1, -2, -1, -2, 1, -2, -1, -1, 2, 2, -1, -1]"
166,dfs_bnb_mpi,112.13,-7,7,29908383,"[-1, -1, 2, 2, -1, -2, -2, -2, -2, -1, -1, -1, 2, -1, 2, 1, 1, -2, 1, 2, 2, 2, -1, -2]"
167,dfs_bnb_mpi,29.8943,-4,5,8659094,"[-1, -1, 2, 2, 1, -2, 1, 2, 2, 1, 2, 2, 2, -1, -2, -2, -1, -2, -1, -1, -2, -2, -1, 2]"
168,dfs_bnb_mpi,384.641,-7,8,97076597,"[-1, -1, 2, 1, 1, 2, 2, 2, 2, -1, -1, -2, 1, -2, -2, -1, 2, -1, 2, -1, -2, -2, 1, -2]"
169,dfs_bnb_mpi,1.06687,-7,8,321855,"[-1, -1, 2, 2, 2, 2, -1, -2, -2, -2, -2, -2, 1, -2, 1, 2, 1, 1, 2, 2, -1, -1, 2, 2]"
170,dfs_bnb_mpi,0.349255,-6,7,103514,"[-1, -1, 2, 2, 2, 1, 1, -2, -1, -2, 1, 1, 2, 1, 1, 2, -1, -1, 2, 2, 2, 2, 2, 2]"
171,dfs_bnb_mpi,0.836503,-8,9,261341,"[-1, -2, 1, 1, 2, 2, 1, 1, 2, 1, -2, 1, 1, -2, -1, -1, -2, -2, -1, 2, 2, -1, -2, -2]"
172,dfs_bnb_mpi,6.85413,-6,7,1993848,"[-1, -1, 2, 2, 2, -1, -2, -1, 2, 2, 2, 1, 1, 1, 1, -2, -2, -1, -2, -2, 1, 2, 1, 2]"
173,dfs_bnb_mpi,9.50544,-6,7,2811260,"[-1, -1, 2, 2, 1, 1, -2, 1, 1, -2, -1, -2, -1, -1, -1, -1, -2, 1, 1, 1, -2, -1, -1, -1]"
174,dfs_bnb_mpi,3.62148,-6,7,1032300,"[-1, -1, 2, 2, 2, 2, 2, 1, -2, 1, -2, -1, -2, 1, 1, -2, 1, 1, 2, -1, 2, -1, 2, 2]"
175,dfs_bnb_mpi,21.1655,-7,8,6058949,"[-1, -2, 1, -2, -1, -2, 1, -2, -1, -1, 2, 2, -1, -1, 2, 1, 1, 2, -1, 2, 1, 1, 2, 2]"
176,dfs_bnb_mpi,3.4416,-6,7,1028351,"[-1, -1, 2, 2, 1, 2, 2, 2, -1, -2, -2, -1, 2, -1, -2, -2, 1, -2, -2, -1, -2, 1, 1, 1]"
177,dfs_bnb_mpi,0.096743,-7,8,29823,"[-1, -1, 2, -1, -2, -2, 1, -2, 1, 2, 1, 1, 2, 2, -1, -1, 2, 2, -1, -2, -1, 2, 2, 2]"
178,dfs_bnb_mpi,1.92475,-6,6,518589,"[-1, -1, 2, 2, 1, 2, 2, 2, -1, -1, -2, 1, -2, -1, -2, -2, -2, -1, 2, 2, -1, 2, 1, 2]"
179,dfs_bnb_mpi,142.575,-5,6,35164009,"[-1, -1, 2, 2, 2, 2, -1, -2, -2, -2, -2, -1, 2, 2, 2, -1, -1, -2, 1, -2, -1, -1, 2, 2]"
180,dfs_bnb_mpi,0.000682,-2,3,160,"[-1, -1, 2, 2, 2, 2, 2, 2, 2, 2, 2, 2, 2, 2, 2, 2, 1, 2, 1, -2, -2, -1, -2, 1]"
181,dfs_bnb_mpi,1.6827,-7,8,519309,"[-1, -1, 2, 1, 2, 1, 2, 2, -1, -2, -1, -2, -1, -2, -1, -1, -2, 1, 1, -2, 1, -2, 1, 2]"
182,dfs_bnb_mpi,1105.2,-5,6,251171070,"[-1, -1, 2, 2, 2, 2, 1, 2, 2, 2, 2, -1, -2, -1, 2, -1, -2, -2, 1, 1, -2, -1, -2, -1]"
183,dfs_bnb_mpi,65.5519,-8,8,18783421,"[-1, -2, 1, -2, 1, 1, 2, -1, 2, 1, 1, 1, 2, -1, -1, 2, -1, 2, -1, -2, -1, -2, 1, 1]"
184,dfs_bnb_mpi,39.1267,-7,8,9730624,"[-1, -1, 2, 2, -1, 2, 2, -1, -1, -1, -2, -2, 1, 2, 1, -2, -2, 1, -2, -2, -1, 2, -1, 2]"
185,dfs_bnb_mpi,361.392,-6,6,96932656,"[-1, -1, 2, 2, 2, 2, 2, 2, 2, 1, 1, 1, -2, 1, -2, -1, -1, 2, -1, -2, -2, -2, 1, 2]"
186,dfs_bnb_mpi,0.813301,-7,8,256018,"[-1, -1, -1, 2, 1, 1, 1, 2, -1, 2, -1, -2, -1, 2, 2, 2, 1, 1, -2, 1, -2, 1, 2, 2]"
187,dfs_bnb_mpi,12.0537,-6,7,3200888,"[-1, -1, 2, 2, 2, 2, 2, 1, 2, 1, -2, -2, -1, -2, -2, 1, 2, 1, 1, -2, -1, -2, -1, -1]"
188,dfs_bnb_mpi,21.9259,-6,7,5906676,"[-1, -1, 2, 2, -1, -2, -1, -1, -2, 1, 1, -2, 1, 1, 1, 1, -2, 1, -2, -1, -1, 2, -1, -1]"
189,dfs_bnb_mpi,53.6162,-6,7,16348393,"[-1, -1, 2, 1, 2, 2, -1, -2, -1, 2, 2, 2, 2, -1, -2, -2, -2, -1, -2, 1, -2, -2, 1, 2]"
190,dfs_bnb_mpi,0.524959,-7,8,160190,"[-1, -1, 2, 2, 2, 1, 2, 1, -2, -2, -1, -2, 1, 1, 2, 2, 1, 2, -1, 2, 2, -1, -2, -1]"
191,dfs_bnb_mpi,23.5075,-6,6,6946226,"[-1, -1, 2, -1, 2, 1, 1, 2, 2, 2, 2, 1, -2, -2, 1, -2, -1, -2, 1, 1, -2, -1, -1, -1]"
192,dfs_bnb_mpi,54.4599,-7,8,15611303,"[-1, -1, 2, 2, -1, 2, 2, 2, -1, -2, -2, -2, -1, -2, 1, -2, -1, -2, 1, -2, 1, 2, 2, 2]"
193,dfs_bnb_mpi,127.89,-6,7,34985782,"[-1, -1, 2, 2, 2, 2, 2, 1, 1, -2, 1, 2, 1, -2, -2, -1, -1, -1, -2, 1, 1, -2, -1, -1]"
194,dfs_bnb_mpi,0.028955,-7,7,9236,"[-1, -1, -1, 2, 1, 1, 1, 1, 2, -1, -1, 2, 2, 2, -1, -2, -2, -2, -1, 2, 2, 2, 2, 2]"
195,dfs_bnb_mpi,2491.89,-6,7,738911094,"[-1, -1, 2, 2, 2, 2, 2, 2, 2, 1, 2, 2, -1, 2, -1, -2, -1, -1, -2, 1, -2, 1, 2, 1]"
196,dfs_bnb_mpi,23.6443,-6,7,7354483,"[-1, -1, 2, 1, 2, -1, 2, -1, -1, -2, 1, -2, -1, -1, 2, -1, -2, -2, 1, -2, 1, 1, 2, -1]"
197,dfs_bnb_mpi,0.265094,-7,8,78835,"[-1, -1, 2, -1, 2, -1, -1, -2, 1, -2, 1, -2, -1, -1, 2, -1, -1, -1, 2, 2, 1, 1, -2, -1]"
198,dfs_bnb_mpi,1.49679,-7,8,463069,"[-1, -2, 1, 1, -2, -1, -1, -1, -2, -2, 1, 2, 1, 1, 1, 2, 2, 2, -1, 2, 2, -1, -2, -1]"
199,dfs_bnb_mpi,0.721071,-4,5,190062,"[-1, -1, 2, 2, 2, 2, 2, 2, 2, 2, 2, 2, 2, 1, 2, -1, -1, -2, -1, -1, -2, 1, 1, -2]"
200,dfs_bnb_mpi,212.188,-6,7,63577904,"[-1, -1, 2, 1, 2, 2, 2, -1, -2, -1, 2, 2, -1, 2, -1, -2, -2, 1, -2, -2, -2, 1, 2, 1]"
201,dfs_bnb_mpi,28.4191,-7,8,8282666,"[-1, -1, 2, 1, 2, -1, 2, -1, 2, 2, 2, -1, -2, -2, -2, -1, -2, -2, 1, 2, 1, -2, -2, -1]"
202,dfs_bnb_mpi,300.148,-5,6,92743998,"[-1, -1, 2, 2, 2, 1, 2, -1, 2, 2, -1, -2, -2, -2, -2, -2, -1, -1, 2, 1, 2, 2, 2, 2]"
203,dfs_bnb_mpi,8.48578,-7,8,2359302,"[-1, -1, 2, 2, -1, 2, -1, -2, -1, -1, -2, 1, 1, 1, -2, -1, -1, -1, -1, -2, 1, 1, 1, 1]"
204,dfs_bnb_mpi,145.049,-7,8,39608167,"[-1, -1, 2, 2, 2, -1, -2, -1, 2, 2, 2, 2, -1, -2, -2, -2, -2, -2, 1, 1, -2, -2, -1, 2]"
205,dfs_bnb_mpi,175.446,-7,8,49053692,"[-1, -1, 2, 2, 2, 2, -1, -2, -2, -1, 2, 2, -1, -2, -2, -1, -1, -2, 1, 1, -2, 1, 2, 1]"
206,dfs_bnb_mpi,316.554,-6,7,95811282,"[-1, -1, 2, 2, 2, 1, 1, 2, -1, 2, 2, -1, -1, -1, -2, -2, -1, -2, 1, 1, 2, 2, 1, -2]"
207,dfs_bnb_mpi,21.1336,-7,8,6189459,"[-1, -1, 2, 2, 2, 2, 2, 1, -2, 1, 1, 2, 1, -2, 1, -2, -1, -2, -1, 2, -1, -1, -2, 1]"
208,dfs_bnb_mpi,7.88296,-6,7,1915720,"[-1, -1, 2, -1, -2, -2, 1, 1, 1, -2, -1, -2, -2, -1, 2, 2, -1, -1, -2, 1, -2, -1, -1, 2]"
209,dfs_bnb_mpi,890.871,-6,7,263563959,"[-1, -1, 2, 2, 2, 2, 1, 2, 2, 1, -2, -2, 1, -2, 1, -2, -1, -2, -1, -1, 2, 2, 1, -2]"
210,dfs_bnb_mpi,9.3709,-7,7,2874899,"[-1, -2, 1, -2, 1, 1, 1, 2, -1, -1, 2, 2, 2, 1, -2, 1, 2, 2, 1, -2, -2, -2, -1, -1]"
211,dfs_bnb_mpi,7.20182,-6,7,2165282,"[-1, -1, 2, 2, 2, 2, 2, 2, 2, 2, 1, 2, 1, 2, 1, -2, 1, -2, -1, -1, -2, -1, -2, 1]"
212,dfs_bnb_mpi,37.754,-4,5,11600316,"[-1, -1, 2, 2, 2, 2, 1, 1, 2, -1, 2, 2, 2, -1, -2, -2, -2, -1, 2, -1, -2, -2, 1, -2]"
213,dfs_bnb_mpi,42.1844,-8,9,12904980,"[-1, -2, 1, 1, 1, 2, -1, 2, 2, 1, 1, -2, -2, -2, 1, 1, -2, -1, -1, -2, -1, 2, -1, -1]"
214,dfs_bnb_mpi,1.78825,-8,8,471235,"[-1, -1, 2, -1, -2, -1, -1, -2, 1, 1, 1, 1, -2, -1, -1, -1, -2, 1, -2, -2, 1, 2, 2, 1]"
215,dfs_bnb_mpi,56.685,-7,8,15861095,"[-1, -1, 2, 2, 2, 2, 2, 2, 2, 1, 1, 2, 1, -2, 1, -2, -1, -2, -1, -2, -1, 2, 2, 1]"
216,dfs_bnb_mpi,1241.9,-6,7,289795734,"[-1, -1, 2, 1, 2, 2, 1, 1, 1, -2, -2, -2, -2, 1, -2, -1, -2, -1, -1, 2, 1, 2, -1, -1]"
217,dfs_bnb_mpi,14.1699,-8,9,3807564,"[-1, -1, 2, 2, 2, 1, 2, 2, -1, -2, -1, 2, -1, -1, -2, 1, -2, -1, -2, -2, 1, 2, 1, 2]"
218,dfs_bnb_mpi,0.226337,-7,8,63416,"[-1, -2, 1, 1, -2, -1, -2, -2, -1, 2, 2, -1, 2, 2, 2, 1, 1, 1, -2, 1, 2, 2, 2, 2]"
219,dfs_bnb_mpi,27.8456,-7,8,8545263,"[-1, -1, 2, 1, 1, 2, 2, 2, -1, -2, -2, -1, -1, 2, 2, 2, -1, -2, -2, -1, -2, 1, -2, 1]"
220,dfs_bnb_mpi,864.657,-6,7,252487008,"[-1, -1, 2, 2, 1, 1, 2, -1, -1, 2, 2, 1, -2, 1, 2, 1, -2, -2, 1, -2, -1, -2, -1, -1]"
221,dfs_bnb_mpi,3.10934,-7,8,856892,"[-1, -2, -1, 2, -1, -1, -2, 1, -2, 1, 1, 1, 2, 1, 2, 2, -1, 2, -1, -2, -1, 2, 2, 2]"
222,dfs_bnb_mpi,64.9682,-7,8,17712366,"[-1, -2, -1, -1, 2, 2, 2, 2, -1, -2, -2, -2, -2, -2, 1, -2, 1, 2, 1, 1, 2, 1, 2, 2]"
223,dfs_bnb_mpi,1.89358,-7,8,574601,"[-1, -1, 2, 1, 1, 2, 2, 1, -2, 1, 1, -2, -1, -1, -2, -2, -1, -2, -2, -1, 2, 2, -1, -1]"
224,dfs_bnb_mpi,796.317,-7,8,243369696,"[-1, -1, 2, -1, -2, -1, 2, -1, -2, -2, 1, -2, -2, 1, 2, 1, 1, 1, 1, 2, -1, -1, -1, -1]"
225,dfs_bnb_mpi,15.5157,-6,6,4747457,"[-1, -1, 2, 2, 2, 1, 1, 1, 2, 1, -2, -2, -1, -1, -1, -2, 1, 1, 1, 1, -2, -1, -1, -2]"
226,dfs_bnb_mpi,198.776,-6,7,61107797,"[-1, -1, -1, 2, 2, 1, -2, 1, 1, 2, -1, 2, 2, -1, -2, -1, -1, -2, -2, -2, -2, 1, 1, 1]"
227,dfs_bnb_mpi,54.5707,-8,9,17073841,"[-1, -2, -2, 1, 2, 1, 1, 1, 2, -1, -1, 2, 2, -1, -1, -1, -2, -2, -2, -1, -2, 1, -2, 1]"
228,dfs_bnb_mpi,172.356,-6,7,48386612,"[-1, -1, 2, 2, 2, 1, 2, 2, 1, 2, 2, -1, -2, -1, -2, -2, -1, -1, -1, -2, -2, 1, 2, 1]"
229,dfs_bnb_mpi,0.525217,-6,7,140154,"[-1, -1, 2, 2, 2, 1, 2, 2, 1, -2, -2, -2, -1, -2, 1, 1, 2, 2, 2, 1, -2, -2, 1, 2]"
230,dfs_bnb_mpi,3.44886,-8,9,1080684,"[-1, -2, 1, 1, -2, -1, -2, 1, -2, -1, -2, -2, -1, 2, 2, -1, -1, -1, 2, 1, 1, 1, 2, -1]"
231,dfs_bnb_mpi,24.6678,-5,6,5926712,"[-1, -1, 2, 2, 2, 2, 2, 1, 2, 2, 2, 2, 1, -2, -2, -2, -2, 1, -2, -1, -1, -2, 1, 1]"
232,dfs_bnb_mpi,141.747,-8,9,43061015,"[-1, -1, 2, 2, 2, 2, -1, -2, -2, -2, -2, -2, -1, -2, 1, -2, 1, 1, 2, 1, 2, -1, -1, -2]"
233,dfs_bnb_mpi,4.72123,-6,7,1402198,"[-1, -1, 2, 2, 1, -2, 1, 2, 1, 2, 2, 2, 1, -2, -2, -2, -2, -1, -2, -2, 1, 2, 1, 2]"
234,dfs_bnb_mpi,13.6664,-6,7,3763297,"[-1, -1, 2, 2, 2, 1, 2, 2, 2, -1, -2, -2, -1, -1, -2, 1, -2, -1, -2, 1, -2, -2, 1, 1]"
235,dfs_bnb_mpi,7.11516,-7,8,2084409,"[-1, -2, 1, 1, -2, 1, -2, -1, -2, 1, 1, 2, 2, 1, 2, 2, -1, -2, -1, 2, -1, 2, 2, 2]"
236,dfs_bnb_mpi,25.7913,-7,8,7878927,"[-1, -2, -1, 2, 2, -1, 2, 2, 2, 1, 2, 2, 1, -2, -2, 1, -2, -1, -1, -2, 1, -2, 1, 2]"
237,dfs_bnb_mpi,138.322,-7,8,42857508,"[-1, -2, 1, 1, 2, 2, 1, 2, 2, 1, -2, -2, 1, 2, 2, 1, -2, -2, -2, -1, -1, -1, -2, 1]"
238,dfs_bnb_mpi,2.51561,-6,7,723046,"[-1, -1, 2, 2, 2, 2, 2, 2, 2, 2, 2, 1, 2, -1, 2, -1, -1, -2, 1, -2, -1, -2, 1, -2]"
239,dfs_bnb_mpi,11.9848,-6,7,3728177,"[-1, -1, 2, 2, -1, -2, -2, -1, -2, 1, -2, -2, 1, 2, 2, 1, 1, 1, 2, 2, 2, -1, -1, -2]"
240,dfs_bnb_mpi,0.246154,-8,8,66580,"[-1, -1, 2, 1, 1, 2, 1, 2, 1, -2, -2, -1, -2, 1, -2, -1, -2, 1, -2, -1, -1, 2, 2, -1]"
241,dfs_bnb_mpi,119.882,-6,7,32208889,"[-1, -2, -2, -1, 2, 2, -1, 2, 1, 2, 2, 2, 1, -2, -2, -2, 1, 1, 2, -1, 2, 2, 2, 2]"
242,dfs_bnb_mpi,63.5095,-4,5,19814179,"[-1, -1, 2, 2, 2, 2, 2, 2, 2, 1, 2, 1, -2, -2, -1, -2, 1, 1, 2, 1, 2, 2, -1, -2]"
243,dfs_bnb_mpi,2.39304,-7,8,727985,"[-1, -1, 2, 2, 1, -2, 1, 1, 2, 2, 1, -2, -2, -2, -1, -2, -2, -1, 2, -1, -1, -1, 2, 2]"
244,dfs_bnb_mpi,33.4768,-7,8,9811705,"[-1, -2, -1, 2, -1, -1, 2, 2, 1, -2, 1, 2, 2, 2, 1, 1, -2, -1, -2, -2, 1, 2, 1, 2]"
245,dfs_bnb_mpi,18.8964,-7,8,5843809,"[-1, -1, 2, 2, 1, 2, 1, 2, 1, 2, -1, 2, 2, -1, -2, -2, -2, -1, -2, -1, -2, -2, -1, 2]"
246,dfs_bnb_mpi,22.8555,-8,9,7074972,"[-1, -1, 2, 1, 1, 2, 1, 2, 1, 1, -2, -1, -2, 1, -2, -1, -2, 1, -2, -1, -1, 2, 2, 2]"
247,dfs_bnb_mpi,236.055,-8,9,70919479,"[-1, -2, -1, 2, 2, 1, 1, 2, 2, 2, -1, 2, 2, 2, -1, -2, -2, -2, -1, -2, 1, -2, 1, 2]"
248,dfs_bnb_mpi,7.21096,-6,7,2107805,"[-1, -1, 2, 1, 2, 2, 1, 1, 2, -1, -1, 2, -1, -2, -1, -2, 1, -2, -1, -2, -1, 2, 2, 2]"
249,dfs_bnb_mpi,91.2701,-7,8,28269508,"[-1, -1, 2, -1, -1, 2, 2, 2, 2, 1, -2, 1, -2, 1, 2, 1, -2, -2, -2, -1, 2, -1, -1, 2]"
250,dfs_bnb_mpi,8.8961,-7,8,2696591,"[-1, -1, 2, 1, 2, 1, 2, 2, -1, -2, -1, -2, -1, 2, 2, 1, 2, -1, -1, -2, -2, -2, -2, 1]"
251,dfs_bnb_mpi,3.33853,-6,7,1040398,"[-1, -2, 1, 1, -2, 1, -2, -2, -1, 2, -1, 2, -1, -1, -2, 1, -2, 1, -2, -2, 1, 2, 1, 1]"
252,dfs_bnb_mpi,375.279,-8,9,107790939,"[-1, -2, 1, 1, -2, 1, 2, 1, 1, 1, 2, 2, 2, -1, -2, -2, -1, 2, -1, 2, -1, -2, -2, 1]"
253,dfs_bnb_mpi,2.40515,-6,7,686011,"[-1, -1, 2, 2, 1, 2, 2, 2, -1, -1, -2, 1, -2, -1, -2, -1, -1, 2, 1, 2, 2, -1, -2, -1]"
254,dfs_bnb_mpi,1.69328,-7,8,437289,"[-1, -1, 2, 2, 2, 2, 2, 1, 2, -1, 2, 2, -1, -2, -1, -2, 1, -2, -1, -2, 1, -2, -1, -1]"
255,dfs_bnb_mpi,788.833,-6,7,243442070,"[-1, -1, 2, 2, 2, 2, 2, 1, 1, 2, 1, -2, -2, -2, -1, -2, 1, -2, -1, -1, 2, 2, 2, 1]"
256,dfs_bnb_mpi,18.7925,-7,8,5546052,"[-1, -1, -1, -1, 2, 1, 2, 1, -2, 1, 1, 1, -2, -2, -1, -1, -1, -1, -1, -2, -2, 1, 2, 1]"
257,dfs_bnb_mpi,0.647677,-8,7,197125,"[-1, -2, 1, -2, -2, 1, 2, 1, 1, 1, 2, -1, -1, -1, 2, 1, 2, -1, 2, -1, -2, -1, 2, 2]"
258,dfs_bnb_mpi,3.43043,-7,8,1069301,"[-1, -1, 2, 1, 1, 2, -1, -1, 2, -1, -2, -1, 2, -1, -2, -2, -2, 1, 2, 1, -2, -2, 1, 1]"
259,dfs_bnb_mpi,4.67103,-7,8,1469170,"[-1, -1, 2, 1, 1, 2, 1, -2, 1, -2, -1, -2, 1, 1, 2, 2, 2, 2, -1, -1, -1, -1, -2, -1]"
260,dfs_bnb_mpi,82.0029,-7,8,25348616,"[-1, -2, -1, 2, 2, 2, 1, -2, 1, 1, 2, 2, 1, 2, -1, 2, 2, -1, -2, -2, -1, -2, 1, -2]"
261,dfs_bnb_mpi,164.495,-6,7,46889986,"[-1, -1, 2, 2, 2, 2, 2, 1, -2, 1, 2, 1, -2, 1, -2, -2, -1, -2, -1, -1, 2, 1, 2, 1]"
262,dfs_bnb_mpi,2.38444,-6,7,598445,"[-1, -2, 1, 1, 2, 2, -1, -1, 2, 1, 2, -1, -1, -2, -1, -2, 1, -2, -1, -1, 2, 2, 2, 2]"
263,dfs_bnb_mpi,19.2123,-7,8,5882149,"[-1, -1, 2, 1, 1, 2, 2, 1, -2, -2, 1, 2, 1, -2, -2, -1, -1, -2, -1, -1, -1, -2, 1, 1]"
264,dfs_bnb_mpi,2.0701,-7,8,620938,"[-1, -2, 1, 1, 2, 1, -2, -2, -1, -1, -2, 1, -2, -1, -1, 2, 2, -1, -1, 2, 1, 2, 2, 2]"
265,dfs_bnb_mpi,397.219,-4,5,108263148,"[-1, -1, 2, 2, 2, 2, 2, 2, 2, -1, -2, -2, -2, -2, -1, -1, -2, 1, 1, -2, -2, -2, 1, 1]"
266,dfs_bnb_mpi,2.5205,-7,7,732982,"[-1, -1, 2, 1, 1, 2, 1, 2, 1, -2, 1, 1, -2, -1, -1, -1, -2, -2, -1, -1, -1, -1, 2, 2]"
267,dfs_bnb_mpi,228.816,-6,7,69351425,"[-1, -1, 2, 2, 1, 2, -1, 2, 2, 2, -1, -2, -2, -1, 2, 2, -1, -2, -2, -2, 1, 1, -2, -1]"
268,dfs_bnb_mpi,2.31739,-6,7,672621,"[-1, -1, 2, 2, 2, 1, 2, 2, -1, -2, -1, -2, -1, 2, -1, -2, -1, -2, 1, 1, 1, -2, -1, -1]"
269,dfs_bnb_mpi,1.30097,-7,8,367332,"[-1, -1, 2, -1, 2, 1, 2, 2, 1, -2, -2, -2, 1, 2, 2, 2, 1, -2, -2, -2, -2, 1, 2, 2]"
270,dfs_bnb_mpi,0.252806,-7,7,77914,"[-1, -1, 2, 2, -1, -2, -2, -1, 2, -1, -2, -2, 1, 1, -2, -1, -1, -2, 1, 1, 1, 2, 2, 1]"
271,dfs_bnb_mpi,3.2779,-7,8,820411,"[-1, -2, 1, 1, -2, 1, -2, -2, 1, 2, 1, 1, 2, -1, -1, 2, -1, 2, -1, 2, -1, 2, 2, 2]"
272,dfs_bnb_mpi,105.898,-4,5,31216961,"[-1, -1, 2, 2, 2, 2, 2, -1, 2, 1, 1, -2, 1, -2, -1, -2, -2, -2, 1, 1, -2, -2, -1, -1]"
273,dfs_bnb_mpi,10.4483,-7,8,3247468,"[-1, -2, 1, -2, 1, 2, 1, -2, -2, -1, -1, -1, 2, -1, 2, 2, 2, 2, 1, 1, -2, 1, -2, 1]"
274,dfs_bnb_mpi,12.6342,-6,7,3834439,"[-1, -2, 1, 1, 2, 1, 1, 1, 2, 2, -1, -2, -1, 2, -1, -2, -1, 2, -1, -2, -1, -2, -1, 2]"
275,dfs_bnb_mpi,22.6626,-8,9,6575985,"[-1, -2, -1, 2, 2, -1, 2, 1, 2, 2, 2, -1, 2, 2, 1, -2, 1, -2, -2, -2, -2, 1, -2, -1]"
276,dfs_bnb_mpi,0.42576,-6,7,109191,"[-1, -1, 2, 2, 2, 1, 2, -1, 2, 2, -1, -2, -2, -2, -2, -1, 2, 2, -1, -1, 2, 1, 1, 2]"
277,dfs_bnb_mpi,147.391,-6,7,41261120,"[-1, -1, 2, 2, 2, 2, 2, 2, 2, 2, 1, -2, 1, 2, 1, 1, -2, -1, -2, -1, -1, -2, 1, 1]"
278,dfs_bnb_mpi,149.445,-6,7,46143515,"[-1, -1, 2, 2, 2, 2, 1, -2, 1, 2, 2, 1, -2, 1, -2, -2, -2, -1, -1, -1, 2, 1, 1, 2]"
279,dfs_bnb_mpi,5.01363,-7,8,1467416,"[-1, -1, 2, 2, -1, -2, -2, -1, -1, -2, 1, -2, -1, -2, -2, 1, 2, 1, 2, 1, 1, 2, -1, -1]"
280,dfs_bnb_mpi,4.82908,-4,5,1386966,"[-1, -1, 2, 2, 2, 2, 2, 2, 1, -2, 1, -2, -1, -2, -2, -2, 1, 1, -2, -2, -1, -1, -1, -1]"
281,dfs_bnb_mpi,0.993339,-7,8,288542,"[-1, -1, -1, 2, 1, 1, 2, 2, -1, -2, -1, -1, -2, -2, -1, -2, 1, -2, -2, 1, 2, 2, 1, 1]"
282,dfs_bnb_mpi,123.187,-4,5,35555655,"[-1, -1, 2, 2, 2, 2, 2, 2, 2, 2, 1, -2, 1, 1, 1, 2, -1, -1, 2, -1, -1, -1, -2, -2]"
283,dfs_bnb_mpi,0.225781,-6,7,61300,"[-1, -1, 2, 2, 1, -2, 1, 2, 2, 1, -2, -2, 1, -2, -1, -2, -1, -1, -1, -1, 2, 2, 2, 2]"
284,dfs_bnb_mpi,1.32669,-7,8,403739,"[-1, -2, -1, -2, 1, 1, 2, 1, 1, 1, 2, 2, -1, -2, -1, 2, -1, -1, -1, -1, -2, -2, -2, -1]"
285,dfs_bnb_mpi,3.92078,-7,8,1059749,"[-1, -1, 2, -1, -2, -1, 2, -1, -2, -2, 1, 1, 1, 1, -2, 1, -2, -1, -1, -1, -1, 2, 1, 1]"
286,dfs_bnb_mpi,10.0249,-6,7,2308940,"[-1, -1, 2, 2, 1, 2, 2, -1, -2, -1, 2, -1, -1, -2, 1, -2, 1, -2, -1, -1, 2, -1, 2, 2]"
287,dfs_bnb_mpi,3.65201,-8,9,1089587,"[-1, -1, 2, -1, -2, -2, -2, -1, 2, 2, -1, -1, 2, 1, 1, 2, 1, 2, 2, 1, -2, 1, -2, -1]"
288,dfs_bnb_mpi,5.8627,-6,7,1652534,"[-1, -1, 2, 2, 1, -2, 1, 2, 2, 1, -2, -2, -2, 1, -2, -1, -1, -1, -1, -1, 2, 2, 2, 2]"
289,dfs_bnb_mpi,0.1063,-8,9,29402,"[-1, -1, 2, -1, -2, -2, 1, 1, -2, 1, 2, 1, 1, 2, -1, 2, -1, -1, 2, 2, -1, -2, -1, 2]"
290,dfs_bnb_mpi,295.833,-5,6,91179017,"[-1, -1, 2, 2, -1, -1, -2, 1, -2, -1, -1, -1, -1, 2, 1, 1, 2, 2, 2, 2, 1, 1, -2, -2]"
291,dfs_bnb_mpi,26.0321,-6,7,6314242,"[-1, -1, 2, 2, 2, 2, 2, 1, -2, -2, -2, -2, 1, 1, -2, -2, -1, -1, -2, 1, 1, 1, 2, 2]"
292,dfs_bnb_mpi,137.534,-4,5,35780223,"[-1, -1, 2, 2, 2, 2, 2, 2, 2, 2, 2, 2, 2, 1, -2, 1, -2, -1, -2, 1, 1, 2, 2, 2]"
293,dfs_bnb_mpi,0.548432,-7,8,169111,"[-1, -2, 1, 1, -2, -1, -1, -1, -2, 1, -2, -1, -1, 2, -1, -2, -2, 1, 1, 1, 1, 2, 2, 1]"
294,dfs_bnb_mpi,5.70081,-7,8,1712422,"[-1, -1, 2, 2, 2, 2, 1, -2, -2, -2, 1, 1, 2, -1, 2, 1, 1, -2, -2, -2, -1, -2, -1, -1]"
295,dfs_bnb_mpi,7.25978,-7,8,2009497,"[-1, -1, 2, 2, 2, 1, 2, -1, 2, -1, -2, -1, -1, -2, 1, 1, -2, -1, -2, -1, 2, -1, 2, 2]"
296,dfs_bnb_mpi,0.265465,-6,6,81575,"[-1, -1, 2, -1, -2, -1, 2, -1, -2, -1, -2, 1, 1, 1, -2, -1, -2, 1, 1, 2, 2, 1, 1, 1]"
297,dfs_bnb_mpi,47.1867,-7,8,14016066,"[-1, -1, 2, 1, 2, -1, 2, 2, 2, -1, -2, -2, -2, -2, -2, -1, 2, 2, 2, 2, -1, -2, -2, -1]"
298,dfs_bnb_mpi,186.933,-4,5,46441529,"[-1, -1, 2, 2, 2, 2, 2, 2, 2, 2, 2, 2, 1, -2, 1, 1, 1, -2, -1, -2, -1, -1, 2, 1]"
299,dfs_bnb_mpi,94.5616,-6,7,27357368,"[-1, -2, -1, -1, 2, 1, 2, 1, 2, 2, 2, -1, -2, -2, -1, 2, 2, -1, -2, -2, -1, -2, 1, 1]"
300,dfs_bnb_mpi,7.81216,-6,7,1902045,"[-1, -1, 2, 2, 2, 2, 2, -1, -2, -2, -1, -1, -2, 1, 1, -2, -2, -2, -1, -2, 1, 1, 2, 1]"
301,dfs_bnb_mpi,33.9811,-8,9,9942648,"[-1, -2, 1, -2, 1, 2, 2, 1, 1, 1, 2, -1, -1, 2, 2, -1, -2, -1, 2, -1, -2, -2, 1, 1]"
302,dfs_bnb_mpi,8.42089,-6,7,2241679,"[-1, -1, 2, 2, 2, 2, 1, 2, 2, 2, -1, -1, -2, 1, -2, -1, -2, -2, -1, -1, 2, 1, 2, 2]"
303,dfs_bnb_mpi,0.696838,-6,7,200700,"[-1, -1, 2, 2, 2, -1, 2, 1, 2, 1, -2, 1, 1, -2, -1, -1, -2, -2, 1, 2, 1, 1, 2, 2]"
304,dfs_bnb_mpi,23.1343,-8,9,7142792,"[-1, -2, 1, -2, 1, -2, 1, 1, 2, -1, 2, -1, 2, 2, 1, -2, 1, 1, 1, -2, -2, -1, 2, -1]"
305,dfs_bnb_mpi,17.332,-6,7,5085823,"[-1, -2, 1, 1, -2, -1, -1, -1, 2, 2, 2, 2, 1, -2, 1, 2, 2, 1, -2, -2, -2, 1, 2, 2]"
306,dfs_bnb_mpi,0.931347,-6,7,274124,"[-1, -1, 2, 2, 2, 2, 2, 2, 1, -2, 1, 2, 2, -1, 2, 2, -1, -2, -2, -1, -2, -2, -1, 2]"
307,dfs_bnb_mpi,1.57103,-7,7,488534,"[-1, -2, 1, 1, 1, 1, 2, -1, -1, 2, -1, -1, 2, -1, -2, -2, -2, -2, 1, 1, 1, 1, 1, 1]"
308,dfs_bnb_mpi,214.868,-7,8,55489449,"[-1, -1, 2, 2, 2, 1, 1, 2, 2, -1, -2, -1, 2, -1, -2, -1, -2, -1, -2, -2, 1, 2, 1, 2]"
309,dfs_bnb_mpi,10.2484,-8,9,3248994,"[-1, -2, 1, -2, 1, 2, 2, 2, 1, 2, 2, 1, -2, -2, 1, 2, 1, -2, -2, -1, -1, -2, -1, 2]"
310,dfs_bnb_mpi,8.67361,-6,7,2429229,"[-1, -1, 2, 2, 2, -1, -2, -1, 2, -1, -2, -2, -1, -2, 1, 1, 2, 1, -2, -2, 1, 1, 1, 1]"
311,dfs_bnb_mpi,148.614,-5,6,33884231,"[-1, -1, 2, 2, 2, 2, -1, -2, -1, 2, 2, -1, -2, -2, -2, 1, 1, -2, -1, -2, 1, -2, 1, 1]"
312,dfs_bnb_mpi,144.908,-6,7,40206559,"[-1, -1, 2, 2, 2, 2, -1, -1, -2, -1, 2, 2, -1, -2, -2, -2, 1, -2, 1, -2, 1, 2, 2, -1]"
313,dfs_bnb_mpi,28.7347,-6,7,7138890,"[-1, -1, 2, 2, 2, -1, -2, -2, -2, -1, 2, -1, -2, -2, 1, 1, 1, 1, -2, -1, -1, -2, -1, 2]"
314,dfs_bnb_mpi,166.358,-6,7,46719118,"[-1, -1, 2, 2, 2, -1, 2, -1, 2, 2, 2, -1, -2, -2, -2, -2, 1, -2, 1, -2, -2, -2, 1, 1]"
315,dfs_bnb_mpi,462.827,-8,9,129744434,"[-1, -2, -1, 2, 2, -1, 2, 2, -1, 2, 1, 2, 1, -2, 1, 1, -2, -2, -2, -1, 2, 2, -1, -2]"
316,dfs_bnb_mpi,20.6717,-8,9,6092082,"[-1, -1, 2, 2, 2, -1, -2, -2, -2, -1, -2, -1, -2, 1, -2, 1, 2, 1, 1, 1, 2, -1, -1, -1]"
317,dfs_bnb_mpi,32.6341,-8,9,9826167,"[-1, -1, 2, 2, 2, 1, -2, 1, 2, 1, -2, 1, 2, 1, -2, 1, -2, -1, -1, -2, -1, 2, -1, -1]"
318,dfs_bnb_mpi,53.5356,-7,8,15776723,"[-1, -1, 2, 2, 2, 2, 2, 1, -2, -2, 1, -2, 1, 2, 1, 2, 1, 2, -1, 2, -1, -2, -2, -1]"
319,dfs_bnb_mpi,44.7091,-4,5,13889628,"[-1, -1, 2, 2, 2, 2, 2, 2, 1, -2, -2, -2, -2, -2, 1, 1, -2, -2, 1, -2, -1, -1, 2, -1]"
320,dfs_bnb_mpi,120.039,-4,5,36629906,"[-1, -1, 2, 2, 1, -2, 1, 2, 2, 2, 2, 1, 2, -1, -1, -2, -1, 2, -1, -2, -2, -2, -2, -2]"
321,dfs_bnb_mpi,1015.62,-2,3,246005124,"[-1, -1, 2, 2, 2, 2, 2, 2, 2, 2, 2, 2, 2, 2, 2, 2, 2, 2, 1, -2, -2, 1, -2, -1]"
322,dfs_bnb_mpi,5.16935,-7,8,1413932,"[-1, -1, 2, 2, 1, -2, 1, 1, 2, -1, 2, 1, 1, -2, -2, 1, 1, -2, -1, -2, -1, 2, -1, -2]"
323,dfs_bnb_mpi,0.180486,-7,8,42235,"[-1, -1, 2, 2, 1, -2, 1, 2, 1, 1, -2, -1, -2, -2, 1, 2, 1, 1, 2, -1, 2, 2, 2, 2]"
324,dfs_bnb_mpi,17.8436,-6,7,5464838,"[-1, -1, 2, 2, 2, -1, -2, -1, -2, -1, 2, 2, -1, -2, -2, -2, 1, 1, -2, -2, 1, 2, 2, 2]"
325,dfs_bnb_mpi,70.5045,-6,7,20445448,"[-1, -1, 2, 2, 2, 2, 2, 1, -2, -2, 1, 2, 1, 2, -1, 2, -1, 2, -1, -2, -1, -2, -2, -2]"
326,dfs_bnb_mpi,7.19589,-6,7,1761977,"[-1, -1, 2, 2, 2, 2, 2, 1, -2, 1, 2, 1, -2, -2, -1, -1, -2, -2, 1, 2, 1, 1, 2, 2]"
327,dfs_bnb_mpi,1.17972,-8,9,344790,"[-1, -2, -1, 2, 2, 1, 1, 2, -1, -1, 2, -1, 2, 1, 2, 1, 1, -2, -1, -2, 1, 1, 2, 2]"
328,dfs_bnb_mpi,0.738475,-7,8,227543,"[-1, -1, 2, -1, -2, -1, -2, -2, 1, 2, 1, 1, 1, 1, -2, -1, -1, -2, 1, -2, -1, -1, 2, 2]"
329,dfs_bnb_mpi,148.563,-6,7,39783530,"[-1, -1, 2, 2, 2, -1, 2, 2, 2, -1, -2, -2, -2, -1, -2, 1, 1, -2, -1, -1, -1, -2, 1, 1]"
330,dfs_bnb_mpi,0.866742,-7,8,271776,"[-1, -1, 2, -1, 2, 1, 1, -2, 1, 1, -2, 1, -2, -1, -2, 1, -2, -1, -1, 2, 2, -1, -1, -1]"
331,dfs_bnb_mpi,952.5,-6,7,266158147,"[-1, -1, 2, 2, 2, 2, 1, -2, -2, 1, 2, 1, 2, 2, 2, 1, -2, -2, -2, -2, -1, -2, -1, -1]"
332,dfs_bnb_mpi,7.25772,-8,8,2194813,"[-1, -1, 2, 1, 2, -1, -1, -2, -2, -1, -1, 2, 1, 2, -1, -1, 2, 1, 1, 2, 1, 1, -2, -1]"
333,dfs_bnb_mpi,31.8328,-7,8,9087757,"[-1, -1, 2, -1, 2, 2, 1, -2, 1, 2, 1, 2, 2, 2, 1, -2, -2, -2, 1, -2, -1, -1, -2, -1]"
334,dfs_bnb_mpi,131.41,-6,7,36220583,"[-1, -1, 2, 2, 1, -2, 1, 1, -2, -2, -1, -1, -2, -2, -1, 2, 2, -1, 2, 2, 2, -1, -2, -2]"
335,dfs_bnb_mpi,6.65838,-5,6,2039877,"[-1, -1, 2, 2, 2, 2, 2, -1, -2, -2, -2, -1, 2, -1, -2, -2, -2, 1, 2, 1, -2, -2, 1, 1]"
336,dfs_bnb_mpi,50.9188,-7,8,14727194,"[-1, -2, 1, 1, 2, 1, 2, 1, 1, 2, -1, -1, 2, -1, 2, -1, -2, -2, 1, -2, -1, -1, 2, 2]"
337,dfs_bnb_mpi,69.8965,-6,6,19242760,"[-1, -1, 2, 2, 2, 2, 1, 2, -1, 2, 2, 2, -1, -2, -2, -2, -1, -1, -2, 1, 1, -2, -1, -1]"
338,dfs_bnb_mpi,8.92348,-7,8,2451052,"[-1, -1, 2, 2, 1, 2, 2, 2, 2, -1, -2, -2, -2, -1, -2, -1, -2, -1, -1, -2, 1, 1, 1, 2]"
339,dfs_bnb_mpi,53.0039,-7,8,12934831,"[-1, -1, 2, 2, -1, 2, 2, 2, 2, -1, -2, -2, -2, -1, -1, -2, 1, 1, -2, 1, -2, -1, -1, 2]"
340,dfs_bnb_mpi,21.5987,-8,9,6067437,"[-1, -1, 2, 2, 1, 1, 2, 2, -1, -2, -1, 2, -1, 2, -1, -2, -2, -1, -2, 1, -2, 1, 2, 2]"
341,dfs_bnb_mpi,58.8279,-4,5,16995158,"[-1, -1, 2, 2, 2, 2, 2, 2, 2, 1, 1, -2, -2, -1, -2, -2, -2, 1, 2, 2, 1, 1, 2, -1]"
342,dfs_bnb_mpi,55.9053,-6,7,17199371,"[-1, -1, 2, 2, 2, 2, 2, 1, -2, 1, 2, 1, -2, 1, -2, 1, -2, -1, -1, 2, -1, -1, -2, 1]"
343,dfs_bnb_mpi,49.3663,-7,8,15184125,"[-1, -1, -1, -1, 2, 1, 2, 2, 2, 1, 1, 1, -2, -2, 1, 1, -2, -1, -1, -1, -1, 2, 1, 2]"
344,dfs_bnb_mpi,1.57428,-7,8,420600,"[-1, -1, 2, 2, 2, 1, -2, 1, 2, 2, -1, 2, -1, -2, -1, 2, -1, -2, -2, 1, -2, -1, -1, 2]"
345,dfs_bnb_mpi,118.885,-6,7,36503170,"[-1, -1, 2, 2, 2, -1, -2, -2, -2, -1, 2, 2, 2, 2, 1, 1, 1, -2, -2, 1, 1, -2, -1, -1]"
346,dfs_bnb_mpi,48.4355,-6,7,14879808,"[-1, -1, 2, 2, 2, 1, 2, 2, -1, -2, -1, -2, -2, -2, -1, 2, 2, 2, 2, 1, 2, 2, 1, -2]"
347,dfs_bnb_mpi,4.61957,-8,9,1318536,"[-1, -2, 1, -2, 1, 2, 1, 1, 2, 2, 1, 2, 2, -1, -2, -1, -2, -2, -1, 2, 2, 2, 2, 2]"
348,dfs_bnb_mpi,2.77594,-7,8,680354,"[-1, -1, 2, -1, -2, -2, 1, 1, -2, -1, -2, 1, 1, 2, 2, 1, 2, 1, -2, -2, -1, -2, 1, 1]"
349,dfs_bnb_mpi,244.034,-7,8,75311106,"[-1, -1, 2, 2, 2, 1, -2, -2, 1, 2, 2, 1, 2, 1, -2, 1, 1, -2, -1, -2, -1, -1, 2, 1]"
350,dfs_bnb_mpi,4.47801,-6,7,1423396,"[-1, -1, 2, 1, 1, 2, 2, 1, -2, -2, 1, -2, -1, -2, 1, 1, -2, -1, -1, -1, 2, -1, -1, -1]"
351,dfs_bnb_mpi,656.25,-6,7,190630605,"[-1, -1, 2, 2, 2, 2, -1, -1, -2, -2, -2, -1, -1, -2, 1, -2, -2, 1, 1, 2, -1, 2, 1, 2]"
352,dfs_bnb_mpi,121.354,-7,8,37183482,"[-1, -1, 2, 2, 2, 1, 2, 2, -1, 2, -1, -2, -1, 2, -1, -2, -1, -2, 1, 1, -2, 1, 2, 1]"
353,dfs_bnb_mpi,3.12725,-7,8,743618,"[-1, -1, 2, -1, -2, -1, 2, -1, -2, -2, 1, 1, -2, 1, 2, 1, -2, 1, -2, -1, -1, -1, -1, 2]"
354,dfs_bnb_mpi,269.75,-2,3,69904632,"[-1, -1, 2, 2, 2, 2, 2, 2, 2, 2, 2, 2, 2, 2, 2, 2, 2, 2, 2, 1, 2, -1, -1, -2]"
355,dfs_bnb_mpi,0.046216,-3,4,10833,"[-1, -1, 2, 2, 2, 2, 2, 2, 2, 2, 2, 2, 2, 2, 1, -2, -2, 1, 1, -2, -1, -2, -1, 2]"
356,dfs_bnb_mpi,16.2944,-5,6,4937864,"[-1, -1, 2, 2, 2, 2, -1, -2, -2, -2, -2, -1, 2, -1, -2, -2, 1, 1, 1, 1, 1, 1, 2, 2]"
357,dfs_bnb_mpi,5.09059,-6,7,1585271,"[-1, -1, 2, 2, 2, 1, 1, 2, 1, 2, 2, 1, -2, -2, 1, -2, -1, -1, -2, -1, -1, -2, 1, 1]"
358,dfs_bnb_mpi,211.665,-6,7,65141223,"[-1, -1, 2, 1, 2, -1, -1, -2, -2, -1, -1, -2, 1, 1, -2, -2, 1, 2, 1, -2, 1, 2, 2, -1]"
359,dfs_bnb_mpi,0.18133,-7,8,58029,"[-1, -1, 2, 1, 2, 2, 1, -2, -2, 1, 1, -2, -1, -2, -1, -1, -1, -1, 2, -1, 2, 1, 2, 2]"
360,dfs_bnb_mpi,109.226,-6,7,34234648,"[-1, -1, 2, 2, 2, -1, -1, -2, -1, -2, -1, -2, -1, -1, -2, 1, 1, 1, 2, 1, 2, 1, -2, -2]"
361,dfs_bnb_mpi,42.118,-7,7,11098781,"[-1, -1, 2, 2, 2, 2, 2, 2, 1, -2, -2, 1, 1, 2, -1, 2, 1, 2, 2, 1, -2, 1, -2, -1]"
362,dfs_bnb_mpi,41.5462,-7,8,11909714,"[-1, -1, 2, 2, 2, 1, -2, -2, 1, 2, 1, -2, 1, -2, -1, -2, -1, -1, -2, -2, 1, 1, 2, -1]"
363,dfs_bnb_mpi,59.1083,-4,5,18102231,"[-1, -1, 2, 2, 2, 2, 2, 1, 2, 2, -1, -2, -1, 2, -1, -1, -2, -2, -2, 1, 2, 1, -2, -2]"
364,dfs_bnb_mpi,25.3374,-6,7,6161726,"[-1, -1, 2, 2, 2, 2, 2, 2, 1, 2, -1, 2, -1, -1, -2, 1, -2, -2, -1, 2, -1, -1, 2, 1]"
365,dfs_bnb_mpi,62.5411,-7,8,19479304,"[-1, -1, -1, 2, 1, 1, 2, -1, 2, 1, 2, 2, 1, -2, 1, 2, 1, -2, -2, -1, -1, -2, -2, 1]"
366,dfs_bnb_mpi,0.825371,-7,8,237048,"[-1, -2, 1, 1, 2, 2, -1, 2, 1, 2, 1, 2, -1, -1, -2, -1, -2, -2, -1, 2, 2, 2, 2, 2]"
367,dfs_bnb_mpi,1.45672,-7,7,374920,"[-1, -2, -1, 2, -1, -1, 2, 2, 1, -2, 1, 2, 2, 1, -2, -2, 1, 2, 2, 2, 2, 2, 2, 2]"
368,dfs_bnb_mpi,385.958,-4,5,113399280,"[-1, -1, 2, 2, 2, 2, 2, 2, 2, 2, 2, 2, 1, 1, -2, 1, -2, -1, -2, -2, -1, 2, 2, 2]"
369,dfs_bnb_mpi,2.95529,-6,7,835189,"[-1, -1, 2, 2, 2, 2, 2, 1, 2, -1, -1, 2, -1, -2, -2, 1, -2, -2, -1, -2, 1, -2, -1, -1]"
370,dfs_bnb_mpi,4.75084,-8,9,1485964,"[-1, -1, 2, -1, 2, -1, -2, -1, 2, 2, 1, 1, 2, 1, -2, 1, 2, 1, -2, -2, -2, -1, 2, -1]"
371,dfs_bnb_mpi,7.43271,-6,7,2179835,"[-1, -1, 2, 2, 2, 1, -2, 1, 1, 2, -1, 2, 2, 1, -2, 1, -2, -2, -2, -2, -1, 2, -1, -1]"
372,dfs_bnb_mpi,10.5995,-7,7,3221359,"[-1, -2, -1, 2, 2, -1, -2, -1, 2, 2, 1, 1, 1, -2, 1, 1, 2, -1, 2, 2, -1, -2, -1, 2]"
373,dfs_bnb_mpi,6.81433,-7,8,1907490,"[-1, -1, -1, 2, 2, 1, -2, 1, 1, 1, -2, -2, -1, -1, -2, -1, 2, -1, -2, -2, 1, 1, 1, 2]"
374,dfs_bnb_mpi,0.092664,-5,6,29624,"[-1, -1, 2, 2, 1, -2, 1, 2, 2, 2, 1, -2, -2, -2, -2, 1, 2, 2, 2, 2, 2, 2, 2, 2]"
375,dfs_bnb_mpi,101.348,-6,6,28140657,"[-1, -1, 2, 2, 2, 2, 2, 2, 2, 2, 1, -2, -2, 1, 2, 2, 2, 2, 1, -2, 1, -2, -1, -2]"
376,dfs_bnb_mpi,0.152904,-6,7,38237,"[-1, -1, 2, 1, 1, 2, 2, 1, -2, 1, -2, -1, -2, -2, 1, 2, 1, 2, 2, 2, 2, 2, 2, 2]"
377,dfs_bnb_mpi,71.188,-7,8,21291201,"[-1, -1, 2, 2, 1, 1, 2, -1, -1, -1, -2, -2, -2, -2, 1, 1, 1, 1, 2, 1, 2, -1, -1, -1]"
378,dfs_bnb_mpi,1.27473,-6,7,363223,"[-1, -1, 2, 2, 2, 2, 1, 2, 1, 2, -1, -1, -2, -1, -2, -1, -2, 1, -2, -1, -1, 2, 2, 2]"
379,dfs_bnb_mpi,87.7401,-6,7,25758519,"[-1, -2, 1, 1, 2, 2, 2, 1, 2, 2, 2, -1, -2, -2, -1, -2, -2, -1, 2, -1, -2, -1, -2, 1]"
380,dfs_bnb_mpi,9.27938,-7,8,2878347,"[-1, -1, 2, 2, -1, 2, -1, -2, -1, -2, -1, -2, 1, -2, 1, -2, 1, 1, 2, -1, 2, 2, -1, -2]"
381,dfs_bnb_mpi,0.300906,-6,7,92973,"[-1, -1, 2, 2, 1, -2, 1, 2, 2, 2, 2, -1, -1, -2, 1, -2, -1, -1, 2, 2, 2, 2, 2, 2]"
382,dfs_bnb_mpi,3.85372,-6,7,1190369,"[-1, -1, 2, 2, 2, -1, 2, -1, -2, -1, -1, -2, 1, -2, -2, -2, 1, 1, 2, 2, 2, -1, -2, -2]"
383,dfs_bnb_mpi,53.8204,-7,8,16616209,"[-1, -1, 2, 1, 2, -1, 2, 2, 2, 1, 1, -2, -1, -2, 1, 1, 2, 1, -2, -2, -1, -2, -1, 2]"
384,dfs_bnb_mpi,9.88109,-6,7,2677679,"[-1, -1, 2, 2, -1, -1, -2, 1, -2, -1, -1, 2, -1, -2, -2, 1, 1, 1, -2, -2, 1, 2, 2, 1]"
385,dfs_bnb_mpi,0.343451,-6,7,95632,"[-1, -1, 2, 2, 2, 1, 1, 1, -2, -1, -1, -2, 1, 1, 1, -2, -1, -2, -2, -1, 2, -1, -1, -1]"
386,dfs_bnb_mpi,9.24302,-7,8,2208604,"[-1, -2, 1, 1, 1, 1, 2, 1, 2, 2, -1, -2, -1, -2, -1, 2, 2, 1, 2, -1, -1, -2, -2, -1]"
387,dfs_bnb_mpi,819.342,-8,9,241501728,"[-1, -2, -1, -2, -1, 2, -1, 2, 1, 2, -1, 2, 1, 1, 2, 2, 1, -2, -2, 1, -2, -1, -1, -2]"
388,dfs_bnb_mpi,29.399,-6,7,7924307,"[-1, -1, 2, 2, 2, 2, 1, -2, 1, 2, 1, 1, 2, 1, -2, -2, -1, -1, -2, -1, -1, -2, 1, 1]"
389,dfs_bnb_mpi,15.1112,-6,7,4514512,"[-1, -1, 2, -1, 2, 2, 1, -2, 1, -2, 1, 2, 2, -1, 2, 1, 1, -2, 1, 1, -2, -1, -1, -2]"
390,dfs_bnb_mpi,0.197678,-6,7,57238,"[-1, -1, 2, 2, 2, 1, 2, 2, 1, 1, 1, -2, -2, -1, 2, -1, -2, -2, -1, -2, 1, 1, 2, 1]"
391,dfs_bnb_mpi,698.124,-6,7,213342301,"[-1, -1, 2, 2, 2, 2, 2, 2, 1, 2, 1, -2, -2, 1, -2, -1, -2, 1, -2, -1, -1, 2, 2, 2]"
392,dfs_bnb_mpi,19.4008,-8,9,5710421,"[-1, -1, 2, 1, 2, 1, 2, -1, 2, -1, -1, -1, -2, -2, -2, -1, -2, 1, 1, 2, 2, 1, 2, -1]"
393,dfs_bnb_mpi,35.2595,-6,7,10768782,"[-1, -1, 2, -1, -2, -1, 2, 2, 2, -1, -2, -2, -2, -2, 1, -2, -2, 1, 2, 2, 1, 1, 1, 1]"
394,dfs_bnb_mpi,1.44982,-7,8,448235,"[-1, -2, 1, 1, 2, 2, 2, 1, -2, 1, 2, 2, -1, -1, -1, -2, -2, -1, -1, 2, 1, 2, 2, 2]"
395,dfs_bnb_mpi,170.276,-6,7,41371639,"[-1, -1, 2, 1, 2, 2, 2, -1, -1, -1, -1, -2, -2, 1, 2, 1, 1, -2, -1, -2, -1, -2, 1, -2]"
396,dfs_bnb_mpi,15.4437,-6,7,4777853,"[-1, -1, 2, 2, 2, 1, -2, -2, 1, 2, 1, 1, 2, 2, -1, -2, -1, 2, -1, -1, -1, -2, -2, -1]"
397,dfs_bnb_mpi,11.9043,-6,7,3115051,"[-1, -1, 2, 2, 2, 2, 2, 1, 2, -1, 2, -1, -2, -1, -2, 1, -2, -1, -1, -2, 1, 1, -2, -1]"
398,dfs_bnb_mpi,31.459,-6,7,9740656,"[-1, -1, 2, -1, 2, 2, -1, -2, -2, -1, -1, 2, 1, 2, -1, -1, -2, -2, -2, 1, 1, 1, 1, -2]"
399,dfs_bnb_mpi,191.742,-7,8,53116806,"[-1, -1, 2, 1, 2, -1, 2, 2, 2, 2, 2, -1, -2, -2, -1, -1, -2, 1, 1, -2, -1, -2, 1, -2]"
400,dfs_bnb_mpi,100.282,-6,7,30733528,"[-1, -1, 2, 2, 2, 2, 2, -1, -2, -1, -2, 1, -2, -2, -2, -1, -1, -2, 1, 1, 1, -2, -1, -1]"
401,dfs_bnb_mpi,354.367,-7,8,97477610,"[-1, -1, 2, 2, 2, 2, 2, 1, 1, -2, -2, -2, 1, 1, -2, 1, -2, -1, -2, -1, 2, 2, -1, -1]"
402,dfs_bnb_mpi,180.603,-6,7,49851478,"[-1, -1, 2, 2, 1, -2, 1, 2, 2, 1, 2, 2, -1, -1, 2, -1, -1, -2, 1, -2, -2, 1, 2, 1]"
403,dfs_bnb_mpi,71.728,-6,7,20837241,"[-1, -2, 1, 1, 2, 2, 2, -1, 2, -1, -2, -2, -1, -2, -1, 2, 2, 1, 2, 2, 2, -1, -2, -2]"
404,dfs_bnb_mpi,0.576865,-7,8,136215,"[-1, -2, -1, -1, -1, 2, -1, 2, 1, 2, 1, -2, -2, 1, 2, 2, 1, -2, 1, 2, 2, 2, 2, 2]"
405,dfs_bnb_mpi,326.66,-2,3,95608928,"[-1, -1, 2, 2, 2, 2, 2, 2, 2, 2, 2, 2, 2, 1, -2, 1, 2, 2, -1, -1, -1, -2, -2, -1]"
406,dfs_bnb_mpi,1.61143,-6,7,506869,"[-1, -1, 2, 2, 2, 2, 1, -2, -2, -2, 1, 1, -2, -2, -1, -1, -1, -1, 2, 2, -1, 2, 1, 2]"
407,dfs_bnb_mpi,0.030132,-7,8,8512,"[-1, -1, 2, 1, 2, 1, -2, 1, 2, 1, -2, -2, -1, -2, -2, -1, 2, -1, -1, -1, 2, 2, 2, 2]"
408,dfs_bnb_mpi,4.3479,-6,7,1160065,"[-1, -1, 2, 1, 2, 1, -2, 1, 2, 1, -2, -2, -1, -2, -1, -1, -2, -1, 2, -1, 2, 2, 2, 2]"
409,dfs_bnb_mpi,1042.5,-4,5,251292417,"[-1, -1, 2, 2, 2, 2, 2, 2, 2, 2, 2, 2, 1, 1, 1, -2, 1, -2, -1, -1, 2, -1, -2, -2]"
410,dfs_bnb_mpi,13.8406,-7,8,4182161,"[-1, -1, -1, 2, 1, 2, 2, 2, 2, -1, 2, 1, 2, 2, 1, -2, -2, 1, -2, -1, -2, -2, -2, -2]"
411,dfs_bnb_mpi,3.71331,-8,8,1131859,"[-1, -2, 1, -2, 1, 2, 1, 2, -1, 2, -1, -1, 2, 2, 1, -2, 1, 2, 2, 2, 1, -2, -2, -2]"
412,dfs_bnb_mpi,2.74986,-7,8,772508,"[-1, -1, 2, 2, -1, -2, -1, -1, -2, -1, -2, 1, -2, 1, 2, 2, 1, -2, 1, 1, 1, 1, 2, 2]"
413,dfs_bnb_mpi,11.4239,-8,9,3311840,"[-1, -2, 1, 1, -2, -1, -1, -2, -2, -1, 2, -1, -1, 2, 1, 1, 2, -1, -1, 2, 1, 1, 2, 1]"
414,dfs_bnb_mpi,17.2222,-6,7,4910444,"[-1, -1, 2, 2, 2, 1, 2, -1, 2, -1, -1, 2, 2, -1, -2, -2, -2, 1, 1, -2, -2, -1, 2, -1]"
415,dfs_bnb_mpi,467.659,-7,8,128552488,"[-1, -1, 2, 2, 2, -1, -1, -2, -2, -2, -1, -2, -1, -1, -2, 1, 1, -2, 1, 2, 2, 1, 2, 2]"
416,dfs_bnb_mpi,0.07618,-7,8,19589,"[-1, -1, 2, 2, -1, 2, 1, 1, 1, -2, -1, -2, 1, 1, -2, -2, -1, -1, -1, -1, 2, 2, -1, 2]"
417,dfs_bnb_mpi,781.381,-4,5,216966895,"[-1, -1, 2, 1, 2, 2, 2, 2, 2, 2, 2, -1, -2, -1, -1, -2, 1, 1, -2, -2, -2, -2, -1, -2]"
418,dfs_bnb_mpi,175.455,-6,7,45877567,"[-1, -1, 2, 2, 2, 2, 2, 2, 2, 2, 1, 2, 2, 1, -2, 1, 1, -2, -1, -1, -2, -2, -1, 2]"
419,dfs_bnb_mpi,1231.41,-6,7,330817446,"[-1, -1, 2, 2, 2, 2, 2, 2, 2, 2, 2, 2, 1, 2, 2, 1, -2, -2, 1, -2, -1, -2, -1, 2]"
420,dfs_bnb_mpi,153.208,-8,8,41392009,"[-1, -1, 2, 2, 1, -2, 1, 2, 2, 2, 1, -2, -2, 1, -2, -1, -2, 1, -2, -2, -1, -1, 2, 1]"
421,dfs_bnb_mpi,161.098,-4,5,39106104,"[-1, -1, 2, 2, 2, 2, 2, 2, 2, 2, 2, 1, 2, 2, -1, -2, -1, -2, -2, -1, -1, -2, 1, 1]"
422,dfs_bnb_mpi,18.7293,-7,8,5717388,"[-1, -1, 2, 2, 1, 1, -2, 1, -2, -2, -1, -1, -2, -2, -1, -1, 2, 1, 2, -1, -1, 2, 1, 2]"
423,dfs_bnb_mpi,18.2976,-4,5,5212251,"[-1, -1, 2, 2, 2, 2, 2, 1, -2, 1, 1, 1, -2, 1, -2, -1, -1, 2, -1, -1, -2, 1, -2, 1]"
424,dfs_bnb_mpi,50.9252,-7,8,14755624,"[-1, -1, 2, 2, 2, -1, -1, -2, -2, 1, -2, -1, -1, -1, -2, 1, 1, -2, 1, 1, 1, 2, -1, -1]"
425,dfs_bnb_mpi,9.54398,-6,7,2734077,"[-1, -1, 2, 2, 1, 1, 2, 1, -2, 1, 2, 2, 1, -2, -2, -2, -1, -2, -2, -1, 2, 2, -1, -1]"
426,dfs_bnb_mpi,170.855,-8,9,47701666,"[-1, -1, 2, 1, 2, 2, 1, -2, -2, 1, 2, 2, 1, -2, -2, -2, -1, -2, -1, -2, -1, 2, -1, -2]"
427,dfs_bnb_mpi,18.2686,-8,9,5489349,"[-1, -1, 2, 1, 2, 2, 2, 2, 1, -2, -2, -2, -2, 1, -2, -2, -1, -2, -1, -2, -1, 2, 2, 1]"
428,dfs_bnb_mpi,2.25291,-4,5,678757,"[-1, -1, 2, 1, 2, 2, -1, -2, -1, 2, 2, 2, -1, -2, -2, -2, -2, 1, -2, -1, -1, 2, 2, 2]"
429,dfs_bnb_mpi,3.50048,-7,8,949471,"[-1, -1, 2, 2, 2, 1, 1, -2, -2, 1, 1, -2, -1, -2, 1, -2, 1, 1, 2, -1, 2, 2, 2, 2]"
430,dfs_bnb_mpi,1.28788,-6,7,395881,"[-1, -1, 2, -1, -2, -1, -2, 1, 1, -2, -2, 1, 2, 2, 1, 1, 2, 2, -1, -1, 2, 2, 2, 2]"
431,dfs_bnb_mpi,1.61965,-6,7,473529,"[-1, -1, 2, 2, 2, 2, 1, -2, -2, -2, 1, 2, 2, 1, -2, -2, 1, -2, -1, -2, -1, -1, -1, -1]"
432,dfs_bnb_mpi,13.1768,-7,8,4032342,"[-1, -1, 2, 1, 1, 1, -2, -2, -1, -1, -2, 1, 1, -2, -1, -1, -1, 2, 2, -1, -1, 2, 1, 2]"
433,dfs_bnb_mpi,1237.88,-5,6,277788933,"[-1, -1, 2, 2, 1, 2, 2, 2, 2, 2, 2, -1, -2, -2, -2, -2, -2, -1, 2, -1, -2, -2, 1, -2]"
434,dfs_bnb_mpi,16.0264,-7,8,4873345,"[-1, -1, 2, 1, 1, 1, 2, -1, -1, -1, 2, 1, 1, 2, -1, -1, 2, -1, -2, -1, -2, 1, -2, -1]"
435,dfs_bnb_mpi,17.7296,-7,8,5429793,"[-1, -1, 2, 2, -1, -1, 2, 1, 1, 2, 1, 2, 1, -2, 1, -2, -1, -1, -2, 1, 1, -2, -1, -1]"
436,dfs_bnb_mpi,166.427,-4,5,50648711,"[-1, -1, 2, 2, 2, 2, 2, 2, 2, 2, 2, 1, 2, 2, -1, -2, -1, 2, 2, -1, -2, -2, -2, 1]"
437,dfs_bnb_mpi,41.615,-6,7,12989928,"[-1, -1, 2, 2, -1, -1, 2, 1, 1, 2, 1, 2, 2, 1, -2, -2, -2, -1, -2, -2, 1, 2, 1, 2]"
438,dfs_bnb_mpi,5.67158,-7,8,1796723,"[-1, -1, 2, 1, 2, -1, -1, -2, -2, -2, 1, -2, 1, -2, -1, -2, 1, 1, 2, 2, 1, 2, -1, -1]"
439,dfs_bnb_mpi,0.937451,-7,8,282706,"[-1, -1, 2, -1, 2, -1, -2, -1, 2, -1, -2, -2, 1, 1, 1, -2, 1, -2, 1, 2, 1, 1, 2, 2]"
440,dfs_bnb_mpi,0.921477,-8,9,267453,"[-1, -2, 1, -2, -2, 1, 1, 1, 1, 2, -1, -1, -1, 2, 1, 2, -1, 2, -1, 2, -1, -2, -1, 2]"
441,dfs_bnb_mpi,18.7076,-7,8,5731704,"[-1, -1, 2, 1, 2, 2, -1, -2, -1, 2, 2, 2, 2, -1, -2, -2, -2, -1, -2, 1, -2, 1, -2, -1]"
442,dfs_bnb_mpi,31.0396,-7,8,9593930,"[-1, -1, 2, 1, 1, 2, -1, -1, 2, 2, 1, 2, 1, 2, 2, 1, -2, -2, 1, -2, -1, -1, -2, -1]"
443,dfs_bnb_mpi,35.9198,-8,9,11057306,"[-1, -1, 2, 2, 2, -1, -2, -2, -1, 2, -1, -2, -2, -1, -2, 1, -2, -2, 1, 2, 2, 1, 2, -1]"
444,dfs_bnb_mpi,3.45634,-6,7,956414,"[-1, -1, 2, 2, 2, 2, 2, 1, -2, -2, -2, -2, 1, 2, 2, 2, 2, 1, -2, -2, -2, -2, 1, 2]"
445,dfs_bnb_mpi,43.4858,-6,7,12636248,"[-1, -1, 2, 2, 2, 2, 2, -1, -2, -1, -2, 1, -2, -1, -2, 1, -2, -2, 1, -2, 1, 2, 1, 1]"
446,dfs_bnb_mpi,1.0883,-7,8,276788,"[-1, -1, 2, 2, 2, 1, 2, -1, 2, 2, -1, -2, -2, -2, -2, -2, -1, 2, 2, -1, 2, 1, 2, 2]"
447,dfs_bnb_mpi,0.735175,-6,6,208977,"[-1, -1, 2, 2, 2, -1, -1, -1, -1, -2, 1, -2, -2, 1, 2, 2, 1, -2, -2, -2, 1, 1, 1, 1]"
448,dfs_bnb_mpi,595.18,-7,8,138284590,"[-1, -1, 2, 2, 2, 2, 2, 2, 2, 1, 1, 1, -2, -2, 1, -2, -1, -2, -1, 2, 2, -1, -2, -2]"
449,dfs_bnb_mpi,10.7868,-6,7,2585780,"[-1, -1, 2, 2, -1, 2, 2, -1, -2, -1, 2, -1, -2, -2, 1, 1, -2, 1, -2, -1, -1, -2, 1, 1]"
450,dfs_bnb_mpi,3.06289,-6,7,901155,"[-1, -1, 2, 2, 1, -2, 1, 2, 1, -2, 1, 2, 1, -2, 1, -2, -2, -1, 2, -1, -1, -2, 1, -2]"
451,dfs_bnb_mpi,11.4772,-8,9,3582996,"[-1, -2, 1, 1, 2, 2, 1, 2, 2, 1, -2, 1, 2, 1, -2, -2, -1, -1, -2, -1, -2, -2, -1, -1]"
452,dfs_bnb_mpi,319.915,-8,9,97216820,"[-1, -2, -2, -1, 2, 2, -1, 2, 1, 2, 1, 2, 2, 1, 2, 2, 1, -2, -2, -2, -1, -2, -2, -1]"
453,dfs_bnb_mpi,0.662224,-7,8,202112,"[-1, -1, 2, 1, 1, 2, -1, 2, 1, 2, 1, -2, -2, 1, -2, -1, -2, 1, -2, -1, -2, -1, 2, -1]"
454,dfs_bnb_mpi,316.676,-7,8,96563810,"[-1, -1, 2, 1, 2, -1, 2, 1, 2, -1, -1, 2, -1, -1, -2, -2, -2, 1, -2, 1, 2, 2, -1, 2]"
455,dfs_bnb_mpi,79.8308,-7,8,22413982,"[-1, -1, 2, 2, 2, 1, 1, -2, -2, 1, 1, 2, 2, 1, -2, 1, -2, -1, -2, -2, -1, -1, 2, 1]"
456,dfs_bnb_mpi,1089.16,-6,7,248040790,"[-1, -1, 2, 2, 2, 2, 2, 2, 1, 1, -2, -2, -2, 1, 2, 1, -2, -2, -1, -2, -1, 2, -1, -2]"
457,dfs_bnb_mpi,14.1469,-6,7,4177061,"[-1, -1, 2, 2, 2, 2, 1, 2, 2, 2, 1, 2, -1, -1, -2, -1, -2, 1, -2, -1, -1, -2, 1, -2]"
458,dfs_bnb_mpi,4.14994,-7,8,1288536,"[-1, -1, 2, 2, 1, -2, 1, 2, 2, 2, 1, -2, -2, -2, -2, 1, -2, -1, -1, -2, -1, 2, -1, -1]"
459,dfs_bnb_mpi,4.53727,-6,7,1162969,"[-1, -1, 2, 2, 1, 2, -1, 2, 2, -1, -2, -2, -1, 2, -1, -2, -2, 1, 1, -2, -1, -1, -1, 2]"
460,dfs_bnb_mpi,31.4333,-7,8,9874128,"[-1, -1, 2, 2, 2, 1, -2, -2, 1, 1, 2, 1, 1, 1, 2, 2, -1, -2, -1, 2, -1, -2, -1, -2]"
461,dfs_bnb_mpi,11.3758,-6,6,3214295,"[-1, -1, 2, 2, 2, 2, 2, 2, 1, -2, -2, -2, 1, 1, 2, -1, 2, 1, 1, 2, -1, -1, 2, 2]"
462,dfs_bnb_mpi,60.3264,-6,7,18941435,"[-1, -2, 1, 1, 1, -2, -1, -1, -1, -1, -2, -1, -1, -1, 2, 2, 2, 1, 1, 1, -2, -1, -2, -1]"
463,dfs_bnb_mpi,10.9887,-7,8,3447558,"[-1, -1, 2, 1, 1, 1, -2, 1, 2, 1, -2, -2, -1, -1, -2, -2, -1, -1, 2, -1, 2, 1, 1, -2]"
464,dfs_bnb_mpi,0.624825,-8,9,191749,"[-1, -2, -2, -1, 2, 2, -1, 2, 1, 1, 2, -1, -1, -1, 2, 1, 1, 2, 1, -2, 1, -2, -2, 1]"
465,dfs_bnb_mpi,5.44892,-7,8,1672713,"[-1, -1, 2, 1, 2, -1, 2, 2, 2, -1, -2, -2, -2, -2, -2, -2, 1, 1, 1, 1, 2, 2, -1, 2]"
466,dfs_bnb_mpi,0.260517,-7,8,80256,"[-1, -1, 2, 2, 2, 1, 2, 1, -2, 1, -2, -1, -1, -2, 1, 1, 1, 2, 2, 1, 2, -1, -1, 2]"
467,dfs_bnb_mpi,588.362,-7,8,153923745,"[-1, -2, 1, 1, 2, 2, 2, -1, -2, -1, 2, 2, 2, -1, -2, -2, -2, -1, -1, -2, 1, -2, 1, 2]"
468,dfs_bnb_mpi,27.8099,-4,5,8618938,"[-1, -1, 2, 2, 2, 2, 2, 1, 1, 2, 2, -1, -2, -1, 2, -1, -1, -1, -2, -2, 1, 1, 2, -1]"
469,dfs_bnb_mpi,2.64894,-6,7,647581,"[-1, -1, 2, 2, 2, 2, -1, -2, -1, 2, -1, -2, -2, 1, 1, -2, -1, -2, 1, -2, 1, 1, 1, 1]"
470,dfs_bnb_mpi,22.0052,-7,8,6242074,"[-1, -1, 2, 2, 2, 2, 2, 1, 2, 1, 1, 2, -1, 2, -1, -2, -1, -2, -1, -2, -2, -2, -2, -2]"
471,dfs_bnb_mpi,956.947,-6,7,291623931,"[-1, -2, 1, 1, 2, 2, 2, 2, 1, -2, -2, -2, -2, -2, -1, -2, 1, -2, -1, -1, 2, -1, 2, 1]"
472,dfs_bnb_mpi,465.773,-6,7,117878954,"[-1, -1, 2, 1, 1, 2, 2, 1, -2, 1, 2, 2, 2, 2, 1, -2, -2, -2, -2, 1, -2, -1, -1, -1]"
473,dfs_bnb_mpi,0.091438,-8,9,27115,"[-1, -1, 2, 2, 1, -2, 1, 1, 2, -1, 2, -1, 2, -1, -2, -1, 2, -1, -2, -2, 1, -2, -1, -1]"
474,dfs_bnb_mpi,4.86252,-7,8,1188922,"[-1, -1, 2, 2, 2, 2, 2, 2, 1, 2, -1, 2, -1, -2, -2, -1, -2, -1, -1, 2, 1, 2, 1, 2]"
475,dfs_bnb_mpi,704.923,-6,7,200540842,"[-1, -1, 2, 2, 2, 2, 2, 2, 2, 1, -2, 1, -2, -2, 1, 1, -2, -1, -1, -2, -1, 2, 2, 2]"
476,dfs_bnb_mpi,7.75462,-6,7,2391111,"[-1, -1, 2, 2, 2, 2, -1, -2, -2, -2, -2, -2, 1, 1, 1, 1, 2, 2, -1, 2, 2, -1, -2, -2]"
477,dfs_bnb_mpi,6.61894,-5,6,2046240,"[-1, -1, 2, 2, 1, 2, 2, -1, -2, -1, 2, -1, -2, -2, 1, -2, -1, -2, 1, -2, -2, 1, 2, 1]"
478,dfs_bnb_mpi,0.510765,-6,7,124782,"[-1, -1, 2, 1, 1, 2, 1, 2, 2, 1, -2, -2, -2, -1, -2, 1, 1, 2, 2, 2, 2, 2, 2, 2]"
479,dfs_bnb_mpi,91.5096,-7,8,21520957,"[-1, -1, 2, 2, 2, 1, 1, -2, 1, 2, 2, 1, -2, -2, 1, -2, -1, -1, -2, -2, 1, 1, 2, -1]"
480,dfs_bnb_mpi,0.078555,-8,8,24560,"[-1, -2, 1, -2, 1, 2, 2, 2, 1, -2, -2, -2, -2, 1, 1, 2, -1, 2, 1, 2, -1, 2, 2, 2]"
481,dfs_bnb_mpi,853.504,-6,6,256992597,"[-1, -1, 2, -1, -2, -1, 2, 2, -1, -2, -2, -2, 1, 1, 1, 1, 1, 1, -2, -1, -1, -1, -2, 1]"
482,dfs_bnb_mpi,41.1984,-7,8,12653314,"[-1, -2, -1, 2, 2, 2, 1, 1, -2, 1, -2, 1, -2, 1, 1, -2, -1, -1, -1, 2, -1, -2, -1, -1]"
483,dfs_bnb_mpi,0.261386,-6,7,76811,"[-1, -1, 2, 2, 2, 2, 2, 1, 2, 1, -2, 1, -2, -2, -1, 2, -1, -2, -2, -2, 1, 2, 1, 1]"
484,dfs_bnb_mpi,214.415,-6,7,51135099,"[-1, -1, 2, 2, 2, 2, 1, 1, 2, -1, -1, 2, -1, 2, 2, -1, -2, -2, -1, -2, 1, 1, -2, -1]"
485,dfs_bnb_mpi,45.0488,-7,7,13643813,"[-1, -1, 2, 1, 2, -1, -1, 2, 2, -1, -2, -2, -2, -1, 2, 2, -1, -2, -2, -2, 1, 1, 1, 2]"
486,dfs_bnb_mpi,0.468718,-7,7,129698,"[-1, -1, -1, 2, -1, -1, 2, 1, 1, 1, -2, 1, 1, 2, -1, 2, 2, 2, 2, -1, -2, -2, -2, -1]"
487,dfs_bnb_mpi,0.623354,-6,7,155635,"[-1, -1, 2, 2, 2, 2, -1, -2, -2, -2, -2, -2, 1, -2, -1, -2, -1, 2, -1, 2, 1, 2, 2, 2]"
488,dfs_bnb_mpi,139.566,-4,5,38241292,"[-1, -1, 2, 2, 2, 2, 2, 2, 2, 2, 2, 2, 2, 1, 1, -2, -1, -2, -2, 1, -2, -1, -2, 1]"
489,dfs_bnb_mpi,36.3328,-6,7,10800013,"[-1, -1, 2, 2, 1, 2, 2, -1, -2, -1, 2, 2, 1, 2, -1, 2, -1, -2, -2, -2, -2, -2, 1, -2]"
490,dfs_bnb_mpi,37.2522,-6,7,10779271,"[-1, -1, 2, 2, 2, 1, -2, -2, 1, 2, 1, -2, 1, 1, -2, -1, -1, -2, -1, -1, -2, 1, 1, 1]"
491,dfs_bnb_mpi,26.7316,-6,7,6888542,"[-1, -1, 2, 2, 2, 2, 1, 2, -1, 2, 2, 2, 2, -1, -2, -1, -2, 1, -2, -2, -1, -2, 1, -2]"
492,dfs_bnb_mpi,133.547,-7,8,40127764,"[-1, -2, 1, -2, 1, 1, 2, -1, 2, 1, 2, 2, -1, -1, 2, 2, -1, -2, -2, -1, -2, 1, 1, 1]"
493,dfs_bnb_mpi,4.16286,-6,7,1054804,"[-1, -1, 2, 2, 2, 2, 2, 2, 2, 1, -2, -2, 1, 1, 2, -1, 2, 2, 2, 1, -2, -2, 1, 2]"
494,dfs_bnb_mpi,52.9836,-6,6,16132281,"[-1, -1, 2, 2, 1, -2, 1, 1, 2, -1, 2, 1, 1, 2, 2, 2, 2, 1, -2, -2, -2, -2, -2, -1]"
495,dfs_bnb_mpi,3.64078,-6,7,817949,"[-1, -1, 2, 2, 1, -2, 1, 2, 2, 1, 1, -2, -2, -1, -2, -2, 1, 2, 1, 1, 2, -1, 2, 2]"
496,dfs_bnb_mpi,3.93464,-7,8,1191215,"[-1, -1, 2, -1, 2, 1, 1, 2, 2, -1, -2, -1, 2, -1, -2, -1, -2, 1, -2, -1, -2, 1, 1, -2]"
497,dfs_bnb_mpi,1.19494,-6,7,357202,"[-1, -1, 2, 2, 2, 1, -2, -2, 1, 2, 2, 2, 1, 1, 2, 2, -1, -2, -1, 2, -1, -2, -2, -1]"
498,dfs_bnb_mpi,15.3457,-7,8,4508424,"[-1, -1, 2, 2, 2, 2, 1, -2, 1, -2, -1, -2, 1, 1, -2, 1, -2, -1, -1, -1, -1, -2, 1, 1]"
499,dfs_bnb_mpi,831.208,-7,8,245451256,"[-1, -1, 2, 2, 1, -2, 1, 2, 2, 2, 2, 1, 1, -2, -2, -2, 1, -2, -1, -2, -1, 2, 2, 2]"
500,dfs_bnb_mpi,86.1749,-7,8,23903381,"[-1, -2, 1, 1, 2, 2, 2, -1, -1, -2, -1, -2, -2, -1, 2, -1, 2, -1, 2, 1, 2, 1, -2, -2]"
501,dfs_bnb_mpi,389.92,-6,7,105655726,"[-1, -1, 2, 1, 2, 2, 2, -1, -1, -2, -1, 2, -1, -2, -2, -2, -2, 1, 1, 2, -1, 2, 1, 1]"
502,dfs_bnb_mpi,15.0212,-6,7,4527626,"[-1, -1, 2, 2, 2, 1, -2, -2, 1, 1, 2, -1, 2, 1, 2, -1, 2, -1, -2, -1, -1, -2, -2, -2]"
503,dfs_bnb_mpi,330.656,-7,8,92299018,"[-1, -2, -1, 2, -1, -1, 2, 2, 2, 1, 1, 2, 1, 1, -2, -2, -2, -1, -1, -1, 2, 1, 1, 2]"
504,dfs_bnb_mpi,0.623816,-6,7,193406,"[-1, -1, 2, 2, -1, 2, 2, 1, -2, 1, 2, 2, 2, 1, -2, -2, -2, -2, -1, -2, 1, 1, 2, 2]"
505,dfs_bnb_mpi,169.675,-8,9,47649967,"[-1, -2, 1, -2, 1, 2, 1, 1, 2, 2, -1, -2, -1, 2, -1, 2, 2, -1, -2, -1, -1, -2, 1, 1]"
506,dfs_bnb_mpi,3.06121,-7,8,866898,"[-1, -2, -1, 2, 2, -1, -1, 2, 1, 1, 2, 2, 2, 1, -2, -2, 1, -2, -1, -2, 1, 1, 2, 2]"
507,dfs_bnb_mpi,10.2121,-6,7,3062101,"[-1, -2, 1, 1, 2, 2, -1, -1, -1, -2, -1, 2, -1, -2, -1, -2, 1, -2, 1, 2, 1, -2, 1, 1]"
508,dfs_bnb_mpi,4.0256,-6,7,1214287,"[-1, -1, 2, 1, 2, 2, 2, 2, 1, -2, -2, -2, -2, 1, -2, -2, -1, -2, -1, 2, -1, -1, 2, 2]"
509,dfs_bnb_mpi,0.516963,-7,8,160070,"[-1, -1, 2, 2, 1, -2, 1, 2, 2, -1, -1, 2, 2, 1, -2, 1, 2, 1, -2, -2, 1, -2, -1, -2]"
510,dfs_bnb_mpi,0.117289,-8,9,36600,"[-1, -1, 2, 1, 2, -1, -1, -2, -1, 2, -1, -2, -2, 1, 1, -2, 1, -2, -2, 1, 2, 2, 1, 1]"
511,dfs_bnb_mpi,54.1241,-7,8,15808681,"[-1, -1, 2, 1, 1, 2, 2, 2, 1, 1, -2, -2, -2, 1, -2, 1, -2, -1, -1, 2, -1, 2, 2, 2]"
512,dfs_bnb_mpi,0.195495,-5,6,60584,"[-1, -1, 2, 2, 2, 1, -2, -2, 1, 1, 1, 2, -1, -1, 2, 2, 2, -1, -1, -2, -1, 2, 2, 2]"
513,dfs_bnb_mpi,2.46152,-7,8,737736,"[-1, -1, 2, 2, 1, -2, 1, 2, 2, 1, 1, -2, -1, -2, 1, 1, 2, 1, -2, -2, -1, -1, -1, -2]"
514,dfs_bnb_mpi,15.4262,-6,7,4203005,"[-1, -1, 2, 2, 2, 2, 2, 2, 2, 1, -2, -2, 1, 2, 1, 2, -1, 2, 2, -1, -2, -1, 2, 2]"
515,dfs_bnb_mpi,952.753,-6,7,276818481,"[-1, -1, 2, 1, 1, 2, 2, 1, 1, 2, -1, -1, 2, -1, -2, -2, -2, -1, 2, -1, -2, -1, -2, 1]"
516,dfs_bnb_mpi,192.519,-6,7,52460369,"[-1, -1, 2, 2, 2, 2, 2, 2, 2, 1, -2, -2, 1, 2, 1, -2, 1, -2, -1, -2, -1, 2, -1, -2]"
517,dfs_bnb_mpi,6.65264,-8,9,2092074,"[-1, -2, 1, 1, 1, 2, -1, 2, 2, 2, -1, -2, -2, -1, -1, -2, -2, -2, 1, -2, 1, 2, 1, 1]"
518,dfs_bnb_mpi,216.16,-7,8,52874139,"[-1, -1, 2, 2, 2, 2, 1, 2, 2, 1, -2, -2, 1, 1, -2, -1, -1, -1, -2, -2, 1, 1, 2, -1]"
519,dfs_bnb_mpi,0.325364,-6,7,81757,"[-1, -2, -1, 2, 2, 1, 2, 2, -1, -2, -1, -2, -2, -1, -1, -2, 1, 1, -2, 1, 1, 1, 2, 1]"
520,dfs_bnb_mpi,0.045736,-6,7,13234,"[-1, -1, 2, 2, 2, -1, -1, -2, 1, -2, -2, -1, -2, 1, -2, -2, 1, 2, 2, 1, 1, 1, 2, 2]"
521,dfs_bnb_mpi,2.15213,-7,8,676747,"[-1, -1, 2, 2, -1, -2, -1, -2, 1, -2, 1, 1, 1, 1, 2, 1, 2, -1, -1, 2, 2, -1, -2, -2]"
522,dfs_bnb_mpi,7.04055,-6,7,2079145,"[-1, -1, 2, 2, -1, -2, -2, -2, -1, 2, 2, -1, 2, 1, 2, 1, 1, 2, 1, -2, -2, -2, 1, 2]"
523,dfs_bnb_mpi,5.16911,-4,5,1436728,"[-1, -1, 2, 2, 2, 2, 1, 2, -1, 2, -1, -2, -2, -2, -2, -2, -2, -2, 1, 1, 1, 1, 2, 2]"
524,dfs_bnb_mpi,302.997,-6,7,92698892,"[-1, -1, 2, 2, -1, -2, -2, -1, -1, -2, 1, -2, -2, 1, 1, 1, 1, 2, -1, -1, -1, 2, 1, 1]"
525,dfs_bnb_mpi,55.8582,-8,9,13298704,"[-1, -1, 2, -1, -2, -2, 1, 1, -2, -1, -1, -2, 1, 1, -2, 1, 2, 2, 2, 1, -2, 1, -2, -1]"
526,dfs_bnb_mpi,0.602394,-7,8,174361,"[-1, -1, 2, 1, 1, 2, 2, -1, -2, -1, 2, -1, -2, -2, -1, -2, -1, 2, -1, 2, 1, 1, 2, 2]"
527,dfs_bnb_mpi,2.70344,-8,9,795981,"[-1, -2, 1, -2, 1, 2, 2, 2, 1, -2, 1, 1, -2, -2, -1, 2, -1, -2, -2, -2, 1, 2, 1, 1]"
528,dfs_bnb_mpi,116.99,-7,8,35709708,"[-1, -1, 2, -1, 2, 2, -1, -2, -2, -1, 2, -1, -2, -1, -1, -2, 1, 1, 1, 1, 1, -2, 1, 1]"
529,dfs_bnb_mpi,11.3019,-7,7,3343958,"[-1, -2, -1, 2, 2, 1, 1, 2, -1, -1, -1, -2, -1, -1, 2, 1, 2, 1, 1, 2, 1, -2, 1, 2]"
530,dfs_bnb_mpi,106.185,-6,7,32569257,"[-1, -1, 2, 2, 2, 1, 1, -2, -1, -2, 1, 1, 2, 1, -2, 1, 1, -2, -1, -1, -1, -2, 1, 1]"
531,dfs_bnb_mpi,4.54264,-7,8,1166197,"[-1, -2, 1, 1, 2, 2, -1, -1, -1, -2, -2, -1, -2, 1, 1, -2, 1, 2, 1, 1, -2, -1, -2, 1]"
532,dfs_bnb_mpi,0.789378,-7,8,224090,"[-1, -1, 2, 2, 1, 1, -2, 1, -2, 1, -2, 1, 1, -2, -1, -1, -1, 2, -1, -1, -2, 1, -2, 1]"
533,dfs_bnb_mpi,5.18269,-6,7,1508600,"[-1, -1, 2, -1, -1, -1, 2, 2, 1, -2, 1, 1, 1, -2, 1, 2, 2, 2, -1, -1, -2, -1, 2, 2]"
534,dfs_bnb_mpi,2.21941,-7,8,640974,"[-1, -2, -2, 1, 2, 1, -2, 1, -2, -1, -2, 1, 1, 2, 2, 1, 2, -1, -1, 2, -1, 2, 2, 2]"
535,dfs_bnb_mpi,15.8941,-6,7,4408507,"[-1, -1, 2, 2, 2, 2, 2, 2, 2, 1, -2, 1, 1, -2, -1, -1, -2, -2, 1, 1, 1, 2, -1, -1]"
536,dfs_bnb_mpi,1002.66,-7,8,285503146,"[-1, -1, 2, 2, 1, 1, 2, -1, 2, 2, -1, -1, -2, -1, -1, -2, 1, -2, -2, 1, 2, 2, 1, 2]"
537,dfs_bnb_mpi,7.13279,-4,5,2140337,"[-1, -1, 2, 2, 2, 1, -2, -2, 1, 2, 2, 2, 2, 2, -1, -2, -2, -1, -1, -2, -2, -2, -1, 2]"
538,dfs_bnb_mpi,99.5722,-6,7,30255392,"[-1, -1, 2, 2, 2, 2, 2, 2, 2, 1, 2, -1, -1, 2, 2, -1, -2, -1, -1, -2, 1, 1, -2, 1]"
539,dfs_bnb_mpi,434.011,-6,7,128808555,"[-1, -1, 2, 2, 1, 2, 1, -2, 1, 2, 2, 2, 2, 1, -2, -2, -2, -2, -2, -2, -1, 2, -1, -1]"
540,dfs_bnb_mpi,0.887485,-8,9,257660,"[-1, -2, -1, 2, 2, 1, 1, 2, 1, 2, 1, 1, -2, -1, -2, -1, -2, -2, -1, -2, -2, -1, 2, -1]"
541,dfs_bnb_mpi,1.10271,-7,8,319868,"[-1, -2, -2, -1, 2, 2, 2, 1, 1, 2, 1, -2, 1, -2, -1, -2, -1, -2, 1, 1, 2, 1, 2, 2]"
542,dfs_bnb_mpi,906.144,-7,8,255947291,"[-1, -1, 2, 1, 1, 2, 1, 1, -2, 1, 2, 2, 2, 1, -2, -2, -2, -2, -1, -1, -2, -1, 2, 2]"
543,dfs_bnb_mpi,251.586,-8,9,72867106,"[-1, -2, 1, 1, 2, 1, 2, 2, 2, -1, 2, -1, -2, -1, 2, -1, -2, -2, 1, -2, 1, 1, 2, -1]"
544,dfs_bnb_mpi,424.835,-6,7,121106058,"[-1, -1, 2, 2, 2, 1, 1, 1, 1, -2, 1, -2, -1, -2, 1, -2, -1, -1, 2, 2, 2, -1, -2, -1]"
545,dfs_bnb_mpi,0.71009,-5,5,190916,"[-1, -1, 2, 2, 2, 1, 1, 1, -2, -1, -1, -2, 1, 1, 1, 2, 2, 2, -1, -1, 2, 2, 2, 2]"
546,dfs_bnb_mpi,10.5919,-7,8,2429687,"[-1, -2, -1, -1, -2, 1, 1, 1, 2, 1, 2, 2, -1, -1, -1, -2, -1, -1, 2, 1, 2, 1, 2, 2]"
547,dfs_bnb_mpi,48.1008,-7,8,14381974,"[-1, -1, 2, 1, 1, 2, 2, 1, 2, -1, 2, -1, -2, -1, -1, -2, 1, 1, -2, -1, -1, -2, -1, 2]"
548,dfs_bnb_mpi,916.541,-6,7,255042186,"[-1, -1, 2, 2, 2, 2, 2, 2, 2, 2, 2, 2, 1, -2, 1, 1, -2, -2, -1, 2, -1, -2, -2, 1]"
549,dfs_bnb_mpi,16.4522,-6,7,4710298,"[-1, -1, 2, 2, 2, 2, 1, 1, 1, 2, 1, -2, -2, -2, -1, 2, -1, -2, -1, -2, 1, 1, 1, 1]"
550,dfs_bnb_mpi,2.4174,-6,7,560600,"[-1, -2, -1, -1, -2, 1, 1, -2, 1, -2, 1, 2, 2, -1, 2, 1, 1, -2, 1, 2, 2, 2, 2, 2]"
551,dfs_bnb_mpi,1.17784,-6,7,349697,"[-1, -1, 2, 2, 1, 2, 1, 2, 2, -1, -2, -1, -2, -1, 2, -1, -2, -2, 1, -2, -1, -1, 2, 2]"
552,dfs_bnb_mpi,57.4068,-7,8,16254461,"[-1, -2, 1, 1, 2, 2, 1, 1, 2, -1, -1, 2, 2, 2, -1, -2, -2, -2, -2, -1, 2, 2, 2, 2]"
553,dfs_bnb_mpi,0.127972,-7,8,38128,"[-1, -1, 2, 2, 1, 2, 1, 2, -1, 2, -1, -2, -2, -1, -2, -1, -1, -2, 1, 1, -2, -1, -1, -1]"
554,dfs_bnb_mpi,4.9478,-7,8,1505340,"[-1, -1, 2, 2, -1, -2, -1, -2, 1, -2, 1, 1, 1, -2, -1, -2, 1, 1, -2, -1, -1, -1, 2, 2]"
555,dfs_bnb_mpi,17.238,-7,8,5200730,"[-1, -1, 2, 1, 2, 2, 2, 2, 1, -2, -2, -2, -2, 1, 1, -2, -1, -2, -1, -2, -1, 2, -1, -1]"
556,dfs_bnb_mpi,168.677,-8,9,50144794,"[-1, -1, 2, -1, -2, -1, -1, -2, 1, -2, -2, 1, 1, 1, 1, 1, 2, -1, -1, 2, -1, -1, -2, 1]"
557,dfs_bnb_mpi,41.1135,-7,8,12522937,"[-1, -1, 2, 2, -1, -1, -2, -2, -1, -2, 1, -2, -2, 1, 2, 1, 1, 1, 2, -1, -1, -1, 2, 2]"
558,dfs_bnb_mpi,54.9988,-7,8,16604558,"[-1, -1, 2, 2, -1, -2, -2, -1, 2, 2, -1, 2, -1, -2, -1, -1, -2, 1, 1, 1, -2, -2, -1, 2]"
559,dfs_bnb_mpi,201.49,-6,7,52444721,"[-1, -1, 2, 2, 2, 2, 2, 2, 1, -2, -2, -2, -2, 1, 2, 2, 1, -2, -2, 1, -2, -1, -1, -1]"
560,dfs_bnb_mpi,19.825,-7,8,5678119,"[-1, -1, 2, 1, 1, 2, 2, 1, -2, -2, 1, 2, 2, 1, -2, 1, 1, -2, -1, -1, -2, -1, -1, -2]"
561,dfs_bnb_mpi,15.5539,-4,5,4480467,"[-1, -1, 2, 2, 2, 2, 1, -2, 1, 2, 2, 2, -1, -1, -1, -2, -1, -2, 1, -2, -1, -1, 2, 2]"
562,dfs_bnb_mpi,4.66869,-6,7,1444765,"[-1, -1, 2, 2, 2, 1, -2, -2, 1, 2, 2, 1, -2, -2, -2, -2, -1, -1, -2, -1, 2, -1, 2, 2]"
563,dfs_bnb_mpi,0.504508,-6,7,150719,"[-1, -1, 2, -1, -1, 2, -1, 2, 2, -1, -2, -2, -2, 1, -2, -2, 1, 2, 1, -2, 1, 1, 1, 1]"
564,dfs_bnb_mpi,0.221546,-7,8,60304,"[-1, -1, 2, 1, 1, 2, 1, -2, 1, -2, -1, -2, 1, -2, -1, -2, -1, -1, 2, 1, 2, -1, -1, -1]"
565,dfs_bnb_mpi,1.88475,-7,7,500841,"[-1, -1, 2, -1, -2, -1, 2, 2, -1, -2, -2, -2, 1, -2, 1, 2, 1, -2, 1, 2, 1, 1, 2, 2]"
566,dfs_bnb_mpi,58.4441,-4,5,18334785,"[-1, -1, 2, 2, 2, 2, 2, 1, 2, 1, 2, -1, 2, -1, -2, -2, -1, 2, 2, -1, -2, -2, -2, 1]"
567,dfs_bnb_mpi,133.328,-5,6,41357150,"[-1, -1, 2, 2, 2, 2, 2, 2, 1, -2, 1, 1, -2, -2, -1, -2, 1, -2, -1, -1, 2, 2, 2, 1]"
568,dfs_bnb_mpi,7.19282,-8,9,2162917,"[-1, -2, -2, 1, 2, 1, 2, 2, 1, 2, 2, 1, -2, -2, 1, -2, -1, -1, -2, -2, 1, 1, 2, -1]"
569,dfs_bnb_mpi,36.4669,-7,8,11254685,"[-1, -1, 2, 1, 2, 1, 2, -1, -1, 2, -1, -2, -1, -2, -1, -1, -2, 1, 1, -2, 1, 2, 2, 1]"
570,dfs_bnb_mpi,0.143035,-6,7,39349,"[-1, -1, 2, 2, 1, -2, 1, 2, 2, -1, -1, -1, 2, -1, -2, -2, 1, -2, -1, -1, 2, 2, 2, 2]"
571,dfs_bnb_mpi,2367.26,-6,7,694850112,"[-1, -1, 2, 2, 2, 2, 2, 2, 2, -1, -2, -2, -2, -2, -2, -2, -2, -1, -2, -2, 1, 2, 1, 1]"
572,dfs_bnb_mpi,54.4975,-7,8,15508067,"[-1, -1, 2, 2, 2, -1, -1, -1, -2, -2, -2, -1, -2, 1, -2, 1, 2, 1, 2, 2, 2, -1, -2, -2]"
573,dfs_bnb_mpi,2.56766,-6,7,657208,"[-1, -2, -1, -1, 2, 1, 2, 2, 1, -2, 1, 1, 2, -1, 2, 2, -1, -2, -1, 2, 2, 2, 2, 2]"
574,dfs_bnb_mpi,0.984961,-7,8,289671,"[-1, -1, 2, 2, 1, 1, -2, 1, -2, 1, -2, 1, -2, -2, -1, 2, -1, 2, -1, -1, -2, 1, -2, 1]"
575,dfs_bnb_mpi,62.2251,-6,6,17528372,"[-1, -1, 2, 1, 2, 1, 2, -1, 2, -1, 2, 2, 2, -1, -2, -2, -2, -2, 1, -2, -1, -2, -1, 2]"
576,dfs_bnb_mpi,5.06367,-6,7,1477996,"[-1, -1, 2, 1, 2, 2, -1, -2, -1, 2, 2, 2, -1, -2, -2, -1, -1, -2, 1, 1, -2, 1, -2, -1]"
577,dfs_bnb_mpi,7.50526,-7,8,1815947,"[-1, -1, 2, 2, 2, 1, 2, -1, -1, 2, -1, -2, -1, -2, 1, 1, -2, -1, -1, -2, 1, 1, -2, -1]"
578,dfs_bnb_mpi,129.308,-8,9,35840884,"[-1, -1, 2, 2, 2, 2, 1, 2, -1, 2, 2, -1, -2, -1, 2, -1, -2, -2, 1, 1, -2, -2, -1, 2]"
579,dfs_bnb_mpi,484.947,-7,7,148467424,"[-1, -1, 2, 2, 2, 1, -2, 1, 2, 2, 2, 2, 1, -2, -2, -2, -2, 1, 1, -2, -1, -1, -1, -1]"
580,dfs_bnb_mpi,9.72844,-6,7,3027299,"[-1, -1, 2, 2, 2, 2, 1, 2, 1, -2, 1, -2, 1, 1, -2, -1, -1, -2, -1, 2, 2, -1, -2, -2]"
581,dfs_bnb_mpi,0.378438,-7,8,110815,"[-1, -2, 1, 1, 2, 1, 2, -1, -1, 2, -1, -2, -1, 2, 2, -1, -2, -2, -1, -2, 1, 1, -2, -1]"
582,dfs_bnb_mpi,51.328,-6,7,15597348,"[-1, -1, 2, 2, 2, 1, 1, -2, -1, -2, 1, 1, -2, 1, 1, -2, -1, -1, -1, -1, -1, -2, 1, 1]"
583,dfs_bnb_mpi,396.852,-6,7,98203689,"[-1, -1, 2, 2, 2, 2, 1, -2, -2, -2, 1, 1, 2, 1, 1, 1, 2, -1, -1, 2, -1, -2, -1, -2]"
584,dfs_bnb_mpi,35.7007,-6,7,10266459,"[-1, -1, 2, 1, 1, 2, 1, -2, 1, 2, 1, -2, -2, -1, -1, -2, 1, 1, 1, 1, -2, -1, -1, -1]"
585,dfs_bnb_mpi,0.21875,-8,9,65184,"[-1, -1, 2, -1, -2, -2, 1, 1, -2, -1, -1, -2, -1, -1, 2, 1, 2, -1, -1, 2, 1, 1, 2, 2]"
586,dfs_bnb_mpi,49.8124,-6,7,14596179,"[-1, -1, 2, -1, 2, 2, 1, -2, 1, 1, 1, -2, -2, -2, -1, -1, -1, -1, 2, -1, 2, 2, 2, 2]"
587,dfs_bnb_mpi,11.803,-7,8,3648994,"[-1, -1, 2, 2, -1, -1, -1, -2, -1, 2, 2, -1, -2, -2, -2, 1, -2, 1, 2, 1, 2, 1, -2, -2]"
588,dfs_bnb_mpi,0.426901,-6,7,116999,"[-1, -1, 2, 2, -1, -1, 2, -1, -2, -2, 1, 1, -2, -1, -2, 1, -2, 1, 2, 1, 1, 1, 2, 2]"
589,dfs_bnb_mpi,141.077,-5,6,34772560,"[-1, -1, 2, 2, 1, -2, 1, 2, 2, 2, 2, 2, 1, 1, -2, -2, -2, -2, -1, -2, 1, 1, 2, 2]"
590,dfs_bnb_mpi,3.61833,-6,7,981634,"[-1, -1, 2, 1, 1, 1, 1, -2, -2, 1, 1, -2, -1, -2, -1, 2, -1, 2, -1, -1, -1, -1, 2, 2]"
591,dfs_bnb_mpi,1.77025,-8,9,468113,"[-1, -1, 2, 2, 2, 1, 2, -1, 2, -1, -2, -1, -2, 1, -2, -1, -2, -1, 2, -1, 2, 2, 1, -2]"
592,dfs_bnb_mpi,82.6244,-5,6,24668902,"[-1, -1, 2, 2, 2, 1, 1, 2, 2, 2, -1, -1, -2, 1, -2, -1, -1, 2, 2, -1, -2, -2, -2, 1]"
593,dfs_bnb_mpi,1.81131,-7,8,466559,"[-1, -2, 1, -2, 1, 2, 2, 2, 2, 2, 1, -2, -2, -2, -2, 1, 1, 2, -1, 2, 2, 2, 2, 2]"
594,dfs_bnb_mpi,90.7405,-6,7,27208903,"[-1, -1, 2, 1, 2, 1, 1, 1, -2, -2, 1, -2, 1, -2, -1, -1, 2, -1, -1, -1, -2, -1, 2, -1]"
595,dfs_bnb_mpi,176.934,-8,9,54470121,"[-1, -1, 2, 1, 1, 2, 1, -2, 1, 1, -2, 1, -2, -1, -1, -2, 1, -2, -1, -1, 2, 2, 2, 1]"
596,dfs_bnb_mpi,52.1695,-4,5,12737646,"[-1, -1, 2, 2, 2, 2, 2, 2, 1, 2, 2, 1, -2, 1, 1, -2, -1, -1, -2, -1, -2, 1, 1, 2]"
597,dfs_bnb_mpi,2.07894,-6,7,624290,"[-1, -1, 2, 2, 2, -1, 2, -1, -2, -2, 1, -2, -2, -1, -2, 1, -2, -2, 1, 2, 2, 1, 1, 1]"
598,dfs_bnb_mpi,3.79851,-7,8,1169786,"[-1, -1, 2, 1, 2, -1, -1, 2, 1, 1, 2, 2, 1, -2, -2, 1, 2, 1, -2, -2, -1, -1, -2, 1]"
599,dfs_bnb_mpi,4.80114,-6,6,1481697,"[-1, -1, 2, -1, -2, -1, 2, 2, 1, 2, 2, 2, 2, 1, -2, -2, -2, -2, 1, 2, 2, 2, 2, 2]"
600,dfs_bnb_mpi,17.8438,-4,5,5087637,"[-1, -1, 2, 2, 2, 2, 1, -2, 1, 2, 2, 2, 2, -1, -1, -1, -2, -2, -2, -2, -1, -2, 1, -2]"
601,dfs_bnb_mpi,0.041296,-7,8,12210,"[-1, -2, 1, 1, 1, 2, -1, 2, 2, -1, -2, -1, -1, -2, -2, -2, 1, 1, 1, 1, 1, 2, 2, 2]"
602,dfs_bnb_mpi,727.026,-7,8,184008922,"[-1, -1, 2, 2, 2, 2, 2, 1, 1, 1, -2, 1, -2, -2, -1, -1, -2, -1, 2, 2, 2, 1, -2, 1]"
603,dfs_bnb_mpi,15.5222,-7,8,4700566,"[-1, -1, 2, 1, 2, -1, -1, -2, -2, -1, -2, -2, 1, -2, 1, 1, 1, 2, 2, -1, -2, -1, 2, -1]"
604,dfs_bnb_mpi,0.69786,-7,8,205313,"[-1, -1, 2, 2, 1, 2, -1, 2, -1, -1, -2, 1, -2, -1, -1, -1, -2, 1, 1, -2, -2, 1, 2, 2]"
605,dfs_bnb_mpi,20.6944,-7,8,5899000,"[-1, -2, -1, -1, 2, 1, 2, 2, 1, -2, 1, 2, 2, -1, -1, -1, -2, -2, -1, -1, 2, 1, 2, 2]"
606,dfs_bnb_mpi,426.912,-7,8,124151908,"[-1, -1, 2, 2, 1, 2, -1, 2, 2, 2, -1, -2, -2, -1, -1, -2, 1, -2, -1, -2, 1, 1, 2, 2]"
607,dfs_bnb_mpi,0.41311,-7,7,119404,"[-1, -1, 2, 2, -1, -2, -1, -2, 1, -2, 1, -2, -1, -1, 2, -1, -1, 2, 1, 2, 2, 2, 2, 2]"
608,dfs_bnb_mpi,2361.3,-7,8,573395536,"[-1, -2, -1, 2, -1, 2, 2, -1, 2, 1, 1, 2, 2, 2, 1, -2, -2, -2, 1, -2, -1, -1, -2, 1]"
609,dfs_bnb_mpi,30.594,-7,8,8091330,"[-1, -1, 2, 1, 1, 2, 2, 2, 1, 1, 1, -2, -2, -1, 2, -1, -2, -2, 1, -2, -1, -2, 1, 1]"
610,dfs_bnb_mpi,243.633,-6,7,71938726,"[-1, -1, 2, 2, 2, 2, 2, 2, 2, 2, 2, 1, -2, 1, -2, 1, 1, -2, -1, -2, -1, 2, -1, 2]"
611,dfs_bnb_mpi,1.71468,-6,7,475640,"[-1, -2, 1, 1, -2, 1, -2, 1, 1, 2, -1, 2, -1, 2, -1, 2, -1, 2, 2, 2, 2, 2, 2, 2]"
612,dfs_bnb_mpi,0.076359,-6,6,22882,"[-1, -1, 2, 2, 2, 1, 2, -1, 2, -1, -2, -2, -2, -1, 2, -1, -1, 2, 1, 1, 2, 2, 2, 2]"
613,dfs_bnb_mpi,6.56614,-7,8,1971113,"[-1, -1, 2, 1, 1, 2, 1, -2, 1, 2, 1, -2, -2, -1, -1, -2, -2, -1, 2, -1, -1, -2, 1, -2]"
614,dfs_bnb_mpi,0.944735,-6,7,279761,"[-1, -1, 2, -1, -1, 2, 2, 1, -2, 1, 2, 1, 1, -2, -1, -2, 1, 1, 2, 2, 2, 2, 2, 2]"
615,dfs_bnb_mpi,50.0279,-6,6,13003280,"[-1, -1, 2, 2, 2, 2, 2, 2, 2, 2, 1, 2, -1, 2, -1, -2, -2, -1, -1, -2, 1, -2, 1, 2]"
616,dfs_bnb_mpi,592.103,-4,5,172042962,"[-1, -1, 2, 2, 2, 2, 2, 1, -2, -2, -2, -2, 1, 2, 2, 1, -2, -2, -2, -2, -2, -1, 2, -1]"
617,dfs_bnb_mpi,6.21403,-7,8,1776763,"[-1, -1, 2, 2, -1, 2, 1, 1, 2, -1, 2, 2, -1, -2, -2, -1, -2, -1, -2, 1, -2, -2, 1, 2]"
618,dfs_bnb_mpi,23.4316,-5,6,5500589,"[-1, -1, 2, 1, 2, 2, 2, 2, -1, -1, -2, -2, -2, -2, -2, -1, -2, -2, 1, 2, 1, 1, 1, 1]"
619,dfs_bnb_mpi,77.103,-4,5,21297890,"[-1, -1, 2, 2, 2, 1, 2, 2, 2, 1, 2, 2, 2, -1, -2, -2, -1, -2, -2, -2, -1, -2, -1, 2]"
620,dfs_bnb_mpi,387.984,-6,7,116980094,"[-1, -1, 2, 2, 2, -1, -2, -2, -1, -2, -1, 2, 2, 1, 2, 2, 2, 1, 1, -2, 1, -2, -2, -2]"
621,dfs_bnb_mpi,475.799,-7,8,112845693,"[-1, -1, 2, 2, 1, 2, 2, 1, -2, -2, 1, 1, -2, -2, -2, -2, -1, -1, 2, 1, 2, 2, -1, -1]"
622,dfs_bnb_mpi,0.369137,-6,7,107849,"[-1, -1, 2, 2, 2, 1, 2, 2, 2, -1, -1, -2, 1, -2, -1, -2, -1, 2, -1, -2, -2, 1, 1, -2]"
623,dfs_bnb_mpi,1.54077,-6,7,458874,"[-1, -1, 2, 2, 2, 1, 1, 2, -1, -1, -1, -2, -2, -1, 2, 2, -1, 2, 1, 1, 2, 1, -2, 1]"
624,dfs_bnb_mpi,0.000114,0,1,25,"[-1, -1, 2, 2, 2, 2, 2, 2, 2, 2, 2, 2, 2, 2, 2, 2, 2, 2, 2, 2, 2, 2, 2, 2]"
625,dfs_bnb_mpi,36.9062,-8,9,10322801,"[-1, -1, 2, 2, 2, 1, 2, -1, 2, -1, 2, 2, -1, -2, -2, -1, -2, -2, 1, 2, 1, -2, -2, -1]"
626,dfs_bnb_mpi,0.203892,-7,8,63998,"[-1, -2, 1, 1, 1, 2, -1, 2, 1, 1, 2, 2, 2, 1, -2, -2, -2, -2, -1, -2, 1, 1, 2, 2]"
627,dfs_bnb_mpi,69.7339,-8,9,21227270,"[-1, -2, -1, 2, 2, 2, 1, -2, 1, 2, 2, -1, -1, 2, -1, -1, -2, -1, -2, 1, -2, 1, 2, 2]"
628,dfs_bnb_mpi,313.373,-7,8,94733502,"[-1, -1, 2, 2, 2, 1, 2, -1, -1, 2, -1, -2, -1, -1, -2, 1, -2, -2, 1, 2, 2, 1, -2, -2]"
629,dfs_bnb_mpi,13.8545,-6,6,4241381,"[-1, -1, 2, 2, 2, 2, 1, -2, -2, -2, 1, 2, 2, 2, 2, 1, -2, -2, 1, -2, -1, -2, 1, 1]"
630,dfs_bnb_mpi,89.9532,-7,8,27495643,"[-1, -2, 1, -2, -1, -1, 2, 2, -1, 2, 1, 2, 1, 2, 2, 2, 1, -2, -2, -2, 1, -2, -1, -1]"
631,dfs_bnb_mpi,14.2479,-4,5,3915357,"[-1, -1, 2, 2, 2, 2, 2, 2, 2, 2, 2, 2, 2, 1, 2, 2, -1, -2, -1, -2, -1, -2, 1, -2]"
632,dfs_bnb_mpi,130.443,-6,7,38857999,"[-1, -1, 2, 2, 2, 2, 2, -1, -1, -2, -2, -1, -2, 1, 1, -2, -1, -1, -2, -2, 1, 1, 2, -1]"
633,dfs_bnb_mpi,0.161405,-7,8,46182,"[-1, -1, 2, -1, -2, -2, 1, 1, -2, -1, -1, -1, -2, 1, -2, 1, 2, 1, 1, 1, 2, 2, -1, -2]"
634,dfs_bnb_mpi,0.149294,-8,9,38087,"[-1, -2, 1, 1, -2, 1, 1, -2, -1, -1, -1, 2, -1, -2, -2, 1, -2, -1, -2, 1, 1, 2, 2, 1]"
635,dfs_bnb_mpi,184.574,-6,6,55834948,"[-1, -1, 2, 2, -1, -2, -1, -2, -2, -1, -2, 1, -2, 1, 2, 2, 1, 1, 1, 1, 2, 2, -1, -1]"
636,dfs_bnb_mpi,265.747,-7,8,72472697,"[-1, -1, 2, 2, 2, -1, -1, 2, 2, 2, 2, -1, -2, -2, -2, -2, -2, -2, 1, -2, 1, 2, 2, -1]"
637,dfs_bnb_mpi,0.04048,-7,8,11189,"[-1, -1, 2, -1, 2, 1, 2, 2, 1, -2, -2, -2, 1, 1, 1, 2, 2, -1, -2, -1, 2, 2, 2, 2]"
638,dfs_bnb_mpi,81.2226,-4,5,23913962,"[-1, -1, 2, 2, 2, 1, 2, 2, 2, 2, -1, -1, -2, -2, -1, -1, -2, 1, -2, 1, 2, 1, 2, 2]"
639,dfs_bnb_mpi,15.8468,-6,7,4502499,"[-1, -2, -1, -2, -1, -2, 1, -2, 1, 1, 1, 2, -1, -1, 2, 1, 2, 1, 2, 2, 2, 2, 2, 2]"
640,dfs_bnb_mpi,0.749808,-8,9,230871,"[-1, -1, 2, 2, -1, -2, -2, -1, 2, -1, 2, 1, 2, 1, 2, 1, -2, 1, 2, 1, -2, -2, -1, -2]"
641,dfs_bnb_mpi,6.69408,-4,5,2073186,"[-1, -1, 2, 2, 2, 2, 2, 2, 2, 1, 2, 2, 1, -2, -2, 1, 2, 1, -2, -2, -1, -1, -1, -2]"
642,dfs_bnb_mpi,437.142,-6,7,132355995,"[-1, -1, 2, 2, 2, -1, -1, -2, -1, -2, 1, -2, -2, -1, -1, -2, 1, 1, 1, 1, 2, -1, 2, 2]"
643,dfs_bnb_mpi,5.16979,-7,8,1534074,"[-1, -1, 2, 1, 1, 2, 2, 1, -2, 1, 1, -2, 1, -2, -1, -2, -1, 2, 2, -1, -2, -2, -1, -1]"
644,dfs_bnb_mpi,1.48625,-7,8,447383,"[-1, -1, 2, 2, -1, -2, -1, -2, 1, -2, 1, 1, 1, 1, 2, 2, -1, -1, 2, 1, 2, 2, 2, 2]"
645,dfs_bnb_mpi,9.46703,-6,6,2592993,"[-1, -1, 2, 1, 2, 2, -1, -1, -2, -2, -2, -1, -1, -2, 1, 1, 1, 1, -2, -1, -1, -1, -1, -1]"
646,dfs_bnb_mpi,416.318,-4,5,98724403,"[-1, -1, 2, 2, 2, 2, 1, 2, 2, 2, 2, 2, -1, -1, -2, -2, -2, 1, -2, -1, -1, -2, 1, -2]"
647,dfs_bnb_mpi,8.27926,-6,7,2546664,"[-1, -1, 2, 2, 1, 2, 2, -1, -2, -1, -2, -2, -2, -1, -1, -2, 1, 1, 1, 1, -2, -1, -1, -1]"
648,dfs_bnb_mpi,6.22881,-7,8,1776955,"[-1, -2, -1, 2, 2, 2, 1, 1, -2, 1, 2, 1, -2, -2, -1, -2, -1, -2, -2, -1, 2, -1, -1, 2]"
649,dfs_bnb_mpi,0.141937,-6,7,39747,"[-1, -1, 2, 2, 1, -2, 1, 1, 2, 1, 2, 1, -2, -2, -1, -2, -1, -2, 1, 1, 2, 1, 2, 2]"
650,dfs_bnb_mpi,5.75408,-7,7,1792574,"[-1, -1, 2, 1, 1, 2, 2, 1, -2, 1, 2, 1, -2, -2, -1, -1, -2, 1, -2, -1, -2, -1, 2, -1]"
651,dfs_bnb_mpi,0.064864,-6,7,19808,"[-1, -1, 2, 2, 2, 1, 2, 2, 2, 2, 1, -2, 1, -2, -1, -2, 1, 1, -2, -1, -1, -2, -1, -2]"
652,dfs_bnb_mpi,28.7457,-6,7,8580782,"[-1, -1, 2, 2, 2, 2, 2, 1, -2, -2, 1, -2, -2, 1, 2, 2, 1, 2, -1, -1, 2, 1, 2, 2]"
653,dfs_bnb_mpi,6.36843,-6,7,1728163,"[-1, -1, 2, 2, 2, 2, 2, 2, 1, 2, 2, -1, -2, -1, 2, 2, -1, -2, -1, -2, 1, -2, 1, -2]"
654,dfs_bnb_mpi,59.8932,-6,7,17123987,"[-1, -1, 2, 2, 1, 1, -2, 1, 2, 2, 2, 2, 2, 1, -2, -2, -2, -2, -2, -2, -1, -2, 1, 1]"
655,dfs_bnb_mpi,4.2848,-6,7,1038765,"[-1, -1, 2, 1, 2, 1, 2, -1, 2, 2, -1, -2, -2, -2, -1, 2, -1, -2, -2, 1, -2, -1, -1, 2]"
656,dfs_bnb_mpi,536.114,-7,8,159822904,"[-1, -1, 2, 2, 2, 2, 1, 2, -1, 2, 2, -1, -2, -1, -2, 1, -2, -2, -2, -1, 2, 2, -1, 2]"
657,dfs_bnb_mpi,7.75171,-6,7,2085066,"[-1, -1, 2, 2, 2, 2, 2, 1, -2, -2, -2, -2, 1, 2, 1, 2, -1, 2, 2, 2, 1, -2, -2, 1]"
658,dfs_bnb_mpi,1.33901,-6,7,344882,"[-1, -1, 2, 2, 2, -1, 2, -1, -2, -1, -1, -2, 1, 1, 1, -2, -2, -2, -1, -1, 2, 2, 1, -2]"
659,dfs_bnb_mpi,447.52,-7,8,134840154,"[-1, -1, -1, 2, 1, 2, 1, 1, 2, 1, 2, 1, -2, 1, 2, 1, -2, -2, -1, -1, -1, -2, -1, -1]"
660,dfs_bnb_mpi,837.622,-4,5,248731463,"[-1, -1, 2, 2, 2, 2, 2, 2, 2, 2, 2, 2, 1, -2, 1, 2, 2, -1, 2, -1, -1, -2, -2, -2]"
661,dfs_bnb_mpi,1.14389,-7,8,328994,"[-1, -1, 2, 2, 2, 2, -1, -2, -2, -2, -1, -2, 1, -2, 1, -2, 1, 1, 1, 1, 2, -1, -1, -1]"
662,dfs_bnb_mpi,282.377,-6,7,70891890,"[-1, -2, 1, 1, 2, 1, 2, 2, -1, -2, -1, -1, 2, 2, 2, -1, -2, -2, -2, -2, -1, -2, 1, -2]"
663,dfs_bnb_mpi,4.26856,-7,8,1118919,"[-1, -1, 2, 2, 2, 2, 2, 1, 2, 1, -2, 1, 1, -2, -1, -1, -1, -2, -2, -2, 1, 2, 2, 1]"
664,dfs_bnb_mpi,36.4564,-8,9,11026409,"[-1, -1, 2, -1, 2, -1, -2, -1, -1, -1, -2, -2, 1, 1, -2, -2, 1, 2, 2, 1, 2, -1, -1, -1]"
665,dfs_bnb_mpi,95.1609,-6,7,27873829,"[-1, -1, 2, 2, 2, 2, 2, 1, 2, 1, 1, 2, -1, -1, 2, -1, -2, -2, -1, -2, -1, -2, 1, -2]"
666,dfs_bnb_mpi,2.90785,-5,6,666215,"[-1, -1, 2, 2, 2, 1, 2, 1, 2, 1, -2, -2, -1, -2, -1, -2, 1, 1, 2, 1, 2, 2, 2, 2]"
667,dfs_bnb_mpi,0.017788,-6,7,5505,"[-1, -1, 2, 1, 2, -1, 2, -1, -2, -2, -2, -2, 1, 1, -2, 1, 2, 1, 2, 2, 2, 2, 2, 2]"
668,dfs_bnb_mpi,28.5816,-6,7,8540742,"[-1, -1, -1, 2, 1, 1, 1, 2, -1, -1, 2, 2, 1, -2, 1, 2, 2, 2, 1, 2, -1, -1, -2, -1]"
669,dfs_bnb_mpi,9.67953,-7,8,2921799,"[-1, -1, 2, 2, 2, 2, 1, 2, -1, -1, -2, -2, -2, -2, -2, -1, -2, 1, 1, -2, 1, 1, 2, -1]"
670,dfs_bnb_mpi,124.581,-7,8,36121926,"[-1, -1, 2, 2, -1, 2, 2, -1, -1, -2, -2, -2, -1, -2, 1, -2, -2, 1, 2, 2, 1, 2, -1, 2]"
671,dfs_bnb_mpi,165.272,-6,7,50705773,"[-1, -1, 2, 2, 2, 2, 1, -2, -2, -2, 1, 1, 2, -1, 2, 1, 2, 2, 2, -1, -1, -2, 1, -2]"
672,dfs_bnb_mpi,3.76221,-6,7,1044596,"[-1, -1, 2, 2, 2, 2, 2, 1, -2, -2, -2, -2, 1, 2, 2, 1, -2, 1, 1, -2, -1, -1, -2, 1]"
673,dfs_bnb_mpi,127.266,-4,5,39640550,"[-1, -1, 2, 2, 2, 1, -2, 1, 2, 2, 1, -2, 1, 2, 2, 1, -2, -2, -2, -1, -1, -2, -1, -1]"
674,dfs_bnb_mpi,612.561,-4,5,185818508,"[-1, -1, 2, 2, 2, 2, 1, -2, -2, -2, 1, 2, 2, 2, 2, 2, -1, -1, -1, -2, -2, -2, -2, -2]"
675,dfs_bnb_mpi,1.00006,-6,7,249474,"[-1, -1, 2, 1, 2, 2, 2, 1, -2, 1, 1, -2, -1, -1, -2, 1, 1, -2, -1, -2, 1, 1, 2, 2]"
676,dfs_bnb_mpi,1.08588,-6,7,311035,"[-1, -1, 2, 2, -1, -2, -1, -2, 1, -2, -2, 1, 2, 1, 1, 1, 2, 2, 2, -1, -2, -1, 2, 2]"
677,dfs_bnb_mpi,22.7367,-8,9,6685448,"[-1, -2, 1, -2, 1, 2, 2, 2, 2, 1, 1, 1, -2, 1, -2, -1, -1, -2, -2, -1, 2, 2, 2, 1]"
678,dfs_bnb_mpi,2.72777,-6,7,813702,"[-1, -1, 2, 1, 2, 2, 2, 1, -2, 1, -2, -1, -2, 1, 1, 2, 1, 2, -1, 2, -1, 2, 2, 2]"
679,dfs_bnb_mpi,6.36045,-8,9,1716228,"[-1, -2, -2, -1, 2, 2, -1, 2, -1, -1, 2, 1, 1, 2, 1, -2, -2, 1, 1, 2, -1, 2, 2, 2]"
680,dfs_bnb_mpi,0.986163,-6,7,302261,"[-1, -1, 2, 2, -1, -2, -2, -2, -1, -2, 1, -2, 1, 2, 2, 1, 1, 1, 1, -2, -1, -1, -1, -2]"
681,dfs_bnb_mpi,20.538,-6,6,6131729,"[-1, -1, 2, 2, 2, 1, -2, -2, 1, 1, 1, 2, -1, -1, 2, 1, 1, 2, -1, -1, 2, -1, -2, -1]"
682,dfs_bnb_mpi,7.56197,-6,7,2230213,"[-1, -1, 2, 2, 2, 1, -2, -2, 1, 2, 1, 2, 1, -2, 1, -2, 1, -2, -1, -1, 2, -1, -2, -2]"
683,dfs_bnb_mpi,2.83747,-6,7,881645,"[-1, -1, 2, 2, 1, -2, 1, 2, 1, -2, -2, -2, -1, -1, -1, -1, 2, 2, -1, 2, 1, 2, 2, 2]"
684,dfs_bnb_mpi,1.03048,-7,8,305216,"[-1, -1, 2, 2, -1, -2, -1, 2, 2, -1, -2, -1, -2, 1, -2, 1, 1, -2, -2, 1, 2, 1, 1, 1]"
685,dfs_bnb_mpi,680.521,-6,7,164766778,"[-1, -1, 2, 2, 2, 2, 2, 2, 1, -2, 1, 2, 2, 1, -2, -2, -2, 1, -2, -1, -1, -1, 2, 1]"
686,dfs_bnb_mpi,0.454452,-7,8,140714,"[-1, -1, 2, -1, -2, -2, 1, 1, -2, 1, 2, 1, -2, -2, -1, -2, -2, -1, 2, 2, -1, 2, -1, -1]"
687,dfs_bnb_mpi,80.0044,-7,7,25025613,"[-1, -2, -1, 2, -1, -2, -1, 2, -1, -2, -2, 1, 1, -2, -1, -2, 1, 1, 2, 2, 1, 1, 2, 1]"
688,dfs_bnb_mpi,0.399615,-7,8,107624,"[-1, -1, -1, 2, 1, 1, 2, 2, 1, 1, -2, -1, -2, 1, 1, -2, -1, -2, -2, -1, 2, -1, -1, -1]"
689,dfs_bnb_mpi,1140.48,-7,8,314278712,"[-1, -1, 2, 2, 1, 2, -1, -1, 2, -1, -2, -1, -1, -2, 1, -2, 1, -2, -2, 1, 2, 2, 2, -1]"
690,dfs_bnb_mpi,21.5214,-7,8,5018046,"[-1, -1, 2, 2, 2, 1, 2, 1, 2, -1, 2, -1, -1, -2, 1, -2, -1, -2, -1, 2, 2, 2, 2, 2]"
691,dfs_bnb_mpi,726.794,-6,7,202005133,"[-1, -1, 2, 2, 1, 1, 2, -1, -1, -1, -2, -2, -2, -2, 1, 1, 1, -2, 1, 2, 2, 2, -1, -1]"
692,dfs_bnb_mpi,14.1786,-6,7,4100573,"[-1, -1, 2, 2, 2, 1, 2, -1, -1, 2, -1, -2, -1, 2, -1, -1, -2, 1, -2, 1, 1, 1, -2, -1]"
693,dfs_bnb_mpi,48.5136,-6,7,14829029,"[-1, -1, 2, 2, 1, -2, 1, 1, 2, -1, 2, 1, 2, 2, -1, -2, -1, 2, 2, -1, -2, -2, -2, 1]"
694,dfs_bnb_mpi,0.46586,-7,7,143796,"[-1, -1, -1, 2, -1, 2, -1, -2, -2, 1, -2, 1, -2, -1, -2, 1, 1, 2, 2, 1, 1, 1, 2, 2]"
695,dfs_bnb_mpi,14.9805,-4,5,4280875,"[-1, -1, 2, 2, 2, 2, 2, 2, 2, 2, 2, 2, 2, 1, -2, 1, -2, -1, -2, -2, 1, -2, -1, -2]"
696,dfs_bnb_mpi,0.124205,-7,8,38313,"[-1, -2, 1, 1, -2, -1, -1, -1, 2, 2, 2, 1, 2, 2, 1, -2, -2, 1, -2, 1, 2, 2, 2, 2]"
697,dfs_bnb_mpi,8.26042,-7,8,2281043,"[-1, -1, 2, 2, 2, 2, 2, 2, 1, -2, 1, 2, 2, -1, -1, 2, -1, 2, 2, 1, -2, 1, -2, 1]"
698,dfs_bnb_mpi,609.054,-4,5,185971697,"[-1, -1, 2, 2, 2, 2, 2, 1, 1, -2, -1, -2, 1, 1, 2, 1, 2, 2, 2, -1, -1, -2, 1, -2]"
699,dfs_bnb_mpi,57.0829,-7,8,17585475,"[-1, -1, 2, -1, -2, -2, -2, -1, 2, -1, 2, 1, 2, -1, 2, 2, 1, -2, 1, 2, 1, -2, 1, -2]"
700,dfs_bnb_mpi,15.0097,-6,7,4643980,"[-1, -1, 2, 1, 2, 2, 2, 1, -2, 1, 2, 2, 1, -2, -2, -2, -1, -1, -2, 1, 1, -2, -1, -2]"
701,dfs_bnb_mpi,1.07905,-7,8,267528,"[-1, -1, 2, -1, -1, 2, 1, 1, 2, 2, 1, -2, -2, -2, 1, 2, 2, 2, 2, 1, -2, -2, -2, 1]"
702,dfs_bnb_mpi,6.82942,-6,7,1817847,"[-1, -1, 2, 2, 1, -2, 1, 2, 2, -1, -1, -1, -2, -2, -1, -2, 1, -2, 1, 1, -2, -1, -1, -1]"
703,dfs_bnb_mpi,2.70178,-7,8,848742,"[-1, -1, 2, 2, 1, -2, 1, 1, -2, -2, -1, -1, -1, -1, -1, 2, 1, 2, -1, 2, 1, 2, 1, 2]"
704,dfs_bnb_mpi,34.9734,-4,5,9742528,"[-1, -1, 2, 2, 2, 2, 2, 2, 1, 2, -1, -1, -2, -2, -2, -2, -2, -2, -2, -2, 1, 1, 1, 1]"
705,dfs_bnb_mpi,125.083,-7,7,37394331,"[-1, -1, 2, -1, -2, -1, 2, 2, 2, 2, -1, -2, -2, -2, -2, -2, 1, -2, 1, 2, 1, -2, 1, 2]"
706,dfs_bnb_mpi,101.575,-7,8,31562161,"[-1, -1, 2, 2, 2, 1, -2, -2, 1, 2, 1, -2, -2, -2, -1, -2, 1, -2, -1, -1, 2, -1, 2, 1]"
707,dfs_bnb_mpi,2.79957,-7,8,821412,"[-1, -1, 2, 1, 1, 1, 2, 1, -2, 1, -2, -1, -1, -2, 1, 1, 1, 1, -2, -1, -1, -1, -1, -1]"
708,dfs_bnb_mpi,335.282,-7,8,93828807,"[-1, -1, 2, 2, 2, -1, 2, -1, -2, -1, 2, 2, -1, -2, -2, -2, -2, 1, 2, 1, 1, -2, -1, -2]"
709,dfs_bnb_mpi,27.4952,-6,7,6697396,"[-1, -1, 2, 2, 2, 2, 2, 2, 2, 2, 1, -2, 1, 1, -2, -1, -1, -2, -2, 1, 2, 1, 1, 2]"
710,dfs_bnb_mpi,6.90338,-7,8,2068672,"[-1, -1, 2, 1, 1, 2, -1, 2, -1, 2, 1, 2, 2, 1, -2, -2, -2, 1, 1, -2, -1, -2, 1, 1]"
711,dfs_bnb_mpi,0.059345,-5,6,18647,"[-1, -1, 2, 2, 1, -2, 1, 2, 2, 1, -2, -2, 1, -2, -1, -2, -1, -1, -1, -1, 2, 2, 2, 2]"
712,dfs_bnb_mpi,2.99958,-7,8,884350,"[-1, -1, 2, 2, 2, 1, 1, 2, -1, 2, -1, -2, -1, -1, -2, 1, -2, -2, -1, 2, -1, 2, 2, 2]"
713,dfs_bnb_mpi,0.190374,-7,7,50048,"[-1, -2, 1, 1, 2, 2, 1, -2, -2, -2, -1, -1, -1, -2, 1, 1, -2, 1, 2, 1, 2, 2, 2, 2]"
714,dfs_bnb_mpi,15.4468,-6,7,3897308,"[-1, -2, 1, 1, 1, -2, -1, -1, -1, -2, -1, 2, -1, -1, 2, 1, 1, 2, 2, 2, 1, -2, 1, 2]"
715,dfs_bnb_mpi,22.7496,-4,5,6452003,"[-1, -1, 2, 2, 2, 2, 2, 2, 2, 2, 2, 1, 2, 1, -2, -2, -1, -2, 1, 1, 2, 2, 2, 2]"
716,dfs_bnb_mpi,70.3873,-7,8,18935333,"[-1, -2, -2, -1, 2, 2, -1, 2, -1, -1, 2, 2, 1, -2, 1, 2, 1, -2, -2, 1, 2, 2, 2, 2]"
717,dfs_bnb_mpi,0.184259,-7,8,43264,"[-1, -2, 1, 1, 2, 2, 2, 1, 2, -1, -1, -2, -2, -1, 2, -1, 2, 1, 2, 2, 2, 2, 2, 2]"
718,dfs_bnb_mpi,2.3448,-8,9,723582,"[-1, -2, 1, -2, -2, 1, 2, 2, 1, 2, -1, 2, -1, 2, 2, -1, -2, -2, -1, 2, -1, -2, -2, 1]"
719,dfs_bnb_mpi,720.493,-7,8,200725933,"[-1, -1, 2, 2, 2, 2, -1, -2, -2, -2, -1, 2, -1, -2, -1, -2, 1, -2, 1, -2, 1, 2, 2, -1]"
720,dfs_bnb_mpi,102.635,-7,8,28633613,"[-1, -2, -1, -1, 2, 1, 2, -1, -1, 2, 1, 1, 1, 2, -1, 2, 1, 1, -2, -2, 1, -2, -1, -1]"
721,dfs_bnb_mpi,119.036,-7,7,31397626,"[-1, -1, 2, 1, 2, 2, 2, -1, -1, -2, -2, -2, -2, -1, -1, -2, 1, -2, 1, 2, 1, -2, 1, 2]"
722,dfs_bnb_mpi,60.4377,-4,5,17543870,"[-1, -1, 2, 2, 2, 2, 2, 2, -1, -2, -2, -2, -2, -2, -2, -1, -2, -1, -2, 1, 1, 2, 1, 1]"
723,dfs_bnb_mpi,46.9735,-8,9,13794471,"[-1, -1, 2, 2, 2, 2, 1, -2, -2, -2, 1, 1, -2, -2, 1, 1, 2, -1, 2, 2, -1, 2, -1, -2]"
724,dfs_bnb_mpi,4.23718,-5,5,1105453,"[-1, -1, 2, 2, 2, 1, 1, -2, -1, -2, 1, 1, 2, 2, 2, 2, 2, 2, -1, -2, -2, -2, -1, 2]"
725,dfs_bnb_mpi,0.025715,-6,7,6908,"[-1, -1, 2, -1, 2, -1, -2, -2, 1, -2, -1, -1, 2, 2, 2, 2, 2, 2, 2, 2, 2, 2, 2, 2]"
726,dfs_bnb_mpi,0.191585,-8,8,48221,"[-1, -2, -2, -1, -2, -1, 2, -1, 2, 1, 1, 2, -1, -1, 2, 1, 2, 2, 2, 1, -2, -2, -2, 1]"
727,dfs_bnb_mpi,0.006222,-2,3,1501,"[-1, -1, 2, 2, 2, 2, 2, 2, 2, 2, 2, 2, 2, 1, -2, -2, 1, 1, -2, -1, -1, -2, 1, 1]"
728,dfs_bnb_mpi,1.92194,-6,7,597978,"[-1, -1, -1, 2, 1, 2, 1, -2, 1, 2, 2, -1, 2, 2, 2, 2, 2, -1, -2, -2, -2, -2, -2, -1]"
729,dfs_bnb_mpi,0.127207,-5,6,38989,"[-1, -1, 2, 2, 1, -2, 1, 1, 2, -1, 2, -1, 2, -1, -1, -2, -2, -2, -1, 2, 2, 2, 2, 2]"
730,dfs_bnb_mpi,257.597,-5,6,74275346,"[-1, -1, 2, 2, 2, 2, 2, 2, 2, 2, 1, 2, 2, 1, -2, -2, -2, -1, -2, 1, 1, 2, 2, 2]"
731,dfs_bnb_mpi,30.8846,-8,9,9529538,"[-1, -2, 1, 1, 2, 1, 2, -1, -1, 2, 1, 1, 2, 2, -1, -2, -1, 2, -1, -2, -2, -1, -2, 1]"
732,dfs_bnb_mpi,72.8255,-6,7,20506916,"[-1, -1, 2, 2, 2, 2, 2, 2, 2, 1, 2, -1, 2, 1, 2, -1, -1, -2, -2, -1, -1, -2, 1, 1]"
733,dfs_bnb_mpi,70.171,-7,8,19478658,"[-1, -1, 2, 2, 1, -2, 1, 2, 2, 2, 1, -2, -2, 1, -2, -1, -2, 1, -2, -2, -1, -1, 2, 1]"
734,dfs_bnb_mpi,2.96978,-7,8,880888,"[-1, -1, 2, 1, 2, 1, -2, 1, 2, 2, 1, -2, 1, -2, -1, -2, -1, -2, -1, -1, -1, -1, 2, 2]"
735,dfs_bnb_mpi,3.08697,-7,8,963780,"[-1, -1, 2, 2, 2, -1, -2, -1, 2, -1, -2, -2, 1, 1, -2, -2, 1, 1, 1, 1, 2, 2, -1, -1]"
736,dfs_bnb_mpi,236.494,-7,8,73467868,"[-1, -2, 1, 1, 2, 1, 1, 1, 2, -1, 2, 2, -1, -1, -1, -1, -2, -2, 1, 2, 1, 1, -2, -1]"
737,dfs_bnb_mpi,0.544156,-6,7,171703,"[-1, -1, 2, 1, 1, 2, 2, 1, -2, -2, 1, -2, -1, -2, -1, -1, -1, -1, 2, 2, 2, 1, 1, 2]"
738,dfs_bnb_mpi,14.8174,-8,9,4382663,"[-1, -1, 2, 2, 1, -2, 1, 1, 2, -1, 2, 1, 1, -2, -2, 1, 1, -2, -1, -2, -1, -1, 2, 1]"
739,dfs_bnb_mpi,1010.9,-6,7,269359235,"[-1, -1, 2, 2, 2, 2, -1, -2, -1, 2, 2, 2, -1, -2, -2, -2, -2, 1, -2, 1, -2, -1, -1, 2]"
740,dfs_bnb_mpi,402.026,-8,9,121244472,"[-1, -1, 2, -1, -2, -1, 2, -1, -2, -1, -1, -2, 1, -2, 1, -2, -2, 1, 2, 2, 1, 2, -1, -1]"
741,dfs_bnb_mpi,10.8044,-6,6,2777616,"[-1, -1, 2, 2, 2, 1, 1, 2, 1, 1, -2, -1, -2, -1, -1, -2, 1, 1, 1, 2, 1, 2, 2, 2]"
742,dfs_bnb_mpi,1.60612,-7,8,501791,"[-1, -2, 1, 1, -2, -1, -1, -1, 2, 2, 2, 1, 1, 2, 1, -2, -2, 1, 2, 1, -2, -2, -1, -2]"
743,dfs_bnb_mpi,0.433603,-6,7,128979,"[-1, -1, 2, 2, 2, -1, -2, -1, -2, 1, -2, -1, -2, 1, 1, 1, 1, 1, 2, 2, -1, -1, 2, 2]"
744,dfs_bnb_mpi,3.55637,-8,9,1124752,"[-1, -2, -1, -1, 2, 1, 2, 2, 1, -2, 1, 1, -2, -2, -1, -2, -1, -1, -2, -1, 2, -1, 2, 2]"
745,dfs_bnb_mpi,1.54515,-8,9,402417,"[-1, -1, 2, 1, 2, -1, 2, 2, -1, -2, -2, -2, -1, -2, 1, -2, -1, -2, -1, 2, -1, 2, 1, 2]"
746,dfs_bnb_mpi,4.3186,-6,7,1341808,"[-1, -1, 2, 2, 1, 2, 2, -1, -2, -1, 2, -1, 2, -1, -2, -2, 1, -2, 1, -2, -1, -1, 2, -1]"
747,dfs_bnb_mpi,49.8619,-8,9,13893787,"[-1, -1, 2, -1, 2, 2, -1, 2, 1, 2, 2, 2, 1, -2, -2, -2, 1, -2, -1, -2, 1, 1, -2, -1]"
748,dfs_bnb_mpi,21.2938,-4,5,6319292,"[-1, -1, 2, 2, 2, 2, 2, 2, 2, 2, 2, 1, 2, -1, 2, -1, -2, -1, -1, -2, 1, 1, -2, -1]"
749,dfs_bnb_mpi,43.6567,-7,8,13611646,"[-1, -1, 2, -1, -2, -2, -2, -1, 2, 2, 2, -1, -2, -1, 2, 2, 1, 1, 1, 2, 1, 1, -2, -1]"
750,dfs_bnb_mpi,19.7337,-6,7,6193831,"[-1, -1, 2, 2, -1, -1, -2, 1, -2, -1, -1, -2, 1, -2, -1, -1, -2, 1, 1, 1, 2, 2, 1, 1]"
751,dfs_bnb_mpi,89.2699,-7,8,26456151,"[-1, -2, 1, 1, 2, 2, 2, -1, -2, -1, 2, 2, -1, -2, -2, -1, -1, -2, 1, 1, -2, -2, -1, 2]"
752,dfs_bnb_mpi,180.474,-6,7,54611301,"[-1, -1, 2, 2, 2, 2, 2, 2, 1, 2, 1, 2, 1, 1, -2, -1, -2, -2, -2, -1, -1, 2, 1, 2]"
753,dfs_bnb_mpi,65.8325,-7,8,19670374,"[-1, -1, 2, 1, 1, 2, -1, -1, 2, -1, -2, -1, 2, -1, -2, -1, -2, 1, 1, -2, -2, 1, 2, 2]"
754,dfs_bnb_mpi,19.8182,-6,7,4779562,"[-1, -1, 2, 2, 2, 1, 2, -1, 2, 2, -1, -2, -1, -1, -2, 1, 1, -2, -1, -2, 1, -2, -1, -1]"
755,dfs_bnb_mpi,17.8262,-7,8,5366892,"[-1, -1, 2, 2, 2, 2, 1, -2, -2, -2, 1, 2, 2, 2, 1, -2, -2, 1, -2, -1, -2, 1, 1, 2]"
756,dfs_bnb_mpi,0.630044,-7,8,179378,"[-1, -1, 2, -1, -2, -1, -2, 1, 1, -2, 1, -2, -1, -1, 2, -1, -1, -1, 2, 1, 2, 2, 2, 2]"
757,dfs_bnb_mpi,0.531178,-7,7,142850,"[-1, -1, 2, 2, 1, -2, 1, 2, 2, 1, -2, 1, -2, -1, -2, 1, 1, -2, -1, -1, -2, -1, 2, -1]"
758,dfs_bnb_mpi,17.5042,-6,7,4852498,"[-1, -1, 2, 2, 2, 1, 2, -1, -1, 2, 2, -1, -2, -2, -2, 1, -2, -2, -1, -2, 1, -2, 1, 1]"
759,dfs_bnb_mpi,488.289,-4,5,146893219,"[-1, -1, 2, 2, -1, -2, -1, -2, 1, -2, -1, -1, 2, -1, 2, 1, 2, 1, 2, 1, 1, 1, -2, -2]"
760,dfs_bnb_mpi,68.4898,-6,7,21215433,"[-1, -1, 2, 2, 2, 1, 1, -2, -2, 1, -2, 1, 1, -2, -1, -1, -1, -2, -2, -1, 2, 2, -1, -1]"
761,dfs_bnb_mpi,5.4457,-6,7,1630759,"[-1, -1, 2, 2, 2, 2, 1, 2, -1, -1, 2, 2, -1, -2, -1, -2, 1, -2, 1, -2, -1, -2, 1, -2]"
762,dfs_bnb_mpi,55.7095,-7,8,13440854,"[-1, -1, 2, 2, 2, 2, 2, -1, -2, -2, -2, -2, -2, -1, 2, -1, 2, 1, 2, 2, -1, -2, -1, -2]"
763,dfs_bnb_mpi,70.1227,-7,8,16129607,"[-1, -2, 1, 1, -2, 1, 1, 1, 2, 2, 2, -1, -2, -2, -1, 2, -1, 2, 1, 2, -1, -1, -2, -1]"
764,dfs_bnb_mpi,0.946177,-6,7,273921,"[-1, -1, 2, 1, 2, 2, -1, -2, -1, 2, -1, -1, -2, 1, -2, 1, -2, -2, -1, 2, -1, 2, -1, 2]"
765,dfs_bnb_mpi,8.01109,-8,8,2068626,"[-1, -2, -1, 2, -1, -2, -2, -1, -1, 2, 1, 2, -1, 2, 1, 2, 1, -2, 1, 2, 1, -2, 1, 2]"
766,dfs_bnb_mpi,1057.19,-6,7,257691956,"[-1, -1, 2, 1, 2, -1, 2, 1, 2, 2, -1, -2, -1, 2, 2, -1, -2, -2, -2, 1, -2, -1, -2, 1]"
767,dfs_bnb_mpi,11.2433,-6,7,2865899,"[-1, -1, -1, 2, 1, 2, -1, 2, 2, 2, 1, -2, -2, 1, 1, -2, -1, -2, 1, 1, 2, 2, 2, 2]"
768,dfs_bnb_mpi,476.563,-2,3,141170505,"[-1, -1, 2, 2, 2, 2, 2, 2, 2, 2, 2, 1, -2, -2, 1, 2, 2, 2, -1, -1, -1, -2, -2, -2]"
769,dfs_bnb_mpi,10.0052,-7,8,2776598,"[-1, -1, -1, 2, 1, 1, 1, 1, -2, -2, -1, -2, -1, 2, -1, -1, -2, -1, -1, 2, 1, 2, 2, 2]"
770,dfs_bnb_mpi,70.9544,-6,7,18938618,"[-1, -1, 2, -1, -2, -1, 2, 2, 1, 1, 1, -2, 1, 1, -2, -2, -1, -1, -1, -1, -2, 1, 1, 1]"
771,dfs_bnb_mpi,2.25808,-6,7,666001,"[-1, -1, 2, 1, 1, 2, 1, -2, 1, -2, -1, -2, 1, -2, -1, -1, 2, -1, -1, -1, 2, 2, 2, 2]"
772,dfs_bnb_mpi,72.1167,-7,8,21151319,"[-1, -1, 2, 2, 2, 2, 2, 2, 2, 2, 1, 2, -1, 2, -1, -1, -2, -1, -2, 1, -2, 1, 2, 2]"
773,dfs_bnb_mpi,17.1615,-8,9,5157891,"[-1, -1, 2, 2, 1, -2, 1, 2, 2, 1, -2, -2, -2, 1, -2, -1, -1, -2, -1, -2, -1, 2, 2, 1]"
774,dfs_bnb_mpi,11.4381,-7,8,3359856,"[-1, -2, 1, 1, 1, 2, -1, 2, 2, 2, 2, 2, -1, -1, -2, -2, 1, -2, -2, -1, 2, -1, 2, 2]"
775,dfs_bnb_mpi,9.69448,-6,7,3005539,"[-1, -1, 2, 2, -1, -1, -2, 1, -2, -2, 1, 1, 1, -2, -1, -1, -1, -1, 2, -1, -1, 2, 1, 1]"
776,dfs_bnb_mpi,2.44403,-7,8,742515,"[-1, -1, 2, 1, 1, 2, 2, 1, -2, -2, 1, 1, -2, -2, -1, 2, -1, -2, -2, -2, -1, 2, 2, -1]"
777,dfs_bnb_mpi,0.109843,-6,7,28781,"[-1, -1, 2, 2, 2, -1, -1, -2, -2, 1, -2, -1, -1, 2, -1, -1, 2, 2, 2, 1, 1, -2, -2, -1]"
778,dfs_bnb_mpi,0.211194,-8,9,65808,"[-1, -2, 1, 1, 2, 1, -2, 1, -2, -1, -2, -1, 2, -1, -2, -2, 1, -2, -1, -1, 2, 2, 2, -1]"
779,dfs_bnb_mpi,314.449,-6,7,95049568,"[-1, -1, 2, 1, 1, 2, 2, 2, 1, 1, -2, -2, -2, -1, -2, 1, -2, -2, 1, 2, 2, 1, 2, -1]"
780,dfs_bnb_mpi,97.3891,-7,8,30154881,"[-1, -1, 2, -1, -2, -2, 1, -2, -1, -2, 1, 1, 2, 2, 1, 1, 2, 2, 2, 2, -1, -2, -2, -1]"
781,dfs_bnb_mpi,74.3716,-6,7,23314213,"[-1, -1, 2, 2, 2, 1, 1, 2, -1, 2, 2, -1, -2, -2, -1, 2, -1, -2, -2, -2, -2, 1, 2, 2]"
782,dfs_bnb_mpi,162.048,-7,8,45280843,"[-1, -2, 1, 1, 1, 1, 2, 1, 2, 2, -1, -1, 2, -1, -2, -1, -1, -2, 1, 1, -2, 1, 2, 1]"
783,dfs_bnb_mpi,1.95924,-8,9,552529,"[-1, -1, 2, 2, 1, 1, -2, 1, -2, 1, -2, -1, -1, -1, -2, 1, -2, 1, 2, 1, 1, -2, -1, -2]"
784,dfs_bnb_mpi,22.7868,-6,7,6441284,"[-1, -1, 2, 2, 2, 2, 2, 2, -1, -2, -2, -2, -2, -2, -1, -2, 1, -2, -1, -2, 1, 1, 2, 1]"
785,dfs_bnb_mpi,211.614,-5,6,49198937,"[-1, -1, 2, 2, 2, 1, 2, 2, 2, 2, 1, 1, -2, -2, -2, -2, -1, -2, 1, 1, -2, -1, -1, -1]"
786,dfs_bnb_mpi,0.250638,-7,8,75672,"[-1, -1, -1, 2, 1, 1, 2, 2, 1, -2, -2, 1, -2, 1, -2, -1, -1, -1, -1, -1, -1, 2, 2, 2]"
787,dfs_bnb_mpi,68.661,-6,7,16437559,"[-1, -1, 2, 2, 2, 2, 2, 1, 2, -1, -1, 2, 2, -1, -2, -2, -2, 1, -2, -1, -1, -1, 2, 1]"
788,dfs_bnb_mpi,653.551,-2,3,183084266,"[-1, -1, 2, 2, 2, 2, 2, 2, 1, -2, 1, 2, 2, 2, 2, 2, -1, -1, -1, -2, -2, -2, -2, -2]"
789,dfs_bnb_mpi,411.143,-7,8,117967281,"[-1, -1, 2, 2, 2, -1, -1, -1, -1, -2, -2, -2, 1, -2, 1, 1, 2, 2, 2, -1, -1, -2, 1, -2]"
790,dfs_bnb_mpi,59.1125,-6,7,18370158,"[-1, -1, 2, 2, 1, -2, 1, 2, 2, -1, -1, -1, -2, -2, -2, -1, 2, -1, -2, -2, 1, 1, 1, 1]"
791,dfs_bnb_mpi,1.42784,-7,8,420442,"[-1, -1, 2, -1, 2, -1, -2, -1, 2, 2, -1, -2, -2, -1, -2, 1, 1, -2, 1, 2, 1, -2, 1, 1]"
792,dfs_bnb_mpi,0.008909,-7,7,2424,"[-1, -1, 2, 1, 1, 1, -2, -2, -1, -1, -1, -2, 1, -2, -2, 1, 2, 2, 1, 1, 2, 2, 2, 2]"
793,dfs_bnb_mpi,1.35723,-7,8,363408,"[-1, -1, 2, 2, 2, -1, -1, -2, 1, -2, -1, -1, -2, 1, 1, -2, 1, -2, -1, -1, 2, -1, -1, 2]"
794,dfs_bnb_mpi,38.7886,-6,7,10758818,"[-1, -1, 2, 2, 2, 2, 2, 2, 2, 2, 2, 1, 2, 1, -2, 1, 1, -2, -1, -2, -1, -1, 2, 1]"
795,dfs_bnb_mpi,9.81959,-4,5,2986256,"[-1, -1, 2, 2, 2, 2, 2, 2, 1, 2, -1, 2, -1, 2, -1, -1, -2, -2, -2, 1, 1, 2, -1, 2]"
796,dfs_bnb_mpi,333.394,-4,5,92312738,"[-1, -1, 2, 2, 2, 2, 2, 2, 1, 2, -1, 2, 2, 2, 2, -1, -2, -2, -2, -1, -2, 1, -2, -1]"
797,dfs_bnb_mpi,53.2681,-5,6,14794726,"[-1, -1, 2, 2, 2, 2, 2, 1, 2, 1, -2, 1, 1, -2, -1, -1, -1, -2, -2, 1, 2, 1, 1, 1]"
798,dfs_bnb_mpi,0.346037,-6,7,88639,"[-1, -1, 2, 2, 1, -2, 1, 2, 1, -2, 1, 2, 1, -2, -2, -1, -1, -2, 1, 1, 1, 2, 2, 2]"
799,dfs_bnb_mpi,396.642,-6,7,113415487,"[-1, -1, 2, 2, 1, -2, 1, 2, 1, 1, -2, -2, -2, 1, -2, -1, -1, -2, -1, 2, -1, 2, 1, 1]"
800,dfs_bnb_mpi,32.331,-8,9,9478086,"[-1, -1, 2, 2, 2, 2, 1, 2, -1, -1, -2, -2, -1, 2, 2, -1, -2, -1, -2, 1, -2, -2, 1, 2]"
801,dfs_bnb_mpi,9.27348,-7,8,2652758,"[-1, -2, -2, 1, 2, 1, 1, 1, 2, 2, -1, -2, -1, 2, -1, -1, 2, 2, 2, 1, -2, -2, 1, 2]"
802,dfs_bnb_mpi,29.2902,-8,9,8889203,"[-1, -1, 2, 1, 1, 2, 1, 1, -2, 1, -2, -1, -2, -2, -1, -1, -1, -1, 2, 1, 1, 1, 2, 2]"
803,dfs_bnb_mpi,37.4014,-2,3,11388933,"[-1, -1, 2, 2, 2, 2, 2, 2, 2, 2, 1, -2, -2, -2, -2, -2, -2, -2, 1, 1, -2, -2, -1, -1]"
804,dfs_bnb_mpi,5.5314,-7,8,1579493,"[-1, -1, 2, 2, -1, -2, -2, -1, 2, -1, 2, -1, -2, -2, 1, -2, -1, -2, 1, 1, 2, 1, 1, 1]"
805,dfs_bnb_mpi,1.84478,-7,8,561574,"[-1, -1, 2, 1, 2, 1, -2, 1, -2, 1, 1, -2, -1, -1, -1, -1, -2, -2, -1, 2, 2, -1, 2, 2]"
806,dfs_bnb_mpi,0.175535,-7,8,51013,"[-1, -2, -1, -1, -2, 1, -2, -2, 1, 2, 2, 1, 2, 1, 2, 2, -1, 2, 2, 2, 2, 2, 2, 2]"
807,dfs_bnb_mpi,28.0299,-7,8,8579656,"[-1, -1, 2, 1, 1, 2, 1, 1, 2, 2, 2, -1, -1, -1, -2, -1, -2, -2, 1, 2, 1, 1, 2, -1]"
808,dfs_bnb_mpi,1.79786,-8,8,449854,"[-1, -1, 2, 2, -1, 2, 2, -1, -2, -2, -1, -2, 1, 1, -2, -1, -1, -1, -2, 1, 1, -2, 1, 2]"
809,dfs_bnb_mpi,4.70816,-7,7,1458465,"[-1, -1, 2, 1, 2, 2, 1, -2, -2, 1, 2, 2, 1, -2, -2, 1, -2, -1, -1, -2, -2, -1, 2, -1]"
810,dfs_bnb_mpi,41.29,-8,8,12771288,"[-1, -1, 2, -1, 2, 1, 2, 2, 2, -1, 2, 1, 2, 1, -2, 1, 1, -2, -1, -1, -2, -2, -2, -2]"
811,dfs_bnb_mpi,46.3664,-7,8,13502778,"[-1, -1, 2, 2, 2, -1, -2, -1, -2, 1, -2, -1, -1, -2, 1, 1, 1, 1, -2, -2, -1, -1, 2, 1]"
812,dfs_bnb_mpi,286.534,-7,8,81331035,"[-1, -1, 2, 2, 2, 2, 2, 2, 1, 2, -1, 2, 2, -1, -2, -1, -2, -2, -1, -2, 1, 1, 2, 2]"
813,dfs_bnb_mpi,23.2343,-7,7,6005344,"[-1, -2, 1, 1, 2, 1, 2, 2, 2, -1, -1, -1, -2, 1, 1, -2, -1, -1, -1, -1, 2, 2, 1, -2]"
814,dfs_bnb_mpi,5.15406,-6,7,1589408,"[-1, -1, 2, 2, 1, 2, 1, 2, 1, 1, 2, -1, -1, 2, -1, -2, -2, -1, -2, -1, -2, -1, 2, 2]"
815,dfs_bnb_mpi,0.065907,-7,8,20081,"[-1, -1, 2, 2, -1, -2, -1, -2, -1, 2, -1, 2, 1, 1, 2, 1, 2, 2, 1, -2, -2, 1, 2, 2]"
816,dfs_bnb_mpi,34.6975,-6,7,10833687,"[-1, -1, 2, 1, 2, 1, -2, 1, -2, -2, 1, 1, -2, -1, -2, 1, -2, -1, -1, 2, 2, -1, 2, -1]"
817,dfs_bnb_mpi,147.578,-8,9,45411744,"[-1, -2, 1, 1, 1, -2, -1, -1, -2, -2, -1, -2, -2, -1, 2, 2, -1, -1, 2, 1, 1, 2, 1, -2]"
818,dfs_bnb_mpi,65.9535,-5,6,14594356,"[-1, -1, 2, 2, 2, 2, 2, 2, 2, 2, 1, 2, 1, -2, 1, -2, -1, -1, -2, 1, 1, 1, 2, 2]"
819,dfs_bnb_mpi,2.16944,-6,7,678407,"[-1, -1, 2, 1, 2, 2, 1, 2, 1, -2, -2, -1, -2, 1, 1, 2, 1, 1, 2, 2, -1, -1, -2, 1]"
820,dfs_bnb_mpi,219.179,-8,9,64867198,"[-1, -2, 1, -2, 1, 2, 2, 1, 2, 2, 2, 2, -1, -1, -1, -2, -2, -1, -2, 1, 1, 2, 1, -2]"
821,dfs_bnb_mpi,0.684365,-6,7,214015,"[-1, -1, 2, 1, 2, -1, -1, 2, 2, 2, -1, -2, -2, -2, -2, 1, -2, -1, -2, 1, 1, 1, 1, 1]"
822,dfs_bnb_mpi,19.1281,-4,5,4719300,"[-1, -1, 2, 2, 2, 2, 1, -2, 1, 2, 2, 1, -2, -2, -2, -1, -1, -2, 1, 1, 1, 2, 2, 2]"
823,dfs_bnb_mpi,7.16696,-9,10,2178127,"[-1, -1, 2, 2, -1, -2, -2, -1, -2, -1, -2, -1, -2, 1, 1, 2, 1, -2, 1, 2, 1, 2, -1, -1]"
824,dfs_bnb_mpi,5.95022,-7,7,1854816,"[-1, -2, 1, 1, 2, 2, -1, -1, 2, 1, 2, 2, -1, -1, -2, -2, -2, -1, 2, -1, -2, -2, 1, 1]"
825,dfs_bnb_mpi,25.7021,-7,8,7090431,"[-1, -1, 2, 1, 2, 2, 1, 1, 2, 2, 2, 1, -2, -2, -2, -2, -1, -1, -2, 1, 1, -2, -1, -2]"
826,dfs_bnb_mpi,108.173,-8,9,33556691,"[-1, -2, 1, 1, 2, 1, 2, 1, 1, 2, -1, -1, 2, 2, 2, 2, -1, -2, -2, -2, -2, -1, -2, 1]"
827,dfs_bnb_mpi,8.71957,-6,7,2552831,"[-1, -1, 2, 2, 2, -1, -1, -2, 1, -2, -1, -1, -2, 1, 1, -2, 1, -2, -1, -1, 2, -1, -1, 2]"
828,dfs_bnb_mpi,0.401189,-6,7,122471,"[-1, -1, 2, 2, -1, -1, -2, 1, -2, -2, 1, 1, 1, 1, -2, -1, -1, -1, -1, -1, 2, 2, -1, 2]"
829,dfs_bnb_mpi,42.6424,-6,7,12818745,"[-1, -1, 2, 2, 1, 2, 2, 2, 1, 2, -1, 2, -1, -2, -1, -1, -2, 1, 1, -2, -2, -1, -2, -1]"
830,dfs_bnb_mpi,265.297,-8,9,77464155,"[-1, -2, 1, -2, 1, 2, 2, 1, 2, -1, 2, 1, 2, -1, 2, 2, -1, -2, -2, -1, -2, -2, 1, 2]"
831,dfs_bnb_mpi,4.70587,-7,8,1243944,"[-1, -1, 2, 2, 2, 2, 2, 2, 2, 1, -2, -2, 1, 2, 2, 1, 2, -1, 2, -1, -2, -1, 2, 2]"
832,dfs_bnb_mpi,2.21391,-7,7,621229,"[-1, -1, 2, 2, -1, -1, -2, 1, -2, -1, -2, 1, 1, 1, -2, -1, -1, -2, 1, -2, -1, -1, 2, 2]"
833,dfs_bnb_mpi,59.1741,-8,9,18249539,"[-1, -2, -2, 1, 2, 1, 2, 2, 2, 2, -1, -2, -2, -1, 2, -1, -2, -2, -2, -1, -2, 1, -2, 1]"
834,dfs_bnb_mpi,4.08521,-6,7,1156435,"[-1, -2, 1, 1, 2, 2, -1, -1, -1, -2, -1, -1, 2, 1, 2, 1, 2, 1, -2, 1, 2, 2, 2, 2]"
835,dfs_bnb_mpi,174.165,-5,6,51589679,"[-1, -1, 2, 2, 2, 2, 2, 2, 2, 2, 1, 1, 2, -1, -1, 2, 2, -1, -2, -1, -2, -2, 1, 2]"
836,dfs_bnb_mpi,0.14648,-8,8,43621,"[-1, -1, -1, 2, 1, 2, -1, 2, -1, -2, -1, -2, 1, -2, -1, -2, 1, -2, -2, 1, 2, 2, 1, 1]"
837,dfs_bnb_mpi,473.351,-6,7,123643295,"[-1, -1, 2, 1, 2, 2, 1, 1, -2, -2, 1, 1, -2, -2, -1, -2, -1, -1, -1, 2, 1, 1, 2, 1]"
838,dfs_bnb_mpi,11.0579,-6,7,3262583,"[-1, -1, 2, 2, 2, 2, 2, 2, 2, 1, -2, 1, 2, 1, -2, 1, -2, -1, -2, -1, 2, -1, -2, -2]"
839,dfs_bnb_mpi,5.1583,-7,8,1588640,"[-1, -1, 2, 2, -1, -1, 2, 1, 2, 2, 2, 2, 1, -2, -2, -2, -2, 1, -2, 1, 1, -2, -1, -1]"
840,dfs_bnb_mpi,6.24665,-6,7,1797548,"[-1, -1, 2, 2, 1, 2, -1, -1, -2, -2, -1, -2, -1, 2, -1, 2, 2, 2, 1, -2, -2, 1, 2, 2]"
841,dfs_bnb_mpi,1061.03,-7,8,285311226,"[-1, -1, 2, 2, 2, 1, -2, 1, 2, 2, 1, -2, -2, 1, 2, 1, -2, -2, -1, -2, -1, 2, -1, -1]"
842,dfs_bnb_mpi,26.9482,-7,8,8302013,"[-1, -1, 2, 2, -1, -2, -1, 2, 2, -1, -2, -2, -1, -1, -2, 1, 1, -2, 1, -2, 1, 2, 2, -1]"
843,dfs_bnb_mpi,7.02288,-7,8,2018868,"[-1, -1, 2, 2, 2, 2, 2, 1, 2, 2, -1, -2, -1, -1, 2, -1, -2, -1, -2, 1, 1, -2, 1, 2]"
844,dfs_bnb_mpi,3.53741,-7,8,966277,"[-1, -1, 2, 2, -1, -2, -2, -1, -2, 1, -2, 1, 2, 1, -2, 1, 1, -2, -1, -1, -1, -1, -1, 2]"
845,dfs_bnb_mpi,186.715,-8,9,54090022,"[-1, -1, 2, 1, 1, 2, 2, 1, 1, 1, 2, 1, -2, 1, -2, -1, -2, -1, 2, -1, -2, -2, -1, 2]"
846,dfs_bnb_mpi,6.22414,-7,8,1643756,"[-1, -1, 2, 2, -1, 2, 2, 2, -1, -2, -2, -2, -2, 1, -2, -2, 1, -2, -2, 1, 2, 1, 2, -1]"
847,dfs_bnb_mpi,0.917602,-6,7,260584,"[-1, -1, 2, 2, 1, 1, 2, -1, -1, -1, -2, -1, -2, -1, 2, 2, 1, 2, 2, 1, -2, 1, 2, 2]"
848,dfs_bnb_mpi,0.094525,-7,8,28564,"[-1, -1, -1, 2, 1, 1, 1, 2, 2, -1, -2, -1, -1, 2, -1, -2, -1, -1, -2, 1, 1, -2, -1, -1]"
849,dfs_bnb_mpi,0.486293,-6,7,130457,"[-1, -1, 2, 1, 1, 2, 2, 2, 1, -2, -2, 1, -2, -1, -2, 1, -2, -1, -1, -1, -1, -1, 2, 2]"
850,dfs_bnb_mpi,19.9525,-4,5,6056990,"[-1, -1, 2, 2, 2, 2, 1, -2, 1, 2, 2, -1, -1, -1, -2, -1, 2, 2, -1, -2, -2, -2, 1, 1]"
851,dfs_bnb_mpi,0.08595,-6,7,24893,"[-1, -1, 2, 1, 2, -1, -1, -2, -2, -1, -2, 1, 1, 1, -2, -1, -1, -1, -1, 2, 2, 2, 1, 2]"
852,dfs_bnb_mpi,25.9102,-6,7,7069768,"[-1, -1, 2, 2, 2, 2, 2, 2, 1, -2, 1, -2, -1, -2, 1, -2, -2, 1, 1, -2, -1, -2, 1, 1]"
853,dfs_bnb_mpi,38.1016,-7,8,11672832,"[-1, -1, 2, 1, 2, -1, 2, 1, 2, -1, -1, -1, -2, -2, -1, -2, -1, -2, 1, 1, 2, 1, 2, 2]"
854,dfs_bnb_mpi,1.13383,-7,8,306273,"[-1, -2, 1, 1, 1, 1, 2, 2, -1, -2, -1, 2, 2, -1, -2, -1, 2, 2, -1, -2, -1, 2, 2, 2]"
855,dfs_bnb_mpi,2.66816,-7,8,757339,"[-1, -1, 2, 2, 1, 2, 1, 2, -1, 2, -1, -2, -2, -1, -2, -1, -2, 1, -2, -1, -1, 2, 2, 2]"
856,dfs_bnb_mpi,721.501,-2,3,202322108,"[-1, -1, 2, 2, 2, 2, 2, 2, 2, 2, 2, 1, -2, -2, 1, 2, 2, 2, -1, -1, -1, -2, -2, -2]"
857,dfs_bnb_mpi,215.106,-6,7,63162011,"[-1, -1, 2, 2, 2, -1, -1, -2, 1, -2, -2, -2, -1, -1, 2, -1, -1, 2, 1, 2, 1, -2, 1, -2]"
858,dfs_bnb_mpi,6.39668,-7,8,1956062,"[-1, -1, 2, 2, -1, 2, 2, -1, -2, -2, -2, 1, -2, -2, -1, 2, -1, 2, 2, 2, -1, -2, -1, 2]"
859,dfs_bnb_mpi,678.317,-2,3,190751159,"[-1, -1, 2, 2, 2, 2, 2, 2, 2, 2, 1, -2, -2, -2, -2, -2, -2, -2, 1, 1, -2, -2, -1, -1]"
860,dfs_bnb_mpi,43.9647,-6,7,11826872,"[-1, -1, 2, 1, 2, -1, 2, 1, 2, 2, 2, -1, -1, -2, 1, -2, -1, -1, -2, 1, -2, -1, -2, 1]"
861,dfs_bnb_mpi,0.097605,-7,8,25907,"[-1, -1, 2, 1, 2, 2, 2, -1, -1, -2, 1, -2, -1, -1, 2, -1, -2, -2, 1, 1, -2, -1, -1, -1]"
862,dfs_bnb_mpi,4.05285,-7,8,1175607,"[-1, -1, 2, 1, 1, 1, 2, -1, -1, -1, -1, -2, -1, -2, 1, -2, -2, 1, 2, 1, 1, 1, 2, 1]"
863,dfs_bnb_mpi,6.69012,-7,8,2068873,"[-1, -2, 1, 1, 2, 2, -1, -1, 2, 1, 2, 2, 2, -1, -1, -2, -2, -2, -1, -2, 1, -2, -1, -1]"
864,dfs_bnb_mpi,1.38335,-6,7,414613,"[-1, -1, 2, 1, 2, 1, 2, -1, -1, -2, -1, 2, -1, -2, -1, -2, 1, 1, -2, -2, 1, 1, 1, 1]"
865,dfs_bnb_mpi,2.70053,-7,7,822970,"[-1, -1, 2, 2, -1, 2, 1, 2, 1, -2, 1, 2, 2, 1, -2, -2, -2, -1, -1, -2, 1, 1, 1, 2]"
866,dfs_bnb_mpi,24.0016,-6,7,7262945,"[-1, -1, 2, 2, 2, 2, 1, 2, -1, -1, -2, -2, -1, 2, 2, -1, 2, 1, 1, 2, 1, -2, 1, 2]"
867,dfs_bnb_mpi,509.311,-6,7,120748895,"[-1, -1, 2, 2, 2, 2, 2, 2, 2, 1, 2, -1, -1, 2, 2, -1, -2, -2, -2, -2, -2, 1, 2, 2]"
868,dfs_bnb_mpi,2.52382,-6,7,770598,"[-1, -1, 2, 2, 1, 2, -1, 2, -1, -1, -2, 1, -2, -2, -2, -1, -1, 2, 1, 2, -1, 2, 2, 2]"
869,dfs_bnb_mpi,0.077317,-7,8,22359,"[-1, -1, 2, 1, 2, 1, -2, 1, 2, 1, -2, -2, -1, -2, -1, -1, -1, -2, 1, 1, 1, 1, 2, 1]"
870,dfs_bnb_mpi,0.246874,-8,9,62970,"[-1, -1, 2, 1, 2, 2, 2, 1, -2, -2, -2, 1, 2, 1, -2, -2, -1, -2, -1, -2, -1, 2, -1, -1]"
871,dfs_bnb_mpi,7.25052,-7,8,2225015,"[-1, -1, 2, 1, 1, 2, 2, 2, -1, -2, -2, -1, 2, -1, -2, -2, -2, -1, -2, 1, 1, -2, 1, 2]"
872,dfs_bnb_mpi,825.559,-5,6,246753477,"[-1, -1, 2, 2, 2, 2, 2, 2, 1, 2, -1, -1, -2, -2, -2, -2, -2, -1, -1, -2, 1, 1, -2, -1]"
873,dfs_bnb_mpi,0.453142,-7,8,109834,"[-1, -1, 2, 1, 1, 1, 1, 2, 1, -2, -2, -1, -1, -2, 1, -2, -1, -1, 2, -1, -1, -1, 2, 2]"
874,dfs_bnb_mpi,2411.88,-6,7,717947299,"[-1, -1, 2, 2, 2, 1, 2, 2, -1, -1, 2, 1, 1, 2, -1, -1, -1, -2, -2, -2, -2, 1, 2, 1]"
875,dfs_bnb_mpi,299.172,-7,8,83413342,"[-1, -1, 2, 2, 2, 2, 1, 2, -1, -1, -2, -1, 2, 2, 1, 1, 1, 2, 1, 1, -2, -2, -1, 2]"
876,dfs_bnb_mpi,319.862,-4,5,88214527,"[-1, -1, 2, 2, 2, 2, 2, 2, 2, -1, -2, -2, -2, -2, -1, -1, -2, 1, 1, -2, -2, -2, 1, 1]"
877,dfs_bnb_mpi,0.782648,-6,7,230199,"[-1, -1, 2, 2, 2, -1, -1, -2, 1, -2, -2, -2, -1, -2, -2, 1, 2, 1, 2, 1, 1, 1, 2, 2]"
878,dfs_bnb_mpi,77.2012,-7,8,23823903,"[-1, -1, 2, 2, 1, 2, -1, 2, -1, 2, -1, -2, -2, -1, 2, -1, -2, -2, 1, 1, -2, 1, 2, 2]"
879,dfs_bnb_mpi,62.2067,-8,9,19093920,"[-1, -1, 2, 2, 1, 1, 1, -2, 1, 2, 1, -2, -2, 1, 1, -2, -1, -1, -2, -1, 2, -1, 2, 1]"
880,dfs_bnb_mpi,1.11927,-6,7,339712,"[-1, -1, 2, 2, 2, 2, 2, 1, -2, 1, -2, -1, -2, -2, 1, 1, -2, -2, -1, -2, -1, 2, -1, -1]"
881,dfs_bnb_mpi,899.079,-4,5,264119645,"[-1, -1, 2, 2, 2, 1, 2, 2, 2, 2, 2, -1, -2, -2, -2, -2, -1, -1, -1, -2, 1, 1, -2, -1]"
882,dfs_bnb_mpi,22.5081,-8,9,6407782,"[-1, -1, 2, 1, 1, 2, 1, 2, 1, -2, -2, 1, 1, -2, -1, -1, -2, 1, -2, -1, -1, 2, 2, 2]"
883,dfs_bnb_mpi,10.8321,-7,8,2970137,"[-1, -2, 1, -2, -1, -1, 2, 2, -1, -1, 2, 1, 1, 1, 2, -1, -1, 2, 1, 1, 1, -2, -2, 1]"
884,dfs_bnb_mpi,3.93376,-6,7,1240591,"[-1, -1, 2, 1, 2, 1, -2, 1, 2, 1, -2, 1, 2, 2, 1, -2, -2, -2, -1, -1, -1, -2, 1, 1]"
885,dfs_bnb_mpi,151.058,-6,6,46675284,"[-1, -1, 2, 2, 2, 2, 1, -2, 1, -2, -1, -2, 1, 1, -2, -2, -1, -1, -1, -1, 2, 2, 2, 2]"
886,dfs_bnb_mpi,141.123,-6,7,38707675,"[-1, -1, 2, 2, -1, -1, 2, 2, 1, 1, 1, 2, 1, -2, -2, 1, -2, -1, -2, -1, 2, 2, -1, -1]"
887,dfs_bnb_mpi,32.0885,-6,7,8945428,"[-1, -1, 2, 2, -1, -2, -2, -1, 2, 2, -1, -2, -2, -2, 1, 1, 1, 1, -2, -2, -1, 2, -1, -1]"
888,dfs_bnb_mpi,5.82298,-7,8,1707732,"[-1, -1, 2, -1, -2, -2, 1, 1, 1, 1, 1, 2, -1, 2, 2, -1, -2, -1, 2, -1, 2, -1, -2, -1]"
889,dfs_bnb_mpi,7.93403,-7,8,2404224,"[-1, -1, 2, 2, -1, -2, -1, 2, -1, -2, -2, -2, 1, 2, 1, -2, -2, -1, -1, -1, 2, -1, 2, 1]"
890,dfs_bnb_mpi,415.055,-7,8,127803650,"[-1, -1, 2, 2, 2, -1, -2, -2, -2, -2, -1, -2, 1, -2, 1, 1, 2, 1, 1, 2, -1, -1, -1, -2]"
891,dfs_bnb_mpi,66.6645,-8,8,20337886,"[-1, -1, 2, 1, 1, 1, -2, -2, -1, -1, -1, -1, -2, -1, -1, -2, 1, 1, -2, 1, 2, 1, 2, -1]"
892,dfs_bnb_mpi,21.4003,-6,7,6170337,"[-1, -1, 2, 2, 1, -2, 1, 1, -2, -2, -1, -1, -1, -1, -1, -2, 1, 1, -2, 1, 2, 1, 1, 1]"
893,dfs_bnb_mpi,0.713924,-6,7,198893,"[-1, -1, 2, -1, -1, 2, -1, -2, -2, 1, 1, -2, 1, 1, -2, -1, -1, -2, -1, -1, 2, 2, 1, -2]"
894,dfs_bnb_mpi,48.0809,-7,8,14649000,"[-1, -2, 1, 1, 2, 1, 2, 2, 2, -1, -1, -1, -1, -2, -1, -2, -2, 1, 2, 1, 2, 1, -2, 1]"
895,dfs_bnb_mpi,0.496585,-7,8,154107,"[-1, -1, 2, 2, 1, -2, 1, 2, 1, -2, 1, 1, -2, -1, -1, -2, -2, -1, 2, -1, -1, -1, 2, 2]"
896,dfs_bnb_mpi,823.558,-6,6,252872960,"[-1, -1, 2, 2, 2, 2, 2, 1, 2, 1, -2, 1, -2, -2, -1, -2, 1, -2, -1, -1, 2, 2, 2, 1]"
897,dfs_bnb_mpi,6.44,-6,7,1819987,"[-1, -1, 2, 2, 2, 2, 1, -2, -2, -2, 1, 2, 1, -2, 1, -2, -1, -2, -1, -2, -1, 2, -1, -1]"
898,dfs_bnb_mpi,0.310779,-7,8,85906,"[-1, -1, 2, 2, 1, -2, 1, 2, 1, 2, -1, 2, 1, 2, -1, -1, -2, -2, -1, 2, 2, 2, 2, 2]"
899,dfs_bnb_mpi,1.80772,-7,8,478409,"[-1, -1, 2, 2, 1, -2, 1, 2, 2, 1, -2, -2, -2, 1, -2, -1, -2, -2, -1, 2, 2, -1, -1, -1]"
900,dfs_bnb_mpi,3.09099,-4,5,937659,"[-1, -1, 2, 2, 2, 2, 1, 2, 2, 2, 2, 2, -1, -2, -2, -2, -2, -1, -2, -1, -2, 1, -2, -1]"
901,dfs_bnb_mpi,50.9907,-7,8,14224291,"[-1, -2, -2, -1, 2, 2, -1, 2, 2, 2, 1, -2, -2, 1, 1, 2, -1, 2, 1, 1, -2, 1, -2, -1]"
902,dfs_bnb_mpi,17.6267,-6,7,4906295,"[-1, -1, 2, -1, -2, -1, 2, 2, 1, 1, 1, -2, 1, 1, -2, -2, -1, -1, -1, -2, -1, 2, -1, -1]"
903,dfs_bnb_mpi,22.9714,-6,7,6045428,"[-1, -1, 2, 2, 2, 2, -1, -2, -1, 2, 2, -1, -2, -2, -2, -2, 1, 2, 1, -2, -2, -1, -1, -1]"
904,dfs_bnb_mpi,359.152,-7,8,100015777,"[-1, -1, 2, 2, 2, 1, 2, 1, 1, 2, 2, -1, -2, -1, 2, -1, 2, -1, -2, -2, 1, -2, -1, -2]"
905,dfs_bnb_mpi,18.0026,-7,8,5152678,"[-1, -1, 2, 2, 2, 2, 2, 1, 2, -1, -1, -2, -1, 2, 2, 1, 1, 2, 2, 1, -2, -2, 1, -2]"
906,dfs_bnb_mpi,0.570451,-7,8,163368,"[-1, -1, 2, 1, 1, 2, 2, 1, -2, -2, -2, 1, -2, -2, -1, 2, -1, -1, -2, 1, -2, 1, 1, 1]"
907,dfs_bnb_mpi,0.367658,-7,8,102760,"[-1, -1, 2, -1, 2, 1, 2, 2, 1, -2, -2, -2, 1, 2, 2, 2, 2, 1, -2, -2, 1, -2, -1, -2]"
908,dfs_bnb_mpi,73.3595,-8,9,19821041,"[-1, -1, 2, 2, 1, 1, 2, 2, -1, -2, -1, 2, -1, 2, -1, -1, -2, 1, -2, -2, -2, 1, 2, 2]"
909,dfs_bnb_mpi,14.4225,-7,8,4202482,"[-1, -1, 2, -1, 2, 2, 1, -2, 1, -2, 1, 1, 1, 2, 2, -1, -2, -1, 2, 2, 2, -1, -2, -2]"
910,dfs_bnb_mpi,7.20924,-6,7,2146134,"[-1, -1, 2, -1, -1, 2, 1, 2, -1, 2, -1, -2, -2, -2, -2, 1, 1, -2, 1, 1, 1, 1, 2, 2]"
911,dfs_bnb_mpi,20.0943,-6,7,6141816,"[-1, -1, 2, 2, 2, 2, -1, -2, -2, -2, -1, -2, 1, -2, 1, -2, -1, -1, 2, -1, 2, 2, 2, 1]"
912,dfs_bnb_mpi,0.785704,-8,9,221094,"[-1, -1, 2, -1, 2, -1, -2, -2, 1, -2, 1, 1, -2, 1, -2, 1, -2, -1, -1, 2, -1, 2, -1, -1]"
913,dfs_bnb_mpi,28.6296,-6,7,7604555,"[-1, -1, 2, 2, 2, 2, 1, -2, -2, -2, 1, 2, 2, 1, 2, 1, -2, 1, -2, -1, -1, -2, 1, 1]"
914,dfs_bnb_mpi,164.244,-7,8,49436237,"[-1, -1, 2, 2, 2, 1, 2, -1, 2, -1, -2, -2, -1, 2, -1, -2, -2, -1, -2, 1, 1, 1, 2, -1]"
915,dfs_bnb_mpi,6.35847,-7,8,1915684,"[-1, -1, 2, 2, 2, -1, 2, -1, -2, -1, -2, -1, -2, 1, -2, -2, 1, 1, 2, 2, 2, -1, -2, -2]"
916,dfs_bnb_mpi,0.092902,-7,7,28619,"[-1, -2, 1, 1, 2, 2, -1, 2, 1, 2, 1, -2, -2, -2, 1, 1, -2, -1, -1, -2, 1, 1, 1, 2]"
917,dfs_bnb_mpi,1.23117,-6,7,308986,"[-1, -2, 1, 1, 2, 2, -1, -1, -1, -2, -2, -2, 1, 1, 1, -2, -1, -1, -1, -1, 2, 2, 2, 2]"
918,dfs_bnb_mpi,7.12835,-7,8,2010759,"[-1, -1, 2, 2, 1, 1, 1, -2, -2, -2, 1, 2, 2, 1, -2, -2, -2, -1, -1, -2, -1, 2, 2, -1]"
919,dfs_bnb_mpi,112.447,-4,5,31173601,"[-1, -1, 2, 2, 2, 2, 2, 1, 2, 2, 2, 2, -1, 2, -1, -2, -2, 1, -2, -2, -1, -2, -1, 2]"
920,dfs_bnb_mpi,0.501045,-6,7,125487,"[-1, -1, 2, 2, 2, 2, 2, 1, -2, -2, -2, -2, 1, 1, 2, 1, -2, -2, -1, -2, 1, 1, 2, 2]"
921,dfs_bnb_mpi,0.210986,-7,8,60084,"[-1, -2, -1, -1, -2, 1, 1, -2, 1, 2, 2, 1, 2, 1, -2, -2, -1, -2, 1, 1, 2, 2, 2, 2]"
922,dfs_bnb_mpi,27.2169,-6,7,8382399,"[-1, -1, 2, 1, 2, 1, -2, 1, 2, 2, -1, 2, -1, 2, 2, 2, -1, -2, -2, -2, -1, -2, 1, 1]"
923,dfs_bnb_mpi,120.093,-7,8,35392914,"[-1, -1, 2, 2, 2, 1, 2, 2, 2, -1, -2, -2, -1, 2, -1, -2, -1, -2, 1, 1, -2, -1, -1, -1]"
924,dfs_bnb_mpi,0.764543,-7,8,200496,"[-1, -1, 2, 2, 2, -1, -2, -1, -1, -2, 1, 1, -2, -2, 1, -2, -1, -1, 2, -1, -1, 2, 1, 1]"
925,dfs_bnb_mpi,10.8278,-7,8,3327158,"[-1, -1, 2, 1, 1, 2, 2, 1, -2, -2, 1, -2, -1, -2, -1, -1, -1, -1, -1, -2, 1, -2, 1, 2]"
926,dfs_bnb_mpi,3.46548,-7,8,813515,"[-1, -1, 2, 2, 2, 2, 2, 1, -2, -2, -2, -2, 1, 2, 2, 1, -2, 1, -2, -1, -2, 1, 1, 2]"
927,dfs_bnb_mpi,222.743,-5,6,53459831,"[-1, -1, 2, 2, 1, 2, 2, 2, 2, 1, -2, -2, 1, 2, 1, -2, -2, -1, -1, -2, 1, -2, -1, -1]"
928,dfs_bnb_mpi,1174.31,-5,6,326928470,"[-1, -1, 2, 2, 2, 2, 2, 2, 2, 2, 1, 2, 2, 2, -1, -2, -2, -1, -2, -2, -2, -1, -2, 1]"
929,dfs_bnb_mpi,64.9837,-4,5,19443444,"[-1, -1, 2, 2, 2, -1, -2, -2, -2, -2, 1, 1, 1, 1, 2, 1, 2, 2, -1, -2, -1, -1, 2, 2]"
930,dfs_bnb_mpi,24.6968,-7,8,7571657,"[-1, -1, 2, 2, 2, 2, 1, 2, -1, 2, -1, -1, -2, -1, -2, 1, -2, -1, -2, 1, 1, 2, 2, 2]"
931,dfs_bnb_mpi,1.15089,-7,8,321497,"[-1, -1, 2, 2, 2, 1, -2, -2, 1, 2, 2, 1, -2, -2, 1, 2, 2, 1, 2, -1, 2, -1, -2, -1]"
932,dfs_bnb_mpi,0.224522,-8,8,66110,"[-1, -1, 2, -1, -1, 2, 1, 1, 1, -2, 1, 2, 2, -1, -1, -1, -1, 2, 1, 1, 2, 1, -2, 1]"
933,dfs_bnb_mpi,11.7515,-8,9,2880891,"[-1, -1, 2, -1, -1, 2, 2, 1, -2, 1, 2, 2, 1, -2, -2, -2, 1, 1, 2, 1, 2, -1, -1, -2]"
934,dfs_bnb_mpi,82.4882,-7,8,19464424,"[-1, -1, 2, 1, 1, 1, -2, -2, -1, -1, -1, -2, -2, -1, 2, 2, 2, 2, -1, -1, -2, -2, 1, 2]"
935,dfs_bnb_mpi,11.757,-6,7,3062983,"[-1, -1, 2, 2, 1, -2, 1, 2, 2, -1, -1, 2, 2, -1, -2, -2, -2, -1, -1, -2, 1, 1, -2, -1]"
936,dfs_bnb_mpi,275.599,-6,7,71041538,"[-1, -1, 2, 1, 1, 2, 2, 2, 1, 1, -2, 1, 2, 1, -2, -2, -1, -1, -2, -2, -1, 2, 2, 2]"
937,dfs_bnb_mpi,0.068891,-6,7,20509,"[-1, -1, 2, 1, 2, -1, 2, -1, -2, -1, -2, 1, -2, -2, 1, -2, 1, 2, 1, 1, 2, 2, 2, 2]"
938,dfs_bnb_mpi,1.04788,-6,7,302648,"[-1, -1, 2, 1, 2, -1, 2, -1, -2, -1, -1, -2, -2, 1, 2, 1, -2, -2, 1, 1, 1, 1, 2, 2]"
939,dfs_bnb_mpi,1478,-5,6,333203933,"[-1, -1, 2, 2, 2, 2, 2, 2, 1, 1, 2, 2, 2, 1, -2, -2, -2, -2, -1, -1, -2, 1, -2, -1]"
940,dfs_bnb_mpi,52.4575,-7,8,16135239,"[-1, -1, 2, 1, 1, 2, -1, -1, 2, 2, -1, 2, 2, 2, 2, 1, -2, -2, -2, 1, -2, 1, -2, -1]"
941,dfs_bnb_mpi,28.6185,-6,7,7880918,"[-1, -1, 2, 2, -1, -2, -2, -2, 1, 1, 1, 1, 1, -2, -1, -1, -1, -1, -2, -1, 2, -1, 2, 2]"
942,dfs_bnb_mpi,6.01511,-6,6,1543800,"[-1, -2, 1, 1, 2, 1, 2, -1, -1, 2, 2, 2, -1, -1, -2, -2, 1, -2, -1, -1, 2, 2, 2, 2]"
943,dfs_bnb_mpi,5.66738,-7,7,1550494,"[-1, -2, 1, 1, 2, 1, -2, -2, -1, -2, -2, -1, 2, 2, -1, -2, -1, 2, 2, 2, 2, 1, 1, 2]"
944,dfs_bnb_mpi,22.5726,-7,8,6540927,"[-1, -1, 2, 2, 2, 2, 2, 1, -2, -2, -2, -2, 1, 2, 1, -2, 1, -2, -1, -2, -1, -2, -1, 2]"
945,dfs_bnb_mpi,0.000196,-2,3,48,"[-1, -1, 2, 2, 2, 2, 2, 2, 2, 2, 2, 2, 2, 2, 2, 2, 2, 2, 2, 1, 1, -2, -1, -2]"
946,dfs_bnb_mpi,468.463,-4,5,124117073,"[-1, -1, 2, 2, 2, 2, 2, 2, 1, -2, 1, 2, 2, -1, -1, -1, -1, -2, 1, -2, -1, -1, -2, 1]"
947,dfs_bnb_mpi,19.1025,-7,8,5492323,"[-1, -1, 2, 2, -1, -2, -1, 2, -1, -2, -2, -1, -2, -2, 1, 2, 1, 2, 1, -2, 1, -2, 1, 2]"
948,dfs_bnb_mpi,258.37,-6,7,78738488,"[-1, -1, 2, -1, 2, 2, 2, 2, -1, -1, -2, -2, -2, 1, -2, -1, -1, -1, -2, 1, 1, 1, 1, -2]"
949,dfs_bnb_mpi,65.3563,-5,6,18180885,"[-1, -1, 2, 2, 2, 2, 2, 2, 2, 2, 1, 2, 1, 2, 1, -2, -2, -1, -2, -1, -2, 1, 1, 2]"
950,dfs_bnb_mpi,635.281,-4,5,181527004,"[-1, -1, 2, 2, 2, 2, 2, 2, 2, 2, 2, 2, 2, 1, -2, 1, 1, -2, 1, -2, -1, -1, 2, -1]"
951,dfs_bnb_mpi,123.828,-6,7,37603393,"[-1, -1, 2, 1, 2, 2, 2, -1, -2, -2, -1, 2, -1, -2, -1, -1, -2, 1, 1, 1, -2, -2, -1, 2]"
952,dfs_bnb_mpi,73.0849,-4,5,20962959,"[-1, -1, 2, 2, 2, 2, 2, 2, 2, 2, 1, -2, -2, 1, 1, 2, -1, 2, 2, -1, -1, -1, -2, -2]"
953,dfs_bnb_mpi,3.26933,-7,8,771748,"[-1, -1, -1, 2, 1, 1, 2, 2, 2, 1, -2, -2, -2, 1, 2, 1, -2, -2, -1, -2, -1, -1, -1, -1]"
954,dfs_bnb_mpi,406.908,-7,8,124411073,"[-1, -1, 2, -1, -2, -2, 1, 1, 1, 1, 2, 2, 1, -2, -2, -2, -1, -1, -1, -2, -1, -1, 2, 1]"
955,dfs_bnb_mpi,22.655,-6,7,6955277,"[-1, -1, 2, 2, 2, 1, 2, 1, -2, -2, -1, -2, 1, 1, 2, 1, 1, 2, -1, -1, 2, 1, 2, 2]"
956,dfs_bnb_mpi,0.134168,-7,8,37864,"[-1, -1, -1, 2, -1, -1, -2, 1, -2, 1, -2, 1, 2, 1, 1, 1, -2, -1, -1, -2, 1, 1, 1, 2]"
957,dfs_bnb_mpi,33.9116,-7,8,10111446,"[-1, -1, 2, 2, 2, 2, 2, 2, 2, 1, 1, 2, 1, -2, 1, -2, -1, -2, -1, 2, -1, -2, -2, 1]"
958,dfs_bnb_mpi,3.34813,-6,7,912511,"[-1, -1, 2, 2, 2, 2, 2, 2, 1, -2, -2, -2, -2, -2, 1, 2, 1, 1, 2, -1, -1, 2, 2, 2]"
959,dfs_bnb_mpi,295.758,-7,8,91794970,"[-1, -1, 2, 2, 2, 1, 1, 2, 1, 2, 1, -2, -2, -1, -2, 1, 1, -2, -1, -1, -1, 2, -1, -2]"
960,dfs_bnb_mpi,29.3218,-6,7,9035116,"[-1, -1, 2, 1, 2, 1, -2, 1, 2, 2, 1, -2, 1, 2, 1, -2, -2, -1, -1, -2, -1, -2, 1, 1]"
961,dfs_bnb_mpi,65.2622,-4,5,17591980,"[-1, -1, 2, 2, 2, 2, 2, 2, 2, 2, 2, 1, 2, 2, -1, -2, -1, -2, -2, -1, -2, 1, -2, -1]"
962,dfs_bnb_mpi,4.77112,-6,7,1438894,"[-1, -2, 1, 1, 2, 1, -2, 1, 2, 2, 1, -2, -2, -2, -1, -1, -1, -1, -1, -1, 2, 2, 2, 2]"
963,dfs_bnb_mpi,0.270614,-8,8,77653,"[-1, -2, -1, -2, 1, 1, 2, 1, 1, 2, -1, 2, -1, -1, -1, 2, 1, 2, 2, 1, -2, -2, 1, 2]"
964,dfs_bnb_mpi,69.8346,-7,8,18232907,"[-1, -2, 1, 1, 2, 1, 2, 2, 2, 2, 2, -1, -1, -2, -2, -2, 1, -2, -1, -1, 2, 2, 2, 2]"
965,dfs_bnb_mpi,0.545498,-6,7,141336,"[-1, -1, 2, 2, 2, -1, 2, -1, -2, -1, -2, -2, 1, 2, 1, -2, -2, -2, -1, 2, -1, -1, 2, 2]"
966,dfs_bnb_mpi,836.833,-7,8,253101293,"[-1, -1, 2, 2, -1, 2, -1, -2, -2, -1, 2, 2, 2, -1, -2, -2, -1, -2, 1, -2, 1, 1, 1, 2]"
967,dfs_bnb_mpi,1299.38,-6,7,302888866,"[-1, -2, 1, 1, 2, 1, -2, -2, -1, -1, -1, -2, 1, -2, -1, -1, 2, 2, -1, 2, 1, 2, 2, 1]"
968,dfs_bnb_mpi,24.3568,-6,7,6383913,"[-1, -1, 2, 2, 2, 1, 1, 1, -2, 1, 1, -2, -2, -2, -1, -1, 2, 1, 2, -1, -1, 2, -1, -2]"
969,dfs_bnb_mpi,0.039027,-6,7,10928,"[-1, -1, 2, 1, 1, 2, -1, -1, 2, 2, -1, -1, -2, 1, -2, -1, -1, 2, 2, 2, 2, 2, 2, 2]"
970,dfs_bnb_mpi,2.69212,-6,6,691366,"[-1, -1, 2, 2, 2, 2, 2, 2, 1, 1, -2, -1, -2, -2, 1, 2, 1, 1, 1, 2, -1, -1, 2, 2]"
971,dfs_bnb_mpi,0.67406,-6,7,203127,"[-1, -1, 2, 2, 1, 2, -1, -1, -2, -1, -1, -1, -2, 1, -2, -2, 1, 2, 2, 1, -2, -2, 1, 1]"
972,dfs_bnb_mpi,0.362359,-7,8,106097,"[-1, -1, 2, 2, -1, -1, -2, 1, -2, -1, -1, -2, -1, -2, 1, -2, 1, 2, 2, 1, 1, 1, 1, 1]"
973,dfs_bnb_mpi,23.2344,-6,7,5278408,"[-1, -1, 2, 2, 2, 2, 1, 1, 2, -1, -1, 2, -1, -1, -2, 1, -2, -1, -2, 1, -2, -1, -1, 2]"
974,dfs_bnb_mpi,1.3966,-6,7,408218,"[-1, -1, 2, -1, 2, -1, -2, -1, -2, -1, -2, 1, -2, 1, 2, 2, 1, -2, 1, 1, 1, 1, 2, 2]"
975,dfs_bnb_mpi,1.1422,-7,8,335928,"[-1, -1, -1, -1, 2, 2, 2, 1, -2, -2, 1, 2, 1, -2, 1, 1, -2, -2, -1, -1, -2, -1, 2, -1]"
976,dfs_bnb_mpi,0.446659,-7,7,104924,"[-1, -1, 2, 2, 2, 1, 2, 1, 1, -2, -1, -2, -1, -2, 1, 1, 2, 1, -2, -2, -1, -2, 1, 1]"
977,dfs_bnb_mpi,0.197105,-6,7,58639,"[-1, -1, 2, 2, 2, 2, 1, -2, 1, 2, 1, 2, -1, 2, -1, -2, -1, -1, -2, -2, -1, 2, 2, 2]"
978,dfs_bnb_mpi,22.4177,-5,6,5388415,"[-1, -1, 2, 2, 2, 2, 2, 2, 2, 1, 2, 2, -1, -2, -1, -2, -2, -1, -1, -2, 1, 1, -2, -1]"
979,dfs_bnb_mpi,1.5091,-6,7,454805,"[-1, -1, 2, 2, 2, 2, 1, 2, 2, 1, -2, -2, 1, 2, 1, -2, -2, -2, -1, 2, -1, -1, -2, 1]"
980,dfs_bnb_mpi,0.476154,-6,6,133979,"[-1, -1, 2, 2, -1, -2, -1, -1, 2, -1, -2, -2, 1, 1, 1, -2, -2, 1, 2, 1, 1, 1, 2, 2]"
981,dfs_bnb_mpi,421.715,-6,7,122585085,"[-1, -1, 2, 2, 2, 2, 2, 2, 2, 1, -2, -2, 1, 1, -2, -1, -1, -2, -2, -2, 1, 2, 2, 1]"
982,dfs_bnb_mpi,97.2954,-7,8,28615298,"[-1, -1, 2, 2, 2, 1, 2, 1, 2, 1, 1, 2, -1, 2, 2, -1, -2, -2, -1, -2, -1, -2, -1, -2]"
983,dfs_bnb_mpi,0.02263,-6,6,6133,"[-1, -1, 2, 2, -1, -1, -1, -2, 1, 1, -2, -1, -2, 1, -2, -1, -1, 2, 2, -1, 2, 2, 2, 2]"
984,dfs_bnb_mpi,1.03187,-7,8,291958,"[-1, -1, 2, 1, 1, 2, 2, 1, 1, -2, -1, -2, 1, 1, 1, -2, -1, -2, -1, 2, -1, -2, -1, -1]"
985,dfs_bnb_mpi,148.476,-6,7,44618328,"[-1, -1, 2, 2, 2, 1, -2, -2, 1, 2, 2, 2, 2, 1, -2, -2, 1, 1, -2, -2, -1, -1, 2, 1]"
986,dfs_bnb_mpi,1.44216,-6,7,457386,"[-1, -1, 2, 2, 1, -2, 1, 2, 1, -2, -2, 1, 2, 1, -2, -2, -1, -1, -1, -1, -1, -1, 2, 2]"
987,dfs_bnb_mpi,10.8457,-6,7,2656720,"[-1, -1, 2, 2, 2, 2, 2, 2, 2, 2, 2, 1, -2, -2, -2, -2, 1, 2, 1, 2, -1, 2, 2, 2]"
988,dfs_bnb_mpi,33.4212,-6,7,7820521,"[-1, -1, 2, 2, 1, 2, -1, 2, 2, 2, 2, -1, -2, -2, -2, -2, -2, -1, -2, -1, 2, 2, 1, 2]"
989,dfs_bnb_mpi,125.757,-6,7,34791948,"[-1, -1, 2, 1, 1, 1, -2, -2, -1, -1, -1, -2, -1, 2, -1, -2, -2, 1, -2, 1, 2, 1, 2, 1]"
990,dfs_bnb_mpi,17.5358,-7,8,5096210,"[-1, -1, 2, 2, 2, 2, 2, 1, 2, -1, 2, -1, -2, -1, -1, -2, 1, 1, -2, -2, -1, 2, -1, -1]"
991,dfs_bnb_mpi,6.90337,-4,5,2054670,"[-1, -1, 2, 2, 2, 2, 2, 1, 2, 2, -1, -2, -1, 2, 2, -1, -2, -2, -1, -2, 1, 1, -2, -1]"
992,dfs_bnb_mpi,3.31871,-6,7,914437,"[-1, -1, 2, 2, 2, 2, -1, -1, -1, -1, -2, -2, 1, 2, 1, 1, -2, -2, -2, -1, -1, 2, 1, 2]"
993,dfs_bnb_mpi,0.115826,-5,6,34218,"[-1, -1, 2, 2, 1, -2, 1, 2, 2, 1, -2, -2, -2, 1, -2, -1, -1, -1, -1, -1, 2, 2, 2, 2]"
994,dfs_bnb_mpi,18.8238,-6,7,5429290,"[-1, -1, 2, 2, 2, 2, 2, 1, -2, -2, 1, 2, 1, -2, 1, -2, -1, -1, -1, -2, 1, 1, 1, 1]"
995,dfs_bnb_mpi,15.2835,-7,7,4671705,"[-1, -1, 2, 2, 1, -2, 1, 2, 1, -2, -2, 1, 2, 1, -2, -2, -1, -1, -1, -2, -1, -1, 2, 1]"
996,dfs_bnb_mpi,195.495,-7,8,49889949,"[-1, -1, 2, 2, 2, 2, 1, 1, 2, 2, 2, 1, -2, -2, 1, -2, -1, -2, -1, -1, -2, -2, 1, 2]"
997,dfs_bnb_mpi,145.087,-5,6,35094247,"[-1, -1, 2, 2, 2, 2, 1, 1, 1, -2, 1, -2, 1, 1, -2, -1, -1, -1, 2, -1, -2, -1, 2, 2]"
998,dfs_bnb_mpi,0.911981,-6,7,260571,"[-1, -1, 2, 2, 2, 1, -2, 1, 1, 2, -1, 2, 1, 2, -1, -1, -2, -1, -1, -2, -2, -1, 2, 2]"
999,dfs_bnb_mpi,0.285559,-6,7,78840,"[-1, -1, 2, 2, 2, 2, 1, 2, 1, -2, -2, -1, -2, -2, 1, 2, 1, 2, 2, 2, 2, 2, 2, 2]"
