protein_id,algorithm,time,score,checked,placed,hash
0,dfs_bnb_mpi,1.74764,-5,6,540875,"[-1, -1, 2, 2, 2, 2, -1, -2, -2, -1, -2, 1, -2, -2, 1, 1, 1, -2, -1]"
1,dfs_bnb_mpi,1.38335,-5,5,393281,"[-1, -1, 2, 2, 2, 2, 2, 1, -2, -2, -2, -2, 1, 2, 2, 2, 1, -2, -2]"
2,dfs_bnb_mpi,1.8379,-5,6,474717,"[-1, -1, 2, 2, 2, 2, 1, 2, 2, 1, -2, 1, -2, -1, -2, -1, -2, 1, 1]"
3,dfs_bnb_mpi,0.546206,-6,7,152135,"[-1, -1, 2, 2, 2, 1, 2, -1, 2, 2, 2, -1, -2, -2, -1, -2, 1, -2, -1]"
4,dfs_bnb_mpi,0.020956,-6,7,5965,"[-1, -1, 2, 2, 1, -2, 1, 1, 1, -2, -1, -2, -1, -2, -1, 2, -1, -1, 2]"
5,dfs_bnb_mpi,1.20772,-6,7,287226,"[-1, -1, 2, 2, 2, -1, 2, -1, -2, -1, -2, 1, 1, -2, -1, -1, -2, 1, 1]"
6,dfs_bnb_mpi,0.510668,-4,5,147433,"[-1, -1, 2, 2, 2, 2, 1, 2, 2, -1, -2, -1, 2, -1, -2, -2, 1, -2, -1]"
7,dfs_bnb_mpi,0.993931,-6,7,281102,"[-1, -2, -1, 2, 2, 1, 1, 2, 2, -1, 2, 2, -1, -2, -2, -1, -2, 1, 1]"
8,dfs_bnb_mpi,0.172944,-5,6,54010,"[-1, -1, 2, 1, 2, -1, -1, -2, -2, -1, -1, -1, 2, 1, 2, 2, 1, -2, -2]"
9,dfs_bnb_mpi,0.024898,-6,7,6151,"[-1, -2, -2, -1, 2, -1, 2, 1, 2, 1, 2, -1, -1, -2, -1, 2, 2, 2, 2]"
10,dfs_bnb_mpi,0.812826,-5,6,250325,"[-1, -1, 2, 2, 2, -1, 2, 1, 1, -2, 1, 1, -2, -1, -1, -2, 1, 1, 1]"
11,dfs_bnb_mpi,1.33419,-5,6,367592,"[-1, -1, 2, 2, 2, 2, 1, -2, 1, 2, 1, 1, -2, -1, -2, -1, -1, -2, 1]"
12,dfs_bnb_mpi,2.02862,-6,7,603323,"[-1, -1, 2, 2, 1, -2, 1, 2, 1, -2, -2, -2, -2, -1, -2, -1, 2, 2, 1]"
13,dfs_bnb_mpi,5.9936,-5,6,1792898,"[-1, -1, 2, 2, 2, -1, -2, -2, -2, -1, -1, -2, 1, -2, 1, 2, 1, 1, 1]"
14,dfs_bnb_mpi,24.5893,-5,6,5924805,"[-1, -1, 2, 2, 2, 2, 2, 1, -2, 1, 2, 1, -2, -2, -2, -1, 2, -1, -2]"
15,dfs_bnb_mpi,2.13815,-4,5,569709,"[-1, -1, 2, 2, 2, 1, 1, 1, 2, 2, -1, -2, -1, 2, -1, -2, -1, -2, -1]"
16,dfs_bnb_mpi,1.66677,-4,5,486787,"[-1, -1, 2, 2, 2, 2, 2, 1, -2, 1, 2, 1, -2, -2, -2, -1, 2, -1, -2]"
17,dfs_bnb_mpi,0.098484,-6,7,29464,"[-1, -1, -1, 2, -1, -2, -2, -1, -2, 1, 1, 2, 1, 1, 1, 1, -2, -1, -1]"
18,dfs_bnb_mpi,2.19289,-5,6,672317,"[-1, -1, 2, 2, 2, 2, 1, -2, -2, -2, 1, 1, 1, 2, -1, -1, 2, 1, 2]"
19,dfs_bnb_mpi,1.21169,-6,7,315261,"[-1, -1, 2, 2, 1, 2, -1, 2, 2, -1, -2, -2, -2, -2, -1, -2, 1, -2, 1]"
20,dfs_bnb_mpi,3.30073,-5,6,803051,"[-1, -1, 2, 2, 2, 1, 1, 1, 2, 1, -2, 1, -2, -1, -1, -1, -2, 1, 1]"
21,dfs_bnb_mpi,0.068877,-4,5,20954,"[-1, -1, 2, 2, 1, -2, 1, 1, 2, -1, 2, -1, -1, -1, -2, -2, -1, 2, 2]"
22,dfs_bnb_mpi,0.115274,-6,7,31354,"[-1, -1, 2, 2, -1, -2, -1, -1, -2, 1, 1, -2, 1, 1, -2, -2, -1, 2, -1]"
23,dfs_bnb_mpi,6.26091,-6,7,1944852,"[-1, -1, 2, -1, -1, 2, 1, 1, 2, 1, 2, 2, 1, -2, -2, -2, -2, -1, 2]"
24,dfs_bnb_mpi,0.343447,-6,7,100342,"[-1, -2, 1, 1, 1, -2, -1, -1, -1, -1, 2, 2, -1, 2, -1, -2, -2, 1, -2]"
25,dfs_bnb_mpi,0.384891,-7,8,117240,"[-1, -1, 2, 1, 1, 2, 1, -2, 1, -2, 1, 1, -2, -1, -2, -1, 2, -1, 2]"
26,dfs_bnb_mpi,0.13931,-6,6,39626,"[-1, -1, 2, 2, 2, 1, -2, -2, 1, 2, 2, 2, 1, -2, 1, 1, -2, -1, -1]"
27,dfs_bnb_mpi,0.056022,-4,5,16319,"[-1, -1, 2, 2, 1, -2, 1, 2, 2, 1, -2, -2, -2, -2, -1, -1, -1, -1, 2]"
28,dfs_bnb_mpi,0.04514,-6,6,13855,"[-1, -2, 1, 1, -2, -1, -1, -1, -2, 1, 1, 1, 1, 2, 2, 2, -1, 2, 2]"
29,dfs_bnb_mpi,0.019603,-6,7,5346,"[-1, -1, 2, 1, 1, 2, 1, -2, -2, -2, -2, -1, 2, -1, -1, -1, 2, 2, 2]"
30,dfs_bnb_mpi,1.01953,-6,7,302267,"[-1, -1, 2, -1, 2, -1, -1, -2, -2, -1, -2, 1, -2, 1, 2, 1, 2, -1, 2]"
31,dfs_bnb_mpi,0.150624,-6,7,39656,"[-1, -2, 1, 1, 1, 2, 1, -2, 1, -2, -1, -2, -1, 2, -1, -1, -1, -1, 2]"
32,dfs_bnb_mpi,0.443082,-4,5,129558,"[-1, -1, 2, -1, -2, -1, -1, -2, 1, 1, 1, 1, 1, 1, 2, 2, -1, -1, 2]"
33,dfs_bnb_mpi,0.429707,-5,6,122673,"[-1, -1, 2, 2, 1, 1, -2, 1, -2, 1, 1, -2, -1, -1, -1, -2, 1, 1, 1]"
34,dfs_bnb_mpi,0.274894,-7,8,87727,"[-1, -1, 2, 2, 1, -2, 1, 2, 1, -2, 1, -2, -1, -2, 1, -2, -1, -1, 2]"
35,dfs_bnb_mpi,0.084812,-5,6,24433,"[-1, -1, 2, 1, 1, 2, 2, 1, -2, -2, -2, 1, -2, -1, -2, -1, 2, -1, -1]"
36,dfs_bnb_mpi,0.109022,-5,6,32760,"[-1, -1, 2, 2, 1, 2, -1, 2, -1, -2, -1, -1, -2, 1, 1, -2, -1, -1, -1]"
37,dfs_bnb_mpi,5.0608,-4,5,1478881,"[-1, -1, 2, 2, 2, 2, 1, 2, -1, 2, 1, 2, 2, -1, -2, -1, -2, -2, -2]"
38,dfs_bnb_mpi,0.008047,-6,6,2452,"[-1, -1, 2, 2, 2, -1, -2, -1, -2, 1, -2, -2, 1, -2, 1, 2, 1, 1, 2]"
39,dfs_bnb_mpi,15.969,-5,6,4836011,"[-1, -1, 2, -1, -2, -2, 1, 1, 1, -2, -2, -1, -1, -1, -1, 2, 1, 1, 1]"
40,dfs_bnb_mpi,0.565451,-6,7,138816,"[-1, -1, 2, 2, 1, 2, 1, 2, 2, -1, -2, -1, -2, -1, 2, -1, -2, -2, 1]"
41,dfs_bnb_mpi,0.017486,-6,7,4520,"[-1, -1, 2, -1, -2, -1, -2, 1, 1, -2, -1, -2, 1, -2, -1, -1, 2, 2, -1]"
42,dfs_bnb_mpi,0.351133,-7,8,103861,"[-1, -1, 2, -1, 2, 2, 1, -2, 1, -2, 1, 2, 1, -2, 1, -2, -2, -1, 2]"
43,dfs_bnb_mpi,0.28262,-5,6,73855,"[-1, -1, 2, 2, 2, 2, 2, 1, 1, -2, -1, -2, -2, 1, 2, 1, 2, 2, 2]"
44,dfs_bnb_mpi,0.049223,-6,7,14001,"[-1, -1, 2, -1, 2, -1, 2, 2, -1, -2, -2, -1, -2, 1, 1, -2, 1, -2, 1]"
45,dfs_bnb_mpi,0.676077,-7,8,201290,"[-1, -1, 2, 1, 2, -1, -1, 2, 2, 1, -2, 1, 2, 1, -2, -2, 1, -2, -1]"
46,dfs_bnb_mpi,7.17382,-5,6,1773364,"[-1, -1, 2, 2, 2, 1, 2, 2, 1, -2, -2, 1, 1, -2, -1, -1, -2, -1, 2]"
47,dfs_bnb_mpi,0.15401,-5,5,46692,"[-1, -1, 2, -1, -1, -2, 1, -2, -1, -1, 2, 2, 2, 2, 2, 1, -2, -2, 1]"
48,dfs_bnb_mpi,0.080742,-5,6,25211,"[-1, -1, 2, -1, -2, -2, 1, 1, 1, 1, -2, -1, -1, -1, -1, -1, 2, 2, 2]"
49,dfs_bnb_mpi,18.7316,-5,6,5492703,"[-1, -1, 2, 2, 2, -1, -1, -2, -2, -1, 2, -1, -2, -2, 1, 1, 1, 2, 2]"
50,dfs_bnb_mpi,0.017475,-5,6,4958,"[-1, -1, 2, 1, 2, -1, -1, -2, -1, -2, 1, -2, 1, 1, 1, 1, 2, 2, 2]"
51,dfs_bnb_mpi,0.015984,-6,7,4618,"[-1, -1, 2, -1, -1, -2, 1, -2, -2, -1, 2, -1, 2, 2, -1, -2, -1, 2, 2]"
52,dfs_bnb_mpi,0.207556,-6,7,60652,"[-1, -1, -1, 2, 1, 1, 1, 2, 2, -1, -2, -1, -1, 2, 2, 2, 1, -2, -2]"
53,dfs_bnb_mpi,0.160966,-4,5,37057,"[-1, -1, 2, 2, 2, -1, -1, -1, -2, 1, 1, -2, -1, -2, 1, -2, 1, 1, 1]"
54,dfs_bnb_mpi,6.0562,-6,7,1758432,"[-1, -1, -1, 2, 1, 2, -1, 2, 1, 2, 1, -2, 1, -2, 1, -2, -1, -1, 2]"
55,dfs_bnb_mpi,0.026592,-6,7,7813,"[-1, -2, 1, -2, -1, -2, -1, 2, 2, 2, -1, 2, 1, 2, 1, -2, 1, 2, 2]"
56,dfs_bnb_mpi,0.283686,-5,6,82098,"[-1, -1, 2, 2, 2, 2, 2, 2, 2, 1, 2, -1, -1, -2, -1, -2, -2, 1, 2]"
57,dfs_bnb_mpi,0.017834,-5,6,5616,"[-1, -1, 2, 2, 1, -2, 1, 2, 2, 2, -1, -2, -1, -1, -2, -2, -1, 2, 2]"
58,dfs_bnb_mpi,5.43895,-5,6,1643836,"[-1, -1, 2, 1, 2, -1, -1, -1, -2, -2, 1, -2, 1, -2, -1, -1, 2, -1, 2]"
59,dfs_bnb_mpi,1.22224,-5,6,339865,"[-1, -1, -1, 2, 1, 1, 1, 2, 1, 2, 2, 2, -1, -2, -2, -1, -2, -1, 2]"
60,dfs_bnb_mpi,1.92182,-6,7,597768,"[-1, -1, 2, -1, 2, 1, 1, -2, 1, 2, 1, 2, 2, 2, -1, -1, -2, -2, 1]"
61,dfs_bnb_mpi,0.576328,-5,6,152151,"[-1, -1, 2, 2, 2, 2, 1, 1, -2, -2, -1, -2, 1, 1, 1, 2, -1, 2, 2]"
62,dfs_bnb_mpi,7.47044,-4,5,1819608,"[-1, -1, -1, 2, 2, 2, 2, 2, 1, -2, -2, 1, 1, -2, -1, -1, -2, 1, 1]"
63,dfs_bnb_mpi,0.36657,-6,7,110620,"[-1, -1, 2, -1, 2, -1, 2, 2, -1, -2, -1, -2, 1, -2, 1, -2, 1, -2, 1]"
64,dfs_bnb_mpi,0.037716,-4,5,11853,"[-1, -1, 2, 2, 2, 1, -2, 1, 2, 2, -1, -1, -1, -2, -2, -1, -2, 1, -2]"
65,dfs_bnb_mpi,6.18858,-6,6,1851892,"[-1, -1, 2, 2, -1, -2, -1, -1, -2, -2, -2, 1, 1, 1, 2, -1, 2, -1, -2]"
66,dfs_bnb_mpi,0.057527,-7,8,14551,"[-1, -2, -1, 2, 2, -1, 2, 1, 2, 1, -2, -2, 1, 2, 1, 2, -1, 2, 2]"
67,dfs_bnb_mpi,10.9391,-6,7,3420226,"[-1, -2, -1, 2, 2, 2, 1, 1, -2, 1, 1, -2, -2, -2, -1, -1, 2, 1, 2]"
68,dfs_bnb_mpi,19.4521,-4,5,5719540,"[-1, -1, 2, 2, 2, 2, 2, 2, -1, -2, -2, -2, -2, -1, -1, -2, 1, 1, -2]"
69,dfs_bnb_mpi,8.50262,-5,6,2339422,"[-1, -2, -1, 2, 2, 2, 2, 1, 1, 1, -2, -2, -2, 1, -2, -1, -2, -1, 2]"
70,dfs_bnb_mpi,0.027809,-6,7,8376,"[-1, -2, -1, 2, 2, 1, 2, 1, -2, 1, -2, -2, -1, -2, -2, -1, 2, -1, -1]"
71,dfs_bnb_mpi,0.291818,-5,6,92167,"[-1, -1, 2, 2, 2, 2, 1, 2, -1, 2, 1, 1, -2, -2, 1, -2, -1, -1, -2]"
72,dfs_bnb_mpi,8.65171,-5,6,2645109,"[-1, -1, 2, 2, 2, 2, 2, 1, -2, -2, 1, 2, 1, -2, -2, -1, -2, -1, 2]"
73,dfs_bnb_mpi,1.1589,-4,5,343408,"[-1, -1, 2, 2, 1, 2, 1, 2, 2, 2, -1, -2, -2, -1, -2, -1, -1, -2, 1]"
74,dfs_bnb_mpi,0.106591,-5,6,26842,"[-1, -2, 1, 1, 2, 2, 2, -1, -2, -1, 2, -1, -2, -2, -1, 2, 2, 2, 2]"
75,dfs_bnb_mpi,0.159082,-6,7,45451,"[-1, -1, 2, -1, 2, 2, -1, -2, -1, -2, 1, -2, 1, -2, 1, 1, 1, 1, 2]"
76,dfs_bnb_mpi,2.17082,-7,8,656745,"[-1, -2, 1, 1, -2, -2, 1, 2, 2, 1, 2, 1, 2, -1, 2, -1, -2, -2, -1]"
77,dfs_bnb_mpi,0.03624,-6,7,10525,"[-1, -1, 2, 1, 1, 1, 2, -1, -1, 2, -1, -2, -1, -2, -1, -2, 1, -2, 1]"
78,dfs_bnb_mpi,14.332,-5,6,4427553,"[-1, -1, 2, 2, 2, 2, 1, 2, 1, -2, 1, 2, 1, -2, -2, -1, -1, -1, -2]"
79,dfs_bnb_mpi,0.337684,-7,8,105648,"[-1, -2, 1, 1, -2, -1, -2, 1, 1, 2, 1, 2, -1, 2, 2, 2, -1, -2, -2]"
80,dfs_bnb_mpi,0.118684,-6,7,31096,"[-1, -1, 2, 2, 1, -2, 1, 2, 1, -2, 1, 1, -2, -1, -2, -2, -1, 2, 2]"
81,dfs_bnb_mpi,3.4333,-6,7,887909,"[-1, -1, 2, 2, 2, -1, -2, -2, -2, -1, -1, -2, 1, 1, 1, -2, 1, 2, 1]"
82,dfs_bnb_mpi,0.079845,-7,8,23740,"[-1, -2, -1, -1, -1, 2, 1, 1, 2, 1, 2, 1, -2, 1, -2, -2, -1, -2, 1]"
83,dfs_bnb_mpi,0.790119,-7,8,234443,"[-1, -2, 1, 1, -2, 1, 1, 2, -1, 2, 1, 1, 2, -1, 2, -1, -2, -1, -2]"
84,dfs_bnb_mpi,0.388357,-5,6,96626,"[-1, -1, 2, 2, 2, 1, 1, 2, 1, -2, -2, -1, -1, -2, 1, 1, -2, 1, 2]"
85,dfs_bnb_mpi,0.412962,-7,8,128890,"[-1, -1, 2, 1, 2, 1, 2, 2, 2, 1, -2, -2, 1, 1, -2, -1, -1, -2, -1]"
86,dfs_bnb_mpi,0.116282,-7,8,35316,"[-1, -2, 1, 1, 1, 1, 2, 2, -1, -2, -1, 2, -1, 2, -1, -2, -1, -2, -1]"
87,dfs_bnb_mpi,0.194139,-4,5,52758,"[-1, -1, 2, 2, 2, -1, -2, -2, -2, -2, -1, 2, 2, 2, 2, 2, 2, 2, 2]"
88,dfs_bnb_mpi,0.890145,-5,6,228155,"[-1, -1, 2, 2, 2, 2, 1, 1, -2, -1, -2, 1, 1, 2, 1, 2, 2, -1, -2]"
89,dfs_bnb_mpi,1.06224,-5,6,259976,"[-1, -1, 2, -1, -2, -2, -2, -1, -2, 1, 1, 1, 2, -1, 2, 1, 1, 1, 2]"
90,dfs_bnb_mpi,0.019621,-6,7,6020,"[-1, -1, 2, -1, -2, -2, -1, 2, 2, -1, 2, 1, 1, 2, 2, 1, -2, -2, 1]"
91,dfs_bnb_mpi,0.298201,-4,5,91524,"[-1, -1, 2, 1, 2, 2, -1, -2, -1, -2, -1, 2, 2, 1, 2, 1, 2, 2, 2]"
92,dfs_bnb_mpi,2.59635,-5,6,792719,"[-1, -1, 2, 2, 2, 2, -1, -2, -2, -2, -1, 2, -1, -2, -2, -2, 1, 2, 1]"
93,dfs_bnb_mpi,1.37193,-6,7,347086,"[-1, -1, 2, -1, -2, -1, -2, -1, -1, -2, 1, 1, 1, 2, 1, 1, -2, -1, -2]"
94,dfs_bnb_mpi,6.82438,-6,7,1920200,"[-1, -1, 2, 1, 1, 2, 1, 2, 2, -1, -2, -1, 2, -1, -2, -1, -2, 1, 1]"
95,dfs_bnb_mpi,0.922681,-6,7,253357,"[-1, -1, 2, 1, 1, 2, 2, 1, -2, -2, 1, -2, -1, -2, -1, -1, -2, 1, 1]"
96,dfs_bnb_mpi,2.64447,-7,8,767147,"[-1, -1, 2, -1, -1, -2, -2, -2, 1, 1, -2, 1, 2, 1, 2, -1, -1, -1, 2]"
97,dfs_bnb_mpi,5.75106,-6,7,1676743,"[-1, -2, 1, 1, 2, 2, -1, -1, -1, -2, -2, -1, -2, 1, -2, 1, 1, 2, -1]"
98,dfs_bnb_mpi,0.655475,-6,7,202727,"[-1, -1, -1, 2, 1, 2, 2, 1, -2, -2, 1, 1, -2, 1, 1, -2, -1, -1, -1]"
99,dfs_bnb_mpi,0.346925,-6,6,104045,"[-1, -1, -1, 2, 1, 2, 1, -2, 1, 1, -2, -2, -1, -1, -1, -1, -1, 2, 2]"
100,dfs_bnb_mpi,0.174795,-6,7,42815,"[-1, -1, 2, 2, -1, -2, -1, -1, -2, -2, 1, 2, 1, -2, -2, 1, 2, 1, 1]"
101,dfs_bnb_mpi,6.74104,-5,6,2003726,"[-1, -1, 2, 2, 2, 2, 2, -1, -2, -2, -2, -1, -1, -2, 1, 1, -2, -2, 1]"
102,dfs_bnb_mpi,0.4554,-5,6,128308,"[-1, -1, 2, 2, -1, 2, 1, 2, -1, -1, -2, -2, -1, -2, 1, 1, -2, -1, -1]"
103,dfs_bnb_mpi,1.49175,-6,7,461317,"[-1, -1, 2, 2, 1, -2, 1, 2, 2, 2, 1, -2, -2, -2, 1, -2, -1, -2, -1]"
104,dfs_bnb_mpi,8.72516,-6,7,2184889,"[-1, -1, 2, 2, 2, -1, 2, 1, 2, 1, -2, 1, 1, -2, -1, -1, -2, 1, -2]"
105,dfs_bnb_mpi,0.46224,-5,6,142694,"[-1, -1, 2, 1, 1, 1, -2, -2, -1, -1, -1, -1, 2, -1, 2, 1, 2, 1, 2]"
106,dfs_bnb_mpi,0.127581,-7,8,37933,"[-1, -2, 1, 1, -2, -1, -2, 1, 1, 2, 2, 1, 2, 2, -1, -2, -1, 2, 2]"
107,dfs_bnb_mpi,7.4214,-5,6,2104974,"[-1, -2, 1, 1, 2, 2, 2, 2, 1, -2, -2, -2, -2, 1, -2, -1, -1, -1, -1]"
108,dfs_bnb_mpi,0.647591,-5,6,199755,"[-1, -1, 2, 2, 1, 2, -1, 2, -1, -2, -2, -1, -1, -2, -2, 1, 1, 2, -1]"
109,dfs_bnb_mpi,0.299537,-6,7,89884,"[-1, -1, 2, -1, 2, -1, -2, -1, -2, -1, -2, 1, -2, 1, 1, 2, 2, -1, -2]"
110,dfs_bnb_mpi,2.58028,-4,5,757481,"[-1, -1, 2, 2, 2, 2, -1, -2, -1, 2, -1, -2, -2, 1, 1, -2, -2, -1, 2]"
111,dfs_bnb_mpi,0.007933,-6,7,1983,"[-1, -1, 2, -1, 2, -1, 2, -1, -1, -2, 1, -2, 1, -2, 1, -2, 1, 1, 1]"
112,dfs_bnb_mpi,2.47134,-6,7,716704,"[-1, -1, 2, 2, 2, 2, 1, 1, -2, 1, -2, -1, -1, -2, 1, 1, 1, -2, -1]"
113,dfs_bnb_mpi,0.4419,-6,7,138573,"[-1, -2, -2, 1, 2, 1, 2, 1, 2, 2, -1, -2, -1, 2, -1, -2, -1, -2, -1]"
114,dfs_bnb_mpi,0.182926,-5,6,42775,"[-1, -2, 1, 1, 1, 1, 2, 2, -1, -2, -1, 2, 2, -1, -2, -1, 2, 2, 2]"
115,dfs_bnb_mpi,1.22933,-7,8,361791,"[-1, -1, 2, -1, -1, 2, 1, 1, 2, 1, 2, 1, -2, -2, 1, -2, -1, -1, 2]"
116,dfs_bnb_mpi,0.021756,-7,8,6490,"[-1, -1, 2, 1, 1, 1, -2, 1, 2, 1, 2, -1, 2, -1, -2, -1, 2, 2, 2]"
117,dfs_bnb_mpi,0.685218,-4,5,215427,"[-1, -1, 2, 2, 2, 1, 1, -2, -1, -2, 1, 1, 2, 2, 2, 2, -1, -1, -2]"
118,dfs_bnb_mpi,0.456763,-5,6,109142,"[-1, -1, 2, 2, 1, 2, -1, -1, 2, -1, -2, -2, 1, -2, -1, -1, 2, 2, 2]"
119,dfs_bnb_mpi,0.325492,-5,6,83979,"[-1, -1, 2, 2, 2, 1, 1, -2, 1, 2, 2, 1, -2, -2, -2, -1, -1, -1, 2]"
120,dfs_bnb_mpi,0.90957,-7,8,281941,"[-1, -1, 2, 1, 2, 1, -2, 1, -2, -2, -1, -1, -2, -2, -1, 2, 2, -1, 2]"
121,dfs_bnb_mpi,0.004751,-6,7,1358,"[-1, -1, 2, 2, 1, -2, 1, 2, 2, 1, 1, -2, -1, -2, 1, -2, -1, -2, 1]"
122,dfs_bnb_mpi,0.066505,-7,8,19415,"[-1, -1, 2, -1, -2, -1, -2, -1, 2, -1, -2, -2, 1, -2, 1, 2, 1, 2, 1]"
123,dfs_bnb_mpi,0.039536,-3,4,9672,"[-1, -1, 2, 2, 2, 2, 2, 2, 2, 1, 1, -2, 1, 1, -2, -1, -1, -1, 2]"
124,dfs_bnb_mpi,19.4796,-5,6,4705295,"[-1, -1, 2, 2, 2, 1, -2, -2, 1, 1, -2, -2, 1, -2, -1, -1, 2, -1, -2]"
125,dfs_bnb_mpi,0.680053,-4,5,204775,"[-1, -1, 2, 1, 2, 2, -1, -2, -1, -2, -1, 2, -1, -2, -2, 1, 1, -2, 1]"
126,dfs_bnb_mpi,0.853061,-5,5,264779,"[-1, -1, 2, -1, -2, -1, 2, -1, -2, -2, 1, 1, -2, 1, 1, 1, 2, -1, -1]"
127,dfs_bnb_mpi,0.765512,-6,7,190861,"[-1, -1, 2, 2, 1, 1, 2, -1, -1, 2, -1, -2, -2, -1, 2, 2, 2, 1, 2]"
128,dfs_bnb_mpi,4.49606,-7,8,1404651,"[-1, -2, 1, -2, -1, -1, -1, 2, -1, 2, 1, 2, 2, 1, 1, -2, -1, -2, -2]"
129,dfs_bnb_mpi,0.023911,-5,6,6860,"[-1, -2, 1, 1, 2, 2, 2, 2, -1, -2, -2, -1, 2, 2, 2, 2, 2, 2, 2]"
130,dfs_bnb_mpi,2.45527,-5,6,768165,"[-1, -1, 2, 2, 1, -2, 1, 2, 2, -1, -1, -1, -1, -2, -2, -2, 1, 2, 2]"
131,dfs_bnb_mpi,0.132349,-6,7,40376,"[-1, -1, 2, 2, -1, 2, 1, 2, 2, 1, -2, -2, 1, 1, -2, -1, -1, -2, 1]"
132,dfs_bnb_mpi,0.74015,-6,7,228771,"[-1, -1, 2, 1, 1, 2, 2, 1, -2, -2, 1, 2, 1, -2, -2, -1, -1, -2, -1]"
133,dfs_bnb_mpi,0.250322,-7,8,76389,"[-1, -1, 2, -1, -2, -1, -2, -1, -2, -1, -2, 1, -2, 1, 2, 2, 1, 2, 1]"
134,dfs_bnb_mpi,1.42583,-4,5,379343,"[-1, -1, 2, 2, 2, 2, 2, 2, 1, 2, 1, -2, -2, -1, -2, 1, 1, -2, -1]"
135,dfs_bnb_mpi,0.381601,-5,5,97556,"[-1, -1, 2, 1, 1, 1, -2, 1, 1, -2, -1, -1, -1, -1, -1, -2, 1, 1, 1]"
136,dfs_bnb_mpi,1.74353,-6,7,523813,"[-1, -1, 2, 1, 1, 2, -1, -1, 2, -1, 2, -1, -2, -1, -2, 1, 1, -2, -1]"
137,dfs_bnb_mpi,5.06554,-6,7,1540867,"[-1, -1, 2, -1, -1, 2, 1, 1, 2, 2, 1, 1, -2, -2, 1, -2, -1, -1, 2]"
138,dfs_bnb_mpi,3.3601,-4,5,889584,"[-1, -1, 2, 2, 2, 2, 2, 2, 1, -2, -2, 1, 1, -2, -1, -1, -2, 1, 1]"
139,dfs_bnb_mpi,0.262836,-4,5,84782,"[-1, -1, 2, 2, 2, 1, -2, -2, 1, 2, 2, 2, 2, 1, -2, -2, -2, -2, 1]"
140,dfs_bnb_mpi,6.11894,-6,7,1874155,"[-1, -1, 2, 2, -1, 2, -1, -2, -1, -2, -2, -1, -2, 1, 1, 2, 2, 1, -2]"
141,dfs_bnb_mpi,0.156187,-7,8,49038,"[-1, -2, -1, 2, 2, 2, 1, -2, 1, 1, -2, 1, -2, -1, -2, -2, -1, 2, 2]"
142,dfs_bnb_mpi,25.5984,-4,5,5863954,"[-1, -1, 2, 2, 2, 2, 2, 1, 2, 2, 2, 1, -2, -2, -2, -2, -1, -2, 1]"
143,dfs_bnb_mpi,0.433397,-2,3,133927,"[-1, -1, 2, 2, 2, 2, 2, 2, 2, 2, 2, 1, -2, 1, 1, -2, -1, -1, -2]"
144,dfs_bnb_mpi,3.44969,-7,8,1086506,"[-1, -2, -2, 1, 2, 1, 2, 1, 1, 2, -1, -1, 2, 2, 2, -1, -2, -2, -2]"
145,dfs_bnb_mpi,0.102176,-5,6,27665,"[-1, -1, 2, 2, 2, -1, -1, -2, 1, -2, -2, -2, -1, 2, 2, -1, 2, 2, 2]"
146,dfs_bnb_mpi,0.992629,-6,7,316419,"[-1, -1, 2, 1, 2, -1, -1, -2, -1, -1, -2, 1, -2, -2, 1, 1, 2, -1, 2]"
147,dfs_bnb_mpi,0.005495,-5,6,1673,"[-1, -2, 1, 1, 2, 2, 1, -2, 1, -2, -1, -2, 1, 1, 2, 2, 2, 2, 2]"
148,dfs_bnb_mpi,1.12149,-6,7,303654,"[-1, -1, 2, 1, 2, -1, -1, 2, -1, -2, -1, -2, -1, -2, 1, 1, 2, 1, -2]"
149,dfs_bnb_mpi,0.116586,-7,8,33521,"[-1, -2, -1, 2, -1, -1, 2, 1, 1, 1, 2, -1, 2, -1, 2, -1, -2, -2, 1]"
150,dfs_bnb_mpi,0.050704,-6,7,16183,"[-1, -2, 1, 1, 2, 1, -2, 1, -2, -1, -1, -2, 1, -2, -1, -1, 2, 2, -1]"
151,dfs_bnb_mpi,0.336447,-6,7,104681,"[-1, -1, 2, 2, 2, 2, -1, -2, -2, -2, -2, -1, 2, 2, -1, 2, 2, 1, -2]"
152,dfs_bnb_mpi,2.9567,-5,6,785285,"[-1, -1, 2, 2, 2, 2, 2, 2, 1, 2, 2, 1, 1, -2, -1, -2, -2, -1, -2]"
153,dfs_bnb_mpi,0.223346,-6,7,65407,"[-1, -2, 1, 1, -2, -1, -1, -2, -1, 2, -1, 2, 1, 2, 2, 1, 2, 2, 2]"
154,dfs_bnb_mpi,0.495026,-5,6,115236,"[-1, -1, 2, 2, 2, 2, -1, -2, -1, -2, 1, -2, -2, -1, 2, -1, 2, 2, 2]"
155,dfs_bnb_mpi,0.884162,-6,7,274406,"[-1, -2, 1, 1, 2, 2, -1, 2, -1, -2, -1, 2, -1, 2, 1, 1, 2, 1, -2]"
156,dfs_bnb_mpi,0.073482,-6,7,22079,"[-1, -1, 2, -1, -2, -2, 1, 1, 1, -2, -1, -2, -2, -1, 2, 2, -1, -1, 2]"
157,dfs_bnb_mpi,0.048942,-6,7,14763,"[-1, -1, 2, 1, 1, 2, 1, -2, 1, -2, -1, -2, -2, -1, 2, -1, -1, -1, 2]"
158,dfs_bnb_mpi,0.213346,-5,6,54446,"[-1, -1, 2, 2, 2, 2, 1, 1, 1, -2, -1, -1, -2, 1, -2, 1, 2, 1, 2]"
159,dfs_bnb_mpi,0.124237,-6,7,37621,"[-1, -1, 2, -1, -1, -2, 1, -2, 1, -2, -1, -1, 2, -1, 2, -1, 2, 1, 2]"
160,dfs_bnb_mpi,0.002312,-5,6,616,"[-1, -2, 1, 1, -2, -1, -1, -1, 2, 2, 2, 2, 2, 2, 2, 2, 2, 2, 2]"
161,dfs_bnb_mpi,1.00592,-4,5,280708,"[-1, -1, 2, 2, 1, -2, 1, 2, 2, 2, 1, 2, 2, -1, -2, -1, -2, -1, 2]"
162,dfs_bnb_mpi,0.10302,-6,7,31833,"[-1, -1, 2, 2, -1, -2, -1, -2, 1, -2, -1, -1, 2, -1, 2, 1, 2, 1, 2]"
163,dfs_bnb_mpi,0.072911,-4,5,19700,"[-1, -1, 2, 1, 2, -1, 2, 2, -1, -2, -2, -1, -1, -2, 1, 1, -2, -1, -1]"
164,dfs_bnb_mpi,0.101307,-5,6,27341,"[-1, -1, 2, 2, 2, 1, 2, 2, -1, -2, -1, -1, -2, 1, -2, -1, -1, 2, 2]"
165,dfs_bnb_mpi,0.0075,-5,6,2102,"[-1, -1, 2, 1, 2, 1, -2, 1, 2, 2, -1, 2, 2, 2, 2, 2, 2, 2, 2]"
166,dfs_bnb_mpi,0.880893,-5,6,268208,"[-1, -1, 2, 2, 1, -2, 1, 2, 2, -1, -1, -1, -2, -2, -1, -2, 1, -2, 1]"
167,dfs_bnb_mpi,0.018306,-7,8,5503,"[-1, -2, 1, 1, 2, 2, -1, 2, -1, -2, -1, 2, -1, -2, -1, -2, 1, 1, -2]"
168,dfs_bnb_mpi,0.745579,-7,8,221121,"[-1, -2, -1, -2, -1, 2, -1, 2, -1, 2, 2, 1, -2, 1, -2, 1, 2, 1, 2]"
169,dfs_bnb_mpi,0.07217,-6,7,18475,"[-1, -1, 2, -1, 2, 2, 2, 1, -2, -2, 1, -2, 1, 1, 1, 2, -1, -1, 2]"
170,dfs_bnb_mpi,0.495361,-7,8,154524,"[-1, -1, 2, -1, -2, -1, -2, 1, 1, -2, 1, 1, -2, -1, -2, -1, 2, -1, 2]"
171,dfs_bnb_mpi,0.35604,-6,6,99483,"[-1, -1, 2, 2, 2, 1, 1, 1, 1, -2, -1, -1, -2, 1, 1, -2, -1, -2, 1]"
172,dfs_bnb_mpi,0.860172,-6,7,266599,"[-1, -2, -1, -2, -1, 2, 2, 1, 2, 1, 1, 1, 2, -1, 2, -1, -2, -1, 2]"
173,dfs_bnb_mpi,2.54775,-7,8,786523,"[-1, -2, -2, 1, 2, 1, 2, 1, 2, -1, -1, 2, -1, -2, -1, -1, -2, 1, -2]"
174,dfs_bnb_mpi,1.40446,-6,7,442439,"[-1, -1, 2, 2, 1, -2, 1, 1, 2, 2, 2, 1, -2, -2, 1, -2, -1, -2, -1]"
175,dfs_bnb_mpi,0.013419,-6,7,4043,"[-1, -1, 2, 2, 1, 2, -1, 2, 2, -1, -1, -2, 1, -2, -1, -2, 1, -2, -1]"
176,dfs_bnb_mpi,1.66903,-6,7,508772,"[-1, -2, 1, 1, 2, 2, -1, -1, 2, 2, -1, 2, 2, 1, -2, 1, -2, -2, 1]"
177,dfs_bnb_mpi,0.126299,-5,6,37908,"[-1, -1, 2, 2, 2, 2, -1, -2, -2, -1, -2, 1, -2, -1, -1, -2, 1, 1, 1]"
178,dfs_bnb_mpi,0.111819,-5,6,34667,"[-1, -1, 2, 2, 1, -2, 1, 2, 1, 1, 2, -1, -1, 2, -1, -2, -1, 2, 2]"
179,dfs_bnb_mpi,0.069498,-5,6,19059,"[-1, -1, 2, 2, 2, 1, 2, 1, 2, 1, -2, -2, -1, -2, -1, -2, 1, 1, 2]"
180,dfs_bnb_mpi,0.124345,-6,7,37612,"[-1, -1, 2, -1, 2, 1, 2, 2, 1, -2, 1, -2, -1, -2, 1, 1, 2, 2, 2]"
181,dfs_bnb_mpi,0.416884,-4,5,127479,"[-1, -1, 2, 2, 2, 2, 1, -2, -2, 1, -2, 1, 1, 2, -1, 2, -1, 2, 2]"
182,dfs_bnb_mpi,0.1704,-7,8,48202,"[-1, -2, -1, 2, -1, 2, 2, 2, 2, 1, -2, -2, -2, 1, 1, 2, -1, 2, 2]"
183,dfs_bnb_mpi,1.05461,-4,5,311085,"[-1, -1, 2, 2, 2, 2, 2, 1, 2, 1, -2, 1, 1, -2, -1, -1, -1, -2, 1]"
184,dfs_bnb_mpi,3.63245,-6,6,1124025,"[-1, -1, 2, 2, -1, -1, -2, 1, -2, -1, -1, -1, -2, 1, 1, -2, 1, 2, 1]"
185,dfs_bnb_mpi,0.026266,-4,5,8107,"[-1, -1, 2, 2, 2, 2, 2, 1, 2, 2, -1, -2, -1, -2, -1, -2, 1, -2, -1]"
186,dfs_bnb_mpi,3.97405,-6,7,1228423,"[-1, -1, 2, 1, 2, 1, -2, 1, 2, 2, 2, 1, -2, -2, -2, 1, -2, -1, -1]"
187,dfs_bnb_mpi,0.583986,-6,7,157401,"[-1, -1, 2, -1, 2, -1, 2, 2, -1, -2, -2, -2, 1, -2, -1, -2, 1, 1, 2]"
188,dfs_bnb_mpi,0.069696,-5,6,21551,"[-1, -1, 2, 1, 2, 1, 1, -2, -2, -2, -2, -1, 2, -1, -1, -1, 2, 2, 2]"
189,dfs_bnb_mpi,7.89739,-7,8,2244441,"[-1, -1, 2, -1, 2, -1, -2, -1, -2, 1, -2, -1, -2, 1, 1, 1, 2, -1, 2]"
190,dfs_bnb_mpi,10.477,-5,6,2720588,"[-1, -1, 2, 2, 2, 2, 2, 2, 1, 1, 2, 1, -2, -2, -2, -1, 2, -1, -2]"
191,dfs_bnb_mpi,0.958693,-5,6,293077,"[-1, -1, 2, 2, 2, 2, 1, -2, 1, 2, 1, 2, -1, -1, 2, -1, -2, -1, 2]"
192,dfs_bnb_mpi,0.015388,-5,6,3959,"[-1, -1, 2, -1, 2, -1, -1, -2, 1, -2, 1, -2, -1, -1, 2, -1, 2, 2, 2]"
193,dfs_bnb_mpi,0.894329,-5,6,277127,"[-1, -1, 2, 1, 2, -1, -1, 2, -1, -2, -1, -2, -2, 1, 2, 1, -2, -2, 1]"
194,dfs_bnb_mpi,0.056563,-6,7,16534,"[-1, -2, -1, 2, 2, -1, -2, -2, -1, 2, -1, 2, 1, 2, 1, 1, 1, -2, 1]"
195,dfs_bnb_mpi,1.06323,-4,5,319656,"[-1, -1, 2, 2, 1, 2, -1, -1, 2, -1, -2, -1, -1, -2, 1, 1, 1, -2, -1]"
196,dfs_bnb_mpi,0.096064,-5,6,27295,"[-1, -2, -1, 2, 2, 1, 2, 1, -2, 1, -2, -2, -1, -2, 1, 1, 2, 2, 2]"
197,dfs_bnb_mpi,2.19718,-4,5,667877,"[-1, -1, 2, 2, 2, 2, 2, 1, 1, -2, -2, -2, 1, -2, -1, -1, 2, 2, 2]"
198,dfs_bnb_mpi,8.04967,-6,7,1912109,"[-1, -1, 2, 2, 2, 2, 1, -2, 1, 2, 1, 2, -1, 2, -1, -2, -1, -1, -2]"
199,dfs_bnb_mpi,0.12748,-7,8,36274,"[-1, -1, 2, 1, 2, -1, 2, 2, -1, -2, -1, -2, 1, -2, -2, -1, 2, -1, 2]"
200,dfs_bnb_mpi,2.76283,-6,7,787502,"[-1, -1, 2, 2, -1, 2, 1, 1, 2, 2, 1, -2, -2, -2, -1, -2, 1, 1, -2]"
201,dfs_bnb_mpi,0.252683,-6,7,74698,"[-1, -1, 2, 1, 2, -1, 2, 1, 2, 1, -2, 1, 1, -2, -2, -1, -1, 2, 1]"
202,dfs_bnb_mpi,5.77559,-6,7,1683315,"[-1, -1, -1, 2, 1, 2, 2, 1, 2, 2, 1, -2, -2, -2, 1, -2, -1, -1, 2]"
203,dfs_bnb_mpi,2.95924,-6,7,912207,"[-1, -1, 2, 2, 2, 2, 2, 1, 1, -2, 1, -2, -1, -2, -2, -1, 2, 2, 2]"
204,dfs_bnb_mpi,0.150196,-5,6,37640,"[-1, -1, 2, 2, 2, -1, -1, -1, -2, -2, 1, 2, 1, -2, -2, -1, -1, -1, 2]"
205,dfs_bnb_mpi,0.806149,-6,7,249988,"[-1, -1, 2, 1, 2, -1, 2, -1, 2, -1, 2, -1, -2, -2, 1, -2, 1, -2, -1]"
206,dfs_bnb_mpi,20.5051,-6,7,5526233,"[-1, -1, 2, 2, 2, 2, 2, 1, 2, -1, 2, -1, -1, -2, -1, -2, 1, 1, 2]"
207,dfs_bnb_mpi,0.066101,-5,6,20111,"[-1, -1, 2, 2, 2, -1, -1, -2, 1, -2, -1, -1, -2, 1, 1, -2, 1, 1, 1]"
208,dfs_bnb_mpi,0.531554,-4,5,123543,"[-1, -1, 2, 2, 2, 1, 1, 1, 1, -2, -1, -1, -1, -2, 1, 1, 1, 1, 2]"
209,dfs_bnb_mpi,0.876252,-5,5,259631,"[-1, -1, 2, 2, 2, 2, 1, -2, -2, -2, 1, 1, 2, -1, 2, 2, 1, -2, 1]"
210,dfs_bnb_mpi,0.028319,-6,6,8601,"[-1, -1, 2, 1, 2, 1, -2, 1, 1, -2, -1, -2, -1, -1, -1, -1, 2, 2, 2]"
211,dfs_bnb_mpi,0.747385,-5,6,238118,"[-1, -1, 2, 1, 2, -1, 2, 2, 1, -2, 1, 1, 1, -2, -2, -1, -1, 2, 1]"
212,dfs_bnb_mpi,0.965582,-5,6,301594,"[-1, -1, 2, -1, 2, -1, -2, -1, -1, -2, -2, 1, 1, -2, 1, 2, 2, -1, -1]"
213,dfs_bnb_mpi,1.18102,-5,6,278668,"[-1, -1, 2, 2, 2, 2, -1, -2, -2, -2, -2, -1, -2, 1, -2, 1, 2, 1, 1]"
214,dfs_bnb_mpi,6.86979,-6,7,2107531,"[-1, -1, -1, 2, -1, 2, 1, 1, 2, 2, 2, 1, -2, -2, -2, 1, -2, -1, -1]"
215,dfs_bnb_mpi,2.30159,-6,7,673118,"[-1, -1, 2, 2, 2, 1, 2, -1, 2, 2, -1, -2, -1, -2, -1, -2, 1, 1, 2]"
216,dfs_bnb_mpi,0.036417,-4,4,11189,"[-1, -1, 2, 2, 2, -1, -2, -2, -2, -1, 2, -1, -1, 2, 1, 1, 2, 2, 2]"
217,dfs_bnb_mpi,0.104055,-6,7,26620,"[-1, -2, 1, 1, 2, 1, -2, -2, -1, -2, -1, 2, -1, -1, -1, -2, 1, 1, -2]"
218,dfs_bnb_mpi,0.132395,-4,5,41673,"[-1, -1, 2, 1, 2, 1, 1, -2, -2, -2, -1, -1, -2, -2, -1, 2, 2, -1, 2]"
219,dfs_bnb_mpi,0.335892,-6,7,99211,"[-1, -2, 1, 1, 2, 2, -1, -1, 2, 1, 1, 2, 2, -1, 2, -1, -2, -2, 1]"
220,dfs_bnb_mpi,0.199367,-6,7,48630,"[-1, -2, -1, 2, -1, 2, 2, 2, 1, 1, -2, -1, -2, 1, 1, 2, 2, 2, 2]"
221,dfs_bnb_mpi,0.202587,-5,6,63825,"[-1, -1, 2, 1, 2, 2, -1, -2, -1, -2, -1, 2, -1, -2, -2, 1, -2, 1, 2]"
222,dfs_bnb_mpi,0.081995,-5,6,23766,"[-1, -1, 2, 1, 1, 2, 1, -2, 1, 1, -2, -1, -1, -2, -2, -1, 2, -1, -1]"
223,dfs_bnb_mpi,0.412881,-6,7,123579,"[-1, -1, 2, 2, 2, 1, -2, -2, 1, 1, -2, 1, 2, 2, -1, -1, 2, 1, 2]"
224,dfs_bnb_mpi,7.42488,-6,7,2085239,"[-1, -1, 2, 1, 1, 2, 2, -1, -2, -1, 2, 2, -1, -2, -1, -2, -2, 1, 2]"
225,dfs_bnb_mpi,1.03827,-4,4,256813,"[-1, -1, 2, 2, 2, 2, 1, -2, 1, 2, 1, -2, -2, -1, -1, -2, 1, 1, 1]"
226,dfs_bnb_mpi,0.281038,-5,5,84811,"[-1, -1, 2, 2, 2, 2, 1, -2, -2, -2, 1, 2, 1, -2, -2, -2, -1, -1, -1]"
227,dfs_bnb_mpi,0.483206,-5,6,133767,"[-1, -1, 2, 2, 2, 1, -2, -2, 1, 1, 1, -2, -1, -2, -1, -1, -1, -1, 2]"
228,dfs_bnb_mpi,1.02663,-6,7,296842,"[-1, -1, 2, -1, 2, -1, 2, 2, -1, -2, -2, -2, 1, -2, -1, -2, 1, 1, 2]"
229,dfs_bnb_mpi,6.12502,-7,8,1805732,"[-1, -2, -1, -1, -2, 1, 1, -2, 1, 1, 1, 2, 2, 2, -1, -2, -2, -1, 2]"
230,dfs_bnb_mpi,0.135873,-4,5,38596,"[-1, -1, 2, 2, 1, 2, -1, 2, 2, -1, -2, -2, -1, -1, -2, 1, 1, -2, -1]"
231,dfs_bnb_mpi,1.92791,-6,7,591439,"[-1, -1, 2, 2, 2, -1, 2, -1, -2, -1, -1, -2, 1, 1, -2, -2, 1, 2, 2]"
232,dfs_bnb_mpi,0.179189,-5,5,57261,"[-1, -1, 2, 2, 1, -2, 1, 2, 2, 2, -1, -1, -1, -2, -2, -1, -2, 1, -2]"
233,dfs_bnb_mpi,3.16735,-5,6,892029,"[-1, -2, -1, 2, -1, 2, 1, 2, 2, 2, 2, 1, -2, -2, -2, -2, 1, 2, 2]"
234,dfs_bnb_mpi,16.4788,-6,7,4032287,"[-1, -2, -1, -1, -1, 2, -1, 2, 1, 1, 2, 2, 1, -2, 1, -2, -1, -2, -1]"
235,dfs_bnb_mpi,1.97516,-4,5,548768,"[-1, -1, 2, 2, 2, 1, 2, 2, 2, 1, 2, -1, -1, -2, -2, -2, -1, -2, -1]"
236,dfs_bnb_mpi,0.504726,-4,5,136945,"[-1, -1, 2, 2, 2, 2, 2, -1, -2, -1, -2, 1, -2, -1, -2, 1, -2, -1, -1]"
237,dfs_bnb_mpi,0.033861,-6,7,10334,"[-1, -1, 2, -1, -1, -2, 1, -2, -1, -1, 2, -1, 2, 1, 2, 2, 1, -2, 1]"
238,dfs_bnb_mpi,1.36403,-4,5,370548,"[-1, -1, 2, 2, 2, 1, -2, -2, 1, 2, 2, 2, 1, -2, -2, -2, 1, 2, 2]"
239,dfs_bnb_mpi,0.321262,-5,6,97229,"[-1, -1, 2, 2, -1, -1, -2, 1, -2, -2, -1, 2, -1, -1, 2, 1, 2, 2, 2]"
240,dfs_bnb_mpi,5.92296,-4,5,1771236,"[-1, -1, 2, 2, 2, 2, 2, 2, 1, 1, -2, -2, -2, 1, -2, -1, -1, -2, 1]"
241,dfs_bnb_mpi,0.54042,-5,6,156376,"[-1, -1, -1, 2, 1, 2, -1, 2, 1, 1, -2, -2, 1, 1, 2, -1, 2, 2, 2]"
242,dfs_bnb_mpi,0.425918,-7,8,122861,"[-1, -1, 2, 1, 1, 2, 1, 2, 1, 1, -2, -1, -2, -1, -2, 1, -2, -1, -1]"
243,dfs_bnb_mpi,0.274791,-7,8,85558,"[-1, -2, 1, 1, 2, 1, 2, -1, 2, -1, 2, -1, -2, -1, -1, -2, 1, 1, 1]"
244,dfs_bnb_mpi,0.579353,-6,7,156422,"[-1, -1, 2, 2, 1, -2, 1, 1, 2, -1, 2, 2, -1, -2, -1, 2, 2, 1, 2]"
245,dfs_bnb_mpi,0.238236,-5,6,62609,"[-1, -1, 2, 2, 2, -1, -2, -1, -2, 1, -2, -1, -1, -2, 1, 1, 1, 1, 1]"
246,dfs_bnb_mpi,10.689,-4,5,2431284,"[-1, -1, 2, 2, 2, 2, 2, 2, 2, 2, 2, 2, 1, -2, 1, -2, -1, -2, 1]"
247,dfs_bnb_mpi,4.32702,-6,7,1327581,"[-1, -2, 1, 1, 2, 2, 1, -2, -2, -2, -2, -1, -1, -1, -1, 2, 1, 1, 1]"
248,dfs_bnb_mpi,0.009028,-5,6,2188,"[-1, -1, 2, 2, 2, 1, -2, -2, 1, 2, 1, 1, 2, -1, -1, 2, 2, 2, 2]"
249,dfs_bnb_mpi,5.00358,-6,7,1499610,"[-1, -1, 2, 2, -1, 2, 2, 2, 1, -2, -2, 1, 1, -2, 1, -2, -1, -1, 2]"
250,dfs_bnb_mpi,0.937456,-5,6,273119,"[-1, -1, 2, 2, 2, -1, 2, -1, -2, -1, -2, -2, 1, 2, 1, -2, -2, -1, -1]"
251,dfs_bnb_mpi,0.026063,-5,6,8038,"[-1, -1, 2, 1, 2, -1, 2, 2, 1, -2, 1, -2, -2, 1, 2, 2, 2, 2, 2]"
252,dfs_bnb_mpi,0.023824,-6,7,6524,"[-1, -1, 2, 2, 2, 1, 1, -2, -1, -2, 1, 1, 2, 1, 2, -1, 2, 2, 2]"
253,dfs_bnb_mpi,0.012489,-5,6,3503,"[-1, -1, 2, 1, 2, 2, -1, -2, -1, 2, -1, -2, -2, 1, -2, -1, -1, 2, 2]"
254,dfs_bnb_mpi,0.006811,-5,6,1908,"[-1, -1, 2, 2, -1, -2, -2, -1, -1, 2, 1, 2, 2, 2, 2, 2, 2, 2, 2]"
255,dfs_bnb_mpi,0.072628,-5,6,23273,"[-1, -1, 2, 1, 2, 1, -2, 1, 1, -2, -1, -2, -1, -1, -1, -1, 2, 2, 2]"
256,dfs_bnb_mpi,0.003947,-5,6,1105,"[-1, -1, 2, 2, 2, 1, 1, -2, -2, 1, -2, -2, -1, -2, -1, 2, -1, -1, 2]"
257,dfs_bnb_mpi,0.010112,-7,8,3075,"[-1, -1, 2, 1, 1, 1, -2, 1, -2, -1, -2, -1, 2, -1, -1, -1, 2, 2, 2]"
258,dfs_bnb_mpi,0.156264,-5,6,47864,"[-1, -1, 2, 2, 2, 1, -2, -2, 1, 2, 1, -2, -2, 1, -2, -2, -1, 2, -1]"
259,dfs_bnb_mpi,0.436499,-4,5,125642,"[-1, -1, 2, 2, 2, 2, 2, 1, -2, 1, 1, -2, -2, -1, 2, -1, -2, -2, 1]"
260,dfs_bnb_mpi,0.610603,-4,5,186153,"[-1, -1, 2, 2, 2, 2, -1, -1, -2, 1, -2, -1, -2, 1, -2, -2, 1, 1, 1]"
261,dfs_bnb_mpi,6.08564,-6,7,1877507,"[-1, -1, 2, 1, 1, 2, 2, 1, -2, 1, 2, 1, -2, -2, -1, -1, -2, -2, -1]"
262,dfs_bnb_mpi,2.46038,-5,6,690462,"[-1, -1, 2, 1, 1, 2, 2, 2, 2, 1, -2, -2, -2, 1, -2, -1, -2, 1, 1]"
263,dfs_bnb_mpi,0.113151,-5,6,35834,"[-1, -1, 2, 2, 2, 2, 1, -2, 1, -2, 1, 2, 1, -2, -2, -1, -1, -1, 2]"
264,dfs_bnb_mpi,1.60482,-6,7,410378,"[-1, -1, 2, 1, 2, 2, 1, 2, -1, 2, -1, -2, -1, -2, 1, -2, -1, -2, -1]"
265,dfs_bnb_mpi,1.26426,-5,6,389632,"[-1, -1, 2, -1, 2, -1, -1, -2, 1, -2, 1, -2, -1, -1, 2, -1, -1, 2, 1]"
266,dfs_bnb_mpi,6.34384,-5,6,1891602,"[-1, -1, 2, 2, 2, 2, 2, -1, -2, -2, -1, -2, 1, -2, -1, -1, -2, 1, 1]"
267,dfs_bnb_mpi,1.27869,-2,3,384826,"[-1, -1, 2, 2, 2, 2, 2, 2, 2, 1, 2, 2, -1, -2, -1, -1, -2, 1, -2]"
268,dfs_bnb_mpi,0.000383,-2,3,95,"[-1, -1, 2, 2, 2, 2, 2, 2, 2, 2, 1, -2, 1, -2, -1, -2, 1, 1, 2]"
269,dfs_bnb_mpi,1.63657,-8,9,485624,"[-1, -2, 1, -2, 1, 2, 1, 2, 2, 2, -1, -1, 2, -1, -2, -2, 1, 1, -2]"
270,dfs_bnb_mpi,0.445204,-7,8,137608,"[-1, -2, 1, 1, 2, 2, -1, -1, 2, 2, 1, -2, 1, 1, -2, -2, 1, -2, -1]"
271,dfs_bnb_mpi,0.027034,-6,7,6945,"[-1, -1, 2, 2, 2, 2, 1, 1, -2, -1, -2, -2, 1, 2, 1, 1, 2, -1, 2]"
272,dfs_bnb_mpi,0.024198,-6,7,7695,"[-1, -2, -2, 1, 2, 1, 2, 2, 1, -2, 1, 2, 2, -1, -1, -1, -2, -1, 2]"
273,dfs_bnb_mpi,0.048413,-4,4,14686,"[-1, -1, 2, 1, 2, -1, 2, -1, -2, -2, -2, -2, 1, 1, 1, 1, 2, 2, 2]"
274,dfs_bnb_mpi,0.206939,-6,7,65559,"[-1, -1, 2, 1, 1, 2, -1, 2, 1, 1, -2, 1, 1, -2, -2, -1, -1, 2, 1]"
275,dfs_bnb_mpi,0.027994,-5,6,7449,"[-1, -1, 2, -1, -2, -2, 1, -2, 1, 2, 1, -2, -2, -1, -1, -1, 2, -1, 2]"
276,dfs_bnb_mpi,19.5405,-5,6,4868986,"[-1, -1, 2, 2, 2, 2, 2, 2, 1, 1, 1, -2, 1, -2, -1, -1, 2, -1, -2]"
277,dfs_bnb_mpi,0.15165,-6,7,44341,"[-1, -1, 2, 2, 2, 1, 2, 2, -1, -2, -1, -2, -1, -2, -1, -2, 1, 1, 2]"
278,dfs_bnb_mpi,0.504232,-6,7,136291,"[-1, -1, 2, 2, 1, 1, 2, -1, -1, -1, -2, -1, 2, 2, 2, 1, -2, 1, 2]"
279,dfs_bnb_mpi,0.123471,-5,6,37290,"[-1, -1, 2, 2, 1, 1, -2, 1, -2, -2, -1, -1, -2, -1, 2, -1, 2, 2, 2]"
280,dfs_bnb_mpi,6.86614,-5,6,1957422,"[-1, -1, 2, 2, 2, 2, 2, 1, -2, -2, -2, -2, 1, 2, 2, 1, -2, -2, -2]"
281,dfs_bnb_mpi,6.24491,-6,7,1872045,"[-1, -1, 2, -1, -2, -2, -2, -2, 1, -2, 1, 2, 1, 2, 2, -1, -1, -2, 1]"
282,dfs_bnb_mpi,2.25486,-5,6,615822,"[-1, -1, 2, 1, 1, 1, -2, -2, -1, -1, -1, -2, -1, 2, -1, 2, 2, 1, -2]"
283,dfs_bnb_mpi,0.019645,-6,7,5686,"[-1, -2, -1, -2, -1, 2, 2, 1, 2, 1, 1, 2, 2, -1, -2, -1, 2, 2, 2]"
284,dfs_bnb_mpi,0.165393,-5,6,51763,"[-1, -1, 2, 2, 2, -1, -2, -1, -1, -2, 1, 1, -2, -2, 1, 1, -2, -1, -1]"
285,dfs_bnb_mpi,0.323736,-5,6,91603,"[-1, -1, 2, 2, 2, 2, 1, 1, 1, -2, -1, -1, -2, -2, 1, 2, 1, 1, 2]"
286,dfs_bnb_mpi,0.037166,-5,6,9987,"[-1, -1, 2, 2, 2, 1, -2, 1, 2, 2, 2, -1, -2, -1, 2, 2, 2, 2, 2]"
287,dfs_bnb_mpi,7.67051,-6,7,2090382,"[-1, -1, 2, 2, 1, -2, 1, 1, -2, -2, -1, -1, -1, -1, -1, 2, 2, 1, -2]"
288,dfs_bnb_mpi,0.021544,-6,6,6466,"[-1, -1, 2, 1, 1, 2, 2, 1, -2, -2, -2, 1, -2, -1, -2, -1, 2, -1, -1]"
289,dfs_bnb_mpi,0.210044,-6,7,66320,"[-1, -1, 2, -1, 2, 1, 2, 2, 1, -2, -2, -2, 1, 2, 1, 2, 2, -1, -2]"
290,dfs_bnb_mpi,0.16192,-4,5,45436,"[-1, -1, 2, 2, 2, 1, 2, 2, -1, -2, -1, -2, -2, -1, -2, 1, -2, -1, -1]"
291,dfs_bnb_mpi,0.340873,-7,8,101735,"[-1, -2, -1, 2, 2, 1, 2, 2, 1, 1, -2, -1, -2, 1, 1, 1, -2, -1, -1]"
292,dfs_bnb_mpi,1.88509,-2,3,604225,"[-1, -1, 2, 2, 2, 2, 1, -2, -2, 1, 2, 2, 2, -1, -1, -1, -2, -2, -2]"
293,dfs_bnb_mpi,0.500428,-4,5,117878,"[-1, -1, 2, 2, 2, 2, 2, 1, -2, -2, 1, -2, -1, -2, 1, 1, 2, 2, 2]"
294,dfs_bnb_mpi,0.005511,-5,6,1465,"[-1, -1, 2, 2, 2, 2, 1, -2, -2, 1, 2, 1, 2, -1, 2, 2, 2, 2, 2]"
295,dfs_bnb_mpi,0.100725,-6,7,30164,"[-1, -1, 2, 2, -1, 2, -1, 2, -1, -2, -1, -2, 1, 1, -2, 1, -2, -1, -1]"
296,dfs_bnb_mpi,30.8796,-5,6,8108476,"[-1, -1, 2, 1, 2, 2, 1, 1, -2, -2, -2, -2, -1, -1, -2, -1, 2, -1, 2]"
297,dfs_bnb_mpi,0.006943,-5,6,2043,"[-1, -1, 2, 1, 2, -1, 2, -1, -2, -2, -2, -1, 2, 2, 2, 2, 2, 2, 2]"
298,dfs_bnb_mpi,4.48972,-7,8,1188799,"[-1, -1, -1, 2, 2, 2, 1, 2, 1, -2, 1, -2, 1, -2, -1, -1, -1, 2, 1]"
299,dfs_bnb_mpi,0.06111,-5,6,17623,"[-1, -1, 2, 2, 2, 1, 2, 2, -1, -2, -1, -2, -1, -2, -1, -2, 1, 1, 2]"
300,dfs_bnb_mpi,0.054155,-5,6,14715,"[-1, -1, -1, 2, 2, 1, -2, 1, 2, 2, 1, -2, -2, 1, 2, 2, 2, 2, 2]"
301,dfs_bnb_mpi,31.9305,-5,6,7197695,"[-1, -1, 2, 2, 2, 2, 2, 1, -2, -2, 1, 2, 1, -2, -2, -1, -2, 1, -2]"
302,dfs_bnb_mpi,0.513412,-5,6,160185,"[-1, -2, 1, 1, 2, 2, 2, 2, -1, -2, -2, -1, -1, -2, -2, -2, 1, 1, 1]"
303,dfs_bnb_mpi,0.043525,-6,7,13129,"[-1, -1, 2, 1, 2, 2, 1, -2, -2, 1, -2, 1, -2, -1, -1, -2, -1, 2, -1]"
304,dfs_bnb_mpi,1.31138,-5,6,392249,"[-1, -1, 2, 2, 2, 2, -1, -2, -1, 2, -1, -2, -2, 1, -2, -2, 1, 2, 2]"
305,dfs_bnb_mpi,3.08696,-5,6,854612,"[-1, -1, 2, 2, 2, 2, 1, 1, -2, -2, -1, -2, 1, 1, 2, 1, 2, -1, 2]"
306,dfs_bnb_mpi,2.28408,-6,7,670233,"[-1, -1, 2, 1, 2, 1, -2, 1, -2, 1, 1, -2, -1, -1, -2, -1, 2, -1, -1]"
307,dfs_bnb_mpi,0.547069,-6,7,160509,"[-1, -1, 2, -1, 2, -1, 2, 2, -1, -2, -2, -2, 1, -2, 1, -2, -2, 1, 2]"
308,dfs_bnb_mpi,0.056686,-6,7,16578,"[-1, -1, 2, 2, 1, -2, 1, 2, 2, 1, 2, 1, 1, -2, -1, -2, -1, -2, 1]"
309,dfs_bnb_mpi,0.526256,-7,8,159917,"[-1, -1, 2, -1, 2, 1, 2, -1, 2, -1, -2, -1, -2, 1, -2, -2, 1, -2, 1]"
310,dfs_bnb_mpi,10.5205,-5,5,2555469,"[-1, -1, 2, -1, 2, -1, 2, 2, 2, 2, -1, -2, -2, -2, -2, -2, 1, -2, 1]"
311,dfs_bnb_mpi,0.873381,-5,5,268465,"[-1, -1, 2, 2, 1, -2, 1, 2, 2, -1, -1, -1, -2, -2, -1, -2, 1, -2, 1]"
312,dfs_bnb_mpi,0.496718,-5,6,128647,"[-1, -1, 2, 2, 2, 2, 2, 2, 1, -2, 1, -2, -1, -2, 1, 1, -2, -1, -1]"
313,dfs_bnb_mpi,0.530731,-7,8,130003,"[-1, -1, 2, 2, -1, 2, 2, -1, -2, -2, -1, -2, 1, 1, -2, -1, -2, -1, 2]"
314,dfs_bnb_mpi,0.105874,-6,7,33379,"[-1, -2, 1, 1, 2, 1, -2, 1, 1, -2, -1, -1, -2, -1, 2, -1, -1, -1, 2]"
315,dfs_bnb_mpi,0.059738,-5,6,14133,"[-1, -1, 2, 2, 2, 1, -2, 1, 2, 2, -1, 2, 2, 2, 1, -2, -2, 1, 2]"
316,dfs_bnb_mpi,0.16552,-4,5,42283,"[-1, -1, 2, 2, 2, -1, -2, -2, -2, -1, -2, 1, 1, 1, -2, -1, -1, -1, -1]"
317,dfs_bnb_mpi,7.36238,-6,7,2061681,"[-1, -1, 2, 2, 2, -1, -2, -1, 2, -1, -2, -1, -2, 1, -2, 1, 1, 2, -1]"
318,dfs_bnb_mpi,4.3884,-6,7,1178622,"[-1, -1, 2, 1, 1, 1, 2, 1, 2, 2, 1, -2, -2, -2, -1, -2, -2, -1, 2]"
319,dfs_bnb_mpi,1.6651,-5,6,409950,"[-1, -1, 2, 2, -1, -2, -1, -1, -2, -1, -2, 1, 1, 2, 1, -2, -2, 1, 2]"
320,dfs_bnb_mpi,1.26969,-4,5,362678,"[-1, -1, 2, 2, 2, 2, 2, 1, 2, -1, 2, 2, -1, -2, -2, -1, -2, 1, -2]"
321,dfs_bnb_mpi,2.20645,-6,7,678442,"[-1, -1, 2, 1, 1, 1, 2, 1, -2, 1, -2, -1, -2, 1, -2, -1, -1, 2, 2]"
322,dfs_bnb_mpi,0.070169,-4,4,21519,"[-1, -1, 2, 2, 2, -1, -2, -1, -1, -2, 1, 1, -2, -2, -1, 2, -1, -1, 2]"
323,dfs_bnb_mpi,0.015516,-5,6,4938,"[-1, -1, 2, -1, -1, -2, 1, -2, -2, 1, 2, 1, 1, 1, 2, 2, -1, -1, 2]"
324,dfs_bnb_mpi,0.093152,-4,5,26426,"[-1, -1, 2, 2, 2, 2, 1, 2, -1, 2, -1, -1, -2, 1, -2, -1, -1, 2, 2]"
325,dfs_bnb_mpi,1.73541,-5,6,455052,"[-1, -1, 2, 2, 2, 2, 2, 1, 1, -2, -2, 1, -2, -1, -1, -2, 1, 1, 1]"
326,dfs_bnb_mpi,0.014957,-6,7,4859,"[-1, -1, 2, 1, 1, 2, 2, 1, -2, -2, -2, -2, -1, -2, -1, 2, -1, -1, 2]"
327,dfs_bnb_mpi,0.583639,-4,5,172295,"[-1, -1, 2, 2, 2, 2, 1, -2, 1, 2, 2, 2, -1, -2, -1, -1, -2, -2, -1]"
328,dfs_bnb_mpi,2.51415,-5,6,743680,"[-1, -2, 1, 1, 1, 1, 2, 2, 2, -1, -1, 2, -1, -2, -2, 1, -2, 1, 2]"
329,dfs_bnb_mpi,0.156925,-4,5,47468,"[-1, -1, 2, 2, 2, 1, -2, -2, 1, 1, -2, -2, -2, -1, 2, -1, -1, -1, 2]"
330,dfs_bnb_mpi,0.143352,-6,7,42775,"[-1, -1, 2, 1, 2, 1, -2, 1, -2, -2, -1, -1, -2, -1, -2, 1, 1, 2, 1]"
331,dfs_bnb_mpi,7.19782,-4,4,1766108,"[-1, -1, 2, 2, 2, 2, 1, -2, 1, 2, 2, 1, -2, -2, -2, -1, -1, -2, 1]"
332,dfs_bnb_mpi,0.022325,-6,7,6871,"[-1, -1, 2, 2, 1, -2, 1, 2, 1, -2, -2, 1, -2, -1, -2, -1, 2, -1, -1]"
333,dfs_bnb_mpi,0.627538,-7,8,175452,"[-1, -1, 2, 1, 1, 2, 1, -2, 1, -2, -1, -2, -1, -1, -2, -2, 1, 2, 1]"
334,dfs_bnb_mpi,0.253245,-6,6,76169,"[-1, -2, 1, -2, 1, 2, 2, 2, 2, 2, 1, -2, -2, 1, 1, -2, -1, -1, -2]"
335,dfs_bnb_mpi,0.526006,-6,6,129303,"[-1, -1, 2, 2, 2, 2, 2, 1, 1, -2, -1, -2, 1, 1, -2, -1, -2, -1, 2]"
336,dfs_bnb_mpi,0.051924,-6,6,15651,"[-1, -1, -1, 2, -1, -2, -1, -2, 1, -2, 1, 2, 1, 1, 1, 1, 2, 2, 2]"
337,dfs_bnb_mpi,0.198211,-6,7,55204,"[-1, -1, 2, 2, 1, 2, -1, 2, 1, 2, -1, -1, -2, -1, -2, 1, -2, -1, -1]"
338,dfs_bnb_mpi,2.67101,-5,6,664105,"[-1, -1, 2, 2, 2, 1, 1, 1, 2, 1, -2, -2, -2, -1, 2, -1, -1, -2, 1]"
339,dfs_bnb_mpi,1.54788,-6,7,457338,"[-1, -1, 2, 2, -1, -2, -2, -2, -1, -2, 1, -2, 1, 1, 2, -1, 2, 1, 1]"
340,dfs_bnb_mpi,0.162939,-5,6,42253,"[-1, -1, 2, 2, 2, -1, -2, -2, -2, -1, -2, 1, -2, 1, 2, 1, 1, 1, 2]"
341,dfs_bnb_mpi,0.150887,-5,6,45915,"[-1, -1, 2, -1, -2, -1, -2, -1, -2, 1, -2, 1, 1, 2, -1, 2, 1, 1, 1]"
342,dfs_bnb_mpi,0.530577,-6,7,141592,"[-1, -1, 2, 1, 2, -1, -1, -2, -2, -2, 1, 1, 1, 1, 2, 2, 2, -1, -2]"
343,dfs_bnb_mpi,0.341945,-6,7,105727,"[-1, -1, 2, -1, -1, 2, 1, 1, 2, 2, 1, -2, 1, 1, -2, -1, -2, -1, 2]"
344,dfs_bnb_mpi,0.067831,-6,7,18460,"[-1, -2, 1, 1, -2, -1, -1, -2, -1, 2, 2, -1, 2, 1, 2, 1, 2, 2, 2]"
345,dfs_bnb_mpi,0.097854,-6,7,29444,"[-1, -2, 1, 1, 1, -2, -1, -1, -1, -1, -2, 1, 1, 1, 1, -2, -1, -1, -1]"
346,dfs_bnb_mpi,0.125226,-5,6,35817,"[-1, -1, 2, 2, 2, -1, -1, -1, -2, 1, 1, -2, -1, -1, -2, 1, 1, -2, 1]"
347,dfs_bnb_mpi,0.000184,-2,3,47,"[-1, -1, 2, 2, 2, 2, 2, 2, 2, 2, 2, 2, 1, 1, -2, -1, -2, 1, 1]"
348,dfs_bnb_mpi,1.06637,-4,5,307362,"[-1, -1, 2, 2, 2, 1, -2, 1, 1, 2, -1, 2, 2, -1, -2, -1, -1, -2, -2]"
349,dfs_bnb_mpi,1.59799,-6,7,412042,"[-1, -2, -1, -2, -1, 2, 2, 2, 1, 1, 1, 1, -2, -2, -1, -2, -2, -1, 2]"
350,dfs_bnb_mpi,0.460177,-6,6,129711,"[-1, -1, 2, 2, 1, 2, -1, 2, -1, -2, -1, -1, -2, 1, -2, -2, 1, 2, 2]"
351,dfs_bnb_mpi,0.932994,-6,7,237943,"[-1, -2, 1, 1, 2, 2, -1, -1, 2, -1, -2, -1, -2, 1, -2, -1, -1, 2, 2]"
352,dfs_bnb_mpi,0.135821,-6,7,42329,"[-1, -1, 2, -1, -2, -1, 2, 2, 1, 2, 2, -1, -2, -1, -2, -1, -2, 1, -2]"
353,dfs_bnb_mpi,0.057311,-4,5,14335,"[-1, -1, 2, 2, 2, 1, 2, -1, 2, -1, -2, -1, -2, 1, -2, -1, -1, 2, 2]"
354,dfs_bnb_mpi,8.34735,-6,7,2337844,"[-1, -1, 2, 1, 2, 2, 2, -1, 2, -1, -2, -2, -1, -2, -2, 1, 2, 1, 2]"
355,dfs_bnb_mpi,10.1579,-5,6,3176424,"[-1, -1, 2, 2, 2, 2, 2, 2, 1, -2, 1, -2, 1, 1, -2, -1, -1, -1, 2]"
356,dfs_bnb_mpi,0.573096,-6,7,177170,"[-1, -2, 1, 1, 1, 2, -1, 2, -1, 2, 2, -1, -1, -2, 1, -2, -1, -1, 2]"
357,dfs_bnb_mpi,0.243061,-7,8,74434,"[-1, -2, 1, -2, 1, 2, 2, 2, 2, 1, -2, -2, 1, -2, -1, -2, -2, -1, -1]"
358,dfs_bnb_mpi,0.165813,-4,5,46228,"[-1, -1, 2, 2, 2, 1, -2, 1, 2, 2, -1, -1, -1, -2, -2, -1, 2, 2, 2]"
359,dfs_bnb_mpi,1.66326,-4,5,479026,"[-1, -1, 2, 2, 2, 2, 2, 1, 1, 2, 1, -2, 1, -2, -1, -1, -1, -2, 1]"
360,dfs_bnb_mpi,0.318225,-5,5,94302,"[-1, -1, 2, 2, 2, 2, -1, -2, -2, -1, -1, -2, 1, 1, -2, -2, -1, 2, -1]"
361,dfs_bnb_mpi,0.056521,-6,7,16300,"[-1, -1, 2, -1, -2, -1, -1, -2, 1, -2, 1, 2, 1, 1, 1, 1, 2, 2, 2]"
362,dfs_bnb_mpi,2.55749,-6,7,782436,"[-1, -1, 2, 2, -1, -1, -2, 1, -2, -1, -1, -2, 1, -2, -2, 1, 2, 2, 1]"
363,dfs_bnb_mpi,0.06368,-4,5,17174,"[-1, -1, 2, 2, 2, -1, -2, -1, -2, 1, -2, -1, -1, 2, 2, 2, 2, 2, 2]"
364,dfs_bnb_mpi,1.10583,-5,6,302075,"[-1, -1, 2, 2, 2, 1, 2, 1, 1, 2, -1, 2, -1, -2, -1, -2, -1, -2, -1]"
365,dfs_bnb_mpi,1.05852,-5,5,305294,"[-1, -1, 2, 2, 2, -1, -1, -1, -2, -1, -1, -2, 1, 1, 1, 2, 1, -2, -2]"
366,dfs_bnb_mpi,0.00636,-3,4,1502,"[-1, -1, 2, 2, 2, 2, 2, 2, 2, 2, 2, 1, -2, -2, 1, -2, -2, -1, 2]"
367,dfs_bnb_mpi,4.83994,-6,7,1427201,"[-1, -2, -2, -1, 2, 2, -1, 2, 1, 1, 1, 2, 2, -1, 2, -1, -2, -2, 1]"
368,dfs_bnb_mpi,0.010028,-6,7,2584,"[-1, -2, 1, 1, 2, 2, 2, -1, -2, -1, -1, -2, -1, 2, 2, 1, 1, 2, 2]"
369,dfs_bnb_mpi,6.72938,-4,4,1934944,"[-1, -1, 2, 2, 2, 2, 2, 2, 2, 2, 1, -2, 1, 1, -2, -1, -1, -2, 1]"
370,dfs_bnb_mpi,0.375889,-5,6,116687,"[-1, -1, 2, 1, 2, 2, -1, -2, -1, 2, 2, 1, 1, 1, -2, -2, -2, 1, 2]"
371,dfs_bnb_mpi,1.29974,-4,5,367349,"[-1, -1, 2, 2, 2, 2, 2, 2, 1, 2, 1, 2, -1, -1, -2, -1, -1, -2, 1]"
372,dfs_bnb_mpi,19.7095,-6,7,5638098,"[-1, -1, 2, -1, -1, 2, -1, -2, -2, 1, -2, -1, -2, 1, 1, 1, 2, -1, 2]"
373,dfs_bnb_mpi,0.20314,-6,7,54565,"[-1, -1, 2, -1, -2, -1, -2, 1, -2, 1, 2, 1, -2, 1, 1, -2, -1, -1, -1]"
374,dfs_bnb_mpi,8.29381,-5,6,2489780,"[-1, -1, 2, 2, 2, 2, 1, -2, -2, -2, 1, 2, 2, 1, -2, -2, 1, -2, -1]"
375,dfs_bnb_mpi,16.0163,-5,6,4867466,"[-1, -1, 2, 2, -1, 2, 1, 1, 2, 1, -2, -2, 1, 1, -2, -1, -1, -1, 2]"
376,dfs_bnb_mpi,1.60243,-6,6,514183,"[-1, -2, 1, 1, 2, 2, 2, 2, -1, -2, -1, 2, 2, -1, -2, -2, -2, 1, 1]"
377,dfs_bnb_mpi,9.24129,-6,7,2795650,"[-1, -1, 2, -1, -2, -1, -2, 1, 1, -2, 1, 1, -2, -1, -1, -1, -1, 2, 1]"
378,dfs_bnb_mpi,2.17808,-4,5,612432,"[-1, -1, 2, 1, 2, 2, 2, 1, 2, 2, -1, -2, -1, -2, -2, -2, -1, -2, -1]"
379,dfs_bnb_mpi,0.087459,-2,3,26866,"[-1, -1, 2, 2, 2, 2, 1, -2, -2, -2, 1, 1, -2, -2, -1, -1, -1, -1, 2]"
380,dfs_bnb_mpi,0.380079,-6,6,106683,"[-1, -1, 2, 2, 2, 2, 2, 1, -2, -2, -2, -2, 1, 2, 1, 2, 2, -1, -2]"
381,dfs_bnb_mpi,2.05428,-4,5,636080,"[-1, -1, 2, 2, 1, -2, 1, 1, 1, 2, -1, -1, 2, -1, -1, -1, -2, -2, -1]"
382,dfs_bnb_mpi,0.114568,-5,6,32907,"[-1, -1, 2, 1, 1, 1, 2, 1, 2, 1, -2, -2, -1, -2, -1, -2, 1, 1, 2]"
383,dfs_bnb_mpi,2.32869,-6,7,725521,"[-1, -1, 2, 2, 2, 2, 1, -2, 1, -2, 1, 2, 1, -2, -2, -1, -1, -1, 2]"
384,dfs_bnb_mpi,0.548196,-6,7,173509,"[-1, -1, 2, -1, -1, 2, 1, 1, 2, -1, -1, -1, -2, -2, -2, 1, -2, 1, 2]"
385,dfs_bnb_mpi,0.922522,-4,4,275826,"[-1, -1, 2, 2, 2, 2, 2, 1, -2, -2, -2, -2, 1, 2, 2, 2, 1, -2, -2]"
386,dfs_bnb_mpi,8.38537,-6,7,2070002,"[-1, -1, 2, 2, 2, 1, 2, -1, 2, -1, -1, -2, -1, -2, 1, -2, 1, 2, 2]"
387,dfs_bnb_mpi,1.87972,-6,7,584700,"[-1, -2, 1, 1, 1, -2, -1, -1, -1, -1, -1, 2, 1, 2, 2, 1, 1, 1, -2]"
388,dfs_bnb_mpi,0.012487,-7,7,3588,"[-1, -1, 2, -1, -2, -1, -2, 1, 1, 1, 1, -2, -1, -2, -2, -1, 2, 2, -1]"
389,dfs_bnb_mpi,0.975379,-4,5,251688,"[-1, -1, 2, 2, 2, 2, 2, 2, 1, 2, -1, -1, 2, -1, -2, -2, 1, -2, -1]"
390,dfs_bnb_mpi,1.75346,-6,7,456540,"[-1, -1, 2, 2, -1, -2, -2, -1, -1, -2, -2, 1, 1, 1, 1, 2, -1, -1, -1]"
391,dfs_bnb_mpi,1.3327,-7,8,416475,"[-1, -2, 1, -2, 1, 2, 1, 1, 2, -1, -1, 2, 2, 2, -1, -1, -2, -2, 1]"
392,dfs_bnb_mpi,2.16215,-5,6,527765,"[-1, -1, 2, 2, 2, 1, 1, 2, 1, -2, -2, -1, -1, -2, 1, 1, 1, 2, 2]"
393,dfs_bnb_mpi,0.061154,-5,6,17149,"[-1, -1, 2, 2, 2, 1, 1, -2, -1, -2, 1, 1, 2, 2, 2, 2, 2, 2, 2]"
394,dfs_bnb_mpi,1.59764,-7,8,471262,"[-1, -2, 1, 1, 2, 2, 2, 2, 1, -2, -2, -2, 1, -2, -1, -2, -2, -1, 2]"
395,dfs_bnb_mpi,0.107165,-5,6,29295,"[-1, -1, 2, -1, 2, -1, -1, -2, 1, -2, 1, -2, -1, -1, 2, -1, 2, 2, 2]"
396,dfs_bnb_mpi,0.020032,-5,6,5866,"[-1, -1, 2, 2, 2, 1, -2, 1, 2, 1, 2, -1, -1, 2, 2, -1, -2, -2, -1]"
397,dfs_bnb_mpi,6.68239,-6,7,1939133,"[-1, -1, 2, 2, 1, 2, -1, 2, -1, 2, 2, -1, -2, -1, -2, 1, -2, 1, -2]"
398,dfs_bnb_mpi,2.78204,-5,6,755482,"[-1, -2, -1, 2, 2, 1, 1, 2, 1, -2, -2, -2, -1, -2, -1, -1, -2, 1, 1]"
399,dfs_bnb_mpi,0.125444,-5,6,36677,"[-1, -1, 2, 2, 2, 2, -1, -2, -2, -1, 2, -1, -2, -2, 1, 1, -2, -1, -1]"
400,dfs_bnb_mpi,0.497167,-5,6,120106,"[-1, -1, 2, 2, 1, 2, 2, -1, -2, -1, 2, -1, -2, -1, -2, 1, 1, -2, -1]"
401,dfs_bnb_mpi,0.641904,-6,7,203263,"[-1, -1, 2, 1, 2, 2, -1, -2, -1, -2, -1, 2, -1, -2, -2, 1, 1, -2, 1]"
402,dfs_bnb_mpi,1.39096,-6,7,367316,"[-1, -1, 2, -1, 2, 1, 2, 2, 2, 1, 1, -2, -1, -2, 1, -2, -1, -2, 1]"
403,dfs_bnb_mpi,0.170325,-4,5,50146,"[-1, -1, 2, 2, 2, 2, -1, -2, -2, -2, -2, -1, -2, -2, 1, 2, 1, 1, 1]"
404,dfs_bnb_mpi,2.17832,-5,6,662169,"[-1, -1, 2, 2, -1, 2, 2, -1, -1, -2, -2, -2, -2, 1, 1, 2, -1, 2, 2]"
405,dfs_bnb_mpi,1.45544,-6,7,437735,"[-1, -2, 1, 1, 2, 2, 2, 1, -2, -2, -2, -2, -2, -1, 2, -1, -2, -1, 2]"
406,dfs_bnb_mpi,6.12035,-5,5,1598529,"[-1, -1, 2, 2, 2, 2, 2, 2, 1, -2, 1, 2, 2, 2, 1, -2, 1, -2, -1]"
407,dfs_bnb_mpi,0.107335,-7,8,33689,"[-1, -1, 2, 1, 1, 2, 1, -2, 1, 2, 2, -1, -1, 2, -1, -2, -1, -2, 1]"
408,dfs_bnb_mpi,0.220395,-5,6,68075,"[-1, -1, 2, 2, 1, -2, 1, 2, 1, 1, 2, -1, 2, -1, -2, -1, 2, 2, 2]"
409,dfs_bnb_mpi,0.034712,-6,7,9890,"[-1, -1, 2, 2, 1, 2, -1, -1, -2, -1, 2, -1, 2, 1, 1, 2, 1, -2, 1]"
410,dfs_bnb_mpi,0.002888,-5,6,786,"[-1, -1, -1, 2, 1, 2, 1, -2, 1, 1, 2, -1, 2, 2, 2, 2, 2, 2, 2]"
411,dfs_bnb_mpi,5.00737,-6,7,1431850,"[-1, -1, 2, 2, 2, 2, 1, 2, -1, 2, -1, 2, -1, -2, -1, -2, 1, 1, -2]"
412,dfs_bnb_mpi,3.89305,-5,6,919130,"[-1, -1, 2, 2, 2, 2, 2, 1, 2, -1, 2, -1, 2, -1, -2, -2, 1, -2, -1]"
413,dfs_bnb_mpi,0.966277,-6,7,300058,"[-1, -2, -1, -2, 1, -2, 1, 1, 2, -1, 2, 1, 2, 2, 2, 2, -1, -2, -2]"
414,dfs_bnb_mpi,0.046142,-5,5,12834,"[-1, -1, 2, 2, 2, -1, -2, -2, -1, -2, 1, -2, -2, 1, 2, 1, 1, 1, 2]"
415,dfs_bnb_mpi,0.457944,-6,7,134526,"[-1, -1, 2, 1, 2, 2, 2, 1, -2, -2, -2, 1, -2, 1, -2, -1, -2, -1, 2]"
416,dfs_bnb_mpi,0.447087,-4,4,131517,"[-1, -1, 2, 2, 2, 2, 2, 2, 2, 1, -2, -2, -2, 1, 2, 1, 2, -1, 2]"
417,dfs_bnb_mpi,6.62919,-6,7,1862420,"[-1, -1, 2, 2, -1, 2, 2, 2, -1, -2, -2, -2, -1, -2, -2, 1, 1, 2, -1]"
418,dfs_bnb_mpi,0.256964,-4,5,79331,"[-1, -1, 2, 2, 2, 1, -2, 1, 2, 2, -1, 2, -1, -2, -1, -2, -2, -1, 2]"
419,dfs_bnb_mpi,0.010136,-6,6,2760,"[-1, -1, 2, 1, 2, 2, 1, -2, -2, 1, 1, -2, -1, -2, -1, -1, -1, -1, 2]"
420,dfs_bnb_mpi,0.111761,-5,6,30957,"[-1, -1, 2, 2, 2, 1, 1, -2, -2, 1, -2, 1, -2, -2, -1, 2, -1, -1, -1]"
421,dfs_bnb_mpi,0.032083,-6,7,9700,"[-1, -1, 2, 1, 1, 2, -1, 2, -1, -2, -1, 2, -1, -1, -2, 1, -2, 1, -2]"
422,dfs_bnb_mpi,2.731,-4,5,775008,"[-1, -1, 2, 2, 1, -2, 1, 1, 1, 2, -1, -1, 2, -1, -1, -1, -2, -2, -1]"
423,dfs_bnb_mpi,0.020471,-6,7,6503,"[-1, -1, 2, 1, 2, 2, 1, -2, -2, 1, -2, -2, -1, -1, -2, -1, 2, -1, 2]"
424,dfs_bnb_mpi,0.000204,-2,3,43,"[-1, -1, 2, 2, 2, 2, 2, 2, 2, 2, 2, 2, 2, 2, 1, 1, -2, -1, -2]"
425,dfs_bnb_mpi,3.41044,-5,6,984653,"[-1, -1, 2, 2, 2, 2, -1, -2, -2, -2, -2, -2, 1, 1, -2, 1, 2, 1, 2]"
426,dfs_bnb_mpi,0.434438,-6,7,134573,"[-1, -1, 2, 2, -1, 2, 1, 1, 2, 2, 1, -2, -2, -2, 1, -2, -1, -1, 2]"
427,dfs_bnb_mpi,2.63607,-4,5,802342,"[-1, -1, 2, 2, 2, 2, 1, 2, 2, -1, -1, 2, -1, -2, -2, -2, 1, 2, 1]"
428,dfs_bnb_mpi,1.98014,-4,5,595149,"[-1, -1, 2, 2, 2, 2, 2, 1, 2, -1, 2, -1, -2, -1, -1, -2, 1, 1, -2]"
429,dfs_bnb_mpi,7.04674,-4,4,1907609,"[-1, -1, 2, 2, 2, 2, 2, 2, 1, -2, 1, 1, -2, -1, -1, -2, -2, 1, 2]"
430,dfs_bnb_mpi,0.050111,-6,7,14110,"[-1, -1, 2, -1, 2, -1, 2, -1, -2, -1, -2, 1, 1, -2, 1, -2, 1, 1, 1]"
431,dfs_bnb_mpi,0.739774,-4,5,214980,"[-1, -2, -1, 2, 2, 1, 2, 2, 2, 2, 1, -2, -2, -2, -2, 1, 2, 2, 2]"
432,dfs_bnb_mpi,0.240907,-4,5,74683,"[-1, -1, 2, 1, 2, 2, -1, -2, -1, 2, -1, -2, -1, -1, -2, 1, 1, 1, -2]"
433,dfs_bnb_mpi,0.33053,-7,8,94149,"[-1, -1, 2, 2, 1, 2, -1, 2, 2, -1, -2, -1, -2, 1, -2, -2, -1, 2, -1]"
434,dfs_bnb_mpi,1.48323,-6,7,400543,"[-1, -1, 2, 2, 1, -2, 1, 2, 1, 2, -1, 2, -1, -2, -1, -1, -2, -1, 2]"
435,dfs_bnb_mpi,0.079426,-4,5,23070,"[-1, -1, 2, 1, 1, 2, 1, 1, -2, -1, -2, 1, 1, 1, 2, -1, 2, 2, 2]"
436,dfs_bnb_mpi,0.741582,-5,6,217699,"[-1, -1, 2, 2, 2, 1, 1, -2, -1, -2, 1, 1, 2, 2, 1, -2, -2, -2, -1]"
437,dfs_bnb_mpi,0.206622,-4,5,55898,"[-1, -1, 2, 2, 2, 2, 2, 2, 1, -2, -2, -2, -2, -2, 1, 2, 2, 2, 2]"
438,dfs_bnb_mpi,0.537317,-4,5,150485,"[-1, -1, 2, 2, 2, 2, 2, 2, 1, -2, -2, 1, 2, 2, 2, 1, -2, 1, 2]"
439,dfs_bnb_mpi,0.01155,-7,7,3381,"[-1, -1, 2, -1, -1, -2, 1, -2, 1, 1, 1, -2, -1, -2, -2, -1, 2, 2, -1]"
440,dfs_bnb_mpi,1.42692,-6,7,445151,"[-1, -2, 1, 1, 2, 1, -2, -2, 1, -2, 1, -2, -1, -1, 2, -1, -1, 2, 1]"
441,dfs_bnb_mpi,2.94898,-5,6,838353,"[-1, -1, 2, 2, 2, 2, 2, 1, 1, -2, -2, -2, 1, -2, -1, -1, 2, 2, 2]"
442,dfs_bnb_mpi,2.14163,-7,8,654586,"[-1, -2, 1, -2, -2, 1, 2, 2, 1, 2, 1, 2, -1, 2, 2, -1, -2, -2, -2]"
443,dfs_bnb_mpi,14.3952,-5,6,3700216,"[-1, -2, 1, 1, 2, 2, 1, -2, -2, -2, -1, -1, -2, -2, -1, 2, 2, -1, 2]"
444,dfs_bnb_mpi,11.8632,-5,6,3712310,"[-1, -1, 2, 2, -1, -2, -1, 2, -1, -2, -1, 2, -1, -2, -2, 1, 1, 1, 1]"
445,dfs_bnb_mpi,0.02235,-4,5,6378,"[-1, -1, 2, 2, 1, 2, -1, -1, -2, -2, -2, -2, 1, 1, 1, 1, 2, 2, 2]"
446,dfs_bnb_mpi,15.865,-6,6,4897845,"[-1, -1, 2, 2, 2, 2, 2, 2, 1, -2, 1, -2, 1, 1, -2, -1, -1, -1, 2]"
447,dfs_bnb_mpi,5.1456,-4,5,1208588,"[-1, -1, 2, 2, 2, 2, 2, 2, 2, 2, 1, 2, 1, -2, -2, -1, -2, 1, 1]"
448,dfs_bnb_mpi,1.54346,-5,6,387706,"[-1, -1, 2, 2, -1, 2, 2, 2, -1, -2, -2, -2, -1, -2, -2, 1, 1, 2, -1]"
449,dfs_bnb_mpi,2.04196,-4,5,646132,"[-1, -1, 2, 1, 2, 1, 1, 2, -1, -1, 2, 2, -1, -2, -2, -2, -1, -2, -1]"
450,dfs_bnb_mpi,0.957102,-6,7,283505,"[-1, -1, 2, -1, -2, -2, -1, -1, -2, 1, 1, -2, 1, 2, 1, 1, 2, -1, -1]"
451,dfs_bnb_mpi,0.818651,-6,7,226009,"[-1, -2, 1, 1, 2, 1, 2, 2, 2, -1, -1, -1, -2, 1, 1, -2, -1, -1, -1]"
452,dfs_bnb_mpi,0.632506,-6,7,172425,"[-1, -1, 2, 2, 2, 2, 1, 2, 1, 2, -1, -1, -2, -1, -1, -2, -2, 1, 2]"
453,dfs_bnb_mpi,2.75024,-6,7,777980,"[-1, -1, 2, 1, 1, 1, 2, 1, 2, 2, 1, -2, -2, -2, -1, -2, -1, -2, -1]"
454,dfs_bnb_mpi,0.138985,-5,6,39380,"[-1, -1, 2, 2, 2, 2, 1, -2, 1, 2, 2, -1, 2, 2, -1, -2, -2, -1, 2]"
455,dfs_bnb_mpi,0.210258,-6,7,65516,"[-1, -2, 1, 1, 2, 2, 2, 2, 1, -2, -2, -2, -2, -2, -1, -2, -1, 2, -1]"
456,dfs_bnb_mpi,0.376546,-6,7,103562,"[-1, -1, 2, 2, 2, -1, -2, -2, -2, -1, -2, -2, 1, 2, 1, 1, -2, -1, -2]"
457,dfs_bnb_mpi,2.452,-5,5,737309,"[-1, -2, 1, 1, 2, 2, 2, -1, -2, -1, -1, -2, -2, -2, 1, 1, -2, -1, -1]"
458,dfs_bnb_mpi,0.009145,-5,6,2796,"[-1, -1, 2, 2, -1, -2, -2, -2, 1, 1, 1, 1, 2, 2, -1, -1, 2, 2, 2]"
459,dfs_bnb_mpi,0.00636,-4,5,1899,"[-1, -1, 2, 2, 2, 2, 2, 1, 2, -1, 2, -1, -2, -2, -1, -2, 1, -2, -1]"
460,dfs_bnb_mpi,0.036942,-4,5,10474,"[-1, -1, 2, 2, 2, 1, 2, 2, 2, -1, -2, -2, -1, -2, -1, -2, 1, -2, -1]"
461,dfs_bnb_mpi,0.12905,-5,6,41054,"[-1, -1, 2, 2, 2, 1, -2, -2, 1, 2, 2, 2, 2, 1, -2, -2, -2, -2, 1]"
462,dfs_bnb_mpi,0.027865,-4,5,8575,"[-1, -1, 2, 2, 2, 1, -2, -2, 1, 1, 2, -1, 2, 2, 2, 2, 2, 2, 2]"
463,dfs_bnb_mpi,0.61493,-6,7,160295,"[-1, -1, 2, 2, -1, -2, -2, -1, -2, 1, 1, 1, -2, -1, -1, -2, 1, 1, 1]"
464,dfs_bnb_mpi,0.78242,-4,5,206625,"[-1, -1, 2, 2, 2, 2, 1, -2, -2, 1, 1, 2, -1, 2, 1, 1, -2, 1, 2]"
465,dfs_bnb_mpi,0.019788,-6,7,6021,"[-1, -1, -1, -1, 2, 1, 1, 2, -1, -1, 2, 2, 1, -2, 1, 1, -2, -2, 1]"
466,dfs_bnb_mpi,20.5063,-4,5,5861240,"[-1, -1, 2, 2, 2, 2, 2, 2, 1, -2, -2, 1, 2, 1, -2, -2, -1, -1, -2]"
467,dfs_bnb_mpi,0.953651,-6,7,270166,"[-1, -1, 2, 2, 1, -2, 1, 2, 1, 2, 2, -1, -2, -1, -1, 2, 2, 1, -2]"
468,dfs_bnb_mpi,2.80266,-6,7,783832,"[-1, -1, 2, 2, 1, 2, 1, 2, 1, 2, 2, -1, -2, -1, -2, -1, -2, -1, -2]"
469,dfs_bnb_mpi,0.017387,-4,5,5258,"[-1, -1, 2, 1, 2, 2, -1, -2, -1, -2, -1, -1, -2, 1, 1, -2, 1, 1, 1]"
470,dfs_bnb_mpi,0.209598,-5,6,58921,"[-1, -1, 2, 2, 2, 2, 2, 1, 2, 2, 1, -2, 1, -2, -1, -2, -1, -2, 1]"
471,dfs_bnb_mpi,1.34861,-5,6,368860,"[-1, -1, 2, 2, 1, -2, 1, 1, 1, 2, 2, -1, -2, -1, 2, 2, 2, 1, -2]"
472,dfs_bnb_mpi,0.37085,-5,6,93522,"[-1, -1, 2, 2, 2, 2, 1, -2, 1, 1, -2, -1, -1, -2, 1, 1, 1, 2, 2]"
473,dfs_bnb_mpi,0.614151,-6,7,164370,"[-1, -1, 2, 1, 1, 2, -1, -1, 2, -1, -2, -1, -2, 1, -2, -1, -1, 2, 2]"
474,dfs_bnb_mpi,0.053274,-6,6,15069,"[-1, -1, 2, 1, 2, -1, 2, -1, -2, -2, -2, -1, 2, -1, -1, 2, 1, 1, 2]"
475,dfs_bnb_mpi,0.155378,-6,7,46939,"[-1, -1, 2, 2, -1, -2, -1, 2, -1, -1, -2, 1, -2, -1, -2, 1, 1, 2, 1]"
476,dfs_bnb_mpi,6.96092,-6,6,2044243,"[-1, -1, -1, 2, 2, 2, 1, 1, 2, 1, -2, -2, -1, -1, -2, 1, 1, 1, 2]"
477,dfs_bnb_mpi,15.0051,-5,6,4039723,"[-1, -1, 2, 2, 2, 2, 1, 2, -1, 2, 2, 2, -1, -2, -2, -1, -2, 1, -2]"
478,dfs_bnb_mpi,0.03299,-7,8,10166,"[-1, -2, -1, -1, 2, 1, 2, 1, 2, 1, -2, 1, -2, -2, -1, -2, 1, 1, 2]"
479,dfs_bnb_mpi,0.608679,-5,6,194105,"[-1, -2, 1, 1, 2, 2, 2, 2, -1, -2, -2, -1, -1, -2, -2, -1, -2, 1, 1]"
480,dfs_bnb_mpi,0.009244,-5,6,2250,"[-1, -2, 1, 1, 1, 2, -1, 2, 2, -1, -2, -1, 2, 2, 2, 2, 2, 2, 2]"
481,dfs_bnb_mpi,1.0125,-5,6,240897,"[-1, -1, 2, 2, 2, 2, 2, 2, 1, -2, -2, -2, -2, -2, 1, 1, 2, -1, 2]"
482,dfs_bnb_mpi,0.613983,-7,8,194263,"[-1, -2, 1, 1, 2, 2, 1, 2, -1, 2, 2, -1, -1, -2, -2, -2, 1, 2, 2]"
483,dfs_bnb_mpi,1.34905,-5,6,396588,"[-1, -1, 2, 2, 1, -2, 1, 2, 2, 1, -2, -2, -2, -2, -2, -1, -1, 2, 1]"
484,dfs_bnb_mpi,0.035417,-5,6,9524,"[-1, -1, 2, 2, -1, 2, -1, -2, -2, 1, -2, -1, -1, -1, -2, 1, 1, 1, 1]"
485,dfs_bnb_mpi,0.077547,-5,6,20829,"[-1, -1, 2, 1, 2, 2, 1, 1, -2, -1, -2, 1, 1, 1, 1, 2, -1, -1, 2]"
486,dfs_bnb_mpi,0.033745,-7,8,10567,"[-1, -1, 2, 1, 1, 2, 2, -1, -2, -1, -1, -2, -2, -2, 1, -2, 1, 2, 1]"
487,dfs_bnb_mpi,5.18346,-7,8,1572455,"[-1, -1, -1, 2, -1, 2, 1, 2, 1, 2, 1, 1, -2, -2, -2, -1, 2, -1, -2]"
488,dfs_bnb_mpi,2.68856,-4,5,751139,"[-1, -1, 2, 1, 2, 2, 2, -1, -2, -2, -1, 2, 2, -1, -2, -2, -2, 1, -2]"
489,dfs_bnb_mpi,0.068118,-6,7,20261,"[-1, -2, 1, 1, 2, 1, -2, 1, -2, -1, -1, -2, -1, 2, -1, -1, 2, 2, 2]"
490,dfs_bnb_mpi,0.138227,-5,6,38107,"[-1, -1, 2, 2, -1, -1, -2, 1, -2, -1, -2, 1, 1, -2, -1, -1, -1, 2, 2]"
491,dfs_bnb_mpi,0.501208,-4,4,146805,"[-1, -1, 2, 2, 2, 2, 1, -2, -2, -2, 1, 2, 2, 2, 2, 1, -2, -2, -2]"
492,dfs_bnb_mpi,0.074469,-6,7,17193,"[-1, -1, 2, 2, -1, -2, -2, -1, -2, 1, 1, -2, -1, -2, -2, -1, 2, 2, -1]"
493,dfs_bnb_mpi,0.612813,-6,7,191082,"[-1, -1, 2, 1, 1, 2, -1, 2, -1, -2, -1, 2, 2, 1, 1, 2, 1, -2, -2]"
494,dfs_bnb_mpi,0.572627,-7,8,175230,"[-1, -1, 2, 1, 1, 1, -2, -2, 1, -2, -1, -2, -1, 2, -1, -1, 2, 1, 1]"
495,dfs_bnb_mpi,1.18613,-6,7,358984,"[-1, -2, 1, 1, 2, 2, 1, -2, -2, 1, 1, -2, -1, -1, -2, -1, -1, 2, 1]"
496,dfs_bnb_mpi,0.211933,-6,7,66410,"[-1, -2, 1, 1, -2, -2, 1, 2, 1, 1, 2, -1, -1, 2, -1, 2, -1, 2, 2]"
497,dfs_bnb_mpi,0.156071,-6,7,46049,"[-1, -2, -1, -2, -1, -1, 2, 1, 2, 1, 2, 1, 1, 2, -1, 2, -1, -2, -1]"
498,dfs_bnb_mpi,30.6602,-5,6,7258236,"[-1, -1, 2, 2, 2, 2, 2, 2, 1, 1, 2, 1, -2, -2, -2, -1, 2, -1, -2]"
499,dfs_bnb_mpi,0.510296,-4,5,152793,"[-1, -1, 2, 2, 2, 1, 2, 2, -1, -2, -1, -2, -1, -2, 1, -2, -1, -1, 2]"
500,dfs_bnb_mpi,0.437282,-5,6,137513,"[-1, -1, 2, 2, 1, -2, 1, 1, -2, -2, 1, 1, -2, -1, -1, -1, 2, -1, -1]"
501,dfs_bnb_mpi,0.753981,-6,7,228235,"[-1, -1, 2, 2, 1, -2, 1, 2, 2, 1, -2, 1, 1, -2, -2, -1, -1, 2, 1]"
502,dfs_bnb_mpi,0.411796,-5,6,129874,"[-1, -1, 2, 1, 2, 2, 2, 1, -2, 1, 2, 1, -2, -2, -1, -1, -2, 1, 1]"
503,dfs_bnb_mpi,0.133632,-4,5,40644,"[-1, -1, 2, 2, 2, 2, 1, 2, -1, 2, -1, -1, -1, -2, -2, 1, 1, 2, -1]"
504,dfs_bnb_mpi,0.031904,-6,7,9200,"[-1, -1, 2, -1, -2, -2, 1, -2, -1, -2, -2, -1, 2, 2, -1, 2, 1, 2, 2]"
505,dfs_bnb_mpi,0.009921,-5,6,2752,"[-1, -2, 1, 1, 2, 2, 1, 2, -1, -1, -2, -1, 2, 2, 2, 2, 2, 2, 2]"
506,dfs_bnb_mpi,0.00502,-5,6,1373,"[-1, -1, 2, 1, 1, 2, -1, 2, -1, -2, -1, -2, -1, 2, 2, 2, 2, 2, 2]"
507,dfs_bnb_mpi,5.9048,-6,6,1825222,"[-1, -1, 2, 2, 1, -2, 1, 2, 1, -2, 1, 2, 1, -2, -2, -1, -1, -2, 1]"
508,dfs_bnb_mpi,0.890815,-6,7,286403,"[-1, -1, 2, -1, 2, 1, 1, -2, 1, 1, -2, 1, 2, 2, 2, -1, -1, -1, -1]"
509,dfs_bnb_mpi,0.020906,-5,6,5845,"[-1, -1, 2, 1, 2, 2, 1, -2, -2, 1, 1, 2, -1, 2, 2, 2, 2, 2, 2]"
510,dfs_bnb_mpi,7.84957,-6,7,1939899,"[-1, -2, -1, -2, -1, 2, 2, 2, 1, 1, 1, 2, 1, -2, -2, -2, -1, -2, -1]"
511,dfs_bnb_mpi,4.53771,-6,7,1358040,"[-1, -2, -1, -1, -2, 1, 1, 1, 2, 1, 2, 2, -1, 2, -1, -2, -1, -2, -1]"
512,dfs_bnb_mpi,0.743513,-7,8,213530,"[-1, -2, -2, -1, 2, 2, -1, 2, -1, 2, -1, 2, 1, 1, -2, 1, -2, 1, 2]"
513,dfs_bnb_mpi,0.325917,-6,7,76221,"[-1, -2, -1, 2, -1, 2, -1, 2, 2, 1, -2, 1, -2, 1, 2, 2, 2, 2, 2]"
514,dfs_bnb_mpi,0.299524,-6,7,91553,"[-1, -1, 2, 2, 1, -2, 1, 2, 1, -2, 1, -2, 1, 1, -2, -1, -1, -1, 2]"
515,dfs_bnb_mpi,7.8643,-6,7,2197266,"[-1, -1, 2, -1, -2, -1, -2, -1, 2, -1, -2, -2, 1, -2, 1, 2, 1, 2, 1]"
516,dfs_bnb_mpi,21.6428,-5,6,5228276,"[-1, -1, 2, 2, 2, 2, -1, -2, -2, -1, 2, -1, -2, -2, 1, 1, -2, -2, 1]"
517,dfs_bnb_mpi,0.1937,-6,7,52774,"[-1, -2, -1, -1, 2, 1, 2, -1, 2, 2, 1, -2, 1, -2, 1, 2, 2, 2, 2]"
518,dfs_bnb_mpi,7.2e-05,0,1,20,"[-1, -1, 2, 2, 2, 2, 2, 2, 2, 2, 2, 2, 2, 2, 2, 2, 2, 2, 2]"
519,dfs_bnb_mpi,0.089948,-6,7,27288,"[-1, -1, -1, 2, 1, 2, 2, -1, -2, -1, -2, -2, -1, -2, 1, -2, 1, 2, 1]"
520,dfs_bnb_mpi,0.161318,-6,7,50091,"[-1, -1, 2, 2, 1, -2, 1, 2, 1, -2, 1, 1, -2, -1, -1, -2, -2, -1, 2]"
521,dfs_bnb_mpi,0.968982,-4,5,243215,"[-1, -1, 2, 2, 2, 2, 2, 2, 1, -2, -2, -2, -2, -2, 1, 1, 2, -1, 2]"
522,dfs_bnb_mpi,0.604206,-5,5,191757,"[-1, -1, 2, 2, 1, -2, 1, 2, 2, -1, -1, -1, 2, -1, -2, -2, 1, -2, -1]"
523,dfs_bnb_mpi,1.05853,-5,6,240997,"[-1, -1, 2, 2, 2, 2, 2, 2, 1, -2, -2, 1, -2, -1, -2, -2, 1, 2, 1]"
524,dfs_bnb_mpi,0.325433,-4,5,101211,"[-1, -1, 2, 2, 2, 1, 1, 2, -1, -1, 2, 2, -1, -2, -1, -2, 1, -2, -1]"
525,dfs_bnb_mpi,6.8516,-6,7,2025062,"[-1, -1, 2, 2, 2, 1, 1, 2, 2, 2, 1, -2, -2, 1, -2, -1, -2, -1, -1]"
526,dfs_bnb_mpi,0.144404,-5,6,45443,"[-1, -1, 2, 2, 2, 1, -2, -2, 1, 1, -2, -2, -1, -1, -2, -1, -1, 2, 1]"
527,dfs_bnb_mpi,0.442574,-6,7,138117,"[-1, -1, 2, 1, 1, 1, 2, 1, 2, 1, -2, 1, -2, -1, -1, -2, -2, -1, 2]"
528,dfs_bnb_mpi,0.039217,-6,7,12523,"[-1, -1, 2, -1, 2, 1, 2, 2, -1, -1, -2, -2, -1, -2, 1, -2, 1, -2, 1]"
529,dfs_bnb_mpi,1.01548,-2,3,311039,"[-1, -1, 2, 2, 2, 2, 2, 2, 2, 2, 2, 1, 2, 2, -1, -2, -1, -2, -1]"
530,dfs_bnb_mpi,0.694413,-7,8,182511,"[-1, -1, 2, -1, -2, -1, -1, -2, 1, 1, 1, 1, -2, -1, -2, -1, -1, 2, 1]"
531,dfs_bnb_mpi,0.367522,-4,5,108692,"[-1, -1, 2, 2, 2, 1, -2, -2, 1, 2, 2, 1, -2, -2, -2, 1, 2, 2, 2]"
532,dfs_bnb_mpi,0.398033,-5,6,113867,"[-1, -1, 2, 2, 2, 1, 2, 1, -2, -2, -1, -2, 1, 1, -2, 1, -2, -1, -1]"
533,dfs_bnb_mpi,0.064781,-6,7,19214,"[-1, -1, 2, 1, 1, 2, -1, 2, -1, -2, -1, -2, -1, -2, 1, -2, 1, 1, 1]"
534,dfs_bnb_mpi,2.364,-6,7,721058,"[-1, -1, 2, -1, -2, -1, -2, -1, -2, -1, -2, 1, -2, 1, 2, 2, 1, 2, 1]"
535,dfs_bnb_mpi,0.113557,-6,7,35079,"[-1, -1, 2, 1, 1, 1, 2, -1, 2, 2, -1, -2, -2, -1, -1, -2, -1, 2, 2]"
536,dfs_bnb_mpi,1.09805,-4,5,310535,"[-1, -1, 2, 2, 2, 2, 2, 2, 1, 2, -1, 2, -1, -2, -1, -1, -2, 1, 1]"
537,dfs_bnb_mpi,0.008163,-5,6,1952,"[-1, -1, 2, 1, 2, 1, -2, 1, 1, -2, -1, -2, 1, 1, 2, 2, 2, 2, 2]"
538,dfs_bnb_mpi,0.557828,-4,5,170650,"[-1, -1, 2, 2, 2, 1, 2, 2, 1, -2, -2, 1, -2, -1, -1, -2, 1, 1, 1]"
539,dfs_bnb_mpi,9.64691,-5,6,2978206,"[-1, -1, 2, 2, 2, 2, 2, 2, 1, -2, 1, -2, 1, 1, -2, -1, -1, -1, 2]"
540,dfs_bnb_mpi,0.017324,-6,7,5261,"[-1, -1, 2, 1, 2, -1, 2, 1, 2, 1, -2, 1, -2, -1, -2, 1, 1, 2, 2]"
541,dfs_bnb_mpi,3.05499,-6,7,861089,"[-1, -1, 2, -1, -2, -1, -1, -2, -2, 1, 1, -2, 1, 2, 1, 2, -1, -1, -1]"
542,dfs_bnb_mpi,18.7062,-6,7,5330632,"[-1, -1, 2, -1, 2, -1, -2, -1, 2, -1, -2, -2, 1, -2, -2, 1, 2, 2, 1]"
543,dfs_bnb_mpi,6.6881,-6,7,2003690,"[-1, -1, 2, -1, 2, 2, -1, -2, -2, -1, -2, -1, -2, 1, 1, 2, 1, -2, 1]"
544,dfs_bnb_mpi,0.426334,-6,7,121447,"[-1, -1, -1, 2, 1, 2, -1, 2, 1, 2, 1, -2, 1, -2, -1, -2, 1, 1, 2]"
545,dfs_bnb_mpi,1.01841,-6,7,303854,"[-1, -1, 2, 2, 2, -1, -2, -2, -1, 2, -1, -1, -2, 1, -2, 1, -2, 1, 2]"
546,dfs_bnb_mpi,17.8884,-6,7,5281186,"[-1, -1, 2, -1, -1, -2, -2, -1, -2, 1, 1, 1, 1, 1, 2, -1, -1, -1, 2]"
547,dfs_bnb_mpi,0.629331,-6,7,197407,"[-1, -1, 2, 1, 2, 1, 1, 2, -1, 2, 2, 1, -2, 1, -2, -2, -2, -1, -1]"
548,dfs_bnb_mpi,0.325582,-6,7,97998,"[-1, -2, 1, -2, 1, 2, 2, 2, 2, 1, -2, -2, 1, 1, -2, -1, -1, -2, 1]"
549,dfs_bnb_mpi,0.627638,-6,7,171496,"[-1, -2, 1, 1, 2, 2, -1, -1, 2, 1, 2, -1, -1, -2, -2, -1, -2, 1, -2]"
550,dfs_bnb_mpi,0.120158,-5,6,32217,"[-1, -1, 2, 2, -1, -1, -1, -2, 1, 1, -2, -1, -2, 1, 1, 1, 1, 1, 2]"
551,dfs_bnb_mpi,2.05358,-2,3,622946,"[-1, -1, 2, 2, 1, -2, 1, 2, 2, 2, 2, -1, -1, -1, -2, -2, -2, -2, -1]"
552,dfs_bnb_mpi,0.02223,-6,6,6081,"[-1, -1, 2, 2, 2, 1, 2, 1, -2, 1, 1, -2, -1, -1, -1, -2, 1, 1, 1]"
553,dfs_bnb_mpi,4.53177,-6,7,1142920,"[-1, -1, 2, -1, -2, -2, 1, -2, -2, 1, -2, 1, 2, 1, 2, -1, 2, -1, -2]"
554,dfs_bnb_mpi,0.420424,-6,7,119959,"[-1, -1, 2, 2, 1, -2, 1, 2, 1, 2, 1, -2, 1, -2, -2, -1, 2, -1, -2]"
555,dfs_bnb_mpi,6.60115,-4,5,1713624,"[-1, -1, 2, 2, 2, 2, 1, 2, 2, -1, -2, -1, -1, -2, 1, -2, -1, -1, 2]"
556,dfs_bnb_mpi,0.723808,-6,7,171533,"[-1, -1, 2, -1, -2, -2, -1, -2, 1, -2, 1, 2, 2, 1, 1, -2, -1, -2, 1]"
557,dfs_bnb_mpi,1.60509,-6,7,394214,"[-1, -2, 1, 1, 2, 2, 1, 2, -1, 2, 2, -1, -2, -2, -1, -1, -2, 1, 1]"
558,dfs_bnb_mpi,3.91608,-4,5,1196529,"[-1, -1, 2, 2, 2, 2, 1, 2, 1, 2, -1, 2, 2, -1, -2, -2, -2, -1, -2]"
559,dfs_bnb_mpi,0.559865,-6,7,173500,"[-1, -1, 2, 2, 1, -2, 1, 2, 1, 2, -1, -1, 2, 2, -1, -2, -1, -2, 1]"
560,dfs_bnb_mpi,1.35097,-6,7,426295,"[-1, -1, 2, 1, 2, 1, 2, 2, 2, 1, -2, -2, 1, 1, -2, -1, -1, -2, -1]"
561,dfs_bnb_mpi,2.47067,-4,5,779542,"[-1, -1, 2, 1, 2, -1, 2, -1, -2, -1, 2, 2, -1, -2, -2, -2, 1, 1, -2]"
562,dfs_bnb_mpi,2.80393,-4,5,884445,"[-1, -1, 2, 2, 2, 2, 1, -2, 1, -2, 1, 2, 1, -2, -2, -1, -1, -1, 2]"
563,dfs_bnb_mpi,0.056954,-6,7,15542,"[-1, -2, 1, 1, 2, 2, -1, -1, -1, -2, -2, -2, 1, -2, -2, 1, 2, 2, 1]"
564,dfs_bnb_mpi,0.378909,-5,6,89360,"[-1, -1, 2, 2, 2, 2, 2, -1, -2, -2, -2, -2, -2, -1, -1, 2, 1, 2, 2]"
565,dfs_bnb_mpi,7.81856,-6,7,2440862,"[-1, -2, -1, 2, 2, 1, 1, 1, -2, 1, -2, 1, 1, -2, -1, -1, -1, 2, -1]"
566,dfs_bnb_mpi,0.40158,-6,7,111258,"[-1, -1, 2, 1, 2, -1, -1, -2, -2, -1, -1, 2, -1, 2, 1, 2, 1, -2, -2]"
567,dfs_bnb_mpi,1.56164,-5,6,448790,"[-1, -1, 2, 2, 2, -1, -2, -2, -2, -2, 1, 1, 1, 1, 1, 2, -1, 2, -1]"
568,dfs_bnb_mpi,2.05667,-5,6,650254,"[-1, -1, 2, 2, -1, -2, -1, -2, 1, -2, 1, 1, 1, -2, -1, -1, -1, -1, 2]"
569,dfs_bnb_mpi,0.057325,-6,7,16870,"[-1, -1, 2, -1, 2, 2, -1, -2, -2, -2, 1, -2, -1, -1, 2, -1, 2, 1, 2]"
570,dfs_bnb_mpi,2.91577,-6,7,733564,"[-1, -1, 2, 1, 2, 2, 1, -2, 1, 2, 1, -2, -2, -2, -2, -1, 2, 2, -1]"
571,dfs_bnb_mpi,0.502736,-5,6,148418,"[-1, -1, 2, 2, 2, 1, 2, 2, -1, -2, -1, 2, -1, -2, -2, 1, -2, -1, -1]"
572,dfs_bnb_mpi,0.319471,-5,5,98697,"[-1, -1, 2, 2, 1, -2, 1, 2, 2, 2, 1, -2, -2, -2, 1, -2, -1, -2, 1]"
573,dfs_bnb_mpi,4.33458,-6,7,1172020,"[-1, -1, 2, 1, 1, 2, 2, 2, 2, 2, 1, -2, -2, -2, -2, 1, -2, -1, -2]"
574,dfs_bnb_mpi,0.016718,-6,6,5239,"[-1, -1, 2, 1, 2, 2, 1, -2, -2, 1, 1, -2, -1, -2, -1, -2, -1, 2, -1]"
575,dfs_bnb_mpi,6.34204,-6,7,1908741,"[-1, -1, 2, -1, 2, 2, -1, -1, -2, 1, -2, -1, -1, -2, 1, 1, 1, -2, 1]"
576,dfs_bnb_mpi,2.2797,-5,6,688155,"[-1, -1, 2, 2, 2, 1, 2, 2, 1, -2, -2, 1, -2, -1, -1, -2, 1, 1, 1]"
577,dfs_bnb_mpi,0.9423,-6,7,266365,"[-1, -1, 2, 2, 1, 2, 1, 2, -1, 2, -1, -2, -1, -1, -2, -2, 1, 2, 1]"
578,dfs_bnb_mpi,0.020124,-6,7,6130,"[-1, -1, 2, 2, 2, -1, -2, -2, -2, -1, -2, -2, 1, 2, 1, -2, 1, 2, 1]"
579,dfs_bnb_mpi,2.13412,-6,7,642623,"[-1, -2, 1, 1, 1, 2, 2, 2, 2, -1, -1, -2, -1, -1, -2, 1, 1, 1, -2]"
580,dfs_bnb_mpi,0.033946,-8,9,10483,"[-1, -2, 1, -2, 1, 2, 1, 2, -1, 2, -1, -1, 2, -1, -2, -1, -2, 1, -2]"
581,dfs_bnb_mpi,4.76483,-6,7,1400871,"[-1, -2, -1, 2, -1, 2, 1, 1, 2, 1, -2, 1, -2, 1, -2, -1, -1, -2, 1]"
582,dfs_bnb_mpi,0.02121,-5,6,6136,"[-1, -2, 1, 1, 2, 2, 2, 2, -1, -2, -2, -1, 2, 2, 2, 2, 2, 2, 2]"
583,dfs_bnb_mpi,1.76657,-2,3,528697,"[-1, -1, 2, 2, 2, 2, 2, 1, -2, 1, 2, 2, 2, -1, -1, -1, -2, -2, -2]"
584,dfs_bnb_mpi,0.235546,-4,5,68810,"[-1, -1, 2, 2, 2, 2, -1, -2, -1, -2, 1, -2, -2, -1, -2, 1, 1, 1, 1]"
585,dfs_bnb_mpi,1.37939,-5,6,434673,"[-1, -1, 2, 2, 2, 2, 1, -2, 1, 2, 1, -2, -2, 1, -2, -1, -1, 2, -1]"
586,dfs_bnb_mpi,0.02801,-6,7,8506,"[-1, -1, 2, -1, -2, -1, 2, -1, -1, -2, 1, -2, 1, 1, -2, 1, 2, 1, 1]"
587,dfs_bnb_mpi,1.23737,-6,7,342504,"[-1, -1, 2, 1, 2, 2, 2, 1, -2, -2, -2, 1, 2, 1, -2, 1, -2, -1, -1]"
588,dfs_bnb_mpi,0.25388,-5,6,63634,"[-1, -1, 2, 1, 1, 1, 2, 2, 1, -2, 1, 1, -2, -1, -1, -2, -2, -1, 2]"
589,dfs_bnb_mpi,13.0831,-5,6,3303780,"[-1, -1, 2, 2, 2, 1, 2, 2, 2, 2, 1, -2, -2, -2, -2, 1, -2, -1, -1]"
590,dfs_bnb_mpi,2.72542,-4,5,839238,"[-1, -1, 2, 2, 2, 2, 1, 2, 2, -1, -2, -1, 2, 2, -1, -2, -2, -2, 1]"
591,dfs_bnb_mpi,0.004569,-4,5,1414,"[-1, -1, 2, 2, 2, 1, 2, -1, 2, -1, -2, -2, -1, -1, -2, 1, 1, -2, -1]"
592,dfs_bnb_mpi,4.61565,-6,7,1451450,"[-1, -1, 2, 1, 2, 2, 2, 1, -2, -2, 1, 2, 2, 1, -2, -2, -2, -1, -1]"
593,dfs_bnb_mpi,0.082958,-6,6,24716,"[-1, -2, 1, 1, 1, 2, -1, 2, 2, 2, -1, -2, -2, -1, 2, 2, 2, 2, 2]"
594,dfs_bnb_mpi,4.33164,-6,7,1082200,"[-1, -1, 2, 1, 1, 2, -1, -1, 2, 2, -1, -2, -1, -2, -2, -2, 1, 2, 2]"
595,dfs_bnb_mpi,5.7854,-6,7,1419688,"[-1, -2, 1, -2, -1, -1, 2, 2, 2, 1, 1, 1, -2, 1, -2, -1, -2, 1, 1]"
596,dfs_bnb_mpi,0.009429,-6,7,2592,"[-1, -1, 2, 2, -1, -1, -2, 1, -2, -1, -1, 2, -1, -1, 2, 1, 1, 2, 2]"
597,dfs_bnb_mpi,0.377759,-5,6,112922,"[-1, -1, 2, 2, 2, 1, 2, 1, 2, 1, -2, 1, -2, -1, -1, -2, -1, -2, 1]"
598,dfs_bnb_mpi,1.01341,-6,7,290358,"[-1, -1, 2, 1, 1, 2, 1, -2, -2, -2, -1, -1, -1, -2, -2, 1, 1, 2, -1]"
599,dfs_bnb_mpi,0.673249,-6,7,214099,"[-1, -1, 2, -1, 2, 1, 2, 1, 2, 1, -2, 1, 1, -2, -1, -1, -2, -1, 2]"
600,dfs_bnb_mpi,0.377234,-4,5,111848,"[-1, -1, 2, 1, 2, 1, -2, 1, 2, 2, -1, -1, -1, -2, -1, -2, -1, 2, 2]"
601,dfs_bnb_mpi,4.8931,-4,5,1352148,"[-1, -1, 2, 2, 2, 2, 2, 2, 1, 2, 2, -1, -1, -1, -2, -2, 1, 2, 1]"
602,dfs_bnb_mpi,2.6459,-6,6,788287,"[-1, -2, 1, 1, 1, -2, -1, -1, -1, -1, 2, 2, 2, 1, 1, 1, 1, -2, -1]"
603,dfs_bnb_mpi,4.67964,-6,7,1390792,"[-1, -1, 2, -1, -2, -2, 1, -2, 1, 2, 1, -2, -2, -1, -1, -1, 2, -1, 2]"
604,dfs_bnb_mpi,0.993084,-7,8,310782,"[-1, -2, 1, 1, 2, 2, 1, -2, 1, -2, -2, -2, -1, -1, -1, 2, 1, 1, 2]"
605,dfs_bnb_mpi,0.348812,-6,7,95996,"[-1, -1, 2, -1, -2, -2, -1, -2, 1, -2, 1, 2, 2, 1, 1, 1, -2, -1, -1]"
606,dfs_bnb_mpi,1.7215,-5,6,528607,"[-1, -1, 2, 2, 2, 2, 1, 1, -2, -1, -2, 1, 1, 2, 2, 2, 2, -1, -2]"
607,dfs_bnb_mpi,0.192702,-4,5,50386,"[-1, -1, 2, 2, 2, 2, -1, -2, -1, -2, 1, -2, -2, -1, 2, -1, 2, 2, 2]"
608,dfs_bnb_mpi,0.031138,-6,7,8934,"[-1, -1, 2, -1, -2, -2, 1, -2, 1, -2, -1, -1, 2, -1, 2, 2, 2, 2, 2]"
609,dfs_bnb_mpi,0.044843,-6,7,12454,"[-1, -1, 2, 2, -1, 2, -1, -2, -2, 1, -2, -1, -2, -1, 2, -1, 2, 1, 2]"
610,dfs_bnb_mpi,1.05573,-5,6,245112,"[-1, -1, 2, 2, 2, 2, -1, -1, -2, -1, -2, 1, 1, -2, -1, -2, 1, -2, 1]"
611,dfs_bnb_mpi,0.055493,-6,7,16468,"[-1, -2, -1, 2, 2, 2, -1, 2, 1, 1, -2, -2, 1, 2, 2, 2, -1, -1, 2]"
612,dfs_bnb_mpi,1.27868,-6,7,387305,"[-1, -1, 2, 1, 2, -1, 2, 2, 2, 2, 1, -2, -2, -2, 1, -2, 1, -2, -1]"
613,dfs_bnb_mpi,0.127027,-6,7,31512,"[-1, -2, -1, 2, -1, 2, 1, 2, 2, 1, -2, -2, 1, 2, 2, 2, 2, 2, 2]"
614,dfs_bnb_mpi,18.579,-5,6,4975878,"[-1, -1, -1, 2, 2, 2, 2, 1, 1, 1, -2, -2, -2, -1, 2, 2, -1, -2, -2]"
615,dfs_bnb_mpi,2.86699,-4,5,831947,"[-1, -1, 2, 2, 2, 2, 2, 2, 1, 2, -1, -1, 2, 2, -1, -2, -2, -2, 1]"
616,dfs_bnb_mpi,0.187715,-6,7,51978,"[-1, -1, 2, 1, 1, 2, 1, 1, 1, -2, -2, -1, 2, -1, -2, -2, 1, 1, 1]"
617,dfs_bnb_mpi,0.913764,-6,7,293026,"[-1, -1, -1, -1, 2, 1, 2, 1, -2, 1, 1, 2, 2, 2, 2, -1, -2, -2, -2]"
618,dfs_bnb_mpi,34.3466,-5,6,8063148,"[-1, -1, 2, 2, -1, 2, 2, 2, 2, 1, -2, -2, -2, 1, 1, -2, -1, -2, 1]"
619,dfs_bnb_mpi,0.577866,-6,7,140276,"[-1, -2, -1, 2, -1, -1, 2, 1, 2, 2, 1, -2, -2, 1, 2, 2, 1, -2, 1]"
620,dfs_bnb_mpi,2.30332,-5,6,736409,"[-1, -1, 2, -1, -2, -2, 1, 1, 1, 1, 1, 2, -1, 2, 2, 2, -1, -2, -2]"
621,dfs_bnb_mpi,4.48904,-5,6,1335243,"[-1, -1, 2, 2, 2, -1, -1, -2, -2, -2, 1, -2, 1, 1, -2, -1, -1, -1, 2]"
622,dfs_bnb_mpi,0.303604,-6,7,89582,"[-1, -1, 2, 2, -1, -2, -2, -1, 2, 2, -1, 2, -1, -1, -2, 1, -2, 1, -2]"
623,dfs_bnb_mpi,0.700734,-6,7,213365,"[-1, -1, 2, -1, -2, -2, 1, 1, -2, 1, 2, 1, 1, 2, -1, 2, -1, -1, 2]"
624,dfs_bnb_mpi,2.85171,-5,6,711984,"[-1, -1, 2, 2, -1, -2, -1, -2, -1, 2, -1, -2, -2, 1, 1, -2, 1, 2, 2]"
625,dfs_bnb_mpi,1.18382,-6,7,319109,"[-1, -1, 2, 2, 2, 2, 2, 1, -2, 1, -2, -1, -2, 1, 1, 2, 1, 2, -1]"
626,dfs_bnb_mpi,6.31132,-7,8,1592967,"[-1, -2, -1, 2, 2, -1, 2, 1, 2, 1, 2, 2, 1, -2, -2, -2, -2, -1, 2]"
627,dfs_bnb_mpi,6.76333,-6,7,1821643,"[-1, -1, 2, 2, 2, 2, 1, 2, 1, 1, -2, -2, -2, -1, 2, -1, -2, -2, 1]"
628,dfs_bnb_mpi,5.73693,-4,5,1417578,"[-1, -1, 2, 2, 2, 2, 2, 2, 2, 2, 1, 2, -1, -1, 2, -1, -2, -2, 1]"
629,dfs_bnb_mpi,1.30754,-7,8,400723,"[-1, -2, 1, -2, 1, 2, 1, 2, 1, 2, 2, 2, 2, -1, -2, -2, -2, -1, -2]"
630,dfs_bnb_mpi,3.09554,-6,7,727153,"[-1, -1, 2, 1, 1, 2, 2, -1, -2, -1, 2, -1, -1, -2, 1, -2, -2, -1, 2]"
631,dfs_bnb_mpi,16.1491,-6,7,4860071,"[-1, -1, 2, 2, 2, 1, 1, -2, 1, 1, 1, -2, -1, -2, -2, -1, 2, 2, -1]"
632,dfs_bnb_mpi,3.14566,-4,5,804362,"[-1, -1, 2, 2, 2, 2, 2, 2, 2, 2, 2, 1, -2, -2, 1, 2, 2, 2, 2]"
633,dfs_bnb_mpi,0.395202,-6,6,109286,"[-1, -1, 2, 1, 1, 1, 2, 1, 2, 1, -2, 1, -2, -1, -1, -2, -2, -1, 2]"
634,dfs_bnb_mpi,1.0009,-5,6,302662,"[-1, -1, 2, 2, 1, -2, 1, 2, 2, -1, 2, -1, 2, 2, -1, -2, -2, -2, 1]"
635,dfs_bnb_mpi,0.839153,-6,7,214436,"[-1, -2, 1, 1, 2, 2, -1, 2, -1, -2, -1, -1, -2, 1, -2, -1, -1, 2, 2]"
636,dfs_bnb_mpi,7.54432,-5,6,1860618,"[-1, -1, 2, 2, 2, 2, 1, -2, 1, 2, 2, 1, -2, -2, -2, -1, -2, -1, 2]"
637,dfs_bnb_mpi,2.32636,-5,6,695707,"[-1, -1, 2, 2, 1, 1, -2, 1, 2, 1, 2, 1, -2, -2, -1, -2, -1, -2, 1]"
638,dfs_bnb_mpi,0.616542,-5,6,177474,"[-1, -1, 2, 2, -1, -2, -1, -1, -2, 1, 1, -2, -2, 1, 1, 1, 2, -1, -1]"
639,dfs_bnb_mpi,0.993544,-6,7,301378,"[-1, -1, 2, 1, 1, 2, -1, -1, 2, 2, -1, 2, 2, 1, -2, 1, -2, -2, 1]"
640,dfs_bnb_mpi,0.851238,-6,7,233277,"[-1, -2, -1, 2, 2, 1, 1, 1, -2, 1, -2, 1, -2, -1, -1, 2, -1, -2, -1]"
641,dfs_bnb_mpi,0.066758,-7,7,17030,"[-1, -1, 2, 1, 1, 2, 1, -2, 1, -2, -1, -2, 1, 1, 1, 2, -1, 2, 2]"
642,dfs_bnb_mpi,16.5872,-5,6,4892322,"[-1, -1, 2, 2, 2, 2, 2, 2, 1, 1, -2, -2, -2, -2, -2, -1, 2, 2, 2]"
643,dfs_bnb_mpi,0.777958,-5,6,243927,"[-1, -1, 2, 2, -1, 2, 2, -1, -2, -2, -1, 2, -1, -2, -2, 1, 1, 1, -2]"
644,dfs_bnb_mpi,4.16935,-6,7,1117620,"[-1, -1, 2, 1, 1, 2, 2, -1, -2, -1, 2, -1, -1, -2, -2, -2, 1, 2, 2]"
645,dfs_bnb_mpi,0.041018,-5,6,12833,"[-1, -2, 1, 1, 2, 1, 2, -1, 2, 2, 2, -1, -2, -2, -2, -1, 2, 2, 2]"
646,dfs_bnb_mpi,5.96531,-7,8,1773070,"[-1, -2, -1, -1, 2, 1, 2, 2, 2, 1, 2, 1, -2, 1, -2, -1, -2, -1, 2]"
647,dfs_bnb_mpi,0.445559,-5,6,141114,"[-1, -1, 2, -1, -1, -2, 1, -2, 1, 1, 1, 1, 2, 2, -1, -1, 2, -1, 2]"
648,dfs_bnb_mpi,0.263075,-6,6,83354,"[-1, -1, 2, 1, 1, 2, 1, -2, 1, -2, -1, -2, 1, -2, -1, -1, 2, -1, -1]"
649,dfs_bnb_mpi,16.2496,-5,6,5000360,"[-1, -1, 2, -1, 2, -1, -1, -2, -1, -1, -2, 1, 1, -2, 1, 1, 2, -1, 2]"
650,dfs_bnb_mpi,0.057057,-6,7,17501,"[-1, -2, -1, -2, -1, -2, 1, 1, 2, 1, 2, 1, 2, 2, 2, -1, -2, -1, 2]"
651,dfs_bnb_mpi,0.044942,-5,6,13934,"[-1, -1, 2, 2, 1, -2, 1, 1, -2, -2, -1, -1, -2, 1, 1, 1, 2, 2, 2]"
652,dfs_bnb_mpi,2.38389,-5,6,703218,"[-1, -1, 2, 2, 2, -1, -2, -2, -2, -1, -1, -2, -2, 1, 2, 1, 1, 1, 1]"
653,dfs_bnb_mpi,1.35109,-6,7,395380,"[-1, -1, 2, 2, 1, -2, 1, 1, -2, -2, -1, -1, -2, -2, -1, 2, 2, -1, 2]"
654,dfs_bnb_mpi,0.418569,-5,6,95301,"[-1, -1, 2, 2, 2, 2, 1, 2, -1, 2, 2, -1, -2, -2, -1, -2, 1, -2, -1]"
655,dfs_bnb_mpi,0.176184,-4,4,51250,"[-1, -1, 2, 2, 2, 2, 2, 2, 1, -2, -2, -2, 1, 2, 1, 2, -1, 2, 2]"
656,dfs_bnb_mpi,0.163534,-6,7,47323,"[-1, -1, 2, -1, 2, 2, -1, -2, -1, -2, 1, -2, 1, -2, -1, -1, -1, 2, 1]"
657,dfs_bnb_mpi,1.08924,-5,6,292598,"[-1, -1, 2, -1, -2, -2, 1, 1, 1, 1, -2, -1, -2, -1, 2, -1, -2, -1, 2]"
658,dfs_bnb_mpi,0.006674,-6,7,2041,"[-1, -2, 1, 1, -2, -1, -1, -1, -2, 1, -2, -1, -1, 2, 2, 2, 1, 2, 2]"
659,dfs_bnb_mpi,0.040001,-5,6,12529,"[-1, -1, 2, -1, -2, -1, -1, -2, 1, 1, -2, 1, 2, 1, 1, 1, 2, 2, 2]"
660,dfs_bnb_mpi,0.843181,-5,6,260339,"[-1, -1, 2, 2, 2, 1, -2, 1, 2, 1, 2, -1, -1, 2, 2, -1, -2, -2, -1]"
661,dfs_bnb_mpi,0.157506,-4,5,40304,"[-1, -1, 2, 2, 2, 2, 2, 2, 1, 2, 1, -2, 1, -2, -1, -1, -2, 1, 1]"
662,dfs_bnb_mpi,4.3772,-6,7,1367980,"[-1, -1, 2, -1, -2, -1, -2, 1, 1, -2, -2, -1, -1, -1, -1, 2, 1, 1, 1]"
663,dfs_bnb_mpi,0.538848,-4,5,164236,"[-1, -1, 2, 1, 2, 2, 2, 2, -1, 2, 1, 1, -2, 1, -2, -1, -2, -2, -2]"
664,dfs_bnb_mpi,0.074844,-6,7,21352,"[-1, -1, 2, 2, 2, 2, 1, 2, 1, -2, 1, -2, -1, -1, -2, -2, 1, 2, 1]"
665,dfs_bnb_mpi,0.330949,-7,8,100733,"[-1, -1, 2, 1, 2, 1, -2, 1, 2, 1, 2, 1, -2, 1, -2, -1, -1, -2, -1]"
666,dfs_bnb_mpi,2.72463,-5,6,732901,"[-1, -1, 2, 2, 2, 2, 1, -2, -2, 1, 2, 2, 1, 1, -2, -1, -2, 1, 1]"
667,dfs_bnb_mpi,0.371757,-6,7,110189,"[-1, -1, 2, 2, 2, 1, 1, -2, -1, -2, 1, 1, 2, 1, -2, -2, -2, -1, 2]"
668,dfs_bnb_mpi,0.203959,-6,7,63454,"[-1, -1, 2, 2, 1, -2, 1, 2, 1, 1, 2, -1, -1, 2, 2, -1, -2, -2, -1]"
669,dfs_bnb_mpi,0.109064,-6,6,29357,"[-1, -1, 2, 2, 2, 2, -1, -2, -2, -2, -2, -2, -1, 2, -1, 2, 1, 2, 2]"
670,dfs_bnb_mpi,2.39501,-6,7,700792,"[-1, -1, 2, 2, 2, -1, -1, -1, -2, -2, -2, 1, -2, 1, 2, 2, 2, -1, -2]"
671,dfs_bnb_mpi,0.873205,-5,6,261908,"[-1, -1, 2, 2, 2, 2, 1, 1, -2, -1, -2, 1, 1, 2, 2, 2, -1, 2, 2]"
672,dfs_bnb_mpi,0.004963,-6,6,1451,"[-1, -1, 2, -1, -1, -2, 1, -2, -2, -1, 2, -1, -1, -1, 2, 1, 1, 2, 2]"
673,dfs_bnb_mpi,6.00068,-6,7,1889233,"[-1, -1, 2, -1, -2, -2, 1, 1, -2, 1, 2, 1, 2, 2, 2, -1, -1, -2, 1]"
674,dfs_bnb_mpi,0.773098,-5,6,201365,"[-1, -1, 2, 2, 2, 2, -1, -1, -2, -2, 1, -2, -1, -2, -1, -2, 1, 1, 2]"
675,dfs_bnb_mpi,1.0939,-5,6,253979,"[-1, -1, 2, 2, -1, -2, -2, -2, -2, -2, 1, 2, 2, 1, 1, -2, -1, -2, 1]"
676,dfs_bnb_mpi,2.77316,-4,5,671543,"[-1, -1, 2, 2, 2, 1, 2, 2, 2, -1, -1, -2, 1, -2, -1, -1, -2, 1, -2]"
677,dfs_bnb_mpi,0.189618,-5,6,52635,"[-1, -2, -1, -2, 1, -2, -2, 1, 2, 1, 2, -1, 2, 1, 2, 2, 2, 2, 2]"
678,dfs_bnb_mpi,5.22602,-4,5,1635857,"[-1, -1, 2, 2, 2, 2, 1, 2, 2, 2, -1, -2, -1, -1, -2, -2, 1, 2, 1]"
679,dfs_bnb_mpi,0.167928,-5,6,43208,"[-1, -1, 2, 2, 2, 2, 1, 2, 2, 1, -2, -2, -2, -1, -2, 1, 1, 2, 2]"
680,dfs_bnb_mpi,0.95962,-6,7,274830,"[-1, -1, 2, 2, -1, -1, 2, 2, -1, -2, -1, -2, 1, -2, 1, 1, -2, -1, -1]"
681,dfs_bnb_mpi,0.091296,-6,7,21973,"[-1, -1, 2, -1, -2, -2, -1, -2, 1, 1, 2, 1, 1, -2, -1, -2, -1, -1, -1]"
682,dfs_bnb_mpi,4.2731,-5,6,1218474,"[-1, -1, 2, 2, 2, 2, 2, -1, -2, -2, -1, -2, -1, -2, 1, -2, 1, 2, 2]"
683,dfs_bnb_mpi,0.001193,-4,5,349,"[-1, -1, 2, 2, 1, -2, 1, 1, 1, 2, -1, -1, 2, 2, 2, 2, 2, 2, 2]"
684,dfs_bnb_mpi,0.449407,-6,5,138245,"[-1, -2, 1, 1, 2, 1, -2, -2, -1, -1, -1, -1, -1, -2, 1, 1, -2, 1, 2]"
685,dfs_bnb_mpi,0.132487,-7,8,40194,"[-1, -1, 2, -1, 2, 1, 2, 1, 2, 1, -2, 1, -2, -1, -1, -2, 1, 1, 1]"
686,dfs_bnb_mpi,6.80757,-5,6,1881907,"[-1, -1, 2, 2, 2, 2, 1, 1, -2, -1, -2, -2, 1, 2, 1, 2, 2, 2, 2]"
687,dfs_bnb_mpi,3.34238,-4,5,948858,"[-1, -1, 2, 2, 2, 1, 2, 2, 1, 2, -1, 2, -1, -2, -2, -2, -1, -2, -1]"
688,dfs_bnb_mpi,6.60308,-4,5,1967987,"[-1, -1, 2, 2, 2, 2, 2, 2, 2, 2, 1, 2, 1, 1, -2, -1, -2, -1, -2]"
689,dfs_bnb_mpi,1.48061,-7,8,383998,"[-1, -1, 2, 2, 1, 2, -1, 2, -1, -2, -1, -2, -1, -2, -2, 1, 2, 1, 2]"
690,dfs_bnb_mpi,6.34513,-6,7,1763971,"[-1, -2, 1, 1, 1, -2, -1, -1, -2, 1, -2, -1, -1, 2, -1, -1, 2, 1, 1]"
691,dfs_bnb_mpi,23.5965,-5,6,6573799,"[-1, -1, 2, 2, 1, 2, 2, 2, -1, -2, -1, 2, -1, -2, -2, -2, 1, 2, 1]"
692,dfs_bnb_mpi,0.063916,-6,7,19224,"[-1, -2, -2, 1, 2, 1, 2, 2, 1, -2, -2, -2, -1, -2, -2, -1, 2, -1, -1]"
693,dfs_bnb_mpi,0.684645,-4,5,198130,"[-1, -1, 2, 2, 1, 1, 2, -1, -1, 2, 2, -1, -2, -1, -2, 1, -2, -1, -1]"
694,dfs_bnb_mpi,2.58222,-4,5,760210,"[-1, -1, 2, 2, 2, 2, -1, -2, -2, -1, 2, -1, -2, -2, 1, 1, -2, -1, -1]"
695,dfs_bnb_mpi,0.260885,-6,7,76619,"[-1, -2, 1, -2, -1, -2, -2, -1, 2, 2, -1, 2, 1, 2, 2, 2, 1, -2, 1]"
696,dfs_bnb_mpi,0.165483,-7,8,49573,"[-1, -1, 2, 1, 2, -1, 2, -1, -2, -2, -1, 2, -1, -1, 2, 1, 2, 1, -2]"
697,dfs_bnb_mpi,0.454486,-5,6,114524,"[-1, -1, 2, 2, 2, 2, 2, 1, -2, 1, 2, 1, -2, -2, -1, -1, -2, 1, 1]"
698,dfs_bnb_mpi,12.7505,-6,7,3334086,"[-1, -2, -1, 2, -1, 2, -1, 2, 1, 1, 2, 2, 1, -2, -2, 1, -2, -1, -1]"
699,dfs_bnb_mpi,0.279157,-2,3,81742,"[-1, -1, 2, 1, 2, 2, 2, 2, 2, -1, -2, -2, -2, -2, -1, -2, -1, 2, 2]"
700,dfs_bnb_mpi,3.14151,-6,7,976254,"[-1, -2, -1, 2, 2, 1, 1, 1, 2, 1, -2, 1, 1, -2, -1, -1, -1, -2, -1]"
701,dfs_bnb_mpi,0.082349,-7,8,22427,"[-1, -1, -1, 2, 2, 1, -2, 1, 2, 1, -2, 1, -2, -2, -1, -2, -1, 2, -1]"
702,dfs_bnb_mpi,0.508431,-6,6,161672,"[-1, -2, 1, 1, 2, 2, -1, 2, 2, 2, -1, -2, -2, -2, -1, -1, -2, 1, -2]"
703,dfs_bnb_mpi,0.336206,-5,6,107164,"[-1, -1, 2, 1, 1, 2, 1, -2, 1, 2, 1, -2, -2, -1, -1, -2, -2, -1, 2]"
704,dfs_bnb_mpi,0.515518,-4,5,143685,"[-1, -1, 2, 2, 2, 1, 2, 2, 1, -2, -2, -2, -1, -2, 1, 1, 2, 2, 2]"
705,dfs_bnb_mpi,0.947722,-5,5,260883,"[-1, -1, 2, 2, 2, 2, 2, 1, -2, -2, -2, -2, 1, 2, 2, 1, 2, -1, 2]"
706,dfs_bnb_mpi,0.38544,-7,7,117349,"[-1, -1, 2, 1, 1, 2, 1, -2, 1, 1, -2, -1, -1, -2, -2, -1, 2, -1, -1]"
707,dfs_bnb_mpi,6.44802,-4,5,1807116,"[-1, -1, 2, 2, 2, 1, -2, 1, 2, 2, -1, -1, 2, 2, -1, -2, -2, -2, -2]"
708,dfs_bnb_mpi,3.18475,-4,5,919130,"[-1, -1, 2, 2, 2, 2, 2, 1, -2, 1, 2, 2, -1, -1, -1, -2, -1, -2, 1]"
709,dfs_bnb_mpi,0.61296,-5,6,163928,"[-1, -2, -1, 2, 2, 1, 1, 2, 2, 1, -2, -2, -2, -2, -1, -2, 1, 1, 2]"
710,dfs_bnb_mpi,4.93303,-7,8,1537913,"[-1, -2, -1, 2, 2, 1, 2, 1, -2, 1, -2, 1, 1, -2, -1, -1, -2, -1, 2]"
711,dfs_bnb_mpi,4.90383,-6,6,1533887,"[-1, -2, -1, 2, 2, 1, 1, 1, -2, 1, 2, 1, -2, -2, -1, -2, -1, 2, -1]"
712,dfs_bnb_mpi,0.113553,-7,8,33017,"[-1, -2, 1, -2, -2, 1, 2, 2, 1, 2, -1, 2, -1, 2, -1, -2, -1, 2, 2]"
713,dfs_bnb_mpi,3.55454,-6,7,1023435,"[-1, -1, 2, 2, 2, 2, -1, -2, -1, -1, -2, 1, 1, -2, -2, -1, -2, 1, 1]"
714,dfs_bnb_mpi,0.024824,-5,6,7555,"[-1, -1, 2, 2, 1, -2, 1, 1, 2, -1, 2, 2, 2, 1, -2, -2, 1, 2, 2]"
715,dfs_bnb_mpi,0.200049,-7,8,59282,"[-1, -1, 2, 2, 1, 1, -2, 1, -2, -2, 1, -2, -1, -2, -1, 2, -1, 2, 1]"
716,dfs_bnb_mpi,4.34343,-6,7,1315739,"[-1, -1, 2, 1, 1, 2, 1, 1, -2, -1, -2, 1, 1, 1, -2, -1, -1, -1, -1]"
717,dfs_bnb_mpi,0.031856,-5,6,8622,"[-1, -1, 2, 2, 2, 2, -1, -2, -2, -2, -1, -2, 1, -2, -2, 1, 2, 1, 1]"
718,dfs_bnb_mpi,0.154593,-4,5,46174,"[-1, -1, 2, 2, 2, 2, 2, 1, 2, -1, -1, -2, -1, -1, -2, 1, 1, -2, -1]"
719,dfs_bnb_mpi,1.88659,-6,7,586216,"[-1, -1, 2, -1, 2, 2, -1, -2, -1, 2, 2, -1, -2, -2, -2, 1, 1, -2, 1]"
720,dfs_bnb_mpi,2.66576,-4,5,654649,"[-1, -1, 2, 2, 2, 1, -2, -2, 1, 1, -2, -2, -1, -1, -1, -1, -2, 1, 1]"
721,dfs_bnb_mpi,1.43222,-6,7,380073,"[-1, -1, 2, 2, -1, -2, -2, -2, -1, -2, 1, -2, 1, 2, 2, 1, -2, 1, 2]"
722,dfs_bnb_mpi,0.328483,-6,6,96767,"[-1, -1, 2, 1, 1, 2, 2, 2, 2, 1, -2, 1, -2, -1, -2, 1, -2, -1, -2]"
723,dfs_bnb_mpi,2.34207,-6,7,696512,"[-1, -1, 2, 2, 1, 2, 1, 2, -1, -1, -2, -1, -1, -2, 1, -2, -1, -2, 1]"
724,dfs_bnb_mpi,1.14376,-5,5,264964,"[-1, -1, 2, 2, 2, -1, -1, -2, 1, -2, -1, -1, -2, 1, 1, -2, -1, -1, -1]"
725,dfs_bnb_mpi,0.027453,-6,7,7912,"[-1, -1, 2, 2, 1, -2, 1, 1, -2, 1, -2, -2, -1, 2, -1, -1, -1, -1, 2]"
726,dfs_bnb_mpi,0.407276,-5,6,99560,"[-1, -1, 2, 2, 2, 2, 2, 2, 1, 1, -2, -2, -1, -2, 1, -2, -1, -2, 1]"
727,dfs_bnb_mpi,3.25666,-6,7,938283,"[-1, -1, 2, 1, 1, 1, 2, 2, 1, -2, -2, -2, -1, -2, -2, -1, -1, 2, 1]"
728,dfs_bnb_mpi,0.940605,-6,7,261111,"[-1, -1, 2, 1, 2, 2, 2, -1, -1, -1, -2, 1, 1, -2, -1, -1, -2, 1, -2]"
729,dfs_bnb_mpi,0.989612,-4,5,276017,"[-1, -1, 2, 2, 2, 1, -2, -2, 1, 2, 1, -2, -2, 1, -2, -1, -1, -1, -1]"
730,dfs_bnb_mpi,1.88083,-6,7,556646,"[-1, -2, -1, 2, 2, 2, 2, 1, 2, 2, 1, -2, 1, -2, -1, -2, -1, -2, 1]"
731,dfs_bnb_mpi,0.015207,-4,5,4470,"[-1, -1, 2, 2, 2, 2, 2, 1, 2, -1, 2, -1, -2, -2, -1, -2, 1, -2, -1]"
732,dfs_bnb_mpi,0.020707,-6,7,6165,"[-1, -1, 2, 1, 2, -1, -1, -2, -1, -2, 1, -2, 1, 1, -2, -1, -1, -1, 2]"
733,dfs_bnb_mpi,0.074284,-4,5,23379,"[-1, -1, 2, 2, 2, 1, -2, -2, 1, 2, 2, 2, 1, -2, -2, -2, 1, 2, 2]"
734,dfs_bnb_mpi,1.44631,-7,8,424972,"[-1, -2, -1, -2, 1, -2, -2, 1, 2, 2, 2, 1, -2, 1, 2, 2, -1, 2, -1]"
735,dfs_bnb_mpi,3.31352,-6,7,946834,"[-1, -1, 2, 2, 1, 2, -1, 2, -1, -2, -1, -1, 2, -1, -2, -2, 1, 1, 1]"
736,dfs_bnb_mpi,2.21441,-4,5,675917,"[-1, -1, 2, 2, 2, 2, 2, 1, 2, 2, 1, -2, 1, -2, -1, -2, -1, -2, 1]"
737,dfs_bnb_mpi,0.063249,-6,7,16100,"[-1, -1, 2, 2, -1, 2, -1, -2, -1, -2, 1, 1, -2, -2, -2, -1, 2, 2, -1]"
738,dfs_bnb_mpi,0.039913,-5,5,12881,"[-1, -1, 2, 1, 1, 2, 2, 1, -2, -2, 1, 2, 1, -2, -2, -1, -1, -2, 1]"
739,dfs_bnb_mpi,0.450464,-5,6,127420,"[-1, -2, -1, -2, 1, -2, 1, 2, 2, 1, 1, 2, -1, 2, -1, 2, 2, 2, 2]"
740,dfs_bnb_mpi,1.12756,-5,6,323949,"[-1, -1, 2, 1, 2, -1, 2, -1, 2, 2, -1, -2, -2, -2, 1, -2, -1, -1, 2]"
741,dfs_bnb_mpi,8.46877,-6,7,2702856,"[-1, -2, -2, 1, 2, 1, 2, 2, 1, -2, -2, 1, 2, 1, -2, -2, -1, -1, -1]"
742,dfs_bnb_mpi,0.414367,-5,6,131880,"[-1, -1, 2, 1, 2, 2, -1, -2, -1, 2, 2, 1, 1, 1, -2, -2, -2, 1, 2]"
743,dfs_bnb_mpi,3.04028,-6,7,867559,"[-1, -1, 2, 2, 1, 1, 2, 1, -2, 1, -2, 1, -2, -1, -2, -1, 2, 2, -1]"
744,dfs_bnb_mpi,3.63149,-7,8,1071611,"[-1, -1, -1, 2, -1, 2, 2, 1, 2, 1, -2, 1, -2, 1, -2, -1, -1, 2, -1]"
745,dfs_bnb_mpi,0.042205,-6,7,12150,"[-1, -1, 2, -1, 2, -1, -2, -1, -1, -2, 1, 1, 1, -2, -2, 1, 2, 1, 1]"
746,dfs_bnb_mpi,2.19402,-5,6,675555,"[-1, -1, 2, 2, -1, -2, -1, -2, 1, -2, -1, -1, -2, 1, 1, 1, 2, 1, 1]"
747,dfs_bnb_mpi,0.01205,-6,7,3644,"[-1, -1, 2, 2, -1, -2, -1, 2, 2, 1, 2, 1, -2, 1, 1, -2, -1, -2, 1]"
748,dfs_bnb_mpi,0.197848,-7,8,63772,"[-1, -2, -2, 1, 2, 1, 2, 2, -1, 2, 2, 2, -1, -2, -2, -2, -1, -2, -1]"
749,dfs_bnb_mpi,0.125845,-6,7,35684,"[-1, -1, 2, 1, 1, 2, -1, 2, 1, 1, -2, 1, -2, -1, -2, 1, 1, 2, 2]"
750,dfs_bnb_mpi,0.07853,-5,6,22196,"[-1, -1, 2, 2, 2, 1, 1, 2, -1, 2, 1, 1, -2, -2, -2, -1, -1, -2, 1]"
751,dfs_bnb_mpi,1.68239,-6,7,495508,"[-1, -1, 2, -1, 2, 2, 2, 1, 1, -2, 1, 1, -2, -1, -2, -1, 2, -1, 2]"
752,dfs_bnb_mpi,0.14207,-7,7,41847,"[-1, -2, -2, -1, 2, 2, -1, 2, 1, 1, 1, 2, -1, 2, -1, -2, -1, 2, 2]"
753,dfs_bnb_mpi,0.683702,-6,7,193389,"[-1, -2, 1, -2, 1, 2, 2, 2, 2, 1, -2, -2, 1, -2, -1, -2, 1, 1, 2]"
754,dfs_bnb_mpi,2.873,-4,5,695469,"[-1, -1, 2, 1, 2, 2, 2, 2, -1, -1, -2, -2, 1, -2, -1, -1, -2, 1, -2]"
755,dfs_bnb_mpi,2.19943,-7,8,627973,"[-1, -2, -1, 2, 2, 1, 1, 1, 2, 2, 1, -2, -2, -2, -1, -2, -1, -2, -1]"
756,dfs_bnb_mpi,0.503028,-5,6,116259,"[-1, -2, 1, 1, 2, 2, -1, -1, 2, -1, -1, -2, 1, -2, -1, -1, 2, 2, 2]"
757,dfs_bnb_mpi,0.132049,-7,7,39723,"[-1, -1, 2, 1, 2, 1, -2, 1, -2, -2, -1, -1, -1, -2, 1, 1, -2, 1, 2]"
758,dfs_bnb_mpi,0.99071,-6,7,287473,"[-1, -1, 2, 1, 2, 1, 2, 1, 2, 2, 1, -2, -2, 1, -2, -1, -1, -2, -1]"
759,dfs_bnb_mpi,0.081254,-6,7,24265,"[-1, -1, 2, 2, -1, -2, -2, -1, 2, -1, -1, -2, 1, -2, 1, -2, 1, 2, 1]"
760,dfs_bnb_mpi,0.004948,-5,6,1301,"[-1, -1, 2, 2, 1, -2, 1, 2, 2, 1, 1, -2, -1, -2, 1, 1, 2, 2, 2]"
761,dfs_bnb_mpi,9.40135,-6,7,2356749,"[-1, -1, 2, 2, 2, 2, 2, 1, 2, 1, -2, 1, 1, -2, -1, -1, -2, -1, 2]"
762,dfs_bnb_mpi,0.209357,-6,7,65047,"[-1, -1, 2, 1, 2, -1, -1, -2, -1, -2, 1, -2, -1, -2, 1, 1, 2, 1, 1]"
763,dfs_bnb_mpi,0.081016,-6,7,23346,"[-1, -1, 2, 1, 2, -1, 2, -1, -2, -2, -1, -2, -1, -1, 2, 1, 2, 1, 2]"
764,dfs_bnb_mpi,0.009561,-6,7,2797,"[-1, -1, 2, 2, 1, -2, 1, 2, 2, -1, 2, -1, -2, -1, -2, -1, 2, 2, 2]"
765,dfs_bnb_mpi,1.09581,-6,7,257446,"[-1, -1, 2, 2, -1, 2, 2, -1, -2, -2, -2, 1, -2, -1, -2, 1, -2, 1, 2]"
766,dfs_bnb_mpi,0.462253,-7,8,129872,"[-1, -2, -1, -2, -1, 2, -1, 2, 2, 2, 1, -2, -2, 1, 2, 2, 1, -2, 1]"
767,dfs_bnb_mpi,2.23885,-5,6,677857,"[-1, -1, 2, 2, 2, 2, 1, -2, 1, -2, -1, -2, 1, 1, 2, 2, 2, -1, 2]"
768,dfs_bnb_mpi,19.9872,-6,7,5847495,"[-1, -1, 2, -1, -2, -1, -2, 1, -2, 1, -2, 1, 1, 1, 2, -1, -1, 2, -1]"
769,dfs_bnb_mpi,0.356862,-6,7,107479,"[-1, -1, 2, 2, 1, 2, -1, 2, -1, -2, -1, -1, -2, -1, -2, 1, 1, 2, 1]"
770,dfs_bnb_mpi,4.06668,-4,5,1090381,"[-1, -1, 2, 2, 2, 2, 2, 2, 2, 2, 1, 1, 1, -2, -1, -1, -2, 1, 1]"
771,dfs_bnb_mpi,0.056087,-5,6,16815,"[-1, -1, 2, 2, 1, 1, -2, 1, 2, 1, -2, -2, -1, -2, -1, -1, -1, -1, 2]"
772,dfs_bnb_mpi,1.25479,-6,7,394207,"[-1, -1, 2, 2, 2, -1, -2, -2, -2, -1, -1, 2, 1, 2, -1, 2, 1, 2, 1]"
773,dfs_bnb_mpi,2.55961,-5,6,764691,"[-1, -1, 2, 2, 2, 2, 1, 1, 2, 2, 1, -2, 1, -2, -1, -2, -1, -1, -2]"
774,dfs_bnb_mpi,39.2566,-6,7,10084825,"[-1, -2, -1, 2, 2, 1, 1, 1, -2, -2, -2, 1, -2, -1, -1, -1, 2, 1, 2]"
775,dfs_bnb_mpi,0.312556,-5,6,98339,"[-1, -1, 2, 2, 1, -2, 1, 2, 2, -1, -1, -1, -2, -1, -1, -2, 1, 1, -2]"
776,dfs_bnb_mpi,26.67,-5,6,7040729,"[-1, -1, 2, 2, 2, 2, -1, -1, -2, -2, -2, -2, 1, -2, 1, -2, -1, -1, 2]"
777,dfs_bnb_mpi,2.25392,-5,6,683143,"[-1, -1, 2, 2, 2, -1, 2, 2, 1, -2, 1, -2, 1, -2, -1, -2, 1, 1, 2]"
778,dfs_bnb_mpi,2.38523,-6,7,674000,"[-1, -1, 2, 2, 2, 2, 1, 1, -2, -2, -1, -2, 1, 1, -2, -2, -2, -1, 2]"
779,dfs_bnb_mpi,0.094773,-7,7,26736,"[-1, -2, 1, -2, 1, 1, 2, -1, 2, 2, 2, 2, -1, -2, -1, -1, -2, 1, 1]"
780,dfs_bnb_mpi,0.199538,-6,7,56938,"[-1, -1, 2, 2, 1, 2, -1, 2, -1, -2, -1, -1, -2, -2, 1, 2, 1, -2, -2]"
781,dfs_bnb_mpi,0.575972,-5,5,171744,"[-1, -1, 2, 2, -1, -2, -1, 2, -1, -2, -2, 1, 1, -2, 1, -2, -1, -1, 2]"
782,dfs_bnb_mpi,1.33695,-5,6,432592,"[-1, -1, 2, 2, -1, -2, -2, -1, 2, -1, -2, -2, 1, -2, -2, 1, 2, 2, 1]"
783,dfs_bnb_mpi,4.05289,-6,7,1301600,"[-1, -1, 2, 1, 2, 1, 1, 2, 2, 2, 1, -2, -2, -2, 1, -2, -1, -1, -1]"
784,dfs_bnb_mpi,3.35544,-7,8,979178,"[-1, -2, 1, -2, 1, 2, 1, 2, 2, 2, 1, 2, -1, -1, -2, -1, -2, 1, -2]"
785,dfs_bnb_mpi,0.366148,-4,5,108924,"[-1, -1, 2, 2, 2, 2, 2, 1, 2, -1, 2, -1, -2, -1, -2, 1, -2, -1, -1]"
786,dfs_bnb_mpi,0.036338,-6,7,10971,"[-1, -1, 2, 1, 2, 2, 2, 1, -2, 1, -2, -1, -2, 1, -2, 1, 2, 2, 2]"
787,dfs_bnb_mpi,0.045759,-4,4,13595,"[-1, -1, 2, 1, 1, 2, 2, 2, 1, -2, -2, 1, 1, -2, -1, -1, -2, 1, 1]"
788,dfs_bnb_mpi,0.017448,-6,6,5223,"[-1, -1, 2, 1, 2, 2, 1, -2, -2, 1, 1, -2, -1, -2, -1, -2, -1, 2, -1]"
789,dfs_bnb_mpi,0.745193,-6,7,225236,"[-1, -2, 1, -2, 1, 2, 2, 1, 2, 2, -1, -2, -1, -1, -1, 2, 1, 1, 2]"
790,dfs_bnb_mpi,1.32078,-6,7,380217,"[-1, -1, 2, -1, -2, -2, 1, 1, 1, -2, 1, -2, -1, -1, -1, -1, 2, 1, 1]"
791,dfs_bnb_mpi,7.92612,-5,6,2263056,"[-1, -1, 2, 2, 2, 2, -1, -2, -2, -2, -1, 2, -1, -2, -2, 1, 1, -2, 1]"
792,dfs_bnb_mpi,3.57225,-6,7,890281,"[-1, -1, 2, 2, 2, 2, 2, 1, 2, -1, 2, 1, 1, -2, 1, -2, -1, -2, -1]"
793,dfs_bnb_mpi,0.065129,-6,7,18600,"[-1, -1, 2, 1, 1, 2, 2, 1, -2, -2, 1, -2, 1, 1, 2, -1, 2, -1, 2]"
794,dfs_bnb_mpi,2.39868,-5,6,680001,"[-1, -1, 2, 2, 2, 2, 1, 2, 2, 2, -1, -2, -2, -1, -2, -1, -2, 1, -2]"
795,dfs_bnb_mpi,0.016737,-7,8,4663,"[-1, -2, 1, 1, 2, 1, 2, -1, -1, 2, -1, 2, 1, 2, 1, -2, -2, 1, 2]"
796,dfs_bnb_mpi,0.019269,-6,7,5464,"[-1, -1, 2, -1, 2, -1, -2, -2, 1, -2, -2, 1, 2, 1, 1, 1, 2, 2, 2]"
797,dfs_bnb_mpi,4.63802,-7,8,1359282,"[-1, -2, 1, -2, -2, 1, 2, 2, 1, 1, 1, 2, -1, 2, -1, -2, -1, 2, -1]"
798,dfs_bnb_mpi,0.315224,-6,7,96459,"[-1, -2, -1, 2, 2, 2, 1, -2, 1, 2, 2, 1, 2, 2, -1, -2, -1, -2, -1]"
799,dfs_bnb_mpi,16.4297,-5,6,4890805,"[-1, -1, 2, 2, 2, 2, 2, 2, 1, 1, -2, -2, -2, -2, 1, -2, -1, -1, 2]"
800,dfs_bnb_mpi,0.36247,-7,8,106641,"[-1, -2, -1, 2, 2, 1, 2, 2, 1, -2, -2, 1, -2, 1, -2, -1, -2, -1, 2]"
801,dfs_bnb_mpi,17.6363,-5,6,4809672,"[-1, -1, 2, 2, 2, 2, 2, -1, -1, -2, -2, -1, -2, 1, -2, -2, 1, 2, 2]"
802,dfs_bnb_mpi,8.94442,-5,6,2516959,"[-1, -1, 2, 2, 2, 2, 2, 2, 1, -2, -2, -2, 1, 1, -2, -1, -1, -2, 1]"
803,dfs_bnb_mpi,0.003663,-4,5,1113,"[-1, -1, 2, 2, 2, 2, 2, 2, 1, 2, 1, 2, 1, -2, -2, -1, -2, -1, -2]"
804,dfs_bnb_mpi,0.59759,-7,8,177497,"[-1, -2, 1, 1, 1, 1, 2, -1, -1, 2, -1, 2, -1, -2, -1, -2, -1, -2, 1]"
805,dfs_bnb_mpi,0.183256,-7,8,55536,"[-1, -1, 2, 1, 2, 1, -2, 1, 2, 1, -2, -2, 1, -2, -1, -2, -1, 2, 2]"
806,dfs_bnb_mpi,1.46688,-6,7,442161,"[-1, -1, 2, -1, -2, -2, -1, -2, -1, -2, 1, 1, 2, 1, 1, 1, 2, -1, -1]"
807,dfs_bnb_mpi,6.15121,-5,6,1908988,"[-1, -1, 2, 1, 2, 1, 2, 2, 2, 2, 2, 1, -2, -2, -2, -2, -2, -2, -1]"
808,dfs_bnb_mpi,0.11011,-5,5,35340,"[-1, -1, 2, 2, 2, 2, -1, 2, -1, -2, -2, 1, -2, -1, -1, -2, 1, 1, -2]"
809,dfs_bnb_mpi,0.123575,-6,7,34423,"[-1, -2, -1, 2, -1, -1, 2, 1, 1, 2, -1, -1, 2, 1, 1, 1, -2, -2, 1]"
810,dfs_bnb_mpi,1.52868,-4,5,474115,"[-1, -1, 2, 1, 2, -1, 2, 1, 2, 2, -1, -2, -1, -1, -2, 1, -2, -2, -1]"
811,dfs_bnb_mpi,0.020962,-6,7,6329,"[-1, -1, 2, 1, 2, 1, -2, 1, 2, 2, 1, -2, -2, 1, -2, -1, -1, -2, 1]"
812,dfs_bnb_mpi,0.161934,-7,8,48217,"[-1, -1, 2, 2, -1, -2, -1, -2, 1, -2, -1, -2, 1, -2, 1, 2, 1, 2, -1]"
813,dfs_bnb_mpi,2.76515,-2,3,793405,"[-1, -1, 2, 2, 1, -2, 1, 2, 2, 2, 2, -1, -1, -1, -2, -2, -2, -2, -1]"
814,dfs_bnb_mpi,0.759322,-5,6,198778,"[-1, -2, -1, 2, 2, 2, 1, 1, -2, 1, 1, -2, -1, -2, -1, -2, 1, 1, 2]"
815,dfs_bnb_mpi,0.489218,-6,7,134681,"[-1, -1, 2, 1, 2, -1, -1, -2, -2, -2, 1, 1, -2, 1, 2, 1, 2, 2, -1]"
816,dfs_bnb_mpi,1.68882,-5,6,448394,"[-1, -1, 2, 1, 2, 2, 2, 2, 1, 1, -2, -2, -1, -2, 1, 1, -2, -1, -1]"
817,dfs_bnb_mpi,0.30453,-4,5,91797,"[-1, -1, 2, 2, 2, -1, -2, -1, -2, 1, -2, -1, -1, -1, -1, 2, 1, 1, 2]"
818,dfs_bnb_mpi,0.530513,-6,7,160046,"[-1, -1, 2, 1, 2, 2, 1, -2, -2, 1, 2, 2, 1, -2, -2, -2, -1, -2, 1]"
819,dfs_bnb_mpi,4.29368,-4,5,997669,"[-1, -1, 2, 2, 2, 2, 1, 1, 1, -2, -2, -1, 2, -1, -2, -2, 1, 1, 1]"
820,dfs_bnb_mpi,6.79021,-6,7,1994071,"[-1, -1, 2, 2, -1, -2, -2, -2, -1, -2, 1, -2, -2, 1, 2, 2, 2, 1, -2]"
821,dfs_bnb_mpi,0.027955,-7,8,7462,"[-1, -2, -1, -2, -1, -2, 1, -2, 1, 2, 2, 1, 2, 1, 2, 2, 2, 2, 2]"
822,dfs_bnb_mpi,0.06211,-5,6,17494,"[-1, -1, 2, 2, 2, 2, 1, 2, -1, -1, -2, -2, -1, -1, -2, 1, 1, -2, -1]"
823,dfs_bnb_mpi,20.6842,-6,7,4907468,"[-1, -1, 2, 2, 2, -1, -2, -2, -2, -2, -1, -2, 1, -2, 1, 2, 2, 1, -2]"
824,dfs_bnb_mpi,0.973038,-6,7,284708,"[-1, -1, 2, 2, 1, 2, -1, -1, -2, -2, -1, -2, -1, 2, -1, 2, 1, 1, 2]"
825,dfs_bnb_mpi,1.56855,-6,7,400331,"[-1, -1, -1, 2, -1, 2, 2, 2, 1, 1, -2, -1, -2, 1, 1, 1, -2, -1, -1]"
826,dfs_bnb_mpi,0.063465,-6,7,18615,"[-1, -1, 2, 1, 1, 2, 1, 2, 1, 2, -1, 2, -1, -2, -2, -1, -2, -1, 2]"
827,dfs_bnb_mpi,0.322124,-6,7,83435,"[-1, -2, 1, 1, 2, 1, -2, 1, 1, -2, -1, -1, -1, -2, -1, 2, -1, -1, 2]"
828,dfs_bnb_mpi,2.36295,-6,7,697821,"[-1, -1, 2, 2, -1, 2, 1, 2, 2, 1, -2, -2, 1, -2, 1, -2, -1, -1, 2]"
829,dfs_bnb_mpi,0.095383,-6,7,29579,"[-1, -1, 2, 2, -1, -2, -2, -1, -2, 1, 1, -2, -2, 1, 2, 2, 1, 1, 2]"
830,dfs_bnb_mpi,0.152868,-5,6,47639,"[-1, -1, 2, 2, 1, -2, 1, 1, -2, 1, 1, -2, -1, -1, -1, -1, -1, -1, 2]"
831,dfs_bnb_mpi,1.78152,-7,8,537323,"[-1, -1, 2, 1, 2, 1, 2, -1, 2, -1, -1, -2, -1, -2, -2, 1, 2, 1, 2]"
832,dfs_bnb_mpi,0.282765,-6,7,85414,"[-1, -1, 2, 1, 1, 2, 2, 1, 1, -2, -1, -2, 1, 1, 1, -2, -1, -1, -1]"
833,dfs_bnb_mpi,0.036791,-5,6,11307,"[-1, -1, 2, 2, -1, -1, -2, 1, -2, -1, -1, -2, 1, 1, 1, 1, 1, 1, 2]"
834,dfs_bnb_mpi,13.6753,-4,5,4377958,"[-1, -1, 2, 2, -1, -2, -1, -2, 1, -2, 1, 1, 1, 1, 2, 2, 2, -1, -1]"
835,dfs_bnb_mpi,0.294161,-6,7,83317,"[-1, -1, 2, 2, 1, 1, -2, 1, -2, 1, -2, -1, -1, -1, -1, -2, 1, 1, 1]"
836,dfs_bnb_mpi,2.96394,-6,7,943588,"[-1, -1, 2, -1, -2, -2, -2, 1, -2, 1, 2, 1, 1, 1, 2, -1, -1, -1, -1]"
837,dfs_bnb_mpi,0.088317,-6,7,26438,"[-1, -2, -1, -2, -1, -1, -2, 1, 1, -2, 1, 1, 2, -1, 2, 1, 2, 1, 2]"
838,dfs_bnb_mpi,10.4524,-5,6,2862883,"[-1, -1, -1, 2, 2, 2, 1, 1, 2, 2, 1, -2, -2, -2, -2, -1, 2, -1, -2]"
839,dfs_bnb_mpi,0.669825,-6,7,207678,"[-1, -2, 1, 1, 1, -2, -1, -2, 1, -2, -1, -1, -1, 2, 1, 2, -1, -1, 2]"
840,dfs_bnb_mpi,1.45364,-6,7,458994,"[-1, -2, 1, 1, 1, -2, -1, -1, -2, 1, -2, -1, -1, 2, 2, -1, 2, 2, 2]"
841,dfs_bnb_mpi,3.12407,-5,6,891681,"[-1, -1, 2, 1, 2, 2, 2, 1, -2, 1, 2, 1, -2, -2, -1, -1, -2, 1, 1]"
842,dfs_bnb_mpi,3.38095,-5,6,1033967,"[-1, -1, 2, 1, 1, 1, 2, 2, 2, 2, 1, -2, -2, -2, -2, -2, -1, -2, -1]"
843,dfs_bnb_mpi,0.157196,-4,5,38471,"[-1, -1, -1, 2, 2, 2, 2, 1, -2, 1, -2, -1, -2, 1, 1, 2, 2, 2, 2]"
844,dfs_bnb_mpi,1.29422,-6,7,363215,"[-1, -1, 2, 2, -1, 2, 2, 1, 1, 1, -2, 1, -2, -1, -2, -1, 2, 2, -1]"
845,dfs_bnb_mpi,12.5921,-5,6,3317414,"[-1, -1, 2, 1, 2, 2, 2, 1, 1, 1, -2, -2, -2, -1, -1, 2, 1, 2, -1]"
846,dfs_bnb_mpi,0.237576,-6,6,72235,"[-1, -2, 1, 1, 2, 2, -1, 2, 2, 2, 1, -2, -2, 1, 1, -2, -1, -2, 1]"
847,dfs_bnb_mpi,1.10233,-7,8,306404,"[-1, -2, -2, 1, -2, -1, -1, 2, 2, -1, 2, 1, 2, 1, 1, 1, -2, -2, -1]"
848,dfs_bnb_mpi,0.010702,-5,6,3427,"[-1, -1, 2, 1, 2, 1, -2, 1, -2, -2, -1, -1, -2, -1, 2, -1, 2, 2, 2]"
849,dfs_bnb_mpi,6.81492,-6,7,1871228,"[-1, -1, 2, 2, 2, 2, 2, 1, 2, -1, -1, -2, -1, 2, 2, 1, 2, 1, -2]"
850,dfs_bnb_mpi,0.457594,-6,7,125656,"[-1, -1, 2, 2, -1, -1, -1, -2, 1, 1, -2, -1, -1, -2, -2, 1, 2, 1, 1]"
851,dfs_bnb_mpi,0.031929,-6,7,8968,"[-1, -1, 2, -1, -2, -2, 1, -2, 1, 2, 1, 1, 2, 2, -1, 2, 2, 2, 2]"
852,dfs_bnb_mpi,1.07916,-6,7,338381,"[-1, -1, 2, 2, 1, -2, 1, 2, 2, 1, -2, -2, 1, 1, -2, -1, -1, -2, -1]"
853,dfs_bnb_mpi,2.95633,-6,7,841195,"[-1, -1, 2, 2, 2, -1, 2, 2, -1, -2, -2, -1, -2, -2, 1, 2, 1, -2, -2]"
854,dfs_bnb_mpi,0.000628,-2,3,157,"[-1, -1, 2, 2, 2, 2, 2, 2, 2, 2, 1, 2, 1, -2, -2, -1, -2, 1, 1]"
855,dfs_bnb_mpi,5.2752,-6,7,1668256,"[-1, -1, 2, 1, 1, 2, 1, -2, -2, -2, 1, 1, -2, -1, -1, -1, -1, 2, 1]"
856,dfs_bnb_mpi,0.466052,-6,7,134675,"[-1, -2, -2, -1, 2, 2, -1, 2, 1, 1, 2, 1, -2, 1, 1, -2, -1, -2, 1]"
857,dfs_bnb_mpi,40.6168,-4,4,12814923,"[-1, -1, 2, 2, 2, 2, 1, -2, 1, 2, 2, 1, -2, -2, -2, -1, -2, -1, 2]"
858,dfs_bnb_mpi,0.412651,-2,3,103381,"[-1, -1, 2, 2, 2, 2, 2, 2, 2, 2, 2, 1, -2, 1, -2, -1, -2, 1, 1]"
859,dfs_bnb_mpi,1.2588,-5,6,315269,"[-1, -1, 2, 2, 2, 2, 2, 2, 1, -2, -2, 1, -2, -1, -2, 1, 1, 2, 2]"
860,dfs_bnb_mpi,0.034934,-6,7,10085,"[-1, -1, 2, -1, 2, 1, 2, 1, -2, -2, 1, 1, 2, -1, 2, 2, 2, 2, 2]"
861,dfs_bnb_mpi,0.406837,-5,6,97582,"[-1, -1, 2, 2, -1, 2, 2, 1, -2, 1, 1, -2, -1, -2, 1, 1, 2, 2, 2]"
862,dfs_bnb_mpi,1.28604,-5,6,355365,"[-1, -1, 2, 2, 2, 2, 2, 1, 1, 1, -2, 1, -2, -1, -1, 2, -1, -2, -2]"
863,dfs_bnb_mpi,0.353885,-2,3,105060,"[-1, -1, 2, 2, 2, 2, 2, 2, 2, 2, 1, 2, -1, 2, -1, -2, -2, -1, 2]"
864,dfs_bnb_mpi,20.2139,-6,7,5864291,"[-1, -2, -1, 2, 2, 1, 1, 2, 2, 1, -2, -2, 1, 1, -2, -1, -1, -2, -1]"
865,dfs_bnb_mpi,0.337699,-5,6,101690,"[-1, -1, 2, 2, -1, -2, -2, -2, 1, 1, -2, 1, 2, 1, 2, 2, -1, -1, 2]"
866,dfs_bnb_mpi,0.016154,-6,7,5011,"[-1, -1, 2, 1, 2, 1, -2, 1, 2, 1, 1, 2, -1, -1, 2, -1, -2, -1, 2]"
867,dfs_bnb_mpi,1.26567,-5,5,401519,"[-1, -1, 2, 1, 2, 2, 2, 2, 1, 1, -2, -2, -2, 1, -2, -1, -1, 2, 2]"
868,dfs_bnb_mpi,4.626,-6,7,1307088,"[-1, -1, 2, -1, 2, 2, -1, -2, -2, -1, -2, 1, -2, -2, 1, 1, 2, -1, 2]"
869,dfs_bnb_mpi,0.165314,-6,7,48840,"[-1, -1, 2, 2, 2, 2, 1, 2, 1, -2, 1, 1, -2, -1, -2, -1, 2, -1, -2]"
870,dfs_bnb_mpi,2.34001,-6,6,713036,"[-1, -1, 2, 2, 1, -2, 1, 2, 2, 2, 2, 1, -2, -2, -2, -2, 1, -2, -1]"
871,dfs_bnb_mpi,0.411582,-6,7,112068,"[-1, -1, 2, -1, -1, 2, 1, 1, 2, 1, -2, -2, 1, 2, 2, 1, -2, 1, 2]"
872,dfs_bnb_mpi,2.65263,-4,4,660639,"[-1, -1, 2, 1, 1, 2, 2, 2, 2, 2, 1, -2, -2, -2, -2, 1, -2, -1, -2]"
873,dfs_bnb_mpi,0.476057,-7,8,123121,"[-1, -1, 2, -1, 2, 2, -1, -2, -2, -1, -2, 1, 1, -2, 1, -2, -1, -1, 2]"
874,dfs_bnb_mpi,0.022975,-5,6,6848,"[-1, -1, 2, 2, -1, -2, -1, -2, 1, -2, 1, 1, 1, 1, 2, 2, -1, -1, 2]"
875,dfs_bnb_mpi,1.03017,-5,6,284658,"[-1, -1, 2, 2, 2, -1, -2, -2, -1, -1, -2, 1, -2, -1, -2, 1, 1, 2, 2]"
876,dfs_bnb_mpi,0.893757,-5,6,249166,"[-1, -1, 2, 2, 2, 2, 1, 1, 1, -2, -1, -2, -1, -2, 1, 1, 2, 1, 2]"
877,dfs_bnb_mpi,2.62534,-2,3,810986,"[-1, -1, 2, 2, 2, 2, 2, 2, 2, 1, -2, 1, 2, 2, -1, -1, -1, -2, -2]"
878,dfs_bnb_mpi,1.06393,-2,3,316190,"[-1, -1, 2, 2, 2, 2, 2, 2, 2, 1, 2, 2, 2, -1, -2, -2, -1, -2, -1]"
879,dfs_bnb_mpi,0.018258,-5,6,5456,"[-1, -1, 2, 2, 2, -1, -2, -1, -2, 1, -2, -1, -1, 2, 2, 2, 1, 2, 2]"
880,dfs_bnb_mpi,0.009731,-4,4,2341,"[-1, -1, 2, 2, 2, 1, 1, -2, -1, -2, 1, 1, 2, 2, 2, 2, 2, 2, 2]"
881,dfs_bnb_mpi,10.7447,-5,6,2621927,"[-1, -1, 2, 2, -1, -1, -2, -1, 2, -1, -2, -2, 1, -2, 1, 2, 1, -2, 1]"
882,dfs_bnb_mpi,3.60611,-6,7,943000,"[-1, -1, 2, 2, 2, 1, 2, -1, 2, 2, 1, -2, 1, -2, -2, 1, -2, -1, -1]"
883,dfs_bnb_mpi,0.170447,-4,5,48091,"[-1, -1, 2, 2, 1, -2, 1, 2, 2, -1, 2, -1, -2, -1, -2, -2, -1, 2, 2]"
884,dfs_bnb_mpi,0.156405,-4,4,50227,"[-1, -1, 2, 2, 1, -2, 1, 2, 2, 1, -2, 1, 2, 1, -2, -2, -1, -1, -2]"
885,dfs_bnb_mpi,18.7016,-6,7,5150727,"[-1, -1, 2, 2, -1, -2, -1, 2, -1, -2, -1, -2, -2, 1, 1, 1, 2, -1, -1]"
886,dfs_bnb_mpi,0.096409,-6,6,28920,"[-1, -2, -1, 2, -1, 2, 1, 1, 2, 2, 1, -2, -2, 1, 2, 2, 2, 2, 2]"
887,dfs_bnb_mpi,0.249462,-6,7,78667,"[-1, -1, 2, 1, 1, 2, 1, 2, 1, -2, 1, -2, 1, -2, -1, -1, 2, -1, -2]"
888,dfs_bnb_mpi,0.218317,-5,6,69623,"[-1, -1, 2, 1, 2, -1, 2, -1, -1, -1, -2, -2, -2, 1, 1, 2, -1, 2, 1]"
889,dfs_bnb_mpi,0.577328,-4,5,174055,"[-1, -2, 1, 1, 2, 2, 2, -1, -1, -2, -1, 2, -1, -2, -2, 1, -2, -1, -1]"
890,dfs_bnb_mpi,0.429564,-6,7,138119,"[-1, -2, 1, 1, 2, 1, -2, -2, -1, -1, -1, -1, -2, 1, 1, 1, -2, 1, 2]"
891,dfs_bnb_mpi,5.85914,-7,8,1714097,"[-1, -1, 2, 2, 2, 1, 2, -1, 2, -1, -1, -2, -1, -2, 1, -2, 1, 2, 2]"
892,dfs_bnb_mpi,0.488776,-5,6,122868,"[-1, -1, 2, 2, 1, -2, 1, 1, -2, -2, -1, -1, -1, -1, 2, -1, 2, 1, 2]"
893,dfs_bnb_mpi,4.44437,-7,8,1188084,"[-1, -2, -2, -2, 1, 1, 1, 2, 2, 1, 2, -1, 2, -1, -2, -2, -1, -2, 1]"
894,dfs_bnb_mpi,0.018542,-6,7,5583,"[-1, -1, 2, -1, 2, 2, 1, -2, 1, -2, 1, 2, 1, 2, 2, -1, -1, -2, 1]"
895,dfs_bnb_mpi,5.97059,-5,6,1824411,"[-1, -1, 2, 2, 2, -1, -1, -2, -2, -1, -2, 1, -2, -2, 1, 2, 2, 2, 2]"
896,dfs_bnb_mpi,0.397503,-5,6,118742,"[-1, -1, 2, 2, 2, -1, -2, -1, -1, -2, -1, -2, 1, 1, 2, 1, -2, -2, 1]"
897,dfs_bnb_mpi,0.094741,-6,7,28891,"[-1, -2, -1, -1, 2, 1, 2, 1, 2, 1, -2, 1, -2, -2, -1, -2, 1, 1, 2]"
898,dfs_bnb_mpi,0.751468,-6,7,212827,"[-1, -2, -1, -2, -1, 2, -1, 2, 2, 2, 1, -2, -2, 1, 2, 2, 1, -2, 1]"
899,dfs_bnb_mpi,0.403508,-6,6,117157,"[-1, -1, 2, -1, 2, -1, 2, 2, -1, -2, -2, -2, 1, -2, -1, -2, 1, 1, 2]"
900,dfs_bnb_mpi,0.005453,-3,4,1333,"[-1, -1, 2, 2, 2, 2, 2, 2, 2, 2, 2, 1, 1, -2, 1, -2, -1, -1, 2]"
901,dfs_bnb_mpi,0.10106,-4,5,30665,"[-1, -1, 2, 2, 2, 1, 2, -1, -1, 2, -1, -2, -1, -2, 1, 1, -2, -1, -1]"
902,dfs_bnb_mpi,0.051182,-6,7,15717,"[-1, -1, 2, 1, 2, -1, 2, -1, 2, 2, 1, -2, 1, -2, 1, 1, -2, -1, -2]"
903,dfs_bnb_mpi,0.192762,-6,7,51988,"[-1, -1, 2, 2, 2, -1, 2, -1, -2, -1, -2, 1, 1, -2, -1, -1, -2, 1, 1]"
904,dfs_bnb_mpi,0.705209,-7,8,213986,"[-1, -1, 2, -1, 2, 1, 2, 2, -1, -2, -1, -2, -1, -2, 1, -2, 1, -2, 1]"
905,dfs_bnb_mpi,2.27216,-5,6,697748,"[-1, -1, 2, 1, 1, 2, -1, -1, 2, -1, -2, -1, -1, -2, 1, 1, -2, -1, -1]"
906,dfs_bnb_mpi,0.094728,-5,5,25923,"[-1, -1, 2, 2, 2, 2, 2, 2, 1, -2, -2, -2, -2, 1, 2, 1, 2, -1, 2]"
907,dfs_bnb_mpi,0.932882,-6,7,278776,"[-1, -1, 2, 1, 2, 2, 2, 2, 1, -2, -2, -2, -2, 1, -2, -2, -1, -1, -1]"
908,dfs_bnb_mpi,10.1256,-5,6,3109091,"[-1, -1, 2, 2, 1, -2, 1, 2, 2, 2, 2, 1, -2, -2, -2, -2, 1, -2, -1]"
909,dfs_bnb_mpi,0.191218,-4,5,52493,"[-1, -1, 2, 1, 2, 2, 2, -1, -1, -2, 1, -2, -1, -1, -2, 1, -2, -1, -1]"
910,dfs_bnb_mpi,1.48699,-4,5,421607,"[-1, -1, 2, 2, 2, 2, 2, 2, 2, 1, 2, 1, -2, 1, -2, -1, -1, -2, 1]"
911,dfs_bnb_mpi,0.504018,-5,6,155690,"[-1, -1, 2, -1, -1, -2, 1, -2, 1, 1, -2, -1, -1, -2, -1, 2, 2, -1, 2]"
912,dfs_bnb_mpi,5.54288,-4,5,1387174,"[-1, -1, 2, 2, 2, 2, 2, 2, 2, 2, 1, 2, -1, -1, 2, -1, -2, -2, 1]"
913,dfs_bnb_mpi,0.121491,-7,8,35932,"[-1, -1, 2, 2, 2, 1, -2, -2, 1, 1, -2, 1, -2, -1, -2, -1, 2, -1, -1]"
914,dfs_bnb_mpi,0.018533,-6,7,5912,"[-1, -1, 2, 1, 1, 2, -1, -1, 2, -1, -2, -1, 2, -1, -2, -2, 1, 1, -2]"
915,dfs_bnb_mpi,1.08396,-5,6,335295,"[-1, -1, 2, 1, 1, 2, 2, 1, -2, 1, 2, 1, -2, -2, -2, -1, 2, -1, -2]"
916,dfs_bnb_mpi,2.18981,-5,6,670589,"[-1, -1, 2, 2, -1, -2, -2, -2, 1, 1, -2, -1, -1, -1, 2, 2, -1, -2, -1]"
917,dfs_bnb_mpi,0.286286,-6,7,71357,"[-1, -2, -1, -2, -1, -1, -2, 1, -2, -2, 1, 2, 2, 1, 2, 1, 2, 1, 2]"
918,dfs_bnb_mpi,0.067108,-6,7,19582,"[-1, -2, 1, 1, 1, -2, -1, -1, -1, -1, 2, 2, -1, -2, -2, -2, 1, 1, 1]"
919,dfs_bnb_mpi,0.222859,-4,4,57851,"[-1, -1, 2, 2, 2, 2, 2, 2, 1, -2, -2, -2, 1, 1, -2, -1, -1, -2, 1]"
920,dfs_bnb_mpi,0.010114,-6,7,3012,"[-1, -1, 2, 1, 2, 1, 2, -1, -1, -2, -1, -2, -1, -1, -2, 1, 1, -2, 1]"
921,dfs_bnb_mpi,0.21943,-7,8,70021,"[-1, -2, -2, -1, 2, -1, 2, 1, 2, 1, 2, 1, 2, 2, 1, -2, -2, -2, -1]"
922,dfs_bnb_mpi,7.50057,-6,7,1814818,"[-1, -1, 2, 2, -1, 2, 2, 1, 1, 1, -2, -2, 1, -2, -1, -1, 2, 2, -1]"
923,dfs_bnb_mpi,0.293066,-6,6,86016,"[-1, -2, -2, 1, 2, 1, 2, 2, -1, 2, 2, -1, -2, -2, -1, 2, 2, 2, 2]"
924,dfs_bnb_mpi,3.44655,-4,5,956206,"[-1, -1, 2, 2, 2, 2, 2, 2, 1, 1, 2, 1, -2, -2, -1, -1, -2, 1, 1]"
925,dfs_bnb_mpi,0.88814,-5,6,248172,"[-1, -1, 2, 2, 2, 2, 2, 1, 2, -1, -1, -2, -1, -2, 1, -2, -1, -1, 2]"
926,dfs_bnb_mpi,0.009234,-6,7,2954,"[-1, -1, 2, 1, 2, 1, -2, 1, -2, -2, -1, -2, -2, -1, 2, 2, -1, -1, 2]"
927,dfs_bnb_mpi,3.82069,-6,7,1003646,"[-1, -1, 2, 2, 1, 1, -2, 1, 2, 2, 2, 1, -2, -2, -2, 1, -2, -1, -1]"
928,dfs_bnb_mpi,0.282602,-5,6,82346,"[-1, -2, 1, 1, 1, 1, 2, 2, -1, -2, -1, 2, 2, 2, 2, -1, -2, -2, -2]"
929,dfs_bnb_mpi,3.8355,-4,4,998714,"[-1, -1, 2, 2, 2, 2, 2, 2, 2, 2, 1, -2, 1, 1, -2, -1, -2, -1, 2]"
930,dfs_bnb_mpi,0.671196,-4,5,209735,"[-1, -1, 2, 2, 2, 2, 1, -2, 1, 2, 1, -2, -2, -1, -1, -2, 1, 1, 1]"
931,dfs_bnb_mpi,0.806461,-4,5,248917,"[-1, -1, 2, 2, 2, 1, -2, 1, 2, 2, 2, -1, -2, -1, 2, -1, -2, -2, -2]"
932,dfs_bnb_mpi,0.016136,-5,6,4733,"[-1, -1, 2, -1, -2, -1, 2, 2, 1, 2, 1, -2, 1, -2, 1, 2, 2, 2, 2]"
933,dfs_bnb_mpi,0.564002,-4,5,170881,"[-1, -1, 2, 2, 2, 2, 2, -1, -2, -2, -2, -2, -2, -1, -2, -2, 1, 2, 1]"
934,dfs_bnb_mpi,0.391577,-5,6,113176,"[-1, -1, 2, 2, 2, -1, -1, -1, -2, -1, -2, 1, 1, 2, 1, -2, -2, -1, -1]"
935,dfs_bnb_mpi,4.65853,-4,5,1323608,"[-1, -1, 2, 2, 2, -1, 2, 2, 2, -1, -2, -2, -2, -2, 1, -2, -2, -2, 1]"
936,dfs_bnb_mpi,0.093895,-4,5,26674,"[-1, -1, 2, 2, 2, 2, 2, 2, 2, 2, 1, 2, -1, -1, -2, -1, -2, 1, -2]"
937,dfs_bnb_mpi,0.222432,-5,6,58558,"[-1, -1, 2, 2, -1, 2, 2, -1, -2, -2, -2, 1, -2, -1, -1, 2, 2, 2, 2]"
938,dfs_bnb_mpi,1.86045,-5,5,465913,"[-1, -1, 2, 2, 2, 2, 1, 1, -2, -2, -1, -2, 1, 1, 2, 1, -2, -2, -1]"
939,dfs_bnb_mpi,0.615333,-7,8,148206,"[-1, -1, 2, 1, 2, -1, -1, 2, -1, -2, -1, -2, 1, 1, -2, -1, -2, -1, 2]"
940,dfs_bnb_mpi,0.100074,-6,6,30896,"[-1, -2, 1, -2, 1, 2, 2, 2, 2, 2, 1, -2, -2, 1, 1, -2, -1, -1, -2]"
941,dfs_bnb_mpi,6.78491,-5,6,1958469,"[-1, -1, 2, 2, 2, 2, 2, 1, -2, 1, 2, 1, -2, 1, -2, -1, -1, -1, -2]"
942,dfs_bnb_mpi,0.048983,-5,6,15382,"[-1, -1, 2, -1, -2, -2, 1, 1, -2, 1, 2, 1, 2, 2, 2, -1, -2, -1, 2]"
943,dfs_bnb_mpi,1.2256,-5,6,368406,"[-1, -1, 2, 2, -1, 2, 1, 2, 1, -2, -2, -2, 1, 1, 1, 2, -1, -1, 2]"
944,dfs_bnb_mpi,1.0683,-5,6,345734,"[-1, -1, 2, 1, 2, 1, -2, 1, 2, 2, 2, 1, -2, -2, -2, -2, -1, -2, 1]"
945,dfs_bnb_mpi,2.9658,-6,7,905781,"[-1, -1, 2, 2, -1, -2, -1, -2, -1, -2, -1, -1, -2, 1, 1, 1, 2, 1, 2]"
946,dfs_bnb_mpi,0.314716,-6,7,92188,"[-1, -1, 2, 2, 2, 2, 1, 1, -2, -1, -2, 1, 1, 2, 1, 2, 2, -1, -2]"
947,dfs_bnb_mpi,0.217975,-6,7,60484,"[-1, -1, 2, 2, 2, 1, 2, 2, 1, -2, 1, -2, -1, -2, 1, -2, -1, -1, 2]"
948,dfs_bnb_mpi,0.004965,-5,6,1502,"[-1, -1, 2, 1, 2, -1, -1, -2, -1, -2, 1, -2, 1, 1, 1, 1, 2, 2, 2]"
949,dfs_bnb_mpi,0.780215,-7,8,249108,"[-1, -2, 1, 1, 2, 1, 2, -1, 2, 1, 2, 2, -1, -1, -2, -2, -1, -2, 1]"
950,dfs_bnb_mpi,0.029582,-5,6,8749,"[-1, -1, 2, 2, 1, 1, -2, 1, 2, 2, 1, -2, -2, 1, -2, -1, -1, -2, 1]"
951,dfs_bnb_mpi,10.6967,-5,6,2645361,"[-1, -1, 2, 2, 2, 2, 2, 1, 1, 1, -2, -2, -2, -1, 2, 2, -1, -2, -2]"
952,dfs_bnb_mpi,2.19298,-4,5,684245,"[-1, -1, 2, 1, 2, 2, 2, -1, -1, -2, -2, -2, -2, -2, 1, 1, -2, -1, -1]"
953,dfs_bnb_mpi,0.157725,-5,6,37855,"[-1, -1, 2, -1, -1, 2, -1, -2, -2, 1, 1, -2, 1, -2, -1, -1, 2, -1, -1]"
954,dfs_bnb_mpi,0.397405,-4,5,119841,"[-1, -1, 2, 2, 2, 2, 2, 1, -2, -2, 1, 2, 1, -2, -2, -1, -1, -2, 1]"
955,dfs_bnb_mpi,0.079894,-5,6,24499,"[-1, -1, 2, 2, 2, 1, 1, -2, -2, 1, 1, -2, -1, -2, -1, -2, -1, 2, -1]"
956,dfs_bnb_mpi,1.70712,-4,5,540491,"[-1, -1, 2, 2, 2, 2, 1, -2, 1, 1, 1, -2, -2, -1, -1, -1, 2, 1, 1]"
957,dfs_bnb_mpi,1.62997,-6,7,502422,"[-1, -2, -1, 2, -1, 2, 1, 2, 2, 2, 2, 1, -2, -2, -2, -2, 1, 2, 2]"
958,dfs_bnb_mpi,6.00413,-4,5,1687090,"[-1, -1, 2, 2, 2, 2, 2, 2, -1, -2, -2, -2, -1, -2, 1, -2, -2, -2, 1]"
959,dfs_bnb_mpi,0.05317,-6,7,15155,"[-1, -2, 1, 1, 2, 1, 2, 2, -1, -2, -1, 2, -1, -2, -1, -2, -1, 2, 2]"
960,dfs_bnb_mpi,0.197084,-6,7,53147,"[-1, -1, 2, -1, -2, -2, -2, 1, 2, 1, 1, -2, -1, -2, -1, -2, -1, 2, -1]"
961,dfs_bnb_mpi,0.00505,-4,5,1541,"[-1, -1, 2, 2, 2, 2, 2, 1, 1, -2, -2, -2, 1, -2, -1, -1, 2, 2, 2]"
962,dfs_bnb_mpi,0.103239,-5,6,30526,"[-1, -1, 2, 1, 1, 2, 1, -2, 1, 1, -2, -1, -1, -2, -2, -1, 2, -1, -1]"
963,dfs_bnb_mpi,0.015767,-6,7,4870,"[-1, -1, 2, -1, 2, -1, -1, -2, 1, -2, 1, -2, -1, -2, -1, 2, 2, -1, 2]"
964,dfs_bnb_mpi,0.522253,-4,5,167242,"[-1, -1, 2, 1, 2, 2, 2, -1, -1, -2, -2, -2, -2, -2, 1, -2, 1, 2, 1]"
965,dfs_bnb_mpi,8.31726,-6,7,2260254,"[-1, -1, 2, 1, 2, -1, 2, 2, 2, 2, -1, -2, -2, -2, -1, -2, -2, 1, 2]"
966,dfs_bnb_mpi,5.33442,-6,7,1630647,"[-1, -1, -1, 2, 1, 2, 2, 2, 1, 1, -2, -2, 1, 1, -2, -1, -1, -1, 2]"
967,dfs_bnb_mpi,10.7537,-5,6,2747192,"[-1, -1, 2, 2, 2, 2, 2, 2, 1, 1, 2, 1, -2, -2, -2, -1, 2, -1, -2]"
968,dfs_bnb_mpi,0.357313,-6,7,106185,"[-1, -1, 2, 2, -1, -2, -2, -1, -2, 1, 1, -2, -1, -1, -1, 2, 2, 2, 1]"
969,dfs_bnb_mpi,8.46901,-4,5,1907379,"[-1, -1, 2, 2, 2, 2, -1, -2, -2, -2, -1, -1, -2, 1, 1, -2, 1, 1, 1]"
970,dfs_bnb_mpi,1.34205,-6,7,383556,"[-1, -1, 2, 2, 2, 2, 1, -2, -2, -2, 1, 2, 1, 2, 1, 2, -1, -1, -2]"
971,dfs_bnb_mpi,0.086022,-6,7,26244,"[-1, -2, -1, 2, -1, 2, 1, 1, 2, 2, -1, -2, -1, -1, -2, -1, 2, 2, 2]"
972,dfs_bnb_mpi,0.063904,-6,7,18549,"[-1, -1, 2, 1, 1, 2, 2, 1, 1, -2, -2, -1, -2, -2, -2, 1, 2, 2, 1]"
973,dfs_bnb_mpi,0.129039,-6,7,38816,"[-1, -1, 2, 1, 2, -1, -1, 2, 1, 1, 2, 1, -2, 1, -2, -1, -2, 1, 1]"
974,dfs_bnb_mpi,0.061313,-5,6,14714,"[-1, -1, 2, 2, 1, -2, 1, 2, 1, -2, -2, 1, 2, 2, 2, 2, 2, 2, 2]"
975,dfs_bnb_mpi,0.071683,-6,6,20670,"[-1, -1, 2, 1, 2, -1, -1, -2, -2, -2, 1, 1, 1, -2, -1, -2, -1, 2, -1]"
976,dfs_bnb_mpi,7.55285,-4,5,1829746,"[-1, -1, 2, 2, 2, 2, 1, 2, 2, 2, -1, -1, -2, 1, -2, -1, -1, -2, 1]"
977,dfs_bnb_mpi,0.557022,-4,5,155362,"[-1, -1, 2, 2, 2, 1, 2, 2, 2, -1, -2, -2, -1, 2, -1, -2, -2, 1, -2]"
978,dfs_bnb_mpi,6.14188,-5,6,1861499,"[-1, -1, 2, 2, -1, 2, 1, 2, 2, 1, -2, 1, 1, -2, -1, -1, -2, -2, 1]"
979,dfs_bnb_mpi,4.06704,-6,7,1272292,"[-1, -1, 2, 1, 1, 2, 2, 1, -2, -2, -2, -2, 1, -2, -1, -1, -1, 2, 1]"
980,dfs_bnb_mpi,2.37797,-5,6,666054,"[-1, -1, 2, 2, 2, 2, -1, -2, -2, -1, 2, -1, -2, -2, 1, 1, -2, -1, -1]"
981,dfs_bnb_mpi,0.140764,-5,6,36433,"[-1, -1, 2, 2, 2, -1, 2, 2, 2, 1, -2, -2, 1, 1, -2, -1, -2, -2, 1]"
982,dfs_bnb_mpi,0.382054,-6,7,120109,"[-1, -1, 2, 1, 1, 2, 1, 2, -1, -1, 2, -1, -2, -1, -1, -2, 1, 1, 1]"
983,dfs_bnb_mpi,1.30376,-5,6,373077,"[-1, -1, 2, 2, 2, 2, 2, 1, 2, 2, -1, -2, -1, -2, -1, -2, -2, 1, 2]"
984,dfs_bnb_mpi,0.01697,-5,5,4895,"[-1, -1, 2, 2, 2, 2, 1, -2, 1, -2, -1, -2, 1, 1, 2, 2, 2, 2, 2]"
985,dfs_bnb_mpi,0.010749,-6,7,3323,"[-1, -2, 1, 1, -2, -1, -2, 1, -2, 1, 2, 1, 1, 2, -1, -1, 2, 2, 2]"
986,dfs_bnb_mpi,0.165784,-6,7,44891,"[-1, -1, 2, 2, 2, 2, 1, 2, -1, 2, 1, 1, -2, 1, -2, -1, -2, -1, -2]"
987,dfs_bnb_mpi,0.990382,-7,8,296279,"[-1, -1, 2, 1, 2, 1, 2, 1, -2, 1, 1, -2, -1, -2, -2, -1, 2, 2, -1]"
988,dfs_bnb_mpi,1.44605,-4,5,433411,"[-1, -1, 2, 2, 2, 2, 2, 2, 2, 1, 1, 2, -1, 2, -1, -2, -1, -2, -1]"
989,dfs_bnb_mpi,0.85529,-6,5,264828,"[-1, -1, 2, 2, 2, 1, -2, -2, 1, 2, 2, 1, -2, -2, 1, 1, -2, -1, -1]"
990,dfs_bnb_mpi,0.366573,-5,5,117035,"[-1, -1, 2, 2, -1, -2, -2, -2, 1, -2, -1, -2, 1, 1, 2, 2, 1, 1, 2]"
991,dfs_bnb_mpi,0.155451,-6,7,37283,"[-1, -1, 2, 2, 2, 2, 1, -2, -2, -2, 1, 1, -2, -2, -1, -2, -1, 2, -1]"
992,dfs_bnb_mpi,4.8869,-6,7,1157044,"[-1, -1, 2, 1, 2, -1, 2, 2, 2, -1, -2, -2, -1, -2, 1, -2, -1, -1, 2]"
993,dfs_bnb_mpi,0.850968,-5,6,240989,"[-1, -1, 2, 2, 2, 1, 2, 2, -1, -2, -1, -2, -1, -2, 1, -2, -1, -1, 2]"
994,dfs_bnb_mpi,0.954512,-5,6,295816,"[-1, -1, 2, 2, 2, 1, -2, 1, 2, 2, -1, 2, -1, -2, -1, -1, -2, 1, -2]"
995,dfs_bnb_mpi,7.01082,-5,6,1840831,"[-1, -2, -1, -2, -1, 2, 2, 2, 1, 1, 1, 1, -2, -2, -1, -2, -2, -1, 2]"
996,dfs_bnb_mpi,0.013797,-5,6,3783,"[-1, -1, -1, 2, 2, 1, -2, 1, 2, 2, 1, -2, -2, 1, 2, 2, 2, 2, 2]"
997,dfs_bnb_mpi,0.280967,-6,7,86065,"[-1, -2, -2, -1, 2, 2, 2, -1, -2, -1, 2, 2, 1, 1, 1, -2, 1, 2, 2]"
998,dfs_bnb_mpi,6.13039,-6,7,1881767,"[-1, -1, 2, 2, -1, -2, -2, -1, -2, -1, -2, -1, -2, 1, 1, 2, 1, 2, 1]"
999,dfs_bnb_mpi,0.514463,-6,7,157512,"[-1, -1, 2, 2, 1, 1, 2, -1, 2, 1, 2, 1, -2, 1, -2, -1, -2, -2, -1]"
