protein_id,algorithm,time,score,checked,placed,hash
0,dfs_bnb_mpi,276.711,-17,18,65093178,"[-1, -2, -2, 1, 2, 1, -2, 1, 2, 2, -1, 2, -1, 2, 2, -1, -2, -2, -1, 2, -1, -2, -1, -2, 1, 1, -2, -1, -1]"
1,dfs_bnb_mpi,1228.9,-18,19,268199882,"[-1, -2, 1, -2, -2, 1, 1, 1, 1, 2, 2, 2, 1, 2, -1, 2, -1, -2, -2, -1, -2, 1, -2, -1, -1, 2, 2, 2, 1]"
2,dfs_bnb_mpi,579.274,-17,18,138185975,"[-1, -2, 1, 1, 2, 2, 1, 1, 1, 2, -1, -1, 2, 1, 2, 1, -2, 1, -2, -2, -2, -2, -1, 2, -1, -1, -2, 1, -2]"
3,dfs_bnb_mpi,224.395,-17,18,50090739,"[-1, -1, 2, 2, -1, -2, -2, -2, -2, -2, 1, 2, 2, 1, 1, 1, -2, -1, -1, -2, 1, 1, 1, 2, 2, 1, 2, -1, -1]"
4,dfs_bnb_mpi,2280.78,-16,17,501761947,"[-1, -1, 2, 2, 2, 1, -2, -2, 1, 2, 2, 2, -1, -1, 2, -1, 2, -1, -2, -2, 1, -2, -1, -2, -2, -2, 1, 2, 2]"
5,dfs_bnb_mpi,177.473,-17,18,47635392,"[-1, -2, 1, 1, 2, 2, -1, -1, 2, 1, 1, 2, -1, 2, 2, -1, -2, -2, -1, -2, -1, -2, 1, -2, -1, -2, 1, -2, 1]"
6,dfs_bnb_mpi,154.606,-17,18,40648019,"[-1, -1, 2, 2, -1, -1, -2, 1, -2, -2, 1, 1, 1, 1, 2, 1, 2, -1, 2, -1, -2, -1, 2, 2, 1, 2, -1, -1, -2]"
7,dfs_bnb_mpi,4419.77,-17,17,1097697836,"[-1, -2, 1, 1, 2, 1, 1, 1, 1, -2, -2, -2, -1, -2, -1, 2, -1, -1, -1, -1, 2, 1, 1, 1, 2, 1, 1, -2, -1]"
8,dfs_bnb_mpi,386.573,-17,17,97552008,"[-1, -1, 2, 2, 2, 2, 1, -2, -2, -2, 1, 2, 1, -2, -2, -2, 1, 2, 1, 2, -1, 2, 1, 2, -1, -1, 2, -1, -2]"
9,dfs_bnb_mpi,557.552,-17,18,123735674,"[-1, -1, 2, 2, -1, -1, -1, -2, -1, -2, -2, -2, -2, 1, 2, 2, 2, 1, 2, 1, -2, -2, 1, -2, -1, -2, -1, 2, 2]"
10,dfs_bnb_mpi,401.687,-18,19,106412172,"[-1, -1, -1, -1, 2, 1, 1, 1, 1, 1, 1, -2, -1, -2, 1, 1, -2, -1, -1, -2, -1, 2, 2, -1, -1, -1, -2, 1, 1]"
11,dfs_bnb_mpi,48.0965,-17,18,12858377,"[-1, -1, 2, 1, 2, 2, 1, -2, -2, 1, 2, 1, -2, -2, -1, -2, 1, -2, -1, -2, -1, 2, -1, -1, -1, 2, 1, 1, 1]"
12,dfs_bnb_mpi,248.073,-16,17,63579167,"[-1, -1, 2, 2, 1, -2, 1, 2, 1, 1, -2, -1, -2, -2, -1, -1, -2, 1, -2, -1, -1, 2, 2, -1, -1, 2, 1, 2, 2]"
13,dfs_bnb_mpi,223.369,-17,18,57726977,"[-1, -1, 2, 2, 2, 1, -2, -2, 1, 1, 2, -1, 2, 1, 2, -1, -1, 2, -1, -2, -1, -2, -1, -1, -2, 1, -2, 1, 2]"
14,dfs_bnb_mpi,42.2086,-17,18,10611428,"[-1, -1, 2, 1, 2, 2, 1, 1, -2, -1, -2, 1, -2, 1, 2, 2, 2, 2, 2, -1, -2, -1, 2, -1, -2, -1, -2, -2, -1]"
15,dfs_bnb_mpi,231.959,-17,18,61915230,"[-1, -1, 2, -1, 2, 1, 1, -2, 1, 2, 2, 1, -2, 1, 2, 2, -1, 2, -1, -2, -1, -2, -1, -1, -1, -2, -2, -2, 1]"
16,dfs_bnb_mpi,157.631,-17,18,39098869,"[-1, -1, 2, 2, 2, 2, 2, 2, 1, -2, -2, -2, -2, -2, 1, 2, 2, 2, 2, 2, 1, -2, -2, -2, -2, -2, 1, -2, -1]"
17,dfs_bnb_mpi,1401.44,-17,18,307044364,"[-1, -1, 2, 1, 2, 2, 2, 2, 1, 1, 1, -2, 1, -2, -1, -1, 2, -1, -2, -2, 1, 1, 1, -2, -1, -2, -1, 2, -1]"
18,dfs_bnb_mpi,79.4556,-18,18,19120672,"[-1, -1, 2, 1, 1, 1, 1, 2, -1, 2, -1, -2, -1, -1, -1, -2, -2, -2, -2, 1, 2, 1, -2, 1, 2, 1, 1, 2, -1]"
19,dfs_bnb_mpi,1385.47,-17,18,301049423,"[-1, -1, 2, 2, 2, 1, -2, -2, 1, 1, -2, 1, 1, -2, -1, -1, -1, -1, -1, -2, 1, 1, 1, 1, -2, -1, -1, -1, -1]"
20,dfs_bnb_mpi,806.46,-17,18,174649572,"[-1, -1, -1, 2, -1, 2, 2, 2, 1, 2, 1, 1, 1, -2, -1, -1, -2, -1, -2, 1, -2, 1, 2, 2, 1, 1, -2, -1, -2]"
21,dfs_bnb_mpi,389.719,-18,19,93936370,"[-1, -1, 2, 2, 1, -2, 1, 1, 1, 2, -1, -1, 2, -1, 2, -1, -2, -1, -2, -2, -2, -2, 1, 1, 1, -2, 1, 2, 2]"
22,dfs_bnb_mpi,625.851,-17,18,136229215,"[-1, -1, 2, -1, -1, -2, 1, -2, -1, -2, -2, -2, 1, 1, 1, 1, 2, -1, -1, -1, 2, 1, 1, 1, 1, 2, -1, -1, -1]"
23,dfs_bnb_mpi,184.172,-18,19,43704761,"[-1, -2, -2, 1, -2, 1, -2, -1, -1, 2, -1, 2, 2, 2, 2, 1, 2, 1, -2, 1, -2, 1, -2, 1, -2, -1, -1, 2, -1]"
24,dfs_bnb_mpi,269.783,-18,18,69809479,"[-1, -1, 2, 2, 2, 2, 1, -2, 1, -2, -1, -2, 1, 1, 2, 1, -2, 1, -2, -1, -1, -2, 1, -2, -1, -1, -1, 2, 1]"
25,dfs_bnb_mpi,19.8301,-18,19,4949181,"[-1, -1, 2, 1, 2, 1, -2, 1, -2, -2, 1, 2, 2, 2, -1, 2, -1, -1, -1, -2, -1, -2, -1, -2, 1, -2, 1, 1, 1]"
26,dfs_bnb_mpi,57.7178,-18,18,14428508,"[-1, -2, 1, 1, 1, 2, -1, 2, 1, 2, -1, 2, -1, -2, -2, -1, 2, -1, -2, -1, -2, 1, -2, -2, 1, 1, -2, 1, 2]"
27,dfs_bnb_mpi,2292.42,-17,18,610156427,"[-1, -1, 2, 1, 1, 2, -1, 2, 1, 1, -2, -2, 1, -2, -2, -2, -1, -1, -2, -2, -1, 2, 2, -1, 2, 1, 1, 1, 2]"
28,dfs_bnb_mpi,2158.7,-16,17,488226813,"[-1, -1, 2, 2, -1, 2, -1, -2, -2, 1, -2, -2, 1, 1, -2, -1, -2, 1, 1, 2, 2, 1, 2, 2, 2, -1, -1, -2, 1]"
29,dfs_bnb_mpi,81.9456,-17,18,21325561,"[-1, -1, 2, -1, 2, 2, 2, 1, 1, -2, -1, -2, 1, -2, 1, 2, 1, -2, -2, 1, -2, -1, -1, -2, -1, 2, -1, -2, -1]"
30,dfs_bnb_mpi,551.892,-17,17,142262066,"[-1, -1, 2, -1, 2, 2, 1, -2, 1, -2, 1, 1, 1, -2, -2, 1, -2, -1, -1, -1, -2, -1, 2, -1, 2, 1, 1, 1, 2]"
31,dfs_bnb_mpi,25.721,-18,19,6662093,"[-1, -2, -1, 2, 2, 1, 1, 1, -2, -2, -1, -2, -1, -2, 1, 1, 2, 1, 2, 2, 2, 2, -1, 2, -1, -2, -1, -1, 2]"
32,dfs_bnb_mpi,1703.29,-17,18,442633313,"[-1, -2, -1, 2, 2, 1, 1, 1, 1, -2, -1, -2, -1, -2, -1, -1, -2, -2, 1, 2, 1, -2, 1, 1, 2, -1, 2, 1, 2]"
33,dfs_bnb_mpi,877.307,-15,16,208657658,"[-1, -1, 2, 2, -1, -2, -1, -1, 2, 1, 2, 1, 1, 2, 1, -2, 1, 2, 1, -2, -2, -1, -1, -2, 1, 1, 1, 2, 2]"
34,dfs_bnb_mpi,443.889,-18,19,98331453,"[-1, -2, 1, 1, 2, 2, 2, -1, -2, -1, 2, -1, -1, -1, -2, 1, 1, -2, -1, -2, 1, -2, -1, -2, 1, 1, 1, 2, -1]"
35,dfs_bnb_mpi,1488.66,-16,17,363780532,"[-1, -1, 2, 2, 2, 2, -1, -1, -2, 1, -2, -1, -2, 1, -2, -2, -1, 2, -1, -1, -1, 2, 1, 1, 2, 2, -1, -2, -1]"
36,dfs_bnb_mpi,594.333,-17,18,143553700,"[-1, -1, 2, 2, -1, -2, -1, -1, -2, 1, 1, -2, 1, -2, -1, -1, 2, -1, -1, -2, 1, -2, -1, -2, 1, 1, 1, 2, -1]"
37,dfs_bnb_mpi,982.471,-18,19,234575969,"[-1, -1, -1, 2, 1, 1, 1, 2, 1, 1, -2, -1, -2, 1, 1, -2, -1, -2, -2, -1, -1, 2, -1, -1, 2, 1, 1, 1, -2]"
38,dfs_bnb_mpi,75.6057,-17,18,19899136,"[-1, -1, -1, 2, 1, 2, 2, 1, -2, -2, 1, 2, 1, -2, -2, -2, -1, -2, -1, 2, -1, -1, -1, 2, -1, 2, 1, 2, 1]"
39,dfs_bnb_mpi,390.034,-17,18,101479052,"[-1, -1, 2, 2, 2, 1, 1, 1, -2, -1, -1, -2, 1, 1, -2, -2, 1, -2, -1, -2, -1, -1, -1, 2, 2, 1, 1, -2, -1]"
40,dfs_bnb_mpi,88.237,-16,16,19358617,"[-1, -1, 2, 2, -1, 2, 2, -1, -1, -1, -2, -2, -2, 1, 2, 2, 1, -2, -2, 1, -2, -1, -2, 1, 1, -2, 1, 2, 1]"
41,dfs_bnb_mpi,91.5606,-16,17,20529607,"[-1, -1, 2, 2, 2, 2, 2, 1, 1, 1, -2, -1, -1, -2, -2, -2, 1, 2, 2, 1, 1, -2, -1, -2, 1, -2, -1, -2, 1]"
42,dfs_bnb_mpi,237.941,-17,18,65710319,"[-1, -1, 2, 1, 2, -1, -1, -2, -2, -1, -1, 2, 1, 2, -1, -1, 2, 2, 1, -2, 1, 2, 1, -2, 1, 1, 1, -2, -2]"
43,dfs_bnb_mpi,1327.38,-17,18,320761758,"[-1, -1, 2, 2, 1, -2, 1, 2, 2, 1, 1, 1, -2, -2, -2, -2, -2, -1, -1, -1, 2, 1, 2, 2, 2, 1, -2, -2, -2]"
44,dfs_bnb_mpi,19.7366,-16,17,4606865,"[-1, -2, 1, 1, 2, 1, 1, 1, -2, -1, -1, -2, 1, 1, -2, -1, -1, -1, 2, -1, -1, -1, -2, 1, 1, -2, 1, 1, 1]"
45,dfs_bnb_mpi,2223.93,-18,19,527149151,"[-1, -1, 2, 2, 2, 1, 2, 1, -2, 1, 2, 1, 1, 1, -2, -1, -2, -2, -1, -2, -1, 2, -1, -1, 2, 1, 1, 1, 2]"
46,dfs_bnb_mpi,2758.63,-17,18,658241519,"[-1, -1, 2, -1, 2, -1, -2, -1, -1, -1, -2, -2, -2, 1, -2, 1, 2, 2, 1, -2, 1, 1, 2, -1, 2, -1, -1, -1, -2]"
47,dfs_bnb_mpi,205.782,-17,18,51677944,"[-1, -1, 2, 2, 2, -1, 2, 1, 1, -2, -2, -2, 1, 2, 2, 2, 1, 2, -1, -1, -1, -1, -1, -2, -1, -2, 1, -2, 1]"
48,dfs_bnb_mpi,59.2505,-18,18,13619627,"[-1, -1, 2, 1, 2, -1, 2, -1, -2, -1, -2, 1, -2, -2, -2, 1, 2, 1, -2, -2, -1, -1, -1, 2, -1, 2, 2, 1, -2]"
49,dfs_bnb_mpi,336.758,-17,18,82685246,"[-1, -1, 2, 1, 1, 1, 2, 1, -2, -2, -1, -2, -2, 1, 2, 1, -2, -2, -1, -1, -1, -1, 2, 1, 2, -1, -1, -2, -1]"
50,dfs_bnb_mpi,176.624,-17,18,43097119,"[-1, -2, -2, -1, -2, -1, -2, 1, -2, 1, 1, 2, -1, 2, 1, 2, 2, 1, 1, -2, -1, -2, 1, -2, -1, -2, -2, -1, -1]"
51,dfs_bnb_mpi,78.135,-17,18,21433809,"[-1, -1, 2, -1, 2, 1, 1, -2, 1, 1, 1, 2, -1, -1, 2, 1, 1, 2, -1, 2, -1, -2, -1, -2, -1, 2, -1, -2, -1]"
52,dfs_bnb_mpi,2003.27,-17,18,442151881,"[-1, -2, -1, -1, -2, -1, 2, 2, -1, -2, -1, 2, 2, 2, 2, 1, 1, -2, -1, -2, 1, 1, 2, 1, 1, -2, -1, -2, -1]"
53,dfs_bnb_mpi,137.315,-18,19,30810381,"[-1, -1, -1, 2, 1, 1, 2, 1, -2, 1, -2, 1, -2, -1, -2, -1, 2, -1, -1, -1, -2, -2, 1, 2, 1, -2, -2, 1, 2]"
54,dfs_bnb_mpi,112.122,-18,19,27495440,"[-1, -1, -1, -1, 2, 1, 1, 2, 1, -2, 1, 1, 1, -2, -1, -2, 1, -2, -1, -1, 2, -1, -2, -2, -1, 2, -1, 2, 1]"
55,dfs_bnb_mpi,1072.87,-17,18,261369670,"[-1, -1, 2, -1, 2, 2, -1, -2, -2, -1, 2, -1, -2, -1, -2, 1, 1, 1, -2, -1, -2, 1, 1, 1, 1, 2, -1, -1, 2]"
56,dfs_bnb_mpi,27.9243,-18,18,6583256,"[-1, -1, 2, -1, -1, -1, -2, -2, -2, -2, 1, 2, 2, 2, 1, -2, -2, -2, 1, 2, 2, 1, 1, 1, -2, -1, -2, -1, 2]"
57,dfs_bnb_mpi,37.7886,-18,18,8838873,"[-1, -2, 1, 1, 2, 1, -2, -2, -1, -1, -1, -2, 1, -2, 1, 2, 1, -2, -2, 1, 2, 2, 1, 2, -1, 2, 1, 2, -1]"
58,dfs_bnb_mpi,452.938,-17,18,110882439,"[-1, -2, 1, 1, 2, 2, -1, -1, -1, -2, -2, -1, 2, 2, -1, 2, 1, 1, 2, 2, 1, -2, 1, 2, 1, -2, -2, -1, -1]"
59,dfs_bnb_mpi,758.595,-17,18,210298788,"[-1, -2, 1, 1, 2, 2, 1, 1, -2, -1, -2, 1, 1, -2, -1, -2, -2, -1, -1, -1, -1, 2, 2, 1, -2, 1, 2, 1, -2]"
60,dfs_bnb_mpi,191.443,-18,19,48125736,"[-1, -2, -1, -1, -1, 2, 1, 1, 2, 2, -1, -2, -1, 2, 2, 1, 1, 1, -2, -2, 1, 1, -2, -2, -1, -2, -1, -1, -1]"
61,dfs_bnb_mpi,40.5757,-17,18,9495874,"[-1, -1, 2, 1, 1, 2, -1, 2, 2, -1, 2, -1, -2, -1, -2, 1, 1, -2, -1, -2, -1, 2, -1, -1, 2, 1, 2, 2, 1]"
62,dfs_bnb_mpi,107.491,-17,17,28532118,"[-1, -1, 2, -1, 2, 1, 1, -2, 1, 1, -2, -2, -2, -1, 2, -1, -1, -1, 2, -1, -1, -2, 1, -2, 1, -2, 1, 2, 1]"
63,dfs_bnb_mpi,133.187,-18,18,30184044,"[-1, -1, 2, 1, 1, 1, 2, 1, -2, -2, -1, -2, 1, 1, -2, -1, -1, -1, 2, -1, -1, -2, 1, -2, -2, 1, 1, 2, -1]"
64,dfs_bnb_mpi,172.679,-18,18,43045027,"[-1, -1, 2, 1, 1, 1, -2, 1, 2, 1, -2, 1, -2, -1, -2, -2, -1, 2, 2, -1, -2, -2, -1, 2, 2, -1, -1, -2, 1]"
65,dfs_bnb_mpi,6988.25,-16,17,1552789614,"[-1, -1, 2, 2, 2, 1, 2, 1, 2, 1, 1, -2, -1, -2, 1, 1, -2, -2, -2, -1, 2, 2, -1, -2, -1, -1, 2, 1, 2]"
66,dfs_bnb_mpi,781.396,-18,19,188097754,"[-1, -1, 2, 1, 2, 1, -2, 1, -2, 1, -2, 1, -2, -1, -2, -1, -2, -1, -1, 2, 1, 2, 1, 2, -1, -1, -1, -2, 1]"
67,dfs_bnb_mpi,44.8099,-16,17,10557407,"[-1, -1, 2, 2, 2, -1, -2, -1, -1, -2, 1, 1, -2, -2, -1, 2, -1, -2, -2, 1, 1, 1, 2, 1, 1, -2, -1, -2, 1]"
68,dfs_bnb_mpi,3051.62,-17,18,771442532,"[-1, -1, 2, 2, -1, 2, -1, -2, -1, -1, -2, 1, -2, -2, -2, 1, 1, 1, 1, 1, 2, -1, -1, -1, 2, 2, -1, -2, -2]"
69,dfs_bnb_mpi,5251.32,-16,17,1134475379,"[-1, -1, 2, 2, 1, -2, 1, 2, 2, 1, 1, -2, -2, -2, -2, -2, -1, -1, -2, -1, 2, -1, 2, 1, 1, 1, 2, 2, 2]"
70,dfs_bnb_mpi,205.203,-18,18,46065073,"[-1, -2, 1, 1, -2, -1, -1, -1, 2, -1, -2, -1, -1, -2, 1, -2, 1, 2, 1, 1, 1, 1, -2, -1, -2, -1, -1, 2, 1]"
71,dfs_bnb_mpi,368.957,-17,18,92136724,"[-1, -1, 2, 1, 2, 2, 2, 1, 1, -2, -1, -2, -2, 1, 2, 1, -2, -2, -2, -2, -2, -1, 2, -1, -1, 2, 1, 1, 2]"
72,dfs_bnb_mpi,1767.98,-17,18,439045795,"[-1, -2, 1, 1, 1, 2, -1, 2, -1, 2, 2, 1, -2, 1, -2, 1, -2, -2, 1, -2, -1, -1, -2, -1, 2, -1, -1, -2, 1]"
73,dfs_bnb_mpi,379.2,-16,17,96517434,"[-1, -1, 2, 2, 2, 2, 1, -2, 1, -2, -1, -2, 1, 1, -2, -2, -1, -1, -1, -1, 2, 2, 2, -1, 2, 1, 2, -1, 2]"
74,dfs_bnb_mpi,100.767,-17,18,26694100,"[-1, -1, 2, 1, 1, 1, -2, -2, -1, -1, -1, -2, -1, -2, 1, 1, 2, 1, -2, -2, 1, 2, 2, 1, 2, 2, 2, 2, -1]"
75,dfs_bnb_mpi,225.848,-17,18,62032334,"[-1, -1, 2, 1, 1, 2, -1, 2, 1, 1, -2, 1, -2, -1, -2, 1, 1, -2, -1, -1, -2, -1, -1, -1, -1, 2, 1, 1, 1]"
76,dfs_bnb_mpi,180.957,-18,19,43145652,"[-1, -2, 1, 1, 1, -2, -1, -2, 1, 1, -2, -1, -2, 1, -2, -1, -1, 2, 2, -1, -2, -1, 2, 2, -1, 2, 1, 1, -2]"
77,dfs_bnb_mpi,1449.43,-17,18,366985468,"[-1, -1, 2, 1, 1, 1, -2, 1, -2, -2, -1, 2, -1, -2, -2, -1, -1, -1, -1, 2, 1, 1, 1, 2, -1, -1, 2, -1, -2]"
78,dfs_bnb_mpi,2139.97,-17,18,543144385,"[-1, -1, 2, 1, 1, 2, 1, 2, 2, 1, 1, 1, -2, -1, -1, -2, 1, 1, -2, -2, -2, -1, -1, 2, 1, 2, -1, -1, -2]"
79,dfs_bnb_mpi,69.4565,-17,18,17975409,"[-1, -2, 1, 1, 2, 2, 1, 1, -2, -1, -2, 1, -2, -1, -1, -1, -2, 1, -2, 1, 2, 1, 1, 2, 1, 2, 2, -1, -2]"
80,dfs_bnb_mpi,1381.67,-17,18,308531861,"[-1, -1, 2, 2, 1, -2, 1, 1, 1, -2, -1, -2, 1, -2, -2, -2, -2, -1, 2, 2, 2, -1, 2, -1, -2, -2, -2, 1, 2]"
81,dfs_bnb_mpi,577.729,-17,18,143586137,"[-1, -1, 2, 2, -1, -2, -2, -2, -1, 2, -1, 2, 1, 2, 2, -1, -2, -1, -1, -2, -2, -2, -2, 1, 1, 2, -1, 2, 2]"
82,dfs_bnb_mpi,1766.13,-17,18,423485042,"[-1, -1, 2, -1, -2, -1, -1, -1, -2, 1, 1, 1, 1, 1, -2, -1, -1, -2, 1, -2, -1, -1, -1, 2, -1, 2, 1, 1, -2]"
83,dfs_bnb_mpi,207.19,-17,17,50419902,"[-1, -1, 2, -1, -2, -2, -2, 1, 2, 1, 1, 1, -2, -1, -1, -2, 1, -2, -1, -1, 2, -1, -2, -1, 2, 2, -1, 2, 1]"
84,dfs_bnb_mpi,52.2202,-17,18,11701419,"[-1, -1, 2, 1, 2, -1, -1, 2, 1, 1, 1, -2, -2, 1, -2, -2, -1, -1, -2, 1, 1, -2, -1, -1, -1, 2, 2, -1, 2]"
85,dfs_bnb_mpi,184.974,-18,19,41276968,"[-1, -2, -1, 2, 2, 1, 2, -1, 2, -1, -2, -1, 2, -1, -1, -2, 1, -2, 1, 1, -2, -2, -1, 2, -1, -2, -1, 2, 2]"
86,dfs_bnb_mpi,105.279,-18,19,25092670,"[-1, -2, -2, -2, 1, 2, 2, 1, 2, 1, 2, -1, -1, 2, -1, -2, -1, -2, -2, -1, 2, 2, 2, 1, 2, 1, 1, 1, -2]"
87,dfs_bnb_mpi,272.823,-17,18,71005903,"[-1, -1, 2, 1, 2, 1, -2, 1, 1, 2, -1, 2, -1, -1, -1, -2, -1, 2, -1, -2, -2, 1, -2, -1, -2, 1, 1, 1, 1]"
88,dfs_bnb_mpi,1347.95,-18,19,325197008,"[-1, -2, -1, -2, 1, 1, 2, 1, 2, 2, 1, -2, 1, -2, 1, 2, 1, -2, -2, -2, -1, 2, -1, -2, -1, -1, 2, 1, 2]"
89,dfs_bnb_mpi,2060.89,-17,18,457547016,"[-1, -2, 1, 1, 2, 2, 1, 1, 2, 1, 2, -1, 2, 2, -1, -1, -2, 1, -2, -2, -1, 2, -1, -1, -2, 1, -2, -1, -1]"
90,dfs_bnb_mpi,79.1259,-16,17,19554472,"[-1, -1, 2, 2, 2, 1, 2, 1, -2, -2, -1, -2, 1, 1, 2, 2, 2, 2, -1, -1, -1, -2, -1, -2, -1, -2, 1, -2, -1]"
91,dfs_bnb_mpi,507.211,-17,18,111920456,"[-1, -1, 2, 2, 2, 2, 1, 2, 1, -2, 1, -2, 1, 1, -2, -1, -1, -1, 2, -1, -2, -2, 1, 1, 1, -2, -2, -1, 2]"
92,dfs_bnb_mpi,1514.14,-17,18,358335521,"[-1, -1, 2, 2, 1, -2, 1, 2, 2, -1, 2, -1, -2, -1, 2, -1, -2, -1, -1, -2, 1, -2, -2, 1, 2, 2, 1, -2, -2]"
93,dfs_bnb_mpi,193.119,-18,19,43001464,"[-1, -2, 1, -2, -2, 1, 1, 1, 1, 2, 1, 2, -1, -1, -2, -1, -1, 2, 1, 2, 1, 1, 2, -1, -1, 2, -1, -2, -2]"
94,dfs_bnb_mpi,448.749,-18,19,109972771,"[-1, -2, 1, 1, -2, 1, 2, 2, -1, 2, -1, -1, 2, 1, 2, 2, 1, 1, 1, -2, -1, -1, -2, 1, -2, 1, 2, 1, 2]"
95,dfs_bnb_mpi,126.332,-18,18,31424125,"[-1, -1, 2, 1, 2, 2, 1, -2, -2, 1, 2, 2, 1, -2, -2, -2, -1, -2, -1, -1, -1, -1, -2, 1, -2, 1, 1, 2, -1]"
96,dfs_bnb_mpi,101.531,-18,19,25390637,"[-1, -1, 2, 1, 2, 2, 1, 1, -2, -1, -2, 1, -2, 1, 2, 2, 1, 2, 2, 2, -1, 2, -1, -2, -1, -2, 1, 1, -2]"
97,dfs_bnb_mpi,2264.47,-17,18,543018518,"[-1, -1, 2, 2, 2, 1, 2, 2, 2, 1, 1, -2, -2, 1, 2, 1, -2, -2, -1, -1, -2, -2, -1, -1, 2, 1, 2, 2, 2]"
98,dfs_bnb_mpi,1306.14,-18,19,288417681,"[-1, -2, -1, 2, 2, 1, 2, -1, 2, 1, 2, -1, 2, 1, 1, -2, 1, 1, -2, -1, -1, -2, -2, 1, 2, 1, -2, -2, -1]"
99,dfs_bnb_mpi,643.649,-18,19,160273275,"[-1, -2, 1, 1, 2, 2, -1, -1, 2, 1, 2, 1, -2, 1, 2, 2, -1, -1, 2, 1, 1, 1, -2, -2, -2, -2, -2, -1, 2]"
100,dfs_bnb_mpi,482.78,-17,18,119067406,"[-1, -1, 2, 2, -1, -1, -2, 1, -2, -1, -1, 2, -1, -1, -2, 1, -2, 1, -2, 1, 2, 1, 1, 1, -2, -1, -2, -1, 2]"
101,dfs_bnb_mpi,104.344,-15,16,24389056,"[-1, -1, 2, 2, 2, 1, 1, -2, -1, -2, 1, 1, 2, 2, 2, -1, -1, -1, -1, -2, -2, -2, -2, -2, 1, 1, 1, 1, 2]"
102,dfs_bnb_mpi,523.055,-16,17,120099038,"[-1, -1, 2, 2, -1, -2, -1, 2, 2, -1, -2, -1, -1, -1, -2, 1, -2, -2, 1, 2, 2, 1, -2, 1, 1, -2, -1, -1, -2]"
103,dfs_bnb_mpi,256.664,-17,18,56432923,"[-1, -1, 2, -1, 2, -1, -1, -1, -1, -2, 1, 1, 1, -2, 1, -2, -1, -2, -1, 2, 2, -1, -2, -2, -1, 2, -1, 2, 1]"
104,dfs_bnb_mpi,1052.37,-16,16,236027126,"[-1, -1, 2, -1, 2, 1, 1, -2, 1, 2, 1, 2, -1, -1, -1, 2, 1, 2, -1, -1, -2, -2, -1, -1, 2, 1, 2, 2, 1]"
105,dfs_bnb_mpi,684.99,-17,18,160124954,"[-1, -1, 2, 2, 1, -2, 1, 1, -2, -2, -2, 1, -2, -1, -1, 2, 2, -1, -1, -1, 2, -1, -2, -2, 1, 1, 1, -2, -1]"
106,dfs_bnb_mpi,140.07,-17,18,30964071,"[-1, -1, 2, 1, 2, 1, -2, 1, 2, 1, -2, 1, -2, -2, -2, -1, 2, 2, -1, -2, -2, -1, 2, -1, -1, -2, 1, -2, 1]"
107,dfs_bnb_mpi,815.738,-18,18,207292834,"[-1, -2, 1, 1, 2, 1, -2, -2, -1, -1, -1, -1, -2, 1, 1, 1, 1, 1, -2, -1, -2, -2, -1, 2, 2, -1, -1, -2, 1]"
108,dfs_bnb_mpi,1220.86,-17,18,305753895,"[-1, -1, 2, 2, 2, 2, -1, -2, -2, -2, -2, -2, 1, 1, 1, 1, 2, 2, 1, 2, -1, -1, -2, -1, 2, 2, 2, 1, -2]"
109,dfs_bnb_mpi,567.673,-17,18,137148895,"[-1, -1, -1, -1, 2, 1, 1, 2, 1, -2, 1, 2, 1, 1, -2, -1, -2, 1, -2, -1, -1, -1, -1, -2, 1, -2, 1, 2, 1]"
110,dfs_bnb_mpi,152.956,-17,18,34648384,"[-1, -1, 2, 1, 2, -1, 2, -1, -2, -1, -1, -2, 1, 1, -2, -2, 1, 1, -2, -1, -1, -2, -1, 2, 2, 2, -1, -2, -1]"
111,dfs_bnb_mpi,1472.51,-17,18,384254748,"[-1, -2, 1, -2, -2, 1, 1, 1, 1, 2, -1, 2, -1, -2, -1, 2, 2, 2, 2, 2, 1, -2, -2, -2, 1, 2, 1, -2, -2]"
112,dfs_bnb_mpi,1151.14,-17,18,286942287,"[-1, -1, 2, 1, 1, 1, 2, -1, -1, 2, 2, 1, -2, 1, 1, -2, -2, -2, -1, -2, 1, -2, -1, -1, -1, -1, 2, 1, 1]"
113,dfs_bnb_mpi,502.134,-17,18,128866048,"[-1, -2, 1, 1, 2, 2, -1, 2, 2, 1, -2, 1, 1, -2, -1, -2, -2, 1, -2, -2, -1, 2, -1, -2, -1, 2, -1, -1, 2]"
114,dfs_bnb_mpi,3662.79,-17,18,805441556,"[-1, -1, 2, 1, 2, -1, 2, 2, -1, -1, -1, -2, -1, -2, -2, -1, -2, 1, 1, 2, 2, 1, 2, 1, -2, -2, -1, -2, 1]"
115,dfs_bnb_mpi,131.387,-16,17,29421679,"[-1, -2, 1, 1, -2, 1, -2, -1, -1, 2, -1, -1, -1, -2, 1, 1, -2, 1, 1, 1, -2, -1, -1, -1, -1, 2, -1, -1, 2]"
116,dfs_bnb_mpi,84.3493,-18,19,22084662,"[-1, -2, 1, 1, -2, 1, -2, -1, -1, 2, -1, -2, -1, 2, 2, 2, 2, 1, 1, 2, 1, 1, -2, -1, -2, 1, 1, -2, -1]"
117,dfs_bnb_mpi,1359.22,-16,17,350854395,"[-1, -2, 1, 1, 2, 1, 1, 1, -2, -2, -2, -1, 2, 2, -1, -2, -2, -1, 2, -1, -2, -1, -2, -1, 2, -1, 2, 1, 1]"
118,dfs_bnb_mpi,780.632,-16,17,187214131,"[-1, -1, 2, 2, 2, 2, 2, 2, 1, 2, 1, -2, 1, -2, -1, -1, -2, -2, -2, -2, 1, 1, 2, -1, 2, 2, 1, -2, 1]"
119,dfs_bnb_mpi,44.4989,-17,18,12126231,"[-1, -1, 2, 2, 2, 2, 1, -2, -2, -2, 1, 1, 2, -1, 2, 2, 2, -1, 2, -1, -2, -1, -2, -1, -2, 1, -2, -1, -1]"
120,dfs_bnb_mpi,69.2992,-17,18,17618242,"[-1, -2, 1, 1, 2, 2, 1, -2, -2, -2, -2, -1, 2, -1, -1, -2, 1, -2, -1, -2, 1, 1, 2, 1, 1, 2, 2, 2, 2]"
121,dfs_bnb_mpi,236.185,-17,18,52780719,"[-1, -2, -2, -1, 2, 2, 2, -1, -2, -2, -2, -1, 2, -1, 2, 1, 2, 2, 1, 1, 2, -1, 2, 1, 1, -2, -2, -2, 1]"
122,dfs_bnb_mpi,35.4048,-16,17,8040920,"[-1, -1, 2, 1, 2, 1, -2, 1, 1, -2, -1, -2, 1, -2, -1, -1, 2, -1, -1, -1, -2, 1, 1, -2, 1, 1, 1, 1, 2]"
123,dfs_bnb_mpi,2868.03,-16,17,629311485,"[-1, -1, -1, 2, 1, 2, 2, 2, 2, 1, -2, -2, -2, -2, 1, 2, 1, -2, -2, -2, -2, -1, 2, -1, -1, -1, -2, 1, 1]"
124,dfs_bnb_mpi,406.88,-16,17,94631433,"[-1, -1, 2, 2, 2, 1, 2, 2, 1, 1, 1, -2, -1, -1, -2, 1, 1, -2, -1, -1, -1, -2, 1, 1, 1, -2, -1, -2, -1]"
125,dfs_bnb_mpi,375.155,-17,18,96112624,"[-1, -1, 2, 2, -1, -2, -2, -1, 2, 2, -1, -1, -2, 1, -2, -1, -2, 1, -2, 1, -2, 1, 2, 1, 1, 2, -1, -1, -1]"
126,dfs_bnb_mpi,1207.77,-17,18,295121022,"[-1, -1, 2, 1, 2, 1, -2, 1, 2, 2, 1, -2, -2, 1, -2, -1, -1, -2, 1, 1, -2, -1, -1, -1, -1, -1, 2, 1, 1]"
127,dfs_bnb_mpi,1171.33,-18,19,297471652,"[-1, -1, 2, -1, -2, -1, -2, 1, 1, -2, -1, -2, -1, -2, 1, 1, 2, 1, -2, 1, 2, 1, 2, -1, -1, 2, 1, 1, 2]"
128,dfs_bnb_mpi,261.436,-17,18,70915729,"[-1, -1, 2, -1, 2, -1, -2, -1, 2, -1, -2, -2, 1, 1, 1, -2, 1, -2, -1, -2, -1, 2, -1, -2, -1, 2, 2, 1, 1]"
129,dfs_bnb_mpi,460.36,-17,17,115815052,"[-1, -1, 2, 2, 2, 1, -2, -2, 1, 2, 1, -2, -2, -2, -1, -2, -2, -1, -1, 2, 1, 2, -1, -1, -1, 2, 2, 1, -2]"
130,dfs_bnb_mpi,153.88,-18,19,38924985,"[-1, -2, -2, -1, -1, 2, 1, 2, 2, 1, 1, 1, 1, -2, -1, -2, -2, 1, 2, 1, -2, 1, -2, -1, -1, -1, -1, 2, 2]"
131,dfs_bnb_mpi,774.188,-17,18,186373647,"[-1, -1, 2, 2, 1, 1, -2, 1, 2, 1, -2, -2, 1, -2, -1, -2, -2, -1, 2, -1, -2, -1, 2, -1, 2, 1, 1, 1, 2]"
132,dfs_bnb_mpi,4572.42,-17,18,1017589362,"[-1, -2, -1, 2, -1, 2, 2, 2, 2, 1, 1, 2, 1, -2, -2, 1, 1, -2, -2, -1, 2, -1, -1, 2, -1, -2, -2, 1, 1]"
133,dfs_bnb_mpi,1204.77,-17,18,295256957,"[-1, -1, 2, -1, 2, 2, 2, 1, 2, 2, 1, 2, 1, -2, -2, -1, -2, -2, 1, 2, 1, -2, -2, -1, -2, -1, 2, -1, 2]"
134,dfs_bnb_mpi,1216.51,-17,18,321144548,"[-1, -2, 1, 1, 2, 2, 2, 2, -1, -2, -1, 2, 2, 2, -1, -2, -2, -2, -1, -1, -2, 1, -2, -2, 1, 2, 2, 1, 1]"
135,dfs_bnb_mpi,1313.21,-16,17,337029480,"[-1, -1, 2, 2, 2, 1, 2, 1, -2, 1, 2, 1, 1, 1, -2, -1, -1, -2, 1, -2, -1, -2, -1, 2, 2, -1, -1, -2, 1]"
136,dfs_bnb_mpi,328.324,-17,18,88317502,"[-1, -2, 1, 1, 2, 2, 2, 2, 1, -2, -2, -2, -2, 1, 2, 2, 2, 2, 2, 2, -1, -2, -1, -1, -1, -2, 1, -2, -2]"
137,dfs_bnb_mpi,179.666,-18,19,42976750,"[-1, -2, -2, 1, 2, 1, 2, 1, -2, -2, -1, -2, 1, -2, -1, -2, -1, 2, 2, -1, -2, -1, 2, 2, 2, -1, -2, -2, -1]"
138,dfs_bnb_mpi,2426.06,-17,18,582082378,"[-1, -1, 2, 2, 2, 1, 1, 2, 1, -2, 1, 2, 1, -2, 1, -2, -2, -1, 2, -1, -2, -2, -1, 2, 2, -1, -1, -2, 1]"
139,dfs_bnb_mpi,150.01,-18,18,39308379,"[-1, -1, 2, 1, 1, 2, 2, 1, -2, -2, 1, 2, 2, 2, -1, -1, 2, -1, -2, -1, -1, -1, -2, 1, -2, 1, 2, 1, -2]"
140,dfs_bnb_mpi,59.4029,-18,19,15563307,"[-1, -1, 2, 1, 1, 1, 1, 1, -2, -1, -1, -2, 1, 1, -2, -1, -2, -1, 2, -1, -2, -1, 2, -1, -1, 2, 1, 1, 1]"
141,dfs_bnb_mpi,4090.54,-16,17,1059769330,"[-1, -1, 2, 2, 2, 2, 2, 2, 1, -2, -2, -2, -2, -2, 1, 1, -2, 1, 2, 2, 1, 2, -1, -1, 2, -1, -2, -2, 1]"
142,dfs_bnb_mpi,1534.62,-17,18,349231939,"[-1, -2, -2, -1, 2, -1, -2, -2, -1, 2, -1, 2, 1, 2, -1, 2, 1, 2, 2, 1, 1, -2, -1, -2, -2, 1, 2, 1, 2]"
143,dfs_bnb_mpi,147.609,-17,18,38436682,"[-1, -1, 2, -1, -2, -2, 1, 1, -2, -1, -1, -2, 1, 1, 1, -2, -1, -2, 1, 1, 2, 1, 2, -1, 2, -1, 2, 1, 2]"
144,dfs_bnb_mpi,500.415,-17,18,119438042,"[-1, -2, 1, 1, -2, -2, -1, 2, -1, -2, -1, 2, 2, -1, -2, -2, -2, 1, 1, 1, -2, -1, -1, -1, -1, 2, 2, -1, -2]"
145,dfs_bnb_mpi,270.288,-16,17,63100803,"[-1, -1, 2, 2, 1, -2, 1, 1, 1, 2, -1, -1, 2, 1, 2, -1, -1, -2, -1, 2, -1, -2, -2, -1, -2, 1, -2, -1, -1]"
146,dfs_bnb_mpi,150.669,-16,17,39585946,"[-1, -1, 2, 2, 2, -1, -2, -1, 2, -1, -2, -2, -2, 1, 2, 1, -2, -2, -1, -2, -1, -2, 1, 1, 2, 1, 1, 2, -1]"
147,dfs_bnb_mpi,932.514,-17,18,235532067,"[-1, -1, 2, 2, 2, -1, -2, -1, -2, 1, -2, -2, 1, 1, -2, 1, 2, 1, 2, 2, 2, 2, -1, -2, -2, -1, 2, 2, 2]"
148,dfs_bnb_mpi,655.329,-16,17,164820778,"[-1, -1, 2, 2, 2, 1, 2, -1, 2, -1, -2, -2, -2, -1, 2, 2, 2, 2, 1, 1, 1, -2, 1, -2, 1, -2, -1, -2, -1]"
149,dfs_bnb_mpi,912.658,-16,17,219952090,"[-1, -1, 2, 2, 2, 2, 1, -2, -2, -2, 1, 2, 2, 2, 2, 1, 1, -2, 1, -2, -1, -2, 1, -2, -1, -1, 2, 2, 2]"
150,dfs_bnb_mpi,381.652,-17,18,90352089,"[-1, -1, -1, 2, 1, 2, 2, 1, -2, -2, 1, 1, -2, 1, 2, 2, 2, 2, -1, -2, -2, -1, 2, 2, -1, 2, 1, 1, 2]"
151,dfs_bnb_mpi,605.647,-16,17,137085102,"[-1, -1, 2, 1, 2, 2, 1, -2, -2, 1, -2, 1, 1, -2, -1, -2, -2, -1, 2, 2, -1, -1, -1, -2, 1, 1, -2, -1, -1]"
152,dfs_bnb_mpi,2134.2,-16,17,575667620,"[-1, -1, 2, 2, 1, -2, 1, 2, 2, 2, -1, -2, -1, 2, -1, -2, -1, -1, -2, -2, -1, -2, 1, 1, 2, 2, 1, -2, -2]"
153,dfs_bnb_mpi,295.92,-16,17,75103259,"[-1, -2, 1, 1, 1, 1, 2, -1, -1, 2, 2, -1, -2, -1, -1, -2, -2, -1, -2, 1, -2, 1, 2, 1, -2, 1, 2, 1, 1]"
154,dfs_bnb_mpi,2618.34,-16,17,607449077,"[-1, -1, 2, 2, -1, 2, 1, 2, 1, 2, 1, -2, 1, -2, 1, 1, -2, -1, -2, -2, -1, 2, 2, -1, -2, -1, 2, 2, 1]"
155,dfs_bnb_mpi,338.717,-17,18,82130231,"[-1, -1, 2, 2, 1, -2, 1, 2, 2, 2, 1, -2, -2, 1, 2, 1, -2, 1, -2, -1, -2, -2, -1, 2, 2, -1, -2, -2, -1]"
156,dfs_bnb_mpi,256.545,-18,19,60045921,"[-1, -2, 1, 1, 2, 1, -2, -2, -1, -2, 1, 1, 2, 1, 2, -1, 2, 1, 2, -1, 2, -1, 2, -1, -2, -1, -2, 1, 1]"
157,dfs_bnb_mpi,1423.39,-17,18,309294989,"[-1, -1, 2, 2, 1, -2, 1, 2, 2, -1, -1, 2, -1, -2, -1, -1, -2, 1, 1, -2, -1, -1, -2, -2, 1, 2, 1, -2, 1]"
158,dfs_bnb_mpi,594.489,-18,19,132111866,"[-1, -2, 1, -2, 1, 2, 2, 2, 2, 1, 1, 2, 1, -2, -2, -1, -1, -2, 1, 1, -2, -2, -2, -1, -1, 2, 2, 1, -2]"
159,dfs_bnb_mpi,498.917,-15,16,139085680,"[-1, -1, 2, 2, 2, -1, -1, -2, 1, -2, -1, -2, 1, -2, 1, -2, 1, 2, 1, 1, 2, 2, 2, -1, -2, -1, 2, 2, 2]"
160,dfs_bnb_mpi,272.224,-16,17,69390570,"[-1, -1, 2, 1, 2, 2, 2, 1, -2, 1, 2, 2, -1, -1, 2, 1, 1, 1, -2, 1, -2, -1, -2, -2, -1, -1, -2, 1, 1]"
161,dfs_bnb_mpi,278.626,-17,18,72146622,"[-1, -1, 2, 1, 2, 2, -1, -2, -1, 2, -1, -2, -2, 1, -2, -2, 1, 1, 1, -2, -1, -1, -1, -1, -1, 2, 2, 1, -2]"
162,dfs_bnb_mpi,606.514,-18,19,149060944,"[-1, -1, 2, -1, -2, -1, -2, -2, -2, 1, 1, 2, 1, -2, -2, 1, 1, 2, -1, 2, 1, 1, 2, -1, -1, -1, -1, -1, -2]"
163,dfs_bnb_mpi,294.783,-17,18,69885620,"[-1, -1, 2, -1, -2, -2, -1, -1, -2, 1, 1, -2, -1, -1, -1, -2, 1, 1, 1, 1, 1, 2, -1, 2, 1, 1, 2, -1, -1]"
164,dfs_bnb_mpi,155.219,-17,18,36557699,"[-1, -1, -1, 2, 1, 1, 2, 1, -2, 1, 1, 2, -1, 2, -1, 2, 2, -1, -2, -2, -1, -2, -1, -1, 2, 1, 2, 1, 2]"
165,dfs_bnb_mpi,57.8707,-17,17,12768108,"[-1, -1, -1, 2, 1, 2, -1, -1, 2, 1, 1, 2, 2, 1, -2, -2, 1, -2, -1, -2, 1, 1, 2, 1, 2, -1, 2, -1, 2]"
166,dfs_bnb_mpi,217.619,-17,17,50418160,"[-1, -1, 2, -1, -2, -1, -2, 1, 1, -2, 1, 2, 1, -2, 1, 2, 1, 2, -1, 2, 1, 2, -1, 2, -1, -2, -1, -2, 1]"
167,dfs_bnb_mpi,393.075,-17,18,95931966,"[-1, -1, 2, 1, 1, 2, -1, 2, -1, -2, -1, -1, -2, 1, -2, -2, 1, 1, 1, 1, -2, -1, -2, -2, -1, 2, -1, 2, 1]"
168,dfs_bnb_mpi,43.1188,-17,18,10781730,"[-1, -1, 2, 2, -1, 2, 1, 1, 2, 1, -2, -2, -1, -2, 1, 1, -2, 1, 2, 1, 2, 2, -1, -2, -1, 2, 2, 1, 2]"
169,dfs_bnb_mpi,539.865,-17,18,138689885,"[-1, -1, 2, -1, -1, -1, -2, 1, 1, -2, 1, 1, -2, -1, -1, -2, 1, -2, -1, -1, 2, -1, -1, 2, 2, 1, 1, -2, -1]"
170,dfs_bnb_mpi,5742.9,-17,18,1339290201,"[-1, -2, 1, 1, 2, 1, 2, 2, 2, 2, 2, -1, -1, -1, -2, 1, 1, -2, -1, -1, -1, -2, 1, 1, 1, -2, -1, -1, -1]"
171,dfs_bnb_mpi,462.761,-17,18,119287994,"[-1, -2, -1, -2, 1, 1, 2, 1, 1, 2, -1, 2, 1, 1, 2, -1, 2, 1, 1, -2, 1, -2, -1, -2, -1, -2, -2, -1, -1]"
172,dfs_bnb_mpi,27.2309,-17,18,6183264,"[-1, -1, 2, -1, -2, -1, -2, 1, 1, 1, 1, 1, 2, 2, -1, -1, 2, -1, 2, 1, 1, -2, 1, 1, 2, -1, 2, -1, 2]"
173,dfs_bnb_mpi,760.472,-15,16,176293649,"[-1, -1, 2, 2, 2, 2, -1, -2, -1, 2, -1, -2, -2, 1, 1, -2, -2, -1, 2, -1, -1, -2, 1, -2, 1, 1, 1, -2, -1]"
174,dfs_bnb_mpi,2436.42,-17,18,612318764,"[-1, -1, 2, -1, -2, -1, -1, -2, -1, -2, -2, 1, -2, 1, 2, 1, 2, 1, -2, 1, 2, 1, 2, -1, -1, -1, -1, -2, -1]"
175,dfs_bnb_mpi,26.7397,-18,19,6568833,"[-1, -2, -2, -1, 2, 2, 2, 2, 2, 1, 1, -2, -1, -2, 1, 1, 2, 1, -2, -2, -1, -2, 1, -2, -1, -2, -1, 2, 2]"
176,dfs_bnb_mpi,170.73,-18,19,46381643,"[-1, -1, 2, 1, 2, -1, -1, -2, -2, -1, 2, 2, -1, -2, -2, -1, -2, 1, -2, 1, 2, 1, -2, 1, 1, 1, 2, -1, -1]"
177,dfs_bnb_mpi,3714.17,-17,18,886370788,"[-1, -1, 2, 2, -1, -1, 2, -1, -2, -1, -1, -2, 1, 1, 1, 1, -2, -1, -1, -1, -2, 1, 1, 1, 1, -2, -1, -1, -1]"
178,dfs_bnb_mpi,68.653,-18,19,16701415,"[-1, -2, 1, 1, -2, -1, -1, -1, 2, 2, 2, 2, 1, -2, 1, 2, 2, 1, -2, -2, -2, 1, 2, 1, 2, -1, 2, 2, -1]"
179,dfs_bnb_mpi,1200.92,-18,19,291049578,"[-1, -2, -1, -2, -2, -1, 2, -1, 2, 1, 2, 1, 2, 1, 2, 2, 1, -2, -2, 1, -2, -2, -1, -2, 1, -2, -1, -1, 2]"
180,dfs_bnb_mpi,643.662,-17,18,167946243,"[-1, -1, 2, 2, 2, -1, -1, 2, 1, 2, 1, -2, 1, 2, 1, -2, 1, -2, 1, -2, -1, -1, 2, -1, -2, -2, 1, 1, 1]"
181,dfs_bnb_mpi,489.147,-16,17,107903249,"[-1, -1, 2, 2, -1, 2, 1, 2, 1, 1, 1, 2, 1, -2, -2, -1, -1, -1, -2, -2, 1, 2, 1, 1, -2, -1, -2, 1, 1]"
182,dfs_bnb_mpi,1270.48,-16,17,276264261,"[-1, -1, 2, 2, 2, 2, 1, 1, 2, 1, -2, -2, 1, 1, -2, 1, -2, -1, -1, 2, -1, -1, 2, -1, -2, -2, 1, 1, -2]"
183,dfs_bnb_mpi,2057.34,-16,17,568378770,"[-1, -2, 1, 1, 1, 2, 2, 1, -2, 1, 2, 2, 2, -1, -2, -1, 2, -1, -1, 2, -1, -2, -2, -2, 1, 2, 1, -2, -2]"
184,dfs_bnb_mpi,98.7308,-17,18,23247986,"[-1, -1, 2, 1, 2, 1, 2, -1, -1, -2, -1, 2, 2, 1, 2, 1, -2, 1, 2, 1, 1, -2, -1, -2, 1, -2, -1, -2, -1]"
185,dfs_bnb_mpi,316.379,-17,18,73285754,"[-1, -1, -1, 2, -1, -2, -2, 1, 1, -2, -1, -1, -1, 2, -1, -1, 2, 1, 1, 2, -1, 2, 1, 2, 1, -2, 1, 1, -2]"
186,dfs_bnb_mpi,1165.34,-18,19,255724786,"[-1, -2, 1, 1, -2, -1, -2, 1, 1, 1, 1, 2, 1, 2, 2, 2, -1, -2, -2, -1, -2, -1, 2, 2, -1, 2, 1, 1, -2]"
187,dfs_bnb_mpi,727.884,-17,18,168067312,"[-1, -1, 2, 2, 2, 1, -2, -2, 1, 1, 1, 2, 1, 2, -1, -1, -2, -1, 2, 2, -1, 2, 1, 1, -2, 1, 2, 2, -1]"
188,dfs_bnb_mpi,4423.99,-17,18,1104581821,"[-1, -2, 1, 1, 2, 1, 2, 2, 2, -1, -2, -2, -1, -1, -1, -2, -2, -1, 2, -1, 2, 1, 2, 1, 2, 1, 1, -2, -1]"
189,dfs_bnb_mpi,580.467,-17,18,135422345,"[-1, -1, 2, 2, 2, 1, 2, 2, 1, 1, 1, -2, -1, -1, -2, 1, 1, -2, -1, -1, -1, -2, 1, 1, 1, -2, -1, -2, 1]"
190,dfs_bnb_mpi,74.2204,-16,16,18375268,"[-1, -1, 2, 2, -1, -1, -2, 1, -2, -1, -1, 2, 2, -1, 2, 1, 2, 1, -2, 1, 2, 1, -2, 1, -2, -2, 1, 2, 2]"
191,dfs_bnb_mpi,254.786,-18,19,66250953,"[-1, -1, 2, 1, 2, 2, 2, 1, -2, -2, -2, 1, 2, 2, 1, -2, -2, 1, -2, -1, -1, -2, -1, -1, -2, 1, 1, 1, 2]"
192,dfs_bnb_mpi,48.4698,-18,19,12222740,"[-1, -1, 2, 1, 2, 2, -1, -2, -1, -2, -2, -2, -2, 1, 2, 1, -2, 1, 2, 1, 1, 2, -1, 2, -1, 2, 2, 1, -2]"
193,dfs_bnb_mpi,629.109,-17,18,159861215,"[-1, -1, 2, 2, -1, -2, -1, 2, 2, 1, 2, -1, 2, 1, 2, 1, -2, -2, 1, 1, -2, -2, 1, -2, -1, -1, 2, 2, -1]"
194,dfs_bnb_mpi,4525.39,-17,18,1036967772,"[-1, -2, 1, 1, 2, 2, -1, 2, 2, 1, 1, 1, 1, -2, -1, -2, 1, 1, -2, -2, -1, 2, -1, -2, -1, 2, 2, 2, -1]"
195,dfs_bnb_mpi,95.6855,-17,18,21895275,"[-1, -1, 2, 2, 2, -1, -2, -1, 2, 2, 1, 1, 1, 1, -2, -1, -2, -2, 1, 2, 1, -2, 1, -2, 1, -2, -1, -1, 2]"
196,dfs_bnb_mpi,711.735,-15,16,189000818,"[-1, -1, 2, 2, 2, 2, 2, 1, -2, -2, -2, -2, 1, 1, 1, 2, 2, 1, 2, -1, 2, -1, -2, -2, -2, -1, 2, 2, 2]"
197,dfs_bnb_mpi,92.0258,-16,17,20882708,"[-1, -1, 2, 2, 2, -1, -2, -1, -2, 1, -2, -1, -2, 1, -2, 1, 2, 1, -2, -2, 1, 2, 2, 1, 2, 2, -1, -1, 2]"
198,dfs_bnb_mpi,4084.49,-17,18,888288152,"[-1, -1, 2, 1, 2, 1, 2, 2, 1, 2, 1, -2, 1, 2, 1, -2, -2, -1, -1, -1, -2, 1, 1, -2, -1, -2, -1, 2, -1]"
199,dfs_bnb_mpi,74.5341,-18,19,19385608,"[-1, -1, 2, 1, 1, 1, 2, 1, -2, 1, -2, -1, -1, -2, 1, 1, -2, -1, -1, -2, -1, 2, -1, -1, -1, 2, 1, 1, 1]"
200,dfs_bnb_mpi,320.193,-18,19,76766280,"[-1, -2, -1, 2, -1, -2, -1, -2, -2, -2, 1, 2, 2, 1, 1, -2, -1, -2, 1, 1, 1, 1, 2, -1, 2, 2, -1, -2, -2]"
201,dfs_bnb_mpi,2350.21,-16,17,520452814,"[-1, -1, -1, 2, 2, 2, 2, 1, 2, 1, 2, 1, -2, -2, -1, -2, -1, -2, 1, 1, 2, 1, -2, 1, -2, -1, -1, -1, -1]"
202,dfs_bnb_mpi,962.85,-17,18,232733512,"[-1, -2, 1, 1, 2, 1, -2, -2, 1, 2, 2, 1, -2, -2, 1, -2, -1, -2, -1, 2, -1, -2, -1, 2, 2, -1, -1, -2, 1]"
203,dfs_bnb_mpi,5159.43,-16,17,1326573601,"[-1, -1, 2, 2, 2, -1, -2, -1, -1, -2, 1, 1, -2, -1, -1, -1, 2, 2, -1, -2, -1, -2, 1, -2, 1, 1, 1, 1, 1]"
204,dfs_bnb_mpi,904.47,-16,17,221762545,"[-1, -1, 2, 1, 2, 2, 2, 1, -2, -2, -2, 1, -2, -2, -2, -1, 2, -1, -2, -1, 2, -1, -1, 2, 1, 2, 2, 1, 2]"
205,dfs_bnb_mpi,1264.98,-17,18,280628023,"[-1, -1, 2, 1, 2, 2, 1, -2, -2, 1, 2, 1, -2, 1, -2, 1, -2, -1, -2, -1, 2, 2, -1, -2, -1, -1, -2, 1, 1]"
206,dfs_bnb_mpi,1816.87,-17,17,471472717,"[-1, -1, 2, 2, 1, -2, 1, 2, 1, 1, 2, 2, 2, 2, -1, -2, -1, -1, -1, -2, -1, -2, 1, 1, 2, 1, 1, -2, -1]"
207,dfs_bnb_mpi,162.585,-17,18,40817282,"[-1, -1, 2, 2, 2, 1, -2, -2, 1, 2, 1, 2, -1, 2, -1, -1, -1, -2, -1, -1, -2, 1, 1, -2, -1, -2, 1, -2, 1]"
208,dfs_bnb_mpi,326.463,-18,19,74478839,"[-1, -1, 2, -1, -2, -2, -1, 2, 2, -1, -2, -2, -2, -2, -2, 1, 1, 2, -1, 2, 1, 1, 2, 1, 1, -2, -1, -2, -1]"
209,dfs_bnb_mpi,926.373,-17,18,235512016,"[-1, -1, 2, 2, 2, 1, 1, 1, -2, -1, -1, -2, 1, 1, 1, 1, -2, -1, -1, -2, -2, -1, -1, -1, -1, 2, 1, 1, 1]"
210,dfs_bnb_mpi,167.802,-17,18,38071944,"[-1, -1, 2, -1, -2, -1, -2, 1, 1, 1, 1, -2, -1, -2, 1, -2, -1, -1, 2, 2, -1, -2, -2, -1, -1, 2, 1, 2, -1]"
211,dfs_bnb_mpi,371.535,-16,16,93244375,"[-1, -1, 2, 2, 2, 2, 2, -1, -2, -2, -2, -2, -2, -1, 2, 2, 2, 2, -1, -2, -2, -2, -2, -1, 2, 2, 2, -1, -2]"
212,dfs_bnb_mpi,603.419,-16,17,135754919,"[-1, -1, 2, 2, -1, 2, -1, -2, -2, 1, -2, -1, -1, 2, -1, -2, -1, 2, 2, 1, 1, 2, -1, -1, 2, 1, 1, 1, 2]"
213,dfs_bnb_mpi,380.851,-17,18,95074321,"[-1, -1, 2, 2, 1, -2, 1, 2, 2, 2, 1, -2, 1, 1, -2, -1, -1, -2, 1, 1, 1, -2, -1, -1, -1, -2, -1, -1, -1]"
214,dfs_bnb_mpi,215.772,-16,17,50971829,"[-1, -1, 2, 2, 2, -1, -2, -2, -1, 2, 2, 2, -1, -2, -2, -2, -2, 1, 1, -2, -1, -2, 1, -2, 1, 2, 2, 1, 1]"
215,dfs_bnb_mpi,2331.13,-16,17,518628542,"[-1, -1, 2, 1, 2, 1, -2, 1, 2, 2, 1, 2, -1, 2, -1, -1, 2, -1, -2, -2, 1, 1, -2, -1, -1, -2, -1, 2, 2]"
216,dfs_bnb_mpi,591.712,-18,19,155951736,"[-1, -2, -1, -2, 1, 1, 2, 1, -2, 1, 1, -2, -2, -1, -2, -1, 2, -1, -2, -2, -1, 2, 2, -1, 2, 1, 1, 1, 1]"
217,dfs_bnb_mpi,666.804,-17,18,172919225,"[-1, -1, 2, -1, -2, -1, -2, -1, -2, -2, 1, 2, 1, 2, 1, -2, 1, 2, 1, 1, -2, -1, -2, -1, -2, -1, 2, -1, -2]"
218,dfs_bnb_mpi,256.725,-17,18,63982553,"[-1, -2, 1, 1, 2, 2, -1, 2, 1, 1, 2, 1, 1, -2, -1, -2, -1, -2, 1, -2, -1, -2, -1, -2, -1, 2, -1, -1, 2]"
219,dfs_bnb_mpi,173.032,-17,17,43515859,"[-1, -1, 2, 2, 2, 2, 1, 1, 2, 1, -2, -2, -1, -1, -2, -2, 1, 2, 1, 1, -2, -1, -2, -2, -1, -1, -1, -1, 2]"
220,dfs_bnb_mpi,1747.24,-18,19,446580180,"[-1, -2, -2, -2, 1, 2, 2, 1, 2, 2, 1, -2, -2, 1, 2, 1, 2, 1, -2, -2, -1, -2, -2, -1, 2, -1, -1, -2, 1]"
221,dfs_bnb_mpi,102.965,-17,18,27305892,"[-1, -2, 1, 1, 2, 2, 1, -2, 1, -2, -1, -2, -1, -1, -1, -2, 1, -2, 1, 2, 1, 1, 2, 1, -2, -2, -1, -1, -2]"
222,dfs_bnb_mpi,344.027,-18,19,76157600,"[-1, -1, 2, -1, 2, -1, 2, 1, 2, 2, 1, -2, 1, -2, -1, -2, 1, -2, 1, 2, 1, -2, -2, 1, 2, 2, 2, -1, -1]"
223,dfs_bnb_mpi,7342.31,-16,17,1608540155,"[-1, -1, 2, 2, 1, -2, 1, 2, 2, -1, 2, 1, 2, 1, 1, 1, -2, 1, -2, -1, -1, 2, -1, -2, -2, -2, 1, 2, 1]"
224,dfs_bnb_mpi,485.942,-17,18,127906203,"[-1, -1, 2, 2, 1, -2, 1, 2, 1, -2, 1, -2, -1, -2, -2, 1, 2, 1, -2, -2, -1, -2, -1, 2, -1, 2, 2, -1, -2]"
225,dfs_bnb_mpi,230.801,-17,18,58455744,"[-1, -1, -1, -1, 2, 1, 2, 2, 1, -2, -2, 1, 1, 2, -1, 2, 2, -1, -1, -1, 2, -1, -2, -2, 1, -2, -1, -2, -1]"
226,dfs_bnb_mpi,80.2266,-17,18,21604603,"[-1, -1, 2, 2, 1, -2, 1, 2, 2, 1, -2, -2, -2, 1, 2, 1, 2, -1, 2, 2, -1, 2, -1, -2, -1, -2, -1, 2, 2]"
227,dfs_bnb_mpi,810.325,-16,17,198692263,"[-1, -1, 2, 2, 2, 1, -2, 1, 2, 2, 2, 2, -1, -2, -2, -1, -1, -2, -2, -1, 2, 2, -1, 2, 1, 1, 2, 1, -2]"
228,dfs_bnb_mpi,1497.03,-17,18,358274998,"[-1, -2, -1, -2, -1, 2, -1, 2, 2, 2, 1, -2, -2, 1, 2, 1, 1, 2, 2, 2, -1, -2, -2, -1, 2, 2, -1, -2, -1]"
229,dfs_bnb_mpi,221.066,-16,17,51574902,"[-1, -1, 2, 2, 2, -1, -2, -1, -2, 1, -2, -2, 1, 1, 1, 1, 2, 2, 2, 2, -1, -2, -2, -1, 2, 2, 2, 2, 2]"
230,dfs_bnb_mpi,202.162,-16,17,51571367,"[-1, -2, 1, 1, 1, 2, -1, 2, 1, 1, 1, 2, -1, -1, 2, 1, 2, -1, -1, -2, -2, -1, -2, -1, 2, 2, 1, 2, 2]"
231,dfs_bnb_mpi,73.0416,-17,18,17858597,"[-1, -1, 2, 1, 1, 2, 1, -2, 1, -2, -1, -2, -1, -1, -1, -1, -2, 1, 1, 1, -2, -1, -2, 1, 1, 2, 1, 2, -1]"
232,dfs_bnb_mpi,2247.54,-17,18,508642946,"[-1, -2, -1, 2, 2, 1, 1, 1, -2, 1, 2, 1, -2, 1, -2, -1, -2, 1, -2, -1, -1, 2, 2, -1, -1, -2, -2, 1, 2]"
233,dfs_bnb_mpi,401.063,-17,18,102386526,"[-1, -1, 2, 2, -1, -2, -1, -2, 1, -2, 1, -2, 1, 2, 1, 1, -2, -1, -2, 1, 1, 2, 2, 2, -1, 2, -1, -1, 2]"
234,dfs_bnb_mpi,1515.74,-18,19,334516139,"[-1, -2, -2, 1, -2, 1, 2, 1, -2, 1, 2, 1, 1, 2, 2, 2, -1, -1, -2, 1, -2, -1, -1, 2, 2, -1, -2, -2, -1]"
235,dfs_bnb_mpi,4858.5,-17,18,1178059922,"[-1, -2, 1, 1, 1, -2, -2, -2, -1, 2, 2, -1, -2, -2, -1, -2, -2, -1, 2, 2, -1, 2, 2, 2, 1, -2, 1, -2, -1]"
236,dfs_bnb_mpi,396.212,-17,18,106543774,"[-1, -2, -2, -1, 2, 2, -1, -1, 2, 1, 1, 1, 2, -1, 2, -1, -2, -1, -1, -2, -1, -2, 1, -2, 1, 1, -2, -1, -1]"
237,dfs_bnb_mpi,293.985,-17,18,69769675,"[-1, -1, 2, 2, 1, 2, -1, 2, -1, -1, -1, -1, -2, 1, 1, 1, -2, -1, -1, -1, -2, 1, -2, 1, 2, 1, -2, -2, 1]"
238,dfs_bnb_mpi,165.6,-16,17,42145776,"[-1, -1, 2, 2, 2, -1, -1, -1, -2, 1, 1, -2, -1, -2, 1, -2, 1, 1, -2, 1, 2, 1, 2, 2, -1, -1, 2, 1, 2]"
239,dfs_bnb_mpi,528.141,-18,19,138871308,"[-1, -2, -1, 2, -1, 2, 1, 1, 2, 1, -2, 1, 2, 1, -2, 1, -2, -1, -2, -2, -1, -2, -1, -1, 2, 1, 2, 1, 2]"
240,dfs_bnb_mpi,155.394,-18,19,39594958,"[-1, -2, 1, 1, 1, 2, -1, 2, 1, 2, 1, -2, 1, 2, 2, -1, 2, -1, -2, -1, -2, -1, -2, -1, -1, 2, 1, 2, 1]"
241,dfs_bnb_mpi,497.341,-17,18,112120104,"[-1, -1, 2, 2, 2, -1, -2, -1, 2, 2, 1, 2, 1, -2, 1, 2, 1, -2, -2, -1, -2, -2, 1, 2, 1, 1, 2, -1, 2]"
242,dfs_bnb_mpi,538.858,-17,18,121413509,"[-1, -1, 2, 1, 2, -1, -1, -2, -2, -2, 1, 1, 1, -2, -1, -2, -1, 2, -1, -2, -1, 2, -1, 2, 1, 2, 2, -1, -2]"
243,dfs_bnb_mpi,450.175,-17,18,114020039,"[-1, -1, 2, 1, 1, 1, -2, -2, -1, -1, -1, -1, 2, 2, 2, -1, -2, -2, -2, -2, 1, -2, 1, 2, 1, -2, 1, 2, 1]"
244,dfs_bnb_mpi,73.1301,-16,17,18230383,"[-1, -1, 2, 1, 2, 1, -2, 1, 2, 2, -1, -1, 2, 1, 2, -1, -1, -1, -2, 1, -2, -2, -1, 2, -1, -2, -2, 1, -2]"
245,dfs_bnb_mpi,211.626,-16,17,51543645,"[-1, -2, 1, 1, 2, 2, 1, 1, 2, -1, 2, 1, 2, 2, -1, -2, -1, 2, -1, -2, -1, -2, 1, 1, -2, -1, -2, -1, 2]"
246,dfs_bnb_mpi,120.47,-16,17,31386118,"[-1, -1, 2, 2, 2, 2, 1, 1, 1, -2, -1, -1, -2, -2, 1, 2, 1, 1, -2, -1, -2, 1, -2, -1, -2, -1, 2, -1, -1]"
247,dfs_bnb_mpi,9865.5,-16,17,2147756756,"[-1, -2, 1, -2, 1, 2, 2, 2, 2, 1, 1, 1, -2, -2, 1, 1, -2, -1, -2, -1, 2, -1, 2, 2, -1, -2, -2, -2, 1]"
248,dfs_bnb_mpi,116.95,-17,18,27908658,"[-1, -1, 2, 2, -1, -1, -2, 1, -2, -1, -2, 1, 1, 1, -2, -1, -1, -1, -2, -1, 2, 2, -1, 2, 2, 2, 1, -2, -2]"
249,dfs_bnb_mpi,69.2172,-17,18,19543235,"[-1, -1, 2, 2, 1, -2, 1, 1, 2, -1, 2, -1, -1, -1, -2, -2, -1, -2, 1, -2, -2, 1, 2, 1, 1, 1, 1, 2, -1]"
250,dfs_bnb_mpi,268.632,-16,17,60199212,"[-1, -1, 2, 1, 2, -1, 2, 1, 2, -1, 2, 1, 1, 1, 1, -2, -1, -1, -2, -2, -2, 1, 1, 2, -1, 2, 1, 1, 2]"
251,dfs_bnb_mpi,34.8161,-16,17,7779816,"[-1, -1, 2, 2, 2, 2, 1, -2, 1, 1, -2, -1, -1, -2, 1, 1, 1, -2, -1, -2, -1, -2, 1, 1, 2, 1, 2, 2, 2]"
252,dfs_bnb_mpi,166.616,-16,17,43585962,"[-1, -1, 2, 2, -1, 2, 1, 2, 2, 1, -2, -2, 1, -2, -1, -2, 1, 1, 1, 2, 2, 2, 2, -1, -1, -2, 1, -2, -2]"
253,dfs_bnb_mpi,2681.81,-17,18,664110475,"[-1, -1, 2, -1, -1, 2, 1, 1, 2, 2, 1, -2, 1, 2, 2, 1, -2, -2, 1, -2, -2, -2, -1, 2, 2, -1, -1, -2, 1]"
254,dfs_bnb_mpi,469.385,-15,16,108181382,"[-1, -1, 2, 2, 2, 1, 1, 2, -1, 2, 2, 1, -2, 1, 2, 1, -2, -2, -1, -2, 1, -2, -1, -1, -1, -2, 1, 1, 1]"
255,dfs_bnb_mpi,443.395,-17,18,103909298,"[-1, -2, 1, 1, 2, 1, 1, 1, -2, 1, -2, -1, -2, 1, -2, -1, -1, -1, 2, 1, 2, 2, -1, -2, -1, -1, -2, 1, -2]"
256,dfs_bnb_mpi,355.226,-16,17,86743240,"[-1, -1, 2, 1, 2, -1, 2, -1, -2, -2, -1, -1, -2, -2, 1, 2, 1, -2, -2, -1, -2, 1, 1, 1, 2, -1, 2, 1, 1]"
257,dfs_bnb_mpi,54.828,-18,18,12714296,"[-1, -1, 2, 1, 2, -1, -1, -2, -1, -2, 1, -2, 1, 1, 1, -2, -1, -1, -1, -2, 1, 1, 1, 1, 2, 2, 2, 2, -1]"
258,dfs_bnb_mpi,2198.82,-17,18,517139326,"[-1, -1, 2, -1, -1, -1, -2, 1, 1, -2, -1, -2, -2, -2, 1, 1, 1, 1, 2, -1, 2, 1, 2, -1, -1, -2, -1, -2, 1]"
259,dfs_bnb_mpi,3895.24,-17,18,866634565,"[-1, -1, 2, 1, 1, 2, 1, 2, 1, 1, 2, 1, 1, -2, -1, -2, 1, -2, -2, -1, 2, -1, 2, -1, -2, -1, -2, 1, 1]"
260,dfs_bnb_mpi,233.496,-17,18,53329869,"[-1, -1, 2, 2, 1, -2, 1, 2, 2, 2, 1, 2, -1, 2, -1, -2, -2, -2, -1, 2, 2, -1, -2, -2, -1, -2, -2, 1, 2]"
261,dfs_bnb_mpi,934.471,-18,19,233875184,"[-1, -1, 2, -1, -2, -2, 1, 1, 1, -2, -2, -1, -2, -1, 2, -1, -1, -2, -1, 2, 2, 2, 2, 1, -2, -2, 1, 1, 1]"
262,dfs_bnb_mpi,4126.56,-17,18,915734068,"[-1, -1, 2, -1, -1, -1, -1, -2, -2, -2, 1, -2, 1, -2, 1, 2, 1, 2, 1, 2, -1, -1, 2, -1, -1, -2, 1, -2, 1]"
263,dfs_bnb_mpi,52.3938,-16,17,14441058,"[-1, -1, 2, 2, 2, 2, 2, 1, -2, 1, -2, -1, -2, -2, 1, 2, 1, 2, 1, -2, 1, 1, -2, -1, -1, -1, -2, 1, 1]"
264,dfs_bnb_mpi,280.673,-18,19,68925417,"[-1, -1, 2, 1, 2, 2, 2, 1, -2, -2, -2, 1, -2, 1, 2, 2, -1, 2, 2, 1, -2, 1, 2, 1, -2, -2, -2, -1, 2]"
265,dfs_bnb_mpi,62.0499,-17,17,16509589,"[-1, -1, 2, 1, 2, -1, 2, 1, 2, 1, -2, -2, -2, 1, -2, -2, 1, 2, 2, 1, 2, 2, -1, -2, -1, 2, 2, 2, 2]"
266,dfs_bnb_mpi,1398.35,-18,19,352555900,"[-1, -1, 2, 1, 2, 1, -2, 1, 1, -2, -2, 1, -2, -1, -2, -1, -1, -2, -1, 2, 2, -1, 2, 1, 1, -2, 1, 2, 2]"
267,dfs_bnb_mpi,149.651,-17,18,39802828,"[-1, -1, 2, 1, 2, -1, -1, 2, 1, 1, 1, 2, -1, -1, 2, 1, 2, 1, -2, 1, -2, 1, -2, -1, -2, -1, -2, 1, -2]"
268,dfs_bnb_mpi,259.935,-17,18,60471195,"[-1, -1, 2, -1, -1, -1, -1, -2, 1, 1, 1, -2, 1, -2, -1, -2, -2, -1, 2, 2, -1, -2, -1, 2, -1, 2, 1, 1, 1]"
269,dfs_bnb_mpi,413.105,-17,18,101852609,"[-1, -1, 2, 1, 2, 2, -1, -2, -1, -2, -1, -1, -2, -2, 1, 2, 1, -2, 1, -2, 1, 2, 1, 1, 2, 2, 2, -1, -2]"
270,dfs_bnb_mpi,463.81,-17,18,110625480,"[-1, -1, 2, 1, 2, 1, -2, 1, 2, 1, 2, 2, 1, 2, -1, 2, -1, -2, -1, 2, -1, -2, -2, 1, 1, -2, -1, -1, -1]"
271,dfs_bnb_mpi,1371.34,-18,18,318955133,"[-1, -2, -2, -1, 2, -1, 2, 1, 2, 1, 1, 2, 2, 1, -2, 1, 1, -2, -2, -1, 2, -1, -2, -2, 1, -2, -1, -1, 2]"
272,dfs_bnb_mpi,1240.64,-18,19,285452664,"[-1, -2, -1, 2, -1, 2, 2, 1, 2, -1, 2, 1, 2, 2, 1, -2, -2, 1, 1, -2, -1, -1, -2, 1, 1, -2, -1, -1, -1]"
273,dfs_bnb_mpi,339.876,-17,18,89855650,"[-1, -1, 2, 1, 2, -1, 2, -1, -2, -2, -2, -1, -2, 1, 1, 1, -2, -1, -1, -1, -1, 2, 2, 2, 2, 2, 1, -2, -2]"
274,dfs_bnb_mpi,127.394,-16,17,30788335,"[-1, -1, 2, 2, 1, -2, 1, 2, 2, 2, 2, -1, -2, -2, -1, 2, -1, -2, -1, -2, 1, -2, -1, -2, 1, -2, 1, 1, 1]"
275,dfs_bnb_mpi,411.014,-16,17,98591758,"[-1, -1, 2, 2, 2, 1, -2, -2, 1, 2, 2, 2, -1, 2, 2, 1, -2, 1, 2, 1, -2, -2, -1, -2, 1, -2, -1, -2, 1]"
276,dfs_bnb_mpi,459.512,-17,18,110528035,"[-1, -2, 1, 1, 2, 2, 1, -2, 1, 1, -2, 1, -2, -1, -2, -1, 2, 2, -1, -2, -2, -1, -1, -2, -1, 2, 2, 1, 1]"
277,dfs_bnb_mpi,106.619,-18,19,27511543,"[-1, -2, 1, 1, -2, -1, -1, -1, -1, -2, 1, 1, -2, 1, 2, 1, 1, 2, 2, 2, -1, 2, -1, 2, -1, -2, -1, -2, -2]"
278,dfs_bnb_mpi,983.581,-16,17,220081503,"[-1, -1, 2, 2, -1, 2, 2, 1, -2, 1, -2, -2, 1, 1, 1, 2, -1, -1, 2, 1, 1, 2, 2, -1, -2, -1, 2, -1, -2]"
279,dfs_bnb_mpi,123.325,-17,18,32175115,"[-1, -1, 2, 1, 2, 2, 1, 2, -1, -1, -2, -2, -1, 2, 2, -1, -2, -2, -1, -2, 1, 1, -2, -1, -2, 1, 1, 1, 1]"
280,dfs_bnb_mpi,162.907,-18,19,38467673,"[-1, -1, 2, 1, 2, 1, -2, 1, 2, 2, 1, -2, -2, 1, -2, -2, -1, 2, -1, -2, -2, -2, -1, 2, -1, -1, 2, 1, 1]"
281,dfs_bnb_mpi,259.929,-17,18,69200298,"[-1, -1, 2, 2, 2, 1, -2, -2, 1, 2, 1, 2, -1, 2, 1, 1, 2, 1, -2, -2, -1, -2, 1, -2, -1, -1, -2, 1, 1]"
282,dfs_bnb_mpi,3448.57,-17,18,844993812,"[-1, -1, 2, 2, 2, 1, 1, 2, 1, 2, 1, -2, 1, -2, -2, -2, -2, -1, -1, 2, 1, 2, 2, -1, -2, -1, -1, -2, 1]"
283,dfs_bnb_mpi,64.8759,-17,17,16001499,"[-1, -1, 2, 1, 1, 1, 2, -1, -1, -1, -1, 2, 1, 1, 1, 2, -1, -1, 2, -1, -2, -1, -1, -2, 1, -2, -2, 1, -2]"
284,dfs_bnb_mpi,261.711,-18,19,68351949,"[-1, -1, 2, -1, 2, 1, 2, 1, 1, 1, -2, -1, -1, -2, 1, 1, 1, 1, -2, -1, -1, -2, -2, -1, 2, -1, -1, -2, 1]"
285,dfs_bnb_mpi,166.011,-18,19,37153203,"[-1, -2, -1, 2, 2, 1, 1, 2, 1, 2, 1, -2, 1, -2, -1, -1, -2, 1, -2, -1, -1, -2, 1, 1, 1, 2, 1, 2, -1]"
286,dfs_bnb_mpi,49.1055,-16,17,11807984,"[-1, -1, 2, -1, 2, 1, 1, -2, 1, 1, 2, -1, 2, 1, 2, -1, -1, -2, -1, -1, -1, 2, 1, 1, 2, 1, 1, 1, 2]"
287,dfs_bnb_mpi,288.277,-17,18,70998694,"[-1, -2, 1, 1, 2, 2, -1, -1, -1, -2, -2, -1, -1, 2, 1, 2, -1, 2, 1, 1, 2, 2, 1, -2, -2, 1, 1, 2, -1]"
288,dfs_bnb_mpi,40.1651,-17,18,9024304,"[-1, -1, 2, -1, -2, -1, -2, 1, -2, 1, 2, 1, -2, 1, 2, 1, 2, 2, -1, -1, 2, 1, 1, 1, -2, -2, -2, -2, -1]"
289,dfs_bnb_mpi,2917.1,-17,18,745121224,"[-1, -1, 2, -1, 2, 1, 2, 2, 1, -2, 1, 1, 1, 1, -2, -1, -2, 1, -2, -1, -2, -1, 2, 2, 2, -1, -1, -2, 1]"
290,dfs_bnb_mpi,463.996,-17,18,111852937,"[-1, -1, -1, -1, 2, 1, 2, 1, -2, 1, 1, 1, -2, -2, -2, 1, -2, -1, -1, -1, -1, 2, 1, 1, 2, -1, -1, -1, -1]"
291,dfs_bnb_mpi,1998.09,-16,17,488589634,"[-1, -1, 2, 2, 2, 1, -2, -2, 1, 2, 1, -2, 1, -2, -1, -2, -1, -1, -1, -1, -1, 2, 1, 2, 2, 2, -1, -2, -2]"
292,dfs_bnb_mpi,81.6793,-18,19,19740380,"[-1, -1, 2, 2, 1, -2, 1, 1, -2, 1, -2, -1, -1, -1, -2, 1, 1, 1, -2, -2, -1, 2, -1, -1, -2, -1, 2, 2, 2]"
293,dfs_bnb_mpi,432.563,-16,17,98989665,"[-1, -1, 2, -1, 2, 2, -1, -2, -2, -2, 1, -2, 1, -2, -1, -1, 2, -1, 2, 2, 2, 2, -1, -2, -1, -2, 1, -2, -2]"
294,dfs_bnb_mpi,909.741,-18,19,233231719,"[-1, -2, 1, -2, 1, 2, 1, 2, -1, 2, 1, 1, 2, -1, -1, -1, -2, -1, -1, 2, 1, 2, 2, 1, -2, 1, 2, 1, -2]"
295,dfs_bnb_mpi,345.085,-17,18,91369038,"[-1, -1, 2, 1, 1, 2, 1, 1, 1, -2, -2, -1, 2, -1, -2, -2, 1, 1, -2, -1, -2, -1, 2, -1, 2, -1, -1, -2, 1]"
296,dfs_bnb_mpi,388.949,-15,15,86149566,"[-1, -1, 2, 2, -1, 2, 1, 2, 1, -2, -2, -2, 1, 1, 1, 2, 2, -1, -2, -1, 2, 2, 2, 1, -2, 1, 1, -2, 1]"
297,dfs_bnb_mpi,1317.53,-18,19,290999855,"[-1, -2, 1, -2, 1, 2, 2, 2, -1, 2, 1, 2, 2, 1, -2, -2, 1, 1, -2, -1, -1, -2, 1, 1, -2, -1, -2, -1, 2]"
298,dfs_bnb_mpi,636.042,-18,19,160248523,"[-1, -1, 2, -1, 2, -1, -1, -1, -2, -2, 1, 2, 1, -2, 1, -2, 1, 1, -2, -1, -2, -1, 2, -1, -2, -1, 2, 2, 1]"
299,dfs_bnb_mpi,47.8544,-17,18,11623746,"[-1, -1, -1, 2, 1, 2, 1, -2, 1, 1, -2, -2, -1, -1, -1, -1, -2, 1, 1, 1, -2, -1, -2, 1, 1, 2, 2, 1, 2]"
300,dfs_bnb_mpi,1557.26,-17,18,353840731,"[-1, -1, 2, 1, 2, 2, 1, -2, -2, 1, 2, 1, -2, 1, 1, -2, -2, -1, -1, -2, -1, -1, -1, 2, 1, 1, 2, 1, 1]"
301,dfs_bnb_mpi,1841.44,-18,19,470904092,"[-1, -1, 2, 1, 1, 1, -2, -2, 1, -2, -1, -2, 1, -2, -1, -1, -1, -1, 2, -1, 2, 1, 2, 1, 1, -2, -1, -2, 1]"
302,dfs_bnb_mpi,346.521,-17,18,84872425,"[-1, -1, 2, 2, 1, -2, 1, 2, 1, 2, -1, 2, -1, -2, -1, 2, -1, -2, -2, -2, -2, -1, -1, 2, 1, 2, 2, -1, -2]"
303,dfs_bnb_mpi,76.4995,-16,15,18593488,"[-1, -1, 2, 2, 2, 1, 1, -2, -1, -2, 1, 1, 1, 2, -1, 2, 1, 2, -1, -1, -1, -1, 2, 1, 1, 2, 1, -2, 1]"
304,dfs_bnb_mpi,439.185,-17,18,107350686,"[-1, -2, 1, 1, 2, 2, 2, 1, 1, -2, -1, -2, -2, 1, 2, 1, -2, -2, -1, -2, -2, -1, -1, 2, -1, 2, 1, 1, -2]"
305,dfs_bnb_mpi,601.854,-16,17,146917063,"[-1, -1, 2, -1, -2, -2, -1, -2, 1, -2, 1, 2, 2, 1, -2, 1, 2, 1, 1, -2, -1, -2, -2, -1, 2, -1, -2, -1, -1]"
306,dfs_bnb_mpi,347.268,-15,16,82057758,"[-1, -1, 2, 2, 2, 1, -2, 1, 2, 2, 1, 2, -1, -1, -2, -1, 2, -1, -2, -2, -1, -2, 1, -2, -1, -2, 1, -2, 1]"
307,dfs_bnb_mpi,445.684,-18,19,113611615,"[-1, -1, 2, 1, 2, 1, -2, 1, 2, 2, 1, -2, -2, 1, -2, -1, -2, 1, -2, -1, -2, -1, 2, -1, -1, 2, 1, 1, 2]"
308,dfs_bnb_mpi,1790.2,-17,18,395908506,"[-1, -1, -1, 2, -1, 2, 2, 2, 2, 2, 1, -2, -2, 1, 2, 1, -2, 1, -2, -1, -1, -1, -2, 1, 1, 1, -2, -1, -1]"
309,dfs_bnb_mpi,338.09,-18,19,84136958,"[-1, -2, 1, 1, 2, 2, -1, 2, 1, 1, -2, -2, 1, 1, -2, -1, -1, -2, 1, -2, -2, -1, 2, -1, 2, -1, -1, -2, 1]"
310,dfs_bnb_mpi,536.994,-17,18,124356746,"[-1, -1, 2, 1, 1, 2, -1, 2, 1, 1, -2, -2, -2, 1, 2, 1, -2, -2, -1, -1, -2, -1, 2, -1, -1, -2, 1, -2, 1]"
311,dfs_bnb_mpi,812.059,-18,19,203102111,"[-1, -1, 2, 2, 1, -2, 1, 2, 1, 1, 1, -2, 1, -2, -2, -1, 2, -1, -2, -2, -1, -1, -1, 2, 1, 1, 2, 2, 1]"
312,dfs_bnb_mpi,127.549,-18,17,33666742,"[-1, -1, 2, 2, 1, -2, 1, 1, 2, -1, 2, 2, -1, -2, -1, 2, 2, -1, -2, -1, -1, -2, -2, 1, -2, 1, 2, 2, -1]"
313,dfs_bnb_mpi,1355.3,-18,19,323218892,"[-1, -2, -1, 2, 2, -1, -2, -2, -1, 2, 2, 2, 2, 1, 2, 1, 1, 2, 1, -2, -2, -2, -2, -1, 2, 2, -1, -2, -1]"
314,dfs_bnb_mpi,28.745,-18,19,6530685,"[-1, -2, 1, 1, -2, 1, 2, 2, -1, 2, -1, -1, -1, -1, -2, 1, -2, -1, -2, 1, -2, 1, 2, 1, -2, 1, -2, 1, 2]"
315,dfs_bnb_mpi,472.579,-18,19,109222281,"[-1, -2, -1, 2, 2, 1, 2, -1, -1, 2, 1, 1, 2, 1, -2, 1, 2, 1, -2, -2, -1, -1, -2, 1, 1, -2, -1, -2, -1]"
316,dfs_bnb_mpi,235.168,-16,17,51664333,"[-1, -1, 2, 1, 2, 1, -2, 1, -2, 1, 1, 1, -2, 1, -2, -1, -1, 2, -1, -2, -1, 2, -1, -1, -2, 1, -2, 1, 1]"
317,dfs_bnb_mpi,552.348,-17,18,128426142,"[-1, -1, 2, 2, -1, -1, -1, -2, 1, 1, -2, -2, 1, 1, 1, -2, -1, -2, -1, 2, -1, -2, -1, 2, 2, 2, -1, -2, -2]"
318,dfs_bnb_mpi,24.0394,-18,19,5451080,"[-1, -1, 2, 2, 2, 1, -2, -2, 1, 2, 2, 1, 2, 1, -2, -2, -1, -2, -2, 1, 2, 1, 2, 2, 1, 2, -1, 2, -1]"
319,dfs_bnb_mpi,92.8631,-17,18,20677677,"[-1, -1, 2, 1, 1, 2, -1, -1, 2, -1, -2, -1, -1, -2, -2, 1, 2, 1, -2, -2, 1, 1, 1, -2, -1, -1, -1, -1, 2]"
320,dfs_bnb_mpi,142.096,-16,17,39586653,"[-1, -1, 2, 2, 2, 1, 2, 1, -2, -2, -1, -2, 1, 1, 2, 2, 2, 2, -1, -1, 2, 2, -1, -2, -2, -2, -1, -2, -2]"
321,dfs_bnb_mpi,60.2036,-18,18,16809191,"[-1, -1, 2, 2, -1, -1, -2, 1, -2, -1, -1, -2, 1, 1, 1, 1, -2, 1, 2, 1, 2, 1, 2, -1, 2, -1, -1, -2, 1]"
322,dfs_bnb_mpi,277.859,-17,18,73073783,"[-1, -1, 2, -1, -1, -2, 1, -2, 1, 1, -2, -1, -1, -1, 2, -1, 2, -1, 2, 1, 2, 2, 1, -2, 1, 2, 1, -2, 1]"
323,dfs_bnb_mpi,340.261,-18,19,75850994,"[-1, -1, 2, 2, 1, -2, 1, 2, 2, 1, 2, 1, -2, 1, 1, -2, -1, -2, -1, 2, -1, -2, -2, 1, -2, 1, 2, 1, 2]"
324,dfs_bnb_mpi,1684.82,-17,18,408275056,"[-1, -1, 2, -1, 2, 1, 1, -2, 1, 2, 2, -1, 2, 1, 1, 1, 1, -2, 1, -2, -1, -1, 2, -1, -2, -2, 1, -2, -1]"
325,dfs_bnb_mpi,164.624,-17,18,41354176,"[-1, -1, 2, 2, -1, 2, 1, 1, 2, 1, -2, -2, -1, -2, 1, 1, 2, 2, 1, 2, -1, 2, -1, -1, 2, -1, -2, -2, -1]"
326,dfs_bnb_mpi,47.4817,-17,18,11678310,"[-1, -1, 2, 2, 2, 1, -2, -2, 1, 2, 1, 1, -2, -1, -2, 1, -2, -1, -1, -1, -2, -1, 2, -1, -1, 2, 1, 2, 2]"
327,dfs_bnb_mpi,2609.28,-17,18,588680423,"[-1, -2, -1, 2, -1, 2, 1, 2, 2, 2, 1, 1, 2, -1, -1, 2, 1, 1, 1, -2, -2, -2, -1, -1, -2, -2, 1, 2, 1]"
328,dfs_bnb_mpi,4755.7,-16,17,1226861222,"[-1, -1, 2, 2, 2, -1, -2, -2, -2, -2, 1, 1, -2, -1, -1, -1, -1, -1, 2, 2, 1, -2, 1, 2, 2, -1, 2, 1, 2]"
329,dfs_bnb_mpi,167.205,-16,16,42938313,"[-1, -1, 2, 2, 2, 1, 1, -2, -1, -2, 1, 1, 2, 2, 2, -1, 2, 1, 2, 1, -2, 1, -2, -1, -2, 1, -2, -1, -2]"
330,dfs_bnb_mpi,356.488,-16,17,87056127,"[-1, -1, 2, 2, 1, -2, 1, 2, 2, 1, 1, 2, 1, -2, -2, -1, -1, -2, 1, -2, -1, -2, -1, -2, -1, 2, -1, -2, -1]"
331,dfs_bnb_mpi,131.647,-18,19,29552130,"[-1, -1, 2, 1, 2, 1, -2, 1, 2, 1, -2, 1, -2, -1, -1, -2, -1, -1, -1, -2, 1, 1, -2, 1, 2, 1, 1, 2, -1]"
332,dfs_bnb_mpi,371.114,-16,17,102294687,"[-1, -1, 2, 2, 2, 1, 2, 1, -2, -2, -1, -2, 1, 1, 2, 2, 2, 1, 1, 2, 1, -2, -2, -1, -1, -2, 1, -2, -1]"
333,dfs_bnb_mpi,1087.36,-18,19,287411005,"[-1, -1, 2, 1, 2, 1, 2, 1, -2, 1, -2, 1, -2, -1, -2, -2, -1, -1, -2, -1, 2, -1, 2, 1, 1, 1, 2, 2, -1]"
334,dfs_bnb_mpi,226.243,-16,17,54828904,"[-1, -1, 2, -1, 2, 1, 2, 2, 1, 1, 1, 1, -2, -1, -1, -1, -2, -2, 1, 2, 1, -2, -2, 1, 1, 2, -1, 2, 1]"
335,dfs_bnb_mpi,207.708,-15,16,49783632,"[-1, -1, 2, 2, 2, 1, 1, -2, -1, -2, 1, 1, 2, 2, 1, -2, -2, 1, -2, -2, -1, 2, -1, -2, -1, -1, -1, -1, 2]"
336,dfs_bnb_mpi,67.3305,-17,18,16884114,"[-1, -1, 2, 2, -1, -2, -1, 2, -1, -2, -2, -2, 1, 2, 1, -2, 1, 1, -2, -1, -2, -1, -1, -1, -1, 2, 1, 1, 1]"
337,dfs_bnb_mpi,41.1113,-16,17,11007485,"[-1, -1, 2, 2, 2, 1, 1, -2, -1, -2, 1, 1, 2, 2, 2, -1, 2, 2, -1, -2, -2, -1, 2, -1, -2, -2, -2, -2, -1]"
338,dfs_bnb_mpi,2681.73,-16,17,667829012,"[-1, -1, 2, 2, -1, 2, 1, 1, 2, 2, 1, -2, -2, -2, 1, 2, 2, 2, 1, -2, -2, -2, -2, -2, -1, 2, -1, -1, 2]"
339,dfs_bnb_mpi,905.194,-17,18,203317454,"[-1, -2, -2, -1, -2, 1, -2, -2, 1, 2, 2, 1, -2, 1, 1, 2, -1, 2, -1, -1, 2, 1, 2, 2, 1, -2, -2, 1, -2]"
340,dfs_bnb_mpi,287.499,-16,17,71451494,"[-1, -1, 2, 2, 1, -2, 1, 1, 2, -1, 2, -1, 2, 2, -1, -2, -2, -1, 2, -1, -2, -1, -2, 1, 1, -2, -1, -2, 1]"
341,dfs_bnb_mpi,132.521,-17,18,33014443,"[-1, -1, 2, 2, 2, 1, -2, -2, 1, 2, 1, -2, -2, -2, -1, -2, 1, -2, -1, -1, -2, -1, 2, -1, 2, 1, 2, 1, -2]"
342,dfs_bnb_mpi,672.176,-17,18,163671517,"[-1, -1, 2, -1, 2, 1, 1, -2, 1, 2, 1, 2, 2, 2, 2, -1, -2, -1, -1, -1, -2, 1, 1, 1, -2, -1, -1, -1, -1]"
343,dfs_bnb_mpi,140.679,-18,19,33999542,"[-1, -1, 2, -1, 2, 1, 2, 1, -2, -2, 1, 2, 2, 1, 1, 2, 1, -2, -2, -1, -1, -2, 1, 1, -2, -1, -2, -1, 2]"
344,dfs_bnb_mpi,1824.82,-17,18,453083171,"[-1, -1, 2, -1, 2, -1, -2, -1, -1, -2, -2, -2, -2, 1, 2, 2, 1, -2, -2, 1, 2, 1, 1, 2, -1, -1, 2, -1, -1]"
345,dfs_bnb_mpi,100.796,-17,18,22897302,"[-1, -1, 2, 2, 2, 2, -1, 2, -1, -1, -2, 1, -2, 1, -2, -2, -1, 2, -1, 2, -1, -2, -2, 1, -2, 1, -2, 1, 2]"
346,dfs_bnb_mpi,1273.86,-17,17,320660933,"[-1, -1, 2, 2, 2, 2, 2, 2, 1, -2, 1, 1, -2, -1, -1, -2, 1, 1, 1, -2, -1, -1, -1, -2, 1, 1, 1, -2, -1]"
347,dfs_bnb_mpi,951.669,-18,19,238065509,"[-1, -1, 2, -1, -1, -2, 1, -2, -1, -2, -1, 2, 2, -1, -2, -2, -2, 1, -2, 1, 2, 1, 2, 1, 2, 1, -2, -2, -1]"
348,dfs_bnb_mpi,33.1847,-17,18,7995439,"[-1, -1, 2, 1, 1, 1, -2, -2, -2, -2, -1, -1, 2, 1, 2, -1, -1, -2, -1, 2, 2, 2, 2, 1, 2, 1, -2, 1, 2]"
349,dfs_bnb_mpi,507.868,-18,18,116374203,"[-1, -2, 1, 1, 1, 2, 1, 2, -1, 2, 1, 2, -1, 2, -1, -1, -2, 1, -2, -1, -1, 2, -1, -2, -2, 1, 1, 1, -2]"
350,dfs_bnb_mpi,146.521,-17,18,37688163,"[-1, -1, 2, 1, 1, 1, -2, -2, 1, 2, 2, 1, 1, -2, -1, -2, -2, -2, -1, 2, -1, -1, 2, -1, -1, -1, -2, 1, 1]"
351,dfs_bnb_mpi,178.914,-16,17,44913972,"[-1, -1, 2, 2, 2, -1, -2, -1, -2, 1, -2, -2, 1, 1, -2, -1, -1, -1, 2, 2, -1, 2, -1, 2, 1, 2, 1, 2, 1]"
352,dfs_bnb_mpi,4193.09,-16,17,1012386976,"[-1, -1, 2, 1, 1, 2, 2, -1, -2, -1, -1, 2, 1, 2, -1, -1, -2, -2, -1, -2, -2, -2, 1, 2, 2, 1, -2, -2, 1]"
353,dfs_bnb_mpi,48.0468,-18,19,10724101,"[-1, -1, 2, 2, -1, -2, -1, -2, 1, -2, 1, 1, 1, 1, 2, 2, -1, -1, 2, 1, 2, -1, 2, 1, 1, -2, 1, -2, -1]"
354,dfs_bnb_mpi,18.1824,-18,19,4622988,"[-1, -2, 1, 1, 1, 2, -1, 2, 2, -1, -2, -1, -1, -2, -2, -2, 1, 1, 1, -2, 1, 2, 1, 2, 2, 2, -1, 2, 2]"
355,dfs_bnb_mpi,186.959,-18,18,43704872,"[-1, -1, 2, 2, -1, -2, -1, -1, 2, 1, 2, 1, 2, 1, -2, 1, -2, -2, 1, 2, 1, -2, -2, -2, -1, -1, -1, -1, 2]"
356,dfs_bnb_mpi,2807.42,-18,19,613633541,"[-1, -2, -1, 2, 2, 1, 2, 1, 1, 2, 1, -2, -2, 1, -2, 1, -2, -1, -2, -1, -1, -1, 2, 1, 1, 2, -1, 2, -1]"
357,dfs_bnb_mpi,349.792,-17,18,90365832,"[-1, -1, 2, 1, 2, -1, 2, -1, 2, -1, -2, -2, 1, -2, -2, -1, 2, -1, 2, -1, 2, 1, 2, -1, 2, 1, 2, 1, -2]"
358,dfs_bnb_mpi,250.171,-16,17,55586060,"[-1, -1, 2, -1, -2, -1, -1, -2, -1, -2, 1, 1, 2, 1, 1, 1, -2, -1, -1, -2, 1, 1, -2, -1, -1, -1, 2, -1, -1]"
359,dfs_bnb_mpi,135.677,-18,18,30777803,"[-1, -1, 2, 2, 1, -2, 1, 2, 2, 1, -2, 1, 2, 1, -2, 1, -2, -1, -1, -1, -2, 1, 1, -2, -1, -1, -2, -1, 2]"
360,dfs_bnb_mpi,324.103,-17,18,78500368,"[-1, -1, 2, 2, 2, -1, -2, -2, -2, -2, -1, 2, 2, 2, 2, 2, 1, 1, 1, 1, 1, -2, -2, -1, -2, -1, 2, 2, 1]"
361,dfs_bnb_mpi,489.29,-17,18,127850984,"[-1, -1, 2, -1, 2, 2, 2, 1, -2, -2, 1, -2, 1, 2, 2, -1, 2, 1, 2, 1, -2, -2, 1, -2, -1, -2, 1, -2, -1]"
362,dfs_bnb_mpi,1772.41,-16,17,441479770,"[-1, -1, 2, -1, 2, 2, -1, -2, -2, -2, 1, -2, -1, -2, 1, 1, -2, -1, -2, 1, 1, 1, 2, -1, 2, 1, 2, -1, -1]"
363,dfs_bnb_mpi,1280.33,-17,18,281117284,"[-1, -1, 2, 2, 1, -2, 1, 2, 1, 1, -2, -1, -2, 1, 1, 1, -2, -1, -2, -1, 2, -1, -1, -1, -1, -2, 1, 1, 1]"
364,dfs_bnb_mpi,27.6212,-18,19,7257200,"[-1, -1, 2, 2, 2, 1, 1, -2, -1, -2, 1, 1, 2, 1, -2, -2, -1, -2, -1, -1, -1, -2, -1, 2, 2, -1, 2, 1, 2]"
365,dfs_bnb_mpi,197.194,-18,19,50021495,"[-1, -1, -1, 2, 1, 1, 2, 2, -1, -2, -1, -1, 2, 1, 2, 1, 2, 1, -2, 1, 1, -2, 1, -2, -1, -2, -1, 2, 2]"
366,dfs_bnb_mpi,401.364,-17,18,96955976,"[-1, -2, -2, -1, 2, 2, 2, 1, 1, 2, -1, -1, 2, -1, -2, -2, -1, 2, 2, -1, -2, -2, -2, -2, 1, 2, 1, -2, -2]"
367,dfs_bnb_mpi,865.823,-17,18,195042093,"[-1, -1, 2, 1, 1, 1, 2, 1, 2, -1, 2, -1, 2, -1, 2, -1, -2, -1, -2, 1, 1, -2, 1, -2, -1, -1, 2, -1, -1]"
368,dfs_bnb_mpi,63.1373,-18,18,14755943,"[-1, -1, 2, 2, -1, 2, 2, 1, -2, 1, 2, 1, 1, -2, -1, -2, -1, -2, 1, 1, -2, 1, 2, 1, 2, 2, -1, -2, -1]"
369,dfs_bnb_mpi,1464.22,-16,16,390615313,"[-1, -1, 2, 2, 2, 1, 1, -2, 1, 1, 1, 1, -2, -2, -1, 2, -1, -2, -2, 1, -2, -1, -1, 2, 2, 2, -1, -1, 2]"
370,dfs_bnb_mpi,477.276,-17,18,106148874,"[-1, -1, 2, 2, 1, -2, 1, 1, -2, 1, 2, 1, -2, -2, -1, -2, -1, 2, -1, -1, -1, -2, 1, 1, -2, -1, -2, -1, 2]"
371,dfs_bnb_mpi,709.995,-17,18,162428374,"[-1, -1, -1, 2, 1, 2, 1, -2, 1, 1, -2, -2, -1, -2, -2, -1, -1, -1, 2, 1, 1, 2, -1, -1, -1, 2, 2, 2, 1]"
372,dfs_bnb_mpi,215.714,-18,19,56586039,"[-1, -1, 2, 2, -1, -2, -2, -1, -2, 1, -2, 1, 2, 1, -2, -2, 1, 2, 2, 1, 2, 2, -1, -1, 2, 1, 2, -1, -1]"
373,dfs_bnb_mpi,351.149,-18,19,93219543,"[-1, -1, 2, 2, 1, -2, 1, 1, -2, -2, 1, 2, 2, 1, -2, 1, -2, -1, -2, -2, -1, 2, -1, -1, 2, -1, -1, -2, 1]"
374,dfs_bnb_mpi,176.716,-17,18,47135558,"[-1, -1, 2, 2, 1, -2, 1, 2, 1, 1, -2, -1, -2, 1, 1, -2, -2, -2, -1, 2, -1, -1, -1, -1, 2, 1, 1, 1, 1]"
375,dfs_bnb_mpi,238.23,-18,18,59118955,"[-1, -1, 2, -1, 2, 1, 2, 1, -2, -2, 1, 2, 1, 1, -2, -1, -2, -2, -2, -1, 2, -1, -2, -2, -1, 2, 2, -1, 2]"
376,dfs_bnb_mpi,1201.03,-17,18,296556640,"[-1, -1, 2, 2, -1, -2, -1, -2, 1, -2, 1, 1, -2, -1, -1, -2, 1, 1, 1, 1, 2, -1, 2, 1, 2, 2, -1, -1, 2]"
377,dfs_bnb_mpi,156.016,-17,18,44212561,"[-1, -2, 1, 1, 2, 2, 2, 2, 1, -2, 1, -2, -1, -2, -2, 1, 2, 1, 2, 2, 2, -1, 2, -1, -1, -1, -2, -2, -2]"
378,dfs_bnb_mpi,1563.56,-17,18,368926154,"[-1, -1, 2, 2, -1, -2, -2, -2, 1, 1, 1, 1, -2, 1, 2, 1, 1, 2, -1, -1, -1, 2, 1, 2, -1, -1, -1, -2, 1]"
379,dfs_bnb_mpi,2095.72,-17,18,502229366,"[-1, -1, 2, 2, 2, 1, 2, 2, 1, -2, 1, 2, 1, -2, 1, -2, -1, -1, -2, 1, -2, -2, -1, 2, -1, -1, 2, 1, 2]"
380,dfs_bnb_mpi,352.579,-17,18,79167760,"[-1, -1, 2, 1, 2, 2, 1, 2, -1, -1, 2, 1, 1, 1, -2, 1, 1, -2, -1, -1, -2, -1, -2, 1, -2, 1, 2, 2, 1]"
381,dfs_bnb_mpi,2226.28,-16,17,565505208,"[-1, -1, 2, 1, 2, 2, 1, -2, -2, 1, 2, 2, 1, 2, 2, -1, -2, -1, -1, -1, -1, -1, -2, 1, 1, -2, -1, -2, -2]"
382,dfs_bnb_mpi,5825.83,-16,17,1265534918,"[-1, -1, 2, 2, 2, -1, 2, -1, -1, -1, -2, -2, -2, -2, 1, -2, 1, 2, 2, -1, 2, 2, 1, -2, 1, -2, -2, -2, 1]"
383,dfs_bnb_mpi,574.874,-16,17,134534280,"[-1, -1, 2, 1, 2, 2, 1, -2, -2, 1, -2, 1, 2, 1, 1, 1, 2, -1, -1, -1, -1, 2, 1, 1, 2, -1, -1, -1, 2]"
384,dfs_bnb_mpi,114.635,-17,17,27716713,"[-1, -2, 1, 1, 2, 1, 2, -1, 2, -1, -2, -1, -1, 2, 1, 2, -1, -1, 2, 1, 1, 2, 1, -2, -2, 1, 1, -2, 1]"
385,dfs_bnb_mpi,1160.41,-16,17,263006077,"[-1, -1, 2, 2, -1, -1, 2, 2, -1, -2, -2, -2, 1, 1, -2, -1, -1, -2, 1, 1, 1, 1, -2, -2, -1, 2, -1, -1, -1]"
386,dfs_bnb_mpi,2398.86,-16,17,525477721,"[-1, -1, 2, 2, 2, 1, 2, 2, 1, 2, 1, 1, -2, -2, -2, -2, -2, -2, -1, 2, -1, -1, 2, 1, 2, 2, 1, -2, -2]"
387,dfs_bnb_mpi,33.822,-18,19,8939886,"[-1, -2, -1, 2, 2, 1, 2, -1, -1, -2, -2, -2, -2, 1, 1, 1, 2, 1, 2, 1, 2, -1, -1, 2, 1, 2, 1, -2, 1]"
388,dfs_bnb_mpi,830.865,-17,17,185778874,"[-1, -2, 1, 1, -2, 1, 1, -2, -1, -1, -1, 2, -1, -2, -1, -2, -2, 1, 2, 1, 1, 1, 1, -2, -1, -1, -1, -2, 1]"
389,dfs_bnb_mpi,181.337,-18,19,49002995,"[-1, -1, 2, 2, 1, -2, 1, 2, 1, -2, -2, -2, 1, 2, 1, -2, 1, -2, -1, -1, -2, -1, 2, -1, 2, -1, -1, -2, 1]"
390,dfs_bnb_mpi,1087.24,-16,17,267797851,"[-1, -1, -1, 2, -1, -2, -2, -2, 1, 2, 1, 1, 1, -2, -1, -1, -2, 1, 1, 1, 2, 2, 2, 2, -1, 2, -1, -2, -1]"
391,dfs_bnb_mpi,759.51,-17,18,195722653,"[-1, -1, 2, 2, -1, -1, -2, 1, -2, -2, 1, 1, 1, -2, 1, 2, 2, 2, 1, 2, 2, -1, -2, -1, -2, -1, 2, 2, 1]"
392,dfs_bnb_mpi,50.1804,-17,18,12330714,"[-1, -1, 2, -1, 2, 2, 1, -2, 1, -2, 1, 2, 2, -1, 2, 1, 1, -2, -2, 1, 1, -2, -2, -1, 2, -1, -2, -2, 1]"
393,dfs_bnb_mpi,136.264,-17,17,31100537,"[-1, -1, 2, 1, 2, 2, 1, -2, -2, 1, -2, 1, 2, 1, 2, 2, -1, -2, -1, 2, 2, -1, 2, -1, -2, -1, -2, -2, -1]"
394,dfs_bnb_mpi,2059.57,-18,18,463797535,"[-1, -1, 2, 1, 2, 1, -2, 1, -2, 1, -2, 1, -2, -1, -2, -1, -1, -2, -1, 2, 2, 1, 1, 2, -1, -1, -1, -2, -2]"
395,dfs_bnb_mpi,562.765,-16,17,123625275,"[-1, -1, 2, 2, -1, -2, -1, -1, -2, -1, -2, -2, -2, 1, 1, 1, 2, -1, -1, 2, 1, 2, 1, -2, 1, 1, -2, -1, -2]"
396,dfs_bnb_mpi,225.616,-18,19,61153542,"[-1, -1, 2, -1, -2, -2, -1, -2, 1, 1, 2, 1, -2, 1, 2, 1, 1, 2, 1, 2, -1, 2, -1, -1, -1, -2, 1, 1, -2]"
397,dfs_bnb_mpi,52.006,-18,18,11648066,"[-1, -1, 2, 1, 2, -1, -1, -2, -1, 2, 2, 1, 2, 1, -2, 1, 1, -2, -2, 1, 2, 1, 2, -1, 2, -1, 2, -1, -2]"
398,dfs_bnb_mpi,949.087,-16,17,252133240,"[-1, -1, 2, 2, 2, 2, 1, -2, -2, -2, 1, 2, 2, 2, 2, 1, -2, 1, 2, 1, -2, -2, -1, -1, -2, 1, -2, -1, -2]"
399,dfs_bnb_mpi,32.7287,-16,17,7349197,"[-1, -1, 2, 2, 2, 2, 1, -2, 1, 2, 1, -2, 1, -2, -1, -1, -1, -2, 1, 1, -2, 1, -2, -1, -2, -1, 2, -1, -1]"
400,dfs_bnb_mpi,9.67228,-17,18,2259626,"[-1, -1, 2, 2, 1, -2, 1, 2, 1, 1, -2, -1, -2, 1, -2, -1, -1, -1, -2, 1, -2, 1, 2, 1, 1, 2, 2, 2, 2]"
401,dfs_bnb_mpi,221.658,-17,18,49264525,"[-1, -1, 2, 2, 1, -2, 1, 1, 1, 1, 2, -1, 2, 1, 2, -1, -1, -2, -2, -1, 2, -1, 2, 1, 2, 1, 2, 1, -2]"
402,dfs_bnb_mpi,141.07,-18,19,35209961,"[-1, -2, -1, 2, 2, 1, 1, 2, 1, 2, -1, -1, -2, -1, -1, -2, -2, -2, -2, 1, 1, 1, 2, 1, 1, 2, 2, -1, -2]"
403,dfs_bnb_mpi,62.885,-17,18,14613418,"[-1, -1, 2, 1, 1, 2, -1, -1, 2, 1, 2, 2, -1, -2, -1, -2, -2, -2, -2, -1, 2, 2, -1, 2, 1, 2, 2, 1, 2]"
404,dfs_bnb_mpi,1065.51,-17,18,262241896,"[-1, -2, -1, -1, 2, 1, 2, 1, 2, 2, -1, -2, -1, -2, -1, -2, -1, 2, -1, 2, 2, 1, 2, 1, 1, -2, -1, -2, -1]"
405,dfs_bnb_mpi,1238.69,-16,17,313104405,"[-1, -1, 2, 2, 2, -1, 2, 1, 1, -2, -2, -2, 1, 2, 2, 2, 1, 1, 1, -2, -1, -1, -2, 1, -2, -1, -2, 1, 1]"
406,dfs_bnb_mpi,48.2294,-17,18,12466416,"[-1, -2, -1, -2, 1, -2, 1, -2, 1, 2, 2, -1, 2, 1, 2, 2, -1, -1, -1, -2, -1, -2, -1, -2, 1, -2, 1, -2, 1]"
407,dfs_bnb_mpi,173.804,-17,18,47596200,"[-1, -2, 1, 1, 2, 2, 2, 1, 1, -2, -1, -2, -2, 1, 2, 1, 2, 1, -2, -2, -1, -2, -1, -1, -2, -1, 2, -1, -1]"
408,dfs_bnb_mpi,1412.29,-17,18,357349277,"[-1, -1, 2, 2, 1, -2, 1, 1, 1, -2, -2, 1, -2, -1, -2, -2, -1, -1, -1, 2, 1, 1, 2, -1, -1, 2, 1, 1, 2]"
409,dfs_bnb_mpi,350.212,-17,18,89752998,"[-1, -1, 2, 2, -1, -2, -2, -1, 2, -1, 2, 1, 2, 2, 1, -2, 1, 2, 1, 2, 1, -2, -2, -1, -2, -2, 1, 2, 1]"
410,dfs_bnb_mpi,257.89,-18,19,60215744,"[-1, -2, 1, 1, -2, -2, -2, -1, -1, -2, -1, 2, 2, 1, 1, 2, -1, -1, 2, -1, -1, -2, 1, -2, -2, -1, 2, -1, 2]"
411,dfs_bnb_mpi,78.9203,-18,19,19028876,"[-1, -1, 2, 1, 2, 2, 1, -2, -2, 1, -2, -2, -1, -1, -2, 1, 1, -2, -2, -1, 2, -1, -2, -1, 2, -1, 2, 1, 2]"
412,dfs_bnb_mpi,2082.53,-16,17,509932045,"[-1, -1, 2, 2, 2, 1, 2, 1, -2, -2, -1, -2, 1, 1, -2, -2, 1, 2, 2, 2, 1, 2, -1, 2, 2, -1, -2, -2, -2]"
413,dfs_bnb_mpi,892.43,-17,17,231804358,"[-1, -1, 2, 2, 2, 1, -2, -2, 1, 2, 2, 2, 2, 2, 1, -2, -2, 1, 1, -2, -2, -1, -2, -2, -1, 2, 2, 2, 1]"
414,dfs_bnb_mpi,989.668,-17,18,263039721,"[-1, -1, 2, 2, 2, 1, -2, -2, 1, 1, 2, -1, 2, 1, 2, 2, 2, -1, -1, -2, 1, -2, -1, -1, 2, -1, -2, -2, -2]"
415,dfs_bnb_mpi,189,-18,19,42247813,"[-1, -2, -1, 2, -1, -2, -1, -2, 1, 1, 1, 1, 2, 1, 2, 2, -1, -1, 2, 1, 1, 2, -1, -1, -1, -2, -1, -2, 1]"
416,dfs_bnb_mpi,2351.43,-15,16,570566059,"[-1, -1, 2, 2, 2, 1, -2, -2, 1, 1, 2, -1, 2, 2, -1, 2, 2, -1, -2, -2, -1, -1, -2, 1, -2, -1, -2, 1, -2]"
417,dfs_bnb_mpi,87.2277,-17,18,23502756,"[-1, -1, 2, 1, 1, 2, -1, -1, -1, 2, -1, -2, -2, 1, -2, -1, -2, -1, -2, 1, -2, 1, 1, 2, -1, 2, 1, 1, 1]"
418,dfs_bnb_mpi,174.019,-18,18,38397160,"[-1, -2, 1, 1, 1, 1, 1, 2, 1, 2, -1, 2, 2, -1, -2, -1, -2, 1, -2, -1, -1, 2, -1, 2, 1, 2, 2, 1, -2]"
419,dfs_bnb_mpi,116.625,-17,18,28748209,"[-1, -1, 2, 2, 2, 2, 1, -2, 1, -2, -1, -2, 1, 1, -2, 1, -2, -1, -1, -1, -1, -1, 2, 2, -1, 2, 1, 2, 2]"
420,dfs_bnb_mpi,596.951,-17,18,150967441,"[-1, -1, 2, 1, 1, 2, 1, 2, 1, -2, 1, -2, -2, -1, 2, -1, -2, -2, 1, -2, -1, -2, -1, 2, -1, -1, 2, 1, 1]"
421,dfs_bnb_mpi,1508.22,-17,18,374775677,"[-1, -2, 1, 1, 2, 1, 1, 1, -2, -1, -2, 1, -2, 1, -2, -1, -1, 2, -1, -2, -1, 2, -1, -1, 2, 1, 1, 1, 2]"
422,dfs_bnb_mpi,1975.39,-17,18,472183035,"[-1, -2, 1, 1, -2, -1, -1, -1, 2, -1, -1, -1, -2, -2, 1, 2, 1, -2, -2, -2, 1, 2, 2, 1, 1, -2, -2, -1, 2]"
423,dfs_bnb_mpi,143.264,-18,19,32901740,"[-1, -1, 2, 2, 2, 1, -2, -2, 1, 2, 2, 1, 2, 1, -2, 1, -2, -1, -1, -2, 1, 1, 1, -2, -1, -2, -1, 2, -1]"
424,dfs_bnb_mpi,2409.05,-17,18,614781729,"[-1, -1, 2, 2, -1, -2, -1, 2, -1, -2, -1, -2, -1, -2, 1, -2, 1, 1, -2, 1, 2, 1, 2, -1, 2, -1, -1, -2, 1]"
425,dfs_bnb_mpi,474.685,-17,18,104304073,"[-1, -1, 2, 2, 2, -1, 2, 1, 1, 2, 1, -2, 1, -2, 1, -2, -1, -1, 2, -1, -2, -2, 1, 1, 1, 1, -2, -1, -1]"
426,dfs_bnb_mpi,175.248,-17,18,41766908,"[-1, -2, 1, 1, 2, 1, -2, 1, -2, -1, -1, -1, -1, -1, -2, 1, 1, 1, 1, -2, -1, -1, -1, -1, -1, 2, 2, 2, 1]"
427,dfs_bnb_mpi,1634.06,-17,18,390036035,"[-1, -1, -1, 2, 1, 1, 2, 1, -2, 1, -2, -2, 1, -2, 1, -2, -1, -2, -1, -1, 2, 1, 2, -1, -1, -1, 2, 1, 1]"
428,dfs_bnb_mpi,1326.42,-16,17,295865641,"[-1, -1, -1, 2, 1, 2, -1, -1, -2, -2, -1, -2, -2, -2, 1, -2, 1, 1, 2, -1, 2, -1, 2, 1, 1, -2, 1, 2, 1]"
429,dfs_bnb_mpi,60.5939,-18,19,14212428,"[-1, -1, 2, 1, 2, 1, -2, 1, -2, -2, -1, -1, -1, -1, -1, 2, 1, 2, 2, 1, 2, -1, 2, -1, -2, -2, -1, -2, 1]"
430,dfs_bnb_mpi,211.979,-17,18,52215017,"[-1, -2, -2, -1, -2, 1, 1, 2, 2, 1, 2, 2, 2, -1, -2, -1, 2, -1, -2, -2, -2, -1, 2, 2, 2, -1, -2, -2, -1]"
431,dfs_bnb_mpi,143.359,-18,19,32716768,"[-1, -1, 2, 1, 2, 2, -1, -2, -1, -2, -2, -2, 1, -2, 1, 2, 1, 1, 2, 2, 2, 1, 2, -1, 2, -1, -2, -2, -2]"
432,dfs_bnb_mpi,999.011,-16,17,226020654,"[-1, -1, 2, 2, 2, 1, 1, -2, -1, -2, 1, 1, 1, -2, -1, -2, -1, -2, -1, 2, -1, -2, -1, 2, 2, 2, -1, 2, 1]"
433,dfs_bnb_mpi,433.365,-17,18,110599223,"[-1, -1, 2, 1, 1, 2, -1, 2, 1, 1, -2, -2, -2, 1, 2, 2, 1, -2, -2, -2, 1, -2, -1, -1, -1, -1, 2, 1, 1]"
434,dfs_bnb_mpi,322.82,-18,19,79402907,"[-1, -1, 2, 1, 1, 2, 1, -2, -2, 1, 2, 2, 1, -2, 1, -2, -1, -2, -2, -1, -1, -2, -1, 2, -1, 2, 1, 1, 1]"
435,dfs_bnb_mpi,38.4805,-16,17,8760406,"[-1, -1, 2, 2, 2, -1, -1, -1, -2, 1, 1, -2, -2, -2, -1, 2, 2, -1, -2, -2, -1, 2, -1, 2, 1, 2, 2, 2, 2]"
436,dfs_bnb_mpi,230.07,-18,19,54301774,"[-1, -2, 1, 1, -2, -1, -2, 1, 1, 1, 2, -1, 2, 1, 1, 2, -1, -1, -1, 2, 1, 2, -1, 2, -1, -2, -1, -2, 1]"
437,dfs_bnb_mpi,526.008,-17,18,122355596,"[-1, -1, 2, 2, 1, -2, 1, 2, 2, 1, -2, -2, 1, -2, -1, -2, -1, -2, -1, 2, -1, -2, -1, 2, 2, 2, -1, 2, 1]"
438,dfs_bnb_mpi,163.094,-18,19,37035980,"[-1, -1, 2, 1, 2, -1, -1, 2, 1, 1, 2, 1, 2, 1, -2, -2, -1, -2, 1, 1, 2, 1, -2, -2, -1, -2, -1, 2, -1]"
439,dfs_bnb_mpi,204.442,-17,18,54163298,"[-1, -1, 2, 1, 2, 2, -1, -2, -1, -2, -2, -1, -2, 1, 1, -2, -2, 1, 1, 1, 2, -1, -1, 2, 1, 1, 2, 2, -1]"
440,dfs_bnb_mpi,974.178,-17,18,239343001,"[-1, -2, 1, 1, 2, 2, 1, -2, -2, 1, 1, -2, 1, -2, -1, -2, -1, -1, -1, -1, 2, 1, 1, 1, 2, -1, -1, -1, -1]"
441,dfs_bnb_mpi,103.195,-16,17,25590951,"[-1, -1, 2, 1, 1, 1, -2, 1, 2, 1, 2, -1, -1, -1, -1, -1, 2, 1, 1, 2, 2, 1, 1, -2, -1, -2, 1, 1, 2]"
442,dfs_bnb_mpi,236.625,-17,18,54742481,"[-1, -1, 2, 2, 2, -1, -2, -1, -2, 1, -2, -2, 1, -2, 1, 2, 1, 1, 2, 2, 2, -1, 2, 2, -1, -2, -2, -2, 1]"
443,dfs_bnb_mpi,36.5272,-18,19,8517194,"[-1, -2, -1, -1, -2, 1, 1, 1, 2, 1, 2, 1, -2, -2, -1, -2, -1, -1, -1, -2, 1, 1, -2, 1, 2, 1, 2, 1, 2]"
444,dfs_bnb_mpi,33.3234,-17,18,8258921,"[-1, -1, 2, 2, -1, 2, 2, 1, -2, 1, 2, 1, -2, -2, -1, -2, 1, 1, -2, -2, -2, -1, 2, -1, -1, -1, 2, 2, -1]"
445,dfs_bnb_mpi,220.992,-17,17,56692946,"[-1, -1, 2, 2, 1, -2, 1, 2, 2, -1, 2, -1, 2, 1, 1, -2, 1, 2, 1, -2, -2, -1, -2, 1, -2, -1, -2, -2, -1]"
446,dfs_bnb_mpi,6610.44,-17,18,1703206967,"[-1, -2, -1, -1, -2, 1, 1, -2, -1, -2, 1, -2, 1, 2, 2, 1, -2, 1, 2, 1, 2, 2, -1, -2, -1, -1, 2, 1, 2]"
447,dfs_bnb_mpi,28.1248,-17,17,6593028,"[-1, -1, 2, 2, 1, -2, 1, 1, -2, 1, -2, -2, -1, 2, -1, -1, -2, 1, -2, 1, 1, 1, 2, 2, 2, 2, -1, 2, 2]"
448,dfs_bnb_mpi,3085.72,-18,19,778078343,"[-1, -2, -1, -2, 1, 1, 2, 1, 2, 1, -2, 1, -2, 1, -2, -1, -2, -1, -1, -2, -1, 2, -1, 2, 1, 1, 2, 1, -2]"
449,dfs_bnb_mpi,286.344,-17,18,67167612,"[-1, -1, 2, -1, -2, -1, -1, -2, -2, -2, 1, -2, 1, 2, 2, -1, 2, 1, 1, 1, 1, -2, 1, -2, -1, -1, 2, -1, -2]"
450,dfs_bnb_mpi,289.695,-17,18,73385544,"[-1, -1, 2, 2, 1, -2, 1, 2, 1, 2, 1, 1, -2, -1, -2, -1, -2, 1, -2, -1, -2, -2, -1, 2, -1, -1, 2, 1, 1]"
451,dfs_bnb_mpi,643.095,-17,17,160370659,"[-1, -2, 1, 1, 1, 2, -1, 2, 2, -1, -2, -1, 2, 2, -1, -2, -2, -2, -1, -2, 1, -2, -2, 1, 2, 1, 1, -2, -1]"
452,dfs_bnb_mpi,67.0313,-17,18,16298789,"[-1, -1, 2, 1, 1, 1, 2, 2, -1, -2, -1, 2, -1, -2, -1, -2, -2, -2, -2, 1, 2, 1, -2, 1, 2, 1, 2, 1, 2]"
453,dfs_bnb_mpi,52.4305,-17,16,12485519,"[-1, -1, 2, 1, 2, 2, 2, 2, 1, -2, -2, -2, -2, 1, -2, 1, 2, 2, -1, 2, 2, 2, 1, -2, -2, 1, -2, -2, 1]"
454,dfs_bnb_mpi,156.386,-17,18,41407121,"[-1, -1, 2, 1, 1, 2, 2, -1, -2, -1, -1, 2, 1, 2, -1, 2, 1, 2, 1, -2, -2, 1, 1, -2, -2, -2, 1, -2, -1]"
455,dfs_bnb_mpi,2231.25,-18,19,502497221,"[-1, -1, 2, 1, 2, 2, 2, 1, 1, 1, -2, 1, -2, 1, -2, -1, -2, -1, -2, -1, 2, 2, 1, 2, -1, 2, -1, -2, -2]"
456,dfs_bnb_mpi,279.813,-16,17,65447325,"[-1, -1, 2, 2, 2, 1, -2, -2, 1, 2, 2, 1, -2, 1, 1, -2, -1, -1, -2, 1, 1, -2, -1, -1, -1, -1, -2, 1, 1]"
457,dfs_bnb_mpi,30.1142,-17,18,7580640,"[-1, -1, 2, 2, -1, -2, -1, -1, 2, 1, 2, 1, 1, 1, 1, -2, -1, -2, 1, 1, -2, -2, -1, -1, -1, -1, 2, -1, -1]"
458,dfs_bnb_mpi,190.313,-18,19,45168091,"[-1, -1, 2, 1, 1, 2, -1, -1, 2, 1, 1, 2, 1, 1, -2, -1, -2, 1, 1, 2, 1, -2, -2, -1, -2, -1, 2, -1, -2]"
459,dfs_bnb_mpi,1683.55,-17,18,419672421,"[-1, -2, 1, 1, 2, 2, -1, 2, 1, 2, -1, -1, 2, 2, -1, -2, -2, -1, -1, -2, 1, 1, 1, -2, -1, -1, -2, 1, -2]"
460,dfs_bnb_mpi,636.469,-17,18,144641431,"[-1, -1, 2, 2, -1, -2, -1, -2, 1, -2, -1, -1, 2, 2, 2, 1, 2, -1, -1, -2, -1, 2, -1, -2, -2, 1, -2, 1, 2]"
461,dfs_bnb_mpi,1964.19,-17,18,485778545,"[-1, -2, -1, -2, -1, -2, 1, -2, -1, -2, 1, 1, 2, 2, 2, 1, 2, 1, 2, 1, -2, -2, -1, -2, 1, -2, -1, -1, 2]"
462,dfs_bnb_mpi,185.357,-17,17,47995575,"[-1, -1, -1, 2, 1, 1, 1, 1, -2, 1, -2, -1, -1, -1, -1, -1, -1, -2, -2, 1, 2, 1, -2, 1, 2, 1, 1, -2, -1]"
463,dfs_bnb_mpi,401.618,-18,19,99639751,"[-1, -1, 2, 1, 1, 1, 2, 1, 1, 1, -2, -1, -1, -2, 1, -2, -1, -2, -1, -1, -2, -1, 2, -1, 2, 1, 1, 1, 2]"
464,dfs_bnb_mpi,381.394,-17,18,90994775,"[-1, -2, 1, 1, 2, 2, -1, 2, 1, 1, -2, 1, 2, 1, -2, -2, -1, -1, -2, 1, 1, -2, -1, -2, -1, 2, -1, -1, -1]"
465,dfs_bnb_mpi,193.252,-18,19,52380899,"[-1, -1, 2, -1, -2, -1, -2, 1, -2, -1, -2, -2, 1, 2, 1, -2, -2, 1, 2, 2, 1, 2, 1, 2, -1, -1, -1, -2, 1]"
466,dfs_bnb_mpi,1643.82,-16,17,404738144,"[-1, -1, 2, -1, 2, 2, -1, -1, -2, 1, -2, -1, -1, -1, -2, -2, 1, 2, 1, -2, -2, 1, 2, 2, 1, -2, 1, -2, -1]"
467,dfs_bnb_mpi,795.531,-17,18,181621380,"[-1, -2, 1, 1, 2, 1, -2, 1, 1, -2, -2, -1, 2, -1, -1, -1, -1, -2, 1, 1, 1, -2, -2, -1, -1, -1, 2, 1, 1]"
468,dfs_bnb_mpi,76.4081,-17,18,18406945,"[-1, -1, 2, 1, 2, 1, -2, 1, 2, 2, 1, 1, -2, -1, -2, 1, -2, 1, -2, -1, -1, 2, -1, -2, -2, -1, 2, -1, -1]"
469,dfs_bnb_mpi,1726.44,-15,16,423288648,"[-1, -1, 2, 2, 2, -1, -1, -1, -2, 1, -2, -1, -1, -2, 1, -2, -2, 1, 1, 1, 1, 2, -1, -1, -1, 2, 1, 2, 2]"
470,dfs_bnb_mpi,254.803,-17,18,63935147,"[-1, -1, 2, 1, 2, 1, 1, 2, -1, -1, 2, 1, 1, 2, 1, -2, -2, 1, -2, -1, -2, 1, 1, -2, -1, -1, -1, 2, -1]"
471,dfs_bnb_mpi,271.248,-18,18,69732544,"[-1, -1, 2, 1, 2, 2, -1, -2, -1, 2, -1, 2, 1, 1, 2, -1, 2, 1, 1, -2, -2, 1, 1, -2, -2, -2, -1, 2, 2]"
472,dfs_bnb_mpi,221.686,-16,17,50350080,"[-1, -1, 2, 1, 2, 2, 1, 1, 1, 1, -2, -2, -1, 2, -1, -1, -2, 1, -2, 1, 1, -2, -2, -1, 2, -1, -1, -1, -1]"
473,dfs_bnb_mpi,481.309,-17,18,122876926,"[-1, -1, 2, 1, 2, 2, -1, -2, -1, -2, -2, -1, -2, -1, -2, 1, 1, 2, 1, 1, -2, 1, 2, 1, 2, 2, 2, -1, -2]"
474,dfs_bnb_mpi,1074.61,-16,17,236730609,"[-1, -1, 2, 2, -1, -2, -1, 2, -1, -1, -2, 1, -2, -1, -2, 1, 1, 2, 1, -2, 1, 1, -2, -1, -1, -1, -2, -1, 2]"
475,dfs_bnb_mpi,246.392,-17,18,56097773,"[-1, -1, 2, 1, 2, -1, 2, -1, 2, -1, -2, -1, -1, -2, 1, -2, 1, 2, 1, -2, -2, -2, 1, 1, 1, 1, 2, 2, -1]"
476,dfs_bnb_mpi,87.7205,-17,17,21481258,"[-1, -1, 2, 2, 1, -2, 1, 1, -2, 1, 2, 1, -2, 1, -2, -1, -1, -2, -1, 2, -1, -1, -1, -2, -2, 1, 2, 1, -2]"
477,dfs_bnb_mpi,1484.92,-17,18,389312001,"[-1, -1, 2, 2, 2, 2, 1, -2, -2, -2, 1, 2, 2, 1, 2, 1, -2, 1, -2, -2, 1, -2, -1, -1, 2, 2, -1, -2, -2]"
478,dfs_bnb_mpi,496.408,-16,17,120107549,"[-1, -1, 2, 2, 1, -2, 1, 2, 2, -1, -1, 2, -1, -1, -2, 1, -2, -1, -1, -2, 1, 1, -2, -2, -1, 2, -1, -2, -1]"
479,dfs_bnb_mpi,49.2608,-18,19,12127107,"[-1, -2, -1, 2, 2, 2, -1, -2, -1, -1, -2, 1, 1, -2, -1, -2, 1, 1, 1, 1, 2, 1, 2, 2, -1, -1, 2, 1, 2]"
480,dfs_bnb_mpi,581.527,-17,18,128654028,"[-1, -2, 1, -2, 1, 1, 2, -1, 2, 2, -1, 2, 1, 2, 1, 1, 1, -2, -1, -1, -2, -2, 1, 2, 1, -2, -2, -1, -2]"
481,dfs_bnb_mpi,7962.38,-16,17,1737901403,"[-1, -2, -1, -2, 1, 1, 2, 1, 2, 1, -2, -2, -2, -2, 1, -2, -1, -1, 2, -1, -2, -1, 2, -1, 2, 1, 1, 1, 2]"
482,dfs_bnb_mpi,887.931,-16,17,201142111,"[-1, -1, 2, 2, 1, -2, 1, 2, 2, -1, 2, -1, -2, -1, 2, -1, -2, -1, -2, 1, 1, -2, -2, -2, -1, 2, -1, 2, 1]"
483,dfs_bnb_mpi,125.473,-17,18,27759016,"[-1, -1, 2, 1, 2, 2, 2, 2, 2, -1, -2, -1, -1, -1, -2, 1, 1, 1, -2, -2, -1, 2, -1, -1, -2, 1, -2, 1, -2]"
484,dfs_bnb_mpi,1295.33,-17,18,335448559,"[-1, -1, 2, 2, 2, 2, 1, 2, 2, 1, 1, -2, -2, 1, 2, 1, -2, -2, -1, -1, -2, -1, -2, -1, 2, 2, 1, 2, 2]"
485,dfs_bnb_mpi,2584.9,-17,18,674627114,"[-1, -1, 2, 2, -1, -2, -1, -1, -1, -1, -2, 1, -2, -1, -2, 1, 1, 1, -2, 1, 2, 1, 2, -1, 2, -1, -1, -2, 1]"
486,dfs_bnb_mpi,757.141,-17,18,191014118,"[-1, -1, 2, 1, 1, 2, -1, 2, 1, 2, -1, -1, -2, -2, -1, -2, -2, -1, -2, 1, -2, -2, 1, 2, 2, 1, 1, -2, -1]"
487,dfs_bnb_mpi,741.097,-17,18,204337688,"[-1, -1, 2, 2, 1, -2, 1, 2, 2, 1, -2, -2, 1, -2, -2, 1, -2, -1, -2, -1, 2, -1, -1, -1, 2, 1, 1, 1, 2]"
488,dfs_bnb_mpi,530.134,-17,18,141109609,"[-1, -1, 2, 2, -1, -2, -2, -2, 1, -2, -1, -2, 1, 1, 2, 2, 1, -2, 1, -2, -1, -2, -1, -1, -1, -1, 2, 2, 2]"
489,dfs_bnb_mpi,440.295,-17,17,109362734,"[-1, -1, 2, 2, 2, -1, 2, 1, 1, -2, 1, -2, -1, -2, 1, 1, -2, -2, -2, -1, 2, -1, -2, -1, 2, -1, 2, 2, 2]"
490,dfs_bnb_mpi,962.146,-17,18,261586818,"[-1, -1, 2, 1, 1, 2, -1, -1, -1, 2, 1, 2, -1, -1, -1, -2, -2, -2, -1, -2, 1, -2, 1, 2, 1, 2, -1, 2, 2]"
491,dfs_bnb_mpi,837.285,-18,19,213128543,"[-1, -1, 2, -1, -2, -2, 1, 1, -2, -1, -2, -1, 2, -1, -2, -1, 2, -1, -1, 2, 1, 1, 1, 2, 2, -1, -1, -2, 1]"
492,dfs_bnb_mpi,385.132,-16,17,101399888,"[-1, -1, 2, 1, 1, 2, 2, 1, -2, -2, 1, 2, 2, 2, 2, -1, -2, -1, 2, -1, -2, -1, -1, -2, 1, 1, -2, -1, -1]"
493,dfs_bnb_mpi,6253.9,-16,17,1586912106,"[-1, -1, 2, 2, -1, 2, 1, 2, 2, 1, 1, -2, -1, -2, 1, 1, 2, 1, -2, -2, 1, -2, -1, -1, 2, -1, -1, -2, 1]"
494,dfs_bnb_mpi,362.369,-17,18,90087677,"[-1, -1, 2, 2, -1, 2, -1, -2, -1, -1, -2, 1, 1, 1, -2, -1, -1, -2, -2, 1, -2, 1, 2, 1, 1, 2, -1, -1, -1]"
495,dfs_bnb_mpi,37.4149,-17,18,9456746,"[-1, -1, 2, 1, 1, 1, 1, -2, -1, -2, -1, -1, -1, -2, -2, 1, 2, 1, 1, 1, 2, 1, -2, -2, -1, -2, -1, 2, -1]"
496,dfs_bnb_mpi,3596.24,-17,18,790533236,"[-1, -1, 2, 2, 2, -1, 2, 1, 2, 1, 1, 1, -2, -2, 1, -2, -2, -2, -1, 2, 2, -1, 2, 2, -1, -2, -2, -2, 1]"
497,dfs_bnb_mpi,967.897,-15,16,210127404,"[-1, -1, 2, 2, 2, 2, -1, -2, -1, 2, 2, 2, 1, -2, 1, 1, -2, -2, -2, -2, 1, 2, 2, 2, 1, -2, -2, -2, 1]"
498,dfs_bnb_mpi,222.715,-17,18,51790413,"[-1, -1, 2, 2, -1, -2, -2, -2, 1, 1, 1, 1, 2, 2, 2, 2, -1, -2, -2, -1, 2, 2, 2, -1, -1, -1, -2, 1, 1]"
499,dfs_bnb_mpi,220.203,-18,19,50410126,"[-1, -2, 1, 1, -2, 1, 2, 1, 2, -1, -1, 2, 1, 2, -1, -1, -1, 2, 1, 1, 2, -1, -1, -1, -2, -2, -2, 1, 1]"
500,dfs_bnb_mpi,252.708,-14,15,55530199,"[-1, -1, 2, 2, -1, -2, -1, 2, 2, 1, 1, 2, 1, -2, 1, -2, -1, -2, 1, 1, 2, 1, 2, -1, 2, -1, 2, -1, 2]"
501,dfs_bnb_mpi,39.5305,-16,16,8763877,"[-1, -1, 2, -1, -2, -1, -2, -2, -2, -2, 1, 2, 2, 2, 1, -2, -2, 1, 2, 2, 1, -2, 1, -2, -1, -2, -1, -1, -2]"
502,dfs_bnb_mpi,995.326,-16,17,218788311,"[-1, -1, 2, 2, -1, 2, 1, 1, 2, -1, -1, 2, 1, 1, 2, 1, -2, -2, -2, -2, -1, -2, 1, 1, 2, 1, 2, -1, 2]"
503,dfs_bnb_mpi,512.249,-16,17,126580834,"[-1, -1, 2, 2, 2, 1, 1, 1, -2, -1, -1, -2, 1, 1, -2, 1, -2, -1, -2, -1, 2, -1, -2, -1, 2, -1, 2, 2, 2]"
504,dfs_bnb_mpi,851.023,-18,19,210050932,"[-1, -1, 2, 2, -1, 2, 1, 2, 1, -2, 1, 2, 2, 1, -2, -2, 1, 1, -2, -1, -1, -1, -1, -2, 1, 1, 1, -2, -1]"
505,dfs_bnb_mpi,3597.98,-17,18,789550584,"[-1, -1, 2, 2, 2, 1, 2, 2, 2, 1, -2, 1, 1, 1, -2, -1, -2, -2, -1, 2, 2, -1, -2, -2, -1, -2, 1, 1, -2]"
506,dfs_bnb_mpi,1471.74,-17,18,363418534,"[-1, -1, 2, 2, 2, 1, -2, -2, 1, 1, -2, 1, -2, 1, 2, 1, 2, -1, 2, 2, -1, -1, 2, -1, -2, -2, 1, 1, -2]"
507,dfs_bnb_mpi,136.547,-18,19,32396122,"[-1, -1, 2, 2, 2, -1, -1, -2, 1, -2, -1, -2, 1, -2, -2, 1, 2, 1, 1, 1, 2, 1, 2, -1, 2, -1, -1, -2, 1]"
508,dfs_bnb_mpi,1627.54,-17,18,381788788,"[-1, -1, 2, 1, 2, 2, 1, 2, -1, 2, 1, 1, 1, 2, 1, 1, -2, -1, -2, -1, -1, -2, 1, -2, -1, -1, -2, 1, -2]"
509,dfs_bnb_mpi,241.854,-18,19,55542285,"[-1, -2, -1, -2, -1, -2, 1, 1, 2, 1, 2, 1, -2, -2, -1, -2, 1, -2, -1, -1, 2, -1, -1, -2, 1, -2, 1, 1, 1]"
510,dfs_bnb_mpi,1297.46,-17,18,350103284,"[-1, -2, 1, 1, 2, 1, -2, 1, 2, 1, -2, -2, -1, -1, -1, -1, -1, -1, -1, -2, 1, 1, 1, 1, -2, 1, 2, 1, -2]"
511,dfs_bnb_mpi,80.8836,-16,17,20522663,"[-1, -1, 2, 1, 2, 2, 1, 1, 1, -2, -1, -1, -2, 1, 1, 1, -2, -1, -1, -2, -1, -2, -1, 2, -1, -2, -2, 1, 1]"
512,dfs_bnb_mpi,130.248,-17,17,30209380,"[-1, -2, -1, 2, 2, -1, -2, -2, -2, -2, -2, 1, 2, 2, 1, -2, 1, 2, 2, 1, -2, 1, -2, -1, -2, -1, -2, -1, 2]"
513,dfs_bnb_mpi,1183.73,-17,18,275964051,"[-1, -1, 2, 1, 2, 2, 1, -2, -2, 1, 1, -2, -1, -2, 1, 1, -2, -1, -2, -1, 2, -1, 2, -1, -1, -2, 1, -2, 1]"
514,dfs_bnb_mpi,2902.58,-17,18,742824107,"[-1, -1, -1, 2, 1, 2, 1, -2, 1, 2, 1, -2, 1, -2, -2, -2, -2, -1, -1, -1, 2, -1, 2, 1, 1, -2, 1, 2, 2]"
515,dfs_bnb_mpi,1363.67,-16,17,335001794,"[-1, -2, 1, 1, 1, -2, -1, -1, -2, 1, -2, -1, -2, -1, -2, -1, 2, -1, 2, -1, 2, 1, 1, -2, 1, 2, 2, -1, 2]"
516,dfs_bnb_mpi,1715.23,-17,18,376387286,"[-1, -1, 2, -1, -1, -1, 2, -1, -2, -2, -2, -2, 1, -2, 1, 2, 2, -1, 2, 1, 1, -2, 1, 1, -2, -1, -1, -2, 1]"
517,dfs_bnb_mpi,928.443,-17,18,223480516,"[-1, -1, 2, 1, 2, 1, -2, 1, 2, 1, -2, 1, 1, -2, -1, -1, -1, -2, 1, -2, -2, -1, 2, -1, 2, -1, -2, -2, 1]"
518,dfs_bnb_mpi,128.73,-16,17,33214865,"[-1, -1, 2, 2, 2, 2, 1, -2, 1, 1, -2, -1, -1, -2, 1, 1, 1, 1, -2, -1, -1, -2, 1, -2, -1, -1, 2, -1, -1]"
519,dfs_bnb_mpi,592.303,-16,17,145246079,"[-1, -1, 2, 2, 1, -2, 1, 1, -2, -2, -1, -2, -1, 2, -1, -2, -1, -1, -1, 2, 2, 2, 1, -2, -2, 1, 2, 2, 2]"
520,dfs_bnb_mpi,491.786,-17,18,121042502,"[-1, -1, 2, 2, 1, -2, 1, 2, 2, -1, 2, 2, 1, -2, 1, -2, -2, 1, -2, -1, -2, -2, -2, -1, -1, -1, 2, 1, 1]"
521,dfs_bnb_mpi,1367.83,-16,17,326570507,"[-1, -1, 2, 2, -1, 2, 1, 1, -2, -2, 1, 2, 2, 2, -1, -1, -1, -1, -2, -2, -1, -2, 1, 1, -2, -1, -2, 1, 1]"
522,dfs_bnb_mpi,2900.91,-18,19,702848923,"[-1, -2, 1, -2, 1, 2, 1, -2, -2, 1, 2, 2, 2, 2, 2, 2, 2, -1, -2, -1, -1, -2, 1, 1, -2, -2, -1, 2, -1]"
523,dfs_bnb_mpi,183.475,-18,19,41448161,"[-1, -2, 1, 1, 2, 2, 2, -1, -2, -1, 2, 2, 1, 1, 2, 1, -2, -2, -2, -2, -2, 1, 2, 2, 1, 2, 2, -1, -2]"
524,dfs_bnb_mpi,323.4,-17,18,82587935,"[-1, -2, 1, 1, 2, 2, 2, -1, -2, -1, -1, 2, 1, 2, 2, 1, -2, 1, 1, -2, 1, -2, -1, -2, -2, 1, 2, 1, 2]"
525,dfs_bnb_mpi,318.056,-15,16,77540231,"[-1, -1, 2, 2, 1, -2, 1, 1, 1, 2, -1, -1, 2, 1, 1, 2, -1, -1, -1, -2, -1, 2, -1, -2, -1, -2, 1, -2, -1]"
526,dfs_bnb_mpi,784.894,-16,16,191016350,"[-1, -1, 2, 2, 2, 1, 2, -1, -1, 2, 1, 1, 1, -2, 1, -2, -1, -2, 1, 1, -2, -2, -2, -1, 2, 2, -1, -1, 2]"
527,dfs_bnb_mpi,630.905,-17,18,153891944,"[-1, -2, 1, 1, 2, 1, -2, 1, -2, -1, -1, -1, -2, 1, 1, -2, -1, -1, -2, -1, 2, 2, -1, -1, 2, 2, 1, -2, 1]"
528,dfs_bnb_mpi,93.5028,-18,19,24320581,"[-1, -2, 1, 1, 2, 1, -2, -2, -2, 1, -2, -1, -1, 2, 2, -1, -1, -1, -2, 1, 1, -2, -1, -2, 1, -2, 1, 2, 1]"
529,dfs_bnb_mpi,975.9,-17,18,251803473,"[-1, -1, 2, 2, 2, 2, -1, -2, -2, -2, -2, -2, -2, 1, 2, 1, 1, 1, 1, 2, -1, 2, -1, -1, 2, 2, 1, -2, 1]"
530,dfs_bnb_mpi,110.875,-18,19,27229909,"[-1, -1, 2, 1, 2, -1, 2, 1, 2, 2, 1, -2, -2, -2, -2, 1, 1, 1, 2, -1, -1, 2, 2, 2, 1, -2, 1, -2, -1]"
531,dfs_bnb_mpi,1589.51,-17,18,368551175,"[-1, -1, 2, 1, 2, 1, -2, 1, -2, 1, 2, 1, -2, 1, -2, -1, -2, -1, -2, -1, 2, -1, -2, -1, 2, 2, 1, 1, 1]"
532,dfs_bnb_mpi,1438.58,-17,18,348778960,"[-1, -2, 1, 1, 2, 2, 1, 1, 1, -2, -2, -1, 2, -1, -2, -2, 1, 1, -2, -1, -1, -2, -1, -1, 2, 1, 2, -1, -1]"
533,dfs_bnb_mpi,51.2396,-17,18,12586796,"[-1, -1, 2, 2, 2, 1, -2, -2, 1, 2, 2, 2, 1, 1, 1, -2, -1, -1, -2, 1, -2, -1, -2, 1, -2, -1, -1, -1, -1]"
534,dfs_bnb_mpi,693.519,-16,17,169594595,"[-1, -1, 2, 2, 1, -2, 1, 2, 2, 1, 2, 1, 1, -2, -1, -2, -1, -2, -2, -2, -1, -1, -1, -1, 2, 2, -1, 2, 1]"
535,dfs_bnb_mpi,592.655,-17,17,153480057,"[-1, -1, 2, 2, 1, -2, 1, 1, 2, -1, 2, -1, 2, -1, -2, -1, 2, 2, -1, -2, -1, -2, 1, -2, 1, -2, -1, -2, 1]"
536,dfs_bnb_mpi,784.412,-17,18,178727330,"[-1, -1, 2, -1, -2, -1, -1, -2, 1, 1, 1, -2, 1, -2, -1, -1, 2, -1, -1, -1, 2, 2, -1, -2, -2, -2, 1, 1, 1]"
537,dfs_bnb_mpi,46.6491,-18,19,11934316,"[-1, -1, 2, 1, 2, 1, -2, 1, 2, 1, 2, -1, -1, 2, -1, -2, -1, -2, -1, -2, -2, -2, 1, -2, 1, 2, 1, 1, 2]"
538,dfs_bnb_mpi,315.529,-17,18,71754735,"[-1, -1, 2, 1, 2, 2, 2, 2, 1, -2, -2, 1, 2, 1, -2, 1, -2, -1, -1, -1, -2, 1, 1, -2, -1, -2, -1, -1, -1]"
539,dfs_bnb_mpi,158.967,-17,18,36177639,"[-1, -1, 2, -1, 2, 1, 1, -2, 1, 1, 2, -1, 2, 1, 1, 1, -2, -1, -2, 1, -2, -2, -1, 2, -1, -2, -1, -1, -1]"
540,dfs_bnb_mpi,1132.02,-17,18,307180273,"[-1, -1, 2, -1, -2, -2, 1, 1, 1, 1, -2, 1, 1, 2, 1, 2, -1, 2, -1, 2, -1, -1, -1, -2, 1, 1, -2, 1, -2]"
541,dfs_bnb_mpi,595.036,-17,18,139542345,"[-1, -1, 2, 1, 1, 2, -1, -1, -1, -1, -2, 1, -2, -1, -1, -2, -2, 1, 2, 1, -2, 1, -2, 1, 2, 1, 2, -1, -1]"
542,dfs_bnb_mpi,1794.52,-18,19,462799560,"[-1, -1, 2, 1, 1, 2, -1, 2, 2, -1, -1, -2, -1, 2, -1, -2, -2, -1, -2, 1, -2, 1, 1, 2, -1, 2, 1, 1, 2]"
543,dfs_bnb_mpi,268.832,-17,17,63408183,"[-1, -1, 2, -1, -2, -2, 1, 1, -2, -1, -2, 1, 1, 2, 2, 1, 2, 2, -1, -1, 2, 1, 1, 1, -2, -2, -2, -2, -1]"
544,dfs_bnb_mpi,2861.41,-16,17,666905344,"[-1, -1, 2, -1, 2, 2, -1, 2, 2, -1, -1, -2, 1, -2, -1, -1, -2, 1, -2, -2, 1, 2, 2, 1, -2, -2, 1, -2, 1]"
545,dfs_bnb_mpi,304.678,-18,19,75226306,"[-1, -2, 1, 1, 2, 1, 2, 1, -2, 1, -2, -2, -1, 2, -1, -2, -1, -1, -1, -2, 1, 1, -2, 1, -2, 1, 2, 2, -1]"
546,dfs_bnb_mpi,209.649,-17,18,52946956,"[-1, -1, 2, 2, 2, 1, 1, -2, -1, -2, 1, 1, 2, 1, -2, -2, -1, -2, -2, -1, 2, -1, -2, -1, 2, -1, 2, 2, 2]"
547,dfs_bnb_mpi,41.9037,-17,18,10648065,"[-1, -1, 2, 2, 2, 1, 2, -1, -1, -2, -1, -2, 1, -2, -1, -2, 1, -2, 1, 1, -2, 1, 2, 1, 2, 2, -1, -1, 2]"
548,dfs_bnb_mpi,28.806,-17,18,7371203,"[-1, -1, 2, 1, 2, -1, 2, 1, 1, -2, -2, 1, 2, 1, -2, -2, -1, -2, -1, -2, -1, 2, -1, -2, -1, 2, 2, 2, 2]"
549,dfs_bnb_mpi,61.6134,-17,17,16165823,"[-1, -1, 2, 1, 2, -1, -1, -1, 2, 1, 2, 1, -2, 1, 1, -2, -2, 1, -2, -2, -1, -2, -1, 2, -1, -1, 2, 2, -1]"
550,dfs_bnb_mpi,535.886,-16,17,143407459,"[-1, -1, 2, 2, 2, 2, -1, 2, 2, -1, -2, -1, -2, 1, -2, 1, -2, -1, -1, 2, -1, -2, -2, 1, -2, 1, 2, 1, -2]"
551,dfs_bnb_mpi,483.772,-18,19,127274281,"[-1, -2, -2, -1, -1, 2, 1, 2, -1, -1, 2, 1, 2, 1, -2, 1, 1, 2, -1, 2, -1, -1, -1, -2, -1, -2, -2, -2, 1]"
552,dfs_bnb_mpi,1369.03,-17,18,303863743,"[-1, -1, 2, 2, 2, -1, 2, -1, -2, -1, 2, -1, -2, -1, -1, -2, 1, -2, 1, 2, 1, 1, -2, -1, -2, 1, 1, 2, 2]"
553,dfs_bnb_mpi,194.561,-16,17,52987905,"[-1, -1, 2, 2, 2, 2, -1, -2, -2, -1, -2, 1, -2, -2, 1, -2, 1, 2, 1, 1, 2, 2, 2, -1, -2, -1, 2, 2, 2]"
554,dfs_bnb_mpi,1316.62,-17,18,322566647,"[-1, -1, 2, 2, 2, 1, 2, 2, 2, 1, 1, -2, -1, -2, -2, -2, 1, 2, 2, 1, -2, -2, -2, -2, -1, 2, -1, -1, 2]"
555,dfs_bnb_mpi,27.0097,-17,18,6871923,"[-1, -1, 2, -1, -2, -1, 2, 2, 1, 2, 1, -2, 1, -2, 1, 1, 2, -1, 2, -1, 2, -1, 2, -1, -2, -1, -1, -2, 1]"
556,dfs_bnb_mpi,103.698,-17,18,24082291,"[-1, -1, 2, 2, -1, 2, 1, 2, 1, -2, 1, -2, -1, -2, 1, 1, 2, 2, 2, -1, 2, 1, 2, -1, -1, -2, -1, -1, -2]"
557,dfs_bnb_mpi,273.152,-17,18,65978531,"[-1, -2, -1, -2, 1, 1, 2, 1, 2, 1, 2, 2, -1, -2, -1, -1, 2, 1, 2, 2, -1, -2, -1, -2, -1, -2, 1, -2, -1]"
558,dfs_bnb_mpi,58.0656,-17,18,15370860,"[-1, -1, 2, 2, 2, 1, 1, -2, -1, -2, 1, 1, -2, -2, -1, -1, -1, -2, -1, -1, 2, 1, 2, -1, 2, 1, 2, -1, 2]"
559,dfs_bnb_mpi,382.846,-18,19,92527877,"[-1, -2, -2, 1, 2, 1, 2, 2, 1, 2, -1, 2, -1, -2, -2, -1, 2, 2, -1, -1, -2, 1, -2, -1, -1, -2, 1, 1, -2]"
560,dfs_bnb_mpi,899.079,-17,18,219437860,"[-1, -2, 1, 1, 2, 1, -2, 1, -2, 1, -2, -1, -1, 2, -1, -1, -1, -1, -2, 1, -2, 1, -2, 1, 1, 2, -1, 2, -1]"
561,dfs_bnb_mpi,324.72,-17,18,74605452,"[-1, -1, 2, -1, -2, -1, 2, 2, -1, -1, -2, 1, -2, -2, -2, 1, 2, 1, -2, -2, -1, -2, 1, 1, 2, 2, 1, 2, -1]"
562,dfs_bnb_mpi,299.234,-18,19,70723921,"[-1, -2, 1, -2, 1, 2, 2, 2, -1, 2, 2, 2, 1, 1, 1, -2, -1, -1, -2, 1, 1, 1, -2, -1, -1, -2, 1, -2, -1]"
563,dfs_bnb_mpi,698.816,-16,17,183280406,"[-1, -1, 2, 2, 2, 1, -2, -2, 1, 1, 2, -1, 2, 1, 2, -1, 2, 2, -1, -1, -2, 1, -2, -1, -1, -2, -1, -2, 1]"
564,dfs_bnb_mpi,1410.75,-16,17,356745147,"[-1, -1, 2, 2, 1, -2, 1, 2, 2, -1, 2, 1, 2, 1, -2, -2, -2, -2, 1, 2, 1, 1, 2, -1, 2, 2, -1, -2, -2]"
565,dfs_bnb_mpi,174.126,-17,18,42729987,"[-1, -1, 2, 1, 2, 2, 1, -2, -2, 1, 2, 2, 1, 2, -1, 2, -1, -2, -1, 2, -1, -2, -1, -2, 1, -2, -1, -2, -1]"
566,dfs_bnb_mpi,73.7438,-17,17,20199820,"[-1, -1, 2, 2, 1, -2, 1, 2, 2, -1, 2, 1, 1, -2, 1, 2, 2, 1, -2, 1, -2, -1, -2, -2, -1, 2, -1, -2, -2]"
567,dfs_bnb_mpi,526.892,-18,19,135333786,"[-1, -2, 1, 1, -2, -2, -1, 2, -1, -2, -2, 1, -2, 1, 2, 1, -2, 1, 2, 1, 2, -1, -1, 2, 1, 2, -1, 2, -1]"
568,dfs_bnb_mpi,559.499,-16,16,135658376,"[-1, -1, 2, 1, 1, 1, 2, -1, -1, -1, 2, 1, 1, 2, 2, -1, -2, -1, -1, -2, -1, -2, -1, -2, 1, -2, 1, 2, 2]"
569,dfs_bnb_mpi,782.108,-17,18,188344587,"[-1, -1, 2, 1, 1, 2, 1, -2, 1, 1, -2, -2, -2, -1, -1, -2, -1, 2, -1, -2, -1, 2, 2, 1, 1, 1, 2, 1, -2]"
570,dfs_bnb_mpi,616.014,-16,17,148281544,"[-1, -1, 2, 1, 2, 2, 1, -2, 1, 2, 2, -1, -1, -1, -2, -2, -1, -2, -1, 2, 2, 1, 2, -1, 2, 1, 1, 1, 2]"
571,dfs_bnb_mpi,608.002,-17,18,138614825,"[-1, -1, 2, 1, 1, 1, 1, 1, -2, -1, -2, 1, -2, -1, -2, -2, -1, 2, 2, -1, -2, -1, 2, -1, 2, 1, 1, 1, 2]"
572,dfs_bnb_mpi,1467.23,-17,18,366126934,"[-1, -1, 2, -1, -2, -2, 1, 1, 1, 1, -2, -1, -1, -2, -1, 2, -1, -2, -2, -1, 2, 2, -1, 2, 1, 2, 2, -1, -2]"
573,dfs_bnb_mpi,418.965,-17,18,99805503,"[-1, -2, 1, 1, 2, 2, 1, -2, 1, 1, -2, -1, -1, -2, 1, 1, -2, -1, -1, -1, -1, -2, -1, -1, 2, 1, 2, 1, 1]"
574,dfs_bnb_mpi,406.584,-17,18,107700411,"[-1, -1, 2, 2, 2, 1, 1, 1, -2, -1, -1, -2, 1, 1, -2, -2, -1, -1, -1, -2, -1, -1, 2, 1, 2, -1, 2, 1, 2]"
575,dfs_bnb_mpi,856.437,-16,17,195018787,"[-1, -1, 2, 2, 2, -1, -1, -2, 1, -2, -1, -2, 1, -2, 1, 1, 1, -2, -1, -1, -1, -1, 2, -1, 2, -1, 2, 1, 2]"
576,dfs_bnb_mpi,490.353,-16,17,114615305,"[-1, -1, 2, 2, 1, -2, 1, 2, 1, 2, 1, 2, -1, 2, -1, -2, -2, -1, 2, -1, 2, -1, -2, -1, -2, -2, 1, 2, 1]"
577,dfs_bnb_mpi,72.4988,-18,19,19338859,"[-1, -1, 2, 1, 2, 1, -2, 1, -2, -2, -1, -2, -1, 2, -1, -1, -2, 1, -2, 1, 1, 1, 2, 1, 2, 2, 2, 2, -1]"
578,dfs_bnb_mpi,5997.03,-16,17,1303427350,"[-1, -1, 2, 2, 2, 2, 2, 2, 1, 1, 1, 1, -2, -2, -2, -1, -2, -1, -2, -1, 2, 2, 2, 2, 1, 1, -2, -1, -2]"
579,dfs_bnb_mpi,178.269,-17,18,41498667,"[-1, -2, 1, 1, -2, -1, -1, -2, -2, 1, 2, 1, -2, 1, 2, 1, 1, 2, -1, -1, 2, 1, 1, 2, -1, -1, -1, 2, 2]"
580,dfs_bnb_mpi,96.7355,-17,18,22745860,"[-1, -1, 2, 1, 2, -1, -1, -2, -1, 2, 2, 1, 1, 1, 1, -2, -2, 1, -2, -2, -2, -1, 2, -1, -1, -2, -1, 2, 2]"
581,dfs_bnb_mpi,579.863,-16,17,133140704,"[-1, -1, 2, 2, -1, -2, -1, 2, -1, -2, -2, 1, 1, -2, 1, 1, -2, -2, -1, 2, -1, -2, -1, -1, 2, 1, 2, -1, -1]"
582,dfs_bnb_mpi,640.493,-18,19,142235936,"[-1, -2, 1, -2, 1, -2, 1, 2, 1, 1, 2, 2, 2, -1, -1, -2, 1, -2, -1, -1, 2, 2, -1, 2, 1, 2, 1, -2, 1]"
583,dfs_bnb_mpi,88.2324,-16,17,20711423,"[-1, -2, -1, 2, 2, 2, 1, -2, 1, 2, 2, -1, 2, -1, -2, -1, -2, -2, -2, -1, 2, -1, 2, 1, 2, 2, 1, 2, 2]"
584,dfs_bnb_mpi,198.853,-17,18,44287270,"[-1, -1, 2, 2, 2, 2, 1, -2, 1, 2, 2, 1, -2, -2, 1, -2, -1, -1, -1, -2, 1, 1, 1, -2, 1, -2, -1, -1, 2]"
585,dfs_bnb_mpi,1177.63,-17,18,286486532,"[-1, -1, 2, -1, 2, 1, 2, 1, 1, 2, 1, -2, 1, 2, 1, -2, -2, -1, -1, -1, -1, -2, 1, 1, 1, 1, -2, -1, -1]"
586,dfs_bnb_mpi,3698.85,-17,18,852370250,"[-1, -1, 2, -1, 2, 2, -1, -2, -1, -1, -2, -2, -2, -2, 1, 1, -2, 1, 2, 1, 2, -1, 2, -1, 2, -1, -2, -2, 1]"
587,dfs_bnb_mpi,1618.86,-17,18,361506678,"[-1, -1, 2, -1, -1, -2, -1, -2, 1, -2, -1, -2, 1, -2, 1, 1, 1, 2, -1, -1, 2, 1, 1, 1, 2, -1, -1, -1, 2]"
588,dfs_bnb_mpi,503.97,-17,17,111849328,"[-1, -1, 2, 2, 1, -2, 1, 2, 1, 2, -1, 2, 2, -1, -1, -2, 1, -2, -1, -1, -2, -2, -2, -1, 2, 2, 2, 2, 1]"
589,dfs_bnb_mpi,2461.52,-18,19,611692620,"[-1, -2, -1, -2, 1, -2, 1, -2, 1, 1, 1, 2, 1, 2, -1, -1, 2, 1, 2, -1, 2, -1, -2, -2, -1, -2, 1, -2, 1]"
590,dfs_bnb_mpi,1066.12,-18,19,270460246,"[-1, -1, 2, 2, 1, -2, 1, 2, 1, -2, -2, 1, -2, -2, -2, -1, -2, -1, -1, 2, 2, -1, 2, 1, 1, 1, -2, -1, -2]"
591,dfs_bnb_mpi,39.7344,-17,18,10580723,"[-1, -1, 2, 2, 2, 2, 1, -2, -2, -2, 1, 2, 1, 2, -1, 2, 2, 1, -2, 1, -2, -2, -2, -1, -2, -2, -1, -1, -1]"
592,dfs_bnb_mpi,312.553,-17,18,86535369,"[-1, -1, 2, 1, 2, -1, -1, -2, -2, -1, 2, 2, 2, 1, 2, -1, -1, 2, 1, 2, 1, -2, 1, -2, -2, 1, 1, -2, -2]"
593,dfs_bnb_mpi,655.642,-16,17,164403209,"[-1, -1, 2, 2, 2, 2, 1, -2, -2, -2, 1, 2, 2, 2, 2, -1, -1, -1, -2, -2, -1, -2, -1, -2, 1, -2, 1, 2, 2]"
594,dfs_bnb_mpi,733.388,-17,18,189143462,"[-1, -1, 2, 1, 1, 2, 2, 2, 2, 2, -1, -2, -2, -1, 2, 2, -1, -2, -1, -2, 1, -2, 1, 1, -2, -1, -1, -2, -1]"
595,dfs_bnb_mpi,124.015,-16,17,27417502,"[-1, -2, 1, 1, 2, 2, 2, 1, 1, -2, -1, -2, 1, 1, -2, -2, -1, 2, -1, -2, -1, -1, -2, 1, 1, 1, 1, 1, 2]"
596,dfs_bnb_mpi,237.826,-17,18,60881944,"[-1, -2, -1, 2, 2, 1, 1, 1, 2, -1, 2, 2, -1, -2, -2, -1, -1, -2, -1, -2, 1, -2, -2, 1, -2, 1, 2, 1, 2]"
597,dfs_bnb_mpi,1243.52,-18,19,275912190,"[-1, -2, 1, 1, -2, -1, -1, -1, 2, -1, -2, -1, -2, 1, -2, -2, -2, 1, 2, 2, 2, 1, 1, 1, -2, -1, -2, -1, 2]"
598,dfs_bnb_mpi,177.734,-17,18,43938866,"[-1, -1, 2, -1, -2, -2, -2, 1, 2, 1, 1, -2, -1, -2, -1, -2, -1, 2, -1, 2, 2, 2, 2, -1, -2, -1, -2, 1, -2]"
599,dfs_bnb_mpi,188.836,-17,18,41552115,"[-1, -2, -1, -2, 1, 1, 2, 1, 2, 2, 1, 1, -2, -1, -2, -2, -1, -2, -1, -1, -2, 1, 1, 1, 2, 1, 2, 2, 1]"
600,dfs_bnb_mpi,506.046,-16,17,112673436,"[-1, -1, 2, 2, 2, -1, -1, -1, -1, -2, -1, -2, 1, -2, 1, -2, 1, 2, 2, -1, 2, 1, 1, -2, -2, -2, 1, 1, 1]"
601,dfs_bnb_mpi,270.127,-16,17,67088306,"[-1, -1, 2, 2, 1, -2, 1, 2, 1, 2, -1, 2, 1, 2, -1, -1, -2, -2, -1, 2, 2, 2, -1, -2, -2, -1, -2, 1, -2]"
602,dfs_bnb_mpi,302.506,-18,19,77382930,"[-1, -2, 1, 1, 1, 2, -1, 2, 2, -1, -2, -1, -1, -2, -2, -1, -2, 1, -2, 1, -2, 1, 2, 1, 1, 2, -1, -1, -1]"
603,dfs_bnb_mpi,205.976,-17,18,55657356,"[-1, -1, 2, 2, 2, 1, -2, -2, 1, 2, 1, -2, -2, -2, -1, -1, -1, -1, 2, -1, 2, 1, 2, 2, 2, 1, 1, 1, -2]"
604,dfs_bnb_mpi,52.9305,-16,17,14952843,"[-1, -1, 2, 1, 1, 2, 2, 2, 1, -2, -2, 1, -2, -1, -2, 1, -2, -1, -1, -1, -1, -1, 2, 2, 2, 1, 2, 1, -2]"
605,dfs_bnb_mpi,1283.31,-18,19,329067590,"[-1, -1, 2, 1, 1, 2, 1, -2, 1, -2, 1, -2, -1, -2, -2, -1, -1, -2, -1, 2, 2, -1, 2, 1, 1, -2, 1, 2, 2]"
606,dfs_bnb_mpi,2075.78,-17,18,520671677,"[-1, -1, 2, 2, 2, 2, 2, 1, -2, -2, -2, -2, 1, 1, 1, 2, 1, 2, 2, -1, -1, 2, -1, -2, -2, -2, 1, 2, 1]"
607,dfs_bnb_mpi,1450.47,-16,17,345864097,"[-1, -1, 2, 1, 2, 1, -2, 1, 2, 1, -2, 1, -2, -2, -2, -1, 2, 2, -1, -2, -2, -2, -1, 2, -1, -1, 2, 1, 1]"
608,dfs_bnb_mpi,354.555,-17,17,73440993,"[-1, -1, 2, 2, 2, 1, 2, 2, 1, 1, 1, 1, -2, -2, -1, 2, -1, -1, -2, 1, -2, -1, -1, -2, 1, 1, 1, 2, 1]"
609,dfs_bnb_mpi,50.7814,-16,17,10721929,"[-1, -2, 1, 1, 1, -2, -1, -2, -2, -1, 2, 2, -1, -2, -1, -2, 1, -2, -1, -2, -1, 2, 2, -1, 2, 1, 2, 1, 2]"
610,dfs_bnb_mpi,280.89,-16,17,65132275,"[-1, -1, 2, -1, -2, -2, 1, 1, -2, -1, -1, -1, 2, 2, 2, 2, 1, 2, -1, -1, -1, -2, 1, -2, -1, -2, 1, -2, -1]"
611,dfs_bnb_mpi,67.0069,-17,17,15585150,"[-1, -1, 2, 2, 1, -2, 1, 2, 2, 1, -2, 1, 2, 2, 1, -2, -2, -2, -1, -1, -2, 1, 1, -2, -1, -2, -1, 2, -1]"
612,dfs_bnb_mpi,447.476,-17,18,111953930,"[-1, -1, 2, 2, 2, -1, 2, -1, -1, -2, 1, -2, 1, -2, -1, -1, 2, -1, -2, -2, 1, -2, 1, 2, 1, -2, 1, -2, -1]"
613,dfs_bnb_mpi,49.5333,-17,18,12372856,"[-1, -1, 2, 2, 2, -1, -2, -1, -2, 1, -2, -2, -1, 2, -1, 2, 2, 2, 1, 2, 1, 1, 2, 1, -2, -2, -2, -2, 1]"
614,dfs_bnb_mpi,868.493,-17,18,192584590,"[-1, -1, 2, 2, 2, 1, 2, 2, 2, 1, -2, 1, 1, -2, -1, -1, -2, -2, 1, 2, 1, -2, -2, -2, -1, 2, -1, -1, 2]"
615,dfs_bnb_mpi,72.0405,-16,17,16699032,"[-1, -1, 2, 1, 2, -1, -1, -1, 2, 1, 1, 2, 2, -1, -2, -1, 2, -1, -2, -2, -1, -2, 1, -2, 1, 1, -2, -1, -1]"
616,dfs_bnb_mpi,99.6209,-18,19,23743369,"[-1, -2, 1, 1, 2, 2, -1, -1, 2, 1, 2, -1, 2, -1, -2, -2, -1, 2, 2, -1, -2, -1, -2, 1, -2, 1, -2, 1, 2]"
617,dfs_bnb_mpi,104.281,-16,17,26766001,"[-1, -2, 1, 1, 2, 2, 1, 1, -2, -1, -2, 1, 1, -2, -1, -1, -1, -1, -1, -2, -1, -2, 1, 1, 2, 1, 1, 1, 1]"
618,dfs_bnb_mpi,354.664,-17,18,79998192,"[-1, -1, 2, -1, -2, -1, -2, 1, 1, 1, -2, 1, 2, 1, 2, 1, 2, -1, -1, -1, 2, -1, 2, 1, 1, -2, 1, 2, 2]"
619,dfs_bnb_mpi,205.232,-17,18,47975357,"[-1, -1, 2, 1, 2, 2, 1, 2, 2, 1, -2, -2, 1, -2, -1, -1, -2, 1, 1, -2, -1, -2, -1, -2, -1, 2, -1, -2, -1]"
620,dfs_bnb_mpi,278.477,-17,18,71763062,"[-1, -1, 2, -1, 2, 2, 2, 1, 2, 1, -2, -2, -1, -2, 1, -2, 1, 1, 2, -1, 2, 1, 1, 2, -1, -1, 2, 1, 2]"
621,dfs_bnb_mpi,612.564,-17,18,133882912,"[-1, -1, 2, 2, 2, 2, -1, -1, -1, -2, -1, 2, -1, -2, -2, -2, 1, 2, 1, 1, 2, 1, -2, -2, -2, -1, -1, 2, 1]"
622,dfs_bnb_mpi,68.8374,-18,19,16559124,"[-1, -1, 2, -1, 2, 1, 2, 1, -2, -2, 1, 1, 2, -1, 2, 2, 1, -2, 1, 2, 2, 1, -2, -2, -2, -1, -2, -2, -1]"
623,dfs_bnb_mpi,297.168,-15,16,73605094,"[-1, -1, 2, 2, 2, 2, 2, 1, -2, -2, -2, -2, 1, 1, 2, -1, 2, 2, 2, 2, -1, 2, -1, -2, -1, -2, -2, -1, 2]"
624,dfs_bnb_mpi,3631.62,-18,19,882125082,"[-1, -2, -2, -1, -2, 1, 1, -2, 1, 2, 1, 1, 1, 2, -1, 2, 1, 2, -1, 2, -1, -2, -1, -2, 1, -2, -1, -1, 2]"
625,dfs_bnb_mpi,32.3063,-16,17,7952672,"[-1, -1, 2, 1, 2, -1, 2, -1, -2, -2, -2, -1, 2, -1, -2, -2, 1, 1, 1, 1, -2, 1, 2, 1, 2, 2, -1, 2, 2]"
626,dfs_bnb_mpi,488.031,-17,18,135574522,"[-1, -1, 2, 2, 1, -2, 1, 1, -2, -2, -2, -1, 2, -1, -1, -1, 2, -1, -2, -1, -2, 1, 1, -2, 1, 2, 1, -2, 1]"
627,dfs_bnb_mpi,1521.24,-17,18,351578215,"[-1, -1, 2, 2, 2, 1, 1, -2, -1, -2, 1, 1, -2, 1, 2, 2, -1, 2, 2, 1, 1, 1, -2, -2, -2, -1, 2, 2, -1]"
628,dfs_bnb_mpi,448.478,-18,18,124987430,"[-1, -1, 2, 1, 1, 1, 2, -1, -1, 2, 1, 1, 2, -1, 2, -1, -2, -1, 2, -1, -2, -1, -2, 1, 1, -2, -1, -2, -2]"
629,dfs_bnb_mpi,222.079,-17,18,56709351,"[-1, -1, 2, 1, 2, -1, -1, 2, 1, 2, -1, 2, 2, 1, -2, 1, -2, -2, 1, -2, 1, 1, -2, -2, -2, -1, 2, 2, -1]"
630,dfs_bnb_mpi,1291.32,-17,18,326074240,"[-1, -1, 2, 2, 2, -1, -2, -1, -2, 1, -2, -1, -2, 1, 1, -2, 1, 2, 1, 1, 2, 2, 2, -1, 2, -1, -2, -2, 1]"
631,dfs_bnb_mpi,157.001,-18,17,42043578,"[-1, -2, -1, 2, 2, 1, 2, -1, 2, 1, 1, 1, -2, -1, -2, 1, -2, 1, 2, 1, 2, -1, 2, 2, -1, -1, 2, -1, -2]"
632,dfs_bnb_mpi,107.592,-17,18,25517782,"[-1, -1, 2, 1, 2, 1, -2, 1, 1, -2, -1, -2, 1, -2, -1, -1, 2, -1, -1, -1, -2, 1, 1, -2, -2, 1, 1, 2, -1]"
633,dfs_bnb_mpi,579.079,-17,18,149417759,"[-1, -1, 2, 2, 1, -2, 1, 2, 2, 1, -2, -2, 1, 2, 1, -2, 1, -2, 1, -2, -1, -2, -1, 2, 2, -1, -1, -2, 1]"
634,dfs_bnb_mpi,3114.2,-17,18,777734627,"[-1, -1, 2, 2, 1, -2, 1, 2, 1, -2, 1, 1, -2, -2, -2, -2, -1, -1, -1, 2, -1, 2, 1, 1, 2, 1, -2, -2, -1]"
635,dfs_bnb_mpi,27.1126,-16,17,6845143,"[-1, -1, 2, 2, 1, -2, 1, 1, -2, -2, -1, -1, -1, -2, 1, 1, 1, -2, -1, -1, -1, -1, 2, -1, 2, 1, 2, 2, 2]"
636,dfs_bnb_mpi,2445.62,-16,17,595010426,"[-1, -1, 2, 2, 2, 2, 1, 2, 1, -2, 1, 2, 1, -2, -2, -1, -1, -1, -2, 1, -2, 1, 2, 1, -2, 1, 2, 2, 2]"
637,dfs_bnb_mpi,1028.39,-17,18,244937256,"[-1, -2, 1, 1, -2, -1, -1, -1, 2, 2, -1, -2, -1, -2, 1, -2, -2, -2, 1, 2, 1, -2, 1, 2, 1, 2, -1, -1, -1]"
638,dfs_bnb_mpi,1085.35,-17,18,256931152,"[-1, -2, 1, 1, 2, 2, 1, 2, -1, 2, 1, 2, -1, 2, -1, -2, -2, -2, -1, 2, 2, -1, -2, -2, -1, -2, 1, 1, 1]"
639,dfs_bnb_mpi,403.859,-16,16,102434729,"[-1, -1, 2, 2, 2, -1, -2, -2, -2, -2, -1, 2, 2, 2, 2, -1, -2, -2, -1, -2, 1, -2, -2, -1, 2, -1, 2, -1, -2]"
640,dfs_bnb_mpi,1355.68,-18,19,325609983,"[-1, -1, 2, 1, 2, 1, -2, 1, -2, 1, -2, -1, -2, -1, -2, -1, -1, -1, 2, -1, 2, 2, 1, -2, 1, -2, 1, 2, 1]"
641,dfs_bnb_mpi,890.973,-18,19,217378116,"[-1, -2, 1, 1, 2, 1, 1, 2, 1, 2, -1, -1, -1, 2, 1, 1, 2, -1, -1, -1, -1, -2, 1, -2, -1, -2, 1, 1, 1]"
642,dfs_bnb_mpi,3415.94,-17,18,760261959,"[-1, -1, 2, 2, -1, 2, -1, -1, 2, -1, -2, -1, -2, -2, -2, 1, -2, 1, 1, 2, 1, 2, -1, 2, -1, -1, -2, 1, -2]"
643,dfs_bnb_mpi,52.6919,-17,18,13491354,"[-1, -1, 2, 2, -1, -2, -1, 2, 2, 1, 1, 1, -2, -2, 1, 2, 1, 2, -1, 2, -1, 2, 2, -1, -2, -2, -1, 2, 2]"
644,dfs_bnb_mpi,84.9253,-17,17,19182180,"[-1, -2, 1, 1, -2, 1, 1, 1, 2, 2, 2, -1, -2, -2, -1, 2, -1, 2, 1, 2, 1, 2, -1, -1, -2, -1, -2, -1, 2]"
645,dfs_bnb_mpi,203.967,-18,18,54772063,"[-1, -1, 2, -1, -2, -2, -1, -2, -2, 1, 2, 1, -2, -2, 1, 2, 1, -2, 1, 2, 1, 2, -1, 2, -1, -2, -1, 2, -1]"
646,dfs_bnb_mpi,1169.09,-18,19,268335825,"[-1, -1, 2, -1, -2, -1, 2, -1, -2, -1, -2, 1, 1, -2, -1, -2, 1, 1, 1, 2, 1, -2, 1, 2, 2, -1, -1, -1, -2]"
647,dfs_bnb_mpi,62.9756,-18,19,16227566,"[-1, -1, 2, 2, 1, -2, 1, 1, 2, -1, 2, -1, 2, 1, 1, -2, 1, -2, -2, -2, -1, -2, 1, -2, -1, -1, -1, 2, 1]"
648,dfs_bnb_mpi,609.106,-17,18,155424346,"[-1, -1, 2, 1, 2, 1, -2, 1, 2, 2, 2, 1, -2, 1, -2, -1, -2, 1, -2, -1, -2, -2, -1, -1, -1, 2, 1, 1, 2]"
649,dfs_bnb_mpi,97.7015,-18,18,23224250,"[-1, -2, 1, 1, 1, -2, -1, -2, -1, 2, -1, -1, -2, 1, -2, 1, 1, 1, 2, 1, 1, 2, -1, 2, 2, -1, 2, -1, -2]"
650,dfs_bnb_mpi,1154.38,-17,18,288777747,"[-1, -1, 2, 2, -1, -1, -1, -2, 1, 1, -2, -1, -1, -2, -1, -2, 1, -2, 1, 1, 1, 2, -1, -1, 2, 1, 1, 1, -2]"
651,dfs_bnb_mpi,605.526,-16,17,139183365,"[-1, -1, 2, 2, 2, 2, 2, -1, 2, -1, -2, -1, -1, -2, 1, 1, 1, -2, -1, -1, -2, -2, 1, 2, 1, -2, -2, -1, -1]"
652,dfs_bnb_mpi,5565.35,-16,17,1224370516,"[-1, -1, 2, 2, 2, -1, -2, -2, -2, -2, 1, 1, 1, 1, 1, 2, 2, 2, 2, -1, -1, -1, -2, -2, 1, 2, 1, -2, -2]"
653,dfs_bnb_mpi,808.442,-16,17,194680623,"[-1, -1, 2, 2, 2, 1, 2, -1, 2, 1, 1, 1, -2, -1, -2, -2, -1, -2, 1, 1, -2, 1, 2, 2, -1, 2, 1, 2, 2]"
654,dfs_bnb_mpi,40.0749,-18,19,10952765,"[-1, -2, -1, 2, 2, 1, 2, -1, -1, -2, -2, -2, -1, 2, 2, -1, 2, 1, 2, 1, 1, 2, 1, -2, 1, -2, 1, -2, -1]"
655,dfs_bnb_mpi,231.186,-17,18,59285397,"[-1, -1, 2, 1, 1, 2, 1, 2, 1, -2, 1, -2, -2, -1, 2, -1, -2, -2, 1, 1, -2, -1, -1, -2, -1, 2, -1, 2, 1]"
656,dfs_bnb_mpi,602.896,-17,18,135411133,"[-1, -1, -1, 2, 1, 2, 1, -2, 1, 1, -2, 1, 1, -2, -1, -1, -1, -1, -1, -1, -2, 1, -2, 1, 2, 1, 1, -2, -1]"
657,dfs_bnb_mpi,10.4164,-17,18,2662059,"[-1, -1, 2, 2, 1, -2, 1, 2, 1, 1, -2, -1, -2, 1, -2, -1, -2, -1, 2, -1, -2, -1, 2, -1, 2, -1, 2, 1, 2]"
658,dfs_bnb_mpi,140.56,-16,17,33151760,"[-1, -1, 2, 2, 2, 2, -1, -2, -1, 2, -1, -1, -2, 1, -2, -1, -2, 1, 1, 2, 1, -2, -2, -1, -2, -1, -1, 2, 1]"
659,dfs_bnb_mpi,971.342,-18,19,229447517,"[-1, -1, -1, 2, 1, 1, 2, 1, -2, 1, 1, -2, -1, -2, 1, 1, -2, -1, -2, -1, 2, -1, 2, -1, -1, -2, 1, -2, 1]"
660,dfs_bnb_mpi,186.656,-18,19,40963811,"[-1, -2, 1, 1, 2, 1, -2, -2, 1, -2, -2, -2, -1, 2, 2, -1, 2, -1, -1, -2, 1, -2, 1, -2, -2, -1, 2, -1, 2]"
661,dfs_bnb_mpi,166.862,-16,17,38908300,"[-1, -1, 2, 2, 1, -2, 1, 2, 2, 1, 2, 1, -2, 1, -2, -2, -1, 2, -1, -2, -2, 1, -2, -1, -1, -1, -1, -1, 2]"
662,dfs_bnb_mpi,791.797,-15,15,217487458,"[-1, -1, 2, 2, 2, 2, -1, -2, -2, -1, 2, 2, 2, 1, 2, 1, -2, 1, -2, 1, 1, -2, -1, -1, -2, -2, 1, 2, 1]"
663,dfs_bnb_mpi,66.0047,-18,19,14966179,"[-1, -1, 2, -1, 2, 1, 2, 2, 1, -2, 1, -2, -1, -2, 1, 1, 2, 2, 2, -1, 2, 1, 1, -2, -2, -2, -2, -2, -1]"
664,dfs_bnb_mpi,2276.16,-18,19,517447574,"[-1, -2, 1, -2, 1, 2, 2, 2, -1, 2, 1, 2, 2, 1, -2, 1, 2, 1, -2, -2, -2, -1, -2, -2, -1, 2, 2, 2, 1]"
665,dfs_bnb_mpi,92.3507,-18,19,25440520,"[-1, -1, 2, 2, 1, -2, 1, 2, 2, 1, -2, -2, -2, -2, -1, -2, -1, 2, -1, -2, -1, 2, -1, 2, 1, 2, 2, -1, -2]"
666,dfs_bnb_mpi,139.432,-16,17,30946105,"[-1, -2, -1, -2, 1, -2, -2, 1, 2, 2, 2, 1, 2, 1, -2, 1, -2, -1, -1, -2, 1, 1, -2, -1, -1, -2, 1, 1, 1]"
667,dfs_bnb_mpi,791.056,-17,18,175681179,"[-1, -2, -1, -1, -1, -2, 1, -2, -2, 1, -2, 1, 2, 1, 2, -1, -1, 2, 1, 1, 2, 1, 2, 1, -2, -2, -2, -1, 2]"
668,dfs_bnb_mpi,116.465,-17,18,31098721,"[-1, -1, 2, 2, -1, 2, -1, 2, 1, 1, -2, 1, -2, -2, 1, 2, 1, -2, 1, -2, -1, -2, -1, -1, -1, -1, 2, 2, -1]"
669,dfs_bnb_mpi,835.171,-17,18,185134479,"[-1, -2, 1, 1, 2, 1, 2, 2, 1, 2, 2, 2, 2, -1, -2, -1, -1, -2, 1, 1, -2, -1, -2, -2, -1, -1, 2, 1, 2]"
670,dfs_bnb_mpi,227.848,-17,18,58359990,"[-1, -1, -1, 2, 2, -1, -2, -2, -2, 1, 1, -2, -2, 1, 2, 2, 1, -2, 1, 2, 2, 1, 2, -1, -1, 2, -1, -2, -1]"
671,dfs_bnb_mpi,374.147,-17,18,90105120,"[-1, -1, 2, -1, 2, 2, 2, 1, 2, 1, 1, 1, 1, -2, -1, -1, -1, -2, 1, 1, 1, -2, -1, -1, -2, -1, 2, -1, 2]"
672,dfs_bnb_mpi,179.547,-17,18,46616963,"[-1, -1, 2, 1, 2, 1, -2, 1, -2, 1, 2, 2, -1, 2, 1, 1, -2, -2, -2, -2, -1, -2, -1, 2, -1, -1, -2, -1, 2]"
673,dfs_bnb_mpi,1341.29,-17,18,292619746,"[-1, -1, 2, 2, -1, -2, -2, -2, -1, -2, 1, -2, -2, 1, 1, 1, 1, 2, -1, -1, -1, 2, 2, 1, 1, 1, -2, -1, -1]"
674,dfs_bnb_mpi,274.667,-16,16,73722337,"[-1, -2, -1, 2, 2, 1, 1, 1, 2, -1, -1, 2, 2, -1, -2, -2, -1, 2, 2, -1, -2, -2, -2, 1, -2, -1, -2, 1, -2]"
675,dfs_bnb_mpi,1138.71,-18,19,272399364,"[-1, -1, 2, 1, 2, 1, -2, 1, 1, 2, 1, -2, -2, -2, -2, -1, -2, -1, 2, -1, -1, -1, 2, 1, 1, 1, 2, 1, -2]"
676,dfs_bnb_mpi,1269.83,-18,19,317257013,"[-1, -2, -1, -2, -1, -1, -1, 2, -1, 2, 2, 1, -2, 1, 2, 1, 2, -1, 2, 1, 1, -2, 1, -2, -1, -2, -1, -2, -1]"
677,dfs_bnb_mpi,233.907,-17,18,54595651,"[-1, -1, 2, 2, 1, -2, 1, 2, 1, 1, -2, -1, -2, 1, 1, 2, 1, -2, -2, -1, -2, -1, -2, -1, 2, -1, 2, 1, 1]"
678,dfs_bnb_mpi,231.589,-17,18,55377776,"[-1, -2, 1, 1, -2, 1, -2, -1, -2, -1, -2, -1, 2, 2, 1, 2, -1, -1, 2, -1, -2, -2, 1, -2, -1, -1, -2, 1, 1]"
679,dfs_bnb_mpi,150.41,-17,18,33727699,"[-1, -1, 2, 1, 1, 1, -2, 1, -2, 1, -2, -1, -2, -1, -1, -1, 2, 1, 1, 2, -1, -1, -1, -1, -2, 1, -2, -1, -1]"
680,dfs_bnb_mpi,1634.91,-16,17,401193992,"[-1, -1, 2, 2, -1, -2, -1, -1, 2, 1, 2, 1, 2, 1, -2, 1, -2, -2, 1, 1, 1, 2, -1, -1, 2, 1, 2, -1, -1]"
681,dfs_bnb_mpi,68.2433,-18,19,17880606,"[-1, -1, 2, 1, 1, 1, -2, -2, -1, -2, -1, 2, -1, -1, -2, 1, -2, 1, 1, 1, 2, 1, -2, 1, 2, 2, 2, -1, -2]"
682,dfs_bnb_mpi,191.614,-18,19,48491346,"[-1, -2, -1, -1, -2, 1, -2, 1, 2, 1, 2, 1, -2, 1, -2, -1, -1, -2, 1, -2, 1, 2, 1, 2, 2, 2, -1, 2, -1]"
683,dfs_bnb_mpi,536.207,-17,17,135390664,"[-1, -1, 2, -1, 2, 1, 2, 1, -2, -2, 1, 2, 1, -2, -2, -2, -1, -2, 1, -2, -1, -1, 2, 2, -1, -2, -1, 2, 2]"
684,dfs_bnb_mpi,86.9579,-17,17,19810280,"[-1, -2, 1, 1, -2, 1, 1, -2, -1, -1, -1, 2, -1, -1, -2, 1, -2, 1, 1, 1, 1, -2, -1, -1, -1, -1, -1, 2, -1]"
685,dfs_bnb_mpi,64.1768,-17,18,14890366,"[-1, -1, 2, -1, -2, -1, -2, -1, 2, -1, -2, -2, 1, 1, 1, 2, 1, 1, 1, -2, -1, -1, -2, -1, -2, -1, 2, -1, -1]"
686,dfs_bnb_mpi,4835.93,-17,18,1206913200,"[-1, -2, 1, 1, -2, 1, 1, -2, -1, -2, -2, -1, -1, 2, -1, -2, -1, 2, -1, 2, 2, 1, -2, 1, 2, 1, -2, 1, -2]"
687,dfs_bnb_mpi,606.939,-16,17,139633406,"[-1, -1, 2, -1, -1, 2, 1, 2, 2, 2, 1, -2, -2, -2, 1, -2, 1, 1, 2, -1, 2, -1, 2, 2, 1, -2, 1, -2, 1]"
688,dfs_bnb_mpi,681.46,-17,18,171872717,"[-1, -1, 2, 2, -1, -2, -1, -2, 1, -2, -2, -2, 1, 2, 2, 1, -2, -2, 1, 2, 2, 1, 2, 2, 2, -1, -1, -2, 1]"
689,dfs_bnb_mpi,11.7258,-17,17,3151782,"[-1, -1, 2, 2, 2, 1, 2, 1, -2, -2, -1, -2, 1, 1, 2, 2, 2, 1, -2, 1, -2, -1, -2, -2, -1, -2, -1, -1, -1]"
690,dfs_bnb_mpi,5041.88,-17,18,1129427755,"[-1, -2, 1, 1, 2, 1, 1, -2, -2, 1, -2, -1, -1, -2, -1, -2, -1, 2, -1, -1, 2, 1, 2, 1, -2, 1, 2, 1, 2]"
691,dfs_bnb_mpi,52.7715,-17,18,13105056,"[-1, -2, 1, 1, 2, 2, 2, 1, -2, 1, -2, -1, -2, -2, -1, -1, -1, -2, -2, 1, 2, 1, 1, 1, 1, 2, -1, 2, 1]"
692,dfs_bnb_mpi,354.776,-18,19,84893555,"[-1, -1, 2, 1, 2, 1, -2, 1, -2, -2, -1, -2, -2, -1, -2, -1, 2, -1, 2, 1, 1, 2, -1, -1, -1, 2, 2, 1, -2]"
693,dfs_bnb_mpi,43.8446,-17,18,11774059,"[-1, -1, 2, 1, 2, -1, -1, 2, -1, -1, -2, 1, -2, 1, -2, -1, -1, 2, -1, 2, 2, 2, 1, 1, 2, 1, -2, 1, -2]"
694,dfs_bnb_mpi,34.3355,-18,19,7842728,"[-1, -2, 1, 1, 1, -2, -1, -1, -2, 1, 1, 1, 2, 2, 2, -1, -1, 2, 1, 1, 1, 2, -1, 2, -1, -2, -1, -1, -2]"
695,dfs_bnb_mpi,494.126,-17,18,131045996,"[-1, -1, 2, 1, 1, 2, 1, -2, -2, 1, 2, 2, 1, 2, 2, -1, 2, -1, -2, -1, -1, -1, -2, -2, 1, 2, 1, 1, 1]"
696,dfs_bnb_mpi,155.362,-18,19,40106693,"[-1, -1, 2, 1, 1, 1, -2, 1, -2, -1, -2, -1, 2, -1, -2, -1, 2, -1, 2, 2, 2, 1, 2, 1, 1, 1, -2, -1, -1]"
697,dfs_bnb_mpi,218.211,-18,19,52697169,"[-1, -1, 2, 1, 1, 2, 1, 2, -1, 2, 2, -1, -2, -2, -2, -1, 2, 2, 2, -1, -2, -2, -1, -2, -2, -2, 1, 2, 2]"
698,dfs_bnb_mpi,2681.51,-16,17,652487388,"[-1, -1, 2, -1, 2, -1, -2, -1, -1, -2, 1, 1, 1, -2, 1, 1, 1, 1, -2, -1, -1, -1, -1, -1, -1, -1, 2, 1, 1]"
699,dfs_bnb_mpi,234.206,-16,17,54150437,"[-1, -1, 2, 1, 1, 1, 2, -1, 2, 1, 2, 2, -1, -2, -1, 2, -1, -2, -2, 1, -2, -1, -1, 2, -1, -2, -2, 1, -2]"
700,dfs_bnb_mpi,74.55,-18,17,18288196,"[-1, -2, 1, 1, 2, 1, -2, 1, -2, -1, -1, -1, -1, -1, -2, 1, -2, 1, 2, 1, 1, 1, 1, -2, -1, -2, -1, 2, -1]"
701,dfs_bnb_mpi,16.1915,-17,18,4072529,"[-1, -1, 2, 1, 2, 1, -2, 1, -2, 1, 2, 2, -1, 2, 1, 2, -1, 2, -1, -2, -2, -1, 2, 2, -1, -2, -2, -2, -1]"
702,dfs_bnb_mpi,1234.48,-16,17,295357356,"[-1, -1, 2, 2, -1, -2, -1, -1, 2, 1, 2, -1, -1, -2, -1, -1, -2, 1, 1, -2, -1, -2, 1, 1, 2, 1, 1, -2, -1]"
703,dfs_bnb_mpi,58.4808,-17,18,13285459,"[-1, -1, 2, 1, 1, 2, -1, 2, 1, 1, -2, 1, -2, -1, -2, 1, -2, -1, -1, -1, -2, 1, 1, 1, 1, 2, 2, 2, 2]"
704,dfs_bnb_mpi,84.4826,-18,19,20628273,"[-1, -1, 2, 2, 2, 1, 2, 2, 1, 1, -2, -1, -2, -2, -1, -2, 1, 1, -2, -2, 1, 1, 2, -1, 2, 2, 2, -1, -2]"
705,dfs_bnb_mpi,1279.2,-17,18,327012091,"[-1, -2, 1, 1, 2, 2, 1, 2, 2, 1, -2, -2, -2, -1, -2, -2, 1, 2, 1, -2, -2, -1, -1, -1, -1, -1, 2, 1, 1]"
706,dfs_bnb_mpi,250.541,-17,17,58337256,"[-1, -1, 2, -1, -1, -2, 1, -2, -1, -2, 1, -2, 1, 2, 2, 1, 1, -2, -1, -2, 1, -2, -2, -1, 2, -1, -1, -1, 2]"
707,dfs_bnb_mpi,365.296,-17,17,97396643,"[-1, -1, 2, 2, 1, -2, 1, 2, 2, -1, 2, 1, 1, -2, -2, -2, 1, -2, -1, -2, -1, -1, -2, -1, 2, -1, 2, 2, 2]"
708,dfs_bnb_mpi,4400.01,-17,18,1062316511,"[-1, -2, 1, 1, 2, 1, 2, 1, 2, 1, 1, -2, -2, -2, -1, -2, -1, -2, -1, -1, -1, 2, 1, 1, 2, 1, 2, 1, 2]"
709,dfs_bnb_mpi,607.148,-17,17,136456773,"[-1, -1, 2, -1, -2, -2, 1, 1, 1, -2, -1, -1, -2, 1, -2, -1, -1, 2, 2, -1, 2, 2, 2, -1, -2, -2, -2, -2, 1]"
710,dfs_bnb_mpi,1631.67,-18,18,422885542,"[-1, -1, 2, 2, 1, -2, 1, 2, 1, -2, 1, -2, -2, -2, -1, -2, -1, -2, -1, 2, -1, 2, 2, 1, -2, 1, 2, 1, 2]"
711,dfs_bnb_mpi,149.615,-17,18,33614491,"[-1, -1, -1, 2, 1, 2, 1, -2, 1, 1, -2, 1, -2, -1, -2, -1, 2, -1, -1, -1, -2, -2, 1, 2, 1, -2, 1, 1, 1]"
712,dfs_bnb_mpi,1459.19,-17,18,345172504,"[-1, -1, 2, 1, 2, 2, 1, 1, 1, 1, -2, -1, -2, 1, 1, -2, -2, -2, -1, 2, 2, -1, -2, -1, 2, 2, 2, -1, -2]"
713,dfs_bnb_mpi,176.457,-17,18,44232181,"[-1, -1, 2, 1, 2, 2, 1, -2, -2, 1, 1, -2, -1, -2, 1, 1, 2, 2, 2, -1, -1, 2, 2, -1, 2, 1, 1, -2, -2]"
714,dfs_bnb_mpi,2465.03,-15,15,541864223,"[-1, -1, 2, 1, 2, 2, -1, -2, -1, 2, -1, -2, -1, 2, -1, -2, -2, 1, 1, 1, -2, -1, -1, -2, 1, 1, 1, 1, 1]"
715,dfs_bnb_mpi,57.758,-17,18,13086283,"[-1, -1, 2, -1, -2, -2, -1, 2, 2, -1, 2, 2, 1, -2, 1, 2, 1, -2, 1, -2, 1, 2, 2, -1, 2, -1, -1, -1, 2]"
716,dfs_bnb_mpi,8.36974,-17,18,2042453,"[-1, -2, -1, -2, -1, 2, 2, 1, 2, -1, 2, 1, 1, -2, 1, 2, 1, -2, -2, -2, -1, -2, -1, -2, -1, -1, -1, 2, 2]"
717,dfs_bnb_mpi,207.993,-17,18,52669622,"[-1, -1, 2, 2, 1, -2, 1, 1, -2, -2, 1, 2, 2, 2, -1, -1, 2, -1, 2, -1, 2, -1, -2, -1, -2, -2, 1, 2, 1]"
718,dfs_bnb_mpi,4995.41,-16,17,1213303033,"[-1, -1, 2, 2, 2, 2, 1, -2, 1, 2, 2, 1, 1, 1, -2, -1, -1, -2, 1, -2, 1, -2, -1, -1, 2, -1, -1, -2, 1]"
719,dfs_bnb_mpi,2598.88,-16,17,617828822,"[-1, -1, 2, -1, 2, 1, 2, 2, -1, -2, -1, 2, -1, 2, 1, 1, 2, 1, -2, 1, -2, -2, 1, -2, -1, -2, 1, 1, 2]"
720,dfs_bnb_mpi,5875.5,-16,17,1320329003,"[-1, -1, 2, 2, 2, 2, -1, 2, 1, 1, 1, 1, -2, 1, -2, -1, -2, 1, -2, -2, -1, 2, -1, 2, 2, 2, -1, -2, -2]"
721,dfs_bnb_mpi,118.097,-17,18,31510522,"[-1, -1, 2, 1, 2, -1, 2, 2, 1, -2, 1, 1, -2, -1, -2, 1, -2, -2, -1, -1, -1, -2, -1, -1, 2, 1, 2, 2, 2]"
722,dfs_bnb_mpi,1973.28,-18,19,458548871,"[-1, -2, -1, -2, -1, 2, -1, 2, -1, 2, 2, 2, 2, 1, 1, 1, -2, -1, -1, -2, 1, 1, 1, -2, -1, -2, -1, 2, -1]"
723,dfs_bnb_mpi,1579.23,-17,18,353050129,"[-1, -1, 2, 2, 2, 1, 2, -1, 2, -1, 2, 1, 1, -2, 1, -2, 1, -2, -1, -2, 1, 1, -2, -2, -1, 2, -1, -1, 2]"
724,dfs_bnb_mpi,122.016,-17,18,30795280,"[-1, -2, 1, 1, 2, 2, 1, -2, -2, -2, -1, -1, -2, 1, 1, -2, -1, -1, -2, -1, 2, -1, -1, 2, 1, 1, 2, -1, 2]"
725,dfs_bnb_mpi,1850.87,-17,18,443540161,"[-1, -2, 1, 1, 2, 1, 2, -1, -1, 2, 2, 1, -2, 1, 2, 1, -2, -2, -2, -2, -1, -2, -2, -1, 2, -1, -1, -2, 1]"
726,dfs_bnb_mpi,339.679,-18,19,89636559,"[-1, -1, 2, 1, 2, 2, 1, -2, -2, 1, 2, 1, -2, -2, -2, -2, -1, -2, -1, 2, -1, -1, -1, 2, 1, 1, 1, 1, 2]"
727,dfs_bnb_mpi,34.4419,-17,18,8877016,"[-1, -1, 2, 1, 2, 1, -2, 1, -2, -2, -2, -1, 2, -1, -1, -1, 2, -1, 2, 1, 2, 1, 2, 1, 1, 2, 1, -2, -2]"
728,dfs_bnb_mpi,71.4199,-17,18,17492096,"[-1, -1, 2, 1, 2, 2, 1, -2, -2, 1, -2, -2, -2, -1, 2, -1, -2, -1, 2, -1, -1, 2, 1, 2, -1, 2, 1, 1, 2]"
729,dfs_bnb_mpi,516.266,-17,17,137945447,"[-1, -2, 1, 1, 2, 1, -2, 1, 1, -2, 1, -2, -1, -1, 2, -1, -2, -2, -1, -2, -1, 2, 2, 1, 2, -1, -1, -2, -1]"
730,dfs_bnb_mpi,2348.61,-17,18,560206543,"[-1, -1, 2, 2, -1, -2, -2, -1, -2, -1, 2, -1, 2, -1, 2, 1, 2, 1, 2, 1, 1, 1, -2, -1, -1, -2, -1, -2, 1]"
731,dfs_bnb_mpi,836.173,-17,18,205024745,"[-1, -1, 2, 1, 2, 1, -2, 1, 1, -2, -1, -2, 1, -2, -1, -2, -1, -2, -1, 2, 2, 1, 2, -1, -1, -1, -2, 1, -2]"
732,dfs_bnb_mpi,460.86,-17,18,115745355,"[-1, -1, -1, -1, -1, 2, 2, -1, 2, 1, 1, -2, 1, 2, 2, 1, -2, -2, 1, 2, 1, -2, 1, -2, -1, -1, -1, -1, -1]"
733,dfs_bnb_mpi,2324.64,-17,18,561812290,"[-1, -1, 2, 2, -1, 2, 2, 1, 1, 1, -2, -2, 1, 2, 2, 1, -2, 1, -2, -1, -2, -2, -1, 2, -1, -1, 2, 2, -1]"
734,dfs_bnb_mpi,450.258,-17,18,114430501,"[-1, -2, 1, 1, 1, 2, -1, 2, 1, 2, 2, -1, -2, -1, -1, 2, 1, 2, -1, 2, -1, -2, -1, -2, 1, -2, -2, 1, 1]"
735,dfs_bnb_mpi,522.949,-18,19,117473704,"[-1, -2, 1, 1, 1, -2, -1, -2, -2, -1, -2, -1, 2, -1, 2, 1, 1, 2, -1, -1, 2, 2, 2, 1, 1, 1, 1, -2, -1]"
736,dfs_bnb_mpi,242.295,-17,18,57183607,"[-1, -1, 2, 2, 1, -2, 1, 2, 1, -2, 1, 2, 1, 1, -2, -1, -2, -1, -1, -2, 1, -2, -1, -1, 2, -1, -1, -1, 2]"
737,dfs_bnb_mpi,250.431,-17,18,68509798,"[-1, -2, 1, 1, 2, 1, -2, 1, 2, 1, -2, -2, -1, -1, -1, -1, -1, -2, 1, -2, -2, 1, 2, 2, 1, 1, -2, -1, -2]"
738,dfs_bnb_mpi,218.038,-17,18,51837919,"[-1, -1, 2, 1, 1, 1, 2, 2, -1, -2, -1, -1, -1, 2, 2, 1, -2, 1, 2, 2, 1, -2, 1, 2, 1, -2, -2, -2, 1]"
739,dfs_bnb_mpi,375.46,-16,17,82898704,"[-1, -1, 2, 2, 2, 2, -1, 2, -1, -2, -1, -2, -1, -2, 1, 1, 2, 1, -2, -2, -2, -1, 2, -1, -1, -2, 1, -2, 1]"
740,dfs_bnb_mpi,190.822,-18,19,51182240,"[-1, -1, 2, 1, 2, 1, -2, 1, 1, -2, -1, -2, 1, -2, -1, -2, -1, -2, -1, 2, -1, 2, -1, 2, 1, 1, 1, -2, -1]"
741,dfs_bnb_mpi,1434.94,-16,17,347350207,"[-1, -1, 2, 2, -1, -2, -2, -2, -1, 2, -1, -2, -2, 1, -2, 1, 2, 1, 2, 1, 1, 1, 2, 2, 2, -1, -1, -2, 1]"
742,dfs_bnb_mpi,135.65,-17,18,36328719,"[-1, -1, 2, 2, 2, 2, 1, -2, -2, -2, 1, 1, 2, -1, 2, 2, 2, 2, 1, -2, 1, -2, 1, -2, -2, -1, 2, -1, 2]"
743,dfs_bnb_mpi,229.912,-17,18,58112957,"[-1, -1, 2, 2, 2, 1, -2, -2, 1, 2, 2, 1, -2, 1, -2, -1, -2, -2, -1, -1, -1, -1, -2, 1, 1, 1, -2, -1, -1]"
744,dfs_bnb_mpi,1480.73,-17,18,338118465,"[-1, -1, 2, 2, 2, -1, 2, 1, 2, 1, -2, -2, -2, -2, 1, 2, 1, -2, 1, 2, 2, -1, -1, 2, 2, 1, 1, -2, -1]"
745,dfs_bnb_mpi,1466.14,-15,16,337082489,"[-1, -2, -1, -2, 1, -2, 1, 2, 2, 1, 2, 2, 1, -2, 1, 2, 2, 2, 2, -1, -2, -2, -1, 2, -1, -2, -2, -1, 2]"
746,dfs_bnb_mpi,251.029,-17,17,56014906,"[-1, -1, 2, -1, 2, -1, 2, -1, -2, -1, -2, -2, -2, 1, 2, 2, 1, -2, 1, -2, 1, 1, -2, -2, -1, 2, -1, -1, 2]"
747,dfs_bnb_mpi,153.855,-17,18,41578241,"[-1, -1, 2, 2, 2, 1, -2, -2, 1, 2, 1, -2, -2, -2, -1, -1, -1, -1, 2, 2, 2, 2, 2, 1, 2, 1, -2, 1, -2]"
748,dfs_bnb_mpi,112.216,-17,18,27504474,"[-1, -1, 2, 2, 1, -2, 1, 1, -2, 1, 2, 1, 1, -2, -1, -2, 1, -2, -1, -1, 2, -1, -2, -2, -1, 2, 2, -1, -1]"
749,dfs_bnb_mpi,18.2724,-17,18,4645373,"[-1, -1, -1, 2, 2, 1, -2, 1, 2, 2, 2, -1, -2, -1, 2, -1, -2, -1, -2, 1, -2, -1, -2, 1, -2, 1, 1, 1, 1]"
750,dfs_bnb_mpi,32.0652,-17,18,7855494,"[-1, -1, 2, 2, 2, 1, 2, 2, 1, -2, -2, -2, -1, -2, 1, 1, -2, 1, 1, 2, -1, 2, -1, 2, 2, 1, -2, 1, 2]"
751,dfs_bnb_mpi,140.109,-17,18,31258861,"[-1, -1, 2, 1, 2, 2, 2, 2, 2, 1, 2, 1, -2, 1, -2, -1, -1, -2, -2, -2, -2, 1, 2, 1, 2, -1, 2, 1, 1]"
752,dfs_bnb_mpi,141.547,-17,17,37774736,"[-1, -1, 2, 2, 2, -1, -2, -2, -1, -2, 1, -2, 1, 1, 1, 1, 1, 2, -1, 2, 2, 2, -1, -2, -2, -1, 2, 2, 2]"
753,dfs_bnb_mpi,2183.88,-17,18,565801234,"[-1, -1, 2, 2, -1, 2, -1, -1, -2, 1, -2, 1, -2, -1, -2, 1, 1, -2, -1, -1, -2, -1, 2, 2, 2, 2, -1, -2, -2]"
754,dfs_bnb_mpi,183.776,-17,18,46858185,"[-1, -1, 2, -1, -1, -2, 1, -2, 1, -2, 1, 2, 1, -2, 1, -2, -2, -2, -1, 2, 2, -1, -2, -1, 2, -1, 2, -1, 2]"
755,dfs_bnb_mpi,60.7577,-17,18,15266197,"[-1, -1, 2, 2, 1, -2, 1, 1, 2, -1, 2, -1, -1, -1, 2, 1, 1, 2, 1, -2, 1, -2, 1, -2, 1, -2, -1, -2, -1]"
756,dfs_bnb_mpi,34.3478,-18,19,7577050,"[-1, -2, -1, -2, 1, 1, 2, 1, 2, 1, -2, -2, -1, -2, -1, -1, -2, 1, 1, -2, -1, -2, -1, 2, -1, 2, -1, 2, 1]"
757,dfs_bnb_mpi,94.2191,-18,19,24030309,"[-1, -1, 2, 1, 1, 2, -1, -1, -1, 2, 2, 1, -2, 1, 2, 1, -2, 1, 2, 1, -2, 1, -2, -1, -1, -2, 1, -2, -1]"
758,dfs_bnb_mpi,508.853,-18,19,111730808,"[-1, -2, -1, 2, -1, 2, 2, -1, 2, 1, 2, 2, 1, -2, 1, -2, -1, -2, -2, 1, 2, 1, -2, 1, 2, 2, 2, -1, -2]"
759,dfs_bnb_mpi,1472.39,-17,18,356276166,"[-1, -1, 2, 2, -1, 2, 1, 1, -2, -2, 1, 2, 2, 1, 1, 1, 1, -2, 1, -2, -1, -1, 2, -1, -2, -2, -1, 2, 2]"
760,dfs_bnb_mpi,382.365,-16,16,92980552,"[-1, -1, 2, 1, 1, 2, -1, 2, -1, -2, -1, 2, 2, -1, -2, -2, -1, -2, 1, 1, -2, -1, -1, -2, 1, 1, 1, -2, -1]"
761,dfs_bnb_mpi,1062.35,-17,18,262597153,"[-1, -1, 2, 1, 1, 1, 1, 2, 1, -2, 1, -2, -1, -2, 1, -2, -1, -1, -1, -1, -1, -1, 2, 1, 1, 1, 2, 1, -2]"
762,dfs_bnb_mpi,94.0166,-15,15,24723588,"[-1, -1, 2, 2, 2, 2, 1, 2, 1, -2, -2, -1, -2, -2, 1, 2, 1, 2, 2, 1, -2, -2, -2, -1, -2, 1, 1, 2, 2]"
763,dfs_bnb_mpi,108.397,-17,18,25457492,"[-1, -1, 2, 2, 1, -2, 1, 2, 1, 1, 2, 1, -2, -2, -1, -1, -2, 1, 1, -2, -2, -1, 2, -1, -1, -1, -2, -1, 2]"
764,dfs_bnb_mpi,815.184,-17,18,189630632,"[-1, -1, 2, -1, -2, -1, -1, 2, 1, 2, -1, -1, -2, -2, -2, 1, 1, 1, 1, 1, -2, -2, -1, 2, -1, -2, -1, 2, -1]"
765,dfs_bnb_mpi,1259.47,-17,18,312259061,"[-1, -1, 2, 2, 1, -2, 1, 1, -2, 1, -2, -1, -2, -1, 2, -1, -1, -1, -2, -2, 1, 2, 1, -2, 1, 1, -2, -1, -1]"
766,dfs_bnb_mpi,314.306,-17,18,85125609,"[-1, -2, 1, 1, 2, 2, -1, 2, 1, 1, -2, 1, -2, -1, -2, 1, -2, -1, -2, 1, -2, -1, -1, 2, 2, -1, -1, -2, 1]"
767,dfs_bnb_mpi,54.9672,-18,19,12937707,"[-1, -1, 2, 1, 1, 1, 2, -1, -1, 2, -1, -2, -1, -2, -2, -2, 1, 1, 1, 1, 2, 1, -2, -2, -1, -2, -1, 2, -1]"
768,dfs_bnb_mpi,34.5114,-17,17,7989123,"[-1, -1, 2, 2, 2, 1, 1, -2, -1, -2, 1, 1, -2, -2, -2, -1, 2, -1, -2, -1, 2, -1, 2, 2, -1, 2, 2, 1, -2]"
769,dfs_bnb_mpi,1363.1,-17,18,300411556,"[-1, -1, 2, 2, 2, 2, 1, -2, -2, -2, 1, 2, 2, 2, 1, 2, 1, -2, -2, -1, -2, 1, -2, -1, -2, 1, 1, 2, 2]"
770,dfs_bnb_mpi,3247.57,-17,18,721361295,"[-1, -1, 2, -1, 2, 1, 2, 2, 2, 1, 2, 1, 1, -2, -2, 1, -2, -1, -2, -2, -1, -1, 2, 1, 2, -1, 2, 1, 2]"
771,dfs_bnb_mpi,98.038,-18,19,22581327,"[-1, -2, -2, -2, -1, 2, 2, 2, 2, 1, 2, -1, -1, -1, -2, 1, -2, -2, -1, 2, -1, -2, -2, 1, 1, -2, -2, -1, 2]"
772,dfs_bnb_mpi,961.497,-18,19,228046660,"[-1, -1, 2, -1, 2, 1, 1, -2, 1, 2, 1, -2, 1, 2, 1, -2, -2, -2, -2, -1, 2, 2, -1, -2, -1, -1, -2, 1, 1]"
773,dfs_bnb_mpi,22.8588,-18,19,5853282,"[-1, -1, -1, 2, 1, 1, 1, 1, -2, -2, -1, -2, -1, 2, -1, -1, -2, 1, -2, 1, 1, 1, 2, 1, 1, 2, 2, -1, -2]"
774,dfs_bnb_mpi,2466.4,-16,17,622638668,"[-1, -1, 2, 2, 2, 1, 2, 1, 1, 2, -1, 2, 1, 2, 1, -2, 1, -2, -1, -2, -2, -1, -2, -2, -1, -1, 2, 1, 2]"
775,dfs_bnb_mpi,504.976,-17,18,113264890,"[-1, -1, 2, 2, 2, 2, -1, 2, 1, 2, 2, 1, -2, -2, 1, 2, 1, -2, -2, -1, -1, -2, 1, 1, -2, -1, -2, -1, 2]"
776,dfs_bnb_mpi,202.611,-18,19,49276880,"[-1, -1, -1, -1, 2, 1, 2, 1, -2, 1, 1, 1, 1, -2, -1, -2, -1, -2, 1, -2, -1, -1, -1, 2, -1, 2, 1, 1, -2]"
777,dfs_bnb_mpi,845.84,-17,18,212316832,"[-1, -2, 1, 1, 2, 2, 2, 2, 1, -2, -2, -2, -2, -2, 1, 2, 2, 1, 2, -1, 2, 2, 2, -1, -1, -1, -2, -2, -2]"
778,dfs_bnb_mpi,302.194,-17,18,71692574,"[-1, -1, -1, 2, 1, 1, 1, 1, 2, 2, 2, 2, 2, -1, -2, -2, -2, -2, -1, 2, -1, -2, -1, 2, 2, 1, 2, 1, -2]"
779,dfs_bnb_mpi,117.512,-18,19,30840204,"[-1, -2, 1, 1, 2, 2, 2, 2, 1, -2, -2, 1, 1, -2, -1, -1, -2, -2, 1, 2, 1, 1, 2, 2, 2, -1, 2, -1, -2]"
780,dfs_bnb_mpi,3982.3,-18,19,881974988,"[-1, -2, -1, -2, 1, -2, 1, -2, 1, 1, 1, 2, 2, 1, 2, -1, 2, 2, -1, -2, -1, -2, 1, -2, -2, -1, 2, -1, 2]"
781,dfs_bnb_mpi,3968.61,-16,17,910913701,"[-1, -2, 1, 1, 2, 2, 2, 1, 1, 1, -2, -1, -2, 1, 1, -2, -1, -1, -2, 1, -2, -1, -1, -1, 2, 1, 2, 2, 2]"
782,dfs_bnb_mpi,120.039,-17,18,29435446,"[-1, -2, 1, 1, 2, 2, 2, 1, -2, 1, -2, -1, -2, 1, -2, -1, -2, 1, -2, -1, -1, -1, 2, 1, 2, -1, -1, -1, 2]"
783,dfs_bnb_mpi,82.9383,-18,19,22720710,"[-1, -1, 2, 2, -1, -1, -2, 1, -2, -1, -2, 1, 1, -2, 1, 2, 1, 1, 2, 1, 2, -1, 2, 2, -1, -2, -1, -2, 1]"
784,dfs_bnb_mpi,687.683,-17,18,166585633,"[-1, -1, 2, 1, 1, 2, 1, -2, -2, -2, -1, -1, -1, -2, -2, 1, 2, 1, -2, 1, 2, 1, 1, 2, -1, 2, 2, 1, -2]"
785,dfs_bnb_mpi,210.312,-17,18,50720409,"[-1, -1, 2, 2, 1, -2, 1, 2, 2, 2, 2, 1, 1, -2, -1, -2, 1, 1, -2, -1, -1, -2, -2, -2, 1, 2, 1, 2, -1]"
786,dfs_bnb_mpi,158.3,-18,19,40262565,"[-1, -1, 2, 1, 1, 1, -2, 1, -2, -1, -1, -2, -1, 2, -1, -1, 2, -1, 2, 1, 2, 1, 1, 2, 1, -2, 1, 1, -2]"
787,dfs_bnb_mpi,261.394,-18,19,67994750,"[-1, -1, 2, 1, 2, 2, 1, 1, 1, 1, -2, -1, -1, -1, -2, 1, 1, 1, 1, -2, -1, -2, -2, -1, 2, 2, -1, -2, -1]"
788,dfs_bnb_mpi,1368.67,-17,18,296891462,"[-1, -1, -1, 2, -1, 2, -1, 2, 1, 2, -1, 2, 2, 1, -2, 1, -2, 1, 1, -2, -1, -1, -2, 1, -2, 1, 2, 1, -2]"
789,dfs_bnb_mpi,293.878,-18,19,73808878,"[-1, -1, 2, 1, 2, 2, -1, -2, -1, -2, -2, -1, -2, 1, -2, 1, 2, 1, -2, 1, 2, 1, 2, 2, 2, 2, -1, -2, -2]"
790,dfs_bnb_mpi,384.984,-17,18,94668876,"[-1, -2, -1, 2, -1, -1, -2, 1, -2, 1, 1, -2, -1, -2, 1, 1, 2, 1, 2, -1, 2, 1, 2, 2, -1, -1, 2, -1, -2]"
791,dfs_bnb_mpi,351.758,-17,18,83922676,"[-1, -2, 1, 1, 2, 1, -2, 1, 2, 1, 1, 2, -1, -1, -1, 2, 1, 1, 1, 2, -1, -1, -1, -1, -2, -2, -1, 2, 2]"
792,dfs_bnb_mpi,2053.84,-18,18,462218259,"[-1, -1, 2, 2, 2, 1, 2, 1, 2, 1, -2, 1, -2, 1, -2, -2, -2, -1, -1, 2, 1, 2, -1, 2, -1, -2, -1, -2, 1]"
793,dfs_bnb_mpi,4153.95,-17,18,949879818,"[-1, -1, 2, 1, 1, 2, 1, 1, 1, -2, 1, -2, -2, -2, -1, -1, -2, -1, 2, -1, 2, 1, 2, 2, 1, -2, 1, -2, -1]"
794,dfs_bnb_mpi,468.535,-17,18,103620308,"[-1, -2, -1, 2, 2, 1, 2, -1, 2, 2, 2, -1, -2, -1, -1, -2, 1, 1, -2, -2, -1, 2, -1, -2, -2, 1, 1, -2, -1]"
795,dfs_bnb_mpi,1537.71,-17,18,353453250,"[-1, -1, 2, 2, 2, 1, -2, -2, 1, 2, 1, -2, 1, -2, -1, -2, 1, -2, -1, -2, -1, -1, -1, 2, 2, 1, 1, -2, -1]"
796,dfs_bnb_mpi,1225.55,-18,19,288118357,"[-1, -2, 1, 1, -2, -1, -1, -1, -1, -2, -1, -2, 1, 1, -2, -1, -2, 1, 1, 2, 2, 1, -2, 1, 2, 2, -1, -1, -1]"
797,dfs_bnb_mpi,198.871,-17,18,50878461,"[-1, -1, 2, 2, 1, -2, 1, 1, -2, -2, -1, -1, -2, 1, 1, -2, 1, 2, 2, 1, 2, -1, 2, 1, 2, -1, -1, -1, 2]"
798,dfs_bnb_mpi,274.998,-17,18,72007016,"[-1, -1, 2, 1, 2, 2, 1, -2, -2, 1, -2, 1, -2, -1, -1, -1, -2, 1, 1, 1, -2, -1, -2, -1, 2, -1, -1, 2, 2]"
799,dfs_bnb_mpi,256.004,-17,18,65271137,"[-1, -1, 2, 1, 2, 1, -2, 1, -2, -2, -1, -2, -1, 2, -1, -2, -1, 2, -1, 2, 1, 2, -1, 2, 2, 1, -2, 1, 2]"
800,dfs_bnb_mpi,89.9141,-18,19,22160789,"[-1, -2, -2, 1, -2, 1, 2, 1, -2, -2, -1, -1, -1, 2, -1, 2, -1, 2, 1, 2, 2, 1, 1, 1, -2, 1, -2, -1, -1]"
801,dfs_bnb_mpi,354.247,-17,18,92542822,"[-1, -1, 2, -1, 2, 1, 2, -1, 2, -1, -2, -2, -1, -2, 1, -2, 1, -2, 1, -2, 1, 2, 1, 1, 2, 2, -1, -1, 2]"
802,dfs_bnb_mpi,1208.17,-15,16,267590750,"[-1, -1, 2, 2, -1, 2, -1, -1, -1, -2, -1, -2, 1, 1, 2, 1, -2, 1, -2, -1, -1, -1, -2, 1, 1, 1, 1, 1, 1]"
803,dfs_bnb_mpi,110.625,-17,18,27954861,"[-1, -1, 2, 2, -1, -1, -2, 1, -2, -2, 1, 1, 1, 1, 2, 2, 2, -1, -2, -1, 2, 2, 2, -1, -2, -1, 2, -1, -2]"
804,dfs_bnb_mpi,901.882,-17,18,220283060,"[-1, -2, 1, 1, 2, 2, -1, 2, 1, 2, 1, 1, 1, -2, -1, -1, -2, -2, -2, 1, 1, 1, 2, -1, -1, 2, 1, 1, 2]"
805,dfs_bnb_mpi,1525.58,-17,18,340494925,"[-1, -1, 2, 2, -1, 2, 1, 2, 2, 1, 1, 1, 2, 1, -2, -2, -2, -2, -1, 2, 2, -1, -1, -2, 1, -2, -2, -1, 2]"
806,dfs_bnb_mpi,578.207,-17,18,133877882,"[-1, -1, 2, 2, 2, -1, -1, -1, -1, -2, 1, 1, 1, -2, -1, -1, -1, -2, 1, 1, 1, -2, -1, -1, -2, 1, 1, 1, 2]"
807,dfs_bnb_mpi,188.75,-16,17,44077511,"[-1, -1, -1, 2, -1, -1, -2, 1, -2, 1, -2, 1, 2, 1, -2, -2, 1, 2, 2, 1, -2, 1, 2, 2, -1, 2, -1, -1, -1]"
808,dfs_bnb_mpi,137.928,-18,19,30854252,"[-1, -1, 2, 1, 2, 2, 2, 1, 2, 1, -2, 1, -2, -1, -1, -2, -2, 1, 2, 1, -2, -2, -1, -2, -2, -1, -1, 2, 1]"
809,dfs_bnb_mpi,1461.02,-17,18,341780577,"[-1, -1, -1, 2, 1, 2, -1, 2, 1, 1, 2, -1, 2, 1, 1, 1, 1, -2, -2, -1, 2, -1, -2, -2, 1, -2, -1, -1, 2]"
810,dfs_bnb_mpi,229.71,-18,19,56665907,"[-1, -2, -1, -2, 1, 1, 1, -2, -2, 1, 2, 2, 2, 1, -2, -2, -2, 1, 2, 2, 2, 2, -1, -1, 2, -1, -2, -2, -1]"
811,dfs_bnb_mpi,3896.46,-17,18,942330848,"[-1, -2, 1, 1, 2, 2, 1, 2, 2, 2, -1, 2, -1, 2, -1, -2, -1, -2, -2, 1, -2, -2, 1, 2, 1, 2, -1, 2, -1]"
812,dfs_bnb_mpi,34.3313,-17,18,7749030,"[-1, -2, -1, 2, -1, 2, 2, 2, 2, 1, 1, -2, -1, -2, -2, 1, 2, 1, -2, 1, -2, 1, 2, 2, -1, 2, -1, 2, 2]"
813,dfs_bnb_mpi,620.092,-17,18,137047274,"[-1, -1, 2, -1, 2, 2, -1, 2, 2, 1, -2, 1, 1, 1, 1, -2, -1, -1, -1, -2, 1, -2, 1, 2, 1, 1, -2, -1, -2]"
814,dfs_bnb_mpi,157.6,-17,18,38647443,"[-1, -2, 1, 1, -2, -1, -1, -2, -2, 1, 2, 1, -2, -2, 1, 2, 1, -2, 1, 2, 2, 2, 2, -1, -2, -2, -1, 2, 2]"
815,dfs_bnb_mpi,799.449,-16,17,191971067,"[-1, -1, 2, 1, 2, 2, 1, -2, -2, 1, 2, 1, -2, -2, -1, -2, 1, 1, -2, -1, -1, -1, -1, -1, -1, 2, 1, 1, 1]"
816,dfs_bnb_mpi,595.184,-17,18,156480893,"[-1, -1, 2, 2, -1, -2, -1, 2, 2, 1, 2, 1, 2, 1, -2, 1, -2, -2, 1, 2, 1, -2, -2, -1, -1, -1, 2, 2, -1]"
817,dfs_bnb_mpi,2570.4,-16,17,700364600,"[-1, -1, 2, 2, 2, 2, 2, -1, -1, -2, 1, -2, -2, -2, -1, -2, 1, -2, -1, -1, 2, -1, 2, 1, 2, 1, 2, -1, 2]"
818,dfs_bnb_mpi,111.293,-17,18,26621874,"[-1, -1, 2, 2, 2, 1, 1, -2, -1, -2, 1, 1, 2, 2, 1, -2, -2, -2, -1, -2, -1, -2, 1, 1, 2, 1, 2, 2, 2]"
819,dfs_bnb_mpi,61.3956,-17,18,16645580,"[-1, -1, 2, 2, 1, -2, 1, 2, 2, 1, 2, -1, -1, -2, -1, 2, -1, -2, -2, -2, -2, -2, 1, 1, 1, 1, 2, 2, 2]"
820,dfs_bnb_mpi,642.91,-18,18,159134964,"[-1, -2, 1, 1, -2, -1, -1, -2, -1, 2, -1, -2, -2, -2, 1, 2, 1, -2, 1, 2, 2, 1, -2, 1, 2, 2, 2, 2, -1]"
821,dfs_bnb_mpi,3007.78,-15,16,731323765,"[-1, -1, 2, 2, 1, -2, 1, 1, 2, -1, 2, -1, 2, 2, -1, -2, -1, 2, -1, -1, -1, -2, 1, 1, -2, -2, 1, 2, 1]"
822,dfs_bnb_mpi,557.919,-17,17,124941113,"[-1, -1, 2, 2, 1, -2, 1, 1, -2, 1, -2, 1, -2, -1, -2, -2, -1, 2, 2, 2, -1, -2, -2, -1, 2, 2, -1, -1, 2]"
823,dfs_bnb_mpi,1355.62,-17,18,336723271,"[-1, -1, 2, 2, 2, 2, 1, 1, 2, 1, 1, -2, -1, -2, 1, -2, 1, -2, -1, -2, -1, 2, 2, -1, -2, -1, 2, 2, 1]"
824,dfs_bnb_mpi,90.4007,-17,18,19478548,"[-1, -1, 2, 2, 2, -1, -2, -2, -1, 2, 2, -1, -2, -2, -2, -2, 1, 2, 1, -2, 1, 1, -2, -1, -2, -1, -1, 2, 1]"
825,dfs_bnb_mpi,919.755,-17,18,191699584,"[-1, -1, 2, 2, -1, -2, -1, -1, -2, -2, -2, -2, 1, 1, -2, 1, 2, 1, 2, -1, -1, -1, 2, 2, 1, -2, 1, 1, 1]"
826,dfs_bnb_mpi,838.335,-17,18,174725007,"[-1, -2, 1, 1, 2, 2, 1, -2, 1, -2, -1, -2, 1, -2, -1, -2, -2, -1, 2, 2, 2, -1, -1, -2, 1, -2, -1, -2, 1]"
827,dfs_bnb_mpi,169.714,-17,18,42550618,"[-1, -2, 1, 1, 1, 2, -1, 2, -1, 2, 1, 1, -2, 1, -2, -2, -2, 1, -2, -1, -1, 2, -1, -2, -1, 2, -1, -2, -1]"
828,dfs_bnb_mpi,156.565,-17,18,35318095,"[-1, -1, 2, 2, -1, 2, -1, 2, 1, 2, 1, 1, -2, -1, -2, 1, -2, -2, 1, 2, 2, 2, 2, 1, -2, 1, -2, -1, -2]"
829,dfs_bnb_mpi,178.329,-16,17,38143915,"[-1, -2, 1, 1, 2, 1, 1, 2, -1, -1, -1, -1, 2, 2, 1, -2, 1, 1, 1, 2, 2, -1, -2, -1, 2, -1, 2, 2, 2]"
830,dfs_bnb_mpi,567.442,-17,18,126878420,"[-1, -2, -2, 1, 2, 1, 2, 1, -2, -2, -1, -2, 1, -2, 1, 2, 2, 1, 1, 2, -1, -1, 2, 1, 2, -1, -1, -1, 2]"
831,dfs_bnb_mpi,646.286,-16,17,132595249,"[-1, -1, 2, 2, 2, 1, -2, -2, 1, 2, 1, -2, 1, -2, -1, -2, -1, -1, -1, -1, 2, 2, 2, 2, -1, -2, -2, -2, -1]"
832,dfs_bnb_mpi,125.829,-17,18,31439098,"[-1, -2, 1, 1, 1, 2, -1, 2, 1, 2, 1, -2, -2, -2, -2, -1, -1, -1, -1, -1, -2, 1, 1, -2, 1, 2, 1, -2, 1]"
833,dfs_bnb_mpi,47.4353,-15,15,11694332,"[-1, -1, 2, 2, 2, 1, 2, 1, -2, -2, -1, -2, 1, 1, 2, 2, 1, -2, -2, 1, -2, -1, -1, -2, -1, -1, -1, -1, 2]"
834,dfs_bnb_mpi,575.689,-16,17,127769443,"[-1, -1, 2, 2, -1, 2, 2, -1, -2, -1, 2, -1, -2, -1, -2, 1, -2, 1, 2, 1, -2, 1, -2, -2, -1, 2, -1, -2, -1]"
835,dfs_bnb_mpi,5617.84,-17,18,1222609272,"[-1, -2, 1, -2, 1, 1, 1, 1, 1, 2, -1, 2, 2, -1, 2, 2, -1, -1, -2, 1, -2, -2, 1, -2, -1, -1, 2, 2, -1]"
836,dfs_bnb_mpi,2646.43,-16,17,613915644,"[-1, -1, 2, 2, -1, -1, -2, 1, -2, -2, 1, 1, -2, -1, -1, -1, -2, -1, 2, 2, -1, 2, 2, 2, 1, -2, -2, 1, -2]"
837,dfs_bnb_mpi,58.5905,-18,19,14519307,"[-1, -1, 2, 1, 1, 2, 1, 1, -2, -1, -2, 1, -2, -1, -1, -1, -2, 1, 1, 1, 1, 2, 1, 2, -1, 2, 2, 1, -2]"
838,dfs_bnb_mpi,82.9656,-17,18,20348744,"[-1, -1, 2, 2, 1, -2, 1, 1, 2, -1, 2, -1, -1, -1, 2, 1, 2, 1, -2, 1, 1, -2, 1, 2, 2, -1, 2, -1, -2]"
839,dfs_bnb_mpi,338.391,-16,17,80431621,"[-1, -2, -1, 2, 2, 2, 2, -1, -2, -2, -2, -1, -1, 2, 1, 2, -1, 2, 1, 2, 1, 1, 1, -2, -2, -2, 1, 2, 2]"
840,dfs_bnb_mpi,344.265,-17,18,83682164,"[-1, -2, 1, 1, -2, -1, -2, -1, 2, -1, -1, -2, 1, -2, 1, -2, -1, -1, 2, -1, 2, 2, 2, 2, 1, -2, 1, 2, 2]"
841,dfs_bnb_mpi,1180.19,-17,18,308385751,"[-1, -1, 2, -1, -1, -1, -1, -1, -2, 1, 1, 1, -2, -1, -1, -2, 1, 1, 1, -2, 1, 2, 1, 1, 2, -1, -1, -1, 2]"
842,dfs_bnb_mpi,30.5254,-17,18,8318394,"[-1, -1, 2, 2, 2, 1, 1, 1, -2, -1, -1, -2, 1, 1, 1, 2, 1, -2, -2, -1, -1, -2, -1, -2, -1, 2, -1, -1, 2]"
843,dfs_bnb_mpi,234.423,-17,18,51800320,"[-1, -1, 2, 1, 1, 1, -2, 1, 2, 1, -2, -2, -1, -2, -2, -1, 2, 2, -1, -1, -2, 1, -2, -1, -1, -1, 2, 1, 2]"
844,dfs_bnb_mpi,4377.37,-16,17,1121133160,"[-1, -1, 2, 2, 2, -1, -2, -1, 2, 2, 1, 1, 2, 1, 1, 1, -2, -1, -2, 1, 1, -2, -1, -1, -2, -1, 2, 2, 2]"
845,dfs_bnb_mpi,324.316,-17,18,78397886,"[-1, -1, 2, -1, 2, 2, 1, -2, 1, -2, 1, 2, 2, -1, 2, 1, 1, 2, -1, -1, -1, -2, -1, -1, -1, -2, -2, 1, 2]"
846,dfs_bnb_mpi,277.534,-18,19,63720458,"[-1, -2, 1, 1, 2, 1, -2, -2, -2, -2, -1, 2, 2, -1, -2, -2, -1, 2, 2, -1, 2, -1, -2, -2, -2, -2, 1, 2, 2]"
847,dfs_bnb_mpi,17.67,-17,18,4760755,"[-1, -1, -1, -1, 2, 1, 1, 1, 2, -1, 2, -1, -2, -1, -1, 2, 1, 2, 1, 2, 1, -2, 1, -2, 1, -2, -2, 1, 2]"
848,dfs_bnb_mpi,714.455,-18,19,175122014,"[-1, -1, 2, 1, 2, 1, -2, 1, 2, 1, -2, 1, -2, -1, -1, -2, 1, 1, -2, -2, -1, 2, -1, -2, -1, 2, 2, -1, -1]"
849,dfs_bnb_mpi,264.425,-16,17,67935738,"[-1, -1, 2, 1, 2, 2, -1, -2, -1, -1, 2, 1, 2, 1, 2, -1, -1, -2, -1, -1, -2, 1, -2, -1, -2, 1, 1, 1, -2]"
850,dfs_bnb_mpi,848.469,-18,18,207557339,"[-1, -2, -2, -1, 2, 2, 2, 1, 2, 1, 2, 1, -2, 1, -2, 1, -2, -1, -2, 1, -2, -1, -1, -1, 2, 1, 2, 2, -1]"
851,dfs_bnb_mpi,3593.64,-15,16,834420296,"[-1, -1, 2, 2, 2, 2, 1, -2, 1, 1, -2, -1, -1, -2, 1, 1, -2, 1, -2, -2, -1, 2, -1, -1, -1, -2, 1, 1, -2]"
852,dfs_bnb_mpi,544.652,-17,18,128231784,"[-1, -1, 2, 1, 2, -1, 2, -1, -2, -2, -1, 2, -1, -2, -1, -2, -1, -2, 1, 1, 2, 1, -2, -2, 1, 1, 2, -1, 2]"
853,dfs_bnb_mpi,223.758,-17,18,53958217,"[-1, -1, -1, 2, 1, 1, 1, 1, 1, -2, -1, -2, -1, -1, -1, -1, -2, -2, 1, 2, 1, -2, 1, 2, 1, 1, 2, 1, 2]"
854,dfs_bnb_mpi,788.058,-17,18,184441776,"[-1, -1, 2, 1, 1, 1, -2, 1, -2, -1, -1, -1, -1, -1, -2, 1, 1, 1, 1, -2, -2, -2, -1, -1, 2, 1, 2, -1, -1]"
855,dfs_bnb_mpi,237.668,-17,18,54329062,"[-1, -1, 2, 2, 2, 2, 1, 1, 1, -2, -2, -1, 2, -1, -2, -2, 1, 1, -2, 1, 1, 1, 2, -1, -1, 2, 2, 1, -2]"
856,dfs_bnb_mpi,158.825,-18,19,36341260,"[-1, -1, 2, 1, 1, 1, -2, -2, -1, -1, -2, 1, -2, -1, -2, -1, 2, 2, 2, -1, 2, -1, -2, -1, -2, 1, -2, 1, 2]"
857,dfs_bnb_mpi,107.299,-17,18,23685976,"[-1, -1, -1, 2, -1, 2, 1, 2, 2, 2, 1, -2, -2, -2, -2, 1, 2, 1, 2, -1, 2, 2, 1, -2, 1, -2, -2, -2, -1]"
858,dfs_bnb_mpi,5105.3,-17,18,1104012738,"[-1, -2, 1, 1, 2, 1, 1, -2, 1, -2, -1, -2, -1, -1, -1, -2, 1, 1, -2, -1, -1, -1, 2, 2, 2, 1, 1, 1, 2]"
859,dfs_bnb_mpi,346.372,-17,17,84094011,"[-1, -2, 1, 1, 2, 2, -1, 2, 1, 2, 1, -2, -2, 1, 2, 1, -2, -2, -1, -1, -2, -2, -1, -1, -2, -1, 2, -1, 2]"
860,dfs_bnb_mpi,608.808,-17,18,155675271,"[-1, -1, 2, -1, 2, 2, -1, -1, -1, -2, -2, -2, 1, 2, 2, 1, -2, -2, -2, -1, -2, 1, -2, 1, 2, 1, 2, -1, 2]"
861,dfs_bnb_mpi,10.0992,-17,17,2512359,"[-1, -1, 2, 2, 2, 2, 1, -2, -2, -2, 1, 2, 2, 1, -2, -2, -2, -2, -1, -1, -1, -1, 2, 2, -1, 2, 1, 2, 2]"
862,dfs_bnb_mpi,448.497,-17,17,120865512,"[-1, -1, 2, 2, 2, 2, 1, -2, 1, 1, -2, -1, -1, -2, 1, 1, 1, -2, -1, -2, -1, -2, -1, 2, -1, -2, -1, 2, 2]"
863,dfs_bnb_mpi,2625.83,-16,17,644896845,"[-1, -2, 1, 1, 2, 2, 1, -2, 1, 2, 2, 1, -2, -2, 1, -2, -1, -1, -1, -2, -2, -1, -1, -1, -1, 2, 1, 1, 1]"
864,dfs_bnb_mpi,139.233,-18,19,34789565,"[-1, -2, -1, -1, -1, 2, 1, 1, 2, -1, 2, 1, 2, 1, -2, -2, 1, 2, 1, -2, -2, -2, -1, -2, -1, -1, -2, -1, 2]"
865,dfs_bnb_mpi,334.774,-17,18,93347164,"[-1, -1, 2, 2, 1, -2, 1, 1, 2, -1, 2, -1, 2, -1, -2, -1, 2, -1, 2, -1, -2, -2, 1, -2, 1, -2, -1, -2, 1]"
866,dfs_bnb_mpi,18.9052,-17,17,4822175,"[-1, -1, 2, -1, -2, -2, 1, 1, -2, -1, -1, -2, 1, 1, -2, 1, 2, 1, 2, -1, 2, 1, 1, 2, -1, 2, -1, -1, 2]"
867,dfs_bnb_mpi,2053.19,-17,18,544439772,"[-1, -1, 2, 2, 1, -2, 1, 2, 2, -1, 2, 1, 1, 1, 1, -2, -2, -2, -2, -1, -2, -1, 2, 2, 2, 2, 1, -2, -2]"
868,dfs_bnb_mpi,543.42,-16,17,121524651,"[-1, -1, 2, 2, 2, 1, 2, 2, 1, -2, 1, 2, 1, -2, -2, 1, -2, -1, -1, 2, -1, -2, -1, -2, 1, 1, 1, 1, 1]"
869,dfs_bnb_mpi,438.976,-18,19,112181937,"[-1, -1, 2, 1, 1, 2, -1, 2, 1, 2, 1, 1, 1, -2, -1, -1, -2, 1, 1, 1, -2, -1, -1, -1, -2, 1, -2, 1, 2]"
870,dfs_bnb_mpi,4730.72,-18,19,1126443354,"[-1, -2, -1, -1, -2, 1, 1, -2, -1, -1, -2, 1, 1, 1, 2, 1, 1, 1, 2, 2, 2, -1, -1, -2, 1, -2, -1, -1, 2]"
871,dfs_bnb_mpi,1844.46,-18,19,470552289,"[-1, -2, -2, -2, 1, 1, 1, 2, 2, 1, -2, 1, 1, 2, -1, 2, 2, -1, -2, -1, 2, 2, -1, -2, -2, -2, -1, -2, 1]"
872,dfs_bnb_mpi,410.532,-16,17,93422085,"[-1, -1, 2, -1, 2, -1, -2, -1, 2, -1, -2, -1, -2, 1, -2, -2, 1, 2, 2, 1, 1, -2, 1, 1, -2, -1, -1, -1, 2]"
873,dfs_bnb_mpi,2690.17,-16,17,604263407,"[-1, -1, 2, 2, 2, -1, 2, -1, -1, -2, -2, -1, -2, -2, -1, -2, 1, 1, 2, 2, 1, -2, -2, 1, 2, 2, 2, -1, 2]"
874,dfs_bnb_mpi,1205.31,-17,18,306259943,"[-1, -1, 2, 2, 1, -2, 1, 2, 1, 2, 1, -2, 1, -2, -1, -1, -2, 1, 1, -2, -1, -1, -2, -1, 2, -1, -1, -2, 1]"
875,dfs_bnb_mpi,67.4052,-18,19,16411675,"[-1, -2, 1, 1, 2, 2, 1, -2, -2, -2, -1, -1, -1, -2, 1, 1, -2, 1, 2, 1, 2, 2, 1, -2, 1, -2, -1, -2, -1]"
876,dfs_bnb_mpi,243.534,-16,16,53931224,"[-1, -1, 2, 1, 1, 2, 2, 1, 1, -2, -1, -2, 1, 1, -2, -2, -1, 2, -1, -2, -1, -1, -2, 1, 1, 1, -2, -1, -1]"
877,dfs_bnb_mpi,108.57,-16,17,29918382,"[-1, -1, 2, 2, 2, 1, 1, 1, 1, -2, -1, -1, -1, -2, 1, 1, -2, -2, -1, -1, -1, -1, -1, 2, 2, 2, 1, -2, -2]"
878,dfs_bnb_mpi,3789,-17,18,831661589,"[-1, -1, 2, 2, 2, 1, 2, 1, 1, 1, -2, 1, 1, -2, -1, -1, -2, 1, -2, -1, -1, 2, 2, 2, -1, -2, -1, -2, 1]"
879,dfs_bnb_mpi,531.491,-16,17,131153020,"[-1, -1, -1, -1, 2, 1, 1, 1, 2, -1, 2, 2, -1, -2, -2, -1, 2, -1, -2, -2, -1, -2, 1, -2, 1, -2, 1, 2, 1]"
880,dfs_bnb_mpi,2080.47,-17,18,462567858,"[-1, -2, -1, -2, 1, 1, 2, 1, 2, 2, 2, 1, -2, -2, -2, 1, -2, -2, -2, -1, 2, 2, -1, -2, -1, -1, -2, 1, 1]"
881,dfs_bnb_mpi,498.657,-17,18,122202589,"[-1, -2, -1, 2, 2, 2, 2, 1, 2, 1, 1, -2, -1, -2, -1, -2, 1, 1, 2, 1, -2, -2, -1, -2, 1, -2, -1, -1, 2]"
882,dfs_bnb_mpi,373.643,-18,19,95817713,"[-1, -2, 1, 1, -2, 1, 2, 2, -1, 2, 1, 2, 1, -2, -2, -2, 1, 2, 2, 2, 2, -1, 2, -1, -2, -1, -2, -1, -2]"
883,dfs_bnb_mpi,429.541,-16,17,103170866,"[-1, -1, 2, 2, 2, 2, -1, -2, -2, -2, -2, -1, 2, -1, -1, -1, 2, 1, 2, 1, 2, -1, 2, 1, 1, -2, -2, -2, -1]"
884,dfs_bnb_mpi,627.904,-17,18,156261877,"[-1, -1, 2, -1, -1, -1, -2, 1, 1, -2, -2, 1, 2, 1, -2, -2, -2, -2, -1, 2, 2, -1, -2, -1, 2, 2, -1, 2, 1]"
885,dfs_bnb_mpi,716.933,-17,18,191560736,"[-1, -1, 2, -1, -2, -2, -1, 2, 2, -1, -2, -2, -1, -2, 1, 1, -2, 1, -2, 1, 2, 1, 2, 1, 2, -1, -1, -2, -1]"
886,dfs_bnb_mpi,104.74,-17,18,26592887,"[-1, -1, 2, 2, 2, 2, 2, 1, -2, -2, -2, -2, 1, 2, 2, 2, 1, -2, -2, 1, 1, -2, -2, -1, 2, -1, -2, -2, -1]"
887,dfs_bnb_mpi,266.609,-17,18,66144725,"[-1, -2, 1, 1, 1, 2, -1, 2, 2, 1, -2, 1, 2, 2, -1, 2, -1, -2, -1, 2, -1, -2, -1, -2, 1, 1, -2, -1, -1]"
888,dfs_bnb_mpi,3583.56,-17,18,788968819,"[-1, -1, 2, 2, 1, -2, 1, 1, 2, 1, -2, 1, -2, -1, -2, 1, -2, -2, -1, 2, -1, -2, -1, 2, -1, 2, 1, 1, 2]"
889,dfs_bnb_mpi,493.149,-18,19,123118238,"[-1, -2, 1, 1, 2, 2, 1, -2, 1, -2, -1, -2, -1, -1, -2, 1, -2, -1, -2, 1, 1, 1, 1, 2, -1, -1, 2, 1, 2]"
890,dfs_bnb_mpi,394.044,-17,18,104898905,"[-1, -1, 2, 2, 1, -2, 1, 2, 2, -1, -1, -1, -2, -2, -1, -2, -1, -2, 1, -2, 1, 1, 1, 1, 2, -1, -1, -1, 2]"
891,dfs_bnb_mpi,407.29,-17,18,104006005,"[-1, -1, 2, 1, 2, -1, 2, -1, -2, -2, -2, -1, -2, 1, 1, 1, -2, -1, -1, -1, -1, 2, 2, 2, 1, 2, 2, -1, -2]"
892,dfs_bnb_mpi,1650.27,-16,17,439357211,"[-1, -1, 2, 2, 2, 2, 2, 1, -2, -2, -2, -2, 1, 2, 2, 2, 1, 1, 1, -2, -2, -1, 2, -1, -2, -2, 1, -2, -1]"
893,dfs_bnb_mpi,118.433,-18,19,32910009,"[-1, -2, -1, 2, -1, 2, 2, 2, 1, -2, -2, 1, 2, 1, -2, 1, -2, -2, -1, -2, -1, -2, -1, 2, -1, 2, -1, 2, 2]"
894,dfs_bnb_mpi,1806.86,-18,19,471017739,"[-1, -1, 2, 1, 2, 1, -2, 1, 2, 1, 1, 1, -2, -1, -2, -2, -1, -2, -1, -2, -1, 2, -1, 2, 1, 1, 2, 1, 2]"
895,dfs_bnb_mpi,152.721,-17,17,38409213,"[-1, -1, 2, 2, -1, -2, -2, -1, -2, -1, 2, 2, 1, 2, -1, 2, 1, 2, 1, -2, 1, 2, 1, -2, 1, -2, -2, -1, 2]"
896,dfs_bnb_mpi,2606.37,-16,17,607389204,"[-1, -1, 2, 1, 2, 1, -2, 1, 1, -2, -1, -2, 1, -2, 1, 1, -2, -1, -1, -1, 2, -1, -2, -1, 2, -1, 2, 1, 1]"
897,dfs_bnb_mpi,241.61,-17,18,62445590,"[-1, -2, -1, 2, 2, 1, 1, 1, 2, -1, 2, 1, 1, 1, -2, -1, -2, 1, 1, -2, -1, -2, -1, 2, -1, -2, -1, -2, 1]"
898,dfs_bnb_mpi,499.818,-17,17,122994823,"[-1, -1, 2, 1, 2, 2, 2, 1, -2, -2, -2, 1, 2, 1, -2, -2, -1, -2, -2, -1, 2, -1, -1, -1, -2, 1, 1, -2, 1]"
899,dfs_bnb_mpi,131.394,-17,18,29202229,"[-1, -1, 2, 2, 2, 2, 2, 2, 1, -2, 1, 1, -2, 1, -2, -1, -1, 2, -1, -2, -2, -2, 1, 2, 1, 1, -2, -1, -2]"
900,dfs_bnb_mpi,1398.63,-17,18,346144271,"[-1, -2, 1, 1, -2, -1, -2, 1, 1, 2, 2, 2, -1, 2, -1, 2, -1, -2, -1, -2, -1, -2, -2, -2, 1, 1, 2, -1, 2]"
901,dfs_bnb_mpi,1682.69,-17,18,421851135,"[-1, -1, 2, 2, -1, -2, -1, 2, 2, -1, -2, -2, -1, -2, -1, -2, 1, 1, 1, -2, 1, 1, 1, 2, -1, -1, 2, -1, -1]"
902,dfs_bnb_mpi,198.34,-17,18,48451495,"[-1, -2, -2, -1, 2, -1, 2, 1, 2, -1, -1, 2, 2, 1, -2, 1, 2, 1, -2, -2, 1, 2, 1, -2, -2, -2, -1, -2, 1]"
903,dfs_bnb_mpi,704.223,-17,18,170085834,"[-1, -2, 1, 1, 2, 2, -1, 2, 2, 1, -2, 1, -2, -2, 1, 2, 2, 1, 1, -2, -1, -2, 1, -2, -1, -2, -1, 2, -1]"
904,dfs_bnb_mpi,1384.39,-17,18,324787355,"[-1, -1, 2, 2, 1, -2, 1, 2, 2, -1, 2, 1, 2, 2, 1, -2, 1, 1, -2, -1, -1, -2, 1, -2, -2, -2, -1, 2, 2]"
905,dfs_bnb_mpi,80.2052,-17,18,19304750,"[-1, -1, 2, 2, 2, 1, -2, -2, 1, 2, 1, -2, -2, 1, -2, -1, -1, -1, -2, 1, 1, 1, 1, 2, 2, 2, -1, 2, 2]"
906,dfs_bnb_mpi,23.361,-18,19,5430780,"[-1, -1, 2, 1, 2, 2, 1, -2, -2, 1, 2, 1, -2, -2, -1, -2, -1, -1, -1, -2, 1, -2, 1, 2, 1, -2, 1, 2, 2]"
907,dfs_bnb_mpi,154.984,-17,18,34420588,"[-1, -1, 2, -1, -1, -2, 1, -2, 1, 1, 1, -2, -1, -1, -2, -1, 2, -1, 2, -1, -2, -2, 1, -2, 1, 1, 1, 2, 1]"
908,dfs_bnb_mpi,3697.45,-18,19,811211488,"[-1, -2, 1, -2, 1, 1, 1, 1, 2, 1, 2, 2, 1, 2, -1, -1, -1, -2, 1, -2, -1, -2, -1, -1, 2, 1, 2, -1, -1]"
909,dfs_bnb_mpi,561.208,-18,19,136070805,"[-1, -2, -2, -2, -2, 1, 2, 2, 2, 1, 2, 1, 1, 1, 1, -2, -1, -2, -2, -1, 2, 2, -1, -2, -1, -2, -2, 1, 2]"
910,dfs_bnb_mpi,30.1564,-16,17,7684856,"[-1, -1, 2, 2, 2, -1, -2, -2, -1, 2, -1, 2, 1, 2, 1, 2, 1, -2, 1, -2, -2, -2, 1, 2, 1, 2, -1, 2, 2]"
911,dfs_bnb_mpi,177.604,-18,19,44497128,"[-1, -2, -2, -2, 1, 2, 2, 1, 1, -2, -1, -2, 1, 1, 2, 2, 1, 2, -1, -1, -1, 2, -1, 2, 1, 1, -2, 1, 2]"
912,dfs_bnb_mpi,1070.19,-16,16,251315804,"[-1, -1, 2, 2, 2, 2, -1, -1, -2, 1, -2, -2, -1, 2, -1, -2, -2, 1, 1, -2, -1, -1, -2, 1, 1, 1, 1, 2, -1]"
913,dfs_bnb_mpi,2330.74,-17,18,525277384,"[-1, -2, 1, -2, -1, -1, -2, -1, 2, -1, -1, 2, 1, 1, 1, 2, 2, 1, 2, -1, -1, -2, -2, -1, 2, 2, -1, -2, -2]"
914,dfs_bnb_mpi,44.132,-17,18,11717222,"[-1, -1, 2, 1, 2, 1, -2, 1, 2, 1, -2, -2, -1, -2, 1, -2, 1, -2, -1, -1, 2, -1, 2, -1, -1, -2, 1, -2, 1]"
915,dfs_bnb_mpi,68.3654,-17,18,16842132,"[-1, -2, 1, 1, -2, -1, -2, 1, 1, 2, 2, 2, -1, 2, -1, -1, 2, 1, 1, 2, 1, -2, -2, 1, -2, -2, -2, 1, 2]"
916,dfs_bnb_mpi,541.803,-17,18,144682437,"[-1, -1, 2, 2, 2, 1, -2, -2, 1, 2, 2, 1, -2, 1, -2, -1, -2, -2, 1, -2, -1, -2, -1, -1, 2, 1, 2, -1, -1]"
917,dfs_bnb_mpi,326.007,-18,19,79744415,"[-1, -1, 2, 2, 1, -2, 1, 2, 1, -2, -2, 1, -2, -1, -2, -2, -2, -1, 2, 2, 2, -1, -1, -1, -2, 1, 1, -2, -1]"
918,dfs_bnb_mpi,59.5245,-17,18,14502801,"[-1, -1, 2, -1, 2, -1, -2, -1, -2, 1, 1, -2, 1, 1, -2, -2, -1, 2, -1, -2, -2, -1, 2, -1, 2, 1, 2, -1, -1]"
919,dfs_bnb_mpi,348.879,-17,17,82393147,"[-1, -1, 2, 2, -1, -2, -2, -2, -1, 2, 2, 2, -1, 2, -1, -2, -2, 1, -2, -1, -2, 1, -2, -2, 1, 2, 1, 1, 2]"
920,dfs_bnb_mpi,4278.09,-16,17,1024962878,"[-1, -1, 2, 2, 2, 2, 2, -1, -2, -2, -1, 2, 2, -1, -2, -1, -2, 1, -2, -2, -1, -2, 1, 1, 2, 2, 1, -2, -2]"
921,dfs_bnb_mpi,5.99432,-16,17,1352013,"[-1, -1, 2, 2, 2, 2, 1, -2, 1, -2, -1, -2, 1, 1, 2, 2, 2, -1, 2, 1, 1, -2, -2, -2, -2, -2, -1, -2, 1]"
922,dfs_bnb_mpi,458.818,-16,17,106551426,"[-1, -1, 2, 2, -1, -1, -2, 1, -2, -2, 1, -2, -1, -2, -1, -2, -1, -1, 2, 1, 2, 1, 2, 2, -1, -2, -1, -2, -1]"
923,dfs_bnb_mpi,856.279,-16,17,209394665,"[-1, -1, 2, 2, 2, 1, 2, 1, -2, 1, 1, -2, -1, -1, -1, -2, 1, 1, 1, -2, -1, -2, -2, -1, -1, -1, 2, 1, 1]"
924,dfs_bnb_mpi,219.178,-17,17,56245649,"[-1, -1, 2, 2, 2, 2, 2, 1, -2, -2, -2, -2, 1, 1, 2, -1, 2, 2, 2, 2, 1, -2, 1, 1, -2, -1, -1, -2, 1]"
925,dfs_bnb_mpi,1138.17,-16,17,259758156,"[-1, -1, 2, 2, -1, -1, -1, 2, 1, 2, 1, -2, 1, 2, 2, 1, -2, -2, -2, -2, 1, 2, 1, 2, 2, 2, -1, -2, -2]"
926,dfs_bnb_mpi,145.534,-18,18,37058754,"[-1, -2, -2, 1, -2, -1, -1, 2, 2, 2, -1, -2, -1, 2, 2, 1, 1, 2, 2, 1, 1, -2, -1, -2, 1, 1, -2, -2, -1]"
927,dfs_bnb_mpi,454.822,-15,16,110319046,"[-1, -1, 2, 2, 1, -2, 1, 2, 2, -1, 2, -1, -2, -1, 2, -1, -2, -1, -2, -2, -2, 1, 2, 2, 1, -2, -2, -2, 1]"
928,dfs_bnb_mpi,211.143,-16,17,50566901,"[-1, -1, 2, 2, 2, -1, -1, 2, -1, -2, -1, -2, 1, 1, 1, -2, -1, -1, -1, -2, 1, 1, 1, -2, 1, -2, -1, -1, 2]"
929,dfs_bnb_mpi,55.2459,-15,15,13158653,"[-1, -1, 2, 2, 2, 1, -2, -2, 1, 2, 2, 2, -1, -1, -1, -1, -2, 1, -2, -1, -2, 1, -2, -1, -1, 2, 2, 2, 2]"
930,dfs_bnb_mpi,455.431,-18,19,101729265,"[-1, -2, 1, 1, 1, -2, -1, -2, 1, -2, -1, -2, -1, 2, 2, 2, -1, -1, -2, 1, -2, -1, -1, 2, 2, 2, 2, 1, -2]"
931,dfs_bnb_mpi,2148.46,-18,19,533815251,"[-1, -2, 1, 1, -2, -2, 1, -2, -1, -2, 1, -2, -2, -1, 2, -1, -1, 2, -1, 2, 2, 2, 1, 1, -2, -1, -2, 1, -2]"
932,dfs_bnb_mpi,347.783,-16,17,84098326,"[-1, -1, 2, 2, -1, -1, 2, 1, 1, 2, 2, 1, 1, -2, -1, -2, -2, -2, 1, 1, 2, -1, 2, 1, 2, 2, 2, -1, 2]"
933,dfs_bnb_mpi,52.2745,-17,18,11678664,"[-1, -1, 2, 1, 2, 1, -2, 1, 2, 1, -2, 1, -2, -2, -1, 2, -1, -2, -1, -1, -1, -2, 1, -2, 1, 2, 1, 1, 1]"
934,dfs_bnb_mpi,344.645,-18,18,90538884,"[-1, -1, 2, -1, -2, -1, -2, 1, 1, -2, 1, 2, 1, -2, 1, 2, 1, 1, 2, -1, 2, 2, -1, -1, -1, -2, 1, 1, -2]"
935,dfs_bnb_mpi,36.7719,-17,18,9582572,"[-1, -1, 2, 2, 2, 1, 2, 1, 1, -2, -1, -2, -1, -2, 1, 1, 2, 1, -2, -2, -2, -2, -1, -1, -1, 2, 1, 1, 2]"
936,dfs_bnb_mpi,195.433,-17,18,49713970,"[-1, -1, 2, 1, 2, -1, -1, -2, -1, -2, 1, -2, 1, 1, 1, -2, 1, 2, 1, -2, -2, -2, -1, 2, -1, -1, -1, 2, 1]"
937,dfs_bnb_mpi,150.472,-17,18,38005182,"[-1, -2, 1, 1, 2, 2, 1, 2, 1, -2, 1, -2, -1, -1, -2, 1, 1, -2, -1, -1, -2, -1, -1, -1, -1, 2, 1, 1, 1]"
938,dfs_bnb_mpi,142.369,-18,19,31048768,"[-1, -1, 2, 2, -1, 2, 1, 1, 2, 1, 2, 1, -2, 1, -2, -1, -1, -2, -1, -2, 1, 1, -2, 1, 2, 1, 2, -1, -1]"
939,dfs_bnb_mpi,368.42,-17,18,81975443,"[-1, -1, 2, -1, -2, -1, 2, 2, 2, 2, 1, 1, 2, 1, -2, 1, 1, -2, -1, -1, -1, -1, -2, 1, 1, -2, 1, 2, 1]"
940,dfs_bnb_mpi,1105.74,-17,18,270246369,"[-1, -1, 2, -1, -2, -1, 2, -1, -1, -2, 1, -2, 1, -2, -1, -1, -2, 1, 1, 1, 1, 2, 1, 1, 2, -1, -1, -1, -2]"
941,dfs_bnb_mpi,2470.98,-15,16,535502785,"[-1, -1, 2, -1, -1, -2, 1, -2, -1, -1, -1, -2, 1, 1, 1, 1, 2, 1, 1, 1, -2, -2, -1, 2, -1, -2, -1, -1, -1]"
942,dfs_bnb_mpi,704.462,-17,18,182559312,"[-1, -1, 2, 1, 2, 2, 2, -1, -2, -2, -1, 2, 2, -1, -2, -2, -1, -2, -1, -2, -2, 1, 2, 1, -2, 1, 2, 2, -1]"
943,dfs_bnb_mpi,593.021,-17,18,141471945,"[-1, -1, 2, -1, 2, -1, -2, -1, 2, -1, -2, -1, -2, -2, 1, 2, 1, -2, -2, 1, 2, 2, 1, -2, 1, 1, -2, -1, -1]"
944,dfs_bnb_mpi,1117.49,-16,17,263402200,"[-1, -1, 2, 2, -1, -1, -1, -2, 1, 1, -2, -1, -1, -2, -2, 1, 2, 1, 1, 1, -2, -2, -2, -1, 2, 2, -1, -2, -1]"
945,dfs_bnb_mpi,699.113,-16,17,180566803,"[-1, -1, 2, 2, 2, 2, 2, 1, -2, -2, -2, -2, 1, 1, -2, 1, 2, 1, 2, -1, 2, 2, -1, -2, -2, -1, 2, 2, 2]"
946,dfs_bnb_mpi,1263.52,-17,18,280349948,"[-1, -1, 2, 1, 2, 1, -2, 1, 2, 1, -2, -2, -2, 1, -2, -1, -2, -1, 2, -1, -2, -1, 2, -1, 2, 1, 1, 1, 2]"
947,dfs_bnb_mpi,180.018,-17,18,39865058,"[-1, -2, 1, 1, 2, 2, 1, 2, 1, -2, 1, -2, 1, -2, -2, -1, 2, -1, 2, -1, -2, -2, 1, -2, -1, -1, 2, -1, -1]"
948,dfs_bnb_mpi,87.3763,-16,17,19417172,"[-1, -1, 2, 2, 1, -2, 1, 2, 2, 1, -2, 1, 1, -2, -1, -1, -2, 1, -2, -2, -1, 2, -1, -1, -2, 1, -2, 1, 1]"
949,dfs_bnb_mpi,146.402,-17,18,36272196,"[-1, -1, 2, -1, -2, -2, 1, 1, 1, 1, 1, 2, -1, 2, 1, 1, 2, -1, -1, 2, -1, -2, -2, -1, 2, 2, -1, -2, -1]"
950,dfs_bnb_mpi,1698.67,-17,18,388177533,"[-1, -1, 2, -1, 2, 2, 1, -2, 1, -2, 1, 2, 2, -1, 2, 1, 2, 1, 1, -2, -1, -2, 1, -2, -1, -2, 1, -2, -1]"
951,dfs_bnb_mpi,160.147,-17,18,41402570,"[-1, -1, 2, 2, -1, -1, -2, 1, -2, -1, -2, 1, 1, 1, -2, -1, -2, -2, -1, -1, 2, 1, 2, -1, -1, 2, 2, 2, 2]"
952,dfs_bnb_mpi,11393.4,-15,16,2497076017,"[-1, -1, 2, 2, 2, 2, 2, 2, 2, 2, 1, 1, 2, 1, -2, -2, -2, -2, -1, 2, 2, -1, -2, -2, -2, 1, -2, -1, -2]"
953,dfs_bnb_mpi,690.797,-17,18,169735203,"[-1, -1, 2, 1, 1, 2, -1, 2, 1, 2, 1, -2, -2, 1, 2, 2, 1, 1, -2, -1, -2, -2, -2, -1, -2, -1, 2, 2, 1]"
954,dfs_bnb_mpi,106.317,-16,17,24903300,"[-1, -1, 2, 1, 1, 2, 1, 2, -1, 2, -1, -1, -2, 1, -2, -1, -1, -2, -2, -2, 1, 1, 1, 1, 2, 2, 1, 2, 2]"
955,dfs_bnb_mpi,364.74,-17,18,81210303,"[-1, -1, 2, 1, 1, 2, 2, 1, 2, -1, 2, -1, -1, -1, -1, -2, 1, 1, 1, -2, -2, -1, 2, -1, -1, -2, 1, -2, -1]"
956,dfs_bnb_mpi,7033.31,-16,17,1542813881,"[-1, -1, 2, 2, 2, 2, 1, -2, -2, -2, 1, 2, 2, 2, 2, 1, 1, -2, 1, -2, -1, -2, 1, -2, -1, -1, 2, 2, 2]"
957,dfs_bnb_mpi,82.6615,-16,17,18703288,"[-1, -1, 2, 2, 1, -2, 1, 1, -2, 1, -2, -1, -2, 1, -2, -1, -1, 2, 2, -1, -1, -2, 1, -2, -1, -1, 2, 2, 2]"
958,dfs_bnb_mpi,240.625,-17,18,56976779,"[-1, -1, -1, 2, 1, 2, 1, -2, 1, 1, -2, -2, -1, -1, -2, -2, -1, 2, 2, -1, -2, -1, 2, 2, 2, 2, 1, 2, 1]"
959,dfs_bnb_mpi,193.555,-17,18,50770592,"[-1, -1, 2, 1, 1, 1, 2, -1, -1, 2, 1, 1, 2, 1, -2, -2, -2, -2, -1, -2, -1, -1, -1, -1, 2, 2, 2, 1, 2]"
960,dfs_bnb_mpi,619.888,-18,19,150091819,"[-1, -2, 1, 1, 2, 2, -1, 2, 1, 2, 1, -2, 1, -2, -1, -2, 1, 1, -2, -1, -2, -2, -1, -1, -1, 2, 1, 1, 2]"
961,dfs_bnb_mpi,765.86,-17,18,204917539,"[-1, -1, 2, 1, 2, -1, 2, 1, 2, -1, -1, 2, -1, -2, -1, -2, -1, -2, -2, 1, 1, -2, 1, 2, 2, 2, -1, -2, -1]"
962,dfs_bnb_mpi,1443.67,-17,18,334500614,"[-1, -1, 2, -1, -2, -1, 2, 2, -1, 2, 1, 2, 1, -2, 1, 2, 2, 1, 1, -2, -1, -2, 1, -2, -2, -1, 2, -1, -1]"
963,dfs_bnb_mpi,233.255,-17,15,52252044,"[-1, -1, 2, -1, 2, 2, -1, -1, -2, 1, -2, -1, -1, -2, 1, -2, 1, 2, 1, -2, 1, 1, -2, -1, -2, -1, -1, 2, 1]"
964,dfs_bnb_mpi,422.77,-17,18,103579813,"[-1, -1, 2, -1, -2, -2, 1, 1, 1, -2, -1, -2, 1, -2, -1, -1, 2, 2, -1, -2, -1, 2, -1, 2, 1, 2, 2, -1, -2]"
965,dfs_bnb_mpi,997.937,-16,17,236656965,"[-1, -1, 2, 2, 2, -1, 2, -1, -2, -2, 1, -2, -1, -2, 1, -2, -1, -1, -1, 2, 1, 2, 2, 2, -1, -2, -1, -2, 1]"
966,dfs_bnb_mpi,66.0046,-18,19,17062965,"[-1, -1, 2, 2, 2, 2, 1, 1, -2, -1, -2, -2, 1, 2, 1, 2, 1, -2, -2, -1, -2, -2, -2, -1, -1, -1, 2, 1, 1]"
967,dfs_bnb_mpi,126.128,-18,19,31924400,"[-1, -1, 2, 1, 1, 2, 1, -2, -2, 1, 2, 1, -2, -2, -1, -1, -1, -1, -2, 1, -2, -2, 1, 2, 2, 1, 1, -2, -1]"
968,dfs_bnb_mpi,2140.61,-17,18,483541647,"[-1, -2, -1, -2, 1, 1, 2, 1, -2, 1, -2, 1, 2, 1, -2, -2, -1, -1, -2, -1, 2, 2, -1, -1, -1, -2, 1, 1, -2]"
969,dfs_bnb_mpi,782.443,-18,19,185346283,"[-1, -2, 1, 1, 2, 1, -2, -2, -2, -2, 1, -2, -1, -1, -1, -2, -1, 2, 2, 1, 2, -1, -1, 2, 1, 1, 1, -2, -2]"
970,dfs_bnb_mpi,99.73,-16,16,24168564,"[-1, -2, 1, 1, 1, -2, -1, -1, -2, 1, -2, -1, -2, -1, 2, -1, -1, 2, 1, 1, 2, -1, -1, 2, 1, 2, 2, 1, 2]"
971,dfs_bnb_mpi,1413.78,-17,18,376332009,"[-1, -2, 1, 1, -2, -1, -1, -2, -2, -1, 2, 2, -1, -2, -1, 2, 2, 2, 2, 1, 2, 1, 1, -2, -1, -2, -1, -2, 1]"
972,dfs_bnb_mpi,878.647,-18,18,218371675,"[-1, -1, 2, 1, 1, 1, -2, 1, 1, 2, 1, -2, -2, -1, -2, -1, 2, -1, -2, -2, -1, -1, -1, 2, 2, 1, 1, -2, -1]"
973,dfs_bnb_mpi,233.277,-17,18,59727664,"[-1, -1, -1, 2, 1, 1, 2, 1, -2, 1, 2, 1, -2, -2, -1, -2, -1, -1, -2, -1, -1, -2, -1, -1, 2, 1, 2, 1, 1]"
974,dfs_bnb_mpi,2416.61,-16,17,590047569,"[-1, -1, 2, 1, 1, 2, 1, -2, -2, 1, 2, 2, 1, 2, -1, -1, 2, 2, 2, -1, -2, -2, -2, -1, -2, -1, 2, 2, 1]"
975,dfs_bnb_mpi,4816.36,-16,17,1049712376,"[-1, -1, 2, 1, 2, -1, -1, -2, -2, -1, -1, -2, -2, 1, 1, -2, -2, 1, 1, 2, -1, 2, 1, 1, 2, -1, -1, -1, -1]"
976,dfs_bnb_mpi,659.927,-18,19,166137024,"[-1, -2, 1, -2, -1, -2, 1, 1, 1, 2, -1, 2, 2, 1, -2, 1, -2, -2, -2, -1, -2, -2, -1, 2, 2, -1, -1, -2, 1]"
977,dfs_bnb_mpi,343.752,-18,19,76562957,"[-1, -1, 2, -1, -2, -1, -2, 1, -2, -2, 1, 1, 1, 1, 2, -1, -1, -1, 2, 1, 1, 1, 2, 2, 2, -1, -1, -2, 1]"
978,dfs_bnb_mpi,1709.2,-14,15,450680170,"[-1, -1, 2, 2, 1, 2, -1, -1, 2, -1, -2, -2, 1, -2, -1, -2, 1, -2, 1, -2, -1, -1, 2, -1, 2, -1, 2, 1, 2]"
979,dfs_bnb_mpi,195.5,-16,17,46438168,"[-1, -1, 2, 2, 2, 2, 2, 1, -2, 1, 1, -2, -1, -1, -2, -2, 1, 2, 1, 1, 2, 1, -2, 1, -2, -1, -1, -1, -2]"
980,dfs_bnb_mpi,49.0638,-17,17,11765515,"[-1, -2, 1, 1, -2, -1, -1, -1, 2, -1, -2, -2, 1, -2, 1, 2, 1, 1, -2, -1, -2, -2, -1, 2, -1, -1, 2, -1, 2]"
981,dfs_bnb_mpi,88.953,-18,19,21677880,"[-1, -1, 2, 1, 1, 2, -1, 2, -1, -2, -1, -2, -1, -2, 1, -2, -1, -1, -2, 1, 1, 1, -2, 1, 2, 1, 2, -1, -1]"
982,dfs_bnb_mpi,348.357,-18,19,84392678,"[-1, -2, 1, 1, -2, -1, -1, -1, 2, -1, -2, -1, -2, 1, 1, 1, 1, 1, -2, -2, -1, 2, -1, -2, -2, -1, 2, 2, -1]"
983,dfs_bnb_mpi,301.263,-17,18,74432785,"[-1, -2, 1, 1, 2, 1, -2, -2, -1, -2, -1, 2, -1, -1, 2, -1, -1, -2, 1, -2, 1, 1, -2, -1, -2, -1, 2, -1, 2]"
984,dfs_bnb_mpi,752.218,-16,17,168314732,"[-1, -1, 2, 1, 2, 1, 2, -1, -1, -2, -1, -2, -1, -2, 1, -2, -2, 1, 2, 1, -2, -2, 1, 2, 2, 1, 2, 2, -1]"
985,dfs_bnb_mpi,375.894,-18,19,84515647,"[-1, -1, 2, 2, 2, 1, 2, 1, 2, 2, 1, -2, -2, 1, -2, -1, -1, -2, 1, 1, -2, -2, -2, -1, 2, 2, -1, -1, 2]"
986,dfs_bnb_mpi,124.145,-17,18,27426599,"[-1, -1, 2, -1, 2, 1, 2, 2, 2, 1, -2, 1, 1, -2, -1, -1, -2, -2, 1, 2, 1, -2, -2, 1, 2, 2, 1, -2, 1]"
987,dfs_bnb_mpi,225.412,-17,18,54123042,"[-1, -1, 2, 2, 1, -2, 1, 2, 1, -2, -2, -2, -1, -1, -1, -1, -2, 1, 1, 1, -2, 1, 2, 1, 2, 2, 2, 1, -2]"
988,dfs_bnb_mpi,847.365,-17,18,204936842,"[-1, -1, 2, -1, -2, -2, -2, -2, 1, 2, 2, 1, -2, 1, 2, 1, 2, 1, -2, -2, -2, -2, -1, -1, -1, 2, 1, 1, 2]"
989,dfs_bnb_mpi,178.058,-17,18,48040080,"[-1, -1, 2, -1, -2, -2, 1, -2, 1, 2, 1, 1, 2, 2, 1, -2, 1, 2, 2, -1, 2, -1, -2, -1, -2, -1, 2, -1, 2]"
990,dfs_bnb_mpi,913.844,-17,18,219361014,"[-1, -1, 2, 1, 1, 2, 1, -2, 1, 1, -2, -1, -1, -2, 1, 1, -2, -1, -1, -2, 1, -2, -1, -1, 2, 2, 2, -1, -2]"
991,dfs_bnb_mpi,155.361,-18,19,37265736,"[-1, -2, 1, 1, 1, 2, -1, 2, -1, -1, -1, 2, 1, 2, 1, -2, 1, 1, -2, 1, 2, 2, 2, -1, -2, -1, 2, -1, 2]"
992,dfs_bnb_mpi,357.114,-16,17,86205704,"[-1, -1, -1, 2, 1, 1, 1, 2, -1, -1, 2, 1, 2, 1, -2, 1, 1, -2, -1, -2, 1, -2, -1, -2, -2, -1, 2, -1, -1]"
993,dfs_bnb_mpi,16.6184,-17,18,4499513,"[-1, -1, 2, 2, 1, -2, 1, 1, -2, -2, -1, -1, -2, 1, 1, 1, 2, 1, 2, -1, 2, 1, 2, -1, 2, -1, -2, -1, 2]"
994,dfs_bnb_mpi,790.434,-18,19,179172048,"[-1, -2, -1, -2, -1, -2, 1, -2, 1, 2, 2, 1, 1, 1, -2, -1, -1, -2, 1, 1, 1, 2, 2, 2, -1, 2, -1, -2, -1]"
995,dfs_bnb_mpi,3997.71,-17,18,905275333,"[-1, -1, 2, 1, 2, -1, 2, -1, 2, -1, -1, -1, -2, -2, -2, -2, 1, 1, -2, 1, 2, 2, 2, -1, 2, -1, -2, -2, 1]"
996,dfs_bnb_mpi,172.517,-17,18,41301638,"[-1, -2, -2, 1, 2, 1, 2, 2, 2, 1, 1, 1, -2, -1, -1, -2, 1, 1, -2, -1, -1, -2, -1, -2, 1, 1, 2, 1, 1]"
997,dfs_bnb_mpi,74.2853,-17,18,16817703,"[-1, -2, 1, 1, 2, 1, 1, -2, -1, -2, 1, 1, -2, -1, -2, -1, 2, -1, 2, -1, -1, -1, -2, 1, 1, -2, 1, -2, 1]"
998,dfs_bnb_mpi,1571.31,-17,18,356347090,"[-1, -1, 2, 2, 2, 2, -1, -2, -2, -2, -1, -2, 1, -2, 1, 1, -2, 1, 2, 1, 2, 2, 2, -1, 2, -1, -2, -2, 1]"
999,dfs_bnb_mpi,150.99,-18,18,39433152,"[-1, -1, 2, 2, -1, 2, -1, -2, -1, -2, 1, 1, -2, -1, -2, 1, 1, 1, 1, 1, 2, 2, -1, -1, 2, 1, 2, -1, -1]"
