protein_id,algorithm,time,score,checked,placed,hash
0,dfs_bnb_mpi,938.064,-9,10,286331306,"[-1, -2, 1, 1, 2, 1, -2, -2, 1, -2, -2, -1, 2, -1, -1, -2, 1, -2, 1, -2, -1, -1, 2, -1, 2, 2, 2, 1, 1]"
1,dfs_bnb_mpi,53909.4,-8,9,15889048325,"[-1, -1, 2, 2, 2, 2, 1, 2, 2, -1, 2, -1, -2, -1, 2, 2, -1, -2, -2, -1, -1, -2, 1, 1, 1, -2, 1, 2, 1]"
2,dfs_bnb_mpi,3807.82,-8,9,896260890,"[-1, -1, 2, 2, 2, 2, 2, 1, 1, -2, -2, -2, -2, 1, 2, 1, -2, -2, -1, -2, -1, -1, -1, -2, 1, -2, 1, 2, 1]"
3,dfs_bnb_mpi,23094,-8,9,6735687856,"[-1, -1, 2, 2, 2, 2, 2, 2, 1, 2, 1, 2, -1, -1, 2, -1, -2, -1, -1, -2, 1, -2, -1, -2, 1, 1, 2, 2, 1]"
4,dfs_bnb_mpi,259.453,-10,10,68757686,"[-1, -1, 2, 2, 1, 2, 2, -1, -2, -1, -2, -2, -1, 2, 2, 2, -1, -2, -2, -2, -1, 2, 2, 2, -1, -2, -1, -2, 1]"
5,dfs_bnb_mpi,797.847,-4,5,224213350,"[-1, -1, 2, 2, 2, 2, 2, 2, 2, 2, 1, -2, 1, 2, 2, 2, 2, -1, -1, -1, -2, -2, -1, -2, 1, -2, -1, -1, 2]"
6,dfs_bnb_mpi,5.04702,-8,9,1472259,"[-1, -1, 2, 2, 2, -1, -2, -1, 2, 2, -1, -2, -2, -1, -2, -2, 1, 2, 1, 1, -2, -1, -2, -1, -1, -1, 2, 2, 2]"
7,dfs_bnb_mpi,12.698,-8,9,2868200,"[-1, -1, 2, 2, 2, -1, -2, -1, 2, -1, -2, -1, -2, 1, 1, 1, -2, -2, 1, -2, -1, -1, 2, 2, -1, -1, -1, 2, 2]"
8,dfs_bnb_mpi,1266.32,-8,9,373283386,"[-1, -1, 2, 2, 1, 2, -1, -1, 2, 2, 1, 2, 2, -1, -2, -1, 2, 2, -1, -2, -2, -2, 1, -2, -2, -1, -2, 1, 1]"
9,dfs_bnb_mpi,317.416,-9,10,96195450,"[-1, -1, 2, -1, -2, -1, 2, -1, 2, 1, 2, -1, 2, 2, 2, 2, 2, 1, -2, -2, -2, -2, 1, 1, -2, -1, -2, 1, 1]"
10,dfs_bnb_mpi,2783.96,-9,10,838155501,"[-1, -1, 2, -1, 2, -1, -2, -1, -2, 1, -2, -1, -2, -1, -1, -2, 1, 1, -2, 1, 1, 1, 2, -1, -1, 2, 1, 2, 2]"
11,dfs_bnb_mpi,91.0877,-9,10,27646656,"[-1, -1, 2, -1, -1, 2, 2, -1, 2, 1, 1, -2, -2, 1, 2, 2, 2, 1, -2, -2, -2, -2, 1, 1, 2, -1, 2, 2, 2]"
12,dfs_bnb_mpi,3185.64,-9,10,963109680,"[-1, -1, -1, 2, 1, 1, 2, 1, 2, 2, 2, 2, 1, -2, -2, -2, -2, 1, 2, 1, -2, -2, -1, -2, -2, -1, 2, 2, -1]"
13,dfs_bnb_mpi,90232.4,-4,5,25354238319,"[-1, -1, 2, 2, 2, 2, 2, 2, 2, 2, 2, 2, 2, 2, 1, -2, 1, 2, 2, 2, 1, -2, -2, -2, -2, -2, -1, 2, -1]"
14,dfs_bnb_mpi,4.93409,-10,11,1462212,"[-1, -2, 1, -2, -2, 1, 2, 2, 1, 2, -1, 2, 1, 2, 1, 1, 2, -1, 2, -1, -2, -1, -2, -1, -2, -1, 2, 2, 2]"
15,dfs_bnb_mpi,180.506,-10,11,54465093,"[-1, -2, 1, 1, 1, -2, -1, -2, -1, 2, -1, -1, 2, 2, 2, 2, 1, -2, 1, 2, 1, -2, -2, 1, 2, 2, 1, -2, 1]"
16,dfs_bnb_mpi,1194.18,-7,8,330666767,"[-1, -1, 2, 2, 2, 2, 2, -1, -2, -2, -1, -1, -2, 1, 1, -2, -2, -2, 1, 1, 1, 1, 2, 2, -1, 2, -1, 2, 2]"
17,dfs_bnb_mpi,5619.74,-8,9,1680563241,"[-1, -1, 2, 2, -1, -2, -1, -1, 2, 2, 2, 2, -1, -2, -2, -2, -2, -2, 1, 1, -2, -2, 1, 1, 1, 2, -1, -1, 2]"
18,dfs_bnb_mpi,1075.22,-8,9,320577934,"[-1, -1, 2, 2, 2, 2, 2, 2, 1, 1, -2, 1, -2, 1, 2, 2, -1, 2, 2, -1, -2, -1, -1, 2, -1, -2, -1, -2, 1]"
19,dfs_bnb_mpi,1640.99,-9,10,435638922,"[-1, -1, 2, 1, 1, 2, 2, 2, 1, 1, 2, 2, 2, 1, -2, -2, -2, -2, 1, -2, -1, -1, -2, -2, -1, 2, 2, 2, 1]"
20,dfs_bnb_mpi,4108.85,-9,9,1096976217,"[-1, -1, 2, 2, 2, 2, 2, 2, 2, 2, 1, 1, 2, -1, -1, 2, 1, 1, 2, 2, -1, -2, -1, -1, -2, -2, -1, -2, 1]"
21,dfs_bnb_mpi,12.7929,-8,9,3899986,"[-1, -1, 2, 2, 1, -2, 1, 1, 1, 2, 2, 2, 2, 2, 2, -1, -2, -2, -1, -2, 1, -2, -2, -1, 2, -1, 2, 2, 2]"
22,dfs_bnb_mpi,4468.73,-7,8,1328422648,"[-1, -1, 2, 2, 2, 2, 2, 2, 1, 2, -1, -1, 2, -1, -2, -2, -1, -2, -2, -2, 1, -2, 1, 2, 2, -1, 2, 1, 2]"
23,dfs_bnb_mpi,11.9735,-9,10,3528656,"[-1, -1, 2, 1, 2, 2, -1, -2, -1, 2, 2, -1, -2, -1, -2, 1, -2, 1, -2, -1, -2, 1, 1, 1, -2, -2, -1, 2, -1]"
24,dfs_bnb_mpi,0.693565,-8,9,158736,"[-1, -1, 2, 1, 2, -1, 2, 2, -1, -2, -2, -1, -2, 1, -2, -2, -1, 2, -1, 2, 2, 2, 2, 2, 2, 2, 2, 2, 2]"
25,dfs_bnb_mpi,21398.9,-6,7,6062028548,"[-1, -1, 2, 2, 2, 2, 2, 2, 2, 2, 1, 2, 2, 1, 2, 2, -1, -2, -1, -2, -2, -1, -1, -1, -2, 1, -2, 1, 2]"
26,dfs_bnb_mpi,121.107,-8,9,35455554,"[-1, -1, 2, 2, 2, 2, -1, -2, -1, -2, 1, -2, -2, -1, -2, 1, 1, -2, 1, 2, 1, 1, 2, 2, -1, -1, 2, 2, 2]"
27,dfs_bnb_mpi,49929.9,-8,9,14218612649,"[-1, -1, 2, 1, 2, -1, -1, 2, 2, -1, -1, -1, -2, 1, 1, -2, -2, 1, -2, -1, -1, -1, -1, 2, 2, 1, 1, -2, -1]"
28,dfs_bnb_mpi,1.99184,-9,9,513240,"[-1, -1, 2, -1, 2, 1, 2, 2, 1, -2, -2, -2, 1, 1, 2, 1, -2, -2, -1, -2, 1, -2, -1, -1, 2, -1, -1, -1, 2]"
29,dfs_bnb_mpi,167.992,-9,9,49007878,"[-1, -1, 2, 2, -1, 2, -1, 2, 2, -1, 2, -1, -2, -1, -1, -2, 1, 1, 1, -2, -1, -1, -2, 1, 1, 1, -2, 1, -2]"
30,dfs_bnb_mpi,59.6213,-8,9,16843814,"[-1, -1, 2, 2, 2, 2, 2, 1, 1, -2, -2, 1, -2, -1, -2, 1, -2, 1, 2, 1, 1, 2, 2, 2, -1, -1, -2, -2, 1]"
31,dfs_bnb_mpi,746.836,-6,7,190556169,"[-1, -1, 2, 2, 2, 2, 2, 2, 1, -2, 1, -2, -1, -2, 1, 1, 1, -2, -2, 1, -2, -1, -1, 2, 2, -1, -2, -1, 2]"
32,dfs_bnb_mpi,30.0464,-9,10,8096887,"[-1, -1, 2, 2, 1, -2, 1, 2, 1, -2, 1, 1, 2, 1, -2, -2, -1, -2, -1, 2, -1, -2, -2, -1, 2, -1, -1, -1, 2]"
33,dfs_bnb_mpi,96.6788,-9,10,24546881,"[-1, -1, 2, 2, 2, -1, -2, -1, 2, 2, 1, 1, 1, -2, -2, -2, 1, 2, 2, 2, 1, -2, 1, -2, 1, -2, -1, -1, 2]"
34,dfs_bnb_mpi,2822.41,-10,11,755472593,"[-1, -1, -1, 2, 1, 1, 2, 1, 1, 1, -2, -2, -2, -2, -1, -2, -2, -1, 2, 2, -1, -1, 2, 1, 1, 1, 2, 2, -1]"
35,dfs_bnb_mpi,337.335,-9,10,95448723,"[-1, -2, 1, -2, 1, 2, 1, 1, 2, -1, -1, 2, 2, 2, 2, 1, 2, -1, -1, 2, -1, 2, -1, -2, -2, 1, -2, 1, -2]"
36,dfs_bnb_mpi,43.9195,-8,9,12767428,"[-1, -1, 2, 1, 2, 2, 1, -2, -2, 1, 2, 2, 1, -2, 1, 1, -2, -1, -1, -2, -1, -2, 1, 1, -2, -1, -1, -1, 2]"
37,dfs_bnb_mpi,10.2774,-8,9,2748439,"[-1, -1, 2, 2, 1, 1, -2, 1, -2, 1, 1, -2, -1, -1, -1, -1, -2, 1, -2, 1, 2, 1, -2, 1, 2, 1, 2, 2, 2]"
38,dfs_bnb_mpi,35743.5,-6,7,10332238671,"[-1, -1, 2, 2, 2, 1, -2, 1, 2, 2, 2, 2, 1, 1, 2, -1, -1, 2, -1, -2, -1, -2, 1, -2, -1, -1, -2, -2, -2]"
39,dfs_bnb_mpi,1.36018,-9,10,406792,"[-1, -2, 1, 1, 1, 2, -1, 2, 1, 2, -1, 2, 2, -1, -2, -1, -2, 1, -2, -1, -1, 2, 2, 2, 2, 2, 2, 2, 2]"
40,dfs_bnb_mpi,165.534,-6,7,49647124,"[-1, -1, 2, 2, 2, 2, 2, 1, -2, -2, -2, 1, 2, 2, 2, 2, -1, -1, -1, -2, -2, -2, -2, -1, -2, 1, -2, -1, -1]"
41,dfs_bnb_mpi,309.873,-8,9,86185367,"[-1, -1, 2, 2, 1, -2, 1, 2, 2, 2, 1, 1, -2, -2, -1, -2, 1, -2, -1, -2, 1, -2, 1, 2, 2, 2, 1, -2, 1]"
42,dfs_bnb_mpi,64.7284,-9,9,15133716,"[-1, -1, 2, 2, 2, -1, 2, 2, -1, -2, -2, -2, 1, -2, -1, -2, -1, 2, 2, 2, 2, -1, -2, -2, -1, -2, 1, -2, -1]"
43,dfs_bnb_mpi,6.49107,-10,11,1782022,"[-1, -2, 1, -2, 1, 2, 1, -2, 1, -2, 1, 1, 2, -1, 2, -1, 2, 1, 2, -1, -1, -2, -1, 2, 2, 2, 2, 2, 2]"
44,dfs_bnb_mpi,15.0754,-8,9,4449935,"[-1, -1, 2, 2, 2, 2, 1, -2, -2, -2, 1, 2, 2, 1, 2, 1, -2, 1, 1, -2, -1, -2, -2, -1, 2, 2, -1, -2, -2]"
45,dfs_bnb_mpi,476.349,-9,10,144904428,"[-1, -1, 2, 2, 2, -1, -2, -2, -2, -1, -1, 2, 1, 2, 2, -1, -1, 2, 2, 1, -2, 1, 2, 1, 2, 1, -2, -2, -1]"
46,dfs_bnb_mpi,20627.6,-7,8,5767334018,"[-1, -1, 2, 2, 2, 2, 2, 2, 2, 2, 2, 1, 2, 2, 1, -2, 1, 2, 1, -2, 1, -2, -1, -1, -1, -2, -1, -2, 1]"
47,dfs_bnb_mpi,41.5405,-9,9,12306233,"[-1, -1, 2, 2, 2, 2, 1, 2, 1, -2, -2, -1, -2, 1, 1, 2, 2, 1, 2, -1, 2, 2, 2, -1, -2, -2, -1, 2, 2]"
48,dfs_bnb_mpi,6383.05,-9,10,1512981491,"[-1, -2, -1, 2, 2, 2, 1, -2, 1, 2, 2, 2, 2, 1, -2, -2, -2, -2, -2, 1, -2, -1, -1, -2, -2, 1, 1, 2, -1]"
49,dfs_bnb_mpi,975.936,-9,10,282114723,"[-1, -2, 1, 1, 1, 2, -1, 2, -1, 2, 2, 2, -1, -2, -2, -2, -1, -1, 2, -1, -2, -1, -2, 1, 1, 1, -2, -1, -1]"
50,dfs_bnb_mpi,304.976,-9,10,91602264,"[-1, -2, 1, 1, 2, 2, -1, -1, -1, -2, -2, -2, 1, 1, -2, -2, 1, 2, 2, 1, 1, 2, 2, 2, 2, -1, -2, -2, -2]"
51,dfs_bnb_mpi,127.614,-9,10,33170072,"[-1, -1, 2, 2, 1, -2, 1, 2, 2, 2, 2, 1, -2, -2, -2, -2, 1, 2, 2, 1, -2, -2, -2, -1, -1, -2, 1, 1, 1]"
52,dfs_bnb_mpi,43.5998,-10,11,11336418,"[-1, -1, 2, -1, -2, -2, 1, 1, 1, 1, -2, -1, -1, -2, -1, 2, -1, -1, -2, -2, -1, 2, 2, -1, 2, 1, 2, 1, -2]"
53,dfs_bnb_mpi,959.416,-9,10,279647441,"[-1, -1, 2, 1, 1, 2, 2, 1, 2, 2, 1, -2, -2, 1, -2, -1, -1, -2, 1, -2, 1, 2, 1, -2, -2, -1, -1, -1, 2]"
54,dfs_bnb_mpi,78.128,-8,9,18204968,"[-1, -1, 2, 2, 2, 2, 2, -1, -2, -2, -2, -1, -1, -2, 1, 1, -2, -2, -1, -2, 1, -2, 1, 2, 1, 1, 2, -1, -1]"
55,dfs_bnb_mpi,2864.61,-8,9,840683120,"[-1, -1, 2, 2, 2, 1, -2, 1, 1, -2, -2, -2, -1, -1, -1, -2, -1, 2, -1, -1, 2, 1, 1, 2, 2, -1, 2, 1, 2]"
56,dfs_bnb_mpi,0.986685,-9,10,291835,"[-1, -1, 2, 1, 2, -1, -1, -2, -2, -1, -2, -1, 2, 2, 1, 2, 2, 1, 2, 2, 2, 2, 1, -2, -2, -2, -2, 1, 2]"
57,dfs_bnb_mpi,153.318,-9,10,45823227,"[-1, -1, -1, 2, 1, 1, 2, 2, 2, 1, 1, -2, -1, -2, -2, 1, -2, 1, 1, -2, -1, -2, -2, -1, 2, 2, -1, -1, -1]"
58,dfs_bnb_mpi,154356,-8,9,35008945808,"[-1, -1, 2, 2, -1, 2, 2, 2, 1, -2, -2, 1, 2, 2, 2, 2, 1, 1, -2, -2, -2, -2, -2, -2, -1, -1, 2, 1, 2]"
59,dfs_bnb_mpi,11.0632,-8,9,3099716,"[-1, -1, 2, 2, 1, 2, 2, 1, 2, -1, 2, -1, 2, -1, -2, -2, 1, -2, -2, -1, -2, -1, -1, -2, 1, 1, -2, -1, -1]"
60,dfs_bnb_mpi,1039.31,-6,7,306860320,"[-1, -1, 2, 2, 2, 2, 2, 2, 2, 1, 1, 1, 2, -1, -1, 2, 1, 2, 2, -1, -2, -1, -1, -2, 1, -2, -1, -2, -1]"
61,dfs_bnb_mpi,712.682,-6,7,205978799,"[-1, -1, 2, 2, 2, 2, 2, 2, 2, 1, 2, 2, 2, -1, -1, -2, 1, -2, -1, -2, -1, 2, -1, -2, -2, 1, 1, -2, -1]"
62,dfs_bnb_mpi,12.8134,-8,8,3554516,"[-1, -1, 2, 2, -1, -1, -2, 1, -2, -1, -1, -1, -2, 1, 1, 1, 1, 1, -2, -1, -1, -2, 1, 1, 1, 2, 2, 1, 2]"
63,dfs_bnb_mpi,3371.58,-9,9,804576586,"[-1, -1, 2, 2, 2, 1, 1, 1, 2, -1, -1, 2, 2, -1, -1, -1, 2, -1, -2, -2, 1, 1, 1, -2, -1, -1, -2, 1, -2]"
64,dfs_bnb_mpi,1008.26,-9,9,290784304,"[-1, -1, 2, 1, 2, 1, -2, 1, -2, -2, -2, 1, -2, -1, -1, -2, 1, -2, -1, -1, 2, 2, -1, 2, 1, 1, 2, -1, -1]"
65,dfs_bnb_mpi,65.6658,-8,8,17940009,"[-1, -1, 2, 2, 1, 2, -1, 2, -1, -1, -2, 1, -2, -1, -2, -1, 2, 2, 2, 2, -1, -2, -2, -1, -1, -2, 1, 1, -2]"
66,dfs_bnb_mpi,744.759,-8,9,216021622,"[-1, -1, 2, 2, 2, 1, -2, 1, 2, 1, 2, 2, 1, 1, 2, -1, -1, 2, -1, -2, -1, -2, 1, -2, -1, -1, -1, -2, -2]"
67,dfs_bnb_mpi,285.485,-7,8,63226564,"[-1, -1, 2, 2, 2, 2, 2, 1, 1, 1, -2, -2, 1, -2, 1, -2, -1, -2, -1, 2, 2, -1, -2, -1, 2, 2, 2, 1, -2]"
68,dfs_bnb_mpi,7.98032,-8,9,2294258,"[-1, -1, 2, 2, 2, 2, 2, 1, 1, -2, -1, -2, 1, -2, 1, 2, 1, 2, -1, 2, 2, 2, -1, -2, -1, 2, -1, -2, -1]"
69,dfs_bnb_mpi,90.5745,-8,9,24542162,"[-1, -1, 2, 1, 2, -1, 2, 2, -1, -2, -2, -1, -2, 1, -2, -1, -1, 2, 2, 2, -1, -2, -1, -1, -2, 1, 1, -2, -1]"
70,dfs_bnb_mpi,100.95,-8,9,30379773,"[-1, -1, 2, 2, 2, -1, -2, -1, -2, 1, -2, -2, 1, 1, 1, 1, 2, 2, -1, -1, 2, 2, 1, 2, -1, 2, -1, -2, -1]"
71,dfs_bnb_mpi,44632.7,-6,7,13017760936,"[-1, -1, 2, 2, 2, 2, 2, 2, 2, 2, -1, -2, -2, -1, -2, 1, -2, -2, -2, -2, -2, -1, -1, -2, 1, 1, -2, 1, 2]"
72,dfs_bnb_mpi,2195.44,-8,8,672017194,"[-1, -1, 2, 2, 1, -2, 1, 2, 1, -2, 1, 1, -2, -2, -2, -1, -2, -1, -1, -1, 2, 2, 1, -2, 1, 2, 2, 1, -2]"
73,dfs_bnb_mpi,17494.2,-9,10,5234954452,"[-1, -2, 1, -2, 1, 1, 2, -1, 2, 2, -1, 2, 2, 2, 2, 1, 1, 1, -2, -2, -2, -2, 1, 1, -2, -1, -1, -1, 2]"
74,dfs_bnb_mpi,1856.98,-8,9,565899794,"[-1, -1, -1, 2, 1, 1, 2, -1, -1, 2, -1, -2, -2, -1, -2, 1, -2, -1, -1, -1, -2, 1, 1, 1, -2, 1, 2, 2, 1]"
75,dfs_bnb_mpi,39.4646,-8,9,11947359,"[-1, -1, 2, 2, 1, 1, 1, -2, -2, -2, -2, -1, 2, -1, -2, -2, 1, 1, 1, 1, 1, 2, 2, 2, -1, -1, -2, -2, 1]"
76,dfs_bnb_mpi,1993.33,-9,10,607274857,"[-1, -1, 2, 2, 1, 1, 2, 1, -2, 1, 1, 2, 1, -2, -2, -1, -1, -2, 1, 1, 1, -2, -1, -1, -1, -1, 2, 2, -1]"
77,dfs_bnb_mpi,5086.98,-7,8,1502035439,"[-1, -1, 2, 2, 2, 2, 2, 1, 2, 2, -1, -2, -1, -1, 2, -1, -1, -2, 1, -2, -2, 1, -2, -2, 1, 2, 2, 2, -1]"
78,dfs_bnb_mpi,31676.7,-5,6,8666867866,"[-1, -1, 2, 2, 2, 2, 2, 2, 2, 2, 2, 2, 2, 2, 2, 2, 2, 1, 1, -2, -1, -2, 1, 1, -2, -1, -2, -1, 2]"
79,dfs_bnb_mpi,70.6001,-6,7,18900780,"[-1, -1, 2, 2, 2, 2, 2, 2, 2, 1, -2, 1, 1, -2, -1, -1, -2, -2, -2, -2, 1, 1, 1, 2, -1, -1, 2, 2, 1]"
80,dfs_bnb_mpi,58.7917,-9,10,16524658,"[-1, -2, -1, 2, -1, 2, -1, -1, 2, 1, 1, 1, -2, 1, 1, 2, -1, 2, 2, 2, -1, -2, -2, -1, 2, -1, -2, -1, 2]"
81,dfs_bnb_mpi,74.2644,-9,10,17321224,"[-1, -1, 2, 2, 2, -1, -2, -2, -2, -1, 2, 2, -1, 2, -1, -2, -2, 1, -2, -1, -1, -1, -1, 2, 1, 1, 2, 2, 2]"
82,dfs_bnb_mpi,2466.56,-8,9,709435161,"[-1, -1, 2, 2, 2, 2, 2, -1, -2, -1, -1, -2, -2, -2, 1, -2, -1, -2, 1, -2, -2, 1, 2, 1, 2, -1, 2, 2, 2]"
83,dfs_bnb_mpi,2.05948,-9,10,617713,"[-1, -2, -1, 2, -1, -2, -2, 1, 1, -2, -1, -1, -1, 2, 2, -1, 2, 1, 2, 2, 1, -2, 1, 1, 2, 2, 2, 2, 2]"
84,dfs_bnb_mpi,1.45467,-9,10,353261,"[-1, -1, 2, 2, 1, -2, 1, 1, -2, 1, -2, -1, -1, -1, -1, -2, 1, -2, -1, -1, -2, 1, 1, 1, 2, 2, 1, 1, 1]"
85,dfs_bnb_mpi,29.9438,-6,7,8205076,"[-1, -1, 2, 2, 2, 2, 2, 1, 2, 1, 2, 1, 2, 2, -1, -2, -1, -2, -1, -2, -1, -2, -1, 2, 2, 2, 2, 2, 2]"
86,dfs_bnb_mpi,12.524,-6,6,3422346,"[-1, -1, 2, 2, 2, 2, -1, -2, -1, -1, -2, 1, 1, -2, -1, -1, -2, 1, 1, -2, -2, -1, 2, -1, -1, 2, 2, 2, 2]"
87,dfs_bnb_mpi,120.907,-7,8,32861219,"[-1, -1, 2, 2, 2, 2, 2, 2, 1, 1, -2, -1, -2, -2, 1, 2, 1, 2, 2, 1, 1, -2, 1, 1, -2, -1, -1, -1, 2]"
88,dfs_bnb_mpi,993.963,-9,10,280373522,"[-1, -1, 2, 2, 2, 2, 1, -2, -2, -2, 1, 2, 2, 1, -2, -2, -2, 1, 2, 2, 1, 2, 1, 2, -1, 2, -1, -2, -2]"
89,dfs_bnb_mpi,151.3,-9,10,45666296,"[-1, -2, 1, -2, 1, 1, 1, 2, -1, -1, 2, 2, -1, 2, 1, 2, 2, 1, -2, -2, 1, 1, -2, -1, -1, -2, 1, 1, 1]"
90,dfs_bnb_mpi,1986.95,-8,9,571016555,"[-1, -1, 2, -1, -2, -1, -2, -1, -2, -1, -2, 1, -2, 1, -2, 1, 1, 2, -1, 2, 1, 2, 1, 2, -1, -1, -2, -1, -2]"
91,dfs_bnb_mpi,6.60538,-11,12,1810651,"[-1, -2, -1, 2, 2, -1, -2, -2, -1, -2, 1, -2, 1, 2, 1, 1, 2, 1, 2, 1, 1, 2, -1, -1, 2, 2, -1, -2, -2]"
92,dfs_bnb_mpi,5877.08,-9,10,1707714577,"[-1, -1, 2, -1, -2, -1, -1, -2, -1, -2, 1, -2, 1, -2, -1, -1, -2, 1, 1, 1, 2, 2, 1, 2, -1, -1, 2, 1, 1]"
93,dfs_bnb_mpi,87.4735,-7,8,26484256,"[-1, -1, 2, 2, 2, 2, 1, -2, -2, -2, 1, 2, 2, 2, 2, 2, 2, -1, -2, -2, -1, -1, -2, -2, -2, -1, 2, 2, 2]"
94,dfs_bnb_mpi,28854,-7,8,7549949603,"[-1, -1, 2, 2, 2, -1, -1, -1, 2, 1, 1, 2, 1, -2, 1, 2, 2, 1, -2, -2, -2, -1, -2, -2, 1, 1, -2, -2, -1]"
95,dfs_bnb_mpi,47.5262,-8,9,13506799,"[-1, -1, -1, 2, 1, 1, 2, 2, 1, -2, -2, 1, 1, -2, -1, -2, -1, -2, -1, 2, -1, -2, -1, -1, -2, 1, 1, 1, 1]"
96,dfs_bnb_mpi,991.061,-8,9,276232438,"[-1, -1, 2, 2, 2, 2, -1, -1, -1, -1, -2, -2, -1, -2, 1, -2, 1, 2, 1, 2, -1, 2, 1, 1, -2, -2, -2, -1, -2]"
97,dfs_bnb_mpi,104.432,-9,10,25358377,"[-1, -1, 2, 2, 1, 1, 2, -1, 2, 2, 2, -1, -1, -2, -2, 1, -2, -1, -1, 2, -1, -2, -1, -2, 1, 1, -2, 1, 2]"
98,dfs_bnb_mpi,14014.5,-7,8,4090825395,"[-1, -1, 2, 2, 2, 2, 2, -1, -2, -1, 2, 2, 2, 1, -2, 1, 2, 1, -2, -2, -2, 1, -2, -2, -2, 1, -2, -2, -1]"
99,dfs_bnb_mpi,4271.11,-7,8,1194789573,"[-1, -1, 2, 2, 2, 2, 2, -1, -1, -2, 1, -2, -1, -1, 2, -1, -2, -2, 1, 1, -2, -1, -2, 1, -2, 1, 2, 2, 2]"
100,dfs_bnb_mpi,51.2699,-9,10,13908917,"[-1, -1, 2, 1, 2, 2, 2, -1, -1, 2, -1, -2, -1, -1, -2, 1, -2, 1, 2, 1, 1, -2, -1, -2, -1, -1, -1, 2, -1]"
101,dfs_bnb_mpi,6449.24,-6,7,1804684774,"[-1, -1, 2, 2, 2, 2, 2, 1, 1, -2, -1, -2, -2, -2, 1, 2, 2, 1, 1, -2, -1, -2, 1, -2, -1, -2, -1, -1, -1]"
102,dfs_bnb_mpi,1129.48,-8,9,335976472,"[-1, -1, 2, 2, 2, 2, 1, -2, -2, -2, 1, 2, 2, 1, -2, -2, -2, 1, 1, -2, -1, -1, -2, -1, -1, -1, 2, 1, 1]"
103,dfs_bnb_mpi,1371.18,-10,11,389650270,"[-1, -1, -1, 2, 2, -1, 2, 1, 2, 2, 2, 1, -2, -2, -2, -2, -2, 1, 1, 2, 1, 2, -1, 2, 2, -1, -2, -2, -2]"
104,dfs_bnb_mpi,565.638,-8,9,150027486,"[-1, -1, 2, 1, 1, 1, 2, -1, -1, -1, 2, -1, 2, 1, 1, -2, 1, 2, 2, -1, 2, 2, -1, -1, -2, 1, -2, -1, -1]"
105,dfs_bnb_mpi,12003.1,-7,8,3251930606,"[-1, -1, 2, 2, 2, 2, 2, 2, 2, 1, -2, 1, 2, 2, -1, 2, 2, 1, -2, 1, -2, -2, 1, -2, -1, -2, -1, -1, -2]"
106,dfs_bnb_mpi,2.91898,-9,10,777782,"[-1, -1, 2, -1, -2, -2, 1, 1, -2, -1, -2, -1, 2, -1, 2, 2, -1, -2, -2, -1, 2, -1, -2, -2, 1, -2, 1, 2, 1]"
107,dfs_bnb_mpi,651.016,-9,10,188160972,"[-1, -1, -1, 2, 1, 1, 1, 2, -1, -1, -1, 2, 1, 1, 2, 1, -2, 1, -2, -2, -2, 1, 2, 2, 2, 1, -2, -2, 1]"
108,dfs_bnb_mpi,62.1009,-9,10,18364335,"[-1, -1, 2, 1, 1, 2, 1, -2, -2, 1, 2, 2, 1, 2, -1, -1, 2, -1, 2, 2, -1, -2, -2, -1, -2, -2, 1, 2, 1]"
109,dfs_bnb_mpi,21006.2,-4,5,5613002941,"[-1, -1, 2, 2, 2, 2, 2, 2, 2, 2, 2, 1, -2, 1, 1, 2, -1, 2, 2, 2, -1, -2, -2, -1, -1, -2, -2, -1, 2]"
110,dfs_bnb_mpi,3549.77,-8,9,982202288,"[-1, -1, 2, 2, 2, 2, -1, -2, -1, 2, 2, 1, 1, 1, 1, -2, 1, -2, 1, -2, -1, -2, -1, -1, 2, 1, 2, -1, 2]"
111,dfs_bnb_mpi,45.6504,-8,9,13500968,"[-1, -1, 2, 1, 2, -1, 2, 1, 2, 2, 1, -2, -2, -2, -2, 1, 2, 1, 1, -2, 1, 2, 2, -1, 2, -1, -1, -2, 1]"
112,dfs_bnb_mpi,1047.86,-6,7,300030046,"[-1, -1, 2, 2, 2, 2, 2, 2, -1, -1, -2, -2, -2, -2, -2, -2, -2, -2, 1, 1, 1, 2, -1, -1, 2, 2, 2, 2, 2]"
113,dfs_bnb_mpi,74.7933,-7,8,20461978,"[-1, -2, -1, 2, 2, 2, 2, -1, -1, 2, 1, 1, 2, 2, 1, -2, -2, -2, -2, -2, 1, 1, 1, 2, 2, -1, -1, -2, 1]"
114,dfs_bnb_mpi,1948.14,-6,7,584480941,"[-1, -1, 2, 2, 1, -2, 1, 2, 2, 2, -1, -1, -1, -2, -2, -2, -2, -1, 2, -1, -2, -2, 1, -2, 1, 2, 1, 1, 1]"
115,dfs_bnb_mpi,8045.77,-6,7,2268251527,"[-1, -1, 2, 2, 2, 2, 2, 1, 2, 2, 2, 2, 2, -1, -2, -1, 2, -1, -1, -2, 1, -2, 1, 1, -2, -2, -1, -2, -1]"
116,dfs_bnb_mpi,11.1635,-8,9,3221655,"[-1, -2, -1, -2, 1, -2, 1, 1, 1, 1, 2, -1, -1, -1, 2, 1, 2, 2, -1, -1, 2, -1, -2, -2, -1, 2, 2, 2, 2]"
117,dfs_bnb_mpi,7210.84,-7,8,1967838642,"[-1, -2, -1, -1, 2, 1, 2, -1, -1, 2, 2, 1, 1, 1, 2, 1, 1, -2, -1, -2, 1, 1, -2, -1, -1, -1, 2, -1, -1]"
118,dfs_bnb_mpi,2176.01,-7,8,546746389,"[-1, -1, 2, 2, 2, 2, 2, 2, 2, 2, 2, 1, -2, -2, 1, 2, 2, 1, 2, 1, -2, -2, -1, -2, 1, 1, 2, 2, 2]"
119,dfs_bnb_mpi,224.777,-8,9,66891964,"[-1, -1, 2, 2, 2, 2, 1, 2, -1, 2, -1, 2, 1, 1, -2, 1, -2, -2, -2, -1, -2, 1, 1, 2, 1, 2, 2, -1, -2]"
120,dfs_bnb_mpi,2.87971,-8,8,750929,"[-1, -1, 2, 2, 2, 2, -1, -2, -2, -2, -2, -1, 2, 2, 2, 2, 2, -1, -2, -2, -1, -1, -2, 1, 1, -2, -1, -1, -1]"
121,dfs_bnb_mpi,172.055,-8,9,42258398,"[-1, -2, -1, -1, 2, 1, 2, 2, -1, 2, 1, 1, 2, 1, 2, 1, -2, -2, -1, -2, -1, -2, 1, 1, 2, 1, 2, 2, 2]"
122,dfs_bnb_mpi,849.474,-8,9,258810624,"[-1, -2, -1, 2, -1, -1, 2, 1, 1, 1, 1, 2, 2, 2, -1, -1, -1, -2, -1, 2, -1, -2, -2, 1, 1, 1, 2, 1, -2]"
123,dfs_bnb_mpi,23.0872,-9,10,7125972,"[-1, -1, 2, 1, 1, 2, 2, -1, -2, -1, -1, -2, -1, -1, -2, 1, 1, -2, 1, 1, 1, 1, 2, 2, 1, 2, 2, -1, -2]"
124,dfs_bnb_mpi,20215.7,-6,7,5744465718,"[-1, -1, 2, 2, 2, 2, 2, 2, 2, 1, -2, -2, -2, 1, 2, 2, 2, 2, -1, -1, -1, -2, -2, -2, -2, -1, -2, 1, -2]"
125,dfs_bnb_mpi,59.4276,-9,10,18008995,"[-1, -1, 2, 1, 1, 2, 2, 1, -2, 1, 1, -2, -1, -1, -2, 1, -2, -1, -2, -2, -1, -1, -1, 2, 2, 1, -2, 1, 2]"
126,dfs_bnb_mpi,34962.9,-9,10,7963246405,"[-1, -1, 2, 2, -1, 2, 1, 1, 2, 1, 1, 2, 1, -2, 1, 2, 1, -2, -2, -1, -1, -2, -1, 2, -1, -2, -2, -1, 2]"
127,dfs_bnb_mpi,87.3496,-9,10,25238722,"[-1, -1, 2, 2, 2, 1, -2, -2, 1, 2, 2, 1, -2, -2, 1, -2, 1, 2, 1, 2, 1, 2, -1, 2, -1, -2, -2, -1, 2]"
128,dfs_bnb_mpi,174.108,-9,10,52070859,"[-1, -1, -1, 2, 2, -1, 2, -1, -2, -2, 1, -2, -2, 1, -2, 1, 2, 1, 1, 1, 2, 2, -1, -1, -1, 2, 2, -1, 2]"
129,dfs_bnb_mpi,7974.65,-9,10,2186235970,"[-1, -1, 2, -1, -2, -1, 2, 2, -1, -2, -2, -2, -1, -1, -2, 1, 1, -2, 1, 1, 1, 2, -1, -1, 2, 1, 1, 1, 1]"
130,dfs_bnb_mpi,4782,-8,9,1393743775,"[-1, -1, 2, 2, 2, 2, 1, 1, -2, -2, -1, -2, 1, 1, 1, 2, 2, 1, 2, -1, 2, 2, -1, -1, -2, 1, -2, -2, -2]"
131,dfs_bnb_mpi,3180.34,-9,10,835319008,"[-1, -1, 2, 2, 2, 2, 2, 1, -2, -2, -2, -2, 1, 2, 1, -2, 1, -2, -1, -2, -1, -1, -1, -1, -2, -1, 2, 2, 1]"
132,dfs_bnb_mpi,60.5916,-9,10,18466370,"[-1, -1, 2, 1, 2, 1, 2, 2, 1, -2, -2, -2, -2, -2, -1, -1, -2, -2, -1, 2, 2, -1, 2, -1, 2, 1, 2, 1, 2]"
133,dfs_bnb_mpi,12.2837,-9,10,3666821,"[-1, -1, 2, 2, 1, -2, 1, 2, 1, -2, -2, 1, 2, 2, 1, -2, -2, -2, -1, -2, -2, -1, 2, 2, -1, -2, -1, 2, -1]"
134,dfs_bnb_mpi,1479.03,-7,8,445354815,"[-1, -1, 2, 2, 2, 1, 1, 2, 2, -1, -2, -1, 2, 2, -1, -1, -1, -2, -1, -1, -2, 1, 1, 1, -2, 1, 2, 2, -1]"
135,dfs_bnb_mpi,65.9748,-8,8,19722118,"[-1, -2, 1, 1, -2, 1, 2, 2, -1, 2, 1, 1, -2, -2, -2, -2, -2, 1, 2, 2, 1, 1, 2, 2, -1, -2, -1, 2, 2]"
136,dfs_bnb_mpi,1037.12,-7,8,310501078,"[-1, -1, 2, 2, 1, 2, -1, 2, -1, -2, -2, -1, -1, -1, 2, 1, 1, 2, -1, 2, 2, 2, 1, -2, -2, 1, 2, 2, 2]"
137,dfs_bnb_mpi,250.552,-10,10,74627527,"[-1, -2, -2, -1, 2, 2, -1, 2, 2, 1, -2, 1, 1, 1, 2, -1, -1, 2, -1, 2, 2, -1, -2, -2, -1, -2, -1, -2, 1]"
138,dfs_bnb_mpi,6387.18,-8,9,1868971147,"[-1, -1, 2, 2, 2, 2, 1, -2, 1, -2, 1, 1, 2, 2, 1, -2, -2, 1, 1, -2, -1, -1, -2, -1, 2, -1, -1, -1, 2]"
139,dfs_bnb_mpi,9.67033,-8,9,2790153,"[-1, -2, 1, -2, 1, 1, 2, -1, 2, 1, 1, 2, -1, -1, 2, -1, -2, -1, 2, 2, 2, 2, -1, -2, -2, -2, -2, -2, -1]"
140,dfs_bnb_mpi,44.7396,-8,9,13750901,"[-1, -1, 2, 2, -1, -2, -1, -2, 1, -2, 1, 1, 1, 1, 2, 2, -1, -1, 2, 1, 2, -1, 2, 2, 2, -1, -2, -2, -2]"
141,dfs_bnb_mpi,4261.65,-9,10,1137202738,"[-1, -1, 2, 2, 1, -2, 1, 2, 2, 1, -2, -2, 1, 2, 1, 2, 2, 1, -2, -2, -2, -1, -2, 1, -2, -1, -1, 2, -1]"
142,dfs_bnb_mpi,185.699,-9,10,48258470,"[-1, -1, 2, -1, -2, -1, 2, -1, -2, -1, 2, -1, -2, -2, 1, 1, 1, 1, -2, 1, -2, 1, 2, 1, 1, 2, -1, -1, -1]"
143,dfs_bnb_mpi,342.242,-8,9,99460320,"[-1, -1, 2, 2, 2, 1, 2, 2, 2, 2, 1, 1, 1, -2, -2, -2, -1, 2, -1, -2, -2, -2, -1, -2, 1, 1, 2, 2, 1]"
144,dfs_bnb_mpi,4.88401,-8,9,1393469,"[-1, -1, 2, 2, 1, 2, 1, 2, -1, 2, -1, -1, -2, 1, -2, -1, -2, -1, -1, -2, 1, 1, -2, -1, -2, 1, 1, 1, 1]"
145,dfs_bnb_mpi,5385.92,-9,10,1210846665,"[-1, -1, 2, 1, 2, 2, -1, -2, -1, 2, 2, 2, 2, 1, 1, 1, -2, -2, -2, 1, -2, -1, -2, 1, 1, -2, -1, -2, -1]"
146,dfs_bnb_mpi,2784.12,-8,9,801660400,"[-1, -1, 2, 2, 2, 2, 2, 2, 1, 2, 2, 2, 1, 1, -2, -1, -2, -2, 1, -2, 1, -2, -1, -2, -1, 2, 2, -1, -2]"
147,dfs_bnb_mpi,18.1595,-9,10,5149115,"[-1, -1, 2, 2, 1, 1, 2, 2, 2, -1, -2, -2, -1, -1, 2, 1, 2, 2, -1, -1, -2, -2, -1, -2, 1, -2, -2, 1, 2]"
148,dfs_bnb_mpi,343.64,-9,10,100542372,"[-1, -2, -2, -1, 2, 2, -1, 2, 1, 2, 1, -2, 1, 2, 1, 2, -1, -1, 2, -1, -2, -1, -2, -1, -2, -1, 2, 2, 2]"
149,dfs_bnb_mpi,184.379,-8,9,53305178,"[-1, -1, 2, 2, 2, 1, -2, -2, 1, 1, 2, -1, 2, 2, -1, -1, -1, -2, -1, -1, -1, -2, -2, 1, 1, 1, 2, -1, -1]"
150,dfs_bnb_mpi,39365,-4,5,9892490644,"[-1, -1, 2, 2, 2, 2, 2, 2, 2, 2, 2, 2, 2, 2, 2, 1, 2, -1, 2, 2, -1, -2, -2, -1, -1, -2, 1, 1, -2]"
151,dfs_bnb_mpi,606.48,-9,9,139949412,"[-1, -1, 2, 2, 1, 2, -1, 2, 2, -1, -2, -1, 2, -1, -2, -2, -1, -2, 1, 1, 2, 1, -2, -2, -2, -1, -1, 2, 1]"
152,dfs_bnb_mpi,4733.6,-9,10,1363878200,"[-1, -1, 2, -1, 2, -1, 2, 2, 2, 1, -2, -2, 1, -2, 1, -2, 1, 1, -2, -2, -1, -1, -1, -2, -2, 1, 1, 2, -1]"
153,dfs_bnb_mpi,607.994,-8,9,184827073,"[-1, -1, 2, 2, 2, -1, 2, 2, -1, -2, -2, -1, 2, 2, 2, -1, -2, -2, -2, -2, 1, 1, 1, -2, -2, -1, 2, -1, -1]"
154,dfs_bnb_mpi,42.4908,-9,10,11900285,"[-1, -2, -1, 2, 2, -1, -1, 2, 1, 1, 1, -2, 1, 2, 1, 2, -1, 2, -1, -2, -1, -1, 2, 1, 2, 2, 1, -2, 1]"
155,dfs_bnb_mpi,26.0902,-8,9,7064878,"[-1, -1, 2, 2, 2, 2, 2, 2, 1, -2, -2, -2, 1, 2, 1, -2, 1, -2, 1, -2, -1, -2, -1, 2, 2, -1, -1, -2, 1]"
156,dfs_bnb_mpi,505.465,-9,9,154360193,"[-1, -1, 2, 2, 1, -2, 1, 1, 2, -1, 2, 1, 2, 2, 1, -2, -2, 1, 1, -2, -1, -1, -2, 1, -2, -1, -2, -1, 2]"
157,dfs_bnb_mpi,2186.47,-9,10,657006928,"[-1, -1, 2, 2, 2, 2, -1, -2, -1, -2, -1, -2, -1, -2, 1, -2, -1, -1, -2, 1, 1, 1, 2, 1, 2, -1, 2, 1, 2]"
158,dfs_bnb_mpi,22909.2,-8,9,5598482773,"[-1, -1, 2, 2, 2, 2, 1, 2, -1, 2, -1, 2, 2, -1, -1, -1, -2, -1, -1, -2, 1, 1, 1, 2, 1, -2, -2, 1, -2]"
159,dfs_bnb_mpi,47.8496,-6,7,14208585,"[-1, -1, 2, 2, 2, 2, 2, 1, 1, 2, 2, 1, -2, -2, -2, -1, -1, -2, -2, -2, 1, 2, 1, -2, -2, -2, -1, -1, -1]"
160,dfs_bnb_mpi,789.913,-9,10,240827842,"[-1, -2, -1, -2, -1, -1, 2, 1, 2, 1, 2, 1, 2, 2, 2, 2, 1, 1, -2, -2, -2, 1, -2, -2, -1, 2, -1, 2, 2]"
161,dfs_bnb_mpi,406.639,-9,10,123026778,"[-1, -1, -1, 2, 1, 1, 2, 1, -2, 1, 2, 2, 2, 1, -2, -2, -2, 1, -2, -1, -1, -2, -1, -1, -1, -1, -2, 1, 1]"
162,dfs_bnb_mpi,35.4511,-9,10,10984062,"[-1, -1, 2, 1, 2, 2, 1, -2, -2, 1, -2, -2, -1, -2, -2, -1, 2, 2, -1, -2, -1, 2, -1, 2, 2, 2, 1, -2, -2]"
163,dfs_bnb_mpi,149.463,-9,10,35928363,"[-1, -1, 2, 2, 1, 1, 2, -1, -1, 2, 2, -1, -2, -2, -1, 2, -1, -2, -2, 1, 1, -2, -1, -2, -1, 2, -1, 2, 2]"
164,dfs_bnb_mpi,24264.4,-9,10,6577115782,"[-1, -1, 2, 2, -1, 2, 1, 1, 2, 2, 1, -2, 1, 2, 2, 1, -2, -2, -2, -1, -2, 1, -2, -1, -1, -1, 2, 1, 2]"
165,dfs_bnb_mpi,5.26602,-9,10,1528521,"[-1, -1, 2, 1, 2, -1, -1, -1, -1, -1, -2, 1, 1, 1, -2, -2, -1, 2, -1, -1, -2, -1, 2, -1, 2, 1, 2, 2, 2]"
166,dfs_bnb_mpi,195.613,-8,9,59277085,"[-1, -1, 2, 2, 2, 1, 2, 2, -1, -2, -1, 2, 2, 1, 2, -1, 2, -1, -2, -1, -1, -2, 1, 1, -2, -2, -2, 1, -2]"
167,dfs_bnb_mpi,194.808,-8,9,58796487,"[-1, -1, 2, -1, -2, -2, 1, 1, -2, -2, -1, 2, -1, -1, 2, -1, -2, -2, 1, 1, -2, 1, 1, 1, 2, 2, 1, 2, -1]"
168,dfs_bnb_mpi,4.06839,-9,10,997697,"[-1, -1, 2, 2, 1, 1, -2, 1, 2, 1, 1, 1, -2, -1, -1, -2, -1, -2, 1, -2, -1, -2, -1, 2, 2, -1, -1, -1, 2]"
169,dfs_bnb_mpi,342.802,-8,9,85750141,"[-1, -1, 2, -1, -2, -2, 1, 1, 1, 1, 1, -2, -1, -1, -1, -1, -1, -1, 2, -1, -2, -2, 1, 1, -2, 1, 1, 2, -1]"
170,dfs_bnb_mpi,771.819,-10,11,231520672,"[-1, -2, 1, -2, 1, 2, 2, 1, -2, -2, 1, 1, 2, -1, 2, 2, -1, -1, 2, 2, 2, 2, -1, -1, -2, -2, -2, -2, 1]"
171,dfs_bnb_mpi,335.782,-8,9,90702387,"[-1, -1, 2, 2, 2, 2, 2, 2, 1, 2, 1, 2, -1, 2, -1, -2, -2, -1, -2, -1, -2, 1, -2, -2, -1, 2, -1, 2, 2]"
172,dfs_bnb_mpi,12.6129,-6,7,3258949,"[-1, -1, 2, 2, 2, 1, -2, 1, 1, 2, -1, 2, -1, 2, -1, -2, -1, -1, -2, 1, -2, -1, -1, 2, 2, 2, 2, 2, 2]"
173,dfs_bnb_mpi,4217.32,-9,10,1225809915,"[-1, -1, 2, 1, 2, 1, -2, 1, 2, 2, 1, -2, -2, -2, -1, -2, -2, -2, -1, -2, -1, 2, -1, 2, 2, 1, 1, -2, -1]"
174,dfs_bnb_mpi,21476.3,-8,9,6278911546,"[-1, -1, 2, 2, 2, 2, 2, 2, 1, 2, 2, 1, -2, -2, 1, -2, 1, -2, -1, -1, -2, -2, -2, -1, 2, 2, 2, 2, 1]"
175,dfs_bnb_mpi,325.954,-8,9,80717856,"[-1, -2, -1, 2, 2, -1, -2, -2, -2, 1, 1, 1, 2, 1, 2, 1, 2, 2, -1, -2, -1, -1, 2, 1, 2, 2, 1, -2, 1]"
176,dfs_bnb_mpi,1292.93,-8,9,351185228,"[-1, -1, 2, 2, -1, 2, -1, -2, -1, -1, -2, 1, -2, -2, -1, -1, -2, 1, 1, 1, 2, 2, 2, 1, -2, -2, 1, 1, 1]"
177,dfs_bnb_mpi,504.454,-10,11,152503348,"[-1, -2, 1, 1, 2, 1, -2, 1, 2, 2, -1, -1, 2, -1, -2, -1, 2, -1, -2, -2, -2, -2, 1, 1, -2, 1, 2, 1, 1]"
178,dfs_bnb_mpi,0.384858,-8,9,103472,"[-1, -1, 2, 1, 2, 2, 1, 2, 1, -2, -2, -1, -2, 1, 1, 2, 2, 2, 1, -2, -2, -2, -2, -1, -1, -2, 1, 1, 1]"
179,dfs_bnb_mpi,726.578,-9,10,219141348,"[-1, -1, 2, 2, 2, -1, -1, -2, 1, -2, -1, -1, 2, -1, -2, -1, -2, 1, 1, -2, -2, 1, 1, 1, 2, -1, -1, 2, 1]"
180,dfs_bnb_mpi,6034.2,-8,9,1764932858,"[-1, -1, 2, 2, -1, -2, -1, -2, -1, 2, -1, -2, -2, 1, 1, -2, 1, 1, 1, -2, 1, 2, 1, 2, -1, -1, -1, -1, 2]"
181,dfs_bnb_mpi,166.107,-9,10,48717479,"[-1, -1, 2, 2, 1, 2, -1, -1, -2, -2, -1, 2, -1, 2, 1, 2, 2, 2, 1, 1, -2, -1, -2, 1, 1, 2, 2, 2, 2]"
182,dfs_bnb_mpi,2.32856,-9,10,700427,"[-1, -1, 2, 1, 1, 2, -1, -1, -1, 2, 2, -1, -2, -2, -1, -2, 1, 1, -2, -2, 1, -2, -1, -1, 2, 2, -1, -1, 2]"
183,dfs_bnb_mpi,43.2906,-9,10,12707490,"[-1, -1, 2, 2, 1, -2, 1, 2, 2, 2, 1, -2, -2, -2, 1, -2, -1, -2, -1, -1, -2, -1, 2, -1, -1, 2, 1, 2, 2]"
184,dfs_bnb_mpi,129.747,-9,10,37181444,"[-1, -2, -2, -1, 2, 2, -1, 2, 1, 2, 1, -2, 1, 2, 2, -1, -1, 2, 1, 2, -1, -1, -2, -2, -2, -1, -1, -2, 1]"
185,dfs_bnb_mpi,98339.5,-6,7,27182175995,"[-1, -1, 2, 2, 1, 2, 1, 2, 2, -1, 2, 2, 2, 2, -1, -2, -2, -2, -2, -1, -2, -1, -2, -2, 1, 2, 1, 2, 1]"
186,dfs_bnb_mpi,58.1045,-8,9,15894246,"[-1, -2, 1, -2, -2, 1, -2, -1, -2, -1, 2, -1, 2, 1, 2, -1, 2, 2, 2, 1, 2, 2, 1, -2, -2, 1, 2, 2, 2]"
187,dfs_bnb_mpi,5.16111,-8,9,1573147,"[-1, -2, 1, 1, 2, 2, 1, -2, -2, -2, -1, -1, -1, -1, 2, -1, 2, 1, 2, 2, 1, -2, 1, 2, 2, 2, 2, 2, 2]"
188,dfs_bnb_mpi,4212.23,-9,10,1047150733,"[-1, -1, 2, 2, -1, -2, -2, -1, -2, -2, -2, 1, -2, 1, 1, 1, 2, 1, 2, -1, 2, -1, -1, -1, -2, 1, -2, 1, 2]"
189,dfs_bnb_mpi,127.889,-8,9,37306986,"[-1, -2, -1, 2, 2, 1, 2, 1, 2, -1, 2, 1, 2, -1, 2, -1, -2, -1, -1, -2, 1, 1, -2, -2, -1, -2, -1, 2, 2]"
190,dfs_bnb_mpi,86953,-9,10,25859902430,"[-1, -2, -1, 2, 2, 2, 1, 1, -2, 1, 2, 1, -2, 1, 1, -2, -1, -1, -2, -2, -1, -2, -1, -1, 2, 1, 2, 1, 2]"
191,dfs_bnb_mpi,38709.3,-9,10,10349366766,"[-1, -2, -1, -2, -1, 2, 2, 2, 1, 1, 1, 1, -2, 1, 2, 1, -2, -2, -1, -2, -2, -1, -1, -1, 2, 1, 1, 2, -1]"
192,dfs_bnb_mpi,2796.45,-10,11,783084082,"[-1, -2, 1, -2, 1, 2, 1, -2, -2, 1, 1, 1, 2, -1, -1, 2, 1, 2, 2, -1, -2, -1, 2, 2, -1, -1, -2, 1, -2]"
193,dfs_bnb_mpi,13.1366,-7,8,3376148,"[-1, -1, 2, 2, -1, -2, -2, -1, -2, -1, -2, 1, 1, 2, 1, 1, 1, 1, 2, 2, 2, -1, -2, -1, 2, 2, 2, 2, 2]"
194,dfs_bnb_mpi,7.58133,-8,9,2070578,"[-1, -1, 2, 2, -1, -1, 2, -1, -2, -2, -1, -2, 1, 1, 2, 1, -2, -2, -1, -2, 1, 1, 2, 1, 1, 1, 2, 2, 2]"
195,dfs_bnb_mpi,5988.67,-8,8,1497130327,"[-1, -1, 2, 2, 2, 1, 2, 2, 2, 2, 1, 1, 1, -2, -2, -2, -2, -2, -1, -2, -1, -1, 2, 1, 2, 1, 2, -1, 2]"
196,dfs_bnb_mpi,11326.9,-8,9,2608960369,"[-1, -1, 2, 1, 2, 2, 2, -1, -2, -2, -1, 2, 2, 2, -1, -1, -2, -2, -1, -2, -2, 1, 2, 1, -2, 1, -2, -1, -1]"
197,dfs_bnb_mpi,526.034,-8,9,159175791,"[-1, -1, 2, 2, 2, 2, -1, -1, -1, -2, 1, 1, -2, -2, -2, -1, -1, -1, -1, 2, 2, 2, 1, -2, 1, 1, -2, -1, -1]"
198,dfs_bnb_mpi,5730.07,-8,9,1633666803,"[-1, -1, 2, 1, 1, 2, 2, 2, 2, 2, 1, 1, 2, 1, -2, -2, -2, -2, -1, 2, 2, -1, -2, -2, -2, 1, -2, -1, -2]"
199,dfs_bnb_mpi,5549.92,-7,8,1604126642,"[-1, -1, 2, 2, 2, 1, -2, -2, 1, 2, 2, 1, -2, -2, -2, 1, 1, -2, -1, -1, -2, -1, 2, -1, -2, -1, 2, -1, 2]"
200,dfs_bnb_mpi,229.811,-8,9,63313325,"[-1, -1, 2, 2, 2, 1, -2, -2, 1, 2, 1, 2, 1, -2, 1, 1, -2, -1, -1, -1, -2, -2, -1, -1, -1, -1, 2, 2, 2]"
201,dfs_bnb_mpi,18036.6,-7,8,5253123972,"[-1, -1, 2, 2, 2, 1, -2, -2, 1, 2, 2, 2, 2, -1, 2, 2, -1, -2, -2, -1, 2, -1, -2, -2, -2, 1, 2, 1, 1]"
202,dfs_bnb_mpi,181.482,-6,6,47427556,"[-1, -1, 2, 2, 2, 2, 2, 2, 2, 2, 2, 2, 2, 1, -2, -2, 1, -2, -1, -2, 1, -2, -1, -2, -2, -2, -2, -2, 1]"
203,dfs_bnb_mpi,948.882,-8,9,283201995,"[-1, -1, 2, 2, 1, 2, 1, 2, 2, 2, -1, -2, -2, -1, -2, -1, -2, -1, -2, 1, -2, -2, -1, -1, -2, 1, 1, 1, 2]"
204,dfs_bnb_mpi,2817.54,-8,9,719567947,"[-1, -1, 2, 2, -1, -2, -2, -2, 1, 1, 1, 1, 2, 1, 2, 2, 2, 2, -1, -2, -2, -2, -1, -1, 2, 1, 2, 2, 2]"
205,dfs_bnb_mpi,1131.48,-7,8,264440763,"[-1, -1, 2, 2, 2, 2, 2, 2, 1, -2, -2, -2, -2, -2, 1, 2, 2, 2, 1, 2, -1, 2, 2, -1, -1, -1, -2, -2, -1]"
206,dfs_bnb_mpi,209.966,-9,10,52331758,"[-1, -2, -1, -2, -1, 2, 2, 2, 1, 1, 1, 2, 2, 2, 1, -2, -2, -2, -2, 1, -2, -1, -2, -2, -1, -1, 2, 1, 2]"
207,dfs_bnb_mpi,0.349765,-9,10,101525,"[-1, -1, 2, 2, 1, -2, 1, 2, 1, -2, -2, 1, 2, 1, 2, -1, 2, 2, 2, -1, -2, -2, -1, -1, 2, 2, 2, 2, 2]"
208,dfs_bnb_mpi,76.4825,-9,10,18532830,"[-1, -1, 2, 2, 2, 1, 1, -2, -2, 1, 2, 1, 1, -2, -1, -2, -1, -2, 1, -2, 1, -2, -1, -1, 2, -1, 2, -1, -1]"
209,dfs_bnb_mpi,792.96,-8,9,235352763,"[-1, -1, 2, 2, -1, -2, -2, -1, -1, -2, -2, -2, 1, 2, 1, -2, 1, 2, 1, 1, 1, 1, 2, -1, -1, -1, -1, -1, -1]"
210,dfs_bnb_mpi,293.358,-8,9,81461828,"[-1, -1, 2, 2, 2, 1, 1, -2, -1, -2, 1, 1, -2, -2, -1, -1, -2, 1, 1, -2, -1, -2, -1, 2, -1, 2, 2, -1, 2]"
211,dfs_bnb_mpi,997.964,-10,11,296607360,"[-1, -1, 2, 2, 2, 2, 2, 1, 2, -1, 2, -1, 2, -1, -2, -2, 1, -2, -2, -1, -1, -1, 2, 2, 2, 1, -2, -2, 1]"
212,dfs_bnb_mpi,57.9735,-6,7,16680297,"[-1, -1, 2, 2, 2, 2, 2, 1, 2, -1, 2, -1, 2, 2, -1, -2, -2, -2, 1, -2, -1, -1, 2, -1, 2, 1, 2, 2, 2]"
213,dfs_bnb_mpi,57.6816,-9,10,13881616,"[-1, -1, 2, 2, -1, -1, -2, 1, -2, -1, -1, 2, -1, -1, 2, 1, 1, 2, 1, 2, -1, -1, 2, 1, 1, 1, -2, -2, 1]"
214,dfs_bnb_mpi,87.5006,-8,9,19563021,"[-1, -1, 2, 2, 2, 2, -1, 2, 2, 2, -1, -2, -2, -2, -1, -2, 1, 1, -2, -1, -1, -1, -2, 1, 1, 1, -2, -1, -1]"
215,dfs_bnb_mpi,36.9289,-9,10,10743005,"[-1, -1, 2, 1, 2, 2, -1, -1, -2, -2, -2, -1, -2, 1, 1, 1, -2, 1, 2, 1, 2, 1, 2, -1, 2, 2, -1, -2, -2]"
216,dfs_bnb_mpi,156.645,-9,10,44384036,"[-1, -1, 2, 1, 1, 2, -1, 2, 1, 1, 2, 1, -2, 1, 1, -2, -2, -1, 2, -1, -1, -2, -2, -2, 1, 1, 2, -1, 2]"
217,dfs_bnb_mpi,8.97798,-9,10,2019235,"[-1, -1, 2, 2, 2, 2, 2, -1, -2, -1, -2, 1, -2, -1, -1, 2, -1, -1, -2, 1, -2, 1, -2, -2, 1, 2, 2, 1, -2]"
218,dfs_bnb_mpi,5.45303,-8,9,1592903,"[-1, -1, 2, 2, 2, 1, -2, -2, 1, 2, 1, 2, 1, -2, 1, -2, -1, -1, -2, 1, 1, -2, -1, -1, -1, -1, -1, -1, 2]"
219,dfs_bnb_mpi,123.793,-9,10,37667641,"[-1, -2, -1, 2, 2, 1, 1, 2, -1, 2, 2, 2, 2, 2, -1, -2, -2, -2, -2, -2, -1, -2, -1, -2, 1, -2, -1, -1, 2]"
220,dfs_bnb_mpi,5.35701,-10,11,1627624,"[-1, -2, 1, 1, 2, 1, 2, -1, -1, 2, 2, 2, 2, -1, -2, -2, -2, -2, -1, -2, -1, -2, 1, -2, 1, 1, 1, 1, 2]"
221,dfs_bnb_mpi,818.893,-8,9,237590618,"[-1, -1, 2, 1, 2, 2, 2, 2, 2, -1, -2, -2, -2, -2, -1, -2, -1, -1, -2, -2, 1, 2, 1, -2, -2, 1, 2, 1, 1]"
222,dfs_bnb_mpi,54.5958,-10,11,15699701,"[-1, -2, 1, -2, -1, -2, -1, 2, -1, -1, 2, 1, 1, 2, -1, 2, 2, 1, -2, 1, 2, 1, 2, 2, 1, -2, -2, -2, -1]"
223,dfs_bnb_mpi,27209,-8,9,7112126361,"[-1, -1, 2, 2, 2, -1, -1, 2, 2, -1, -1, -2, -2, -2, -1, -1, -2, 1, 1, 1, 1, -2, 1, 2, 2, -1, -1, 2, 2]"
224,dfs_bnb_mpi,829.292,-8,9,244942464,"[-1, -1, -1, 2, 1, 1, 1, 1, -2, -2, -1, -1, -1, -2, -2, -1, 2, 2, -1, -1, 2, 1, 2, 2, 1, 2, 1, -2, 1]"
225,dfs_bnb_mpi,29226.3,-8,9,7171151519,"[-1, -1, 2, 2, 2, 2, 1, -2, -2, -2, 1, 2, 2, 1, -2, 1, 2, 1, -2, 1, -2, -1, -2, -1, 2, -1, -2, -2, 1]"
226,dfs_bnb_mpi,80.4719,-8,9,21590488,"[-1, -1, 2, 2, 1, -2, 1, 1, -2, -2, -1, -1, -1, -2, -1, -1, 2, 1, 2, -1, 2, 1, 2, 2, 1, 2, 1, -2, 1]"
227,dfs_bnb_mpi,20.8013,-8,9,5028692,"[-1, -1, 2, 2, -1, -2, -1, -2, 1, -2, 1, 1, -2, -1, -1, -1, 2, -1, 2, 2, -1, -2, -2, -1, -2, 1, 1, -2, 1]"
228,dfs_bnb_mpi,339.925,-9,9,102212893,"[-1, -2, 1, 1, 2, 2, -1, -1, -1, -1, -2, 1, -2, -1, -2, -1, -1, 2, 1, 2, -1, 2, 1, 2, 1, 1, 2, 1, -2]"
229,dfs_bnb_mpi,42.0684,-8,9,11911834,"[-1, -1, 2, 2, 2, 2, 2, 1, 1, -2, -2, -1, -2, 1, 1, 2, 2, 1, -2, -2, 1, -2, 1, 2, 1, 2, -1, -1, 2]"
230,dfs_bnb_mpi,3574.77,-8,9,1059699782,"[-1, -1, 2, 2, 2, 2, 1, 1, 2, -1, 2, -1, -2, -1, -2, -1, -2, 1, -2, -2, -2, -1, -1, -2, 1, 1, -2, 1, 2]"
231,dfs_bnb_mpi,9.96883,-8,8,2646597,"[-1, -1, 2, 2, 2, 2, -1, -2, -2, -2, -2, -1, -2, 1, 1, 1, 1, 1, -2, -1, -1, -1, -2, -1, 2, -1, -1, 2, 2]"
232,dfs_bnb_mpi,281.721,-8,9,82257838,"[-1, -1, 2, 2, 1, -2, 1, 2, 2, 1, 2, -1, 2, 2, 1, -2, 1, -2, 1, -2, -1, -2, -1, -2, -2, -2, -1, -1, -1]"
233,dfs_bnb_mpi,99.3133,-8,9,30243355,"[-1, -2, 1, 1, 1, 2, -1, 2, 1, 2, 2, 2, -1, -1, 2, -1, -2, -2, 1, 1, -2, -1, -2, -1, 2, -1, 2, 2, 2]"
234,dfs_bnb_mpi,144.217,-10,11,44236129,"[-1, -1, -1, 2, 1, 1, 1, 2, -1, 2, -1, -2, -1, -1, -2, -2, -2, 1, -2, 1, -2, 1, 2, 1, 1, 2, -1, -1, -1]"
235,dfs_bnb_mpi,4.48881,-8,9,1259032,"[-1, -1, 2, 2, 1, 1, 1, -2, -2, 1, -2, -1, -1, -1, -2, -1, -2, 1, 1, 2, 1, 1, 1, 2, 2, 2, 2, 2, 2]"
236,dfs_bnb_mpi,606.23,-8,8,142131020,"[-1, -1, 2, 2, -1, -1, -2, 1, -2, -1, -1, 2, 2, 2, 1, 1, 1, 1, -2, -2, 1, 1, 2, -1, 2, 2, -1, 2, 2]"
237,dfs_bnb_mpi,398.655,-9,10,95439069,"[-1, -1, 2, 2, 2, 1, 2, 1, 1, 2, -1, -1, 2, -1, 2, -1, 2, -1, -2, -2, 1, -2, 1, -2, -1, -1, -2, 1, -2]"
238,dfs_bnb_mpi,18.8924,-9,10,5561950,"[-1, -1, 2, 1, 2, -1, 2, -1, -2, -1, 2, -1, -2, -1, -1, -2, 1, 1, -2, -1, -1, -2, 1, 1, 1, 2, 2, 1, -2]"
239,dfs_bnb_mpi,1678.57,-4,5,472134463,"[-1, -1, 2, 2, 2, 2, 2, 2, 2, 1, -2, -2, 1, 2, 2, 2, -1, 2, 2, -1, -2, -2, -1, -2, -2, -2, -1, 2, 2]"
240,dfs_bnb_mpi,192.193,-7,8,55463887,"[-1, -1, 2, 2, 2, 2, 2, 2, 2, 2, 1, 1, -2, -1, -2, 1, 1, 2, 2, 2, 2, 2, -1, -2, -2, -1, 2, 2, 2]"
241,dfs_bnb_mpi,32.0896,-6,7,8492208,"[-1, -1, 2, 2, 2, 2, 2, 2, 2, 2, 2, 1, -2, 1, 2, 2, 1, -2, 1, -2, -1, -2, -1, -1, -2, 1, 1, 1, 2]"
242,dfs_bnb_mpi,2643.57,-7,8,797064520,"[-1, -1, 2, 2, 1, -2, 1, 2, 2, 1, -2, -2, -2, -2, -1, -1, -1, -1, -1, -2, 1, 1, -2, 1, 2, 1, 1, 1, 2]"
243,dfs_bnb_mpi,19931.5,-8,9,5300810433,"[-1, -1, 2, 2, -1, -2, -1, 2, 2, 1, 1, 2, -1, -1, -1, -1, -2, -2, -2, -2, -2, 1, 2, 1, 1, -2, -1, -2, -1]"
244,dfs_bnb_mpi,100.496,-8,9,29385672,"[-1, -1, 2, 2, 2, 1, 1, 2, -1, 2, -1, -2, -1, 2, -1, -2, -2, 1, -2, -2, -1, -2, 1, -2, 1, -2, 1, 2, 1]"
245,dfs_bnb_mpi,1.22133,-9,10,359924,"[-1, -1, 2, 1, 2, 1, -2, 1, -2, 1, 2, 1, -2, -2, -1, -1, -1, -1, -2, 1, 1, 1, 1, 1, 2, 2, 2, 2, 2]"
246,dfs_bnb_mpi,5980.99,-8,9,1824961777,"[-1, -1, 2, 2, 2, -1, -2, -2, -1, 2, -1, -2, -1, -2, -1, -2, -1, -1, -2, 1, 1, 1, 2, 1, 2, 1, -2, 1, 2]"
247,dfs_bnb_mpi,92.3423,-9,10,28139050,"[-1, -1, 2, 2, 1, 2, -1, -1, -2, -2, -2, -1, 2, 2, -1, -1, 2, 1, 1, 2, 1, 1, 2, 2, 1, -2, -2, 1, -2]"
248,dfs_bnb_mpi,3.85615,-10,10,968695,"[-1, -2, -2, -1, -1, -2, -1, 2, -1, 2, 1, 1, 1, 2, -1, -1, -1, 2, 2, 1, -2, 1, 2, 1, -2, 1, 2, 2, 2]"
249,dfs_bnb_mpi,174.43,-9,10,49989468,"[-1, -1, 2, 2, 2, 2, -1, -2, -1, -1, 2, 1, 2, -1, -1, -2, -2, -1, -2, 1, -2, 1, 2, 1, -2, -2, 1, 2, 2]"
250,dfs_bnb_mpi,197.202,-9,10,60137686,"[-1, -1, -1, 2, 1, 1, 1, 2, -1, -1, -1, 2, 1, 1, 2, 2, 1, -2, -2, 1, 1, -2, -1, -2, -2, 1, -2, -1, -1]"
251,dfs_bnb_mpi,1655.91,-9,10,464652650,"[-1, -1, 2, -1, 2, 1, 2, 2, 2, 1, 1, 1, 1, -2, -2, -2, -2, -2, -1, 2, 2, 2, -1, -2, -2, -1, 2, 2, 2]"
252,dfs_bnb_mpi,22.583,-10,10,6968829,"[-1, -2, 1, 1, -2, -2, -1, 2, -1, -2, -1, 2, -1, -2, -2, 1, 1, 1, -2, -2, 1, 2, 2, 1, 2, 1, 2, -1, 2]"
253,dfs_bnb_mpi,364.961,-9,10,109323240,"[-1, -2, -1, -1, 2, 1, 2, 2, 1, -2, 1, 2, 2, 2, 1, -2, -2, 1, -2, -1, -2, 1, 1, 1, -2, -1, -1, -1, -1]"
254,dfs_bnb_mpi,101.373,-6,7,28407145,"[-1, -1, 2, 2, 2, 2, 2, 2, 2, 2, 2, 2, 1, -2, -2, 1, 2, 2, 2, 2, -1, -2, -1, -1, -2, -2, -2, -1, 2]"
255,dfs_bnb_mpi,300.885,-8,9,86077660,"[-1, -1, 2, 2, 1, -2, 1, 2, 2, -1, 2, 2, 2, -1, -2, -2, -2, -1, -1, -2, 1, -2, -1, -2, 1, -2, 1, 1, 1]"
256,dfs_bnb_mpi,424.676,-8,9,120258215,"[-1, -1, 2, 2, 2, 2, -1, -2, -1, -2, 1, -2, -1, -2, -2, -2, 1, 1, -2, -2, 1, 2, 2, 1, 2, -1, -1, -1, 2]"
257,dfs_bnb_mpi,12911.6,-6,7,3440427556,"[-1, -1, 2, 2, 1, 2, 2, -1, -2, -1, 2, 2, -1, -2, -2, -2, -1, 2, -1, -2, -2, 1, -2, -2, 1, 2, 2, 1, 2]"
258,dfs_bnb_mpi,2526.33,-8,9,751096123,"[-1, -1, -1, 2, 2, 1, -2, 1, 1, 1, -2, -2, 1, -2, -2, -1, -1, -1, -1, -1, 2, 2, 1, -2, 1, 2, 1, -2, 1]"
259,dfs_bnb_mpi,19.3743,-9,9,5619908,"[-1, -1, 2, 2, 2, -1, -2, -1, -2, 1, -2, -1, -2, -1, -1, 2, 1, 2, 2, 2, 2, -1, -2, -2, -1, -1, -2, 1, 1]"
260,dfs_bnb_mpi,239.608,-6,7,73135234,"[-1, -1, 2, 2, 2, 2, 2, 2, 1, -2, 1, 1, -2, -1, -1, -2, 1, 1, 1, 2, 2, 2, -1, -1, 2, -1, 2, 2, 2]"
261,dfs_bnb_mpi,1681.89,-10,11,496647686,"[-1, -1, 2, 1, 1, 1, 2, -1, -1, 2, -1, -2, -1, -2, -1, -1, -2, -2, -1, -2, 1, -2, 1, 2, 1, 2, 2, -1, -2]"
262,dfs_bnb_mpi,659.037,-8,9,201013863,"[-1, -1, 2, 2, -1, 2, 2, 2, 1, -2, -2, 1, -2, -2, 1, 1, 1, 2, 2, 2, -1, -2, -2, -1, 2, 2, 2, -1, -2]"
263,dfs_bnb_mpi,15.7013,-9,10,4228556,"[-1, -1, 2, 1, 1, 1, -2, 1, 1, 1, -2, -2, -1, 2, -1, -1, -2, 1, -2, -1, -2, -1, 2, 2, -1, -1, 2, 1, 1]"
264,dfs_bnb_mpi,3.77357,-9,10,1141884,"[-1, -1, 2, 2, -1, -2, -2, -1, -2, -2, 1, 2, 1, 1, 1, 1, 2, 2, -1, -1, 2, 1, 2, -1, 2, -1, -2, -1, 2]"
265,dfs_bnb_mpi,7.33104,-10,11,1978811,"[-1, -2, 1, 1, 1, 1, 2, -1, -1, 2, 2, -1, -2, -1, 2, 2, -1, 2, 1, 2, 2, 1, -2, -2, 1, 1, -2, -1, -1]"
266,dfs_bnb_mpi,125448,-6,7,36953066696,"[-1, -1, 2, 2, 1, 2, 2, 2, 2, -1, 2, -1, -2, -1, -2, 1, 1, -2, -2, -1, -1, 2, -1, -2, -2, 1, 1, -2, -1]"
267,dfs_bnb_mpi,173.136,-9,10,52769449,"[-1, -1, 2, 1, 1, 2, 1, 2, 1, -2, -2, -1, -2, -2, -1, -1, -1, -1, 2, 2, 2, 1, 1, 2, 2, 2, 1, -2, -2]"
268,dfs_bnb_mpi,24.7357,-8,9,6956397,"[-1, -1, 2, -1, 2, 2, -1, 2, 2, 1, -2, 1, -2, -2, 1, -2, 1, 1, 1, 2, -1, -1, 2, -1, 2, 2, 2, 2, 2]"
269,dfs_bnb_mpi,58.1528,-10,11,17361646,"[-1, -1, 2, 1, 2, -1, -1, 2, -1, -2, -2, 1, -2, -1, -2, -1, 2, 2, 2, 2, 2, -1, -2, -2, -1, -2, -2, 1, 2]"
270,dfs_bnb_mpi,0.9741,-8,9,242307,"[-1, -1, 2, 1, 1, 2, 2, 2, 1, -2, 1, -2, -1, -2, -2, 1, 2, 1, 2, 2, 1, 2, 2, -1, -2, -1, 2, 2, 2]"
271,dfs_bnb_mpi,992.908,-9,10,295519440,"[-1, -1, 2, 2, -1, -2, -2, -1, -1, -2, 1, -2, -1, -2, -1, -2, 1, -2, 1, 2, 2, 1, 2, 2, 1, 1, -2, -1, -2]"
272,dfs_bnb_mpi,8.30016,-8,9,2328789,"[-1, -1, 2, 2, 2, 2, 1, 2, -1, 2, 1, 2, -1, -1, 2, -1, -2, -2, 1, -2, -2, -1, -1, -2, 1, 1, -2, -1, -1]"
273,dfs_bnb_mpi,250.247,-8,8,74666377,"[-1, -2, 1, 1, 2, 2, 1, 2, -1, 2, 2, 2, 2, 2, -1, -2, -2, -2, -2, -2, -2, -1, 2, 2, 2, 2, 2, 2, 2]"
274,dfs_bnb_mpi,351.061,-9,10,106549546,"[-1, -1, 2, 2, 1, 2, 2, -1, 2, 1, 2, 2, -1, -1, -2, -2, -2, -1, -1, -2, -2, -2, 1, 1, 2, -1, 2, 1, 1]"
275,dfs_bnb_mpi,1553.44,-9,10,464049732,"[-1, -2, 1, 1, 2, 2, -1, -1, 2, 2, 2, 2, -1, -2, -2, -2, -2, -2, -2, -1, -1, 2, 2, 2, 2, 1, -2, -2, -2]"
276,dfs_bnb_mpi,41.6718,-8,8,10828467,"[-1, -1, 2, 2, 2, 2, 2, 1, 2, 1, -2, 1, 1, -2, -1, -1, -1, -2, 1, 1, 1, 1, -2, -1, -1, -2, -1, 2, -1]"
277,dfs_bnb_mpi,870.697,-9,10,246123564,"[-1, -1, 2, 2, 1, 1, -2, 1, 1, -2, -1, -2, -1, -2, 1, -2, -1, -1, -2, -1, -1, 2, 2, 2, 1, 1, -2, -1, -2]"
278,dfs_bnb_mpi,181.742,-9,10,54289814,"[-1, -1, 2, 2, 2, 2, 1, -2, 1, 2, 1, 2, 2, 2, -1, -2, -1, 2, 2, -1, -2, -2, -1, -1, -2, 1, 1, 1, 1]"
279,dfs_bnb_mpi,1122.01,-10,10,316015981,"[-1, -2, 1, -2, -1, -1, 2, 2, -1, 2, 2, 2, 1, -2, -2, 1, 2, 2, 1, -2, -2, 1, 1, 1, -2, -1, -2, -1, 2]"
280,dfs_bnb_mpi,499.013,-8,8,135726058,"[-1, -1, 2, 2, 2, 2, 2, 1, -2, 1, 2, 1, 2, -1, 2, 2, 2, -1, -2, -2, -2, -1, 2, -1, -2, -1, -2, 1, -2]"
281,dfs_bnb_mpi,74.2735,-9,10,22579567,"[-1, -1, 2, 1, 2, -1, -1, 2, -1, -2, -1, -1, -1, -2, -1, -1, -2, 1, 1, -2, 1, 2, 1, 1, 1, 2, -1, -1, -1]"
282,dfs_bnb_mpi,196.413,-9,10,49354216,"[-1, -1, 2, 2, 1, 2, -1, -1, -2, -2, -1, 2, 2, -1, 2, -1, -2, -2, 1, -2, -1, -2, -1, -1, 2, 1, 2, 2, 2]"
283,dfs_bnb_mpi,91.9564,-9,10,25384250,"[-1, -2, -1, 2, -1, 2, -1, -1, 2, 2, 1, -2, 1, 1, -2, 1, 2, 1, 2, -1, 2, 2, -1, -2, -2, -1, 2, 2, 2]"
284,dfs_bnb_mpi,9557.55,-6,7,2895865345,"[-1, -1, 2, 2, 2, 1, -2, -2, 1, 2, 2, 2, 2, 1, -2, -2, -2, 1, -2, -1, -2, -2, -1, -1, -1, -1, -1, 2, 1]"
285,dfs_bnb_mpi,2.02214,-8,9,624153,"[-1, -2, 1, 1, 2, 2, -1, -1, 2, 1, 2, 2, -1, -2, -1, -1, -2, 1, -2, -2, -1, -2, 1, -2, 1, 1, 1, 1, 2]"
286,dfs_bnb_mpi,3.35924,-9,10,1001376,"[-1, -1, 2, 1, 1, 2, 1, -2, -2, -2, -1, -2, -1, 2, -1, -2, -2, 1, 1, 1, 2, 1, 2, 2, 1, 2, -1, 2, 2]"
287,dfs_bnb_mpi,6.6382,-9,10,1988750,"[-1, -1, 2, 2, 1, -2, 1, 2, 2, -1, -1, 2, 2, -1, -2, -2, -2, -2, -2, -1, -1, 2, 1, 2, -1, 2, 1, 2, 2]"
288,dfs_bnb_mpi,117.557,-8,9,36030272,"[-1, -1, 2, 2, 2, 2, 2, 1, -2, -2, 1, 1, 2, -1, 2, 2, 1, 1, -2, -2, -2, -2, -1, -1, -1, -2, 1, 1, 1]"
289,dfs_bnb_mpi,81.1563,-8,9,18468117,"[-1, -1, 2, 2, -1, 2, 2, -1, -2, -2, -1, -1, -2, 1, -2, 1, 2, 1, -2, -2, 1, 1, -2, -1, -1, -1, 2, -1, -1]"
290,dfs_bnb_mpi,107.878,-10,11,33120293,"[-1, -1, 2, 2, 1, -2, 1, 2, 2, 1, -2, -2, -2, 1, -2, -1, -2, 1, -2, -1, -1, 2, 2, -1, -1, -2, 1, -2, -1]"
291,dfs_bnb_mpi,1897.82,-10,11,569852035,"[-1, -1, 2, 1, 1, 2, -1, 2, 1, 2, 1, -2, 1, 2, 1, -2, -2, -1, -2, 1, -2, -1, -2, -2, -1, 2, 2, 2, 2]"
292,dfs_bnb_mpi,133.062,-9,10,40598640,"[-1, -1, 2, 1, 2, 1, 2, -1, -1, -2, -1, 2, 2, 1, 2, 1, 2, 2, 2, 2, 2, 1, -2, -2, -2, -2, -2, -2, -1]"
293,dfs_bnb_mpi,522.586,-8,9,153929096,"[-1, -1, 2, 2, 2, 2, -1, -2, -2, -2, -2, -1, -1, -2, 1, -2, -2, 1, 1, 2, -1, 2, 1, 1, -2, 1, 2, 1, 2]"
294,dfs_bnb_mpi,42.0723,-8,9,11589580,"[-1, -1, 2, 2, 1, 1, 1, 2, -1, -1, 2, 2, -1, -2, -2, -1, 2, 2, 2, -1, -2, -1, -2, 1, -2, -2, 1, -2, -1]"
295,dfs_bnb_mpi,53.8037,-9,10,13456201,"[-1, -1, 2, 2, 2, 2, 1, 2, -1, 2, 1, 2, -1, -1, -1, -2, 1, -2, -2, -2, -1, -1, 2, 1, 2, -1, -1, 2, 1]"
296,dfs_bnb_mpi,120.156,-9,10,36432489,"[-1, -1, 2, 2, 1, -2, 1, 2, 2, 1, -2, -2, -2, -2, 1, -2, -1, -1, 2, -1, -2, -1, 2, -1, -1, 2, 1, 2, 2]"
297,dfs_bnb_mpi,11.1429,-9,10,3414835,"[-1, -1, -1, 2, 1, 1, 1, 2, -1, -1, 2, 1, 1, 2, 1, -2, 1, 1, -2, -1, -1, -2, -2, -2, -1, -1, -1, -1, -1]"
298,dfs_bnb_mpi,96.4288,-6,7,28920195,"[-1, -1, 2, 2, 2, -1, -1, -2, -2, 1, -2, -1, -1, 2, -1, 2, 1, 2, -1, -1, -2, -2, -2, 1, -2, 1, 1, 1, 1]"
299,dfs_bnb_mpi,21029.8,-4,5,5125422674,"[-1, -1, 2, 2, 2, 2, 2, 2, 2, 2, 2, 2, 2, 2, 2, 2, 2, 2, 1, 2, 2, 1, -2, -2, 1, -2, -1, -1, -2]"
300,dfs_bnb_mpi,328.649,-9,10,92329277,"[-1, -1, 2, -1, -1, 2, -1, -1, 2, 1, 1, 2, 2, 1, -2, -2, -2, 1, 1, -2, 1, 2, 2, -1, 2, 2, -1, -2, -2]"
301,dfs_bnb_mpi,508.719,-8,9,121971113,"[-1, -1, 2, 2, 1, 1, -2, 1, 2, 2, 1, 1, 1, -2, -2, 1, -2, -1, -1, 2, 2, -1, -2, -2, -1, -2, 1, 1, 1]"
302,dfs_bnb_mpi,375.768,-9,10,106829300,"[-1, -1, 2, -1, -2, -1, 2, -1, -2, -2, 1, -2, -1, -2, 1, 1, 2, 2, 1, -2, -2, -2, 1, 2, 1, 2, 2, -1, -2]"
303,dfs_bnb_mpi,110.817,-8,9,32604150,"[-1, -1, 2, 2, 2, -1, -1, -2, 1, -2, -2, -1, 2, -1, 2, 2, -1, -1, -2, 1, -2, -2, 1, -2, -1, -2, 1, 1, 2]"
304,dfs_bnb_mpi,49.5453,-9,10,13851332,"[-1, -1, 2, 2, 1, -2, 1, 1, -2, 1, 2, 1, -2, -2, -1, -1, -1, -1, -1, -1, -2, 1, -2, 1, 2, 1, 1, 1, 1]"
305,dfs_bnb_mpi,2730.42,-8,9,721198722,"[-1, -1, 2, 2, -1, -2, -2, -1, -1, -1, -1, 2, -1, 2, 2, 2, 1, -2, -2, 1, -2, 1, 1, 2, -1, 2, 2, -1, -2]"
306,dfs_bnb_mpi,6.01648,-9,10,1547158,"[-1, -2, 1, 1, -2, 1, 2, 1, 1, 1, 2, -1, -1, -1, -1, 2, 1, 1, 2, 2, -1, -2, -1, 2, -1, -2, -2, -1, 2]"
307,dfs_bnb_mpi,17.2371,-9,10,5349888,"[-1, -2, 1, 1, 2, 1, 2, -1, -1, -1, 2, 1, 2, 2, 1, -2, -2, 1, 1, -2, -2, -2, -1, -2, -1, -1, -1, -1, 2]"
308,dfs_bnb_mpi,911.8,-9,10,262380344,"[-1, -1, 2, 2, 2, 2, 1, 2, -1, 2, 2, -1, -2, -2, -2, -2, -2, -2, -1, 2, -1, 2, -1, 2, 1, 2, 1, -2, -2]"
309,dfs_bnb_mpi,2478.96,-8,9,703498725,"[-1, -2, -1, -1, 2, 1, 2, -1, 2, 1, 1, -2, 1, 1, 1, 2, -1, -1, 2, 1, 2, -1, 2, -1, -1, -2, -2, 1, 2]"
310,dfs_bnb_mpi,32.4475,-8,9,8387121,"[-1, -1, 2, 2, 2, 2, 1, -2, -2, -2, 1, 2, 1, -2, -2, 1, 2, 2, 2, -1, -1, 2, 1, 2, 2, 2, 2, 2, 2]"
311,dfs_bnb_mpi,4.25369,-8,9,1305288,"[-1, -1, 2, 1, 2, 2, 2, 1, -2, -2, -2, 1, -2, -2, 1, 1, 2, -1, 2, 2, -1, 2, 1, 1, -2, -2, 1, 2, 2]"
312,dfs_bnb_mpi,8.27429,-8,9,2497630,"[-1, -1, 2, 2, 2, 2, 1, 2, 2, -1, -2, -1, 2, 2, 1, 1, 1, 1, -2, -1, -2, 1, 1, -2, -1, -1, -2, -1, -2]"
313,dfs_bnb_mpi,28290.3,-9,10,7074582955,"[-1, -1, 2, 2, -1, 2, 2, 1, 1, 2, 2, 1, -2, -2, -2, 1, 1, -2, -2, -2, -1, 2, 2, -1, -2, -1, 2, 2, -1]"
314,dfs_bnb_mpi,47343,-8,9,13453623268,"[-1, -1, 2, 2, 2, 2, 2, 2, 2, 1, 1, 1, -2, 1, 1, -2, -1, -1, -2, -1, 2, 2, -1, -2, -2, -2, 1, -2, -1]"
315,dfs_bnb_mpi,6128.94,-8,9,1797385905,"[-1, -1, 2, 2, 2, 1, 1, 2, -1, -1, 2, -1, 2, 2, 2, -1, -2, -2, -2, -1, -2, 1, 1, -2, -1, -2, -2, 1, 2]"
316,dfs_bnb_mpi,19867.7,-8,9,5947461992,"[-1, -1, 2, 2, 2, -1, 2, 2, 2, -1, -2, -2, -2, -2, -1, 2, 2, 2, -1, -2, -2, -2, -2, 1, -2, 1, 2, 1, 2]"
317,dfs_bnb_mpi,78251.8,-10,11,20364237625,"[-1, -2, 1, -2, -2, 1, 2, 2, 1, 2, 2, 1, 2, -1, 2, 2, 2, 2, 2, -1, -2, -2, -2, -2, -2, -1, -2, 1, -2]"
318,dfs_bnb_mpi,2474.17,-9,10,642626810,"[-1, -1, 2, 1, 1, 2, -1, -1, 2, -1, -2, -2, -2, -1, -1, -1, 2, -1, 2, 1, 1, -2, 1, 2, 2, -1, 2, -1, -2]"
319,dfs_bnb_mpi,91.1293,-8,9,27805709,"[-1, -2, 1, 1, 2, 2, -1, 2, -1, -2, -1, -2, -1, -1, 2, 2, 2, -1, -2, -2, -2, -2, 1, -2, 1, 2, 1, -2, 1]"
320,dfs_bnb_mpi,12.8015,-8,9,3826897,"[-1, -2, 1, 1, 1, 1, 2, 2, -1, -2, -1, 2, 2, 2, -1, -2, -2, -1, 2, -1, -2, -2, -1, -2, 1, -2, 1, 1, 1]"
321,dfs_bnb_mpi,173969,-6,6,39349795133,"[-1, -1, 2, 2, 2, 2, 2, 2, 2, 2, 2, 2, 2, 2, 1, 1, 2, -1, -1, 2, -1, -2, -1, -1, -2, 1, 1, -2, -1]"
322,dfs_bnb_mpi,23.4166,-6,7,5690365,"[-1, -1, 2, 2, 2, 2, 1, -2, -2, -2, 1, 1, -2, -2, -1, -1, -1, -1, -1, -2, 1, 1, -2, -2, 1, 2, 2, 1, 1]"
323,dfs_bnb_mpi,5756.22,-6,7,1745998319,"[-1, -1, 2, 2, 2, 2, 2, -1, -2, -2, -1, -2, 1, -2, -2, -2, 1, 1, 1, 1, 2, 2, 2, -1, 2, -1, -2, -2, 1]"
324,dfs_bnb_mpi,7.32192,-7,8,2157725,"[-1, -1, 2, 2, 2, 1, 1, 1, -2, -1, -1, -2, 1, 1, -2, 1, -2, -1, -2, 1, 1, -2, -1, -1, -1, 2, 2, -1, -1]"
325,dfs_bnb_mpi,2.13275,-9,10,646124,"[-1, -1, 2, -1, -2, -2, -1, -2, 1, -2, 1, 2, 2, 1, -2, -2, 1, 2, 2, 1, 1, 2, -1, 2, -1, 2, 2, 2, 2]"
326,dfs_bnb_mpi,4.62949,-9,10,1360029,"[-1, -1, 2, -1, -2, -1, -1, -2, 1, 1, 1, 1, 1, -2, -2, -1, 2, -1, -2, -2, -1, -1, 2, 1, 2, -1, -1, -1, 2]"
327,dfs_bnb_mpi,34.2436,-8,9,8900439,"[-1, -1, 2, 2, 2, 2, 2, 1, -2, -2, -2, -2, 1, 2, 1, 2, -1, 2, 1, 1, -2, -2, 1, 1, 1, 2, -1, -1, 2]"
328,dfs_bnb_mpi,13.3307,-8,9,3520604,"[-1, -1, 2, 2, 2, 2, 1, 2, 2, -1, -2, -1, -2, -1, -2, 1, -2, -1, -1, 2, -1, -1, 2, 1, 1, 2, 2, 2, 2]"
329,dfs_bnb_mpi,613.75,-8,9,184612993,"[-1, -1, 2, 2, 2, 2, 2, -1, -1, -2, 1, -2, -2, -2, -2, -2, 1, 1, -2, -1, -1, -1, 2, 2, -1, 2, 1, 2, 2]"
330,dfs_bnb_mpi,3664.12,-9,10,1062170765,"[-1, -1, 2, 1, 2, 1, -2, 1, 2, 2, 2, 1, -2, -2, -2, 1, 2, 1, -2, -2, -1, -1, -1, -2, -1, -1, -1, -2, 1]"
331,dfs_bnb_mpi,3.5534,-9,10,827909,"[-1, -1, 2, 2, -1, -2, -2, -2, 1, 1, -2, -1, -1, -1, 2, 2, 2, -1, -2, -1, -1, -2, 1, 1, -2, -2, 1, 1, 1]"
332,dfs_bnb_mpi,114867,-8,9,34023440812,"[-1, -1, 2, 2, 2, 2, 2, 1, -2, -2, -2, -2, 1, 2, 1, -2, -2, 1, 1, -2, -1, -2, -2, -1, 2, 2, -1, -1, -1]"
333,dfs_bnb_mpi,4850.58,-8,9,1438327569,"[-1, -2, 1, -2, 1, 1, 2, -1, 2, 1, 1, 2, -1, 2, 1, 2, 2, 2, 2, -1, -2, -2, -2, -1, -2, -2, -1, 2, 2]"
334,dfs_bnb_mpi,152.397,-9,10,46269043,"[-1, -1, 2, 2, 2, 2, 2, -1, -2, -2, -2, -1, 2, 2, 2, -1, -2, -2, -1, -1, -2, 1, 1, -2, 1, 1, -2, -1, -1]"
335,dfs_bnb_mpi,3.2274,-6,7,783677,"[-1, -1, 2, 2, 2, 1, 2, 2, 2, -1, -1, -2, 1, -2, -1, -1, -2, 1, -2, -1, -1, 2, 2, 2, 1, 2, 2, 2, 2]"
336,dfs_bnb_mpi,0.135748,-8,8,37456,"[-1, -1, 2, 2, 2, 1, -2, -2, 1, 1, 2, -1, 2, 2, 1, -2, 1, 2, 2, -1, -1, -1, -2, -1, 2, 2, 2, 2, 2]"
337,dfs_bnb_mpi,2656.72,-9,10,720348705,"[-1, -1, 2, 1, 1, 1, 2, 1, 1, 2, -1, 2, 2, 2, 2, -1, -1, -2, -2, -2, 1, -2, -1, -2, -1, -1, 2, 1, 2]"
338,dfs_bnb_mpi,185.601,-8,9,53403670,"[-1, -1, 2, 2, 2, 2, 1, 2, -1, 2, -1, -2, -1, 2, -1, -2, -1, -2, 1, 1, 1, -2, -2, -1, -1, -1, 2, 1, 1]"
339,dfs_bnb_mpi,17.6736,-8,9,5074823,"[-1, -1, 2, 2, 1, -2, 1, 2, 2, 2, 2, 1, -2, 1, 2, 1, -2, 1, -2, -1, -1, -1, -2, -2, 1, 2, 1, 1, 1]"
340,dfs_bnb_mpi,114.291,-7,8,35519800,"[-1, -1, 2, 2, 2, 2, 2, 1, 2, 1, 2, 2, 1, -2, 1, 2, 1, -2, -2, -1, -1, -2, -1, -2, -1, -2, 1, 1, 2]"
341,dfs_bnb_mpi,23105.1,-9,10,5349183757,"[-1, -2, -2, -1, 2, -1, -1, 2, 2, 2, 1, -2, -2, 1, 2, 2, 2, 2, 1, -2, -2, -2, 1, 2, 1, -2, -2, -2, -1]"
342,dfs_bnb_mpi,11.1254,-8,9,2657714,"[-1, -1, 2, 1, 2, -1, -1, 2, -1, -2, -1, -1, -2, 1, 1, 1, -2, -1, -1, -1, -2, 1, 1, 1, 1, 1, 1, 1, 2]"
343,dfs_bnb_mpi,5269.7,-7,8,1446632709,"[-1, -1, 2, 2, 2, 2, 2, 2, 2, 2, 2, 2, 2, 1, -2, 1, 1, 1, -2, -2, -2, -1, -1, 2, -1, 2, 1, 1, -2]"
344,dfs_bnb_mpi,289.26,-6,7,78253199,"[-1, -1, 2, 2, 2, 2, -1, -2, -2, -2, -1, -1, -2, 1, 1, -2, -2, 1, 2, 1, 1, 1, 2, 2, 2, -1, -1, -2, 1]"
345,dfs_bnb_mpi,496.809,-8,9,122776962,"[-1, -1, 2, 2, 2, 2, 1, 1, 2, 2, -1, -2, -1, 2, 2, 2, -1, -2, -2, -2, -1, 2, 2, -1, -2, -2, -2, 1, 1]"
346,dfs_bnb_mpi,45729.4,-8,9,13196875260,"[-1, -1, 2, 2, 1, 2, 1, 1, 2, 2, -1, -2, -1, 2, -1, -2, -1, -1, -2, -2, -2, -1, -2, 1, 1, 2, 2, 2, 1]"
347,dfs_bnb_mpi,96.6638,-8,9,23639151,"[-1, -1, 2, 2, 2, 1, 1, 2, 2, 1, -2, 1, 1, -2, -1, -1, -2, -1, -1, -2, 1, 1, 1, -2, -1, -2, 1, 1, 2]"
348,dfs_bnb_mpi,12992.7,-6,7,3844400460,"[-1, -1, 2, 2, 2, 1, -2, -2, 1, 2, 2, 2, 2, -1, -2, -1, 2, -1, -2, -2, -2, -2, -2, -2, 1, 1, -2, -1, -1]"
349,dfs_bnb_mpi,143.898,-8,9,43414069,"[-1, -1, 2, 2, -1, -2, -1, -2, 1, -2, -1, -1, 2, 2, -1, -1, 2, 2, 2, -1, -2, -2, -2, -2, 1, 1, -2, -1, -1]"
350,dfs_bnb_mpi,33.3801,-9,10,8936299,"[-1, -1, 2, 2, -1, 2, -1, -2, -1, 2, -1, -2, -2, 1, 1, 1, -2, -2, -1, 2, -1, -1, -2, -1, 2, 2, -1, 2, 1]"
351,dfs_bnb_mpi,12.1854,-10,11,3484328,"[-1, -1, -1, 2, 1, 1, 2, -1, -1, -1, -2, -2, -2, 1, -2, 1, 2, 1, 1, -2, 1, 2, 1, 2, -1, 2, -1, 2, 2]"
352,dfs_bnb_mpi,8085.59,-4,5,2251293538,"[-1, -1, 2, 2, 2, 2, 2, 1, 1, -2, -1, -2, 1, -2, 1, 2, 2, 2, 2, -1, -1, -1, -1, -2, -2, -2, -1, 2, 2]"
353,dfs_bnb_mpi,476.615,-8,9,144368791,"[-1, -1, 2, 2, 2, 2, -1, -2, -2, -1, 2, 2, 2, -1, -2, -2, -1, 2, 2, -1, -2, -2, -2, 1, 1, -2, 1, 1, -2]"
354,dfs_bnb_mpi,806.143,-9,10,235220707,"[-1, -1, 2, 2, 1, -2, 1, 2, 1, 1, 2, -1, 2, 2, -1, -2, -2, -1, -1, 2, -1, -2, -1, -2, 1, -2, -2, -2, 1]"
355,dfs_bnb_mpi,136.259,-9,10,36178668,"[-1, -1, 2, 2, -1, -1, 2, 2, -1, -2, -1, -1, -2, 1, 1, -2, 1, 1, -2, -1, -1, -2, 1, -2, 1, 2, 1, 1, 1]"
356,dfs_bnb_mpi,5.32153,-10,11,1580492,"[-1, -2, -1, -2, 1, -2, 1, 2, 2, 1, 2, 1, 1, 2, -1, -1, -1, -1, -1, 2, 1, 1, 2, 1, -2, 1, 2, 2, 2]"
357,dfs_bnb_mpi,9641.49,-9,10,2669134709,"[-1, -2, -1, 2, -1, 2, 2, 2, 2, 1, -2, 1, 2, 2, 1, -2, 1, 2, 1, -2, -2, -1, -1, -2, -2, -1, 2, -1, -2]"
358,dfs_bnb_mpi,829.3,-8,9,239176783,"[-1, -1, 2, 1, 2, 2, 1, -2, 1, 2, 1, -2, -2, -2, -2, -2, -1, -1, -2, -1, -1, 2, 1, 2, 1, 1, 2, 2, -1]"
359,dfs_bnb_mpi,0.684117,-9,10,175399,"[-1, -1, 2, -1, -2, -2, 1, -2, -2, 1, 2, 2, 1, -2, -2, 1, 2, 2, 1, 1, 2, -1, -1, 2, -1, -1, 2, 2, 2]"
360,dfs_bnb_mpi,14.9858,-9,10,3986062,"[-1, -1, 2, 1, 1, 2, 2, 2, 1, -2, 1, 2, 1, -2, -2, -1, -1, -2, 1, 1, 1, -2, -1, -1, -1, -2, -2, -1, 2]"
361,dfs_bnb_mpi,2.3049,-9,10,673715,"[-1, -1, 2, 2, 1, 2, 2, -1, -2, -1, -2, -1, -2, 1, -2, -2, 1, 1, -2, 1, -2, -1, -1, 2, -1, -1, 2, 2, -1]"
362,dfs_bnb_mpi,11.3837,-9,9,3455245,"[-1, -1, 2, 1, 1, 2, 1, -2, 1, -2, -1, -2, -1, -1, -1, -1, -1, -2, 1, 1, 1, 1, 1, -2, -1, -1, -1, -1, -1]"
363,dfs_bnb_mpi,50609.3,-6,7,13864412111,"[-1, -1, 2, 1, 2, 1, 1, 2, 2, 2, -1, -2, -2, -1, 2, 2, -1, -2, -2, -2, -1, -2, -2, -2, -2, 1, 2, 1, 1]"
364,dfs_bnb_mpi,328.785,-8,9,92906651,"[-1, -2, 1, 1, 2, 2, -1, 2, 2, -1, -2, -2, -1, -2, -2, -2, 1, 1, 1, -2, 1, 1, -2, -1, -1, -1, 2, -1, -1]"
365,dfs_bnb_mpi,32.2019,-8,9,9190339,"[-1, -1, 2, 2, -1, -2, -2, -1, -2, -1, -1, -2, 1, 1, 1, 2, 1, -2, 1, 2, 1, 1, 2, 2, 2, -1, -1, -2, 1]"
366,dfs_bnb_mpi,751.893,-9,10,224489795,"[-1, -1, 2, 2, 2, 2, 2, 2, 1, -2, -2, -2, 1, 1, 2, 1, -2, 1, 1, -2, -1, -1, -2, -1, 2, -1, -2, -1, 2]"
367,dfs_bnb_mpi,88279.9,-6,7,21052667164,"[-1, -1, 2, 2, 2, 2, 2, 2, 2, 2, 1, 2, 2, 2, -1, -1, -1, -1, -2, -1, -2, 1, 1, 2, 1, 1, -2, -1, -2]"
368,dfs_bnb_mpi,2630.04,-9,10,704836845,"[-1, -1, 2, 2, 2, 2, 2, 2, 1, 2, 2, -1, -2, -1, -2, -1, -2, -1, 2, 2, 1, 2, 1, 2, 2, 1, 1, -2, -1]"
369,dfs_bnb_mpi,121.482,-8,9,35475802,"[-1, -1, 2, 2, -1, 2, 1, 1, -2, 1, 2, 2, -1, -1, -1, -1, -2, -2, -1, -2, -1, -2, 1, -2, 1, 2, 2, 1, -2]"
370,dfs_bnb_mpi,31.7781,-10,11,8847197,"[-1, -1, 2, 2, 2, 1, -2, -2, 1, 1, 2, -1, 2, 1, 1, -2, -2, 1, 2, 1, 1, 2, -1, -1, 2, -1, 2, -1, -2]"
371,dfs_bnb_mpi,50.095,-10,11,14044043,"[-1, -2, -1, 2, -1, 2, 1, 1, 1, 1, 2, 2, 1, 2, -1, 2, -1, -2, -2, -2, -1, -1, -1, 2, 2, 1, 1, -2, -1]"
372,dfs_bnb_mpi,63.0567,-8,9,18924508,"[-1, -1, 2, 2, -1, 2, 1, 2, 2, 1, -2, 1, 2, 2, 1, 2, 1, -2, 1, -2, -1, -1, -2, -2, -1, -1, -2, -2, 1]"
373,dfs_bnb_mpi,28.9016,-7,8,8491734,"[-1, -1, 2, 1, 2, 2, -1, 2, 2, 2, 1, -2, -2, 1, 1, -2, -1, -2, -2, 1, -2, -2, -1, -1, -1, -1, 2, 2, 2]"
374,dfs_bnb_mpi,5.31213,-8,9,1646821,"[-1, -1, 2, 2, 2, 1, -2, -2, 1, 1, -2, -2, -1, -1, -2, 1, 1, -2, -1, -1, -1, 2, 2, -1, -1, 2, 1, 2, 2]"
375,dfs_bnb_mpi,767.07,-8,8,234406142,"[-1, -1, 2, 2, 2, 2, 2, 2, 1, 2, -1, -1, -1, -2, 1, -2, -1, -1, 2, -1, 2, 1, 2, 1, 2, 1, -2, 1, 2]"
376,dfs_bnb_mpi,104.339,-8,9,28720268,"[-1, -1, 2, 1, 2, 1, -2, 1, 1, -2, -1, -2, 1, 1, -2, -1, -1, -1, 2, -1, -1, -1, -1, -2, 1, 1, 1, -2, 1]"
377,dfs_bnb_mpi,15179.8,-8,9,4590707725,"[-1, -1, 2, 2, -1, -1, -2, -2, -1, -1, -2, 1, 1, -2, 1, -2, 1, 2, 1, 1, 1, 1, 2, -1, -1, -1, -1, -1, 2]"
378,dfs_bnb_mpi,12.3922,-9,10,3803970,"[-1, -1, 2, 2, 2, 2, 1, -2, -2, -2, 1, 2, 2, 1, 2, 2, 2, 1, -2, -2, -2, 1, 1, -2, -1, -1, -2, -1, 2]"
379,dfs_bnb_mpi,2.60645,-8,9,787976,"[-1, -1, 2, 2, 1, -2, 1, 2, 1, -2, -2, -2, 1, 1, 2, -1, 2, 1, 1, 2, -1, -1, 2, -1, 2, 2, 2, 2, 2]"
380,dfs_bnb_mpi,8.67876,-9,10,2017208,"[-1, -1, 2, 2, 2, -1, -2, -1, 2, -1, -1, -2, 1, -2, 1, 1, -2, -1, -2, -1, 2, -1, 2, -1, 2, 2, 2, 2, 2]"
381,dfs_bnb_mpi,9429.27,-8,9,2239443571,"[-1, -1, 2, 2, 2, 2, 2, 2, 2, -1, -2, -2, -2, -2, -2, -2, -1, -2, 1, -2, -1, -2, -1, -2, 1, 1, 2, 1, 2]"
382,dfs_bnb_mpi,764.921,-8,9,218482916,"[-1, -1, 2, 2, 2, 2, 1, 1, -2, -1, -2, -2, 1, 2, 1, 2, 2, 1, -2, -2, -2, -1, -2, -2, -2, -1, 2, -1, -1]"
383,dfs_bnb_mpi,2516.04,-8,9,640211171,"[-1, -1, 2, 2, -1, -2, -2, -2, 1, 1, 1, 1, -2, -2, 1, -2, -1, -1, -1, 2, 1, 2, -1, -1, -1, -2, 1, -2, -1]"
384,dfs_bnb_mpi,2494.57,-8,9,556494611,"[-1, -2, 1, 1, 1, 1, 1, 1, 2, -1, -1, -1, 2, 1, 2, -1, 2, -1, -1, -2, 1, -2, -1, -1, -1, -2, -1, 2, 2]"
385,dfs_bnb_mpi,830.546,-6,7,248476819,"[-1, -1, 2, 2, 2, 2, 2, 1, 2, 1, 1, 2, -1, -1, 2, -1, -2, -2, -1, -2, -1, 2, -1, -2, -2, 1, 1, -2, -1]"
386,dfs_bnb_mpi,4567.42,-6,7,1387856410,"[-1, -1, 2, 2, 2, 2, 2, 1, 1, -2, -1, -2, 1, 1, -2, -1, -1, -2, 1, 1, 1, 2, 2, 2, 2, 2, -1, -2, -2]"
387,dfs_bnb_mpi,4222.43,-8,8,1001023052,"[-1, -1, 2, 2, 2, 2, 2, 2, 2, 2, 1, 1, -2, 1, -2, 1, 1, -2, -1, -1, -1, 2, -1, -2, -2, 1, -2, -1, -2]"
388,dfs_bnb_mpi,5558.46,-4,5,1589333778,"[-1, -1, 2, 2, 2, 2, 2, 2, 2, 1, -2, -2, 1, 2, 1, -2, -2, -1, -1, -2, -2, -2, 1, 1, -2, -2, -1, -1, -1]"
389,dfs_bnb_mpi,104.758,-8,8,29871539,"[-1, -1, 2, 2, 2, 2, 1, 1, -2, 1, 2, 2, -1, 2, -1, -2, -1, 2, -1, -2, -1, 2, 2, -1, -2, -2, -2, 1, 1]"
390,dfs_bnb_mpi,58493.7,-8,9,12858491141,"[-1, -1, 2, 2, -1, 2, 2, -1, -1, -1, -2, -2, -2, -2, 1, 1, -2, -1, -2, 1, 1, 2, 2, 2, -1, -1, 2, 1, 2]"
391,dfs_bnb_mpi,306.273,-6,7,79356227,"[-1, -1, 2, 2, 2, 2, 2, 2, 2, 2, 2, 1, 2, 1, 1, -2, -1, -2, -1, -2, 1, -2, 1, 2, 2, 1, 2, 2, 2]"
392,dfs_bnb_mpi,366.32,-9,10,106502761,"[-1, -1, 2, -1, -2, -1, 2, 2, -1, -2, -2, -1, -1, -2, 1, 1, -2, 1, 1, -2, 1, 2, 1, 1, 2, -1, -1, -1, -1]"
393,dfs_bnb_mpi,21.5586,-9,10,6393453,"[-1, -1, 2, 1, 2, -1, -1, 2, 1, 2, 2, -1, 2, 1, 2, 1, -2, -2, -2, -2, 1, -2, 1, 2, 1, -2, -2, -1, -1]"
394,dfs_bnb_mpi,18939.5,-9,10,5002319872,"[-1, -1, 2, 2, 2, 2, 1, -2, -2, 1, 2, 2, 1, -2, -2, 1, -2, -2, 1, -2, -1, -2, -1, -1, 2, 1, 2, 2, -1]"
395,dfs_bnb_mpi,19.2747,-10,11,5599689,"[-1, -1, 2, 1, 1, 2, 1, -2, 1, 2, 2, 2, 1, -2, -2, 1, -2, -1, -2, -1, -1, -2, 1, 1, -2, -1, -1, -1, 2]"
396,dfs_bnb_mpi,10.7059,-8,8,2868272,"[-1, -1, 2, 2, 2, 1, -2, -2, 1, 2, 2, 2, -1, -1, -1, -2, -1, -2, 1, -2, -1, -1, -2, 1, 1, -2, 1, 1, 1]"
397,dfs_bnb_mpi,726.519,-8,9,204538151,"[-1, -1, 2, 2, 2, 2, 1, -2, -2, -2, 1, 1, -2, -2, -1, -1, -1, -1, 2, 2, 2, 2, -1, 2, -1, -2, -2, 1, -2]"
398,dfs_bnb_mpi,591.735,-10,11,159732714,"[-1, -1, 2, 1, 1, 2, -1, -1, 2, -1, -1, 2, -1, 2, -1, -1, -2, 1, -2, 1, -2, 1, -2, -1, -2, 1, 1, 2, 2]"
399,dfs_bnb_mpi,85761.6,-9,10,24726549960,"[-1, -2, 1, 1, 1, 1, 2, -1, -1, 2, 2, 2, -1, -1, -1, -2, -2, -2, -2, -1, -2, 1, -2, 1, 1, 1, 2, -1, -1]"
400,dfs_bnb_mpi,1406.49,-9,10,321117013,"[-1, -1, 2, 2, 2, 1, -2, -2, 1, 2, 2, 2, 1, -2, -2, -2, 1, 1, -2, -1, -1, -2, 1, -2, 1, 2, 1, 2, 2]"
401,dfs_bnb_mpi,4982.75,-6,7,1449900226,"[-1, -1, 2, 2, 1, 2, 1, 2, 2, 2, 2, 2, -1, -2, -2, -2, -2, -1, -2, -1, -2, -2, -2, -1, 2, -1, 2, 1, 2]"
402,dfs_bnb_mpi,2.56139,-9,10,683081,"[-1, -1, 2, -1, -2, -1, -2, -2, -2, 1, 1, 2, -1, 2, 1, 1, -2, -2, 1, 2, 1, -2, -2, -1, -1, -2, -1, 2, -1]"
403,dfs_bnb_mpi,16123.8,-6,7,4825805699,"[-1, -1, 2, 2, 2, 2, 2, 1, 2, 1, -2, 1, -2, -1, -1, -2, 1, 1, 1, 1, -2, -1, -1, -1, -1, -2, 1, 1, 1]"
404,dfs_bnb_mpi,16904.9,-7,8,4981002787,"[-1, -1, 2, 2, 2, 2, 2, 2, 2, 2, 2, 1, 2, 1, 2, 1, -2, 1, 2, 1, -2, -2, -1, -1, -1, -2, -1, -2, 1]"
405,dfs_bnb_mpi,1920.04,-8,9,520654226,"[-1, -1, 2, 2, 2, 2, -1, -1, -2, -2, -2, -2, 1, -2, -1, -1, -2, 1, 1, -2, 1, 1, 2, -1, 2, 1, 1, 1, 2]"
406,dfs_bnb_mpi,12818.9,-5,6,3854716837,"[-1, -1, 2, 2, 2, 2, 2, 2, 1, 1, -2, -2, -2, -2, -2, 1, -2, 1, 1, -2, -1, -1, -1, -1, -2, -1, 2, -1, 2]"
407,dfs_bnb_mpi,1376.98,-8,9,323131493,"[-1, -1, 2, 2, 2, -1, -1, -2, 1, -2, -1, -1, 2, 2, -1, -2, -2, -2, 1, 1, 1, -2, 1, -2, -1, -1, 2, -1, -1]"
408,dfs_bnb_mpi,108.933,-8,9,32713767,"[-1, -1, 2, 2, 2, 2, 1, 1, -2, -1, -2, -2, 1, 2, 1, 2, 2, 1, 2, -1, 2, -1, -2, -1, 2, -1, -2, -1, 2]"
409,dfs_bnb_mpi,25989.6,-9,10,7656353445,"[-1, -1, 2, 1, 2, 2, -1, -2, -1, 2, -1, -1, 2, 2, -1, -2, -2, -2, -2, 1, -2, 1, -2, 1, 2, 2, -1, 2, -1]"
410,dfs_bnb_mpi,20753,-8,9,6148479072,"[-1, -1, 2, 2, 2, 2, -1, -2, -2, -2, -2, -2, -1, -2, 1, -2, 1, 2, 1, -2, 1, 2, 1, 1, 2, -1, -1, -1, -1]"
411,dfs_bnb_mpi,20.783,-8,9,6404262,"[-1, -1, 2, -1, 2, 1, 1, -2, 1, 2, 1, -2, -2, 1, -2, -1, -1, -2, 1, 1, -2, -1, -1, -1, 2, 2, -1, -1, 2]"
412,dfs_bnb_mpi,10.8181,-9,9,2988637,"[-1, -1, 2, 2, 2, 2, 2, 1, 2, 1, -2, -2, -1, -2, 1, -2, 1, 2, 2, 2, 2, 1, -2, 1, 1, -2, -1, -1, -2]"
413,dfs_bnb_mpi,8836.85,-8,9,2665708790,"[-1, -1, 2, 2, 2, 1, 1, 2, -1, -1, 2, 1, 2, 2, -1, -2, -1, -2, -1, -1, -2, -2, -2, 1, 1, 2, 2, -1, -2]"
414,dfs_bnb_mpi,327.386,-8,8,89610455,"[-1, -1, 2, 2, 2, 2, -1, -2, -1, 2, -1, -2, -2, 1, 1, -2, -2, -2, 1, 1, -2, -1, -1, -2, 1, -2, 1, 2, 1]"
415,dfs_bnb_mpi,1292.37,-9,10,386746763,"[-1, -1, 2, 2, 1, 1, 1, 2, -1, -1, -1, -1, -2, -2, -2, -2, 1, 1, 1, -2, 1, 1, 2, -1, 2, 1, 2, -1, -1]"
416,dfs_bnb_mpi,7025.99,-8,9,2031242759,"[-1, -1, -1, -1, 2, 1, 1, 2, 2, 1, -2, -2, 1, 1, -2, -2, -2, -2, -1, -1, 2, 1, 2, -1, -1, -1, -2, 1, -2]"
417,dfs_bnb_mpi,114.247,-5,6,35236238,"[-1, -1, 2, 2, 2, 2, 2, 2, 2, 2, 2, 1, 2, -1, 2, -1, -2, -2, -1, 2, -1, -2, -2, 1, -2, -2, 1, 2, 2]"
418,dfs_bnb_mpi,31460.5,-8,9,9358004171,"[-1, -1, 2, -1, -2, -2, 1, 1, 1, 1, -2, -1, -1, -1, -1, -1, -2, 1, 1, -2, -2, 1, 1, 2, 1, 2, -1, -1, -2]"
419,dfs_bnb_mpi,363.087,-8,9,101740492,"[-1, -2, 1, -2, -1, -1, 2, 2, -1, 2, 1, 1, 2, 1, -2, 1, 2, 2, 1, -2, 1, -2, -1, -2, -1, -2, 1, 1, 2]"
420,dfs_bnb_mpi,4585.56,-6,7,1336547372,"[-1, -1, 2, 2, 2, 2, 2, 2, 1, -2, -2, -2, 1, 1, 1, 2, -1, -1, 2, 1, 2, -1, 2, -1, -1, -1, -2, -2, -2]"
421,dfs_bnb_mpi,52.7478,-9,10,15611118,"[-1, -1, 2, 1, 1, 1, -2, 1, 1, -2, -1, -1, -2, -1, 2, -1, -1, -1, 2, 2, -1, 2, 1, 2, 1, -2, 1, 2, 2]"
422,dfs_bnb_mpi,9999.42,-8,9,2926847805,"[-1, -1, 2, -1, -1, -2, 1, -2, 1, 1, 1, -2, 1, -2, -1, -2, 1, -2, -1, -1, 2, 2, 2, -1, -1, -1, 2, -1, 2]"
423,dfs_bnb_mpi,41.1225,-9,10,12628188,"[-1, -1, 2, 2, 1, -2, 1, 2, 2, 1, 1, -2, -1, -2, 1, 1, 2, 1, -2, -2, 1, -2, -1, -1, 2, -1, -1, -2, 1]"
424,dfs_bnb_mpi,804.804,-9,9,228771048,"[-1, -1, 2, 1, 2, 2, -1, -1, -2, -2, -1, 2, 2, -1, -2, -2, -2, 1, -2, -1, -2, 1, -2, 1, 2, 1, 2, -1, 2]"
425,dfs_bnb_mpi,444.879,-9,10,133693166,"[-1, -1, 2, 2, 1, -2, 1, 2, 1, 2, 2, 2, -1, -2, -2, -1, 2, 2, 2, -1, -2, -2, -2, -1, -2, -1, -2, 1, -2]"
426,dfs_bnb_mpi,626.856,-8,9,163680993,"[-1, -1, 2, 2, 1, 2, 2, 2, 2, -1, 2, -1, -2, -1, -2, -2, 1, 2, 1, -2, -2, -1, -2, -1, 2, -1, 2, 2, 2]"
427,dfs_bnb_mpi,1447.66,-9,10,370896043,"[-1, -2, 1, -2, 1, 2, 1, 2, -1, 2, 2, 2, 2, 2, -1, -1, -1, -2, -2, 1, -2, -1, -2, 1, 1, 2, 2, 2, -1]"
428,dfs_bnb_mpi,23.9912,-9,10,6761718,"[-1, -1, 2, -1, -2, -1, 2, 2, -1, -2, -2, -2, 1, 1, 1, -2, -1, -1, -1, -1, 2, 2, 2, -1, -2, -1, -2, 1, -2]"
429,dfs_bnb_mpi,212.289,-8,9,48923880,"[-1, -1, 2, 2, 2, 2, 2, 2, 1, 2, 2, 2, 1, -2, -2, 1, -2, -1, -2, -1, -2, -2, -2, -2, 1, 2, 2, 2, 1]"
430,dfs_bnb_mpi,795.888,-8,9,229723035,"[-1, -1, 2, 2, 2, 1, 1, -2, -1, -2, 1, 1, 2, 2, 2, 2, -1, -1, -1, -2, -1, -2, -1, -2, 1, -2, -2, -1, 2]"
431,dfs_bnb_mpi,49.4888,-9,10,14880679,"[-1, -2, -1, 2, 2, 2, 1, -2, 1, 2, 2, -1, 2, -1, -1, -1, -2, -2, -1, -2, 1, -2, -1, -2, 1, 1, 2, 2, 2]"
432,dfs_bnb_mpi,213.314,-10,11,61925620,"[-1, -1, 2, 1, 2, -1, 2, -1, -2, -1, -2, 1, -2, -1, -1, -2, -2, -2, 1, 1, 1, 2, 1, 2, -1, -1, -2, -1, 2]"
433,dfs_bnb_mpi,175.824,-9,10,47146690,"[-1, -2, 1, 1, -2, -1, -1, -1, -2, 1, 1, 1, -2, 1, 2, 1, 2, -1, 2, 1, 1, 2, 2, -1, -1, -1, -2, 1, 1]"
434,dfs_bnb_mpi,60.5013,-9,10,17649396,"[-1, -1, -1, 2, 2, 1, -2, 1, 2, 1, -2, 1, 1, 2, -1, 2, -1, 2, 2, -1, -2, -2, -1, -1, 2, 1, 2, 2, 2]"
435,dfs_bnb_mpi,95.5709,-8,9,26380399,"[-1, -1, 2, 1, 2, 2, 2, 2, 1, 1, -2, -1, -2, -2, -2, 1, -2, -2, 1, 2, 1, 2, -1, 2, -1, 2, 1, 2, 2]"
436,dfs_bnb_mpi,0.992494,-8,8,287439,"[-1, -1, 2, 2, -1, -2, -2, -1, 2, 2, -1, -1, -2, 1, -2, -2, 1, 1, -2, 1, 2, 1, 1, 1, 2, 2, 2, 2, 2]"
437,dfs_bnb_mpi,33.2086,-6,7,9505867,"[-1, -1, 2, 2, 2, 2, 2, 2, 1, 2, -1, 2, -1, -2, -1, 2, -1, -2, -1, -2, 1, 1, 1, -2, -1, -1, -1, -1, 2]"
438,dfs_bnb_mpi,9591.83,-9,10,2721742048,"[-1, -1, 2, -1, -1, 2, -1, -2, -1, 2, -1, -2, -2, 1, 1, 1, -2, -1, -2, 1, -2, 1, 2, 1, 1, 2, -1, -1, 2]"
439,dfs_bnb_mpi,1095.56,-8,9,308781618,"[-1, -1, 2, 2, 2, 2, 1, -2, -2, 1, 1, 2, 1, -2, -2, 1, 2, 2, 1, 2, -1, -1, 2, 2, -1, -2, -2, -1, -2]"
440,dfs_bnb_mpi,276.202,-8,9,83133300,"[-1, -1, 2, 2, 2, 2, 1, 2, -1, 2, -1, -2, -2, -1, -2, -2, -1, 2, 2, -1, 2, 1, 2, 2, 2, 1, -2, -2, -2]"
441,dfs_bnb_mpi,24.7761,-9,9,5852360,"[-1, -1, -1, -1, 2, 2, 2, 1, 1, -2, -1, -2, 1, 1, 1, 2, -1, 2, 1, 2, 1, -2, 1, 1, -2, -1, -1, -2, 1]"
442,dfs_bnb_mpi,6718.03,-6,7,1968814623,"[-1, -1, 2, 2, 2, 2, 2, 2, 2, 2, 2, 2, 1, 2, 1, 2, 1, -2, 1, 2, 1, -2, -2, -1, -1, -1, -2, -1, -2]"
443,dfs_bnb_mpi,23.2265,-9,10,6410870,"[-1, -1, 2, -1, -2, -2, -1, 2, 2, 2, -1, 2, -1, -2, -1, -2, 1, 1, -2, -2, -2, 1, 1, -2, 1, 2, 2, 1, 1]"
444,dfs_bnb_mpi,1300.68,-9,10,384346961,"[-1, -2, -1, -2, 1, 1, 2, 1, 2, 2, 2, 1, 2, 2, 2, -1, -2, -2, -1, 2, -1, -2, -1, -2, 1, 1, -2, -1, -1]"
445,dfs_bnb_mpi,2.33965,-9,9,718503,"[-1, -1, 2, 2, -1, -2, -2, -2, -1, 2, 2, 2, -1, -2, -1, -1, -2, 1, 1, -2, -2, 1, 1, 1, 2, 1, 1, 1, 2]"
446,dfs_bnb_mpi,490.266,-6,6,150302305,"[-1, -1, 2, 2, 2, 2, 1, 1, -2, -1, -2, -2, 1, 2, 1, 2, 2, 2, 2, 1, -2, -2, -2, 1, -2, -1, -2, 1, 1]"
447,dfs_bnb_mpi,4.02553,-9,9,984018,"[-1, -1, 2, 2, 1, 2, 2, 2, -1, -2, -2, -1, -2, -2, -2, -2, -1, 2, -1, 2, 1, 2, -1, -1, 2, 1, 1, 2, 2]"
448,dfs_bnb_mpi,144.453,-8,9,39420208,"[-1, -1, 2, 1, 2, 2, 2, 1, 2, 1, 2, -1, 2, -1, -2, -2, -1, -2, -2, -2, -1, -2, -2, -1, -1, 2, 1, 2, 2]"
449,dfs_bnb_mpi,13275.3,-9,10,3581170423,"[-1, -2, -1, 2, -1, -1, 2, 1, 2, 2, 2, 1, -2, -2, -2, 1, 1, 1, 1, 2, 2, -1, -2, -1, -1, 2, 2, 1, -2]"
450,dfs_bnb_mpi,2138.89,-9,10,627393361,"[-1, -2, 1, 1, -2, 1, 1, 2, -1, 2, -1, 2, 2, -1, -2, -1, -1, -2, -2, -2, 1, 1, -2, -1, -2, 1, 1, 2, 1]"
451,dfs_bnb_mpi,64.3934,-8,9,17017577,"[-1, -1, 2, 2, 1, 1, 2, -1, 2, 2, -1, -2, -2, -1, -1, -2, 1, -2, -1, -2, -1, 2, 2, 2, -1, -2, -2, -1, 2]"
452,dfs_bnb_mpi,53.4896,-9,10,15506119,"[-1, -1, 2, -1, 2, -1, 2, -1, -2, -2, 1, -2, 1, -2, 1, 1, 1, 1, -2, -1, -1, -1, -1, -2, -2, 1, 2, 1, 1]"
453,dfs_bnb_mpi,0.332659,-9,10,99862,"[-1, -1, 2, 2, 1, 2, -1, -1, -2, -2, -2, -1, 2, 2, -1, -1, 2, 1, 1, 2, 1, 2, 1, -2, 1, 2, 2, 2, 2]"
454,dfs_bnb_mpi,22.919,-9,9,5126183,"[-1, -1, 2, 1, 1, 1, 2, 1, -2, 1, -2, 1, -2, -1, -1, 2, -1, -2, -1, -2, 1, -2, -2, 1, 2, 2, 1, 1, 1]"
455,dfs_bnb_mpi,21.4979,-6,7,5143169,"[-1, -1, 2, -1, 2, 1, 2, 2, 1, -2, 1, 2, 1, -2, -2, -1, -1, -2, 1, 1, 1, 2, 2, 2, 2, 2, 2, 2, 2]"
456,dfs_bnb_mpi,72.2236,-10,11,21832190,"[-1, -2, -1, -2, 1, -2, -1, -2, 1, 1, 2, 2, 2, 1, 2, 2, 2, 1, -2, -2, 1, 2, 1, -2, -2, -1, -1, -2, -1]"
457,dfs_bnb_mpi,27.874,-8,9,7766839,"[-1, -1, 2, 1, 1, 1, -2, 1, 2, 1, 2, 1, 1, -2, -1, -2, -1, -2, -2, -1, 2, -1, -1, -1, -1, -1, 2, 2, 2]"
458,dfs_bnb_mpi,56047.7,-8,9,14212282889,"[-1, -1, 2, 2, 2, 2, 2, 2, 2, 2, 1, -2, -2, -2, -2, 1, 2, 1, -2, 1, -2, -1, -2, -2, -1, 2, -1, 2, 1]"
459,dfs_bnb_mpi,24.2219,-8,9,6569263,"[-1, -1, 2, -1, -2, -2, 1, 1, 1, 1, 2, 2, -1, -1, 2, 1, 1, 1, -2, -2, -2, -2, -1, -1, -2, -1, 2, -1, -1]"
460,dfs_bnb_mpi,4405.13,-9,10,1255871801,"[-1, -1, 2, 2, 1, -2, 1, 2, 2, 1, -2, -2, 1, 2, 1, -2, -2, -1, -2, 1, -2, -1, -1, -1, -1, 2, 1, 1, 2]"
461,dfs_bnb_mpi,1424.63,-9,10,418861458,"[-1, -2, 1, 1, 2, 2, 2, 2, 2, 2, -1, -2, -2, -2, -2, -1, 2, -1, 2, -1, 2, 2, -1, -2, -2, -2, 1, -2, 1]"
462,dfs_bnb_mpi,8103.81,-6,6,2404156337,"[-1, -1, 2, 2, 2, 1, -2, -2, 1, 2, 2, 2, 2, -1, -1, -1, -2, -2, -2, -2, -1, -1, -2, 1, 1, -2, 1, 1, 1]"
463,dfs_bnb_mpi,22061.7,-8,9,5112038274,"[-1, -1, 2, 2, 2, 2, 2, 2, 1, 2, 1, 2, 1, 2, -1, 2, -1, 2, -1, -2, -1, -2, 1, 1, -2, -1, -2, -1, -2]"
464,dfs_bnb_mpi,338.868,-7,8,100603204,"[-1, -1, 2, 2, -1, 2, 2, 2, 1, -2, -2, 1, -2, -2, 1, 2, 2, 1, -2, -2, 1, -2, -1, -2, -2, -1, 2, -1, -1]"
465,dfs_bnb_mpi,4503.69,-8,9,1179149494,"[-1, -1, 2, 1, 1, 2, 2, 1, -2, 1, -2, -1, -2, 1, 1, 2, 1, -2, -2, -1, -1, -1, -1, -1, -2, -2, 1, 2, 1]"
466,dfs_bnb_mpi,5347.98,-4,5,1619731571,"[-1, -1, 2, 2, 2, 2, 2, 2, 2, 1, 1, 1, -2, -1, -1, -2, 1, 1, 1, 2, 2, 2, 2, 2, -1, -1, -2, -2, 1]"
467,dfs_bnb_mpi,378.337,-9,10,102061584,"[-1, -1, 2, 2, -1, -1, 2, 2, -1, -2, -1, 2, -1, -2, -2, 1, 1, -2, 1, 1, -2, -1, -2, 1, -2, 1, 1, 2, -1]"
468,dfs_bnb_mpi,4727.79,-9,10,1073757920,"[-1, -1, 2, 2, 2, 2, 2, 2, 2, 2, 1, 1, 2, -1, -1, 2, -1, 2, -1, -2, -2, 1, -2, -2, -1, 2, -1, 2, 2]"
469,dfs_bnb_mpi,4213.94,-8,9,1250777214,"[-1, -1, 2, 2, 2, 2, 2, 2, 2, 1, -2, -2, 1, 2, 1, -2, 1, -2, -1, -2, -2, -1, 2, 2, -1, -2, -2, -2, 1]"
470,dfs_bnb_mpi,976.061,-9,10,286733710,"[-1, -1, 2, 2, 2, 1, 2, -1, 2, -1, -2, -1, 2, -1, -2, -1, -1, -2, -2, 1, 1, 1, -2, 1, 2, 2, -1, -1, -1]"
471,dfs_bnb_mpi,28150.1,-8,9,7337006210,"[-1, -1, 2, 1, 2, -1, 2, 2, -1, 2, 2, -1, -2, -2, -1, 2, 2, -1, -2, -2, -2, 1, -2, 1, 2, 1, -2, -2, -1]"
472,dfs_bnb_mpi,398.801,-10,11,114367891,"[-1, -1, 2, 2, -1, -2, -1, 2, -1, 2, 1, 2, 1, -2, 1, 2, 1, -2, -2, -2, 1, 1, -2, 1, -2, -1, -2, -1, 2]"
473,dfs_bnb_mpi,920.504,-8,9,237824222,"[-1, -1, 2, 2, 2, 2, 2, 1, -2, -2, 1, 2, 2, 2, -1, -1, -1, -2, -2, -2, -2, -2, -1, 2, 2, -1, 2, 1, 2]"
474,dfs_bnb_mpi,53.8483,-9,10,16319385,"[-1, -1, 2, 2, 2, 2, 1, -2, -2, -2, 1, 1, -2, 1, -2, -2, -2, -1, -1, -1, 2, 1, 1, 2, -1, -1, -1, -1, 2]"
475,dfs_bnb_mpi,1.554,-9,10,436058,"[-1, -2, 1, 1, 2, 1, 2, 2, 2, -1, -1, -2, 1, -2, -1, -1, -1, -1, 2, 1, 1, 2, 2, 2, 1, 1, -2, 1, 2]"
476,dfs_bnb_mpi,2.10575,-9,9,542542,"[-1, -1, 2, 2, 2, 1, 1, 2, -1, -1, -1, -2, -2, -2, -2, -1, 2, -1, 2, 1, 2, 2, 2, 1, 1, 2, 1, -2, 1]"
477,dfs_bnb_mpi,101.57,-8,9,28835023,"[-1, -2, 1, 1, 2, 2, 1, -2, -2, 1, -2, -1, -1, -1, -1, -1, 2, 2, 2, 1, 1, 2, 2, 1, 1, 1, -2, -2, -2]"
478,dfs_bnb_mpi,6578.6,-7,8,1987993880,"[-1, -1, 2, 2, 2, 2, 1, -2, 1, -2, -1, -2, 1, 1, 2, 2, 2, 2, -1, -1, -1, -1, -2, -2, -1, -2, -2, 1, 2]"
479,dfs_bnb_mpi,60.7895,-7,8,14853528,"[-1, -1, 2, 2, 2, 2, 2, 2, 1, -2, -2, 1, -2, 1, 1, 2, -1, 2, -1, 2, 2, 1, -2, 1, -2, 1, 2, 2, 2]"
480,dfs_bnb_mpi,13257.5,-6,7,3852010283,"[-1, -1, 2, 2, 2, 2, 2, 2, -1, -2, -2, -2, -2, -2, -2, -2, 1, 1, -2, 1, 2, 1, 2, 2, -1, -1, 2, 1, 2]"
481,dfs_bnb_mpi,589.904,-10,11,153184975,"[-1, -2, -2, -1, 2, 2, 2, 1, 1, 2, 2, 2, 1, -2, -2, -2, -2, 1, -2, -1, -1, -2, -2, -2, 1, 2, 1, 2, -1]"
482,dfs_bnb_mpi,52.753,-8,9,15528788,"[-1, -1, 2, 2, 1, 1, -2, 1, 1, -2, -1, -2, -2, -1, 2, -1, -2, -2, -1, 2, 2, -1, 2, -1, -2, -2, 1, -2, -1]"
483,dfs_bnb_mpi,7.18549,-10,11,2150346,"[-1, -1, 2, 1, 1, 1, 1, 1, 2, -1, -1, -1, 2, 1, 1, 2, 1, -2, 1, -2, 1, -2, -1, -2, -1, -1, -2, -1, 2]"
484,dfs_bnb_mpi,1081.09,-9,10,302814069,"[-1, -2, 1, -2, -1, -1, -2, 1, 1, 1, 2, 1, -2, -2, 1, 2, 2, 1, 2, -1, -1, -1, 2, 2, 2, 1, -2, -2, 1]"
485,dfs_bnb_mpi,27.3787,-9,10,7648709,"[-1, -1, 2, 2, 2, -1, 2, 2, 2, -1, 2, -1, -2, -2, 1, -2, -2, -1, -2, 1, 1, -2, -2, -1, 2, -1, -1, 2, 2]"
486,dfs_bnb_mpi,15161,-4,5,4274024343,"[-1, -1, 2, 2, 2, 2, 2, 2, 2, 2, 2, 2, -1, -2, -2, -1, -2, 1, -2, -2, -2, -2, -2, -2, -2, -1, -2, 1, 1]"
487,dfs_bnb_mpi,6315.85,-6,7,1809524807,"[-1, -1, 2, 2, 2, 1, 2, 2, 2, -1, -1, -1, -2, -2, -1, 2, -1, -2, -1, -2, 1, -2, 1, 2, 1, 1, 2, 1, 2]"
488,dfs_bnb_mpi,185.252,-7,8,47095311,"[-1, -1, -1, 2, 1, 2, 1, -2, 1, 2, 2, 2, 2, -1, 2, -1, -2, -2, 1, -2, -1, -1, -2, -1, 2, 2, 1, 2, 2]"
489,dfs_bnb_mpi,33200.6,-8,9,7353814160,"[-1, -1, 2, -1, -2, -1, 2, 2, 2, -1, -2, -2, -2, -2, -2, 1, 1, -2, 1, 1, 1, 2, 2, -1, -2, -1, 2, -1, -1]"
490,dfs_bnb_mpi,183.002,-9,10,44994908,"[-1, -1, 2, 2, 2, 2, 1, 2, -1, 2, -1, -1, -1, -2, -2, 1, 2, 1, -2, -2, -1, -2, -1, 2, -1, -1, 2, 1, 2]"
491,dfs_bnb_mpi,6.15878,-9,9,1913843,"[-1, -1, 2, 1, 1, 2, -1, 2, 1, 1, 1, 2, -1, -1, 2, 2, 2, -1, -2, -2, -2, -1, 2, -1, -2, -2, 1, -2, -1]"
492,dfs_bnb_mpi,1266.25,-9,10,379535399,"[-1, -1, 2, 1, 1, 2, 2, 1, -2, -2, 1, -2, -1, -2, -1, -1, -1, -2, -2, -1, 2, 2, -1, 2, 2, 2, 1, -2, -2]"
493,dfs_bnb_mpi,0.630942,-9,10,183344,"[-1, -1, 2, -1, 2, 1, 2, -1, -1, -2, -1, -2, 1, -2, 1, -2, -2, 1, 2, 1, 1, 1, 2, 2, 2, 2, 2, 2, 2]"
494,dfs_bnb_mpi,6.35354,-10,11,1855442,"[-1, -1, 2, 1, 1, 1, 1, -2, -1, -2, 1, 1, 2, 2, 1, 2, -1, -1, -1, -1, 2, 1, 1, 2, 2, 1, -2, -2, 1]"
495,dfs_bnb_mpi,12078.1,-6,7,3491259138,"[-1, -1, 2, 2, 2, 2, 2, 1, 2, 1, -2, 1, -2, 1, 2, 2, 2, 1, -2, -2, -2, -2, -1, -1, -1, 2, -1, -2, -2]"
496,dfs_bnb_mpi,559.697,-6,7,148327159,"[-1, -1, 2, 2, 2, 2, -1, -2, -2, -2, -2, -1, 2, -1, -2, -2, 1, 1, -2, 1, 2, 1, 1, 1, 2, 2, -1, -1, 2]"
497,dfs_bnb_mpi,54237.7,-6,6,15137288998,"[-1, -1, 2, 2, 2, 2, 2, 2, 2, 2, 2, 2, 2, 2, 2, 2, 1, 2, -1, 2, -1, -2, -1, -2, 1, -2, -1, -2, 1]"
498,dfs_bnb_mpi,403.125,-8,9,103641148,"[-1, -1, 2, 2, 2, 2, 2, 2, 2, 2, 2, 1, -2, 1, 2, 1, 2, -1, -1, 2, 1, 2, 2, -1, -1, -2, -2, -2, -1]"
499,dfs_bnb_mpi,8206.7,-7,8,2250937450,"[-1, -1, 2, 2, 2, -1, -2, -1, -2, 1, -2, -1, -2, 1, 1, 1, 1, 1, 2, 2, -1, -1, 2, 1, 2, 1, 1, -2, -1]"
500,dfs_bnb_mpi,877.83,-9,10,260778826,"[-1, -1, 2, 1, 1, 2, 2, 2, 1, -2, -2, 1, -2, -1, -2, 1, -2, 1, 1, 1, 2, -1, -1, 2, 2, 2, 1, -2, -2]"
501,dfs_bnb_mpi,172.419,-8,9,51545838,"[-1, -1, 2, 2, 2, -1, -2, -1, -1, -2, 1, 1, -2, -2, 1, -2, -1, -1, -2, -1, 2, -1, 2, 1, 1, 2, -1, -1, 2]"
502,dfs_bnb_mpi,6472.26,-6,7,1817318039,"[-1, -1, 2, 2, 2, 2, 2, 2, 2, 2, 2, 2, 2, 1, -2, -2, -2, -2, -2, 1, 2, 2, 1, 2, -1, 2, 2, 2, 2]"
503,dfs_bnb_mpi,152.219,-9,10,46088889,"[-1, -1, 2, 1, 2, 2, 2, 1, -2, -2, -2, 1, -2, -2, 1, -2, -2, -1, -2, -2, -1, 2, 2, -1, 2, 2, 1, -2, 1]"
504,dfs_bnb_mpi,1404.8,-9,10,410075095,"[-1, -1, 2, 2, 2, 2, 1, -2, -2, -2, 1, 2, 2, 2, 2, 1, -2, -2, -2, -2, 1, -2, -1, -2, -2, -1, -1, 2, 1]"
505,dfs_bnb_mpi,23.9265,-9,10,7225026,"[-1, -1, 2, 2, -1, -2, -1, 2, -1, -2, -2, 1, 1, -2, 1, -2, -2, 1, 2, 2, 1, 1, 2, 2, -1, 2, 2, 2, 2]"
506,dfs_bnb_mpi,165.399,-8,9,49919671,"[-1, -2, -1, 2, -1, -2, -1, -1, -2, 1, 1, -2, 1, 2, 1, -2, 1, 1, 1, 2, -1, -1, 2, 1, 2, 2, 2, 2, 2]"
507,dfs_bnb_mpi,549.169,-9,10,159497317,"[-1, -1, 2, 1, 1, 2, 2, 2, -1, -2, -1, 2, -1, -2, -1, 2, 2, -1, -2, -2, -2, 1, -2, -2, 1, 2, 2, 1, 1]"
508,dfs_bnb_mpi,206.661,-9,9,54686494,"[-1, -1, 2, 2, 2, 2, 2, 2, 1, -2, -2, -2, 1, 2, 1, -2, 1, -2, -1, -1, -1, -2, 1, 1, 1, -2, -1, -2, 1]"
509,dfs_bnb_mpi,904.125,-8,9,273347303,"[-1, -1, 2, 2, -1, -1, -2, 1, -2, -2, -2, -1, 2, 2, -1, 2, -1, 2, -1, -1, 2, 2, 1, -2, 1, 2, 1, -2, -2]"
510,dfs_bnb_mpi,0.781993,-9,10,227513,"[-1, -1, 2, 2, 2, 1, -2, 1, 1, 2, -1, 2, -1, 2, -1, -2, -1, -2, -1, 2, 2, -1, -2, -2, -2, 1, 1, -2, -1]"
511,dfs_bnb_mpi,3354.06,-8,9,991961576,"[-1, -1, 2, -1, -2, -2, 1, -2, -2, 1, 2, 2, 1, 1, 1, 2, 1, 2, 1, -2, -2, -1, -2, -1, -2, -1, -1, 2, 1]"
512,dfs_bnb_mpi,81.7458,-9,9,25168073,"[-1, -1, 2, 2, 2, 1, -2, 1, 1, 2, -1, 2, 1, 1, 2, -1, -1, 2, 2, -1, -2, -2, -1, 2, -1, -2, -2, 1, 1]"
513,dfs_bnb_mpi,245.489,-9,10,58206057,"[-1, -1, 2, 2, 1, -2, 1, 2, 2, 2, 1, -2, -2, 1, -2, -1, -2, -2, -1, -1, -2, 1, -2, -2, 1, 2, 1, 2, -1]"
514,dfs_bnb_mpi,821.73,-9,10,241332566,"[-1, -1, 2, 2, 2, 2, 2, 2, 1, -2, -2, -2, -2, -2, 1, 2, 2, 2, 2, 1, -2, -2, -2, -2, 1, -2, -1, -2, -1]"
515,dfs_bnb_mpi,36166.8,-6,7,9358272980,"[-1, -1, 2, 2, 2, 2, 2, 2, 1, -2, -2, -2, 1, -2, -1, -2, 1, 1, -2, -2, -1, -2, -1, 2, -1, -1, 2, 2, 2]"
516,dfs_bnb_mpi,15.397,-8,9,4471445,"[-1, -1, -1, 2, 1, 2, 2, 2, 2, -1, -2, -2, -2, -1, -2, -2, -1, -1, -2, 1, 1, -2, -2, 1, 2, 2, 1, 1, 1]"
517,dfs_bnb_mpi,240.874,-10,11,73303868,"[-1, -1, 2, 2, 2, 1, 1, 1, -2, -1, -2, 1, -2, 1, 2, 1, -2, 1, 1, -2, -1, -1, -2, -1, 2, -1, -2, -1, 2]"
518,dfs_bnb_mpi,695.801,-9,10,184476812,"[-1, -1, 2, 1, 1, 2, -1, -1, 2, -1, -1, 2, -1, -2, -1, -1, -2, 1, 1, -2, -2, 1, 2, 2, 1, -2, -2, -2, 1]"
519,dfs_bnb_mpi,4926.17,-6,7,1499058971,"[-1, -1, 2, 2, 2, 2, 2, 2, 2, 1, -2, -2, -2, 1, 2, 2, 1, 1, 2, -1, -1, 2, -1, -1, -1, -2, -2, -2, -2]"
520,dfs_bnb_mpi,16.5122,-8,9,5114198,"[-1, -1, 2, 2, 2, -1, 2, -1, -2, -2, 1, -2, -2, -2, 1, 1, 1, 1, 2, 2, -1, -1, 2, 2, 1, -2, 1, 2, 2]"
521,dfs_bnb_mpi,18176.4,-8,9,5479416377,"[-1, -1, 2, 2, -1, -1, -2, -1, -2, 1, -2, -1, -1, -2, 1, 1, -2, -1, -2, 1, 1, 2, 2, 1, 1, 2, -1, -1, 2]"
522,dfs_bnb_mpi,22398.7,-6,7,5159606604,"[-1, -1, 2, 2, 2, 2, 2, 2, 2, 2, 2, 1, 1, 2, 2, 1, -2, 1, -2, -1, -2, -2, -1, 2, -1, -2, -2, 1, 1]"
523,dfs_bnb_mpi,0.821785,-8,9,219636,"[-1, -2, -1, 2, 2, 2, 2, 1, 2, 1, -2, 1, -2, -1, -1, -2, 1, 1, 1, 2, 2, 1, 2, -1, -1, 2, 2, 2, 2]"
524,dfs_bnb_mpi,12920.8,-4,5,3721961853,"[-1, -1, 2, 2, 2, 2, 2, 2, 2, -1, -2, -2, -2, -2, -2, -2, -2, -2, 1, 1, 1, 1, 2, 2, 2, -1, -2, -1, 2]"
525,dfs_bnb_mpi,243.863,-8,9,70006704,"[-1, -1, 2, 2, 2, 2, 2, 1, 2, 2, 1, -2, -2, 1, 2, 1, 2, 1, -2, -2, -1, -2, -2, -1, 2, -1, -2, -1, 2]"
526,dfs_bnb_mpi,31586.3,-8,9,7939836484,"[-1, -1, 2, 2, 2, 2, 2, 2, 2, 2, 2, 2, 1, 1, 2, 1, 2, 1, -2, 1, -2, -1, -1, -2, -2, -1, -1, 2, 1]"
527,dfs_bnb_mpi,11.0847,-9,10,3395387,"[-1, -1, 2, 1, 2, -1, 2, -1, -1, -2, 1, -2, -1, -1, 2, 2, 2, 1, 2, 1, -2, 1, 1, -2, 1, 2, 2, 2, 2]"
528,dfs_bnb_mpi,8668.75,-8,9,1904518835,"[-1, -1, 2, 2, 2, 2, 2, 1, -2, 1, 2, 2, 1, -2, -2, 1, 1, -2, -2, -1, 2, -1, -1, -1, -2, -2, 1, 2, 1]"
529,dfs_bnb_mpi,2053.37,-9,10,570810205,"[-1, -1, 2, 2, 2, 2, 2, 2, 1, 2, 1, -2, 1, -2, 1, -2, 1, 1, -2, -1, -1, -1, -1, -1, 2, 2, 1, -2, 1]"
530,dfs_bnb_mpi,542.044,-8,9,152321771,"[-1, -1, 2, 2, 2, 2, 2, 1, 2, 1, -2, 1, 1, -2, -1, -1, -1, -2, 1, 1, -2, 1, -2, -2, -1, 2, -1, 2, -1]"
531,dfs_bnb_mpi,106.194,-7,8,30539356,"[-1, -1, 2, 2, 2, 1, 2, 2, 2, 2, 2, 1, -2, -2, -2, 1, -2, -1, -2, 1, 1, 1, -2, -1, -1, -1, -1, -2, 1]"
532,dfs_bnb_mpi,924.498,-7,7,273442484,"[-1, -1, 2, 2, 2, 2, 1, 1, -2, 1, -2, -1, -1, -2, 1, 1, 1, 1, -2, -1, -1, -2, -1, -2, 1, 1, 2, 1, 1]"
533,dfs_bnb_mpi,1052.9,-9,10,312103410,"[-1, -1, -1, 2, 2, 2, 1, 1, 2, 1, -2, -2, -1, -1, -2, 1, 1, 1, -2, -2, -1, -2, -1, 2, -1, -2, -2, 1, 1]"
534,dfs_bnb_mpi,648.231,-8,9,196319345,"[-1, -1, 2, 1, 1, 1, 2, -1, 2, 2, 2, -1, -2, -2, -2, -1, 2, -1, -2, -1, 2, -1, -2, -2, 1, 1, -2, -2, 1]"
535,dfs_bnb_mpi,9.77475,-8,9,3049993,"[-1, -1, 2, 2, 1, -2, 1, 2, 1, 2, 2, -1, -2, -1, 2, 2, 1, 1, 1, -2, -2, 1, -2, -1, -2, -1, -2, 1, 1]"
536,dfs_bnb_mpi,223.679,-9,10,61947086,"[-1, -1, 2, 2, 2, 2, 2, 2, 1, 2, 1, 2, 2, -1, -2, -1, -2, -1, 2, 2, -1, -2, -1, -2, 1, -2, 1, -2, -1]"
537,dfs_bnb_mpi,113.34,-6,7,30660678,"[-1, -1, 2, 2, 2, 2, 2, 2, 2, 1, -2, -2, 1, 2, 1, -2, -2, -1, -1, -2, 1, -2, -1, -2, 1, 1, 2, 2, 1]"
538,dfs_bnb_mpi,607.251,-8,8,182329288,"[-1, -2, 1, 1, 2, 2, 1, -2, -2, 1, 1, -2, -1, -1, -1, -1, -2, 1, 1, 1, 1, -2, -1, -1, -1, -1, -1, 2, 2]"
539,dfs_bnb_mpi,48546.7,-6,7,13673896921,"[-1, -1, 2, 2, 2, 2, 2, 1, 2, 2, 2, 2, -1, -1, -2, -2, -1, -2, -1, -1, -2, 1, -2, 1, 2, 1, 2, 1, 2]"
540,dfs_bnb_mpi,332.664,-8,9,92715930,"[-1, -2, 1, 1, 2, 2, 2, 1, -2, -2, -2, -2, -1, -1, -2, -1, 2, -1, -2, -1, -1, -2, 1, -2, 1, 2, 1, 1, 1]"
541,dfs_bnb_mpi,255.977,-8,8,72984988,"[-1, -1, 2, 1, 2, 2, 2, -1, 2, 2, -1, -2, -2, -2, 1, -2, -1, -2, -1, 2, 2, 2, 2, -1, -2, -1, -2, 1, -2]"
542,dfs_bnb_mpi,2298.92,-8,9,686103930,"[-1, -1, 2, 2, 2, 2, 2, 1, 2, 2, 1, -2, -2, 1, -2, 1, -2, 1, -2, -1, -1, 2, -1, 2, -1, -2, -2, 1, -2]"
543,dfs_bnb_mpi,263.672,-9,10,77992242,"[-1, -1, -1, 2, 2, 2, 1, -2, -2, 1, 1, 1, 2, -1, 2, 2, 2, -1, -1, 2, -1, -2, -1, -2, 1, 1, 1, -2, -2]"
544,dfs_bnb_mpi,999.692,-6,7,276700882,"[-1, -1, 2, 2, 2, 2, 2, 1, -2, -2, -2, -2, 1, 2, 2, 2, 1, 2, 1, -2, -2, -1, -2, -2, -2, -2, -1, -1, -1]"
545,dfs_bnb_mpi,8.27958,-10,11,2460198,"[-1, -1, 2, 1, 1, 1, -2, 1, -2, -2, -1, 2, -1, -2, -1, 2, -1, -2, -1, 2, -1, -1, 2, 1, 2, 2, 1, -2, -2]"
546,dfs_bnb_mpi,18243.2,-8,8,4908841500,"[-1, -1, 2, 2, 2, 2, 2, 2, 2, 1, 1, 2, 2, 1, -2, 1, -2, -1, -2, -2, 1, -2, -1, -1, 2, 2, -1, -2, -2]"
547,dfs_bnb_mpi,66.3758,-8,9,19136554,"[-1, -1, 2, 2, 2, -1, 2, 2, -1, -2, -1, -1, -2, 1, 1, -2, -2, -1, 2, -1, -1, -2, 1, -2, 1, 1, 1, 2, 2]"
548,dfs_bnb_mpi,2.52349,-9,9,663847,"[-1, -1, 2, -1, -2, -1, 2, -1, -2, -1, -2, 1, 1, 1, 1, 1, 1, -2, -1, -1, -1, -1, -2, 1, 1, 1, 1, 1, 2]"
549,dfs_bnb_mpi,57.9465,-8,9,15128047,"[-1, -1, 2, 1, 2, -1, 2, -1, -2, -1, 2, -1, -1, -2, -2, -2, 1, 2, 1, 1, -2, -1, -2, -1, -1, -1, 2, 2, 2]"
550,dfs_bnb_mpi,1.14586,-8,9,352726,"[-1, -1, 2, 2, 2, 1, -2, -2, 1, 1, 2, -1, 2, 2, -1, -1, -1, -2, -1, -2, 1, -2, -2, -2, 1, 1, 1, 1, 2]"
551,dfs_bnb_mpi,11648.9,-7,8,3366685366,"[-1, -1, 2, 2, 2, 1, 1, -2, 1, -2, -2, -2, 1, 2, 2, 2, 1, 1, 1, 2, -1, -1, 2, -1, 2, -1, -2, -2, 1]"
552,dfs_bnb_mpi,147181,-8,9,40527143422,"[-1, -1, 2, -1, -1, 2, -1, -2, -1, -1, -2, 1, 1, -2, -2, 1, -2, 1, 1, 1, 2, 2, -1, -2, -1, 2, 2, -1, -2]"
553,dfs_bnb_mpi,2224.95,-6,7,577186267,"[-1, -1, 2, 2, 2, 1, -2, -2, 1, 1, -2, -2, -1, -1, -2, 1, -2, -1, -1, 2, 2, -1, 2, 2, -1, -2, -1, 2, 2]"
554,dfs_bnb_mpi,6.88734,-8,9,1908966,"[-1, -1, 2, 2, -1, -1, 2, 1, 1, 2, 1, 1, -2, -1, -2, -2, 1, 2, 1, 2, 2, 1, -2, -2, -2, -1, -2, 1, 1]"
555,dfs_bnb_mpi,14.91,-9,10,4630421,"[-1, -1, 2, 1, 2, 1, 2, 1, 2, -1, -1, 2, 1, 1, 2, 1, -2, 1, 2, 1, -2, -2, -1, -1, -2, -2, -1, -2, -1]"
556,dfs_bnb_mpi,3.6666,-8,9,873612,"[-1, -1, 2, 2, 2, 2, -1, -2, -2, -2, -2, -1, -2, 1, 1, 1, -2, -2, -1, 2, -1, -1, -1, 2, 2, 2, 2, 2, 2]"
557,dfs_bnb_mpi,17.2997,-8,8,5019488,"[-1, -1, 2, 2, 2, 2, 2, 1, -2, -2, -2, -2, 1, 2, 2, 2, 2, 2, 2, 1, -2, -2, -2, -2, 1, -2, -1, -2, 1]"
558,dfs_bnb_mpi,77378.4,-4,5,19766205438,"[-1, -1, 2, 2, 2, 2, 2, 2, 2, 1, -2, -2, -2, 1, 2, 2, 2, 2, 2, -1, -1, -1, -2, -1, -2, 1, -2, -2, -2]"
559,dfs_bnb_mpi,2450.85,-8,9,645171256,"[-1, -1, 2, 2, 2, 2, 2, 2, 1, 2, -1, 2, 1, 2, -1, 2, -1, -2, -1, -2, 1, -2, -2, -2, -1, 2, 2, -1, 2]"
560,dfs_bnb_mpi,316.689,-8,9,84270144,"[-1, -1, 2, 2, -1, 2, 2, 2, -1, -2, -2, -2, -1, -1, -2, 1, 1, 1, -2, -1, -2, -1, -2, 1, -2, 1, 2, 2, 1]"
561,dfs_bnb_mpi,6.61773,-8,9,1738929,"[-1, -1, 2, 1, 1, 1, -2, -2, -1, -1, -1, -2, 1, -2, 1, 2, 1, 1, 1, -2, -1, -1, -2, -2, -1, 2, -1, -1, 2]"
562,dfs_bnb_mpi,239.346,-9,10,65213296,"[-1, -1, 2, 1, 1, 2, 2, 1, -2, -2, -2, 1, -2, -1, -1, -1, -1, -1, -1, 2, -1, 2, 2, 2, 1, -2, -2, 1, -2]"
563,dfs_bnb_mpi,291.633,-8,9,84856328,"[-1, -1, 2, 1, 1, 2, 2, 1, 1, 2, 1, -2, -2, -2, -1, 2, -1, -2, -2, 1, 1, -2, -1, -1, -1, -1, -2, 1, 1]"
564,dfs_bnb_mpi,219.787,-8,9,67620875,"[-1, -1, 2, 2, 2, 1, -2, -2, 1, 2, 2, 2, 1, -2, -2, -2, 1, -2, -1, -2, 1, -2, -1, -1, 2, -1, -1, -1, 2]"
565,dfs_bnb_mpi,286.53,-9,10,74975262,"[-1, -1, 2, 2, 2, 2, -1, -1, 2, -1, -2, -1, 2, -1, -2, -2, 1, 1, 1, 1, -2, -1, -2, 1, -2, -1, -1, 2, 2]"
566,dfs_bnb_mpi,7414.88,-6,7,2034428151,"[-1, -1, 2, 2, 2, 2, 2, 2, 2, 1, -2, 1, 2, 1, -2, -2, 1, 2, 1, -2, -2, -1, -1, -1, -2, -1, 2, 2, 1]"
567,dfs_bnb_mpi,48960.7,-6,7,14189584860,"[-1, -1, 2, 2, 2, 2, 2, 2, 2, 2, 2, 2, 2, 2, 1, 2, -1, 2, 1, 2, -1, 2, -1, -2, -1, -2, 1, -2, -2]"
568,dfs_bnb_mpi,52.9911,-8,9,15982899,"[-1, -1, 2, -1, 2, 1, 2, 2, 1, -2, -2, -2, 1, 2, 1, 2, 1, -2, -2, -1, -2, 1, -2, -1, -1, -1, -1, -1, 2]"
569,dfs_bnb_mpi,1053.7,-9,10,319845611,"[-1, -1, 2, 2, 2, 2, 2, 2, 1, 2, -1, -1, -2, -2, -1, 2, 2, -1, -1, 2, 1, 1, 2, 2, 1, -2, 1, -2, -1]"
570,dfs_bnb_mpi,1024.6,-8,9,302647151,"[-1, -1, 2, 1, 1, 2, 2, 2, 2, 1, -2, -2, -2, -2, -2, 1, -2, -1, -2, -1, 2, -1, -1, -1, 2, 2, -1, -2, -1]"
571,dfs_bnb_mpi,256.019,-6,7,75882687,"[-1, -1, 2, 2, 2, 2, 2, 2, 1, -2, 1, 2, 2, -1, -1, 2, 1, 1, 2, -1, -1, -1, -2, -2, -2, -2, -1, 2, 2]"
572,dfs_bnb_mpi,444.407,-8,9,116247093,"[-1, -1, 2, 2, 2, 2, 2, -1, -2, -2, -2, -2, -2, -1, -1, -2, -1, 2, 2, 2, 1, -2, 1, 2, 2, 2, 2, 2, 2]"
573,dfs_bnb_mpi,808.693,-7,8,249180024,"[-1, -1, 2, 2, -1, 2, 2, 2, -1, -2, -2, -2, -2, 1, -2, -2, 1, -2, -1, -1, 2, 2, -1, 2, -1, -2, -2, 1, -2]"
574,dfs_bnb_mpi,5.78883,-9,10,1727644,"[-1, -2, 1, 1, 2, 2, 1, 2, 2, 1, 2, 1, -2, 1, -2, -1, -1, -2, -2, -1, -2, -2, -1, -1, -1, -1, 2, 2, 2]"
575,dfs_bnb_mpi,161.421,-8,9,48978046,"[-1, -2, -1, 2, 2, 2, 2, 1, 1, -2, -1, -2, 1, 1, 2, 2, 1, -2, -2, 1, -2, -1, -1, -2, -1, -2, 1, 1, 2]"
576,dfs_bnb_mpi,531.221,-10,11,160319144,"[-1, -2, 1, 1, -2, -1, -2, 1, 1, 1, 2, -1, 2, 1, 1, 2, -1, -1, 2, 2, -1, -1, 2, -1, -2, -2, 1, 1, -2]"
577,dfs_bnb_mpi,974.26,-8,9,270048312,"[-1, -1, 2, -1, -1, 2, -1, -2, -2, -1, 2, -1, -2, -2, -2, 1, -2, -2, 1, 2, 2, 1, 1, 2, 2, -1, -2, -1, -1]"
578,dfs_bnb_mpi,14.6867,-9,10,4288571,"[-1, -2, 1, -2, 1, 2, 1, 2, -1, 2, -1, 2, 2, -1, -1, -1, -2, 1, 1, -2, -1, -1, -1, 2, 2, 2, 2, 2, 2]"
579,dfs_bnb_mpi,466.682,-8,9,128524306,"[-1, -1, 2, 2, 2, 2, -1, -1, -2, -2, -1, 2, 2, -1, -2, -2, -1, -2, 1, 1, 1, 1, -2, -2, -1, 2, -1, -1, -1]"
580,dfs_bnb_mpi,26.1422,-9,10,7918272,"[-1, -1, 2, 2, 1, 2, -1, 2, 1, 2, -1, 2, -1, -2, -2, -1, -1, -2, -2, -1, -2, 1, 1, 2, 2, 1, -2, -2, -2]"
581,dfs_bnb_mpi,0.332873,-9,10,99387,"[-1, -1, 2, 1, 2, 2, -1, -2, -1, 2, -1, 2, 1, 2, -1, -1, -2, -2, -2, 1, -2, 1, -2, -1, -1, 2, -1, 2, 2]"
582,dfs_bnb_mpi,36.7916,-8,9,9959037,"[-1, -1, 2, 1, 1, 1, -2, 1, 2, 1, -2, 1, 1, -2, -1, -1, -1, -1, -2, 1, -2, -1, -1, 2, 2, -1, -1, -1, 2]"
583,dfs_bnb_mpi,8.19915,-9,10,2145060,"[-1, -1, 2, 2, 1, 2, -1, 2, -1, -1, -1, -2, -2, 1, 2, 1, -2, -2, -1, -2, -1, 2, -1, -1, 2, 1, 2, 2, 2]"
584,dfs_bnb_mpi,101.121,-8,9,30815061,"[-1, -1, 2, 2, 2, 1, -2, 1, 2, 1, 2, -1, 2, -1, -2, -1, -1, -2, -2, -1, -1, -2, 1, 1, -2, -1, -1, -1, 2]"
585,dfs_bnb_mpi,12351.6,-8,8,3743502834,"[-1, -1, 2, 2, -1, -2, -2, -2, 1, 1, 1, -2, -1, -1, -1, -2, 1, -2, -1, -1, -2, 1, 1, 1, 2, 2, 1, 1, 2]"
586,dfs_bnb_mpi,560.42,-6,7,155723636,"[-1, -1, 2, 2, 2, 2, 2, 1, -2, -2, 1, -2, 1, 1, 2, -1, 2, -1, 2, 2, 2, 1, -2, -2, 1, -2, 1, 2, 2]"
587,dfs_bnb_mpi,106.319,-6,7,30932352,"[-1, -1, 2, 2, 2, 2, 2, 2, 1, -2, 1, 2, 2, -1, -1, -1, -2, -2, -1, -1, -1, -2, -2, 1, 2, 1, 1, -2, -1]"
588,dfs_bnb_mpi,36.6675,-9,10,11400174,"[-1, -1, 2, 2, 1, -2, 1, 2, 1, 2, 1, -2, -2, -1, -2, 1, -2, -1, -1, -1, -2, 1, -2, -1, -1, 2, -1, 2, 1]"
589,dfs_bnb_mpi,130.94,-9,10,39507637,"[-1, -1, 2, 2, -1, -2, -1, -2, -1, -1, 2, -1, 2, -1, -2, -1, -2, 1, 1, -2, -1, -2, 1, 1, 2, 1, 1, 1, 2]"
590,dfs_bnb_mpi,2904.1,-9,10,840290484,"[-1, -1, 2, 1, 1, 1, -2, -2, 1, 1, -2, -1, -1, -2, -2, -1, -1, -1, 2, -1, 2, 1, 2, 1, 1, -2, -1, -2, 1]"
591,dfs_bnb_mpi,181.929,-10,11,44552661,"[-1, -1, 2, 1, 2, 1, -2, 1, -2, -2, -2, -2, -1, -1, 2, 1, 2, -1, -1, -2, -2, -1, 2, 2, -1, 2, 2, 1, -2]"
592,dfs_bnb_mpi,15.1484,-8,9,4587330,"[-1, -1, 2, 2, 1, -2, 1, 2, 2, -1, 2, -1, -1, -2, -2, -2, -1, 2, 2, 2, -1, 2, 1, 2, 1, -2, 1, 2, 2]"
593,dfs_bnb_mpi,251.368,-8,8,77310083,"[-1, -1, 2, -1, -2, -2, 1, 1, -2, -2, 1, 2, 2, 1, 2, 2, 2, 2, -1, -1, -1, 2, -1, -2, -2, 1, 1, -2, 1]"
594,dfs_bnb_mpi,46.3681,-9,10,12698844,"[-1, -2, 1, 1, -2, -1, -1, -1, 2, 2, -1, 2, 1, 1, 1, 2, 2, -1, -2, -1, -1, 2, 2, 2, 2, 1, -2, -2, -2]"
595,dfs_bnb_mpi,3.20447,-9,9,750749,"[-1, -1, 2, 2, 1, -2, 1, 2, 1, -2, -2, -2, -1, -1, -1, -2, 1, 1, 1, 1, -2, -1, -1, -2, -2, -1, 2, 2, -1]"
596,dfs_bnb_mpi,86803.4,-9,10,19543486441,"[-1, -1, 2, 1, 2, 2, 2, -1, 2, 2, 2, -1, -1, -2, -2, -2, -1, -1, -2, 1, 1, -2, -2, 1, 2, 1, 2, -1, 2]"
597,dfs_bnb_mpi,11.4308,-8,9,2640510,"[-1, -1, 2, 1, 2, -1, -1, 2, 2, 2, 1, -2, -2, 1, 1, -2, -2, 1, 2, 1, 2, -1, 2, 2, -1, -2, -1, 2, 2]"
598,dfs_bnb_mpi,351.705,-9,10,80362595,"[-1, -2, -1, 2, 2, 2, 1, 1, 1, -2, 1, 2, 2, 1, -2, -2, -2, -1, -1, -2, -1, -2, -2, 1, 2, 1, 2, 1, 1]"
599,dfs_bnb_mpi,21.9387,-9,10,6839701,"[-1, -1, -1, 2, 1, 2, 2, 1, 1, -2, -1, -2, 1, 1, 1, -2, -1, -2, -1, -1, -2, -1, -1, -1, -1, 2, 1, 1, 1]"
600,dfs_bnb_mpi,20.4488,-9,10,5615831,"[-1, -1, 2, 2, 2, 1, 1, 2, -1, 2, 2, -1, -2, -2, -1, 2, -1, 2, -1, -1, -2, 1, -2, 1, -2, 1, -2, -1, -1]"
601,dfs_bnb_mpi,3326.68,-10,11,1003749053,"[-1, -1, 2, -1, -2, -1, 2, 2, 2, -1, -2, -2, -2, -1, -2, 1, -2, 1, 1, -2, -2, 1, 2, 2, 1, 2, -1, -1, -1]"
602,dfs_bnb_mpi,97.8512,-8,9,26325272,"[-1, -1, 2, 2, 2, 1, 2, 2, 2, -1, -2, -2, -1, -2, -2, -2, -1, 2, 2, 2, -1, -2, -2, -1, -2, 1, -2, 1, 1]"
603,dfs_bnb_mpi,24.9722,-9,10,6541390,"[-1, -1, -1, 2, 2, -1, -1, 2, 1, 1, 2, 1, 2, 1, -2, -2, -1, -2, -2, 1, 1, 1, 2, 2, 2, -1, -2, -2, -1]"
604,dfs_bnb_mpi,2931.81,-8,9,808304323,"[-1, -1, 2, -1, -2, -2, -2, -1, -1, -2, 1, -2, -2, 1, 2, 2, 1, 1, -2, 1, 2, 1, 2, -1, -1, -1, 2, 1, 1]"
605,dfs_bnb_mpi,173.603,-8,9,48958545,"[-1, -1, 2, 2, 2, 2, 1, 2, -1, 2, 2, 1, 2, -1, -1, 2, -1, -2, -2, 1, -2, -2, -2, -1, -2, 1, -2, -1, -1]"
606,dfs_bnb_mpi,27.7613,-8,9,8372793,"[-1, -1, 2, 2, -1, -2, -2, -1, 2, 2, 2, 1, 1, 2, -1, -1, -1, 2, 2, 2, -1, -2, -2, -2, -2, 1, -2, -1, -1]"
607,dfs_bnb_mpi,33082,-9,10,9915152205,"[-1, -2, 1, 1, -2, -1, -1, -1, 2, 2, -1, 2, -1, 2, 1, 1, 2, 1, -2, 1, 1, 1, -2, -2, -1, 2, -1, -1, -1]"
608,dfs_bnb_mpi,1457.53,-8,9,393608807,"[-1, -1, 2, 2, 2, 2, -1, -2, -2, -2, -1, 2, 2, -1, 2, -1, -2, -1, -2, 1, 1, -2, -1, -2, 1, 1, 1, -2, 1]"
609,dfs_bnb_mpi,13.1612,-7,8,3784036,"[-1, -1, 2, 2, 2, -1, -2, -1, 2, -1, -2, -2, 1, 1, -2, -2, -2, -1, -1, 2, 1, 2, -1, -1, 2, 2, 2, 2, 2]"
610,dfs_bnb_mpi,9265.74,-8,9,2694024074,"[-1, -1, 2, 2, 2, 2, 2, 2, 2, 2, 1, -2, -2, 1, 2, 2, 1, -2, -2, -2, -2, -1, -2, -2, -1, 2, 2, 2, 1]"
611,dfs_bnb_mpi,10.5388,-7,8,2624862,"[-1, -1, 2, 2, 2, 1, 1, 2, 2, 1, 1, 1, -2, -2, -1, 2, -1, -2, -2, -1, -1, -2, 1, 1, 1, 2, 1, 1, 2]"
612,dfs_bnb_mpi,61.8614,-7,8,18073188,"[-1, -1, 2, 2, 1, -2, 1, 1, 2, -1, 2, -1, -1, 2, 1, 1, 2, -1, -1, 2, 2, 1, -2, 1, 2, 2, 2, 2, 2]"
613,dfs_bnb_mpi,8.25324,-8,9,2145521,"[-1, -1, 2, 2, 2, 1, 1, 2, 1, 2, -1, 2, -1, -2, -2, -1, 2, 2, -1, -2, -1, -2, 1, -2, -1, -1, 2, 2, 2]"
614,dfs_bnb_mpi,72.9618,-9,10,16697330,"[-1, -2, 1, -2, -1, -1, 2, 2, -1, -1, 2, 2, 1, -2, 1, 2, 1, -2, 1, 1, 2, -1, 2, -1, -1, 2, 2, 2, 2]"
615,dfs_bnb_mpi,8896.4,-6,6,2424536175,"[-1, -1, 2, 2, -1, -1, 2, 2, 2, -1, -2, -2, -1, 2, -1, -2, -2, -2, -2, 1, 1, 1, 1, 2, -1, -1, 2, -1, -2]"
616,dfs_bnb_mpi,60.528,-9,10,16798449,"[-1, -1, 2, 1, 1, 2, -1, 2, -1, -2, -1, -1, -2, 1, -2, -1, -2, 1, 1, -2, 1, 2, 1, -2, 1, 2, 2, 2, 2]"
617,dfs_bnb_mpi,3.66322,-9,9,1068812,"[-1, -1, 2, 1, 1, 1, 1, 1, 2, -1, -1, -1, -1, -1, -1, 2, 1, 2, 1, -2, 1, 2, 2, 2, 1, -2, -2, -2, 1]"
618,dfs_bnb_mpi,1.76721,-9,10,509138,"[-1, -2, 1, 1, -2, 1, 2, 2, -1, 2, -1, 2, 1, 2, 2, 1, -2, -2, -2, 1, -2, 1, 1, -2, -1, -1, -2, 1, 1]"
619,dfs_bnb_mpi,558.449,-7,8,168962404,"[-1, -1, 2, 2, -1, 2, -1, -2, -2, 1, -2, -1, -1, -2, 1, 1, 1, 1, 1, 1, 1, 2, -1, 2, 2, 2, -1, -2, -2]"
620,dfs_bnb_mpi,109.957,-8,8,30905356,"[-1, -1, 2, 2, -1, -2, -2, -2, -1, -2, -1, -1, 2, 1, 2, 1, 2, 2, -1, -2, -1, -2, -1, 2, 2, 2, 2, 2, 2]"
621,dfs_bnb_mpi,24.3036,-9,9,6780991,"[-1, -1, 2, 1, 1, 2, -1, -1, -1, -2, -1, 2, -1, -1, 2, 1, 2, 1, -2, 1, 2, 2, 2, 2, 1, -2, -2, -2, -2]"
622,dfs_bnb_mpi,43.045,-8,9,10701667,"[-1, -1, 2, 2, 2, -1, -1, -2, -1, -1, -2, 1, -2, -2, 1, 2, 2, 1, -2, -2, -2, -1, -2, 1, 1, 2, 2, 1, 1]"
623,dfs_bnb_mpi,10.0083,-9,9,2956227,"[-1, -1, 2, 2, 2, -1, -1, -1, -2, 1, 1, -2, -2, -2, 1, 1, -2, -1, -1, -2, -1, 2, 2, -1, 2, 1, 2, -1, -1]"
624,dfs_bnb_mpi,1304.73,-9,10,392876023,"[-1, -2, 1, 1, 2, 2, 2, 1, -2, -2, 1, 2, 2, 1, -2, -2, -2, -1, -1, -2, -1, -2, -1, 2, -1, -1, -2, 1, -2]"
625,dfs_bnb_mpi,2.94563,-8,9,892045,"[-1, -1, 2, 2, 1, -2, 1, 1, -2, -2, -1, -1, -1, -1, 2, 2, -1, 2, 1, 2, 1, 2, 2, 1, -2, -2, 1, 2, 2]"
626,dfs_bnb_mpi,4961.42,-6,7,1474898466,"[-1, -1, 2, 2, 2, 1, 1, 2, 2, 2, 2, -1, 2, 1, 1, -2, -2, -2, -2, -2, 1, -2, -1, -1, -1, -2, 1, 1, 1]"
627,dfs_bnb_mpi,2341.37,-6,7,717056483,"[-1, -1, 2, 2, 2, 2, 2, 2, 2, 2, 2, 2, 2, 2, 1, 2, 1, 2, 2, 1, -2, -2, 1, -2, -1, -1, -2, -1, -2]"
628,dfs_bnb_mpi,6030.32,-7,8,1786427921,"[-1, -1, 2, 2, 2, 2, 1, 2, -1, -1, -2, -2, -1, 2, 2, -1, -1, 2, 1, 2, 2, 1, -2, -2, 1, 1, 2, -1, 2]"
629,dfs_bnb_mpi,569.398,-9,10,166704265,"[-1, -1, 2, 1, 2, -1, 2, 2, -1, -1, -1, 2, -1, -2, -1, -2, -2, 1, -2, 1, 2, 1, -2, 1, 2, 2, -1, -1, -1]"
630,dfs_bnb_mpi,3.0803,-8,9,937840,"[-1, -1, 2, 2, -1, -1, 2, 1, 2, -1, 2, -1, -2, -2, -2, -2, 1, 1, -2, -2, 1, 1, 1, 1, 2, 2, -1, -1, 2]"
631,dfs_bnb_mpi,1355.56,-6,7,410503564,"[-1, -1, 2, 2, 2, 2, 2, 2, 2, 2, 2, 1, -2, 1, 2, 1, -2, 1, -2, -1, -2, 1, -2, -1, -1, 2, 2, -1, -2]"
632,dfs_bnb_mpi,3813.81,-9,10,1121407162,"[-1, -1, 2, 2, 2, 1, 2, -1, 2, 2, -1, -2, -1, 2, 2, -1, -2, -2, -1, -1, -2, 1, -2, 1, 2, 1, 1, -2, -1]"
633,dfs_bnb_mpi,327.855,-9,10,93911808,"[-1, -1, 2, 2, 2, 1, 2, 1, -2, -2, -1, -2, 1, 1, 2, 2, 2, 1, 2, 1, -2, -2, -1, -2, -2, -2, -1, -2, -1]"
634,dfs_bnb_mpi,136.166,-9,10,40649503,"[-1, -1, 2, 1, 2, -1, 2, 2, -1, -1, -2, -2, -2, -2, -1, 2, 2, 2, -1, -2, -2, -2, -2, 1, 1, 1, 2, 2, 2]"
635,dfs_bnb_mpi,15.5399,-9,10,4775366,"[-1, -1, 2, 2, 1, -2, 1, 1, 1, -2, -1, -2, -2, -1, 2, -1, -1, -1, 2, 2, -1, -1, 2, 1, 2, 2, 1, -2, -2]"
636,dfs_bnb_mpi,3538.95,-8,9,876408199,"[-1, -1, 2, 2, 1, -2, 1, 1, -2, -2, -1, -1, -1, -1, -1, -1, -1, 2, 1, 1, 1, 2, 2, -1, 2, -1, -2, -2, 1]"
637,dfs_bnb_mpi,9491.26,-9,10,2770476510,"[-1, -1, 2, -1, -2, -1, -2, -1, -2, 1, 1, 2, 1, 1, -2, -1, -2, -1, -1, -1, -2, -2, -1, 2, -1, 2, 2, 1, -2]"
638,dfs_bnb_mpi,320.112,-9,10,97312606,"[-1, -2, -1, -1, 2, 1, 2, 2, 1, -2, 1, 2, 1, 2, -1, -1, 2, -1, -2, -1, 2, -1, -2, -1, -2, 1, -2, 1, 2]"
639,dfs_bnb_mpi,134.664,-9,10,38410358,"[-1, -1, 2, 2, 2, 2, 1, -2, -2, -2, 1, 2, 1, 2, 1, -2, 1, -2, -1, -1, -2, 1, -2, -1, -1, -1, -1, -1, 2]"
640,dfs_bnb_mpi,3216.06,-10,11,876103209,"[-1, -1, 2, 2, -1, -1, -2, 1, -2, -2, 1, 1, 1, -2, -1, -1, -1, -2, -1, 2, -1, 2, -1, 2, 2, 1, -2, 1, -2]"
641,dfs_bnb_mpi,4661,-9,10,1365994666,"[-1, -1, 2, 2, 2, 2, 1, 1, 2, -1, -1, 2, -1, -2, -2, -2, -1, 2, -1, 2, -1, -1, 2, 1, 1, 2, 1, -2, -2]"
642,dfs_bnb_mpi,471.115,-9,10,112999905,"[-1, -1, 2, 2, 1, -2, 1, 2, 2, 1, 1, 2, 2, 1, -2, -2, -2, -2, -1, 2, -1, -2, -2, -2, 1, 2, 1, 1, 2]"
643,dfs_bnb_mpi,58802.9,-6,7,13934408237,"[-1, -1, 2, 2, 2, 2, 2, 2, 1, 2, 2, 2, -1, -2, -2, -1, 2, 2, -1, -2, -2, -1, -2, 1, 1, -2, -1, -1, -1]"
644,dfs_bnb_mpi,10.8803,-8,9,3109275,"[-1, -1, 2, 2, 2, 2, 1, 1, 1, -2, -1, -2, -1, -2, 1, 1, 2, 1, 2, 2, 1, 1, 2, -1, -1, 2, -1, -2, -1]"
645,dfs_bnb_mpi,29.0341,-9,10,8758350,"[-1, -1, 2, -1, 2, 2, 1, -2, 1, 2, 2, -1, -1, 2, -1, -2, -2, -1, -2, 1, -2, -1, -2, 1, 1, -2, 1, 1, 1]"
646,dfs_bnb_mpi,2.06052,-9,10,536064,"[-1, -1, 2, 2, -1, -2, -1, -2, -1, 2, -1, 2, 1, 1, 2, 1, 2, 1, -2, 1, -2, -2, 1, 1, 1, 2, -1, -1, 2]"
647,dfs_bnb_mpi,12.5173,-8,8,3815508,"[-1, -2, 1, 1, 2, 1, 2, -1, 2, -1, -2, -1, 2, -1, -2, -2, -2, -2, 1, 1, 1, -2, -1, -1, -1, -1, 2, 2, 2]"
648,dfs_bnb_mpi,1642.39,-6,7,497179661,"[-1, -1, 2, 2, 2, 1, -2, -2, 1, 2, 2, 2, 2, -1, -1, -1, -2, -2, -2, -1, -1, -2, 1, 1, -2, -2, 1, 1, 1]"
649,dfs_bnb_mpi,23971.4,-8,9,7121177310,"[-1, -1, 2, 2, 1, 2, -1, 2, -1, 2, 2, -1, -1, 2, -1, -2, -2, 1, 1, -2, -1, -1, -1, -2, 1, 1, 1, 1, -2]"
650,dfs_bnb_mpi,2310.05,-9,10,689675115,"[-1, -1, 2, 2, 2, 1, -2, -2, 1, 2, 2, 2, 1, -2, -2, 1, -2, -1, -2, -2, -1, -1, -1, -1, -1, 2, 1, 2, 2]"
651,dfs_bnb_mpi,3944.07,-9,10,932333429,"[-1, -2, 1, 1, 2, 1, 1, 2, 2, 2, 2, 2, -1, -1, -1, -2, 1, 1, -2, -2, -1, 2, -1, -1, -2, 1, -2, 1, 1]"
652,dfs_bnb_mpi,11.6935,-9,10,3514689,"[-1, -1, 2, 1, 2, -1, 2, 1, 2, -1, -1, -2, -2, -2, -2, -1, 2, 2, -1, -1, -1, 2, 1, 1, 2, 2, 1, -2, -2]"
653,dfs_bnb_mpi,20.3108,-8,9,6095007,"[-1, -1, 2, 2, 1, 2, 2, -1, -2, -1, 2, -1, -2, -2, 1, -2, -1, -2, -1, 2, 2, -1, -1, 2, 1, 1, 2, 2, 2]"
654,dfs_bnb_mpi,91.8361,-9,10,27121809,"[-1, -1, 2, -1, 2, 2, -1, -2, -2, -1, 2, -1, -2, -1, -1, -2, 1, 1, -2, -2, 1, 2, 2, 1, -2, -2, 1, 2, 2]"
655,dfs_bnb_mpi,32.5687,-9,10,10066134,"[-1, -1, 2, 2, 1, -2, 1, 2, 1, -2, 1, 1, 1, 2, -1, -1, 2, 1, 1, 1, -2, -2, -2, -1, -1, -1, -2, -1, 2]"
656,dfs_bnb_mpi,40.5724,-8,9,11133833,"[-1, -2, 1, 1, 2, 1, -2, -2, -1, -1, -1, -1, 2, -1, 2, 1, 2, 1, 1, 2, 2, 2, 2, 1, -2, -2, -2, -2, 1]"
657,dfs_bnb_mpi,600.395,-7,8,179362238,"[-1, -1, 2, 2, 2, 2, 1, 1, -2, 1, -2, -1, -1, -2, 1, 1, -2, 1, 2, 1, -2, -2, -1, -1, -2, -1, -1, 2, 1]"
658,dfs_bnb_mpi,0.223539,-9,10,57222,"[-1, -1, 2, -1, 2, 1, 2, -1, 2, -1, -2, -2, -2, -1, -2, 1, 1, -2, 1, -2, -2, 1, 2, 2, 1, 1, 2, 2, 2]"
659,dfs_bnb_mpi,6858.88,-9,9,1928571083,"[-1, -1, 2, 2, -1, -2, -2, -2, 1, 1, -2, 1, 1, 1, 2, 2, 2, 2, 2, -1, -1, -1, -2, -2, 1, 1, -2, -2, -1]"
660,dfs_bnb_mpi,52.2158,-9,10,15427584,"[-1, -2, 1, 1, 2, 2, 2, -1, -2, -1, -1, 2, 1, 2, -1, -1, -2, -1, -2, 1, -2, 1, -2, -1, -2, 1, 1, 1, 1]"
661,dfs_bnb_mpi,25346.4,-4,5,6479430813,"[-1, -1, 2, 2, 2, 2, 2, 1, 2, 2, 2, 2, 2, 2, 2, -1, -1, -2, -2, -2, -2, -2, 1, -2, -1, -1, -2, 1, -2]"
662,dfs_bnb_mpi,139.44,-8,9,40657510,"[-1, -1, 2, 2, 1, -2, 1, 1, -2, 1, 1, 1, -2, -2, -1, 2, -1, -2, -2, -1, -1, 2, 1, 2, -1, -1, -1, -1, 2]"
663,dfs_bnb_mpi,20.5265,-9,9,5860986,"[-1, -1, 2, 1, 1, 1, 2, -1, -1, 2, -1, -2, -1, 2, 2, -1, -2, -2, -1, -2, 1, 1, -2, -2, 1, 1, 1, 1, 2]"
664,dfs_bnb_mpi,31191.8,-5,6,9097051827,"[-1, -1, 2, 2, 2, 2, 2, 2, 2, 2, 2, 1, -2, -2, -2, -2, -2, -2, -2, -2, 1, 2, 1, -2, 1, -2, -1, -2, -1]"
665,dfs_bnb_mpi,36.1078,-8,9,9952501,"[-1, -1, 2, 2, 2, 2, 1, 2, 1, -2, 1, 1, -2, -1, -1, -2, -1, -2, 1, 1, 2, 1, -2, -2, -1, -2, -1, -1, -1]"
666,dfs_bnb_mpi,45.5585,-8,9,13126955,"[-1, -1, 2, 2, 2, 2, 2, 2, 1, -2, -2, -2, 1, 2, 2, 1, 2, -1, 2, -1, -1, -1, -2, -2, -1, -1, -2, 1, 1]"
667,dfs_bnb_mpi,79.4127,-10,11,24154585,"[-1, -2, -1, 2, 2, 1, 2, 1, -2, 1, 1, -2, -1, -2, 1, 1, -2, -1, -2, 1, 1, -2, -1, -1, -1, 2, 2, -1, 2]"
668,dfs_bnb_mpi,50.7357,-9,10,15761471,"[-1, -2, 1, 1, 2, 1, 1, 2, -1, 2, -1, -2, -1, 2, -1, -1, -2, -2, -2, -2, 1, 1, 1, 1, 2, 1, 1, 2, 2]"
669,dfs_bnb_mpi,1273.25,-9,10,365163845,"[-1, -1, 2, 1, 2, -1, 2, 2, -1, -2, -2, -2, -2, -2, 1, 1, -2, -1, -2, -1, -2, 1, 1, 2, 1, 2, 1, 2, -1]"
670,dfs_bnb_mpi,142.333,-9,10,43079369,"[-1, -1, 2, -1, -2, -1, -1, -2, 1, -2, 1, 2, 1, 1, -2, -1, -2, -1, -1, -1, -1, -1, 2, 2, 2, 1, -2, -2, 1]"
671,dfs_bnb_mpi,343.398,-8,9,88906389,"[-1, -1, 2, 2, 2, 2, 2, 2, 2, 2, 1, -2, -2, -2, -2, -2, 1, 2, 2, 1, -2, -2, 1, 2, 2, 2, -1, -1, 2]"
672,dfs_bnb_mpi,527.428,-9,10,140077593,"[-1, -1, 2, 1, 2, 2, 2, 2, -1, -2, -2, -2, -1, -2, -2, -1, -1, 2, 1, 2, -1, 2, -1, -2, -1, -2, -2, 1, 2]"
673,dfs_bnb_mpi,5.19168,-9,10,1556631,"[-1, -1, 2, 1, 2, -1, -1, -2, -2, -1, 2, 2, -1, -1, -1, 2, 1, 1, 2, 1, -2, 1, 2, 1, -2, 1, 2, 2, 2]"
674,dfs_bnb_mpi,0.700226,-9,10,210151,"[-1, -1, 2, 2, 2, -1, -2, -1, -2, 1, -2, -2, 1, 1, -2, -2, 1, 2, 2, 1, 1, 1, 2, -1, -1, 2, -1, -1, 2]"
675,dfs_bnb_mpi,2339.48,-8,9,696719204,"[-1, -1, 2, 2, -1, -2, -1, -2, 1, -2, -1, -1, 2, 2, -1, 2, 2, -1, -2, -2, -1, -1, -2, 1, -2, 1, 1, 2, -1]"
676,dfs_bnb_mpi,20065.7,-8,9,5520324467,"[-1, -1, 2, 2, 2, 2, 2, 2, 2, 1, 2, -1, -1, 2, 1, 2, 1, -2, 1, -2, -2, 1, -2, -1, -1, -2, -2, 1, 2]"
677,dfs_bnb_mpi,28.6809,-9,10,8574944,"[-1, -2, 1, 1, 2, 2, 1, -2, 1, 2, 1, -2, -2, -1, -2, 1, 1, 2, 2, 1, -2, -2, -2, -1, -1, -1, -1, 2, 2]"
678,dfs_bnb_mpi,2.17588,-9,10,557979,"[-1, -2, -2, -1, -1, 2, 1, 2, -1, 2, 2, 1, -2, 1, 2, 1, -2, 1, -2, 1, 2, 1, -2, -2, -1, -1, -1, -2, 1]"
679,dfs_bnb_mpi,3502.93,-9,10,888561196,"[-1, -1, 2, 2, 2, -1, -2, -2, -2, -1, -1, -1, -1, 2, 1, 1, 1, 2, 2, -1, -2, -1, 2, -1, 2, 1, 2, 1, -2]"
680,dfs_bnb_mpi,3876,-9,9,1153346794,"[-1, -1, 2, -1, -2, -2, -2, 1, 2, 1, 1, 1, 2, 1, -2, -2, -1, -2, -2, -1, -1, -1, -1, 2, 1, 1, 1, 2, -1]"
681,dfs_bnb_mpi,22.9914,-9,10,6679090,"[-1, -1, 2, -1, -2, -1, -2, 1, 1, -2, -1, -1, -1, -1, -2, 1, 1, -2, -1, -2, 1, 1, 2, 2, 1, 1, 2, 2, 1]"
682,dfs_bnb_mpi,610.649,-8,9,184921345,"[-1, -1, 2, 2, 2, 1, 1, 2, -1, 2, 1, 2, 1, -2, -2, 1, 1, -2, -2, -1, -2, -1, -1, -1, 2, 1, 1, 2, 1]"
683,dfs_bnb_mpi,97.5161,-8,9,29069539,"[-1, -1, 2, 2, 2, 2, 2, 1, -2, -2, -2, -2, 1, 1, -2, -2, -1, -1, -2, -1, 2, -1, 2, -1, -1, 2, 1, 1, 2]"
684,dfs_bnb_mpi,0.87213,-8,9,267847,"[-1, -1, 2, 1, 1, 2, -1, 2, 1, 1, 2, -1, -1, -1, -2, -2, -1, -2, -2, -2, 1, -2, -1, -2, 1, 1, 2, 2, 1]"
685,dfs_bnb_mpi,176.629,-9,10,52336048,"[-1, -1, 2, 2, -1, -2, -2, -1, 2, -1, -1, -2, 1, -2, 1, -2, -2, 1, 1, 1, 1, 2, 2, -1, -1, -1, -2, 1, 1]"
686,dfs_bnb_mpi,234.618,-8,9,66498534,"[-1, -1, 2, 1, 1, 2, 1, -2, -2, -2, -1, -1, -2, -1, 2, -1, 2, 2, -1, 2, -1, 2, 1, 1, -2, 1, 1, 2, 2]"
687,dfs_bnb_mpi,2460.93,-8,9,710868618,"[-1, -1, 2, 2, 1, 2, -1, -1, -2, -2, -2, -2, 1, 1, 1, -2, 1, 2, 2, 1, 2, -1, -1, 2, 2, 2, 1, -2, -2]"
688,dfs_bnb_mpi,3.45114,-8,9,1047123,"[-1, -1, 2, 2, 1, 1, 2, -1, 2, -1, -2, -1, -2, -1, -1, -2, 1, 1, -2, -1, -2, 1, 1, -2, 1, 2, 1, 1, 2]"
689,dfs_bnb_mpi,64378.2,-8,9,13906198552,"[-1, -1, 2, 2, 2, 2, 2, 2, 2, 1, 1, 1, -2, -2, -2, -2, 1, 1, -2, -1, -2, -1, 2, -1, -2, -1, 2, 2, 1]"
690,dfs_bnb_mpi,0.351715,-9,10,102768,"[-1, -1, 2, -1, -2, -1, -2, 1, 1, 1, 1, -2, 1, 2, 1, 2, -1, 2, -1, -1, 2, 1, 2, 2, 2, 2, 2, 2, 2]"
691,dfs_bnb_mpi,149.616,-8,9,41944648,"[-1, -1, 2, 2, 2, 2, 2, -1, -1, -2, -1, -1, -2, 1, -2, -1, -2, 1, 1, -2, -2, 1, 2, 2, 2, -1, 2, 1, 2]"
692,dfs_bnb_mpi,2.99218,-9,10,836911,"[-1, -2, -1, -1, 2, 1, 2, -1, -1, 2, 1, 2, 1, -2, 1, -2, 1, 1, -2, 1, 1, -2, -1, -1, -1, -2, 1, 1, 1]"
693,dfs_bnb_mpi,1678.57,-8,9,367307965,"[-1, -1, 2, 2, 2, 2, 2, 1, 2, 2, 1, 1, 2, 1, -2, -2, -1, -1, -2, -2, -1, -2, 1, 1, 2, 2, 1, 1, 2]"
694,dfs_bnb_mpi,23200.4,-4,5,6550295565,"[-1, -1, 2, 2, 2, 2, 2, 2, 2, 2, 2, -1, -2, -2, -2, -2, -2, -2, -2, -2, -2, -1, -2, -1, -2, 1, 1, 2, 1]"
695,dfs_bnb_mpi,5347.75,-6,7,1607869828,"[-1, -1, 2, 2, 1, -2, 1, 2, 2, 2, -1, -2, -1, 2, 2, -1, -2, -2, -1, 2, -1, -2, -2, 1, 1, -2, -1, -1, -1]"
696,dfs_bnb_mpi,316.813,-7,8,88410449,"[-1, -1, 2, 2, 2, 2, 1, 1, 2, -1, 2, -1, -2, -1, 2, -1, -2, -2, 1, -2, -2, -1, 2, -1, -1, 2, 2, 1, -2]"
697,dfs_bnb_mpi,9578.32,-6,7,2648130501,"[-1, -1, 2, 2, 2, 2, 2, -1, -1, -1, -2, -2, -2, -2, 1, 2, 2, 1, -2, -2, -2, -1, -1, -2, 1, -2, 1, 2, 1]"
698,dfs_bnb_mpi,143.224,-9,10,39766046,"[-1, -2, -2, 1, 2, 1, 2, 1, 1, 1, 2, -1, -1, -1, 2, 1, 2, -1, -1, -2, -2, -1, 2, 2, 2, 2, 2, 2, 2]"
699,dfs_bnb_mpi,7759.61,-8,9,1836598082,"[-1, -1, 2, 2, 2, 2, 2, 1, 2, -1, 2, 1, 1, 2, 2, 1, -2, -2, 1, -2, -1, -1, -2, 1, -2, -1, -2, -1, 2]"
700,dfs_bnb_mpi,169.471,-8,9,40005385,"[-1, -1, 2, 2, 2, 2, 2, 2, 2, 2, 1, 2, -1, 2, 2, -1, -1, -2, 1, -2, -1, -2, 1, -2, -1, -1, 2, 2, 2]"
701,dfs_bnb_mpi,4844.16,-9,10,1347748626,"[-1, -1, 2, 2, -1, -2, -2, -1, -1, 2, 1, 2, -1, -1, -2, -2, -2, 1, 1, 1, -2, -2, 1, 2, 2, 1, 1, -2, -1]"
702,dfs_bnb_mpi,328.981,-8,9,98335750,"[-1, -1, 2, -1, -1, -2, 1, -2, 1, 1, -2, -1, -2, 1, -2, -2, -2, 1, 2, 1, 1, 2, -1, -1, 2, 1, 2, -1, 2]"
703,dfs_bnb_mpi,9524.73,-9,10,2550970681,"[-1, -1, 2, 1, 1, 2, 2, 1, -2, -2, 1, 1, 1, -2, -2, -2, -1, -1, 2, 1, 2, -1, -1, -2, -1, -1, -2, 1, 1]"
704,dfs_bnb_mpi,31.1403,-8,9,8708022,"[-1, -1, 2, 2, 2, 2, 1, -2, -2, -2, 1, 2, 2, 2, 1, -2, -2, -2, 1, -2, -1, -2, -1, -1, -1, -1, 2, 2, 2]"
705,dfs_bnb_mpi,165.057,-8,9,48922581,"[-1, -1, 2, 2, 1, -2, 1, 2, 2, 1, -2, -2, 1, -2, 1, 2, 2, 1, 2, 1, -2, -2, -1, -2, -2, -1, -1, -1, 2]"
706,dfs_bnb_mpi,12.4345,-9,10,3832192,"[-1, -1, 2, 2, 2, -1, -2, -1, -2, 1, -2, -1, -1, 2, 2, -1, 2, 1, 1, 2, 1, 2, 1, -2, 1, -2, -2, -2, 1]"
707,dfs_bnb_mpi,6164.46,-10,11,1737461021,"[-1, -1, 2, 2, 2, 2, 2, 2, 1, 2, -1, 2, 2, -1, -2, -2, -2, -2, -1, 2, -1, 2, -1, 2, 1, 2, 1, -2, -2]"
708,dfs_bnb_mpi,34.5075,-9,10,10462774,"[-1, -1, 2, 2, 1, -2, 1, 2, 2, 1, -2, -2, 1, 2, 1, -2, 1, 1, -2, -1, -1, -1, -1, -2, 1, -2, 1, 2, 1]"
709,dfs_bnb_mpi,1704.05,-8,9,460887594,"[-1, -1, 2, 2, 2, 2, 2, 2, 1, -2, -2, -2, -2, 1, 2, 2, 2, 1, 1, -2, -2, -2, 1, -2, -1, -1, 2, 2, 2]"
710,dfs_bnb_mpi,4226.22,-8,9,1247064073,"[-1, -1, 2, -1, -2, -2, -1, 2, -1, -2, -1, -2, 1, 1, -2, -2, 1, 2, 2, 1, -2, -2, 1, 2, 2, 1, 2, -1, -1]"
711,dfs_bnb_mpi,460.918,-9,10,130245887,"[-1, -1, -1, 2, 1, 1, 2, 2, 1, -2, -2, 1, 2, 2, 1, -2, 1, -2, -1, -2, -1, -2, -1, -1, -2, -1, -1, 2, 1]"
712,dfs_bnb_mpi,14.5625,-10,11,4201841,"[-1, -2, -1, -1, -2, 1, 1, -2, -1, -2, 1, 1, 2, 1, 1, 2, -1, -1, 2, 1, 1, 2, -1, 2, 2, 2, 2, 2, 2]"
713,dfs_bnb_mpi,339.242,-8,9,103419186,"[-1, -1, 2, 2, 2, 2, 1, -2, 1, 2, 2, -1, 2, 2, 2, 2, -1, -2, -2, -2, -2, -1, -2, -2, -1, -2, 1, -2, -1]"
714,dfs_bnb_mpi,8.19029,-8,9,2447271,"[-1, -1, 2, 2, 1, -2, 1, 1, 2, -1, 2, 2, -1, -2, -1, -1, 2, 2, -1, -2, -2, -1, -2, 1, 1, -2, -1, -1, -1]"
715,dfs_bnb_mpi,176.976,-8,9,53299695,"[-1, -1, 2, 1, 2, -1, 2, 2, -1, 2, -1, -2, -2, 1, -2, -1, -1, 2, -1, -2, -2, 1, 1, 1, -2, -1, -1, -1, -1]"
716,dfs_bnb_mpi,50.8011,-7,8,15293092,"[-1, -1, 2, 2, 2, 1, 2, -1, -1, 2, 1, 1, 1, -2, -2, -2, -2, 1, -2, 1, 1, -2, -1, -1, -1, -2, -1, 2, -1]"
717,dfs_bnb_mpi,517.577,-8,9,153168246,"[-1, -1, 2, 1, 2, 2, 1, -2, -2, 1, 2, 2, 1, -2, -2, -2, -1, -2, -1, -2, -1, 2, -1, -1, -1, 2, 2, 1, -2]"
718,dfs_bnb_mpi,787.7,-8,9,192448559,"[-1, -2, 1, 1, 2, 2, 2, 2, 2, -1, -1, -1, -1, -2, -1, -2, 1, -2, -2, 1, 2, 2, 2, 1, 1, -2, -2, -1, 2]"
719,dfs_bnb_mpi,383.551,-10,11,100987880,"[-1, -1, 2, 2, 2, 1, 1, 2, -1, -1, 2, -1, -2, -1, -2, 1, -2, -1, -1, 2, -1, -2, -2, 1, -2, 1, 1, 2, -1]"
720,dfs_bnb_mpi,10.5935,-9,10,2599287,"[-1, -1, 2, 2, 1, 2, -1, 2, 2, -1, -1, -1, -2, -2, 1, 2, 1, -2, -2, -2, -1, 2, -1, -1, 2, -1, 2, 1, 2]"
721,dfs_bnb_mpi,1714.36,-6,6,515984646,"[-1, -1, 2, 2, 2, 2, 2, -1, -2, -1, -2, 1, -2, -1, -1, 2, 2, -1, -2, -2, -2, 1, 1, 1, -2, -2, -1, 2, -1]"
722,dfs_bnb_mpi,1647.23,-10,11,475520008,"[-1, -2, 1, -2, 1, 2, 1, 1, 1, 1, 2, -1, -1, -1, -1, 2, 1, 1, 2, -1, 2, -1, -2, -1, 2, -1, -2, -2, 1]"
723,dfs_bnb_mpi,4027.35,-4,5,1073693046,"[-1, -1, 2, 2, 2, 2, 2, 2, 2, 2, 2, 2, 1, 2, 2, -1, -2, -1, -1, -2, 1, -2, -1, -1, -1, 2, 1, 2, 2]"
724,dfs_bnb_mpi,283.103,-7,8,84534939,"[-1, -1, 2, 2, 2, 2, 2, -1, -2, -2, -2, -2, -2, -2, 1, 1, -2, 1, 2, 1, 1, 2, -1, 2, 2, 2, -1, -2, -2]"
725,dfs_bnb_mpi,45.6365,-9,10,13754009,"[-1, -1, 2, 2, -1, -1, -2, -2, -2, -1, 2, 2, 2, 2, -1, -2, -2, -1, -2, 1, -2, -2, 1, 1, 1, 1, 2, -1, 2]"
726,dfs_bnb_mpi,112.798,-8,9,32724737,"[-1, -1, 2, 2, 1, 1, 2, -1, -1, 2, -1, -1, -2, 1, -2, -1, -1, -1, -1, -2, -2, 1, 1, 1, 1, 2, -1, -1, -1]"
727,dfs_bnb_mpi,243.396,-8,9,70126335,"[-1, -1, 2, 1, 2, 2, -1, 2, 2, 1, -2, 1, -2, 1, -2, -1, -2, 1, 1, 2, 1, 2, -1, 2, -1, 2, -1, 2, 2]"
728,dfs_bnb_mpi,29723.5,-9,10,6809596848,"[-1, -1, 2, 1, 1, 1, 2, 2, 1, 2, 2, -1, 2, 2, -1, -2, -2, -1, -1, -2, -2, -2, 1, 1, 2, -1, 2, 1, 1]"
729,dfs_bnb_mpi,1480.22,-8,8,400138999,"[-1, -1, 2, 2, 2, 2, 2, 1, -2, -2, -2, 1, 1, 1, -2, 1, 2, 1, 2, -1, -1, 2, 2, -1, -2, -2, -1, 2, 2]"
730,dfs_bnb_mpi,210.947,-8,9,53359294,"[-1, -1, 2, 2, 2, -1, 2, 2, -1, -2, -2, -1, -2, -2, -2, 1, 2, 2, 1, -2, -2, -2, 1, -2, -1, -1, 2, -1, -1]"
731,dfs_bnb_mpi,6.10214,-10,11,1835275,"[-1, -1, 2, 1, 2, 1, -2, 1, 1, -2, -1, -2, -2, -2, -1, 2, 2, -1, -1, -2, 1, -2, -1, -2, 1, -2, 1, 2, 1]"
732,dfs_bnb_mpi,211.196,-8,9,55956526,"[-1, -1, 2, 2, 2, 1, 2, -1, 2, -1, 2, -1, -2, -1, -1, -2, 1, -2, 1, 2, 1, -2, -2, -2, -1, 2, -1, -1, 2]"
733,dfs_bnb_mpi,180.601,-8,9,41192474,"[-1, -1, 2, 2, 2, 1, 2, 2, -1, -2, -1, -2, -1, 2, -1, -2, -2, 1, 1, -2, -1, -2, -1, 2, -1, 2, 2, 2, 2]"
734,dfs_bnb_mpi,87.1626,-8,9,26461496,"[-1, -2, 1, 1, 2, 2, 1, 1, -2, -1, -2, 1, 1, 2, 1, -2, -2, -1, -1, -1, -2, -2, -1, 2, 2, -1, -1, -1, 2]"
735,dfs_bnb_mpi,19364.6,-9,10,4722249686,"[-1, -1, 2, 1, 1, 2, -1, -1, 2, -1, 2, 2, 2, 2, -1, -1, -2, -2, -2, -2, 1, -2, -1, -2, 1, -2, 1, 2, 2]"
736,dfs_bnb_mpi,2639.1,-9,10,788461519,"[-1, -1, 2, 2, 2, 2, 1, 1, -2, -2, -2, 1, -2, 1, -2, 1, -2, -1, -2, -1, -1, 2, -1, -1, 2, 1, 1, 1, -2]"
737,dfs_bnb_mpi,15.5338,-8,9,4626354,"[-1, -1, 2, 1, 1, 2, 2, 2, 1, -2, -2, 1, -2, -1, -2, -2, -1, -1, -1, -1, 2, 2, 2, 2, 1, -2, 1, 2, 2]"
738,dfs_bnb_mpi,71.0238,-8,9,19729960,"[-1, -1, 2, 2, 2, 1, 1, 1, 2, -1, -1, 2, 2, -1, -2, -2, -1, -2, -1, -2, 1, -2, -2, -2, -1, 2, 2, -1, 2]"
739,dfs_bnb_mpi,7391.48,-9,10,1955027010,"[-1, -1, 2, 2, 2, -1, -1, -1, 2, 2, -1, -2, -2, -1, -2, 1, -2, -2, -2, 1, 2, 1, 2, -1, 2, 1, 1, -2, -2]"
740,dfs_bnb_mpi,1.29882,-10,11,388988,"[-1, -1, 2, 2, -1, -2, -1, -2, 1, -2, 1, -2, 1, 2, 1, 1, 2, 2, 1, 2, 2, 2, -1, -2, -2, -1, -1, -2, 1]"
741,dfs_bnb_mpi,5960.44,-8,9,1809970773,"[-1, -1, 2, 2, 2, 1, -2, -2, 1, 1, -2, -2, -1, -1, -1, -1, 2, 2, 2, -1, -2, -2, -2, -2, 1, 1, 1, 1, 1]"
742,dfs_bnb_mpi,281.914,-7,8,73365064,"[-1, -1, 2, 2, 2, 2, 2, 1, 1, 2, 2, 2, 1, -2, -2, 1, -2, -1, -2, 1, -2, -1, -2, -1, 2, 2, -1, -2, -2]"
743,dfs_bnb_mpi,1.17328,-8,9,353141,"[-1, -1, 2, -1, 2, -1, -2, -2, 1, -2, 1, -2, -2, 1, 2, 2, 1, 1, 2, 2, -1, -1, 2, 2, 2, 2, 2, 2, 2]"
744,dfs_bnb_mpi,6589.98,-6,7,1790804764,"[-1, -1, 2, 2, 2, 2, 2, 1, 2, -1, 2, 2, 2, 2, 1, -2, -2, -2, 1, 2, 1, -2, -2, -1, -2, -2, -1, -2, 1]"
745,dfs_bnb_mpi,1564.97,-10,11,458328743,"[-1, -2, 1, -2, 1, 2, 1, 2, 2, 2, 2, 2, 1, 2, -1, 2, -1, 2, -1, -2, -2, 1, -2, -1, -2, -2, -2, 1, -2]"
746,dfs_bnb_mpi,8.09421,-8,9,2314401,"[-1, -1, 2, 2, 2, -1, -2, -2, -2, -2, 1, -2, -1, -2, -1, -2, 1, 1, 2, 1, 1, 2, -1, 2, 1, 1, 2, 2, 2]"
747,dfs_bnb_mpi,977.072,-9,10,282554540,"[-1, -1, 2, -1, -1, 2, 1, 2, -1, 2, -1, -2, -2, -2, -1, 2, -1, -2, -2, 1, 1, 1, 1, -2, -1, -2, -1, 2, -1]"
748,dfs_bnb_mpi,3835.81,-8,9,1019610372,"[-1, -1, 2, 2, 2, 1, 2, -1, 2, 1, 1, -2, -2, 1, 2, 2, 1, -2, -2, -2, -1, -1, -1, -2, 1, 1, -2, 1, 2]"
749,dfs_bnb_mpi,13.6651,-8,9,3181321,"[-1, -1, 2, 2, 2, 2, 2, -1, -2, -2, -1, -2, 1, -2, -2, -2, 1, -2, -1, -2, -1, 2, 2, -1, -1, 2, 1, 1, 2]"
750,dfs_bnb_mpi,3476.95,-8,9,943640716,"[-1, -1, 2, 2, 2, 2, 2, 1, -2, 1, -2, -1, -2, 1, 1, 2, 2, 2, 1, 2, 1, 2, 2, -1, -2, -1, -2, -1, -2]"
751,dfs_bnb_mpi,16.4497,-8,9,4918449,"[-1, -1, 2, 2, 2, -1, -2, -2, -1, 2, -1, -2, -2, 1, -2, -2, 1, 1, -2, 1, 2, 1, 1, 2, -1, -1, -1, -1, 2]"
752,dfs_bnb_mpi,1191.43,-8,9,289898606,"[-1, -1, 2, 2, 2, 2, 2, 2, -1, -1, -1, -2, -2, -1, -2, 1, 1, 1, -2, -1, -2, 1, -2, -1, -1, 2, -1, 2, 1]"
753,dfs_bnb_mpi,30.7781,-6,7,8768000,"[-1, -1, 2, 2, 2, 1, 2, -1, -1, 2, 2, -1, -1, -2, 1, -2, -2, 1, -2, -1, -1, 2, 2, -1, 2, 2, 2, 2, 2]"
754,dfs_bnb_mpi,1182.47,-9,10,329021804,"[-1, -1, -1, 2, 2, 2, 2, 2, 1, 1, -2, 1, 2, 1, -2, 1, -2, -1, -2, -2, -1, 2, -1, -2, -1, 2, 2, 1, 1]"
755,dfs_bnb_mpi,3.39671,-9,10,776928,"[-1, -1, 2, 2, 2, 1, 2, 2, -1, -2, -1, -1, -2, 1, -2, -1, -2, -1, 2, -1, 2, 1, 2, 2, 2, 1, 1, -2, -1]"
756,dfs_bnb_mpi,19313.8,-9,9,5015428946,"[-1, -2, -1, 2, 2, 1, 1, 2, -1, -1, -1, -2, -2, -2, -2, 1, 1, 1, 2, 1, 2, 2, 2, 1, 1, -2, -2, -1, 2]"
757,dfs_bnb_mpi,2446.83,-7,7,715166115,"[-1, -1, 2, 2, -1, 2, 2, 2, -1, -2, -1, -2, 1, -2, -1, -1, 2, -1, -2, -2, 1, 1, 1, 1, -2, -2, -1, 2, -1]"
758,dfs_bnb_mpi,83.2959,-8,9,20686105,"[-1, -1, 2, 1, 1, 2, 2, 2, 2, 1, 1, 1, -2, -2, -1, 2, -1, -2, -2, 1, -2, -1, -2, 1, 1, 2, 2, 1, 2]"
759,dfs_bnb_mpi,35.2172,-9,10,9656389,"[-1, -1, 2, 2, 2, -1, -2, -2, -1, -1, -2, 1, 1, -2, 1, 1, 1, -2, -1, -1, -2, -2, -1, 2, 2, -1, -1, 2, 1]"
760,dfs_bnb_mpi,1663.33,-9,10,494351870,"[-1, -1, 2, 2, 2, 2, 2, 1, -2, -2, -2, -2, 1, 2, 1, -2, 1, -2, -1, -2, -2, -1, 2, -1, -1, -2, -2, 1, 2]"
761,dfs_bnb_mpi,57.4444,-8,9,17107072,"[-1, -1, 2, 2, 2, 1, -2, 1, 2, 2, -1, 2, 2, -1, -2, -2, -1, -2, -1, -2, 1, -2, -1, -1, -1, -2, 1, 1, 1]"
762,dfs_bnb_mpi,11.7137,-9,10,3421855,"[-1, -2, -2, -1, 2, 2, 2, 1, 2, -1, -1, -2, -1, -1, -1, -2, -2, 1, 2, 1, -2, -2, -1, -2, 1, 1, 2, 2, 2]"
763,dfs_bnb_mpi,32380.7,-9,10,9374991636,"[-1, -2, 1, 1, 2, 2, 2, 1, -2, -2, 1, -2, -1, -2, 1, 1, 2, 1, -2, -2, -1, -1, -2, -1, 2, -1, -1, 2, 1]"
764,dfs_bnb_mpi,245.372,-8,9,64665175,"[-1, -1, 2, 2, -1, -2, -1, -1, 2, 1, 2, -1, 2, 1, 2, 1, 1, -2, -1, -2, 1, 1, 2, 1, -2, -2, -1, -2, 1]"
765,dfs_bnb_mpi,356.873,-6,7,104916740,"[-1, -1, 2, 1, 2, 1, 2, 1, 2, 2, 2, 2, -1, -2, -2, -2, -1, -2, -1, -2, -1, 2, -1, -2, -2, 1, -2, -1, -1]"
766,dfs_bnb_mpi,6.28332,-8,9,1843773,"[-1, -1, 2, 2, 2, 2, -1, -2, -2, -1, -1, 2, 1, 2, -1, -1, -2, -2, -2, 1, -2, 1, 2, 1, -2, -2, 1, 1, 1]"
767,dfs_bnb_mpi,5.2131,-8,9,1223145,"[-1, -1, 2, 2, 2, 1, 1, 1, -2, -1, -2, 1, 1, -2, -1, -2, 1, -2, -1, -1, 2, -1, -1, -1, 2, 2, 2, 2, 2]"
768,dfs_bnb_mpi,12.735,-9,10,3894032,"[-1, -1, -1, 2, 1, 1, 2, -1, -1, -1, -2, -1, 2, -1, -2, -2, 1, 1, -2, -1, -2, 1, -2, 1, 1, 2, 2, -1, -2]"
769,dfs_bnb_mpi,12.5775,-9,10,3712681,"[-1, -2, 1, 1, 2, 2, -1, 2, -1, -1, -2, -2, -2, -2, -1, -2, 1, 1, 2, 1, 1, -2, -1, -2, 1, 1, 2, 2, 2]"
770,dfs_bnb_mpi,47281,-8,9,13721690910,"[-1, -1, 2, 2, 2, 2, 1, 2, 2, -1, 2, -1, -2, -1, -2, -1, -2, -1, -2, 1, -2, 1, 1, 2, -1, 2, 1, 2, 1]"
771,dfs_bnb_mpi,59413.9,-6,7,16203381910,"[-1, -1, 2, 2, 2, 2, 2, 2, 2, 2, 2, 2, 2, 2, 1, 2, -1, 2, 2, 2, -1, -2, -1, -2, 1, -2, -1, -2, 1]"
772,dfs_bnb_mpi,2983.28,-9,10,894767784,"[-1, -1, 2, -1, -2, -1, 2, -1, -2, -2, -2, -1, -2, 1, -2, 1, 1, 2, 1, 1, 2, 2, -1, -2, -1, 2, -1, -2, -2]"
773,dfs_bnb_mpi,36.0038,-9,10,10642258,"[-1, -2, 1, -2, 1, 1, 2, -1, 2, 2, -1, -1, 2, 1, 1, 2, 2, 1, -2, 1, -2, -1, -2, -2, 1, 2, 1, 2, 2]"
774,dfs_bnb_mpi,422.206,-8,8,111782138,"[-1, -1, 2, 2, 2, 2, 2, 1, 2, -1, 2, 2, -1, -1, 2, -1, -2, -2, -2, 1, 2, 1, -2, -2, -1, -2, 1, -2, -1]"
775,dfs_bnb_mpi,720.758,-8,9,198410072,"[-1, -1, 2, 2, 2, 2, 2, 1, 2, 1, 2, -1, 2, -1, -2, -2, -1, -2, -2, -1, -1, 2, 1, 2, -1, 2, -1, -2, -1]"
776,dfs_bnb_mpi,264.854,-8,9,69600066,"[-1, -1, 2, 1, 2, 2, 1, 2, 1, 2, -1, 2, 2, -1, -2, -1, -1, -2, 1, 1, -2, -1, -2, -2, -1, -2, -1, 2, 2]"
777,dfs_bnb_mpi,5.68479,-9,10,1455898,"[-1, -1, 2, -1, -2, -1, -1, -2, -1, -2, -1, -2, 1, 1, 2, 1, 2, 1, 1, 1, 1, -2, -1, -1, -1, -2, 1, 1, 1]"
778,dfs_bnb_mpi,133427,-8,9,35922573395,"[-1, -1, 2, 2, 2, 2, 1, 2, 2, -1, -1, 2, 2, -1, -2, -2, -2, -1, -2, -1, -2, -2, 1, 2, 1, 2, 1, 2, 1]"
779,dfs_bnb_mpi,10502.8,-8,9,2447687865,"[-1, -1, 2, 2, 2, -1, -1, 2, 1, 2, 2, 1, 1, 1, 1, -2, -2, -1, 2, -1, -1, -2, 1, -2, 1, -2, -1, -2, 1]"
780,dfs_bnb_mpi,322.902,-8,9,98206187,"[-1, -1, 2, 2, -1, -2, -2, -2, 1, 1, 1, 1, -2, 1, -2, 1, -2, -1, -1, 2, -1, 2, -1, -1, -2, 1, -2, 1, -2]"
781,dfs_bnb_mpi,4206.35,-7,8,1242114179,"[-1, -1, 2, 2, 2, 2, 2, 2, 2, 1, 1, 2, 2, -1, -2, -1, 2, 2, -1, -2, -1, -2, -1, -1, -2, 1, 1, 1, 2]"
782,dfs_bnb_mpi,692.326,-9,10,188055044,"[-1, -2, 1, 1, 2, 2, -1, 2, 2, 2, -1, -1, -1, -1, -2, -1, -2, 1, -2, 1, -2, 1, 2, 1, 2, -1, -1, 2, 1]"
783,dfs_bnb_mpi,3839.49,-8,9,1010578253,"[-1, -1, 2, 2, 2, -1, 2, -1, -2, -1, -2, -1, -2, 1, -2, -1, -1, -2, 1, 1, 1, 2, 2, 2, 1, -2, -2, -2, 1]"
784,dfs_bnb_mpi,618.721,-8,9,153136856,"[-1, -1, 2, 2, 2, 1, 2, -1, 2, 2, 2, -1, -1, -2, -2, 1, -2, -1, -1, -2, 1, 1, -2, -1, -1, -1, 2, 2, 2]"
785,dfs_bnb_mpi,677.738,-8,9,181250537,"[-1, -1, 2, 2, 2, -1, -2, -2, -1, -2, 1, -2, 1, 1, 1, -2, 1, 1, 2, -1, 2, 1, 2, -1, 2, -1, -2, -1, 2]"
786,dfs_bnb_mpi,8975.5,-9,10,2276272751,"[-1, -2, 1, 1, 2, 2, 2, 2, 1, 1, 1, 1, -2, -2, -2, -1, 2, 2, -1, -2, -1, -2, -2, -2, 1, 1, 2, -1, 2]"
787,dfs_bnb_mpi,67.4195,-8,9,17613218,"[-1, -1, 2, 2, 2, 1, 1, 2, 2, 1, -2, -2, -2, -1, -1, -2, 1, 1, -2, 1, -2, -1, -1, -2, -1, 2, -1, -1, 2]"
788,dfs_bnb_mpi,1510.4,-6,7,435323542,"[-1, -1, 2, 2, 2, 2, 2, 2, 1, -2, -2, -2, 1, -2, -1, -2, 1, 1, 1, -2, -1, -2, 1, -2, -1, -1, 2, -1, -1]"
789,dfs_bnb_mpi,1916.44,-8,9,576428710,"[-1, -1, 2, 2, 2, 2, 2, 1, 2, 2, 2, 1, -2, -2, -2, 1, 2, 1, -2, -2, -2, -1, -1, -2, -1, 2, 2, 1, 1]"
790,dfs_bnb_mpi,15.079,-9,10,4200257,"[-1, -2, -1, -2, 1, 1, 2, 1, 2, 1, 1, 2, -1, -1, 2, 2, -1, -2, -2, -1, 2, 2, 2, 2, 2, 2, 2, 2, 2]"
791,dfs_bnb_mpi,7.70602,-10,11,2310905,"[-1, -1, 2, -1, 2, -1, -2, -2, 1, -2, -1, -2, 1, 1, 2, 1, -2, -2, -1, -1, -2, -2, -1, 2, -1, -1, 2, 1, 1]"
792,dfs_bnb_mpi,1024.69,-8,9,306139941,"[-1, -1, 2, 2, 2, -1, -1, -2, -2, -1, 2, -1, -2, -1, -2, 1, -2, -2, 1, 2, 2, 1, -2, -2, 1, 1, 2, -1, 2]"
793,dfs_bnb_mpi,98.8252,-8,9,30382377,"[-1, -1, 2, 1, 2, 2, -1, -1, -2, -2, -2, -2, 1, 1, 1, 1, -2, -1, -1, -1, -1, -1, 2, -1, -1, 2, 1, 1, 2]"
794,dfs_bnb_mpi,66.933,-9,10,16339095,"[-1, -1, 2, 2, 2, 2, -1, -1, -2, -2, -2, 1, -2, -1, -1, -2, 1, 1, -2, 1, 2, 1, 1, -2, -1, -2, 1, 1, 2]"
795,dfs_bnb_mpi,3.87348,-9,10,913345,"[-1, -2, 1, 1, 2, 2, 1, 1, 2, -1, -1, 2, -1, -2, -2, -1, -1, -2, -2, -1, 2, 2, 2, 1, 1, 2, 2, 2, 2]"
796,dfs_bnb_mpi,553.829,-8,9,131097643,"[-1, -1, 2, 2, 2, -1, -1, -2, -1, -2, -1, 2, -1, -2, -2, -2, 1, 2, 1, 1, 2, 1, -2, -2, -2, -1, 2, -1, -2]"
797,dfs_bnb_mpi,32931.6,-9,10,9736730254,"[-1, -1, 2, 2, 2, 1, 2, 2, 1, 2, -1, -1, 2, 2, -1, -2, -2, -2, -1, -2, -2, -1, -2, 1, 1, 2, 2, 1, 2]"
798,dfs_bnb_mpi,35.3627,-9,10,9803545,"[-1, -1, 2, 2, 1, 2, 2, 2, -1, -1, 2, -1, -2, -2, 1, 1, -2, -1, -1, -2, 1, -2, -2, -1, -2, 1, 1, 1, 1]"
799,dfs_bnb_mpi,169.476,-9,10,38785941,"[-1, -1, 2, 2, 2, 2, 1, -2, 1, 2, 2, 1, -2, -2, 1, -2, -1, -1, -1, -2, 1, 1, -2, 1, -2, -1, -1, -1, -1]"
800,dfs_bnb_mpi,0.62174,-9,10,174558,"[-1, -2, 1, 1, -2, 1, -2, 1, 2, 2, -1, 2, -1, 2, 1, 2, 2, 1, -2, -2, -2, 1, 2, 1, -2, -2, -1, -2, 1]"
801,dfs_bnb_mpi,0.456165,-9,10,134834,"[-1, -1, 2, 2, 1, -2, 1, 1, -2, -2, 1, -2, -1, -1, 2, -1, -1, -2, -2, -1, 2, 2, -1, -1, 2, 1, 1, 2, 2]"
802,dfs_bnb_mpi,77.8941,-8,9,23418303,"[-1, -1, 2, 2, 2, -1, -1, -2, 1, -2, -2, -1, -2, 1, -2, -2, 1, 2, 2, 1, 1, 1, 2, 2, 2, -1, -1, -2, 1]"
803,dfs_bnb_mpi,7.94816,-9,10,2272833,"[-1, -1, 2, 2, 2, -1, -2, -1, 2, -1, -2, -2, -2, 1, 2, 1, -2, -2, -1, -1, -1, 2, -1, 2, 1, 2, 2, 2, 2]"
804,dfs_bnb_mpi,126.741,-8,9,37395601,"[-1, -1, 2, 1, 2, -1, 2, -1, -2, -2, -1, 2, -1, -2, -1, -1, -2, 1, 1, 1, 1, -2, -1, -2, -2, -1, 2, 2, -1]"
805,dfs_bnb_mpi,1.59666,-9,10,411930,"[-1, -1, 2, 2, 2, 1, -2, -2, 1, 2, 1, 2, -1, 2, 2, 1, -2, 1, 2, 1, -2, 1, 1, -2, -1, -1, -1, -2, 1]"
806,dfs_bnb_mpi,0.61236,-9,10,176600,"[-1, -1, 2, 1, 2, 1, -2, 1, 2, 1, 1, -2, -1, -2, -1, -2, 1, -2, 1, 1, 1, 2, -1, -1, 2, 1, 2, 2, 2]"
807,dfs_bnb_mpi,3.74219,-9,10,879385,"[-1, -1, 2, 2, -1, 2, 2, -1, -2, -2, -1, -2, 1, 1, -2, -2, 1, 1, -2, -1, -2, -1, 2, -1, 2, 2, -1, -1, 2]"
808,dfs_bnb_mpi,173.423,-8,9,47582666,"[-1, -1, 2, 2, 1, 2, 2, 1, 1, 2, -1, -1, 2, -1, -2, -2, -2, -1, -2, -2, -2, -1, -2, 1, -2, 1, 1, 2, -1]"
809,dfs_bnb_mpi,891.701,-9,10,264457025,"[-1, -1, 2, 2, 2, 2, -1, 2, -1, -2, -2, 1, -2, -1, -2, 1, -2, -1, -1, 2, 2, 2, 2, -1, -2, -2, -1, 2, 2]"
810,dfs_bnb_mpi,11.0041,-8,9,3222396,"[-1, -1, 2, 2, -1, -1, -2, 1, -2, -2, -2, -1, 2, 2, -1, 2, 2, 2, 1, 2, 2, 2, 1, -2, -2, -2, 1, 2, 2]"
811,dfs_bnb_mpi,2759.46,-9,10,733841025,"[-1, -2, -2, -1, 2, 2, -1, -1, -1, 2, 1, 1, 2, -1, -1, -1, 2, 1, 1, 2, 1, -2, 1, -2, 1, 1, -2, -1, -1]"
812,dfs_bnb_mpi,61.8071,-9,10,17142321,"[-1, -2, -1, -2, 1, -2, -2, -2, 1, -2, 1, 1, 2, -1, 2, -1, 2, 1, 1, -2, 1, 2, 2, -1, -1, -1, 2, 1, 2]"
813,dfs_bnb_mpi,22926.6,-8,9,5367193084,"[-1, -1, 2, 1, 2, -1, 2, -1, 2, 2, 2, 2, 2, 2, 2, -1, -2, -2, -2, -2, -2, -2, -2, -2, -2, -2, 1, 2, 2]"
814,dfs_bnb_mpi,90.5348,-7,8,27355321,"[-1, -1, 2, 2, 2, 1, 2, 2, 1, -2, -2, -2, -1, -2, 1, 1, 2, 2, 2, 1, -2, -2, -2, -2, -1, -2, -1, -1, -1]"
815,dfs_bnb_mpi,6.08574,-9,9,1773965,"[-1, -1, 2, 2, 1, 1, 1, -2, -2, -2, 1, -2, -2, 1, 2, 1, 2, -1, 2, -1, 2, 1, 1, 2, 2, -1, -1, -2, 1]"
816,dfs_bnb_mpi,165.505,-8,9,37852297,"[-1, -1, 2, 2, 2, 2, 2, 2, 1, -2, 1, 2, 2, -1, -1, -1, -2, -2, -1, 2, -1, -2, -2, 1, -2, -2, 1, 2, 2]"
817,dfs_bnb_mpi,1207.7,-8,9,332119042,"[-1, -1, 2, 2, 2, 1, -2, -2, 1, 2, 2, 2, -1, 2, 1, 2, 2, 1, 1, -2, -2, -1, -2, -2, 1, 2, 1, 2, 2]"
818,dfs_bnb_mpi,53.9518,-8,9,16490156,"[-1, -2, -1, 2, 2, 1, 1, 2, 2, 1, 2, -1, 2, 2, -1, -2, -1, -1, -2, 1, 1, -2, -2, -1, 2, -1, -1, 2, 2]"
819,dfs_bnb_mpi,1795.02,-8,9,523137338,"[-1, -1, 2, 2, 2, 2, 2, 1, -2, -2, -2, -2, 1, 2, 1, -2, -2, 1, 2, 1, -2, -2, -1, -2, -1, 2, -1, -1, -1]"
820,dfs_bnb_mpi,2090.2,-8,9,623506416,"[-1, -1, 2, 2, 2, 1, -2, -2, 1, 2, 1, -2, -2, 1, 2, 2, 2, 2, 1, -2, -2, -2, -2, -2, -1, -1, -1, -1, -1]"
821,dfs_bnb_mpi,3831.8,-9,10,1119591192,"[-1, -1, 2, 2, 2, 2, -1, 2, 1, 1, 2, 2, 1, -2, -2, -2, -1, -2, -2, -2, 1, 2, 1, -2, 1, -2, -2, -1, 2]"
822,dfs_bnb_mpi,50287.5,-7,8,13556916230,"[-1, -1, 2, 2, 2, 2, 2, 2, 2, 2, 2, 1, -2, -2, 1, 2, 2, 2, 1, -2, -2, -2, 1, -2, -2, -1, -1, 2, 1]"
823,dfs_bnb_mpi,96.7468,-8,9,29519991,"[-1, -1, 2, -1, 2, 1, 2, 1, -2, -2, 1, 1, -2, -2, -1, -1, -1, -1, 2, -1, -2, -2, -2, 1, 1, 1, 2, -1, -1]"
824,dfs_bnb_mpi,45079.6,-8,9,13171419817,"[-1, -1, 2, 2, 2, 2, 1, 2, 2, 2, -1, -1, -1, -2, 1, 1, -2, -1, -1, -1, 2, -1, -2, -2, 1, 1, -2, 1, 2]"
825,dfs_bnb_mpi,67.3405,-9,10,18508330,"[-1, -1, 2, 2, 2, -1, -1, 2, -1, -2, -1, -2, 1, 1, 1, -2, -2, -1, 2, -1, -2, -2, 1, 1, -2, 1, 1, 2, -1]"
826,dfs_bnb_mpi,15916.2,-8,9,4613811381,"[-1, -1, 2, 2, 2, -1, -1, -1, 2, -1, -2, -1, -2, 1, 1, 1, -2, -1, -1, -2, 1, -2, -2, 1, 2, 2, 1, 2, 2]"
827,dfs_bnb_mpi,60.3256,-8,9,16033940,"[-1, -1, 2, 2, 2, 2, 2, 2, 2, 1, 2, -1, -1, 2, 1, 2, -1, -1, -2, -1, -1, -2, 1, 1, -2, 1, -2, -1, -1]"
828,dfs_bnb_mpi,1904.68,-10,11,544653055,"[-1, -2, 1, 1, -2, 1, 2, 1, 1, 2, -1, -1, 2, 2, 2, -1, -1, 2, -1, -2, -1, -2, 1, -2, 1, 2, 1, -2, -2]"
829,dfs_bnb_mpi,130.768,-8,9,31838148,"[-1, -2, -1, -2, -1, 2, -1, -2, -1, 2, 2, 1, 2, 2, 2, 1, -2, -2, -2, 1, 2, 2, 2, 1, -2, -2, 1, 2, 2]"
830,dfs_bnb_mpi,111.329,-9,10,31571359,"[-1, -1, 2, 2, -1, 2, 2, -1, -1, -2, -2, 1, -2, 1, -2, -1, -1, 2, -1, 2, 2, -1, -1, -2, -1, -2, 1, 1, 2]"
831,dfs_bnb_mpi,18.3703,-7,8,5563068,"[-1, -1, 2, 1, 2, 2, 2, 2, -1, 2, 1, 1, -2, -2, -2, -2, -2, 1, 2, 1, -2, -2, -1, -2, -2, -1, 2, -1, -1]"
832,dfs_bnb_mpi,14.5373,-8,9,4415620,"[-1, -1, 2, 2, 2, 1, 1, -2, -1, -2, 1, 1, 2, 2, 2, -1, 2, 2, -1, -2, -2, -1, 2, 2, -1, -2, -2, -2, -2]"
833,dfs_bnb_mpi,1428.79,-7,8,426407550,"[-1, -1, 2, 2, -1, -2, -1, 2, 2, 2, 2, -1, -2, -2, -2, -2, -1, -1, -2, 1, 1, -2, 1, 2, 1, -2, 1, 1, 1]"
834,dfs_bnb_mpi,53344.2,-7,8,13703250953,"[-1, -1, 2, 2, 2, 2, 2, 2, 2, 2, 2, 2, 2, 1, -2, 1, 2, 2, 2, 1, -2, -2, -2, -2, -1, -1, -2, 1, 1]"
835,dfs_bnb_mpi,675.647,-8,9,189717734,"[-1, -1, 2, 2, 2, 2, 1, 2, -1, 2, 1, 2, 1, 1, 2, 2, -1, -2, -1, 2, -1, -2, -2, -1, -2, -1, -2, 1, -2]"
836,dfs_bnb_mpi,716.307,-9,10,212420680,"[-1, -1, 2, 2, -1, -2, -2, -1, -1, -2, 1, 1, -2, 1, -2, -2, 1, 2, 2, 1, 1, 1, 2, 2, -1, -2, -1, -1, -1]"
837,dfs_bnb_mpi,4347.07,-8,9,1260041434,"[-1, -1, 2, 2, -1, 2, 2, 2, -1, -2, -2, -2, -2, 1, -2, -1, -1, 2, 2, 2, 2, -1, 2, 1, 2, 2, 1, -2, 1]"
838,dfs_bnb_mpi,61.8481,-8,9,18323428,"[-1, -1, 2, 2, 2, -1, -2, -1, -2, 1, -2, -1, -2, -1, 2, -1, 2, 1, 2, 2, 2, 2, -1, -2, -2, -2, -1, -2, -1]"
839,dfs_bnb_mpi,3842.17,-9,10,897636665,"[-1, -2, 1, 1, 2, 2, 1, 1, 2, -1, -1, 2, 2, 2, -1, -1, -1, -2, -2, 1, -2, 1, -2, -1, -1, 2, -1, 2, 2]"
840,dfs_bnb_mpi,573.05,-9,10,143999146,"[-1, -1, 2, 2, 1, 2, -1, 2, 2, -1, -2, -1, 2, -1, -1, -2, -2, 1, -2, -1, -2, 1, 1, 2, 2, 1, -2, -2, -2]"
841,dfs_bnb_mpi,238.26,-10,11,73075068,"[-1, -1, 2, 1, 1, 2, 2, -1, -2, -1, -1, -2, -1, -2, 1, -2, -1, -2, 1, 1, -2, -2, 1, 2, 2, 1, 2, -1, -1]"
842,dfs_bnb_mpi,4.19954,-9,10,1312804,"[-1, -2, -1, -2, 1, -2, 1, 2, 2, 1, 2, 2, -1, -1, -1, 2, 2, 1, -2, 1, 2, 1, -2, 1, 1, -2, -1, -2, 1]"
843,dfs_bnb_mpi,0.670365,-10,11,195461,"[-1, -1, -1, 2, 1, 1, 2, -1, 2, 1, 1, -2, -2, 1, -2, 1, 1, -2, -1, -1, -1, -2, -1, 2, -1, -1, -1, 2, 2]"
844,dfs_bnb_mpi,1.66818,-8,9,424214,"[-1, -1, 2, 2, -1, 2, 2, 2, -1, -2, -2, -2, -1, -2, 1, 1, -2, -1, -2, -1, 2, -1, 2, 2, 2, 2, 2, 2, 2]"
845,dfs_bnb_mpi,2103.52,-6,7,636783270,"[-1, -1, 2, 2, 2, 2, 2, 2, 2, 1, -2, -2, 1, 2, 1, 1, 2, -1, -1, 2, -1, -1, -1, -1, -2, 1, -2, -1, -1]"
846,dfs_bnb_mpi,185.515,-9,10,55422191,"[-1, -1, 2, 2, -1, -2, -2, -1, 2, 2, -1, 2, 1, 1, 2, 2, 1, -2, -2, 1, 2, 1, -2, -2, 1, -2, -1, -1, 2]"
847,dfs_bnb_mpi,130.668,-8,9,37266705,"[-1, -1, 2, 2, -1, -1, -1, -2, -2, -2, -1, -2, 1, 1, 2, 2, 2, 1, -2, -2, 1, 1, -2, -1, -1, -2, 1, 1, 1]"
848,dfs_bnb_mpi,14.1731,-9,10,3757418,"[-1, -1, 2, 1, 1, 1, -2, -2, -1, -1, -2, -1, -1, -2, 1, 1, -2, 1, -2, 1, 2, 2, -1, 2, 1, 1, 2, 2, 2]"
849,dfs_bnb_mpi,387.307,-10,11,110459715,"[-1, -1, 2, 1, 1, 2, 2, 1, -2, -2, 1, 2, 1, -2, 1, -2, 1, -2, -1, -1, 2, -1, -2, -2, -1, -1, 2, 1, 2]"
850,dfs_bnb_mpi,7338.2,-9,10,1851623085,"[-1, -1, 2, 2, 2, 1, 2, 2, 2, 1, 1, 1, -2, -2, -2, -2, -2, -1, -1, -1, 2, 1, 1, 2, 2, 2, -1, -2, -2]"
851,dfs_bnb_mpi,0.238178,-7,8,56240,"[-1, -2, 1, 1, 2, 1, 2, 2, 2, 2, -1, -2, -2, -2, -1, 2, 2, 2, 2, 2, 2, 2, 2, 2, 2, 2, 2, 2, 2]"
852,dfs_bnb_mpi,55.1302,-8,9,16672287,"[-1, -1, 2, 1, 2, 1, -2, 1, 2, 1, 1, -2, -2, 1, 1, -2, -1, -1, -2, -1, 2, 2, -1, -2, -1, -2, -1, 2, -1]"
853,dfs_bnb_mpi,4095.73,-9,10,1194324395,"[-1, -1, 2, 2, 2, 2, 1, -2, 1, -2, -1, -2, 1, 1, -2, 1, 2, 2, 1, -2, -2, 1, -2, -1, -1, -2, -1, 2, -1]"
854,dfs_bnb_mpi,108.408,-8,9,30021423,"[-1, -1, 2, 2, 1, 2, 1, 1, 2, -1, -1, 2, -1, -2, -2, -1, -1, 2, -1, -2, -2, 1, 1, -2, -2, -1, 2, -1, -1]"
855,dfs_bnb_mpi,137808,-4,5,39577656738,"[-1, -1, 2, 2, 2, 2, 2, 2, 1, -2, -2, 1, 2, 2, 2, 2, 2, -1, -1, 2, -1, -1, -2, 1, -2, -2, -2, -2, -2]"
856,dfs_bnb_mpi,65.0314,-9,10,19910973,"[-1, -1, 2, 1, 1, 2, 1, 2, 2, -1, -2, -1, -2, -1, -1, -2, -2, -2, 1, 1, 1, -2, 1, 2, 1, 2, -1, 2, 1]"
857,dfs_bnb_mpi,1.22808,-9,8,366355,"[-1, -2, -1, 2, 2, 2, -1, 2, 1, 1, -2, -2, 1, 1, 2, -1, 2, 1, 2, -1, 2, -1, -2, -1, 2, 2, 2, 2, 2]"
858,dfs_bnb_mpi,1129,-9,10,290272365,"[-1, -1, 2, -1, -1, 2, -1, 2, -1, -2, -1, -1, -2, -2, -2, 1, 1, 2, -1, 2, 1, 1, -2, -2, 1, 2, 1, -2, 1]"
859,dfs_bnb_mpi,6083.57,-4,5,1842687153,"[-1, -1, 2, 2, 2, 2, 2, 2, 2, 1, -2, -2, 1, 2, 2, 2, 2, -1, -1, -1, -2, -2, -2, -1, -2, 1, -2, -1, -1]"
860,dfs_bnb_mpi,62.4036,-8,9,18187481,"[-1, -1, 2, 2, 2, 1, -2, -2, 1, 2, 2, 1, -2, -2, 1, 1, -2, -1, -1, -2, -2, -1, -1, -2, -1, 2, 2, 1, 1]"
861,dfs_bnb_mpi,2627.59,-10,11,747266858,"[-1, -1, 2, 2, -1, -2, -1, 2, 2, 2, -1, -2, -2, -2, -1, -1, -2, 1, 1, -2, 1, 2, 1, -2, -2, 1, 1, 2, -1]"
862,dfs_bnb_mpi,57.8573,-9,10,14214819,"[-1, -1, 2, -1, -2, -1, -2, 1, 1, 1, 1, 1, 1, -2, -1, -1, -1, -1, -1, -2, -1, -1, -2, 1, 1, 1, 2, 1, 1]"
863,dfs_bnb_mpi,1.29182,-8,8,403989,"[-1, -2, 1, 1, -2, -1, -1, -2, 1, 1, 1, 2, 1, -2, -2, -1, -1, -2, 1, 1, -2, -1, -1, -1, 2, 2, -1, -1, 2]"
864,dfs_bnb_mpi,15319.7,-9,10,4615250435,"[-1, -1, -1, 2, 1, 1, 2, 2, 1, 1, 1, -2, 1, 1, -2, -1, -1, -2, 1, 1, -2, -1, -1, -1, 2, 2, 2, -1, -2]"
865,dfs_bnb_mpi,9361.41,-9,10,2543287998,"[-1, -2, -1, 2, 2, 1, 2, -1, -1, 2, 2, -1, -2, -2, -1, -2, -1, 2, -1, -2, -2, 1, 1, 1, 2, 1, -2, -2, -1]"
866,dfs_bnb_mpi,85.0567,-9,10,22875155,"[-1, -1, 2, 2, -1, -2, -1, -2, 1, -2, -1, -2, 1, -2, -1, -1, 2, 2, 2, 2, 2, -1, -2, -2, -1, -1, -2, 1, 1]"
867,dfs_bnb_mpi,8183.24,-8,9,1916357562,"[-1, -1, 2, 2, 2, 2, 2, 1, 1, 2, -1, -1, 2, -1, -2, -1, 2, 2, -1, -2, -1, -2, 1, -2, -2, 1, 1, 2, -1]"
868,dfs_bnb_mpi,43.1054,-9,10,12438808,"[-1, -1, 2, 2, -1, -2, -1, -1, 2, 1, 2, 1, 2, 1, -2, 1, 1, 2, 1, -2, 1, -2, -1, -1, -1, -2, 1, 1, 1]"
869,dfs_bnb_mpi,916.157,-9,10,269199898,"[-1, -2, -2, -1, 2, 2, -1, 2, 2, -1, 2, -1, 2, 1, 2, 1, -2, -2, 1, -2, 1, 2, 2, 1, -2, -2, -2, -1, -1]"
870,dfs_bnb_mpi,433.562,-6,7,122583362,"[-1, -1, 2, 2, 2, 1, 2, -1, 2, 2, 2, 1, -2, -2, 1, 2, 1, -2, -2, -1, -2, -2, -1, -2, 1, 1, 2, 2, 1]"
871,dfs_bnb_mpi,104.194,-8,9,24565331,"[-1, -1, 2, 2, -1, -2, -2, -1, -1, -1, 2, 2, 2, 1, -2, -2, 1, 2, 2, 2, -1, 2, 1, 1, -2, -2, 1, 2, 2]"
872,dfs_bnb_mpi,107.955,-8,8,31209128,"[-1, -1, 2, 2, -1, -2, -1, 2, 2, -1, -2, -2, -2, 1, 1, -2, 1, 1, 1, -2, -1, -1, -1, -1, -1, -1, 2, 1, 1]"
873,dfs_bnb_mpi,124964,-4,5,35094054626,"[-1, -1, 2, 2, 2, 2, 2, 2, 2, 2, 2, 1, -2, 1, 2, 1, 2, -1, 2, 2, 2, -1, -2, -2, -2, -1, -1, -2, -2]"
874,dfs_bnb_mpi,31.1821,-9,10,9088526,"[-1, -1, 2, 1, 2, 2, -1, -2, -1, 2, -1, 2, 2, -1, -2, -2, -1, -1, -2, 1, -2, 1, 2, 1, -2, 1, -2, -1, -1]"
875,dfs_bnb_mpi,46.7748,-8,9,13265561,"[-1, -1, 2, 2, 2, 1, 1, 2, 1, -2, 1, 1, -2, -1, -1, -1, -1, -2, 1, 1, 1, 1, 1, 2, 2, 2, -1, -1, 2]"
876,dfs_bnb_mpi,511.048,-8,9,140153628,"[-1, -1, 2, 2, 1, -2, 1, 1, -2, -2, -1, -2, 1, 1, -2, -1, -1, -2, -1, 2, -1, 2, 1, 2, -1, -1, 2, 2, 2]"
877,dfs_bnb_mpi,61.9275,-8,9,17860458,"[-1, -1, 2, -1, -1, -2, 1, -2, 1, -2, -1, -2, 1, -2, -1, -1, 2, -1, 2, 1, 2, -1, -1, -1, 2, 1, 1, 2, 2]"
878,dfs_bnb_mpi,509.162,-8,9,156101343,"[-1, -1, 2, 2, 2, 1, 1, -2, -1, -2, 1, 1, 2, 2, 2, -1, 2, 2, 2, 1, 1, -2, -2, -2, -2, 1, -2, -1, -2]"
879,dfs_bnb_mpi,132.797,-8,9,37346061,"[-1, -1, 2, 2, 2, 2, 2, 2, 1, 1, 2, 1, -2, 1, -2, -1, -2, -2, -1, 2, 2, -1, -2, -2, -2, 1, 1, 1, 2]"
880,dfs_bnb_mpi,243.067,-8,9,71258294,"[-1, -1, 2, 2, 2, -1, -1, -2, -1, -1, -2, 1, 1, 1, -2, -1, -2, -1, -2, 1, 1, 2, 1, 1, 1, -2, -1, -1, -2]"
881,dfs_bnb_mpi,1115.58,-9,10,318442222,"[-1, -1, 2, 2, 2, 2, 2, -1, -2, -2, -2, -2, -2, -2, -1, -2, -1, -2, -1, -2, 1, 1, 2, 1, 2, 1, 2, 1, 1]"
882,dfs_bnb_mpi,140.15,-8,9,42488687,"[-1, -1, 2, 2, 2, 2, -1, -2, -2, -2, -1, -1, 2, 1, 2, -1, -1, -2, -2, -2, 1, 1, -2, -2, 1, 1, 2, -1, 2]"
883,dfs_bnb_mpi,8492.13,-7,8,1944213849,"[-1, -1, 2, 2, 2, 2, 2, 2, 2, 2, 1, -2, 1, 2, 2, 1, -2, -2, -2, 1, -2, -1, -1, 2, -1, -2, -2, 1, 1]"
884,dfs_bnb_mpi,5.12488,-8,9,1478766,"[-1, -1, 2, 2, 2, -1, -1, -2, 1, -2, -1, -1, 2, 2, -1, -2, -2, -2, 1, -2, 1, 2, 1, -2, 1, 1, 1, 1, 2]"
885,dfs_bnb_mpi,92.741,-10,11,22624649,"[-1, -2, 1, 1, 2, 1, 2, -1, -1, 2, 2, -1, -1, -2, 1, -2, -1, -2, -1, 2, -1, 2, -1, 2, 1, 2, 1, -2, -2]"
886,dfs_bnb_mpi,3.62397,-8,9,1041903,"[-1, -1, 2, 1, 1, 1, 2, 2, 1, 1, -2, -1, -2, -2, -1, -2, -1, -1, -2, -2, -1, 2, 2, -1, 2, 2, 2, 2, 2]"
887,dfs_bnb_mpi,1814.69,-8,9,500026148,"[-1, -1, 2, 2, 2, 2, 1, 2, -1, 2, 2, 2, 2, 1, 1, -2, -2, -1, -2, 1, 1, -2, -1, -2, 1, -2, -1, -1, -2]"
888,dfs_bnb_mpi,115.846,-8,9,29090182,"[-1, -1, 2, 2, 1, 1, -2, 1, -2, 1, -2, 1, 1, -2, -1, -1, -1, 2, -1, -2, -1, -2, 1, 1, 1, 1, 1, 1, 2]"
889,dfs_bnb_mpi,125.129,-8,9,37539040,"[-1, -1, 2, 2, 2, 2, 2, 1, -2, -2, -2, -2, 1, 2, 2, 1, 2, 2, 2, 1, -2, -2, 1, -2, -1, -2, -2, -1, 2]"
890,dfs_bnb_mpi,30869,-6,7,7929073927,"[-1, -1, 2, 2, 2, 2, 1, 2, 2, 2, 2, -1, -2, -1, 2, -1, -2, -1, -2, -2, -2, 1, 1, 2, -1, 2, 1, 1, -2]"
891,dfs_bnb_mpi,7180.97,-8,9,2130650761,"[-1, -1, 2, 2, 2, 2, 1, -2, 1, 2, 1, -2, -2, -1, -1, -2, 1, 1, 1, 1, -2, -2, -1, 2, -1, -2, -2, -1, 2]"
892,dfs_bnb_mpi,8889.92,-8,9,2087035213,"[-1, -1, 2, 2, 2, 2, 2, 2, 2, 1, 1, -2, -1, -2, -2, -2, 1, 2, 2, 1, -2, 1, -2, 1, 2, 2, -1, 2, -1]"
893,dfs_bnb_mpi,666.315,-6,7,184385715,"[-1, -1, 2, 2, 2, 1, 2, 2, 2, -1, -2, -2, -1, 2, 2, -1, -1, -2, -2, -2, -2, 1, -2, 1, 2, 2, -1, 2, 2]"
894,dfs_bnb_mpi,6297.88,-7,8,1873257345,"[-1, -1, 2, 2, 2, 2, 2, 2, 2, 1, 2, -1, 2, -1, -2, -1, -1, -2, 1, 1, -2, -2, -2, -2, -1, -2, -2, 1, 2]"
895,dfs_bnb_mpi,69.5221,-9,10,18034969,"[-1, -1, 2, 2, 2, 2, 1, 1, 1, 2, 1, -2, -2, -1, -1, -2, -2, 1, 2, 1, -2, 1, -2, -1, -2, -2, -1, 2, 2]"
896,dfs_bnb_mpi,225.503,-8,9,60924540,"[-1, -1, 2, 1, 2, -1, -1, 2, 1, 2, 2, -1, -2, -1, 2, -1, -2, -2, -2, 1, -2, 1, -2, -1, -1, 2, -1, 2, 2]"
897,dfs_bnb_mpi,258.479,-8,9,59139976,"[-1, -1, 2, 2, 2, 2, 2, 2, 2, 2, 2, 1, 2, 1, 1, -2, -1, -2, -1, -2, 1, 1, 1, -2, -1, -1, -1, -2, 1]"
898,dfs_bnb_mpi,4.03011,-8,9,1209966,"[-1, -1, 2, 1, 2, -1, 2, 1, 1, 2, -1, 2, -1, -2, -1, -1, -2, 1, -2, -2, -2, -2, 1, -2, -2, 1, 2, 2, 1]"
899,dfs_bnb_mpi,79.54,-9,10,24355720,"[-1, -1, 2, 2, 1, -2, 1, 2, 1, -2, -2, 1, 2, 1, -2, -2, -2, -1, -1, -2, -2, -1, 2, 2, -1, 2, 1, 1, 1]"
900,dfs_bnb_mpi,1248.92,-9,10,331408683,"[-1, -1, 2, 1, 2, 2, 2, 1, -2, -2, -2, 1, 2, 2, 2, 1, 1, -2, -2, -1, -2, 1, 1, -2, -1, -2, -1, 2, -1]"
901,dfs_bnb_mpi,3584.34,-8,9,1074155921,"[-1, -1, 2, 2, 2, 2, -1, -2, -2, -2, -2, -1, 2, 2, -1, 2, 1, 2, 2, 2, 1, 1, 1, -2, -2, 1, -2, -1, -2]"
902,dfs_bnb_mpi,108.039,-8,9,32371758,"[-1, -1, 2, 2, 2, 2, -1, -2, -2, -2, -2, -1, 2, -1, -2, -2, -1, 2, 2, -1, -1, 2, 1, 1, 2, 1, -2, 1, 2]"
903,dfs_bnb_mpi,63.61,-8,9,17375083,"[-1, -1, 2, 2, 1, -2, 1, 1, 1, 2, -1, -1, 2, -1, 2, 2, -1, -2, -2, -1, 2, -1, 2, 1, 2, 1, 2, 2, 2]"
904,dfs_bnb_mpi,256.732,-8,9,75768035,"[-1, -1, 2, 2, 1, -2, 1, 1, 2, -1, 2, -1, 2, 2, 2, -1, -1, -2, -1, -2, 1, 1, -2, -1, -1, -2, 1, -2, -1]"
905,dfs_bnb_mpi,4306.84,-6,7,1110756544,"[-1, -1, 2, 2, 2, 1, 2, 2, 1, 2, -1, 2, 2, -1, -2, -2, -1, 2, -1, -2, -2, 1, 1, -2, -1, -1, -2, 1, -2]"
906,dfs_bnb_mpi,1418.53,-9,10,399640895,"[-1, -1, 2, 1, 1, 1, 1, 2, -1, 2, 1, 2, -1, 2, -1, -2, -1, -1, -1, -2, 1, 1, 1, -2, -1, -1, -1, -2, -1]"
907,dfs_bnb_mpi,12747.4,-9,10,3199142489,"[-1, -1, 2, 1, 1, 1, 1, 2, 1, 2, -1, 2, 2, 2, -1, -1, -1, -2, -2, -2, -1, -2, 1, 1, 2, 2, 1, -2, -2]"
908,dfs_bnb_mpi,11.8029,-9,10,3310257,"[-1, -1, 2, -1, 2, 1, 1, -2, 1, 2, 1, -2, -2, -2, 1, 2, 2, 2, 2, -1, -1, 2, 2, -1, -2, -2, -1, 2, 2]"
909,dfs_bnb_mpi,1537.21,-9,10,458608446,"[-1, -1, 2, 2, 2, 2, 1, -2, -2, -2, 1, 2, 2, 2, 1, -2, 1, -2, -2, 1, -2, -1, -2, -2, -1, 2, 2, 2, 2]"
910,dfs_bnb_mpi,2.22047,-8,9,568124,"[-1, -1, 2, 2, 2, 1, -2, -2, 1, 2, 2, 1, -2, -2, 1, 1, -2, -1, -1, -2, -1, -1, -1, -1, 2, 2, 2, 2, 2]"
911,dfs_bnb_mpi,210.395,-9,10,60161023,"[-1, -2, -2, -2, -1, -1, 2, 1, 2, 2, -1, -2, -1, -2, -1, -1, 2, 1, 2, 1, 2, 2, 1, -2, 1, 2, 1, -2, 1]"
912,dfs_bnb_mpi,4361.81,-8,9,1223649911,"[-1, -1, 2, 2, 2, 2, 2, -1, -2, -2, -2, -2, -2, -1, -1, -2, 1, 1, 1, 1, -2, 1, -2, -1, -1, 2, -1, -1, -1]"
913,dfs_bnb_mpi,7792.64,-7,8,1865521471,"[-1, -1, 2, 2, 2, 2, 2, 2, 2, 2, 1, -2, -2, -2, 1, 2, 2, 1, 2, 1, -2, -2, -1, -2, -2, -1, -2, -1, 2]"
914,dfs_bnb_mpi,1631.68,-8,9,493509225,"[-1, -1, 2, 2, 2, 2, 2, 2, 1, 1, 2, -1, -1, 2, -1, -2, -1, -1, -1, -2, -2, 1, 1, -2, 1, 2, 2, -1, -1]"
915,dfs_bnb_mpi,9.69582,-10,11,2701147,"[-1, -2, -1, -2, -2, -1, 2, 2, -1, -1, 2, 1, 2, 1, -2, 1, 2, 1, 1, 2, 1, -2, 1, -2, -1, -2, -1, -2, 1]"
916,dfs_bnb_mpi,1247.1,-9,10,303540974,"[-1, -1, 2, 2, 1, -2, 1, 2, 2, 1, 1, 1, 2, 1, -2, -2, -2, -2, -1, -1, 2, 1, 2, -1, -1, -2, -2, -2, 1]"
917,dfs_bnb_mpi,19587,-9,10,5678419747,"[-1, -1, 2, 2, 1, -2, 1, 2, 1, -2, -2, 1, -2, -1, -2, 1, 1, 1, -2, -1, -1, -1, -1, 2, 2, -1, -1, -2, 1]"
918,dfs_bnb_mpi,7202.54,-5,6,2064884192,"[-1, -1, 2, 2, 2, 2, 2, 2, 2, 2, 2, 2, 2, 2, 2, 2, 2, 2, 2, 1, 2, 1, -2, 1, -2, -1, -2, -1, 2]"
919,dfs_bnb_mpi,615.345,-6,7,183894487,"[-1, -1, 2, 2, 2, 2, 2, 2, 2, 1, -2, -2, -2, 1, 2, 2, 2, 1, 2, -1, -1, 2, 2, -1, -2, -2, -1, 2, 2]"
920,dfs_bnb_mpi,2417.48,-9,10,708285224,"[-1, -1, 2, -1, -2, -2, -1, -2, -1, -1, -2, 1, 1, -2, 1, 1, -2, 1, 2, 1, 2, -1, -1, -1, 2, 1, 1, 2, -1]"
921,dfs_bnb_mpi,2483.06,-9,10,699851328,"[-1, -1, 2, 2, 2, 2, 2, 2, 1, 2, 1, 1, 1, 2, -1, -1, 2, 2, -1, -2, -2, -1, -2, -1, -2, -1, -2, 1, -2]"
922,dfs_bnb_mpi,87.2345,-8,9,24950602,"[-1, -1, 2, 2, 2, 2, 1, 1, -2, -2, -1, -2, 1, 1, 2, 1, -2, 1, 2, 1, 2, -1, -1, -1, 2, 2, 2, 2, 2]"
923,dfs_bnb_mpi,2132.08,-10,11,542711449,"[-1, -1, 2, 2, 2, 2, 2, -1, -2, -2, -2, -2, -2, -1, 2, -1, -2, -2, -2, 1, 1, -2, 1, 2, 1, 2, -1, -1, -1]"
924,dfs_bnb_mpi,2264.12,-8,9,623895491,"[-1, -1, 2, 2, -1, -2, -2, -1, 2, -1, 2, 2, 2, -1, -2, -2, -2, -2, 1, -2, -2, 1, 2, 1, 1, -2, -1, -2, 1]"
925,dfs_bnb_mpi,1.07156,-9,10,312173,"[-1, -2, 1, 1, 2, 2, 2, 1, 2, 1, -2, 1, -2, -1, -1, -2, -2, -2, -1, -1, -1, -1, 2, 2, 2, 1, 1, 2, 2]"
926,dfs_bnb_mpi,21.8243,-10,11,6150150,"[-1, -2, 1, -2, -1, -2, -1, 2, -1, -1, 2, -1, 2, 1, 2, 1, -2, -2, 1, 2, 2, 2, 1, -2, 1, 2, 2, 2, 2]"
927,dfs_bnb_mpi,3.95037,-9,10,1145592,"[-1, -1, 2, -1, 2, 1, 2, -1, 2, -1, 2, 2, -1, -2, -2, -2, 1, -2, -1, -1, -2, 1, 1, -2, 1, -2, 1, 1, 1]"
928,dfs_bnb_mpi,107.618,-9,10,28090920,"[-1, -1, 2, 2, 2, -1, -2, -2, -1, -2, -1, -1, -1, -2, -2, -1, 2, 2, -1, 2, 1, 2, 1, -2, 1, 1, 2, 1, 2]"
929,dfs_bnb_mpi,119.023,-9,10,31973696,"[-1, -2, -1, 2, -1, -1, -1, 2, 2, 2, 1, -2, -2, 1, 1, 1, 2, -1, -1, 2, 1, 2, -1, 2, -1, -2, -1, 2, 2]"
930,dfs_bnb_mpi,621.673,-8,9,154299880,"[-1, -1, 2, 2, 2, 2, 2, 1, 1, 2, 2, 2, 2, -1, -2, -1, -2, 1, -2, -1, -1, 2, -1, -2, -2, 1, -2, -1, -1]"
931,dfs_bnb_mpi,10935.5,-6,7,2539450749,"[-1, -1, 2, 2, 2, 1, 2, 2, 2, 2, 2, 2, -1, -2, -2, -1, -1, -2, -1, -2, 1, 1, 2, 1, -2, -2, -1, -2, -1]"
932,dfs_bnb_mpi,78711.1,-8,9,22435179817,"[-1, -1, 2, 2, 1, -2, 1, 2, 2, -1, -1, 2, 2, 2, 2, 2, 1, 1, 1, -2, -2, -2, -2, -2, -2, 1, -2, -1, -2]"
933,dfs_bnb_mpi,1713.36,-4,5,486414166,"[-1, -1, 2, 2, 2, 2, 2, 2, 2, 1, -2, 1, 2, 2, 2, 2, -1, -1, -1, -2, -2, -1, -2, 1, -2, -1, -1, 2, 2]"
934,dfs_bnb_mpi,3.81782,-8,9,1114484,"[-1, -1, 2, 2, 2, -1, -2, -2, -1, -2, -1, -1, 2, 1, 2, 1, 2, 2, 1, 1, 1, -2, 1, -2, -1, -2, 1, 1, 2]"
935,dfs_bnb_mpi,215.098,-9,10,54171856,"[-1, -1, 2, 1, 2, 2, 1, -2, -2, 1, -2, 1, 2, 1, -2, -2, -1, -1, -1, -2, -1, 2, -1, -2, -1, 2, 2, 2, 2]"
936,dfs_bnb_mpi,4021.69,-8,9,1197502779,"[-1, -1, 2, 2, 2, 1, 1, -2, -1, -2, 1, 1, 2, 2, 2, 2, 2, 2, 1, -2, -2, -2, -2, -2, -2, -2, -1, -2, -1]"
937,dfs_bnb_mpi,0.344051,-9,10,93681,"[-1, -1, 2, 2, 1, -2, 1, 2, 2, 1, -2, 1, 1, -2, -1, -1, -2, -2, -1, -2, 1, 1, 2, 2, 1, 1, 2, 2, 2]"
938,dfs_bnb_mpi,2346.01,-9,10,698067461,"[-1, -1, 2, 2, 2, 2, 2, 1, -2, -2, -2, 1, 2, 1, -2, 1, 2, 1, 1, 2, -1, -1, -1, -1, 2, 2, 1, -2, 1]"
939,dfs_bnb_mpi,227.101,-8,9,52752847,"[-1, -1, 2, 2, 2, -1, -1, -1, -2, -1, -1, -2, 1, 1, 1, 2, 1, -2, -2, -1, -1, -1, -2, 1, 1, -2, 1, 2, 1]"
940,dfs_bnb_mpi,60296.6,-6,6,15488918373,"[-1, -1, 2, 2, 2, 2, 2, 1, -2, -2, -2, 1, 2, 2, 2, 2, -1, -1, -1, 2, -1, -2, -1, -2, 1, 1, -2, -2, -2]"
941,dfs_bnb_mpi,22115.6,-8,9,6666453612,"[-1, -1, 2, 2, 2, 2, 1, 2, 2, -1, -2, -1, -2, -2, -1, -2, -1, 2, -1, 2, -1, 2, 1, 1, 2, 1, -2, -2, -1]"
942,dfs_bnb_mpi,7.44981,-9,9,2298121,"[-1, -1, 2, 1, 2, 2, 2, 1, -2, -2, -2, 1, -2, 1, 1, -2, -1, -1, -1, -1, -1, -2, 1, -2, 1, 2, 1, 1, 1]"
943,dfs_bnb_mpi,240.484,-8,9,71111582,"[-1, -1, 2, 2, 2, 2, 2, 2, 1, 2, -1, 2, 1, 2, -1, -1, -2, -1, -1, -2, 1, 1, -2, -2, -2, -1, 2, 2, -1]"
944,dfs_bnb_mpi,2.56088,-8,9,731766,"[-1, -1, 2, 2, 2, 2, 2, 2, 2, 1, -2, 1, 2, 2, -1, 2, 2, -1, -2, -2, -1, -2, -2, -1, -1, -2, 1, 1, -2]"
945,dfs_bnb_mpi,45.0743,-8,9,13604979,"[-1, -1, 2, 2, 1, 2, -1, 2, -1, -2, -1, -2, 1, -2, -1, -2, 1, -2, -1, -1, 2, 2, -1, 2, 1, 2, 2, 2, 2]"
946,dfs_bnb_mpi,550.735,-9,9,155777200,"[-1, -1, 2, 2, 2, 1, 1, 2, -1, -1, 2, -1, -2, -2, -2, -1, 2, 2, 2, 2, 2, -1, -2, -2, -2, -2, -1, -2, 1]"
947,dfs_bnb_mpi,73.969,-8,8,20947048,"[-1, -1, 2, 1, 2, 2, -1, -2, -1, -1, 2, 2, -1, -2, -1, -2, 1, -2, -1, -2, 1, 1, 2, 1, -2, -2, 1, 1, 1]"
948,dfs_bnb_mpi,7242.6,-6,7,2006842989,"[-1, -1, 2, 2, 1, -2, 1, 2, 2, 2, -1, -1, -1, -2, -2, -2, -2, -2, 1, 1, 1, 1, 2, 2, 1, 2, -1, 2, 2]"
949,dfs_bnb_mpi,1094.27,-9,10,309747976,"[-1, -2, 1, 1, 2, 1, -2, 1, 1, 2, 2, 2, 1, -2, -2, -2, 1, -2, -1, -1, -2, -1, 2, -1, -2, -1, -1, 2, 1]"
950,dfs_bnb_mpi,2454.27,-4,5,717955282,"[-1, -1, 2, 2, 2, 2, 2, 2, 2, 2, 1, 2, 1, 2, -1, -1, -2, -1, -2, -1, 2, 2, 1, 2, 2, 1, -2, 1, 2]"
951,dfs_bnb_mpi,2400.09,-6,7,700761930,"[-1, -1, 2, 2, 2, 2, 2, 2, 2, 2, 1, 2, 1, -2, 1, 2, 1, 1, -2, -1, -2, -1, -2, -1, -2, -1, 2, 2, 1]"
952,dfs_bnb_mpi,113970,-6,7,34217020950,"[-1, -1, 2, 2, 2, 2, -1, -2, -2, -2, -2, -1, -2, -1, -2, -1, 2, 2, -1, -2, -2, -2, 1, 1, 1, 2, 1, 2, 1]"
953,dfs_bnb_mpi,1.83229,-8,9,417832,"[-1, -1, 2, 1, 1, 2, 2, 2, -1, -1, -2, 1, -2, -1, -1, 2, -1, -2, -1, -1, -2, 1, 1, 1, -2, -1, -1, -1, -1]"
954,dfs_bnb_mpi,335.412,-8,9,98962002,"[-1, -1, 2, -1, -1, -1, -2, -1, -1, 2, -1, -2, -1, -1, -2, 1, 1, -2, 1, 2, 1, 1, 1, 2, 1, -2, 1, 1, 1]"
955,dfs_bnb_mpi,3791.48,-8,9,888249557,"[-1, -1, 2, 2, 2, 2, 2, -1, 2, -1, -2, -1, -1, -2, 1, 1, 1, -2, -2, -2, -2, -2, 1, -2, -1, -1, 2, 2, 2]"
956,dfs_bnb_mpi,4151.13,-8,9,1016740138,"[-1, -1, 2, 2, 2, 2, 2, 2, 1, 2, 2, 2, 1, 2, -1, -1, -2, -1, -2, 1, -2, -1, -1, -2, -1, -2, 1, 1, 2]"
957,dfs_bnb_mpi,68.5775,-10,11,18130560,"[-1, -2, 1, 1, -2, -1, -1, -1, 2, 2, -1, 2, 2, 1, -2, 1, 2, 1, -2, 1, 2, 1, 2, -1, 2, 2, -1, -2, -2]"
958,dfs_bnb_mpi,11352.2,-9,10,2921761277,"[-1, -1, 2, 1, 1, 1, 2, -1, 2, 2, 2, -1, -2, -2, -2, -1, -1, -2, -2, -2, -1, -2, 1, 1, 1, 1, 2, -1, -1]"
959,dfs_bnb_mpi,1348.05,-9,10,405255682,"[-1, -1, 2, 2, -1, -2, -1, -2, -2, -1, 2, -1, -2, -2, 1, -2, 1, 2, 1, -2, 1, 1, 1, 2, -1, -1, 2, -1, 2]"
960,dfs_bnb_mpi,1948.61,-9,10,554554812,"[-1, -2, -1, 2, 2, 2, 2, -1, -1, 2, 2, 1, -2, 1, 2, 1, 1, 1, -2, -2, -1, 2, -1, -2, -2, -2, 1, 2, 1]"
961,dfs_bnb_mpi,8185.43,-7,8,2424448071,"[-1, -1, 2, 2, 2, 2, 2, 1, -2, 1, 2, 2, 1, -2, 1, 1, -2, -2, -2, -1, -1, -1, -1, 2, 1, 1, 1, 2, -1]"
962,dfs_bnb_mpi,1226.78,-8,9,334363639,"[-1, -1, 2, 2, 2, -1, -2, -2, -1, 2, 2, 2, 2, -1, -2, -2, -2, -2, -2, 1, 1, -2, 1, -2, -1, -1, 2, -1, -1]"
963,dfs_bnb_mpi,8.35447,-9,10,1964647,"[-1, -1, 2, 2, 2, 2, 1, -2, 1, 2, 1, 2, -1, 2, -1, -2, -1, 2, 2, -1, -2, -2, -1, -1, -2, 1, 1, -2, -1]"
964,dfs_bnb_mpi,45.1239,-9,10,13497658,"[-1, -1, 2, -1, 2, 2, -1, -2, -2, -2, 1, -2, -1, -1, 2, 2, 2, 2, -1, 2, 2, -1, -2, -1, -2, 1, -2, 1, -2]"
965,dfs_bnb_mpi,4.52557,-9,10,1255024,"[-1, -1, 2, 2, 1, -2, 1, 2, 1, -2, 1, -2, -1, -2, -1, -2, 1, -2, 1, 2, 2, 1, 2, 2, 2, 2, 2, 2, 2]"
966,dfs_bnb_mpi,6441.58,-6,7,1664812196,"[-1, -1, 2, 2, 2, 2, 2, 2, 2, 2, 2, 2, 1, -2, 1, 2, 2, 2, -1, -2, -1, 2, -1, -2, -1, -2, 1, -2, -1]"
967,dfs_bnb_mpi,19606.2,-8,9,5924454031,"[-1, -1, 2, 2, 2, 1, -2, -2, 1, 2, 2, 2, -1, -1, -1, 2, 2, -1, -2, -2, -1, 2, -1, -2, -2, 1, 1, 1, -2]"
968,dfs_bnb_mpi,176.782,-8,9,52494587,"[-1, -1, 2, 2, -1, 2, 1, 2, -1, 2, 2, 1, -2, 1, -2, -2, -2, -2, 1, 2, 2, 2, 1, 2, -1, 2, 2, -1, -2]"
969,dfs_bnb_mpi,48518.9,-6,7,13067136151,"[-1, -1, 2, 2, 2, 2, 1, 2, 2, 2, 2, -1, -2, -2, -2, -1, -1, -2, 1, -2, -2, -2, -2, -1, -2, 1, -2, 1, 2]"
970,dfs_bnb_mpi,15.8454,-8,9,4755913,"[-1, -1, 2, 1, 2, 2, -1, -2, -1, 2, -1, -2, -2, 1, -2, -2, 1, 1, 1, 1, -2, -1, -1, -1, -1, -1, 2, 2, -1]"
971,dfs_bnb_mpi,539.581,-8,8,147535206,"[-1, -1, 2, 2, 2, 2, 2, 2, 1, -2, -2, 1, -2, -1, -2, 1, 1, 1, 2, -1, 2, 1, 2, -1, -1, 2, 1, 2, 2]"
972,dfs_bnb_mpi,13.7634,-8,9,4222753,"[-1, -1, -1, 2, 1, 1, 1, 1, 2, 2, -1, -2, -1, -1, 2, -1, -2, -1, 2, 2, 1, 1, 1, 1, 1, 1, -2, -2, 1]"
973,dfs_bnb_mpi,0.199029,-10,11,58521,"[-1, -2, 1, -2, 1, 2, 1, -2, -2, -1, -2, 1, 1, 2, 1, 2, -1, 2, 2, 2, 2, -1, -2, -2, -1, 2, 2, 2, 2]"
974,dfs_bnb_mpi,303.906,-8,9,77671263,"[-1, -1, 2, 2, 2, 2, 2, -1, -2, -1, 2, 2, -1, -2, -2, -1, -2, 1, 1, 1, -2, -1, -1, -1, -2, 1, 1, 1, -2]"
975,dfs_bnb_mpi,680.429,-8,9,183211446,"[-1, -1, 2, 2, 2, 2, 2, 1, -2, -2, -2, -2, 1, 2, 1, -2, -2, -2, -1, -1, -1, -1, 2, 2, 2, 2, -1, -2, -2]"
976,dfs_bnb_mpi,24.9252,-8,9,6443069,"[-1, -1, 2, 2, 2, 2, 2, 1, -2, -2, -2, 1, 2, 2, 1, 1, -2, -1, -2, -2, -2, 1, 2, 2, 1, 1, 2, -1, 2]"
977,dfs_bnb_mpi,44675.5,-6,7,13415841320,"[-1, -1, 2, 2, 2, -1, -2, -1, -1, -2, 1, 1, -2, -2, 1, 1, 1, 1, 2, 2, 2, 2, 2, -1, -2, -2, -2, -1, 2]"
978,dfs_bnb_mpi,586.666,-8,9,154735629,"[-1, -1, 2, 2, -1, -2, -2, -1, -1, -2, -2, -2, 1, -2, 1, 2, 2, -1, 2, 1, 1, 1, -2, -1, -2, 1, 1, 2, 2]"
979,dfs_bnb_mpi,5085.91,-8,9,1434303446,"[-1, -2, -1, -1, 2, 1, 2, 1, 1, 2, 2, 2, 2, 2, -1, -1, -2, -2, -2, -1, -1, -2, -1, -2, 1, 1, 2, 1, 1]"
980,dfs_bnb_mpi,336.72,-8,9,101849072,"[-1, -1, 2, 2, 2, 1, -2, 1, 2, 2, -1, 2, 2, 1, -2, 1, 1, 1, -2, -2, -1, 2, -1, -2, -2, -2, 1, 2, 1]"
981,dfs_bnb_mpi,36.9492,-9,10,11294329,"[-1, -1, 2, 1, 2, 1, 1, 2, -1, 2, 2, 1, -2, 1, 2, 1, -2, 1, 1, -2, -1, -1, -1, -2, 1, -2, -1, -1, -1]"
982,dfs_bnb_mpi,1071.45,-10,11,315283343,"[-1, -1, 2, 2, 1, 2, 2, -1, 2, -1, -2, -1, 2, -1, -2, -1, -2, -2, 1, 2, 1, -2, -2, -2, 1, 2, 2, 2, 1]"
983,dfs_bnb_mpi,0.651471,-9,9,193927,"[-1, -2, 1, 1, 2, 1, 1, 2, -1, 2, -1, -2, -1, 2, -1, -2, -1, -2, -2, -2, 1, 1, 1, 1, 2, 1, 1, 2, 2]"
984,dfs_bnb_mpi,359.661,-9,10,107282333,"[-1, -1, 2, 1, 2, 1, 2, 2, 2, -1, -2, -2, -1, -2, -1, -2, -1, -2, -1, -1, -2, 1, -2, -2, 1, 2, 2, 1, 2]"
985,dfs_bnb_mpi,55.857,-6,7,16930725,"[-1, -1, 2, 2, 2, 2, -1, -2, -2, -1, -2, 1, -2, -2, 1, 1, 1, 1, 2, 2, 2, 2, -1, -2, -1, 2, 2, 2, 2]"
986,dfs_bnb_mpi,20.3871,-8,9,5205658,"[-1, -1, 2, 2, 2, 2, 2, 1, 1, 2, 1, 1, -2, -1, -2, -1, -1, -2, 1, -2, -2, 1, 2, 2, 1, 2, 1, 2, 2]"
987,dfs_bnb_mpi,92.9735,-8,9,28181982,"[-1, -1, 2, 2, 1, -2, 1, 2, 2, 2, -1, -2, -1, -1, 2, 2, -1, -2, -2, -2, 1, -2, -2, -2, -1, 2, 2, -1, 2]"
988,dfs_bnb_mpi,63.9799,-6,7,18297410,"[-1, -1, 2, 2, 2, 2, 2, 2, 2, 2, 1, 2, 1, -2, -2, -1, -2, -2, -2, 1, 2, 2, 1, 1, 1, 2, -1, -1, 2]"
989,dfs_bnb_mpi,1117.16,-9,10,317634083,"[-1, -1, 2, 1, 1, 2, 2, 1, -2, 1, 2, 1, -2, -2, -1, -1, -2, 1, -2, -2, -1, 2, -1, -1, -2, -1, 2, -1, 2]"
990,dfs_bnb_mpi,2016.7,-9,10,602818864,"[-1, -1, 2, 2, 2, 1, 2, 1, -2, -2, 1, 2, 1, -2, -2, 1, -2, -1, -2, -2, -1, -1, 2, 1, 2, 2, -1, -1, 2]"
991,dfs_bnb_mpi,25.255,-9,10,7223557,"[-1, -2, -1, -1, 2, 1, 2, 2, -1, 2, 1, 1, -2, -2, 1, 2, 1, 2, -1, 2, -1, -1, 2, 1, 2, 1, -2, 1, 2]"
992,dfs_bnb_mpi,3017.22,-8,9,869991981,"[-1, -1, 2, 2, 2, 1, -2, -2, 1, 2, 2, 1, 1, 2, 2, 2, 1, -2, -2, 1, -2, -1, -2, -1, -1, -2, -2, 1, 2]"
993,dfs_bnb_mpi,42564.3,-7,8,12679914629,"[-1, -1, 2, 2, 2, -1, -2, -2, -2, -2, -1, -1, -2, 1, 1, 1, -2, -2, 1, 2, 1, 1, 2, 2, -1, -2, -1, 2, -1]"
994,dfs_bnb_mpi,85.1758,-8,9,25296934,"[-1, -2, 1, 1, 2, 2, -1, -1, -1, -2, -2, -1, -2, -1, -2, -1, -2, 1, 1, 2, 1, 2, 1, 1, 1, 1, 2, 2, 2]"
995,dfs_bnb_mpi,1518.26,-8,9,446607249,"[-1, -1, 2, 2, -1, -2, -1, 2, -1, 2, 2, 2, -1, -2, -2, -2, -2, 1, -2, -1, -2, 1, -2, 1, 1, 2, -1, 2, 1]"
996,dfs_bnb_mpi,52171.6,-6,7,14027330176,"[-1, -1, 2, 2, 1, 2, 1, 2, 2, 2, 2, -1, -2, -1, 2, 2, 2, -1, -2, -2, -2, -2, 1, 1, -2, -1, -2, -1, -2]"
997,dfs_bnb_mpi,22598.2,-8,9,4839174724,"[-1, -1, 2, 2, -1, 2, 2, 2, -1, -2, -2, -1, 2, 2, -1, -2, -2, -2, -2, 1, 2, 1, -2, 1, -2, -1, -2, -1, 2]"
998,dfs_bnb_mpi,48755.4,-8,8,14032528073,"[-1, -1, 2, 2, -1, -2, -1, -2, 1, -2, -2, -2, -1, -1, -1, -1, 2, 1, 2, 2, 2, 2, 1, -2, -2, -2, 1, -2, -1]"
999,dfs_bnb_mpi,11.8177,-9,10,2832505,"[-1, -1, 2, -1, -2, -1, 2, 2, 2, -1, -2, -2, -2, -2, 1, 1, -2, -1, -1, -2, 1, 1, 1, 2, 2, 1, 1, 1, 2]"
