protein_id,algorithm,time,score,checked,placed,hash
0,dfs_bnb_mpi,1.40786,-6,7,348855,"[-1, -1, 2, 2, -1, -1, -1, -2, 1, 1, -2, -2, -1, 2, -1, -1, -1, 2, 1]"
1,dfs_bnb_mpi,1.37377,-7,8,401415,"[-1, -2, 1, 1, 2, 2, 2, -1, -2, -1, 2, -1, -1, -2, -1, -2, 1, 1, 2]"
2,dfs_bnb_mpi,0.60605,-6,7,151297,"[-1, -1, 2, 2, 1, 2, 2, 1, -2, -2, -2, 1, 2, 1, -2, 1, -2, -1, -1]"
3,dfs_bnb_mpi,6.03354,-6,7,1842461,"[-1, -1, 2, 2, 2, 2, 2, 1, -2, -2, 1, 2, 1, -2, -2, -1, -1, -2, 1]"
4,dfs_bnb_mpi,1.28591,-6,7,360279,"[-1, -1, 2, 2, 2, -1, 2, -1, -2, -2, 1, -2, -1, -1, -2, 1, 1, -2, 1]"
5,dfs_bnb_mpi,0.134854,-7,8,38643,"[-1, -1, 2, 1, 2, 2, 1, 1, -2, -1, -2, 1, 1, 2, 1, -2, -2, -1, -1]"
6,dfs_bnb_mpi,1.11414,-5,6,293731,"[-1, -1, 2, 2, 2, 2, 2, 2, 2, 1, -2, -2, 1, 2, 2, 2, -1, 2, 2]"
7,dfs_bnb_mpi,0.102562,-6,7,31447,"[-1, -1, -1, 2, 1, 1, 2, -1, 2, 1, 1, -2, 1, -2, -2, -2, -1, -1, -1]"
8,dfs_bnb_mpi,7.13973,-6,7,1970499,"[-1, -1, 2, 2, 2, 2, 2, 1, -2, -2, 1, 2, 1, -2, -2, -1, -1, -2, 1]"
9,dfs_bnb_mpi,0.022155,-5,6,5386,"[-1, -1, 2, 2, 2, -1, -2, -1, -2, 1, -2, -1, -1, 2, 2, 2, 2, 2, 2]"
10,dfs_bnb_mpi,2.41206,-8,9,720375,"[-1, -1, 2, 1, 1, 2, 2, 1, 1, -2, 1, -2, -1, -2, -2, -1, 2, 2, 2]"
11,dfs_bnb_mpi,0.041464,-7,8,12133,"[-1, -2, 1, 1, 2, 2, -1, 2, 1, 2, 1, -2, -2, 1, -2, -1, -2, 1, 1]"
12,dfs_bnb_mpi,0.062748,-7,8,17533,"[-1, -2, -2, 1, 2, 1, 2, 2, -1, -1, -1, -2, -1, -1, -2, 1, 1, -2, -1]"
13,dfs_bnb_mpi,4.70885,-7,8,1458136,"[-1, -2, -1, -2, 1, -2, -1, -2, 1, 1, 2, 1, 1, 2, -1, -1, 2, 1, 2]"
14,dfs_bnb_mpi,0.810284,-7,7,228999,"[-1, -1, 2, 2, -1, -1, -1, -2, 1, 1, -2, -1, -1, -2, 1, 1, -2, 1, 2]"
15,dfs_bnb_mpi,0.321139,-6,7,95249,"[-1, -1, 2, 2, 1, 2, -1, -1, -2, -2, -1, -2, -1, -1, 2, 1, 2, 1, 2]"
16,dfs_bnb_mpi,4.23811,-7,8,1149079,"[-1, -2, -2, -1, -1, -2, 1, 1, -2, 1, 1, 2, -1, 2, 1, 1, 2, -1, -1]"
17,dfs_bnb_mpi,0.303777,-6,7,92446,"[-1, -1, 2, 1, 1, 2, -1, -1, -1, -2, -2, -2, 1, -2, -2, 1, 2, 2, 1]"
18,dfs_bnb_mpi,0.23124,-6,6,63160,"[-1, -1, 2, 2, 2, -1, -2, -1, 2, 2, -1, -2, -2, -2, 1, 1, -2, -1, -1]"
19,dfs_bnb_mpi,0.766295,-7,8,234263,"[-1, -1, 2, -1, -2, -1, -2, 1, -2, -2, 1, 1, 1, 2, 2, -1, -1, -2, 1]"
20,dfs_bnb_mpi,0.520755,-6,7,150425,"[-1, -1, 2, 2, 2, 1, -2, 1, 2, 2, -1, -1, 2, -1, -2, -1, -2, 1, -2]"
21,dfs_bnb_mpi,0.042834,-6,7,11653,"[-1, -1, -1, 2, 1, 2, 1, -2, 1, 2, 2, 2, 1, -2, -2, 1, -2, -1, -2]"
22,dfs_bnb_mpi,3.60705,-6,7,1130560,"[-1, -1, 2, 2, -1, -2, -1, 2, -1, -2, -2, -1, -1, -2, 1, 1, 1, 2, 1]"
23,dfs_bnb_mpi,0.115777,-7,7,31915,"[-1, -2, -1, -1, 2, 1, 2, -1, 2, 1, 1, -2, 1, 1, 2, -1, 2, -1, 2]"
24,dfs_bnb_mpi,0.135029,-7,8,36518,"[-1, -1, 2, 1, 2, -1, 2, -1, -2, -2, -2, -2, -1, 2, 2, 2, 2, 2, 2]"
25,dfs_bnb_mpi,0.0525,-6,7,14094,"[-1, -1, 2, 1, 1, 2, -1, 2, -1, -2, -1, 2, 2, -1, -2, -2, -2, 1, -2]"
26,dfs_bnb_mpi,0.302925,-6,7,90628,"[-1, -1, 2, 1, 2, -1, 2, -1, 2, -1, -2, -1, -2, 1, 1, -2, -1, -1, -1]"
27,dfs_bnb_mpi,1.24424,-8,9,355793,"[-1, -1, 2, 1, 2, -1, 2, -1, 2, -1, -2, -1, -2, 1, -2, -2, 1, 2, 2]"
28,dfs_bnb_mpi,6.70967,-6,7,1685856,"[-1, -1, -1, 2, -1, 2, 1, 1, 2, 2, 2, 1, -2, -2, -2, 1, -2, -1, -1]"
29,dfs_bnb_mpi,0.718067,-6,7,192284,"[-1, -1, 2, -1, -2, -1, 2, -1, -2, -1, -2, 1, 1, 1, -2, 1, 2, 1, 1]"
30,dfs_bnb_mpi,0.329014,-7,8,96975,"[-1, -1, 2, -1, 2, 2, -1, 2, 1, 2, 1, 1, -2, -1, -2, -2, 1, -2, 1]"
31,dfs_bnb_mpi,0.868108,-7,8,257960,"[-1, -1, 2, 1, 2, -1, 2, -1, 2, 2, -1, -2, -1, -2, 1, -2, -2, 1, 2]"
32,dfs_bnb_mpi,5.27948,-7,8,1565431,"[-1, -1, -1, 2, 1, 2, 2, 2, 2, 1, -2, -2, 1, -2, 1, -2, -1, -1, 2]"
33,dfs_bnb_mpi,3.2981,-2,3,807875,"[-1, -1, 2, 2, 2, 2, 2, 2, 2, 2, 2, 2, 2, 1, -2, 1, -2, -1, -2]"
34,dfs_bnb_mpi,0.296412,-6,7,93129,"[-1, -1, 2, 2, 1, -2, 1, 1, 2, -1, 2, -1, 2, 2, 2, -1, -2, -2, -2]"
35,dfs_bnb_mpi,1.90698,-7,8,547236,"[-1, -2, -1, 2, 2, 1, 1, 2, 1, -2, 1, -2, -1, -2, 1, -2, -1, -1, 2]"
36,dfs_bnb_mpi,0.009771,-7,8,2871,"[-1, -1, 2, 2, 2, 1, -2, -2, 1, 1, -2, -2, -1, -2, -2, -1, 2, 2, -1]"
37,dfs_bnb_mpi,0.040863,-7,8,12489,"[-1, -1, 2, 2, 1, -2, 1, 2, 1, -2, 1, -2, -1, -2, -1, -2, -1, 2, -1]"
38,dfs_bnb_mpi,0.380226,-7,8,104560,"[-1, -2, 1, 1, 1, -2, -1, -1, -1, -2, -1, -1, 2, 1, 2, 2, -1, -2, -1]"
39,dfs_bnb_mpi,2.92239,-6,7,920352,"[-1, -1, 2, 1, 2, 1, 2, 2, 1, -2, -2, 1, 2, 1, -2, -2, -1, -1, -1]"
40,dfs_bnb_mpi,0.142073,-8,9,42740,"[-1, -2, 1, 1, 2, 2, -1, -1, -1, -2, -2, -1, -2, 1, 1, -2, 1, 2, 1]"
41,dfs_bnb_mpi,0.019106,-7,8,5969,"[-1, -1, 2, 1, 1, 2, 1, -2, -2, 1, 2, 2, 2, -1, -1, -1, -2, -1, 2]"
42,dfs_bnb_mpi,0.326053,-6,7,103937,"[-1, -2, -1, -2, 1, 1, 2, 1, 2, 2, 2, 1, -2, -2, -2, -2, -1, -2, 1]"
43,dfs_bnb_mpi,0.020095,-6,7,5811,"[-1, -1, 2, 1, 1, 1, -2, -2, -2, -1, 2, -1, -1, -1, 2, 2, 2, 2, 2]"
44,dfs_bnb_mpi,0.061006,-7,8,16841,"[-1, -1, 2, 2, 2, 2, 1, -2, -2, -2, 1, 2, 1, 2, 2, 2, -1, -2, -2]"
45,dfs_bnb_mpi,3.43299,-4,5,918825,"[-1, -1, 2, 2, 2, 2, 2, 2, 1, 2, -1, 2, 2, -1, -2, -2, -1, -2, 1]"
46,dfs_bnb_mpi,0.248138,-6,7,67094,"[-1, -1, 2, -1, -2, -2, -1, 2, -1, -2, -2, 1, -2, 1, 2, 1, 2, 1, 1]"
47,dfs_bnb_mpi,7.02769,-6,7,1950817,"[-1, -1, -1, 2, 1, 2, 1, -2, 1, 1, 1, 2, 2, -1, -2, -1, 2, 2, 1]"
48,dfs_bnb_mpi,3.42125,-6,7,933885,"[-1, -1, 2, 2, 2, 2, 1, 1, -2, -2, -2, 1, 2, 1, -2, -2, -1, -2, -1]"
49,dfs_bnb_mpi,0.041852,-7,8,11601,"[-1, -2, 1, 1, 2, 2, 2, 1, -2, 1, -2, -1, -2, -2, -1, -2, -1, 2, -1]"
50,dfs_bnb_mpi,6.58573,-5,6,1839608,"[-1, -1, 2, 2, 2, 1, 2, -1, 2, 2, -1, -2, -2, -2, -1, -2, 1, -2, -1]"
51,dfs_bnb_mpi,0.034872,-7,8,8975,"[-1, -1, 2, 2, -1, 2, -1, -2, -1, -2, 1, 1, -2, -1, -2, -1, 2, -1, 2]"
52,dfs_bnb_mpi,2.82804,-6,7,807574,"[-1, -1, 2, 1, 2, -1, 2, -1, 2, 1, 2, 1, -2, -2, 1, -2, -2, 1, 2]"
53,dfs_bnb_mpi,3.31632,-6,7,838276,"[-1, -1, 2, 2, 2, -1, -2, -2, -1, -2, -1, -1, -2, 1, -2, 1, 2, 1, 2]"
54,dfs_bnb_mpi,0.133708,-6,7,39313,"[-1, -1, 2, 1, 2, 2, 1, -2, -2, 1, 1, -2, -1, -2, -1, -1, -1, -1, 2]"
55,dfs_bnb_mpi,0.221297,-6,7,51451,"[-1, -1, 2, 2, 2, -1, -2, -2, -1, -1, -2, 1, 1, -2, -1, -2, -1, 2, -1]"
56,dfs_bnb_mpi,0.102893,-7,7,31243,"[-1, -1, 2, 2, -1, -2, -1, 2, 2, 1, 1, 2, 1, -2, 1, -2, -1, -2, 1]"
57,dfs_bnb_mpi,2.91172,-6,7,795591,"[-1, -1, 2, 2, 2, 1, 2, 2, 1, -2, -2, -2, -1, -2, 1, 1, -2, -2, -1]"
58,dfs_bnb_mpi,1.23017,-7,8,348551,"[-1, -2, 1, 1, 2, 2, 2, 1, 2, 2, 2, -1, -2, -2, -1, -2, -1, -2, 1]"
59,dfs_bnb_mpi,0.070215,-7,8,20413,"[-1, -1, 2, 2, -1, -1, 2, -1, -2, -1, -2, 1, -2, 1, -2, 1, 2, 2, -1]"
60,dfs_bnb_mpi,2.60685,-4,5,759114,"[-1, -1, 2, 2, 1, -2, 1, 2, 2, -1, -1, -1, -2, -2, -2, -2, 1, 1, 1]"
61,dfs_bnb_mpi,0.216528,-6,7,56324,"[-1, -1, 2, 2, -1, -2, -2, -1, -2, 1, -2, 1, 2, 1, -2, 1, 2, 1, 2]"
62,dfs_bnb_mpi,0.007609,-6,7,2363,"[-1, -1, 2, 2, 1, -2, 1, 2, 2, -1, 2, 2, 2, -1, -2, -2, -2, -1, 2]"
63,dfs_bnb_mpi,0.848441,-4,5,242041,"[-1, -1, 2, 2, 2, 1, 2, 2, 2, -1, -2, -2, -1, 2, -1, -2, -2, 1, -2]"
64,dfs_bnb_mpi,0.248813,-8,9,75211,"[-1, -2, -1, -2, 1, -2, -2, 1, 2, 2, 1, -2, 1, 2, 2, 2, -1, -2, -1]"
65,dfs_bnb_mpi,0.022165,-6,7,6385,"[-1, -1, 2, 2, 1, -2, 1, 1, 2, -1, 2, 1, 1, -2, 1, -2, -1, -2, 1]"
66,dfs_bnb_mpi,0.062761,-7,8,16295,"[-1, -1, 2, -1, -2, -1, -2, -2, 1, 2, 1, 1, -2, -1, -2, 1, 1, 2, 2]"
67,dfs_bnb_mpi,0.508237,-7,8,152076,"[-1, -1, 2, -1, -2, -2, 1, -2, 1, -2, -1, -1, 2, -1, 2, 2, -1, -2, -1]"
68,dfs_bnb_mpi,0.025469,-6,7,7225,"[-1, -2, 1, 1, -2, 1, -2, 1, -2, -1, -1, 2, -1, 2, -1, -1, 2, 2, 2]"
69,dfs_bnb_mpi,0.358303,-6,7,87909,"[-1, -2, 1, 1, 2, 2, 2, 2, 1, -2, -2, -2, 1, 1, -2, -1, -1, -2, 1]"
70,dfs_bnb_mpi,0.040975,-7,8,12374,"[-1, -1, 2, 2, 1, -2, 1, 2, 1, -2, 1, -2, -1, -2, -1, -1, -1, -1, 2]"
71,dfs_bnb_mpi,2.39072,-6,7,668587,"[-1, -1, 2, 2, 1, -2, 1, 1, 2, -1, 2, 2, 2, -1, -1, -2, 1, -2, -1]"
72,dfs_bnb_mpi,0.141098,-6,7,38581,"[-1, -1, 2, 2, 2, 2, 1, 1, -2, -1, -2, -2, 1, 2, 1, -2, 1, 2, 2]"
73,dfs_bnb_mpi,0.026299,-6,6,8524,"[-1, -1, 2, 2, -1, -2, -1, -2, 1, -2, 1, 1, 1, 1, 2, 2, -1, -1, 2]"
74,dfs_bnb_mpi,2.1521,-6,7,637974,"[-1, -1, 2, 2, -1, -1, -1, -1, -2, 1, 1, 1, -2, -2, -1, 2, -1, -1, -1]"
75,dfs_bnb_mpi,0.339823,-6,7,105703,"[-1, -2, 1, 1, 2, 1, -2, -2, -1, -1, -2, -2, -1, 2, 2, -1, -1, 2, 1]"
76,dfs_bnb_mpi,2.06766,-4,5,645845,"[-1, -1, 2, 2, 2, 2, 1, -2, 1, 2, 2, -1, 2, -1, -1, -2, -2, -2, -1]"
77,dfs_bnb_mpi,0.090628,-5,6,24432,"[-1, -1, 2, 1, 2, -1, 2, 2, 1, -2, 1, 1, -2, -1, -2, 1, 1, 2, 2]"
78,dfs_bnb_mpi,4.29816,-7,8,1247102,"[-1, -2, 1, 1, 2, 1, 1, 2, 2, -1, -1, 2, -1, -2, -1, -2, 1, 1, 1]"
79,dfs_bnb_mpi,0.258695,-7,8,79534,"[-1, -2, 1, 1, -2, 1, 2, 1, 1, 2, -1, 2, -1, -2, -1, 2, -1, 2, 2]"
80,dfs_bnb_mpi,0.01428,-7,8,3594,"[-1, -2, 1, 1, 2, 2, 1, -2, -2, -2, -2, -1, 2, -1, -1, -1, 2, 2, 2]"
81,dfs_bnb_mpi,0.229918,-5,6,65876,"[-1, -1, 2, 2, 2, 2, 1, 1, -2, -1, -2, 1, 1, 2, 2, 2, -1, 2, 2]"
82,dfs_bnb_mpi,4.69942,-6,7,1190946,"[-1, -1, 2, 2, 2, -1, -2, -2, -2, -2, -1, -2, 1, 1, 1, 1, 2, -1, -1]"
83,dfs_bnb_mpi,0.523906,-5,6,148414,"[-1, -1, 2, 2, 2, 2, 1, -2, -2, -2, 1, 2, 1, -2, -2, 1, -2, -1, -1]"
84,dfs_bnb_mpi,0.138272,-6,7,35330,"[-1, -2, 1, 1, 2, 1, 1, 2, -1, 2, -1, -2, -1, -1, -1, -2, -2, -1, 2]"
85,dfs_bnb_mpi,0.05693,-6,7,17012,"[-1, -1, 2, 2, 1, -2, 1, 1, 2, -1, 2, -1, 2, -1, -2, -1, -2, -2, -1]"
86,dfs_bnb_mpi,0.107888,-7,8,33674,"[-1, -1, 2, 1, 2, 1, -2, 1, 2, 1, 1, -2, -1, -2, 1, -2, -1, -1, 2]"
87,dfs_bnb_mpi,0.133642,-6,7,35728,"[-1, -1, 2, 2, -1, -1, 2, -1, -1, -2, 1, -2, 1, 1, -2, -2, -1, 2, -1]"
88,dfs_bnb_mpi,0.66461,-6,6,188713,"[-1, -1, -1, 2, 2, 2, 2, 2, 1, -2, -2, 1, 1, -2, -1, -1, -2, 1, 1]"
89,dfs_bnb_mpi,2.39248,-4,5,710784,"[-1, -1, 2, 2, 2, 2, 2, 1, 1, -2, -1, -2, 1, 1, 2, 2, 2, -1, 2]"
90,dfs_bnb_mpi,0.094766,-7,7,25243,"[-1, -2, -1, 2, 2, 1, 2, 2, 1, 1, -2, -1, -2, 1, 1, -2, -1, -2, 1]"
91,dfs_bnb_mpi,18.3905,-7,8,5128975,"[-1, -2, -1, -1, -2, 1, 1, 1, -2, 1, 2, 1, 2, 2, 2, -1, -2, -2, -1]"
92,dfs_bnb_mpi,0.023356,-6,6,6881,"[-1, -1, 2, 2, 1, -2, 1, 2, 2, 1, -2, 1, -2, -1, -2, 1, 1, 2, 2]"
93,dfs_bnb_mpi,1.04146,-5,6,256900,"[-1, -1, 2, 2, -1, -2, -1, -1, -2, -1, -2, 1, 1, 2, 1, -2, 1, 1, 1]"
94,dfs_bnb_mpi,1.03576,-6,7,295823,"[-1, -1, 2, -1, 2, 2, -1, -2, -2, -2, 1, -2, -1, -2, 1, 1, 2, 1, 1]"
95,dfs_bnb_mpi,2.59211,-6,6,696011,"[-1, -1, 2, 2, 1, -2, 1, 1, -2, -2, -1, -1, -1, -1, -2, 1, -2, 1, 2]"
96,dfs_bnb_mpi,0.136106,-6,7,39509,"[-1, -1, 2, -1, -1, 2, -1, -2, -2, -1, -2, 1, -2, 1, 2, 2, 1, -2, 1]"
97,dfs_bnb_mpi,0.063676,-7,8,18396,"[-1, -1, 2, 2, 2, 1, -2, -2, 1, 1, -2, 1, -2, -1, -1, -2, -1, 2, -1]"
98,dfs_bnb_mpi,0.318733,-7,8,80962,"[-1, -1, 2, -1, -2, -1, -2, 1, -2, 1, 2, 1, 1, -2, 1, -2, -1, -1, 2]"
99,dfs_bnb_mpi,2.24984,-6,7,698679,"[-1, -1, 2, 2, -1, -2, -1, -2, 1, -2, 1, 1, 1, 1, -2, -1, -1, -1, -1]"
100,dfs_bnb_mpi,2.63335,-7,8,791416,"[-1, -1, 2, 1, 2, -1, 2, 2, -1, -2, -1, 2, -1, -2, -2, 1, -2, 1, 2]"
101,dfs_bnb_mpi,2.46373,-6,6,736110,"[-1, -1, 2, 2, 1, -2, 1, 2, 2, 1, 2, 2, 1, -2, -2, -2, -2, -1, 2]"
102,dfs_bnb_mpi,3.97972,-6,7,986802,"[-1, -1, 2, 2, 2, 1, 2, 2, 1, -2, 1, 1, -2, -1, -1, -2, -2, -1, 2]"
103,dfs_bnb_mpi,8.23567,-5,6,1879861,"[-1, -1, 2, 2, 2, 2, 2, 2, 1, -2, -2, 1, 2, 1, -2, -2, -1, -1, -2]"
104,dfs_bnb_mpi,0.203562,-7,8,55977,"[-1, -2, -1, 2, -1, 2, -1, 2, 2, 2, 1, -2, -2, 1, -2, 1, 2, 2, 2]"
105,dfs_bnb_mpi,0.286594,-7,8,75039,"[-1, -1, 2, -1, -2, -1, -1, -2, 1, -2, 1, 2, 1, 1, 1, -2, -1, -1, -2]"
106,dfs_bnb_mpi,0.153095,-7,8,41558,"[-1, -2, -2, -1, 2, 2, 2, -1, -2, -1, 2, 2, 1, 1, 1, -2, 1, 2, 2]"
107,dfs_bnb_mpi,0.414609,-6,7,106306,"[-1, -1, 2, 2, -1, 2, -1, 2, -1, -2, -2, 1, -2, 1, -2, -2, 1, 1, 1]"
108,dfs_bnb_mpi,0.037816,-7,8,10164,"[-1, -1, 2, 2, -1, -2, -2, -1, 2, 2, 2, 1, 2, 1, -2, 1, -2, 1, 2]"
109,dfs_bnb_mpi,18.5289,-5,6,4635081,"[-1, -1, 2, 2, 2, 2, 2, 2, 1, -2, -2, -2, -2, -2, 1, 2, 1, 2, -1]"
110,dfs_bnb_mpi,0.052,-6,7,14039,"[-1, -1, 2, 2, 2, -1, -2, -1, -1, -2, -2, 1, 2, 1, -2, -2, 1, 1, 1]"
111,dfs_bnb_mpi,0.094551,-6,6,25622,"[-1, -2, 1, 1, 1, -2, -1, -1, -1, -1, -1, -2, 1, -2, 1, 2, 1, 1, 1]"
112,dfs_bnb_mpi,0.006668,-6,7,1846,"[-1, -1, 2, 1, 2, -1, 2, 1, 1, -2, -2, 1, 1, 2, -1, 2, 2, 2, 2]"
113,dfs_bnb_mpi,2.00258,-7,8,606232,"[-1, -2, -1, 2, 2, 1, 1, 1, 2, 2, 2, 1, -2, -2, -2, -2, -1, -2, -1]"
114,dfs_bnb_mpi,3.57873,-6,7,1067539,"[-1, -1, 2, 2, 2, 2, 2, 1, -2, -2, -2, -2, 1, 2, 1, 2, 2, -1, -2]"
115,dfs_bnb_mpi,0.273897,-7,8,82515,"[-1, -1, 2, 2, 2, 1, -2, -2, 1, 2, 2, 1, -2, -2, 1, -2, -2, -1, 2]"
116,dfs_bnb_mpi,0.04668,-6,6,12699,"[-1, -1, 2, 2, 1, -2, 1, 1, -2, 1, -2, -1, -1, -2, -2, -1, 2, 2, -1]"
117,dfs_bnb_mpi,0.478206,-7,8,143189,"[-1, -1, 2, 1, 1, 2, 1, -2, 1, 1, -2, -1, -1, -2, -1, -2, -1, 2, -1]"
118,dfs_bnb_mpi,0.982151,-7,8,279705,"[-1, -1, 2, 2, -1, 2, 1, 1, 2, 1, -2, 1, -2, -1, -1, -2, 1, 1, 1]"
119,dfs_bnb_mpi,0.16977,-5,6,38474,"[-1, -1, 2, 2, 2, 1, 2, 1, -2, -2, -1, -2, 1, 1, 2, 2, 2, 2, 2]"
120,dfs_bnb_mpi,0.154775,-6,7,47981,"[-1, -1, 2, 2, 2, 1, -2, -2, 1, 2, 2, 2, -1, 2, -1, -2, -1, -2, -1]"
121,dfs_bnb_mpi,3.55317,-7,8,991801,"[-1, -2, -2, 1, 1, -2, 1, 2, 1, 2, 2, 2, -1, -1, -2, 1, -2, -1, -1]"
122,dfs_bnb_mpi,0.001925,-6,7,558,"[-1, -2, -1, 2, 2, 1, 1, 1, -2, -2, -1, -2, 1, 1, 2, 2, 2, 2, 2]"
123,dfs_bnb_mpi,0.008837,-5,6,2195,"[-1, -1, 2, 2, 2, 1, -2, -2, 1, 2, 1, -2, 1, 2, 2, 2, 2, 2, 2]"
124,dfs_bnb_mpi,0.315944,-7,8,91795,"[-1, -1, 2, 2, 2, 2, 1, 1, -2, -1, -2, -2, 1, 2, 1, 2, 2, 1, -2]"
125,dfs_bnb_mpi,0.347973,-7,8,103641,"[-1, -2, -1, 2, -1, 2, 1, 1, 2, -1, 2, 1, 2, -1, -1, -2, -2, -1, 2]"
126,dfs_bnb_mpi,0.308323,-4,5,86103,"[-1, -1, 2, 2, 1, -2, 1, 2, 1, -2, -2, 1, -2, -1, -1, -1, -1, -1, 2]"
127,dfs_bnb_mpi,0.544731,-7,8,169288,"[-1, -1, 2, -1, -2, -2, 1, -2, -1, -1, 2, 2, -1, -1, 2, 1, 1, 2, 1]"
128,dfs_bnb_mpi,0.023953,-6,7,7283,"[-1, -2, 1, 1, 2, 2, 2, -1, -2, -1, -1, -2, -2, -2, 1, 1, 1, 1, 2]"
129,dfs_bnb_mpi,0.188157,-8,9,54036,"[-1, -1, 2, 1, 2, 2, 1, -2, -2, 1, 2, 2, 1, -2, 1, -2, -1, -2, -1]"
130,dfs_bnb_mpi,1.02195,-6,7,300840,"[-1, -1, 2, 2, 1, 2, 2, -1, -2, -1, 2, -1, -2, -1, -2, 1, -2, 1, 2]"
131,dfs_bnb_mpi,0.159443,-5,6,38943,"[-1, -1, 2, 2, 2, 2, 2, 2, 2, 1, -2, -2, -2, 1, 1, -2, -1, -1, -2]"
132,dfs_bnb_mpi,0.068386,-6,7,18961,"[-1, -1, 2, 2, 1, -2, 1, 1, 2, -1, 2, 1, 2, 1, 1, -2, -1, -2, 1]"
133,dfs_bnb_mpi,0.759028,-7,8,216424,"[-1, -2, -1, 2, 2, 2, 1, 1, -2, 1, 1, -2, -1, -2, 1, -2, -1, -1, 2]"
134,dfs_bnb_mpi,0.002345,-4,5,607,"[-1, -1, 2, 2, 1, -2, 1, 2, 2, -1, 2, 2, 2, 2, 2, 2, 2, 2, 2]"
135,dfs_bnb_mpi,0.006553,-6,7,1874,"[-1, -1, 2, 2, -1, -1, -2, 1, -2, -2, 1, 1, 1, 1, 2, 2, -1, -1, 2]"
136,dfs_bnb_mpi,2.69079,-7,8,775405,"[-1, -1, 2, 1, 1, 1, 2, -1, 2, 2, 2, -1, -1, -2, 1, -2, -1, -2, 1]"
137,dfs_bnb_mpi,2.24113,-7,8,668005,"[-1, -2, 1, 1, 2, 1, -2, 1, 1, -2, -1, -1, -2, -1, -1, -1, 2, 1, 1]"
138,dfs_bnb_mpi,0.338299,-7,8,102503,"[-1, -2, -1, 2, 2, 2, -1, -1, 2, 1, 1, 2, 1, -2, 1, -2, -1, -2, 1]"
139,dfs_bnb_mpi,0.110599,-7,8,34635,"[-1, -1, 2, 1, 2, 2, 1, 2, 1, 2, 1, -2, -2, -1, -2, -1, -2, 1, 1]"
140,dfs_bnb_mpi,23.9078,-6,7,5714228,"[-1, -2, 1, 1, 2, 2, 1, -2, -2, -2, -1, -1, -1, -1, -2, 1, 1, -2, -1]"
141,dfs_bnb_mpi,1.43911,-6,7,451219,"[-1, -1, 2, 2, 2, 2, 1, 1, 2, 1, -2, -2, -2, -1, -2, -1, 2, 2, 1]"
142,dfs_bnb_mpi,9.80074,-6,7,2452757,"[-1, -1, 2, 1, 2, 2, -1, -1, -2, -2, -2, -1, -2, -1, -2, 1, 1, 2, 1]"
143,dfs_bnb_mpi,0.450051,-7,8,141584,"[-1, -1, 2, -1, 2, 1, 1, -2, 1, 1, 2, 2, 2, 1, -2, -2, -2, -2, -1]"
144,dfs_bnb_mpi,1.23443,-6,7,296683,"[-1, -1, 2, 2, 1, -2, 1, 1, 2, 1, -2, -2, -1, -2, -1, -1, -2, 1, 1]"
145,dfs_bnb_mpi,22.96,-6,7,5151191,"[-1, -1, 2, 2, 1, 2, 2, 2, 1, -2, -2, -2, 1, 1, -2, -2, -1, 2, -1]"
146,dfs_bnb_mpi,0.057488,-6,7,13773,"[-1, -2, -1, 2, -1, 2, 2, 1, -2, 1, 2, 2, 2, 1, -2, -2, 1, 2, 2]"
147,dfs_bnb_mpi,0.350686,-8,8,105406,"[-1, -1, 2, 1, 2, 2, 1, -2, 1, 2, 1, -2, 1, -2, -1, -2, -1, 2, -1]"
148,dfs_bnb_mpi,2.41083,-7,8,703646,"[-1, -1, -1, 2, 2, 1, -2, 1, 1, 1, -2, -2, -1, -1, -2, -1, -1, 2, 1]"
149,dfs_bnb_mpi,0.270072,-6,7,80147,"[-1, -1, -1, 2, 2, 2, 1, -2, -2, 1, 1, 1, 2, -1, -1, 2, 1, 2, 2]"
150,dfs_bnb_mpi,0.104609,-6,7,32011,"[-1, -1, 2, 2, -1, -2, -1, -2, 1, -2, 1, -2, -2, 1, 2, 2, 1, 1, 2]"
151,dfs_bnb_mpi,0.116189,-6,7,31287,"[-1, -1, 2, 1, 2, 2, -1, -1, -2, -2, -2, -2, 1, 1, 1, -2, -1, -1, -1]"
152,dfs_bnb_mpi,2.03946,-6,6,529180,"[-1, -2, -1, -2, 1, 1, 2, 1, 2, 1, -2, -2, -1, -2, 1, -2, -1, -1, 2]"
153,dfs_bnb_mpi,0.681304,-6,7,201575,"[-1, -1, 2, 2, 2, -1, 2, -1, -2, -2, 1, -2, -2, -1, -2, 1, -2, 1, 2]"
154,dfs_bnb_mpi,3.23703,-6,7,945223,"[-1, -1, 2, 2, -1, -2, -1, 2, 2, -1, -2, -2, -1, -2, 1, 1, 1, -2, 1]"
155,dfs_bnb_mpi,0.212341,-6,7,63755,"[-1, -1, 2, -1, 2, -1, 2, -1, -2, -2, 1, -2, 1, -2, -1, -1, -1, 2, 1]"
156,dfs_bnb_mpi,7.52716,-6,7,2298927,"[-1, -1, 2, 2, 2, 1, -2, 1, 1, 2, -1, 2, 1, 1, -2, -2, -2, -1, -1]"
157,dfs_bnb_mpi,0.635583,-7,8,181332,"[-1, -2, 1, 1, 2, 1, 2, 2, -1, -2, -1, -1, -1, -2, -1, -2, -2, 1, 2]"
158,dfs_bnb_mpi,8.21584,-5,6,2337815,"[-1, -2, 1, 1, 2, 1, -2, 1, 2, 2, 1, -2, -2, -2, -1, -1, -1, -1, -1]"
159,dfs_bnb_mpi,0.903634,-4,5,270906,"[-1, -1, 2, 2, 1, -2, 1, 2, 1, -2, -2, -2, -1, -1, -1, -1, 2, 2, 2]"
160,dfs_bnb_mpi,0.153735,-5,6,37759,"[-1, -1, 2, 2, -1, -2, -2, -1, -1, -2, 1, 1, 1, 1, 1, 1, 2, 2, 2]"
161,dfs_bnb_mpi,1.23892,-6,7,334681,"[-1, -1, 2, 2, 2, -1, -2, -2, -2, -1, 2, 2, -1, 2, 1, 2, 1, 1, 2]"
162,dfs_bnb_mpi,0.461587,-5,6,148307,"[-1, -1, 2, 2, 2, 1, -2, -2, 1, 1, -2, 1, 2, 1, -2, -2, -1, -1, -1]"
163,dfs_bnb_mpi,0.049739,-6,7,16010,"[-1, -1, 2, 1, 2, -1, 2, 2, 1, 1, -2, -2, -2, 1, 1, 2, -1, 2, 2]"
164,dfs_bnb_mpi,1.35438,-6,7,371565,"[-1, -1, 2, 2, -1, 2, -1, -2, -1, -2, -1, -2, 1, 1, 2, 1, -2, -2, 1]"
165,dfs_bnb_mpi,0.40799,-7,8,123807,"[-1, -1, -1, 2, 1, 1, 2, 1, -2, 1, -2, 1, -2, -1, -1, -2, -1, 2, -1]"
166,dfs_bnb_mpi,4.90773,-7,8,1441095,"[-1, -2, 1, 1, 2, 2, 1, 1, 2, 2, -1, -2, -1, 2, -1, -2, -1, -2, 1]"
167,dfs_bnb_mpi,0.22136,-7,7,62972,"[-1, -1, 2, 1, 1, 2, 2, 1, -2, -2, -2, -2, -1, -1, -2, -1, -1, 2, 1]"
168,dfs_bnb_mpi,2.06591,-6,7,491617,"[-1, -1, 2, 2, 2, 2, 2, 1, 2, 1, -2, 1, -2, -1, -1, -2, -2, 1, 2]"
169,dfs_bnb_mpi,23.4295,-5,6,6022795,"[-1, -1, 2, 2, 2, 2, 2, -1, -2, -2, -2, -1, -2, 1, -2, -1, -1, 2, 2]"
170,dfs_bnb_mpi,8.35487,-6,7,2226306,"[-1, -1, -1, 2, 2, -1, -1, 2, 1, 1, 2, 1, -2, -2, -2, 1, 2, 1, -2]"
171,dfs_bnb_mpi,19.9543,-6,7,5320311,"[-1, -1, 2, 1, 2, 2, 2, 2, 1, -2, -2, -2, 1, 1, -2, -2, -1, 2, -1]"
172,dfs_bnb_mpi,0.259746,-6,7,72717,"[-1, -2, 1, 1, 2, 2, 1, -2, 1, -2, -1, -2, -1, -1, -1, -2, 1, 1, 1]"
173,dfs_bnb_mpi,0.23087,-7,8,70289,"[-1, -2, -1, -2, 1, 1, 2, 1, 2, 1, 2, 2, -1, -2, -1, -1, 2, 2, 2]"
174,dfs_bnb_mpi,0.03643,-7,8,9477,"[-1, -2, 1, 1, -2, -1, -2, -1, 2, -1, 2, -1, 2, 1, 2, 2, 1, -2, 1]"
175,dfs_bnb_mpi,0.624909,-7,8,179924,"[-1, -2, 1, 1, 1, -2, -1, -1, -1, -1, 2, 2, 2, 1, 2, 1, 1, -2, -1]"
176,dfs_bnb_mpi,0.25584,-5,6,60095,"[-1, -1, 2, 2, 2, 1, 1, 1, -2, -1, -1, -2, 1, 1, 1, -2, -1, -2, 1]"
177,dfs_bnb_mpi,0.264667,-6,7,63274,"[-1, -1, 2, -1, -1, -1, -1, -2, 1, -2, 1, 2, 1, -2, 1, 1, 1, 1, 2]"
178,dfs_bnb_mpi,0.408592,-6,7,126836,"[-1, -1, 2, 1, 2, 1, -2, 1, -2, 1, 2, 2, -1, 2, 2, 2, -1, -2, -2]"
179,dfs_bnb_mpi,2.14821,-7,8,570581,"[-1, -1, 2, 1, 1, 2, 2, 1, 1, 1, -2, -1, -1, -2, 1, 1, -2, -1, -1]"
180,dfs_bnb_mpi,0.524953,-7,8,160686,"[-1, -2, -2, 1, -2, -1, -1, -1, 2, 1, 2, 2, 2, 1, 1, 1, -2, -2, -1]"
181,dfs_bnb_mpi,1.23752,-6,7,349331,"[-1, -1, 2, 2, 2, 2, 2, 1, -2, -2, -2, 1, 1, 2, 1, 2, -1, -1, -2]"
182,dfs_bnb_mpi,0.308701,-6,6,97080,"[-1, -1, 2, 2, 2, 1, -2, -2, 1, 2, 1, -2, -2, -2, -1, -2, -1, 2, -1]"
183,dfs_bnb_mpi,0.050325,-7,8,13612,"[-1, -2, -1, -1, 2, 1, 2, 2, 1, -2, 1, 2, 1, 2, -1, 2, -1, -2, -1]"
184,dfs_bnb_mpi,2.08174,-7,8,603780,"[-1, -1, 2, 1, 2, -1, 2, 2, 1, -2, 1, -2, 1, 2, 1, -2, -2, -1, -1]"
185,dfs_bnb_mpi,0.234549,-4,5,67713,"[-1, -1, 2, 2, 2, 2, 2, 2, 1, 1, 2, 1, -2, 1, -2, -1, -1, -1, -2]"
186,dfs_bnb_mpi,2.90049,-7,8,888935,"[-1, -2, 1, 1, -2, 1, 2, 2, 1, 2, -1, 2, 2, -1, -2, -1, -2, 1, -2]"
187,dfs_bnb_mpi,0.069697,-8,9,20884,"[-1, -2, 1, 1, 2, 2, -1, 2, 1, 2, -1, 2, -1, -2, -1, -2, 1, -2, -1]"
188,dfs_bnb_mpi,7.92555,-4,5,2244943,"[-1, -1, 2, 2, 2, 2, 1, 2, 2, 2, -1, -2, -1, -1, -2, -2, 1, 2, 1]"
189,dfs_bnb_mpi,0.018111,-6,7,5299,"[-1, -2, 1, 1, 2, 1, 1, -2, -1, -2, -1, -2, -2, -1, 2, 2, -1, -1, 2]"
190,dfs_bnb_mpi,0.46086,-7,7,124643,"[-1, -2, 1, -2, 1, 2, 1, 1, 2, 2, -1, -2, -1, 2, 2, -1, -2, -1, 2]"
191,dfs_bnb_mpi,0.567883,-6,7,138217,"[-1, -1, 2, 1, 2, -1, 2, 2, 2, -1, -2, -2, -2, -2, -1, 2, 2, 2, 2]"
192,dfs_bnb_mpi,0.120886,-6,7,37042,"[-1, -2, -1, -2, 1, -2, 1, 2, 2, 1, 2, 1, -2, -2, -1, -2, 1, 1, 2]"
193,dfs_bnb_mpi,0.019812,-6,7,5556,"[-1, -1, 2, 2, 2, 1, -2, -2, 1, 1, -2, -2, -1, -1, -1, -1, 2, 2, 2]"
194,dfs_bnb_mpi,1.32841,-4,5,408800,"[-1, -1, 2, 2, 1, -2, 1, 1, -2, -2, -1, -1, -2, -2, -1, 2, 2, -1, 2]"
195,dfs_bnb_mpi,0.013349,-7,8,3712,"[-1, -2, 1, 1, 2, 2, -1, -1, 2, -1, 2, 2, 1, -2, 1, -2, 1, 2, 2]"
196,dfs_bnb_mpi,2.40061,-6,6,754226,"[-1, -1, 2, 1, 2, 2, -1, -2, -1, 2, 2, 1, 1, 1, -2, -2, -2, 1, 2]"
197,dfs_bnb_mpi,8.25281,-6,7,2098524,"[-1, -1, 2, 2, 2, 1, 1, 2, 1, -2, -2, 1, -2, -2, -1, 2, -1, 2, -1]"
198,dfs_bnb_mpi,0.05875,-8,9,18249,"[-1, -2, -1, -2, 1, 1, 2, 1, 2, 2, -1, 2, 2, -1, -2, -2, -1, -2, -1]"
199,dfs_bnb_mpi,0.88475,-7,8,262827,"[-1, -1, 2, 1, 2, 2, 1, -2, -2, 1, 1, -2, -1, -2, -2, -1, -1, 2, 1]"
200,dfs_bnb_mpi,6.64449,-7,8,1969963,"[-1, -1, 2, 1, 2, -1, 2, 2, -1, -2, -1, -2, -1, -1, -2, 1, 1, 1, 2]"
201,dfs_bnb_mpi,1.98077,-7,7,575943,"[-1, -1, 2, 2, 2, 1, 2, 2, 2, 1, -2, -2, -2, 1, -2, -1, -2, -1, 2]"
202,dfs_bnb_mpi,2.15479,-4,5,588953,"[-1, -1, 2, 2, 2, 1, -2, 1, -2, 1, 2, 2, -1, 2, -1, -1, -1, -2, -2]"
203,dfs_bnb_mpi,0.35693,-5,6,105520,"[-1, -1, 2, -1, 2, 2, -1, -2, -1, -1, -2, 1, 1, -2, 1, -2, 1, 1, 1]"
204,dfs_bnb_mpi,0.102035,-7,8,30474,"[-1, -1, 2, 1, 2, -1, 2, -1, -1, 2, -1, -2, -2, 1, -2, -2, 1, 2, 2]"
205,dfs_bnb_mpi,0.022776,-6,7,7252,"[-1, -1, 2, 2, 1, -2, 1, 1, 1, 2, -1, -1, 2, 2, 2, -1, -2, -2, -1]"
206,dfs_bnb_mpi,1.151,-7,8,294399,"[-1, -2, -1, -2, 1, 1, 2, 1, 1, 1, 2, -1, -1, 2, 2, 2, -1, -2, -2]"
207,dfs_bnb_mpi,0.327794,-6,7,88213,"[-1, -1, 2, 1, 1, 2, 1, 1, 2, -1, -1, 2, -1, -2, -2, -1, 2, 2, 2]"
208,dfs_bnb_mpi,0.10953,-6,7,33801,"[-1, -2, -1, -1, 2, 1, 2, 1, 2, -1, 2, -1, -2, -2, -1, -1, -2, 1, -2]"
209,dfs_bnb_mpi,0.951705,-7,8,290216,"[-1, -2, 1, 1, 1, 2, -1, 2, -1, -1, 2, -1, -2, -2, -1, -2, 1, -2, 1]"
210,dfs_bnb_mpi,0.90281,-6,7,211625,"[-1, -2, 1, 1, 2, 2, 2, -1, 2, -1, -2, -2, -1, 2, -1, -2, -2, 1, -2]"
211,dfs_bnb_mpi,0.704925,-6,7,185932,"[-1, -1, 2, 2, -1, -2, -1, 2, -1, -2, -2, 1, 1, -2, 1, 1, -2, -1, -1]"
212,dfs_bnb_mpi,1.68646,-7,8,457024,"[-1, -1, 2, 1, 1, 2, 1, -2, 1, -2, -1, -2, -2, -1, -1, -1, 2, 1, 1]"
213,dfs_bnb_mpi,0.107073,-8,9,33591,"[-1, -2, -1, 2, -1, 2, 1, 1, 2, -1, 2, 2, 1, 1, -2, -2, 1, -2, -1]"
214,dfs_bnb_mpi,0.089246,-7,8,24867,"[-1, -2, -1, 2, -1, 2, 1, 2, -1, 2, 1, 1, 1, -2, -1, -2, 1, 1, 2]"
215,dfs_bnb_mpi,2.00563,-8,9,561139,"[-1, -2, -2, -1, 2, 2, -1, -1, 2, 1, 2, 1, 2, 1, -2, 1, -2, -1, -1]"
216,dfs_bnb_mpi,0.231729,-7,8,69971,"[-1, -2, 1, -2, 1, 1, 2, -1, 2, 2, 2, 2, 1, -2, 1, -2, -1, -2, 1]"
217,dfs_bnb_mpi,0.895238,-7,8,261034,"[-1, -2, -1, -2, 1, 1, 2, 1, 1, 1, 2, 2, -1, -2, -1, 2, 2, 1, 2]"
218,dfs_bnb_mpi,0.009561,-6,7,2648,"[-1, -1, 2, -1, 2, 1, 1, -2, 1, 1, 2, -1, 2, -1, 2, 2, 2, 2, 2]"
219,dfs_bnb_mpi,0.223916,-6,7,69705,"[-1, -1, 2, 1, 2, 2, -1, -2, -1, -2, -1, -2, 1, -2, -2, 1, 2, 1, 1]"
220,dfs_bnb_mpi,5.22089,-7,8,1533612,"[-1, -2, -1, 2, -1, 2, 2, 2, 2, 1, -2, -2, 1, 2, 1, -2, -2, -1, -1]"
221,dfs_bnb_mpi,2.16609,-7,8,601042,"[-1, -1, 2, 2, 2, -1, -1, 2, -1, -1, -2, 1, -2, 1, 1, -2, -1, -2, 1]"
222,dfs_bnb_mpi,0.450645,-6,7,116843,"[-1, -1, 2, 2, -1, -2, -2, -2, -1, -2, 1, 1, 2, 1, 1, 1, -2, -1, -1]"
223,dfs_bnb_mpi,0.051236,-7,7,14073,"[-1, -2, -1, -2, -1, -1, -1, 2, 1, 1, 2, 1, 2, 2, 2, 1, -2, -2, 1]"
224,dfs_bnb_mpi,0.009084,-7,8,2841,"[-1, -1, 2, 1, 1, 1, 2, 1, -2, -2, -1, -2, -1, -2, -2, -1, 2, 2, -1]"
225,dfs_bnb_mpi,1.23149,-6,7,314395,"[-1, -1, 2, 2, 1, 1, 2, 1, 2, -1, 2, -1, -2, -2, -1, 2, -1, -2, -2]"
226,dfs_bnb_mpi,2.4368,-7,8,742402,"[-1, -1, 2, -1, 2, -1, 2, 2, -1, -2, -1, -1, -2, 1, 1, -2, 1, -2, 1]"
227,dfs_bnb_mpi,0.376163,-7,8,116409,"[-1, -1, 2, -1, -2, -2, -1, 2, 2, -1, -2, -2, -2, 1, 1, 1, 2, 1, 1]"
228,dfs_bnb_mpi,0.597695,-6,7,175375,"[-1, -1, 2, 2, -1, -2, -1, -1, 2, -1, -2, -2, 1, 1, 1, -2, -2, 1, 2]"
229,dfs_bnb_mpi,64.8291,-4,5,15037109,"[-1, -1, 2, 2, 2, 2, 2, 2, 2, 2, 2, 2, 2, 2, 1, -2, -2, -2, -2]"
230,dfs_bnb_mpi,5.01044,-6,7,1264550,"[-1, -1, 2, -1, -2, -1, 2, -1, -2, -2, -1, -1, -2, 1, 1, 1, 1, 2, -1]"
231,dfs_bnb_mpi,0.086571,-8,9,27741,"[-1, -2, -1, -2, 1, 1, 2, 1, -2, 1, 1, -2, -1, -1, -1, -2, -1, 2, -1]"
232,dfs_bnb_mpi,0.005117,-6,7,1265,"[-1, -1, 2, 2, 2, -1, -2, -2, -2, -1, 2, -1, 2, 1, 2, 2, 2, 2, 2]"
233,dfs_bnb_mpi,0.198383,-6,6,52013,"[-1, -1, 2, -1, -2, -1, -1, -2, 1, 1, -2, 1, 2, 1, -2, 1, 2, 1, 2]"
234,dfs_bnb_mpi,8.35117,-6,7,2199890,"[-1, -1, 2, 2, 2, 2, 2, 2, 1, 1, 1, -2, -1, -1, -2, 1, 1, 1, 2]"
235,dfs_bnb_mpi,2.81485,-7,8,867890,"[-1, -1, -1, 2, 1, 2, -1, 2, -1, -2, -2, -1, -1, -2, 1, 1, -2, 1, 1]"
236,dfs_bnb_mpi,4.76478,-6,7,1357386,"[-1, -1, 2, 2, 2, 2, -1, -1, -2, -2, 1, -2, -1, -1, -2, -2, 1, 2, 1]"
237,dfs_bnb_mpi,0.808365,-7,8,229265,"[-1, -1, 2, 2, -1, 2, 1, 1, 2, 1, 1, -2, -1, -2, 1, -2, -1, -1, 2]"
238,dfs_bnb_mpi,3.03023,-7,8,735000,"[-1, -2, 1, -2, -1, -1, -2, 1, 1, 1, 1, 2, -1, 2, 2, 2, 1, -2, -2]"
239,dfs_bnb_mpi,2.5036,-8,9,723553,"[-1, -2, -1, -2, 1, 1, 2, 1, 2, 1, 1, 2, 2, -1, -2, -1, 2, -1, -2]"
240,dfs_bnb_mpi,5.79771,-6,6,1768067,"[-1, -1, 2, 2, -1, -2, -1, 2, 2, 2, 2, -1, -2, -2, -2, -2, -2, 1, 1]"
241,dfs_bnb_mpi,2.49378,-6,7,770098,"[-1, -1, 2, 2, 2, -1, -1, -2, -1, -2, -1, -1, -2, 1, 1, 1, 2, 1, 2]"
242,dfs_bnb_mpi,2.23256,-6,7,652678,"[-1, -1, -1, 2, 2, 1, -2, 1, 1, 1, 2, -1, 2, 2, -1, -1, -2, 1, -2]"
243,dfs_bnb_mpi,0.26532,-7,8,82609,"[-1, -1, -1, 2, 1, 2, 1, -2, 1, 1, -2, -2, -1, -1, -2, -1, 2, -1, -1]"
244,dfs_bnb_mpi,0.345993,-5,6,103171,"[-1, -1, 2, 2, 1, -2, 1, 2, 2, -1, -1, -1, -2, -2, -2, -1, 2, 2, 2]"
245,dfs_bnb_mpi,0.365705,-6,7,107789,"[-1, -1, 2, 2, -1, -2, -1, -2, 1, -2, 1, -2, -1, -2, -1, 2, 2, -1, 2]"
246,dfs_bnb_mpi,2.1703,-7,8,631475,"[-1, -1, 2, 2, 1, -2, 1, 1, -2, 1, 1, -2, -1, -1, -2, -1, -1, 2, 1]"
247,dfs_bnb_mpi,0.489571,-5,6,135374,"[-1, -1, 2, 2, 2, 1, 1, 1, -2, -1, -1, -2, 1, 1, -2, 1, -2, -1, -1]"
248,dfs_bnb_mpi,5.41437,-6,7,1339522,"[-1, -1, 2, 2, -1, -2, -1, -1, -1, -2, -2, 1, 2, 1, 1, -2, -2, -1, 2]"
249,dfs_bnb_mpi,0.067868,-7,8,16342,"[-1, -1, 2, 2, 2, 2, 1, -2, 1, -2, -1, -2, 1, 1, 2, 1, 2, -1, 2]"
250,dfs_bnb_mpi,0.18199,-6,6,52195,"[-1, -1, 2, 2, 2, 2, 2, 1, -2, -2, 1, 1, -2, -1, -1, -2, 1, 1, 1]"
251,dfs_bnb_mpi,0.065058,-6,6,18681,"[-1, -1, 2, 2, 2, 1, 2, 2, -1, -2, -1, -2, -1, -2, 1, -2, -1, -1, 2]"
252,dfs_bnb_mpi,2.8457,-7,8,727741,"[-1, -2, 1, 1, 1, 2, -1, 2, 2, -1, 2, 2, -1, -2, -1, -2, 1, -2, 1]"
253,dfs_bnb_mpi,0.117575,-7,8,33823,"[-1, -2, 1, -2, -2, -1, 2, -1, -2, -1, 2, 2, 1, 2, 2, 1, 2, 2, 2]"
254,dfs_bnb_mpi,2.30155,-5,6,690278,"[-1, -1, 2, 2, 2, 2, 1, -2, -2, -2, 1, 1, 1, 2, -1, -1, 2, 2, 2]"
255,dfs_bnb_mpi,17.1368,-7,8,4162164,"[-1, -2, 1, 1, 1, 2, 2, 1, 2, -1, -1, 2, -1, -2, -1, -2, 1, 1, -2]"
256,dfs_bnb_mpi,17.8414,-6,7,5010182,"[-1, -1, 2, 2, 1, 1, 1, 1, 2, 2, 1, -2, -2, -2, -1, -2, -1, 2, -1]"
257,dfs_bnb_mpi,0.94128,-7,8,272652,"[-1, -1, 2, 1, 1, 1, 2, 1, -2, 1, -2, -2, -1, 2, -1, -2, -2, -1, 2]"
258,dfs_bnb_mpi,7.28687,-6,7,2092365,"[-1, -1, 2, -1, -1, 2, 2, -1, -2, -1, -1, -2, 1, 1, -2, 1, -2, 1, 2]"
259,dfs_bnb_mpi,4.53672,-6,7,1306951,"[-1, -1, 2, 2, 2, 2, 1, 2, 2, -1, 2, -1, -2, -1, -2, -2, 1, 2, 1]"
260,dfs_bnb_mpi,1.53385,-7,8,410997,"[-1, -1, 2, -1, 2, -1, -1, 2, 1, 1, 2, 1, 1, -2, -1, -2, 1, -2, 1]"
261,dfs_bnb_mpi,2.42483,-7,8,666336,"[-1, -2, -1, -2, -1, 2, 2, 2, 1, 1, 1, 1, 1, -2, -1, -2, -1, -2, -1]"
262,dfs_bnb_mpi,0.332546,-7,8,94381,"[-1, -1, 2, 1, 1, 2, -1, -1, -1, -2, -1, 2, 2, 1, 2, 1, 1, -2, -1]"
263,dfs_bnb_mpi,0.560743,-6,7,130081,"[-1, -1, 2, 1, 2, 2, 1, 1, -2, -1, -2, 1, -2, 1, 2, 2, 2, 2, 2]"
264,dfs_bnb_mpi,9.83827,-5,6,2709603,"[-1, -1, 2, 2, 2, 1, 2, 2, 2, 1, -2, 1, 1, -2, -1, -1, -2, -2, -1]"
265,dfs_bnb_mpi,3.70322,-6,7,960976,"[-1, -1, 2, 2, 1, 2, 2, 1, 1, -2, -2, 1, -2, -2, -1, 2, -1, 2, 2]"
266,dfs_bnb_mpi,0.01551,-7,8,4622,"[-1, -2, 1, 1, 1, 2, -1, 2, 2, -1, -2, -1, -1, -2, -1, -2, 1, -2, 1]"
267,dfs_bnb_mpi,0.353177,-6,6,96015,"[-1, -1, 2, -1, -2, -1, 2, 2, 1, 1, 1, -2, 1, 2, 2, 2, -1, -2, -1]"
268,dfs_bnb_mpi,0.005498,-7,8,1525,"[-1, -2, -2, 1, 2, 1, 1, 2, -1, 2, -1, 2, -1, -2, -1, 2, 2, 2, 2]"
269,dfs_bnb_mpi,0.131421,-7,8,38045,"[-1, -1, 2, 1, 2, 1, 1, 2, -1, 2, 2, 1, -2, 1, -2, -2, -2, -1, -1]"
270,dfs_bnb_mpi,0.234144,-6,7,61940,"[-1, -1, 2, 1, 1, 2, 2, -1, -2, -1, 2, -1, 2, -1, -2, -2, 1, -2, -1]"
271,dfs_bnb_mpi,1.77547,-6,7,458368,"[-1, -1, 2, 2, 2, 1, -2, -2, 1, 2, 2, 1, 2, 1, -2, -2, -1, -2, 1]"
272,dfs_bnb_mpi,0.537685,-6,7,139575,"[-1, -1, 2, -1, 2, -1, -2, -1, -1, -2, 1, -2, 1, 2, 1, -2, 1, 1, 1]"
273,dfs_bnb_mpi,0.057094,-6,7,17944,"[-1, -2, 1, 1, -2, 1, 1, -2, -1, -2, -2, -1, 2, 2, -1, 2, -1, -1, 2]"
274,dfs_bnb_mpi,0.077902,-7,8,19495,"[-1, -1, 2, 2, 2, 1, 1, -2, -1, -2, 1, 1, -2, -2, -1, -2, -1, 2, -1]"
275,dfs_bnb_mpi,1.17301,-4,5,342910,"[-1, -1, 2, 2, 2, 2, 2, 2, 1, 1, -2, -1, -2, 1, 1, 2, 2, 1, -2]"
276,dfs_bnb_mpi,7.08572,-6,7,2057553,"[-1, -1, 2, 2, 1, 2, -1, 2, -1, -2, -2, -2, -2, -1, -2, 1, 1, -2, -1]"
277,dfs_bnb_mpi,0.36812,-6,6,107954,"[-1, -1, 2, 2, -1, -2, -1, -2, 1, -2, 1, -2, -1, -2, -1, 2, 2, -1, 2]"
278,dfs_bnb_mpi,0.531719,-6,7,123341,"[-1, -1, 2, 2, 2, 2, 2, 2, 2, 1, -2, 1, -2, -1, -2, -2, 1, 2, 1]"
279,dfs_bnb_mpi,0.822509,-6,7,248763,"[-1, -1, 2, 2, 1, -2, 1, 2, 2, 1, 2, 2, 2, -1, -2, -2, -1, -2, -1]"
280,dfs_bnb_mpi,0.147966,-6,7,44548,"[-1, -2, 1, 1, 2, 1, 1, 2, -1, 2, -1, -2, -1, -1, 2, -1, -2, -2, -1]"
281,dfs_bnb_mpi,0.139217,-7,7,39026,"[-1, -1, 2, 1, 1, 2, 1, 1, -2, -1, -2, 1, -2, -1, -2, -1, 2, -1, -1]"
282,dfs_bnb_mpi,0.60409,-7,8,159733,"[-1, -1, 2, 1, 2, 2, 2, 1, 1, -2, -2, -1, -2, 1, 1, -2, -2, -1, 2]"
283,dfs_bnb_mpi,1.52155,-6,7,435150,"[-1, -1, 2, -1, 2, 2, -1, 2, -1, -2, -2, 1, -2, -1, -2, 1, 1, -2, 1]"
284,dfs_bnb_mpi,2.04248,-6,7,592104,"[-1, -1, 2, 2, 2, 1, 2, 2, 1, -2, -2, 1, -2, 1, -2, -1, -1, 2, -1]"
285,dfs_bnb_mpi,0.075502,-5,6,17562,"[-1, -2, -1, 2, 2, 1, 2, 1, -2, 1, -2, -2, -1, -2, 1, 1, 2, 2, 2]"
286,dfs_bnb_mpi,0.317849,-5,6,86309,"[-1, -1, 2, 2, -1, 2, 2, -1, -2, -2, -2, 1, -2, -1, -2, 1, 1, 1, 1]"
287,dfs_bnb_mpi,3.21859,-6,7,826412,"[-1, -1, 2, 2, 2, 1, 2, -1, 2, 2, 1, 1, -2, -2, -2, 1, -2, -1, -1]"
288,dfs_bnb_mpi,1.44795,-6,7,393672,"[-1, -1, 2, 1, 2, 2, 1, 2, 2, 2, 1, -2, -2, -2, -2, -1, -2, 1, 1]"
289,dfs_bnb_mpi,0.095953,-6,7,27891,"[-1, -1, 2, -1, -2, -2, 1, 1, -2, -1, -2, -2, -1, 2, 2, -1, 2, 2, 2]"
290,dfs_bnb_mpi,0.186525,-5,6,56742,"[-1, -1, 2, 2, 1, -2, 1, 1, 1, 2, -1, -1, 2, -1, -1, -1, -2, -2, -1]"
291,dfs_bnb_mpi,0.233186,-7,8,72631,"[-1, -2, -1, 2, 2, 2, 1, -2, 1, 1, 1, -2, -1, -2, 1, -2, -1, -1, 2]"
292,dfs_bnb_mpi,0.27777,-7,8,77773,"[-1, -1, 2, 1, 2, -1, -1, 2, 1, 1, 2, 1, 1, -2, -1, -2, 1, -2, -1]"
293,dfs_bnb_mpi,0.023282,-7,8,5895,"[-1, -1, 2, 2, -1, -1, -1, -2, 1, 1, -2, -2, 1, -2, -1, -1, 2, 2, -1]"
294,dfs_bnb_mpi,9.1674,-6,7,2235248,"[-1, -1, 2, 2, 1, 2, 2, 2, -1, -2, -2, -1, 2, -1, -2, -2, -2, 1, 2]"
295,dfs_bnb_mpi,8.17308,-6,7,2297157,"[-1, -1, 2, 2, 2, -1, -1, -2, -2, -1, -2, 1, -2, -2, 1, 2, 2, 2, 2]"
296,dfs_bnb_mpi,0.623944,-7,8,199466,"[-1, -2, 1, 1, 2, 2, -1, -1, -1, -2, -2, -1, -2, -1, -2, 1, 1, 2, 1]"
297,dfs_bnb_mpi,0.508243,-7,8,131499,"[-1, -2, 1, 1, 2, 1, 1, 2, 2, 2, -1, -2, -1, -1, -1, -2, 1, 1, 1]"
298,dfs_bnb_mpi,0.039652,-7,8,12534,"[-1, -2, -2, 1, 2, 1, -2, 1, -2, -1, -1, -2, -1, 2, -1, 2, 2, 2, 2]"
299,dfs_bnb_mpi,4.60109,-5,6,1350879,"[-1, -1, 2, 2, 2, 2, 2, 1, 1, -2, -1, -2, 1, 1, 2, 2, 2, -1, -1]"
300,dfs_bnb_mpi,0.417301,-7,8,105575,"[-1, -2, -1, -2, -1, 2, -1, 2, 2, 2, 1, -2, -2, 1, 2, 2, 1, -2, 1]"
301,dfs_bnb_mpi,0.151949,-6,7,43169,"[-1, -2, -1, -1, 2, 1, 2, -1, 2, -1, 2, 1, 1, -2, 1, -2, 1, 2, 2]"
302,dfs_bnb_mpi,9.01205,-7,8,2418474,"[-1, -1, 2, 2, 1, 2, -1, 2, 2, 2, -1, -2, -1, -2, -2, -2, 1, 2, 2]"
303,dfs_bnb_mpi,0.940188,-6,6,283290,"[-1, -1, 2, 2, -1, 2, -1, -2, -2, 1, -2, -1, -2, 1, 1, 1, -2, -1, -1]"
304,dfs_bnb_mpi,3.062,-7,8,787262,"[-1, -2, -2, -1, 2, 2, -1, 2, -1, 2, 1, 1, 2, 1, -2, 1, -2, -1, -1]"
305,dfs_bnb_mpi,0.719783,-7,8,218671,"[-1, -2, 1, 1, 1, 2, 1, 1, 1, 2, -1, -1, 2, 2, -1, -2, -2, -1, -2]"
306,dfs_bnb_mpi,2.44801,-6,7,747044,"[-1, -1, -1, 2, 2, 1, -2, 1, 1, 2, -1, 2, 1, 2, 2, -1, -2, -1, -2]"
307,dfs_bnb_mpi,5.34627,-4,5,1511431,"[-1, -1, 2, 2, 1, 2, 2, 2, 1, 2, 2, -1, -2, -1, -2, -2, -2, -1, -2]"
308,dfs_bnb_mpi,6.35188,-6,7,1765640,"[-1, -1, 2, 2, 2, -1, -1, 2, 2, -1, -2, -2, -2, 1, 1, -2, -1, -2, 1]"
309,dfs_bnb_mpi,0.201695,-6,7,56626,"[-1, -1, 2, -1, 2, 1, 1, -2, 1, 2, 2, -1, 2, 2, -1, -2, -2, -1, 2]"
310,dfs_bnb_mpi,7.50896,-7,8,1988236,"[-1, -1, 2, -1, -1, -2, -2, -1, 2, -1, -2, -2, 1, 1, 1, 1, 2, -1, 2]"
311,dfs_bnb_mpi,8.75143,-6,7,2750001,"[-1, -2, 1, 1, -2, -1, -1, -1, 2, -1, -2, -2, -1, -2, 1, 1, 1, 2, -1]"
312,dfs_bnb_mpi,0.59213,-6,7,185318,"[-1, -1, 2, 1, 1, 1, 2, -1, -1, -1, 2, 2, -1, -2, -1, -2, 1, -2, -1]"
313,dfs_bnb_mpi,1.43585,-4,5,387533,"[-1, -1, 2, 2, 1, -2, 1, 2, 2, 2, -1, -1, -1, -2, -2, -1, -2, 1, -2]"
314,dfs_bnb_mpi,0.468016,-7,8,146058,"[-1, -2, -1, -2, 1, 1, 1, -2, -1, -1, -2, 1, 1, 1, 2, 2, 2, -1, -1]"
315,dfs_bnb_mpi,0.125029,-6,7,36950,"[-1, -1, 2, 2, -1, -2, -1, -1, -2, -2, 1, 2, 1, -2, -2, 1, 2, 1, 1]"
316,dfs_bnb_mpi,0.816809,-6,7,241623,"[-1, -1, 2, 2, -1, 2, 1, 2, 2, 2, -1, -2, -2, -1, -2, -2, -2, 1, -2]"
317,dfs_bnb_mpi,0.180579,-8,9,57317,"[-1, -2, 1, 1, 2, 1, -2, -2, 1, -2, -1, -2, -2, -1, 2, 2, -1, 2, 1]"
318,dfs_bnb_mpi,13.5029,-7,8,3755569,"[-1, -2, -1, 2, 2, 1, 1, 1, 2, 1, -2, -2, -2, -2, -1, -1, 2, 1, 2]"
319,dfs_bnb_mpi,0.133101,-7,8,37937,"[-1, -1, 2, 2, -1, -2, -2, -1, -2, 1, -2, 1, 2, 1, -2, -2, -1, -1, -1]"
320,dfs_bnb_mpi,0.062478,-7,8,18232,"[-1, -2, 1, 1, 2, 1, -2, 1, -2, -1, -1, -1, -2, -1, 2, -1, 2, 2, 2]"
321,dfs_bnb_mpi,0.048379,-7,8,14276,"[-1, -1, 2, 2, 1, -2, 1, 2, 2, -1, 2, -1, -2, -1, -2, -1, -2, 1, -2]"
322,dfs_bnb_mpi,0.138714,-7,8,42313,"[-1, -1, 2, 1, 1, 2, 2, -1, -2, -1, -1, -1, 2, 1, 1, 2, 2, 1, -2]"
323,dfs_bnb_mpi,0.146141,-6,6,42554,"[-1, -1, 2, -1, -2, -1, -2, 1, 1, 1, 1, -2, -1, -1, -2, 1, 1, 1, 2]"
324,dfs_bnb_mpi,0.171643,-8,9,50549,"[-1, -2, -1, -2, 1, 1, 2, 1, 2, 1, 2, -1, 2, -1, 2, -1, -2, -2, 1]"
325,dfs_bnb_mpi,1.56398,-6,7,396197,"[-1, -1, 2, 2, 2, 2, 2, -1, -2, -1, -2, 1, -2, -2, -1, -2, 1, -2, 1]"
326,dfs_bnb_mpi,0.8427,-7,8,236009,"[-1, -2, 1, 1, 1, -2, 1, -2, -1, -2, -1, 2, 2, -1, -1, -1, -2, 1, 1]"
327,dfs_bnb_mpi,5.64187,-7,8,1689309,"[-1, -1, 2, 2, 1, -2, 1, 1, -2, -2, 1, -2, -1, -1, -2, -1, 2, 2, 1]"
328,dfs_bnb_mpi,18.3184,-6,7,5291648,"[-1, -1, 2, 2, 1, -2, 1, 2, 2, -1, -1, -1, -2, -2, -1, -2, 1, -2, 1]"
329,dfs_bnb_mpi,0.497684,-7,8,136041,"[-1, -1, 2, -1, 2, 2, -1, -2, -1, -2, 1, -2, -1, -2, 1, -2, 1, 2, 2]"
330,dfs_bnb_mpi,0.32436,-6,7,99312,"[-1, -2, -1, -2, 1, 1, 2, 1, 2, 1, 2, -1, 2, -1, -1, -2, -1, -2, -1]"
331,dfs_bnb_mpi,3.56768,-8,9,1037742,"[-1, -1, 2, 2, 1, 2, -1, 2, -1, -2, -1, -2, -1, -2, 1, -2, 1, 2, 2]"
332,dfs_bnb_mpi,0.261992,-6,7,73954,"[-1, -2, 1, 1, -2, -1, -1, -1, -1, -2, 1, -2, 1, 2, 1, 1, 1, 2, 2]"
333,dfs_bnb_mpi,3.14923,-6,7,846801,"[-1, -1, 2, 2, 2, 1, 2, 2, 2, 1, -2, -2, -2, 1, -2, -1, -2, -1, 2]"
334,dfs_bnb_mpi,0.316651,-6,7,97292,"[-1, -1, 2, -1, -2, -1, 2, -1, -2, -2, 1, -2, -2, 1, 1, 2, 2, -1, -2]"
335,dfs_bnb_mpi,4.74561,-7,8,1395853,"[-1, -2, 1, 1, 1, -2, -1, -1, -2, -2, -1, 2, -1, -2, -1, 2, 2, 1, 1]"
336,dfs_bnb_mpi,4.46701,-6,7,1004264,"[-1, -1, 2, 2, -1, 2, -1, -2, -1, -1, -2, 1, 1, 1, -2, -1, -2, 1, 1]"
337,dfs_bnb_mpi,0.214466,-6,7,59797,"[-1, -1, -1, 2, 1, 1, 2, 1, -2, 1, -2, 1, 1, -2, -1, -1, -1, -1, -1]"
338,dfs_bnb_mpi,0.190559,-5,5,47718,"[-1, -1, 2, 2, 2, -1, -2, -2, -1, -1, -2, 1, 1, -2, -2, -1, 2, -1, -1]"
339,dfs_bnb_mpi,0.085748,-7,8,21422,"[-1, -1, 2, -1, -2, -1, -1, -2, 1, 1, 1, -2, -1, -1, -2, 1, 1, 1, 2]"
340,dfs_bnb_mpi,2.7099,-5,6,782219,"[-1, -1, -1, 2, 2, 2, 1, -2, -2, 1, 2, 2, 2, 1, -2, -2, -2, 1, 2]"
341,dfs_bnb_mpi,0.402016,-4,5,100587,"[-1, -1, 2, 2, 2, 1, 2, -1, 2, 2, -1, -2, -2, -1, -2, 1, -2, -1, -1]"
342,dfs_bnb_mpi,0.897758,-7,8,271462,"[-1, -2, 1, 1, -2, 1, 2, 2, 1, 2, 1, 2, -1, 2, -1, -2, -2, -1, -2]"
343,dfs_bnb_mpi,3.14059,-6,7,913952,"[-1, -1, 2, 2, 1, 2, 1, 1, 1, 2, -1, -1, 2, -1, -2, -1, -2, -1, -2]"
344,dfs_bnb_mpi,1.21023,-7,8,340865,"[-1, -2, 1, 1, 2, 1, -2, 1, -2, -1, -2, -2, -1, -1, 2, 1, 2, -1, -1]"
345,dfs_bnb_mpi,2.09795,-6,7,622900,"[-1, -2, -1, -2, 1, 1, 2, 1, 2, 1, -2, -2, -1, -2, -1, -1, -2, 1, 1]"
346,dfs_bnb_mpi,12.4559,-7,8,3267701,"[-1, -1, 2, -1, -2, -1, -2, -1, -2, 1, -2, 1, 1, 1, 2, -1, 2, -1, -2]"
347,dfs_bnb_mpi,1.2808,-7,8,374521,"[-1, -1, 2, 2, 2, 1, -2, 1, 2, 2, 1, 2, 1, 2, -1, -1, -2, -1, -2]"
348,dfs_bnb_mpi,0.197036,-8,8,54455,"[-1, -1, 2, 1, 1, 2, 2, 1, -2, 1, -2, -1, -2, 1, -2, -1, -2, -1, 2]"
349,dfs_bnb_mpi,0.162386,-6,7,43365,"[-1, -1, 2, 2, -1, 2, 1, 2, 1, -2, 1, -2, -1, -2, 1, 1, 2, 2, 2]"
350,dfs_bnb_mpi,21.9906,-6,6,5010910,"[-1, -1, -1, 2, 1, 1, 2, 2, 2, 2, 1, 1, -2, -2, -2, -1, -2, 1, -2]"
351,dfs_bnb_mpi,0.134845,-6,7,37678,"[-1, -1, 2, 2, 2, 1, 1, 1, -2, -1, -1, -2, 1, 1, 1, -2, -1, -2, 1]"
352,dfs_bnb_mpi,2.7408,-7,8,821929,"[-1, -1, 2, 2, -1, -1, 2, -1, -2, -2, -1, -2, 1, -2, 1, 2, 1, 2, -1]"
353,dfs_bnb_mpi,2.72298,-4,5,670055,"[-1, -1, 2, 2, 2, 2, 2, 1, 2, 1, 2, 1, -2, -2, -1, -2, -1, -2, 1]"
354,dfs_bnb_mpi,5.99261,-6,7,1817765,"[-1, -1, 2, 2, 2, 1, 2, 2, 1, -2, -2, 1, 1, -2, -1, -1, -1, -2, 1]"
355,dfs_bnb_mpi,0.246019,-7,8,75433,"[-1, -1, 2, 1, 1, 2, -1, 2, 2, -1, 2, -1, -2, -2, 1, -2, -1, -2, -1]"
356,dfs_bnb_mpi,0.685316,-7,8,210212,"[-1, -2, 1, 1, -2, 1, 2, 1, 2, 2, 2, -1, -1, -1, -2, 1, -2, 1, 2]"
357,dfs_bnb_mpi,0.46284,-7,8,130174,"[-1, -1, 2, 2, 1, -2, 1, 2, 1, -2, 1, -2, -1, -2, -1, -2, -1, 2, -1]"
358,dfs_bnb_mpi,3.68111,-6,7,1144312,"[-1, -1, 2, 2, -1, -2, -1, -2, 1, -2, -1, -1, -1, 2, 2, 2, 1, -2, -2]"
359,dfs_bnb_mpi,0.237082,-6,7,62538,"[-1, -1, 2, -1, 2, -1, -2, -1, -2, -1, -2, 1, 1, 2, 1, -2, 1, 1, 1]"
360,dfs_bnb_mpi,0.001846,-5,6,465,"[-1, -2, 1, 1, 2, 2, 1, -2, 1, -2, -1, -2, 1, 1, 2, 2, 2, 2, 2]"
361,dfs_bnb_mpi,0.021865,-6,7,6481,"[-1, -1, 2, 2, -1, -1, -2, 1, -2, -2, -2, -1, 2, 2, -1, 2, 2, 2, 2]"
362,dfs_bnb_mpi,0.267549,-4,5,72749,"[-1, -1, 2, 2, 2, 2, 1, -2, 1, 2, 1, -2, -2, -1, -1, -2, 1, 1, 1]"
363,dfs_bnb_mpi,4.53445,-7,8,1386733,"[-1, -2, 1, 1, 2, 2, 1, -2, -2, 1, -2, -1, -2, -2, -1, 2, -1, 2, 1]"
364,dfs_bnb_mpi,0.099513,-5,6,26443,"[-1, -1, 2, 2, 2, 2, 1, -2, 1, -2, -1, -2, 1, 1, -2, -2, -1, -1, -1]"
365,dfs_bnb_mpi,0.284298,-6,7,73031,"[-1, -1, 2, -1, -1, -1, -2, -2, 1, 2, 1, -2, 1, -2, -1, -1, -1, -1, 2]"
366,dfs_bnb_mpi,3.36463,-6,7,788249,"[-1, -1, 2, 2, 2, -1, 2, 2, -1, -2, -2, -2, 1, -2, -1, -2, 1, -2, 1]"
367,dfs_bnb_mpi,1.82992,-7,8,466118,"[-1, -1, 2, 1, 1, 2, 2, 1, 1, 1, -2, -1, -1, -2, 1, -2, -1, -2, -1]"
368,dfs_bnb_mpi,0.108029,-7,7,32788,"[-1, -1, -1, 2, 1, 1, 2, 2, -1, -2, -1, 2, 2, -1, -2, -2, -1, -2, 1]"
369,dfs_bnb_mpi,0.02389,-5,5,5871,"[-1, -1, 2, 1, 2, 2, 2, 1, -2, -2, -2, 1, 2, 2, 2, 2, 2, 2, 2]"
370,dfs_bnb_mpi,2.0585,-6,7,522628,"[-1, -2, 1, 1, 2, 1, 2, -1, 2, 2, 2, -1, -2, -2, -2, -1, -1, -2, -1]"
371,dfs_bnb_mpi,0.11334,-7,8,32207,"[-1, -2, -1, 2, 2, -1, -2, -1, 2, 2, 1, 2, 1, -2, 1, -2, 1, 2, 2]"
372,dfs_bnb_mpi,0.14396,-6,7,42764,"[-1, -1, 2, 1, 1, 2, 2, 1, 2, -1, 2, -1, -2, -2, -2, -1, 2, 2, 2]"
373,dfs_bnb_mpi,0.507726,-6,7,139528,"[-1, -1, 2, 2, 2, 2, 1, 2, 1, -2, 1, -2, -1, -1, -2, -2, 1, 2, 1]"
374,dfs_bnb_mpi,0.442154,-5,6,106560,"[-1, -1, 2, 1, 2, 2, -1, -1, -2, -2, -2, -2, 1, -2, -1, -1, 2, 2, 2]"
375,dfs_bnb_mpi,0.518443,-6,7,140798,"[-1, -1, 2, 2, 2, 2, -1, -2, -2, -2, -2, -1, 2, 2, 2, -1, 2, 1, 2]"
376,dfs_bnb_mpi,21.1689,-6,7,5191564,"[-1, -1, 2, -1, -2, -2, 1, -2, -1, -1, -2, 1, 1, 1, 1, 2, 2, -1, -2]"
377,dfs_bnb_mpi,0.154238,-4,5,47487,"[-1, -1, 2, 2, 2, 1, -2, -2, 1, 1, -2, -2, -2, -1, 2, -1, -1, -1, 2]"
378,dfs_bnb_mpi,1.23731,-7,8,346238,"[-1, -2, 1, 1, 2, 1, 2, 2, 2, 2, -1, -1, -2, -2, 1, -2, -1, -1, 2]"
379,dfs_bnb_mpi,0.050839,-7,8,14521,"[-1, -2, -2, -1, 2, 2, 2, 1, 1, 2, -1, -1, -1, -2, -2, -1, -2, 1, -2]"
380,dfs_bnb_mpi,0.455723,-6,7,140146,"[-1, -1, 2, 2, 2, 2, -1, -2, -2, -2, -2, -1, 2, 2, -1, 2, 2, 1, -2]"
381,dfs_bnb_mpi,24.4159,-6,7,5736663,"[-1, -1, 2, 2, 2, 2, 2, 1, 2, -1, 2, 2, -1, -2, -1, -2, 1, -2, -1]"
382,dfs_bnb_mpi,0.490393,-5,6,148208,"[-1, -1, 2, 2, 2, 2, 2, 2, 1, -2, -2, 1, 1, -2, -1, -1, -2, 1, 1]"
383,dfs_bnb_mpi,0.369478,-5,6,100180,"[-1, -1, 2, 2, 2, 2, -1, -2, -2, -2, -2, -1, 2, 2, 2, 2, 2, 2, 2]"
384,dfs_bnb_mpi,0.149204,-7,8,44509,"[-1, -1, 2, 1, 1, 1, -2, 1, 2, 2, 1, 2, 1, -2, 1, -2, -1, -1, -2]"
385,dfs_bnb_mpi,0.533612,-7,8,137058,"[-1, -1, 2, 2, -1, 2, 1, 2, 1, -2, 1, -2, -1, -2, 1, 1, 2, 2, 2]"
386,dfs_bnb_mpi,0.028705,-6,7,8198,"[-1, -1, 2, 2, -1, 2, -1, -2, -2, 1, -2, -2, 1, -2, -2, 1, 2, 2, 1]"
387,dfs_bnb_mpi,0.977696,-7,8,274795,"[-1, -2, 1, -2, 1, 2, 1, 2, -1, 2, -1, 2, 2, 2, 1, 1, -2, -1, -2]"
388,dfs_bnb_mpi,0.033777,-5,6,9028,"[-1, -1, 2, 2, -1, -2, -2, -1, 2, -1, 2, 1, 2, 1, 2, 2, 2, 2, 2]"
389,dfs_bnb_mpi,2.80246,-4,5,772174,"[-1, -1, 2, 1, 2, 2, 2, -1, -2, -2, -1, 2, 2, -1, -2, -2, -2, 1, -2]"
390,dfs_bnb_mpi,0.588984,-6,7,160234,"[-1, -1, 2, 1, 1, 2, 2, 1, 2, 1, -2, -2, -1, -2, 1, -2, -1, -2, 1]"
391,dfs_bnb_mpi,0.596204,-6,7,136441,"[-1, -1, 2, 2, 2, 1, 2, 1, -2, 1, -2, -1, -1, -2, 1, 1, 1, 2, 2]"
392,dfs_bnb_mpi,0.783219,-6,7,233483,"[-1, -1, 2, 2, 2, 1, 2, 2, 2, 1, -2, -2, 1, -2, -1, -2, -1, -2, 1]"
393,dfs_bnb_mpi,1.56362,-6,7,401690,"[-1, -1, 2, -1, 2, 2, -1, 2, 2, -1, -2, -2, -2, 1, -2, -2, 1, -2, 1]"
394,dfs_bnb_mpi,2.53835,-5,6,736787,"[-1, -1, 2, 2, 2, 2, 2, 1, -2, -2, -2, 1, 2, 2, 2, 2, 2, -1, -2]"
395,dfs_bnb_mpi,0.024903,-5,6,7791,"[-1, -1, 2, 1, 2, 1, -2, 1, 2, 2, 2, -1, -1, -1, -2, -2, -1, 2, 2]"
396,dfs_bnb_mpi,0.027528,-7,8,8288,"[-1, -1, 2, 2, 1, -2, 1, 2, 1, -2, 1, -2, -1, -2, -1, -2, -1, 2, -1]"
397,dfs_bnb_mpi,0.227694,-7,8,54472,"[-1, -2, -1, -2, 1, -2, -2, 1, 2, 1, 2, -1, 2, 1, 1, -2, 1, 2, 2]"
398,dfs_bnb_mpi,0.096041,-8,9,29883,"[-1, -2, 1, 1, 1, 2, -1, 2, 1, 2, -1, 2, 2, -1, -2, -2, -1, -2, 1]"
399,dfs_bnb_mpi,0.302652,-6,7,91153,"[-1, -1, 2, 2, 2, -1, -2, -2, -2, -2, -2, -1, 2, 2, -1, 2, 1, 2, 2]"
400,dfs_bnb_mpi,0.662944,-6,7,193052,"[-1, -1, 2, 2, 1, 2, 1, 2, -1, -1, -2, -1, -1, -1, -2, 1, -2, 1, 2]"
401,dfs_bnb_mpi,0.078525,-7,8,23117,"[-1, -2, -1, 2, 2, 1, 2, 1, 2, 2, 2, 1, 1, -2, -1, -2, -2, -2, -1]"
402,dfs_bnb_mpi,2.25918,-6,6,543168,"[-1, -2, 1, 1, 2, 2, -1, -1, -1, -2, -2, -1, -2, 1, 1, 1, -2, -1, -1]"
403,dfs_bnb_mpi,4.96757,-7,8,1468591,"[-1, -1, 2, 1, 2, 2, 1, -2, -2, 1, 1, -2, -1, -2, -2, -1, 2, -1, -1]"
404,dfs_bnb_mpi,5.69799,-7,8,1573827,"[-1, -1, 2, 2, -1, 2, 2, 1, 2, 1, -2, 1, -2, -2, -2, -1, 2, 2, -1]"
405,dfs_bnb_mpi,0.250382,-7,8,78800,"[-1, -1, 2, 1, 2, 1, -2, 1, 1, -2, -1, -2, -1, -1, -2, -1, -1, 2, 1]"
406,dfs_bnb_mpi,3.801,-6,7,1026771,"[-1, -1, 2, 2, 2, 1, 2, 1, -2, 1, 1, -2, -2, -1, -1, -1, 2, 1, 1]"
407,dfs_bnb_mpi,0.111841,-6,7,34258,"[-1, -2, -1, -2, 1, 1, 2, 1, 2, 2, -1, 2, 1, 1, -2, -2, -2, 1, 2]"
408,dfs_bnb_mpi,0.040752,-7,8,11378,"[-1, -1, 2, 1, 2, 1, -2, 1, -2, -2, 1, -2, -1, -1, 2, -1, -1, -1, 2]"
409,dfs_bnb_mpi,0.284941,-7,8,78590,"[-1, -1, 2, 2, -1, 2, 1, 1, -2, -2, 1, 2, 2, 1, -2, -2, -2, 1, 2]"
410,dfs_bnb_mpi,0.053434,-6,6,15949,"[-1, -1, 2, 1, 1, 1, 2, -1, 2, 2, -1, -2, -2, -1, 2, 2, 2, 2, 2]"
411,dfs_bnb_mpi,0.014712,-8,9,4035,"[-1, -2, 1, 1, -2, 1, 2, 2, -1, 2, 1, 1, -2, 1, 1, -2, -1, -1, -2]"
412,dfs_bnb_mpi,0.300145,-4,5,89238,"[-1, -1, 2, 2, 2, 1, 2, 2, 2, -1, -2, -2, -1, -2, -1, -2, 1, -2, -1]"
413,dfs_bnb_mpi,28.5705,-5,6,6999246,"[-1, -1, 2, 2, 2, 2, 2, 2, 2, 1, -2, -2, -2, -2, 1, -2, -1, -2, 1]"
414,dfs_bnb_mpi,0.19983,-7,8,60350,"[-1, -1, 2, -1, -2, -1, 2, -1, -2, -1, -2, 1, 1, 1, 1, -2, 1, 2, 1]"
415,dfs_bnb_mpi,1.05412,-6,7,258708,"[-1, -2, 1, 1, 1, 1, -2, 1, -2, -1, -2, -1, 2, 2, -1, -1, -2, 1, -2]"
416,dfs_bnb_mpi,1.58758,-6,7,373619,"[-1, -1, 2, 2, -1, -2, -2, -1, -2, 1, -2, 1, 2, 1, 1, -2, -1, -2, 1]"
417,dfs_bnb_mpi,31.2425,-5,6,6944166,"[-1, -1, 2, 2, 2, 2, 2, 2, 2, 1, -2, -2, 1, 1, -2, -1, -1, -2, 1]"
418,dfs_bnb_mpi,0.06126,-7,7,17818,"[-1, -1, 2, 2, 1, -2, 1, 2, 2, -1, 2, 2, -1, -2, -1, -1, -2, 1, 1]"
419,dfs_bnb_mpi,0.064863,-5,5,18409,"[-1, -1, 2, 2, 1, -2, 1, 2, 2, 2, 1, -2, 1, 1, -2, -1, -1, -2, 1]"
420,dfs_bnb_mpi,3.49791,-6,7,1061604,"[-1, -1, 2, 2, 1, 1, 2, -1, 2, 1, 2, 1, -2, -2, 1, -2, -1, -2, -1]"
421,dfs_bnb_mpi,0.398847,-6,7,115986,"[-1, -1, 2, -1, -2, -1, -1, 2, 2, -1, -2, -2, -2, 1, 1, -2, 1, 2, 1]"
422,dfs_bnb_mpi,0.384546,-4,5,109301,"[-1, -1, 2, -1, -2, -2, 1, -2, 1, 2, 1, 1, 2, 2, -1, -1, 2, 2, 2]"
423,dfs_bnb_mpi,1.10939,-7,8,266474,"[-1, -1, 2, 1, 2, -1, 2, 2, -1, -2, -2, -1, -2, 1, -2, -1, -1, 2, 2]"
424,dfs_bnb_mpi,1.36669,-7,8,364594,"[-1, -1, 2, 1, 2, 1, 2, 1, 2, 2, 1, -2, 1, -2, -1, -2, -1, -2, -1]"
425,dfs_bnb_mpi,5.94186,-5,6,1831621,"[-1, -1, 2, 2, 1, -2, 1, 1, -2, 1, 2, 1, -2, -2, -1, -1, -1, -1, -1]"
426,dfs_bnb_mpi,3.13693,-6,7,805544,"[-1, -2, -1, -2, 1, 1, 2, 1, 1, -2, -1, -2, -1, -1, -1, -1, 2, 2, 2]"
427,dfs_bnb_mpi,14.7851,-7,8,3920771,"[-1, -2, -1, 2, 2, 1, 1, 2, 2, 1, -2, 1, -2, -1, -2, 1, -2, -1, -1]"
428,dfs_bnb_mpi,0.106887,-7,8,31845,"[-1, -2, 1, 1, 1, -2, 1, 1, -2, -1, -2, -1, 2, -1, 2, -1, -1, -1, 2]"
429,dfs_bnb_mpi,0.085291,-6,7,24051,"[-1, -1, 2, 2, 1, -2, 1, 2, 2, -1, -1, 2, -1, 2, 1, 1, -2, 1, 2]"
430,dfs_bnb_mpi,0.030783,-7,8,7903,"[-1, -2, 1, 1, 2, 2, 2, -1, -2, -1, -1, 2, -1, -2, -2, 1, -2, -1, -1]"
431,dfs_bnb_mpi,0.588059,-6,7,154727,"[-1, -1, 2, 1, 2, 2, -1, -1, -2, -2, -2, -1, -2, 1, -2, 1, 2, 1, 1]"
432,dfs_bnb_mpi,0.083925,-7,8,22168,"[-1, -1, 2, 1, 1, 2, 1, -2, 1, -2, -1, -2, 1, -2, 1, 2, 2, 2, 2]"
433,dfs_bnb_mpi,1.42664,-7,8,387041,"[-1, -1, 2, 2, 2, 2, 1, 2, -1, 2, -1, -1, -2, 1, -2, -2, -1, -2, 1]"
434,dfs_bnb_mpi,4.40886,-4,5,1287995,"[-1, -1, 2, 2, 2, 2, 2, 2, 1, 1, 2, 2, 1, -2, -2, -2, -1, -1, -2]"
435,dfs_bnb_mpi,0.050235,-5,6,13709,"[-1, -1, 2, 2, 2, 1, -2, -2, 1, 2, 1, 2, -1, 2, -1, 2, 2, 2, 2]"
436,dfs_bnb_mpi,17.9379,-5,6,4843868,"[-1, -1, 2, 2, -1, -2, -2, -1, 2, -1, -2, -2, 1, 1, 1, 1, -2, -1, -1]"
437,dfs_bnb_mpi,0.005382,-7,8,1607,"[-1, -1, 2, -1, 2, 1, 1, -2, 1, 1, -2, -2, -1, -2, -1, 2, -1, -1, 2]"
438,dfs_bnb_mpi,0.578212,-6,7,168923,"[-1, -1, 2, 2, 2, 1, 1, -2, -1, -2, 1, 1, -2, 1, 1, 2, -1, 2, -1]"
439,dfs_bnb_mpi,0.706599,-6,7,184865,"[-1, -1, 2, 2, 2, 2, 1, 1, 1, -2, -1, -1, -2, 1, 1, 1, -2, -1, -1]"
440,dfs_bnb_mpi,27.6484,-4,5,7490254,"[-1, -1, 2, 2, 2, 2, 2, 1, 1, -2, 1, 2, 1, -2, -2, -1, -1, -1, 2]"
441,dfs_bnb_mpi,0.270584,-7,8,75734,"[-1, -1, 2, 1, 1, 2, -1, -1, 2, -1, -1, -2, 1, -2, -2, -1, -1, 2, 1]"
442,dfs_bnb_mpi,0.008761,-6,6,2502,"[-1, -2, 1, 1, 2, 2, 2, 1, -2, -2, 1, 1, -2, -1, -1, -2, 1, 1, 1]"
443,dfs_bnb_mpi,4.83611,-7,8,1355088,"[-1, -2, -1, 2, 2, 1, 1, 2, 1, 2, 2, 1, -2, -2, -2, -1, -2, -2, -1]"
444,dfs_bnb_mpi,0.738859,-6,6,198158,"[-1, -1, 2, -1, 2, 2, -1, -2, -1, -1, -1, -2, 1, 1, 1, -2, -2, 1, 2]"
445,dfs_bnb_mpi,0.578221,-6,7,135418,"[-1, -1, 2, 2, 2, 1, 1, 1, 1, -2, -1, -1, -2, 1, 1, -2, -1, -2, 1]"
446,dfs_bnb_mpi,1.40938,-7,8,375370,"[-1, -1, -1, 2, 2, 1, -2, 1, 1, 2, 1, 2, 1, 2, -1, -1, -2, -1, -2]"
447,dfs_bnb_mpi,0.049378,-7,7,14087,"[-1, -1, 2, 2, -1, -2, -1, -2, 1, -2, 1, 1, 1, -2, -1, -2, -1, 2, -1]"
448,dfs_bnb_mpi,0.100514,-8,9,31940,"[-1, -2, 1, 1, -2, -1, -2, 1, 1, 2, 2, 1, 2, -1, 2, 2, -1, -2, -2]"
449,dfs_bnb_mpi,1.57967,-6,7,384842,"[-1, -1, 2, 2, -1, -2, -1, 2, -1, -2, -2, -2, 1, 2, 1, -2, 1, 1, 1]"
450,dfs_bnb_mpi,1.16805,-8,9,330501,"[-1, -1, 2, 1, 1, 1, -2, 1, 1, -2, -1, -1, -2, -1, -1, -1, 2, 1, 1]"
451,dfs_bnb_mpi,0.444999,-7,8,138139,"[-1, -1, 2, -1, -2, -2, 1, 1, -2, -2, 1, 2, 2, 1, 2, 2, -1, -1, 2]"
452,dfs_bnb_mpi,10.4774,-5,6,2373151,"[-1, -1, 2, 2, 2, 2, 2, 2, -1, -1, -2, -2, -2, -2, 1, -2, -1, -2, 1]"
453,dfs_bnb_mpi,1.38123,-7,8,337384,"[-1, -2, 1, 1, -2, 1, 2, 1, 1, 2, -1, 2, -1, -2, -1, 2, -1, 2, 2]"
454,dfs_bnb_mpi,0.714369,-7,8,217431,"[-1, -1, 2, 2, -1, -2, -1, -2, 1, -2, -1, -2, 1, -2, 1, 2, 2, 1, 1]"
455,dfs_bnb_mpi,0.005494,-8,9,1679,"[-1, -1, 2, 1, 2, -1, -1, -2, -1, -2, 1, -2, 1, -2, -2, 1, 2, 2, 1]"
456,dfs_bnb_mpi,7.26189,-6,7,2095368,"[-1, -1, 2, 1, 1, 1, -2, -2, -1, -1, -2, -2, -1, -1, 2, 1, 2, -1, 2]"
457,dfs_bnb_mpi,0.014054,-7,8,4202,"[-1, -1, 2, -1, 2, -1, -1, -2, 1, -2, 1, -2, 1, -2, -2, 1, 2, 2, 1]"
458,dfs_bnb_mpi,1.69989,-6,7,488746,"[-1, -1, 2, 1, 2, 2, 2, 1, 1, -2, -1, -2, 1, 1, 1, -2, -1, -1, -1]"
459,dfs_bnb_mpi,6.80234,-6,7,1979424,"[-1, -1, 2, 2, -1, 2, 2, 1, 2, 1, -2, 1, -2, -2, -2, -1, 2, 2, -1]"
460,dfs_bnb_mpi,1.11845,-6,7,314192,"[-1, -1, 2, 1, 2, 2, 1, 2, 2, 1, -2, -2, -2, -1, -2, 1, 1, 2, 2]"
461,dfs_bnb_mpi,0.576596,-8,9,179421,"[-1, -2, -1, -2, 1, 1, 2, 1, 2, 2, 1, -2, 1, 1, -2, -1, -1, -2, -1]"
462,dfs_bnb_mpi,3.85358,-5,6,906432,"[-1, -1, 2, 2, 2, 2, 2, 2, 1, -2, 1, -2, -1, -2, 1, 1, 2, 2, 2]"
463,dfs_bnb_mpi,0.314686,-6,7,94452,"[-1, -1, 2, 2, 2, 2, -1, -2, -2, -1, -1, -2, 1, 1, -2, -2, -1, 2, -1]"
464,dfs_bnb_mpi,5.3016,-6,7,1523289,"[-1, -1, 2, 2, 2, 2, 2, 1, 1, 1, -2, -1, -1, -2, -2, 1, 1, 2, -1]"
465,dfs_bnb_mpi,2.0772,-7,8,603852,"[-1, -1, 2, 1, 1, 1, -2, -2, 1, 1, -2, -1, -1, -2, -1, 2, -1, 2, 1]"
466,dfs_bnb_mpi,4.34854,-6,7,1016845,"[-1, -1, 2, 2, 2, 1, 1, 1, 1, -2, -2, -2, -1, 2, -1, -1, 2, 1, 1]"
467,dfs_bnb_mpi,0.437926,-6,7,131878,"[-1, -1, 2, 2, 2, 2, -1, -2, -2, -1, -2, 1, -2, -1, -1, 2, 2, 2, 1]"
468,dfs_bnb_mpi,0.057768,-5,6,14245,"[-1, -1, 2, 2, -1, 2, -1, -1, -2, 1, -2, 1, -2, -1, -1, 2, -1, 2, 2]"
469,dfs_bnb_mpi,7.36942,-5,6,1811431,"[-1, -1, 2, 2, 2, 1, 1, 2, 1, 1, -2, -2, -2, -1, -1, -1, 2, 1, 1]"
470,dfs_bnb_mpi,0.66791,-7,8,202328,"[-1, -1, 2, 2, 2, 1, -2, -2, 1, 1, -2, 1, -2, -1, -2, -1, -1, 2, 1]"
471,dfs_bnb_mpi,0.071239,-6,7,21106,"[-1, -1, 2, 2, -1, -1, -2, 1, -2, -1, -1, 2, -1, 2, 1, 2, 1, 2, 2]"
472,dfs_bnb_mpi,0.346528,-5,6,103375,"[-1, -1, 2, 2, 2, 1, -2, -2, 1, 1, 1, 2, -1, -1, 2, 2, 2, 2, 2]"
473,dfs_bnb_mpi,1.01999,-7,8,315422,"[-1, -2, -2, -1, -2, 1, 1, 2, 2, 1, 2, 1, -2, 1, 1, -2, -1, -1, -1]"
474,dfs_bnb_mpi,18.8507,-6,7,5079408,"[-1, -1, 2, 2, 2, 2, 1, 1, 1, -2, 1, -2, -1, -1, 2, -1, -2, -2, 1]"
475,dfs_bnb_mpi,1.52065,-6,7,392199,"[-1, -1, -1, 2, 2, -1, 2, 1, 1, -2, -2, 1, 1, 2, -1, 2, 1, 2, 2]"
476,dfs_bnb_mpi,12.417,-7,8,3147844,"[-1, -1, 2, -1, -1, -2, -1, -2, 1, -2, 1, -2, 1, 2, 1, 2, -1, -1, 2]"
477,dfs_bnb_mpi,1.96337,-6,7,551810,"[-1, -1, 2, 2, 2, 1, 2, 1, 2, -1, -1, -2, -1, -2, -1, -2, 1, -2, -1]"
478,dfs_bnb_mpi,2.04919,-7,8,562743,"[-1, -2, -1, 2, 2, 2, 2, 1, 1, -2, -1, -2, 1, 1, -2, -2, -2, -1, 2]"
479,dfs_bnb_mpi,0.348365,-5,6,109717,"[-1, -1, 2, 1, 1, 2, 1, -2, -2, -2, -1, -1, -1, -1, -1, 2, 2, 1, -2]"
480,dfs_bnb_mpi,0.153083,-7,7,45527,"[-1, -1, 2, 1, 2, 1, -2, 1, -2, -2, -1, -1, -1, -2, 1, 1, -2, 1, 2]"
481,dfs_bnb_mpi,0.275653,-7,8,77622,"[-1, -1, 2, 2, 1, 1, -2, 1, -2, -2, -1, -1, -2, 1, -2, 1, 1, 2, -1]"
482,dfs_bnb_mpi,1.89362,-7,8,510708,"[-1, -1, 2, 2, 2, 2, 2, 1, 2, 1, -2, 1, -2, -1, -2, -2, -1, 2, 2]"
483,dfs_bnb_mpi,2.79967,-7,8,756058,"[-1, -1, 2, -1, -1, 2, 1, 1, 2, 1, 2, 1, -2, 1, -2, -1, -1, -2, 1]"
484,dfs_bnb_mpi,0.030561,-6,7,8469,"[-1, -1, 2, 2, 1, 1, -2, 1, 2, 1, -2, 1, -2, -1, -1, -2, 1, 1, 1]"
485,dfs_bnb_mpi,0.290783,-6,7,76822,"[-1, -1, 2, 2, 2, 1, 2, -1, -1, 2, 2, -1, -2, -1, -2, 1, -2, 1, -2]"
486,dfs_bnb_mpi,2.03961,-6,7,549402,"[-1, -2, 1, 1, 2, 2, -1, -1, 2, -1, -2, -2, -1, 2, 2, 2, 2, 1, -2]"
487,dfs_bnb_mpi,1.07752,-7,8,310278,"[-1, -2, 1, 1, 1, 2, -1, 2, 1, 1, 2, -1, 2, 2, -1, -2, -2, -1, -2]"
488,dfs_bnb_mpi,0.445223,-6,6,115257,"[-1, -1, 2, 2, 2, -1, -1, -2, 1, -2, -1, -1, -1, -2, 1, -2, 1, 2, 1]"
489,dfs_bnb_mpi,0.0365,-6,7,9720,"[-1, -1, 2, 2, 1, -2, 1, 2, 2, -1, 2, -1, -2, -1, -1, -2, 1, -2, -1]"
490,dfs_bnb_mpi,0.488157,-6,7,127593,"[-1, -1, 2, -1, -1, 2, -1, -2, -1, -2, 1, -2, 1, 2, 1, -2, 1, 1, 1]"
491,dfs_bnb_mpi,0.005093,-6,7,1241,"[-1, -1, 2, 2, 2, 1, -2, -2, 1, 2, 1, 1, 2, -1, -1, 2, 2, 2, 2]"
492,dfs_bnb_mpi,0.964091,-6,7,266596,"[-1, -1, 2, 2, 2, 1, 2, -1, 2, -1, 2, -1, -2, -2, 1, -2, -2, -1, 2]"
493,dfs_bnb_mpi,1.19176,-6,7,284283,"[-1, -1, 2, 2, 1, -2, 1, 2, 2, 1, -2, 1, -2, -1, -2, 1, -2, -1, -1]"
494,dfs_bnb_mpi,0.802195,-7,7,231407,"[-1, -1, 2, 1, 2, -1, 2, -1, 2, -1, -2, -1, -2, 1, 1, -2, -1, -2, 1]"
495,dfs_bnb_mpi,0.193977,-7,8,52794,"[-1, -1, 2, 2, 1, -2, 1, 1, 2, -1, 2, 1, 2, 1, -2, 1, -2, -1, -2]"
496,dfs_bnb_mpi,0.063938,-6,7,18289,"[-1, -1, 2, -1, -2, -1, -2, 1, 1, 1, -2, -1, -1, -1, -1, 2, 2, 2, 2]"
497,dfs_bnb_mpi,0.451913,-5,6,125410,"[-1, -1, 2, 2, -1, -1, -2, 1, -2, -1, -1, 2, 2, -1, -2, -2, -2, 1, 1]"
498,dfs_bnb_mpi,5.90216,-7,8,1654303,"[-1, -1, 2, 2, -1, 2, -1, -2, -1, -1, -2, 1, -2, 1, -2, 1, 2, 2, -1]"
499,dfs_bnb_mpi,0.022798,-7,8,6227,"[-1, -2, -1, 2, -1, 2, 1, 2, 1, -2, 1, 2, 2, -1, 2, -1, -2, -1, 2]"
500,dfs_bnb_mpi,0.463823,-4,5,130279,"[-1, -1, 2, 2, 2, 2, 2, 2, 2, 1, -2, 1, 1, -2, -2, -1, 2, -1, -2]"
501,dfs_bnb_mpi,0.232594,-6,7,64209,"[-1, -1, 2, 2, -1, 2, 1, 2, 2, 1, -2, -2, 1, 1, -2, -1, -2, -1, 2]"
502,dfs_bnb_mpi,6.01156,-6,7,1834320,"[-1, -1, 2, 2, 2, 1, 2, 1, 1, -2, 1, -2, -1, -2, -1, -1, 2, 1, 2]"
503,dfs_bnb_mpi,0.048958,-5,6,13692,"[-1, -1, 2, 2, -1, 2, 2, 1, -2, 1, -2, -2, 1, 2, 2, 2, 2, 2, 2]"
504,dfs_bnb_mpi,0.027825,-6,6,8068,"[-1, -2, 1, 1, 2, 1, -2, -2, -1, -1, -1, -2, 1, -2, -2, 1, 2, 2, 1]"
505,dfs_bnb_mpi,0.307781,-9,10,90473,"[-1, -2, 1, -2, 1, 2, 1, 2, 1, 2, -1, 2, 2, -1, -2, -1, -2, 1, -2]"
506,dfs_bnb_mpi,1.49694,-6,7,398620,"[-1, -1, 2, 2, 2, 2, 2, 1, 2, 1, -2, 1, -2, -1, -1, -2, 1, 1, 1]"
507,dfs_bnb_mpi,2.16277,-6,7,665145,"[-1, -1, 2, 1, 1, 2, 1, -2, -2, -2, 1, 1, 1, 2, -1, -1, 2, 2, 2]"
508,dfs_bnb_mpi,3.69583,-6,6,1149647,"[-1, -1, 2, 2, 1, -2, 1, 2, 2, 2, 2, 1, -2, -2, -2, 1, -2, -1, -2]"
509,dfs_bnb_mpi,6.91025,-6,7,1877547,"[-1, -1, 2, 2, 2, 1, -2, -2, 1, 2, 1, -2, -2, -2, -2, -1, -1, 2, 1]"
510,dfs_bnb_mpi,0.261152,-6,7,81188,"[-1, -1, 2, -1, -2, -2, -1, 2, 2, -1, 2, 1, 1, 2, 1, -2, 1, -2, 1]"
511,dfs_bnb_mpi,6.1075,-6,7,1628650,"[-1, -2, -1, -2, -1, 2, -1, -1, 2, 1, 1, 1, 2, 1, 2, -1, -1, -2, -1]"
512,dfs_bnb_mpi,9.38649,-6,7,2971534,"[-1, -2, 1, 1, 2, 1, 2, 2, -1, -2, -1, -1, -1, 2, 2, 1, 1, -2, -1]"
513,dfs_bnb_mpi,1.91282,-7,8,561287,"[-1, -2, -1, 2, 2, 2, -1, -1, 2, 1, 1, 2, 1, -2, 1, -2, -1, -2, 1]"
514,dfs_bnb_mpi,0.271972,-6,6,69691,"[-1, -1, 2, 2, 2, 2, 1, -2, -2, -2, 1, 2, 2, 1, -2, 1, -2, -1, -2]"
515,dfs_bnb_mpi,0.026565,-5,6,8162,"[-1, -1, 2, 2, 2, 1, -2, -2, 1, 2, 1, -2, -2, -2, -1, -1, -1, -1, 2]"
516,dfs_bnb_mpi,0.004595,-7,8,1438,"[-1, -1, 2, 1, 2, 1, -2, 1, -2, -2, -1, -2, -2, -1, 2, 2, -1, -1, 2]"
517,dfs_bnb_mpi,1.28483,-7,8,347235,"[-1, -2, -1, 2, 2, -1, -2, -1, 2, 2, 2, 1, -2, 1, 2, 1, -2, -2, 1]"
518,dfs_bnb_mpi,0.125108,-7,8,34484,"[-1, -1, 2, 1, 2, 2, 1, -2, -2, 1, -2, 1, -2, -1, -1, -1, -1, -1, 2]"
519,dfs_bnb_mpi,1.0452,-6,7,300665,"[-1, -1, 2, 2, 2, 1, 2, 1, 2, 1, 1, -2, -1, -2, -1, -2, -1, -2, 1]"
520,dfs_bnb_mpi,0.0621,-7,8,14979,"[-1, -1, 2, -1, 2, 2, -1, -2, -2, -2, 1, -2, -1, -1, 2, -1, 2, 1, 2]"
521,dfs_bnb_mpi,0.881866,-6,7,246223,"[-1, -1, 2, 2, 2, 2, 1, 2, 1, 2, -1, -1, -2, -1, -2, -1, -2, 1, -2]"
522,dfs_bnb_mpi,0.021771,-6,7,6472,"[-1, -1, 2, 2, 1, -2, 1, 2, 1, 2, -1, 2, -1, -2, -1, 2, 2, 2, 2]"
523,dfs_bnb_mpi,0.020992,-6,6,5678,"[-1, -1, 2, 1, 1, 1, 2, -1, 2, -1, -2, -1, 2, -1, -2, -1, 2, 2, 2]"
524,dfs_bnb_mpi,2.12668,-7,8,630627,"[-1, -1, 2, -1, -1, -2, 1, -2, 1, 1, 1, -2, -1, -2, -1, 2, -1, -1, 2]"
525,dfs_bnb_mpi,0.044573,-5,6,11116,"[-1, -2, -1, 2, 2, 1, 1, 2, 1, -2, -2, -2, -1, -2, 1, 1, 2, 2, 2]"
526,dfs_bnb_mpi,0.469909,-6,7,129442,"[-1, -1, 2, 2, 2, -1, -2, -1, -2, 1, -2, -1, -1, 2, 2, -1, -2, -1, 2]"
527,dfs_bnb_mpi,1.69671,-7,8,489099,"[-1, -2, -1, 2, 2, 1, 2, 2, 1, -2, -2, 1, 1, -2, -1, -2, -2, -1, 2]"
528,dfs_bnb_mpi,1.34493,-6,7,352076,"[-1, -1, 2, 2, -1, 2, 2, -1, -2, -2, -1, -2, -2, 1, 2, 1, -2, -2, 1]"
529,dfs_bnb_mpi,1.58239,-6,7,468924,"[-1, -1, 2, 2, 2, -1, -1, -1, -2, -2, -1, -2, 1, 1, 1, 2, 2, -1, -2]"
530,dfs_bnb_mpi,1.14654,-6,7,283986,"[-1, -1, 2, 2, -1, -2, -1, 2, -1, -2, -1, -2, 1, 1, 1, -2, -2, 1, 2]"
531,dfs_bnb_mpi,0.781254,-7,8,237290,"[-1, -2, -2, -1, -1, 2, 1, 2, 2, 1, 1, 1, -2, -2, -1, -2, -2, -1, -1]"
532,dfs_bnb_mpi,0.279833,-6,7,69262,"[-1, -1, 2, 2, 2, 2, 1, 2, 1, -2, -2, -1, -2, -2, 1, 2, 1, 2, 2]"
533,dfs_bnb_mpi,0.002714,-6,5,725,"[-1, -1, 2, 2, 1, -2, 1, 2, 2, 1, -2, 1, -2, -1, -2, 1, 1, 2, 2]"
534,dfs_bnb_mpi,0.194099,-7,6,56186,"[-1, -2, -1, -2, -1, 2, -1, -2, -2, 1, 1, -2, 1, 2, 2, 1, 2, 1, 2]"
535,dfs_bnb_mpi,3.59333,-7,8,1104066,"[-1, -1, 2, -1, -2, -1, -2, 1, 1, -2, -2, 1, -2, -1, -1, 2, -1, 2, 1]"
536,dfs_bnb_mpi,0.065514,-7,8,18264,"[-1, -1, 2, 1, 1, 2, 1, -2, 1, -2, -1, -2, -1, -1, -1, -2, 1, 1, 1]"
537,dfs_bnb_mpi,0.485329,-5,6,137887,"[-1, -1, 2, 2, 2, 2, 2, 1, -2, -2, -2, -2, 1, 2, 1, -2, -2, -2, -1]"
538,dfs_bnb_mpi,18.7016,-7,8,4563753,"[-1, -2, -2, 1, 1, -2, 1, 1, 1, 2, -1, -1, 2, 1, 2, -1, -1, -2, -1]"
539,dfs_bnb_mpi,0.804637,-4,5,250390,"[-1, -1, 2, 2, 2, 2, 2, 1, -2, 1, 1, -2, -1, -1, -2, -2, 1, 2, 1]"
540,dfs_bnb_mpi,1.4819,-5,6,441373,"[-1, -1, 2, 2, 2, 2, 1, 1, -2, -2, -2, 1, -2, 1, -2, -1, -1, -2, 1]"
541,dfs_bnb_mpi,1.06225,-7,7,300279,"[-1, -1, 2, 1, 2, 2, 1, -2, -2, 1, -2, 1, 2, 1, 2, -1, 2, -1, -2]"
542,dfs_bnb_mpi,0.041013,-7,7,12301,"[-1, -1, 2, 2, 1, -2, 1, 2, 1, -2, 1, -2, -1, -2, -1, -1, -1, -1, 2]"
543,dfs_bnb_mpi,0.675,-7,8,191980,"[-1, -1, 2, 1, 1, 2, 2, 1, 2, 1, -2, -2, -2, 1, -2, -1, -1, 2, 2]"
544,dfs_bnb_mpi,0.702574,-7,8,170119,"[-1, -1, 2, 2, 2, 2, 2, 1, 2, 1, -2, -2, -1, -2, -2, 1, 2, 1, 2]"
545,dfs_bnb_mpi,1.78505,-5,6,515482,"[-1, -1, 2, 2, 2, 2, 1, 2, 1, -2, 1, -2, 1, -2, -1, -1, 2, -1, -2]"
546,dfs_bnb_mpi,0.024916,-6,7,7599,"[-1, -1, 2, 2, 1, -2, 1, 2, 1, -2, 1, 2, 1, -2, -2, -1, -1, -2, 1]"
547,dfs_bnb_mpi,20.6919,-6,7,4986748,"[-1, -1, 2, 2, 1, 1, 1, 2, 2, 1, -2, -2, -2, 1, -2, -1, -1, 2, -1]"
548,dfs_bnb_mpi,0.103053,-7,8,29773,"[-1, -1, 2, 1, 1, 1, 1, -2, -1, -2, 1, -2, 1, 2, 2, 1, 2, -1, 2]"
549,dfs_bnb_mpi,2.65822,-7,8,760019,"[-1, -1, 2, 1, 1, 2, 2, 1, 1, 1, -2, -2, -2, -1, -1, 2, 2, 1, -2]"
550,dfs_bnb_mpi,1.08169,-7,8,297960,"[-1, -2, -1, 2, 2, 2, 2, 1, 1, -2, -1, -2, 1, 1, 1, -2, -1, -2, -1]"
551,dfs_bnb_mpi,0.463214,-8,9,138634,"[-1, -2, -1, -2, 1, -2, 1, 2, 1, 1, 2, 1, 2, -1, 2, -1, -2, -2, -1]"
552,dfs_bnb_mpi,3.31579,-7,8,1009199,"[-1, -1, 2, -1, -2, -1, 2, -1, -2, -2, 1, 1, -2, -2, 1, 2, 1, 2, -1]"
553,dfs_bnb_mpi,1.11065,-7,8,315498,"[-1, -1, 2, 1, 2, 1, -2, 1, -2, 1, -2, 1, -2, -1, -2, -1, 2, 2, -1]"
554,dfs_bnb_mpi,0.058065,-7,7,16131,"[-1, -1, 2, 1, 2, 1, -2, 1, 2, 2, 1, -2, -2, 1, 2, 1, 2, -1, 2]"
555,dfs_bnb_mpi,0.346855,-7,8,100105,"[-1, -1, 2, 2, 1, -2, 1, 2, 1, -2, 1, 2, 1, -2, -2, -1, -2, -1, 2]"
556,dfs_bnb_mpi,0.980687,-6,7,270076,"[-1, -1, 2, 2, -1, -1, -1, 2, 1, 1, 2, 1, -2, 1, -2, -2, 1, 2, 2]"
557,dfs_bnb_mpi,0.07567,-6,7,22409,"[-1, -1, 2, 2, 1, 2, -1, -1, 2, 2, -1, -2, -1, -2, 1, -2, 1, -2, -1]"
558,dfs_bnb_mpi,2.27068,-7,8,552968,"[-1, -2, -1, 2, 2, 1, 1, 2, -1, -1, 2, -1, -1, -2, 1, -2, -2, -1, 2]"
559,dfs_bnb_mpi,0.731063,-6,7,187681,"[-1, -1, -1, 2, 2, 1, -2, 1, 2, 2, 1, 2, 1, -2, -2, -1, -2, 1, 1]"
560,dfs_bnb_mpi,0.009159,-6,7,2600,"[-1, -1, 2, 1, 1, 1, 2, -1, -1, 2, -1, -2, -1, -2, -1, 2, 2, 2, 2]"
561,dfs_bnb_mpi,1.49497,-6,7,468139,"[-1, -1, 2, 2, 2, 2, 1, -2, -2, -2, 1, 2, 2, 2, 1, -2, -2, -2, -2]"
562,dfs_bnb_mpi,0.181986,-6,7,53160,"[-1, -1, 2, -1, 2, 1, 2, 1, 1, -2, -1, -2, 1, 1, -2, -2, -1, -1, -1]"
563,dfs_bnb_mpi,0.022708,-7,8,6744,"[-1, -1, 2, 2, -1, -1, 2, 1, 1, 2, 1, -2, 1, 1, -2, -1, -1, -2, 1]"
564,dfs_bnb_mpi,2.13114,-7,8,638055,"[-1, -1, 2, 1, 2, 1, -2, 1, -2, 1, -2, 1, 1, -2, -1, -1, -1, 2, -1]"
565,dfs_bnb_mpi,0.106365,-8,9,32913,"[-1, -1, 2, 1, 2, 1, -2, 1, -2, 1, -2, -1, -2, -2, -1, 2, -1, 2, 1]"
566,dfs_bnb_mpi,4.2917,-4,5,996911,"[-1, -1, 2, 2, 2, 2, 2, 2, 2, 2, 1, 1, -2, -1, -2, 1, -2, -1, -2]"
567,dfs_bnb_mpi,12.3218,-7,8,2884162,"[-1, -1, 2, 2, 1, 1, 2, 1, -2, 1, -2, -2, 1, -2, -1, -1, 2, 2, -1]"
568,dfs_bnb_mpi,0.053546,-7,8,16471,"[-1, -2, -2, 1, 2, 1, 2, 2, -1, 2, -1, -2, -1, -2, -2, -2, -1, 2, 2]"
569,dfs_bnb_mpi,0.21462,-6,6,67547,"[-1, -1, 2, 2, 1, -2, 1, 1, 1, 2, 2, -1, -2, -1, 2, 2, -1, -2, -1]"
570,dfs_bnb_mpi,0.380887,-4,5,95760,"[-1, -1, 2, 2, 1, -2, 1, 2, 2, -1, -1, -1, -2, -1, -2, 1, -2, -1, -1]"
571,dfs_bnb_mpi,6.35371,-4,5,1945068,"[-1, -1, 2, 2, 2, 2, 1, 2, 2, 2, -1, 2, -1, -2, -2, 1, -2, -1, -2]"
572,dfs_bnb_mpi,0.44071,-7,8,123070,"[-1, -1, 2, 1, 1, 2, 2, 2, -1, -2, -2, -1, -1, -2, -1, -2, 1, -2, 1]"
573,dfs_bnb_mpi,0.103283,-7,8,30451,"[-1, -1, 2, 1, 1, 2, -1, 2, 1, 2, 1, 1, -2, -1, -2, 1, -2, -1, -2]"
574,dfs_bnb_mpi,0.021888,-6,7,5983,"[-1, -1, 2, 2, 2, 2, -1, -2, -2, -2, -2, -1, 2, 2, -1, 2, 1, 2, 2]"
575,dfs_bnb_mpi,0.975835,-7,7,259848,"[-1, -1, 2, 2, 1, -2, 1, 2, 2, 2, 1, -2, 1, -2, -1, -2, 1, -2, -1]"
576,dfs_bnb_mpi,0.654434,-7,8,199639,"[-1, -1, 2, 2, 2, -1, -2, -2, -2, -1, -2, 1, -2, 1, 1, 1, 2, -1, -1]"
577,dfs_bnb_mpi,7.20049,-5,5,2142357,"[-1, -1, 2, 2, 2, 1, -2, -2, 1, 2, 1, -2, -2, -2, -1, -1, -1, -1, 2]"
578,dfs_bnb_mpi,0.076314,-7,8,19365,"[-1, -2, -1, -1, 2, 1, 2, -1, 2, 1, 1, -2, 1, 2, 2, 2, -1, -2, -1]"
579,dfs_bnb_mpi,0.013147,-6,7,3316,"[-1, -1, 2, 2, 1, -2, 1, 2, 2, -1, 2, 2, 2, 1, -2, -2, 1, 2, 2]"
580,dfs_bnb_mpi,22.8627,-6,7,5167702,"[-1, -1, 2, -1, 2, 2, 2, -1, -2, -2, -2, -1, -2, 1, 1, -2, 1, -2, -1]"
581,dfs_bnb_mpi,6.95325,-7,8,1691194,"[-1, -2, 1, -2, -2, 1, 1, 1, 2, 2, 2, 2, -1, -2, -1, -2, -2, 1, 2]"
582,dfs_bnb_mpi,0.661624,-6,7,194643,"[-1, -1, 2, -1, 2, -1, 2, 2, -1, -2, -2, -2, 1, -2, 1, -2, -2, 1, 2]"
583,dfs_bnb_mpi,0.492375,-7,8,143596,"[-1, -1, -1, 2, 1, 1, 1, 1, 2, -1, 2, 1, 2, -1, -1, -2, -1, -2, 1]"
584,dfs_bnb_mpi,8.61902,-6,7,2225873,"[-1, -1, 2, 2, 2, 1, 1, 2, 1, -2, 1, 1, -2, -1, -1, -1, -2, -1, 2]"
585,dfs_bnb_mpi,0.13881,-6,7,35906,"[-1, -1, 2, 2, 1, 2, -1, 2, 2, -1, -2, -2, -2, -1, 2, -1, 2, 1, 2]"
586,dfs_bnb_mpi,0.061748,-8,9,19633,"[-1, -1, 2, 1, 2, 1, -2, 1, 2, 1, -2, 1, 1, -2, -1, -1, -2, -1, 2]"
587,dfs_bnb_mpi,6.37791,-7,8,1750666,"[-1, -2, -2, -1, 2, 2, 2, 1, 1, 2, 2, -1, -2, -1, -1, -2, -1, -2, 1]"
588,dfs_bnb_mpi,0.140273,-6,7,41779,"[-1, -1, 2, -1, -2, -1, -1, -1, 2, 1, 1, 2, 1, 1, 2, 1, -2, -2, 1]"
589,dfs_bnb_mpi,0.777323,-6,7,236240,"[-1, -1, 2, 2, 2, 2, -1, -2, -1, -2, -1, -1, -2, 1, 1, -2, 1, 2, 2]"
590,dfs_bnb_mpi,2.61182,-6,7,752002,"[-1, -1, 2, 2, -1, -2, -1, 2, 2, -1, -2, -1, -2, 1, -2, 1, 1, -2, 1]"
591,dfs_bnb_mpi,3.33169,-4,5,771023,"[-1, -1, 2, 2, 2, 2, 2, 2, 2, 1, 1, -2, -1, -2, 1, 1, -2, -1, -1]"
592,dfs_bnb_mpi,0.020584,-6,7,6342,"[-1, -1, 2, 2, 1, -2, 1, 2, 2, -1, -1, 2, -1, -2, -1, -2, 1, -2, -1]"
593,dfs_bnb_mpi,3.86101,-5,6,1020209,"[-1, -1, 2, 2, 1, 2, 2, 2, 2, -1, -2, -2, -2, -1, -2, -2, -1, -2, 1]"
594,dfs_bnb_mpi,0.018839,-7,8,5586,"[-1, -2, 1, 1, 1, 2, -1, 2, 1, 2, 2, 2, -1, -2, -2, -1, -2, -1, 2]"
595,dfs_bnb_mpi,0.365641,-7,8,113686,"[-1, -2, 1, 1, 1, 2, -1, 2, 2, -1, -2, -1, -1, -2, -2, -1, -2, 1, 1]"
596,dfs_bnb_mpi,0.914639,-7,8,268494,"[-1, -1, -1, 2, 2, 1, 2, 1, -2, 1, 2, 2, 1, -2, -2, -2, -1, -1, -1]"
597,dfs_bnb_mpi,3.0356,-7,8,845045,"[-1, -1, 2, 2, -1, -2, -2, -1, 2, -1, 2, 1, 2, 1, 2, 1, 1, -2, -1]"
598,dfs_bnb_mpi,1.55794,-5,6,463932,"[-1, -1, 2, 2, 1, -2, 1, 2, 2, 2, -1, -1, -2, -1, -2, -1, -2, 1, -2]"
599,dfs_bnb_mpi,0.131002,-6,7,38360,"[-1, -1, 2, 1, 1, 2, -1, -1, -1, -2, -2, -2, 1, 1, 1, -2, -1, -1, -1]"
600,dfs_bnb_mpi,0.664808,-6,6,169227,"[-1, -1, 2, 2, 1, 2, -1, 2, 2, -1, -1, -2, 1, -2, -1, -2, 1, -2, -1]"
601,dfs_bnb_mpi,2.07932,-7,8,625345,"[-1, -2, -1, 2, -1, 2, 2, 2, 2, 1, 1, -2, -2, 1, -2, -1, -1, 2, 2]"
602,dfs_bnb_mpi,3.0779,-7,8,865546,"[-1, -1, 2, -1, -2, -1, -1, -2, -2, -1, -2, 1, 1, 2, 2, 1, 1, -2, -1]"
603,dfs_bnb_mpi,0.7968,-6,7,238022,"[-1, -1, 2, -1, -2, -1, 2, -1, -2, -2, -1, -2, 1, 1, 2, 1, -2, 1, 2]"
604,dfs_bnb_mpi,11.669,-7,8,2791531,"[-1, -1, 2, 2, 2, 2, 1, 2, 1, 2, -1, 2, -1, -1, -2, 1, -2, -1, -2]"
605,dfs_bnb_mpi,3.04535,-4,5,908872,"[-1, -1, 2, 2, 2, 2, 1, 1, -2, -2, 1, 2, 1, -2, -2, -1, -1, -1, 2]"
606,dfs_bnb_mpi,1.0076,-6,7,289289,"[-1, -1, 2, 2, 2, 1, 1, 2, 1, 2, 2, -1, -2, -1, -2, -1, -1, -2, -1]"
607,dfs_bnb_mpi,0.628286,-6,7,195762,"[-1, -1, 2, 2, 2, 1, 2, -1, -1, -2, -1, -1, -2, -2, 1, 2, 1, -2, -2]"
608,dfs_bnb_mpi,0.787808,-7,8,219241,"[-1, -1, 2, 2, 2, 1, 1, -2, -1, -2, 1, 1, -2, 1, -2, -1, -2, -1, 2]"
609,dfs_bnb_mpi,0.218256,-6,7,62714,"[-1, -1, 2, 2, -1, -2, -1, 2, -1, -2, -2, -2, -2, 1, 1, 2, 2, -1, -2]"
610,dfs_bnb_mpi,0.477996,-6,6,133565,"[-1, -1, 2, 2, -1, 2, 1, 1, 2, 2, 1, -2, -2, -2, -1, -2, 1, 1, 2]"
611,dfs_bnb_mpi,0.020176,-6,7,5633,"[-1, -1, 2, -1, 2, -1, -2, -2, 1, -2, -1, -2, 1, 1, 2, 1, 1, 1, 2]"
612,dfs_bnb_mpi,1.93626,-6,7,563688,"[-1, -1, 2, 1, 2, -1, 2, 1, 2, 2, 1, -2, -2, 1, 1, -2, -1, -1, -2]"
613,dfs_bnb_mpi,0.125769,-7,8,37776,"[-1, -1, 2, 1, 2, 2, 1, -2, -2, 1, -2, -2, -1, -2, -2, -1, 2, 2, -1]"
614,dfs_bnb_mpi,1.1615,-6,7,297751,"[-1, -1, 2, -1, 2, 1, 2, 2, 2, 2, 1, -2, -2, -2, 1, -2, -2, -1, 2]"
615,dfs_bnb_mpi,0.035133,-7,8,10745,"[-1, -2, -1, 2, 2, 1, 2, 1, -2, 1, 2, 1, -2, -2, -1, -2, -1, -2, 1]"
616,dfs_bnb_mpi,0.717882,-7,8,226900,"[-1, -1, 2, 1, 2, 1, 2, 2, 1, -2, 1, 2, 1, -2, -2, -1, -1, -2, -1]"
617,dfs_bnb_mpi,1.7503,-6,7,466746,"[-1, -1, 2, 2, 2, -1, 2, 2, -1, -2, -2, -2, 1, -2, -1, -2, 1, -2, 1]"
618,dfs_bnb_mpi,0.555825,-7,8,168462,"[-1, -1, 2, 1, 2, 2, 1, -2, -2, 1, 2, 1, -2, 1, -2, -1, -1, -2, -1]"
619,dfs_bnb_mpi,1.05005,-6,7,263656,"[-1, -1, 2, 2, 2, 2, -1, -2, -1, -1, -2, 1, 1, -2, -1, -2, -2, 1, 2]"
620,dfs_bnb_mpi,0.10643,-6,7,33500,"[-1, -1, 2, 1, 2, 1, -2, 1, 2, 2, -1, 2, 2, -1, -2, -2, -1, -2, -1]"
621,dfs_bnb_mpi,0.372362,-7,8,107820,"[-1, -1, 2, 1, 2, -1, -1, 2, -1, -2, -1, -2, 1, 1, -2, -2, -1, 2, -1]"
622,dfs_bnb_mpi,5.98892,-6,7,1783868,"[-1, -1, 2, 1, 2, 1, 1, 2, 2, 1, -2, -2, -2, 1, -2, -1, -1, 2, -1]"
623,dfs_bnb_mpi,0.38721,-7,8,113546,"[-1, -1, 2, -1, 2, 1, 2, 2, 2, 1, 1, -2, -1, -2, 1, -2, -1, -2, 1]"
624,dfs_bnb_mpi,7.06222,-6,7,2088525,"[-1, -1, 2, 1, 2, 2, 2, 2, 1, -2, -2, 1, 1, -2, -1, -1, -2, 1, -2]"
625,dfs_bnb_mpi,0.010264,-6,7,2812,"[-1, -1, 2, -1, -2, -2, 1, 1, -2, 1, -2, -1, -1, 2, -1, -1, 2, 2, 2]"
626,dfs_bnb_mpi,0.018027,-6,7,5511,"[-1, -1, 2, 1, 1, 2, 2, -1, -2, -1, 2, -1, -2, -2, -1, -2, 1, -2, 1]"
627,dfs_bnb_mpi,0.567428,-7,8,134044,"[-1, -1, 2, 2, -1, -1, 2, -1, -2, -2, 1, 1, -2, -1, -2, 1, -2, 1, 2]"
628,dfs_bnb_mpi,0.152867,-5,6,39564,"[-1, -1, 2, 2, 1, -2, 1, 1, 1, 2, 2, -1, -2, -1, 2, 2, 2, 2, 2]"
629,dfs_bnb_mpi,0.055795,-6,7,15604,"[-1, -1, 2, 1, 1, 1, -2, 1, -2, -1, -1, -1, -1, -1, 2, -1, 2, 1, 2]"
630,dfs_bnb_mpi,8.5882,-6,7,2569558,"[-1, -1, 2, 2, -1, -1, -1, -2, 1, 1, -2, -1, -1, -2, 1, 1, -2, 1, 2]"
631,dfs_bnb_mpi,1.12576,-5,6,278911,"[-1, -1, 2, 2, 1, -2, 1, 1, 1, 2, 2, 2, -1, -2, -2, -1, 2, 2, 2]"
632,dfs_bnb_mpi,16.8124,-6,7,4944162,"[-1, -1, 2, 2, 2, 2, 2, 2, 1, 1, -2, -1, -2, 1, 1, -2, -1, -1, -2]"
633,dfs_bnb_mpi,0.082229,-5,6,22978,"[-1, -1, 2, 2, 1, -2, 1, 1, -2, -2, -1, -1, -1, -1, 2, -1, 2, 1, 2]"
634,dfs_bnb_mpi,3.47892,-6,7,961580,"[-1, -1, 2, 1, 1, 2, -1, -1, 2, -1, -1, -1, -2, -2, 1, 2, 1, -2, -2]"
635,dfs_bnb_mpi,1.00872,-7,7,300450,"[-1, -1, 2, 1, 2, 1, 1, 1, 2, 2, 1, -2, -2, -2, -1, -2, -1, 2, -1]"
636,dfs_bnb_mpi,0.297349,-6,7,81067,"[-1, -1, 2, 1, 2, -1, -1, -1, 2, 1, 1, 2, 1, -2, 1, -2, -2, 1, 2]"
637,dfs_bnb_mpi,18.8573,-6,7,5426977,"[-1, -1, 2, 2, 2, -1, -2, -1, 2, -1, -2, -2, -2, 1, -2, 1, 2, 2, -1]"
638,dfs_bnb_mpi,0.03376,-7,8,9186,"[-1, -1, 2, -1, 2, 1, 2, 1, -2, -2, 1, 2, 2, 1, 1, -2, -1, -2, 1]"
639,dfs_bnb_mpi,0.018429,-7,7,5218,"[-1, -1, 2, -1, -2, -2, 1, 1, 1, 1, -2, -1, -1, -2, -2, -1, 2, 2, -1]"
640,dfs_bnb_mpi,31.0714,-4,5,7021570,"[-1, -1, 2, 2, 2, 2, 2, 2, 2, 1, -2, -2, -2, -2, 1, -2, -1, -2, 1]"
641,dfs_bnb_mpi,0.145945,-7,8,39665,"[-1, -1, 2, 1, 2, 2, -1, -2, -1, -2, -1, 2, -1, -2, -2, 1, -2, 1, 2]"
642,dfs_bnb_mpi,0.165743,-6,7,52911,"[-1, -1, 2, -1, 2, 1, 1, -2, 1, 2, 2, 2, 1, -2, -2, -2, -2, 1, 2]"
643,dfs_bnb_mpi,1.74923,-5,6,491017,"[-1, -1, 2, 1, 2, 2, -1, -1, -2, -2, -2, -2, 1, -2, -1, -1, -1, 2, 1]"
644,dfs_bnb_mpi,0.06812,-6,7,18454,"[-1, -1, 2, -1, 2, 1, 2, 1, -2, -2, 1, 1, 1, 2, -1, -1, 2, 2, 2]"
645,dfs_bnb_mpi,1.58819,-8,9,489035,"[-1, -2, 1, -2, 1, 2, 2, 1, 2, -1, 2, 2, 2, -1, -2, -2, -1, -2, 1]"
646,dfs_bnb_mpi,0.169799,-7,8,41450,"[-1, -1, 2, -1, -1, 2, -1, -2, -2, -2, 1, 2, 1, -2, -2, 1, 2, 1, 1]"
647,dfs_bnb_mpi,0.151456,-4,5,43196,"[-1, -1, 2, 2, 2, -1, 2, -1, -2, -2, 1, -2, -2, -2, 1, 1, 1, 1, 2]"
648,dfs_bnb_mpi,3.0709,-8,9,853350,"[-1, -2, 1, -2, 1, 2, 1, 2, -1, 2, 2, 1, 2, -1, -1, -2, -1, -2, 1]"
649,dfs_bnb_mpi,4.34366,-4,5,1252917,"[-1, -1, 2, 2, 2, 2, -1, -2, -2, -2, -2, -1, -1, -2, 1, -2, 1, 2, 1]"
650,dfs_bnb_mpi,0.514141,-7,8,125047,"[-1, -1, 2, 2, 2, 2, -1, -2, -1, -1, -2, 1, 1, -2, -2, -1, -1, 2, 1]"
651,dfs_bnb_mpi,0.668337,-7,7,198576,"[-1, -1, 2, 2, 2, 1, 2, -1, 2, -1, -2, -2, -1, -2, 1, -2, -1, -2, 1]"
652,dfs_bnb_mpi,7.87307,-6,7,2191129,"[-1, -1, 2, -1, -2, -1, 2, -1, -2, -2, 1, -2, -1, -2, 1, 1, 2, 2, 1]"
653,dfs_bnb_mpi,2.76019,-5,6,667087,"[-1, -1, 2, 2, 2, 2, 1, -2, 1, 2, 1, -2, -2, -1, -1, -2, 1, 1, 1]"
654,dfs_bnb_mpi,0.409652,-6,7,119395,"[-1, -1, 2, 2, 2, -1, 2, -1, -2, -1, -2, -1, -2, 1, 1, 2, 1, -2, -2]"
655,dfs_bnb_mpi,0.346633,-7,8,85912,"[-1, -1, 2, 1, 1, 1, 2, 1, -2, -2, -1, -2, 1, -2, -1, -1, -1, 2, 1]"
656,dfs_bnb_mpi,16.5493,-6,7,5021269,"[-1, -1, 2, 1, 1, 2, 2, 2, -1, -2, -2, -1, 2, 2, -1, -2, -2, -2, -2]"
657,dfs_bnb_mpi,0.058619,-7,8,17269,"[-1, -1, 2, 1, 1, 1, -2, -2, 1, 2, 1, 2, -1, 2, -1, -1, 2, 2, 2]"
658,dfs_bnb_mpi,8.93331,-5,5,2162148,"[-1, -1, 2, 2, 2, 2, 2, 1, -2, -2, 1, 2, 1, -2, -2, -1, -1, -2, 1]"
659,dfs_bnb_mpi,0.230264,-6,7,65249,"[-1, -1, 2, 2, -1, -2, -1, -1, -2, 1, 1, -2, 1, -2, -2, 1, 2, 2, 1]"
660,dfs_bnb_mpi,4.52693,-8,9,1328654,"[-1, -2, 1, 1, -2, 1, 2, 2, 2, 2, -1, 2, -1, -2, -1, -2, 1, 1, -2]"
661,dfs_bnb_mpi,7.10487,-6,7,2091592,"[-1, -1, 2, 2, 2, 2, 2, 1, 1, -2, -1, -2, 1, 1, -2, -1, -2, -1, 2]"
662,dfs_bnb_mpi,0.011185,-7,8,3184,"[-1, -2, -1, -2, 1, 1, 2, 1, 2, 1, -2, -2, -1, -2, -1, -1, -1, -1, 2]"
663,dfs_bnb_mpi,3.81162,-7,8,1182917,"[-1, -1, -1, 2, -1, 2, 1, 2, 1, -2, 1, 2, 2, 1, -2, -2, -2, -1, -1]"
664,dfs_bnb_mpi,0.063932,-7,8,19429,"[-1, -2, 1, 1, 2, 2, 1, -2, 1, -2, -1, -2, -2, -1, 2, -1, -1, -1, 2]"
665,dfs_bnb_mpi,0.048722,-6,7,13486,"[-1, -1, 2, 1, 2, 1, -2, 1, 1, -2, -1, -2, -1, -1, -1, -1, 2, 2, 2]"
666,dfs_bnb_mpi,0.278101,-7,8,73042,"[-1, -1, 2, 2, -1, 2, -1, -2, -1, -2, -1, -2, -2, 1, 2, 1, 2, 1, -2]"
667,dfs_bnb_mpi,0.014914,-7,7,4444,"[-1, -1, 2, 1, 2, 2, -1, 2, 1, 1, -2, 1, -2, -1, -2, 1, 1, 2, 2]"
668,dfs_bnb_mpi,0.625148,-6,7,180505,"[-1, -1, 2, 2, 2, 2, 2, 2, 1, -2, -2, -2, -2, 1, 2, 2, 1, 2, -1]"
669,dfs_bnb_mpi,0.06709,-7,8,19165,"[-1, -1, 2, -1, -2, -2, 1, 1, 1, -2, -1, -1, -2, -1, 2, -1, 2, 2, 2]"
670,dfs_bnb_mpi,2.89528,-6,6,767305,"[-1, -1, 2, 2, 2, -1, -1, -1, -2, 1, 1, -2, -1, -1, -2, 1, -2, 1, 2]"
671,dfs_bnb_mpi,0.012007,-7,8,3205,"[-1, -1, 2, -1, -2, -1, -2, 1, 1, 1, 1, -2, -1, -1, -2, -1, 2, -1, -1]"
672,dfs_bnb_mpi,0.923242,-8,9,279568,"[-1, -2, -2, -1, 2, -1, 2, 1, 2, 1, 1, 2, 1, 2, -1, -1, -1, -2, 1]"
673,dfs_bnb_mpi,0.027581,-7,8,7486,"[-1, -1, 2, 1, 1, 1, -2, -2, -1, -2, -1, 2, -1, -2, -2, 1, 1, 1, 2]"
674,dfs_bnb_mpi,0.229631,-6,7,57523,"[-1, -1, 2, 2, 2, 2, -1, -2, -2, -1, -2, 1, -2, -2, -1, 2, -1, 2, 2]"
675,dfs_bnb_mpi,0.287195,-8,8,74042,"[-1, -2, -2, -2, 1, 1, 1, 2, -1, -1, 2, 1, 2, 2, 1, -2, 1, -2, -1]"
676,dfs_bnb_mpi,5.81787,-5,6,1822994,"[-1, -1, 2, 2, 2, 2, 1, -2, -2, -2, 1, 1, 1, 2, 2, -1, -1, -2, 1]"
677,dfs_bnb_mpi,0.012797,-6,7,3444,"[-1, -1, 2, 2, 2, 1, -2, -2, 1, 2, 1, 2, -1, 2, 2, -1, -2, -1, 2]"
678,dfs_bnb_mpi,0.207101,-6,7,61578,"[-1, -1, 2, 2, 1, -2, 1, 1, -2, -2, -1, -1, -1, -2, -1, 2, 2, 2, 2]"
679,dfs_bnb_mpi,9.61088,-7,8,2696288,"[-1, -1, 2, 1, 2, 2, 1, 1, -2, 1, -2, 1, 1, -2, -1, -1, -1, 2, -1]"
680,dfs_bnb_mpi,1.09687,-6,7,316155,"[-1, -1, 2, 2, 2, -1, -2, -1, -2, 1, -2, -2, 1, 1, -2, -2, -1, 2, -1]"
681,dfs_bnb_mpi,17.8431,-6,6,5377016,"[-1, -1, 2, -1, -2, -1, 2, 2, 2, 1, -2, 1, 2, 2, 1, -2, -2, -2, 1]"
682,dfs_bnb_mpi,2.22075,-7,8,685894,"[-1, -2, 1, 1, 2, 2, 1, -2, -2, -2, -1, -1, -2, -1, -1, -1, 2, 1, 1]"
683,dfs_bnb_mpi,3.85439,-6,7,1150595,"[-1, -1, 2, 2, -1, -2, -2, -1, -2, -1, -2, 1, -2, 1, 1, 2, 2, -1, -2]"
684,dfs_bnb_mpi,2.42693,-7,8,559964,"[-1, -2, -1, 2, -1, -1, 2, 2, 2, 1, 1, -2, -1, -2, 1, 1, 1, 2, -1]"
685,dfs_bnb_mpi,14.4896,-5,6,4438970,"[-1, -1, 2, 2, 2, 2, 2, 1, -2, -2, 1, 2, 1, -2, 1, -2, -1, -1, -1]"
686,dfs_bnb_mpi,9.31667,-6,7,2293514,"[-1, -2, -1, 2, 2, 1, 2, 1, -2, 1, 2, 1, -2, -2, -1, -2, -1, -2, 1]"
687,dfs_bnb_mpi,0.010274,-8,8,3005,"[-1, -1, 2, -1, -2, -2, 1, -2, 1, 2, 1, -2, 1, 2, 1, 2, -1, 2, 2]"
688,dfs_bnb_mpi,0.225552,-6,7,54022,"[-1, -1, 2, 1, 1, 2, 2, 1, -2, 1, -2, -1, -2, 1, 1, 1, 2, -1, 2]"
689,dfs_bnb_mpi,2.13884,-4,5,603568,"[-1, -1, 2, 2, 2, 1, 2, 2, 2, -1, -1, -2, -1, -2, -2, 1, 2, 1, 2]"
690,dfs_bnb_mpi,16.8926,-6,7,5059011,"[-1, -1, 2, 2, -1, -2, -2, -1, -1, 2, -1, -2, -2, 1, -2, 1, 2, 1, 1]"
691,dfs_bnb_mpi,28.8548,-5,6,7024216,"[-1, -1, 2, 2, 2, 2, 2, 2, 2, 1, 1, 2, 1, -2, -2, -1, -1, -2, 1]"
692,dfs_bnb_mpi,0.107691,-7,8,33040,"[-1, -2, -1, -2, 1, 1, 2, 1, 2, 1, -2, -2, -1, -2, -1, -2, -1, 2, -1]"
693,dfs_bnb_mpi,0.366129,-6,6,106971,"[-1, -1, -1, 2, 2, 2, 1, -2, -2, 1, 2, 2, 1, -2, -2, 1, 2, 2, 2]"
694,dfs_bnb_mpi,3.97002,-6,7,1218095,"[-1, -1, 2, 2, -1, 2, -1, -2, -1, 2, -1, -2, -2, 1, -2, 1, 2, 1, -2]"
695,dfs_bnb_mpi,0.398936,-6,7,95402,"[-1, -1, 2, 2, -1, -1, 2, -1, -1, -2, 1, -2, 1, 1, -2, -2, -1, 2, -1]"
696,dfs_bnb_mpi,0.764902,-6,7,196827,"[-1, -2, -1, 2, 2, 1, 1, 1, -2, 1, -2, -1, -1, -2, -2, 1, 2, 1, 1]"
697,dfs_bnb_mpi,0.218721,-5,6,63924,"[-1, -1, 2, 2, 2, 2, -1, -2, -1, -2, 1, -2, -1, -2, 1, -2, 1, 1, 1]"
698,dfs_bnb_mpi,0.307773,-8,9,93203,"[-1, -1, 2, 1, 1, 2, 1, 2, -1, -1, 2, -1, -2, -1, -1, -2, 1, 1, 1]"
699,dfs_bnb_mpi,12.0117,-6,7,3562794,"[-1, -2, 1, 1, 2, 2, 2, -1, -2, -1, -1, -2, -2, -1, -1, -2, 1, 1, 1]"
700,dfs_bnb_mpi,3.71139,-5,6,1014289,"[-1, -1, 2, 2, 1, 2, 2, -1, -2, -1, 2, -1, -2, -2, 1, -2, -1, -2, 1]"
701,dfs_bnb_mpi,0.402069,-5,6,112546,"[-1, -1, 2, 2, 2, -1, 2, -1, 2, -1, -2, -2, 1, -2, 1, -2, -2, -1, 2]"
702,dfs_bnb_mpi,23.6769,-7,8,6321816,"[-1, -2, -1, -2, 1, -2, 1, 2, 1, 1, 2, 2, 2, 2, -1, -2, -2, -2, -1]"
703,dfs_bnb_mpi,1.39908,-6,7,420984,"[-1, -1, 2, 2, -1, -2, -1, -2, 1, -2, -2, -1, -2, 1, 1, 2, 2, 1, 1]"
704,dfs_bnb_mpi,1.33037,-6,6,364930,"[-1, -1, 2, 2, -1, 2, 2, 2, -1, -2, -1, -1, -2, 1, 1, -2, -2, 1, -2]"
705,dfs_bnb_mpi,0.239592,-7,7,66365,"[-1, -1, 2, 2, 2, 1, -2, -2, 1, 1, 2, -1, 2, 1, 2, -1, 2, -1, -2]"
706,dfs_bnb_mpi,0.433593,-7,8,135016,"[-1, -1, 2, 1, 1, 2, 2, -1, 2, 2, -1, -2, -1, -1, -2, 1, 1, -2, 1]"
707,dfs_bnb_mpi,5.26123,-4,5,1513014,"[-1, -1, 2, 2, 2, 2, 1, 2, 2, 2, -1, -2, -2, -1, 2, -1, -2, -2, 1]"
708,dfs_bnb_mpi,2.27479,-7,8,707831,"[-1, -1, 2, 2, 2, 1, 2, 1, -2, 1, 2, 1, -2, -2, -1, -1, -2, -1, 2]"
709,dfs_bnb_mpi,0.174881,-8,9,52394,"[-1, -1, 2, 2, -1, -2, -2, -1, 2, -1, 2, 1, 2, 1, 2, 1, 1, -2, -1]"
710,dfs_bnb_mpi,0.267554,-7,8,82064,"[-1, -1, 2, 1, 2, 1, -2, 1, -2, -2, -1, -1, -1, -2, -1, 2, -1, 2, 1]"
711,dfs_bnb_mpi,0.564705,-5,6,161773,"[-1, -1, 2, 2, 2, 2, 1, -2, 1, -2, -1, -2, 1, 1, -2, 1, -2, -1, -1]"
712,dfs_bnb_mpi,0.438074,-5,6,100682,"[-1, -1, 2, 2, 2, 2, -1, -2, -2, -2, -2, -1, 2, 2, -1, 2, 1, 2, 2]"
713,dfs_bnb_mpi,12.0691,-8,9,3327019,"[-1, -2, 1, -2, -1, -1, -2, 1, 1, 1, 1, 2, 1, 2, -1, 2, -1, -2, -2]"
714,dfs_bnb_mpi,3.86974,-7,8,897878,"[-1, -2, -1, 2, -1, 2, 2, -1, 2, 1, 1, 2, 1, -2, -2, -1, -2, 1, 1]"
715,dfs_bnb_mpi,10.3187,-5,6,2771486,"[-1, -1, 2, 2, 2, 2, 2, 2, 2, 1, -2, -2, 1, 1, -2, -1, -1, -2, 1]"
716,dfs_bnb_mpi,0.820035,-7,8,239433,"[-1, -2, -1, 2, -1, 2, 1, 2, 1, -2, 1, 2, 2, -1, 2, 2, -1, -2, -2]"
717,dfs_bnb_mpi,0.698786,-8,9,209880,"[-1, -2, 1, 1, 2, 2, 1, 1, 2, 1, -2, 1, -2, -1, -2, -1, -1, 2, 1]"
718,dfs_bnb_mpi,0.746724,-6,7,221031,"[-1, -1, 2, 2, 2, 2, 1, -2, 1, -2, -1, -2, 1, 1, 2, 2, 2, -1, 2]"
719,dfs_bnb_mpi,0.977093,-4,5,274910,"[-1, -1, 2, 2, 2, 1, -2, -2, 1, 1, -2, -2, -1, -1, -1, -1, -1, 2, 1]"
720,dfs_bnb_mpi,0.22195,-7,8,61894,"[-1, -2, 1, 1, 2, 1, -2, -2, -1, -2, -1, 2, -1, -2, -1, 2, 2, 2, 2]"
721,dfs_bnb_mpi,1.76172,-6,6,534344,"[-1, -1, 2, 2, 2, 1, 2, 2, 2, 1, -2, -2, -2, 1, -2, -1, -1, -2, 1]"
722,dfs_bnb_mpi,7.11953,-8,9,2046596,"[-1, -2, -2, 1, 1, 1, 2, 1, 2, -1, 2, 2, -1, -1, -2, 1, -2, -2, -1]"
723,dfs_bnb_mpi,1.26196,-6,7,350522,"[-1, -1, 2, 2, -1, 2, -1, -2, -1, -2, -1, -2, 1, 1, 2, 1, -2, -2, 1]"
724,dfs_bnb_mpi,0.492883,-6,7,131235,"[-1, -1, 2, 2, 2, 2, -1, -1, -2, 1, -2, -2, -1, 2, -1, -2, -2, 1, 1]"
725,dfs_bnb_mpi,0.663655,-7,8,204217,"[-1, -2, -1, 2, 2, -1, -2, -1, 2, 2, 2, 2, 1, -2, -2, 1, 1, -2, 1]"
726,dfs_bnb_mpi,2.44373,-5,6,671985,"[-1, -1, 2, 2, 2, 2, -1, -2, -2, -1, 2, -1, -2, -2, 1, 1, -2, -1, -1]"
727,dfs_bnb_mpi,1.34289,-6,7,371259,"[-1, -1, 2, 2, 2, -1, -2, -2, -2, -1, -2, -2, 1, 2, 1, 1, 1, -2, -1]"
728,dfs_bnb_mpi,0.423191,-6,7,120593,"[-1, -1, 2, 1, 2, -1, 2, -1, -1, 2, -1, -2, -2, 1, 1, -2, -1, -1, -1]"
729,dfs_bnb_mpi,0.05937,-7,8,15010,"[-1, -1, 2, 2, 2, -1, -1, -2, 1, -2, -2, -1, 2, -1, 2, -1, 2, 1, 2]"
730,dfs_bnb_mpi,0.107422,-6,7,31220,"[-1, -1, 2, 1, 1, 2, 2, 1, -2, 1, 1, -2, -1, -1, -2, 1, 1, 1, 2]"
731,dfs_bnb_mpi,7.03128,-6,7,2040384,"[-1, -1, -1, 2, 2, 1, 1, 2, -1, 2, 1, 1, -2, 1, -2, -1, -2, -1, -1]"
732,dfs_bnb_mpi,0.109613,-7,8,28064,"[-1, -1, 2, -1, -1, 2, 1, 1, 2, 1, -2, -2, 1, 2, 1, 2, 2, -1, -2]"
733,dfs_bnb_mpi,0.041183,-7,8,12763,"[-1, -2, -1, 2, 2, 2, 1, -2, 1, 1, 2, -1, 2, 2, 2, -1, -2, -2, -1]"
734,dfs_bnb_mpi,0.108134,-4,5,31075,"[-1, -1, 2, 2, 2, 1, -2, -2, 1, 2, 2, 2, 1, -2, -2, -2, 1, 2, 2]"
735,dfs_bnb_mpi,0.816447,-8,9,233585,"[-1, -2, -1, 2, 2, 1, 1, 2, 1, -2, 1, -2, -1, -2, -1, -2, -2, -1, 2]"
736,dfs_bnb_mpi,0.018644,-6,6,5750,"[-1, -1, 2, 1, 2, 1, -2, 1, -2, -2, -1, -1, -1, -1, 2, 2, 2, 2, 2]"
737,dfs_bnb_mpi,1.50542,-6,7,409985,"[-1, -1, 2, 2, 1, 2, -1, 2, -1, -1, -1, -2, -2, 1, 2, 1, -2, -2, -1]"
738,dfs_bnb_mpi,23.0471,-6,7,5271074,"[-1, -1, 2, 2, -1, -2, -2, -1, 2, -1, -2, -2, 1, 1, 1, 1, -2, -1, -1]"
739,dfs_bnb_mpi,0.538004,-7,8,146722,"[-1, -2, -1, 2, 2, 1, 1, 2, 1, -2, -2, -2, -1, -2, -2, -1, 2, -1, -1]"
740,dfs_bnb_mpi,0.348524,-6,7,89250,"[-1, -2, -1, -1, 2, 1, 2, 1, 2, -1, 2, -1, -2, -2, -1, -1, 2, 1, 2]"
741,dfs_bnb_mpi,0.32403,-8,9,98729,"[-1, -1, 2, 1, 1, 2, 1, -2, 1, 2, 1, -2, 1, -2, -1, -1, -2, -1, 2]"
742,dfs_bnb_mpi,7.87704,-7,8,2375507,"[-1, -1, 2, -1, 2, -1, -2, -2, -1, -1, -2, 1, 1, -2, 1, 1, 2, -1, 2]"
743,dfs_bnb_mpi,0.05258,-7,8,15514,"[-1, -1, 2, -1, -2, -1, -2, -2, -2, 1, 2, 2, 1, 1, 1, -2, -1, -1, -2]"
744,dfs_bnb_mpi,0.224817,-4,5,69314,"[-1, -1, 2, 2, 2, 2, 2, 1, -2, 1, 1, -2, 1, -2, -1, -1, 2, -1, -2]"
745,dfs_bnb_mpi,8.96575,-6,7,2387298,"[-1, -1, 2, 2, -1, -1, 2, -1, -2, -1, -1, -2, 1, 1, -2, 1, 2, 1, -2]"
746,dfs_bnb_mpi,0.130582,-7,8,40371,"[-1, -1, 2, 1, 2, -1, -1, -2, -1, 2, 2, 1, 2, 1, -2, 1, 1, -2, -2]"
747,dfs_bnb_mpi,3.66832,-6,7,949903,"[-1, -2, 1, 1, 1, 2, 2, 2, -1, -1, 2, 2, -1, -2, -2, -2, 1, 1, -2]"
748,dfs_bnb_mpi,0.703096,-6,7,201309,"[-1, -2, 1, 1, -2, -1, -1, -1, 2, -1, 2, 1, 2, 1, 2, 1, -2, 1, 2]"
749,dfs_bnb_mpi,7.80423,-6,7,2380711,"[-1, -1, 2, 1, 2, -1, -1, 2, -1, -2, -1, -2, -1, -2, 1, 1, 1, 2, -1]"
750,dfs_bnb_mpi,1.9873,-6,7,602181,"[-1, -2, -1, -2, -2, 1, 2, 1, 2, 1, 2, 1, -2, -2, -1, -2, -1, -2, 1]"
751,dfs_bnb_mpi,0.230103,-7,8,71826,"[-1, -2, -1, 2, 2, 1, 2, -1, 2, 1, 1, 1, 1, -2, -2, -1, -1, 2, 1]"
752,dfs_bnb_mpi,0.952495,-6,7,256489,"[-1, -1, 2, 2, 2, 2, 2, 1, -2, -2, -2, -2, 1, 2, 1, 2, 2, -1, -2]"
753,dfs_bnb_mpi,0.252771,-7,8,69640,"[-1, -1, 2, 2, 1, 2, -1, -1, -1, -1, -2, 1, 1, -2, -2, -1, -1, 2, 1]"
754,dfs_bnb_mpi,0.803968,-6,7,205343,"[-1, -1, 2, 2, 2, -1, -1, 2, -1, -1, -2, 1, -2, -2, 1, 2, 1, -2, -2]"
755,dfs_bnb_mpi,1.01941,-4,5,248154,"[-1, -1, 2, 2, 2, 2, -1, -2, -2, -1, -1, -2, 1, 1, -2, -2, 1, 1, 1]"
756,dfs_bnb_mpi,0.68263,-7,8,195858,"[-1, -1, 2, 1, 1, 2, 1, -2, -2, 1, -2, -1, -2, -1, -1, -1, 2, 1, 1]"
757,dfs_bnb_mpi,11.0471,-8,9,3008907,"[-1, -2, 1, 1, -2, 1, 2, 2, 1, 1, 2, -1, -1, 2, -1, -1, -2, 1, -2]"
758,dfs_bnb_mpi,0.416176,-6,7,108322,"[-1, -1, 2, 2, 1, 1, -2, 1, 2, 2, 1, 1, -2, -1, -2, -2, -1, -2, 1]"
759,dfs_bnb_mpi,0.203318,-7,8,55117,"[-1, -2, -1, -1, 2, 1, 2, 1, 2, 2, 1, -2, -2, 1, 2, 2, 1, -2, 1]"
760,dfs_bnb_mpi,0.270323,-6,7,76105,"[-1, -1, 2, 2, 1, -2, 1, 2, 2, -1, 2, -1, -2, -1, -1, -2, 1, -2, -1]"
761,dfs_bnb_mpi,4.04394,-6,7,1235346,"[-1, -2, 1, 1, 2, 1, 2, 2, -1, -2, -1, 2, -1, -1, -2, -2, -2, -2, 1]"
762,dfs_bnb_mpi,6.87618,-6,7,1976383,"[-1, -1, 2, 2, 1, 2, 1, 2, -1, 2, 2, -1, -2, -1, -2, 1, -2, -1, -2]"
763,dfs_bnb_mpi,5.84135,-7,8,1505005,"[-1, -1, 2, 2, 1, 2, 2, -1, -1, 2, 2, -1, -2, -2, -2, -2, 1, 2, 1]"
764,dfs_bnb_mpi,0.145468,-7,8,43784,"[-1, -2, 1, 1, 2, 1, -2, 1, -2, -1, -1, -2, -2, -1, -1, 2, 2, 1, -2]"
765,dfs_bnb_mpi,0.120833,-7,8,32042,"[-1, -2, 1, -2, -1, -1, 2, -1, 2, 1, 2, 1, 2, 2, -1, -2, -1, -2, -1]"
766,dfs_bnb_mpi,2.22204,-7,8,672156,"[-1, -2, 1, 1, 2, 2, 1, -2, -2, -2, -1, -1, -1, -1, -1, -2, 1, 1, 1]"
767,dfs_bnb_mpi,0.269395,-6,7,83544,"[-1, -1, 2, 2, -1, -2, -2, -1, 2, -1, -2, -2, 1, 1, -2, 1, 1, 2, -1]"
768,dfs_bnb_mpi,0.898349,-6,7,278956,"[-1, -1, 2, -1, 2, 2, 1, -2, 1, -2, 1, 2, 2, -1, 2, 2, -1, -2, -1]"
769,dfs_bnb_mpi,0.900663,-6,7,274032,"[-1, -1, 2, 2, 2, 2, 1, 2, -1, 2, -1, -2, -1, -2, 1, -2, -2, -2, -1]"
770,dfs_bnb_mpi,18.7099,-5,6,5455905,"[-1, -1, 2, 2, 2, 2, 2, 2, 2, 1, 2, 1, -2, -2, 1, -2, -1, -1, 2]"
771,dfs_bnb_mpi,1.07043,-7,8,320882,"[-1, -2, -1, -2, -1, -1, -2, 1, -2, 1, 2, 1, 1, 1, 2, 2, -1, -2, -1]"
772,dfs_bnb_mpi,2.33115,-5,6,730809,"[-1, -1, 2, 2, 2, 2, 1, 2, 1, -2, -2, -1, -2, 1, 1, 2, 1, 2, -1]"
773,dfs_bnb_mpi,6.78013,-7,8,2092362,"[-1, -2, -2, -1, 2, 2, -1, 2, 2, -1, 2, 1, 2, 1, -2, -2, 1, -2, -1]"
774,dfs_bnb_mpi,0.234468,-6,7,57375,"[-1, -1, 2, -1, 2, -1, 2, -1, -2, -1, -2, 1, 1, -2, 1, -2, 1, 1, 1]"
775,dfs_bnb_mpi,0.578686,-8,9,179016,"[-1, -2, 1, -2, 1, 2, 1, 2, -1, 2, 1, 2, -1, -1, 2, -1, -2, -2, 1]"
776,dfs_bnb_mpi,1.84544,-5,6,508304,"[-1, -1, 2, 2, 2, 1, 2, -1, 2, 2, 1, 1, -2, -2, -2, 1, -2, -1, -1]"
777,dfs_bnb_mpi,1.27817,-7,8,380030,"[-1, -2, 1, 1, 2, 2, 1, 1, 2, -1, -1, 2, -1, -2, -1, -1, -2, 1, 1]"
778,dfs_bnb_mpi,2.37656,-7,8,588909,"[-1, -2, -1, 2, 2, 1, 1, 2, 2, 2, 1, -2, -2, -2, -2, -2, -2, -1, 2]"
779,dfs_bnb_mpi,14.8836,-7,8,3953018,"[-1, -2, -1, -1, -2, 1, 1, -2, -1, -2, 1, 1, 1, 2, 2, 2, -1, -2, -2]"
780,dfs_bnb_mpi,6.40518,-6,6,1919356,"[-1, -1, 2, 2, 2, 2, 1, -2, 1, -2, 1, 2, 1, -2, -2, -1, -1, -1, 2]"
781,dfs_bnb_mpi,1.05137,-7,8,300358,"[-1, -1, 2, 2, -1, -2, -2, -1, 2, 2, 2, -1, 2, -1, -2, -2, -2, 1, 2]"
782,dfs_bnb_mpi,0.051361,-7,7,14919,"[-1, -2, -1, 2, 2, 2, 2, -1, 2, 1, 1, -2, 1, -2, -1, -2, 1, 1, 2]"
783,dfs_bnb_mpi,20.4675,-5,6,6326340,"[-1, -1, 2, 1, 2, 2, -1, -2, -1, 2, 2, 2, 1, 1, 1, -2, -2, -2, -2]"
784,dfs_bnb_mpi,0.600245,-6,7,157985,"[-1, -1, 2, 2, -1, -1, -1, -2, -2, 1, 2, 1, -2, -2, 1, -2, -1, -1, 2]"
785,dfs_bnb_mpi,6.57148,-7,8,1992305,"[-1, -2, -1, -2, -1, 2, -1, 2, 2, 1, 2, 2, 1, 1, -2, -2, -1, -2, -1]"
786,dfs_bnb_mpi,0.834511,-6,7,210415,"[-1, -2, -1, -1, -2, 1, 1, 1, 2, 1, 2, 2, -1, -1, -1, -2, -1, 2, 2]"
787,dfs_bnb_mpi,2.06159,-6,7,551328,"[-1, -2, -1, -1, -2, 1, 1, -2, 1, 1, 2, -1, 2, 1, 2, 2, 1, -2, 1]"
788,dfs_bnb_mpi,0.400375,-7,8,116647,"[-1, -2, -1, -2, -2, -1, 2, -1, -1, 2, 1, 1, 2, 1, 2, 1, 1, 2, 2]"
789,dfs_bnb_mpi,20.7759,-6,7,4745249,"[-1, -1, 2, 2, 2, 2, 2, 1, 1, -2, 1, 1, -2, -1, -1, -2, -1, 2, 2]"
790,dfs_bnb_mpi,1.06015,-5,6,309035,"[-1, -1, 2, 2, 2, 2, 1, -2, 1, -2, -1, -2, 1, 1, 1, 2, 2, -1, -2]"
791,dfs_bnb_mpi,1.24141,-7,8,369588,"[-1, -2, -1, 2, -1, 2, 1, 1, 2, 2, 1, -2, -2, 1, 1, -2, -1, -2, -1]"
792,dfs_bnb_mpi,2.39229,-7,8,748966,"[-1, -1, -1, 2, 1, 2, 1, -2, 1, 1, -2, -2, -1, -1, -2, -1, -1, 2, 1]"
793,dfs_bnb_mpi,0.04936,-5,6,13848,"[-1, -1, 2, 2, 2, 2, 1, -2, -2, -2, 1, 1, -2, -2, -1, -1, -1, -1, 2]"
794,dfs_bnb_mpi,0.126357,-8,9,38495,"[-1, -1, 2, 1, 2, 1, -2, 1, 2, 2, 2, 1, -2, -2, 1, -2, -1, -2, -1]"
795,dfs_bnb_mpi,0.381337,-8,9,113026,"[-1, -1, 2, 1, 2, -1, 2, -1, -2, -2, -2, -2, -1, 2, -1, 2, 2, 1, -2]"
796,dfs_bnb_mpi,0.756625,-4,5,203744,"[-1, -1, 2, 2, 2, 2, 2, 2, 2, 2, 1, 1, 2, 1, -2, -2, -1, -1, -2]"
797,dfs_bnb_mpi,0.3348,-6,7,94993,"[-1, -1, 2, 2, -1, -2, -1, -1, -2, 1, 1, -2, -1, -2, -2, -1, 2, 2, -1]"
798,dfs_bnb_mpi,0.015677,-7,8,4199,"[-1, -2, 1, 1, 2, 2, 2, -1, -2, -1, 2, -1, -2, -1, -1, -2, 1, 1, -2]"
799,dfs_bnb_mpi,0.017307,-6,6,5344,"[-1, -1, 2, 2, 1, -2, 1, 2, 2, 2, 1, -2, -2, 1, 1, -2, -1, -1, -2]"
800,dfs_bnb_mpi,1.14386,-6,7,306414,"[-1, -1, 2, -1, -1, 2, -1, -2, -2, -2, 1, 2, 1, -2, 1, -2, 1, 2, 1]"
801,dfs_bnb_mpi,0.47576,-6,7,132998,"[-1, -1, 2, 1, 2, 1, -2, 1, 2, 1, 2, -1, -1, -1, 2, 2, 1, -2, 1]"
802,dfs_bnb_mpi,0.426624,-4,5,126413,"[-1, -1, 2, 2, 2, 2, -1, -2, -2, -2, -1, -1, -2, 1, 1, -2, 1, 1, 1]"
803,dfs_bnb_mpi,0.457204,-6,7,130201,"[-1, -1, 2, 2, -1, -2, -2, -1, -1, -2, 1, 1, -2, 1, 1, 1, 2, -1, -1]"
804,dfs_bnb_mpi,1.93789,-6,7,578365,"[-1, -1, 2, 2, -1, 2, 2, 1, -2, 1, 2, 1, -2, 1, -2, -1, -1, -2, 1]"
805,dfs_bnb_mpi,0.6765,-6,7,157232,"[-1, -1, 2, 2, -1, -2, -2, -2, -2, -2, 1, 2, 2, 1, 1, -2, -1, -2, 1]"
806,dfs_bnb_mpi,2.68467,-7,8,713390,"[-1, -1, 2, 1, 1, 2, 1, -2, 1, 1, -2, -1, -1, -2, 1, -2, -1, -1, 2]"
807,dfs_bnb_mpi,11.0161,-7,8,2926031,"[-1, -1, 2, 2, -1, -1, -2, -2, -1, -2, 1, -2, 1, -2, 1, 2, 2, -1, 2]"
808,dfs_bnb_mpi,0.123706,-6,7,38929,"[-1, -1, 2, 2, -1, -1, -2, 1, -2, -2, 1, -2, -1, -1, 2, 2, -1, 2, 2]"
809,dfs_bnb_mpi,0.091542,-8,9,27689,"[-1, -2, 1, 1, -2, 1, -2, 1, 1, -2, -1, -2, -1, 2, -1, 2, -1, 2, -1]"
810,dfs_bnb_mpi,0.157906,-6,7,46173,"[-1, -1, 2, 1, 1, 1, -2, 1, -2, 1, -2, -1, -2, -1, 2, 2, -1, -1, -1]"
811,dfs_bnb_mpi,1.04769,-7,8,272675,"[-1, -2, -1, -1, 2, 1, 2, 1, 2, 2, 1, -2, -2, 1, -2, 1, -2, -1, -1]"
812,dfs_bnb_mpi,0.802942,-6,7,237269,"[-1, -2, -1, -2, 1, 1, 2, 1, 2, 1, 2, 2, -1, -2, -1, 2, 2, 2, 2]"
813,dfs_bnb_mpi,0.990412,-6,7,279382,"[-1, -1, 2, 1, 2, -1, -1, -2, -2, -2, 1, 1, 1, 1, 2, 2, -1, 2, 2]"
814,dfs_bnb_mpi,20.7703,-6,6,5090035,"[-1, -1, 2, -1, -2, -1, 2, -1, -2, -2, 1, 1, -2, 1, 1, 1, 2, -1, -1]"
815,dfs_bnb_mpi,2.77619,-6,7,809134,"[-1, -1, 2, 2, 2, -1, -1, -2, -2, 1, -2, -1, -2, 1, -2, 1, 1, 2, -1]"
816,dfs_bnb_mpi,0.024545,-6,7,6575,"[-1, -1, 2, 1, 1, 1, 1, -2, -1, -2, -1, -1, -2, 1, 1, 1, 2, 1, 2]"
817,dfs_bnb_mpi,0.006346,-6,7,1811,"[-1, -1, 2, 1, 2, 1, -2, 1, 2, 1, -2, 1, -2, -1, -1, -2, 1, 1, 1]"
818,dfs_bnb_mpi,0.963041,-6,7,294066,"[-1, -1, 2, 2, 1, -2, 1, 2, 1, -2, -2, -2, -1, -1, -2, -1, -1, 2, 1]"
819,dfs_bnb_mpi,0.203246,-5,6,52504,"[-1, -2, -1, -1, 2, 1, 2, 2, 2, 2, 1, -2, -2, -2, 1, 2, 2, 2, 2]"
820,dfs_bnb_mpi,0.388994,-5,6,93728,"[-1, -1, 2, 2, 2, 2, 2, 1, -2, -2, 1, -2, -1, -2, 1, 1, 2, 2, 2]"
821,dfs_bnb_mpi,0.073068,-6,7,19128,"[-1, -1, 2, 2, 2, 2, -1, -2, -2, -1, -2, 1, -2, -2, -1, 2, -1, 2, 2]"
822,dfs_bnb_mpi,0.049438,-6,7,13753,"[-1, -1, 2, 2, 2, 2, 1, -2, -2, -2, 1, 2, 1, -2, 1, -2, -1, -2, 1]"
823,dfs_bnb_mpi,3.95486,-6,7,1005550,"[-1, -1, 2, -1, -2, -2, 1, 1, 1, -2, -1, -2, -1, 2, -1, -1, 2, 2, 2]"
824,dfs_bnb_mpi,0.177929,-6,7,50824,"[-1, -1, 2, 2, -1, -2, -2, -1, -1, -2, 1, 1, 1, 1, 1, -2, -1, -1, -1]"
825,dfs_bnb_mpi,2.01887,-4,5,558764,"[-1, -1, 2, 2, 2, 2, 1, -2, -2, -2, 1, 2, 1, -2, -2, -2, -1, -1, -1]"
826,dfs_bnb_mpi,1.2979,-6,7,362951,"[-1, -1, 2, 1, 2, 2, 1, 2, 1, -2, 1, 1, -2, -1, -1, -1, -2, 1, 1]"
827,dfs_bnb_mpi,1.14431,-6,7,273671,"[-1, -1, 2, 2, 2, -1, -2, -1, 2, -1, -2, -1, -2, 1, -2, 1, 2, 1, -2]"
828,dfs_bnb_mpi,8.35369,-6,7,1979277,"[-1, -1, 2, 2, 1, -2, 1, 2, 1, 1, 2, -1, 2, -1, -2, -1, 2, -1, -2]"
829,dfs_bnb_mpi,2.96594,-6,7,910545,"[-1, -1, 2, 2, -1, 2, -1, -2, -2, 1, -2, -1, -1, -1, -1, 2, 1, 1, 2]"
830,dfs_bnb_mpi,1.72719,-7,8,466568,"[-1, -1, 2, 1, 1, 1, 2, 2, -1, -2, -1, 2, -1, -2, -1, -1, -2, 1, -2]"
831,dfs_bnb_mpi,0.66376,-7,8,170255,"[-1, -1, 2, -1, 2, 2, 2, 1, 1, -2, -1, -2, 1, -2, 1, 2, 1, 2, -1]"
832,dfs_bnb_mpi,0.066371,-5,6,20439,"[-1, -1, 2, 2, 2, 1, -2, -2, 1, 2, 1, -2, -2, 1, -2, -1, -1, -1, -1]"
833,dfs_bnb_mpi,2.842,-7,8,684602,"[-1, -1, 2, 2, 2, 1, 1, -2, 1, 1, -2, 1, -2, -1, -1, 2, -1, -1, 2]"
834,dfs_bnb_mpi,0.067296,-6,7,18328,"[-1, -1, 2, 1, 2, 1, 1, 2, -1, 2, -1, -2, -1, -2, -1, -2, -1, 2, 2]"
835,dfs_bnb_mpi,0.103416,-5,6,28418,"[-1, -1, 2, 2, 2, 2, 1, 2, -1, -1, -2, -1, -2, 1, -2, -1, -1, 2, 2]"
836,dfs_bnb_mpi,0.526695,-6,7,151741,"[-1, -1, 2, 2, 2, 2, 2, 1, -2, -2, 1, 2, 2, 1, -2, -2, -2, -1, -1]"
837,dfs_bnb_mpi,2.07555,-7,8,601393,"[-1, -1, 2, 1, 1, 2, 2, 1, -2, -2, 1, 1, -2, -2, -1, 2, -1, -2, -1]"
838,dfs_bnb_mpi,0.459524,-6,7,115093,"[-1, -2, -1, -1, 2, 1, 2, 2, 1, -2, 1, 2, 2, 2, -1, -2, -1, 2, 2]"
839,dfs_bnb_mpi,0.39617,-8,9,113155,"[-1, -2, 1, -2, -1, -1, 2, -1, 2, 1, 2, 1, 1, 2, 2, -1, -1, -2, 1]"
840,dfs_bnb_mpi,0.123875,-6,7,35547,"[-1, -1, 2, -1, 2, 2, -1, -2, -2, -2, 1, -2, 1, 1, -2, -2, -1, 2, -1]"
841,dfs_bnb_mpi,0.27125,-6,7,76198,"[-1, -1, 2, 1, 2, -1, 2, 2, 1, -2, 1, -2, -2, 1, -2, -2, -1, -1, -1]"
842,dfs_bnb_mpi,6.59978,-4,5,1818288,"[-1, -1, 2, 2, 2, 2, 1, 2, 2, -1, -2, -1, 2, 2, -1, -2, -2, -2, 1]"
843,dfs_bnb_mpi,0.030202,-6,7,8851,"[-1, -1, 2, 2, 1, -2, 1, 1, -2, 1, -2, -2, -1, 2, -1, -1, -1, -1, 2]"
844,dfs_bnb_mpi,0.055003,-6,7,14925,"[-1, -1, 2, 1, 1, 2, 1, 2, 1, -2, -2, -1, -2, -2, -1, -1, -1, -1, 2]"
845,dfs_bnb_mpi,0.027337,-7,8,6755,"[-1, -1, 2, -1, -2, -2, -1, -2, 1, 1, 2, 1, 1, -2, -1, -2, 1, 1, 2]"
846,dfs_bnb_mpi,0.790859,-6,7,210854,"[-1, -1, 2, 2, 2, 2, 1, 1, 1, -2, -2, -1, 2, -1, -2, -2, 1, 1, 1]"
847,dfs_bnb_mpi,0.021189,-6,7,6236,"[-1, -1, 2, -1, -2, -1, -1, 2, 1, 2, 1, 1, 2, 1, -2, -2, 1, 2, 2]"
848,dfs_bnb_mpi,0.882823,-7,8,246309,"[-1, -2, -1, -2, 1, -2, 1, 2, 2, 1, 2, 1, 2, 2, -1, -2, -1, 2, 2]"
849,dfs_bnb_mpi,5.15326,-6,7,1589326,"[-1, -1, 2, 1, 1, 2, 2, -1, 2, -1, -2, -1, 2, -1, -2, -2, 1, 1, 1]"
850,dfs_bnb_mpi,13.6217,-6,7,4273829,"[-1, -2, -1, 2, -1, 2, 2, 2, 1, -2, 1, 2, 2, 1, -2, -2, -2, -1, -1]"
851,dfs_bnb_mpi,0.165649,-8,9,47967,"[-1, -2, -1, -1, -2, 1, -2, 1, 2, 1, 2, 1, 1, 2, 2, 2, -1, -2, -2]"
852,dfs_bnb_mpi,0.839891,-7,8,259220,"[-1, -2, 1, 1, 2, 2, 2, 1, 2, 2, 2, -1, -2, -2, -1, -2, -1, -2, 1]"
853,dfs_bnb_mpi,0.144621,-5,6,36606,"[-1, -1, 2, 2, 2, -1, -2, -1, -1, -2, 1, 1, -2, -2, 1, 1, 1, 1, 2]"
854,dfs_bnb_mpi,1.36173,-7,8,368122,"[-1, -1, 2, 2, 1, -2, 1, 2, 1, 2, 2, 2, -1, -2, -2, -1, -1, 2, 1]"
855,dfs_bnb_mpi,16.8247,-5,6,4860206,"[-1, -1, 2, 2, 2, 2, 1, -2, 1, 2, 2, 1, -2, -2, -2, -1, -2, -1, 2]"
856,dfs_bnb_mpi,0.013097,-8,9,3636,"[-1, -2, 1, 1, 2, 2, 1, -2, -2, 1, -2, -1, -1, -2, -1, 2, -1, -1, 2]"
857,dfs_bnb_mpi,1.68058,-7,8,376738,"[-1, -1, 2, -1, -1, 2, 1, 1, 2, 2, 1, -2, -2, -2, 1, 2, 1, 2, -1]"
858,dfs_bnb_mpi,0.222456,-7,8,64191,"[-1, -1, 2, -1, -2, -2, 1, 1, -2, 1, -2, -1, -1, 2, -1, -1, 2, 2, 2]"
859,dfs_bnb_mpi,2.6402,-6,7,723160,"[-1, -1, 2, 2, 1, 2, -1, -1, -2, -1, -2, 1, -2, -1, -2, 1, -2, 1, 2]"
860,dfs_bnb_mpi,0.693134,-6,7,165579,"[-1, -1, -1, 2, 1, 2, -1, -1, 2, 1, 2, 1, -2, 1, 1, -2, -1, -2, 1]"
861,dfs_bnb_mpi,0.009558,-7,8,2804,"[-1, -1, -1, 2, 1, 1, 1, 2, 1, -2, -2, -2, -1, -2, -2, -1, 2, 2, -1]"
862,dfs_bnb_mpi,1.20504,-7,8,341940,"[-1, -1, 2, 1, 1, 2, -1, 2, 1, 2, 1, -2, 1, -2, -1, -2, -2, -2, -1]"
863,dfs_bnb_mpi,0.208675,-7,8,51030,"[-1, -2, 1, -2, 1, 2, 1, 1, 2, -1, -1, 2, 1, 2, -1, -1, -2, -1, 2]"
864,dfs_bnb_mpi,1.28273,-6,7,351169,"[-1, -1, 2, 2, -1, 2, 2, 1, -2, 1, 2, 2, 1, -2, -2, -2, -1, -2, 1]"
865,dfs_bnb_mpi,7.06546,-6,6,2065480,"[-1, -2, 1, 1, 2, 2, 2, 2, -1, 2, -1, -1, -2, -2, -2, 1, 2, 1, -2]"
866,dfs_bnb_mpi,0.017939,-6,6,5310,"[-1, -1, 2, 2, 1, -2, 1, 2, 2, 2, 2, 1, -2, -2, 1, -2, -1, -2, 1]"
867,dfs_bnb_mpi,0.363744,-6,7,111607,"[-1, -1, 2, -1, -2, -2, -1, -2, 1, 1, 2, 1, 1, 1, 1, -2, -1, -1, -1]"
868,dfs_bnb_mpi,0.023409,-5,6,6869,"[-1, -1, 2, 2, 2, 1, 1, -2, -1, -2, 1, 1, -2, -2, -1, -1, -1, -1, 2]"
869,dfs_bnb_mpi,0.60273,-6,7,141025,"[-1, -1, 2, 2, 1, -2, 1, 2, 1, 2, 1, -2, -2, -1, -2, 1, 1, 2, 2]"
870,dfs_bnb_mpi,1.11529,-7,8,324179,"[-1, -2, -2, -1, 2, -1, 2, 1, 2, 2, 2, 1, -2, -2, 1, 1, -2, -2, -1]"
871,dfs_bnb_mpi,2.54968,-8,9,733432,"[-1, -2, -1, -2, 1, 1, 2, 1, 2, 1, 2, -1, 2, 2, -1, -2, -1, -2, 1]"
872,dfs_bnb_mpi,2.02465,-8,9,507914,"[-1, -2, -1, 2, -1, 2, -1, 2, 1, 2, 2, 1, -2, -2, 1, 1, -2, -1, -1]"
873,dfs_bnb_mpi,0.152213,-8,9,40233,"[-1, -2, 1, 1, 2, 1, 2, -1, 2, -1, -2, -1, -1, 2, 1, 2, 2, 1, -2]"
874,dfs_bnb_mpi,7.22912,-7,8,2154631,"[-1, -1, 2, -1, -1, -2, -1, -2, 1, -2, 1, -2, 1, 2, 1, 2, -1, -1, 2]"
875,dfs_bnb_mpi,0.130697,-7,8,36835,"[-1, -1, 2, 2, 2, 1, 2, 1, -2, -2, -1, -2, 1, 1, 2, 1, 2, -1, 2]"
876,dfs_bnb_mpi,0.05378,-6,7,15564,"[-1, -1, 2, 1, 2, 1, 2, -1, -1, -2, -1, -2, -2, -1, -1, 2, 1, 2, 2]"
877,dfs_bnb_mpi,0.046483,-6,7,13869,"[-1, -1, 2, 1, 2, -1, 2, -1, -1, -2, 1, -2, -1, -2, 1, -2, 1, 1, 1]"
878,dfs_bnb_mpi,1.92498,-7,8,540428,"[-1, -2, 1, 1, 1, 2, -1, 2, 1, 2, -1, 2, 2, -1, -2, -2, -1, -2, 1]"
879,dfs_bnb_mpi,0.210577,-7,8,53630,"[-1, -2, 1, 1, 1, 2, -1, 2, 1, 2, -1, 2, -1, -1, -2, 1, -2, -1, -1]"
880,dfs_bnb_mpi,1.4351,-8,9,421239,"[-1, -1, 2, -1, -2, -1, -2, -1, -2, 1, -2, -2, 1, 2, 1, 2, 2, -1, -2]"
881,dfs_bnb_mpi,0.373761,-4,5,115855,"[-1, -1, 2, 2, 1, -2, 1, 2, 2, -1, 2, -1, -1, -2, -2, -2, -1, 2, 2]"
882,dfs_bnb_mpi,6.81512,-5,6,1999155,"[-1, -1, 2, 2, 2, 2, 2, 1, -2, -2, -2, -2, 1, 2, 1, 2, 2, -1, -2]"
883,dfs_bnb_mpi,1.02503,-5,6,250129,"[-1, -1, 2, 2, 1, 1, -2, 1, 1, -2, -1, -2, -1, -1, -1, -1, 2, 2, 2]"
884,dfs_bnb_mpi,0.108734,-6,7,31154,"[-1, -1, 2, 2, -1, -2, -2, -1, 2, -1, -2, -2, 1, 1, 1, 1, 1, 1, 2]"
885,dfs_bnb_mpi,0.007171,-5,6,1745,"[-1, -1, 2, 2, 2, 2, 2, 2, 2, 1, 1, -2, 1, -2, -2, -1, 2, -1, 2]"
886,dfs_bnb_mpi,10.5325,-6,7,2825964,"[-1, -1, 2, -1, 2, 2, 2, -1, -1, -2, -2, 1, -2, -1, -2, 1, -2, 1, 2]"
887,dfs_bnb_mpi,1.03532,-5,6,276176,"[-1, -1, 2, 2, 2, -1, -1, -2, -2, 1, -2, -1, -2, 1, 1, 1, 1, 1, 2]"
888,dfs_bnb_mpi,0.0527,-7,8,15475,"[-1, -1, 2, -1, -2, -2, 1, -2, -2, 1, 2, 2, 1, 1, -2, -1, -2, 1, 1]"
889,dfs_bnb_mpi,0.086087,-6,7,23779,"[-1, -1, 2, -1, 2, -1, -2, -1, -2, -1, -2, 1, 1, 2, 1, -2, 1, 1, 1]"
890,dfs_bnb_mpi,0.390179,-7,8,114083,"[-1, -1, 2, 2, -1, -2, -2, -2, 1, -2, 1, 2, 1, 1, 2, 2, 2, -1, -2]"
891,dfs_bnb_mpi,0.164947,-7,8,45150,"[-1, -2, -1, 2, 2, 1, 2, -1, -1, -2, -1, -2, 1, -2, -1, -1, 2, 2, 2]"
892,dfs_bnb_mpi,0.119064,-6,7,35173,"[-1, -1, -1, 2, 1, 1, 2, 1, -2, 1, -2, -2, -1, -1, -2, 1, 1, 1, 2]"
893,dfs_bnb_mpi,1.42702,-8,9,367539,"[-1, -2, 1, -2, -2, 1, 2, 2, 1, 2, -1, 2, 2, -1, -2, -1, -1, 2, 1]"
894,dfs_bnb_mpi,1.43513,-5,6,389530,"[-1, -1, 2, 2, 2, 2, 2, 2, 2, 1, -2, -2, 1, 2, 1, 2, -1, 2, 2]"
895,dfs_bnb_mpi,0.502931,-6,7,152352,"[-1, -1, 2, 2, 2, 1, 1, -2, -1, -2, 1, 1, -2, -2, -1, -1, -2, -1, 2]"
896,dfs_bnb_mpi,0.00472,-6,7,1371,"[-1, -1, 2, 2, 1, -2, 1, 2, 2, 1, -2, -2, 1, -2, -1, -2, 1, 1, 2]"
897,dfs_bnb_mpi,0.06346,-7,8,17106,"[-1, -1, 2, 1, 2, 2, 2, -1, -2, -2, -1, 2, 2, -1, -2, -2, -2, 1, -2]"
898,dfs_bnb_mpi,5.27462,-8,9,1459291,"[-1, -1, 2, -1, -2, -2, -1, -2, -2, 1, -2, 1, 2, 1, 2, 2, -1, -2, -1]"
899,dfs_bnb_mpi,0.012792,-7,8,3695,"[-1, -1, 2, -1, -2, -2, -2, 1, 2, 1, -2, 1, 2, 1, 2, 2, 2, 2, 2]"
900,dfs_bnb_mpi,4.69245,-7,8,1429972,"[-1, -1, 2, 1, 2, 1, 2, 1, -2, 1, -2, 1, 1, -2, -1, -1, -1, 2, -1]"
901,dfs_bnb_mpi,1.95346,-7,8,597975,"[-1, -2, -1, -1, -2, 1, 1, 1, 2, 1, 2, 1, 2, 2, 2, -1, -2, -2, -1]"
902,dfs_bnb_mpi,0.416067,-6,7,117239,"[-1, -1, 2, 1, 2, -1, 2, 1, 2, -1, -1, -2, -1, -2, 1, -2, -1, -1, 2]"
903,dfs_bnb_mpi,0.067369,-5,6,19075,"[-1, -1, 2, 1, 2, -1, -1, -2, -1, -1, -2, 1, 1, -2, 1, 1, 1, 1, 2]"
904,dfs_bnb_mpi,0.040044,-6,7,12340,"[-1, -1, 2, 1, 1, 2, -1, -1, -1, -2, -1, 2, -1, -2, -2, 1, 1, -2, 1]"
905,dfs_bnb_mpi,5.4409,-4,5,1532875,"[-1, -1, 2, 2, 2, 2, 2, 2, 2, 2, 1, 2, -1, -1, 2, -1, -2, -2, 1]"
906,dfs_bnb_mpi,18.0986,-6,7,4982493,"[-1, -1, 2, 2, -1, -1, -2, 1, -2, -1, -1, -1, -2, 1, 1, -2, 1, 2, 1]"
907,dfs_bnb_mpi,29.4684,-5,5,6938174,"[-1, -1, 2, 2, 2, 2, 2, 2, 2, 2, 1, -2, -2, -2, -2, -2, -2, -2, 1]"
908,dfs_bnb_mpi,1.9981,-6,7,610847,"[-1, -1, 2, 2, -1, -2, -1, -1, -2, 1, 1, -2, -1, -2, 1, 1, 1, 2, -1]"
909,dfs_bnb_mpi,2.62495,-5,6,724321,"[-1, -1, 2, 2, 2, 2, 2, 2, 2, 1, 2, 1, -2, -2, -1, -2, -2, 1, 2]"
910,dfs_bnb_mpi,3.75059,-7,8,1101024,"[-1, -2, 1, 1, 2, 2, 2, 1, 2, 1, -2, 1, -2, -1, -2, -2, -1, 2, 2]"
911,dfs_bnb_mpi,1.03419,-6,7,319932,"[-1, -2, -1, -2, 1, -2, -1, -2, 1, 1, 1, 2, 2, 1, 2, -1, -1, -2, -2]"
912,dfs_bnb_mpi,0.207878,-6,6,54361,"[-1, -1, 2, 2, -1, -1, -2, 1, -2, -1, -2, 1, 1, 1, -2, -1, -1, -1, -1]"
913,dfs_bnb_mpi,0.321419,-6,7,98912,"[-1, -1, 2, 2, 1, -2, 1, 2, 2, -1, 2, 1, 1, -2, 1, -2, -1, -2, 1]"
914,dfs_bnb_mpi,1.2082,-6,7,324887,"[-1, -1, 2, 2, 2, 1, 2, -1, 2, -1, 2, -1, -1, -2, 1, -2, 1, -2, -1]"
915,dfs_bnb_mpi,0.774208,-7,8,195815,"[-1, -1, 2, -1, -2, -2, -1, -1, -2, 1, 1, 1, 2, 1, 1, -2, -1, -2, -1]"
916,dfs_bnb_mpi,20.2596,-5,6,4917394,"[-1, -1, 2, 2, 2, 2, 2, 2, 2, 1, -2, -2, -2, -2, 1, -2, -1, -2, 1]"
917,dfs_bnb_mpi,0.04827,-8,9,13321,"[-1, -2, 1, -2, 1, 2, 2, 1, 2, 2, -1, -2, -1, -1, 2, 1, 2, 1, 2]"
918,dfs_bnb_mpi,0.062539,-7,8,19098,"[-1, -1, -1, 2, 1, 1, 2, 1, 2, -1, 2, -1, -2, -2, -1, -1, 2, 1, 2]"
919,dfs_bnb_mpi,2.46097,-6,7,565042,"[-1, -2, -1, 2, -1, 2, 2, 2, 2, 1, 1, -2, -1, -2, -2, 1, 2, 1, 2]"
920,dfs_bnb_mpi,1.33439,-6,7,309891,"[-1, -1, 2, 1, 1, 2, -1, -1, 2, -1, -1, -2, 1, -2, -1, -2, 1, -2, 1]"
921,dfs_bnb_mpi,1.28206,-7,8,358124,"[-1, -2, -1, 2, 2, 2, -1, -1, 2, 1, 1, 2, 1, -2, 1, -2, -1, -2, 1]"
922,dfs_bnb_mpi,1.7575,-8,9,485549,"[-1, -2, -1, 2, -1, -2, -1, 2, -1, 2, 1, 1, 2, 1, 1, 1, -2, -1, -1]"
923,dfs_bnb_mpi,3.13144,-4,4,759061,"[-1, -1, 2, 2, 2, 2, 2, 2, 2, 1, -2, 1, 1, -2, -1, -1, -2, 1, 1]"
924,dfs_bnb_mpi,1.08063,-7,8,341395,"[-1, -1, 2, 1, 1, 2, 1, -2, -2, 1, -2, -1, -2, -1, -1, -1, 2, 1, 1]"
925,dfs_bnb_mpi,7.68231,-6,7,1774076,"[-1, -1, 2, 1, 1, 2, 2, -1, -2, -1, 2, -1, -1, -2, 1, -2, -1, -2, 1]"
926,dfs_bnb_mpi,1.07902,-5,6,268561,"[-1, -1, 2, 2, -1, -1, -1, -2, -1, -2, 1, 1, -2, -2, 1, 2, 2, 2, -1]"
927,dfs_bnb_mpi,1.17306,-6,7,373390,"[-1, -1, 2, -1, -1, -1, -2, 1, 1, -2, 1, 1, 1, -2, -1, -1, -1, -1, 2]"
928,dfs_bnb_mpi,0.076715,-6,7,20961,"[-1, -1, 2, 2, 1, -2, 1, 2, 1, 2, 1, 1, -2, -1, -2, -1, -2, 1, 1]"
929,dfs_bnb_mpi,0.416321,-6,6,119891,"[-1, -1, 2, 2, 2, -1, 2, 2, -1, -2, -2, -2, 1, -2, -1, -1, -2, 1, 1]"
930,dfs_bnb_mpi,3.10508,-6,7,988200,"[-1, -2, 1, 1, 2, 2, 1, 2, -1, -1, -2, -1, 2, 2, -1, -2, -2, -2, -2]"
931,dfs_bnb_mpi,1.26243,-6,7,296569,"[-1, -1, 2, -1, -1, 2, 2, 2, 2, 1, -2, -2, -2, 1, 2, 1, -2, -2, 1]"
932,dfs_bnb_mpi,7.66064,-6,7,2172779,"[-1, -1, 2, -1, 2, -1, -2, -1, -2, -2, -2, 1, 1, 1, 2, -1, 2, -1, -2]"
933,dfs_bnb_mpi,1.52803,-6,7,448697,"[-1, -1, 2, 2, 1, 2, -1, -1, 2, -1, -2, -1, -2, -2, 1, 2, 1, -2, -2]"
934,dfs_bnb_mpi,2.68981,-5,6,749254,"[-1, -1, 2, 2, 2, 2, 1, 1, 2, 1, -2, -2, -1, -2, -2, 1, -2, -2, -1]"
935,dfs_bnb_mpi,18.6575,-6,7,5145560,"[-1, -1, 2, 1, 2, 2, 2, 2, 2, 2, 1, -2, -2, -2, -2, 1, -2, -1, -2]"
936,dfs_bnb_mpi,0.832669,-4,5,252464,"[-1, -1, 2, 2, 1, -2, 1, 2, 2, 2, 1, -2, 1, 1, -2, -1, -1, -2, 1]"
937,dfs_bnb_mpi,0.056463,-7,8,15891,"[-1, -2, -1, 2, 2, 1, 1, 2, -1, 2, -1, -2, -1, -2, -2, -1, 2, 2, 2]"
938,dfs_bnb_mpi,0.148481,-7,7,47695,"[-1, -1, 2, 1, 1, 1, -2, 1, -2, -1, -2, 1, -2, -1, -1, 2, 2, -1, -1]"
939,dfs_bnb_mpi,7.62805,-6,7,2096127,"[-1, -1, 2, 2, -1, -2, -1, 2, 2, -1, -2, -1, -2, 1, -2, 1, 1, -2, -1]"
940,dfs_bnb_mpi,1.51696,-7,8,476527,"[-1, -2, 1, -2, 1, 2, 1, 2, -1, 2, 1, 2, 2, 2, -1, -2, -2, -1, -2]"
941,dfs_bnb_mpi,0.424016,-5,6,98210,"[-1, -1, 2, 2, 2, 1, 2, 1, -2, 1, -2, -1, -1, -2, 1, 1, 1, 2, 2]"
942,dfs_bnb_mpi,0.134526,-6,6,41878,"[-1, -1, 2, -1, -2, -1, 2, 2, 2, 2, 1, -2, -2, 1, 1, -2, 1, 2, 2]"
943,dfs_bnb_mpi,0.38409,-8,9,113839,"[-1, -1, 2, 1, 2, 2, -1, -2, -1, -2, -1, -2, 1, -2, -1, -2, 1, 1, 2]"
944,dfs_bnb_mpi,20.5501,-6,7,5001070,"[-1, -1, 2, 2, 1, 1, -2, 1, -2, 1, 2, 1, -2, -2, -1, -1, -1, -1, -1]"
945,dfs_bnb_mpi,0.17962,-6,7,49432,"[-1, -1, 2, 2, -1, 2, -1, 2, 1, 1, -2, 1, -2, -2, 1, 1, 2, -1, 2]"
946,dfs_bnb_mpi,0.038278,-7,8,11473,"[-1, -1, 2, -1, -2, -2, 1, -2, 1, 2, 1, 1, 2, 2, -1, -1, 2, -1, 2]"
947,dfs_bnb_mpi,0.742088,-7,8,214643,"[-1, -1, 2, 2, 2, -1, -2, -2, -1, 2, -1, -2, -1, -2, 1, 1, -2, 1, 2]"
948,dfs_bnb_mpi,1.79843,-6,7,535609,"[-1, -1, 2, 2, 1, -2, 1, 1, -2, -2, -1, -1, -1, -1, -1, 2, 2, 1, -2]"
949,dfs_bnb_mpi,4.4194,-7,8,1155092,"[-1, -1, -1, 2, 2, 2, 1, 1, 2, 1, -2, -2, 1, -2, -1, -1, 2, -1, -2]"
950,dfs_bnb_mpi,0.095727,-6,7,25027,"[-1, -2, -1, 2, -1, -2, -2, 1, -2, 1, 2, 1, 2, 1, 2, 2, 2, 2, 2]"
951,dfs_bnb_mpi,0.145721,-6,7,47149,"[-1, -1, 2, 1, 1, 1, -2, -2, -1, -2, 1, 1, -2, -1, -1, -1, 2, 2, -1]"
952,dfs_bnb_mpi,0.018645,-6,7,5235,"[-1, -1, 2, 2, -1, 2, 1, 1, -2, -2, 1, 1, 1, 2, 2, -1, -1, -2, 1]"
953,dfs_bnb_mpi,3.91496,-6,6,1144640,"[-1, -1, 2, 2, 2, -1, 2, -1, -2, -1, -2, 1, 1, -2, -2, -1, -2, 1, 1]"
954,dfs_bnb_mpi,0.286707,-6,7,81281,"[-1, -1, 2, 2, -1, 2, 1, 2, 1, -2, -2, -2, 1, 2, 2, 2, 1, -2, -2]"
955,dfs_bnb_mpi,1.49121,-4,5,409967,"[-1, -1, 2, 2, 2, 1, -2, 1, 2, 1, 2, -1, 2, -1, -2, -1, -1, -2, -2]"
956,dfs_bnb_mpi,0.824592,-6,7,256604,"[-1, -1, 2, 2, -1, -2, -2, -1, -2, 1, -2, 1, -2, 1, 2, 1, 2, -1, -1]"
957,dfs_bnb_mpi,0.216222,-5,6,52465,"[-1, -1, 2, 2, 2, 2, 2, 2, 1, -2, -2, -2, 1, 2, 2, 2, 2, 2, 2]"
958,dfs_bnb_mpi,0.417462,-6,7,112777,"[-1, -1, -1, -1, 2, 2, 2, 1, 1, 1, -2, -1, -1, -2, 1, 1, 1, 2, 2]"
959,dfs_bnb_mpi,0.025063,-6,7,7601,"[-1, -1, 2, 1, 2, 2, 1, -2, -2, 1, 1, -2, -1, -2, -2, -1, 2, -1, -1]"
960,dfs_bnb_mpi,0.140219,-4,5,42170,"[-1, -1, 2, 2, 1, 2, 2, 2, -1, -1, -2, 1, -2, -1, -2, -1, 2, 2, 2]"
961,dfs_bnb_mpi,0.038224,-6,7,11517,"[-1, -1, 2, 2, 1, -2, 1, 1, -2, -2, 1, 2, 2, 2, 2, -1, -1, -2, 1]"
962,dfs_bnb_mpi,0.256553,-7,8,81568,"[-1, -1, 2, 1, 2, 1, 2, -1, 2, 1, 1, -2, 1, 1, -2, -1, -1, -2, -1]"
963,dfs_bnb_mpi,0.261007,-6,7,81314,"[-1, -1, 2, 2, -1, 2, 1, 2, 2, 1, -2, -2, 1, 1, -2, -1, -2, -1, 2]"
964,dfs_bnb_mpi,3.49739,-6,7,803534,"[-1, -1, 2, 2, 2, 2, 2, 1, 2, -1, 2, -1, -1, -2, 1, -2, -2, -1, 2]"
965,dfs_bnb_mpi,0.233657,-7,7,72468,"[-1, -2, -1, 2, -1, 2, 1, 1, 2, -1, -1, -1, -2, -2, -2, 1, -2, 1, 1]"
966,dfs_bnb_mpi,5.03781,-6,7,1512527,"[-1, -1, 2, 2, -1, 2, -1, -1, -2, 1, -2, 1, -2, -1, -1, -2, 1, 1, 1]"
967,dfs_bnb_mpi,0.052221,-7,8,14122,"[-1, -2, -1, -2, 1, -2, -2, 1, 2, 1, 2, -1, 2, 1, 2, 2, 2, 2, 2]"
968,dfs_bnb_mpi,0.076184,-6,7,22102,"[-1, -1, 2, 1, 1, 2, -1, 2, -1, -2, -1, -2, -2, -1, -1, -2, 1, 1, 1]"
969,dfs_bnb_mpi,0.03434,-7,8,9047,"[-1, -1, 2, 1, 1, 2, 1, 2, 1, -2, -2, -1, -2, -2, 1, 2, 1, 2, 2]"
970,dfs_bnb_mpi,2.98788,-6,7,670210,"[-1, -1, 2, 2, 2, 2, 2, -1, -2, -2, -2, -1, -2, 1, -2, -1, -1, -2, 1]"
971,dfs_bnb_mpi,3.82149,-6,7,1132824,"[-1, -1, 2, 2, -1, -1, -1, -2, 1, 1, -2, -1, -1, -1, -1, -2, 1, 1, 1]"
972,dfs_bnb_mpi,0.221616,-8,9,67605,"[-1, -2, -2, -2, 1, 2, 2, 1, 2, 1, 2, -1, 2, -1, -2, -1, -1, -2, -2]"
973,dfs_bnb_mpi,0.198451,-8,9,60624,"[-1, -1, 2, -1, 2, 1, 2, 1, -2, -2, 1, 2, 1, 1, 2, -1, -1, 2, -1]"
974,dfs_bnb_mpi,0.037453,-7,8,9029,"[-1, -1, 2, -1, 2, 1, 2, 2, 1, -2, -2, -2, 1, 2, 1, 2, -1, 2, 2]"
975,dfs_bnb_mpi,0.013815,-8,8,3665,"[-1, -2, 1, -2, 1, 1, 2, -1, 2, 1, 2, 1, -2, 1, 1, -2, -1, -1, -2]"
976,dfs_bnb_mpi,0.465986,-6,7,113358,"[-1, -1, 2, 2, 2, -1, -2, -1, -1, -2, -2, 1, 2, 1, -2, -2, 1, 1, 1]"
977,dfs_bnb_mpi,5.01123,-6,7,1443938,"[-1, -2, -1, 2, 2, 1, 1, 2, 2, 1, -2, -2, 1, 1, -2, -1, -1, -2, -1]"
978,dfs_bnb_mpi,0.182638,-6,7,55622,"[-1, -1, 2, 1, 2, -1, 2, 2, 1, -2, 1, 1, 1, -2, -2, -1, -1, 2, 1]"
979,dfs_bnb_mpi,1.29008,-5,6,416881,"[-1, -1, 2, 2, 2, -1, -2, -2, -1, -1, -2, -1, -1, -2, 1, 1, 1, 2, 1]"
980,dfs_bnb_mpi,0.787096,-7,8,240731,"[-1, -1, -1, 2, 2, 2, 1, -2, 1, 2, 2, 1, -2, -2, 1, -2, -1, -1, -1]"
981,dfs_bnb_mpi,3.66867,-6,7,1023307,"[-1, -1, 2, -1, -2, -2, 1, 1, 1, 1, 2, 2, 2, 2, -1, -2, -1, -2, 1]"
982,dfs_bnb_mpi,0.444454,-6,7,132751,"[-1, -1, -1, 2, 2, 1, -2, 1, 1, 1, 2, 2, -1, -2, -1, 2, -1, 2, 2]"
983,dfs_bnb_mpi,0.121416,-5,6,34841,"[-1, -1, 2, 2, 1, -2, 1, 2, 1, -2, -2, 1, 2, 1, -2, -2, -1, -1, -1]"
984,dfs_bnb_mpi,2.49572,-6,7,762094,"[-1, -1, 2, 2, 2, 2, 2, -1, -2, -2, -1, -2, -2, -1, -2, 1, 1, 2, 2]"
985,dfs_bnb_mpi,1.33693,-6,7,403482,"[-1, -1, 2, 1, 2, 2, 2, 2, 1, -2, -2, -2, 1, 1, -2, -2, -1, 2, -1]"
986,dfs_bnb_mpi,0.56527,-6,6,146676,"[-1, -1, 2, 2, -1, -1, 2, -1, -2, -2, 1, 1, -2, -1, -1, -1, 2, 2, 2]"
987,dfs_bnb_mpi,0.111048,-4,5,33562,"[-1, -1, 2, 1, 2, 1, 2, -1, -1, -2, -1, -2, -2, -2, 1, 1, 1, 1, 2]"
988,dfs_bnb_mpi,35.0369,-5,6,8229329,"[-1, -1, 2, 2, 2, 2, 2, -1, -2, -2, -2, -1, -1, -2, -2, 1, 2, 1, -2]"
989,dfs_bnb_mpi,1.14943,-5,6,358508,"[-1, -1, 2, 2, 2, -1, 2, -1, -2, -1, -2, 1, -2, -1, -2, 1, 1, 2, 2]"
990,dfs_bnb_mpi,0.538304,-7,8,145641,"[-1, -1, 2, 2, 2, 1, 1, 2, 1, 2, 1, -2, -2, -1, -2, -1, -2, -1, 2]"
991,dfs_bnb_mpi,0.239451,-8,9,73520,"[-1, -2, 1, 1, 2, 2, 1, -2, 1, 2, 2, 1, -2, -2, -2, -1, -2, -1, 2]"
992,dfs_bnb_mpi,10.5902,-6,7,2552394,"[-1, -1, 2, 2, 2, -1, -2, -2, -2, -1, 2, 2, 2, -1, -1, -2, -2, 1, 2]"
993,dfs_bnb_mpi,0.186362,-6,7,46324,"[-1, -1, 2, 2, 2, 2, 2, 2, 1, -2, -2, -2, -2, 1, 2, 1, 2, -1, 2]"
994,dfs_bnb_mpi,1.16451,-7,8,332315,"[-1, -1, -1, 2, 1, 2, -1, 2, 1, 2, 2, 1, -2, -2, 1, -2, -2, -1, 2]"
995,dfs_bnb_mpi,28.3402,-6,7,6404497,"[-1, -2, 1, 1, 1, 1, 2, 2, 2, 2, -1, -2, -1, -1, -2, 1, 1, -2, -1]"
996,dfs_bnb_mpi,0.571848,-4,5,180353,"[-1, -1, 2, 2, 1, -2, 1, 1, -2, 1, -2, -1, -1, -1, -1, -1, 2, 2, 2]"
997,dfs_bnb_mpi,19.4731,-6,7,5530901,"[-1, -1, 2, -1, -2, -2, -1, -1, -2, 1, 1, 1, 2, 1, 1, -2, -1, -2, -1]"
998,dfs_bnb_mpi,0.344188,-5,6,105155,"[-1, -1, 2, 1, 2, 2, 2, -1, -2, -2, -1, -2, -1, -1, -2, 1, 1, -2, 1]"
999,dfs_bnb_mpi,1.06775,-7,8,339541,"[-1, -2, -1, -2, 1, 1, 2, 1, 1, 2, -1, 2, 1, 1, -2, -2, -2, -1, -1]"
