protein_id,algorithm,time,score,checked,placed,hash
0,dfs_bnb_mpi,8.51637,-15,16,1975407,"[-1, -1, 2, 1, 2, 1, -2, 1, 2, 2, -1, 2, -1, -2, -1, -2, -1, -2, -1, 2, 2, 1, 2, 1]"
1,dfs_bnb_mpi,124.576,-15,16,27497387,"[-1, -1, 2, -1, -2, -1, -2, 1, 1, 1, 1, 1, -2, -1, -1, -1, -1, -1, -2, 1, 1, 1, 1, 1]"
2,dfs_bnb_mpi,46.0293,-15,16,10196476,"[-1, -1, 2, 2, 2, 2, 1, 1, 1, 1, -2, -1, -1, -1, -2, -2, 1, 2, 1, 1, -2, -2, -1, 2]"
3,dfs_bnb_mpi,23.8928,-16,17,5278419,"[-1, -1, 2, 2, 2, 2, 1, -2, 1, 2, 1, 1, -2, -1, -2, -1, -1, -2, 1, 1, -2, 1, 2, 2]"
4,dfs_bnb_mpi,164.853,-14,15,36349559,"[-1, -1, 2, 2, 2, 2, 2, 2, 1, -2, 1, 1, -2, -1, -1, -2, 1, 1, -2, -1, -1, -2, 1, 1]"
5,dfs_bnb_mpi,25.672,-15,15,5644038,"[-1, -1, 2, 2, 2, 2, 1, 1, 1, -2, 1, -2, -1, -1, 2, -1, -2, -2, 1, 1, 1, -2, -1, -2]"
6,dfs_bnb_mpi,100.283,-15,16,22747245,"[-1, -1, 2, 2, 2, 2, 1, 1, -2, 1, 2, 1, -2, -2, -2, -2, -1, 2, 2, -1, -2, -1, 2, 2]"
7,dfs_bnb_mpi,171.856,-14,14,37865358,"[-1, -1, 2, 2, 2, 2, 2, 1, 1, 1, -2, 1, -2, -1, -1, 2, -1, -2, -2, 1, 1, -2, -1, -1]"
8,dfs_bnb_mpi,81.2669,-15,16,20089980,"[-1, -1, 2, 2, 2, 2, 1, 2, 2, 1, 1, -2, -1, -2, 1, -2, -2, -2, -1, 2, 2, -1, -2, -2]"
9,dfs_bnb_mpi,16.9113,-15,15,3871238,"[-1, -1, 2, 2, 2, 2, 1, 2, 1, 1, -2, -1, -2, -1, -2, -2, 1, 2, 1, 2, 1, -2, -2, -1]"
10,dfs_bnb_mpi,110.033,-15,16,24946155,"[-1, -1, 2, 2, 2, 1, 2, 1, 1, -2, -1, -2, -1, -2, 1, 1, 2, 1, -2, -2, -1, -2, -1, -1]"
11,dfs_bnb_mpi,41.8187,-15,16,9491513,"[-1, -1, 2, 2, 1, -2, 1, 1, -2, 1, -2, -1, -1, -1, -1, -2, 1, -2, 1, 2, 1, 1, -2, -1]"
12,dfs_bnb_mpi,39.6565,-15,16,8982036,"[-1, -1, 2, 2, 2, 1, 2, 2, 1, -2, 1, 2, 1, -2, -2, -1, -1, -2, -1, -2, 1, 1, 2, 1]"
13,dfs_bnb_mpi,23.8152,-15,16,5768467,"[-1, -1, 2, 1, 1, 2, 1, 1, -2, -1, -2, 1, -2, -1, -1, -1, -1, -2, 1, -2, 1, 2, 1, 1]"
14,dfs_bnb_mpi,45.371,-15,16,10281960,"[-1, -1, 2, 1, 2, -1, -1, -1, -1, -2, 1, 1, -2, -1, -1, -2, -2, 1, 2, 1, -2, 1, 2, 1]"
15,dfs_bnb_mpi,49.0289,-15,16,11435249,"[-1, -1, 2, 2, 2, 2, 2, 1, 2, 1, -2, 1, -2, -1, -1, -2, 1, 1, -2, -2, -1, 2, -1, -2]"
16,dfs_bnb_mpi,75.4893,-15,16,18408804,"[-1, -1, 2, 2, 2, 2, 1, 1, 1, 1, -2, -1, -1, -2, 1, 1, -2, -2, -1, 2, -1, -1, 2, 2]"
17,dfs_bnb_mpi,36.0876,-15,16,8806196,"[-1, -1, 2, 2, 2, 1, -2, -2, 1, 1, 2, -1, 2, 2, -1, -1, 2, 1, 1, 2, 1, -2, -2, -2]"
18,dfs_bnb_mpi,103.869,-15,16,23235659,"[-1, -1, 2, 2, 2, 1, 2, 2, 1, 1, -2, 1, -2, -2, -2, -1, -1, -1, 2, 1, 1, 2, -1, 2]"
19,dfs_bnb_mpi,32.5688,-15,16,8123328,"[-1, -1, 2, 2, 2, 2, 1, -2, 1, -2, -1, -2, 1, 1, -2, -2, 1, 2, 2, 2, -1, 2, 2, -1]"
20,dfs_bnb_mpi,116.006,-15,16,25808630,"[-1, -1, 2, 2, 2, 2, 1, 1, -2, 1, 2, 1, -2, -2, -2, -2, -1, 2, 2, -1, -2, -1, 2, 2]"
21,dfs_bnb_mpi,103.824,-15,16,22713592,"[-1, -1, 2, 2, 2, 2, 2, 1, 1, 1, -2, 1, -2, -2, -1, 2, -1, 2, -1, -2, -2, 1, -2, -1]"
22,dfs_bnb_mpi,111.276,-15,16,24586296,"[-1, -1, 2, 1, 2, 2, 1, 2, 1, 1, 1, -2, -1, -1, -2, 1, 1, -2, -1, -2, -1, 2, -1, 2]"
23,dfs_bnb_mpi,109.157,-15,16,24389024,"[-1, -1, 2, 2, 1, 2, 2, 2, 1, 1, 1, -2, -1, -1, -2, 1, 1, -2, -2, -1, 2, -1, -2, -1]"
24,dfs_bnb_mpi,97.5662,-15,16,23758666,"[-1, -1, 2, 1, 1, 2, 1, -2, -2, 1, -2, -1, -1, -1, -1, -2, -2, 1, 2, 1, -2, 1, 2, 1]"
25,dfs_bnb_mpi,112.649,-15,16,25462774,"[-1, -1, 2, 2, 2, 1, 2, 2, 1, 1, -2, 1, -2, -2, -2, -1, -1, -1, 2, 1, 1, 2, -1, 2]"
26,dfs_bnb_mpi,78.3461,-15,16,19943772,"[-1, -1, 2, 2, 2, 2, 2, 1, -2, 1, 1, -2, -1, -2, 1, 1, -2, -2, -1, 2, -1, -1, 2, 2]"
27,dfs_bnb_mpi,13.4096,-15,16,3352958,"[-1, -1, 2, 2, 2, 2, 2, 1, -2, 1, -2, -1, -2, -2, 1, 2, 1, 2, 2, 2, -1, 2, -1, -1]"
28,dfs_bnb_mpi,19.7705,-15,16,4583363,"[-1, -1, 2, 2, 1, -2, 1, 2, 2, 2, 1, 1, 1, -2, -1, -1, -2, 1, 1, -2, -1, -2, -1, 2]"
29,dfs_bnb_mpi,84.4675,-15,16,21067800,"[-1, -1, 2, 2, 2, 2, 1, 2, 1, -2, 1, 2, 1, -2, -2, -1, -2, -2, -1, 2, 2, -1, -2, -2]"
30,dfs_bnb_mpi,18.4269,-15,16,4499946,"[-1, -1, 2, 2, 2, 2, 2, 1, -2, -2, -2, -2, 1, 2, 1, 2, -1, 2, 1, 2, -1, 2, -1, -1]"
31,dfs_bnb_mpi,109.916,-15,16,25256182,"[-1, -1, 2, 2, 2, 2, 1, 1, 1, 1, -2, -1, -2, 1, -2, -2, -1, 2, -1, 2, 2, -1, -2, -2]"
32,dfs_bnb_mpi,59.0725,-15,16,14464713,"[-1, -1, 2, 1, 2, 2, 1, -2, -2, 1, 1, 2, -1, 2, 2, -1, -1, -1, -1, -2, 1, -2, -1, -2]"
33,dfs_bnb_mpi,44.1165,-15,16,9911125,"[-1, -1, 2, 2, 1, 2, 2, 2, 1, -2, 1, 2, 1, -2, -2, -1, -1, -2, 1, 1, -2, -1, -1, -1]"
34,dfs_bnb_mpi,97.8168,-15,16,23617185,"[-1, -2, 1, 1, 2, 2, 1, 1, 1, 1, -2, -1, -1, -1, -2, 1, 1, 1, -2, -1, -1, -1, -1, -1]"
35,dfs_bnb_mpi,17.9222,-15,16,4057448,"[-1, -1, 2, 2, 2, 2, 2, 1, 1, 1, -2, -1, -1, -2, 1, -2, -1, -2, 1, 1, 2, 2, 1, 2]"
36,dfs_bnb_mpi,196.614,-14,15,43782201,"[-1, -1, 2, 2, 2, 2, 1, 1, 1, 1, -2, -1, -1, -1, -2, 1, 1, 1, -2, -2, -1, 2, -1, -1]"
37,dfs_bnb_mpi,18.2401,-15,16,4147993,"[-1, -1, 2, 2, 2, 2, 1, 1, 1, 1, -2, -1, -1, -1, -2, -2, 1, 2, 1, 1, 1, -2, -1, -1]"
38,dfs_bnb_mpi,47.5252,-15,16,10865166,"[-1, -1, 2, 2, 2, 2, -1, -2, -2, -2, -2, -1, 2, 2, 2, 2, 2, 1, 1, 1, -2, -2, -2, -2]"
39,dfs_bnb_mpi,99.9356,-15,16,22254196,"[-1, -1, 2, 2, 1, 2, 2, 1, 2, 1, -2, 1, -2, -1, -1, -2, 1, 1, -2, -2, -1, 2, -1, -1]"
40,dfs_bnb_mpi,147.142,-15,16,33455821,"[-1, -2, 1, 1, 2, 2, 1, 1, 1, -2, -1, -2, 1, -2, -1, -2, -1, -1, -1, 2, 1, 1, 2, 2]"
41,dfs_bnb_mpi,97.7611,-15,15,22686525,"[-1, -1, 2, 2, 2, 2, 2, 1, 1, 1, 1, -2, -1, -2, -2, -2, -1, 2, 2, 2, -1, -2, -2, -2]"
42,dfs_bnb_mpi,62.102,-15,16,14853452,"[-1, -1, 2, 2, 2, 2, 1, 2, 1, -2, 1, 1, -2, -1, -1, -2, 1, 1, -2, -1, -1, -1, 2, 2]"
43,dfs_bnb_mpi,60.8956,-15,15,14754491,"[-1, -1, 2, 2, 2, 2, 1, 2, -1, 2, 1, 1, -2, 1, -2, -1, -2, 1, -2, -1, -2, -1, 2, 2]"
44,dfs_bnb_mpi,74.9036,-15,16,18288024,"[-1, -1, 2, 2, 2, 2, 1, 1, 1, 1, -2, -1, -1, -2, 1, 1, -2, -2, -1, 2, -1, -1, 2, 2]"
45,dfs_bnb_mpi,33.4807,-15,16,8193043,"[-1, -1, 2, 2, 2, 2, 2, 2, 1, -2, -2, -2, -2, -2, 1, 2, 1, 2, -1, 2, 1, 2, -1, 2]"
46,dfs_bnb_mpi,39.7794,-15,16,9532799,"[-1, -1, 2, 2, 2, -1, -2, -1, -2, 1, -2, -2, 1, 1, 1, 1, 2, 2, -1, -1, 2, 2, 1, -2]"
47,dfs_bnb_mpi,30.3659,-13,13,6730460,"[-1, -1, 2, 2, 2, 2, 2, 1, 1, 1, -2, -1, -1, -2, 1, 1, -2, -1, -1, -2, 1, 1, 1, 2]"
48,dfs_bnb_mpi,9.70876,-15,16,2195610,"[-1, -1, 2, 2, 2, 1, -2, -2, 1, 2, 2, 2, -1, -1, -1, -1, -2, 1, -2, -1, -2, 1, -2, -1]"
49,dfs_bnb_mpi,42.8815,-15,16,9824063,"[-1, -1, 2, 2, 2, 2, 1, -2, -2, 1, 2, 2, 2, 1, -2, 1, -2, -1, -2, 1, -2, -1, -1, -1]"
50,dfs_bnb_mpi,25.1168,-15,16,5653626,"[-1, -2, 1, 1, 2, 2, 1, 1, -2, -1, -2, 1, -2, -1, -1, -1, -1, -2, 1, 1, 1, -2, 1, 2]"
51,dfs_bnb_mpi,42.7891,-15,16,9718908,"[-1, -1, 2, 2, 2, 1, -2, -2, 1, 2, 1, 1, -2, -1, -2, 1, -2, -1, -1, -1, -2, 1, 1, 1]"
52,dfs_bnb_mpi,70.6725,-14,14,17937533,"[-1, -1, 2, 2, 2, 2, 2, 1, 1, 1, -2, -1, -1, -2, -2, 1, 2, 1, 1, -2, -1, -2, -1, -1]"
53,dfs_bnb_mpi,105.287,-15,16,23539524,"[-1, -1, 2, 2, 2, 2, 1, 2, 1, 1, 1, -2, -2, -2, -1, 2, 2, -1, -2, -1, -2, 1, -2, -1]"
54,dfs_bnb_mpi,66.6301,-15,16,16064571,"[-1, -1, 2, 1, 2, 2, 1, -2, -2, 1, 2, 2, 1, 1, -2, -1, -2, 1, -2, -1, -1, -2, -1, -1]"
55,dfs_bnb_mpi,56.1235,-15,16,14448189,"[-1, -1, 2, 2, 1, 2, 1, -2, 1, 2, 1, 1, -2, -1, -2, 1, -2, -1, -2, -1, 2, 2, -1, -1]"
56,dfs_bnb_mpi,99.3701,-15,16,22091772,"[-1, -1, 2, 2, 1, 2, 2, 1, 1, 2, 1, -2, -2, -1, -1, -2, 1, 1, -2, -2, -1, 2, -1, -1]"
57,dfs_bnb_mpi,102.05,-15,16,22393355,"[-1, -1, 2, 2, 1, -2, 1, 1, -2, 1, -2, -2, -2, -1, 2, 2, -1, -1, -1, -2, 1, 1, -2, -1]"
58,dfs_bnb_mpi,45.4669,-15,16,10067823,"[-1, -1, 2, 2, 2, 2, 1, 2, 1, 1, -2, -1, -2, -1, -2, -2, 1, 2, 1, 2, 1, -2, -2, -1]"
59,dfs_bnb_mpi,98.5889,-15,16,23465641,"[-1, -1, 2, 2, 1, 2, 2, 2, 1, 1, -2, -1, -2, -2, 1, 2, 1, -2, -2, -2, -1, 2, -1, -1]"
60,dfs_bnb_mpi,27.1425,-15,16,5993602,"[-1, -1, 2, 2, 2, 1, 2, 1, 1, 1, -2, -1, -1, -2, -1, -2, 1, 1, 2, 1, -2, -2, -1, -2]"
61,dfs_bnb_mpi,25.7728,-15,16,5790300,"[-1, -1, 2, 1, 2, 1, -2, 1, -2, -2, -1, -1, -1, -2, 1, 1, 1, 1, 2, 2, 2, 2, -1, 2]"
62,dfs_bnb_mpi,28.7589,-16,16,6590488,"[-1, -1, 2, 2, 2, 2, 1, -2, -2, 1, 2, 2, 1, 1, -2, -1, -2, 1, -2, -2, -1, 2, -1, -1]"
63,dfs_bnb_mpi,53.1257,-15,15,14042897,"[-1, -1, 2, 2, 2, 2, 2, 1, -2, -2, 1, -2, -1, -2, 1, 1, 2, 1, 2, -1, 2, 2, -1, -2]"
64,dfs_bnb_mpi,24.9969,-15,16,5586831,"[-1, -1, 2, 2, 1, -2, 1, 2, 1, 1, 1, -2, -2, -2, -1, 2, 2, -1, -2, -2, -1, -1, -1, -1]"
65,dfs_bnb_mpi,48.0069,-15,16,10696228,"[-1, -1, 2, 2, 2, 2, 1, 1, 1, 1, -2, -1, -1, -1, -2, -2, 1, 2, 1, 1, -2, -2, -1, 2]"
66,dfs_bnb_mpi,16.8401,-15,16,4008133,"[-1, -1, 2, 2, 2, 2, 1, -2, -2, -2, 1, 2, 2, 2, 1, -2, 1, -2, -1, -2, 1, -2, -1, -2]"
67,dfs_bnb_mpi,97.5395,-15,16,21594369,"[-1, -1, 2, 2, 2, 1, -2, -2, 1, 2, 1, -2, -2, 1, -2, -1, -1, -1, -1, -2, 1, 1, 1, 1]"
68,dfs_bnb_mpi,120.871,-15,16,26827107,"[-1, -1, 2, 2, 2, 2, 1, 1, 1, 1, -2, -1, -1, -1, -2, 1, 1, 1, -2, -2, -1, 2, -1, -1]"
69,dfs_bnb_mpi,51.4568,-15,16,11894723,"[-1, -1, 2, 2, 2, 1, 2, -1, 2, 2, 1, -2, 1, 1, -2, -1, -2, 1, -2, -2, -1, 2, -1, -2]"
70,dfs_bnb_mpi,48.0023,-15,16,11039674,"[-1, -1, 2, 2, 2, 2, 2, 1, -2, 1, 2, 2, 1, -2, -2, -2, -1, -2, 1, -2, -1, -1, 2, 2]"
71,dfs_bnb_mpi,43.0691,-15,16,9715703,"[-1, -1, 2, 2, 2, 1, -2, -2, 1, 2, 2, 2, 1, -2, -2, 1, -2, -1, -2, 1, -2, -1, -1, -1]"
72,dfs_bnb_mpi,12.979,-16,17,3102490,"[-1, -1, 2, 2, 2, 2, 1, 1, -2, -1, -2, -2, 1, 2, 1, 2, 2, 1, -2, -2, -2, -2, -1, 2]"
73,dfs_bnb_mpi,106.777,-15,16,24078338,"[-1, -1, 2, 1, 1, 2, 1, 1, -2, -1, -2, 1, -2, 1, -2, -1, -1, 2, -1, -1, -1, -2, 1, 1]"
74,dfs_bnb_mpi,20.2606,-15,16,4770548,"[-1, -1, 2, 2, 2, 2, 2, 1, 1, 1, -2, -1, -1, -2, -2, 1, 2, 1, 1, -2, -1, -2, -1, -1]"
75,dfs_bnb_mpi,42.2771,-15,16,9511467,"[-1, -1, 2, 2, 2, 2, 1, 1, 1, 1, 1, -2, -1, -1, -1, -1, -2, 1, 1, 1, -2, -1, -1, -1]"
76,dfs_bnb_mpi,38.2089,-16,17,9173897,"[-1, -1, 2, 2, -1, -2, -2, -1, 2, 2, 2, 2, 1, -2, 1, 2, 1, 1, -2, -1, -2, 1, -2, -1]"
77,dfs_bnb_mpi,100.971,-15,16,22288160,"[-1, -1, 2, 2, 2, 2, 1, 2, 1, -2, 1, -2, -1, -1, -2, 1, 1, 1, -2, -2, -1, 2, -1, -1]"
78,dfs_bnb_mpi,40.5357,-15,16,9036716,"[-1, -1, 2, 2, 2, 2, 2, 1, 1, 2, 1, -2, -2, -1, -1, -2, 1, -2, -1, -2, 1, 1, 2, 2]"
79,dfs_bnb_mpi,44.4771,-15,16,9874281,"[-1, -1, 2, 1, 2, 2, 1, 2, 1, -2, 1, -2, -1, -1, -2, 1, -2, 1, 2, 1, 2, 2, 2, -1]"
80,dfs_bnb_mpi,39.0761,-15,16,8814477,"[-1, -1, 2, 2, 2, 2, 2, 1, -2, 1, 1, 1, -2, -1, -1, -1, -2, -2, 1, 2, 1, 1, -2, -1]"
81,dfs_bnb_mpi,99.9561,-15,15,23333033,"[-1, -1, 2, 2, 2, 2, 1, 1, -2, 1, 1, -2, -2, -2, -2, -1, 2, 2, 2, -1, -2, -1, 2, 2]"
82,dfs_bnb_mpi,10.4619,-15,16,2422772,"[-1, -1, 2, 2, 1, -2, 1, 2, 2, -1, -1, -1, -2, -1, 2, -1, -2, -2, -2, 1, 2, 1, -2, -2]"
83,dfs_bnb_mpi,74.8106,-15,16,18347436,"[-1, -1, 2, 2, 2, 2, 2, 1, 2, 1, -2, 1, -2, -2, -1, -2, 1, -2, -1, -1, 2, 2, 2, 1]"
84,dfs_bnb_mpi,22.5965,-15,16,5503002,"[-1, -1, 2, 1, 2, 1, -2, 1, 2, 1, -2, -2, -1, -2, 1, -2, -1, -1, 2, -1, -1, -2, 1, -2]"
85,dfs_bnb_mpi,105.66,-15,16,24423134,"[-1, -1, 2, 2, 2, 2, 1, 2, 1, -2, 1, -2, -1, -2, 1, 1, -2, -2, -1, 2, -1, -1, 2, 2]"
86,dfs_bnb_mpi,102.6,-15,16,24778178,"[-1, -1, 2, 2, 2, 2, 2, 1, 1, 1, -2, -1, -1, -2, 1, 1, 1, -2, -1, -1, -1, -2, 1, 1]"
87,dfs_bnb_mpi,17.7561,-15,16,4071615,"[-1, -1, 2, 2, 2, 2, 1, 2, 1, -2, -2, -1, -2, -2, 1, 2, 1, 2, 2, 1, -2, -2, -2, -1]"
88,dfs_bnb_mpi,37.169,-15,16,9089082,"[-1, -1, 2, 1, 1, 1, -2, 1, -2, -1, -1, -1, -1, -2, 1, -2, -2, 1, 2, 2, 1, 1, -2, -1]"
89,dfs_bnb_mpi,40.3873,-15,16,9169948,"[-1, -1, 2, 2, 2, 1, 1, 1, 1, -2, -1, -1, -1, -2, 1, 1, 1, -2, -1, -2, -2, -1, 2, -1]"
90,dfs_bnb_mpi,47.8665,-15,16,11188474,"[-1, -1, 2, 1, 1, 1, -2, 1, -2, -1, -1, -1, -1, -1, -2, 1, 1, 1, 1, 1, -2, -1, -1, -1]"
91,dfs_bnb_mpi,18.593,-15,16,4247324,"[-1, -1, 2, 2, 2, 2, 1, 2, 1, -2, 1, -2, -1, -1, -2, -2, 1, 2, 1, 1, 2, 2, 2, -1]"
92,dfs_bnb_mpi,21.1187,-16,17,5150498,"[-1, -1, 2, 2, 2, 1, -2, -2, 1, 2, 2, 2, -1, -1, -1, -1, -2, 1, -2, -1, -2, -2, 1, 2]"
93,dfs_bnb_mpi,97.4344,-15,16,21836799,"[-1, -1, 2, 2, 2, 2, 1, 2, 1, 1, 1, -2, -2, -1, 2, -1, -2, -1, -2, 1, 1, -2, -1, -1]"
94,dfs_bnb_mpi,107.531,-15,16,24088975,"[-1, -1, 2, 2, 2, 2, 1, 1, 1, 1, -2, -1, -1, -1, -2, 1, 1, 1, -2, -2, -1, 2, -1, -1]"
95,dfs_bnb_mpi,196.272,-15,16,45950769,"[-1, -2, -2, -1, 2, 2, 2, 1, 2, -1, -1, -1, -2, -1, -2, -2, -2, 1, 1, 2, -1, 2, 1, 2]"
96,dfs_bnb_mpi,24.4685,-15,15,5472871,"[-1, -1, 2, 2, 2, 2, 1, 1, 1, -2, 1, -2, -1, -1, 2, -1, -2, -2, 1, 1, 1, -2, -1, -2]"
97,dfs_bnb_mpi,54.1784,-15,15,12591233,"[-1, -1, 2, -1, -1, -1, -2, 1, 1, -2, 1, 1, -2, -2, -1, 2, -1, -2, -1, -1, 2, 2, 1, -2]"
98,dfs_bnb_mpi,21.2179,-15,15,4970024,"[-1, -1, 2, 2, 2, 2, 1, 1, 1, -2, -1, -1, -2, -2, 1, 2, 1, -2, 1, 2, 2, 2, 2, -1]"
99,dfs_bnb_mpi,10.6579,-15,16,2380380,"[-1, -1, 2, 2, 2, 2, 1, 1, 1, -2, 1, -2, -1, -1, 2, -1, -2, -2, 1, 1, 1, -2, -1, -2]"
100,dfs_bnb_mpi,104.602,-15,16,23154365,"[-1, -1, 2, 1, 2, 2, 2, 2, 1, 1, -2, 1, -2, -1, -2, 1, -2, -2, -1, 2, -1, 2, 2, 2]"
101,dfs_bnb_mpi,32.1346,-15,16,7872659,"[-1, -1, 2, 2, 2, 1, 2, 2, 1, -2, -2, -2, -1, -2, 1, 1, 1, 2, -1, 2, 1, 2, -1, 2]"
102,dfs_bnb_mpi,74.1583,-15,16,18833195,"[-1, -2, 1, 1, 2, 2, 1, 1, 1, -2, -1, -1, -2, -2, -1, -1, -2, 1, 1, 1, 2, 2, 1, -2]"
103,dfs_bnb_mpi,81.5001,-15,15,20224573,"[-1, -1, 2, 2, 2, 2, 1, 2, 1, -2, -2, -2, 1, 2, 1, -2, -2, -2, -1, 2, -1, -1, 2, 2]"
104,dfs_bnb_mpi,18.7864,-15,16,4786112,"[-1, -1, 2, 2, 2, 2, 2, 1, -2, -2, 1, -2, -1, -2, 1, 1, 2, 2, 2, 1, 2, -1, -1, -2]"
105,dfs_bnb_mpi,100.347,-15,16,24452671,"[-1, -1, 2, 2, 2, 2, 2, 1, -2, 1, -2, 1, 2, 1, -2, -2, -2, -1, 2, -1, -2, -1, 2, 2]"
106,dfs_bnb_mpi,23.6392,-15,15,5313738,"[-1, -1, 2, 1, 1, 2, 2, -1, -2, -1, 2, -1, -1, -2, 1, -2, -1, -2, 1, -2, 1, 1, 1, 1]"
107,dfs_bnb_mpi,194.916,-14,15,43804800,"[-1, -1, 2, 2, 2, 2, -1, 2, -1, -1, -2, 1, -2, 1, -2, -1, -2, 1, -2, -1, -1, 2, 2, 2]"
108,dfs_bnb_mpi,41.0166,-15,16,9908846,"[-1, -1, 2, 2, 1, -2, 1, 2, 2, 2, 1, -2, -2, -2, -2, 1, 2, 1, 2, -1, 2, 2, 1, -2]"
109,dfs_bnb_mpi,102.665,-15,16,23283941,"[-1, -1, 2, 1, 2, 2, 2, -1, -1, -1, -2, -1, -2, -2, -2, 1, 1, 2, -1, 2, 1, 2, 1, -2]"
110,dfs_bnb_mpi,65.5564,-15,16,15935943,"[-1, -1, 2, 2, 2, 2, 2, 2, 1, 1, -2, -1, -2, -2, -2, 1, 2, 2, 1, -2, -2, -2, -1, -1]"
111,dfs_bnb_mpi,41.8589,-15,16,9481389,"[-1, -1, 2, 2, -1, -2, -2, -1, 2, 2, 2, 2, 1, -2, 1, 1, -2, -2, 1, 2, 2, 2, -1, -1]"
112,dfs_bnb_mpi,7.38249,-14,15,1696915,"[-1, -1, 2, 2, 2, 2, 2, 1, 1, -2, -1, -2, 1, -2, -1, -2, 1, 1, 2, 1, 2, -1, 2, 2]"
113,dfs_bnb_mpi,56.8826,-15,16,13415757,"[-1, -1, 2, 2, 2, 2, 1, 1, 1, 1, -2, -1, -1, -1, -2, 1, 1, 1, -2, -2, -1, 2, -1, -1]"
114,dfs_bnb_mpi,102.557,-15,16,23188995,"[-1, -1, 2, 1, 2, 2, 2, 1, 1, 1, -2, 1, -2, -2, -1, 2, -1, 2, -1, -2, -2, 1, -2, 1]"
115,dfs_bnb_mpi,57.4314,-16,17,13749660,"[-1, -1, 2, 2, 1, -2, 1, 2, 1, 1, -2, -1, -2, 1, -2, -2, -1, 2, -1, -1, -1, -2, 1, 1]"
116,dfs_bnb_mpi,98.1209,-15,16,23933810,"[-1, -2, 1, 1, 2, 2, 1, 1, -2, 1, -2, -1, -2, 1, -2, -1, -1, -1, -1, 2, 1, 1, 2, 2]"
117,dfs_bnb_mpi,41.2317,-14,15,9562895,"[-1, -1, 2, 2, 2, 2, 1, -2, -2, -2, 1, 2, 2, 2, 2, -1, -1, -1, -2, -2, -2, -2, -2, -1]"
118,dfs_bnb_mpi,97.8066,-15,16,22757290,"[-1, -1, 2, 2, 2, 2, 2, 1, 1, 1, -2, -2, 1, -2, -1, -2, -1, 2, 2, 2, -1, -2, -2, -2]"
119,dfs_bnb_mpi,22.4747,-15,16,5346728,"[-1, -1, 2, 2, 1, -2, 1, 2, 2, 2, 1, -2, -2, 1, -2, -1, -2, 1, 1, 2, 2, 2, -1, 2]"
120,dfs_bnb_mpi,24.2639,-15,16,5538054,"[-1, -1, 2, 1, 2, 2, 1, 1, -2, -1, -2, 1, -2, -2, -1, -1, -1, -1, 2, 2, 2, 1, 2, 2]"
121,dfs_bnb_mpi,40.5313,-15,16,9407254,"[-1, -1, 2, 2, 2, 1, 2, 1, -2, -2, -1, -2, 1, 1, 1, 2, -1, 2, 1, 2, -1, 2, -1, -1]"
122,dfs_bnb_mpi,102.491,-15,16,23161764,"[-1, -1, 2, 2, 2, 2, 1, 1, -2, 1, 1, -2, -2, 1, -2, -1, -1, 2, 2, -1, -2, -1, 2, 2]"
123,dfs_bnb_mpi,99.0543,-15,16,22445829,"[-1, -1, 2, 2, 2, 2, 1, 1, 1, 1, -2, -2, -2, -2, -1, 2, 2, 2, -1, -1, -2, 1, -2, -1]"
124,dfs_bnb_mpi,11.1987,-15,16,2723941,"[-1, -1, 2, 2, 2, 2, 1, 1, -2, -1, -2, -2, 1, 2, 1, 2, 1, -2, -2, -1, -2, -2, 1, 2]"
125,dfs_bnb_mpi,40.1002,-15,16,10138799,"[-1, -1, 2, 2, 2, 2, 2, 1, 1, 1, -2, -1, -1, -2, 1, 1, 1, -2, -1, -2, -1, 2, -1, -2]"
126,dfs_bnb_mpi,95.1746,-15,16,22992436,"[-1, -1, 2, 2, 2, 2, 2, 2, 1, 1, -2, 1, -2, -1, -2, 1, -2, -1, -2, -1, 2, 2, 2, 2]"
127,dfs_bnb_mpi,10.4391,-15,16,2411895,"[-1, -1, 2, 2, 2, 1, -2, -2, 1, 2, 2, 1, -2, 1, 2, 1, -2, -2, -2, -1, 2, -1, -2, -2]"
128,dfs_bnb_mpi,99.4141,-15,16,22237403,"[-1, -1, 2, 2, 2, 2, 1, 2, 1, 1, 1, -2, -2, -1, 2, -1, -2, -1, -2, 1, 1, -2, -1, -1]"
129,dfs_bnb_mpi,23.2395,-15,16,5609841,"[-1, -1, 2, 2, 1, -2, 1, 1, 2, -1, 2, 1, 2, -1, -1, -2, -1, 2, -1, -2, -1, -2, 1, -2]"
130,dfs_bnb_mpi,94.8681,-15,15,22984399,"[-1, -1, 2, 2, 2, 2, 2, 2, 1, 1, -2, 1, -2, -1, -2, 1, -2, -1, -2, -1, 2, 2, 2, 2]"
131,dfs_bnb_mpi,60.1625,-15,16,14562071,"[-1, -1, 2, 2, 2, 2, 1, 2, -1, 2, 1, 1, -2, 1, -2, -1, -2, 1, -2, -1, -2, -1, 2, 2]"
132,dfs_bnb_mpi,23.3546,-16,16,5771363,"[-1, -1, 2, 2, 1, -2, 1, 2, 2, 2, -1, -2, -1, 2, -1, -1, -2, -2, -2, -2, 1, 2, 2, 2]"
133,dfs_bnb_mpi,74.3615,-15,16,18219102,"[-1, -1, 2, 2, 2, 2, 2, 1, 1, 1, 1, -2, -1, -2, -1, -2, 1, -2, -1, -1, 2, 2, 2, 1]"
134,dfs_bnb_mpi,40.5767,-15,16,9324086,"[-1, -1, 2, 2, 2, 1, 1, -2, -1, -2, 1, 1, 2, 2, 1, -2, -2, -2, -1, -2, -1, -1, -2, 1]"
135,dfs_bnb_mpi,115.989,-15,16,26478762,"[-1, -1, 2, 2, 2, 2, 2, 2, 1, 1, -2, -2, 1, -2, -2, -2, -1, -1, 2, 1, 2, -1, 2, 2]"
136,dfs_bnb_mpi,45.7625,-15,16,10630282,"[-1, -1, 2, 2, 2, 2, 2, 1, -2, 1, 2, 2, 1, -2, -2, -2, -1, -2, 1, -2, -1, -1, 2, 2]"
137,dfs_bnb_mpi,42.4726,-15,16,11023537,"[-1, -1, 2, 2, 2, 2, 1, 1, -2, -1, -2, 1, 1, 2, 1, -2, 1, -2, -1, -2, -1, 2, -1, -1]"
138,dfs_bnb_mpi,100.095,-15,16,22389294,"[-1, -1, 2, 1, 1, 2, 1, -2, 1, -2, -1, -2, 1, -2, -1, -1, 2, -1, -1, -2, 1, -2, 1, 1]"
139,dfs_bnb_mpi,61.0975,-16,16,14430345,"[-1, -1, 2, 2, 2, 2, 1, 1, -2, 1, 2, 1, -2, -2, -2, -2, -1, 2, 2, -1, -2, -1, 2, 2]"
140,dfs_bnb_mpi,82.7644,-15,15,21111447,"[-1, -1, 2, 2, 2, 2, 2, 1, 1, 1, -2, -1, -1, -2, 1, 1, 1, -2, -1, -1, -1, -2, 1, 1]"
141,dfs_bnb_mpi,98.9311,-15,16,23831433,"[-1, -1, 2, 2, 1, 2, 2, 1, -2, 1, 2, 1, -2, -2, -2, 1, -2, -1, -1, 2, 2, -1, -2, -1]"
142,dfs_bnb_mpi,102.58,-15,16,24628187,"[-1, -1, 2, 2, 2, 2, 1, 1, -2, 1, 2, 2, 1, -2, -2, -2, -2, -1, 2, -1, -2, -1, 2, 2]"
143,dfs_bnb_mpi,34.0452,-15,16,8308003,"[-1, -1, 2, 2, 2, 1, -2, -2, 1, 1, 2, -1, 2, 2, 1, -2, 1, 2, 2, -1, -1, -1, -2, -1]"
144,dfs_bnb_mpi,103.201,-15,15,23536816,"[-1, -1, 2, 2, 2, -1, -2, -2, -2, -1, -1, 2, 1, 2, -1, 2, 1, 2, 1, 1, 1, -2, -2, -2]"
145,dfs_bnb_mpi,111.922,-15,16,24774907,"[-1, -1, 2, 2, 2, 1, 2, 2, 1, 1, 1, -2, -1, -1, -2, 1, 1, -2, -1, -1, -1, -2, 1, 1]"
146,dfs_bnb_mpi,31.1583,-15,16,7589608,"[-1, -1, 2, 2, 1, -2, 1, 2, 2, 2, 1, -2, -2, -2, -2, 1, 2, 1, 2, 2, 2, -1, -2, -2]"
147,dfs_bnb_mpi,26.1577,-15,16,6029314,"[-1, -1, 2, 2, 2, 2, 1, -2, -2, -2, 1, 2, 2, 2, 1, -2, 1, -2, -1, -2, 1, -2, -1, -2]"
148,dfs_bnb_mpi,108.486,-15,15,23797555,"[-1, -1, 2, 2, -1, -2, -2, -1, -1, -1, 2, 2, 2, 1, -2, -2, 1, 2, 2, 1, 1, 1, -2, -2]"
149,dfs_bnb_mpi,101.677,-15,16,22539589,"[-1, -1, 2, 2, 2, 2, 1, 2, 1, 1, -2, -1, -2, 1, 1, -2, -2, -1, 2, -1, -2, -1, 2, 2]"
150,dfs_bnb_mpi,105.017,-15,16,23315982,"[-1, -1, 2, 2, 2, 2, 1, 2, 1, 1, 1, -2, -1, -1, -2, 1, 1, -2, -1, -1, -2, -1, 2, 2]"
151,dfs_bnb_mpi,48.3871,-15,16,11400052,"[-1, -1, 2, 2, 2, 1, 2, 2, 1, -2, -2, 1, 2, 2, 1, -2, -2, -2, -1, -2, -1, 2, -1, -2]"
152,dfs_bnb_mpi,96.9302,-15,15,23567874,"[-1, -1, 2, 2, 2, 2, 2, 1, 1, 1, -2, -1, -1, -2, 1, 1, 1, -2, -1, -1, -1, -2, 1, 1]"
153,dfs_bnb_mpi,39.8565,-15,16,8992760,"[-1, -1, 2, 2, 2, 2, 2, 1, -2, 1, 2, 1, -2, -2, -1, -1, -2, -2, 1, 2, 1, 1, -2, -1]"
154,dfs_bnb_mpi,101.759,-15,16,23068353,"[-1, -1, 2, 2, 2, 2, 2, 1, 1, 1, -2, -2, -2, 1, -2, -1, -1, 2, 2, 2, -1, -2, -2, -2]"
155,dfs_bnb_mpi,46.6813,-15,15,11607892,"[-1, -1, 2, 2, 2, 2, 2, 2, 1, -2, -2, -2, 1, 2, 2, 1, -2, -2, -2, -2, -1, 2, -1, -2]"
156,dfs_bnb_mpi,17.3304,-15,16,3940823,"[-1, -1, 2, 2, 2, 2, 1, 2, 1, 1, -2, -1, -2, -1, -2, -2, 1, 2, 1, 2, 1, -2, -2, -1]"
157,dfs_bnb_mpi,41.5675,-15,16,9641155,"[-1, -1, 2, 1, 2, -1, 2, 1, 1, -2, -2, 1, 2, 2, 1, -2, -2, -2, -1, -2, -1, -1, -2, 1]"
158,dfs_bnb_mpi,21.3489,-15,15,5107804,"[-1, -1, 2, 2, 2, 2, 2, 1, -2, 1, 2, 1, -2, -2, -1, -1, -2, 1, 1, 1, -2, -1, -1, -1]"
159,dfs_bnb_mpi,74.9336,-15,16,19162054,"[-1, -1, 2, 2, 2, 2, 1, 1, 2, 1, -2, -2, -1, -2, 1, 1, -2, -2, -1, 2, -1, -1, 2, 2]"
160,dfs_bnb_mpi,100.966,-15,16,22753469,"[-1, -1, 2, 2, 1, -2, 1, 2, 1, 1, -2, -2, -2, -2, -1, -1, -1, -1, 2, 1, 1, 1, 2, 2]"
161,dfs_bnb_mpi,45.6978,-15,16,10483998,"[-1, -1, 2, 1, 2, 2, 1, 1, 1, 1, -2, -2, -1, 2, -1, -1, -2, 1, -2, 1, -2, -1, -1, -1]"
162,dfs_bnb_mpi,29.3563,-15,16,7245526,"[-1, -1, 2, 2, 2, 2, 1, 2, 1, -2, -2, -1, -2, 1, 1, 2, 2, 1, -2, -2, -2, -1, -1, -1]"
163,dfs_bnb_mpi,94.431,-15,16,21288944,"[-1, -1, 2, 2, -1, -2, -1, 2, 2, 1, 1, 2, 1, 1, 1, -2, -1, -1, -2, 1, 1, -2, -1, -1]"
164,dfs_bnb_mpi,155.385,-15,16,35058480,"[-1, -2, 1, 1, 2, 2, 1, 1, 1, -2, -1, -1, -2, 1, 1, -2, -1, -1, -1, -1, -2, 1, 1, 1]"
165,dfs_bnb_mpi,66.3278,-15,16,15403941,"[-1, -2, 1, 1, 2, 1, -2, 1, -2, -1, -1, -1, -1, -1, -2, 1, 1, 1, 1, 1, -2, -1, -1, -1]"
166,dfs_bnb_mpi,39.2633,-14,14,9745921,"[-1, -1, 2, 2, 2, 2, 2, 1, 1, -2, -1, -2, 1, 1, 1, -2, -1, -1, -1, -2, 1, 1, -2, 1]"
167,dfs_bnb_mpi,17.0059,-14,14,3801824,"[-1, -1, 2, 2, 2, 2, 2, 1, -2, 1, 2, 1, -2, -2, -1, -1, -2, -2, 1, 2, 1, -2, 1, 2]"
168,dfs_bnb_mpi,19.8104,-15,15,4512382,"[-1, -1, 2, 2, 2, 2, 2, 1, 1, 1, -2, -1, -1, -2, 1, -2, -1, -2, 1, 1, 1, 2, -1, 2]"
169,dfs_bnb_mpi,18.5671,-15,16,4210327,"[-1, -1, 2, 2, 1, 2, -1, -1, -2, -2, -2, -1, 2, 2, 2, 2, 1, 1, 1, 1, -2, -2, -2, -1]"
170,dfs_bnb_mpi,25.8462,-14,15,6214029,"[-1, -1, 2, 2, 2, 2, 1, -2, -2, -2, 1, 2, 2, 2, 2, -1, -1, -1, -2, -2, -2, -2, -2, -1]"
171,dfs_bnb_mpi,19.043,-15,16,4373875,"[-1, -1, 2, 2, 2, 2, 1, -2, -2, 1, 2, 2, 2, 1, 1, -2, -1, -2, 1, -2, -1, -2, -1, -1]"
172,dfs_bnb_mpi,27.2036,-15,16,6478504,"[-1, -1, 2, 2, 2, 1, 1, -2, -1, -2, 1, 1, 1, 2, -1, 2, 2, 2, -1, -2, -1, 2, -1, -2]"
173,dfs_bnb_mpi,143.382,-15,16,31775827,"[-1, -2, 1, 1, 1, -2, -2, -2, -2, -1, 2, 2, 2, -1, -1, -1, -2, 1, 1, -2, -2, -1, 2, -1]"
174,dfs_bnb_mpi,52.3886,-15,16,12055282,"[-1, -1, 2, 1, 2, 2, 1, -2, -2, 1, 2, 2, 1, -2, -2, -2, -1, -2, 1, -2, -1, -1, 2, -1]"
175,dfs_bnb_mpi,25.2201,-14,15,5607953,"[-1, -2, 1, 1, 2, 2, 1, 1, -2, -1, -2, 1, -2, -1, -1, -1, -1, -2, 1, 1, 1, 1, 1, 2]"
176,dfs_bnb_mpi,43.2343,-15,16,10454041,"[-1, -1, 2, 2, 2, 2, 1, -2, 1, -2, -1, -2, 1, 1, -2, 1, 2, 2, -1, 2, 1, 2, -1, -1]"
177,dfs_bnb_mpi,160.718,-15,16,38090593,"[-1, -2, -1, 2, 2, 2, -1, -2, -1, -2, 1, -2, -1, -1, 2, 2, 2, 1, 2, 1, 1, 1, -2, -2]"
178,dfs_bnb_mpi,43.0955,-15,16,9840983,"[-1, -1, 2, 2, 2, -1, -2, -1, -2, 1, -2, -1, -1, 2, 2, 2, 1, 2, 1, 1, 1, -2, -2, -2]"
179,dfs_bnb_mpi,93.2165,-15,16,20989673,"[-1, -1, 2, 1, 2, 2, -1, -2, -1, -2, -2, -2, -2, 1, 2, 1, -2, 1, 2, 1, 2, 2, -1, 2]"
180,dfs_bnb_mpi,41.1795,-15,16,10070338,"[-1, -1, 2, 2, 2, 1, 2, 2, 1, -2, -2, -2, -1, -2, 1, 1, 2, 2, 2, 2, 1, -2, -2, -2]"
181,dfs_bnb_mpi,145.452,-15,16,32759284,"[-1, -1, 2, -1, -1, -1, -2, 1, 1, -2, 1, 1, -2, -1, -1, -1, 2, -1, -2, -2, 1, 1, 1, 1]"
182,dfs_bnb_mpi,44.728,-15,16,10264465,"[-1, -1, 2, 2, 2, 2, 1, 2, 1, -2, 1, 1, -2, -1, -1, -1, -2, 1, 1, 1, -2, -1, -1, -1]"
183,dfs_bnb_mpi,99.3918,-15,16,22483383,"[-1, -1, 2, 2, 1, 2, 2, 1, 1, 1, -2, -2, 1, -2, -1, -2, -1, 2, 2, 2, -1, -2, -2, -1]"
184,dfs_bnb_mpi,135.336,-15,16,30649560,"[-1, -2, 1, 1, 2, 2, 1, 1, 1, -2, -2, -2, -2, -1, 2, 2, 2, -1, -2, -2, -2, -1, 2, -1]"
185,dfs_bnb_mpi,39.8616,-15,16,9153098,"[-1, -1, 2, 2, 2, 1, 1, -2, -1, -2, 1, 1, -2, -2, -1, -2, -1, 2, -1, -2, -1, 2, 2, 2]"
186,dfs_bnb_mpi,46.6506,-15,16,10753418,"[-1, -1, 2, 2, 2, 2, 2, 2, 1, 1, -2, -1, -2, 1, -2, -1, -2, -2, 1, 2, 1, 2, 2, 2]"
187,dfs_bnb_mpi,39.8162,-14,14,9023316,"[-1, -1, 2, 2, 2, 2, 2, 1, 1, 1, -2, 1, -2, -1, -1, 2, -1, -2, -2, -2, 1, 2, 1, 1]"
188,dfs_bnb_mpi,42.5442,-15,16,9684206,"[-1, -1, 2, 2, 2, 2, 1, -2, 1, 2, 2, 1, -2, 1, -2, -1, -2, -1, -1, -2, 1, 1, 1, 2]"
189,dfs_bnb_mpi,74.9472,-15,16,19138870,"[-1, -1, 2, 2, 2, 2, 2, 1, 1, -2, -1, -2, 1, 1, 2, 1, -2, -2, -1, -1, -1, -2, 1, 1]"
190,dfs_bnb_mpi,47.5187,-15,16,10923946,"[-1, -1, 2, 2, 2, 2, 1, 2, 1, 1, -2, -1, -2, -1, -2, 1, 1, 2, 1, -2, -2, -1, -1, -1]"
191,dfs_bnb_mpi,45.0103,-15,16,10418897,"[-1, -1, 2, 2, 2, 2, 1, -2, 1, -2, -1, -2, 1, 1, 1, 2, -1, 2, 1, 2, -1, 2, -1, -2]"
192,dfs_bnb_mpi,96.1579,-15,16,21593797,"[-1, -1, 2, 1, 2, -1, -1, -1, -1, -2, -2, -2, -2, 1, 2, 2, 2, 1, -2, -2, -2, 1, 2, 1]"
193,dfs_bnb_mpi,44.7437,-15,16,9906582,"[-1, -1, 2, 2, 2, 2, 1, 1, 1, 2, 1, -2, -2, -1, -1, -1, -2, -2, 1, 2, 1, 1, -2, -1]"
194,dfs_bnb_mpi,141.675,-15,16,31864361,"[-1, -2, 1, 1, 2, 1, -2, 1, -2, -1, -2, 1, -2, -1, -2, -1, 2, 2, 2, -1, -1, -2, 1, -2]"
195,dfs_bnb_mpi,42.3599,-15,16,9807347,"[-1, -1, 2, 1, 2, 1, -2, 1, -2, -2, -1, -2, -2, -1, -1, 2, 1, 2, -1, -1, 2, 2, 2, 1]"
196,dfs_bnb_mpi,16.2052,-15,14,3952025,"[-1, -1, 2, 2, 2, 1, 1, 1, -2, -1, -1, -2, 1, 1, -2, -2, -2, -1, 2, -1, -1, -2, 1, -2]"
197,dfs_bnb_mpi,39.3282,-14,14,8867310,"[-1, -1, 2, 2, 2, 2, 2, 1, 1, 1, 1, -2, -1, -1, -1, -2, 1, 1, -2, -1, -1, -2, 1, 1]"
198,dfs_bnb_mpi,94.1463,-15,16,22817485,"[-1, -1, 2, 2, 2, 1, 2, 2, 1, 1, -2, 1, -2, -1, -2, 1, -2, -1, -1, -1, 2, 1, 2, 2]"
199,dfs_bnb_mpi,42.1503,-15,16,9543505,"[-1, -1, 2, 2, 1, -2, 1, 2, 1, 2, -1, -1, 2, 1, 1, 1, -2, -2, -2, -1, -2, 1, 1, 2]"
200,dfs_bnb_mpi,60.5502,-15,15,14530192,"[-1, -1, 2, 2, 1, -2, 1, 1, 2, 2, 2, 2, 2, -1, -2, -2, -1, 2, -1, -2, -2, 1, 1, -2]"
201,dfs_bnb_mpi,10.9029,-15,15,2498820,"[-1, -1, 2, 2, 2, 1, 1, -2, -1, -2, 1, 1, 2, 2, 2, -1, -1, -1, -1, -2, -2, -2, -2, -1]"
202,dfs_bnb_mpi,28.9176,-15,16,7134431,"[-1, -1, 2, 2, 2, 2, -1, -2, -2, -2, -2, -2, 1, 1, 1, 1, 2, 2, -1, 2, 2, -1, -2, -2]"
203,dfs_bnb_mpi,16.6495,-15,16,3729575,"[-1, -1, 2, 2, 2, 1, 1, 2, 1, 1, -2, -1, -2, -1, -1, -2, 1, 1, -2, 1, 2, 1, 2, -1]"
204,dfs_bnb_mpi,41.1807,-15,16,10283284,"[-1, -1, 2, 2, 2, 1, 2, 1, -2, 1, -2, -1, -1, -2, 1, 1, 1, 2, 2, 2, -1, 2, -1, -1]"
205,dfs_bnb_mpi,44.4138,-15,16,9837686,"[-1, -1, 2, 1, 2, 1, -2, 1, -2, 1, -2, -1, -1, -1, -1, -2, 1, -2, 1, 2, 1, 1, -2, -1]"
206,dfs_bnb_mpi,40.1977,-15,16,9783493,"[-1, -1, 2, 2, 2, 2, 1, -2, -2, -2, 1, 2, 2, 2, 2, 1, -2, 1, -2, -1, -2, 1, -2, -1]"
207,dfs_bnb_mpi,43.9736,-15,16,10198244,"[-1, -1, 2, 1, 2, -1, 2, 1, 1, -2, -2, 1, 2, 2, 1, -2, -2, -2, -1, -2, -2, -1, 2, -1]"
208,dfs_bnb_mpi,43.8514,-15,16,10001375,"[-1, -1, 2, 2, 2, 2, 1, -2, 1, 2, 1, 2, 1, -2, -2, -1, -2, -1, -1, -2, 1, 1, 1, 2]"
209,dfs_bnb_mpi,34.985,-15,16,8708968,"[-1, -1, 2, 2, 2, 2, 1, 1, -2, -1, -2, -2, 1, 2, 1, 2, 1, -2, -2, 1, -2, -1, -1, 2]"
210,dfs_bnb_mpi,11.9572,-15,16,2796127,"[-1, -1, 2, 1, 1, 1, -2, 1, -2, -1, -1, -1, -1, -2, 1, 1, 1, 1, 1, 2, 2, 2, -1, 2]"
211,dfs_bnb_mpi,31.4807,-14,14,8085510,"[-1, -1, 2, 2, 2, 2, 2, 1, -2, -2, 1, 2, 2, 1, -2, 1, -2, -1, -2, -1, -1, -2, 1, 1]"
212,dfs_bnb_mpi,44.8813,-15,16,10977322,"[-1, -1, 2, 1, 2, 2, 1, 2, 1, -2, -2, -1, -2, 1, -2, 1, 2, 2, 2, 2, 1, -2, -2, -2]"
213,dfs_bnb_mpi,49.7875,-15,16,11692266,"[-1, -1, 2, 1, 2, 2, 1, 1, 1, -2, -1, -1, -2, 1, 1, -2, -1, -2, 1, -2, -1, -1, 2, -1]"
214,dfs_bnb_mpi,178.213,-15,16,40309522,"[-1, -2, -2, -1, -1, -2, 1, 1, 1, 2, 2, 1, 2, 1, -2, -2, -1, -2, 1, -2, -1, -1, -1, -1]"
215,dfs_bnb_mpi,40.7497,-14,14,9567456,"[-1, -1, 2, 2, 2, 2, 2, 1, -2, 1, 2, 1, -2, 1, -2, -1, -1, -1, -2, -2, 1, 2, 1, 1]"
216,dfs_bnb_mpi,61.9537,-16,17,14682109,"[-1, -1, 2, 2, 2, 2, 1, 1, 1, 1, -2, -1, -2, 1, -2, -2, -1, 2, -1, 2, 2, -1, -2, -2]"
217,dfs_bnb_mpi,21.3348,-15,15,5078275,"[-1, -1, 2, 2, 2, 2, 2, 1, 1, 1, -2, -1, -1, -2, -2, 1, 2, 1, -2, 1, -2, -1, -1, -1]"
218,dfs_bnb_mpi,24.3137,-15,16,5450388,"[-1, -1, 2, 2, 2, 1, 1, 1, -2, -1, -1, -2, 1, 1, -2, -2, -1, -1, -1, -1, 2, 2, 2, 2]"
219,dfs_bnb_mpi,39.8831,-15,15,9605211,"[-1, -1, 2, 2, 2, 2, 1, -2, 1, -2, -1, -2, 1, 1, 2, 1, 2, -1, 2, 1, 2, -1, -1, -2]"
220,dfs_bnb_mpi,40.5667,-15,16,9155947,"[-1, -1, 2, 2, 2, 2, 1, 1, 1, 1, -2, -1, -1, -1, -2, -2, 1, 2, 1, 1, -2, -2, -1, 2]"
221,dfs_bnb_mpi,74.3297,-15,16,17544575,"[-1, -2, 1, 1, 2, 2, 1, 2, 1, -2, -2, -1, -2, 1, -2, -1, -1, -1, -1, -2, 1, 1, 1, 1]"
222,dfs_bnb_mpi,43.9176,-15,16,9895918,"[-1, -1, 2, 2, 1, -2, 1, 2, 1, 1, -2, -1, -2, 1, -2, -2, -1, 2, -1, -1, -1, -2, 1, 1]"
223,dfs_bnb_mpi,49.9717,-15,16,11597506,"[-1, -1, 2, 2, -1, 2, -1, -2, -2, 1, -2, -1, -1, 2, 2, 2, 2, 1, 1, 1, -2, 1, -2, -2]"
224,dfs_bnb_mpi,18.4651,-15,16,4220560,"[-1, -1, 2, 2, 2, 1, 2, -1, 2, 1, 1, 1, -2, -1, -2, -2, -1, -2, 1, 1, 2, 2, 1, 2]"
225,dfs_bnb_mpi,46.8233,-15,16,10862090,"[-1, -1, 2, 2, 2, 1, 1, 2, -1, 2, 1, 1, 1, -2, -1, -2, 1, -2, -1, -2, -1, 2, -1, -2]"
226,dfs_bnb_mpi,43.5222,-15,16,10012506,"[-1, -1, 2, 1, 2, 2, -1, -2, -1, -2, -2, -2, 1, 1, -2, -1, -1, -1, 2, 2, 2, 2, 2, 1]"
227,dfs_bnb_mpi,168.202,-14,14,37723392,"[-1, -1, 2, 2, 2, 2, 2, 1, 1, 1, 1, -2, -1, -1, -1, -2, 1, 1, -2, -1, -1, -2, 1, 1]"
228,dfs_bnb_mpi,57.2324,-15,16,13751233,"[-1, -1, 2, 2, 2, 2, -1, -2, -2, -2, -2, -2, 1, 1, 1, 1, 2, 2, 2, -1, -2, -1, 2, 2]"
229,dfs_bnb_mpi,44.0606,-15,16,10209907,"[-1, -1, 2, 2, 2, 2, 2, 1, -2, 1, 2, 1, -2, 1, -2, -1, -1, -1, -2, 1, 1, -2, -1, -1]"
230,dfs_bnb_mpi,43.7495,-15,16,10119502,"[-1, -1, 2, 2, 2, 1, 1, -2, -1, -2, 1, 1, 2, 2, 2, -1, -1, -1, -1, -2, -2, -1, -2, 1]"
231,dfs_bnb_mpi,100.812,-15,15,22727673,"[-1, -1, 2, 2, 2, 2, 1, 1, 1, 1, -2, -1, -2, 1, -2, -2, -1, 2, -1, 2, 2, -1, -2, -2]"
232,dfs_bnb_mpi,103.501,-15,15,23546228,"[-1, -1, 2, 2, 2, 2, 2, 2, 1, 1, -2, 1, -2, -2, -2, -1, -2, -1, 2, 2, 1, 2, -1, 2]"
233,dfs_bnb_mpi,99.2232,-15,14,23393095,"[-1, -1, 2, 2, 2, 2, 1, 1, 1, 1, -2, -1, -2, 1, 1, -2, -1, -1, -1, 2, 2, -1, -2, -2]"
234,dfs_bnb_mpi,38.8048,-15,16,9411060,"[-1, -1, 2, 2, 2, 1, 2, 2, 1, -2, -2, -2, -1, -2, 1, 1, 2, 1, 2, -1, 2, 2, 1, -2]"
235,dfs_bnb_mpi,7.60221,-14,15,1763900,"[-1, -1, 2, 2, 2, 2, 1, 1, 1, -2, -1, -1, -2, -2, 1, 2, 1, -2, 1, 2, 2, 2, 2, 2]"
236,dfs_bnb_mpi,67.6165,-15,16,16430828,"[-1, -1, 2, 2, 2, 2, 1, 2, 1, 1, -2, -1, -2, -1, -2, 1, 1, 2, 1, -2, -2, -1, -1, -1]"
237,dfs_bnb_mpi,97.4287,-15,16,23657127,"[-1, -1, 2, 1, 2, 1, -2, 1, 2, 1, -2, -2, -1, -2, -1, -1, -2, 1, 1, 1, 2, 1, 2, 2]"
238,dfs_bnb_mpi,166.883,-15,16,37300105,"[-1, -2, -1, 2, 2, 1, 2, -1, 2, -1, -1, -1, -2, 1, 1, -2, -1, -1, -2, 1, 1, -2, -1, -1]"
239,dfs_bnb_mpi,43.2405,-15,16,11042007,"[-1, -1, 2, 2, 2, 2, 1, -2, -2, -2, 1, 1, 2, -1, 2, 2, 2, -1, -1, -1, -2, -2, -2, -2]"
240,dfs_bnb_mpi,61.7495,-15,16,13944439,"[-1, -2, 1, 1, 1, -2, -1, -1, -1, -1, 2, -1, -2, -2, 1, -2, 1, 2, 1, 1, 1, -2, -1, -1]"
241,dfs_bnb_mpi,34.6118,-15,16,8024331,"[-1, -2, 1, 1, 2, 1, 1, 1, -2, -1, -1, -2, 1, 1, -2, -1, -1, -1, 2, -1, -1, -2, 1, -2]"
242,dfs_bnb_mpi,34.0496,-15,15,8120408,"[-1, -2, 1, 1, 2, 1, -2, 1, -2, -1, -1, -1, -1, -2, 1, 1, 1, 1, -2, -1, -1, -1, -2, 1]"
243,dfs_bnb_mpi,145.192,-15,16,34311850,"[-1, -2, 1, 1, 2, 2, 1, 1, -2, 1, -2, -2, -2, -1, -1, -1, -1, 2, 1, 1, 1, 2, -1, 2]"
244,dfs_bnb_mpi,112.174,-15,16,26869400,"[-1, -1, 2, 2, 2, 2, 2, 1, -2, 1, -2, 1, 2, 1, -2, -2, -2, -1, 2, -1, -2, -1, 2, 2]"
245,dfs_bnb_mpi,65.7498,-15,16,16594057,"[-1, -1, 2, 2, -1, -2, -2, -1, 2, 2, 2, 2, 1, 1, 1, 1, -2, -2, -2, -1, 2, 2, -1, -1]"
246,dfs_bnb_mpi,64.2879,-15,16,15414336,"[-1, -1, 2, 2, 1, 2, 2, 1, 1, 1, -2, -1, -1, -2, 1, 1, -2, 1, -2, -1, -1, 2, -1, -1]"
247,dfs_bnb_mpi,82.4219,-15,15,20159786,"[-1, -1, 2, 1, 2, -1, 2, 1, 2, -1, -1, -1, -1, -2, 1, -2, -1, -2, 1, -2, 1, 2, 2, 2]"
248,dfs_bnb_mpi,42.91,-15,16,9601882,"[-1, -1, 2, 2, 1, -2, 1, 2, 2, 1, 1, -2, -1, -2, 1, -2, -1, -2, 1, -2, -1, -1, 2, -1]"
249,dfs_bnb_mpi,18.435,-15,16,4217523,"[-1, -1, 2, 2, 2, 2, 1, -2, -2, -2, 1, 1, 1, 2, -1, -1, 2, 1, 1, 2, -1, 2, -1, -2]"
250,dfs_bnb_mpi,41.4875,-15,16,9281111,"[-1, -1, 2, 2, 2, 2, 1, -2, 1, 2, 1, 2, 1, -2, -2, -1, -2, -1, -1, -2, 1, 1, 1, 2]"
251,dfs_bnb_mpi,104.837,-15,16,24319357,"[-1, -1, 2, 2, 2, 2, 2, 1, 1, 1, -2, -2, 1, -2, -1, -2, -1, 2, 2, 2, -1, -2, -2, -2]"
252,dfs_bnb_mpi,120.589,-15,16,29495742,"[-1, -2, 1, 1, 2, 2, 2, 1, 1, 1, -2, -1, -1, -2, 1, 1, -2, -2, -1, 2, -1, -2, -1, -1]"
253,dfs_bnb_mpi,95.6778,-15,15,23198857,"[-1, -1, 2, 2, 2, -1, -2, -2, -2, -1, 2, -1, 2, 1, 2, -1, 2, 1, 1, 1, 1, -2, -2, -2]"
254,dfs_bnb_mpi,105.035,-15,15,24105600,"[-1, -1, 2, 2, 2, 2, 2, 1, 1, 1, -2, 1, -2, -1, -2, -2, -1, 2, 2, 2, -1, -2, -2, -2]"
255,dfs_bnb_mpi,9.42395,-15,16,2107608,"[-1, -1, 2, 2, 2, 1, 2, 1, 1, 1, -2, -1, -1, -2, -1, -2, 1, 1, 2, 1, -2, -2, -1, -2]"
256,dfs_bnb_mpi,9.3082,-15,16,2104708,"[-1, -1, 2, 2, 2, 2, 1, 1, 1, -2, 1, -2, -1, -1, 2, -1, -2, -2, 1, 1, 1, -2, -1, -2]"
257,dfs_bnb_mpi,97.4027,-15,16,22791783,"[-1, -1, 2, 2, 2, 1, 2, 2, 1, 1, 1, -2, -2, -2, -1, -2, -1, -1, 2, 1, 2, 2, 1, -2]"
258,dfs_bnb_mpi,93.3927,-15,16,22709542,"[-1, -1, 2, 2, 2, 1, 2, 2, 1, 1, -2, 1, -2, -1, -2, 1, -2, -1, -1, -1, 2, 1, 2, 2]"
259,dfs_bnb_mpi,93.5415,-15,16,23396776,"[-1, -1, 2, 2, 2, 2, 1, -2, 1, 2, 1, -2, -2, 1, -2, 1, -2, -1, -1, 2, -1, 2, -1, -2]"
260,dfs_bnb_mpi,23.2575,-15,16,5659463,"[-1, -1, 2, 2, 2, 2, 1, 2, 1, 1, -2, -1, -2, -1, -2, 1, 1, 2, 1, -2, -2, -1, -1, -1]"
261,dfs_bnb_mpi,61.9504,-15,16,14993272,"[-1, -1, 2, 1, 2, -1, 2, 1, 2, -1, -1, -1, -2, 1, -2, -2, -2, -1, -1, 2, 1, 2, -1, 2]"
262,dfs_bnb_mpi,44.8477,-15,16,10142657,"[-1, -2, -1, -2, 1, 1, 2, 1, 2, 1, -2, -2, -1, -2, 1, -2, -1, -1, 2, -1, -1, -2, 1, -2]"
263,dfs_bnb_mpi,135.586,-15,16,31251971,"[-1, -1, 2, -1, -1, -1, -2, 1, 1, -2, -2, 1, 2, 1, -2, -2, -1, -1, -1, 2, 2, -1, -2, -2]"
264,dfs_bnb_mpi,98.791,-15,16,23741408,"[-1, -1, 2, 1, 1, 2, 1, 1, 1, -2, -1, -1, -2, 1, 1, -2, -2, -1, 2, -1, -2, -1, 2, -1]"
265,dfs_bnb_mpi,102.743,-15,16,22861474,"[-1, -1, 2, 2, 2, 2, 1, 2, 1, -2, -2, 1, 1, -2, -2, -2, -1, 2, 2, -1, -2, -1, 2, 2]"
266,dfs_bnb_mpi,40.7366,-15,16,9152100,"[-1, -1, 2, 2, 2, 2, 1, 1, 1, 1, -2, -1, -1, -1, -2, -2, 1, 2, 1, 1, -2, -2, -1, 2]"
267,dfs_bnb_mpi,90.5045,-15,16,20217368,"[-1, -1, 2, 2, 2, 1, 2, 1, 1, -2, -1, -2, -1, -2, 1, 1, 2, 1, -2, -2, -1, -2, -1, -1]"
268,dfs_bnb_mpi,160.629,-15,15,35819369,"[-1, -2, -1, 2, 2, -1, -2, -2, -1, -1, 2, 1, 2, -1, 2, 2, 1, -2, 1, 2, 1, -2, 1, -2]"
269,dfs_bnb_mpi,104.614,-15,15,23305255,"[-1, -1, 2, 2, 2, 2, 2, 2, 1, 1, -2, 1, -2, -1, -2, 1, -2, -1, -2, -1, 2, 2, 2, 2]"
270,dfs_bnb_mpi,32.2775,-15,16,7950833,"[-1, -1, 2, 2, 1, 2, -1, 2, 2, 1, -2, 1, 2, 1, -2, 1, -2, -1, -1, -2, 1, -2, -1, -1]"
271,dfs_bnb_mpi,29.4403,-15,16,7351149,"[-1, -1, 2, 2, 2, 2, 1, -2, -2, -2, 1, 1, -2, -2, 1, 2, 2, 2, -1, 2, 2, -1, -2, -2]"
272,dfs_bnb_mpi,44.6986,-15,16,10083556,"[-1, -1, 2, 2, -1, -2, -2, -1, -1, 2, 1, 2, -1, 2, 1, 2, 1, -2, 1, 2, 1, -2, -2, -2]"
273,dfs_bnb_mpi,78.4649,-15,15,19050146,"[-1, -1, 2, 2, 2, 2, 2, 2, 1, -2, -2, 1, 2, 1, -2, -2, -2, -2, -1, 2, 2, -1, -2, -2]"
274,dfs_bnb_mpi,94.3312,-15,16,20934609,"[-1, -1, 2, 2, 2, 2, 2, 1, 1, 1, 1, -2, -1, -1, -1, -2, 1, 1, -2, -1, -1, -2, 1, 1]"
275,dfs_bnb_mpi,96.9672,-15,14,23768299,"[-1, -1, 2, 2, 2, 2, 2, 1, -2, 1, 2, 1, -2, -2, -2, 1, -2, -1, -1, 2, 2, -1, -2, -2]"
276,dfs_bnb_mpi,106.356,-15,16,23544447,"[-1, -1, 2, 2, 2, 2, 2, 1, 1, 1, -2, 1, -2, -1, -1, 2, -1, -2, -2, 1, 1, -2, -1, -1]"
277,dfs_bnb_mpi,41.1802,-15,16,9120544,"[-1, -1, 2, 2, 2, -1, -2, -2, -2, -1, 2, 2, 2, 2, 1, 1, 1, 1, -2, -1, -2, 1, -2, -1]"
278,dfs_bnb_mpi,20.8099,-15,16,5020029,"[-1, -1, 2, 2, 2, 1, 1, 1, -2, -1, -1, -2, 1, 1, -2, -2, -1, -1, -1, -1, 2, 2, 2, 2]"
279,dfs_bnb_mpi,110.484,-15,16,24280109,"[-1, -1, 2, 2, 1, 2, 1, 2, 2, 1, 1, -2, -1, -2, 1, -2, -2, -2, -1, 2, 2, -1, -2, -1]"
280,dfs_bnb_mpi,47.7742,-15,16,10551335,"[-1, -1, 2, 2, 2, 1, 2, 2, 1, -2, 1, -2, -1, -2, -1, -2, 1, 1, 2, 1, 2, 2, 2, -1]"
281,dfs_bnb_mpi,41.2497,-15,16,9169604,"[-1, -1, 2, 2, 2, 2, 1, 1, 1, 1, -2, -1, -1, -1, -2, -2, 1, 2, 1, 1, -2, -2, -1, 2]"
282,dfs_bnb_mpi,135.993,-15,16,30152581,"[-1, -1, 2, -1, -1, -1, -2, 1, 1, -2, 1, 1, -2, -2, -1, 2, -1, -1, 2, -1, -2, -2, 1, 1]"
283,dfs_bnb_mpi,44.3877,-15,16,9929740,"[-1, -1, 2, 2, 1, -2, 1, 2, 2, 1, -2, -2, -2, 1, 1, 2, -1, 2, 2, 2, -1, -1, -1, -2]"
284,dfs_bnb_mpi,91.8745,-14,15,20993269,"[-1, -1, 2, 2, 2, 2, -1, 2, -1, -1, -2, 1, -2, 1, -2, -1, -2, 1, -2, -1, -1, 2, 2, 2]"
285,dfs_bnb_mpi,99.9795,-15,16,22868294,"[-1, -1, 2, 2, 2, 2, 1, 2, 1, 1, 1, -2, -1, -2, 1, -2, -1, -1, -2, -1, 2, 2, 1, 2]"
286,dfs_bnb_mpi,109.544,-15,16,24850873,"[-1, -1, 2, 2, 1, 2, 2, 1, 2, 1, -2, 1, -2, -2, -2, -2, -1, 2, 2, 2, -1, -2, -2, -1]"
287,dfs_bnb_mpi,49.6916,-15,16,11784761,"[-1, -1, 2, 2, 2, 2, 2, 1, -2, 1, 2, 1, -2, 1, -2, -1, -1, -2, 1, -2, -1, -1, 2, 2]"
288,dfs_bnb_mpi,143.337,-15,16,35191916,"[-1, -2, -2, -1, 2, 2, 2, 2, -1, -2, -2, -2, -2, -1, 2, 2, 2, 2, 2, 1, 1, 1, -2, -2]"
289,dfs_bnb_mpi,54.868,-15,15,13226961,"[-1, -1, 2, 2, 2, 2, 2, 2, 1, 1, -2, -1, -2, 1, 1, -2, -1, -2, 1, -2, -1, -1, 2, 2]"
290,dfs_bnb_mpi,67.7287,-15,16,17300305,"[-1, -1, 2, 1, 2, 2, 1, 1, -2, -1, -2, 1, 1, 2, 2, 1, -2, -2, -2, -1, -1, -2, -1, -1]"
291,dfs_bnb_mpi,13.6396,-16,17,3278691,"[-1, -1, 2, 1, 2, 2, 1, -2, -2, 1, -2, 1, 2, 2, -1, 2, 1, 2, -1, -1, -1, -1, -2, -2]"
292,dfs_bnb_mpi,24.9803,-15,16,5660978,"[-1, -1, 2, 1, 1, 1, -2, -2, -1, -2, 1, -2, -1, -1, 2, 2, -1, -2, -2, -1, 2, 2, 2, 2]"
293,dfs_bnb_mpi,44.7346,-15,16,11583794,"[-1, -1, 2, 2, 2, 2, 2, 1, 1, 1, -2, -1, -1, -2, 1, 1, -2, 1, -2, -1, -1, 2, -1, -2]"
294,dfs_bnb_mpi,105.697,-15,16,23849855,"[-1, -1, 2, 2, 2, 2, 1, 1, 1, 2, 1, -2, -2, -2, -2, -1, 2, 2, -1, -1, -2, 1, -2, -1]"
295,dfs_bnb_mpi,10.0361,-15,16,2265613,"[-1, -1, 2, 2, 1, -2, 1, 2, 1, 1, -2, -1, -2, 1, -2, -2, -1, 2, -1, -2, -1, 2, -1, -1]"
296,dfs_bnb_mpi,33.757,-15,16,8417748,"[-1, -1, 2, 2, 2, 1, -2, -2, 1, 1, 1, 2, -1, -1, 2, 1, 2, -1, -1, -1, -1, -2, -2, -2]"
297,dfs_bnb_mpi,42.136,-15,16,10256958,"[-1, -1, 2, 2, 2, -1, -2, -1, -2, 1, -2, -1, -1, 2, 2, 2, 1, 2, 1, 1, 1, -2, -2, -2]"
298,dfs_bnb_mpi,58.9102,-15,16,14554522,"[-1, -1, 2, 1, 2, -1, 2, 1, 1, -2, -2, 1, 2, 2, 1, -2, -2, 1, -2, -1, -1, -2, -1, -1]"
299,dfs_bnb_mpi,60.0811,-15,16,13805069,"[-1, -2, 1, 1, 2, 2, 1, -2, 1, -2, -1, -2, -1, -1, -2, 1, 1, 1, 2, 1, 2, 2, 2, -1]"
300,dfs_bnb_mpi,41.1441,-15,16,9242153,"[-1, -1, 2, 1, 2, 1, -2, 1, -2, 1, -2, -1, -2, -1, 2, -1, -2, -1, 2, -1, 2, 2, 2, 1]"
301,dfs_bnb_mpi,33.3932,-15,16,8152770,"[-1, -1, 2, 2, 2, 1, -2, -2, 1, 1, 2, -1, 2, 2, -1, -1, 2, 1, 1, 1, -2, 1, -2, -1]"
302,dfs_bnb_mpi,73.5073,-15,16,17893470,"[-1, -1, 2, 2, 2, 2, 2, 1, -2, 1, 1, -2, -1, -1, -2, 1, 1, 1, -2, -2, -1, 2, -1, -1]"
303,dfs_bnb_mpi,41.5035,-15,16,9401632,"[-1, -1, 2, 2, 1, -2, 1, 2, 2, -1, -1, 2, -1, -2, -2, -1, -2, 1, -2, -1, -2, 1, 1, 1]"
304,dfs_bnb_mpi,41.4036,-14,15,9371512,"[-1, -1, 2, 2, 1, -2, 1, 2, 2, 2, 2, -1, -1, -1, -2, 1, 1, -2, -1, -1, -2, -2, -2, -1]"
305,dfs_bnb_mpi,41.3911,-15,15,9550684,"[-1, -1, 2, 2, 2, 2, 2, 2, 1, 1, -2, -1, -2, 1, -2, -1, -2, -2, 1, 2, 1, 2, 2, 2]"
306,dfs_bnb_mpi,188.037,-14,15,42542826,"[-1, -1, 2, 2, 2, 2, -1, 2, -1, -1, -2, -2, -2, -2, -2, 1, 1, 2, -1, 2, 1, 2, -1, 2]"
307,dfs_bnb_mpi,28.2903,-15,16,7035147,"[-1, -1, 2, 2, 2, 1, -2, -2, 1, 2, 1, 2, -1, 2, 1, 2, -1, -1, -2, -1, -1, -2, -2, -2]"
308,dfs_bnb_mpi,170.265,-15,16,38487364,"[-1, -2, -1, -2, 1, 1, 2, 1, -2, 1, -2, -2, -2, -1, 2, 2, -1, -1, -1, -2, 1, 1, -2, -1]"
309,dfs_bnb_mpi,49.6674,-15,16,11389728,"[-1, -1, 2, 2, 2, 1, 2, 2, 1, 1, -2, -1, -2, 1, -2, -1, -1, -2, 1, 1, 1, 2, 2, 2]"
310,dfs_bnb_mpi,41.2649,-15,16,9747820,"[-1, -1, 2, 2, 2, 2, 2, 1, -2, 1, 2, 1, -2, 1, -2, -1, -1, -1, -2, 1, 1, -2, -1, -1]"
311,dfs_bnb_mpi,58.6208,-15,16,13324132,"[-1, -2, 1, 1, 2, 1, -2, 1, -2, -2, -2, -1, 2, 2, -1, -1, -1, -2, 1, 1, -2, -1, -2, 1]"
312,dfs_bnb_mpi,40.4851,-15,16,10019002,"[-1, -2, 1, 1, 2, 1, -2, 1, -2, -1, -1, -1, -1, -2, 1, 1, 1, 1, -2, -1, -2, -1, 2, -1]"
313,dfs_bnb_mpi,27.6121,-15,16,6654015,"[-1, -1, 2, 2, 2, 2, 1, 1, -2, -1, -2, -2, 1, 2, 1, 2, 2, 1, -2, -2, -2, -2, -1, 2]"
314,dfs_bnb_mpi,33.3168,-15,16,8810369,"[-1, -1, 2, 2, 2, 2, 2, 1, 1, -2, -1, -2, 1, 1, 2, 1, -2, -2, -1, -2, -1, 2, -1, -2]"
315,dfs_bnb_mpi,167.073,-14,14,37635590,"[-1, -1, 2, 2, 2, 2, 2, 1, 1, 2, 1, -2, -2, -1, -1, -2, 1, 1, -2, -1, -1, -2, 1, 1]"
316,dfs_bnb_mpi,104.325,-15,14,24490550,"[-1, -1, 2, 2, 2, 2, 2, 1, -2, 1, 2, 1, -2, -2, 1, -2, -1, -1, 2, -1, -2, -2, 1, 1]"
317,dfs_bnb_mpi,15.5,-15,16,3981107,"[-1, -1, 2, 2, 2, 2, 1, -2, -2, -2, 1, 2, 2, 2, 1, -2, 1, -2, -1, -2, 1, -2, -1, -2]"
318,dfs_bnb_mpi,27.4582,-15,16,6613925,"[-1, -1, 2, 2, 1, -2, 1, 2, 2, 2, 1, -2, 1, -2, -1, -2, -2, 1, 2, 1, 2, 2, 2, -1]"
319,dfs_bnb_mpi,32.956,-15,16,8152529,"[-1, -1, 2, 2, 2, 1, -2, 1, 2, 2, -1, -1, 2, 1, 1, 2, 1, -2, -2, -2, -2, -2, -1, -1]"
320,dfs_bnb_mpi,22.9613,-15,15,5178591,"[-1, -1, 2, 2, 2, 2, 2, 1, -2, 1, 2, 1, -2, -2, -1, -1, -2, -2, 1, 2, 1, -2, -2, 1]"
321,dfs_bnb_mpi,50.4332,-15,16,11374093,"[-1, -2, -2, -2, 1, 2, 2, 1, 2, 1, 1, 1, -2, -1, -1, -2, -1, -2, 1, 1, 2, 1, -2, 1]"
322,dfs_bnb_mpi,24.0394,-15,15,5424601,"[-1, -1, 2, 2, 2, 1, 2, -1, 2, 1, 1, 1, -2, -1, -2, 1, -2, -1, -1, -2, 1, 1, -2, 1]"
323,dfs_bnb_mpi,100.261,-15,16,22628350,"[-1, -1, 2, 2, 1, 1, 1, 1, -2, -2, -2, -2, -1, -1, -1, -1, 2, 1, 1, 1, 2, 2, -1, -1]"
324,dfs_bnb_mpi,46.9892,-15,15,10697715,"[-1, -1, 2, 2, 2, 2, 2, 2, 1, 1, -2, -1, -2, 1, -2, -1, -2, -2, 1, 2, 1, 2, 2, 2]"
325,dfs_bnb_mpi,121.662,-15,16,27454572,"[-1, -1, 2, 1, 2, 1, -2, 1, 2, 2, 1, 1, -2, -1, -2, 1, -2, -2, -1, 2, -1, -2, -1, -1]"
326,dfs_bnb_mpi,107.216,-15,16,24228244,"[-1, -1, 2, 2, 2, 2, 2, 1, 1, 1, -2, 1, -2, -2, -1, 2, -1, 2, -1, -2, -2, 1, -2, -1]"
327,dfs_bnb_mpi,21.6631,-16,17,5317201,"[-1, -1, 2, 2, 1, -2, 1, 2, 1, 1, -2, -1, -2, 1, -2, -2, -1, 2, -1, -1, -1, -2, 1, 1]"
328,dfs_bnb_mpi,41.6976,-15,15,9702731,"[-1, -1, 2, 2, 2, 2, 2, 2, 1, 1, -2, -1, -2, 1, 1, -2, -1, -1, -2, 1, 1, -2, -1, -1]"
329,dfs_bnb_mpi,42.2069,-15,16,9483198,"[-1, -1, 2, 1, 2, 2, 2, 1, 1, 1, -2, 1, -2, -1, -1, 2, -1, -2, -2, 1, -2, 1, 2, 1]"
330,dfs_bnb_mpi,56.1638,-16,17,12593503,"[-1, -1, 2, 2, 2, 2, 1, 1, 1, 1, -2, -2, -2, -2, -1, 2, 2, 2, -1, -1, -2, 1, -2, -1]"
331,dfs_bnb_mpi,103.746,-15,15,23947582,"[-1, -1, 2, 2, 2, 2, 2, 2, 1, -2, 1, 1, -2, -2, -2, -2, -1, 2, 2, 2, -1, -2, -2, -2]"
332,dfs_bnb_mpi,165.25,-14,15,36880075,"[-1, -1, 2, 2, 2, 2, 2, 2, 1, 1, -2, 1, -2, -1, -2, 1, -2, -1, -2, -1, 2, 2, 2, 2]"
333,dfs_bnb_mpi,40.4603,-15,16,9130055,"[-1, -1, 2, 2, 2, 2, 2, 1, -2, -2, 1, 2, 2, 1, -2, -2, -2, -1, -1, -2, 1, 1, 1, 2]"
334,dfs_bnb_mpi,29.3488,-15,16,7105779,"[-1, -1, 2, 2, 2, 2, 1, 1, -2, -1, -2, -2, 1, 2, 1, 2, 2, 1, -2, -2, -2, -2, -1, 2]"
335,dfs_bnb_mpi,98.4377,-15,15,22771593,"[-1, -1, 2, 2, 2, 1, -2, -2, 1, 2, 2, 2, -1, -1, -1, -1, -2, 1, -2, -1, -2, 1, -2, -1]"
336,dfs_bnb_mpi,98.196,-15,16,21947128,"[-1, -1, 2, 2, 2, 2, 2, 1, 2, 1, -2, 1, -2, -1, -1, -2, 1, 1, -2, -1, -1, -2, 1, 1]"
337,dfs_bnb_mpi,101.242,-15,15,22678896,"[-1, -1, 2, 2, 2, 2, 1, 2, 1, -2, 1, -2, -2, 1, -2, -2, -1, 2, -1, 2, 2, -1, -2, -2]"
338,dfs_bnb_mpi,96.2126,-15,16,21583142,"[-1, -1, 2, 2, 2, 2, 1, 2, 1, -2, 1, 1, -2, -1, -1, -1, -2, 1, 1, 1, -2, -1, -1, -1]"
339,dfs_bnb_mpi,41.617,-15,16,9339752,"[-1, -1, 2, 2, 2, 2, 1, -2, 1, 2, 2, 1, -2, 1, -2, -1, -2, -1, -1, -2, 1, 1, 1, 2]"
340,dfs_bnb_mpi,175.256,-15,16,39256183,"[-1, -2, 1, 1, -2, 1, 1, -2, -1, -1, -1, 2, -1, -2, -2, 1, 1, 1, 1, -2, -1, -1, -1, -1]"
341,dfs_bnb_mpi,46.6995,-15,16,10694786,"[-1, -1, 2, 1, 2, 2, 1, 1, -2, -1, -2, 1, -2, 1, 2, 1, 2, -1, 2, 1, 2, -1, -1, -1]"
342,dfs_bnb_mpi,42.0835,-15,16,9472067,"[-1, -1, 2, 2, 1, -2, 1, 2, 2, -1, 2, 1, 1, 1, -2, -1, -2, 1, -2, -1, -2, 1, 1, 2]"
343,dfs_bnb_mpi,169.445,-15,16,37945849,"[-1, -2, -1, -2, 1, 1, 2, 1, 2, 2, 1, 1, -2, -1, -2, 1, -2, -2, -1, 2, -1, -2, -1, -1]"
344,dfs_bnb_mpi,66.0237,-15,15,15994416,"[-1, -1, 2, 2, 2, 2, 2, 2, 1, 1, -2, -1, -2, -2, -2, 1, 2, 2, 1, -2, -2, -2, -1, -1]"
345,dfs_bnb_mpi,47.2127,-15,16,10977633,"[-1, -1, 2, 2, 2, -1, -2, -2, -2, -1, 2, 2, 2, 2, 2, 1, -2, 1, 2, 1, -2, -2, -2, -2]"
346,dfs_bnb_mpi,86.8872,-15,16,21175100,"[-1, -1, 2, 2, 2, 2, 1, 1, 1, 1, -2, -1, -1, -2, 1, 1, -2, -2, -1, 2, -1, -1, 2, 2]"
347,dfs_bnb_mpi,18.6802,-15,16,4298442,"[-1, -1, 2, 2, 1, -2, 1, 2, 2, 1, -2, -2, -2, 1, 2, 2, 2, 2, -1, -1, 2, -1, -2, -2]"
348,dfs_bnb_mpi,24.1993,-15,16,5754090,"[-1, -1, 2, 2, 1, -2, 1, 2, 1, 1, -2, -1, -2, 1, -2, -1, -1, -1, -1, -2, 1, 1, 1, 1]"
349,dfs_bnb_mpi,94.4544,-15,16,21429242,"[-1, -1, 2, 2, 1, -2, 1, 2, 2, -1, 2, 1, 1, -2, 1, -2, -1, -2, 1, -2, -1, -2, -1, -1]"
350,dfs_bnb_mpi,95.0033,-15,16,21383327,"[-1, -1, 2, 2, 2, 2, 1, -2, 1, 1, 1, -2, -1, -1, -1, -2, 1, 1, 1, -2, -1, -2, -1, -1]"
351,dfs_bnb_mpi,16.6859,-14,14,3768819,"[-1, -1, 2, 2, 2, 2, 2, 1, 1, 1, -2, -1, -1, -2, 1, 1, -2, -1, -1, -2, 1, 1, 1, 2]"
352,dfs_bnb_mpi,85.8744,-15,15,20942050,"[-1, -1, 2, 2, 2, 2, 2, 2, 1, -2, 1, 1, -2, -2, -1, -2, 1, -2, -1, -1, 2, 2, 2, 1]"
353,dfs_bnb_mpi,99.9412,-15,16,22680311,"[-1, -1, 2, 2, 1, 2, 2, 2, 1, 1, 1, -2, -2, -2, -2, -1, 2, 2, 2, -1, -2, -2, -2, -1]"
354,dfs_bnb_mpi,65.0468,-15,16,15829068,"[-1, -1, 2, 1, 1, 1, -2, 1, -2, -1, -2, 1, -2, -1, -1, -1, 2, -1, -1, 2, 1, 1, 1, -2]"
355,dfs_bnb_mpi,20.0828,-15,15,4730475,"[-1, -1, 2, 2, 2, 1, -2, -2, 1, 2, 2, 1, -2, 1, -2, -1, -2, 1, -2, -1, -1, -1, -2, 1]"
356,dfs_bnb_mpi,29.0907,-15,16,7237662,"[-1, -1, 2, 2, 2, 2, 1, -2, -2, -2, 1, 1, 1, 2, -1, 2, 1, 2, -1, 2, -1, -2, -2, -2]"
357,dfs_bnb_mpi,106.76,-15,16,24185883,"[-1, -1, 2, 2, 2, 2, 2, 1, 2, 1, -2, 1, -2, -1, -1, -2, 1, 1, -2, -1, -1, -2, 1, 1]"
358,dfs_bnb_mpi,17.5541,-15,16,3977229,"[-1, -1, 2, 2, 1, -2, 1, 2, 2, 1, -2, -2, -2, 1, 2, 2, 2, 2, -1, -1, -1, -1, -2, 1]"
359,dfs_bnb_mpi,103.491,-15,16,23428753,"[-1, -1, 2, 1, 1, 2, 1, 1, -2, -2, -2, 1, -2, -1, -1, -1, -1, -1, 2, 1, 1, 1, 2, 2]"
360,dfs_bnb_mpi,102.852,-15,16,23214777,"[-1, -1, 2, 1, 2, 2, -1, 2, -1, -2, -1, 2, -1, -2, -2, 1, -2, -1, -2, 1, 1, 2, 2, 1]"
361,dfs_bnb_mpi,42.7116,-16,17,10421129,"[-1, -1, 2, 2, 2, 2, 1, 1, 1, 1, -2, -1, -1, -2, 1, 1, -2, -2, -1, 2, -1, -1, 2, 2]"
362,dfs_bnb_mpi,13.0156,-15,16,3136170,"[-1, -1, 2, 2, 2, 1, -2, -2, 1, 2, 2, 2, 2, -1, -2, -1, 2, -1, -2, -2, -2, -2, -2, -1]"
363,dfs_bnb_mpi,14.2884,-15,16,3214911,"[-1, -2, 1, 1, 2, 1, 1, 1, -2, -1, -1, -2, 1, 1, -2, -1, -1, -1, 2, -1, -1, -2, 1, -2]"
364,dfs_bnb_mpi,112.423,-15,16,25364893,"[-1, -1, 2, -1, -2, -1, -2, 1, -2, -1, -2, 1, 1, 2, 2, 1, 1, 1, -2, -1, -1, -2, 1, 1]"
365,dfs_bnb_mpi,61.1994,-15,16,14885721,"[-1, -1, 2, 1, 2, 2, -1, 2, -1, -2, -1, 2, -1, -2, -2, 1, -2, -1, -2, 1, 1, 2, 2, 1]"
366,dfs_bnb_mpi,100.938,-15,16,22868448,"[-1, -1, 2, 2, 2, 2, 1, 2, 2, 1, 1, -2, -1, -2, 1, -2, -1, -1, -2, 1, 1, -2, -1, -1]"
367,dfs_bnb_mpi,51.5365,-14,15,11679633,"[-1, -1, 2, -1, -1, -1, -1, -2, 1, 1, 1, -2, 1, 1, -2, -1, -1, -1, 2, -1, -1, -2, 1, -2]"
368,dfs_bnb_mpi,54.3777,-15,16,12463733,"[-1, -1, 2, 2, 2, 2, 2, 2, 1, -2, 1, 1, -2, -1, -1, -2, 1, 1, -2, -2, -1, 2, -1, -2]"
369,dfs_bnb_mpi,26.0777,-15,16,5865615,"[-1, -1, 2, 2, 2, 2, 2, 1, -2, -2, 1, 2, 2, 1, -2, -2, -2, -1, -1, -2, 1, 1, -2, 1]"
370,dfs_bnb_mpi,56.7118,-15,15,14396001,"[-1, -1, 2, 2, 2, 2, 2, 1, 1, 1, -2, -1, -1, -2, 1, 1, -2, 1, -2, -1, -1, 2, -1, -2]"
371,dfs_bnb_mpi,101.829,-15,16,22684819,"[-1, -1, 2, 2, 1, 2, 1, 2, 1, -2, 1, 2, 1, -2, -2, -1, -2, -2, -1, 2, 2, -1, -2, -1]"
372,dfs_bnb_mpi,99.6103,-15,16,23807853,"[-1, -1, 2, 1, 2, 2, -1, -1, -1, -2, -2, -2, -2, -2, 1, 1, 1, 2, -1, -1, 2, 2, 2, 1]"
373,dfs_bnb_mpi,34.9314,-15,16,7720504,"[-1, -2, 1, 1, 2, 1, 1, -2, -1, -2, 1, -2, -1, -2, -1, 2, 2, -1, -1, -2, 1, -2, -1, -1]"
374,dfs_bnb_mpi,39.8822,-15,16,9480222,"[-1, -1, 2, 2, 2, 2, -1, -2, -2, -2, -2, -2, 1, 1, 1, 1, 2, 2, -1, -1, 2, 2, 1, -2]"
375,dfs_bnb_mpi,46.7746,-15,16,11924213,"[-1, -1, 2, 2, 2, 1, 1, 2, 1, -2, -2, -1, -1, -2, 1, 1, -2, -2, 1, 2, 2, 2, 2, 2]"
376,dfs_bnb_mpi,107.2,-15,15,24382613,"[-1, -1, 2, 2, -1, -2, -2, -1, 2, -1, -2, -1, 2, 2, 2, 1, -2, 1, 2, 1, 1, 1, -2, -2]"
377,dfs_bnb_mpi,33.6015,-15,16,8524083,"[-1, -1, 2, 2, 2, 2, 2, 1, 1, 1, -2, -1, -1, -2, 1, 1, 1, -2, -1, -2, -1, 2, -1, -2]"
378,dfs_bnb_mpi,44.1543,-15,16,10176464,"[-1, -1, 2, 2, 2, 1, 2, 2, 1, 1, -2, -1, -2, 1, -2, -1, -1, -2, 1, 1, 1, 2, 2, 2]"
379,dfs_bnb_mpi,24.6834,-15,16,5567652,"[-1, -1, 2, 1, 1, 1, 1, -2, -1, -2, 1, -2, -1, -1, 2, -1, -1, -2, 1, -2, 1, 1, 1, 1]"
380,dfs_bnb_mpi,110.344,-15,16,24954770,"[-1, -1, -1, 2, 2, 1, -2, 1, 2, 2, -1, -1, -1, -2, -1, -2, 1, -2, -1, -2, 1, 1, 1, 1]"
381,dfs_bnb_mpi,11.6144,-15,16,2990184,"[-1, -1, 2, 1, 2, -1, -1, -2, -2, -2, -2, 1, 2, 1, -2, 1, 2, 1, 2, 2, -1, 2, 1, 2]"
382,dfs_bnb_mpi,91.2293,-15,16,22386957,"[-1, -1, 2, 2, 1, -2, 1, 2, 2, -1, -1, -1, -2, -1, -1, -2, -2, 1, 2, 1, -2, -2, 1, 1]"
383,dfs_bnb_mpi,96.9571,-15,16,21730518,"[-1, -1, 2, 2, 2, 2, 2, 1, 1, 1, -2, 1, -2, -2, -1, 2, -1, 2, -1, -2, -2, 1, -2, -1]"
384,dfs_bnb_mpi,100.331,-15,15,23511484,"[-1, -1, 2, 2, 2, 2, 1, 1, 1, 1, -2, -1, -2, 1, 1, -2, -1, -1, -1, 2, 2, -1, -2, -2]"
385,dfs_bnb_mpi,83.1077,-15,16,20435411,"[-1, -1, 2, 2, 2, 2, 2, 2, 1, 1, -2, -2, 1, -2, -1, -2, 1, -2, -1, -1, 2, 2, 2, 2]"
386,dfs_bnb_mpi,87.3957,-15,16,21381038,"[-1, -1, 2, 2, 2, 2, 1, 1, 1, 1, -2, -1, -1, -2, 1, 1, -2, -2, -1, 2, -1, -1, 2, 2]"
387,dfs_bnb_mpi,98.8683,-15,16,22275335,"[-1, -1, 2, 2, 1, 2, 2, 1, 1, 1, -2, 1, -2, -1, -2, -2, -1, 2, 2, 2, -1, -2, -2, -1]"
388,dfs_bnb_mpi,23.5528,-15,16,5301000,"[-1, -1, 2, 2, 2, 2, 1, -2, 1, 2, 1, -2, 1, -2, -1, -1, -1, -2, 1, 1, 1, -2, -1, -2]"
389,dfs_bnb_mpi,98.9559,-15,16,22376798,"[-1, -1, 2, 2, 2, 1, 2, 2, 1, 1, -2, 1, -2, -2, -2, -1, -1, -1, 2, 1, 1, 2, -1, 2]"
390,dfs_bnb_mpi,25.1563,-15,16,5692395,"[-1, -1, 2, 1, 1, 1, 1, -2, -1, -2, 1, -2, -2, -1, 2, -1, 2, -1, -1, -2, 1, -2, 1, -2]"
391,dfs_bnb_mpi,23.9862,-15,15,5425256,"[-1, -1, 2, 2, 1, -2, 1, 2, 1, -2, 1, -2, -1, -2, 1, -2, -1, -1, 2, -1, -1, -2, 1, -2]"
392,dfs_bnb_mpi,39.919,-15,16,9054994,"[-1, -1, 2, 2, 2, 1, -2, -2, 1, 2, 1, 1, -2, -1, -2, 1, -2, -2, -1, 2, -1, -1, -2, 1]"
393,dfs_bnb_mpi,9.99742,-15,16,2273810,"[-1, -1, 2, 2, 2, 1, -2, -2, 1, 2, 2, 2, -1, -1, -1, -2, -2, -2, -2, -1, 2, 2, 2, 2]"
394,dfs_bnb_mpi,81.7801,-15,16,20119772,"[-1, -1, 2, 1, 2, 1, -2, 1, 2, 2, 1, 1, -2, -1, -2, 1, -2, -2, -1, 2, -1, -2, -1, -1]"
395,dfs_bnb_mpi,34.6167,-15,16,8514925,"[-1, -1, 2, 2, -1, 2, -1, -2, -2, 1, -2, -1, -1, 2, 2, 2, 2, 1, 1, 1, -2, 1, -2, -2]"
396,dfs_bnb_mpi,65.7648,-14,15,17797919,"[-1, -1, 2, 2, 2, 2, 2, 1, 1, 1, -2, -1, -1, -2, 1, 1, -2, 1, -2, -1, -1, 2, -1, -2]"
397,dfs_bnb_mpi,109.486,-15,16,25331463,"[-1, -1, 2, 1, 2, -1, 2, -1, -2, -1, 2, -1, -2, -2, -2, -2, 1, 2, 2, 1, -2, -2, 1, 1]"
398,dfs_bnb_mpi,105.76,-15,16,23725439,"[-1, -1, 2, 2, 2, 2, 1, 2, 1, -2, 1, 1, -2, -2, -2, -1, 2, 2, -1, -1, -2, 1, -2, -1]"
399,dfs_bnb_mpi,142.027,-15,16,33951822,"[-1, -2, 1, 1, 1, -2, -1, -1, -1, -1, -2, 1, 1, 1, 1, -2, -2, -1, 2, -1, -2, -1, 2, -1]"
400,dfs_bnb_mpi,32.9071,-15,15,8348785,"[-1, -1, 2, 2, 2, 2, 1, -2, -2, 1, 2, 2, 2, -1, 2, 1, 1, -2, -2, -2, -2, -2, -1, -1]"
401,dfs_bnb_mpi,105.401,-15,15,23580142,"[-1, -1, 2, 2, 2, 2, 2, 1, 1, 1, -2, 1, -2, -2, -1, 2, -1, 2, -1, -2, -2, 1, -2, -1]"
402,dfs_bnb_mpi,211.224,-15,16,47072077,"[-1, -2, -1, -2, 1, 1, 2, 1, 2, 2, 1, 1, -2, -1, -2, 1, -2, -2, -1, 2, -1, -2, -1, -1]"
403,dfs_bnb_mpi,35.573,-15,16,8766057,"[-1, -1, 2, 2, 2, -1, -1, -2, 1, -2, -2, -1, 2, -1, 2, 2, 2, 1, 1, 1, 1, -2, -2, -2]"
404,dfs_bnb_mpi,76.1677,-15,16,19284875,"[-1, -1, 2, 2, 2, 2, 2, 1, -2, 1, 2, 1, -2, -2, 1, -2, -1, -2, -1, 2, 2, -1, -2, -2]"
405,dfs_bnb_mpi,25.6953,-16,16,6347643,"[-1, -1, 2, 2, 2, 2, 1, 1, -2, -1, -2, 1, 1, 2, 2, 1, -2, -2, -2, -2, -1, 2, -1, -1]"
406,dfs_bnb_mpi,35.0606,-15,16,8930549,"[-1, -1, 2, 2, 2, 2, 2, 1, -2, -2, 1, 2, 2, 1, -2, -2, 1, -2, -1, -2, -1, 2, -1, -2]"
407,dfs_bnb_mpi,111.856,-15,16,25128328,"[-1, -1, 2, 2, 2, 1, 2, 1, 1, 1, -2, 1, -2, -1, -1, 2, -1, -2, -1, -2, 1, 1, 1, 1]"
408,dfs_bnb_mpi,104.834,-15,15,24441106,"[-1, -1, 2, 2, 2, 2, 1, 1, -2, -2, 1, 2, 1, -2, 1, -2, -1, -2, -1, 2, -1, -1, 2, 2]"
409,dfs_bnb_mpi,104.051,-15,14,23630113,"[-1, -1, 2, 2, 2, 2, 2, 2, 1, 1, -2, 1, -2, -2, -2, -1, -2, -1, 2, 2, 1, 2, -1, 2]"
410,dfs_bnb_mpi,13.1506,-14,15,3034255,"[-1, -1, 2, 2, 2, 2, 1, 2, 1, 1, -2, -1, -2, -1, -2, -2, 1, 2, 1, 2, 1, -2, -2, -1]"
411,dfs_bnb_mpi,23.4953,-15,15,5595393,"[-1, -1, 2, 1, 1, 1, -2, 1, -2, -1, -1, -1, -1, -2, 1, 1, 1, 1, -2, -1, -1, -1, -2, 1]"
412,dfs_bnb_mpi,39.6117,-14,15,8950618,"[-1, -1, 2, 2, 2, 2, 1, 1, 1, 1, -2, -1, -1, -1, -2, -2, 1, 2, 1, 1, -2, -1, -2, 1]"
413,dfs_bnb_mpi,100.496,-15,16,23448797,"[-1, -1, 2, 2, 2, 2, 1, 1, -2, 1, 2, 1, -2, -2, -2, -2, -1, 2, 2, -1, -2, -1, 2, 2]"
414,dfs_bnb_mpi,95.3147,-15,15,23305441,"[-1, -1, 2, 2, 2, 2, 1, 2, 1, 1, -2, -1, -2, 1, 1, -2, -2, -1, 2, -1, -2, -1, 2, 2]"
415,dfs_bnb_mpi,53.5164,-15,16,14028562,"[-1, -1, 2, 1, 2, 2, 1, -2, -2, 1, 2, 2, 2, -1, -1, 2, -1, -2, -1, -2, 1, -2, -1, -2]"
416,dfs_bnb_mpi,25.0081,-15,16,5606551,"[-1, -1, 2, 1, 2, 1, -2, 1, 2, 1, -2, -2, -1, -2, 1, -2, -1, -1, 2, -1, -1, -2, 1, -2]"
417,dfs_bnb_mpi,98.2493,-15,16,22071857,"[-1, -1, 2, 2, 2, 2, 1, 1, 1, 1, -2, -1, -1, -1, -2, 1, 1, 1, -2, -2, -1, 2, -1, -1]"
418,dfs_bnb_mpi,10.2048,-15,16,2305888,"[-1, -1, 2, 2, 2, 1, -2, -2, 1, 2, 2, 1, 1, -2, -1, -2, 1, -2, -1, -2, -1, -1, -1, -1]"
419,dfs_bnb_mpi,173.801,-14,15,38551061,"[-1, -1, 2, 2, 2, 2, 2, 1, -2, 1, 1, 1, -2, -1, -1, -1, -2, 1, 1, 1, -2, -1, -1, -1]"
420,dfs_bnb_mpi,44.6517,-15,16,10059938,"[-1, -1, 2, 2, 2, 2, 2, 2, 1, 1, 1, -2, -1, -1, -2, -2, -2, -2, 1, 2, 2, 1, 2, -1]"
421,dfs_bnb_mpi,23.9159,-15,16,5752625,"[-1, -1, 2, 2, 2, 2, 1, -2, -2, -2, 1, 1, 2, 1, 2, -1, 2, 1, 2, -1, -1, -2, -2, -2]"
422,dfs_bnb_mpi,40.8831,-15,16,9323247,"[-1, -1, 2, 2, 2, 1, -2, -2, 1, 1, 1, 2, 2, -1, -2, -1, 2, 2, -1, -1, -1, -2, -2, -2]"
423,dfs_bnb_mpi,187.186,-15,16,41903414,"[-1, -2, -1, -1, -1, 2, 2, 2, 2, 2, 1, 1, 1, -2, -1, -1, -2, 1, 1, -2, -1, -1, -2, 1]"
424,dfs_bnb_mpi,23.907,-15,15,5341366,"[-1, -1, 2, 2, 2, 2, 2, 1, 1, 1, -2, -1, -1, -2, 1, 1, -2, -1, -1, -2, 1, 1, -2, 1]"
425,dfs_bnb_mpi,44.3523,-15,16,10701521,"[-1, -1, 2, 2, 1, -2, 1, 2, 2, 2, 1, -2, -2, -2, -2, 1, 2, 2, 2, 2, 1, -2, -2, -2]"
426,dfs_bnb_mpi,59.9101,-15,16,13421212,"[-1, -2, 1, 1, 2, 2, 1, 2, 1, -2, -2, -1, -2, 1, -2, -2, -1, 2, -1, -1, -1, -2, 1, 1]"
427,dfs_bnb_mpi,10.2885,-15,16,2396478,"[-1, -1, 2, 2, 2, 1, 1, -2, -1, -2, 1, 1, -2, 1, 2, 2, -1, 2, 1, 2, -1, -1, -1, 2]"
428,dfs_bnb_mpi,100.273,-15,16,22413871,"[-1, -1, 2, 2, 2, 2, 2, 1, -2, 1, 1, -2, -2, 1, -2, -2, -1, 2, -1, 2, 2, -1, -2, -2]"
429,dfs_bnb_mpi,102.863,-15,16,23071846,"[-1, -1, 2, 2, 1, 2, 2, 2, 1, 1, 1, -2, -2, -2, -2, -1, 2, 2, 2, -1, -2, -2, -2, -1]"
430,dfs_bnb_mpi,25.5271,-15,16,6118131,"[-1, -1, 2, 2, 2, 1, 2, 2, 1, -2, 1, -2, -1, -2, -1, -2, 1, 1, 2, 1, 2, 2, 2, -1]"
431,dfs_bnb_mpi,52.2845,-15,15,12310869,"[-1, -1, 2, 2, 1, 2, 2, 1, -2, -2, 1, 2, 2, 2, 1, -2, -2, -2, -2, -2, -1, 2, -1, -1]"
432,dfs_bnb_mpi,58.1769,-15,16,13962373,"[-1, -1, 2, 2, 2, 2, 1, -2, 1, 2, 1, 2, 1, -2, -2, -1, -2, 1, -2, -1, -1, 2, -1, -2]"
433,dfs_bnb_mpi,105.578,-15,16,23711051,"[-1, -1, 2, 2, 2, 2, 2, 1, -2, 1, 1, 1, -2, -1, -1, -1, -2, 1, 1, 1, -2, -1, -1, -1]"
434,dfs_bnb_mpi,46.364,-15,16,11470382,"[-1, -1, 2, 2, 2, 2, 2, 1, 1, -2, -1, -2, 1, 1, 2, 1, -2, -2, -1, -2, -1, 2, -1, -2]"
435,dfs_bnb_mpi,23.1134,-16,17,5710955,"[-1, -1, 2, 2, 2, 1, -2, -2, 1, 2, 2, 2, -1, -1, -1, -1, -2, -2, -2, -2, 1, 2, 2, 2]"
436,dfs_bnb_mpi,6.02168,-15,16,1442362,"[-1, -1, 2, 1, 1, 2, 1, -2, -2, -2, -1, -2, -1, 2, -1, -2, -1, 2, 2, 2, 2, 1, 1, 2]"
437,dfs_bnb_mpi,32.3544,-15,16,7924988,"[-1, -1, 2, 2, 2, 1, -2, -2, 1, 2, 1, 2, -1, 2, -1, -1, -1, -2, -2, -1, -2, -2, 1, 2]"
438,dfs_bnb_mpi,7.15548,-15,16,1737034,"[-1, -1, 2, 2, 2, 2, 1, -2, -2, -2, 1, 2, 2, 2, 1, 1, -2, -1, -2, 1, -2, -1, -2, 1]"
439,dfs_bnb_mpi,39.6244,-15,16,8897598,"[-1, -1, 2, 2, 2, 2, 1, 1, 1, 1, 1, -2, -1, -1, -1, -1, -2, -2, 1, 2, 1, 1, -2, -1]"
440,dfs_bnb_mpi,107.188,-15,16,23903368,"[-1, -1, 2, 1, 2, -1, -1, -2, -1, 2, -1, -2, -2, 1, 1, -2, 1, 1, -2, -1, -1, -1, 2, -1]"
441,dfs_bnb_mpi,30.4907,-14,14,6821498,"[-1, -1, 2, 2, 2, 2, 2, 1, 1, 1, -2, -1, -1, -2, 1, -2, -1, -2, 1, 1, 2, 1, 2, -1]"
442,dfs_bnb_mpi,51.0708,-15,16,13099736,"[-1, -1, 2, 2, 1, 2, 2, 1, 1, 1, -2, -1, -1, -2, 1, 1, -2, 1, -2, -1, -1, 2, -1, -1]"
443,dfs_bnb_mpi,58.6796,-16,17,12994265,"[-1, -1, 2, 2, 1, -2, 1, 2, 1, 1, -2, -2, -2, -2, -1, -1, -1, -1, 2, 1, 1, 1, 2, 2]"
444,dfs_bnb_mpi,9.84658,-15,16,2204344,"[-1, -1, 2, 2, 2, 2, 1, -2, 1, 2, 1, -2, 1, -2, -1, -1, -1, -2, 1, 1, 1, -2, -1, -2]"
445,dfs_bnb_mpi,41.845,-16,17,10017711,"[-1, -1, 2, 2, 2, 2, 1, 1, 1, 1, -2, -1, -1, -2, 1, 1, -2, -2, -1, 2, -1, -1, 2, 2]"
446,dfs_bnb_mpi,24.6243,-15,16,5451410,"[-1, -1, 2, 2, 1, -2, 1, 2, 1, -2, 1, 2, 1, -2, -2, -2, -1, 2, -1, -2, -1, -1, -1, -1]"
447,dfs_bnb_mpi,67.7346,-15,16,15094809,"[-1, -2, 1, 1, 1, -2, -1, -1, -1, -1, -2, 1, 1, 1, 1, -2, -1, -1, -1, -1, -2, 1, 1, 1]"
448,dfs_bnb_mpi,37.372,-15,16,9220304,"[-1, -1, 2, 2, 2, 2, 2, 2, 1, -2, -2, -2, -2, -2, 1, 2, 1, 2, -1, 2, 1, 2, -1, 2]"
449,dfs_bnb_mpi,97.034,-15,16,23704930,"[-1, -1, 2, 2, 1, 2, 1, 1, 1, 1, -2, -1, -2, 1, -2, -1, -2, -1, 2, 2, 2, -1, -2, -1]"
450,dfs_bnb_mpi,173.095,-15,16,40996467,"[-1, -2, -1, -2, 1, 1, 2, 1, 2, 1, -2, -2, -1, -2, -1, -1, -2, 1, 1, 1, 2, 1, 2, 2]"
451,dfs_bnb_mpi,9.43186,-15,16,2137723,"[-1, -1, 2, 2, 2, 2, 1, 1, 1, -2, 1, -2, -1, -1, 2, -1, -2, -2, 1, 1, 1, -2, -1, -2]"
452,dfs_bnb_mpi,33.5524,-15,16,8413335,"[-1, -1, 2, 2, 2, 2, 2, 1, 1, 1, -2, -1, -1, -2, 1, 1, 1, -2, -1, -2, -1, 2, -1, -2]"
453,dfs_bnb_mpi,102.195,-15,16,24523175,"[-1, -1, 2, 2, 2, 2, 1, 1, 1, 2, 1, -2, -2, -1, -2, 1, -2, -1, -1, 2, 2, -1, -2, -2]"
454,dfs_bnb_mpi,83.5342,-15,15,20891347,"[-1, -1, 2, 2, 2, 2, 2, 2, 1, 1, -2, -1, -2, 1, 1, -2, -2, -2, -1, 2, 2, -1, -2, -2]"
455,dfs_bnb_mpi,94.7697,-15,16,23300896,"[-1, -1, 2, 2, 2, 2, 1, 1, 1, 1, -2, -1, -1, -2, 1, 1, -2, -2, -1, 2, -1, -1, 2, 2]"
456,dfs_bnb_mpi,41.5448,-15,16,9200985,"[-1, -1, 2, 2, 2, 2, 2, 1, 1, 1, -2, 1, -2, -1, -1, 2, -1, -2, -2, 1, 1, -2, -1, -1]"
457,dfs_bnb_mpi,43.1592,-15,16,9858716,"[-1, -1, 2, 2, 2, 1, -2, -2, 1, 1, 2, -1, 2, 2, -1, -1, -1, -1, -2, -2, -2, 1, 2, 2]"
458,dfs_bnb_mpi,76.4304,-15,16,19255890,"[-1, -1, 2, 2, 2, 1, 2, 2, 1, 1, 1, -2, -1, -2, 1, -2, -1, -2, -1, -1, 2, 1, 2, 2]"
459,dfs_bnb_mpi,43.2913,-14,15,9646796,"[-1, -1, 2, 2, 1, -2, 1, 2, 1, 1, 1, -2, -1, -1, -2, 1, 1, -2, -1, -1, -1, -1, -1, -1]"
460,dfs_bnb_mpi,86.5549,-15,16,21839879,"[-1, -1, 2, 2, 2, 2, 2, 1, 1, -2, -1, -2, 1, 1, 2, 1, -2, -2, -1, -1, -1, -2, 1, 1]"
461,dfs_bnb_mpi,18.4039,-15,16,4228584,"[-1, -1, 2, 2, 2, 2, 2, 1, 1, 1, -2, -1, -1, -2, 1, -2, -1, -2, 1, 1, 2, 1, 2, -1]"
462,dfs_bnb_mpi,26.6875,-15,15,5954807,"[-1, -1, 2, 1, 2, -1, 2, 2, 1, -2, 1, 2, 1, -2, 1, -2, -1, -1, -2, 1, 1, -2, -1, -2]"
463,dfs_bnb_mpi,15.7843,-15,16,3862701,"[-1, -1, 2, 2, 2, 2, 1, -2, 1, -2, -1, -2, 1, 1, -2, -2, 1, 2, 2, 2, -1, 2, 2, -1]"
464,dfs_bnb_mpi,110.546,-15,16,24313173,"[-1, -1, 2, 1, 2, -1, -1, -1, -1, -2, 1, 1, -2, -1, -1, -2, 1, 1, 1, 1, -2, -1, -1, -1]"
465,dfs_bnb_mpi,46.1668,-15,16,10581744,"[-1, -1, 2, 2, 1, 1, 2, -1, 2, 2, 1, -2, 1, 2, 1, -2, -2, -1, -2, 1, -2, -1, -1, -1]"
466,dfs_bnb_mpi,43.695,-15,16,9975110,"[-1, -1, 2, 2, 1, -2, 1, 2, 2, -1, -1, -1, -2, -1, -1, -2, 1, 1, -2, -1, -2, 1, 1, 1]"
467,dfs_bnb_mpi,64.3577,-15,16,15224275,"[-1, -1, 2, 1, 2, 2, -1, 2, -1, -2, -1, 2, -1, -2, -2, 1, -2, -1, -2, 1, 1, 2, 2, 1]"
468,dfs_bnb_mpi,37.1068,-15,16,8993762,"[-1, -1, 2, 2, 2, 1, 1, -2, -1, -2, 1, 1, 2, 2, 2, 2, 2, -1, -2, -1, -1, -2, 1, 1]"
469,dfs_bnb_mpi,41.5647,-15,16,9284960,"[-1, -1, 2, 2, 2, 1, -2, -2, 1, 2, 1, -2, -2, -2, -1, -2, -1, 2, -1, -2, -1, 2, 2, 2]"
470,dfs_bnb_mpi,171.089,-14,14,37838281,"[-1, -1, 2, 2, 2, 2, 1, 2, 1, 1, -2, -2, 1, -2, -2, -1, 2, -1, -2, -1, 2, 2, 1, 2]"
471,dfs_bnb_mpi,21.2332,-15,16,5080165,"[-1, -1, 2, 2, 2, 2, 1, -2, -2, -2, 1, 2, 2, 2, 1, 1, -2, -1, -2, 1, -2, -1, -2, 1]"
472,dfs_bnb_mpi,74.0065,-15,16,18300000,"[-1, -1, 2, 2, 2, 2, 2, 1, 1, 1, -2, 1, -2, -1, -1, -2, 1, -2, -1, -1, 2, 2, 2, 1]"
473,dfs_bnb_mpi,13.9625,-15,15,3531317,"[-1, -1, 2, 2, 2, 2, 1, 1, -2, -1, -2, -2, 1, 2, 1, 2, 2, 2, 1, -2, -2, -2, -2, -1]"
474,dfs_bnb_mpi,108.784,-15,16,24480124,"[-1, -1, 2, 2, 2, 2, 2, 2, 1, 1, -2, 1, -2, -2, -2, -1, -2, -1, 2, 2, 1, 2, -1, 2]"
475,dfs_bnb_mpi,138.581,-15,16,31033249,"[-1, -2, 1, 1, 2, 1, -2, 1, -2, 1, -2, -1, -2, -1, 2, 2, -1, -1, -1, -2, 1, 1, -2, -1]"
476,dfs_bnb_mpi,173.076,-14,15,38988359,"[-1, -1, 2, 2, 2, 2, -1, -2, -1, -1, -2, 1, 1, -2, -1, -1, -2, -2, 1, 2, 1, -2, 1, 1]"
477,dfs_bnb_mpi,10.0604,-15,16,2299444,"[-1, -1, 2, 1, 2, -1, 2, 1, 1, 1, 1, -2, -1, -1, -2, 1, 1, -2, -1, -2, -1, -1, -1, -1]"
478,dfs_bnb_mpi,145.287,-15,16,32910332,"[-1, -2, 1, 1, 2, 2, 1, 1, -2, 1, -2, -1, -2, 1, -2, -1, -1, -1, -1, 2, 1, 1, 2, 2]"
479,dfs_bnb_mpi,21.735,-15,16,5230007,"[-1, -1, 2, 2, 2, 2, 1, 1, 1, 1, -2, -1, -1, -1, -2, 1, 1, 1, -2, -2, -1, 2, -1, -1]"
480,dfs_bnb_mpi,96.0668,-15,15,22415113,"[-1, -1, 2, 2, 2, 2, 2, 1, 2, 1, -2, 1, -2, -2, -2, -2, -1, 2, 2, 2, -1, -2, -2, -2]"
481,dfs_bnb_mpi,31.0553,-15,16,7795836,"[-1, -1, 2, 2, 2, 2, 1, 1, 1, 1, -2, -1, -1, -1, -2, 1, 1, 1, 1, -2, -1, -1, -1, -1]"
482,dfs_bnb_mpi,104.095,-15,16,23514556,"[-1, -1, 2, 1, 1, 2, 1, 1, -2, -1, -2, 1, 1, -2, -1, -1, -1, -1, -1, -2, 1, 1, 1, 1]"
483,dfs_bnb_mpi,99.1089,-15,16,22399297,"[-1, -1, 2, 2, 2, 1, 1, 2, 2, 1, -2, 1, -2, -1, -2, 1, -2, -2, -1, 2, -1, 2, -1, -2]"
484,dfs_bnb_mpi,23.9466,-15,16,5420173,"[-1, -1, 2, -1, 2, 1, 1, -2, 1, 2, 1, -2, -2, -2, -1, -2, -1, 2, -1, -2, -1, 2, 2, -1]"
485,dfs_bnb_mpi,38.7901,-15,16,9464318,"[-1, -1, 2, 2, 2, 2, 2, 1, 1, -2, -1, -2, -2, -2, 1, 1, 2, -1, 2, 1, 2, 1, 2, -1]"
486,dfs_bnb_mpi,99.6258,-15,16,24222916,"[-1, -1, 2, 1, 2, 2, -1, 2, -1, -2, -1, 2, -1, -2, -2, -2, -2, 1, 1, 2, -1, 2, 1, 1]"
487,dfs_bnb_mpi,65.2457,-15,16,15861396,"[-1, -1, 2, 1, 2, 1, -2, 1, 2, 1, -2, 1, -2, -1, -1, -2, 1, 1, -2, -1, -1, -1, 2, -1]"
488,dfs_bnb_mpi,105.864,-15,16,23981215,"[-1, -1, 2, 2, 2, 1, 2, 2, 1, 1, 1, -2, -1, -2, 1, -2, -1, -2, -1, -1, 2, 1, 2, 2]"
489,dfs_bnb_mpi,60.6964,-15,16,13502735,"[-1, -2, 1, 1, 2, 2, 1, -2, 1, 2, 1, -2, -2, -1, -1, -2, 1, 1, -2, -1, -1, -1, 2, -1]"
490,dfs_bnb_mpi,53.9515,-15,16,12492843,"[-1, -1, 2, 2, 2, 2, 1, -2, -2, 1, 2, 2, 1, 1, -2, -1, -2, 1, -2, -2, -1, 2, -1, -1]"
491,dfs_bnb_mpi,108.585,-15,16,24646997,"[-1, -1, 2, 2, 2, -1, -2, -1, -2, 1, -2, -1, -1, 2, 2, 2, 1, 2, 1, 1, 1, -2, -2, -2]"
492,dfs_bnb_mpi,86.0302,-15,16,20659053,"[-1, -1, 2, 2, 1, 2, 2, 1, 1, 1, -2, -1, -1, -2, 1, 1, 1, -2, -1, -2, -1, 2, -1, -1]"
493,dfs_bnb_mpi,43.5552,-15,16,9622701,"[-1, -1, 2, 2, -1, -1, -2, 1, -2, -1, -2, 1, 1, 1, 1, -2, -1, -2, -1, 2, -1, -1, -2, 1]"
494,dfs_bnb_mpi,68.8249,-15,16,16324450,"[-1, -1, 2, 1, 2, -1, -1, -1, -1, -1, -2, 1, 1, 1, -2, -1, -1, -1, -2, 1, 1, 1, 1, 1]"
495,dfs_bnb_mpi,40.7825,-15,16,9061607,"[-1, -1, 2, 2, 2, 2, 1, -2, 1, 2, 1, 2, 1, -2, -2, -1, -2, -1, -1, -2, 1, 1, 1, 2]"
496,dfs_bnb_mpi,46.359,-15,16,10375471,"[-1, -1, 2, 2, 1, -2, 1, 2, 2, 2, 1, -2, 1, -2, -1, -2, -2, 1, 2, 1, 2, 2, 2, -1]"
497,dfs_bnb_mpi,107.734,-15,15,25019991,"[-1, -1, 2, 1, 1, 2, 1, 1, -2, -1, -2, 1, -2, -2, -2, -1, 2, 2, -1, -1, -1, -2, 1, 1]"
498,dfs_bnb_mpi,60.0773,-15,16,14511942,"[-1, -1, 2, 2, -1, -2, -2, -2, 1, 1, -2, -1, -1, -1, 2, 2, 2, 2, 2, 1, 1, 1, -2, -2]"
499,dfs_bnb_mpi,99.6546,-15,16,24042578,"[-1, -1, 2, 2, 1, 2, -1, 2, 1, 2, 1, -2, 1, 1, -2, -2, -2, -1, 2, 2, -1, -2, -2, -1]"
500,dfs_bnb_mpi,47.1581,-15,16,11309887,"[-1, -1, 2, 2, 2, 1, 1, 2, -1, -1, 2, 1, 1, 2, 1, -2, -2, -2, -2, -2, -1, 2, -1, -2]"
501,dfs_bnb_mpi,102.734,-15,16,23673715,"[-1, -1, 2, 2, 2, 2, 2, 1, 2, 1, -2, 1, -2, -2, -2, -2, -1, 2, 2, 2, -1, -2, -2, -2]"
502,dfs_bnb_mpi,17.4992,-14,15,3957947,"[-1, -1, 2, 2, 1, -2, 1, 2, 2, 1, -2, -2, -2, 1, 2, 2, 2, 2, -1, -1, -1, -2, -1, 2]"
503,dfs_bnb_mpi,40.9088,-14,15,9250249,"[-1, -1, 2, 2, 1, -2, 1, 1, 2, -1, 2, 1, 2, -1, -1, -2, -1, 2, -1, -2, -2, -2, -2, -1]"
504,dfs_bnb_mpi,123.601,-15,16,27764170,"[-1, -1, -1, -1, 2, -1, 2, 2, 2, 1, 1, 1, 1, -2, -1, -1, -1, -2, 1, 1, 1, -2, -1, -1]"
505,dfs_bnb_mpi,19.1567,-15,15,4885780,"[-1, -1, 2, 2, 2, 2, 1, -2, 1, -2, -1, -2, 1, 1, -2, 1, 2, 1, 2, -1, -1, 2, 2, -1]"
506,dfs_bnb_mpi,55.0704,-15,16,14239315,"[-1, -1, 2, 1, 1, 2, 1, 1, -2, -1, -2, 1, -2, -1, -1, -1, -1, -1, -2, 1, 1, 1, 1, 1]"
507,dfs_bnb_mpi,61.1083,-15,16,14799400,"[-1, -1, 2, 2, 1, 2, 1, 2, -1, 2, 1, 1, 1, -2, -1, -2, 1, -2, -2, -1, 2, -1, -2, -1]"
508,dfs_bnb_mpi,49.4051,-15,16,11551187,"[-1, -1, 2, 2, 2, 2, 1, 2, 1, 1, 1, -2, -2, -1, 2, -1, -2, -2, 1, -2, -1, -1, 2, 2]"
509,dfs_bnb_mpi,33.7319,-15,16,8474228,"[-1, -1, 2, 2, 2, 2, 2, 1, 1, -2, -1, -2, 1, 1, 2, 1, -2, -2, -1, -2, -1, 2, -1, -2]"
510,dfs_bnb_mpi,50.2538,-15,16,11735322,"[-1, -1, 2, 2, 2, 1, 2, 2, 1, 1, 1, -2, -1, -1, -2, 1, 1, -2, -1, -2, -1, 2, -1, -2]"
511,dfs_bnb_mpi,42.6328,-15,16,9604297,"[-1, -1, 2, -1, -1, 2, 1, 1, 2, -1, 2, 1, 1, -2, 1, -2, -1, -2, 1, 1, 2, 2, 2, -1]"
512,dfs_bnb_mpi,26.4221,-15,16,6039082,"[-1, -2, -1, 2, 2, 1, 2, 2, -1, -2, -1, 2, -1, -1, -2, 1, -2, 1, -2, -2, -1, 2, -1, 2]"
513,dfs_bnb_mpi,21.6905,-15,16,5426344,"[-1, -1, 2, 2, -1, -2, -2, -2, -2, 1, 2, 1, -2, 1, 2, 1, 2, 2, 2, -1, -2, -1, 2, 2]"
514,dfs_bnb_mpi,111.349,-15,16,25355190,"[-1, -1, 2, 1, 2, 2, 1, 2, 1, -2, -2, 1, 2, 2, 1, -2, -2, -2, -1, -2, -1, 2, -1, 2]"
515,dfs_bnb_mpi,24.8973,-15,16,6045172,"[-1, -1, 2, 2, 2, 2, 1, 1, 1, -2, -1, -1, -2, -2, 1, 2, 1, 1, -2, -1, -2, 1, 1, 2]"
516,dfs_bnb_mpi,41.409,-15,16,9384698,"[-1, -1, 2, 2, -1, -2, -2, -1, 2, 2, 2, 2, 1, -2, 1, 2, 1, 1, -2, -1, -2, 1, -2, -1]"
517,dfs_bnb_mpi,28.1164,-16,17,6526420,"[-1, -1, 2, 2, 2, 2, 1, 1, 1, 1, -2, -1, -1, -1, -2, 1, 1, 1, -2, -2, -1, 2, -1, -1]"
518,dfs_bnb_mpi,144.16,-15,15,33381922,"[-1, -2, 1, 1, 2, 2, 1, 1, -2, -1, -2, 1, -2, -2, -2, -1, 2, 2, -1, -1, -1, -2, 1, 1]"
519,dfs_bnb_mpi,96.1424,-15,16,21740043,"[-1, -1, 2, 2, 2, 1, 2, 1, 1, 1, -2, 1, -2, -2, -1, 2, -1, 2, -1, -2, -1, -2, 1, 1]"
520,dfs_bnb_mpi,84.3916,-15,16,20544861,"[-1, -1, 2, 2, 2, 2, 1, 1, 1, 1, -2, -1, -1, -2, 1, 1, -2, -2, -1, 2, -1, -1, 2, 2]"
521,dfs_bnb_mpi,57.3405,-15,16,12985611,"[-1, -1, 2, -1, -1, -1, -2, 1, 1, -2, 1, 1, -2, -2, -1, 2, -1, -1, 2, -1, -2, -2, 1, 1]"
522,dfs_bnb_mpi,96.1355,-15,16,21656087,"[-1, -1, 2, 2, 2, 2, 1, 1, -2, 1, 2, 1, -2, -2, -2, -2, -1, 2, 2, -1, -2, -1, 2, 2]"
523,dfs_bnb_mpi,16.8572,-15,15,3791976,"[-1, -1, 2, 2, 2, 2, 1, 1, -2, -1, -2, -2, 1, 2, 1, 2, 1, -2, -2, -1, -2, -2, 1, 2]"
524,dfs_bnb_mpi,40.3638,-15,16,9759505,"[-1, -1, 2, 2, 2, 1, -2, -2, 1, 2, 2, 2, -1, -1, -1, -1, -2, 1, -2, -1, -2, -2, 1, 2]"
525,dfs_bnb_mpi,89.99,-15,16,21923496,"[-1, -1, 2, 2, 2, 2, 2, 1, -2, 1, 1, 1, -2, -1, -2, 1, -2, -1, -1, 2, 2, -1, -2, -2]"
526,dfs_bnb_mpi,66.1769,-15,16,15967997,"[-1, -2, 1, 1, 2, 2, 1, 1, 1, -2, -1, -1, -2, 1, 1, -2, -1, -1, -1, -1, -2, 1, 1, 1]"
527,dfs_bnb_mpi,106.746,-15,16,23978174,"[-1, -1, 2, -1, -1, -1, -2, -2, 1, -2, -1, -2, 1, 1, 2, 1, -2, 1, 2, 2, -1, -1, 2, -1]"
528,dfs_bnb_mpi,145.89,-15,16,32778236,"[-1, -2, 1, 1, 1, -2, -1, -1, -1, -1, 2, -1, -2, -2, 1, 1, 1, 1, 1, -2, -1, -1, -1, -1]"
529,dfs_bnb_mpi,42.0426,-15,16,9508811,"[-1, -1, 2, 2, 2, 2, 1, 1, 1, 1, -2, -1, -1, -1, -2, -2, 1, 2, 1, 1, -2, -2, -1, 2]"
530,dfs_bnb_mpi,40.0105,-16,17,9838046,"[-1, -1, 2, 2, 1, -2, 1, 2, 1, 1, -2, -2, -2, -2, -1, -1, -1, -1, 2, 1, 1, 1, 2, 2]"
531,dfs_bnb_mpi,24.3602,-15,16,6409108,"[-1, -1, 2, 2, 2, 2, 1, 1, -2, -1, -2, 1, 1, 2, 2, 1, 1, -2, -1, -2, -2, -1, -1, -1]"
532,dfs_bnb_mpi,11.2797,-15,16,2612331,"[-1, -1, 2, 2, 1, -2, 1, 2, 1, -2, -2, -2, -1, -2, 1, -2, -1, -1, -1, 2, 1, 2, -1, -1]"
533,dfs_bnb_mpi,22.6967,-15,14,5111064,"[-1, -1, 2, 1, 2, 2, -1, -2, -1, -2, -2, -2, 1, 1, 1, 1, 2, 2, -1, 2, 2, 1, -2, 1]"
534,dfs_bnb_mpi,118.884,-15,16,26420811,"[-1, -1, -1, -1, 2, 2, 1, 2, -1, 2, 1, 1, 1, 1, -2, -1, -1, -2, 1, 1, -2, -1, -1, -1]"
535,dfs_bnb_mpi,48.8489,-15,16,11413440,"[-1, -1, 2, 2, 2, 2, 1, 2, 2, 1, 1, -2, -1, -2, 1, -2, -1, -2, 1, -2, -1, -1, 2, 2]"
536,dfs_bnb_mpi,46.5493,-15,16,10744996,"[-1, -1, 2, 2, 2, 2, 2, 1, 1, 1, 1, -2, -1, -1, -1, -2, 1, 1, -2, -2, -1, 2, -1, -2]"
537,dfs_bnb_mpi,136.185,-15,16,33210968,"[-1, -2, 1, 1, 2, 2, 1, 1, -2, -1, -2, 1, -2, -2, -2, -1, -1, -1, 2, 2, 1, 1, -2, -1]"
538,dfs_bnb_mpi,44.8656,-15,16,10068666,"[-1, -1, 2, 2, 2, 2, 1, 2, 1, -2, 1, 1, -2, -1, -1, -1, -2, 1, 1, 1, -2, -1, -1, -1]"
539,dfs_bnb_mpi,38.8232,-15,16,8657161,"[-1, -1, 2, 2, 2, 2, 2, 1, 2, 1, -2, 1, -2, -1, -1, -2, 1, -2, -1, -2, 1, 1, 2, 2]"
540,dfs_bnb_mpi,73.2561,-15,16,17771498,"[-1, -1, 2, 2, 2, 1, 2, 1, 1, -2, -1, -2, -1, -2, 1, 1, 2, 1, -2, -2, -1, -2, -1, -1]"
541,dfs_bnb_mpi,40.7066,-15,16,9037322,"[-1, -1, 2, 2, 2, 1, 1, 2, -1, 2, 1, 1, -2, 1, -2, -1, -2, -1, -1, -2, 1, 1, 1, 2]"
542,dfs_bnb_mpi,105.289,-15,16,23354868,"[-1, -1, 2, 1, 1, 2, 2, 1, -2, 1, -2, -1, -2, 1, -2, -1, -1, -1, -1, -2, 1, 1, 1, 1]"
543,dfs_bnb_mpi,106.307,-15,16,24344664,"[-1, -1, 2, 2, 1, 1, 1, 1, -2, -2, -2, -2, -1, -1, -1, -1, 2, 1, 1, 1, 2, 2, -1, -1]"
544,dfs_bnb_mpi,28.0795,-15,16,6839904,"[-1, -1, 2, 1, 2, 2, 1, 2, 1, -2, 1, -2, -1, -1, -2, 1, -2, 1, 2, 1, 2, 2, 2, -1]"
545,dfs_bnb_mpi,31.8959,-15,16,7789285,"[-1, -1, 2, 2, 2, 2, 2, 1, -2, -2, 1, -2, -1, -2, 1, 1, 1, 2, -1, 2, 2, 2, -1, -2]"
546,dfs_bnb_mpi,20.3752,-15,16,5113307,"[-1, -1, 2, 2, 2, 2, 1, -2, -2, -2, 1, 2, 2, 2, 1, -2, -2, 1, 1, -2, -1, -2, -1, 2]"
547,dfs_bnb_mpi,13.9974,-15,16,3360931,"[-1, -1, 2, 1, 2, 1, -2, 1, 2, 1, -2, -2, -1, -2, -1, -1, -1, -2, 1, 1, 1, 1, 2, 1]"
548,dfs_bnb_mpi,107.587,-15,15,24282005,"[-1, -1, 2, 2, 2, 2, 2, 2, 1, 1, 1, -2, -2, -2, -1, 2, 2, -1, -2, -2, -2, 1, -2, -1]"
549,dfs_bnb_mpi,102.648,-15,16,23240996,"[-1, -1, 2, 2, 1, -2, 1, 2, 1, 1, -2, -1, -2, 1, -2, -1, -1, -1, -1, -2, 1, 1, 1, 1]"
550,dfs_bnb_mpi,102.122,-15,16,22879022,"[-1, -1, 2, 2, 1, -2, 1, 2, 2, 2, -1, -1, -1, -1, -2, -2, -2, -2, 1, 2, 2, 2, 1, 1]"
551,dfs_bnb_mpi,68.7652,-15,16,17836469,"[-1, -1, 2, 2, 2, 2, 2, 1, 1, 1, -2, -1, -1, -2, 1, 1, 1, -2, -1, -1, -1, -2, 1, 1]"
552,dfs_bnb_mpi,61.006,-16,16,13644142,"[-1, -1, 2, 2, 1, 2, -1, 2, 1, 1, 1, 1, -2, -1, -1, -2, 1, 1, -2, -2, -1, 2, -1, -1]"
553,dfs_bnb_mpi,42.5303,-15,16,9590349,"[-1, -1, 2, 2, 2, 2, 2, 1, -2, 1, 2, 1, -2, -2, -1, -1, -2, 1, 1, 1, -2, -1, -1, -1]"
554,dfs_bnb_mpi,48.6625,-15,16,11146497,"[-1, -1, 2, 2, 2, 2, 1, 2, 1, 1, 1, -2, -2, -1, 2, -1, -2, -2, 1, -2, -1, -1, 2, 2]"
555,dfs_bnb_mpi,25.3825,-15,16,6111112,"[-1, -1, 2, 2, 1, -2, 1, 2, 1, 1, -2, -1, -2, 1, -2, -1, -1, -1, -2, 1, -2, 1, 2, 1]"
556,dfs_bnb_mpi,105.339,-15,16,23529699,"[-1, -1, 2, 1, 2, 1, -2, 1, 2, 2, 1, 1, -2, -1, -2, 1, -2, -2, -1, 2, -1, -2, -1, -1]"
557,dfs_bnb_mpi,43.5156,-15,16,9987984,"[-1, -1, 2, 2, -1, -1, -2, 1, -2, -1, -1, 2, 2, 2, 2, 1, -2, 1, 2, 1, -2, 1, -2, -2]"
558,dfs_bnb_mpi,44.3077,-15,16,10031145,"[-1, -1, 2, 2, -1, -2, -2, -1, 2, 2, 2, 2, 1, -2, 1, 2, 1, 1, -2, -2, -2, -1, 2, 2]"
559,dfs_bnb_mpi,42.689,-15,16,9549995,"[-1, -1, 2, 2, -1, 2, -1, -2, -2, 1, -2, -1, -1, 2, 2, 2, 2, 1, 1, 1, -2, 1, -2, -2]"
560,dfs_bnb_mpi,117.004,-15,16,27109243,"[-1, -1, 2, 2, 2, 2, 1, 1, 1, 1, -2, -1, -2, 1, -2, -2, -1, 2, -1, 2, 2, -1, -2, -2]"
561,dfs_bnb_mpi,16.1453,-15,16,4167800,"[-1, -1, 2, 2, 2, 2, 1, 1, -2, -1, -2, -2, 1, 2, 1, 2, 1, -2, -2, 1, -2, -1, -1, 2]"
562,dfs_bnb_mpi,49.6373,-15,16,11626213,"[-1, -1, 2, 1, 2, 2, 2, 1, 1, 1, -2, -1, -1, -2, -2, 1, 2, 1, -2, -2, -1, -2, -1, -1]"
563,dfs_bnb_mpi,77.8941,-15,16,19199736,"[-1, -1, 2, 2, -1, -2, -2, -1, 2, 2, 2, 2, 1, -2, 1, 2, 1, 1, -2, -1, -2, 1, -2, -1]"
564,dfs_bnb_mpi,12.6979,-15,16,3172394,"[-1, -1, 2, 2, 2, 2, 1, -2, 1, 1, -2, -1, -1, -2, 1, 1, 1, 2, 2, 2, -1, 2, -1, -2]"
565,dfs_bnb_mpi,100.557,-15,15,22905086,"[-1, -1, 2, 2, 2, 2, 1, 1, 1, 1, 1, -2, -1, -2, -2, -1, 2, 2, -1, -1, -2, 1, -2, -1]"
566,dfs_bnb_mpi,17.6798,-15,15,4079752,"[-1, -1, 2, 2, 2, 2, 1, 1, -2, -1, -2, -2, 1, 2, 1, 2, 1, -2, -2, -2, -2, -1, 2, 2]"
567,dfs_bnb_mpi,98.1239,-15,16,22001538,"[-1, -1, 2, 2, 1, 2, 2, 2, 1, 1, -2, -1, -2, 1, 1, -2, -2, -2, -1, 2, 2, -1, -2, -1]"
568,dfs_bnb_mpi,23.0009,-15,16,5594102,"[-1, -1, 2, 2, 2, 2, 1, -2, -2, -2, 1, 2, 2, 2, 1, 1, -2, -1, -2, 1, -2, -1, -2, 1]"
569,dfs_bnb_mpi,105.726,-15,15,23815376,"[-1, -1, 2, 2, -1, 2, 1, 1, -2, -2, 1, 2, 2, 2, -1, -1, -1, -1, -2, -2, -2, 1, -2, -1]"
570,dfs_bnb_mpi,166.437,-15,16,39272725,"[-1, -2, 1, 1, -2, 1, -2, -1, -1, 2, -1, -1, 2, -1, -2, -2, -2, 1, 2, 1, -2, 1, 1, 1]"
571,dfs_bnb_mpi,81.9706,-15,16,18983380,"[-1, -2, -1, -2, 1, 1, 2, 1, 2, 1, -2, 1, -2, -2, -1, 2, -1, -2, -1, -1, -2, 1, 1, 1]"
572,dfs_bnb_mpi,23.7065,-15,16,5682588,"[-1, -1, 2, 2, 2, 2, 1, 2, 1, 1, -2, -1, -2, -1, -2, 1, 1, 2, 1, -2, -2, -1, -1, -1]"
573,dfs_bnb_mpi,86.0154,-15,16,22199923,"[-1, -2, 1, 1, 2, 2, 1, 1, -2, -1, -2, 1, -2, -1, -1, -1, -1, -1, -2, 1, 1, 1, 1, 1]"
574,dfs_bnb_mpi,42.7602,-15,16,9729067,"[-1, -1, 2, 2, 2, 2, 1, 2, 1, 1, -2, -1, -2, -1, -2, 1, 1, 2, 1, -2, -2, -1, -1, -1]"
575,dfs_bnb_mpi,41.9379,-15,16,10163531,"[-1, -1, 2, 2, 2, 2, 2, 2, 1, -2, -2, -2, -2, -2, 1, 1, 2, -1, 2, 1, 2, -1, 2, 2]"
576,dfs_bnb_mpi,116.291,-15,16,28034178,"[-1, -1, 2, -1, -1, -1, -2, 1, 1, -2, 1, 1, -2, -2, -1, -1, -1, -1, 2, 2, 1, -2, 1, 1]"
577,dfs_bnb_mpi,87.0799,-15,15,21070415,"[-1, -1, 2, 2, 2, 2, 2, 2, 1, 1, 1, -2, -1, -1, -2, 1, 1, -2, -1, -1, -2, 1, -2, -1]"
578,dfs_bnb_mpi,46.2745,-15,16,10306369,"[-1, -1, 2, 2, 2, 2, 1, 1, 1, 1, -2, -1, -1, -1, -2, -2, 1, 2, 1, 1, -2, -2, -1, 2]"
579,dfs_bnb_mpi,98.9334,-15,16,22068409,"[-1, -1, 2, 2, 2, 1, -2, -2, 1, 2, 1, -2, 1, 2, 1, -2, -2, -2, -1, 2, -1, -2, -1, -1]"
580,dfs_bnb_mpi,114.017,-15,16,25316460,"[-1, -1, 2, 2, 1, 2, -1, 2, 1, 1, 1, 1, -2, -1, -1, -2, 1, 1, -2, -2, -1, 2, -1, -1]"
581,dfs_bnb_mpi,144.663,-15,16,32068318,"[-1, -2, 1, 1, 2, 2, 1, 2, -1, -1, -2, -1, 2, 2, 1, 1, 1, 1, -2, -2, -2, -1, -2, 1]"
582,dfs_bnb_mpi,119.119,-15,16,26485108,"[-1, -1, -1, -1, 2, 2, 2, 2, 1, 1, 1, 1, -2, -1, -1, -1, -2, 1, 1, 1, -2, -1, -1, -1]"
583,dfs_bnb_mpi,40.5844,-15,16,9350755,"[-1, -1, 2, 2, 2, 2, -1, -2, -2, -2, -1, 2, 2, 2, 2, 1, 1, 1, -2, -2, -2, 1, -2, -1]"
584,dfs_bnb_mpi,146.588,-15,16,33182006,"[-1, -2, 1, 1, 2, 2, 2, 1, 1, 1, -2, -1, -1, -2, 1, 1, -2, -2, -1, 2, -1, -2, -1, -1]"
585,dfs_bnb_mpi,34.4417,-15,16,8496736,"[-1, -1, 2, 2, 1, -2, 1, 2, 2, 1, -2, -2, -2, 1, 2, 2, 1, 2, -1, 2, -1, -1, -1, -2]"
586,dfs_bnb_mpi,152.82,-14,14,38490697,"[-1, -1, 2, 2, 2, 2, 2, 1, 1, 1, -2, -1, -1, -2, 1, 1, 1, -2, -1, -1, -1, -2, 1, 1]"
587,dfs_bnb_mpi,135.513,-15,16,30627100,"[-1, -2, 1, 1, 2, 2, 1, -2, -2, 1, -2, -2, -2, -1, 2, 2, -1, -1, -1, -2, 1, 1, -2, -1]"
588,dfs_bnb_mpi,142.137,-15,16,31786168,"[-1, -2, 1, 1, 2, 2, 1, 1, -2, -1, -2, 1, 1, -2, -1, -1, -1, -1, -1, -2, 1, 1, 1, 1]"
589,dfs_bnb_mpi,54.5175,-15,16,13928262,"[-1, -2, 1, 1, 2, 2, 1, 1, -2, -1, -2, 1, -2, -1, -1, -1, -1, -2, -2, 1, 2, 1, 1, 1]"
590,dfs_bnb_mpi,39.4653,-15,16,9617531,"[-1, -1, 2, 2, 2, 2, 1, -2, 1, -2, -1, -2, 1, 1, 2, 1, 2, -1, 2, 1, 2, -1, -1, -2]"
591,dfs_bnb_mpi,146.469,-15,16,33118057,"[-1, -2, 1, 1, 1, -2, -1, -1, -1, -1, -2, 1, 1, 1, 1, -2, -1, -1, -1, -1, -2, 1, 1, 1]"
592,dfs_bnb_mpi,51.3361,-15,16,11641340,"[-1, -1, 2, 1, 2, 2, 1, 2, 1, -2, -2, -1, -2, 1, -2, 1, 2, 2, 2, 2, 1, -2, -2, -2]"
593,dfs_bnb_mpi,88.1282,-15,16,21914117,"[-1, -1, 2, 2, -1, -2, -2, -1, 2, 2, 2, 1, 2, -1, 2, 1, 1, 1, -2, -1, -2, 1, -2, -2]"
594,dfs_bnb_mpi,71.9644,-15,15,18584663,"[-1, -1, 2, 2, 2, 2, 1, 1, -2, -1, -2, 1, 1, 2, 1, -2, 1, -2, -1, -2, -1, 2, -1, -1]"
595,dfs_bnb_mpi,34.4133,-15,16,8669219,"[-1, -1, 2, 2, 2, 2, 2, 1, -2, 1, 1, -2, -1, -1, -2, 1, 1, 1, -2, -2, -1, 2, -1, -1]"
596,dfs_bnb_mpi,24.3859,-15,15,5511026,"[-1, -1, 2, 2, 2, 1, 1, 1, 1, 1, -2, -2, -2, -1, 2, 2, -1, -1, -1, -2, 1, 1, -2, -2]"
597,dfs_bnb_mpi,191.769,-14,15,42621365,"[-1, -1, 2, 2, -1, -2, -1, -1, -1, -2, 1, 1, 1, -2, -1, -1, -1, -2, 1, 1, 1, 1, 2, 1]"
598,dfs_bnb_mpi,58.8535,-15,16,14176284,"[-1, -1, 2, 2, 2, 2, 1, 2, 1, 1, -2, -1, -2, -1, -2, 1, 1, 2, 1, -2, -2, -1, -1, -1]"
599,dfs_bnb_mpi,108.174,-15,16,24039631,"[-1, -1, 2, 1, 2, 2, 2, 1, 1, 1, -2, 1, -2, -1, -1, 2, -1, -2, -2, 1, -2, 1, 2, 1]"
600,dfs_bnb_mpi,98.1776,-15,15,21729687,"[-1, -1, 2, 2, 2, 2, 1, 1, -2, 1, 1, 1, -2, -1, -2, -2, -1, 2, 2, -1, -2, -1, 2, 2]"
601,dfs_bnb_mpi,77.307,-15,16,18552481,"[-1, -1, 2, 2, 2, 2, 2, 1, -2, 1, 2, 1, -2, 1, -2, -1, -2, -2, -1, 2, 2, -1, -2, -2]"
602,dfs_bnb_mpi,95.3812,-15,16,23990536,"[-1, -2, 1, 1, 2, 1, -2, 1, -2, -1, -1, -1, -1, -2, 1, -2, -2, 1, 1, 2, -1, 2, 1, 1]"
603,dfs_bnb_mpi,51.7285,-15,16,11821717,"[-1, -1, 2, 2, 1, 2, 1, -2, 1, 2, 2, 1, 1, -2, -1, -2, 1, -2, -1, -2, -1, 2, -1, -1]"
604,dfs_bnb_mpi,148.782,-15,16,32812841,"[-1, -2, 1, 1, 2, 2, 1, 1, 1, 1, -2, -1, -2, 1, -2, -1, -1, 2, 2, -1, -2, -2, -1, -1]"
605,dfs_bnb_mpi,86.8326,-15,15,21698831,"[-1, -1, 2, 2, 2, 2, 2, 1, -2, 1, 2, 1, -2, -2, 1, -2, -1, -2, -1, 2, 2, -1, -2, -2]"
606,dfs_bnb_mpi,82.3087,-15,16,19638032,"[-1, -1, 2, 2, 1, 2, 1, 2, 2, 1, 1, -2, -1, -2, 1, -2, -2, -2, -1, 2, 2, -1, -2, -1]"
607,dfs_bnb_mpi,4.71668,-15,16,1080257,"[-1, -1, 2, 2, 2, 2, 1, 1, -2, -1, -2, -2, 1, 2, 1, 2, 2, 1, -2, -2, -2, -1, -2, 1]"
608,dfs_bnb_mpi,4.6268,-15,15,1076870,"[-1, -1, 2, 2, 2, 1, 2, 1, -2, 1, -2, -1, -1, -2, 1, 1, -2, 1, 2, 2, 2, 2, -1, 2]"
609,dfs_bnb_mpi,41.1825,-15,16,9203665,"[-1, -1, 2, 2, 1, 2, -1, -1, -2, -2, -2, -1, 2, 2, 2, 2, 1, 1, 1, 1, -2, -2, -2, -1]"
610,dfs_bnb_mpi,45.3204,-15,16,10275902,"[-1, -1, 2, 1, 1, 2, 1, -2, -2, 1, -2, -1, -1, -1, -1, -2, 1, 1, 1, 1, -2, -1, -1, -1]"
611,dfs_bnb_mpi,70.9621,-15,16,17168592,"[-1, -1, 2, 2, 2, 1, 2, 2, 1, 1, -2, -1, -2, -2, -1, -2, 1, 1, 1, 2, -1, 2, 1, 2]"
612,dfs_bnb_mpi,106.094,-15,16,23702817,"[-1, -1, 2, 2, 1, 2, 2, 2, 1, 1, 1, -2, -1, -1, -2, 1, 1, -2, -2, -1, 2, -1, -2, -1]"
613,dfs_bnb_mpi,67.0884,-15,16,16191979,"[-1, -1, 2, 2, 2, 2, 2, 1, -2, 1, 2, 1, -2, -2, -1, -2, 1, 1, -2, -1, -1, -1, 2, 2]"
614,dfs_bnb_mpi,42.5313,-15,16,9608828,"[-1, -1, 2, 2, 1, -2, 1, 2, 1, 1, -2, -1, -2, 1, -2, -2, -1, 2, -1, -1, -1, -2, 1, 1]"
615,dfs_bnb_mpi,18.8806,-15,16,4332458,"[-1, -1, 2, 2, 2, 2, 2, 1, 1, 1, -2, -1, -1, -2, 1, -2, -1, -2, 1, 1, 2, 1, 2, -1]"
616,dfs_bnb_mpi,25.4732,-15,15,5683158,"[-1, -1, 2, 2, 2, 2, 2, 1, -2, 1, 2, 1, -2, -2, -1, -1, -2, -2, 1, 2, 1, -2, -2, 1]"
617,dfs_bnb_mpi,45.0085,-15,16,10535427,"[-1, -1, 2, 1, 1, 1, 2, -1, -1, -1, 2, 1, 1, 1, 1, -2, -2, -2, -1, -2, -2, -1, 2, -1]"
618,dfs_bnb_mpi,42.8186,-15,16,9771802,"[-1, -1, 2, 2, 2, -1, -2, -2, -2, -1, -1, 2, 1, 2, -1, 2, 1, 2, 1, 1, 1, -2, -2, -2]"
619,dfs_bnb_mpi,28.2895,-16,17,6461694,"[-1, -1, 2, 1, 1, 1, -2, -2, -1, -2, 1, -2, -1, -1, 2, 2, -1, -2, -2, -1, 2, 2, 2, 2]"
620,dfs_bnb_mpi,171.981,-14,15,41707019,"[-1, -1, 2, 2, 2, 2, 2, -1, -1, -1, -2, 1, 1, -2, -1, -1, -2, -2, 1, 2, 1, -2, -2, -1]"
621,dfs_bnb_mpi,28.3172,-15,16,6999134,"[-1, -1, 2, 2, 2, 2, 2, 2, 1, 1, -2, -1, -2, -2, -2, -2, 1, 1, 2, 2, 2, -1, -2, -2]"
622,dfs_bnb_mpi,137.266,-15,16,32736992,"[-1, -2, 1, 1, 2, 2, 1, -2, -2, 1, -2, -1, -1, -1, -1, -2, -2, 1, 2, 1, -2, 1, 2, 1]"
623,dfs_bnb_mpi,50.9077,-15,16,11877570,"[-1, -1, 2, 2, 2, 1, 1, 2, -1, 2, 1, 1, 1, -2, -1, -2, 1, -2, -1, -2, -1, 2, -1, -2]"
624,dfs_bnb_mpi,96.8154,-15,16,22415450,"[-1, -1, 2, 2, 2, 2, 2, 2, 1, 1, -2, -2, 1, -2, -2, -2, -1, -1, 2, 1, 2, -1, 2, 2]"
625,dfs_bnb_mpi,48.7738,-15,16,12499276,"[-1, -1, 2, 2, 2, 2, 1, 1, 1, 1, -2, -1, -1, -2, 1, 1, -2, -2, -1, 2, -1, -1, 2, 2]"
626,dfs_bnb_mpi,95.8075,-15,16,23274223,"[-1, -2, 1, 1, 2, 1, -2, 1, -2, -1, -2, 1, -2, -1, -1, -1, 2, -1, -1, 2, 1, 1, 1, -2]"
627,dfs_bnb_mpi,18.1189,-15,16,4096577,"[-1, -1, 2, 2, 2, 2, 1, -2, 1, 2, 1, -2, -2, -1, -1, -2, 1, 1, -2, 1, 2, 2, 1, -2]"
628,dfs_bnb_mpi,103.907,-15,15,23237355,"[-1, -1, 2, 2, 2, 2, 1, 2, 1, 1, 1, -2, -2, -1, 2, -1, -2, -1, -2, 1, 1, -2, -1, -1]"
629,dfs_bnb_mpi,151.322,-15,16,33873461,"[-1, -2, 1, 1, 2, 2, 1, 1, -2, 1, -2, -1, -2, -2, -1, -1, -1, -1, 2, 1, 1, 1, 2, 2]"
630,dfs_bnb_mpi,77.8068,-15,16,19728779,"[-1, -1, 2, 2, 2, -1, -2, -1, -2, 1, -2, -1, -1, 2, 2, 2, 1, 2, 1, 1, 1, -2, -2, -2]"
631,dfs_bnb_mpi,175.601,-14,14,41998268,"[-1, -1, 2, 2, 2, 2, 2, 1, 1, 1, -2, -2, -1, -2, 1, 1, -2, -1, -1, -1, 2, 2, 2, 1]"
632,dfs_bnb_mpi,101.489,-15,16,22512680,"[-1, -1, 2, 2, 2, 1, 2, 2, 1, 1, 1, -2, -2, -2, -1, 2, 2, -1, -2, -2, -1, -2, 1, 1]"
633,dfs_bnb_mpi,102.815,-15,16,22738885,"[-1, -1, 2, 1, 2, 2, -1, 2, -1, -1, -1, -2, -2, -2, -2, 1, 1, 2, -1, 2, 2, 1, -2, 1]"
634,dfs_bnb_mpi,21.7672,-15,15,5124552,"[-1, -1, 2, 2, 2, 2, 1, 1, -2, -1, -2, -2, 1, 2, 1, 2, 1, -2, -2, 1, -2, -1, -1, 2]"
635,dfs_bnb_mpi,107.62,-15,16,23857394,"[-1, -1, 2, 2, 1, 2, 2, 1, 2, 1, -2, 1, -2, -1, -1, -2, 1, 1, -2, -2, -1, 2, -1, -1]"
636,dfs_bnb_mpi,14.0514,-14,14,3506844,"[-1, -1, 2, 2, 2, 2, 2, 1, -2, 1, -2, -1, -2, -2, 1, 2, 1, 1, 2, -1, 2, 2, -1, 2]"
637,dfs_bnb_mpi,21.939,-15,16,5138140,"[-1, -1, 2, 2, 2, 2, 1, 2, 1, -2, -2, -1, -2, -2, 1, 2, 1, 2, 1, -2, -2, -2, -1, 2]"
638,dfs_bnb_mpi,26.0746,-16,17,5798001,"[-1, -1, 2, 2, 2, 2, 1, 1, 1, 1, -2, -1, -1, -1, -2, -2, 1, 2, 1, 1, -2, -2, -1, 2]"
639,dfs_bnb_mpi,16.6004,-14,14,3689278,"[-1, -1, 2, 2, 2, 2, 1, 1, 1, -2, -1, -1, -2, -2, 1, 2, 1, 1, -2, -1, -2, 1, 1, 2]"
640,dfs_bnb_mpi,111.056,-14,14,28230154,"[-1, -1, 2, 2, 2, 2, 2, 1, 1, 1, -2, -1, -1, -2, 1, 1, -2, 1, -2, -1, -1, 2, -1, -2]"
641,dfs_bnb_mpi,111.863,-15,16,24589005,"[-1, -1, 2, 1, 1, 2, 1, 1, 1, -2, -2, -2, -1, 2, 2, -1, -2, -2, -1, -1, -1, -2, 1, 1]"
642,dfs_bnb_mpi,111.927,-15,16,26558171,"[-1, -1, 2, 1, 2, 2, 1, 2, 1, 1, -2, 1, -2, -1, -2, 1, -2, -1, -1, 2, -1, 2, 1, 2]"
643,dfs_bnb_mpi,15.8238,-15,16,3808074,"[-1, -1, 2, 2, 2, 1, 1, 1, -2, -1, -1, -2, 1, 1, -2, 1, 1, 2, -1, 2, 2, 1, -2, 1]"
644,dfs_bnb_mpi,80.1399,-15,16,19405757,"[-1, -1, 2, 2, 2, 2, 2, 2, 1, 1, -2, -2, 1, -2, -1, -2, 1, -2, -1, -1, 2, 2, 2, 2]"
645,dfs_bnb_mpi,77.3024,-15,16,19448167,"[-1, -1, 2, 2, 1, 2, 2, 1, 1, 1, -2, -1, -1, -2, 1, 1, 1, -2, -1, -2, -1, 2, -1, -1]"
646,dfs_bnb_mpi,97.4343,-15,16,21808570,"[-1, -1, 2, 2, 2, 2, 1, 1, 2, 1, -2, 1, -2, -2, -2, -1, 2, 2, -1, -1, -2, 1, -2, -1]"
647,dfs_bnb_mpi,41.0086,-15,16,9178475,"[-1, -1, 2, 2, 2, 2, 1, 2, -1, 2, 1, 1, -2, 1, -2, -1, -2, -1, -2, -2, 1, 2, 1, 2]"
648,dfs_bnb_mpi,101.437,-15,16,22934922,"[-1, -1, 2, 2, 2, 1, 2, 2, 1, 1, 1, -2, -2, -2, -1, 2, 2, -1, -2, -2, -1, -2, 1, 1]"
649,dfs_bnb_mpi,140.854,-15,16,31786747,"[-1, -2, -1, 2, 2, 1, 1, 2, 1, 1, 1, -2, -1, -1, -2, 1, 1, -2, -1, -1, -1, -2, 1, 1]"
650,dfs_bnb_mpi,105.702,-15,16,23907311,"[-1, -1, 2, -1, -1, -1, -2, -2, -2, -2, 1, 2, 2, 2, 1, -2, 1, 1, -2, -1, -1, -2, 1, 1]"
651,dfs_bnb_mpi,41.6781,-15,16,9506488,"[-1, -1, 2, 2, 2, 2, 1, 2, 1, -2, 1, 1, -2, -1, -1, -1, -2, 1, 1, 1, -2, -1, -1, -1]"
652,dfs_bnb_mpi,46.5987,-15,15,12108312,"[-1, -1, 2, 2, 2, 2, 2, 1, 1, 1, -2, -1, -1, -2, 1, 1, -2, 1, -2, -1, -1, 2, -1, -2]"
653,dfs_bnb_mpi,109.24,-15,16,25377470,"[-1, -1, 2, 2, 2, 2, 1, 1, 1, 1, -2, -1, -2, 1, -2, -2, -1, 2, -1, 2, 2, -1, -2, -2]"
654,dfs_bnb_mpi,65.3759,-16,17,14790333,"[-1, -1, -1, 2, 1, 1, 1, 1, -2, -2, -1, -2, 1, -2, -1, -1, 2, 2, -1, -1, -2, 1, -2, -1]"
655,dfs_bnb_mpi,72.9529,-15,15,18069683,"[-1, -1, 2, 2, 2, 2, 1, 2, 2, 1, 1, -2, -1, -2, 1, -2, -2, -2, -1, 2, 2, -1, -2, -2]"
656,dfs_bnb_mpi,64.901,-15,16,15689075,"[-1, -1, 2, 2, 2, 2, 1, 1, 1, 2, 1, -2, -2, -1, -1, -2, 1, 1, -2, -1, -1, -1, 2, 2]"
657,dfs_bnb_mpi,97.8446,-15,15,21946816,"[-1, -1, 2, 2, 2, 2, 1, 1, -2, 1, 1, -2, 1, -2, -1, -2, -1, 2, 2, -1, -2, -1, 2, 2]"
658,dfs_bnb_mpi,98.615,-15,16,23903148,"[-1, -2, 1, 1, 2, 2, 1, -2, -2, 1, -2, -2, -1, 2, -1, -1, -1, -2, -2, 1, 2, 1, -2, 1]"
659,dfs_bnb_mpi,97.3305,-15,16,22545272,"[-1, -1, 2, 2, 2, 2, 2, 1, 1, 1, -2, -2, 1, -2, -1, -2, -1, 2, 2, 2, -1, -2, -2, -2]"
660,dfs_bnb_mpi,99.6964,-15,16,22384995,"[-1, -1, 2, 2, 2, 2, 2, 1, -2, 1, -2, 1, 1, -2, -2, -2, -1, 2, 2, -1, -2, -1, 2, 2]"
661,dfs_bnb_mpi,167.788,-15,16,37618821,"[-1, -2, -1, -2, 1, 1, 2, 1, 2, 2, 1, 1, -2, -1, -2, 1, -2, -2, -1, 2, -1, -2, -1, -1]"
662,dfs_bnb_mpi,23.9175,-15,15,5655480,"[-1, -1, 2, 1, 2, 1, -2, 1, 2, 2, -1, -1, -1, -2, -1, -2, -2, -2, 1, 1, 1, 1, 2, 1]"
663,dfs_bnb_mpi,63.3581,-15,16,16120427,"[-1, -2, 1, 1, 2, 2, 1, 1, -2, -1, -2, 1, -2, -1, -1, -1, -1, -2, 1, -2, 1, 2, 1, 1]"
664,dfs_bnb_mpi,44.5152,-16,17,10869414,"[-1, -1, 2, -1, -2, -2, -2, -2, 1, 2, 2, 1, 1, -2, -1, -2, 1, 1, 2, 2, 2, 2, -1, -1]"
665,dfs_bnb_mpi,47.386,-15,16,12124316,"[-1, -1, 2, 2, 2, 2, 1, 1, -2, -1, -2, 1, 1, 2, 1, -2, -2, 1, -2, -1, -1, 2, -1, -1]"
666,dfs_bnb_mpi,141.374,-15,16,33875296,"[-1, -2, 1, 1, 2, 1, -2, 1, -2, -1, -1, -1, -1, -1, -2, 1, -2, 1, 2, 1, -2, 1, 2, 1]"
667,dfs_bnb_mpi,52.4358,-15,16,12575768,"[-1, -1, 2, 1, 2, 2, 1, 2, 1, -2, -2, 1, 2, 2, 1, -2, -2, -2, -1, -2, -1, 2, -1, 2]"
668,dfs_bnb_mpi,18.6717,-15,16,4448848,"[-1, -1, 2, -1, 2, 1, 1, -2, 1, 1, 2, -1, 2, 1, 2, -1, -1, -2, -1, 2, -1, -2, -1, -2]"
669,dfs_bnb_mpi,151.223,-15,16,33672228,"[-1, -2, 1, 1, 2, 2, 1, 1, 1, 1, -2, -2, -2, -1, 2, 2, -1, -1, -2, 1, -2, -1, -1, -1]"
670,dfs_bnb_mpi,30.0749,-15,16,7062906,"[-1, -2, 1, 1, 2, 2, 2, 1, -2, -2, -2, 1, 2, 2, 2, 2, -1, -1, -1, -1, -2, -2, 1, 2]"
671,dfs_bnb_mpi,95.4001,-15,15,21436107,"[-1, -1, 2, 1, 2, -1, -1, -2, -1, 2, 2, 1, 2, 1, -2, 1, 2, 1, -2, 1, -2, -1, -2, 1]"
672,dfs_bnb_mpi,41.6476,-15,16,9438221,"[-1, -1, 2, 2, 2, 2, 2, 1, -2, 1, 1, 1, -2, -1, -1, -1, -2, 1, 1, 1, -2, -1, -1, -1]"
673,dfs_bnb_mpi,25.3257,-16,17,5798316,"[-1, -1, 2, 2, 1, 2, -1, 2, 1, 1, 1, 1, -2, -1, -1, -2, 1, 1, -2, -2, -1, 2, -1, -1]"
674,dfs_bnb_mpi,7.68401,-15,15,1778641,"[-1, -1, 2, 2, 2, 2, 1, 1, 1, -2, -1, -1, -2, -2, 1, 2, 1, -2, 1, 2, 2, 1, 2, -1]"
675,dfs_bnb_mpi,109.343,-15,16,25188232,"[-1, -1, 2, 2, 2, 2, 2, 1, 2, 1, -2, 1, -2, -2, -2, -2, -1, 2, 2, 2, -1, -2, -2, -2]"
676,dfs_bnb_mpi,96.72,-15,16,21714886,"[-1, -1, 2, 2, 2, 2, 1, 1, 1, 1, -2, -1, -1, -1, -2, 1, 1, 1, -2, -2, -1, 2, -1, -1]"
677,dfs_bnb_mpi,104.535,-15,16,23507063,"[-1, -1, 2, 1, 2, 2, 2, 2, 1, 1, -2, 1, -2, -1, -2, 1, -2, -2, -1, 2, -1, 2, 2, 2]"
678,dfs_bnb_mpi,165.331,-14,14,36989290,"[-1, -1, 2, 2, 2, 2, 2, 1, 1, 2, 1, -2, -2, -1, -1, -2, 1, 1, -2, -1, -1, -2, 1, 1]"
679,dfs_bnb_mpi,109.434,-15,16,24618992,"[-1, -1, 2, 2, 1, 2, 2, 2, 1, 1, 1, -2, -1, -1, -2, 1, 1, -2, -2, -1, 2, -1, -2, -1]"
680,dfs_bnb_mpi,24.1726,-15,16,5730812,"[-1, -1, 2, 2, 2, 2, 2, 2, 1, 1, -2, -1, -2, -2, -2, 1, 2, 2, 1, -2, -2, -2, -1, -1]"
681,dfs_bnb_mpi,33.8992,-15,16,7643208,"[-1, -2, 1, 1, 2, 1, 1, -2, -1, -2, 1, -2, -2, -1, 2, -1, 2, -1, -1, -2, 1, -2, 1, -2]"
682,dfs_bnb_mpi,81.615,-15,16,20876054,"[-1, -1, 2, 1, 1, 2, 1, 1, -2, -1, -2, 1, -2, -2, -1, -1, -2, -1, 2, -1, 2, 1, 1, 1]"
683,dfs_bnb_mpi,27.9962,-15,16,7072250,"[-1, -1, 2, 2, 2, 2, 1, 1, -2, -1, -2, -2, 1, 2, 1, 2, 2, 2, -1, 2, -1, -1, -2, 1]"
684,dfs_bnb_mpi,23.6944,-15,16,5383860,"[-1, -1, 2, 2, 2, -1, -2, -2, -2, -1, 2, 2, 2, 2, 1, 1, 1, -2, 1, -2, -1, -2, 1, 1]"
685,dfs_bnb_mpi,171.203,-14,14,38179656,"[-1, -1, 2, 2, 2, 2, 2, 1, 1, 1, -2, -2, 1, -2, -1, -1, 2, 2, -1, -2, -2, -2, 1, 1]"
686,dfs_bnb_mpi,9.62093,-15,16,2165423,"[-1, -1, 2, 2, 2, 1, 1, 1, -2, -1, -1, -2, 1, 1, -2, -2, -2, -1, 2, -1, -1, -2, 1, -2]"
687,dfs_bnb_mpi,17.6343,-15,16,4071221,"[-1, -1, 2, 2, 2, 2, 1, -2, 1, -2, -1, -2, 1, 1, 2, 2, 2, -1, 2, 1, 2, -1, -1, -2]"
688,dfs_bnb_mpi,123.108,-15,16,27499782,"[-1, -1, -1, -1, 2, 2, 2, 2, 2, 1, 1, 1, -2, -1, -1, -2, 1, 1, -2, -1, -1, -2, 1, 1]"
689,dfs_bnb_mpi,62.9242,-15,16,15331895,"[-1, -1, 2, -1, 2, 1, 2, -1, 2, 1, 1, -2, 1, 2, 1, -2, -2, 1, -2, -1, -1, 2, -1, -2]"
690,dfs_bnb_mpi,103.502,-15,16,23015854,"[-1, -1, 2, 1, 2, 2, -1, -1, -1, -1, -1, -2, -2, -2, 1, 2, 2, 1, -2, -2, 1, 2, 2, 1]"
691,dfs_bnb_mpi,50.1979,-15,16,12921398,"[-1, -1, 2, 2, 1, -2, 1, 2, 2, -1, -1, -1, -2, -2, -1, 2, -1, -2, -2, 1, 1, -2, 1, 1]"
692,dfs_bnb_mpi,105.319,-15,15,23591044,"[-1, -1, 2, 2, 2, 2, 2, 1, 1, 1, -2, 1, -2, -1, -1, 2, -1, -2, -2, 1, 1, -2, -1, -1]"
693,dfs_bnb_mpi,54.0028,-15,16,12293001,"[-1, -1, -1, -1, 2, 2, 2, 2, 1, 1, 1, 1, -2, -1, -1, -1, -2, 1, 1, 1, -2, -1, -1, -1]"
694,dfs_bnb_mpi,42.0152,-15,16,9495757,"[-1, -1, 2, 2, 2, 2, 1, 1, 1, 2, 1, -2, -2, -1, -1, -1, -2, 1, 1, 1, -2, -1, -1, -1]"
695,dfs_bnb_mpi,188.296,-14,15,42044725,"[-1, -1, 2, 2, 2, 2, 2, -1, -1, -1, -2, 1, 1, -2, -1, -1, -2, 1, 1, -2, -2, -1, 2, -1]"
696,dfs_bnb_mpi,161.703,-15,16,36349507,"[-1, -2, -1, 2, 2, 2, -1, -1, -2, 1, -2, -2, -1, 2, -1, 2, 2, 2, 1, 1, 1, 1, -2, -2]"
697,dfs_bnb_mpi,107.57,-15,16,23992222,"[-1, -1, 2, 2, 1, 1, 1, 1, -2, -2, -2, -2, -1, -1, -1, -1, 2, 1, 1, 1, 2, 2, -1, -1]"
698,dfs_bnb_mpi,38.8307,-15,16,9810422,"[-1, -1, 2, 1, 2, 2, 2, 1, -2, -2, -2, 1, -2, 1, 2, 1, 2, 2, -1, 2, -1, -2, -2, 1]"
699,dfs_bnb_mpi,102.526,-15,16,24928349,"[-1, -1, 2, 1, 1, 1, -2, 1, -2, -1, -1, -1, -1, -1, -2, 1, -2, 1, 2, 1, -2, 1, 2, 1]"
700,dfs_bnb_mpi,53.5379,-15,16,13025675,"[-1, -2, 1, 1, 2, 1, -2, 1, -2, -1, -1, -1, -1, -2, 1, -2, -2, 1, 2, 2, 1, 1, -2, -1]"
701,dfs_bnb_mpi,22.7445,-16,16,5652114,"[-1, -1, 2, 2, 2, 1, 1, 1, -2, -1, -1, -2, 1, 1, -2, -2, -1, -1, -1, -1, 2, 2, 2, 2]"
702,dfs_bnb_mpi,141.304,-15,16,31721639,"[-1, -2, 1, 1, 2, 2, 1, 2, 1, -2, -2, -1, -2, 1, -2, -1, -1, -1, -1, -2, 1, 1, 1, 1]"
703,dfs_bnb_mpi,44.8946,-15,16,10258344,"[-1, -1, 2, 2, 1, 2, 2, 2, 1, 1, 1, -2, -1, -1, -2, -2, 1, 2, 1, -2, -2, -1, -1, -1]"
704,dfs_bnb_mpi,159.069,-15,15,35949382,"[-1, -2, -1, 2, 2, 2, -1, -2, -2, -2, -1, 2, 2, 2, 2, 2, 1, -2, 1, 2, 1, -2, -2, -2]"
705,dfs_bnb_mpi,30.2923,-15,16,7603790,"[-1, -1, 2, 2, 2, 2, 1, 1, -2, -1, -2, 1, 1, 2, 1, -2, -2, -2, -2, -1, 2, 2, -1, -1]"
706,dfs_bnb_mpi,101.687,-15,16,22965628,"[-1, -1, 2, 1, 2, 2, 2, 1, 1, 1, -2, 1, -2, -2, -1, 2, -1, 2, -1, -2, -2, 1, -2, 1]"
707,dfs_bnb_mpi,93.7888,-15,15,23494550,"[-1, -1, 2, 2, 2, 2, 2, 1, 1, 1, -2, -2, -1, -2, 1, 1, -2, -1, -1, -1, 2, 2, 2, 1]"
708,dfs_bnb_mpi,106.938,-15,16,24223374,"[-1, -1, 2, 2, 1, 2, -1, 2, 1, 1, -2, 1, 2, 1, -2, -2, -2, -2, -1, 2, 2, -1, -2, -1]"
709,dfs_bnb_mpi,61.5193,-16,17,14629094,"[-1, -1, 2, 2, 1, 2, -1, 2, 1, 1, 1, 1, -2, -2, -2, -2, -1, 2, 2, 2, -1, -2, -2, -1]"
710,dfs_bnb_mpi,118.141,-15,16,26700147,"[-1, -1, -1, -1, 2, 2, 2, 2, 2, 1, -2, 1, 2, 1, -2, -2, -1, -1, -2, 1, 1, -2, -1, -1]"
711,dfs_bnb_mpi,10.0041,-15,16,2264458,"[-1, -1, 2, 1, 2, -1, -1, -2, -2, -1, -1, 2, 1, 2, -1, 2, 1, 1, 1, 1, 1, -2, -2, 1]"
712,dfs_bnb_mpi,98.1738,-15,16,23763159,"[-1, -1, 2, 2, 2, 1, 2, 2, 1, 1, -2, 1, -2, -1, -2, 1, -2, -1, -1, -1, 2, 1, 2, 2]"
713,dfs_bnb_mpi,89.7249,-15,16,22460669,"[-1, -1, 2, 2, 2, 2, 2, 1, -2, 1, 2, 1, -2, 1, -2, -1, -2, -2, -1, 2, 2, -1, -2, -2]"
714,dfs_bnb_mpi,96.0356,-15,16,22398518,"[-1, -1, 2, 2, 2, 1, 1, 2, 2, 1, -2, 1, -2, -2, -2, -2, -1, 2, -1, -1, 2, 1, 1, 2]"
715,dfs_bnb_mpi,38.649,-16,17,9411845,"[-1, -1, 2, 2, 2, 2, 1, 1, -2, -2, 1, 2, 2, 1, -2, -2, -2, -2, -1, 2, -1, -1, 2, 2]"
716,dfs_bnb_mpi,12.0001,-15,16,2954646,"[-1, -1, 2, 2, 2, 2, 1, 1, -2, -1, -2, -2, 1, 2, 1, 2, 1, -2, -2, -2, -2, -1, 2, 2]"
717,dfs_bnb_mpi,101.612,-15,16,23580254,"[-1, -1, 2, 2, -1, -1, -2, 1, -2, -1, -1, 2, 2, 2, 1, 2, 1, -2, 1, 2, 1, -2, -2, -2]"
718,dfs_bnb_mpi,26.6487,-15,16,6549528,"[-1, -2, 1, 1, 2, 1, 1, -2, -1, -2, 1, -2, -1, -2, -1, -1, -1, 2, 1, 1, 2, -1, -1, -1]"
719,dfs_bnb_mpi,100.87,-15,16,22980077,"[-1, -1, 2, 2, 1, -2, 1, 1, -2, 1, -2, -1, -2, 1, -2, -1, -1, 2, 2, -1, -1, -2, 1, -2]"
720,dfs_bnb_mpi,95.9822,-15,16,21685235,"[-1, -1, 2, 2, 2, 2, 1, 2, 1, -2, 1, 1, -2, -2, -2, -1, 2, 2, -1, -1, -2, 1, -2, -1]"
721,dfs_bnb_mpi,169.433,-15,16,37887782,"[-1, -2, -1, -1, -1, -1, 2, 2, 2, 2, 1, 1, 1, -2, 1, -2, -1, -1, 2, -1, -2, -2, 1, 1]"
722,dfs_bnb_mpi,95.222,-15,16,21332874,"[-1, -1, 2, 2, 2, 1, 2, 1, 1, 1, -2, 1, -2, -2, -1, 2, -1, 2, -1, -2, -1, -2, 1, 1]"
723,dfs_bnb_mpi,19.2511,-15,16,5002916,"[-1, -1, 2, 1, 2, 1, -2, 1, 2, 2, -1, 2, -1, -2, -1, 2, -1, -2, -1, -2, -2, 1, 2, 1]"
724,dfs_bnb_mpi,103.827,-15,16,23425242,"[-1, -1, 2, 2, 2, 2, 1, 2, 1, 1, -2, -2, 1, -2, -2, -1, 2, -1, -2, -1, 2, 2, 1, 2]"
725,dfs_bnb_mpi,44.8527,-15,16,10429882,"[-1, -1, 2, 2, 2, 2, 1, 2, 2, 1, 1, -2, -1, -2, 1, -2, -1, -2, 1, -2, -1, -1, 2, 2]"
726,dfs_bnb_mpi,82.3128,-14,15,18679425,"[-1, -1, 2, 2, 2, 2, 2, -1, -1, -1, -2, 1, 1, -2, -1, -1, -2, 1, 1, -2, -2, -1, 2, -1]"
727,dfs_bnb_mpi,40.0203,-15,16,9046469,"[-1, -1, 2, 2, 2, 2, 2, 1, 2, 1, -2, 1, -2, -1, -1, -2, 1, -2, -1, -2, 1, 1, 2, 2]"
728,dfs_bnb_mpi,154.194,-15,16,35061480,"[-1, -2, 1, 1, 2, 2, 1, 1, -2, -1, -2, 1, 1, -2, -1, -2, -1, 2, -1, -1, -1, -2, 1, 1]"
729,dfs_bnb_mpi,16.634,-15,15,3724179,"[-1, -1, 2, 2, 2, 2, 1, -2, 1, 2, 1, -2, -2, -1, -1, -2, 1, 1, -2, 1, 2, 1, 2, -1]"
730,dfs_bnb_mpi,40.6707,-15,16,9117957,"[-1, -1, 2, 2, 2, 2, 2, 1, 2, 1, -2, 1, -2, -1, -1, -2, 1, -2, -1, -2, 1, 1, 2, 2]"
731,dfs_bnb_mpi,163.01,-15,16,37066936,"[-1, -2, -1, 2, 2, 2, -1, -2, -2, -2, -1, 2, 2, 2, 2, 2, 1, -2, 1, 2, 1, -2, -2, -2]"
732,dfs_bnb_mpi,108.817,-15,16,24544528,"[-1, -1, 2, 1, 2, -1, -1, -1, -1, -1, -2, 1, -2, -1, -2, 1, 1, 2, 2, 1, -2, -2, 1, 1]"
733,dfs_bnb_mpi,98.5977,-15,16,22329045,"[-1, -1, 2, 2, 2, 2, 1, 2, 1, 1, -2, -2, 1, -2, -2, -1, 2, -1, -2, -1, 2, 2, 1, 2]"
734,dfs_bnb_mpi,97.7031,-15,16,24313616,"[-1, -1, 2, 2, 1, 2, 2, 1, -2, 1, 2, 1, -2, -2, -2, 1, -2, -1, -1, 2, 2, -1, -2, -1]"
735,dfs_bnb_mpi,15.11,-15,16,3453092,"[-1, -2, 1, 1, 2, 1, 1, 1, -2, -2, -2, -1, 2, 2, -1, -2, -1, -1, -1, -2, 1, 1, 1, -2]"
736,dfs_bnb_mpi,62.129,-15,16,15804299,"[-1, -1, 2, 2, 2, 1, -2, -2, 1, 1, 2, 2, 2, 2, 2, -1, -2, -1, -1, -2, 1, 1, -2, -2]"
737,dfs_bnb_mpi,44.4275,-15,16,10279178,"[-1, -1, 2, 2, 2, 2, 2, 1, 2, 1, -2, 1, -2, -1, -1, -2, 1, 1, -2, -2, -1, 2, -1, -2]"
738,dfs_bnb_mpi,39.3875,-14,13,8840903,"[-1, -1, 2, 2, 2, 2, 2, 2, 1, -2, 1, 1, -2, -1, -1, -2, 1, 1, -2, -1, -1, -2, 1, 1]"
739,dfs_bnb_mpi,34.4518,-15,16,8406804,"[-1, -1, 2, 1, 1, 1, 2, 2, 2, -1, -2, -2, -1, 2, 2, -1, -1, -2, 1, -2, -1, -1, -2, 1]"
740,dfs_bnb_mpi,62.4834,-15,16,15053968,"[-1, -1, 2, 2, 2, 1, -2, -2, 1, 1, 2, 2, 1, 2, -1, 2, -1, -1, -1, -2, 1, 1, -2, -2]"
741,dfs_bnb_mpi,80.3226,-15,16,19598507,"[-1, -1, 2, 1, 2, 2, 2, 1, -2, 1, 2, 1, -2, 1, -2, -2, -1, -2, -1, 2, -1, 2, 1, 1]"
742,dfs_bnb_mpi,106.062,-15,16,23792058,"[-1, -1, 2, 1, 1, 1, -2, 1, -2, -1, -2, 1, -2, -1, -2, -1, 2, 2, 2, -1, -1, -2, 1, -2]"
743,dfs_bnb_mpi,80.4984,-13,14,17765172,"[-1, -1, 2, 2, 2, 2, 2, -1, -1, -1, -2, 1, 1, -2, -1, -1, -2, 1, 1, -2, -1, -2, 1, -2]"
744,dfs_bnb_mpi,42.6428,-15,16,9465898,"[-1, -1, 2, 2, 1, -2, 1, 1, -2, 1, -2, -1, -1, -1, -1, -2, 1, -2, 1, 2, 1, 1, -2, -1]"
745,dfs_bnb_mpi,41.9539,-14,15,9357175,"[-1, -1, 2, 2, 2, -1, -2, -2, -2, -1, 2, 2, 2, 2, 1, 1, 1, -2, 1, -2, -1, -2, 1, 1]"
746,dfs_bnb_mpi,34.2994,-15,16,8320306,"[-1, -1, 2, 1, 2, 1, -2, 1, 2, 2, 2, -1, -2, -1, 2, -1, -1, -2, 1, -2, -1, -1, -2, 1]"
747,dfs_bnb_mpi,104.085,-15,15,23033323,"[-1, -1, 2, 2, 2, 2, 2, 2, 1, 1, -2, -2, 1, -2, -1, -2, 1, -2, -1, -1, 2, 2, 2, 2]"
748,dfs_bnb_mpi,121.669,-15,16,26910820,"[-1, -1, -1, -1, 2, 2, 2, 1, 2, -1, 2, 1, 1, 1, -2, -1, -2, 1, -2, -1, -1, -2, 1, 1]"
749,dfs_bnb_mpi,46.7103,-15,16,10512079,"[-1, -1, 2, 1, 2, 2, 1, 1, 1, 1, -2, -2, -1, 2, -1, -1, -2, 1, -2, 1, -2, -1, -1, -1]"
750,dfs_bnb_mpi,173.927,-14,15,41535839,"[-1, -1, 2, 2, 2, 2, 1, 2, 1, 1, -2, -1, -2, 1, 1, -2, -2, -1, 2, -1, -2, -1, 2, 2]"
751,dfs_bnb_mpi,84.909,-15,16,20536648,"[-1, -1, 2, 2, 2, 2, 1, -2, 1, 2, 1, 1, -2, -1, -2, 1, -2, -2, -1, 2, -1, 2, -1, -2]"
752,dfs_bnb_mpi,40.3789,-14,15,9083396,"[-1, -1, 2, 2, 2, 1, 1, -2, -1, -2, 1, 1, 2, 2, 2, -1, -1, -1, -1, -2, -2, -2, -2, -1]"
753,dfs_bnb_mpi,63.4664,-15,16,15416642,"[-1, -1, 2, 2, 1, 2, 2, 1, -2, -2, 1, 2, 2, 1, -2, -2, -2, 1, -2, -1, -1, 2, -1, -1]"
754,dfs_bnb_mpi,34.7158,-15,16,8775974,"[-1, -1, 2, 1, 2, 1, -2, 1, -2, -2, -1, -1, -2, 1, -2, -1, -1, 2, 2, -1, 2, 2, 2, 1]"
755,dfs_bnb_mpi,101.048,-15,16,24700050,"[-1, -1, 2, 2, 2, 2, 1, 1, -2, 1, 2, 1, -2, 1, -2, -1, -2, -1, 2, -1, -2, -1, 2, 2]"
756,dfs_bnb_mpi,17.5554,-15,16,4617125,"[-1, -1, 2, 2, 2, 2, 1, 1, -2, -1, -2, 1, 1, 2, 2, 1, -2, 1, -2, -1, -2, -1, -1, -1]"
757,dfs_bnb_mpi,96.3374,-15,15,22589632,"[-1, -1, 2, 2, 2, 2, 2, 1, -2, 1, 2, 1, -2, -2, 1, -2, -1, -1, 2, -1, -2, -2, 1, 1]"
758,dfs_bnb_mpi,10.9828,-15,15,2640752,"[-1, -1, 2, 2, 2, 1, -2, -2, 1, 2, 2, 1, -2, 1, -2, -1, -2, 1, -2, -1, -1, -1, -1, -1]"
759,dfs_bnb_mpi,58.7456,-15,16,14193368,"[-1, -1, 2, 2, 2, 2, 1, 2, 1, 1, -2, -1, -2, -1, -2, 1, 1, 2, 1, -2, -2, -1, -1, -1]"
760,dfs_bnb_mpi,110.594,-15,16,24906999,"[-1, -1, 2, 1, 2, 2, 1, 2, 1, -2, 1, 2, 1, -2, -2, -1, -1, -1, -2, 1, -2, 1, 2, 1]"
761,dfs_bnb_mpi,126.283,-15,16,30834729,"[-1, -2, 1, 1, 1, -2, -1, -1, -1, -1, -2, 1, 1, 1, 1, -2, -1, -2, -1, 2, -1, -1, -2, 1]"
762,dfs_bnb_mpi,12.2804,-15,15,2913841,"[-1, -1, 2, 2, 2, 2, 2, 1, -2, -2, -2, -2, 1, 2, 2, 2, 2, 1, -2, -2, -2, -2, -2, 1]"
763,dfs_bnb_mpi,41.8905,-15,16,9836347,"[-1, -1, 2, 2, 2, 1, 1, -2, -1, -2, 1, 1, 2, 2, 1, -2, -2, -2, -1, -2, -2, -1, 2, -1]"
764,dfs_bnb_mpi,15.4527,-15,16,3796605,"[-1, -1, 2, 2, 1, -2, 1, 2, 2, -1, -1, -1, -1, -1, -2, -2, -2, 1, 2, 2, 1, -2, -2, -2]"
765,dfs_bnb_mpi,20.7217,-15,16,5181841,"[-1, -1, 2, 2, 2, 2, 1, -2, 1, -2, -1, -2, 1, 1, 1, 2, -1, 2, 1, 1, 2, -1, -1, -1]"
766,dfs_bnb_mpi,96.3402,-15,16,21700914,"[-1, -1, 2, 2, 2, 2, 2, 2, 1, -2, -2, 1, 2, 1, -2, -2, -1, -1, -2, 1, 1, -2, -1, -1]"
767,dfs_bnb_mpi,92.0107,-15,15,22971235,"[-1, -1, 2, 2, 2, 2, 2, 1, 1, 1, -2, -2, -1, -2, 1, 1, -2, -1, -1, -1, 2, 2, 2, 1]"
768,dfs_bnb_mpi,40.2921,-15,16,9065783,"[-1, -1, 2, 1, 2, -1, 2, 1, 1, 1, 1, -2, -1, -1, -2, 1, 1, -2, -1, -2, -1, -1, -2, 1]"
769,dfs_bnb_mpi,21.8837,-15,15,4972776,"[-1, -1, 2, 2, 2, 1, 1, 1, 1, -2, -1, -1, -1, -2, 1, 1, 1, -2, -1, -2, -1, -1, -1, -1]"
770,dfs_bnb_mpi,41.8288,-15,16,9755715,"[-1, -1, 2, 2, 1, -2, 1, 1, 2, -1, 2, 1, 2, 2, 2, -1, -2, -2, -1, -2, -1, 2, 2, 1]"
771,dfs_bnb_mpi,42.0752,-15,16,9482906,"[-1, -1, 2, 2, 2, 2, 2, 1, 2, 1, -2, 1, -2, -1, -1, -2, 1, -2, -1, -2, 1, 1, 2, 2]"
772,dfs_bnb_mpi,20.5781,-15,15,4869199,"[-1, -1, 2, 2, 2, 2, 1, 1, -2, -1, -2, -2, 1, 2, 1, -2, -2, 1, 1, 2, -1, 2, 2, -1]"
773,dfs_bnb_mpi,102.61,-15,16,24901360,"[-1, -1, 2, 2, 2, -1, -1, -2, 1, -2, -2, -1, 2, -1, 2, 2, 2, 1, 1, 1, 1, -2, -2, -2]"
774,dfs_bnb_mpi,19.4085,-15,16,4464512,"[-1, -1, 2, 1, 1, 2, 1, 1, -2, -1, -2, 1, -2, -1, -1, -1, -1, -2, 1, 1, -2, 1, 2, 1]"
775,dfs_bnb_mpi,33.7344,-15,16,7548358,"[-1, -2, 1, 1, 2, 1, 1, 1, -2, -2, -2, -1, 2, 2, -1, -2, -1, -1, -1, -2, 1, 1, 1, -2]"
776,dfs_bnb_mpi,35.5204,-15,16,7993210,"[-1, -2, 1, 1, 2, 1, -2, 1, -2, -1, -1, -1, -1, -2, 1, 1, 1, 1, -2, -1, -1, -1, -1, -1]"
777,dfs_bnb_mpi,100.437,-15,15,24855955,"[-1, -1, 2, 2, 2, 2, 1, 1, -2, -2, 1, 2, 1, -2, -2, 1, -2, -1, -1, 2, -1, -1, 2, 2]"
778,dfs_bnb_mpi,39.5808,-15,16,9456375,"[-1, -1, 2, 2, 2, 2, 2, 1, -2, -2, -2, -2, 1, 1, -2, 1, 2, 2, -1, -1, 2, 2, 1, -2]"
779,dfs_bnb_mpi,41.2744,-15,16,9982100,"[-1, -1, 2, 2, 2, 2, 2, 1, 1, -2, -1, -2, -2, -2, 1, 1, 2, -1, 2, 1, 1, 2, -1, 2]"
780,dfs_bnb_mpi,103.46,-15,16,23805816,"[-1, -1, 2, 2, 1, -2, 1, 2, 2, 2, -1, -2, -1, 2, -1, -1, -2, 1, -2, -1, -2, 1, -2, -1]"
781,dfs_bnb_mpi,174.451,-15,16,39054010,"[-1, -2, -1, -2, 1, 1, 2, 1, 2, 1, -2, 1, -2, -2, -2, -1, 2, 2, -1, -2, -2, -1, 2, -1]"
782,dfs_bnb_mpi,94.371,-15,16,23344828,"[-1, -1, 2, 2, 2, 2, 2, 2, 1, 1, -2, -1, -2, 1, 1, -2, -2, -2, -1, 2, 2, -1, -2, -2]"
783,dfs_bnb_mpi,37.9464,-16,17,9282464,"[-1, -1, 2, 2, 1, 2, -1, 2, 1, 1, -2, 1, 2, 1, -2, -2, -2, -2, -1, 2, 2, -1, -2, -1]"
784,dfs_bnb_mpi,94.6524,-15,16,22847529,"[-1, -1, 2, 2, 2, 2, 1, 1, 1, 2, 1, -2, -2, -1, -2, 1, -2, -1, -1, 2, 2, -1, -2, -2]"
785,dfs_bnb_mpi,46.3044,-15,16,11702032,"[-1, -1, 2, 1, 2, 2, 1, 1, -2, -1, -2, 1, -2, 1, 2, 2, 1, -2, -2, -2, -1, -1, -1, -1]"
786,dfs_bnb_mpi,10.9291,-15,16,2479602,"[-1, -1, 2, 2, 2, 2, 1, 1, 1, -2, -1, -1, -2, -2, 1, 2, 1, -2, -2, 1, 2, 2, 2, 2]"
787,dfs_bnb_mpi,24.2564,-15,15,5719909,"[-1, -1, 2, 2, -1, -2, -2, -2, 1, -2, 1, 2, 1, -2, 1, 2, 2, 2, 2, -1, -2, -1, 2, 2]"
788,dfs_bnb_mpi,115.039,-15,16,26435600,"[-1, -1, 2, 2, 2, 2, 1, 1, 1, 1, -2, -1, -2, 1, -2, -2, -1, 2, -1, 2, 2, -1, -2, -2]"
789,dfs_bnb_mpi,15.7642,-15,16,4027974,"[-1, -1, 2, 2, 2, 2, 1, 1, -2, -1, -2, -2, 1, 2, 1, 2, 1, -2, 1, -2, -1, -2, -1, 2]"
790,dfs_bnb_mpi,97.7154,-15,16,21899637,"[-1, -1, 2, 2, 2, 2, 1, 1, 1, 1, -2, -2, -2, -2, -1, 2, 2, 2, -1, -1, -2, 1, -2, -1]"
791,dfs_bnb_mpi,14.2281,-15,16,3474539,"[-1, -1, 2, 2, 2, 2, 2, 1, 1, -2, -1, -2, -2, -2, 1, 1, 2, -1, 2, 1, 2, 1, 2, -1]"
792,dfs_bnb_mpi,27.0036,-15,16,6541578,"[-1, -1, 2, 2, 2, 2, 1, 2, 1, 1, -2, -1, -2, -1, -2, 1, 1, 2, 1, -2, -2, -1, -1, -1]"
793,dfs_bnb_mpi,9.88631,-15,16,2213355,"[-1, -1, 2, 1, 2, -1, 2, 1, 1, 1, 1, 1, -2, -1, -1, -1, -2, 1, 1, 1, -2, -1, -1, -2]"
794,dfs_bnb_mpi,40.1947,-15,16,8985069,"[-1, -1, 2, 2, 2, 2, 2, 1, -2, 1, 1, 1, -2, -1, -1, -1, -2, -2, 1, 2, 1, 1, -2, -1]"
795,dfs_bnb_mpi,41.4126,-15,16,9327657,"[-1, -1, 2, 2, 2, 2, 2, 1, -2, -2, 1, 2, 1, -2, -2, -1, -1, -2, 1, 1, -2, 1, 2, 2]"
796,dfs_bnb_mpi,39.713,-15,16,8922579,"[-1, -1, 2, 2, 2, 2, 2, 2, 1, 1, -2, -1, -2, -2, 1, -2, -1, -2, 1, 1, 2, 2, 2, -1]"
797,dfs_bnb_mpi,104.309,-15,16,25512547,"[-1, -1, 2, 1, 1, 2, 1, 1, -2, -1, -2, 1, -2, -2, -1, -2, -1, 2, -1, -1, 2, 1, 1, 1]"
798,dfs_bnb_mpi,101.975,-15,16,22731564,"[-1, -1, 2, 2, 1, 2, 2, 2, 1, -2, 1, 2, 1, -2, -2, -1, -1, -2, 1, 1, -2, -1, -1, -1]"
799,dfs_bnb_mpi,109.537,-15,16,24481235,"[-1, -1, 2, 2, 2, 2, 1, 1, 1, 1, -2, -2, -2, -2, -1, 2, 2, 2, -1, -1, -2, 1, -2, -1]"
800,dfs_bnb_mpi,25.7278,-15,16,6213834,"[-1, -1, 2, 2, 2, 1, -2, -2, 1, 2, 1, 2, -1, 2, -1, -1, -1, -1, -2, 1, -2, -1, -2, 1]"
801,dfs_bnb_mpi,99.6095,-15,16,23969606,"[-1, -1, 2, 2, 2, 2, 1, 2, 1, -2, 1, 1, -2, -1, -2, 1, -2, -1, -1, 2, 2, -1, -2, -2]"
802,dfs_bnb_mpi,42.6387,-15,16,9593347,"[-1, -1, 2, 1, 2, 2, 1, 2, 1, 1, 1, -2, -1, -1, -2, -1, -2, 1, -2, 1, 2, 1, 2, -1]"
803,dfs_bnb_mpi,34.9171,-15,15,7731619,"[-1, -2, 1, 1, -2, -1, -1, -2, -2, 1, 2, 1, -2, 1, 2, 1, 2, -1, 2, 1, 2, -1, -1, 2]"
804,dfs_bnb_mpi,151.479,-15,16,33490807,"[-1, -2, 1, 1, 2, 2, 1, 2, 1, -2, -2, -1, -2, 1, -2, -1, -1, -1, -1, -2, 1, 1, 1, 1]"
805,dfs_bnb_mpi,56.4562,-16,17,13323866,"[-1, -1, 2, 2, 2, 2, 1, 1, 1, 1, -2, -1, -2, 1, -2, -2, -1, 2, -1, 2, 2, -1, -2, -2]"
806,dfs_bnb_mpi,82.0942,-15,15,20037056,"[-1, -1, 2, 2, 2, 2, 2, 2, 1, 1, 1, -2, -1, -1, -2, 1, 1, -2, -1, -1, -2, 1, -2, -1]"
807,dfs_bnb_mpi,53.2107,-15,16,12345941,"[-1, -1, 2, 2, 2, 1, -2, -2, 1, 2, 2, 2, -1, -1, -1, -1, -2, -2, -2, -2, 1, 2, 2, 2]"
808,dfs_bnb_mpi,41.4833,-15,16,9336053,"[-1, -1, 2, 2, -1, -2, -1, 2, 2, 1, 1, 2, 1, -2, -2, -2, 1, 2, 2, 2, 1, -2, -2, -2]"
809,dfs_bnb_mpi,105.722,-15,14,23561602,"[-1, -1, 2, 2, 2, 2, 2, 1, -2, 1, 2, 1, -2, 1, -2, -1, -1, -1, -2, 1, 1, -2, -1, -1]"
810,dfs_bnb_mpi,91.718,-15,16,22212885,"[-1, -1, 2, 2, 2, 1, 1, -2, -1, -2, 1, 1, 2, 2, 1, -2, 1, -2, -1, -2, -1, -2, -1, -1]"
811,dfs_bnb_mpi,107.951,-15,16,23926424,"[-1, -1, 2, 2, 2, 2, 1, 1, 1, 1, -2, -1, -1, -1, -2, 1, 1, 1, -2, -2, -1, 2, -1, -1]"
812,dfs_bnb_mpi,167.187,-15,16,37059132,"[-1, -2, 1, 1, -2, 1, -2, -1, -2, 1, -2, -1, -1, 2, 2, 2, -1, -1, -2, 1, -2, -1, -2, 1]"
813,dfs_bnb_mpi,38.9301,-16,17,9353283,"[-1, -1, 2, 2, 1, -2, 1, 2, 1, 1, -2, -1, -2, -2, -1, -1, -1, -2, 1, 1, 1, 1, 2, 2]"
814,dfs_bnb_mpi,40.9607,-15,16,9661768,"[-1, -1, 2, 2, 2, 1, -2, -2, 1, 2, 2, 2, -1, -1, -1, -1, -2, 1, -2, -1, -2, -2, 1, 2]"
815,dfs_bnb_mpi,105.667,-15,16,23427215,"[-1, -1, 2, 2, 2, 2, 2, 1, 1, 2, 1, -2, -2, -1, -1, -2, 1, 1, -2, -1, -1, -2, 1, 1]"
816,dfs_bnb_mpi,108.279,-15,16,23847884,"[-1, -1, 2, 2, 2, 2, 1, 2, 1, 1, 1, -2, -1, -1, -2, 1, 1, -2, -1, -1, -2, -1, 2, 2]"
817,dfs_bnb_mpi,96.0359,-15,16,21310763,"[-1, -1, 2, 2, 2, 2, 2, 1, -2, 1, 1, 1, -2, -1, -1, -1, -2, 1, 1, 1, -2, -1, -1, -1]"
818,dfs_bnb_mpi,98.1473,-15,15,22003276,"[-1, -1, 2, 2, 2, 2, 1, 1, 1, -2, -2, 1, -2, 1, -2, -1, -1, 2, -1, 2, 2, -1, -2, -2]"
819,dfs_bnb_mpi,98.6424,-15,16,23711636,"[-1, -1, 2, 1, 1, 1, 2, -1, 2, 1, 2, -1, -1, 2, -1, -2, -1, -2, 1, 1, -2, -1, -1, -2]"
820,dfs_bnb_mpi,118.349,-15,16,26397422,"[-1, -1, 2, 2, 1, 2, 2, 1, 2, 1, -2, 1, -2, -1, -1, -2, 1, 1, -2, -2, -1, 2, -1, -1]"
821,dfs_bnb_mpi,47.2869,-15,16,11566564,"[-1, -1, 2, 2, 2, 2, 1, 1, -2, -1, -2, 1, 1, 2, 2, 1, -2, -2, -2, -2, -1, 2, -1, -1]"
822,dfs_bnb_mpi,105.701,-15,16,24199046,"[-1, -1, 2, 2, 1, 2, -1, 2, 1, 1, 1, 1, -2, -2, -2, -2, -1, 2, 2, 2, -1, -2, -2, -1]"
823,dfs_bnb_mpi,35.3792,-14,15,9350392,"[-1, -1, 2, 2, 2, 2, 1, 2, 1, 1, -2, -1, -2, -1, -2, 1, 1, 2, 1, -2, -2, -1, -1, -1]"
824,dfs_bnb_mpi,102.093,-15,16,23507858,"[-1, -1, 2, 2, -1, -2, -2, -1, 2, 2, 2, 2, 2, 1, 1, 1, -2, -1, -1, -2, 1, 1, -2, -2]"
825,dfs_bnb_mpi,40.5341,-15,16,9065441,"[-1, -1, 2, 2, 2, 2, 1, 2, 1, 1, -2, -1, -2, -1, -2, -2, 1, 2, 1, 2, 1, -2, -2, -1]"
826,dfs_bnb_mpi,104.679,-15,15,23427427,"[-1, -1, 2, 2, 2, 2, 2, 1, 2, 1, -2, 1, -2, -1, -1, -2, 1, 1, -2, -1, -1, -2, 1, 1]"
827,dfs_bnb_mpi,25.3815,-15,16,6153303,"[-1, -1, 2, 2, 2, 2, 2, 2, 1, 1, -2, -1, -2, -2, -2, -2, 1, 1, 2, -1, 2, 2, 1, -2]"
828,dfs_bnb_mpi,24.8752,-15,16,5881589,"[-1, -1, 2, 2, 2, 1, 1, -2, -1, -2, 1, 1, 2, 2, 2, -1, -1, -1, -1, -2, -2, -2, -2, -1]"
829,dfs_bnb_mpi,57.4968,-15,16,14249906,"[-1, -2, 1, 1, 2, 2, 1, 1, -2, -1, -2, 1, -2, -1, -1, -1, -2, 1, 1, 1, 1, 2, 2, 2]"
830,dfs_bnb_mpi,5.50741,-15,16,1311639,"[-1, -1, 2, 2, 2, 2, 1, -2, -2, -2, 1, 2, 2, 2, 1, -2, 1, -2, -1, -2, 1, -2, -1, -2]"
831,dfs_bnb_mpi,90.7667,-15,15,22110476,"[-1, -1, 2, 2, 2, 2, 1, 1, 2, 1, -2, 1, -2, -1, -2, 1, -2, -1, -1, 2, 2, -1, -2, -2]"
832,dfs_bnb_mpi,20.8071,-15,16,4833581,"[-1, -1, 2, 2, 2, 2, 2, 1, 1, 1, -2, -1, -1, -2, 1, -2, -1, -2, 1, 1, 2, 1, 2, -1]"
833,dfs_bnb_mpi,76.4361,-15,16,18030863,"[-1, -2, 1, 1, 2, 2, 1, 1, -2, -1, -2, 1, 1, -2, -1, -1, -1, -1, -1, -2, 1, 1, 1, 1]"
834,dfs_bnb_mpi,108.115,-15,16,24862308,"[-1, -1, 2, 2, 2, 2, 2, 1, 1, 1, -2, -2, 1, -2, -1, -2, -1, 2, 2, 2, -1, -2, -2, -2]"
835,dfs_bnb_mpi,102.066,-15,16,24427280,"[-1, -1, 2, 1, 2, 2, 1, 2, 1, 1, -2, 1, -2, -1, -2, 1, -2, -1, -1, 2, -1, 2, 1, 2]"
836,dfs_bnb_mpi,80.4169,-15,16,20703687,"[-1, -1, 2, 2, 2, 2, 2, 1, -2, -2, 1, 2, 2, 1, -2, -2, 1, -2, -1, -1, -1, -2, 1, 1]"
837,dfs_bnb_mpi,39.5596,-15,16,8929193,"[-1, -1, 2, 2, 1, -2, 1, 2, 2, -1, -1, -1, -1, -2, 1, -2, -1, -2, 1, -2, 1, 1, -2, -1]"
838,dfs_bnb_mpi,122.89,-15,16,30084829,"[-1, -2, 1, 1, 2, 2, 1, 1, -2, 1, -2, -1, -2, -2, -1, -1, -1, -1, 2, 1, 1, 1, 2, 2]"
839,dfs_bnb_mpi,107.038,-15,16,24047266,"[-1, -1, 2, 2, 1, 2, -1, 2, 1, 1, 1, 1, -2, -1, -1, -2, 1, 1, -2, -2, -1, 2, -1, -1]"
840,dfs_bnb_mpi,42.5279,-15,16,9667727,"[-1, -1, 2, 2, 2, 2, 1, -2, -2, -2, 1, 1, -2, 1, 2, 2, -1, -1, 2, 2, 1, 1, -2, -1]"
841,dfs_bnb_mpi,7.11178,-15,16,1736397,"[-1, -1, 2, 2, 2, 1, 2, 1, -2, -2, -1, -2, 1, 1, -2, 1, 2, 2, -1, 2, 2, 1, -2, 1]"
842,dfs_bnb_mpi,111.943,-15,16,25211104,"[-1, -1, 2, 1, 1, 2, 1, -2, 1, 1, -2, -1, -1, -2, -1, -1, -1, -2, 1, 1, 1, 1, 2, 1]"
843,dfs_bnb_mpi,97.8435,-15,16,22021765,"[-1, -1, 2, 2, 2, 2, 2, 1, -2, 1, 1, -2, -1, -1, -2, 1, 1, 1, -2, -2, -1, 2, -1, -1]"
844,dfs_bnb_mpi,113.066,-15,15,25429043,"[-1, -1, -1, -1, 2, 1, 1, 1, 2, -1, 2, -1, -2, -1, 2, -1, -2, -2, -2, -2, 1, 1, 1, 1]"
845,dfs_bnb_mpi,41.1815,-15,16,9361256,"[-1, -1, 2, 2, 2, 2, 2, 2, 1, -2, -2, 1, 2, 1, -2, -2, -1, -1, -2, 1, 1, -2, -1, -1]"
846,dfs_bnb_mpi,187.863,-14,15,41931292,"[-1, -1, 2, 2, 2, 2, -1, -1, -2, -1, -1, -2, 1, 1, -2, -1, -1, -2, 1, 1, 1, 2, 2, 2]"
847,dfs_bnb_mpi,43.3804,-15,16,10359928,"[-1, -1, 2, 2, 2, 1, -2, 1, 2, 2, -1, -1, 2, 1, 2, 1, -2, 1, -2, -2, -2, -2, -1, -1]"
848,dfs_bnb_mpi,104.287,-15,16,23225913,"[-1, -1, 2, 2, 1, 2, 2, 1, 1, 1, -2, 1, -2, -1, -2, -2, -1, 2, 2, 2, -1, -2, -2, -1]"
849,dfs_bnb_mpi,94.7561,-15,16,22974936,"[-1, -1, 2, 2, 2, 2, 1, 2, 1, 1, -2, -1, -2, 1, 1, -2, -2, -1, 2, -1, -2, -1, 2, 2]"
850,dfs_bnb_mpi,60.6286,-15,16,14975374,"[-1, -1, 2, 2, 2, 2, 1, 1, -2, -2, 1, 2, 2, 2, 1, -2, -2, -2, -2, -1, -1, -1, 2, 2]"
851,dfs_bnb_mpi,44.774,-14,15,10036489,"[-1, -1, 2, 1, 2, -1, 2, 2, -1, -1, -1, -2, 1, 1, -2, -1, -1, -2, 1, 1, -2, -1, -1, -1]"
852,dfs_bnb_mpi,41.1187,-14,14,9122935,"[-1, -1, 2, 2, 2, 1, -2, -2, 1, 2, 2, 2, 2, -1, -2, -1, 2, -1, -2, -2, -2, -2, -2, -1]"
853,dfs_bnb_mpi,43.9293,-15,16,9876472,"[-1, -1, 2, 2, 2, 2, 2, 2, 1, 1, -2, -1, -2, -2, 1, -2, -1, -2, 1, 1, 2, 2, 2, -1]"
854,dfs_bnb_mpi,8.6564,-15,16,2110265,"[-1, -1, 2, 2, 2, 2, 1, -2, -2, -2, 1, 2, 2, 2, 1, -2, 1, -2, -1, -2, 1, -2, -1, -2]"
855,dfs_bnb_mpi,98.076,-15,16,23719256,"[-1, -1, 2, 2, -1, -2, -2, -1, 2, 2, 2, 1, 1, 2, -1, -1, 2, 1, 1, 1, -2, -2, -2, -2]"
856,dfs_bnb_mpi,103.283,-15,15,23176874,"[-1, -1, 2, 2, 2, 1, -2, -2, 1, 2, 2, 2, -1, -1, -1, -1, -2, 1, -2, -1, -2, 1, -2, -1]"
857,dfs_bnb_mpi,36.8182,-15,16,9245291,"[-1, -1, 2, 2, 1, 2, 2, 1, 1, 1, -2, -1, -1, -2, 1, 1, 1, -2, -1, -2, -1, 2, -1, -1]"
858,dfs_bnb_mpi,49.4013,-15,16,11504645,"[-1, -1, 2, 2, 2, 2, 1, 1, 1, 1, -2, -1, -1, -1, -2, 1, 1, 1, -2, -2, -1, 2, -1, -1]"
859,dfs_bnb_mpi,80.055,-15,16,19475306,"[-1, -1, 2, 2, 1, -2, 1, 2, 2, 2, -1, -1, -1, -1, -2, -2, -2, -2, 1, 2, 2, 2, 1, 1]"
860,dfs_bnb_mpi,58.7068,-15,16,13941479,"[-1, -1, 2, 1, 2, -1, -1, -2, -2, -1, -2, 1, 1, -2, 1, 2, 1, -2, -2, -1, -1, -1, 2, -1]"
861,dfs_bnb_mpi,27.135,-15,16,6484045,"[-1, -1, 2, 2, 1, -2, 1, 2, 2, 2, -1, -2, -1, -1, -2, -2, -2, -1, 2, 2, 2, 2, 1, 1]"
862,dfs_bnb_mpi,103.628,-15,16,24590772,"[-1, -1, 2, 1, 2, 2, 1, 2, 1, 1, -2, 1, -2, -1, -2, 1, -2, -1, -1, 2, -1, 2, 1, 2]"
863,dfs_bnb_mpi,41.7919,-15,16,9260926,"[-1, -1, 2, 2, 2, 2, 1, 2, 1, 1, 1, -2, -1, -1, -2, -1, -2, -2, 1, 2, 1, 1, 2, -1]"
864,dfs_bnb_mpi,45.7209,-15,16,10152405,"[-1, -1, 2, 2, 2, 2, 2, 1, 1, 1, -2, 1, -2, -1, -1, 2, -1, -2, -2, 1, 1, -2, -1, -1]"
865,dfs_bnb_mpi,42.4493,-15,16,10399158,"[-1, -1, 2, 2, 2, 2, 1, -2, -2, 1, 2, 2, 1, 1, 1, -2, -1, -1, -2, 1, -2, -1, -1, -1]"
866,dfs_bnb_mpi,41.9978,-15,16,9297771,"[-1, -1, 2, 2, 1, -2, 1, 2, 2, 2, -1, -2, -1, 2, -1, -1, -2, 1, -2, -1, -2, -2, 1, 2]"
867,dfs_bnb_mpi,99.2739,-15,16,22307128,"[-1, -1, 2, 2, 2, 2, 1, 2, 1, 1, -2, -2, 1, -2, -2, -1, 2, -1, -2, -1, 2, 2, 1, 2]"
868,dfs_bnb_mpi,49.9577,-15,16,11637436,"[-1, -1, 2, 2, 1, 2, 2, 2, 1, -2, 1, 1, -2, -1, -1, -2, 1, 1, -2, -2, -1, 2, -1, -1]"
869,dfs_bnb_mpi,61.7749,-15,16,14888048,"[-1, -1, 2, 1, 1, 2, 1, 1, 1, -2, -1, -1, -2, -2, 1, 2, 1, -2, -2, -1, -1, -1, 2, -1]"
870,dfs_bnb_mpi,139.512,-15,16,31233301,"[-1, -2, 1, 1, 2, 2, 1, 1, 1, -2, -1, -1, -2, 1, -2, -1, -1, -1, -1, -2, 1, 1, 1, 1]"
871,dfs_bnb_mpi,9.76466,-15,16,2305770,"[-1, -1, 2, 2, 2, 2, 1, -2, -2, -2, 1, 1, -2, 1, 2, 2, -1, -1, 2, 2, 1, -2, 1, 2]"
872,dfs_bnb_mpi,61.7923,-15,16,14938384,"[-1, -1, 2, 2, 2, 2, 1, 1, -2, -2, 1, 2, 2, 2, 1, -2, -2, -2, -2, -1, -1, -1, 2, 2]"
873,dfs_bnb_mpi,171.124,-15,16,38243503,"[-1, -2, -2, -1, -2, 1, -2, 1, 2, 2, 2, 1, 2, 1, -2, 1, -2, -1, -1, -2, -2, 1, 2, 1]"
874,dfs_bnb_mpi,152.211,-15,16,36285268,"[-1, -2, 1, 1, 2, 2, 1, 1, 1, -2, -2, -2, -1, -2, -1, -1, -1, 2, 1, 1, 2, 2, 1, -2]"
875,dfs_bnb_mpi,39.1269,-15,16,8877894,"[-1, -1, 2, 2, 2, 2, 1, 2, 1, -2, 1, 1, -2, -1, -1, -1, -2, -2, 1, 2, 1, 1, -2, -1]"
876,dfs_bnb_mpi,94.3967,-15,16,21369468,"[-1, -1, 2, 2, 1, -2, 1, 2, 2, -1, -1, 2, -1, -2, -1, -2, 1, -2, -1, -2, 1, -2, 1, 1]"
877,dfs_bnb_mpi,97.3555,-15,16,22570995,"[-1, -1, 2, 2, 2, 1, 2, 2, 1, 1, 1, -2, -1, -2, 1, -2, -1, -2, -1, -1, 2, 1, 2, 2]"
878,dfs_bnb_mpi,99.6172,-15,16,22401197,"[-1, -1, 2, 2, 2, 2, 1, 1, 1, 1, -2, -2, -2, -2, -1, 2, 2, 2, -1, -1, -2, 1, -2, -1]"
879,dfs_bnb_mpi,17.1688,-15,16,3878229,"[-1, -1, 2, 2, 2, 2, 1, 2, 1, 1, -2, -1, -2, -1, -2, -2, 1, 2, 1, 2, 1, -2, -2, -1]"
880,dfs_bnb_mpi,49.8314,-15,16,11697753,"[-1, -1, 2, 2, 2, 2, 1, 1, 1, 1, -2, -1, -1, -1, -2, 1, 1, 1, -2, -2, -1, 2, -1, -1]"
881,dfs_bnb_mpi,95.9421,-15,16,23262162,"[-1, -1, 2, 2, 1, 2, 1, 1, 1, 2, 1, -2, -2, -1, -2, 1, -2, -1, -1, 2, 2, -1, -2, -1]"
882,dfs_bnb_mpi,76.1928,-15,15,18738050,"[-1, -1, 2, 2, 2, 2, 1, 1, 2, -1, 2, 1, 1, -2, -2, -2, -2, -2, -1, 2, 2, -1, -2, -2]"
883,dfs_bnb_mpi,105.94,-15,16,25611883,"[-1, -1, 2, 2, 2, 2, 1, -2, 1, 2, 2, 1, -2, 1, -2, -2, -2, -1, -1, -1, 2, 1, 1, 2]"
884,dfs_bnb_mpi,35.4449,-15,15,8924185,"[-1, -1, 2, 2, 2, 2, 2, 1, 1, 1, -2, -1, -1, -2, -2, 1, 2, 1, 1, -2, -1, -2, -1, -1]"
885,dfs_bnb_mpi,12.4096,-15,16,2940754,"[-1, -1, 2, 2, 2, 1, 1, 1, 1, -2, -1, -1, -1, -2, 1, 1, 1, -2, -1, -2, -1, -1, -1, -1]"
886,dfs_bnb_mpi,23.6181,-15,16,5582452,"[-1, -1, 2, 1, 2, -1, 2, 1, 1, 1, 1, 1, -2, -2, -2, -1, 2, 2, -1, -1, -2, 1, -2, -2]"
887,dfs_bnb_mpi,31.7234,-15,16,7835948,"[-1, -1, 2, 1, 2, 2, 1, 2, 1, -2, -2, -1, -2, 1, -2, 1, 2, 1, 2, 2, 2, -1, -2, -2]"
888,dfs_bnb_mpi,98.3067,-15,16,23693596,"[-1, -2, 1, 1, 1, -2, -1, -1, -1, -1, -2, 1, 1, -2, 1, 2, 1, -2, -2, -1, -1, -1, 2, -1]"
889,dfs_bnb_mpi,9.7879,-15,16,2187990,"[-1, -1, 2, 2, 2, 2, 1, 1, 1, 1, -2, -1, -1, -1, -2, -2, 1, 2, 1, 1, -2, -1, -2, 1]"
890,dfs_bnb_mpi,113.824,-15,16,25244526,"[-1, -1, 2, 1, 2, 2, 1, 2, 1, -2, 1, 2, 1, -2, -2, -1, -1, -1, -2, 1, -2, 1, 2, 1]"
891,dfs_bnb_mpi,95.7438,-15,16,21317191,"[-1, -1, 2, 2, 2, 1, 1, 2, 1, 1, -2, 1, -2, -1, -2, -2, -1, 2, -1, -1, 2, 1, 1, 2]"
892,dfs_bnb_mpi,135.5,-15,16,30104091,"[-1, -1, -1, -1, 2, 2, 1, 2, -1, 2, 1, 1, 1, 1, -2, -1, -1, -2, 1, 1, -2, -1, -1, -1]"
893,dfs_bnb_mpi,50.6798,-15,16,12953426,"[-1, -1, 2, 2, 2, 1, 1, 1, -2, -1, -1, -2, 1, 1, 1, 2, 1, -2, -2, -1, -1, -2, -1, -1]"
894,dfs_bnb_mpi,20.4558,-15,16,4963691,"[-1, -1, 2, 2, 2, 1, 2, 1, -2, -2, -1, -2, 1, 1, -2, 1, 2, 2, -1, 2, 2, 1, -2, 1]"
895,dfs_bnb_mpi,22.5158,-15,16,5067340,"[-1, -1, 2, 2, 2, 1, 1, 1, 1, 1, -2, -2, -2, -1, 2, 2, -1, -1, -1, -2, 1, 1, -2, -2]"
896,dfs_bnb_mpi,16.3682,-15,16,3940756,"[-1, -1, 2, 2, 2, 2, 1, -2, 1, -2, -1, -2, 1, 1, 1, 2, -1, 2, 1, 2, -1, 2, -1, -2]"
897,dfs_bnb_mpi,27.34,-15,16,6941524,"[-1, -1, 2, 2, 2, 2, 1, -2, -2, -2, 1, 2, 2, 2, 2, 1, -2, 1, -2, -1, -2, 1, -2, -1]"
898,dfs_bnb_mpi,44.3199,-15,16,10142347,"[-1, -1, 2, 2, 1, 1, 1, 2, -1, -1, 2, 2, 1, -2, 1, 2, 1, -2, -2, -2, -2, -1, -1, -1]"
899,dfs_bnb_mpi,49.2629,-15,16,11500610,"[-1, -1, 2, 2, 1, -2, 1, 2, 2, 2, -1, -2, -1, 2, -1, -1, -2, -2, -2, -2, 1, 2, 2, 2]"
900,dfs_bnb_mpi,133.707,-15,16,30058846,"[-1, -1, -1, -1, 2, 2, 2, 2, 1, 1, 1, 1, -2, -1, -1, -1, -2, 1, 1, 1, -2, -1, -1, -1]"
901,dfs_bnb_mpi,23.2366,-15,16,5309903,"[-1, -1, 2, 2, 2, 2, 2, 1, -2, -2, 1, 2, 2, 1, -2, -2, -2, -1, -1, -2, 1, 1, -2, 1]"
902,dfs_bnb_mpi,180.989,-14,15,40600606,"[-1, -1, 2, 2, 2, -1, -2, -1, -1, -1, -2, 1, 1, 1, -2, -1, -1, -1, -2, 1, 1, 1, 1, 1]"
903,dfs_bnb_mpi,187.903,-15,16,42095010,"[-1, -2, -1, -2, -2, 1, 2, 1, 2, 1, 2, 1, -2, 1, -2, -1, -1, -2, -1, -2, 1, 1, 2, 1]"
904,dfs_bnb_mpi,48.7099,-15,16,11367100,"[-1, -1, 2, 2, 2, 2, 1, 2, 1, 1, 1, -2, -2, -1, 2, -1, -2, -2, 1, -2, -1, -1, 2, 2]"
905,dfs_bnb_mpi,101.626,-15,16,22838460,"[-1, -1, 2, 2, 2, 1, 2, 2, 1, -2, 1, 2, 1, -2, -2, -1, -1, -2, -1, -2, 1, 1, 2, 1]"
906,dfs_bnb_mpi,102.345,-15,16,25416702,"[-1, -1, 2, 2, 2, 2, 2, 1, -2, -2, 1, 2, 2, 1, -2, 1, -2, -1, -2, -1, -1, -2, 1, 1]"
907,dfs_bnb_mpi,7.50999,-15,15,1712488,"[-1, -1, 2, 2, 2, 2, 1, 1, -2, -1, -2, -2, 1, 2, 1, 2, 2, 1, -2, 1, -2, -1, -2, -1]"
908,dfs_bnb_mpi,103.101,-15,16,24934446,"[-1, -1, 2, 2, 2, 2, 2, 2, 1, 1, -2, 1, -2, -1, -2, 1, -2, -1, -2, -1, 2, 2, 2, 2]"
909,dfs_bnb_mpi,80.0363,-15,16,19583224,"[-1, -1, 2, 2, 1, 2, 2, 2, 1, -2, -2, 1, 2, 1, -2, -2, -2, -2, -1, 2, 2, -1, -2, -1]"
910,dfs_bnb_mpi,28.7467,-15,16,6606583,"[-1, -2, 1, 1, 2, 2, 1, 1, -2, -1, -2, 1, -2, -1, -2, -1, 2, -1, -2, -2, 1, 1, 1, 2]"
911,dfs_bnb_mpi,99.4195,-15,16,22302910,"[-1, -1, 2, 2, 2, 2, 2, 1, 2, 1, -2, 1, -2, -1, -1, -2, 1, 1, -2, -1, -1, -2, 1, 1]"
912,dfs_bnb_mpi,48.035,-15,16,11109117,"[-1, -1, 2, 2, 2, 2, 1, 1, 1, 1, -2, -1, -1, -1, -2, 1, 1, 1, -2, -2, -1, 2, -1, -1]"
913,dfs_bnb_mpi,42.4631,-15,16,9555066,"[-1, -2, -2, -2, -2, 1, 2, 2, 2, 1, 2, 1, 1, -2, -1, -2, -1, -2, -2, 1, 2, 1, 2, 1]"
914,dfs_bnb_mpi,25.4952,-15,16,6013134,"[-1, -1, 2, 1, 1, 1, 1, 1, -2, -1, -1, -2, 1, 1, -2, -1, -1, -1, 2, -1, -1, -2, 1, -2]"
915,dfs_bnb_mpi,104.504,-15,16,23450285,"[-1, -1, 2, 2, 1, 2, 2, 1, -2, 1, 1, 1, -2, -1, -2, 1, -2, -1, -1, 2, 2, -1, -2, -1]"
916,dfs_bnb_mpi,46.2906,-15,16,10668797,"[-1, -1, 2, 1, 2, 2, 1, 2, 1, -2, -2, -1, -2, 1, -2, 1, 2, 2, 2, 2, 1, -2, -2, -2]"
917,dfs_bnb_mpi,103.138,-15,16,24770398,"[-1, -1, 2, 2, 2, 2, 1, 2, 1, -2, -2, 1, 2, 1, -2, -2, -2, -1, 2, -1, -2, -1, 2, 2]"
918,dfs_bnb_mpi,118.97,-15,16,26849220,"[-1, -1, 2, -1, -2, -1, -1, -2, 1, 1, 1, 1, 1, -2, -1, -1, -1, -1, -1, -2, 1, 1, 1, 1]"
919,dfs_bnb_mpi,36.5396,-15,16,9030442,"[-1, -1, 2, 1, 2, -1, -1, -1, -2, 1, -2, -1, -2, 1, 1, 1, -2, -1, -1, -1, -1, 2, 2, 2]"
920,dfs_bnb_mpi,101.083,-15,16,22932657,"[-1, -1, 2, 2, -1, -2, -2, -1, -1, 2, 1, 2, -1, 2, 2, 1, -2, 1, 2, 1, -2, 1, -2, -2]"
921,dfs_bnb_mpi,64.5803,-15,16,15681413,"[-1, -1, 2, 2, 2, 2, 1, 2, 1, -2, 1, 1, -2, -1, -1, -2, 1, 1, -2, -1, -1, -1, 2, 2]"
922,dfs_bnb_mpi,59.3865,-15,16,14404785,"[-1, -1, 2, 2, 2, 2, 2, 1, 1, 1, -2, -1, -1, -2, 1, 1, -2, 1, -2, -1, -1, 2, -1, -2]"
923,dfs_bnb_mpi,96.2324,-15,16,23695169,"[-1, -2, 1, 1, 2, 2, 1, 1, -2, 1, -2, -1, -2, 1, -2, -1, -1, -1, -1, 2, 1, 1, 2, 2]"
924,dfs_bnb_mpi,44.9994,-15,16,10275103,"[-1, -1, 2, 1, 1, 2, 1, 1, 1, -2, -1, -1, -2, 1, 1, -2, -1, -1, -1, -1, -2, 1, 1, 1]"
925,dfs_bnb_mpi,16.4024,-15,15,3705698,"[-1, -1, 2, 2, 2, 2, 1, 1, 1, -2, -1, -1, -2, -2, 1, 2, 1, 1, -2, -1, -2, -2, 1, 2]"
926,dfs_bnb_mpi,97.4114,-15,16,21759753,"[-1, -1, 2, 2, 2, 2, 1, 1, 1, 1, -2, -2, -2, -2, -1, 2, 2, 2, -1, -1, -2, 1, -2, -1]"
927,dfs_bnb_mpi,20.7551,-15,16,4921234,"[-1, -1, 2, 2, 2, 2, 1, -2, -2, -2, 1, 1, 1, 2, -1, -1, 2, 2, 2, 1, -2, 1, -2, -1]"
928,dfs_bnb_mpi,109.328,-15,16,24607803,"[-1, -1, 2, 2, 2, 2, 1, 1, 1, 1, -2, -2, -2, -2, -1, 2, 2, 2, -1, -1, -2, 1, -2, -1]"
929,dfs_bnb_mpi,18.4322,-15,16,4492774,"[-1, -1, 2, 1, 1, 1, 1, -2, -1, -2, 1, -2, -1, -2, -1, -1, -1, 2, 1, 1, 2, -1, -1, -1]"
930,dfs_bnb_mpi,101.845,-15,15,22740157,"[-1, -1, 2, 2, 2, 2, 1, 2, 1, 1, 1, -2, -2, -1, 2, -1, -2, -1, -2, 1, 1, -2, -1, -1]"
931,dfs_bnb_mpi,43.1468,-15,16,10476594,"[-1, -2, 1, 1, 2, 2, 1, 1, 1, -2, -1, -1, -2, 1, 1, -2, -1, -2, -1, 2, -1, -1, -2, 1]"
932,dfs_bnb_mpi,72.2131,-15,16,17036263,"[-1, -1, -1, -1, 2, 2, 2, 2, 1, 1, -2, -1, -2, -2, 1, 2, 1, 2, 2, 1, -2, -2, -2, -1]"
933,dfs_bnb_mpi,78.2311,-15,16,19154452,"[-1, -1, 2, 2, 2, 2, 2, 1, -2, 1, 2, 1, 1, -2, -1, -2, -2, -2, -1, 2, 2, -1, -2, -2]"
934,dfs_bnb_mpi,45.2948,-15,16,10458081,"[-1, -1, 2, 2, 2, 1, 2, 1, 1, -2, -1, -2, -1, -2, 1, 1, 2, 1, -2, 1, 2, 2, -1, 2]"
935,dfs_bnb_mpi,32.966,-15,16,8054039,"[-1, -1, 2, 2, 2, 2, 1, 1, -2, -1, -2, -2, 1, 2, 1, 2, 1, -2, -2, -1, -2, 1, 1, 2]"
936,dfs_bnb_mpi,18.4781,-15,16,4244226,"[-1, -1, 2, 2, 2, 2, 2, 1, 1, -2, -1, -2, 1, -2, -1, -2, 1, 1, 2, 1, 2, 2, -1, -2]"
937,dfs_bnb_mpi,53.9692,-15,16,12680902,"[-1, -1, 2, 1, 2, -1, 2, -1, -1, -1, -2, 1, 1, -2, -2, -1, 2, -1, -2, -2, 1, 1, 1, 1]"
938,dfs_bnb_mpi,77.0062,-15,16,18941514,"[-1, -1, 2, 2, 2, 2, 2, 1, 1, 1, -2, 1, -2, -1, -1, -2, 1, -2, -1, -1, 2, 2, 2, 1]"
939,dfs_bnb_mpi,42.3721,-15,16,9673289,"[-1, -1, 2, 2, 2, 1, 1, 2, -1, 2, 1, 1, -2, -2, -2, -1, -1, -2, 1, 1, 1, 2, 2, 2]"
940,dfs_bnb_mpi,72.7742,-15,16,17642219,"[-1, -1, 2, 1, 2, 2, 1, 2, 1, 1, -2, -1, -2, -1, -2, 1, -2, 1, 1, 2, -1, 2, 1, 2]"
941,dfs_bnb_mpi,60.6527,-15,16,14617727,"[-1, -1, 2, 2, 1, 2, 2, 2, 1, 1, 1, -2, -1, -1, -2, 1, 1, -2, -2, -1, 2, -1, -2, -1]"
942,dfs_bnb_mpi,180.531,-14,15,40342094,"[-1, -1, 2, 2, 1, 1, 1, 1, -2, -2, -2, -2, -1, -1, -1, -1, 2, 1, 1, 1, 2, 2, -1, -1]"
943,dfs_bnb_mpi,16.5122,-14,15,3715620,"[-1, -1, 2, 2, 2, 1, 1, 2, 1, 1, -2, -1, -2, -1, -1, -2, 1, 1, -2, 1, 2, 2, 1, 2]"
944,dfs_bnb_mpi,45.8835,-15,16,10524868,"[-1, -1, 2, 2, -1, -2, -2, -1, 2, -1, 2, 1, 2, -1, 2, 1, 1, -2, 1, 2, 1, -2, -2, -2]"
945,dfs_bnb_mpi,108.88,-15,15,24032098,"[-1, -1, 2, 2, 2, 2, 2, 2, 1, 1, -2, -2, 1, -2, -1, -2, 1, -2, -1, -1, 2, 2, 2, 2]"
946,dfs_bnb_mpi,137.985,-15,16,30468828,"[-1, -1, 2, -1, -1, -1, -2, -2, -2, -2, 1, 2, 2, 2, 1, -2, 1, 1, -2, -1, -1, -2, 1, 1]"
947,dfs_bnb_mpi,99.1091,-15,16,21867624,"[-1, -1, 2, 2, 2, 2, 1, -2, -2, -2, 1, 2, 2, 1, 1, -2, -1, -2, 1, -2, -1, -2, -1, -1]"
948,dfs_bnb_mpi,31.568,-16,17,7086522,"[-1, -1, -1, 2, 1, 1, 1, 1, -2, -2, -1, -1, -1, -1, -2, 1, 1, 1, 1, -2, -1, -1, -1, -1]"
949,dfs_bnb_mpi,26.842,-15,15,5939304,"[-1, -1, -1, 2, 1, 2, -1, 2, 2, 1, -2, 1, 2, 1, 1, -2, -1, -2, -1, -2, 1, 1, 2, 1]"
950,dfs_bnb_mpi,63.0199,-15,16,14973653,"[-1, -1, 2, 2, 1, -2, 1, 1, -2, 1, -2, -1, -1, -2, -1, 2, -1, -2, -2, 1, 1, 1, 2, 1]"
951,dfs_bnb_mpi,19.9695,-15,16,5046427,"[-1, -1, 2, 2, 2, 2, 2, 1, -2, -2, 1, -2, -1, -2, 1, 1, 2, 2, 2, -1, 2, 2, -1, -1]"
952,dfs_bnb_mpi,189.146,-14,15,42055083,"[-1, -1, 2, 2, 2, 2, -1, -1, -1, -1, -2, -2, -2, 1, 2, 2, 1, 1, -2, -1, -2, 1, -2, -1]"
953,dfs_bnb_mpi,39.1659,-15,16,9615423,"[-1, -1, 2, 1, 1, 2, 1, 1, -2, -1, -2, 1, -2, -1, -1, -1, -2, 1, 1, 1, 1, 2, 2, 2]"
954,dfs_bnb_mpi,109.757,-14,15,25986768,"[-1, -1, 2, 2, 2, 2, 2, -1, -1, -1, -2, 1, 1, -2, -1, -1, -2, -2, 1, -2, 1, 2, 2, -1]"
955,dfs_bnb_mpi,20.5541,-15,16,4830805,"[-1, -1, 2, 2, 2, 1, 2, 2, 1, -2, -2, 1, -2, -1, -1, -2, 1, 1, 1, 2, 2, 2, -1, 2]"
956,dfs_bnb_mpi,45.4596,-15,16,11633625,"[-1, -1, 2, 2, 2, 2, 1, 1, 1, -2, -1, -1, -2, 1, 1, 1, -2, 1, -2, -1, -1, 2, -1, -1]"
957,dfs_bnb_mpi,50.239,-15,16,13036012,"[-1, -1, 2, 2, 2, 2, 2, 1, -2, -2, 1, 2, 2, 1, -2, -2, -2, 1, -2, -1, -1, 2, -1, -2]"
958,dfs_bnb_mpi,18.3371,-14,14,4159769,"[-1, -1, 2, 2, 2, 2, 2, 1, 1, 1, -2, -1, -1, -2, 1, 1, -2, -1, -1, -2, 1, 1, 1, 2]"
959,dfs_bnb_mpi,75.0573,-15,16,18494420,"[-1, -1, 2, 2, 2, 1, 2, 2, 1, -2, 1, 2, 1, -2, -2, -2, -1, -2, -1, -1, 2, 1, 2, 1]"
960,dfs_bnb_mpi,73.5353,-15,16,18017133,"[-1, -1, 2, 2, 2, 2, 2, 2, 1, 1, -2, -1, -2, 1, 1, -2, -2, -2, -1, 2, 2, -1, -2, -2]"
961,dfs_bnb_mpi,42.154,-15,16,10179000,"[-1, -1, 2, 2, 2, 2, 1, -2, -2, -2, 1, 1, 1, 2, 2, 2, -1, -2, -2, -1, 2, 2, 2, 1]"
962,dfs_bnb_mpi,23.6717,-15,15,5330119,"[-1, -1, 2, 2, -1, -2, -2, -1, 2, 2, 2, 2, 1, -2, 1, 2, 1, -2, 1, -2, -1, -2, 1, 1]"
963,dfs_bnb_mpi,33.7827,-15,16,8308787,"[-1, -1, 2, 2, 2, 2, 1, 1, -2, -1, -2, -2, 1, 2, 1, 2, 2, 1, -2, -2, -2, -2, -1, 2]"
964,dfs_bnb_mpi,209.694,-15,16,47283876,"[-1, -2, -2, -1, -2, 1, 1, 2, 2, 1, 2, 2, 1, 1, -2, -1, -2, 1, -2, -1, -1, -2, 1, 1]"
965,dfs_bnb_mpi,10.2595,-15,16,2320053,"[-1, -1, 2, 1, 2, 1, -2, 1, 2, 1, -2, -2, -1, -2, 1, -2, -1, -1, 2, -1, -1, -2, 1, -2]"
966,dfs_bnb_mpi,95.8017,-15,16,21560470,"[-1, -1, 2, 2, 2, 1, 1, 2, 1, -2, 1, 1, -2, -2, -1, 2, -1, -1, -1, -2, 1, 1, -2, 1]"
967,dfs_bnb_mpi,35.7862,-15,16,8751380,"[-1, -1, 2, 1, 2, 2, 1, 2, 1, -2, -2, -1, -2, 1, -2, 1, 1, 2, -1, 2, 1, 2, -1, 2]"
968,dfs_bnb_mpi,27.139,-16,17,6111228,"[-1, -1, 2, -1, -2, -2, -2, -2, 1, 2, 2, 1, 1, -2, -1, -2, 1, 1, 2, 2, 2, 2, -1, -1]"
969,dfs_bnb_mpi,55.8837,-15,16,13286584,"[-1, -1, 2, 2, 2, 2, 1, 1, 2, 1, -2, 1, -2, -1, -1, -2, 1, 1, -2, -1, -1, -1, 2, 2]"
970,dfs_bnb_mpi,105.047,-15,16,23751763,"[-1, -1, 2, 2, 1, 2, 2, 1, 1, 1, -2, -2, -2, 1, -2, -1, -1, 2, 2, 2, -1, -2, -2, -1]"
971,dfs_bnb_mpi,100.513,-15,15,22637737,"[-1, -1, 2, 2, 2, 2, 1, 1, -2, 1, 1, -2, 1, -2, -1, -2, -1, 2, 2, -1, -2, -1, 2, 2]"
972,dfs_bnb_mpi,120.022,-15,16,27272604,"[-1, -1, -1, -1, 2, 2, 2, 2, 1, 1, 1, 1, -2, -2, -2, -1, 2, 2, -1, -1, -2, 1, -2, -1]"
973,dfs_bnb_mpi,25.2067,-15,16,6139523,"[-1, -1, 2, 2, 2, 2, 2, 2, 1, 1, -2, -1, -2, -2, -2, -2, 1, 1, 2, -1, 2, 2, 1, -2]"
974,dfs_bnb_mpi,99.9039,-15,16,22572134,"[-1, -1, 2, 1, 2, 1, -2, 1, -2, 1, -2, -2, -2, -1, 2, 2, -1, -1, -1, -2, 1, 1, -2, -1]"
975,dfs_bnb_mpi,45.7906,-15,16,10717533,"[-1, -1, 2, 2, 2, 2, 2, 1, -2, 1, 1, -2, -1, -1, -2, 1, 1, 1, -2, -2, -1, 2, -1, -1]"
976,dfs_bnb_mpi,65.2449,-15,16,15909762,"[-1, -1, 2, 2, 2, 2, 1, -2, 1, 2, 1, 2, 1, -2, -2, -1, -2, 1, -2, -1, -1, 2, -1, -2]"
977,dfs_bnb_mpi,89.5336,-15,16,20152615,"[-1, -1, 2, 2, 2, 1, 2, 1, -2, 1, 1, -2, -1, -1, -1, -2, 1, 1, 1, -2, -1, -2, -1, -1]"
978,dfs_bnb_mpi,51.0195,-15,16,11746866,"[-1, -1, 2, -1, -2, -1, -2, 1, 1, 1, 1, 1, -2, -2, -1, 2, -1, -1, -1, -1, -2, 1, 1, 1]"
979,dfs_bnb_mpi,104.622,-15,16,23156304,"[-1, -1, 2, 1, 1, 2, 1, 1, -2, -2, 1, -2, -1, -2, -1, -1, -1, -1, 2, 1, 1, 1, 2, 2]"
980,dfs_bnb_mpi,100.767,-15,16,23957604,"[-1, -1, 2, 1, 2, 2, 2, -1, -1, -1, -2, -1, -2, 1, -2, -1, -2, 1, 1, 2, 2, 2, 1, -2]"
981,dfs_bnb_mpi,74.4187,-15,15,18918045,"[-1, -1, 2, 2, 2, 2, 1, 1, -2, -2, 1, 2, 1, -2, -2, -2, -2, -1, 2, 2, -1, -1, 2, 2]"
982,dfs_bnb_mpi,103.647,-15,16,22990245,"[-1, -1, 2, 2, 1, 2, 2, 2, 1, -2, -2, 1, 2, 1, -2, -2, -2, -2, -1, 2, 2, -1, -2, -1]"
983,dfs_bnb_mpi,54.2205,-15,16,13796847,"[-1, -1, 2, 2, 2, 2, 1, 2, 1, 1, -2, -1, -2, -2, 1, 2, 1, -2, -2, -1, -1, -1, 2, 2]"
984,dfs_bnb_mpi,106.32,-15,16,24280235,"[-1, -1, 2, 1, 2, 1, -2, 1, 2, 1, -2, 1, 2, 1, -2, -2, -1, -2, -1, 2, -1, -2, -1, -1]"
985,dfs_bnb_mpi,41.7586,-15,16,9615918,"[-1, -1, 2, 2, 2, 2, 1, -2, -2, -2, 1, 1, -2, -2, 1, 2, 2, 2, -1, -1, 2, 2, 1, -2]"
986,dfs_bnb_mpi,57.4191,-15,15,13661203,"[-1, -1, 2, 2, 2, 2, 1, 1, 1, 1, 1, -2, -1, -1, -1, -2, 1, 1, -2, -1, -1, -1, 2, 2]"
987,dfs_bnb_mpi,41.347,-15,16,9185032,"[-1, -1, 2, 1, 2, -1, -1, -2, -2, -1, -2, 1, 1, 1, 1, -2, -1, -2, -1, 2, -1, -1, -2, 1]"
988,dfs_bnb_mpi,9.11168,-14,15,2131327,"[-1, -1, 2, 2, 2, 2, 2, 1, 1, 1, -2, -1, -1, -2, -2, -2, 1, 1, 2, -1, 2, 1, 1, 2]"
989,dfs_bnb_mpi,61.5032,-15,16,14655296,"[-1, -1, 2, 2, 1, 1, 2, -1, 2, 1, 1, 1, -2, -1, -2, 1, -2, 1, -2, -1, -1, 2, -1, -1]"
990,dfs_bnb_mpi,14.445,-15,16,3438491,"[-1, -1, 2, 2, 2, 2, 2, 1, -2, -2, -2, -2, 1, 2, 2, 2, 2, 1, -2, -2, -2, -2, -2, 1]"
991,dfs_bnb_mpi,101.044,-15,16,23025549,"[-1, -1, 2, 2, 2, 2, 1, 2, 1, -2, 1, -2, -2, 1, -2, -2, -1, 2, -1, 2, 2, -1, -2, -2]"
992,dfs_bnb_mpi,122.901,-15,16,27798275,"[-1, -1, -1, -1, 2, 2, 2, 2, 2, 1, -2, -2, 1, 2, 2, 1, -2, -2, -2, -1, -1, -2, 1, 1]"
993,dfs_bnb_mpi,22.6581,-15,16,5420046,"[-1, -1, 2, 2, 2, 1, -2, -2, 1, 2, 2, 1, -2, 1, -2, -1, -2, 1, -2, -1, -2, -1, 2, -1]"
994,dfs_bnb_mpi,22.6283,-15,16,5457496,"[-1, -1, 2, 2, 1, -2, 1, 2, 2, -1, -1, -1, -2, -1, -2, 1, -2, -1, -2, 1, -2, 1, 2, 1]"
995,dfs_bnb_mpi,42.4211,-15,16,9597710,"[-1, -1, 2, 2, -1, 2, 1, 1, -2, -2, 1, 2, 2, 2, -1, -1, -1, -1, -2, -2, -2, -2, 1, 2]"
996,dfs_bnb_mpi,35.7873,-15,16,8761524,"[-1, -1, 2, 1, 2, -1, -1, -2, -2, -1, 2, -1, 2, 1, 2, -1, 2, 1, 1, -2, 1, 2, 1, -2]"
997,dfs_bnb_mpi,21.4517,-15,15,5162492,"[-1, -1, 2, 2, 2, 1, 2, 1, -2, -2, -1, -2, 1, 1, 2, 2, 2, 2, 2, -1, -2, -1, -1, -2]"
998,dfs_bnb_mpi,158.365,-15,16,35220055,"[-1, -2, 1, 1, 1, -2, -2, 1, -2, -1, -1, 2, 2, -1, -1, -2, 1, -2, -1, -2, 1, 1, 1, 1]"
999,dfs_bnb_mpi,76.2341,-15,16,19270550,"[-1, -1, 2, 2, 2, 2, 2, 1, -2, 1, 1, -2, -1, -2, 1, 1, -2, -2, -1, 2, -1, -1, 2, 2]"
