protein_id,algorithm,time,score,checked,placed,hash
0,dfs_bnb_mpi,1.98657,-2,3,637672,"[-1, -1, 2, 2, 2, 2, 2, 2, 2, 2, 1, -2, -2, -2, -2, 1, -2, -1, -2]"
1,dfs_bnb_mpi,0.030936,-3,4,9558,"[-1, -1, 2, 2, 2, 2, 2, 1, 1, -2, -2, -2, -2, 1, 1, -2, -1, -2, -1]"
2,dfs_bnb_mpi,0.037023,-3,4,11893,"[-1, -1, 2, 2, 2, 2, -1, -2, -2, -2, -2, -1, 2, -1, -1, 2, 1, 1, 2]"
3,dfs_bnb_mpi,1.24428,-4,5,394048,"[-1, -1, 2, 1, 1, 1, -2, -2, -2, -1, -1, -2, -1, -1, 2, 1, 2, 1, 1]"
4,dfs_bnb_mpi,0.110531,-3,4,28096,"[-1, -1, 2, 2, 2, 2, 2, 2, 1, -2, 1, 1, -2, -1, -2, -2, -1, 2, 2]"
5,dfs_bnb_mpi,0.285805,-5,6,91071,"[-1, -1, 2, 1, 1, 2, 2, 2, 1, -2, -2, -2, 1, -2, 1, -2, -1, -1, 2]"
6,dfs_bnb_mpi,0.060742,-4,5,19031,"[-1, -1, 2, 1, 1, 2, -1, -1, 2, 2, -1, -2, -2, -1, -1, -2, 1, 1, -2]"
7,dfs_bnb_mpi,0.000511,-2,3,159,"[-1, -1, 2, 2, 2, 2, 2, 2, 2, 1, 2, 1, -2, -2, -1, -2, 1, 1, 2]"
8,dfs_bnb_mpi,0.002987,-2,3,909,"[-1, -1, 2, 2, 2, 2, 2, 1, 2, 2, 1, -2, -2, -2, -1, -2, 1, 1, 2]"
9,dfs_bnb_mpi,0.000329,-2,3,99,"[-1, -1, 2, 2, 2, 2, 2, 2, 1, -2, 1, -2, -1, -2, 1, 1, 2, 2, 2]"
10,dfs_bnb_mpi,0.488751,-3,4,139951,"[-1, -1, 2, 2, 2, 2, 2, 2, 2, 1, -2, 1, 2, 2, 1, -2, 1, 2, 2]"
11,dfs_bnb_mpi,0.006299,-3,4,2027,"[-1, -1, 2, 1, 2, -1, -1, -2, -2, -2, 1, 1, 1, 1, 2, 2, 2, 2, 2]"
12,dfs_bnb_mpi,0.545684,-4,5,158844,"[-1, -1, 2, 1, 1, 2, 2, 2, 2, 1, -2, -2, -2, -2, 1, -2, -1, -2, 1]"
13,dfs_bnb_mpi,0.197752,-4,5,63362,"[-1, -1, 2, 1, 2, 1, 2, 2, 1, -2, -2, 1, 2, 1, -2, -2, -1, -1, -1]"
14,dfs_bnb_mpi,0.419485,-3,4,129585,"[-1, -1, 2, 2, 2, -1, -2, -2, -2, -2, -1, 2, -1, -1, 2, 1, 1, 2, 2]"
15,dfs_bnb_mpi,0.303049,-2,3,93124,"[-1, -1, 2, 2, 2, 2, 2, 2, 2, 2, 2, 2, 1, 2, -1, 2, -1, -2, -2]"
16,dfs_bnb_mpi,0.005817,-3,4,1759,"[-1, -1, 2, 2, 2, 2, 2, 2, 2, -1, -2, -2, -2, -2, -2, -1, -2, 1, -2]"
17,dfs_bnb_mpi,0.008259,-2,3,2674,"[-1, -1, 2, 2, 1, -2, 1, 2, 1, -2, -2, -2, -1, -1, -1, -1, 2, 2, 2]"
18,dfs_bnb_mpi,0.184974,-3,4,59510,"[-1, -1, 2, 1, 2, -1, -1, 2, 2, -1, -2, -2, -1, -2, 1, 1, -2, -1, -1]"
19,dfs_bnb_mpi,0.772155,-4,5,249975,"[-1, -2, -1, 2, 2, -1, -2, -1, 2, 2, 2, 2, 1, 1, 1, -2, -2, -2, 1]"
20,dfs_bnb_mpi,3.17529,-3,4,1014812,"[-1, -2, 1, 1, 2, 2, 2, 2, 2, 2, 2, -1, -2, -2, -2, -2, -2, -1, 2]"
21,dfs_bnb_mpi,0.537393,-5,6,173565,"[-1, -2, 1, -2, 1, 1, 2, -1, 2, 1, 1, 2, 2, -1, -2, -1, 2, -1, -2]"
22,dfs_bnb_mpi,0.010936,-4,4,3373,"[-1, -1, 2, 2, 2, -1, -2, -2, -2, -2, -1, 2, -1, -1, 2, 1, 1, 2, 2]"
23,dfs_bnb_mpi,0.03539,-4,5,11461,"[-1, -2, -1, -1, 2, 1, 2, 1, 2, 2, 2, 2, 1, -2, -2, -2, -2, 1, 2]"
24,dfs_bnb_mpi,0.160073,-3,3,51364,"[-1, -1, 2, 2, 2, 2, 1, -2, 1, 2, 2, 1, -2, -2, -2, -1, -1, -2, 1]"
25,dfs_bnb_mpi,0.153947,-4,5,50067,"[-1, -2, -1, -1, 2, 1, 2, 2, 2, 2, 2, 2, 1, -2, -2, -2, -2, -2, 1]"
26,dfs_bnb_mpi,0.031242,-3,4,9844,"[-1, -1, 2, 2, 1, -2, 1, 2, 2, 2, 2, -1, -2, -2, -1, 2, 2, 2, 2]"
27,dfs_bnb_mpi,0.06441,-4,5,20916,"[-1, -2, 1, -2, -1, -1, 2, -1, -1, 2, 1, 1, 2, 1, 2, 2, 2, 2, 2]"
28,dfs_bnb_mpi,0.18609,-3,4,56569,"[-1, -1, 2, 2, 2, 2, 2, 2, 1, 2, 1, -2, 1, -2, -1, -1, -2, 1, 1]"
29,dfs_bnb_mpi,0.034439,-2,3,11005,"[-1, -1, 2, 2, 2, 2, 2, -1, -2, -2, -2, -2, -2, -2, 1, 1, 1, 1, 2]"
30,dfs_bnb_mpi,3.8179,-2,3,1150852,"[-1, -1, 2, 2, 2, 2, 2, 1, -2, 1, 2, 2, 2, -1, -1, -1, -2, -2, -2]"
31,dfs_bnb_mpi,0.509678,-2,3,155058,"[-1, -1, 2, 2, 2, 2, 2, 2, 1, 2, 2, 2, -1, -2, -2, -1, -1, -2, 1]"
32,dfs_bnb_mpi,0.202563,-4,5,62954,"[-1, -1, 2, 2, 2, 1, 1, 2, 2, -1, -2, -1, 2, -1, -2, -1, -2, 1, -2]"
33,dfs_bnb_mpi,1.2088,-3,4,389045,"[-1, -1, 2, 2, 2, 2, 2, 2, 2, 2, 1, -2, -2, -2, 1, 1, -2, -1, -1]"
34,dfs_bnb_mpi,0.001856,-3,4,625,"[-1, -1, -1, 2, 1, 2, 2, 1, -2, -2, 1, 2, 2, 2, 2, 2, 2, 2, 2]"
35,dfs_bnb_mpi,0.050037,-3,4,16457,"[-1, -1, 2, -1, -2, -2, -1, -1, -2, 1, 1, 1, 2, 1, 1, 1, 2, 2, 2]"
36,dfs_bnb_mpi,0.213304,-2,3,69047,"[-1, -1, 2, 2, 2, 1, -2, -2, 1, 2, 2, 2, -1, -1, -1, -2, -2, -2, -1]"
37,dfs_bnb_mpi,1.25544,-2,3,338800,"[-1, -1, 2, 2, 2, 2, 2, 2, 2, 2, 1, 2, 2, -1, -2, -1, -1, -2, 1]"
38,dfs_bnb_mpi,0.83555,-3,4,271109,"[-1, -1, 2, 2, 2, 2, -1, -2, -1, -1, -2, 1, 1, -2, -1, -2, 1, -2, 1]"
39,dfs_bnb_mpi,0.269318,-4,5,88482,"[-1, -1, 2, 2, 1, -2, 1, 1, -2, -2, -1, -1, -1, -1, -1, -2, 1, 1, 1]"
40,dfs_bnb_mpi,0.221962,-3,4,71138,"[-1, -1, 2, 2, 2, 2, 2, 1, 1, -2, -2, -2, 1, 1, -2, -1, -1, -1, 2]"
41,dfs_bnb_mpi,0.032647,-3,4,10455,"[-1, -1, 2, 2, 2, -1, -2, -2, -2, -1, -1, -2, 1, 1, 1, 1, 1, 1, 2]"
42,dfs_bnb_mpi,0.000145,-2,3,45,"[-1, -1, 2, 2, 2, 2, 2, 2, 2, 2, 2, 2, 2, 1, 1, -2, -1, -2, 1]"
43,dfs_bnb_mpi,0.059459,-4,5,19335,"[-1, -1, 2, 1, 1, 2, 2, 1, -2, -2, -2, 1, 2, 1, -2, -2, -1, -1, -1]"
44,dfs_bnb_mpi,0.01029,-3,4,3252,"[-1, -1, 2, 2, -1, -2, -1, 2, -1, -2, -2, 1, 1, -2, 1, 1, 1, 1, 2]"
45,dfs_bnb_mpi,0.004662,-3,4,1384,"[-1, -1, 2, 2, 2, 2, 1, 1, -2, -2, -2, 1, -2, -2, -1, -1, -1, -1, 2]"
46,dfs_bnb_mpi,0.343607,-3,4,106339,"[-1, -1, 2, 2, 2, 2, 1, 1, -2, -1, -2, -2, 1, 2, 1, 1, 2, -1, 2]"
47,dfs_bnb_mpi,0.285707,-4,5,90274,"[-1, -2, 1, 1, 2, 1, 2, -1, -1, 2, -1, -2, -1, -2, -2, -2, 1, 1, 1]"
48,dfs_bnb_mpi,0.317971,-4,5,96018,"[-1, -1, 2, 1, 2, 2, 2, -1, -2, -2, -1, -2, -2, -1, 2, 2, -1, -2, -1]"
49,dfs_bnb_mpi,6.4e-05,0,1,20,"[-1, -1, 2, 2, 2, 2, 2, 2, 2, 2, 2, 2, 2, 2, 2, 2, 2, 2, 2]"
50,dfs_bnb_mpi,0.310858,-4,5,99692,"[-1, -1, 2, 2, 1, -2, 1, 1, -2, -2, -1, -1, -1, -1, 2, -1, 2, 1, 2]"
51,dfs_bnb_mpi,0.000329,-2,3,97,"[-1, -1, 2, 2, 2, 2, 2, 2, 2, 1, -2, 1, -2, -1, -2, 1, 1, 2, 2]"
52,dfs_bnb_mpi,2.13637,-3,4,667898,"[-1, -1, 2, 2, 2, 2, -1, -1, -2, -2, 1, -2, -2, -1, 2, -1, -1, 2, 1]"
53,dfs_bnb_mpi,0.382253,-2,3,121308,"[-1, -1, 2, 2, 1, 2, 2, 2, 2, 2, -1, -2, -2, -2, -2, -1, -2, -1, 2]"
54,dfs_bnb_mpi,6.3e-05,0,1,20,"[-1, -1, 2, 2, 2, 2, 2, 2, 2, 2, 2, 2, 2, 2, 2, 2, 2, 2, 2]"
55,dfs_bnb_mpi,0.016178,-3,4,4991,"[-1, -1, 2, 1, 1, 2, -1, -1, 2, 2, -1, -2, -2, -2, -1, 2, 2, 2, 2]"
56,dfs_bnb_mpi,6.96195,-2,3,1721545,"[-1, -1, 2, 2, 2, 2, 2, 2, 2, 2, 2, 2, 2, 1, -2, -2, 1, -2, -1]"
57,dfs_bnb_mpi,2.0546,-4,5,652207,"[-1, -1, 2, 2, 2, 2, 2, 1, 2, 2, 2, 1, -2, -2, -2, 1, -2, -1, -1]"
58,dfs_bnb_mpi,0.128561,-3,4,32937,"[-1, -1, 2, 2, -1, 2, 2, 2, -1, -2, -2, -2, -2, 1, -2, -1, -1, 2, 2]"
59,dfs_bnb_mpi,1.0193,-4,5,326147,"[-1, -2, -2, 1, 2, 1, 1, 1, 2, 2, 2, 2, -1, -1, -2, -2, -2, 1, 2]"
60,dfs_bnb_mpi,0.083766,-4,5,25692,"[-1, -1, 2, 2, -1, -2, -2, -1, -2, 1, -2, 1, 2, 1, 1, 1, 2, 2, 2]"
61,dfs_bnb_mpi,0.001191,-4,5,352,"[-1, -1, 2, 2, 2, 2, 1, 2, -1, 2, -1, -2, -1, -2, 1, -2, -1, -1, 2]"
62,dfs_bnb_mpi,0.183578,-4,4,59154,"[-1, -1, 2, 1, 2, 2, 2, 2, 2, 1, -2, -2, -2, -2, 1, 1, -2, -1, -1]"
63,dfs_bnb_mpi,0.457827,-4,5,146825,"[-1, -1, 2, 1, 2, 1, 2, 2, 2, 2, 1, -2, -2, -2, -2, 1, -2, -1, -1]"
64,dfs_bnb_mpi,0.001124,-3,4,305,"[-1, -1, -1, 2, 2, 1, -2, 1, 1, 2, -1, 2, 2, 2, 2, 2, 2, 2, 2]"
65,dfs_bnb_mpi,0.865862,-3,4,274566,"[-1, -1, 2, 2, 2, 2, 2, 2, 1, -2, 1, -2, -1, -2, 1, -2, -1, -2, 1]"
66,dfs_bnb_mpi,0.000269,-3,4,83,"[-1, -1, 2, 2, -1, -2, -2, -1, -1, 2, 1, 2, 2, 2, 2, 2, 2, 2, 2]"
67,dfs_bnb_mpi,0.002566,-3,4,799,"[-1, -1, -1, 2, 2, 1, -2, 1, 1, 1, 2, -1, -1, 2, 2, 2, 2, 2, 2]"
68,dfs_bnb_mpi,0.001403,-3,3,429,"[-1, -1, 2, 2, 2, 1, -2, -2, 1, 2, 2, 2, 2, 2, 2, 2, 2, 2, 2]"
69,dfs_bnb_mpi,0.011969,-2,3,3851,"[-1, -1, 2, 2, 2, 2, 1, 2, 1, -2, -2, -1, -2, 1, 1, 2, 2, 2, 2]"
70,dfs_bnb_mpi,0.00024,-3,4,73,"[-1, -1, 2, 2, 2, 2, 1, -2, -2, 1, 1, 2, -1, 2, 2, 2, 2, 2, 2]"
71,dfs_bnb_mpi,5.9939,-3,4,1740849,"[-1, -1, 2, 2, 2, 2, 1, 2, 2, 2, 1, -2, -2, -2, -2, -1, -2, -2, 1]"
72,dfs_bnb_mpi,0.054771,-4,5,17897,"[-1, -2, 1, 1, 2, 2, -1, 2, 2, 2, 2, -1, -2, -2, -2, -2, -1, 2, 2]"
73,dfs_bnb_mpi,0.003937,-4,4,1235,"[-1, -1, 2, 2, 1, -2, 1, 2, 2, 1, -2, 1, -2, -1, -2, 1, 1, 2, 2]"
74,dfs_bnb_mpi,0.718996,-3,4,215898,"[-1, -1, 2, 2, 2, 2, 1, 1, -2, -2, -1, -2, 1, 1, 1, 2, 2, -1, -2]"
75,dfs_bnb_mpi,0.00366,-3,4,1146,"[-1, -1, 2, 2, 1, 1, -2, 1, -2, 1, 1, -2, -1, -1, -1, -1, -1, -1, 2]"
76,dfs_bnb_mpi,0.063288,-3,4,20263,"[-1, -1, 2, 2, 2, 2, 1, -2, 1, 2, 1, -2, -2, -1, -1, -2, 1, 1, 1]"
77,dfs_bnb_mpi,0.000154,-2,3,49,"[-1, -1, 2, 2, 2, 2, 2, 2, 2, 2, 2, 1, 1, -2, -1, -2, 1, 1, 2]"
78,dfs_bnb_mpi,0.758663,-2,3,242908,"[-1, -1, 2, 2, 2, 2, 2, 2, 1, 1, -2, -2, -2, -2, -2, -1, 2, 2, 2]"
79,dfs_bnb_mpi,0.046073,-3,4,13308,"[-1, -1, 2, 2, 2, -1, -1, -2, -2, 1, -2, -2, -1, 2, -1, 2, 2, 2, 2]"
80,dfs_bnb_mpi,1.02601,-2,3,309782,"[-1, -1, 2, 2, 2, 2, 2, 2, 2, 1, 2, 2, 2, -1, -2, -2, -1, -2, -1]"
81,dfs_bnb_mpi,0.052638,-3,4,13667,"[-1, -1, 2, 2, 2, 1, 2, 2, 1, -2, -2, 1, -2, -1, -1, -2, 1, 1, 1]"
82,dfs_bnb_mpi,0.860291,-2,3,268970,"[-1, -1, 2, 2, 2, 2, 1, -2, -2, 1, 2, 2, 2, -1, -1, -1, -2, -2, -2]"
83,dfs_bnb_mpi,0.000666,-3,4,197,"[-1, -1, 2, 2, 2, 2, 2, 2, 2, 2, 2, 2, 2, 1, 1, -2, -2, -1, 2]"
84,dfs_bnb_mpi,0.208392,-2,3,66115,"[-1, -1, 2, 2, 2, -1, -2, -2, -2, -1, 2, 2, -1, -2, -2, -2, 1, 1, 1]"
85,dfs_bnb_mpi,0.022765,-2,3,7319,"[-1, -1, 2, 2, 1, 2, 2, 2, 2, -1, -2, -2, -2, -1, 2, -1, -2, -2, 1]"
86,dfs_bnb_mpi,0.298754,-4,5,94972,"[-1, -1, 2, 1, 2, -1, 2, -1, -2, -2, -1, 2, 2, -1, -2, -2, -2, 1, 1]"
87,dfs_bnb_mpi,0.005756,-2,3,1905,"[-1, -1, 2, 2, 2, 1, -2, -2, 1, 2, 2, 1, -2, -2, 1, 2, 2, 2, 2]"
88,dfs_bnb_mpi,0.330989,-5,6,101653,"[-1, -1, 2, 2, 2, -1, -2, -2, -2, -2, -1, -2, 1, -2, 1, 2, 1, 2, -1]"
89,dfs_bnb_mpi,0.379443,-2,3,115785,"[-1, -1, 2, 2, 2, 2, 2, 2, 2, 2, 1, 2, 2, -1, -2, -1, -2, -1, 2]"
90,dfs_bnb_mpi,0.207378,-3,4,56140,"[-1, -1, 2, 2, 2, -1, -2, -2, -2, -2, 1, 1, 1, -2, -1, -1, -1, -1, 2]"
91,dfs_bnb_mpi,5.63565,-3,4,1789116,"[-1, -1, 2, 2, 2, 2, 2, 1, -2, -2, 1, 2, 1, -2, -2, -1, -2, -1, 2]"
92,dfs_bnb_mpi,0.221471,-3,4,70619,"[-1, -1, 2, 2, 2, 2, 2, -1, -2, -2, -2, -2, -2, -1, -1, -2, 1, 1, 1]"
93,dfs_bnb_mpi,0.089279,-2,3,28613,"[-1, -1, 2, 2, 1, 2, 2, 2, 2, -1, -2, -2, -2, -1, 2, -1, -2, -2, 1]"
94,dfs_bnb_mpi,1.27518,-3,4,397595,"[-1, -1, 2, 2, 2, 2, 2, 2, 2, 2, 2, 1, -2, 1, 1, -2, -1, -1, -2]"
95,dfs_bnb_mpi,6.78441,-3,3,2072269,"[-1, -1, 2, 2, 2, 2, 2, 2, 2, 2, 2, 2, 2, 1, -2, -2, 1, -2, -1]"
96,dfs_bnb_mpi,0.000705,-4,5,211,"[-1, -2, -1, 2, -1, 2, 1, 2, 1, -2, 1, 2, 2, 2, 2, 2, 2, 2, 2]"
97,dfs_bnb_mpi,1.63435,-4,5,487392,"[-1, -1, 2, 2, 2, 2, 2, 2, 1, -2, -2, -2, 1, 2, 1, 2, 2, -1, -2]"
98,dfs_bnb_mpi,12.8255,-3,4,3182950,"[-1, -1, 2, 1, 1, 1, 2, 2, 1, -2, -2, -2, 1, 1, -2, -1, -1, -1, 2]"
99,dfs_bnb_mpi,0.002844,-3,4,859,"[-1, -1, 2, 2, 2, 1, 1, -2, -2, 1, -2, 1, -2, -1, -1, -1, -1, -1, 2]"
100,dfs_bnb_mpi,0.081349,-4,5,24291,"[-1, -1, 2, 2, 2, 2, -1, -2, -2, -2, -2, -1, -2, 1, -2, 1, 2, 1, 1]"
101,dfs_bnb_mpi,0.077443,-3,4,22860,"[-1, -1, 2, 2, 2, 2, 1, -2, -2, -2, 1, 2, 2, 1, -2, -2, 1, 2, 2]"
102,dfs_bnb_mpi,1.03912,-4,5,332339,"[-1, -1, 2, 1, 1, 2, 2, 2, 2, -1, -1, -1, -2, -2, -2, 1, 2, 1, -2]"
103,dfs_bnb_mpi,0.182068,-3,4,56813,"[-1, -1, 2, 2, 2, 2, 2, 2, 1, 1, -2, -2, -1, -2, -2, 1, 1, 2, -1]"
104,dfs_bnb_mpi,43.7817,-2,3,11635997,"[-1, -1, 2, 2, 2, 2, 2, 2, 2, 2, 2, 2, 2, 2, 2, 1, 1, -2, -1]"
105,dfs_bnb_mpi,14.6311,-2,3,4708536,"[-1, -1, 2, 2, 2, 2, 2, 2, 2, 2, -1, -2, -2, -2, -2, -2, -2, -2, -2]"
106,dfs_bnb_mpi,0.000221,-3,4,81,"[-1, -2, 1, 1, 1, 2, -1, 2, 2, 2, 2, 2, 2, 2, 2, 2, 2, 2, 2]"
107,dfs_bnb_mpi,0.000157,-2,3,62,"[-1, -2, -1, 2, 2, 1, 2, 2, 2, 2, 2, 2, 2, 2, 2, 2, 2, 2, 2]"
108,dfs_bnb_mpi,8.47922,-3,4,2716201,"[-1, -1, 2, 1, 2, 2, 2, 2, 1, -2, -2, -2, 1, 2, 1, -2, -2, -1, -1]"
109,dfs_bnb_mpi,0.018245,-2,3,5826,"[-1, -1, 2, 2, 2, 2, 2, 2, 1, -2, 1, 1, -2, -1, -1, -2, 1, 1, 1]"
110,dfs_bnb_mpi,0.224818,-2,3,72925,"[-1, -1, 2, 2, 2, 2, 2, 1, -2, -2, -2, -2, 1, 1, -2, -2, -1, -1, -1]"
111,dfs_bnb_mpi,0.121234,-5,6,38628,"[-1, -2, 1, -2, -2, 1, 2, 2, 1, 2, -1, 2, 2, 2, -1, -2, -2, -1, 2]"
112,dfs_bnb_mpi,2.11706,-3,4,665419,"[-1, -1, 2, 2, 2, 2, 2, 2, 2, 1, -2, -2, -2, 1, 2, 1, 2, -1, 2]"
113,dfs_bnb_mpi,0.002609,-3,4,738,"[-1, -2, 1, 1, 2, 2, -1, 2, -1, -2, -1, 2, 2, 2, 2, 2, 2, 2, 2]"
114,dfs_bnb_mpi,0.051076,-2,3,15906,"[-1, -1, 2, 2, 2, 2, 1, 2, 2, 2, -1, -2, -2, -1, -2, -1, 2, 2, 2]"
115,dfs_bnb_mpi,0.003518,-4,5,1096,"[-1, -1, 2, 1, 1, 2, 1, 2, -1, 2, -1, -2, -2, -1, 2, 2, 2, 2, 2]"
116,dfs_bnb_mpi,6.2e-05,0,1,20,"[-1, -1, 2, 2, 2, 2, 2, 2, 2, 2, 2, 2, 2, 2, 2, 2, 2, 2, 2]"
117,dfs_bnb_mpi,0.771723,-3,3,246092,"[-1, -1, 2, 2, 2, 2, 2, 2, 2, 2, 1, -2, -2, -2, -2, 1, -2, -1, -2]"
118,dfs_bnb_mpi,0.008519,-3,4,2619,"[-1, -1, 2, 2, 2, 2, 1, -2, -2, -2, 1, 1, 2, -1, 2, 2, 2, 2, 2]"
119,dfs_bnb_mpi,0.000283,-3,4,77,"[-1, -1, 2, 2, 2, 2, 2, 2, 2, 1, -2, -2, -2, 1, 1, 2, -1, 2, 2]"
120,dfs_bnb_mpi,0.0008,-4,5,215,"[-1, -1, 2, 2, 2, 2, 2, 2, 1, 2, 1, 1, -2, -1, -2, -1, -2, 1, 1]"
121,dfs_bnb_mpi,0.020553,-3,4,6361,"[-1, -1, 2, 2, 2, 2, 2, 1, 1, -2, -1, -2, -2, 1, 2, 1, 2, 2, 2]"
122,dfs_bnb_mpi,0.04382,-4,5,13921,"[-1, -1, 2, 2, -1, -1, -1, -2, 1, 1, -2, -2, 1, -2, -1, -1, 2, 2, -1]"
123,dfs_bnb_mpi,0.026444,-2,3,8067,"[-1, -1, 2, 2, 2, 2, 2, 2, 2, 1, 2, -1, -1, -2, -1, 2, 2, 2, 2]"
124,dfs_bnb_mpi,0.015388,-4,5,4972,"[-1, -2, -2, 1, 2, 1, 2, 2, -1, 2, 2, -1, -2, -2, -1, 2, 2, 2, 2]"
125,dfs_bnb_mpi,0.138188,-4,5,41236,"[-1, -1, 2, 1, 2, -1, 2, 2, 2, -1, -2, -2, -2, -1, -1, -2, 1, 1, -2]"
126,dfs_bnb_mpi,14.7074,-2,3,4636189,"[-1, -1, 2, 2, 2, 2, 2, 2, 1, -2, -2, 1, 1, -2, -2, -1, -1, 2, 1]"
127,dfs_bnb_mpi,0.076811,-4,5,24275,"[-1, -1, 2, 2, 2, -1, -2, -2, -2, -1, -2, 1, -2, 1, 1, 1, 2, -1, -1]"
128,dfs_bnb_mpi,0.007648,-4,5,2432,"[-1, -2, 1, 1, 2, 1, 2, 2, -1, -2, -1, 2, 2, -1, -2, -2, -1, 2, 2]"
129,dfs_bnb_mpi,0.42855,-4,5,138330,"[-1, -1, 2, 1, 1, 2, 1, -2, 1, 2, 2, 1, -2, -2, -2, -1, -1, -2, 1]"
130,dfs_bnb_mpi,0.040456,-4,4,11921,"[-1, -1, 2, 2, 2, 2, 2, 1, -2, -2, -2, 1, 2, 1, 2, -1, 2, 2, 2]"
131,dfs_bnb_mpi,15.2054,-3,4,4696660,"[-1, -1, 2, 2, 2, 2, 2, 2, 2, 1, 1, -2, 1, 1, -2, -1, -1, -1, 2]"
132,dfs_bnb_mpi,0.013301,-4,5,4007,"[-1, -1, 2, 2, 2, 2, 2, 1, 1, -2, -2, 1, -2, -2, -1, 2, -1, 2, 2]"
133,dfs_bnb_mpi,6.2e-05,0,1,20,"[-1, -1, 2, 2, 2, 2, 2, 2, 2, 2, 2, 2, 2, 2, 2, 2, 2, 2, 2]"
134,dfs_bnb_mpi,0.008298,-3,4,2720,"[-1, -2, -1, -2, 1, -2, 1, 1, 2, -1, 2, 1, 2, 2, 2, 2, 2, 2, 2]"
135,dfs_bnb_mpi,0.000947,-4,5,288,"[-1, -1, 2, 2, 1, -2, 1, 2, 1, -2, 1, -2, -1, -2, 1, 1, 2, 2, 2]"
136,dfs_bnb_mpi,8.8e-05,0,1,20,"[-1, -1, 2, 2, 2, 2, 2, 2, 2, 2, 2, 2, 2, 2, 2, 2, 2, 2, 2]"
137,dfs_bnb_mpi,0.764489,-3,4,240023,"[-1, -1, 2, 2, 2, 2, 2, 1, -2, -2, -2, -2, 1, 2, 1, 2, -1, 2, 2]"
138,dfs_bnb_mpi,0.014804,-2,3,3745,"[-1, -1, 2, 2, 2, 2, 1, -2, 1, 2, 1, -2, -2, -1, -1, -2, 1, 1, 1]"
139,dfs_bnb_mpi,0.000344,-2,2,109,"[-1, -1, 2, 2, 1, -2, 1, 2, 2, 2, 2, 2, 2, 2, 2, 2, 2, 2, 2]"
140,dfs_bnb_mpi,0.709887,-4,5,221684,"[-1, -1, 2, 2, 1, 1, 1, -2, -2, -2, -1, -1, -2, -2, -1, 2, -1, 2, 1]"
141,dfs_bnb_mpi,0.504684,-3,4,161381,"[-1, -1, 2, 2, 2, -1, -1, -2, -2, -2, -1, -1, -2, 1, 1, 1, 2, 2, 2]"
142,dfs_bnb_mpi,0.000189,-2,3,59,"[-1, -1, 2, 2, 2, 2, 1, 1, -2, -1, -2, 1, 1, 2, 2, 2, 2, 2, 2]"
143,dfs_bnb_mpi,0.006277,-4,5,1973,"[-1, -1, 2, 1, 2, 2, -1, -2, -1, -2, -2, -1, -1, -1, 2, 1, 1, 2, 2]"
144,dfs_bnb_mpi,0.129368,-3,4,33208,"[-1, -1, -1, 2, 2, 2, 2, 1, 1, -2, -2, -1, -2, 1, 1, 2, 2, 2, 2]"
145,dfs_bnb_mpi,0.000162,-2,3,47,"[-1, -1, 2, 2, 2, 2, 2, 2, 2, 2, 2, 2, 1, 1, -2, -1, -2, 1, 1]"
146,dfs_bnb_mpi,0.118217,-3,4,37716,"[-1, -1, 2, 2, -1, -2, -1, -1, -2, 1, 1, -2, -1, -2, 1, 1, 2, 1, 1]"
147,dfs_bnb_mpi,0.102307,-2,3,33288,"[-1, -1, 2, 2, 2, 2, 2, -1, -2, -2, -2, -2, -2, -1, 2, 2, 2, 2, 2]"
148,dfs_bnb_mpi,6.4e-05,0,1,20,"[-1, -1, 2, 2, 2, 2, 2, 2, 2, 2, 2, 2, 2, 2, 2, 2, 2, 2, 2]"
149,dfs_bnb_mpi,0.012224,-4,5,3590,"[-1, -1, 2, 2, 2, 2, 1, 2, -1, 2, -1, -2, -1, -2, 1, -2, -1, -1, 2]"
150,dfs_bnb_mpi,0.02701,-4,5,8439,"[-1, -1, 2, 1, 1, 1, 2, -1, -1, 2, -1, -2, -1, -1, -2, 1, -2, -1, -1]"
151,dfs_bnb_mpi,4.28732,-3,4,1356039,"[-1, -1, 2, 2, 2, 2, -1, -2, -1, -1, -2, 1, -2, -1, -2, 1, 1, 2, 2]"
152,dfs_bnb_mpi,5.69562,-3,4,1820966,"[-1, -1, 2, 1, 1, 2, 2, 2, 2, 2, 2, 1, -2, -2, -2, -2, -2, -2, -2]"
153,dfs_bnb_mpi,0.000691,-3,4,207,"[-1, -1, 2, 2, 2, 1, 1, -2, -2, 1, 2, 1, -2, -2, -1, -2, 1, 1, 2]"
154,dfs_bnb_mpi,0.000133,-2,3,51,"[-1, -1, 2, 1, 2, 1, -2, 1, 2, 2, 2, 2, 2, 2, 2, 2, 2, 2, 2]"
155,dfs_bnb_mpi,0.023761,-2,3,7321,"[-1, -1, 2, 2, 2, 2, 2, 2, 2, 2, 1, 2, -1, 2, -1, -2, -2, -1, 2]"
156,dfs_bnb_mpi,0.021301,-2,3,6519,"[-1, -1, 2, 2, 2, 2, 2, 2, 1, 2, 2, -1, -2, -1, 2, -1, -2, -2, 1]"
157,dfs_bnb_mpi,0.001715,-2,3,523,"[-1, -1, 2, 2, 2, 2, 1, 2, -1, -1, -2, -1, 2, 2, 2, 2, 2, 2, 2]"
158,dfs_bnb_mpi,0.017477,-4,5,5588,"[-1, -1, 2, -1, -2, -1, -2, 1, -2, -1, -2, 1, 1, 2, 2, 1, 1, 1, 2]"
159,dfs_bnb_mpi,0.126528,-2,3,39257,"[-1, -1, 2, 2, 2, 2, 1, 2, 2, 2, 2, -1, -2, -2, -2, -1, -1, -2, 1]"
160,dfs_bnb_mpi,0.748882,-3,4,239906,"[-1, -1, 2, 2, 1, -2, 1, 1, 1, 2, 2, -1, -2, -1, 2, -1, 2, 2, 2]"
161,dfs_bnb_mpi,0.644794,-4,5,202021,"[-1, -1, 2, 2, 2, 2, 2, 1, 2, -1, 2, 2, -1, -1, -2, -2, -2, 1, 2]"
162,dfs_bnb_mpi,0.009567,-4,5,2992,"[-1, -1, 2, 1, 2, -1, -1, 2, -1, -1, -2, 1, -2, 1, -2, -1, -1, 2, -1]"
163,dfs_bnb_mpi,0.000382,-3,4,124,"[-1, -2, 1, 1, 1, 2, -1, 2, 2, 2, 2, 2, 2, 2, 2, 2, 2, 2, 2]"
164,dfs_bnb_mpi,0.019704,-4,5,6490,"[-1, -1, 2, 1, 1, 1, 2, -1, -1, 2, 2, 2, 2, -1, -2, -2, -2, -2, -1]"
165,dfs_bnb_mpi,0.003424,-4,5,1083,"[-1, -1, 2, 2, 1, 1, 2, 2, -1, -2, -1, 2, -1, -2, -2, -1, -2, 1, -2]"
166,dfs_bnb_mpi,0.006503,-4,5,2068,"[-1, -1, 2, 2, 2, 2, 1, 2, -1, 2, -1, -2, -1, -2, 1, -2, -1, -1, 2]"
167,dfs_bnb_mpi,0.40439,-2,3,110358,"[-1, -1, 2, 2, 2, 2, 2, 2, 2, 2, 1, 1, -2, -1, -2, 1, 1, 2, 2]"
168,dfs_bnb_mpi,5.69515,-3,4,1814588,"[-1, -1, 2, 2, 2, 2, 2, 2, 2, 2, 1, -2, -2, -2, -2, -2, 1, -2, -1]"
169,dfs_bnb_mpi,0.001265,-3,4,388,"[-1, -1, 2, 2, 1, -2, 1, 2, 2, 2, -1, -2, -1, 2, 2, 2, 2, 2, 2]"
170,dfs_bnb_mpi,2.05827,-2,3,638909,"[-1, -1, 2, 2, 2, 2, 2, 1, 1, -2, -2, 1, -2, -2, -1, 2, -1, 2, 2]"
171,dfs_bnb_mpi,0.033245,-4,5,10691,"[-1, -1, 2, 2, 1, -2, 1, 2, 2, 1, -2, -2, 1, 1, -2, -1, -1, -2, 1]"
172,dfs_bnb_mpi,0.004234,-4,5,1348,"[-1, -1, -1, 2, 1, 1, 2, 1, -2, 1, 1, -2, -1, -2, 1, 1, 2, 2, 2]"
173,dfs_bnb_mpi,1.04346,-3,4,329598,"[-1, -1, 2, 2, 2, 2, 2, 2, 1, -2, -2, 1, 1, -2, -2, -1, -1, 2, 1]"
174,dfs_bnb_mpi,0.000767,-4,4,207,"[-1, -1, 2, 2, 2, 2, -1, -2, -2, -2, -2, -1, -2, 1, -2, 1, 2, 1, 1]"
175,dfs_bnb_mpi,0.000992,-2,3,312,"[-1, -1, 2, 2, -1, -2, -2, -2, 1, 1, 1, 1, 2, 2, 2, 2, 2, 2, 2]"
176,dfs_bnb_mpi,0.666765,-4,5,213645,"[-1, -1, 2, 2, 2, 1, -2, 1, 2, 2, 2, -1, -1, -1, -2, -2, -1, -2, 1]"
177,dfs_bnb_mpi,1.00547,-3,4,321675,"[-1, -1, 2, 1, 2, 2, 2, 2, 2, 2, 1, -2, -2, -2, -2, -2, -2, 1, 2]"
178,dfs_bnb_mpi,1.23455,-5,6,380517,"[-1, -1, 2, 1, 2, -1, 2, -1, -1, -1, -2, -2, -2, 1, 1, 2, -1, 2, 1]"
179,dfs_bnb_mpi,0.004187,-3,4,1299,"[-1, -1, 2, 1, 2, -1, -1, 2, -1, -2, -2, 1, -2, -1, -1, 2, 2, 2, 2]"
180,dfs_bnb_mpi,1.04885,-3,4,328946,"[-1, -1, 2, 2, 2, 2, 2, 2, 1, -2, 1, 1, -2, -1, -2, -2, -1, 2, 2]"
181,dfs_bnb_mpi,1.17405,-4,5,366704,"[-1, -1, -1, 2, 2, 2, 1, 2, 2, 1, -2, -2, 1, -2, -2, -1, -1, 2, 1]"
182,dfs_bnb_mpi,0.000355,-2,3,114,"[-1, -1, 2, 2, 1, 2, -1, 2, -1, -2, -2, -1, 2, 2, 2, 2, 2, 2, 2]"
183,dfs_bnb_mpi,0.287395,-2,3,92090,"[-1, -1, 2, 2, 2, 2, 2, 2, 1, -2, -2, -2, -2, -2, 1, 1, 2, -1, 2]"
184,dfs_bnb_mpi,5.46345,-3,4,1759900,"[-1, -1, 2, -1, 2, 1, 1, -2, 1, 1, 1, 2, 2, -1, -2, -1, 2, -1, 2]"
185,dfs_bnb_mpi,0.000192,-2,3,55,"[-1, -1, 2, 2, 2, 2, 2, 2, 1, 1, -2, -1, -2, 1, 1, 2, 2, 2, 2]"
186,dfs_bnb_mpi,0.167955,-2,3,53546,"[-1, -1, 2, 2, 2, 1, -2, -2, 1, 2, 2, 2, -1, -1, -1, -2, -2, -2, -1]"
187,dfs_bnb_mpi,0.638468,-4,5,209456,"[-1, -1, 2, 2, -1, 2, -1, -2, -1, 2, -1, -2, -2, 1, -2, 1, 1, 2, -1]"
188,dfs_bnb_mpi,0.018152,-4,5,5827,"[-1, -1, 2, 2, -1, -2, -2, -1, -1, -2, 1, 1, 1, 1, 1, -2, -1, -1, -1]"
189,dfs_bnb_mpi,0.001356,-2,3,433,"[-1, -1, 2, 2, 2, 2, 2, 2, 1, 2, -1, 2, 2, -1, -2, -2, -2, -1, 2]"
190,dfs_bnb_mpi,0.584128,-4,5,191524,"[-1, -1, 2, 2, 1, -2, 1, 2, 1, -2, 1, 2, 2, 1, -2, -2, -2, -1, -1]"
191,dfs_bnb_mpi,0.142759,-4,5,45088,"[-1, -1, 2, 2, 1, 2, -1, 2, 2, 2, -1, -2, -2, -2, -1, -2, 1, -2, -1]"
192,dfs_bnb_mpi,0.01305,-3,4,4101,"[-1, -1, 2, 2, 1, 1, -2, 1, -2, 1, 2, 1, -2, -2, -1, -1, -1, -1, -1]"
193,dfs_bnb_mpi,0.089459,-3,4,27441,"[-1, -1, 2, 2, 2, 2, 2, 1, 1, -2, -2, -2, -2, 1, 1, -2, -1, -2, -1]"
194,dfs_bnb_mpi,0.305969,-3,4,97797,"[-1, -1, 2, 2, 2, 1, 2, 2, 1, -2, -2, 1, 2, 1, -2, -2, -1, -1, -1]"
195,dfs_bnb_mpi,0.324755,-4,5,97047,"[-1, -2, -1, 2, -1, -1, 2, 2, 2, 1, -2, -2, 1, 2, 2, 1, -2, -2, 1]"
196,dfs_bnb_mpi,0.086095,-3,4,27931,"[-1, -1, 2, 2, 2, -1, -2, -2, -1, 2, 2, -1, -2, -2, -2, 1, 1, -2, 1]"
197,dfs_bnb_mpi,0.333173,-4,5,105313,"[-1, -1, 2, 2, -1, -2, -2, -2, -2, 1, -2, 1, 2, 1, 1, 2, -1, -1, -1]"
198,dfs_bnb_mpi,0.223701,-4,5,71715,"[-1, -1, 2, 2, 1, 2, -1, 2, 2, -1, -2, -2, -1, 2, -1, -2, -2, 1, 1]"
199,dfs_bnb_mpi,0.145072,-4,4,46904,"[-1, -1, 2, 1, 1, 1, 1, 2, 2, 2, -1, -2, -2, -1, 2, -1, -2, -1, 2]"
200,dfs_bnb_mpi,9.5e-05,0,1,20,"[-1, -1, 2, 2, 2, 2, 2, 2, 2, 2, 2, 2, 2, 2, 2, 2, 2, 2, 2]"
201,dfs_bnb_mpi,0.254185,-4,5,78771,"[-1, -1, 2, 1, 1, 2, -1, -1, 2, -1, -2, -1, 2, -1, -2, -2, 1, 1, -2]"
202,dfs_bnb_mpi,0.001641,-4,5,511,"[-1, -1, 2, 2, 2, 1, 1, 1, -2, -2, -2, -2, -1, -2, -1, 2, -1, -1, 2]"
203,dfs_bnb_mpi,0.372288,-4,5,122771,"[-1, -1, 2, 1, 1, 2, -1, 2, -1, -2, -1, -1, -2, 1, -2, -2, 1, 1, 1]"
204,dfs_bnb_mpi,1.88373,-3,4,482252,"[-1, -1, 2, 2, 2, 1, 1, 1, -2, -2, 1, -2, 1, 1, -2, -1, -1, -1, 2]"
205,dfs_bnb_mpi,0.409889,-4,5,131843,"[-1, -2, 1, 1, 2, 1, 2, -1, -1, 2, 2, -1, -2, -2, -1, -2, -1, 2, 2]"
206,dfs_bnb_mpi,0.004741,-3,4,1539,"[-1, -1, 2, 2, 2, 1, 2, 1, -2, -2, -1, -2, 1, 1, 2, 2, 2, 2, 2]"
207,dfs_bnb_mpi,0.533624,-2,3,171347,"[-1, -1, 2, 2, 2, 2, 2, 2, 1, -2, 1, 2, 2, 1, -2, -2, -2, -1, -1]"
208,dfs_bnb_mpi,7.10122,-3,4,2188627,"[-1, -1, 2, 2, 2, 2, 2, 1, 1, -2, -2, 1, 1, -2, -1, -1, -1, -2, 1]"
209,dfs_bnb_mpi,0.044321,-4,5,13260,"[-1, -1, 2, 2, 2, 1, 2, -1, 2, 2, -1, -2, -2, -1, -2, 1, -2, -1, -1]"
210,dfs_bnb_mpi,0.034956,-4,5,10997,"[-1, -1, 2, 2, -1, -2, -2, -2, 1, 1, -2, 1, 2, 1, 2, 2, 2, 2, 2]"
211,dfs_bnb_mpi,6.97964,-3,4,1721931,"[-1, -1, 2, 2, 2, 2, 1, 1, -2, 1, 1, -2, -2, -1, -1, -1, 2, 1, 1]"
212,dfs_bnb_mpi,3.12167,-3,4,802976,"[-1, -1, 2, 2, 2, 2, 2, 2, -1, -2, -2, -2, -2, -2, -1, -2, -2, 1, 2]"
213,dfs_bnb_mpi,6.10351,-3,4,1737856,"[-1, -1, 2, 2, 2, 2, 1, 2, 2, 2, 1, -2, -2, -2, -2, -1, -2, -2, 1]"
214,dfs_bnb_mpi,0.274291,-4,5,89136,"[-1, -1, 2, 1, 1, 1, -2, -2, -1, -2, 1, 1, -2, -1, -1, -1, 2, 2, -1]"
215,dfs_bnb_mpi,0.001464,-4,4,395,"[-1, -1, 2, 2, -1, -2, -2, -2, 1, 1, 1, -2, -1, -2, -1, 2, -1, -1, 2]"
216,dfs_bnb_mpi,2.79231,-3,4,889141,"[-1, -1, 2, 2, -1, -2, -2, -2, 1, 1, 1, 1, -2, -1, -2, -1, -1, 2, 1]"
217,dfs_bnb_mpi,1.14908,-4,5,362650,"[-1, -1, 2, 1, 1, 2, -1, 2, 2, 2, 2, -1, -2, -2, -2, -2, -1, -2, -1]"
218,dfs_bnb_mpi,0.034616,-2,3,11168,"[-1, -1, 2, 1, 2, 2, 2, 1, 1, -2, -2, -2, -2, -2, -1, -1, -1, -1, 2]"
219,dfs_bnb_mpi,1.90795,-4,5,588738,"[-1, -1, 2, 2, -1, -2, -2, -2, -1, 2, -1, -1, -1, 2, 1, 1, 2, 1, -2]"
220,dfs_bnb_mpi,0.018245,-3,4,4764,"[-1, -1, 2, 2, 2, 2, 1, -2, -2, -2, 1, 1, 2, -1, 2, 2, 2, 2, 2]"
221,dfs_bnb_mpi,1.09608,-3,4,335904,"[-1, -1, 2, 2, 2, 2, 2, 2, 1, 2, 2, 1, -2, -2, 1, -2, -1, -1, -2]"
222,dfs_bnb_mpi,0.000146,-2,3,44,"[-1, -1, 2, 2, 2, 2, 2, 2, 1, -2, -2, 1, -2, -1, -2, 1, 1, 2, 2]"
223,dfs_bnb_mpi,0.001743,-2,3,544,"[-1, -1, 2, 2, 2, 2, 2, 2, 1, -2, 1, 1, -2, -1, -1, -2, 1, 1, 1]"
224,dfs_bnb_mpi,2.16455,-3,4,680769,"[-1, -1, 2, 2, 2, -1, -1, -1, -2, -2, -2, -2, 1, 1, 2, -1, 2, 1, 2]"
225,dfs_bnb_mpi,0.19666,-2,3,61886,"[-1, -1, 2, 2, 2, 2, 2, 2, 2, 1, 2, 2, -1, -2, -1, -1, -2, 1, -2]"
226,dfs_bnb_mpi,15.4446,-4,5,4725916,"[-1, -1, 2, 2, 2, 1, 2, 2, 2, 2, 1, -2, -2, -2, 1, -2, -1, -2, -1]"
227,dfs_bnb_mpi,0.56705,-3,4,178913,"[-1, -1, 2, 2, 2, 2, 2, 1, -2, -2, 1, 2, 2, 1, -2, -2, -2, -1, -1]"
228,dfs_bnb_mpi,2.21264,-3,4,685191,"[-1, -1, 2, 2, 1, 2, -1, 2, 2, 2, 2, 2, -1, -2, -2, -2, -2, -2, -2]"
229,dfs_bnb_mpi,0.288561,-4,5,92254,"[-1, -1, 2, 2, 1, 1, 2, -1, 2, 2, 2, -1, -2, -2, -2, -1, -2, -1, 2]"
230,dfs_bnb_mpi,0.03846,-3,4,11911,"[-1, -1, 2, 2, 2, 1, 2, -1, 2, 2, -1, -2, -2, -2, -1, 2, 2, 2, 2]"
231,dfs_bnb_mpi,0.027013,-4,5,8706,"[-1, -1, 2, 1, 1, 1, 2, 1, 2, 1, -2, -2, -1, -2, -1, -2, 1, 1, 2]"
232,dfs_bnb_mpi,0.510958,-4,5,158919,"[-1, -1, -1, 2, 1, 1, 2, 2, 1, -2, -2, 1, -2, -2, -1, -1, -2, 1, 1]"
233,dfs_bnb_mpi,0.095506,-3,4,29389,"[-1, -1, 2, 2, 2, 2, 2, 2, 1, -2, -2, -2, 1, 1, -2, -1, -2, -1, 2]"
234,dfs_bnb_mpi,2.75773,-2,3,800849,"[-1, -1, 2, 2, 2, 2, 2, 2, 2, 2, 2, 2, 1, 1, -2, -1, -2, 1, 1]"
235,dfs_bnb_mpi,0.456455,-2,3,113551,"[-1, -1, 2, 2, 2, 2, -1, -2, -2, -2, -2, -2, 1, -2, -2, 1, 2, 2, 1]"
236,dfs_bnb_mpi,0.278661,-2,3,87680,"[-1, -1, 2, 2, 2, 2, 1, -2, 1, 1, -2, -1, -1, -2, 1, 1, 1, 2, 2]"
237,dfs_bnb_mpi,0.013719,-4,5,4470,"[-1, -1, 2, -1, -1, 2, 1, 2, 2, 1, -2, -2, 1, -2, 1, 2, 2, 2, 2]"
238,dfs_bnb_mpi,2.90142,-4,5,864004,"[-1, -1, 2, 2, 2, 2, 2, 2, 1, -2, 1, -2, 1, -2, -1, -2, -1, 2, 2]"
239,dfs_bnb_mpi,0.080094,-4,5,25711,"[-1, -1, 2, 2, -1, -2, -2, -1, 2, -1, -2, -2, 1, 1, -2, 1, 1, 2, -1]"
240,dfs_bnb_mpi,0.280616,-3,4,88608,"[-1, -1, 2, 2, 1, 1, 1, -2, 1, 1, -2, -1, -1, -2, -1, -1, -1, -1, 2]"
241,dfs_bnb_mpi,0.001711,-4,5,570,"[-1, -2, -1, -1, -1, 2, 1, 1, 2, 2, 1, -2, 1, 2, 2, 2, 2, 2, 2]"
242,dfs_bnb_mpi,0.117192,-4,5,37085,"[-1, -2, 1, -2, -1, -1, 2, 2, 2, 1, 2, 2, 2, 1, -2, -2, -2, 1, 2]"
243,dfs_bnb_mpi,5.668,-2,3,1732176,"[-1, -1, 2, 2, 2, 2, 2, 2, 2, 1, -2, 1, 1, -2, -1, -1, -2, 1, 1]"
244,dfs_bnb_mpi,0.043118,-4,5,13847,"[-1, -1, 2, 1, 1, 2, 2, -1, -2, -1, -1, -2, -2, -2, 1, 1, 1, 1, 2]"
245,dfs_bnb_mpi,0.062096,-4,5,19265,"[-1, -1, 2, -1, -2, -2, 1, 1, 1, 1, 1, -2, -1, -1, -1, -2, -1, 2, -1]"
246,dfs_bnb_mpi,0.001872,-2,3,589,"[-1, -1, 2, 2, 2, 1, -2, -2, 1, 1, -2, -2, -1, -1, -1, -1, 2, 2, 2]"
247,dfs_bnb_mpi,0.248057,-4,5,76467,"[-1, -1, 2, 2, -1, -2, -2, -2, -2, 1, -2, -2, 1, 2, 2, 1, 2, -1, -1]"
248,dfs_bnb_mpi,0.006397,-4,5,1960,"[-1, -2, -1, 2, -1, -1, 2, 1, 1, 2, 1, -2, 1, 2, 2, 2, 2, 2, 2]"
249,dfs_bnb_mpi,0.446578,-4,5,137184,"[-1, -1, 2, 2, 1, 1, -2, 1, 2, 2, 1, -2, -2, -2, -1, -2, -1, -1, -1]"
250,dfs_bnb_mpi,0.000301,-2,3,89,"[-1, -1, 2, 2, 2, 2, 2, 2, 2, 2, 2, 2, 2, 1, -2, 1, -2, -1, -2]"
251,dfs_bnb_mpi,0.047805,-3,4,13900,"[-1, -1, 2, 2, 2, 2, 1, 1, -2, -1, -2, -2, 1, 2, 1, 2, 2, 2, 2]"
252,dfs_bnb_mpi,2.63234,-2,3,821087,"[-1, -1, 2, 2, 2, 2, 2, 2, 2, -1, -2, -2, -2, -2, -2, -2, -2, -2, 1]"
253,dfs_bnb_mpi,1.15121,-3,4,355026,"[-1, -1, 2, 2, -1, -2, -2, -2, 1, 1, 1, 1, -2, -1, -2, -1, 2, -1, -1]"
254,dfs_bnb_mpi,0.928532,-2,3,290541,"[-1, -1, 2, 2, 2, 2, 1, -2, 1, 2, 2, 2, -1, -1, -1, -2, -2, -2, -1]"
255,dfs_bnb_mpi,0.100228,-3,4,31607,"[-1, -1, 2, 2, 2, -1, -2, -2, -1, 2, -1, -2, -2, 1, 1, -2, 1, 1, 1]"
256,dfs_bnb_mpi,0.900547,-3,4,274096,"[-1, -1, 2, 2, 1, -2, 1, 2, 1, -2, -2, -2, -1, -1, -1, -2, 1, 1, 1]"
257,dfs_bnb_mpi,0.386901,-2,3,100229,"[-1, -1, 2, 2, 2, 2, 2, 2, 2, 2, 2, 2, 2, 1, 2, -1, -1, -2, -1]"
258,dfs_bnb_mpi,2.73433,-2,3,843120,"[-1, -1, 2, 2, 2, 2, 2, 2, 1, 2, 2, 2, 2, -1, -2, -2, -2, -1, -2]"
259,dfs_bnb_mpi,0.442062,-3,4,135373,"[-1, -1, 2, 2, 2, 2, 1, -2, -2, 1, 1, 2, 2, 2, 2, -1, -2, -2, -2]"
260,dfs_bnb_mpi,1.60851,-4,5,477336,"[-1, -2, -1, 2, 2, 1, 2, 2, 2, -1, -1, -2, -2, -2, -2, -1, -2, 1, -2]"
261,dfs_bnb_mpi,0.000265,-2,3,76,"[-1, -1, 2, 2, 2, -1, -2, -2, -2, -1, -2, 1, 1, 1, 1, 1, 2, 2, 2]"
262,dfs_bnb_mpi,0.079348,-5,6,24804,"[-1, -1, 2, 2, 2, 2, 1, 1, -2, -2, -2, 1, -2, 1, -2, -1, -2, -1, 2]"
263,dfs_bnb_mpi,0.031621,-4,5,10140,"[-1, -1, -1, 2, 1, 1, 2, 1, -2, 1, -2, -2, -1, -2, -2, -1, 2, 2, -1]"
264,dfs_bnb_mpi,0.022964,-4,5,7181,"[-1, -2, -2, -1, 2, -1, -1, 2, 1, 1, 2, 2, 1, -2, 1, 2, 2, 2, 2]"
265,dfs_bnb_mpi,0.002923,-2,3,909,"[-1, -1, 2, 2, 2, 2, 2, 1, 2, 2, 1, -2, -2, -2, -1, -2, 1, 1, 2]"
266,dfs_bnb_mpi,0.005163,-2,3,1658,"[-1, -1, 2, 1, 2, 2, 1, -2, -2, 1, 2, 2, 2, 2, 2, 2, 2, 2, 2]"
267,dfs_bnb_mpi,0.230241,-3,4,72668,"[-1, -1, 2, -1, -2, -1, 2, 2, 1, 2, 2, 2, 2, 1, -2, -2, -2, -2, 1]"
268,dfs_bnb_mpi,0.001431,-2,3,382,"[-1, -1, 2, 2, -1, -2, -2, -2, 1, 1, 1, 1, -2, -1, -1, -1, -1, -1, 2]"
269,dfs_bnb_mpi,1.43382,-3,4,451718,"[-1, -1, 2, -1, -2, -1, 2, 2, 2, -1, -2, -2, -2, -2, 1, 1, 1, 1, 1]"
270,dfs_bnb_mpi,5.59638,-3,4,1757657,"[-1, -1, 2, 2, 2, 2, 1, 2, 2, 2, 2, 1, -2, -2, -2, -2, -2, -1, -2]"
271,dfs_bnb_mpi,1.85916,-3,4,562860,"[-1, -1, 2, 2, 2, 2, 2, 2, 2, 2, 1, 1, 2, 1, -2, -2, -1, -1, -2]"
272,dfs_bnb_mpi,1.41503,-3,4,452284,"[-1, -1, 2, 2, 2, -1, -2, -2, -2, -1, 2, 2, -1, -2, -2, -2, 1, 1, 1]"
273,dfs_bnb_mpi,0.034312,-4,5,11022,"[-1, -1, 2, 1, 1, 2, -1, -1, 2, 2, -1, -2, -2, -1, -2, 1, -2, -1, -1]"
274,dfs_bnb_mpi,0.272544,-2,3,87359,"[-1, -1, 2, 2, 2, 2, 2, 2, 2, 2, 1, -2, -2, 1, -2, -1, -2, 1, 1]"
275,dfs_bnb_mpi,1.63397,-4,5,499318,"[-1, -1, 2, 1, 2, -1, 2, 2, 2, 2, -1, -1, -2, -2, -2, -2, -2, 1, 2]"
276,dfs_bnb_mpi,0.115863,-4,5,37346,"[-1, -1, 2, 1, 2, 1, -2, 1, 2, 1, -2, -2, -1, -2, -1, -2, -1, 2, -1]"
277,dfs_bnb_mpi,0.750321,-3,4,239229,"[-1, -1, 2, 2, -1, 2, 2, 2, 2, -1, -2, -2, -2, -2, -2, 1, -2, -1, -1]"
278,dfs_bnb_mpi,0.002983,-4,5,909,"[-1, -1, 2, 2, -1, -2, -2, -1, -2, 1, 1, 1, -2, -1, -1, -1, -1, 2, 2]"
279,dfs_bnb_mpi,0.003371,-3,4,1124,"[-1, -2, 1, 1, 1, 1, 2, 2, -1, -2, -1, 2, 2, 2, 2, 2, 2, 2, 2]"
280,dfs_bnb_mpi,0.361549,-3,4,91419,"[-1, -1, 2, 2, 2, -1, -2, -2, -1, -1, -2, 1, 1, -2, -2, 1, 2, 1, 1]"
281,dfs_bnb_mpi,0.17946,-4,5,57263,"[-1, -1, 2, 2, 1, 1, 2, 2, -1, -2, -1, 2, -1, 2, -1, -2, -2, 1, -2]"
282,dfs_bnb_mpi,22.0483,-2,3,5869002,"[-1, -1, 2, 2, 2, 2, 2, 2, 2, 2, 2, 2, 2, 2, 1, 1, -2, -1, -2]"
283,dfs_bnb_mpi,0.0064,-3,4,1840,"[-1, -1, 2, 2, 1, 1, -2, 1, 2, 2, -1, 2, 2, 2, 2, 2, 2, 2, 2]"
284,dfs_bnb_mpi,0.019502,-3,4,6119,"[-1, -1, 2, 2, 2, 2, -1, -2, -2, -2, -2, -1, -2, 1, 1, 1, 1, 1, 2]"
285,dfs_bnb_mpi,0.793313,-3,4,250227,"[-1, -1, 2, 2, 2, 2, 1, 1, -2, -2, 1, 2, 2, 1, -2, -2, -2, -1, -1]"
286,dfs_bnb_mpi,0.553989,-4,5,173015,"[-1, -1, 2, 2, 2, 2, 1, 1, 1, 2, -1, -1, 2, 2, -1, -2, -2, -1, -2]"
287,dfs_bnb_mpi,0.000161,-2,3,47,"[-1, -1, 2, 2, 2, 2, 2, 2, 2, 2, 2, 2, 1, 1, -2, -1, -2, 1, 1]"
288,dfs_bnb_mpi,0.085902,-2,3,27074,"[-1, -1, 2, 2, 2, 1, -2, 1, 2, 2, -1, -1, -1, -2, -2, -1, 2, 2, 2]"
289,dfs_bnb_mpi,0.028833,-3,4,8993,"[-1, -1, 2, 2, 2, 2, 1, 1, -2, -2, -2, 1, 1, -2, -1, -2, -2, -1, 2]"
290,dfs_bnb_mpi,6.1e-05,0,1,20,"[-1, -1, 2, 2, 2, 2, 2, 2, 2, 2, 2, 2, 2, 2, 2, 2, 2, 2, 2]"
291,dfs_bnb_mpi,0.187678,-4,4,57629,"[-1, -1, 2, 2, 2, 2, 1, -2, -2, -2, 1, 2, 2, 1, -2, -2, 1, -2, -1]"
292,dfs_bnb_mpi,0.220513,-2,3,71131,"[-1, -1, 2, 2, 2, 1, 2, 2, 2, 2, 2, -1, -2, -2, -2, -2, -1, -2, -1]"
293,dfs_bnb_mpi,0.351737,-3,4,109341,"[-1, -1, 2, 2, 2, 2, -1, -2, -2, -1, 2, -1, -2, -2, -2, 1, 1, 2, -1]"
294,dfs_bnb_mpi,0.015319,-4,5,4884,"[-1, -1, 2, 2, 2, 2, 2, 1, 2, -1, 2, -1, -2, -1, -2, 1, -2, -1, -1]"
295,dfs_bnb_mpi,0.004637,-2,3,1492,"[-1, -1, 2, 2, 2, 2, 2, 2, 2, 2, 1, -2, -2, 1, 1, -2, -1, -1, -2]"
296,dfs_bnb_mpi,0.019385,-2,3,6098,"[-1, -1, 2, 2, 1, 2, 2, 2, -1, -2, -2, -1, 2, -1, -2, -2, 1, -2, -1]"
297,dfs_bnb_mpi,15.2301,-3,4,4739021,"[-1, -1, 2, 2, 2, 2, 2, 2, 2, 2, 2, 1, 2, 2, 1, -2, -2, -2, -1]"
298,dfs_bnb_mpi,1.66412,-2,3,500408,"[-1, -1, 2, 2, 2, 2, 2, 2, 2, 1, 2, 2, 2, -1, -2, -2, -1, -2, -1]"
299,dfs_bnb_mpi,0.59701,-4,5,194017,"[-1, -1, 2, 1, 2, 2, 1, -2, -2, 1, 2, 1, -2, -2, -1, -2, -1, -1, -1]"
300,dfs_bnb_mpi,1.34215,-5,6,425171,"[-1, -2, 1, -2, 1, 2, 1, 1, 2, 2, 2, -1, -1, -1, -2, 1, 1, -2, -1]"
301,dfs_bnb_mpi,0.000734,-2,3,217,"[-1, -1, 2, 2, 2, 2, 2, 2, 2, 2, 2, 2, 1, -2, -2, 1, -2, -1, -2]"
302,dfs_bnb_mpi,2.52768,-4,5,790049,"[-1, -1, 2, 2, -1, -1, -2, -2, -1, -2, 1, -2, 1, 1, 1, 2, -1, -1, 2]"
303,dfs_bnb_mpi,2.13857,-4,5,668616,"[-1, -1, 2, 2, 1, 2, 2, -1, -2, -1, 2, 2, -1, -2, -2, -2, -2, 1, 2]"
304,dfs_bnb_mpi,0.124577,-3,4,37341,"[-1, -1, 2, 2, 2, 2, 2, -1, -2, -2, -2, -1, -1, -2, 1, 1, -2, -1, -1]"
305,dfs_bnb_mpi,0.115837,-2,3,34218,"[-1, -1, 2, 2, 2, 2, 2, 2, 2, 2, 1, 2, 2, -1, -2, -1, -2, -1, 2]"
306,dfs_bnb_mpi,9.32422,-4,5,2960554,"[-1, -2, -1, -2, -1, -1, -2, 1, 1, 1, 2, 1, 1, 1, 2, 2, -1, -2, -1]"
307,dfs_bnb_mpi,0.000432,-3,4,131,"[-1, -1, 2, 1, 1, 2, 1, -2, -2, 1, 2, 2, 2, 2, 2, 2, 2, 2, 2]"
308,dfs_bnb_mpi,0.106934,-3,4,33890,"[-1, -1, 2, -1, -2, -1, -2, -1, 2, -1, -2, -2, 1, 1, 1, 2, 1, 1, 1]"
309,dfs_bnb_mpi,0.051487,-4,5,15952,"[-1, -1, 2, 2, 2, 2, 1, 1, 2, -1, -1, 2, -1, -2, -1, -2, 1, -2, -1]"
310,dfs_bnb_mpi,0.027083,-2,3,8622,"[-1, -1, 2, 2, 2, 2, 2, 1, 2, 2, 2, -1, -2, -2, -1, -1, -2, 1, -2]"
311,dfs_bnb_mpi,0.797955,-2,3,252474,"[-1, -1, 2, 2, 2, 2, 2, 2, 2, 2, 2, 1, -2, -2, 1, -2, -1, -2, 1]"
312,dfs_bnb_mpi,7.09756,-3,4,1722595,"[-1, -1, 2, 2, 2, 2, 2, -1, -1, -2, -2, -1, -2, -2, 1, 2, 1, -2, -2]"
313,dfs_bnb_mpi,0.082602,-4,5,26045,"[-1, -1, 2, 2, 2, 2, -1, -1, -2, -2, -1, -2, 1, -2, -2, 1, 2, 2, 2]"
314,dfs_bnb_mpi,1.27652,-3,4,387116,"[-1, -1, 2, 2, 2, 2, 2, 2, 2, 2, 1, 1, -2, -2, -2, -2, -1, 2, 2]"
315,dfs_bnb_mpi,17.6473,-3,4,4906562,"[-1, -1, 2, 2, 2, 2, 2, 2, 2, 1, 1, -2, 1, -2, -1, -2, -1, 2, 2]"
316,dfs_bnb_mpi,2.98149,-4,5,883188,"[-1, -1, 2, 2, 2, 2, 1, 1, 1, -2, -1, -2, -1, -2, 1, 1, 1, 2, -1]"
317,dfs_bnb_mpi,0.000731,-2,3,217,"[-1, -1, 2, 2, 2, 2, 2, 2, 2, 2, 2, 2, 1, -2, -2, 1, -2, -1, -2]"
318,dfs_bnb_mpi,1.87586,-4,5,567127,"[-1, -1, 2, -1, -2, -1, -2, 1, -2, 1, 1, 1, 1, 1, 2, -1, -1, -1, -1]"
319,dfs_bnb_mpi,0.675802,-2,3,202037,"[-1, -1, 2, 2, 2, 2, 2, 2, 2, 2, 1, -2, 1, 2, 1, -2, -2, -1, -1]"
320,dfs_bnb_mpi,0.001355,-2,3,333,"[-1, -1, 2, 2, 1, 2, 2, -1, -2, -1, -2, -1, 2, 2, 2, 2, 2, 2, 2]"
321,dfs_bnb_mpi,0.700794,-3,4,214580,"[-1, -1, 2, 2, 2, 2, 1, -2, 1, 1, 1, -2, -2, -1, -1, -1, 2, 1, 1]"
322,dfs_bnb_mpi,0.000196,-2,3,56,"[-1, -1, 2, 2, 2, 2, 2, 2, 2, 2, 2, 1, -2, -2, 1, 1, -2, -1, -1]"
323,dfs_bnb_mpi,0.0248,-4,5,8122,"[-1, -1, 2, 1, 1, 1, -2, 1, 2, 1, 2, -1, -1, 2, -1, -2, -1, 2, 2]"
324,dfs_bnb_mpi,0.000622,-2,3,153,"[-1, -1, 2, 2, 2, 2, 2, 2, 2, 2, 2, 2, 1, 2, 1, -2, -2, -1, -2]"
325,dfs_bnb_mpi,1.28781,-3,4,412090,"[-1, -1, 2, 1, 2, 2, 2, 2, 1, -2, -2, 1, 1, -2, -2, -1, -1, 2, 1]"
326,dfs_bnb_mpi,0.150579,-3,4,47900,"[-1, -1, 2, 2, 2, 2, 2, -1, -1, -2, -2, -2, 1, -2, -2, -1, -1, 2, 1]"
327,dfs_bnb_mpi,0.845219,-2,3,268282,"[-1, -1, 2, 2, 2, 2, 2, 2, 2, 2, 2, 2, 2, 2, 1, 2, -1, -1, -2]"
328,dfs_bnb_mpi,1.04408,-3,4,309923,"[-1, -1, 2, 2, 2, 2, 2, 2, 2, 1, 2, 2, -1, -2, -1, -1, -2, 1, -2]"
329,dfs_bnb_mpi,0.398451,-3,4,131393,"[-1, -1, 2, 1, 2, -1, -1, -2, -1, 2, 2, -1, -2, -2, -2, 1, 1, -2, 1]"
330,dfs_bnb_mpi,2.52049,-2,3,637424,"[-1, -1, 2, 2, 2, 2, 2, 2, 2, 2, 2, 2, 1, -2, -2, 1, -2, -1, -2]"
331,dfs_bnb_mpi,0.009132,-4,5,2978,"[-1, -1, 2, 1, 2, 2, 1, -2, -2, 1, -2, -2, -1, -2, -1, 2, -1, -1, 2]"
332,dfs_bnb_mpi,0.011855,-3,4,3424,"[-1, -1, 2, 2, 2, 1, -2, -2, 1, 1, 2, -1, 2, 2, 2, 2, 2, 2, 2]"
333,dfs_bnb_mpi,0.137634,-3,4,41536,"[-1, -1, 2, 2, 2, 2, -1, -2, -2, -2, -1, 2, -1, -2, -2, 1, 1, -2, 1]"
334,dfs_bnb_mpi,0.267335,-3,4,86802,"[-1, -1, 2, -1, 2, 1, 1, -2, 1, 1, 2, -1, 2, 2, 2, -1, -2, -2, -1]"
335,dfs_bnb_mpi,0.315203,-3,4,102913,"[-1, -1, 2, 2, 2, -1, -2, -1, -1, -2, 1, 1, -2, -1, -2, 1, 1, 1, 1]"
336,dfs_bnb_mpi,0.003132,-2,3,783,"[-1, -1, 2, 2, 2, -1, -2, -1, -1, -2, 1, 1, -2, -1, -1, -1, 2, 2, 2]"
337,dfs_bnb_mpi,0.784671,-3,4,246566,"[-1, -1, 2, 2, 2, 2, 2, 2, 2, -1, -2, -2, -2, -2, -2, -1, -2, 1, -2]"
338,dfs_bnb_mpi,0.004981,-4,5,1602,"[-1, -1, 2, -1, 2, -1, 2, -1, -2, -2, 1, -2, 1, -2, 1, 1, 1, 1, 2]"
339,dfs_bnb_mpi,0.022634,-3,4,7072,"[-1, -1, 2, 1, 2, 2, 2, -1, -1, -2, 1, -2, -1, -2, -1, 2, 2, 2, 2]"
340,dfs_bnb_mpi,6e-05,0,1,20,"[-1, -1, 2, 2, 2, 2, 2, 2, 2, 2, 2, 2, 2, 2, 2, 2, 2, 2, 2]"
341,dfs_bnb_mpi,0.001769,-4,4,579,"[-1, -1, 2, -1, 2, 2, 2, 1, -2, -2, 1, -2, 1, 2, 2, 2, 2, 2, 2]"
342,dfs_bnb_mpi,0.007222,-2,3,2274,"[-1, -1, 2, 2, 2, -1, -2, -2, -2, -1, -1, -2, 1, 1, 1, 1, 1, 1, 2]"
343,dfs_bnb_mpi,0.017667,-4,5,5486,"[-1, -2, 1, -2, 1, 1, 1, 2, 2, -1, -2, -1, 2, 2, 2, 2, 2, 2, 2]"
344,dfs_bnb_mpi,0.002157,-4,4,639,"[-1, -1, 2, 2, 2, -1, -2, -2, -2, -1, 2, -1, -1, 2, 1, 1, 2, 2, 2]"
345,dfs_bnb_mpi,0.003472,-3,4,1029,"[-1, -1, 2, 2, 2, 2, 2, 2, 2, 2, 2, 1, 2, 1, -2, -2, -2, -1, 2]"
346,dfs_bnb_mpi,0.043863,-4,5,12989,"[-1, -1, 2, -1, -2, -2, -2, -2, 1, 2, 2, 1, 1, -2, -1, -2, 1, 1, 2]"
347,dfs_bnb_mpi,0.066897,-4,5,21265,"[-1, -1, 2, 2, 2, 1, 2, -1, 2, 2, -1, -2, -2, -1, -2, 1, -2, -1, -1]"
348,dfs_bnb_mpi,0.002139,-3,4,582,"[-1, -1, 2, 1, 1, 1, -2, -2, -1, -1, -1, -1, 2, 2, 2, 2, 2, 2, 2]"
349,dfs_bnb_mpi,1.30871,-3,4,412749,"[-1, -1, 2, 1, 2, -1, -1, 2, 2, 2, 2, -1, -2, -2, -2, -2, -2, 1, -2]"
350,dfs_bnb_mpi,0.280341,-3,3,86423,"[-1, -1, 2, 2, 2, 2, 2, 2, 1, -2, -2, 1, 2, 1, -2, -2, -1, -1, -2]"
351,dfs_bnb_mpi,0.198841,-3,4,62142,"[-1, -1, 2, -1, -2, -1, 2, 2, -1, -2, -2, -2, 1, 1, 1, 1, 1, 1, 2]"
352,dfs_bnb_mpi,0.038367,-3,4,12426,"[-1, -1, 2, -1, 2, 2, 2, -1, -2, -2, -2, -2, 1, -2, 1, 1, 1, 1, 2]"
353,dfs_bnb_mpi,1.19557,-3,4,303018,"[-1, -1, 2, 2, 2, 2, -1, -2, -2, -2, -1, -2, -1, -1, -2, 1, 1, 1, 2]"
354,dfs_bnb_mpi,0.047331,-3,4,15428,"[-1, -1, 2, 2, -1, -2, -1, -1, -2, 1, 1, -2, -2, 1, 2, 1, 1, 1, 2]"
355,dfs_bnb_mpi,3.90231,-3,4,1162199,"[-1, -1, 2, 2, 2, 2, 2, 2, 2, 1, -2, -2, -2, 1, 2, 1, 2, -1, 2]"
356,dfs_bnb_mpi,0.050682,-2,3,16664,"[-1, -1, 2, 2, 2, 1, 2, 2, 2, 2, -1, -2, -2, -2, -1, -2, -1, 2, 2]"
357,dfs_bnb_mpi,0.001166,-3,4,352,"[-1, -1, 2, -1, 2, -1, -2, -2, 1, -2, 1, 1, 1, 1, 2, 2, 2, 2, 2]"
358,dfs_bnb_mpi,0.611549,-4,5,178977,"[-1, -1, 2, 2, 2, 2, 1, 1, -2, -2, -1, -2, 1, 1, 2, 1, -2, -2, -1]"
359,dfs_bnb_mpi,0.00063,-4,5,187,"[-1, -1, 2, 2, 2, 2, 2, 1, 2, -1, 2, -1, -2, -2, -1, -2, 1, -2, -1]"
360,dfs_bnb_mpi,0.114392,-4,5,35992,"[-1, -1, 2, 1, 2, -1, -1, 2, 2, -1, -2, -2, -1, -2, 1, 1, -2, -1, -1]"
361,dfs_bnb_mpi,0.090461,-4,5,28018,"[-1, -1, 2, 1, 1, 2, 2, -1, -2, -1, 2, -1, -2, -1, -1, -2, 1, 1, -2]"
362,dfs_bnb_mpi,0.002681,-2,3,794,"[-1, -1, 2, 2, 2, 2, 2, 1, 2, -1, 2, -1, -2, -2, -1, 2, 2, 2, 2]"
363,dfs_bnb_mpi,0.006525,-3,4,1937,"[-1, -1, 2, 2, 2, 2, 2, 1, 1, -2, -1, -2, 1, 1, 2, 2, 2, 2, 2]"
364,dfs_bnb_mpi,1.3645,-3,4,421132,"[-1, -1, 2, 2, -1, -2, -1, 2, -1, -2, -2, -2, -2, 1, 1, 2, 2, -1, -2]"
365,dfs_bnb_mpi,0.004361,-2,3,1346,"[-1, -1, 2, 1, 2, 1, 1, -2, -2, -2, -1, -1, -1, -1, 2, 2, 2, 2, 2]"
366,dfs_bnb_mpi,0.045038,-4,5,14143,"[-1, -1, 2, -1, -2, -1, -1, -2, 1, 1, 1, -2, -1, -2, 1, 1, 2, 2, 1]"
367,dfs_bnb_mpi,0.268755,-3,4,77397,"[-1, -2, -1, 2, -1, 2, 2, 2, 2, 1, -2, -2, -2, 1, 2, 2, 2, 2, 2]"
368,dfs_bnb_mpi,0.041734,-3,4,11568,"[-1, -1, 2, 2, 2, -1, -2, -1, 2, -1, -2, -2, 1, 1, -2, -1, -1, -1, 2]"
369,dfs_bnb_mpi,0.058698,-2,3,18217,"[-1, -1, 2, 2, 2, 2, 1, 2, 2, 2, -1, -2, -2, -1, -2, -1, 2, 2, 2]"
370,dfs_bnb_mpi,2.22415,-2,3,684315,"[-1, -1, 2, 2, 2, 2, 2, 2, 2, 1, -2, 1, 1, -2, -1, -1, -2, 1, 1]"
371,dfs_bnb_mpi,0.020374,-4,4,6254,"[-1, -1, 2, 2, 2, 2, -1, -2, -2, -2, -2, -1, 2, -1, -1, 2, 1, 1, 2]"
372,dfs_bnb_mpi,2.65253,-4,5,851456,"[-1, -1, 2, 2, -1, -2, -2, -1, -1, -2, 1, 1, -2, 1, 1, 1, 2, -1, -1]"
373,dfs_bnb_mpi,0.071139,-3,4,22820,"[-1, -2, 1, 1, 1, 1, 2, 2, 2, -1, -2, -2, -1, 2, 2, 2, 2, 2, 2]"
374,dfs_bnb_mpi,0.010854,-4,5,3397,"[-1, -1, 2, 1, 1, 2, -1, -1, 2, -1, -1, -2, 1, -2, -1, -1, 2, 2, 2]"
375,dfs_bnb_mpi,5.60304,-2,3,1773324,"[-1, -1, 2, 2, 2, 2, 2, 2, 2, 2, 2, 1, -2, -2, -2, -2, -2, 1, 2]"
376,dfs_bnb_mpi,0.089249,-3,4,28897,"[-1, -1, 2, 2, 2, 2, -1, -2, -2, -1, 2, 2, -1, -2, -2, -2, 1, 1, -2]"
377,dfs_bnb_mpi,0.005986,-3,4,1831,"[-1, -1, 2, 1, 1, 1, 2, 1, -2, -2, -1, -2, 1, 1, 2, 2, 2, 2, 2]"
378,dfs_bnb_mpi,0.001264,-3,4,410,"[-1, -2, 1, 1, 2, 2, 2, -1, -2, -1, 2, 2, 2, 2, 2, 2, 2, 2, 2]"
379,dfs_bnb_mpi,0.087595,-4,5,25736,"[-1, -1, 2, 2, 2, 2, 2, 2, 1, 2, -1, -1, -2, -2, -1, -1, 2, 1, 2]"
380,dfs_bnb_mpi,0.035385,-4,5,11150,"[-1, -1, 2, 2, 2, 1, 2, -1, 2, 2, -1, -2, -2, -1, -2, 1, -2, -1, -1]"
381,dfs_bnb_mpi,0.219467,-3,4,70475,"[-1, -2, -1, -2, 1, -2, 1, 1, 1, 2, -1, -1, 2, 1, 2, 2, 2, 2, 2]"
382,dfs_bnb_mpi,2.15951,-3,4,648178,"[-1, -1, 2, 2, 2, 2, -1, -1, -2, -2, -1, -2, 1, -2, -2, 1, 2, 2, 2]"
383,dfs_bnb_mpi,0.034058,-2,3,10778,"[-1, -1, 2, 2, 2, 2, 2, -1, -2, -2, -2, -2, -2, -1, -1, -2, 1, 1, 1]"
384,dfs_bnb_mpi,0.00618,-4,4,1962,"[-1, -1, 2, 1, 1, 2, 1, -2, 1, 1, -2, -1, -1, -2, 1, 1, 1, 2, 2]"
385,dfs_bnb_mpi,0.171217,-2,3,51986,"[-1, -1, 2, 2, 2, 2, 2, 2, 2, -1, -2, -2, -2, -2, -2, -2, -2, -2, 1]"
386,dfs_bnb_mpi,0.050592,-4,4,15424,"[-1, -1, 2, 2, 2, 2, 1, -2, -2, -2, 1, 2, 1, 2, 2, 2, -1, -2, -2]"
387,dfs_bnb_mpi,0.527196,-4,5,159601,"[-1, -1, 2, 1, 1, 2, 2, 1, -2, -2, 1, 2, 1, -2, -2, -1, -1, -2, 1]"
388,dfs_bnb_mpi,0.140433,-3,4,44559,"[-1, -1, 2, -1, -2, -2, 1, 1, 1, 1, 2, 2, 2, -1, -2, -1, 2, 2, 2]"
389,dfs_bnb_mpi,2.23551,-3,4,666319,"[-1, -1, 2, 2, 2, 2, 2, -1, -1, -2, -2, -2, -1, -2, 1, -2, 1, 2, 2]"
390,dfs_bnb_mpi,0.876588,-4,5,268155,"[-1, -1, 2, 1, 1, 1, -2, -2, -1, -1, -1, -1, 2, -1, 2, 1, 2, 1, 2]"
391,dfs_bnb_mpi,0.003697,-2,3,909,"[-1, -1, 2, 2, 2, 2, 2, 1, 2, 2, 1, -2, -2, -2, -1, -2, 1, 1, 2]"
392,dfs_bnb_mpi,0.004429,-3,4,1365,"[-1, -1, 2, 2, -1, -2, -2, -1, -1, -1, 2, 1, 1, 2, 2, 2, 2, 2, 2]"
393,dfs_bnb_mpi,3.04686,-4,5,973373,"[-1, -1, 2, -1, -2, -1, -2, -1, 2, 2, -1, -2, -2, -2, 1, 1, 1, 2, 1]"
394,dfs_bnb_mpi,0.045072,-3,4,13866,"[-1, -2, -1, 2, 2, 2, 1, 1, 1, -2, -2, -2, -1, -2, 1, 1, 2, 2, 2]"
395,dfs_bnb_mpi,0.168458,-4,5,52452,"[-1, -1, 2, 1, 2, 2, 2, 2, -1, -2, -2, -2, -1, -2, -1, -2, 1, -2, 1]"
396,dfs_bnb_mpi,1.60233,-4,5,504962,"[-1, -2, -1, -2, -1, 2, 2, 2, 1, 1, 1, 1, -2, -2, -1, -2, -1, -2, 1]"
397,dfs_bnb_mpi,0.001693,-3,4,498,"[-1, -1, 2, 2, -1, -2, -2, -1, -2, 1, 1, 1, 1, 1, 2, 2, 2, 2, 2]"
398,dfs_bnb_mpi,15.1926,-2,3,4762182,"[-1, -1, 2, 2, 2, 2, 2, 2, 2, 2, 1, -2, -2, -2, -2, -2, -2, -2, 1]"
399,dfs_bnb_mpi,0.005792,-4,5,1797,"[-1, -1, 2, 2, 1, 2, -1, 2, -1, -2, -1, -1, -2, 1, 1, -2, -1, -1, -1]"
400,dfs_bnb_mpi,1.49305,-4,5,481720,"[-1, -1, 2, 1, 2, -1, 2, -1, -2, -1, 2, 2, -1, -2, -2, -2, 1, 1, -2]"
401,dfs_bnb_mpi,0.602439,-4,5,191109,"[-1, -1, 2, 2, 1, 2, 2, -1, -2, -1, 2, -1, -2, -1, -2, 1, -2, 1, 2]"
402,dfs_bnb_mpi,0.021048,-2,3,6784,"[-1, -1, 2, 2, 2, 1, -2, -2, 1, 2, 2, 2, -1, -1, -1, -2, -2, -2, -1]"
403,dfs_bnb_mpi,0.000509,-2,3,167,"[-1, -1, 2, 2, 2, 1, 2, 1, -2, -2, -1, -2, 1, 1, 2, 2, 2, 2, 2]"
404,dfs_bnb_mpi,22.2319,-2,3,7162469,"[-1, -1, 2, 2, 2, 2, 2, 2, 2, 1, 2, 2, 2, 1, -2, -2, -2, -2, -1]"
405,dfs_bnb_mpi,0.188725,-4,5,60891,"[-1, -1, 2, 2, 1, 2, 1, 2, -1, 2, -1, -2, -2, -1, 2, -1, -2, -2, 1]"
406,dfs_bnb_mpi,0.078788,-4,5,25518,"[-1, -1, 2, -1, -2, -1, 2, -1, -2, -2, 1, -2, -2, 1, 2, 2, 1, 1, 1]"
407,dfs_bnb_mpi,21.8849,-2,3,5975759,"[-1, -1, 2, 2, 2, 2, 2, 2, 2, 2, 2, 2, 2, 2, 2, 1, -2, -2, 1]"
408,dfs_bnb_mpi,0.355371,-3,4,111555,"[-1, -1, 2, 2, 2, 2, 2, 2, 2, 1, -2, -2, -2, 1, -2, -1, -2, 1, 1]"
409,dfs_bnb_mpi,2.09544,-2,3,651430,"[-1, -1, 2, 2, 2, 2, 2, 2, 2, 2, 1, -2, -2, -2, -2, 1, -2, -1, -2]"
410,dfs_bnb_mpi,0.368124,-3,4,101088,"[-1, -1, 2, 2, 2, 2, 2, 2, 1, 1, -2, -1, -2, -2, 1, 2, 1, 2, 2]"
411,dfs_bnb_mpi,0.002783,-3,4,834,"[-1, -1, 2, 2, 1, 1, -2, 1, 1, -2, -1, -2, -2, -1, 2, -1, -1, -1, 2]"
412,dfs_bnb_mpi,0.000235,-3,4,84,"[-1, -1, 2, 1, 2, 1, -2, 1, 2, 2, 2, 2, 2, 2, 2, 2, 2, 2, 2]"
413,dfs_bnb_mpi,0.140282,-3,4,43818,"[-1, -1, 2, 2, 2, -1, 2, 1, 2, 1, -2, -2, 1, -2, -1, -2, 1, 1, 2]"
414,dfs_bnb_mpi,0.154279,-4,5,48305,"[-1, -1, 2, 2, -1, -2, -2, -1, 2, -1, -2, -2, 1, 1, -2, 1, 2, 1, 1]"
415,dfs_bnb_mpi,0.799334,-3,4,247273,"[-1, -1, 2, 2, 2, 2, 2, -1, -2, -1, -1, -2, 1, 1, -2, -1, -2, 1, -2]"
416,dfs_bnb_mpi,0.537986,-3,4,163707,"[-1, -1, 2, 2, 2, 1, 1, 1, -2, 1, 2, 1, -2, -2, -1, -2, -1, 2, -1]"
417,dfs_bnb_mpi,0.349216,-4,5,96847,"[-1, -1, 2, 2, 2, -1, -2, -2, -2, -1, 2, -1, -2, -2, 1, 1, 1, -2, -1]"
418,dfs_bnb_mpi,0.058083,-3,4,14951,"[-1, -1, 2, 1, 1, 1, 2, 2, 1, -2, -2, 1, -2, -1, -1, -2, 1, 1, 1]"
419,dfs_bnb_mpi,13.0722,-3,4,3165078,"[-1, -1, 2, 1, 1, 1, 2, 2, 2, 1, -2, -2, -2, -2, 1, -2, -1, -1, 2]"
420,dfs_bnb_mpi,0.005344,-2,3,1660,"[-1, -1, 2, 2, 2, 2, 2, 1, -2, 1, -2, -1, -2, 1, 1, 2, 2, 2, 2]"
421,dfs_bnb_mpi,0.039777,-3,4,9672,"[-1, -1, 2, 2, 2, 2, 2, 2, 2, 1, 1, -2, 1, 1, -2, -1, -1, -1, 2]"
422,dfs_bnb_mpi,1.05844,-3,4,328854,"[-1, -1, 2, 2, 2, 2, 2, 1, 1, -2, -2, 1, 1, -2, -1, -1, -1, 2, 2]"
423,dfs_bnb_mpi,2.61055,-2,3,795453,"[-1, -1, 2, 2, 2, 2, 2, 2, 1, 2, 2, 2, 2, -1, -2, -2, -2, -1, -2]"
424,dfs_bnb_mpi,0.010583,-4,5,3163,"[-1, -1, 2, 2, -1, -2, -2, -1, -2, 1, 1, 1, -2, -1, -1, -1, -1, 2, 2]"
425,dfs_bnb_mpi,0.001985,-4,4,611,"[-1, -1, 2, 2, -1, -2, -2, -1, -2, 1, -2, -2, 1, 2, 2, 1, 1, 1, 2]"
426,dfs_bnb_mpi,0.005663,-3,4,1763,"[-1, -1, 2, 2, 2, 1, 2, 1, -2, -2, -1, -2, 1, 1, 2, 2, 2, 2, 2]"
427,dfs_bnb_mpi,0.691563,-2,3,216738,"[-1, -1, 2, 2, 2, 2, 2, 2, 2, 2, 1, -2, 1, 2, 1, -2, -2, -1, -1]"
428,dfs_bnb_mpi,0.088293,-3,4,28344,"[-1, -1, 2, 2, 2, 2, 2, 2, 1, -2, 1, -2, 1, 1, -2, -1, -1, -1, 2]"
429,dfs_bnb_mpi,0.102897,-2,3,32940,"[-1, -1, 2, 2, 1, -2, 1, 2, 2, 2, -1, -1, -1, -2, -2, -2, -1, 2, 2]"
430,dfs_bnb_mpi,0.039395,-2,3,12265,"[-1, -1, 2, 2, 2, 2, 2, 2, -1, -2, -2, -2, -2, -2, -2, -2, 1, 1, 1]"
431,dfs_bnb_mpi,0.00121,-4,5,361,"[-1, -1, 2, 2, 2, -1, -2, -2, -2, -2, 1, -2, 1, 2, 1, 1, 2, 2, 2]"
432,dfs_bnb_mpi,0.096484,-4,4,31427,"[-1, -1, 2, 1, 1, 2, 2, 1, -2, -2, 1, 2, 1, -2, -2, -1, -1, -2, 1]"
433,dfs_bnb_mpi,0.19675,-4,5,62240,"[-1, -1, 2, 1, 1, 1, 2, 2, 1, -2, 1, 1, -2, -1, -1, -2, -1, -2, 1]"
434,dfs_bnb_mpi,0.011577,-2,3,3745,"[-1, -1, 2, 2, 2, 2, 1, -2, 1, 2, 1, -2, -2, -1, -1, -2, 1, 1, 1]"
435,dfs_bnb_mpi,0.002331,-2,3,762,"[-1, -1, 2, 2, -1, 2, -1, -2, -2, 1, -2, -1, -1, 2, 2, 2, 2, 2, 2]"
436,dfs_bnb_mpi,1.18938,-2,3,299784,"[-1, -1, 2, 2, 2, -1, -2, -2, -2, -2, 1, -2, -1, -2, 1, 1, 2, 2, 1]"
437,dfs_bnb_mpi,0.245482,-4,5,80129,"[-1, -2, -2, -1, 2, 2, -1, 2, 1, 2, 2, 2, 2, 1, -2, -2, -2, -2, 1]"
438,dfs_bnb_mpi,7.3e-05,0,1,20,"[-1, -1, 2, 2, 2, 2, 2, 2, 2, 2, 2, 2, 2, 2, 2, 2, 2, 2, 2]"
439,dfs_bnb_mpi,0.00562,-2,3,1705,"[-1, -1, 2, 2, 2, 1, 2, 2, -1, -2, -1, -2, -1, 2, 2, 2, 2, 2, 2]"
440,dfs_bnb_mpi,0.000956,-2,3,221,"[-1, -1, 2, 2, 2, 2, 2, 2, 2, 2, 1, -2, -2, 1, -2, -1, -2, 1, 1]"
441,dfs_bnb_mpi,0.394409,-4,5,126052,"[-1, -1, -1, 2, 2, 1, 2, 2, 2, 1, -2, -2, -2, 1, 1, -2, -1, -1, -1]"
442,dfs_bnb_mpi,15.4983,-4,5,4723019,"[-1, -1, 2, 2, 2, 2, 2, 1, 2, 2, 2, 1, -2, -2, 1, -2, -1, -2, -1]"
443,dfs_bnb_mpi,0.006484,-4,5,2040,"[-1, -1, 2, 2, -1, -2, -2, -1, -2, 1, -2, -2, 1, 2, 2, 1, 1, 1, 2]"
444,dfs_bnb_mpi,0.019801,-4,5,6056,"[-1, -1, 2, 2, 2, -1, -2, -2, -2, -1, -1, -2, 1, 1, -2, 1, 2, 1, 1]"
445,dfs_bnb_mpi,0.821262,-2,3,253488,"[-1, -1, 2, 2, 2, 2, 2, 2, 1, -2, 1, 1, -2, -1, -1, -2, 1, 1, 1]"
446,dfs_bnb_mpi,0.007773,-2,3,2511,"[-1, -1, 2, 1, 2, 2, 1, 1, -2, -2, -2, -2, -1, -1, -1, -1, 2, 2, 2]"
447,dfs_bnb_mpi,0.082729,-4,5,24548,"[-1, -1, 2, 2, 2, 1, 1, -2, -1, -2, 1, 1, -2, -2, -1, -1, -1, -1, 2]"
448,dfs_bnb_mpi,0.152233,-2,3,47858,"[-1, -1, 2, 2, 2, 1, 2, 2, 2, 2, -1, -2, -2, -2, -1, -1, -2, 1, -2]"
449,dfs_bnb_mpi,8.28945,-2,3,2218459,"[-1, -1, 2, 2, 2, 2, 2, 2, 2, 2, 2, 2, 2, 2, 1, -2, -2, 1, 2]"
450,dfs_bnb_mpi,0.165984,-4,5,53432,"[-1, -2, 1, 1, 2, 2, -1, -1, 2, -1, -2, -1, 2, -1, -2, -2, 1, 1, -2]"
451,dfs_bnb_mpi,0.124609,-4,5,39837,"[-1, -1, 2, 2, 1, 2, -1, -1, 2, 2, -1, -2, -2, -1, -1, -2, 1, 1, 1]"
452,dfs_bnb_mpi,6.4e-05,0,1,20,"[-1, -1, 2, 2, 2, 2, 2, 2, 2, 2, 2, 2, 2, 2, 2, 2, 2, 2, 2]"
453,dfs_bnb_mpi,0.107741,-3,4,34525,"[-1, -1, 2, 2, 2, 2, 1, 2, 2, 1, -2, -2, -2, -1, -2, 1, 1, 2, 2]"
454,dfs_bnb_mpi,1.52246,-4,5,459950,"[-1, -1, 2, 2, 2, 2, 2, 2, 2, 2, 1, 2, -1, 2, -1, -2, -1, -2, 1]"
455,dfs_bnb_mpi,2.22874,-4,5,675220,"[-1, -1, 2, 2, 2, 2, -1, -1, -1, -2, -2, 1, 2, 1, -2, -2, -2, -1, 2]"
456,dfs_bnb_mpi,0.003827,-3,4,1111,"[-1, -1, 2, 1, 2, -1, 2, 2, -1, -2, -2, -2, -1, 2, 2, 2, 2, 2, 2]"
457,dfs_bnb_mpi,0.177458,-2,3,46702,"[-1, -1, 2, 2, 2, 2, 2, 2, 2, 2, 2, 2, 1, 2, -1, 2, -1, -2, -2]"
458,dfs_bnb_mpi,0.018395,-3,4,5577,"[-1, -1, 2, 2, 2, 2, 1, 1, -2, -2, -2, 1, 1, -2, -1, -2, -1, -1, -1]"
459,dfs_bnb_mpi,0.016638,-4,5,5284,"[-1, -2, 1, 1, 2, 1, 2, 2, -1, -2, -1, -1, -1, 2, 1, 1, 2, 2, 2]"
460,dfs_bnb_mpi,0.124634,-2,3,38408,"[-1, -1, 2, 2, 2, 2, 2, 2, 1, 2, -1, 2, 2, -1, -2, -2, -2, -1, 2]"
461,dfs_bnb_mpi,0.023423,-2,3,5841,"[-1, -1, 2, 2, 2, 2, -1, -2, -2, -2, -1, -1, -2, 1, 1, -2, 1, 1, 1]"
462,dfs_bnb_mpi,0.004639,-2,3,1431,"[-1, -1, 2, 2, 2, 2, 2, 2, 1, 2, -1, -1, -2, -1, 2, 2, 2, 2, 2]"
463,dfs_bnb_mpi,1.3118,-3,4,402608,"[-1, -1, 2, 1, 2, 2, 2, -1, -2, -2, -1, 2, 2, -1, -2, -2, -2, 1, -2]"
464,dfs_bnb_mpi,0.117417,-4,5,36389,"[-1, -1, 2, 1, 2, 2, 2, -1, -2, -2, -1, 2, -1, -2, -1, -2, 1, 1, -2]"
465,dfs_bnb_mpi,0.000706,-4,5,239,"[-1, -1, 2, 1, 1, 2, -1, 2, 2, -1, -2, -2, -1, 2, 2, 2, 2, 2, 2]"
466,dfs_bnb_mpi,0.094289,-3,4,30567,"[-1, -1, -1, 2, 2, 1, -2, 1, 1, 1, 2, 2, 2, -1, -1, -2, -2, 1, 2]"
467,dfs_bnb_mpi,0.043475,-2,3,13909,"[-1, -1, 2, 2, 2, 2, 2, 2, 2, 1, -2, 1, -2, -1, -2, 1, 1, 2, 2]"
468,dfs_bnb_mpi,0.411203,-5,6,135625,"[-1, -1, 2, 2, 1, 2, -1, 2, -1, -2, -1, -2, -1, -1, -2, 1, 1, 1, 2]"
469,dfs_bnb_mpi,1.17681,-3,4,387184,"[-1, -1, 2, 2, 1, -2, 1, 1, 1, 2, 2, 2, 2, -1, -1, -2, -2, -2, 1]"
470,dfs_bnb_mpi,0.564012,-4,5,183057,"[-1, -1, 2, -1, 2, 2, 2, 2, -1, -2, -2, -2, -2, -2, -1, -2, 1, 1, 2]"
471,dfs_bnb_mpi,0.079874,-4,5,26337,"[-1, -1, 2, 2, 2, 2, 1, -2, -2, -2, 1, 2, 1, -2, 1, 1, -2, -1, -1]"
472,dfs_bnb_mpi,0.106232,-3,4,32457,"[-1, -1, 2, 2, 2, 2, 1, 1, 2, -1, -1, 2, 2, -1, -2, -2, -2, -1, 2]"
473,dfs_bnb_mpi,0.052271,-4,5,15950,"[-1, -1, 2, 2, 2, 2, -1, -2, -2, -2, -2, -1, -2, 1, -2, 1, 2, 1, 1]"
474,dfs_bnb_mpi,0.456791,-3,4,143214,"[-1, -1, -1, 2, 1, 2, 2, 2, 2, 2, 1, -2, -2, -2, -2, -2, 1, 2, 2]"
475,dfs_bnb_mpi,0.000538,-3,4,167,"[-1, -1, 2, 1, 2, 2, 1, -2, -2, 1, 2, 2, 2, 2, 2, 2, 2, 2, 2]"
476,dfs_bnb_mpi,0.280971,-4,5,90347,"[-1, -1, 2, 2, 2, 1, 2, 2, 2, 1, -2, -2, -2, 1, -2, -1, -1, -2, 1]"
477,dfs_bnb_mpi,0.784884,-4,5,246751,"[-1, -1, 2, 2, -1, -2, -2, -2, 1, 1, -2, -1, -2, 1, 1, 2, 1, 2, -1]"
478,dfs_bnb_mpi,0.005,-2,3,1659,"[-1, -1, 2, 2, 2, 1, -2, -2, 1, 2, 1, -2, 1, 2, 2, 2, 2, 2, 2]"
479,dfs_bnb_mpi,0.268596,-2,3,81965,"[-1, -1, 2, 2, 2, 2, 2, 2, 2, 2, 1, 2, 2, -1, -2, -1, -2, -1, 2]"
480,dfs_bnb_mpi,4.92897,-2,2,1586515,"[-1, -1, 2, 2, 2, 2, 2, 2, 2, 2, 1, -2, -2, -2, -2, -2, -2, -2, 1]"
481,dfs_bnb_mpi,0.05253,-3,4,16451,"[-1, -1, 2, 2, 2, 1, 2, 2, 1, -2, -2, -2, -1, -2, 1, 1, 2, 2, 2]"
482,dfs_bnb_mpi,15.5473,-3,4,4934074,"[-1, -2, 1, 1, 2, 2, 2, 2, 2, -1, -1, -1, -2, -2, -2, -2, -2, -2, 1]"
483,dfs_bnb_mpi,0.013686,-4,5,4313,"[-1, -1, 2, -1, -2, -1, -1, -2, 1, 1, -2, -2, 1, 2, 2, 1, 1, 1, 2]"
484,dfs_bnb_mpi,0.025139,-3,3,8099,"[-1, -2, 1, 1, 2, 2, 2, 2, -1, -2, -2, -1, 2, 2, 2, 2, 2, 2, 2]"
485,dfs_bnb_mpi,0.135359,-2,3,35408,"[-1, -1, 2, 2, 2, 2, 2, 2, 1, -2, -2, -2, 1, 1, -2, -1, -1, -2, 1]"
486,dfs_bnb_mpi,0.002877,-2,3,907,"[-1, -1, 2, 2, 2, 2, 2, 2, 1, 2, 2, 1, -2, -2, -2, -1, -2, 1, 1]"
487,dfs_bnb_mpi,0.680079,-4,5,218897,"[-1, -1, 2, 2, 1, 2, -1, 2, 2, -1, -2, -1, 2, -1, -2, -2, 1, 1, -2]"
488,dfs_bnb_mpi,0.59987,-2,3,190075,"[-1, -1, 2, 1, 2, 2, 2, 2, 2, 1, -2, -2, -2, -2, -2, 1, 2, 2, 2]"
489,dfs_bnb_mpi,0.217757,-5,6,68292,"[-1, -1, 2, 1, 1, 2, 2, 1, -2, -2, 1, 1, -2, -1, -1, -2, -2, -1, 2]"
490,dfs_bnb_mpi,0.062828,-3,4,19841,"[-1, -1, 2, 2, 2, 1, -2, -2, 1, 2, 2, 2, 1, -2, -2, -2, 1, 2, 2]"
491,dfs_bnb_mpi,0.137274,-3,4,43479,"[-1, -1, 2, 2, -1, 2, -1, -2, -1, 2, -1, -2, -2, 1, 1, 1, -2, -1, -1]"
492,dfs_bnb_mpi,0.447437,-4,5,140770,"[-1, -1, 2, 2, 1, 2, -1, -1, 2, 2, -1, -2, -2, -2, -1, -2, 1, 1, 2]"
493,dfs_bnb_mpi,0.007757,-2,3,2384,"[-1, -1, 2, 2, 2, 2, 1, 2, 2, -1, -2, -1, -2, -1, 2, 2, 2, 2, 2]"
494,dfs_bnb_mpi,0.119752,-3,4,34674,"[-1, -1, 2, 2, 2, 2, 1, 2, 1, -2, -2, -1, -2, -2, 1, 2, 1, 2, 2]"
495,dfs_bnb_mpi,0.169552,-2,3,52867,"[-1, -1, 2, 2, 2, 2, 1, -2, -2, 1, 2, 2, 2, -1, -1, -1, -2, -2, -2]"
496,dfs_bnb_mpi,0.175332,-3,4,50669,"[-1, -1, 2, 1, 2, 2, 2, 2, -1, -2, -2, -2, -1, -1, -2, 1, -2, -1, -1]"
497,dfs_bnb_mpi,6.8452,-3,4,1722627,"[-1, -1, 2, 2, 2, 2, 1, 1, -2, 1, 1, -2, -2, -1, -1, -1, 2, 1, 1]"
498,dfs_bnb_mpi,0.006991,-4,5,2206,"[-1, -1, 2, -1, -1, 2, 1, 1, 1, -2, 1, 2, 2, -1, -1, 2, 2, 2, 2]"
499,dfs_bnb_mpi,0.082008,-4,5,26313,"[-1, -1, 2, 1, 1, 1, -2, -2, -1, -1, -1, -1, -2, 1, -2, 1, 2, 1, 1]"
500,dfs_bnb_mpi,0.001287,-4,5,404,"[-1, -2, -1, 2, -1, 2, 1, 2, 1, -2, 1, 2, 2, 2, 2, 2, 2, 2, 2]"
501,dfs_bnb_mpi,0.003551,-4,5,1128,"[-1, -1, 2, 1, 1, 2, 1, -2, 1, 1, -2, -1, -1, -2, 1, 1, 1, 2, 2]"
502,dfs_bnb_mpi,0.019823,-2,3,6649,"[-1, -1, 2, 1, 2, 2, 2, 2, -1, -2, -2, -2, -1, -2, -1, 2, 2, 2, 2]"
503,dfs_bnb_mpi,0.054396,-4,5,17338,"[-1, -1, 2, 2, 2, 1, 1, 2, -1, -1, 2, -1, -2, -1, -1, -2, 1, 1, -2]"
504,dfs_bnb_mpi,2.36697,-3,4,724698,"[-1, -1, 2, 2, 2, 2, 2, 2, 1, 1, -2, -2, -2, -2, -2, 1, 1, -2, -1]"
505,dfs_bnb_mpi,4.97016,-5,6,1594984,"[-1, -2, 1, -2, -2, 1, 2, 2, 1, 2, 2, 2, 2, 2, -1, -2, -2, -2, -2]"
506,dfs_bnb_mpi,0.357193,-3,4,88000,"[-1, -1, 2, 2, 2, 2, -1, -1, -2, -2, 1, -2, -1, -2, 1, -2, 1, 1, 1]"
507,dfs_bnb_mpi,2.24036,-4,5,704196,"[-1, -1, 2, 2, -1, -2, -1, 2, 2, -1, -2, -2, -2, 1, 1, -2, -2, 1, 2]"
508,dfs_bnb_mpi,0.015157,-2,3,3782,"[-1, -1, 2, 2, 2, 2, 2, 2, 2, 1, -2, 1, 2, 1, -2, -2, -1, -1, -2]"
509,dfs_bnb_mpi,0.101151,-4,5,30633,"[-1, -1, 2, 1, 1, 2, 2, -1, -2, -1, 2, -1, -2, -1, -1, -2, 1, 1, -2]"
510,dfs_bnb_mpi,39.9032,-2,3,12497798,"[-1, -1, 2, 2, 2, 2, 2, 2, 2, 2, 2, 1, -2, -2, -2, -2, -2, -2, -2]"
511,dfs_bnb_mpi,0.017487,-5,6,5528,"[-1, -1, 2, 2, 1, -2, 1, 2, 1, -2, -2, 1, -2, -1, -2, -1, -1, 2, 1]"
512,dfs_bnb_mpi,0.0002,-2,3,45,"[-1, -1, 2, 2, 2, 2, 2, 2, 2, 2, 2, 2, 2, 1, 1, -2, -1, -2, 1]"
513,dfs_bnb_mpi,1.17542,-3,4,291870,"[-1, -1, 2, 2, 2, 2, -1, -2, -1, -1, -2, 1, -2, -1, -2, 1, 1, 2, 2]"
514,dfs_bnb_mpi,0.049484,-3,4,14086,"[-1, -1, 2, 2, 2, 2, 1, 1, -2, -1, -2, 1, 1, 2, 2, 2, 2, 2, 2]"
515,dfs_bnb_mpi,0.23168,-4,5,71423,"[-1, -1, 2, 2, 2, 2, -1, -2, -2, -2, -2, -1, -1, -2, 1, 1, -2, 1, 2]"
516,dfs_bnb_mpi,0.633448,-3,4,196455,"[-1, -1, 2, 2, 2, 2, 2, 1, 2, 1, -2, 1, 2, 1, -2, -2, -1, -1, -1]"
517,dfs_bnb_mpi,0.637293,-4,5,177496,"[-1, -1, 2, 1, 2, -1, 2, 2, 2, 2, -1, -2, -2, -2, -2, -1, -2, 1, -2]"
518,dfs_bnb_mpi,0.189476,-3,4,56918,"[-1, -1, 2, 2, 2, 1, 1, -2, -1, -2, 1, 1, 1, 1, 2, -1, -1, 2, 2]"
519,dfs_bnb_mpi,0.080071,-2,3,25145,"[-1, -1, 2, 2, 2, 2, 2, 2, -1, -2, -2, -2, -2, -2, -2, -1, -2, 1, 1]"
520,dfs_bnb_mpi,1.16702,-3,4,352993,"[-1, -1, 2, 2, 2, 2, 2, 2, 1, 2, -1, -1, -2, -1, -2, 1, -2, -2, -2]"
521,dfs_bnb_mpi,0.034003,-4,5,10934,"[-1, -2, 1, 1, -2, -1, -1, -1, 2, 2, 2, 1, 2, 2, 1, -2, -2, 1, 2]"
522,dfs_bnb_mpi,0.165789,-2,3,51936,"[-1, -1, 2, 2, 2, 2, 2, 2, 2, 2, 2, 1, 2, 2, -1, -2, -1, -2, -1]"
523,dfs_bnb_mpi,0.40048,-4,5,128183,"[-1, -2, 1, 1, 2, 2, 2, -1, -2, -1, 2, -1, 2, -1, -2, -2, -2, 1, 2]"
524,dfs_bnb_mpi,0.745922,-3,4,243848,"[-1, -1, 2, 2, 2, 2, 1, 1, -2, -2, -2, 1, -2, -2, -2, -1, -1, 2, 1]"
525,dfs_bnb_mpi,0.00047,-3,4,157,"[-1, -1, -1, 2, 1, 2, 2, 1, -2, -2, 1, 2, 2, 2, 2, 2, 2, 2, 2]"
526,dfs_bnb_mpi,1.86355,-4,5,576680,"[-1, -1, 2, 2, -1, -2, -2, -2, 1, 1, 1, -2, -2, -1, -2, -1, 2, 2, 1]"
527,dfs_bnb_mpi,0.002278,-2,3,660,"[-1, -1, 2, 2, 2, -1, -2, -2, -2, -2, 1, 1, 1, 1, 2, 2, 2, 2, 2]"
528,dfs_bnb_mpi,0.001808,-2,3,538,"[-1, -1, 2, 2, 2, 2, 2, 2, 2, 2, 2, 1, -2, 1, 1, -2, -1, -1, -2]"
529,dfs_bnb_mpi,0.410612,-2,3,132756,"[-1, -1, 2, 2, 1, -2, 1, 2, 2, 2, 2, -1, -1, -1, -2, -2, -2, -2, -1]"
530,dfs_bnb_mpi,0.01058,-4,5,3480,"[-1, -1, 2, 1, 1, 1, -2, -2, -1, -2, 1, -2, -1, -1, 2, 2, -1, -1, 2]"
531,dfs_bnb_mpi,0.165236,-4,5,53492,"[-1, -2, 1, 1, 1, 1, 2, -1, -1, 2, 2, 2, 2, -1, -2, -2, -2, -1, 2]"
532,dfs_bnb_mpi,2.13192,-3,4,680542,"[-1, -1, 2, 2, 2, 2, -1, -2, -2, -2, -2, -2, 1, 1, -2, 1, 1, 2, -1]"
533,dfs_bnb_mpi,0.239486,-4,4,75940,"[-1, -1, 2, 2, 2, -1, -2, -2, -1, 2, 2, -1, -2, -2, -2, 1, -2, 1, 2]"
534,dfs_bnb_mpi,0.358551,-4,5,115737,"[-1, -1, 2, 1, 1, 2, 2, 2, 1, -2, -2, 1, 2, 1, -2, -2, -1, -1, -2]"
535,dfs_bnb_mpi,0.253184,-4,5,81942,"[-1, -2, -2, -1, 2, 2, 2, -1, -2, -1, 2, 2, 2, 1, 1, 1, -2, -2, 1]"
536,dfs_bnb_mpi,0.016659,-3,4,5324,"[-1, -1, 2, 2, 1, -2, 1, 2, 2, -1, 2, -1, -2, -1, 2, 2, 2, 2, 2]"
537,dfs_bnb_mpi,0.318257,-3,4,103228,"[-1, -1, 2, 2, 2, 2, 2, 2, -1, -2, -2, -2, -2, -1, -2, 1, -2, -1, -1]"
538,dfs_bnb_mpi,0.040072,-4,5,11989,"[-1, -1, 2, 2, 2, 2, 1, 2, -1, -1, 2, -1, -2, -2, 1, -2, -1, -1, 2]"
539,dfs_bnb_mpi,0.149866,-3,4,44550,"[-1, -1, 2, 1, 1, 2, 2, 2, 2, 1, -2, -2, -2, -2, -2, 1, 2, 2, 2]"
540,dfs_bnb_mpi,0.119936,-3,4,39134,"[-1, -1, 2, 2, 2, 2, 2, 2, 1, 1, -2, -2, -1, -2, -2, 1, 2, 1, 2]"
541,dfs_bnb_mpi,0.002272,-2,3,754,"[-1, -1, 2, 2, -1, -2, -1, -1, -2, 1, 1, -2, 1, 1, 1, 1, 2, 2, 2]"
542,dfs_bnb_mpi,0.23843,-4,4,76543,"[-1, -1, 2, 2, 2, 2, 1, -2, -2, -2, 1, 2, 1, 2, 2, 2, -1, -2, -2]"
543,dfs_bnb_mpi,0.080652,-4,5,24853,"[-1, -1, 2, 1, 2, 2, 2, -1, -2, -2, -1, 2, -1, -2, -2, 1, -2, -1, -1]"
544,dfs_bnb_mpi,0.434117,-5,6,138470,"[-1, -2, 1, 1, -2, -1, -2, 1, 1, 2, 2, 1, 2, -1, 2, 2, -1, -2, -2]"
545,dfs_bnb_mpi,0.033326,-2,3,10723,"[-1, -1, 2, 2, 2, 2, 2, 2, 1, -2, -2, 1, 2, 1, -2, -2, -1, -1, -2]"
546,dfs_bnb_mpi,0.076932,-2,3,24436,"[-1, -1, 2, 1, 2, 2, 2, 2, 2, -1, -2, -2, -2, -2, -1, -2, -1, 2, 2]"
547,dfs_bnb_mpi,0.86062,-2,3,273030,"[-1, -1, 2, 2, 2, 1, 2, 2, 2, 2, 2, -1, -2, -2, -2, -2, -1, -2, -1]"
548,dfs_bnb_mpi,0.259146,-4,5,82967,"[-1, -1, 2, 2, -1, 2, -1, -2, -2, 1, -2, -1, -1, 2, -1, 2, 2, 1, -2]"
549,dfs_bnb_mpi,0.076795,-3,4,24963,"[-1, -1, 2, 2, 1, -2, 1, 1, 1, 2, 2, 2, -1, -2, -2, -1, 2, 2, 2]"
550,dfs_bnb_mpi,1.53054,-4,5,482288,"[-1, -2, -1, -1, -2, 1, -2, -1, -1, -2, 1, 1, 1, 2, 2, 1, 2, 1, 2]"
551,dfs_bnb_mpi,0.000318,-2,3,95,"[-1, -1, 2, 2, 2, 2, 2, 2, 2, 2, 1, -2, 1, -2, -1, -2, 1, 1, 2]"
552,dfs_bnb_mpi,0.005959,-3,4,1852,"[-1, -1, 2, -1, -1, -2, 1, -2, -1, -1, 2, 2, 2, 2, 2, 2, 2, 2, 2]"
553,dfs_bnb_mpi,0.033218,-4,5,10541,"[-1, -1, -1, 2, 2, 2, 1, -2, -2, 1, 1, 1, 2, 2, -1, -2, -1, 2, 2]"
554,dfs_bnb_mpi,1.14932,-3,4,345963,"[-1, -1, 2, 2, 2, 2, 2, 2, 2, 2, 1, 2, 1, -2, 1, -2, -1, -1, -2]"
555,dfs_bnb_mpi,6.1e-05,0,1,20,"[-1, -1, 2, 2, 2, 2, 2, 2, 2, 2, 2, 2, 2, 2, 2, 2, 2, 2, 2]"
556,dfs_bnb_mpi,1.01477,-4,5,314956,"[-1, -1, 2, 2, 1, 2, -1, 2, 2, 2, 2, -1, -2, -2, -2, -2, -1, -2, 1]"
557,dfs_bnb_mpi,1.2435,-3,4,374907,"[-1, -2, 1, 1, 2, 2, 2, -1, -1, -2, -1, 2, -1, -2, -2, 1, -2, -1, -1]"
558,dfs_bnb_mpi,2.32168,-3,4,712606,"[-1, -1, 2, 2, 2, 2, 1, 2, 2, 2, 2, -1, -2, -2, -2, -1, -1, -2, 1]"
559,dfs_bnb_mpi,0.002823,-4,5,835,"[-1, -1, 2, 2, 1, 1, 2, -1, -1, 2, -1, -2, -1, -2, 1, -2, -1, -1, 2]"
560,dfs_bnb_mpi,0.092476,-3,4,29258,"[-1, -1, 2, 2, 2, 2, 1, -2, -2, -2, 1, 1, 1, 2, -1, -1, 2, 2, 2]"
561,dfs_bnb_mpi,0.131433,-4,5,42298,"[-1, -1, 2, -1, -2, -1, 2, 2, -1, -2, -2, -2, 1, 1, -2, 1, 2, 1, 1]"
562,dfs_bnb_mpi,0.017916,-4,5,5670,"[-1, -1, 2, 2, -1, -2, -1, -1, -2, 1, 1, -2, -2, 1, 2, 1, 1, 1, 2]"
563,dfs_bnb_mpi,0.004979,-3,4,1588,"[-1, -1, 2, 2, 2, 2, 2, -1, -2, -2, -2, -1, -1, -2, 1, 1, -2, -1, -1]"
564,dfs_bnb_mpi,0.053141,-2,3,16857,"[-1, -1, 2, 2, 2, 2, 2, 1, 2, 2, -1, -2, -1, -1, -2, 1, -2, -1, -1]"
565,dfs_bnb_mpi,0.947401,-3,4,300307,"[-1, -1, 2, 2, 2, 1, 1, 1, -2, -2, -2, -2, -1, -1, -1, -1, -1, 2, 1]"
566,dfs_bnb_mpi,0.007017,-3,4,2230,"[-1, -1, 2, 1, 1, 2, 2, 2, 1, -2, -2, -2, -2, -2, -1, -1, -1, -1, 2]"
567,dfs_bnb_mpi,0.265906,-3,4,84807,"[-1, -1, 2, 2, 2, 2, 2, 2, 2, 1, -2, -2, 1, 1, -2, -1, -1, -2, 1]"
568,dfs_bnb_mpi,0.069815,-3,4,22147,"[-1, -1, 2, 2, 1, 1, -2, 1, -2, 1, 2, 2, 1, -2, -2, -2, -1, -1, -1]"
569,dfs_bnb_mpi,0.06743,-3,4,21408,"[-1, -1, 2, 2, -1, -2, -1, 2, 2, -1, -2, -2, -2, 1, 1, -2, 1, 1, 1]"
570,dfs_bnb_mpi,6.1281,-3,4,1866676,"[-1, -1, 2, 2, 2, 2, 2, 2, 2, 1, -2, -2, 1, 1, -2, -1, -1, -2, 1]"
571,dfs_bnb_mpi,0.02469,-4,4,7921,"[-1, -1, -1, 2, 1, 1, 1, 1, 2, -1, 2, 2, 2, -1, -2, -2, -2, -1, 2]"
572,dfs_bnb_mpi,0.017471,-3,3,5671,"[-1, -1, 2, 1, 2, 2, 2, 2, 1, -2, -2, -2, -2, 1, 2, 2, 2, 2, 2]"
573,dfs_bnb_mpi,6e-05,0,1,20,"[-1, -1, 2, 2, 2, 2, 2, 2, 2, 2, 2, 2, 2, 2, 2, 2, 2, 2, 2]"
574,dfs_bnb_mpi,0.002403,-3,4,689,"[-1, -1, 2, 2, 2, 2, 1, 1, -2, -2, -2, 1, -2, -2, -1, -1, -1, -1, 2]"
575,dfs_bnb_mpi,0.686139,-4,5,216743,"[-1, -1, 2, 2, 2, 2, 1, 2, -1, 2, 2, 2, -1, -2, -2, -2, -1, -2, 1]"
576,dfs_bnb_mpi,0.212788,-4,5,67541,"[-1, -1, 2, 2, 2, 2, 1, 1, -2, -2, -2, 1, -2, 1, 1, -2, -1, -1, -1]"
577,dfs_bnb_mpi,0.003418,-2,3,1071,"[-1, -1, 2, 2, 2, 1, 2, 2, -1, -2, -1, -1, -2, 1, -2, -1, -1, 2, 2]"
578,dfs_bnb_mpi,6.2e-05,0,1,20,"[-1, -1, 2, 2, 2, 2, 2, 2, 2, 2, 2, 2, 2, 2, 2, 2, 2, 2, 2]"
579,dfs_bnb_mpi,0.020078,-4,5,6489,"[-1, -2, -1, 2, -1, 2, 1, 2, 2, 2, 1, -2, -2, -2, 1, 2, 2, 2, 2]"
580,dfs_bnb_mpi,0.00417,-5,5,1329,"[-1, -2, 1, 1, 2, 1, 1, 2, -1, -1, 2, -1, -2, -1, 2, 2, 2, 2, 2]"
581,dfs_bnb_mpi,2.25476,-3,4,690037,"[-1, -1, 2, 2, 2, 2, 1, -2, -2, -2, 1, 1, 1, 2, -1, -1, 2, 1, 2]"
582,dfs_bnb_mpi,0.387428,-4,5,123358,"[-1, -1, 2, 1, 2, 2, 2, -1, -1, -2, -2, -2, -2, -2, 1, -2, 1, 2, 1]"
583,dfs_bnb_mpi,0.007846,-4,5,2577,"[-1, -2, 1, 1, 2, 2, -1, 2, 2, 2, -1, -2, -2, -2, -1, 2, 2, 2, 2]"
584,dfs_bnb_mpi,0.000422,-2,3,101,"[-1, -1, 2, 2, 2, 2, 2, 1, -2, 1, -2, -1, -2, 1, 1, 2, 2, 2, 2]"
585,dfs_bnb_mpi,6.2e-05,0,1,20,"[-1, -1, 2, 2, 2, 2, 2, 2, 2, 2, 2, 2, 2, 2, 2, 2, 2, 2, 2]"
586,dfs_bnb_mpi,0.904623,-4,5,289295,"[-1, -2, -1, 2, 2, -1, -1, 2, 1, 1, 2, 2, 1, 1, -2, -2, -2, -1, 2]"
587,dfs_bnb_mpi,0.012648,-3,4,4004,"[-1, -1, 2, 2, 2, 2, 1, 1, -2, -2, -2, 1, -2, 1, 1, -2, -1, -1, -1]"
588,dfs_bnb_mpi,1.06956,-4,5,341418,"[-1, -1, 2, -1, 2, 1, 2, 2, 2, 2, 1, 1, -2, -2, -2, -2, -2, -1, 2]"
589,dfs_bnb_mpi,0.051432,-3,4,16101,"[-1, -1, 2, 2, 2, 1, 1, -2, -2, 1, -2, 1, 2, 1, -2, -2, -1, -1, -1]"
590,dfs_bnb_mpi,0.001834,-3,4,573,"[-1, -1, 2, 2, 2, 2, 2, 2, 1, -2, -2, 1, 1, -2, -1, -1, -2, 1, 1]"
591,dfs_bnb_mpi,0.132937,-5,6,41131,"[-1, -1, 2, 2, -1, -2, -2, -2, -1, -2, 1, -2, -2, 1, 2, 2, 1, 2, -1]"
592,dfs_bnb_mpi,0.000228,-2,3,57,"[-1, -1, 2, 2, 2, 2, 1, 2, -1, -1, -2, -1, 2, 2, 2, 2, 2, 2, 2]"
593,dfs_bnb_mpi,0.092957,-4,5,29199,"[-1, -1, 2, 2, 2, 2, 1, 1, 2, -1, -1, 2, -1, -2, -1, -1, -2, 1, 1]"
594,dfs_bnb_mpi,0.00517,-4,4,1656,"[-1, -1, -1, 2, 1, 1, 1, 1, 2, -1, -1, 2, 2, -1, -2, -2, -1, 2, 2]"
595,dfs_bnb_mpi,6.6e-05,0,1,20,"[-1, -1, 2, 2, 2, 2, 2, 2, 2, 2, 2, 2, 2, 2, 2, 2, 2, 2, 2]"
596,dfs_bnb_mpi,0.436109,-2,3,129125,"[-1, -1, 2, 2, 2, 2, 2, 2, -1, -2, -2, -2, -2, -2, -2, -1, -2, 1, 1]"
597,dfs_bnb_mpi,0.733049,-2,3,236457,"[-1, -1, 2, 2, 2, 2, 2, 2, 2, 2, 1, -2, -2, -2, 1, -2, -1, -2, 1]"
598,dfs_bnb_mpi,0.046665,-3,4,14616,"[-1, -1, 2, 2, 2, 1, 1, -2, -2, 1, 2, 2, 1, -2, -2, -2, -1, -2, -1]"
599,dfs_bnb_mpi,0.002073,-2,3,684,"[-1, -1, 2, 2, 2, -1, -2, -2, -2, -1, 2, 2, 2, 2, 2, 2, 2, 2, 2]"
600,dfs_bnb_mpi,0.003951,-4,5,1210,"[-1, -1, 2, 2, 1, -2, 1, 2, 2, 1, -2, -2, 1, -2, -1, -2, 1, 1, 2]"
601,dfs_bnb_mpi,0.130936,-2,3,41046,"[-1, -1, 2, 2, 2, 2, 2, 2, 2, 2, 1, -2, 1, 2, 1, -2, -2, -1, -1]"
602,dfs_bnb_mpi,0.005522,-4,5,1799,"[-1, -1, 2, 2, 2, 1, 1, -2, -2, 1, -2, -2, -1, -2, -1, 2, -1, -1, 2]"
603,dfs_bnb_mpi,0.004842,-4,5,1561,"[-1, -2, 1, 1, 2, 2, -1, -1, 2, 2, 2, 1, -2, -2, 1, 2, 2, 2, 2]"
604,dfs_bnb_mpi,8.31479,-4,5,2635496,"[-1, -2, 1, 1, 2, 2, -1, -1, -1, -2, -2, -2, 1, 1, -2, 1, 1, 2, -1]"
605,dfs_bnb_mpi,0.678828,-2,3,195907,"[-1, -1, 2, 2, 2, 2, 2, 2, 2, 2, 1, 2, 2, -1, -2, -1, -2, -1, 2]"
606,dfs_bnb_mpi,0.066541,-2,3,20683,"[-1, -1, 2, 2, 2, 2, 2, 2, 2, 2, 1, 2, 2, -1, -2, -1, -2, -1, 2]"
607,dfs_bnb_mpi,0.006787,-2,3,2160,"[-1, -1, 2, 2, 2, 1, 2, 2, -1, -2, -1, 2, -1, -2, -2, 1, -2, -1, -1]"
608,dfs_bnb_mpi,0.972585,-3,4,273530,"[-1, -1, 2, 2, 2, 2, 2, 2, 2, 1, 1, -2, -1, -2, -2, 1, 2, 1, 2]"
609,dfs_bnb_mpi,0.327271,-2,3,100906,"[-1, -1, 2, 2, 2, 2, 2, 2, 2, 2, 2, 1, -2, 1, -2, -1, -2, 1, 1]"
610,dfs_bnb_mpi,1.07184,-3,4,342615,"[-1, -1, 2, 2, 2, -1, -2, -2, -2, -2, 1, 1, 1, 1, -2, -1, -1, -1, -1]"
611,dfs_bnb_mpi,0.901939,-3,4,257876,"[-1, -1, 2, 2, 2, 2, 2, 2, 1, 1, -2, -2, -1, -2, 1, 1, 2, 2, 2]"
612,dfs_bnb_mpi,0.025331,-4,5,8050,"[-1, -1, 2, -1, -2, -1, 2, -1, -2, -2, 1, 1, -2, -2, 1, 2, 2, 1, 1]"
613,dfs_bnb_mpi,0.058055,-4,5,18871,"[-1, -1, 2, 2, 1, 2, -1, 2, -1, -2, -1, 2, -1, -2, -2, 1, 1, -2, -1]"
614,dfs_bnb_mpi,0.002138,-2,3,525,"[-1, -1, 2, 2, 2, 2, 1, 1, -2, -2, -1, -2, 1, 1, 2, 2, 2, 2, 2]"
615,dfs_bnb_mpi,0.107573,-3,4,32247,"[-1, -1, 2, 2, 2, 2, 2, 2, 1, -2, -2, 1, 1, 1, 2, -1, -1, 2, 2]"
616,dfs_bnb_mpi,0.046582,-2,3,14482,"[-1, -1, 2, 2, 2, 2, 2, 1, 2, -1, 2, 2, -1, -2, -2, -2, -1, 2, 2]"
617,dfs_bnb_mpi,0.533474,-2,3,158376,"[-1, -1, 2, 2, 2, 2, 2, 2, 2, 2, 2, 2, 1, 2, -1, -1, -2, -1, 2]"
618,dfs_bnb_mpi,0.000928,-2,3,223,"[-1, -1, 2, 2, 2, 2, 2, 2, 2, 1, -2, -2, 1, -2, -1, -2, 1, 1, 2]"
619,dfs_bnb_mpi,2.82545,-3,4,681714,"[-1, -1, 2, 2, 2, 2, 2, 2, 2, 2, 2, 1, 2, 1, -2, -2, -1, -2, 1]"
620,dfs_bnb_mpi,0.261023,-3,4,84238,"[-1, -1, 2, 1, 1, 2, 2, 2, 2, 2, 1, -2, -2, -2, -2, -2, -2, -2, -1]"
621,dfs_bnb_mpi,0.262184,-4,5,81962,"[-1, -1, 2, 2, 2, 2, 1, 1, 2, -1, 2, 2, -1, -2, -2, -1, -1, -2, 1]"
622,dfs_bnb_mpi,0.054545,-4,5,17867,"[-1, -1, 2, 2, 1, -2, 1, 2, 2, 2, 1, -2, -2, -2, 1, -2, -1, -2, 1]"
623,dfs_bnb_mpi,0.000308,-2,3,93,"[-1, -1, 2, 2, 2, 2, 2, 2, 2, 2, 2, 1, -2, 1, -2, -1, -2, 1, 1]"
624,dfs_bnb_mpi,0.021974,-4,5,6823,"[-1, -1, -1, 2, 2, 2, 1, 1, -2, -1, -2, 1, 1, 1, 1, 2, -1, -1, 2]"
625,dfs_bnb_mpi,0.000895,-2,3,228,"[-1, -1, 2, 2, 2, 2, 2, 2, 1, -2, -2, -2, -2, -2, 1, 2, 2, 2, 2]"
626,dfs_bnb_mpi,0.118431,-4,5,35864,"[-1, -1, 2, 2, 1, 1, 2, -1, -1, 2, 2, -1, -2, -2, -1, -1, -2, 1, 1]"
627,dfs_bnb_mpi,0.315981,-4,5,102063,"[-1, -2, -1, -1, 2, 1, 2, 2, 1, -2, 1, 2, 2, -1, -1, -1, -2, -2, -1]"
628,dfs_bnb_mpi,0.747259,-2,3,237851,"[-1, -1, 2, 2, 1, 2, 2, 2, 2, 2, 2, -1, -2, -2, -2, -2, -2, -1, -2]"
629,dfs_bnb_mpi,0.012462,-4,5,3955,"[-1, -1, 2, 1, 1, 2, 2, 2, 1, -2, -2, 1, -2, -1, -2, 1, 1, 2, 2]"
630,dfs_bnb_mpi,0.011963,-4,5,3825,"[-1, -1, 2, 1, 2, -1, 2, -1, -2, -1, -1, -2, 1, 1, -2, -1, -1, -1, 2]"
631,dfs_bnb_mpi,0.020982,-5,6,6687,"[-1, -1, 2, 2, 1, 1, -2, 1, -2, 1, 1, -2, -1, -1, -2, -1, 2, -1, -1]"
632,dfs_bnb_mpi,0.023428,-3,4,7329,"[-1, -1, 2, 1, 1, 2, 2, 2, 1, -2, -2, -2, -2, 1, 1, -2, -1, -1, -1]"
633,dfs_bnb_mpi,0.160054,-2,3,39355,"[-1, -1, 2, 2, 2, 2, 2, 2, 2, 1, -2, 1, -2, -1, -2, 1, 1, 2, 2]"
634,dfs_bnb_mpi,0.000203,-2,3,61,"[-1, -1, 2, 2, 2, 1, 1, -2, -1, -2, 1, 1, 2, 2, 2, 2, 2, 2, 2]"
635,dfs_bnb_mpi,0.276835,-4,5,88226,"[-1, -1, 2, -1, -2, -2, 1, 1, -2, 1, 2, 1, 2, 2, 2, 2, -1, -2, -2]"
636,dfs_bnb_mpi,0.203073,-3,4,61097,"[-1, -1, 2, 1, 2, 2, 2, -1, -2, -2, -1, 2, -1, -2, -2, 1, -2, -1, -1]"
637,dfs_bnb_mpi,1.68153,-3,4,538437,"[-1, -1, 2, 2, 2, -1, -2, -2, -1, 2, 2, 2, -1, -2, -2, -2, -2, 1, 1]"
638,dfs_bnb_mpi,0.019326,-3,4,5950,"[-1, -1, 2, 2, 2, 1, 1, 2, -1, -1, 2, -1, -2, -2, -1, 2, 2, 2, 2]"
639,dfs_bnb_mpi,0.00064,-4,5,191,"[-1, -1, 2, 2, 2, 2, 1, 2, -1, 2, -1, -2, -2, -1, -2, 1, -2, -1, -1]"
640,dfs_bnb_mpi,0.965799,-3,4,243204,"[-1, -1, 2, 2, 2, -1, -2, -1, 2, -1, -2, -2, 1, 1, -2, -2, -1, 2, -1]"
641,dfs_bnb_mpi,0.036404,-2,3,11540,"[-1, -1, 2, 2, 2, 2, 2, 2, 1, 2, 2, 2, -1, -2, -2, -1, -1, -2, 1]"
642,dfs_bnb_mpi,0.000195,-2,3,53,"[-1, -1, 2, 2, 2, 2, 2, 2, 2, 1, 1, -2, -1, -2, 1, 1, 2, 2, 2]"
643,dfs_bnb_mpi,0.056879,-4,5,18152,"[-1, -1, 2, 2, 2, 1, 1, -2, -2, 1, -2, 1, 1, -2, -1, -1, -1, -1, -1]"
644,dfs_bnb_mpi,0.046984,-3,4,14828,"[-1, -1, 2, 2, 2, 2, 2, -1, -2, -2, -2, -2, -1, -2, 1, -2, 1, 1, 1]"
645,dfs_bnb_mpi,0.000907,-2,3,287,"[-1, -1, 2, 2, 2, -1, -2, -2, -2, -1, 2, 2, 2, 2, 2, 2, 2, 2, 2]"
646,dfs_bnb_mpi,0.473745,-2,3,121311,"[-1, -1, 2, 2, 2, 2, 2, 2, 2, 2, 1, -2, 1, -2, -1, -2, 1, 1, 2]"
647,dfs_bnb_mpi,0.157279,-2,3,50297,"[-1, -1, 2, 2, 2, 2, 2, 1, 2, 2, 2, 2, -1, -2, -2, -2, -1, -2, -1]"
648,dfs_bnb_mpi,0.071492,-2,3,22035,"[-1, -1, 2, 2, 2, 2, 1, 2, 2, 2, -1, -2, -2, -1, -1, -2, 1, -2, -1]"
649,dfs_bnb_mpi,4.21897,-4,5,1360204,"[-1, -1, 2, 1, 1, 2, 2, 2, 2, 2, -1, -2, -2, -2, -1, -1, -2, 1, 1]"
650,dfs_bnb_mpi,0.069567,-4,5,21769,"[-1, -1, 2, 2, 1, 2, -1, -1, 2, -1, -2, -1, -1, -2, 1, 1, 1, -2, -1]"
651,dfs_bnb_mpi,0.000175,-2,3,49,"[-1, -1, 2, 2, 2, 2, 2, 2, 2, 2, 2, 1, 1, -2, -1, -2, 1, 1, 2]"
652,dfs_bnb_mpi,0.030769,-4,5,9661,"[-1, -1, 2, -1, 2, 2, 2, -1, -2, -2, -1, -2, 1, -2, 1, -2, 1, 1, 1]"
653,dfs_bnb_mpi,0.074361,-2,3,23785,"[-1, -1, 2, 2, 2, 2, 2, 2, 2, 1, 2, 2, 2, -1, -2, -2, -1, -2, -1]"
654,dfs_bnb_mpi,0.06646,-4,5,20889,"[-1, -1, 2, 2, 2, -1, -1, -1, -2, 1, 1, -2, -2, -1, -1, -1, 2, 1, 1]"
655,dfs_bnb_mpi,0.003923,-3,4,1277,"[-1, -2, 1, 1, 2, 2, -1, -1, -1, -2, -2, -1, 2, 2, 2, 2, 2, 2, 2]"
656,dfs_bnb_mpi,0.805155,-5,6,249364,"[-1, -1, 2, -1, 2, 2, -1, -2, -2, -1, 2, -1, -2, -2, 1, 1, -2, 1, 2]"
657,dfs_bnb_mpi,0.018146,-4,5,5571,"[-1, -1, 2, 2, 2, -1, -2, -2, -2, -2, -1, -2, 1, 1, 2, 1, 1, 1, 2]"
658,dfs_bnb_mpi,0.049403,-3,4,15571,"[-1, -1, 2, 2, 1, 2, 2, 2, -1, -1, -2, 1, -2, -1, -2, -1, 2, 2, 2]"
659,dfs_bnb_mpi,1.03652,-4,5,329151,"[-1, -1, 2, 2, 2, 1, 1, 1, -2, -2, -2, -2, -1, -1, -2, -1, 2, -1, 2]"
660,dfs_bnb_mpi,0.000158,-2,3,49,"[-1, -1, 2, 2, 2, 2, 2, 2, 2, 2, 2, 1, 1, -2, -1, -2, 1, 1, 2]"
661,dfs_bnb_mpi,0.050066,-3,4,14269,"[-1, -1, 2, 2, 2, -1, -2, -2, -2, -1, -1, -2, 1, 1, 1, 1, 1, 1, 2]"
662,dfs_bnb_mpi,0.293608,-3,4,90317,"[-1, -1, 2, 2, 1, 2, 2, -1, -2, -1, 2, -1, -2, -2, 1, -2, -1, -1, 2]"
663,dfs_bnb_mpi,16.6405,-4,5,4987322,"[-1, -1, 2, 2, 2, 2, 2, 2, 1, -2, -2, -2, 1, -2, 1, -2, -1, -1, 2]"
664,dfs_bnb_mpi,0.086664,-5,6,27215,"[-1, -1, 2, 2, 2, 2, 2, 1, 2, 1, -2, 1, -2, -1, -2, -2, -1, 2, 2]"
665,dfs_bnb_mpi,0.093469,-3,4,30332,"[-1, -1, 2, 2, 2, 2, -1, -2, -2, -2, -1, 2, -1, -2, -2, 1, 1, -2, 1]"
666,dfs_bnb_mpi,0.295083,-4,5,94638,"[-1, -1, 2, -1, 2, 2, 2, 2, -1, -2, -2, -2, -2, -1, -2, 1, 1, -2, 1]"
667,dfs_bnb_mpi,0.011483,-2,3,3467,"[-1, -1, 2, 2, 2, 2, 2, 2, 1, 2, -1, -1, -2, -1, 2, 2, 2, 2, 2]"
668,dfs_bnb_mpi,5.08193,-3,4,1267816,"[-1, -1, 2, 2, 1, 1, 1, -2, 1, 2, 1, -2, -2, -1, -2, -2, -1, 2, 2]"
669,dfs_bnb_mpi,0.002627,-4,5,797,"[-1, -1, 2, -1, -1, -2, 1, -2, 1, 1, -2, -1, -1, -1, 2, -1, 2, 2, 2]"
670,dfs_bnb_mpi,0.587225,-2,3,186016,"[-1, -1, 2, 2, 2, 2, 2, 2, 1, -2, 1, 2, 2, -1, -1, -1, -2, -2, -1]"
671,dfs_bnb_mpi,0.8731,-2,3,278266,"[-1, -1, 2, 2, 2, 1, -2, -2, 1, 2, 2, 1, -2, -2, -2, -2, -1, -1, -1]"
672,dfs_bnb_mpi,0.274463,-3,4,87981,"[-1, -1, 2, 2, 2, -1, -2, -2, -1, -1, -2, 1, 1, -2, 1, 1, 1, 1, 2]"
673,dfs_bnb_mpi,0.00745,-4,4,2344,"[-1, -1, 2, 2, 1, -2, 1, 2, 2, 1, -2, 1, 1, -2, -1, -1, -2, 1, 1]"
674,dfs_bnb_mpi,6.3e-05,0,1,20,"[-1, -1, 2, 2, 2, 2, 2, 2, 2, 2, 2, 2, 2, 2, 2, 2, 2, 2, 2]"
675,dfs_bnb_mpi,0.018038,-3,4,5720,"[-1, -1, 2, 2, 2, 2, -1, -2, -2, -2, -2, -1, 2, -1, 2, 1, 2, 2, 2]"
676,dfs_bnb_mpi,0.45754,-5,6,147935,"[-1, -1, 2, -1, -2, -2, -1, -2, 1, -2, 1, 2, 1, 1, 1, 2, -1, -1, -1]"
677,dfs_bnb_mpi,0.754543,-3,4,241372,"[-1, -1, 2, 1, 2, -1, -1, 2, 2, 2, -1, -2, -2, -2, -2, 1, -2, -1, -1]"
678,dfs_bnb_mpi,0.779819,-3,4,252186,"[-1, -1, 2, 1, 2, 2, 2, 2, -1, -1, -2, -2, -2, -2, -1, -2, 1, -2, 1]"
679,dfs_bnb_mpi,0.062403,-3,4,19910,"[-1, -1, 2, 2, 2, 2, 2, 1, 1, -2, -2, -2, -2, 1, 1, -2, -1, -2, -1]"
680,dfs_bnb_mpi,8.5e-05,0,1,20,"[-1, -1, 2, 2, 2, 2, 2, 2, 2, 2, 2, 2, 2, 2, 2, 2, 2, 2, 2]"
681,dfs_bnb_mpi,2.29688,-3,3,696881,"[-1, -1, 2, 2, 2, 2, 2, 2, 2, 2, 2, 2, 2, 1, -2, -2, 1, -2, -1]"
682,dfs_bnb_mpi,0.001538,-4,5,465,"[-1, -1, 2, 2, 2, 2, 1, 2, 2, 2, -1, -2, -2, -1, -2, -1, -2, 1, -2]"
683,dfs_bnb_mpi,0.716879,-4,5,212528,"[-1, -1, 2, 2, 2, 2, 2, 2, 2, 1, 2, -1, 2, -1, -2, -1, -2, 1, -2]"
684,dfs_bnb_mpi,5.59504,-2,3,1756635,"[-1, -1, 2, 2, 2, 2, 2, 2, -1, -2, -2, -2, -2, -2, -2, -2, 1, 1, 1]"
685,dfs_bnb_mpi,0.034129,-3,4,10871,"[-1, -1, 2, 2, 2, 2, 2, 2, 2, 1, -2, -2, 1, -2, 1, -2, -1, -1, 2]"
686,dfs_bnb_mpi,0.277254,-3,4,88699,"[-1, -1, 2, 1, 2, 2, 2, 2, 1, -2, -2, -2, -2, 1, -2, 1, 2, 2, 2]"
687,dfs_bnb_mpi,6.1e-05,0,1,20,"[-1, -1, 2, 2, 2, 2, 2, 2, 2, 2, 2, 2, 2, 2, 2, 2, 2, 2, 2]"
688,dfs_bnb_mpi,2.31321,-2,3,706780,"[-1, -1, 2, 2, 2, 2, 2, 2, 2, -1, -2, -2, -2, -2, -2, -2, -2, -2, 1]"
689,dfs_bnb_mpi,0.529586,-3,4,166340,"[-1, -1, 2, 2, 2, 1, 1, -2, -2, 1, 2, 1, -2, -2, -1, -2, -1, -1, -1]"
690,dfs_bnb_mpi,0.085269,-4,4,27083,"[-1, -2, -1, -2, -2, -1, 2, 2, -1, 2, 1, 1, 2, 1, 2, 2, 2, 2, 2]"
691,dfs_bnb_mpi,0.002195,-4,5,719,"[-1, -2, 1, -2, 1, 2, 1, 1, 2, -1, -1, 2, 2, 2, 2, 2, 2, 2, 2]"
692,dfs_bnb_mpi,6.8e-05,0,1,20,"[-1, -1, 2, 2, 2, 2, 2, 2, 2, 2, 2, 2, 2, 2, 2, 2, 2, 2, 2]"
693,dfs_bnb_mpi,0.837449,-4,5,231774,"[-1, -1, 2, 2, -1, -2, -2, -1, 2, 2, -1, -2, -2, -2, 1, 1, 1, -2, -1]"
694,dfs_bnb_mpi,1.67895,-2,3,509331,"[-1, -1, 2, 2, 2, 2, 2, 2, 2, 1, 2, 2, 1, -2, -2, -2, -1, -2, 1]"
695,dfs_bnb_mpi,0.000671,-3,4,203,"[-1, -1, 2, 2, 2, 2, 2, 2, 2, 1, -2, -2, 1, 1, 1, 2, -1, -1, 2]"
696,dfs_bnb_mpi,0.000631,-3,4,171,"[-1, -1, 2, 2, 1, -2, 1, 2, 2, -1, 2, 2, 2, 2, 2, 2, 2, 2, 2]"
697,dfs_bnb_mpi,1.00379,-3,4,320059,"[-1, -1, 2, -1, -2, -2, 1, 1, 1, -2, 1, 1, -2, -1, -1, -1, 2, -1, -1]"
698,dfs_bnb_mpi,0.055216,-4,5,17940,"[-1, -2, 1, 1, 1, -2, -1, -1, -1, -1, 2, 2, 2, 1, 2, 1, -2, 1, 2]"
699,dfs_bnb_mpi,0.05431,-4,5,17715,"[-1, -2, -1, 2, 2, 1, 1, 1, -2, -2, -1, -2, 1, -2, -1, -1, 2, -1, -1]"
700,dfs_bnb_mpi,0.089888,-3,4,28659,"[-1, -1, 2, 2, 2, 2, -1, -2, -2, -2, -2, -1, -1, 2, 2, 2, 1, -2, -2]"
701,dfs_bnb_mpi,5.66745,-2,3,1800566,"[-1, -1, 2, 2, 2, 2, 2, 2, 2, 2, 2, 2, 2, 1, -2, -2, 1, -2, -1]"
702,dfs_bnb_mpi,0.588522,-2,3,180382,"[-1, -1, 2, 2, 1, 2, 2, 2, 2, 2, -1, -2, -2, -2, -2, -1, -2, -1, 2]"
703,dfs_bnb_mpi,0.006735,-4,5,2170,"[-1, -1, 2, 1, 2, 2, 2, -1, -2, -2, -1, 2, -1, -2, -2, 1, -2, -1, -1]"
704,dfs_bnb_mpi,5.62781,-3,4,1765065,"[-1, -1, 2, 2, 2, 2, 2, 2, 1, -2, -2, -2, 1, 1, -2, -1, -2, -1, 2]"
705,dfs_bnb_mpi,0.983622,-4,5,317495,"[-1, -2, -1, 2, 2, 1, 1, 2, 1, -2, -2, 1, 2, 1, -2, -2, -1, -1, -1]"
706,dfs_bnb_mpi,0.053975,-2,3,14992,"[-1, -1, 2, 2, 2, 2, 2, 2, 1, 1, -2, -1, -2, 1, 1, 2, 2, 2, 2]"
707,dfs_bnb_mpi,0.236504,-4,5,71775,"[-1, -2, 1, 1, 2, 2, -1, -1, 2, 2, -1, -2, -2, -1, -2, 1, -2, -1, -1]"
708,dfs_bnb_mpi,0.035051,-5,6,11054,"[-1, -2, 1, -2, -1, -1, 2, 2, 2, 1, 1, 1, -2, 1, -2, -1, -2, 1, 1]"
709,dfs_bnb_mpi,0.010137,-3,4,3137,"[-1, -1, 2, 2, 2, 1, 2, 1, -2, 1, -2, -1, -1, -2, 1, 1, 1, 2, 2]"
710,dfs_bnb_mpi,5.42035,-2,3,1721858,"[-1, -1, 2, 2, 2, 2, 1, -2, -2, -2, 1, 1, 1, 2, -1, -1, 2, 2, 2]"
711,dfs_bnb_mpi,0.077387,-4,5,22577,"[-1, -1, 2, 1, 1, 2, 2, 2, 1, -2, -2, -2, 1, -2, -1, -2, 1, 1, 2]"
712,dfs_bnb_mpi,0.239135,-4,5,74635,"[-1, -1, 2, 2, 2, 2, 1, -2, -2, -2, 1, 2, 2, 1, -2, -2, 1, -2, -1]"
713,dfs_bnb_mpi,0.05359,-4,5,17033,"[-1, -1, 2, 1, 2, -1, 2, 2, -1, -2, -2, -1, -1, -2, 1, 1, -2, -1, -1]"
714,dfs_bnb_mpi,0.019923,-3,4,6011,"[-1, -1, 2, 2, 2, 1, -2, -2, 1, 2, 2, 1, -2, -2, 1, 2, 2, 2, 2]"
715,dfs_bnb_mpi,0.000148,-2,3,45,"[-1, -1, 2, 2, 2, 2, 2, 2, 2, 2, 2, 2, 2, 1, 1, -2, -1, -2, 1]"
716,dfs_bnb_mpi,5.5e-05,0,1,20,"[-1, -1, 2, 2, 2, 2, 2, 2, 2, 2, 2, 2, 2, 2, 2, 2, 2, 2, 2]"
717,dfs_bnb_mpi,0.031467,-4,5,10326,"[-1, -1, 2, 1, 1, 2, 2, 2, 1, -2, -2, -2, 1, 1, -2, -1, -1, -2, 1]"
718,dfs_bnb_mpi,0.013094,-4,5,4022,"[-1, -1, 2, 2, 1, 2, -1, -1, 2, -1, -2, -1, -2, 1, 1, -2, -1, -1, -1]"
719,dfs_bnb_mpi,2.24174,-3,3,707306,"[-1, -1, 2, 2, 2, 2, 2, 2, 2, 2, 2, 1, -2, -2, -2, 1, -2, -1, -2]"
720,dfs_bnb_mpi,0.000101,0,1,20,"[-1, -1, 2, 2, 2, 2, 2, 2, 2, 2, 2, 2, 2, 2, 2, 2, 2, 2, 2]"
721,dfs_bnb_mpi,0.117828,-4,5,38706,"[-1, -1, 2, 1, 2, 1, -2, 1, 1, -2, -1, -2, -1, -1, -1, -2, 1, 1, 1]"
722,dfs_bnb_mpi,6.1e-05,0,1,20,"[-1, -1, 2, 2, 2, 2, 2, 2, 2, 2, 2, 2, 2, 2, 2, 2, 2, 2, 2]"
723,dfs_bnb_mpi,0.817596,-4,5,265968,"[-1, -1, 2, 2, 2, -1, -1, -2, 1, -2, -2, -1, -1, -1, 2, 2, 1, -2, 1]"
724,dfs_bnb_mpi,0.000182,-2,3,60,"[-1, -1, 2, 1, 2, 1, -2, 1, 2, 2, 2, 2, 2, 2, 2, 2, 2, 2, 2]"
725,dfs_bnb_mpi,0.014041,-4,5,4481,"[-1, -1, 2, -1, -2, -1, 2, 2, -1, -2, -2, -2, 1, 1, 1, -2, 1, 2, 1]"
726,dfs_bnb_mpi,0.060059,-4,5,19377,"[-1, -1, 2, 2, 2, 2, 2, 1, 1, -2, -2, 1, -2, -1, -2, -1, 2, 2, 2]"
727,dfs_bnb_mpi,2.00715,-3,4,648258,"[-1, -1, 2, 2, 2, 1, 2, 2, 2, 2, 1, -2, -2, -2, -2, -2, -1, -2, 1]"
728,dfs_bnb_mpi,0.349104,-3,4,101439,"[-1, -1, 2, 2, 2, 2, 1, 2, 2, -1, -2, -1, -2, -2, -2, -2, -2, -1, 2]"
729,dfs_bnb_mpi,15.7397,-4,5,4963678,"[-1, -1, 2, 1, 2, 1, 2, 2, 2, 2, 2, 1, -2, -2, -2, -2, -2, -2, -1]"
730,dfs_bnb_mpi,0.089635,-4,5,29188,"[-1, -1, 2, 1, 1, 2, 2, 2, -1, -2, -2, -1, -1, -2, -2, -2, 1, 1, 1]"
731,dfs_bnb_mpi,0.503452,-3,4,158586,"[-1, -1, 2, 2, 2, 2, -1, -2, -2, -1, 2, 2, -1, -2, -2, -2, 1, 1, -2]"
732,dfs_bnb_mpi,1.25222,-3,4,302037,"[-1, -1, 2, 2, 2, 2, -1, -2, -2, -2, -1, 2, -1, -2, -2, 1, -2, 1, 2]"
733,dfs_bnb_mpi,0.004024,-3,4,1201,"[-1, -1, 2, 2, 2, 2, 1, -2, 1, -2, -1, -2, 1, 1, 2, 2, 2, 2, 2]"
734,dfs_bnb_mpi,0.000385,-2,3,104,"[-1, -1, 2, 2, 2, 2, 2, 1, -2, -2, -2, -2, 1, 2, 2, 2, 2, 2, 2]"
735,dfs_bnb_mpi,0.002559,-4,5,773,"[-1, -1, 2, -1, 2, -1, -2, -2, 1, -2, 1, 1, 1, 1, 2, 2, 2, 2, 2]"
736,dfs_bnb_mpi,0.032879,-4,5,10175,"[-1, -2, 1, 1, 1, 1, 2, 2, -1, -2, -1, 2, 2, -1, -2, -1, 2, 2, 2]"
737,dfs_bnb_mpi,0.115167,-2,3,35277,"[-1, -1, 2, 2, 2, 2, 2, 2, 1, -2, 1, 2, 2, 1, -2, -2, -2, -1, -1]"
738,dfs_bnb_mpi,0.556075,-4,5,177995,"[-1, -2, 1, 1, 2, 2, 2, 2, 2, 1, -2, -2, -2, -2, -2, -2, -1, -1, -1]"
739,dfs_bnb_mpi,6e-05,0,1,20,"[-1, -1, 2, 2, 2, 2, 2, 2, 2, 2, 2, 2, 2, 2, 2, 2, 2, 2, 2]"
740,dfs_bnb_mpi,0.117186,-2,3,37008,"[-1, -1, 2, 2, 1, 2, 2, 2, 2, 2, -1, -2, -2, -2, -2, -1, -2, -1, 2]"
741,dfs_bnb_mpi,0.173383,-2,3,43444,"[-1, -1, 2, 2, 2, 2, 1, 2, 2, 2, 2, 1, -2, -2, -2, -2, -2, -1, -2]"
742,dfs_bnb_mpi,2.53271,-5,6,779009,"[-1, -2, 1, 1, -2, 1, 2, 1, 1, 2, 2, 2, -1, -2, -2, -1, 2, -1, -2]"
743,dfs_bnb_mpi,0.000354,-4,5,112,"[-1, -1, 2, 2, 1, 2, -1, -1, -2, -1, -2, 1, -2, -1, -1, 2, 2, 2, 2]"
744,dfs_bnb_mpi,0.027672,-4,5,9168,"[-1, -1, 2, -1, -2, -1, 2, -1, -2, -2, 1, 1, -2, 1, 2, 1, 1, 1, 2]"
745,dfs_bnb_mpi,0.000472,-3,3,148,"[-1, -1, 2, 1, 2, -1, -1, -2, -1, 2, 2, 2, 2, 2, 2, 2, 2, 2, 2]"
746,dfs_bnb_mpi,2.09158,-3,4,673543,"[-1, -1, 2, 2, 2, -1, -2, -2, -1, 2, -1, -2, -2, 1, 1, -2, -2, 1, 2]"
747,dfs_bnb_mpi,0.363217,-4,5,110162,"[-1, -1, 2, 1, 1, 2, 2, -1, -2, -1, 2, -1, -2, -1, -1, -2, 1, 1, -2]"
748,dfs_bnb_mpi,0.008519,-4,5,2788,"[-1, -1, 2, 1, 2, 2, 2, 2, -1, -2, -2, -2, -1, -1, -2, 1, -2, -1, -1]"
749,dfs_bnb_mpi,6.54995,-4,5,2120094,"[-1, -1, 2, -1, -2, -1, 2, -1, -2, -2, 1, 1, -2, 1, 1, 1, 2, -1, -1]"
750,dfs_bnb_mpi,0.307825,-5,6,100191,"[-1, -2, 1, -2, -2, 1, 2, 2, 1, 1, 2, -1, -1, 2, 2, 2, -1, -2, -2]"
751,dfs_bnb_mpi,0.000623,-2,3,167,"[-1, -1, 2, 2, 2, 1, 2, 1, -2, -2, -1, -2, 1, 1, 2, 2, 2, 2, 2]"
752,dfs_bnb_mpi,0.11613,-3,4,37792,"[-1, -1, 2, 2, 2, -1, -2, -1, 2, 2, -1, -2, -2, -2, 1, 1, -2, -1, -1]"
753,dfs_bnb_mpi,0.000917,-2,3,287,"[-1, -1, 2, 2, 2, 2, 2, 1, -2, -2, 1, 2, 2, 1, -2, -2, -2, -1, -1]"
754,dfs_bnb_mpi,0.037517,-4,5,11307,"[-1, -1, 2, 2, 2, 2, 2, 1, 2, -1, 2, -1, -2, -1, -1, -2, 1, 1, -2]"
755,dfs_bnb_mpi,0.579113,-3,4,179531,"[-1, -1, 2, 2, 2, 1, 2, -1, -1, 2, -1, -2, -1, -1, -2, 1, 1, 1, -2]"
756,dfs_bnb_mpi,0.356871,-3,4,88412,"[-1, -1, 2, 2, 2, 1, 2, 2, 2, 1, -2, -2, -2, -2, -1, -2, 1, 1, 2]"
757,dfs_bnb_mpi,0.000758,-3,4,224,"[-1, -1, 2, 2, 2, 2, 1, -2, -2, -2, 1, 1, 1, 2, -1, -1, 2, 2, 2]"
758,dfs_bnb_mpi,4.33463,-3,4,1344418,"[-1, -1, 2, 2, 2, 2, 2, 2, 1, -2, 1, 2, 2, 1, -2, -2, -2, -1, -1]"
759,dfs_bnb_mpi,0.113883,-2,3,35277,"[-1, -1, 2, 2, 2, 2, 2, 2, 1, -2, 1, 2, 2, 1, -2, -2, -2, -1, -1]"
760,dfs_bnb_mpi,0.02685,-2,3,8176,"[-1, -1, 2, 2, 2, 2, 2, 2, 2, 2, 1, 2, -1, 2, -1, -2, -2, -1, 2]"
761,dfs_bnb_mpi,0.006565,-3,4,1677,"[-1, -1, 2, 2, 2, 1, 1, -2, -1, -2, 1, 1, 2, 2, 2, 2, 2, 2, 2]"
762,dfs_bnb_mpi,0.022862,-2,3,7202,"[-1, -1, 2, 2, 2, -1, -2, -2, -2, -1, -1, -2, 1, 1, 1, 1, 1, 1, 2]"
763,dfs_bnb_mpi,1.24913,-2,3,365532,"[-1, -1, 2, 2, 2, 2, 2, 2, 2, 2, 1, 2, 2, -1, -2, -1, -1, -2, 1]"
764,dfs_bnb_mpi,1.04667,-3,4,328662,"[-1, -1, 2, 2, 2, 2, 2, 2, 1, -2, 1, 2, 2, 1, -2, -2, -2, -1, -1]"
765,dfs_bnb_mpi,0.413364,-3,4,127788,"[-1, -1, 2, 2, 1, 1, -2, 1, 1, -2, -1, -2, -1, -1, -1, -2, 1, 1, 1]"
766,dfs_bnb_mpi,0.006948,-2,3,2216,"[-1, -1, 2, 2, 2, 2, -1, -2, -2, -2, -2, -2, 1, 1, 1, 1, 2, 2, 2]"
767,dfs_bnb_mpi,0.194932,-2,3,58986,"[-1, -1, 2, 2, 1, 2, 2, 2, 2, 2, -1, -2, -2, -2, -2, -1, -2, -1, 2]"
768,dfs_bnb_mpi,1.6744,-3,4,528674,"[-1, -2, 1, 1, 2, 2, 2, 2, 2, 2, 2, -1, -2, -2, -2, -2, -2, -1, 2]"
769,dfs_bnb_mpi,0.002741,-3,4,868,"[-1, -1, 2, 2, 2, 1, 1, -2, -1, -2, 1, 1, 2, 2, 2, 2, 2, 2, 2]"
770,dfs_bnb_mpi,0.145608,-3,4,42690,"[-1, -1, 2, 2, 2, 2, 2, 1, 2, 2, -1, -2, -1, -1, -2, 1, -2, -1, -1]"
771,dfs_bnb_mpi,0.032806,-3,4,10311,"[-1, -1, 2, 1, 2, 2, 1, -2, -2, 1, 2, 1, -2, -2, -1, -2, 1, 1, 2]"
772,dfs_bnb_mpi,0.072961,-4,5,22643,"[-1, -1, 2, 2, 2, 2, 1, 1, 1, -2, -2, -1, -2, 1, 1, 1, -2, -1, -1]"
773,dfs_bnb_mpi,0.008394,-5,6,2599,"[-1, -1, 2, 2, 1, 1, -2, 1, -2, 1, -2, -1, -2, -2, -1, 2, 2, -1, -1]"
774,dfs_bnb_mpi,0.333322,-2,3,103701,"[-1, -1, 2, 2, 2, 2, 2, 2, 2, 1, -2, 1, 2, 1, -2, -2, -1, -1, -2]"
775,dfs_bnb_mpi,0.100998,-2,3,31672,"[-1, -1, 2, 2, 2, 2, 2, 2, 2, 1, -2, 1, 2, 1, -2, -2, -1, -1, -2]"
776,dfs_bnb_mpi,0.819667,-3,4,263124,"[-1, -1, 2, 2, 1, -2, 1, 1, 1, 2, 2, -1, -2, -1, 2, 2, -1, -2, -1]"
777,dfs_bnb_mpi,0.348942,-4,5,109643,"[-1, -2, -1, 2, -1, -1, 2, 2, 1, -2, 1, 2, 2, 1, -2, -2, 1, 2, 2]"
778,dfs_bnb_mpi,6.1e-05,0,1,20,"[-1, -1, 2, 2, 2, 2, 2, 2, 2, 2, 2, 2, 2, 2, 2, 2, 2, 2, 2]"
779,dfs_bnb_mpi,0.12538,-3,4,38826,"[-1, -1, 2, 1, 2, 2, -1, -2, -1, 2, -1, -2, -2, 1, -2, -1, -1, 2, 2]"
780,dfs_bnb_mpi,0.000524,-2,3,163,"[-1, -1, 2, 2, 2, 2, 2, 1, 2, 1, -2, -2, -1, -2, 1, 1, 2, 2, 2]"
781,dfs_bnb_mpi,13.8575,-3,4,4044540,"[-1, -2, -1, 2, -1, 2, 2, 2, 2, 2, 2, 1, 1, -2, -2, -2, -2, -2, -1]"
782,dfs_bnb_mpi,2.42282,-3,4,723111,"[-1, -1, 2, 2, 2, 2, 2, 2, 2, 2, 2, 1, 2, 1, -2, -2, -1, -2, 1]"
783,dfs_bnb_mpi,0.222734,-3,4,69303,"[-1, -1, 2, 2, -1, -2, -1, -1, -2, 1, 1, -2, -2, 1, 2, 1, 1, 1, 2]"
784,dfs_bnb_mpi,0.079726,-3,4,25594,"[-1, -1, 2, -1, -2, -1, 2, -1, 2, 1, 1, 2, 2, 1, -2, -2, 1, 2, 2]"
785,dfs_bnb_mpi,0.121598,-5,6,37969,"[-1, -1, 2, 2, 2, 2, 1, -2, -2, -2, 1, 2, 1, -2, 1, -2, -1, -2, -1]"
786,dfs_bnb_mpi,0.365042,-4,5,118403,"[-1, -1, 2, 1, 1, 1, 2, 2, 2, 2, 1, -2, -2, -2, -2, 1, -2, -1, -1]"
787,dfs_bnb_mpi,0.00475,-2,3,1525,"[-1, -1, 2, 2, 2, 2, 2, 2, 2, 2, 1, -2, -2, -2, -2, -2, -2, -2, 1]"
788,dfs_bnb_mpi,0.018177,-2,3,5518,"[-1, -1, 2, 2, 2, 2, 2, 1, 1, -2, -1, -2, 1, 1, 2, 2, 2, 2, 2]"
789,dfs_bnb_mpi,0.013282,-2,3,4383,"[-1, -1, 2, 2, 2, 2, 2, 1, -2, -2, 1, -2, -1, -2, 1, 1, 2, 2, 2]"
790,dfs_bnb_mpi,0.001513,-4,5,477,"[-1, -1, 2, -1, 2, -1, -2, -2, 1, -2, -2, 1, 2, 1, 1, 1, 2, 2, 2]"
791,dfs_bnb_mpi,0.000216,-2,3,63,"[-1, -1, 2, 2, 2, 2, 2, 1, -2, -2, -2, -2, 1, 2, 2, 2, 2, 2, 2]"
792,dfs_bnb_mpi,0.036096,-3,4,10960,"[-1, -1, 2, 2, 2, 2, 1, 1, 2, 1, -2, -2, -1, -1, -2, 1, 1, 1, 2]"
793,dfs_bnb_mpi,0.002189,-4,4,656,"[-1, -1, 2, 2, 2, 2, -1, -2, -2, -2, -2, -1, 2, -1, -1, 2, 1, 1, 2]"
794,dfs_bnb_mpi,0.276278,-2,3,87735,"[-1, -1, 2, 2, -1, -2, -1, 2, -1, -2, -2, 1, 1, -2, 1, 1, 1, 1, 2]"
795,dfs_bnb_mpi,0.000172,-2,3,49,"[-1, -1, 2, 2, 2, 2, 2, 2, 2, 2, 2, 1, 1, -2, -1, -2, 1, 1, 2]"
796,dfs_bnb_mpi,2.55335,-4,5,759347,"[-1, -2, 1, -2, 1, 1, 1, 2, 2, 2, 2, -1, -1, -1, -2, 1, -2, -2, 1]"
797,dfs_bnb_mpi,0.107415,-3,4,35141,"[-1, -1, 2, 2, 2, 2, 2, 2, 1, -2, -2, -2, 1, -2, -1, -2, 1, 1, 2]"
798,dfs_bnb_mpi,0.053085,-4,5,16806,"[-1, -1, 2, -1, -2, -2, 1, 1, 1, 1, -2, -1, -1, -2, -2, -1, 2, 2, -1]"
799,dfs_bnb_mpi,0.241568,-4,5,77747,"[-1, -2, -2, -1, 2, 2, -1, -1, 2, 2, 1, -2, 1, 2, 1, -2, 1, 2, 2]"
800,dfs_bnb_mpi,0.044929,-3,3,14400,"[-1, -1, 2, 2, 2, 2, 2, -1, -2, -2, -2, -2, -1, -2, 1, -2, 1, 1, 1]"
801,dfs_bnb_mpi,0.000161,-2,3,47,"[-1, -1, 2, 2, 2, 2, 2, 2, 2, 2, 2, 2, 1, 1, -2, -1, -2, 1, 1]"
802,dfs_bnb_mpi,0.066742,-4,5,20898,"[-1, -1, 2, 2, 2, 2, 1, 1, -2, -2, -2, 1, -2, 1, -2, -1, -1, -1, -1]"
803,dfs_bnb_mpi,2.09691,-3,4,659274,"[-1, -1, 2, 2, 1, 2, -1, -1, 2, 2, 2, -1, -2, -2, -2, -2, 1, -2, -1]"
804,dfs_bnb_mpi,0.003729,-3,4,1159,"[-1, -1, -1, 2, 1, 1, 2, 2, 1, -2, -2, 1, 2, 2, 2, 2, 2, 2, 2]"
805,dfs_bnb_mpi,2.19719,-3,4,694695,"[-1, -1, 2, -1, 2, 2, 2, 2, 2, -1, -2, -2, -2, -2, -2, -1, -2, 1, 1]"
806,dfs_bnb_mpi,0.016246,-2,3,5088,"[-1, -1, 2, 2, 2, 2, 2, 2, 1, -2, 1, -2, -1, -2, 1, 1, 2, 2, 2]"
807,dfs_bnb_mpi,0.014548,-4,5,4302,"[-1, -1, 2, 2, 2, 2, 1, 2, -1, -1, -2, -2, -1, -1, -1, 2, 1, 1, 2]"
808,dfs_bnb_mpi,0.127653,-3,4,39134,"[-1, -1, 2, 1, 1, 2, 2, 2, 2, 1, -2, -2, -2, -2, -2, 1, 2, 2, 2]"
809,dfs_bnb_mpi,0.357291,-2,3,90892,"[-1, -1, 2, 2, 2, 2, 2, 2, 2, 2, 1, -2, -2, 1, -2, -1, -2, 1, 1]"
810,dfs_bnb_mpi,0.089166,-4,5,26447,"[-1, -2, -1, -1, -2, 1, 1, -2, 1, 1, 1, 2, -1, -1, 2, 1, 2, 2, 2]"
811,dfs_bnb_mpi,0.000392,-2,3,98,"[-1, -1, 2, 2, 2, 2, 2, 2, 2, 2, 1, -2, -2, -2, -2, 1, -2, -1, -2]"
812,dfs_bnb_mpi,0.006946,-3,4,2178,"[-1, -1, 2, 2, -1, -1, 2, -1, -2, -2, 1, 1, -2, -1, -1, -1, 2, 2, 2]"
813,dfs_bnb_mpi,0.058836,-2,3,17476,"[-1, -1, 2, 2, 2, 2, 2, 1, 2, 2, -1, -2, -1, -1, -2, 1, -2, -1, -1]"
814,dfs_bnb_mpi,0.002135,-4,5,624,"[-1, -1, 2, -1, -2, -1, -2, 1, -2, 1, 2, 1, 1, 1, 2, 2, 2, 2, 2]"
815,dfs_bnb_mpi,14.7989,-3,4,4662036,"[-1, -1, 2, 2, 2, -1, -2, -2, -1, 2, 2, -1, -2, -2, -2, 1, 1, -2, 1]"
816,dfs_bnb_mpi,8.4e-05,0,1,20,"[-1, -1, 2, 2, 2, 2, 2, 2, 2, 2, 2, 2, 2, 2, 2, 2, 2, 2, 2]"
817,dfs_bnb_mpi,0.014357,-2,3,4678,"[-1, -1, 2, 2, 2, 2, 1, -2, -2, -2, 1, 2, 2, 2, 2, 2, 2, 2, 2]"
818,dfs_bnb_mpi,0.034587,-3,3,11264,"[-1, -1, 2, 2, 2, 2, 1, -2, -2, -2, 1, 1, -2, -2, -1, -1, -1, -1, 2]"
819,dfs_bnb_mpi,0.790408,-3,4,246539,"[-1, -1, 2, 2, 2, 2, 2, 1, 2, -1, -1, 2, -1, -2, -2, 1, -2, -1, -1]"
820,dfs_bnb_mpi,1.98456,-3,4,629626,"[-1, -1, 2, 2, 2, -1, -1, -2, -1, -2, 1, -2, -1, -2, 1, 1, 2, 2, 2]"
821,dfs_bnb_mpi,0.048931,-2,3,15651,"[-1, -1, 2, 2, 2, 2, -1, -2, -2, -2, -2, -1, -1, -2, 1, 1, 1, 1, 1]"
822,dfs_bnb_mpi,0.184775,-4,5,60583,"[-1, -1, -1, 2, 2, 2, 1, -2, -2, 1, 1, 2, 2, 2, 2, -1, -2, -2, -2]"
823,dfs_bnb_mpi,0.37441,-3,4,99278,"[-1, -1, 2, -1, 2, 2, 2, 2, -1, -2, -2, -2, -2, -1, -2, 1, 1, -2, 1]"
824,dfs_bnb_mpi,2.09641,-3,4,674718,"[-1, -1, 2, 2, 2, 1, -2, -2, 1, 2, 2, 2, 2, 1, -2, -2, -2, -2, -2]"
825,dfs_bnb_mpi,2.05062,-4,5,643341,"[-1, -1, 2, 2, 2, 2, 2, 1, 1, -2, 1, 1, -2, -1, -1, -2, -1, 2, 2]"
826,dfs_bnb_mpi,0.148916,-4,5,48025,"[-1, -2, -1, 2, 2, -1, -1, 2, 2, 1, -2, 1, 2, 1, -2, -2, 1, 2, 2]"
827,dfs_bnb_mpi,0.194666,-5,6,62146,"[-1, -1, 2, 2, 2, -1, 2, 2, -1, -2, -2, -1, -2, 1, -2, -2, 1, 2, 2]"
828,dfs_bnb_mpi,0.017531,-2,3,4924,"[-1, -1, 2, 2, 2, 2, 2, 2, 2, 1, 2, -1, 2, -1, -2, -2, -1, 2, 2]"
829,dfs_bnb_mpi,0.009171,-4,5,2952,"[-1, -1, 2, 1, 2, -1, -1, -2, -2, -2, 1, -2, 1, 2, 1, 1, 2, 2, 2]"
830,dfs_bnb_mpi,0.397383,-4,5,126900,"[-1, -1, 2, 2, -1, -2, -2, -1, -2, 1, -2, 1, 1, 1, 1, 2, -1, -1, -1]"
831,dfs_bnb_mpi,8.71934,-2,3,2104272,"[-1, -1, 2, 2, 2, 2, 2, 2, 2, 2, 2, 2, 2, 1, -2, 1, -2, -1, -2]"
832,dfs_bnb_mpi,1.77389,-4,5,545512,"[-1, -1, 2, 2, 2, 2, 2, 2, 1, 1, 2, -1, 2, 2, -1, -2, -2, -1, -2]"
833,dfs_bnb_mpi,1.7355,-4,5,529349,"[-1, -1, 2, -1, -2, -1, 2, -1, -2, -2, -2, 1, 1, -2, 1, 2, 2, -1, -1]"
834,dfs_bnb_mpi,14.9055,-3,4,4644026,"[-1, -1, 2, 2, 2, 2, -1, -2, -2, -2, -1, 2, -1, -2, -2, 1, 1, -2, 1]"
835,dfs_bnb_mpi,0.005384,-4,5,1703,"[-1, -2, -1, -1, -2, 1, 1, 1, 2, 1, 1, 2, -1, 2, 2, 2, 2, 2, 2]"
836,dfs_bnb_mpi,0.315054,-5,6,98641,"[-1, -1, 2, 2, 2, 2, 2, 1, 2, 2, 1, -2, -2, 1, -2, -1, -2, -1, 2]"
837,dfs_bnb_mpi,35.1409,-3,4,8834403,"[-1, -1, 2, 2, 2, 2, 2, 2, 2, 2, 2, 2, 1, -2, 1, -2, -1, -2, 1]"
838,dfs_bnb_mpi,0.07178,-3,4,21643,"[-1, -1, 2, 2, 2, 2, 2, -1, -2, -2, -2, -1, -1, -2, 1, 1, -2, -1, -1]"
839,dfs_bnb_mpi,0.090811,-3,4,29585,"[-1, -1, 2, 1, 2, 2, 2, 2, 2, 1, -2, -2, -2, -2, -2, 1, 2, 2, 2]"
840,dfs_bnb_mpi,0.017564,-3,4,4642,"[-1, -1, -1, 2, 2, 2, 1, 1, -2, -1, -2, 1, 1, 2, 2, 2, 2, 2, 2]"
841,dfs_bnb_mpi,2.18559,-3,4,702813,"[-1, -1, 2, 2, 2, 2, 1, 2, 2, 2, 2, -1, -1, -2, -2, 1, -2, -1, -2]"
842,dfs_bnb_mpi,0.891927,-3,4,266162,"[-1, -1, 2, -1, -1, -2, -2, -2, 1, 1, 1, -2, 1, 2, 2, -1, -1, -1, 2]"
843,dfs_bnb_mpi,0.0018,-3,4,533,"[-1, -1, 2, 1, 2, -1, 2, -1, -2, -2, -1, 2, 2, 2, 2, 2, 2, 2, 2]"
844,dfs_bnb_mpi,2.36293,-4,5,756479,"[-1, -2, 1, -2, -1, -1, 2, 2, 2, 1, 1, 2, 2, 1, -2, -2, -2, -2, 1]"
845,dfs_bnb_mpi,0.393876,-4,5,125477,"[-1, -1, 2, 2, 1, -2, 1, 2, 1, -2, 1, 2, 2, 1, -2, -2, -2, -1, -1]"
846,dfs_bnb_mpi,0.371761,-3,4,119006,"[-1, -1, 2, 1, 2, 2, 2, -1, -1, -2, -2, -2, -2, -1, -2, 1, 1, 1, 1]"
847,dfs_bnb_mpi,0.284726,-2,3,87968,"[-1, -1, 2, 2, 2, 2, 2, 2, 2, 2, 2, 1, -2, 1, -2, -1, -2, 1, 1]"
848,dfs_bnb_mpi,0.045354,-3,4,14575,"[-1, -1, 2, 2, 2, 2, 2, 1, 1, -2, -2, -1, -2, -2, 1, 2, 1, 2, 2]"
849,dfs_bnb_mpi,0.209747,-4,5,67382,"[-1, -2, -1, 2, 2, 1, 2, 2, 2, 1, -2, -2, -2, 1, -2, -2, -1, -2, 1]"
850,dfs_bnb_mpi,0.001804,-4,5,556,"[-1, -1, 2, 2, -1, -2, -1, -2, 1, -2, 1, 1, 1, 1, 2, 2, 2, 2, 2]"
851,dfs_bnb_mpi,0.035447,-3,4,10766,"[-1, -1, 2, 2, 2, -1, -2, -2, -1, 2, -1, -2, -2, 1, 1, -2, 1, 1, 1]"
852,dfs_bnb_mpi,0.173948,-4,5,51113,"[-1, -1, 2, 2, 2, -1, -2, -2, -2, -1, -2, 1, -2, -2, 1, 2, 2, 1, 1]"
853,dfs_bnb_mpi,0.310643,-5,6,98697,"[-1, -1, 2, 2, 1, 2, -1, -1, 2, 2, -1, -2, -2, -1, -2, 1, -2, 1, 2]"
854,dfs_bnb_mpi,6.3e-05,0,1,20,"[-1, -1, 2, 2, 2, 2, 2, 2, 2, 2, 2, 2, 2, 2, 2, 2, 2, 2, 2]"
855,dfs_bnb_mpi,0.045167,-2,3,14509,"[-1, -1, 2, 2, 2, 2, 2, 1, -2, 1, 2, 2, 1, -2, -2, -2, -1, -1, -2]"
856,dfs_bnb_mpi,0.003125,-3,4,952,"[-1, -1, 2, 2, -1, -2, -1, -1, -2, 1, 1, -2, 1, 1, 1, 1, 2, 2, 2]"
857,dfs_bnb_mpi,3.23229,-4,5,974370,"[-1, -2, 1, 1, 2, 1, -2, -2, -1, -1, -1, -1, 2, -1, 2, 1, 2, 1, 2]"
858,dfs_bnb_mpi,0.002691,-2,3,780,"[-1, -1, 2, 2, 2, 2, 2, 1, -2, -2, 1, 2, 2, 2, 2, 2, 2, 2, 2]"
859,dfs_bnb_mpi,0.075501,-4,5,23877,"[-1, -1, 2, -1, -2, -1, -2, 1, 1, 1, 1, 1, -2, -1, -1, -2, -1, 2, -1]"
860,dfs_bnb_mpi,6.83696,-2,3,2091872,"[-1, -1, 2, 2, 2, 2, 2, 2, 2, 2, 2, 2, 2, 2, 1, -2, 1, -2, -1]"
861,dfs_bnb_mpi,0.052462,-4,5,16756,"[-1, -2, -1, 2, 2, 1, 1, 1, -2, 1, 1, -2, -1, -1, -1, -2, 1, 1, 1]"
862,dfs_bnb_mpi,0.16621,-2,3,50789,"[-1, -1, 2, 2, 2, 2, 2, 2, 2, 2, 2, 1, 2, -1, 2, -1, -2, -2, -1]"
863,dfs_bnb_mpi,0.489111,-4,5,150213,"[-1, -1, 2, 1, 2, -1, 2, -1, -2, -1, 2, 2, -1, -2, -2, -2, 1, 1, -2]"
864,dfs_bnb_mpi,43.3003,-2,3,12947739,"[-1, -1, 2, 2, 2, 2, 2, 2, 2, 2, 2, 2, 2, 2, 2, 2, 1, -2, -2]"
865,dfs_bnb_mpi,0.000746,-2,3,219,"[-1, -1, 2, 2, 2, 2, 2, 2, 2, 2, 2, 1, -2, -2, 1, -2, -1, -2, 1]"
866,dfs_bnb_mpi,5.7e-05,0,1,20,"[-1, -1, 2, 2, 2, 2, 2, 2, 2, 2, 2, 2, 2, 2, 2, 2, 2, 2, 2]"
867,dfs_bnb_mpi,0.021825,-2,3,6920,"[-1, -1, 2, 1, 2, 2, 2, -1, -2, -2, -1, 2, -1, -2, -2, 1, -2, -1, -1]"
868,dfs_bnb_mpi,0.01183,-2,3,2929,"[-1, -1, 2, 2, 2, 2, 2, 1, 1, -2, -1, -2, 1, 1, 2, 2, 2, 2, 2]"
869,dfs_bnb_mpi,2.51043,-3,4,638372,"[-1, -1, 2, 2, 2, 2, 1, -2, 1, 2, 1, -2, -2, -1, -1, -2, 1, 1, 1]"
870,dfs_bnb_mpi,0.000378,-2,3,99,"[-1, -1, 2, 2, 2, 2, 2, 2, 1, -2, 1, -2, -1, -2, 1, 1, 2, 2, 2]"
871,dfs_bnb_mpi,0.468938,-2,3,150973,"[-1, -1, 2, 2, 1, 2, 2, 2, 2, 2, -1, -2, -2, -2, -2, -1, -1, -2, 1]"
872,dfs_bnb_mpi,0.01056,-4,5,3211,"[-1, -1, 2, 2, 2, 1, 2, -1, 2, -1, -2, -1, -2, 1, -2, -1, -1, 2, 2]"
873,dfs_bnb_mpi,2.08721,-3,4,674019,"[-1, -1, 2, 2, 2, 2, 2, 2, 2, -1, -2, -2, -2, -2, -2, -1, -2, 1, -2]"
874,dfs_bnb_mpi,0.238227,-3,4,74042,"[-1, -1, 2, 2, -1, -2, -2, -1, -1, -2, 1, -2, -2, 1, 2, 2, 1, 1, 1]"
875,dfs_bnb_mpi,0.005166,-3,4,1440,"[-1, -1, 2, 2, 2, 1, 2, -1, -1, -1, -2, 1, -2, -1, -1, 2, 2, 2, 2]"
876,dfs_bnb_mpi,0.113622,-4,5,35864,"[-1, -1, 2, 2, 2, -1, -2, -2, -1, 2, -1, -2, -2, 1, 1, -2, 1, 1, 1]"
877,dfs_bnb_mpi,0.082993,-2,3,26964,"[-1, -1, 2, 2, 2, 2, 2, 1, -2, 1, 2, 2, 1, -2, -2, -2, -1, -1, -2]"
878,dfs_bnb_mpi,0.002871,-2,3,903,"[-1, -1, 2, 2, 2, 2, 2, 2, 2, 2, 1, 2, 2, 1, -2, -2, -2, -1, -2]"
879,dfs_bnb_mpi,0.009384,-4,5,2732,"[-1, -2, -2, -1, 2, 2, -1, 2, 1, 2, 1, -2, 1, 2, 2, 2, 2, 2, 2]"
880,dfs_bnb_mpi,15.48,-2,3,4788342,"[-1, -1, 2, 2, 2, 2, 2, 2, 2, 2, 2, 1, 2, 1, -2, -2, -1, -2, 1]"
881,dfs_bnb_mpi,0.453592,-3,4,136009,"[-1, -1, 2, 2, 1, 2, 2, 2, 2, -1, -2, -2, -2, -1, 2, -1, -2, -2, 1]"
882,dfs_bnb_mpi,0.000107,-2,3,31,"[-1, -1, 2, 2, 2, 2, 2, 2, 2, 2, 2, 2, 2, 1, -2, 1, -2, -1, -2]"
883,dfs_bnb_mpi,0.015445,-3,4,4702,"[-1, -1, 2, 2, 2, 2, 1, 2, 1, -2, -2, -1, -2, 1, 1, 2, 2, 2, 2]"
884,dfs_bnb_mpi,0.929403,-4,5,293312,"[-1, -1, 2, 2, 2, 1, 2, 1, -2, -2, 1, 2, 1, -2, -2, -1, -1, -1, 2]"
885,dfs_bnb_mpi,0.212235,-4,5,67199,"[-1, -2, -1, -1, -2, 1, -2, -1, -2, 1, 1, 2, 2, 1, 2, 1, 2, 2, 2]"
886,dfs_bnb_mpi,0.009122,-4,5,2828,"[-1, -1, 2, 1, 1, 2, 2, 1, 1, -2, -2, -1, -2, -2, 1, 2, 1, 2, 2]"
887,dfs_bnb_mpi,6.18567,-3,4,1757131,"[-1, -1, 2, 2, 2, 2, 2, 2, 1, 2, 2, 1, -2, -2, -2, -1, -2, -2, 1]"
888,dfs_bnb_mpi,0.060537,-4,5,19487,"[-1, -1, 2, 2, 1, 2, -1, 2, 2, -1, -2, -2, -1, 2, -1, -2, -2, 1, 1]"
889,dfs_bnb_mpi,0.093482,-5,6,30597,"[-1, -2, 1, -2, 1, 2, 2, 1, 1, 2, 2, -1, -2, -1, 2, -1, -2, -1, 2]"
890,dfs_bnb_mpi,0.019429,-2,3,6339,"[-1, -1, 2, 2, 2, 2, 1, -2, -2, -2, 1, 1, -2, -2, -1, -1, -1, -1, 2]"
891,dfs_bnb_mpi,0.047175,-4,5,13997,"[-1, -1, 2, 2, 2, 1, -2, -2, 1, 2, 2, 1, -2, -2, 1, -2, -1, -2, 1]"
892,dfs_bnb_mpi,0.00335,-4,4,1069,"[-1, -1, 2, 1, 1, 2, 2, 1, -2, -2, 1, -2, -1, -2, 1, 1, 2, 2, 2]"
893,dfs_bnb_mpi,0.001018,-2,3,282,"[-1, -1, 2, 2, 2, 1, -2, -2, 1, 2, 2, 2, 2, 2, 2, 2, 2, 2, 2]"
894,dfs_bnb_mpi,0.270857,-4,5,87583,"[-1, -2, 1, -2, -2, 1, 2, 2, 1, 1, 2, 2, 2, -1, -1, -2, -2, 1, 2]"
895,dfs_bnb_mpi,0.016065,-3,4,5146,"[-1, -1, 2, 2, 2, 2, 2, -1, -2, -2, -2, -1, -2, 1, -2, -1, -1, 2, 2]"
896,dfs_bnb_mpi,0.041864,-3,3,13099,"[-1, -1, 2, 2, 2, 2, 2, 2, 2, 1, -2, -2, 1, -2, -1, -2, 1, 1, 2]"
897,dfs_bnb_mpi,0.228153,-3,4,72159,"[-1, -1, 2, 2, 2, 2, 1, -2, -2, -2, 1, 2, 1, 1, 2, -1, -1, 2, 2]"
898,dfs_bnb_mpi,0.133618,-4,5,42052,"[-1, -1, 2, 2, 2, 1, 2, 1, -2, 1, 1, -2, -2, -1, -1, -1, 2, 1, 1]"
899,dfs_bnb_mpi,0.001948,-2,3,632,"[-1, -1, 2, 2, 2, 1, -2, -2, 1, 1, 2, -1, 2, 2, 2, 2, 2, 2, 2]"
900,dfs_bnb_mpi,0.000451,-4,5,153,"[-1, -1, 2, 1, 2, 1, -2, 1, -2, 1, 2, 2, 2, 2, 2, 2, 2, 2, 2]"
901,dfs_bnb_mpi,0.081394,-3,4,25160,"[-1, -1, 2, 2, 2, 2, 1, -2, 1, -2, -1, -2, 1, 1, 1, -2, -1, -2, 1]"
902,dfs_bnb_mpi,0.033758,-4,5,10124,"[-1, -1, 2, 2, 2, 1, 2, 2, -1, -2, -1, -2, -1, -2, 1, -2, -1, -1, 2]"
903,dfs_bnb_mpi,0.736396,-2,3,237622,"[-1, -1, 2, 2, 2, 2, 2, 2, 2, 2, 1, -2, -2, -2, -2, 1, 2, 2, 2]"
904,dfs_bnb_mpi,0.052513,-2,3,13582,"[-1, -1, 2, 2, 2, 2, 2, 2, 2, 1, -2, 1, -2, -1, -2, 1, 1, 2, 2]"
905,dfs_bnb_mpi,0.365041,-2,3,119180,"[-1, -1, 2, 2, 2, 1, 2, 2, 2, 2, 2, -1, -2, -2, -2, -2, -1, -2, -1]"
906,dfs_bnb_mpi,2.26814,-2,3,696710,"[-1, -1, 2, 2, 2, 2, 2, 2, 2, 2, 2, 2, 1, -2, -2, -2, 1, 2, 2]"
907,dfs_bnb_mpi,0.08761,-2,3,27226,"[-1, -1, 2, 2, 2, 2, 2, 1, -2, 1, 2, 2, -1, -1, -1, -2, -2, -1, 2]"
908,dfs_bnb_mpi,0.541569,-3,4,175714,"[-1, -2, -1, 2, 2, 2, 1, 1, -2, 1, 2, 1, -2, -2, -1, -2, -1, -2, 1]"
909,dfs_bnb_mpi,0.039404,-2,3,12362,"[-1, -1, 2, 2, 1, 2, 2, 2, -1, -2, -2, -1, 2, -1, -2, -2, 1, -2, -1]"
910,dfs_bnb_mpi,0.005638,-3,4,1894,"[-1, -1, 2, -1, -2, -2, 1, -2, -2, 1, 2, 2, 1, 1, 2, 2, 2, 2, 2]"
911,dfs_bnb_mpi,0.04203,-2,3,12053,"[-1, -1, 2, 2, 2, 2, 1, -2, -2, -2, 1, 2, 2, 2, 2, 2, 2, 2, 2]"
912,dfs_bnb_mpi,0.630864,-2,3,186997,"[-1, -1, 2, 2, 2, 2, 1, 2, 2, 2, 2, -1, -2, -2, -2, -1, -1, -2, 1]"
913,dfs_bnb_mpi,0.183179,-4,5,59649,"[-1, -1, 2, 2, -1, 2, 2, 2, -1, -2, -2, -2, -1, -2, -2, 1, 1, 2, -1]"
914,dfs_bnb_mpi,0.003126,-3,4,994,"[-1, -1, 2, 2, 1, 1, -2, 1, -2, 1, 1, -2, -1, -1, -1, -1, -1, -1, 2]"
915,dfs_bnb_mpi,3.2542,-4,5,1041894,"[-1, -2, -1, 2, 2, -1, 2, 1, 2, 2, 2, 1, 1, -2, -2, -2, -2, -1, 2]"
916,dfs_bnb_mpi,0.551431,-2,3,174557,"[-1, -1, 2, 2, 2, 2, 2, 1, -2, 1, 2, 2, 2, -1, -1, -1, -2, -2, -2]"
917,dfs_bnb_mpi,2.80622,-3,4,904852,"[-1, -2, 1, 1, 2, 2, -1, 2, 2, 2, 2, 2, -1, -2, -2, -2, -2, -2, -1]"
918,dfs_bnb_mpi,0.00949,-3,4,3001,"[-1, -1, 2, 2, 2, -1, -2, -2, -2, -2, -1, 2, -1, 2, 1, 2, 2, 2, 2]"
919,dfs_bnb_mpi,6.7e-05,0,1,20,"[-1, -1, 2, 2, 2, 2, 2, 2, 2, 2, 2, 2, 2, 2, 2, 2, 2, 2, 2]"
920,dfs_bnb_mpi,5.3e-05,0,1,20,"[-1, -1, 2, 2, 2, 2, 2, 2, 2, 2, 2, 2, 2, 2, 2, 2, 2, 2, 2]"
921,dfs_bnb_mpi,0.011053,-3,4,3551,"[-1, -1, 2, 1, 2, 1, -2, 1, 2, 1, -2, -2, -1, -2, 1, 1, 2, 2, 2]"
922,dfs_bnb_mpi,0.009184,-4,5,2866,"[-1, -1, 2, 2, 1, 2, -1, 2, 2, -1, -2, -2, -1, -2, 1, -2, -1, -1, 2]"
923,dfs_bnb_mpi,0.191145,-2,3,61335,"[-1, -1, 2, 1, 2, 2, 2, 2, 1, 1, -2, -2, -2, -2, -2, -2, -1, -1, -1]"
924,dfs_bnb_mpi,0.04036,-4,5,12574,"[-1, -1, 2, 1, 1, 2, -1, -1, 2, 2, -1, -2, -2, -2, -1, -2, 1, -2, 1]"
925,dfs_bnb_mpi,0.209693,-2,3,67726,"[-1, -1, 2, 2, 2, 2, 2, 2, 1, 2, 2, 2, 2, -1, -2, -2, -2, -1, -2]"
926,dfs_bnb_mpi,6.2e-05,0,1,20,"[-1, -1, 2, 2, 2, 2, 2, 2, 2, 2, 2, 2, 2, 2, 2, 2, 2, 2, 2]"
927,dfs_bnb_mpi,0.014436,-3,3,4728,"[-1, -1, 2, 2, 2, 2, 2, 1, -2, -2, 1, -2, -1, -2, 1, 1, 2, 2, 2]"
928,dfs_bnb_mpi,0.275867,-2,3,87479,"[-1, -1, 2, 2, 2, -1, -2, -2, -1, -1, -2, 1, 1, -2, 1, 1, 1, 1, 2]"
929,dfs_bnb_mpi,0.007678,-3,4,2363,"[-1, -1, 2, 2, 2, -1, -2, -2, -2, -1, -2, 1, 1, 1, 1, 1, 2, 2, 2]"
930,dfs_bnb_mpi,0.000303,-3,4,88,"[-1, -1, 2, 1, 2, 2, 2, -1, -2, -2, -1, 2, 2, 2, 2, 2, 2, 2, 2]"
931,dfs_bnb_mpi,0.349895,-3,4,105487,"[-1, -1, 2, 2, -1, -2, -2, -1, 2, -1, -2, -2, 1, 1, -2, -1, -1, -1, 2]"
932,dfs_bnb_mpi,0.009497,-2,3,3025,"[-1, -1, 2, 2, 2, 2, 1, 2, 2, 2, -1, -2, -2, -1, -2, -1, 2, 2, 2]"
933,dfs_bnb_mpi,0.773089,-4,5,240682,"[-1, -1, 2, 2, 2, 2, 2, 2, 1, 2, -1, 2, 2, -1, -2, -2, -1, -2, 1]"
934,dfs_bnb_mpi,2.97009,-4,5,945530,"[-1, -1, 2, 1, 2, 1, -2, 1, 2, 2, 2, 2, 1, -2, -2, -2, -2, -2, -1]"
935,dfs_bnb_mpi,0.007015,-4,5,2114,"[-1, -1, 2, 2, 2, 1, 2, -1, -1, -2, -2, -1, -1, -1, 2, 1, 1, 2, 2]"
936,dfs_bnb_mpi,0.638348,-3,4,195487,"[-1, -1, 2, 2, 2, 2, 2, 1, 2, -1, 2, 2, 2, -1, -2, -2, -2, -2, -1]"
937,dfs_bnb_mpi,8.4e-05,0,1,20,"[-1, -1, 2, 2, 2, 2, 2, 2, 2, 2, 2, 2, 2, 2, 2, 2, 2, 2, 2]"
938,dfs_bnb_mpi,1.04247,-4,5,335995,"[-1, -1, 2, 1, 1, 2, 2, 2, 2, 2, 1, -2, -2, -2, -2, -2, 1, -2, -1]"
939,dfs_bnb_mpi,0.000464,-3,4,137,"[-1, -1, 2, 2, 1, -2, 1, 2, 2, 2, 2, 2, 2, 2, 2, 2, 2, 2, 2]"
940,dfs_bnb_mpi,0.000374,-3,4,128,"[-1, -2, 1, 1, 2, 2, 1, -2, 1, 2, 2, 2, 2, 2, 2, 2, 2, 2, 2]"
941,dfs_bnb_mpi,0.009248,-3,4,2856,"[-1, -1, 2, 2, 2, 2, 1, 1, -2, -2, -2, 1, -2, -2, -1, -1, -1, -1, 2]"
942,dfs_bnb_mpi,6.9e-05,0,1,20,"[-1, -1, 2, 2, 2, 2, 2, 2, 2, 2, 2, 2, 2, 2, 2, 2, 2, 2, 2]"
943,dfs_bnb_mpi,22.4962,-2,3,7207210,"[-1, -1, 2, 2, 2, 2, 2, 1, 2, 2, 2, 2, 1, -2, -2, -2, -2, -2, -1]"
944,dfs_bnb_mpi,0.300675,-3,4,84943,"[-1, -1, 2, 2, 2, 2, 2, 2, 2, 2, 1, -2, -2, 1, 1, 2, -1, 2, 2]"
945,dfs_bnb_mpi,0.003162,-3,4,1029,"[-1, -1, 2, 1, 2, -1, -1, -2, -1, -2, 1, -2, 1, 1, 1, 1, 2, 2, 2]"
946,dfs_bnb_mpi,1.62792,-4,5,525487,"[-1, -1, 2, 1, 2, 1, -2, 1, 2, 2, 1, -2, -2, -2, -1, -2, -1, -1, -1]"
947,dfs_bnb_mpi,0.29823,-2,3,94001,"[-1, -1, 2, 2, 2, 2, 2, 1, 2, 2, -1, -2, -1, 2, -1, -2, -2, 1, -2]"
948,dfs_bnb_mpi,0.001295,-3,4,381,"[-1, -1, 2, 1, 1, 2, 2, 1, -2, -2, -2, 1, 2, 2, 2, 2, 2, 2, 2]"
949,dfs_bnb_mpi,0.048001,-3,4,13553,"[-1, -1, 2, 2, 2, 2, 1, -2, -2, -2, 1, 1, 2, -1, 2, 2, 2, 2, 2]"
950,dfs_bnb_mpi,0.740637,-4,5,235218,"[-1, -2, 1, 1, 2, 1, 2, 2, 2, 2, 2, -1, -2, -2, -2, -2, -1, 2, 2]"
951,dfs_bnb_mpi,0.051487,-2,3,16664,"[-1, -1, 2, 2, 2, 1, 2, 2, 2, 2, -1, -2, -2, -2, -1, -2, -1, 2, 2]"
952,dfs_bnb_mpi,0.50256,-2,3,160376,"[-1, -1, 2, 2, 2, 2, 2, 2, 1, -2, 1, 2, 2, -1, -1, -1, -2, -2, -1]"
953,dfs_bnb_mpi,0.053601,-4,5,16111,"[-1, -1, 2, 2, 2, 2, 1, 2, 1, -2, -2, -1, -2, 1, 1, 2, 2, 2, 2]"
954,dfs_bnb_mpi,3.93257,-3,4,1234442,"[-1, -1, 2, -1, -2, -1, 2, 2, 2, 2, -1, -2, -2, -2, -2, -2, 1, 1, 1]"
955,dfs_bnb_mpi,0.116212,-3,4,31484,"[-1, -1, 2, 2, 2, 2, 2, 2, 2, 1, -2, -2, 1, 1, 2, -1, 2, 2, 2]"
956,dfs_bnb_mpi,14.8387,-3,4,4672375,"[-1, -1, 2, 2, 1, -2, 1, 2, 2, 2, -1, -1, -1, -2, -2, -2, -2, -2, 1]"
957,dfs_bnb_mpi,0.024,-4,5,7689,"[-1, -1, 2, -1, -2, -1, -1, -2, 1, 1, -2, -1, -2, 1, 1, 2, 2, 1, 1]"
958,dfs_bnb_mpi,0.143319,-3,4,43615,"[-1, -1, 2, 2, 1, 1, 2, -1, -1, 2, 2, 2, -1, -2, -2, -2, -2, -1, 2]"
959,dfs_bnb_mpi,0.052097,-4,5,15985,"[-1, -2, -2, -1, 2, 2, -1, -1, 2, 1, 1, 2, 1, -2, 1, 2, 2, 2, 2]"
960,dfs_bnb_mpi,0.011756,-2,3,3777,"[-1, -1, 2, 2, 2, 2, 2, 1, -2, 1, 2, 1, -2, -2, -1, -1, -2, 1, 1]"
961,dfs_bnb_mpi,0.030557,-4,5,9407,"[-1, -1, 2, 2, 1, 1, 2, -1, -1, 2, -1, -2, -1, -1, -2, 1, 1, -2, -1]"
962,dfs_bnb_mpi,0.65779,-3,4,207157,"[-1, -1, 2, 2, 2, 1, 2, 2, 1, 1, -2, -2, -2, -2, -1, -1, 2, 1, 2]"
963,dfs_bnb_mpi,0.352698,-3,4,89246,"[-1, -1, 2, -1, 2, 2, 2, 2, -1, -2, -2, -2, -2, -2, 1, -2, 1, 1, 1]"
964,dfs_bnb_mpi,0.048141,-3,4,15039,"[-1, -1, 2, 2, 2, 1, 1, 1, -2, -2, -2, -2, -1, -1, -1, -1, 2, 2, 2]"
965,dfs_bnb_mpi,0.311106,-4,5,98394,"[-1, -1, 2, 2, 2, 1, 2, 2, 1, -2, -2, -2, 1, 1, -2, -1, -1, -1, 2]"
966,dfs_bnb_mpi,0.051127,-3,4,15244,"[-1, -1, 2, 2, 2, 1, -2, -2, 1, 1, 1, 2, -1, -1, 2, 2, 2, 2, 2]"
967,dfs_bnb_mpi,0.000144,-2,3,43,"[-1, -1, 2, 2, 2, 2, 2, 2, 2, 2, 2, 2, 2, 2, 1, 1, -2, -1, -2]"
968,dfs_bnb_mpi,0.280333,-3,4,88139,"[-1, -1, 2, 2, 2, 2, 2, 2, 1, -2, -2, -2, 1, 1, -2, -1, -1, -2, 1]"
969,dfs_bnb_mpi,0.009317,-2,3,2549,"[-1, -1, 2, 2, 2, 2, 2, 2, 2, 1, 2, -1, -1, -2, -1, 2, 2, 2, 2]"
970,dfs_bnb_mpi,0.665369,-4,5,209959,"[-1, -1, 2, 2, -1, -2, -1, -1, -2, 1, 1, -2, -1, -1, -2, 1, 1, 1, 2]"
971,dfs_bnb_mpi,0.051116,-4,5,15912,"[-1, -1, 2, 1, 1, 2, 2, -1, -2, -1, 2, -1, -2, -1, -1, -2, 1, 1, -2]"
972,dfs_bnb_mpi,0.017771,-4,5,5382,"[-1, -1, 2, 2, 2, -1, -2, -2, -2, -1, 2, 2, 2, -1, -2, -1, -2, 1, -2]"
973,dfs_bnb_mpi,0.487731,-3,4,144841,"[-1, -1, 2, 1, 1, 2, 2, 2, 2, 1, -2, -2, -2, 1, 1, -2, -1, -1, -2]"
974,dfs_bnb_mpi,0.002859,-4,5,838,"[-1, -1, 2, 2, 2, 1, 1, 2, -1, -1, 2, -1, -2, -1, -2, 1, -2, -1, -1]"
975,dfs_bnb_mpi,1.21677,-3,4,378942,"[-1, -1, -1, 2, 1, 2, 2, 1, -2, -2, 1, 1, -2, -2, -1, -1, -1, -1, -1]"
976,dfs_bnb_mpi,0.416927,-2,3,129594,"[-1, -1, 2, 2, 2, 2, 2, 2, -1, -2, -2, -2, -2, -2, -2, -1, -2, 1, 1]"
977,dfs_bnb_mpi,0.063927,-4,5,19589,"[-1, -2, 1, 1, 2, 1, 2, -1, -1, 2, -1, -2, -1, -2, -1, 2, 2, 2, 2]"
978,dfs_bnb_mpi,0.095112,-2,3,30052,"[-1, -1, 2, 2, 2, 1, 2, 2, 2, 2, -1, -2, -2, -2, -1, -2, -1, 2, 2]"
979,dfs_bnb_mpi,0.809421,-3,4,255531,"[-1, -1, 2, 2, 2, 2, 1, 2, 2, 2, 1, -2, -2, -2, 1, -2, -1, -1, -2]"
980,dfs_bnb_mpi,0.005984,-4,5,1886,"[-1, -2, -2, -1, 2, 2, -1, 2, 1, 2, 1, -2, 1, 2, 2, 2, 2, 2, 2]"
981,dfs_bnb_mpi,0.056568,-4,5,18221,"[-1, -1, -1, 2, 1, 1, 2, 1, -2, 1, 1, -2, -1, -2, -1, -1, -1, -1, -1]"
982,dfs_bnb_mpi,1.95792,-3,4,588831,"[-1, -1, 2, 2, 2, 2, 2, 2, 1, -2, -2, -2, 1, -2, 1, -2, -1, -1, 2]"
983,dfs_bnb_mpi,0.101123,-3,3,33301,"[-1, -1, 2, -1, 2, 2, 2, 2, 1, -2, -2, -2, 1, -2, 1, 2, 2, 2, 2]"
984,dfs_bnb_mpi,0.525303,-4,5,169430,"[-1, -2, 1, -2, 1, 1, 2, -1, 2, 1, 2, 2, 2, -1, -2, -2, -1, 2, 2]"
985,dfs_bnb_mpi,0.041267,-4,5,13013,"[-1, -1, 2, 2, 2, 1, 2, -1, 2, 2, -1, -2, -2, -1, -1, -2, 1, 1, -2]"
986,dfs_bnb_mpi,2.05926,-3,4,640346,"[-1, -1, 2, 2, 2, 2, 1, 2, -1, -1, 2, 2, -1, -2, -2, -2, 1, -2, -1]"
987,dfs_bnb_mpi,0.041073,-4,5,13022,"[-1, -1, 2, 1, 1, 2, -1, -1, 2, 2, -1, -2, -2, -1, -1, -2, 1, 1, -2]"
988,dfs_bnb_mpi,0.09066,-4,5,28128,"[-1, -2, 1, 1, 2, 2, -1, -1, 2, -1, -2, -1, 2, -1, -2, -2, 1, 1, -2]"
989,dfs_bnb_mpi,0.143096,-3,4,43703,"[-1, -1, 2, 2, 2, -1, -2, -2, -1, -1, -2, 1, 1, -2, -2, -1, 2, -1, -1]"
990,dfs_bnb_mpi,0.037466,-2,3,11984,"[-1, -1, 2, 2, 2, 2, 2, 2, 1, -2, -2, -2, 1, 2, 2, 2, 2, 2, 2]"
991,dfs_bnb_mpi,0.004628,-4,5,1469,"[-1, -2, -2, -1, 2, 2, -1, 2, 1, 1, 2, 2, 1, -2, -2, 1, 2, 2, 2]"
992,dfs_bnb_mpi,0.810636,-2,3,246896,"[-1, -1, 2, 2, 2, 2, 2, 2, 2, 1, -2, 1, 2, 2, -1, -1, -1, -2, -2]"
993,dfs_bnb_mpi,0.026023,-4,4,8420,"[-1, -1, 2, -1, 2, 1, 1, -2, 1, 2, 1, -2, -2, -2, -1, -1, -1, -1, 2]"
994,dfs_bnb_mpi,0.009425,-2,3,2487,"[-1, -1, 2, 2, 2, 2, -1, -2, -2, -2, -2, -2, 1, 1, 1, 1, -2, -1, -1]"
995,dfs_bnb_mpi,0.441079,-5,6,137452,"[-1, -1, 2, 2, 2, -1, -2, -2, -2, -1, -2, 1, -2, -2, 1, 2, 1, 2, -1]"
996,dfs_bnb_mpi,0.123253,-4,5,39483,"[-1, -1, 2, 2, 2, -1, -1, -2, -2, -1, -2, -1, -2, 1, 1, 2, 1, 2, 2]"
997,dfs_bnb_mpi,6.28763,-3,4,2020553,"[-1, -1, 2, 2, -1, -2, -1, -1, -2, 1, -2, -1, -1, -2, 1, 1, 1, 2, 2]"
998,dfs_bnb_mpi,0.81061,-2,3,254998,"[-1, -1, 2, 2, 2, 2, 2, 2, 2, 1, 1, -2, -2, -2, -1, -2, 1, 1, 2]"
999,dfs_bnb_mpi,0.975878,-3,4,308153,"[-1, -1, 2, 2, -1, -2, -2, -2, 1, 1, 1, 1, -2, -1, -2, -1, -1, 2, 1]"
