protein_id,algorithm,time,score,checked,placed,hash
0,dfs_bnb_mpi,4.65867,-10,11,1018050,"[-1, -1, 2, 2, 2, -1, -2, -1, -1, -2, -2, -2, 1, 2, 2, 1, -2, -2, 1]"
1,dfs_bnb_mpi,0.606043,-11,10,150142,"[-1, -1, 2, 1, 1, 2, 1, -2, -2, -2, -1, -1, -1, -2, 1, 1, 1, 1, 2]"
2,dfs_bnb_mpi,4.10109,-10,11,957495,"[-1, -1, 2, 1, 2, 1, -2, 1, -2, -2, 1, -2, -1, -1, 2, -1, -1, -2, 1]"
3,dfs_bnb_mpi,4.21463,-11,12,980122,"[-1, -2, 1, 1, -2, 1, 2, 1, 2, -1, 2, 1, 2, -1, -1, -1, -2, 1, -2]"
4,dfs_bnb_mpi,0.454433,-11,11,122585,"[-1, -1, 2, 2, 1, -2, 1, 2, 1, -2, 1, 2, 2, 1, -2, -2, -2, -1, -1]"
5,dfs_bnb_mpi,0.089377,-10,11,22392,"[-1, -1, 2, 2, 1, -2, 1, 2, 2, 1, -2, 1, -2, -1, -2, -2, 1, 2, 1]"
6,dfs_bnb_mpi,2.66947,-10,11,774889,"[-1, -1, 2, 2, 1, -2, 1, 2, 2, -1, -1, 2, 2, -1, -2, -2, -2, -2, -2]"
7,dfs_bnb_mpi,1.85269,-10,11,470220,"[-1, -1, 2, 1, 2, -1, -1, -2, -2, -1, 2, 2, 2, 1, 2, 1, 1, -2, -1]"
8,dfs_bnb_mpi,2.81736,-11,11,635455,"[-1, -1, 2, 2, -1, 2, 2, 1, 2, 1, -2, 1, -2, -2, -2, -1, 2, 2, -1]"
9,dfs_bnb_mpi,4.99956,-11,12,1207160,"[-1, -2, -1, -2, 1, -2, 1, 1, 1, 2, 2, 2, 2, -1, -2, -2, -1, -2, 1]"
10,dfs_bnb_mpi,2.26489,-10,11,601181,"[-1, -1, 2, 1, 2, 2, 2, -1, -2, -2, -1, 2, -1, -1, -2, 1, -2, 1, -2]"
11,dfs_bnb_mpi,1.58644,-10,11,352776,"[-1, -2, -1, -2, 1, -2, 1, 1, 2, -1, 2, 1, 2, 2, -1, -1, -1, -2, -1]"
12,dfs_bnb_mpi,1.09838,-11,12,283223,"[-1, -1, 2, 2, 1, -2, 1, 1, -2, 1, -2, -1, -2, -1, -1, -1, 2, 1, 1]"
13,dfs_bnb_mpi,0.597079,-11,12,139199,"[-1, -2, 1, 1, 2, 2, -1, 2, 1, 1, 1, -2, -1, -2, 1, -2, -2, -1, 2]"
14,dfs_bnb_mpi,4.06322,-11,12,936181,"[-1, -2, 1, 1, 2, 2, 2, 1, 1, 1, -2, -2, -2, -1, 2, 2, -1, -2, -2]"
15,dfs_bnb_mpi,4.27009,-10,11,1114579,"[-1, -1, 2, 2, 2, 1, 2, 1, 1, -2, -2, 1, -2, -1, -1, -1, 2, 1, 2]"
16,dfs_bnb_mpi,0.669706,-10,11,177528,"[-1, -2, -1, 2, 2, 1, 1, 2, 1, -2, -2, -2, -1, -2, -2, -1, 2, -1, -1]"
17,dfs_bnb_mpi,1.47783,-11,12,399301,"[-1, -2, 1, 1, 2, 2, 2, 2, -1, -2, -2, -1, 2, 2, -1, -2, -2, -2, -2]"
18,dfs_bnb_mpi,0.796297,-10,11,183197,"[-1, -2, -2, -2, 1, 1, 1, 1, 2, 2, -1, -2, -1, -1, 2, 1, 2, 2, 2]"
19,dfs_bnb_mpi,1.9322,-11,11,515761,"[-1, -1, 2, 2, 2, 1, 2, 1, -2, -2, 1, 1, -2, -2, -1, 2, -1, -1, 2]"
20,dfs_bnb_mpi,4.02191,-10,11,1027179,"[-1, -1, 2, 1, 2, 2, 1, -2, -2, 1, 2, 1, -2, -2, -1, -2, -1, -1, -1]"
21,dfs_bnb_mpi,1.10621,-11,12,303016,"[-1, -1, 2, 1, 2, -1, -1, -2, -2, -2, 1, -2, 1, 2, 1, 1, 2, 2, -1]"
22,dfs_bnb_mpi,0.23074,-10,11,54386,"[-1, -2, 1, 1, 1, -2, -1, -1, -1, -2, 1, 1, 1, -2, -2, -1, 2, -1, -1]"
23,dfs_bnb_mpi,0.784808,-11,12,219981,"[-1, -1, 2, 1, 1, 2, -1, 2, 1, 1, -2, -2, 1, -2, -1, -2, -1, -1, -1]"
24,dfs_bnb_mpi,0.502243,-11,12,121169,"[-1, -1, -1, 2, 1, 1, 1, 1, 1, -2, -1, -2, -1, -1, -2, 1, 1, 1, 2]"
25,dfs_bnb_mpi,0.1587,-11,12,37908,"[-1, -1, 2, 2, 1, -2, 1, 2, 1, -2, -2, -2, -1, -1, -2, 1, -2, 1, 2]"
26,dfs_bnb_mpi,0.39054,-11,12,111314,"[-1, -1, 2, 2, 2, 1, -2, -2, 1, 1, 1, 2, 2, -1, 2, -1, -2, -2, 1]"
27,dfs_bnb_mpi,0.2475,-10,11,61462,"[-1, -1, 2, 1, 2, 2, 1, -2, -2, 1, 2, 2, 1, -2, -2, -2, -1, -2, 1]"
28,dfs_bnb_mpi,1.17759,-11,11,304453,"[-1, -1, 2, 1, 2, -1, 2, 1, 2, 2, 1, -2, 1, -2, -2, -2, -1, 2, 2]"
29,dfs_bnb_mpi,0.698113,-10,11,163233,"[-1, -1, 2, 2, 2, 1, 1, -2, -1, -2, 1, 1, 2, 2, 1, -2, -2, -2, -1]"
30,dfs_bnb_mpi,4.46076,-10,10,1034746,"[-1, -1, 2, -1, -2, -1, -2, 1, -2, -1, -2, -2, 1, 2, 1, 2, 2, 1, -2]"
31,dfs_bnb_mpi,3.58501,-9,10,1027799,"[-1, -1, 2, 2, 2, 1, 1, -2, -1, -2, 1, 1, 1, -2, -1, -2, -1, -1, -1]"
32,dfs_bnb_mpi,1.11682,-10,11,282357,"[-1, -1, 2, 1, 2, 2, 2, 1, -2, -2, -2, 1, -2, 1, 2, 2, 2, -1, -2]"
33,dfs_bnb_mpi,3.68763,-10,11,865698,"[-1, -1, 2, 2, 2, 1, 2, 1, 1, -2, -2, 1, -2, -1, -1, -1, 2, 1, 2]"
34,dfs_bnb_mpi,3.66009,-11,12,819832,"[-1, -2, 1, 1, 2, 1, 2, -1, -1, 2, 1, 2, -1, -1, -1, -2, 1, -2, -1]"
35,dfs_bnb_mpi,0.338754,-10,11,86668,"[-1, -1, 2, 2, 1, -2, 1, 2, 1, -2, -2, -2, -1, -1, -1, -1, 2, 2, 2]"
36,dfs_bnb_mpi,4.49231,-10,11,1040604,"[-1, -1, 2, 2, 1, -2, 1, 2, 2, 2, 1, -2, 1, -2, -1, -2, 1, -2, -1]"
37,dfs_bnb_mpi,2.67348,-11,12,663498,"[-1, -2, 1, 1, 2, 2, -1, 2, 2, 1, 1, 1, -2, -2, -2, -1, 2, 2, -1]"
38,dfs_bnb_mpi,7.17609,-10,11,1605282,"[-1, -2, -1, -1, -2, -1, 2, 2, 2, 2, 1, -2, -2, 1, 2, 2, 1, -2, 1]"
39,dfs_bnb_mpi,0.152711,-10,10,40750,"[-1, -1, 2, 2, 2, 1, -2, -2, 1, 1, 2, -1, 2, 1, 2, -1, 2, -1, -2]"
40,dfs_bnb_mpi,4.48218,-10,10,1003848,"[-1, -1, 2, 2, 2, 2, 1, 1, 2, 1, -2, -2, -1, -1, -2, -2, 1, 2, 1]"
41,dfs_bnb_mpi,2.31321,-11,12,583492,"[-1, -1, 2, 1, 2, 1, 1, 1, 1, -2, -1, -2, 1, -2, -1, -1, 2, 2, -1]"
42,dfs_bnb_mpi,1.08687,-11,12,248342,"[-1, -1, 2, 2, 2, 1, -2, -2, 1, 2, 1, -2, -2, -2, -1, -1, -2, 1, 1]"
43,dfs_bnb_mpi,0.236601,-10,11,64099,"[-1, -1, 2, 1, 1, 1, -2, -2, -1, -1, -2, 1, 1, -2, 1, 2, 2, 2, 2]"
44,dfs_bnb_mpi,0.65626,-10,10,161408,"[-1, -1, -1, -1, 2, 1, 2, -1, -1, 2, 1, 1, 1, 1, -2, -1, -2, 1, 1]"
45,dfs_bnb_mpi,0.103531,-11,12,27867,"[-1, -1, 2, 2, 1, -2, 1, 1, -2, 1, 2, 2, -1, -1, 2, -1, 2, -1, -2]"
46,dfs_bnb_mpi,1.01995,-11,12,234009,"[-1, -1, 2, 2, 1, -2, 1, 1, -2, 1, -2, -1, -2, -1, 2, -1, -1, -2, 1]"
47,dfs_bnb_mpi,4.5492,-11,12,1121584,"[-1, -2, -1, -2, 1, 1, 2, 1, 2, 2, -1, 2, 1, 1, -2, -2, -2, -2, -1]"
48,dfs_bnb_mpi,0.085136,-10,11,19788,"[-1, -2, 1, 1, 2, 1, -2, -2, -1, -1, -1, -2, 1, 1, -2, 1, 2, 1, 2]"
49,dfs_bnb_mpi,4.99732,-10,11,1134686,"[-1, -1, 2, -1, 2, -1, -2, -1, -2, -2, -2, 1, 2, 2, 1, -2, 1, -2, -1]"
50,dfs_bnb_mpi,0.433887,-11,12,105080,"[-1, -1, 2, 1, 2, -1, 2, 1, 2, 1, -2, -2, 1, 2, 1, -2, -2, -1, -1]"
51,dfs_bnb_mpi,0.607112,-10,11,160790,"[-1, -2, -2, -1, 2, 2, -1, -2, -2, -1, 2, 2, 2, 2, 1, -2, 1, 1, 2]"
52,dfs_bnb_mpi,0.382299,-10,10,89712,"[-1, -1, 2, 1, 2, 2, 1, 2, 1, 1, -2, -1, -2, -1, -2, 1, 1, 2, 1]"
53,dfs_bnb_mpi,0.118428,-11,12,32762,"[-1, -1, -1, 2, 1, 2, 1, -2, 1, 2, 1, 2, -1, -1, 2, -1, -2, -1, -2]"
54,dfs_bnb_mpi,1.98967,-10,11,449579,"[-1, -1, 2, 2, 2, 1, 2, 2, 1, -2, 1, -2, -1, -2, -1, -2, 1, 1, 2]"
55,dfs_bnb_mpi,0.593884,-11,12,166135,"[-1, -1, 2, 1, 1, 2, -1, -1, -1, -2, -1, -2, 1, -2, 1, 1, -2, 1, 2]"
56,dfs_bnb_mpi,0.158877,-10,11,37449,"[-1, -1, 2, 1, 2, 2, 1, 1, 1, -2, -1, -1, -2, 1, 1, -2, -1, -2, 1]"
57,dfs_bnb_mpi,4.3364,-10,11,1115708,"[-1, -1, 2, 1, 1, 2, -1, 2, -1, -2, -1, 2, 2, -1, -2, -2, -2, 1, -2]"
58,dfs_bnb_mpi,0.513603,-11,12,141700,"[-1, -1, 2, -1, -2, -2, 1, 1, 1, 1, 2, 2, 1, 2, -1, -1, -1, -2, 1]"
59,dfs_bnb_mpi,0.377973,-10,11,88467,"[-1, -1, 2, 2, 1, -2, 1, 1, 2, -1, 2, 1, 2, 2, -1, -2, -1, -2, -1]"
60,dfs_bnb_mpi,1.62441,-11,11,433233,"[-1, -1, 2, 1, 1, 2, 2, 2, -1, -1, 2, -1, -2, -2, -2, 1, 2, 1, -2]"
61,dfs_bnb_mpi,1.64911,-11,12,384946,"[-1, -2, -1, -2, 1, 1, 2, 1, -2, 1, -2, -1, -2, -1, 2, -1, -1, -2, 1]"
62,dfs_bnb_mpi,0.273042,-9,10,71143,"[-1, -1, 2, 1, 1, 2, 2, -1, -2, -1, -1, -2, -2, -1, -2, 1, 1, 1, 1]"
63,dfs_bnb_mpi,0.84677,-11,11,198462,"[-1, -1, 2, 2, 2, 1, 2, 1, 2, 1, -2, -2, -1, -2, -1, -2, 1, 1, 2]"
64,dfs_bnb_mpi,4.29176,-10,11,982754,"[-1, -1, 2, 2, 1, -2, 1, 2, 2, 2, 1, 1, -2, -1, -2, 1, -2, -1, -2]"
65,dfs_bnb_mpi,0.220551,-10,10,61847,"[-1, -1, 2, 1, 2, -1, -1, -2, -2, -1, 2, -1, 2, 1, 2, 1, 1, 1, 2]"
66,dfs_bnb_mpi,0.435973,-11,12,114011,"[-1, -1, 2, -1, -2, -2, 1, 1, -2, -1, -1, -2, 1, 1, 1, 1, 2, -1, 2]"
67,dfs_bnb_mpi,4.38962,-10,11,1001574,"[-1, -1, 2, 2, 1, -2, 1, 2, 2, 1, 2, 1, -2, -2, -1, -2, 1, -2, -1]"
68,dfs_bnb_mpi,1.57144,-10,11,421572,"[-1, -1, 2, 2, 2, 2, 1, -2, 1, 2, 1, 1, -2, -1, -2, -1, -2, -1, 2]"
69,dfs_bnb_mpi,4.43914,-10,11,1054806,"[-1, -1, 2, 2, 2, 2, 1, 2, 1, -2, 1, -2, -2, -1, 2, -1, -2, -2, 1]"
70,dfs_bnb_mpi,1.1764,-11,12,270473,"[-1, -1, 2, -1, 2, 1, 2, 1, 1, 1, -2, -1, -1, -2, 1, 1, 1, 2, 2]"
71,dfs_bnb_mpi,0.194738,-9,10,52825,"[-1, -1, 2, 2, 1, -2, 1, 2, 2, 1, -2, 1, -2, -1, -2, 1, 1, 2, 2]"
72,dfs_bnb_mpi,1.33158,-11,12,352386,"[-1, -2, 1, 1, -2, -1, -2, -1, 2, -1, 2, -1, 2, 1, 2, 1, 1, 1, -2]"
73,dfs_bnb_mpi,8.84049,-9,10,1989590,"[-1, -1, 2, 2, -1, -1, -1, -1, -2, 1, 1, 1, -2, -1, -1, -1, -2, 1, 1]"
74,dfs_bnb_mpi,0.387577,-10,11,103063,"[-1, -1, 2, 1, 2, 1, -2, 1, 2, 1, -2, -2, -1, -2, -2, -1, 2, -1, -1]"
75,dfs_bnb_mpi,0.346012,-10,11,89199,"[-1, -1, 2, 2, 2, 2, 1, -2, -2, -2, 1, 1, 2, -1, 2, 2, 1, -2, 1]"
76,dfs_bnb_mpi,0.976653,-10,10,222867,"[-1, -1, 2, 2, 2, 2, 2, 1, -2, 1, -2, -1, -2, -2, 1, 2, 1, 2, 2]"
77,dfs_bnb_mpi,1.79873,-10,11,450599,"[-1, -1, 2, 2, 2, 2, 1, -2, 1, 2, 1, -2, -2, -1, -1, -2, 1, 1, -2]"
78,dfs_bnb_mpi,4.35641,-10,11,977703,"[-1, -1, 2, 2, -1, -2, -2, -1, -1, -2, -2, 1, 2, 1, 1, 1, -2, -1, -1]"
79,dfs_bnb_mpi,4.45943,-10,11,1123044,"[-1, -1, 2, 2, 2, 1, 1, -2, 1, 2, 1, -2, -2, -2, -1, 2, -1, -1, 2]"
80,dfs_bnb_mpi,5.2812,-10,11,1175258,"[-1, -1, 2, -1, -1, -2, 1, -2, 1, 1, -2, -2, -1, 2, -1, -2, -1, 2, 2]"
81,dfs_bnb_mpi,0.450963,-11,12,112221,"[-1, -1, 2, 2, 2, 1, -2, -2, 1, 1, 2, -1, 2, 2, 2, -1, -1, -2, 1]"
82,dfs_bnb_mpi,4.78992,-10,11,1063412,"[-1, -1, 2, -1, -1, -2, 1, -2, -1, -2, -2, 1, 2, 1, 2, 1, -2, -2, -1]"
83,dfs_bnb_mpi,1.22258,-11,12,306746,"[-1, -2, -1, 2, 2, 1, 2, 1, -2, 1, 2, 2, 1, -2, -2, -2, -1, -2, -1]"
84,dfs_bnb_mpi,3.92451,-11,12,978545,"[-1, -2, -1, -2, 1, 1, 2, 1, -2, -2, -2, -2, -1, -1, 2, 1, 2, -1, -1]"
85,dfs_bnb_mpi,1.94261,-10,11,448509,"[-1, -1, 2, 1, 2, 2, 2, 1, -2, 1, -2, -1, -2, 1, -2, -2, -1, -1, -1]"
86,dfs_bnb_mpi,0.228907,-11,12,56998,"[-1, -1, 2, 2, 1, -2, 1, 2, 2, 1, -2, -2, -2, 1, 2, 1, 2, -1, 2]"
87,dfs_bnb_mpi,0.57093,-10,11,157155,"[-1, -1, 2, 2, 2, 1, -2, -2, 1, 2, 1, -2, -2, -2, -2, -1, -1, 2, 1]"
88,dfs_bnb_mpi,3.49158,-10,11,939413,"[-1, -1, 2, -1, -1, -1, -2, 1, 1, -2, 1, -2, -1, -2, -1, 2, 2, -1, -2]"
89,dfs_bnb_mpi,2.65787,-10,11,668537,"[-1, -1, 2, 2, 2, 2, 2, 1, -2, 1, 1, -2, -2, -1, -2, -1, 2, 2, 1]"
90,dfs_bnb_mpi,4.57141,-10,11,1028400,"[-1, -1, 2, 1, 2, 2, 1, 2, 1, -2, -2, -1, -2, 1, -2, -2, -1, -1, -1]"
91,dfs_bnb_mpi,0.267554,-11,12,68174,"[-1, -1, 2, 2, 2, 1, 1, -2, -1, -2, 1, 1, 1, 2, 2, 2, -1, -2, -2]"
92,dfs_bnb_mpi,5.60742,-10,11,1264098,"[-1, -2, 1, 1, 1, -2, -2, -1, -2, -1, 2, -1, -2, -1, 2, 2, 1, 1, 1]"
93,dfs_bnb_mpi,0.38685,-11,12,99463,"[-1, -1, -1, -1, 2, 1, 1, 1, 2, -1, -1, 2, 1, 1, 1, -2, 1, -2, -1]"
94,dfs_bnb_mpi,2.25927,-11,11,583865,"[-1, -2, 1, 1, 2, 2, 2, 2, -1, -1, 2, -1, -2, -2, -2, 1, 2, 1, -2]"
95,dfs_bnb_mpi,4.91463,-11,12,1107499,"[-1, -2, -2, -1, -1, 2, -1, 2, 2, 2, 1, 1, 1, -2, -1, -1, -2, 1, -2]"
96,dfs_bnb_mpi,0.242552,-10,11,61021,"[-1, -1, 2, -1, 2, 2, 1, -2, 1, -2, 1, 2, 1, -2, -2, -2, -1, -1, -1]"
97,dfs_bnb_mpi,1.69186,-11,12,406356,"[-1, -2, -2, -2, 1, 2, 2, 1, 2, 2, 1, -2, -2, -2, 1, -2, -1, -1, 2]"
98,dfs_bnb_mpi,1.7105,-10,10,457406,"[-1, -1, 2, 2, 1, -2, 1, 1, 2, -1, 2, -1, 2, -1, -2, -1, -2, -2, -2]"
99,dfs_bnb_mpi,1.53092,-11,12,380285,"[-1, -1, 2, 1, 2, 1, -2, 1, 1, -2, -1, -2, -1, -1, -2, 1, 1, 1, 2]"
100,dfs_bnb_mpi,0.411218,-10,10,100464,"[-1, -1, -1, 2, 1, 2, 1, -2, 1, 2, 1, -2, -2, -2, -1, -1, -1, -1, -1]"
101,dfs_bnb_mpi,0.68045,-11,12,173503,"[-1, -1, 2, 2, 1, -2, 1, 1, -2, -2, -1, -1, -1, -2, 1, -2, 1, 2, 1]"
102,dfs_bnb_mpi,1.42781,-11,12,344075,"[-1, -2, 1, 1, 2, 2, -1, 2, 1, 2, 1, 1, -2, -1, -2, 1, -2, -1, -2]"
103,dfs_bnb_mpi,0.653406,-9,10,150877,"[-1, -1, 2, 2, -1, -2, -1, 2, 2, 1, 1, 1, -2, -2, 1, 2, 1, -2, 1]"
104,dfs_bnb_mpi,3.2021,-10,11,818934,"[-1, -1, 2, -1, -2, -1, 2, 2, 2, 1, -2, 1, 2, 1, 1, -2, -1, -2, 1]"
105,dfs_bnb_mpi,0.927301,-11,12,256908,"[-1, -1, 2, 2, 1, -2, 1, 1, 2, -1, 2, 2, -1, -2, -1, -1, -2, -2, -2]"
106,dfs_bnb_mpi,3.83026,-11,11,1020293,"[-1, -2, -2, -1, 2, -1, 2, 1, 2, 1, 1, 1, 1, -2, -1, -2, -1, -2, 1]"
107,dfs_bnb_mpi,2.21951,-11,12,580150,"[-1, -1, 2, 1, 2, 2, 1, 2, 1, -2, 1, -2, -2, -2, -1, 2, 2, -1, -2]"
108,dfs_bnb_mpi,0.231423,-10,10,58836,"[-1, -1, 2, 2, 2, 1, 1, -2, -1, -2, 1, 1, 2, 1, 2, -1, 2, -1, 2]"
109,dfs_bnb_mpi,4.74151,-10,11,1118326,"[-1, -1, 2, 2, -1, 2, -1, -1, -1, -2, -2, 1, -2, 1, 1, 2, -1, 2, -1]"
110,dfs_bnb_mpi,0.501984,-11,12,138298,"[-1, -1, 2, 1, 1, 2, 2, -1, -2, -1, -1, -2, -1, -2, 1, -2, 1, 1, 1]"
111,dfs_bnb_mpi,0.556585,-11,12,134981,"[-1, -2, 1, 1, 2, 1, -2, 1, -2, -1, -2, -1, 2, -1, -1, -2, 1, -2, 1]"
112,dfs_bnb_mpi,0.921486,-10,11,208987,"[-1, -1, 2, 1, 2, -1, 2, -1, -1, -2, 1, -2, -1, -2, 1, -2, 1, 1, 1]"
113,dfs_bnb_mpi,1.64577,-11,12,424604,"[-1, -2, 1, 1, 2, 2, 1, 1, -2, -1, -2, -2, -2, -1, -1, -1, 2, 1, 1]"
114,dfs_bnb_mpi,7.60284,-9,10,1921827,"[-1, -1, 2, 2, 2, 1, 2, 2, 1, 1, -2, -1, -2, 1, -2, -1, -1, -2, 1]"
115,dfs_bnb_mpi,0.110455,-10,11,28043,"[-1, -1, 2, 1, 1, 1, -2, -2, -1, -1, -1, -2, 1, 1, -2, 1, 2, 1, 2]"
116,dfs_bnb_mpi,0.404482,-11,12,99371,"[-1, -1, 2, 2, 1, -2, 1, 2, 2, 1, 1, -2, -1, -2, 1, -2, -1, -2, -1]"
117,dfs_bnb_mpi,0.329512,-10,11,85597,"[-1, -1, 2, 1, 1, 2, 1, 1, -2, -1, -2, 1, -2, -1, -2, -1, 2, -1, -1]"
118,dfs_bnb_mpi,0.601395,-11,12,165434,"[-1, -1, 2, 2, 1, -2, 1, 2, 2, 1, 1, -2, 1, -2, -1, -2, -1, 2, 2]"
119,dfs_bnb_mpi,2.08278,-11,12,547871,"[-1, -2, -1, -2, 1, 1, 2, 1, 2, 1, 1, -2, -2, -2, -1, -1, 2, 1, 2]"
120,dfs_bnb_mpi,2.72994,-9,10,610183,"[-1, -1, 2, 2, -1, -1, 2, -1, -2, -1, -2, 1, 1, 1, -2, -1, -1, -2, 1]"
121,dfs_bnb_mpi,1.06895,-11,12,239020,"[-1, -1, 2, 2, 2, 1, 1, 1, 1, -2, -1, -1, -1, -2, 1, 1, 1, -2, -1]"
122,dfs_bnb_mpi,0.973908,-10,11,238826,"[-1, -1, 2, 2, 2, 2, 1, -2, 1, 2, 2, 1, -2, -2, -2, -1, -2, -1, 2]"
123,dfs_bnb_mpi,4.22679,-11,12,973224,"[-1, -2, 1, 1, 2, 1, -2, -2, -2, -2, -1, -1, -1, 2, 2, 1, 1, -2, -1]"
124,dfs_bnb_mpi,0.327062,-11,12,87808,"[-1, -2, -1, 2, 2, 1, 2, 1, -2, 1, 2, 1, -2, -2, -1, -2, -1, -2, -1]"
125,dfs_bnb_mpi,1.21234,-11,12,296371,"[-1, -1, 2, 1, 2, 1, -2, 1, -2, -2, 1, -2, -1, -1, -1, -1, 2, 1, 1]"
126,dfs_bnb_mpi,1.13872,-11,12,291833,"[-1, -1, 2, 1, 2, 2, 1, -2, 1, 2, 1, 1, -2, -1, -2, -2, -1, 2, -1]"
127,dfs_bnb_mpi,1.16228,-11,12,275830,"[-1, -1, 2, 1, 1, 1, -2, -2, 1, -2, -1, -2, -1, 2, 2, -1, -1, -2, 1]"
128,dfs_bnb_mpi,0.10902,-9,9,25253,"[-1, -1, 2, 1, 1, 2, -1, -1, -1, -2, -2, -2, 1, 1, 1, 1, 2, 2, 2]"
129,dfs_bnb_mpi,2.847,-11,12,760823,"[-1, -2, 1, -2, 1, 2, 2, 2, 1, 1, 1, -2, -2, -1, -2, -1, 2, 2, 1]"
130,dfs_bnb_mpi,1.82389,-11,12,414142,"[-1, -2, -1, -2, 1, 1, 2, 1, 2, 1, -2, -2, -1, -2, 1, -2, -1, -1, 2]"
131,dfs_bnb_mpi,5.28951,-10,11,1197250,"[-1, -1, 2, 1, 1, 2, 1, -2, 1, 2, 1, -2, -2, -2, -1, 2, -1, -2, -1]"
132,dfs_bnb_mpi,4.19313,-9,10,1023092,"[-1, -2, 1, 1, 2, 1, 1, 1, -2, -1, -1, -2, 1, -2, -1, -1, -1, 2, 1]"
133,dfs_bnb_mpi,0.434135,-10,11,116872,"[-1, -1, 2, 2, 1, -2, 1, 2, 2, 1, -2, 1, 1, -2, -1, -1, -2, 1, 1]"
134,dfs_bnb_mpi,0.844336,-10,11,227730,"[-1, -1, 2, 1, 2, 2, 1, -2, -2, 1, -2, -2, 1, 2, 2, 2, -1, 2, 2]"
135,dfs_bnb_mpi,6.68852,-9,9,1519540,"[-1, -1, 2, 2, 2, 2, 2, 2, 1, 1, -2, -2, -1, -2, 1, -2, -1, -2, 1]"
136,dfs_bnb_mpi,0.669713,-11,12,162588,"[-1, -2, 1, 1, 2, 1, -2, -2, -2, -2, -1, 2, 2, -1, -2, -1, 2, -1, 2]"
137,dfs_bnb_mpi,5.27393,-10,11,1199000,"[-1, -1, 2, -1, -2, -1, 2, -1, -2, -1, -2, -2, 1, 2, 1, -2, 1, 2, 1]"
138,dfs_bnb_mpi,7.65639,-10,11,1734889,"[-1, -2, -1, 2, 2, -1, 2, 2, 2, 1, 1, -2, 1, -2, -2, -1, 2, -1, 2]"
139,dfs_bnb_mpi,1.05908,-11,12,290295,"[-1, -1, -1, 2, 1, 2, 1, -2, 1, 2, 1, 1, -2, -1, -2, -2, -1, -1, -1]"
140,dfs_bnb_mpi,0.446031,-11,12,120443,"[-1, -2, -1, 2, 2, 2, 1, -2, 1, 2, 1, -2, 1, -2, -1, -2, -1, -2, -1]"
141,dfs_bnb_mpi,2.17707,-10,11,585516,"[-1, -1, 2, 2, 1, -2, 1, 1, -2, -2, -1, -1, -1, -1, -2, 1, 1, 1, 1]"
142,dfs_bnb_mpi,2.88282,-10,10,794173,"[-1, -1, 2, 2, 2, 1, 1, -2, 1, 2, 1, 1, -2, -1, -2, -1, -1, -1, 2]"
143,dfs_bnb_mpi,0.383738,-10,10,89561,"[-1, -1, 2, 2, 2, 2, 1, -2, 1, 1, -2, -1, -1, -2, 1, 1, -2, 1, 2]"
144,dfs_bnb_mpi,1.70196,-11,12,392091,"[-1, -2, 1, -2, 1, 2, 2, 2, 1, -2, -2, 1, 2, 2, 2, -1, -1, -1, -2]"
145,dfs_bnb_mpi,5.32344,-11,12,1222313,"[-1, -2, -2, -2, 1, 1, -2, 1, 2, 1, 2, 2, -1, -2, -1, -1, 2, 1, 2]"
146,dfs_bnb_mpi,1.45383,-9,10,380816,"[-1, -1, 2, 1, 2, -1, 2, 1, 1, 2, 1, -2, 1, -2, -1, -1, -2, 1, 1]"
147,dfs_bnb_mpi,1.52477,-11,12,392056,"[-1, -2, -1, 2, -1, 2, 1, 2, 1, -2, 1, 2, 1, -2, -2, 1, -2, -1, -1]"
148,dfs_bnb_mpi,0.207633,-11,11,58276,"[-1, -1, -1, 2, 2, 2, 1, -2, -2, 1, 2, 2, 2, 1, -2, 1, -2, -1, -2]"
149,dfs_bnb_mpi,1.54864,-10,11,371753,"[-1, -2, -1, -2, 1, 1, 2, 1, 2, 1, 1, -2, -1, -2, -1, -2, -1, -1, -1]"
150,dfs_bnb_mpi,1.24463,-10,11,345727,"[-1, -1, 2, 2, 2, 1, -2, -2, 1, 2, 1, 2, -1, 2, -1, -1, -1, -2, -2]"
151,dfs_bnb_mpi,2.42889,-11,12,600432,"[-1, -1, 2, 1, 2, 2, 2, 1, -2, -2, 1, 2, 1, -2, -2, -2, -1, 2, -1]"
152,dfs_bnb_mpi,5.14768,-10,11,1143861,"[-1, -1, 2, -1, -1, 2, 1, 1, 2, 1, 1, 1, -2, -1, -1, -2, 1, 1, -2]"
153,dfs_bnb_mpi,0.096391,-10,10,23713,"[-1, -1, 2, 1, 1, 2, 2, -1, -2, -1, 2, -1, -2, -2, -1, -2, 1, -2, 1]"
154,dfs_bnb_mpi,1.51627,-11,12,341290,"[-1, -2, 1, 1, 2, 1, 1, -2, -1, -2, -2, -1, 2, -1, -1, -1, -2, 1, 1]"
155,dfs_bnb_mpi,0.392994,-10,11,96156,"[-1, -1, 2, 1, 2, -1, 2, 1, 2, 2, 1, -2, -2, -2, -2, 1, 2, 2, 2]"
156,dfs_bnb_mpi,0.466606,-11,12,120419,"[-1, -2, 1, 1, -2, -1, -2, -1, 2, -1, 2, 2, 2, 1, 2, 1, -2, 1, -2]"
157,dfs_bnb_mpi,0.128786,-10,11,32813,"[-1, -1, 2, 1, 1, 2, 2, -1, -2, -1, -1, -2, -2, -2, 1, -2, 1, 2, 1]"
158,dfs_bnb_mpi,0.201082,-9,10,49945,"[-1, -1, 2, 2, 1, -2, 1, 2, 2, 1, -2, 1, -2, -1, -2, 1, 1, 2, 2]"
159,dfs_bnb_mpi,1.85331,-9,10,410069,"[-1, -1, 2, -1, -2, -2, -1, -2, 1, 1, 2, 1, 1, -2, -1, -2, -1, -1, -1]"
160,dfs_bnb_mpi,3.37519,-11,12,870924,"[-1, -2, 1, -2, 1, 2, 1, 2, 2, 2, -1, -1, 2, -1, -2, -2, 1, 1, -2]"
161,dfs_bnb_mpi,1.6761,-10,11,388842,"[-1, -2, -1, -2, -2, -1, -2, 1, 1, 2, 2, 1, 2, 1, -2, -2, -1, -2, 1]"
162,dfs_bnb_mpi,3.18929,-11,12,834311,"[-1, -2, 1, 1, 1, 1, 1, 2, 2, -1, -1, 2, -1, -1, -2, 1, -2, 1, 1]"
163,dfs_bnb_mpi,3.04564,-9,9,828425,"[-1, -1, 2, 2, 2, -1, -2, -1, -2, 1, -2, -1, -1, -2, 1, -2, 1, 2, 1]"
164,dfs_bnb_mpi,4.06369,-10,11,936181,"[-1, -1, 2, 2, 1, -2, 1, 2, 1, 1, -2, -1, -2, 1, -2, -1, -1, -1, -1]"
165,dfs_bnb_mpi,0.500084,-10,11,116354,"[-1, -2, 1, 1, 1, 2, -1, 2, 2, -1, -2, -1, 2, -1, -2, -2, -2, -1, 2]"
166,dfs_bnb_mpi,2.45251,-10,11,627347,"[-1, -1, 2, 1, 1, 1, 2, 1, -2, -2, -1, -2, -1, -1, -2, 1, 1, 1, 2]"
167,dfs_bnb_mpi,4.02283,-10,11,981942,"[-1, -1, 2, 1, 1, 2, 1, -2, -2, -2, 1, -2, -1, -1, 2, -1, -1, -2, 1]"
168,dfs_bnb_mpi,0.1103,-9,10,25902,"[-1, -1, 2, 2, -1, -2, -2, -1, 2, 2, 2, 1, 1, 1, -2, -2, 1, 2, 2]"
169,dfs_bnb_mpi,1.55441,-11,12,352369,"[-1, -2, -1, -2, 1, -2, -2, 1, 2, 2, 2, 1, -2, -2, 1, 2, 2, 2, -1]"
170,dfs_bnb_mpi,0.502481,-10,11,132917,"[-1, -1, 2, 2, 2, 1, -2, -2, 1, 1, 2, -1, 2, 2, 2, -1, -1, -2, 1]"
171,dfs_bnb_mpi,1.91411,-10,11,431185,"[-1, -1, 2, -1, 2, 2, 2, 1, 1, -2, -1, -2, 1, -2, 1, 2, 2, 1, -2]"
172,dfs_bnb_mpi,2.31858,-9,9,640121,"[-1, -1, 2, 2, 1, -2, 1, 2, 2, -1, -1, 2, -1, -2, -2, -2, -1, -2, 1]"
173,dfs_bnb_mpi,4.28283,-10,11,1021141,"[-1, -1, 2, 2, 1, -2, 1, 1, -2, -2, 1, -2, -1, -1, 2, -1, -1, -2, 1]"
174,dfs_bnb_mpi,5.20603,-10,11,1294191,"[-1, -1, 2, -1, -2, -1, -2, 1, 1, 1, -2, -1, -1, -2, 1, 1, 1, 2, 2]"
175,dfs_bnb_mpi,0.38395,-11,11,100430,"[-1, -2, 1, 1, -2, -1, -1, -1, -1, 2, 1, 2, 2, 2, 1, -2, 1, 1, -2]"
176,dfs_bnb_mpi,0.174772,-11,12,44589,"[-1, -1, 2, -1, 2, 1, 1, -2, 1, 2, 2, 2, -1, -2, -1, 2, -1, -2, -1]"
177,dfs_bnb_mpi,0.168118,-11,11,39714,"[-1, -1, 2, 1, 1, 1, 1, -2, -1, -2, -1, -1, -2, 1, -2, 1, 2, 1, 2]"
178,dfs_bnb_mpi,0.359099,-10,11,87100,"[-1, -1, 2, 1, 2, -1, -1, -1, -1, -2, -2, 1, 2, 1, -2, -2, 1, 1, 1]"
179,dfs_bnb_mpi,0.357038,-10,11,86709,"[-1, -1, 2, 1, 2, -1, -1, -2, -2, -1, -2, 1, 1, 1, 1, -2, -1, -1, -1]"
180,dfs_bnb_mpi,0.836549,-11,11,201563,"[-1, -2, -1, -1, 2, 1, 2, 1, 2, -1, -1, -2, -1, 2, -1, -2, -2, 1, -2]"
181,dfs_bnb_mpi,1.09475,-10,11,257367,"[-1, -1, 2, 2, 2, 1, 2, 2, 1, -2, -2, 1, -2, -1, -1, -2, 1, 1, 1]"
182,dfs_bnb_mpi,4.53139,-10,10,1041623,"[-1, -1, 2, 2, 2, 2, 1, 1, 2, 1, -2, -2, -2, -1, 2, -1, -2, -2, 1]"
183,dfs_bnb_mpi,0.456291,-10,11,107012,"[-1, -1, 2, 2, 2, 1, -2, -2, 1, 1, 2, -1, 2, 1, 2, -1, -1, -1, 2]"
184,dfs_bnb_mpi,0.80475,-10,11,191089,"[-1, -1, 2, 2, 2, -1, -2, -2, -1, -2, 1, -2, 1, 1, -2, -1, -1, -1, 2]"
185,dfs_bnb_mpi,3.95964,-10,11,1043968,"[-1, -1, 2, 2, 1, -2, 1, 1, 2, -1, 2, -1, 2, -1, -2, -1, -2, -2, -2]"
186,dfs_bnb_mpi,0.559396,-10,11,135482,"[-1, -1, 2, 2, 2, 2, 1, -2, 1, -2, -1, -2, 1, 1, 2, 2, 2, -1, 2]"
187,dfs_bnb_mpi,2.0489,-10,11,495553,"[-1, -1, 2, 2, 1, -2, 1, 2, 2, 1, -2, 1, -2, -1, -2, -2, -1, -1, -1]"
188,dfs_bnb_mpi,0.40301,-10,11,104789,"[-1, -1, 2, 2, -1, -2, -2, -2, 1, 1, 1, 1, 2, 2, 2, -1, -2, -1, 2]"
189,dfs_bnb_mpi,0.473142,-11,12,123489,"[-1, -2, 1, 1, 2, 1, -2, -2, -1, -1, -1, -2, -2, -2, 1, 2, 1, 2, -1]"
190,dfs_bnb_mpi,2.6977,-11,12,646822,"[-1, -1, 2, 1, 2, 1, -2, 1, -2, 1, -2, -1, -2, -1, 2, -1, -1, -2, 1]"
191,dfs_bnb_mpi,5.30295,-10,11,1174565,"[-1, -1, -1, 2, 1, 1, 1, 2, -1, 2, 1, 1, 1, -2, -1, -2, 1, -2, -1]"
192,dfs_bnb_mpi,2.91452,-11,12,790972,"[-1, -2, -2, -2, 1, 2, 1, -2, 1, 2, 2, 2, 2, 2, -1, -2, -2, -2, -1]"
193,dfs_bnb_mpi,0.347413,-11,12,86479,"[-1, -2, -1, 2, -1, -1, 2, 1, 2, 1, -2, 1, 2, 1, -2, 1, -2, -2, -1]"
194,dfs_bnb_mpi,1.94274,-10,11,441197,"[-1, -1, 2, 2, -1, -1, -1, -2, -1, -2, -2, 1, 2, 1, 2, 1, -2, -2, -1]"
195,dfs_bnb_mpi,0.649532,-10,11,148500,"[-1, -1, 2, 2, 1, -2, 1, 1, 2, -1, 2, -1, -1, -1, -2, -2, -1, -2, 1]"
196,dfs_bnb_mpi,1.85888,-10,11,494044,"[-1, -1, 2, 2, 2, 1, -2, -2, 1, 2, 1, 2, 2, 2, -1, -1, -2, 1, -2]"
197,dfs_bnb_mpi,4.53109,-10,11,1058191,"[-1, -1, 2, 2, -1, -1, -1, -2, 1, 1, -2, -1, -2, 1, 1, 1, -2, -1, -1]"
198,dfs_bnb_mpi,1.82654,-10,11,435041,"[-1, -1, 2, 2, 2, 1, -2, -2, 1, 2, 1, 2, -1, 2, 2, -1, -1, -2, 1]"
199,dfs_bnb_mpi,1.84248,-11,12,449939,"[-1, -2, -1, -2, 1, 1, 2, 1, 2, 1, 1, -2, -1, -2, -1, -2, -1, -1, -1]"
200,dfs_bnb_mpi,4.11018,-10,11,1115463,"[-1, -1, 2, 2, 2, 2, 1, -2, 1, -2, 1, 1, -2, -2, -1, 2, -1, -1, 2]"
201,dfs_bnb_mpi,4.03518,-10,11,1043167,"[-1, -1, 2, -1, 2, -1, -2, -1, -2, 1, 1, -2, -1, -1, -2, 1, 1, 1, 2]"
202,dfs_bnb_mpi,3.97489,-10,11,921714,"[-1, -1, 2, 2, -1, 2, 1, 2, 2, 1, 1, -2, -1, -2, 1, -2, -1, -2, 1]"
203,dfs_bnb_mpi,1.18163,-10,11,313264,"[-1, -2, -1, 2, 2, 1, 2, -1, -1, -1, -1, -2, -2, 1, 2, 1, -2, -2, -1]"
204,dfs_bnb_mpi,0.564123,-11,12,145682,"[-1, -2, -1, 2, 2, 1, 1, 1, -2, 1, -2, -2, -1, 2, -1, -2, -2, -1, 2]"
205,dfs_bnb_mpi,0.982394,-11,12,265928,"[-1, -1, 2, 1, 2, 1, -2, 1, -2, 1, -2, -1, -2, -1, -1, -1, 2, 1, 1]"
206,dfs_bnb_mpi,0.697382,-11,12,172306,"[-1, -2, 1, 1, 1, -2, -2, -2, -1, 2, 2, -1, -1, -1, -2, 1, -2, 1, 2]"
207,dfs_bnb_mpi,0.058557,-10,10,14191,"[-1, -1, 2, 2, 2, 1, 1, -2, -1, -2, 1, 1, 2, 1, 2, -1, 2, -1, 2]"
208,dfs_bnb_mpi,0.60114,-11,11,153340,"[-1, -1, 2, 1, 1, 1, 1, -2, -1, -2, 1, -2, -1, -1, -2, -1, 2, 2, 1]"
209,dfs_bnb_mpi,1.75152,-10,11,450451,"[-1, -1, 2, 2, 2, -1, -2, -1, -2, 1, -2, -1, -1, 2, 2, 2, 2, 1, -2]"
210,dfs_bnb_mpi,3.96201,-11,11,1013462,"[-1, -2, -2, -1, 2, 2, -1, 2, 1, 2, 1, -2, 1, 1, -2, -2, -1, -2, 1]"
211,dfs_bnb_mpi,0.700616,-10,11,180801,"[-1, -1, 2, 2, 1, -2, 1, 2, 2, -1, -1, -1, -2, -2, -1, -2, 1, -2, 1]"
212,dfs_bnb_mpi,0.838488,-11,12,224353,"[-1, -1, -1, 2, 1, 1, 2, -1, 2, 1, 2, 1, 1, -2, -1, -2, 1, -2, -1]"
213,dfs_bnb_mpi,0.503811,-10,11,129371,"[-1, -2, 1, 1, 1, -2, -1, -1, -2, 1, 1, -2, -1, -1, -1, 2, 2, -1, 2]"
214,dfs_bnb_mpi,5.11077,-11,12,1172961,"[-1, -2, -1, -2, 1, -2, 1, -2, 1, 2, 1, 2, 2, 2, -1, -2, -1, -2, 1]"
215,dfs_bnb_mpi,0.156766,-10,10,40162,"[-1, -1, 2, 2, 1, -2, 1, 2, 2, 1, -2, -2, -2, 1, 1, 2, -1, 2, 2]"
216,dfs_bnb_mpi,2.65806,-11,12,719714,"[-1, -1, -1, 2, 1, 1, 2, -1, -1, -1, 2, 1, 2, 1, -2, 1, 1, -2, -2]"
217,dfs_bnb_mpi,1.57222,-11,11,378700,"[-1, -2, 1, 1, 2, 2, -1, 2, 2, -1, -1, -2, 1, -2, -1, -1, -2, 1, -2]"
218,dfs_bnb_mpi,1.86084,-10,11,428174,"[-1, -1, 2, 2, 2, 1, 2, 2, 1, -2, 1, -2, -1, -2, -1, -2, 1, 1, 2]"
219,dfs_bnb_mpi,1.41288,-9,10,322305,"[-1, -1, 2, 2, 2, 1, 2, 1, 1, -2, -1, -2, -1, -2, 1, 1, 2, 1, 2]"
220,dfs_bnb_mpi,1.49791,-11,12,385661,"[-1, -2, 1, 1, 1, 2, -1, 2, 1, 1, -2, -2, -2, -1, -1, -1, -2, 1, 1]"
221,dfs_bnb_mpi,0.377456,-10,11,95178,"[-1, -1, 2, 1, 1, 2, -1, -1, -1, -1, -2, 1, -2, -2, 1, 1, 1, 1, 2]"
222,dfs_bnb_mpi,1.56046,-11,12,390774,"[-1, -1, 2, 1, 2, 1, -2, 1, -2, -2, -1, -1, -1, -2, -2, 1, 2, 1, -2]"
223,dfs_bnb_mpi,4.44654,-10,11,1018659,"[-1, -1, 2, 1, 1, 1, 1, 1, -2, -2, -1, 2, -1, -2, -1, -1, -2, 1, 1]"
224,dfs_bnb_mpi,1.08117,-11,12,265130,"[-1, -1, 2, 1, 2, 1, -2, 1, -2, 1, -2, -2, -1, 2, -1, -2, -1, 2, -1]"
225,dfs_bnb_mpi,1.39097,-11,12,357868,"[-1, -2, 1, 1, -2, -1, -1, -2, 1, 1, 1, -2, -2, -1, 2, -1, -1, -2, 1]"
226,dfs_bnb_mpi,1.12966,-11,12,284508,"[-1, -1, 2, 1, 2, 2, 1, -2, 1, 2, 2, 1, -2, -2, -2, -2, -1, 2, -1]"
227,dfs_bnb_mpi,3.09818,-11,12,798964,"[-1, -2, 1, 1, 2, 1, 1, -2, -2, -2, -1, -1, -1, -1, 2, 1, 1, 1, 2]"
228,dfs_bnb_mpi,1.11739,-11,11,303369,"[-1, -1, 2, 1, 1, 1, -2, 1, 2, 2, -1, -1, 2, 2, -1, -2, -1, -2, 1]"
229,dfs_bnb_mpi,3.88742,-10,11,1097589,"[-1, -2, 1, 1, 1, -2, -1, -1, -1, -2, 1, -2, -2, 1, 1, 2, 2, -1, -2]"
230,dfs_bnb_mpi,1.11272,-11,12,290533,"[-1, -2, 1, 1, 2, 1, -2, 1, -2, -2, -1, 2, -1, -2, -2, -1, 2, 2, -1]"
231,dfs_bnb_mpi,4.2647,-10,10,1012916,"[-1, -1, 2, 2, 2, 1, 2, 1, 1, -2, -2, 1, -2, -1, -1, -1, 2, 1, 2]"
232,dfs_bnb_mpi,1.93474,-10,11,562605,"[-1, -1, 2, 2, -1, -2, -1, 2, 2, 1, 1, 1, 2, 1, -2, -2, -1, -2, 1]"
233,dfs_bnb_mpi,4.05275,-10,11,954317,"[-1, -1, 2, 2, 1, -2, 1, 2, 1, -2, -2, -2, -2, -1, 2, -1, -1, -2, 1]"
234,dfs_bnb_mpi,1.96915,-11,12,513695,"[-1, -2, 1, 1, -2, -1, -2, -2, -1, 2, -1, -2, -1, 2, 2, 2, 1, -2, 1]"
235,dfs_bnb_mpi,0.518438,-10,10,135563,"[-1, -1, 2, 2, 1, -2, 1, 2, 2, -1, -1, -1, -2, -1, -2, 1, -2, -2, 1]"
236,dfs_bnb_mpi,1.14815,-11,12,262743,"[-1, -1, 2, 1, 2, 2, 1, 1, 1, -2, -1, -1, -2, 1, 1, 1, -2, -1, -1]"
237,dfs_bnb_mpi,2.39757,-11,12,646105,"[-1, -2, 1, 1, 2, 1, -2, 1, -2, -1, -1, -2, -2, -1, -1, 2, 2, 1, -2]"
238,dfs_bnb_mpi,1.75483,-10,11,414492,"[-1, -1, 2, 2, 2, 1, 2, 1, 2, 1, -2, -2, -1, -2, 1, -2, -1, -1, 2]"
239,dfs_bnb_mpi,0.616788,-11,12,153784,"[-1, -1, 2, 2, 1, -2, 1, 2, 2, 1, -2, -2, -2, 1, 2, 2, 1, 2, -1]"
240,dfs_bnb_mpi,1.1152,-11,12,255527,"[-1, -1, 2, 1, 2, 1, -2, 1, 2, 2, 1, 1, -2, -1, -2, 1, -2, -1, -1]"
241,dfs_bnb_mpi,0.206113,-10,11,53358,"[-1, -1, 2, -1, -2, -1, 2, 2, 2, 1, -2, 1, 1, -2, 1, 2, 2, -1, -1]"
242,dfs_bnb_mpi,3.86283,-11,12,981331,"[-1, -2, -2, -1, 2, 2, 2, 2, 1, -2, 1, 1, -2, 1, -2, -1, -1, -2, 1]"
243,dfs_bnb_mpi,0.384223,-10,11,93132,"[-1, -1, 2, -1, 2, 1, 1, -2, 1, 2, 1, -2, -2, -2, -1, -1, -2, 1, 1]"
244,dfs_bnb_mpi,0.753306,-10,11,202214,"[-1, -2, 1, 1, 2, 2, 1, 1, -2, -1, -2, 1, 1, -2, -1, -1, -1, -1, -1]"
245,dfs_bnb_mpi,0.236714,-10,11,59015,"[-1, -1, 2, 2, 1, -2, 1, 2, 2, -1, 2, 1, 1, -2, -2, -2, -2, 1, 2]"
246,dfs_bnb_mpi,2.18731,-10,11,528207,"[-1, -1, 2, -1, -1, -1, -2, 1, 1, -2, -1, -2, 1, 1, 1, 1, 2, -1, -1]"
247,dfs_bnb_mpi,0.71075,-11,12,186917,"[-1, -1, 2, 1, 1, 1, -2, -2, -1, -1, -1, -2, 1, -2, 1, 2, 1, 1, 2]"
248,dfs_bnb_mpi,0.774426,-11,12,188367,"[-1, -2, -1, -2, 1, -2, -2, 1, 2, 2, 2, 1, -2, -2, 1, 2, 2, 2, -1]"
249,dfs_bnb_mpi,0.454438,-9,10,116307,"[-1, -1, 2, 2, 2, 1, 1, -2, -1, -2, 1, 1, 1, 2, -1, 2, 1, 2, 2]"
250,dfs_bnb_mpi,0.68371,-10,11,192838,"[-1, -1, 2, 2, 1, -2, 1, 2, 2, -1, 2, 1, 1, -2, 1, -2, -2, -1, 2]"
251,dfs_bnb_mpi,2.17583,-10,11,523832,"[-1, -1, 2, 2, -1, -1, -1, -2, -1, -2, -2, 1, 2, 1, -2, 1, 2, 2, -1]"
252,dfs_bnb_mpi,1.76959,-10,11,409910,"[-1, -1, 2, 1, 1, 1, -2, -2, -1, -1, -2, 1, 1, -2, -1, -1, -1, 2, 2]"
253,dfs_bnb_mpi,0.947847,-11,12,222596,"[-1, -1, -1, 2, -1, 2, 1, 2, 2, 1, 1, -2, -1, -2, -2, 1, 2, 1, -2]"
254,dfs_bnb_mpi,0.448457,-10,11,104615,"[-1, -1, 2, 1, 1, 1, 2, 2, 2, -1, -2, -2, -1, 2, 2, -1, -2, -2, -1]"
255,dfs_bnb_mpi,0.185702,-10,10,50902,"[-1, -1, 2, 1, 2, 2, 1, -2, -2, 1, -2, -2, 1, 2, 2, 2, -1, 2, 2]"
256,dfs_bnb_mpi,4.19194,-11,12,947296,"[-1, -2, 1, -2, 1, 2, 2, 1, -2, -2, -2, 1, 2, 2, 2, 2, -1, -1, -1]"
257,dfs_bnb_mpi,1.7385,-10,11,437368,"[-1, -1, 2, 2, 2, 1, -2, -2, 1, 2, 2, 1, 1, -2, -1, -2, 1, -2, -1]"
258,dfs_bnb_mpi,1.08462,-11,12,251966,"[-1, -1, 2, 1, 1, 2, -1, 2, 1, 2, 1, -2, 1, -2, -1, -2, 1, -2, -1]"
259,dfs_bnb_mpi,0.622647,-10,11,144512,"[-1, -1, 2, 2, 2, 1, 1, 2, 1, -2, -2, -1, -1, -2, 1, 1, 1, -2, -1]"
260,dfs_bnb_mpi,1.79672,-9,10,403483,"[-1, -1, -1, 2, 2, 2, 1, 2, 1, -2, 1, -2, -1, -1, -2, 1, 1, 1, 2]"
261,dfs_bnb_mpi,0.44545,-11,12,107788,"[-1, -1, 2, 1, 2, 1, -2, 1, -2, -2, -1, -1, -1, -1, -1, 2, 2, 1, -2]"
262,dfs_bnb_mpi,0.407691,-10,11,101712,"[-1, -1, 2, 1, 2, 2, 1, 1, -2, -1, -2, 1, 1, -2, -1, -2, -1, -1, -1]"
263,dfs_bnb_mpi,1.00457,-10,11,254523,"[-1, -1, 2, 1, 1, 1, -2, 1, -2, -1, -1, -2, -2, -1, 2, 2, -1, -2, -1]"
264,dfs_bnb_mpi,2.31227,-10,10,581942,"[-1, -1, 2, -1, -2, -1, 2, -1, -2, -2, 1, 1, 1, -2, -1, -2, -1, 2, -1]"
265,dfs_bnb_mpi,4.30189,-10,11,1002188,"[-1, -1, 2, 2, 1, -2, 1, 2, 2, -1, -1, -1, -1, -2, 1, -2, -1, -2, 1]"
266,dfs_bnb_mpi,0.579932,-11,11,161894,"[-1, -1, 2, 2, 1, -2, 1, 1, -2, -2, -1, -1, -2, -1, 2, -1, 2, 2, 2]"
267,dfs_bnb_mpi,0.203029,-10,11,46639,"[-1, -2, 1, 1, 2, 2, 1, -2, -2, -2, -2, -1, 2, -1, -1, -2, 1, -2, 1]"
268,dfs_bnb_mpi,3.0023,-10,11,779104,"[-1, -1, 2, 2, 2, 1, 1, 1, 1, -2, -2, -2, -1, 2, 2, -1, -1, -2, 1]"
269,dfs_bnb_mpi,2.71377,-10,11,698366,"[-1, -1, 2, -1, -2, -1, -1, -2, 1, 1, 1, 1, -2, -1, -1, -2, -1, 2, -1]"
270,dfs_bnb_mpi,0.426469,-10,11,96980,"[-1, -1, 2, 1, 2, 1, -2, 1, 2, 1, -2, -2, -1, -2, -1, -1, -2, 1, 1]"
271,dfs_bnb_mpi,2.56523,-11,12,684936,"[-1, -2, -1, -2, 1, 1, 2, 1, -2, -2, -1, -1, -1, -1, -2, 1, 1, 1, 1]"
272,dfs_bnb_mpi,0.612789,-10,11,141083,"[-1, -1, 2, 2, 2, 2, 1, 1, -2, -1, -2, -2, 1, 2, 1, -2, 1, -2, -1]"
273,dfs_bnb_mpi,2.07183,-11,12,516812,"[-1, -2, 1, 1, 1, -2, -1, -2, -1, 2, -1, -1, 2, 2, 2, 1, 1, 1, -2]"
274,dfs_bnb_mpi,1.10099,-10,11,249794,"[-1, -1, 2, 2, 2, 1, 1, 1, -2, -1, -1, -2, 1, 1, -2, 1, 2, 2, 2]"
275,dfs_bnb_mpi,0.967877,-11,12,252306,"[-1, -1, 2, 1, 2, 1, -2, 1, 1, -2, -1, -2, -2, -1, -1, -1, 2, 1, 1]"
276,dfs_bnb_mpi,0.588001,-10,11,138952,"[-1, -2, 1, 1, 2, 1, -2, 1, -2, 1, -2, -1, -1, 2, -1, -1, -2, 1, -2]"
277,dfs_bnb_mpi,0.6531,-11,11,163472,"[-1, -2, -1, -2, 1, -2, 1, 2, 2, 1, -2, -2, 1, 1, 2, -1, 2, 2, -1]"
278,dfs_bnb_mpi,0.180693,-11,11,40545,"[-1, -1, 2, 2, 1, -2, 1, 1, -2, -2, -1, -1, -1, -2, 1, 1, -2, 1, 2]"
279,dfs_bnb_mpi,0.460103,-11,12,120375,"[-1, -1, 2, 1, 1, 2, 1, -2, -2, 1, 2, 1, 2, -1, 2, -1, -1, -1, -2]"
280,dfs_bnb_mpi,4.47816,-10,11,1006035,"[-1, -1, 2, 2, 2, 2, 1, -2, 1, 1, 1, -2, -1, -1, -1, -2, 1, 1, 1]"
281,dfs_bnb_mpi,0.226386,-10,10,52698,"[-1, -2, -1, 2, 2, 1, 2, -1, -1, -1, -2, 1, -2, -1, -2, 1, -2, 1, 1]"
282,dfs_bnb_mpi,1.11017,-11,12,306799,"[-1, -1, 2, 2, 1, -2, 1, 1, 1, 2, 2, -1, 2, -1, -1, -2, 1, -2, 1]"
283,dfs_bnb_mpi,0.752176,-11,12,192540,"[-1, -2, 1, 1, 2, 1, -2, 1, -2, -1, -2, -1, -1, -1, -1, 2, 1, 1, 1]"
284,dfs_bnb_mpi,0.532365,-10,11,122274,"[-1, -2, 1, 1, 2, 1, 2, 2, 2, -1, -1, -2, 1, -2, -1, -1, 2, 2, 2]"
285,dfs_bnb_mpi,0.078173,-9,10,20264,"[-1, -1, 2, 2, 2, 1, -2, -2, 1, 2, 2, 1, -2, -2, 1, -2, -1, -2, 1]"
286,dfs_bnb_mpi,0.567156,-11,12,149330,"[-1, -2, 1, 1, 1, 2, -1, 2, -1, -1, -1, 2, 1, 1, 2, 1, -2, 1, -2]"
287,dfs_bnb_mpi,1.54144,-11,11,416298,"[-1, -2, 1, 1, 2, 2, 1, 2, 2, -1, -1, -1, -2, -1, -2, 1, 1, 2, 1]"
288,dfs_bnb_mpi,0.773868,-11,12,203919,"[-1, -1, 2, 1, 1, 2, 1, -2, -2, 1, -2, -1, -2, -1, 2, -1, -1, -2, 1]"
289,dfs_bnb_mpi,0.111119,-9,10,25756,"[-1, -1, 2, 1, 1, 1, -2, -2, -1, -1, -1, -2, 1, 1, 1, 1, 2, 2, 2]"
290,dfs_bnb_mpi,0.86642,-10,11,204467,"[-1, -1, 2, -1, -2, -2, -2, -2, 1, 2, 2, 1, 1, -2, -2, -2, -1, 2, 2]"
291,dfs_bnb_mpi,1.91167,-9,10,438764,"[-1, -1, 2, 2, 2, 2, 1, -2, -2, -2, 1, 1, 2, -1, 2, 2, 1, -2, 1]"
292,dfs_bnb_mpi,0.391705,-10,11,89680,"[-1, -1, 2, 2, -1, -2, -1, -2, 1, -2, 1, 1, 1, 1, 2, 2, -1, -1, 2]"
293,dfs_bnb_mpi,1.21093,-11,12,332389,"[-1, -1, 2, 1, 2, 2, 1, -2, 1, 2, 1, -2, -2, 1, -2, -1, -1, 2, -1]"
294,dfs_bnb_mpi,0.150128,-9,10,36977,"[-1, -1, 2, 2, 2, 2, 1, 1, -2, -1, -2, -2, 1, 2, 1, 2, 2, 2, 2]"
295,dfs_bnb_mpi,2.51719,-11,12,574566,"[-1, -1, 2, 1, 2, 1, -2, 1, -2, -2, 1, -2, -1, -1, 2, -1, -1, -2, 1]"
296,dfs_bnb_mpi,0.29099,-11,11,71771,"[-1, -2, 1, 1, 2, 2, -1, 2, 1, 1, -2, -2, -2, 1, 2, 2, 1, 2, -1]"
297,dfs_bnb_mpi,0.86776,-11,12,215374,"[-1, -2, -1, -2, 1, 1, 2, 1, -2, -2, -1, -1, -1, -2, -2, 1, 1, 2, -1]"
298,dfs_bnb_mpi,1.06514,-11,12,248418,"[-1, -1, 2, 1, 2, 1, -2, 1, -2, 1, -2, -1, -2, -1, 2, -1, -1, -2, 1]"
299,dfs_bnb_mpi,0.63797,-10,11,153542,"[-1, -2, -2, -1, 2, 2, 2, 1, 1, 2, 1, -2, -2, -2, -1, -2, 1, 1, 2]"
300,dfs_bnb_mpi,3.91602,-10,11,1024466,"[-1, -1, 2, 2, 2, 1, 2, 1, 1, -2, 1, -2, -1, -2, -1, -1, 2, 1, 2]"
301,dfs_bnb_mpi,1.06345,-10,11,278351,"[-1, -1, 2, -1, -2, -2, 1, 1, 1, 1, 2, 2, 2, -1, -2, -1, 2, -1, 2]"
302,dfs_bnb_mpi,0.210635,-10,10,58161,"[-1, -1, 2, 1, 1, 1, -2, -2, -1, -2, -2, -1, -1, 2, 1, 2, -1, -1, 2]"
303,dfs_bnb_mpi,0.687855,-10,10,186204,"[-1, -1, 2, -1, 2, -1, -2, -2, 1, -2, 1, 1, -2, -2, -1, 2, -1, -1, 2]"
304,dfs_bnb_mpi,3.03709,-10,11,813651,"[-1, -1, 2, -1, -1, -1, -2, 1, 1, -2, 1, 1, -2, -2, -1, 2, -1, -1, 2]"
305,dfs_bnb_mpi,0.194204,-11,11,46117,"[-1, -1, 2, -1, 2, 1, 2, 1, -2, -2, 1, 2, 2, 1, -2, -2, 1, -2, -1]"
306,dfs_bnb_mpi,0.471546,-11,12,112088,"[-1, -1, 2, 1, 2, -1, 2, 1, 1, -2, -2, 1, 2, 2, 1, -2, -2, -2, -1]"
307,dfs_bnb_mpi,0.448015,-11,12,117174,"[-1, -1, 2, 1, 2, -1, 2, 1, 1, -2, -2, 1, 2, 2, 2, -1, 2, -1, -2]"
308,dfs_bnb_mpi,0.440789,-11,11,113894,"[-1, -2, 1, 1, 2, 2, 1, -2, -2, 1, 2, 2, 2, 2, -1, -2, -1, -1, -2]"
309,dfs_bnb_mpi,1.54863,-11,12,382722,"[-1, -1, 2, 1, 2, 1, -2, 1, -2, -2, -2, -1, -1, -1, -1, 2, 1, 1, 1]"
310,dfs_bnb_mpi,0.442338,-11,12,107721,"[-1, -1, 2, 1, 2, 1, -2, 1, -2, -2, -2, -1, 2, -1, -1, -2, 1, -2, 1]"
311,dfs_bnb_mpi,0.157378,-10,11,37405,"[-1, -1, 2, 2, 1, -2, 1, 1, 1, 2, -1, -1, 2, 1, 2, -1, -1, -2, -1]"
312,dfs_bnb_mpi,0.295641,-10,11,68474,"[-1, -2, -2, 1, 2, 1, 2, 2, 1, 1, -2, -1, -2, 1, -2, -1, -1, -2, 1]"
313,dfs_bnb_mpi,0.963649,-10,11,242774,"[-1, -2, -1, 2, 2, -1, -2, -2, -1, -1, 2, 1, 2, 2, 1, 1, 1, -2, 1]"
314,dfs_bnb_mpi,0.695915,-10,11,172976,"[-1, -1, 2, -1, -2, -1, 2, 2, 2, 1, -2, 1, 2, 1, -2, -2, 1, 2, 2]"
315,dfs_bnb_mpi,0.621487,-11,12,155943,"[-1, -1, 2, 1, 2, 1, -2, 1, 2, 1, -2, -2, -1, -2, -1, -1, -2, -1, 2]"
316,dfs_bnb_mpi,1.71785,-10,11,437682,"[-1, -1, 2, 2, -1, -2, -1, 2, 2, 1, 2, -1, -1, -2, -2, -2, -2, 1, 1]"
317,dfs_bnb_mpi,2.64136,-10,11,706528,"[-1, -1, 2, 2, 2, 2, 1, 2, 1, -2, 1, -2, -2, -1, -2, -1, 2, 2, 1]"
318,dfs_bnb_mpi,1.90974,-11,12,464363,"[-1, -2, 1, 1, 1, 2, 2, 1, -2, 1, 2, 2, -1, -1, -1, -1, -2, 1, -2]"
319,dfs_bnb_mpi,0.675811,-11,12,172712,"[-1, -2, 1, 1, -2, -1, -1, -2, 1, 1, -2, 1, 2, 2, 2, 2, -1, 2, -1]"
320,dfs_bnb_mpi,2.97335,-10,11,748022,"[-1, -1, 2, -1, -2, -2, -1, -2, 1, -2, 1, 2, 1, -2, 1, 2, 2, -1, -1]"
321,dfs_bnb_mpi,2.82268,-10,11,796955,"[-1, -2, -1, -2, 1, 1, 2, 1, 2, 1, 1, -2, -2, -2, -1, -1, 2, 1, 2]"
322,dfs_bnb_mpi,4.97389,-10,11,1129149,"[-1, -1, 2, 1, 2, 2, 2, 1, -2, 1, 2, 1, -2, -2, -1, -1, -2, 1, 1]"
323,dfs_bnb_mpi,0.560679,-10,11,145969,"[-1, -1, 2, 1, 2, -1, 2, 1, 2, -1, -1, -2, -2, -1, -2, 1, -2, -1, -1]"
324,dfs_bnb_mpi,2.12932,-10,11,491772,"[-1, -1, 2, 1, 1, 1, -2, -2, -2, -2, -1, 2, 2, -1, -1, -2, -2, 1, 2]"
325,dfs_bnb_mpi,1.30668,-10,11,337924,"[-1, -1, 2, 2, 2, -1, -2, -1, 2, -1, -2, -2, -2, 1, -2, 1, 2, 2, -1]"
326,dfs_bnb_mpi,0.422672,-11,12,110305,"[-1, -2, -1, 2, -1, 2, 1, 2, 1, -2, 1, 2, 2, -1, -1, 2, -1, -2, -2]"
327,dfs_bnb_mpi,0.134735,-11,11,38088,"[-1, -1, 2, 2, 1, -2, 1, 2, 2, -1, 2, -1, -2, -1, -2, -1, -2, 1, -2]"
328,dfs_bnb_mpi,1.05715,-11,12,299899,"[-1, -2, -1, 2, 2, 1, 1, 1, -2, -2, -1, -2, -1, -1, -2, -1, 2, 2, 2]"
329,dfs_bnb_mpi,0.375827,-10,11,108441,"[-1, -1, 2, 2, 2, 2, 1, -2, -2, -2, 1, 2, 1, 2, 2, 2, -1, -2, -2]"
330,dfs_bnb_mpi,1.64223,-10,11,381885,"[-1, -1, 2, 1, 2, 2, 1, -2, -2, 1, -2, -2, -2, -1, 2, -1, -1, -2, 1]"
331,dfs_bnb_mpi,0.550666,-11,12,140132,"[-1, -1, 2, 2, 1, -2, 1, 2, 2, 1, 1, -2, -2, -2, -2, -1, 2, 2, 2]"
332,dfs_bnb_mpi,1.42528,-11,12,376169,"[-1, -1, 2, 1, 2, -1, -1, -2, -1, -2, -2, -2, 1, 1, 1, 2, -1, -1, 2]"
333,dfs_bnb_mpi,0.249739,-9,10,58752,"[-1, -1, 2, 2, 2, 1, 2, 1, 1, -2, -1, -2, -1, -2, 1, 1, 2, 1, 2]"
334,dfs_bnb_mpi,4.94939,-10,11,1140376,"[-1, -1, 2, -1, -2, -2, -1, -1, -2, -2, 1, 2, 1, -2, 1, 2, 2, 1, -2]"
335,dfs_bnb_mpi,1.97125,-11,12,478015,"[-1, -2, -1, -2, 1, 1, 2, 1, -2, 1, -2, -1, -1, -1, -1, -2, 1, 1, 1]"
336,dfs_bnb_mpi,2.46545,-10,11,586082,"[-1, -1, 2, 2, 2, 2, 1, 1, 1, -2, -2, -1, 2, -1, -2, -2, 1, 1, -2]"
337,dfs_bnb_mpi,2.62946,-11,11,650384,"[-1, -1, 2, 2, 1, -2, 1, 2, 2, 1, 1, 1, -2, -1, -1, -2, 1, -2, -1]"
338,dfs_bnb_mpi,3.52852,-11,12,835334,"[-1, -2, -1, 2, -1, 2, -1, 2, 1, 2, 1, 1, 1, -2, -1, -1, -2, 1, 1]"
339,dfs_bnb_mpi,0.639831,-11,11,158326,"[-1, -1, 2, 1, 1, 1, 1, -2, -1, -2, -1, -1, -1, -2, 1, 1, 1, 1, 2]"
340,dfs_bnb_mpi,0.634797,-11,12,171687,"[-1, -2, 1, 1, -2, -1, -2, -1, 2, -1, 2, 2, 2, 1, 2, 1, -2, 1, -2]"
341,dfs_bnb_mpi,0.15185,-10,11,39914,"[-1, -1, 2, 1, 1, 2, 2, -1, -2, -1, -1, -2, -2, -2, 1, 1, -2, -1, -1]"
342,dfs_bnb_mpi,2.56881,-11,11,620464,"[-1, -1, 2, 2, 2, 2, 1, 2, 1, -2, 1, -2, -2, -1, 2, -1, -2, -2, 1]"
343,dfs_bnb_mpi,2.36013,-9,10,619407,"[-1, -1, 2, 2, 1, -2, 1, 2, 2, -1, -1, -1, -2, -1, -2, 1, -2, -2, 1]"
344,dfs_bnb_mpi,0.072709,-10,11,19383,"[-1, -1, 2, 1, 2, 1, -2, 1, 2, 2, -1, 2, -1, -2, -1, -2, -1, -2, -1]"
345,dfs_bnb_mpi,0.842016,-9,10,206364,"[-1, -1, 2, 1, 2, 2, 1, -2, -2, 1, 1, -2, -1, -2, -2, -1, 2, -1, -1]"
346,dfs_bnb_mpi,1.68482,-11,12,394251,"[-1, -2, -2, -1, 2, 2, 2, 1, 2, 1, -2, 1, -2, -2, -1, -2, 1, 1, 2]"
347,dfs_bnb_mpi,0.382654,-11,12,93356,"[-1, -1, 2, 1, 1, 2, 1, -2, -2, -2, -2, -1, 2, -1, -1, -2, -2, 1, 2]"
348,dfs_bnb_mpi,1.04675,-11,12,277541,"[-1, -1, 2, 2, 1, -2, 1, 2, 2, 1, 1, -2, -2, 1, -2, -1, -1, 2, 2]"
349,dfs_bnb_mpi,5.18135,-10,11,1189273,"[-1, -1, 2, 2, 2, 1, 2, 1, -2, 1, 1, -2, -2, -1, 2, -1, -1, -2, 1]"
350,dfs_bnb_mpi,2.24597,-11,12,565599,"[-1, -1, 2, 1, 1, 1, 1, -2, -2, -2, -1, -1, -1, -1, 2, 1, 1, 1, 2]"
351,dfs_bnb_mpi,0.697548,-10,11,174128,"[-1, -1, 2, 2, 2, -1, -2, -2, -1, 2, 2, -1, -2, -2, -2, 1, -2, 1, 2]"
352,dfs_bnb_mpi,4.41212,-11,12,1000712,"[-1, -2, -1, -2, -2, 1, -2, 1, 2, 1, 2, 1, 2, 2, -1, -2, -1, -2, -1]"
353,dfs_bnb_mpi,3.0317,-11,11,816556,"[-1, -2, 1, 1, 2, 1, 2, 2, -1, -2, -1, -1, -1, 2, 1, 1, 2, 1, 1]"
354,dfs_bnb_mpi,1.09391,-11,12,255418,"[-1, -1, -1, -1, 2, 2, 2, 2, 1, -2, 1, -2, -1, -2, 1, 1, 2, 1, -2]"
355,dfs_bnb_mpi,0.059816,-10,11,15271,"[-1, -2, -1, 2, 2, 1, 2, 1, -2, 1, 2, 1, -2, -2, -1, -2, -1, -2, 1]"
356,dfs_bnb_mpi,1.20666,-10,10,311406,"[-1, -1, 2, 2, 2, 2, 2, 1, 1, -2, -1, -2, 1, -2, 1, -2, -1, -1, 2]"
357,dfs_bnb_mpi,0.55586,-11,11,139283,"[-1, -1, 2, 1, 1, 2, 1, -2, -2, -2, -1, -1, -1, -2, -2, 1, 2, 1, 1]"
358,dfs_bnb_mpi,1.00096,-11,12,231958,"[-1, -1, 2, 2, 2, 1, 1, 1, 1, -2, -1, -1, -1, -2, 1, 1, 1, -2, -1]"
359,dfs_bnb_mpi,0.605359,-11,11,159035,"[-1, -1, 2, 2, 1, -2, 1, 2, 1, -2, 1, -2, -1, -2, -1, -1, -1, -1, 2]"
360,dfs_bnb_mpi,0.902699,-11,12,236560,"[-1, -1, 2, 2, 1, -2, 1, 1, -2, 1, -2, -1, -2, -1, 2, -1, -1, -2, 1]"
361,dfs_bnb_mpi,1.47432,-11,12,337865,"[-1, -2, 1, 1, 1, -2, 1, -2, -1, -2, -1, 2, 2, -1, -1, -2, -2, 1, 2]"
362,dfs_bnb_mpi,0.567893,-11,12,129977,"[-1, -2, 1, 1, 1, -2, -2, -2, -1, 2, 2, -1, -1, -2, 1, -2, -2, -1, 2]"
363,dfs_bnb_mpi,4.87306,-10,11,1215198,"[-1, -1, 2, -1, 2, -1, -1, -2, 1, -2, 1, -2, 1, -2, -1, -1, 2, -1, 2]"
364,dfs_bnb_mpi,0.9918,-10,11,226525,"[-1, -1, 2, -1, 2, 1, 2, 1, 1, 2, 1, -2, -2, -1, -1, -2, 1, 1, 1]"
365,dfs_bnb_mpi,3.69122,-11,12,872093,"[-1, -2, 1, 1, 2, 2, 2, -1, -1, 2, -1, -2, -1, -2, -2, 1, 2, 1, 1]"
366,dfs_bnb_mpi,1.11363,-11,12,258799,"[-1, -1, 2, 1, 2, 1, -2, 1, -2, -2, -2, -1, 2, -1, -1, -1, -2, 1, 1]"
367,dfs_bnb_mpi,1.52345,-11,12,348569,"[-1, -2, 1, 1, 2, 1, 1, 2, 1, 2, -1, -1, -2, -1, 2, -1, -1, -2, 1]"
368,dfs_bnb_mpi,1.60797,-10,10,407293,"[-1, -1, 2, -1, -2, -1, -2, 1, 1, -2, -1, -1, -1, -1, 2, 1, 2, 2, 1]"
369,dfs_bnb_mpi,1.04258,-11,12,268033,"[-1, -2, -1, 2, 2, 1, 1, 2, 2, -1, -2, -1, 2, -1, -1, -2, 1, -2, -2]"
370,dfs_bnb_mpi,0.326294,-10,11,79029,"[-1, -1, 2, 2, 1, -2, 1, 2, 2, -1, -1, -1, -2, -2, -1, -2, 1, -2, 1]"
371,dfs_bnb_mpi,0.417672,-10,11,96215,"[-1, -1, 2, 2, 2, 1, 1, 1, -2, -1, -1, -2, 1, 1, -2, 1, 2, 2, 2]"
372,dfs_bnb_mpi,1.1745,-11,12,282495,"[-1, -1, 2, 1, 2, 1, 2, -1, 2, 1, 1, 1, -2, -1, -2, 1, -2, -1, -1]"
373,dfs_bnb_mpi,2.19983,-10,11,503598,"[-1, -1, 2, -1, 2, -1, -2, -1, -2, 1, 1, -2, 1, -2, -1, -1, -1, 2, 1]"
374,dfs_bnb_mpi,0.997228,-11,12,265517,"[-1, -1, 2, 2, 2, 1, 2, 1, -2, -2, 1, 2, 1, -2, -2, -1, -1, -1, 2]"
375,dfs_bnb_mpi,0.548304,-11,12,154972,"[-1, -1, 2, 1, 2, -1, 2, 1, 2, 1, 1, -2, 1, -2, -1, -2, -1, 2, 2]"
376,dfs_bnb_mpi,2.50396,-11,12,620844,"[-1, -1, 2, -1, -1, -2, -1, -2, 1, -2, 1, 1, 1, 1, 2, -1, -1, -1, 2]"
377,dfs_bnb_mpi,3.45833,-10,11,907899,"[-1, -1, 2, 2, -1, 2, -1, -2, -1, 2, -1, -2, -2, 1, -2, 1, 2, 1, -2]"
378,dfs_bnb_mpi,0.584229,-10,11,136359,"[-1, -2, 1, 1, 2, 2, -1, 2, 1, 1, 1, -2, -1, -2, 1, -2, -1, -2, 1]"
379,dfs_bnb_mpi,1.10307,-11,11,280158,"[-1, -2, 1, 1, 2, 1, -2, -2, -1, -1, -2, 1, 1, 1, 2, 2, 2, 2, -1]"
380,dfs_bnb_mpi,0.349997,-10,11,88973,"[-1, -1, 2, 2, 1, -2, 1, 2, 2, 1, -2, 1, -2, -1, -2, 1, 1, 2, 2]"
381,dfs_bnb_mpi,1.68349,-11,12,416082,"[-1, -2, 1, 1, -2, -1, -1, -1, -2, 1, 1, 1, -2, -1, -1, -1, -2, 1, 1]"
382,dfs_bnb_mpi,0.442058,-10,11,99596,"[-1, -1, 2, -1, 2, 1, 2, 1, 1, 1, -2, -1, -1, -2, 1, 1, -2, 1, 2]"
383,dfs_bnb_mpi,9.02862,-9,10,2006718,"[-1, -1, -1, 2, 2, 2, 2, 1, -2, 1, 2, 1, -2, -2, -1, -1, -2, 1, 1]"
384,dfs_bnb_mpi,2.77284,-10,11,671166,"[-1, -2, 1, 1, 2, 2, 1, 2, -1, -1, -2, -1, 2, 2, 2, 1, 1, -2, -1]"
385,dfs_bnb_mpi,2.36261,-11,11,600908,"[-1, -1, -1, 2, 2, 1, 2, 1, 1, 1, -2, 1, -2, -1, -1, 2, -1, -2, -1]"
386,dfs_bnb_mpi,0.506275,-11,12,140257,"[-1, -2, 1, 1, -2, -1, -1, -2, 1, 1, 1, 1, 2, -1, 2, 2, -1, 2, -1]"
387,dfs_bnb_mpi,1.45622,-11,12,382878,"[-1, -1, -1, 2, 2, 1, -2, 1, 1, 1, -2, -2, -1, -1, -2, -1, 2, -1, -2]"
388,dfs_bnb_mpi,1.58591,-11,12,435385,"[-1, -2, -1, 2, 2, 1, 1, 1, 1, -2, -2, 1, -2, -1, -1, -1, 2, 1, 2]"
389,dfs_bnb_mpi,0.148644,-10,11,35783,"[-1, -1, 2, 1, 1, 1, -2, 1, -2, -1, -2, -1, 2, -1, -1, -2, 1, -2, 1]"
390,dfs_bnb_mpi,2.59118,-11,12,670868,"[-1, -1, 2, -1, -1, -2, -2, -2, 1, -2, 1, 2, 1, 1, 2, -1, -1, -1, 2]"
391,dfs_bnb_mpi,1.60362,-11,12,379868,"[-1, -2, -2, -2, -1, 2, 2, 2, 2, 2, 1, -2, 1, 1, -2, -2, -2, -1, 2]"
392,dfs_bnb_mpi,2.17228,-11,11,565677,"[-1, -1, 2, -1, -1, -2, -2, -1, -2, 1, 1, 1, 1, 1, 2, -1, -1, -1, 2]"
393,dfs_bnb_mpi,1.09431,-11,10,318332,"[-1, -1, 2, 2, -1, -2, -1, 2, 2, 1, 1, 2, 1, -2, 1, -2, -1, -2, 1]"
394,dfs_bnb_mpi,1.15821,-11,12,279924,"[-1, -1, 2, 1, 2, 1, 2, 2, 1, 1, -2, -1, -2, 1, -2, -2, -1, 2, -1]"
395,dfs_bnb_mpi,1.17828,-11,11,303762,"[-1, -2, -1, -2, 1, 1, 2, 1, -2, -2, -1, -1, -1, -2, 1, 1, 1, 1, 2]"
396,dfs_bnb_mpi,2.50802,-10,11,727997,"[-1, -1, 2, 2, 2, 1, 2, 1, -2, -2, 1, 2, 1, -2, -2, -1, -1, -1, 2]"
397,dfs_bnb_mpi,0.783504,-10,11,220686,"[-1, -1, 2, 2, 1, -2, 1, 1, -2, -2, -1, -2, -1, 2, -1, -1, 2, 2, 2]"
398,dfs_bnb_mpi,0.386445,-11,12,91321,"[-1, -1, 2, 1, 2, 2, 1, 1, 1, -2, -1, -1, -2, 1, 1, -2, -2, -1, 2]"
399,dfs_bnb_mpi,0.671154,-11,12,187029,"[-1, -1, 2, 1, 2, 2, 1, -2, -2, 1, -2, 1, 2, 2, 1, 2, -1, -1, -2]"
400,dfs_bnb_mpi,1.10064,-11,12,283025,"[-1, -1, 2, 1, 2, 1, -2, 1, -2, 1, -2, -1, -2, -1, -1, -1, 2, 1, 1]"
401,dfs_bnb_mpi,1.40712,-10,10,345909,"[-1, -1, 2, -1, -2, -1, 2, -1, -2, -2, 1, 1, 1, -2, -1, -1, -1, -1, 2]"
402,dfs_bnb_mpi,1.84019,-10,11,432410,"[-1, -1, 2, 2, 1, -2, 1, 1, -2, 1, -2, -2, -1, 2, -1, -2, -1, 2, -1]"
403,dfs_bnb_mpi,0.294877,-11,12,79729,"[-1, -1, 2, 1, 2, -1, -1, -2, -1, 2, 2, 1, 1, 2, 1, -2, 1, -2, -2]"
404,dfs_bnb_mpi,1.88088,-11,12,481838,"[-1, -2, -2, -1, -1, -2, -2, 1, 2, 1, -2, 1, 1, 2, 2, 2, -1, -2, -2]"
405,dfs_bnb_mpi,2.02775,-11,12,549784,"[-1, -1, 2, 1, 1, 2, 1, -2, -2, -2, -2, -1, -2, -1, 2, -1, 2, 1, 1]"
406,dfs_bnb_mpi,1.6892,-10,11,425039,"[-1, -1, 2, 1, 1, 2, 1, -2, -2, 1, -2, -1, -2, -1, 2, -1, -1, -2, 1]"
407,dfs_bnb_mpi,2.97484,-11,12,670473,"[-1, -1, 2, 2, 2, 1, 1, 1, 1, -2, -2, -2, -1, 2, 2, -1, -1, -2, 1]"
408,dfs_bnb_mpi,2.49772,-11,12,656706,"[-1, -1, -1, 2, 1, 1, 2, -1, 2, 1, 2, 1, -2, 1, -2, -1, -2, 1, -2]"
409,dfs_bnb_mpi,4.34054,-10,11,977362,"[-1, -1, 2, 1, 2, 2, 1, -2, -2, 1, -2, -2, -1, -1, -1, -2, 1, 1, 1]"
410,dfs_bnb_mpi,0.557979,-10,11,141266,"[-1, -2, 1, 1, 1, -2, -1, -1, -2, 1, 1, 1, 2, 2, 2, -1, -1, 2, 2]"
411,dfs_bnb_mpi,0.896915,-10,11,220270,"[-1, -1, 2, 2, 2, 1, 2, 1, -2, 1, 1, -2, -1, -1, -1, -2, 1, 1, 1]"
412,dfs_bnb_mpi,0.15821,-10,11,37096,"[-1, -1, 2, 1, 2, 2, 1, 1, 1, -2, -1, -1, -2, 1, 1, -2, -1, -2, 1]"
413,dfs_bnb_mpi,0.800848,-11,12,214547,"[-1, -1, 2, 2, 1, -2, 1, 1, -2, 1, -2, -1, -2, -1, 2, -1, -1, -2, 1]"
414,dfs_bnb_mpi,1.69595,-10,11,442912,"[-1, -1, 2, 2, 2, -1, -2, -1, -2, 1, -2, -2, -1, 2, -1, 2, 2, 2, 1]"
415,dfs_bnb_mpi,1.21446,-10,11,323867,"[-1, -1, 2, 1, 1, 1, -2, -2, -1, -1, -1, -2, 1, -2, 1, 2, 1, 1, 2]"
416,dfs_bnb_mpi,1.02301,-10,11,233406,"[-1, -1, 2, -1, -2, -2, -1, 2, 2, 2, 2, 1, -2, 1, 2, 1, -2, -2, 1]"
417,dfs_bnb_mpi,0.496319,-11,12,117768,"[-1, -1, 2, 1, 2, 2, 1, -2, -2, 1, 2, 2, 1, 1, -2, -1, -2, -2, -1]"
418,dfs_bnb_mpi,0.894727,-11,12,228324,"[-1, -1, 2, 1, 1, 2, -1, 2, 2, 1, -2, 1, 1, -2, -1, -2, 1, -2, -1]"
419,dfs_bnb_mpi,0.164705,-11,12,38506,"[-1, -1, 2, 2, 2, 1, 1, 1, -2, -1, -1, -2, 1, 1, 1, 2, 1, 2, -1]"
420,dfs_bnb_mpi,5.12385,-10,11,1163983,"[-1, -1, 2, 1, 1, 2, 1, 1, -2, -1, -2, 1, -2, -1, -1, -1, -2, 1, 1]"
421,dfs_bnb_mpi,0.419257,-10,11,104904,"[-1, -1, 2, 2, 1, -2, 1, 2, 2, -1, 2, -1, -2, -1, -1, -2, 1, -2, -1]"
422,dfs_bnb_mpi,0.253433,-10,11,60233,"[-1, -2, -2, -1, 2, 2, 2, 1, 1, 1, -2, -2, -1, -2, 1, 1, 2, 2, 2]"
423,dfs_bnb_mpi,1.55007,-10,11,352815,"[-1, -2, 1, 1, -2, -1, -1, -1, 2, -1, -2, -2, 1, 1, 1, -2, -1, -1, -1]"
424,dfs_bnb_mpi,1.25044,-11,12,327355,"[-1, -2, 1, 1, 2, 1, 1, 2, -1, -1, 2, 1, 2, -1, -1, -2, -1, -2, 1]"
425,dfs_bnb_mpi,1.71511,-11,12,398879,"[-1, -2, -1, -2, 1, -2, 1, -2, 1, 2, 1, 2, -1, -1, 2, 1, 2, 1, -2]"
426,dfs_bnb_mpi,3.86184,-9,10,925906,"[-1, -1, 2, 2, 2, 1, 2, 2, 1, 1, -2, -1, -2, 1, -2, -1, -2, -1, 2]"
427,dfs_bnb_mpi,0.499308,-10,11,126373,"[-1, -1, -1, 2, -1, -2, -2, 1, 1, 1, -2, -1, -1, -1, -1, 2, 2, 2, 2]"
428,dfs_bnb_mpi,0.837126,-10,10,219247,"[-1, -1, 2, 2, -1, 2, 1, 1, -2, -2, 1, 2, 1, -2, -2, -2, -1, -1, -1]"
429,dfs_bnb_mpi,3.22639,-10,11,844224,"[-1, -1, 2, 2, 2, -1, -1, -2, 1, -2, -2, -1, 2, -1, -1, 2, 2, 1, -2]"
430,dfs_bnb_mpi,1.53984,-11,12,424826,"[-1, -1, 2, -1, -2, -2, 1, 1, 1, 1, 2, 2, 2, -1, 2, -1, -2, -2, 1]"
431,dfs_bnb_mpi,5.00153,-10,11,1157909,"[-1, -1, 2, 1, 2, -1, 2, 1, 1, 1, 1, -2, -1, -1, -2, 1, 1, -2, -1]"
432,dfs_bnb_mpi,2.52443,-10,11,689948,"[-1, -1, 2, 2, 1, -2, 1, 2, 2, 2, -1, -2, -1, 2, -1, -2, -2, -2, -2]"
433,dfs_bnb_mpi,0.311292,-10,11,82329,"[-1, -1, 2, 2, 2, 1, -2, -2, 1, 1, -2, -2, -1, -1, -1, -1, 2, 2, 2]"
434,dfs_bnb_mpi,1.58684,-11,12,432263,"[-1, -1, 2, 1, 2, -1, 2, 1, 2, 1, -2, 1, 1, -2, -2, -1, 2, -1, -2]"
435,dfs_bnb_mpi,0.532754,-10,11,130796,"[-1, -1, 2, 2, 2, 2, 1, -2, 1, -2, -1, -2, 1, 1, 2, 2, 2, -1, 2]"
436,dfs_bnb_mpi,1.0076,-10,11,229792,"[-1, -1, 2, 2, -1, -2, -1, -2, 1, -2, 1, 1, 1, 1, 2, 2, -1, -1, 2]"
437,dfs_bnb_mpi,1.13456,-10,10,287005,"[-1, -1, 2, 2, 1, -2, 1, 1, 2, -1, 2, -1, -1, -1, -2, -2, -1, -2, 1]"
438,dfs_bnb_mpi,4.03999,-11,12,1024238,"[-1, -2, -2, -1, 2, -1, 2, 1, 2, 2, 1, -2, 1, 1, -2, -2, -1, -2, 1]"
439,dfs_bnb_mpi,1.08908,-10,11,253347,"[-1, -1, 2, -1, -2, -1, -2, 1, -2, -1, -2, 1, 1, 2, 2, 1, -2, -2, 1]"
440,dfs_bnb_mpi,4.27546,-10,10,967232,"[-1, -1, 2, 2, 2, 1, 2, 2, 1, -2, -2, 1, -2, -1, -1, -2, 1, 1, -2]"
441,dfs_bnb_mpi,1.35604,-11,12,348831,"[-1, -2, -1, -2, 1, -2, 1, 2, 2, 1, 2, 1, 1, -2, -1, -2, -2, -1, 2]"
442,dfs_bnb_mpi,0.404532,-10,11,98482,"[-1, -1, 2, -1, 2, 1, 2, 1, -2, -2, 1, 2, 2, 2, -1, -1, -1, -2, -1]"
443,dfs_bnb_mpi,1.36937,-11,12,358544,"[-1, -2, 1, 1, 2, 2, 1, -2, -2, -2, -2, -2, -1, 2, 2, -1, -1, -2, 1]"
444,dfs_bnb_mpi,1.17522,-10,11,281562,"[-1, -1, 2, -1, -2, -1, 2, -1, -2, -2, 1, -2, 1, 2, 1, 1, -2, -1, -2]"
445,dfs_bnb_mpi,4.53106,-10,10,1011498,"[-1, -1, 2, 1, 2, 1, 2, -1, 2, -1, -2, -2, -1, 2, -1, -2, -2, 1, -2]"
446,dfs_bnb_mpi,0.109629,-10,11,27891,"[-1, -1, 2, 2, 2, 1, 1, -2, -1, -2, 1, 1, -2, -2, -1, -1, -1, -1, 2]"
447,dfs_bnb_mpi,1.04562,-11,11,260553,"[-1, -2, -1, 2, 2, 1, 1, 2, 2, -1, -2, -1, 2, -1, -2, -2, -1, -2, 1]"
448,dfs_bnb_mpi,1.31514,-9,10,327928,"[-1, -1, 2, 2, -1, -1, -2, 1, -2, -1, -2, -1, 2, 2, -1, 2, 1, 2, 1]"
449,dfs_bnb_mpi,1.24988,-10,10,319773,"[-1, -1, 2, 1, 2, -1, -1, 2, 1, 2, 1, -2, 1, 1, -2, -1, -2, 1, -2]"
450,dfs_bnb_mpi,1.28654,-10,10,334159,"[-1, -1, 2, 2, -1, 2, 1, 1, -2, -2, 1, 2, 2, 2, -1, -1, 2, -1, -2]"
451,dfs_bnb_mpi,0.666304,-10,11,153667,"[-1, -2, 1, -2, 1, 2, 2, 1, -2, -2, 1, 2, 2, 2, -1, -1, -1, 2, 2]"
452,dfs_bnb_mpi,1.32711,-10,11,344455,"[-1, -1, 2, 1, 2, 2, 1, 1, -2, -1, -2, 1, 1, -2, -1, -2, -1, -1, -1]"
453,dfs_bnb_mpi,1.36062,-11,12,363248,"[-1, -2, 1, 1, 2, 2, 1, -2, -2, 1, -2, -1, -2, -1, -1, -1, 2, 1, 1]"
454,dfs_bnb_mpi,0.484124,-10,10,118538,"[-1, -1, 2, 1, 2, 2, 2, -1, -2, -2, -1, -2, -2, -1, 2, 2, 2, 1, 2]"
455,dfs_bnb_mpi,4.73107,-10,11,1110224,"[-1, -1, 2, -1, 2, 2, 1, -2, 1, -2, 1, 2, 1, 2, 2, -1, -1, -2, 1]"
456,dfs_bnb_mpi,0.142883,-10,11,33008,"[-1, -1, 2, 1, 2, 1, -2, 1, 2, 1, -2, -2, -1, -2, -1, -2, -1, 2, -1]"
457,dfs_bnb_mpi,2.22561,-11,12,580803,"[-1, -1, 2, -1, 2, 1, 2, 1, 1, -2, 1, 1, -2, -2, -1, 2, -1, -1, 2]"
458,dfs_bnb_mpi,0.493082,-10,11,121209,"[-1, -1, 2, 1, 2, 2, 2, 1, -2, -2, -2, 1, -2, 1, 2, 2, -1, 2, 2]"
459,dfs_bnb_mpi,2.20534,-11,12,605193,"[-1, -1, 2, 1, 2, -1, 2, 1, 2, 1, 1, -2, 1, -2, -1, -2, -1, 2, 2]"
460,dfs_bnb_mpi,0.388745,-10,11,94900,"[-1, -1, 2, 2, -1, -2, -2, -1, 2, 2, 2, 1, 1, 1, -2, -2, 1, 2, 2]"
461,dfs_bnb_mpi,1.44391,-11,12,378161,"[-1, -2, 1, 1, 2, 2, 2, 1, -2, -2, -2, -2, -2, -1, -1, -1, 2, 1, 1]"
462,dfs_bnb_mpi,7.13819,-9,10,1605827,"[-1, -1, 2, 2, 2, 2, -1, 2, -1, -2, -1, -2, 1, 1, -2, -1, -2, 1, -2]"
463,dfs_bnb_mpi,1.65021,-11,12,372440,"[-1, -2, -1, -2, -1, -2, 1, -2, 1, 2, 2, 1, -2, -2, 1, 2, 2, 2, -1]"
464,dfs_bnb_mpi,1.74965,-9,10,397365,"[-1, -1, 2, 2, 2, 2, -1, -1, -1, -2, 1, 1, -2, -1, -2, 1, -2, -1, -1]"
465,dfs_bnb_mpi,4.21487,-10,11,1075842,"[-1, -1, 2, 2, 2, 1, 2, 2, 1, -2, 1, -2, -2, -2, -1, -1, 2, 1, 2]"
466,dfs_bnb_mpi,0.59704,-10,11,146386,"[-1, -1, 2, 1, 1, 1, -2, 1, -2, -1, -1, -1, -1, -2, 1, 1, 1, 1, 1]"
467,dfs_bnb_mpi,3.70582,-10,9,993757,"[-1, -1, 2, 2, 2, 2, 2, 1, 1, -2, -2, -2, 1, -2, -1, -1, 2, 2, 2]"
468,dfs_bnb_mpi,0.864123,-11,12,231967,"[-1, -1, 2, 1, 2, -1, 2, 1, 2, 1, 1, 1, -2, -1, -1, -2, 1, -2, -1]"
469,dfs_bnb_mpi,3.82507,-10,11,1031930,"[-1, -1, 2, 2, 1, -2, 1, 1, -2, -2, -2, -2, -1, -1, 2, 1, 2, -1, -1]"
470,dfs_bnb_mpi,0.355742,-11,12,95789,"[-1, -1, 2, 1, 2, -1, -1, -2, -2, -2, -2, 1, 2, 1, 1, 1, 2, 2, -1]"
471,dfs_bnb_mpi,1.01342,-10,10,286923,"[-1, -1, 2, 2, -1, -2, -2, -2, 1, 1, 1, 1, 2, 2, -1, -1, 2, 2, -1]"
472,dfs_bnb_mpi,0.703986,-11,12,166326,"[-1, -2, 1, 1, 1, 1, 2, 2, 2, -1, -2, -2, -1, 2, 2, 2, -1, -2, -2]"
473,dfs_bnb_mpi,0.569475,-11,12,156124,"[-1, -1, 2, -1, 2, 1, 1, -2, 1, 2, 1, -2, -2, -2, -1, -1, -1, -1, 2]"
474,dfs_bnb_mpi,6.31654,-10,11,1401554,"[-1, -2, -1, -1, -1, 2, -1, 2, 2, 1, 1, 1, 1, -2, -1, -2, -1, 2, -1]"
475,dfs_bnb_mpi,0.834309,-11,12,224083,"[-1, -2, 1, 1, -2, -1, -1, -1, 2, 2, 2, 1, 2, 1, -2, 1, 1, -2, -1]"
476,dfs_bnb_mpi,5.51914,-10,11,1214612,"[-1, -1, 2, -1, 2, -1, -2, -1, -2, -2, -2, 1, 2, 2, 1, -2, 1, -2, -1]"
477,dfs_bnb_mpi,5.243,-10,11,1164458,"[-1, -1, 2, -1, -1, -2, -2, -2, -2, 1, 2, 1, -2, 1, 2, 2, -1, -1, 2]"
478,dfs_bnb_mpi,4.16808,-10,11,1040540,"[-1, -1, 2, 2, 2, 1, 2, 1, 2, 1, -2, -2, -2, -2, -1, -1, 2, 1, 2]"
479,dfs_bnb_mpi,3.64009,-11,12,816198,"[-1, -2, 1, 1, 1, 2, 1, 2, -1, 2, -1, 2, -1, -2, -1, -2, 1, 1, -2]"
480,dfs_bnb_mpi,3.6975,-11,12,866237,"[-1, -2, 1, -2, 1, -2, -2, 1, 1, 2, 2, 2, 2, -1, -1, -2, 1, -2, -2]"
481,dfs_bnb_mpi,0.421327,-10,11,94913,"[-1, -1, 2, -1, -2, -1, -2, -2, 1, 2, 1, 1, 1, -2, -1, -1, -2, 1, 1]"
482,dfs_bnb_mpi,0.222156,-10,11,61464,"[-1, -1, 2, 1, 2, 1, -2, 1, 2, 1, 2, -1, 2, -1, -2, -1, -1, -2, -1]"
483,dfs_bnb_mpi,4.57684,-10,11,1014252,"[-1, -1, 2, 2, 2, -1, 2, -1, -1, -2, -2, -2, 1, -2, 1, 2, 2, -1, 2]"
484,dfs_bnb_mpi,0.64358,-10,10,142582,"[-1, -2, -2, -2, -2, 1, 1, 2, -1, 2, 2, 1, -2, 1, 2, 2, -1, 2, 2]"
485,dfs_bnb_mpi,3.48704,-10,11,863108,"[-1, -1, 2, 2, 2, 1, 2, 2, 1, 1, -2, -1, -2, 1, -2, -1, -1, -2, 1]"
486,dfs_bnb_mpi,4.12563,-10,11,1032211,"[-1, -1, 2, 2, 2, 1, 1, -2, 1, 2, 1, -2, -2, -2, -1, 2, -1, -1, 2]"
487,dfs_bnb_mpi,3.77301,-11,12,835234,"[-1, -2, 1, 1, 2, 1, 1, -2, -2, 1, -2, -1, -1, -1, -1, 2, 1, 1, 2]"
488,dfs_bnb_mpi,3.18307,-10,11,799621,"[-1, -1, 2, -1, -1, -1, -2, 1, -2, -1, -2, 1, 1, 1, 1, 2, -1, -1, 2]"
489,dfs_bnb_mpi,1.0705,-10,11,255083,"[-1, -1, -1, -1, 2, -1, 2, 1, 2, 1, 1, 1, -2, -1, -1, -2, 1, 1, 1]"
490,dfs_bnb_mpi,2.74114,-10,11,732957,"[-1, -1, 2, -1, -2, -2, -2, -2, 1, 2, 2, 1, 1, 1, -2, -1, -1, -2, 1]"
491,dfs_bnb_mpi,1.10743,-11,12,263563,"[-1, -1, 2, 1, 1, 2, 1, -2, -2, -2, 1, -2, -1, -1, 2, -1, -1, -2, 1]"
492,dfs_bnb_mpi,4.42016,-10,11,1022200,"[-1, -1, 2, 2, 2, 2, 1, 2, 1, -2, 1, -2, -2, -1, 2, -1, -2, -2, 1]"
493,dfs_bnb_mpi,5.3259,-10,11,1178604,"[-1, -1, 2, 2, 2, 1, 2, 2, 1, -2, 1, -2, -1, -2, 1, -2, -1, -1, 2]"
494,dfs_bnb_mpi,2.73359,-11,11,623473,"[-1, -1, 2, 2, 2, 2, 1, 1, 1, -2, 1, -2, -1, -1, 2, -1, -2, -2, 1]"
495,dfs_bnb_mpi,0.246713,-10,11,58129,"[-1, -2, 1, 1, 2, 2, 1, 1, -2, -1, -2, 1, -2, -1, -2, -1, 2, -1, -1]"
496,dfs_bnb_mpi,1.93584,-10,11,444898,"[-1, -1, 2, 2, -1, -2, -2, -1, 2, 2, 2, 1, 1, 1, 1, -2, -2, -1, 2]"
497,dfs_bnb_mpi,1.61707,-10,11,430979,"[-1, -1, 2, 2, 1, -2, 1, 2, 2, 2, -1, -2, -1, -1, -2, -1, -2, 1, -2]"
498,dfs_bnb_mpi,0.663155,-9,10,182015,"[-1, -1, 2, 2, 1, -2, 1, 2, 2, -1, 2, 1, 1, -2, 1, -2, -1, -2, 1]"
499,dfs_bnb_mpi,1.74421,-10,11,410765,"[-1, -1, 2, 1, 1, 2, -1, -1, 2, 2, -1, -1, -2, 1, -2, -1, -2, 1, -2]"
500,dfs_bnb_mpi,1.31911,-10,11,376435,"[-1, -1, 2, 1, 2, 1, -2, 1, 2, 1, -2, -2, -1, -2, -2, -1, 2, -1, -1]"
501,dfs_bnb_mpi,6.09535,-10,11,1351759,"[-1, -1, 2, -1, -2, -1, -2, 1, 1, 1, 1, -2, -1, -1, -1, -2, 1, 1, 1]"
502,dfs_bnb_mpi,2.28889,-10,11,588747,"[-1, -1, 2, 2, 1, -2, 1, 2, 1, 1, 2, -1, 2, -1, -1, -1, -2, 1, 1]"
503,dfs_bnb_mpi,1.88929,-11,12,455991,"[-1, -2, 1, 1, 2, 2, -1, 2, 1, 1, 2, 1, -2, -2, -2, -2, -1, 2, 2]"
504,dfs_bnb_mpi,4.81133,-9,10,1185935,"[-1, -1, 2, 2, 2, 2, 1, -2, -2, 1, 1, 2, -1, 2, 1, 2, -1, -1, -1]"
505,dfs_bnb_mpi,0.732697,-9,10,180683,"[-1, -1, 2, 2, 2, 1, -2, -2, 1, 2, 1, -2, -2, 1, -2, -1, -1, -1, -1]"
506,dfs_bnb_mpi,0.375221,-10,11,103284,"[-1, -1, 2, 2, 2, 1, -2, -2, 1, 2, 2, 2, -1, -1, -1, -2, -2, -2, -1]"
507,dfs_bnb_mpi,1.52617,-11,12,399345,"[-1, -2, 1, 1, 2, 1, 2, 2, -1, -2, -1, -1, 2, 1, 2, 2, 1, -2, 1]"
508,dfs_bnb_mpi,0.549358,-11,12,141398,"[-1, -1, 2, 2, 1, -2, 1, 1, -2, -2, -2, -1, -1, -1, -1, 2, 1, 1, 1]"
509,dfs_bnb_mpi,4.59439,-10,11,1156310,"[-1, -1, 2, -1, -2, -1, -2, -2, -2, 1, 1, 2, 1, 1, 2, -1, -1, -1, -2]"
510,dfs_bnb_mpi,0.357647,-10,10,83538,"[-1, -1, 2, 2, 2, 1, 2, 2, 1, -2, -2, -2, -1, -2, 1, 1, 2, 2, 2]"
511,dfs_bnb_mpi,1.61391,-10,11,430780,"[-1, -1, 2, 2, 2, 2, 1, -2, 1, 2, 1, -2, -2, -1, -1, -2, 1, 1, -2]"
512,dfs_bnb_mpi,3.00715,-10,11,850761,"[-1, -1, 2, 1, 1, 1, 2, 2, 2, -1, 2, -1, -2, -2, -1, -2, 1, 1, 2]"
513,dfs_bnb_mpi,0.631861,-11,12,159567,"[-1, -1, 2, 2, 1, -2, 1, 1, 1, -2, -1, -2, 1, -2, -1, -1, -1, 2, 1]"
514,dfs_bnb_mpi,0.306421,-11,12,80559,"[-1, -1, 2, 1, 2, 2, 1, -2, -2, 1, 2, 2, 1, -2, 1, -2, -1, -2, -1]"
515,dfs_bnb_mpi,3.35681,-10,11,857546,"[-1, -1, 2, 1, 2, 1, -2, 1, 1, 2, 2, 2, -1, -1, -1, -2, 1, 1, -2]"
516,dfs_bnb_mpi,3.34366,-11,12,862577,"[-1, -2, 1, 1, 2, 1, 2, 2, 2, -1, -1, -2, -1, -1, -2, 1, 1, 1, 2]"
517,dfs_bnb_mpi,1.23733,-10,11,318604,"[-1, -1, 2, 2, 2, 1, -2, -2, 1, 1, 2, -1, 2, 2, -1, -1, -1, -2, -2]"
518,dfs_bnb_mpi,5.33828,-10,11,1334411,"[-1, -2, 1, 1, 2, 2, 2, 2, -1, -1, -1, -2, -1, -2, 1, 1, 2, 1, -2]"
519,dfs_bnb_mpi,0.888592,-10,11,224212,"[-1, -2, 1, 1, 2, 1, -2, 1, -2, -1, -1, -1, -1, -2, 1, 1, 1, 1, 1]"
520,dfs_bnb_mpi,1.04837,-11,12,277959,"[-1, -1, 2, 1, 1, 2, -1, -1, -1, -2, -2, -1, -2, 1, 1, 1, -2, 1, 2]"
521,dfs_bnb_mpi,1.52497,-9,10,395629,"[-1, -1, 2, 2, 1, -2, 1, 2, 2, 1, -2, -2, 1, -2, -1, -2, -1, -1, -1]"
522,dfs_bnb_mpi,2.52081,-11,12,575689,"[-1, -1, 2, 1, 2, 1, -2, 1, -2, 1, -2, -1, -1, -1, -1, -2, 1, 1, 1]"
523,dfs_bnb_mpi,1.3314,-11,12,320009,"[-1, -2, 1, 1, 2, 2, -1, -1, 2, -1, 2, -1, -2, -2, 1, -2, -1, -2, 1]"
524,dfs_bnb_mpi,1.97202,-10,11,498390,"[-1, -2, 1, 1, -2, -1, -1, -1, 2, 2, 2, 1, 2, 1, -2, 1, 1, -2, -1]"
525,dfs_bnb_mpi,0.938973,-10,11,240398,"[-1, -1, 2, 1, 1, 2, -1, 2, 1, 2, -1, -1, -1, -2, 1, -2, -1, -2, -1]"
526,dfs_bnb_mpi,1.88926,-10,11,517846,"[-1, -1, 2, 1, 2, -1, 2, 1, 2, 1, 2, 1, -2, -2, -2, -2, -1, 2, 2]"
527,dfs_bnb_mpi,0.591127,-11,12,140552,"[-1, -2, 1, 1, 1, -2, -1, -2, -1, 2, -1, -1, 2, 2, 2, 1, 1, 1, -2]"
528,dfs_bnb_mpi,1.68836,-11,11,458759,"[-1, -2, 1, 1, 1, 1, 2, -1, 2, 2, -1, -1, -1, -1, -2, 1, 1, 1, -2]"
529,dfs_bnb_mpi,3.60907,-11,12,910795,"[-1, -2, 1, 1, 1, 2, -1, 2, -1, 2, 1, 2, 1, 1, -2, -1, -2, 1, -2]"
530,dfs_bnb_mpi,0.469311,-10,11,119307,"[-1, -1, 2, 2, 2, 1, 1, -2, -1, -2, 1, 1, 1, 2, -1, 2, 2, 1, -2]"
531,dfs_bnb_mpi,2.2289,-10,11,527752,"[-1, -1, 2, -1, 2, -1, -2, -1, -2, 1, -2, -1, -2, 1, 1, 1, 2, -1, 2]"
532,dfs_bnb_mpi,4.14125,-11,12,1027890,"[-1, -2, 1, 1, -2, -2, -2, -1, -2, -1, -1, 2, 2, 2, 1, 1, -2, -1, -2]"
533,dfs_bnb_mpi,3.50132,-11,11,827929,"[-1, -2, 1, 1, 2, 2, -1, 2, 1, 2, -1, -1, -1, -2, 1, -2, -1, -2, -2]"
534,dfs_bnb_mpi,2.36109,-11,12,629283,"[-1, -2, 1, -2, 1, 2, 2, 1, 1, -2, -2, -2, -2, -1, -1, 2, 1, 2, 2]"
535,dfs_bnb_mpi,0.587269,-11,12,147665,"[-1, -1, 2, 1, 2, -1, -1, -2, -2, -2, 1, 1, 1, 1, 2, 2, 2, -1, -2]"
536,dfs_bnb_mpi,0.68344,-11,12,186009,"[-1, -2, 1, 1, 1, 1, 2, -1, -1, 2, 1, 2, 2, -1, -2, -1, -1, -2, 1]"
537,dfs_bnb_mpi,0.165175,-10,11,38529,"[-1, -1, 2, -1, -2, -2, 1, 1, 1, -2, -2, -1, 2, -1, -1, -2, 1, -2, 1]"
538,dfs_bnb_mpi,4.61853,-10,11,1051780,"[-1, -1, 2, 2, 2, -1, 2, -1, -2, -1, -2, 1, 1, -2, -1, -1, -2, 1, 1]"
539,dfs_bnb_mpi,0.462446,-10,11,118893,"[-1, -1, 2, 2, 2, 1, -2, -2, 1, 2, 2, 2, 2, -1, -2, -1, -1, 2, 1]"
540,dfs_bnb_mpi,4.51202,-10,11,1146140,"[-1, -1, -1, 2, -1, 2, 2, 2, 1, -2, -2, 1, 2, 2, 1, -2, -2, -2, -1]"
541,dfs_bnb_mpi,4.98999,-10,11,1168514,"[-1, -1, 2, -1, -2, -1, -1, -2, 1, -2, -2, 1, 1, 2, 1, 2, -1, -1, -2]"
542,dfs_bnb_mpi,1.10065,-11,12,306853,"[-1, -2, -2, -1, 2, 2, 2, 1, 1, 1, 1, -2, -1, -2, 1, -2, -1, -1, 2]"
543,dfs_bnb_mpi,0.166324,-10,11,40814,"[-1, -1, 2, 1, 1, 1, -2, 1, -2, -2, -1, 2, -1, -2, -1, 2, -1, -1, 2]"
544,dfs_bnb_mpi,1.69532,-11,12,367340,"[-1, -2, 1, 1, -2, -2, -2, -1, -2, -1, -1, 2, 1, 2, 1, 2, -1, -1, -2]"
545,dfs_bnb_mpi,1.65951,-11,12,444146,"[-1, -1, -1, -1, 2, 2, 2, 1, 1, -2, 1, 2, 1, -2, -2, -1, -1, -1, 2]"
546,dfs_bnb_mpi,0.934862,-10,11,212352,"[-1, -1, 2, -1, -2, -1, 2, 2, 1, 2, 1, -2, 1, -2, 1, 2, 2, -1, 2]"
547,dfs_bnb_mpi,0.68649,-10,11,177927,"[-1, -1, 2, 1, 1, 2, 1, -2, -2, 1, -2, -1, -1, -2, -1, 2, -1, -2, -1]"
548,dfs_bnb_mpi,0.25669,-10,10,64118,"[-1, -1, 2, 1, 1, 2, 1, 1, -2, -1, -2, 1, -2, -1, -1, -1, -2, 1, 1]"
549,dfs_bnb_mpi,2.04948,-11,12,464904,"[-1, -2, -1, -2, 1, -2, -2, 1, 2, 2, 2, 1, -2, -2, 1, 2, 2, 2, -1]"
550,dfs_bnb_mpi,0.063889,-10,11,15095,"[-1, -1, 2, 2, 1, -2, 1, 2, 1, -2, -2, -2, -1, -2, -1, 2, -1, -1, 2]"
551,dfs_bnb_mpi,2.86183,-11,12,648185,"[-1, -1, 2, -1, 2, 1, 2, 1, 2, 1, 1, -2, -1, -2, 1, -2, -1, -1, 2]"
552,dfs_bnb_mpi,4.92148,-11,12,1151024,"[-1, -2, -2, -1, 2, -1, -2, -1, 2, 2, 2, 1, 2, 1, 1, -2, -1, -2, -1]"
553,dfs_bnb_mpi,0.813539,-10,11,239437,"[-1, -2, 1, 1, 2, 1, -2, -2, -1, -1, -1, -2, 1, -2, -2, 1, 2, 2, 1]"
554,dfs_bnb_mpi,2.01946,-11,11,553840,"[-1, -1, 2, 2, 2, 1, 1, -2, 1, 1, -2, -2, -2, -1, 2, 2, -1, -1, 2]"
555,dfs_bnb_mpi,0.500639,-9,10,113600,"[-1, -2, -2, -1, 2, 2, -1, -2, -2, -1, 2, 2, 2, 1, 1, 1, 2, 2, 2]"
556,dfs_bnb_mpi,4.5247,-10,11,1135509,"[-1, -1, 2, 2, -1, -2, -1, -1, -2, -2, -2, 1, 1, 1, 2, -1, 2, -1, -2]"
557,dfs_bnb_mpi,2.08042,-10,11,475600,"[-1, -1, 2, -1, 2, -1, -2, -1, -2, 1, 1, -2, 1, -2, -1, -1, -1, 2, 1]"
558,dfs_bnb_mpi,0.059846,-10,11,14662,"[-1, -1, 2, 2, 1, -2, 1, 2, 2, 1, -2, -2, -2, 1, 2, 1, 2, -1, 2]"
559,dfs_bnb_mpi,0.209338,-10,11,52051,"[-1, -1, 2, 1, 2, 2, -1, -2, -1, -2, -2, -1, 2, -1, 2, 1, 2, 1, 2]"
560,dfs_bnb_mpi,4.48673,-10,10,1018778,"[-1, -1, 2, 1, 2, 1, -2, 1, -2, -2, -1, -2, -1, 2, -1, -2, -1, 2, 2]"
561,dfs_bnb_mpi,0.92749,-10,11,239680,"[-1, -2, 1, 1, 2, 2, 1, -2, -2, 1, -2, -1, -1, -2, -1, 2, -1, -2, -1]"
562,dfs_bnb_mpi,6.97875,-10,11,1571076,"[-1, -2, -1, -1, -2, 1, 1, 1, 2, 1, -2, -2, -1, -1, -1, -2, 1, 1, 1]"
563,dfs_bnb_mpi,0.45104,-10,11,120915,"[-1, -1, 2, 2, 2, 1, 1, -2, -1, -2, 1, 1, 1, 2, -1, 2, 2, -1, 2]"
564,dfs_bnb_mpi,1.12238,-11,12,285654,"[-1, -2, 1, 1, 2, 2, -1, 2, 2, 1, -2, 1, 2, 1, -2, -2, -2, -1, 2]"
565,dfs_bnb_mpi,0.244838,-11,12,58520,"[-1, -2, -1, 2, -1, -2, -2, -1, -2, 1, 1, 2, 1, -2, 1, 2, 1, 2, -1]"
566,dfs_bnb_mpi,2.98402,-11,11,801946,"[-1, -2, 1, 1, -2, -1, -2, -1, 2, -1, 2, 2, 2, -1, -2, -2, -2, -2, 1]"
567,dfs_bnb_mpi,0.953608,-10,11,244912,"[-1, -1, -1, 2, 1, 2, -1, 2, 2, 1, -2, 1, 1, -2, -1, -2, 1, 1, 2]"
568,dfs_bnb_mpi,2.65091,-11,11,648967,"[-1, -1, 2, 1, 2, 1, -2, 1, 1, -2, -1, -2, -2, -1, 2, -1, -1, -2, 1]"
569,dfs_bnb_mpi,3.84743,-10,11,922133,"[-1, -1, 2, 2, 2, 1, 2, 1, -2, 1, 1, -2, -2, -1, 2, -1, -1, -2, 1]"
570,dfs_bnb_mpi,1.42543,-11,12,392754,"[-1, -2, 1, 1, 1, 2, 1, 2, -1, 2, 1, 2, -1, -1, -2, -1, -2, 1, -2]"
571,dfs_bnb_mpi,0.786838,-10,11,204439,"[-1, -1, 2, 2, 2, 2, 1, -2, -2, -2, 1, 2, 1, -2, -2, -2, -1, -1, -1]"
572,dfs_bnb_mpi,3.91537,-10,9,1063140,"[-1, -1, 2, 2, 2, 1, 2, 1, -2, -2, 1, 1, -2, -2, -1, 2, -1, -1, 2]"
573,dfs_bnb_mpi,2.29465,-11,12,577702,"[-1, -2, 1, 1, 2, 2, 1, 1, -2, -1, -2, 1, -2, -1, -2, -1, 2, -1, -2]"
574,dfs_bnb_mpi,0.683196,-11,12,180172,"[-1, -2, -2, -1, 2, 2, 2, -1, -2, -2, -2, -2, 1, 1, 1, 1, 2, -1, 2]"
575,dfs_bnb_mpi,1.11368,-10,11,270373,"[-1, -1, 2, 1, 2, 1, -2, 1, 1, -2, -1, -2, -1, -1, -1, -2, 1, 1, 1]"
576,dfs_bnb_mpi,0.077381,-10,11,19079,"[-1, -1, -1, -1, 2, 1, 1, 2, 1, -2, 1, 2, 2, -1, -1, -1, -2, -1, 2]"
577,dfs_bnb_mpi,1.62811,-11,12,376301,"[-1, -2, -2, -1, -2, 1, -2, 1, 2, 2, 2, 1, -2, -2, 1, 2, 2, 2, -1]"
578,dfs_bnb_mpi,3.59197,-11,12,833299,"[-1, -2, 1, 1, 2, 2, 1, -2, 1, -2, -2, -2, -1, -1, -1, 2, 1, 1, 2]"
579,dfs_bnb_mpi,2.15814,-11,12,523461,"[-1, -2, -1, -1, -2, 1, -2, 1, 2, 1, 2, 1, 2, 1, -2, -2, -1, -2, -1]"
580,dfs_bnb_mpi,5.05598,-10,11,1163268,"[-1, -1, 2, 2, -1, 2, -1, -1, -1, -2, 1, 1, -2, 1, -2, -1, -1, 2, -1]"
581,dfs_bnb_mpi,1.52959,-11,12,395443,"[-1, -2, 1, 1, 2, 2, 1, -2, -2, -2, -2, -1, -1, -1, -1, 2, 1, 1, 1]"
582,dfs_bnb_mpi,4.34533,-10,11,1110773,"[-1, -1, 2, 2, 2, -1, 2, -1, -1, -2, -2, -2, 1, -2, 1, 2, 2, -1, 2]"
583,dfs_bnb_mpi,1.54208,-10,11,406780,"[-1, -1, 2, -1, -1, -1, -2, 1, 1, -2, 1, -2, -1, -1, -2, -1, 2, 2, 1]"
584,dfs_bnb_mpi,5.12168,-10,11,1186311,"[-1, -1, 2, -1, -2, -1, -1, -2, -1, -2, 1, 1, 2, 1, 1, 1, -2, -1, -1]"
585,dfs_bnb_mpi,2.61435,-10,11,644534,"[-1, -1, 2, -1, 2, -1, -1, -1, -2, 1, -2, -1, -2, 1, 1, 1, 2, -1, 2]"
586,dfs_bnb_mpi,4.40496,-10,11,1127625,"[-1, -1, 2, 2, -1, -2, -1, 2, -1, -1, -2, 1, -2, -2, 1, 2, 1, -2, 1]"
587,dfs_bnb_mpi,4.40742,-10,11,1015576,"[-1, -1, -1, 2, 2, 2, 2, 2, 1, -2, 1, -2, -1, -2, 1, 1, -2, -1, -1]"
588,dfs_bnb_mpi,8.43364,-9,10,1955825,"[-1, -1, 2, 2, 2, 1, 2, 1, 1, 1, -2, -2, -1, 2, -1, -2, -1, -2, 1]"
589,dfs_bnb_mpi,0.337065,-10,11,91083,"[-1, -1, 2, 1, 2, -1, 2, 1, 2, 1, -2, 1, -2, -1, -2, 1, 1, 2, 2]"
590,dfs_bnb_mpi,1.15664,-11,12,288234,"[-1, -1, 2, -1, -2, -1, -2, 1, 1, 1, 1, -2, -1, -1, -1, -1, -2, 1, 1]"
591,dfs_bnb_mpi,6.53561,-10,11,1507646,"[-1, -2, -1, -2, 1, 1, 1, 1, 1, 2, 2, 2, -1, -1, -2, 1, -2, -1, -1]"
592,dfs_bnb_mpi,0.792491,-11,12,192264,"[-1, -2, 1, 1, 2, 2, -1, 2, 2, 1, -2, 1, -2, -2, 1, 2, 2, 2, -1]"
593,dfs_bnb_mpi,0.562091,-10,11,144819,"[-1, -1, 2, 2, -1, -2, -1, -2, 1, -2, 1, 1, -2, -1, -1, -1, 2, -1, 2]"
594,dfs_bnb_mpi,2.46436,-10,11,693299,"[-1, -1, 2, 2, 2, 2, 1, -2, 1, 2, 1, -2, 1, -2, -1, -1, -1, -2, 1]"
595,dfs_bnb_mpi,3.34061,-10,11,840475,"[-1, -1, 2, 2, 2, 1, 1, -2, -1, -2, 1, 1, 2, 2, 1, -2, -2, -2, -1]"
596,dfs_bnb_mpi,0.435112,-10,11,100454,"[-1, -1, 2, 2, 2, 1, 1, 1, -2, -1, -1, -2, 1, 1, -2, 1, 2, 2, 2]"
597,dfs_bnb_mpi,1.68355,-10,11,385621,"[-1, -1, 2, 2, -1, 2, 1, 1, 2, 1, 1, -2, -1, -2, -1, -2, 1, 1, 2]"
598,dfs_bnb_mpi,0.346074,-10,11,89367,"[-1, -1, 2, 2, 1, -2, 1, 1, 2, -1, 2, 2, -1, -2, -1, -1, 2, 1, 2]"
599,dfs_bnb_mpi,0.38303,-10,11,102872,"[-1, -1, 2, 2, 2, 1, -2, -2, 1, 2, 2, 2, -1, -1, -1, -2, -2, -2, -1]"
600,dfs_bnb_mpi,0.372506,-11,12,95724,"[-1, -1, 2, 1, 2, 2, -1, -2, -1, -2, -2, -2, 1, 1, 1, 1, 2, 2, -1]"
601,dfs_bnb_mpi,2.82715,-10,11,670126,"[-1, -1, 2, -1, -2, -1, -2, 1, 1, 1, 1, -2, -1, -1, -1, -2, 1, 1, 1]"
602,dfs_bnb_mpi,0.46294,-11,12,115755,"[-1, -1, 2, 1, 1, 2, -1, -1, -1, -1, -2, 1, -2, -2, -2, 1, 1, 2, -1]"
603,dfs_bnb_mpi,0.82702,-10,11,209766,"[-1, -1, 2, -1, 2, 1, 2, 1, -2, -2, 1, 2, 1, -2, -2, -2, -1, -1, -1]"
604,dfs_bnb_mpi,2.27182,-11,12,607517,"[-1, -2, 1, 1, 2, 1, -2, 1, -2, -1, -1, -1, -1, -1, -2, 1, 1, 1, 1]"
605,dfs_bnb_mpi,2.26488,-10,11,525732,"[-1, -1, 2, 2, 2, 2, -1, -1, -1, -2, 1, 1, -2, -1, -1, -2, 1, 1, -2]"
606,dfs_bnb_mpi,1.71847,-10,10,385760,"[-1, -1, 2, 2, 2, 2, 1, 2, 1, -2, 1, -2, -1, -1, -2, -2, 1, 2, 1]"
607,dfs_bnb_mpi,0.395245,-11,11,89392,"[-1, -1, -1, 2, -1, 2, 2, 1, -2, 1, -2, 1, 1, 2, -1, 2, 2, -1, -2]"
608,dfs_bnb_mpi,1.72572,-11,12,458902,"[-1, -1, 2, 1, 1, 1, 1, -2, 1, -2, -1, -2, -1, -1, -1, 2, 1, 1, 2]"
609,dfs_bnb_mpi,0.300626,-11,12,78375,"[-1, -1, 2, 1, 2, 2, 1, -2, -2, 1, 2, 2, 1, -2, 1, -2, -1, -2, -1]"
610,dfs_bnb_mpi,2.10881,-10,11,513455,"[-1, -1, 2, 2, -1, -2, -1, -1, -2, 1, -2, -1, -2, 1, 1, 1, 2, -1, 2]"
611,dfs_bnb_mpi,0.317507,-10,11,84744,"[-1, -1, 2, 2, 1, -2, 1, 1, 2, -1, 2, 2, -1, -2, -1, 2, 2, 1, 2]"
612,dfs_bnb_mpi,0.559095,-10,10,148421,"[-1, -1, 2, 2, -1, -2, -2, -1, 2, 2, 2, 1, 1, 1, -2, -2, 1, 2, 2]"
613,dfs_bnb_mpi,4.72241,-10,11,1128448,"[-1, -1, 2, -1, -1, -1, -2, -2, -2, 1, 1, 1, 1, 2, -1, -1, 2, -1, -2]"
614,dfs_bnb_mpi,0.168462,-10,11,40862,"[-1, -1, 2, 1, 2, 2, 1, 1, -2, -1, -2, 1, -2, -2, -1, -1, -1, -1, 2]"
615,dfs_bnb_mpi,1.02035,-11,12,290332,"[-1, -2, -1, 2, 2, 1, 1, 1, 1, -2, -2, -2, -2, -1, 2, -1, 2, 1, 2]"
616,dfs_bnb_mpi,1.73208,-10,10,410112,"[-1, -1, 2, 2, -1, -2, -2, -1, 2, -1, -2, -2, 1, 1, 1, 1, -2, -1, -1]"
617,dfs_bnb_mpi,1.75601,-10,11,413208,"[-1, -1, 2, 2, 1, -2, 1, 2, 1, -2, 1, -2, -1, -2, -1, -1, -2, 1, 1]"
618,dfs_bnb_mpi,0.623101,-11,12,176301,"[-1, -1, -1, 2, 1, 1, 2, -1, -1, -1, 2, 1, 2, 1, -2, 1, 1, -2, -2]"
619,dfs_bnb_mpi,2.04938,-10,11,475277,"[-1, -1, 2, 1, 2, 1, 2, 2, 1, 1, -2, -1, -2, 1, -2, -2, -1, 2, -1]"
620,dfs_bnb_mpi,1.23101,-11,12,310168,"[-1, -1, -1, 2, 1, 1, 2, -1, -1, -1, -2, -2, -2, 1, 1, 1, -2, -1, -1]"
621,dfs_bnb_mpi,2.47438,-10,11,675422,"[-1, -1, 2, 2, 2, 1, 2, -1, 2, 1, 1, -2, -2, 1, -2, -1, -1, -2, 1]"
622,dfs_bnb_mpi,0.796618,-10,11,187464,"[-1, -1, 2, 2, 2, 2, 1, -2, 1, 1, -2, -1, -1, -2, 1, 1, -2, -2, -1]"
623,dfs_bnb_mpi,0.274534,-11,12,62813,"[-1, -1, 2, 1, 1, 1, -2, 1, -2, -2, -1, 2, -1, -1, -1, -2, 1, 1, -2]"
624,dfs_bnb_mpi,1.05995,-10,11,256068,"[-1, -1, -1, -1, 2, 2, 2, 2, 1, -2, 1, 1, -2, -1, -1, -2, 1, 1, 1]"
625,dfs_bnb_mpi,2.48724,-11,12,688083,"[-1, -2, 1, 1, 2, 2, 1, -2, -2, 1, 2, 1, 2, -1, 2, -1, -1, -1, -2]"
626,dfs_bnb_mpi,2.11814,-11,12,568366,"[-1, -2, 1, 1, 2, 1, 1, -2, -1, -2, -1, -1, -2, 1, -2, 1, 2, 1, 2]"
627,dfs_bnb_mpi,1.18374,-11,12,328319,"[-1, -1, 2, 1, 1, 2, -1, 2, -1, -2, -1, -2, -2, -1, -2, 1, 1, 1, 1]"
628,dfs_bnb_mpi,1.21114,-10,11,361638,"[-1, -1, 2, 2, 2, 1, -2, -2, 1, 1, 1, 2, 2, -1, 2, -1, -2, -2, 1]"
629,dfs_bnb_mpi,0.464054,-11,11,122890,"[-1, -2, 1, 1, 2, 2, 1, -2, -2, 1, 2, 2, 2, 2, -1, -2, -1, -1, -2]"
630,dfs_bnb_mpi,1.93601,-10,11,486507,"[-1, -1, 2, -1, 2, -1, -2, -2, 1, -2, 1, 1, -2, -1, -1, -1, -1, 2, 1]"
631,dfs_bnb_mpi,2.26197,-11,12,633416,"[-1, -2, 1, 1, 2, 1, -2, -2, -2, -1, -1, -2, -1, -1, 2, 1, 2, 1, 1]"
632,dfs_bnb_mpi,3.19107,-10,11,840191,"[-1, -1, 2, 2, -1, 2, 2, 1, 2, 1, -2, 1, -2, -2, -2, -1, 2, 2, -1]"
633,dfs_bnb_mpi,0.10527,-9,10,25193,"[-1, -1, 2, 2, 2, 2, 1, 1, -2, -1, -2, -2, 1, 2, 1, 1, 2, -1, 2]"
634,dfs_bnb_mpi,0.1598,-10,11,39834,"[-1, -1, 2, 1, 2, -1, 2, 1, 1, 1, -2, -1, -2, 1, 1, -2, -1, -2, 1]"
635,dfs_bnb_mpi,2.56887,-11,12,670666,"[-1, -1, -1, -1, 2, 2, 2, 2, 1, -2, 1, -2, 1, 1, -2, -1, -1, -1, 2]"
636,dfs_bnb_mpi,0.804017,-11,12,195546,"[-1, -2, -2, -2, -2, 1, 2, 2, 2, 1, 2, 1, -2, -2, -2, -2, -1, 2, 2]"
637,dfs_bnb_mpi,0.377999,-11,12,99481,"[-1, -2, 1, 1, 2, 2, -1, 2, 1, 1, -2, -2, -2, 1, 2, 1, 2, -1, 2]"
638,dfs_bnb_mpi,0.842032,-10,11,203586,"[-1, -1, 2, 1, 1, 2, 2, 2, -1, -1, -2, 1, -2, -1, -1, -1, 2, 1, 2]"
639,dfs_bnb_mpi,2.05688,-10,11,479905,"[-1, -1, 2, -1, 2, -1, -2, -1, -2, -2, 1, 2, 1, -2, 1, 1, -2, -1, -1]"
640,dfs_bnb_mpi,0.570799,-11,12,154372,"[-1, -1, 2, 1, 1, 1, -2, -2, -1, -1, -1, -1, 2, 2, -1, 2, 1, 1, 1]"
641,dfs_bnb_mpi,0.149727,-10,11,36572,"[-1, -1, 2, 1, 2, 1, -2, 1, -2, -2, -1, -1, -1, -1, 2, 2, 2, 1, 2]"
642,dfs_bnb_mpi,0.204884,-10,11,51622,"[-1, -1, 2, 1, 2, -1, 2, 1, 1, -2, -2, 1, 1, -2, -1, -2, -1, -1, -1]"
643,dfs_bnb_mpi,0.428713,-10,11,99701,"[-1, -1, 2, 1, 2, 2, 2, 1, 1, 1, -2, -1, -1, -2, -2, 1, 2, 1, 1]"
644,dfs_bnb_mpi,1.23546,-10,10,344096,"[-1, -1, 2, 2, 1, -2, 1, 2, 2, 2, 1, -2, 1, -2, -1, -2, 1, -2, -1]"
645,dfs_bnb_mpi,1.27396,-11,12,320195,"[-1, -2, 1, 1, 2, 2, -1, 2, -1, -2, -1, 2, -1, -2, -2, 1, -2, -2, 1]"
646,dfs_bnb_mpi,0.959112,-10,11,229378,"[-1, -1, 2, 2, 2, 2, 1, -2, -2, -2, 1, 1, 2, -1, 2, 2, 1, -2, 1]"
647,dfs_bnb_mpi,0.827414,-11,12,203344,"[-1, -2, -2, 1, 2, 1, 2, 2, -1, -1, -1, -2, -2, -2, -1, 2, 2, -1, -2]"
648,dfs_bnb_mpi,0.15405,-10,10,41584,"[-1, -1, 2, 2, 2, 1, -2, -2, 1, 2, 2, 2, 1, -2, -2, 1, -2, -1, -2]"
649,dfs_bnb_mpi,0.461908,-9,10,136847,"[-1, -1, 2, 2, 1, -2, 1, 2, 2, -1, 2, 1, 2, 1, -2, -2, -2, -2, 1]"
650,dfs_bnb_mpi,2.52536,-10,11,704036,"[-1, -1, 2, 1, 2, 1, -2, 1, -2, -2, -1, -2, -2, -1, -1, 2, 2, 1, -2]"
651,dfs_bnb_mpi,1.67194,-11,12,407810,"[-1, -1, 2, 1, 2, 1, -2, 1, 1, -2, -1, -2, -1, -1, -2, 1, 1, 1, 2]"
652,dfs_bnb_mpi,3.80195,-11,12,851901,"[-1, -2, 1, 1, 2, 2, 1, -2, 1, -2, -2, -2, -1, -1, -1, 2, 1, 1, 2]"
653,dfs_bnb_mpi,0.149339,-10,11,34039,"[-1, -1, 2, 1, 2, 1, -2, 1, -2, -2, -2, -1, 2, -1, -1, -2, 1, -2, 1]"
654,dfs_bnb_mpi,3.00858,-10,11,743323,"[-1, -1, 2, 2, 2, 2, 1, 2, 1, -2, 1, -2, -2, -1, -2, -1, 2, 2, 1]"
655,dfs_bnb_mpi,1.55191,-11,12,380869,"[-1, -1, 2, 1, 1, 2, 2, 2, -1, 2, -1, -2, -1, -2, -2, 1, 2, 1, -2]"
656,dfs_bnb_mpi,1.36125,-11,11,374864,"[-1, -1, 2, 1, 1, 2, -1, 2, 1, 1, 1, -2, -2, 1, -2, -1, -1, 2, 2]"
657,dfs_bnb_mpi,1.85261,-10,11,483596,"[-1, -1, 2, 2, 1, -2, 1, 2, 2, -1, -1, -1, -1, -2, -2, -2, 1, 2, 2]"
658,dfs_bnb_mpi,0.451956,-10,11,116136,"[-1, -1, 2, 2, -1, -1, -1, -2, 1, 1, -2, -1, -1, -2, 1, -2, 1, 2, 1]"
659,dfs_bnb_mpi,2.25492,-11,12,541975,"[-1, -2, -2, -2, 1, 2, 2, 1, 2, 2, 1, -2, -2, -2, 1, -2, -1, -1, 2]"
660,dfs_bnb_mpi,2.37737,-11,11,551396,"[-1, -1, 2, 2, 2, 2, 1, -2, 1, 1, 1, -2, -1, -1, -1, -2, 1, 1, -2]"
661,dfs_bnb_mpi,6.63353,-9,10,1498975,"[-1, -1, 2, 2, 2, 1, 2, 1, 1, 1, -2, -2, -1, 2, -1, -2, -1, -2, 1]"
662,dfs_bnb_mpi,0.851364,-10,11,222124,"[-1, -1, 2, 2, 2, 1, 1, -2, -1, -2, 1, 1, 2, 2, 2, -1, 2, -1, -2]"
663,dfs_bnb_mpi,5.56325,-10,11,1253064,"[-1, -2, 1, 1, 2, 2, 1, -2, -2, 1, -2, -2, -1, 2, -1, -2, -1, 2, -1]"
664,dfs_bnb_mpi,5.92052,-10,11,1332098,"[-1, -2, -1, -1, -1, 2, 2, 2, 2, 1, 1, -2, 1, -2, -1, -2, -1, 2, 2]"
665,dfs_bnb_mpi,0.966775,-11,12,256584,"[-1, -1, 2, 1, 2, -1, -1, -2, -1, -1, 2, 1, 2, 1, 1, 1, 1, -2, -2]"
666,dfs_bnb_mpi,1.67809,-9,10,423713,"[-1, -1, 2, 2, -1, -1, -1, -2, 1, 1, -2, -2, -2, -1, 2, 2, -1, -2, -1]"
667,dfs_bnb_mpi,0.98078,-10,11,270679,"[-1, -1, 2, 1, 2, 2, 2, 1, 1, -2, -1, -2, 1, 1, -2, -2, -1, 2, -1]"
668,dfs_bnb_mpi,4.24419,-10,11,960415,"[-1, -1, 2, -1, -2, -2, 1, 1, 1, 1, 2, 1, 2, -1, 2, -1, -1, -2, 1]"
669,dfs_bnb_mpi,0.893278,-10,10,233750,"[-1, -1, 2, 1, 1, 2, -1, 2, -1, -2, -1, -2, -1, -2, 1, -2, 1, 1, 1]"
670,dfs_bnb_mpi,0.187315,-10,11,48017,"[-1, -1, 2, 1, 2, 2, 1, -2, -2, 1, 2, 2, 1, -2, -2, 1, -2, -1, -1]"
671,dfs_bnb_mpi,1.16208,-10,11,299192,"[-1, -2, 1, 1, 1, 2, -1, 2, 2, -1, -2, -1, -1, -2, -2, -2, 1, 1, 1]"
672,dfs_bnb_mpi,0.403558,-11,12,93306,"[-1, -1, 2, 1, 2, 2, 1, 1, -2, -1, -2, 1, -2, -2, -1, -1, -2, -1, 2]"
673,dfs_bnb_mpi,1.3625,-10,11,323621,"[-1, -2, 1, 1, 2, 2, 1, -2, 1, -2, -1, -2, -1, -1, -1, -2, 1, 1, 1]"
674,dfs_bnb_mpi,0.791823,-10,11,193498,"[-1, -1, 2, 2, 1, -2, 1, 1, 1, 2, -1, -1, 2, 1, 2, -1, -1, -2, -1]"
675,dfs_bnb_mpi,1.58228,-10,11,415026,"[-1, -1, 2, 2, 1, -2, 1, 2, 1, -2, 1, -2, -2, -2, -1, -1, 2, 1, 2]"
676,dfs_bnb_mpi,3.05663,-10,11,774056,"[-1, -1, 2, -1, -2, -1, -1, 2, 2, 2, 2, 1, -2, 1, 1, -2, -1, -1, -2]"
677,dfs_bnb_mpi,0.293416,-10,11,77949,"[-1, -1, 2, 2, 1, -2, 1, 2, 2, -1, 2, -1, -2, -1, -2, -2, -1, -2, 1]"
678,dfs_bnb_mpi,1.20579,-11,11,310677,"[-1, -2, 1, 1, 2, 1, 1, 1, -2, -1, -1, -2, 1, -2, -1, -1, 2, -1, -1]"
679,dfs_bnb_mpi,0.583573,-11,11,158530,"[-1, -1, 2, 1, 1, 2, -1, -1, -1, -2, -2, -2, -2, 1, 2, 1, 1, 1, 2]"
680,dfs_bnb_mpi,1.60548,-10,11,413696,"[-1, -1, 2, 1, 2, -1, -1, -2, -1, 2, 2, 1, 2, 1, -2, 1, 1, -2, -2]"
681,dfs_bnb_mpi,3.31895,-11,12,851968,"[-1, -2, -1, 2, 2, 2, 1, -2, 1, 1, -2, 1, -2, -2, -1, 2, -1, -2, -1]"
682,dfs_bnb_mpi,2.15177,-11,12,548544,"[-1, -1, 2, 2, 2, 2, 1, -2, 1, -2, 1, 1, -2, -2, -1, 2, -1, -1, 2]"
683,dfs_bnb_mpi,1.21564,-9,10,300294,"[-1, -1, 2, 2, 2, 2, 2, -1, -2, -2, -2, -2, -2, -1, 2, 2, 2, 2, 2]"
684,dfs_bnb_mpi,1.56562,-11,12,419287,"[-1, -2, 1, 1, 2, 2, 1, -2, -2, -2, -2, -2, -1, 2, -1, -1, 2, 1, 1]"
685,dfs_bnb_mpi,0.912434,-10,11,235693,"[-1, -1, 2, 1, 1, 2, 1, -2, -2, -2, -1, -1, -2, -1, 2, -1, 2, 2, 2]"
686,dfs_bnb_mpi,0.278347,-11,12,77055,"[-1, -1, -1, 2, 1, 2, 1, -2, 1, 1, 2, -1, 2, -1, -1, -1, -1, -2, 1]"
687,dfs_bnb_mpi,0.245659,-11,12,61382,"[-1, -1, 2, 1, 2, -1, 2, 1, 1, -2, -2, 1, 1, 2, -1, 2, 2, 1, -2]"
688,dfs_bnb_mpi,0.369582,-10,11,87198,"[-1, -1, 2, 2, 2, 1, 1, 1, -2, -1, -1, -2, 1, 1, -2, 1, 2, 2, 2]"
689,dfs_bnb_mpi,0.784411,-11,12,215764,"[-1, -1, 2, 2, 2, 1, -2, -2, 1, 2, 2, 1, 1, -2, -2, -2, -1, 2, 2]"
690,dfs_bnb_mpi,0.898526,-10,10,240813,"[-1, -1, 2, 2, 1, -2, 1, 1, 2, -1, 2, -1, 2, -1, -2, -1, -2, -2, -1]"
691,dfs_bnb_mpi,8.11847,-9,10,1868715,"[-1, -1, 2, 2, 2, 2, 2, 1, 1, -2, 1, -2, -1, -2, -2, -1, 2, 2, 2]"
692,dfs_bnb_mpi,0.815738,-9,10,220238,"[-1, -1, -1, 2, 1, 2, 1, -2, 1, 2, 2, -1, 2, 1, 1, -2, -2, -2, 1]"
693,dfs_bnb_mpi,1.04832,-11,12,243164,"[-1, -1, -1, 2, -1, 2, -1, 2, 1, 1, -2, 1, -2, 1, 1, 2, -1, 2, -1]"
694,dfs_bnb_mpi,0.260013,-9,9,60697,"[-1, -1, 2, 2, -1, -2, -2, -1, 2, 2, 2, 1, 1, 1, -2, -2, 1, 2, 2]"
695,dfs_bnb_mpi,2.17326,-10,11,526689,"[-1, -1, -1, 2, 2, 2, 2, 1, 1, 1, -2, -1, -1, -2, 1, 1, -2, -1, -1]"
696,dfs_bnb_mpi,3.3364,-11,11,885836,"[-1, -2, 1, 1, 1, 1, 2, -1, 2, 2, -1, -1, 2, -1, -2, -2, 1, 1, -2]"
697,dfs_bnb_mpi,0.176262,-10,11,44469,"[-1, -1, 2, 2, 1, -2, 1, 2, 2, 1, -2, -2, 1, -2, -1, -2, -1, -1, -1]"
698,dfs_bnb_mpi,1.8241,-10,11,416043,"[-1, -2, -1, -2, 1, -2, 1, 2, 2, 1, 2, 2, 1, -2, -2, -2, -1, -2, 1]"
699,dfs_bnb_mpi,0.649651,-11,12,169059,"[-1, -2, 1, 1, 2, 1, -2, -2, -1, -1, -1, -1, -2, 1, 1, -2, 1, 2, 1]"
700,dfs_bnb_mpi,0.571654,-11,12,144094,"[-1, -1, 2, 1, 1, 1, -2, -2, 1, -2, -1, -1, -1, -1, -1, 2, 1, 1, 1]"
701,dfs_bnb_mpi,4.25553,-10,11,1009815,"[-1, -1, 2, 2, -1, -2, -1, -2, 1, -2, -1, -1, -2, 1, 1, 1, 2, 1, -2]"
702,dfs_bnb_mpi,4.52226,-10,10,1027287,"[-1, -1, 2, -1, -2, -1, -2, -1, -2, 1, 1, 2, 1, 1, -2, -1, -2, -1, -1]"
703,dfs_bnb_mpi,5.09035,-11,12,1195469,"[-1, -2, -2, -1, -2, -1, -2, 1, 1, 2, 1, -2, 1, 2, 2, -1, 2, 1, 2]"
704,dfs_bnb_mpi,0.427009,-11,11,101368,"[-1, -1, 2, -1, 2, 1, 2, 1, -2, -2, 1, 2, 2, 1, -2, 1, -2, -1, -2]"
705,dfs_bnb_mpi,0.172223,-10,11,47447,"[-1, -1, 2, 2, 2, 1, 1, -2, -1, -2, 1, 1, 2, 1, 2, -1, 2, -1, 2]"
706,dfs_bnb_mpi,1.12548,-11,11,284771,"[-1, -2, -1, -2, -1, -2, 1, 1, 2, 1, 2, 1, 2, 1, -2, -2, -1, -2, -1]"
707,dfs_bnb_mpi,0.261951,-10,11,73129,"[-1, -1, 2, 1, 2, -1, -1, -2, -2, -2, 1, 1, 1, 1, 1, 2, -1, 2, -1]"
708,dfs_bnb_mpi,1.35905,-10,11,311216,"[-1, -2, 1, 1, 2, 2, 2, 2, -1, -1, -1, -2, 1, 1, -2, -1, -1, -2, -1]"
709,dfs_bnb_mpi,2.78743,-10,11,783538,"[-1, -1, 2, 2, 1, -2, 1, 2, 2, -1, 2, 2, 1, -2, 1, -2, -2, -2, -2]"
710,dfs_bnb_mpi,2.92842,-11,12,676128,"[-1, -1, -1, 2, 1, 2, 1, -2, 1, 1, -2, -2, -1, -1, -1, -1, -2, 1, 1]"
711,dfs_bnb_mpi,0.849821,-9,10,210008,"[-1, -1, 2, 2, 1, -2, 1, 2, 2, 2, -1, -2, -1, 2, -1, -2, -2, -2, -1]"
712,dfs_bnb_mpi,1.22311,-9,10,321427,"[-1, -1, 2, 2, 2, 2, -1, -2, -2, -1, 2, -1, -2, -2, 1, 1, -2, -1, -1]"
713,dfs_bnb_mpi,4.44176,-10,11,1106353,"[-1, -1, 2, 1, 1, 2, -1, 2, 1, 1, -2, -2, 1, -2, -1, -2, -1, -1, -1]"
714,dfs_bnb_mpi,2.69441,-11,10,645029,"[-1, -1, 2, 2, 2, 2, 1, 1, 2, 1, -2, -2, -2, -1, 2, -1, -2, -2, 1]"
715,dfs_bnb_mpi,1.30036,-9,10,352323,"[-1, -1, 2, 2, 2, 2, -1, -1, -2, 1, -2, -2, -1, 2, -1, -2, -2, 1, 1]"
716,dfs_bnb_mpi,2.10141,-11,12,532511,"[-1, -1, 2, 1, 2, 2, 1, 1, 2, 1, -2, -2, -2, -2, -1, 2, 2, -1, -2]"
717,dfs_bnb_mpi,0.421989,-10,11,105695,"[-1, -1, -1, 2, 1, 1, 2, -1, 2, 1, 1, 1, -2, -1, -2, 1, -2, 1, 2]"
718,dfs_bnb_mpi,1.25333,-11,12,329086,"[-1, -2, 1, 1, 1, -2, -1, -1, -1, -2, -2, -2, 1, 2, 2, 1, 1, -2, -1]"
719,dfs_bnb_mpi,2.77102,-10,11,660858,"[-1, -1, 2, -1, 2, -1, -2, -1, -2, 1, -2, -1, -2, 1, 1, 1, 2, -1, 2]"
720,dfs_bnb_mpi,1.82943,-9,10,417564,"[-1, -1, 2, 2, 2, 2, 1, 1, 1, -2, -1, -1, -2, -2, 1, 2, 1, -2, 1]"
721,dfs_bnb_mpi,3.34963,-10,11,870599,"[-1, -1, 2, 2, 2, 1, -2, -2, 1, 1, -2, 1, 2, 2, 2, -1, -1, -2, 1]"
722,dfs_bnb_mpi,2.45628,-11,12,639254,"[-1, -1, 2, 1, 2, 2, 1, 2, 1, -2, 1, -2, -2, -2, -1, 2, 2, -1, -2]"
723,dfs_bnb_mpi,1.94569,-10,11,451046,"[-1, -1, 2, -1, 2, -1, -1, -2, 1, -2, 1, -2, 1, 1, -2, -1, -1, -1, 2]"
724,dfs_bnb_mpi,0.096648,-10,11,23343,"[-1, -2, 1, 1, 2, 1, -2, -2, -1, -2, -1, 2, -1, -1, -2, 1, -2, 1, 1]"
725,dfs_bnb_mpi,1.19858,-11,12,302372,"[-1, -1, 2, 1, 2, 1, 2, 1, -2, 1, 2, 1, -2, -2, -1, -2, -1, 2, -1]"
726,dfs_bnb_mpi,5.10896,-10,11,1166152,"[-1, -1, 2, 2, 2, 1, 1, 1, 1, -2, -1, -1, -1, -2, 1, 1, 1, -2, -1]"
727,dfs_bnb_mpi,0.434111,-10,11,104994,"[-1, -1, 2, 1, 1, 2, 1, 1, 1, -2, -1, -1, -2, 1, -2, -1, -1, -1, -1]"
728,dfs_bnb_mpi,1.87991,-10,11,536946,"[-1, -1, 2, 2, 2, 1, -2, -2, 1, 2, 1, 1, 1, -2, -2, -1, 2, -1, -2]"
729,dfs_bnb_mpi,0.261073,-11,11,72218,"[-1, -1, 2, 1, 1, 1, 2, -1, -1, -1, -1, -2, -2, -2, 1, 1, 1, 1, 2]"
730,dfs_bnb_mpi,4.58075,-10,11,1162139,"[-1, -1, 2, -1, -1, -2, -2, -2, 1, -2, 1, 2, 1, 1, 2, -1, -1, -1, 2]"
731,dfs_bnb_mpi,0.320695,-11,12,84670,"[-1, -1, 2, 2, 2, 1, 1, -2, -1, -2, 1, 1, -2, -2, -1, -2, -1, 2, -1]"
732,dfs_bnb_mpi,0.815416,-11,12,218053,"[-1, -1, 2, 1, 2, 2, 1, -2, 1, 2, 1, -2, 1, -2, -1, -2, -1, 2, -1]"
733,dfs_bnb_mpi,0.086688,-10,11,21748,"[-1, -1, 2, -1, -2, -2, -2, 1, 2, 1, -2, 1, 2, 1, 2, 2, -1, -1, 2]"
734,dfs_bnb_mpi,0.433657,-10,11,119295,"[-1, -1, 2, 2, 1, -2, 1, 1, -2, -2, -1, -1, -2, -1, 2, -1, 2, 2, 2]"
735,dfs_bnb_mpi,1.32123,-11,12,363002,"[-1, -1, 2, 2, 1, -2, 1, 2, 2, 1, -2, 1, 1, -2, -2, -1, 2, -1, -2]"
736,dfs_bnb_mpi,1.75165,-11,12,479771,"[-1, -2, 1, 1, -2, -1, -1, -1, -1, 2, 2, 2, 2, 1, 1, -2, -1, -2, -2]"
737,dfs_bnb_mpi,2.08056,-10,11,547904,"[-1, -2, 1, 1, 2, 2, 1, 1, 1, -2, -1, -1, -2, -2, -1, -1, -2, -1, 2]"
738,dfs_bnb_mpi,5.32618,-9,10,1382042,"[-1, -1, 2, 2, 2, 2, 2, 1, -2, 1, 1, -2, -2, -1, -2, -1, 2, 2, 1]"
739,dfs_bnb_mpi,0.427127,-10,11,117958,"[-1, -1, 2, 2, 1, -2, 1, 2, 2, -1, -1, -1, -1, -2, 1, -2, -1, -2, 1]"
740,dfs_bnb_mpi,0.448009,-11,12,121706,"[-1, -1, 2, -1, -2, -2, 1, 1, 1, 1, 2, 2, -1, -1, 2, -1, 2, -1, -2]"
741,dfs_bnb_mpi,0.392912,-10,11,91166,"[-1, -1, 2, -1, -2, -1, -1, 2, 1, 2, 2, 1, -2, 1, 2, 1, -2, -2, 1]"
742,dfs_bnb_mpi,0.931978,-10,10,268010,"[-1, -1, 2, 2, 2, 1, 1, -2, -1, -2, 1, 1, -2, -2, -1, -1, -1, -1, 2]"
743,dfs_bnb_mpi,3.00871,-10,11,794679,"[-1, -1, 2, 2, 2, 1, -2, -2, 1, 2, 2, 2, -1, -1, -1, -2, -2, -2, -2]"
744,dfs_bnb_mpi,2.52878,-11,12,630208,"[-1, -2, 1, 1, 2, 2, 2, -1, -1, 2, -1, -2, -1, -2, -2, 1, 2, 1, 1]"
745,dfs_bnb_mpi,3.93755,-10,10,1043858,"[-1, -1, 2, 2, 2, 1, 2, 1, -2, -2, 1, 1, -2, -2, -1, 2, -1, -1, 2]"
746,dfs_bnb_mpi,0.769942,-10,11,201903,"[-1, -2, -2, -1, 2, 2, -1, -2, -2, -1, 2, 2, 2, 1, 2, 1, -2, 1, 2]"
747,dfs_bnb_mpi,4.34153,-10,11,1085776,"[-1, -1, 2, 1, 2, -1, 2, 2, -1, -2, -1, -1, -2, -2, 1, 2, 1, -2, -2]"
748,dfs_bnb_mpi,0.177196,-11,12,49006,"[-1, -1, 2, 1, 2, 1, -2, 1, 2, 1, -2, -2, -1, -2, -1, -2, -1, 2, -1]"
749,dfs_bnb_mpi,4.7474,-10,11,1088803,"[-1, -1, 2, 2, -1, -2, -1, -1, -2, 1, -2, -1, -2, 1, 1, 1, 2, -1, 2]"
750,dfs_bnb_mpi,0.735238,-11,12,192783,"[-1, -1, 2, 1, 2, 1, 2, -1, 2, 1, 1, -2, -2, 1, -2, -2, -1, 2, -1]"
751,dfs_bnb_mpi,2.58948,-11,12,659975,"[-1, -2, 1, 1, 1, 2, -1, 2, 1, 1, -2, 1, -2, -1, -2, -1, -1, -1, -1]"
752,dfs_bnb_mpi,1.74629,-10,11,448599,"[-1, -1, 2, 2, 2, 1, 2, -1, 2, 1, 1, 1, -2, -1, -2, -2, -2, -1, 2]"
753,dfs_bnb_mpi,1.27503,-11,12,302499,"[-1, -1, 2, -1, 2, 1, 2, 2, 1, -2, -2, -2, 1, 2, 2, 1, -2, -2, -2]"
754,dfs_bnb_mpi,1.60835,-9,8,371849,"[-1, -1, 2, 2, 2, 2, 1, 2, 2, 1, -2, -2, -2, -1, -2, -2, 1, 2, 1]"
755,dfs_bnb_mpi,0.743612,-10,11,194266,"[-1, -1, 2, 2, 1, -2, 1, 2, 2, -1, 2, -1, -2, -1, -2, -1, -2, 1, -2]"
756,dfs_bnb_mpi,2.08362,-10,11,498014,"[-1, -1, 2, 2, 2, 1, 2, 2, 1, -2, 1, -2, -1, -2, 1, -2, -1, -1, 2]"
757,dfs_bnb_mpi,0.857927,-11,12,235054,"[-1, -1, 2, 2, 2, 1, -2, -2, 1, 2, 2, 2, 1, -2, -2, -2, 1, -2, -1]"
758,dfs_bnb_mpi,1.12831,-11,12,305711,"[-1, -1, 2, -1, 2, 1, 2, 1, 1, -2, 1, 2, 1, -2, -2, -1, -1, -1, 2]"
759,dfs_bnb_mpi,1.01603,-11,12,238466,"[-1, -1, -1, 2, 2, -1, 2, 1, 2, 1, 1, -2, -1, -2, -2, 1, 2, 1, -2]"
760,dfs_bnb_mpi,0.3951,-10,11,91991,"[-1, -1, 2, 1, 2, 1, -2, 1, 2, 2, 2, -1, -2, -1, 2, -1, -2, -2, -1]"
761,dfs_bnb_mpi,3.99957,-11,12,974200,"[-1, -2, -1, -2, 1, 1, 2, 1, 2, 2, -1, 2, -1, -2, -1, -2, -1, -2, -2]"
762,dfs_bnb_mpi,1.07153,-11,12,250861,"[-1, -1, 2, 1, 2, -1, 2, 1, 1, -2, -2, 1, -2, 1, 2, 2, 2, -1, -2]"
763,dfs_bnb_mpi,0.588416,-10,11,154596,"[-1, -1, 2, 1, 1, 2, 1, -2, -2, 1, -2, -1, -1, -2, -1, 2, -1, -2, -1]"
764,dfs_bnb_mpi,0.542719,-10,11,139010,"[-1, -2, -1, -1, 2, 1, 2, 1, 1, 1, -2, -2, -1, -2, 1, -2, -1, -1, 2]"
765,dfs_bnb_mpi,0.502847,-11,12,143115,"[-1, -2, 1, 1, -2, -1, -1, -1, 2, 2, 2, 1, 1, 2, 1, -2, 1, -2, -1]"
766,dfs_bnb_mpi,2.65345,-11,12,620598,"[-1, -1, 2, 2, 2, 1, 2, 1, -2, 1, 1, -2, -1, -1, -1, -2, 1, 1, -2]"
767,dfs_bnb_mpi,0.831169,-10,11,201608,"[-1, -1, 2, -1, 2, 2, 2, 1, 1, -2, -1, -2, 1, -2, 1, 1, 2, -1, 2]"
768,dfs_bnb_mpi,0.644728,-11,11,163197,"[-1, -1, 2, 1, 2, 2, 1, 1, -2, -1, -2, 1, -2, 1, 2, 2, 2, 2, -1]"
769,dfs_bnb_mpi,6.66663,-10,11,1646123,"[-1, -2, -1, -1, -2, 1, 1, 1, 2, 1, 2, 1, -2, -2, -1, -2, -1, -1, -1]"
770,dfs_bnb_mpi,1.07925,-11,12,304426,"[-1, -1, 2, 1, 1, 2, 1, -2, -2, -2, -2, -1, -1, -2, -1, 2, 2, 1, 1]"
771,dfs_bnb_mpi,2.44307,-11,12,641850,"[-1, -1, 2, 2, -1, 2, 1, 1, 2, 1, 1, -2, -2, -2, -1, -1, 2, 1, 2]"
772,dfs_bnb_mpi,0.723385,-11,11,203315,"[-1, -2, 1, 1, 2, 2, 2, -1, -2, -1, 2, 2, -1, -2, -1, -2, 1, -2, -2]"
773,dfs_bnb_mpi,4.57807,-11,12,1066690,"[-1, -2, -1, -2, 1, -2, 1, 2, 1, -2, -2, 1, 2, 2, 2, 2, -1, -2, -1]"
774,dfs_bnb_mpi,0.51877,-11,12,142743,"[-1, -1, 2, -1, -2, -2, 1, 1, -2, -1, -1, -2, -2, 1, 2, 1, 1, 2, 2]"
775,dfs_bnb_mpi,0.772428,-10,11,195930,"[-1, -1, 2, 2, 2, 1, 2, -1, 2, 1, 1, -2, -2, 1, -2, -1, -2, -1, 2]"
776,dfs_bnb_mpi,1.77721,-10,11,515501,"[-1, -1, 2, 1, 2, 1, -2, 1, 2, 1, -2, 1, -2, -1, -1, -2, -1, -1, -1]"
777,dfs_bnb_mpi,2.85887,-11,11,661302,"[-1, -1, -1, 2, 1, 2, 2, 1, 1, 1, 1, -2, -1, -1, -1, -2, 1, 1, -2]"
778,dfs_bnb_mpi,1.46548,-10,10,333472,"[-1, -2, -1, -1, -1, 2, -1, 2, 1, 2, 1, -2, -2, 1, 2, 2, 1, -2, 1]"
779,dfs_bnb_mpi,7.94778,-9,10,1999038,"[-1, -1, 2, 2, 1, -2, 1, 2, 2, -1, 2, 1, 1, -2, 1, -2, -1, -2, 1]"
780,dfs_bnb_mpi,0.133537,-10,11,34381,"[-1, -1, 2, 1, 2, 1, -2, 1, -2, -2, -2, -1, 2, -1, -1, -2, 1, -2, 1]"
781,dfs_bnb_mpi,3.21035,-9,10,728394,"[-1, -1, 2, 2, 2, 1, 2, 2, 1, -2, 1, -2, -1, -2, -1, -2, 1, 1, 2]"
782,dfs_bnb_mpi,1.28986,-11,12,336288,"[-1, -2, -1, -1, 2, 1, 2, 1, 1, 1, -2, -2, -2, -2, -1, -1, 2, 1, 2]"
783,dfs_bnb_mpi,4.95465,-10,11,1120628,"[-1, -1, 2, 2, 2, 1, 2, 1, 1, -2, 1, -2, -1, -2, -1, -1, 2, 1, 2]"
784,dfs_bnb_mpi,1.52267,-11,12,377600,"[-1, -1, -1, 2, 2, -1, 2, 1, 2, 1, -2, -2, 1, 2, 1, -2, -2, -1, -1]"
785,dfs_bnb_mpi,2.2816,-11,12,590759,"[-1, -1, 2, 1, 2, 2, 1, 2, 1, -2, 1, -2, -2, -2, -1, 2, 2, -1, -2]"
786,dfs_bnb_mpi,1.82168,-10,11,417082,"[-1, -1, 2, 2, 2, 2, 1, 2, 1, -2, 1, -2, -1, -1, -2, -2, 1, 2, 1]"
787,dfs_bnb_mpi,1.50834,-11,12,410110,"[-1, -1, -1, 2, 1, 2, -1, 2, 2, 1, -2, 1, 1, -2, 1, -2, -1, -1, 2]"
788,dfs_bnb_mpi,0.189199,-11,12,45421,"[-1, -1, 2, 1, 2, -1, 2, 1, 1, -2, -2, 1, 2, 1, 1, -2, -1, -2, -1]"
789,dfs_bnb_mpi,1.53026,-9,10,387263,"[-1, -1, 2, 2, -1, -2, -1, 2, 2, 1, 1, 2, 1, -2, -2, -2, 1, 2, 2]"
790,dfs_bnb_mpi,1.21802,-11,12,323960,"[-1, -1, 2, 2, -1, 2, 1, 2, 1, -2, 1, 2, 1, -2, -2, -1, -1, -2, 1]"
791,dfs_bnb_mpi,0.474866,-11,12,111430,"[-1, -1, 2, -1, 2, 1, 2, 1, -2, -2, 1, 2, 2, 1, -2, 1, -2, -1, -2]"
792,dfs_bnb_mpi,7.69742,-9,10,1729226,"[-1, -1, 2, 2, 2, 2, 2, 2, 1, -2, 1, -2, -1, -2, 1, -2, -1, -2, 1]"
793,dfs_bnb_mpi,0.491982,-11,12,117012,"[-1, -1, 2, 1, 2, -1, 2, 1, 1, -2, -2, 1, 2, 2, 1, -2, -2, -2, -1]"
794,dfs_bnb_mpi,6.39195,-9,10,1569415,"[-1, -1, 2, 2, 1, 2, -1, -1, 2, -1, -2, -1, -2, -2, 1, 2, 1, -2, -2]"
795,dfs_bnb_mpi,0.596526,-11,12,162057,"[-1, -1, 2, 1, 2, 2, 1, -2, -2, 1, -2, 1, 2, 2, 1, 2, -1, -1, -2]"
796,dfs_bnb_mpi,0.463798,-11,11,123079,"[-1, -2, 1, 1, -2, -1, -1, -2, -1, 2, 2, 2, -1, -2, -1, -2, -2, 1, 2]"
797,dfs_bnb_mpi,0.682762,-11,12,189789,"[-1, -1, 2, 2, 1, -2, 1, 2, 2, 1, -2, -2, 1, -2, -1, -2, -1, -1, -1]"
798,dfs_bnb_mpi,1.13749,-10,11,314391,"[-1, -1, 2, 1, 2, 2, 1, 1, -2, -1, -2, 1, -2, 1, -2, -1, -1, -1, -1]"
799,dfs_bnb_mpi,2.40941,-11,11,628683,"[-1, -1, 2, -1, 2, 1, 2, 1, 1, -2, 1, 1, -2, -2, -1, 2, -1, -1, 2]"
800,dfs_bnb_mpi,4.43952,-10,11,1166148,"[-1, -1, 2, 2, 2, 2, 1, -2, 1, 2, 1, -2, 1, -2, -1, -1, -1, -2, 1]"
801,dfs_bnb_mpi,1.66757,-10,11,379925,"[-1, -1, 2, 2, 2, 1, 1, 2, 1, -2, -2, -1, -1, -2, 1, 1, 1, -2, -1]"
802,dfs_bnb_mpi,2.9976,-11,12,690318,"[-1, -1, 2, -1, 2, 1, 2, 1, 2, 1, -2, 1, -2, -1, -1, -2, 1, 1, -2]"
803,dfs_bnb_mpi,3.41579,-10,11,897609,"[-1, -1, -1, 2, 1, 2, -1, 2, 2, 2, 1, -2, -2, 1, 1, -2, -1, -2, 1]"
804,dfs_bnb_mpi,0.575724,-11,12,144140,"[-1, -1, 2, 1, 2, 1, -2, 1, 1, -2, -1, -2, 1, -2, -1, -1, -1, 2, 1]"
805,dfs_bnb_mpi,0.382848,-11,11,100957,"[-1, -1, -1, -1, 2, 1, 1, 1, 2, -1, 2, 1, 2, -1, -1, -2, -1, -2, 1]"
806,dfs_bnb_mpi,0.964011,-10,11,251108,"[-1, -1, 2, 1, 1, 1, -2, 1, -2, -2, -2, -1, -1, 2, 1, 2, -1, -1, -1]"
807,dfs_bnb_mpi,1.01084,-10,10,250669,"[-1, -1, 2, 2, 2, 2, 1, 2, 1, -2, 1, -2, -1, -1, -2, -2, 1, 2, 1]"
808,dfs_bnb_mpi,9.11023,-9,10,2076326,"[-1, -1, 2, 2, -1, -2, -1, -1, -2, 1, 1, -2, 1, -2, -1, -1, 2, -1, -2]"
809,dfs_bnb_mpi,2.65294,-11,11,655192,"[-1, -1, 2, -1, 2, 2, 2, 1, 1, -2, 1, 1, -2, -1, -2, -1, 2, -1, 2]"
810,dfs_bnb_mpi,4.55736,-10,11,1151793,"[-1, -1, 2, 2, 2, 2, -1, -1, -1, -2, -2, 1, -2, -2, 1, 2, 2, 2, -1]"
811,dfs_bnb_mpi,1.03796,-11,11,262152,"[-1, -2, -1, -2, -1, -2, 1, 1, 2, 1, 2, 1, 2, 1, -2, -2, -1, -2, -1]"
812,dfs_bnb_mpi,0.147421,-10,11,37188,"[-1, -1, 2, 1, 1, 1, -2, -2, -1, -1, -1, -2, 1, 1, -2, 1, 1, 2, -1]"
813,dfs_bnb_mpi,0.814097,-11,12,197226,"[-1, -2, -1, -2, 1, -2, 1, 1, 1, 2, -1, -1, 2, 1, 2, 2, 1, -2, -2]"
814,dfs_bnb_mpi,5.04495,-10,11,1141612,"[-1, -1, 2, -1, 2, 1, 1, -2, 1, 1, 2, -1, 2, 1, 2, -1, -1, -2, -1]"
815,dfs_bnb_mpi,0.726388,-10,11,166140,"[-1, -2, -2, -1, -1, 2, 1, 2, 2, -1, -2, -1, 2, 2, 1, 1, 1, -2, 1]"
816,dfs_bnb_mpi,0.966437,-10,11,243108,"[-1, -1, 2, 2, 1, -2, 1, 1, 2, -1, 2, 1, 2, -1, -1, -2, -1, 2, 2]"
817,dfs_bnb_mpi,1.3302,-11,12,362109,"[-1, -1, 2, 1, 1, 1, -2, -2, -2, -2, -1, 2, -1, -2, -1, 2, 2, 1, 1]"
818,dfs_bnb_mpi,1.72806,-11,12,387373,"[-1, -2, -1, -2, -1, -2, 1, -2, 1, 2, 2, 1, 2, 1, -2, -2, -2, -1, 2]"
819,dfs_bnb_mpi,0.538679,-11,11,147323,"[-1, -1, 2, 2, 1, -2, 1, 2, 1, -2, 1, -2, -1, -2, -2, -1, 2, -1, -1]"
820,dfs_bnb_mpi,2.08793,-11,11,567665,"[-1, -2, 1, 1, 2, 2, 2, 2, -1, -1, -1, -1, -2, 1, -2, 1, 2, 1, -2]"
821,dfs_bnb_mpi,1.31473,-10,11,326000,"[-1, -2, 1, 1, 2, 1, -2, -2, -1, -1, -2, 1, 1, 1, 1, 2, 2, -1, -2]"
822,dfs_bnb_mpi,2.31622,-11,12,642302,"[-1, -2, -2, -1, 2, 2, 2, -1, -2, -2, -2, -2, 1, -2, 1, 2, 1, 2, 2]"
823,dfs_bnb_mpi,1.65927,-10,11,370946,"[-1, -2, 1, 1, -2, -1, -1, -1, -2, 1, -2, 1, 2, 1, -2, 1, 2, 2, 2]"
824,dfs_bnb_mpi,1.57666,-9,9,371523,"[-1, -1, 2, 1, 2, -1, 2, 1, 2, -1, -1, -2, -2, -1, -2, 1, -2, -1, -1]"
825,dfs_bnb_mpi,0.957262,-10,11,238090,"[-1, -1, 2, 1, 1, 2, 1, -2, 1, -2, -1, -2, -1, -1, -1, -2, 1, 1, 1]"
826,dfs_bnb_mpi,0.520344,-11,12,132749,"[-1, -1, 2, 2, 1, -2, 1, 1, -2, -2, -1, -1, -1, -1, -1, 2, 1, 2, 2]"
827,dfs_bnb_mpi,0.264903,-9,10,67921,"[-1, -1, 2, 2, 2, 1, -2, -2, 1, 2, 1, 2, -1, 2, -1, -1, 2, 2, 2]"
828,dfs_bnb_mpi,0.425381,-10,11,118787,"[-1, -2, 1, 1, 2, 1, 1, -2, -1, -2, -1, -1, -1, -2, 1, 1, 1, 1, 2]"
829,dfs_bnb_mpi,0.5875,-11,11,142842,"[-1, -2, 1, 1, 2, 2, 1, -2, -2, -2, -1, -1, -1, -2, 1, -2, 1, 2, 1]"
830,dfs_bnb_mpi,0.385872,-11,12,107485,"[-1, -2, -1, 2, -1, 2, 1, 1, 1, 1, -2, -2, -1, -2, -1, -1, -1, 2, -1]"
831,dfs_bnb_mpi,1.27568,-10,11,307761,"[-1, -2, -1, 2, 2, 1, 2, -1, 2, -1, -1, -2, 1, -2, -2, -1, 2, -1, 2]"
832,dfs_bnb_mpi,0.719208,-10,11,168785,"[-1, -1, 2, 2, 2, 2, 1, -2, -2, -2, 1, 2, 2, 2, 2, -1, 2, -1, -2]"
833,dfs_bnb_mpi,1.34004,-11,12,355225,"[-1, -2, 1, 1, 2, 1, 1, -2, -1, -2, 1, 1, -2, -1, -1, -1, -1, 2, 1]"
834,dfs_bnb_mpi,0.937014,-11,12,256208,"[-1, -1, 2, 1, 2, 1, -2, 1, -2, -2, -2, -2, -1, 2, -1, -1, 2, 1, 1]"
835,dfs_bnb_mpi,6.40357,-10,11,1452605,"[-1, -2, 1, 1, 2, 1, 2, 1, 2, 2, -1, -2, -1, -2, -1, 2, 2, 1, 2]"
836,dfs_bnb_mpi,0.201701,-11,12,56287,"[-1, -1, 2, 2, 1, -2, 1, 2, 2, -1, -1, 2, -1, -2, -2, -2, -1, -2, 1]"
837,dfs_bnb_mpi,4.73853,-11,12,1114700,"[-1, -2, -1, -2, 1, -2, 1, 2, 2, 1, 2, 2, 1, -2, -2, -2, -1, -2, 1]"
838,dfs_bnb_mpi,5.23186,-10,11,1183462,"[-1, -1, 2, -1, 2, -1, -1, -2, -2, -2, 1, -2, 1, 1, 2, -1, 2, -1, 2]"
839,dfs_bnb_mpi,0.878914,-10,11,225247,"[-1, -1, 2, 2, 1, -2, 1, 1, 2, -1, 2, 1, 2, -1, -1, -2, -1, 2, 2]"
840,dfs_bnb_mpi,0.710003,-11,12,171057,"[-1, -2, -1, -2, 1, -2, -2, 1, 2, 2, 2, 1, -2, -2, 1, 2, 2, 2, -1]"
841,dfs_bnb_mpi,1.71342,-10,11,393195,"[-1, -1, 2, 2, 2, 2, 1, 2, 1, -2, -2, -1, -2, -2, 1, 2, 1, -2, -2]"
842,dfs_bnb_mpi,0.268616,-11,12,74090,"[-1, -1, 2, 1, 1, 1, 2, -1, -1, -1, 2, 1, 2, 2, 1, -2, 1, -2, -1]"
843,dfs_bnb_mpi,1.06577,-11,12,260760,"[-1, -1, 2, 1, 2, -1, 2, 1, 2, 1, -2, 1, -2, -1, -2, 1, 1, -2, -1]"
844,dfs_bnb_mpi,4.52562,-10,11,1022087,"[-1, -1, 2, 2, 2, 1, 2, 1, -2, 1, -2, -1, -1, -2, 1, 1, 1, -2, -1]"
845,dfs_bnb_mpi,1.46616,-11,12,377990,"[-1, -2, 1, 1, -2, -1, -1, -2, 1, -2, 1, 2, 1, 2, 2, 2, 2, -1, -2]"
846,dfs_bnb_mpi,0.784935,-9,10,178599,"[-1, -1, 2, 2, 2, 2, -1, -1, -1, -2, 1, 1, -2, -1, -1, -2, 1, 1, -2]"
847,dfs_bnb_mpi,0.097188,-10,11,24546,"[-1, -1, 2, 2, 2, 1, 1, -2, -1, -2, 1, 1, 2, 2, 2, 1, -2, -2, 1]"
848,dfs_bnb_mpi,0.642516,-11,11,162220,"[-1, -1, 2, 2, -1, -2, -1, -2, 1, -2, 1, 1, 1, 1, 2, 2, -1, -1, 2]"
849,dfs_bnb_mpi,1.79323,-11,12,438273,"[-1, -2, 1, 1, -2, -1, -2, -1, -2, -1, 2, -1, 2, 2, 2, 1, -2, -2, 1]"
850,dfs_bnb_mpi,4.53029,-10,11,1134051,"[-1, -1, 2, 2, -1, -1, -1, -2, -1, -2, -2, 1, 1, 1, 2, 2, -1, -2, -1]"
851,dfs_bnb_mpi,8.59012,-9,10,1918423,"[-1, -1, 2, 2, 2, 1, 2, -1, 2, 1, 1, 1, -2, -1, -2, 1, -2, -1, -1]"
852,dfs_bnb_mpi,2.93331,-10,11,733415,"[-1, -1, 2, 2, 1, -2, 1, 2, 2, 1, 1, -2, -2, 1, -2, -1, -1, 2, 2]"
853,dfs_bnb_mpi,1.48048,-11,12,339165,"[-1, -2, 1, 1, 1, 2, -1, 2, 1, 1, 2, -1, 2, -1, -2, -1, -1, -2, 1]"
854,dfs_bnb_mpi,0.26662,-10,11,68726,"[-1, -1, 2, 2, 1, -2, 1, 2, 2, 1, 1, -2, -1, -2, 1, 1, -2, -1, -1]"
855,dfs_bnb_mpi,2.11769,-10,11,476287,"[-1, -1, 2, -1, 2, -1, -2, -1, -2, 1, 1, -2, 1, 1, -2, -1, -1, -1, 2]"
856,dfs_bnb_mpi,0.40346,-10,11,92479,"[-1, -1, 2, 1, 1, 2, -1, 2, 1, 1, -2, -2, -2, -2, -1, -1, -1, -1, 2]"
857,dfs_bnb_mpi,0.600671,-11,12,161411,"[-1, -1, 2, 1, 2, 2, 1, -2, -2, 1, -2, 1, 1, 2, -1, 2, 2, -1, -2]"
858,dfs_bnb_mpi,0.448407,-11,12,104219,"[-1, -1, 2, 1, 2, 2, 2, 1, -2, -2, -2, 1, 2, 2, 1, -2, -2, -2, -1]"
859,dfs_bnb_mpi,2.43062,-10,11,591104,"[-1, -1, 2, -1, -1, -1, -2, 1, -2, -1, -1, -2, 1, 1, 1, 1, 2, -1, 2]"
860,dfs_bnb_mpi,4.95497,-10,11,1264362,"[-1, -1, 2, -1, 2, -1, -2, -2, -2, -2, 1, 1, -2, 1, 2, 2, -1, -1, 2]"
861,dfs_bnb_mpi,1.40099,-10,11,315252,"[-1, -2, -1, 2, 2, 1, 2, 1, -2, 1, -2, 1, -2, -1, -1, -2, 1, 1, 1]"
862,dfs_bnb_mpi,0.689133,-10,11,166237,"[-1, -1, 2, 2, 1, -2, 1, 2, 2, 1, 1, -2, -1, -2, 1, 1, -2, -1, -1]"
863,dfs_bnb_mpi,1.07819,-11,12,285992,"[-1, -2, 1, 1, 1, 1, 2, -1, -1, 2, -1, 2, 1, 2, 1, -2, 1, -2, -1]"
864,dfs_bnb_mpi,0.683047,-11,12,171336,"[-1, -1, 2, 1, 1, 1, 1, 1, -2, -1, -1, -2, 1, -2, -1, -1, -1, 2, 1]"
865,dfs_bnb_mpi,2.67819,-11,12,611894,"[-1, -1, 2, 1, 2, 1, -2, 1, -2, -2, 1, -2, -1, -1, 2, -1, -1, -2, 1]"
866,dfs_bnb_mpi,0.388966,-10,11,93463,"[-1, -1, 2, 1, 2, 2, -1, -2, -1, 2, -1, -2, -2, 1, -2, -2, 1, 1, 1]"
867,dfs_bnb_mpi,4.41157,-10,11,1003204,"[-1, -1, 2, 2, -1, -2, -2, -2, -2, -2, 1, 2, 2, 1, 1, -2, -1, -2, 1]"
868,dfs_bnb_mpi,1.56305,-11,12,372143,"[-1, -2, -1, -2, -2, 1, 2, 1, 2, 1, 2, 2, 1, -2, -2, -2, -1, -2, -1]"
869,dfs_bnb_mpi,2.06999,-10,11,509257,"[-1, -1, 2, 2, 1, -2, 1, 1, -2, -2, 1, -2, -1, -1, -1, -1, 2, 1, 1]"
870,dfs_bnb_mpi,0.366153,-10,11,105691,"[-1, -1, 2, 2, 1, -2, 1, 1, -2, 1, 2, 2, 2, -1, 2, -1, -2, -2, 1]"
871,dfs_bnb_mpi,1.73195,-10,11,411337,"[-1, -1, 2, 2, 2, -1, -2, -2, -2, -1, -2, -1, 2, 2, 1, 2, 2, -1, -2]"
872,dfs_bnb_mpi,1.56567,-11,12,372489,"[-1, -2, 1, 1, 2, 2, 2, -1, -2, -1, 2, -1, -1, -2, -2, -2, 1, 2, 2]"
873,dfs_bnb_mpi,1.47156,-11,12,365203,"[-1, -1, 2, 1, 2, 1, 1, 2, 1, 1, -2, -1, -2, 1, -2, -1, -1, 2, -1]"
874,dfs_bnb_mpi,2.2906,-11,12,587685,"[-1, -1, 2, 1, 2, 1, -2, 1, -2, -2, -2, -1, -1, -2, -1, 2, 2, 1, 1]"
875,dfs_bnb_mpi,2.86493,-10,11,716956,"[-1, -1, 2, 2, 2, 2, 1, -2, 1, -2, 1, 2, 1, -2, -2, -1, -1, -1, 2]"
876,dfs_bnb_mpi,3.03292,-10,10,760279,"[-1, -1, 2, 2, 2, 1, 2, 2, 1, 1, -2, -1, -2, 1, -2, -1, -1, -2, 1]"
877,dfs_bnb_mpi,0.745931,-10,11,178029,"[-1, -1, 2, 2, 1, -2, 1, 2, 1, 2, -1, -1, -1, -1, -2, -1, -2, 1, -2]"
878,dfs_bnb_mpi,1.80065,-11,12,425333,"[-1, -2, -2, -2, -2, 1, 2, 2, 2, 1, 2, 2, 1, -2, -2, -2, -2, -1, 2]"
879,dfs_bnb_mpi,1.61875,-10,11,447888,"[-1, -1, 2, 2, 1, -2, 1, 2, 2, 1, -2, -2, -2, -2, -1, -2, -1, 2, -1]"
880,dfs_bnb_mpi,0.210006,-9,10,53813,"[-1, -1, 2, 2, 2, 2, 1, -2, -2, -2, 1, 1, 2, -1, 2, 2, 2, 2, 2]"
881,dfs_bnb_mpi,0.667172,-9,10,168419,"[-1, -1, 2, 2, 2, 2, 1, -2, -2, -2, 1, 1, 2, -1, 2, 2, 1, -2, 1]"
882,dfs_bnb_mpi,0.411478,-11,12,96091,"[-1, -1, 2, -1, 2, 1, 2, 1, 1, -2, -1, -2, 1, 1, 2, 1, -2, -2, -1]"
883,dfs_bnb_mpi,0.212849,-11,10,53959,"[-1, -1, 2, 1, 2, -1, 2, 1, 1, -2, -2, 1, 2, 2, 1, -2, -2, -2, -1]"
884,dfs_bnb_mpi,2.73932,-9,10,618217,"[-1, -1, 2, 1, 2, 2, 2, -1, -2, -2, -1, 2, -1, -2, -2, 1, -2, -2, 1]"
885,dfs_bnb_mpi,1.04584,-10,11,236786,"[-1, -1, 2, 2, 2, 1, 2, 1, -2, 1, 1, -2, -1, -1, -1, -2, 1, 1, 1]"
886,dfs_bnb_mpi,3.58833,-11,12,843375,"[-1, -2, 1, 1, 2, 2, -1, -1, 2, 1, 1, 1, 1, -2, -1, -2, 1, -2, -1]"
887,dfs_bnb_mpi,1.47378,-11,12,347651,"[-1, -1, -1, 2, 1, 2, 1, -2, 1, 1, -2, -2, -1, -1, -1, -2, 1, 1, 1]"
888,dfs_bnb_mpi,1.14464,-10,11,290761,"[-1, -1, 2, 2, -1, -1, -2, 1, -2, -1, -2, 1, 1, -2, -1, -1, -1, 2, 2]"
889,dfs_bnb_mpi,0.392604,-10,11,91720,"[-1, -1, 2, -1, 2, 1, 2, 1, 1, 1, -2, -1, -1, -2, 1, 1, -2, 1, 2]"
890,dfs_bnb_mpi,2.32779,-11,12,611422,"[-1, -1, 2, 1, 2, 2, 2, 1, 1, -2, -2, 1, -2, -2, -1, 2, -1, 2, 2]"
891,dfs_bnb_mpi,0.626216,-11,12,157873,"[-1, -1, 2, 2, 2, 2, 1, -2, 1, -2, -1, -2, 1, 1, -2, -2, -1, -1, -1]"
892,dfs_bnb_mpi,0.434283,-11,12,103204,"[-1, -1, 2, 1, 1, 2, -1, 2, -1, -2, -1, -2, -2, -2, 1, -2, 1, 2, 1]"
893,dfs_bnb_mpi,0.968006,-11,12,226307,"[-1, -1, 2, 1, 2, -1, 2, 1, 2, 1, 2, 1, -2, -2, -1, -2, 1, -2, -1]"
894,dfs_bnb_mpi,2.19245,-11,12,538532,"[-1, -2, -1, -2, 1, -2, 1, 2, 2, 1, 2, 1, -2, -2, 1, -2, -1, -1, 2]"
895,dfs_bnb_mpi,0.779321,-11,12,201250,"[-1, -1, 2, 2, 1, -2, 1, 1, 1, -2, -1, -2, -2, -1, 2, -1, -1, -2, 1]"
896,dfs_bnb_mpi,2.08954,-11,12,553072,"[-1, -2, 1, 1, 1, 1, 2, 2, -1, -2, -1, 2, -1, -1, 2, 1, 1, 1, 1]"
897,dfs_bnb_mpi,8.65578,-10,11,1906607,"[-1, -2, -2, -1, -1, -2, 1, 1, 1, 2, 2, 1, 2, 1, -2, -2, -1, -2, 1]"
898,dfs_bnb_mpi,2.38625,-11,11,652550,"[-1, -2, 1, 1, 2, 1, -2, -2, -2, -1, -1, -2, -1, 2, -1, 2, 1, 1, 1]"
899,dfs_bnb_mpi,0.405285,-10,11,98700,"[-1, -1, 2, -1, 2, -1, -2, -2, 1, -2, 1, 1, -2, -1, -2, -1, 2, -1, 2]"
900,dfs_bnb_mpi,0.504794,-11,12,139474,"[-1, -1, 2, 2, 1, -2, 1, 1, 2, -1, 2, 1, 2, 1, -2, -2, -2, -2, -1]"
901,dfs_bnb_mpi,1.06722,-11,11,263619,"[-1, -2, 1, 1, -2, -1, -1, -2, -2, 1, 2, 1, -2, 1, 2, 2, 2, 2, -1]"
902,dfs_bnb_mpi,3.96584,-10,11,897256,"[-1, -1, 2, 2, -1, 2, 1, 1, 2, 1, 1, -2, -1, -2, 1, -2, -1, -1, 2]"
903,dfs_bnb_mpi,1.76268,-9,10,401384,"[-1, -1, 2, 2, 2, -1, -2, -1, -1, -1, -2, 1, 1, 1, -2, -1, -1, -1, -1]"
904,dfs_bnb_mpi,1.95092,-11,12,504464,"[-1, -1, -1, 2, 1, 2, 1, -2, 1, 1, -2, -2, -1, -1, -2, -1, 2, -1, -2]"
905,dfs_bnb_mpi,1.0341,-11,12,253297,"[-1, -1, 2, 1, 2, -1, -1, 2, 1, 1, 1, 1, -2, -1, -2, 1, 1, -2, -1]"
906,dfs_bnb_mpi,1.7472,-9,10,394202,"[-1, -1, 2, 2, 2, 2, 1, 1, 1, -2, -1, -1, -2, -2, 1, 2, 1, -2, 1]"
907,dfs_bnb_mpi,0.61876,-10,11,145759,"[-1, -2, 1, 1, -2, -1, -1, -2, 1, 1, -2, -1, -1, -1, 2, 2, 2, 2, 2]"
908,dfs_bnb_mpi,8.58174,-9,10,1949397,"[-1, -1, 2, 2, 2, 2, 2, 1, 1, 1, -2, -1, -1, -2, 1, 1, -2, -1, -1]"
909,dfs_bnb_mpi,1.7217,-10,11,391007,"[-1, -1, 2, 2, 2, 1, 2, 1, 2, 1, -2, -2, -1, -2, -1, -2, 1, 1, 2]"
910,dfs_bnb_mpi,0.251931,-11,11,69156,"[-1, -1, 2, 2, 1, -2, 1, 1, 2, -1, 2, 1, 1, 1, -2, -1, -2, -2, -1]"
911,dfs_bnb_mpi,0.267538,-11,12,74839,"[-1, -1, 2, 2, 1, -2, 1, 1, 2, -1, 2, 2, 1, -2, 1, -2, -2, -2, -1]"
912,dfs_bnb_mpi,2.76466,-11,12,711612,"[-1, -2, -1, -2, 1, -2, -2, 1, 2, 1, -2, 1, 2, 2, 2, -1, -1, -2, 1]"
913,dfs_bnb_mpi,0.673287,-11,12,160707,"[-1, -2, 1, 1, 1, 1, 2, 2, 2, -1, -2, -2, -1, 2, 2, 2, -1, -2, -2]"
914,dfs_bnb_mpi,0.402813,-10,11,92115,"[-1, -1, 2, 2, 2, 1, 1, 1, -2, -1, -1, -2, 1, 1, -2, 1, 2, 2, 2]"
915,dfs_bnb_mpi,1.73799,-11,12,399289,"[-1, -2, -1, -2, 1, 1, 2, 1, -2, 1, -2, -2, -1, 2, -1, -2, -1, 2, -1]"
916,dfs_bnb_mpi,1.80352,-11,12,472885,"[-1, -2, 1, 1, 1, 2, -1, 2, 1, 2, -1, 2, -1, -2, -1, -1, -2, 1, 1]"
917,dfs_bnb_mpi,3.0636,-10,11,774409,"[-1, -1, 2, 2, 2, 2, 1, 2, 1, -2, 1, -2, -2, -1, -2, -1, 2, 2, 1]"
918,dfs_bnb_mpi,0.839794,-10,11,203494,"[-1, -1, 2, 2, 2, 1, -2, -2, 1, 1, 2, -1, 2, 1, 2, -1, 2, -1, -2]"
919,dfs_bnb_mpi,0.402087,-11,12,97794,"[-1, -1, 2, 2, 1, -2, 1, 1, -2, -2, -2, -1, 2, -1, -1, -2, -2, 1, 2]"
920,dfs_bnb_mpi,4.0758,-11,11,921875,"[-1, -2, -1, -1, -1, 2, 2, 2, 2, 1, 1, -2, 1, -2, -1, -2, -1, 2, 2]"
921,dfs_bnb_mpi,1.20689,-11,12,321466,"[-1, -2, -1, 2, 2, 1, 1, 2, 1, -2, 1, -2, -2, -2, -1, -1, 2, 1, 2]"
922,dfs_bnb_mpi,4.21426,-10,11,953204,"[-1, -1, 2, 2, 2, -1, 2, 1, 2, 1, 1, -2, -1, -2, 1, -2, -1, -2, 1]"
923,dfs_bnb_mpi,1.39542,-11,12,374958,"[-1, -1, 2, 1, 2, -1, -1, -1, -2, 1, -2, -1, -2, 1, -2, 1, 2, 1, -2]"
924,dfs_bnb_mpi,1.23871,-10,11,321764,"[-1, -1, 2, 2, 1, -2, 1, 1, 2, -1, 2, -1, -1, -1, -1, -2, 1, -2, -2]"
925,dfs_bnb_mpi,1.55432,-9,10,394364,"[-1, -1, 2, 2, 1, -2, 1, 1, -2, -2, -1, -1, -2, 1, 1, 1, 2, 2, 2]"
926,dfs_bnb_mpi,0.422286,-11,12,113411,"[-1, -2, 1, 1, -2, -1, -1, -1, 2, 2, 2, 1, 2, 1, -2, 1, 1, -2, -1]"
927,dfs_bnb_mpi,1.70091,-10,11,385515,"[-1, -1, 2, 2, -1, -1, -1, -1, -2, -2, 1, 2, 1, 1, -2, -1, -2, 1, 1]"
928,dfs_bnb_mpi,1.52916,-10,11,345278,"[-1, -2, -1, -1, -1, -1, 2, 1, 2, 2, 1, -2, -2, 1, 2, 2, 1, -2, 1]"
929,dfs_bnb_mpi,2.38064,-11,12,580927,"[-1, -1, 2, 1, 2, 1, -2, 1, -2, 1, -2, -1, -2, -1, 2, -1, -1, -2, 1]"
930,dfs_bnb_mpi,0.395004,-11,12,103292,"[-1, -1, 2, 1, 1, 1, -2, -2, -1, -1, -1, -1, 2, 2, 2, 2, 1, -2, 1]"
931,dfs_bnb_mpi,0.4122,-10,11,96256,"[-1, -1, 2, 1, 2, 2, 1, 2, 1, 1, -2, -1, -2, -1, -2, 1, 1, 2, 1]"
932,dfs_bnb_mpi,0.592418,-9,10,135952,"[-1, -1, 2, 2, 2, 1, 2, 1, -2, 1, -2, -1, -1, -2, 1, 1, 1, 2, 2]"
933,dfs_bnb_mpi,0.600707,-10,11,143253,"[-1, -2, 1, 1, 2, 1, 2, -1, 2, -1, -2, -1, 2, 2, -1, -2, -2, -2, -1]"
934,dfs_bnb_mpi,1.16362,-11,12,279932,"[-1, -1, -1, 2, 1, 1, 1, 1, -2, -2, 1, -2, -1, -1, 2, -1, -1, -2, 1]"
935,dfs_bnb_mpi,0.433908,-11,12,103629,"[-1, -1, 2, 2, 2, 2, 2, 1, -2, -2, -2, -2, 1, 2, 1, 2, 2, -1, -2]"
936,dfs_bnb_mpi,1.89134,-10,11,430157,"[-1, -1, 2, -1, 2, 2, 1, -2, 1, -2, 1, 2, 2, -1, 2, 1, 1, -2, -2]"
937,dfs_bnb_mpi,1.13307,-11,12,298432,"[-1, -1, 2, -1, -2, -2, -2, -2, 1, 2, 1, -2, 1, 2, 1, 2, -1, -1, -1]"
938,dfs_bnb_mpi,3.69986,-9,10,918032,"[-1, -1, 2, 2, 2, -1, -2, -1, -1, -2, 1, 1, -2, -1, -1, -2, 1, 1, 1]"
939,dfs_bnb_mpi,0.526426,-10,11,142910,"[-1, -1, 2, 2, 2, 1, -2, -2, 1, 2, 2, 1, -2, 1, -2, -1, -2, 1, 1]"
940,dfs_bnb_mpi,1.43395,-10,11,373082,"[-1, -1, 2, 2, 1, -2, 1, 2, 2, -1, -1, -1, -1, -2, 1, -2, -1, -2, 1]"
941,dfs_bnb_mpi,3.68932,-10,11,944281,"[-1, -1, 2, -1, -2, -1, 2, -1, -2, -2, 1, 1, 1, 1, -2, -1, -1, -1, -1]"
942,dfs_bnb_mpi,4.78527,-11,12,1135464,"[-1, -2, -2, -2, 1, 1, 1, 1, 2, -1, 2, 2, 2, -1, -2, -2, -1, -2, 1]"
943,dfs_bnb_mpi,0.376166,-10,11,102607,"[-1, -2, -1, -1, 2, 1, 2, -1, -1, -2, -1, 2, 2, 1, 1, 1, 1, -2, 1]"
944,dfs_bnb_mpi,2.12632,-10,11,500396,"[-1, -1, 2, -1, 2, -1, -1, -1, -2, 1, 1, -2, 1, -2, -1, -1, -1, 2, 1]"
945,dfs_bnb_mpi,0.275637,-10,11,72023,"[-1, -1, 2, 1, 1, 2, -1, 2, 2, -1, -2, -2, -1, -2, -2, -2, 1, 1, 1]"
946,dfs_bnb_mpi,2.98293,-10,11,684393,"[-1, -2, -1, 2, -1, -1, 2, 2, 2, 1, 1, -2, -1, -2, 1, 1, 2, 1, -2]"
947,dfs_bnb_mpi,2.38631,-10,11,578237,"[-1, -1, 2, -1, -1, -2, 1, -2, -1, -2, 1, 1, 2, 1, -2, -2, -1, -1, -1]"
948,dfs_bnb_mpi,3.22941,-9,10,747371,"[-1, -1, 2, 2, 2, 2, 1, 1, 1, -2, -1, -1, -2, -2, 1, 2, 1, 1, 2]"
949,dfs_bnb_mpi,1.02136,-11,12,241157,"[-1, -1, 2, 1, 1, 2, 1, -2, 1, -2, -1, -2, -1, -1, -1, -2, 1, 1, 1]"
950,dfs_bnb_mpi,0.419583,-10,11,101083,"[-1, -1, 2, 1, 2, 2, -1, -2, -1, -1, -2, 1, -2, -1, -2, 1, 1, 1, 1]"
951,dfs_bnb_mpi,0.923862,-10,11,230905,"[-1, -1, 2, 2, 2, 2, 1, -2, 1, 1, 1, -2, -1, -1, -1, -2, 1, 1, 1]"
952,dfs_bnb_mpi,1.78703,-10,11,421821,"[-1, -1, 2, -1, -2, -1, 2, -1, -2, -1, -2, 1, -2, 1, 2, 1, 1, -2, -1]"
953,dfs_bnb_mpi,1.18863,-11,12,341313,"[-1, -1, 2, 1, 2, 2, 1, -2, -2, 1, -2, 1, 2, 1, 2, -1, 2, -1, -2]"
954,dfs_bnb_mpi,0.81709,-11,11,227913,"[-1, -1, 2, 2, 1, -2, 1, 2, 1, -2, -2, 1, -2, -1, -1, -1, -2, 1, 1]"
955,dfs_bnb_mpi,0.674502,-10,11,179763,"[-1, -1, -1, 2, 1, 2, -1, 2, 1, 1, -2, -2, 1, 2, 1, 2, -1, 2, -1]"
956,dfs_bnb_mpi,2.52764,-11,12,669255,"[-1, -2, 1, 1, 2, 1, 2, 1, -2, -2, -2, -2, -1, -1, -1, 2, 1, 1, 2]"
957,dfs_bnb_mpi,3.42773,-11,12,798000,"[-1, -2, 1, 1, -2, -1, -2, 1, 1, 2, 1, 2, 2, 2, -1, -1, -2, 1, -2]"
958,dfs_bnb_mpi,2.63632,-11,11,758151,"[-1, -2, -2, -1, 2, 2, 2, 1, 2, 1, -2, 1, -2, 1, -2, -1, -1, -2, 1]"
959,dfs_bnb_mpi,1.93912,-10,11,466940,"[-1, -1, 2, 1, 2, 2, 1, 2, 1, -2, -2, -1, -2, 1, -2, -2, -1, -1, -1]"
960,dfs_bnb_mpi,1.04196,-10,11,245485,"[-1, -1, 2, 1, 2, 1, -2, 1, 2, 2, 1, -2, -2, -2, -1, -2, -1, -1, -1]"
961,dfs_bnb_mpi,1.0948,-11,12,258205,"[-1, -1, 2, -1, 2, 1, 2, 1, 2, 1, 1, -2, -1, -2, -1, -2, 1, 1, 2]"
962,dfs_bnb_mpi,0.821217,-10,10,222213,"[-1, -1, 2, 2, 2, 2, 1, -2, 1, 2, 2, 1, -2, -2, -2, -1, -2, -1, 2]"
963,dfs_bnb_mpi,1.16412,-11,12,283512,"[-1, -1, 2, 1, 2, 1, -2, 1, -2, 1, -2, -1, -1, -1, -1, -2, 1, 1, 1]"
964,dfs_bnb_mpi,0.709572,-9,10,191268,"[-1, -1, 2, 2, -1, 2, -1, -2, -2, 1, -2, -1, -1, 2, -1, 2, 1, 2, 2]"
965,dfs_bnb_mpi,2.04714,-11,12,517021,"[-1, -2, -1, 2, -1, 2, -1, 2, 1, 2, 1, -2, 1, 2, 1, -2, -2, -1, -1]"
966,dfs_bnb_mpi,4.23029,-10,11,981268,"[-1, -1, 2, 1, 1, 2, 2, -1, -2, -1, 2, -1, -2, -2, -2, -2, 1, 1, 1]"
967,dfs_bnb_mpi,1.34167,-11,12,338357,"[-1, -1, 2, 2, 1, -2, 1, 2, 2, 1, 1, -2, -2, 1, -2, -1, -1, 2, 2]"
968,dfs_bnb_mpi,0.314853,-11,12,82882,"[-1, -1, 2, 1, 1, 2, -1, 2, -1, -2, -1, 2, -1, -2, -2, 1, -2, -2, 1]"
969,dfs_bnb_mpi,0.101787,-9,9,24520,"[-1, -1, 2, 2, 1, -2, 1, 2, 2, -1, -1, -1, -2, -2, -2, -1, 2, 2, 2]"
970,dfs_bnb_mpi,0.440117,-11,12,105362,"[-1, -1, 2, 1, 1, 1, -2, -2, 1, -2, -1, -1, 2, -1, -1, -2, 1, -2, 1]"
971,dfs_bnb_mpi,0.447524,-11,12,107523,"[-1, -1, 2, 2, 1, -2, 1, 1, 1, -2, -1, -2, -1, -1, -2, 1, 1, 1, 2]"
972,dfs_bnb_mpi,1.97519,-10,11,479730,"[-1, -1, 2, 2, 1, -2, 1, 2, 1, 2, -1, 2, -1, -2, -1, -1, -2, -2, -2]"
973,dfs_bnb_mpi,3.5511,-11,12,892579,"[-1, -2, 1, 1, 2, 1, -2, -2, -2, 1, -2, -1, -1, -1, 2, 1, 2, -1, -1]"
974,dfs_bnb_mpi,0.108559,-9,10,25252,"[-1, -1, 2, 1, 2, 2, -1, -2, -1, -2, -2, -1, 2, 2, -1, 2, 1, 1, 2]"
975,dfs_bnb_mpi,2.40852,-11,12,649472,"[-1, -2, 1, 1, 2, 2, 2, -1, 2, -1, -2, -1, -1, -2, -2, 1, 2, 1, 1]"
976,dfs_bnb_mpi,0.430096,-10,11,100813,"[-1, -1, 2, 1, 2, 1, -2, 1, -2, 1, -2, -1, -1, -1, -2, 1, 1, 1, 1]"
977,dfs_bnb_mpi,1.67542,-11,12,448260,"[-1, -2, 1, 1, 2, 2, 2, 2, -1, -2, -1, 2, -1, -1, -2, 1, -2, 1, 1]"
978,dfs_bnb_mpi,4.26955,-11,12,1049215,"[-1, -2, 1, 1, 2, 1, 1, 2, -1, -1, 2, 1, 1, 2, -1, -1, -1, -2, -2]"
979,dfs_bnb_mpi,0.45955,-11,12,123005,"[-1, -2, 1, 1, 2, 1, -2, -2, -1, -1, -1, -2, -2, -2, 1, 2, 1, 2, -1]"
980,dfs_bnb_mpi,0.965565,-11,12,245315,"[-1, -1, 2, 2, 2, 1, -2, -2, 1, 1, -2, -2, -1, -1, -1, -1, 2, 2, 2]"
981,dfs_bnb_mpi,0.63001,-11,12,152722,"[-1, -2, 1, 1, 2, 1, 1, -2, -1, -2, -1, -1, -1, -2, 1, -2, 1, 2, 1]"
982,dfs_bnb_mpi,1.43336,-11,12,331107,"[-1, -2, -1, 2, -1, 2, -1, 2, 1, 2, 1, -2, -2, 1, 2, 2, 1, -2, -2]"
983,dfs_bnb_mpi,4.02086,-9,10,963651,"[-1, -1, 2, 2, 2, 2, 2, 1, 1, 1, -2, -1, -1, -2, 1, 1, -2, -1, -1]"
984,dfs_bnb_mpi,0.795007,-11,12,220636,"[-1, -2, 1, 1, 1, 2, -1, 2, 1, 2, -1, 2, 2, -1, -2, -2, -1, -2, 1]"
985,dfs_bnb_mpi,0.494055,-10,11,120467,"[-1, -2, 1, 1, 1, 2, -1, 2, 1, 1, 2, -1, -1, -1, -2, -1, 2, 2, 2]"
986,dfs_bnb_mpi,0.721253,-10,11,171225,"[-1, -1, 2, 2, 2, 2, 1, -2, 1, -2, -1, -2, 1, 1, 1, 2, 2, -1, -2]"
987,dfs_bnb_mpi,1.05375,-10,11,235725,"[-1, -1, -1, -1, 2, 2, 2, 2, 1, 1, -2, -1, -2, -2, 1, 2, 1, -2, 1]"
988,dfs_bnb_mpi,3.91487,-10,10,1047288,"[-1, -1, 2, 2, 2, 1, 1, -2, 1, 2, 1, -2, -2, -2, -1, 2, -1, -1, 2]"
989,dfs_bnb_mpi,0.668245,-11,11,170309,"[-1, -2, 1, 1, -2, 1, 2, 2, -1, 2, -1, -1, -1, -2, -2, -2, 1, 1, -2]"
990,dfs_bnb_mpi,0.171184,-11,12,39667,"[-1, -1, 2, -1, -2, -2, -2, -2, 1, 2, 2, 1, -2, -2, 1, 2, 1, 2, -1]"
991,dfs_bnb_mpi,0.501062,-10,11,121223,"[-1, -1, 2, 2, 2, 1, 1, 1, -2, -1, -1, -2, 1, 1, -2, -2, -1, -1, -1]"
992,dfs_bnb_mpi,0.975824,-10,11,254105,"[-1, -1, 2, 2, 2, 2, -1, -2, -2, -2, -2, -1, 2, 2, -1, 2, 2, 1, -2]"
993,dfs_bnb_mpi,4.38073,-11,12,1039713,"[-1, -2, 1, -2, 1, 2, 2, 2, 1, 1, 1, -2, -2, -1, 2, -1, -2, -2, 1]"
994,dfs_bnb_mpi,1.66795,-10,11,381629,"[-1, -1, 2, 1, 1, 2, 2, 1, -2, -2, -2, -2, -2, -1, 2, -1, -1, -2, 1]"
995,dfs_bnb_mpi,1.91583,-10,11,435994,"[-1, -1, 2, -1, -1, -1, -2, -2, -1, -2, 1, 1, 2, 2, 1, -2, 1, -2, -1]"
996,dfs_bnb_mpi,1.73642,-11,12,397136,"[-1, -2, -1, -1, -2, 1, -2, 1, 2, 1, 2, 1, 2, 1, -2, -2, -1, -2, -1]"
997,dfs_bnb_mpi,2.18506,-11,11,609089,"[-1, -2, 1, 1, 2, 2, 2, -1, -1, -1, -1, -1, -2, 1, -2, 1, 2, 1, 1]"
998,dfs_bnb_mpi,0.920696,-10,10,254802,"[-1, -1, 2, 1, 2, 2, 1, 1, -2, -1, -2, 1, -2, 1, -2, -1, -1, -1, -1]"
999,dfs_bnb_mpi,1.52664,-11,12,397326,"[-1, -2, 1, 1, 2, 2, -1, -1, 2, -1, -1, -1, -2, 1, -2, -2, 1, 2, 2]"
