protein_id,algorithm,time,score,checked,placed,hash
0,dfs_bnb_mpi,2.52986,-11,11,640675,"[-1, -1, 2, 2, -1, -1, -2, 1, -2, -2, 1, 1, 1, 1, 2, 2, -1, -1, 2]"
1,dfs_bnb_mpi,3.17639,-11,12,729933,"[-1, -1, 2, 1, 2, 1, 1, 1, -2, -2, -2, -2, -1, -1, 2, 1, 2, 2, -1]"
2,dfs_bnb_mpi,1.21505,-11,12,280394,"[-1, -1, 2, 2, 2, 1, 2, 2, 1, -2, 1, -2, -1, -2, -1, -2, 1, 1, 2]"
3,dfs_bnb_mpi,1.78097,-11,12,441119,"[-1, -1, 2, 2, 2, 1, 2, 1, 1, -2, -1, -2, 1, 1, -2, -1, -1, -1, 2]"
4,dfs_bnb_mpi,1.14092,-11,12,262747,"[-1, -1, 2, 2, -1, 2, 1, 2, 1, 1, -2, -1, -2, -2, 1, 2, 1, -2, -2]"
5,dfs_bnb_mpi,1.73093,-11,12,462818,"[-1, -1, 2, -1, -2, -1, 2, 2, 2, 1, 1, 1, 1, -2, -2, -1, 2, -1, -1]"
6,dfs_bnb_mpi,3.05982,-11,12,691534,"[-1, -1, 2, -1, -1, -2, -1, -2, 1, -2, 1, 1, 1, 1, 2, -1, -1, -1, 2]"
7,dfs_bnb_mpi,4.76159,-11,12,1076670,"[-1, -2, -1, -2, 1, -2, -2, 1, 2, 2, 2, 1, 2, 1, -2, -2, -1, -2, 1]"
8,dfs_bnb_mpi,2.04892,-11,12,475684,"[-1, -2, -1, -2, 1, 1, 2, 1, -2, 1, -2, -2, -1, 2, -1, -2, -1, 2, -1]"
9,dfs_bnb_mpi,2.79494,-10,11,719847,"[-1, -1, 2, 2, 2, -1, -2, -1, 2, -1, -2, -2, -2, 1, -2, 1, 2, 2, -1]"
10,dfs_bnb_mpi,1.07116,-10,11,248345,"[-1, -1, 2, 2, 2, 1, 1, 2, 1, 1, -2, -1, -2, -1, -1, -2, 1, 1, 1]"
11,dfs_bnb_mpi,5.33752,-10,11,1207001,"[-1, -1, 2, 2, 2, 2, -1, -1, -2, 1, -2, -1, -1, -2, 1, 1, -2, -1, -1]"
12,dfs_bnb_mpi,5.01016,-10,10,1127851,"[-1, -1, 2, 2, 2, 1, 2, 1, -2, 1, 1, -2, -1, -1, -1, -2, 1, 1, -2]"
13,dfs_bnb_mpi,1.65264,-11,12,385584,"[-1, -1, -1, -1, 2, 1, 1, 1, 1, 2, 2, -1, -2, -1, 2, -1, -1, -2, 1]"
14,dfs_bnb_mpi,1.21426,-11,12,281191,"[-1, -1, 2, 1, 2, 1, -2, 1, -2, 1, -2, -2, -1, 2, -1, -2, -1, 2, -1]"
15,dfs_bnb_mpi,5.26232,-10,11,1194447,"[-1, -1, 2, 2, -1, -1, 2, -1, -2, -2, 1, 1, -2, -1, -1, -2, 1, 1, 1]"
16,dfs_bnb_mpi,2.41811,-12,13,617409,"[-1, -2, 1, 1, 2, 1, -2, -2, -2, -2, -1, 2, -1, -2, -1, 2, 2, 1, 1]"
17,dfs_bnb_mpi,1.47273,-11,12,354782,"[-1, -1, 2, 1, 2, 2, 1, 2, 1, -2, -2, -1, -2, 1, -2, 1, 2, 2, 2]"
18,dfs_bnb_mpi,4.89004,-10,11,1124931,"[-1, -1, 2, 2, 1, 2, -1, -1, -1, -1, -2, 1, 1, -2, -1, -1, -2, 1, 1]"
19,dfs_bnb_mpi,0.512245,-10,11,124991,"[-1, -1, 2, 2, 2, 1, -2, -2, 1, 1, 2, -1, 2, 2, 2, 1, -2, -2, 1]"
20,dfs_bnb_mpi,0.349572,-10,10,93310,"[-1, -1, 2, 2, 1, -2, 1, 2, 2, -1, -1, 2, -1, -2, -1, -2, 1, -2, -1]"
21,dfs_bnb_mpi,1.15094,-10,10,270806,"[-1, -1, 2, 2, 2, 2, 1, 2, 1, 1, -2, -1, -2, -1, -2, -2, 1, 2, 1]"
22,dfs_bnb_mpi,0.425,-10,11,99887,"[-1, -1, 2, 2, 2, 1, 2, 2, 1, -2, -2, -2, -1, -2, 1, 1, 2, 2, 2]"
23,dfs_bnb_mpi,0.483206,-10,11,112958,"[-1, -1, 2, 2, -1, -1, -2, 1, -2, -2, 1, 1, -2, -1, -1, -1, 2, 2, -1]"
24,dfs_bnb_mpi,0.897504,-11,11,236210,"[-1, -1, 2, 2, 2, 1, -2, -2, 1, 2, 2, 1, 1, -2, -1, -2, 1, -2, -1]"
25,dfs_bnb_mpi,2.97291,-11,12,751732,"[-1, -1, 2, 1, 2, 2, 1, 2, 1, -2, 1, -2, -2, -2, -1, 2, 2, -1, -2]"
26,dfs_bnb_mpi,1.71941,-11,12,411516,"[-1, -1, -1, 2, 1, 2, -1, 2, 1, 1, -2, -2, 1, 2, 2, 1, -2, -2, -2]"
27,dfs_bnb_mpi,0.558036,-11,12,135700,"[-1, -1, 2, 2, 1, -2, 1, 1, -2, -2, -1, -1, -1, -1, -1, 2, 2, 1, -2]"
28,dfs_bnb_mpi,4.48502,-11,12,1055987,"[-1, -2, -1, 2, 2, 1, 2, -1, -1, -1, -1, -2, -2, 1, 2, 1, -2, -2, -1]"
29,dfs_bnb_mpi,2.95533,-11,12,682344,"[-1, -1, 2, 2, -1, 2, 1, 2, 1, -2, 1, 1, -2, -1, -1, -2, 1, 1, -2]"
30,dfs_bnb_mpi,5.21532,-10,11,1217586,"[-1, -1, 2, 2, 2, 2, -1, -2, -1, -1, -2, -2, -2, 1, 2, 2, 1, -2, -2]"
31,dfs_bnb_mpi,1.11777,-10,10,256970,"[-1, -1, 2, 2, 2, 2, 1, 2, 2, 1, -2, -2, -2, -1, -2, -2, 1, 2, 1]"
32,dfs_bnb_mpi,2.35402,-10,11,540710,"[-1, -1, 2, -1, 2, -1, -2, -1, 2, -1, -2, -2, -2, 1, 2, 1, 1, -2, -1]"
33,dfs_bnb_mpi,2.02863,-10,11,537938,"[-1, -1, 2, 2, 2, -1, -1, -1, -2, 1, 1, -2, -1, -1, -1, -2, 1, 1, 1]"
34,dfs_bnb_mpi,4.91847,-10,11,1116714,"[-1, -1, 2, 2, 2, 1, -2, -2, 1, 1, -2, -2, -1, -1, -1, -2, 1, 1, 1]"
35,dfs_bnb_mpi,0.65155,-11,12,157867,"[-1, -1, -1, 2, 2, 1, -2, 1, 1, 2, -1, 2, -1, -1, 2, 1, 1, 1, -2]"
36,dfs_bnb_mpi,1.12492,-10,10,273756,"[-1, -1, 2, 2, 2, 2, 2, 2, 1, -2, -2, 1, -2, -1, -2, -2, 1, 2, 1]"
37,dfs_bnb_mpi,0.526406,-11,12,137666,"[-1, -1, 2, 1, 1, 1, -2, -2, -1, -1, -1, -1, 2, 2, 2, 2, 1, -2, 1]"
38,dfs_bnb_mpi,3.12049,-11,12,749754,"[-1, -1, 2, 2, 1, -2, 1, 1, -2, 1, -2, -1, -2, -1, 2, -1, -1, -2, 1]"
39,dfs_bnb_mpi,2.64152,-11,12,643297,"[-1, -2, -1, -2, 1, 1, 2, 1, 2, 2, 1, -2, -2, -2, -1, -2, -1, -1, -1]"
40,dfs_bnb_mpi,1.4775,-11,12,399978,"[-1, -1, 2, 2, 1, -2, 1, 1, -2, -2, -1, -2, -2, -1, -1, 2, 2, 1, -2]"
41,dfs_bnb_mpi,0.186334,-10,11,43234,"[-1, -1, 2, 1, 2, 2, 1, 1, 1, -2, -1, -1, -2, 1, 1, -2, -1, -2, 1]"
42,dfs_bnb_mpi,2.4934,-10,11,573104,"[-1, -1, 2, -1, -1, -2, 1, -2, -1, -2, -2, 1, 2, 1, 2, 1, -2, -2, -1]"
43,dfs_bnb_mpi,2.21921,-12,12,575273,"[-1, -2, 1, 1, 2, 2, 2, -1, -1, -1, -1, -2, -2, -2, 1, 2, 2, 1, 1]"
44,dfs_bnb_mpi,0.659825,-11,11,164769,"[-1, -1, 2, 2, 2, 2, 1, -2, -2, -2, 1, 2, 2, 1, -2, -2, 1, -2, -1]"
45,dfs_bnb_mpi,6.00043,-10,11,1377725,"[-1, -1, 2, -1, -2, -1, -1, -2, -1, -2, 1, 1, 2, 1, 1, 1, -2, -1, -1]"
46,dfs_bnb_mpi,0.485024,-11,12,113644,"[-1, -1, 2, 2, 1, -2, 1, 1, -2, -2, -2, -1, 2, -1, -1, -2, 1, -2, 1]"
47,dfs_bnb_mpi,3.10973,-11,11,713329,"[-1, -1, 2, 1, 2, 2, 1, -2, -2, 1, -2, -2, -1, -1, -1, -2, 1, 1, 1]"
48,dfs_bnb_mpi,1.29979,-11,11,355411,"[-1, -1, 2, 2, 1, -2, 1, 1, -2, -2, -1, -1, -1, -2, -1, 2, 2, 2, 2]"
49,dfs_bnb_mpi,5.6578,-10,11,1309072,"[-1, -1, 2, 2, -1, -1, -1, -1, -2, -2, 1, 2, 1, 1, -2, -1, -2, 1, 1]"
50,dfs_bnb_mpi,1.05183,-11,12,285619,"[-1, -1, 2, 1, 2, 2, 1, -2, 1, 2, 1, -2, 1, -2, -1, -2, -1, 2, -1]"
51,dfs_bnb_mpi,0.765567,-11,12,206383,"[-1, -1, 2, 2, 2, 1, -2, -2, 1, 1, 2, -1, 2, 2, -1, -1, -1, -2, -2]"
52,dfs_bnb_mpi,0.767037,-11,12,216776,"[-1, -1, 2, 1, 2, 1, -2, 1, 2, 1, -2, -2, -1, -2, -2, -1, 2, -1, -1]"
53,dfs_bnb_mpi,0.721246,-11,12,173262,"[-1, -2, 1, 1, 2, 2, -1, 2, 1, 1, 1, -2, -1, -2, 1, -2, -1, -2, -1]"
54,dfs_bnb_mpi,3.05732,-11,12,716454,"[-1, -1, 2, 1, 1, 2, -1, 2, 2, 1, -2, 1, -2, -2, -2, -2, -1, -1, -1]"
55,dfs_bnb_mpi,1.6807,-11,12,449898,"[-1, -2, 1, 1, 2, 2, 1, -2, 1, -2, -1, -2, 1, -2, -1, -1, 2, -1, -1]"
56,dfs_bnb_mpi,1.17013,-11,12,284519,"[-1, -1, 2, 1, 2, 1, -2, 1, 2, 1, -2, -2, -1, -2, -1, -1, -1, -1, 2]"
57,dfs_bnb_mpi,0.606467,-11,12,154241,"[-1, -1, 2, 2, 2, 1, -2, -2, 1, 2, 1, 2, -1, 2, 2, -1, -1, -2, 1]"
58,dfs_bnb_mpi,1.0682,-11,12,251150,"[-1, -1, 2, 1, 2, -1, 2, 1, 2, 1, 1, -2, -1, -2, 1, 1, -2, -1, -1]"
59,dfs_bnb_mpi,0.456962,-10,11,111119,"[-1, -1, 2, 1, 2, 1, -2, 1, -2, -2, -2, -1, 2, -1, -1, -2, 1, -2, 1]"
60,dfs_bnb_mpi,0.22262,-11,12,54031,"[-1, -1, 2, 1, 2, 2, 1, -2, -2, 1, 2, 2, 1, -2, 1, -2, -1, -2, -1]"
61,dfs_bnb_mpi,3.70908,-11,12,885818,"[-1, -1, -1, 2, 1, 1, 1, 2, 2, 2, -1, -1, -1, -2, 1, 1, -2, -1, -1]"
62,dfs_bnb_mpi,2.13067,-11,12,488246,"[-1, -2, -1, -2, 1, -2, 1, 2, 2, 1, 2, 1, -2, -2, -1, -2, 1, 1, 2]"
63,dfs_bnb_mpi,2.59026,-11,12,699603,"[-1, -1, 2, 2, 1, -2, 1, 2, 2, 1, 1, -2, 1, -2, -1, -2, -1, 2, 2]"
64,dfs_bnb_mpi,0.31543,-9,10,77260,"[-1, -1, 2, 2, 2, 1, -2, -2, 1, 2, 1, 2, -1, 2, -1, -1, 2, 2, 2]"
65,dfs_bnb_mpi,0.12688,-11,11,29941,"[-1, -1, 2, -1, 2, 1, 2, 1, -2, -2, 1, 2, 2, 2, -1, -1, -1, -2, -1]"
66,dfs_bnb_mpi,5.49373,-10,11,1346699,"[-1, -1, 2, 2, 2, 2, -1, -1, -1, -2, -2, 1, -2, -2, 1, 2, 2, 2, -1]"
67,dfs_bnb_mpi,5.06502,-10,11,1130367,"[-1, -1, 2, -1, 2, -1, -2, -1, -2, -2, 1, 2, 1, -2, 1, 1, -2, -1, -1]"
68,dfs_bnb_mpi,2.54006,-11,12,646851,"[-1, -1, 2, 2, -1, 2, 1, 1, 2, 1, 1, -2, -2, -2, -1, -1, 2, 1, 2]"
69,dfs_bnb_mpi,0.568571,-11,12,143656,"[-1, -1, 2, 2, 1, -2, 1, 1, -2, 1, 2, 2, 2, -1, -2, -1, 2, -1, 2]"
70,dfs_bnb_mpi,1.97195,-10,11,455044,"[-1, -1, 2, 2, 1, -2, 1, 2, 2, 2, -1, -2, -1, -1, -1, -2, -2, 1, 2]"
71,dfs_bnb_mpi,0.761982,-11,12,190003,"[-1, -1, 2, 1, 2, 2, 2, 1, -2, -2, 1, 2, 2, 1, -2, -2, -2, -1, -1]"
72,dfs_bnb_mpi,2.96832,-11,11,725408,"[-1, -1, 2, 1, 2, -1, 2, 1, 2, 1, -2, 1, 1, -2, -1, -1, -2, 1, 1]"
73,dfs_bnb_mpi,2.70677,-11,12,664492,"[-1, -1, 2, 2, 2, 1, 1, 2, 1, -2, 1, -2, -2, -1, 2, -1, -1, -2, 1]"
74,dfs_bnb_mpi,0.307747,-10,11,78422,"[-1, -1, 2, 2, -1, -1, -2, 1, -2, -2, 1, 1, -2, -1, -1, -1, 2, 2, -1]"
75,dfs_bnb_mpi,1.15893,-11,12,270341,"[-1, -1, 2, 1, 2, -1, 2, 1, 2, 1, -2, 1, -2, -1, -2, 1, 1, 2, 2]"
76,dfs_bnb_mpi,1.32245,-10,11,338611,"[-1, -2, 1, 1, 1, 2, -1, 2, 2, -1, -2, -1, -1, -2, -2, -2, 1, 1, 1]"
77,dfs_bnb_mpi,1.01463,-11,12,238979,"[-1, -1, 2, 2, 2, 1, 2, 2, 1, -2, 1, -2, -1, -2, -1, -2, 1, 1, 2]"
78,dfs_bnb_mpi,6.0268,-10,11,1381370,"[-1, -1, 2, -1, 2, 2, 2, 1, 2, 1, -2, -2, 1, -2, -2, -1, 2, -1, 2]"
79,dfs_bnb_mpi,0.316748,-10,11,82501,"[-1, -1, 2, 2, 1, -2, 1, 2, 2, 1, -2, -2, -2, 1, -2, -1, -1, -1, -1]"
80,dfs_bnb_mpi,2.2867,-11,12,534420,"[-1, -2, -1, -2, 1, -2, 1, 2, 2, 1, 2, 2, 1, -2, -2, -2, -2, -1, 2]"
81,dfs_bnb_mpi,1.0502,-11,12,280752,"[-1, -1, 2, 1, 2, 2, 1, -2, -2, 1, -2, -2, 1, 2, 2, 2, 2, -1, -2]"
82,dfs_bnb_mpi,0.934762,-11,12,260258,"[-1, -1, 2, 2, 2, 1, -2, -2, 1, 2, 2, 1, 2, 1, -2, -2, -1, -2, -2]"
83,dfs_bnb_mpi,0.50277,-11,12,116543,"[-1, -1, 2, 1, 2, 2, 1, 1, 1, -2, -1, -1, -2, 1, 1, -2, -2, -1, 2]"
84,dfs_bnb_mpi,3.31182,-11,12,826058,"[-1, -1, 2, -1, -1, -2, -2, -2, -2, 1, 2, 1, -2, 1, 2, 2, -1, -1, 2]"
85,dfs_bnb_mpi,4.99627,-10,11,1121334,"[-1, -1, 2, 2, 1, -2, 1, 2, 1, 1, -2, -1, -2, 1, -2, -1, -1, -1, -1]"
86,dfs_bnb_mpi,4.73003,-10,11,1073013,"[-1, -1, 2, 2, 1, -2, 1, 2, 2, -1, -1, -1, -1, -2, 1, -2, -1, -2, 1]"
87,dfs_bnb_mpi,5.32814,-10,11,1212478,"[-1, -1, 2, 2, -1, 2, -1, -2, -1, -2, -2, -2, 1, 2, 2, 1, -2, -2, 1]"
88,dfs_bnb_mpi,5.53152,-10,11,1242892,"[-1, -1, 2, 2, 1, -2, 1, 2, 2, -1, 2, 1, 1, -2, 1, -2, -1, -2, 1]"
89,dfs_bnb_mpi,5.17542,-10,11,1189901,"[-1, -1, 2, 2, 2, -1, -2, -1, -2, 1, -2, -1, -2, 1, 1, 1, -2, -1, -1]"
90,dfs_bnb_mpi,1.32129,-10,11,324550,"[-1, -1, 2, -1, 2, -1, -2, -2, 1, -2, 1, 1, -2, -1, -1, -2, -1, 2, 2]"
91,dfs_bnb_mpi,1.71092,-11,12,454817,"[-1, -1, 2, 1, 1, 2, 1, -2, -2, 1, 2, 2, 2, 2, -1, -2, -1, -1, -2]"
92,dfs_bnb_mpi,0.655277,-11,12,159389,"[-1, -1, 2, 2, 2, 1, -2, -2, 1, 1, 2, -1, 2, 2, 2, -1, -1, -2, 1]"
93,dfs_bnb_mpi,1.27607,-11,12,287084,"[-1, -1, 2, 2, 2, 1, 1, 1, 1, -2, -1, -1, -1, -2, 1, 1, 1, -2, -1]"
94,dfs_bnb_mpi,0.596324,-11,12,141686,"[-1, -1, 2, 1, 1, 1, -2, -2, -1, -2, -1, 2, -1, -2, -2, 1, 1, 1, 2]"
95,dfs_bnb_mpi,0.433414,-10,10,112514,"[-1, -1, 2, 2, 2, 1, 1, -2, -1, -2, 1, 1, 2, 2, 2, -1, -1, -1, 2]"
96,dfs_bnb_mpi,1.54196,-11,12,352849,"[-1, -1, 2, -1, -1, -2, 1, -2, -1, -2, -2, 1, 2, 1, 2, 1, -2, -2, -1]"
97,dfs_bnb_mpi,0.392702,-11,12,106658,"[-1, -1, 2, 1, 2, -1, -1, -2, -1, 2, 2, 1, 1, 2, 1, -2, 1, -2, -2]"
98,dfs_bnb_mpi,3.02014,-11,12,711402,"[-1, -1, 2, 2, 2, 1, 2, 1, -2, 1, 1, -2, -2, -1, 2, -1, -1, -2, 1]"
99,dfs_bnb_mpi,0.943439,-10,11,216582,"[-1, -1, 2, 2, -1, -1, -1, -2, -2, 1, 2, 1, -2, -2, 1, -2, -1, -1, 2]"
100,dfs_bnb_mpi,1.18956,-10,11,265747,"[-1, -1, 2, 2, -1, -2, -1, -2, 1, -2, 1, 1, 1, 1, 2, 2, -1, -1, 2]"
101,dfs_bnb_mpi,5.8577,-10,11,1420937,"[-1, -1, 2, -1, 2, -1, -2, -2, 1, -2, 1, 1, 1, -2, -1, -1, -1, -1, 2]"
102,dfs_bnb_mpi,0.821773,-11,12,216753,"[-1, -1, 2, 2, 1, -2, 1, 2, 2, -1, 2, -1, -2, -1, -2, -2, -1, -2, 1]"
103,dfs_bnb_mpi,0.673921,-11,12,181916,"[-1, -1, 2, 2, 2, 2, 1, -2, -2, -2, 1, 2, 1, 2, 1, 2, -1, -1, -2]"
104,dfs_bnb_mpi,2.52677,-11,12,651071,"[-1, -1, 2, 2, 2, 1, 1, -2, 1, 2, 1, -2, -2, -2, -1, 2, -1, -1, 2]"
105,dfs_bnb_mpi,0.552528,-11,12,132040,"[-1, -1, 2, 2, 1, -2, 1, 2, 2, 1, 1, -2, -1, -2, 1, 1, -2, -1, -1]"
106,dfs_bnb_mpi,0.301171,-11,12,70956,"[-1, -1, 2, 2, 1, -2, 1, 2, 1, 1, -2, -1, -2, 1, -2, -1, -1, -1, -1]"
107,dfs_bnb_mpi,4.90561,-11,12,1110948,"[-1, -2, -1, -2, 1, 1, 2, 1, -2, 1, -2, -1, -1, -1, -1, -2, 1, 1, 1]"
108,dfs_bnb_mpi,1.63264,-11,11,408420,"[-1, -1, 2, 1, 1, 2, 1, -2, -2, -2, -2, -1, -1, -1, -1, 2, 1, 1, 1]"
109,dfs_bnb_mpi,0.497387,-11,12,115066,"[-1, -1, 2, -1, -2, -2, 1, 1, 1, 1, 2, 2, -1, -1, 2, 1, 2, 1, -2]"
110,dfs_bnb_mpi,2.64797,-11,12,691145,"[-1, -1, 2, 1, 2, 1, -2, 1, 2, 1, -2, 1, -2, -2, -1, 2, -1, -2, -1]"
111,dfs_bnb_mpi,2.46268,-11,12,598401,"[-1, -2, 1, 1, -2, -1, -1, -1, 2, -1, -2, -2, 1, 1, 1, -2, -1, -1, -1]"
112,dfs_bnb_mpi,2.74618,-10,11,637965,"[-1, -1, 2, -1, 2, -1, -1, -1, -2, 1, 1, -2, 1, -2, -1, -1, -1, 2, 1]"
113,dfs_bnb_mpi,1.42016,-11,12,330481,"[-1, -1, 2, -1, 2, 1, 2, 1, -2, -2, 1, 2, 1, -2, -2, -2, -1, -1, -1]"
114,dfs_bnb_mpi,1.47358,-10,10,372115,"[-1, -1, 2, 2, 1, -2, 1, 1, 2, -1, 2, -1, -1, -1, -2, -2, -1, -2, 1]"
115,dfs_bnb_mpi,1.40218,-10,11,317873,"[-1, -1, 2, 1, 1, 2, 2, 2, -1, -1, -1, -2, 1, 1, -2, -1, -1, -2, -1]"
116,dfs_bnb_mpi,2.61936,-11,12,655676,"[-1, -2, 1, 1, 2, 2, 1, 2, 1, -2, -2, -1, -2, 1, -2, -1, -1, -1, -1]"
117,dfs_bnb_mpi,6.13768,-10,11,1383312,"[-1, -1, 2, -1, 2, 2, -1, -1, -1, -2, -2, -2, 1, 2, 2, 1, -2, -2, 1]"
118,dfs_bnb_mpi,1.78195,-11,12,418635,"[-1, -2, 1, 1, 1, 2, -1, 2, 2, 1, -2, 1, 2, 2, -1, -1, -1, -2, -2]"
119,dfs_bnb_mpi,4.94344,-11,12,1141013,"[-1, -2, 1, 1, 2, 2, -1, 2, 1, 1, -2, -2, 1, 2, 2, 2, -1, -1, -1]"
120,dfs_bnb_mpi,0.568109,-11,11,134565,"[-1, -1, 2, 1, 2, -1, 2, -1, -2, -1, -2, 1, -2, -1, -1, 2, 2, 2, 1]"
121,dfs_bnb_mpi,2.71801,-11,11,715281,"[-1, -1, 2, 1, 2, 2, 1, 1, 1, -2, -2, -2, -2, -1, 2, 2, 2, -1, -2]"
122,dfs_bnb_mpi,5.0969,-10,11,1242941,"[-1, -1, 2, 2, 2, 1, 2, 1, 2, 1, -2, -2, -2, -2, -1, -1, 2, 1, 2]"
123,dfs_bnb_mpi,0.448232,-10,11,107049,"[-1, -1, 2, 1, 2, -1, 2, 1, 1, 2, 1, -2, -2, -1, -2, 1, 1, 2, 2]"
124,dfs_bnb_mpi,2.53043,-11,12,632913,"[-1, -2, 1, 1, 2, 1, -2, 1, 1, -2, -2, -1, -1, -1, -1, 2, 1, 1, 1]"
125,dfs_bnb_mpi,5.75535,-10,11,1287416,"[-1, -1, 2, -1, 2, -1, -1, -2, -2, -2, 1, -2, 1, 1, 2, -1, 2, -1, 2]"
126,dfs_bnb_mpi,3.11546,-11,11,743931,"[-1, -1, 2, -1, -2, -2, 1, 1, 1, 1, 2, 1, 2, -1, 2, -1, -1, -2, 1]"
127,dfs_bnb_mpi,1.22955,-10,11,275662,"[-1, -1, 2, 2, 2, 2, 1, 1, 1, -2, -1, -1, -2, -2, 1, 2, 1, -2, 1]"
128,dfs_bnb_mpi,1.22755,-11,12,299044,"[-1, -1, 2, 2, 1, -2, 1, 2, 2, 1, 2, 1, -2, -2, -1, -2, 1, -2, -1]"
129,dfs_bnb_mpi,2.36981,-10,11,548637,"[-1, -1, 2, 2, 1, -2, 1, 2, 2, -1, 2, 1, 1, -2, 1, -2, -2, -1, 2]"
130,dfs_bnb_mpi,1.97601,-11,12,455720,"[-1, -2, -1, -2, 1, 1, 2, 1, 1, -2, -1, -2, 1, -2, -1, -1, -1, 2, 1]"
131,dfs_bnb_mpi,2.99751,-11,12,724806,"[-1, -1, 2, 1, 2, 1, -2, 1, -2, 1, -2, -1, -2, -1, 2, -1, -1, -2, 1]"
132,dfs_bnb_mpi,4.63305,-10,11,1165151,"[-1, -1, 2, 2, 2, 2, -1, -2, -2, -2, -1, 2, 2, -1, -2, -2, -2, 1, 1]"
133,dfs_bnb_mpi,2.9977,-11,12,729831,"[-1, -1, 2, 2, 1, -2, 1, 1, -2, -2, -1, -2, -1, 2, -1, -1, 2, 2, 2]"
134,dfs_bnb_mpi,1.39601,-11,12,321280,"[-1, -1, 2, -1, -2, -2, 1, 1, 1, -2, -2, -1, 2, -1, -1, -1, -2, 1, 1]"
135,dfs_bnb_mpi,1.08253,-10,11,244274,"[-1, -1, 2, 1, 1, 2, 2, 1, 1, -2, -1, -2, 1, -2, -1, -2, -1, -1, -1]"
136,dfs_bnb_mpi,0.45446,-11,11,107953,"[-1, -1, 2, 2, 2, 2, 2, 1, 1, -2, -1, -2, -2, -2, 1, 1, 2, -1, 2]"
137,dfs_bnb_mpi,0.564736,-11,12,137040,"[-1, -1, 2, 2, 2, 1, 2, 1, -2, -2, -1, -2, 1, 1, 1, 2, 2, -1, -2]"
138,dfs_bnb_mpi,0.510337,-10,11,123876,"[-1, -1, 2, 1, 2, 1, -2, 1, 2, 2, 2, -1, -2, -1, 2, -1, -2, -2, -1]"
139,dfs_bnb_mpi,3.48551,-11,12,793886,"[-1, -1, 2, 1, 2, 1, 2, 2, 1, 1, -2, -1, -2, 1, -2, -2, -1, 2, -1]"
140,dfs_bnb_mpi,0.280085,-10,11,71391,"[-1, -1, 2, 2, 1, -2, 1, 2, 2, -1, -1, 2, -1, -2, -2, -2, -2, -1, 2]"
141,dfs_bnb_mpi,1.7767,-11,12,477627,"[-1, -1, 2, 2, 2, 1, 2, 1, -2, -2, 1, 2, 1, -2, -2, -1, -1, -1, 2]"
142,dfs_bnb_mpi,2.21214,-11,12,534433,"[-1, -2, 1, 1, 2, 2, -1, 2, 1, 2, 1, -2, 1, -2, -2, -2, -1, 2, 2]"
143,dfs_bnb_mpi,5.28962,-10,11,1201852,"[-1, -1, 2, 2, -1, 2, -1, -1, -1, -2, 1, 1, -2, 1, -2, -1, -1, 2, -1]"
144,dfs_bnb_mpi,0.293404,-11,12,70598,"[-1, -1, 2, 1, 2, -1, 2, 1, 1, 1, -2, -1, -2, 1, -2, 1, 2, 2, 2]"
145,dfs_bnb_mpi,0.659814,-11,12,169496,"[-1, -1, 2, 2, 2, 1, -2, -2, 1, 2, 1, -2, -2, -2, -2, -1, 2, -1, -1]"
146,dfs_bnb_mpi,0.579418,-11,12,147523,"[-1, -1, 2, 1, 1, 1, 2, -1, -1, -1, -1, -2, -2, -2, 1, 1, 1, 1, 2]"
147,dfs_bnb_mpi,1.29514,-11,12,362264,"[-1, -1, 2, 2, 2, 1, -2, -2, 1, 1, 1, 2, 2, -1, 2, -1, -2, -2, 1]"
148,dfs_bnb_mpi,4.03341,-11,12,1023228,"[-1, -2, 1, 1, 2, 1, 1, -2, -2, -2, -1, -1, -1, -1, 2, 1, 1, 1, 2]"
149,dfs_bnb_mpi,2.66903,-10,11,666060,"[-1, -1, 2, 2, -1, -2, -1, -2, 1, -2, -1, -2, 1, 1, 1, 1, 2, -1, -1]"
150,dfs_bnb_mpi,5.2672,-10,11,1233610,"[-1, -1, 2, 2, -1, -2, -1, -1, -2, 1, -2, -1, -2, 1, 1, 1, 2, -1, 2]"
151,dfs_bnb_mpi,0.590837,-11,12,147475,"[-1, -1, 2, -1, 2, 1, 1, -2, 1, 2, 2, -1, -1, -1, -1, -2, -2, -2, 1]"
152,dfs_bnb_mpi,2.10067,-10,11,485492,"[-1, -1, 2, 2, -1, 2, -1, -1, -1, -2, 1, 1, -2, 1, -2, -1, -1, 2, -1]"
153,dfs_bnb_mpi,5.23105,-10,11,1186480,"[-1, -1, 2, 1, 2, 2, 2, 1, -2, 1, 1, -2, -1, -1, -2, 1, 1, -2, -1]"
154,dfs_bnb_mpi,0.827056,-10,11,204881,"[-1, -2, 1, 1, 2, 1, -2, -2, -1, -1, -2, 1, 1, 1, 1, 2, -1, 2, 2]"
155,dfs_bnb_mpi,0.52416,-11,12,123893,"[-1, -1, 2, 1, 1, 1, -2, -2, 1, -2, -1, -1, 2, -1, -1, -2, 1, -2, 1]"
156,dfs_bnb_mpi,1.56984,-10,10,397367,"[-1, -1, 2, 2, 1, -2, 1, 2, 2, -1, 2, -1, -2, -1, -2, -2, -1, -2, 1]"
157,dfs_bnb_mpi,1.02986,-11,12,274056,"[-1, -1, 2, 1, 2, -1, 2, 1, 2, 1, 1, -2, 1, -2, -1, -2, -1, 2, 2]"
158,dfs_bnb_mpi,0.382373,-11,12,101003,"[-1, -1, 2, 1, 2, 2, 1, -2, -2, 1, -2, 1, 2, 1, 2, -1, 2, -1, -2]"
159,dfs_bnb_mpi,1.59729,-11,12,415796,"[-1, -2, 1, 1, 2, 2, 2, 1, 1, -2, -1, -2, 1, -2, -1, -2, -1, -1, -1]"
160,dfs_bnb_mpi,1.18901,-11,12,269203,"[-1, -1, 2, 1, 2, -1, 2, -1, -2, -1, -2, 1, -2, -1, -1, 2, 2, 2, 1]"
161,dfs_bnb_mpi,3.43603,-11,12,816039,"[-1, -1, 2, -1, -2, -1, 2, 2, 2, 1, 1, 1, 1, -2, -2, -1, 2, -1, -1]"
162,dfs_bnb_mpi,4.10902,-11,12,925009,"[-1, -2, 1, 1, 2, 1, 2, 2, 2, -1, 2, -1, -2, -2, 1, -2, -1, -1, 2]"
163,dfs_bnb_mpi,5.50532,-10,11,1275698,"[-1, -1, 2, 2, 2, 2, -1, -1, -2, 1, -2, -1, -1, -2, 1, 1, -2, -1, -1]"
164,dfs_bnb_mpi,0.458675,-10,11,112945,"[-1, -1, 2, 2, 2, 1, -2, -2, 1, 1, 2, -1, 2, 2, 2, -1, -2, -1, 2]"
165,dfs_bnb_mpi,0.63194,-10,11,150708,"[-1, -1, 2, -1, -1, -1, -2, -2, 1, 2, 1, -2, 1, 1, -2, -1, -1, -1, -1]"
166,dfs_bnb_mpi,3.34436,-10,11,836208,"[-1, -1, 2, 2, 2, 1, 1, -2, -1, -2, 1, 1, 2, 2, 1, -2, -2, -2, -1]"
167,dfs_bnb_mpi,4.79944,-10,11,1084645,"[-1, -1, 2, 2, 2, 1, 1, -2, 1, 2, 1, -2, -2, -2, -1, 2, -1, -1, 2]"
168,dfs_bnb_mpi,1.64148,-12,12,407366,"[-1, -1, 2, 1, 1, 1, 1, -2, -2, -2, -1, -1, -1, -1, 2, 1, 1, 1, 2]"
169,dfs_bnb_mpi,2.27152,-11,11,593551,"[-1, -1, 2, 2, 2, 1, 2, 1, -2, -2, 1, 1, -2, -2, -1, 2, -1, -1, 2]"
170,dfs_bnb_mpi,1.07228,-10,11,272505,"[-1, -1, 2, 2, 1, -2, 1, 1, -2, -2, -1, -1, -2, -1, 2, -1, 2, 2, 2]"
171,dfs_bnb_mpi,1.78158,-10,11,495968,"[-1, -1, 2, 1, 2, 2, 2, 1, 1, -2, -1, -2, 1, 1, -2, -2, -1, 2, -1]"
172,dfs_bnb_mpi,1.25138,-11,12,301077,"[-1, -1, 2, 1, 2, -1, 2, 2, 1, -2, 1, 1, -2, -1, -2, 1, 1, -2, -1]"
173,dfs_bnb_mpi,3.15528,-11,11,715665,"[-1, -1, 2, -1, -2, -2, -2, -1, -2, 1, 1, 2, 2, 1, 1, -2, -1, -2, 1]"
174,dfs_bnb_mpi,1.73208,-11,11,452962,"[-1, -2, 1, 1, 2, 2, -1, 2, 1, 1, 1, -2, 1, -2, -1, -2, -1, 2, 2]"
175,dfs_bnb_mpi,2.78197,-11,11,630745,"[-1, -1, 2, 2, -1, 2, 1, 2, 2, 1, 1, -2, -1, -2, 1, -2, -1, -2, 1]"
176,dfs_bnb_mpi,1.62289,-11,12,409337,"[-1, -1, 2, 2, 1, -2, 1, 1, 2, -1, 2, -1, -1, 2, -1, -2, -2, -2, -2]"
177,dfs_bnb_mpi,4.10771,-11,12,1033209,"[-1, -2, 1, 1, 2, 2, -1, 2, 1, 1, 1, 1, -2, -2, -1, 2, -1, -2, -2]"
178,dfs_bnb_mpi,4.96882,-10,10,1135931,"[-1, -1, 2, 2, 2, 2, 2, 1, 2, 1, -2, -2, -1, -2, 1, -2, -1, -2, 1]"
179,dfs_bnb_mpi,2.85527,-11,11,745131,"[-1, -2, 1, 1, 2, 2, 1, -2, -2, 1, 1, 2, -1, 2, 2, -1, -1, -1, -2]"
180,dfs_bnb_mpi,0.737626,-11,12,169745,"[-1, -1, -1, 2, 1, 1, 1, 1, -2, -2, -1, -1, -1, -1, -2, 1, 1, 1, 1]"
181,dfs_bnb_mpi,1.22511,-11,12,317973,"[-1, -2, 1, 1, 2, 1, -2, 1, -2, -1, -1, -1, -1, -2, -2, 1, 2, 1, 1]"
182,dfs_bnb_mpi,1.03878,-11,12,275336,"[-1, -1, 2, 1, 2, 1, -2, 1, -2, -2, -2, -2, -1, 2, 2, -1, -1, -2, 1]"
183,dfs_bnb_mpi,4.21758,-11,11,960803,"[-1, -2, 1, 1, 2, 2, 1, 1, 1, -2, -2, -1, 2, -1, -2, -2, -1, -1, -1]"
184,dfs_bnb_mpi,0.479361,-11,12,110457,"[-1, -1, 2, 2, 2, 2, 2, 1, 1, -2, -1, -2, -2, -2, 1, 2, 1, 2, -1]"
185,dfs_bnb_mpi,0.293024,-11,10,82822,"[-1, -1, -1, 2, 2, 2, 1, -2, -2, 1, 2, 2, 2, 1, -2, 1, -2, -1, -2]"
186,dfs_bnb_mpi,1.06451,-10,11,271574,"[-1, -1, 2, 1, 2, -1, -1, -1, -2, 1, -2, -1, -1, 2, 2, 2, 1, 1, 2]"
187,dfs_bnb_mpi,1.18528,-11,11,304238,"[-1, -1, -1, 2, 1, 1, 2, -1, -1, -1, -2, -2, -2, 1, 1, 1, -2, -1, -1]"
188,dfs_bnb_mpi,0.705494,-11,12,178154,"[-1, -1, 2, 2, 1, -2, 1, 2, 1, -2, -2, -2, -1, -1, -1, -1, 2, 2, 2]"
189,dfs_bnb_mpi,2.78024,-11,12,743408,"[-1, -2, 1, 1, 2, 2, 1, 1, -2, -1, -2, 1, -2, -1, -2, -1, 2, -1, -1]"
190,dfs_bnb_mpi,2.89098,-11,11,701236,"[-1, -1, 2, 2, 2, 2, 1, 2, 1, -2, 1, -2, -2, -1, 2, -1, -2, -2, 1]"
191,dfs_bnb_mpi,1.30515,-11,12,298532,"[-1, -1, -1, 2, 1, 2, -1, 2, 2, 1, -2, 1, -2, -2, 1, 2, 2, 2, -1]"
192,dfs_bnb_mpi,1.51875,-10,11,421803,"[-1, -1, 2, 2, 2, 2, 1, -2, 1, -2, -1, -2, 1, 1, -2, -2, -1, -1, -1]"
193,dfs_bnb_mpi,1.3406,-11,12,354815,"[-1, -2, 1, 1, 2, 1, 1, -2, -1, -2, 1, -2, -1, -1, 2, -1, -2, -1, 2]"
194,dfs_bnb_mpi,0.627101,-11,12,152865,"[-1, -1, 2, 2, 2, 2, 1, 1, -2, -1, -2, -2, 1, 2, 1, 2, 1, 2, -1]"
195,dfs_bnb_mpi,0.278344,-10,11,70022,"[-1, -1, 2, 2, 2, 2, 1, -2, -2, -2, 1, 2, 1, -2, -2, -2, -1, -1, -1]"
196,dfs_bnb_mpi,0.126403,-11,11,32665,"[-1, -1, 2, 2, 1, -2, 1, 1, 2, -1, 2, 1, 1, -2, 1, -2, -1, -2, -1]"
197,dfs_bnb_mpi,3.50488,-11,12,802995,"[-1, -1, -1, 2, 2, 2, 2, 1, -2, 1, 2, 1, -2, -2, -1, -1, -2, 1, 1]"
198,dfs_bnb_mpi,0.486864,-10,11,115937,"[-1, -1, 2, 2, 2, 2, 1, -2, -2, -2, 1, 2, 2, 2, 1, -2, -2, -2, 1]"
199,dfs_bnb_mpi,2.51253,-11,12,645880,"[-1, -1, 2, 2, 2, 1, 1, -2, 1, 2, 1, -2, -2, -2, -1, 2, -1, -1, 2]"
200,dfs_bnb_mpi,5.25103,-10,11,1179839,"[-1, -1, 2, 2, 1, -2, 1, 1, 2, -1, 2, 2, -1, -2, -1, 2, -1, -2, -2]"
201,dfs_bnb_mpi,6.29708,-10,11,1410130,"[-1, -1, 2, -1, 2, 1, 2, 2, 2, 1, 1, -2, -1, -2, 1, -2, -1, -2, 1]"
202,dfs_bnb_mpi,3.50653,-11,12,785680,"[-1, -1, -1, 2, 1, 2, 2, 1, 2, 1, 1, -2, -1, -2, 1, -2, -1, -1, 2]"
203,dfs_bnb_mpi,1.36246,-11,12,313615,"[-1, -1, 2, 1, 2, 1, -2, 1, -2, -2, -2, -1, 2, -1, -1, -1, -2, 1, 1]"
204,dfs_bnb_mpi,0.962077,-11,12,235583,"[-1, -2, 1, 1, 2, 2, 1, 1, -2, -1, -2, 1, -2, -1, -2, -1, -1, 2, 1]"
205,dfs_bnb_mpi,5.83195,-10,11,1307185,"[-1, -1, 2, 2, 2, 1, -2, -2, 1, 2, 2, 1, 1, -2, -1, -2, 1, -2, -1]"
206,dfs_bnb_mpi,2.85005,-11,11,681793,"[-1, -1, 2, 2, 2, 2, 2, 1, 1, -2, -2, 1, -2, -1, -2, -1, 2, 2, 2]"
207,dfs_bnb_mpi,1.37552,-11,12,312854,"[-1, -1, 2, 2, 2, 1, 2, 1, -2, 1, -2, -1, -1, -2, 1, 1, 1, 2, 2]"
208,dfs_bnb_mpi,3.54171,-10,11,880942,"[-1, -1, 2, 2, 2, 2, 1, 1, 2, 1, -2, -2, -2, -1, -2, -1, 2, 2, 1]"
209,dfs_bnb_mpi,0.151637,-10,11,38622,"[-1, -1, 2, 2, 2, 1, 1, -2, -1, -2, 1, 1, 2, 2, 2, 1, -2, -2, 1]"
210,dfs_bnb_mpi,5.56116,-10,11,1229569,"[-1, -1, 2, 2, 2, -1, 2, -1, -1, -2, -2, -2, 1, -2, 1, 2, 2, -1, 2]"
211,dfs_bnb_mpi,0.451713,-10,11,101257,"[-1, -1, 2, 2, 1, -2, 1, 1, 2, -1, 2, -1, -1, 2, 1, 1, 1, -2, 1]"
212,dfs_bnb_mpi,3.41609,-11,12,760531,"[-1, -1, 2, -1, 2, 2, 2, 1, 1, -2, 1, -2, 1, -2, -1, -1, 2, -1, 2]"
213,dfs_bnb_mpi,1.75078,-11,12,426027,"[-1, -1, 2, 2, 1, -2, 1, 2, 1, 1, -2, -1, -2, 1, -2, -1, -1, -1, -1]"
214,dfs_bnb_mpi,1.87048,-10,11,470622,"[-1, -1, 2, 2, 2, 2, 2, 1, 1, -2, -1, -2, 1, 1, -2, -1, -2, -1, 2]"
215,dfs_bnb_mpi,0.449387,-11,12,102973,"[-1, -1, 2, 2, 2, 1, 1, 1, 1, -2, -1, -1, -1, -2, 1, 1, 1, -2, -1]"
216,dfs_bnb_mpi,2.08219,-9,10,475787,"[-1, -1, 2, 2, 2, 2, 1, -2, 1, 2, 1, -2, -2, -1, -1, -2, 1, 1, 1]"
217,dfs_bnb_mpi,1.64085,-11,12,379647,"[-1, -2, 1, 1, 2, 1, 2, 1, -2, -2, -1, -2, 1, -2, -1, -1, -1, 2, 1]"
218,dfs_bnb_mpi,0.814596,-10,11,187996,"[-1, -1, 2, 2, 2, 2, 2, 1, 1, -2, -1, -2, -2, -2, 1, 2, 1, 2, -1]"
219,dfs_bnb_mpi,0.801444,-9,10,187553,"[-1, -1, 2, 2, 2, 2, 1, 1, 1, -2, -2, -1, 2, -1, -2, -2, 1, 1, 1]"
220,dfs_bnb_mpi,3.03383,-11,12,689676,"[-1, -1, 2, 2, 2, 1, 1, -2, 1, 2, 1, -2, -2, -2, -1, 2, -1, -1, 2]"
221,dfs_bnb_mpi,2.84987,-10,11,690371,"[-1, -1, 2, 2, 2, 2, 1, -2, -2, -2, 1, 2, 2, 2, 2, 2, -1, -2, -1]"
222,dfs_bnb_mpi,2.05746,-11,12,477447,"[-1, -2, 1, 1, -2, 1, -2, -1, -1, 2, -1, -2, -2, 1, 1, 1, -2, -1, -1]"
223,dfs_bnb_mpi,2.41826,-11,11,648258,"[-1, -1, 2, 1, 1, 2, 1, -2, -2, -2, -2, -1, -2, -1, 2, -1, 2, 1, 1]"
224,dfs_bnb_mpi,0.535314,-11,12,143660,"[-1, -1, 2, 2, 1, -2, 1, 1, -2, 1, 2, 2, -1, -1, 2, -1, 2, -1, -2]"
225,dfs_bnb_mpi,0.367155,-11,12,94720,"[-1, -1, 2, 1, 2, 2, 1, -2, -2, 1, 2, 2, 1, -2, 1, -2, -1, -2, -1]"
226,dfs_bnb_mpi,4.75356,-10,10,1081007,"[-1, -1, 2, 2, 2, 2, 1, -2, 1, 2, 1, -2, -2, -1, -1, -2, 1, 1, -2]"
227,dfs_bnb_mpi,2.97866,-11,11,670632,"[-1, -1, 2, 1, 2, 2, 1, 2, 1, -2, 1, -2, -1, -1, -2, 1, 1, -2, -1]"
228,dfs_bnb_mpi,0.472039,-10,11,123875,"[-1, -1, 2, 2, 2, 1, 1, -2, -1, -2, 1, 1, 2, 2, 2, -1, -1, -1, 2]"
229,dfs_bnb_mpi,0.211973,-11,12,54433,"[-1, -1, 2, 1, 1, 2, 2, -1, -2, -1, 2, -1, -2, -2, -2, -1, 2, 2, 2]"
230,dfs_bnb_mpi,1.65964,-11,12,380321,"[-1, -2, 1, 1, 2, 2, 1, 1, -2, -1, -2, 1, -2, -1, -1, -1, -1, -1, 2]"
231,dfs_bnb_mpi,0.494294,-10,11,113798,"[-1, -1, 2, 2, 2, 1, 2, 1, 1, -2, -1, -2, -1, -2, 1, 1, 2, 1, 2]"
232,dfs_bnb_mpi,0.965342,-11,12,266645,"[-1, -1, 2, 1, 2, 1, -2, 1, 2, 1, -2, -2, -1, -2, -1, -2, -1, 2, -1]"
233,dfs_bnb_mpi,2.18087,-10,11,493889,"[-1, -1, 2, 2, 2, -1, -2, -1, 2, -1, -2, -2, 1, 1, -2, -1, -1, -1, 2]"
234,dfs_bnb_mpi,1.7985,-11,11,445332,"[-1, -1, 2, 1, 1, 2, 1, 2, 1, -2, -2, -1, -2, 1, -2, -1, -1, -1, -1]"
235,dfs_bnb_mpi,1.30239,-11,12,344864,"[-1, -1, 2, 2, 1, -2, 1, 1, -2, -2, -1, -1, -1, -1, -2, 1, 1, 1, 1]"
236,dfs_bnb_mpi,0.970889,-11,12,249401,"[-1, -1, 2, 2, 1, -2, 1, 2, 2, 1, 1, -2, 1, -2, -1, -2, -1, 2, 2]"
237,dfs_bnb_mpi,1.22364,-11,12,280483,"[-1, -1, 2, 1, 2, 2, 2, 1, 1, 1, -2, -1, -1, -2, 1, 1, -2, -1, -1]"
238,dfs_bnb_mpi,4.8594,-10,11,1101549,"[-1, -1, 2, 2, 2, 2, 1, -2, 1, 1, 1, -2, -1, -1, -1, -2, 1, 1, 1]"
239,dfs_bnb_mpi,1.27134,-11,12,289395,"[-1, -1, 2, 2, 2, 1, 1, 1, 1, -2, -1, -1, -1, -2, 1, 1, 1, -2, -1]"
240,dfs_bnb_mpi,1.07977,-11,11,256282,"[-1, -1, 2, 1, 2, 2, 1, 2, 1, -2, 1, -2, -1, -1, -2, 1, 1, -2, -1]"
241,dfs_bnb_mpi,0.15782,-10,11,41391,"[-1, -1, 2, 2, 1, -2, 1, 2, 2, 1, 1, -2, -1, -2, 1, -2, -1, -2, 1]"
242,dfs_bnb_mpi,2.92848,-11,12,759576,"[-1, -1, 2, 1, 2, 2, 1, 2, 1, -2, 1, -2, -2, -2, -1, 2, 2, -1, -2]"
243,dfs_bnb_mpi,1.14801,-11,12,297436,"[-1, -1, 2, 1, 1, 2, 1, 1, -2, -1, -2, 1, -2, -1, -1, -1, -2, 1, 1]"
244,dfs_bnb_mpi,1.14112,-11,12,307038,"[-1, -1, 2, 2, 2, 1, -2, -2, 1, 2, 1, -2, -2, 1, -2, -1, -1, -1, -1]"
245,dfs_bnb_mpi,2.20772,-11,12,544261,"[-1, -2, 1, 1, 2, 2, 1, -2, -2, 1, 1, 2, -1, 2, 1, 2, -1, -1, -1]"
246,dfs_bnb_mpi,2.13979,-11,12,564805,"[-1, -1, 2, -1, -2, -1, -2, 1, 1, 1, 1, 1, 2, 2, 2, -1, -1, -2, 1]"
247,dfs_bnb_mpi,0.361463,-10,11,89134,"[-1, -1, 2, 2, 2, 1, 2, 1, 1, -2, -1, -2, -1, -2, 1, 1, 1, 2, -1]"
248,dfs_bnb_mpi,3.05935,-11,12,692931,"[-1, -1, 2, 2, 2, 1, 2, 1, 1, 1, -2, -1, -1, -2, 1, -2, -1, -1, 2]"
249,dfs_bnb_mpi,1.35022,-11,12,332844,"[-1, -1, 2, 1, 2, 2, 1, -2, 1, 2, 2, 1, -2, -2, -2, -2, -1, 2, -1]"
250,dfs_bnb_mpi,1.07339,-11,12,272358,"[-1, -1, 2, 1, 2, -1, 2, -1, -2, -2, -2, -1, -1, 2, 1, 2, 2, -1, -2]"
251,dfs_bnb_mpi,1.66104,-11,12,411625,"[-1, -1, 2, 1, 2, 1, -2, 1, 1, -2, -1, -2, -1, -1, -2, 1, 1, 1, 2]"
252,dfs_bnb_mpi,1.05158,-11,12,269122,"[-1, -2, 1, 1, 1, 2, -1, 2, 2, -1, -2, -1, 2, -1, -1, -2, 1, -2, -2]"
253,dfs_bnb_mpi,2.8077,-11,12,700310,"[-1, -1, 2, 1, 2, 2, 2, 1, 1, -2, -1, -2, 1, 1, -2, -2, -1, 2, -1]"
254,dfs_bnb_mpi,1.50874,-11,12,367641,"[-1, -1, 2, 1, 1, 2, 1, -2, 1, -2, -1, -2, -1, -1, -2, 1, 1, 1, 2]"
255,dfs_bnb_mpi,1.84136,-11,12,450618,"[-1, -1, 2, 1, 2, 2, 2, 1, 1, 1, -2, -1, -2, 1, -2, -1, -1, 2, 2]"
256,dfs_bnb_mpi,3.40864,-10,11,905602,"[-1, -1, 2, 2, -1, -1, -1, -2, 1, 1, -2, -1, -1, -1, -2, 1, 1, 1, 1]"
257,dfs_bnb_mpi,1.09848,-11,12,283817,"[-1, -1, 2, 1, 2, 1, -2, 1, 2, 1, -2, -2, -2, -2, -1, -1, 2, 1, 2]"
258,dfs_bnb_mpi,0.710812,-11,12,164382,"[-1, -2, 1, 1, 2, 2, 1, -2, -2, -2, -2, -1, 2, -1, -1, -2, 1, -2, 1]"
259,dfs_bnb_mpi,2.70293,-11,11,706848,"[-1, -1, 2, -1, -2, -2, 1, 1, 1, 1, 2, 2, 1, 2, -1, -1, -1, -2, 1]"
260,dfs_bnb_mpi,3.16295,-11,12,711695,"[-1, -1, 2, -1, -2, -2, -2, -2, -2, 1, 2, 2, 2, 1, 1, -2, -1, -2, 1]"
261,dfs_bnb_mpi,1.20108,-11,12,285943,"[-1, -1, 2, 1, 2, 2, -1, -2, -1, -2, -2, -2, 1, 1, 1, 1, 2, 2, -1]"
262,dfs_bnb_mpi,0.477539,-12,13,113003,"[-1, -2, -1, 2, 2, 1, 1, 1, -2, -2, -1, -2, -1, -1, -2, 1, 1, 1, 2]"
263,dfs_bnb_mpi,0.345439,-10,10,89306,"[-1, -1, 2, 2, 2, 1, -2, -2, 1, 2, 2, 2, 1, -2, 1, -2, -1, -2, 1]"
264,dfs_bnb_mpi,1.22535,-11,12,299789,"[-1, -1, 2, 1, 2, 1, -2, 1, -2, 1, -2, -2, -1, 2, -1, -2, -1, 2, -1]"
265,dfs_bnb_mpi,0.450123,-11,11,108967,"[-1, -1, 2, 2, 2, 1, 2, 1, -2, -2, -1, -2, 1, 1, 2, 1, 2, -1, 2]"
266,dfs_bnb_mpi,0.53355,-11,12,143156,"[-1, -2, 1, 1, 2, 1, -2, -2, -1, -1, -1, -2, 1, -2, 1, 2, 1, -2, 1]"
267,dfs_bnb_mpi,0.527107,-11,12,141167,"[-1, -1, 2, 1, 2, -1, 2, 1, 1, -2, -2, 1, 2, 2, 2, -1, 2, -1, -2]"
268,dfs_bnb_mpi,1.34444,-11,11,325986,"[-1, -1, 2, 2, 2, 1, 2, 2, 1, -2, 1, -2, -1, -2, 1, -2, -1, -1, 2]"
269,dfs_bnb_mpi,1.56185,-11,12,378261,"[-1, -1, 2, 1, 2, 2, 1, 2, 1, -2, -2, -1, -2, 1, -2, 1, 2, 2, 2]"
270,dfs_bnb_mpi,4.77972,-10,11,1146225,"[-1, -1, 2, 2, 2, 2, 1, 2, 1, -2, 1, -2, -2, -1, 2, -1, -2, -2, 1]"
271,dfs_bnb_mpi,1.62917,-9,10,412429,"[-1, -1, 2, 2, 2, 2, 2, -1, -2, -2, -2, -2, -2, -1, 2, 2, 2, 2, 2]"
272,dfs_bnb_mpi,3.15753,-11,12,711508,"[-1, -1, 2, 2, -1, 2, 1, 2, 1, 1, -2, -1, -2, -2, 1, 2, 1, -2, -2]"
273,dfs_bnb_mpi,5.66364,-10,11,1389866,"[-1, -1, 2, 2, 2, 1, 2, 2, 1, -2, 1, -2, -2, -2, -1, -1, 2, 1, 2]"
274,dfs_bnb_mpi,1.94345,-11,12,542001,"[-1, -1, -1, 2, 2, 2, 1, -2, 1, 2, 2, 1, -2, 1, -2, -1, -2, -1, -1]"
275,dfs_bnb_mpi,2.91601,-11,12,699076,"[-1, -1, 2, 1, 2, 2, -1, -2, -1, 2, -1, -2, -1, -2, 1, 1, -2, -1, -1]"
276,dfs_bnb_mpi,0.310156,-11,12,81929,"[-1, -1, 2, 1, 1, 2, 2, -1, -2, -1, 2, -1, -2, -1, -2, 1, -2, -1, -1]"
277,dfs_bnb_mpi,0.623029,-11,12,149827,"[-1, -1, 2, -1, -2, -2, 1, 1, 1, -2, -1, -1, -1, -2, 1, -2, 1, 2, 1]"
278,dfs_bnb_mpi,5.59844,-10,11,1383700,"[-1, -1, 2, -1, 2, -1, -1, -2, 1, -2, -1, -2, 1, -2, 1, 1, 2, -1, 2]"
279,dfs_bnb_mpi,2.26647,-10,11,521851,"[-1, -1, 2, 2, 2, 2, 1, 2, 1, -2, 1, -2, -1, -1, -2, -2, 1, 2, 1]"
280,dfs_bnb_mpi,4.88726,-10,11,1120280,"[-1, -1, 2, 2, 2, 2, 1, 1, 2, 1, -2, -2, -1, -1, -2, -2, 1, 2, 1]"
281,dfs_bnb_mpi,0.695459,-11,12,193761,"[-1, -1, 2, 2, 1, -2, 1, 1, -2, 1, 2, 2, 2, -1, -2, -1, 2, -1, -1]"
282,dfs_bnb_mpi,5.38182,-10,11,1235021,"[-1, -1, 2, 2, -1, -2, -1, -1, -2, 1, 1, -2, 1, 1, -2, -1, -1, -1, 2]"
283,dfs_bnb_mpi,0.32015,-10,10,84059,"[-1, -1, 2, 2, 1, -2, 1, 1, -2, 1, 2, 2, 2, -1, -2, -1, 2, -1, 2]"
284,dfs_bnb_mpi,5.22083,-10,11,1236359,"[-1, -1, 2, 2, 2, -1, -1, -1, -2, -2, -2, -2, 1, 2, 2, 2, 1, -2, -2]"
285,dfs_bnb_mpi,2.98456,-11,12,695747,"[-1, -1, 2, 1, 1, 2, 1, -2, 1, 1, -2, -2, -1, 2, -1, -2, -1, -1, -1]"
286,dfs_bnb_mpi,5.63169,-10,11,1296288,"[-1, -1, 2, -1, 2, -1, -1, -2, 1, -2, 1, -2, 1, 1, -2, -1, -1, -1, 2]"
287,dfs_bnb_mpi,2.6073,-11,12,684214,"[-1, -1, 2, 2, 1, -2, 1, 2, 2, 1, 1, 1, -2, -2, -1, 2, -1, -2, -2]"
288,dfs_bnb_mpi,0.723129,-11,12,184303,"[-1, -1, 2, 2, 1, -2, 1, 1, -2, -2, -1, -1, -1, -2, -2, 1, 2, 1, 1]"
289,dfs_bnb_mpi,1.16875,-11,10,311668,"[-1, -1, 2, 2, 2, 2, 1, -2, -2, -2, 1, 2, 2, 2, 1, -2, -2, -2, -2]"
290,dfs_bnb_mpi,2.23522,-10,11,532982,"[-1, -1, 2, 2, 2, 2, 1, -2, 1, -2, -1, -2, 1, 1, 2, 1, -2, -2, -1]"
291,dfs_bnb_mpi,0.660518,-11,12,156443,"[-1, -2, 1, 1, 2, 2, 1, -2, -2, -2, -2, -1, 2, -1, -1, -2, -2, 1, 2]"
292,dfs_bnb_mpi,0.601565,-12,13,155185,"[-1, -1, 2, 2, 2, 1, -2, -2, 1, 2, 2, 1, 1, -2, -2, -2, -1, 2, 2]"
293,dfs_bnb_mpi,1.28746,-11,12,352446,"[-1, -1, 2, 2, 2, 1, 1, -2, 1, 2, 1, -2, -2, -2, -1, 2, -1, -1, 2]"
294,dfs_bnb_mpi,0.815763,-11,12,207908,"[-1, -1, 2, 1, 2, 2, 1, 1, -2, -1, -2, 1, -2, -2, -2, -1, 2, -1, -1]"
295,dfs_bnb_mpi,1.54278,-11,12,351080,"[-1, -2, 1, 1, 2, 1, 1, -2, -1, -2, 1, -2, -1, -1, 2, -1, -1, -2, 1]"
296,dfs_bnb_mpi,3.84857,-11,12,967397,"[-1, -2, 1, 1, 1, 2, 2, 2, 2, -1, -1, -1, -2, -2, 1, 2, 1, -2, -2]"
297,dfs_bnb_mpi,0.346506,-9,9,79026,"[-1, -1, 2, 2, 2, 2, 2, 1, -2, 1, -2, -1, -2, -2, 1, 2, 1, 2, 2]"
298,dfs_bnb_mpi,0.112049,-10,11,28275,"[-1, -1, 2, 2, 2, 1, -2, -2, 1, 2, 2, 2, 1, -2, 1, -2, -1, -2, 1]"
299,dfs_bnb_mpi,0.410769,-10,9,94110,"[-1, -1, 2, 2, 2, 2, 2, 1, 1, -2, -1, -2, 1, -2, -1, -2, 1, 1, 2]"
300,dfs_bnb_mpi,0.718279,-10,11,192921,"[-1, -1, 2, 2, 2, 2, 1, 1, -2, -1, -2, -2, 1, 2, 1, 1, 2, -1, 2]"
301,dfs_bnb_mpi,2.91639,-11,11,706623,"[-1, -1, 2, 1, 1, 2, 1, -2, -2, -2, -2, -2, -1, 2, 2, -1, -1, -2, 1]"
302,dfs_bnb_mpi,0.439799,-11,11,116456,"[-1, -1, 2, 1, 1, 2, 1, 1, -2, -1, -2, 1, -2, -1, -2, -1, -1, 2, 1]"
303,dfs_bnb_mpi,5.28315,-11,12,1185904,"[-1, -2, -1, -2, 1, -2, 1, 2, 2, 1, 2, 2, 1, -2, -2, -2, -1, -2, 1]"
304,dfs_bnb_mpi,5.13903,-10,11,1133346,"[-1, -1, 2, 2, 2, 2, 2, 1, 1, 1, -2, -1, -1, -2, 1, -2, -1, -2, 1]"
305,dfs_bnb_mpi,3.05566,-11,12,760061,"[-1, -1, 2, -1, -2, -1, -2, 1, -2, -1, -2, 1, 1, 1, 2, -1, 2, 1, 1]"
306,dfs_bnb_mpi,3.03676,-11,12,684391,"[-1, -1, 2, 2, -1, 2, 1, 1, 2, 1, -2, 1, -2, -1, -1, -2, 1, 1, -2]"
307,dfs_bnb_mpi,0.422061,-11,12,101233,"[-1, -1, 2, 1, 1, 2, -1, -1, 2, 1, 1, 1, -2, 1, -2, -1, -2, 1, 1]"
308,dfs_bnb_mpi,0.546948,-10,11,122903,"[-1, -1, 2, 2, 2, 1, 1, 1, -2, -1, -1, -2, 1, 1, -2, 1, 2, 2, 2]"
309,dfs_bnb_mpi,0.478951,-11,12,113559,"[-1, -1, 2, 2, 1, -2, 1, 2, 2, 1, 1, -2, -1, -2, 1, -2, -2, -1, 2]"
310,dfs_bnb_mpi,0.770302,-10,11,172904,"[-1, -2, 1, 1, -2, -1, -1, -2, 1, 1, -2, -1, -1, -1, 2, 2, 2, 2, 2]"
311,dfs_bnb_mpi,0.134797,-10,11,33737,"[-1, -1, 2, 2, 2, 1, 1, -2, -1, -2, 1, 1, 2, 2, 2, -1, -1, -1, 2]"
312,dfs_bnb_mpi,1.7753,-11,12,423969,"[-1, -1, -1, 2, 2, 2, 1, 1, -2, -1, -2, 1, 1, 2, 2, 1, -2, -2, -2]"
313,dfs_bnb_mpi,0.811282,-10,11,187339,"[-1, -1, 2, 2, 2, 2, 2, 1, 1, -2, -1, -2, -2, -2, 1, 2, 1, 2, -1]"
314,dfs_bnb_mpi,2.27991,-10,11,518435,"[-1, -1, 2, 2, 2, 1, 1, 1, 1, -2, -1, -1, -1, -2, 1, 1, 1, -2, -1]"
315,dfs_bnb_mpi,1.70271,-11,12,393065,"[-1, -2, 1, 1, 2, 1, -2, -2, -1, -1, -2, 1, 1, -2, -1, -1, -1, 2, 2]"
316,dfs_bnb_mpi,2.47101,-11,12,646842,"[-1, -1, 2, 2, 2, 1, 1, -2, 1, 2, 1, -2, 1, -2, -1, -1, -1, -1, 2]"
317,dfs_bnb_mpi,0.666869,-10,11,163164,"[-1, -1, 2, 2, 2, 1, 1, -2, -1, -2, 1, 1, -2, 1, 2, 2, -1, 2, 2]"
318,dfs_bnb_mpi,4.83524,-11,12,1082581,"[-1, -2, -1, -2, 1, -2, 1, -2, 1, 2, 2, -1, 2, 1, 2, 1, -2, -2, -2]"
319,dfs_bnb_mpi,4.60084,-10,9,1207107,"[-1, -1, 2, 2, 2, 1, 2, 1, -2, -2, 1, 1, -2, -2, -1, 2, -1, -1, 2]"
320,dfs_bnb_mpi,0.339347,-11,12,90784,"[-1, -1, 2, 2, 1, -2, 1, 2, 2, -1, -1, -1, -1, -1, -2, 1, -2, 1, 2]"
321,dfs_bnb_mpi,0.485828,-10,11,114464,"[-1, -1, 2, 1, 2, 2, 1, 1, 1, -2, -1, -1, -2, 1, 1, -2, -1, -2, 1]"
322,dfs_bnb_mpi,0.172644,-10,11,41214,"[-1, -1, 2, 2, 2, 1, 1, 1, -2, -1, -1, -2, 1, 1, 1, 2, 2, 2, 2]"
323,dfs_bnb_mpi,1.28351,-11,12,343787,"[-1, -1, 2, 2, 2, 1, -2, -2, 1, 1, -2, -2, -2, -1, -1, -1, 2, 1, 1]"
324,dfs_bnb_mpi,4.64621,-10,10,1224918,"[-1, -1, 2, 2, 2, 2, 1, -2, 1, 2, 1, -2, 1, -2, -1, -1, -1, -2, 1]"
325,dfs_bnb_mpi,1.28606,-11,12,300926,"[-1, -1, 2, 2, 2, 1, 1, -2, -1, -2, 1, 1, -2, 1, 2, 2, 2, -1, -2]"
326,dfs_bnb_mpi,1.03057,-11,11,268884,"[-1, -1, 2, 2, 1, -2, 1, 2, 1, -2, -2, -2, -2, -1, 2, -1, -1, -2, 1]"
327,dfs_bnb_mpi,1.96007,-11,12,516506,"[-1, -1, 2, 2, 2, 1, -2, -2, 1, 1, -2, 1, 2, 2, 2, -1, -1, -2, 1]"
328,dfs_bnb_mpi,0.957953,-11,12,250430,"[-1, -1, 2, 2, 2, 2, 1, -2, 1, -2, -1, -2, 1, 1, -2, -2, -1, -1, -1]"
329,dfs_bnb_mpi,0.964985,-10,11,225638,"[-1, -1, 2, -1, 2, -1, -2, -2, 1, -2, 1, 1, -2, -1, -1, -1, -1, 2, 1]"
330,dfs_bnb_mpi,0.473399,-10,11,111700,"[-1, -1, 2, 2, 1, -2, 1, 2, 1, -2, -2, -2, -1, -1, -1, -2, 1, 1, 1]"
331,dfs_bnb_mpi,3.2217,-11,12,817010,"[-1, -2, -1, 2, 2, 1, 2, -1, 2, -1, -1, -2, -2, -2, -2, 1, 2, 2, 2]"
332,dfs_bnb_mpi,2.13601,-10,11,569891,"[-1, -1, 2, 1, 2, 2, -1, -2, -1, -2, -1, -2, -2, -2, 1, 1, 2, -1, 2]"
333,dfs_bnb_mpi,0.810452,-11,12,215133,"[-1, -1, 2, 2, 2, 1, 2, -1, 2, 1, 1, -2, -2, -2, 1, -2, -1, -1, 2]"
334,dfs_bnb_mpi,1.10712,-11,11,284136,"[-1, -1, 2, 1, 2, -1, -1, -1, -2, 1, -2, -1, -2, 1, 1, 1, -2, -1, -1]"
335,dfs_bnb_mpi,3.75926,-11,12,869836,"[-1, -1, 2, -1, -1, -2, -2, -2, -2, 1, 2, 1, -2, 1, 2, 2, -1, -1, 2]"
336,dfs_bnb_mpi,1.87006,-11,12,502623,"[-1, -1, 2, 1, 2, 1, -2, 1, -2, -2, -1, -2, -2, -1, -1, 2, 2, 1, -2]"
337,dfs_bnb_mpi,0.273147,-10,11,73653,"[-1, -1, 2, 2, 1, -2, 1, 2, 2, -1, 2, 1, 1, -2, -2, 1, -2, -1, -2]"
338,dfs_bnb_mpi,1.77138,-11,12,444130,"[-1, -1, 2, 2, 2, 1, -2, -2, 1, 1, 2, -1, 2, 2, 2, -1, -1, -2, 1]"
339,dfs_bnb_mpi,2.03923,-11,12,505112,"[-1, -1, 2, 1, 2, -1, 2, 1, 1, -2, -2, 1, 2, 2, 1, -2, -2, -2, -1]"
340,dfs_bnb_mpi,0.120851,-11,12,31527,"[-1, -1, -1, 2, 1, 2, 1, -2, 1, 2, 2, -1, -1, -1, -2, -1, -2, -2, -1]"
341,dfs_bnb_mpi,1.52025,-10,10,384974,"[-1, -1, 2, 2, 1, -2, 1, 2, 2, 2, -1, -2, -1, -1, -2, -2, -1, -2, 1]"
342,dfs_bnb_mpi,2.73808,-11,12,620210,"[-1, -1, 2, 1, 2, 1, -2, 1, 1, -2, -1, -2, -1, -1, -1, -2, 1, 1, 1]"
343,dfs_bnb_mpi,1.62083,-11,12,409307,"[-1, -2, 1, 1, 2, 2, 2, -1, -2, -1, 2, 2, -1, -2, -1, -2, -2, 1, 2]"
344,dfs_bnb_mpi,2.9826,-11,12,714662,"[-1, -1, 2, 1, 2, 1, -2, 1, 1, -2, -1, -2, -2, -1, 2, -1, -1, -2, 1]"
345,dfs_bnb_mpi,1.31823,-11,12,300356,"[-1, -1, 2, 1, 2, 2, 1, 1, 1, -2, -1, -1, -2, 1, 1, 1, -2, -1, -1]"
346,dfs_bnb_mpi,2.01873,-11,12,493924,"[-1, -2, 1, 1, 2, 2, 1, -2, -2, -2, 1, -2, -1, -1, -1, -1, 2, 1, 1]"
347,dfs_bnb_mpi,4.97525,-10,11,1112079,"[-1, -1, 2, 1, 2, 2, 2, 2, 1, 1, -2, -1, -2, 1, -2, -1, -2, 1, -2]"
348,dfs_bnb_mpi,2.50361,-11,11,628837,"[-1, -1, 2, 1, 2, 1, -2, 1, -2, -2, -1, -1, -1, -1, 2, 2, 2, 1, 2]"
349,dfs_bnb_mpi,1.78501,-11,12,442158,"[-1, -1, 2, 2, 2, 1, 2, 2, 1, 1, -2, -1, -2, 1, -2, -1, -1, -2, 1]"
350,dfs_bnb_mpi,2.75734,-11,12,688258,"[-1, -1, 2, 1, 1, 2, -1, 2, 1, 1, -2, -2, 1, -2, -1, -2, -1, -1, -1]"
351,dfs_bnb_mpi,0.231456,-11,12,55749,"[-1, -1, 2, 2, 1, -2, 1, 2, 1, -2, -2, -2, -1, -1, -2, -1, 2, -1, 2]"
352,dfs_bnb_mpi,0.546181,-12,12,138713,"[-1, -1, 2, 2, 2, 1, -2, -2, 1, 2, 2, 1, 1, -2, -1, -2, 1, -2, -1]"
353,dfs_bnb_mpi,0.783067,-11,12,196986,"[-1, -1, 2, 2, 1, -2, 1, 1, -2, -2, -1, -1, -1, -2, 1, 1, -2, 1, 2]"
354,dfs_bnb_mpi,1.21047,-10,11,296117,"[-1, -1, 2, 2, 2, 2, -1, -2, -2, -1, -2, 1, -2, -1, -1, 2, 2, 2, 1]"
355,dfs_bnb_mpi,1.0768,-11,12,250079,"[-1, -1, 2, 2, 2, 1, 2, 1, 2, 1, -2, -2, -1, -2, 1, -2, -1, -1, 2]"
356,dfs_bnb_mpi,4.99012,-10,11,1248977,"[-1, -1, 2, 2, 2, 1, 2, 1, 1, -2, 1, -2, -1, -2, -1, -1, 2, 1, 2]"
357,dfs_bnb_mpi,1.37848,-11,12,359639,"[-1, -2, 1, 1, 2, 2, 1, -2, -2, 1, 2, 2, 2, -1, 2, -1, -2, -1, -2]"
358,dfs_bnb_mpi,0.614866,-11,12,148745,"[-1, -1, 2, -1, 2, 2, 1, -2, 1, -2, 1, 2, 2, -1, 2, 1, 1, -2, -2]"
359,dfs_bnb_mpi,0.413766,-11,12,101442,"[-1, -1, 2, 1, 1, 1, -2, 1, -2, -1, -1, -1, -1, -2, 1, 1, 1, 1, 1]"
360,dfs_bnb_mpi,0.199607,-11,12,48871,"[-1, -1, 2, 2, 2, 1, 1, 1, -2, -1, -1, -2, 1, 1, 1, -2, -1, -2, -1]"
361,dfs_bnb_mpi,3.69874,-10,10,968580,"[-1, -1, 2, 2, 2, 2, 2, 1, 1, -2, 1, -2, -1, -2, -2, -1, 2, 2, 2]"
362,dfs_bnb_mpi,6.98937,-10,11,1612952,"[-1, -1, 2, -1, -2, -1, -1, -2, 1, 1, 1, -2, -1, -1, -1, -2, 1, 1, 1]"
363,dfs_bnb_mpi,1.12845,-10,10,266943,"[-1, -1, 2, 2, 2, 2, 1, 2, 1, -2, 1, -2, -1, -1, -2, -2, 1, 2, 1]"
364,dfs_bnb_mpi,1.09295,-11,12,257599,"[-1, -1, 2, 2, -1, 2, 1, 2, 1, 1, -2, -1, -2, -2, 1, 2, 1, -2, -2]"
365,dfs_bnb_mpi,0.29725,-11,12,76523,"[-1, -1, 2, 2, 1, -2, 1, 2, 2, -1, 2, 1, 1, -2, -2, -2, 1, -2, -1]"
366,dfs_bnb_mpi,1.15497,-11,12,272670,"[-1, -1, 2, 2, 2, 2, 1, 1, 1, -2, -2, -1, 2, -1, -2, -2, 1, 1, -2]"
367,dfs_bnb_mpi,2.16174,-10,11,512890,"[-1, -1, 2, 2, 2, -1, -2, -1, -2, 1, -2, -2, -1, 2, -1, 2, 2, 2, 1]"
368,dfs_bnb_mpi,0.476128,-10,10,114477,"[-1, -1, 2, 2, 2, 2, 2, 1, -2, -2, -2, -2, 1, 2, 1, 2, -1, 2, 2]"
369,dfs_bnb_mpi,0.724244,-11,11,184387,"[-1, -1, 2, 1, 2, 1, -2, 1, 2, 2, -1, 2, 1, 1, -2, -2, -2, -2, -1]"
370,dfs_bnb_mpi,1.13623,-10,11,265569,"[-1, -1, 2, 2, 2, 2, 1, 2, 2, 1, -2, -2, -2, -1, -2, -2, 1, 2, 1]"
371,dfs_bnb_mpi,5.04879,-10,11,1186602,"[-1, -1, 2, 2, 2, 2, 1, 1, 2, 1, -2, -2, -2, -1, 2, -1, -2, -2, 1]"
372,dfs_bnb_mpi,4.62633,-10,11,1181244,"[-1, -1, 2, 2, 2, 1, 1, -2, 1, 2, 1, -2, -2, -2, -1, 2, -1, -1, 2]"
373,dfs_bnb_mpi,0.951001,-11,12,247960,"[-1, -1, 2, 1, 2, 1, 2, 1, -2, 1, 2, 1, -2, -2, -1, -2, -1, 2, -1]"
374,dfs_bnb_mpi,1.24422,-11,12,294161,"[-1, -1, 2, 2, 2, 1, 2, 2, 1, -2, 1, -2, -1, -2, -1, -2, 1, 1, 2]"
375,dfs_bnb_mpi,1.61864,-11,11,457714,"[-1, -1, 2, 2, 2, 2, 1, -2, 1, 2, 1, 1, -2, -1, -2, -1, -1, -2, 1]"
376,dfs_bnb_mpi,0.189273,-10,11,45978,"[-1, -1, 2, 2, 2, 1, -2, -2, 1, 1, 2, -1, 2, 2, 1, -2, 1, -2, 1]"
377,dfs_bnb_mpi,1.50759,-11,12,357114,"[-1, -1, 2, 1, 2, 1, -2, 1, -2, 1, -2, -1, -1, -1, -1, -2, 1, 1, 1]"
378,dfs_bnb_mpi,0.979677,-11,12,250050,"[-1, -1, 2, 1, 2, 2, 1, -2, -2, 1, -2, -2, -2, -1, 2, -1, -1, -2, 1]"
379,dfs_bnb_mpi,5.37984,-10,11,1204422,"[-1, -1, 2, 2, 2, 2, 1, 1, 1, -2, 1, -2, -1, -1, 2, -1, -2, -2, 1]"
380,dfs_bnb_mpi,2.75091,-10,11,672749,"[-1, -1, 2, 2, 2, 1, -2, -2, 1, 2, 2, 2, -1, -1, 2, -1, -2, -2, -2]"
381,dfs_bnb_mpi,0.740417,-11,12,186525,"[-1, -1, 2, 2, 2, 1, 1, 1, -2, -1, -1, -2, 1, 1, 1, -2, -1, -2, -1]"
382,dfs_bnb_mpi,5.3473,-10,11,1306588,"[-1, -1, 2, 2, 2, -1, 2, -1, -1, -2, 1, -2, -1, -2, 1, -2, 1, 2, 2]"
383,dfs_bnb_mpi,1.48385,-11,12,347661,"[-1, -1, 2, 2, 2, 2, 1, -2, 1, -2, -1, -2, 1, 1, 2, 1, -2, -2, -1]"
384,dfs_bnb_mpi,0.550829,-11,12,131877,"[-1, -1, 2, 2, 2, 2, 2, 1, 1, -2, -1, -2, -2, -2, 1, 1, 2, -1, 2]"
385,dfs_bnb_mpi,0.645431,-11,11,164587,"[-1, -1, 2, 1, 1, 1, -2, 1, 2, 2, -1, 2, -1, -2, -1, 2, -1, -2, -1]"
386,dfs_bnb_mpi,0.570114,-10,11,136699,"[-1, -1, 2, 2, 2, 2, 1, -2, -2, -2, 1, 2, 2, 2, 1, -2, -2, -2, 1]"
387,dfs_bnb_mpi,3.71853,-11,12,941540,"[-1, -2, 1, 1, 2, 2, 2, 2, -1, -1, -1, -2, -1, -2, 1, 1, 2, 1, -2]"
388,dfs_bnb_mpi,1.2137,-10,11,299311,"[-1, -1, 2, 2, 2, 2, 2, 1, 1, -2, -1, -2, -2, -2, 1, 2, 2, 1, 2]"
389,dfs_bnb_mpi,1.17057,-11,12,306467,"[-1, -1, 2, 2, 1, -2, 1, 2, 2, -1, -1, -1, -1, -2, -2, -2, 1, 2, 2]"
390,dfs_bnb_mpi,1.43733,-11,11,363366,"[-1, -2, -1, -2, 1, 1, 2, 1, 2, 2, -1, 2, 1, 1, -2, -2, -2, -2, -1]"
391,dfs_bnb_mpi,1.07403,-11,12,278951,"[-1, -1, 2, 1, 2, 2, 1, 1, -2, -1, -2, 1, 1, -2, -1, -2, -1, -1, -1]"
392,dfs_bnb_mpi,4.70337,-11,12,1081592,"[-1, -2, 1, 1, -2, 1, 2, 1, 2, 2, 2, -1, -1, -1, -2, 1, 1, -2, -1]"
393,dfs_bnb_mpi,0.73294,-11,12,200592,"[-1, -1, 2, 1, 2, 2, 1, -2, -2, 1, -2, 1, 2, 1, 2, -1, 2, -1, -2]"
394,dfs_bnb_mpi,0.411828,-10,11,97185,"[-1, -1, 2, 2, 2, 2, 1, -2, 1, -2, -1, -2, 1, 1, 2, 2, 2, -1, 2]"
395,dfs_bnb_mpi,4.90072,-10,11,1145580,"[-1, -1, 2, 2, 2, 2, 2, 1, 1, -2, 1, -2, -1, -2, -2, -1, 2, 2, 2]"
396,dfs_bnb_mpi,1.11382,-12,13,271305,"[-1, -2, 1, 1, 1, 2, -1, 2, 1, 2, 2, -1, -2, -1, 2, -1, -2, -2, 1]"
397,dfs_bnb_mpi,1.53102,-11,12,374112,"[-1, -1, 2, -1, -2, -1, -2, 1, -2, -1, -2, 1, 1, 2, 1, 1, 2, -1, -1]"
398,dfs_bnb_mpi,1.28347,-10,11,299114,"[-1, -1, -1, -1, 2, 2, 2, 2, 1, 1, -2, -1, -2, -2, 1, 2, 1, -2, 1]"
399,dfs_bnb_mpi,0.794364,-10,11,210239,"[-1, -1, 2, 1, 2, 1, -2, 1, 2, 2, 1, -2, -2, -2, -1, -2, -1, -1, -1]"
400,dfs_bnb_mpi,0.867175,-12,13,217221,"[-1, -2, 1, 1, 2, 2, 2, -1, -2, -1, 2, -1, -1, -2, 1, -2, -1, -2, 1]"
401,dfs_bnb_mpi,2.89018,-11,12,687462,"[-1, -1, 2, 2, -1, -1, -2, 1, -2, -1, -2, 1, -2, 1, 2, 1, 1, -2, -1]"
402,dfs_bnb_mpi,0.62956,-10,11,169883,"[-1, -1, 2, 2, 2, 1, -2, -2, 1, 2, 1, 2, -1, 2, 2, -1, -1, -2, 1]"
403,dfs_bnb_mpi,0.841671,-11,12,217071,"[-1, -1, 2, 1, 2, -1, -1, -2, -2, -2, 1, 1, 1, 1, 2, 2, 2, -1, -2]"
404,dfs_bnb_mpi,0.449397,-10,11,107634,"[-1, -1, 2, 2, 2, 1, -2, -2, 1, 2, 2, 1, -2, -2, -2, 1, 2, 2, 2]"
405,dfs_bnb_mpi,1.34849,-11,12,336739,"[-1, -1, 2, 1, 2, -1, -1, -2, -2, -1, 2, 2, 2, 1, 1, 1, 1, -2, -2]"
406,dfs_bnb_mpi,1.20543,-11,12,274491,"[-1, -1, 2, 2, -1, -1, -2, 1, -2, -1, -2, 1, -2, 1, 2, 1, 1, -2, -1]"
407,dfs_bnb_mpi,4.71634,-11,12,1082805,"[-1, -2, -1, -2, -1, -2, 1, -2, 1, 2, 1, -2, 1, 2, 2, 2, -1, -2, -1]"
408,dfs_bnb_mpi,2.89858,-11,12,703660,"[-1, -1, 2, 1, 2, -1, 2, -1, -1, -1, -2, -2, -2, 1, 2, 2, 1, -2, -2]"
409,dfs_bnb_mpi,2.86518,-11,12,695342,"[-1, -1, 2, 2, 2, 2, 1, 1, 1, 1, -2, -1, -2, -1, 2, -1, -2, -2, 1]"
410,dfs_bnb_mpi,3.09773,-11,12,707478,"[-1, -1, 2, 1, 2, 1, -2, 1, 1, -2, -1, -2, 1, -2, -1, -1, 2, -1, -1]"
411,dfs_bnb_mpi,0.780879,-11,12,200444,"[-1, -1, 2, 1, 2, 1, -2, 1, -2, -2, -1, -1, -1, -1, 2, 2, 2, 1, 2]"
412,dfs_bnb_mpi,0.236435,-10,10,57332,"[-1, -1, 2, 2, 2, 2, 1, -2, 1, -2, -1, -2, 1, 1, 2, 2, 2, -1, 2]"
413,dfs_bnb_mpi,0.175802,-10,11,41266,"[-1, -1, 2, 2, 2, 1, 2, 1, 1, -2, -1, -2, -1, -2, 1, 1, 2, 1, 2]"
414,dfs_bnb_mpi,1.72245,-11,12,399914,"[-1, -2, 1, 1, 2, 1, -2, -2, -2, -2, -1, 2, 2, -1, -1, -2, -2, 1, 2]"
415,dfs_bnb_mpi,5.0467,-10,10,1191127,"[-1, -1, 2, 2, -1, -2, -1, 2, -1, -2, -2, -1, -2, 1, 1, 2, 1, -2, 1]"
416,dfs_bnb_mpi,4.7186,-11,12,1094172,"[-1, -2, -1, -1, 2, 1, 2, 1, 2, -1, 2, -1, -1, -2, 1, -2, -1, -2, -2]"
417,dfs_bnb_mpi,0.370616,-11,11,89135,"[-1, -1, 2, 2, 2, 2, 1, -2, 1, -2, -1, -2, 1, 1, 2, 2, 2, -1, 2]"
418,dfs_bnb_mpi,2.0515,-11,12,452713,"[-1, -2, 1, 1, 2, 2, 1, -2, -2, 1, -2, -1, -1, -1, -1, -2, 1, 1, 1]"
419,dfs_bnb_mpi,1.70987,-10,11,267254,"[-1, -1, 2, 1, 2, 1, -2, 1, 2, 2, 1, -2, -2, -2, -1, -2, -1, -1, -1]"
420,dfs_bnb_mpi,0.378781,-10,11,91823,"[-1, -1, 2, 2, 2, 2, 1, -2, 1, -2, -1, -2, 1, 1, 2, 1, -2, -2, -1]"
421,dfs_bnb_mpi,1.12305,-11,12,282852,"[-1, -1, 2, 1, 1, 1, 1, -2, -1, -2, 1, 1, -2, -1, -1, -1, -1, 2, 1]"
422,dfs_bnb_mpi,4.92809,-10,11,1194055,"[-1, -1, 2, 1, 2, -1, 2, 2, -1, -2, -1, -1, -2, -2, 1, 2, 1, -2, -2]"
423,dfs_bnb_mpi,1.94747,-11,12,447489,"[-1, -2, -1, 2, 2, 1, 2, -1, 2, -1, -1, -2, 1, -2, -1, -2, -2, 1, 2]"
424,dfs_bnb_mpi,2.66556,-11,11,681542,"[-1, -1, 2, 1, 2, -1, 2, 1, 1, 1, 1, -2, -2, -2, -1, 2, 2, -1, -2]"
425,dfs_bnb_mpi,2.00435,-11,12,517763,"[-1, -1, 2, 1, 1, 1, -2, -2, -1, -2, 1, -2, -1, -1, -1, 2, 2, 1, -2]"
426,dfs_bnb_mpi,0.514254,-11,12,122166,"[-1, -1, 2, 1, 2, 2, 1, 1, 1, -2, -1, -1, -2, 1, 1, 1, -2, -1, -1]"
427,dfs_bnb_mpi,4.72513,-10,10,1224107,"[-1, -1, 2, 2, 2, 2, 2, 1, 1, -2, -2, -2, 1, -2, -1, -1, 2, 2, 2]"
428,dfs_bnb_mpi,1.21667,-11,12,280268,"[-1, -1, 2, 1, 2, 1, -2, 1, 1, -2, -1, -2, -1, -1, -2, 1, 1, 1, 2]"
429,dfs_bnb_mpi,1.24476,-11,12,286082,"[-1, -1, 2, 2, 2, 2, 1, 1, 1, -2, -1, -1, -2, -2, 1, 2, 1, 1, 2]"
430,dfs_bnb_mpi,1.67274,-11,12,388495,"[-1, -2, 1, 1, 2, 1, 1, 1, -2, -1, -1, -2, 1, -2, -1, -1, -1, 2, 1]"
431,dfs_bnb_mpi,1.90568,-11,12,437387,"[-1, -2, -1, -2, 1, 1, 2, 1, 2, 1, -2, -2, -1, -2, 1, -2, -1, -1, 2]"
432,dfs_bnb_mpi,1.11003,-12,13,284182,"[-1, -2, 1, 1, 1, -2, -1, -1, -1, -2, 1, 1, 1, 1, 2, 2, 2, -1, -1]"
433,dfs_bnb_mpi,2.70917,-11,11,716686,"[-1, -1, 2, 1, 2, 2, 1, 1, 1, -2, -2, -2, -2, -1, 2, 2, 2, -1, -2]"
434,dfs_bnb_mpi,1.40248,-11,12,346517,"[-1, -1, 2, 1, 2, -1, -1, -2, -1, -2, 1, -2, 1, 1, 1, 1, 2, 2, -1]"
435,dfs_bnb_mpi,0.810428,-11,12,203479,"[-1, -2, -2, -2, 1, 2, 2, 1, 2, 1, -2, 1, -2, -2, -1, 2, -1, -2, -2]"
436,dfs_bnb_mpi,0.530208,-11,12,133866,"[-1, -1, 2, 2, 2, 1, -2, -2, 1, 1, 2, -1, 2, 2, 2, -1, -1, -2, 1]"
437,dfs_bnb_mpi,0.599246,-12,13,152312,"[-1, -1, 2, 1, 1, 2, -1, -1, -1, -2, -2, -2, -2, 1, 2, 1, 1, -2, -1]"
438,dfs_bnb_mpi,0.549842,-11,12,130874,"[-1, -1, 2, 2, 2, 2, 1, 1, -2, -1, -2, -2, 1, 2, 1, 1, -2, -1, -2]"
439,dfs_bnb_mpi,1.43292,-11,12,338887,"[-1, -1, 2, -1, 2, 2, 1, -2, 1, -2, 1, 2, 1, -2, -2, -2, -1, -1, -1]"
440,dfs_bnb_mpi,0.478489,-10,11,128698,"[-1, -1, 2, 2, 2, 1, 1, -2, -1, -2, 1, 1, 2, 2, 2, 1, -2, -2, 1]"
441,dfs_bnb_mpi,0.755124,-11,11,193475,"[-1, -1, 2, 2, 1, -2, 1, 2, 2, 1, -2, -2, -2, 1, 2, 2, 2, 2, -1]"
442,dfs_bnb_mpi,2.04728,-9,10,475848,"[-1, -1, 2, 2, 2, 2, 2, -1, -2, -1, -2, 1, -2, -1, -2, 1, -2, -1, -1]"
443,dfs_bnb_mpi,1.82861,-11,12,463893,"[-1, -1, 2, 2, 2, 2, 1, -2, -2, -2, 1, 2, 2, 2, 1, -2, -2, -2, -2]"
444,dfs_bnb_mpi,5.09128,-10,11,1217457,"[-1, -1, 2, 2, 2, 2, -1, -2, -1, 2, -1, -2, -2, 1, 1, -2, -1, -2, 1]"
445,dfs_bnb_mpi,2.45888,-10,11,603869,"[-1, -1, 2, 2, 2, 1, 1, 1, -2, -1, -1, -2, 1, 1, -2, 1, 2, 2, 2]"
446,dfs_bnb_mpi,3.14146,-11,12,730630,"[-1, -1, 2, 1, 2, -1, 2, 1, 1, 1, 1, -2, -1, -1, -2, 1, 1, -2, -1]"
447,dfs_bnb_mpi,4.00211,-11,12,927997,"[-1, -2, 1, 1, 1, -2, -1, -1, -2, 1, -2, -1, -1, -1, 2, 1, 2, -1, 2]"
448,dfs_bnb_mpi,3.0524,-11,12,718289,"[-1, -1, 2, -1, 2, 1, 2, 2, 1, -2, 1, 1, -2, -1, -1, -2, 1, 1, -2]"
449,dfs_bnb_mpi,2.03316,-12,13,511504,"[-1, -2, -2, 1, 1, -2, -1, -1, -2, 1, 1, 1, 2, 2, 2, 2, -1, -2, -1]"
450,dfs_bnb_mpi,0.560398,-11,12,139028,"[-1, -1, 2, 1, 2, 1, -2, 1, 2, 1, -2, -2, -1, -2, -1, -2, -1, 2, -1]"
451,dfs_bnb_mpi,0.63538,-10,11,160165,"[-1, -1, 2, 2, 2, 2, 1, -2, 1, -2, -1, -2, 1, 1, 2, 2, 2, -1, 2]"
452,dfs_bnb_mpi,0.18362,-11,12,47658,"[-1, -1, 2, 2, 2, 2, 1, -2, -2, -2, 1, 1, 2, -1, 2, 2, 1, -2, 1]"
453,dfs_bnb_mpi,4.56861,-10,11,1063226,"[-1, -1, 2, 2, 2, 2, 2, 1, -2, -2, 1, 1, -2, -1, -1, -2, 1, 1, -2]"
454,dfs_bnb_mpi,0.58775,-11,12,155886,"[-1, -2, 1, 1, -2, -1, -1, -1, 2, 2, 2, 2, 1, -2, 1, 1, -2, 1, -2]"
455,dfs_bnb_mpi,2.55043,-11,12,664520,"[-1, -1, 2, 1, 2, 2, 1, 2, 1, -2, 1, -2, -2, -2, -1, 2, 2, -1, -2]"
456,dfs_bnb_mpi,2.9174,-11,12,695111,"[-1, -1, 2, 1, 2, 1, -2, 1, 1, -2, -1, -2, -2, -1, 2, -1, -1, -2, 1]"
457,dfs_bnb_mpi,0.490987,-11,12,113219,"[-1, -1, 2, 2, 1, -2, 1, 1, -2, -2, -2, -1, 2, -1, -1, -2, 1, -2, 1]"
458,dfs_bnb_mpi,3.39492,-11,12,757666,"[-1, -1, -1, -1, 2, 2, 2, 1, 2, 1, 1, -2, -1, -2, 1, -2, -1, -1, 2]"
459,dfs_bnb_mpi,1.469,-11,12,348477,"[-1, -1, 2, 2, 2, 1, -2, -2, 1, 2, 2, 1, 1, -2, -2, -2, -1, 2, 2]"
460,dfs_bnb_mpi,0.896175,-10,11,225571,"[-1, -1, 2, 2, 1, -2, 1, 2, 2, -1, -1, -1, -2, -2, -1, -2, 1, -2, 1]"
461,dfs_bnb_mpi,1.13037,-10,11,270701,"[-1, -1, 2, 2, 2, 1, 2, 2, 1, -2, -2, 1, -2, -1, -1, -2, 1, 1, 1]"
462,dfs_bnb_mpi,1.90347,-11,12,491592,"[-1, -1, 2, 1, 2, -1, 2, -1, -2, -1, 2, -1, -2, -2, -2, 1, 2, 1, -2]"
463,dfs_bnb_mpi,1.10911,-10,11,252400,"[-1, -1, 2, 1, 2, 2, 2, 1, -2, 1, -2, -1, -2, 1, -2, 1, 2, 2, 2]"
464,dfs_bnb_mpi,1.20815,-11,12,292562,"[-1, -1, 2, 1, 2, 1, -2, 1, 2, 2, 1, 1, -2, -1, -2, 1, -2, -1, -1]"
465,dfs_bnb_mpi,0.433182,-10,11,108889,"[-1, -1, 2, 1, 2, 2, 1, -2, -2, 1, -2, 1, 2, 2, -1, 2, 1, 2, 2]"
466,dfs_bnb_mpi,0.611692,-11,12,146840,"[-1, -1, 2, -1, -2, -2, -2, -2, 1, 2, 2, 1, -2, -2, 1, 2, 2, 1, 2]"
467,dfs_bnb_mpi,1.05495,-11,12,267766,"[-1, -1, 2, 2, 1, -2, 1, 2, 2, -1, -1, -1, -1, -2, 1, -2, -1, -2, 1]"
468,dfs_bnb_mpi,1.35307,-11,12,319482,"[-1, -1, 2, 2, 1, -2, 1, 1, -2, 1, -2, -1, -1, -1, -1, -1, 2, 2, 2]"
469,dfs_bnb_mpi,0.622258,-11,11,166063,"[-1, -1, 2, 1, 2, 2, 1, -2, -2, 1, 2, 2, 2, 1, -2, -2, -2, -2, -1]"
470,dfs_bnb_mpi,0.568474,-11,12,137177,"[-1, -1, 2, 1, 1, 2, -1, -1, 2, -1, -2, -2, -2, -2, 1, -2, 1, 2, 1]"
471,dfs_bnb_mpi,1.806,-11,12,422442,"[-1, -2, 1, 1, 2, 2, 1, -2, -2, -2, 1, -2, -1, -1, 2, -1, -1, -2, 1]"
472,dfs_bnb_mpi,1.68057,-11,12,396665,"[-1, -2, 1, 1, 2, 2, -1, 2, 1, 2, 1, 1, -2, -1, -2, 1, -2, -1, -2]"
473,dfs_bnb_mpi,4.72144,-10,10,1082523,"[-1, -1, 2, 2, 2, 1, 2, 2, 1, -2, -2, 1, -2, -1, -1, -2, 1, 1, -2]"
474,dfs_bnb_mpi,0.498516,-10,11,119322,"[-1, -1, 2, 2, 2, 2, 1, -2, -2, -2, 1, 2, 2, 2, 1, -2, -2, -2, 1]"
475,dfs_bnb_mpi,0.181081,-10,11,42272,"[-1, -1, 2, 2, 1, -2, 1, 2, 2, 1, 1, -2, -1, -2, 1, -2, -1, -2, 1]"
476,dfs_bnb_mpi,0.527584,-11,12,129954,"[-1, -1, 2, 2, 1, -2, 1, 1, 2, -1, 2, -1, 2, 1, 2, -1, -1, -2, -2]"
477,dfs_bnb_mpi,1.20762,-11,12,294238,"[-1, -1, 2, 2, 1, -2, 1, 1, -2, 1, 2, 2, -1, -1, 2, -1, 2, -1, -2]"
478,dfs_bnb_mpi,1.27468,-11,12,309480,"[-1, -1, 2, 1, 2, 1, -2, 1, 2, 2, 1, -2, -2, -2, -1, -2, -1, -1, -1]"
479,dfs_bnb_mpi,0.490888,-11,12,134901,"[-1, -1, 2, 1, 2, 1, -2, 1, 2, 2, -1, -1, -1, -2, -1, -2, -1, -2, 1]"
480,dfs_bnb_mpi,0.346525,-11,12,78890,"[-1, -2, 1, 1, 2, 2, -1, 2, -1, -2, -1, -2, -2, -1, 2, 2, 2, 1, 2]"
481,dfs_bnb_mpi,0.453968,-11,12,115012,"[-1, -1, 2, 2, 2, 1, 1, -2, -1, -2, 1, 1, 2, 2, 2, -1, 2, -1, -2]"
482,dfs_bnb_mpi,0.785887,-11,11,202233,"[-1, -1, 2, 2, 2, 1, -2, -2, 1, 2, 1, -2, -2, -2, -1, -1, -1, -1, 2]"
483,dfs_bnb_mpi,1.18239,-10,11,266090,"[-1, -1, 2, 1, 2, -1, 2, -1, -1, -2, 1, -2, -1, -2, 1, -2, 1, 1, 1]"
484,dfs_bnb_mpi,1.6401,-11,12,435136,"[-1, -1, 2, 2, 1, -2, 1, 2, 2, 1, -2, 1, 1, -2, -2, -1, 2, -1, -2]"
485,dfs_bnb_mpi,2.99009,-11,12,745394,"[-1, -1, 2, -1, -2, -1, -2, -2, -2, 1, 1, 2, 1, 1, 2, -1, -1, -1, -2]"
486,dfs_bnb_mpi,0.482971,-11,12,122672,"[-1, -1, 2, 2, 2, 1, -2, -2, 1, 2, 2, 1, -2, -2, 1, -2, -1, -2, -1]"
487,dfs_bnb_mpi,5.68232,-10,11,1279329,"[-1, -1, 2, -1, 2, -1, -2, -1, -2, 1, 1, -2, 1, 1, -2, -1, -1, -1, 2]"
488,dfs_bnb_mpi,3.33659,-11,12,824380,"[-1, -1, -1, 2, 2, 2, 2, 1, -2, -2, 1, 2, 2, 1, -2, -2, -2, -1, -1]"
489,dfs_bnb_mpi,5.32686,-10,11,1195075,"[-1, -1, 2, 2, 2, -1, -1, -1, -2, -2, -1, -2, 1, 1, 2, 2, 1, -2, -2]"
490,dfs_bnb_mpi,0.458757,-11,12,105664,"[-1, -1, 2, 2, 2, 1, 2, 1, -2, 1, -2, -1, -1, -2, 1, 1, 1, -2, -1]"
491,dfs_bnb_mpi,0.986738,-10,11,262636,"[-1, -1, 2, 2, 1, -2, 1, 2, 2, 1, -2, 1, -2, -1, -2, -2, -1, -1, -1]"
492,dfs_bnb_mpi,2.94241,-11,12,708776,"[-1, -1, 2, 2, 1, -2, 1, 2, 2, 2, 1, -2, 1, -2, -1, -2, 1, -2, -1]"
493,dfs_bnb_mpi,0.467091,-10,11,107354,"[-1, -1, 2, 1, 2, 2, 2, -1, -1, -1, -2, 1, 1, -2, -1, -1, -2, 1, -2]"
494,dfs_bnb_mpi,5.24445,-10,11,1185573,"[-1, -1, 2, 2, 2, -1, -2, -1, -2, 1, -2, -1, -2, 1, 1, 1, -2, -1, -1]"
495,dfs_bnb_mpi,3.09708,-11,11,754088,"[-1, -1, 2, 1, 1, 2, -1, -1, 2, -1, -2, -1, -2, 1, -2, -2, 1, 1, 1]"
496,dfs_bnb_mpi,3.22336,-11,12,738139,"[-1, -1, 2, 1, 2, 1, -2, 1, -2, 1, -2, -1, -1, -1, -1, -2, 1, 1, 1]"
497,dfs_bnb_mpi,1.19084,-11,12,275105,"[-1, -1, 2, 2, 2, 1, 1, 1, 1, -2, -1, -1, -1, -2, 1, 1, 1, -2, -1]"
498,dfs_bnb_mpi,1.31922,-11,12,305218,"[-1, -1, 2, 1, 1, 1, -2, -2, -1, -1, -1, -2, -2, 1, 2, 1, 1, -2, -1]"
499,dfs_bnb_mpi,0.817656,-11,11,206846,"[-1, -1, 2, 1, 1, 2, -1, 2, -1, -2, -1, -2, -2, -2, 1, 1, 1, 1, 2]"
500,dfs_bnb_mpi,0.178101,-11,12,47082,"[-1, -1, 2, 2, 2, 1, 1, -2, -1, -2, 1, 1, -2, -2, -1, -1, -2, -1, 2]"
501,dfs_bnb_mpi,1.4152,-11,12,335785,"[-1, -1, 2, 2, 2, 1, 1, 1, -2, -1, -1, -2, 1, 1, -2, 1, 2, 2, 2]"
502,dfs_bnb_mpi,0.485854,-11,12,127014,"[-1, -1, 2, 2, 1, -2, 1, 1, -2, 1, 2, 2, -1, -1, 2, 2, -1, -2, -1]"
503,dfs_bnb_mpi,3.47957,-11,12,883886,"[-1, -2, 1, 1, -2, -1, -1, -1, -2, 1, 1, 1, -2, -1, -2, -1, 2, -1, -2]"
504,dfs_bnb_mpi,1.7033,-10,11,440792,"[-1, -1, 2, 2, 2, 2, 1, -2, -2, -2, 1, 2, 2, 2, 2, 1, -2, -2, -2]"
505,dfs_bnb_mpi,1.06244,-11,12,268455,"[-1, -1, 2, 2, 1, -2, 1, 2, 1, -2, -2, -2, -2, -1, 2, -1, -1, -2, 1]"
506,dfs_bnb_mpi,5.59267,-10,10,1261429,"[-1, -1, 2, 2, -1, -1, -1, -2, -1, -2, 1, -2, 1, 2, 2, 1, -2, -2, 1]"
507,dfs_bnb_mpi,1.68668,-11,12,422634,"[-1, -1, 2, 2, 1, -2, 1, 2, 1, 2, 1, -2, 1, -2, -2, -1, 2, -1, -2]"
508,dfs_bnb_mpi,1.41859,-10,11,319196,"[-1, -1, 2, -1, -1, -1, -2, 1, 1, -2, 1, 1, -2, -1, -1, -1, 2, -1, -1]"
509,dfs_bnb_mpi,3.77304,-10,11,967739,"[-1, -1, 2, 2, 2, 2, 1, 1, 1, -2, 1, -2, -1, -1, -2, -1, 2, 2, 1]"
510,dfs_bnb_mpi,1.32612,-11,12,327550,"[-1, -1, 2, 1, 2, -1, 2, 1, 2, 1, 2, 1, -2, -2, -2, -2, -1, 2, 2]"
511,dfs_bnb_mpi,5.3917,-10,11,1217148,"[-1, -1, 2, 2, 2, 2, 1, 2, 1, -2, 1, -2, -1, -1, -2, -2, 1, 2, 1]"
512,dfs_bnb_mpi,1.38652,-11,12,325709,"[-1, -1, -1, 2, 1, 1, 1, 1, -2, -2, -2, -1, 2, -1, -1, -1, -2, 1, 1]"
513,dfs_bnb_mpi,0.77734,-11,12,184163,"[-1, -2, 1, 1, 2, 2, 1, -2, -2, 1, 2, 2, 2, -1, 2, -1, -2, -1, -2]"
514,dfs_bnb_mpi,2.96593,-11,10,680364,"[-1, -1, 2, 2, 2, 2, 1, 2, 1, -2, 1, -2, -1, -1, -2, -2, 1, 2, 1]"
515,dfs_bnb_mpi,2.72293,-11,12,635875,"[-1, -1, 2, 2, 2, 1, 2, 1, -2, 1, 1, -2, -1, -1, -1, -2, 1, 1, -2]"
516,dfs_bnb_mpi,1.6619,-11,12,389320,"[-1, -2, 1, 1, 2, 2, 1, -2, -2, -2, -2, -1, 2, -1, -1, -1, -2, 1, 1]"
517,dfs_bnb_mpi,2.39182,-11,11,613902,"[-1, -1, 2, 2, 2, 1, 2, 1, 2, 1, -2, -2, -2, -2, -1, -1, 2, 1, 2]"
518,dfs_bnb_mpi,4.5827,-11,12,1185725,"[-1, -2, -1, -2, 1, 1, 2, 1, -2, -2, -2, -1, -2, -1, 2, -1, 2, 1, 1]"
519,dfs_bnb_mpi,0.85443,-11,12,225378,"[-1, -1, 2, 1, 2, 1, 1, 2, -1, -1, 2, 1, 1, 1, -2, -2, -2, -1, -1]"
520,dfs_bnb_mpi,0.647534,-11,12,166516,"[-1, -1, 2, -1, -2, -2, 1, 1, 1, 1, 2, 2, 2, -1, -2, -1, 2, -1, 2]"
521,dfs_bnb_mpi,0.582265,-10,11,139374,"[-1, -1, 2, 2, 2, 2, 1, -2, -2, -2, 1, 2, 2, 2, 1, -2, -2, -2, 1]"
522,dfs_bnb_mpi,1.69654,-10,11,441189,"[-1, -1, 2, 2, 2, -1, -1, -1, -2, 1, 1, -2, -1, -1, -1, -2, 1, 1, 1]"
523,dfs_bnb_mpi,4.10508,-11,11,925209,"[-1, -2, 1, 1, 2, 1, 1, -2, -2, -2, -1, -1, -1, -1, 2, 1, 1, 1, 2]"
524,dfs_bnb_mpi,1.21914,-11,12,278277,"[-1, -1, 2, 2, 2, 2, 1, 1, 1, -2, -1, -1, -2, -2, 1, 2, 1, -2, -2]"
525,dfs_bnb_mpi,4.63026,-11,12,1142808,"[-1, -2, -1, -2, 1, 1, 2, 1, -2, -2, -1, -1, -1, -1, -2, 1, 1, 1, 1]"
526,dfs_bnb_mpi,0.502077,-11,12,119088,"[-1, -1, 2, 2, 2, 1, 1, -2, -1, -2, 1, 1, 2, 2, 1, -2, -2, -2, -1]"
527,dfs_bnb_mpi,3.7557,-11,11,885651,"[-1, -1, 2, -1, -1, -1, -2, -2, -2, 1, 1, 1, 1, 2, -1, -1, 2, -1, -2]"
528,dfs_bnb_mpi,0.832153,-11,12,214761,"[-1, -1, 2, 1, 1, 2, -1, -1, 2, -1, -2, -2, -2, -2, -2, 1, 2, 1, 1]"
529,dfs_bnb_mpi,1.13432,-10,11,299957,"[-1, -1, 2, 2, 2, 1, 1, -2, -1, -2, 1, 1, 2, 2, 2, -1, 2, -1, -2]"
530,dfs_bnb_mpi,1.20694,-10,11,276595,"[-1, -1, 2, 1, 2, 2, 2, 1, 1, 1, -2, -1, -1, -2, -2, 1, 2, 1, 1]"
531,dfs_bnb_mpi,5.54602,-10,11,1295076,"[-1, -1, 2, 2, 2, 2, 1, 1, 2, 1, -2, -2, -2, -1, 2, -1, -2, -2, 1]"
532,dfs_bnb_mpi,0.213074,-11,12,54451,"[-1, -1, 2, -1, 2, 1, 1, -2, 1, 2, 2, 2, -1, -2, -1, 2, -1, -2, -1]"
533,dfs_bnb_mpi,0.893263,-11,12,248170,"[-1, -1, 2, 1, 2, 2, 1, 1, -2, -1, -2, 1, 1, -2, -1, -2, -1, -1, -1]"
534,dfs_bnb_mpi,1.59661,-11,12,399874,"[-1, -1, 2, 1, 2, 1, -2, 1, -2, -2, -2, -1, -1, -1, -1, 2, 1, 1, 1]"
535,dfs_bnb_mpi,1.01736,-10,11,247895,"[-1, -1, 2, 2, 2, -1, -1, -1, -2, 1, 1, -2, -1, -1, -2, -2, 1, 2, 1]"
536,dfs_bnb_mpi,2.71418,-11,12,660708,"[-1, -1, 2, 2, 1, -2, 1, 2, 2, -1, -1, -1, -1, -2, 1, -2, -1, -2, 1]"
537,dfs_bnb_mpi,2.35082,-11,10,636638,"[-1, -1, 2, 1, 2, -1, -1, 2, 1, 1, 1, 1, 1, -2, -1, -1, -2, 1, -2]"
538,dfs_bnb_mpi,1.09488,-10,11,279245,"[-1, -1, 2, 2, 1, -2, 1, 1, 2, -1, 2, 1, 2, -1, -1, -2, -1, 2, 2]"
539,dfs_bnb_mpi,4.9155,-10,11,1119561,"[-1, -1, 2, 2, 2, 2, 1, 1, 1, -2, -1, -1, -2, -2, 1, 2, 1, -2, -2]"
540,dfs_bnb_mpi,0.722318,-11,11,183337,"[-1, -1, 2, 1, 1, 2, 2, -1, -2, -1, -1, -2, -2, -2, -2, 1, 2, 1, 1]"
541,dfs_bnb_mpi,5.21371,-10,11,1181706,"[-1, -1, 2, 2, -1, -2, -1, -1, -2, -2, -2, 1, 2, 2, 1, -2, 1, -2, -1]"
542,dfs_bnb_mpi,1.43859,-11,12,357243,"[-1, -1, 2, 2, 1, -2, 1, 2, 2, 1, 2, 1, -2, -2, -2, -2, -1, 2, 2]"
543,dfs_bnb_mpi,0.34297,-11,12,90363,"[-1, -1, 2, 2, 1, -2, 1, 2, 2, -1, -1, 2, -1, -2, -2, -1, -2, 1, -2]"
544,dfs_bnb_mpi,0.240202,-11,12,60281,"[-1, -1, 2, 1, 2, -1, 2, 1, 1, 1, -2, -1, -2, 1, 1, -2, -1, -2, -1]"
545,dfs_bnb_mpi,1.46024,-11,12,394535,"[-1, -1, 2, 2, 1, -2, 1, 1, 2, -1, 2, 2, 2, -1, -1, -2, 1, -2, -1]"
546,dfs_bnb_mpi,0.073916,-10,11,17336,"[-1, -1, 2, 2, 2, 2, 1, -2, 1, -2, -1, -2, 1, 1, 2, 2, 2, -1, 2]"
547,dfs_bnb_mpi,3.62023,-10,11,1007729,"[-1, -1, 2, 2, 1, -2, 1, 2, 2, 1, 2, -1, 2, -1, -1, -2, 1, -2, -1]"
548,dfs_bnb_mpi,0.588068,-10,11,158543,"[-1, -1, 2, 2, 1, -2, 1, 1, 2, -1, 2, 2, 2, -1, -2, -2, -1, 2, 2]"
549,dfs_bnb_mpi,2.31374,-9,10,523891,"[-1, -1, 2, 2, 2, 2, 1, 1, 1, -2, -1, -1, -2, -2, 1, 2, 1, -2, 1]"
550,dfs_bnb_mpi,0.736752,-11,12,192478,"[-1, -1, 2, 2, 2, 1, -2, -2, 1, 2, 1, -2, -2, -2, -2, -1, 2, -1, -1]"
551,dfs_bnb_mpi,1.34869,-11,12,318422,"[-1, -1, 2, 2, 2, 2, 1, -2, 1, -2, -1, -2, 1, 1, 2, 1, -2, -2, -1]"
552,dfs_bnb_mpi,3.10903,-11,11,697550,"[-1, -1, 2, 2, -1, 2, 2, 1, 2, 1, -2, 1, -2, -2, -2, -1, 2, 2, -1]"
553,dfs_bnb_mpi,5.26061,-10,11,1157290,"[-1, -1, 2, 2, 2, 2, 1, 2, 1, -2, 1, -2, -1, -1, -2, -2, 1, 2, 1]"
554,dfs_bnb_mpi,0.842352,-11,11,205546,"[-1, -1, -1, 2, 1, 2, 1, -2, 1, 2, 1, -2, -2, -2, -1, -1, -1, -2, 1]"
555,dfs_bnb_mpi,0.687823,-10,11,179148,"[-1, -2, 1, 1, 2, 2, 1, 1, -2, -1, -2, 1, -2, -1, -2, -1, 2, -1, -1]"
556,dfs_bnb_mpi,2.80433,-10,11,661726,"[-1, -1, 2, 2, -1, -2, -1, -1, -2, 1, -2, -1, -2, 1, 1, 1, 2, -1, 2]"
557,dfs_bnb_mpi,3.45427,-11,12,806816,"[-1, -1, 2, -1, 2, 2, 2, 1, 2, 1, -2, -2, 1, -2, -2, -1, 2, -1, 2]"
558,dfs_bnb_mpi,3.09768,-11,12,687055,"[-1, -1, 2, 2, 2, 1, 2, 1, 2, 1, -2, -2, -1, -2, 1, -2, -1, -1, 2]"
559,dfs_bnb_mpi,1.35861,-11,12,313233,"[-1, -1, 2, 2, 2, 2, 1, 1, -2, -1, -2, -2, 1, 2, 1, 1, -2, -1, -2]"
560,dfs_bnb_mpi,5.72652,-11,12,1294726,"[-1, -2, -1, -2, 1, -2, 1, 1, 2, -1, 2, 1, 2, 1, 1, -2, -1, -2, 1]"
561,dfs_bnb_mpi,2.12368,-10,11,519829,"[-1, -1, 2, 2, 2, 2, -1, -2, -1, 2, -1, -2, -2, 1, 1, -2, -1, -2, 1]"
562,dfs_bnb_mpi,4.01455,-11,12,900340,"[-1, -2, 1, 1, 2, 1, 2, 2, 2, 2, -1, -2, -1, -2, 1, -2, -1, -1, 2]"
563,dfs_bnb_mpi,0.331729,-10,11,85280,"[-1, -1, 2, 1, 2, 2, 1, 1, -2, -1, -2, 1, -2, 1, -2, -1, -1, -1, -1]"
564,dfs_bnb_mpi,0.802959,-11,11,205786,"[-1, -1, 2, 2, 1, -2, 1, 2, 1, 1, -2, -1, -2, -2, -1, -1, -1, -1, 2]"
565,dfs_bnb_mpi,0.398085,-11,12,104597,"[-1, -1, 2, 1, 1, 1, 2, -1, 2, 1, 2, -1, -1, -1, -2, 1, -2, -1, -1]"
566,dfs_bnb_mpi,5.12752,-10,10,1155241,"[-1, -1, 2, 2, 2, 2, 2, 2, 1, -2, 1, -2, -1, -2, 1, -2, -1, -2, 1]"
567,dfs_bnb_mpi,1.02761,-10,11,260593,"[-1, -1, 2, 2, -1, -1, -2, 1, -2, -2, 1, 1, -2, -1, -1, -1, 2, 2, -1]"
568,dfs_bnb_mpi,1.65425,-11,12,441649,"[-1, -1, 2, 2, 1, -2, 1, 1, -2, -2, -1, -2, -2, -1, -1, 2, 2, 1, -2]"
569,dfs_bnb_mpi,0.607261,-11,12,148050,"[-1, -1, 2, 1, 1, 1, -2, 1, -2, -1, -1, -1, -1, -2, -2, 1, 1, 2, -1]"
570,dfs_bnb_mpi,1.73663,-11,12,405963,"[-1, -2, 1, 1, 2, 2, 1, -2, -2, 1, 2, 1, 2, -1, 2, -1, -1, -1, -2]"
571,dfs_bnb_mpi,3.49759,-10,11,972055,"[-1, -1, 2, 2, 2, 1, -2, -2, 1, 2, 2, 2, 2, 1, -2, -2, -2, -2, -2]"
572,dfs_bnb_mpi,0.752343,-11,12,185517,"[-1, -1, 2, 1, 1, 2, -1, -1, -1, -2, -2, -2, 1, 1, 1, 1, 2, 2, 2]"
573,dfs_bnb_mpi,4.01802,-11,11,940507,"[-1, -2, 1, 1, 2, 2, 1, -2, -2, -2, -2, -2, -1, 2, 2, -1, -1, -2, 1]"
574,dfs_bnb_mpi,1.7872,-11,12,438181,"[-1, -1, 2, 1, 2, 1, 1, 2, 1, 1, -2, -1, -2, 1, -2, -1, -1, 2, -1]"
575,dfs_bnb_mpi,1.59088,-10,11,360199,"[-1, -2, 1, 1, 1, -2, -1, -1, -1, -1, -2, 1, 1, 1, 1, -2, -1, -1, -1]"
576,dfs_bnb_mpi,5.9409,-10,11,1349095,"[-1, -1, 2, 1, 2, 2, 1, -2, -2, 1, 1, 2, -1, 2, 1, 2, -1, -1, -1]"
577,dfs_bnb_mpi,0.398573,-11,12,104994,"[-1, -1, 2, 1, 2, 2, 1, -2, -2, 1, 2, 2, 1, -2, 1, -2, -1, -2, -1]"
578,dfs_bnb_mpi,0.299605,-11,12,70333,"[-1, -1, 2, 2, 2, 2, 1, -2, -2, -2, 1, 2, 2, 2, 1, -2, -2, -2, 1]"
579,dfs_bnb_mpi,5.26125,-10,11,1295321,"[-1, -1, 2, 2, 2, 2, 2, 1, 1, -2, -1, -2, 1, 1, -2, -1, -1, -2, 1]"
580,dfs_bnb_mpi,1.15768,-10,10,275381,"[-1, -1, 2, 2, 2, 2, 1, 1, 2, 1, -2, -2, -1, -1, -2, -2, 1, 2, 1]"
581,dfs_bnb_mpi,0.222985,-10,11,53418,"[-1, -1, 2, 2, 1, -2, 1, 2, 2, 1, -2, -2, -2, 1, 2, 2, 1, -2, 1]"
582,dfs_bnb_mpi,3.13305,-10,11,846555,"[-1, -1, 2, 2, 2, -1, -1, -1, -2, 1, 1, -2, -2, -2, -1, 2, 2, -1, -2]"
583,dfs_bnb_mpi,0.469167,-10,11,105901,"[-1, -1, 2, 2, 2, 2, 1, 2, 1, -2, -2, -1, -2, -2, 1, 2, 1, 2, 2]"
584,dfs_bnb_mpi,2.50274,-11,12,646065,"[-1, -2, 1, 1, 1, -2, -1, -1, -1, -2, -2, 1, 1, 1, 1, 2, -1, -1, -1]"
585,dfs_bnb_mpi,5.22977,-10,11,1219944,"[-1, -1, 2, 2, -1, 2, -1, -2, -1, -2, -2, -2, 1, 2, 2, 1, -2, -2, 1]"
586,dfs_bnb_mpi,0.713466,-10,11,196662,"[-1, -1, 2, 2, 1, -2, 1, 2, 2, 1, -2, -2, 1, 2, 1, -2, -2, -1, -1]"
587,dfs_bnb_mpi,3.28003,-11,12,762409,"[-1, -1, 2, -1, -2, -1, -1, -2, -2, 1, 2, 1, 1, 1, 1, -2, -1, -1, -1]"
588,dfs_bnb_mpi,4.71194,-10,11,1090935,"[-1, -1, 2, 2, 2, 2, 2, 1, -2, -2, 1, 1, -2, -1, -1, -2, 1, 1, -2]"
589,dfs_bnb_mpi,0.422253,-10,11,105161,"[-1, -1, 2, 2, 2, 2, 1, -2, 1, -2, -1, -2, 1, 1, 2, 1, -2, -2, -1]"
590,dfs_bnb_mpi,1.43977,-12,12,378211,"[-1, -1, 2, 1, 2, -1, 2, 1, 1, 1, 1, -2, -2, -2, -1, 2, 2, -1, -2]"
591,dfs_bnb_mpi,0.598579,-11,11,149148,"[-1, -1, 2, 1, 2, -1, -1, -2, -2, -1, 2, 2, 2, 1, 2, 1, 1, -2, -1]"
592,dfs_bnb_mpi,1.2595,-11,11,306107,"[-1, -1, 2, 2, 2, 1, 2, 2, 1, -2, 1, -2, -1, -2, 1, -2, -1, -1, 2]"
593,dfs_bnb_mpi,2.73578,-10,11,676473,"[-1, -1, 2, 2, 2, -1, -2, -1, 2, -1, -2, -2, 1, 1, -2, -2, -1, 2, -1]"
594,dfs_bnb_mpi,1.40315,-11,12,341370,"[-1, -1, 2, 1, 2, 2, 2, 1, -2, 1, -2, -1, -2, 1, -2, -2, -1, -1, -1]"
595,dfs_bnb_mpi,0.576395,-11,10,146322,"[-1, -1, 2, 2, 2, 2, 2, 1, 1, -2, -1, -2, 1, -2, 1, -2, -1, -1, 2]"
596,dfs_bnb_mpi,1.07046,-11,11,292816,"[-1, -2, 1, 1, -2, -1, -1, -1, 2, 2, 2, 2, 2, 1, -2, -2, 1, 1, -2]"
597,dfs_bnb_mpi,0.571721,-11,12,140315,"[-1, -1, 2, 2, 2, 1, 1, -2, -1, -2, 1, 1, 2, 2, 1, -2, -2, -2, -1]"
598,dfs_bnb_mpi,1.79238,-10,11,417854,"[-1, -1, 2, 2, 2, 2, 1, -2, 1, 1, -2, -1, -1, -2, 1, 1, 1, -2, -1]"
599,dfs_bnb_mpi,2.88078,-10,11,756235,"[-1, -1, 2, 2, 2, 2, 2, 1, -2, -2, -2, -2, 1, 2, 2, 1, 2, -1, 2]"
600,dfs_bnb_mpi,2.16199,-11,12,511259,"[-1, -2, 1, 1, 2, 2, 1, 1, 1, -2, -2, -1, 2, -1, -2, -2, -1, -1, -1]"
601,dfs_bnb_mpi,2.60005,-11,12,633711,"[-1, -2, 1, 1, -2, -1, -1, -2, 1, 1, 1, -2, -1, -1, -1, -1, 2, 2, 2]"
602,dfs_bnb_mpi,1.32018,-10,11,295240,"[-1, -1, 2, -1, -1, -1, -2, -2, -2, 1, 2, 2, 1, -2, -2, 1, 2, 1, 1]"
603,dfs_bnb_mpi,1.2332,-11,12,280824,"[-1, -1, 2, 1, 1, 1, 1, 1, -2, -1, -1, -2, 1, -2, -1, -1, -1, 2, 1]"
604,dfs_bnb_mpi,2.9864,-11,12,707538,"[-1, -1, 2, 2, 2, 1, 1, -2, 1, 1, -2, 1, -2, -1, -1, 2, -1, -1, 2]"
605,dfs_bnb_mpi,3.60143,-11,12,804318,"[-1, -1, 2, 1, 1, 1, -2, 1, 2, 2, 2, -1, -1, -1, -1, -2, 1, 1, 1]"
606,dfs_bnb_mpi,1.41662,-11,12,333094,"[-1, -1, 2, 2, -1, -1, -2, 1, -2, -1, -2, 1, 1, 1, 1, -2, -1, -1, -1]"
607,dfs_bnb_mpi,1.11053,-11,12,283350,"[-1, -1, 2, 1, 1, 2, -1, -1, 2, 1, 2, -1, -1, -2, -1, -2, -2, 1, 2]"
608,dfs_bnb_mpi,0.13832,-11,11,36791,"[-1, -1, 2, 2, 2, 1, -2, -2, 1, 2, 2, 1, 1, -2, -1, -2, 1, -2, -1]"
609,dfs_bnb_mpi,1.16177,-10,11,301133,"[-1, -1, 2, 2, 1, -2, 1, 1, -2, 1, 2, 2, 2, -1, -2, -1, 2, -1, 2]"
610,dfs_bnb_mpi,1.84158,-11,12,468739,"[-1, -1, 2, 1, 2, -1, 2, -1, -1, -1, -2, 1, -2, -1, -2, 1, 1, 2, 2]"
611,dfs_bnb_mpi,0.881247,-11,12,222230,"[-1, -2, 1, 1, 2, 1, -2, 1, -2, -1, -1, -1, -1, -2, -2, 1, 1, 2, -1]"
612,dfs_bnb_mpi,2.96002,-11,12,688636,"[-1, -1, 2, 1, 2, 2, 1, 1, 1, 1, -2, -1, -1, -1, -2, 1, 1, -2, -1]"
613,dfs_bnb_mpi,5.37974,-10,11,1357898,"[-1, -1, 2, 2, 2, 2, 1, -2, 1, 2, 1, -2, 1, -2, -1, -1, -1, -2, 1]"
614,dfs_bnb_mpi,1.53953,-11,11,360683,"[-1, -2, 1, 1, 2, 1, -2, 1, -2, -1, -2, -1, 2, -1, -1, -2, 1, -2, 1]"
615,dfs_bnb_mpi,3.11872,-11,12,732352,"[-1, -1, 2, 2, 2, 1, 1, 1, 1, -2, -2, -2, -1, 2, 2, -1, -1, -2, 1]"
616,dfs_bnb_mpi,1.17166,-11,12,274463,"[-1, -1, 2, 2, 1, -2, 1, 2, 1, 2, 1, -2, -2, -1, -2, 1, 1, 2, 2]"
617,dfs_bnb_mpi,0.66277,-10,11,166161,"[-1, -1, 2, 2, 2, 1, 1, 1, -2, -1, -1, -2, 1, 1, -2, -2, -1, -1, -1]"
618,dfs_bnb_mpi,3.09592,-11,10,756780,"[-1, -1, 2, 2, 2, 2, 2, 1, 1, -2, -2, 1, -2, -1, -2, -1, 2, 2, 2]"
619,dfs_bnb_mpi,0.186871,-10,11,43984,"[-1, -1, 2, 2, 2, 2, 1, -2, 1, -2, -1, -2, 1, 1, 2, 2, 2, -1, 2]"
620,dfs_bnb_mpi,0.767325,-11,11,209672,"[-1, -1, 2, 2, -1, -2, -2, -2, 1, 1, 1, 1, 2, 2, 2, -1, -1, -2, 1]"
621,dfs_bnb_mpi,0.565816,-11,11,136512,"[-1, -1, 2, 2, -1, -2, -2, -1, 2, 2, 2, 1, 1, 1, 1, -2, -2, -1, 2]"
622,dfs_bnb_mpi,0.21039,-10,11,50174,"[-1, -1, 2, 2, 2, 1, 2, 1, -2, -2, -1, -2, 1, 1, 2, 2, 2, 2, 2]"
623,dfs_bnb_mpi,0.122486,-11,12,29095,"[-1, -1, 2, 1, 2, -1, 2, 1, 1, -2, -2, 1, -2, 1, 2, 2, -1, 2, 2]"
624,dfs_bnb_mpi,4.37739,-10,11,1096281,"[-1, -1, 2, 2, 2, 2, 2, 1, 1, -2, 1, -2, -1, -2, -2, -1, 2, 2, 2]"
625,dfs_bnb_mpi,1.09868,-11,12,277305,"[-1, -1, 2, 2, 2, 1, 2, 1, -2, -2, -1, -2, 1, 1, 2, 1, 2, -1, 2]"
626,dfs_bnb_mpi,0.590515,-11,12,153450,"[-1, -2, 1, 1, 2, 2, 1, -2, -2, -2, -1, -1, -1, -2, 1, -2, 1, 2, 1]"
627,dfs_bnb_mpi,5.05178,-10,11,1119749,"[-1, -1, 2, 1, 1, 2, -1, -1, 2, 2, -1, -1, -2, 1, -2, -1, -2, 1, -2]"
628,dfs_bnb_mpi,5.25789,-10,11,1162023,"[-1, -1, 2, 2, 2, 2, 2, 1, 2, 1, -2, -2, -1, -2, 1, -2, -1, -2, 1]"
629,dfs_bnb_mpi,1.27971,-11,12,338550,"[-1, -1, 2, 2, 1, -2, 1, 1, 2, -1, 2, 2, -1, -2, -1, -1, -2, -2, -2]"
630,dfs_bnb_mpi,0.800962,-11,11,199870,"[-1, -1, 2, 1, 2, -1, 2, 1, 1, 1, -2, -1, -2, 1, 1, -2, -1, -2, -1]"
631,dfs_bnb_mpi,1.12361,-11,12,254000,"[-1, -1, 2, 1, 2, 2, 2, 1, -2, 1, 1, -2, -1, -1, -2, 1, 1, -2, -1]"
632,dfs_bnb_mpi,2.99006,-11,11,690433,"[-1, -1, 2, -1, 2, 2, 2, 2, 1, -2, 1, -2, 1, -2, -2, -1, 2, -1, 2]"
633,dfs_bnb_mpi,1.08076,-10,11,264878,"[-1, -1, 2, 2, 2, 1, -2, -2, 1, 2, 2, 1, -2, 1, -2, -1, -2, 1, 1]"
634,dfs_bnb_mpi,1.04372,-11,12,282104,"[-1, -1, 2, 2, 1, -2, 1, 2, 2, 1, 1, -2, 1, -2, -1, -2, -1, 2, 2]"
635,dfs_bnb_mpi,1.03539,-12,13,237745,"[-1, -2, -1, 2, 2, 2, 2, 1, 1, 1, -2, -1, -1, -2, 1, 1, -2, -2, -1]"
636,dfs_bnb_mpi,3.62724,-10,11,980036,"[-1, -1, 2, 2, 2, -1, -1, -1, -2, 1, 1, -2, -2, -2, -1, 2, 2, -1, -2]"
637,dfs_bnb_mpi,4.38105,-11,12,1005261,"[-1, -2, 1, 1, -2, -1, -2, -2, -1, -1, -1, 2, 2, 2, 1, -2, 1, -2, -1]"
638,dfs_bnb_mpi,1.12072,-10,10,258849,"[-1, -1, 2, 2, 2, 2, 2, 1, 1, -2, -1, -2, 1, -2, -1, -2, 1, 1, 2]"
639,dfs_bnb_mpi,0.480558,-11,12,113693,"[-1, -1, 2, 1, 2, 1, -2, 1, 2, 1, -2, -2, -1, -2, -1, -1, -2, -1, 2]"
640,dfs_bnb_mpi,1.21282,-11,12,285424,"[-1, -2, -2, 1, 2, 1, 2, 1, -2, 1, -2, -2, -1, 2, -1, -2, -1, -1, -1]"
641,dfs_bnb_mpi,1.32586,-11,12,299228,"[-1, -1, 2, -1, -2, -1, -2, 1, -2, -1, -2, 1, 1, 2, 2, 1, 1, -2, -1]"
642,dfs_bnb_mpi,4.99134,-10,10,1098797,"[-1, -1, 2, 2, 2, 2, 1, 2, 1, -2, -2, -1, -2, -2, 1, 2, 1, -2, -2]"
643,dfs_bnb_mpi,3.20773,-11,12,725536,"[-1, -1, 2, -1, -2, -2, 1, 1, 1, -2, 1, -2, -1, -1, 2, -1, -1, -2, 1]"
644,dfs_bnb_mpi,1.98027,-11,12,481952,"[-1, -1, 2, 2, 2, 1, 1, -2, -1, -2, 1, 1, 2, 2, 1, -2, -2, -2, -1]"
645,dfs_bnb_mpi,1.27719,-11,12,288314,"[-1, -1, 2, 1, 2, 2, 2, 1, 1, 1, -2, -1, -1, -2, 1, 1, -2, -1, -1]"
646,dfs_bnb_mpi,3.35148,-10,11,883748,"[-1, -1, 2, 2, 2, 1, 2, 1, 1, -2, -1, -2, 1, 1, -2, -1, -1, -1, 2]"
647,dfs_bnb_mpi,1.67373,-11,12,414571,"[-1, -2, 1, 1, 1, -2, -1, -1, -2, 1, 1, 1, 1, 2, -1, 2, 2, -1, -1]"
648,dfs_bnb_mpi,0.634672,-11,12,155747,"[-1, -1, 2, 1, 1, 1, 2, -1, -1, -1, 2, 1, 1, 1, 1, -2, -2, -2, -1]"
649,dfs_bnb_mpi,0.31737,-10,11,80370,"[-1, -1, 2, 2, 2, 2, 1, -2, 1, -2, -1, -2, 1, 1, 2, 2, 2, -1, 2]"
650,dfs_bnb_mpi,0.215005,-10,10,52535,"[-1, -1, 2, 2, 2, 1, -2, -2, 1, 1, 2, -1, 2, 2, 2, 1, -2, -2, 1]"
651,dfs_bnb_mpi,3.12845,-11,11,710795,"[-1, -1, 2, 2, -1, 2, 1, 2, 1, -2, 1, 1, -2, -1, -1, -2, 1, 1, -2]"
652,dfs_bnb_mpi,0.509933,-11,12,125346,"[-1, -2, 1, 1, 2, 2, -1, 2, -1, -2, -1, -2, -2, -1, 2, 2, 2, 1, 2]"
653,dfs_bnb_mpi,0.707336,-12,13,180116,"[-1, -1, 2, 1, 1, 2, -1, -1, -1, -2, -2, -2, -2, 1, 1, 1, 2, -1, -1]"
654,dfs_bnb_mpi,1.7317,-11,12,395454,"[-1, -1, 2, -1, -1, -1, -2, 1, 1, -2, 1, 1, -2, -1, -1, -1, -1, 2, 1]"
655,dfs_bnb_mpi,0.765228,-11,12,199596,"[-1, -1, 2, 1, 1, 2, -1, -1, -1, -2, -1, -2, 1, -2, 1, 1, 1, 1, 2]"
656,dfs_bnb_mpi,0.996983,-11,12,247960,"[-1, -2, -1, 2, -1, -2, -2, 1, 1, 1, 2, 1, 2, 2, -1, -1, -1, -1, 2]"
657,dfs_bnb_mpi,0.768182,-11,10,199485,"[-1, -1, 2, 2, 2, 2, 2, 1, 1, -2, -1, -2, 1, -2, 1, -2, -1, -1, 2]"
658,dfs_bnb_mpi,3.0092,-11,12,734741,"[-1, -1, 2, 1, 2, 1, -2, 1, -2, 1, -2, -1, -2, -1, 2, -1, -1, -2, 1]"
659,dfs_bnb_mpi,0.811486,-10,11,194828,"[-1, -1, 2, 2, 2, 2, 1, -2, -2, -2, 1, 2, 2, 2, 2, -1, 2, -1, -2]"
660,dfs_bnb_mpi,0.343786,-11,12,89159,"[-1, -1, 2, 1, 2, 2, 1, -2, -2, 1, 2, 2, 1, -2, 1, -2, -1, -2, -1]"
661,dfs_bnb_mpi,0.136072,-11,12,33215,"[-1, -1, 2, -1, -2, -2, -2, 1, 2, 1, -2, 1, 2, 1, 2, 2, -1, -1, 2]"
662,dfs_bnb_mpi,0.17613,-10,11,41982,"[-1, -1, 2, 2, 1, -2, 1, 2, 2, 1, -2, 1, -2, -1, -2, -2, 1, 2, 1]"
663,dfs_bnb_mpi,0.772063,-9,10,193511,"[-1, -1, 2, 2, 2, 1, 1, -2, -1, -2, 1, 1, 2, 2, 2, -1, -1, 2, 2]"
664,dfs_bnb_mpi,4.75021,-10,10,1078268,"[-1, -1, 2, 2, 2, 2, 2, 2, 1, -2, 1, -2, -1, -2, 1, -2, -1, -2, 1]"
665,dfs_bnb_mpi,0.995573,-11,12,272915,"[-1, -1, 2, 2, 1, -2, 1, 2, 2, -1, 2, -1, -2, -1, -2, -1, -2, 1, -2]"
666,dfs_bnb_mpi,2.47698,-11,12,620583,"[-1, -2, 1, 1, 1, -2, -2, 1, -2, -1, -1, 2, -1, -2, -1, 2, 2, 1, 1]"
667,dfs_bnb_mpi,0.268345,-10,10,66521,"[-1, -1, 2, 2, 2, 2, 1, -2, -2, -2, 1, 1, 2, -1, 2, 2, 2, -1, 2]"
668,dfs_bnb_mpi,0.390063,-10,11,99957,"[-1, -1, 2, 2, 2, 2, 1, -2, -2, -2, 1, 1, 2, -1, 2, 2, 1, -2, 1]"
669,dfs_bnb_mpi,2.84032,-11,11,698218,"[-1, -1, 2, 1, 2, 1, -2, 1, 2, 1, -2, 1, -2, -1, -1, -2, -1, -1, -1]"
670,dfs_bnb_mpi,5.09469,-10,11,1155495,"[-1, -1, 2, 2, 2, 2, -1, -1, -1, -2, -2, 1, 2, 1, -2, -2, -1, -2, 1]"
671,dfs_bnb_mpi,2.43068,-11,10,627911,"[-1, -1, 2, 2, 2, 1, 2, 2, 1, -2, 1, -2, -2, -2, -1, -1, 2, 1, 2]"
672,dfs_bnb_mpi,1.61636,-11,12,382115,"[-1, -2, 1, 1, 2, 1, -2, 1, 1, -2, -2, -1, 2, -1, -1, -1, -2, 1, 1]"
673,dfs_bnb_mpi,4.63725,-11,12,1086548,"[-1, -2, 1, 1, -2, 1, -2, -1, -2, -1, -1, -1, 2, 1, 1, 2, -1, -1, 2]"
674,dfs_bnb_mpi,0.73125,-11,12,195242,"[-1, -1, 2, 2, 2, 1, -2, -2, 1, 2, 1, -2, -2, -2, -1, -1, -2, -1, 2]"
675,dfs_bnb_mpi,0.481118,-11,12,116635,"[-1, -1, 2, 1, 2, -1, 2, 1, 2, 1, -2, -2, -2, 1, 2, 1, -2, -2, -1]"
676,dfs_bnb_mpi,1.80634,-10,11,426708,"[-1, -1, 2, 2, 2, 2, 1, 1, 1, -2, -2, -1, 2, -1, -2, -2, 1, 1, -2]"
677,dfs_bnb_mpi,1.27386,-11,12,300777,"[-1, -1, 2, 1, 2, -1, -1, -1, -2, 1, -2, -1, -2, 1, 1, 1, -2, -1, -1]"
678,dfs_bnb_mpi,1.03247,-11,12,241217,"[-1, -1, 2, 2, 2, 1, 2, 1, 2, 1, -2, -2, -1, -2, -1, -2, 1, 1, 2]"
679,dfs_bnb_mpi,0.208244,-11,12,50195,"[-1, -1, 2, 1, 1, 1, -2, -2, -1, -1, -1, -2, 1, 1, -2, 1, 1, 2, -1]"
680,dfs_bnb_mpi,1.29904,-11,12,328302,"[-1, -1, 2, 1, 2, -1, -1, -2, -2, -2, 1, 1, 1, 1, 2, 2, 2, -1, -2]"
681,dfs_bnb_mpi,5.00114,-10,11,1169207,"[-1, -1, 2, 1, 2, 2, 1, -2, 1, 2, 2, 1, -2, -2, -2, -2, -1, 2, -1]"
682,dfs_bnb_mpi,3.10866,-11,12,695006,"[-1, -1, 2, 1, 2, 1, -2, 1, -2, 1, -2, -1, -1, -1, -1, -2, 1, 1, 1]"
683,dfs_bnb_mpi,1.67663,-11,12,420473,"[-1, -2, 1, 1, 1, 2, -1, 2, 1, 2, -1, 2, 2, -1, -2, -2, -1, -2, 1]"
684,dfs_bnb_mpi,1.27823,-10,11,287653,"[-1, -1, 2, 1, 1, 1, -2, 1, -2, -1, -1, -1, -1, -2, 1, 1, 1, 1, 1]"
685,dfs_bnb_mpi,3.18956,-10,11,808873,"[-1, -1, 2, 2, 2, 1, 2, -1, 2, 1, 1, -2, -2, 1, -2, -1, -1, -2, 1]"
686,dfs_bnb_mpi,4.9257,-10,11,1136264,"[-1, -1, 2, 2, 2, 1, 1, 1, 1, -2, -1, -1, -1, -2, 1, 1, 1, -2, -1]"
687,dfs_bnb_mpi,1.34869,-10,11,300962,"[-1, -1, 2, -1, -2, -1, -1, -2, 1, 1, 1, 1, 1, -2, -1, -1, -1, -1, -1]"
688,dfs_bnb_mpi,1.13189,-10,11,273375,"[-1, -1, 2, 2, 1, -2, 1, 2, 1, -2, -2, 1, 2, 2, 2, -1, -1, -1, 2]"
689,dfs_bnb_mpi,1.62336,-11,12,369693,"[-1, -2, 1, 1, 1, -2, 1, -2, -1, -2, -1, 2, 2, -1, -1, -2, -2, 1, 2]"
690,dfs_bnb_mpi,5.94488,-10,11,1332877,"[-1, -1, 2, 1, 2, 2, 2, 1, 1, 1, -2, -1, -1, -2, 1, 1, -2, -1, -1]"
691,dfs_bnb_mpi,1.34336,-11,12,320697,"[-1, -1, 2, -1, 2, 1, 2, 1, -2, -2, 1, 1, 2, -1, 2, 1, 2, -1, -1]"
692,dfs_bnb_mpi,0.350966,-11,12,91980,"[-1, -1, 2, 1, 1, 1, -2, -2, -1, -1, -1, -2, 1, -2, 1, 2, 1, -2, 1]"
693,dfs_bnb_mpi,1.34019,-11,12,312948,"[-1, -1, 2, 2, 2, 1, 1, 1, -2, -1, -1, -2, 1, 1, -2, -2, -1, -1, -1]"
694,dfs_bnb_mpi,4.89124,-11,12,1131940,"[-1, -2, 1, 1, 2, 1, 1, 2, 2, 2, -1, -1, -1, -2, 1, 1, -2, -1, -1]"
695,dfs_bnb_mpi,0.903665,-11,12,234500,"[-1, -1, 2, 2, 1, -2, 1, 1, 2, -1, 2, -1, -1, -1, -2, -1, -2, 1, -2]"
696,dfs_bnb_mpi,0.588352,-11,12,139741,"[-1, -1, 2, 2, 2, 2, 1, 1, -2, -1, -2, -2, 1, 2, 1, -2, 1, -2, -1]"
697,dfs_bnb_mpi,2.4413,-11,12,649040,"[-1, -2, 1, 1, 2, 2, 1, -2, -2, -2, -1, -2, -2, -1, -1, 2, 2, 1, -2]"
698,dfs_bnb_mpi,1.1819,-11,12,268597,"[-1, -1, 2, 2, 2, 2, 1, 1, 1, -2, -1, -1, -2, -2, 1, 2, 1, -2, -2]"
699,dfs_bnb_mpi,0.798734,-10,11,216073,"[-1, -1, 2, 2, 2, 2, 2, 1, -2, -2, -2, -2, 1, 2, 1, 2, 2, -1, -2]"
700,dfs_bnb_mpi,1.0946,-11,12,286746,"[-1, -1, 2, 2, 2, 1, -2, -2, 1, 2, 2, 1, 1, -2, -2, -2, -1, 2, 2]"
701,dfs_bnb_mpi,2.07662,-10,11,475544,"[-1, -1, 2, 2, -1, -1, -1, -2, -1, -2, -2, 1, 2, 1, 2, 1, -2, -2, -1]"
702,dfs_bnb_mpi,3.04621,-11,11,694951,"[-1, -1, 2, 1, 2, 2, 1, 2, 1, -2, 1, -2, -1, -1, -2, 1, 1, -2, -1]"
703,dfs_bnb_mpi,6.07308,-10,11,1393829,"[-1, -1, 2, 1, 2, 2, 2, 1, 1, 1, -2, -2, -2, -1, 2, 2, -1, -2, -2]"
704,dfs_bnb_mpi,1.22014,-11,12,275410,"[-1, -1, 2, 1, 2, -1, 2, -1, -1, -1, -2, 1, 1, -2, -1, -1, -2, 1, 1]"
705,dfs_bnb_mpi,0.816952,-11,12,213740,"[-1, -1, 2, 2, 2, 1, 1, -2, -1, -2, 1, 1, 2, 1, 2, -1, 2, -1, -1]"
706,dfs_bnb_mpi,2.88139,-11,12,709945,"[-1, -2, 1, 1, 2, 2, 2, 1, -2, 1, -2, -1, -2, 1, -2, -1, -1, -1, -1]"
707,dfs_bnb_mpi,4.34619,-11,12,963431,"[-1, -2, 1, 1, 2, 2, 1, -2, -2, -2, 1, 2, 2, 2, 2, -1, -1, -1, -2]"
708,dfs_bnb_mpi,5.47914,-11,12,1220348,"[-1, -2, -1, -2, 1, -2, 1, 1, 2, -1, 2, 1, 2, 1, 1, -2, -1, -2, 1]"
709,dfs_bnb_mpi,5.09308,-10,11,1136633,"[-1, -1, 2, 2, -1, -1, 2, -1, -2, -2, -2, -2, 1, 2, 2, 1, -2, -2, 1]"
710,dfs_bnb_mpi,1.01255,-11,12,252506,"[-1, -1, -1, 2, 2, 1, -2, 1, 1, 2, -1, 2, 1, 2, -1, -1, -1, -2, 1]"
711,dfs_bnb_mpi,2.41499,-11,12,606419,"[-1, -1, 2, 1, 2, 2, 2, 1, 1, -2, -1, -2, 1, 1, -2, -2, -1, 2, -1]"
712,dfs_bnb_mpi,1.24369,-11,11,310845,"[-1, -2, 1, 1, 2, 2, -1, 2, 1, 1, -2, -2, -2, 1, 2, 2, 2, 2, -1]"
713,dfs_bnb_mpi,2.93754,-11,11,714862,"[-1, -1, 2, 2, 2, 1, 1, -2, 1, 1, -2, 1, -2, -1, -1, 2, -1, -1, 2]"
714,dfs_bnb_mpi,0.437708,-11,12,112342,"[-1, -1, 2, 2, 2, 1, -2, -2, 1, 2, 2, 1, -2, -2, 1, -2, -1, -2, -1]"
715,dfs_bnb_mpi,1.06607,-10,11,256359,"[-1, -1, 2, 2, 2, 2, 2, 1, -2, 1, 1, -2, -1, -1, -2, -2, 1, 2, 1]"
716,dfs_bnb_mpi,2.9924,-11,12,681559,"[-1, -1, 2, 2, 1, -2, 1, 1, -2, 1, -2, -2, -1, 2, -1, -2, -1, 2, -1]"
717,dfs_bnb_mpi,1.1848,-11,12,275461,"[-1, -1, 2, 2, 2, 1, 2, 1, 2, 1, -2, -2, -1, -2, 1, -2, -1, -1, 2]"
718,dfs_bnb_mpi,1.40293,-10,11,318320,"[-1, -1, -1, 2, 2, 2, 2, 1, 1, 1, -2, -1, -1, -2, -2, 1, 2, 1, 1]"
719,dfs_bnb_mpi,0.841469,-11,11,211375,"[-1, -1, 2, 1, 2, 1, -2, 1, 2, 1, -2, -2, -1, -2, -1, -1, -1, -1, 2]"
720,dfs_bnb_mpi,2.85176,-11,11,650540,"[-1, -1, 2, 2, 1, -2, 1, 2, 1, -2, -2, -2, -1, -1, -1, -2, 1, 1, 1]"
721,dfs_bnb_mpi,1.27244,-11,12,340279,"[-1, -1, 2, 1, 1, 2, 2, -1, -2, -1, -1, -2, -2, -1, -2, 1, 1, 1, 1]"
722,dfs_bnb_mpi,1.31506,-11,12,309257,"[-1, -1, 2, 2, 2, 2, 2, 1, 1, -2, -1, -2, 1, -2, 1, -2, -1, -1, 2]"
723,dfs_bnb_mpi,4.66677,-11,12,1093289,"[-1, -2, -1, -2, 1, 1, 2, 1, -2, 1, -2, -1, -2, -1, 2, -1, -1, -2, 1]"
724,dfs_bnb_mpi,0.511386,-10,11,117598,"[-1, -1, 2, -1, -2, -2, 1, 1, 1, -2, -1, -1, -1, -2, 1, 1, 1, 1, 2]"
725,dfs_bnb_mpi,1.22452,-11,12,283625,"[-1, -1, 2, 2, 1, -2, 1, 1, -2, 1, -2, -1, -2, -1, 2, -1, -1, -2, 1]"
726,dfs_bnb_mpi,2.13626,-12,13,513213,"[-1, -2, -2, -2, -2, 1, 1, 1, 2, -1, -1, 2, 2, 1, 2, 1, -2, -2, -1]"
727,dfs_bnb_mpi,1.25202,-11,12,295834,"[-1, -1, 2, 2, 1, -2, 1, 2, 1, -2, -2, -2, -1, -1, -1, -2, 1, 1, 1]"
728,dfs_bnb_mpi,1.15346,-10,10,264917,"[-1, -1, 2, 2, 2, 2, 1, 2, 2, 1, -2, -2, -2, -1, -2, -2, 1, 2, 1]"
729,dfs_bnb_mpi,0.73155,-11,12,198108,"[-1, -1, 2, 1, 2, 1, -2, 1, 2, 1, -2, -2, -1, -2, -1, -1, -1, -1, 2]"
730,dfs_bnb_mpi,1.48754,-10,11,337816,"[-1, -2, 1, 1, 2, 2, 2, 1, 1, -2, -1, -2, 1, -2, -1, -2, -1, -1, -1]"
731,dfs_bnb_mpi,4.98081,-10,11,1242254,"[-1, -1, 2, 2, 2, 1, 2, 2, 1, -2, 1, -2, -2, -2, -1, -1, 2, 1, 2]"
732,dfs_bnb_mpi,5.26151,-10,11,1193122,"[-1, -1, 2, 2, 2, 2, 2, 1, -2, 1, 1, -2, -1, -1, -2, -2, 1, 2, 1]"
733,dfs_bnb_mpi,0.165083,-10,11,41065,"[-1, -1, 2, 2, 2, 1, 1, 1, -2, -1, -1, -2, 1, 1, 1, 1, -2, -1, -1]"
734,dfs_bnb_mpi,0.457759,-10,11,110693,"[-1, -1, 2, 2, 1, -2, 1, 2, 2, 1, 1, -2, -1, -2, 1, -2, -1, -2, 1]"
735,dfs_bnb_mpi,1.17674,-10,11,298042,"[-1, -1, 2, 2, 1, -2, 1, 1, 2, -1, 2, 1, 2, -1, -1, -2, -1, 2, 2]"
736,dfs_bnb_mpi,3.25822,-11,12,765370,"[-1, -1, 2, 1, 1, 1, 1, -2, -1, -2, 1, -2, -1, -1, 2, -1, -1, -2, 1]"
737,dfs_bnb_mpi,2.09923,-11,12,530609,"[-1, -2, 1, 1, 2, 2, -1, 2, 2, 1, -2, 1, -2, -2, -2, -2, -1, -1, -1]"
738,dfs_bnb_mpi,4.49184,-11,12,1075660,"[-1, -2, -1, 2, 2, 1, 2, -1, -1, -1, -1, -2, -2, 1, 2, 1, -2, -2, -1]"
739,dfs_bnb_mpi,2.51455,-10,11,628193,"[-1, -1, 2, 2, 2, -1, -2, -2, -2, -1, -2, -1, 2, 2, 2, 2, 1, -2, -2]"
740,dfs_bnb_mpi,3.06437,-11,12,836887,"[-1, -2, 1, 1, -2, -1, -1, -2, 1, 1, -2, -1, -1, -2, -1, 2, 2, 2, 2]"
741,dfs_bnb_mpi,5.33299,-10,11,1234806,"[-1, -1, 2, -1, -2, -1, -2, 1, 1, 1, 1, 1, 2, 2, 2, -1, -1, -2, 1]"
742,dfs_bnb_mpi,1.11854,-10,11,278885,"[-1, -1, 2, 2, -1, -2, -2, -1, 2, 2, -1, 2, 1, 1, 1, 1, -2, -2, 1]"
743,dfs_bnb_mpi,1.18039,-12,13,306328,"[-1, -2, -2, -1, 2, 2, 2, 2, 1, -2, 1, 2, 1, -2, -2, -2, -2, -1, 2]"
744,dfs_bnb_mpi,0.081771,-10,9,19451,"[-1, -1, 2, 2, 2, 2, 1, -2, 1, -2, -1, -2, 1, 1, 2, 2, 2, -1, 2]"
745,dfs_bnb_mpi,1.0043,-10,11,261689,"[-1, -1, 2, 2, -1, -2, -2, -1, 2, 2, 2, 1, 2, 1, -2, 1, -2, -2, 1]"
746,dfs_bnb_mpi,2.78428,-11,12,674280,"[-1, -1, 2, 2, 1, -2, 1, 2, 1, -2, -2, -2, -2, -1, 2, -1, -1, -2, 1]"
747,dfs_bnb_mpi,0.307393,-11,11,79058,"[-1, -1, 2, 2, 2, 1, 1, -2, -1, -2, 1, 1, 2, 2, 1, -2, -2, -2, -1]"
748,dfs_bnb_mpi,1.21004,-10,10,278643,"[-1, -1, 2, 2, -1, -2, -2, -1, 2, 2, 2, 1, 2, 1, -2, 1, -2, -2, 1]"
749,dfs_bnb_mpi,2.77069,-11,12,673855,"[-1, -1, 2, 1, 2, -1, 2, 1, 2, -1, -1, -2, -1, -2, 1, -2, -1, -2, 1]"
750,dfs_bnb_mpi,1.24978,-11,12,300121,"[-1, -1, 2, 1, 2, 1, -2, 1, -2, -2, 1, -2, -1, -1, 2, -1, -1, -2, 1]"
751,dfs_bnb_mpi,3.16616,-11,12,758425,"[-1, -1, 2, -1, 2, -1, 2, 1, 2, 1, 1, -2, 1, -2, -2, -1, 2, -1, 2]"
752,dfs_bnb_mpi,0.661368,-10,11,163231,"[-1, -1, 2, 2, 1, -2, 1, 1, 2, -1, 2, -1, -1, 2, 1, 1, 1, -2, 1]"
753,dfs_bnb_mpi,1.42529,-11,12,333263,"[-1, -1, 2, 1, 1, 1, -2, 1, 2, 2, 2, -1, -2, -1, 2, -1, -1, -2, 1]"
754,dfs_bnb_mpi,0.576456,-11,12,140078,"[-1, -1, 2, 2, 1, -2, 1, 1, -2, -2, -1, -1, -1, -1, -1, 2, 2, 1, -2]"
755,dfs_bnb_mpi,2.33238,-10,11,538924,"[-1, -1, 2, 2, 2, 2, -1, -2, -1, -1, -2, 1, 1, -2, -1, -1, -2, 1, 1]"
756,dfs_bnb_mpi,2.47161,-11,12,659232,"[-1, -1, 2, 1, 2, 2, 1, 1, -2, -1, -2, 1, 1, -2, -1, -2, -1, -1, -1]"
757,dfs_bnb_mpi,0.417029,-11,11,96313,"[-1, -1, 2, 2, 2, 1, 2, 1, 1, -2, -1, -2, -1, -2, 1, 1, 1, 2, -1]"
758,dfs_bnb_mpi,3.14272,-11,12,722974,"[-1, -1, 2, 1, 2, -1, -1, -2, -1, -2, -2, -2, 1, 1, 1, 2, -1, -1, 2]"
759,dfs_bnb_mpi,0.343494,-10,11,94377,"[-1, -1, 2, 2, 1, -2, 1, 2, 2, -1, 2, 1, 1, -2, 1, -2, -1, -2, 1]"
760,dfs_bnb_mpi,6.27106,-10,11,1443605,"[-1, -1, 2, -1, -1, -2, 1, -2, 1, 1, -2, -2, -1, 2, -1, -2, -1, 2, 2]"
761,dfs_bnb_mpi,3.31457,-11,12,773381,"[-1, -1, 2, 2, 2, 1, 1, 1, 1, -2, -2, -2, -1, 2, 2, -1, -1, -2, 1]"
762,dfs_bnb_mpi,0.572456,-11,12,146601,"[-1, -1, 2, 2, 1, -2, 1, 2, 2, -1, 2, 1, 1, -2, 1, -2, -2, -1, 2]"
763,dfs_bnb_mpi,0.419924,-10,11,98130,"[-1, -1, 2, 2, -1, -2, -1, 2, 2, 1, 1, 1, -2, -2, 1, 2, 1, -2, 1]"
764,dfs_bnb_mpi,1.16598,-10,11,272684,"[-1, -1, 2, 2, -1, -2, -2, -1, 2, 2, -1, -2, -2, -2, 1, 1, 1, 1, 1]"
765,dfs_bnb_mpi,0.504287,-10,11,122097,"[-1, -1, 2, 2, 1, -2, 1, 2, 1, 1, -2, -1, -2, 1, -2, -1, -1, -1, -1]"
766,dfs_bnb_mpi,1.50694,-11,12,359902,"[-1, -1, 2, -1, -2, -1, -2, -2, -2, 1, 2, 2, 1, 1, 1, -2, -1, -1, -2]"
767,dfs_bnb_mpi,0.523036,-10,11,126404,"[-1, -1, 2, 2, 1, -2, 1, 2, 1, 1, -2, -1, -2, 1, -2, -1, -1, -1, -1]"
768,dfs_bnb_mpi,1.48696,-12,13,350074,"[-1, -2, 1, 1, 2, 1, -2, -2, -2, -2, -1, 2, 2, -1, -1, -2, -2, 1, 2]"
769,dfs_bnb_mpi,5.39053,-10,11,1251535,"[-1, -1, 2, 2, 2, 2, 2, 1, 1, -2, 1, -2, -1, -2, -2, -1, 2, 2, 2]"
770,dfs_bnb_mpi,1.45168,-11,12,337187,"[-1, -2, -2, -2, 1, -2, 1, 2, 2, -1, 2, 1, 2, 1, -2, -2, -2, -2, 1]"
771,dfs_bnb_mpi,0.286167,-11,12,67318,"[-1, -1, 2, 1, 2, -1, 2, 1, 1, 1, -2, -1, -2, 1, -2, 1, 2, 2, 2]"
772,dfs_bnb_mpi,2.78458,-11,12,721505,"[-1, -1, -1, -1, 2, 2, 2, 2, 1, -2, 1, -2, 1, 1, -2, -1, -1, -1, 2]"
773,dfs_bnb_mpi,0.974953,-10,10,253301,"[-1, -1, 2, 2, -1, -2, -2, -1, -1, 2, 1, 2, 2, 1, 1, 1, -2, -2, 1]"
774,dfs_bnb_mpi,0.147625,-9,10,35985,"[-1, -1, 2, 2, 2, 2, 1, -2, 1, -2, -1, -2, 1, 1, 2, 2, 2, 2, 2]"
775,dfs_bnb_mpi,1.24139,-11,12,289788,"[-1, -1, 2, 2, 2, 1, 1, 1, 1, -2, -1, -1, -1, -2, 1, 1, 1, -2, -1]"
776,dfs_bnb_mpi,0.305447,-10,10,78132,"[-1, -1, 2, 2, 1, -2, 1, 2, 2, 1, -2, -2, -2, 1, -2, -1, -1, -1, -1]"
777,dfs_bnb_mpi,1.27796,-11,12,300163,"[-1, -1, 2, 1, 2, 1, -2, 1, -2, 1, -2, -1, -1, -1, -1, -2, 1, 1, 1]"
778,dfs_bnb_mpi,0.413191,-10,10,103972,"[-1, -1, 2, 2, -1, -2, -2, -2, 1, 1, 1, 1, 2, 2, -1, -1, 2, 2, 2]"
779,dfs_bnb_mpi,0.360586,-11,12,94545,"[-1, -1, 2, 1, 2, -1, 2, 1, 1, -2, 1, 2, 1, 1, -2, -1, -2, -1, -1]"
780,dfs_bnb_mpi,0.492827,-11,12,122720,"[-1, -1, -1, 2, 1, 1, 2, -1, -1, 2, 1, 1, 1, 1, -2, -1, -2, 1, 1]"
781,dfs_bnb_mpi,0.963286,-11,12,246959,"[-1, -1, 2, 1, 2, 2, 2, 1, 1, -2, -1, -2, 1, 1, -2, -2, -1, 2, -1]"
782,dfs_bnb_mpi,1.24073,-11,12,288328,"[-1, -1, 2, 2, 2, 1, 2, 1, -2, -2, -1, -2, 1, 1, 2, 1, -2, -2, -1]"
783,dfs_bnb_mpi,2.9516,-11,12,740981,"[-1, -1, 2, 1, 2, 2, 1, 2, 1, -2, 1, -2, -2, -2, -1, 2, 2, -1, -2]"
784,dfs_bnb_mpi,4.20231,-11,12,983409,"[-1, -2, 1, 1, 2, 2, 1, -2, -2, 1, -2, -1, -2, -1, 2, -1, -1, -2, 1]"
785,dfs_bnb_mpi,4.31626,-11,11,960828,"[-1, -2, 1, 1, 2, 2, 1, 2, 1, -2, -2, -1, -2, 1, -2, -1, -1, -1, -1]"
786,dfs_bnb_mpi,1.78362,-11,12,458994,"[-1, -1, 2, 2, 2, 2, 1, -2, 1, 2, 2, 1, -2, -2, -2, -1, -1, -2, 1]"
787,dfs_bnb_mpi,1.90674,-10,11,487884,"[-1, -1, 2, 2, 2, 2, 1, -2, 1, 2, 1, -2, -2, -1, -1, -2, 1, 1, -2]"
788,dfs_bnb_mpi,3.47154,-11,12,813875,"[-1, -1, 2, -1, -2, -1, -2, 1, 1, 1, 1, -2, -2, -1, 2, -1, -1, -2, 1]"
789,dfs_bnb_mpi,2.76532,-11,12,684164,"[-1, -1, 2, 1, 1, 1, 1, -2, -2, -2, -1, -1, -1, -1, 2, 1, 1, 1, 2]"
790,dfs_bnb_mpi,2.74699,-11,11,718390,"[-1, -1, 2, 1, 1, 2, -1, -1, 2, -1, -2, -2, -1, -2, 1, -2, 1, 1, 1]"
791,dfs_bnb_mpi,2.21796,-10,11,517117,"[-1, -1, 2, 2, 2, 1, 2, 1, 1, 1, -2, -2, -1, 2, -1, -2, -2, -1, 2]"
792,dfs_bnb_mpi,0.524756,-10,10,124856,"[-1, -1, 2, 2, -1, -2, -2, -1, 2, 2, 2, 1, 1, 2, 1, -2, -2, -2, 1]"
793,dfs_bnb_mpi,1.20229,-10,11,289180,"[-1, -1, 2, 1, 2, -1, 2, -1, -1, -1, -2, -2, 1, 2, 1, -2, -2, -1, -1]"
794,dfs_bnb_mpi,4.97156,-10,10,1125712,"[-1, -1, 2, 2, 2, 2, 2, 1, 2, 1, -2, -2, -1, -2, 1, -2, -1, -2, 1]"
795,dfs_bnb_mpi,1.17193,-11,12,273511,"[-1, -1, 2, 1, 2, 1, -2, 1, -2, -2, -2, -1, 2, -1, -1, -1, -2, 1, 1]"
796,dfs_bnb_mpi,1.25082,-11,12,289032,"[-1, -1, 2, -1, 2, 2, -1, 2, 1, 1, -2, -2, 1, -2, 1, 2, 2, -1, 2]"
797,dfs_bnb_mpi,0.465309,-11,12,106073,"[-1, -1, 2, 2, 1, -2, 1, 1, -2, -2, -1, -1, -1, -2, 1, 1, -2, 1, 2]"
798,dfs_bnb_mpi,2.43909,-11,12,656165,"[-1, -1, 2, 2, 2, 1, 2, -1, 2, 1, 1, -2, 1, -2, -1, -2, -1, -2, 1]"
799,dfs_bnb_mpi,2.13798,-11,12,508585,"[-1, -2, 1, 1, 2, 2, -1, 2, 1, 2, 1, -2, 1, -2, -2, -2, -1, 2, 2]"
800,dfs_bnb_mpi,0.281934,-10,11,76254,"[-1, -1, 2, 2, 2, 1, -2, -2, 1, 2, 1, -2, 1, -2, -1, -2, -1, -1, -1]"
801,dfs_bnb_mpi,1.77617,-11,12,441509,"[-1, -1, 2, 2, 1, -2, 1, 2, 2, 2, -1, -2, -1, 2, -1, -2, -2, -2, -2]"
802,dfs_bnb_mpi,0.756487,-11,12,192188,"[-1, -1, 2, 2, 1, -2, 1, 1, -2, -2, -1, -1, -1, -1, 2, 2, -1, 2, 1]"
803,dfs_bnb_mpi,0.318992,-11,12,87115,"[-1, -1, 2, 2, 2, 1, -2, -2, 1, 2, 2, 2, 1, -2, -2, 1, -2, -1, -2]"
804,dfs_bnb_mpi,3.99376,-11,12,902036,"[-1, -1, 2, -1, -2, -1, 2, -1, -2, -2, -2, 1, 2, 1, 1, 1, -2, -1, -1]"
805,dfs_bnb_mpi,1.18103,-11,12,279094,"[-1, -1, 2, 1, 2, -1, 2, 1, 2, 1, 2, 1, -2, -2, -2, -2, -1, 2, 2]"
806,dfs_bnb_mpi,0.373658,-11,12,90222,"[-1, -1, 2, 2, 1, -2, 1, 1, 2, -1, 2, -1, -1, 2, 1, 1, 1, -2, 1]"
807,dfs_bnb_mpi,0.756646,-10,10,194125,"[-1, -1, 2, 2, -1, -2, -1, 2, 2, 2, 1, -2, 1, 1, -2, -2, 1, 2, 2]"
808,dfs_bnb_mpi,1.11786,-11,11,295200,"[-1, -1, 2, 2, 1, -2, 1, 2, 2, -1, -1, -1, -1, -2, -2, -2, 1, 2, 2]"
809,dfs_bnb_mpi,0.479151,-12,13,116500,"[-1, -2, -1, -1, 2, 1, 2, -1, 2, 1, 1, -2, 1, 2, 1, -2, -2, -2, -1]"
810,dfs_bnb_mpi,0.633762,-12,13,159861,"[-1, -2, 1, 1, 2, 2, 2, -1, -2, -1, -1, -2, -2, -1, 2, 2, 2, 1, 1]"
811,dfs_bnb_mpi,1.06673,-11,12,293310,"[-1, -1, 2, 1, 2, 1, 2, 1, -2, 1, 2, 1, -2, -2, -1, -2, -1, 2, -1]"
812,dfs_bnb_mpi,3.14017,-11,11,717389,"[-1, -1, 2, -1, 2, 2, 2, 1, 2, 1, -2, -2, 1, -2, -2, -1, 2, -1, 2]"
813,dfs_bnb_mpi,2.72671,-11,12,694634,"[-1, -1, 2, 2, 1, -2, 1, 2, 2, 1, 1, 1, -2, -2, -1, 2, -1, -2, -2]"
814,dfs_bnb_mpi,5.29251,-11,12,1207123,"[-1, -2, -1, -2, 1, 1, 2, 1, 2, 2, 1, 1, -2, -1, -2, 1, -2, -1, -1]"
815,dfs_bnb_mpi,1.14867,-10,11,263242,"[-1, -1, 2, 2, -1, -2, -1, -2, 1, -2, 1, 1, 1, 1, 2, 2, -1, -1, 2]"
816,dfs_bnb_mpi,1.45402,-11,12,343709,"[-1, -1, 2, 1, 2, 2, 1, 2, 1, -2, -2, -1, -2, 1, -2, 1, 2, 2, 2]"
817,dfs_bnb_mpi,1.81857,-11,12,414729,"[-1, -2, 1, 1, -2, -1, -1, -1, 2, -1, -2, -2, -2, 1, 2, 1, 1, -2, -1]"
818,dfs_bnb_mpi,0.385688,-10,11,102990,"[-1, -1, 2, 2, 2, 1, -2, -2, 1, 2, 1, 2, -1, 2, -1, 2, -1, -2, -1]"
819,dfs_bnb_mpi,0.306816,-11,12,77502,"[-1, -1, 2, 1, 2, 2, 1, -2, -2, 1, 2, 2, 1, -2, -2, -2, -2, -1, 2]"
820,dfs_bnb_mpi,1.23808,-11,12,285090,"[-1, -1, 2, 2, 1, -2, 1, 2, 2, 2, 1, 1, -2, -1, -2, 1, -2, -1, -2]"
821,dfs_bnb_mpi,2.76378,-11,12,700475,"[-1, -1, -1, 2, 1, 1, 1, 1, -2, -2, -1, -1, -2, -2, -1, 2, 2, -1, -2]"
822,dfs_bnb_mpi,1.11757,-10,11,255593,"[-1, -1, 2, 1, 1, 1, -2, -2, -1, -1, -1, -1, 2, 2, 2, 1, 1, 1, 2]"
823,dfs_bnb_mpi,0.847662,-10,11,220207,"[-1, -1, 2, 2, -1, -2, -2, -1, 2, 2, 2, 1, 1, 1, -2, -2, 1, 2, 2]"
824,dfs_bnb_mpi,4.79838,-10,11,1201281,"[-1, -1, 2, 2, -1, -1, -2, 1, -2, -1, -2, 1, 1, -2, -1, -1, -1, 2, 2]"
825,dfs_bnb_mpi,5.18908,-10,11,1171760,"[-1, -1, 2, -1, -2, -1, -2, 1, -2, -2, 1, 2, 2, 1, 1, -2, -1, -2, 1]"
826,dfs_bnb_mpi,0.289763,-11,12,67069,"[-1, -1, 2, -1, -2, -2, 1, -2, 1, 2, 1, -2, 1, 2, 2, 2, -1, -1, 2]"
827,dfs_bnb_mpi,1.81278,-11,12,485349,"[-1, -2, 1, 1, 2, 2, 1, -2, -2, -2, -2, -1, -2, -1, 2, -1, 2, 1, 1]"
828,dfs_bnb_mpi,0.286033,-10,11,67077,"[-1, -2, 1, 1, 2, 1, -2, 1, -2, -2, -1, 2, -1, -1, -2, 1, -2, 1, 1]"
829,dfs_bnb_mpi,0.517621,-11,12,125644,"[-1, -1, 2, 2, 2, 1, -2, -2, 1, 2, 1, 2, -1, 2, 1, 2, -1, -1, -2]"
830,dfs_bnb_mpi,1.02914,-11,12,259480,"[-1, -1, 2, 1, 2, 2, 2, 1, -2, -2, -2, 1, 1, 2, -1, 2, 2, 1, -2]"
831,dfs_bnb_mpi,1.55859,-11,12,397766,"[-1, -1, -1, 2, 2, 1, -2, 1, 2, 2, -1, -1, 2, 1, 1, 1, -2, -2, -2]"
832,dfs_bnb_mpi,1.13508,-11,12,293876,"[-1, -1, 2, 1, 2, -1, 2, 1, 1, -2, 1, 2, 2, 1, -2, -2, -2, -1, -1]"
833,dfs_bnb_mpi,0.324456,-11,11,90702,"[-1, -1, 2, 2, 1, -2, 1, 1, 2, -1, 2, 1, 1, 1, -2, -1, -2, -2, -1]"
834,dfs_bnb_mpi,0.698182,-10,11,161315,"[-1, -2, 1, 1, 2, 2, 1, -2, -2, 1, 2, 2, 2, -1, -1, -1, -2, -1, 2]"
835,dfs_bnb_mpi,2.43068,-11,12,627660,"[-1, -1, 2, 2, 2, 2, 1, -2, 1, -2, 1, 1, -2, -2, -1, 2, -1, -1, 2]"
836,dfs_bnb_mpi,2.50044,-11,12,648874,"[-1, -1, 2, 2, 2, 2, 1, -2, 1, -2, 1, 1, -2, -2, -1, 2, -1, -1, 2]"
837,dfs_bnb_mpi,2.16363,-11,12,550503,"[-1, -1, 2, 1, 1, 1, -2, 1, 2, 2, 2, -1, -1, -1, -1, -2, 1, 1, 1]"
838,dfs_bnb_mpi,3.40097,-11,12,790574,"[-1, -1, 2, -1, -2, -1, -2, -2, -2, 1, 2, 2, 1, 1, 1, -2, -1, -1, -2]"
839,dfs_bnb_mpi,1.8126,-11,12,449720,"[-1, -1, 2, 1, 2, 1, -2, 1, 1, -2, -1, -2, -1, -1, -2, 1, 1, 1, 2]"
840,dfs_bnb_mpi,1.91517,-10,11,446784,"[-1, -1, 2, 2, 2, 1, 2, 1, 1, 1, -2, -1, -1, -2, -1, -2, 1, 1, 2]"
841,dfs_bnb_mpi,10.5637,-9,10,2229083,"[-1, -1, 2, 2, 2, 2, 1, 2, 1, -2, 1, -2, -1, -1, -2, -2, 1, 2, 1]"
842,dfs_bnb_mpi,3.12093,-11,12,814908,"[-1, -2, 1, 1, 2, 2, 1, -2, 1, -2, -2, -2, -1, -1, -1, 2, 1, 1, 2]"
843,dfs_bnb_mpi,0.361629,-11,12,95638,"[-1, -1, 2, 2, 2, 2, 1, -2, -2, -2, 1, 2, 1, 1, 2, -1, 2, -1, -2]"
844,dfs_bnb_mpi,3.24132,-11,12,825561,"[-1, -2, -1, -2, 1, 1, 2, 1, 1, -2, -1, -2, -1, -1, -2, 1, 1, 1, 2]"
845,dfs_bnb_mpi,0.456806,-11,12,119757,"[-1, -1, 2, 2, 2, 1, 1, -2, -1, -2, 1, 1, -2, -2, -1, -2, -1, 2, -1]"
846,dfs_bnb_mpi,2.59918,-11,12,647810,"[-1, -1, 2, 2, 1, -2, 1, 1, -2, 1, -2, -1, -2, -1, 2, -1, -1, -2, 1]"
847,dfs_bnb_mpi,0.310502,-11,12,84074,"[-1, -1, 2, 2, 2, 1, -2, -2, 1, 2, 2, 1, -2, 1, -2, -1, -2, 1, 1]"
848,dfs_bnb_mpi,3.01015,-11,12,750109,"[-1, -1, 2, 1, 2, 1, -2, 1, -2, -2, -2, -2, -1, 2, 2, -1, -1, -2, 1]"
849,dfs_bnb_mpi,5.70485,-10,11,1327395,"[-1, -1, 2, 2, -1, -1, 2, -1, -2, -2, 1, 1, -2, -1, -1, -2, 1, 1, 1]"
850,dfs_bnb_mpi,1.7114,-11,12,432803,"[-1, -1, 2, 1, 2, -1, -1, -2, -1, -2, 1, -2, 1, 1, -2, -1, -1, -1, 2]"
851,dfs_bnb_mpi,2.726,-11,12,709737,"[-1, -1, 2, 2, -1, -2, -2, -2, 1, -2, 1, 2, 1, 1, 2, 2, -1, -1, 2]"
852,dfs_bnb_mpi,3.00345,-11,12,704683,"[-1, -1, 2, 1, 2, -1, 2, -1, -2, -1, 2, -1, -2, -2, 1, 1, -2, -1, -1]"
853,dfs_bnb_mpi,0.953401,-11,12,244993,"[-1, -1, 2, 2, 1, -2, 1, 2, 2, -1, -1, -1, -1, -2, 1, -2, -1, -2, 1]"
854,dfs_bnb_mpi,5.424,-10,11,1262101,"[-1, -1, 2, 2, 2, 2, -1, -1, -2, 1, -2, -1, -1, -2, 1, 1, -2, -1, -1]"
855,dfs_bnb_mpi,5.07526,-10,11,1149415,"[-1, -1, 2, 2, 2, 1, 2, 1, 1, 1, -2, -2, -1, 2, -1, -2, -1, -2, 1]"
856,dfs_bnb_mpi,4.48757,-11,12,1010590,"[-1, -2, -1, -2, 1, -2, -2, 1, 1, 2, 2, 1, 2, 2, -1, -2, -1, -2, -2]"
857,dfs_bnb_mpi,2.08037,-10,11,547636,"[-1, -1, 2, 2, 1, -2, 1, 2, 2, 2, -1, -2, -1, -1, -2, -1, -2, 1, -2]"
858,dfs_bnb_mpi,1.92372,-11,12,456317,"[-1, -2, 1, 1, 2, 2, 1, -2, 1, 2, 2, 2, -1, -2, -1, 2, -1, -2, -2]"
859,dfs_bnb_mpi,0.344003,-10,10,88481,"[-1, -1, 2, 2, 2, 2, 2, 1, -2, -2, -2, -2, 1, 1, 2, -1, 2, 2, 2]"
860,dfs_bnb_mpi,2.80025,-11,12,726821,"[-1, -1, 2, 2, 2, 2, 1, -2, 1, 2, 1, -2, 1, -2, -1, -1, -1, -2, 1]"
861,dfs_bnb_mpi,0.805715,-11,11,209957,"[-1, -2, 1, 1, -2, 1, 2, 2, -1, 2, -1, -1, -1, -2, -2, -2, 1, 1, -2]"
862,dfs_bnb_mpi,1.1211,-11,12,263550,"[-1, -1, 2, 2, 1, -2, 1, 2, 2, 2, 1, -2, 1, -2, -1, -2, 1, -2, -1]"
863,dfs_bnb_mpi,0.812059,-11,12,207209,"[-1, -1, 2, 1, 2, -1, 2, -1, -2, -2, -1, 2, 2, -1, -2, -2, -2, 1, 1]"
864,dfs_bnb_mpi,1.59226,-11,12,371709,"[-1, -2, 1, 1, 1, -2, -2, 1, -2, -1, -1, 2, 2, -1, -1, -2, -2, 1, 2]"
865,dfs_bnb_mpi,1.80994,-11,12,490388,"[-1, -1, 2, 1, 2, 2, 1, -2, -2, 1, 2, 2, 1, -2, 1, -2, -1, -2, -1]"
866,dfs_bnb_mpi,0.941817,-10,11,223396,"[-1, -1, 2, 2, 2, 1, 2, 1, 1, -2, -1, -2, -1, -2, 1, 1, 2, 1, 2]"
867,dfs_bnb_mpi,1.41126,-11,12,378765,"[-1, -1, 2, 2, 2, 1, -2, -2, 1, 2, 1, 1, 1, -2, -2, -1, 2, -1, -2]"
868,dfs_bnb_mpi,2.51242,-11,12,636535,"[-1, -1, 2, -1, -1, -1, -2, 1, -2, -1, -2, 1, 1, 1, 1, 2, -1, -1, 2]"
869,dfs_bnb_mpi,1.274,-10,11,293257,"[-1, -1, 2, 2, 2, 2, 1, 1, 1, -2, -1, -1, -2, -2, 1, 2, 1, -2, 1]"
870,dfs_bnb_mpi,1.69699,-11,12,457187,"[-1, -1, 2, -1, -2, -2, 1, 1, 1, -2, -1, -1, -1, -1, -2, 1, 1, 1, 1]"
871,dfs_bnb_mpi,3.02192,-11,12,732684,"[-1, -1, 2, 2, 1, -2, 1, 2, 2, 1, 1, 1, -2, -1, -1, -2, 1, -2, -1]"
872,dfs_bnb_mpi,5.22248,-10,11,1193405,"[-1, -1, 2, 2, 2, 2, 1, 1, 1, -2, -1, -1, -2, -2, 1, 2, 1, -2, -2]"
873,dfs_bnb_mpi,1.07564,-10,11,250010,"[-1, -1, 2, 2, 2, 2, 1, -2, 1, 2, 1, -2, -2, -1, -1, -2, 1, 1, 1]"
874,dfs_bnb_mpi,1.3758,-11,12,328313,"[-1, -1, 2, -1, -2, -1, -2, 1, 1, 1, 1, -2, -1, -1, -1, -1, -1, 2, 2]"
875,dfs_bnb_mpi,0.415267,-11,12,100135,"[-1, -2, -1, 2, 2, 2, 1, -2, 1, 2, 1, -2, -2, -2, -1, -2, -1, -1, -1]"
876,dfs_bnb_mpi,3.25651,-11,12,725886,"[-1, -1, 2, 1, 2, 1, 2, 1, -2, 1, 2, 1, -2, -2, -1, -2, -1, 2, -1]"
877,dfs_bnb_mpi,0.858215,-11,11,211005,"[-1, -1, 2, 1, 1, 2, -1, 2, 1, 1, -2, -2, -2, 1, 2, 2, 2, 2, -1]"
878,dfs_bnb_mpi,3.36179,-10,11,839393,"[-1, -1, 2, 2, 2, 1, 2, 2, 1, 1, -2, -1, -2, 1, -2, -1, -1, -2, 1]"
879,dfs_bnb_mpi,1.21739,-11,12,287492,"[-1, -1, 2, 2, 1, -2, 1, 1, -2, -2, 1, -2, -1, -1, 2, -1, -1, -2, 1]"
880,dfs_bnb_mpi,6.04102,-10,11,1342806,"[-1, -1, 2, 1, 2, 1, 2, -1, 2, 1, 1, 1, -2, -1, -2, 1, -2, -1, -1]"
881,dfs_bnb_mpi,1.34702,-11,12,356124,"[-1, -1, 2, 1, 2, 2, 1, 1, -2, -1, -2, 1, -2, 1, -2, -1, -1, -1, -1]"
882,dfs_bnb_mpi,1.08867,-10,11,270470,"[-1, -1, 2, 2, -1, -1, -2, 1, -2, -2, 1, 1, -2, -1, -1, -1, 2, 2, -1]"
883,dfs_bnb_mpi,3.16658,-11,12,781777,"[-1, -1, -1, 2, 2, 2, 2, 1, -2, -2, 1, 2, 2, 1, -2, -2, -2, -1, -1]"
884,dfs_bnb_mpi,3.2017,-11,11,721700,"[-1, -1, 2, 2, 2, 2, 2, 1, 1, -2, 1, -2, -1, -2, -2, -1, 2, 2, 2]"
885,dfs_bnb_mpi,0.982179,-10,10,258099,"[-1, -1, 2, 2, -1, -2, -1, 2, 2, 1, 1, 2, 1, -2, -2, -2, 1, 2, 2]"
886,dfs_bnb_mpi,1.54738,-11,12,361731,"[-1, -1, 2, 2, 2, 1, 2, 2, 1, -2, 1, -2, -1, -2, 1, -2, -1, -1, 2]"
887,dfs_bnb_mpi,2.08993,-11,12,515078,"[-1, -1, 2, 1, 2, 1, -2, 1, -2, -2, -2, -1, -1, -1, -1, 2, 1, 1, 1]"
888,dfs_bnb_mpi,2.63803,-10,11,634369,"[-1, -1, 2, 2, 2, 1, 2, 1, 2, 1, -2, -2, -1, -2, 1, -2, -1, -1, 2]"
889,dfs_bnb_mpi,1.26307,-11,12,291133,"[-1, -1, 2, 1, 2, 2, 1, 2, 1, -2, 1, -2, -1, -1, -2, 1, 1, -2, -1]"
890,dfs_bnb_mpi,0.154673,-10,10,40222,"[-1, -1, 2, 2, 2, 1, 1, -2, -1, -2, 1, 1, 1, -2, -1, -2, -1, -1, -1]"
891,dfs_bnb_mpi,0.081808,-10,11,19574,"[-1, -1, 2, 2, 2, 1, -2, -2, 1, 2, 2, 1, -2, 1, -2, -1, -2, 1, 1]"
892,dfs_bnb_mpi,1.13763,-11,12,259374,"[-1, -1, 2, 2, 1, -2, 1, 1, 1, -2, -1, -2, -2, -1, 2, -1, -1, -2, 1]"
893,dfs_bnb_mpi,0.530745,-11,12,151376,"[-1, -1, 2, 2, 2, 1, -2, -2, 1, 1, 1, 2, 2, -1, 2, -1, -2, -2, 1]"
894,dfs_bnb_mpi,6.05066,-10,11,1364656,"[-1, -1, 2, -1, 2, -1, -2, -1, -2, -2, 1, 2, 1, -2, 1, 1, -2, -1, -1]"
895,dfs_bnb_mpi,1.53383,-11,12,376738,"[-1, -1, 2, 1, 2, 2, -1, -2, -1, -2, -2, -2, 1, 1, 1, 1, 2, 2, -1]"
896,dfs_bnb_mpi,2.8616,-11,12,730097,"[-1, -1, 2, 2, 2, 1, 1, -2, 1, 2, 1, -2, -2, -2, -1, 2, -1, -1, 2]"
897,dfs_bnb_mpi,3.93163,-10,11,987481,"[-1, -1, 2, 2, 2, 2, -1, -1, -2, 1, -2, -1, -1, -2, -2, 1, 2, 1, -2]"
898,dfs_bnb_mpi,0.753992,-11,11,188644,"[-1, -1, 2, 1, 2, 2, 1, 1, -2, -1, -2, 1, -2, -2, -1, -1, -1, -1, 2]"
899,dfs_bnb_mpi,1.01326,-10,11,234552,"[-1, -1, 2, 2, 2, 1, 2, 1, -2, 1, 1, -2, -1, -1, -1, -2, 1, 1, 1]"
900,dfs_bnb_mpi,0.299843,-11,12,70563,"[-1, -1, 2, 1, 1, 1, -2, -2, -1, -1, -1, -1, 2, 2, 2, 1, 1, 1, 2]"
901,dfs_bnb_mpi,0.884586,-11,12,230801,"[-1, -1, 2, 2, 2, 1, -2, -2, 1, 2, 1, 2, -1, 2, -1, -1, -1, -2, -2]"
902,dfs_bnb_mpi,0.332997,-11,11,86356,"[-1, -1, 2, 2, 1, -2, 1, 2, 2, -1, -1, -1, -2, -1, -2, 1, -2, -2, 1]"
903,dfs_bnb_mpi,3.52299,-11,12,884095,"[-1, -2, 1, 1, 2, 2, -1, 2, 2, 1, 1, 1, -2, -2, -2, -1, 2, 2, -1]"
904,dfs_bnb_mpi,1.17725,-11,12,266134,"[-1, -1, 2, 2, -1, -2, -1, -2, 1, -2, 1, 1, 1, -2, -1, -1, -1, -1, 2]"
905,dfs_bnb_mpi,1.19482,-10,11,272489,"[-1, -1, 2, -1, 2, 2, 2, 1, 2, 1, -2, -2, -1, -2, 1, -2, 1, 2, 2]"
906,dfs_bnb_mpi,1.31894,-11,12,307105,"[-1, -1, 2, 1, 2, 1, -2, 1, -2, -2, -2, -1, 2, -1, -1, -1, -2, 1, 1]"
907,dfs_bnb_mpi,1.23277,-11,12,279159,"[-1, -1, 2, 1, 2, 2, 2, 1, 1, -2, -1, -2, -2, 1, 2, 1, -2, -2, -1]"
908,dfs_bnb_mpi,0.320405,-11,12,82569,"[-1, -1, 2, 2, 2, 1, 1, -2, -1, -2, 1, 1, 1, 2, 2, 2, -1, -2, -2]"
909,dfs_bnb_mpi,1.09554,-11,12,254449,"[-1, -1, 2, 2, 2, 1, 2, 1, 2, 1, -2, -2, -1, -2, -1, -2, 1, 1, 2]"
910,dfs_bnb_mpi,6.51331,-9,10,1637875,"[-1, -1, 2, 2, 2, 2, 2, 1, 1, -2, -1, -2, 1, -2, 1, -2, -1, -1, 2]"
911,dfs_bnb_mpi,2.43316,-10,11,648784,"[-1, -1, 2, 2, 2, -1, 2, -1, -1, -2, 1, -2, -1, -2, 1, -2, 1, 2, 2]"
912,dfs_bnb_mpi,0.135379,-11,12,32782,"[-1, -1, 2, 1, 1, 1, -2, -2, -2, -1, 2, -1, -1, -2, 1, -2, 1, 1, 1]"
913,dfs_bnb_mpi,1.2321,-11,12,286794,"[-1, -1, 2, 2, 2, 1, 2, 1, 1, -2, -1, -2, -1, -2, 1, 1, 1, 2, -1]"
914,dfs_bnb_mpi,1.12182,-11,12,290555,"[-1, -1, 2, 1, 2, 2, 1, -2, -2, 1, -2, -2, -2, -1, 2, -1, -1, -2, 1]"
915,dfs_bnb_mpi,0.283006,-10,10,72834,"[-1, -1, 2, 2, 1, -2, 1, 2, 2, -1, -1, 2, -1, -2, -2, -1, -2, 1, -2]"
916,dfs_bnb_mpi,1.05762,-10,11,257906,"[-1, -1, 2, 2, 2, 2, 1, -2, -2, -2, 1, 2, 2, 2, 2, 2, -1, -2, -1]"
917,dfs_bnb_mpi,1.12779,-11,12,253907,"[-1, -1, 2, 1, 1, 2, 1, -2, 1, -2, -1, -2, 1, -2, -1, -1, -1, 2, 1]"
918,dfs_bnb_mpi,2.56238,-11,11,641420,"[-1, -1, 2, 2, 2, 1, 2, 1, -2, -2, 1, 1, -2, -2, -1, 2, -1, -1, 2]"
919,dfs_bnb_mpi,0.655467,-11,12,156716,"[-1, -1, 2, 1, 2, 2, 1, 1, -2, -1, -2, 1, 1, 2, 1, -2, -2, -1, -1]"
920,dfs_bnb_mpi,1.11689,-10,11,263845,"[-1, -1, 2, 2, 2, 1, -2, -2, 1, 2, 2, 1, -2, 1, -2, -1, -2, 1, 1]"
921,dfs_bnb_mpi,1.26777,-11,12,269952,"[-1, -1, 2, 2, 2, 1, 1, 1, 1, -2, -1, -1, -1, -2, 1, 1, 1, -2, -1]"
922,dfs_bnb_mpi,2.75346,-11,12,615606,"[-1, -1, 2, 2, 1, -2, 1, 1, 1, -2, -1, -2, -1, -1, -1, -2, 1, 1, 1]"
923,dfs_bnb_mpi,0.428159,-11,11,114895,"[-1, -1, 2, 2, 1, -2, 1, 2, 2, -1, 2, 1, 1, -2, 1, -2, -2, -1, 2]"
924,dfs_bnb_mpi,0.273687,-11,12,64561,"[-1, -1, 2, 2, 1, -2, 1, 2, 1, -2, -2, -2, -1, -1, -1, -1, 2, 2, 2]"
925,dfs_bnb_mpi,4.45885,-11,12,1016828,"[-1, -2, -1, 2, 2, 1, 2, -1, 2, -1, -1, -2, 1, -2, -1, -2, 1, -2, -1]"
926,dfs_bnb_mpi,1.00055,-10,11,247212,"[-1, -1, 2, 2, 2, 2, 1, 1, -2, -1, -2, -2, 1, 2, 1, 1, 2, -1, 2]"
927,dfs_bnb_mpi,0.862966,-11,12,200230,"[-1, -1, 2, -1, 2, 2, 2, 1, 1, 1, -2, -1, -1, -2, 1, -2, 1, 2, 1]"
928,dfs_bnb_mpi,1.14576,-11,12,296354,"[-1, -1, 2, 1, 2, -1, -1, -1, -2, 1, -2, -1, -2, 1, 1, 1, -2, 1, 2]"
929,dfs_bnb_mpi,4.59007,-11,12,1053640,"[-1, -2, 1, 1, -2, -1, -1, -1, 2, -1, -2, -2, 1, 1, 1, 1, -2, -1, -1]"
930,dfs_bnb_mpi,3.92045,-11,12,928595,"[-1, -2, 1, 1, 2, 2, 2, 1, -2, -2, -2, -2, -2, -1, 2, -1, -1, -2, 1]"
931,dfs_bnb_mpi,5.64243,-11,12,1281134,"[-1, -2, -1, -2, 1, 1, -2, 1, 2, 1, -2, 1, 2, 2, -1, 2, -1, -2, -1]"
932,dfs_bnb_mpi,0.966339,-11,12,240225,"[-1, -2, 1, 1, 2, 2, 1, 1, -2, -1, -2, 1, -2, -1, -2, -1, -1, 2, 1]"
933,dfs_bnb_mpi,0.192425,-11,12,46400,"[-1, -2, 1, 1, 2, 1, -2, -2, -2, -1, 2, -1, -1, -2, 1, -2, 1, 1, 1]"
934,dfs_bnb_mpi,1.24047,-11,12,282973,"[-1, -1, 2, -1, 2, 2, 2, 1, 1, -2, -1, -2, 1, -2, 1, 2, 1, 2, -1]"
935,dfs_bnb_mpi,1.21438,-11,12,282221,"[-1, -1, 2, 1, 2, 2, -1, -2, -1, 2, -1, -2, -2, 1, -2, -1, -1, 2, 2]"
936,dfs_bnb_mpi,3.76373,-10,11,948565,"[-1, -1, 2, 2, 2, 2, -1, -2, -1, -1, -2, 1, -2, -1, -2, 1, 1, 2, 2]"
937,dfs_bnb_mpi,1.20426,-10,11,278898,"[-1, -1, 2, 2, 2, 2, 1, 1, 1, -2, -1, -1, -2, -2, 1, 2, 1, -2, 1]"
938,dfs_bnb_mpi,3.01347,-11,12,706455,"[-1, -1, 2, 1, 2, 2, 1, 1, 1, -2, 1, -2, -1, -2, -1, 2, 2, -1, -2]"
939,dfs_bnb_mpi,0.679526,-11,12,178218,"[-1, -1, 2, 1, 2, -1, -1, -2, -2, -2, -2, 1, 1, 1, 1, 2, -1, -1, -1]"
940,dfs_bnb_mpi,1.3372,-11,12,324562,"[-1, -1, 2, 1, 2, 1, -2, 1, 2, 2, 1, -2, -2, -2, -1, -2, -1, -1, -1]"
941,dfs_bnb_mpi,1.40613,-11,12,363007,"[-1, -2, 1, 1, -2, -1, -2, -1, 2, -1, 2, 2, 2, 1, 1, 2, 1, -2, -2]"
942,dfs_bnb_mpi,1.41812,-11,12,330623,"[-1, -1, -1, -1, 2, 1, 2, -1, 2, 1, 1, 1, -2, -1, -2, 1, 1, 2, 2]"
943,dfs_bnb_mpi,0.825635,-10,11,208603,"[-1, -1, 2, 2, 2, 2, 1, -2, 1, -2, -1, -2, 1, 1, 2, 2, 2, -1, 2]"
944,dfs_bnb_mpi,1.98283,-11,12,487515,"[-1, -1, 2, -1, -2, -1, 2, 2, 2, 1, 1, 1, 1, -2, -2, -1, 2, -1, -1]"
945,dfs_bnb_mpi,1.22652,-11,12,274892,"[-1, -1, 2, -1, 2, 2, 2, 1, 1, -2, -1, -2, 1, -2, 1, 2, 2, 1, -2]"
946,dfs_bnb_mpi,0.480805,-10,11,117818,"[-1, -1, 2, 2, 2, -1, -2, -1, -2, 1, -2, -1, -1, 2, -1, 2, 1, 2, 1]"
947,dfs_bnb_mpi,1.63228,-11,12,380436,"[-1, -1, 2, 2, 2, 1, 1, 1, -2, -1, -1, -2, 1, 1, -2, 1, 2, 2, 2]"
948,dfs_bnb_mpi,5.2221,-10,11,1211081,"[-1, -1, 2, 2, 2, 2, 2, 1, -2, 1, 1, -2, -2, -1, 2, -1, -2, -2, 1]"
949,dfs_bnb_mpi,2.14491,-10,11,482014,"[-1, -1, 2, 2, -1, -2, -1, -1, -2, 1, 1, -2, 1, 1, -2, -1, -1, -1, 2]"
950,dfs_bnb_mpi,0.278059,-11,12,75097,"[-1, -1, 2, 2, 1, -2, 1, 2, 2, -1, 2, 1, 1, -2, -2, -2, 1, -2, -1]"
951,dfs_bnb_mpi,0.500749,-11,11,120145,"[-1, -1, 2, 2, 2, 2, 1, -2, -2, -2, 1, 2, 2, 1, -2, 1, -2, -1, -2]"
952,dfs_bnb_mpi,0.561656,-11,12,142086,"[-1, -1, 2, 2, 2, 1, -2, -2, 1, 2, 1, -2, -2, -2, -2, -1, -1, 2, 1]"
953,dfs_bnb_mpi,0.174384,-11,12,43559,"[-1, -1, 2, -1, -2, -2, 1, -2, 1, 2, 1, -2, 1, 2, 2, 2, -1, -1, 2]"
954,dfs_bnb_mpi,1.37624,-11,12,323980,"[-1, -1, 2, -1, -2, -2, 1, -2, 1, 2, 1, -2, 1, 2, 2, 2, -1, -1, 2]"
955,dfs_bnb_mpi,1.21645,-10,11,277217,"[-1, -1, 2, 2, 2, 1, 1, 1, -2, -1, -1, -2, 1, 1, -2, 1, 2, 2, 2]"
956,dfs_bnb_mpi,0.856891,-9,10,216374,"[-1, -1, 2, 2, 2, 1, 2, 1, 1, -2, -1, -2, -1, -2, 1, 1, 1, 2, -1]"
957,dfs_bnb_mpi,5.0981,-10,11,1189479,"[-1, -1, 2, 2, 2, 2, 1, 1, 1, 1, -2, -1, -2, -1, 2, -1, -2, -2, 1]"
958,dfs_bnb_mpi,4.94302,-11,11,1109326,"[-1, -2, -2, -1, -1, -1, 2, 2, 2, 1, 2, 1, 1, -2, -1, -2, -1, -2, 1]"
959,dfs_bnb_mpi,4.5313,-11,12,1016694,"[-1, -2, 1, 1, 1, -2, -2, -2, -1, -1, -1, 2, 1, 1, 2, -1, -1, -1, 2]"
960,dfs_bnb_mpi,1.80263,-11,12,449667,"[-1, -1, 2, 2, -1, -2, -2, -1, 2, 2, 2, 1, 1, 1, 1, -2, -1, -2, 1]"
961,dfs_bnb_mpi,4.17351,-11,12,976150,"[-1, -2, 1, 1, 2, 2, 1, -2, 1, -2, -1, -2, -2, -1, 2, -1, -1, -2, 1]"
962,dfs_bnb_mpi,3.99703,-11,12,904923,"[-1, -2, 1, 1, 2, 1, 2, 1, -2, 1, -2, -2, -1, 2, -1, -2, -1, -1, -1]"
963,dfs_bnb_mpi,1.9574,-11,12,522726,"[-1, -1, 2, 1, 2, 1, -2, 1, -2, -2, -1, -2, -2, -1, -1, 2, 2, 1, -2]"
964,dfs_bnb_mpi,1.74214,-11,12,432457,"[-1, -1, 2, 2, 1, -2, 1, 2, 2, 1, -2, 1, 1, -2, -2, -1, 2, -1, -2]"
965,dfs_bnb_mpi,1.28165,-10,11,306798,"[-1, -1, 2, 2, 2, 2, 1, -2, -2, -2, 1, 1, 2, -1, 2, 2, 1, -2, 1]"
966,dfs_bnb_mpi,1.32166,-11,12,340388,"[-1, -2, 1, 1, 2, 2, 1, -2, 1, -2, -1, -2, 1, -2, -1, -1, -1, 2, 1]"
967,dfs_bnb_mpi,1.21262,-11,12,315869,"[-1, -1, 2, 2, -1, 2, 1, 1, -2, -2, 1, 2, 1, -2, -2, -2, -1, -1, -1]"
968,dfs_bnb_mpi,0.387629,-12,12,101620,"[-1, -1, 2, -1, 2, 1, 1, -2, 1, 2, 1, -2, -2, -2, -1, -1, -1, -1, 2]"
969,dfs_bnb_mpi,0.477367,-10,11,114625,"[-1, -1, 2, 2, 1, -2, 1, 1, 2, -1, 2, -1, -1, -1, -2, -1, -2, 1, -2]"
970,dfs_bnb_mpi,0.427079,-10,10,103159,"[-1, -1, 2, 2, 2, 2, 1, 1, 1, -2, -2, -1, 2, -1, -2, -2, 1, 1, 1]"
971,dfs_bnb_mpi,0.42127,-10,11,107567,"[-1, -1, 2, 2, 1, -2, 1, 2, 2, -1, -1, -1, -2, -2, -2, -1, 2, 2, 2]"
972,dfs_bnb_mpi,3.10928,-11,11,753494,"[-1, -1, 2, 2, 2, -1, -2, -1, 2, 2, 1, 1, 1, -2, 1, -2, -1, -2, 1]"
973,dfs_bnb_mpi,1.11523,-12,13,275237,"[-1, -2, -1, 2, 2, 2, 1, -2, 1, 2, 1, 1, -2, -1, -2, 1, -2, -1, -1]"
974,dfs_bnb_mpi,2.84351,-11,10,705571,"[-1, -1, 2, 1, 1, 2, 1, -2, -2, -2, -2, -2, -1, 2, 2, -1, -1, -2, 1]"
975,dfs_bnb_mpi,2.32769,-11,12,587631,"[-1, -1, -1, -1, 2, 2, 2, 1, 1, -2, 1, 2, 1, -2, -2, -1, -1, -1, 2]"
976,dfs_bnb_mpi,0.502106,-11,12,121984,"[-1, -1, 2, 1, 2, -1, 2, 1, 2, 1, -2, -2, 1, 2, 1, -2, -2, -1, -1]"
977,dfs_bnb_mpi,1.10841,-11,12,298586,"[-1, -1, 2, 2, 1, -2, 1, 1, -2, 1, 2, 1, 2, -1, 2, -1, -1, -2, 1]"
978,dfs_bnb_mpi,5.07707,-10,11,1163203,"[-1, -1, 2, 2, 2, 2, 2, 1, 1, 1, -2, -1, -1, -2, 1, -2, -1, -2, 1]"
979,dfs_bnb_mpi,0.75605,-11,11,188670,"[-1, -1, 2, 2, 2, 2, 1, -2, -2, -2, 1, 2, 2, 1, -2, -2, 1, -2, -1]"
980,dfs_bnb_mpi,1.27837,-11,12,301114,"[-1, -1, 2, 1, 2, 2, 2, 1, -2, 1, -2, -1, -2, 1, -2, 1, 2, 2, 2]"
981,dfs_bnb_mpi,4.12877,-11,11,938147,"[-1, -2, 1, 1, 1, -2, -2, 1, -2, -1, -1, 2, 2, -1, -1, -2, 1, -2, -1]"
982,dfs_bnb_mpi,1.66434,-11,12,395880,"[-1, -1, -1, 2, 2, 2, 2, 1, -2, -2, -2, 1, 2, 2, 2, 1, -2, -2, -2]"
983,dfs_bnb_mpi,2.95677,-11,12,711549,"[-1, -1, 2, 1, 2, 2, 1, -2, -2, 1, -2, -2, -2, -1, 2, -1, -1, -2, 1]"
984,dfs_bnb_mpi,0.323298,-9,10,74194,"[-1, -1, 2, 2, 1, -2, 1, 2, 2, 1, -2, 1, -2, -1, -2, 1, 1, 2, 2]"
985,dfs_bnb_mpi,2.61785,-10,11,609154,"[-1, -1, 2, 1, 2, 2, 2, 1, 1, 1, -2, -1, -1, -2, 1, 1, -2, -1, -1]"
986,dfs_bnb_mpi,1.33053,-11,12,298692,"[-1, -1, 2, 2, 2, 1, 1, -2, -1, -2, 1, 1, -2, 1, 2, 2, 2, -1, -2]"
987,dfs_bnb_mpi,0.443005,-10,11,105444,"[-1, -1, 2, 2, 1, -2, 1, 2, 2, -1, 2, -1, -2, -1, -2, -1, -2, 1, -2]"
988,dfs_bnb_mpi,0.302471,-11,12,69624,"[-1, -1, 2, 1, 2, 1, -2, 1, -2, 1, 2, 2, -1, 2, -1, -1, -1, -2, -1]"
989,dfs_bnb_mpi,0.509592,-11,12,124838,"[-1, -1, 2, 2, 1, -2, 1, 2, 2, -1, 2, -1, -2, -1, -1, -2, -2, 1, 2]"
990,dfs_bnb_mpi,3.01251,-11,11,802075,"[-1, -2, 1, 1, 2, 2, 1, -2, -2, 1, 2, 1, 2, -1, 2, -1, -1, -1, -2]"
991,dfs_bnb_mpi,0.549734,-11,12,141552,"[-1, -1, 2, 2, 1, -2, 1, 2, 1, -2, -2, 1, 2, 2, 2, -1, 2, -1, -2]"
992,dfs_bnb_mpi,11.2628,-9,10,2499421,"[-1, -1, 2, 2, 1, -2, 1, 2, 2, -1, 2, 1, 1, -2, 1, -2, -1, -2, 1]"
993,dfs_bnb_mpi,0.433278,-11,11,99868,"[-1, -1, 2, 2, 2, 2, 1, -2, 1, 1, -2, -1, -1, -2, 1, 1, 1, -2, -1]"
994,dfs_bnb_mpi,0.458416,-10,11,103456,"[-1, -1, 2, 2, 1, -2, 1, 1, -2, -2, -1, -1, -1, -2, 1, 1, 1, 1, 2]"
995,dfs_bnb_mpi,2.11525,-11,11,575108,"[-1, -1, 2, 2, 2, 1, 1, -2, 1, 1, -2, -2, -2, -1, 2, 2, -1, -1, 2]"
996,dfs_bnb_mpi,0.121475,-10,11,30661,"[-1, -1, 2, 2, 2, 2, 1, -2, -2, -2, 1, 1, 2, -1, 2, 2, 1, -2, 1]"
997,dfs_bnb_mpi,1.4691,-10,11,373017,"[-1, -2, 1, 1, 2, 2, 1, -2, 1, 2, 1, -2, -2, -1, -1, -2, -1, -1, -1]"
998,dfs_bnb_mpi,3.06318,-11,12,776583,"[-1, -1, 2, 2, 2, 1, 1, -2, 1, 2, 1, -2, -2, -2, -1, 2, -1, -1, 2]"
999,dfs_bnb_mpi,4.29005,-11,12,980115,"[-1, -2, 1, 1, 2, 2, 1, -2, -2, 1, 1, 2, -1, 2, 2, -1, -1, -1, -2]"
