[EARL][tcn366][556453] --- EARL INIT [PID: 556453] [MASTER: 1] ---
[34m[tcn366][0][INFO] [0mK-medoids & roofline strategies not available. Loading default model for the classification
--- EARL loaded APIs ---
MGT_CPUFREQ: EARD
MGT_IMCFREQ: EARD
MGT_PRIO   : DUMMY
MET_CPUFREQ: EARD
MET_IMCFREQ: EARD
MET_ENERGY : EARD
MET_TEMP:    AMD17
MET_BWIDTH : EARD
MET_FLOPS  : PERF
MET_CPI    : PERF
MGT_GPU    : DUMMY
MET_GPU    : DUMMY
L1D: loaded (event PERF_L1D_MISS_LD) 
L2 : loaded (event L2_MISS_FROM_DC) (also in LBW)
L2 : loaded (event L2_MISS_FROM_PF1) (also in LBW)
L2 : loaded (event L2_MISS_FROM_PF2) (also in LBW)

------------------------
Mapping frequencies from 128 processes to 128 CPUs...
[37/128]	I'm online..
[64/128]	I'm online..
[68/128]	I'm online..
[79/128]	I'm online..
[128/128]	I'm online..
[121/128]	I'm online..
[124/128]	I'm online..
[63/128]	I'm online..
[88/128]	I'm online..
[103/128]	I'm online..
[125/128]	I'm online..
[52/128]	I'm online..
[72/128]	I'm online..
[13/128]	I'm online..
[78/128]	I'm online..
[40/128]	I'm online..
[120/128]	I'm online..
[18/128]	I'm online..
[65/128]	I'm online..
[112/128]	I'm online..
[35/128]	I'm online..
[22/128]	I'm online..
[47/128]	I'm online..
[25/128]	I'm online..
[26/128]	I'm online..
[59/128]	I'm online..
[48/128]	I'm online..
[89/128]	I'm online..
[84/128]	I'm online..
[97/128]	I'm online..
[102/128]	I'm online..
[91/128]	I'm online..
[116/128]	I'm online..
[61/128]	I'm online..
[33/128]	I'm online..
[60/128]	I'm online..
[10/128]	I'm online..
[28/128]	I'm online..
[108/128]	I'm online..
[85/128]	I'm online..
[5/128]	I'm online..
[118/128]	I'm online..
[80/128]	I'm online..
[115/128]	I'm online..
[51/128]	I'm online..
[101/128]	I'm online..
[29/128]	I'm online..
[122/128]	I'm online..
[95/128]	I'm online..
[104/128]	I'm online..
[45/128]	I'm online..
[105/128]	I'm online..
[38/128]	I'm online..
[67/128]	I'm online..
[99/128]	I'm online..
[53/128]	I'm online..
[92/128]	I'm online..
[119/128]	I'm online..
[75/128]	I'm online..
[87/128]	I'm online..
[34/128]	I'm online..
[19/128]	I'm online..
[36/128]	I'm online..
[73/128]	I'm online..
[106/128]	I'm online..
[6/128]	I'm online..
[94/128]	I'm online..
[42/128]	I'm online..
[114/128]	I'm online..
[41/128]	I'm online..
[126/128]	I'm online..
[83/128]	I'm online..
[70/128]	I'm online..
[20/128]	I'm online..
[2/128]	I'm online..
[9/128]	I'm online..
[81/128]	I'm online..
[76/128]	I'm online..
[21/128]	I'm online..
[54/128]	I'm online..
[11/128]	I'm online..
[110/128]	I'm online..
[16/128]	I'm online..
[50/128]	I'm online..
[109/128]	I'm online..
[43/128]	I'm online..
[117/128]	I'm online..
[12/128]	I'm online..
[58/128]	I'm online..
[86/128]	I'm online..
[44/128]	I'm online..
[77/128]	I'm online..
[46/128]	I'm online..
[113/128]	I'm online..
[39/128]	I'm online..
[30/128]	I'm online..
[23/128]	I'm online..
[4/128]	I'm online..
[93/128]	I'm online..
[100/128]	I'm online..
[71/128]	I'm online..
[98/128]	I'm online..
[90/128]	I'm online..
[69/128]	I'm online..
[82/128]	I'm online..
[127/128]	I'm online..
[32/128]	I'm online..
[7/128]	I'm online..
[31/128]	I'm online..
[17/128]	I'm online..
[24/128]	I'm online..
[107/128]	I'm online..
[14/128]	I'm online..
[49/128]	I'm online..
[27/128]	I'm online..
[62/128]	I'm online..
[56/128]	I'm online..
[15/128]	I'm online..
[8/128]	I'm online..
[3/128]	I'm online..
[123/128]	I'm online..
[74/128]	I'm online..
[111/128]	I'm online..
[66/128]	I'm online..
[57/128]	I'm online..
[55/128]	I'm online..
[96/128]	I'm online..
---------------- EAR 5.1 MPI enabled ----------------
                   App/user id: 'hratio_l30'/'ovaneck2'
    Node/job id/step_id/app_id: 'tcn366'/'14236852'/'0'/'556453'
     P_STATE/frequency (turbo): 0/2600000 (0)
    Tasks/nodes/ppn/node_ratio: 128/1/128/1.000
             Policy (learning): monitoring (0)
Policy threshold/Perf accuracy: 0.00/10000000.00
   DynAIS levels/window/AVX512: 10/200/2
                      VAR path: /var/ear
           EAR privileged user: 0
                       EARL on: 1 
                  Max CPU freq: 2600000
-------------------------------------------------------
EAR initialized successfully.
[1/128]	I'm online..
Warning, going to time guided because low number of MPI calls per second current 2.000000 
EAR[556453](hratio_l30) at 2.60/1.47 in tcn366 MR[0] elapsed 34 sec.: [32mLoop time: 1.007s DC Power: [35m417.0W[32m DRAM power: 0.00W PCK power: 377.94W
	avg. CPUFreq: 2.57GHz avg. IMCFreq: 1.47GHz Next Frequency 2.60
	CPI: 0.516 VPI: 0.00, Mem. bwidth: 0.14GB/s GFLOPS: 0.00 I/O: 0.07MB/s No MPI  
	TPI 0.03 Cache miss rates: L1 2.70GB/s L2 0.01GB/s L3 0.00GB/s
	Total MPI calls 2
	IO DATA: rchar 4546 wchar 6440 syscr 50 syscw 5 read_bytes 0 write_bytes 8192
	Process OS info: (pid 556453 state R utime 992 stime 0 cutime 0 cstime 0 CPU usage 98)
	CPU temperature (celsius): socket 0: 54 socket 1: 63[0m
EAR[556453](hratio_l30) at 2.60/1.47 in tcn366 MR[0] elapsed 45 sec.: [32mLoop time: 1.121s DC Power: [35m446.3W[32m DRAM power: 0.00W PCK power: 378.93W
	avg. CPUFreq: 2.57GHz avg. IMCFreq: 1.47GHz
	CPI: 0.516 VPI: 0.00, Mem. bwidth: 0.17GB/s GFLOPS: 0.00 I/O: 0.01MB/s No MPI  
	TPI 0.03 Cache miss rates: L1 0.81GB/s L2 0.00GB/s L3 0.00GB/s
	Total MPI calls 2
	IO DATA: rchar 4658 wchar 9425 syscr 52 syscw 30 read_bytes 0 write_bytes 286720
	Process OS info: (pid 556453 state R utime 1103 stime 1 cutime 0 cstime 0 CPU usage 98)
	CPU temperature (celsius): socket 0: 55 socket 1: 64[0m
EAR[556453](hratio_l30) at 2.60/1.47 in tcn366 MR[0] elapsed 57 sec.: [32mLoop time: 1.107s DC Power: [35m410.8W[32m DRAM power: 0.00W PCK power: 378.75W
	avg. CPUFreq: 2.57GHz avg. IMCFreq: 1.47GHz
	CPI: 0.516 VPI: 0.00, Mem. bwidth: 0.13GB/s GFLOPS: 0.00 I/O: 0.01MB/s No MPI  
	TPI 0.03 Cache miss rates: L1 0.85GB/s L2 0.00GB/s L3 0.00GB/s
	Total MPI calls 2
	IO DATA: rchar 4602 wchar 8841 syscr 51 syscw 27 read_bytes 0 write_bytes 299008
	Process OS info: (pid 556453 state R utime 1090 stime 1 cutime 0 cstime 0 CPU usage 98)
	CPU temperature (celsius): socket 0: 56 socket 1: 65[0m
EAR[556453](hratio_l30) at 2.60/1.47 in tcn366 MR[0] elapsed 68 sec.: [32mLoop time: 1.107s DC Power: [35m460.0W[32m DRAM power: 0.00W PCK power: 378.41W
	avg. CPUFreq: 2.57GHz avg. IMCFreq: 1.47GHz
	CPI: 0.517 VPI: 0.00, Mem. bwidth: 0.14GB/s GFLOPS: 0.00 I/O: 0.01MB/s No MPI  
	TPI 0.03 Cache miss rates: L1 0.84GB/s L2 0.00GB/s L3 0.00GB/s
	Total MPI calls 2
	IO DATA: rchar 4603 wchar 8841 syscr 51 syscw 27 read_bytes 0 write_bytes 299008
	Process OS info: (pid 556453 state R utime 1090 stime 0 cutime 0 cstime 0 CPU usage 98)
	CPU temperature (celsius): socket 0: 56 socket 1: 65[0m
EAR[556453](hratio_l30) at 2.60/1.47 in tcn366 MR[0] elapsed 79 sec.: [32mLoop time: 1.108s DC Power: [35m461.3W[32m DRAM power: 0.00W PCK power: 378.83W
	avg. CPUFreq: 2.57GHz avg. IMCFreq: 1.47GHz
	CPI: 0.516 VPI: 0.00, Mem. bwidth: 0.14GB/s GFLOPS: 0.00 I/O: 0.01MB/s No MPI  
	TPI 0.03 Cache miss rates: L1 0.80GB/s L2 0.00GB/s L3 0.00GB/s
	Total MPI calls 2
	IO DATA: rchar 4603 wchar 8841 syscr 51 syscw 27 read_bytes 0 write_bytes 299008
	Process OS info: (pid 556453 state R utime 1090 stime 1 cutime 0 cstime 0 CPU usage 98)
	CPU temperature (celsius): socket 0: 57 socket 1: 66[0m
EAR[556453](hratio_l30) at 2.60/1.47 in tcn366 MR[0] elapsed 90 sec.: [32mLoop time: 1.108s DC Power: [35m461.8W[32m DRAM power: 0.00W PCK power: 379.52W
	avg. CPUFreq: 2.57GHz avg. IMCFreq: 1.47GHz
	CPI: 0.516 VPI: 0.00, Mem. bwidth: 0.15GB/s GFLOPS: 0.00 I/O: 0.01MB/s No MPI  
	TPI 0.03 Cache miss rates: L1 0.81GB/s L2 0.00GB/s L3 0.00GB/s
	Total MPI calls 2
	IO DATA: rchar 4604 wchar 8841 syscr 51 syscw 27 read_bytes 0 write_bytes 299008
	Process OS info: (pid 556453 state R utime 1090 stime 1 cutime 0 cstime 0 CPU usage 98)
	CPU temperature (celsius): socket 0: 57 socket 1: 66[0m
EAR[556453](hratio_l30) at 2.60/1.47 in tcn366 MR[0] elapsed 101 sec.: [32mLoop time: 1.108s DC Power: [35m416.0W[32m DRAM power: 0.00W PCK power: 380.05W
	avg. CPUFreq: 2.57GHz avg. IMCFreq: 1.47GHz
	CPI: 0.517 VPI: 0.00, Mem. bwidth: 0.20GB/s GFLOPS: 0.00 I/O: 0.01MB/s No MPI  
	TPI 0.04 Cache miss rates: L1 0.84GB/s L2 0.00GB/s L3 0.00GB/s
	Total MPI calls 2
	IO DATA: rchar 4604 wchar 8841 syscr 51 syscw 27 read_bytes 0 write_bytes 303104
	Process OS info: (pid 556453 state R utime 1091 stime 0 cutime 0 cstime 0 CPU usage 98)
	CPU temperature (celsius): socket 0: 57 socket 1: 66[0m
EAR[556453](hratio_l30) at 2.60/1.47 in tcn366 MR[0] elapsed 112 sec.: [32mLoop time: 1.108s DC Power: [35m416.7W[32m DRAM power: 0.00W PCK power: 380.51W
	avg. CPUFreq: 2.57GHz avg. IMCFreq: 1.47GHz
	CPI: 0.516 VPI: 0.00, Mem. bwidth: 0.14GB/s GFLOPS: 0.00 I/O: 0.01MB/s No MPI  
	TPI 0.03 Cache miss rates: L1 0.83GB/s L2 0.00GB/s L3 0.00GB/s
	Total MPI calls 2
	IO DATA: rchar 4604 wchar 8842 syscr 51 syscw 27 read_bytes 0 write_bytes 294912
	Process OS info: (pid 556453 state R utime 1091 stime 1 cutime 0 cstime 0 CPU usage 98)
	CPU temperature (celsius): socket 0: 58 socket 1: 67[0m
EAR[556453](hratio_l30) at 2.60/1.47 in tcn366 MR[0] elapsed 123 sec.: [32mLoop time: 1.110s DC Power: [35m462.9W[32m DRAM power: 0.00W PCK power: 380.58W
	avg. CPUFreq: 2.57GHz avg. IMCFreq: 1.47GHz
	CPI: 0.516 VPI: 0.00, Mem. bwidth: 0.14GB/s GFLOPS: 0.00 I/O: 0.01MB/s No MPI  
	TPI 0.03 Cache miss rates: L1 0.88GB/s L2 0.00GB/s L3 0.00GB/s
	Total MPI calls 2
	IO DATA: rchar 4605 wchar 8842 syscr 51 syscw 27 read_bytes 0 write_bytes 303104
	Process OS info: (pid 556453 state R utime 1094 stime 1 cutime 0 cstime 0 CPU usage 98)
	CPU temperature (celsius): socket 0: 58 socket 1: 67[0m
EAR[556453](hratio_l30) at 2.60/1.47 in tcn366 MR[0] elapsed 134 sec.: [32mLoop time: 1.108s DC Power: [35m463.7W[32m DRAM power: 0.00W PCK power: 380.53W
	avg. CPUFreq: 2.57GHz avg. IMCFreq: 1.47GHz
	CPI: 0.517 VPI: 0.00, Mem. bwidth: 0.19GB/s GFLOPS: 0.00 I/O: 0.01MB/s No MPI  
	TPI 0.04 Cache miss rates: L1 0.91GB/s L2 0.00GB/s L3 0.00GB/s
	Total MPI calls 2
	IO DATA: rchar 4605 wchar 8842 syscr 51 syscw 27 read_bytes 0 write_bytes 294912
	Process OS info: (pid 556453 state R utime 1079 stime 1 cutime 0 cstime 0 CPU usage 97)
	CPU temperature (celsius): socket 0: 58 socket 1: 67[0m
EAR[556453](hratio_l30) at 2.60/1.47 in tcn366 MR[0] elapsed 145 sec.: [32mLoop time: 1.108s DC Power: [35m464.0W[32m DRAM power: 0.00W PCK power: 380.65W
	avg. CPUFreq: 2.57GHz avg. IMCFreq: 1.47GHz
	CPI: 0.517 VPI: 0.00, Mem. bwidth: 0.13GB/s GFLOPS: 0.00 I/O: 0.01MB/s No MPI  
	TPI 0.03 Cache miss rates: L1 0.85GB/s L2 0.00GB/s L3 0.00GB/s
	Total MPI calls 2
	IO DATA: rchar 4605 wchar 8842 syscr 51 syscw 27 read_bytes 0 write_bytes 294912
	Process OS info: (pid 556453 state R utime 1091 stime 0 cutime 0 cstime 0 CPU usage 98)
	CPU temperature (celsius): socket 0: 58 socket 1: 68[0m
EAR[556453](hratio_l30) at 2.60/1.47 in tcn366 MR[0] elapsed 156 sec.: [32mLoop time: 1.108s DC Power: [35m463.9W[32m DRAM power: 0.00W PCK power: 380.72W
	avg. CPUFreq: 2.57GHz avg. IMCFreq: 1.47GHz
	CPI: 0.517 VPI: 0.00, Mem. bwidth: 0.14GB/s GFLOPS: 0.00 I/O: 0.01MB/s No MPI  
	TPI 0.03 Cache miss rates: L1 0.84GB/s L2 0.00GB/s L3 0.00GB/s
	Total MPI calls 2
	IO DATA: rchar 4605 wchar 8842 syscr 51 syscw 27 read_bytes 0 write_bytes 294912
	Process OS info: (pid 556453 state R utime 1092 stime 1 cutime 0 cstime 0 CPU usage 98)
	CPU temperature (celsius): socket 0: 58 socket 1: 68[0m
EAR[556453](hratio_l30) at 2.60/1.47 in tcn366 MR[0] elapsed 167 sec.: [32mLoop time: 1.108s DC Power: [35m418.4W[32m DRAM power: 0.00W PCK power: 380.71W
	avg. CPUFreq: 2.57GHz avg. IMCFreq: 1.47GHz
	CPI: 0.517 VPI: 0.00, Mem. bwidth: 0.15GB/s GFLOPS: 0.00 I/O: 0.01MB/s No MPI  
	TPI 0.03 Cache miss rates: L1 0.82GB/s L2 0.00GB/s L3 0.00GB/s
	Total MPI calls 2
	IO DATA: rchar 4605 wchar 8842 syscr 51 syscw 27 read_bytes 0 write_bytes 299008
	Process OS info: (pid 556453 state R utime 1091 stime 1 cutime 0 cstime 0 CPU usage 98)
	CPU temperature (celsius): socket 0: 58 socket 1: 68[0m
EAR[556453](hratio_l30) at 2.60/1.47 in tcn366 MR[0] elapsed 178 sec.: [32mLoop time: 1.108s DC Power: [35m464.8W[32m DRAM power: 0.00W PCK power: 380.80W
	avg. CPUFreq: 2.57GHz avg. IMCFreq: 1.47GHz
	CPI: 0.517 VPI: 0.00, Mem. bwidth: 0.13GB/s GFLOPS: 0.00 I/O: 0.01MB/s No MPI  
	TPI 0.03 Cache miss rates: L1 0.82GB/s L2 0.00GB/s L3 0.00GB/s
	Total MPI calls 2
	IO DATA: rchar 4605 wchar 8842 syscr 51 syscw 27 read_bytes 0 write_bytes 299008
	Process OS info: (pid 556453 state R utime 1092 stime 0 cutime 0 cstime 0 CPU usage 98)
	CPU temperature (celsius): socket 0: 58 socket 1: 68[0m
EAR[556453](hratio_l30) at 2.60/1.47 in tcn366 MR[0] elapsed 190 sec.: [32mLoop time: 1.108s DC Power: [35m464.9W[32m DRAM power: 0.00W PCK power: 380.96W
	avg. CPUFreq: 2.57GHz avg. IMCFreq: 1.47GHz
	CPI: 0.517 VPI: 0.00, Mem. bwidth: 0.18GB/s GFLOPS: 0.00 I/O: 0.01MB/s No MPI  
	TPI 0.04 Cache miss rates: L1 0.85GB/s L2 0.00GB/s L3 0.00GB/s
	Total MPI calls 2
	IO DATA: rchar 4605 wchar 8842 syscr 51 syscw 27 read_bytes 0 write_bytes 430080
	Process OS info: (pid 556453 state R utime 1092 stime 1 cutime 0 cstime 0 CPU usage 98)
	CPU temperature (celsius): socket 0: 58 socket 1: 68[0m
EAR[556453](hratio_l30) at 2.60/1.47 in tcn366 MR[0] elapsed 201 sec.: [32mLoop time: 1.108s DC Power: [35m465.0W[32m DRAM power: 0.00W PCK power: 381.37W
	avg. CPUFreq: 2.57GHz avg. IMCFreq: 1.47GHz
	CPI: 0.517 VPI: 0.00, Mem. bwidth: 0.13GB/s GFLOPS: 0.00 I/O: 0.01MB/s No MPI  
	TPI 0.03 Cache miss rates: L1 0.85GB/s L2 0.00GB/s L3 0.00GB/s
	Total MPI calls 2
	IO DATA: rchar 4605 wchar 8842 syscr 51 syscw 27 read_bytes 0 write_bytes 442368
	Process OS info: (pid 556453 state R utime 1091 stime 1 cutime 0 cstime 0 CPU usage 98)
	CPU temperature (celsius): socket 0: 59 socket 1: 68[0m
EAR[556453](hratio_l30) at 2.60/1.47 in tcn366 MR[0] elapsed 212 sec.: [32mLoop time: 1.109s DC Power: [35m464.3W[32m DRAM power: 0.00W PCK power: 380.60W
	avg. CPUFreq: 2.57GHz avg. IMCFreq: 1.47GHz
	CPI: 0.516 VPI: 0.00, Mem. bwidth: 0.13GB/s GFLOPS: 0.00 I/O: 0.01MB/s No MPI  
	TPI 0.03 Cache miss rates: L1 0.82GB/s L2 0.00GB/s L3 0.00GB/s
	Total MPI calls 2
	IO DATA: rchar 4605 wchar 8842 syscr 51 syscw 27 read_bytes 0 write_bytes 434176
	Process OS info: (pid 556453 state R utime 1091 stime 1 cutime 0 cstime 0 CPU usage 98)
	CPU temperature (celsius): socket 0: 58 socket 1: 68[0m
EAR[556453](hratio_l30) at 2.60/1.47 in tcn366 MR[0] elapsed 223 sec.: [32mLoop time: 1.108s DC Power: [35m464.7W[32m DRAM power: 0.00W PCK power: 381.13W
	avg. CPUFreq: 2.57GHz avg. IMCFreq: 1.47GHz
	CPI: 0.516 VPI: 0.00, Mem. bwidth: 0.17GB/s GFLOPS: 0.00 I/O: 0.01MB/s No MPI  
	TPI 0.03 Cache miss rates: L1 0.83GB/s L2 0.00GB/s L3 0.00GB/s
	Total MPI calls 2
	IO DATA: rchar 4605 wchar 8842 syscr 51 syscw 27 read_bytes 0 write_bytes 438272
	Process OS info: (pid 556453 state R utime 1092 stime 1 cutime 0 cstime 0 CPU usage 98)
	CPU temperature (celsius): socket 0: 59 socket 1: 68[0m
EAR[556453](hratio_l30) at 2.60/1.47 in tcn366 MR[0] elapsed 234 sec.: [32mLoop time: 1.107s DC Power: [35m419.4W[32m DRAM power: 0.00W PCK power: 381.22W
	avg. CPUFreq: 2.57GHz avg. IMCFreq: 1.47GHz
	CPI: 0.516 VPI: 0.00, Mem. bwidth: 0.13GB/s GFLOPS: 0.00 I/O: 0.01MB/s No MPI  
	TPI 0.03 Cache miss rates: L1 0.82GB/s L2 0.00GB/s L3 0.00GB/s
	Total MPI calls 2
	IO DATA: rchar 4605 wchar 8842 syscr 51 syscw 27 read_bytes 0 write_bytes 299008
	Process OS info: (pid 556453 state R utime 1091 stime 1 cutime 0 cstime 0 CPU usage 98)
	CPU temperature (celsius): socket 0: 59 socket 1: 68[0m
EAR[556453](hratio_l30) at 2.60/1.47 in tcn366 MR[0] elapsed 245 sec.: [32mLoop time: 1.109s DC Power: [35m465.4W[32m DRAM power: 0.00W PCK power: 381.16W
	avg. CPUFreq: 2.57GHz avg. IMCFreq: 1.47GHz
	CPI: 0.517 VPI: 0.00, Mem. bwidth: 0.15GB/s GFLOPS: 0.00 I/O: 0.01MB/s No MPI  
	TPI 0.03 Cache miss rates: L1 0.81GB/s L2 0.00GB/s L3 0.00GB/s
	Total MPI calls 2
	IO DATA: rchar 4605 wchar 8842 syscr 51 syscw 27 read_bytes 0 write_bytes 299008
	Process OS info: (pid 556453 state R utime 1092 stime 1 cutime 0 cstime 0 CPU usage 98)
	CPU temperature (celsius): socket 0: 59 socket 1: 68[0m
EAR[556453](hratio_l30) at 2.60/1.47 in tcn366 MR[0] elapsed 256 sec.: [32mLoop time: 1.108s DC Power: [35m465.8W[32m DRAM power: 0.00W PCK power: 381.25W
	avg. CPUFreq: 2.57GHz avg. IMCFreq: 1.47GHz
	CPI: 0.516 VPI: 0.00, Mem. bwidth: 0.16GB/s GFLOPS: 0.00 I/O: 0.01MB/s No MPI  
	TPI 0.03 Cache miss rates: L1 0.84GB/s L2 0.00GB/s L3 0.00GB/s
	Total MPI calls 2
	IO DATA: rchar 4605 wchar 8842 syscr 51 syscw 27 read_bytes 0 write_bytes 299008
	Process OS info: (pid 556453 state R utime 1091 stime 0 cutime 0 cstime 0 CPU usage 98)
	CPU temperature (celsius): socket 0: 59 socket 1: 68[0m
EAR[556453](hratio_l30) at 2.60/1.47 in tcn366 MR[0] elapsed 267 sec.: [32mLoop time: 1.107s DC Power: [35m466.0W[32m DRAM power: 0.00W PCK power: 381.31W
	avg. CPUFreq: 2.57GHz avg. IMCFreq: 1.47GHz
	CPI: 0.516 VPI: 0.00, Mem. bwidth: 0.13GB/s GFLOPS: 0.00 I/O: 0.01MB/s No MPI  
	TPI 0.03 Cache miss rates: L1 0.90GB/s L2 0.00GB/s L3 0.00GB/s
	Total MPI calls 2
	IO DATA: rchar 4605 wchar 8842 syscr 51 syscw 27 read_bytes 0 write_bytes 299008
	Process OS info: (pid 556453 state R utime 1091 stime 1 cutime 0 cstime 0 CPU usage 98)
	CPU temperature (celsius): socket 0: 58 socket 1: 68[0m
EAR[556453](hratio_l30) at 2.60/1.47 in tcn366 MR[0] elapsed 278 sec.: [32mLoop time: 1.107s DC Power: [35m419.4W[32m DRAM power: 0.00W PCK power: 381.22W
	avg. CPUFreq: 2.57GHz avg. IMCFreq: 1.47GHz
	CPI: 0.516 VPI: 0.00, Mem. bwidth: 0.17GB/s GFLOPS: 0.00 I/O: 0.01MB/s No MPI  
	TPI 0.04 Cache miss rates: L1 0.85GB/s L2 0.00GB/s L3 0.00GB/s
	Total MPI calls 2
	IO DATA: rchar 4605 wchar 8842 syscr 51 syscw 27 read_bytes 0 write_bytes 294912
	Process OS info: (pid 556453 state R utime 1091 stime 1 cutime 0 cstime 0 CPU usage 98)
	CPU temperature (celsius): socket 0: 59 socket 1: 69[0m
EAR[556453](hratio_l30) at 2.60/1.47 in tcn366 MR[0] elapsed 289 sec.: [32mLoop time: 1.107s DC Power: [35m419.4W[32m DRAM power: 0.00W PCK power: 381.19W
	avg. CPUFreq: 2.57GHz avg. IMCFreq: 1.47GHz
	CPI: 0.517 VPI: 0.00, Mem. bwidth: 0.12GB/s GFLOPS: 0.00 I/O: 0.01MB/s No MPI  
	TPI 0.02 Cache miss rates: L1 0.83GB/s L2 0.00GB/s L3 0.00GB/s
	Total MPI calls 2
	IO DATA: rchar 4605 wchar 8842 syscr 51 syscw 27 read_bytes 0 write_bytes 299008
	Process OS info: (pid 556453 state R utime 1090 stime 0 cutime 0 cstime 0 CPU usage 98)
	CPU temperature (celsius): socket 0: 59 socket 1: 69[0m
EAR[556453](hratio_l30) at 2.60/1.47 in tcn366 MR[0] elapsed 300 sec.: [32mLoop time: 1.108s DC Power: [35m465.8W[32m DRAM power: 0.00W PCK power: 381.07W
	avg. CPUFreq: 2.57GHz avg. IMCFreq: 1.47GHz
	CPI: 0.517 VPI: 0.00, Mem. bwidth: 0.14GB/s GFLOPS: 0.00 I/O: 0.01MB/s No MPI  
	TPI 0.03 Cache miss rates: L1 0.79GB/s L2 0.00GB/s L3 0.00GB/s
	Total MPI calls 2
	IO DATA: rchar 4605 wchar 8842 syscr 51 syscw 27 read_bytes 0 write_bytes 294912
	Process OS info: (pid 556453 state R utime 1090 stime 1 cutime 0 cstime 0 CPU usage 98)
	CPU temperature (celsius): socket 0: 59 socket 1: 69[0m
EAR[556453](hratio_l30) at 2.60/1.47 in tcn366 MR[0] elapsed 311 sec.: [32mLoop time: 1.108s DC Power: [35m465.8W[32m DRAM power: 0.00W PCK power: 381.00W
	avg. CPUFreq: 2.57GHz avg. IMCFreq: 1.47GHz
	CPI: 0.517 VPI: 0.00, Mem. bwidth: 0.16GB/s GFLOPS: 0.00 I/O: 0.01MB/s No MPI  
	TPI 0.03 Cache miss rates: L1 0.81GB/s L2 0.00GB/s L3 0.00GB/s
	Total MPI calls 2
	IO DATA: rchar 4605 wchar 8842 syscr 51 syscw 27 read_bytes 0 write_bytes 299008
	Process OS info: (pid 556453 state R utime 1091 stime 0 cutime 0 cstime 0 CPU usage 98)
	CPU temperature (celsius): socket 0: 59 socket 1: 68[0m
EAR[556453](hratio_l30) at 2.60/1.47 in tcn366 MR[0] elapsed 322 sec.: [32mLoop time: 1.108s DC Power: [35m465.8W[32m DRAM power: 0.00W PCK power: 381.10W
	avg. CPUFreq: 2.57GHz avg. IMCFreq: 1.47GHz
	CPI: 0.517 VPI: 0.00, Mem. bwidth: 0.14GB/s GFLOPS: 0.00 I/O: 0.01MB/s No MPI  
	TPI 0.03 Cache miss rates: L1 0.82GB/s L2 0.00GB/s L3 0.00GB/s
	Total MPI calls 2
	IO DATA: rchar 4605 wchar 8842 syscr 51 syscw 27 read_bytes 0 write_bytes 299008
	Process OS info: (pid 556453 state R utime 1090 stime 1 cutime 0 cstime 0 CPU usage 98)
	CPU temperature (celsius): socket 0: 59 socket 1: 69[0m
EAR[556453](hratio_l30) at 2.60/1.47 in tcn366 MR[0] elapsed 334 sec.: [32mLoop time: 1.108s DC Power: [35m465.5W[32m DRAM power: 0.00W PCK power: 381.09W
	avg. CPUFreq: 2.57GHz avg. IMCFreq: 1.47GHz
	CPI: 0.517 VPI: 0.00, Mem. bwidth: 0.17GB/s GFLOPS: 0.00 I/O: 0.01MB/s No MPI  
	TPI 0.03 Cache miss rates: L1 0.78GB/s L2 0.00GB/s L3 0.00GB/s
	Total MPI calls 2
	IO DATA: rchar 4605 wchar 8842 syscr 51 syscw 27 read_bytes 0 write_bytes 299008
	Process OS info: (pid 556453 state R utime 1091 stime 1 cutime 0 cstime 0 CPU usage 98)
	CPU temperature (celsius): socket 0: 59 socket 1: 69[0m
EAR[556453](hratio_l30) at 2.60/1.47 in tcn366 MR[0] elapsed 345 sec.: [32mLoop time: 1.108s DC Power: [35m465.8W[32m DRAM power: 0.00W PCK power: 381.19W
	avg. CPUFreq: 2.57GHz avg. IMCFreq: 1.47GHz
	CPI: 0.517 VPI: 0.00, Mem. bwidth: 0.16GB/s GFLOPS: 0.00 I/O: 0.01MB/s No MPI  
	TPI 0.03 Cache miss rates: L1 0.79GB/s L2 0.00GB/s L3 0.00GB/s
	Total MPI calls 2
	IO DATA: rchar 4605 wchar 8842 syscr 51 syscw 27 read_bytes 0 write_bytes 299008
	Process OS info: (pid 556453 state R utime 1090 stime 0 cutime 0 cstime 0 CPU usage 98)
	CPU temperature (celsius): socket 0: 59 socket 1: 69[0m
EAR[556453](hratio_l30) at 2.60/1.47 in tcn366 MR[0] elapsed 356 sec.: [32mLoop time: 1.108s DC Power: [35m419.2W[32m DRAM power: 0.00W PCK power: 381.16W
	avg. CPUFreq: 2.57GHz avg. IMCFreq: 1.47GHz
	CPI: 0.516 VPI: 0.00, Mem. bwidth: 0.13GB/s GFLOPS: 0.00 I/O: 0.01MB/s No MPI  
	TPI 0.03 Cache miss rates: L1 0.81GB/s L2 0.00GB/s L3 0.00GB/s
	Total MPI calls 2
	IO DATA: rchar 4605 wchar 8842 syscr 51 syscw 27 read_bytes 0 write_bytes 299008
	Process OS info: (pid 556453 state R utime 1091 stime 1 cutime 0 cstime 0 CPU usage 98)
	CPU temperature (celsius): socket 0: 59 socket 1: 69[0m
EAR[556453](hratio_l30) at 2.60/1.47 in tcn366 MR[0] elapsed 367 sec.: [32mLoop time: 1.108s DC Power: [35m419.1W[32m DRAM power: 0.00W PCK power: 381.19W
	avg. CPUFreq: 2.57GHz avg. IMCFreq: 1.47GHz
	CPI: 0.517 VPI: 0.00, Mem. bwidth: 0.16GB/s GFLOPS: 0.00 I/O: 0.01MB/s No MPI  
	TPI 0.03 Cache miss rates: L1 0.80GB/s L2 0.00GB/s L3 0.00GB/s
	Total MPI calls 2
	IO DATA: rchar 4605 wchar 8842 syscr 51 syscw 27 read_bytes 0 write_bytes 299008
	Process OS info: (pid 556453 state R utime 1090 stime 1 cutime 0 cstime 0 CPU usage 98)
	CPU temperature (celsius): socket 0: 59 socket 1: 69[0m
EAR[556453](hratio_l30) at 2.60/1.47 in tcn366 MR[0] elapsed 378 sec.: [32mLoop time: 1.108s DC Power: [35m465.9W[32m DRAM power: 0.00W PCK power: 381.10W
	avg. CPUFreq: 2.57GHz avg. IMCFreq: 1.47GHz
	CPI: 0.517 VPI: 0.00, Mem. bwidth: 0.14GB/s GFLOPS: 0.00 I/O: 0.01MB/s No MPI  
	TPI 0.03 Cache miss rates: L1 0.77GB/s L2 0.00GB/s L3 0.00GB/s
	Total MPI calls 2
	IO DATA: rchar 4606 wchar 8842 syscr 51 syscw 27 read_bytes 0 write_bytes 303104
	Process OS info: (pid 556453 state R utime 1090 stime 0 cutime 0 cstime 0 CPU usage 98)
	CPU temperature (celsius): socket 0: 59 socket 1: 69[0m
EAR[556453](hratio_l30) at 2.60/1.47 in tcn366 MR[0] elapsed 389 sec.: [32mLoop time: 1.108s DC Power: [35m465.7W[32m DRAM power: 0.00W PCK power: 381.11W
	avg. CPUFreq: 2.57GHz avg. IMCFreq: 1.47GHz
	CPI: 0.517 VPI: 0.00, Mem. bwidth: 0.13GB/s GFLOPS: 0.00 I/O: 0.01MB/s No MPI  
	TPI 0.03 Cache miss rates: L1 0.80GB/s L2 0.00GB/s L3 0.00GB/s
	Total MPI calls 2
	IO DATA: rchar 4606 wchar 8842 syscr 51 syscw 27 read_bytes 0 write_bytes 434176
	Process OS info: (pid 556453 state R utime 1090 stime 1 cutime 0 cstime 0 CPU usage 98)
	CPU temperature (celsius): socket 0: 59 socket 1: 69[0m
EAR[556453](hratio_l30) at 2.60/1.47 in tcn366 MR[0] elapsed 400 sec.: [32mLoop time: 1.108s DC Power: [35m465.9W[32m DRAM power: 0.00W PCK power: 381.11W
	avg. CPUFreq: 2.57GHz avg. IMCFreq: 1.47GHz
	CPI: 0.517 VPI: 0.00, Mem. bwidth: 0.18GB/s GFLOPS: 0.00 I/O: 0.01MB/s No MPI  
	TPI 0.04 Cache miss rates: L1 0.82GB/s L2 0.00GB/s L3 0.00GB/s
	Total MPI calls 2
	IO DATA: rchar 4606 wchar 8842 syscr 51 syscw 27 read_bytes 0 write_bytes 331776
	Process OS info: (pid 556453 state R utime 1090 stime 1 cutime 0 cstime 0 CPU usage 98)
	CPU temperature (celsius): socket 0: 59 socket 1: 69[0m
EAR[556453](hratio_l30) at 2.60/1.47 in tcn366 MR[0] elapsed 411 sec.: [32mLoop time: 1.108s DC Power: [35m419.2W[32m DRAM power: 0.00W PCK power: 381.23W
	avg. CPUFreq: 2.57GHz avg. IMCFreq: 1.47GHz
	CPI: 0.516 VPI: 0.00, Mem. bwidth: 0.12GB/s GFLOPS: 0.00 I/O: 0.01MB/s No MPI  
	TPI 0.03 Cache miss rates: L1 0.83GB/s L2 0.00GB/s L3 0.00GB/s
	Total MPI calls 2
	IO DATA: rchar 4606 wchar 8842 syscr 51 syscw 27 read_bytes 0 write_bytes 299008
	Process OS info: (pid 556453 state R utime 1090 stime 0 cutime 0 cstime 0 CPU usage 98)
	CPU temperature (celsius): socket 0: 59 socket 1: 69[0m
EAR[556453](hratio_l30) at 2.60/1.47 in tcn366 MR[0] elapsed 422 sec.: [32mLoop time: 1.109s DC Power: [35m465.4W[32m DRAM power: 0.00W PCK power: 381.13W
	avg. CPUFreq: 2.57GHz avg. IMCFreq: 1.47GHz
	CPI: 0.516 VPI: 0.00, Mem. bwidth: 0.12GB/s GFLOPS: 0.00 I/O: 0.01MB/s No MPI  
	TPI 0.03 Cache miss rates: L1 0.86GB/s L2 0.00GB/s L3 0.00GB/s
	Total MPI calls 2
	IO DATA: rchar 4606 wchar 8842 syscr 51 syscw 27 read_bytes 0 write_bytes 294912
	Process OS info: (pid 556453 state R utime 1091 stime 1 cutime 0 cstime 0 CPU usage 98)
	CPU temperature (celsius): socket 0: 59 socket 1: 69[0m
EAR[556453](hratio_l30) at 2.60/1.47 in tcn366 MR[0] elapsed 433 sec.: [32mLoop time: 1.108s DC Power: [35m465.7W[32m DRAM power: 0.00W PCK power: 381.17W
	avg. CPUFreq: 2.57GHz avg. IMCFreq: 1.47GHz
	CPI: 0.517 VPI: 0.00, Mem. bwidth: 0.16GB/s GFLOPS: 0.00 I/O: 0.01MB/s No MPI  
	TPI 0.03 Cache miss rates: L1 0.75GB/s L2 0.00GB/s L3 0.00GB/s
	Total MPI calls 2
	IO DATA: rchar 4606 wchar 8842 syscr 51 syscw 27 read_bytes 0 write_bytes 299008
	Process OS info: (pid 556453 state R utime 1092 stime 0 cutime 0 cstime 0 CPU usage 98)
	CPU temperature (celsius): socket 0: 59 socket 1: 69[0m
EAR[556453](hratio_l30) at 2.60/1.47 in tcn366 MR[0] elapsed 444 sec.: [32mLoop time: 1.108s DC Power: [35m465.7W[32m DRAM power: 0.00W PCK power: 381.07W
	avg. CPUFreq: 2.57GHz avg. IMCFreq: 1.47GHz
	CPI: 0.517 VPI: 0.00, Mem. bwidth: 0.14GB/s GFLOPS: 0.00 I/O: 0.01MB/s No MPI  
	TPI 0.03 Cache miss rates: L1 0.83GB/s L2 0.00GB/s L3 0.00GB/s
	Total MPI calls 2
	IO DATA: rchar 4606 wchar 8842 syscr 51 syscw 27 read_bytes 0 write_bytes 294912
	Process OS info: (pid 556453 state R utime 1091 stime 1 cutime 0 cstime 0 CPU usage 98)
	CPU temperature (celsius): socket 0: 59 socket 1: 69[0m
EAR[556453](hratio_l30) at 2.60/1.47 in tcn366 MR[0] elapsed 455 sec.: [32mLoop time: 1.107s DC Power: [35m419.4W[32m DRAM power: 0.00W PCK power: 381.19W
	avg. CPUFreq: 2.57GHz avg. IMCFreq: 1.47GHz
	CPI: 0.517 VPI: 0.00, Mem. bwidth: 0.14GB/s GFLOPS: 0.00 I/O: 0.01MB/s No MPI  
	TPI 0.03 Cache miss rates: L1 0.84GB/s L2 0.00GB/s L3 0.00GB/s
	Total MPI calls 2
	IO DATA: rchar 4606 wchar 8842 syscr 51 syscw 27 read_bytes 0 write_bytes 294912
	Process OS info: (pid 556453 state R utime 1091 stime 1 cutime 0 cstime 0 CPU usage 98)
	CPU temperature (celsius): socket 0: 59 socket 1: 69[0m
EAR[556453](hratio_l30) at 2.60/1.47 in tcn366 MR[0] elapsed 466 sec.: [32mLoop time: 1.107s DC Power: [35m465.9W[32m DRAM power: 0.00W PCK power: 381.15W
	avg. CPUFreq: 2.57GHz avg. IMCFreq: 1.47GHz
	CPI: 0.517 VPI: 0.00, Mem. bwidth: 0.15GB/s GFLOPS: 0.00 I/O: 0.01MB/s No MPI  
	TPI 0.03 Cache miss rates: L1 0.88GB/s L2 0.00GB/s L3 0.00GB/s
	Total MPI calls 2
	IO DATA: rchar 4606 wchar 8842 syscr 51 syscw 27 read_bytes 0 write_bytes 303104
	Process OS info: (pid 556453 state R utime 1079 stime 1 cutime 0 cstime 0 CPU usage 97)
	CPU temperature (celsius): socket 0: 59 socket 1: 69[0m
EAR[556453](hratio_l30) at 2.60/1.47 in tcn366 MR[0] elapsed 478 sec.: [32mLoop time: 1.108s DC Power: [35m465.7W[32m DRAM power: 0.00W PCK power: 381.08W
	avg. CPUFreq: 2.57GHz avg. IMCFreq: 1.47GHz
	CPI: 0.517 VPI: 0.00, Mem. bwidth: 0.13GB/s GFLOPS: 0.00 I/O: 0.01MB/s No MPI  
	TPI 0.03 Cache miss rates: L1 0.83GB/s L2 0.00GB/s L3 0.00GB/s
	Total MPI calls 2
	IO DATA: rchar 4606 wchar 8842 syscr 51 syscw 27 read_bytes 0 write_bytes 294912
	Process OS info: (pid 556453 state R utime 1092 stime 0 cutime 0 cstime 0 CPU usage 98)
	CPU temperature (celsius): socket 0: 59 socket 1: 69[0m
EAR[556453](hratio_l30) at 2.60/1.47 in tcn366 MR[0] elapsed 489 sec.: [32mLoop time: 1.108s DC Power: [35m465.7W[32m DRAM power: 0.00W PCK power: 381.10W
	avg. CPUFreq: 2.57GHz avg. IMCFreq: 1.47GHz
	CPI: 0.517 VPI: 0.00, Mem. bwidth: 0.17GB/s GFLOPS: 0.00 I/O: 0.01MB/s No MPI  
	TPI 0.04 Cache miss rates: L1 0.85GB/s L2 0.00GB/s L3 0.00GB/s
	Total MPI calls 2
	IO DATA: rchar 4606 wchar 8842 syscr 51 syscw 27 read_bytes 0 write_bytes 303104
	Process OS info: (pid 556453 state R utime 1079 stime 1 cutime 0 cstime 0 CPU usage 97)
	CPU temperature (celsius): socket 0: 59 socket 1: 69[0m
EAR[556453](hratio_l30) at 2.60/1.47 in tcn366 MR[0] elapsed 500 sec.: [32mLoop time: 1.108s DC Power: [35m465.7W[32m DRAM power: 0.00W PCK power: 381.05W
	avg. CPUFreq: 2.57GHz avg. IMCFreq: 1.47GHz
	CPI: 0.517 VPI: 0.00, Mem. bwidth: 0.13GB/s GFLOPS: 0.00 I/O: 0.01MB/s No MPI  
	TPI 0.03 Cache miss rates: L1 0.81GB/s L2 0.00GB/s L3 0.00GB/s
	Total MPI calls 2
	IO DATA: rchar 4606 wchar 8842 syscr 51 syscw 27 read_bytes 0 write_bytes 294912
	Process OS info: (pid 556453 state R utime 1091 stime 1 cutime 0 cstime 0 CPU usage 98)
	CPU temperature (celsius): socket 0: 59 socket 1: 69[0m
EAR[556453](hratio_l30) at 2.60/1.47 in tcn366 MR[0] elapsed 511 sec.: [32mLoop time: 1.108s DC Power: [35m465.8W[32m DRAM power: 0.00W PCK power: 381.11W
	avg. CPUFreq: 2.57GHz avg. IMCFreq: 1.47GHz
	CPI: 0.517 VPI: 0.00, Mem. bwidth: 0.15GB/s GFLOPS: 0.00 I/O: 0.01MB/s No MPI  
	TPI 0.03 Cache miss rates: L1 0.82GB/s L2 0.00GB/s L3 0.00GB/s
	Total MPI calls 2
	IO DATA: rchar 4606 wchar 8842 syscr 51 syscw 27 read_bytes 0 write_bytes 294912
	Process OS info: (pid 556453 state R utime 1091 stime 0 cutime 0 cstime 0 CPU usage 98)
	CPU temperature (celsius): socket 0: 59 socket 1: 69[0m
EAR[556453](hratio_l30) at 2.60/1.47 in tcn366 MR[0] elapsed 522 sec.: [32mLoop time: 1.108s DC Power: [35m465.9W[32m DRAM power: 0.00W PCK power: 380.84W
	avg. CPUFreq: 2.57GHz avg. IMCFreq: 1.47GHz
	CPI: 0.518 VPI: 0.00, Mem. bwidth: 0.16GB/s GFLOPS: 0.00 I/O: 0.01MB/s No MPI  
	TPI 0.03 Cache miss rates: L1 0.83GB/s L2 0.00GB/s L3 0.00GB/s
	Total MPI calls 2
	IO DATA: rchar 4606 wchar 8842 syscr 51 syscw 27 read_bytes 0 write_bytes 299008
	Process OS info: (pid 556453 state R utime 1087 stime 1 cutime 0 cstime 0 CPU usage 98)
	CPU temperature (celsius): socket 0: 59 socket 1: 69[0m
EAR[556453](hratio_l30) at 2.60/1.47 in tcn366 MR[0] elapsed 533 sec.: [32mLoop time: 1.107s DC Power: [35m419.4W[32m DRAM power: 0.00W PCK power: 380.88W
	avg. CPUFreq: 2.57GHz avg. IMCFreq: 1.47GHz
	CPI: 0.518 VPI: 0.00, Mem. bwidth: 0.13GB/s GFLOPS: 0.00 I/O: 0.01MB/s No MPI  
	TPI 0.03 Cache miss rates: L1 0.82GB/s L2 0.00GB/s L3 0.00GB/s
	Total MPI calls 2
	IO DATA: rchar 4606 wchar 8842 syscr 51 syscw 27 read_bytes 0 write_bytes 299008
	Process OS info: (pid 556453 state R utime 1091 stime 1 cutime 0 cstime 0 CPU usage 98)
	CPU temperature (celsius): socket 0: 59 socket 1: 69[0m
EAR[556453](hratio_l30) at 2.60/1.47 in tcn366 MR[0] elapsed 544 sec.: [32mLoop time: 1.108s DC Power: [35m419.1W[32m DRAM power: 0.00W PCK power: 380.87W
	avg. CPUFreq: 2.57GHz avg. IMCFreq: 1.47GHz
	CPI: 0.517 VPI: 0.00, Mem. bwidth: 0.14GB/s GFLOPS: 0.00 I/O: 0.01MB/s No MPI  
	TPI 0.03 Cache miss rates: L1 0.81GB/s L2 0.00GB/s L3 0.00GB/s
	Total MPI calls 2
	IO DATA: rchar 4606 wchar 8842 syscr 51 syscw 27 read_bytes 0 write_bytes 299008
	Process OS info: (pid 556453 state R utime 1092 stime 0 cutime 0 cstime 0 CPU usage 98)
	CPU temperature (celsius): socket 0: 59 socket 1: 69[0m
EAR[556453](hratio_l30) at 2.60/1.47 in tcn366 MR[0] elapsed 555 sec.: [32mLoop time: 1.108s DC Power: [35m465.8W[32m DRAM power: 0.00W PCK power: 380.88W
	avg. CPUFreq: 2.57GHz avg. IMCFreq: 1.47GHz
	CPI: 0.517 VPI: 0.00, Mem. bwidth: 0.16GB/s GFLOPS: 0.00 I/O: 0.01MB/s No MPI  
	TPI 0.03 Cache miss rates: L1 0.85GB/s L2 0.00GB/s L3 0.00GB/s
	Total MPI calls 2
	IO DATA: rchar 4606 wchar 8842 syscr 51 syscw 27 read_bytes 0 write_bytes 438272
	Process OS info: (pid 556453 state R utime 1091 stime 1 cutime 0 cstime 0 CPU usage 98)
	CPU temperature (celsius): socket 0: 59 socket 1: 69[0m
EAR[556453](hratio_l30) at 2.60/1.47 in tcn366 MR[0] elapsed 566 sec.: [32mLoop time: 1.107s DC Power: [35m466.0W[32m DRAM power: 0.00W PCK power: 380.84W
	avg. CPUFreq: 2.57GHz avg. IMCFreq: 1.47GHz
	CPI: 0.517 VPI: 0.00, Mem. bwidth: 0.14GB/s GFLOPS: 0.00 I/O: 0.01MB/s No MPI  
	TPI 0.03 Cache miss rates: L1 0.85GB/s L2 0.00GB/s L3 0.00GB/s
	Total MPI calls 2
	IO DATA: rchar 4606 wchar 8842 syscr 51 syscw 27 read_bytes 0 write_bytes 364544
	Process OS info: (pid 556453 state R utime 1090 stime 1 cutime 0 cstime 0 CPU usage 98)
	CPU temperature (celsius): socket 0: 59 socket 1: 69[0m
EAR[556453](hratio_l30) at 2.60/1.47 in tcn366 MR[0] elapsed 577 sec.: [32mLoop time: 1.108s DC Power: [35m465.8W[32m DRAM power: 0.00W PCK power: 380.88W
	avg. CPUFreq: 2.57GHz avg. IMCFreq: 1.47GHz
	CPI: 0.517 VPI: 0.00, Mem. bwidth: 0.14GB/s GFLOPS: 0.00 I/O: 0.01MB/s No MPI  
	TPI 0.03 Cache miss rates: L1 0.86GB/s L2 0.00GB/s L3 0.00GB/s
	Total MPI calls 2
	IO DATA: rchar 4606 wchar 8842 syscr 51 syscw 27 read_bytes 0 write_bytes 438272
	Process OS info: (pid 556453 state R utime 1092 stime 0 cutime 0 cstime 0 CPU usage 98)
	CPU temperature (celsius): socket 0: 59 socket 1: 69[0m
EAR[556453](hratio_l30) at 2.60/1.47 in tcn366 MR[0] elapsed 588 sec.: [32mLoop time: 1.108s DC Power: [35m419.1W[32m DRAM power: 0.00W PCK power: 381.02W
	avg. CPUFreq: 2.57GHz avg. IMCFreq: 1.47GHz
	CPI: 0.517 VPI: 0.00, Mem. bwidth: 0.14GB/s GFLOPS: 0.00 I/O: 0.01MB/s No MPI  
	TPI 0.03 Cache miss rates: L1 0.81GB/s L2 0.00GB/s L3 0.00GB/s
	Total MPI calls 2
	IO DATA: rchar 4606 wchar 8842 syscr 51 syscw 27 read_bytes 0 write_bytes 294912
	Process OS info: (pid 556453 state R utime 1079 stime 1 cutime 0 cstime 0 CPU usage 97)
	CPU temperature (celsius): socket 0: 59 socket 1: 69[0m
EAR[556453](hratio_l30) at 2.60/1.47 in tcn366 MR[0] elapsed 599 sec.: [32mLoop time: 1.109s DC Power: [35m465.4W[32m DRAM power: 0.00W PCK power: 380.96W
	avg. CPUFreq: 2.57GHz avg. IMCFreq: 1.47GHz
	CPI: 0.517 VPI: 0.00, Mem. bwidth: 0.14GB/s GFLOPS: 0.00 I/O: 0.01MB/s No MPI  
	TPI 0.03 Cache miss rates: L1 0.84GB/s L2 0.00GB/s L3 0.00GB/s
	Total MPI calls 2
	IO DATA: rchar 4606 wchar 8842 syscr 51 syscw 27 read_bytes 0 write_bytes 294912
	Process OS info: (pid 556453 state R utime 1093 stime 1 cutime 0 cstime 0 CPU usage 98)
	CPU temperature (celsius): socket 0: 59 socket 1: 69[0m
EAR[556453](hratio_l30) at 2.60/1.47 in tcn366 MR[0] elapsed 611 sec.: [32mLoop time: 1.108s DC Power: [35m465.9W[32m DRAM power: 0.00W PCK power: 380.92W
	avg. CPUFreq: 2.57GHz avg. IMCFreq: 1.47GHz
	CPI: 0.517 VPI: 0.00, Mem. bwidth: 0.19GB/s GFLOPS: 0.00 I/O: 0.01MB/s No MPI  
	TPI 0.04 Cache miss rates: L1 0.84GB/s L2 0.00GB/s L3 0.00GB/s
	Total MPI calls 2
	IO DATA: rchar 4606 wchar 8842 syscr 51 syscw 27 read_bytes 0 write_bytes 299008
	Process OS info: (pid 556453 state R utime 1083 stime 0 cutime 0 cstime 0 CPU usage 97)
	CPU temperature (celsius): socket 0: 59 socket 1: 69[0m
EAR[556453](hratio_l30) at 2.60/1.47 in tcn366 MR[0] elapsed 622 sec.: [32mLoop time: 1.108s DC Power: [35m465.7W[32m DRAM power: 0.00W PCK power: 380.92W
	avg. CPUFreq: 2.57GHz avg. IMCFreq: 1.47GHz
	CPI: 0.518 VPI: 0.00, Mem. bwidth: 0.15GB/s GFLOPS: 0.00 I/O: 0.01MB/s No MPI  
	TPI 0.03 Cache miss rates: L1 0.83GB/s L2 0.00GB/s L3 0.00GB/s
	Total MPI calls 2
	IO DATA: rchar 4606 wchar 8842 syscr 51 syscw 27 read_bytes 0 write_bytes 299008
	Process OS info: (pid 556453 state R utime 1091 stime 1 cutime 0 cstime 0 CPU usage 98)
	CPU temperature (celsius): socket 0: 59 socket 1: 69[0m
EAR[556453](hratio_l30) at 2.60/1.47 in tcn366 MR[0] elapsed 633 sec.: [32mLoop time: 1.108s DC Power: [35m419.3W[32m DRAM power: 0.00W PCK power: 380.95W
	avg. CPUFreq: 2.57GHz avg. IMCFreq: 1.47GHz
	CPI: 0.517 VPI: 0.00, Mem. bwidth: 0.13GB/s GFLOPS: 0.00 I/O: 0.01MB/s No MPI  
	TPI 0.03 Cache miss rates: L1 0.82GB/s L2 0.00GB/s L3 0.00GB/s
	Total MPI calls 2
	IO DATA: rchar 4606 wchar 8842 syscr 51 syscw 27 read_bytes 0 write_bytes 299008
	Process OS info: (pid 556453 state R utime 1092 stime 1 cutime 0 cstime 0 CPU usage 98)
	CPU temperature (celsius): socket 0: 59 socket 1: 69[0m
EAR[556453](hratio_l30) at 2.60/1.47 in tcn366 MR[0] elapsed 644 sec.: [32mLoop time: 1.108s DC Power: [35m465.8W[32m DRAM power: 0.00W PCK power: 381.11W
	avg. CPUFreq: 2.57GHz avg. IMCFreq: 1.47GHz
	CPI: 0.517 VPI: 0.00, Mem. bwidth: 0.18GB/s GFLOPS: 0.00 I/O: 0.01MB/s No MPI  
	TPI 0.04 Cache miss rates: L1 0.82GB/s L2 0.00GB/s L3 0.00GB/s
	Total MPI calls 2
	IO DATA: rchar 4606 wchar 8842 syscr 51 syscw 27 read_bytes 0 write_bytes 299008
	Process OS info: (pid 556453 state R utime 1091 stime 0 cutime 0 cstime 0 CPU usage 98)
	CPU temperature (celsius): socket 0: 59 socket 1: 69[0m
EAR[556453](hratio_l30) at 2.60/1.47 in tcn366 MR[0] elapsed 655 sec.: [32mLoop time: 1.107s DC Power: [35m419.3W[32m DRAM power: 0.00W PCK power: 381.10W
	avg. CPUFreq: 2.57GHz avg. IMCFreq: 1.47GHz
	CPI: 0.517 VPI: 0.00, Mem. bwidth: 0.14GB/s GFLOPS: 0.00 I/O: 0.01MB/s No MPI  
	TPI 0.03 Cache miss rates: L1 0.83GB/s L2 0.00GB/s L3 0.00GB/s
	Total MPI calls 2
	IO DATA: rchar 4606 wchar 8842 syscr 51 syscw 27 read_bytes 0 write_bytes 299008
	Process OS info: (pid 556453 state R utime 1091 stime 1 cutime 0 cstime 0 CPU usage 98)
	CPU temperature (celsius): socket 0: 59 socket 1: 69[0m
EAR[556453](hratio_l30) at 2.60/1.47 in tcn366 MR[0] elapsed 666 sec.: [32mLoop time: 1.107s DC Power: [35m465.9W[32m DRAM power: 0.00W PCK power: 380.89W
	avg. CPUFreq: 2.57GHz avg. IMCFreq: 1.47GHz
	CPI: 0.517 VPI: 0.00, Mem. bwidth: 0.12GB/s GFLOPS: 0.00 I/O: 0.01MB/s No MPI  
	TPI 0.02 Cache miss rates: L1 0.82GB/s L2 0.00GB/s L3 0.00GB/s
	Total MPI calls 2
	IO DATA: rchar 4606 wchar 8842 syscr 51 syscw 27 read_bytes 0 write_bytes 299008
	Process OS info: (pid 556453 state R utime 1091 stime 1 cutime 0 cstime 0 CPU usage 98)
	CPU temperature (celsius): socket 0: 59 socket 1: 69[0m
EAR[556453](hratio_l30) at 2.60/1.47 in tcn366 MR[0] elapsed 677 sec.: [32mLoop time: 1.108s DC Power: [35m419.1W[32m DRAM power: 0.00W PCK power: 381.00W
	avg. CPUFreq: 2.57GHz avg. IMCFreq: 1.47GHz
	CPI: 0.517 VPI: 0.00, Mem. bwidth: 0.16GB/s GFLOPS: 0.00 I/O: 0.01MB/s No MPI  
	TPI 0.03 Cache miss rates: L1 0.83GB/s L2 0.00GB/s L3 0.00GB/s
	Total MPI calls 2
	IO DATA: rchar 4606 wchar 8842 syscr 51 syscw 27 read_bytes 0 write_bytes 299008
	Process OS info: (pid 556453 state R utime 1092 stime 0 cutime 0 cstime 0 CPU usage 98)
	CPU temperature (celsius): socket 0: 59 socket 1: 69[0m
EAR[556453](hratio_l30) at 2.60/1.47 in tcn366 MR[0] elapsed 688 sec.: [32mLoop time: 1.108s DC Power: [35m465.7W[32m DRAM power: 0.00W PCK power: 381.09W
	avg. CPUFreq: 2.57GHz avg. IMCFreq: 1.47GHz
	CPI: 0.516 VPI: 0.00, Mem. bwidth: 0.13GB/s GFLOPS: 0.00 I/O: 0.01MB/s No MPI  
	TPI 0.03 Cache miss rates: L1 0.80GB/s L2 0.00GB/s L3 0.00GB/s
	Total MPI calls 2
	IO DATA: rchar 4606 wchar 8842 syscr 51 syscw 27 read_bytes 0 write_bytes 299008
	Process OS info: (pid 556453 state R utime 1091 stime 1 cutime 0 cstime 0 CPU usage 98)
	CPU temperature (celsius): socket 0: 59 socket 1: 69[0m
EAR[556453](hratio_l30) at 2.60/1.47 in tcn366 MR[0] elapsed 699 sec.: [32mLoop time: 1.108s DC Power: [35m465.6W[32m DRAM power: 0.00W PCK power: 381.09W
	avg. CPUFreq: 2.57GHz avg. IMCFreq: 1.47GHz
	CPI: 0.517 VPI: 0.00, Mem. bwidth: 0.18GB/s GFLOPS: 0.00 I/O: 0.01MB/s No MPI  
	TPI 0.04 Cache miss rates: L1 0.84GB/s L2 0.00GB/s L3 0.00GB/s
	Total MPI calls 2
	IO DATA: rchar 4606 wchar 8842 syscr 51 syscw 27 read_bytes 0 write_bytes 303104
	Process OS info: (pid 556453 state R utime 1079 stime 1 cutime 0 cstime 0 CPU usage 97)
	CPU temperature (celsius): socket 0: 59 socket 1: 69[0m
EAR[556453](hratio_l30) at 2.60/1.47 in tcn366 MR[0] elapsed 710 sec.: [32mLoop time: 1.108s DC Power: [35m419.0W[32m DRAM power: 0.00W PCK power: 381.18W
	avg. CPUFreq: 2.57GHz avg. IMCFreq: 1.47GHz
	CPI: 0.516 VPI: 0.00, Mem. bwidth: 0.11GB/s GFLOPS: 0.00 I/O: 0.01MB/s No MPI  
	TPI 0.02 Cache miss rates: L1 0.82GB/s L2 0.00GB/s L3 0.00GB/s
	Total MPI calls 2
	IO DATA: rchar 4606 wchar 8842 syscr 51 syscw 27 read_bytes 0 write_bytes 413696
	Process OS info: (pid 556453 state R utime 1092 stime 0 cutime 0 cstime 0 CPU usage 98)
	CPU temperature (celsius): socket 0: 59 socket 1: 69[0m
EAR[556453](hratio_l30) at 2.60/1.47 in tcn366 MR[0] elapsed 721 sec.: [32mLoop time: 1.108s DC Power: [35m419.1W[32m DRAM power: 0.00W PCK power: 381.34W
	avg. CPUFreq: 2.57GHz avg. IMCFreq: 1.47GHz
	CPI: 0.516 VPI: 0.00, Mem. bwidth: 0.13GB/s GFLOPS: 0.00 I/O: 0.01MB/s No MPI  
	TPI 0.03 Cache miss rates: L1 0.82GB/s L2 0.00GB/s L3 0.00GB/s
	Total MPI calls 2
	IO DATA: rchar 4606 wchar 8842 syscr 51 syscw 27 read_bytes 0 write_bytes 458752
	Process OS info: (pid 556453 state R utime 1091 stime 1 cutime 0 cstime 0 CPU usage 98)
	CPU temperature (celsius): socket 0: 59 socket 1: 69[0m
EAR[556453](hratio_l30) at 2.60/1.47 in tcn366 MR[0] elapsed 732 sec.: [32mLoop time: 1.108s DC Power: [35m465.7W[32m DRAM power: 0.00W PCK power: 381.09W
	avg. CPUFreq: 2.57GHz avg. IMCFreq: 1.47GHz
	CPI: 0.517 VPI: 0.00, Mem. bwidth: 0.16GB/s GFLOPS: 0.00 I/O: 0.01MB/s No MPI  
	TPI 0.03 Cache miss rates: L1 0.82GB/s L2 0.00GB/s L3 0.00GB/s
	Total MPI calls 2
	IO DATA: rchar 4606 wchar 8842 syscr 51 syscw 27 read_bytes 0 write_bytes 294912
	Process OS info: (pid 556453 state R utime 1092 stime 1 cutime 0 cstime 0 CPU usage 98)
	CPU temperature (celsius): socket 0: 59 socket 1: 69[0m
EAR[556453](hratio_l30) at 2.60/1.47 in tcn366 MR[0] elapsed 743 sec.: [32mLoop time: 1.108s DC Power: [35m465.8W[32m DRAM power: 0.00W PCK power: 381.04W
	avg. CPUFreq: 2.57GHz avg. IMCFreq: 1.47GHz
	CPI: 0.516 VPI: 0.00, Mem. bwidth: 0.14GB/s GFLOPS: 0.00 I/O: 0.01MB/s No MPI  
	TPI 0.03 Cache miss rates: L1 0.81GB/s L2 0.00GB/s L3 0.00GB/s
	Total MPI calls 2
	IO DATA: rchar 4606 wchar 8842 syscr 51 syscw 27 read_bytes 0 write_bytes 311296
	Process OS info: (pid 556453 state R utime 1091 stime 0 cutime 0 cstime 0 CPU usage 98)
	CPU temperature (celsius): socket 0: 59 socket 1: 69[0m
EAR[556453](hratio_l30) at 2.60/1.47 in tcn366 MR[0] elapsed 755 sec.: [32mLoop time: 1.108s DC Power: [35m465.9W[32m DRAM power: 0.00W PCK power: 381.12W
	avg. CPUFreq: 2.57GHz avg. IMCFreq: 1.47GHz
	CPI: 0.516 VPI: 0.00, Mem. bwidth: 0.14GB/s GFLOPS: 0.00 I/O: 0.01MB/s No MPI  
	TPI 0.03 Cache miss rates: L1 0.82GB/s L2 0.00GB/s L3 0.00GB/s
	Total MPI calls 2
	IO DATA: rchar 4606 wchar 8842 syscr 51 syscw 27 read_bytes 0 write_bytes 294912
	Process OS info: (pid 556453 state R utime 1089 stime 1 cutime 0 cstime 0 CPU usage 98)
	CPU temperature (celsius): socket 0: 59 socket 1: 69[0m
EAR[556453](hratio_l30) at 2.60/1.47 in tcn366 MR[0] elapsed 766 sec.: [32mLoop time: 1.108s DC Power: [35m465.7W[32m DRAM power: 0.00W PCK power: 381.05W
	avg. CPUFreq: 2.57GHz avg. IMCFreq: 1.47GHz
	CPI: 0.517 VPI: 0.00, Mem. bwidth: 0.17GB/s GFLOPS: 0.00 I/O: 0.01MB/s No MPI  
	TPI 0.03 Cache miss rates: L1 0.78GB/s L2 0.00GB/s L3 0.00GB/s
	Total MPI calls 2
	IO DATA: rchar 4606 wchar 8842 syscr 51 syscw 27 read_bytes 0 write_bytes 303104
	Process OS info: (pid 556453 state R utime 1091 stime 1 cutime 0 cstime 0 CPU usage 98)
	CPU temperature (celsius): socket 0: 59 socket 1: 69[0m
EAR[556453](hratio_l30) at 2.60/1.47 in tcn366 MR[0] elapsed 777 sec.: [32mLoop time: 1.107s DC Power: [35m419.3W[32m DRAM power: 0.00W PCK power: 381.17W
	avg. CPUFreq: 2.57GHz avg. IMCFreq: 1.47GHz
	CPI: 0.516 VPI: 0.00, Mem. bwidth: 0.13GB/s GFLOPS: 0.00 I/O: 0.01MB/s No MPI  
	TPI 0.03 Cache miss rates: L1 0.79GB/s L2 0.00GB/s L3 0.00GB/s
	Total MPI calls 2
	IO DATA: rchar 4606 wchar 8842 syscr 51 syscw 27 read_bytes 0 write_bytes 299008
	Process OS info: (pid 556453 state R utime 1090 stime 1 cutime 0 cstime 0 CPU usage 98)
	CPU temperature (celsius): socket 0: 59 socket 1: 69[0m
EAR[556453](hratio_l30) at 2.60/1.47 in tcn366 MR[0] elapsed 788 sec.: [32mLoop time: 1.108s DC Power: [35m465.7W[32m DRAM power: 0.00W PCK power: 381.16W
	avg. CPUFreq: 2.57GHz avg. IMCFreq: 1.47GHz
	CPI: 0.516 VPI: 0.00, Mem. bwidth: 0.13GB/s GFLOPS: 0.00 I/O: 0.01MB/s No MPI  
	TPI 0.03 Cache miss rates: L1 0.79GB/s L2 0.00GB/s L3 0.00GB/s
	Total MPI calls 2
	IO DATA: rchar 4606 wchar 8842 syscr 51 syscw 27 read_bytes 0 write_bytes 299008
	Process OS info: (pid 556453 state R utime 1090 stime 0 cutime 0 cstime 0 CPU usage 98)
	CPU temperature (celsius): socket 0: 59 socket 1: 69[0m
EAR[556453](hratio_l30) at 2.60/1.47 in tcn366 MR[0] elapsed 799 sec.: [32mLoop time: 1.108s DC Power: [35m465.9W[32m DRAM power: 0.00W PCK power: 381.07W
	avg. CPUFreq: 2.57GHz avg. IMCFreq: 1.47GHz
	CPI: 0.517 VPI: 0.00, Mem. bwidth: 0.14GB/s GFLOPS: 0.00 I/O: 0.01MB/s No MPI  
	TPI 0.03 Cache miss rates: L1 0.77GB/s L2 0.00GB/s L3 0.00GB/s
	Total MPI calls 2
	IO DATA: rchar 4606 wchar 8842 syscr 51 syscw 27 read_bytes 0 write_bytes 299008
	Process OS info: (pid 556453 state R utime 1090 stime 1 cutime 0 cstime 0 CPU usage 98)
	CPU temperature (celsius): socket 0: 59 socket 1: 69[0m
EAR[556453](hratio_l30) at 2.60/1.47 in tcn366 MR[0] elapsed 810 sec.: [32mLoop time: 1.107s DC Power: [35m419.4W[32m DRAM power: 0.00W PCK power: 381.24W
	avg. CPUFreq: 2.57GHz avg. IMCFreq: 1.47GHz
	CPI: 0.517 VPI: 0.00, Mem. bwidth: 0.30GB/s GFLOPS: 0.00 I/O: 0.01MB/s No MPI  
	TPI 0.06 Cache miss rates: L1 0.76GB/s L2 0.00GB/s L3 0.00GB/s
	Total MPI calls 2
	IO DATA: rchar 4606 wchar 8842 syscr 51 syscw 27 read_bytes 0 write_bytes 303104
	Process OS info: (pid 556453 state R utime 1088 stime 1 cutime 0 cstime 0 CPU usage 98)
	CPU temperature (celsius): socket 0: 59 socket 1: 69[0m
EAR[556453](hratio_l30) at 2.60/1.47 in tcn366 MR[0] elapsed 821 sec.: [32mLoop time: 1.108s DC Power: [35m465.9W[32m DRAM power: 0.00W PCK power: 381.46W
	avg. CPUFreq: 2.57GHz avg. IMCFreq: 1.47GHz
	CPI: 0.517 VPI: 0.00, Mem. bwidth: 0.40GB/s GFLOPS: 0.00 I/O: 0.01MB/s No MPI  
	TPI 0.08 Cache miss rates: L1 0.79GB/s L2 0.00GB/s L3 0.00GB/s
	Total MPI calls 2
	IO DATA: rchar 4606 wchar 8842 syscr 51 syscw 27 read_bytes 0 write_bytes 294912
	Process OS info: (pid 556453 state R utime 1083 stime 1 cutime 0 cstime 0 CPU usage 97)
	CPU temperature (celsius): socket 0: 59 socket 1: 69[0m
EAR[556453](hratio_l30) at 2.60/1.47 in tcn366 MR[0] elapsed 832 sec.: [32mLoop time: 1.108s DC Power: [35m419.2W[32m DRAM power: 0.00W PCK power: 381.08W
	avg. CPUFreq: 2.57GHz avg. IMCFreq: 1.47GHz
	CPI: 0.517 VPI: 0.00, Mem. bwidth: 0.23GB/s GFLOPS: 0.00 I/O: 0.01MB/s No MPI  
	TPI 0.05 Cache miss rates: L1 0.82GB/s L2 0.00GB/s L3 0.00GB/s
	Total MPI calls 2
	IO DATA: rchar 4606 wchar 8842 syscr 51 syscw 27 read_bytes 0 write_bytes 303104
	Process OS info: (pid 556453 state R utime 1080 stime 0 cutime 0 cstime 0 CPU usage 97)
	CPU temperature (celsius): socket 0: 59 socket 1: 69[0m
EAR[556453](hratio_l30) at 2.60/1.47 in tcn366 MR[0] elapsed 843 sec.: [32mLoop time: 1.109s DC Power: [35m465.5W[32m DRAM power: 0.00W PCK power: 381.53W
	avg. CPUFreq: 2.57GHz avg. IMCFreq: 1.47GHz
	CPI: 0.517 VPI: 0.00, Mem. bwidth: 0.45GB/s GFLOPS: 0.00 I/O: 0.01MB/s No MPI  
	TPI 0.09 Cache miss rates: L1 0.87GB/s L2 0.00GB/s L3 0.00GB/s
	Total MPI calls 2
	IO DATA: rchar 4606 wchar 8842 syscr 51 syscw 27 read_bytes 0 write_bytes 454656
	Process OS info: (pid 556453 state R utime 1090 stime 1 cutime 0 cstime 0 CPU usage 98)
	CPU temperature (celsius): socket 0: 59 socket 1: 69[0m
EAR[556453](hratio_l30) at 2.60/1.47 in tcn366 MR[0] elapsed 854 sec.: [32mLoop time: 1.108s DC Power: [35m419.2W[32m DRAM power: 0.00W PCK power: 381.18W
	avg. CPUFreq: 2.57GHz avg. IMCFreq: 1.47GHz
	CPI: 0.517 VPI: 0.00, Mem. bwidth: 0.23GB/s GFLOPS: 0.00 I/O: 0.01MB/s No MPI  
	TPI 0.05 Cache miss rates: L1 0.82GB/s L2 0.00GB/s L3 0.00GB/s
	Total MPI calls 2
	IO DATA: rchar 4606 wchar 8842 syscr 51 syscw 27 read_bytes 0 write_bytes 303104
	Process OS info: (pid 556453 state R utime 1089 stime 1 cutime 0 cstime 0 CPU usage 98)
	CPU temperature (celsius): socket 0: 59 socket 1: 69[0m
EAR[556453](hratio_l30) at 2.60/1.47 in tcn366 MR[0] elapsed 865 sec.: [32mLoop time: 1.108s DC Power: [35m465.7W[32m DRAM power: 0.00W PCK power: 381.22W
	avg. CPUFreq: 2.57GHz avg. IMCFreq: 1.47GHz
	CPI: 0.516 VPI: 0.00, Mem. bwidth: 0.13GB/s GFLOPS: 0.00 I/O: 0.01MB/s No MPI  
	TPI 0.03 Cache miss rates: L1 0.86GB/s L2 0.00GB/s L3 0.00GB/s
	Total MPI calls 2
	IO DATA: rchar 4606 wchar 8842 syscr 51 syscw 27 read_bytes 0 write_bytes 311296
	Process OS info: (pid 556453 state R utime 1092 stime 0 cutime 0 cstime 0 CPU usage 98)
	CPU temperature (celsius): socket 0: 59 socket 1: 69[0m
EAR[556453](hratio_l30) at 2.60/1.47 in tcn366 MR[0] elapsed 876 sec.: [32mLoop time: 1.108s DC Power: [35m465.9W[32m DRAM power: 0.00W PCK power: 381.13W
	avg. CPUFreq: 2.57GHz avg. IMCFreq: 1.47GHz
	CPI: 0.516 VPI: 0.00, Mem. bwidth: 0.14GB/s GFLOPS: 0.00 I/O: 0.01MB/s No MPI  
	TPI 0.03 Cache miss rates: L1 0.80GB/s L2 0.00GB/s L3 0.00GB/s
	Total MPI calls 2
	IO DATA: rchar 4606 wchar 8842 syscr 51 syscw 27 read_bytes 0 write_bytes 294912
	Process OS info: (pid 556453 state R utime 1091 stime 1 cutime 0 cstime 0 CPU usage 98)
	CPU temperature (celsius): socket 0: 59 socket 1: 69[0m
EAR[556453](hratio_l30) at 2.60/1.47 in tcn366 MR[0] elapsed 887 sec.: [32mLoop time: 1.108s DC Power: [35m419.2W[32m DRAM power: 0.00W PCK power: 381.04W
	avg. CPUFreq: 2.57GHz avg. IMCFreq: 1.47GHz
	CPI: 0.516 VPI: 0.00, Mem. bwidth: 0.14GB/s GFLOPS: 0.00 I/O: 0.01MB/s No MPI  
	TPI 0.03 Cache miss rates: L1 0.80GB/s L2 0.00GB/s L3 0.00GB/s
	Total MPI calls 2
	IO DATA: rchar 4606 wchar 8842 syscr 51 syscw 27 read_bytes 0 write_bytes 294912
	Process OS info: (pid 556453 state R utime 1090 stime 1 cutime 0 cstime 0 CPU usage 98)
	CPU temperature (celsius): socket 0: 59 socket 1: 69[0m
EAR[556453](hratio_l30) at 2.60/1.47 in tcn366 MR[0] elapsed 899 sec.: [32mLoop time: 1.108s DC Power: [35m419.1W[32m DRAM power: 0.00W PCK power: 381.20W
	avg. CPUFreq: 2.57GHz avg. IMCFreq: 1.47GHz
	CPI: 0.516 VPI: 0.00, Mem. bwidth: 0.14GB/s GFLOPS: 0.00 I/O: 0.01MB/s No MPI  
	TPI 0.03 Cache miss rates: L1 0.82GB/s L2 0.00GB/s L3 0.00GB/s
	Total MPI calls 2
	IO DATA: rchar 4606 wchar 8842 syscr 51 syscw 27 read_bytes 0 write_bytes 299008
	Process OS info: (pid 556453 state R utime 1092 stime 1 cutime 0 cstime 0 CPU usage 98)
	CPU temperature (celsius): socket 0: 59 socket 1: 69[0m
EAR[556453](hratio_l30) at 2.60/1.47 in tcn366 MR[0] elapsed 910 sec.: [32mLoop time: 1.107s DC Power: [35m465.9W[32m DRAM power: 0.00W PCK power: 381.22W
	avg. CPUFreq: 2.57GHz avg. IMCFreq: 1.47GHz
	CPI: 0.516 VPI: 0.00, Mem. bwidth: 0.16GB/s GFLOPS: 0.00 I/O: 0.01MB/s No MPI  
	TPI 0.03 Cache miss rates: L1 0.81GB/s L2 0.00GB/s L3 0.00GB/s
	Total MPI calls 2
	IO DATA: rchar 4606 wchar 8842 syscr 51 syscw 27 read_bytes 0 write_bytes 294912
	Process OS info: (pid 556453 state R utime 1091 stime 0 cutime 0 cstime 0 CPU usage 98)
	CPU temperature (celsius): socket 0: 59 socket 1: 69[0m
EAR[556453](hratio_l30) at 2.60/1.47 in tcn366 MR[0] elapsed 921 sec.: [32mLoop time: 1.108s DC Power: [35m465.5W[32m DRAM power: 0.00W PCK power: 381.12W
	avg. CPUFreq: 2.57GHz avg. IMCFreq: 1.47GHz
	CPI: 0.517 VPI: 0.00, Mem. bwidth: 0.14GB/s GFLOPS: 0.00 I/O: 0.01MB/s No MPI  
	TPI 0.03 Cache miss rates: L1 0.80GB/s L2 0.00GB/s L3 0.00GB/s
	Total MPI calls 2
	IO DATA: rchar 4606 wchar 8842 syscr 51 syscw 27 read_bytes 0 write_bytes 303104
	Process OS info: (pid 556453 state R utime 1091 stime 1 cutime 0 cstime 0 CPU usage 98)
	CPU temperature (celsius): socket 0: 59 socket 1: 69[0m
EAR[556453](hratio_l30) at 2.60/1.47 in tcn366 MR[0] elapsed 932 sec.: [32mLoop time: 1.108s DC Power: [35m465.8W[32m DRAM power: 0.00W PCK power: 381.07W
	avg. CPUFreq: 2.57GHz avg. IMCFreq: 1.47GHz
	CPI: 0.516 VPI: 0.00, Mem. bwidth: 0.12GB/s GFLOPS: 0.00 I/O: 0.01MB/s No MPI  
	TPI 0.03 Cache miss rates: L1 0.80GB/s L2 0.00GB/s L3 0.00GB/s
	Total MPI calls 2
	IO DATA: rchar 4606 wchar 8842 syscr 51 syscw 27 read_bytes 0 write_bytes 294912
	Process OS info: (pid 556453 state R utime 1092 stime 1 cutime 0 cstime 0 CPU usage 98)
	CPU temperature (celsius): socket 0: 59 socket 1: 69[0m
EAR[556453](hratio_l30) at 2.60/1.47 in tcn366 MR[0] elapsed 943 sec.: [32mLoop time: 1.108s DC Power: [35m465.7W[32m DRAM power: 0.00W PCK power: 380.97W
	avg. CPUFreq: 2.57GHz avg. IMCFreq: 1.47GHz
	CPI: 0.517 VPI: 0.00, Mem. bwidth: 0.15GB/s GFLOPS: 0.00 I/O: 0.01MB/s No MPI  
	TPI 0.03 Cache miss rates: L1 0.80GB/s L2 0.00GB/s L3 0.00GB/s
	Total MPI calls 2
	IO DATA: rchar 4606 wchar 8842 syscr 51 syscw 27 read_bytes 0 write_bytes 299008
	Process OS info: (pid 556453 state R utime 1092 stime 0 cutime 0 cstime 0 CPU usage 98)
	CPU temperature (celsius): socket 0: 59 socket 1: 69[0m
EAR[556453](hratio_l30) at 2.60/1.47 in tcn366 MR[0] elapsed 954 sec.: [32mLoop time: 1.107s DC Power: [35m419.3W[32m DRAM power: 0.00W PCK power: 381.01W
	avg. CPUFreq: 2.57GHz avg. IMCFreq: 1.47GHz
	CPI: 0.516 VPI: 0.00, Mem. bwidth: 0.14GB/s GFLOPS: 0.00 I/O: 0.01MB/s No MPI  
	TPI 0.03 Cache miss rates: L1 0.80GB/s L2 0.00GB/s L3 0.00GB/s
	Total MPI calls 2
	IO DATA: rchar 4606 wchar 8842 syscr 51 syscw 27 read_bytes 0 write_bytes 299008
	Process OS info: (pid 556453 state R utime 1091 stime 1 cutime 0 cstime 0 CPU usage 98)
	CPU temperature (celsius): socket 0: 59 socket 1: 69[0m
EAR[556453](hratio_l30) at 2.60/1.47 in tcn366 MR[0] elapsed 965 sec.: [32mLoop time: 1.108s DC Power: [35m465.8W[32m DRAM power: 0.00W PCK power: 381.08W
	avg. CPUFreq: 2.57GHz avg. IMCFreq: 1.47GHz
	CPI: 0.517 VPI: 0.00, Mem. bwidth: 0.12GB/s GFLOPS: 0.00 I/O: 0.01MB/s No MPI  
	TPI 0.02 Cache miss rates: L1 0.79GB/s L2 0.00GB/s L3 0.00GB/s
	Total MPI calls 2
	IO DATA: rchar 4606 wchar 8842 syscr 51 syscw 27 read_bytes 0 write_bytes 430080
	Process OS info: (pid 556453 state R utime 1091 stime 1 cutime 0 cstime 0 CPU usage 98)
	CPU temperature (celsius): socket 0: 59 socket 1: 69[0m
EAR[556453](hratio_l30) at 2.60/1.47 in tcn366 MR[0] elapsed 976 sec.: [32mLoop time: 1.108s DC Power: [35m465.7W[32m DRAM power: 0.00W PCK power: 381.00W
	avg. CPUFreq: 2.57GHz avg. IMCFreq: 1.47GHz
	CPI: 0.517 VPI: 0.00, Mem. bwidth: 0.14GB/s GFLOPS: 0.00 I/O: 0.01MB/s No MPI  
	TPI 0.03 Cache miss rates: L1 0.77GB/s L2 0.00GB/s L3 0.00GB/s
	Total MPI calls 2
	IO DATA: rchar 4606 wchar 8842 syscr 51 syscw 27 read_bytes 0 write_bytes 303104
	Process OS info: (pid 556453 state R utime 1092 stime 1 cutime 0 cstime 0 CPU usage 98)
	CPU temperature (celsius): socket 0: 59 socket 1: 69[0m
EAR[556453](hratio_l30) at 2.60/1.47 in tcn366 MR[0] elapsed 987 sec.: [32mLoop time: 1.108s DC Power: [35m419.3W[32m DRAM power: 0.00W PCK power: 380.94W
	avg. CPUFreq: 2.57GHz avg. IMCFreq: 1.47GHz
	CPI: 0.517 VPI: 0.00, Mem. bwidth: 0.14GB/s GFLOPS: 0.00 I/O: 0.01MB/s No MPI  
	TPI 0.03 Cache miss rates: L1 0.87GB/s L2 0.00GB/s L3 0.00GB/s
	Total MPI calls 2
	IO DATA: rchar 4606 wchar 8842 syscr 51 syscw 27 read_bytes 0 write_bytes 299008
	Process OS info: (pid 556453 state R utime 1091 stime 0 cutime 0 cstime 0 CPU usage 98)
	CPU temperature (celsius): socket 0: 59 socket 1: 69[0m
EAR[556453](hratio_l30) at 2.60/1.47 in tcn366 MR[0] elapsed 998 sec.: [32mLoop time: 1.108s DC Power: [35m465.7W[32m DRAM power: 0.00W PCK power: 380.93W
	avg. CPUFreq: 2.57GHz avg. IMCFreq: 1.47GHz
	CPI: 0.517 VPI: 0.00, Mem. bwidth: 0.18GB/s GFLOPS: 0.00 I/O: 0.01MB/s No MPI  
	TPI 0.04 Cache miss rates: L1 0.92GB/s L2 0.00GB/s L3 0.00GB/s
	Total MPI calls 2
	IO DATA: rchar 4606 wchar 8842 syscr 51 syscw 27 read_bytes 0 write_bytes 307200
	Process OS info: (pid 556453 state R utime 1091 stime 1 cutime 0 cstime 0 CPU usage 98)
	CPU temperature (celsius): socket 0: 59 socket 1: 69[0m
EAR[556453](hratio_l30) at 2.60/1.47 in tcn366 MR[0] elapsed 1009 sec.: [32mLoop time: 1.108s DC Power: [35m465.8W[32m DRAM power: 0.00W PCK power: 381.00W
	avg. CPUFreq: 2.57GHz avg. IMCFreq: 1.47GHz
	CPI: 0.517 VPI: 0.00, Mem. bwidth: 0.12GB/s GFLOPS: 0.00 I/O: 0.01MB/s No MPI  
	TPI 0.02 Cache miss rates: L1 0.91GB/s L2 0.00GB/s L3 0.00GB/s
	Total MPI calls 2
	IO DATA: rchar 4606 wchar 8842 syscr 51 syscw 27 read_bytes 0 write_bytes 299008
	Process OS info: (pid 556453 state R utime 1092 stime 1 cutime 0 cstime 0 CPU usage 98)
	CPU temperature (celsius): socket 0: 59 socket 1: 69[0m
EAR[556453](hratio_l30) at 2.60/1.47 in tcn366 MR[0] elapsed 1020 sec.: [32mLoop time: 1.108s DC Power: [35m465.7W[32m DRAM power: 0.00W PCK power: 380.99W
	avg. CPUFreq: 2.57GHz avg. IMCFreq: 1.47GHz
	CPI: 0.516 VPI: 0.00, Mem. bwidth: 0.14GB/s GFLOPS: 0.00 I/O: 0.01MB/s No MPI  
	TPI 0.03 Cache miss rates: L1 0.93GB/s L2 0.00GB/s L3 0.00GB/s
	Total MPI calls 2
	IO DATA: rchar 4606 wchar 8843 syscr 51 syscw 27 read_bytes 0 write_bytes 290816
	Process OS info: (pid 556453 state R utime 1092 stime 0 cutime 0 cstime 0 CPU usage 98)
	CPU temperature (celsius): socket 0: 59 socket 1: 69[0m
EAR[556453](hratio_l30) at 2.60/1.47 in tcn366 MR[0] elapsed 1031 sec.: [32mLoop time: 1.108s DC Power: [35m419.1W[32m DRAM power: 0.00W PCK power: 380.96W
	avg. CPUFreq: 2.57GHz avg. IMCFreq: 1.47GHz
	CPI: 0.516 VPI: 0.00, Mem. bwidth: 0.14GB/s GFLOPS: 0.00 I/O: 0.01MB/s No MPI  
	TPI 0.03 Cache miss rates: L1 0.92GB/s L2 0.00GB/s L3 0.00GB/s
	Total MPI calls 2
	IO DATA: rchar 4607 wchar 8989 syscr 51 syscw 57 read_bytes 0 write_bytes 294912
	Process OS info: (pid 556453 state R utime 1091 stime 1 cutime 0 cstime 0 CPU usage 98)
	CPU temperature (celsius): socket 0: 59 socket 1: 69[0m
EAR[556453](hratio_l30) at 2.60/1.47 in tcn366 MR[0] elapsed 1043 sec.: [32mLoop time: 1.108s DC Power: [35m465.7W[32m DRAM power: 0.00W PCK power: 381.08W
	avg. CPUFreq: 2.57GHz avg. IMCFreq: 1.47GHz
	CPI: 0.516 VPI: 0.00, Mem. bwidth: 0.13GB/s GFLOPS: 0.00 I/O: 0.01MB/s No MPI  
	TPI 0.03 Cache miss rates: L1 0.94GB/s L2 0.00GB/s L3 0.00GB/s
	Total MPI calls 2
	IO DATA: rchar 4607 wchar 8843 syscr 51 syscw 27 read_bytes 0 write_bytes 303104
	Process OS info: (pid 556453 state R utime 1092 stime 1 cutime 0 cstime 0 CPU usage 98)
	CPU temperature (celsius): socket 0: 59 socket 1: 69[0m
EAR[556453](hratio_l30) at 2.60/1.47 in tcn366 MR[0] elapsed 1054 sec.: [32mLoop time: 1.107s DC Power: [35m466.0W[32m DRAM power: 0.00W PCK power: 381.03W
	avg. CPUFreq: 2.57GHz avg. IMCFreq: 1.47GHz
	CPI: 0.516 VPI: 0.00, Mem. bwidth: 0.13GB/s GFLOPS: 0.00 I/O: 0.01MB/s No MPI  
	TPI 0.03 Cache miss rates: L1 0.94GB/s L2 0.00GB/s L3 0.00GB/s
	Total MPI calls 2
	IO DATA: rchar 4607 wchar 8843 syscr 51 syscw 27 read_bytes 0 write_bytes 434176
	Process OS info: (pid 556453 state R utime 1091 stime 1 cutime 0 cstime 0 CPU usage 98)
	CPU temperature (celsius): socket 0: 59 socket 1: 69[0m
EAR[556453](hratio_l30) at 2.60/1.47 in tcn366 MR[0] elapsed 1065 sec.: [32mLoop time: 1.108s DC Power: [35m465.7W[32m DRAM power: 0.00W PCK power: 381.01W
	avg. CPUFreq: 2.57GHz avg. IMCFreq: 1.47GHz
	CPI: 0.516 VPI: 0.00, Mem. bwidth: 0.13GB/s GFLOPS: 0.00 I/O: 0.01MB/s No MPI  
	TPI 0.03 Cache miss rates: L1 0.90GB/s L2 0.00GB/s L3 0.00GB/s
	Total MPI calls 2
	IO DATA: rchar 4607 wchar 8843 syscr 51 syscw 27 read_bytes 0 write_bytes 303104
	Process OS info: (pid 556453 state R utime 1092 stime 0 cutime 0 cstime 0 CPU usage 98)
	CPU temperature (celsius): socket 0: 59 socket 1: 69[0m
EAR[556453](hratio_l30) at 2.60/1.47 in tcn366 MR[0] elapsed 1076 sec.: [32mLoop time: 1.107s DC Power: [35m372.8W[32m DRAM power: 0.00W PCK power: 381.02W
	avg. CPUFreq: 2.57GHz avg. IMCFreq: 1.47GHz
	CPI: 0.516 VPI: 0.00, Mem. bwidth: 0.14GB/s GFLOPS: 0.00 I/O: 0.01MB/s No MPI  
	TPI 0.03 Cache miss rates: L1 0.91GB/s L2 0.00GB/s L3 0.00GB/s
	Total MPI calls 2
	IO DATA: rchar 4607 wchar 8843 syscr 51 syscw 27 read_bytes 0 write_bytes 294912
	Process OS info: (pid 556453 state R utime 1090 stime 1 cutime 0 cstime 0 CPU usage 98)
	CPU temperature (celsius): socket 0: 59 socket 1: 69[0m
EAR[556453](hratio_l30) at 2.60/1.47 in tcn366 MR[0] elapsed 1087 sec.: [32mLoop time: 1.108s DC Power: [35m465.8W[32m DRAM power: 0.00W PCK power: 380.96W
	avg. CPUFreq: 2.57GHz avg. IMCFreq: 1.47GHz
	CPI: 0.516 VPI: 0.00, Mem. bwidth: 0.18GB/s GFLOPS: 0.00 I/O: 0.01MB/s No MPI  
	TPI 0.04 Cache miss rates: L1 0.87GB/s L2 0.00GB/s L3 0.00GB/s
	Total MPI calls 2
	IO DATA: rchar 4607 wchar 8843 syscr 51 syscw 27 read_bytes 0 write_bytes 303104
	Process OS info: (pid 556453 state R utime 1091 stime 1 cutime 0 cstime 0 CPU usage 98)
	CPU temperature (celsius): socket 0: 59 socket 1: 69[0m
EAR[556453](hratio_l30) at 2.60/1.47 in tcn366 MR[0] elapsed 1098 sec.: [32mLoop time: 1.107s DC Power: [35m466.0W[32m DRAM power: 0.00W PCK power: 381.03W
	avg. CPUFreq: 2.57GHz avg. IMCFreq: 1.47GHz
	CPI: 0.517 VPI: 0.00, Mem. bwidth: 0.13GB/s GFLOPS: 0.00 I/O: 0.01MB/s No MPI  
	TPI 0.03 Cache miss rates: L1 0.90GB/s L2 0.00GB/s L3 0.00GB/s
	Total MPI calls 2
	IO DATA: rchar 4607 wchar 8843 syscr 51 syscw 27 read_bytes 0 write_bytes 294912
	Process OS info: (pid 556453 state R utime 1091 stime 0 cutime 0 cstime 0 CPU usage 98)
	CPU temperature (celsius): socket 0: 59 socket 1: 69[0m
EAR[556453](hratio_l30) at 2.60/1.47 in tcn366 MR[0] elapsed 1109 sec.: [32mLoop time: 1.108s DC Power: [35m465.7W[32m DRAM power: 0.00W PCK power: 381.08W
	avg. CPUFreq: 2.57GHz avg. IMCFreq: 1.47GHz
	CPI: 0.516 VPI: 0.00, Mem. bwidth: 0.13GB/s GFLOPS: 0.00 I/O: 0.01MB/s No MPI  
	TPI 0.03 Cache miss rates: L1 0.91GB/s L2 0.00GB/s L3 0.00GB/s
	Total MPI calls 2
	IO DATA: rchar 4607 wchar 8843 syscr 51 syscw 27 read_bytes 0 write_bytes 299008
	Process OS info: (pid 556453 state R utime 1091 stime 1 cutime 0 cstime 0 CPU usage 98)
	CPU temperature (celsius): socket 0: 59 socket 1: 69[0m
EAR[556453](hratio_l30) at 2.60/1.47 in tcn366 MR[0] elapsed 1120 sec.: [32mLoop time: 1.107s DC Power: [35m419.3W[32m DRAM power: 0.00W PCK power: 380.98W
	avg. CPUFreq: 2.57GHz avg. IMCFreq: 1.47GHz
	CPI: 0.516 VPI: 0.00, Mem. bwidth: 0.15GB/s GFLOPS: 0.00 I/O: 0.01MB/s No MPI  
	TPI 0.03 Cache miss rates: L1 0.91GB/s L2 0.00GB/s L3 0.00GB/s
	Total MPI calls 2
	IO DATA: rchar 4607 wchar 8843 syscr 51 syscw 27 read_bytes 0 write_bytes 303104
	Process OS info: (pid 556453 state R utime 1092 stime 1 cutime 0 cstime 0 CPU usage 98)
	CPU temperature (celsius): socket 0: 59 socket 1: 69[0m
EAR[556453](hratio_l30) at 2.60/1.47 in tcn366 MR[0] elapsed 1131 sec.: [32mLoop time: 1.108s DC Power: [35m419.3W[32m DRAM power: 0.00W PCK power: 380.97W
	avg. CPUFreq: 2.57GHz avg. IMCFreq: 1.47GHz
	CPI: 0.516 VPI: 0.00, Mem. bwidth: 0.13GB/s GFLOPS: 0.00 I/O: 0.01MB/s No MPI  
	TPI 0.03 Cache miss rates: L1 0.97GB/s L2 0.00GB/s L3 0.00GB/s
	Total MPI calls 2
	IO DATA: rchar 4607 wchar 8843 syscr 51 syscw 27 read_bytes 0 write_bytes 299008
	Process OS info: (pid 556453 state R utime 1091 stime 0 cutime 0 cstime 0 CPU usage 98)
	CPU temperature (celsius): socket 0: 59 socket 1: 69[0m
EAR[556453](hratio_l30) at 2.60/1.47 in tcn366 MR[0] elapsed 1142 sec.: [32mLoop time: 1.108s DC Power: [35m465.6W[32m DRAM power: 0.00W PCK power: 381.03W
	avg. CPUFreq: 2.57GHz avg. IMCFreq: 1.47GHz
	CPI: 0.516 VPI: 0.00, Mem. bwidth: 0.12GB/s GFLOPS: 0.00 I/O: 0.01MB/s No MPI  
	TPI 0.03 Cache miss rates: L1 0.98GB/s L2 0.00GB/s L3 0.00GB/s
	Total MPI calls 2
	IO DATA: rchar 4607 wchar 8843 syscr 51 syscw 27 read_bytes 0 write_bytes 299008
	Process OS info: (pid 556453 state R utime 1092 stime 1 cutime 0 cstime 0 CPU usage 98)
	CPU temperature (celsius): socket 0: 59 socket 1: 69[0m
EAR[556453](hratio_l30) at 2.60/1.47 in tcn366 MR[0] elapsed 1153 sec.: [32mLoop time: 1.108s DC Power: [35m465.7W[32m DRAM power: 0.00W PCK power: 381.03W
	avg. CPUFreq: 2.57GHz avg. IMCFreq: 1.47GHz
	CPI: 0.516 VPI: 0.00, Mem. bwidth: 0.14GB/s GFLOPS: 0.00 I/O: 0.01MB/s No MPI  
	TPI 0.03 Cache miss rates: L1 0.93GB/s L2 0.00GB/s L3 0.00GB/s
	Total MPI calls 2
	IO DATA: rchar 4607 wchar 8843 syscr 51 syscw 27 read_bytes 0 write_bytes 303104
	Process OS info: (pid 556453 state R utime 1092 stime 1 cutime 0 cstime 0 CPU usage 98)
	CPU temperature (celsius): socket 0: 59 socket 1: 69[0m
EAR[556453](hratio_l30) at 2.60/1.47 in tcn366 MR[0] elapsed 1164 sec.: [32mLoop time: 1.109s DC Power: [35m418.9W[32m DRAM power: 0.00W PCK power: 381.11W
	avg. CPUFreq: 2.57GHz avg. IMCFreq: 1.47GHz
	CPI: 0.516 VPI: 0.00, Mem. bwidth: 0.14GB/s GFLOPS: 0.00 I/O: 0.01MB/s No MPI  
	TPI 0.03 Cache miss rates: L1 0.95GB/s L2 0.00GB/s L3 0.00GB/s
	Total MPI calls 2
	IO DATA: rchar 4607 wchar 8843 syscr 51 syscw 27 read_bytes 0 write_bytes 307200
	Process OS info: (pid 556453 state R utime 1092 stime 0 cutime 0 cstime 0 CPU usage 98)
	CPU temperature (celsius): socket 0: 59 socket 1: 69[0m
EAR[556453](hratio_l30) at 2.60/1.47 in tcn366 MR[0] elapsed 1176 sec.: [32mLoop time: 1.108s DC Power: [35m465.7W[32m DRAM power: 0.00W PCK power: 381.00W
	avg. CPUFreq: 2.57GHz avg. IMCFreq: 1.47GHz
	CPI: 0.516 VPI: 0.00, Mem. bwidth: 0.14GB/s GFLOPS: 0.00 I/O: 0.01MB/s No MPI  
	TPI 0.03 Cache miss rates: L1 0.92GB/s L2 0.00GB/s L3 0.00GB/s
	Total MPI calls 2
	IO DATA: rchar 4607 wchar 8843 syscr 51 syscw 27 read_bytes 0 write_bytes 299008
	Process OS info: (pid 556453 state R utime 1091 stime 1 cutime 0 cstime 0 CPU usage 98)
	CPU temperature (celsius): socket 0: 59 socket 1: 69[0m
EAR[556453](hratio_l30) at 2.60/1.47 in tcn366 MR[0] elapsed 1187 sec.: [32mLoop time: 1.108s DC Power: [35m465.8W[32m DRAM power: 0.00W PCK power: 381.06W
	avg. CPUFreq: 2.57GHz avg. IMCFreq: 1.47GHz
	CPI: 0.516 VPI: 0.00, Mem. bwidth: 0.14GB/s GFLOPS: 0.00 I/O: 0.01MB/s No MPI  
	TPI 0.03 Cache miss rates: L1 0.92GB/s L2 0.00GB/s L3 0.00GB/s
	Total MPI calls 2
	IO DATA: rchar 4607 wchar 8843 syscr 51 syscw 27 read_bytes 0 write_bytes 294912
	Process OS info: (pid 556453 state R utime 1092 stime 1 cutime 0 cstime 0 CPU usage 98)
	CPU temperature (celsius): socket 0: 59 socket 1: 69[0m
EAR[556453](hratio_l30) at 2.60/1.47 in tcn366 MR[0] elapsed 1198 sec.: [32mLoop time: 1.108s DC Power: [35m465.8W[32m DRAM power: 0.00W PCK power: 381.08W
	avg. CPUFreq: 2.57GHz avg. IMCFreq: 1.47GHz
	CPI: 0.515 VPI: 0.00, Mem. bwidth: 0.13GB/s GFLOPS: 0.00 I/O: 0.01MB/s No MPI  
	TPI 0.03 Cache miss rates: L1 0.90GB/s L2 0.00GB/s L3 0.00GB/s
	Total MPI calls 2
	IO DATA: rchar 4607 wchar 8843 syscr 51 syscw 27 read_bytes 0 write_bytes 303104
	Process OS info: (pid 556453 state R utime 1092 stime 0 cutime 0 cstime 0 CPU usage 98)
	CPU temperature (celsius): socket 0: 59 socket 1: 69[0m
EAR[556453](hratio_l30) at 2.60/1.47 in tcn366 MR[0] elapsed 1209 sec.: [32mLoop time: 1.107s DC Power: [35m419.4W[32m DRAM power: 0.00W PCK power: 381.10W
	avg. CPUFreq: 2.57GHz avg. IMCFreq: 1.47GHz
	CPI: 0.516 VPI: 0.00, Mem. bwidth: 0.14GB/s GFLOPS: 0.00 I/O: 0.01MB/s No MPI  
	TPI 0.03 Cache miss rates: L1 0.93GB/s L2 0.00GB/s L3 0.00GB/s
	Total MPI calls 2
	IO DATA: rchar 4607 wchar 8843 syscr 51 syscw 27 read_bytes 0 write_bytes 299008
	Process OS info: (pid 556453 state R utime 1091 stime 1 cutime 0 cstime 0 CPU usage 98)
	CPU temperature (celsius): socket 0: 59 socket 1: 69[0m
EAR[556453](hratio_l30) at 2.60/1.47 in tcn366 MR[0] elapsed 1220 sec.: [32mLoop time: 1.107s DC Power: [35m466.1W[32m DRAM power: 0.00W PCK power: 381.06W
	avg. CPUFreq: 2.57GHz avg. IMCFreq: 1.47GHz
	CPI: 0.516 VPI: 0.00, Mem. bwidth: 0.11GB/s GFLOPS: 0.00 I/O: 0.01MB/s No MPI  
	TPI 0.02 Cache miss rates: L1 0.90GB/s L2 0.00GB/s L3 0.00GB/s
	Total MPI calls 2
	IO DATA: rchar 4607 wchar 8843 syscr 51 syscw 27 read_bytes 0 write_bytes 303104
	Process OS info: (pid 556453 state R utime 1091 stime 0 cutime 0 cstime 0 CPU usage 98)
	CPU temperature (celsius): socket 0: 59 socket 1: 69[0m
EAR[556453](hratio_l30) at 2.60/1.47 in tcn366 MR[0] elapsed 1231 sec.: [32mLoop time: 1.108s DC Power: [35m465.8W[32m DRAM power: 0.00W PCK power: 381.05W
	avg. CPUFreq: 2.57GHz avg. IMCFreq: 1.47GHz
	CPI: 0.515 VPI: 0.00, Mem. bwidth: 0.13GB/s GFLOPS: 0.00 I/O: 0.01MB/s No MPI  
	TPI 0.03 Cache miss rates: L1 0.91GB/s L2 0.00GB/s L3 0.00GB/s
	Total MPI calls 2
	IO DATA: rchar 4607 wchar 8843 syscr 51 syscw 27 read_bytes 0 write_bytes 299008
	Process OS info: (pid 556453 state R utime 1091 stime 1 cutime 0 cstime 0 CPU usage 98)
	CPU temperature (celsius): socket 0: 59 socket 1: 69[0m
EAR[556453](hratio_l30) at 2.60/1.47 in tcn366 MR[0] elapsed 1242 sec.: [32mLoop time: 1.108s DC Power: [35m465.8W[32m DRAM power: 0.00W PCK power: 381.14W
	avg. CPUFreq: 2.57GHz avg. IMCFreq: 1.47GHz
	CPI: 0.516 VPI: 0.00, Mem. bwidth: 0.15GB/s GFLOPS: 0.00 I/O: 0.01MB/s No MPI  
	TPI 0.03 Cache miss rates: L1 0.93GB/s L2 0.00GB/s L3 0.00GB/s
	Total MPI calls 2
	IO DATA: rchar 4607 wchar 8843 syscr 51 syscw 27 read_bytes 0 write_bytes 303104
	Process OS info: (pid 556453 state R utime 1091 stime 1 cutime 0 cstime 0 CPU usage 98)
	CPU temperature (celsius): socket 0: 59 socket 1: 69[0m
EAR[556453](hratio_l30) at 2.60/1.47 in tcn366 MR[0] elapsed 1253 sec.: [32mLoop time: 1.108s DC Power: [35m372.6W[32m DRAM power: 0.00W PCK power: 381.13W
	avg. CPUFreq: 2.57GHz avg. IMCFreq: 1.47GHz
	CPI: 0.515 VPI: 0.00, Mem. bwidth: 0.13GB/s GFLOPS: 0.00 I/O: 0.01MB/s No MPI  
	TPI 0.03 Cache miss rates: L1 0.94GB/s L2 0.00GB/s L3 0.00GB/s
	Total MPI calls 2
	IO DATA: rchar 4607 wchar 8843 syscr 51 syscw 27 read_bytes 0 write_bytes 438272
	Process OS info: (pid 556453 state R utime 1091 stime 1 cutime 0 cstime 0 CPU usage 98)
	CPU temperature (celsius): socket 0: 59 socket 1: 69[0m
EAR[556453](hratio_l30) at 2.60/1.47 in tcn366 MR[0] elapsed 1264 sec.: [32mLoop time: 1.108s DC Power: [35m465.8W[32m DRAM power: 0.00W PCK power: 381.00W
	avg. CPUFreq: 2.57GHz avg. IMCFreq: 1.47GHz
	CPI: 0.516 VPI: 0.00, Mem. bwidth: 0.14GB/s GFLOPS: 0.00 I/O: 0.01MB/s No MPI  
	TPI 0.03 Cache miss rates: L1 0.93GB/s L2 0.00GB/s L3 0.00GB/s
	Total MPI calls 2
	IO DATA: rchar 4607 wchar 8843 syscr 51 syscw 27 read_bytes 0 write_bytes 405504
	Process OS info: (pid 556453 state R utime 1092 stime 0 cutime 0 cstime 0 CPU usage 98)
	CPU temperature (celsius): socket 0: 59 socket 1: 69[0m
EAR[556453](hratio_l30) at 2.60/1.47 in tcn366 MR[0] elapsed 1275 sec.: [32mLoop time: 1.108s DC Power: [35m465.7W[32m DRAM power: 0.00W PCK power: 381.10W
	avg. CPUFreq: 2.57GHz avg. IMCFreq: 1.47GHz
	CPI: 0.516 VPI: 0.00, Mem. bwidth: 0.13GB/s GFLOPS: 0.00 I/O: 0.01MB/s No MPI  
	TPI 0.03 Cache miss rates: L1 0.91GB/s L2 0.00GB/s L3 0.00GB/s
	Total MPI calls 2
	IO DATA: rchar 4607 wchar 8843 syscr 51 syscw 27 read_bytes 0 write_bytes 299008
	Process OS info: (pid 556453 state R utime 1092 stime 1 cutime 0 cstime 0 CPU usage 98)
	CPU temperature (celsius): socket 0: 59 socket 1: 69[0m
EAR[556453](hratio_l30) at 2.60/1.47 in tcn366 MR[0] elapsed 1286 sec.: [32mLoop time: 1.108s DC Power: [35m465.9W[32m DRAM power: 0.00W PCK power: 381.02W
	avg. CPUFreq: 2.57GHz avg. IMCFreq: 1.47GHz
	CPI: 0.516 VPI: 0.00, Mem. bwidth: 0.13GB/s GFLOPS: 0.00 I/O: 0.01MB/s No MPI  
	TPI 0.03 Cache miss rates: L1 0.93GB/s L2 0.00GB/s L3 0.00GB/s
	Total MPI calls 2
	IO DATA: rchar 4607 wchar 8843 syscr 51 syscw 27 read_bytes 0 write_bytes 303104
	Process OS info: (pid 556453 state R utime 1091 stime 1 cutime 0 cstime 0 CPU usage 98)
	CPU temperature (celsius): socket 0: 59 socket 1: 69[0m
EAR[556453](hratio_l30) at 2.60/1.47 in tcn366 MR[0] elapsed 1297 sec.: [32mLoop time: 1.108s DC Power: [35m419.2W[32m DRAM power: 0.00W PCK power: 381.09W
	avg. CPUFreq: 2.57GHz avg. IMCFreq: 1.47GHz
	CPI: 0.516 VPI: 0.00, Mem. bwidth: 0.16GB/s GFLOPS: 0.00 I/O: 0.01MB/s No MPI  
	TPI 0.03 Cache miss rates: L1 0.94GB/s L2 0.00GB/s L3 0.00GB/s
	Total MPI calls 2
	IO DATA: rchar 4607 wchar 8843 syscr 51 syscw 27 read_bytes 0 write_bytes 299008
	Process OS info: (pid 556453 state R utime 1090 stime 0 cutime 0 cstime 0 CPU usage 98)
	CPU temperature (celsius): socket 0: 59 socket 1: 69[0m
EAR[556453](hratio_l30) at 2.60/1.47 in tcn366 MR[0] elapsed 1308 sec.: [32mLoop time: 1.108s DC Power: [35m419.2W[32m DRAM power: 0.00W PCK power: 381.09W
	avg. CPUFreq: 2.57GHz avg. IMCFreq: 1.47GHz
	CPI: 0.515 VPI: 0.00, Mem. bwidth: 0.13GB/s GFLOPS: 0.00 I/O: 0.01MB/s No MPI  
	TPI 0.03 Cache miss rates: L1 0.93GB/s L2 0.00GB/s L3 0.00GB/s
	Total MPI calls 2
	IO DATA: rchar 4607 wchar 8843 syscr 51 syscw 27 read_bytes 0 write_bytes 294912
	Process OS info: (pid 556453 state R utime 1091 stime 1 cutime 0 cstime 0 CPU usage 98)
	CPU temperature (celsius): socket 0: 59 socket 1: 69[0m
EAR[556453](hratio_l30) at 2.60/1.47 in tcn366 MR[0] elapsed 1320 sec.: [32mLoop time: 1.108s DC Power: [35m465.5W[32m DRAM power: 0.00W PCK power: 381.16W
	avg. CPUFreq: 2.57GHz avg. IMCFreq: 1.47GHz
	CPI: 0.515 VPI: 0.00, Mem. bwidth: 0.14GB/s GFLOPS: 0.00 I/O: 0.01MB/s No MPI  
	TPI 0.03 Cache miss rates: L1 0.87GB/s L2 0.00GB/s L3 0.00GB/s
	Total MPI calls 2
	IO DATA: rchar 4607 wchar 8843 syscr 51 syscw 27 read_bytes 0 write_bytes 290816
	Process OS info: (pid 556453 state R utime 1092 stime 1 cutime 0 cstime 0 CPU usage 98)
	CPU temperature (celsius): socket 0: 59 socket 1: 69[0m
EAR[556453](hratio_l30) at 2.60/1.47 in tcn366 MR[0] elapsed 1331 sec.: [32mLoop time: 1.108s DC Power: [35m465.9W[32m DRAM power: 0.00W PCK power: 381.08W
	avg. CPUFreq: 2.57GHz avg. IMCFreq: 1.47GHz
	CPI: 0.516 VPI: 0.00, Mem. bwidth: 0.17GB/s GFLOPS: 0.00 I/O: 0.01MB/s No MPI  
	TPI 0.04 Cache miss rates: L1 0.86GB/s L2 0.00GB/s L3 0.00GB/s
	Total MPI calls 2
	IO DATA: rchar 4607 wchar 8843 syscr 51 syscw 27 read_bytes 0 write_bytes 299008
	Process OS info: (pid 556453 state R utime 1091 stime 0 cutime 0 cstime 0 CPU usage 98)
	CPU temperature (celsius): socket 0: 59 socket 1: 69[0m
EAR[556453](hratio_l30) at 2.60/1.47 in tcn366 MR[0] elapsed 1342 sec.: [32mLoop time: 1.108s DC Power: [35m419.3W[32m DRAM power: 0.00W PCK power: 380.94W
	avg. CPUFreq: 2.57GHz avg. IMCFreq: 1.47GHz
	CPI: 0.515 VPI: 0.00, Mem. bwidth: 0.13GB/s GFLOPS: 0.00 I/O: 0.01MB/s No MPI  
	TPI 0.03 Cache miss rates: L1 0.83GB/s L2 0.00GB/s L3 0.00GB/s
	Total MPI calls 2
	IO DATA: rchar 4607 wchar 8843 syscr 51 syscw 27 read_bytes 0 write_bytes 299008
	Process OS info: (pid 556453 state R utime 1092 stime 1 cutime 0 cstime 0 CPU usage 98)
	CPU temperature (celsius): socket 0: 59 socket 1: 69[0m
EAR[556453](hratio_l30) at 2.60/1.47 in tcn366 MR[0] elapsed 1353 sec.: [32mLoop time: 1.108s DC Power: [35m465.8W[32m DRAM power: 0.00W PCK power: 381.05W
	avg. CPUFreq: 2.57GHz avg. IMCFreq: 1.47GHz
	CPI: 0.515 VPI: 0.00, Mem. bwidth: 0.12GB/s GFLOPS: 0.00 I/O: 0.01MB/s No MPI  
	TPI 0.02 Cache miss rates: L1 0.83GB/s L2 0.00GB/s L3 0.00GB/s
	Total MPI calls 2
	IO DATA: rchar 4607 wchar 8843 syscr 51 syscw 27 read_bytes 0 write_bytes 434176
	Process OS info: (pid 556453 state R utime 1092 stime 1 cutime 0 cstime 0 CPU usage 98)
	CPU temperature (celsius): socket 0: 59 socket 1: 69[0m
EAR[556453](hratio_l30) at 2.60/1.47 in tcn366 MR[0] elapsed 1364 sec.: [32mLoop time: 1.108s DC Power: [35m465.6W[32m DRAM power: 0.00W PCK power: 381.03W
	avg. CPUFreq: 2.57GHz avg. IMCFreq: 1.47GHz
	CPI: 0.516 VPI: 0.00, Mem. bwidth: 0.15GB/s GFLOPS: 0.00 I/O: 0.01MB/s No MPI  
	TPI 0.03 Cache miss rates: L1 0.82GB/s L2 0.00GB/s L3 0.00GB/s
	Total MPI calls 2
	IO DATA: rchar 4607 wchar 8843 syscr 51 syscw 27 read_bytes 0 write_bytes 299008
	Process OS info: (pid 556453 state R utime 1092 stime 0 cutime 0 cstime 0 CPU usage 98)
	CPU temperature (celsius): socket 0: 59 socket 1: 69[0m
EAR[556453](hratio_l30) at 2.60/1.47 in tcn366 MR[0] elapsed 1375 sec.: [32mLoop time: 1.108s DC Power: [35m419.2W[32m DRAM power: 0.00W PCK power: 381.18W
	avg. CPUFreq: 2.57GHz avg. IMCFreq: 1.47GHz
	CPI: 0.515 VPI: 0.00, Mem. bwidth: 0.14GB/s GFLOPS: 0.00 I/O: 0.01MB/s No MPI  
	TPI 0.03 Cache miss rates: L1 0.82GB/s L2 0.00GB/s L3 0.00GB/s
	Total MPI calls 2
	IO DATA: rchar 4607 wchar 8843 syscr 51 syscw 27 read_bytes 0 write_bytes 303104
	Process OS info: (pid 556453 state R utime 1091 stime 1 cutime 0 cstime 0 CPU usage 98)
	CPU temperature (celsius): socket 0: 59 socket 1: 69[0m
EAR[556453](hratio_l30) at 2.60/1.47 in tcn366 MR[0] elapsed 1386 sec.: [32mLoop time: 1.108s DC Power: [35m419.2W[32m DRAM power: 0.00W PCK power: 380.98W
	avg. CPUFreq: 2.57GHz avg. IMCFreq: 1.47GHz
	CPI: 0.516 VPI: 0.00, Mem. bwidth: 0.12GB/s GFLOPS: 0.00 I/O: 0.01MB/s No MPI  
	TPI 0.03 Cache miss rates: L1 0.84GB/s L2 0.00GB/s L3 0.00GB/s
	Total MPI calls 2
	IO DATA: rchar 4607 wchar 8843 syscr 51 syscw 27 read_bytes 0 write_bytes 299008
	Process OS info: (pid 556453 state R utime 1091 stime 0 cutime 0 cstime 0 CPU usage 98)
	CPU temperature (celsius): socket 0: 59 socket 1: 69[0m
EAR[556453](hratio_l30) at 2.60/1.47 in tcn366 MR[0] elapsed 1397 sec.: [32mLoop time: 1.108s DC Power: [35m466.5W[32m DRAM power: 0.00W PCK power: 380.97W
	avg. CPUFreq: 2.57GHz avg. IMCFreq: 1.47GHz
	CPI: 0.516 VPI: 0.00, Mem. bwidth: 0.15GB/s GFLOPS: 0.00 I/O: 0.01MB/s No MPI  
	TPI 0.03 Cache miss rates: L1 0.80GB/s L2 0.00GB/s L3 0.00GB/s
	Total MPI calls 2
	IO DATA: rchar 4607 wchar 8843 syscr 51 syscw 27 read_bytes 0 write_bytes 303104
	Process OS info: (pid 556453 state R utime 1092 stime 1 cutime 0 cstime 0 CPU usage 98)
	CPU temperature (celsius): socket 0: 59 socket 1: 69[0m
EAR[556453](hratio_l30) at 2.60/1.47 in tcn366 MR[0] elapsed 1408 sec.: [32mLoop time: 1.108s DC Power: [35m466.1W[32m DRAM power: 0.00W PCK power: 381.04W
	avg. CPUFreq: 2.57GHz avg. IMCFreq: 1.47GHz
	CPI: 0.515 VPI: 0.00, Mem. bwidth: 0.14GB/s GFLOPS: 0.00 I/O: 0.01MB/s No MPI  
	TPI 0.03 Cache miss rates: L1 0.88GB/s L2 0.00GB/s L3 0.00GB/s
	Total MPI calls 2
	IO DATA: rchar 4607 wchar 8843 syscr 51 syscw 27 read_bytes 0 write_bytes 299008
	Process OS info: (pid 556453 state R utime 1091 stime 1 cutime 0 cstime 0 CPU usage 98)
	CPU temperature (celsius): socket 0: 59 socket 1: 69[0m
EAR[556453](hratio_l30) at 2.60/1.47 in tcn366 MR[0] elapsed 1419 sec.: [32mLoop time: 1.108s DC Power: [35m465.9W[32m DRAM power: 0.00W PCK power: 380.90W
	avg. CPUFreq: 2.57GHz avg. IMCFreq: 1.47GHz
	CPI: 0.516 VPI: 0.00, Mem. bwidth: 0.15GB/s GFLOPS: 0.00 I/O: 0.01MB/s No MPI  
	TPI 0.03 Cache miss rates: L1 0.83GB/s L2 0.00GB/s L3 0.00GB/s
	Total MPI calls 2
	IO DATA: rchar 4607 wchar 8843 syscr 51 syscw 27 read_bytes 0 write_bytes 344064
	Process OS info: (pid 556453 state R utime 1090 stime 0 cutime 0 cstime 0 CPU usage 98)
	CPU temperature (celsius): socket 0: 59 socket 1: 69[0m
EAR[556453](hratio_l30) at 2.60/1.47 in tcn366 MR[0] elapsed 1430 sec.: [32mLoop time: 1.107s DC Power: [35m419.3W[32m DRAM power: 0.00W PCK power: 381.00W
	avg. CPUFreq: 2.57GHz avg. IMCFreq: 1.47GHz
	CPI: 0.515 VPI: 0.00, Mem. bwidth: 0.11GB/s GFLOPS: 0.00 I/O: 0.01MB/s No MPI  
	TPI 0.02 Cache miss rates: L1 0.86GB/s L2 0.00GB/s L3 0.00GB/s
	Total MPI calls 2
	IO DATA: rchar 4607 wchar 8843 syscr 51 syscw 27 read_bytes 0 write_bytes 299008
	Process OS info: (pid 556453 state R utime 1092 stime 1 cutime 0 cstime 0 CPU usage 98)
	CPU temperature (celsius): socket 0: 59 socket 1: 69[0m
EAR[556453](hratio_l30) at 2.60/1.47 in tcn366 MR[0] elapsed 1441 sec.: [32mLoop time: 1.107s DC Power: [35m466.0W[32m DRAM power: 0.00W PCK power: 381.03W
	avg. CPUFreq: 2.57GHz avg. IMCFreq: 1.47GHz
	CPI: 0.515 VPI: 0.00, Mem. bwidth: 0.14GB/s GFLOPS: 0.00 I/O: 0.01MB/s No MPI  
	TPI 0.03 Cache miss rates: L1 0.85GB/s L2 0.00GB/s L3 0.00GB/s
	Total MPI calls 2
	IO DATA: rchar 4607 wchar 8843 syscr 51 syscw 27 read_bytes 0 write_bytes 303104
	Process OS info: (pid 556453 state R utime 1091 stime 0 cutime 0 cstime 0 CPU usage 98)
	CPU temperature (celsius): socket 0: 60 socket 1: 69[0m
EAR[556453](hratio_l30) at 2.60/1.47 in tcn366 MR[0] elapsed 1452 sec.: [32mLoop time: 1.108s DC Power: [35m465.7W[32m DRAM power: 0.00W PCK power: 381.02W
	avg. CPUFreq: 2.57GHz avg. IMCFreq: 1.47GHz
	CPI: 0.515 VPI: 0.00, Mem. bwidth: 0.15GB/s GFLOPS: 0.00 I/O: 0.01MB/s No MPI  
	TPI 0.03 Cache miss rates: L1 0.88GB/s L2 0.00GB/s L3 0.00GB/s
	Total MPI calls 2
	IO DATA: rchar 4607 wchar 8843 syscr 51 syscw 27 read_bytes 0 write_bytes 311296
	Process OS info: (pid 556453 state R utime 1092 stime 1 cutime 0 cstime 0 CPU usage 98)
	CPU temperature (celsius): socket 0: 59 socket 1: 69[0m
EAR[556453](hratio_l30) at 2.60/1.47 in tcn366 MR[0] elapsed 1464 sec.: [32mLoop time: 1.107s DC Power: [35m465.9W[32m DRAM power: 0.00W PCK power: 381.00W
	avg. CPUFreq: 2.57GHz avg. IMCFreq: 1.47GHz
	CPI: 0.515 VPI: 0.00, Mem. bwidth: 0.12GB/s GFLOPS: 0.00 I/O: 0.01MB/s No MPI  
	TPI 0.03 Cache miss rates: L1 0.90GB/s L2 0.00GB/s L3 0.00GB/s
	Total MPI calls 2
	IO DATA: rchar 4607 wchar 8843 syscr 51 syscw 27 read_bytes 0 write_bytes 294912
	Process OS info: (pid 556453 state R utime 1091 stime 1 cutime 0 cstime 0 CPU usage 98)
	CPU temperature (celsius): socket 0: 59 socket 1: 69[0m
EAR[556453](hratio_l30) at 2.60/1.47 in tcn366 MR[0] elapsed 1475 sec.: [32mLoop time: 1.107s DC Power: [35m419.3W[32m DRAM power: 0.00W PCK power: 380.89W
	avg. CPUFreq: 2.57GHz avg. IMCFreq: 1.47GHz
	CPI: 0.516 VPI: 0.00, Mem. bwidth: 0.12GB/s GFLOPS: 0.00 I/O: 0.01MB/s No MPI  
	TPI 0.03 Cache miss rates: L1 0.86GB/s L2 0.00GB/s L3 0.00GB/s
	Total MPI calls 2
	IO DATA: rchar 4607 wchar 8843 syscr 51 syscw 27 read_bytes 0 write_bytes 294912
	Process OS info: (pid 556453 state R utime 1091 stime 0 cutime 0 cstime 0 CPU usage 98)
	CPU temperature (celsius): socket 0: 59 socket 1: 69[0m
EAR[556453](hratio_l30) at 2.60/1.47 in tcn366 MR[0] elapsed 1486 sec.: [32mLoop time: 1.108s DC Power: [35m465.9W[32m DRAM power: 0.00W PCK power: 380.95W
	avg. CPUFreq: 2.57GHz avg. IMCFreq: 1.47GHz
	CPI: 0.516 VPI: 0.00, Mem. bwidth: 0.14GB/s GFLOPS: 0.00 I/O: 0.01MB/s No MPI  
	TPI 0.03 Cache miss rates: L1 0.89GB/s L2 0.00GB/s L3 0.00GB/s
	Total MPI calls 2
	IO DATA: rchar 4607 wchar 8843 syscr 51 syscw 27 read_bytes 0 write_bytes 294912
	Process OS info: (pid 556453 state R utime 1092 stime 1 cutime 0 cstime 0 CPU usage 98)
	CPU temperature (celsius): socket 0: 59 socket 1: 69[0m
EAR[556453](hratio_l30) at 2.60/1.47 in tcn366 MR[0] elapsed 1497 sec.: [32mLoop time: 1.108s DC Power: [35m419.1W[32m DRAM power: 0.00W PCK power: 381.05W
	avg. CPUFreq: 2.57GHz avg. IMCFreq: 1.47GHz
	CPI: 0.515 VPI: 0.00, Mem. bwidth: 0.13GB/s GFLOPS: 0.00 I/O: 0.01MB/s No MPI  
	TPI 0.03 Cache miss rates: L1 0.90GB/s L2 0.00GB/s L3 0.00GB/s
	Total MPI calls 2
	IO DATA: rchar 4607 wchar 8843 syscr 51 syscw 27 read_bytes 0 write_bytes 299008
	Process OS info: (pid 556453 state R utime 1091 stime 1 cutime 0 cstime 0 CPU usage 98)
	CPU temperature (celsius): socket 0: 59 socket 1: 69[0m
EAR[556453](hratio_l30) at 2.60/1.47 in tcn366 MR[0] elapsed 1508 sec.: [32mLoop time: 1.108s DC Power: [35m465.7W[32m DRAM power: 0.00W PCK power: 381.05W
	avg. CPUFreq: 2.57GHz avg. IMCFreq: 1.47GHz
	CPI: 0.515 VPI: 0.00, Mem. bwidth: 0.13GB/s GFLOPS: 0.00 I/O: 0.01MB/s No MPI  
	TPI 0.03 Cache miss rates: L1 0.90GB/s L2 0.00GB/s L3 0.00GB/s
	Total MPI calls 2
	IO DATA: rchar 4607 wchar 8843 syscr 51 syscw 27 read_bytes 0 write_bytes 299008
	Process OS info: (pid 556453 state R utime 1092 stime 0 cutime 0 cstime 0 CPU usage 98)
	CPU temperature (celsius): socket 0: 59 socket 1: 69[0m
EAR[556453](hratio_l30) at 2.60/1.47 in tcn366 MR[0] elapsed 1519 sec.: [32mLoop time: 1.108s DC Power: [35m419.3W[32m DRAM power: 0.00W PCK power: 381.01W
	avg. CPUFreq: 2.57GHz avg. IMCFreq: 1.47GHz
	CPI: 0.516 VPI: 0.00, Mem. bwidth: 0.12GB/s GFLOPS: 0.00 I/O: 0.01MB/s No MPI  
	TPI 0.02 Cache miss rates: L1 0.90GB/s L2 0.00GB/s L3 0.00GB/s
	Total MPI calls 2
	IO DATA: rchar 4607 wchar 8843 syscr 51 syscw 27 read_bytes 0 write_bytes 299008
	Process OS info: (pid 556453 state R utime 1091 stime 1 cutime 0 cstime 0 CPU usage 98)
	CPU temperature (celsius): socket 0: 60 socket 1: 69[0m
EAR[556453](hratio_l30) at 2.60/1.47 in tcn366 MR[0] elapsed 1530 sec.: [32mLoop time: 1.108s DC Power: [35m465.8W[32m DRAM power: 0.00W PCK power: 380.90W
	avg. CPUFreq: 2.57GHz avg. IMCFreq: 1.47GHz
	CPI: 0.516 VPI: 0.00, Mem. bwidth: 0.14GB/s GFLOPS: 0.00 I/O: 0.01MB/s No MPI  
	TPI 0.03 Cache miss rates: L1 0.89GB/s L2 0.00GB/s L3 0.00GB/s
	Total MPI calls 2
	IO DATA: rchar 4607 wchar 8843 syscr 51 syscw 27 read_bytes 0 write_bytes 303104
	Process OS info: (pid 556453 state R utime 1091 stime 1 cutime 0 cstime 0 CPU usage 98)
	CPU temperature (celsius): socket 0: 59 socket 1: 69[0m
EAR[556453](hratio_l30) at 2.60/1.47 in tcn366 MR[0] elapsed 1541 sec.: [32mLoop time: 1.107s DC Power: [35m466.0W[32m DRAM power: 0.00W PCK power: 381.07W
	avg. CPUFreq: 2.57GHz avg. IMCFreq: 1.47GHz
	CPI: 0.515 VPI: 0.00, Mem. bwidth: 0.15GB/s GFLOPS: 0.00 I/O: 0.01MB/s No MPI  
	TPI 0.03 Cache miss rates: L1 0.90GB/s L2 0.00GB/s L3 0.00GB/s
	Total MPI calls 2
	IO DATA: rchar 4607 wchar 8843 syscr 51 syscw 27 read_bytes 0 write_bytes 438272
	Process OS info: (pid 556453 state R utime 1091 stime 0 cutime 0 cstime 0 CPU usage 98)
	CPU temperature (celsius): socket 0: 59 socket 1: 69[0m
EAR[556453](hratio_l30) at 2.60/1.47 in tcn366 MR[0] elapsed 1552 sec.: [32mLoop time: 1.108s DC Power: [35m419.2W[32m DRAM power: 0.00W PCK power: 380.97W
	avg. CPUFreq: 2.57GHz avg. IMCFreq: 1.47GHz
	CPI: 0.515 VPI: 0.00, Mem. bwidth: 0.12GB/s GFLOPS: 0.00 I/O: 0.01MB/s No MPI  
	TPI 0.03 Cache miss rates: L1 0.83GB/s L2 0.00GB/s L3 0.00GB/s
	Total MPI calls 2
	IO DATA: rchar 4607 wchar 8843 syscr 51 syscw 27 read_bytes 0 write_bytes 438272
	Process OS info: (pid 556453 state R utime 1092 stime 1 cutime 0 cstime 0 CPU usage 98)
	CPU temperature (celsius): socket 0: 59 socket 1: 69[0m
EAR[556453](hratio_l30) at 2.60/1.47 in tcn366 MR[0] elapsed 1563 sec.: [32mLoop time: 1.109s DC Power: [35m418.8W[32m DRAM power: 0.00W PCK power: 381.00W
	avg. CPUFreq: 2.57GHz avg. IMCFreq: 1.47GHz
	CPI: 0.515 VPI: 0.00, Mem. bwidth: 0.11GB/s GFLOPS: 0.00 I/O: 0.01MB/s No MPI  
	TPI 0.02 Cache miss rates: L1 0.89GB/s L2 0.00GB/s L3 0.00GB/s
	Total MPI calls 2
	IO DATA: rchar 4607 wchar 8843 syscr 51 syscw 27 read_bytes 0 write_bytes 303104
	Process OS info: (pid 556453 state R utime 1092 stime 1 cutime 0 cstime 0 CPU usage 98)
	CPU temperature (celsius): socket 0: 59 socket 1: 69[0m
EAR[556453](hratio_l30) at 2.60/1.47 in tcn366 MR[0] elapsed 1574 sec.: [32mLoop time: 1.108s DC Power: [35m465.8W[32m DRAM power: 0.00W PCK power: 380.89W
	avg. CPUFreq: 2.57GHz avg. IMCFreq: 1.47GHz
	CPI: 0.516 VPI: 0.00, Mem. bwidth: 0.15GB/s GFLOPS: 0.00 I/O: 0.01MB/s No MPI  
	TPI 0.03 Cache miss rates: L1 0.91GB/s L2 0.00GB/s L3 0.00GB/s
	Total MPI calls 2
	IO DATA: rchar 4607 wchar 8843 syscr 51 syscw 27 read_bytes 0 write_bytes 303104
	Process OS info: (pid 556453 state R utime 1091 stime 0 cutime 0 cstime 0 CPU usage 98)
	CPU temperature (celsius): socket 0: 60 socket 1: 69[0m
EAR[556453](hratio_l30) at 2.60/1.47 in tcn366 MR[0] elapsed 1585 sec.: [32mLoop time: 1.108s DC Power: [35m465.6W[32m DRAM power: 0.00W PCK power: 380.87W
	avg. CPUFreq: 2.57GHz avg. IMCFreq: 1.47GHz
	CPI: 0.516 VPI: 0.00, Mem. bwidth: 0.13GB/s GFLOPS: 0.00 I/O: 0.01MB/s No MPI  
	TPI 0.03 Cache miss rates: L1 0.91GB/s L2 0.00GB/s L3 0.00GB/s
	Total MPI calls 2
	IO DATA: rchar 4607 wchar 8843 syscr 51 syscw 27 read_bytes 0 write_bytes 303104
	Process OS info: (pid 556453 state R utime 1091 stime 1 cutime 0 cstime 0 CPU usage 98)
	CPU temperature (celsius): socket 0: 59 socket 1: 69[0m
EAR[556453](hratio_l30) at 2.60/1.47 in tcn366 MR[0] elapsed 1596 sec.: [32mLoop time: 1.108s DC Power: [35m465.7W[32m DRAM power: 0.00W PCK power: 380.92W
	avg. CPUFreq: 2.57GHz avg. IMCFreq: 1.47GHz
	CPI: 0.516 VPI: 0.00, Mem. bwidth: 0.14GB/s GFLOPS: 0.00 I/O: 0.01MB/s No MPI  
	TPI 0.03 Cache miss rates: L1 0.94GB/s L2 0.00GB/s L3 0.00GB/s
	Total MPI calls 2
	IO DATA: rchar 4607 wchar 8843 syscr 51 syscw 27 read_bytes 0 write_bytes 294912
	Process OS info: (pid 556453 state R utime 1090 stime 0 cutime 0 cstime 0 CPU usage 98)
	CPU temperature (celsius): socket 0: 59 socket 1: 69[0m
EAR[556453](hratio_l30) at 2.60/1.47 in tcn366 MR[0] elapsed 1608 sec.: [32mLoop time: 1.110s DC Power: [35m418.4W[32m DRAM power: 0.00W PCK power: 380.97W
	avg. CPUFreq: 2.57GHz avg. IMCFreq: 1.47GHz
	CPI: 0.516 VPI: 0.00, Mem. bwidth: 0.12GB/s GFLOPS: 0.00 I/O: 0.01MB/s No MPI  
	TPI 0.02 Cache miss rates: L1 0.90GB/s L2 0.00GB/s L3 0.00GB/s
	Total MPI calls 2
	IO DATA: rchar 4607 wchar 8843 syscr 51 syscw 27 read_bytes 0 write_bytes 294912
	Process OS info: (pid 556453 state R utime 1092 stime 1 cutime 0 cstime 0 CPU usage 98)
	CPU temperature (celsius): socket 0: 59 socket 1: 69[0m
EAR[556453](hratio_l30) at 2.60/1.47 in tcn366 MR[0] elapsed 1619 sec.: [32mLoop time: 1.108s DC Power: [35m465.8W[32m DRAM power: 0.00W PCK power: 380.90W
	avg. CPUFreq: 2.57GHz avg. IMCFreq: 1.47GHz
	CPI: 0.516 VPI: 0.00, Mem. bwidth: 0.13GB/s GFLOPS: 0.00 I/O: 0.01MB/s No MPI  
	TPI 0.03 Cache miss rates: L1 0.92GB/s L2 0.00GB/s L3 0.00GB/s
	Total MPI calls 2
	IO DATA: rchar 4607 wchar 8843 syscr 51 syscw 27 read_bytes 0 write_bytes 294912
	Process OS info: (pid 556453 state R utime 1090 stime 0 cutime 0 cstime 0 CPU usage 98)
	CPU temperature (celsius): socket 0: 59 socket 1: 69[0m
EAR[556453](hratio_l30) at 2.60/1.47 in tcn366 MR[0] elapsed 1630 sec.: [32mLoop time: 1.108s DC Power: [35m465.9W[32m DRAM power: 0.00W PCK power: 380.92W
	avg. CPUFreq: 2.57GHz avg. IMCFreq: 1.47GHz
	CPI: 0.516 VPI: 0.00, Mem. bwidth: 0.14GB/s GFLOPS: 0.00 I/O: 0.01MB/s No MPI  
	TPI 0.03 Cache miss rates: L1 0.90GB/s L2 0.00GB/s L3 0.00GB/s
	Total MPI calls 2
	IO DATA: rchar 4607 wchar 8843 syscr 51 syscw 27 read_bytes 0 write_bytes 299008
	Process OS info: (pid 556453 state R utime 1090 stime 1 cutime 0 cstime 0 CPU usage 98)
	CPU temperature (celsius): socket 0: 59 socket 1: 69[0m
EAR[556453](hratio_l30) at 2.60/1.47 in tcn366 MR[0] elapsed 1641 sec.: [32mLoop time: 1.108s DC Power: [35m465.9W[32m DRAM power: 0.00W PCK power: 380.81W
	avg. CPUFreq: 2.57GHz avg. IMCFreq: 1.47GHz
	CPI: 0.516 VPI: 0.00, Mem. bwidth: 0.13GB/s GFLOPS: 0.00 I/O: 0.01MB/s No MPI  
	TPI 0.03 Cache miss rates: L1 0.92GB/s L2 0.00GB/s L3 0.00GB/s
	Total MPI calls 2
	IO DATA: rchar 4607 wchar 8843 syscr 51 syscw 27 read_bytes 0 write_bytes 294912
	Process OS info: (pid 556453 state R utime 1090 stime 1 cutime 0 cstime 0 CPU usage 98)
	CPU temperature (celsius): socket 0: 59 socket 1: 69[0m
EAR[556453](hratio_l30) at 2.60/1.47 in tcn366 MR[0] elapsed 1652 sec.: [32mLoop time: 1.108s DC Power: [35m419.2W[32m DRAM power: 0.00W PCK power: 380.86W
	avg. CPUFreq: 2.57GHz avg. IMCFreq: 1.47GHz
	CPI: 0.516 VPI: 0.00, Mem. bwidth: 0.11GB/s GFLOPS: 0.00 I/O: 0.01MB/s No MPI  
	TPI 0.02 Cache miss rates: L1 0.89GB/s L2 0.00GB/s L3 0.00GB/s
	Total MPI calls 2
	IO DATA: rchar 4607 wchar 8843 syscr 51 syscw 27 read_bytes 0 write_bytes 352256
	Process OS info: (pid 556453 state R utime 1091 stime 0 cutime 0 cstime 0 CPU usage 98)
	CPU temperature (celsius): socket 0: 59 socket 1: 69[0m
EAR[556453](hratio_l30) at 2.60/1.47 in tcn366 MR[0] elapsed 1663 sec.: [32mLoop time: 1.108s DC Power: [35m465.8W[32m DRAM power: 0.00W PCK power: 380.91W
	avg. CPUFreq: 2.57GHz avg. IMCFreq: 1.47GHz
	CPI: 0.516 VPI: 0.00, Mem. bwidth: 0.14GB/s GFLOPS: 0.00 I/O: 0.01MB/s No MPI  
	TPI 0.03 Cache miss rates: L1 0.86GB/s L2 0.00GB/s L3 0.00GB/s
	Total MPI calls 2
	IO DATA: rchar 4607 wchar 8843 syscr 51 syscw 27 read_bytes 0 write_bytes 299008
	Process OS info: (pid 556453 state R utime 1090 stime 1 cutime 0 cstime 0 CPU usage 98)
	CPU temperature (celsius): socket 0: 59 socket 1: 69[0m
EAR[556453](hratio_l30) at 2.60/1.47 in tcn366 MR[0] elapsed 1674 sec.: [32mLoop time: 1.108s DC Power: [35m419.2W[32m DRAM power: 0.00W PCK power: 380.89W
	avg. CPUFreq: 2.57GHz avg. IMCFreq: 1.47GHz
	CPI: 0.516 VPI: 0.00, Mem. bwidth: 0.13GB/s GFLOPS: 0.00 I/O: 0.01MB/s No MPI  
	TPI 0.03 Cache miss rates: L1 0.89GB/s L2 0.00GB/s L3 0.00GB/s
	Total MPI calls 2
	IO DATA: rchar 4607 wchar 8843 syscr 51 syscw 27 read_bytes 0 write_bytes 303104
	Process OS info: (pid 556453 state R utime 1091 stime 1 cutime 0 cstime 0 CPU usage 98)
	CPU temperature (celsius): socket 0: 59 socket 1: 69[0m
EAR[556453](hratio_l30) at 2.60/1.47 in tcn366 MR[0] elapsed 1685 sec.: [32mLoop time: 1.108s DC Power: [35m465.8W[32m DRAM power: 0.00W PCK power: 380.80W
	avg. CPUFreq: 2.57GHz avg. IMCFreq: 1.47GHz
	CPI: 0.516 VPI: 0.00, Mem. bwidth: 0.11GB/s GFLOPS: 0.00 I/O: 0.01MB/s No MPI  
	TPI 0.02 Cache miss rates: L1 0.88GB/s L2 0.00GB/s L3 0.00GB/s
	Total MPI calls 2
	IO DATA: rchar 4607 wchar 8843 syscr 51 syscw 27 read_bytes 0 write_bytes 294912
	Process OS info: (pid 556453 state R utime 1092 stime 0 cutime 0 cstime 0 CPU usage 98)
	CPU temperature (celsius): socket 0: 59 socket 1: 69[0m
EAR[556453](hratio_l30) at 2.60/1.47 in tcn366 MR[0] elapsed 1696 sec.: [32mLoop time: 1.108s DC Power: [35m419.2W[32m DRAM power: 0.00W PCK power: 380.93W
	avg. CPUFreq: 2.57GHz avg. IMCFreq: 1.47GHz
	CPI: 0.516 VPI: 0.00, Mem. bwidth: 0.13GB/s GFLOPS: 0.00 I/O: 0.01MB/s No MPI  
	TPI 0.03 Cache miss rates: L1 0.85GB/s L2 0.00GB/s L3 0.00GB/s
	Total MPI calls 2
	IO DATA: rchar 4607 wchar 8843 syscr 51 syscw 27 read_bytes 0 write_bytes 303104
	Process OS info: (pid 556453 state R utime 1091 stime 1 cutime 0 cstime 0 CPU usage 98)
	CPU temperature (celsius): socket 0: 59 socket 1: 69[0m
EAR[556453](hratio_l30) at 2.60/1.47 in tcn366 MR[0] elapsed 1708 sec.: [32mLoop time: 1.108s DC Power: [35m465.8W[32m DRAM power: 0.00W PCK power: 380.94W
	avg. CPUFreq: 2.57GHz avg. IMCFreq: 1.47GHz
	CPI: 0.516 VPI: 0.00, Mem. bwidth: 0.13GB/s GFLOPS: 0.00 I/O: 0.01MB/s No MPI  
	TPI 0.03 Cache miss rates: L1 0.95GB/s L2 0.00GB/s L3 0.00GB/s
	Total MPI calls 2
	IO DATA: rchar 4607 wchar 8843 syscr 51 syscw 27 read_bytes 0 write_bytes 303104
	Process OS info: (pid 556453 state R utime 1092 stime 1 cutime 0 cstime 0 CPU usage 98)
	CPU temperature (celsius): socket 0: 59 socket 1: 69[0m
EAR[556453](hratio_l30) at 2.60/1.47 in tcn366 MR[0] elapsed 1719 sec.: [32mLoop time: 1.210s DC Power: [35m469.0W[32m DRAM power: 0.00W PCK power: 380.86W
	avg. CPUFreq: 2.57GHz avg. IMCFreq: 1.47GHz
	CPI: 0.516 VPI: 0.00, Mem. bwidth: 0.18GB/s GFLOPS: 0.00 I/O: 0.01MB/s No MPI  
	TPI 0.04 Cache miss rates: L1 0.92GB/s L2 0.00GB/s L3 0.00GB/s
	Total MPI calls 2
	IO DATA: rchar 4607 wchar 8843 syscr 51 syscw 27 read_bytes 0 write_bytes 307200
	Process OS info: (pid 556453 state R utime 1188 stime 1 cutime 0 cstime 0 CPU usage 98)
	CPU temperature (celsius): socket 0: 59 socket 1: 69[0m
EAR[556453](hratio_l30) at 2.60/1.47 in tcn366 MR[0] elapsed 1730 sec.: [32mLoop time: 1.107s DC Power: [35m419.4W[32m DRAM power: 0.00W PCK power: 380.97W
	avg. CPUFreq: 2.57GHz avg. IMCFreq: 1.47GHz
	CPI: 0.517 VPI: 0.00, Mem. bwidth: 0.26GB/s GFLOPS: 0.00 I/O: 0.01MB/s No MPI  
	TPI 0.05 Cache miss rates: L1 0.89GB/s L2 0.00GB/s L3 0.00GB/s
	Total MPI calls 2
	IO DATA: rchar 4607 wchar 8843 syscr 51 syscw 27 read_bytes 0 write_bytes 339968
	Process OS info: (pid 556453 state R utime 1080 stime 1 cutime 0 cstime 0 CPU usage 97)
	CPU temperature (celsius): socket 0: 59 socket 1: 69[0m
EAR[556453](hratio_l30) at 2.60/1.47 in tcn366 MR[0] elapsed 1742 sec.: [32mLoop time: 1.109s DC Power: [35m418.9W[32m DRAM power: 0.00W PCK power: 381.57W
	avg. CPUFreq: 2.57GHz avg. IMCFreq: 1.47GHz
	CPI: 0.516 VPI: 0.00, Mem. bwidth: 0.37GB/s GFLOPS: 0.00 I/O: 0.01MB/s No MPI  
	TPI 0.08 Cache miss rates: L1 0.85GB/s L2 0.00GB/s L3 0.00GB/s
	Total MPI calls 2
	IO DATA: rchar 4607 wchar 8843 syscr 51 syscw 27 read_bytes 0 write_bytes 311296
	Process OS info: (pid 556453 state R utime 1080 stime 0 cutime 0 cstime 0 CPU usage 97)
	CPU temperature (celsius): socket 0: 59 socket 1: 69[0m
EAR[556453](hratio_l30) at 2.60/1.47 in tcn366 MR[0] elapsed 1753 sec.: [32mLoop time: 1.108s DC Power: [35m465.7W[32m DRAM power: 0.00W PCK power: 381.06W
	avg. CPUFreq: 2.57GHz avg. IMCFreq: 1.47GHz
	CPI: 0.516 VPI: 0.00, Mem. bwidth: 0.20GB/s GFLOPS: 0.00 I/O: 0.01MB/s No MPI  
	TPI 0.04 Cache miss rates: L1 0.84GB/s L2 0.00GB/s L3 0.00GB/s
	Total MPI calls 2
	IO DATA: rchar 4607 wchar 8843 syscr 51 syscw 27 read_bytes 0 write_bytes 294912
	Process OS info: (pid 556453 state R utime 1081 stime 1 cutime 0 cstime 0 CPU usage 97)
	CPU temperature (celsius): socket 0: 59 socket 1: 69[0m
EAR[556453](hratio_l30) at 2.60/1.47 in tcn366 MR[0] elapsed 1764 sec.: [32mLoop time: 1.113s DC Power: [35m464.0W[32m DRAM power: 0.00W PCK power: 381.93W
	avg. CPUFreq: 2.57GHz avg. IMCFreq: 1.47GHz
	CPI: 0.516 VPI: 0.00, Mem. bwidth: 0.41GB/s GFLOPS: 0.00 I/O: 0.01MB/s No MPI  
	TPI 0.09 Cache miss rates: L1 0.86GB/s L2 0.00GB/s L3 0.00GB/s
	Total MPI calls 2
	IO DATA: rchar 4607 wchar 8843 syscr 51 syscw 27 read_bytes 0 write_bytes 294912
	Process OS info: (pid 556453 state R utime 1081 stime 1 cutime 0 cstime 0 CPU usage 97)
	CPU temperature (celsius): socket 0: 59 socket 1: 69[0m
EAR[556453](hratio_l30) at 2.60/1.47 in tcn366 MR[0] elapsed 1775 sec.: [32mLoop time: 1.107s DC Power: [35m466.7W[32m DRAM power: 0.00W PCK power: 381.11W
	avg. CPUFreq: 2.57GHz avg. IMCFreq: 1.47GHz
	CPI: 0.516 VPI: 0.00, Mem. bwidth: 0.17GB/s GFLOPS: 0.00 I/O: 0.01MB/s No MPI  
	TPI 0.04 Cache miss rates: L1 0.88GB/s L2 0.00GB/s L3 0.00GB/s
	Total MPI calls 2
	IO DATA: rchar 4607 wchar 8843 syscr 51 syscw 27 read_bytes 0 write_bytes 299008
	Process OS info: (pid 556453 state R utime 1089 stime 1 cutime 0 cstime 0 CPU usage 98)
	CPU temperature (celsius): socket 0: 59 socket 1: 69[0m
EAR[556453](hratio_l30) at 2.60/1.47 in tcn366 MR[0] elapsed 1786 sec.: [32mLoop time: 1.108s DC Power: [35m420.0W[32m DRAM power: 0.00W PCK power: 381.05W
	avg. CPUFreq: 2.57GHz avg. IMCFreq: 1.47GHz
	CPI: 0.515 VPI: 0.00, Mem. bwidth: 0.13GB/s GFLOPS: 0.00 I/O: 0.01MB/s No MPI  
	TPI 0.03 Cache miss rates: L1 0.88GB/s L2 0.00GB/s L3 0.00GB/s
	Total MPI calls 2
	IO DATA: rchar 4607 wchar 8843 syscr 51 syscw 27 read_bytes 0 write_bytes 303104
	Process OS info: (pid 556453 state R utime 1092 stime 0 cutime 0 cstime 0 CPU usage 98)
	CPU temperature (celsius): socket 0: 59 socket 1: 69[0m
EAR[556453](hratio_l30) at 2.60/1.47 in tcn366 MR[0] elapsed 1797 sec.: [32mLoop time: 1.107s DC Power: [35m419.8W[32m DRAM power: 0.00W PCK power: 381.09W
	avg. CPUFreq: 2.57GHz avg. IMCFreq: 1.47GHz
	CPI: 0.515 VPI: 0.00, Mem. bwidth: 0.13GB/s GFLOPS: 0.00 I/O: 0.01MB/s No MPI  
	TPI 0.03 Cache miss rates: L1 0.88GB/s L2 0.00GB/s L3 0.00GB/s
	Total MPI calls 2
	IO DATA: rchar 4607 wchar 8843 syscr 51 syscw 27 read_bytes 0 write_bytes 299008
	Process OS info: (pid 556453 state R utime 1091 stime 1 cutime 0 cstime 0 CPU usage 98)
	CPU temperature (celsius): socket 0: 59 socket 1: 69[0m
EAR[556453](hratio_l30) at 2.60/1.47 in tcn366 MR[0] elapsed 1808 sec.: [32mLoop time: 1.108s DC Power: [35m465.5W[32m DRAM power: 0.00W PCK power: 381.06W
	avg. CPUFreq: 2.57GHz avg. IMCFreq: 1.47GHz
	CPI: 0.516 VPI: 0.00, Mem. bwidth: 0.17GB/s GFLOPS: 0.00 I/O: 0.01MB/s No MPI  
	TPI 0.04 Cache miss rates: L1 0.87GB/s L2 0.00GB/s L3 0.00GB/s
	Total MPI calls 2
	IO DATA: rchar 4607 wchar 8843 syscr 51 syscw 27 read_bytes 0 write_bytes 303104
	Process OS info: (pid 556453 state R utime 1092 stime 0 cutime 0 cstime 0 CPU usage 98)
	CPU temperature (celsius): socket 0: 59 socket 1: 69[0m
EAR[556453](hratio_l30) at 2.60/1.47 in tcn366 MR[0] elapsed 1819 sec.: [32mLoop time: 1.108s DC Power: [35m465.7W[32m DRAM power: 0.00W PCK power: 381.01W
	avg. CPUFreq: 2.57GHz avg. IMCFreq: 1.47GHz
	CPI: 0.516 VPI: 0.00, Mem. bwidth: 0.11GB/s GFLOPS: 0.00 I/O: 0.01MB/s No MPI  
	TPI 0.02 Cache miss rates: L1 0.88GB/s L2 0.00GB/s L3 0.00GB/s
	Total MPI calls 2
	IO DATA: rchar 4607 wchar 8843 syscr 51 syscw 27 read_bytes 0 write_bytes 438272
	Process OS info: (pid 556453 state R utime 1092 stime 1 cutime 0 cstime 0 CPU usage 98)
	CPU temperature (celsius): socket 0: 59 socket 1: 69[0m
EAR[556453](hratio_l30) at 2.60/1.47 in tcn366 MR[0] elapsed 1830 sec.: [32mLoop time: 1.107s DC Power: [35m419.4W[32m DRAM power: 0.00W PCK power: 381.09W
	avg. CPUFreq: 2.57GHz avg. IMCFreq: 1.47GHz
	CPI: 0.515 VPI: 0.00, Mem. bwidth: 0.13GB/s GFLOPS: 0.00 I/O: 0.01MB/s No MPI  
	TPI 0.03 Cache miss rates: L1 0.87GB/s L2 0.00GB/s L3 0.00GB/s
	Total MPI calls 2
	IO DATA: rchar 4607 wchar 8843 syscr 51 syscw 27 read_bytes 0 write_bytes 294912
	Process OS info: (pid 556453 state R utime 1091 stime 1 cutime 0 cstime 0 CPU usage 98)
	CPU temperature (celsius): socket 0: 59 socket 1: 69[0m
EAR[556453](hratio_l30) at 2.60/1.47 in tcn366 MR[0] elapsed 1841 sec.: [32mLoop time: 1.108s DC Power: [35m466.2W[32m DRAM power: 0.00W PCK power: 381.03W
	avg. CPUFreq: 2.57GHz avg. IMCFreq: 1.47GHz
	CPI: 0.515 VPI: 0.00, Mem. bwidth: 0.14GB/s GFLOPS: 0.00 I/O: 0.01MB/s No MPI  
	TPI 0.03 Cache miss rates: L1 0.90GB/s L2 0.00GB/s L3 0.00GB/s
	Total MPI calls 2
	IO DATA: rchar 4607 wchar 8843 syscr 51 syscw 27 read_bytes 0 write_bytes 299008
	Process OS info: (pid 556453 state R utime 1092 stime 1 cutime 0 cstime 0 CPU usage 98)
	CPU temperature (celsius): socket 0: 59 socket 1: 69[0m
EAR[556453](hratio_l30) at 2.60/1.47 in tcn366 MR[0] elapsed 1852 sec.: [32mLoop time: 1.108s DC Power: [35m466.5W[32m DRAM power: 0.00W PCK power: 380.98W
	avg. CPUFreq: 2.57GHz avg. IMCFreq: 1.47GHz
	CPI: 0.515 VPI: 0.00, Mem. bwidth: 0.12GB/s GFLOPS: 0.00 I/O: 0.01MB/s No MPI  
	TPI 0.03 Cache miss rates: L1 0.94GB/s L2 0.00GB/s L3 0.00GB/s
	Total MPI calls 2
	IO DATA: rchar 4607 wchar 8843 syscr 51 syscw 27 read_bytes 0 write_bytes 303104
	Process OS info: (pid 556453 state R utime 1092 stime 0 cutime 0 cstime 0 CPU usage 98)
	CPU temperature (celsius): socket 0: 59 socket 1: 69[0m
EAR[556453](hratio_l30) at 2.60/1.47 in tcn366 MR[0] elapsed 1863 sec.: [32mLoop time: 1.108s DC Power: [35m465.9W[32m DRAM power: 0.00W PCK power: 381.01W
	avg. CPUFreq: 2.57GHz avg. IMCFreq: 1.47GHz
	CPI: 0.515 VPI: 0.00, Mem. bwidth: 0.12GB/s GFLOPS: 0.00 I/O: 0.01MB/s No MPI  
	TPI 0.03 Cache miss rates: L1 0.89GB/s L2 0.00GB/s L3 0.00GB/s
	Total MPI calls 2
	IO DATA: rchar 4607 wchar 8843 syscr 51 syscw 27 read_bytes 0 write_bytes 299008
	Process OS info: (pid 556453 state R utime 1090 stime 1 cutime 0 cstime 0 CPU usage 98)
	CPU temperature (celsius): socket 0: 59 socket 1: 69[0m
EAR[556453](hratio_l30) at 2.60/1.47 in tcn366 MR[0] elapsed 1875 sec.: [32mLoop time: 1.108s DC Power: [35m419.1W[32m DRAM power: 0.00W PCK power: 380.95W
	avg. CPUFreq: 2.57GHz avg. IMCFreq: 1.47GHz
	CPI: 0.516 VPI: 0.00, Mem. bwidth: 0.13GB/s GFLOPS: 0.00 I/O: 0.01MB/s No MPI  
	TPI 0.03 Cache miss rates: L1 0.94GB/s L2 0.00GB/s L3 0.00GB/s
	Total MPI calls 2
	IO DATA: rchar 4607 wchar 8985 syscr 51 syscw 57 read_bytes 0 write_bytes 294912
	Process OS info: (pid 556453 state R utime 1092 stime 1 cutime 0 cstime 0 CPU usage 98)
	CPU temperature (celsius): socket 0: 59 socket 1: 69[0m
EAR[556453](hratio_l30) at 2.60/1.47 in tcn366 MR[0] elapsed 1886 sec.: [32mLoop time: 1.108s DC Power: [35m465.7W[32m DRAM power: 0.00W PCK power: 381.00W
	avg. CPUFreq: 2.57GHz avg. IMCFreq: 1.47GHz
	CPI: 0.515 VPI: 0.00, Mem. bwidth: 0.12GB/s GFLOPS: 0.00 I/O: 0.01MB/s No MPI  
	TPI 0.03 Cache miss rates: L1 0.91GB/s L2 0.00GB/s L3 0.00GB/s
	Total MPI calls 2
	IO DATA: rchar 4607 wchar 8843 syscr 51 syscw 27 read_bytes 0 write_bytes 290816
	Process OS info: (pid 556453 state R utime 1092 stime 1 cutime 0 cstime 0 CPU usage 98)
	CPU temperature (celsius): socket 0: 59 socket 1: 69[0m
EAR[556453](hratio_l30) at 2.60/1.47 in tcn366 MR[0] elapsed 1897 sec.: [32mLoop time: 1.109s DC Power: [35m465.4W[32m DRAM power: 0.00W PCK power: 380.94W
	avg. CPUFreq: 2.57GHz avg. IMCFreq: 1.47GHz
	CPI: 0.516 VPI: 0.00, Mem. bwidth: 0.16GB/s GFLOPS: 0.00 I/O: 0.01MB/s No MPI  
	TPI 0.03 Cache miss rates: L1 0.86GB/s L2 0.00GB/s L3 0.00GB/s
	Total MPI calls 2
	IO DATA: rchar 4607 wchar 8843 syscr 51 syscw 27 read_bytes 0 write_bytes 294912
	Process OS info: (pid 556453 state R utime 1092 stime 0 cutime 0 cstime 0 CPU usage 98)
	CPU temperature (celsius): socket 0: 59 socket 1: 69[0m
EAR[556453](hratio_l30) at 2.60/1.47 in tcn366 MR[0] elapsed 1908 sec.: [32mLoop time: 1.107s DC Power: [35m465.9W[32m DRAM power: 0.00W PCK power: 380.86W
	avg. CPUFreq: 2.57GHz avg. IMCFreq: 1.47GHz
	CPI: 0.516 VPI: 0.00, Mem. bwidth: 0.12GB/s GFLOPS: 0.00 I/O: 0.01MB/s No MPI  
	TPI 0.02 Cache miss rates: L1 0.91GB/s L2 0.00GB/s L3 0.00GB/s
	Total MPI calls 2
	IO DATA: rchar 4607 wchar 8843 syscr 51 syscw 27 read_bytes 0 write_bytes 294912
	Process OS info: (pid 556453 state R utime 1092 stime 1 cutime 0 cstime 0 CPU usage 98)
	CPU temperature (celsius): socket 0: 59 socket 1: 69[0m
EAR[556453](hratio_l30) at 2.60/1.47 in tcn366 MR[0] elapsed 1919 sec.: [32mLoop time: 1.108s DC Power: [35m419.2W[32m DRAM power: 0.00W PCK power: 380.82W
	avg. CPUFreq: 2.57GHz avg. IMCFreq: 1.47GHz
	CPI: 0.516 VPI: 0.00, Mem. bwidth: 0.13GB/s GFLOPS: 0.00 I/O: 0.01MB/s No MPI  
	TPI 0.03 Cache miss rates: L1 0.87GB/s L2 0.00GB/s L3 0.00GB/s
	Total MPI calls 2
	IO DATA: rchar 4607 wchar 8843 syscr 51 syscw 27 read_bytes 0 write_bytes 294912
	Process OS info: (pid 556453 state R utime 1091 stime 0 cutime 0 cstime 0 CPU usage 98)
	CPU temperature (celsius): socket 0: 59 socket 1: 69[0m
EAR[556453](hratio_l30) at 2.60/1.47 in tcn366 MR[0] elapsed 1930 sec.: [32mLoop time: 1.108s DC Power: [35m465.7W[32m DRAM power: 0.00W PCK power: 380.98W
	avg. CPUFreq: 2.57GHz avg. IMCFreq: 1.47GHz
	CPI: 0.515 VPI: 0.00, Mem. bwidth: 0.14GB/s GFLOPS: 0.00 I/O: 0.01MB/s No MPI  
	TPI 0.03 Cache miss rates: L1 0.87GB/s L2 0.00GB/s L3 0.00GB/s
	Total MPI calls 2
	IO DATA: rchar 4607 wchar 8843 syscr 51 syscw 27 read_bytes 0 write_bytes 303104
	Process OS info: (pid 556453 state R utime 1092 stime 1 cutime 0 cstime 0 CPU usage 98)
	CPU temperature (celsius): socket 0: 59 socket 1: 69[0m
EAR[556453](hratio_l30) at 2.60/1.47 in tcn366 MR[0] elapsed 1941 sec.: [32mLoop time: 1.107s DC Power: [35m465.9W[32m DRAM power: 0.00W PCK power: 380.88W
	avg. CPUFreq: 2.57GHz avg. IMCFreq: 1.47GHz
	CPI: 0.515 VPI: 0.00, Mem. bwidth: 0.12GB/s GFLOPS: 0.00 I/O: 0.01MB/s No MPI  
	TPI 0.03 Cache miss rates: L1 0.87GB/s L2 0.00GB/s L3 0.00GB/s
	Total MPI calls 2
	IO DATA: rchar 4607 wchar 8843 syscr 51 syscw 27 read_bytes 0 write_bytes 299008
	Process OS info: (pid 556453 state R utime 1091 stime 1 cutime 0 cstime 0 CPU usage 98)
	CPU temperature (celsius): socket 0: 60 socket 1: 69[0m
EAR[556453](hratio_l30) at 2.60/1.47 in tcn366 MR[0] elapsed 1952 sec.: [32mLoop time: 1.107s DC Power: [35m466.0W[32m DRAM power: 0.00W PCK power: 380.90W
	avg. CPUFreq: 2.57GHz avg. IMCFreq: 1.47GHz
	CPI: 0.515 VPI: 0.00, Mem. bwidth: 0.12GB/s GFLOPS: 0.00 I/O: 0.01MB/s No MPI  
	TPI 0.02 Cache miss rates: L1 0.85GB/s L2 0.00GB/s L3 0.00GB/s
	Total MPI calls 2
	IO DATA: rchar 4607 wchar 8843 syscr 51 syscw 27 read_bytes 0 write_bytes 303104
	Process OS info: (pid 556453 state R utime 1091 stime 0 cutime 0 cstime 0 CPU usage 98)
	CPU temperature (celsius): socket 0: 59 socket 1: 69[0m
EAR[556453](hratio_l30) at 2.60/1.47 in tcn366 MR[0] elapsed 1963 sec.: [32mLoop time: 1.108s DC Power: [35m419.2W[32m DRAM power: 0.00W PCK power: 381.02W
	avg. CPUFreq: 2.57GHz avg. IMCFreq: 1.47GHz
	CPI: 0.515 VPI: 0.00, Mem. bwidth: 0.14GB/s GFLOPS: 0.00 I/O: 0.01MB/s No MPI  
	TPI 0.03 Cache miss rates: L1 0.88GB/s L2 0.00GB/s L3 0.00GB/s
	Total MPI calls 2
	IO DATA: rchar 4607 wchar 8843 syscr 51 syscw 27 read_bytes 0 write_bytes 294912
	Process OS info: (pid 556453 state R utime 1091 stime 1 cutime 0 cstime 0 CPU usage 98)
	CPU temperature (celsius): socket 0: 59 socket 1: 69[0m
EAR[556453](hratio_l30) at 2.60/1.47 in tcn366 MR[0] elapsed 1974 sec.: [32mLoop time: 1.108s DC Power: [35m419.2W[32m DRAM power: 0.00W PCK power: 381.03W
	avg. CPUFreq: 2.57GHz avg. IMCFreq: 1.47GHz
	CPI: 0.515 VPI: 0.00, Mem. bwidth: 0.13GB/s GFLOPS: 0.00 I/O: 0.01MB/s No MPI  
	TPI 0.03 Cache miss rates: L1 0.84GB/s L2 0.00GB/s L3 0.00GB/s
	Total MPI calls 2
	IO DATA: rchar 4607 wchar 8843 syscr 51 syscw 27 read_bytes 0 write_bytes 303104
	Process OS info: (pid 556453 state R utime 1092 stime 1 cutime 0 cstime 0 CPU usage 98)
	CPU temperature (celsius): socket 0: 59 socket 1: 69[0m
EAR[556453](hratio_l30) at 2.60/1.47 in tcn366 MR[0] elapsed 1985 sec.: [32mLoop time: 1.108s DC Power: [35m465.7W[32m DRAM power: 0.00W PCK power: 381.06W
	avg. CPUFreq: 2.57GHz avg. IMCFreq: 1.47GHz
	CPI: 0.515 VPI: 0.00, Mem. bwidth: 0.13GB/s GFLOPS: 0.00 I/O: 0.01MB/s No MPI  
	TPI 0.03 Cache miss rates: L1 0.92GB/s L2 0.00GB/s L3 0.00GB/s
	Total MPI calls 2
	IO DATA: rchar 4607 wchar 8843 syscr 51 syscw 27 read_bytes 0 write_bytes 294912
	Process OS info: (pid 556453 state R utime 1091 stime 0 cutime 0 cstime 0 CPU usage 98)
	CPU temperature (celsius): socket 0: 59 socket 1: 69[0m
EAR[556453](hratio_l30) at 2.60/1.47 in tcn366 MR[0] elapsed 1996 sec.: [32mLoop time: 1.108s DC Power: [35m465.8W[32m DRAM power: 0.00W PCK power: 380.96W
	avg. CPUFreq: 2.57GHz avg. IMCFreq: 1.47GHz
	CPI: 0.515 VPI: 0.00, Mem. bwidth: 0.14GB/s GFLOPS: 0.00 I/O: 0.01MB/s No MPI  
	TPI 0.03 Cache miss rates: L1 0.93GB/s L2 0.00GB/s L3 0.00GB/s
	Total MPI calls 2
	IO DATA: rchar 4607 wchar 8843 syscr 51 syscw 27 read_bytes 0 write_bytes 299008
	Process OS info: (pid 556453 state R utime 1092 stime 1 cutime 0 cstime 0 CPU usage 98)
	CPU temperature (celsius): socket 0: 59 socket 1: 69[0m
EAR[556453](hratio_l30) at 2.60/1.47 in tcn366 MR[0] elapsed 2007 sec.: [32mLoop time: 1.108s DC Power: [35m419.6W[32m DRAM power: 0.00W PCK power: 380.98W
	avg. CPUFreq: 2.57GHz avg. IMCFreq: 1.47GHz
	CPI: 0.515 VPI: 0.00, Mem. bwidth: 0.14GB/s GFLOPS: 0.00 I/O: 0.01MB/s No MPI  
	TPI 0.03 Cache miss rates: L1 0.91GB/s L2 0.00GB/s L3 0.00GB/s
	Total MPI calls 2
	IO DATA: rchar 4607 wchar 8843 syscr 51 syscw 27 read_bytes 0 write_bytes 421888
	Process OS info: (pid 556453 state R utime 1091 stime 1 cutime 0 cstime 0 CPU usage 98)
	CPU temperature (celsius): socket 0: 59 socket 1: 69[0m
EAR[556453](hratio_l30) at 2.60/1.47 in tcn366 MR[0] elapsed 2019 sec.: [32mLoop time: 1.107s DC Power: [35m466.8W[32m DRAM power: 0.00W PCK power: 380.96W
	avg. CPUFreq: 2.57GHz avg. IMCFreq: 1.47GHz
	CPI: 0.515 VPI: 0.00, Mem. bwidth: 0.15GB/s GFLOPS: 0.00 I/O: 0.01MB/s No MPI  
	TPI 0.03 Cache miss rates: L1 0.91GB/s L2 0.00GB/s L3 0.00GB/s
	Total MPI calls 2
	IO DATA: rchar 4607 wchar 8843 syscr 51 syscw 27 read_bytes 0 write_bytes 299008
	Process OS info: (pid 556453 state R utime 1085 stime 0 cutime 0 cstime 0 CPU usage 97)
	CPU temperature (celsius): socket 0: 59 socket 1: 69[0m
EAR[556453](hratio_l30) at 2.60/1.47 in tcn366 MR[0] elapsed 2030 sec.: [32mLoop time: 1.108s DC Power: [35m419.9W[32m DRAM power: 0.00W PCK power: 381.10W
	avg. CPUFreq: 2.57GHz avg. IMCFreq: 1.47GHz
	CPI: 0.515 VPI: 0.00, Mem. bwidth: 0.11GB/s GFLOPS: 0.00 I/O: 0.01MB/s No MPI  
	TPI 0.02 Cache miss rates: L1 0.91GB/s L2 0.00GB/s L3 0.00GB/s
	Total MPI calls 2
	IO DATA: rchar 4607 wchar 8843 syscr 51 syscw 27 read_bytes 0 write_bytes 352256
	Process OS info: (pid 556453 state R utime 1092 stime 1 cutime 0 cstime 0 CPU usage 98)
	CPU temperature (celsius): socket 0: 59 socket 1: 69[0m
EAR[556453](hratio_l30) at 2.60/1.47 in tcn366 MR[0] elapsed 2041 sec.: [32mLoop time: 1.108s DC Power: [35m466.6W[32m DRAM power: 0.00W PCK power: 381.15W
	avg. CPUFreq: 2.57GHz avg. IMCFreq: 1.47GHz
	CPI: 0.515 VPI: 0.00, Mem. bwidth: 0.14GB/s GFLOPS: 0.00 I/O: 0.01MB/s No MPI  
	TPI 0.03 Cache miss rates: L1 0.93GB/s L2 0.00GB/s L3 0.00GB/s
	Total MPI calls 2
	IO DATA: rchar 4607 wchar 8843 syscr 51 syscw 27 read_bytes 0 write_bytes 294912
	Process OS info: (pid 556453 state R utime 1091 stime 1 cutime 0 cstime 0 CPU usage 98)
	CPU temperature (celsius): socket 0: 59 socket 1: 69[0m
EAR[556453](hratio_l30) at 2.60/1.47 in tcn366 MR[0] elapsed 2052 sec.: [32mLoop time: 1.108s DC Power: [35m419.9W[32m DRAM power: 0.00W PCK power: 381.10W
	avg. CPUFreq: 2.57GHz avg. IMCFreq: 1.47GHz
	CPI: 0.515 VPI: 0.00, Mem. bwidth: 0.17GB/s GFLOPS: 0.00 I/O: 0.01MB/s No MPI  
	TPI 0.03 Cache miss rates: L1 0.92GB/s L2 0.00GB/s L3 0.00GB/s
	Total MPI calls 2
	IO DATA: rchar 4607 wchar 8843 syscr 51 syscw 27 read_bytes 0 write_bytes 294912
	Process OS info: (pid 556453 state R utime 1084 stime 0 cutime 0 cstime 0 CPU usage 97)
	CPU temperature (celsius): socket 0: 59 socket 1: 69[0m
EAR[556453](hratio_l30) at 2.60/1.47 in tcn366 MR[0] elapsed 2063 sec.: [32mLoop time: 1.108s DC Power: [35m466.8W[32m DRAM power: 0.00W PCK power: 381.05W
	avg. CPUFreq: 2.57GHz avg. IMCFreq: 1.47GHz
	CPI: 0.515 VPI: 0.00, Mem. bwidth: 0.12GB/s GFLOPS: 0.00 I/O: 0.01MB/s No MPI  
	TPI 0.03 Cache miss rates: L1 0.90GB/s L2 0.00GB/s L3 0.00GB/s
	Total MPI calls 2
	IO DATA: rchar 4607 wchar 8843 syscr 51 syscw 27 read_bytes 0 write_bytes 299008
	Process OS info: (pid 556453 state R utime 1092 stime 1 cutime 0 cstime 0 CPU usage 98)
	CPU temperature (celsius): socket 0: 59 socket 1: 69[0m
EAR[556453](hratio_l30) at 2.60/1.47 in tcn366 MR[0] elapsed 2074 sec.: [32mLoop time: 1.108s DC Power: [35m466.7W[32m DRAM power: 0.00W PCK power: 381.13W
	avg. CPUFreq: 2.57GHz avg. IMCFreq: 1.47GHz
	CPI: 0.514 VPI: 0.00, Mem. bwidth: 0.14GB/s GFLOPS: 0.00 I/O: 0.01MB/s No MPI  
	TPI 0.03 Cache miss rates: L1 0.90GB/s L2 0.00GB/s L3 0.00GB/s
	Total MPI calls 2
	IO DATA: rchar 4607 wchar 8843 syscr 51 syscw 27 read_bytes 0 write_bytes 294912
	Process OS info: (pid 556453 state R utime 1091 stime 0 cutime 0 cstime 0 CPU usage 98)
	CPU temperature (celsius): socket 0: 59 socket 1: 69[0m
EAR[556453](hratio_l30) at 2.60/1.47 in tcn366 MR[0] elapsed 2085 sec.: [32mLoop time: 1.108s DC Power: [35m466.4W[32m DRAM power: 0.00W PCK power: 381.05W
	avg. CPUFreq: 2.57GHz avg. IMCFreq: 1.47GHz
	CPI: 0.515 VPI: 0.00, Mem. bwidth: 0.14GB/s GFLOPS: 0.00 I/O: 0.01MB/s No MPI  
	TPI 0.03 Cache miss rates: L1 0.91GB/s L2 0.00GB/s L3 0.00GB/s
	Total MPI calls 2
	IO DATA: rchar 4607 wchar 8843 syscr 51 syscw 27 read_bytes 0 write_bytes 303104
	Process OS info: (pid 556453 state R utime 1092 stime 1 cutime 0 cstime 0 CPU usage 98)
	CPU temperature (celsius): socket 0: 59 socket 1: 69[0m
EAR[556453](hratio_l30) at 2.60/1.47 in tcn366 MR[0] elapsed 2096 sec.: [32mLoop time: 1.108s DC Power: [35m372.7W[32m DRAM power: 0.00W PCK power: 381.17W
	avg. CPUFreq: 2.57GHz avg. IMCFreq: 1.47GHz
	CPI: 0.515 VPI: 0.00, Mem. bwidth: 0.14GB/s GFLOPS: 0.00 I/O: 0.01MB/s No MPI  
	TPI 0.03 Cache miss rates: L1 0.92GB/s L2 0.00GB/s L3 0.00GB/s
	Total MPI calls 2
	IO DATA: rchar 4607 wchar 8843 syscr 51 syscw 27 read_bytes 0 write_bytes 434176
	Process OS info: (pid 556453 state R utime 1090 stime 1 cutime 0 cstime 0 CPU usage 98)
	CPU temperature (celsius): socket 0: 59 socket 1: 69[0m
EAR[556453](hratio_l30) at 2.60/1.47 in tcn366 MR[0] elapsed 2107 sec.: [32mLoop time: 1.107s DC Power: [35m466.8W[32m DRAM power: 0.00W PCK power: 381.13W
	avg. CPUFreq: 2.57GHz avg. IMCFreq: 1.47GHz
	CPI: 0.515 VPI: 0.00, Mem. bwidth: 0.13GB/s GFLOPS: 0.00 I/O: 0.01MB/s No MPI  
	TPI 0.03 Cache miss rates: L1 0.92GB/s L2 0.00GB/s L3 0.00GB/s
	Total MPI calls 2
	IO DATA: rchar 4607 wchar 8843 syscr 51 syscw 27 read_bytes 0 write_bytes 421888
	Process OS info: (pid 556453 state R utime 1090 stime 0 cutime 0 cstime 0 CPU usage 98)
	CPU temperature (celsius): socket 0: 59 socket 1: 69[0m
EAR[556453](hratio_l30) at 2.60/1.47 in tcn366 MR[0] elapsed 2118 sec.: [32mLoop time: 1.108s DC Power: [35m466.7W[32m DRAM power: 0.00W PCK power: 381.17W
	avg. CPUFreq: 2.57GHz avg. IMCFreq: 1.47GHz
	CPI: 0.515 VPI: 0.00, Mem. bwidth: 0.12GB/s GFLOPS: 0.00 I/O: 0.01MB/s No MPI  
	TPI 0.02 Cache miss rates: L1 0.93GB/s L2 0.00GB/s L3 0.00GB/s
	Total MPI calls 2
	IO DATA: rchar 4607 wchar 8843 syscr 51 syscw 27 read_bytes 0 write_bytes 303104
	Process OS info: (pid 556453 state R utime 1090 stime 1 cutime 0 cstime 0 CPU usage 98)
	CPU temperature (celsius): socket 0: 59 socket 1: 69[0m
EAR[556453](hratio_l30) at 2.60/1.47 in tcn366 MR[0] elapsed 2129 sec.: [32mLoop time: 1.108s DC Power: [35m466.8W[32m DRAM power: 0.00W PCK power: 381.02W
	avg. CPUFreq: 2.57GHz avg. IMCFreq: 1.47GHz
	CPI: 0.515 VPI: 0.00, Mem. bwidth: 0.13GB/s GFLOPS: 0.00 I/O: 0.01MB/s No MPI  
	TPI 0.03 Cache miss rates: L1 0.98GB/s L2 0.00GB/s L3 0.00GB/s
	Total MPI calls 2
	IO DATA: rchar 4607 wchar 8843 syscr 51 syscw 27 read_bytes 0 write_bytes 303104
	Process OS info: (pid 556453 state R utime 1091 stime 1 cutime 0 cstime 0 CPU usage 98)
	CPU temperature (celsius): socket 0: 59 socket 1: 69[0m
EAR[556453](hratio_l30) at 2.60/1.47 in tcn366 MR[0] elapsed 2140 sec.: [32mLoop time: 1.107s DC Power: [35m420.2W[32m DRAM power: 0.00W PCK power: 381.24W
	avg. CPUFreq: 2.57GHz avg. IMCFreq: 1.47GHz
	CPI: 0.515 VPI: 0.00, Mem. bwidth: 0.15GB/s GFLOPS: 0.00 I/O: 0.01MB/s No MPI  
	TPI 0.03 Cache miss rates: L1 0.96GB/s L2 0.00GB/s L3 0.00GB/s
	Total MPI calls 2
	IO DATA: rchar 4607 wchar 8843 syscr 51 syscw 27 read_bytes 0 write_bytes 303104
	Process OS info: (pid 556453 state R utime 1090 stime 0 cutime 0 cstime 0 CPU usage 98)
	CPU temperature (celsius): socket 0: 59 socket 1: 69[0m
EAR[556453](hratio_l30) at 2.60/1.47 in tcn366 MR[0] elapsed 2151 sec.: [32mLoop time: 1.107s DC Power: [35m420.2W[32m DRAM power: 0.00W PCK power: 381.26W
	avg. CPUFreq: 2.57GHz avg. IMCFreq: 1.47GHz
	CPI: 0.515 VPI: 0.00, Mem. bwidth: 0.12GB/s GFLOPS: 0.00 I/O: 0.01MB/s No MPI  
	TPI 0.03 Cache miss rates: L1 0.99GB/s L2 0.00GB/s L3 0.00GB/s
	Total MPI calls 2
	IO DATA: rchar 4607 wchar 8843 syscr 51 syscw 27 read_bytes 0 write_bytes 303104
	Process OS info: (pid 556453 state R utime 1089 stime 1 cutime 0 cstime 0 CPU usage 98)
	CPU temperature (celsius): socket 0: 59 socket 1: 69[0m
EAR[556453](hratio_l30) at 2.60/1.47 in tcn366 MR[0] elapsed 2163 sec.: [32mLoop time: 1.108s DC Power: [35m466.6W[32m DRAM power: 0.00W PCK power: 381.16W
	avg. CPUFreq: 2.57GHz avg. IMCFreq: 1.47GHz
	CPI: 0.515 VPI: 0.00, Mem. bwidth: 0.11GB/s GFLOPS: 0.00 I/O: 0.01MB/s No MPI  
	TPI 0.02 Cache miss rates: L1 0.93GB/s L2 0.00GB/s L3 0.00GB/s
	Total MPI calls 2
	IO DATA: rchar 4607 wchar 8843 syscr 51 syscw 27 read_bytes 0 write_bytes 294912
	Process OS info: (pid 556453 state R utime 1091 stime 1 cutime 0 cstime 0 CPU usage 98)
	CPU temperature (celsius): socket 0: 59 socket 1: 69[0m
EAR[556453](hratio_l30) at 2.60/1.47 in tcn366 MR[0] elapsed 2174 sec.: [32mLoop time: 1.108s DC Power: [35m466.7W[32m DRAM power: 0.00W PCK power: 381.20W
	avg. CPUFreq: 2.57GHz avg. IMCFreq: 1.47GHz
	CPI: 0.515 VPI: 0.00, Mem. bwidth: 0.15GB/s GFLOPS: 0.00 I/O: 0.01MB/s No MPI  
	TPI 0.03 Cache miss rates: L1 0.93GB/s L2 0.00GB/s L3 0.00GB/s
	Total MPI calls 2
	IO DATA: rchar 4607 wchar 8843 syscr 51 syscw 27 read_bytes 0 write_bytes 294912
	Process OS info: (pid 556453 state R utime 1090 stime 0 cutime 0 cstime 0 CPU usage 98)
	CPU temperature (celsius): socket 0: 59 socket 1: 69[0m
EAR[556453](hratio_l30) at 2.60/1.47 in tcn366 MR[0] elapsed 2185 sec.: [32mLoop time: 1.108s DC Power: [35m419.9W[32m DRAM power: 0.00W PCK power: 381.18W
	avg. CPUFreq: 2.57GHz avg. IMCFreq: 1.47GHz
	CPI: 0.515 VPI: 0.00, Mem. bwidth: 0.12GB/s GFLOPS: 0.00 I/O: 0.01MB/s No MPI  
	TPI 0.03 Cache miss rates: L1 0.96GB/s L2 0.00GB/s L3 0.00GB/s
	Total MPI calls 2
	IO DATA: rchar 4607 wchar 8843 syscr 51 syscw 27 read_bytes 0 write_bytes 286720
	Process OS info: (pid 556453 state R utime 1091 stime 1 cutime 0 cstime 0 CPU usage 98)
	CPU temperature (celsius): socket 0: 59 socket 1: 69[0m
EAR[556453](hratio_l30) at 2.60/1.47 in tcn366 MR[0] elapsed 2196 sec.: [32mLoop time: 1.107s DC Power: [35m467.0W[32m DRAM power: 0.00W PCK power: 381.10W
	avg. CPUFreq: 2.57GHz avg. IMCFreq: 1.47GHz
	CPI: 0.515 VPI: 0.00, Mem. bwidth: 0.13GB/s GFLOPS: 0.00 I/O: 0.01MB/s No MPI  
	TPI 0.03 Cache miss rates: L1 0.94GB/s L2 0.00GB/s L3 0.00GB/s
	Total MPI calls 2
	IO DATA: rchar 4607 wchar 8843 syscr 51 syscw 27 read_bytes 0 write_bytes 294912
	Process OS info: (pid 556453 state R utime 1090 stime 1 cutime 0 cstime 0 CPU usage 98)
	CPU temperature (celsius): socket 0: 59 socket 1: 69[0m
EAR[556453](hratio_l30) at 2.60/1.47 in tcn366 MR[0] elapsed 2207 sec.: [32mLoop time: 1.108s DC Power: [35m466.7W[32m DRAM power: 0.00W PCK power: 381.12W
	avg. CPUFreq: 2.57GHz avg. IMCFreq: 1.47GHz
	CPI: 0.515 VPI: 0.00, Mem. bwidth: 0.13GB/s GFLOPS: 0.00 I/O: 0.01MB/s No MPI  
	TPI 0.03 Cache miss rates: L1 0.94GB/s L2 0.00GB/s L3 0.00GB/s
	Total MPI calls 2
	IO DATA: rchar 4607 wchar 8843 syscr 51 syscw 27 read_bytes 0 write_bytes 307200
	Process OS info: (pid 556453 state R utime 1092 stime 0 cutime 0 cstime 0 CPU usage 98)
	CPU temperature (celsius): socket 0: 59 socket 1: 69[0m
EAR[556453](hratio_l30) at 2.60/1.47 in tcn366 MR[0] elapsed 2218 sec.: [32mLoop time: 1.108s DC Power: [35m466.6W[32m DRAM power: 0.00W PCK power: 381.09W
	avg. CPUFreq: 2.57GHz avg. IMCFreq: 1.47GHz
	CPI: 0.515 VPI: 0.00, Mem. bwidth: 0.13GB/s GFLOPS: 0.00 I/O: 0.01MB/s No MPI  
	TPI 0.03 Cache miss rates: L1 0.92GB/s L2 0.00GB/s L3 0.00GB/s
	Total MPI calls 2
	IO DATA: rchar 4607 wchar 8843 syscr 51 syscw 27 read_bytes 0 write_bytes 294912
	Process OS info: (pid 556453 state R utime 1091 stime 1 cutime 0 cstime 0 CPU usage 98)
	CPU temperature (celsius): socket 0: 59 socket 1: 69[0m
EAR[556453](hratio_l30) at 2.60/1.47 in tcn366 MR[0] elapsed 2229 sec.: [32mLoop time: 1.108s DC Power: [35m420.1W[32m DRAM power: 0.00W PCK power: 381.15W
	avg. CPUFreq: 2.57GHz avg. IMCFreq: 1.47GHz
	CPI: 0.514 VPI: 0.00, Mem. bwidth: 0.14GB/s GFLOPS: 0.00 I/O: 0.01MB/s No MPI  
	TPI 0.03 Cache miss rates: L1 0.92GB/s L2 0.00GB/s L3 0.00GB/s
	Total MPI calls 2
	IO DATA: rchar 4607 wchar 8843 syscr 51 syscw 27 read_bytes 0 write_bytes 299008
	Process OS info: (pid 556453 state R utime 1090 stime 1 cutime 0 cstime 0 CPU usage 98)
	CPU temperature (celsius): socket 0: 59 socket 1: 69[0m
EAR[556453](hratio_l30) at 2.60/1.47 in tcn366 MR[0] elapsed 2240 sec.: [32mLoop time: 1.107s DC Power: [35m466.9W[32m DRAM power: 0.00W PCK power: 381.10W
	avg. CPUFreq: 2.57GHz avg. IMCFreq: 1.47GHz
	CPI: 0.515 VPI: 0.00, Mem. bwidth: 0.11GB/s GFLOPS: 0.00 I/O: 0.01MB/s No MPI  
	TPI 0.02 Cache miss rates: L1 0.91GB/s L2 0.00GB/s L3 0.00GB/s
	Total MPI calls 2
	IO DATA: rchar 4607 wchar 8843 syscr 51 syscw 27 read_bytes 0 write_bytes 294912
	Process OS info: (pid 556453 state R utime 1090 stime 1 cutime 0 cstime 0 CPU usage 98)
	CPU temperature (celsius): socket 0: 59 socket 1: 69[0m
EAR[556453](hratio_l30) at 2.60/1.47 in tcn366 MR[0] elapsed 2251 sec.: [32mLoop time: 1.108s DC Power: [35m466.8W[32m DRAM power: 0.00W PCK power: 381.16W
	avg. CPUFreq: 2.57GHz avg. IMCFreq: 1.47GHz
	CPI: 0.514 VPI: 0.00, Mem. bwidth: 0.13GB/s GFLOPS: 0.00 I/O: 0.01MB/s No MPI  
	TPI 0.03 Cache miss rates: L1 0.91GB/s L2 0.00GB/s L3 0.00GB/s
	Total MPI calls 2
	IO DATA: rchar 4607 wchar 8843 syscr 51 syscw 27 read_bytes 0 write_bytes 299008
	Process OS info: (pid 556453 state R utime 1091 stime 0 cutime 0 cstime 0 CPU usage 98)
	CPU temperature (celsius): socket 0: 59 socket 1: 69[0m
EAR[556453](hratio_l30) at 2.60/1.47 in tcn366 MR[0] elapsed 2262 sec.: [32mLoop time: 1.107s DC Power: [35m465.9W[32m DRAM power: 0.00W PCK power: 381.12W
	avg. CPUFreq: 2.57GHz avg. IMCFreq: 1.47GHz
	CPI: 0.515 VPI: 0.00, Mem. bwidth: 0.16GB/s GFLOPS: 0.00 I/O: 0.01MB/s No MPI  
	TPI 0.03 Cache miss rates: L1 0.93GB/s L2 0.00GB/s L3 0.00GB/s
	Total MPI calls 2
	IO DATA: rchar 4607 wchar 8843 syscr 51 syscw 27 read_bytes 0 write_bytes 294912
	Process OS info: (pid 556453 state R utime 1084 stime 1 cutime 0 cstime 0 CPU usage 97)
	CPU temperature (celsius): socket 0: 59 socket 1: 69[0m
EAR[556453](hratio_l30) at 2.60/1.47 in tcn366 MR[0] elapsed 2273 sec.: [32mLoop time: 1.107s DC Power: [35m372.8W[32m DRAM power: 0.00W PCK power: 381.28W
	avg. CPUFreq: 2.57GHz avg. IMCFreq: 1.47GHz
	CPI: 0.515 VPI: 0.00, Mem. bwidth: 0.12GB/s GFLOPS: 0.00 I/O: 0.01MB/s No MPI  
	TPI 0.03 Cache miss rates: L1 0.93GB/s L2 0.00GB/s L3 0.00GB/s
	Total MPI calls 2
	IO DATA: rchar 4607 wchar 8843 syscr 51 syscw 27 read_bytes 0 write_bytes 299008
	Process OS info: (pid 556453 state R utime 1092 stime 0 cutime 0 cstime 0 CPU usage 98)
	CPU temperature (celsius): socket 0: 59 socket 1: 69[0m
EAR[556453](hratio_l30) at 2.60/1.47 in tcn366 MR[0] elapsed 2284 sec.: [32mLoop time: 1.108s DC Power: [35m465.9W[32m DRAM power: 0.00W PCK power: 381.23W
	avg. CPUFreq: 2.57GHz avg. IMCFreq: 1.47GHz
	CPI: 0.515 VPI: 0.00, Mem. bwidth: 0.14GB/s GFLOPS: 0.00 I/O: 0.01MB/s No MPI  
	TPI 0.03 Cache miss rates: L1 0.99GB/s L2 0.00GB/s L3 0.00GB/s
	Total MPI calls 2
	IO DATA: rchar 4607 wchar 8843 syscr 51 syscw 27 read_bytes 0 write_bytes 294912
	Process OS info: (pid 556453 state R utime 1091 stime 1 cutime 0 cstime 0 CPU usage 98)
	CPU temperature (celsius): socket 0: 59 socket 1: 69[0m
EAR[556453](hratio_l30) at 2.60/1.47 in tcn366 MR[0] elapsed 2295 sec.: [32mLoop time: 1.108s DC Power: [35m465.7W[32m DRAM power: 0.00W PCK power: 381.20W
	avg. CPUFreq: 2.57GHz avg. IMCFreq: 1.47GHz
	CPI: 0.515 VPI: 0.00, Mem. bwidth: 0.14GB/s GFLOPS: 0.00 I/O: 0.01MB/s No MPI  
	TPI 0.03 Cache miss rates: L1 0.96GB/s L2 0.00GB/s L3 0.00GB/s
	Total MPI calls 2
	IO DATA: rchar 4607 wchar 8843 syscr 51 syscw 27 read_bytes 0 write_bytes 303104
	Process OS info: (pid 556453 state R utime 1091 stime 1 cutime 0 cstime 0 CPU usage 98)
	CPU temperature (celsius): socket 0: 59 socket 1: 69[0m
EAR[556453](hratio_l30) at 2.60/1.47 in tcn366 MR[0] elapsed 2307 sec.: [32mLoop time: 1.108s DC Power: [35m465.9W[32m DRAM power: 0.00W PCK power: 381.11W
	avg. CPUFreq: 2.57GHz avg. IMCFreq: 1.47GHz
	CPI: 0.515 VPI: 0.00, Mem. bwidth: 0.13GB/s GFLOPS: 0.00 I/O: 0.01MB/s No MPI  
	TPI 0.03 Cache miss rates: L1 0.94GB/s L2 0.00GB/s L3 0.00GB/s
	Total MPI calls 2
	IO DATA: rchar 4607 wchar 8843 syscr 51 syscw 27 read_bytes 0 write_bytes 352256
	Process OS info: (pid 556453 state R utime 1092 stime 0 cutime 0 cstime 0 CPU usage 98)
	CPU temperature (celsius): socket 0: 59 socket 1: 69[0m
EAR[556453](hratio_l30) at 2.60/1.47 in tcn366 MR[0] elapsed 2318 sec.: [32mLoop time: 1.107s DC Power: [35m420.2W[32m DRAM power: 0.00W PCK power: 381.10W
	avg. CPUFreq: 2.57GHz avg. IMCFreq: 1.47GHz
	CPI: 0.515 VPI: 0.00, Mem. bwidth: 0.14GB/s GFLOPS: 0.00 I/O: 0.01MB/s No MPI  
	TPI 0.03 Cache miss rates: L1 0.97GB/s L2 0.00GB/s L3 0.00GB/s
	Total MPI calls 2
	IO DATA: rchar 4607 wchar 8843 syscr 51 syscw 27 read_bytes 0 write_bytes 303104
	Process OS info: (pid 556453 state R utime 1090 stime 1 cutime 0 cstime 0 CPU usage 98)
	CPU temperature (celsius): socket 0: 59 socket 1: 69[0m
EAR[556453](hratio_l30) at 2.60/1.47 in tcn366 MR[0] elapsed 2329 sec.: [32mLoop time: 1.108s DC Power: [35m466.7W[32m DRAM power: 0.00W PCK power: 381.04W
	avg. CPUFreq: 2.57GHz avg. IMCFreq: 1.47GHz
	CPI: 0.515 VPI: 0.00, Mem. bwidth: 0.11GB/s GFLOPS: 0.00 I/O: 0.01MB/s No MPI  
	TPI 0.02 Cache miss rates: L1 1.00GB/s L2 0.00GB/s L3 0.00GB/s
	Total MPI calls 2
	IO DATA: rchar 4607 wchar 8843 syscr 51 syscw 27 read_bytes 0 write_bytes 294912
	Process OS info: (pid 556453 state R utime 1092 stime 1 cutime 0 cstime 0 CPU usage 98)
	CPU temperature (celsius): socket 0: 59 socket 1: 69[0m
EAR[556453](hratio_l30) at 2.60/1.47 in tcn366 MR[0] elapsed 2340 sec.: [32mLoop time: 1.108s DC Power: [35m466.1W[32m DRAM power: 0.00W PCK power: 381.08W
	avg. CPUFreq: 2.57GHz avg. IMCFreq: 1.47GHz
	CPI: 0.515 VPI: 0.00, Mem. bwidth: 0.13GB/s GFLOPS: 0.00 I/O: 0.01MB/s No MPI  
	TPI 0.03 Cache miss rates: L1 0.96GB/s L2 0.00GB/s L3 0.00GB/s
	Total MPI calls 2
	IO DATA: rchar 4607 wchar 8843 syscr 51 syscw 27 read_bytes 0 write_bytes 290816
	Process OS info: (pid 556453 state R utime 1092 stime 0 cutime 0 cstime 0 CPU usage 98)
	CPU temperature (celsius): socket 0: 59 socket 1: 69[0m
EAR[556453](hratio_l30) at 2.60/1.47 in tcn366 MR[0] elapsed 2351 sec.: [32mLoop time: 1.107s DC Power: [35m466.0W[32m DRAM power: 0.00W PCK power: 380.94W
	avg. CPUFreq: 2.57GHz avg. IMCFreq: 1.47GHz
	CPI: 0.515 VPI: 0.00, Mem. bwidth: 0.15GB/s GFLOPS: 0.00 I/O: 0.01MB/s No MPI  
	TPI 0.03 Cache miss rates: L1 0.95GB/s L2 0.00GB/s L3 0.00GB/s
	Total MPI calls 2
	IO DATA: rchar 4607 wchar 8843 syscr 51 syscw 27 read_bytes 0 write_bytes 294912
	Process OS info: (pid 556453 state R utime 1090 stime 1 cutime 0 cstime 0 CPU usage 98)
	CPU temperature (celsius): socket 0: 59 socket 1: 69[0m
EAR[556453](hratio_l30) at 2.60/1.47 in tcn366 MR[0] elapsed 2362 sec.: [32mLoop time: 1.108s DC Power: [35m419.3W[32m DRAM power: 0.00W PCK power: 381.14W
	avg. CPUFreq: 2.57GHz avg. IMCFreq: 1.47GHz
	CPI: 0.515 VPI: 0.00, Mem. bwidth: 0.14GB/s GFLOPS: 0.00 I/O: 0.01MB/s No MPI  
	TPI 0.03 Cache miss rates: L1 0.95GB/s L2 0.00GB/s L3 0.00GB/s
	Total MPI calls 2
	IO DATA: rchar 4607 wchar 8843 syscr 51 syscw 27 read_bytes 0 write_bytes 303104
	Process OS info: (pid 556453 state R utime 1091 stime 1 cutime 0 cstime 0 CPU usage 98)
	CPU temperature (celsius): socket 0: 59 socket 1: 69[0m
EAR[556453](hratio_l30) at 2.60/1.47 in tcn366 MR[0] elapsed 2373 sec.: [32mLoop time: 1.108s DC Power: [35m465.8W[32m DRAM power: 0.00W PCK power: 381.10W
	avg. CPUFreq: 2.57GHz avg. IMCFreq: 1.47GHz
	CPI: 0.515 VPI: 0.00, Mem. bwidth: 0.11GB/s GFLOPS: 0.00 I/O: 0.01MB/s No MPI  
	TPI 0.02 Cache miss rates: L1 0.94GB/s L2 0.00GB/s L3 0.00GB/s
	Total MPI calls 2
	IO DATA: rchar 4607 wchar 8843 syscr 51 syscw 27 read_bytes 0 write_bytes 294912
	Process OS info: (pid 556453 state R utime 1092 stime 0 cutime 0 cstime 0 CPU usage 98)
	CPU temperature (celsius): socket 0: 59 socket 1: 69[0m
EAR[556453](hratio_l30) at 2.60/1.47 in tcn366 MR[0] elapsed 2384 sec.: [32mLoop time: 1.107s DC Power: [35m466.0W[32m DRAM power: 0.00W PCK power: 381.14W
	avg. CPUFreq: 2.57GHz avg. IMCFreq: 1.47GHz
	CPI: 0.515 VPI: 0.00, Mem. bwidth: 0.14GB/s GFLOPS: 0.00 I/O: 0.01MB/s No MPI  
	TPI 0.03 Cache miss rates: L1 0.89GB/s L2 0.00GB/s L3 0.00GB/s
	Total MPI calls 2
	IO DATA: rchar 4607 wchar 8843 syscr 51 syscw 27 read_bytes 0 write_bytes 303104
	Process OS info: (pid 556453 state R utime 1085 stime 1 cutime 0 cstime 0 CPU usage 98)
	CPU temperature (celsius): socket 0: 59 socket 1: 69[0m
EAR[556453](hratio_l30) at 2.60/1.47 in tcn366 MR[0] elapsed 2395 sec.: [32mLoop time: 1.108s DC Power: [35m420.0W[32m DRAM power: 0.00W PCK power: 381.16W
	avg. CPUFreq: 2.57GHz avg. IMCFreq: 1.47GHz
	CPI: 0.515 VPI: 0.00, Mem. bwidth: 0.13GB/s GFLOPS: 0.00 I/O: 0.01MB/s No MPI  
	TPI 0.03 Cache miss rates: L1 0.93GB/s L2 0.00GB/s L3 0.00GB/s
	Total MPI calls 2
	IO DATA: rchar 4607 wchar 8843 syscr 51 syscw 27 read_bytes 0 write_bytes 434176
	Process OS info: (pid 556453 state R utime 1091 stime 1 cutime 0 cstime 0 CPU usage 98)
	CPU temperature (celsius): socket 0: 59 socket 1: 69[0m
EAR[556453](hratio_l30) at 2.60/1.47 in tcn366 MR[0] elapsed 2406 sec.: [32mLoop time: 1.108s DC Power: [35m420.0W[32m DRAM power: 0.00W PCK power: 381.07W
	avg. CPUFreq: 2.57GHz avg. IMCFreq: 1.47GHz
	CPI: 0.515 VPI: 0.00, Mem. bwidth: 0.12GB/s GFLOPS: 0.00 I/O: 0.01MB/s No MPI  
	TPI 0.02 Cache miss rates: L1 0.97GB/s L2 0.00GB/s L3 0.00GB/s
	Total MPI calls 2
	IO DATA: rchar 4607 wchar 8843 syscr 51 syscw 27 read_bytes 0 write_bytes 294912
	Process OS info: (pid 556453 state R utime 1091 stime 0 cutime 0 cstime 0 CPU usage 98)
	CPU temperature (celsius): socket 0: 59 socket 1: 69[0m
EAR[556453](hratio_l30) at 2.60/1.47 in tcn366 MR[0] elapsed 2417 sec.: [32mLoop time: 1.107s DC Power: [35m467.1W[32m DRAM power: 0.00W PCK power: 381.10W
	avg. CPUFreq: 2.57GHz avg. IMCFreq: 1.47GHz
	CPI: 0.515 VPI: 0.00, Mem. bwidth: 0.13GB/s GFLOPS: 0.00 I/O: 0.01MB/s No MPI  
	TPI 0.03 Cache miss rates: L1 0.97GB/s L2 0.00GB/s L3 0.00GB/s
	Total MPI calls 2
	IO DATA: rchar 4607 wchar 8843 syscr 51 syscw 27 read_bytes 0 write_bytes 294912
	Process OS info: (pid 556453 state R utime 1091 stime 1 cutime 0 cstime 0 CPU usage 98)
	CPU temperature (celsius): socket 0: 59 socket 1: 69[0m
EAR[556453](hratio_l30) at 2.60/1.47 in tcn366 MR[0] elapsed 2428 sec.: [32mLoop time: 1.108s DC Power: [35m466.7W[32m DRAM power: 0.00W PCK power: 381.05W
	avg. CPUFreq: 2.57GHz avg. IMCFreq: 1.47GHz
	CPI: 0.515 VPI: 0.00, Mem. bwidth: 0.13GB/s GFLOPS: 0.00 I/O: 0.01MB/s No MPI  
	TPI 0.03 Cache miss rates: L1 0.96GB/s L2 0.00GB/s L3 0.00GB/s
	Total MPI calls 2
	IO DATA: rchar 4607 wchar 8843 syscr 51 syscw 27 read_bytes 0 write_bytes 315392
	Process OS info: (pid 556453 state R utime 1092 stime 1 cutime 0 cstime 0 CPU usage 98)
	CPU temperature (celsius): socket 0: 59 socket 1: 69[0m
EAR[556453](hratio_l30) at 2.60/1.47 in tcn366 MR[0] elapsed 2439 sec.: [32mLoop time: 1.108s DC Power: [35m466.8W[32m DRAM power: 0.00W PCK power: 381.13W
	avg. CPUFreq: 2.57GHz avg. IMCFreq: 1.47GHz
	CPI: 0.515 VPI: 0.00, Mem. bwidth: 0.15GB/s GFLOPS: 0.00 I/O: 0.01MB/s No MPI  
	TPI 0.03 Cache miss rates: L1 0.95GB/s L2 0.00GB/s L3 0.00GB/s
	Total MPI calls 2
	IO DATA: rchar 4607 wchar 8843 syscr 51 syscw 27 read_bytes 0 write_bytes 299008
	Process OS info: (pid 556453 state R utime 1091 stime 0 cutime 0 cstime 0 CPU usage 98)
	CPU temperature (celsius): socket 0: 59 socket 1: 69[0m
EAR[556453](hratio_l30) at 2.60/1.47 in tcn366 MR[0] elapsed 2451 sec.: [32mLoop time: 1.108s DC Power: [35m420.1W[32m DRAM power: 0.00W PCK power: 381.05W
	avg. CPUFreq: 2.57GHz avg. IMCFreq: 1.47GHz
	CPI: 0.515 VPI: 0.00, Mem. bwidth: 0.11GB/s GFLOPS: 0.00 I/O: 0.01MB/s No MPI  
	TPI 0.02 Cache miss rates: L1 0.94GB/s L2 0.00GB/s L3 0.00GB/s
	Total MPI calls 2
	IO DATA: rchar 4607 wchar 8843 syscr 51 syscw 27 read_bytes 0 write_bytes 294912
	Process OS info: (pid 556453 state R utime 1092 stime 1 cutime 0 cstime 0 CPU usage 98)
	CPU temperature (celsius): socket 0: 59 socket 1: 69[0m
EAR[556453](hratio_l30) at 2.60/1.47 in tcn366 MR[0] elapsed 2462 sec.: [32mLoop time: 1.108s DC Power: [35m466.8W[32m DRAM power: 0.00W PCK power: 381.12W
	avg. CPUFreq: 2.57GHz avg. IMCFreq: 1.47GHz
	CPI: 0.515 VPI: 0.00, Mem. bwidth: 0.13GB/s GFLOPS: 0.00 I/O: 0.01MB/s No MPI  
	TPI 0.03 Cache miss rates: L1 0.98GB/s L2 0.00GB/s L3 0.00GB/s
	Total MPI calls 2
	IO DATA: rchar 4607 wchar 8843 syscr 51 syscw 27 read_bytes 0 write_bytes 294912
	Process OS info: (pid 556453 state R utime 1091 stime 1 cutime 0 cstime 0 CPU usage 98)
	CPU temperature (celsius): socket 0: 59 socket 1: 69[0m
EAR[556453](hratio_l30) at 2.60/1.47 in tcn366 MR[0] elapsed 2473 sec.: [32mLoop time: 1.108s DC Power: [35m465.8W[32m DRAM power: 0.00W PCK power: 381.05W
	avg. CPUFreq: 2.57GHz avg. IMCFreq: 1.47GHz
	CPI: 0.515 VPI: 0.00, Mem. bwidth: 0.13GB/s GFLOPS: 0.00 I/O: 0.01MB/s No MPI  
	TPI 0.03 Cache miss rates: L1 0.98GB/s L2 0.00GB/s L3 0.00GB/s
	Total MPI calls 2
	IO DATA: rchar 4607 wchar 8843 syscr 51 syscw 27 read_bytes 0 write_bytes 294912
	Process OS info: (pid 556453 state R utime 1092 stime 0 cutime 0 cstime 0 CPU usage 98)
	CPU temperature (celsius): socket 0: 59 socket 1: 69[0m
EAR[556453](hratio_l30) at 2.60/1.47 in tcn366 MR[0] elapsed 2484 sec.: [32mLoop time: 1.108s DC Power: [35m466.7W[32m DRAM power: 0.00W PCK power: 380.95W
	avg. CPUFreq: 2.57GHz avg. IMCFreq: 1.47GHz
	CPI: 0.515 VPI: 0.00, Mem. bwidth: 0.13GB/s GFLOPS: 0.00 I/O: 0.01MB/s No MPI  
	TPI 0.03 Cache miss rates: L1 0.99GB/s L2 0.00GB/s L3 0.00GB/s
	Total MPI calls 2
	IO DATA: rchar 4607 wchar 8843 syscr 51 syscw 27 read_bytes 0 write_bytes 303104
	Process OS info: (pid 556453 state R utime 1091 stime 1 cutime 0 cstime 0 CPU usage 98)
	CPU temperature (celsius): socket 0: 59 socket 1: 69[0m
EAR[556453](hratio_l30) at 2.60/1.47 in tcn366 MR[0] elapsed 2495 sec.: [32mLoop time: 1.108s DC Power: [35m420.0W[32m DRAM power: 0.00W PCK power: 381.00W
	avg. CPUFreq: 2.57GHz avg. IMCFreq: 1.47GHz
	CPI: 0.515 VPI: 0.00, Mem. bwidth: 0.14GB/s GFLOPS: 0.00 I/O: 0.01MB/s No MPI  
	TPI 0.03 Cache miss rates: L1 0.94GB/s L2 0.00GB/s L3 0.00GB/s
	Total MPI calls 2
	IO DATA: rchar 4607 wchar 8843 syscr 51 syscw 27 read_bytes 0 write_bytes 294912
	Process OS info: (pid 556453 state R utime 1091 stime 1 cutime 0 cstime 0 CPU usage 98)
	CPU temperature (celsius): socket 0: 59 socket 1: 69[0m
EAR[556453](hratio_l30) at 2.60/1.47 in tcn366 MR[0] elapsed 2506 sec.: [32mLoop time: 1.107s DC Power: [35m466.6W[32m DRAM power: 0.00W PCK power: 380.91W
	avg. CPUFreq: 2.57GHz avg. IMCFreq: 1.47GHz
	CPI: 0.515 VPI: 0.00, Mem. bwidth: 0.14GB/s GFLOPS: 0.00 I/O: 0.01MB/s No MPI  
	TPI 0.03 Cache miss rates: L1 0.94GB/s L2 0.00GB/s L3 0.00GB/s
	Total MPI calls 2
	IO DATA: rchar 4607 wchar 8843 syscr 51 syscw 27 read_bytes 0 write_bytes 299008
	Process OS info: (pid 556453 state R utime 1085 stime 1 cutime 0 cstime 0 CPU usage 98)
	CPU temperature (celsius): socket 0: 59 socket 1: 69[0m
EAR[556453](hratio_l30) at 2.60/1.47 in tcn366 MR[0] elapsed 2517 sec.: [32mLoop time: 1.108s DC Power: [35m419.3W[32m DRAM power: 0.00W PCK power: 380.89W
	avg. CPUFreq: 2.57GHz avg. IMCFreq: 1.47GHz
	CPI: 0.515 VPI: 0.00, Mem. bwidth: 0.14GB/s GFLOPS: 0.00 I/O: 0.01MB/s No MPI  
	TPI 0.03 Cache miss rates: L1 0.96GB/s L2 0.00GB/s L3 0.00GB/s
	Total MPI calls 2
	IO DATA: rchar 4607 wchar 8843 syscr 51 syscw 27 read_bytes 0 write_bytes 299008
	Process OS info: (pid 556453 state R utime 1091 stime 0 cutime 0 cstime 0 CPU usage 98)
	CPU temperature (celsius): socket 0: 59 socket 1: 69[0m
EAR[556453](hratio_l30) at 2.60/1.47 in tcn366 MR[0] elapsed 2528 sec.: [32mLoop time: 1.108s DC Power: [35m465.8W[32m DRAM power: 0.00W PCK power: 380.93W
	avg. CPUFreq: 2.57GHz avg. IMCFreq: 1.47GHz
	CPI: 0.515 VPI: 0.00, Mem. bwidth: 0.19GB/s GFLOPS: 0.00 I/O: 0.01MB/s No MPI  
	TPI 0.04 Cache miss rates: L1 1.00GB/s L2 0.00GB/s L3 0.00GB/s
	Total MPI calls 2
	IO DATA: rchar 4607 wchar 8843 syscr 51 syscw 27 read_bytes 0 write_bytes 294912
	Process OS info: (pid 556453 state R utime 1091 stime 1 cutime 0 cstime 0 CPU usage 98)
	CPU temperature (celsius): socket 0: 59 socket 1: 69[0m
EAR[556453](hratio_l30) at 2.60/1.47 in tcn366 MR[0] elapsed 2539 sec.: [32mLoop time: 1.108s DC Power: [35m465.8W[32m DRAM power: 0.00W PCK power: 380.84W
	avg. CPUFreq: 2.57GHz avg. IMCFreq: 1.47GHz
	CPI: 0.515 VPI: 0.00, Mem. bwidth: 0.13GB/s GFLOPS: 0.00 I/O: 0.01MB/s No MPI  
	TPI 0.03 Cache miss rates: L1 0.91GB/s L2 0.00GB/s L3 0.00GB/s
	Total MPI calls 2
	IO DATA: rchar 4607 wchar 8843 syscr 51 syscw 27 read_bytes 0 write_bytes 303104
	Process OS info: (pid 556453 state R utime 1091 stime 1 cutime 0 cstime 0 CPU usage 98)
	CPU temperature (celsius): socket 0: 60 socket 1: 69[0m
EAR[556453](hratio_l30) at 2.60/1.47 in tcn366 MR[0] elapsed 2550 sec.: [32mLoop time: 1.107s DC Power: [35m466.0W[32m DRAM power: 0.00W PCK power: 380.94W
	avg. CPUFreq: 2.57GHz avg. IMCFreq: 1.47GHz
	CPI: 0.515 VPI: 0.00, Mem. bwidth: 0.15GB/s GFLOPS: 0.00 I/O: 0.01MB/s No MPI  
	TPI 0.03 Cache miss rates: L1 0.91GB/s L2 0.00GB/s L3 0.00GB/s
	Total MPI calls 2
	IO DATA: rchar 4607 wchar 8843 syscr 51 syscw 27 read_bytes 0 write_bytes 299008
	Process OS info: (pid 556453 state R utime 1091 stime 0 cutime 0 cstime 0 CPU usage 98)
	CPU temperature (celsius): socket 0: 59 socket 1: 69[0m
EAR[556453](hratio_l30) at 2.60/1.47 in tcn366 MR[0] elapsed 2561 sec.: [32mLoop time: 1.108s DC Power: [35m465.7W[32m DRAM power: 0.00W PCK power: 380.87W
	avg. CPUFreq: 2.57GHz avg. IMCFreq: 1.47GHz
	CPI: 0.515 VPI: 0.00, Mem. bwidth: 0.15GB/s GFLOPS: 0.00 I/O: 0.01MB/s No MPI  
	TPI 0.03 Cache miss rates: L1 0.92GB/s L2 0.00GB/s L3 0.00GB/s
	Total MPI calls 2
	IO DATA: rchar 4607 wchar 8843 syscr 51 syscw 27 read_bytes 0 write_bytes 294912
	Process OS info: (pid 556453 state R utime 1091 stime 1 cutime 0 cstime 0 CPU usage 98)
	CPU temperature (celsius): socket 0: 59 socket 1: 69[0m
EAR[556453](hratio_l30) at 2.60/1.47 in tcn366 MR[0] elapsed 2572 sec.: [32mLoop time: 1.108s DC Power: [35m372.6W[32m DRAM power: 0.00W PCK power: 380.92W
	avg. CPUFreq: 2.57GHz avg. IMCFreq: 1.47GHz
	CPI: 0.515 VPI: 0.00, Mem. bwidth: 0.12GB/s GFLOPS: 0.00 I/O: 0.01MB/s No MPI  
	TPI 0.02 Cache miss rates: L1 0.97GB/s L2 0.00GB/s L3 0.00GB/s
	Total MPI calls 2
	IO DATA: rchar 4607 wchar 8843 syscr 51 syscw 27 read_bytes 0 write_bytes 311296
	Process OS info: (pid 556453 state R utime 1092 stime 0 cutime 0 cstime 0 CPU usage 98)
	CPU temperature (celsius): socket 0: 59 socket 1: 69[0m
EAR[556453](hratio_l30) at 2.60/1.47 in tcn366 MR[0] elapsed 2583 sec.: [32mLoop time: 1.108s DC Power: [35m465.9W[32m DRAM power: 0.00W PCK power: 381.08W
	avg. CPUFreq: 2.57GHz avg. IMCFreq: 1.47GHz
	CPI: 0.515 VPI: 0.00, Mem. bwidth: 0.12GB/s GFLOPS: 0.00 I/O: 0.01MB/s No MPI  
	TPI 0.02 Cache miss rates: L1 0.96GB/s L2 0.00GB/s L3 0.00GB/s
	Total MPI calls 2
	IO DATA: rchar 4607 wchar 8843 syscr 51 syscw 27 read_bytes 0 write_bytes 303104
	Process OS info: (pid 556453 state R utime 1091 stime 1 cutime 0 cstime 0 CPU usage 98)
	CPU temperature (celsius): socket 0: 59 socket 1: 69[0m
EAR[556453](hratio_l30) at 2.60/1.47 in tcn366 MR[0] elapsed 2594 sec.: [32mLoop time: 1.107s DC Power: [35m466.6W[32m DRAM power: 0.00W PCK power: 381.08W
	avg. CPUFreq: 2.57GHz avg. IMCFreq: 1.47GHz
	CPI: 0.515 VPI: 0.00, Mem. bwidth: 0.14GB/s GFLOPS: 0.00 I/O: 0.01MB/s No MPI  
	TPI 0.03 Cache miss rates: L1 1.01GB/s L2 0.00GB/s L3 0.00GB/s
	Total MPI calls 2
	IO DATA: rchar 4607 wchar 8843 syscr 51 syscw 27 read_bytes 0 write_bytes 299008
	Process OS info: (pid 556453 state R utime 1091 stime 1 cutime 0 cstime 0 CPU usage 98)
	CPU temperature (celsius): socket 0: 59 socket 1: 69[0m
EAR[556453](hratio_l30) at 2.60/1.47 in tcn366 MR[0] elapsed 2606 sec.: [32mLoop time: 1.108s DC Power: [35m466.7W[32m DRAM power: 0.00W PCK power: 381.09W
	avg. CPUFreq: 2.57GHz avg. IMCFreq: 1.47GHz
	CPI: 0.515 VPI: 0.00, Mem. bwidth: 0.13GB/s GFLOPS: 0.00 I/O: 0.01MB/s No MPI  
	TPI 0.03 Cache miss rates: L1 0.94GB/s L2 0.00GB/s L3 0.00GB/s
	Total MPI calls 2
	IO DATA: rchar 4607 wchar 8843 syscr 51 syscw 27 read_bytes 0 write_bytes 303104
	Process OS info: (pid 556453 state R utime 1092 stime 0 cutime 0 cstime 0 CPU usage 98)
	CPU temperature (celsius): socket 0: 59 socket 1: 69[0m
EAR[556453](hratio_l30) at 2.60/1.47 in tcn366 MR[0] elapsed 2617 sec.: [32mLoop time: 1.107s DC Power: [35m466.9W[32m DRAM power: 0.00W PCK power: 381.08W
	avg. CPUFreq: 2.57GHz avg. IMCFreq: 1.47GHz
	CPI: 0.515 VPI: 0.00, Mem. bwidth: 0.14GB/s GFLOPS: 0.00 I/O: 0.01MB/s No MPI  
	TPI 0.03 Cache miss rates: L1 0.91GB/s L2 0.00GB/s L3 0.00GB/s
	Total MPI calls 2
	IO DATA: rchar 4607 wchar 8843 syscr 51 syscw 27 read_bytes 0 write_bytes 294912
	Process OS info: (pid 556453 state R utime 1091 stime 1 cutime 0 cstime 0 CPU usage 98)
	CPU temperature (celsius): socket 0: 59 socket 1: 69[0m
EAR[556453](hratio_l30) at 2.60/1.47 in tcn366 MR[0] elapsed 2628 sec.: [32mLoop time: 1.108s DC Power: [35m466.0W[32m DRAM power: 0.00W PCK power: 380.96W
	avg. CPUFreq: 2.57GHz avg. IMCFreq: 1.47GHz
	CPI: 0.515 VPI: 0.00, Mem. bwidth: 0.12GB/s GFLOPS: 0.00 I/O: 0.01MB/s No MPI  
	TPI 0.02 Cache miss rates: L1 0.97GB/s L2 0.00GB/s L3 0.00GB/s
	Total MPI calls 2
	IO DATA: rchar 4607 wchar 8843 syscr 51 syscw 27 read_bytes 0 write_bytes 294912
	Process OS info: (pid 556453 state R utime 1091 stime 1 cutime 0 cstime 0 CPU usage 98)
	CPU temperature (celsius): socket 0: 59 socket 1: 69[0m
EAR[556453](hratio_l30) at 2.60/1.47 in tcn366 MR[0] elapsed 2639 sec.: [32mLoop time: 1.107s DC Power: [35m466.1W[32m DRAM power: 0.00W PCK power: 380.90W
	avg. CPUFreq: 2.57GHz avg. IMCFreq: 1.47GHz
	CPI: 0.515 VPI: 0.00, Mem. bwidth: 0.13GB/s GFLOPS: 0.00 I/O: 0.01MB/s No MPI  
	TPI 0.03 Cache miss rates: L1 0.97GB/s L2 0.00GB/s L3 0.00GB/s
	Total MPI calls 2
	IO DATA: rchar 4607 wchar 8843 syscr 51 syscw 27 read_bytes 0 write_bytes 294912
	Process OS info: (pid 556453 state R utime 1091 stime 0 cutime 0 cstime 0 CPU usage 98)
	CPU temperature (celsius): socket 0: 59 socket 1: 69[0m
EAR[556453](hratio_l30) at 2.60/1.47 in tcn366 MR[0] elapsed 2650 sec.: [32mLoop time: 1.108s DC Power: [35m465.8W[32m DRAM power: 0.00W PCK power: 380.90W
	avg. CPUFreq: 2.57GHz avg. IMCFreq: 1.47GHz
	CPI: 0.515 VPI: 0.00, Mem. bwidth: 0.14GB/s GFLOPS: 0.00 I/O: 0.01MB/s No MPI  
	TPI 0.03 Cache miss rates: L1 0.89GB/s L2 0.00GB/s L3 0.00GB/s
	Total MPI calls 2
	IO DATA: rchar 4607 wchar 8843 syscr 51 syscw 27 read_bytes 0 write_bytes 294912
	Process OS info: (pid 556453 state R utime 1092 stime 1 cutime 0 cstime 0 CPU usage 98)
	CPU temperature (celsius): socket 0: 59 socket 1: 69[0m
EAR[556453](hratio_l30) at 2.60/1.47 in tcn366 MR[0] elapsed 2661 sec.: [32mLoop time: 1.109s DC Power: [35m418.9W[32m DRAM power: 0.00W PCK power: 380.97W
	avg. CPUFreq: 2.57GHz avg. IMCFreq: 1.47GHz
	CPI: 0.515 VPI: 0.00, Mem. bwidth: 0.11GB/s GFLOPS: 0.00 I/O: 0.01MB/s No MPI  
	TPI 0.02 Cache miss rates: L1 0.91GB/s L2 0.00GB/s L3 0.00GB/s
	Total MPI calls 2
	IO DATA: rchar 4607 wchar 8843 syscr 51 syscw 27 read_bytes 0 write_bytes 323584
	Process OS info: (pid 556453 state R utime 1093 stime 0 cutime 0 cstime 0 CPU usage 98)
	CPU temperature (celsius): socket 0: 59 socket 1: 69[0m
EAR[556453](hratio_l30) at 2.60/1.47 in tcn366 MR[0] elapsed 2672 sec.: [32mLoop time: 1.108s DC Power: [35m465.8W[32m DRAM power: 0.00W PCK power: 380.84W
	avg. CPUFreq: 2.57GHz avg. IMCFreq: 1.47GHz
	CPI: 0.515 VPI: 0.00, Mem. bwidth: 0.13GB/s GFLOPS: 0.00 I/O: 0.01MB/s No MPI  
	TPI 0.03 Cache miss rates: L1 0.92GB/s L2 0.00GB/s L3 0.00GB/s
	Total MPI calls 2
	IO DATA: rchar 4607 wchar 8843 syscr 51 syscw 27 read_bytes 0 write_bytes 294912
	Process OS info: (pid 556453 state R utime 1091 stime 1 cutime 0 cstime 0 CPU usage 98)
	CPU temperature (celsius): socket 0: 59 socket 1: 69[0m
EAR[556453](hratio_l30) at 2.60/1.47 in tcn366 MR[0] elapsed 2683 sec.: [32mLoop time: 1.108s DC Power: [35m465.8W[32m DRAM power: 0.00W PCK power: 381.12W
	avg. CPUFreq: 2.57GHz avg. IMCFreq: 1.47GHz
	CPI: 0.516 VPI: 0.00, Mem. bwidth: 0.40GB/s GFLOPS: 0.00 I/O: 0.01MB/s No MPI  
	TPI 0.09 Cache miss rates: L1 0.88GB/s L2 0.00GB/s L3 0.00GB/s
	Total MPI calls 2
	IO DATA: rchar 4607 wchar 8843 syscr 51 syscw 27 read_bytes 0 write_bytes 303104
	Process OS info: (pid 556453 state R utime 999 stime 1 cutime 0 cstime 0 CPU usage 90)
	CPU temperature (celsius): socket 0: 59 socket 1: 69[0m
EAR[556453](hratio_l30) at 2.60/1.47 in tcn366 MR[0] elapsed 2694 sec.: [32mLoop time: 1.108s DC Power: [35m465.5W[32m DRAM power: 0.00W PCK power: 381.37W
	avg. CPUFreq: 2.57GHz avg. IMCFreq: 1.47GHz
	CPI: 0.516 VPI: 0.00, Mem. bwidth: 0.32GB/s GFLOPS: 0.00 I/O: 0.01MB/s No MPI  
	TPI 0.07 Cache miss rates: L1 0.92GB/s L2 0.00GB/s L3 0.00GB/s
	Total MPI calls 2
	IO DATA: rchar 4607 wchar 8842 syscr 51 syscw 27 read_bytes 0 write_bytes 303104
	Process OS info: (pid 556453 state R utime 1078 stime 1 cutime 0 cstime 0 CPU usage 97)
	CPU temperature (celsius): socket 0: 59 socket 1: 69[0m
EAR[556453](hratio_l30) at 2.60/1.47 in tcn366 MR[0] elapsed 2705 sec.: [32mLoop time: 1.108s DC Power: [35m465.8W[32m DRAM power: 0.00W PCK power: 381.19W
	avg. CPUFreq: 2.57GHz avg. IMCFreq: 1.47GHz
	CPI: 0.516 VPI: 0.00, Mem. bwidth: 0.24GB/s GFLOPS: 0.00 I/O: 0.01MB/s No MPI  
	TPI 0.05 Cache miss rates: L1 0.94GB/s L2 0.00GB/s L3 0.00GB/s
	Total MPI calls 2
	IO DATA: rchar 4607 wchar 8843 syscr 51 syscw 27 read_bytes 0 write_bytes 294912
	Process OS info: (pid 556453 state R utime 1080 stime 1 cutime 0 cstime 0 CPU usage 97)
	CPU temperature (celsius): socket 0: 59 socket 1: 69[0m
EAR[556453](hratio_l30) at 2.60/1.47 in tcn366 MR[0] elapsed 2716 sec.: [32mLoop time: 1.108s DC Power: [35m466.0W[32m DRAM power: 0.00W PCK power: 381.48W
	avg. CPUFreq: 2.57GHz avg. IMCFreq: 1.47GHz
	CPI: 0.516 VPI: 0.00, Mem. bwidth: 0.40GB/s GFLOPS: 0.00 I/O: 0.01MB/s No MPI  
	TPI 0.08 Cache miss rates: L1 0.94GB/s L2 0.00GB/s L3 0.00GB/s
	Total MPI calls 2
	IO DATA: rchar 4607 wchar 8843 syscr 51 syscw 27 read_bytes 0 write_bytes 294912
	Process OS info: (pid 556453 state R utime 1087 stime 0 cutime 0 cstime 0 CPU usage 98)
	CPU temperature (celsius): socket 0: 59 socket 1: 69[0m
EAR[556453](hratio_l30) at 2.60/1.47 in tcn366 MR[0] elapsed 2727 sec.: [32mLoop time: 1.108s DC Power: [35m466.1W[32m DRAM power: 0.00W PCK power: 381.09W
	avg. CPUFreq: 2.57GHz avg. IMCFreq: 1.47GHz
	CPI: 0.515 VPI: 0.00, Mem. bwidth: 0.15GB/s GFLOPS: 0.00 I/O: 0.01MB/s No MPI  
	TPI 0.03 Cache miss rates: L1 0.98GB/s L2 0.00GB/s L3 0.00GB/s
	Total MPI calls 2
	IO DATA: rchar 4607 wchar 8843 syscr 51 syscw 27 read_bytes 0 write_bytes 303104
	Process OS info: (pid 556453 state R utime 1091 stime 1 cutime 0 cstime 0 CPU usage 98)
	CPU temperature (celsius): socket 0: 59 socket 1: 69[0m
EAR[556453](hratio_l30) at 2.60/1.47 in tcn366 MR[0] elapsed 2739 sec.: [32mLoop time: 1.108s DC Power: [35m466.7W[32m DRAM power: 0.00W PCK power: 381.06W
	avg. CPUFreq: 2.57GHz avg. IMCFreq: 1.47GHz
	CPI: 0.515 VPI: 0.00, Mem. bwidth: 0.15GB/s GFLOPS: 0.00 I/O: 0.01MB/s No MPI  
	TPI 0.03 Cache miss rates: L1 0.97GB/s L2 0.00GB/s L3 0.00GB/s
	Total MPI calls 2
	IO DATA: rchar 4607 wchar 8843 syscr 51 syscw 27 read_bytes 0 write_bytes 364544
	Process OS info: (pid 556453 state R utime 1092 stime 1 cutime 0 cstime 0 CPU usage 98)
	CPU temperature (celsius): socket 0: 59 socket 1: 69[0m
EAR[556453](hratio_l30) at 2.60/1.47 in tcn366 MR[0] elapsed 2750 sec.: [32mLoop time: 1.108s DC Power: [35m419.6W[32m DRAM power: 0.00W PCK power: 381.04W
	avg. CPUFreq: 2.57GHz avg. IMCFreq: 1.47GHz
	CPI: 0.515 VPI: 0.00, Mem. bwidth: 0.11GB/s GFLOPS: 0.00 I/O: 0.01MB/s No MPI  
	TPI 0.02 Cache miss rates: L1 0.98GB/s L2 0.00GB/s L3 0.00GB/s
	Total MPI calls 2
	IO DATA: rchar 4607 wchar 8843 syscr 51 syscw 27 read_bytes 0 write_bytes 303104
	Process OS info: (pid 556453 state R utime 1091 stime 0 cutime 0 cstime 0 CPU usage 98)
	CPU temperature (celsius): socket 0: 59 socket 1: 69[0m
EAR[556453](hratio_l30) at 2.60/1.47 in tcn366 MR[0] elapsed 2761 sec.: [32mLoop time: 1.108s DC Power: [35m465.6W[32m DRAM power: 0.00W PCK power: 381.21W
	avg. CPUFreq: 2.57GHz avg. IMCFreq: 1.47GHz
	CPI: 0.514 VPI: 0.00, Mem. bwidth: 0.14GB/s GFLOPS: 0.00 I/O: 0.01MB/s No MPI  
	TPI 0.03 Cache miss rates: L1 0.93GB/s L2 0.00GB/s L3 0.00GB/s
	Total MPI calls 2
	IO DATA: rchar 4607 wchar 8843 syscr 51 syscw 27 read_bytes 0 write_bytes 299008
	Process OS info: (pid 556453 state R utime 1092 stime 1 cutime 0 cstime 0 CPU usage 98)
	CPU temperature (celsius): socket 0: 59 socket 1: 69[0m
EAR[556453](hratio_l30) at 2.60/1.47 in tcn366 MR[0] elapsed 2772 sec.: [32mLoop time: 1.107s DC Power: [35m466.2W[32m DRAM power: 0.00W PCK power: 381.22W
	avg. CPUFreq: 2.57GHz avg. IMCFreq: 1.47GHz
	CPI: 0.514 VPI: 0.00, Mem. bwidth: 0.17GB/s GFLOPS: 0.00 I/O: 0.01MB/s No MPI  
	TPI 0.04 Cache miss rates: L1 0.93GB/s L2 0.00GB/s L3 0.00GB/s
	Total MPI calls 2
	IO DATA: rchar 4607 wchar 8843 syscr 51 syscw 27 read_bytes 0 write_bytes 294912
	Process OS info: (pid 556453 state R utime 1090 stime 1 cutime 0 cstime 0 CPU usage 98)
	CPU temperature (celsius): socket 0: 59 socket 1: 69[0m
EAR[556453](hratio_l30) at 2.60/1.47 in tcn366 MR[0] elapsed 2783 sec.: [32mLoop time: 1.108s DC Power: [35m466.6W[32m DRAM power: 0.00W PCK power: 381.38W
	avg. CPUFreq: 2.57GHz avg. IMCFreq: 1.47GHz
	CPI: 0.513 VPI: 0.00, Mem. bwidth: 0.12GB/s GFLOPS: 0.00 I/O: 0.01MB/s No MPI  
	TPI 0.03 Cache miss rates: L1 0.98GB/s L2 0.00GB/s L3 0.00GB/s
	Total MPI calls 2
	IO DATA: rchar 4607 wchar 8843 syscr 51 syscw 27 read_bytes 0 write_bytes 294912
	Process OS info: (pid 556453 state R utime 1092 stime 1 cutime 0 cstime 0 CPU usage 98)
	CPU temperature (celsius): socket 0: 59 socket 1: 69[0m
EAR[556453](hratio_l30) at 2.60/1.47 in tcn366 MR[0] elapsed 2794 sec.: [32mLoop time: 1.108s DC Power: [35m466.7W[32m DRAM power: 0.00W PCK power: 381.44W
	avg. CPUFreq: 2.57GHz avg. IMCFreq: 1.47GHz
	CPI: 0.513 VPI: 0.00, Mem. bwidth: 0.14GB/s GFLOPS: 0.00 I/O: 0.01MB/s No MPI  
	TPI 0.03 Cache miss rates: L1 0.94GB/s L2 0.00GB/s L3 0.00GB/s
	Total MPI calls 2
	IO DATA: rchar 4607 wchar 8843 syscr 51 syscw 27 read_bytes 0 write_bytes 294912
	Process OS info: (pid 556453 state R utime 1091 stime 0 cutime 0 cstime 0 CPU usage 98)
	CPU temperature (celsius): socket 0: 59 socket 1: 69[0m
EAR[556453](hratio_l30) at 2.60/1.47 in tcn366 MR[0] elapsed 2805 sec.: [32mLoop time: 1.107s DC Power: [35m466.9W[32m DRAM power: 0.00W PCK power: 381.42W
	avg. CPUFreq: 2.57GHz avg. IMCFreq: 1.47GHz
	CPI: 0.513 VPI: 0.00, Mem. bwidth: 0.14GB/s GFLOPS: 0.00 I/O: 0.01MB/s No MPI  
	TPI 0.03 Cache miss rates: L1 0.96GB/s L2 0.00GB/s L3 0.00GB/s
	Total MPI calls 2
	IO DATA: rchar 4607 wchar 8843 syscr 51 syscw 27 read_bytes 0 write_bytes 299008
	Process OS info: (pid 556453 state R utime 1091 stime 1 cutime 0 cstime 0 CPU usage 98)
	CPU temperature (celsius): socket 0: 59 socket 1: 69[0m
EAR[556453](hratio_l30) at 2.60/1.47 in tcn366 MR[0] elapsed 2816 sec.: [32mLoop time: 1.107s DC Power: [35m420.2W[32m DRAM power: 0.00W PCK power: 381.37W
	avg. CPUFreq: 2.57GHz avg. IMCFreq: 1.47GHz
	CPI: 0.513 VPI: 0.00, Mem. bwidth: 0.13GB/s GFLOPS: 0.00 I/O: 0.01MB/s No MPI  
	TPI 0.03 Cache miss rates: L1 0.93GB/s L2 0.00GB/s L3 0.00GB/s
	Total MPI calls 2
	IO DATA: rchar 4607 wchar 8843 syscr 51 syscw 27 read_bytes 0 write_bytes 299008
	Process OS info: (pid 556453 state R utime 1091 stime 1 cutime 0 cstime 0 CPU usage 98)
	CPU temperature (celsius): socket 0: 59 socket 1: 69[0m
EAR[556453](hratio_l30) at 2.60/1.47 in tcn366 MR[0] elapsed 2827 sec.: [32mLoop time: 1.108s DC Power: [35m466.7W[32m DRAM power: 0.00W PCK power: 381.46W
	avg. CPUFreq: 2.57GHz avg. IMCFreq: 1.47GHz
	CPI: 0.513 VPI: 0.00, Mem. bwidth: 0.13GB/s GFLOPS: 0.00 I/O: 0.01MB/s No MPI  
	TPI 0.03 Cache miss rates: L1 0.91GB/s L2 0.00GB/s L3 0.00GB/s
	Total MPI calls 2
	IO DATA: rchar 4607 wchar 8843 syscr 51 syscw 27 read_bytes 0 write_bytes 294912
	Process OS info: (pid 556453 state R utime 1091 stime 0 cutime 0 cstime 0 CPU usage 98)
	CPU temperature (celsius): socket 0: 60 socket 1: 69[0m
EAR[556453](hratio_l30) at 2.60/1.47 in tcn366 MR[0] elapsed 2838 sec.: [32mLoop time: 1.108s DC Power: [35m419.9W[32m DRAM power: 0.00W PCK power: 381.40W
	avg. CPUFreq: 2.57GHz avg. IMCFreq: 1.47GHz
	CPI: 0.513 VPI: 0.00, Mem. bwidth: 0.12GB/s GFLOPS: 0.00 I/O: 0.01MB/s No MPI  
	TPI 0.03 Cache miss rates: L1 0.95GB/s L2 0.00GB/s L3 0.00GB/s
	Total MPI calls 2
	IO DATA: rchar 4607 wchar 8843 syscr 51 syscw 27 read_bytes 0 write_bytes 294912
	Process OS info: (pid 556453 state R utime 1092 stime 1 cutime 0 cstime 0 CPU usage 98)
	CPU temperature (celsius): socket 0: 59 socket 1: 69[0m
EAR[556453](hratio_l30) at 2.60/1.47 in tcn366 MR[0] elapsed 2849 sec.: [32mLoop time: 1.107s DC Power: [35m466.9W[32m DRAM power: 0.00W PCK power: 381.67W
	avg. CPUFreq: 2.57GHz avg. IMCFreq: 1.47GHz
	CPI: 0.513 VPI: 0.00, Mem. bwidth: 0.13GB/s GFLOPS: 0.00 I/O: 0.01MB/s No MPI  
	TPI 0.03 Cache miss rates: L1 0.97GB/s L2 0.00GB/s L3 0.00GB/s
	Total MPI calls 2
	IO DATA: rchar 4607 wchar 8843 syscr 51 syscw 27 read_bytes 0 write_bytes 294912
	Process OS info: (pid 556453 state R utime 1091 stime 0 cutime 0 cstime 0 CPU usage 98)
	CPU temperature (celsius): socket 0: 59 socket 1: 69[0m
EAR[556453](hratio_l30) at 2.60/1.47 in tcn366 MR[0] elapsed 2860 sec.: [32mLoop time: 1.108s DC Power: [35m466.6W[32m DRAM power: 0.00W PCK power: 381.38W
	avg. CPUFreq: 2.57GHz avg. IMCFreq: 1.47GHz
	CPI: 0.514 VPI: 0.00, Mem. bwidth: 0.15GB/s GFLOPS: 0.00 I/O: 0.01MB/s No MPI  
	TPI 0.03 Cache miss rates: L1 0.97GB/s L2 0.00GB/s L3 0.00GB/s
	Total MPI calls 2
	IO DATA: rchar 4607 wchar 8843 syscr 51 syscw 27 read_bytes 0 write_bytes 409600
	Process OS info: (pid 556453 state R utime 1091 stime 1 cutime 0 cstime 0 CPU usage 98)
	CPU temperature (celsius): socket 0: 59 socket 1: 69[0m
EAR[556453](hratio_l30) at 2.60/1.47 in tcn366 MR[0] elapsed 2871 sec.: [32mLoop time: 1.108s DC Power: [35m420.0W[32m DRAM power: 0.00W PCK power: 381.39W
	avg. CPUFreq: 2.57GHz avg. IMCFreq: 1.47GHz
	CPI: 0.513 VPI: 0.00, Mem. bwidth: 0.12GB/s GFLOPS: 0.00 I/O: 0.01MB/s No MPI  
	TPI 0.02 Cache miss rates: L1 1.00GB/s L2 0.00GB/s L3 0.00GB/s
	Total MPI calls 2
	IO DATA: rchar 4607 wchar 8843 syscr 51 syscw 27 read_bytes 0 write_bytes 413696
	Process OS info: (pid 556453 state R utime 1092 stime 1 cutime 0 cstime 0 CPU usage 98)
	CPU temperature (celsius): socket 0: 59 socket 1: 69[0m
EAR[556453](hratio_l30) at 2.60/1.47 in tcn366 MR[0] elapsed 2883 sec.: [32mLoop time: 1.108s DC Power: [35m466.8W[32m DRAM power: 0.00W PCK power: 381.44W
	avg. CPUFreq: 2.57GHz avg. IMCFreq: 1.47GHz
	CPI: 0.514 VPI: 0.00, Mem. bwidth: 0.12GB/s GFLOPS: 0.00 I/O: 0.01MB/s No MPI  
	TPI 0.02 Cache miss rates: L1 1.00GB/s L2 0.00GB/s L3 0.00GB/s
	Total MPI calls 2
	IO DATA: rchar 4607 wchar 8843 syscr 51 syscw 27 read_bytes 0 write_bytes 299008
	Process OS info: (pid 556453 state R utime 1092 stime 0 cutime 0 cstime 0 CPU usage 98)
	CPU temperature (celsius): socket 0: 59 socket 1: 69[0m
EAR[556453](hratio_l30) at 2.60/1.47 in tcn366 MR[0] elapsed 2894 sec.: [32mLoop time: 1.107s DC Power: [35m466.8W[32m DRAM power: 0.00W PCK power: 381.38W
	avg. CPUFreq: 2.57GHz avg. IMCFreq: 1.47GHz
	CPI: 0.513 VPI: 0.00, Mem. bwidth: 0.15GB/s GFLOPS: 0.00 I/O: 0.01MB/s No MPI  
	TPI 0.03 Cache miss rates: L1 0.98GB/s L2 0.00GB/s L3 0.00GB/s
	Total MPI calls 2
	IO DATA: rchar 4607 wchar 8986 syscr 51 syscw 57 read_bytes 0 write_bytes 299008
	Process OS info: (pid 556453 state R utime 1091 stime 1 cutime 0 cstime 0 CPU usage 98)
	CPU temperature (celsius): socket 0: 59 socket 1: 69[0m
EAR[556453](hratio_l30) at 2.60/1.47 in tcn366 MR[0] elapsed 2905 sec.: [32mLoop time: 1.108s DC Power: [35m466.7W[32m DRAM power: 0.00W PCK power: 381.46W
	avg. CPUFreq: 2.57GHz avg. IMCFreq: 1.47GHz
	CPI: 0.513 VPI: 0.00, Mem. bwidth: 0.13GB/s GFLOPS: 0.00 I/O: 0.01MB/s No MPI  
	TPI 0.03 Cache miss rates: L1 1.00GB/s L2 0.00GB/s L3 0.00GB/s
	Total MPI calls 2
	IO DATA: rchar 4607 wchar 8843 syscr 51 syscw 27 read_bytes 0 write_bytes 294912
	Process OS info: (pid 556453 state R utime 1091 stime 0 cutime 0 cstime 0 CPU usage 98)
	CPU temperature (celsius): socket 0: 59 socket 1: 69[0m
EAR[556453](hratio_l30) at 2.60/1.47 in tcn366 MR[0] elapsed 2916 sec.: [32mLoop time: 1.107s DC Power: [35m467.0W[32m DRAM power: 0.00W PCK power: 381.46W
	avg. CPUFreq: 2.57GHz avg. IMCFreq: 1.47GHz
	CPI: 0.513 VPI: 0.00, Mem. bwidth: 0.12GB/s GFLOPS: 0.00 I/O: 0.01MB/s No MPI  
	TPI 0.02 Cache miss rates: L1 0.96GB/s L2 0.00GB/s L3 0.00GB/s
	Total MPI calls 2
	IO DATA: rchar 4607 wchar 8843 syscr 51 syscw 27 read_bytes 0 write_bytes 294912
	Process OS info: (pid 556453 state R utime 1090 stime 1 cutime 0 cstime 0 CPU usage 98)
	CPU temperature (celsius): socket 0: 59 socket 1: 69[0m
EAR[556453](hratio_l30) at 2.60/1.47 in tcn366 MR[0] elapsed 2927 sec.: [32mLoop time: 1.108s DC Power: [35m420.1W[32m DRAM power: 0.00W PCK power: 381.47W
	avg. CPUFreq: 2.57GHz avg. IMCFreq: 1.47GHz
	CPI: 0.514 VPI: 0.00, Mem. bwidth: 0.13GB/s GFLOPS: 0.00 I/O: 0.01MB/s No MPI  
	TPI 0.03 Cache miss rates: L1 0.97GB/s L2 0.00GB/s L3 0.00GB/s
	Total MPI calls 2
	IO DATA: rchar 4607 wchar 8843 syscr 51 syscw 27 read_bytes 0 write_bytes 294912
	Process OS info: (pid 556453 state R utime 1089 stime 0 cutime 0 cstime 0 CPU usage 98)
	CPU temperature (celsius): socket 0: 59 socket 1: 69[0m
EAR[556453](hratio_l30) at 2.60/1.47 in tcn366 MR[0] elapsed 2938 sec.: [32mLoop time: 1.108s DC Power: [35m420.0W[32m DRAM power: 0.00W PCK power: 381.34W
	avg. CPUFreq: 2.57GHz avg. IMCFreq: 1.47GHz
	CPI: 0.514 VPI: 0.00, Mem. bwidth: 0.13GB/s GFLOPS: 0.00 I/O: 0.01MB/s No MPI  
	TPI 0.03 Cache miss rates: L1 0.94GB/s L2 0.00GB/s L3 0.00GB/s
	Total MPI calls 2
	IO DATA: rchar 4607 wchar 8843 syscr 51 syscw 27 read_bytes 0 write_bytes 290816
	Process OS info: (pid 556453 state R utime 1091 stime 2 cutime 0 cstime 0 CPU usage 98)
	CPU temperature (celsius): socket 0: 59 socket 1: 69[0m
EAR[556453](hratio_l30) at 2.60/1.47 in tcn366 MR[0] elapsed 2949 sec.: [32mLoop time: 1.107s DC Power: [35m466.9W[32m DRAM power: 0.00W PCK power: 381.42W
	avg. CPUFreq: 2.57GHz avg. IMCFreq: 1.47GHz
	CPI: 0.514 VPI: 0.00, Mem. bwidth: 0.14GB/s GFLOPS: 0.00 I/O: 0.01MB/s No MPI  
	TPI 0.03 Cache miss rates: L1 0.99GB/s L2 0.00GB/s L3 0.00GB/s
	Total MPI calls 2
	IO DATA: rchar 4607 wchar 8843 syscr 51 syscw 27 read_bytes 0 write_bytes 294912
	Process OS info: (pid 556453 state R utime 1091 stime 0 cutime 0 cstime 0 CPU usage 98)
	CPU temperature (celsius): socket 0: 59 socket 1: 69[0m
EAR[556453](hratio_l30) at 2.60/1.47 in tcn366 MR[0] elapsed 2960 sec.: [32mLoop time: 1.108s DC Power: [35m466.5W[32m DRAM power: 0.00W PCK power: 381.34W
	avg. CPUFreq: 2.57GHz avg. IMCFreq: 1.47GHz
	CPI: 0.513 VPI: 0.00, Mem. bwidth: 0.11GB/s GFLOPS: 0.00 I/O: 0.01MB/s No MPI  
	TPI 0.02 Cache miss rates: L1 1.01GB/s L2 0.00GB/s L3 0.00GB/s
	Total MPI calls 2
	IO DATA: rchar 4607 wchar 8843 syscr 51 syscw 27 read_bytes 0 write_bytes 299008
	Process OS info: (pid 556453 state R utime 1092 stime 1 cutime 0 cstime 0 CPU usage 98)
	CPU temperature (celsius): socket 0: 59 socket 1: 69[0m
EAR[556453](hratio_l30) at 2.60/1.47 in tcn366 MR[0] elapsed 2971 sec.: [32mLoop time: 1.108s DC Power: [35m466.7W[32m DRAM power: 0.00W PCK power: 381.26W
	avg. CPUFreq: 2.57GHz avg. IMCFreq: 1.47GHz
	CPI: 0.514 VPI: 0.00, Mem. bwidth: 0.13GB/s GFLOPS: 0.00 I/O: 0.01MB/s No MPI  
	TPI 0.03 Cache miss rates: L1 1.02GB/s L2 0.00GB/s L3 0.00GB/s
	Total MPI calls 2
	IO DATA: rchar 4607 wchar 8843 syscr 51 syscw 27 read_bytes 0 write_bytes 299008
	Process OS info: (pid 556453 state R utime 1091 stime 1 cutime 0 cstime 0 CPU usage 98)
	CPU temperature (celsius): socket 0: 59 socket 1: 69[0m
EAR[556453](hratio_l30) at 2.60/1.47 in tcn366 MR[0] elapsed 2982 sec.: [32mLoop time: 1.108s DC Power: [35m466.8W[32m DRAM power: 0.00W PCK power: 381.26W
	avg. CPUFreq: 2.57GHz avg. IMCFreq: 1.47GHz
	CPI: 0.514 VPI: 0.00, Mem. bwidth: 0.15GB/s GFLOPS: 0.00 I/O: 0.01MB/s No MPI  
	TPI 0.03 Cache miss rates: L1 1.00GB/s L2 0.00GB/s L3 0.00GB/s
	Total MPI calls 2
	IO DATA: rchar 4607 wchar 8843 syscr 51 syscw 27 read_bytes 0 write_bytes 294912
	Process OS info: (pid 556453 state R utime 1091 stime 0 cutime 0 cstime 0 CPU usage 98)
	CPU temperature (celsius): socket 0: 59 socket 1: 69[0m
EAR[556453](hratio_l30) at 2.60/1.47 in tcn366 MR[0] elapsed 2993 sec.: [32mLoop time: 1.108s DC Power: [35m420.0W[32m DRAM power: 0.00W PCK power: 381.48W
	avg. CPUFreq: 2.57GHz avg. IMCFreq: 1.47GHz
	CPI: 0.513 VPI: 0.00, Mem. bwidth: 0.12GB/s GFLOPS: 0.00 I/O: 0.01MB/s No MPI  
	TPI 0.03 Cache miss rates: L1 1.00GB/s L2 0.00GB/s L3 0.00GB/s
	Total MPI calls 2
	IO DATA: rchar 4607 wchar 8843 syscr 51 syscw 27 read_bytes 0 write_bytes 294912
	Process OS info: (pid 556453 state R utime 1092 stime 1 cutime 0 cstime 0 CPU usage 98)
	CPU temperature (celsius): socket 0: 59 socket 1: 69[0m
EAR[556453](hratio_l30) at 2.60/1.47 in tcn366 MR[0] elapsed 3004 sec.: [32mLoop time: 1.108s DC Power: [35m466.5W[32m DRAM power: 0.00W PCK power: 381.63W
	avg. CPUFreq: 2.57GHz avg. IMCFreq: 1.47GHz
	CPI: 0.512 VPI: 0.00, Mem. bwidth: 0.15GB/s GFLOPS: 0.00 I/O: 0.01MB/s No MPI  
	TPI 0.03 Cache miss rates: L1 1.00GB/s L2 0.00GB/s L3 0.00GB/s
	Total MPI calls 2
	IO DATA: rchar 4607 wchar 8843 syscr 51 syscw 27 read_bytes 0 write_bytes 299008
	Process OS info: (pid 556453 state R utime 1091 stime 1 cutime 0 cstime 0 CPU usage 98)
	CPU temperature (celsius): socket 0: 59 socket 1: 69[0m
EAR[556453](hratio_l30) at 2.60/1.47 in tcn366 MR[0] elapsed 3016 sec.: [32mLoop time: 1.107s DC Power: [35m420.2W[32m DRAM power: 0.00W PCK power: 381.81W
	avg. CPUFreq: 2.57GHz avg. IMCFreq: 1.47GHz
	CPI: 0.512 VPI: 0.00, Mem. bwidth: 0.14GB/s GFLOPS: 0.00 I/O: 0.01MB/s No MPI  
	TPI 0.03 Cache miss rates: L1 1.02GB/s L2 0.00GB/s L3 0.00GB/s
	Total MPI calls 2
	IO DATA: rchar 4607 wchar 8843 syscr 51 syscw 27 read_bytes 0 write_bytes 294912
	Process OS info: (pid 556453 state R utime 1091 stime 1 cutime 0 cstime 0 CPU usage 98)
	CPU temperature (celsius): socket 0: 59 socket 1: 69[0m
EAR[556453](hratio_l30) at 2.60/1.47 in tcn366 MR[0] elapsed 3028 sec.: [32mLoop time: 1.207s DC Power: [35m471.0W[32m DRAM power: 0.00W PCK power: 381.79W
	avg. CPUFreq: 2.57GHz avg. IMCFreq: 1.47GHz
	CPI: 0.511 VPI: 0.00, Mem. bwidth: 0.13GB/s GFLOPS: 0.00 I/O: 0.01MB/s No MPI  
	TPI 0.03 Cache miss rates: L1 0.99GB/s L2 0.00GB/s L3 0.00GB/s
	Total MPI calls 2
	IO DATA: rchar 4607 wchar 8843 syscr 51 syscw 27 read_bytes 0 write_bytes 307200
	Process OS info: (pid 556453 state R utime 1190 stime 0 cutime 0 cstime 0 CPU usage 98)
	CPU temperature (celsius): socket 0: 59 socket 1: 69[0m
EAR[556453](hratio_l30) at 2.60/1.47 in tcn366 MR[0] elapsed 3039 sec.: [32mLoop time: 1.107s DC Power: [35m466.8W[32m DRAM power: 0.00W PCK power: 381.69W
	avg. CPUFreq: 2.57GHz avg. IMCFreq: 1.47GHz
	CPI: 0.512 VPI: 0.00, Mem. bwidth: 0.15GB/s GFLOPS: 0.00 I/O: 0.01MB/s No MPI  
	TPI 0.03 Cache miss rates: L1 1.02GB/s L2 0.00GB/s L3 0.00GB/s
	Total MPI calls 2
	IO DATA: rchar 4607 wchar 8843 syscr 51 syscw 27 read_bytes 0 write_bytes 499712
	Process OS info: (pid 556453 state R utime 1091 stime 1 cutime 0 cstime 0 CPU usage 98)
	CPU temperature (celsius): socket 0: 59 socket 1: 69[0m
EAR[556453](hratio_l30) at 2.60/1.47 in tcn366 MR[0] elapsed 3050 sec.: [32mLoop time: 1.107s DC Power: [35m420.3W[32m DRAM power: 0.00W PCK power: 382.10W
	avg. CPUFreq: 2.57GHz avg. IMCFreq: 1.47GHz
	CPI: 0.510 VPI: 0.00, Mem. bwidth: 0.11GB/s GFLOPS: 0.00 I/O: 0.01MB/s No MPI  
	TPI 0.02 Cache miss rates: L1 0.90GB/s L2 0.00GB/s L3 0.00GB/s
	Total MPI calls 2
	IO DATA: rchar 4607 wchar 8843 syscr 51 syscw 27 read_bytes 0 write_bytes 294912
	Process OS info: (pid 556453 state R utime 1091 stime 1 cutime 0 cstime 0 CPU usage 98)
	CPU temperature (celsius): socket 0: 59 socket 1: 70[0m
EAR[556453](hratio_l30) at 2.60/1.47 in tcn366 MR[0] elapsed 3061 sec.: [32mLoop time: 1.111s DC Power: [35m418.9W[32m DRAM power: 0.00W PCK power: 382.10W
	avg. CPUFreq: 2.57GHz avg. IMCFreq: 1.47GHz
	CPI: 0.510 VPI: 0.00, Mem. bwidth: 0.13GB/s GFLOPS: 0.00 I/O: 0.01MB/s No MPI  
	TPI 0.03 Cache miss rates: L1 0.88GB/s L2 0.00GB/s L3 0.00GB/s
	Total MPI calls 2
	IO DATA: rchar 4607 wchar 8843 syscr 51 syscw 27 read_bytes 0 write_bytes 380928
	Process OS info: (pid 556453 state R utime 1094 stime 0 cutime 0 cstime 0 CPU usage 98)
	CPU temperature (celsius): socket 0: 59 socket 1: 70[0m
EAR[556453](hratio_l30) at 2.60/1.47 in tcn366 MR[0] elapsed 3072 sec.: [32mLoop time: 1.107s DC Power: [35m467.0W[32m DRAM power: 0.00W PCK power: 382.40W
	avg. CPUFreq: 2.57GHz avg. IMCFreq: 1.47GHz
	CPI: 0.510 VPI: 0.00, Mem. bwidth: 0.14GB/s GFLOPS: 0.00 I/O: 0.01MB/s No MPI  
	TPI 0.03 Cache miss rates: L1 0.89GB/s L2 0.00GB/s L3 0.00GB/s
	Total MPI calls 2
	IO DATA: rchar 4607 wchar 8843 syscr 51 syscw 27 read_bytes 0 write_bytes 294912
	Process OS info: (pid 556453 state R utime 1091 stime 1 cutime 0 cstime 0 CPU usage 98)
	CPU temperature (celsius): socket 0: 59 socket 1: 70[0m
EAR[556453](hratio_l30) at 2.60/1.47 in tcn366 MR[0] elapsed 3083 sec.: [32mLoop time: 1.108s DC Power: [35m467.6W[32m DRAM power: 0.00W PCK power: 382.09W
	avg. CPUFreq: 2.57GHz avg. IMCFreq: 1.47GHz
	CPI: 0.510 VPI: 0.00, Mem. bwidth: 0.14GB/s GFLOPS: 0.00 I/O: 0.01MB/s No MPI  
	TPI 0.03 Cache miss rates: L1 0.89GB/s L2 0.00GB/s L3 0.00GB/s
	Total MPI calls 2
	IO DATA: rchar 4607 wchar 8843 syscr 51 syscw 27 read_bytes 0 write_bytes 294912
	Process OS info: (pid 556453 state R utime 1092 stime 0 cutime 0 cstime 0 CPU usage 98)
	CPU temperature (celsius): socket 0: 59 socket 1: 70[0m
EAR[556453](hratio_l30) at 2.60/1.47 in tcn366 MR[0] elapsed 3094 sec.: [32mLoop time: 1.108s DC Power: [35m467.6W[32m DRAM power: 0.00W PCK power: 382.31W
	avg. CPUFreq: 2.57GHz avg. IMCFreq: 1.47GHz
	CPI: 0.510 VPI: 0.00, Mem. bwidth: 0.14GB/s GFLOPS: 0.00 I/O: 0.01MB/s No MPI  
	TPI 0.03 Cache miss rates: L1 0.89GB/s L2 0.00GB/s L3 0.00GB/s
	Total MPI calls 2
	IO DATA: rchar 4607 wchar 8843 syscr 51 syscw 27 read_bytes 0 write_bytes 323584
	Process OS info: (pid 556453 state R utime 1091 stime 1 cutime 0 cstime 0 CPU usage 98)
	CPU temperature (celsius): socket 0: 59 socket 1: 70[0m
EAR[556453](hratio_l30) at 2.60/1.47 in tcn366 MR[0] elapsed 3105 sec.: [32mLoop time: 1.107s DC Power: [35m420.7W[32m DRAM power: 0.00W PCK power: 382.33W
	avg. CPUFreq: 2.57GHz avg. IMCFreq: 1.47GHz
	CPI: 0.510 VPI: 0.00, Mem. bwidth: 0.13GB/s GFLOPS: 0.00 I/O: 0.01MB/s No MPI  
	TPI 0.03 Cache miss rates: L1 0.91GB/s L2 0.00GB/s L3 0.00GB/s
	Total MPI calls 2
	IO DATA: rchar 4607 wchar 8843 syscr 51 syscw 27 read_bytes 0 write_bytes 294912
	Process OS info: (pid 556453 state R utime 1091 stime 1 cutime 0 cstime 0 CPU usage 98)
	CPU temperature (celsius): socket 0: 59 socket 1: 70[0m
EAR[556453](hratio_l30) at 2.60/1.47 in tcn366 MR[0] elapsed 3116 sec.: [32mLoop time: 1.108s DC Power: [35m420.4W[32m DRAM power: 0.00W PCK power: 382.26W
	avg. CPUFreq: 2.57GHz avg. IMCFreq: 1.47GHz
	CPI: 0.510 VPI: 0.00, Mem. bwidth: 0.13GB/s GFLOPS: 0.00 I/O: 0.01MB/s No MPI  
	TPI 0.03 Cache miss rates: L1 0.93GB/s L2 0.00GB/s L3 0.00GB/s
	Total MPI calls 2
	IO DATA: rchar 4607 wchar 8843 syscr 51 syscw 27 read_bytes 0 write_bytes 303104
	Process OS info: (pid 556453 state R utime 1091 stime 1 cutime 0 cstime 0 CPU usage 98)
	CPU temperature (celsius): socket 0: 59 socket 1: 70[0m
EAR[556453](hratio_l30) at 2.60/1.47 in tcn366 MR[0] elapsed 3127 sec.: [32mLoop time: 1.108s DC Power: [35m467.6W[32m DRAM power: 0.00W PCK power: 382.20W
	avg. CPUFreq: 2.57GHz avg. IMCFreq: 1.47GHz
	CPI: 0.510 VPI: 0.00, Mem. bwidth: 0.13GB/s GFLOPS: 0.00 I/O: 0.01MB/s No MPI  
	TPI 0.03 Cache miss rates: L1 0.88GB/s L2 0.00GB/s L3 0.00GB/s
	Total MPI calls 2
	IO DATA: rchar 4607 wchar 8843 syscr 51 syscw 27 read_bytes 0 write_bytes 299008
	Process OS info: (pid 556453 state R utime 1090 stime 0 cutime 0 cstime 0 CPU usage 98)
	CPU temperature (celsius): socket 0: 59 socket 1: 69[0m
EAR[556453](hratio_l30) at 2.60/1.47 in tcn366 MR[0] elapsed 3138 sec.: [32mLoop time: 1.108s DC Power: [35m467.6W[32m DRAM power: 0.00W PCK power: 382.25W
	avg. CPUFreq: 2.57GHz avg. IMCFreq: 1.47GHz
	CPI: 0.510 VPI: 0.00, Mem. bwidth: 0.12GB/s GFLOPS: 0.00 I/O: 0.01MB/s No MPI  
	TPI 0.02 Cache miss rates: L1 0.88GB/s L2 0.00GB/s L3 0.00GB/s
	Total MPI calls 2
	IO DATA: rchar 4607 wchar 8843 syscr 51 syscw 27 read_bytes 0 write_bytes 294912
	Process OS info: (pid 556453 state R utime 1091 stime 1 cutime 0 cstime 0 CPU usage 98)
	CPU temperature (celsius): socket 0: 59 socket 1: 69[0m
EAR[556453](hratio_l30) at 2.60/1.47 in tcn366 MR[0] elapsed 3149 sec.: [32mLoop time: 1.107s DC Power: [35m421.0W[32m DRAM power: 0.00W PCK power: 382.28W
	avg. CPUFreq: 2.57GHz avg. IMCFreq: 1.47GHz
	CPI: 0.510 VPI: 0.00, Mem. bwidth: 0.13GB/s GFLOPS: 0.00 I/O: 0.01MB/s No MPI  
	TPI 0.03 Cache miss rates: L1 0.86GB/s L2 0.00GB/s L3 0.00GB/s
	Total MPI calls 2
	IO DATA: rchar 4607 wchar 8843 syscr 51 syscw 27 read_bytes 0 write_bytes 294912
	Process OS info: (pid 556453 state R utime 1090 stime 0 cutime 0 cstime 0 CPU usage 98)
	CPU temperature (celsius): socket 0: 59 socket 1: 69[0m
EAR[556453](hratio_l30) at 2.60/1.47 in tcn366 MR[0] elapsed 3160 sec.: [32mLoop time: 1.108s DC Power: [35m467.6W[32m DRAM power: 0.00W PCK power: 382.28W
	avg. CPUFreq: 2.57GHz avg. IMCFreq: 1.47GHz
	CPI: 0.510 VPI: 0.00, Mem. bwidth: 0.15GB/s GFLOPS: 0.00 I/O: 0.01MB/s No MPI  
	TPI 0.03 Cache miss rates: L1 0.87GB/s L2 0.00GB/s L3 0.00GB/s
	Total MPI calls 2
	IO DATA: rchar 4607 wchar 8843 syscr 51 syscw 27 read_bytes 0 write_bytes 299008
	Process OS info: (pid 556453 state R utime 1091 stime 1 cutime 0 cstime 0 CPU usage 98)
	CPU temperature (celsius): socket 0: 59 socket 1: 70[0m
EAR[556453](hratio_l30) at 2.60/1.47 in tcn366 MR[0] elapsed 3172 sec.: [32mLoop time: 1.108s DC Power: [35m420.8W[32m DRAM power: 0.00W PCK power: 382.29W
	avg. CPUFreq: 2.57GHz avg. IMCFreq: 1.47GHz
	CPI: 0.510 VPI: 0.00, Mem. bwidth: 0.12GB/s GFLOPS: 0.00 I/O: 0.01MB/s No MPI  
	TPI 0.03 Cache miss rates: L1 0.93GB/s L2 0.00GB/s L3 0.00GB/s
	Total MPI calls 2
	IO DATA: rchar 4607 wchar 8843 syscr 51 syscw 27 read_bytes 0 write_bytes 299008
	Process OS info: (pid 556453 state R utime 1092 stime 1 cutime 0 cstime 0 CPU usage 98)
	CPU temperature (celsius): socket 0: 59 socket 1: 69[0m
EAR[556453](hratio_l30) at 2.60/1.47 in tcn366 MR[0] elapsed 3183 sec.: [32mLoop time: 1.108s DC Power: [35m467.6W[32m DRAM power: 0.00W PCK power: 382.12W
	avg. CPUFreq: 2.57GHz avg. IMCFreq: 1.47GHz
	CPI: 0.510 VPI: 0.00, Mem. bwidth: 0.12GB/s GFLOPS: 0.00 I/O: 0.01MB/s No MPI  
	TPI 0.02 Cache miss rates: L1 0.90GB/s L2 0.00GB/s L3 0.00GB/s
	Total MPI calls 2
	IO DATA: rchar 4607 wchar 8843 syscr 51 syscw 27 read_bytes 0 write_bytes 311296
	Process OS info: (pid 556453 state R utime 1091 stime 0 cutime 0 cstime 0 CPU usage 98)
	CPU temperature (celsius): socket 0: 59 socket 1: 70[0m
EAR[556453](hratio_l30) at 2.60/1.47 in tcn366 MR[0] elapsed 3194 sec.: [32mLoop time: 1.108s DC Power: [35m420.1W[32m DRAM power: 0.00W PCK power: 382.19W
	avg. CPUFreq: 2.57GHz avg. IMCFreq: 1.47GHz
	CPI: 0.510 VPI: 0.00, Mem. bwidth: 0.14GB/s GFLOPS: 0.00 I/O: 0.01MB/s No MPI  
	TPI 0.03 Cache miss rates: L1 0.95GB/s L2 0.00GB/s L3 0.00GB/s
	Total MPI calls 2
	IO DATA: rchar 4607 wchar 8843 syscr 51 syscw 27 read_bytes 0 write_bytes 294912
	Process OS info: (pid 556453 state R utime 1091 stime 1 cutime 0 cstime 0 CPU usage 98)
	CPU temperature (celsius): socket 0: 59 socket 1: 69[0m
EAR[556453](hratio_l30) at 2.60/1.47 in tcn366 MR[0] elapsed 3205 sec.: [32mLoop time: 1.108s DC Power: [35m466.7W[32m DRAM power: 0.00W PCK power: 382.35W
	avg. CPUFreq: 2.57GHz avg. IMCFreq: 1.47GHz
	CPI: 0.510 VPI: 0.00, Mem. bwidth: 0.12GB/s GFLOPS: 0.00 I/O: 0.01MB/s No MPI  
	TPI 0.02 Cache miss rates: L1 0.90GB/s L2 0.00GB/s L3 0.00GB/s
	Total MPI calls 2
	IO DATA: rchar 4607 wchar 8843 syscr 51 syscw 27 read_bytes 0 write_bytes 294912
	Process OS info: (pid 556453 state R utime 1092 stime 1 cutime 0 cstime 0 CPU usage 98)
	CPU temperature (celsius): socket 0: 59 socket 1: 69[0m
EAR[556453](hratio_l30) at 2.60/1.47 in tcn366 MR[0] elapsed 3216 sec.: [32mLoop time: 1.108s DC Power: [35m467.7W[32m DRAM power: 0.00W PCK power: 382.65W
	avg. CPUFreq: 2.57GHz avg. IMCFreq: 1.47GHz
	CPI: 0.509 VPI: 0.00, Mem. bwidth: 0.12GB/s GFLOPS: 0.00 I/O: 0.01MB/s No MPI  
	TPI 0.02 Cache miss rates: L1 0.92GB/s L2 0.00GB/s L3 0.00GB/s
	Total MPI calls 2
	IO DATA: rchar 4607 wchar 8843 syscr 51 syscw 27 read_bytes 0 write_bytes 294912
	Process OS info: (pid 556453 state R utime 1091 stime 0 cutime 0 cstime 0 CPU usage 98)
	CPU temperature (celsius): socket 0: 59 socket 1: 70[0m
EAR[556453](hratio_l30) at 2.60/1.47 in tcn366 MR[0] elapsed 3227 sec.: [32mLoop time: 1.107s DC Power: [35m467.9W[32m DRAM power: 0.00W PCK power: 382.68W
	avg. CPUFreq: 2.57GHz avg. IMCFreq: 1.47GHz
	CPI: 0.508 VPI: 0.00, Mem. bwidth: 0.13GB/s GFLOPS: 0.00 I/O: 0.01MB/s No MPI  
	TPI 0.03 Cache miss rates: L1 0.92GB/s L2 0.00GB/s L3 0.00GB/s
	Total MPI calls 2
	IO DATA: rchar 4607 wchar 8843 syscr 51 syscw 27 read_bytes 0 write_bytes 294912
	Process OS info: (pid 556453 state R utime 1091 stime 1 cutime 0 cstime 0 CPU usage 98)
	CPU temperature (celsius): socket 0: 59 socket 1: 70[0m
EAR[556453](hratio_l30) at 2.60/1.47 in tcn366 MR[0] elapsed 3238 sec.: [32mLoop time: 1.108s DC Power: [35m374.1W[32m DRAM power: 0.00W PCK power: 382.63W
	avg. CPUFreq: 2.57GHz avg. IMCFreq: 1.47GHz
	CPI: 0.509 VPI: 0.00, Mem. bwidth: 0.13GB/s GFLOPS: 0.00 I/O: 0.01MB/s No MPI  
	TPI 0.03 Cache miss rates: L1 0.89GB/s L2 0.00GB/s L3 0.00GB/s
	Total MPI calls 2
	IO DATA: rchar 4607 wchar 8843 syscr 51 syscw 27 read_bytes 0 write_bytes 294912
	Process OS info: (pid 556453 state R utime 1091 stime 1 cutime 0 cstime 0 CPU usage 98)
	CPU temperature (celsius): socket 0: 59 socket 1: 70[0m
EAR[556453](hratio_l30) at 2.60/1.47 in tcn366 MR[0] elapsed 3249 sec.: [32mLoop time: 1.108s DC Power: [35m467.7W[32m DRAM power: 0.00W PCK power: 382.55W
	avg. CPUFreq: 2.57GHz avg. IMCFreq: 1.47GHz
	CPI: 0.509 VPI: 0.00, Mem. bwidth: 0.17GB/s GFLOPS: 0.00 I/O: 0.01MB/s No MPI  
	TPI 0.03 Cache miss rates: L1 0.89GB/s L2 0.00GB/s L3 0.00GB/s
	Total MPI calls 2
	IO DATA: rchar 4607 wchar 8843 syscr 51 syscw 27 read_bytes 0 write_bytes 434176
	Process OS info: (pid 556453 state R utime 1091 stime 1 cutime 0 cstime 0 CPU usage 98)
	CPU temperature (celsius): socket 0: 59 socket 1: 69[0m
EAR[556453](hratio_l30) at 2.60/1.47 in tcn366 MR[0] elapsed 3260 sec.: [32mLoop time: 1.108s DC Power: [35m467.4W[32m DRAM power: 0.00W PCK power: 382.61W
	avg. CPUFreq: 2.57GHz avg. IMCFreq: 1.47GHz
	CPI: 0.509 VPI: 0.00, Mem. bwidth: 0.11GB/s GFLOPS: 0.00 I/O: 0.01MB/s No MPI  
	TPI 0.02 Cache miss rates: L1 0.88GB/s L2 0.00GB/s L3 0.00GB/s
	Total MPI calls 2
	IO DATA: rchar 4607 wchar 8843 syscr 51 syscw 27 read_bytes 0 write_bytes 299008
	Process OS info: (pid 556453 state R utime 1092 stime 1 cutime 0 cstime 0 CPU usage 98)
	CPU temperature (celsius): socket 0: 59 socket 1: 69[0m
EAR[556453](hratio_l30) at 2.60/1.47 in tcn366 MR[0] elapsed 3271 sec.: [32mLoop time: 1.107s DC Power: [35m467.9W[32m DRAM power: 0.00W PCK power: 382.56W
	avg. CPUFreq: 2.57GHz avg. IMCFreq: 1.47GHz
	CPI: 0.509 VPI: 0.00, Mem. bwidth: 0.13GB/s GFLOPS: 0.00 I/O: 0.01MB/s No MPI  
	TPI 0.03 Cache miss rates: L1 0.93GB/s L2 0.00GB/s L3 0.00GB/s
	Total MPI calls 2
	IO DATA: rchar 4607 wchar 8843 syscr 51 syscw 27 read_bytes 0 write_bytes 299008
	Process OS info: (pid 556453 state R utime 1091 stime 0 cutime 0 cstime 0 CPU usage 98)
	CPU temperature (celsius): socket 0: 59 socket 1: 70[0m
EAR[556453](hratio_l30) at 2.60/1.47 in tcn366 MR[0] elapsed 3282 sec.: [32mLoop time: 1.108s DC Power: [35m420.7W[32m DRAM power: 0.00W PCK power: 382.56W
	avg. CPUFreq: 2.57GHz avg. IMCFreq: 1.47GHz
	CPI: 0.508 VPI: 0.00, Mem. bwidth: 0.14GB/s GFLOPS: 0.00 I/O: 0.01MB/s No MPI  
	TPI 0.03 Cache miss rates: L1 0.91GB/s L2 0.00GB/s L3 0.00GB/s
	Total MPI calls 2
	IO DATA: rchar 4607 wchar 8843 syscr 51 syscw 27 read_bytes 0 write_bytes 294912
	Process OS info: (pid 556453 state R utime 1091 stime 1 cutime 0 cstime 0 CPU usage 98)
	CPU temperature (celsius): socket 0: 59 socket 1: 70[0m
EAR[556453](hratio_l30) at 2.60/1.47 in tcn366 MR[0] elapsed 3293 sec.: [32mLoop time: 1.108s DC Power: [35m467.7W[32m DRAM power: 0.00W PCK power: 382.66W
	avg. CPUFreq: 2.57GHz avg. IMCFreq: 1.47GHz
	CPI: 0.508 VPI: 0.00, Mem. bwidth: 0.12GB/s GFLOPS: 0.00 I/O: 0.01MB/s No MPI  
	TPI 0.02 Cache miss rates: L1 0.89GB/s L2 0.00GB/s L3 0.00GB/s
	Total MPI calls 2
	IO DATA: rchar 4607 wchar 8843 syscr 51 syscw 27 read_bytes 0 write_bytes 294912
	Process OS info: (pid 556453 state R utime 1092 stime 1 cutime 0 cstime 0 CPU usage 98)
	CPU temperature (celsius): socket 0: 59 socket 1: 69[0m
EAR[556453](hratio_l30) at 2.60/1.47 in tcn366 MR[0] elapsed 3304 sec.: [32mLoop time: 1.108s DC Power: [35m467.7W[32m DRAM power: 0.00W PCK power: 382.73W
	avg. CPUFreq: 2.57GHz avg. IMCFreq: 1.47GHz
	CPI: 0.509 VPI: 0.00, Mem. bwidth: 0.11GB/s GFLOPS: 0.00 I/O: 0.01MB/s No MPI  
	TPI 0.02 Cache miss rates: L1 0.92GB/s L2 0.00GB/s L3 0.00GB/s
	Total MPI calls 2
	IO DATA: rchar 4607 wchar 8843 syscr 51 syscw 27 read_bytes 0 write_bytes 299008
	Process OS info: (pid 556453 state R utime 1091 stime 0 cutime 0 cstime 0 CPU usage 98)
	CPU temperature (celsius): socket 0: 59 socket 1: 70[0m
EAR[556453](hratio_l30) at 2.60/1.47 in tcn366 MR[0] elapsed 3316 sec.: [32mLoop time: 1.108s DC Power: [35m467.4W[32m DRAM power: 0.00W PCK power: 382.54W
	avg. CPUFreq: 2.57GHz avg. IMCFreq: 1.47GHz
	CPI: 0.509 VPI: 0.00, Mem. bwidth: 0.14GB/s GFLOPS: 0.00 I/O: 0.01MB/s No MPI  
	TPI 0.03 Cache miss rates: L1 0.93GB/s L2 0.00GB/s L3 0.00GB/s
	Total MPI calls 2
	IO DATA: rchar 4607 wchar 8843 syscr 51 syscw 27 read_bytes 0 write_bytes 380928
	Process OS info: (pid 556453 state R utime 1092 stime 1 cutime 0 cstime 0 CPU usage 98)
	CPU temperature (celsius): socket 0: 59 socket 1: 70[0m
EAR[556453](hratio_l30) at 2.60/1.47 in tcn366 MR[0] elapsed 3327 sec.: [32mLoop time: 1.107s DC Power: [35m421.1W[32m DRAM power: 0.00W PCK power: 382.57W
	avg. CPUFreq: 2.57GHz avg. IMCFreq: 1.47GHz
	CPI: 0.509 VPI: 0.00, Mem. bwidth: 0.13GB/s GFLOPS: 0.00 I/O: 0.01MB/s No MPI  
	TPI 0.03 Cache miss rates: L1 0.95GB/s L2 0.00GB/s L3 0.00GB/s
	Total MPI calls 2
	IO DATA: rchar 4607 wchar 8843 syscr 51 syscw 27 read_bytes 0 write_bytes 303104
	Process OS info: (pid 556453 state R utime 1091 stime 1 cutime 0 cstime 0 CPU usage 98)
	CPU temperature (celsius): socket 0: 59 socket 1: 70[0m
EAR[556453](hratio_l30) at 2.60/1.47 in tcn366 MR[0] elapsed 3338 sec.: [32mLoop time: 1.108s DC Power: [35m467.6W[32m DRAM power: 0.00W PCK power: 382.60W
	avg. CPUFreq: 2.57GHz avg. IMCFreq: 1.47GHz
	CPI: 0.509 VPI: 0.00, Mem. bwidth: 0.14GB/s GFLOPS: 0.00 I/O: 0.01MB/s No MPI  
	TPI 0.03 Cache miss rates: L1 0.91GB/s L2 0.00GB/s L3 0.00GB/s
	Total MPI calls 2
	IO DATA: rchar 4607 wchar 8843 syscr 51 syscw 27 read_bytes 0 write_bytes 335872
	Process OS info: (pid 556453 state R utime 1092 stime 0 cutime 0 cstime 0 CPU usage 98)
	CPU temperature (celsius): socket 0: 59 socket 1: 70[0m
EAR[556453](hratio_l30) at 2.60/1.47 in tcn366 MR[0] elapsed 3349 sec.: [32mLoop time: 1.107s DC Power: [35m467.8W[32m DRAM power: 0.00W PCK power: 382.72W
	avg. CPUFreq: 2.57GHz avg. IMCFreq: 1.47GHz
	CPI: 0.508 VPI: 0.00, Mem. bwidth: 0.11GB/s GFLOPS: 0.00 I/O: 0.01MB/s No MPI  
	TPI 0.02 Cache miss rates: L1 0.94GB/s L2 0.00GB/s L3 0.00GB/s
	Total MPI calls 2
	IO DATA: rchar 4607 wchar 8843 syscr 51 syscw 27 read_bytes 0 write_bytes 294912
	Process OS info: (pid 556453 state R utime 1091 stime 1 cutime 0 cstime 0 CPU usage 98)
	CPU temperature (celsius): socket 0: 59 socket 1: 70[0m
EAR[556453](hratio_l30) at 2.60/1.47 in tcn366 MR[0] elapsed 3360 sec.: [32mLoop time: 1.107s DC Power: [35m420.9W[32m DRAM power: 0.00W PCK power: 382.63W
	avg. CPUFreq: 2.57GHz avg. IMCFreq: 1.47GHz
	CPI: 0.509 VPI: 0.00, Mem. bwidth: 0.13GB/s GFLOPS: 0.00 I/O: 0.01MB/s No MPI  
	TPI 0.03 Cache miss rates: L1 0.92GB/s L2 0.00GB/s L3 0.00GB/s
	Total MPI calls 2
	IO DATA: rchar 4607 wchar 8843 syscr 51 syscw 27 read_bytes 0 write_bytes 303104
	Process OS info: (pid 556453 state R utime 1091 stime 1 cutime 0 cstime 0 CPU usage 98)
	CPU temperature (celsius): socket 0: 59 socket 1: 70[0m
EAR[556453](hratio_l30) at 2.60/1.47 in tcn366 MR[0] elapsed 3371 sec.: [32mLoop time: 1.108s DC Power: [35m420.8W[32m DRAM power: 0.00W PCK power: 382.60W
	avg. CPUFreq: 2.57GHz avg. IMCFreq: 1.47GHz
	CPI: 0.508 VPI: 0.00, Mem. bwidth: 0.14GB/s GFLOPS: 0.00 I/O: 0.01MB/s No MPI  
	TPI 0.03 Cache miss rates: L1 0.93GB/s L2 0.00GB/s L3 0.00GB/s
	Total MPI calls 2
	IO DATA: rchar 4607 wchar 8843 syscr 51 syscw 27 read_bytes 0 write_bytes 319488
	Process OS info: (pid 556453 state R utime 1092 stime 0 cutime 0 cstime 0 CPU usage 98)
	CPU temperature (celsius): socket 0: 59 socket 1: 70[0m
EAR[556453](hratio_l30) at 2.60/1.47 in tcn366 MR[0] elapsed 3382 sec.: [32mLoop time: 1.108s DC Power: [35m467.6W[32m DRAM power: 0.00W PCK power: 382.56W
	avg. CPUFreq: 2.57GHz avg. IMCFreq: 1.47GHz
	CPI: 0.508 VPI: 0.00, Mem. bwidth: 0.12GB/s GFLOPS: 0.00 I/O: 0.01MB/s No MPI  
	TPI 0.02 Cache miss rates: L1 0.91GB/s L2 0.00GB/s L3 0.00GB/s
	Total MPI calls 2
	IO DATA: rchar 4607 wchar 8843 syscr 51 syscw 27 read_bytes 0 write_bytes 290816
	Process OS info: (pid 556453 state R utime 1092 stime 1 cutime 0 cstime 0 CPU usage 98)
	CPU temperature (celsius): socket 0: 59 socket 1: 70[0m
EAR[556453](hratio_l30) at 2.60/1.47 in tcn366 MR[0] elapsed 3393 sec.: [32mLoop time: 1.108s DC Power: [35m467.7W[32m DRAM power: 0.00W PCK power: 382.62W
	avg. CPUFreq: 2.57GHz avg. IMCFreq: 1.47GHz
	CPI: 0.509 VPI: 0.00, Mem. bwidth: 0.12GB/s GFLOPS: 0.00 I/O: 0.01MB/s No MPI  
	TPI 0.02 Cache miss rates: L1 0.92GB/s L2 0.00GB/s L3 0.00GB/s
	Total MPI calls 2
	IO DATA: rchar 4607 wchar 8843 syscr 51 syscw 27 read_bytes 0 write_bytes 299008
	Process OS info: (pid 556453 state R utime 1091 stime 0 cutime 0 cstime 0 CPU usage 98)
	CPU temperature (celsius): socket 0: 59 socket 1: 70[0m
EAR[556453](hratio_l30) at 2.60/1.47 in tcn366 MR[0] elapsed 3404 sec.: [32mLoop time: 1.108s DC Power: [35m467.7W[32m DRAM power: 0.00W PCK power: 382.57W
	avg. CPUFreq: 2.57GHz avg. IMCFreq: 1.47GHz
	CPI: 0.509 VPI: 0.00, Mem. bwidth: 0.14GB/s GFLOPS: 0.00 I/O: 0.01MB/s No MPI  
	TPI 0.03 Cache miss rates: L1 0.94GB/s L2 0.00GB/s L3 0.00GB/s
	Total MPI calls 2
	IO DATA: rchar 4607 wchar 8843 syscr 51 syscw 27 read_bytes 0 write_bytes 294912
	Process OS info: (pid 556453 state R utime 1091 stime 1 cutime 0 cstime 0 CPU usage 98)
	CPU temperature (celsius): socket 0: 59 socket 1: 70[0m
EAR[556453](hratio_l30) at 2.60/1.47 in tcn366 MR[0] elapsed 3415 sec.: [32mLoop time: 1.107s DC Power: [35m374.2W[32m DRAM power: 0.00W PCK power: 382.61W
	avg. CPUFreq: 2.57GHz avg. IMCFreq: 1.47GHz
	CPI: 0.508 VPI: 0.00, Mem. bwidth: 0.13GB/s GFLOPS: 0.00 I/O: 0.01MB/s No MPI  
	TPI 0.03 Cache miss rates: L1 0.93GB/s L2 0.00GB/s L3 0.00GB/s
	Total MPI calls 2
	IO DATA: rchar 4607 wchar 8843 syscr 51 syscw 27 read_bytes 0 write_bytes 303104
	Process OS info: (pid 556453 state R utime 1091 stime 1 cutime 0 cstime 0 CPU usage 98)
	CPU temperature (celsius): socket 0: 59 socket 1: 70[0m
EAR[556453](hratio_l30) at 2.60/1.47 in tcn366 MR[0] elapsed 3426 sec.: [32mLoop time: 1.108s DC Power: [35m467.6W[32m DRAM power: 0.00W PCK power: 382.60W
	avg. CPUFreq: 2.57GHz avg. IMCFreq: 1.47GHz
	CPI: 0.509 VPI: 0.00, Mem. bwidth: 0.12GB/s GFLOPS: 0.00 I/O: 0.01MB/s No MPI  
	TPI 0.03 Cache miss rates: L1 0.92GB/s L2 0.00GB/s L3 0.00GB/s
	Total MPI calls 2
	IO DATA: rchar 4607 wchar 8843 syscr 51 syscw 27 read_bytes 0 write_bytes 434176
	Process OS info: (pid 556453 state R utime 1092 stime 0 cutime 0 cstime 0 CPU usage 98)
	CPU temperature (celsius): socket 0: 59 socket 1: 70[0m
EAR[556453](hratio_l30) at 2.60/1.47 in tcn366 MR[0] elapsed 3437 sec.: [32mLoop time: 1.108s DC Power: [35m467.6W[32m DRAM power: 0.00W PCK power: 382.51W
	avg. CPUFreq: 2.57GHz avg. IMCFreq: 1.47GHz
	CPI: 0.509 VPI: 0.00, Mem. bwidth: 0.12GB/s GFLOPS: 0.00 I/O: 0.01MB/s No MPI  
	TPI 0.03 Cache miss rates: L1 0.91GB/s L2 0.00GB/s L3 0.00GB/s
	Total MPI calls 2
	IO DATA: rchar 4607 wchar 8843 syscr 51 syscw 27 read_bytes 0 write_bytes 294912
	Process OS info: (pid 556453 state R utime 1091 stime 1 cutime 0 cstime 0 CPU usage 98)
	CPU temperature (celsius): socket 0: 59 socket 1: 70[0m
EAR[556453](hratio_l30) at 2.60/1.47 in tcn366 MR[0] elapsed 3448 sec.: [32mLoop time: 1.108s DC Power: [35m467.6W[32m DRAM power: 0.00W PCK power: 382.39W
	avg. CPUFreq: 2.57GHz avg. IMCFreq: 1.47GHz
	CPI: 0.509 VPI: 0.00, Mem. bwidth: 0.13GB/s GFLOPS: 0.00 I/O: 0.01MB/s No MPI  
	TPI 0.03 Cache miss rates: L1 1.00GB/s L2 0.00GB/s L3 0.00GB/s
	Total MPI calls 2
	IO DATA: rchar 4607 wchar 8843 syscr 51 syscw 27 read_bytes 0 write_bytes 290816
	Process OS info: (pid 556453 state R utime 1092 stime 1 cutime 0 cstime 0 CPU usage 98)
	CPU temperature (celsius): socket 0: 59 socket 1: 70[0m
EAR[556453](hratio_l30) at 2.60/1.47 in tcn366 MR[0] elapsed 3460 sec.: [32mLoop time: 1.108s DC Power: [35m420.9W[32m DRAM power: 0.00W PCK power: 382.53W
	avg. CPUFreq: 2.57GHz avg. IMCFreq: 1.47GHz
	CPI: 0.508 VPI: 0.00, Mem. bwidth: 0.14GB/s GFLOPS: 0.00 I/O: 0.01MB/s No MPI  
	TPI 0.03 Cache miss rates: L1 1.19GB/s L2 0.00GB/s L3 0.00GB/s
	Total MPI calls 2
	IO DATA: rchar 4607 wchar 8843 syscr 51 syscw 27 read_bytes 0 write_bytes 303104
	Process OS info: (pid 556453 state R utime 1091 stime 0 cutime 0 cstime 0 CPU usage 98)
	CPU temperature (celsius): socket 0: 59 socket 1: 70[0m
EAR[556453](hratio_l30) at 2.60/1.47 in tcn366 MR[0] elapsed 3471 sec.: [32mLoop time: 1.108s DC Power: [35m420.9W[32m DRAM power: 0.00W PCK power: 382.62W
	avg. CPUFreq: 2.57GHz avg. IMCFreq: 1.47GHz
	CPI: 0.508 VPI: 0.00, Mem. bwidth: 0.11GB/s GFLOPS: 0.00 I/O: 0.01MB/s No MPI  
	TPI 0.02 Cache miss rates: L1 1.16GB/s L2 0.00GB/s L3 0.00GB/s
	Total MPI calls 2
	IO DATA: rchar 4607 wchar 8843 syscr 51 syscw 27 read_bytes 0 write_bytes 352256
	Process OS info: (pid 556453 state R utime 1092 stime 1 cutime 0 cstime 0 CPU usage 98)
	CPU temperature (celsius): socket 0: 59 socket 1: 70[0m
EAR[556453](hratio_l30) at 2.60/1.47 in tcn366 MR[0] elapsed 3482 sec.: [32mLoop time: 1.109s DC Power: [35m467.2W[32m DRAM power: 0.00W PCK power: 382.43W
	avg. CPUFreq: 2.57GHz avg. IMCFreq: 1.47GHz
	CPI: 0.509 VPI: 0.00, Mem. bwidth: 0.12GB/s GFLOPS: 0.00 I/O: 0.01MB/s No MPI  
	TPI 0.03 Cache miss rates: L1 1.18GB/s L2 0.00GB/s L3 0.00GB/s
	Total MPI calls 2
	IO DATA: rchar 4607 wchar 8843 syscr 51 syscw 27 read_bytes 0 write_bytes 299008
	Process OS info: (pid 556453 state R utime 1092 stime 1 cutime 0 cstime 0 CPU usage 98)
	CPU temperature (celsius): socket 0: 59 socket 1: 70[0m
EAR[556453](hratio_l30) at 2.60/1.47 in tcn366 MR[0] elapsed 3493 sec.: [32mLoop time: 1.109s DC Power: [35m467.0W[32m DRAM power: 0.00W PCK power: 382.66W
	avg. CPUFreq: 2.57GHz avg. IMCFreq: 1.47GHz
	CPI: 0.508 VPI: 0.00, Mem. bwidth: 0.17GB/s GFLOPS: 0.00 I/O: 0.01MB/s No MPI  
	TPI 0.03 Cache miss rates: L1 1.15GB/s L2 0.00GB/s L3 0.00GB/s
	Total MPI calls 2
	IO DATA: rchar 4607 wchar 8843 syscr 51 syscw 27 read_bytes 0 write_bytes 294912
	Process OS info: (pid 556453 state R utime 1093 stime 0 cutime 0 cstime 0 CPU usage 98)
	CPU temperature (celsius): socket 0: 59 socket 1: 70[0m
EAR[556453](hratio_l30) at 2.60/1.47 in tcn366 MR[0] elapsed 3504 sec.: [32mLoop time: 1.108s DC Power: [35m467.7W[32m DRAM power: 0.00W PCK power: 383.05W
	avg. CPUFreq: 2.57GHz avg. IMCFreq: 1.47GHz
	CPI: 0.507 VPI: 0.00, Mem. bwidth: 0.12GB/s GFLOPS: 0.00 I/O: 0.01MB/s No MPI  
	TPI 0.02 Cache miss rates: L1 1.18GB/s L2 0.00GB/s L3 0.00GB/s
	Total MPI calls 2
	IO DATA: rchar 4607 wchar 8843 syscr 51 syscw 27 read_bytes 0 write_bytes 299008
	Process OS info: (pid 556453 state R utime 1091 stime 1 cutime 0 cstime 0 CPU usage 98)
	CPU temperature (celsius): socket 0: 59 socket 1: 70[0m
EAR[556453](hratio_l30) at 2.60/1.47 in tcn366 MR[0] elapsed 3515 sec.: [32mLoop time: 1.107s DC Power: [35m467.7W[32m DRAM power: 0.00W PCK power: 383.06W
	avg. CPUFreq: 2.57GHz avg. IMCFreq: 1.47GHz
	CPI: 0.507 VPI: 0.00, Mem. bwidth: 0.14GB/s GFLOPS: 0.00 I/O: 0.01MB/s No MPI  
	TPI 0.03 Cache miss rates: L1 1.21GB/s L2 0.00GB/s L3 0.00GB/s
	Total MPI calls 2
	IO DATA: rchar 4607 wchar 8843 syscr 51 syscw 27 read_bytes 0 write_bytes 344064
	Process OS info: (pid 556453 state R utime 1091 stime 0 cutime 0 cstime 0 CPU usage 98)
	CPU temperature (celsius): socket 0: 59 socket 1: 70[0m
EAR[556453](hratio_l30) at 2.60/1.47 in tcn366 MR[0] elapsed 3526 sec.: [32mLoop time: 1.108s DC Power: [35m467.7W[32m DRAM power: 0.00W PCK power: 383.33W
	avg. CPUFreq: 2.57GHz avg. IMCFreq: 1.47GHz
	CPI: 0.506 VPI: 0.00, Mem. bwidth: 0.13GB/s GFLOPS: 0.00 I/O: 0.01MB/s No MPI  
	TPI 0.03 Cache miss rates: L1 1.12GB/s L2 0.00GB/s L3 0.00GB/s
	Total MPI calls 2
	IO DATA: rchar 4607 wchar 8843 syscr 51 syscw 27 read_bytes 0 write_bytes 294912
	Process OS info: (pid 556453 state R utime 1092 stime 1 cutime 0 cstime 0 CPU usage 98)
	CPU temperature (celsius): socket 0: 59 socket 1: 70[0m
EAR[556453](hratio_l30) at 2.60/1.47 in tcn366 MR[0] elapsed 3537 sec.: [32mLoop time: 1.107s DC Power: [35m421.2W[32m DRAM power: 0.00W PCK power: 383.38W
	avg. CPUFreq: 2.57GHz avg. IMCFreq: 1.47GHz
	CPI: 0.506 VPI: 0.00, Mem. bwidth: 0.12GB/s GFLOPS: 0.00 I/O: 0.01MB/s No MPI  
	TPI 0.02 Cache miss rates: L1 1.12GB/s L2 0.00GB/s L3 0.00GB/s
	Total MPI calls 2
	IO DATA: rchar 4607 wchar 8843 syscr 51 syscw 27 read_bytes 0 write_bytes 294912
	Process OS info: (pid 556453 state R utime 1091 stime 1 cutime 0 cstime 0 CPU usage 98)
	CPU temperature (celsius): socket 0: 59 socket 1: 70[0m
EAR[556453](hratio_l30) at 2.60/1.47 in tcn366 MR[0] elapsed 3548 sec.: [32mLoop time: 1.108s DC Power: [35m468.5W[32m DRAM power: 0.00W PCK power: 383.43W
	avg. CPUFreq: 2.57GHz avg. IMCFreq: 1.47GHz
	CPI: 0.505 VPI: 0.00, Mem. bwidth: 0.14GB/s GFLOPS: 0.00 I/O: 0.01MB/s No MPI  
	TPI 0.03 Cache miss rates: L1 1.13GB/s L2 0.00GB/s L3 0.00GB/s
	Total MPI calls 2
	IO DATA: rchar 4607 wchar 8843 syscr 51 syscw 27 read_bytes 0 write_bytes 299008
	Process OS info: (pid 556453 state R utime 1092 stime 0 cutime 0 cstime 0 CPU usage 98)
	CPU temperature (celsius): socket 0: 59 socket 1: 70[0m
EAR[556453](hratio_l30) at 2.60/1.47 in tcn366 MR[0] elapsed 3559 sec.: [32mLoop time: 1.107s DC Power: [35m468.7W[32m DRAM power: 0.00W PCK power: 383.37W
	avg. CPUFreq: 2.57GHz avg. IMCFreq: 1.47GHz
	CPI: 0.505 VPI: 0.00, Mem. bwidth: 0.12GB/s GFLOPS: 0.00 I/O: 0.01MB/s No MPI  
	TPI 0.02 Cache miss rates: L1 1.14GB/s L2 0.00GB/s L3 0.00GB/s
	Total MPI calls 2
	IO DATA: rchar 4607 wchar 8843 syscr 51 syscw 27 read_bytes 0 write_bytes 294912
	Process OS info: (pid 556453 state R utime 1090 stime 1 cutime 0 cstime 0 CPU usage 98)
	CPU temperature (celsius): socket 0: 59 socket 1: 70[0m
EAR[556453](hratio_l30) at 2.60/1.47 in tcn366 MR[0] elapsed 3570 sec.: [32mLoop time: 1.108s DC Power: [35m468.5W[32m DRAM power: 0.00W PCK power: 383.41W
	avg. CPUFreq: 2.57GHz avg. IMCFreq: 1.47GHz
	CPI: 0.505 VPI: 0.00, Mem. bwidth: 0.13GB/s GFLOPS: 0.00 I/O: 0.01MB/s No MPI  
	TPI 0.03 Cache miss rates: L1 1.18GB/s L2 0.00GB/s L3 0.00GB/s
	Total MPI calls 2
	IO DATA: rchar 4607 wchar 8843 syscr 51 syscw 27 read_bytes 0 write_bytes 294912
	Process OS info: (pid 556453 state R utime 1092 stime 1 cutime 0 cstime 0 CPU usage 98)
	CPU temperature (celsius): socket 0: 59 socket 1: 70[0m
EAR[556453](hratio_l30) at 2.60/1.47 in tcn366 MR[0] elapsed 3581 sec.: [32mLoop time: 1.108s DC Power: [35m421.6W[32m DRAM power: 0.00W PCK power: 383.37W
	avg. CPUFreq: 2.57GHz avg. IMCFreq: 1.47GHz
	CPI: 0.506 VPI: 0.00, Mem. bwidth: 0.22GB/s GFLOPS: 0.00 I/O: 0.01MB/s No MPI  
	TPI 0.05 Cache miss rates: L1 1.21GB/s L2 0.00GB/s L3 0.00GB/s
	Total MPI calls 2
	IO DATA: rchar 4608 wchar 8843 syscr 51 syscw 27 read_bytes 0 write_bytes 299008
	Process OS info: (pid 556453 state R utime 1086 stime 1 cutime 0 cstime 0 CPU usage 98)
	CPU temperature (celsius): socket 0: 59 socket 1: 70[0m
EAR[556453](hratio_l30) at 2.60/1.47 in tcn366 MR[0] elapsed 3592 sec.: [32mLoop time: 1.108s DC Power: [35m421.5W[32m DRAM power: 0.00W PCK power: 383.94W
	avg. CPUFreq: 2.57GHz avg. IMCFreq: 1.47GHz
	CPI: 0.506 VPI: 0.00, Mem. bwidth: 0.36GB/s GFLOPS: 0.00 I/O: 0.01MB/s No MPI  
	TPI 0.07 Cache miss rates: L1 1.18GB/s L2 0.00GB/s L3 0.00GB/s
	Total MPI calls 2
	IO DATA: rchar 4608 wchar 8843 syscr 51 syscw 27 read_bytes 0 write_bytes 368640
	Process OS info: (pid 556453 state R utime 1084 stime 0 cutime 0 cstime 0 CPU usage 97)
	CPU temperature (celsius): socket 0: 59 socket 1: 70[0m
EAR[556453](hratio_l30) at 2.60/1.47 in tcn366 MR[0] elapsed 3604 sec.: [32mLoop time: 1.108s DC Power: [35m468.5W[32m DRAM power: 0.00W PCK power: 383.75W
	avg. CPUFreq: 2.57GHz avg. IMCFreq: 1.47GHz
	CPI: 0.506 VPI: 0.00, Mem. bwidth: 0.27GB/s GFLOPS: 0.00 I/O: 0.01MB/s No MPI  
	TPI 0.05 Cache miss rates: L1 1.18GB/s L2 0.00GB/s L3 0.00GB/s
	Total MPI calls 2
	IO DATA: rchar 4608 wchar 8843 syscr 51 syscw 27 read_bytes 0 write_bytes 299008
	Process OS info: (pid 556453 state R utime 1080 stime 1 cutime 0 cstime 0 CPU usage 97)
	CPU temperature (celsius): socket 0: 59 socket 1: 70[0m
EAR[556453](hratio_l30) at 2.60/1.47 in tcn366 MR[0] elapsed 3615 sec.: [32mLoop time: 1.108s DC Power: [35m468.5W[32m DRAM power: 0.00W PCK power: 383.55W
	avg. CPUFreq: 2.57GHz avg. IMCFreq: 1.47GHz
	CPI: 0.506 VPI: 0.00, Mem. bwidth: 0.25GB/s GFLOPS: 0.00 I/O: 0.01MB/s No MPI  
	TPI 0.05 Cache miss rates: L1 1.17GB/s L2 0.00GB/s L3 0.00GB/s
	Total MPI calls 2
	IO DATA: rchar 4608 wchar 8843 syscr 51 syscw 27 read_bytes 0 write_bytes 409600
	Process OS info: (pid 556453 state R utime 1076 stime 1 cutime 0 cstime 0 CPU usage 97)
	CPU temperature (celsius): socket 0: 59 socket 1: 70[0m
EAR[556453](hratio_l30) at 2.60/1.47 in tcn366 MR[0] elapsed 3626 sec.: [32mLoop time: 1.112s DC Power: [35m466.7W[32m DRAM power: 0.00W PCK power: 384.00W
	avg. CPUFreq: 2.57GHz avg. IMCFreq: 1.47GHz
	CPI: 0.506 VPI: 0.00, Mem. bwidth: 0.42GB/s GFLOPS: 0.00 I/O: 0.01MB/s No MPI  
	TPI 0.09 Cache miss rates: L1 1.24GB/s L2 0.00GB/s L3 0.00GB/s
	Total MPI calls 2
	IO DATA: rchar 4608 wchar 8843 syscr 51 syscw 27 read_bytes 0 write_bytes 290816
	Process OS info: (pid 556453 state R utime 1061 stime 0 cutime 0 cstime 0 CPU usage 95)
	CPU temperature (celsius): socket 0: 59 socket 1: 70[0m
EAR[556453](hratio_l30) at 2.60/1.47 in tcn366 MR[0] elapsed 3637 sec.: [32mLoop time: 1.108s DC Power: [35m421.7W[32m DRAM power: 0.00W PCK power: 383.63W
	avg. CPUFreq: 2.57GHz avg. IMCFreq: 1.47GHz
	CPI: 0.505 VPI: 0.00, Mem. bwidth: 0.13GB/s GFLOPS: 0.00 I/O: 0.01MB/s No MPI  
	TPI 0.03 Cache miss rates: L1 1.21GB/s L2 0.00GB/s L3 0.00GB/s
	Total MPI calls 2
	IO DATA: rchar 4608 wchar 8843 syscr 51 syscw 27 read_bytes 0 write_bytes 294912
	Process OS info: (pid 556453 state R utime 1092 stime 1 cutime 0 cstime 0 CPU usage 98)
	CPU temperature (celsius): socket 0: 59 socket 1: 70[0m
EAR[556453](hratio_l30) at 2.60/1.47 in tcn366 MR[0] elapsed 3648 sec.: [32mLoop time: 1.107s DC Power: [35m468.8W[32m DRAM power: 0.00W PCK power: 383.61W
	avg. CPUFreq: 2.57GHz avg. IMCFreq: 1.47GHz
	CPI: 0.505 VPI: 0.00, Mem. bwidth: 0.12GB/s GFLOPS: 0.00 I/O: 0.01MB/s No MPI  
	TPI 0.02 Cache miss rates: L1 1.17GB/s L2 0.00GB/s L3 0.00GB/s
	Total MPI calls 2
	IO DATA: rchar 4608 wchar 8843 syscr 51 syscw 27 read_bytes 0 write_bytes 294912
	Process OS info: (pid 556453 state R utime 1091 stime 0 cutime 0 cstime 0 CPU usage 98)
	CPU temperature (celsius): socket 0: 59 socket 1: 70[0m
EAR[556453](hratio_l30) at 2.60/1.47 in tcn366 MR[0] elapsed 3659 sec.: [32mLoop time: 1.108s DC Power: [35m421.7W[32m DRAM power: 0.00W PCK power: 383.64W
	avg. CPUFreq: 2.57GHz avg. IMCFreq: 1.47GHz
	CPI: 0.505 VPI: 0.00, Mem. bwidth: 0.13GB/s GFLOPS: 0.00 I/O: 0.01MB/s No MPI  
	TPI 0.03 Cache miss rates: L1 1.17GB/s L2 0.00GB/s L3 0.00GB/s
	Total MPI calls 2
	IO DATA: rchar 4608 wchar 8843 syscr 51 syscw 27 read_bytes 0 write_bytes 303104
	Process OS info: (pid 556453 state R utime 1091 stime 1 cutime 0 cstime 0 CPU usage 98)
	CPU temperature (celsius): socket 0: 59 socket 1: 70[0m
EAR[556453](hratio_l30) at 2.60/1.47 in tcn366 MR[0] elapsed 3670 sec.: [32mLoop time: 1.110s DC Power: [35m467.7W[32m DRAM power: 0.00W PCK power: 383.57W
	avg. CPUFreq: 2.57GHz avg. IMCFreq: 1.47GHz
	CPI: 0.505 VPI: 0.00, Mem. bwidth: 0.13GB/s GFLOPS: 0.00 I/O: 0.01MB/s No MPI  
	TPI 0.03 Cache miss rates: L1 1.20GB/s L2 0.00GB/s L3 0.00GB/s
	Total MPI calls 2
	IO DATA: rchar 4608 wchar 8843 syscr 51 syscw 27 read_bytes 0 write_bytes 393216
	Process OS info: (pid 556453 state R utime 1093 stime 1 cutime 0 cstime 0 CPU usage 98)
	CPU temperature (celsius): socket 0: 59 socket 1: 70[0m
EAR[556453](hratio_l30) at 2.60/1.47 in tcn366 MR[0] elapsed 3681 sec.: [32mLoop time: 1.108s DC Power: [35m421.5W[32m DRAM power: 0.00W PCK power: 383.46W
	avg. CPUFreq: 2.57GHz avg. IMCFreq: 1.47GHz
	CPI: 0.505 VPI: 0.00, Mem. bwidth: 0.12GB/s GFLOPS: 0.00 I/O: 0.01MB/s No MPI  
	TPI 0.02 Cache miss rates: L1 1.14GB/s L2 0.00GB/s L3 0.00GB/s
	Total MPI calls 2
	IO DATA: rchar 4608 wchar 8843 syscr 51 syscw 27 read_bytes 0 write_bytes 294912
	Process OS info: (pid 556453 state R utime 1091 stime 0 cutime 0 cstime 0 CPU usage 98)
	CPU temperature (celsius): socket 0: 59 socket 1: 70[0m
EAR[556453](hratio_l30) at 2.60/1.47 in tcn366 MR[0] elapsed 3692 sec.: [32mLoop time: 1.108s DC Power: [35m468.6W[32m DRAM power: 0.00W PCK power: 383.42W
	avg. CPUFreq: 2.57GHz avg. IMCFreq: 1.47GHz
	CPI: 0.505 VPI: 0.00, Mem. bwidth: 0.12GB/s GFLOPS: 0.00 I/O: 0.01MB/s No MPI  
	TPI 0.02 Cache miss rates: L1 1.17GB/s L2 0.00GB/s L3 0.00GB/s
	Total MPI calls 2
	IO DATA: rchar 4608 wchar 8843 syscr 51 syscw 27 read_bytes 0 write_bytes 294912
	Process OS info: (pid 556453 state R utime 1092 stime 1 cutime 0 cstime 0 CPU usage 98)
	CPU temperature (celsius): socket 0: 59 socket 1: 70[0m
EAR[556453](hratio_l30) at 2.60/1.47 in tcn366 MR[0] elapsed 3703 sec.: [32mLoop time: 1.108s DC Power: [35m468.5W[32m DRAM power: 0.00W PCK power: 383.47W
	avg. CPUFreq: 2.57GHz avg. IMCFreq: 1.47GHz
	CPI: 0.506 VPI: 0.00, Mem. bwidth: 0.16GB/s GFLOPS: 0.00 I/O: 0.01MB/s No MPI  
	TPI 0.03 Cache miss rates: L1 1.18GB/s L2 0.00GB/s L3 0.00GB/s
	Total MPI calls 2
	IO DATA: rchar 4608 wchar 8843 syscr 51 syscw 27 read_bytes 0 write_bytes 294912
	Process OS info: (pid 556453 state R utime 1091 stime 1 cutime 0 cstime 0 CPU usage 98)
	CPU temperature (celsius): socket 0: 59 socket 1: 70[0m
EAR[556453](hratio_l30) at 2.60/1.47 in tcn366 MR[0] elapsed 3714 sec.: [32mLoop time: 1.108s DC Power: [35m421.6W[32m DRAM power: 0.00W PCK power: 383.53W
	avg. CPUFreq: 2.57GHz avg. IMCFreq: 1.47GHz
	CPI: 0.505 VPI: 0.00, Mem. bwidth: 0.13GB/s GFLOPS: 0.00 I/O: 0.01MB/s No MPI  
	TPI 0.03 Cache miss rates: L1 1.14GB/s L2 0.00GB/s L3 0.00GB/s
	Total MPI calls 2
	IO DATA: rchar 4608 wchar 8843 syscr 51 syscw 27 read_bytes 0 write_bytes 294912
	Process OS info: (pid 556453 state R utime 1092 stime 0 cutime 0 cstime 0 CPU usage 98)
	CPU temperature (celsius): socket 0: 59 socket 1: 70[0m
EAR[556453](hratio_l30) at 2.60/1.47 in tcn366 MR[0] elapsed 3725 sec.: [32mLoop time: 1.108s DC Power: [35m421.7W[32m DRAM power: 0.00W PCK power: 383.85W
	avg. CPUFreq: 2.57GHz avg. IMCFreq: 1.47GHz
	CPI: 0.504 VPI: 0.00, Mem. bwidth: 0.14GB/s GFLOPS: 0.00 I/O: 0.01MB/s No MPI  
	TPI 0.03 Cache miss rates: L1 1.08GB/s L2 0.00GB/s L3 0.00GB/s
	Total MPI calls 2
	IO DATA: rchar 4608 wchar 8843 syscr 51 syscw 27 read_bytes 0 write_bytes 299008
	Process OS info: (pid 556453 state R utime 1091 stime 1 cutime 0 cstime 0 CPU usage 98)
	CPU temperature (celsius): socket 0: 59 socket 1: 70[0m
EAR[556453](hratio_l30) at 2.60/1.47 in tcn366 MR[0] elapsed 3737 sec.: [32mLoop time: 1.108s DC Power: [35m468.4W[32m DRAM power: 0.00W PCK power: 383.89W
	avg. CPUFreq: 2.57GHz avg. IMCFreq: 1.47GHz
	CPI: 0.504 VPI: 0.00, Mem. bwidth: 0.14GB/s GFLOPS: 0.00 I/O: 0.01MB/s No MPI  
	TPI 0.03 Cache miss rates: L1 1.11GB/s L2 0.00GB/s L3 0.00GB/s
	Total MPI calls 2
	IO DATA: rchar 4608 wchar 8843 syscr 51 syscw 27 read_bytes 0 write_bytes 299008
	Process OS info: (pid 556453 state R utime 1091 stime 1 cutime 0 cstime 0 CPU usage 98)
	CPU temperature (celsius): socket 0: 59 socket 1: 70[0m
EAR[556453](hratio_l30) at 2.60/1.47 in tcn366 MR[0] elapsed 3748 sec.: [32mLoop time: 1.107s DC Power: [35m468.6W[32m DRAM power: 0.00W PCK power: 383.95W
	avg. CPUFreq: 2.57GHz avg. IMCFreq: 1.47GHz
	CPI: 0.503 VPI: 0.00, Mem. bwidth: 0.13GB/s GFLOPS: 0.00 I/O: 0.01MB/s No MPI  
	TPI 0.03 Cache miss rates: L1 1.10GB/s L2 0.00GB/s L3 0.00GB/s
	Total MPI calls 2
	IO DATA: rchar 4609 wchar 8843 syscr 51 syscw 27 read_bytes 0 write_bytes 372736
	Process OS info: (pid 556453 state R utime 1092 stime 0 cutime 0 cstime 0 CPU usage 98)
	CPU temperature (celsius): socket 0: 59 socket 1: 70[0m
EAR[556453](hratio_l30) at 2.60/1.47 in tcn366 MR[0] elapsed 3759 sec.: [32mLoop time: 1.108s DC Power: [35m468.6W[32m DRAM power: 0.00W PCK power: 383.83W
	avg. CPUFreq: 2.57GHz avg. IMCFreq: 1.47GHz
	CPI: 0.504 VPI: 0.00, Mem. bwidth: 0.13GB/s GFLOPS: 0.00 I/O: 0.01MB/s No MPI  
	TPI 0.03 Cache miss rates: L1 1.07GB/s L2 0.00GB/s L3 0.00GB/s
	Total MPI calls 2
	IO DATA: rchar 4609 wchar 8843 syscr 51 syscw 27 read_bytes 0 write_bytes 303104
	Process OS info: (pid 556453 state R utime 1092 stime 1 cutime 0 cstime 0 CPU usage 98)
	CPU temperature (celsius): socket 0: 59 socket 1: 70[0m
EAR[556453](hratio_l30) at 2.60/1.47 in tcn366 MR[0] elapsed 3770 sec.: [32mLoop time: 1.108s DC Power: [35m468.5W[32m DRAM power: 0.00W PCK power: 383.94W
	avg. CPUFreq: 2.57GHz avg. IMCFreq: 1.47GHz
	CPI: 0.504 VPI: 0.00, Mem. bwidth: 0.11GB/s GFLOPS: 0.00 I/O: 0.01MB/s No MPI  
	TPI 0.02 Cache miss rates: L1 1.11GB/s L2 0.00GB/s L3 0.00GB/s
	Total MPI calls 2
	IO DATA: rchar 4609 wchar 8843 syscr 51 syscw 27 read_bytes 0 write_bytes 294912
	Process OS info: (pid 556453 state R utime 1091 stime 1 cutime 0 cstime 0 CPU usage 98)
	CPU temperature (celsius): socket 0: 59 socket 1: 70[0m
EAR[556453](hratio_l30) at 2.60/1.47 in tcn366 MR[0] elapsed 3781 sec.: [32mLoop time: 1.108s DC Power: [35m421.7W[32m DRAM power: 0.00W PCK power: 383.81W
	avg. CPUFreq: 2.57GHz avg. IMCFreq: 1.47GHz
	CPI: 0.504 VPI: 0.00, Mem. bwidth: 0.13GB/s GFLOPS: 0.00 I/O: 0.01MB/s No MPI  
	TPI 0.03 Cache miss rates: L1 1.06GB/s L2 0.00GB/s L3 0.00GB/s
	Total MPI calls 2
	IO DATA: rchar 4609 wchar 8843 syscr 51 syscw 27 read_bytes 0 write_bytes 294912
	Process OS info: (pid 556453 state R utime 1092 stime 0 cutime 0 cstime 0 CPU usage 98)
	CPU temperature (celsius): socket 0: 59 socket 1: 70[0m
EAR[556453](hratio_l30) at 2.60/1.47 in tcn366 MR[0] elapsed 3792 sec.: [32mLoop time: 1.107s DC Power: [35m468.7W[32m DRAM power: 0.00W PCK power: 383.83W
	avg. CPUFreq: 2.57GHz avg. IMCFreq: 1.47GHz
	CPI: 0.504 VPI: 0.00, Mem. bwidth: 0.15GB/s GFLOPS: 0.00 I/O: 0.01MB/s No MPI  
	TPI 0.03 Cache miss rates: L1 1.13GB/s L2 0.00GB/s L3 0.00GB/s
	Total MPI calls 2
	IO DATA: rchar 4609 wchar 8843 syscr 51 syscw 27 read_bytes 0 write_bytes 294912
	Process OS info: (pid 556453 state R utime 1091 stime 1 cutime 0 cstime 0 CPU usage 98)
	CPU temperature (celsius): socket 0: 59 socket 1: 70[0m
EAR[556453](hratio_l30) at 2.60/1.47 in tcn366 MR[0] elapsed 3803 sec.: [32mLoop time: 1.108s DC Power: [35m421.6W[32m DRAM power: 0.00W PCK power: 383.89W
	avg. CPUFreq: 2.57GHz avg. IMCFreq: 1.47GHz
	CPI: 0.504 VPI: 0.00, Mem. bwidth: 0.13GB/s GFLOPS: 0.00 I/O: 0.01MB/s No MPI  
	TPI 0.03 Cache miss rates: L1 1.07GB/s L2 0.00GB/s L3 0.00GB/s
	Total MPI calls 2
	IO DATA: rchar 4609 wchar 8843 syscr 51 syscw 27 read_bytes 0 write_bytes 294912
	Process OS info: (pid 556453 state R utime 1091 stime 0 cutime 0 cstime 0 CPU usage 98)
	CPU temperature (celsius): socket 0: 59 socket 1: 70[0m
EAR[556453](hratio_l30) at 2.60/1.47 in tcn366 MR[0] elapsed 3814 sec.: [32mLoop time: 1.107s DC Power: [35m468.6W[32m DRAM power: 0.00W PCK power: 383.95W
	avg. CPUFreq: 2.57GHz avg. IMCFreq: 1.47GHz
	CPI: 0.504 VPI: 0.00, Mem. bwidth: 0.13GB/s GFLOPS: 0.00 I/O: 0.01MB/s No MPI  
	TPI 0.03 Cache miss rates: L1 1.12GB/s L2 0.00GB/s L3 0.00GB/s
	Total MPI calls 2
	IO DATA: rchar 4609 wchar 8843 syscr 51 syscw 27 read_bytes 0 write_bytes 282624
	Process OS info: (pid 556453 state R utime 1092 stime 1 cutime 0 cstime 0 CPU usage 98)
	CPU temperature (celsius): socket 0: 59 socket 1: 70[0m
EAR[556453](hratio_l30) at 2.60/1.47 in tcn366 MR[0] elapsed 3825 sec.: [32mLoop time: 1.108s DC Power: [35m468.5W[32m DRAM power: 0.00W PCK power: 383.79W
	avg. CPUFreq: 2.57GHz avg. IMCFreq: 1.47GHz
	CPI: 0.504 VPI: 0.00, Mem. bwidth: 0.14GB/s GFLOPS: 0.00 I/O: 0.01MB/s No MPI  
	TPI 0.03 Cache miss rates: L1 1.09GB/s L2 0.00GB/s L3 0.00GB/s
	Total MPI calls 2
	IO DATA: rchar 4609 wchar 8843 syscr 51 syscw 27 read_bytes 0 write_bytes 323584
	Process OS info: (pid 556453 state R utime 1091 stime 0 cutime 0 cstime 0 CPU usage 98)
	CPU temperature (celsius): socket 0: 59 socket 1: 70[0m
EAR[556453](hratio_l30) at 2.60/1.47 in tcn366 MR[0] elapsed 3836 sec.: [32mLoop time: 1.107s DC Power: [35m421.9W[32m DRAM power: 0.00W PCK power: 384.04W
	avg. CPUFreq: 2.57GHz avg. IMCFreq: 1.47GHz
	CPI: 0.503 VPI: 0.00, Mem. bwidth: 0.14GB/s GFLOPS: 0.00 I/O: 0.01MB/s No MPI  
	TPI 0.03 Cache miss rates: L1 1.05GB/s L2 0.00GB/s L3 0.00GB/s
	Total MPI calls 2
	IO DATA: rchar 4609 wchar 8843 syscr 51 syscw 27 read_bytes 0 write_bytes 299008
	Process OS info: (pid 556453 state R utime 1091 stime 1 cutime 0 cstime 0 CPU usage 98)
	CPU temperature (celsius): socket 0: 59 socket 1: 70[0m
EAR[556453](hratio_l30) at 2.60/1.47 in tcn366 MR[0] elapsed 3847 sec.: [32mLoop time: 1.108s DC Power: [35m468.5W[32m DRAM power: 0.00W PCK power: 384.40W
	avg. CPUFreq: 2.57GHz avg. IMCFreq: 1.47GHz
	CPI: 0.502 VPI: 0.00, Mem. bwidth: 0.13GB/s GFLOPS: 0.00 I/O: 0.01MB/s No MPI  
	TPI 0.03 Cache miss rates: L1 1.07GB/s L2 0.00GB/s L3 0.00GB/s
	Total MPI calls 2
	IO DATA: rchar 4609 wchar 8843 syscr 51 syscw 27 read_bytes 0 write_bytes 364544
	Process OS info: (pid 556453 state R utime 1091 stime 1 cutime 0 cstime 0 CPU usage 98)
	CPU temperature (celsius): socket 0: 59 socket 1: 70[0m
EAR[556453](hratio_l30) at 2.60/1.47 in tcn366 MR[0] elapsed 3858 sec.: [32mLoop time: 1.107s DC Power: [35m468.6W[32m DRAM power: 0.00W PCK power: 384.25W
	avg. CPUFreq: 2.57GHz avg. IMCFreq: 1.47GHz
	CPI: 0.502 VPI: 0.00, Mem. bwidth: 0.11GB/s GFLOPS: 0.00 I/O: 0.01MB/s No MPI  
	TPI 0.02 Cache miss rates: L1 1.08GB/s L2 0.00GB/s L3 0.00GB/s
	Total MPI calls 2
	IO DATA: rchar 4609 wchar 8843 syscr 51 syscw 27 read_bytes 0 write_bytes 294912
	Process OS info: (pid 556453 state R utime 1092 stime 1 cutime 0 cstime 0 CPU usage 98)
	CPU temperature (celsius): socket 0: 59 socket 1: 70[0m
EAR[556453](hratio_l30) at 2.60/1.47 in tcn366 MR[0] elapsed 3869 sec.: [32mLoop time: 1.108s DC Power: [35m469.1W[32m DRAM power: 0.00W PCK power: 384.30W
	avg. CPUFreq: 2.57GHz avg. IMCFreq: 1.47GHz
	CPI: 0.502 VPI: 0.00, Mem. bwidth: 0.13GB/s GFLOPS: 0.00 I/O: 0.01MB/s No MPI  
	TPI 0.03 Cache miss rates: L1 1.10GB/s L2 0.00GB/s L3 0.00GB/s
	Total MPI calls 2
	IO DATA: rchar 4609 wchar 8843 syscr 51 syscw 27 read_bytes 0 write_bytes 299008
	Process OS info: (pid 556453 state R utime 1091 stime 0 cutime 0 cstime 0 CPU usage 98)
	CPU temperature (celsius): socket 0: 59 socket 1: 70[0m
EAR[556453](hratio_l30) at 2.60/1.47 in tcn366 MR[0] elapsed 3881 sec.: [32mLoop time: 1.108s DC Power: [35m469.4W[32m DRAM power: 0.00W PCK power: 384.35W
	avg. CPUFreq: 2.57GHz avg. IMCFreq: 1.47GHz
	CPI: 0.502 VPI: 0.00, Mem. bwidth: 0.15GB/s GFLOPS: 0.00 I/O: 0.01MB/s No MPI  
	TPI 0.03 Cache miss rates: L1 1.08GB/s L2 0.00GB/s L3 0.00GB/s
	Total MPI calls 2
	IO DATA: rchar 4609 wchar 8843 syscr 51 syscw 27 read_bytes 0 write_bytes 294912
	Process OS info: (pid 556453 state R utime 1092 stime 1 cutime 0 cstime 0 CPU usage 98)
	CPU temperature (celsius): socket 0: 59 socket 1: 70[0m
EAR[556453](hratio_l30) at 2.60/1.47 in tcn366 MR[0] elapsed 3892 sec.: [32mLoop time: 1.108s DC Power: [35m375.5W[32m DRAM power: 0.00W PCK power: 384.34W
	avg. CPUFreq: 2.57GHz avg. IMCFreq: 1.47GHz
	CPI: 0.502 VPI: 0.00, Mem. bwidth: 0.12GB/s GFLOPS: 0.00 I/O: 0.01MB/s No MPI  
	TPI 0.03 Cache miss rates: L1 1.04GB/s L2 0.00GB/s L3 0.00GB/s
	Total MPI calls 2
	IO DATA: rchar 4609 wchar 8843 syscr 51 syscw 27 read_bytes 0 write_bytes 303104
	Process OS info: (pid 556453 state R utime 1091 stime 1 cutime 0 cstime 0 CPU usage 98)
	CPU temperature (celsius): socket 0: 59 socket 1: 70[0m
EAR[556453](hratio_l30) at 2.60/1.47 in tcn366 MR[0] elapsed 3903 sec.: [32mLoop time: 1.108s DC Power: [35m469.2W[32m DRAM power: 0.00W PCK power: 384.36W
	avg. CPUFreq: 2.57GHz avg. IMCFreq: 1.47GHz
	CPI: 0.502 VPI: 0.00, Mem. bwidth: 0.11GB/s GFLOPS: 0.00 I/O: 0.01MB/s No MPI  
	TPI 0.02 Cache miss rates: L1 1.09GB/s L2 0.00GB/s L3 0.00GB/s
	Total MPI calls 2
	IO DATA: rchar 4609 wchar 8843 syscr 51 syscw 27 read_bytes 0 write_bytes 348160
	Process OS info: (pid 556453 state R utime 1092 stime 0 cutime 0 cstime 0 CPU usage 98)
	CPU temperature (celsius): socket 0: 59 socket 1: 70[0m
EAR[556453](hratio_l30) at 2.60/1.47 in tcn366 MR[0] elapsed 3914 sec.: [32mLoop time: 1.108s DC Power: [35m469.4W[32m DRAM power: 0.00W PCK power: 384.39W
	avg. CPUFreq: 2.57GHz avg. IMCFreq: 1.47GHz
	CPI: 0.502 VPI: 0.00, Mem. bwidth: 0.13GB/s GFLOPS: 0.00 I/O: 0.01MB/s No MPI  
	TPI 0.03 Cache miss rates: L1 1.09GB/s L2 0.00GB/s L3 0.00GB/s
	Total MPI calls 2
	IO DATA: rchar 4609 wchar 8843 syscr 51 syscw 27 read_bytes 0 write_bytes 294912
	Process OS info: (pid 556453 state R utime 1092 stime 1 cutime 0 cstime 0 CPU usage 98)
	CPU temperature (celsius): socket 0: 59 socket 1: 70[0m
EAR[556453](hratio_l30) at 2.60/1.47 in tcn366 MR[0] elapsed 3925 sec.: [32mLoop time: 1.107s DC Power: [35m469.7W[32m DRAM power: 0.00W PCK power: 384.54W
	avg. CPUFreq: 2.57GHz avg. IMCFreq: 1.47GHz
	CPI: 0.501 VPI: 0.00, Mem. bwidth: 0.12GB/s GFLOPS: 0.00 I/O: 0.01MB/s No MPI  
	TPI 0.02 Cache miss rates: L1 1.07GB/s L2 0.00GB/s L3 0.00GB/s
	Total MPI calls 2
	IO DATA: rchar 4609 wchar 8843 syscr 51 syscw 27 read_bytes 0 write_bytes 294912
	Process OS info: (pid 556453 state R utime 1091 stime 0 cutime 0 cstime 0 CPU usage 98)
	CPU temperature (celsius): socket 0: 59 socket 1: 70[0m
EAR[556453](hratio_l30) at 2.60/1.47 in tcn366 MR[0] elapsed 3936 sec.: [32mLoop time: 1.107s DC Power: [35m469.5W[32m DRAM power: 0.00W PCK power: 385.04W
	avg. CPUFreq: 2.57GHz avg. IMCFreq: 1.47GHz
	CPI: 0.499 VPI: 0.00, Mem. bwidth: 0.12GB/s GFLOPS: 0.00 I/O: 0.01MB/s No MPI  
	TPI 0.02 Cache miss rates: L1 1.05GB/s L2 0.00GB/s L3 0.00GB/s
	Total MPI calls 2
	IO DATA: rchar 4609 wchar 8843 syscr 51 syscw 27 read_bytes 0 write_bytes 294912
	Process OS info: (pid 556453 state R utime 1091 stime 1 cutime 0 cstime 0 CPU usage 98)
	CPU temperature (celsius): socket 0: 59 socket 1: 70[0m
EAR[556453](hratio_l30) at 2.60/1.47 in tcn366 MR[0] elapsed 3947 sec.: [32mLoop time: 1.108s DC Power: [35m469.4W[32m DRAM power: 0.00W PCK power: 385.04W
	avg. CPUFreq: 2.57GHz avg. IMCFreq: 1.47GHz
	CPI: 0.499 VPI: 0.00, Mem. bwidth: 0.13GB/s GFLOPS: 0.00 I/O: 0.01MB/s No MPI  
	TPI 0.03 Cache miss rates: L1 1.05GB/s L2 0.00GB/s L3 0.00GB/s
	Total MPI calls 2
	IO DATA: rchar 4609 wchar 8843 syscr 51 syscw 27 read_bytes 0 write_bytes 294912
	Process OS info: (pid 556453 state R utime 1092 stime 1 cutime 0 cstime 0 CPU usage 98)
	CPU temperature (celsius): socket 0: 59 socket 1: 70[0m
EAR[556453](hratio_l30) at 2.60/1.47 in tcn366 MR[0] elapsed 3958 sec.: [32mLoop time: 1.108s DC Power: [35m469.5W[32m DRAM power: 0.00W PCK power: 384.99W
	avg. CPUFreq: 2.57GHz avg. IMCFreq: 1.47GHz
	CPI: 0.499 VPI: 0.00, Mem. bwidth: 0.12GB/s GFLOPS: 0.00 I/O: 0.01MB/s No MPI  
	TPI 0.03 Cache miss rates: L1 1.05GB/s L2 0.00GB/s L3 0.00GB/s
	Total MPI calls 2
	IO DATA: rchar 4609 wchar 8843 syscr 51 syscw 27 read_bytes 0 write_bytes 299008
	Process OS info: (pid 556453 state R utime 1092 stime 0 cutime 0 cstime 0 CPU usage 98)
	CPU temperature (celsius): socket 0: 59 socket 1: 70[0m
EAR[556453](hratio_l30) at 2.60/1.47 in tcn366 MR[0] elapsed 3969 sec.: [32mLoop time: 1.108s DC Power: [35m469.5W[32m DRAM power: 0.00W PCK power: 385.07W
	avg. CPUFreq: 2.57GHz avg. IMCFreq: 1.47GHz
	CPI: 0.499 VPI: 0.00, Mem. bwidth: 0.17GB/s GFLOPS: 0.00 I/O: 0.01MB/s No MPI  
	TPI 0.03 Cache miss rates: L1 1.04GB/s L2 0.00GB/s L3 0.00GB/s
	Total MPI calls 2
	IO DATA: rchar 4609 wchar 8843 syscr 51 syscw 27 read_bytes 0 write_bytes 294912
	Process OS info: (pid 556453 state R utime 1091 stime 1 cutime 0 cstime 0 CPU usage 98)
	CPU temperature (celsius): socket 0: 59 socket 1: 70[0m
EAR[556453](hratio_l30) at 2.60/1.47 in tcn366 MR[0] elapsed 3980 sec.: [32mLoop time: 1.108s DC Power: [35m422.5W[32m DRAM power: 0.00W PCK power: 385.09W
	avg. CPUFreq: 2.57GHz avg. IMCFreq: 1.47GHz
	CPI: 0.499 VPI: 0.00, Mem. bwidth: 0.11GB/s GFLOPS: 0.00 I/O: 0.01MB/s No MPI  
	TPI 0.02 Cache miss rates: L1 1.07GB/s L2 0.00GB/s L3 0.00GB/s
	Total MPI calls 2
	IO DATA: rchar 4609 wchar 8843 syscr 51 syscw 27 read_bytes 0 write_bytes 364544
	Process OS info: (pid 556453 state R utime 1092 stime 1 cutime 0 cstime 0 CPU usage 98)
	CPU temperature (celsius): socket 0: 60 socket 1: 70[0m
EAR[556453](hratio_l30) at 2.60/1.47 in tcn366 MR[0] elapsed 3991 sec.: [32mLoop time: 1.108s DC Power: [35m469.4W[32m DRAM power: 0.00W PCK power: 385.09W
	avg. CPUFreq: 2.57GHz avg. IMCFreq: 1.47GHz
	CPI: 0.499 VPI: 0.00, Mem. bwidth: 0.13GB/s GFLOPS: 0.00 I/O: 0.01MB/s No MPI  
	TPI 0.03 Cache miss rates: L1 1.05GB/s L2 0.00GB/s L3 0.00GB/s
	Total MPI calls 2
	IO DATA: rchar 4609 wchar 8843 syscr 51 syscw 27 read_bytes 0 write_bytes 294912
	Process OS info: (pid 556453 state R utime 1091 stime 0 cutime 0 cstime 0 CPU usage 98)
	CPU temperature (celsius): socket 0: 59 socket 1: 70[0m
EAR[556453](hratio_l30) at 2.60/1.47 in tcn366 MR[0] elapsed 4002 sec.: [32mLoop time: 1.107s DC Power: [35m469.6W[32m DRAM power: 0.00W PCK power: 384.95W
	avg. CPUFreq: 2.57GHz avg. IMCFreq: 1.47GHz
	CPI: 0.500 VPI: 0.00, Mem. bwidth: 0.15GB/s GFLOPS: 0.00 I/O: 0.01MB/s No MPI  
	TPI 0.03 Cache miss rates: L1 1.01GB/s L2 0.00GB/s L3 0.00GB/s
	Total MPI calls 2
	IO DATA: rchar 4609 wchar 8843 syscr 51 syscw 27 read_bytes 0 write_bytes 294912
	Process OS info: (pid 556453 state R utime 1090 stime 1 cutime 0 cstime 0 CPU usage 98)
	CPU temperature (celsius): socket 0: 59 socket 1: 71[0m
EAR[556453](hratio_l30) at 2.60/1.47 in tcn366 MR[0] elapsed 4013 sec.: [32mLoop time: 1.108s DC Power: [35m422.4W[32m DRAM power: 0.00W PCK power: 385.12W
	avg. CPUFreq: 2.57GHz avg. IMCFreq: 1.47GHz
	CPI: 0.499 VPI: 0.00, Mem. bwidth: 0.12GB/s GFLOPS: 0.00 I/O: 0.01MB/s No MPI  
	TPI 0.03 Cache miss rates: L1 1.04GB/s L2 0.00GB/s L3 0.00GB/s
	Total MPI calls 2
	IO DATA: rchar 4609 wchar 8843 syscr 51 syscw 27 read_bytes 0 write_bytes 294912
	Process OS info: (pid 556453 state R utime 1091 stime 1 cutime 0 cstime 0 CPU usage 98)
	CPU temperature (celsius): socket 0: 59 socket 1: 70[0m
EAR[556453](hratio_l30) at 2.60/1.47 in tcn366 MR[0] elapsed 4025 sec.: [32mLoop time: 1.108s DC Power: [35m422.4W[32m DRAM power: 0.00W PCK power: 385.11W
	avg. CPUFreq: 2.57GHz avg. IMCFreq: 1.47GHz
	CPI: 0.499 VPI: 0.00, Mem. bwidth: 0.12GB/s GFLOPS: 0.00 I/O: 0.01MB/s No MPI  
	TPI 0.02 Cache miss rates: L1 1.03GB/s L2 0.00GB/s L3 0.00GB/s
	Total MPI calls 2
	IO DATA: rchar 4609 wchar 8843 syscr 51 syscw 27 read_bytes 0 write_bytes 299008
	Process OS info: (pid 556453 state R utime 1091 stime 0 cutime 0 cstime 0 CPU usage 98)
	CPU temperature (celsius): socket 0: 59 socket 1: 70[0m
EAR[556453](hratio_l30) at 2.60/1.47 in tcn366 MR[0] elapsed 4036 sec.: [32mLoop time: 1.108s DC Power: [35m469.5W[32m DRAM power: 0.00W PCK power: 385.12W
	avg. CPUFreq: 2.57GHz avg. IMCFreq: 1.47GHz
	CPI: 0.499 VPI: 0.00, Mem. bwidth: 0.14GB/s GFLOPS: 0.00 I/O: 0.01MB/s No MPI  
	TPI 0.03 Cache miss rates: L1 1.03GB/s L2 0.00GB/s L3 0.00GB/s
	Total MPI calls 2
	IO DATA: rchar 4609 wchar 8843 syscr 51 syscw 27 read_bytes 0 write_bytes 299008
	Process OS info: (pid 556453 state R utime 1090 stime 1 cutime 0 cstime 0 CPU usage 98)
	CPU temperature (celsius): socket 0: 59 socket 1: 70[0m
EAR[556453](hratio_l30) at 2.60/1.47 in tcn366 MR[0] elapsed 4047 sec.: [32mLoop time: 1.108s DC Power: [35m469.4W[32m DRAM power: 0.00W PCK power: 384.99W
	avg. CPUFreq: 2.57GHz avg. IMCFreq: 1.47GHz
	CPI: 0.499 VPI: 0.00, Mem. bwidth: 0.13GB/s GFLOPS: 0.00 I/O: 0.01MB/s No MPI  
	TPI 0.03 Cache miss rates: L1 0.98GB/s L2 0.00GB/s L3 0.00GB/s
	Total MPI calls 2
	IO DATA: rchar 4609 wchar 8843 syscr 51 syscw 27 read_bytes 0 write_bytes 294912
	Process OS info: (pid 556453 state R utime 1090 stime 0 cutime 0 cstime 0 CPU usage 98)
	CPU temperature (celsius): socket 0: 59 socket 1: 70[0m
EAR[556453](hratio_l30) at 2.60/1.47 in tcn366 MR[0] elapsed 4058 sec.: [32mLoop time: 1.107s DC Power: [35m469.5W[32m DRAM power: 0.00W PCK power: 385.07W
	avg. CPUFreq: 2.57GHz avg. IMCFreq: 1.47GHz
	CPI: 0.499 VPI: 0.00, Mem. bwidth: 0.14GB/s GFLOPS: 0.00 I/O: 0.01MB/s No MPI  
	TPI 0.03 Cache miss rates: L1 0.98GB/s L2 0.00GB/s L3 0.00GB/s
	Total MPI calls 2
	IO DATA: rchar 4609 wchar 8843 syscr 51 syscw 27 read_bytes 0 write_bytes 294912
	Process OS info: (pid 556453 state R utime 1090 stime 1 cutime 0 cstime 0 CPU usage 98)
	CPU temperature (celsius): socket 0: 59 socket 1: 70[0m
EAR[556453](hratio_l30) at 2.60/1.47 in tcn366 MR[0] elapsed 4069 sec.: [32mLoop time: 1.107s DC Power: [35m422.7W[32m DRAM power: 0.00W PCK power: 385.12W
	avg. CPUFreq: 2.57GHz avg. IMCFreq: 1.47GHz
	CPI: 0.499 VPI: 0.00, Mem. bwidth: 0.11GB/s GFLOPS: 0.00 I/O: 0.01MB/s No MPI  
	TPI 0.02 Cache miss rates: L1 1.02GB/s L2 0.00GB/s L3 0.00GB/s
	Total MPI calls 2
	IO DATA: rchar 4609 wchar 8843 syscr 51 syscw 27 read_bytes 0 write_bytes 294912
	Process OS info: (pid 556453 state R utime 1091 stime 1 cutime 0 cstime 0 CPU usage 98)
	CPU temperature (celsius): socket 0: 59 socket 1: 70[0m
EAR[556453](hratio_l30) at 2.60/1.47 in tcn366 MR[0] elapsed 4080 sec.: [32mLoop time: 1.108s DC Power: [35m422.4W[32m DRAM power: 0.00W PCK power: 385.20W
	avg. CPUFreq: 2.57GHz avg. IMCFreq: 1.47GHz
	CPI: 0.499 VPI: 0.00, Mem. bwidth: 0.12GB/s GFLOPS: 0.00 I/O: 0.01MB/s No MPI  
	TPI 0.02 Cache miss rates: L1 1.04GB/s L2 0.00GB/s L3 0.00GB/s
	Total MPI calls 2
	IO DATA: rchar 4609 wchar 8843 syscr 51 syscw 27 read_bytes 0 write_bytes 294912
	Process OS info: (pid 556453 state R utime 1091 stime 0 cutime 0 cstime 0 CPU usage 98)
	CPU temperature (celsius): socket 0: 59 socket 1: 71[0m
EAR[556453](hratio_l30) at 2.60/1.47 in tcn366 MR[0] elapsed 4091 sec.: [32mLoop time: 1.107s DC Power: [35m469.6W[32m DRAM power: 0.00W PCK power: 385.09W
	avg. CPUFreq: 2.57GHz avg. IMCFreq: 1.47GHz
	CPI: 0.499 VPI: 0.00, Mem. bwidth: 0.13GB/s GFLOPS: 0.00 I/O: 0.01MB/s No MPI  
	TPI 0.03 Cache miss rates: L1 1.03GB/s L2 0.00GB/s L3 0.00GB/s
	Total MPI calls 2
	IO DATA: rchar 4609 wchar 8843 syscr 51 syscw 27 read_bytes 0 write_bytes 294912
	Process OS info: (pid 556453 state R utime 1089 stime 1 cutime 0 cstime 0 CPU usage 98)
	CPU temperature (celsius): socket 0: 59 socket 1: 70[0m
EAR[556453](hratio_l30) at 2.60/1.47 in tcn366 MR[0] elapsed 4102 sec.: [32mLoop time: 1.108s DC Power: [35m470.4W[32m DRAM power: 0.00W PCK power: 385.20W
	avg. CPUFreq: 2.57GHz avg. IMCFreq: 1.47GHz
	CPI: 0.499 VPI: 0.00, Mem. bwidth: 0.13GB/s GFLOPS: 0.00 I/O: 0.01MB/s No MPI  
	TPI 0.03 Cache miss rates: L1 1.02GB/s L2 0.00GB/s L3 0.00GB/s
	Total MPI calls 2
	IO DATA: rchar 4609 wchar 8843 syscr 51 syscw 27 read_bytes 0 write_bytes 294912
	Process OS info: (pid 556453 state R utime 1090 stime 0 cutime 0 cstime 0 CPU usage 98)
	CPU temperature (celsius): socket 0: 59 socket 1: 70[0m
EAR[556453](hratio_l30) at 2.60/1.47 in tcn366 MR[0] elapsed 4113 sec.: [32mLoop time: 1.108s DC Power: [35m423.3W[32m DRAM power: 0.00W PCK power: 385.07W
	avg. CPUFreq: 2.57GHz avg. IMCFreq: 1.47GHz
	CPI: 0.499 VPI: 0.00, Mem. bwidth: 0.12GB/s GFLOPS: 0.00 I/O: 0.01MB/s No MPI  
	TPI 0.02 Cache miss rates: L1 1.06GB/s L2 0.00GB/s L3 0.00GB/s
	Total MPI calls 2
	IO DATA: rchar 4609 wchar 8843 syscr 51 syscw 27 read_bytes 0 write_bytes 348160
	Process OS info: (pid 556453 state R utime 1090 stime 1 cutime 0 cstime 0 CPU usage 98)
	CPU temperature (celsius): socket 0: 59 socket 1: 70[0m
EAR[556453](hratio_l30) at 2.60/1.47 in tcn366 MR[0] elapsed 4124 sec.: [32mLoop time: 1.108s DC Power: [35m469.7W[32m DRAM power: 0.00W PCK power: 385.05W
	avg. CPUFreq: 2.57GHz avg. IMCFreq: 1.47GHz
	CPI: 0.499 VPI: 0.00, Mem. bwidth: 0.15GB/s GFLOPS: 0.00 I/O: 0.01MB/s No MPI  
	TPI 0.03 Cache miss rates: L1 1.03GB/s L2 0.00GB/s L3 0.00GB/s
	Total MPI calls 2
	IO DATA: rchar 4609 wchar 8843 syscr 51 syscw 27 read_bytes 0 write_bytes 319488
	Process OS info: (pid 556453 state R utime 1090 stime 1 cutime 0 cstime 0 CPU usage 98)
	CPU temperature (celsius): socket 0: 60 socket 1: 70[0m
EAR[556453](hratio_l30) at 2.60/1.47 in tcn366 MR[0] elapsed 4135 sec.: [32mLoop time: 1.107s DC Power: [35m422.9W[32m DRAM power: 0.00W PCK power: 385.25W
	avg. CPUFreq: 2.57GHz avg. IMCFreq: 1.47GHz
	CPI: 0.499 VPI: 0.00, Mem. bwidth: 0.15GB/s GFLOPS: 0.00 I/O: 0.01MB/s No MPI  
	TPI 0.03 Cache miss rates: L1 1.06GB/s L2 0.00GB/s L3 0.00GB/s
	Total MPI calls 2
	IO DATA: rchar 4609 wchar 8843 syscr 51 syscw 27 read_bytes 0 write_bytes 294912
	Process OS info: (pid 556453 state R utime 1090 stime 0 cutime 0 cstime 0 CPU usage 98)
	CPU temperature (celsius): socket 0: 59 socket 1: 70[0m
EAR[556453](hratio_l30) at 2.60/1.47 in tcn366 MR[0] elapsed 4146 sec.: [32mLoop time: 1.108s DC Power: [35m470.3W[32m DRAM power: 0.00W PCK power: 385.40W
	avg. CPUFreq: 2.57GHz avg. IMCFreq: 1.47GHz
	CPI: 0.498 VPI: 0.00, Mem. bwidth: 0.14GB/s GFLOPS: 0.00 I/O: 0.01MB/s No MPI  
	TPI 0.03 Cache miss rates: L1 1.02GB/s L2 0.00GB/s L3 0.00GB/s
	Total MPI calls 2
	IO DATA: rchar 4609 wchar 8843 syscr 51 syscw 27 read_bytes 0 write_bytes 294912
	Process OS info: (pid 556453 state R utime 1090 stime 1 cutime 0 cstime 0 CPU usage 98)
	CPU temperature (celsius): socket 0: 60 socket 1: 70[0m
EAR[556453](hratio_l30) at 2.60/1.47 in tcn366 MR[0] elapsed 4157 sec.: [32mLoop time: 1.107s DC Power: [35m423.5W[32m DRAM power: 0.00W PCK power: 385.62W
	avg. CPUFreq: 2.57GHz avg. IMCFreq: 1.47GHz
	CPI: 0.497 VPI: 0.00, Mem. bwidth: 0.13GB/s GFLOPS: 0.00 I/O: 0.01MB/s No MPI  
	TPI 0.03 Cache miss rates: L1 1.00GB/s L2 0.00GB/s L3 0.00GB/s
	Total MPI calls 2
	IO DATA: rchar 4609 wchar 8843 syscr 51 syscw 27 read_bytes 0 write_bytes 294912
	Process OS info: (pid 556453 state R utime 1090 stime 1 cutime 0 cstime 0 CPU usage 98)
	CPU temperature (celsius): socket 0: 59 socket 1: 70[0m
EAR[556453](hratio_l30) at 2.60/1.47 in tcn366 MR[0] elapsed 4169 sec.: [32mLoop time: 1.108s DC Power: [35m470.3W[32m DRAM power: 0.00W PCK power: 385.58W
	avg. CPUFreq: 2.57GHz avg. IMCFreq: 1.47GHz
	CPI: 0.498 VPI: 0.00, Mem. bwidth: 0.14GB/s GFLOPS: 0.00 I/O: 0.01MB/s No MPI  
	TPI 0.03 Cache miss rates: L1 1.02GB/s L2 0.00GB/s L3 0.00GB/s
	Total MPI calls 2
	IO DATA: rchar 4609 wchar 8843 syscr 51 syscw 27 read_bytes 0 write_bytes 360448
	Process OS info: (pid 556453 state R utime 1090 stime 0 cutime 0 cstime 0 CPU usage 98)
	CPU temperature (celsius): socket 0: 59 socket 1: 70[0m
EAR[556453](hratio_l30) at 2.60/1.47 in tcn366 MR[0] elapsed 4180 sec.: [32mLoop time: 1.108s DC Power: [35m470.3W[32m DRAM power: 0.00W PCK power: 385.40W
	avg. CPUFreq: 2.57GHz avg. IMCFreq: 1.47GHz
	CPI: 0.498 VPI: 0.00, Mem. bwidth: 0.15GB/s GFLOPS: 0.00 I/O: 0.01MB/s No MPI  
	TPI 0.03 Cache miss rates: L1 1.03GB/s L2 0.00GB/s L3 0.00GB/s
	Total MPI calls 2
	IO DATA: rchar 4609 wchar 8843 syscr 51 syscw 27 read_bytes 0 write_bytes 303104
	Process OS info: (pid 556453 state R utime 1090 stime 1 cutime 0 cstime 0 CPU usage 98)
	CPU temperature (celsius): socket 0: 59 socket 1: 70[0m
EAR[556453](hratio_l30) at 2.60/1.47 in tcn366 MR[0] elapsed 4191 sec.: [32mLoop time: 1.112s DC Power: [35m468.4W[32m DRAM power: 0.00W PCK power: 385.68W
	avg. CPUFreq: 2.57GHz avg. IMCFreq: 1.47GHz
	CPI: 0.497 VPI: 0.00, Mem. bwidth: 0.13GB/s GFLOPS: 0.00 I/O: 0.01MB/s No MPI  
	TPI 0.03 Cache miss rates: L1 1.03GB/s L2 0.00GB/s L3 0.00GB/s
	Total MPI calls 2
	IO DATA: rchar 4609 wchar 8843 syscr 51 syscw 27 read_bytes 0 write_bytes 389120
	Process OS info: (pid 556453 state R utime 1094 stime 1 cutime 0 cstime 0 CPU usage 98)
	CPU temperature (celsius): socket 0: 59 socket 1: 70[0m
EAR[556453](hratio_l30) at 2.60/1.47 in tcn366 MR[0] elapsed 4202 sec.: [32mLoop time: 1.110s DC Power: [35m469.5W[32m DRAM power: 0.00W PCK power: 385.50W
	avg. CPUFreq: 2.57GHz avg. IMCFreq: 1.47GHz
	CPI: 0.498 VPI: 0.00, Mem. bwidth: 0.12GB/s GFLOPS: 0.00 I/O: 0.01MB/s No MPI  
	TPI 0.03 Cache miss rates: L1 1.09GB/s L2 0.00GB/s L3 0.00GB/s
	Total MPI calls 2
	IO DATA: rchar 4609 wchar 8843 syscr 51 syscw 27 read_bytes 0 write_bytes 294912
	Process OS info: (pid 556453 state R utime 1092 stime 0 cutime 0 cstime 0 CPU usage 98)
	CPU temperature (celsius): socket 0: 60 socket 1: 71[0m
EAR[556453](hratio_l30) at 2.60/1.47 in tcn366 MR[0] elapsed 4213 sec.: [32mLoop time: 1.107s DC Power: [35m470.4W[32m DRAM power: 0.00W PCK power: 385.48W
	avg. CPUFreq: 2.57GHz avg. IMCFreq: 1.47GHz
	CPI: 0.498 VPI: 0.00, Mem. bwidth: 0.16GB/s GFLOPS: 0.00 I/O: 0.01MB/s No MPI  
	TPI 0.03 Cache miss rates: L1 1.09GB/s L2 0.00GB/s L3 0.00GB/s
	Total MPI calls 2
	IO DATA: rchar 4609 wchar 8843 syscr 51 syscw 27 read_bytes 0 write_bytes 294912
	Process OS info: (pid 556453 state R utime 1091 stime 1 cutime 0 cstime 0 CPU usage 98)
	CPU temperature (celsius): socket 0: 59 socket 1: 71[0m
EAR[556453](hratio_l30) at 2.60/1.47 in tcn366 MR[0] elapsed 4224 sec.: [32mLoop time: 1.108s DC Power: [35m470.3W[32m DRAM power: 0.00W PCK power: 385.70W
	avg. CPUFreq: 2.57GHz avg. IMCFreq: 1.47GHz
	CPI: 0.498 VPI: 0.00, Mem. bwidth: 0.12GB/s GFLOPS: 0.00 I/O: 0.01MB/s No MPI  
	TPI 0.03 Cache miss rates: L1 1.05GB/s L2 0.00GB/s L3 0.00GB/s
	Total MPI calls 2
	IO DATA: rchar 4609 wchar 8843 syscr 51 syscw 27 read_bytes 0 write_bytes 294912
	Process OS info: (pid 556453 state R utime 1090 stime 1 cutime 0 cstime 0 CPU usage 98)
	CPU temperature (celsius): socket 0: 59 socket 1: 70[0m
EAR[556453](hratio_l30) at 2.60/1.47 in tcn366 MR[0] elapsed 4235 sec.: [32mLoop time: 1.108s DC Power: [35m470.4W[32m DRAM power: 0.00W PCK power: 385.46W
	avg. CPUFreq: 2.57GHz avg. IMCFreq: 1.47GHz
	CPI: 0.498 VPI: 0.00, Mem. bwidth: 0.13GB/s GFLOPS: 0.00 I/O: 0.01MB/s No MPI  
	TPI 0.03 Cache miss rates: L1 1.04GB/s L2 0.00GB/s L3 0.00GB/s
	Total MPI calls 2
	IO DATA: rchar 4609 wchar 8843 syscr 51 syscw 27 read_bytes 0 write_bytes 294912
	Process OS info: (pid 556453 state R utime 1090 stime 0 cutime 0 cstime 0 CPU usage 98)
	CPU temperature (celsius): socket 0: 59 socket 1: 70[0m
EAR[556453](hratio_l30) at 2.60/1.47 in tcn366 MR[0] elapsed 4246 sec.: [32mLoop time: 1.108s DC Power: [35m423.2W[32m DRAM power: 0.00W PCK power: 385.87W
	avg. CPUFreq: 2.57GHz avg. IMCFreq: 1.47GHz
	CPI: 0.496 VPI: 0.00, Mem. bwidth: 0.13GB/s GFLOPS: 0.00 I/O: 0.01MB/s No MPI  
	TPI 0.03 Cache miss rates: L1 1.03GB/s L2 0.00GB/s L3 0.00GB/s
	Total MPI calls 2
	IO DATA: rchar 4609 wchar 8843 syscr 51 syscw 27 read_bytes 0 write_bytes 286720
	Process OS info: (pid 556453 state R utime 1091 stime 1 cutime 0 cstime 0 CPU usage 98)
	CPU temperature (celsius): socket 0: 59 socket 1: 70[0m
EAR[556453](hratio_l30) at 2.60/1.47 in tcn366 MR[0] elapsed 4257 sec.: [32mLoop time: 1.108s DC Power: [35m423.3W[32m DRAM power: 0.00W PCK power: 386.06W
	avg. CPUFreq: 2.57GHz avg. IMCFreq: 1.47GHz
	CPI: 0.496 VPI: 0.00, Mem. bwidth: 0.13GB/s GFLOPS: 0.00 I/O: 0.01MB/s No MPI  
	TPI 0.03 Cache miss rates: L1 1.02GB/s L2 0.00GB/s L3 0.00GB/s
	Total MPI calls 2
	IO DATA: rchar 4609 wchar 8843 syscr 51 syscw 27 read_bytes 0 write_bytes 372736
	Process OS info: (pid 556453 state R utime 1090 stime 1 cutime 0 cstime 0 CPU usage 98)
	CPU temperature (celsius): socket 0: 59 socket 1: 70[0m
EAR[556453](hratio_l30) at 2.60/1.47 in tcn366 MR[0] elapsed 4268 sec.: [32mLoop time: 1.108s DC Power: [35m470.4W[32m DRAM power: 0.00W PCK power: 385.95W
	avg. CPUFreq: 2.57GHz avg. IMCFreq: 1.47GHz
	CPI: 0.496 VPI: 0.00, Mem. bwidth: 0.14GB/s GFLOPS: 0.00 I/O: 0.01MB/s No MPI  
	TPI 0.03 Cache miss rates: L1 1.07GB/s L2 0.00GB/s L3 0.00GB/s
	Total MPI calls 2
	IO DATA: rchar 4609 wchar 8843 syscr 51 syscw 27 read_bytes 0 write_bytes 299008
	Process OS info: (pid 556453 state R utime 1090 stime 0 cutime 0 cstime 0 CPU usage 98)
	CPU temperature (celsius): socket 0: 59 socket 1: 70[0m
EAR[556453](hratio_l30) at 2.60/1.47 in tcn366 MR[0] elapsed 4279 sec.: [32mLoop time: 1.108s DC Power: [35m470.3W[32m DRAM power: 0.00W PCK power: 386.25W
	avg. CPUFreq: 2.57GHz avg. IMCFreq: 1.47GHz
	CPI: 0.495 VPI: 0.00, Mem. bwidth: 0.12GB/s GFLOPS: 0.00 I/O: 0.01MB/s No MPI  
	TPI 0.03 Cache miss rates: L1 1.01GB/s L2 0.00GB/s L3 0.00GB/s
	Total MPI calls 2
	IO DATA: rchar 4609 wchar 8843 syscr 51 syscw 27 read_bytes 0 write_bytes 294912
	Process OS info: (pid 556453 state R utime 1090 stime 1 cutime 0 cstime 0 CPU usage 98)
	CPU temperature (celsius): socket 0: 60 socket 1: 71[0m
EAR[556453](hratio_l30) at 2.60/1.47 in tcn366 MR[0] elapsed 4290 sec.: [32mLoop time: 1.108s DC Power: [35m423.2W[32m DRAM power: 0.00W PCK power: 386.48W
	avg. CPUFreq: 2.57GHz avg. IMCFreq: 1.47GHz
	CPI: 0.495 VPI: 0.00, Mem. bwidth: 0.13GB/s GFLOPS: 0.00 I/O: 0.01MB/s No MPI  
	TPI 0.03 Cache miss rates: L1 1.04GB/s L2 0.00GB/s L3 0.00GB/s
	Total MPI calls 2
	IO DATA: rchar 4609 wchar 8843 syscr 51 syscw 27 read_bytes 0 write_bytes 294912
	Process OS info: (pid 556453 state R utime 1090 stime 1 cutime 0 cstime 0 CPU usage 98)
	CPU temperature (celsius): socket 0: 59 socket 1: 70[0m
EAR[556453](hratio_l30) at 2.60/1.47 in tcn366 MR[0] elapsed 4302 sec.: [32mLoop time: 1.108s DC Power: [35m470.3W[32m DRAM power: 0.00W PCK power: 386.30W
	avg. CPUFreq: 2.57GHz avg. IMCFreq: 1.47GHz
	CPI: 0.495 VPI: 0.00, Mem. bwidth: 0.15GB/s GFLOPS: 0.00 I/O: 0.01MB/s No MPI  
	TPI 0.03 Cache miss rates: L1 1.05GB/s L2 0.00GB/s L3 0.00GB/s
	Total MPI calls 2
	IO DATA: rchar 4609 wchar 8843 syscr 51 syscw 27 read_bytes 0 write_bytes 303104
	Process OS info: (pid 556453 state R utime 1091 stime 0 cutime 0 cstime 0 CPU usage 98)
	CPU temperature (celsius): socket 0: 59 socket 1: 70[0m
EAR[556453](hratio_l30) at 2.60/1.47 in tcn366 MR[0] elapsed 4313 sec.: [32mLoop time: 1.107s DC Power: [35m423.5W[32m DRAM power: 0.00W PCK power: 386.53W
	avg. CPUFreq: 2.57GHz avg. IMCFreq: 1.47GHz
	CPI: 0.495 VPI: 0.00, Mem. bwidth: 0.11GB/s GFLOPS: 0.00 I/O: 0.01MB/s No MPI  
	TPI 0.02 Cache miss rates: L1 1.04GB/s L2 0.00GB/s L3 0.00GB/s
	Total MPI calls 2
	IO DATA: rchar 4609 wchar 8843 syscr 51 syscw 27 read_bytes 0 write_bytes 299008
	Process OS info: (pid 556453 state R utime 1091 stime 1 cutime 0 cstime 0 CPU usage 98)
	CPU temperature (celsius): socket 0: 59 socket 1: 70[0m
EAR[556453](hratio_l30) at 2.60/1.47 in tcn366 MR[0] elapsed 4324 sec.: [32mLoop time: 1.108s DC Power: [35m471.2W[32m DRAM power: 0.00W PCK power: 386.36W
	avg. CPUFreq: 2.57GHz avg. IMCFreq: 1.47GHz
	CPI: 0.495 VPI: 0.00, Mem. bwidth: 0.13GB/s GFLOPS: 0.00 I/O: 0.01MB/s No MPI  
	TPI 0.03 Cache miss rates: L1 1.06GB/s L2 0.00GB/s L3 0.00GB/s
	Total MPI calls 2
	IO DATA: rchar 4609 wchar 8843 syscr 51 syscw 27 read_bytes 0 write_bytes 294912
	Process OS info: (pid 556453 state R utime 1091 stime 1 cutime 0 cstime 0 CPU usage 98)
	CPU temperature (celsius): socket 0: 59 socket 1: 71[0m
EAR[556453](hratio_l30) at 2.60/1.47 in tcn366 MR[0] elapsed 4335 sec.: [32mLoop time: 1.107s DC Power: [35m424.2W[32m DRAM power: 0.00W PCK power: 386.72W
	avg. CPUFreq: 2.57GHz avg. IMCFreq: 1.47GHz
	CPI: 0.493 VPI: 0.00, Mem. bwidth: 0.13GB/s GFLOPS: 0.00 I/O: 0.01MB/s No MPI  
	TPI 0.03 Cache miss rates: L1 1.07GB/s L2 0.00GB/s L3 0.00GB/s
	Total MPI calls 2
	IO DATA: rchar 4609 wchar 8843 syscr 51 syscw 27 read_bytes 0 write_bytes 294912
	Process OS info: (pid 556453 state R utime 1090 stime 0 cutime 0 cstime 0 CPU usage 98)
	CPU temperature (celsius): socket 0: 59 socket 1: 70[0m
EAR[556453](hratio_l30) at 2.60/1.47 in tcn366 MR[0] elapsed 4346 sec.: [32mLoop time: 1.108s DC Power: [35m471.3W[32m DRAM power: 0.00W PCK power: 387.15W
	avg. CPUFreq: 2.57GHz avg. IMCFreq: 1.47GHz
	CPI: 0.492 VPI: 0.00, Mem. bwidth: 0.13GB/s GFLOPS: 0.00 I/O: 0.01MB/s No MPI  
	TPI 0.03 Cache miss rates: L1 1.04GB/s L2 0.00GB/s L3 0.00GB/s
	Total MPI calls 2
	IO DATA: rchar 4609 wchar 8843 syscr 51 syscw 27 read_bytes 0 write_bytes 294912
	Process OS info: (pid 556453 state R utime 1091 stime 1 cutime 0 cstime 0 CPU usage 98)
	CPU temperature (celsius): socket 0: 59 socket 1: 71[0m
EAR[556453](hratio_l30) at 2.60/1.47 in tcn366 MR[0] elapsed 4357 sec.: [32mLoop time: 1.107s DC Power: [35m471.5W[32m DRAM power: 0.00W PCK power: 387.11W
	avg. CPUFreq: 2.57GHz avg. IMCFreq: 1.47GHz
	CPI: 0.492 VPI: 0.00, Mem. bwidth: 0.12GB/s GFLOPS: 0.00 I/O: 0.01MB/s No MPI  
	TPI 0.03 Cache miss rates: L1 1.02GB/s L2 0.00GB/s L3 0.00GB/s
	Total MPI calls 2
	IO DATA: rchar 4609 wchar 8843 syscr 51 syscw 27 read_bytes 0 write_bytes 294912
	Process OS info: (pid 556453 state R utime 1091 stime 0 cutime 0 cstime 0 CPU usage 98)
	CPU temperature (celsius): socket 0: 59 socket 1: 71[0m
EAR[556453](hratio_l30) at 2.60/1.47 in tcn366 MR[0] elapsed 4368 sec.: [32mLoop time: 1.108s DC Power: [35m471.2W[32m DRAM power: 0.00W PCK power: 387.14W
	avg. CPUFreq: 2.57GHz avg. IMCFreq: 1.47GHz
	CPI: 0.492 VPI: 0.00, Mem. bwidth: 0.11GB/s GFLOPS: 0.00 I/O: 0.01MB/s No MPI  
	TPI 0.02 Cache miss rates: L1 1.03GB/s L2 0.00GB/s L3 0.00GB/s
	Total MPI calls 2
	IO DATA: rchar 4609 wchar 8843 syscr 51 syscw 27 read_bytes 0 write_bytes 294912
	Process OS info: (pid 556453 state R utime 1092 stime 1 cutime 0 cstime 0 CPU usage 98)
	CPU temperature (celsius): socket 0: 59 socket 1: 71[0m
EAR[556453](hratio_l30) at 2.60/1.47 in tcn366 MR[0] elapsed 4379 sec.: [32mLoop time: 1.107s DC Power: [35m377.1W[32m DRAM power: 0.00W PCK power: 387.25W
	avg. CPUFreq: 2.57GHz avg. IMCFreq: 1.47GHz
	CPI: 0.492 VPI: 0.00, Mem. bwidth: 0.13GB/s GFLOPS: 0.00 I/O: 0.01MB/s No MPI  
	TPI 0.03 Cache miss rates: L1 1.03GB/s L2 0.00GB/s L3 0.00GB/s
	Total MPI calls 2
	IO DATA: rchar 4609 wchar 8843 syscr 51 syscw 27 read_bytes 0 write_bytes 294912
	Process OS info: (pid 556453 state R utime 1091 stime 1 cutime 0 cstime 0 CPU usage 98)
	CPU temperature (celsius): socket 0: 59 socket 1: 71[0m
EAR[556453](hratio_l30) at 2.60/1.47 in tcn366 MR[0] elapsed 4390 sec.: [32mLoop time: 1.108s DC Power: [35m471.2W[32m DRAM power: 0.00W PCK power: 387.19W
	avg. CPUFreq: 2.57GHz avg. IMCFreq: 1.47GHz
	CPI: 0.491 VPI: 0.00, Mem. bwidth: 0.13GB/s GFLOPS: 0.00 I/O: 0.01MB/s No MPI  
	TPI 0.03 Cache miss rates: L1 1.04GB/s L2 0.00GB/s L3 0.00GB/s
	Total MPI calls 2
	IO DATA: rchar 4609 wchar 8843 syscr 51 syscw 27 read_bytes 0 write_bytes 286720
	Process OS info: (pid 556453 state R utime 1091 stime 0 cutime 0 cstime 0 CPU usage 98)
	CPU temperature (celsius): socket 0: 59 socket 1: 71[0m
EAR[556453](hratio_l30) at 2.60/1.47 in tcn366 MR[0] elapsed 4401 sec.: [32mLoop time: 1.108s DC Power: [35m471.2W[32m DRAM power: 0.00W PCK power: 387.24W
	avg. CPUFreq: 2.57GHz avg. IMCFreq: 1.47GHz
	CPI: 0.492 VPI: 0.00, Mem. bwidth: 0.12GB/s GFLOPS: 0.00 I/O: 0.01MB/s No MPI  
	TPI 0.02 Cache miss rates: L1 1.02GB/s L2 0.00GB/s L3 0.00GB/s
	Total MPI calls 2
	IO DATA: rchar 4609 wchar 8843 syscr 51 syscw 27 read_bytes 0 write_bytes 299008
	Process OS info: (pid 556453 state R utime 1092 stime 1 cutime 0 cstime 0 CPU usage 98)
	CPU temperature (celsius): socket 0: 59 socket 1: 70[0m
EAR[556453](hratio_l30) at 2.60/1.47 in tcn366 MR[0] elapsed 4412 sec.: [32mLoop time: 1.107s DC Power: [35m471.4W[32m DRAM power: 0.00W PCK power: 387.11W
	avg. CPUFreq: 2.57GHz avg. IMCFreq: 1.47GHz
	CPI: 0.492 VPI: 0.00, Mem. bwidth: 0.11GB/s GFLOPS: 0.00 I/O: 0.01MB/s No MPI  
	TPI 0.02 Cache miss rates: L1 1.02GB/s L2 0.00GB/s L3 0.00GB/s
	Total MPI calls 2
	IO DATA: rchar 4609 wchar 8843 syscr 51 syscw 27 read_bytes 0 write_bytes 294912
	Process OS info: (pid 556453 state R utime 1091 stime 1 cutime 0 cstime 0 CPU usage 98)
	CPU temperature (celsius): socket 0: 59 socket 1: 71[0m
EAR[556453](hratio_l30) at 2.60/1.47 in tcn366 MR[0] elapsed 4423 sec.: [32mLoop time: 1.108s DC Power: [35m424.1W[32m DRAM power: 0.00W PCK power: 386.97W
	avg. CPUFreq: 2.57GHz avg. IMCFreq: 1.47GHz
	CPI: 0.492 VPI: 0.00, Mem. bwidth: 0.15GB/s GFLOPS: 0.00 I/O: 0.01MB/s No MPI  
	TPI 0.03 Cache miss rates: L1 1.03GB/s L2 0.00GB/s L3 0.00GB/s
	Total MPI calls 2
	IO DATA: rchar 4609 wchar 8843 syscr 51 syscw 27 read_bytes 0 write_bytes 299008
	Process OS info: (pid 556453 state R utime 1091 stime 0 cutime 0 cstime 0 CPU usage 98)
	CPU temperature (celsius): socket 0: 59 socket 1: 71[0m
EAR[556453](hratio_l30) at 2.60/1.47 in tcn366 MR[0] elapsed 4434 sec.: [32mLoop time: 1.108s DC Power: [35m424.2W[32m DRAM power: 0.00W PCK power: 387.25W
	avg. CPUFreq: 2.57GHz avg. IMCFreq: 1.47GHz
	CPI: 0.492 VPI: 0.00, Mem. bwidth: 0.13GB/s GFLOPS: 0.00 I/O: 0.01MB/s No MPI  
	TPI 0.03 Cache miss rates: L1 1.03GB/s L2 0.00GB/s L3 0.00GB/s
	Total MPI calls 2
	IO DATA: rchar 4609 wchar 8843 syscr 51 syscw 27 read_bytes 0 write_bytes 299008
	Process OS info: (pid 556453 state R utime 1092 stime 1 cutime 0 cstime 0 CPU usage 98)
	CPU temperature (celsius): socket 0: 59 socket 1: 71[0m
EAR[556453](hratio_l30) at 2.60/1.47 in tcn366 MR[0] elapsed 4446 sec.: [32mLoop time: 1.108s DC Power: [35m470.9W[32m DRAM power: 0.00W PCK power: 387.08W
	avg. CPUFreq: 2.57GHz avg. IMCFreq: 1.47GHz
	CPI: 0.492 VPI: 0.00, Mem. bwidth: 0.14GB/s GFLOPS: 0.00 I/O: 0.01MB/s No MPI  
	TPI 0.03 Cache miss rates: L1 1.03GB/s L2 0.00GB/s L3 0.00GB/s
	Total MPI calls 2
	IO DATA: rchar 4609 wchar 8843 syscr 51 syscw 27 read_bytes 0 write_bytes 294912
	Process OS info: (pid 556453 state R utime 1092 stime 1 cutime 0 cstime 0 CPU usage 98)
	CPU temperature (celsius): socket 0: 59 socket 1: 70[0m
EAR[556453](hratio_l30) at 2.60/1.47 in tcn366 MR[0] elapsed 4457 sec.: [32mLoop time: 1.108s DC Power: [35m471.2W[32m DRAM power: 0.00W PCK power: 387.08W
	avg. CPUFreq: 2.57GHz avg. IMCFreq: 1.47GHz
	CPI: 0.492 VPI: 0.00, Mem. bwidth: 0.14GB/s GFLOPS: 0.00 I/O: 0.01MB/s No MPI  
	TPI 0.03 Cache miss rates: L1 1.03GB/s L2 0.00GB/s L3 0.00GB/s
	Total MPI calls 2
	IO DATA: rchar 4609 wchar 8843 syscr 51 syscw 27 read_bytes 0 write_bytes 294912
	Process OS info: (pid 556453 state R utime 1091 stime 0 cutime 0 cstime 0 CPU usage 98)
	CPU temperature (celsius): socket 0: 59 socket 1: 71[0m
EAR[556453](hratio_l30) at 2.60/1.47 in tcn366 MR[0] elapsed 4468 sec.: [32mLoop time: 1.108s DC Power: [35m424.0W[32m DRAM power: 0.00W PCK power: 387.28W
	avg. CPUFreq: 2.57GHz avg. IMCFreq: 1.47GHz
	CPI: 0.492 VPI: 0.00, Mem. bwidth: 0.13GB/s GFLOPS: 0.00 I/O: 0.01MB/s No MPI  
	TPI 0.03 Cache miss rates: L1 1.01GB/s L2 0.00GB/s L3 0.00GB/s
	Total MPI calls 2
	IO DATA: rchar 4609 wchar 8843 syscr 51 syscw 27 read_bytes 0 write_bytes 307200
	Process OS info: (pid 556453 state R utime 1091 stime 1 cutime 0 cstime 0 CPU usage 98)
	CPU temperature (celsius): socket 0: 59 socket 1: 71[0m
EAR[556453](hratio_l30) at 2.60/1.47 in tcn366 MR[0] elapsed 4479 sec.: [32mLoop time: 1.107s DC Power: [35m471.4W[32m DRAM power: 0.00W PCK power: 387.09W
	avg. CPUFreq: 2.57GHz avg. IMCFreq: 1.47GHz
	CPI: 0.492 VPI: 0.00, Mem. bwidth: 0.14GB/s GFLOPS: 0.00 I/O: 0.01MB/s No MPI  
	TPI 0.03 Cache miss rates: L1 1.03GB/s L2 0.00GB/s L3 0.00GB/s
	Total MPI calls 2
	IO DATA: rchar 4609 wchar 8843 syscr 51 syscw 27 read_bytes 0 write_bytes 303104
	Process OS info: (pid 556453 state R utime 1092 stime 1 cutime 0 cstime 0 CPU usage 98)
	CPU temperature (celsius): socket 0: 59 socket 1: 71[0m
EAR[556453](hratio_l30) at 2.60/1.47 in tcn366 MR[0] elapsed 4490 sec.: [32mLoop time: 1.108s DC Power: [35m471.2W[32m DRAM power: 0.00W PCK power: 387.07W
	avg. CPUFreq: 2.57GHz avg. IMCFreq: 1.47GHz
	CPI: 0.491 VPI: 0.00, Mem. bwidth: 0.13GB/s GFLOPS: 0.00 I/O: 0.01MB/s No MPI  
	TPI 0.03 Cache miss rates: L1 1.06GB/s L2 0.00GB/s L3 0.00GB/s
	Total MPI calls 2
	IO DATA: rchar 4609 wchar 8843 syscr 51 syscw 27 read_bytes 0 write_bytes 294912
	Process OS info: (pid 556453 state R utime 1090 stime 0 cutime 0 cstime 0 CPU usage 98)
	CPU temperature (celsius): socket 0: 59 socket 1: 70[0m
EAR[556453](hratio_l30) at 2.60/1.47 in tcn366 MR[0] elapsed 4501 sec.: [32mLoop time: 1.108s DC Power: [35m424.1W[32m DRAM power: 0.00W PCK power: 387.23W
	avg. CPUFreq: 2.57GHz avg. IMCFreq: 1.47GHz
	CPI: 0.493 VPI: 0.00, Mem. bwidth: 0.28GB/s GFLOPS: 0.00 I/O: 0.01MB/s No MPI  
	TPI 0.06 Cache miss rates: L1 1.03GB/s L2 0.00GB/s L3 0.00GB/s
	Total MPI calls 2
	IO DATA: rchar 4609 wchar 8843 syscr 51 syscw 27 read_bytes 0 write_bytes 299008
	Process OS info: (pid 556453 state R utime 1079 stime 1 cutime 0 cstime 0 CPU usage 97)
	CPU temperature (celsius): socket 0: 60 socket 1: 71[0m
EAR[556453](hratio_l30) at 2.60/1.47 in tcn366 MR[0] elapsed 4512 sec.: [32mLoop time: 1.110s DC Power: [35m423.3W[32m DRAM power: 0.00W PCK power: 387.60W
	avg. CPUFreq: 2.57GHz avg. IMCFreq: 1.47GHz
	CPI: 0.492 VPI: 0.00, Mem. bwidth: 0.37GB/s GFLOPS: 0.00 I/O: 0.01MB/s No MPI  
	TPI 0.08 Cache miss rates: L1 1.00GB/s L2 0.00GB/s L3 0.00GB/s
	Total MPI calls 2
	IO DATA: rchar 4609 wchar 8843 syscr 51 syscw 27 read_bytes 0 write_bytes 294912
	Process OS info: (pid 556453 state R utime 1067 stime 1 cutime 0 cstime 0 CPU usage 96)
	CPU temperature (celsius): socket 0: 60 socket 1: 71[0m
EAR[556453](hratio_l30) at 2.60/1.47 in tcn366 MR[0] elapsed 4523 sec.: [32mLoop time: 1.108s DC Power: [35m471.1W[32m DRAM power: 0.00W PCK power: 387.58W
	avg. CPUFreq: 2.57GHz avg. IMCFreq: 1.47GHz
	CPI: 0.491 VPI: 0.00, Mem. bwidth: 0.22GB/s GFLOPS: 0.00 I/O: 0.01MB/s No MPI  
	TPI 0.04 Cache miss rates: L1 0.99GB/s L2 0.00GB/s L3 0.00GB/s
	Total MPI calls 2
	IO DATA: rchar 4609 wchar 8843 syscr 51 syscw 27 read_bytes 0 write_bytes 294912
	Process OS info: (pid 556453 state R utime 1081 stime 1 cutime 0 cstime 0 CPU usage 97)
	CPU temperature (celsius): socket 0: 59 socket 1: 71[0m
EAR[556453](hratio_l30) at 2.60/1.47 in tcn366 MR[0] elapsed 4534 sec.: [32mLoop time: 1.110s DC Power: [35m470.3W[32m DRAM power: 0.00W PCK power: 388.25W
	avg. CPUFreq: 2.57GHz avg. IMCFreq: 1.47GHz
	CPI: 0.490 VPI: 0.00, Mem. bwidth: 0.35GB/s GFLOPS: 0.00 I/O: 0.01MB/s No MPI  
	TPI 0.07 Cache miss rates: L1 1.07GB/s L2 0.00GB/s L3 0.00GB/s
	Total MPI calls 2
	IO DATA: rchar 4609 wchar 8843 syscr 51 syscw 27 read_bytes 0 write_bytes 303104
	Process OS info: (pid 556453 state R utime 1078 stime 0 cutime 0 cstime 0 CPU usage 97)
	CPU temperature (celsius): socket 0: 59 socket 1: 71[0m
EAR[556453](hratio_l30) at 2.60/1.47 in tcn366 MR[0] elapsed 4545 sec.: [32mLoop time: 1.117s DC Power: [35m468.3W[32m DRAM power: 0.00W PCK power: 387.83W
	avg. CPUFreq: 2.57GHz avg. IMCFreq: 1.47GHz
	CPI: 0.491 VPI: 0.00, Mem. bwidth: 0.25GB/s GFLOPS: 0.00 I/O: 0.01MB/s No MPI  
	TPI 0.05 Cache miss rates: L1 1.01GB/s L2 0.00GB/s L3 0.00GB/s
	Total MPI calls 2
	IO DATA: rchar 4609 wchar 8843 syscr 51 syscw 27 read_bytes 0 write_bytes 405504
	Process OS info: (pid 556453 state R utime 1076 stime 1 cutime 0 cstime 0 CPU usage 96)
	CPU temperature (celsius): socket 0: 59 socket 1: 71[0m
EAR[556453](hratio_l30) at 2.60/1.47 in tcn366 MR[0] elapsed 4556 sec.: [32mLoop time: 1.107s DC Power: [35m425.0W[32m DRAM power: 0.00W PCK power: 388.02W
	avg. CPUFreq: 2.57GHz avg. IMCFreq: 1.47GHz
	CPI: 0.489 VPI: 0.00, Mem. bwidth: 0.13GB/s GFLOPS: 0.00 I/O: 0.01MB/s No MPI  
	TPI 0.03 Cache miss rates: L1 1.01GB/s L2 0.00GB/s L3 0.00GB/s
	Total MPI calls 2
	IO DATA: rchar 4609 wchar 8843 syscr 51 syscw 27 read_bytes 0 write_bytes 299008
	Process OS info: (pid 556453 state R utime 1091 stime 1 cutime 0 cstime 0 CPU usage 98)
	CPU temperature (celsius): socket 0: 60 socket 1: 71[0m
EAR[556453](hratio_l30) at 2.60/1.47 in tcn366 MR[0] elapsed 4567 sec.: [32mLoop time: 1.107s DC Power: [35m472.3W[32m DRAM power: 0.00W PCK power: 387.91W
	avg. CPUFreq: 2.57GHz avg. IMCFreq: 1.47GHz
	CPI: 0.489 VPI: 0.00, Mem. bwidth: 0.14GB/s GFLOPS: 0.00 I/O: 0.01MB/s No MPI  
	TPI 0.03 Cache miss rates: L1 1.05GB/s L2 0.00GB/s L3 0.00GB/s
	Total MPI calls 2
	IO DATA: rchar 4609 wchar 8843 syscr 51 syscw 27 read_bytes 0 write_bytes 299008
	Process OS info: (pid 556453 state R utime 1091 stime 1 cutime 0 cstime 0 CPU usage 98)
	CPU temperature (celsius): socket 0: 60 socket 1: 71[0m
EAR[556453](hratio_l30) at 2.60/1.47 in tcn366 MR[0] elapsed 4579 sec.: [32mLoop time: 1.108s DC Power: [35m472.1W[32m DRAM power: 0.00W PCK power: 387.87W
	avg. CPUFreq: 2.57GHz avg. IMCFreq: 1.47GHz
	CPI: 0.489 VPI: 0.00, Mem. bwidth: 0.11GB/s GFLOPS: 0.00 I/O: 0.01MB/s No MPI  
	TPI 0.02 Cache miss rates: L1 1.05GB/s L2 0.00GB/s L3 0.00GB/s
	Total MPI calls 2
	IO DATA: rchar 4609 wchar 8843 syscr 51 syscw 27 read_bytes 0 write_bytes 294912
	Process OS info: (pid 556453 state R utime 1092 stime 0 cutime 0 cstime 0 CPU usage 98)
	CPU temperature (celsius): socket 0: 60 socket 1: 71[0m
EAR[556453](hratio_l30) at 2.60/1.47 in tcn366 MR[0] elapsed 4590 sec.: [32mLoop time: 1.108s DC Power: [35m472.1W[32m DRAM power: 0.00W PCK power: 388.12W
	avg. CPUFreq: 2.57GHz avg. IMCFreq: 1.47GHz
	CPI: 0.489 VPI: 0.00, Mem. bwidth: 0.13GB/s GFLOPS: 0.00 I/O: 0.01MB/s No MPI  
	TPI 0.03 Cache miss rates: L1 1.03GB/s L2 0.00GB/s L3 0.00GB/s
	Total MPI calls 2
	IO DATA: rchar 4609 wchar 8843 syscr 51 syscw 27 read_bytes 0 write_bytes 405504
	Process OS info: (pid 556453 state R utime 1092 stime 1 cutime 0 cstime 0 CPU usage 98)
	CPU temperature (celsius): socket 0: 60 socket 1: 71[0m
EAR[556453](hratio_l30) at 2.60/1.47 in tcn366 MR[0] elapsed 4601 sec.: [32mLoop time: 1.108s DC Power: [35m472.0W[32m DRAM power: 0.00W PCK power: 388.28W
	avg. CPUFreq: 2.57GHz avg. IMCFreq: 1.47GHz
	CPI: 0.488 VPI: 0.00, Mem. bwidth: 0.17GB/s GFLOPS: 0.00 I/O: 0.01MB/s No MPI  
	TPI 0.04 Cache miss rates: L1 1.02GB/s L2 0.00GB/s L3 0.00GB/s
	Total MPI calls 2
	IO DATA: rchar 4609 wchar 8843 syscr 51 syscw 27 read_bytes 0 write_bytes 315392
	Process OS info: (pid 556453 state R utime 1091 stime 1 cutime 0 cstime 0 CPU usage 98)
	CPU temperature (celsius): socket 0: 60 socket 1: 71[0m
EAR[556453](hratio_l30) at 2.60/1.47 in tcn366 MR[0] elapsed 4612 sec.: [32mLoop time: 1.108s DC Power: [35m472.3W[32m DRAM power: 0.00W PCK power: 388.44W
	avg. CPUFreq: 2.57GHz avg. IMCFreq: 1.47GHz
	CPI: 0.488 VPI: 0.00, Mem. bwidth: 0.13GB/s GFLOPS: 0.00 I/O: 0.01MB/s No MPI  
	TPI 0.03 Cache miss rates: L1 1.02GB/s L2 0.00GB/s L3 0.00GB/s
	Total MPI calls 2
	IO DATA: rchar 4609 wchar 8843 syscr 51 syscw 27 read_bytes 0 write_bytes 303104
	Process OS info: (pid 556453 state R utime 1091 stime 0 cutime 0 cstime 0 CPU usage 98)
	CPU temperature (celsius): socket 0: 60 socket 1: 71[0m
EAR[556453](hratio_l30) at 2.60/1.47 in tcn366 MR[0] elapsed 4623 sec.: [32mLoop time: 1.107s DC Power: [35m473.3W[32m DRAM power: 0.00W PCK power: 388.13W
	avg. CPUFreq: 2.57GHz avg. IMCFreq: 1.47GHz
	CPI: 0.488 VPI: 0.00, Mem. bwidth: 0.11GB/s GFLOPS: 0.00 I/O: 0.01MB/s No MPI  
	TPI 0.02 Cache miss rates: L1 1.03GB/s L2 0.00GB/s L3 0.00GB/s
	Total MPI calls 2
	IO DATA: rchar 4609 wchar 8843 syscr 51 syscw 27 read_bytes 0 write_bytes 294912
	Process OS info: (pid 556453 state R utime 1092 stime 1 cutime 0 cstime 0 CPU usage 98)
	CPU temperature (celsius): socket 0: 59 socket 1: 71[0m
EAR[556453](hratio_l30) at 2.60/1.47 in tcn366 MR[0] elapsed 4634 sec.: [32mLoop time: 1.111s DC Power: [35m471.8W[32m DRAM power: 0.00W PCK power: 388.22W
	avg. CPUFreq: 2.57GHz avg. IMCFreq: 1.47GHz
	CPI: 0.488 VPI: 0.00, Mem. bwidth: 0.13GB/s GFLOPS: 0.00 I/O: 0.01MB/s No MPI  
	TPI 0.03 Cache miss rates: L1 1.04GB/s L2 0.00GB/s L3 0.00GB/s
	Total MPI calls 2
	IO DATA: rchar 4609 wchar 8843 syscr 51 syscw 27 read_bytes 0 write_bytes 290816
	Process OS info: (pid 556453 state R utime 1095 stime 1 cutime 0 cstime 0 CPU usage 98)
	CPU temperature (celsius): socket 0: 60 socket 1: 71[0m
EAR[556453](hratio_l30) at 2.60/1.47 in tcn366 MR[0] elapsed 4645 sec.: [32mLoop time: 1.108s DC Power: [35m473.1W[32m DRAM power: 0.00W PCK power: 388.80W
	avg. CPUFreq: 2.57GHz avg. IMCFreq: 1.47GHz
	CPI: 0.486 VPI: 0.00, Mem. bwidth: 0.14GB/s GFLOPS: 0.00 I/O: 0.01MB/s No MPI  
	TPI 0.03 Cache miss rates: L1 1.04GB/s L2 0.00GB/s L3 0.00GB/s
	Total MPI calls 2
	IO DATA: rchar 4609 wchar 8843 syscr 51 syscw 27 read_bytes 0 write_bytes 294912
	Process OS info: (pid 556453 state R utime 1091 stime 0 cutime 0 cstime 0 CPU usage 98)
	CPU temperature (celsius): socket 0: 60 socket 1: 71[0m
EAR[556453](hratio_l30) at 2.60/1.47 in tcn366 MR[0] elapsed 4656 sec.: [32mLoop time: 1.107s DC Power: [35m473.1W[32m DRAM power: 0.00W PCK power: 388.78W
	avg. CPUFreq: 2.57GHz avg. IMCFreq: 1.47GHz
	CPI: 0.485 VPI: 0.00, Mem. bwidth: 0.14GB/s GFLOPS: 0.00 I/O: 0.01MB/s No MPI  
	TPI 0.03 Cache miss rates: L1 1.04GB/s L2 0.00GB/s L3 0.00GB/s
	Total MPI calls 2
	IO DATA: rchar 4609 wchar 8843 syscr 51 syscw 27 read_bytes 0 write_bytes 294912
	Process OS info: (pid 556453 state R utime 1091 stime 1 cutime 0 cstime 0 CPU usage 98)
	CPU temperature (celsius): socket 0: 60 socket 1: 71[0m
EAR[556453](hratio_l30) at 2.60/1.47 in tcn366 MR[0] elapsed 4667 sec.: [32mLoop time: 1.109s DC Power: [35m472.6W[32m DRAM power: 0.00W PCK power: 389.06W
	avg. CPUFreq: 2.57GHz avg. IMCFreq: 1.47GHz
	CPI: 0.485 VPI: 0.00, Mem. bwidth: 0.11GB/s GFLOPS: 0.00 I/O: 0.01MB/s No MPI  
	TPI 0.02 Cache miss rates: L1 1.03GB/s L2 0.00GB/s L3 0.00GB/s
	Total MPI calls 2
	IO DATA: rchar 4609 wchar 8843 syscr 51 syscw 27 read_bytes 0 write_bytes 307200
	Process OS info: (pid 556453 state R utime 1093 stime 0 cutime 0 cstime 0 CPU usage 98)
	CPU temperature (celsius): socket 0: 60 socket 1: 71[0m
EAR[556453](hratio_l30) at 2.60/1.47 in tcn366 MR[0] elapsed 4678 sec.: [32mLoop time: 1.110s DC Power: [35m424.7W[32m DRAM power: 0.00W PCK power: 389.15W
	avg. CPUFreq: 2.57GHz avg. IMCFreq: 1.47GHz
	CPI: 0.485 VPI: 0.00, Mem. bwidth: 0.12GB/s GFLOPS: 0.00 I/O: 0.01MB/s No MPI  
	TPI 0.03 Cache miss rates: L1 1.04GB/s L2 0.00GB/s L3 0.00GB/s
	Total MPI calls 2
	IO DATA: rchar 4609 wchar 8843 syscr 51 syscw 27 read_bytes 0 write_bytes 294912
	Process OS info: (pid 556453 state R utime 1094 stime 1 cutime 0 cstime 0 CPU usage 98)
	CPU temperature (celsius): socket 0: 60 socket 1: 71[0m
EAR[556453](hratio_l30) at 2.60/1.47 in tcn366 MR[0] elapsed 4689 sec.: [32mLoop time: 1.108s DC Power: [35m425.8W[32m DRAM power: 0.00W PCK power: 388.98W
	avg. CPUFreq: 2.57GHz avg. IMCFreq: 1.47GHz
	CPI: 0.485 VPI: 0.00, Mem. bwidth: 0.17GB/s GFLOPS: 0.00 I/O: 0.01MB/s No MPI  
	TPI 0.04 Cache miss rates: L1 1.03GB/s L2 0.00GB/s L3 0.00GB/s
	Total MPI calls 2
	IO DATA: rchar 4609 wchar 8843 syscr 51 syscw 27 read_bytes 0 write_bytes 299008
	Process OS info: (pid 556453 state R utime 1092 stime 1 cutime 0 cstime 0 CPU usage 98)
	CPU temperature (celsius): socket 0: 59 socket 1: 71[0m
EAR[556453](hratio_l30) at 2.60/1.47 in tcn366 MR[0] elapsed 4700 sec.: [32mLoop time: 1.107s DC Power: [35m473.3W[32m DRAM power: 0.00W PCK power: 388.89W
	avg. CPUFreq: 2.57GHz avg. IMCFreq: 1.47GHz
	CPI: 0.485 VPI: 0.00, Mem. bwidth: 0.12GB/s GFLOPS: 0.00 I/O: 0.01MB/s No MPI  
	TPI 0.02 Cache miss rates: L1 1.03GB/s L2 0.00GB/s L3 0.00GB/s
	Total MPI calls 2
	IO DATA: rchar 4609 wchar 8843 syscr 51 syscw 27 read_bytes 0 write_bytes 294912
	Process OS info: (pid 556453 state R utime 1090 stime 0 cutime 0 cstime 0 CPU usage 98)
	CPU temperature (celsius): socket 0: 59 socket 1: 71[0m
EAR[556453](hratio_l30) at 2.60/1.47 in tcn366 MR[0] elapsed 4712 sec.: [32mLoop time: 1.108s DC Power: [35m473.1W[32m DRAM power: 0.00W PCK power: 389.38W
	avg. CPUFreq: 2.57GHz avg. IMCFreq: 1.47GHz
	CPI: 0.484 VPI: 0.00, Mem. bwidth: 0.13GB/s GFLOPS: 0.00 I/O: 0.01MB/s No MPI  
	TPI 0.03 Cache miss rates: L1 0.98GB/s L2 0.00GB/s L3 0.00GB/s
	Total MPI calls 2
	IO DATA: rchar 4609 wchar 8843 syscr 51 syscw 27 read_bytes 0 write_bytes 294912
	Process OS info: (pid 556453 state R utime 1092 stime 1 cutime 0 cstime 0 CPU usage 98)
	CPU temperature (celsius): socket 0: 60 socket 1: 71[0m
EAR[556453](hratio_l30) at 2.60/1.47 in tcn366 MR[0] elapsed 4723 sec.: [32mLoop time: 1.108s DC Power: [35m473.1W[32m DRAM power: 0.00W PCK power: 389.29W
	avg. CPUFreq: 2.57GHz avg. IMCFreq: 1.47GHz
	CPI: 0.484 VPI: 0.00, Mem. bwidth: 0.14GB/s GFLOPS: 0.00 I/O: 0.01MB/s No MPI  
	TPI 0.03 Cache miss rates: L1 1.00GB/s L2 0.00GB/s L3 0.00GB/s
	Total MPI calls 2
	IO DATA: rchar 4609 wchar 8843 syscr 51 syscw 27 read_bytes 0 write_bytes 352256
	Process OS info: (pid 556453 state R utime 1091 stime 1 cutime 0 cstime 0 CPU usage 98)
	CPU temperature (celsius): socket 0: 60 socket 1: 71[0m
EAR[556453](hratio_l30) at 2.60/1.47 in tcn366 MR[0] elapsed 4734 sec.: [32mLoop time: 1.107s DC Power: [35m378.6W[32m DRAM power: 0.00W PCK power: 389.46W
	avg. CPUFreq: 2.57GHz avg. IMCFreq: 1.47GHz
	CPI: 0.484 VPI: 0.00, Mem. bwidth: 0.13GB/s GFLOPS: 0.00 I/O: 0.01MB/s No MPI  
	TPI 0.03 Cache miss rates: L1 0.99GB/s L2 0.00GB/s L3 0.00GB/s
	Total MPI calls 2
	IO DATA: rchar 4609 wchar 8843 syscr 51 syscw 27 read_bytes 0 write_bytes 344064
	Process OS info: (pid 556453 state R utime 1092 stime 0 cutime 0 cstime 0 CPU usage 98)
	CPU temperature (celsius): socket 0: 59 socket 1: 71[0m
EAR[556453](hratio_l30) at 2.60/1.47 in tcn366 MR[0] elapsed 4745 sec.: [32mLoop time: 1.108s DC Power: [35m473.1W[32m DRAM power: 0.00W PCK power: 389.31W
	avg. CPUFreq: 2.57GHz avg. IMCFreq: 1.47GHz
	CPI: 0.483 VPI: 0.00, Mem. bwidth: 0.11GB/s GFLOPS: 0.00 I/O: 0.01MB/s No MPI  
	TPI 0.02 Cache miss rates: L1 0.97GB/s L2 0.00GB/s L3 0.00GB/s
	Total MPI calls 2
	IO DATA: rchar 4609 wchar 8843 syscr 51 syscw 27 read_bytes 0 write_bytes 303104
	Process OS info: (pid 556453 state R utime 1091 stime 1 cutime 0 cstime 0 CPU usage 98)
	CPU temperature (celsius): socket 0: 60 socket 1: 71[0m
EAR[556453](hratio_l30) at 2.60/1.47 in tcn366 MR[0] elapsed 4756 sec.: [32mLoop time: 1.108s DC Power: [35m473.1W[32m DRAM power: 0.00W PCK power: 389.36W
	avg. CPUFreq: 2.57GHz avg. IMCFreq: 1.47GHz
	CPI: 0.484 VPI: 0.00, Mem. bwidth: 0.14GB/s GFLOPS: 0.00 I/O: 0.01MB/s No MPI  
	TPI 0.03 Cache miss rates: L1 1.03GB/s L2 0.00GB/s L3 0.00GB/s
	Total MPI calls 2
	IO DATA: rchar 4609 wchar 8843 syscr 51 syscw 27 read_bytes 0 write_bytes 294912
	Process OS info: (pid 556453 state R utime 1092 stime 0 cutime 0 cstime 0 CPU usage 98)
	CPU temperature (celsius): socket 0: 60 socket 1: 71[0m
EAR[556453](hratio_l30) at 2.60/1.47 in tcn366 MR[0] elapsed 4767 sec.: [32mLoop time: 1.108s DC Power: [35m473.5W[32m DRAM power: 0.00W PCK power: 389.51W
	avg. CPUFreq: 2.57GHz avg. IMCFreq: 1.47GHz
	CPI: 0.484 VPI: 0.00, Mem. bwidth: 0.13GB/s GFLOPS: 0.00 I/O: 0.01MB/s No MPI  
	TPI 0.03 Cache miss rates: L1 0.97GB/s L2 0.00GB/s L3 0.00GB/s
	Total MPI calls 2
	IO DATA: rchar 4609 wchar 8843 syscr 51 syscw 27 read_bytes 0 write_bytes 294912
	Process OS info: (pid 556453 state R utime 1092 stime 1 cutime 0 cstime 0 CPU usage 98)
	CPU temperature (celsius): socket 0: 60 socket 1: 71[0m
EAR[556453](hratio_l30) at 2.60/1.47 in tcn366 MR[0] elapsed 4778 sec.: [32mLoop time: 1.108s DC Power: [35m426.3W[32m DRAM power: 0.00W PCK power: 389.44W
	avg. CPUFreq: 2.57GHz avg. IMCFreq: 1.47GHz
	CPI: 0.484 VPI: 0.00, Mem. bwidth: 0.14GB/s GFLOPS: 0.00 I/O: 0.01MB/s No MPI  
	TPI 0.03 Cache miss rates: L1 0.96GB/s L2 0.00GB/s L3 0.00GB/s
	Total MPI calls 2
	IO DATA: rchar 4609 wchar 8843 syscr 51 syscw 27 read_bytes 0 write_bytes 294912
	Process OS info: (pid 556453 state R utime 1091 stime 1 cutime 0 cstime 0 CPU usage 98)
	CPU temperature (celsius): socket 0: 60 socket 1: 71[0m
EAR[556453](hratio_l30) at 2.60/1.47 in tcn366 MR[0] elapsed 4789 sec.: [32mLoop time: 1.108s DC Power: [35m474.0W[32m DRAM power: 0.00W PCK power: 389.43W
	avg. CPUFreq: 2.57GHz avg. IMCFreq: 1.47GHz
	CPI: 0.484 VPI: 0.00, Mem. bwidth: 0.11GB/s GFLOPS: 0.00 I/O: 0.01MB/s No MPI  
	TPI 0.02 Cache miss rates: L1 0.94GB/s L2 0.00GB/s L3 0.00GB/s
	Total MPI calls 2
	IO DATA: rchar 4609 wchar 8843 syscr 51 syscw 27 read_bytes 0 write_bytes 299008
	Process OS info: (pid 556453 state R utime 1092 stime 0 cutime 0 cstime 0 CPU usage 98)
	CPU temperature (celsius): socket 0: 60 socket 1: 71[0m
EAR[556453](hratio_l30) at 2.60/1.47 in tcn366 MR[0] elapsed 4800 sec.: [32mLoop time: 1.108s DC Power: [35m426.5W[32m DRAM power: 0.00W PCK power: 389.58W
	avg. CPUFreq: 2.57GHz avg. IMCFreq: 1.47GHz
	CPI: 0.484 VPI: 0.00, Mem. bwidth: 0.13GB/s GFLOPS: 0.00 I/O: 0.01MB/s No MPI  
	TPI 0.03 Cache miss rates: L1 0.95GB/s L2 0.00GB/s L3 0.00GB/s
	Total MPI calls 2
	IO DATA: rchar 4609 wchar 8843 syscr 51 syscw 27 read_bytes 0 write_bytes 327680
	Process OS info: (pid 556453 state R utime 1091 stime 1 cutime 0 cstime 0 CPU usage 98)
	CPU temperature (celsius): socket 0: 60 socket 1: 71[0m
EAR[556453](hratio_l30) at 2.60/1.47 in tcn366 MR[0] elapsed 4811 sec.: [32mLoop time: 1.107s DC Power: [35m474.0W[32m DRAM power: 0.00W PCK power: 389.32W
	avg. CPUFreq: 2.57GHz avg. IMCFreq: 1.47GHz
	CPI: 0.484 VPI: 0.00, Mem. bwidth: 0.13GB/s GFLOPS: 0.00 I/O: 0.01MB/s No MPI  
	TPI 0.03 Cache miss rates: L1 0.96GB/s L2 0.00GB/s L3 0.00GB/s
	Total MPI calls 2
	IO DATA: rchar 4609 wchar 8843 syscr 51 syscw 27 read_bytes 0 write_bytes 294912
	Process OS info: (pid 556453 state R utime 1085 stime 1 cutime 0 cstime 0 CPU usage 98)
	CPU temperature (celsius): socket 0: 60 socket 1: 71[0m
EAR[556453](hratio_l30) at 2.60/1.47 in tcn366 MR[0] elapsed 4822 sec.: [32mLoop time: 1.108s DC Power: [35m426.5W[32m DRAM power: 0.00W PCK power: 389.50W
	avg. CPUFreq: 2.57GHz avg. IMCFreq: 1.47GHz
	CPI: 0.484 VPI: 0.00, Mem. bwidth: 0.12GB/s GFLOPS: 0.00 I/O: 0.01MB/s No MPI  
	TPI 0.03 Cache miss rates: L1 0.93GB/s L2 0.00GB/s L3 0.00GB/s
	Total MPI calls 2
	IO DATA: rchar 4609 wchar 8843 syscr 51 syscw 27 read_bytes 0 write_bytes 397312
	Process OS info: (pid 556453 state R utime 1092 stime 1 cutime 0 cstime 0 CPU usage 98)
	CPU temperature (celsius): socket 0: 60 socket 1: 71[0m
EAR[556453](hratio_l30) at 2.60/1.47 in tcn366 MR[0] elapsed 4833 sec.: [32mLoop time: 1.107s DC Power: [35m473.1W[32m DRAM power: 0.00W PCK power: 389.33W
	avg. CPUFreq: 2.57GHz avg. IMCFreq: 1.47GHz
	CPI: 0.484 VPI: 0.00, Mem. bwidth: 0.12GB/s GFLOPS: 0.00 I/O: 0.01MB/s No MPI  
	TPI 0.03 Cache miss rates: L1 0.96GB/s L2 0.00GB/s L3 0.00GB/s
	Total MPI calls 2
	IO DATA: rchar 4609 wchar 8843 syscr 51 syscw 27 read_bytes 0 write_bytes 294912
	Process OS info: (pid 556453 state R utime 1091 stime 0 cutime 0 cstime 0 CPU usage 98)
	CPU temperature (celsius): socket 0: 60 socket 1: 71[0m
EAR[556453](hratio_l30) at 2.60/1.47 in tcn366 MR[0] elapsed 4844 sec.: [32mLoop time: 1.108s DC Power: [35m473.0W[32m DRAM power: 0.00W PCK power: 389.25W
	avg. CPUFreq: 2.57GHz avg. IMCFreq: 1.47GHz
	CPI: 0.484 VPI: 0.00, Mem. bwidth: 0.13GB/s GFLOPS: 0.00 I/O: 0.01MB/s No MPI  
	TPI 0.03 Cache miss rates: L1 0.96GB/s L2 0.00GB/s L3 0.00GB/s
	Total MPI calls 2
	IO DATA: rchar 4609 wchar 8843 syscr 51 syscw 27 read_bytes 0 write_bytes 294912
	Process OS info: (pid 556453 state R utime 1091 stime 1 cutime 0 cstime 0 CPU usage 98)
	CPU temperature (celsius): socket 0: 60 socket 1: 71[0m
EAR[556453](hratio_l30) at 2.60/1.47 in tcn366 MR[0] elapsed 4856 sec.: [32mLoop time: 1.107s DC Power: [35m425.8W[32m DRAM power: 0.00W PCK power: 389.35W
	avg. CPUFreq: 2.57GHz avg. IMCFreq: 1.47GHz
	CPI: 0.484 VPI: 0.00, Mem. bwidth: 0.13GB/s GFLOPS: 0.00 I/O: 0.01MB/s No MPI  
	TPI 0.03 Cache miss rates: L1 0.93GB/s L2 0.00GB/s L3 0.00GB/s
	Total MPI calls 2
	IO DATA: rchar 4609 wchar 8843 syscr 51 syscw 27 read_bytes 0 write_bytes 303104
	Process OS info: (pid 556453 state R utime 1090 stime 1 cutime 0 cstime 0 CPU usage 98)
	CPU temperature (celsius): socket 0: 60 socket 1: 71[0m
EAR[556453](hratio_l30) at 2.60/1.47 in tcn366 MR[0] elapsed 4867 sec.: [32mLoop time: 1.108s DC Power: [35m425.7W[32m DRAM power: 0.00W PCK power: 389.20W
	avg. CPUFreq: 2.57GHz avg. IMCFreq: 1.47GHz
	CPI: 0.484 VPI: 0.00, Mem. bwidth: 0.13GB/s GFLOPS: 0.00 I/O: 0.01MB/s No MPI  
	TPI 0.03 Cache miss rates: L1 0.94GB/s L2 0.00GB/s L3 0.00GB/s
	Total MPI calls 2
	IO DATA: rchar 4609 wchar 8843 syscr 51 syscw 27 read_bytes 0 write_bytes 417792
	Process OS info: (pid 556453 state R utime 1091 stime 0 cutime 0 cstime 0 CPU usage 98)
	CPU temperature (celsius): socket 0: 60 socket 1: 71[0m
EAR[556453](hratio_l30) at 2.60/1.47 in tcn366 MR[0] elapsed 4878 sec.: [32mLoop time: 1.107s DC Power: [35m473.1W[32m DRAM power: 0.00W PCK power: 389.23W
	avg. CPUFreq: 2.57GHz avg. IMCFreq: 1.47GHz
	CPI: 0.484 VPI: 0.00, Mem. bwidth: 0.11GB/s GFLOPS: 0.00 I/O: 0.01MB/s No MPI  
	TPI 0.02 Cache miss rates: L1 0.95GB/s L2 0.00GB/s L3 0.00GB/s
	Total MPI calls 2
	IO DATA: rchar 4609 wchar 8843 syscr 51 syscw 27 read_bytes 0 write_bytes 294912
	Process OS info: (pid 556453 state R utime 1091 stime 1 cutime 0 cstime 0 CPU usage 98)
	CPU temperature (celsius): socket 0: 60 socket 1: 71[0m
EAR[556453](hratio_l30) at 2.60/1.47 in tcn366 MR[0] elapsed 4889 sec.: [32mLoop time: 1.107s DC Power: [35m473.1W[32m DRAM power: 0.00W PCK power: 389.31W
	avg. CPUFreq: 2.57GHz avg. IMCFreq: 1.47GHz
	CPI: 0.484 VPI: 0.00, Mem. bwidth: 0.13GB/s GFLOPS: 0.00 I/O: 0.01MB/s No MPI  
	TPI 0.03 Cache miss rates: L1 0.93GB/s L2 0.00GB/s L3 0.00GB/s
	Total MPI calls 2
	IO DATA: rchar 4609 wchar 8843 syscr 51 syscw 27 read_bytes 0 write_bytes 294912
	Process OS info: (pid 556453 state R utime 1081 stime 2 cutime 0 cstime 0 CPU usage 97)
	CPU temperature (celsius): socket 0: 60 socket 1: 71[0m
EAR[556453](hratio_l30) at 2.60/1.47 in tcn366 MR[0] elapsed 4900 sec.: [32mLoop time: 1.108s DC Power: [35m472.9W[32m DRAM power: 0.00W PCK power: 389.12W
	avg. CPUFreq: 2.57GHz avg. IMCFreq: 1.47GHz
	CPI: 0.485 VPI: 0.00, Mem. bwidth: 0.15GB/s GFLOPS: 0.00 I/O: 0.01MB/s No MPI  
	TPI 0.03 Cache miss rates: L1 0.96GB/s L2 0.00GB/s L3 0.00GB/s
	Total MPI calls 2
	IO DATA: rchar 4609 wchar 8843 syscr 51 syscw 27 read_bytes 0 write_bytes 434176
	Process OS info: (pid 556453 state R utime 1092 stime 0 cutime 0 cstime 0 CPU usage 98)
	CPU temperature (celsius): socket 0: 60 socket 1: 71[0m
EAR[556453](hratio_l30) at 2.60/1.47 in tcn366 MR[0] elapsed 4911 sec.: [32mLoop time: 1.108s DC Power: [35m425.7W[32m DRAM power: 0.00W PCK power: 389.52W
	avg. CPUFreq: 2.57GHz avg. IMCFreq: 1.47GHz
	CPI: 0.483 VPI: 0.00, Mem. bwidth: 0.12GB/s GFLOPS: 0.00 I/O: 0.01MB/s No MPI  
	TPI 0.02 Cache miss rates: L1 0.91GB/s L2 0.00GB/s L3 0.00GB/s
	Total MPI calls 2
	IO DATA: rchar 4609 wchar 8843 syscr 51 syscw 27 read_bytes 0 write_bytes 294912
	Process OS info: (pid 556453 state R utime 1092 stime 1 cutime 0 cstime 0 CPU usage 98)
	CPU temperature (celsius): socket 0: 60 socket 1: 71[0m
EAR[556453](hratio_l30) at 2.60/1.47 in tcn366 MR[0] elapsed 4922 sec.: [32mLoop time: 1.110s DC Power: [35m424.8W[32m DRAM power: 0.00W PCK power: 389.53W
	avg. CPUFreq: 2.57GHz avg. IMCFreq: 1.47GHz
	CPI: 0.483 VPI: 0.00, Mem. bwidth: 0.12GB/s GFLOPS: 0.00 I/O: 0.01MB/s No MPI  
	TPI 0.02 Cache miss rates: L1 0.90GB/s L2 0.00GB/s L3 0.00GB/s
	Total MPI calls 2
	IO DATA: rchar 4609 wchar 8843 syscr 51 syscw 27 read_bytes 0 write_bytes 303104
	Process OS info: (pid 556453 state R utime 1080 stime 2 cutime 0 cstime 0 CPU usage 97)
	CPU temperature (celsius): socket 0: 60 socket 1: 71[0m
EAR[556453](hratio_l30) at 2.60/1.47 in tcn366 MR[0] elapsed 4933 sec.: [32mLoop time: 1.108s DC Power: [35m473.2W[32m DRAM power: 0.00W PCK power: 389.47W
	avg. CPUFreq: 2.57GHz avg. IMCFreq: 1.47GHz
	CPI: 0.483 VPI: 0.00, Mem. bwidth: 0.16GB/s GFLOPS: 0.00 I/O: 0.01MB/s No MPI  
	TPI 0.03 Cache miss rates: L1 0.91GB/s L2 0.00GB/s L3 0.00GB/s
	Total MPI calls 2
	IO DATA: rchar 4609 wchar 8843 syscr 51 syscw 27 read_bytes 0 write_bytes 393216
	Process OS info: (pid 556453 state R utime 1092 stime 1 cutime 0 cstime 0 CPU usage 98)
	CPU temperature (celsius): socket 0: 60 socket 1: 71[0m
EAR[556453](hratio_l30) at 2.60/1.47 in tcn366 MR[0] elapsed 4944 sec.: [32mLoop time: 1.107s DC Power: [35m474.0W[32m DRAM power: 0.00W PCK power: 389.78W
	avg. CPUFreq: 2.57GHz avg. IMCFreq: 1.47GHz
	CPI: 0.482 VPI: 0.00, Mem. bwidth: 0.12GB/s GFLOPS: 0.00 I/O: 0.01MB/s No MPI  
	TPI 0.02 Cache miss rates: L1 1.03GB/s L2 0.00GB/s L3 0.00GB/s
	Total MPI calls 2
	IO DATA: rchar 4609 wchar 8843 syscr 51 syscw 27 read_bytes 0 write_bytes 294912
	Process OS info: (pid 556453 state R utime 1091 stime 1 cutime 0 cstime 0 CPU usage 98)
	CPU temperature (celsius): socket 0: 60 socket 1: 71[0m
EAR[556453](hratio_l30) at 2.60/1.47 in tcn366 MR[0] elapsed 4955 sec.: [32mLoop time: 1.108s DC Power: [35m426.5W[32m DRAM power: 0.00W PCK power: 389.65W
	avg. CPUFreq: 2.57GHz avg. IMCFreq: 1.47GHz
	CPI: 0.483 VPI: 0.00, Mem. bwidth: 0.13GB/s GFLOPS: 0.00 I/O: 0.01MB/s No MPI  
	TPI 0.03 Cache miss rates: L1 1.03GB/s L2 0.00GB/s L3 0.00GB/s
	Total MPI calls 2
	IO DATA: rchar 4609 wchar 8843 syscr 51 syscw 27 read_bytes 0 write_bytes 294912
	Process OS info: (pid 556453 state R utime 1081 stime 0 cutime 0 cstime 0 CPU usage 97)
	CPU temperature (celsius): socket 0: 60 socket 1: 71[0m
EAR[556453](hratio_l30) at 2.60/1.47 in tcn366 MR[0] elapsed 4966 sec.: [32mLoop time: 1.107s DC Power: [35m474.1W[32m DRAM power: 0.00W PCK power: 389.57W
	avg. CPUFreq: 2.57GHz avg. IMCFreq: 1.47GHz
	CPI: 0.483 VPI: 0.00, Mem. bwidth: 0.13GB/s GFLOPS: 0.00 I/O: 0.01MB/s No MPI  
	TPI 0.03 Cache miss rates: L1 1.00GB/s L2 0.00GB/s L3 0.00GB/s
	Total MPI calls 2
	IO DATA: rchar 4609 wchar 8843 syscr 51 syscw 27 read_bytes 0 write_bytes 294912
	Process OS info: (pid 556453 state R utime 1091 stime 1 cutime 0 cstime 0 CPU usage 98)
	CPU temperature (celsius): socket 0: 59 socket 1: 71[0m
EAR[556453](hratio_l30) at 2.60/1.47 in tcn366 MR[0] elapsed 4977 sec.: [32mLoop time: 1.108s DC Power: [35m426.6W[32m DRAM power: 0.00W PCK power: 389.84W
	avg. CPUFreq: 2.57GHz avg. IMCFreq: 1.47GHz
	CPI: 0.482 VPI: 0.00, Mem. bwidth: 0.13GB/s GFLOPS: 0.00 I/O: 0.01MB/s No MPI  
	TPI 0.03 Cache miss rates: L1 1.02GB/s L2 0.00GB/s L3 0.00GB/s
	Total MPI calls 2
	IO DATA: rchar 4609 wchar 8843 syscr 51 syscw 27 read_bytes 0 write_bytes 294912
	Process OS info: (pid 556453 state R utime 1082 stime 2 cutime 0 cstime 0 CPU usage 97)
	CPU temperature (celsius): socket 0: 60 socket 1: 71[0m
EAR[556453](hratio_l30) at 2.60/1.47 in tcn366 MR[0] elapsed 4989 sec.: [32mLoop time: 1.108s DC Power: [35m473.8W[32m DRAM power: 0.00W PCK power: 389.91W
	avg. CPUFreq: 2.57GHz avg. IMCFreq: 1.47GHz
	CPI: 0.482 VPI: 0.00, Mem. bwidth: 0.13GB/s GFLOPS: 0.00 I/O: 0.01MB/s No MPI  
	TPI 0.03 Cache miss rates: L1 1.04GB/s L2 0.00GB/s L3 0.00GB/s
	Total MPI calls 2
	IO DATA: rchar 4609 wchar 8843 syscr 51 syscw 27 read_bytes 0 write_bytes 421888
	Process OS info: (pid 556453 state R utime 1092 stime 0 cutime 0 cstime 0 CPU usage 98)
	CPU temperature (celsius): socket 0: 60 socket 1: 71[0m
EAR[556453](hratio_l30) at 2.60/1.47 in tcn366 MR[0] elapsed 5000 sec.: [32mLoop time: 1.107s DC Power: [35m426.7W[32m DRAM power: 0.00W PCK power: 389.88W
	avg. CPUFreq: 2.57GHz avg. IMCFreq: 1.47GHz
	CPI: 0.482 VPI: 0.00, Mem. bwidth: 0.12GB/s GFLOPS: 0.00 I/O: 0.01MB/s No MPI  
	TPI 0.02 Cache miss rates: L1 1.01GB/s L2 0.00GB/s L3 0.00GB/s
	Total MPI calls 2
	IO DATA: rchar 4609 wchar 8843 syscr 51 syscw 27 read_bytes 0 write_bytes 425984
	Process OS info: (pid 556453 state R utime 1091 stime 1 cutime 0 cstime 0 CPU usage 98)
	CPU temperature (celsius): socket 0: 60 socket 1: 71[0m
EAR[556453](hratio_l30) at 2.60/1.47 in tcn366 MR[0] elapsed 5011 sec.: [32mLoop time: 1.107s DC Power: [35m474.2W[32m DRAM power: 0.00W PCK power: 390.05W
	avg. CPUFreq: 2.57GHz avg. IMCFreq: 1.47GHz
	CPI: 0.481 VPI: 0.00, Mem. bwidth: 0.13GB/s GFLOPS: 0.00 I/O: 0.01MB/s No MPI  
	TPI 0.03 Cache miss rates: L1 1.03GB/s L2 0.00GB/s L3 0.00GB/s
	Total MPI calls 2
	IO DATA: rchar 4609 wchar 8843 syscr 51 syscw 27 read_bytes 0 write_bytes 294912
	Process OS info: (pid 556453 state R utime 1091 stime 0 cutime 0 cstime 0 CPU usage 98)
	CPU temperature (celsius): socket 0: 60 socket 1: 71[0m
EAR[556453](hratio_l30) at 2.60/1.47 in tcn366 MR[0] elapsed 5022 sec.: [32mLoop time: 1.108s DC Power: [35m473.8W[32m DRAM power: 0.00W PCK power: 390.36W
	avg. CPUFreq: 2.57GHz avg. IMCFreq: 1.47GHz
	CPI: 0.480 VPI: 0.00, Mem. bwidth: 0.14GB/s GFLOPS: 0.00 I/O: 0.01MB/s No MPI  
	TPI 0.03 Cache miss rates: L1 1.00GB/s L2 0.00GB/s L3 0.00GB/s
	Total MPI calls 2
	IO DATA: rchar 4609 wchar 8843 syscr 51 syscw 27 read_bytes 0 write_bytes 294912
	Process OS info: (pid 556453 state R utime 1085 stime 1 cutime 0 cstime 0 CPU usage 98)
	CPU temperature (celsius): socket 0: 60 socket 1: 71[0m
EAR[556453](hratio_l30) at 2.60/1.47 in tcn366 MR[0] elapsed 5033 sec.: [32mLoop time: 1.108s DC Power: [35m473.7W[32m DRAM power: 0.00W PCK power: 390.51W
	avg. CPUFreq: 2.57GHz avg. IMCFreq: 1.47GHz
	CPI: 0.480 VPI: 0.00, Mem. bwidth: 0.12GB/s GFLOPS: 0.00 I/O: 0.01MB/s No MPI  
	TPI 0.02 Cache miss rates: L1 1.04GB/s L2 0.00GB/s L3 0.00GB/s
	Total MPI calls 2
	IO DATA: rchar 4609 wchar 8843 syscr 51 syscw 27 read_bytes 0 write_bytes 303104
	Process OS info: (pid 556453 state R utime 1093 stime 1 cutime 0 cstime 0 CPU usage 98)
	CPU temperature (celsius): socket 0: 60 socket 1: 71[0m
EAR[556453](hratio_l30) at 2.60/1.47 in tcn366 MR[0] elapsed 5044 sec.: [32mLoop time: 1.108s DC Power: [35m426.5W[32m DRAM power: 0.00W PCK power: 390.32W
	avg. CPUFreq: 2.57GHz avg. IMCFreq: 1.47GHz
	CPI: 0.480 VPI: 0.00, Mem. bwidth: 0.12GB/s GFLOPS: 0.00 I/O: 0.01MB/s No MPI  
	TPI 0.03 Cache miss rates: L1 1.05GB/s L2 0.00GB/s L3 0.00GB/s
	Total MPI calls 2
	IO DATA: rchar 4609 wchar 8843 syscr 51 syscw 27 read_bytes 0 write_bytes 282624
	Process OS info: (pid 556453 state R utime 1091 stime 1 cutime 0 cstime 0 CPU usage 98)
	CPU temperature (celsius): socket 0: 60 socket 1: 71[0m
EAR[556453](hratio_l30) at 2.60/1.47 in tcn366 MR[0] elapsed 5055 sec.: [32mLoop time: 1.108s DC Power: [35m473.9W[32m DRAM power: 0.00W PCK power: 390.42W
	avg. CPUFreq: 2.57GHz avg. IMCFreq: 1.47GHz
	CPI: 0.480 VPI: 0.00, Mem. bwidth: 0.12GB/s GFLOPS: 0.00 I/O: 0.01MB/s No MPI  
	TPI 0.02 Cache miss rates: L1 1.04GB/s L2 0.00GB/s L3 0.00GB/s
	Total MPI calls 2
	IO DATA: rchar 4609 wchar 8843 syscr 51 syscw 27 read_bytes 0 write_bytes 299008
	Process OS info: (pid 556453 state R utime 1092 stime 0 cutime 0 cstime 0 CPU usage 98)
	CPU temperature (celsius): socket 0: 60 socket 1: 71[0m
EAR[556453](hratio_l30) at 2.60/1.47 in tcn366 MR[0] elapsed 5066 sec.: [32mLoop time: 1.108s DC Power: [35m474.0W[32m DRAM power: 0.00W PCK power: 390.42W
	avg. CPUFreq: 2.57GHz avg. IMCFreq: 1.47GHz
	CPI: 0.480 VPI: 0.00, Mem. bwidth: 0.13GB/s GFLOPS: 0.00 I/O: 0.01MB/s No MPI  
	TPI 0.03 Cache miss rates: L1 1.01GB/s L2 0.00GB/s L3 0.00GB/s
	Total MPI calls 2
	IO DATA: rchar 4609 wchar 8843 syscr 51 syscw 27 read_bytes 0 write_bytes 294912
	Process OS info: (pid 556453 state R utime 1092 stime 1 cutime 0 cstime 0 CPU usage 98)
	CPU temperature (celsius): socket 0: 60 socket 1: 71[0m
EAR[556453](hratio_l30) at 2.60/1.47 in tcn366 MR[0] elapsed 5077 sec.: [32mLoop time: 1.108s DC Power: [35m474.0W[32m DRAM power: 0.00W PCK power: 390.29W
	avg. CPUFreq: 2.57GHz avg. IMCFreq: 1.47GHz
	CPI: 0.480 VPI: 0.00, Mem. bwidth: 0.12GB/s GFLOPS: 0.00 I/O: 0.01MB/s No MPI  
	TPI 0.03 Cache miss rates: L1 1.02GB/s L2 0.00GB/s L3 0.00GB/s
	Total MPI calls 2
	IO DATA: rchar 4609 wchar 8843 syscr 51 syscw 27 read_bytes 0 write_bytes 299008
	Process OS info: (pid 556453 state R utime 1091 stime 1 cutime 0 cstime 0 CPU usage 98)
	CPU temperature (celsius): socket 0: 60 socket 1: 71[0m
EAR[556453](hratio_l30) at 2.60/1.47 in tcn366 MR[0] elapsed 5088 sec.: [32mLoop time: 1.108s DC Power: [35m426.3W[32m DRAM power: 0.00W PCK power: 390.45W
	avg. CPUFreq: 2.57GHz avg. IMCFreq: 1.47GHz
	CPI: 0.479 VPI: 0.00, Mem. bwidth: 0.11GB/s GFLOPS: 0.00 I/O: 0.01MB/s No MPI  
	TPI 0.02 Cache miss rates: L1 1.07GB/s L2 0.00GB/s L3 0.00GB/s
	Total MPI calls 2
	IO DATA: rchar 4609 wchar 8843 syscr 51 syscw 27 read_bytes 0 write_bytes 356352
	Process OS info: (pid 556453 state R utime 1092 stime 0 cutime 0 cstime 0 CPU usage 98)
	CPU temperature (celsius): socket 0: 60 socket 1: 71[0m
EAR[556453](hratio_l30) at 2.60/1.47 in tcn366 MR[0] elapsed 5099 sec.: [32mLoop time: 1.108s DC Power: [35m426.5W[32m DRAM power: 0.00W PCK power: 390.70W
	avg. CPUFreq: 2.57GHz avg. IMCFreq: 1.47GHz
	CPI: 0.479 VPI: 0.00, Mem. bwidth: 0.13GB/s GFLOPS: 0.00 I/O: 0.01MB/s No MPI  
	TPI 0.03 Cache miss rates: L1 1.04GB/s L2 0.00GB/s L3 0.00GB/s
	Total MPI calls 2
	IO DATA: rchar 4609 wchar 8843 syscr 51 syscw 27 read_bytes 0 write_bytes 294912
	Process OS info: (pid 556453 state R utime 1092 stime 1 cutime 0 cstime 0 CPU usage 98)
	CPU temperature (celsius): socket 0: 60 socket 1: 71[0m
EAR[556453](hratio_l30) at 2.60/1.47 in tcn366 MR[0] elapsed 5110 sec.: [32mLoop time: 1.110s DC Power: [35m473.1W[32m DRAM power: 0.00W PCK power: 390.55W
	avg. CPUFreq: 2.57GHz avg. IMCFreq: 1.47GHz
	CPI: 0.479 VPI: 0.00, Mem. bwidth: 0.13GB/s GFLOPS: 0.00 I/O: 0.01MB/s No MPI  
	TPI 0.03 Cache miss rates: L1 1.02GB/s L2 0.00GB/s L3 0.00GB/s
	Total MPI calls 2
	IO DATA: rchar 4609 wchar 8843 syscr 51 syscw 27 read_bytes 0 write_bytes 299008
	Process OS info: (pid 556453 state R utime 1093 stime 1 cutime 0 cstime 0 CPU usage 98)
	CPU temperature (celsius): socket 0: 60 socket 1: 71[0m
EAR[556453](hratio_l30) at 2.60/1.47 in tcn366 MR[0] elapsed 5121 sec.: [32mLoop time: 1.108s DC Power: [35m474.9W[32m DRAM power: 0.00W PCK power: 390.79W
	avg. CPUFreq: 2.57GHz avg. IMCFreq: 1.47GHz
	CPI: 0.479 VPI: 0.00, Mem. bwidth: 0.11GB/s GFLOPS: 0.00 I/O: 0.01MB/s No MPI  
	TPI 0.02 Cache miss rates: L1 1.03GB/s L2 0.00GB/s L3 0.00GB/s
	Total MPI calls 2
	IO DATA: rchar 4609 wchar 8843 syscr 51 syscw 27 read_bytes 0 write_bytes 294912
	Process OS info: (pid 556453 state R utime 1092 stime 1 cutime 0 cstime 0 CPU usage 98)
	CPU temperature (celsius): socket 0: 60 socket 1: 71[0m
EAR[556453](hratio_l30) at 2.60/1.47 in tcn366 MR[0] elapsed 5133 sec.: [32mLoop time: 1.108s DC Power: [35m427.3W[32m DRAM power: 0.00W PCK power: 390.63W
	avg. CPUFreq: 2.57GHz avg. IMCFreq: 1.47GHz
	CPI: 0.479 VPI: 0.00, Mem. bwidth: 0.11GB/s GFLOPS: 0.00 I/O: 0.01MB/s No MPI  
	TPI 0.02 Cache miss rates: L1 1.05GB/s L2 0.00GB/s L3 0.00GB/s
	Total MPI calls 2
	IO DATA: rchar 4609 wchar 8843 syscr 51 syscw 27 read_bytes 0 write_bytes 294912
	Process OS info: (pid 556453 state R utime 1092 stime 1 cutime 0 cstime 0 CPU usage 98)
	CPU temperature (celsius): socket 0: 60 socket 1: 71[0m
EAR[556453](hratio_l30) at 2.60/1.47 in tcn366 MR[0] elapsed 5144 sec.: [32mLoop time: 1.108s DC Power: [35m474.7W[32m DRAM power: 0.00W PCK power: 390.60W
	avg. CPUFreq: 2.57GHz avg. IMCFreq: 1.47GHz
	CPI: 0.479 VPI: 0.00, Mem. bwidth: 0.14GB/s GFLOPS: 0.00 I/O: 0.01MB/s No MPI  
	TPI 0.03 Cache miss rates: L1 1.04GB/s L2 0.00GB/s L3 0.00GB/s
	Total MPI calls 2
	IO DATA: rchar 4609 wchar 8843 syscr 51 syscw 27 read_bytes 0 write_bytes 294912
	Process OS info: (pid 556453 state R utime 1091 stime 0 cutime 0 cstime 0 CPU usage 98)
	CPU temperature (celsius): socket 0: 60 socket 1: 71[0m
EAR[556453](hratio_l30) at 2.60/1.47 in tcn366 MR[0] elapsed 5155 sec.: [32mLoop time: 1.107s DC Power: [35m427.5W[32m DRAM power: 0.00W PCK power: 390.97W
	avg. CPUFreq: 2.57GHz avg. IMCFreq: 1.47GHz
	CPI: 0.478 VPI: 0.00, Mem. bwidth: 0.12GB/s GFLOPS: 0.00 I/O: 0.01MB/s No MPI  
	TPI 0.03 Cache miss rates: L1 1.04GB/s L2 0.00GB/s L3 0.00GB/s
	Total MPI calls 2
	IO DATA: rchar 4609 wchar 8843 syscr 51 syscw 27 read_bytes 0 write_bytes 299008
	Process OS info: (pid 556453 state R utime 1092 stime 1 cutime 0 cstime 0 CPU usage 98)
	CPU temperature (celsius): socket 0: 60 socket 1: 71[0m
EAR[556453](hratio_l30) at 2.60/1.47 in tcn366 MR[0] elapsed 5166 sec.: [32mLoop time: 1.108s DC Power: [35m474.8W[32m DRAM power: 0.00W PCK power: 391.24W
	avg. CPUFreq: 2.57GHz avg. IMCFreq: 1.47GHz
	CPI: 0.476 VPI: 0.00, Mem. bwidth: 0.13GB/s GFLOPS: 0.00 I/O: 0.01MB/s No MPI  
	TPI 0.03 Cache miss rates: L1 1.02GB/s L2 0.00GB/s L3 0.00GB/s
	Total MPI calls 2
	IO DATA: rchar 4609 wchar 8843 syscr 51 syscw 27 read_bytes 0 write_bytes 303104
	Process OS info: (pid 556453 state R utime 1091 stime 1 cutime 0 cstime 0 CPU usage 98)
	CPU temperature (celsius): socket 0: 60 socket 1: 71[0m
EAR[556453](hratio_l30) at 2.60/1.47 in tcn366 MR[0] elapsed 5177 sec.: [32mLoop time: 1.108s DC Power: [35m427.4W[32m DRAM power: 0.00W PCK power: 391.43W
	avg. CPUFreq: 2.57GHz avg. IMCFreq: 1.47GHz
	CPI: 0.476 VPI: 0.00, Mem. bwidth: 0.13GB/s GFLOPS: 0.00 I/O: 0.01MB/s No MPI  
	TPI 0.03 Cache miss rates: L1 1.05GB/s L2 0.00GB/s L3 0.00GB/s
	Total MPI calls 2
	IO DATA: rchar 4609 wchar 8843 syscr 51 syscw 27 read_bytes 0 write_bytes 303104
	Process OS info: (pid 556453 state R utime 1091 stime 1 cutime 0 cstime 0 CPU usage 98)
	CPU temperature (celsius): socket 0: 60 socket 1: 71[0m
EAR[556453](hratio_l30) at 2.60/1.47 in tcn366 MR[0] elapsed 5188 sec.: [32mLoop time: 1.107s DC Power: [35m475.1W[32m DRAM power: 0.00W PCK power: 391.55W
	avg. CPUFreq: 2.57GHz avg. IMCFreq: 1.47GHz
	CPI: 0.476 VPI: 0.00, Mem. bwidth: 0.13GB/s GFLOPS: 0.00 I/O: 0.01MB/s No MPI  
	TPI 0.03 Cache miss rates: L1 1.05GB/s L2 0.00GB/s L3 0.00GB/s
	Total MPI calls 2
	IO DATA: rchar 4609 wchar 8843 syscr 51 syscw 27 read_bytes 0 write_bytes 294912
	Process OS info: (pid 556453 state R utime 1091 stime 1 cutime 0 cstime 0 CPU usage 98)
	CPU temperature (celsius): socket 0: 60 socket 1: 71[0m
EAR[556453](hratio_l30) at 2.60/1.47 in tcn366 MR[0] elapsed 5199 sec.: [32mLoop time: 1.108s DC Power: [35m474.7W[32m DRAM power: 0.00W PCK power: 391.43W
	avg. CPUFreq: 2.57GHz avg. IMCFreq: 1.47GHz
	CPI: 0.476 VPI: 0.00, Mem. bwidth: 0.15GB/s GFLOPS: 0.00 I/O: 0.01MB/s No MPI  
	TPI 0.03 Cache miss rates: L1 1.02GB/s L2 0.00GB/s L3 0.00GB/s
	Total MPI calls 2
	IO DATA: rchar 4609 wchar 8843 syscr 51 syscw 27 read_bytes 0 write_bytes 442368
	Process OS info: (pid 556453 state R utime 1092 stime 0 cutime 0 cstime 0 CPU usage 98)
	CPU temperature (celsius): socket 0: 60 socket 1: 71[0m
EAR[556453](hratio_l30) at 2.60/1.47 in tcn366 MR[0] elapsed 5210 sec.: [32mLoop time: 1.108s DC Power: [35m474.6W[32m DRAM power: 0.00W PCK power: 391.44W
	avg. CPUFreq: 2.57GHz avg. IMCFreq: 1.47GHz
	CPI: 0.476 VPI: 0.00, Mem. bwidth: 0.10GB/s GFLOPS: 0.00 I/O: 0.01MB/s No MPI  
	TPI 0.02 Cache miss rates: L1 1.05GB/s L2 0.00GB/s L3 0.00GB/s
	Total MPI calls 2
	IO DATA: rchar 4609 wchar 8843 syscr 51 syscw 27 read_bytes 0 write_bytes 307200
	Process OS info: (pid 556453 state R utime 1092 stime 1 cutime 0 cstime 0 CPU usage 98)
	CPU temperature (celsius): socket 0: 60 socket 1: 71[0m
EAR[556453](hratio_l30) at 2.60/1.47 in tcn366 MR[0] elapsed 5221 sec.: [32mLoop time: 1.107s DC Power: [35m427.5W[32m DRAM power: 0.00W PCK power: 391.58W
	avg. CPUFreq: 2.57GHz avg. IMCFreq: 1.47GHz
	CPI: 0.476 VPI: 0.00, Mem. bwidth: 0.12GB/s GFLOPS: 0.00 I/O: 0.01MB/s No MPI  
	TPI 0.03 Cache miss rates: L1 1.05GB/s L2 0.00GB/s L3 0.00GB/s
	Total MPI calls 2
	IO DATA: rchar 4609 wchar 8843 syscr 51 syscw 27 read_bytes 0 write_bytes 299008
	Process OS info: (pid 556453 state R utime 1092 stime 1 cutime 0 cstime 0 CPU usage 98)
	CPU temperature (celsius): socket 0: 60 socket 1: 71[0m
EAR[556453](hratio_l30) at 2.60/1.47 in tcn366 MR[0] elapsed 5232 sec.: [32mLoop time: 1.107s DC Power: [35m474.9W[32m DRAM power: 0.00W PCK power: 391.43W
	avg. CPUFreq: 2.57GHz avg. IMCFreq: 1.47GHz
	CPI: 0.476 VPI: 0.00, Mem. bwidth: 0.14GB/s GFLOPS: 0.00 I/O: 0.01MB/s No MPI  
	TPI 0.03 Cache miss rates: L1 1.06GB/s L2 0.00GB/s L3 0.00GB/s
	Total MPI calls 2
	IO DATA: rchar 4609 wchar 8843 syscr 51 syscw 27 read_bytes 0 write_bytes 294912
	Process OS info: (pid 556453 state R utime 1092 stime 0 cutime 0 cstime 0 CPU usage 98)
	CPU temperature (celsius): socket 0: 60 socket 1: 71[0m
EAR[556453](hratio_l30) at 2.60/1.47 in tcn366 MR[0] elapsed 5243 sec.: [32mLoop time: 1.107s DC Power: [35m475.2W[32m DRAM power: 0.00W PCK power: 391.60W
	avg. CPUFreq: 2.57GHz avg. IMCFreq: 1.47GHz
	CPI: 0.476 VPI: 0.00, Mem. bwidth: 0.13GB/s GFLOPS: 0.00 I/O: 0.01MB/s No MPI  
	TPI 0.03 Cache miss rates: L1 1.03GB/s L2 0.00GB/s L3 0.00GB/s
	Total MPI calls 2
	IO DATA: rchar 4609 wchar 8843 syscr 51 syscw 27 read_bytes 0 write_bytes 294912
	Process OS info: (pid 556453 state R utime 1090 stime 1 cutime 0 cstime 0 CPU usage 98)
	CPU temperature (celsius): socket 0: 60 socket 1: 71[0m
EAR[556453](hratio_l30) at 2.60/1.47 in tcn366 MR[0] elapsed 5254 sec.: [32mLoop time: 1.107s DC Power: [35m475.0W[32m DRAM power: 0.00W PCK power: 391.65W
	avg. CPUFreq: 2.57GHz avg. IMCFreq: 1.47GHz
	CPI: 0.475 VPI: 0.00, Mem. bwidth: 0.12GB/s GFLOPS: 0.00 I/O: 0.01MB/s No MPI  
	TPI 0.02 Cache miss rates: L1 1.01GB/s L2 0.00GB/s L3 0.00GB/s
	Total MPI calls 2
	IO DATA: rchar 4609 wchar 8843 syscr 51 syscw 27 read_bytes 0 write_bytes 356352
	Process OS info: (pid 556453 state R utime 1092 stime 1 cutime 0 cstime 0 CPU usage 98)
	CPU temperature (celsius): socket 0: 60 socket 1: 71[0m
EAR[556453](hratio_l30) at 2.60/1.47 in tcn366 MR[0] elapsed 5265 sec.: [32mLoop time: 1.108s DC Power: [35m427.3W[32m DRAM power: 0.00W PCK power: 391.78W
	avg. CPUFreq: 2.57GHz avg. IMCFreq: 1.47GHz
	CPI: 0.474 VPI: 0.00, Mem. bwidth: 0.13GB/s GFLOPS: 0.00 I/O: 0.01MB/s No MPI  
	TPI 0.03 Cache miss rates: L1 0.89GB/s L2 0.00GB/s L3 0.00GB/s
	Total MPI calls 2
	IO DATA: rchar 4609 wchar 8843 syscr 51 syscw 27 read_bytes 0 write_bytes 294912
	Process OS info: (pid 556453 state R utime 1085 stime 1 cutime 0 cstime 0 CPU usage 98)
	CPU temperature (celsius): socket 0: 60 socket 1: 71[0m
EAR[556453](hratio_l30) at 2.60/1.47 in tcn366 MR[0] elapsed 5277 sec.: [32mLoop time: 1.108s DC Power: [35m427.5W[32m DRAM power: 0.00W PCK power: 391.91W
	avg. CPUFreq: 2.57GHz avg. IMCFreq: 1.47GHz
	CPI: 0.475 VPI: 0.00, Mem. bwidth: 0.12GB/s GFLOPS: 0.00 I/O: 0.01MB/s No MPI  
	TPI 0.03 Cache miss rates: L1 0.90GB/s L2 0.00GB/s L3 0.00GB/s
	Total MPI calls 2
	IO DATA: rchar 4609 wchar 8843 syscr 51 syscw 27 read_bytes 0 write_bytes 303104
	Process OS info: (pid 556453 state R utime 1092 stime 0 cutime 0 cstime 0 CPU usage 98)
	CPU temperature (celsius): socket 0: 60 socket 1: 71[0m
EAR[556453](hratio_l30) at 2.60/1.47 in tcn366 MR[0] elapsed 5288 sec.: [32mLoop time: 1.108s DC Power: [35m475.7W[32m DRAM power: 0.00W PCK power: 391.74W
	avg. CPUFreq: 2.57GHz avg. IMCFreq: 1.47GHz
	CPI: 0.475 VPI: 0.00, Mem. bwidth: 0.12GB/s GFLOPS: 0.00 I/O: 0.01MB/s No MPI  
	TPI 0.03 Cache miss rates: L1 0.86GB/s L2 0.00GB/s L3 0.00GB/s
	Total MPI calls 2
	IO DATA: rchar 4609 wchar 8843 syscr 51 syscw 27 read_bytes 0 write_bytes 442368
	Process OS info: (pid 556453 state R utime 1091 stime 1 cutime 0 cstime 0 CPU usage 98)
	CPU temperature (celsius): socket 0: 60 socket 1: 71[0m
EAR[556453](hratio_l30) at 2.60/1.47 in tcn366 MR[0] elapsed 5299 sec.: [32mLoop time: 1.108s DC Power: [35m475.7W[32m DRAM power: 0.00W PCK power: 391.86W
	avg. CPUFreq: 2.57GHz avg. IMCFreq: 1.47GHz
	CPI: 0.474 VPI: 0.00, Mem. bwidth: 0.11GB/s GFLOPS: 0.00 I/O: 0.01MB/s No MPI  
	TPI 0.02 Cache miss rates: L1 0.92GB/s L2 0.00GB/s L3 0.00GB/s
	Total MPI calls 2
	IO DATA: rchar 4609 wchar 8843 syscr 51 syscw 27 read_bytes 0 write_bytes 299008
	Process OS info: (pid 556453 state R utime 1092 stime 1 cutime 0 cstime 0 CPU usage 98)
	CPU temperature (celsius): socket 0: 60 socket 1: 71[0m
EAR[556453](hratio_l30) at 2.60/1.47 in tcn366 MR[0] elapsed 5310 sec.: [32mLoop time: 1.108s DC Power: [35m428.1W[32m DRAM power: 0.00W PCK power: 392.26W
	avg. CPUFreq: 2.57GHz avg. IMCFreq: 1.47GHz
	CPI: 0.473 VPI: 0.00, Mem. bwidth: 0.12GB/s GFLOPS: 0.00 I/O: 0.01MB/s No MPI  
	TPI 0.02 Cache miss rates: L1 0.90GB/s L2 0.00GB/s L3 0.00GB/s
	Total MPI calls 2
	IO DATA: rchar 4609 wchar 8843 syscr 51 syscw 27 read_bytes 0 write_bytes 294912
	Process OS info: (pid 556453 state R utime 1092 stime 1 cutime 0 cstime 0 CPU usage 98)
	CPU temperature (celsius): socket 0: 60 socket 1: 71[0m
EAR[556453](hratio_l30) at 2.60/1.47 in tcn366 MR[0] elapsed 5321 sec.: [32mLoop time: 1.108s DC Power: [35m475.5W[32m DRAM power: 0.00W PCK power: 392.09W
	avg. CPUFreq: 2.57GHz avg. IMCFreq: 1.47GHz
	CPI: 0.473 VPI: 0.00, Mem. bwidth: 0.14GB/s GFLOPS: 0.00 I/O: 0.01MB/s No MPI  
	TPI 0.03 Cache miss rates: L1 0.89GB/s L2 0.00GB/s L3 0.00GB/s
	Total MPI calls 2
	IO DATA: rchar 4609 wchar 8843 syscr 51 syscw 27 read_bytes 0 write_bytes 294912
	Process OS info: (pid 556453 state R utime 1092 stime 1 cutime 0 cstime 0 CPU usage 98)
	CPU temperature (celsius): socket 0: 60 socket 1: 71[0m
EAR[556453](hratio_l30) at 2.60/1.47 in tcn366 MR[0] elapsed 5332 sec.: [32mLoop time: 1.108s DC Power: [35m475.8W[32m DRAM power: 0.00W PCK power: 392.59W
	avg. CPUFreq: 2.57GHz avg. IMCFreq: 1.47GHz
	CPI: 0.472 VPI: 0.00, Mem. bwidth: 0.12GB/s GFLOPS: 0.00 I/O: 0.01MB/s No MPI  
	TPI 0.02 Cache miss rates: L1 0.95GB/s L2 0.00GB/s L3 0.00GB/s
	Total MPI calls 2
	IO DATA: rchar 4609 wchar 8843 syscr 51 syscw 27 read_bytes 0 write_bytes 397312
	Process OS info: (pid 556453 state R utime 1091 stime 1 cutime 0 cstime 0 CPU usage 98)
	CPU temperature (celsius): socket 0: 60 socket 1: 71[0m
EAR[556453](hratio_l30) at 2.60/1.47 in tcn366 MR[0] elapsed 5343 sec.: [32mLoop time: 1.108s DC Power: [35m475.5W[32m DRAM power: 0.00W PCK power: 392.97W
	avg. CPUFreq: 2.57GHz avg. IMCFreq: 1.47GHz
	CPI: 0.470 VPI: 0.00, Mem. bwidth: 0.11GB/s GFLOPS: 0.00 I/O: 0.01MB/s No MPI  
	TPI 0.02 Cache miss rates: L1 0.90GB/s L2 0.00GB/s L3 0.00GB/s
	Total MPI calls 2
	IO DATA: rchar 4609 wchar 8843 syscr 51 syscw 27 read_bytes 0 write_bytes 319488
	Process OS info: (pid 556453 state R utime 1093 stime 0 cutime 0 cstime 0 CPU usage 98)
	CPU temperature (celsius): socket 0: 60 socket 1: 71[0m
EAR[556453](hratio_l30) at 2.60/1.47 in tcn366 MR[0] elapsed 5354 sec.: [32mLoop time: 1.108s DC Power: [35m428.5W[32m DRAM power: 0.00W PCK power: 393.23W
	avg. CPUFreq: 2.57GHz avg. IMCFreq: 1.47GHz
	CPI: 0.469 VPI: 0.00, Mem. bwidth: 0.12GB/s GFLOPS: 0.00 I/O: 0.01MB/s No MPI  
	TPI 0.03 Cache miss rates: L1 0.93GB/s L2 0.00GB/s L3 0.00GB/s
	Total MPI calls 2
	IO DATA: rchar 4609 wchar 8843 syscr 51 syscw 27 read_bytes 0 write_bytes 303104
	Process OS info: (pid 556453 state R utime 1092 stime 1 cutime 0 cstime 0 CPU usage 98)
	CPU temperature (celsius): socket 0: 60 socket 1: 71[0m
EAR[556453](hratio_l30) at 2.60/1.47 in tcn366 MR[0] elapsed 5365 sec.: [32mLoop time: 1.108s DC Power: [35m476.5W[32m DRAM power: 0.00W PCK power: 393.50W
	avg. CPUFreq: 2.57GHz avg. IMCFreq: 1.47GHz
	CPI: 0.469 VPI: 0.00, Mem. bwidth: 0.11GB/s GFLOPS: 0.00 I/O: 0.01MB/s No MPI  
	TPI 0.02 Cache miss rates: L1 0.90GB/s L2 0.00GB/s L3 0.00GB/s
	Total MPI calls 2
	IO DATA: rchar 4609 wchar 8843 syscr 51 syscw 27 read_bytes 0 write_bytes 430080
	Process OS info: (pid 556453 state R utime 1092 stime 1 cutime 0 cstime 0 CPU usage 98)
	CPU temperature (celsius): socket 0: 60 socket 1: 71[0m
EAR[556453](hratio_l30) at 2.60/1.47 in tcn366 MR[0] elapsed 5376 sec.: [32mLoop time: 1.108s DC Power: [35m476.7W[32m DRAM power: 0.00W PCK power: 393.30W
	avg. CPUFreq: 2.57GHz avg. IMCFreq: 1.47GHz
	CPI: 0.469 VPI: 0.00, Mem. bwidth: 0.13GB/s GFLOPS: 0.00 I/O: 0.01MB/s No MPI  
	TPI 0.03 Cache miss rates: L1 0.91GB/s L2 0.00GB/s L3 0.00GB/s
	Total MPI calls 2
	IO DATA: rchar 4609 wchar 8843 syscr 51 syscw 27 read_bytes 0 write_bytes 294912
	Process OS info: (pid 556453 state R utime 1092 stime 0 cutime 0 cstime 0 CPU usage 98)
	CPU temperature (celsius): socket 0: 61 socket 1: 71[0m
EAR[556453](hratio_l30) at 2.60/1.47 in tcn366 MR[0] elapsed 5387 sec.: [32mLoop time: 1.107s DC Power: [35m476.8W[32m DRAM power: 0.00W PCK power: 393.31W
	avg. CPUFreq: 2.57GHz avg. IMCFreq: 1.47GHz
	CPI: 0.469 VPI: 0.00, Mem. bwidth: 0.12GB/s GFLOPS: 0.00 I/O: 0.01MB/s No MPI  
	TPI 0.03 Cache miss rates: L1 0.93GB/s L2 0.00GB/s L3 0.00GB/s
	Total MPI calls 2
	IO DATA: rchar 4609 wchar 8843 syscr 51 syscw 27 read_bytes 0 write_bytes 294912
	Process OS info: (pid 556453 state R utime 1090 stime 1 cutime 0 cstime 0 CPU usage 98)
	CPU temperature (celsius): socket 0: 60 socket 1: 71[0m
EAR[556453](hratio_l30) at 2.60/1.47 in tcn366 MR[0] elapsed 5398 sec.: [32mLoop time: 1.108s DC Power: [35m429.0W[32m DRAM power: 0.00W PCK power: 393.66W
	avg. CPUFreq: 2.57GHz avg. IMCFreq: 1.47GHz
	CPI: 0.468 VPI: 0.00, Mem. bwidth: 0.13GB/s GFLOPS: 0.00 I/O: 0.01MB/s No MPI  
	TPI 0.03 Cache miss rates: L1 0.92GB/s L2 0.00GB/s L3 0.00GB/s
	Total MPI calls 2
	IO DATA: rchar 4609 wchar 8843 syscr 51 syscw 27 read_bytes 0 write_bytes 294912
	Process OS info: (pid 556453 state R utime 1092 stime 0 cutime 0 cstime 0 CPU usage 98)
	CPU temperature (celsius): socket 0: 60 socket 1: 71[0m
EAR[556453](hratio_l30) at 2.60/1.47 in tcn366 MR[0] elapsed 5409 sec.: [32mLoop time: 1.107s DC Power: [35m476.8W[32m DRAM power: 0.00W PCK power: 393.67W
	avg. CPUFreq: 2.57GHz avg. IMCFreq: 1.47GHz
	CPI: 0.468 VPI: 0.00, Mem. bwidth: 0.26GB/s GFLOPS: 0.00 I/O: 0.01MB/s No MPI  
	TPI 0.05 Cache miss rates: L1 0.90GB/s L2 0.00GB/s L3 0.00GB/s
	Total MPI calls 2
	IO DATA: rchar 4609 wchar 8843 syscr 51 syscw 27 read_bytes 0 write_bytes 323584
	Process OS info: (pid 556453 state R utime 1090 stime 1 cutime 0 cstime 0 CPU usage 98)
	CPU temperature (celsius): socket 0: 60 socket 1: 71[0m
EAR[556453](hratio_l30) at 2.60/1.47 in tcn366 MR[0] elapsed 5421 sec.: [32mLoop time: 1.108s DC Power: [35m476.7W[32m DRAM power: 0.00W PCK power: 394.30W
	avg. CPUFreq: 2.57GHz avg. IMCFreq: 1.47GHz
	CPI: 0.468 VPI: 0.00, Mem. bwidth: 0.40GB/s GFLOPS: 0.00 I/O: 0.01MB/s No MPI  
	TPI 0.08 Cache miss rates: L1 0.87GB/s L2 0.00GB/s L3 0.00GB/s
	Total MPI calls 2
	IO DATA: rchar 4609 wchar 8843 syscr 51 syscw 27 read_bytes 0 write_bytes 299008
	Process OS info: (pid 556453 state R utime 1068 stime 1 cutime 0 cstime 0 CPU usage 96)
	CPU temperature (celsius): socket 0: 60 socket 1: 71[0m
EAR[556453](hratio_l30) at 2.60/1.47 in tcn366 MR[0] elapsed 5432 sec.: [32mLoop time: 1.108s DC Power: [35m476.4W[32m DRAM power: 0.00W PCK power: 393.79W
	avg. CPUFreq: 2.57GHz avg. IMCFreq: 1.47GHz
	CPI: 0.469 VPI: 0.00, Mem. bwidth: 0.20GB/s GFLOPS: 0.00 I/O: 0.01MB/s No MPI  
	TPI 0.04 Cache miss rates: L1 0.89GB/s L2 0.00GB/s L3 0.00GB/s
	Total MPI calls 2
	IO DATA: rchar 4609 wchar 8843 syscr 51 syscw 27 read_bytes 0 write_bytes 294912
	Process OS info: (pid 556453 state R utime 1081 stime 0 cutime 0 cstime 0 CPU usage 97)
	CPU temperature (celsius): socket 0: 60 socket 1: 71[0m
EAR[556453](hratio_l30) at 2.60/1.47 in tcn366 MR[0] elapsed 5443 sec.: [32mLoop time: 1.108s DC Power: [35m476.6W[32m DRAM power: 0.00W PCK power: 393.72W
	avg. CPUFreq: 2.57GHz avg. IMCFreq: 1.47GHz
	CPI: 0.468 VPI: 0.00, Mem. bwidth: 0.27GB/s GFLOPS: 0.00 I/O: 0.01MB/s No MPI  
	TPI 0.06 Cache miss rates: L1 0.93GB/s L2 0.00GB/s L3 0.00GB/s
	Total MPI calls 2
	IO DATA: rchar 4609 wchar 8843 syscr 51 syscw 27 read_bytes 0 write_bytes 294912
	Process OS info: (pid 556453 state R utime 1077 stime 1 cutime 0 cstime 0 CPU usage 97)
	CPU temperature (celsius): socket 0: 60 socket 1: 71[0m
EAR[556453](hratio_l30) at 2.60/1.47 in tcn366 MR[0] elapsed 5454 sec.: [32mLoop time: 1.108s DC Power: [35m429.0W[32m DRAM power: 0.00W PCK power: 394.21W
	avg. CPUFreq: 2.57GHz avg. IMCFreq: 1.47GHz
	CPI: 0.468 VPI: 0.00, Mem. bwidth: 0.39GB/s GFLOPS: 0.00 I/O: 0.01MB/s No MPI  
	TPI 0.08 Cache miss rates: L1 0.92GB/s L2 0.00GB/s L3 0.00GB/s
	Total MPI calls 2
	IO DATA: rchar 4609 wchar 8843 syscr 51 syscw 27 read_bytes 0 write_bytes 294912
	Process OS info: (pid 556453 state R utime 1089 stime 1 cutime 0 cstime 0 CPU usage 98)
	CPU temperature (celsius): socket 0: 60 socket 1: 71[0m
EAR[556453](hratio_l30) at 2.60/1.47 in tcn366 MR[0] elapsed 5465 sec.: [32mLoop time: 1.108s DC Power: [35m476.9W[32m DRAM power: 0.00W PCK power: 393.79W
	avg. CPUFreq: 2.57GHz avg. IMCFreq: 1.47GHz
	CPI: 0.468 VPI: 0.00, Mem. bwidth: 0.12GB/s GFLOPS: 0.00 I/O: 0.01MB/s No MPI  
	TPI 0.02 Cache miss rates: L1 0.90GB/s L2 0.00GB/s L3 0.00GB/s
	Total MPI calls 2
	IO DATA: rchar 4609 wchar 8843 syscr 51 syscw 27 read_bytes 0 write_bytes 430080
	Process OS info: (pid 556453 state R utime 1092 stime 1 cutime 0 cstime 0 CPU usage 98)
	CPU temperature (celsius): socket 0: 61 socket 1: 71[0m
EAR[556453](hratio_l30) at 2.60/1.47 in tcn366 MR[0] elapsed 5476 sec.: [32mLoop time: 1.107s DC Power: [35m477.7W[32m DRAM power: 0.00W PCK power: 394.01W
	avg. CPUFreq: 2.57GHz avg. IMCFreq: 1.47GHz
	CPI: 0.467 VPI: 0.00, Mem. bwidth: 0.14GB/s GFLOPS: 0.00 I/O: 0.01MB/s No MPI  
	TPI 0.03 Cache miss rates: L1 0.90GB/s L2 0.00GB/s L3 0.00GB/s
	Total MPI calls 2
	IO DATA: rchar 4609 wchar 8843 syscr 51 syscw 27 read_bytes 0 write_bytes 352256
	Process OS info: (pid 556453 state R utime 1084 stime 0 cutime 0 cstime 0 CPU usage 97)
	CPU temperature (celsius): socket 0: 61 socket 1: 71[0m
EAR[556453](hratio_l30) at 2.60/1.47 in tcn366 MR[0] elapsed 5487 sec.: [32mLoop time: 1.108s DC Power: [35m477.6W[32m DRAM power: 0.00W PCK power: 394.33W
	avg. CPUFreq: 2.57GHz avg. IMCFreq: 1.47GHz
	CPI: 0.466 VPI: 0.00, Mem. bwidth: 0.14GB/s GFLOPS: 0.00 I/O: 0.01MB/s No MPI  
	TPI 0.03 Cache miss rates: L1 0.91GB/s L2 0.00GB/s L3 0.00GB/s
	Total MPI calls 2
	IO DATA: rchar 4609 wchar 8843 syscr 51 syscw 27 read_bytes 0 write_bytes 294912
	Process OS info: (pid 556453 state R utime 1091 stime 1 cutime 0 cstime 0 CPU usage 98)
	CPU temperature (celsius): socket 0: 60 socket 1: 71[0m
EAR[556453](hratio_l30) at 2.60/1.47 in tcn366 MR[0] elapsed 5498 sec.: [32mLoop time: 1.107s DC Power: [35m477.7W[32m DRAM power: 0.00W PCK power: 394.22W
	avg. CPUFreq: 2.57GHz avg. IMCFreq: 1.47GHz
	CPI: 0.467 VPI: 0.00, Mem. bwidth: 0.15GB/s GFLOPS: 0.00 I/O: 0.01MB/s No MPI  
	TPI 0.03 Cache miss rates: L1 0.88GB/s L2 0.00GB/s L3 0.00GB/s
	Total MPI calls 2
	IO DATA: rchar 4609 wchar 8843 syscr 51 syscw 27 read_bytes 0 write_bytes 294912
	Process OS info: (pid 556453 state R utime 1091 stime 1 cutime 0 cstime 0 CPU usage 98)
	CPU temperature (celsius): socket 0: 61 socket 1: 71[0m
EAR[556453](hratio_l30) at 2.60/1.47 in tcn366 MR[0] elapsed 5509 sec.: [32mLoop time: 1.108s DC Power: [35m477.4W[32m DRAM power: 0.00W PCK power: 394.21W
	avg. CPUFreq: 2.57GHz avg. IMCFreq: 1.47GHz
	CPI: 0.466 VPI: 0.00, Mem. bwidth: 0.11GB/s GFLOPS: 0.00 I/O: 0.01MB/s No MPI  
	TPI 0.02 Cache miss rates: L1 0.88GB/s L2 0.00GB/s L3 0.00GB/s
	Total MPI calls 2
	IO DATA: rchar 4609 wchar 8843 syscr 51 syscw 27 read_bytes 0 write_bytes 294912
	Process OS info: (pid 556453 state R utime 1093 stime 0 cutime 0 cstime 0 CPU usage 98)
	CPU temperature (celsius): socket 0: 60 socket 1: 71[0m
EAR[556453](hratio_l30) at 2.60/1.47 in tcn366 MR[0] elapsed 5520 sec.: [32mLoop time: 1.108s DC Power: [35m382.0W[32m DRAM power: 0.00W PCK power: 394.40W
	avg. CPUFreq: 2.57GHz avg. IMCFreq: 1.47GHz
	CPI: 0.466 VPI: 0.00, Mem. bwidth: 0.13GB/s GFLOPS: 0.00 I/O: 0.01MB/s No MPI  
	TPI 0.03 Cache miss rates: L1 0.90GB/s L2 0.00GB/s L3 0.00GB/s
	Total MPI calls 2
	IO DATA: rchar 4609 wchar 8843 syscr 51 syscw 27 read_bytes 0 write_bytes 294912
	Process OS info: (pid 556453 state R utime 1092 stime 1 cutime 0 cstime 0 CPU usage 98)
	CPU temperature (celsius): socket 0: 61 socket 1: 71[0m
EAR[556453](hratio_l30) at 2.60/1.47 in tcn366 MR[0] elapsed 5531 sec.: [32mLoop time: 1.108s DC Power: [35m477.6W[32m DRAM power: 0.00W PCK power: 394.19W
	avg. CPUFreq: 2.57GHz avg. IMCFreq: 1.47GHz
	CPI: 0.466 VPI: 0.00, Mem. bwidth: 0.13GB/s GFLOPS: 0.00 I/O: 0.01MB/s No MPI  
	TPI 0.03 Cache miss rates: L1 0.88GB/s L2 0.00GB/s L3 0.00GB/s
	Total MPI calls 2
	IO DATA: rchar 4609 wchar 8843 syscr 51 syscw 27 read_bytes 0 write_bytes 299008
	Process OS info: (pid 556453 state R utime 1091 stime 0 cutime 0 cstime 0 CPU usage 98)
	CPU temperature (celsius): socket 0: 61 socket 1: 72[0m
EAR[556453](hratio_l30) at 2.60/1.47 in tcn366 MR[0] elapsed 5542 sec.: [32mLoop time: 1.107s DC Power: [35m477.7W[32m DRAM power: 0.00W PCK power: 394.38W
	avg. CPUFreq: 2.57GHz avg. IMCFreq: 1.47GHz
	CPI: 0.466 VPI: 0.00, Mem. bwidth: 0.12GB/s GFLOPS: 0.00 I/O: 0.01MB/s No MPI  
	TPI 0.02 Cache miss rates: L1 0.87GB/s L2 0.00GB/s L3 0.00GB/s
	Total MPI calls 2
	IO DATA: rchar 4609 wchar 8843 syscr 51 syscw 27 read_bytes 0 write_bytes 344064
	Process OS info: (pid 556453 state R utime 1092 stime 1 cutime 0 cstime 0 CPU usage 98)
	CPU temperature (celsius): socket 0: 61 socket 1: 71[0m
EAR[556453](hratio_l30) at 2.60/1.47 in tcn366 MR[0] elapsed 5553 sec.: [32mLoop time: 1.108s DC Power: [35m477.3W[32m DRAM power: 0.00W PCK power: 394.22W
	avg. CPUFreq: 2.57GHz avg. IMCFreq: 1.47GHz
	CPI: 0.466 VPI: 0.00, Mem. bwidth: 0.12GB/s GFLOPS: 0.00 I/O: 0.01MB/s No MPI  
	TPI 0.02 Cache miss rates: L1 0.81GB/s L2 0.00GB/s L3 0.00GB/s
	Total MPI calls 2
	IO DATA: rchar 4609 wchar 8843 syscr 51 syscw 27 read_bytes 0 write_bytes 499712
	Process OS info: (pid 556453 state R utime 1092 stime 1 cutime 0 cstime 0 CPU usage 98)
	CPU temperature (celsius): socket 0: 61 socket 1: 71[0m
EAR[556453](hratio_l30) at 2.60/1.47 in tcn366 MR[0] elapsed 5565 sec.: [32mLoop time: 1.107s DC Power: [35m477.8W[32m DRAM power: 0.00W PCK power: 394.18W
	avg. CPUFreq: 2.57GHz avg. IMCFreq: 1.47GHz
	CPI: 0.466 VPI: 0.00, Mem. bwidth: 0.12GB/s GFLOPS: 0.00 I/O: 0.01MB/s No MPI  
	TPI 0.03 Cache miss rates: L1 0.72GB/s L2 0.00GB/s L3 0.00GB/s
	Total MPI calls 2
	IO DATA: rchar 4609 wchar 8843 syscr 51 syscw 27 read_bytes 0 write_bytes 294912
	Process OS info: (pid 556453 state R utime 1091 stime 0 cutime 0 cstime 0 CPU usage 98)
	CPU temperature (celsius): socket 0: 61 socket 1: 71[0m
EAR[556453](hratio_l30) at 2.60/1.47 in tcn366 MR[0] elapsed 5576 sec.: [32mLoop time: 1.108s DC Power: [35m429.8W[32m DRAM power: 0.00W PCK power: 394.29W
	avg. CPUFreq: 2.57GHz avg. IMCFreq: 1.47GHz
	CPI: 0.467 VPI: 0.00, Mem. bwidth: 0.13GB/s GFLOPS: 0.00 I/O: 0.01MB/s No MPI  
	TPI 0.03 Cache miss rates: L1 0.71GB/s L2 0.00GB/s L3 0.00GB/s
	Total MPI calls 2
	IO DATA: rchar 4609 wchar 8843 syscr 51 syscw 27 read_bytes 0 write_bytes 290816
	Process OS info: (pid 556453 state R utime 1092 stime 1 cutime 0 cstime 0 CPU usage 98)
	CPU temperature (celsius): socket 0: 60 socket 1: 71[0m
EAR[556453](hratio_l30) at 2.60/1.47 in tcn366 MR[0] elapsed 5587 sec.: [32mLoop time: 1.108s DC Power: [35m477.4W[32m DRAM power: 0.00W PCK power: 394.21W
	avg. CPUFreq: 2.57GHz avg. IMCFreq: 1.47GHz
	CPI: 0.466 VPI: 0.00, Mem. bwidth: 0.13GB/s GFLOPS: 0.00 I/O: 0.01MB/s No MPI  
	TPI 0.03 Cache miss rates: L1 0.72GB/s L2 0.00GB/s L3 0.00GB/s
	Total MPI calls 2
	IO DATA: rchar 4609 wchar 8843 syscr 51 syscw 27 read_bytes 0 write_bytes 299008
	Process OS info: (pid 556453 state R utime 1092 stime 1 cutime 0 cstime 0 CPU usage 98)
	CPU temperature (celsius): socket 0: 60 socket 1: 71[0m
EAR[556453](hratio_l30) at 2.60/1.47 in tcn366 MR[0] elapsed 5598 sec.: [32mLoop time: 1.108s DC Power: [35m477.5W[32m DRAM power: 0.00W PCK power: 394.55W
	avg. CPUFreq: 2.57GHz avg. IMCFreq: 1.47GHz
	CPI: 0.465 VPI: 0.00, Mem. bwidth: 0.10GB/s GFLOPS: 0.00 I/O: 0.01MB/s No MPI  
	TPI 0.02 Cache miss rates: L1 0.70GB/s L2 0.00GB/s L3 0.00GB/s
	Total MPI calls 2
	IO DATA: rchar 4609 wchar 8843 syscr 51 syscw 27 read_bytes 0 write_bytes 299008
	Process OS info: (pid 556453 state R utime 1092 stime 0 cutime 0 cstime 0 CPU usage 98)
	CPU temperature (celsius): socket 0: 60 socket 1: 71[0m
EAR[556453](hratio_l30) at 2.60/1.47 in tcn366 MR[0] elapsed 5609 sec.: [32mLoop time: 1.107s DC Power: [35m429.9W[32m DRAM power: 0.00W PCK power: 394.76W
	avg. CPUFreq: 2.57GHz avg. IMCFreq: 1.47GHz
	CPI: 0.465 VPI: 0.00, Mem. bwidth: 0.12GB/s GFLOPS: 0.00 I/O: 0.01MB/s No MPI  
	TPI 0.03 Cache miss rates: L1 0.73GB/s L2 0.00GB/s L3 0.00GB/s
	Total MPI calls 2
	IO DATA: rchar 4609 wchar 8843 syscr 51 syscw 27 read_bytes 0 write_bytes 409600
	Process OS info: (pid 556453 state R utime 1091 stime 1 cutime 0 cstime 0 CPU usage 98)
	CPU temperature (celsius): socket 0: 61 socket 1: 71[0m
EAR[556453](hratio_l30) at 2.60/1.47 in tcn366 MR[0] elapsed 5620 sec.: [32mLoop time: 1.108s DC Power: [35m477.5W[32m DRAM power: 0.00W PCK power: 394.88W
	avg. CPUFreq: 2.57GHz avg. IMCFreq: 1.47GHz
	CPI: 0.464 VPI: 0.00, Mem. bwidth: 0.13GB/s GFLOPS: 0.00 I/O: 0.01MB/s No MPI  
	TPI 0.03 Cache miss rates: L1 0.77GB/s L2 0.00GB/s L3 0.00GB/s
	Total MPI calls 2
	IO DATA: rchar 4609 wchar 8843 syscr 51 syscw 27 read_bytes 0 write_bytes 294912
	Process OS info: (pid 556453 state R utime 1091 stime 0 cutime 0 cstime 0 CPU usage 98)
	CPU temperature (celsius): socket 0: 60 socket 1: 72[0m
EAR[556453](hratio_l30) at 2.60/1.47 in tcn366 MR[0] elapsed 5631 sec.: [32mLoop time: 1.107s DC Power: [35m478.4W[32m DRAM power: 0.00W PCK power: 395.13W
	avg. CPUFreq: 2.57GHz avg. IMCFreq: 1.47GHz
	CPI: 0.464 VPI: 0.00, Mem. bwidth: 0.11GB/s GFLOPS: 0.00 I/O: 0.01MB/s No MPI  
	TPI 0.02 Cache miss rates: L1 0.72GB/s L2 0.00GB/s L3 0.00GB/s
	Total MPI calls 2
	IO DATA: rchar 4609 wchar 8843 syscr 51 syscw 27 read_bytes 0 write_bytes 294912
	Process OS info: (pid 556453 state R utime 1092 stime 1 cutime 0 cstime 0 CPU usage 98)
	CPU temperature (celsius): socket 0: 60 socket 1: 71[0m
EAR[556453](hratio_l30) at 2.60/1.47 in tcn366 MR[0] elapsed 5642 sec.: [32mLoop time: 1.110s DC Power: [35m477.3W[32m DRAM power: 0.00W PCK power: 395.00W
	avg. CPUFreq: 2.57GHz avg. IMCFreq: 1.47GHz
	CPI: 0.464 VPI: 0.00, Mem. bwidth: 0.12GB/s GFLOPS: 0.00 I/O: 0.01MB/s No MPI  
	TPI 0.02 Cache miss rates: L1 0.76GB/s L2 0.00GB/s L3 0.00GB/s
	Total MPI calls 2
	IO DATA: rchar 4609 wchar 8843 syscr 51 syscw 27 read_bytes 0 write_bytes 331776
	Process OS info: (pid 556453 state R utime 1094 stime 0 cutime 0 cstime 0 CPU usage 98)
	CPU temperature (celsius): socket 0: 60 socket 1: 71[0m
EAR[556453](hratio_l30) at 2.60/1.47 in tcn366 MR[0] elapsed 5653 sec.: [32mLoop time: 1.108s DC Power: [35m478.4W[32m DRAM power: 0.00W PCK power: 395.06W
	avg. CPUFreq: 2.57GHz avg. IMCFreq: 1.47GHz
	CPI: 0.463 VPI: 0.00, Mem. bwidth: 0.16GB/s GFLOPS: 0.00 I/O: 0.01MB/s No MPI  
	TPI 0.03 Cache miss rates: L1 0.75GB/s L2 0.00GB/s L3 0.00GB/s
	Total MPI calls 2
	IO DATA: rchar 4609 wchar 8843 syscr 51 syscw 27 read_bytes 0 write_bytes 299008
	Process OS info: (pid 556453 state R utime 1091 stime 1 cutime 0 cstime 0 CPU usage 98)
	CPU temperature (celsius): socket 0: 60 socket 1: 72[0m
EAR[556453](hratio_l30) at 2.60/1.47 in tcn366 MR[0] elapsed 5664 sec.: [32mLoop time: 1.108s DC Power: [35m478.5W[32m DRAM power: 0.00W PCK power: 395.16W
	avg. CPUFreq: 2.57GHz avg. IMCFreq: 1.47GHz
	CPI: 0.464 VPI: 0.00, Mem. bwidth: 0.12GB/s GFLOPS: 0.00 I/O: 0.01MB/s No MPI  
	TPI 0.02 Cache miss rates: L1 0.75GB/s L2 0.00GB/s L3 0.00GB/s
	Total MPI calls 2
	IO DATA: rchar 4609 wchar 8843 syscr 51 syscw 27 read_bytes 0 write_bytes 299008
	Process OS info: (pid 556453 state R utime 1091 stime 1 cutime 0 cstime 0 CPU usage 98)
	CPU temperature (celsius): socket 0: 60 socket 1: 71[0m
EAR[556453](hratio_l30) at 2.60/1.47 in tcn366 MR[0] elapsed 5675 sec.: [32mLoop time: 1.108s DC Power: [35m478.3W[32m DRAM power: 0.00W PCK power: 395.19W
	avg. CPUFreq: 2.57GHz avg. IMCFreq: 1.47GHz
	CPI: 0.463 VPI: 0.00, Mem. bwidth: 0.12GB/s GFLOPS: 0.00 I/O: 0.01MB/s No MPI  
	TPI 0.02 Cache miss rates: L1 0.74GB/s L2 0.00GB/s L3 0.00GB/s
	Total MPI calls 2
	IO DATA: rchar 4609 wchar 8843 syscr 51 syscw 27 read_bytes 0 write_bytes 438272
	Process OS info: (pid 556453 state R utime 1093 stime 1 cutime 0 cstime 0 CPU usage 98)
	CPU temperature (celsius): socket 0: 61 socket 1: 72[0m
EAR[556453](hratio_l30) at 2.60/1.47 in tcn366 MR[0] elapsed 5686 sec.: [32mLoop time: 1.107s DC Power: [35m478.6W[32m DRAM power: 0.00W PCK power: 395.38W
	avg. CPUFreq: 2.57GHz avg. IMCFreq: 1.47GHz
	CPI: 0.462 VPI: 0.00, Mem. bwidth: 0.12GB/s GFLOPS: 0.00 I/O: 0.01MB/s No MPI  
	TPI 0.02 Cache miss rates: L1 0.72GB/s L2 0.00GB/s L3 0.00GB/s
	Total MPI calls 2
	IO DATA: rchar 4609 wchar 8843 syscr 51 syscw 27 read_bytes 0 write_bytes 299008
	Process OS info: (pid 556453 state R utime 1091 stime 1 cutime 0 cstime 0 CPU usage 98)
	CPU temperature (celsius): socket 0: 60 socket 1: 72[0m
EAR[556453](hratio_l30) at 2.60/1.47 in tcn366 MR[0] elapsed 5698 sec.: [32mLoop time: 1.108s DC Power: [35m382.6W[32m DRAM power: 0.00W PCK power: 395.50W
	avg. CPUFreq: 2.57GHz avg. IMCFreq: 1.47GHz
	CPI: 0.463 VPI: 0.00, Mem. bwidth: 0.12GB/s GFLOPS: 0.00 I/O: 0.01MB/s No MPI  
	TPI 0.02 Cache miss rates: L1 0.76GB/s L2 0.00GB/s L3 0.00GB/s
	Total MPI calls 2
	IO DATA: rchar 4609 wchar 8843 syscr 51 syscw 27 read_bytes 0 write_bytes 294912
	Process OS info: (pid 556453 state R utime 1092 stime 0 cutime 0 cstime 0 CPU usage 98)
	CPU temperature (celsius): socket 0: 60 socket 1: 71[0m
EAR[556453](hratio_l30) at 2.60/1.47 in tcn366 MR[0] elapsed 5709 sec.: [32mLoop time: 1.108s DC Power: [35m478.4W[32m DRAM power: 0.00W PCK power: 395.44W
	avg. CPUFreq: 2.57GHz avg. IMCFreq: 1.47GHz
	CPI: 0.462 VPI: 0.00, Mem. bwidth: 0.13GB/s GFLOPS: 0.00 I/O: 0.01MB/s No MPI  
	TPI 0.03 Cache miss rates: L1 0.70GB/s L2 0.00GB/s L3 0.00GB/s
	Total MPI calls 2
	IO DATA: rchar 4609 wchar 8843 syscr 51 syscw 27 read_bytes 0 write_bytes 294912
	Process OS info: (pid 556453 state R utime 1091 stime 1 cutime 0 cstime 0 CPU usage 98)
	CPU temperature (celsius): socket 0: 61 socket 1: 72[0m
EAR[556453](hratio_l30) at 2.60/1.47 in tcn366 MR[0] elapsed 5720 sec.: [32mLoop time: 1.108s DC Power: [35m478.5W[32m DRAM power: 0.00W PCK power: 395.85W
	avg. CPUFreq: 2.57GHz avg. IMCFreq: 1.47GHz
	CPI: 0.461 VPI: 0.00, Mem. bwidth: 0.12GB/s GFLOPS: 0.00 I/O: 0.01MB/s No MPI  
	TPI 0.02 Cache miss rates: L1 0.75GB/s L2 0.00GB/s L3 0.00GB/s
	Total MPI calls 2
	IO DATA: rchar 4609 wchar 8843 syscr 51 syscw 27 read_bytes 0 write_bytes 299008
	Process OS info: (pid 556453 state R utime 1092 stime 1 cutime 0 cstime 0 CPU usage 98)
	CPU temperature (celsius): socket 0: 60 socket 1: 71[0m
EAR[556453](hratio_l30) at 2.60/1.47 in tcn366 MR[0] elapsed 5731 sec.: [32mLoop time: 1.108s DC Power: [35m478.4W[32m DRAM power: 0.00W PCK power: 395.93W
	avg. CPUFreq: 2.57GHz avg. IMCFreq: 1.47GHz
	CPI: 0.461 VPI: 0.00, Mem. bwidth: 0.13GB/s GFLOPS: 0.00 I/O: 0.01MB/s No MPI  
	TPI 0.03 Cache miss rates: L1 0.77GB/s L2 0.00GB/s L3 0.00GB/s
	Total MPI calls 2
	IO DATA: rchar 4609 wchar 8843 syscr 51 syscw 27 read_bytes 0 write_bytes 294912
	Process OS info: (pid 556453 state R utime 1092 stime 0 cutime 0 cstime 0 CPU usage 98)
	CPU temperature (celsius): socket 0: 60 socket 1: 71[0m
EAR[556453](hratio_l30) at 2.60/1.47 in tcn366 MR[0] elapsed 5742 sec.: [32mLoop time: 1.108s DC Power: [35m478.5W[32m DRAM power: 0.00W PCK power: 395.69W
	avg. CPUFreq: 2.57GHz avg. IMCFreq: 1.47GHz
	CPI: 0.461 VPI: 0.00, Mem. bwidth: 0.15GB/s GFLOPS: 0.00 I/O: 0.01MB/s No MPI  
	TPI 0.03 Cache miss rates: L1 0.73GB/s L2 0.00GB/s L3 0.00GB/s
	Total MPI calls 2
	IO DATA: rchar 4609 wchar 8843 syscr 51 syscw 27 read_bytes 0 write_bytes 294912
	Process OS info: (pid 556453 state R utime 1091 stime 1 cutime 0 cstime 0 CPU usage 98)
	CPU temperature (celsius): socket 0: 61 socket 1: 72[0m
EAR[556453](hratio_l30) at 2.60/1.47 in tcn366 MR[0] elapsed 5753 sec.: [32mLoop time: 1.108s DC Power: [35m478.4W[32m DRAM power: 0.00W PCK power: 396.06W
	avg. CPUFreq: 2.57GHz avg. IMCFreq: 1.47GHz
	CPI: 0.460 VPI: 0.00, Mem. bwidth: 0.13GB/s GFLOPS: 0.00 I/O: 0.01MB/s No MPI  
	TPI 0.03 Cache miss rates: L1 0.74GB/s L2 0.00GB/s L3 0.00GB/s
	Total MPI calls 2
	IO DATA: rchar 4609 wchar 8843 syscr 51 syscw 27 read_bytes 0 write_bytes 299008
	Process OS info: (pid 556453 state R utime 1091 stime 1 cutime 0 cstime 0 CPU usage 98)
	CPU temperature (celsius): socket 0: 60 socket 1: 72[0m
EAR[556453](hratio_l30) at 2.60/1.47 in tcn366 MR[0] elapsed 5764 sec.: [32mLoop time: 1.118s DC Power: [35m474.0W[32m DRAM power: 0.00W PCK power: 396.05W
	avg. CPUFreq: 2.57GHz avg. IMCFreq: 1.47GHz
	CPI: 0.460 VPI: 0.00, Mem. bwidth: 0.13GB/s GFLOPS: 0.00 I/O: 0.01MB/s No MPI  
	TPI 0.03 Cache miss rates: L1 0.77GB/s L2 0.00GB/s L3 0.00GB/s
	Total MPI calls 2
	IO DATA: rchar 4609 wchar 8843 syscr 51 syscw 27 read_bytes 0 write_bytes 294912
	Process OS info: (pid 556453 state R utime 1094 stime 1 cutime 0 cstime 0 CPU usage 97)
	CPU temperature (celsius): socket 0: 60 socket 1: 71[0m
EAR[556453](hratio_l30) at 2.60/1.47 in tcn366 MR[0] elapsed 5775 sec.: [32mLoop time: 1.108s DC Power: [35m478.5W[32m DRAM power: 0.00W PCK power: 396.15W
	avg. CPUFreq: 2.57GHz avg. IMCFreq: 1.47GHz
	CPI: 0.460 VPI: 0.00, Mem. bwidth: 0.13GB/s GFLOPS: 0.00 I/O: 0.01MB/s No MPI  
	TPI 0.03 Cache miss rates: L1 0.78GB/s L2 0.00GB/s L3 0.00GB/s
	Total MPI calls 2
	IO DATA: rchar 4609 wchar 8843 syscr 51 syscw 27 read_bytes 0 write_bytes 294912
	Process OS info: (pid 556453 state R utime 1091 stime 0 cutime 0 cstime 0 CPU usage 98)
	CPU temperature (celsius): socket 0: 61 socket 1: 72[0m
EAR[556453](hratio_l30) at 2.60/1.47 in tcn366 MR[0] elapsed 5786 sec.: [32mLoop time: 1.108s DC Power: [35m479.1W[32m DRAM power: 0.00W PCK power: 396.24W
	avg. CPUFreq: 2.57GHz avg. IMCFreq: 1.47GHz
	CPI: 0.460 VPI: 0.00, Mem. bwidth: 0.13GB/s GFLOPS: 0.00 I/O: 0.01MB/s No MPI  
	TPI 0.03 Cache miss rates: L1 0.77GB/s L2 0.00GB/s L3 0.00GB/s
	Total MPI calls 2
	IO DATA: rchar 4609 wchar 8843 syscr 51 syscw 27 read_bytes 0 write_bytes 303104
	Process OS info: (pid 556453 state R utime 1092 stime 1 cutime 0 cstime 0 CPU usage 98)
	CPU temperature (celsius): socket 0: 61 socket 1: 72[0m
EAR[556453](hratio_l30) at 2.60/1.47 in tcn366 MR[0] elapsed 5797 sec.: [32mLoop time: 1.108s DC Power: [35m479.3W[32m DRAM power: 0.00W PCK power: 396.13W
	avg. CPUFreq: 2.57GHz avg. IMCFreq: 1.47GHz
	CPI: 0.460 VPI: 0.00, Mem. bwidth: 0.14GB/s GFLOPS: 0.00 I/O: 0.01MB/s No MPI  
	TPI 0.03 Cache miss rates: L1 0.75GB/s L2 0.00GB/s L3 0.00GB/s
	Total MPI calls 2
	IO DATA: rchar 4609 wchar 8843 syscr 51 syscw 27 read_bytes 0 write_bytes 294912
	Process OS info: (pid 556453 state R utime 1091 stime 1 cutime 0 cstime 0 CPU usage 98)
	CPU temperature (celsius): socket 0: 61 socket 1: 72[0m
EAR[556453](hratio_l30) at 2.60/1.47 in tcn366 MR[0] elapsed 5808 sec.: [32mLoop time: 1.107s DC Power: [35m479.5W[32m DRAM power: 0.00W PCK power: 396.65W
	avg. CPUFreq: 2.57GHz avg. IMCFreq: 1.47GHz
	CPI: 0.458 VPI: 0.00, Mem. bwidth: 0.11GB/s GFLOPS: 0.00 I/O: 0.01MB/s No MPI  
	TPI 0.02 Cache miss rates: L1 0.77GB/s L2 0.00GB/s L3 0.00GB/s
	Total MPI calls 2
	IO DATA: rchar 4609 wchar 8843 syscr 51 syscw 27 read_bytes 0 write_bytes 294912
	Process OS info: (pid 556453 state R utime 1092 stime 0 cutime 0 cstime 0 CPU usage 98)
	CPU temperature (celsius): socket 0: 61 socket 1: 72[0m
EAR[556453](hratio_l30) at 2.60/1.47 in tcn366 MR[0] elapsed 5819 sec.: [32mLoop time: 1.108s DC Power: [35m431.7W[32m DRAM power: 0.00W PCK power: 397.11W
	avg. CPUFreq: 2.57GHz avg. IMCFreq: 1.47GHz
	CPI: 0.457 VPI: 0.00, Mem. bwidth: 0.13GB/s GFLOPS: 0.00 I/O: 0.01MB/s No MPI  
	TPI 0.03 Cache miss rates: L1 0.76GB/s L2 0.00GB/s L3 0.00GB/s
	Total MPI calls 2
	IO DATA: rchar 4609 wchar 8843 syscr 51 syscw 27 read_bytes 0 write_bytes 299008
	Process OS info: (pid 556453 state R utime 1091 stime 1 cutime 0 cstime 0 CPU usage 98)
	CPU temperature (celsius): socket 0: 61 socket 1: 72[0m
EAR[556453](hratio_l30) at 2.60/1.47 in tcn366 MR[0] elapsed 5831 sec.: [32mLoop time: 1.112s DC Power: [35m478.2W[32m DRAM power: 0.00W PCK power: 396.97W
	avg. CPUFreq: 2.57GHz avg. IMCFreq: 1.47GHz
	CPI: 0.458 VPI: 0.00, Mem. bwidth: 0.13GB/s GFLOPS: 0.00 I/O: 0.01MB/s No MPI  
	TPI 0.03 Cache miss rates: L1 0.75GB/s L2 0.00GB/s L3 0.00GB/s
	Total MPI calls 2
	IO DATA: rchar 4609 wchar 8843 syscr 51 syscw 27 read_bytes 0 write_bytes 294912
	Process OS info: (pid 556453 state R utime 1093 stime 1 cutime 0 cstime 0 CPU usage 98)
	CPU temperature (celsius): socket 0: 61 socket 1: 72[0m
EAR[556453](hratio_l30) at 2.60/1.47 in tcn366 MR[0] elapsed 5842 sec.: [32mLoop time: 1.107s DC Power: [35m432.4W[32m DRAM power: 0.00W PCK power: 397.15W
	avg. CPUFreq: 2.57GHz avg. IMCFreq: 1.47GHz
	CPI: 0.457 VPI: 0.00, Mem. bwidth: 0.12GB/s GFLOPS: 0.00 I/O: 0.01MB/s No MPI  
	TPI 0.02 Cache miss rates: L1 0.74GB/s L2 0.00GB/s L3 0.00GB/s
	Total MPI calls 2
	IO DATA: rchar 4609 wchar 8843 syscr 51 syscw 27 read_bytes 0 write_bytes 294912
	Process OS info: (pid 556453 state R utime 1090 stime 0 cutime 0 cstime 0 CPU usage 98)
	CPU temperature (celsius): socket 0: 61 socket 1: 72[0m
EAR[556453](hratio_l30) at 2.60/1.47 in tcn366 MR[0] elapsed 5853 sec.: [32mLoop time: 1.107s DC Power: [35m480.4W[32m DRAM power: 0.00W PCK power: 397.40W
	avg. CPUFreq: 2.57GHz avg. IMCFreq: 1.47GHz
	CPI: 0.456 VPI: 0.00, Mem. bwidth: 0.10GB/s GFLOPS: 0.00 I/O: 0.01MB/s No MPI  
	TPI 0.02 Cache miss rates: L1 0.73GB/s L2 0.00GB/s L3 0.00GB/s
	Total MPI calls 2
	IO DATA: rchar 4609 wchar 8843 syscr 51 syscw 27 read_bytes 0 write_bytes 303104
	Process OS info: (pid 556453 state R utime 1092 stime 1 cutime 0 cstime 0 CPU usage 98)
	CPU temperature (celsius): socket 0: 61 socket 1: 72[0m
EAR[556453](hratio_l30) at 2.60/1.47 in tcn366 MR[0] elapsed 5864 sec.: [32mLoop time: 1.108s DC Power: [35m480.3W[32m DRAM power: 0.00W PCK power: 397.51W
	avg. CPUFreq: 2.57GHz avg. IMCFreq: 1.47GHz
	CPI: 0.456 VPI: 0.00, Mem. bwidth: 0.14GB/s GFLOPS: 0.00 I/O: 0.01MB/s No MPI  
	TPI 0.03 Cache miss rates: L1 0.74GB/s L2 0.00GB/s L3 0.00GB/s
	Total MPI calls 2
	IO DATA: rchar 4609 wchar 8843 syscr 51 syscw 27 read_bytes 0 write_bytes 299008
	Process OS info: (pid 556453 state R utime 1092 stime 1 cutime 0 cstime 0 CPU usage 98)
	CPU temperature (celsius): socket 0: 61 socket 1: 72[0m
EAR[556453](hratio_l30) at 2.60/1.47 in tcn366 MR[0] elapsed 5875 sec.: [32mLoop time: 1.107s DC Power: [35m432.4W[32m DRAM power: 0.00W PCK power: 398.03W
	avg. CPUFreq: 2.57GHz avg. IMCFreq: 1.47GHz
	CPI: 0.454 VPI: 0.00, Mem. bwidth: 0.12GB/s GFLOPS: 0.00 I/O: 0.01MB/s No MPI  
	TPI 0.02 Cache miss rates: L1 0.75GB/s L2 0.00GB/s L3 0.00GB/s
	Total MPI calls 2
	IO DATA: rchar 4609 wchar 8843 syscr 51 syscw 27 read_bytes 0 write_bytes 294912
	Process OS info: (pid 556453 state R utime 1092 stime 0 cutime 0 cstime 0 CPU usage 98)
	CPU temperature (celsius): socket 0: 61 socket 1: 72[0m
EAR[556453](hratio_l30) at 2.60/1.47 in tcn366 MR[0] elapsed 5886 sec.: [32mLoop time: 1.108s DC Power: [35m432.2W[32m DRAM power: 0.00W PCK power: 398.18W
	avg. CPUFreq: 2.57GHz avg. IMCFreq: 1.47GHz
	CPI: 0.454 VPI: 0.00, Mem. bwidth: 0.13GB/s GFLOPS: 0.00 I/O: 0.01MB/s No MPI  
	TPI 0.03 Cache miss rates: L1 0.72GB/s L2 0.00GB/s L3 0.00GB/s
	Total MPI calls 2
	IO DATA: rchar 4609 wchar 8843 syscr 51 syscw 27 read_bytes 0 write_bytes 385024
	Process OS info: (pid 556453 state R utime 1091 stime 1 cutime 0 cstime 0 CPU usage 98)
	CPU temperature (celsius): socket 0: 61 socket 1: 72[0m
EAR[556453](hratio_l30) at 2.60/1.47 in tcn366 MR[0] elapsed 5897 sec.: [32mLoop time: 1.108s DC Power: [35m480.2W[32m DRAM power: 0.00W PCK power: 398.04W
	avg. CPUFreq: 2.57GHz avg. IMCFreq: 1.47GHz
	CPI: 0.454 VPI: 0.00, Mem. bwidth: 0.13GB/s GFLOPS: 0.00 I/O: 0.01MB/s No MPI  
	TPI 0.03 Cache miss rates: L1 0.77GB/s L2 0.00GB/s L3 0.00GB/s
	Total MPI calls 2
	IO DATA: rchar 4609 wchar 8843 syscr 51 syscw 27 read_bytes 0 write_bytes 294912
	Process OS info: (pid 556453 state R utime 1092 stime 1 cutime 0 cstime 0 CPU usage 98)
	CPU temperature (celsius): socket 0: 61 socket 1: 72[0m
EAR[556453](hratio_l30) at 2.60/1.47 in tcn366 MR[0] elapsed 5908 sec.: [32mLoop time: 1.107s DC Power: [35m481.2W[32m DRAM power: 0.00W PCK power: 398.25W
	avg. CPUFreq: 2.57GHz avg. IMCFreq: 1.47GHz
	CPI: 0.454 VPI: 0.00, Mem. bwidth: 0.12GB/s GFLOPS: 0.00 I/O: 0.01MB/s No MPI  
	TPI 0.02 Cache miss rates: L1 0.71GB/s L2 0.00GB/s L3 0.00GB/s
	Total MPI calls 2
	IO DATA: rchar 4609 wchar 8843 syscr 51 syscw 27 read_bytes 0 write_bytes 299008
	Process OS info: (pid 556453 state R utime 1092 stime 0 cutime 0 cstime 0 CPU usage 98)
	CPU temperature (celsius): socket 0: 61 socket 1: 72[0m
EAR[556453](hratio_l30) at 2.60/1.47 in tcn366 MR[0] elapsed 5919 sec.: [32mLoop time: 1.112s DC Power: [35m479.1W[32m DRAM power: 0.00W PCK power: 398.11W
	avg. CPUFreq: 2.57GHz avg. IMCFreq: 1.47GHz
	CPI: 0.454 VPI: 0.00, Mem. bwidth: 0.13GB/s GFLOPS: 0.00 I/O: 0.01MB/s No MPI  
	TPI 0.03 Cache miss rates: L1 0.72GB/s L2 0.00GB/s L3 0.00GB/s
	Total MPI calls 2
	IO DATA: rchar 4609 wchar 8843 syscr 51 syscw 27 read_bytes 0 write_bytes 299008
	Process OS info: (pid 556453 state R utime 1092 stime 1 cutime 0 cstime 0 CPU usage 98)
	CPU temperature (celsius): socket 0: 61 socket 1: 72[0m
EAR[556453](hratio_l30) at 2.60/1.47 in tcn366 MR[0] elapsed 5930 sec.: [32mLoop time: 1.107s DC Power: [35m481.4W[32m DRAM power: 0.00W PCK power: 398.11W
	avg. CPUFreq: 2.57GHz avg. IMCFreq: 1.47GHz
	CPI: 0.454 VPI: 0.00, Mem. bwidth: 0.10GB/s GFLOPS: 0.00 I/O: 0.01MB/s No MPI  
	TPI 0.02 Cache miss rates: L1 0.76GB/s L2 0.00GB/s L3 0.00GB/s
	Total MPI calls 2
	IO DATA: rchar 4609 wchar 8843 syscr 51 syscw 27 read_bytes 0 write_bytes 294912
	Process OS info: (pid 556453 state R utime 1091 stime 1 cutime 0 cstime 0 CPU usage 98)
	CPU temperature (celsius): socket 0: 60 socket 1: 72[0m
EAR[556453](hratio_l30) at 2.60/1.47 in tcn366 MR[0] elapsed 5941 sec.: [32mLoop time: 1.108s DC Power: [35m433.0W[32m DRAM power: 0.00W PCK power: 398.25W
	avg. CPUFreq: 2.57GHz avg. IMCFreq: 1.47GHz
	CPI: 0.453 VPI: 0.00, Mem. bwidth: 0.13GB/s GFLOPS: 0.00 I/O: 0.01MB/s No MPI  
	TPI 0.03 Cache miss rates: L1 0.77GB/s L2 0.00GB/s L3 0.00GB/s
	Total MPI calls 2
	IO DATA: rchar 4609 wchar 8843 syscr 51 syscw 27 read_bytes 0 write_bytes 294912
	Process OS info: (pid 556453 state R utime 1092 stime 0 cutime 0 cstime 0 CPU usage 98)
	CPU temperature (celsius): socket 0: 61 socket 1: 72[0m
EAR[556453](hratio_l30) at 2.60/1.47 in tcn366 MR[0] elapsed 5952 sec.: [32mLoop time: 1.108s DC Power: [35m481.2W[32m DRAM power: 0.00W PCK power: 398.16W
	avg. CPUFreq: 2.57GHz avg. IMCFreq: 1.47GHz
	CPI: 0.454 VPI: 0.00, Mem. bwidth: 0.13GB/s GFLOPS: 0.00 I/O: 0.01MB/s No MPI  
	TPI 0.03 Cache miss rates: L1 0.77GB/s L2 0.00GB/s L3 0.00GB/s
	Total MPI calls 2
	IO DATA: rchar 4609 wchar 8843 syscr 51 syscw 27 read_bytes 0 write_bytes 303104
	Process OS info: (pid 556453 state R utime 1092 stime 1 cutime 0 cstime 0 CPU usage 98)
	CPU temperature (celsius): socket 0: 61 socket 1: 72[0m
EAR[556453](hratio_l30) at 2.60/1.47 in tcn366 MR[0] elapsed 5964 sec.: [32mLoop time: 1.107s DC Power: [35m481.3W[32m DRAM power: 0.00W PCK power: 398.39W
	avg. CPUFreq: 2.57GHz avg. IMCFreq: 1.47GHz
	CPI: 0.454 VPI: 0.00, Mem. bwidth: 0.12GB/s GFLOPS: 0.00 I/O: 0.01MB/s No MPI  
	TPI 0.02 Cache miss rates: L1 0.78GB/s L2 0.00GB/s L3 0.00GB/s
	Total MPI calls 2
	IO DATA: rchar 4609 wchar 8843 syscr 51 syscw 27 read_bytes 0 write_bytes 299008
	Process OS info: (pid 556453 state R utime 1092 stime 1 cutime 0 cstime 0 CPU usage 98)
	CPU temperature (celsius): socket 0: 61 socket 1: 72[0m
EAR[556453](hratio_l30) at 2.60/1.47 in tcn366 MR[0] elapsed 5975 sec.: [32mLoop time: 1.108s DC Power: [35m433.0W[32m DRAM power: 0.00W PCK power: 398.57W
	avg. CPUFreq: 2.57GHz avg. IMCFreq: 1.47GHz
	CPI: 0.452 VPI: 0.00, Mem. bwidth: 0.11GB/s GFLOPS: 0.00 I/O: 0.01MB/s No MPI  
	TPI 0.02 Cache miss rates: L1 0.75GB/s L2 0.00GB/s L3 0.00GB/s
	Total MPI calls 2
	IO DATA: rchar 4609 wchar 8843 syscr 51 syscw 27 read_bytes 0 write_bytes 299008
	Process OS info: (pid 556453 state R utime 1092 stime 0 cutime 0 cstime 0 CPU usage 98)
	CPU temperature (celsius): socket 0: 61 socket 1: 72[0m
EAR[556453](hratio_l30) at 2.60/1.47 in tcn366 MR[0] elapsed 5986 sec.: [32mLoop time: 1.108s DC Power: [35m481.1W[32m DRAM power: 0.00W PCK power: 398.49W
	avg. CPUFreq: 2.57GHz avg. IMCFreq: 1.47GHz
	CPI: 0.453 VPI: 0.00, Mem. bwidth: 0.12GB/s GFLOPS: 0.00 I/O: 0.01MB/s No MPI  
	TPI 0.03 Cache miss rates: L1 0.79GB/s L2 0.00GB/s L3 0.00GB/s
	Total MPI calls 2
	IO DATA: rchar 4609 wchar 8843 syscr 51 syscw 27 read_bytes 0 write_bytes 299008
	Process OS info: (pid 556453 state R utime 1091 stime 1 cutime 0 cstime 0 CPU usage 98)
	CPU temperature (celsius): socket 0: 61 socket 1: 72[0m
EAR[556453](hratio_l30) at 2.60/1.47 in tcn366 MR[0] elapsed 5997 sec.: [32mLoop time: 1.108s DC Power: [35m433.7W[32m DRAM power: 0.00W PCK power: 398.68W
	avg. CPUFreq: 2.57GHz avg. IMCFreq: 1.47GHz
	CPI: 0.453 VPI: 0.00, Mem. bwidth: 0.13GB/s GFLOPS: 0.00 I/O: 0.01MB/s No MPI  
	TPI 0.03 Cache miss rates: L1 0.80GB/s L2 0.00GB/s L3 0.00GB/s
	Total MPI calls 2
	IO DATA: rchar 4609 wchar 8843 syscr 51 syscw 27 read_bytes 0 write_bytes 294912
	Process OS info: (pid 556453 state R utime 1092 stime 1 cutime 0 cstime 0 CPU usage 98)
	CPU temperature (celsius): socket 0: 61 socket 1: 72[0m
EAR[556453](hratio_l30) at 2.60/1.47 in tcn366 MR[0] elapsed 6008 sec.: [32mLoop time: 1.110s DC Power: [35m481.1W[32m DRAM power: 0.00W PCK power: 398.63W
	avg. CPUFreq: 2.57GHz avg. IMCFreq: 1.47GHz
	CPI: 0.452 VPI: 0.00, Mem. bwidth: 0.11GB/s GFLOPS: 0.00 I/O: 0.01MB/s No MPI  
	TPI 0.02 Cache miss rates: L1 0.78GB/s L2 0.00GB/s L3 0.00GB/s
	Total MPI calls 2
	IO DATA: rchar 4609 wchar 8843 syscr 51 syscw 27 read_bytes 0 write_bytes 294912
	Process OS info: (pid 556453 state R utime 1093 stime 0 cutime 0 cstime 0 CPU usage 98)
	CPU temperature (celsius): socket 0: 61 socket 1: 72[0m
EAR[556453](hratio_l30) at 2.60/1.47 in tcn366 MR[0] elapsed 6019 sec.: [32mLoop time: 1.108s DC Power: [35m433.3W[32m DRAM power: 0.00W PCK power: 398.69W
	avg. CPUFreq: 2.57GHz avg. IMCFreq: 1.47GHz
	CPI: 0.452 VPI: 0.00, Mem. bwidth: 0.10GB/s GFLOPS: 0.00 I/O: 0.01MB/s No MPI  
	TPI 0.02 Cache miss rates: L1 0.78GB/s L2 0.00GB/s L3 0.00GB/s
	Total MPI calls 2
	IO DATA: rchar 4609 wchar 8843 syscr 51 syscw 27 read_bytes 0 write_bytes 303104
	Process OS info: (pid 556453 state R utime 1092 stime 1 cutime 0 cstime 0 CPU usage 98)
	CPU temperature (celsius): socket 0: 61 socket 1: 72[0m
EAR[556453](hratio_l30) at 2.60/1.47 in tcn366 MR[0] elapsed 6030 sec.: [32mLoop time: 1.107s DC Power: [35m481.3W[32m DRAM power: 0.00W PCK power: 399.09W
	avg. CPUFreq: 2.57GHz avg. IMCFreq: 1.47GHz
	CPI: 0.451 VPI: 0.00, Mem. bwidth: 0.13GB/s GFLOPS: 0.00 I/O: 0.01MB/s No MPI  
	TPI 0.03 Cache miss rates: L1 0.76GB/s L2 0.00GB/s L3 0.00GB/s
	Total MPI calls 2
	IO DATA: rchar 4609 wchar 8843 syscr 51 syscw 27 read_bytes 0 write_bytes 294912
	Process OS info: (pid 556453 state R utime 1091 stime 0 cutime 0 cstime 0 CPU usage 98)
	CPU temperature (celsius): socket 0: 61 socket 1: 72[0m
EAR[556453](hratio_l30) at 2.60/1.47 in tcn366 MR[0] elapsed 6041 sec.: [32mLoop time: 1.111s DC Power: [35m479.9W[32m DRAM power: 0.00W PCK power: 399.00W
	avg. CPUFreq: 2.57GHz avg. IMCFreq: 1.47GHz
	CPI: 0.451 VPI: 0.00, Mem. bwidth: 0.15GB/s GFLOPS: 0.00 I/O: 0.01MB/s No MPI  
	TPI 0.03 Cache miss rates: L1 0.80GB/s L2 0.00GB/s L3 0.00GB/s
	Total MPI calls 2
	IO DATA: rchar 4609 wchar 8843 syscr 51 syscw 27 read_bytes 0 write_bytes 303104
	Process OS info: (pid 556453 state R utime 1090 stime 1 cutime 0 cstime 0 CPU usage 98)
	CPU temperature (celsius): socket 0: 61 socket 1: 72[0m
EAR[556453](hratio_l30) at 2.60/1.47 in tcn366 MR[0] elapsed 6052 sec.: [32mLoop time: 1.108s DC Power: [35m481.2W[32m DRAM power: 0.00W PCK power: 399.13W
	avg. CPUFreq: 2.57GHz avg. IMCFreq: 1.47GHz
	CPI: 0.451 VPI: 0.00, Mem. bwidth: 0.11GB/s GFLOPS: 0.00 I/O: 0.01MB/s No MPI  
	TPI 0.02 Cache miss rates: L1 0.76GB/s L2 0.00GB/s L3 0.00GB/s
	Total MPI calls 2
	IO DATA: rchar 4609 wchar 8843 syscr 51 syscw 27 read_bytes 0 write_bytes 294912
	Process OS info: (pid 556453 state R utime 1093 stime 0 cutime 0 cstime 0 CPU usage 98)
	CPU temperature (celsius): socket 0: 61 socket 1: 72[0m
EAR[556453](hratio_l30) at 2.60/1.47 in tcn366 MR[0] elapsed 6063 sec.: [32mLoop time: 1.111s DC Power: [35m431.9W[32m DRAM power: 0.00W PCK power: 398.92W
	avg. CPUFreq: 2.57GHz avg. IMCFreq: 1.47GHz
	CPI: 0.451 VPI: 0.00, Mem. bwidth: 0.11GB/s GFLOPS: 0.00 I/O: 0.01MB/s No MPI  
	TPI 0.02 Cache miss rates: L1 0.76GB/s L2 0.00GB/s L3 0.00GB/s
	Total MPI calls 2
	IO DATA: rchar 4609 wchar 8843 syscr 51 syscw 27 read_bytes 0 write_bytes 503808
	Process OS info: (pid 556453 state R utime 1094 stime 2 cutime 0 cstime 0 CPU usage 98)
	CPU temperature (celsius): socket 0: 61 socket 1: 72[0m
EAR[556453](hratio_l30) at 2.60/1.47 in tcn366 MR[0] elapsed 6074 sec.: [32mLoop time: 1.107s DC Power: [35m481.3W[32m DRAM power: 0.00W PCK power: 398.99W
	avg. CPUFreq: 2.57GHz avg. IMCFreq: 1.47GHz
	CPI: 0.451 VPI: 0.00, Mem. bwidth: 0.12GB/s GFLOPS: 0.00 I/O: 0.01MB/s No MPI  
	TPI 0.02 Cache miss rates: L1 0.78GB/s L2 0.00GB/s L3 0.00GB/s
	Total MPI calls 2
	IO DATA: rchar 4609 wchar 8843 syscr 51 syscw 27 read_bytes 0 write_bytes 294912
	Process OS info: (pid 556453 state R utime 1092 stime 0 cutime 0 cstime 0 CPU usage 98)
	CPU temperature (celsius): socket 0: 61 socket 1: 72[0m
EAR[556453](hratio_l30) at 2.60/1.47 in tcn366 MR[0] elapsed 6085 sec.: [32mLoop time: 1.107s DC Power: [35m481.9W[32m DRAM power: 0.00W PCK power: 399.11W
	avg. CPUFreq: 2.57GHz avg. IMCFreq: 1.47GHz
	CPI: 0.451 VPI: 0.00, Mem. bwidth: 0.12GB/s GFLOPS: 0.00 I/O: 0.01MB/s No MPI  
	TPI 0.02 Cache miss rates: L1 0.76GB/s L2 0.00GB/s L3 0.00GB/s
	Total MPI calls 2
	IO DATA: rchar 4609 wchar 8843 syscr 51 syscw 27 read_bytes 0 write_bytes 311296
	Process OS info: (pid 556453 state R utime 1091 stime 1 cutime 0 cstime 0 CPU usage 98)
	CPU temperature (celsius): socket 0: 61 socket 1: 72[0m
EAR[556453](hratio_l30) at 2.60/1.47 in tcn366 MR[0] elapsed 6097 sec.: [32mLoop time: 1.108s DC Power: [35m482.0W[32m DRAM power: 0.00W PCK power: 399.25W
	avg. CPUFreq: 2.57GHz avg. IMCFreq: 1.47GHz
	CPI: 0.451 VPI: 0.00, Mem. bwidth: 0.13GB/s GFLOPS: 0.00 I/O: 0.01MB/s No MPI  
	TPI 0.03 Cache miss rates: L1 0.73GB/s L2 0.00GB/s L3 0.00GB/s
	Total MPI calls 2
	IO DATA: rchar 4609 wchar 8843 syscr 51 syscw 27 read_bytes 0 write_bytes 311296
	Process OS info: (pid 556453 state R utime 1091 stime 0 cutime 0 cstime 0 CPU usage 98)
	CPU temperature (celsius): socket 0: 61 socket 1: 72[0m
EAR[556453](hratio_l30) at 2.60/1.47 in tcn366 MR[0] elapsed 6108 sec.: [32mLoop time: 1.108s DC Power: [35m433.9W[32m DRAM power: 0.00W PCK power: 399.37W
	avg. CPUFreq: 2.57GHz avg. IMCFreq: 1.47GHz
	CPI: 0.450 VPI: 0.00, Mem. bwidth: 0.11GB/s GFLOPS: 0.00 I/O: 0.01MB/s No MPI  
	TPI 0.02 Cache miss rates: L1 0.72GB/s L2 0.00GB/s L3 0.00GB/s
	Total MPI calls 2
	IO DATA: rchar 4609 wchar 8843 syscr 51 syscw 27 read_bytes 0 write_bytes 294912
	Process OS info: (pid 556453 state R utime 1090 stime 1 cutime 0 cstime 0 CPU usage 98)
	CPU temperature (celsius): socket 0: 61 socket 1: 72[0m
EAR[556453](hratio_l30) at 2.60/1.47 in tcn366 MR[0] elapsed 6119 sec.: [32mLoop time: 1.107s DC Power: [35m434.0W[32m DRAM power: 0.00W PCK power: 399.44W
	avg. CPUFreq: 2.57GHz avg. IMCFreq: 1.47GHz
	CPI: 0.450 VPI: 0.00, Mem. bwidth: 0.12GB/s GFLOPS: 0.00 I/O: 0.01MB/s No MPI  
	TPI 0.02 Cache miss rates: L1 0.76GB/s L2 0.00GB/s L3 0.00GB/s
	Total MPI calls 2
	IO DATA: rchar 4609 wchar 8843 syscr 51 syscw 27 read_bytes 0 write_bytes 294912
	Process OS info: (pid 556453 state R utime 1091 stime 1 cutime 0 cstime 0 CPU usage 98)
	CPU temperature (celsius): socket 0: 61 socket 1: 72[0m
EAR[556453](hratio_l30) at 2.60/1.47 in tcn366 MR[0] elapsed 6130 sec.: [32mLoop time: 1.108s DC Power: [35m482.0W[32m DRAM power: 0.00W PCK power: 399.44W
	avg. CPUFreq: 2.57GHz avg. IMCFreq: 1.47GHz
	CPI: 0.450 VPI: 0.00, Mem. bwidth: 0.16GB/s GFLOPS: 0.00 I/O: 0.01MB/s No MPI  
	TPI 0.03 Cache miss rates: L1 0.74GB/s L2 0.00GB/s L3 0.00GB/s
	Total MPI calls 2
	IO DATA: rchar 4609 wchar 8843 syscr 51 syscw 27 read_bytes 0 write_bytes 294912
	Process OS info: (pid 556453 state R utime 1089 stime 1 cutime 0 cstime 0 CPU usage 98)
	CPU temperature (celsius): socket 0: 61 socket 1: 72[0m
EAR[556453](hratio_l30) at 2.60/1.47 in tcn366 MR[0] elapsed 6141 sec.: [32mLoop time: 1.108s DC Power: [35m482.1W[32m DRAM power: 0.00W PCK power: 400.03W
	avg. CPUFreq: 2.57GHz avg. IMCFreq: 1.47GHz
	CPI: 0.449 VPI: 0.00, Mem. bwidth: 0.13GB/s GFLOPS: 0.00 I/O: 0.01MB/s No MPI  
	TPI 0.03 Cache miss rates: L1 0.73GB/s L2 0.00GB/s L3 0.00GB/s
	Total MPI calls 2
	IO DATA: rchar 4609 wchar 8843 syscr 51 syscw 27 read_bytes 0 write_bytes 294912
	Process OS info: (pid 556453 state R utime 1091 stime 1 cutime 0 cstime 0 CPU usage 98)
	CPU temperature (celsius): socket 0: 61 socket 1: 72[0m
EAR[556453](hratio_l30) at 2.60/1.47 in tcn366 MR[0] elapsed 6152 sec.: [32mLoop time: 1.108s DC Power: [35m434.5W[32m DRAM power: 0.00W PCK power: 400.23W
	avg. CPUFreq: 2.57GHz avg. IMCFreq: 1.47GHz
	CPI: 0.448 VPI: 0.00, Mem. bwidth: 0.10GB/s GFLOPS: 0.00 I/O: 0.01MB/s No MPI  
	TPI 0.02 Cache miss rates: L1 0.72GB/s L2 0.00GB/s L3 0.00GB/s
	Total MPI calls 2
	IO DATA: rchar 4609 wchar 8843 syscr 51 syscw 27 read_bytes 0 write_bytes 319488
	Process OS info: (pid 556453 state R utime 1091 stime 0 cutime 0 cstime 0 CPU usage 98)
	CPU temperature (celsius): socket 0: 61 socket 1: 72[0m
EAR[556453](hratio_l30) at 2.60/1.47 in tcn366 MR[0] elapsed 6163 sec.: [32mLoop time: 1.108s DC Power: [35m483.0W[32m DRAM power: 0.00W PCK power: 400.16W
	avg. CPUFreq: 2.57GHz avg. IMCFreq: 1.47GHz
	CPI: 0.447 VPI: 0.00, Mem. bwidth: 0.14GB/s GFLOPS: 0.00 I/O: 0.01MB/s No MPI  
	TPI 0.03 Cache miss rates: L1 0.75GB/s L2 0.00GB/s L3 0.00GB/s
	Total MPI calls 2
	IO DATA: rchar 4609 wchar 8843 syscr 51 syscw 27 read_bytes 0 write_bytes 299008
	Process OS info: (pid 556453 state R utime 1090 stime 1 cutime 0 cstime 0 CPU usage 98)
	CPU temperature (celsius): socket 0: 61 socket 1: 72[0m
EAR[556453](hratio_l30) at 2.60/1.47 in tcn366 MR[0] elapsed 6174 sec.: [32mLoop time: 1.108s DC Power: [35m483.0W[32m DRAM power: 0.00W PCK power: 400.74W
	avg. CPUFreq: 2.57GHz avg. IMCFreq: 1.47GHz
	CPI: 0.446 VPI: 0.00, Mem. bwidth: 0.12GB/s GFLOPS: 0.00 I/O: 0.01MB/s No MPI  
	TPI 0.03 Cache miss rates: L1 0.75GB/s L2 0.00GB/s L3 0.00GB/s
	Total MPI calls 2
	IO DATA: rchar 4609 wchar 8843 syscr 51 syscw 27 read_bytes 0 write_bytes 294912
	Process OS info: (pid 556453 state R utime 1090 stime 1 cutime 0 cstime 0 CPU usage 98)
	CPU temperature (celsius): socket 0: 61 socket 1: 72[0m
EAR[556453](hratio_l30) at 2.60/1.47 in tcn366 MR[0] elapsed 6185 sec.: [32mLoop time: 1.107s DC Power: [35m483.1W[32m DRAM power: 0.00W PCK power: 400.58W
	avg. CPUFreq: 2.57GHz avg. IMCFreq: 1.47GHz
	CPI: 0.447 VPI: 0.00, Mem. bwidth: 0.10GB/s GFLOPS: 0.00 I/O: 0.01MB/s No MPI  
	TPI 0.02 Cache miss rates: L1 0.77GB/s L2 0.00GB/s L3 0.00GB/s
	Total MPI calls 2
	IO DATA: rchar 4609 wchar 8843 syscr 51 syscw 27 read_bytes 0 write_bytes 294912
	Process OS info: (pid 556453 state R utime 1092 stime 1 cutime 0 cstime 0 CPU usage 98)
	CPU temperature (celsius): socket 0: 61 socket 1: 72[0m
EAR[556453](hratio_l30) at 2.60/1.47 in tcn366 MR[0] elapsed 6196 sec.: [32mLoop time: 1.108s DC Power: [35m434.7W[32m DRAM power: 0.00W PCK power: 400.71W
	avg. CPUFreq: 2.57GHz avg. IMCFreq: 1.47GHz
	CPI: 0.446 VPI: 0.00, Mem. bwidth: 0.13GB/s GFLOPS: 0.00 I/O: 0.01MB/s No MPI  
	TPI 0.03 Cache miss rates: L1 0.72GB/s L2 0.00GB/s L3 0.00GB/s
	Total MPI calls 2
	IO DATA: rchar 4609 wchar 8843 syscr 51 syscw 27 read_bytes 0 write_bytes 294912
	Process OS info: (pid 556453 state R utime 1092 stime 0 cutime 0 cstime 0 CPU usage 98)
	CPU temperature (celsius): socket 0: 61 socket 1: 72[0m
EAR[556453](hratio_l30) at 2.60/1.47 in tcn366 MR[0] elapsed 6207 sec.: [32mLoop time: 1.108s DC Power: [35m483.0W[32m DRAM power: 0.00W PCK power: 401.05W
	avg. CPUFreq: 2.57GHz avg. IMCFreq: 1.47GHz
	CPI: 0.445 VPI: 0.00, Mem. bwidth: 0.13GB/s GFLOPS: 0.00 I/O: 0.01MB/s No MPI  
	TPI 0.03 Cache miss rates: L1 0.73GB/s L2 0.00GB/s L3 0.00GB/s
	Total MPI calls 2
	IO DATA: rchar 4609 wchar 8843 syscr 51 syscw 27 read_bytes 0 write_bytes 294912
	Process OS info: (pid 556453 state R utime 1091 stime 1 cutime 0 cstime 0 CPU usage 98)
	CPU temperature (celsius): socket 0: 61 socket 1: 72[0m
EAR[556453](hratio_l30) at 2.60/1.47 in tcn366 MR[0] elapsed 6218 sec.: [32mLoop time: 1.108s DC Power: [35m482.8W[32m DRAM power: 0.00W PCK power: 401.34W
	avg. CPUFreq: 2.57GHz avg. IMCFreq: 1.47GHz
	CPI: 0.444 VPI: 0.00, Mem. bwidth: 0.13GB/s GFLOPS: 0.00 I/O: 0.01MB/s No MPI  
	TPI 0.03 Cache miss rates: L1 0.73GB/s L2 0.00GB/s L3 0.00GB/s
	Total MPI calls 2
	IO DATA: rchar 4609 wchar 8843 syscr 51 syscw 27 read_bytes 0 write_bytes 348160
	Process OS info: (pid 556453 state R utime 1092 stime 1 cutime 0 cstime 0 CPU usage 98)
	CPU temperature (celsius): socket 0: 61 socket 1: 72[0m
EAR[556453](hratio_l30) at 2.60/1.47 in tcn366 MR[0] elapsed 6229 sec.: [32mLoop time: 1.110s DC Power: [35m482.8W[32m DRAM power: 0.00W PCK power: 401.80W
	avg. CPUFreq: 2.57GHz avg. IMCFreq: 1.47GHz
	CPI: 0.443 VPI: 0.00, Mem. bwidth: 0.10GB/s GFLOPS: 0.00 I/O: 0.01MB/s No MPI  
	TPI 0.02 Cache miss rates: L1 0.71GB/s L2 0.00GB/s L3 0.00GB/s
	Total MPI calls 2
	IO DATA: rchar 4609 wchar 8843 syscr 51 syscw 27 read_bytes 0 write_bytes 299008
	Process OS info: (pid 556453 state R utime 1094 stime 0 cutime 0 cstime 0 CPU usage 98)
	CPU temperature (celsius): socket 0: 61 socket 1: 72[0m
EAR[556453](hratio_l30) at 2.60/1.47 in tcn366 MR[0] elapsed 6241 sec.: [32mLoop time: 1.108s DC Power: [35m387.0W[32m DRAM power: 0.00W PCK power: 401.91W
	avg. CPUFreq: 2.57GHz avg. IMCFreq: 1.47GHz
	CPI: 0.443 VPI: 0.00, Mem. bwidth: 0.12GB/s GFLOPS: 0.00 I/O: 0.01MB/s No MPI  
	TPI 0.02 Cache miss rates: L1 0.73GB/s L2 0.00GB/s L3 0.00GB/s
	Total MPI calls 2
	IO DATA: rchar 4609 wchar 8843 syscr 51 syscw 27 read_bytes 0 write_bytes 294912
	Process OS info: (pid 556453 state R utime 1092 stime 1 cutime 0 cstime 0 CPU usage 98)
	CPU temperature (celsius): socket 0: 61 socket 1: 72[0m
EAR[556453](hratio_l30) at 2.60/1.47 in tcn366 MR[0] elapsed 6252 sec.: [32mLoop time: 1.108s DC Power: [35m483.9W[32m DRAM power: 0.00W PCK power: 401.72W
	avg. CPUFreq: 2.57GHz avg. IMCFreq: 1.47GHz
	CPI: 0.443 VPI: 0.00, Mem. bwidth: 0.12GB/s GFLOPS: 0.00 I/O: 0.01MB/s No MPI  
	TPI 0.02 Cache miss rates: L1 0.71GB/s L2 0.00GB/s L3 0.00GB/s
	Total MPI calls 2
	IO DATA: rchar 4609 wchar 8843 syscr 51 syscw 27 read_bytes 0 write_bytes 294912
	Process OS info: (pid 556453 state R utime 1092 stime 1 cutime 0 cstime 0 CPU usage 98)
	CPU temperature (celsius): socket 0: 61 socket 1: 72[0m
EAR[556453](hratio_l30) at 2.60/1.47 in tcn366 MR[0] elapsed 6263 sec.: [32mLoop time: 1.108s DC Power: [35m483.7W[32m DRAM power: 0.00W PCK power: 401.94W
	avg. CPUFreq: 2.57GHz avg. IMCFreq: 1.47GHz
	CPI: 0.443 VPI: 0.00, Mem. bwidth: 0.11GB/s GFLOPS: 0.00 I/O: 0.01MB/s No MPI  
	TPI 0.02 Cache miss rates: L1 0.75GB/s L2 0.00GB/s L3 0.00GB/s
	Total MPI calls 2
	IO DATA: rchar 4609 wchar 8843 syscr 51 syscw 27 read_bytes 0 write_bytes 294912
	Process OS info: (pid 556453 state R utime 1092 stime 1 cutime 0 cstime 0 CPU usage 98)
	CPU temperature (celsius): socket 0: 61 socket 1: 72[0m
EAR[556453](hratio_l30) at 2.60/1.47 in tcn366 MR[0] elapsed 6274 sec.: [32mLoop time: 1.108s DC Power: [35m483.8W[32m DRAM power: 0.00W PCK power: 401.83W
	avg. CPUFreq: 2.57GHz avg. IMCFreq: 1.47GHz
	CPI: 0.443 VPI: 0.00, Mem. bwidth: 0.11GB/s GFLOPS: 0.00 I/O: 0.01MB/s No MPI  
	TPI 0.02 Cache miss rates: L1 0.76GB/s L2 0.00GB/s L3 0.00GB/s
	Total MPI calls 2
	IO DATA: rchar 4609 wchar 8843 syscr 51 syscw 27 read_bytes 0 write_bytes 299008
	Process OS info: (pid 556453 state R utime 1092 stime 1 cutime 0 cstime 0 CPU usage 98)
	CPU temperature (celsius): socket 0: 61 socket 1: 72[0m
EAR[556453](hratio_l30) at 2.60/1.47 in tcn366 MR[0] elapsed 6285 sec.: [32mLoop time: 1.108s DC Power: [35m435.4W[32m DRAM power: 0.00W PCK power: 401.64W
	avg. CPUFreq: 2.57GHz avg. IMCFreq: 1.47GHz
	CPI: 0.443 VPI: 0.00, Mem. bwidth: 0.12GB/s GFLOPS: 0.00 I/O: 0.01MB/s No MPI  
	TPI 0.02 Cache miss rates: L1 0.72GB/s L2 0.00GB/s L3 0.00GB/s
	Total MPI calls 2
	IO DATA: rchar 4609 wchar 8843 syscr 51 syscw 27 read_bytes 0 write_bytes 442368
	Process OS info: (pid 556453 state R utime 1092 stime 1 cutime 0 cstime 0 CPU usage 98)
	CPU temperature (celsius): socket 0: 61 socket 1: 72[0m
EAR[556453](hratio_l30) at 2.60/1.47 in tcn366 MR[0] elapsed 6296 sec.: [32mLoop time: 1.108s DC Power: [35m435.5W[32m DRAM power: 0.00W PCK power: 401.79W
	avg. CPUFreq: 2.57GHz avg. IMCFreq: 1.47GHz
	CPI: 0.443 VPI: 0.00, Mem. bwidth: 0.13GB/s GFLOPS: 0.00 I/O: 0.01MB/s No MPI  
	TPI 0.03 Cache miss rates: L1 0.71GB/s L2 0.00GB/s L3 0.00GB/s
	Total MPI calls 2
	IO DATA: rchar 4609 wchar 8843 syscr 51 syscw 27 read_bytes 0 write_bytes 294912
	Process OS info: (pid 556453 state R utime 1092 stime 0 cutime 0 cstime 0 CPU usage 98)
	CPU temperature (celsius): socket 0: 61 socket 1: 72[0m
EAR[556453](hratio_l30) at 2.60/1.47 in tcn366 MR[0] elapsed 6307 sec.: [32mLoop time: 1.108s DC Power: [35m483.9W[32m DRAM power: 0.00W PCK power: 401.67W
	avg. CPUFreq: 2.57GHz avg. IMCFreq: 1.47GHz
	CPI: 0.443 VPI: 0.00, Mem. bwidth: 0.14GB/s GFLOPS: 0.00 I/O: 0.01MB/s No MPI  
	TPI 0.03 Cache miss rates: L1 0.75GB/s L2 0.00GB/s L3 0.00GB/s
	Total MPI calls 2
	IO DATA: rchar 4609 wchar 8843 syscr 51 syscw 27 read_bytes 0 write_bytes 290816
	Process OS info: (pid 556453 state R utime 1091 stime 1 cutime 0 cstime 0 CPU usage 98)
	CPU temperature (celsius): socket 0: 61 socket 1: 72[0m
EAR[556453](hratio_l30) at 2.60/1.47 in tcn366 MR[0] elapsed 6318 sec.: [32mLoop time: 1.107s DC Power: [35m484.2W[32m DRAM power: 0.00W PCK power: 401.80W
	avg. CPUFreq: 2.57GHz avg. IMCFreq: 1.47GHz
	CPI: 0.443 VPI: 0.00, Mem. bwidth: 0.10GB/s GFLOPS: 0.00 I/O: 0.01MB/s No MPI  
	TPI 0.02 Cache miss rates: L1 0.77GB/s L2 0.00GB/s L3 0.00GB/s
	Total MPI calls 2
	IO DATA: rchar 4609 wchar 8843 syscr 51 syscw 27 read_bytes 0 write_bytes 294912
	Process OS info: (pid 556453 state R utime 1092 stime 1 cutime 0 cstime 0 CPU usage 98)
	CPU temperature (celsius): socket 0: 61 socket 1: 72[0m
EAR[556453](hratio_l30) at 2.60/1.47 in tcn366 MR[0] elapsed 6329 sec.: [32mLoop time: 1.108s DC Power: [35m484.7W[32m DRAM power: 0.00W PCK power: 401.90W
	avg. CPUFreq: 2.57GHz avg. IMCFreq: 1.47GHz
	CPI: 0.443 VPI: 0.00, Mem. bwidth: 0.12GB/s GFLOPS: 0.00 I/O: 0.01MB/s No MPI  
	TPI 0.03 Cache miss rates: L1 0.71GB/s L2 0.00GB/s L3 0.00GB/s
	Total MPI calls 2
	IO DATA: rchar 4609 wchar 8843 syscr 51 syscw 27 read_bytes 0 write_bytes 294912
	Process OS info: (pid 556453 state R utime 1092 stime 0 cutime 0 cstime 0 CPU usage 98)
	CPU temperature (celsius): socket 0: 61 socket 1: 72[0m
EAR[556453](hratio_l30) at 2.60/1.47 in tcn366 MR[0] elapsed 6340 sec.: [32mLoop time: 1.108s DC Power: [35m484.7W[32m DRAM power: 0.00W PCK power: 401.71W
	avg. CPUFreq: 2.57GHz avg. IMCFreq: 1.47GHz
	CPI: 0.443 VPI: 0.00, Mem. bwidth: 0.23GB/s GFLOPS: 0.00 I/O: 0.01MB/s No MPI  
	TPI 0.05 Cache miss rates: L1 0.71GB/s L2 0.00GB/s L3 0.00GB/s
	Total MPI calls 2
	IO DATA: rchar 4609 wchar 8843 syscr 51 syscw 27 read_bytes 0 write_bytes 303104
	Process OS info: (pid 556453 state R utime 1084 stime 1 cutime 0 cstime 0 CPU usage 97)
	CPU temperature (celsius): socket 0: 61 socket 1: 72[0m
EAR[556453](hratio_l30) at 2.60/1.47 in tcn366 MR[0] elapsed 6351 sec.: [32mLoop time: 1.108s DC Power: [35m484.5W[32m DRAM power: 0.00W PCK power: 402.24W
	avg. CPUFreq: 2.57GHz avg. IMCFreq: 1.47GHz
	CPI: 0.443 VPI: 0.00, Mem. bwidth: 0.33GB/s GFLOPS: 0.00 I/O: 0.01MB/s No MPI  
	TPI 0.07 Cache miss rates: L1 0.71GB/s L2 0.00GB/s L3 0.00GB/s
	Total MPI calls 2
	IO DATA: rchar 4609 wchar 8843 syscr 51 syscw 27 read_bytes 0 write_bytes 397312
	Process OS info: (pid 556453 state R utime 1083 stime 1 cutime 0 cstime 0 CPU usage 97)
	CPU temperature (celsius): socket 0: 61 socket 1: 72[0m
EAR[556453](hratio_l30) at 2.60/1.47 in tcn366 MR[0] elapsed 6363 sec.: [32mLoop time: 1.117s DC Power: [35m432.4W[32m DRAM power: 0.00W PCK power: 401.85W
	avg. CPUFreq: 2.57GHz avg. IMCFreq: 1.47GHz
	CPI: 0.443 VPI: 0.00, Mem. bwidth: 0.23GB/s GFLOPS: 0.00 I/O: 0.01MB/s No MPI  
	TPI 0.05 Cache miss rates: L1 0.71GB/s L2 0.00GB/s L3 0.00GB/s
	Total MPI calls 2
	IO DATA: rchar 4609 wchar 8843 syscr 51 syscw 27 read_bytes 0 write_bytes 425984
	Process OS info: (pid 556453 state R utime 1092 stime 1 cutime 0 cstime 0 CPU usage 97)
	CPU temperature (celsius): socket 0: 61 socket 1: 72[0m
EAR[556453](hratio_l30) at 2.60/1.47 in tcn366 MR[0] elapsed 6374 sec.: [32mLoop time: 1.108s DC Power: [35m435.4W[32m DRAM power: 0.00W PCK power: 401.76W
	avg. CPUFreq: 2.57GHz avg. IMCFreq: 1.47GHz
	CPI: 0.444 VPI: 0.00, Mem. bwidth: 0.27GB/s GFLOPS: 0.00 I/O: 0.01MB/s No MPI  
	TPI 0.05 Cache miss rates: L1 0.69GB/s L2 0.00GB/s L3 0.00GB/s
	Total MPI calls 2
	IO DATA: rchar 4609 wchar 8843 syscr 51 syscw 27 read_bytes 0 write_bytes 294912
	Process OS info: (pid 556453 state R utime 1085 stime 1 cutime 0 cstime 0 CPU usage 98)
	CPU temperature (celsius): socket 0: 61 socket 1: 72[0m
EAR[556453](hratio_l30) at 2.60/1.47 in tcn366 MR[0] elapsed 6385 sec.: [32mLoop time: 1.110s DC Power: [35m482.9W[32m DRAM power: 0.00W PCK power: 402.76W
	avg. CPUFreq: 2.57GHz avg. IMCFreq: 1.47GHz
	CPI: 0.443 VPI: 0.00, Mem. bwidth: 0.35GB/s GFLOPS: 0.00 I/O: 0.01MB/s No MPI  
	TPI 0.07 Cache miss rates: L1 0.74GB/s L2 0.00GB/s L3 0.00GB/s
	Total MPI calls 2
	IO DATA: rchar 4609 wchar 8843 syscr 51 syscw 27 read_bytes 0 write_bytes 286720
	Process OS info: (pid 556453 state R utime 1062 stime 1 cutime 0 cstime 0 CPU usage 95)
	CPU temperature (celsius): socket 0: 61 socket 1: 72[0m
EAR[556453](hratio_l30) at 2.60/1.47 in tcn366 MR[0] elapsed 6396 sec.: [32mLoop time: 1.108s DC Power: [35m483.7W[32m DRAM power: 0.00W PCK power: 401.82W
	avg. CPUFreq: 2.57GHz avg. IMCFreq: 1.47GHz
	CPI: 0.443 VPI: 0.00, Mem. bwidth: 0.16GB/s GFLOPS: 0.00 I/O: 0.01MB/s No MPI  
	TPI 0.03 Cache miss rates: L1 0.72GB/s L2 0.00GB/s L3 0.00GB/s
	Total MPI calls 2
	IO DATA: rchar 4609 wchar 8843 syscr 51 syscw 27 read_bytes 0 write_bytes 294912
	Process OS info: (pid 556453 state R utime 1092 stime 1 cutime 0 cstime 0 CPU usage 98)
	CPU temperature (celsius): socket 0: 61 socket 1: 72[0m
EAR[556453](hratio_l30) at 2.60/1.47 in tcn366 MR[0] elapsed 6407 sec.: [32mLoop time: 1.108s DC Power: [35m483.8W[32m DRAM power: 0.00W PCK power: 401.90W
	avg. CPUFreq: 2.57GHz avg. IMCFreq: 1.47GHz
	CPI: 0.443 VPI: 0.00, Mem. bwidth: 0.13GB/s GFLOPS: 0.00 I/O: 0.01MB/s No MPI  
	TPI 0.03 Cache miss rates: L1 0.71GB/s L2 0.00GB/s L3 0.00GB/s
	Total MPI calls 2
	IO DATA: rchar 4609 wchar 8843 syscr 51 syscw 27 read_bytes 0 write_bytes 303104
	Process OS info: (pid 556453 state R utime 1091 stime 0 cutime 0 cstime 0 CPU usage 98)
	CPU temperature (celsius): socket 0: 61 socket 1: 72[0m
EAR[556453](hratio_l30) at 2.60/1.47 in tcn366 MR[0] elapsed 6418 sec.: [32mLoop time: 1.108s DC Power: [35m387.0W[32m DRAM power: 0.00W PCK power: 402.05W
	avg. CPUFreq: 2.57GHz avg. IMCFreq: 1.47GHz
	CPI: 0.442 VPI: 0.00, Mem. bwidth: 0.13GB/s GFLOPS: 0.00 I/O: 0.01MB/s No MPI  
	TPI 0.03 Cache miss rates: L1 0.70GB/s L2 0.00GB/s L3 0.00GB/s
	Total MPI calls 2
	IO DATA: rchar 4609 wchar 8843 syscr 51 syscw 27 read_bytes 0 write_bytes 376832
	Process OS info: (pid 556453 state R utime 1091 stime 1 cutime 0 cstime 0 CPU usage 98)
	CPU temperature (celsius): socket 0: 61 socket 1: 72[0m
EAR[556453](hratio_l30) at 2.60/1.47 in tcn366 MR[0] elapsed 6429 sec.: [32mLoop time: 1.107s DC Power: [35m484.1W[32m DRAM power: 0.00W PCK power: 402.42W
	avg. CPUFreq: 2.57GHz avg. IMCFreq: 1.47GHz
	CPI: 0.441 VPI: 0.00, Mem. bwidth: 0.12GB/s GFLOPS: 0.00 I/O: 0.01MB/s No MPI  
	TPI 0.02 Cache miss rates: L1 0.71GB/s L2 0.00GB/s L3 0.00GB/s
	Total MPI calls 2
	IO DATA: rchar 4609 wchar 8843 syscr 51 syscw 27 read_bytes 0 write_bytes 294912
	Process OS info: (pid 556453 state R utime 1091 stime 0 cutime 0 cstime 0 CPU usage 98)
	CPU temperature (celsius): socket 0: 61 socket 1: 72[0m
EAR[556453](hratio_l30) at 2.60/1.47 in tcn366 MR[0] elapsed 6440 sec.: [32mLoop time: 1.108s DC Power: [35m483.9W[32m DRAM power: 0.00W PCK power: 402.63W
	avg. CPUFreq: 2.57GHz avg. IMCFreq: 1.47GHz
	CPI: 0.440 VPI: 0.00, Mem. bwidth: 0.12GB/s GFLOPS: 0.00 I/O: 0.01MB/s No MPI  
	TPI 0.03 Cache miss rates: L1 0.72GB/s L2 0.00GB/s L3 0.00GB/s
	Total MPI calls 2
	IO DATA: rchar 4609 wchar 8843 syscr 51 syscw 27 read_bytes 0 write_bytes 290816
	Process OS info: (pid 556453 state R utime 1091 stime 1 cutime 0 cstime 0 CPU usage 98)
	CPU temperature (celsius): socket 0: 61 socket 1: 72[0m
EAR[556453](hratio_l30) at 2.60/1.47 in tcn366 MR[0] elapsed 6451 sec.: [32mLoop time: 1.107s DC Power: [35m484.9W[32m DRAM power: 0.00W PCK power: 402.80W
	avg. CPUFreq: 2.57GHz avg. IMCFreq: 1.47GHz
	CPI: 0.440 VPI: 0.00, Mem. bwidth: 0.13GB/s GFLOPS: 0.00 I/O: 0.01MB/s No MPI  
	TPI 0.03 Cache miss rates: L1 0.73GB/s L2 0.00GB/s L3 0.00GB/s
	Total MPI calls 2
	IO DATA: rchar 4609 wchar 8843 syscr 51 syscw 27 read_bytes 0 write_bytes 294912
	Process OS info: (pid 556453 state R utime 1092 stime 1 cutime 0 cstime 0 CPU usage 98)
	CPU temperature (celsius): socket 0: 61 socket 1: 72[0m
EAR[556453](hratio_l30) at 2.60/1.47 in tcn366 MR[0] elapsed 6462 sec.: [32mLoop time: 1.108s DC Power: [35m436.3W[32m DRAM power: 0.00W PCK power: 402.57W
	avg. CPUFreq: 2.57GHz avg. IMCFreq: 1.47GHz
	CPI: 0.441 VPI: 0.00, Mem. bwidth: 0.14GB/s GFLOPS: 0.00 I/O: 0.01MB/s No MPI  
	TPI 0.03 Cache miss rates: L1 0.75GB/s L2 0.00GB/s L3 0.00GB/s
	Total MPI calls 2
	IO DATA: rchar 4609 wchar 8843 syscr 51 syscw 27 read_bytes 0 write_bytes 294912
	Process OS info: (pid 556453 state R utime 1091 stime 0 cutime 0 cstime 0 CPU usage 98)
	CPU temperature (celsius): socket 0: 61 socket 1: 72[0m
EAR[556453](hratio_l30) at 2.60/1.47 in tcn366 MR[0] elapsed 6473 sec.: [32mLoop time: 1.108s DC Power: [35m484.8W[32m DRAM power: 0.00W PCK power: 402.66W
	avg. CPUFreq: 2.57GHz avg. IMCFreq: 1.47GHz
	CPI: 0.441 VPI: 0.00, Mem. bwidth: 0.13GB/s GFLOPS: 0.00 I/O: 0.01MB/s No MPI  
	TPI 0.03 Cache miss rates: L1 0.76GB/s L2 0.00GB/s L3 0.00GB/s
	Total MPI calls 2
	IO DATA: rchar 4609 wchar 8843 syscr 51 syscw 27 read_bytes 0 write_bytes 294912
	Process OS info: (pid 556453 state R utime 1091 stime 1 cutime 0 cstime 0 CPU usage 98)
	CPU temperature (celsius): socket 0: 61 socket 1: 72[0m
EAR[556453](hratio_l30) at 2.60/1.47 in tcn366 MR[0] elapsed 6484 sec.: [32mLoop time: 1.108s DC Power: [35m484.7W[32m DRAM power: 0.00W PCK power: 402.54W
	avg. CPUFreq: 2.57GHz avg. IMCFreq: 1.47GHz
	CPI: 0.440 VPI: 0.00, Mem. bwidth: 0.13GB/s GFLOPS: 0.00 I/O: 0.01MB/s No MPI  
	TPI 0.03 Cache miss rates: L1 0.74GB/s L2 0.00GB/s L3 0.00GB/s
	Total MPI calls 2
	IO DATA: rchar 4609 wchar 8843 syscr 51 syscw 27 read_bytes 0 write_bytes 413696
	Process OS info: (pid 556453 state R utime 1091 stime 1 cutime 0 cstime 0 CPU usage 98)
	CPU temperature (celsius): socket 0: 61 socket 1: 72[0m
EAR[556453](hratio_l30) at 2.60/1.47 in tcn366 MR[0] elapsed 6495 sec.: [32mLoop time: 1.107s DC Power: [35m485.0W[32m DRAM power: 0.00W PCK power: 402.60W
	avg. CPUFreq: 2.57GHz avg. IMCFreq: 1.47GHz
	CPI: 0.441 VPI: 0.00, Mem. bwidth: 0.12GB/s GFLOPS: 0.00 I/O: 0.01MB/s No MPI  
	TPI 0.02 Cache miss rates: L1 0.77GB/s L2 0.00GB/s L3 0.00GB/s
	Total MPI calls 2
	IO DATA: rchar 4609 wchar 8843 syscr 51 syscw 27 read_bytes 0 write_bytes 294912
	Process OS info: (pid 556453 state R utime 1092 stime 0 cutime 0 cstime 0 CPU usage 98)
	CPU temperature (celsius): socket 0: 61 socket 1: 72[0m
EAR[556453](hratio_l30) at 2.60/1.47 in tcn366 MR[0] elapsed 6507 sec.: [32mLoop time: 1.108s DC Power: [35m437.2W[32m DRAM power: 0.00W PCK power: 403.10W
	avg. CPUFreq: 2.57GHz avg. IMCFreq: 1.47GHz
	CPI: 0.440 VPI: 0.00, Mem. bwidth: 0.12GB/s GFLOPS: 0.00 I/O: 0.01MB/s No MPI  
	TPI 0.02 Cache miss rates: L1 0.72GB/s L2 0.00GB/s L3 0.00GB/s
	Total MPI calls 2
	IO DATA: rchar 4609 wchar 8843 syscr 51 syscw 27 read_bytes 0 write_bytes 294912
	Process OS info: (pid 556453 state R utime 1092 stime 1 cutime 0 cstime 0 CPU usage 98)
	CPU temperature (celsius): socket 0: 61 socket 1: 72[0m
EAR[556453](hratio_l30) at 2.60/1.47 in tcn366 MR[0] elapsed 6518 sec.: [32mLoop time: 1.107s DC Power: [35m485.8W[32m DRAM power: 0.00W PCK power: 403.40W
	avg. CPUFreq: 2.57GHz avg. IMCFreq: 1.47GHz
	CPI: 0.438 VPI: 0.00, Mem. bwidth: 0.12GB/s GFLOPS: 0.00 I/O: 0.01MB/s No MPI  
	TPI 0.03 Cache miss rates: L1 0.62GB/s L2 0.00GB/s L3 0.00GB/s
	Total MPI calls 2
	IO DATA: rchar 4609 wchar 8843 syscr 51 syscw 27 read_bytes 0 write_bytes 294912
	Process OS info: (pid 556453 state R utime 1090 stime 1 cutime 0 cstime 0 CPU usage 98)
	CPU temperature (celsius): socket 0: 61 socket 1: 72[0m
EAR[556453](hratio_l30) at 2.60/1.47 in tcn366 MR[0] elapsed 6529 sec.: [32mLoop time: 1.107s DC Power: [35m486.0W[32m DRAM power: 0.00W PCK power: 403.38W
	avg. CPUFreq: 2.57GHz avg. IMCFreq: 1.47GHz
	CPI: 0.438 VPI: 0.00, Mem. bwidth: 0.10GB/s GFLOPS: 0.00 I/O: 0.01MB/s No MPI  
	TPI 0.02 Cache miss rates: L1 0.62GB/s L2 0.00GB/s L3 0.00GB/s
	Total MPI calls 2
	IO DATA: rchar 4609 wchar 8843 syscr 51 syscw 27 read_bytes 0 write_bytes 294912
	Process OS info: (pid 556453 state R utime 1092 stime 0 cutime 0 cstime 0 CPU usage 98)
	CPU temperature (celsius): socket 0: 61 socket 1: 72[0m
EAR[556453](hratio_l30) at 2.60/1.47 in tcn366 MR[0] elapsed 6540 sec.: [32mLoop time: 1.108s DC Power: [35m437.1W[32m DRAM power: 0.00W PCK power: 403.41W
	avg. CPUFreq: 2.57GHz avg. IMCFreq: 1.47GHz
	CPI: 0.438 VPI: 0.00, Mem. bwidth: 0.12GB/s GFLOPS: 0.00 I/O: 0.01MB/s No MPI  
	TPI 0.03 Cache miss rates: L1 0.63GB/s L2 0.00GB/s L3 0.00GB/s
	Total MPI calls 2
	IO DATA: rchar 4609 wchar 8843 syscr 51 syscw 27 read_bytes 0 write_bytes 299008
	Process OS info: (pid 556453 state R utime 1091 stime 1 cutime 0 cstime 0 CPU usage 98)
	CPU temperature (celsius): socket 0: 61 socket 1: 72[0m
EAR[556453](hratio_l30) at 2.60/1.47 in tcn366 MR[0] elapsed 6551 sec.: [32mLoop time: 1.108s DC Power: [35m437.1W[32m DRAM power: 0.00W PCK power: 403.39W
	avg. CPUFreq: 2.57GHz avg. IMCFreq: 1.47GHz
	CPI: 0.438 VPI: 0.00, Mem. bwidth: 0.12GB/s GFLOPS: 0.00 I/O: 0.01MB/s No MPI  
	TPI 0.02 Cache miss rates: L1 0.64GB/s L2 0.00GB/s L3 0.00GB/s
	Total MPI calls 2
	IO DATA: rchar 4609 wchar 8843 syscr 51 syscw 27 read_bytes 0 write_bytes 294912
	Process OS info: (pid 556453 state R utime 1091 stime 1 cutime 0 cstime 0 CPU usage 98)
	CPU temperature (celsius): socket 0: 61 socket 1: 72[0m
EAR[556453](hratio_l30) at 2.60/1.47 in tcn366 MR[0] elapsed 6562 sec.: [32mLoop time: 1.108s DC Power: [35m485.7W[32m DRAM power: 0.00W PCK power: 404.07W
	avg. CPUFreq: 2.57GHz avg. IMCFreq: 1.47GHz
	CPI: 0.436 VPI: 0.00, Mem. bwidth: 0.11GB/s GFLOPS: 0.00 I/O: 0.01MB/s No MPI  
	TPI 0.02 Cache miss rates: L1 0.69GB/s L2 0.00GB/s L3 0.00GB/s
	Total MPI calls 2
	IO DATA: rchar 4609 wchar 8843 syscr 51 syscw 27 read_bytes 0 write_bytes 294912
	Process OS info: (pid 556453 state R utime 1093 stime 0 cutime 0 cstime 0 CPU usage 98)
	CPU temperature (celsius): socket 0: 61 socket 1: 72[0m
EAR[556453](hratio_l30) at 2.60/1.47 in tcn366 MR[0] elapsed 6573 sec.: [32mLoop time: 1.108s DC Power: [35m485.6W[32m DRAM power: 0.00W PCK power: 404.15W
	avg. CPUFreq: 2.57GHz avg. IMCFreq: 1.47GHz
	CPI: 0.436 VPI: 0.00, Mem. bwidth: 0.10GB/s GFLOPS: 0.00 I/O: 0.01MB/s No MPI  
	TPI 0.02 Cache miss rates: L1 0.63GB/s L2 0.00GB/s L3 0.00GB/s
	Total MPI calls 2
	IO DATA: rchar 4609 wchar 8843 syscr 51 syscw 27 read_bytes 0 write_bytes 311296
	Process OS info: (pid 556453 state R utime 1092 stime 1 cutime 0 cstime 0 CPU usage 98)
	CPU temperature (celsius): socket 0: 61 socket 1: 72[0m
EAR[556453](hratio_l30) at 2.60/1.47 in tcn366 MR[0] elapsed 6584 sec.: [32mLoop time: 1.108s DC Power: [35m485.4W[32m DRAM power: 0.00W PCK power: 404.11W
	avg. CPUFreq: 2.57GHz avg. IMCFreq: 1.47GHz
	CPI: 0.436 VPI: 0.00, Mem. bwidth: 0.14GB/s GFLOPS: 0.00 I/O: 0.01MB/s No MPI  
	TPI 0.03 Cache miss rates: L1 0.57GB/s L2 0.00GB/s L3 0.00GB/s
	Total MPI calls 2
	IO DATA: rchar 4609 wchar 8843 syscr 51 syscw 27 read_bytes 0 write_bytes 442368
	Process OS info: (pid 556453 state R utime 1092 stime 1 cutime 0 cstime 0 CPU usage 98)
	CPU temperature (celsius): socket 0: 61 socket 1: 72[0m
EAR[556453](hratio_l30) at 2.60/1.47 in tcn366 MR[0] elapsed 6595 sec.: [32mLoop time: 1.108s DC Power: [35m437.1W[32m DRAM power: 0.00W PCK power: 404.61W
	avg. CPUFreq: 2.57GHz avg. IMCFreq: 1.47GHz
	CPI: 0.435 VPI: 0.00, Mem. bwidth: 0.12GB/s GFLOPS: 0.00 I/O: 0.01MB/s No MPI  
	TPI 0.02 Cache miss rates: L1 0.56GB/s L2 0.00GB/s L3 0.00GB/s
	Total MPI calls 2
	IO DATA: rchar 4609 wchar 8843 syscr 51 syscw 27 read_bytes 0 write_bytes 299008
	Process OS info: (pid 556453 state R utime 1092 stime 1 cutime 0 cstime 0 CPU usage 98)
	CPU temperature (celsius): socket 0: 61 socket 1: 72[0m
EAR[556453](hratio_l30) at 2.60/1.47 in tcn366 MR[0] elapsed 6606 sec.: [32mLoop time: 1.107s DC Power: [35m485.9W[32m DRAM power: 0.00W PCK power: 404.46W
	avg. CPUFreq: 2.57GHz avg. IMCFreq: 1.47GHz
	CPI: 0.435 VPI: 0.00, Mem. bwidth: 0.13GB/s GFLOPS: 0.00 I/O: 0.01MB/s No MPI  
	TPI 0.03 Cache miss rates: L1 0.51GB/s L2 0.00GB/s L3 0.00GB/s
	Total MPI calls 2
	IO DATA: rchar 4609 wchar 8843 syscr 51 syscw 27 read_bytes 0 write_bytes 294912
	Process OS info: (pid 556453 state R utime 1090 stime 0 cutime 0 cstime 0 CPU usage 98)
	CPU temperature (celsius): socket 0: 61 socket 1: 72[0m
EAR[556453](hratio_l30) at 2.60/1.47 in tcn366 MR[0] elapsed 6617 sec.: [32mLoop time: 1.107s DC Power: [35m486.5W[32m DRAM power: 0.00W PCK power: 404.47W
	avg. CPUFreq: 2.57GHz avg. IMCFreq: 1.47GHz
	CPI: 0.435 VPI: 0.00, Mem. bwidth: 0.13GB/s GFLOPS: 0.00 I/O: 0.01MB/s No MPI  
	TPI 0.03 Cache miss rates: L1 0.56GB/s L2 0.00GB/s L3 0.00GB/s
	Total MPI calls 2
	IO DATA: rchar 4609 wchar 8843 syscr 51 syscw 27 read_bytes 0 write_bytes 294912
	Process OS info: (pid 556453 state R utime 1092 stime 1 cutime 0 cstime 0 CPU usage 98)
	CPU temperature (celsius): socket 0: 61 socket 1: 72[0m
EAR[556453](hratio_l30) at 2.60/1.47 in tcn366 MR[0] elapsed 6628 sec.: [32mLoop time: 1.108s DC Power: [35m486.6W[32m DRAM power: 0.00W PCK power: 404.57W
	avg. CPUFreq: 2.57GHz avg. IMCFreq: 1.47GHz
	CPI: 0.435 VPI: 0.00, Mem. bwidth: 0.12GB/s GFLOPS: 0.00 I/O: 0.01MB/s No MPI  
	TPI 0.02 Cache miss rates: L1 0.55GB/s L2 0.00GB/s L3 0.00GB/s
	Total MPI calls 2
	IO DATA: rchar 4609 wchar 8843 syscr 51 syscw 27 read_bytes 0 write_bytes 385024
	Process OS info: (pid 556453 state R utime 1092 stime 0 cutime 0 cstime 0 CPU usage 98)
	CPU temperature (celsius): socket 0: 61 socket 1: 72[0m
EAR[556453](hratio_l30) at 2.60/1.47 in tcn366 MR[0] elapsed 6639 sec.: [32mLoop time: 1.108s DC Power: [35m437.9W[32m DRAM power: 0.00W PCK power: 404.53W
	avg. CPUFreq: 2.57GHz avg. IMCFreq: 1.47GHz
	CPI: 0.435 VPI: 0.00, Mem. bwidth: 0.12GB/s GFLOPS: 0.00 I/O: 0.01MB/s No MPI  
	TPI 0.03 Cache miss rates: L1 0.57GB/s L2 0.00GB/s L3 0.00GB/s
	Total MPI calls 2
	IO DATA: rchar 4609 wchar 8843 syscr 51 syscw 27 read_bytes 0 write_bytes 294912
	Process OS info: (pid 556453 state R utime 1091 stime 1 cutime 0 cstime 0 CPU usage 98)
	CPU temperature (celsius): socket 0: 61 socket 1: 72[0m
EAR[556453](hratio_l30) at 2.60/1.47 in tcn366 MR[0] elapsed 6651 sec.: [32mLoop time: 1.108s DC Power: [35m486.6W[32m DRAM power: 0.00W PCK power: 404.58W
	avg. CPUFreq: 2.57GHz avg. IMCFreq: 1.47GHz
	CPI: 0.435 VPI: 0.00, Mem. bwidth: 0.10GB/s GFLOPS: 0.00 I/O: 0.01MB/s No MPI  
	TPI 0.02 Cache miss rates: L1 0.53GB/s L2 0.00GB/s L3 0.00GB/s
	Total MPI calls 2
	IO DATA: rchar 4609 wchar 8843 syscr 51 syscw 27 read_bytes 0 write_bytes 299008
	Process OS info: (pid 556453 state R utime 1092 stime 1 cutime 0 cstime 0 CPU usage 98)
	CPU temperature (celsius): socket 0: 61 socket 1: 72[0m
EAR[556453](hratio_l30) at 2.60/1.47 in tcn366 MR[0] elapsed 6662 sec.: [32mLoop time: 1.108s DC Power: [35m438.0W[32m DRAM power: 0.00W PCK power: 404.65W
	avg. CPUFreq: 2.57GHz avg. IMCFreq: 1.47GHz
	CPI: 0.435 VPI: 0.00, Mem. bwidth: 0.12GB/s GFLOPS: 0.00 I/O: 0.01MB/s No MPI  
	TPI 0.02 Cache miss rates: L1 0.52GB/s L2 0.00GB/s L3 0.00GB/s
	Total MPI calls 2
	IO DATA: rchar 4609 wchar 8843 syscr 51 syscw 27 read_bytes 0 write_bytes 299008
	Process OS info: (pid 556453 state R utime 1092 stime 1 cutime 0 cstime 0 CPU usage 98)
	CPU temperature (celsius): socket 0: 61 socket 1: 72[0m
EAR[556453](hratio_l30) at 2.60/1.47 in tcn366 MR[0] elapsed 6673 sec.: [32mLoop time: 1.107s DC Power: [35m487.1W[32m DRAM power: 0.00W PCK power: 404.60W
	avg. CPUFreq: 2.57GHz avg. IMCFreq: 1.47GHz
	CPI: 0.435 VPI: 0.00, Mem. bwidth: 0.13GB/s GFLOPS: 0.00 I/O: 0.01MB/s No MPI  
	TPI 0.03 Cache miss rates: L1 0.53GB/s L2 0.00GB/s L3 0.00GB/s
	Total MPI calls 2
	IO DATA: rchar 4609 wchar 8843 syscr 51 syscw 27 read_bytes 0 write_bytes 294912
	Process OS info: (pid 556453 state R utime 1091 stime 0 cutime 0 cstime 0 CPU usage 98)
	CPU temperature (celsius): socket 0: 61 socket 1: 73[0m
EAR[556453](hratio_l30) at 2.60/1.47 in tcn366 MR[0] elapsed 6684 sec.: [32mLoop time: 1.111s DC Power: [35m485.9W[32m DRAM power: 0.00W PCK power: 404.69W
	avg. CPUFreq: 2.57GHz avg. IMCFreq: 1.47GHz
	CPI: 0.435 VPI: 0.00, Mem. bwidth: 0.12GB/s GFLOPS: 0.00 I/O: 0.01MB/s No MPI  
	TPI 0.02 Cache miss rates: L1 0.53GB/s L2 0.00GB/s L3 0.00GB/s
	Total MPI calls 2
	IO DATA: rchar 4609 wchar 8843 syscr 51 syscw 27 read_bytes 0 write_bytes 294912
	Process OS info: (pid 556453 state R utime 1083 stime 1 cutime 0 cstime 0 CPU usage 97)
	CPU temperature (celsius): socket 0: 61 socket 1: 72[0m
EAR[556453](hratio_l30) at 2.60/1.47 in tcn366 MR[0] elapsed 6695 sec.: [32mLoop time: 1.107s DC Power: [35m487.6W[32m DRAM power: 0.00W PCK power: 404.51W
	avg. CPUFreq: 2.57GHz avg. IMCFreq: 1.47GHz
	CPI: 0.435 VPI: 0.00, Mem. bwidth: 0.12GB/s GFLOPS: 0.00 I/O: 0.01MB/s No MPI  
	TPI 0.03 Cache miss rates: L1 0.54GB/s L2 0.00GB/s L3 0.00GB/s
	Total MPI calls 2
	IO DATA: rchar 4609 wchar 8843 syscr 51 syscw 27 read_bytes 0 write_bytes 303104
	Process OS info: (pid 556453 state R utime 1091 stime 0 cutime 0 cstime 0 CPU usage 98)
	CPU temperature (celsius): socket 0: 61 socket 1: 72[0m
EAR[556453](hratio_l30) at 2.60/1.47 in tcn366 MR[0] elapsed 6706 sec.: [32mLoop time: 1.108s DC Power: [35m486.9W[32m DRAM power: 0.00W PCK power: 404.60W
	avg. CPUFreq: 2.57GHz avg. IMCFreq: 1.47GHz
	CPI: 0.435 VPI: 0.00, Mem. bwidth: 0.12GB/s GFLOPS: 0.00 I/O: 0.01MB/s No MPI  
	TPI 0.03 Cache miss rates: L1 0.54GB/s L2 0.00GB/s L3 0.00GB/s
	Total MPI calls 2
	IO DATA: rchar 4609 wchar 8843 syscr 51 syscw 27 read_bytes 0 write_bytes 294912
	Process OS info: (pid 556453 state R utime 1092 stime 1 cutime 0 cstime 0 CPU usage 98)
	CPU temperature (celsius): socket 0: 61 socket 1: 72[0m
EAR[556453](hratio_l30) at 2.60/1.47 in tcn366 MR[0] elapsed 6717 sec.: [32mLoop time: 1.107s DC Power: [35m438.0W[32m DRAM power: 0.00W PCK power: 404.74W
	avg. CPUFreq: 2.57GHz avg. IMCFreq: 1.47GHz
	CPI: 0.435 VPI: 0.00, Mem. bwidth: 0.13GB/s GFLOPS: 0.00 I/O: 0.01MB/s No MPI  
	TPI 0.03 Cache miss rates: L1 0.55GB/s L2 0.00GB/s L3 0.00GB/s
	Total MPI calls 2
	IO DATA: rchar 4609 wchar 8843 syscr 51 syscw 27 read_bytes 0 write_bytes 303104
	Process OS info: (pid 556453 state R utime 1091 stime 0 cutime 0 cstime 0 CPU usage 98)
	CPU temperature (celsius): socket 0: 61 socket 1: 72[0m
EAR[556453](hratio_l30) at 2.60/1.47 in tcn366 MR[0] elapsed 6728 sec.: [32mLoop time: 1.108s DC Power: [35m437.7W[32m DRAM power: 0.00W PCK power: 404.87W
	avg. CPUFreq: 2.57GHz avg. IMCFreq: 1.47GHz
	CPI: 0.434 VPI: 0.00, Mem. bwidth: 0.12GB/s GFLOPS: 0.00 I/O: 0.01MB/s No MPI  
	TPI 0.02 Cache miss rates: L1 0.54GB/s L2 0.00GB/s L3 0.00GB/s
	Total MPI calls 3
	IO DATA: rchar 4609 wchar 8986 syscr 51 syscw 57 read_bytes 0 write_bytes 299008
	Process OS info: (pid 556453 state R utime 1092 stime 1 cutime 0 cstime 0 CPU usage 98)
	CPU temperature (celsius): socket 0: 61 socket 1: 72[0m
EAR[556453](hratio_l30) at 2.60/1.47 in tcn366 MR[0] elapsed 6739 sec.: [32mLoop time: 1.108s DC Power: [35m486.4W[32m DRAM power: 0.00W PCK power: 405.38W
	avg. CPUFreq: 2.57GHz avg. IMCFreq: 1.47GHz
	CPI: 0.433 VPI: 0.00, Mem. bwidth: 0.10GB/s GFLOPS: 0.00 I/O: 0.01MB/s No MPI  
	TPI 0.02 Cache miss rates: L1 0.56GB/s L2 0.00GB/s L3 0.00GB/s
	Total MPI calls 3
	IO DATA: rchar 4609 wchar 8843 syscr 51 syscw 27 read_bytes 0 write_bytes 294912
	Process OS info: (pid 556453 state R utime 1093 stime 1 cutime 0 cstime 0 CPU usage 98)
	CPU temperature (celsius): socket 0: 61 socket 1: 72[0m
EAR[556453](hratio_l30) at 2.60/1.47 in tcn366 MR[0] elapsed 6750 sec.: [32mLoop time: 1.108s DC Power: [35m486.6W[32m DRAM power: 0.00W PCK power: 405.76W
	avg. CPUFreq: 2.57GHz avg. IMCFreq: 1.47GHz
	CPI: 0.432 VPI: 0.00, Mem. bwidth: 0.13GB/s GFLOPS: 0.00 I/O: 0.01MB/s No MPI  
	TPI 0.02 Cache miss rates: L1 0.52GB/s L2 0.00GB/s L3 0.00GB/s
	Total MPI calls 3
	IO DATA: rchar 4609 wchar 8843 syscr 51 syscw 27 read_bytes 0 write_bytes 294912
	Process OS info: (pid 556453 state R utime 1092 stime 0 cutime 0 cstime 0 CPU usage 98)
	CPU temperature (celsius): socket 0: 61 socket 1: 72[0m
EAR[556453](hratio_l30) at 2.60/1.47 in tcn366 MR[0] elapsed 6761 sec.: [32mLoop time: 1.107s DC Power: [35m487.6W[32m DRAM power: 0.00W PCK power: 405.75W
	avg. CPUFreq: 2.57GHz avg. IMCFreq: 1.47GHz
	CPI: 0.431 VPI: 0.00, Mem. bwidth: 0.14GB/s GFLOPS: 0.00 I/O: 0.01MB/s No MPI  
	TPI 0.02 Cache miss rates: L1 0.54GB/s L2 0.00GB/s L3 0.00GB/s
	Total MPI calls 3
	IO DATA: rchar 4609 wchar 8843 syscr 51 syscw 27 read_bytes 0 write_bytes 311296
	Process OS info: (pid 556453 state R utime 1091 stime 1 cutime 0 cstime 0 CPU usage 98)
	CPU temperature (celsius): socket 0: 61 socket 1: 72[0m
EAR[556453](hratio_l30) at 2.60/1.47 in tcn366 MR[0] elapsed 6772 sec.: [32mLoop time: 1.108s DC Power: [35m487.4W[32m DRAM power: 0.00W PCK power: 405.84W
	avg. CPUFreq: 2.57GHz avg. IMCFreq: 1.47GHz
	CPI: 0.432 VPI: 0.00, Mem. bwidth: 0.11GB/s GFLOPS: 0.00 I/O: 0.01MB/s No MPI  
	TPI 0.02 Cache miss rates: L1 0.50GB/s L2 0.00GB/s L3 0.00GB/s
	Total MPI calls 3
	IO DATA: rchar 4609 wchar 8843 syscr 51 syscw 27 read_bytes 0 write_bytes 294912
	Process OS info: (pid 556453 state R utime 1093 stime 1 cutime 0 cstime 0 CPU usage 98)
	CPU temperature (celsius): socket 0: 61 socket 1: 72[0m
EAR[556453](hratio_l30) at 2.60/1.47 in tcn366 MR[0] elapsed 6784 sec.: [32mLoop time: 1.108s DC Power: [35m438.8W[32m DRAM power: 0.00W PCK power: 405.92W
	avg. CPUFreq: 2.57GHz avg. IMCFreq: 1.47GHz
	CPI: 0.431 VPI: 0.00, Mem. bwidth: 0.11GB/s GFLOPS: 0.00 I/O: 0.01MB/s No MPI  
	TPI 0.02 Cache miss rates: L1 0.52GB/s L2 0.00GB/s L3 0.00GB/s
	Total MPI calls 3
	IO DATA: rchar 4609 wchar 8843 syscr 51 syscw 27 read_bytes 0 write_bytes 299008
	Process OS info: (pid 556453 state R utime 1092 stime 0 cutime 0 cstime 0 CPU usage 98)
	CPU temperature (celsius): socket 0: 61 socket 1: 72[0m
EAR[556453](hratio_l30) at 2.60/1.47 in tcn366 MR[0] elapsed 6795 sec.: [32mLoop time: 1.108s DC Power: [35m487.3W[32m DRAM power: 0.00W PCK power: 406.03W
	avg. CPUFreq: 2.57GHz avg. IMCFreq: 1.47GHz
	CPI: 0.431 VPI: 0.00, Mem. bwidth: 0.12GB/s GFLOPS: 0.00 I/O: 0.01MB/s No MPI  
	TPI 0.02 Cache miss rates: L1 0.53GB/s L2 0.00GB/s L3 0.00GB/s
	Total MPI calls 3
	IO DATA: rchar 4609 wchar 8843 syscr 51 syscw 27 read_bytes 0 write_bytes 294912
	Process OS info: (pid 556453 state R utime 1093 stime 1 cutime 0 cstime 0 CPU usage 98)
	CPU temperature (celsius): socket 0: 61 socket 1: 72[0m
EAR[556453](hratio_l30) at 2.60/1.47 in tcn366 MR[0] elapsed 6806 sec.: [32mLoop time: 1.107s DC Power: [35m487.7W[32m DRAM power: 0.00W PCK power: 406.46W
	avg. CPUFreq: 2.57GHz avg. IMCFreq: 1.47GHz
	CPI: 0.429 VPI: 0.00, Mem. bwidth: 0.12GB/s GFLOPS: 0.00 I/O: 0.01MB/s No MPI  
	TPI 0.02 Cache miss rates: L1 0.52GB/s L2 0.00GB/s L3 0.00GB/s
	Total MPI calls 3
	IO DATA: rchar 4609 wchar 8843 syscr 51 syscw 27 read_bytes 0 write_bytes 294912
	Process OS info: (pid 556453 state R utime 1092 stime 1 cutime 0 cstime 0 CPU usage 98)
	CPU temperature (celsius): socket 0: 61 socket 1: 72[0m
EAR[556453](hratio_l30) at 2.60/1.47 in tcn366 MR[0] elapsed 6817 sec.: [32mLoop time: 1.108s DC Power: [35m438.7W[32m DRAM power: 0.00W PCK power: 406.32W
	avg. CPUFreq: 2.57GHz avg. IMCFreq: 1.47GHz
	CPI: 0.430 VPI: 0.00, Mem. bwidth: 0.13GB/s GFLOPS: 0.00 I/O: 0.01MB/s No MPI  
	TPI 0.02 Cache miss rates: L1 0.53GB/s L2 0.00GB/s L3 0.00GB/s
	Total MPI calls 3
	IO DATA: rchar 4609 wchar 8843 syscr 51 syscw 27 read_bytes 0 write_bytes 442368
	Process OS info: (pid 556453 state R utime 1092 stime 0 cutime 0 cstime 0 CPU usage 98)
	CPU temperature (celsius): socket 0: 61 socket 1: 72[0m
EAR[556453](hratio_l30) at 2.60/1.47 in tcn366 MR[0] elapsed 6828 sec.: [32mLoop time: 1.108s DC Power: [35m487.9W[32m DRAM power: 0.00W PCK power: 406.44W
	avg. CPUFreq: 2.57GHz avg. IMCFreq: 1.47GHz
	CPI: 0.429 VPI: 0.00, Mem. bwidth: 0.10GB/s GFLOPS: 0.00 I/O: 0.01MB/s No MPI  
	TPI 0.01 Cache miss rates: L1 0.52GB/s L2 0.00GB/s L3 0.00GB/s
	Total MPI calls 3
	IO DATA: rchar 4609 wchar 8843 syscr 51 syscw 27 read_bytes 0 write_bytes 311296
	Process OS info: (pid 556453 state R utime 1092 stime 1 cutime 0 cstime 0 CPU usage 98)
	CPU temperature (celsius): socket 0: 61 socket 1: 72[0m
EAR[556453](hratio_l30) at 2.60/1.47 in tcn366 MR[0] elapsed 6839 sec.: [32mLoop time: 1.107s DC Power: [35m439.7W[32m DRAM power: 0.00W PCK power: 406.77W
	avg. CPUFreq: 2.57GHz avg. IMCFreq: 1.47GHz
	CPI: 0.428 VPI: 0.00, Mem. bwidth: 0.13GB/s GFLOPS: 0.00 I/O: 0.01MB/s No MPI  
	TPI 0.02 Cache miss rates: L1 0.53GB/s L2 0.00GB/s L3 0.00GB/s
	Total MPI calls 3
	IO DATA: rchar 4609 wchar 8843 syscr 51 syscw 27 read_bytes 0 write_bytes 299008
	Process OS info: (pid 556453 state R utime 1090 stime 0 cutime 0 cstime 0 CPU usage 98)
	CPU temperature (celsius): socket 0: 61 socket 1: 72[0m
EAR[556453](hratio_l30) at 2.60/1.47 in tcn366 MR[0] elapsed 6850 sec.: [32mLoop time: 1.108s DC Power: [35m488.6W[32m DRAM power: 0.00W PCK power: 406.82W
	avg. CPUFreq: 2.57GHz avg. IMCFreq: 1.47GHz
	CPI: 0.428 VPI: 0.00, Mem. bwidth: 0.17GB/s GFLOPS: 0.00 I/O: 0.01MB/s No MPI  
	TPI 0.02 Cache miss rates: L1 0.49GB/s L2 0.00GB/s L3 0.00GB/s
	Total MPI calls 3
	IO DATA: rchar 4609 wchar 8843 syscr 51 syscw 27 read_bytes 0 write_bytes 299008
	Process OS info: (pid 556453 state R utime 1091 stime 1 cutime 0 cstime 0 CPU usage 98)
	CPU temperature (celsius): socket 0: 61 socket 1: 72[0m
EAR[556453](hratio_l30) at 2.60/1.47 in tcn366 MR[0] elapsed 6861 sec.: [32mLoop time: 1.108s DC Power: [35m440.4W[32m DRAM power: 0.00W PCK power: 407.16W
	avg. CPUFreq: 2.57GHz avg. IMCFreq: 1.47GHz
	CPI: 0.427 VPI: 0.00, Mem. bwidth: 0.12GB/s GFLOPS: 0.00 I/O: 0.01MB/s No MPI  
	TPI 0.02 Cache miss rates: L1 0.49GB/s L2 0.00GB/s L3 0.00GB/s
	Total MPI calls 3
	IO DATA: rchar 4609 wchar 8843 syscr 51 syscw 27 read_bytes 0 write_bytes 294912
	Process OS info: (pid 556453 state R utime 1092 stime 1 cutime 0 cstime 0 CPU usage 98)
	CPU temperature (celsius): socket 0: 61 socket 1: 73[0m
EAR[556453](hratio_l30) at 2.60/1.47 in tcn366 MR[0] elapsed 6872 sec.: [32mLoop time: 1.108s DC Power: [35m489.3W[32m DRAM power: 0.00W PCK power: 407.34W
	avg. CPUFreq: 2.57GHz avg. IMCFreq: 1.47GHz
	CPI: 0.426 VPI: 0.00, Mem. bwidth: 0.10GB/s GFLOPS: 0.00 I/O: 0.01MB/s No MPI  
	TPI 0.01 Cache miss rates: L1 0.48GB/s L2 0.00GB/s L3 0.00GB/s
	Total MPI calls 3
	IO DATA: rchar 4609 wchar 8843 syscr 51 syscw 27 read_bytes 0 write_bytes 294912
	Process OS info: (pid 556453 state R utime 1092 stime 0 cutime 0 cstime 0 CPU usage 98)
	CPU temperature (celsius): socket 0: 61 socket 1: 72[0m
EAR[556453](hratio_l30) at 2.60/1.47 in tcn366 MR[0] elapsed 6883 sec.: [32mLoop time: 1.108s DC Power: [35m489.2W[32m DRAM power: 0.00W PCK power: 407.63W
	avg. CPUFreq: 2.57GHz avg. IMCFreq: 1.47GHz
	CPI: 0.426 VPI: 0.00, Mem. bwidth: 0.13GB/s GFLOPS: 0.00 I/O: 0.01MB/s No MPI  
	TPI 0.02 Cache miss rates: L1 0.52GB/s L2 0.00GB/s L3 0.00GB/s
	Total MPI calls 3
	IO DATA: rchar 4609 wchar 8843 syscr 51 syscw 27 read_bytes 0 write_bytes 290816
	Process OS info: (pid 556453 state R utime 1093 stime 1 cutime 0 cstime 0 CPU usage 98)
	CPU temperature (celsius): socket 0: 62 socket 1: 73[0m
EAR[556453](hratio_l30) at 2.60/1.47 in tcn366 MR[0] elapsed 6894 sec.: [32mLoop time: 1.108s DC Power: [35m440.4W[32m DRAM power: 0.00W PCK power: 407.86W
	avg. CPUFreq: 2.57GHz avg. IMCFreq: 1.47GHz
	CPI: 0.425 VPI: 0.00, Mem. bwidth: 0.13GB/s GFLOPS: 0.00 I/O: 0.01MB/s No MPI  
	TPI 0.02 Cache miss rates: L1 0.53GB/s L2 0.00GB/s L3 0.00GB/s
	Total MPI calls 3
	IO DATA: rchar 4609 wchar 8843 syscr 51 syscw 27 read_bytes 0 write_bytes 368640
	Process OS info: (pid 556453 state R utime 1092 stime 1 cutime 0 cstime 0 CPU usage 98)
	CPU temperature (celsius): socket 0: 62 socket 1: 73[0m
EAR[556453](hratio_l30) at 2.60/1.47 in tcn366 MR[0] elapsed 6905 sec.: [32mLoop time: 1.107s DC Power: [35m440.5W[32m DRAM power: 0.00W PCK power: 407.86W
	avg. CPUFreq: 2.57GHz avg. IMCFreq: 1.47GHz
	CPI: 0.425 VPI: 0.00, Mem. bwidth: 0.11GB/s GFLOPS: 0.00 I/O: 0.01MB/s No MPI  
	TPI 0.02 Cache miss rates: L1 0.52GB/s L2 0.00GB/s L3 0.00GB/s
	Total MPI calls 3
	IO DATA: rchar 4609 wchar 8843 syscr 51 syscw 27 read_bytes 0 write_bytes 294912
	Process OS info: (pid 556453 state R utime 1092 stime 0 cutime 0 cstime 0 CPU usage 98)
	CPU temperature (celsius): socket 0: 61 socket 1: 73[0m
EAR[556453](hratio_l30) at 2.60/1.47 in tcn366 MR[0] elapsed 6916 sec.: [32mLoop time: 1.108s DC Power: [35m489.3W[32m DRAM power: 0.00W PCK power: 407.82W
	avg. CPUFreq: 2.57GHz avg. IMCFreq: 1.47GHz
	CPI: 0.425 VPI: 0.00, Mem. bwidth: 0.14GB/s GFLOPS: 0.00 I/O: 0.01MB/s No MPI  
	TPI 0.02 Cache miss rates: L1 0.50GB/s L2 0.00GB/s L3 0.00GB/s
	Total MPI calls 3
	IO DATA: rchar 4610 wchar 8843 syscr 51 syscw 27 read_bytes 0 write_bytes 294912
	Process OS info: (pid 556453 state R utime 1092 stime 1 cutime 0 cstime 0 CPU usage 98)
	CPU temperature (celsius): socket 0: 62 socket 1: 73[0m
EAR[556453](hratio_l30) at 2.60/1.47 in tcn366 MR[0] elapsed 6928 sec.: [32mLoop time: 1.108s DC Power: [35m489.2W[32m DRAM power: 0.00W PCK power: 408.03W
	avg. CPUFreq: 2.57GHz avg. IMCFreq: 1.47GHz
	CPI: 0.424 VPI: 0.00, Mem. bwidth: 0.13GB/s GFLOPS: 0.00 I/O: 0.01MB/s No MPI  
	TPI 0.02 Cache miss rates: L1 0.50GB/s L2 0.00GB/s L3 0.00GB/s
	Total MPI calls 3
	IO DATA: rchar 4610 wchar 8843 syscr 51 syscw 27 read_bytes 0 write_bytes 294912
	Process OS info: (pid 556453 state R utime 1093 stime 1 cutime 0 cstime 0 CPU usage 98)
	CPU temperature (celsius): socket 0: 62 socket 1: 73[0m
EAR[556453](hratio_l30) at 2.60/1.47 in tcn366 MR[0] elapsed 6939 sec.: [32mLoop time: 1.108s DC Power: [35m489.3W[32m DRAM power: 0.00W PCK power: 408.18W
	avg. CPUFreq: 2.57GHz avg. IMCFreq: 1.47GHz
	CPI: 0.424 VPI: 0.00, Mem. bwidth: 0.15GB/s GFLOPS: 0.00 I/O: 0.01MB/s No MPI  
	TPI 0.02 Cache miss rates: L1 0.49GB/s L2 0.00GB/s L3 0.00GB/s
	Total MPI calls 3
	IO DATA: rchar 4610 wchar 8843 syscr 51 syscw 27 read_bytes 0 write_bytes 294912
	Process OS info: (pid 556453 state R utime 1091 stime 0 cutime 0 cstime 0 CPU usage 98)
	CPU temperature (celsius): socket 0: 62 socket 1: 73[0m
EAR[556453](hratio_l30) at 2.60/1.47 in tcn366 MR[0] elapsed 6950 sec.: [32mLoop time: 1.108s DC Power: [35m440.3W[32m DRAM power: 0.00W PCK power: 408.18W
	avg. CPUFreq: 2.57GHz avg. IMCFreq: 1.47GHz
	CPI: 0.424 VPI: 0.00, Mem. bwidth: 0.10GB/s GFLOPS: 0.00 I/O: 0.01MB/s No MPI  
	TPI 0.02 Cache miss rates: L1 0.46GB/s L2 0.00GB/s L3 0.00GB/s
	Total MPI calls 3
	IO DATA: rchar 4610 wchar 8843 syscr 51 syscw 27 read_bytes 0 write_bytes 303104
	Process OS info: (pid 556453 state R utime 1093 stime 1 cutime 0 cstime 0 CPU usage 98)
	CPU temperature (celsius): socket 0: 62 socket 1: 73[0m
EAR[556453](hratio_l30) at 2.60/1.47 in tcn366 MR[0] elapsed 6961 sec.: [32mLoop time: 1.108s DC Power: [35m440.4W[32m DRAM power: 0.00W PCK power: 408.18W
	avg. CPUFreq: 2.57GHz avg. IMCFreq: 1.47GHz
	CPI: 0.424 VPI: 0.00, Mem. bwidth: 0.12GB/s GFLOPS: 0.00 I/O: 0.01MB/s No MPI  
	TPI 0.02 Cache miss rates: L1 0.47GB/s L2 0.00GB/s L3 0.00GB/s
	Total MPI calls 3
	IO DATA: rchar 4610 wchar 8843 syscr 51 syscw 27 read_bytes 0 write_bytes 331776
	Process OS info: (pid 556453 state R utime 1093 stime 1 cutime 0 cstime 0 CPU usage 98)
	CPU temperature (celsius): socket 0: 62 socket 1: 73[0m
EAR[556453](hratio_l30) at 2.60/1.47 in tcn366 MR[0] elapsed 6972 sec.: [32mLoop time: 1.108s DC Power: [35m489.2W[32m DRAM power: 0.00W PCK power: 408.22W
	avg. CPUFreq: 2.57GHz avg. IMCFreq: 1.47GHz
	CPI: 0.424 VPI: 0.00, Mem. bwidth: 0.12GB/s GFLOPS: 0.00 I/O: 0.01MB/s No MPI  
	TPI 0.02 Cache miss rates: L1 0.49GB/s L2 0.00GB/s L3 0.00GB/s
	Total MPI calls 3
	IO DATA: rchar 4610 wchar 8843 syscr 51 syscw 27 read_bytes 0 write_bytes 294912
	Process OS info: (pid 556453 state R utime 1086 stime 0 cutime 0 cstime 0 CPU usage 98)
	CPU temperature (celsius): socket 0: 62 socket 1: 73[0m
EAR[556453](hratio_l30) at 2.60/1.47 in tcn366 MR[0] elapsed 6983 sec.: [32mLoop time: 1.108s DC Power: [35m489.2W[32m DRAM power: 0.00W PCK power: 408.30W
	avg. CPUFreq: 2.57GHz avg. IMCFreq: 1.47GHz
	CPI: 0.424 VPI: 0.00, Mem. bwidth: 0.11GB/s GFLOPS: 0.00 I/O: 0.01MB/s No MPI  
	TPI 0.02 Cache miss rates: L1 0.51GB/s L2 0.00GB/s L3 0.00GB/s
	Total MPI calls 3
	IO DATA: rchar 4610 wchar 8843 syscr 51 syscw 27 read_bytes 0 write_bytes 294912
	Process OS info: (pid 556453 state R utime 1093 stime 1 cutime 0 cstime 0 CPU usage 98)
	CPU temperature (celsius): socket 0: 62 socket 1: 72[0m
EAR[556453](hratio_l30) at 2.60/1.47 in tcn366 MR[0] elapsed 6994 sec.: [32mLoop time: 1.108s DC Power: [35m440.4W[32m DRAM power: 0.00W PCK power: 408.20W
	avg. CPUFreq: 2.57GHz avg. IMCFreq: 1.47GHz
	CPI: 0.424 VPI: 0.00, Mem. bwidth: 0.13GB/s GFLOPS: 0.00 I/O: 0.01MB/s No MPI  
	TPI 0.02 Cache miss rates: L1 0.50GB/s L2 0.00GB/s L3 0.00GB/s
	Total MPI calls 3
	IO DATA: rchar 4610 wchar 8843 syscr 51 syscw 27 read_bytes 0 write_bytes 294912
	Process OS info: (pid 556453 state R utime 1092 stime 1 cutime 0 cstime 0 CPU usage 98)
	CPU temperature (celsius): socket 0: 62 socket 1: 73[0m
EAR[556453](hratio_l30) at 2.60/1.47 in tcn366 MR[0] elapsed 7005 sec.: [32mLoop time: 1.108s DC Power: [35m490.2W[32m DRAM power: 0.00W PCK power: 408.23W
	avg. CPUFreq: 2.57GHz avg. IMCFreq: 1.47GHz
	CPI: 0.424 VPI: 0.00, Mem. bwidth: 0.12GB/s GFLOPS: 0.00 I/O: 0.01MB/s No MPI  
	TPI 0.02 Cache miss rates: L1 0.52GB/s L2 0.00GB/s L3 0.00GB/s
	Total MPI calls 3
	IO DATA: rchar 4610 wchar 8843 syscr 51 syscw 27 read_bytes 0 write_bytes 294912
	Process OS info: (pid 556453 state R utime 1093 stime 0 cutime 0 cstime 0 CPU usage 98)
	CPU temperature (celsius): socket 0: 62 socket 1: 73[0m
EAR[556453](hratio_l30) at 2.60/1.47 in tcn366 MR[0] elapsed 7016 sec.: [32mLoop time: 1.108s DC Power: [35m441.2W[32m DRAM power: 0.00W PCK power: 408.12W
	avg. CPUFreq: 2.57GHz avg. IMCFreq: 1.47GHz
	CPI: 0.423 VPI: 0.00, Mem. bwidth: 0.12GB/s GFLOPS: 0.00 I/O: 0.01MB/s No MPI  
	TPI 0.02 Cache miss rates: L1 0.50GB/s L2 0.00GB/s L3 0.00GB/s
	Total MPI calls 3
	IO DATA: rchar 4610 wchar 8843 syscr 51 syscw 27 read_bytes 0 write_bytes 294912
	Process OS info: (pid 556453 state R utime 1092 stime 1 cutime 0 cstime 0 CPU usage 98)
	CPU temperature (celsius): socket 0: 62 socket 1: 73[0m
EAR[556453](hratio_l30) at 2.60/1.47 in tcn366 MR[0] elapsed 7027 sec.: [32mLoop time: 1.108s DC Power: [35m490.1W[32m DRAM power: 0.00W PCK power: 408.19W
	avg. CPUFreq: 2.57GHz avg. IMCFreq: 1.47GHz
	CPI: 0.424 VPI: 0.00, Mem. bwidth: 0.13GB/s GFLOPS: 0.00 I/O: 0.01MB/s No MPI  
	TPI 0.02 Cache miss rates: L1 0.51GB/s L2 0.00GB/s L3 0.00GB/s
	Total MPI calls 3
	IO DATA: rchar 4610 wchar 8843 syscr 51 syscw 27 read_bytes 0 write_bytes 376832
	Process OS info: (pid 556453 state R utime 1093 stime 1 cutime 0 cstime 0 CPU usage 98)
	CPU temperature (celsius): socket 0: 62 socket 1: 73[0m
EAR[556453](hratio_l30) at 2.60/1.47 in tcn366 MR[0] elapsed 7038 sec.: [32mLoop time: 1.108s DC Power: [35m441.9W[32m DRAM power: 0.00W PCK power: 408.55W
	avg. CPUFreq: 2.57GHz avg. IMCFreq: 1.47GHz
	CPI: 0.423 VPI: 0.00, Mem. bwidth: 0.10GB/s GFLOPS: 0.00 I/O: 0.01MB/s No MPI  
	TPI 0.01 Cache miss rates: L1 0.51GB/s L2 0.00GB/s L3 0.00GB/s
	Total MPI calls 3
	IO DATA: rchar 4610 wchar 8843 syscr 51 syscw 27 read_bytes 0 write_bytes 294912
	Process OS info: (pid 556453 state R utime 1093 stime 0 cutime 0 cstime 0 CPU usage 98)
	CPU temperature (celsius): socket 0: 62 socket 1: 73[0m
EAR[556453](hratio_l30) at 2.60/1.47 in tcn366 MR[0] elapsed 7049 sec.: [32mLoop time: 1.107s DC Power: [35m490.3W[32m DRAM power: 0.00W PCK power: 408.68W
	avg. CPUFreq: 2.57GHz avg. IMCFreq: 1.47GHz
	CPI: 0.423 VPI: 0.00, Mem. bwidth: 0.12GB/s GFLOPS: 0.00 I/O: 0.01MB/s No MPI  
	TPI 0.02 Cache miss rates: L1 0.49GB/s L2 0.00GB/s L3 0.00GB/s
	Total MPI calls 3
	IO DATA: rchar 4610 wchar 8843 syscr 51 syscw 27 read_bytes 0 write_bytes 294912
	Process OS info: (pid 556453 state R utime 1092 stime 1 cutime 0 cstime 0 CPU usage 98)
	CPU temperature (celsius): socket 0: 62 socket 1: 73[0m
EAR[556453](hratio_l30) at 2.60/1.47 in tcn366 MR[0] elapsed 7060 sec.: [32mLoop time: 1.108s DC Power: [35m490.2W[32m DRAM power: 0.00W PCK power: 408.54W
	avg. CPUFreq: 2.57GHz avg. IMCFreq: 1.47GHz
	CPI: 0.423 VPI: 0.00, Mem. bwidth: 0.12GB/s GFLOPS: 0.00 I/O: 0.01MB/s No MPI  
	TPI 0.02 Cache miss rates: L1 0.50GB/s L2 0.00GB/s L3 0.00GB/s
	Total MPI calls 3
	IO DATA: rchar 4610 wchar 8843 syscr 51 syscw 27 read_bytes 0 write_bytes 417792
	Process OS info: (pid 556453 state R utime 1092 stime 0 cutime 0 cstime 0 CPU usage 98)
	CPU temperature (celsius): socket 0: 61 socket 1: 73[0m
EAR[556453](hratio_l30) at 2.60/1.47 in tcn366 MR[0] elapsed 7072 sec.: [32mLoop time: 1.108s DC Power: [35m490.1W[32m DRAM power: 0.00W PCK power: 408.54W
	avg. CPUFreq: 2.57GHz avg. IMCFreq: 1.47GHz
	CPI: 0.423 VPI: 0.00, Mem. bwidth: 0.11GB/s GFLOPS: 0.00 I/O: 0.01MB/s No MPI  
	TPI 0.02 Cache miss rates: L1 0.48GB/s L2 0.00GB/s L3 0.00GB/s
	Total MPI calls 3
	IO DATA: rchar 4610 wchar 8843 syscr 51 syscw 27 read_bytes 0 write_bytes 294912
	Process OS info: (pid 556453 state R utime 1092 stime 1 cutime 0 cstime 0 CPU usage 98)
	CPU temperature (celsius): socket 0: 62 socket 1: 73[0m
EAR[556453](hratio_l30) at 2.60/1.47 in tcn366 MR[0] elapsed 7083 sec.: [32mLoop time: 1.111s DC Power: [35m390.4W[32m DRAM power: 0.00W PCK power: 408.62W
	avg. CPUFreq: 2.57GHz avg. IMCFreq: 1.47GHz
	CPI: 0.423 VPI: 0.00, Mem. bwidth: 0.11GB/s GFLOPS: 0.00 I/O: 0.01MB/s No MPI  
	TPI 0.02 Cache miss rates: L1 0.50GB/s L2 0.00GB/s L3 0.00GB/s
	Total MPI calls 3
	IO DATA: rchar 4610 wchar 8843 syscr 51 syscw 27 read_bytes 0 write_bytes 299008
	Process OS info: (pid 556453 state R utime 1096 stime 1 cutime 0 cstime 0 CPU usage 98)
	CPU temperature (celsius): socket 0: 62 socket 1: 72[0m
EAR[556453](hratio_l30) at 2.60/1.47 in tcn366 MR[0] elapsed 7094 sec.: [32mLoop time: 1.108s DC Power: [35m489.7W[32m DRAM power: 0.00W PCK power: 408.54W
	avg. CPUFreq: 2.57GHz avg. IMCFreq: 1.47GHz
	CPI: 0.423 VPI: 0.00, Mem. bwidth: 0.16GB/s GFLOPS: 0.00 I/O: 0.01MB/s No MPI  
	TPI 0.02 Cache miss rates: L1 0.53GB/s L2 0.00GB/s L3 0.00GB/s
	Total MPI calls 3
	IO DATA: rchar 4610 wchar 8843 syscr 51 syscw 27 read_bytes 0 write_bytes 442368
	Process OS info: (pid 556453 state R utime 1093 stime 0 cutime 0 cstime 0 CPU usage 98)
	CPU temperature (celsius): socket 0: 62 socket 1: 73[0m
EAR[556453](hratio_l30) at 2.60/1.47 in tcn366 MR[0] elapsed 7105 sec.: [32mLoop time: 1.107s DC Power: [35m490.3W[32m DRAM power: 0.00W PCK power: 408.67W
	avg. CPUFreq: 2.57GHz avg. IMCFreq: 1.47GHz
	CPI: 0.423 VPI: 0.00, Mem. bwidth: 0.10GB/s GFLOPS: 0.00 I/O: 0.01MB/s No MPI  
	TPI 0.02 Cache miss rates: L1 0.53GB/s L2 0.00GB/s L3 0.00GB/s
	Total MPI calls 3
	IO DATA: rchar 4610 wchar 8843 syscr 51 syscw 27 read_bytes 0 write_bytes 294912
	Process OS info: (pid 556453 state R utime 1093 stime 1 cutime 0 cstime 0 CPU usage 98)
	CPU temperature (celsius): socket 0: 62 socket 1: 73[0m
EAR[556453](hratio_l30) at 2.60/1.47 in tcn366 MR[0] elapsed 7116 sec.: [32mLoop time: 1.108s DC Power: [35m490.2W[32m DRAM power: 0.00W PCK power: 408.64W
	avg. CPUFreq: 2.57GHz avg. IMCFreq: 1.47GHz
	CPI: 0.423 VPI: 0.00, Mem. bwidth: 0.12GB/s GFLOPS: 0.00 I/O: 0.01MB/s No MPI  
	TPI 0.02 Cache miss rates: L1 0.52GB/s L2 0.00GB/s L3 0.00GB/s
	Total MPI calls 3
	IO DATA: rchar 4610 wchar 8843 syscr 51 syscw 27 read_bytes 0 write_bytes 294912
	Process OS info: (pid 556453 state R utime 1093 stime 0 cutime 0 cstime 0 CPU usage 98)
	CPU temperature (celsius): socket 0: 62 socket 1: 73[0m
EAR[556453](hratio_l30) at 2.60/1.47 in tcn366 MR[0] elapsed 7127 sec.: [32mLoop time: 1.108s DC Power: [35m441.2W[32m DRAM power: 0.00W PCK power: 408.53W
	avg. CPUFreq: 2.57GHz avg. IMCFreq: 1.47GHz
	CPI: 0.423 VPI: 0.00, Mem. bwidth: 0.12GB/s GFLOPS: 0.00 I/O: 0.01MB/s No MPI  
	TPI 0.02 Cache miss rates: L1 0.50GB/s L2 0.00GB/s L3 0.00GB/s
	Total MPI calls 3
	IO DATA: rchar 4610 wchar 8843 syscr 51 syscw 27 read_bytes 0 write_bytes 303104
	Process OS info: (pid 556453 state R utime 1086 stime 1 cutime 0 cstime 0 CPU usage 98)
	CPU temperature (celsius): socket 0: 62 socket 1: 72[0m
EAR[556453](hratio_l30) at 2.60/1.47 in tcn366 MR[0] elapsed 7138 sec.: [32mLoop time: 1.108s DC Power: [35m441.2W[32m DRAM power: 0.00W PCK power: 408.57W
	avg. CPUFreq: 2.57GHz avg. IMCFreq: 1.47GHz
	CPI: 0.423 VPI: 0.00, Mem. bwidth: 0.12GB/s GFLOPS: 0.00 I/O: 0.01MB/s No MPI  
	TPI 0.02 Cache miss rates: L1 0.50GB/s L2 0.00GB/s L3 0.00GB/s
	Total MPI calls 3
	IO DATA: rchar 4610 wchar 8843 syscr 51 syscw 27 read_bytes 0 write_bytes 294912
	Process OS info: (pid 556453 state R utime 1093 stime 1 cutime 0 cstime 0 CPU usage 98)
	CPU temperature (celsius): socket 0: 62 socket 1: 73[0m
EAR[556453](hratio_l30) at 2.60/1.47 in tcn366 MR[0] elapsed 7149 sec.: [32mLoop time: 1.108s DC Power: [35m489.2W[32m DRAM power: 0.00W PCK power: 408.54W
	avg. CPUFreq: 2.57GHz avg. IMCFreq: 1.47GHz
	CPI: 0.423 VPI: 0.00, Mem. bwidth: 0.12GB/s GFLOPS: 0.00 I/O: 0.01MB/s No MPI  
	TPI 0.02 Cache miss rates: L1 0.48GB/s L2 0.00GB/s L3 0.00GB/s
	Total MPI calls 3
	IO DATA: rchar 4610 wchar 8843 syscr 51 syscw 27 read_bytes 0 write_bytes 372736
	Process OS info: (pid 556453 state R utime 1092 stime 1 cutime 0 cstime 0 CPU usage 98)
	CPU temperature (celsius): socket 0: 62 socket 1: 73[0m
EAR[556453](hratio_l30) at 2.60/1.47 in tcn366 MR[0] elapsed 7160 sec.: [32mLoop time: 1.108s DC Power: [35m490.0W[32m DRAM power: 0.00W PCK power: 408.58W
	avg. CPUFreq: 2.57GHz avg. IMCFreq: 1.47GHz
	CPI: 0.423 VPI: 0.00, Mem. bwidth: 0.11GB/s GFLOPS: 0.00 I/O: 0.01MB/s No MPI  
	TPI 0.02 Cache miss rates: L1 0.48GB/s L2 0.00GB/s L3 0.00GB/s
	Total MPI calls 3
	IO DATA: rchar 4610 wchar 8843 syscr 51 syscw 27 read_bytes 0 write_bytes 299008
	Process OS info: (pid 556453 state R utime 1092 stime 0 cutime 0 cstime 0 CPU usage 98)
	CPU temperature (celsius): socket 0: 62 socket 1: 72[0m
EAR[556453](hratio_l30) at 2.60/1.47 in tcn366 MR[0] elapsed 7171 sec.: [32mLoop time: 1.110s DC Power: [35m440.3W[32m DRAM power: 0.00W PCK power: 408.51W
	avg. CPUFreq: 2.57GHz avg. IMCFreq: 1.47GHz
	CPI: 0.423 VPI: 0.00, Mem. bwidth: 0.12GB/s GFLOPS: 0.00 I/O: 0.01MB/s No MPI  
	TPI 0.02 Cache miss rates: L1 0.53GB/s L2 0.00GB/s L3 0.00GB/s
	Total MPI calls 3
	IO DATA: rchar 4610 wchar 8843 syscr 51 syscw 27 read_bytes 0 write_bytes 290816
	Process OS info: (pid 556453 state R utime 1095 stime 1 cutime 0 cstime 0 CPU usage 98)
	CPU temperature (celsius): socket 0: 62 socket 1: 72[0m
EAR[556453](hratio_l30) at 2.60/1.47 in tcn366 MR[0] elapsed 7182 sec.: [32mLoop time: 1.108s DC Power: [35m490.3W[32m DRAM power: 0.00W PCK power: 408.49W
	avg. CPUFreq: 2.57GHz avg. IMCFreq: 1.47GHz
	CPI: 0.423 VPI: 0.00, Mem. bwidth: 0.13GB/s GFLOPS: 0.00 I/O: 0.01MB/s No MPI  
	TPI 0.02 Cache miss rates: L1 0.50GB/s L2 0.00GB/s L3 0.00GB/s
	Total MPI calls 3
	IO DATA: rchar 4610 wchar 8843 syscr 51 syscw 27 read_bytes 0 write_bytes 294912
	Process OS info: (pid 556453 state R utime 1093 stime 0 cutime 0 cstime 0 CPU usage 98)
	CPU temperature (celsius): socket 0: 62 socket 1: 73[0m
EAR[556453](hratio_l30) at 2.60/1.47 in tcn366 MR[0] elapsed 7193 sec.: [32mLoop time: 1.108s DC Power: [35m490.1W[32m DRAM power: 0.00W PCK power: 408.47W
	avg. CPUFreq: 2.57GHz avg. IMCFreq: 1.47GHz
	CPI: 0.423 VPI: 0.00, Mem. bwidth: 0.11GB/s GFLOPS: 0.00 I/O: 0.01MB/s No MPI  
	TPI 0.02 Cache miss rates: L1 0.47GB/s L2 0.00GB/s L3 0.00GB/s
	Total MPI calls 3
	IO DATA: rchar 4610 wchar 8843 syscr 51 syscw 27 read_bytes 0 write_bytes 409600
	Process OS info: (pid 556453 state R utime 1093 stime 1 cutime 0 cstime 0 CPU usage 98)
	CPU temperature (celsius): socket 0: 62 socket 1: 73[0m
EAR[556453](hratio_l30) at 2.60/1.47 in tcn366 MR[0] elapsed 7205 sec.: [32mLoop time: 1.107s DC Power: [35m442.1W[32m DRAM power: 0.00W PCK power: 408.32W
	avg. CPUFreq: 2.57GHz avg. IMCFreq: 1.47GHz
	CPI: 0.423 VPI: 0.00, Mem. bwidth: 0.12GB/s GFLOPS: 0.00 I/O: 0.01MB/s No MPI  
	TPI 0.02 Cache miss rates: L1 0.49GB/s L2 0.00GB/s L3 0.00GB/s
	Total MPI calls 3
	IO DATA: rchar 4610 wchar 8843 syscr 51 syscw 27 read_bytes 0 write_bytes 294912
	Process OS info: (pid 556453 state R utime 1092 stime 0 cutime 0 cstime 0 CPU usage 98)
	CPU temperature (celsius): socket 0: 62 socket 1: 73[0m
EAR[556453](hratio_l30) at 2.60/1.47 in tcn366 MR[0] elapsed 7216 sec.: [32mLoop time: 1.108s DC Power: [35m441.2W[32m DRAM power: 0.00W PCK power: 408.55W
	avg. CPUFreq: 2.57GHz avg. IMCFreq: 1.47GHz
	CPI: 0.422 VPI: 0.00, Mem. bwidth: 0.12GB/s GFLOPS: 0.00 I/O: 0.01MB/s No MPI  
	TPI 0.02 Cache miss rates: L1 0.49GB/s L2 0.00GB/s L3 0.00GB/s
	Total MPI calls 3
	IO DATA: rchar 4610 wchar 8843 syscr 51 syscw 27 read_bytes 0 write_bytes 294912
	Process OS info: (pid 556453 state R utime 1092 stime 1 cutime 0 cstime 0 CPU usage 98)
	CPU temperature (celsius): socket 0: 62 socket 1: 73[0m
EAR[556453](hratio_l30) at 2.60/1.47 in tcn366 MR[0] elapsed 7227 sec.: [32mLoop time: 1.107s DC Power: [35m490.3W[32m DRAM power: 0.00W PCK power: 408.82W
	avg. CPUFreq: 2.57GHz avg. IMCFreq: 1.47GHz
	CPI: 0.422 VPI: 0.00, Mem. bwidth: 0.12GB/s GFLOPS: 0.00 I/O: 0.01MB/s No MPI  
	TPI 0.02 Cache miss rates: L1 0.51GB/s L2 0.00GB/s L3 0.00GB/s
	Total MPI calls 3
	IO DATA: rchar 4610 wchar 8843 syscr 51 syscw 27 read_bytes 0 write_bytes 294912
	Process OS info: (pid 556453 state R utime 1092 stime 1 cutime 0 cstime 0 CPU usage 98)
	CPU temperature (celsius): socket 0: 62 socket 1: 73[0m
EAR[556453](hratio_l30) at 2.60/1.47 in tcn366 MR[0] elapsed 7238 sec.: [32mLoop time: 1.107s DC Power: [35m490.2W[32m DRAM power: 0.00W PCK power: 408.85W
	avg. CPUFreq: 2.57GHz avg. IMCFreq: 1.47GHz
	CPI: 0.422 VPI: 0.00, Mem. bwidth: 0.12GB/s GFLOPS: 0.00 I/O: 0.01MB/s No MPI  
	TPI 0.02 Cache miss rates: L1 0.51GB/s L2 0.00GB/s L3 0.00GB/s
	Total MPI calls 3
	IO DATA: rchar 4610 wchar 8843 syscr 51 syscw 27 read_bytes 0 write_bytes 303104
	Process OS info: (pid 556453 state R utime 1092 stime 1 cutime 0 cstime 0 CPU usage 98)
	CPU temperature (celsius): socket 0: 62 socket 1: 72[0m
EAR[556453](hratio_l30) at 2.60/1.47 in tcn366 MR[0] elapsed 7249 sec.: [32mLoop time: 1.108s DC Power: [35m490.2W[32m DRAM power: 0.00W PCK power: 408.89W
	avg. CPUFreq: 2.57GHz avg. IMCFreq: 1.47GHz
	CPI: 0.422 VPI: 0.00, Mem. bwidth: 0.10GB/s GFLOPS: 0.00 I/O: 0.01MB/s No MPI  
	TPI 0.01 Cache miss rates: L1 0.47GB/s L2 0.00GB/s L3 0.00GB/s
	Total MPI calls 3
	IO DATA: rchar 4610 wchar 8843 syscr 51 syscw 27 read_bytes 0 write_bytes 372736
	Process OS info: (pid 556453 state R utime 1093 stime 0 cutime 0 cstime 0 CPU usage 98)
	CPU temperature (celsius): socket 0: 62 socket 1: 72[0m
EAR[556453](hratio_l30) at 2.60/1.47 in tcn366 MR[0] elapsed 7260 sec.: [32mLoop time: 1.108s DC Power: [35m392.2W[32m DRAM power: 0.00W PCK power: 408.82W
	avg. CPUFreq: 2.57GHz avg. IMCFreq: 1.47GHz
	CPI: 0.422 VPI: 0.00, Mem. bwidth: 0.12GB/s GFLOPS: 0.00 I/O: 0.01MB/s No MPI  
	TPI 0.02 Cache miss rates: L1 0.49GB/s L2 0.00GB/s L3 0.00GB/s
	Total MPI calls 3
	IO DATA: rchar 4610 wchar 8843 syscr 51 syscw 27 read_bytes 0 write_bytes 303104
	Process OS info: (pid 556453 state R utime 1092 stime 1 cutime 0 cstime 0 CPU usage 98)
	CPU temperature (celsius): socket 0: 62 socket 1: 73[0m
EAR[556453](hratio_l30) at 2.60/1.47 in tcn366 MR[0] elapsed 7271 sec.: [32mLoop time: 1.108s DC Power: [35m490.2W[32m DRAM power: 0.00W PCK power: 408.91W
	avg. CPUFreq: 2.57GHz avg. IMCFreq: 1.47GHz
	CPI: 0.421 VPI: 0.00, Mem. bwidth: 0.13GB/s GFLOPS: 0.00 I/O: 0.01MB/s No MPI  
	TPI 0.02 Cache miss rates: L1 0.49GB/s L2 0.00GB/s L3 0.00GB/s
	Total MPI calls 3
	IO DATA: rchar 4610 wchar 8843 syscr 51 syscw 27 read_bytes 0 write_bytes 303104
	Process OS info: (pid 556453 state R utime 1093 stime 1 cutime 0 cstime 0 CPU usage 98)
	CPU temperature (celsius): socket 0: 62 socket 1: 72[0m
EAR[556453](hratio_l30) at 2.60/1.47 in tcn366 MR[0] elapsed 7282 sec.: [32mLoop time: 1.108s DC Power: [35m490.1W[32m DRAM power: 0.00W PCK power: 409.25W
	avg. CPUFreq: 2.57GHz avg. IMCFreq: 1.47GHz
	CPI: 0.421 VPI: 0.00, Mem. bwidth: 0.11GB/s GFLOPS: 0.00 I/O: 0.01MB/s No MPI  
	TPI 0.02 Cache miss rates: L1 0.48GB/s L2 0.00GB/s L3 0.00GB/s
	Total MPI calls 3
	IO DATA: rchar 4610 wchar 8843 syscr 51 syscw 27 read_bytes 0 write_bytes 294912
	Process OS info: (pid 556453 state R utime 1093 stime 1 cutime 0 cstime 0 CPU usage 98)
	CPU temperature (celsius): socket 0: 62 socket 1: 73[0m
EAR[556453](hratio_l30) at 2.60/1.47 in tcn366 MR[0] elapsed 7293 sec.: [32mLoop time: 1.108s DC Power: [35m490.2W[32m DRAM power: 0.00W PCK power: 409.46W
	avg. CPUFreq: 2.57GHz avg. IMCFreq: 1.47GHz
	CPI: 0.421 VPI: 0.00, Mem. bwidth: 0.23GB/s GFLOPS: 0.00 I/O: 0.01MB/s No MPI  
	TPI 0.03 Cache miss rates: L1 0.48GB/s L2 0.00GB/s L3 0.00GB/s
	Total MPI calls 3
	IO DATA: rchar 4610 wchar 8843 syscr 51 syscw 27 read_bytes 0 write_bytes 294912
	Process OS info: (pid 556453 state R utime 1087 stime 0 cutime 0 cstime 0 CPU usage 98)
	CPU temperature (celsius): socket 0: 62 socket 1: 73[0m
EAR[556453](hratio_l30) at 2.60/1.47 in tcn366 MR[0] elapsed 7304 sec.: [32mLoop time: 1.109s DC Power: [35m440.8W[32m DRAM power: 0.00W PCK power: 409.65W
	avg. CPUFreq: 2.57GHz avg. IMCFreq: 1.47GHz
	CPI: 0.421 VPI: 0.00, Mem. bwidth: 0.41GB/s GFLOPS: 0.00 I/O: 0.01MB/s No MPI  
	TPI 0.06 Cache miss rates: L1 0.49GB/s L2 0.00GB/s L3 0.00GB/s
	Total MPI calls 3
	IO DATA: rchar 4610 wchar 8843 syscr 51 syscw 27 read_bytes 0 write_bytes 360448
	Process OS info: (pid 556453 state R utime 1081 stime 1 cutime 0 cstime 0 CPU usage 97)
	CPU temperature (celsius): socket 0: 62 socket 1: 72[0m
EAR[556453](hratio_l30) at 2.60/1.47 in tcn366 MR[0] elapsed 7315 sec.: [32mLoop time: 1.108s DC Power: [35m441.0W[32m DRAM power: 0.00W PCK power: 409.52W
	avg. CPUFreq: 2.57GHz avg. IMCFreq: 1.47GHz
	CPI: 0.421 VPI: 0.00, Mem. bwidth: 0.21GB/s GFLOPS: 0.00 I/O: 0.01MB/s No MPI  
	TPI 0.03 Cache miss rates: L1 0.52GB/s L2 0.00GB/s L3 0.00GB/s
	Total MPI calls 3
	IO DATA: rchar 4610 wchar 8843 syscr 51 syscw 27 read_bytes 0 write_bytes 294912
	Process OS info: (pid 556453 state R utime 1081 stime 1 cutime 0 cstime 0 CPU usage 97)
	CPU temperature (celsius): socket 0: 62 socket 1: 73[0m
EAR[556453](hratio_l30) at 2.60/1.47 in tcn366 MR[0] elapsed 7326 sec.: [32mLoop time: 1.108s DC Power: [35m490.1W[32m DRAM power: 0.00W PCK power: 410.77W
	avg. CPUFreq: 2.57GHz avg. IMCFreq: 1.47GHz
	CPI: 0.418 VPI: 0.00, Mem. bwidth: 0.33GB/s GFLOPS: 0.00 I/O: 0.01MB/s No MPI  
	TPI 0.05 Cache miss rates: L1 0.49GB/s L2 0.00GB/s L3 0.00GB/s
	Total MPI calls 3
	IO DATA: rchar 4610 wchar 8843 syscr 51 syscw 27 read_bytes 0 write_bytes 299008
	Process OS info: (pid 556453 state R utime 1089 stime 1 cutime 0 cstime 0 CPU usage 98)
	CPU temperature (celsius): socket 0: 62 socket 1: 73[0m
EAR[556453](hratio_l30) at 2.60/1.47 in tcn366 MR[0] elapsed 7337 sec.: [32mLoop time: 1.108s DC Power: [35m491.1W[32m DRAM power: 0.00W PCK power: 411.07W
	avg. CPUFreq: 2.57GHz avg. IMCFreq: 1.47GHz
	CPI: 0.417 VPI: 0.00, Mem. bwidth: 0.31GB/s GFLOPS: 0.00 I/O: 0.01MB/s No MPI  
	TPI 0.05 Cache miss rates: L1 0.44GB/s L2 0.00GB/s L3 0.00GB/s
	Total MPI calls 3
	IO DATA: rchar 4610 wchar 8843 syscr 51 syscw 27 read_bytes 0 write_bytes 294912
	Process OS info: (pid 556453 state R utime 1090 stime 1 cutime 0 cstime 0 CPU usage 98)
	CPU temperature (celsius): socket 0: 62 socket 1: 73[0m
EAR[556453](hratio_l30) at 2.60/1.47 in tcn366 MR[0] elapsed 7349 sec.: [32mLoop time: 1.108s DC Power: [35m442.3W[32m DRAM power: 0.00W PCK power: 410.77W
	avg. CPUFreq: 2.57GHz avg. IMCFreq: 1.47GHz
	CPI: 0.416 VPI: 0.00, Mem. bwidth: 0.12GB/s GFLOPS: 0.00 I/O: 0.01MB/s No MPI  
	TPI 0.02 Cache miss rates: L1 0.32GB/s L2 0.00GB/s L3 0.00GB/s
	Total MPI calls 3
	IO DATA: rchar 4610 wchar 8843 syscr 51 syscw 27 read_bytes 0 write_bytes 380928
	Process OS info: (pid 556453 state R utime 1093 stime 1 cutime 0 cstime 0 CPU usage 98)
	CPU temperature (celsius): socket 0: 62 socket 1: 73[0m
EAR[556453](hratio_l30) at 2.60/1.47 in tcn366 MR[0] elapsed 7360 sec.: [32mLoop time: 1.108s DC Power: [35m492.1W[32m DRAM power: 0.00W PCK power: 410.67W
	avg. CPUFreq: 2.57GHz avg. IMCFreq: 1.47GHz
	CPI: 0.417 VPI: 0.00, Mem. bwidth: 0.13GB/s GFLOPS: 0.00 I/O: 0.01MB/s No MPI  
	TPI 0.02 Cache miss rates: L1 0.33GB/s L2 0.00GB/s L3 0.00GB/s
	Total MPI calls 3
	IO DATA: rchar 4610 wchar 8843 syscr 51 syscw 27 read_bytes 0 write_bytes 294912
	Process OS info: (pid 556453 state R utime 1093 stime 0 cutime 0 cstime 0 CPU usage 98)
	CPU temperature (celsius): socket 0: 62 socket 1: 73[0m
EAR[556453](hratio_l30) at 2.60/1.47 in tcn366 MR[0] elapsed 7371 sec.: [32mLoop time: 1.108s DC Power: [35m492.3W[32m DRAM power: 0.00W PCK power: 410.75W
	avg. CPUFreq: 2.57GHz avg. IMCFreq: 1.47GHz
	CPI: 0.416 VPI: 0.00, Mem. bwidth: 0.12GB/s GFLOPS: 0.00 I/O: 0.01MB/s No MPI  
	TPI 0.02 Cache miss rates: L1 0.33GB/s L2 0.00GB/s L3 0.00GB/s
	Total MPI calls 3
	IO DATA: rchar 4610 wchar 8843 syscr 51 syscw 27 read_bytes 0 write_bytes 311296
	Process OS info: (pid 556453 state R utime 1092 stime 1 cutime 0 cstime 0 CPU usage 98)
	CPU temperature (celsius): socket 0: 62 socket 1: 73[0m
EAR[556453](hratio_l30) at 2.60/1.47 in tcn366 MR[0] elapsed 7382 sec.: [32mLoop time: 1.107s DC Power: [35m443.5W[32m DRAM power: 0.00W PCK power: 410.65W
	avg. CPUFreq: 2.57GHz avg. IMCFreq: 1.47GHz
	CPI: 0.417 VPI: 0.00, Mem. bwidth: 0.10GB/s GFLOPS: 0.00 I/O: 0.01MB/s No MPI  
	TPI 0.01 Cache miss rates: L1 0.33GB/s L2 0.00GB/s L3 0.00GB/s
	Total MPI calls 3
	IO DATA: rchar 4610 wchar 8843 syscr 51 syscw 27 read_bytes 0 write_bytes 303104
	Process OS info: (pid 556453 state R utime 1093 stime 1 cutime 0 cstime 0 CPU usage 98)
	CPU temperature (celsius): socket 0: 62 socket 1: 73[0m
EAR[556453](hratio_l30) at 2.60/1.47 in tcn366 MR[0] elapsed 7393 sec.: [32mLoop time: 1.108s DC Power: [35m442.9W[32m DRAM power: 0.00W PCK power: 410.62W
	avg. CPUFreq: 2.57GHz avg. IMCFreq: 1.47GHz
	CPI: 0.416 VPI: 0.00, Mem. bwidth: 0.14GB/s GFLOPS: 0.00 I/O: 0.01MB/s No MPI  
	TPI 0.02 Cache miss rates: L1 0.33GB/s L2 0.00GB/s L3 0.00GB/s
	Total MPI calls 3
	IO DATA: rchar 4610 wchar 8843 syscr 51 syscw 27 read_bytes 0 write_bytes 303104
	Process OS info: (pid 556453 state R utime 1092 stime 0 cutime 0 cstime 0 CPU usage 98)
	CPU temperature (celsius): socket 0: 62 socket 1: 73[0m
EAR[556453](hratio_l30) at 2.60/1.47 in tcn366 MR[0] elapsed 7404 sec.: [32mLoop time: 1.108s DC Power: [35m492.1W[32m DRAM power: 0.00W PCK power: 410.68W
	avg. CPUFreq: 2.57GHz avg. IMCFreq: 1.47GHz
	CPI: 0.416 VPI: 0.00, Mem. bwidth: 0.12GB/s GFLOPS: 0.00 I/O: 0.01MB/s No MPI  
	TPI 0.02 Cache miss rates: L1 0.32GB/s L2 0.00GB/s L3 0.00GB/s
	Total MPI calls 3
	IO DATA: rchar 4610 wchar 8843 syscr 51 syscw 27 read_bytes 0 write_bytes 294912
	Process OS info: (pid 556453 state R utime 1093 stime 1 cutime 0 cstime 0 CPU usage 98)
	CPU temperature (celsius): socket 0: 62 socket 1: 73[0m
EAR[556453](hratio_l30) at 2.60/1.47 in tcn366 MR[0] elapsed 7415 sec.: [32mLoop time: 1.107s DC Power: [35m491.2W[32m DRAM power: 0.00W PCK power: 410.67W
	avg. CPUFreq: 2.57GHz avg. IMCFreq: 1.47GHz
	CPI: 0.417 VPI: 0.00, Mem. bwidth: 0.11GB/s GFLOPS: 0.00 I/O: 0.01MB/s No MPI  
	TPI 0.02 Cache miss rates: L1 0.34GB/s L2 0.00GB/s L3 0.00GB/s
	Total MPI calls 3
	IO DATA: rchar 4610 wchar 8843 syscr 51 syscw 27 read_bytes 0 write_bytes 294912
	Process OS info: (pid 556453 state R utime 1092 stime 1 cutime 0 cstime 0 CPU usage 98)
	CPU temperature (celsius): socket 0: 62 socket 1: 73[0m
EAR[556453](hratio_l30) at 2.60/1.47 in tcn366 MR[0] elapsed 7426 sec.: [32mLoop time: 1.108s DC Power: [35m491.0W[32m DRAM power: 0.00W PCK power: 410.67W
	avg. CPUFreq: 2.57GHz avg. IMCFreq: 1.47GHz
	CPI: 0.417 VPI: 0.00, Mem. bwidth: 0.12GB/s GFLOPS: 0.00 I/O: 0.01MB/s No MPI  
	TPI 0.02 Cache miss rates: L1 0.33GB/s L2 0.00GB/s L3 0.00GB/s
	Total MPI calls 3
	IO DATA: rchar 4610 wchar 8843 syscr 51 syscw 27 read_bytes 0 write_bytes 303104
	Process OS info: (pid 556453 state R utime 1093 stime 0 cutime 0 cstime 0 CPU usage 98)
	CPU temperature (celsius): socket 0: 62 socket 1: 73[0m
EAR[556453](hratio_l30) at 2.60/1.47 in tcn366 MR[0] elapsed 7437 sec.: [32mLoop time: 1.108s DC Power: [35m392.8W[32m DRAM power: 0.00W PCK power: 410.93W
	avg. CPUFreq: 2.57GHz avg. IMCFreq: 1.47GHz
	CPI: 0.416 VPI: 0.00, Mem. bwidth: 0.12GB/s GFLOPS: 0.00 I/O: 0.01MB/s No MPI  
	TPI 0.02 Cache miss rates: L1 0.33GB/s L2 0.00GB/s L3 0.00GB/s
	Total MPI calls 3
	IO DATA: rchar 4610 wchar 8843 syscr 51 syscw 27 read_bytes 0 write_bytes 294912
	Process OS info: (pid 556453 state R utime 1093 stime 1 cutime 0 cstime 0 CPU usage 98)
	CPU temperature (celsius): socket 0: 62 socket 1: 73[0m
EAR[556453](hratio_l30) at 2.60/1.47 in tcn366 MR[0] elapsed 7448 sec.: [32mLoop time: 1.108s DC Power: [35m491.4W[32m DRAM power: 0.00W PCK power: 411.06W
	avg. CPUFreq: 2.57GHz avg. IMCFreq: 1.47GHz
	CPI: 0.416 VPI: 0.00, Mem. bwidth: 0.12GB/s GFLOPS: 0.00 I/O: 0.01MB/s No MPI  
	TPI 0.02 Cache miss rates: L1 0.32GB/s L2 0.00GB/s L3 0.00GB/s
	Total MPI calls 3
	IO DATA: rchar 4610 wchar 8843 syscr 51 syscw 27 read_bytes 0 write_bytes 290816
	Process OS info: (pid 556453 state R utime 1092 stime 1 cutime 0 cstime 0 CPU usage 98)
	CPU temperature (celsius): socket 0: 62 socket 1: 73[0m
EAR[556453](hratio_l30) at 2.60/1.47 in tcn366 MR[0] elapsed 7459 sec.: [32mLoop time: 1.108s DC Power: [35m492.1W[32m DRAM power: 0.00W PCK power: 411.13W
	avg. CPUFreq: 2.57GHz avg. IMCFreq: 1.47GHz
	CPI: 0.415 VPI: 0.00, Mem. bwidth: 0.10GB/s GFLOPS: 0.00 I/O: 0.01MB/s No MPI  
	TPI 0.01 Cache miss rates: L1 0.33GB/s L2 0.00GB/s L3 0.00GB/s
	Total MPI calls 3
	IO DATA: rchar 4610 wchar 8843 syscr 51 syscw 27 read_bytes 0 write_bytes 299008
	Process OS info: (pid 556453 state R utime 1086 stime 1 cutime 0 cstime 0 CPU usage 98)
	CPU temperature (celsius): socket 0: 62 socket 1: 72[0m
EAR[556453](hratio_l30) at 2.60/1.47 in tcn366 MR[0] elapsed 7470 sec.: [32mLoop time: 1.108s DC Power: [35m492.0W[32m DRAM power: 0.00W PCK power: 411.05W
	avg. CPUFreq: 2.57GHz avg. IMCFreq: 1.47GHz
	CPI: 0.415 VPI: 0.00, Mem. bwidth: 0.12GB/s GFLOPS: 0.00 I/O: 0.01MB/s No MPI  
	TPI 0.02 Cache miss rates: L1 0.32GB/s L2 0.00GB/s L3 0.00GB/s
	Total MPI calls 3
	IO DATA: rchar 4610 wchar 8843 syscr 51 syscw 27 read_bytes 0 write_bytes 294912
	Process OS info: (pid 556453 state R utime 1093 stime 0 cutime 0 cstime 0 CPU usage 98)
	CPU temperature (celsius): socket 0: 62 socket 1: 73[0m
EAR[556453](hratio_l30) at 2.60/1.47 in tcn366 MR[0] elapsed 7481 sec.: [32mLoop time: 1.107s DC Power: [35m442.9W[32m DRAM power: 0.00W PCK power: 410.99W
	avg. CPUFreq: 2.57GHz avg. IMCFreq: 1.47GHz
	CPI: 0.415 VPI: 0.00, Mem. bwidth: 0.15GB/s GFLOPS: 0.00 I/O: 0.01MB/s No MPI  
	TPI 0.02 Cache miss rates: L1 0.33GB/s L2 0.00GB/s L3 0.00GB/s
	Total MPI calls 3
	IO DATA: rchar 4610 wchar 8843 syscr 51 syscw 27 read_bytes 0 write_bytes 294912
	Process OS info: (pid 556453 state R utime 1092 stime 1 cutime 0 cstime 0 CPU usage 98)
	CPU temperature (celsius): socket 0: 62 socket 1: 73[0m
EAR[556453](hratio_l30) at 2.60/1.47 in tcn366 MR[0] elapsed 7493 sec.: [32mLoop time: 1.108s DC Power: [35m492.0W[32m DRAM power: 0.00W PCK power: 410.97W
	avg. CPUFreq: 2.57GHz avg. IMCFreq: 1.47GHz
	CPI: 0.415 VPI: 0.00, Mem. bwidth: 0.11GB/s GFLOPS: 0.00 I/O: 0.01MB/s No MPI  
	TPI 0.02 Cache miss rates: L1 0.33GB/s L2 0.00GB/s L3 0.00GB/s
	Total MPI calls 3
	IO DATA: rchar 4610 wchar 8843 syscr 51 syscw 27 read_bytes 0 write_bytes 294912
	Process OS info: (pid 556453 state R utime 1093 stime 0 cutime 0 cstime 0 CPU usage 98)
	CPU temperature (celsius): socket 0: 62 socket 1: 73[0m
EAR[556453](hratio_l30) at 2.60/1.47 in tcn366 MR[0] elapsed 7504 sec.: [32mLoop time: 1.107s DC Power: [35m442.9W[32m DRAM power: 0.00W PCK power: 411.18W
	avg. CPUFreq: 2.57GHz avg. IMCFreq: 1.47GHz
	CPI: 0.415 VPI: 0.00, Mem. bwidth: 0.12GB/s GFLOPS: 0.00 I/O: 0.01MB/s No MPI  
	TPI 0.02 Cache miss rates: L1 0.32GB/s L2 0.00GB/s L3 0.00GB/s
	Total MPI calls 3
	IO DATA: rchar 4610 wchar 8843 syscr 51 syscw 27 read_bytes 0 write_bytes 327680
	Process OS info: (pid 556453 state R utime 1091 stime 1 cutime 0 cstime 0 CPU usage 98)
	CPU temperature (celsius): socket 0: 62 socket 1: 73[0m
EAR[556453](hratio_l30) at 2.60/1.47 in tcn366 MR[0] elapsed 7515 sec.: [32mLoop time: 1.107s DC Power: [35m492.2W[32m DRAM power: 0.00W PCK power: 411.39W
	avg. CPUFreq: 2.57GHz avg. IMCFreq: 1.47GHz
	CPI: 0.415 VPI: 0.00, Mem. bwidth: 0.12GB/s GFLOPS: 0.00 I/O: 0.01MB/s No MPI  
	TPI 0.02 Cache miss rates: L1 0.32GB/s L2 0.00GB/s L3 0.00GB/s
	Total MPI calls 3
	IO DATA: rchar 4610 wchar 8843 syscr 51 syscw 27 read_bytes 0 write_bytes 299008
	Process OS info: (pid 556453 state R utime 1092 stime 0 cutime 0 cstime 0 CPU usage 98)
	CPU temperature (celsius): socket 0: 62 socket 1: 73[0m
EAR[556453](hratio_l30) at 2.60/1.47 in tcn366 MR[0] elapsed 7526 sec.: [32mLoop time: 1.107s DC Power: [35m443.4W[32m DRAM power: 0.00W PCK power: 411.39W
	avg. CPUFreq: 2.57GHz avg. IMCFreq: 1.47GHz
	CPI: 0.414 VPI: 0.00, Mem. bwidth: 0.12GB/s GFLOPS: 0.00 I/O: 0.01MB/s No MPI  
	TPI 0.02 Cache miss rates: L1 0.32GB/s L2 0.00GB/s L3 0.00GB/s
	Total MPI calls 3
	IO DATA: rchar 4610 wchar 8843 syscr 51 syscw 27 read_bytes 0 write_bytes 294912
	Process OS info: (pid 556453 state R utime 1092 stime 1 cutime 0 cstime 0 CPU usage 98)
	CPU temperature (celsius): socket 0: 62 socket 1: 73[0m
EAR[556453](hratio_l30) at 2.60/1.47 in tcn366 MR[0] elapsed 7537 sec.: [32mLoop time: 1.108s DC Power: [35m493.0W[32m DRAM power: 0.00W PCK power: 411.99W
	avg. CPUFreq: 2.57GHz avg. IMCFreq: 1.47GHz
	CPI: 0.413 VPI: 0.00, Mem. bwidth: 0.12GB/s GFLOPS: 0.00 I/O: 0.01MB/s No MPI  
	TPI 0.02 Cache miss rates: L1 0.28GB/s L2 0.00GB/s L3 0.00GB/s
	Total MPI calls 3
	IO DATA: rchar 4610 wchar 8843 syscr 51 syscw 27 read_bytes 0 write_bytes 393216
	Process OS info: (pid 556453 state R utime 1093 stime 1 cutime 0 cstime 0 CPU usage 98)
	CPU temperature (celsius): socket 0: 62 socket 1: 73[0m
EAR[556453](hratio_l30) at 2.60/1.47 in tcn366 MR[0] elapsed 7548 sec.: [32mLoop time: 1.108s DC Power: [35m493.5W[32m DRAM power: 0.00W PCK power: 412.09W
	avg. CPUFreq: 2.57GHz avg. IMCFreq: 1.47GHz
	CPI: 0.412 VPI: 0.00, Mem. bwidth: 0.12GB/s GFLOPS: 0.00 I/O: 0.01MB/s No MPI  
	TPI 0.02 Cache miss rates: L1 0.28GB/s L2 0.00GB/s L3 0.00GB/s
	Total MPI calls 3
	IO DATA: rchar 4610 wchar 8843 syscr 51 syscw 27 read_bytes 0 write_bytes 294912
	Process OS info: (pid 556453 state R utime 1093 stime 1 cutime 0 cstime 0 CPU usage 98)
	CPU temperature (celsius): socket 0: 62 socket 1: 73[0m
EAR[556453](hratio_l30) at 2.60/1.47 in tcn366 MR[0] elapsed 7559 sec.: [32mLoop time: 1.108s DC Power: [35m493.7W[32m DRAM power: 0.00W PCK power: 412.13W
	avg. CPUFreq: 2.57GHz avg. IMCFreq: 1.47GHz
	CPI: 0.412 VPI: 0.00, Mem. bwidth: 0.11GB/s GFLOPS: 0.00 I/O: 0.01MB/s No MPI  
	TPI 0.02 Cache miss rates: L1 0.28GB/s L2 0.00GB/s L3 0.00GB/s
	Total MPI calls 3
	IO DATA: rchar 4610 wchar 8843 syscr 51 syscw 27 read_bytes 0 write_bytes 303104
	Process OS info: (pid 556453 state R utime 1093 stime 0 cutime 0 cstime 0 CPU usage 98)
	CPU temperature (celsius): socket 0: 62 socket 1: 73[0m
EAR[556453](hratio_l30) at 2.60/1.47 in tcn366 MR[0] elapsed 7570 sec.: [32mLoop time: 1.107s DC Power: [35m444.1W[32m DRAM power: 0.00W PCK power: 412.07W
	avg. CPUFreq: 2.57GHz avg. IMCFreq: 1.47GHz
	CPI: 0.413 VPI: 0.00, Mem. bwidth: 0.17GB/s GFLOPS: 0.00 I/O: 0.01MB/s No MPI  
	TPI 0.03 Cache miss rates: L1 0.29GB/s L2 0.00GB/s L3 0.00GB/s
	Total MPI calls 3
	IO DATA: rchar 4610 wchar 8843 syscr 51 syscw 27 read_bytes 0 write_bytes 327680
	Process OS info: (pid 556453 state R utime 1092 stime 1 cutime 0 cstime 0 CPU usage 98)
	CPU temperature (celsius): socket 0: 62 socket 1: 73[0m
EAR[556453](hratio_l30) at 2.60/1.47 in tcn366 MR[0] elapsed 7581 sec.: [32mLoop time: 1.108s DC Power: [35m492.8W[32m DRAM power: 0.00W PCK power: 412.10W
	avg. CPUFreq: 2.57GHz avg. IMCFreq: 1.47GHz
	CPI: 0.412 VPI: 0.00, Mem. bwidth: 0.12GB/s GFLOPS: 0.00 I/O: 0.01MB/s No MPI  
	TPI 0.02 Cache miss rates: L1 0.28GB/s L2 0.00GB/s L3 0.00GB/s
	Total MPI calls 3
	IO DATA: rchar 4610 wchar 8843 syscr 51 syscw 27 read_bytes 0 write_bytes 299008
	Process OS info: (pid 556453 state R utime 1092 stime 1 cutime 0 cstime 0 CPU usage 98)
	CPU temperature (celsius): socket 0: 62 socket 1: 73[0m
EAR[556453](hratio_l30) at 2.60/1.47 in tcn366 MR[0] elapsed 7592 sec.: [32mLoop time: 1.107s DC Power: [35m493.1W[32m DRAM power: 0.00W PCK power: 412.41W
	avg. CPUFreq: 2.57GHz avg. IMCFreq: 1.47GHz
	CPI: 0.411 VPI: 0.00, Mem. bwidth: 0.11GB/s GFLOPS: 0.00 I/O: 0.01MB/s No MPI  
	TPI 0.02 Cache miss rates: L1 0.27GB/s L2 0.00GB/s L3 0.00GB/s
	Total MPI calls 3
	IO DATA: rchar 4610 wchar 8843 syscr 51 syscw 27 read_bytes 0 write_bytes 294912
	Process OS info: (pid 556453 state R utime 1092 stime 0 cutime 0 cstime 0 CPU usage 98)
	CPU temperature (celsius): socket 0: 62 socket 1: 73[0m
EAR[556453](hratio_l30) at 2.60/1.47 in tcn366 MR[0] elapsed 7603 sec.: [32mLoop time: 1.108s DC Power: [35m492.9W[32m DRAM power: 0.00W PCK power: 412.63W
	avg. CPUFreq: 2.57GHz avg. IMCFreq: 1.47GHz
	CPI: 0.411 VPI: 0.00, Mem. bwidth: 0.13GB/s GFLOPS: 0.00 I/O: 0.01MB/s No MPI  
	TPI 0.02 Cache miss rates: L1 0.32GB/s L2 0.00GB/s L3 0.00GB/s
	Total MPI calls 3
	IO DATA: rchar 4610 wchar 8843 syscr 51 syscw 27 read_bytes 0 write_bytes 294912
	Process OS info: (pid 556453 state R utime 1093 stime 1 cutime 0 cstime 0 CPU usage 98)
	CPU temperature (celsius): socket 0: 62 socket 1: 73[0m
EAR[556453](hratio_l30) at 2.60/1.47 in tcn366 MR[0] elapsed 7614 sec.: [32mLoop time: 1.108s DC Power: [35m443.7W[32m DRAM power: 0.00W PCK power: 412.53W
	avg. CPUFreq: 2.57GHz avg. IMCFreq: 1.47GHz
	CPI: 0.412 VPI: 0.00, Mem. bwidth: 0.11GB/s GFLOPS: 0.00 I/O: 0.01MB/s No MPI  
	TPI 0.02 Cache miss rates: L1 0.33GB/s L2 0.00GB/s L3 0.00GB/s
	Total MPI calls 3
	IO DATA: rchar 4610 wchar 8843 syscr 51 syscw 27 read_bytes 0 write_bytes 294912
	Process OS info: (pid 556453 state R utime 1093 stime 1 cutime 0 cstime 0 CPU usage 98)
	CPU temperature (celsius): socket 0: 62 socket 1: 73[0m
EAR[556453](hratio_l30) at 2.60/1.47 in tcn366 MR[0] elapsed 7625 sec.: [32mLoop time: 1.107s DC Power: [35m443.7W[32m DRAM power: 0.00W PCK power: 412.71W
	avg. CPUFreq: 2.57GHz avg. IMCFreq: 1.47GHz
	CPI: 0.411 VPI: 0.00, Mem. bwidth: 0.10GB/s GFLOPS: 0.00 I/O: 0.01MB/s No MPI  
	TPI 0.01 Cache miss rates: L1 0.32GB/s L2 0.00GB/s L3 0.00GB/s
	Total MPI calls 3
	IO DATA: rchar 4610 wchar 8843 syscr 51 syscw 27 read_bytes 0 write_bytes 294912
	Process OS info: (pid 556453 state R utime 1092 stime 0 cutime 0 cstime 0 CPU usage 98)
	CPU temperature (celsius): socket 0: 62 socket 1: 73[0m
EAR[556453](hratio_l30) at 2.60/1.47 in tcn366 MR[0] elapsed 7637 sec.: [32mLoop time: 1.108s DC Power: [35m492.8W[32m DRAM power: 0.00W PCK power: 412.96W
	avg. CPUFreq: 2.57GHz avg. IMCFreq: 1.47GHz
	CPI: 0.410 VPI: 0.00, Mem. bwidth: 0.13GB/s GFLOPS: 0.00 I/O: 0.01MB/s No MPI  
	TPI 0.02 Cache miss rates: L1 0.33GB/s L2 0.00GB/s L3 0.00GB/s
	Total MPI calls 3
	IO DATA: rchar 4610 wchar 8843 syscr 51 syscw 27 read_bytes 0 write_bytes 462848
	Process OS info: (pid 556453 state R utime 1093 stime 1 cutime 0 cstime 0 CPU usage 98)
	CPU temperature (celsius): socket 0: 62 socket 1: 73[0m
EAR[556453](hratio_l30) at 2.60/1.47 in tcn366 MR[0] elapsed 7648 sec.: [32mLoop time: 1.107s DC Power: [35m493.0W[32m DRAM power: 0.00W PCK power: 412.97W
	avg. CPUFreq: 2.57GHz avg. IMCFreq: 1.47GHz
	CPI: 0.410 VPI: 0.00, Mem. bwidth: 0.12GB/s GFLOPS: 0.00 I/O: 0.01MB/s No MPI  
	TPI 0.02 Cache miss rates: L1 0.32GB/s L2 0.00GB/s L3 0.00GB/s
	Total MPI calls 3
	IO DATA: rchar 4610 wchar 8843 syscr 51 syscw 27 read_bytes 0 write_bytes 442368
	Process OS info: (pid 556453 state R utime 1092 stime 1 cutime 0 cstime 0 CPU usage 98)
	CPU temperature (celsius): socket 0: 62 socket 1: 73[0m
EAR[556453](hratio_l30) at 2.60/1.47 in tcn366 MR[0] elapsed 7659 sec.: [32mLoop time: 1.108s DC Power: [35m443.5W[32m DRAM power: 0.00W PCK power: 412.95W
	avg. CPUFreq: 2.57GHz avg. IMCFreq: 1.47GHz
	CPI: 0.410 VPI: 0.00, Mem. bwidth: 0.13GB/s GFLOPS: 0.00 I/O: 0.01MB/s No MPI  
	TPI 0.02 Cache miss rates: L1 0.32GB/s L2 0.00GB/s L3 0.00GB/s
	Total MPI calls 3
	IO DATA: rchar 4610 wchar 8843 syscr 51 syscw 27 read_bytes 0 write_bytes 294912
	Process OS info: (pid 556453 state R utime 1093 stime 1 cutime 0 cstime 0 CPU usage 98)
	CPU temperature (celsius): socket 0: 62 socket 1: 73[0m
EAR[556453](hratio_l30) at 2.60/1.47 in tcn366 MR[0] elapsed 7670 sec.: [32mLoop time: 1.108s DC Power: [35m493.1W[32m DRAM power: 0.00W PCK power: 412.90W
	avg. CPUFreq: 2.57GHz avg. IMCFreq: 1.47GHz
	CPI: 0.410 VPI: 0.00, Mem. bwidth: 0.10GB/s GFLOPS: 0.00 I/O: 0.01MB/s No MPI  
	TPI 0.01 Cache miss rates: L1 0.33GB/s L2 0.00GB/s L3 0.00GB/s
	Total MPI calls 3
	IO DATA: rchar 4610 wchar 8843 syscr 51 syscw 27 read_bytes 0 write_bytes 294912
	Process OS info: (pid 556453 state R utime 1094 stime 0 cutime 0 cstime 0 CPU usage 98)
	CPU temperature (celsius): socket 0: 62 socket 1: 73[0m
EAR[556453](hratio_l30) at 2.60/1.47 in tcn366 MR[0] elapsed 7681 sec.: [32mLoop time: 1.107s DC Power: [35m444.1W[32m DRAM power: 0.00W PCK power: 413.03W
	avg. CPUFreq: 2.57GHz avg. IMCFreq: 1.47GHz
	CPI: 0.410 VPI: 0.00, Mem. bwidth: 0.12GB/s GFLOPS: 0.00 I/O: 0.01MB/s No MPI  
	TPI 0.02 Cache miss rates: L1 0.34GB/s L2 0.00GB/s L3 0.00GB/s
	Total MPI calls 3
	IO DATA: rchar 4610 wchar 8843 syscr 51 syscw 27 read_bytes 0 write_bytes 299008
	Process OS info: (pid 556453 state R utime 1092 stime 1 cutime 0 cstime 0 CPU usage 98)
	CPU temperature (celsius): socket 0: 62 socket 1: 73[0m
EAR[556453](hratio_l30) at 2.60/1.47 in tcn366 MR[0] elapsed 7692 sec.: [32mLoop time: 1.108s DC Power: [35m493.7W[32m DRAM power: 0.00W PCK power: 413.17W
	avg. CPUFreq: 2.57GHz avg. IMCFreq: 1.47GHz
	CPI: 0.409 VPI: 0.00, Mem. bwidth: 0.12GB/s GFLOPS: 0.00 I/O: 0.01MB/s No MPI  
	TPI 0.02 Cache miss rates: L1 0.35GB/s L2 0.00GB/s L3 0.00GB/s
	Total MPI calls 3
	IO DATA: rchar 4610 wchar 8843 syscr 51 syscw 27 read_bytes 0 write_bytes 303104
	Process OS info: (pid 556453 state R utime 1093 stime 1 cutime 0 cstime 0 CPU usage 98)
	CPU temperature (celsius): socket 0: 62 socket 1: 73[0m
EAR[556453](hratio_l30) at 2.60/1.47 in tcn366 MR[0] elapsed 7703 sec.: [32mLoop time: 1.108s DC Power: [35m445.0W[32m DRAM power: 0.00W PCK power: 413.57W
	avg. CPUFreq: 2.57GHz avg. IMCFreq: 1.47GHz
	CPI: 0.408 VPI: 0.00, Mem. bwidth: 0.10GB/s GFLOPS: 0.00 I/O: 0.01MB/s No MPI  
	TPI 0.01 Cache miss rates: L1 0.35GB/s L2 0.00GB/s L3 0.00GB/s
	Total MPI calls 3
	IO DATA: rchar 4610 wchar 8843 syscr 51 syscw 27 read_bytes 0 write_bytes 393216
	Process OS info: (pid 556453 state R utime 1091 stime 0 cutime 0 cstime 0 CPU usage 98)
	CPU temperature (celsius): socket 0: 62 socket 1: 73[0m
EAR[556453](hratio_l30) at 2.60/1.47 in tcn366 MR[0] elapsed 7714 sec.: [32mLoop time: 1.107s DC Power: [35m494.8W[32m DRAM power: 0.00W PCK power: 413.60W
	avg. CPUFreq: 2.57GHz avg. IMCFreq: 1.47GHz
	CPI: 0.408 VPI: 0.00, Mem. bwidth: 0.11GB/s GFLOPS: 0.00 I/O: 0.01MB/s No MPI  
	TPI 0.02 Cache miss rates: L1 0.33GB/s L2 0.00GB/s L3 0.00GB/s
	Total MPI calls 3
	IO DATA: rchar 4610 wchar 8843 syscr 51 syscw 27 read_bytes 0 write_bytes 294912
	Process OS info: (pid 556453 state R utime 1092 stime 1 cutime 0 cstime 0 CPU usage 98)
	CPU temperature (celsius): socket 0: 62 socket 1: 73[0m
EAR[556453](hratio_l30) at 2.60/1.47 in tcn366 MR[0] elapsed 7725 sec.: [32mLoop time: 1.108s DC Power: [35m495.7W[32m DRAM power: 0.00W PCK power: 413.70W
	avg. CPUFreq: 2.57GHz avg. IMCFreq: 1.47GHz
	CPI: 0.408 VPI: 0.00, Mem. bwidth: 0.12GB/s GFLOPS: 0.00 I/O: 0.01MB/s No MPI  
	TPI 0.02 Cache miss rates: L1 0.32GB/s L2 0.00GB/s L3 0.00GB/s
	Total MPI calls 3
	IO DATA: rchar 4610 wchar 8843 syscr 51 syscw 27 read_bytes 0 write_bytes 294912
	Process OS info: (pid 556453 state R utime 1091 stime 0 cutime 0 cstime 0 CPU usage 98)
	CPU temperature (celsius): socket 0: 62 socket 1: 73[0m
EAR[556453](hratio_l30) at 2.60/1.47 in tcn366 MR[0] elapsed 7736 sec.: [32mLoop time: 1.107s DC Power: [35m445.3W[32m DRAM power: 0.00W PCK power: 413.98W
	avg. CPUFreq: 2.57GHz avg. IMCFreq: 1.47GHz
	CPI: 0.407 VPI: 0.00, Mem. bwidth: 0.12GB/s GFLOPS: 0.00 I/O: 0.01MB/s No MPI  
	TPI 0.02 Cache miss rates: L1 0.31GB/s L2 0.00GB/s L3 0.00GB/s
	Total MPI calls 3
	IO DATA: rchar 4610 wchar 8843 syscr 51 syscw 27 read_bytes 0 write_bytes 294912
	Process OS info: (pid 556453 state R utime 1091 stime 1 cutime 0 cstime 0 CPU usage 98)
	CPU temperature (celsius): socket 0: 62 socket 1: 73[0m
EAR[556453](hratio_l30) at 2.60/1.47 in tcn366 MR[0] elapsed 7747 sec.: [32mLoop time: 1.108s DC Power: [35m445.3W[32m DRAM power: 0.00W PCK power: 414.36W
	avg. CPUFreq: 2.57GHz avg. IMCFreq: 1.47GHz
	CPI: 0.406 VPI: 0.00, Mem. bwidth: 0.12GB/s GFLOPS: 0.00 I/O: 0.01MB/s No MPI  
	TPI 0.02 Cache miss rates: L1 0.21GB/s L2 0.00GB/s L3 0.00GB/s
	Total MPI calls 3
	IO DATA: rchar 4610 wchar 8843 syscr 51 syscw 27 read_bytes 0 write_bytes 294912
	Process OS info: (pid 556453 state R utime 1091 stime 1 cutime 0 cstime 0 CPU usage 98)
	CPU temperature (celsius): socket 0: 62 socket 1: 73[0m
EAR[556453](hratio_l30) at 2.60/1.47 in tcn366 MR[0] elapsed 7758 sec.: [32mLoop time: 1.108s DC Power: [35m494.7W[32m DRAM power: 0.00W PCK power: 414.35W
	avg. CPUFreq: 2.57GHz avg. IMCFreq: 1.47GHz
	CPI: 0.406 VPI: 0.00, Mem. bwidth: 0.11GB/s GFLOPS: 0.00 I/O: 0.01MB/s No MPI  
	TPI 0.02 Cache miss rates: L1 0.21GB/s L2 0.00GB/s L3 0.00GB/s
	Total MPI calls 3
	IO DATA: rchar 4610 wchar 8843 syscr 51 syscw 27 read_bytes 0 write_bytes 299008
	Process OS info: (pid 556453 state R utime 1091 stime 0 cutime 0 cstime 0 CPU usage 98)
	CPU temperature (celsius): socket 0: 62 socket 1: 73[0m
EAR[556453](hratio_l30) at 2.60/1.47 in tcn366 MR[0] elapsed 7769 sec.: [32mLoop time: 1.108s DC Power: [35m494.5W[32m DRAM power: 0.00W PCK power: 414.22W
	avg. CPUFreq: 2.57GHz avg. IMCFreq: 1.47GHz
	CPI: 0.406 VPI: 0.00, Mem. bwidth: 0.12GB/s GFLOPS: 0.00 I/O: 0.01MB/s No MPI  
	TPI 0.02 Cache miss rates: L1 0.23GB/s L2 0.00GB/s L3 0.00GB/s
	Total MPI calls 3
	IO DATA: rchar 4610 wchar 8843 syscr 51 syscw 27 read_bytes 0 write_bytes 442368
	Process OS info: (pid 556453 state R utime 1092 stime 1 cutime 0 cstime 0 CPU usage 98)
	CPU temperature (celsius): socket 0: 62 socket 1: 73[0m
EAR[556453](hratio_l30) at 2.60/1.47 in tcn366 MR[0] elapsed 7781 sec.: [32mLoop time: 1.108s DC Power: [35m494.7W[32m DRAM power: 0.00W PCK power: 414.33W
	avg. CPUFreq: 2.57GHz avg. IMCFreq: 1.47GHz
	CPI: 0.406 VPI: 0.00, Mem. bwidth: 0.13GB/s GFLOPS: 0.00 I/O: 0.01MB/s No MPI  
	TPI 0.02 Cache miss rates: L1 0.22GB/s L2 0.00GB/s L3 0.00GB/s
	Total MPI calls 3
	IO DATA: rchar 4610 wchar 8843 syscr 51 syscw 27 read_bytes 0 write_bytes 294912
	Process OS info: (pid 556453 state R utime 1091 stime 1 cutime 0 cstime 0 CPU usage 98)
	CPU temperature (celsius): socket 0: 62 socket 1: 73[0m
EAR[556453](hratio_l30) at 2.60/1.47 in tcn366 MR[0] elapsed 7792 sec.: [32mLoop time: 1.108s DC Power: [35m445.2W[32m DRAM power: 0.00W PCK power: 414.31W
	avg. CPUFreq: 2.57GHz avg. IMCFreq: 1.47GHz
	CPI: 0.406 VPI: 0.00, Mem. bwidth: 0.11GB/s GFLOPS: 0.00 I/O: 0.01MB/s No MPI  
	TPI 0.02 Cache miss rates: L1 0.22GB/s L2 0.00GB/s L3 0.00GB/s
	Total MPI calls 3
	IO DATA: rchar 4610 wchar 8843 syscr 51 syscw 27 read_bytes 0 write_bytes 294912
	Process OS info: (pid 556453 state R utime 1091 stime 1 cutime 0 cstime 0 CPU usage 98)
	CPU temperature (celsius): socket 0: 62 socket 1: 73[0m
EAR[556453](hratio_l30) at 2.60/1.47 in tcn366 MR[0] elapsed 7803 sec.: [32mLoop time: 1.110s DC Power: [35m444.4W[32m DRAM power: 0.00W PCK power: 414.35W
	avg. CPUFreq: 2.57GHz avg. IMCFreq: 1.47GHz
	CPI: 0.406 VPI: 0.00, Mem. bwidth: 0.11GB/s GFLOPS: 0.00 I/O: 0.01MB/s No MPI  
	TPI 0.02 Cache miss rates: L1 0.22GB/s L2 0.00GB/s L3 0.00GB/s
	Total MPI calls 3
	IO DATA: rchar 4610 wchar 8843 syscr 51 syscw 27 read_bytes 0 write_bytes 294912
	Process OS info: (pid 556453 state R utime 1094 stime 0 cutime 0 cstime 0 CPU usage 98)
	CPU temperature (celsius): socket 0: 62 socket 1: 73[0m
EAR[556453](hratio_l30) at 2.60/1.47 in tcn366 MR[0] elapsed 7814 sec.: [32mLoop time: 1.108s DC Power: [35m494.7W[32m DRAM power: 0.00W PCK power: 414.19W
	avg. CPUFreq: 2.57GHz avg. IMCFreq: 1.47GHz
	CPI: 0.407 VPI: 0.00, Mem. bwidth: 0.16GB/s GFLOPS: 0.00 I/O: 0.01MB/s No MPI  
	TPI 0.02 Cache miss rates: L1 0.23GB/s L2 0.00GB/s L3 0.00GB/s
	Total MPI calls 3
	IO DATA: rchar 4610 wchar 8843 syscr 51 syscw 27 read_bytes 0 write_bytes 303104
	Process OS info: (pid 556453 state R utime 1093 stime 1 cutime 0 cstime 0 CPU usage 98)
	CPU temperature (celsius): socket 0: 62 socket 1: 73[0m
EAR[556453](hratio_l30) at 2.60/1.47 in tcn366 MR[0] elapsed 7825 sec.: [32mLoop time: 1.108s DC Power: [35m494.8W[32m DRAM power: 0.00W PCK power: 414.29W
	avg. CPUFreq: 2.57GHz avg. IMCFreq: 1.47GHz
	CPI: 0.406 VPI: 0.00, Mem. bwidth: 0.11GB/s GFLOPS: 0.00 I/O: 0.01MB/s No MPI  
	TPI 0.02 Cache miss rates: L1 0.23GB/s L2 0.00GB/s L3 0.00GB/s
	Total MPI calls 3
	IO DATA: rchar 4610 wchar 8843 syscr 51 syscw 27 read_bytes 0 write_bytes 294912
	Process OS info: (pid 556453 state R utime 1092 stime 1 cutime 0 cstime 0 CPU usage 98)
	CPU temperature (celsius): socket 0: 62 socket 1: 73[0m
EAR[556453](hratio_l30) at 2.60/1.47 in tcn366 MR[0] elapsed 7836 sec.: [32mLoop time: 1.107s DC Power: [35m445.5W[32m DRAM power: 0.00W PCK power: 414.29W
	avg. CPUFreq: 2.57GHz avg. IMCFreq: 1.47GHz
	CPI: 0.406 VPI: 0.00, Mem. bwidth: 0.13GB/s GFLOPS: 0.00 I/O: 0.01MB/s No MPI  
	TPI 0.02 Cache miss rates: L1 0.22GB/s L2 0.00GB/s L3 0.00GB/s
	Total MPI calls 3
	IO DATA: rchar 4610 wchar 8843 syscr 51 syscw 27 read_bytes 0 write_bytes 294912
	Process OS info: (pid 556453 state R utime 1093 stime 0 cutime 0 cstime 0 CPU usage 98)
	CPU temperature (celsius): socket 0: 62 socket 1: 73[0m
EAR[556453](hratio_l30) at 2.60/1.47 in tcn366 MR[0] elapsed 7847 sec.: [32mLoop time: 1.108s DC Power: [35m494.6W[32m DRAM power: 0.00W PCK power: 414.30W
	avg. CPUFreq: 2.57GHz avg. IMCFreq: 1.47GHz
	CPI: 0.406 VPI: 0.00, Mem. bwidth: 0.12GB/s GFLOPS: 0.00 I/O: 0.01MB/s No MPI  
	TPI 0.02 Cache miss rates: L1 0.22GB/s L2 0.00GB/s L3 0.00GB/s
	Total MPI calls 3
	IO DATA: rchar 4610 wchar 8843 syscr 51 syscw 27 read_bytes 0 write_bytes 299008
	Process OS info: (pid 556453 state R utime 1093 stime 1 cutime 0 cstime 0 CPU usage 98)
	CPU temperature (celsius): socket 0: 62 socket 1: 73[0m
EAR[556453](hratio_l30) at 2.60/1.47 in tcn366 MR[0] elapsed 7858 sec.: [32mLoop time: 1.107s DC Power: [35m445.4W[32m DRAM power: 0.00W PCK power: 414.33W
	avg. CPUFreq: 2.57GHz avg. IMCFreq: 1.47GHz
	CPI: 0.406 VPI: 0.00, Mem. bwidth: 0.12GB/s GFLOPS: 0.00 I/O: 0.01MB/s No MPI  
	TPI 0.02 Cache miss rates: L1 0.22GB/s L2 0.00GB/s L3 0.00GB/s
	Total MPI calls 3
	IO DATA: rchar 4610 wchar 8843 syscr 51 syscw 27 read_bytes 0 write_bytes 303104
	Process OS info: (pid 556453 state R utime 1092 stime 0 cutime 0 cstime 0 CPU usage 98)
	CPU temperature (celsius): socket 0: 62 socket 1: 73[0m
EAR[556453](hratio_l30) at 2.60/1.47 in tcn366 MR[0] elapsed 7869 sec.: [32mLoop time: 1.113s DC Power: [35m492.8W[32m DRAM power: 0.00W PCK power: 414.34W
	avg. CPUFreq: 2.57GHz avg. IMCFreq: 1.47GHz
	CPI: 0.406 VPI: 0.00, Mem. bwidth: 0.12GB/s GFLOPS: 0.00 I/O: 0.01MB/s No MPI  
	TPI 0.02 Cache miss rates: L1 0.21GB/s L2 0.00GB/s L3 0.00GB/s
	Total MPI calls 3
	IO DATA: rchar 4610 wchar 8843 syscr 51 syscw 27 read_bytes 0 write_bytes 425984
	Process OS info: (pid 556453 state R utime 1098 stime 1 cutime 0 cstime 0 CPU usage 98)
	CPU temperature (celsius): socket 0: 62 socket 1: 73[0m
EAR[556453](hratio_l30) at 2.60/1.47 in tcn366 MR[0] elapsed 7880 sec.: [32mLoop time: 1.108s DC Power: [35m446.0W[32m DRAM power: 0.00W PCK power: 414.27W
	avg. CPUFreq: 2.57GHz avg. IMCFreq: 1.47GHz
	CPI: 0.406 VPI: 0.00, Mem. bwidth: 0.12GB/s GFLOPS: 0.00 I/O: 0.01MB/s No MPI  
	TPI 0.02 Cache miss rates: L1 0.21GB/s L2 0.00GB/s L3 0.00GB/s
	Total MPI calls 3
	IO DATA: rchar 4610 wchar 8843 syscr 51 syscw 27 read_bytes 0 write_bytes 299008
	Process OS info: (pid 556453 state R utime 1093 stime 0 cutime 0 cstime 0 CPU usage 98)
	CPU temperature (celsius): socket 0: 62 socket 1: 73[0m
EAR[556453](hratio_l30) at 2.60/1.47 in tcn366 MR[0] elapsed 7891 sec.: [32mLoop time: 1.108s DC Power: [35m495.5W[32m DRAM power: 0.00W PCK power: 414.34W
	avg. CPUFreq: 2.57GHz avg. IMCFreq: 1.47GHz
	CPI: 0.406 VPI: 0.00, Mem. bwidth: 0.12GB/s GFLOPS: 0.00 I/O: 0.01MB/s No MPI  
	TPI 0.02 Cache miss rates: L1 0.20GB/s L2 0.00GB/s L3 0.00GB/s
	Total MPI calls 3
	IO DATA: rchar 4610 wchar 8843 syscr 51 syscw 27 read_bytes 0 write_bytes 294912
	Process OS info: (pid 556453 state R utime 1093 stime 1 cutime 0 cstime 0 CPU usage 98)
	CPU temperature (celsius): socket 0: 62 socket 1: 73[0m
EAR[556453](hratio_l30) at 2.60/1.47 in tcn366 MR[0] elapsed 7902 sec.: [32mLoop time: 1.108s DC Power: [35m495.6W[32m DRAM power: 0.00W PCK power: 414.33W
	avg. CPUFreq: 2.57GHz avg. IMCFreq: 1.47GHz
	CPI: 0.406 VPI: 0.00, Mem. bwidth: 0.14GB/s GFLOPS: 0.00 I/O: 0.01MB/s No MPI  
	TPI 0.02 Cache miss rates: L1 0.21GB/s L2 0.00GB/s L3 0.00GB/s
	Total MPI calls 3
	IO DATA: rchar 4610 wchar 8843 syscr 51 syscw 27 read_bytes 0 write_bytes 294912
	Process OS info: (pid 556453 state R utime 1093 stime 0 cutime 0 cstime 0 CPU usage 98)
	CPU temperature (celsius): socket 0: 62 socket 1: 73[0m
EAR[556453](hratio_l30) at 2.60/1.47 in tcn366 MR[0] elapsed 7914 sec.: [32mLoop time: 1.108s DC Power: [35m495.1W[32m DRAM power: 0.00W PCK power: 414.36W
	avg. CPUFreq: 2.57GHz avg. IMCFreq: 1.47GHz
	CPI: 0.406 VPI: 0.00, Mem. bwidth: 0.11GB/s GFLOPS: 0.00 I/O: 0.01MB/s No MPI  
	TPI 0.02 Cache miss rates: L1 0.25GB/s L2 0.00GB/s L3 0.00GB/s
	Total MPI calls 3
	IO DATA: rchar 4610 wchar 8843 syscr 51 syscw 27 read_bytes 0 write_bytes 299008
	Process OS info: (pid 556453 state R utime 1093 stime 1 cutime 0 cstime 0 CPU usage 98)
	CPU temperature (celsius): socket 0: 62 socket 1: 73[0m
EAR[556453](hratio_l30) at 2.60/1.47 in tcn366 MR[0] elapsed 7925 sec.: [32mLoop time: 1.108s DC Power: [35m395.7W[32m DRAM power: 0.00W PCK power: 414.39W
	avg. CPUFreq: 2.57GHz avg. IMCFreq: 1.47GHz
	CPI: 0.406 VPI: 0.00, Mem. bwidth: 0.11GB/s GFLOPS: 0.00 I/O: 0.01MB/s No MPI  
	TPI 0.02 Cache miss rates: L1 0.22GB/s L2 0.00GB/s L3 0.00GB/s
	Total MPI calls 3
	IO DATA: rchar 4610 wchar 8843 syscr 51 syscw 27 read_bytes 0 write_bytes 294912
	Process OS info: (pid 556453 state R utime 1093 stime 0 cutime 0 cstime 0 CPU usage 98)
	CPU temperature (celsius): socket 0: 62 socket 1: 73[0m
EAR[556453](hratio_l30) at 2.60/1.47 in tcn366 MR[0] elapsed 7936 sec.: [32mLoop time: 1.109s DC Power: [35m494.2W[32m DRAM power: 0.00W PCK power: 414.70W
	avg. CPUFreq: 2.57GHz avg. IMCFreq: 1.47GHz
	CPI: 0.405 VPI: 0.00, Mem. bwidth: 0.11GB/s GFLOPS: 0.00 I/O: 0.01MB/s No MPI  
	TPI 0.02 Cache miss rates: L1 0.22GB/s L2 0.00GB/s L3 0.00GB/s
	Total MPI calls 3
	IO DATA: rchar 4610 wchar 8843 syscr 51 syscw 27 read_bytes 0 write_bytes 299008
	Process OS info: (pid 556453 state R utime 1094 stime 1 cutime 0 cstime 0 CPU usage 98)
	CPU temperature (celsius): socket 0: 62 socket 1: 73[0m
EAR[556453](hratio_l30) at 2.60/1.47 in tcn366 MR[0] elapsed 7947 sec.: [32mLoop time: 1.107s DC Power: [35m494.9W[32m DRAM power: 0.00W PCK power: 414.81W
	avg. CPUFreq: 2.57GHz avg. IMCFreq: 1.47GHz
	CPI: 0.405 VPI: 0.00, Mem. bwidth: 0.12GB/s GFLOPS: 0.00 I/O: 0.01MB/s No MPI  
	TPI 0.02 Cache miss rates: L1 0.21GB/s L2 0.00GB/s L3 0.00GB/s
	Total MPI calls 3
	IO DATA: rchar 4610 wchar 8843 syscr 51 syscw 27 read_bytes 0 write_bytes 299008
	Process OS info: (pid 556453 state R utime 1092 stime 1 cutime 0 cstime 0 CPU usage 98)
	CPU temperature (celsius): socket 0: 62 socket 1: 73[0m
EAR[556453](hratio_l30) at 2.60/1.47 in tcn366 MR[0] elapsed 7958 sec.: [32mLoop time: 1.108s DC Power: [35m494.5W[32m DRAM power: 0.00W PCK power: 414.92W
	avg. CPUFreq: 2.57GHz avg. IMCFreq: 1.47GHz
	CPI: 0.405 VPI: 0.00, Mem. bwidth: 0.12GB/s GFLOPS: 0.00 I/O: 0.01MB/s No MPI  
	TPI 0.02 Cache miss rates: L1 0.23GB/s L2 0.00GB/s L3 0.00GB/s
	Total MPI calls 3
	IO DATA: rchar 4610 wchar 8843 syscr 51 syscw 27 read_bytes 0 write_bytes 294912
	Process OS info: (pid 556453 state R utime 1092 stime 0 cutime 0 cstime 0 CPU usage 98)
	CPU temperature (celsius): socket 0: 62 socket 1: 73[0m
EAR[556453](hratio_l30) at 2.60/1.47 in tcn366 MR[0] elapsed 7969 sec.: [32mLoop time: 1.107s DC Power: [35m494.8W[32m DRAM power: 0.00W PCK power: 415.16W
	avg. CPUFreq: 2.57GHz avg. IMCFreq: 1.47GHz
	CPI: 0.404 VPI: 0.00, Mem. bwidth: 0.09GB/s GFLOPS: 0.00 I/O: 0.01MB/s No MPI  
	TPI 0.01 Cache miss rates: L1 0.20GB/s L2 0.00GB/s L3 0.00GB/s
	Total MPI calls 3
	IO DATA: rchar 4610 wchar 8843 syscr 51 syscw 27 read_bytes 0 write_bytes 290816
	Process OS info: (pid 556453 state R utime 1093 stime 1 cutime 0 cstime 0 CPU usage 98)
	CPU temperature (celsius): socket 0: 62 socket 1: 73[0m
EAR[556453](hratio_l30) at 2.60/1.47 in tcn366 MR[0] elapsed 7980 sec.: [32mLoop time: 1.109s DC Power: [35m444.7W[32m DRAM power: 0.00W PCK power: 415.23W
	avg. CPUFreq: 2.57GHz avg. IMCFreq: 1.47GHz
	CPI: 0.404 VPI: 0.00, Mem. bwidth: 0.12GB/s GFLOPS: 0.00 I/O: 0.01MB/s No MPI  
	TPI 0.02 Cache miss rates: L1 0.20GB/s L2 0.00GB/s L3 0.00GB/s
	Total MPI calls 3
	IO DATA: rchar 4610 wchar 8843 syscr 51 syscw 27 read_bytes 0 write_bytes 307200
	Process OS info: (pid 556453 state R utime 1093 stime 0 cutime 0 cstime 0 CPU usage 98)
	CPU temperature (celsius): socket 0: 62 socket 1: 73[0m
EAR[556453](hratio_l30) at 2.60/1.47 in tcn366 MR[0] elapsed 7991 sec.: [32mLoop time: 1.108s DC Power: [35m495.4W[32m DRAM power: 0.00W PCK power: 415.43W
	avg. CPUFreq: 2.57GHz avg. IMCFreq: 1.47GHz
	CPI: 0.404 VPI: 0.00, Mem. bwidth: 0.12GB/s GFLOPS: 0.00 I/O: 0.01MB/s No MPI  
	TPI 0.02 Cache miss rates: L1 0.22GB/s L2 0.00GB/s L3 0.00GB/s
	Total MPI calls 3
	IO DATA: rchar 4610 wchar 8843 syscr 51 syscw 27 read_bytes 0 write_bytes 303104
	Process OS info: (pid 556453 state R utime 1091 stime 1 cutime 0 cstime 0 CPU usage 98)
	CPU temperature (celsius): socket 0: 62 socket 1: 73[0m
EAR[556453](hratio_l30) at 2.60/1.47 in tcn366 MR[0] elapsed 8002 sec.: [32mLoop time: 1.108s DC Power: [35m495.7W[32m DRAM power: 0.00W PCK power: 415.70W
	avg. CPUFreq: 2.57GHz avg. IMCFreq: 1.47GHz
	CPI: 0.403 VPI: 0.00, Mem. bwidth: 0.11GB/s GFLOPS: 0.00 I/O: 0.01MB/s No MPI  
	TPI 0.02 Cache miss rates: L1 0.20GB/s L2 0.00GB/s L3 0.00GB/s
	Total MPI calls 3
	IO DATA: rchar 4610 wchar 8843 syscr 51 syscw 27 read_bytes 0 write_bytes 294912
	Process OS info: (pid 556453 state R utime 1091 stime 1 cutime 0 cstime 0 CPU usage 98)
	CPU temperature (celsius): socket 0: 62 socket 1: 73[0m
EAR[556453](hratio_l30) at 2.60/1.47 in tcn366 MR[0] elapsed 8013 sec.: [32mLoop time: 1.107s DC Power: [35m446.2W[32m DRAM power: 0.00W PCK power: 416.23W
	avg. CPUFreq: 2.57GHz avg. IMCFreq: 1.47GHz
	CPI: 0.401 VPI: 0.00, Mem. bwidth: 0.11GB/s GFLOPS: 0.00 I/O: 0.01MB/s No MPI  
	TPI 0.02 Cache miss rates: L1 0.21GB/s L2 0.00GB/s L3 0.00GB/s
	Total MPI calls 3
	IO DATA: rchar 4610 wchar 8843 syscr 51 syscw 27 read_bytes 0 write_bytes 299008
	Process OS info: (pid 556453 state R utime 1092 stime 0 cutime 0 cstime 0 CPU usage 98)
	CPU temperature (celsius): socket 0: 62 socket 1: 73[0m
EAR[556453](hratio_l30) at 2.60/1.47 in tcn366 MR[0] elapsed 8024 sec.: [32mLoop time: 1.107s DC Power: [35m495.7W[32m DRAM power: 0.00W PCK power: 416.75W
	avg. CPUFreq: 2.57GHz avg. IMCFreq: 1.47GHz
	CPI: 0.400 VPI: 0.00, Mem. bwidth: 0.13GB/s GFLOPS: 0.00 I/O: 0.01MB/s No MPI  
	TPI 0.02 Cache miss rates: L1 0.23GB/s L2 0.00GB/s L3 0.00GB/s
	Total MPI calls 3
	IO DATA: rchar 4610 wchar 8843 syscr 51 syscw 27 read_bytes 0 write_bytes 294912
	Process OS info: (pid 556453 state R utime 1091 stime 1 cutime 0 cstime 0 CPU usage 98)
	CPU temperature (celsius): socket 0: 62 socket 1: 73[0m
EAR[556453](hratio_l30) at 2.60/1.47 in tcn366 MR[0] elapsed 8035 sec.: [32mLoop time: 1.107s DC Power: [35m496.7W[32m DRAM power: 0.00W PCK power: 417.05W
	avg. CPUFreq: 2.57GHz avg. IMCFreq: 1.47GHz
	CPI: 0.400 VPI: 0.00, Mem. bwidth: 0.12GB/s GFLOPS: 0.00 I/O: 0.01MB/s No MPI  
	TPI 0.02 Cache miss rates: L1 0.22GB/s L2 0.00GB/s L3 0.00GB/s
	Total MPI calls 3
	IO DATA: rchar 4610 wchar 8843 syscr 51 syscw 27 read_bytes 0 write_bytes 294912
	Process OS info: (pid 556453 state R utime 1091 stime 0 cutime 0 cstime 0 CPU usage 98)
	CPU temperature (celsius): socket 0: 62 socket 1: 73[0m
EAR[556453](hratio_l30) at 2.60/1.47 in tcn366 MR[0] elapsed 8046 sec.: [32mLoop time: 1.109s DC Power: [35m496.9W[32m DRAM power: 0.00W PCK power: 417.07W
	avg. CPUFreq: 2.57GHz avg. IMCFreq: 1.47GHz
	CPI: 0.400 VPI: 0.00, Mem. bwidth: 0.13GB/s GFLOPS: 0.00 I/O: 0.01MB/s No MPI  
	TPI 0.02 Cache miss rates: L1 0.21GB/s L2 0.00GB/s L3 0.00GB/s
	Total MPI calls 3
	IO DATA: rchar 4610 wchar 8843 syscr 51 syscw 27 read_bytes 0 write_bytes 311296
	Process OS info: (pid 556453 state R utime 1092 stime 1 cutime 0 cstime 0 CPU usage 98)
	CPU temperature (celsius): socket 0: 62 socket 1: 73[0m
EAR[556453](hratio_l30) at 2.60/1.47 in tcn366 MR[0] elapsed 8058 sec.: [32mLoop time: 1.108s DC Power: [35m448.5W[32m DRAM power: 0.00W PCK power: 417.17W
	avg. CPUFreq: 2.57GHz avg. IMCFreq: 1.47GHz
	CPI: 0.400 VPI: 0.00, Mem. bwidth: 0.12GB/s GFLOPS: 0.00 I/O: 0.01MB/s No MPI  
	TPI 0.02 Cache miss rates: L1 0.21GB/s L2 0.00GB/s L3 0.00GB/s
	Total MPI calls 3
	IO DATA: rchar 4610 wchar 8843 syscr 51 syscw 27 read_bytes 0 write_bytes 294912
	Process OS info: (pid 556453 state R utime 1091 stime 1 cutime 0 cstime 0 CPU usage 98)
	CPU temperature (celsius): socket 0: 62 socket 1: 73[0m
EAR[556453](hratio_l30) at 2.60/1.47 in tcn366 MR[0] elapsed 8069 sec.: [32mLoop time: 1.108s DC Power: [35m498.4W[32m DRAM power: 0.00W PCK power: 417.18W
	avg. CPUFreq: 2.57GHz avg. IMCFreq: 1.47GHz
	CPI: 0.399 VPI: 0.00, Mem. bwidth: 0.11GB/s GFLOPS: 0.00 I/O: 0.01MB/s No MPI  
	TPI 0.02 Cache miss rates: L1 0.22GB/s L2 0.00GB/s L3 0.00GB/s
	Total MPI calls 3
	IO DATA: rchar 4610 wchar 8843 syscr 51 syscw 27 read_bytes 0 write_bytes 299008
	Process OS info: (pid 556453 state R utime 1092 stime 1 cutime 0 cstime 0 CPU usage 98)
	CPU temperature (celsius): socket 0: 62 socket 1: 73[0m
EAR[556453](hratio_l30) at 2.60/1.47 in tcn366 MR[0] elapsed 8080 sec.: [32mLoop time: 1.107s DC Power: [35m498.1W[32m DRAM power: 0.00W PCK power: 417.13W
	avg. CPUFreq: 2.57GHz avg. IMCFreq: 1.47GHz
	CPI: 0.400 VPI: 0.00, Mem. bwidth: 0.12GB/s GFLOPS: 0.00 I/O: 0.01MB/s No MPI  
	TPI 0.02 Cache miss rates: L1 0.22GB/s L2 0.00GB/s L3 0.00GB/s
	Total MPI calls 3
	IO DATA: rchar 4610 wchar 8843 syscr 51 syscw 27 read_bytes 0 write_bytes 294912
	Process OS info: (pid 556453 state R utime 1093 stime 0 cutime 0 cstime 0 CPU usage 98)
	CPU temperature (celsius): socket 0: 62 socket 1: 73[0m
EAR[556453](hratio_l30) at 2.60/1.47 in tcn366 MR[0] elapsed 8091 sec.: [32mLoop time: 1.108s DC Power: [35m497.3W[32m DRAM power: 0.00W PCK power: 417.21W
	avg. CPUFreq: 2.57GHz avg. IMCFreq: 1.47GHz
	CPI: 0.399 VPI: 0.00, Mem. bwidth: 0.11GB/s GFLOPS: 0.00 I/O: 0.01MB/s No MPI  
	TPI 0.02 Cache miss rates: L1 0.22GB/s L2 0.00GB/s L3 0.00GB/s
	Total MPI calls 3
	IO DATA: rchar 4610 wchar 8843 syscr 51 syscw 27 read_bytes 0 write_bytes 294912
	Process OS info: (pid 556453 state R utime 1093 stime 1 cutime 0 cstime 0 CPU usage 98)
	CPU temperature (celsius): socket 0: 62 socket 1: 73[0m
EAR[556453](hratio_l30) at 2.60/1.47 in tcn366 MR[0] elapsed 8102 sec.: [32mLoop time: 1.108s DC Power: [35m397.9W[32m DRAM power: 0.00W PCK power: 417.84W
	avg. CPUFreq: 2.57GHz avg. IMCFreq: 1.47GHz
	CPI: 0.398 VPI: 0.00, Mem. bwidth: 0.10GB/s GFLOPS: 0.00 I/O: 0.01MB/s No MPI  
	TPI 0.01 Cache miss rates: L1 0.20GB/s L2 0.00GB/s L3 0.00GB/s
	Total MPI calls 3
	IO DATA: rchar 4610 wchar 8843 syscr 51 syscw 27 read_bytes 0 write_bytes 294912
	Process OS info: (pid 556453 state R utime 1093 stime 0 cutime 0 cstime 0 CPU usage 98)
	CPU temperature (celsius): socket 0: 62 socket 1: 73[0m
EAR[556453](hratio_l30) at 2.60/1.47 in tcn366 MR[0] elapsed 8113 sec.: [32mLoop time: 1.108s DC Power: [35m497.5W[32m DRAM power: 0.00W PCK power: 418.18W
	avg. CPUFreq: 2.57GHz avg. IMCFreq: 1.47GHz
	CPI: 0.397 VPI: 0.00, Mem. bwidth: 0.13GB/s GFLOPS: 0.00 I/O: 0.01MB/s No MPI  
	TPI 0.02 Cache miss rates: L1 0.20GB/s L2 0.00GB/s L3 0.00GB/s
	Total MPI calls 3
	IO DATA: rchar 4610 wchar 8843 syscr 51 syscw 27 read_bytes 0 write_bytes 323584
	Process OS info: (pid 556453 state R utime 1092 stime 1 cutime 0 cstime 0 CPU usage 98)
	CPU temperature (celsius): socket 0: 62 socket 1: 73[0m
EAR[556453](hratio_l30) at 2.60/1.47 in tcn366 MR[0] elapsed 8124 sec.: [32mLoop time: 1.107s DC Power: [35m497.5W[32m DRAM power: 0.00W PCK power: 418.23W
	avg. CPUFreq: 2.57GHz avg. IMCFreq: 1.47GHz
	CPI: 0.397 VPI: 0.00, Mem. bwidth: 0.12GB/s GFLOPS: 0.00 I/O: 0.01MB/s No MPI  
	TPI 0.02 Cache miss rates: L1 0.20GB/s L2 0.00GB/s L3 0.00GB/s
	Total MPI calls 3
	IO DATA: rchar 4610 wchar 8843 syscr 51 syscw 27 read_bytes 0 write_bytes 303104
	Process OS info: (pid 556453 state R utime 1093 stime 0 cutime 0 cstime 0 CPU usage 98)
	CPU temperature (celsius): socket 0: 62 socket 1: 73[0m
EAR[556453](hratio_l30) at 2.60/1.47 in tcn366 MR[0] elapsed 8135 sec.: [32mLoop time: 1.107s DC Power: [35m498.2W[32m DRAM power: 0.00W PCK power: 418.30W
	avg. CPUFreq: 2.57GHz avg. IMCFreq: 1.47GHz
	CPI: 0.397 VPI: 0.00, Mem. bwidth: 0.11GB/s GFLOPS: 0.00 I/O: 0.01MB/s No MPI  
	TPI 0.02 Cache miss rates: L1 0.22GB/s L2 0.00GB/s L3 0.00GB/s
	Total MPI calls 3
	IO DATA: rchar 4610 wchar 8843 syscr 51 syscw 27 read_bytes 0 write_bytes 299008
	Process OS info: (pid 556453 state R utime 1091 stime 1 cutime 0 cstime 0 CPU usage 98)
	CPU temperature (celsius): socket 0: 62 socket 1: 73[0m
EAR[556453](hratio_l30) at 2.60/1.47 in tcn366 MR[0] elapsed 8146 sec.: [32mLoop time: 1.108s DC Power: [35m448.4W[32m DRAM power: 0.00W PCK power: 418.67W
	avg. CPUFreq: 2.57GHz avg. IMCFreq: 1.47GHz
	CPI: 0.396 VPI: 0.00, Mem. bwidth: 0.12GB/s GFLOPS: 0.00 I/O: 0.01MB/s No MPI  
	TPI 0.02 Cache miss rates: L1 0.21GB/s L2 0.00GB/s L3 0.00GB/s
	Total MPI calls 3
	IO DATA: rchar 4610 wchar 8843 syscr 51 syscw 27 read_bytes 0 write_bytes 344064
	Process OS info: (pid 556453 state R utime 1092 stime 1 cutime 0 cstime 0 CPU usage 98)
	CPU temperature (celsius): socket 0: 62 socket 1: 73[0m
EAR[556453](hratio_l30) at 2.60/1.47 in tcn366 MR[0] elapsed 8157 sec.: [32mLoop time: 1.108s DC Power: [35m448.5W[32m DRAM power: 0.00W PCK power: 418.80W
	avg. CPUFreq: 2.57GHz avg. IMCFreq: 1.47GHz
	CPI: 0.396 VPI: 0.00, Mem. bwidth: 0.11GB/s GFLOPS: 0.00 I/O: 0.01MB/s No MPI  
	TPI 0.02 Cache miss rates: L1 0.20GB/s L2 0.00GB/s L3 0.00GB/s
	Total MPI calls 3
	IO DATA: rchar 4610 wchar 8843 syscr 51 syscw 27 read_bytes 0 write_bytes 294912
	Process OS info: (pid 556453 state R utime 1091 stime 0 cutime 0 cstime 0 CPU usage 98)
	CPU temperature (celsius): socket 0: 62 socket 1: 73[0m
EAR[556453](hratio_l30) at 2.60/1.47 in tcn366 MR[0] elapsed 8168 sec.: [32mLoop time: 1.108s DC Power: [35m498.4W[32m DRAM power: 0.00W PCK power: 418.74W
	avg. CPUFreq: 2.57GHz avg. IMCFreq: 1.47GHz
	CPI: 0.396 VPI: 0.00, Mem. bwidth: 0.12GB/s GFLOPS: 0.00 I/O: 0.01MB/s No MPI  
	TPI 0.02 Cache miss rates: L1 0.20GB/s L2 0.00GB/s L3 0.00GB/s
	Total MPI calls 3
	IO DATA: rchar 4610 wchar 8843 syscr 51 syscw 27 read_bytes 0 write_bytes 294912
	Process OS info: (pid 556453 state R utime 1092 stime 1 cutime 0 cstime 0 CPU usage 98)
	CPU temperature (celsius): socket 0: 62 socket 1: 73[0m
EAR[556453](hratio_l30) at 2.60/1.47 in tcn366 MR[0] elapsed 8179 sec.: [32mLoop time: 1.108s DC Power: [35m498.1W[32m DRAM power: 0.00W PCK power: 418.72W
	avg. CPUFreq: 2.57GHz avg. IMCFreq: 1.47GHz
	CPI: 0.396 VPI: 0.00, Mem. bwidth: 0.10GB/s GFLOPS: 0.00 I/O: 0.01MB/s No MPI  
	TPI 0.01 Cache miss rates: L1 0.21GB/s L2 0.00GB/s L3 0.00GB/s
	Total MPI calls 3
	IO DATA: rchar 4610 wchar 8843 syscr 51 syscw 27 read_bytes 0 write_bytes 331776
	Process OS info: (pid 556453 state R utime 1092 stime 1 cutime 0 cstime 0 CPU usage 98)
	CPU temperature (celsius): socket 0: 62 socket 1: 73[0m
EAR[556453](hratio_l30) at 2.60/1.47 in tcn366 MR[0] elapsed 8190 sec.: [32mLoop time: 1.107s DC Power: [35m448.7W[32m DRAM power: 0.00W PCK power: 419.15W
	avg. CPUFreq: 2.57GHz avg. IMCFreq: 1.47GHz
	CPI: 0.395 VPI: 0.00, Mem. bwidth: 0.12GB/s GFLOPS: 0.00 I/O: 0.01MB/s No MPI  
	TPI 0.02 Cache miss rates: L1 0.21GB/s L2 0.00GB/s L3 0.00GB/s
	Total MPI calls 3
	IO DATA: rchar 4610 wchar 8843 syscr 51 syscw 27 read_bytes 0 write_bytes 299008
	Process OS info: (pid 556453 state R utime 1091 stime 0 cutime 0 cstime 0 CPU usage 98)
	CPU temperature (celsius): socket 0: 62 socket 1: 73[0m
EAR[556453](hratio_l30) at 2.60/1.47 in tcn366 MR[0] elapsed 8202 sec.: [32mLoop time: 1.108s DC Power: [35m498.5W[32m DRAM power: 0.00W PCK power: 419.27W
	avg. CPUFreq: 2.57GHz avg. IMCFreq: 1.47GHz
	CPI: 0.395 VPI: 0.00, Mem. bwidth: 0.14GB/s GFLOPS: 0.00 I/O: 0.01MB/s No MPI  
	TPI 0.02 Cache miss rates: L1 0.21GB/s L2 0.00GB/s L3 0.00GB/s
	Total MPI calls 3
	IO DATA: rchar 4610 wchar 8843 syscr 51 syscw 27 read_bytes 0 write_bytes 294912
	Process OS info: (pid 556453 state R utime 1091 stime 1 cutime 0 cstime 0 CPU usage 98)
	CPU temperature (celsius): socket 0: 62 socket 1: 73[0m
EAR[556453](hratio_l30) at 2.60/1.47 in tcn366 MR[0] elapsed 8213 sec.: [32mLoop time: 1.108s DC Power: [35m499.2W[32m DRAM power: 0.00W PCK power: 419.25W
	avg. CPUFreq: 2.57GHz avg. IMCFreq: 1.47GHz
	CPI: 0.395 VPI: 0.00, Mem. bwidth: 0.23GB/s GFLOPS: 0.00 I/O: 0.01MB/s No MPI  
	TPI 0.03 Cache miss rates: L1 0.20GB/s L2 0.00GB/s L3 0.00GB/s
	Total MPI calls 3
	IO DATA: rchar 4610 wchar 8843 syscr 51 syscw 27 read_bytes 0 write_bytes 294912
	Process OS info: (pid 556453 state R utime 1048 stime 1 cutime 0 cstime 0 CPU usage 94)
	CPU temperature (celsius): socket 0: 63 socket 1: 74[0m
EAR[556453](hratio_l30) at 2.60/1.47 in tcn366 MR[0] elapsed 8224 sec.: [32mLoop time: 1.108s DC Power: [35m450.0W[32m DRAM power: 0.00W PCK power: 419.62W
	avg. CPUFreq: 2.57GHz avg. IMCFreq: 1.47GHz
	CPI: 0.394 VPI: 0.00, Mem. bwidth: 0.33GB/s GFLOPS: 0.00 I/O: 0.01MB/s No MPI  
	TPI 0.05 Cache miss rates: L1 0.20GB/s L2 0.00GB/s L3 0.00GB/s
	Total MPI calls 3
	IO DATA: rchar 4610 wchar 8843 syscr 51 syscw 27 read_bytes 0 write_bytes 294912
	Process OS info: (pid 556453 state R utime 1059 stime 1 cutime 0 cstime 0 CPU usage 95)
	CPU temperature (celsius): socket 0: 62 socket 1: 73[0m
EAR[556453](hratio_l30) at 2.60/1.47 in tcn366 MR[0] elapsed 8235 sec.: [32mLoop time: 1.108s DC Power: [35m450.0W[32m DRAM power: 0.00W PCK power: 419.68W
	avg. CPUFreq: 2.57GHz avg. IMCFreq: 1.47GHz
	CPI: 0.394 VPI: 0.00, Mem. bwidth: 0.23GB/s GFLOPS: 0.00 I/O: 0.01MB/s No MPI  
	TPI 0.03 Cache miss rates: L1 0.20GB/s L2 0.00GB/s L3 0.00GB/s
	Total MPI calls 3
	IO DATA: rchar 4610 wchar 8843 syscr 51 syscw 27 read_bytes 0 write_bytes 294912
	Process OS info: (pid 556453 state R utime 1090 stime 0 cutime 0 cstime 0 CPU usage 98)
	CPU temperature (celsius): socket 0: 62 socket 1: 74[0m
EAR[556453](hratio_l30) at 2.60/1.47 in tcn366 MR[0] elapsed 8246 sec.: [32mLoop time: 1.112s DC Power: [35m498.4W[32m DRAM power: 0.00W PCK power: 419.71W
	avg. CPUFreq: 2.57GHz avg. IMCFreq: 1.47GHz
	CPI: 0.394 VPI: 0.00, Mem. bwidth: 0.25GB/s GFLOPS: 0.00 I/O: 0.01MB/s No MPI  
	TPI 0.04 Cache miss rates: L1 0.20GB/s L2 0.00GB/s L3 0.00GB/s
	Total MPI calls 3
	IO DATA: rchar 4610 wchar 8843 syscr 51 syscw 27 read_bytes 0 write_bytes 352256
	Process OS info: (pid 556453 state R utime 1094 stime 1 cutime 0 cstime 0 CPU usage 98)
	CPU temperature (celsius): socket 0: 62 socket 1: 74[0m
EAR[556453](hratio_l30) at 2.60/1.47 in tcn366 MR[0] elapsed 8257 sec.: [32mLoop time: 1.108s DC Power: [35m500.1W[32m DRAM power: 0.00W PCK power: 420.35W
	avg. CPUFreq: 2.57GHz avg. IMCFreq: 1.47GHz
	CPI: 0.394 VPI: 0.00, Mem. bwidth: 0.37GB/s GFLOPS: 0.00 I/O: 0.01MB/s No MPI  
	TPI 0.05 Cache miss rates: L1 0.20GB/s L2 0.00GB/s L3 0.00GB/s
	Total MPI calls 3
	IO DATA: rchar 4610 wchar 8843 syscr 51 syscw 27 read_bytes 0 write_bytes 299008
	Process OS info: (pid 556453 state R utime 1093 stime 1 cutime 0 cstime 0 CPU usage 98)
	CPU temperature (celsius): socket 0: 62 socket 1: 73[0m
EAR[556453](hratio_l30) at 2.60/1.47 in tcn366 MR[0] elapsed 8268 sec.: [32mLoop time: 1.108s DC Power: [35m499.7W[32m DRAM power: 0.00W PCK power: 419.86W
	avg. CPUFreq: 2.57GHz avg. IMCFreq: 1.47GHz
	CPI: 0.393 VPI: 0.00, Mem. bwidth: 0.12GB/s GFLOPS: 0.00 I/O: 0.01MB/s No MPI  
	TPI 0.02 Cache miss rates: L1 0.19GB/s L2 0.00GB/s L3 0.00GB/s
	Total MPI calls 3
	IO DATA: rchar 4610 wchar 8843 syscr 51 syscw 27 read_bytes 0 write_bytes 294912
	Process OS info: (pid 556453 state R utime 1093 stime 0 cutime 0 cstime 0 CPU usage 98)
	CPU temperature (celsius): socket 0: 62 socket 1: 73[0m
EAR[556453](hratio_l30) at 2.60/1.47 in tcn366 MR[0] elapsed 8279 sec.: [32mLoop time: 1.107s DC Power: [35m399.5W[32m DRAM power: 0.00W PCK power: 419.94W
	avg. CPUFreq: 2.57GHz avg. IMCFreq: 1.47GHz
	CPI: 0.394 VPI: 0.00, Mem. bwidth: 0.12GB/s GFLOPS: 0.00 I/O: 0.01MB/s No MPI  
	TPI 0.02 Cache miss rates: L1 0.20GB/s L2 0.00GB/s L3 0.00GB/s
	Total MPI calls 3
	IO DATA: rchar 4610 wchar 8843 syscr 51 syscw 27 read_bytes 0 write_bytes 299008
	Process OS info: (pid 556453 state R utime 1092 stime 1 cutime 0 cstime 0 CPU usage 98)
	CPU temperature (celsius): socket 0: 62 socket 1: 74[0m
EAR[556453](hratio_l30) at 2.60/1.47 in tcn366 MR[0] elapsed 8290 sec.: [32mLoop time: 1.107s DC Power: [35m499.5W[32m DRAM power: 0.00W PCK power: 419.86W
	avg. CPUFreq: 2.57GHz avg. IMCFreq: 1.47GHz
	CPI: 0.394 VPI: 0.00, Mem. bwidth: 0.17GB/s GFLOPS: 0.00 I/O: 0.01MB/s No MPI  
	TPI 0.02 Cache miss rates: L1 0.20GB/s L2 0.00GB/s L3 0.00GB/s
	Total MPI calls 3
	IO DATA: rchar 4610 wchar 8843 syscr 51 syscw 27 read_bytes 0 write_bytes 294912
	Process OS info: (pid 556453 state R utime 1091 stime 1 cutime 0 cstime 0 CPU usage 98)
	CPU temperature (celsius): socket 0: 62 socket 1: 73[0m
EAR[556453](hratio_l30) at 2.60/1.47 in tcn366 MR[0] elapsed 8301 sec.: [32mLoop time: 1.107s DC Power: [35m499.4W[32m DRAM power: 0.00W PCK power: 419.76W
	avg. CPUFreq: 2.57GHz avg. IMCFreq: 1.47GHz
	CPI: 0.394 VPI: 0.00, Mem. bwidth: 0.11GB/s GFLOPS: 0.00 I/O: 0.01MB/s No MPI  
	TPI 0.02 Cache miss rates: L1 0.20GB/s L2 0.00GB/s L3 0.00GB/s
	Total MPI calls 3
	IO DATA: rchar 4610 wchar 8843 syscr 51 syscw 27 read_bytes 0 write_bytes 294912
	Process OS info: (pid 556453 state R utime 1093 stime 1 cutime 0 cstime 0 CPU usage 98)
	CPU temperature (celsius): socket 0: 62 socket 1: 73[0m
EAR[556453](hratio_l30) at 2.60/1.47 in tcn366 MR[0] elapsed 8312 sec.: [32mLoop time: 1.108s DC Power: [35m499.1W[32m DRAM power: 0.00W PCK power: 419.78W
	avg. CPUFreq: 2.57GHz avg. IMCFreq: 1.47GHz
	CPI: 0.394 VPI: 0.00, Mem. bwidth: 0.10GB/s GFLOPS: 0.00 I/O: 0.01MB/s No MPI  
	TPI 0.01 Cache miss rates: L1 0.20GB/s L2 0.00GB/s L3 0.00GB/s
	Total MPI calls 3
	IO DATA: rchar 4610 wchar 8843 syscr 51 syscw 27 read_bytes 0 write_bytes 360448
	Process OS info: (pid 556453 state R utime 1092 stime 1 cutime 0 cstime 0 CPU usage 98)
	CPU temperature (celsius): socket 0: 62 socket 1: 74[0m
EAR[556453](hratio_l30) at 2.60/1.47 in tcn366 MR[0] elapsed 8323 sec.: [32mLoop time: 1.108s DC Power: [35m449.3W[32m DRAM power: 0.00W PCK power: 420.05W
	avg. CPUFreq: 2.57GHz avg. IMCFreq: 1.47GHz
	CPI: 0.393 VPI: 0.00, Mem. bwidth: 0.13GB/s GFLOPS: 0.00 I/O: 0.01MB/s No MPI  
	TPI 0.02 Cache miss rates: L1 0.20GB/s L2 0.00GB/s L3 0.00GB/s
	Total MPI calls 3
	IO DATA: rchar 4610 wchar 8843 syscr 51 syscw 27 read_bytes 0 write_bytes 294912
	Process OS info: (pid 556453 state R utime 1093 stime 0 cutime 0 cstime 0 CPU usage 98)
	CPU temperature (celsius): socket 0: 62 socket 1: 73[0m
EAR[556453](hratio_l30) at 2.60/1.47 in tcn366 MR[0] elapsed 8335 sec.: [32mLoop time: 1.108s DC Power: [35m499.1W[32m DRAM power: 0.00W PCK power: 420.20W
	avg. CPUFreq: 2.57GHz avg. IMCFreq: 1.47GHz
	CPI: 0.393 VPI: 0.00, Mem. bwidth: 0.11GB/s GFLOPS: 0.00 I/O: 0.01MB/s No MPI  
	TPI 0.02 Cache miss rates: L1 0.20GB/s L2 0.00GB/s L3 0.00GB/s
	Total MPI calls 3
	IO DATA: rchar 4610 wchar 8843 syscr 51 syscw 27 read_bytes 0 write_bytes 299008
	Process OS info: (pid 556453 state R utime 1093 stime 1 cutime 0 cstime 0 CPU usage 98)
	CPU temperature (celsius): socket 0: 62 socket 1: 73[0m
EAR[556453](hratio_l30) at 2.60/1.47 in tcn366 MR[0] elapsed 8346 sec.: [32mLoop time: 1.107s DC Power: [35m450.2W[32m DRAM power: 0.00W PCK power: 420.47W
	avg. CPUFreq: 2.57GHz avg. IMCFreq: 1.47GHz
	CPI: 0.392 VPI: 0.00, Mem. bwidth: 0.10GB/s GFLOPS: 0.00 I/O: 0.01MB/s No MPI  
	TPI 0.01 Cache miss rates: L1 0.21GB/s L2 0.00GB/s L3 0.00GB/s
	Total MPI calls 3
	IO DATA: rchar 4610 wchar 8843 syscr 51 syscw 27 read_bytes 0 write_bytes 294912
	Process OS info: (pid 556453 state R utime 1092 stime 1 cutime 0 cstime 0 CPU usage 98)
	CPU temperature (celsius): socket 0: 62 socket 1: 73[0m
EAR[556453](hratio_l30) at 2.60/1.47 in tcn366 MR[0] elapsed 8357 sec.: [32mLoop time: 1.108s DC Power: [35m500.1W[32m DRAM power: 0.00W PCK power: 420.49W
	avg. CPUFreq: 2.57GHz avg. IMCFreq: 1.47GHz
	CPI: 0.392 VPI: 0.00, Mem. bwidth: 0.13GB/s GFLOPS: 0.00 I/O: 0.01MB/s No MPI  
	TPI 0.02 Cache miss rates: L1 0.19GB/s L2 0.00GB/s L3 0.00GB/s
	Total MPI calls 3
	IO DATA: rchar 4610 wchar 8843 syscr 51 syscw 27 read_bytes 0 write_bytes 290816
	Process OS info: (pid 556453 state R utime 1093 stime 0 cutime 0 cstime 0 CPU usage 98)
	CPU temperature (celsius): socket 0: 62 socket 1: 73[0m
EAR[556453](hratio_l30) at 2.60/1.47 in tcn366 MR[0] elapsed 8368 sec.: [32mLoop time: 1.108s DC Power: [35m450.2W[32m DRAM power: 0.00W PCK power: 420.53W
	avg. CPUFreq: 2.57GHz avg. IMCFreq: 1.47GHz
	CPI: 0.392 VPI: 0.00, Mem. bwidth: 0.11GB/s GFLOPS: 0.00 I/O: 0.01MB/s No MPI  
	TPI 0.02 Cache miss rates: L1 0.19GB/s L2 0.00GB/s L3 0.00GB/s
	Total MPI calls 3
	IO DATA: rchar 4610 wchar 8843 syscr 51 syscw 27 read_bytes 0 write_bytes 303104
	Process OS info: (pid 556453 state R utime 1093 stime 1 cutime 0 cstime 0 CPU usage 98)
	CPU temperature (celsius): socket 0: 62 socket 1: 74[0m
EAR[556453](hratio_l30) at 2.60/1.47 in tcn366 MR[0] elapsed 8379 sec.: [32mLoop time: 1.108s DC Power: [35m500.4W[32m DRAM power: 0.00W PCK power: 420.94W
	avg. CPUFreq: 2.57GHz avg. IMCFreq: 1.47GHz
	CPI: 0.391 VPI: 0.00, Mem. bwidth: 0.13GB/s GFLOPS: 0.00 I/O: 0.01MB/s No MPI  
	TPI 0.02 Cache miss rates: L1 0.18GB/s L2 0.00GB/s L3 0.00GB/s
	Total MPI calls 3
	IO DATA: rchar 4610 wchar 8843 syscr 51 syscw 27 read_bytes 0 write_bytes 405504
	Process OS info: (pid 556453 state R utime 1091 stime 0 cutime 0 cstime 0 CPU usage 98)
	CPU temperature (celsius): socket 0: 62 socket 1: 73[0m
EAR[556453](hratio_l30) at 2.60/1.47 in tcn366 MR[0] elapsed 8390 sec.: [32mLoop time: 1.108s DC Power: [35m501.0W[32m DRAM power: 0.00W PCK power: 421.07W
	avg. CPUFreq: 2.57GHz avg. IMCFreq: 1.47GHz
	CPI: 0.391 VPI: 0.00, Mem. bwidth: 0.10GB/s GFLOPS: 0.00 I/O: 0.01MB/s No MPI  
	TPI 0.01 Cache miss rates: L1 0.18GB/s L2 0.00GB/s L3 0.00GB/s
	Total MPI calls 3
	IO DATA: rchar 4610 wchar 8843 syscr 51 syscw 27 read_bytes 0 write_bytes 299008
	Process OS info: (pid 556453 state R utime 1092 stime 1 cutime 0 cstime 0 CPU usage 98)
	CPU temperature (celsius): socket 0: 62 socket 1: 73[0m
EAR[556453](hratio_l30) at 2.60/1.47 in tcn366 MR[0] elapsed 8401 sec.: [32mLoop time: 1.107s DC Power: [35m502.1W[32m DRAM power: 0.00W PCK power: 421.11W
	avg. CPUFreq: 2.57GHz avg. IMCFreq: 1.47GHz
	CPI: 0.391 VPI: 0.00, Mem. bwidth: 0.12GB/s GFLOPS: 0.00 I/O: 0.01MB/s No MPI  
	TPI 0.02 Cache miss rates: L1 0.17GB/s L2 0.00GB/s L3 0.00GB/s
	Total MPI calls 3
	IO DATA: rchar 4610 wchar 8843 syscr 51 syscw 27 read_bytes 0 write_bytes 294912
	Process OS info: (pid 556453 state R utime 1093 stime 1 cutime 0 cstime 0 CPU usage 98)
	CPU temperature (celsius): socket 0: 62 socket 1: 74[0m
EAR[556453](hratio_l30) at 2.60/1.47 in tcn366 MR[0] elapsed 8412 sec.: [32mLoop time: 1.108s DC Power: [35m452.2W[32m DRAM power: 0.00W PCK power: 421.18W
	avg. CPUFreq: 2.57GHz avg. IMCFreq: 1.47GHz
	CPI: 0.391 VPI: 0.00, Mem. bwidth: 0.12GB/s GFLOPS: 0.00 I/O: 0.01MB/s No MPI  
	TPI 0.02 Cache miss rates: L1 0.17GB/s L2 0.00GB/s L3 0.00GB/s
	Total MPI calls 3
	IO DATA: rchar 4610 wchar 8843 syscr 51 syscw 27 read_bytes 0 write_bytes 303104
	Process OS info: (pid 556453 state R utime 1093 stime 0 cutime 0 cstime 0 CPU usage 98)
	CPU temperature (celsius): socket 0: 62 socket 1: 74[0m
EAR[556453](hratio_l30) at 2.60/1.47 in tcn366 MR[0] elapsed 8423 sec.: [32mLoop time: 1.108s DC Power: [35m502.0W[32m DRAM power: 0.00W PCK power: 421.15W
	avg. CPUFreq: 2.57GHz avg. IMCFreq: 1.47GHz
	CPI: 0.391 VPI: 0.00, Mem. bwidth: 0.10GB/s GFLOPS: 0.00 I/O: 0.01MB/s No MPI  
	TPI 0.02 Cache miss rates: L1 0.18GB/s L2 0.00GB/s L3 0.00GB/s
	Total MPI calls 3
	IO DATA: rchar 4611 wchar 8843 syscr 51 syscw 27 read_bytes 0 write_bytes 303104
	Process OS info: (pid 556453 state R utime 1093 stime 1 cutime 0 cstime 0 CPU usage 98)
	CPU temperature (celsius): socket 0: 62 socket 1: 73[0m
EAR[556453](hratio_l30) at 2.60/1.47 in tcn366 MR[0] elapsed 8434 sec.: [32mLoop time: 1.107s DC Power: [35m501.7W[32m DRAM power: 0.00W PCK power: 421.29W
	avg. CPUFreq: 2.57GHz avg. IMCFreq: 1.47GHz
	CPI: 0.391 VPI: 0.00, Mem. bwidth: 0.11GB/s GFLOPS: 0.00 I/O: 0.01MB/s No MPI  
	TPI 0.02 Cache miss rates: L1 0.17GB/s L2 0.00GB/s L3 0.00GB/s
	Total MPI calls 3
	IO DATA: rchar 4611 wchar 8843 syscr 51 syscw 27 read_bytes 0 write_bytes 294912
	Process OS info: (pid 556453 state R utime 1092 stime 0 cutime 0 cstime 0 CPU usage 98)
	CPU temperature (celsius): socket 0: 62 socket 1: 73[0m
EAR[556453](hratio_l30) at 2.60/1.47 in tcn366 MR[0] elapsed 8445 sec.: [32mLoop time: 1.108s DC Power: [35m501.1W[32m DRAM power: 0.00W PCK power: 421.18W
	avg. CPUFreq: 2.57GHz avg. IMCFreq: 1.47GHz
	CPI: 0.391 VPI: 0.00, Mem. bwidth: 0.12GB/s GFLOPS: 0.00 I/O: 0.01MB/s No MPI  
	TPI 0.02 Cache miss rates: L1 0.17GB/s L2 0.00GB/s L3 0.00GB/s
	Total MPI calls 3
	IO DATA: rchar 4611 wchar 8843 syscr 51 syscw 27 read_bytes 0 write_bytes 294912
	Process OS info: (pid 556453 state R utime 1093 stime 1 cutime 0 cstime 0 CPU usage 98)
	CPU temperature (celsius): socket 0: 62 socket 1: 74[0m
EAR[556453](hratio_l30) at 2.60/1.47 in tcn366 MR[0] elapsed 8456 sec.: [32mLoop time: 1.108s DC Power: [35m450.9W[32m DRAM power: 0.00W PCK power: 421.20W
	avg. CPUFreq: 2.57GHz avg. IMCFreq: 1.47GHz
	CPI: 0.391 VPI: 0.00, Mem. bwidth: 0.11GB/s GFLOPS: 0.00 I/O: 0.01MB/s No MPI  
	TPI 0.02 Cache miss rates: L1 0.17GB/s L2 0.00GB/s L3 0.00GB/s
	Total MPI calls 3
	IO DATA: rchar 4611 wchar 8843 syscr 51 syscw 27 read_bytes 0 write_bytes 294912
	Process OS info: (pid 556453 state R utime 1092 stime 1 cutime 0 cstime 0 CPU usage 98)
	CPU temperature (celsius): socket 0: 63 socket 1: 74[0m
EAR[556453](hratio_l30) at 2.60/1.47 in tcn366 MR[0] elapsed 8467 sec.: [32mLoop time: 1.108s DC Power: [35m500.8W[32m DRAM power: 0.00W PCK power: 421.10W
	avg. CPUFreq: 2.57GHz avg. IMCFreq: 1.47GHz
	CPI: 0.391 VPI: 0.00, Mem. bwidth: 0.12GB/s GFLOPS: 0.00 I/O: 0.01MB/s No MPI  
	TPI 0.02 Cache miss rates: L1 0.17GB/s L2 0.00GB/s L3 0.00GB/s
	Total MPI calls 3
	IO DATA: rchar 4611 wchar 8843 syscr 51 syscw 27 read_bytes 0 write_bytes 294912
	Process OS info: (pid 556453 state R utime 1093 stime 0 cutime 0 cstime 0 CPU usage 98)
	CPU temperature (celsius): socket 0: 62 socket 1: 74[0m
EAR[556453](hratio_l30) at 2.60/1.47 in tcn366 MR[0] elapsed 8479 sec.: [32mLoop time: 1.108s DC Power: [35m500.9W[32m DRAM power: 0.00W PCK power: 420.98W
	avg. CPUFreq: 2.57GHz avg. IMCFreq: 1.47GHz
	CPI: 0.391 VPI: 0.00, Mem. bwidth: 0.10GB/s GFLOPS: 0.00 I/O: 0.01MB/s No MPI  
	TPI 0.01 Cache miss rates: L1 0.19GB/s L2 0.00GB/s L3 0.00GB/s
	Total MPI calls 3
	IO DATA: rchar 4611 wchar 8843 syscr 51 syscw 27 read_bytes 0 write_bytes 294912
	Process OS info: (pid 556453 state R utime 1093 stime 1 cutime 0 cstime 0 CPU usage 98)
	CPU temperature (celsius): socket 0: 62 socket 1: 74[0m
EAR[556453](hratio_l30) at 2.60/1.47 in tcn366 MR[0] elapsed 8490 sec.: [32mLoop time: 1.108s DC Power: [35m501.0W[32m DRAM power: 0.00W PCK power: 420.98W
	avg. CPUFreq: 2.57GHz avg. IMCFreq: 1.47GHz
	CPI: 0.391 VPI: 0.00, Mem. bwidth: 0.12GB/s GFLOPS: 0.00 I/O: 0.01MB/s No MPI  
	TPI 0.02 Cache miss rates: L1 0.18GB/s L2 0.00GB/s L3 0.00GB/s
	Total MPI calls 3
	IO DATA: rchar 4611 wchar 8843 syscr 51 syscw 27 read_bytes 0 write_bytes 438272
	Process OS info: (pid 556453 state R utime 1093 stime 1 cutime 0 cstime 0 CPU usage 98)
	CPU temperature (celsius): socket 0: 62 socket 1: 74[0m
EAR[556453](hratio_l30) at 2.60/1.47 in tcn366 MR[0] elapsed 8501 sec.: [32mLoop time: 1.108s DC Power: [35m451.0W[32m DRAM power: 0.00W PCK power: 421.10W
	avg. CPUFreq: 2.57GHz avg. IMCFreq: 1.47GHz
	CPI: 0.391 VPI: 0.00, Mem. bwidth: 0.14GB/s GFLOPS: 0.00 I/O: 0.01MB/s No MPI  
	TPI 0.02 Cache miss rates: L1 0.17GB/s L2 0.00GB/s L3 0.00GB/s
	Total MPI calls 3
	IO DATA: rchar 4611 wchar 8843 syscr 51 syscw 27 read_bytes 0 write_bytes 294912
	Process OS info: (pid 556453 state R utime 1092 stime 0 cutime 0 cstime 0 CPU usage 98)
	CPU temperature (celsius): socket 0: 62 socket 1: 74[0m
EAR[556453](hratio_l30) at 2.60/1.47 in tcn366 MR[0] elapsed 8512 sec.: [32mLoop time: 1.108s DC Power: [35m501.1W[32m DRAM power: 0.00W PCK power: 421.19W
	avg. CPUFreq: 2.57GHz avg. IMCFreq: 1.47GHz
	CPI: 0.391 VPI: 0.00, Mem. bwidth: 0.11GB/s GFLOPS: 0.00 I/O: 0.01MB/s No MPI  
	TPI 0.02 Cache miss rates: L1 0.16GB/s L2 0.00GB/s L3 0.00GB/s
	Total MPI calls 3
	IO DATA: rchar 4611 wchar 8843 syscr 51 syscw 27 read_bytes 0 write_bytes 294912
	Process OS info: (pid 556453 state R utime 1093 stime 1 cutime 0 cstime 0 CPU usage 98)
	CPU temperature (celsius): socket 0: 62 socket 1: 74[0m
EAR[556453](hratio_l30) at 2.60/1.47 in tcn366 MR[0] elapsed 8523 sec.: [32mLoop time: 1.110s DC Power: [35m450.0W[32m DRAM power: 0.00W PCK power: 421.25W
	avg. CPUFreq: 2.57GHz avg. IMCFreq: 1.47GHz
	CPI: 0.391 VPI: 0.00, Mem. bwidth: 0.11GB/s GFLOPS: 0.00 I/O: 0.01MB/s No MPI  
	TPI 0.02 Cache miss rates: L1 0.16GB/s L2 0.00GB/s L3 0.00GB/s
	Total MPI calls 3
	IO DATA: rchar 4611 wchar 8843 syscr 51 syscw 27 read_bytes 0 write_bytes 303104
	Process OS info: (pid 556453 state R utime 1093 stime 1 cutime 0 cstime 0 CPU usage 98)
	CPU temperature (celsius): socket 0: 62 socket 1: 74[0m
EAR[556453](hratio_l30) at 2.60/1.47 in tcn366 MR[0] elapsed 8534 sec.: [32mLoop time: 1.108s DC Power: [35m500.9W[32m DRAM power: 0.00W PCK power: 421.08W
	avg. CPUFreq: 2.57GHz avg. IMCFreq: 1.47GHz
	CPI: 0.392 VPI: 0.00, Mem. bwidth: 0.15GB/s GFLOPS: 0.00 I/O: 0.01MB/s No MPI  
	TPI 0.02 Cache miss rates: L1 0.16GB/s L2 0.00GB/s L3 0.00GB/s
	Total MPI calls 3
	IO DATA: rchar 4611 wchar 8843 syscr 51 syscw 27 read_bytes 0 write_bytes 299008
	Process OS info: (pid 556453 state R utime 1093 stime 0 cutime 0 cstime 0 CPU usage 98)
	CPU temperature (celsius): socket 0: 62 socket 1: 74[0m
EAR[556453](hratio_l30) at 2.60/1.47 in tcn366 MR[0] elapsed 8545 sec.: [32mLoop time: 1.108s DC Power: [35m451.0W[32m DRAM power: 0.00W PCK power: 421.24W
	avg. CPUFreq: 2.57GHz avg. IMCFreq: 1.47GHz
	CPI: 0.391 VPI: 0.00, Mem. bwidth: 0.11GB/s GFLOPS: 0.00 I/O: 0.01MB/s No MPI  
	TPI 0.02 Cache miss rates: L1 0.20GB/s L2 0.00GB/s L3 0.00GB/s
	Total MPI calls 3
	IO DATA: rchar 4611 wchar 8843 syscr 51 syscw 27 read_bytes 0 write_bytes 303104
	Process OS info: (pid 556453 state R utime 1093 stime 1 cutime 0 cstime 0 CPU usage 98)
	CPU temperature (celsius): socket 0: 62 socket 1: 74[0m
EAR[556453](hratio_l30) at 2.60/1.47 in tcn366 MR[0] elapsed 8556 sec.: [32mLoop time: 1.109s DC Power: [35m500.8W[32m DRAM power: 0.00W PCK power: 421.28W
	avg. CPUFreq: 2.57GHz avg. IMCFreq: 1.47GHz
	CPI: 0.391 VPI: 0.00, Mem. bwidth: 0.12GB/s GFLOPS: 0.00 I/O: 0.01MB/s No MPI  
	TPI 0.02 Cache miss rates: L1 0.19GB/s L2 0.00GB/s L3 0.00GB/s
	Total MPI calls 3
	IO DATA: rchar 4611 wchar 8843 syscr 51 syscw 27 read_bytes 0 write_bytes 303104
	Process OS info: (pid 556453 state R utime 1087 stime 1 cutime 0 cstime 0 CPU usage 98)
	CPU temperature (celsius): socket 0: 62 socket 1: 74[0m
EAR[556453](hratio_l30) at 2.60/1.47 in tcn366 MR[0] elapsed 8567 sec.: [32mLoop time: 1.108s DC Power: [35m501.9W[32m DRAM power: 0.00W PCK power: 421.30W
	avg. CPUFreq: 2.57GHz avg. IMCFreq: 1.47GHz
	CPI: 0.391 VPI: 0.00, Mem. bwidth: 0.12GB/s GFLOPS: 0.00 I/O: 0.01MB/s No MPI  
	TPI 0.02 Cache miss rates: L1 0.20GB/s L2 0.00GB/s L3 0.00GB/s
	Total MPI calls 3
	IO DATA: rchar 4611 wchar 8843 syscr 51 syscw 27 read_bytes 0 write_bytes 299008
	Process OS info: (pid 556453 state R utime 1092 stime 1 cutime 0 cstime 0 CPU usage 98)
	CPU temperature (celsius): socket 0: 62 socket 1: 74[0m
EAR[556453](hratio_l30) at 2.60/1.47 in tcn366 MR[0] elapsed 8578 sec.: [32mLoop time: 1.111s DC Power: [35m451.4W[32m DRAM power: 0.00W PCK power: 421.35W
	avg. CPUFreq: 2.57GHz avg. IMCFreq: 1.47GHz
	CPI: 0.391 VPI: 0.00, Mem. bwidth: 0.11GB/s GFLOPS: 0.00 I/O: 0.01MB/s No MPI  
	TPI 0.02 Cache miss rates: L1 0.19GB/s L2 0.00GB/s L3 0.00GB/s
	Total MPI calls 3
	IO DATA: rchar 4611 wchar 8843 syscr 51 syscw 27 read_bytes 0 write_bytes 294912
	Process OS info: (pid 556453 state R utime 1096 stime 0 cutime 0 cstime 0 CPU usage 98)
	CPU temperature (celsius): socket 0: 62 socket 1: 74[0m
EAR[556453](hratio_l30) at 2.60/1.47 in tcn366 MR[0] elapsed 8589 sec.: [32mLoop time: 1.108s DC Power: [35m452.0W[32m DRAM power: 0.00W PCK power: 421.36W
	avg. CPUFreq: 2.57GHz avg. IMCFreq: 1.47GHz
	CPI: 0.391 VPI: 0.00, Mem. bwidth: 0.12GB/s GFLOPS: 0.00 I/O: 0.01MB/s No MPI  
	TPI 0.02 Cache miss rates: L1 0.18GB/s L2 0.00GB/s L3 0.00GB/s
	Total MPI calls 3
	IO DATA: rchar 4611 wchar 8843 syscr 51 syscw 27 read_bytes 0 write_bytes 294912
	Process OS info: (pid 556453 state R utime 1093 stime 1 cutime 0 cstime 0 CPU usage 98)
	CPU temperature (celsius): socket 0: 62 socket 1: 74[0m
EAR[556453](hratio_l30) at 2.60/1.47 in tcn366 MR[0] elapsed 8600 sec.: [32mLoop time: 1.108s DC Power: [35m501.8W[32m DRAM power: 0.00W PCK power: 421.63W
	avg. CPUFreq: 2.57GHz avg. IMCFreq: 1.47GHz
	CPI: 0.390 VPI: 0.00, Mem. bwidth: 0.11GB/s GFLOPS: 0.00 I/O: 0.01MB/s No MPI  
	TPI 0.02 Cache miss rates: L1 0.17GB/s L2 0.00GB/s L3 0.00GB/s
	Total MPI calls 3
	IO DATA: rchar 4611 wchar 8843 syscr 51 syscw 27 read_bytes 0 write_bytes 294912
	Process OS info: (pid 556453 state R utime 1093 stime 1 cutime 0 cstime 0 CPU usage 98)
	CPU temperature (celsius): socket 0: 62 socket 1: 74[0m
EAR[556453](hratio_l30) at 2.60/1.47 in tcn366 MR[0] elapsed 8612 sec.: [32mLoop time: 1.108s DC Power: [35m502.0W[32m DRAM power: 0.00W PCK power: 421.70W
	avg. CPUFreq: 2.57GHz avg. IMCFreq: 1.47GHz
	CPI: 0.390 VPI: 0.00, Mem. bwidth: 0.11GB/s GFLOPS: 0.00 I/O: 0.01MB/s No MPI  
	TPI 0.02 Cache miss rates: L1 0.17GB/s L2 0.00GB/s L3 0.00GB/s
	Total MPI calls 3
	IO DATA: rchar 4611 wchar 8843 syscr 51 syscw 27 read_bytes 0 write_bytes 299008
	Process OS info: (pid 556453 state R utime 1093 stime 0 cutime 0 cstime 0 CPU usage 98)
	CPU temperature (celsius): socket 0: 62 socket 1: 74[0m
EAR[556453](hratio_l30) at 2.60/1.47 in tcn366 MR[0] elapsed 8623 sec.: [32mLoop time: 1.108s DC Power: [35m501.0W[32m DRAM power: 0.00W PCK power: 421.65W
	avg. CPUFreq: 2.57GHz avg. IMCFreq: 1.47GHz
	CPI: 0.390 VPI: 0.00, Mem. bwidth: 0.12GB/s GFLOPS: 0.00 I/O: 0.01MB/s No MPI  
	TPI 0.02 Cache miss rates: L1 0.18GB/s L2 0.00GB/s L3 0.00GB/s
	Total MPI calls 3
	IO DATA: rchar 4611 wchar 8843 syscr 51 syscw 27 read_bytes 0 write_bytes 294912
	Process OS info: (pid 556453 state R utime 1092 stime 1 cutime 0 cstime 0 CPU usage 98)
	CPU temperature (celsius): socket 0: 62 socket 1: 74[0m
EAR[556453](hratio_l30) at 2.60/1.47 in tcn366 MR[0] elapsed 8634 sec.: [32mLoop time: 1.107s DC Power: [35m501.2W[32m DRAM power: 0.00W PCK power: 421.50W
	avg. CPUFreq: 2.57GHz avg. IMCFreq: 1.47GHz
	CPI: 0.390 VPI: 0.00, Mem. bwidth: 0.11GB/s GFLOPS: 0.00 I/O: 0.01MB/s No MPI  
	TPI 0.02 Cache miss rates: L1 0.18GB/s L2 0.00GB/s L3 0.00GB/s
	Total MPI calls 3
	IO DATA: rchar 4611 wchar 8843 syscr 51 syscw 27 read_bytes 0 write_bytes 307200
	Process OS info: (pid 556453 state R utime 1093 stime 1 cutime 0 cstime 0 CPU usage 98)
	CPU temperature (celsius): socket 0: 62 socket 1: 74[0m
EAR[556453](hratio_l30) at 2.60/1.47 in tcn366 MR[0] elapsed 8645 sec.: [32mLoop time: 1.108s DC Power: [35m450.9W[32m DRAM power: 0.00W PCK power: 421.51W
	avg. CPUFreq: 2.57GHz avg. IMCFreq: 1.47GHz
	CPI: 0.390 VPI: 0.00, Mem. bwidth: 0.11GB/s GFLOPS: 0.00 I/O: 0.01MB/s No MPI  
	TPI 0.02 Cache miss rates: L1 0.17GB/s L2 0.00GB/s L3 0.00GB/s
	Total MPI calls 3
	IO DATA: rchar 4611 wchar 8843 syscr 51 syscw 27 read_bytes 0 write_bytes 294912
	Process OS info: (pid 556453 state R utime 1092 stime 0 cutime 0 cstime 0 CPU usage 98)
	CPU temperature (celsius): socket 0: 62 socket 1: 74[0m
EAR[556453](hratio_l30) at 2.60/1.47 in tcn366 MR[0] elapsed 8656 sec.: [32mLoop time: 1.107s DC Power: [35m501.2W[32m DRAM power: 0.00W PCK power: 421.59W
	avg. CPUFreq: 2.57GHz avg. IMCFreq: 1.47GHz
	CPI: 0.390 VPI: 0.00, Mem. bwidth: 0.11GB/s GFLOPS: 0.00 I/O: 0.01MB/s No MPI  
	TPI 0.02 Cache miss rates: L1 0.17GB/s L2 0.00GB/s L3 0.00GB/s
	Total MPI calls 3
	IO DATA: rchar 4611 wchar 8843 syscr 51 syscw 27 read_bytes 0 write_bytes 307200
	Process OS info: (pid 556453 state R utime 1092 stime 1 cutime 0 cstime 0 CPU usage 98)
	CPU temperature (celsius): socket 0: 62 socket 1: 74[0m
EAR[556453](hratio_l30) at 2.60/1.47 in tcn366 MR[0] elapsed 8667 sec.: [32mLoop time: 1.107s DC Power: [35m501.2W[32m DRAM power: 0.00W PCK power: 421.53W
	avg. CPUFreq: 2.57GHz avg. IMCFreq: 1.47GHz
	CPI: 0.390 VPI: 0.00, Mem. bwidth: 0.11GB/s GFLOPS: 0.00 I/O: 0.01MB/s No MPI  
	TPI 0.02 Cache miss rates: L1 0.16GB/s L2 0.00GB/s L3 0.00GB/s
	Total MPI calls 3
	IO DATA: rchar 4611 wchar 8843 syscr 51 syscw 27 read_bytes 0 write_bytes 303104
	Process OS info: (pid 556453 state R utime 1092 stime 1 cutime 0 cstime 0 CPU usage 98)
	CPU temperature (celsius): socket 0: 62 socket 1: 74[0m
EAR[556453](hratio_l30) at 2.60/1.47 in tcn366 MR[0] elapsed 8678 sec.: [32mLoop time: 1.108s DC Power: [35m450.8W[32m DRAM power: 0.00W PCK power: 421.54W
	avg. CPUFreq: 2.57GHz avg. IMCFreq: 1.47GHz
	CPI: 0.390 VPI: 0.00, Mem. bwidth: 0.12GB/s GFLOPS: 0.00 I/O: 0.01MB/s No MPI  
	TPI 0.02 Cache miss rates: L1 0.16GB/s L2 0.00GB/s L3 0.00GB/s
	Total MPI calls 3
	IO DATA: rchar 4611 wchar 8843 syscr 51 syscw 27 read_bytes 0 write_bytes 303104
	Process OS info: (pid 556453 state R utime 1093 stime 0 cutime 0 cstime 0 CPU usage 98)
	CPU temperature (celsius): socket 0: 62 socket 1: 73[0m
EAR[556453](hratio_l30) at 2.60/1.47 in tcn366 MR[0] elapsed 8689 sec.: [32mLoop time: 1.108s DC Power: [35m500.9W[32m DRAM power: 0.00W PCK power: 421.53W
	avg. CPUFreq: 2.57GHz avg. IMCFreq: 1.47GHz
	CPI: 0.390 VPI: 0.00, Mem. bwidth: 0.10GB/s GFLOPS: 0.00 I/O: 0.01MB/s No MPI  
	TPI 0.01 Cache miss rates: L1 0.16GB/s L2 0.00GB/s L3 0.00GB/s
	Total MPI calls 3
	IO DATA: rchar 4611 wchar 8843 syscr 51 syscw 27 read_bytes 0 write_bytes 352256
	Process OS info: (pid 556453 state R utime 1093 stime 1 cutime 0 cstime 0 CPU usage 98)
	CPU temperature (celsius): socket 0: 62 socket 1: 74[0m
EAR[556453](hratio_l30) at 2.60/1.47 in tcn366 MR[0] elapsed 8700 sec.: [32mLoop time: 1.108s DC Power: [35m450.9W[32m DRAM power: 0.00W PCK power: 421.52W
	avg. CPUFreq: 2.57GHz avg. IMCFreq: 1.47GHz
	CPI: 0.390 VPI: 0.00, Mem. bwidth: 0.11GB/s GFLOPS: 0.00 I/O: 0.01MB/s No MPI  
	TPI 0.02 Cache miss rates: L1 0.18GB/s L2 0.00GB/s L3 0.00GB/s
	Total MPI calls 3
	IO DATA: rchar 4611 wchar 8843 syscr 51 syscw 27 read_bytes 0 write_bytes 294912
	Process OS info: (pid 556453 state R utime 1093 stime 1 cutime 0 cstime 0 CPU usage 98)
	CPU temperature (celsius): socket 0: 62 socket 1: 74[0m
EAR[556453](hratio_l30) at 2.60/1.47 in tcn366 MR[0] elapsed 8711 sec.: [32mLoop time: 1.107s DC Power: [35m501.2W[32m DRAM power: 0.00W PCK power: 421.56W
	avg. CPUFreq: 2.57GHz avg. IMCFreq: 1.47GHz
	CPI: 0.390 VPI: 0.00, Mem. bwidth: 0.11GB/s GFLOPS: 0.00 I/O: 0.01MB/s No MPI  
	TPI 0.02 Cache miss rates: L1 0.18GB/s L2 0.00GB/s L3 0.00GB/s
	Total MPI calls 3
	IO DATA: rchar 4611 wchar 8843 syscr 51 syscw 27 read_bytes 0 write_bytes 303104
	Process OS info: (pid 556453 state R utime 1093 stime 0 cutime 0 cstime 0 CPU usage 98)
	CPU temperature (celsius): socket 0: 62 socket 1: 74[0m
EAR[556453](hratio_l30) at 2.60/1.47 in tcn366 MR[0] elapsed 8722 sec.: [32mLoop time: 1.108s DC Power: [35m451.4W[32m DRAM power: 0.00W PCK power: 421.59W
	avg. CPUFreq: 2.57GHz avg. IMCFreq: 1.47GHz
	CPI: 0.390 VPI: 0.00, Mem. bwidth: 0.10GB/s GFLOPS: 0.00 I/O: 0.01MB/s No MPI  
	TPI 0.01 Cache miss rates: L1 0.18GB/s L2 0.00GB/s L3 0.00GB/s
	Total MPI calls 3
	IO DATA: rchar 4611 wchar 8843 syscr 51 syscw 27 read_bytes 0 write_bytes 294912
	Process OS info: (pid 556453 state R utime 1093 stime 1 cutime 0 cstime 0 CPU usage 98)
	CPU temperature (celsius): socket 0: 62 socket 1: 74[0m
EAR[556453](hratio_l30) at 2.60/1.47 in tcn366 MR[0] elapsed 8733 sec.: [32mLoop time: 1.108s DC Power: [35m502.0W[32m DRAM power: 0.00W PCK power: 421.64W
	avg. CPUFreq: 2.57GHz avg. IMCFreq: 1.47GHz
	CPI: 0.390 VPI: 0.00, Mem. bwidth: 0.10GB/s GFLOPS: 0.00 I/O: 0.01MB/s No MPI  
	TPI 0.01 Cache miss rates: L1 0.18GB/s L2 0.00GB/s L3 0.00GB/s
	Total MPI calls 3
	IO DATA: rchar 4611 wchar 8843 syscr 51 syscw 27 read_bytes 0 write_bytes 290816
	Process OS info: (pid 556453 state R utime 1093 stime 1 cutime 0 cstime 0 CPU usage 98)
	CPU temperature (celsius): socket 0: 63 socket 1: 74[0m
EAR[556453](hratio_l30) at 2.60/1.47 in tcn366 MR[0] elapsed 8744 sec.: [32mLoop time: 1.108s DC Power: [35m502.8W[32m DRAM power: 0.00W PCK power: 421.59W
	avg. CPUFreq: 2.57GHz avg. IMCFreq: 1.47GHz
	CPI: 0.390 VPI: 0.00, Mem. bwidth: 0.13GB/s GFLOPS: 0.00 I/O: 0.01MB/s No MPI  
	TPI 0.02 Cache miss rates: L1 0.16GB/s L2 0.00GB/s L3 0.00GB/s
	Total MPI calls 3
	IO DATA: rchar 4611 wchar 8843 syscr 51 syscw 27 read_bytes 0 write_bytes 299008
	Process OS info: (pid 556453 state R utime 1092 stime 0 cutime 0 cstime 0 CPU usage 98)
	CPU temperature (celsius): socket 0: 63 socket 1: 74[0m
EAR[556453](hratio_l30) at 2.60/1.47 in tcn366 MR[0] elapsed 8756 sec.: [32mLoop time: 1.108s DC Power: [35m502.7W[32m DRAM power: 0.00W PCK power: 421.70W
	avg. CPUFreq: 2.57GHz avg. IMCFreq: 1.47GHz
	CPI: 0.390 VPI: 0.00, Mem. bwidth: 0.11GB/s GFLOPS: 0.00 I/O: 0.01MB/s No MPI  
	TPI 0.02 Cache miss rates: L1 0.18GB/s L2 0.00GB/s L3 0.00GB/s
	Total MPI calls 3
	IO DATA: rchar 4611 wchar 8843 syscr 51 syscw 27 read_bytes 0 write_bytes 294912
	Process OS info: (pid 556453 state R utime 1094 stime 1 cutime 0 cstime 0 CPU usage 98)
	CPU temperature (celsius): socket 0: 62 socket 1: 74[0m
EAR[556453](hratio_l30) at 2.60/1.47 in tcn366 MR[0] elapsed 8767 sec.: [32mLoop time: 1.108s DC Power: [35m452.4W[32m DRAM power: 0.00W PCK power: 421.89W
	avg. CPUFreq: 2.57GHz avg. IMCFreq: 1.47GHz
	CPI: 0.390 VPI: 0.00, Mem. bwidth: 0.12GB/s GFLOPS: 0.00 I/O: 0.01MB/s No MPI  
	TPI 0.02 Cache miss rates: L1 0.18GB/s L2 0.00GB/s L3 0.00GB/s
	Total MPI calls 3
	IO DATA: rchar 4611 wchar 8843 syscr 51 syscw 27 read_bytes 0 write_bytes 294912
	Process OS info: (pid 556453 state R utime 1092 stime 1 cutime 0 cstime 0 CPU usage 98)
	CPU temperature (celsius): socket 0: 63 socket 1: 74[0m
EAR[556453](hratio_l30) at 2.60/1.47 in tcn366 MR[0] elapsed 8778 sec.: [32mLoop time: 1.108s DC Power: [35m501.9W[32m DRAM power: 0.00W PCK power: 421.85W
	avg. CPUFreq: 2.57GHz avg. IMCFreq: 1.47GHz
	CPI: 0.390 VPI: 0.00, Mem. bwidth: 0.13GB/s GFLOPS: 0.00 I/O: 0.01MB/s No MPI  
	TPI 0.02 Cache miss rates: L1 0.19GB/s L2 0.00GB/s L3 0.00GB/s
	Total MPI calls 3
	IO DATA: rchar 4611 wchar 8843 syscr 51 syscw 27 read_bytes 0 write_bytes 294912
	Process OS info: (pid 556453 state R utime 1093 stime 0 cutime 0 cstime 0 CPU usage 98)
	CPU temperature (celsius): socket 0: 62 socket 1: 74[0m
EAR[556453](hratio_l30) at 2.60/1.47 in tcn366 MR[0] elapsed 8789 sec.: [32mLoop time: 1.108s DC Power: [35m501.4W[32m DRAM power: 0.00W PCK power: 421.86W
	avg. CPUFreq: 2.57GHz avg. IMCFreq: 1.47GHz
	CPI: 0.390 VPI: 0.00, Mem. bwidth: 0.11GB/s GFLOPS: 0.00 I/O: 0.01MB/s No MPI  
	TPI 0.02 Cache miss rates: L1 0.17GB/s L2 0.00GB/s L3 0.00GB/s
	Total MPI calls 3
	IO DATA: rchar 4611 wchar 8843 syscr 51 syscw 27 read_bytes 0 write_bytes 319488
	Process OS info: (pid 556453 state R utime 1093 stime 1 cutime 0 cstime 0 CPU usage 98)
	CPU temperature (celsius): socket 0: 62 socket 1: 74[0m
EAR[556453](hratio_l30) at 2.60/1.47 in tcn366 MR[0] elapsed 8800 sec.: [32mLoop time: 1.108s DC Power: [35m500.9W[32m DRAM power: 0.00W PCK power: 421.91W
	avg. CPUFreq: 2.57GHz avg. IMCFreq: 1.47GHz
	CPI: 0.390 VPI: 0.00, Mem. bwidth: 0.13GB/s GFLOPS: 0.00 I/O: 0.01MB/s No MPI  
	TPI 0.02 Cache miss rates: L1 0.18GB/s L2 0.00GB/s L3 0.00GB/s
	Total MPI calls 3
	IO DATA: rchar 4611 wchar 8843 syscr 51 syscw 27 read_bytes 0 write_bytes 303104
	Process OS info: (pid 556453 state R utime 1093 stime 1 cutime 0 cstime 0 CPU usage 98)
	CPU temperature (celsius): socket 0: 62 socket 1: 73[0m
EAR[556453](hratio_l30) at 2.60/1.47 in tcn366 MR[0] elapsed 8811 sec.: [32mLoop time: 1.107s DC Power: [35m451.1W[32m DRAM power: 0.00W PCK power: 421.91W
	avg. CPUFreq: 2.57GHz avg. IMCFreq: 1.47GHz
	CPI: 0.389 VPI: 0.00, Mem. bwidth: 0.11GB/s GFLOPS: 0.00 I/O: 0.01MB/s No MPI  
	TPI 0.02 Cache miss rates: L1 0.18GB/s L2 0.00GB/s L3 0.00GB/s
	Total MPI calls 3
	IO DATA: rchar 4611 wchar 8843 syscr 51 syscw 27 read_bytes 0 write_bytes 294912
	Process OS info: (pid 556453 state R utime 1092 stime 0 cutime 0 cstime 0 CPU usage 98)
	CPU temperature (celsius): socket 0: 62 socket 1: 74[0m
EAR[556453](hratio_l30) at 2.60/1.47 in tcn366 MR[0] elapsed 8822 sec.: [32mLoop time: 1.107s DC Power: [35m451.1W[32m DRAM power: 0.00W PCK power: 421.86W
	avg. CPUFreq: 2.57GHz avg. IMCFreq: 1.47GHz
	CPI: 0.390 VPI: 0.00, Mem. bwidth: 0.10GB/s GFLOPS: 0.00 I/O: 0.01MB/s No MPI  
	TPI 0.01 Cache miss rates: L1 0.16GB/s L2 0.00GB/s L3 0.00GB/s
	Total MPI calls 3
	IO DATA: rchar 4611 wchar 8843 syscr 51 syscw 27 read_bytes 0 write_bytes 294912
	Process OS info: (pid 556453 state R utime 1093 stime 1 cutime 0 cstime 0 CPU usage 98)
	CPU temperature (celsius): socket 0: 63 socket 1: 74[0m
EAR[556453](hratio_l30) at 2.60/1.47 in tcn366 MR[0] elapsed 8833 sec.: [32mLoop time: 1.108s DC Power: [35m501.0W[32m DRAM power: 0.00W PCK power: 421.79W
	avg. CPUFreq: 2.57GHz avg. IMCFreq: 1.47GHz
	CPI: 0.389 VPI: 0.00, Mem. bwidth: 0.13GB/s GFLOPS: 0.00 I/O: 0.01MB/s No MPI  
	TPI 0.02 Cache miss rates: L1 0.17GB/s L2 0.00GB/s L3 0.00GB/s
	Total MPI calls 3
	IO DATA: rchar 4611 wchar 8843 syscr 51 syscw 27 read_bytes 0 write_bytes 294912
	Process OS info: (pid 556453 state R utime 1092 stime 1 cutime 0 cstime 0 CPU usage 98)
	CPU temperature (celsius): socket 0: 63 socket 1: 74[0m
EAR[556453](hratio_l30) at 2.60/1.47 in tcn366 MR[0] elapsed 8844 sec.: [32mLoop time: 1.108s DC Power: [35m500.9W[32m DRAM power: 0.00W PCK power: 421.83W
	avg. CPUFreq: 2.57GHz avg. IMCFreq: 1.47GHz
	CPI: 0.389 VPI: 0.00, Mem. bwidth: 0.11GB/s GFLOPS: 0.00 I/O: 0.01MB/s No MPI  
	TPI 0.02 Cache miss rates: L1 0.17GB/s L2 0.00GB/s L3 0.00GB/s
	Total MPI calls 3
	IO DATA: rchar 4611 wchar 8843 syscr 51 syscw 27 read_bytes 0 write_bytes 303104
	Process OS info: (pid 556453 state R utime 1093 stime 0 cutime 0 cstime 0 CPU usage 98)
	CPU temperature (celsius): socket 0: 62 socket 1: 74[0m
EAR[556453](hratio_l30) at 2.60/1.47 in tcn366 MR[0] elapsed 8855 sec.: [32mLoop time: 1.108s DC Power: [35m451.0W[32m DRAM power: 0.00W PCK power: 421.89W
	avg. CPUFreq: 2.57GHz avg. IMCFreq: 1.47GHz
	CPI: 0.389 VPI: 0.00, Mem. bwidth: 0.11GB/s GFLOPS: 0.00 I/O: 0.01MB/s No MPI  
	TPI 0.02 Cache miss rates: L1 0.19GB/s L2 0.00GB/s L3 0.00GB/s
	Total MPI calls 3
	IO DATA: rchar 4611 wchar 8843 syscr 51 syscw 27 read_bytes 0 write_bytes 319488
	Process OS info: (pid 556453 state R utime 1093 stime 1 cutime 0 cstime 0 CPU usage 98)
	CPU temperature (celsius): socket 0: 62 socket 1: 74[0m
EAR[556453](hratio_l30) at 2.60/1.47 in tcn366 MR[0] elapsed 8866 sec.: [32mLoop time: 1.108s DC Power: [35m501.1W[32m DRAM power: 0.00W PCK power: 421.76W
	avg. CPUFreq: 2.57GHz avg. IMCFreq: 1.47GHz
	CPI: 0.389 VPI: 0.00, Mem. bwidth: 0.11GB/s GFLOPS: 0.00 I/O: 0.01MB/s No MPI  
	TPI 0.02 Cache miss rates: L1 0.17GB/s L2 0.00GB/s L3 0.00GB/s
	Total MPI calls 3
	IO DATA: rchar 4611 wchar 8843 syscr 51 syscw 27 read_bytes 0 write_bytes 299008
	Process OS info: (pid 556453 state R utime 1092 stime 1 cutime 0 cstime 0 CPU usage 98)
	CPU temperature (celsius): socket 0: 62 socket 1: 74[0m
EAR[556453](hratio_l30) at 2.60/1.47 in tcn366 MR[0] elapsed 8877 sec.: [32mLoop time: 1.107s DC Power: [35m451.1W[32m DRAM power: 0.00W PCK power: 421.93W
	avg. CPUFreq: 2.57GHz avg. IMCFreq: 1.47GHz
	CPI: 0.389 VPI: 0.00, Mem. bwidth: 0.11GB/s GFLOPS: 0.00 I/O: 0.01MB/s No MPI  
	TPI 0.02 Cache miss rates: L1 0.17GB/s L2 0.00GB/s L3 0.00GB/s
	Total MPI calls 3
	IO DATA: rchar 4611 wchar 8843 syscr 51 syscw 27 read_bytes 0 write_bytes 294912
	Process OS info: (pid 556453 state R utime 1093 stime 1 cutime 0 cstime 0 CPU usage 98)
	CPU temperature (celsius): socket 0: 62 socket 1: 74[0m
EAR[556453](hratio_l30) at 2.60/1.47 in tcn366 MR[0] elapsed 8888 sec.: [32mLoop time: 1.108s DC Power: [35m501.3W[32m DRAM power: 0.00W PCK power: 421.85W
	avg. CPUFreq: 2.57GHz avg. IMCFreq: 1.47GHz
	CPI: 0.389 VPI: 0.00, Mem. bwidth: 0.11GB/s GFLOPS: 0.00 I/O: 0.01MB/s No MPI  
	TPI 0.02 Cache miss rates: L1 0.18GB/s L2 0.00GB/s L3 0.00GB/s
	Total MPI calls 3
	IO DATA: rchar 4611 wchar 8843 syscr 51 syscw 27 read_bytes 0 write_bytes 294912
	Process OS info: (pid 556453 state R utime 1092 stime 0 cutime 0 cstime 0 CPU usage 98)
	CPU temperature (celsius): socket 0: 63 socket 1: 74[0m
EAR[556453](hratio_l30) at 2.60/1.47 in tcn366 MR[0] elapsed 8900 sec.: [32mLoop time: 1.107s DC Power: [35m451.8W[32m DRAM power: 0.00W PCK power: 421.81W
	avg. CPUFreq: 2.57GHz avg. IMCFreq: 1.47GHz
	CPI: 0.389 VPI: 0.00, Mem. bwidth: 0.09GB/s GFLOPS: 0.00 I/O: 0.01MB/s No MPI  
	TPI 0.01 Cache miss rates: L1 0.17GB/s L2 0.00GB/s L3 0.00GB/s
	Total MPI calls 3
	IO DATA: rchar 4611 wchar 8843 syscr 51 syscw 27 read_bytes 0 write_bytes 294912
	Process OS info: (pid 556453 state R utime 1093 stime 1 cutime 0 cstime 0 CPU usage 98)
	CPU temperature (celsius): socket 0: 63 socket 1: 74[0m
EAR[556453](hratio_l30) at 2.60/1.47 in tcn366 MR[0] elapsed 8911 sec.: [32mLoop time: 1.108s DC Power: [35m502.8W[32m DRAM power: 0.00W PCK power: 422.07W
	avg. CPUFreq: 2.57GHz avg. IMCFreq: 1.47GHz
	CPI: 0.389 VPI: 0.00, Mem. bwidth: 0.11GB/s GFLOPS: 0.00 I/O: 0.01MB/s No MPI  
	TPI 0.02 Cache miss rates: L1 0.17GB/s L2 0.00GB/s L3 0.00GB/s
	Total MPI calls 3
	IO DATA: rchar 4611 wchar 8843 syscr 51 syscw 27 read_bytes 0 write_bytes 307200
	Process OS info: (pid 556453 state R utime 1092 stime 1 cutime 0 cstime 0 CPU usage 98)
	CPU temperature (celsius): socket 0: 62 socket 1: 74[0m
EAR[556453](hratio_l30) at 2.60/1.47 in tcn366 MR[0] elapsed 8922 sec.: [32mLoop time: 1.107s DC Power: [35m503.6W[32m DRAM power: 0.00W PCK power: 421.92W
	avg. CPUFreq: 2.57GHz avg. IMCFreq: 1.47GHz
	CPI: 0.390 VPI: 0.00, Mem. bwidth: 0.14GB/s GFLOPS: 0.00 I/O: 0.01MB/s No MPI  
	TPI 0.02 Cache miss rates: L1 0.19GB/s L2 0.00GB/s L3 0.00GB/s
	Total MPI calls 3
	IO DATA: rchar 4611 wchar 8843 syscr 51 syscw 27 read_bytes 0 write_bytes 368640
	Process OS info: (pid 556453 state R utime 1093 stime 1 cutime 0 cstime 0 CPU usage 98)
	CPU temperature (celsius): socket 0: 62 socket 1: 74[0m
EAR[556453](hratio_l30) at 2.60/1.47 in tcn366 MR[0] elapsed 8933 sec.: [32mLoop time: 1.108s DC Power: [35m502.8W[32m DRAM power: 0.00W PCK power: 421.96W
	avg. CPUFreq: 2.57GHz avg. IMCFreq: 1.47GHz
	CPI: 0.389 VPI: 0.00, Mem. bwidth: 0.10GB/s GFLOPS: 0.00 I/O: 0.01MB/s No MPI  
	TPI 0.01 Cache miss rates: L1 0.17GB/s L2 0.00GB/s L3 0.00GB/s
	Total MPI calls 3
	IO DATA: rchar 4611 wchar 8843 syscr 51 syscw 27 read_bytes 0 write_bytes 397312
	Process OS info: (pid 556453 state R utime 1093 stime 0 cutime 0 cstime 0 CPU usage 98)
	CPU temperature (celsius): socket 0: 62 socket 1: 74[0m
EAR[556453](hratio_l30) at 2.60/1.47 in tcn366 MR[0] elapsed 8944 sec.: [32mLoop time: 1.108s DC Power: [35m402.3W[32m DRAM power: 0.00W PCK power: 422.25W
	avg. CPUFreq: 2.57GHz avg. IMCFreq: 1.47GHz
	CPI: 0.389 VPI: 0.00, Mem. bwidth: 0.11GB/s GFLOPS: 0.00 I/O: 0.01MB/s No MPI  
	TPI 0.02 Cache miss rates: L1 0.18GB/s L2 0.00GB/s L3 0.00GB/s
	Total MPI calls 3
	IO DATA: rchar 4611 wchar 8843 syscr 51 syscw 27 read_bytes 0 write_bytes 294912
	Process OS info: (pid 556453 state R utime 1092 stime 1 cutime 0 cstime 0 CPU usage 98)
	CPU temperature (celsius): socket 0: 63 socket 1: 74[0m
EAR[556453](hratio_l30) at 2.60/1.47 in tcn366 MR[0] elapsed 8955 sec.: [32mLoop time: 1.108s DC Power: [35m502.0W[32m DRAM power: 0.00W PCK power: 422.28W
	avg. CPUFreq: 2.57GHz avg. IMCFreq: 1.47GHz
	CPI: 0.388 VPI: 0.00, Mem. bwidth: 0.12GB/s GFLOPS: 0.00 I/O: 0.01MB/s No MPI  
	TPI 0.02 Cache miss rates: L1 0.18GB/s L2 0.00GB/s L3 0.00GB/s
	Total MPI calls 3
	IO DATA: rchar 4611 wchar 8843 syscr 51 syscw 27 read_bytes 0 write_bytes 294912
	Process OS info: (pid 556453 state R utime 1091 stime 1 cutime 0 cstime 0 CPU usage 98)
	CPU temperature (celsius): socket 0: 62 socket 1: 74[0m
EAR[556453](hratio_l30) at 2.60/1.47 in tcn366 MR[0] elapsed 8966 sec.: [32mLoop time: 1.107s DC Power: [35m502.0W[32m DRAM power: 0.00W PCK power: 422.62W
	avg. CPUFreq: 2.57GHz avg. IMCFreq: 1.47GHz
	CPI: 0.388 VPI: 0.00, Mem. bwidth: 0.11GB/s GFLOPS: 0.00 I/O: 0.01MB/s No MPI  
	TPI 0.02 Cache miss rates: L1 0.16GB/s L2 0.00GB/s L3 0.00GB/s
	Total MPI calls 3
	IO DATA: rchar 4611 wchar 8843 syscr 51 syscw 27 read_bytes 0 write_bytes 299008
	Process OS info: (pid 556453 state R utime 1092 stime 0 cutime 0 cstime 0 CPU usage 98)
	CPU temperature (celsius): socket 0: 62 socket 1: 74[0m
EAR[556453](hratio_l30) at 2.60/1.47 in tcn366 MR[0] elapsed 8977 sec.: [32mLoop time: 1.108s DC Power: [35m502.0W[32m DRAM power: 0.00W PCK power: 422.66W
	avg. CPUFreq: 2.57GHz avg. IMCFreq: 1.47GHz
	CPI: 0.387 VPI: 0.00, Mem. bwidth: 0.10GB/s GFLOPS: 0.00 I/O: 0.01MB/s No MPI  
	TPI 0.01 Cache miss rates: L1 0.17GB/s L2 0.00GB/s L3 0.00GB/s
	Total MPI calls 3
	IO DATA: rchar 4611 wchar 8843 syscr 51 syscw 27 read_bytes 0 write_bytes 409600
	Process OS info: (pid 556453 state R utime 1091 stime 1 cutime 0 cstime 0 CPU usage 98)
	CPU temperature (celsius): socket 0: 62 socket 1: 74[0m
EAR[556453](hratio_l30) at 2.60/1.47 in tcn366 MR[0] elapsed 8988 sec.: [32mLoop time: 1.108s DC Power: [35m451.7W[32m DRAM power: 0.00W PCK power: 422.92W
	avg. CPUFreq: 2.57GHz avg. IMCFreq: 1.47GHz
	CPI: 0.387 VPI: 0.00, Mem. bwidth: 0.11GB/s GFLOPS: 0.00 I/O: 0.01MB/s No MPI  
	TPI 0.02 Cache miss rates: L1 0.17GB/s L2 0.00GB/s L3 0.00GB/s
	Total MPI calls 3
	IO DATA: rchar 4611 wchar 8843 syscr 51 syscw 27 read_bytes 0 write_bytes 380928
	Process OS info: (pid 556453 state R utime 1092 stime 0 cutime 0 cstime 0 CPU usage 98)
	CPU temperature (celsius): socket 0: 62 socket 1: 74[0m
EAR[556453](hratio_l30) at 2.60/1.47 in tcn366 MR[0] elapsed 8999 sec.: [32mLoop time: 1.108s DC Power: [35m501.8W[32m DRAM power: 0.00W PCK power: 422.89W
	avg. CPUFreq: 2.57GHz avg. IMCFreq: 1.47GHz
	CPI: 0.387 VPI: 0.00, Mem. bwidth: 0.12GB/s GFLOPS: 0.00 I/O: 0.01MB/s No MPI  
	TPI 0.02 Cache miss rates: L1 0.17GB/s L2 0.00GB/s L3 0.00GB/s
	Total MPI calls 3
	IO DATA: rchar 4611 wchar 8843 syscr 51 syscw 27 read_bytes 0 write_bytes 294912
	Process OS info: (pid 556453 state R utime 1093 stime 1 cutime 0 cstime 0 CPU usage 98)
	CPU temperature (celsius): socket 0: 62 socket 1: 74[0m
EAR[556453](hratio_l30) at 2.60/1.47 in tcn366 MR[0] elapsed 9010 sec.: [32mLoop time: 1.108s DC Power: [35m501.8W[32m DRAM power: 0.00W PCK power: 422.76W
	avg. CPUFreq: 2.57GHz avg. IMCFreq: 1.47GHz
	CPI: 0.387 VPI: 0.00, Mem. bwidth: 0.17GB/s GFLOPS: 0.00 I/O: 0.01MB/s No MPI  
	TPI 0.02 Cache miss rates: L1 0.17GB/s L2 0.00GB/s L3 0.00GB/s
	Total MPI calls 3
	IO DATA: rchar 4611 wchar 8843 syscr 51 syscw 27 read_bytes 0 write_bytes 290816
	Process OS info: (pid 556453 state R utime 1093 stime 1 cutime 0 cstime 0 CPU usage 98)
	CPU temperature (celsius): socket 0: 63 socket 1: 74[0m
EAR[556453](hratio_l30) at 2.60/1.47 in tcn366 MR[0] elapsed 9021 sec.: [32mLoop time: 1.107s DC Power: [35m502.1W[32m DRAM power: 0.00W PCK power: 422.83W
	avg. CPUFreq: 2.57GHz avg. IMCFreq: 1.47GHz
	CPI: 0.386 VPI: 0.00, Mem. bwidth: 0.11GB/s GFLOPS: 0.00 I/O: 0.01MB/s No MPI  
	TPI 0.02 Cache miss rates: L1 0.17GB/s L2 0.00GB/s L3 0.00GB/s
	Total MPI calls 3
	IO DATA: rchar 4611 wchar 8843 syscr 51 syscw 27 read_bytes 0 write_bytes 294912
	Process OS info: (pid 556453 state R utime 1093 stime 0 cutime 0 cstime 0 CPU usage 98)
	CPU temperature (celsius): socket 0: 62 socket 1: 74[0m
EAR[556453](hratio_l30) at 2.60/1.47 in tcn366 MR[0] elapsed 9032 sec.: [32mLoop time: 1.108s DC Power: [35m451.7W[32m DRAM power: 0.00W PCK power: 422.91W
	avg. CPUFreq: 2.57GHz avg. IMCFreq: 1.47GHz
	CPI: 0.386 VPI: 0.00, Mem. bwidth: 0.10GB/s GFLOPS: 0.00 I/O: 0.01MB/s No MPI  
	TPI 0.01 Cache miss rates: L1 0.18GB/s L2 0.00GB/s L3 0.00GB/s
	Total MPI calls 3
	IO DATA: rchar 4611 wchar 8843 syscr 51 syscw 27 read_bytes 0 write_bytes 294912
	Process OS info: (pid 556453 state R utime 1093 stime 1 cutime 0 cstime 0 CPU usage 98)
	CPU temperature (celsius): socket 0: 63 socket 1: 74[0m
EAR[556453](hratio_l30) at 2.60/1.47 in tcn366 MR[0] elapsed 9044 sec.: [32mLoop time: 1.108s DC Power: [35m501.9W[32m DRAM power: 0.00W PCK power: 423.07W
	avg. CPUFreq: 2.57GHz avg. IMCFreq: 1.47GHz
	CPI: 0.386 VPI: 0.00, Mem. bwidth: 0.13GB/s GFLOPS: 0.00 I/O: 0.01MB/s No MPI  
	TPI 0.02 Cache miss rates: L1 0.17GB/s L2 0.00GB/s L3 0.00GB/s
	Total MPI calls 3
	IO DATA: rchar 4611 wchar 8843 syscr 51 syscw 27 read_bytes 0 write_bytes 299008
	Process OS info: (pid 556453 state R utime 1091 stime 0 cutime 0 cstime 0 CPU usage 98)
	CPU temperature (celsius): socket 0: 62 socket 1: 74[0m
EAR[556453](hratio_l30) at 2.60/1.47 in tcn366 MR[0] elapsed 9055 sec.: [32mLoop time: 1.108s DC Power: [35m502.0W[32m DRAM power: 0.00W PCK power: 423.23W
	avg. CPUFreq: 2.57GHz avg. IMCFreq: 1.47GHz
	CPI: 0.386 VPI: 0.00, Mem. bwidth: 0.11GB/s GFLOPS: 0.00 I/O: 0.01MB/s No MPI  
	TPI 0.02 Cache miss rates: L1 0.18GB/s L2 0.00GB/s L3 0.00GB/s
	Total MPI calls 3
	IO DATA: rchar 4611 wchar 8843 syscr 51 syscw 27 read_bytes 0 write_bytes 483328
	Process OS info: (pid 556453 state R utime 1093 stime 1 cutime 0 cstime 0 CPU usage 98)
	CPU temperature (celsius): socket 0: 63 socket 1: 74[0m
EAR[556453](hratio_l30) at 2.60/1.47 in tcn366 MR[0] elapsed 9066 sec.: [32mLoop time: 1.108s DC Power: [35m452.5W[32m DRAM power: 0.00W PCK power: 423.20W
	avg. CPUFreq: 2.57GHz avg. IMCFreq: 1.47GHz
	CPI: 0.386 VPI: 0.00, Mem. bwidth: 0.09GB/s GFLOPS: 0.00 I/O: 0.01MB/s No MPI  
	TPI 0.01 Cache miss rates: L1 0.19GB/s L2 0.00GB/s L3 0.00GB/s
	Total MPI calls 3
	IO DATA: rchar 4611 wchar 8843 syscr 51 syscw 27 read_bytes 0 write_bytes 417792
	Process OS info: (pid 556453 state R utime 1093 stime 0 cutime 0 cstime 0 CPU usage 98)
	CPU temperature (celsius): socket 0: 62 socket 1: 74[0m
EAR[556453](hratio_l30) at 2.60/1.47 in tcn366 MR[0] elapsed 9077 sec.: [32mLoop time: 1.108s DC Power: [35m453.0W[32m DRAM power: 0.00W PCK power: 423.14W
	avg. CPUFreq: 2.57GHz avg. IMCFreq: 1.47GHz
	CPI: 0.386 VPI: 0.00, Mem. bwidth: 0.12GB/s GFLOPS: 0.00 I/O: 0.01MB/s No MPI  
	TPI 0.02 Cache miss rates: L1 0.17GB/s L2 0.00GB/s L3 0.00GB/s
	Total MPI calls 3
	IO DATA: rchar 4611 wchar 8843 syscr 51 syscw 27 read_bytes 0 write_bytes 294912
	Process OS info: (pid 556453 state R utime 1093 stime 1 cutime 0 cstime 0 CPU usage 98)
	CPU temperature (celsius): socket 0: 63 socket 1: 74[0m
EAR[556453](hratio_l30) at 2.60/1.47 in tcn366 MR[0] elapsed 9088 sec.: [32mLoop time: 1.108s DC Power: [35m503.8W[32m DRAM power: 0.00W PCK power: 423.20W
	avg. CPUFreq: 2.57GHz avg. IMCFreq: 1.47GHz
	CPI: 0.386 VPI: 0.00, Mem. bwidth: 0.11GB/s GFLOPS: 0.00 I/O: 0.01MB/s No MPI  
	TPI 0.02 Cache miss rates: L1 0.17GB/s L2 0.00GB/s L3 0.00GB/s
	Total MPI calls 3
	IO DATA: rchar 4611 wchar 8843 syscr 51 syscw 27 read_bytes 0 write_bytes 294912
	Process OS info: (pid 556453 state R utime 1093 stime 1 cutime 0 cstime 0 CPU usage 98)
	CPU temperature (celsius): socket 0: 63 socket 1: 74[0m
EAR[556453](hratio_l30) at 2.60/1.47 in tcn366 MR[0] elapsed 9099 sec.: [32mLoop time: 1.108s DC Power: [35m504.6W[32m DRAM power: 0.00W PCK power: 423.67W
	avg. CPUFreq: 2.57GHz avg. IMCFreq: 1.47GHz
	CPI: 0.385 VPI: 0.00, Mem. bwidth: 0.14GB/s GFLOPS: 0.00 I/O: 0.01MB/s No MPI  
	TPI 0.02 Cache miss rates: L1 0.17GB/s L2 0.00GB/s L3 0.00GB/s
	Total MPI calls 3
	IO DATA: rchar 4611 wchar 8843 syscr 51 syscw 27 read_bytes 0 write_bytes 303104
	Process OS info: (pid 556453 state R utime 1093 stime 0 cutime 0 cstime 0 CPU usage 98)
	CPU temperature (celsius): socket 0: 62 socket 1: 73[0m
EAR[556453](hratio_l30) at 2.60/1.47 in tcn366 MR[0] elapsed 9110 sec.: [32mLoop time: 1.108s DC Power: [35m504.2W[32m DRAM power: 0.00W PCK power: 423.81W
	avg. CPUFreq: 2.57GHz avg. IMCFreq: 1.47GHz
	CPI: 0.385 VPI: 0.00, Mem. bwidth: 0.10GB/s GFLOPS: 0.00 I/O: 0.01MB/s No MPI  
	TPI 0.01 Cache miss rates: L1 0.17GB/s L2 0.00GB/s L3 0.00GB/s
	Total MPI calls 3
	IO DATA: rchar 4611 wchar 8843 syscr 51 syscw 27 read_bytes 0 write_bytes 294912
	Process OS info: (pid 556453 state R utime 1093 stime 1 cutime 0 cstime 0 CPU usage 98)
	CPU temperature (celsius): socket 0: 63 socket 1: 74[0m
EAR[556453](hratio_l30) at 2.60/1.47 in tcn366 MR[0] elapsed 9121 sec.: [32mLoop time: 1.107s DC Power: [35m403.1W[32m DRAM power: 0.00W PCK power: 423.71W
	avg. CPUFreq: 2.57GHz avg. IMCFreq: 1.47GHz
	CPI: 0.385 VPI: 0.00, Mem. bwidth: 0.11GB/s GFLOPS: 0.00 I/O: 0.01MB/s No MPI  
	TPI 0.02 Cache miss rates: L1 0.15GB/s L2 0.00GB/s L3 0.00GB/s
	Total MPI calls 3
	IO DATA: rchar 4611 wchar 8843 syscr 51 syscw 27 read_bytes 0 write_bytes 294912
	Process OS info: (pid 556453 state R utime 1092 stime 1 cutime 0 cstime 0 CPU usage 98)
	CPU temperature (celsius): socket 0: 62 socket 1: 74[0m
EAR[556453](hratio_l30) at 2.60/1.47 in tcn366 MR[0] elapsed 9132 sec.: [32mLoop time: 1.107s DC Power: [35m503.6W[32m DRAM power: 0.00W PCK power: 423.78W
	avg. CPUFreq: 2.57GHz avg. IMCFreq: 1.47GHz
	CPI: 0.385 VPI: 0.00, Mem. bwidth: 0.12GB/s GFLOPS: 0.00 I/O: 0.01MB/s No MPI  
	TPI 0.02 Cache miss rates: L1 0.16GB/s L2 0.00GB/s L3 0.00GB/s
	Total MPI calls 3
	IO DATA: rchar 4611 wchar 8843 syscr 51 syscw 27 read_bytes 0 write_bytes 294912
	Process OS info: (pid 556453 state R utime 1093 stime 0 cutime 0 cstime 0 CPU usage 98)
	CPU temperature (celsius): socket 0: 63 socket 1: 74[0m
EAR[556453](hratio_l30) at 2.60/1.47 in tcn366 MR[0] elapsed 9144 sec.: [32mLoop time: 1.107s DC Power: [35m503.1W[32m DRAM power: 0.00W PCK power: 423.73W
	avg. CPUFreq: 2.57GHz avg. IMCFreq: 1.47GHz
	CPI: 0.385 VPI: 0.00, Mem. bwidth: 0.10GB/s GFLOPS: 0.00 I/O: 0.01MB/s No MPI  
	TPI 0.01 Cache miss rates: L1 0.18GB/s L2 0.00GB/s L3 0.00GB/s
	Total MPI calls 3
	IO DATA: rchar 4611 wchar 8843 syscr 51 syscw 27 read_bytes 0 write_bytes 303104
	Process OS info: (pid 556453 state R utime 1092 stime 1 cutime 0 cstime 0 CPU usage 98)
	CPU temperature (celsius): socket 0: 63 socket 1: 74[0m
EAR[556453](hratio_l30) at 2.60/1.47 in tcn366 MR[0] elapsed 9155 sec.: [32mLoop time: 1.207s DC Power: [35m507.5W[32m DRAM power: 0.00W PCK power: 423.71W
	avg. CPUFreq: 2.57GHz avg. IMCFreq: 1.47GHz
	CPI: 0.385 VPI: 0.00, Mem. bwidth: 0.16GB/s GFLOPS: 0.00 I/O: 0.01MB/s No MPI  
	TPI 0.02 Cache miss rates: L1 0.18GB/s L2 0.00GB/s L3 0.00GB/s
	Total MPI calls 3
	IO DATA: rchar 4611 wchar 8843 syscr 51 syscw 27 read_bytes 0 write_bytes 294912
	Process OS info: (pid 556453 state R utime 1192 stime 0 cutime 0 cstime 0 CPU usage 98)
	CPU temperature (celsius): socket 0: 63 socket 1: 74[0m
EAR[556453](hratio_l30) at 2.60/1.47 in tcn366 MR[0] elapsed 9166 sec.: [32mLoop time: 1.108s DC Power: [35m452.4W[32m DRAM power: 0.00W PCK power: 423.39W
	avg. CPUFreq: 2.57GHz avg. IMCFreq: 1.47GHz
	CPI: 0.385 VPI: 0.00, Mem. bwidth: 0.29GB/s GFLOPS: 0.00 I/O: 0.01MB/s No MPI  
	TPI 0.04 Cache miss rates: L1 0.16GB/s L2 0.00GB/s L3 0.00GB/s
	Total MPI calls 3
	IO DATA: rchar 4611 wchar 8843 syscr 51 syscw 27 read_bytes 0 write_bytes 299008
	Process OS info: (pid 556453 state R utime 1084 stime 1 cutime 0 cstime 0 CPU usage 97)
	CPU temperature (celsius): socket 0: 62 socket 1: 74[0m
EAR[556453](hratio_l30) at 2.60/1.47 in tcn366 MR[0] elapsed 9177 sec.: [32mLoop time: 1.108s DC Power: [35m452.5W[32m DRAM power: 0.00W PCK power: 423.53W
	avg. CPUFreq: 2.57GHz avg. IMCFreq: 1.47GHz
	CPI: 0.385 VPI: 0.00, Mem. bwidth: 0.31GB/s GFLOPS: 0.00 I/O: 0.01MB/s No MPI  
	TPI 0.05 Cache miss rates: L1 0.16GB/s L2 0.00GB/s L3 0.00GB/s
	Total MPI calls 3
	IO DATA: rchar 4611 wchar 8843 syscr 51 syscw 27 read_bytes 0 write_bytes 294912
	Process OS info: (pid 556453 state R utime 1080 stime 1 cutime 0 cstime 0 CPU usage 97)
	CPU temperature (celsius): socket 0: 62 socket 1: 74[0m
EAR[556453](hratio_l30) at 2.60/1.47 in tcn366 MR[0] elapsed 9188 sec.: [32mLoop time: 1.108s DC Power: [35m502.3W[32m DRAM power: 0.00W PCK power: 423.38W
	avg. CPUFreq: 2.57GHz avg. IMCFreq: 1.47GHz
	CPI: 0.385 VPI: 0.00, Mem. bwidth: 0.21GB/s GFLOPS: 0.00 I/O: 0.01MB/s No MPI  
	TPI 0.03 Cache miss rates: L1 0.17GB/s L2 0.00GB/s L3 0.00GB/s
	Total MPI calls 3
	IO DATA: rchar 4611 wchar 8843 syscr 51 syscw 27 read_bytes 0 write_bytes 294912
	Process OS info: (pid 556453 state R utime 1082 stime 1 cutime 0 cstime 0 CPU usage 97)
	CPU temperature (celsius): socket 0: 63 socket 1: 74[0m
EAR[556453](hratio_l30) at 2.60/1.47 in tcn366 MR[0] elapsed 9200 sec.: [32mLoop time: 1.108s DC Power: [35m502.2W[32m DRAM power: 0.00W PCK power: 423.67W
	avg. CPUFreq: 2.57GHz avg. IMCFreq: 1.47GHz
	CPI: 0.385 VPI: 0.00, Mem. bwidth: 0.41GB/s GFLOPS: 0.00 I/O: 0.01MB/s No MPI  
	TPI 0.06 Cache miss rates: L1 0.16GB/s L2 0.00GB/s L3 0.00GB/s
	Total MPI calls 3
	IO DATA: rchar 4611 wchar 8843 syscr 51 syscw 27 read_bytes 0 write_bytes 294912
	Process OS info: (pid 556453 state R utime 1060 stime 1 cutime 0 cstime 0 CPU usage 95)
	CPU temperature (celsius): socket 0: 63 socket 1: 73[0m
EAR[556453](hratio_l30) at 2.60/1.47 in tcn366 MR[0] elapsed 9211 sec.: [32mLoop time: 1.108s DC Power: [35m452.5W[32m DRAM power: 0.00W PCK power: 423.50W
	avg. CPUFreq: 2.57GHz avg. IMCFreq: 1.47GHz
	CPI: 0.385 VPI: 0.00, Mem. bwidth: 0.12GB/s GFLOPS: 0.00 I/O: 0.01MB/s No MPI  
	TPI 0.02 Cache miss rates: L1 0.15GB/s L2 0.00GB/s L3 0.00GB/s
	Total MPI calls 3
	IO DATA: rchar 4611 wchar 8843 syscr 51 syscw 27 read_bytes 0 write_bytes 294912
	Process OS info: (pid 556453 state R utime 1092 stime 0 cutime 0 cstime 0 CPU usage 98)
	CPU temperature (celsius): socket 0: 62 socket 1: 74[0m
EAR[556453](hratio_l30) at 2.60/1.47 in tcn366 MR[0] elapsed 9222 sec.: [32mLoop time: 1.108s DC Power: [35m502.8W[32m DRAM power: 0.00W PCK power: 423.53W
	avg. CPUFreq: 2.57GHz avg. IMCFreq: 1.47GHz
	CPI: 0.385 VPI: 0.00, Mem. bwidth: 0.13GB/s GFLOPS: 0.00 I/O: 0.01MB/s No MPI  
	TPI 0.02 Cache miss rates: L1 0.15GB/s L2 0.00GB/s L3 0.00GB/s
	Total MPI calls 3
	IO DATA: rchar 4611 wchar 8843 syscr 51 syscw 27 read_bytes 0 write_bytes 299008
	Process OS info: (pid 556453 state R utime 1092 stime 1 cutime 0 cstime 0 CPU usage 98)
	CPU temperature (celsius): socket 0: 63 socket 1: 74[0m
EAR[556453](hratio_l30) at 2.60/1.47 in tcn366 MR[0] elapsed 9233 sec.: [32mLoop time: 1.107s DC Power: [35m503.2W[32m DRAM power: 0.00W PCK power: 423.54W
	avg. CPUFreq: 2.57GHz avg. IMCFreq: 1.47GHz
	CPI: 0.385 VPI: 0.00, Mem. bwidth: 0.11GB/s GFLOPS: 0.00 I/O: 0.01MB/s No MPI  
	TPI 0.02 Cache miss rates: L1 0.15GB/s L2 0.00GB/s L3 0.00GB/s
	Total MPI calls 3
	IO DATA: rchar 4611 wchar 8843 syscr 51 syscw 27 read_bytes 0 write_bytes 294912
	Process OS info: (pid 556453 state R utime 1092 stime 1 cutime 0 cstime 0 CPU usage 98)
	CPU temperature (celsius): socket 0: 63 socket 1: 74[0m
EAR[556453](hratio_l30) at 2.60/1.47 in tcn366 MR[0] elapsed 9244 sec.: [32mLoop time: 1.113s DC Power: [35m450.8W[32m DRAM power: 0.00W PCK power: 423.59W
	avg. CPUFreq: 2.57GHz avg. IMCFreq: 1.47GHz
	CPI: 0.385 VPI: 0.00, Mem. bwidth: 0.12GB/s GFLOPS: 0.00 I/O: 0.01MB/s No MPI  
	TPI 0.02 Cache miss rates: L1 0.15GB/s L2 0.00GB/s L3 0.00GB/s
	Total MPI calls 3
	IO DATA: rchar 4611 wchar 8843 syscr 51 syscw 27 read_bytes 0 write_bytes 294912
	Process OS info: (pid 556453 state R utime 1093 stime 0 cutime 0 cstime 0 CPU usage 98)
	CPU temperature (celsius): socket 0: 63 socket 1: 74[0m
EAR[556453](hratio_l30) at 2.60/1.47 in tcn366 MR[0] elapsed 9255 sec.: [32mLoop time: 1.107s DC Power: [35m504.1W[32m DRAM power: 0.00W PCK power: 423.54W
	avg. CPUFreq: 2.57GHz avg. IMCFreq: 1.47GHz
	CPI: 0.385 VPI: 0.00, Mem. bwidth: 0.13GB/s GFLOPS: 0.00 I/O: 0.01MB/s No MPI  
	TPI 0.02 Cache miss rates: L1 0.15GB/s L2 0.00GB/s L3 0.00GB/s
	Total MPI calls 3
	IO DATA: rchar 4611 wchar 8843 syscr 51 syscw 27 read_bytes 0 write_bytes 299008
	Process OS info: (pid 556453 state R utime 1092 stime 1 cutime 0 cstime 0 CPU usage 98)
	CPU temperature (celsius): socket 0: 63 socket 1: 74[0m
EAR[556453](hratio_l30) at 2.60/1.47 in tcn366 MR[0] elapsed 9266 sec.: [32mLoop time: 1.108s DC Power: [35m504.6W[32m DRAM power: 0.00W PCK power: 423.69W
	avg. CPUFreq: 2.57GHz avg. IMCFreq: 1.47GHz
	CPI: 0.385 VPI: 0.00, Mem. bwidth: 0.11GB/s GFLOPS: 0.00 I/O: 0.01MB/s No MPI  
	TPI 0.02 Cache miss rates: L1 0.15GB/s L2 0.00GB/s L3 0.00GB/s
	Total MPI calls 3
	IO DATA: rchar 4611 wchar 8843 syscr 51 syscw 27 read_bytes 0 write_bytes 299008
	Process OS info: (pid 556453 state R utime 1092 stime 1 cutime 0 cstime 0 CPU usage 98)
	CPU temperature (celsius): socket 0: 63 socket 1: 74[0m
EAR[556453](hratio_l30) at 2.60/1.47 in tcn366 MR[0] elapsed 9277 sec.: [32mLoop time: 1.107s DC Power: [35m504.8W[32m DRAM power: 0.00W PCK power: 423.67W
	avg. CPUFreq: 2.57GHz avg. IMCFreq: 1.47GHz
	CPI: 0.385 VPI: 0.00, Mem. bwidth: 0.11GB/s GFLOPS: 0.00 I/O: 0.01MB/s No MPI  
	TPI 0.02 Cache miss rates: L1 0.16GB/s L2 0.00GB/s L3 0.00GB/s
	Total MPI calls 3
	IO DATA: rchar 4611 wchar 8843 syscr 51 syscw 27 read_bytes 0 write_bytes 303104
	Process OS info: (pid 556453 state R utime 1092 stime 0 cutime 0 cstime 0 CPU usage 98)
	CPU temperature (celsius): socket 0: 62 socket 1: 74[0m
EAR[556453](hratio_l30) at 2.60/1.47 in tcn366 MR[0] elapsed 9288 sec.: [32mLoop time: 1.107s DC Power: [35m503.9W[32m DRAM power: 0.00W PCK power: 423.61W
	avg. CPUFreq: 2.57GHz avg. IMCFreq: 1.47GHz
	CPI: 0.385 VPI: 0.00, Mem. bwidth: 0.11GB/s GFLOPS: 0.00 I/O: 0.01MB/s No MPI  
	TPI 0.02 Cache miss rates: L1 0.17GB/s L2 0.00GB/s L3 0.00GB/s
	Total MPI calls 3
	IO DATA: rchar 4611 wchar 8843 syscr 51 syscw 27 read_bytes 0 write_bytes 303104
	Process OS info: (pid 556453 state R utime 1093 stime 1 cutime 0 cstime 0 CPU usage 98)
	CPU temperature (celsius): socket 0: 63 socket 1: 74[0m
EAR[556453](hratio_l30) at 2.60/1.47 in tcn366 MR[0] elapsed 9299 sec.: [32mLoop time: 1.108s DC Power: [35m402.6W[32m DRAM power: 0.00W PCK power: 423.61W
	avg. CPUFreq: 2.57GHz avg. IMCFreq: 1.47GHz
	CPI: 0.385 VPI: 0.00, Mem. bwidth: 0.11GB/s GFLOPS: 0.00 I/O: 0.01MB/s No MPI  
	TPI 0.02 Cache miss rates: L1 0.15GB/s L2 0.00GB/s L3 0.00GB/s
	Total MPI calls 3
	IO DATA: rchar 4611 wchar 8843 syscr 51 syscw 27 read_bytes 0 write_bytes 294912
	Process OS info: (pid 556453 state R utime 1093 stime 1 cutime 0 cstime 0 CPU usage 98)
	CPU temperature (celsius): socket 0: 62 socket 1: 74[0m
EAR[556453](hratio_l30) at 2.60/1.47 in tcn366 MR[0] elapsed 9310 sec.: [32mLoop time: 1.107s DC Power: [35m502.9W[32m DRAM power: 0.00W PCK power: 423.74W
	avg. CPUFreq: 2.57GHz avg. IMCFreq: 1.47GHz
	CPI: 0.385 VPI: 0.00, Mem. bwidth: 0.11GB/s GFLOPS: 0.00 I/O: 0.01MB/s No MPI  
	TPI 0.02 Cache miss rates: L1 0.16GB/s L2 0.00GB/s L3 0.00GB/s
	Total MPI calls 3
	IO DATA: rchar 4611 wchar 8843 syscr 51 syscw 27 read_bytes 0 write_bytes 294912
	Process OS info: (pid 556453 state R utime 1093 stime 0 cutime 0 cstime 0 CPU usage 98)
	CPU temperature (celsius): socket 0: 63 socket 1: 74[0m
EAR[556453](hratio_l30) at 2.60/1.47 in tcn366 MR[0] elapsed 9321 sec.: [32mLoop time: 1.108s DC Power: [35m502.5W[32m DRAM power: 0.00W PCK power: 423.64W
	avg. CPUFreq: 2.57GHz avg. IMCFreq: 1.47GHz
	CPI: 0.385 VPI: 0.00, Mem. bwidth: 0.11GB/s GFLOPS: 0.00 I/O: 0.01MB/s No MPI  
	TPI 0.02 Cache miss rates: L1 0.16GB/s L2 0.00GB/s L3 0.00GB/s
	Total MPI calls 3
	IO DATA: rchar 4611 wchar 8843 syscr 51 syscw 27 read_bytes 0 write_bytes 294912
	Process OS info: (pid 556453 state R utime 1093 stime 1 cutime 0 cstime 0 CPU usage 98)
	CPU temperature (celsius): socket 0: 62 socket 1: 74[0m
EAR[556453](hratio_l30) at 2.60/1.47 in tcn366 MR[0] elapsed 9333 sec.: [32mLoop time: 1.108s DC Power: [35m502.9W[32m DRAM power: 0.00W PCK power: 423.61W
	avg. CPUFreq: 2.57GHz avg. IMCFreq: 1.47GHz
	CPI: 0.385 VPI: 0.00, Mem. bwidth: 0.09GB/s GFLOPS: 0.00 I/O: 0.01MB/s No MPI  
	TPI 0.01 Cache miss rates: L1 0.16GB/s L2 0.00GB/s L3 0.00GB/s
	Total MPI calls 3
	IO DATA: rchar 4611 wchar 8843 syscr 51 syscw 27 read_bytes 0 write_bytes 294912
	Process OS info: (pid 556453 state R utime 1093 stime 1 cutime 0 cstime 0 CPU usage 98)
	CPU temperature (celsius): socket 0: 62 socket 1: 74[0m
EAR[556453](hratio_l30) at 2.60/1.47 in tcn366 MR[0] elapsed 9344 sec.: [32mLoop time: 1.107s DC Power: [35m452.8W[32m DRAM power: 0.00W PCK power: 423.67W
	avg. CPUFreq: 2.57GHz avg. IMCFreq: 1.47GHz
	CPI: 0.385 VPI: 0.00, Mem. bwidth: 0.12GB/s GFLOPS: 0.00 I/O: 0.01MB/s No MPI  
	TPI 0.02 Cache miss rates: L1 0.15GB/s L2 0.00GB/s L3 0.00GB/s
	Total MPI calls 3
	IO DATA: rchar 4611 wchar 8843 syscr 51 syscw 27 read_bytes 0 write_bytes 303104
	Process OS info: (pid 556453 state R utime 1092 stime 0 cutime 0 cstime 0 CPU usage 98)
	CPU temperature (celsius): socket 0: 62 socket 1: 74[0m
EAR[556453](hratio_l30) at 2.60/1.47 in tcn366 MR[0] elapsed 9355 sec.: [32mLoop time: 1.109s DC Power: [35m502.1W[32m DRAM power: 0.00W PCK power: 424.01W
	avg. CPUFreq: 2.57GHz avg. IMCFreq: 1.47GHz
	CPI: 0.384 VPI: 0.00, Mem. bwidth: 0.10GB/s GFLOPS: 0.00 I/O: 0.01MB/s No MPI  
	TPI 0.01 Cache miss rates: L1 0.17GB/s L2 0.00GB/s L3 0.00GB/s
	Total MPI calls 3
	IO DATA: rchar 4611 wchar 8843 syscr 51 syscw 27 read_bytes 0 write_bytes 430080
	Process OS info: (pid 556453 state R utime 1095 stime 1 cutime 0 cstime 0 CPU usage 98)
	CPU temperature (celsius): socket 0: 62 socket 1: 74[0m
EAR[556453](hratio_l30) at 2.60/1.47 in tcn366 MR[0] elapsed 9366 sec.: [32mLoop time: 1.107s DC Power: [35m452.6W[32m DRAM power: 0.00W PCK power: 423.95W
	avg. CPUFreq: 2.57GHz avg. IMCFreq: 1.47GHz
	CPI: 0.384 VPI: 0.00, Mem. bwidth: 0.10GB/s GFLOPS: 0.00 I/O: 0.01MB/s No MPI  
	TPI 0.01 Cache miss rates: L1 0.16GB/s L2 0.00GB/s L3 0.00GB/s
	Total MPI calls 3
	IO DATA: rchar 4611 wchar 8843 syscr 51 syscw 27 read_bytes 0 write_bytes 294912
	Process OS info: (pid 556453 state R utime 1093 stime 0 cutime 0 cstime 0 CPU usage 98)
	CPU temperature (celsius): socket 0: 63 socket 1: 74[0m
EAR[556453](hratio_l30) at 2.60/1.47 in tcn366 MR[0] elapsed 9377 sec.: [32mLoop time: 1.108s DC Power: [35m502.9W[32m DRAM power: 0.00W PCK power: 424.02W
	avg. CPUFreq: 2.57GHz avg. IMCFreq: 1.47GHz
	CPI: 0.384 VPI: 0.00, Mem. bwidth: 0.11GB/s GFLOPS: 0.00 I/O: 0.01MB/s No MPI  
	TPI 0.02 Cache miss rates: L1 0.15GB/s L2 0.00GB/s L3 0.00GB/s
	Total MPI calls 3
	IO DATA: rchar 4611 wchar 8843 syscr 51 syscw 27 read_bytes 0 write_bytes 294912
	Process OS info: (pid 556453 state R utime 1093 stime 1 cutime 0 cstime 0 CPU usage 98)
	CPU temperature (celsius): socket 0: 63 socket 1: 74[0m
EAR[556453](hratio_l30) at 2.60/1.47 in tcn366 MR[0] elapsed 9388 sec.: [32mLoop time: 1.108s DC Power: [35m452.9W[32m DRAM power: 0.00W PCK power: 424.40W
	avg. CPUFreq: 2.57GHz avg. IMCFreq: 1.47GHz
	CPI: 0.383 VPI: 0.00, Mem. bwidth: 0.11GB/s GFLOPS: 0.00 I/O: 0.01MB/s No MPI  
	TPI 0.02 Cache miss rates: L1 0.16GB/s L2 0.00GB/s L3 0.00GB/s
	Total MPI calls 3
	IO DATA: rchar 4611 wchar 8843 syscr 51 syscw 27 read_bytes 0 write_bytes 307200
	Process OS info: (pid 556453 state R utime 1093 stime 0 cutime 0 cstime 0 CPU usage 98)
	CPU temperature (celsius): socket 0: 62 socket 1: 74[0m
EAR[556453](hratio_l30) at 2.60/1.47 in tcn366 MR[0] elapsed 9399 sec.: [32mLoop time: 1.108s DC Power: [35m503.7W[32m DRAM power: 0.00W PCK power: 424.39W
	avg. CPUFreq: 2.57GHz avg. IMCFreq: 1.47GHz
	CPI: 0.383 VPI: 0.00, Mem. bwidth: 0.13GB/s GFLOPS: 0.00 I/O: 0.01MB/s No MPI  
	TPI 0.02 Cache miss rates: L1 0.17GB/s L2 0.00GB/s L3 0.00GB/s
	Total MPI calls 3
	IO DATA: rchar 4611 wchar 8843 syscr 51 syscw 27 read_bytes 0 write_bytes 303104
	Process OS info: (pid 556453 state R utime 1092 stime 1 cutime 0 cstime 0 CPU usage 98)
	CPU temperature (celsius): socket 0: 63 socket 1: 74[0m
EAR[556453](hratio_l30) at 2.60/1.47 in tcn366 MR[0] elapsed 9410 sec.: [32mLoop time: 1.108s DC Power: [35m503.6W[32m DRAM power: 0.00W PCK power: 424.37W
	avg. CPUFreq: 2.57GHz avg. IMCFreq: 1.47GHz
	CPI: 0.383 VPI: 0.00, Mem. bwidth: 0.09GB/s GFLOPS: 0.00 I/O: 0.01MB/s No MPI  
	TPI 0.01 Cache miss rates: L1 0.16GB/s L2 0.00GB/s L3 0.00GB/s
	Total MPI calls 3
	IO DATA: rchar 4611 wchar 8843 syscr 51 syscw 27 read_bytes 0 write_bytes 442368
	Process OS info: (pid 556453 state R utime 1094 stime 1 cutime 0 cstime 0 CPU usage 98)
	CPU temperature (celsius): socket 0: 63 socket 1: 74[0m
EAR[556453](hratio_l30) at 2.60/1.47 in tcn366 MR[0] elapsed 9421 sec.: [32mLoop time: 1.107s DC Power: [35m504.7W[32m DRAM power: 0.00W PCK power: 424.47W
	avg. CPUFreq: 2.57GHz avg. IMCFreq: 1.47GHz
	CPI: 0.383 VPI: 0.00, Mem. bwidth: 0.11GB/s GFLOPS: 0.00 I/O: 0.01MB/s No MPI  
	TPI 0.02 Cache miss rates: L1 0.16GB/s L2 0.00GB/s L3 0.00GB/s
	Total MPI calls 3
	IO DATA: rchar 4611 wchar 8843 syscr 51 syscw 27 read_bytes 0 write_bytes 294912
	Process OS info: (pid 556453 state R utime 1092 stime 0 cutime 0 cstime 0 CPU usage 98)
	CPU temperature (celsius): socket 0: 62 socket 1: 74[0m
EAR[556453](hratio_l30) at 2.60/1.47 in tcn366 MR[0] elapsed 9432 sec.: [32mLoop time: 1.108s DC Power: [35m454.5W[32m DRAM power: 0.00W PCK power: 424.55W
	avg. CPUFreq: 2.57GHz avg. IMCFreq: 1.47GHz
	CPI: 0.383 VPI: 0.00, Mem. bwidth: 0.11GB/s GFLOPS: 0.00 I/O: 0.01MB/s No MPI  
	TPI 0.02 Cache miss rates: L1 0.17GB/s L2 0.00GB/s L3 0.00GB/s
	Total MPI calls 3
	IO DATA: rchar 4611 wchar 8843 syscr 51 syscw 27 read_bytes 0 write_bytes 294912
	Process OS info: (pid 556453 state R utime 1094 stime 1 cutime 0 cstime 0 CPU usage 98)
	CPU temperature (celsius): socket 0: 63 socket 1: 74[0m
EAR[556453](hratio_l30) at 2.60/1.47 in tcn366 MR[0] elapsed 9443 sec.: [32mLoop time: 1.107s DC Power: [35m505.7W[32m DRAM power: 0.00W PCK power: 424.56W
	avg. CPUFreq: 2.57GHz avg. IMCFreq: 1.47GHz
	CPI: 0.383 VPI: 0.00, Mem. bwidth: 0.10GB/s GFLOPS: 0.00 I/O: 0.01MB/s No MPI  
	TPI 0.01 Cache miss rates: L1 0.16GB/s L2 0.00GB/s L3 0.00GB/s
	Total MPI calls 3
	IO DATA: rchar 4611 wchar 8843 syscr 51 syscw 27 read_bytes 0 write_bytes 294912
	Process OS info: (pid 556453 state R utime 1092 stime 0 cutime 0 cstime 0 CPU usage 98)
	CPU temperature (celsius): socket 0: 63 socket 1: 74[0m
EAR[556453](hratio_l30) at 2.60/1.47 in tcn366 MR[0] elapsed 9454 sec.: [32mLoop time: 1.108s DC Power: [35m505.1W[32m DRAM power: 0.00W PCK power: 424.50W
	avg. CPUFreq: 2.57GHz avg. IMCFreq: 1.47GHz
	CPI: 0.383 VPI: 0.00, Mem. bwidth: 0.11GB/s GFLOPS: 0.00 I/O: 0.01MB/s No MPI  
	TPI 0.02 Cache miss rates: L1 0.15GB/s L2 0.00GB/s L3 0.00GB/s
	Total MPI calls 3
	IO DATA: rchar 4611 wchar 8843 syscr 51 syscw 27 read_bytes 0 write_bytes 299008
	Process OS info: (pid 556453 state R utime 1094 stime 1 cutime 0 cstime 0 CPU usage 98)
	CPU temperature (celsius): socket 0: 63 socket 1: 74[0m
EAR[556453](hratio_l30) at 2.60/1.47 in tcn366 MR[0] elapsed 9465 sec.: [32mLoop time: 1.108s DC Power: [35m504.3W[32m DRAM power: 0.00W PCK power: 424.45W
	avg. CPUFreq: 2.57GHz avg. IMCFreq: 1.47GHz
	CPI: 0.383 VPI: 0.00, Mem. bwidth: 0.11GB/s GFLOPS: 0.00 I/O: 0.01MB/s No MPI  
	TPI 0.02 Cache miss rates: L1 0.16GB/s L2 0.00GB/s L3 0.00GB/s
	Total MPI calls 3
	IO DATA: rchar 4611 wchar 8843 syscr 51 syscw 27 read_bytes 0 write_bytes 299008
	Process OS info: (pid 556453 state R utime 1092 stime 1 cutime 0 cstime 0 CPU usage 98)
	CPU temperature (celsius): socket 0: 63 socket 1: 74[0m
EAR[556453](hratio_l30) at 2.60/1.47 in tcn366 MR[0] elapsed 9477 sec.: [32mLoop time: 1.107s DC Power: [35m453.5W[32m DRAM power: 0.00W PCK power: 424.87W
	avg. CPUFreq: 2.57GHz avg. IMCFreq: 1.47GHz
	CPI: 0.382 VPI: 0.00, Mem. bwidth: 0.10GB/s GFLOPS: 0.00 I/O: 0.01MB/s No MPI  
	TPI 0.01 Cache miss rates: L1 0.17GB/s L2 0.00GB/s L3 0.00GB/s
	Total MPI calls 3
	IO DATA: rchar 4611 wchar 8843 syscr 51 syscw 27 read_bytes 0 write_bytes 299008
	Process OS info: (pid 556453 state R utime 1093 stime 1 cutime 0 cstime 0 CPU usage 98)
	CPU temperature (celsius): socket 0: 63 socket 1: 74[0m
EAR[556453](hratio_l30) at 2.60/1.47 in tcn366 MR[0] elapsed 9488 sec.: [32mLoop time: 1.108s DC Power: [35m453.3W[32m DRAM power: 0.00W PCK power: 425.18W
	avg. CPUFreq: 2.57GHz avg. IMCFreq: 1.47GHz
	CPI: 0.381 VPI: 0.00, Mem. bwidth: 0.13GB/s GFLOPS: 0.00 I/O: 0.01MB/s No MPI  
	TPI 0.02 Cache miss rates: L1 0.17GB/s L2 0.00GB/s L3 0.00GB/s
	Total MPI calls 3
	IO DATA: rchar 4611 wchar 8843 syscr 51 syscw 27 read_bytes 0 write_bytes 294912
	Process OS info: (pid 556453 state R utime 1092 stime 0 cutime 0 cstime 0 CPU usage 98)
	CPU temperature (celsius): socket 0: 63 socket 1: 74[0m
EAR[556453](hratio_l30) at 2.60/1.47 in tcn366 MR[0] elapsed 9499 sec.: [32mLoop time: 1.108s DC Power: [35m503.7W[32m DRAM power: 0.00W PCK power: 425.32W
	avg. CPUFreq: 2.57GHz avg. IMCFreq: 1.47GHz
	CPI: 0.382 VPI: 0.00, Mem. bwidth: 0.11GB/s GFLOPS: 0.00 I/O: 0.01MB/s No MPI  
	TPI 0.02 Cache miss rates: L1 0.18GB/s L2 0.00GB/s L3 0.00GB/s
	Total MPI calls 3
	IO DATA: rchar 4611 wchar 8843 syscr 51 syscw 27 read_bytes 0 write_bytes 294912
	Process OS info: (pid 556453 state R utime 1087 stime 1 cutime 0 cstime 0 CPU usage 98)
	CPU temperature (celsius): socket 0: 63 socket 1: 74[0m
EAR[556453](hratio_l30) at 2.60/1.47 in tcn366 MR[0] elapsed 9510 sec.: [32mLoop time: 1.107s DC Power: [35m504.2W[32m DRAM power: 0.00W PCK power: 425.28W
	avg. CPUFreq: 2.57GHz avg. IMCFreq: 1.47GHz
	CPI: 0.381 VPI: 0.00, Mem. bwidth: 0.11GB/s GFLOPS: 0.00 I/O: 0.01MB/s No MPI  
	TPI 0.02 Cache miss rates: L1 0.15GB/s L2 0.00GB/s L3 0.00GB/s
	Total MPI calls 3
	IO DATA: rchar 4611 wchar 8843 syscr 51 syscw 27 read_bytes 0 write_bytes 294912
	Process OS info: (pid 556453 state R utime 1092 stime 1 cutime 0 cstime 0 CPU usage 98)
	CPU temperature (celsius): socket 0: 63 socket 1: 74[0m
EAR[556453](hratio_l30) at 2.60/1.47 in tcn366 MR[0] elapsed 9521 sec.: [32mLoop time: 1.108s DC Power: [35m454.2W[32m DRAM power: 0.00W PCK power: 425.31W
	avg. CPUFreq: 2.57GHz avg. IMCFreq: 1.47GHz
	CPI: 0.381 VPI: 0.00, Mem. bwidth: 0.12GB/s GFLOPS: 0.00 I/O: 0.01MB/s No MPI  
	TPI 0.02 Cache miss rates: L1 0.16GB/s L2 0.00GB/s L3 0.00GB/s
	Total MPI calls 3
	IO DATA: rchar 4611 wchar 8843 syscr 51 syscw 27 read_bytes 0 write_bytes 339968
	Process OS info: (pid 556453 state R utime 1093 stime 0 cutime 0 cstime 0 CPU usage 98)
	CPU temperature (celsius): socket 0: 63 socket 1: 74[0m
EAR[556453](hratio_l30) at 2.60/1.47 in tcn366 MR[0] elapsed 9532 sec.: [32mLoop time: 1.108s DC Power: [35m504.7W[32m DRAM power: 0.00W PCK power: 425.33W
	avg. CPUFreq: 2.57GHz avg. IMCFreq: 1.47GHz
	CPI: 0.381 VPI: 0.00, Mem. bwidth: 0.10GB/s GFLOPS: 0.00 I/O: 0.01MB/s No MPI  
	TPI 0.01 Cache miss rates: L1 0.16GB/s L2 0.00GB/s L3 0.00GB/s
	Total MPI calls 3
	IO DATA: rchar 4611 wchar 8843 syscr 51 syscw 27 read_bytes 0 write_bytes 299008
	Process OS info: (pid 556453 state R utime 1093 stime 1 cutime 0 cstime 0 CPU usage 98)
	CPU temperature (celsius): socket 0: 63 socket 1: 74[0m
EAR[556453](hratio_l30) at 2.60/1.47 in tcn366 MR[0] elapsed 9543 sec.: [32mLoop time: 1.107s DC Power: [35m454.3W[32m DRAM power: 0.00W PCK power: 425.27W
	avg. CPUFreq: 2.57GHz avg. IMCFreq: 1.47GHz
	CPI: 0.382 VPI: 0.00, Mem. bwidth: 0.10GB/s GFLOPS: 0.00 I/O: 0.01MB/s No MPI  
	TPI 0.01 Cache miss rates: L1 0.16GB/s L2 0.00GB/s L3 0.00GB/s
	Total MPI calls 3
	IO DATA: rchar 4611 wchar 8843 syscr 51 syscw 27 read_bytes 0 write_bytes 294912
	Process OS info: (pid 556453 state R utime 1093 stime 0 cutime 0 cstime 0 CPU usage 98)
	CPU temperature (celsius): socket 0: 63 socket 1: 74[0m
EAR[556453](hratio_l30) at 2.60/1.47 in tcn366 MR[0] elapsed 9554 sec.: [32mLoop time: 1.108s DC Power: [35m504.5W[32m DRAM power: 0.00W PCK power: 425.47W
	avg. CPUFreq: 2.57GHz avg. IMCFreq: 1.47GHz
	CPI: 0.381 VPI: 0.00, Mem. bwidth: 0.13GB/s GFLOPS: 0.00 I/O: 0.01MB/s No MPI  
	TPI 0.02 Cache miss rates: L1 0.16GB/s L2 0.00GB/s L3 0.00GB/s
	Total MPI calls 3
	IO DATA: rchar 4611 wchar 8843 syscr 51 syscw 27 read_bytes 0 write_bytes 290816
	Process OS info: (pid 556453 state R utime 1093 stime 1 cutime 0 cstime 0 CPU usage 98)
	CPU temperature (celsius): socket 0: 63 socket 1: 74[0m
EAR[556453](hratio_l30) at 2.60/1.47 in tcn366 MR[0] elapsed 9565 sec.: [32mLoop time: 1.108s DC Power: [35m454.1W[32m DRAM power: 0.00W PCK power: 425.64W
	avg. CPUFreq: 2.57GHz avg. IMCFreq: 1.47GHz
	CPI: 0.380 VPI: 0.00, Mem. bwidth: 0.10GB/s GFLOPS: 0.00 I/O: 0.01MB/s No MPI  
	TPI 0.02 Cache miss rates: L1 0.15GB/s L2 0.00GB/s L3 0.00GB/s
	Total MPI calls 3
	IO DATA: rchar 4611 wchar 8843 syscr 51 syscw 27 read_bytes 0 write_bytes 299008
	Process OS info: (pid 556453 state R utime 1093 stime 1 cutime 0 cstime 0 CPU usage 98)
	CPU temperature (celsius): socket 0: 63 socket 1: 74[0m
EAR[556453](hratio_l30) at 2.60/1.47 in tcn366 MR[0] elapsed 9576 sec.: [32mLoop time: 1.108s DC Power: [35m504.7W[32m DRAM power: 0.00W PCK power: 425.61W
	avg. CPUFreq: 2.57GHz avg. IMCFreq: 1.47GHz
	CPI: 0.381 VPI: 0.00, Mem. bwidth: 0.11GB/s GFLOPS: 0.00 I/O: 0.01MB/s No MPI  
	TPI 0.02 Cache miss rates: L1 0.16GB/s L2 0.00GB/s L3 0.00GB/s
	Total MPI calls 3
	IO DATA: rchar 4611 wchar 8843 syscr 51 syscw 27 read_bytes 0 write_bytes 303104
	Process OS info: (pid 556453 state R utime 1091 stime 1 cutime 0 cstime 0 CPU usage 98)
	CPU temperature (celsius): socket 0: 63 socket 1: 74[0m
EAR[556453](hratio_l30) at 2.60/1.47 in tcn366 MR[0] elapsed 9587 sec.: [32mLoop time: 1.107s DC Power: [35m505.2W[32m DRAM power: 0.00W PCK power: 425.76W
	avg. CPUFreq: 2.57GHz avg. IMCFreq: 1.47GHz
	CPI: 0.380 VPI: 0.00, Mem. bwidth: 0.12GB/s GFLOPS: 0.00 I/O: 0.01MB/s No MPI  
	TPI 0.02 Cache miss rates: L1 0.16GB/s L2 0.00GB/s L3 0.00GB/s
	Total MPI calls 3
	IO DATA: rchar 4611 wchar 8843 syscr 51 syscw 27 read_bytes 0 write_bytes 327680
	Process OS info: (pid 556453 state R utime 1093 stime 0 cutime 0 cstime 0 CPU usage 98)
	CPU temperature (celsius): socket 0: 63 socket 1: 74[0m
EAR[556453](hratio_l30) at 2.60/1.47 in tcn366 MR[0] elapsed 9598 sec.: [32mLoop time: 1.108s DC Power: [35m505.5W[32m DRAM power: 0.00W PCK power: 425.67W
	avg. CPUFreq: 2.57GHz avg. IMCFreq: 1.47GHz
	CPI: 0.380 VPI: 0.00, Mem. bwidth: 0.12GB/s GFLOPS: 0.00 I/O: 0.01MB/s No MPI  
	TPI 0.02 Cache miss rates: L1 0.15GB/s L2 0.00GB/s L3 0.00GB/s
	Total MPI calls 3
	IO DATA: rchar 4611 wchar 8843 syscr 51 syscw 27 read_bytes 0 write_bytes 294912
	Process OS info: (pid 556453 state R utime 1093 stime 1 cutime 0 cstime 0 CPU usage 98)
	CPU temperature (celsius): socket 0: 63 socket 1: 74[0m
EAR[556453](hratio_l30) at 2.60/1.47 in tcn366 MR[0] elapsed 9609 sec.: [32mLoop time: 1.107s DC Power: [35m455.9W[32m DRAM power: 0.00W PCK power: 425.61W
	avg. CPUFreq: 2.57GHz avg. IMCFreq: 1.47GHz
	CPI: 0.381 VPI: 0.00, Mem. bwidth: 0.12GB/s GFLOPS: 0.00 I/O: 0.01MB/s No MPI  
	TPI 0.02 Cache miss rates: L1 0.15GB/s L2 0.00GB/s L3 0.00GB/s
	Total MPI calls 3
	IO DATA: rchar 4611 wchar 8843 syscr 51 syscw 27 read_bytes 0 write_bytes 294912
	Process OS info: (pid 556453 state R utime 1092 stime 0 cutime 0 cstime 0 CPU usage 98)
	CPU temperature (celsius): socket 0: 63 socket 1: 74[0m
EAR[556453](hratio_l30) at 2.60/1.47 in tcn366 MR[0] elapsed 9621 sec.: [32mLoop time: 1.108s DC Power: [35m506.5W[32m DRAM power: 0.00W PCK power: 425.72W
	avg. CPUFreq: 2.57GHz avg. IMCFreq: 1.47GHz
	CPI: 0.380 VPI: 0.00, Mem. bwidth: 0.10GB/s GFLOPS: 0.00 I/O: 0.01MB/s No MPI  
	TPI 0.01 Cache miss rates: L1 0.15GB/s L2 0.00GB/s L3 0.00GB/s
	Total MPI calls 3
	IO DATA: rchar 4611 wchar 8843 syscr 51 syscw 27 read_bytes 0 write_bytes 294912
	Process OS info: (pid 556453 state R utime 1093 stime 1 cutime 0 cstime 0 CPU usage 98)
	CPU temperature (celsius): socket 0: 63 socket 1: 74[0m
EAR[556453](hratio_l30) at 2.60/1.47 in tcn366 MR[0] elapsed 9632 sec.: [32mLoop time: 1.108s DC Power: [35m506.0W[32m DRAM power: 0.00W PCK power: 425.56W
	avg. CPUFreq: 2.57GHz avg. IMCFreq: 1.47GHz
	CPI: 0.380 VPI: 0.00, Mem. bwidth: 0.11GB/s GFLOPS: 0.00 I/O: 0.01MB/s No MPI  
	TPI 0.02 Cache miss rates: L1 0.16GB/s L2 0.00GB/s L3 0.00GB/s
	Total MPI calls 3
	IO DATA: rchar 4611 wchar 8843 syscr 51 syscw 27 read_bytes 0 write_bytes 294912
	Process OS info: (pid 556453 state R utime 1093 stime 1 cutime 0 cstime 0 CPU usage 98)
	CPU temperature (celsius): socket 0: 63 socket 1: 74[0m
EAR[556453](hratio_l30) at 2.60/1.47 in tcn366 MR[0] elapsed 9643 sec.: [32mLoop time: 1.108s DC Power: [35m505.2W[32m DRAM power: 0.00W PCK power: 425.49W
	avg. CPUFreq: 2.57GHz avg. IMCFreq: 1.47GHz
	CPI: 0.381 VPI: 0.00, Mem. bwidth: 0.14GB/s GFLOPS: 0.00 I/O: 0.01MB/s No MPI  
	TPI 0.02 Cache miss rates: L1 0.16GB/s L2 0.00GB/s L3 0.00GB/s
	Total MPI calls 3
	IO DATA: rchar 4611 wchar 8843 syscr 51 syscw 27 read_bytes 0 write_bytes 290816
	Process OS info: (pid 556453 state R utime 1092 stime 1 cutime 0 cstime 0 CPU usage 98)
	CPU temperature (celsius): socket 0: 63 socket 1: 74[0m
EAR[556453](hratio_l30) at 2.60/1.47 in tcn366 MR[0] elapsed 9654 sec.: [32mLoop time: 1.108s DC Power: [35m454.2W[32m DRAM power: 0.00W PCK power: 425.55W
	avg. CPUFreq: 2.57GHz avg. IMCFreq: 1.47GHz
	CPI: 0.380 VPI: 0.00, Mem. bwidth: 0.12GB/s GFLOPS: 0.00 I/O: 0.01MB/s No MPI  
	TPI 0.02 Cache miss rates: L1 0.15GB/s L2 0.00GB/s L3 0.00GB/s
	Total MPI calls 3
	IO DATA: rchar 4611 wchar 8843 syscr 51 syscw 27 read_bytes 0 write_bytes 372736
	Process OS info: (pid 556453 state R utime 1093 stime 0 cutime 0 cstime 0 CPU usage 98)
	CPU temperature (celsius): socket 0: 63 socket 1: 74[0m
EAR[556453](hratio_l30) at 2.60/1.47 in tcn366 MR[0] elapsed 9665 sec.: [32mLoop time: 1.108s DC Power: [35m454.2W[32m DRAM power: 0.00W PCK power: 425.58W
	avg. CPUFreq: 2.57GHz avg. IMCFreq: 1.47GHz
	CPI: 0.380 VPI: 0.00, Mem. bwidth: 0.10GB/s GFLOPS: 0.00 I/O: 0.01MB/s No MPI  
	TPI 0.01 Cache miss rates: L1 0.15GB/s L2 0.00GB/s L3 0.00GB/s
	Total MPI calls 3
	IO DATA: rchar 4611 wchar 8843 syscr 51 syscw 27 read_bytes 0 write_bytes 294912
	Process OS info: (pid 556453 state R utime 1092 stime 1 cutime 0 cstime 0 CPU usage 98)
	CPU temperature (celsius): socket 0: 63 socket 1: 74[0m
EAR[556453](hratio_l30) at 2.60/1.47 in tcn366 MR[0] elapsed 9676 sec.: [32mLoop time: 1.107s DC Power: [35m504.7W[32m DRAM power: 0.00W PCK power: 425.54W
	avg. CPUFreq: 2.57GHz avg. IMCFreq: 1.47GHz
	CPI: 0.380 VPI: 0.00, Mem. bwidth: 0.12GB/s GFLOPS: 0.00 I/O: 0.01MB/s No MPI  
	TPI 0.02 Cache miss rates: L1 0.15GB/s L2 0.00GB/s L3 0.00GB/s
	Total MPI calls 3
	IO DATA: rchar 4611 wchar 8843 syscr 51 syscw 27 read_bytes 0 write_bytes 294912
	Process OS info: (pid 556453 state R utime 1092 stime 0 cutime 0 cstime 0 CPU usage 98)
	CPU temperature (celsius): socket 0: 63 socket 1: 74[0m
EAR[556453](hratio_l30) at 2.60/1.47 in tcn366 MR[0] elapsed 9687 sec.: [32mLoop time: 1.108s DC Power: [35m504.7W[32m DRAM power: 0.00W PCK power: 425.60W
	avg. CPUFreq: 2.57GHz avg. IMCFreq: 1.47GHz
	CPI: 0.380 VPI: 0.00, Mem. bwidth: 0.12GB/s GFLOPS: 0.00 I/O: 0.01MB/s No MPI  
	TPI 0.02 Cache miss rates: L1 0.17GB/s L2 0.00GB/s L3 0.00GB/s
	Total MPI calls 3
	IO DATA: rchar 4611 wchar 8843 syscr 51 syscw 27 read_bytes 0 write_bytes 294912
	Process OS info: (pid 556453 state R utime 1093 stime 1 cutime 0 cstime 0 CPU usage 98)
	CPU temperature (celsius): socket 0: 63 socket 1: 74[0m
EAR[556453](hratio_l30) at 2.60/1.47 in tcn366 MR[0] elapsed 9698 sec.: [32mLoop time: 1.108s DC Power: [35m454.2W[32m DRAM power: 0.00W PCK power: 425.74W
	avg. CPUFreq: 2.57GHz avg. IMCFreq: 1.47GHz
	CPI: 0.380 VPI: 0.00, Mem. bwidth: 0.13GB/s GFLOPS: 0.00 I/O: 0.01MB/s No MPI  
	TPI 0.02 Cache miss rates: L1 0.20GB/s L2 0.00GB/s L3 0.00GB/s
	Total MPI calls 3
	IO DATA: rchar 4611 wchar 8843 syscr 51 syscw 27 read_bytes 0 write_bytes 303104
	Process OS info: (pid 556453 state R utime 1091 stime 1 cutime 0 cstime 0 CPU usage 98)
	CPU temperature (celsius): socket 0: 63 socket 1: 74[0m
EAR[556453](hratio_l30) at 2.60/1.47 in tcn366 MR[0] elapsed 9709 sec.: [32mLoop time: 1.108s DC Power: [35m504.7W[32m DRAM power: 0.00W PCK power: 425.86W
	avg. CPUFreq: 2.57GHz avg. IMCFreq: 1.47GHz
	CPI: 0.380 VPI: 0.00, Mem. bwidth: 0.10GB/s GFLOPS: 0.00 I/O: 0.01MB/s No MPI  
	TPI 0.02 Cache miss rates: L1 0.20GB/s L2 0.00GB/s L3 0.00GB/s
	Total MPI calls 3
	IO DATA: rchar 4611 wchar 8843 syscr 51 syscw 27 read_bytes 0 write_bytes 294912
	Process OS info: (pid 556453 state R utime 1092 stime 0 cutime 0 cstime 0 CPU usage 98)
	CPU temperature (celsius): socket 0: 63 socket 1: 74[0m
EAR[556453](hratio_l30) at 2.60/1.47 in tcn366 MR[0] elapsed 9720 sec.: [32mLoop time: 1.108s DC Power: [35m453.9W[32m DRAM power: 0.00W PCK power: 425.89W
	avg. CPUFreq: 2.57GHz avg. IMCFreq: 1.47GHz
	CPI: 0.380 VPI: 0.00, Mem. bwidth: 0.12GB/s GFLOPS: 0.00 I/O: 0.01MB/s No MPI  
	TPI 0.02 Cache miss rates: L1 0.21GB/s L2 0.00GB/s L3 0.00GB/s
	Total MPI calls 3
	IO DATA: rchar 4611 wchar 8843 syscr 51 syscw 27 read_bytes 0 write_bytes 393216
	Process OS info: (pid 556453 state R utime 1092 stime 1 cutime 0 cstime 0 CPU usage 98)
	CPU temperature (celsius): socket 0: 63 socket 1: 74[0m
EAR[556453](hratio_l30) at 2.60/1.47 in tcn366 MR[0] elapsed 9731 sec.: [32mLoop time: 1.108s DC Power: [35m504.7W[32m DRAM power: 0.00W PCK power: 426.23W
	avg. CPUFreq: 2.57GHz avg. IMCFreq: 1.47GHz
	CPI: 0.379 VPI: 0.00, Mem. bwidth: 0.16GB/s GFLOPS: 0.00 I/O: 0.01MB/s No MPI  
	TPI 0.02 Cache miss rates: L1 0.21GB/s L2 0.00GB/s L3 0.00GB/s
	Total MPI calls 3
	IO DATA: rchar 4611 wchar 8843 syscr 51 syscw 27 read_bytes 0 write_bytes 294912
	Process OS info: (pid 556453 state R utime 1091 stime 1 cutime 0 cstime 0 CPU usage 98)
	CPU temperature (celsius): socket 0: 63 socket 1: 74[0m
EAR[556453](hratio_l30) at 2.60/1.47 in tcn366 MR[0] elapsed 9742 sec.: [32mLoop time: 1.107s DC Power: [35m454.7W[32m DRAM power: 0.00W PCK power: 426.39W
	avg. CPUFreq: 2.57GHz avg. IMCFreq: 1.47GHz
	CPI: 0.379 VPI: 0.00, Mem. bwidth: 0.11GB/s GFLOPS: 0.00 I/O: 0.01MB/s No MPI  
	TPI 0.02 Cache miss rates: L1 0.21GB/s L2 0.00GB/s L3 0.00GB/s
	Total MPI calls 3
	IO DATA: rchar 4611 wchar 8843 syscr 51 syscw 27 read_bytes 0 write_bytes 294912
	Process OS info: (pid 556453 state R utime 1092 stime 0 cutime 0 cstime 0 CPU usage 98)
	CPU temperature (celsius): socket 0: 63 socket 1: 74[0m
EAR[556453](hratio_l30) at 2.60/1.47 in tcn366 MR[0] elapsed 9753 sec.: [32mLoop time: 1.108s DC Power: [35m505.6W[32m DRAM power: 0.00W PCK power: 426.47W
	avg. CPUFreq: 2.57GHz avg. IMCFreq: 1.47GHz
	CPI: 0.379 VPI: 0.00, Mem. bwidth: 0.11GB/s GFLOPS: 0.00 I/O: 0.01MB/s No MPI  
	TPI 0.02 Cache miss rates: L1 0.21GB/s L2 0.00GB/s L3 0.00GB/s
	Total MPI calls 3
	IO DATA: rchar 4611 wchar 8843 syscr 51 syscw 27 read_bytes 0 write_bytes 294912
	Process OS info: (pid 556453 state R utime 1091 stime 1 cutime 0 cstime 0 CPU usage 98)
	CPU temperature (celsius): socket 0: 63 socket 1: 74[0m
EAR[556453](hratio_l30) at 2.60/1.47 in tcn366 MR[0] elapsed 9765 sec.: [32mLoop time: 1.108s DC Power: [35m506.1W[32m DRAM power: 0.00W PCK power: 426.45W
	avg. CPUFreq: 2.57GHz avg. IMCFreq: 1.47GHz
	CPI: 0.379 VPI: 0.00, Mem. bwidth: 0.12GB/s GFLOPS: 0.00 I/O: 0.01MB/s No MPI  
	TPI 0.02 Cache miss rates: L1 0.21GB/s L2 0.00GB/s L3 0.00GB/s
	Total MPI calls 3
	IO DATA: rchar 4611 wchar 8843 syscr 51 syscw 27 read_bytes 0 write_bytes 294912
	Process OS info: (pid 556453 state R utime 1092 stime 1 cutime 0 cstime 0 CPU usage 98)
	CPU temperature (celsius): socket 0: 63 socket 1: 74[0m
EAR[556453](hratio_l30) at 2.60/1.47 in tcn366 MR[0] elapsed 9776 sec.: [32mLoop time: 1.108s DC Power: [35m507.2W[32m DRAM power: 0.00W PCK power: 426.42W
	avg. CPUFreq: 2.57GHz avg. IMCFreq: 1.47GHz
	CPI: 0.379 VPI: 0.00, Mem. bwidth: 0.11GB/s GFLOPS: 0.00 I/O: 0.01MB/s No MPI  
	TPI 0.02 Cache miss rates: L1 0.21GB/s L2 0.00GB/s L3 0.00GB/s
	Total MPI calls 3
	IO DATA: rchar 4611 wchar 8843 syscr 51 syscw 27 read_bytes 0 write_bytes 299008
	Process OS info: (pid 556453 state R utime 1091 stime 0 cutime 0 cstime 0 CPU usage 98)
	CPU temperature (celsius): socket 0: 63 socket 1: 74[0m
EAR[556453](hratio_l30) at 2.60/1.47 in tcn366 MR[0] elapsed 9787 sec.: [32mLoop time: 1.108s DC Power: [35m456.5W[32m DRAM power: 0.00W PCK power: 426.52W
	avg. CPUFreq: 2.57GHz avg. IMCFreq: 1.47GHz
	CPI: 0.379 VPI: 0.00, Mem. bwidth: 0.10GB/s GFLOPS: 0.00 I/O: 0.01MB/s No MPI  
	TPI 0.01 Cache miss rates: L1 0.19GB/s L2 0.00GB/s L3 0.00GB/s
	Total MPI calls 3
	IO DATA: rchar 4611 wchar 8843 syscr 51 syscw 27 read_bytes 0 write_bytes 372736
	Process OS info: (pid 556453 state R utime 1092 stime 1 cutime 0 cstime 0 CPU usage 98)
	CPU temperature (celsius): socket 0: 63 socket 1: 74[0m
EAR[556453](hratio_l30) at 2.60/1.47 in tcn366 MR[0] elapsed 9798 sec.: [32mLoop time: 1.108s DC Power: [35m507.1W[32m DRAM power: 0.00W PCK power: 426.48W
	avg. CPUFreq: 2.57GHz avg. IMCFreq: 1.47GHz
	CPI: 0.379 VPI: 0.00, Mem. bwidth: 0.12GB/s GFLOPS: 0.00 I/O: 0.01MB/s No MPI  
	TPI 0.02 Cache miss rates: L1 0.20GB/s L2 0.00GB/s L3 0.00GB/s
	Total MPI calls 3
	IO DATA: rchar 4611 wchar 8843 syscr 51 syscw 27 read_bytes 0 write_bytes 294912
	Process OS info: (pid 556453 state R utime 1092 stime 1 cutime 0 cstime 0 CPU usage 98)
	CPU temperature (celsius): socket 0: 63 socket 1: 74[0m
EAR[556453](hratio_l30) at 2.60/1.47 in tcn366 MR[0] elapsed 9809 sec.: [32mLoop time: 1.108s DC Power: [35m506.4W[32m DRAM power: 0.00W PCK power: 426.65W
	avg. CPUFreq: 2.57GHz avg. IMCFreq: 1.47GHz
	CPI: 0.379 VPI: 0.00, Mem. bwidth: 0.11GB/s GFLOPS: 0.00 I/O: 0.01MB/s No MPI  
	TPI 0.02 Cache miss rates: L1 0.22GB/s L2 0.00GB/s L3 0.00GB/s
	Total MPI calls 3
	IO DATA: rchar 4611 wchar 8843 syscr 51 syscw 27 read_bytes 0 write_bytes 294912
	Process OS info: (pid 556453 state R utime 1091 stime 1 cutime 0 cstime 0 CPU usage 98)
	CPU temperature (celsius): socket 0: 63 socket 1: 74[0m
EAR[556453](hratio_l30) at 2.60/1.47 in tcn366 MR[0] elapsed 9820 sec.: [32mLoop time: 1.108s DC Power: [35m505.6W[32m DRAM power: 0.00W PCK power: 426.46W
	avg. CPUFreq: 2.57GHz avg. IMCFreq: 1.47GHz
	CPI: 0.379 VPI: 0.00, Mem. bwidth: 0.14GB/s GFLOPS: 0.00 I/O: 0.01MB/s No MPI  
	TPI 0.02 Cache miss rates: L1 0.21GB/s L2 0.00GB/s L3 0.00GB/s
	Total MPI calls 3
	IO DATA: rchar 4611 wchar 8843 syscr 51 syscw 27 read_bytes 0 write_bytes 299008
	Process OS info: (pid 556453 state R utime 1092 stime 0 cutime 0 cstime 0 CPU usage 98)
	CPU temperature (celsius): socket 0: 63 socket 1: 74[0m
EAR[556453](hratio_l30) at 2.60/1.47 in tcn366 MR[0] elapsed 9831 sec.: [32mLoop time: 1.108s DC Power: [35m455.0W[32m DRAM power: 0.00W PCK power: 426.50W
	avg. CPUFreq: 2.57GHz avg. IMCFreq: 1.47GHz
	CPI: 0.379 VPI: 0.00, Mem. bwidth: 0.10GB/s GFLOPS: 0.00 I/O: 0.01MB/s No MPI  
	TPI 0.01 Cache miss rates: L1 0.22GB/s L2 0.00GB/s L3 0.00GB/s
	Total MPI calls 3
	IO DATA: rchar 4611 wchar 8843 syscr 51 syscw 27 read_bytes 0 write_bytes 303104
	Process OS info: (pid 556453 state R utime 1092 stime 1 cutime 0 cstime 0 CPU usage 98)
	CPU temperature (celsius): socket 0: 63 socket 1: 74[0m
EAR[556453](hratio_l30) at 2.60/1.47 in tcn366 MR[0] elapsed 9842 sec.: [32mLoop time: 1.108s DC Power: [35m455.0W[32m DRAM power: 0.00W PCK power: 426.42W
	avg. CPUFreq: 2.57GHz avg. IMCFreq: 1.47GHz
	CPI: 0.379 VPI: 0.00, Mem. bwidth: 0.11GB/s GFLOPS: 0.00 I/O: 0.01MB/s No MPI  
	TPI 0.02 Cache miss rates: L1 0.20GB/s L2 0.00GB/s L3 0.00GB/s
	Total MPI calls 3
	IO DATA: rchar 4611 wchar 8843 syscr 51 syscw 27 read_bytes 0 write_bytes 294912
	Process OS info: (pid 556453 state R utime 1092 stime 1 cutime 0 cstime 0 CPU usage 98)
	CPU temperature (celsius): socket 0: 63 socket 1: 74[0m
EAR[556453](hratio_l30) at 2.60/1.47 in tcn366 MR[0] elapsed 9853 sec.: [32mLoop time: 1.107s DC Power: [35m505.7W[32m DRAM power: 0.00W PCK power: 426.54W
	avg. CPUFreq: 2.57GHz avg. IMCFreq: 1.47GHz
	CPI: 0.379 VPI: 0.00, Mem. bwidth: 0.12GB/s GFLOPS: 0.00 I/O: 0.01MB/s No MPI  
	TPI 0.02 Cache miss rates: L1 0.19GB/s L2 0.00GB/s L3 0.00GB/s
	Total MPI calls 3
	IO DATA: rchar 4611 wchar 8843 syscr 51 syscw 27 read_bytes 0 write_bytes 294912
	Process OS info: (pid 556453 state R utime 1091 stime 1 cutime 0 cstime 0 CPU usage 98)
	CPU temperature (celsius): socket 0: 63 socket 1: 74[0m
EAR[556453](hratio_l30) at 2.60/1.47 in tcn366 MR[0] elapsed 9864 sec.: [32mLoop time: 1.107s DC Power: [35m505.6W[32m DRAM power: 0.00W PCK power: 426.71W
	avg. CPUFreq: 2.57GHz avg. IMCFreq: 1.47GHz
	CPI: 0.379 VPI: 0.00, Mem. bwidth: 0.10GB/s GFLOPS: 0.00 I/O: 0.01MB/s No MPI  
	TPI 0.01 Cache miss rates: L1 0.19GB/s L2 0.00GB/s L3 0.00GB/s
	Total MPI calls 3
	IO DATA: rchar 4611 wchar 8843 syscr 51 syscw 27 read_bytes 0 write_bytes 299008
	Process OS info: (pid 556453 state R utime 1091 stime 0 cutime 0 cstime 0 CPU usage 98)
	CPU temperature (celsius): socket 0: 63 socket 1: 74[0m
EAR[556453](hratio_l30) at 2.60/1.47 in tcn366 MR[0] elapsed 9875 sec.: [32mLoop time: 1.107s DC Power: [35m455.1W[32m DRAM power: 0.00W PCK power: 426.39W
	avg. CPUFreq: 2.57GHz avg. IMCFreq: 1.47GHz
	CPI: 0.379 VPI: 0.00, Mem. bwidth: 0.11GB/s GFLOPS: 0.00 I/O: 0.01MB/s No MPI  
	TPI 0.02 Cache miss rates: L1 0.19GB/s L2 0.00GB/s L3 0.00GB/s
	Total MPI calls 3
	IO DATA: rchar 4611 wchar 8843 syscr 51 syscw 27 read_bytes 0 write_bytes 303104
	Process OS info: (pid 556453 state R utime 1092 stime 1 cutime 0 cstime 0 CPU usage 98)
	CPU temperature (celsius): socket 0: 63 socket 1: 74[0m
EAR[556453](hratio_l30) at 2.60/1.47 in tcn366 MR[0] elapsed 9886 sec.: [32mLoop time: 1.107s DC Power: [35m505.6W[32m DRAM power: 0.00W PCK power: 426.46W
	avg. CPUFreq: 2.57GHz avg. IMCFreq: 1.47GHz
	CPI: 0.379 VPI: 0.00, Mem. bwidth: 0.12GB/s GFLOPS: 0.00 I/O: 0.01MB/s No MPI  
	TPI 0.02 Cache miss rates: L1 0.19GB/s L2 0.00GB/s L3 0.00GB/s
	Total MPI calls 3
	IO DATA: rchar 4611 wchar 8843 syscr 51 syscw 27 read_bytes 0 write_bytes 294912
	Process OS info: (pid 556453 state R utime 1085 stime 0 cutime 0 cstime 0 CPU usage 97)
	CPU temperature (celsius): socket 0: 63 socket 1: 74[0m
EAR[556453](hratio_l30) at 2.60/1.47 in tcn366 MR[0] elapsed 9897 sec.: [32mLoop time: 1.107s DC Power: [35m505.7W[32m DRAM power: 0.00W PCK power: 426.43W
	avg. CPUFreq: 2.57GHz avg. IMCFreq: 1.47GHz
	CPI: 0.379 VPI: 0.00, Mem. bwidth: 0.11GB/s GFLOPS: 0.00 I/O: 0.01MB/s No MPI  
	TPI 0.02 Cache miss rates: L1 0.19GB/s L2 0.00GB/s L3 0.00GB/s
	Total MPI calls 3
	IO DATA: rchar 4611 wchar 8843 syscr 51 syscw 27 read_bytes 0 write_bytes 299008
	Process OS info: (pid 556453 state R utime 1092 stime 1 cutime 0 cstime 0 CPU usage 98)
	CPU temperature (celsius): socket 0: 63 socket 1: 74[0m
EAR[556453](hratio_l30) at 2.60/1.47 in tcn366 MR[0] elapsed 9909 sec.: [32mLoop time: 1.107s DC Power: [35m505.6W[32m DRAM power: 0.00W PCK power: 426.49W
	avg. CPUFreq: 2.57GHz avg. IMCFreq: 1.47GHz
	CPI: 0.379 VPI: 0.00, Mem. bwidth: 0.12GB/s GFLOPS: 0.00 I/O: 0.01MB/s No MPI  
	TPI 0.02 Cache miss rates: L1 0.19GB/s L2 0.00GB/s L3 0.00GB/s
	Total MPI calls 3
	IO DATA: rchar 4611 wchar 8843 syscr 51 syscw 27 read_bytes 0 write_bytes 294912
	Process OS info: (pid 556453 state R utime 1092 stime 1 cutime 0 cstime 0 CPU usage 98)
	CPU temperature (celsius): socket 0: 63 socket 1: 74[0m
EAR[556453](hratio_l30) at 2.60/1.47 in tcn366 MR[0] elapsed 9920 sec.: [32mLoop time: 1.108s DC Power: [35m455.0W[32m DRAM power: 0.00W PCK power: 426.54W
	avg. CPUFreq: 2.57GHz avg. IMCFreq: 1.47GHz
	CPI: 0.379 VPI: 0.00, Mem. bwidth: 0.10GB/s GFLOPS: 0.00 I/O: 0.01MB/s No MPI  
	TPI 0.01 Cache miss rates: L1 0.20GB/s L2 0.00GB/s L3 0.00GB/s
	Total MPI calls 3
	IO DATA: rchar 4611 wchar 8843 syscr 51 syscw 27 read_bytes 0 write_bytes 294912
	Process OS info: (pid 556453 state R utime 1092 stime 0 cutime 0 cstime 0 CPU usage 98)
	CPU temperature (celsius): socket 0: 63 socket 1: 74[0m
EAR[556453](hratio_l30) at 2.60/1.47 in tcn366 MR[0] elapsed 9931 sec.: [32mLoop time: 1.108s DC Power: [35m505.9W[32m DRAM power: 0.00W PCK power: 426.47W
	avg. CPUFreq: 2.57GHz avg. IMCFreq: 1.47GHz
	CPI: 0.379 VPI: 0.00, Mem. bwidth: 0.12GB/s GFLOPS: 0.00 I/O: 0.01MB/s No MPI  
	TPI 0.02 Cache miss rates: L1 0.19GB/s L2 0.00GB/s L3 0.00GB/s
	Total MPI calls 3
	IO DATA: rchar 4611 wchar 8843 syscr 51 syscw 27 read_bytes 0 write_bytes 303104
	Process OS info: (pid 556453 state R utime 1092 stime 1 cutime 0 cstime 0 CPU usage 98)
	CPU temperature (celsius): socket 0: 63 socket 1: 74[0m
EAR[556453](hratio_l30) at 2.60/1.47 in tcn366 MR[0] elapsed 9942 sec.: [32mLoop time: 1.108s DC Power: [35m506.8W[32m DRAM power: 0.00W PCK power: 426.69W
	avg. CPUFreq: 2.57GHz avg. IMCFreq: 1.47GHz
	CPI: 0.379 VPI: 0.00, Mem. bwidth: 0.12GB/s GFLOPS: 0.00 I/O: 0.01MB/s No MPI  
	TPI 0.02 Cache miss rates: L1 0.20GB/s L2 0.00GB/s L3 0.00GB/s
	Total MPI calls 3
	IO DATA: rchar 4611 wchar 8843 syscr 51 syscw 27 read_bytes 0 write_bytes 294912
	Process OS info: (pid 556453 state R utime 1092 stime 1 cutime 0 cstime 0 CPU usage 98)
	CPU temperature (celsius): socket 0: 63 socket 1: 74[0m
EAR[556453](hratio_l30) at 2.60/1.47 in tcn366 MR[0] elapsed 9953 sec.: [32mLoop time: 1.108s DC Power: [35m507.3W[32m DRAM power: 0.00W PCK power: 426.91W
	avg. CPUFreq: 2.57GHz avg. IMCFreq: 1.47GHz
	CPI: 0.378 VPI: 0.00, Mem. bwidth: 0.11GB/s GFLOPS: 0.00 I/O: 0.01MB/s No MPI  
	TPI 0.02 Cache miss rates: L1 0.20GB/s L2 0.00GB/s L3 0.00GB/s
	Total MPI calls 3
	IO DATA: rchar 4611 wchar 8843 syscr 51 syscw 27 read_bytes 0 write_bytes 299008
	Process OS info: (pid 556453 state R utime 1093 stime 0 cutime 0 cstime 0 CPU usage 98)
	CPU temperature (celsius): socket 0: 63 socket 1: 74[0m
EAR[556453](hratio_l30) at 2.60/1.47 in tcn366 MR[0] elapsed 9964 sec.: [32mLoop time: 1.108s DC Power: [35m405.9W[32m DRAM power: 0.00W PCK power: 426.82W
	avg. CPUFreq: 2.57GHz avg. IMCFreq: 1.47GHz
	CPI: 0.378 VPI: 0.00, Mem. bwidth: 0.13GB/s GFLOPS: 0.00 I/O: 0.01MB/s No MPI  
	TPI 0.02 Cache miss rates: L1 0.20GB/s L2 0.00GB/s L3 0.00GB/s
	Total MPI calls 3
	IO DATA: rchar 4611 wchar 8843 syscr 51 syscw 27 read_bytes 0 write_bytes 299008
	Process OS info: (pid 556453 state R utime 1093 stime 1 cutime 0 cstime 0 CPU usage 98)
	CPU temperature (celsius): socket 0: 63 socket 1: 74[0m
EAR[556453](hratio_l30) at 2.60/1.47 in tcn366 MR[0] elapsed 9975 sec.: [32mLoop time: 1.108s DC Power: [35m507.4W[32m DRAM power: 0.00W PCK power: 427.26W
	avg. CPUFreq: 2.57GHz avg. IMCFreq: 1.47GHz
	CPI: 0.377 VPI: 0.00, Mem. bwidth: 0.13GB/s GFLOPS: 0.00 I/O: 0.01MB/s No MPI  
	TPI 0.02 Cache miss rates: L1 0.17GB/s L2 0.00GB/s L3 0.00GB/s
	Total MPI calls 3
	IO DATA: rchar 4611 wchar 8843 syscr 51 syscw 27 read_bytes 0 write_bytes 294912
	Process OS info: (pid 556453 state R utime 1093 stime 0 cutime 0 cstime 0 CPU usage 98)
	CPU temperature (celsius): socket 0: 63 socket 1: 74[0m
EAR[556453](hratio_l30) at 2.60/1.47 in tcn366 MR[0] elapsed 9986 sec.: [32mLoop time: 1.108s DC Power: [35m506.4W[32m DRAM power: 0.00W PCK power: 427.52W
	avg. CPUFreq: 2.57GHz avg. IMCFreq: 1.47GHz
	CPI: 0.377 VPI: 0.00, Mem. bwidth: 0.11GB/s GFLOPS: 0.00 I/O: 0.01MB/s No MPI  
	TPI 0.02 Cache miss rates: L1 0.13GB/s L2 0.00GB/s L3 0.00GB/s
	Total MPI calls 3
	IO DATA: rchar 4611 wchar 8843 syscr 51 syscw 27 read_bytes 0 write_bytes 294912
	Process OS info: (pid 556453 state R utime 1093 stime 1 cutime 0 cstime 0 CPU usage 98)
	CPU temperature (celsius): socket 0: 63 socket 1: 74[0m
EAR[556453](hratio_l30) at 2.60/1.47 in tcn366 MR[0] elapsed 9997 sec.: [32mLoop time: 1.108s DC Power: [35m506.5W[32m DRAM power: 0.00W PCK power: 427.52W
	avg. CPUFreq: 2.57GHz avg. IMCFreq: 1.47GHz
	CPI: 0.377 VPI: 0.00, Mem. bwidth: 0.12GB/s GFLOPS: 0.00 I/O: 0.01MB/s No MPI  
	TPI 0.02 Cache miss rates: L1 0.13GB/s L2 0.00GB/s L3 0.00GB/s
	Total MPI calls 3
	IO DATA: rchar 4611 wchar 8843 syscr 51 syscw 27 read_bytes 0 write_bytes 323584
	Process OS info: (pid 556453 state R utime 1093 stime 0 cutime 0 cstime 0 CPU usage 98)
	CPU temperature (celsius): socket 0: 63 socket 1: 74[0m
EAR[556453](hratio_l30) at 2.60/1.47 in tcn366 MR[0] elapsed 10008 sec.: [32mLoop time: 1.108s DC Power: [35m455.8W[32m DRAM power: 0.00W PCK power: 427.54W
	avg. CPUFreq: 2.57GHz avg. IMCFreq: 1.47GHz
	CPI: 0.377 VPI: 0.00, Mem. bwidth: 0.11GB/s GFLOPS: 0.00 I/O: 0.01MB/s No MPI  
	TPI 0.02 Cache miss rates: L1 0.12GB/s L2 0.00GB/s L3 0.00GB/s
	Total MPI calls 3
	IO DATA: rchar 4611 wchar 8843 syscr 51 syscw 27 read_bytes 0 write_bytes 303104
	Process OS info: (pid 556453 state R utime 1092 stime 1 cutime 0 cstime 0 CPU usage 98)
	CPU temperature (celsius): socket 0: 63 socket 1: 74[0m
EAR[556453](hratio_l30) at 2.60/1.47 in tcn366 MR[0] elapsed 10019 sec.: [32mLoop time: 1.108s DC Power: [35m455.9W[32m DRAM power: 0.00W PCK power: 427.56W
	avg. CPUFreq: 2.57GHz avg. IMCFreq: 1.47GHz
	CPI: 0.377 VPI: 0.00, Mem. bwidth: 0.11GB/s GFLOPS: 0.00 I/O: 0.01MB/s No MPI  
	TPI 0.02 Cache miss rates: L1 0.12GB/s L2 0.00GB/s L3 0.00GB/s
	Total MPI calls 3
	IO DATA: rchar 4611 wchar 8844 syscr 51 syscw 27 read_bytes 0 write_bytes 299008
	Process OS info: (pid 556453 state R utime 1093 stime 1 cutime 0 cstime 0 CPU usage 98)
	CPU temperature (celsius): socket 0: 63 socket 1: 74[0m
EAR[556453](hratio_l30) at 2.60/1.47 in tcn366 MR[0] elapsed 10030 sec.: [32mLoop time: 1.108s DC Power: [35m506.5W[32m DRAM power: 0.00W PCK power: 427.48W
	avg. CPUFreq: 2.57GHz avg. IMCFreq: 1.47GHz
	CPI: 0.377 VPI: 0.00, Mem. bwidth: 0.12GB/s GFLOPS: 0.00 I/O: 0.01MB/s No MPI  
	TPI 0.02 Cache miss rates: L1 0.13GB/s L2 0.00GB/s L3 0.00GB/s
	Total MPI calls 3
	IO DATA: rchar 4611 wchar 8844 syscr 51 syscw 27 read_bytes 0 write_bytes 294912
	Process OS info: (pid 556453 state R utime 1091 stime 0 cutime 0 cstime 0 CPU usage 98)
	CPU temperature (celsius): socket 0: 63 socket 1: 74[0m
EAR[556453](hratio_l30) at 2.60/1.47 in tcn366 MR[0] elapsed 10041 sec.: [32mLoop time: 1.108s DC Power: [35m506.4W[32m DRAM power: 0.00W PCK power: 427.49W
	avg. CPUFreq: 2.57GHz avg. IMCFreq: 1.47GHz
	CPI: 0.377 VPI: 0.00, Mem. bwidth: 0.12GB/s GFLOPS: 0.00 I/O: 0.01MB/s No MPI  
	TPI 0.02 Cache miss rates: L1 0.12GB/s L2 0.00GB/s L3 0.00GB/s
	Total MPI calls 3
	IO DATA: rchar 4611 wchar 8844 syscr 51 syscw 27 read_bytes 0 write_bytes 290816
	Process OS info: (pid 556453 state R utime 1093 stime 1 cutime 0 cstime 0 CPU usage 98)
	CPU temperature (celsius): socket 0: 63 socket 1: 74[0m
EAR[556453](hratio_l30) at 2.60/1.47 in tcn366 MR[0] elapsed 10053 sec.: [32mLoop time: 1.108s DC Power: [35m455.6W[32m DRAM power: 0.00W PCK power: 427.37W
	avg. CPUFreq: 2.57GHz avg. IMCFreq: 1.47GHz
	CPI: 0.377 VPI: 0.00, Mem. bwidth: 0.10GB/s GFLOPS: 0.00 I/O: 0.01MB/s No MPI  
	TPI 0.01 Cache miss rates: L1 0.12GB/s L2 0.00GB/s L3 0.00GB/s
	Total MPI calls 3
	IO DATA: rchar 4611 wchar 8844 syscr 51 syscw 27 read_bytes 0 write_bytes 294912
	Process OS info: (pid 556453 state R utime 1094 stime 1 cutime 0 cstime 0 CPU usage 98)
	CPU temperature (celsius): socket 0: 63 socket 1: 74[0m
EAR[556453](hratio_l30) at 2.60/1.47 in tcn366 MR[0] elapsed 10064 sec.: [32mLoop time: 1.108s DC Power: [35m506.3W[32m DRAM power: 0.00W PCK power: 427.39W
	avg. CPUFreq: 2.57GHz avg. IMCFreq: 1.47GHz
	CPI: 0.377 VPI: 0.00, Mem. bwidth: 0.12GB/s GFLOPS: 0.00 I/O: 0.01MB/s No MPI  
	TPI 0.02 Cache miss rates: L1 0.12GB/s L2 0.00GB/s L3 0.00GB/s
	Total MPI calls 3
	IO DATA: rchar 4611 wchar 8844 syscr 51 syscw 27 read_bytes 0 write_bytes 311296
	Process OS info: (pid 556453 state R utime 1093 stime 0 cutime 0 cstime 0 CPU usage 98)
	CPU temperature (celsius): socket 0: 63 socket 1: 74[0m
EAR[556453](hratio_l30) at 2.60/1.47 in tcn366 MR[0] elapsed 10075 sec.: [32mLoop time: 1.107s DC Power: [35m506.5W[32m DRAM power: 0.00W PCK power: 427.49W
	avg. CPUFreq: 2.57GHz avg. IMCFreq: 1.47GHz
	CPI: 0.377 VPI: 0.00, Mem. bwidth: 0.11GB/s GFLOPS: 0.00 I/O: 0.01MB/s No MPI  
	TPI 0.02 Cache miss rates: L1 0.13GB/s L2 0.00GB/s L3 0.00GB/s
	Total MPI calls 3
	IO DATA: rchar 4611 wchar 8844 syscr 51 syscw 27 read_bytes 0 write_bytes 294912
	Process OS info: (pid 556453 state R utime 1093 stime 1 cutime 0 cstime 0 CPU usage 98)
	CPU temperature (celsius): socket 0: 63 socket 1: 74[0m
EAR[556453](hratio_l30) at 2.60/1.47 in tcn366 MR[0] elapsed 10086 sec.: [32mLoop time: 1.107s DC Power: [35m455.9W[32m DRAM power: 0.00W PCK power: 427.41W
	avg. CPUFreq: 2.57GHz avg. IMCFreq: 1.47GHz
	CPI: 0.377 VPI: 0.00, Mem. bwidth: 0.11GB/s GFLOPS: 0.00 I/O: 0.01MB/s No MPI  
	TPI 0.02 Cache miss rates: L1 0.13GB/s L2 0.00GB/s L3 0.00GB/s
	Total MPI calls 3
	IO DATA: rchar 4611 wchar 8844 syscr 51 syscw 27 read_bytes 0 write_bytes 294912
	Process OS info: (pid 556453 state R utime 1092 stime 1 cutime 0 cstime 0 CPU usage 98)
	CPU temperature (celsius): socket 0: 63 socket 1: 74[0m
EAR[556453](hratio_l30) at 2.60/1.47 in tcn366 MR[0] elapsed 10097 sec.: [32mLoop time: 1.108s DC Power: [35m455.7W[32m DRAM power: 0.00W PCK power: 427.48W
	avg. CPUFreq: 2.57GHz avg. IMCFreq: 1.47GHz
	CPI: 0.377 VPI: 0.00, Mem. bwidth: 0.11GB/s GFLOPS: 0.00 I/O: 0.01MB/s No MPI  
	TPI 0.02 Cache miss rates: L1 0.13GB/s L2 0.00GB/s L3 0.00GB/s
	Total MPI calls 3
	IO DATA: rchar 4611 wchar 8844 syscr 51 syscw 27 read_bytes 0 write_bytes 294912
	Process OS info: (pid 556453 state R utime 1087 stime 0 cutime 0 cstime 0 CPU usage 98)
	CPU temperature (celsius): socket 0: 63 socket 1: 74[0m
EAR[556453](hratio_l30) at 2.60/1.47 in tcn366 MR[0] elapsed 10108 sec.: [32mLoop time: 1.108s DC Power: [35m507.3W[32m DRAM power: 0.00W PCK power: 427.61W
	avg. CPUFreq: 2.57GHz avg. IMCFreq: 1.47GHz
	CPI: 0.376 VPI: 0.00, Mem. bwidth: 0.11GB/s GFLOPS: 0.00 I/O: 0.01MB/s No MPI  
	TPI 0.02 Cache miss rates: L1 0.13GB/s L2 0.00GB/s L3 0.00GB/s
	Total MPI calls 3
	IO DATA: rchar 4611 wchar 8844 syscr 51 syscw 27 read_bytes 0 write_bytes 294912
	Process OS info: (pid 556453 state R utime 1093 stime 1 cutime 0 cstime 0 CPU usage 98)
	CPU temperature (celsius): socket 0: 63 socket 1: 74[0m
EAR[556453](hratio_l30) at 2.60/1.47 in tcn366 MR[0] elapsed 10119 sec.: [32mLoop time: 1.108s DC Power: [35m508.2W[32m DRAM power: 0.00W PCK power: 427.33W
	avg. CPUFreq: 2.57GHz avg. IMCFreq: 1.47GHz
	CPI: 0.377 VPI: 0.00, Mem. bwidth: 0.26GB/s GFLOPS: 0.00 I/O: 0.01MB/s No MPI  
	TPI 0.04 Cache miss rates: L1 0.12GB/s L2 0.00GB/s L3 0.00GB/s
	Total MPI calls 3
	IO DATA: rchar 4611 wchar 8844 syscr 51 syscw 27 read_bytes 0 write_bytes 299008
	Process OS info: (pid 556453 state R utime 1034 stime 1 cutime 0 cstime 0 CPU usage 93)
	CPU temperature (celsius): socket 0: 63 socket 1: 74[0m
EAR[556453](hratio_l30) at 2.60/1.47 in tcn366 MR[0] elapsed 10130 sec.: [32mLoop time: 1.108s DC Power: [35m508.0W[32m DRAM power: 0.00W PCK power: 427.43W
	avg. CPUFreq: 2.57GHz avg. IMCFreq: 1.47GHz
	CPI: 0.377 VPI: 0.00, Mem. bwidth: 0.28GB/s GFLOPS: 0.00 I/O: 0.01MB/s No MPI  
	TPI 0.04 Cache miss rates: L1 0.12GB/s L2 0.00GB/s L3 0.00GB/s
	Total MPI calls 3
	IO DATA: rchar 4611 wchar 8844 syscr 51 syscw 27 read_bytes 0 write_bytes 339968
	Process OS info: (pid 556453 state R utime 1092 stime 0 cutime 0 cstime 0 CPU usage 98)
	CPU temperature (celsius): socket 0: 63 socket 1: 74[0m
EAR[556453](hratio_l30) at 2.60/1.47 in tcn366 MR[0] elapsed 10141 sec.: [32mLoop time: 1.108s DC Power: [35m406.2W[32m DRAM power: 0.00W PCK power: 427.32W
	avg. CPUFreq: 2.57GHz avg. IMCFreq: 1.47GHz
	CPI: 0.377 VPI: 0.00, Mem. bwidth: 0.25GB/s GFLOPS: 0.00 I/O: 0.01MB/s No MPI  
	TPI 0.04 Cache miss rates: L1 0.12GB/s L2 0.00GB/s L3 0.00GB/s
	Total MPI calls 3
	IO DATA: rchar 4611 wchar 8844 syscr 51 syscw 27 read_bytes 0 write_bytes 339968
	Process OS info: (pid 556453 state R utime 1084 stime 1 cutime 0 cstime 0 CPU usage 97)
	CPU temperature (celsius): socket 0: 63 socket 1: 74[0m
EAR[556453](hratio_l30) at 2.60/1.47 in tcn366 MR[0] elapsed 10152 sec.: [32mLoop time: 1.108s DC Power: [35m506.7W[32m DRAM power: 0.00W PCK power: 427.39W
	avg. CPUFreq: 2.57GHz avg. IMCFreq: 1.47GHz
	CPI: 0.377 VPI: 0.00, Mem. bwidth: 0.25GB/s GFLOPS: 0.00 I/O: 0.01MB/s No MPI  
	TPI 0.04 Cache miss rates: L1 0.12GB/s L2 0.00GB/s L3 0.00GB/s
	Total MPI calls 3
	IO DATA: rchar 4611 wchar 8844 syscr 51 syscw 27 read_bytes 0 write_bytes 290816
	Process OS info: (pid 556453 state R utime 1038 stime 1 cutime 0 cstime 0 CPU usage 93)
	CPU temperature (celsius): socket 0: 63 socket 1: 74[0m
EAR[556453](hratio_l30) at 2.60/1.47 in tcn366 MR[0] elapsed 10163 sec.: [32mLoop time: 1.110s DC Power: [35m505.3W[32m DRAM power: 0.00W PCK power: 427.87W
	avg. CPUFreq: 2.57GHz avg. IMCFreq: 1.47GHz
	CPI: 0.377 VPI: 0.00, Mem. bwidth: 0.36GB/s GFLOPS: 0.00 I/O: 0.01MB/s No MPI  
	TPI 0.05 Cache miss rates: L1 0.12GB/s L2 0.00GB/s L3 0.00GB/s
	Total MPI calls 3
	IO DATA: rchar 4611 wchar 8844 syscr 51 syscw 27 read_bytes 0 write_bytes 294912
	Process OS info: (pid 556453 state R utime 1067 stime 1 cutime 0 cstime 0 CPU usage 96)
	CPU temperature (celsius): socket 0: 63 socket 1: 74[0m
EAR[556453](hratio_l30) at 2.60/1.47 in tcn366 MR[0] elapsed 10174 sec.: [32mLoop time: 1.107s DC Power: [35m506.5W[32m DRAM power: 0.00W PCK power: 427.37W
	avg. CPUFreq: 2.57GHz avg. IMCFreq: 1.47GHz
	CPI: 0.377 VPI: 0.00, Mem. bwidth: 0.12GB/s GFLOPS: 0.00 I/O: 0.01MB/s No MPI  
	TPI 0.02 Cache miss rates: L1 0.13GB/s L2 0.00GB/s L3 0.00GB/s
	Total MPI calls 3
	IO DATA: rchar 4612 wchar 8844 syscr 51 syscw 27 read_bytes 0 write_bytes 294912
	Process OS info: (pid 556453 state R utime 1093 stime 1 cutime 0 cstime 0 CPU usage 98)
	CPU temperature (celsius): socket 0: 63 socket 1: 74[0m
EAR[556453](hratio_l30) at 2.60/1.47 in tcn366 MR[0] elapsed 10186 sec.: [32mLoop time: 1.108s DC Power: [35m455.6W[32m DRAM power: 0.00W PCK power: 427.38W
	avg. CPUFreq: 2.57GHz avg. IMCFreq: 1.47GHz
	CPI: 0.377 VPI: 0.00, Mem. bwidth: 0.14GB/s GFLOPS: 0.00 I/O: 0.01MB/s No MPI  
	TPI 0.02 Cache miss rates: L1 0.13GB/s L2 0.00GB/s L3 0.00GB/s
	Total MPI calls 3
	IO DATA: rchar 4612 wchar 8844 syscr 51 syscw 27 read_bytes 0 write_bytes 294912
	Process OS info: (pid 556453 state R utime 1093 stime 0 cutime 0 cstime 0 CPU usage 98)
	CPU temperature (celsius): socket 0: 63 socket 1: 74[0m
EAR[556453](hratio_l30) at 2.60/1.47 in tcn366 MR[0] elapsed 10197 sec.: [32mLoop time: 1.107s DC Power: [35m506.8W[32m DRAM power: 0.00W PCK power: 427.37W
	avg. CPUFreq: 2.57GHz avg. IMCFreq: 1.47GHz
	CPI: 0.377 VPI: 0.00, Mem. bwidth: 0.12GB/s GFLOPS: 0.00 I/O: 0.01MB/s No MPI  
	TPI 0.02 Cache miss rates: L1 0.13GB/s L2 0.00GB/s L3 0.00GB/s
	Total MPI calls 3
	IO DATA: rchar 4612 wchar 8844 syscr 51 syscw 27 read_bytes 0 write_bytes 339968
	Process OS info: (pid 556453 state R utime 1092 stime 1 cutime 0 cstime 0 CPU usage 98)
	CPU temperature (celsius): socket 0: 63 socket 1: 74[0m
EAR[556453](hratio_l30) at 2.60/1.47 in tcn366 MR[0] elapsed 10208 sec.: [32mLoop time: 1.108s DC Power: [35m506.5W[32m DRAM power: 0.00W PCK power: 427.32W
	avg. CPUFreq: 2.57GHz avg. IMCFreq: 1.47GHz
	CPI: 0.377 VPI: 0.00, Mem. bwidth: 0.14GB/s GFLOPS: 0.00 I/O: 0.01MB/s No MPI  
	TPI 0.02 Cache miss rates: L1 0.13GB/s L2 0.00GB/s L3 0.00GB/s
	Total MPI calls 3
	IO DATA: rchar 4612 wchar 8844 syscr 51 syscw 27 read_bytes 0 write_bytes 290816
	Process OS info: (pid 556453 state R utime 1093 stime 0 cutime 0 cstime 0 CPU usage 98)
	CPU temperature (celsius): socket 0: 63 socket 1: 74[0m
EAR[556453](hratio_l30) at 2.60/1.47 in tcn366 MR[0] elapsed 10219 sec.: [32mLoop time: 1.108s DC Power: [35m506.5W[32m DRAM power: 0.00W PCK power: 427.46W
	avg. CPUFreq: 2.57GHz avg. IMCFreq: 1.47GHz
	CPI: 0.377 VPI: 0.00, Mem. bwidth: 0.13GB/s GFLOPS: 0.00 I/O: 0.01MB/s No MPI  
	TPI 0.02 Cache miss rates: L1 0.12GB/s L2 0.00GB/s L3 0.00GB/s
	Total MPI calls 3
	IO DATA: rchar 4612 wchar 8844 syscr 51 syscw 27 read_bytes 0 write_bytes 294912
	Process OS info: (pid 556453 state R utime 1092 stime 1 cutime 0 cstime 0 CPU usage 98)
	CPU temperature (celsius): socket 0: 63 socket 1: 74[0m
EAR[556453](hratio_l30) at 2.60/1.47 in tcn366 MR[0] elapsed 10230 sec.: [32mLoop time: 1.108s DC Power: [35m455.7W[32m DRAM power: 0.00W PCK power: 427.45W
	avg. CPUFreq: 2.57GHz avg. IMCFreq: 1.47GHz
	CPI: 0.377 VPI: 0.00, Mem. bwidth: 0.11GB/s GFLOPS: 0.00 I/O: 0.01MB/s No MPI  
	TPI 0.02 Cache miss rates: L1 0.13GB/s L2 0.00GB/s L3 0.00GB/s
	Total MPI calls 3
	IO DATA: rchar 4612 wchar 8844 syscr 51 syscw 27 read_bytes 0 write_bytes 294912
	Process OS info: (pid 556453 state R utime 1093 stime 1 cutime 0 cstime 0 CPU usage 98)
	CPU temperature (celsius): socket 0: 63 socket 1: 74[0m
EAR[556453](hratio_l30) at 2.60/1.47 in tcn366 MR[0] elapsed 10241 sec.: [32mLoop time: 1.108s DC Power: [35m506.4W[32m DRAM power: 0.00W PCK power: 427.41W
	avg. CPUFreq: 2.57GHz avg. IMCFreq: 1.47GHz
	CPI: 0.377 VPI: 0.00, Mem. bwidth: 0.14GB/s GFLOPS: 0.00 I/O: 0.01MB/s No MPI  
	TPI 0.02 Cache miss rates: L1 0.12GB/s L2 0.00GB/s L3 0.00GB/s
	Total MPI calls 3
	IO DATA: rchar 4612 wchar 8844 syscr 51 syscw 27 read_bytes 0 write_bytes 294912
	Process OS info: (pid 556453 state R utime 1092 stime 0 cutime 0 cstime 0 CPU usage 98)
	CPU temperature (celsius): socket 0: 63 socket 1: 74[0m
EAR[556453](hratio_l30) at 2.60/1.47 in tcn366 MR[0] elapsed 10252 sec.: [32mLoop time: 1.108s DC Power: [35m506.4W[32m DRAM power: 0.00W PCK power: 427.47W
	avg. CPUFreq: 2.57GHz avg. IMCFreq: 1.47GHz
	CPI: 0.376 VPI: 0.00, Mem. bwidth: 0.11GB/s GFLOPS: 0.00 I/O: 0.01MB/s No MPI  
	TPI 0.02 Cache miss rates: L1 0.12GB/s L2 0.00GB/s L3 0.00GB/s
	Total MPI calls 3
	IO DATA: rchar 4612 wchar 8844 syscr 51 syscw 27 read_bytes 0 write_bytes 303104
	Process OS info: (pid 556453 state R utime 1093 stime 1 cutime 0 cstime 0 CPU usage 98)
	CPU temperature (celsius): socket 0: 63 socket 1: 74[0m
EAR[556453](hratio_l30) at 2.60/1.47 in tcn366 MR[0] elapsed 10263 sec.: [32mLoop time: 1.108s DC Power: [35m455.8W[32m DRAM power: 0.00W PCK power: 427.57W
	avg. CPUFreq: 2.57GHz avg. IMCFreq: 1.47GHz
	CPI: 0.377 VPI: 0.00, Mem. bwidth: 0.10GB/s GFLOPS: 0.00 I/O: 0.01MB/s No MPI  
	TPI 0.01 Cache miss rates: L1 0.12GB/s L2 0.00GB/s L3 0.00GB/s
	Total MPI calls 3
	IO DATA: rchar 4612 wchar 8844 syscr 51 syscw 27 read_bytes 0 write_bytes 389120
	Process OS info: (pid 556453 state R utime 1094 stime 1 cutime 0 cstime 0 CPU usage 98)
	CPU temperature (celsius): socket 0: 63 socket 1: 74[0m
EAR[556453](hratio_l30) at 2.60/1.47 in tcn366 MR[0] elapsed 10274 sec.: [32mLoop time: 1.108s DC Power: [35m456.2W[32m DRAM power: 0.00W PCK power: 427.57W
	avg. CPUFreq: 2.57GHz avg. IMCFreq: 1.47GHz
	CPI: 0.377 VPI: 0.00, Mem. bwidth: 0.15GB/s GFLOPS: 0.00 I/O: 0.01MB/s No MPI  
	TPI 0.02 Cache miss rates: L1 0.13GB/s L2 0.00GB/s L3 0.00GB/s
	Total MPI calls 3
	IO DATA: rchar 4612 wchar 8844 syscr 51 syscw 27 read_bytes 0 write_bytes 290816
	Process OS info: (pid 556453 state R utime 1093 stime 0 cutime 0 cstime 0 CPU usage 98)
	CPU temperature (celsius): socket 0: 63 socket 1: 74[0m
EAR[556453](hratio_l30) at 2.60/1.47 in tcn366 MR[0] elapsed 10285 sec.: [32mLoop time: 1.108s DC Power: [35m507.7W[32m DRAM power: 0.00W PCK power: 427.51W
	avg. CPUFreq: 2.57GHz avg. IMCFreq: 1.47GHz
	CPI: 0.377 VPI: 0.00, Mem. bwidth: 0.11GB/s GFLOPS: 0.00 I/O: 0.01MB/s No MPI  
	TPI 0.02 Cache miss rates: L1 0.13GB/s L2 0.00GB/s L3 0.00GB/s
	Total MPI calls 3
	IO DATA: rchar 4612 wchar 8844 syscr 51 syscw 27 read_bytes 0 write_bytes 294912
	Process OS info: (pid 556453 state R utime 1093 stime 1 cutime 0 cstime 0 CPU usage 98)
	CPU temperature (celsius): socket 0: 63 socket 1: 74[0m
EAR[556453](hratio_l30) at 2.60/1.47 in tcn366 MR[0] elapsed 10296 sec.: [32mLoop time: 1.108s DC Power: [35m508.3W[32m DRAM power: 0.00W PCK power: 427.57W
	avg. CPUFreq: 2.57GHz avg. IMCFreq: 1.47GHz
	CPI: 0.377 VPI: 0.00, Mem. bwidth: 0.12GB/s GFLOPS: 0.00 I/O: 0.01MB/s No MPI  
	TPI 0.02 Cache miss rates: L1 0.13GB/s L2 0.00GB/s L3 0.00GB/s
	Total MPI calls 3
	IO DATA: rchar 4612 wchar 8844 syscr 51 syscw 27 read_bytes 0 write_bytes 303104
	Process OS info: (pid 556453 state R utime 1092 stime 0 cutime 0 cstime 0 CPU usage 98)
	CPU temperature (celsius): socket 0: 63 socket 1: 74[0m
EAR[556453](hratio_l30) at 2.60/1.47 in tcn366 MR[0] elapsed 10307 sec.: [32mLoop time: 1.107s DC Power: [35m508.4W[32m DRAM power: 0.00W PCK power: 427.63W
	avg. CPUFreq: 2.57GHz avg. IMCFreq: 1.47GHz
	CPI: 0.376 VPI: 0.00, Mem. bwidth: 0.13GB/s GFLOPS: 0.00 I/O: 0.01MB/s No MPI  
	TPI 0.02 Cache miss rates: L1 0.12GB/s L2 0.00GB/s L3 0.00GB/s
	Total MPI calls 3
	IO DATA: rchar 4612 wchar 8844 syscr 51 syscw 27 read_bytes 0 write_bytes 294912
	Process OS info: (pid 556453 state R utime 1091 stime 1 cutime 0 cstime 0 CPU usage 98)
	CPU temperature (celsius): socket 0: 63 socket 1: 74[0m
EAR[556453](hratio_l30) at 2.60/1.47 in tcn366 MR[0] elapsed 10318 sec.: [32mLoop time: 1.108s DC Power: [35m457.0W[32m DRAM power: 0.00W PCK power: 427.53W
	avg. CPUFreq: 2.57GHz avg. IMCFreq: 1.47GHz
	CPI: 0.376 VPI: 0.00, Mem. bwidth: 0.11GB/s GFLOPS: 0.00 I/O: 0.01MB/s No MPI  
	TPI 0.02 Cache miss rates: L1 0.13GB/s L2 0.00GB/s L3 0.00GB/s
	Total MPI calls 3
	IO DATA: rchar 4612 wchar 8844 syscr 51 syscw 27 read_bytes 0 write_bytes 299008
	Process OS info: (pid 556453 state R utime 1094 stime 1 cutime 0 cstime 0 CPU usage 98)
	CPU temperature (celsius): socket 0: 63 socket 1: 74[0m
EAR[556453](hratio_l30) at 2.60/1.47 in tcn366 MR[0] elapsed 10330 sec.: [32mLoop time: 1.108s DC Power: [35m507.3W[32m DRAM power: 0.00W PCK power: 427.55W
	avg. CPUFreq: 2.57GHz avg. IMCFreq: 1.47GHz
	CPI: 0.376 VPI: 0.00, Mem. bwidth: 0.12GB/s GFLOPS: 0.00 I/O: 0.01MB/s No MPI  
	TPI 0.02 Cache miss rates: L1 0.13GB/s L2 0.00GB/s L3 0.00GB/s
	Total MPI calls 3
	IO DATA: rchar 4612 wchar 8844 syscr 51 syscw 27 read_bytes 0 write_bytes 385024
	Process OS info: (pid 556453 state R utime 1093 stime 0 cutime 0 cstime 0 CPU usage 98)
	CPU temperature (celsius): socket 0: 63 socket 1: 74[0m
EAR[556453](hratio_l30) at 2.60/1.47 in tcn366 MR[0] elapsed 10341 sec.: [32mLoop time: 1.108s DC Power: [35m506.5W[32m DRAM power: 0.00W PCK power: 427.67W
	avg. CPUFreq: 2.57GHz avg. IMCFreq: 1.47GHz
	CPI: 0.377 VPI: 0.00, Mem. bwidth: 0.13GB/s GFLOPS: 0.00 I/O: 0.01MB/s No MPI  
	TPI 0.02 Cache miss rates: L1 0.12GB/s L2 0.00GB/s L3 0.00GB/s
	Total MPI calls 3
	IO DATA: rchar 4612 wchar 8844 syscr 51 syscw 27 read_bytes 0 write_bytes 294912
	Process OS info: (pid 556453 state R utime 1092 stime 1 cutime 0 cstime 0 CPU usage 98)
	CPU temperature (celsius): socket 0: 63 socket 1: 74[0m
EAR[556453](hratio_l30) at 2.60/1.47 in tcn366 MR[0] elapsed 10352 sec.: [32mLoop time: 1.108s DC Power: [35m506.3W[32m DRAM power: 0.00W PCK power: 427.52W
	avg. CPUFreq: 2.57GHz avg. IMCFreq: 1.47GHz
	CPI: 0.376 VPI: 0.00, Mem. bwidth: 0.10GB/s GFLOPS: 0.00 I/O: 0.01MB/s No MPI  
	TPI 0.01 Cache miss rates: L1 0.13GB/s L2 0.00GB/s L3 0.00GB/s
	Total MPI calls 3
	IO DATA: rchar 4612 wchar 8844 syscr 51 syscw 27 read_bytes 0 write_bytes 401408
	Process OS info: (pid 556453 state R utime 1094 stime 1 cutime 0 cstime 0 CPU usage 98)
	CPU temperature (celsius): socket 0: 63 socket 1: 74[0m
EAR[556453](hratio_l30) at 2.60/1.47 in tcn366 MR[0] elapsed 10363 sec.: [32mLoop time: 1.107s DC Power: [35m455.9W[32m DRAM power: 0.00W PCK power: 427.46W
	avg. CPUFreq: 2.57GHz avg. IMCFreq: 1.47GHz
	CPI: 0.377 VPI: 0.00, Mem. bwidth: 0.15GB/s GFLOPS: 0.00 I/O: 0.01MB/s No MPI  
	TPI 0.02 Cache miss rates: L1 0.12GB/s L2 0.00GB/s L3 0.00GB/s
	Total MPI calls 3
	IO DATA: rchar 4612 wchar 8844 syscr 51 syscw 27 read_bytes 0 write_bytes 294912
	Process OS info: (pid 556453 state R utime 1093 stime 0 cutime 0 cstime 0 CPU usage 98)
	CPU temperature (celsius): socket 0: 63 socket 1: 74[0m
EAR[556453](hratio_l30) at 2.60/1.47 in tcn366 MR[0] elapsed 10374 sec.: [32mLoop time: 1.107s DC Power: [35m506.5W[32m DRAM power: 0.00W PCK power: 427.52W
	avg. CPUFreq: 2.57GHz avg. IMCFreq: 1.47GHz
	CPI: 0.377 VPI: 0.00, Mem. bwidth: 0.11GB/s GFLOPS: 0.00 I/O: 0.01MB/s No MPI  
	TPI 0.02 Cache miss rates: L1 0.13GB/s L2 0.00GB/s L3 0.00GB/s
	Total MPI calls 3
	IO DATA: rchar 4612 wchar 8844 syscr 51 syscw 27 read_bytes 0 write_bytes 294912
	Process OS info: (pid 556453 state R utime 1091 stime 1 cutime 0 cstime 0 CPU usage 98)
	CPU temperature (celsius): socket 0: 63 socket 1: 74[0m
EAR[556453](hratio_l30) at 2.60/1.47 in tcn366 MR[0] elapsed 10385 sec.: [32mLoop time: 1.107s DC Power: [35m455.9W[32m DRAM power: 0.00W PCK power: 427.94W
	avg. CPUFreq: 2.57GHz avg. IMCFreq: 1.47GHz
	CPI: 0.376 VPI: 0.00, Mem. bwidth: 0.10GB/s GFLOPS: 0.00 I/O: 0.01MB/s No MPI  
	TPI 0.01 Cache miss rates: L1 0.13GB/s L2 0.00GB/s L3 0.00GB/s
	Total MPI calls 3
	IO DATA: rchar 4612 wchar 8844 syscr 51 syscw 27 read_bytes 0 write_bytes 299008
	Process OS info: (pid 556453 state R utime 1092 stime 0 cutime 0 cstime 0 CPU usage 98)
	CPU temperature (celsius): socket 0: 63 socket 1: 74[0m
EAR[556453](hratio_l30) at 2.60/1.47 in tcn366 MR[0] elapsed 10396 sec.: [32mLoop time: 1.108s DC Power: [35m506.5W[32m DRAM power: 0.00W PCK power: 427.85W
	avg. CPUFreq: 2.57GHz avg. IMCFreq: 1.47GHz
	CPI: 0.376 VPI: 0.00, Mem. bwidth: 0.13GB/s GFLOPS: 0.00 I/O: 0.01MB/s No MPI  
	TPI 0.02 Cache miss rates: L1 0.12GB/s L2 0.00GB/s L3 0.00GB/s
	Total MPI calls 3
	IO DATA: rchar 4612 wchar 8844 syscr 51 syscw 27 read_bytes 0 write_bytes 294912
	Process OS info: (pid 556453 state R utime 1091 stime 1 cutime 0 cstime 0 CPU usage 98)
	CPU temperature (celsius): socket 0: 63 socket 1: 74[0m
EAR[556453](hratio_l30) at 2.60/1.47 in tcn366 MR[0] elapsed 10407 sec.: [32mLoop time: 1.108s DC Power: [35m455.8W[32m DRAM power: 0.00W PCK power: 428.01W
	avg. CPUFreq: 2.57GHz avg. IMCFreq: 1.47GHz
	CPI: 0.376 VPI: 0.00, Mem. bwidth: 0.11GB/s GFLOPS: 0.00 I/O: 0.01MB/s No MPI  
	TPI 0.02 Cache miss rates: L1 0.12GB/s L2 0.00GB/s L3 0.00GB/s
	Total MPI calls 3
	IO DATA: rchar 4612 wchar 8844 syscr 51 syscw 27 read_bytes 0 write_bytes 299008
	Process OS info: (pid 556453 state R utime 1093 stime 1 cutime 0 cstime 0 CPU usage 98)
	CPU temperature (celsius): socket 0: 63 socket 1: 74[0m
EAR[556453](hratio_l30) at 2.60/1.47 in tcn366 MR[0] elapsed 10418 sec.: [32mLoop time: 1.107s DC Power: [35m506.6W[32m DRAM power: 0.00W PCK power: 427.78W
	avg. CPUFreq: 2.57GHz avg. IMCFreq: 1.47GHz
	CPI: 0.376 VPI: 0.00, Mem. bwidth: 0.11GB/s GFLOPS: 0.00 I/O: 0.01MB/s No MPI  
	TPI 0.02 Cache miss rates: L1 0.12GB/s L2 0.00GB/s L3 0.00GB/s
	Total MPI calls 3
	IO DATA: rchar 4612 wchar 8844 syscr 51 syscw 27 read_bytes 0 write_bytes 294912
	Process OS info: (pid 556453 state R utime 1093 stime 0 cutime 0 cstime 0 CPU usage 98)
	CPU temperature (celsius): socket 0: 63 socket 1: 74[0m
EAR[556453](hratio_l30) at 2.60/1.47 in tcn366 MR[0] elapsed 10429 sec.: [32mLoop time: 1.108s DC Power: [35m506.4W[32m DRAM power: 0.00W PCK power: 427.74W
	avg. CPUFreq: 2.57GHz avg. IMCFreq: 1.47GHz
	CPI: 0.376 VPI: 0.00, Mem. bwidth: 0.11GB/s GFLOPS: 0.00 I/O: 0.01MB/s No MPI  
	TPI 0.02 Cache miss rates: L1 0.12GB/s L2 0.00GB/s L3 0.00GB/s
	Total MPI calls 3
	IO DATA: rchar 4612 wchar 8844 syscr 51 syscw 27 read_bytes 0 write_bytes 303104
	Process OS info: (pid 556453 state R utime 1093 stime 1 cutime 0 cstime 0 CPU usage 98)
	CPU temperature (celsius): socket 0: 63 socket 1: 74[0m
EAR[556453](hratio_l30) at 2.60/1.47 in tcn366 MR[0] elapsed 10440 sec.: [32mLoop time: 1.109s DC Power: [35m455.5W[32m DRAM power: 0.00W PCK power: 427.74W
	avg. CPUFreq: 2.57GHz avg. IMCFreq: 1.47GHz
	CPI: 0.376 VPI: 0.00, Mem. bwidth: 0.12GB/s GFLOPS: 0.00 I/O: 0.01MB/s No MPI  
	TPI 0.02 Cache miss rates: L1 0.12GB/s L2 0.00GB/s L3 0.00GB/s
	Total MPI calls 3
	IO DATA: rchar 4612 wchar 8844 syscr 51 syscw 27 read_bytes 0 write_bytes 303104
	Process OS info: (pid 556453 state R utime 1094 stime 0 cutime 0 cstime 0 CPU usage 98)
	CPU temperature (celsius): socket 0: 63 socket 1: 74[0m
EAR[556453](hratio_l30) at 2.60/1.47 in tcn366 MR[0] elapsed 10451 sec.: [32mLoop time: 1.107s DC Power: [35m456.7W[32m DRAM power: 0.00W PCK power: 427.72W
	avg. CPUFreq: 2.57GHz avg. IMCFreq: 1.47GHz
	CPI: 0.376 VPI: 0.00, Mem. bwidth: 0.17GB/s GFLOPS: 0.00 I/O: 0.01MB/s No MPI  
	TPI 0.02 Cache miss rates: L1 0.12GB/s L2 0.00GB/s L3 0.00GB/s
	Total MPI calls 3
	IO DATA: rchar 4612 wchar 8844 syscr 51 syscw 27 read_bytes 0 write_bytes 294912
	Process OS info: (pid 556453 state R utime 1093 stime 1 cutime 0 cstime 0 CPU usage 98)
	CPU temperature (celsius): socket 0: 63 socket 1: 74[0m
EAR[556453](hratio_l30) at 2.60/1.47 in tcn366 MR[0] elapsed 10462 sec.: [32mLoop time: 1.108s DC Power: [35m508.0W[32m DRAM power: 0.00W PCK power: 427.83W
	avg. CPUFreq: 2.57GHz avg. IMCFreq: 1.47GHz
	CPI: 0.376 VPI: 0.00, Mem. bwidth: 0.11GB/s GFLOPS: 0.00 I/O: 0.01MB/s No MPI  
	TPI 0.02 Cache miss rates: L1 0.12GB/s L2 0.00GB/s L3 0.00GB/s
	Total MPI calls 3
	IO DATA: rchar 4612 wchar 8844 syscr 51 syscw 27 read_bytes 0 write_bytes 294912
	Process OS info: (pid 556453 state R utime 1093 stime 1 cutime 0 cstime 0 CPU usage 98)
	CPU temperature (celsius): socket 0: 63 socket 1: 74[0m
EAR[556453](hratio_l30) at 2.60/1.47 in tcn366 MR[0] elapsed 10474 sec.: [32mLoop time: 1.107s DC Power: [35m508.4W[32m DRAM power: 0.00W PCK power: 427.85W
	avg. CPUFreq: 2.57GHz avg. IMCFreq: 1.47GHz
	CPI: 0.376 VPI: 0.00, Mem. bwidth: 0.11GB/s GFLOPS: 0.00 I/O: 0.01MB/s No MPI  
	TPI 0.02 Cache miss rates: L1 0.13GB/s L2 0.00GB/s L3 0.00GB/s
	Total MPI calls 3
	IO DATA: rchar 4612 wchar 8844 syscr 51 syscw 27 read_bytes 0 write_bytes 294912
	Process OS info: (pid 556453 state R utime 1093 stime 0 cutime 0 cstime 0 CPU usage 98)
	CPU temperature (celsius): socket 0: 63 socket 1: 74[0m
EAR[556453](hratio_l30) at 2.60/1.47 in tcn366 MR[0] elapsed 10485 sec.: [32mLoop time: 1.108s DC Power: [35m508.1W[32m DRAM power: 0.00W PCK power: 427.96W
	avg. CPUFreq: 2.57GHz avg. IMCFreq: 1.47GHz
	CPI: 0.376 VPI: 0.00, Mem. bwidth: 0.14GB/s GFLOPS: 0.00 I/O: 0.01MB/s No MPI  
	TPI 0.02 Cache miss rates: L1 0.12GB/s L2 0.00GB/s L3 0.00GB/s
	Total MPI calls 3
	IO DATA: rchar 4612 wchar 8844 syscr 51 syscw 27 read_bytes 0 write_bytes 368640
	Process OS info: (pid 556453 state R utime 1093 stime 1 cutime 0 cstime 0 CPU usage 98)
	CPU temperature (celsius): socket 0: 63 socket 1: 74[0m
EAR[556453](hratio_l30) at 2.60/1.47 in tcn366 MR[0] elapsed 10496 sec.: [32mLoop time: 1.108s DC Power: [35m457.0W[32m DRAM power: 0.00W PCK power: 427.99W
	avg. CPUFreq: 2.57GHz avg. IMCFreq: 1.47GHz
	CPI: 0.376 VPI: 0.00, Mem. bwidth: 0.11GB/s GFLOPS: 0.00 I/O: 0.01MB/s No MPI  
	TPI 0.02 Cache miss rates: L1 0.13GB/s L2 0.00GB/s L3 0.00GB/s
	Total MPI calls 3
	IO DATA: rchar 4612 wchar 8844 syscr 51 syscw 27 read_bytes 0 write_bytes 290816
	Process OS info: (pid 556453 state R utime 1093 stime 1 cutime 0 cstime 0 CPU usage 98)
	CPU temperature (celsius): socket 0: 63 socket 1: 74[0m
EAR[556453](hratio_l30) at 2.60/1.47 in tcn366 MR[0] elapsed 10507 sec.: [32mLoop time: 1.108s DC Power: [35m456.7W[32m DRAM power: 0.00W PCK power: 427.88W
	avg. CPUFreq: 2.57GHz avg. IMCFreq: 1.47GHz
	CPI: 0.376 VPI: 0.00, Mem. bwidth: 0.10GB/s GFLOPS: 0.00 I/O: 0.01MB/s No MPI  
	TPI 0.01 Cache miss rates: L1 0.12GB/s L2 0.00GB/s L3 0.00GB/s
	Total MPI calls 3
	IO DATA: rchar 4612 wchar 8844 syscr 51 syscw 27 read_bytes 0 write_bytes 299008
	Process OS info: (pid 556453 state R utime 1093 stime 0 cutime 0 cstime 0 CPU usage 98)
	CPU temperature (celsius): socket 0: 63 socket 1: 74[0m
EAR[556453](hratio_l30) at 2.60/1.47 in tcn366 MR[0] elapsed 10518 sec.: [32mLoop time: 1.107s DC Power: [35m506.7W[32m DRAM power: 0.00W PCK power: 427.76W
	avg. CPUFreq: 2.57GHz avg. IMCFreq: 1.47GHz
	CPI: 0.376 VPI: 0.00, Mem. bwidth: 0.15GB/s GFLOPS: 0.00 I/O: 0.01MB/s No MPI  
	TPI 0.02 Cache miss rates: L1 0.13GB/s L2 0.00GB/s L3 0.00GB/s
	Total MPI calls 3
	IO DATA: rchar 4612 wchar 8844 syscr 51 syscw 27 read_bytes 0 write_bytes 294912
	Process OS info: (pid 556453 state R utime 1092 stime 1 cutime 0 cstime 0 CPU usage 98)
	CPU temperature (celsius): socket 0: 63 socket 1: 74[0m
EAR[556453](hratio_l30) at 2.60/1.47 in tcn366 MR[0] elapsed 10529 sec.: [32mLoop time: 1.108s DC Power: [35m506.5W[32m DRAM power: 0.00W PCK power: 427.93W
	avg. CPUFreq: 2.57GHz avg. IMCFreq: 1.47GHz
	CPI: 0.376 VPI: 0.00, Mem. bwidth: 0.12GB/s GFLOPS: 0.00 I/O: 0.01MB/s No MPI  
	TPI 0.02 Cache miss rates: L1 0.12GB/s L2 0.00GB/s L3 0.00GB/s
	Total MPI calls 3
	IO DATA: rchar 4612 wchar 8844 syscr 51 syscw 27 read_bytes 0 write_bytes 294912
	Process OS info: (pid 556453 state R utime 1093 stime 1 cutime 0 cstime 0 CPU usage 98)
	CPU temperature (celsius): socket 0: 63 socket 1: 74[0m
EAR[556453](hratio_l30) at 2.60/1.47 in tcn366 MR[0] elapsed 10540 sec.: [32mLoop time: 1.108s DC Power: [35m455.7W[32m DRAM power: 0.00W PCK power: 427.72W
	avg. CPUFreq: 2.57GHz avg. IMCFreq: 1.47GHz
	CPI: 0.376 VPI: 0.00, Mem. bwidth: 0.16GB/s GFLOPS: 0.00 I/O: 0.01MB/s No MPI  
	TPI 0.02 Cache miss rates: L1 0.12GB/s L2 0.00GB/s L3 0.00GB/s
	Total MPI calls 3
	IO DATA: rchar 4612 wchar 8844 syscr 51 syscw 27 read_bytes 0 write_bytes 307200
	Process OS info: (pid 556453 state R utime 1092 stime 0 cutime 0 cstime 0 CPU usage 98)
	CPU temperature (celsius): socket 0: 63 socket 1: 74[0m
EAR[556453](hratio_l30) at 2.60/1.47 in tcn366 MR[0] elapsed 10551 sec.: [32mLoop time: 1.108s DC Power: [35m506.1W[32m DRAM power: 0.00W PCK power: 427.88W
	avg. CPUFreq: 2.57GHz avg. IMCFreq: 1.47GHz
	CPI: 0.376 VPI: 0.00, Mem. bwidth: 0.11GB/s GFLOPS: 0.00 I/O: 0.01MB/s No MPI  
	TPI 0.02 Cache miss rates: L1 0.12GB/s L2 0.00GB/s L3 0.00GB/s
	Total MPI calls 3
	IO DATA: rchar 4612 wchar 8844 syscr 51 syscw 27 read_bytes 0 write_bytes 299008
	Process OS info: (pid 556453 state R utime 1094 stime 1 cutime 0 cstime 0 CPU usage 98)
	CPU temperature (celsius): socket 0: 63 socket 1: 74[0m
EAR[556453](hratio_l30) at 2.60/1.47 in tcn366 MR[0] elapsed 10562 sec.: [32mLoop time: 1.108s DC Power: [35m455.9W[32m DRAM power: 0.00W PCK power: 427.94W
	avg. CPUFreq: 2.57GHz avg. IMCFreq: 1.47GHz
	CPI: 0.376 VPI: 0.00, Mem. bwidth: 0.10GB/s GFLOPS: 0.00 I/O: 0.01MB/s No MPI  
	TPI 0.01 Cache miss rates: L1 0.12GB/s L2 0.00GB/s L3 0.00GB/s
	Total MPI calls 3
	IO DATA: rchar 4612 wchar 8844 syscr 51 syscw 27 read_bytes 0 write_bytes 303104
	Process OS info: (pid 556453 state R utime 1093 stime 1 cutime 0 cstime 0 CPU usage 98)
	CPU temperature (celsius): socket 0: 63 socket 1: 74[0m
EAR[556453](hratio_l30) at 2.60/1.47 in tcn366 MR[0] elapsed 10573 sec.: [32mLoop time: 1.108s DC Power: [35m506.4W[32m DRAM power: 0.00W PCK power: 427.87W
	avg. CPUFreq: 2.57GHz avg. IMCFreq: 1.47GHz
	CPI: 0.375 VPI: 0.00, Mem. bwidth: 0.14GB/s GFLOPS: 0.00 I/O: 0.01MB/s No MPI  
	TPI 0.02 Cache miss rates: L1 0.12GB/s L2 0.00GB/s L3 0.00GB/s
	Total MPI calls 3
	IO DATA: rchar 4612 wchar 8844 syscr 51 syscw 27 read_bytes 0 write_bytes 299008
	Process OS info: (pid 556453 state R utime 1093 stime 0 cutime 0 cstime 0 CPU usage 98)
	CPU temperature (celsius): socket 0: 63 socket 1: 74[0m
EAR[556453](hratio_l30) at 2.60/1.47 in tcn366 MR[0] elapsed 10584 sec.: [32mLoop time: 1.108s DC Power: [35m455.9W[32m DRAM power: 0.00W PCK power: 427.81W
	avg. CPUFreq: 2.57GHz avg. IMCFreq: 1.47GHz
	CPI: 0.376 VPI: 0.00, Mem. bwidth: 0.10GB/s GFLOPS: 0.00 I/O: 0.01MB/s No MPI  
	TPI 0.01 Cache miss rates: L1 0.12GB/s L2 0.00GB/s L3 0.00GB/s
	Total MPI calls 3
	IO DATA: rchar 4612 wchar 8844 syscr 51 syscw 27 read_bytes 0 write_bytes 290816
	Process OS info: (pid 556453 state R utime 1093 stime 1 cutime 0 cstime 0 CPU usage 98)
	CPU temperature (celsius): socket 0: 63 socket 1: 74[0m
EAR[556453](hratio_l30) at 2.60/1.47 in tcn366 MR[0] elapsed 10595 sec.: [32mLoop time: 1.108s DC Power: [35m506.4W[32m DRAM power: 0.00W PCK power: 427.76W
	avg. CPUFreq: 2.57GHz avg. IMCFreq: 1.47GHz
	CPI: 0.376 VPI: 0.00, Mem. bwidth: 0.12GB/s GFLOPS: 0.00 I/O: 0.01MB/s No MPI  
	TPI 0.02 Cache miss rates: L1 0.12GB/s L2 0.00GB/s L3 0.00GB/s
	Total MPI calls 3
	IO DATA: rchar 4612 wchar 8844 syscr 51 syscw 27 read_bytes 0 write_bytes 294912
	Process OS info: (pid 556453 state R utime 1092 stime 1 cutime 0 cstime 0 CPU usage 98)
	CPU temperature (celsius): socket 0: 63 socket 1: 74[0m
EAR[556453](hratio_l30) at 2.60/1.47 in tcn366 MR[0] elapsed 10606 sec.: [32mLoop time: 1.108s DC Power: [35m506.4W[32m DRAM power: 0.00W PCK power: 427.79W
	avg. CPUFreq: 2.57GHz avg. IMCFreq: 1.47GHz
	CPI: 0.376 VPI: 0.00, Mem. bwidth: 0.14GB/s GFLOPS: 0.00 I/O: 0.01MB/s No MPI  
	TPI 0.02 Cache miss rates: L1 0.12GB/s L2 0.00GB/s L3 0.00GB/s
	Total MPI calls 3
	IO DATA: rchar 4612 wchar 8844 syscr 51 syscw 27 read_bytes 0 write_bytes 450560
	Process OS info: (pid 556453 state R utime 1093 stime 0 cutime 0 cstime 0 CPU usage 98)
	CPU temperature (celsius): socket 0: 63 socket 1: 74[0m
EAR[556453](hratio_l30) at 2.60/1.47 in tcn366 MR[0] elapsed 10618 sec.: [32mLoop time: 1.107s DC Power: [35m507.4W[32m DRAM power: 0.00W PCK power: 427.87W
	avg. CPUFreq: 2.57GHz avg. IMCFreq: 1.47GHz
	CPI: 0.376 VPI: 0.00, Mem. bwidth: 0.11GB/s GFLOPS: 0.00 I/O: 0.01MB/s No MPI  
	TPI 0.02 Cache miss rates: L1 0.12GB/s L2 0.00GB/s L3 0.00GB/s
	Total MPI calls 3
	IO DATA: rchar 4612 wchar 8844 syscr 51 syscw 27 read_bytes 0 write_bytes 294912
	Process OS info: (pid 556453 state R utime 1093 stime 1 cutime 0 cstime 0 CPU usage 98)
	CPU temperature (celsius): socket 0: 63 socket 1: 74[0m
EAR[556453](hratio_l30) at 2.60/1.47 in tcn366 MR[0] elapsed 10629 sec.: [32mLoop time: 1.108s DC Power: [35m457.0W[32m DRAM power: 0.00W PCK power: 427.99W
	avg. CPUFreq: 2.57GHz avg. IMCFreq: 1.47GHz
	CPI: 0.376 VPI: 0.00, Mem. bwidth: 0.13GB/s GFLOPS: 0.00 I/O: 0.01MB/s No MPI  
	TPI 0.02 Cache miss rates: L1 0.12GB/s L2 0.00GB/s L3 0.00GB/s
	Total MPI calls 3
	IO DATA: rchar 4612 wchar 8844 syscr 51 syscw 27 read_bytes 0 write_bytes 294912
	Process OS info: (pid 556453 state R utime 1093 stime 0 cutime 0 cstime 0 CPU usage 98)
	CPU temperature (celsius): socket 0: 63 socket 1: 74[0m
EAR[556453](hratio_l30) at 2.60/1.47 in tcn366 MR[0] elapsed 10640 sec.: [32mLoop time: 1.107s DC Power: [35m508.7W[32m DRAM power: 0.00W PCK power: 427.97W
	avg. CPUFreq: 2.57GHz avg. IMCFreq: 1.47GHz
	CPI: 0.376 VPI: 0.00, Mem. bwidth: 0.12GB/s GFLOPS: 0.00 I/O: 0.01MB/s No MPI  
	TPI 0.02 Cache miss rates: L1 0.13GB/s L2 0.00GB/s L3 0.00GB/s
	Total MPI calls 3
	IO DATA: rchar 4612 wchar 8844 syscr 51 syscw 27 read_bytes 0 write_bytes 401408
	Process OS info: (pid 556453 state R utime 1093 stime 1 cutime 0 cstime 0 CPU usage 98)
	CPU temperature (celsius): socket 0: 63 socket 1: 74[0m
EAR[556453](hratio_l30) at 2.60/1.47 in tcn366 MR[0] elapsed 10651 sec.: [32mLoop time: 1.108s DC Power: [35m509.0W[32m DRAM power: 0.00W PCK power: 428.03W
	avg. CPUFreq: 2.57GHz avg. IMCFreq: 1.47GHz
	CPI: 0.376 VPI: 0.00, Mem. bwidth: 0.11GB/s GFLOPS: 0.00 I/O: 0.01MB/s No MPI  
	TPI 0.02 Cache miss rates: L1 0.13GB/s L2 0.00GB/s L3 0.00GB/s
	Total MPI calls 3
	IO DATA: rchar 4612 wchar 8844 syscr 51 syscw 27 read_bytes 0 write_bytes 376832
	Process OS info: (pid 556453 state R utime 1093 stime 1 cutime 0 cstime 0 CPU usage 98)
	CPU temperature (celsius): socket 0: 63 socket 1: 74[0m
EAR[556453](hratio_l30) at 2.60/1.47 in tcn366 MR[0] elapsed 10662 sec.: [32mLoop time: 1.108s DC Power: [35m508.1W[32m DRAM power: 0.00W PCK power: 427.93W
	avg. CPUFreq: 2.57GHz avg. IMCFreq: 1.47GHz
	CPI: 0.376 VPI: 0.00, Mem. bwidth: 0.14GB/s GFLOPS: 0.00 I/O: 0.01MB/s No MPI  
	TPI 0.02 Cache miss rates: L1 0.13GB/s L2 0.00GB/s L3 0.00GB/s
	Total MPI calls 3
	IO DATA: rchar 4612 wchar 8844 syscr 51 syscw 27 read_bytes 0 write_bytes 405504
	Process OS info: (pid 556453 state R utime 1093 stime 1 cutime 0 cstime 0 CPU usage 98)
	CPU temperature (celsius): socket 0: 63 socket 1: 74[0m
EAR[556453](hratio_l30) at 2.60/1.47 in tcn366 MR[0] elapsed 10673 sec.: [32mLoop time: 1.107s DC Power: [35m457.1W[32m DRAM power: 0.00W PCK power: 427.94W
	avg. CPUFreq: 2.57GHz avg. IMCFreq: 1.47GHz
	CPI: 0.376 VPI: 0.00, Mem. bwidth: 0.11GB/s GFLOPS: 0.00 I/O: 0.01MB/s No MPI  
	TPI 0.02 Cache miss rates: L1 0.12GB/s L2 0.00GB/s L3 0.00GB/s
	Total MPI calls 3
	IO DATA: rchar 4612 wchar 8844 syscr 51 syscw 27 read_bytes 0 write_bytes 311296
	Process OS info: (pid 556453 state R utime 1092 stime 0 cutime 0 cstime 0 CPU usage 98)
	CPU temperature (celsius): socket 0: 63 socket 1: 74[0m
EAR[556453](hratio_l30) at 2.60/1.47 in tcn366 MR[0] elapsed 10684 sec.: [32mLoop time: 1.110s DC Power: [35m455.5W[32m DRAM power: 0.00W PCK power: 427.96W
	avg. CPUFreq: 2.57GHz avg. IMCFreq: 1.47GHz
	CPI: 0.376 VPI: 0.00, Mem. bwidth: 0.10GB/s GFLOPS: 0.00 I/O: 0.01MB/s No MPI  
	TPI 0.01 Cache miss rates: L1 0.12GB/s L2 0.00GB/s L3 0.00GB/s
	Total MPI calls 3
	IO DATA: rchar 4612 wchar 8844 syscr 51 syscw 27 read_bytes 0 write_bytes 299008
	Process OS info: (pid 556453 state R utime 1096 stime 1 cutime 0 cstime 0 CPU usage 98)
	CPU temperature (celsius): socket 0: 63 socket 1: 74[0m
EAR[556453](hratio_l30) at 2.60/1.47 in tcn366 MR[0] elapsed 10695 sec.: [32mLoop time: 1.108s DC Power: [35m507.1W[32m DRAM power: 0.00W PCK power: 427.97W
	avg. CPUFreq: 2.57GHz avg. IMCFreq: 1.47GHz
	CPI: 0.376 VPI: 0.00, Mem. bwidth: 0.16GB/s GFLOPS: 0.00 I/O: 0.01MB/s No MPI  
	TPI 0.02 Cache miss rates: L1 0.12GB/s L2 0.00GB/s L3 0.00GB/s
	Total MPI calls 3
	IO DATA: rchar 4612 wchar 8844 syscr 51 syscw 27 read_bytes 0 write_bytes 430080
	Process OS info: (pid 556453 state R utime 1092 stime 1 cutime 0 cstime 0 CPU usage 98)
	CPU temperature (celsius): socket 0: 63 socket 1: 74[0m
EAR[556453](hratio_l30) at 2.60/1.47 in tcn366 MR[0] elapsed 10706 sec.: [32mLoop time: 1.107s DC Power: [35m507.5W[32m DRAM power: 0.00W PCK power: 428.03W
	avg. CPUFreq: 2.57GHz avg. IMCFreq: 1.47GHz
	CPI: 0.376 VPI: 0.00, Mem. bwidth: 0.11GB/s GFLOPS: 0.00 I/O: 0.01MB/s No MPI  
	TPI 0.02 Cache miss rates: L1 0.12GB/s L2 0.00GB/s L3 0.00GB/s
	Total MPI calls 3
	IO DATA: rchar 4612 wchar 8844 syscr 51 syscw 27 read_bytes 0 write_bytes 294912
	Process OS info: (pid 556453 state R utime 1093 stime 1 cutime 0 cstime 0 CPU usage 98)
	CPU temperature (celsius): socket 0: 63 socket 1: 74[0m
EAR[556453](hratio_l30) at 2.60/1.47 in tcn366 MR[0] elapsed 10717 sec.: [32mLoop time: 1.108s DC Power: [35m456.5W[32m DRAM power: 0.00W PCK power: 428.09W
	avg. CPUFreq: 2.57GHz avg. IMCFreq: 1.47GHz
	CPI: 0.376 VPI: 0.00, Mem. bwidth: 0.11GB/s GFLOPS: 0.00 I/O: 0.01MB/s No MPI  
	TPI 0.02 Cache miss rates: L1 0.12GB/s L2 0.00GB/s L3 0.00GB/s
	Total MPI calls 3
	IO DATA: rchar 4612 wchar 8844 syscr 51 syscw 27 read_bytes 0 write_bytes 294912
	Process OS info: (pid 556453 state R utime 1093 stime 0 cutime 0 cstime 0 CPU usage 98)
	CPU temperature (celsius): socket 0: 63 socket 1: 74[0m
EAR[556453](hratio_l30) at 2.60/1.47 in tcn366 MR[0] elapsed 10728 sec.: [32mLoop time: 1.108s DC Power: [35m507.3W[32m DRAM power: 0.00W PCK power: 428.00W
	avg. CPUFreq: 2.57GHz avg. IMCFreq: 1.47GHz
	CPI: 0.376 VPI: 0.00, Mem. bwidth: 0.13GB/s GFLOPS: 0.00 I/O: 0.01MB/s No MPI  
	TPI 0.02 Cache miss rates: L1 0.12GB/s L2 0.00GB/s L3 0.00GB/s
	Total MPI calls 3
	IO DATA: rchar 4612 wchar 8844 syscr 51 syscw 27 read_bytes 0 write_bytes 299008
	Process OS info: (pid 556453 state R utime 1093 stime 1 cutime 0 cstime 0 CPU usage 98)
	CPU temperature (celsius): socket 0: 63 socket 1: 74[0m
EAR[556453](hratio_l30) at 2.60/1.47 in tcn366 MR[0] elapsed 10739 sec.: [32mLoop time: 1.107s DC Power: [35m456.7W[32m DRAM power: 0.00W PCK power: 428.11W
	avg. CPUFreq: 2.57GHz avg. IMCFreq: 1.47GHz
	CPI: 0.376 VPI: 0.00, Mem. bwidth: 0.12GB/s GFLOPS: 0.00 I/O: 0.01MB/s No MPI  
	TPI 0.02 Cache miss rates: L1 0.12GB/s L2 0.00GB/s L3 0.00GB/s
	Total MPI calls 3
	IO DATA: rchar 4612 wchar 8844 syscr 51 syscw 27 read_bytes 0 write_bytes 315392
	Process OS info: (pid 556453 state R utime 1093 stime 1 cutime 0 cstime 0 CPU usage 98)
	CPU temperature (celsius): socket 0: 63 socket 1: 74[0m
EAR[556453](hratio_l30) at 2.60/1.47 in tcn366 MR[0] elapsed 10751 sec.: [32mLoop time: 1.108s DC Power: [35m507.3W[32m DRAM power: 0.00W PCK power: 428.02W
	avg. CPUFreq: 2.57GHz avg. IMCFreq: 1.47GHz
	CPI: 0.376 VPI: 0.00, Mem. bwidth: 0.14GB/s GFLOPS: 0.00 I/O: 0.01MB/s No MPI  
	TPI 0.02 Cache miss rates: L1 0.12GB/s L2 0.00GB/s L3 0.00GB/s
	Total MPI calls 3
	IO DATA: rchar 4612 wchar 8844 syscr 51 syscw 27 read_bytes 0 write_bytes 299008
	Process OS info: (pid 556453 state R utime 1093 stime 0 cutime 0 cstime 0 CPU usage 98)
	CPU temperature (celsius): socket 0: 63 socket 1: 74[0m
EAR[556453](hratio_l30) at 2.60/1.47 in tcn366 MR[0] elapsed 10762 sec.: [32mLoop time: 1.108s DC Power: [35m456.7W[32m DRAM power: 0.00W PCK power: 427.96W
	avg. CPUFreq: 2.57GHz avg. IMCFreq: 1.47GHz
	CPI: 0.376 VPI: 0.00, Mem. bwidth: 0.12GB/s GFLOPS: 0.00 I/O: 0.01MB/s No MPI  
	TPI 0.02 Cache miss rates: L1 0.12GB/s L2 0.00GB/s L3 0.00GB/s
	Total MPI calls 3
	IO DATA: rchar 4612 wchar 8844 syscr 51 syscw 27 read_bytes 0 write_bytes 307200
	Process OS info: (pid 556453 state R utime 1092 stime 1 cutime 0 cstime 0 CPU usage 98)
	CPU temperature (celsius): socket 0: 63 socket 1: 74[0m
EAR[556453](hratio_l30) at 2.60/1.47 in tcn366 MR[0] elapsed 10773 sec.: [32mLoop time: 1.108s DC Power: [35m507.3W[32m DRAM power: 0.00W PCK power: 428.26W
	avg. CPUFreq: 2.57GHz avg. IMCFreq: 1.47GHz
	CPI: 0.375 VPI: 0.00, Mem. bwidth: 0.10GB/s GFLOPS: 0.00 I/O: 0.01MB/s No MPI  
	TPI 0.01 Cache miss rates: L1 0.12GB/s L2 0.00GB/s L3 0.00GB/s
	Total MPI calls 3
	IO DATA: rchar 4612 wchar 8844 syscr 51 syscw 27 read_bytes 0 write_bytes 294912
	Process OS info: (pid 556453 state R utime 1094 stime 1 cutime 0 cstime 0 CPU usage 98)
	CPU temperature (celsius): socket 0: 63 socket 1: 74[0m
EAR[556453](hratio_l30) at 2.60/1.47 in tcn366 MR[0] elapsed 10784 sec.: [32mLoop time: 1.108s DC Power: [35m507.1W[32m DRAM power: 0.00W PCK power: 428.30W
	avg. CPUFreq: 2.57GHz avg. IMCFreq: 1.47GHz
	CPI: 0.375 VPI: 0.00, Mem. bwidth: 0.14GB/s GFLOPS: 0.00 I/O: 0.01MB/s No MPI  
	TPI 0.02 Cache miss rates: L1 0.12GB/s L2 0.00GB/s L3 0.00GB/s
	Total MPI calls 3
	IO DATA: rchar 4612 wchar 8844 syscr 51 syscw 27 read_bytes 0 write_bytes 294912
	Process OS info: (pid 556453 state R utime 1092 stime 0 cutime 0 cstime 0 CPU usage 98)
	CPU temperature (celsius): socket 0: 63 socket 1: 74[0m
EAR[556453](hratio_l30) at 2.60/1.47 in tcn366 MR[0] elapsed 10795 sec.: [32mLoop time: 1.108s DC Power: [35m507.9W[32m DRAM power: 0.00W PCK power: 428.41W
	avg. CPUFreq: 2.57GHz avg. IMCFreq: 1.47GHz
	CPI: 0.375 VPI: 0.00, Mem. bwidth: 0.11GB/s GFLOPS: 0.00 I/O: 0.01MB/s No MPI  
	TPI 0.02 Cache miss rates: L1 0.13GB/s L2 0.00GB/s L3 0.00GB/s
	Total MPI calls 3
	IO DATA: rchar 4612 wchar 8844 syscr 51 syscw 27 read_bytes 0 write_bytes 299008
	Process OS info: (pid 556453 state R utime 1093 stime 1 cutime 0 cstime 0 CPU usage 98)
	CPU temperature (celsius): socket 0: 63 socket 1: 74[0m
EAR[556453](hratio_l30) at 2.60/1.47 in tcn366 MR[0] elapsed 10806 sec.: [32mLoop time: 1.108s DC Power: [35m407.1W[32m DRAM power: 0.00W PCK power: 428.49W
	avg. CPUFreq: 2.57GHz avg. IMCFreq: 1.47GHz
	CPI: 0.375 VPI: 0.00, Mem. bwidth: 0.11GB/s GFLOPS: 0.00 I/O: 0.01MB/s No MPI  
	TPI 0.02 Cache miss rates: L1 0.12GB/s L2 0.00GB/s L3 0.00GB/s
	Total MPI calls 3
	IO DATA: rchar 4612 wchar 8844 syscr 51 syscw 27 read_bytes 0 write_bytes 356352
	Process OS info: (pid 556453 state R utime 1093 stime 1 cutime 0 cstime 0 CPU usage 98)
	CPU temperature (celsius): socket 0: 63 socket 1: 74[0m
EAR[556453](hratio_l30) at 2.60/1.47 in tcn366 MR[0] elapsed 10817 sec.: [32mLoop time: 1.108s DC Power: [35m509.0W[32m DRAM power: 0.00W PCK power: 428.75W
	avg. CPUFreq: 2.57GHz avg. IMCFreq: 1.47GHz
	CPI: 0.374 VPI: 0.00, Mem. bwidth: 0.13GB/s GFLOPS: 0.00 I/O: 0.01MB/s No MPI  
	TPI 0.02 Cache miss rates: L1 0.13GB/s L2 0.00GB/s L3 0.00GB/s
	Total MPI calls 3
	IO DATA: rchar 4612 wchar 8844 syscr 51 syscw 27 read_bytes 0 write_bytes 299008
	Process OS info: (pid 556453 state R utime 1093 stime 0 cutime 0 cstime 0 CPU usage 98)
	CPU temperature (celsius): socket 0: 63 socket 1: 74[0m
EAR[556453](hratio_l30) at 2.60/1.47 in tcn366 MR[0] elapsed 10828 sec.: [32mLoop time: 1.107s DC Power: [35m509.4W[32m DRAM power: 0.00W PCK power: 428.74W
	avg. CPUFreq: 2.57GHz avg. IMCFreq: 1.47GHz
	CPI: 0.374 VPI: 0.00, Mem. bwidth: 0.11GB/s GFLOPS: 0.00 I/O: 0.01MB/s No MPI  
	TPI 0.02 Cache miss rates: L1 0.12GB/s L2 0.00GB/s L3 0.00GB/s
	Total MPI calls 3
	IO DATA: rchar 4612 wchar 8844 syscr 51 syscw 27 read_bytes 0 write_bytes 294912
	Process OS info: (pid 556453 state R utime 1086 stime 1 cutime 0 cstime 0 CPU usage 98)
	CPU temperature (celsius): socket 0: 63 socket 1: 74[0m
EAR[556453](hratio_l30) at 2.60/1.47 in tcn366 MR[0] elapsed 10839 sec.: [32mLoop time: 1.108s DC Power: [35m508.6W[32m DRAM power: 0.00W PCK power: 428.66W
	avg. CPUFreq: 2.57GHz avg. IMCFreq: 1.47GHz
	CPI: 0.374 VPI: 0.00, Mem. bwidth: 0.12GB/s GFLOPS: 0.00 I/O: 0.01MB/s No MPI  
	TPI 0.02 Cache miss rates: L1 0.12GB/s L2 0.00GB/s L3 0.00GB/s
	Total MPI calls 3
	IO DATA: rchar 4612 wchar 8844 syscr 51 syscw 27 read_bytes 0 write_bytes 294912
	Process OS info: (pid 556453 state R utime 1093 stime 1 cutime 0 cstime 0 CPU usage 98)
	CPU temperature (celsius): socket 0: 63 socket 1: 74[0m
EAR[556453](hratio_l30) at 2.60/1.47 in tcn366 MR[0] elapsed 10850 sec.: [32mLoop time: 1.108s DC Power: [35m457.4W[32m DRAM power: 0.00W PCK power: 428.67W
	avg. CPUFreq: 2.57GHz avg. IMCFreq: 1.47GHz
	CPI: 0.374 VPI: 0.00, Mem. bwidth: 0.12GB/s GFLOPS: 0.00 I/O: 0.01MB/s No MPI  
	TPI 0.02 Cache miss rates: L1 0.12GB/s L2 0.00GB/s L3 0.00GB/s
	Total MPI calls 3
	IO DATA: rchar 4612 wchar 8844 syscr 51 syscw 27 read_bytes 0 write_bytes 294912
	Process OS info: (pid 556453 state R utime 1094 stime 1 cutime 0 cstime 0 CPU usage 98)
	CPU temperature (celsius): socket 0: 63 socket 1: 74[0m
EAR[556453](hratio_l30) at 2.60/1.47 in tcn366 MR[0] elapsed 10861 sec.: [32mLoop time: 1.108s DC Power: [35m456.7W[32m DRAM power: 0.00W PCK power: 428.74W
	avg. CPUFreq: 2.57GHz avg. IMCFreq: 1.47GHz
	CPI: 0.374 VPI: 0.00, Mem. bwidth: 0.11GB/s GFLOPS: 0.00 I/O: 0.01MB/s No MPI  
	TPI 0.02 Cache miss rates: L1 0.12GB/s L2 0.00GB/s L3 0.00GB/s
	Total MPI calls 3
	IO DATA: rchar 4612 wchar 8844 syscr 51 syscw 27 read_bytes 0 write_bytes 299008
	Process OS info: (pid 556453 state R utime 1084 stime 0 cutime 0 cstime 0 CPU usage 97)
	CPU temperature (celsius): socket 0: 63 socket 1: 74[0m
EAR[556453](hratio_l30) at 2.60/1.47 in tcn366 MR[0] elapsed 10872 sec.: [32mLoop time: 1.107s DC Power: [35m507.5W[32m DRAM power: 0.00W PCK power: 428.71W
	avg. CPUFreq: 2.57GHz avg. IMCFreq: 1.47GHz
	CPI: 0.374 VPI: 0.00, Mem. bwidth: 0.14GB/s GFLOPS: 0.00 I/O: 0.01MB/s No MPI  
	TPI 0.02 Cache miss rates: L1 0.12GB/s L2 0.00GB/s L3 0.00GB/s
	Total MPI calls 3
	IO DATA: rchar 4612 wchar 8844 syscr 51 syscw 27 read_bytes 0 write_bytes 335872
	Process OS info: (pid 556453 state R utime 1093 stime 1 cutime 0 cstime 0 CPU usage 98)
	CPU temperature (celsius): socket 0: 63 socket 1: 74[0m
EAR[556453](hratio_l30) at 2.60/1.47 in tcn366 MR[0] elapsed 10883 sec.: [32mLoop time: 1.108s DC Power: [35m507.4W[32m DRAM power: 0.00W PCK power: 428.89W
	avg. CPUFreq: 2.57GHz avg. IMCFreq: 1.47GHz
	CPI: 0.374 VPI: 0.00, Mem. bwidth: 0.11GB/s GFLOPS: 0.00 I/O: 0.01MB/s No MPI  
	TPI 0.02 Cache miss rates: L1 0.12GB/s L2 0.00GB/s L3 0.00GB/s
	Total MPI calls 3
	IO DATA: rchar 4612 wchar 8844 syscr 51 syscw 27 read_bytes 0 write_bytes 294912
	Process OS info: (pid 556453 state R utime 1092 stime 0 cutime 0 cstime 0 CPU usage 98)
	CPU temperature (celsius): socket 0: 63 socket 1: 74[0m
EAR[556453](hratio_l30) at 2.60/1.47 in tcn366 MR[0] elapsed 10895 sec.: [32mLoop time: 1.108s DC Power: [35m456.6W[32m DRAM power: 0.00W PCK power: 428.71W
	avg. CPUFreq: 2.57GHz avg. IMCFreq: 1.47GHz
	CPI: 0.374 VPI: 0.00, Mem. bwidth: 0.13GB/s GFLOPS: 0.00 I/O: 0.01MB/s No MPI  
	TPI 0.02 Cache miss rates: L1 0.12GB/s L2 0.00GB/s L3 0.00GB/s
	Total MPI calls 3
	IO DATA: rchar 4612 wchar 8844 syscr 51 syscw 27 read_bytes 0 write_bytes 290816
	Process OS info: (pid 556453 state R utime 1087 stime 1 cutime 0 cstime 0 CPU usage 98)
	CPU temperature (celsius): socket 0: 63 socket 1: 74[0m
EAR[556453](hratio_l30) at 2.60/1.47 in tcn366 MR[0] elapsed 10906 sec.: [32mLoop time: 1.108s DC Power: [35m507.3W[32m DRAM power: 0.00W PCK power: 428.70W
	avg. CPUFreq: 2.57GHz avg. IMCFreq: 1.47GHz
	CPI: 0.374 VPI: 0.00, Mem. bwidth: 0.13GB/s GFLOPS: 0.00 I/O: 0.01MB/s No MPI  
	TPI 0.02 Cache miss rates: L1 0.13GB/s L2 0.00GB/s L3 0.00GB/s
	Total MPI calls 3
	IO DATA: rchar 4612 wchar 8844 syscr 51 syscw 27 read_bytes 0 write_bytes 286720
	Process OS info: (pid 556453 state R utime 1094 stime 1 cutime 0 cstime 0 CPU usage 98)
	CPU temperature (celsius): socket 0: 63 socket 1: 74[0m
EAR[556453](hratio_l30) at 2.60/1.47 in tcn366 MR[0] elapsed 10917 sec.: [32mLoop time: 1.108s DC Power: [35m507.4W[32m DRAM power: 0.00W PCK power: 428.75W
	avg. CPUFreq: 2.57GHz avg. IMCFreq: 1.47GHz
	CPI: 0.374 VPI: 0.00, Mem. bwidth: 0.11GB/s GFLOPS: 0.00 I/O: 0.01MB/s No MPI  
	TPI 0.02 Cache miss rates: L1 0.13GB/s L2 0.00GB/s L3 0.00GB/s
	Total MPI calls 3
	IO DATA: rchar 4612 wchar 8844 syscr 51 syscw 27 read_bytes 0 write_bytes 294912
	Process OS info: (pid 556453 state R utime 1084 stime 1 cutime 0 cstime 0 CPU usage 97)
	CPU temperature (celsius): socket 0: 63 socket 1: 74[0m
EAR[556453](hratio_l30) at 2.60/1.47 in tcn366 MR[0] elapsed 10928 sec.: [32mLoop time: 1.108s DC Power: [35m456.6W[32m DRAM power: 0.00W PCK power: 428.67W
	avg. CPUFreq: 2.57GHz avg. IMCFreq: 1.47GHz
	CPI: 0.374 VPI: 0.00, Mem. bwidth: 0.14GB/s GFLOPS: 0.00 I/O: 0.01MB/s No MPI  
	TPI 0.02 Cache miss rates: L1 0.13GB/s L2 0.00GB/s L3 0.00GB/s
	Total MPI calls 3
	IO DATA: rchar 4612 wchar 8844 syscr 51 syscw 27 read_bytes 0 write_bytes 303104
	Process OS info: (pid 556453 state R utime 1092 stime 1 cutime 0 cstime 0 CPU usage 98)
	CPU temperature (celsius): socket 0: 63 socket 1: 74[0m
EAR[556453](hratio_l30) at 2.60/1.47 in tcn366 MR[0] elapsed 10939 sec.: [32mLoop time: 1.108s DC Power: [35m456.6W[32m DRAM power: 0.00W PCK power: 428.66W
	avg. CPUFreq: 2.57GHz avg. IMCFreq: 1.47GHz
	CPI: 0.374 VPI: 0.00, Mem. bwidth: 0.12GB/s GFLOPS: 0.00 I/O: 0.01MB/s No MPI  
	TPI 0.02 Cache miss rates: L1 0.12GB/s L2 0.00GB/s L3 0.00GB/s
	Total MPI calls 3
	IO DATA: rchar 4612 wchar 8844 syscr 51 syscw 27 read_bytes 0 write_bytes 389120
	Process OS info: (pid 556453 state R utime 1093 stime 1 cutime 0 cstime 0 CPU usage 98)
	CPU temperature (celsius): socket 0: 63 socket 1: 74[0m
EAR[556453](hratio_l30) at 2.60/1.47 in tcn366 MR[0] elapsed 10950 sec.: [32mLoop time: 1.108s DC Power: [35m507.3W[32m DRAM power: 0.00W PCK power: 428.75W
	avg. CPUFreq: 2.57GHz avg. IMCFreq: 1.47GHz
	CPI: 0.374 VPI: 0.00, Mem. bwidth: 0.11GB/s GFLOPS: 0.00 I/O: 0.01MB/s No MPI  
	TPI 0.02 Cache miss rates: L1 0.13GB/s L2 0.00GB/s L3 0.00GB/s
	Total MPI calls 3
	IO DATA: rchar 4612 wchar 8844 syscr 51 syscw 27 read_bytes 0 write_bytes 294912
	Process OS info: (pid 556453 state R utime 1091 stime 1 cutime 0 cstime 0 CPU usage 98)
	CPU temperature (celsius): socket 0: 63 socket 1: 74[0m
EAR[556453](hratio_l30) at 2.60/1.47 in tcn366 MR[0] elapsed 10961 sec.: [32mLoop time: 1.108s DC Power: [35m508.1W[32m DRAM power: 0.00W PCK power: 428.81W
	avg. CPUFreq: 2.57GHz avg. IMCFreq: 1.47GHz
	CPI: 0.374 VPI: 0.00, Mem. bwidth: 0.14GB/s GFLOPS: 0.00 I/O: 0.01MB/s No MPI  
	TPI 0.02 Cache miss rates: L1 0.12GB/s L2 0.00GB/s L3 0.00GB/s
	Total MPI calls 3
	IO DATA: rchar 4612 wchar 8844 syscr 51 syscw 27 read_bytes 0 write_bytes 294912
	Process OS info: (pid 556453 state R utime 1094 stime 0 cutime 0 cstime 0 CPU usage 98)
	CPU temperature (celsius): socket 0: 63 socket 1: 74[0m
EAR[556453](hratio_l30) at 2.60/1.47 in tcn366 MR[0] elapsed 10972 sec.: [32mLoop time: 1.108s DC Power: [35m508.6W[32m DRAM power: 0.00W PCK power: 428.93W
	avg. CPUFreq: 2.57GHz avg. IMCFreq: 1.47GHz
	CPI: 0.374 VPI: 0.00, Mem. bwidth: 0.10GB/s GFLOPS: 0.00 I/O: 0.01MB/s No MPI  
	TPI 0.01 Cache miss rates: L1 0.13GB/s L2 0.00GB/s L3 0.00GB/s
	Total MPI calls 3
	IO DATA: rchar 4612 wchar 8844 syscr 51 syscw 27 read_bytes 0 write_bytes 294912
	Process OS info: (pid 556453 state R utime 1093 stime 1 cutime 0 cstime 0 CPU usage 98)
	CPU temperature (celsius): socket 0: 63 socket 1: 74[0m
EAR[556453](hratio_l30) at 2.60/1.47 in tcn366 MR[0] elapsed 10983 sec.: [32mLoop time: 1.107s DC Power: [35m407.7W[32m DRAM power: 0.00W PCK power: 428.80W
	avg. CPUFreq: 2.57GHz avg. IMCFreq: 1.47GHz
	CPI: 0.374 VPI: 0.00, Mem. bwidth: 0.10GB/s GFLOPS: 0.00 I/O: 0.01MB/s No MPI  
	TPI 0.01 Cache miss rates: L1 0.12GB/s L2 0.00GB/s L3 0.00GB/s
	Total MPI calls 3
	IO DATA: rchar 4612 wchar 8844 syscr 51 syscw 27 read_bytes 0 write_bytes 294912
	Process OS info: (pid 556453 state R utime 1093 stime 0 cutime 0 cstime 0 CPU usage 98)
	CPU temperature (celsius): socket 0: 63 socket 1: 74[0m
EAR[556453](hratio_l30) at 2.60/1.47 in tcn366 MR[0] elapsed 10994 sec.: [32mLoop time: 1.108s DC Power: [35m509.9W[32m DRAM power: 0.00W PCK power: 428.84W
	avg. CPUFreq: 2.57GHz avg. IMCFreq: 1.47GHz
	CPI: 0.374 VPI: 0.00, Mem. bwidth: 0.15GB/s GFLOPS: 0.00 I/O: 0.01MB/s No MPI  
	TPI 0.02 Cache miss rates: L1 0.13GB/s L2 0.00GB/s L3 0.00GB/s
	Total MPI calls 3
	IO DATA: rchar 4612 wchar 8844 syscr 51 syscw 27 read_bytes 0 write_bytes 299008
	Process OS info: (pid 556453 state R utime 1093 stime 1 cutime 0 cstime 0 CPU usage 98)
	CPU temperature (celsius): socket 0: 63 socket 1: 74[0m
EAR[556453](hratio_l30) at 2.60/1.47 in tcn366 MR[0] elapsed 11005 sec.: [32mLoop time: 1.107s DC Power: [35m509.3W[32m DRAM power: 0.00W PCK power: 429.01W
	avg. CPUFreq: 2.57GHz avg. IMCFreq: 1.47GHz
	CPI: 0.374 VPI: 0.00, Mem. bwidth: 0.10GB/s GFLOPS: 0.00 I/O: 0.01MB/s No MPI  
	TPI 0.01 Cache miss rates: L1 0.12GB/s L2 0.00GB/s L3 0.00GB/s
	Total MPI calls 3
	IO DATA: rchar 4612 wchar 8844 syscr 51 syscw 27 read_bytes 0 write_bytes 450560
	Process OS info: (pid 556453 state R utime 1092 stime 1 cutime 0 cstime 0 CPU usage 98)
	CPU temperature (celsius): socket 0: 63 socket 1: 74[0m
EAR[556453](hratio_l30) at 2.60/1.47 in tcn366 MR[0] elapsed 11016 sec.: [32mLoop time: 1.108s DC Power: [35m508.4W[32m DRAM power: 0.00W PCK power: 428.79W
	avg. CPUFreq: 2.57GHz avg. IMCFreq: 1.47GHz
	CPI: 0.374 VPI: 0.00, Mem. bwidth: 0.11GB/s GFLOPS: 0.00 I/O: 0.01MB/s No MPI  
	TPI 0.02 Cache miss rates: L1 0.13GB/s L2 0.00GB/s L3 0.00GB/s
	Total MPI calls 3
	IO DATA: rchar 4612 wchar 8844 syscr 51 syscw 27 read_bytes 0 write_bytes 294912
	Process OS info: (pid 556453 state R utime 1094 stime 0 cutime 0 cstime 0 CPU usage 98)
	CPU temperature (celsius): socket 0: 63 socket 1: 74[0m
EAR[556453](hratio_l30) at 2.60/1.47 in tcn366 MR[0] elapsed 11027 sec.: [32mLoop time: 1.107s DC Power: [35m457.5W[32m DRAM power: 0.00W PCK power: 428.81W
	avg. CPUFreq: 2.57GHz avg. IMCFreq: 1.47GHz
	CPI: 0.374 VPI: 0.00, Mem. bwidth: 0.13GB/s GFLOPS: 0.00 I/O: 0.01MB/s No MPI  
	TPI 0.02 Cache miss rates: L1 0.12GB/s L2 0.00GB/s L3 0.00GB/s
	Total MPI calls 3
	IO DATA: rchar 4612 wchar 8844 syscr 51 syscw 27 read_bytes 0 write_bytes 294912
	Process OS info: (pid 556453 state R utime 1093 stime 1 cutime 0 cstime 0 CPU usage 98)
	CPU temperature (celsius): socket 0: 63 socket 1: 74[0m
EAR[556453](hratio_l30) at 2.60/1.47 in tcn366 MR[0] elapsed 11039 sec.: [32mLoop time: 1.109s DC Power: [35m507.4W[32m DRAM power: 0.00W PCK power: 428.64W
	avg. CPUFreq: 2.57GHz avg. IMCFreq: 1.47GHz
	CPI: 0.374 VPI: 0.00, Mem. bwidth: 0.24GB/s GFLOPS: 0.00 I/O: 0.01MB/s No MPI  
	TPI 0.04 Cache miss rates: L1 0.13GB/s L2 0.00GB/s L3 0.00GB/s
	Total MPI calls 3
	IO DATA: rchar 4612 wchar 8844 syscr 51 syscw 27 read_bytes 0 write_bytes 294912
	Process OS info: (pid 556453 state R utime 1070 stime 1 cutime 0 cstime 0 CPU usage 96)
	CPU temperature (celsius): socket 0: 63 socket 1: 74[0m
EAR[556453](hratio_l30) at 2.60/1.47 in tcn366 MR[0] elapsed 11050 sec.: [32mLoop time: 1.108s DC Power: [35m456.5W[32m DRAM power: 0.00W PCK power: 428.91W
	avg. CPUFreq: 2.57GHz avg. IMCFreq: 1.47GHz
	CPI: 0.373 VPI: 0.00, Mem. bwidth: 0.30GB/s GFLOPS: 0.00 I/O: 0.01MB/s No MPI  
	TPI 0.04 Cache miss rates: L1 0.17GB/s L2 0.00GB/s L3 0.00GB/s
	Total MPI calls 3
	IO DATA: rchar 4612 wchar 8844 syscr 51 syscw 27 read_bytes 0 write_bytes 303104
	Process OS info: (pid 556453 state R utime 1091 stime 0 cutime 0 cstime 0 CPU usage 98)
	CPU temperature (celsius): socket 0: 63 socket 1: 74[0m
EAR[556453](hratio_l30) at 2.60/1.47 in tcn366 MR[0] elapsed 11061 sec.: [32mLoop time: 1.108s DC Power: [35m507.2W[32m DRAM power: 0.00W PCK power: 429.39W
	avg. CPUFreq: 2.57GHz avg. IMCFreq: 1.47GHz
	CPI: 0.373 VPI: 0.00, Mem. bwidth: 0.40GB/s GFLOPS: 0.00 I/O: 0.01MB/s No MPI  
	TPI 0.06 Cache miss rates: L1 0.17GB/s L2 0.00GB/s L3 0.00GB/s
	Total MPI calls 3
	IO DATA: rchar 4612 wchar 8844 syscr 51 syscw 27 read_bytes 0 write_bytes 294912
	Process OS info: (pid 556453 state R utime 1089 stime 1 cutime 0 cstime 0 CPU usage 98)
	CPU temperature (celsius): socket 0: 63 socket 1: 74[0m
EAR[556453](hratio_l30) at 2.60/1.47 in tcn366 MR[0] elapsed 11072 sec.: [32mLoop time: 1.108s DC Power: [35m507.6W[32m DRAM power: 0.00W PCK power: 429.10W
	avg. CPUFreq: 2.57GHz avg. IMCFreq: 1.47GHz
	CPI: 0.373 VPI: 0.00, Mem. bwidth: 0.23GB/s GFLOPS: 0.00 I/O: 0.01MB/s No MPI  
	TPI 0.03 Cache miss rates: L1 0.17GB/s L2 0.00GB/s L3 0.00GB/s
	Total MPI calls 3
	IO DATA: rchar 4612 wchar 8844 syscr 51 syscw 27 read_bytes 0 write_bytes 290816
	Process OS info: (pid 556453 state R utime 1091 stime 1 cutime 0 cstime 0 CPU usage 98)
	CPU temperature (celsius): socket 0: 63 socket 1: 74[0m
EAR[556453](hratio_l30) at 2.60/1.47 in tcn366 MR[0] elapsed 11083 sec.: [32mLoop time: 1.108s DC Power: [35m508.1W[32m DRAM power: 0.00W PCK power: 429.44W
	avg. CPUFreq: 2.57GHz avg. IMCFreq: 1.47GHz
	CPI: 0.373 VPI: 0.00, Mem. bwidth: 0.40GB/s GFLOPS: 0.00 I/O: 0.01MB/s No MPI  
	TPI 0.06 Cache miss rates: L1 0.17GB/s L2 0.00GB/s L3 0.00GB/s
	Total MPI calls 3
	IO DATA: rchar 4612 wchar 8844 syscr 51 syscw 27 read_bytes 0 write_bytes 294912
	Process OS info: (pid 556453 state R utime 1079 stime 0 cutime 0 cstime 0 CPU usage 97)
	CPU temperature (celsius): socket 0: 63 socket 1: 74[0m
EAR[556453](hratio_l30) at 2.60/1.47 in tcn366 MR[0] elapsed 11094 sec.: [32mLoop time: 1.108s DC Power: [35m508.0W[32m DRAM power: 0.00W PCK power: 429.15W
	avg. CPUFreq: 2.57GHz avg. IMCFreq: 1.47GHz
	CPI: 0.373 VPI: 0.00, Mem. bwidth: 0.11GB/s GFLOPS: 0.00 I/O: 0.01MB/s No MPI  
	TPI 0.02 Cache miss rates: L1 0.16GB/s L2 0.00GB/s L3 0.00GB/s
	Total MPI calls 3
	IO DATA: rchar 4612 wchar 8844 syscr 51 syscw 27 read_bytes 0 write_bytes 290816
	Process OS info: (pid 556453 state R utime 1094 stime 1 cutime 0 cstime 0 CPU usage 98)
	CPU temperature (celsius): socket 0: 63 socket 1: 74[0m
EAR[556453](hratio_l30) at 2.60/1.47 in tcn366 MR[0] elapsed 11105 sec.: [32mLoop time: 1.108s DC Power: [35m457.4W[32m DRAM power: 0.00W PCK power: 429.06W
	avg. CPUFreq: 2.57GHz avg. IMCFreq: 1.47GHz
	CPI: 0.373 VPI: 0.00, Mem. bwidth: 0.10GB/s GFLOPS: 0.00 I/O: 0.01MB/s No MPI  
	TPI 0.01 Cache miss rates: L1 0.16GB/s L2 0.00GB/s L3 0.00GB/s
	Total MPI calls 3
	IO DATA: rchar 4612 wchar 8844 syscr 51 syscw 27 read_bytes 0 write_bytes 294912
	Process OS info: (pid 556453 state R utime 1093 stime 1 cutime 0 cstime 0 CPU usage 98)
	CPU temperature (celsius): socket 0: 63 socket 1: 74[0m
EAR[556453](hratio_l30) at 2.60/1.47 in tcn366 MR[0] elapsed 11116 sec.: [32mLoop time: 1.107s DC Power: [35m457.2W[32m DRAM power: 0.00W PCK power: 429.00W
	avg. CPUFreq: 2.57GHz avg. IMCFreq: 1.47GHz
	CPI: 0.373 VPI: 0.00, Mem. bwidth: 0.11GB/s GFLOPS: 0.00 I/O: 0.01MB/s No MPI  
	TPI 0.02 Cache miss rates: L1 0.16GB/s L2 0.00GB/s L3 0.00GB/s
	Total MPI calls 3
	IO DATA: rchar 4612 wchar 8844 syscr 51 syscw 27 read_bytes 0 write_bytes 299008
	Process OS info: (pid 556453 state R utime 1093 stime 0 cutime 0 cstime 0 CPU usage 98)
	CPU temperature (celsius): socket 0: 63 socket 1: 74[0m
EAR[556453](hratio_l30) at 2.60/1.47 in tcn366 MR[0] elapsed 11127 sec.: [32mLoop time: 1.108s DC Power: [35m508.2W[32m DRAM power: 0.00W PCK power: 429.08W
	avg. CPUFreq: 2.57GHz avg. IMCFreq: 1.47GHz
	CPI: 0.373 VPI: 0.00, Mem. bwidth: 0.11GB/s GFLOPS: 0.00 I/O: 0.01MB/s No MPI  
	TPI 0.02 Cache miss rates: L1 0.16GB/s L2 0.00GB/s L3 0.00GB/s
	Total MPI calls 3
	IO DATA: rchar 4612 wchar 8844 syscr 51 syscw 27 read_bytes 0 write_bytes 294912
	Process OS info: (pid 556453 state R utime 1093 stime 1 cutime 0 cstime 0 CPU usage 98)
	CPU temperature (celsius): socket 0: 63 socket 1: 74[0m
EAR[556453](hratio_l30) at 2.60/1.47 in tcn366 MR[0] elapsed 11138 sec.: [32mLoop time: 1.108s DC Power: [35m508.4W[32m DRAM power: 0.00W PCK power: 429.22W
	avg. CPUFreq: 2.57GHz avg. IMCFreq: 1.47GHz
	CPI: 0.373 VPI: 0.00, Mem. bwidth: 0.11GB/s GFLOPS: 0.00 I/O: 0.01MB/s No MPI  
	TPI 0.02 Cache miss rates: L1 0.17GB/s L2 0.00GB/s L3 0.00GB/s
	Total MPI calls 3
	IO DATA: rchar 4612 wchar 8844 syscr 51 syscw 27 read_bytes 0 write_bytes 294912
	Process OS info: (pid 556453 state R utime 1093 stime 1 cutime 0 cstime 0 CPU usage 98)
	CPU temperature (celsius): socket 0: 63 socket 1: 74[0m
EAR[556453](hratio_l30) at 2.60/1.47 in tcn366 MR[0] elapsed 11149 sec.: [32mLoop time: 1.108s DC Power: [35m509.2W[32m DRAM power: 0.00W PCK power: 429.20W
	avg. CPUFreq: 2.57GHz avg. IMCFreq: 1.47GHz
	CPI: 0.373 VPI: 0.00, Mem. bwidth: 0.10GB/s GFLOPS: 0.00 I/O: 0.01MB/s No MPI  
	TPI 0.01 Cache miss rates: L1 0.16GB/s L2 0.00GB/s L3 0.00GB/s
	Total MPI calls 3
	IO DATA: rchar 4612 wchar 8844 syscr 51 syscw 27 read_bytes 0 write_bytes 307200
	Process OS info: (pid 556453 state R utime 1093 stime 0 cutime 0 cstime 0 CPU usage 98)
	CPU temperature (celsius): socket 0: 63 socket 1: 74[0m
EAR[556453](hratio_l30) at 2.60/1.47 in tcn366 MR[0] elapsed 11160 sec.: [32mLoop time: 1.108s DC Power: [35m458.9W[32m DRAM power: 0.00W PCK power: 429.17W
	avg. CPUFreq: 2.57GHz avg. IMCFreq: 1.47GHz
	CPI: 0.373 VPI: 0.00, Mem. bwidth: 0.12GB/s GFLOPS: 0.00 I/O: 0.01MB/s No MPI  
	TPI 0.02 Cache miss rates: L1 0.17GB/s L2 0.00GB/s L3 0.00GB/s
	Total MPI calls 3
	IO DATA: rchar 4612 wchar 8844 syscr 51 syscw 27 read_bytes 0 write_bytes 303104
	Process OS info: (pid 556453 state R utime 1093 stime 1 cutime 0 cstime 0 CPU usage 98)
	CPU temperature (celsius): socket 0: 63 socket 1: 74[0m
EAR[556453](hratio_l30) at 2.60/1.47 in tcn366 MR[0] elapsed 11171 sec.: [32mLoop time: 1.108s DC Power: [35m509.8W[32m DRAM power: 0.00W PCK power: 429.17W
	avg. CPUFreq: 2.57GHz avg. IMCFreq: 1.47GHz
	CPI: 0.373 VPI: 0.00, Mem. bwidth: 0.16GB/s GFLOPS: 0.00 I/O: 0.01MB/s No MPI  
	TPI 0.02 Cache miss rates: L1 0.16GB/s L2 0.00GB/s L3 0.00GB/s
	Total MPI calls 3
	IO DATA: rchar 4612 wchar 8844 syscr 51 syscw 27 read_bytes 0 write_bytes 290816
	Process OS info: (pid 556453 state R utime 1091 stime 0 cutime 0 cstime 0 CPU usage 98)
	CPU temperature (celsius): socket 0: 63 socket 1: 74[0m
EAR[556453](hratio_l30) at 2.60/1.47 in tcn366 MR[0] elapsed 11183 sec.: [32mLoop time: 1.108s DC Power: [35m509.2W[32m DRAM power: 0.00W PCK power: 429.38W
	avg. CPUFreq: 2.57GHz avg. IMCFreq: 1.47GHz
	CPI: 0.373 VPI: 0.00, Mem. bwidth: 0.10GB/s GFLOPS: 0.00 I/O: 0.01MB/s No MPI  
	TPI 0.01 Cache miss rates: L1 0.17GB/s L2 0.00GB/s L3 0.00GB/s
	Total MPI calls 3
	IO DATA: rchar 4612 wchar 8844 syscr 51 syscw 27 read_bytes 0 write_bytes 299008
	Process OS info: (pid 556453 state R utime 1092 stime 1 cutime 0 cstime 0 CPU usage 98)
	CPU temperature (celsius): socket 0: 63 socket 1: 74[0m
EAR[556453](hratio_l30) at 2.60/1.47 in tcn366 MR[0] elapsed 11194 sec.: [32mLoop time: 1.108s DC Power: [35m508.3W[32m DRAM power: 0.00W PCK power: 429.22W
	avg. CPUFreq: 2.57GHz avg. IMCFreq: 1.47GHz
	CPI: 0.373 VPI: 0.00, Mem. bwidth: 0.11GB/s GFLOPS: 0.00 I/O: 0.01MB/s No MPI  
	TPI 0.02 Cache miss rates: L1 0.16GB/s L2 0.00GB/s L3 0.00GB/s
	Total MPI calls 3
	IO DATA: rchar 4612 wchar 8844 syscr 51 syscw 27 read_bytes 0 write_bytes 294912
	Process OS info: (pid 556453 state R utime 1091 stime 1 cutime 0 cstime 0 CPU usage 98)
	CPU temperature (celsius): socket 0: 63 socket 1: 74[0m
EAR[556453](hratio_l30) at 2.60/1.47 in tcn366 MR[0] elapsed 11205 sec.: [32mLoop time: 1.108s DC Power: [35m457.4W[32m DRAM power: 0.00W PCK power: 429.20W
	avg. CPUFreq: 2.57GHz avg. IMCFreq: 1.47GHz
	CPI: 0.373 VPI: 0.00, Mem. bwidth: 0.12GB/s GFLOPS: 0.00 I/O: 0.01MB/s No MPI  
	TPI 0.02 Cache miss rates: L1 0.17GB/s L2 0.00GB/s L3 0.00GB/s
	Total MPI calls 3
	IO DATA: rchar 4612 wchar 8844 syscr 51 syscw 27 read_bytes 0 write_bytes 294912
	Process OS info: (pid 556453 state R utime 1092 stime 1 cutime 0 cstime 0 CPU usage 98)
	CPU temperature (celsius): socket 0: 63 socket 1: 74[0m
EAR[556453](hratio_l30) at 2.60/1.47 in tcn366 MR[0] elapsed 11216 sec.: [32mLoop time: 1.107s DC Power: [35m508.5W[32m DRAM power: 0.00W PCK power: 429.15W
	avg. CPUFreq: 2.57GHz avg. IMCFreq: 1.47GHz
	CPI: 0.373 VPI: 0.00, Mem. bwidth: 0.11GB/s GFLOPS: 0.00 I/O: 0.01MB/s No MPI  
	TPI 0.02 Cache miss rates: L1 0.16GB/s L2 0.00GB/s L3 0.00GB/s
	Total MPI calls 3
	IO DATA: rchar 4612 wchar 8844 syscr 51 syscw 27 read_bytes 0 write_bytes 303104
	Process OS info: (pid 556453 state R utime 1091 stime 1 cutime 0 cstime 0 CPU usage 98)
	CPU temperature (celsius): socket 0: 63 socket 1: 74[0m
EAR[556453](hratio_l30) at 2.60/1.47 in tcn366 MR[0] elapsed 11227 sec.: [32mLoop time: 1.108s DC Power: [35m457.5W[32m DRAM power: 0.00W PCK power: 429.11W
	avg. CPUFreq: 2.57GHz avg. IMCFreq: 1.47GHz
	CPI: 0.373 VPI: 0.00, Mem. bwidth: 0.10GB/s GFLOPS: 0.00 I/O: 0.01MB/s No MPI  
	TPI 0.01 Cache miss rates: L1 0.17GB/s L2 0.00GB/s L3 0.00GB/s
	Total MPI calls 3
	IO DATA: rchar 4612 wchar 8844 syscr 51 syscw 27 read_bytes 0 write_bytes 299008
	Process OS info: (pid 556453 state R utime 1092 stime 0 cutime 0 cstime 0 CPU usage 98)
	CPU temperature (celsius): socket 0: 63 socket 1: 74[0m
EAR[556453](hratio_l30) at 2.60/1.47 in tcn366 MR[0] elapsed 11238 sec.: [32mLoop time: 1.108s DC Power: [35m508.2W[32m DRAM power: 0.00W PCK power: 429.06W
	avg. CPUFreq: 2.57GHz avg. IMCFreq: 1.47GHz
	CPI: 0.373 VPI: 0.00, Mem. bwidth: 0.12GB/s GFLOPS: 0.00 I/O: 0.01MB/s No MPI  
	TPI 0.02 Cache miss rates: L1 0.17GB/s L2 0.00GB/s L3 0.00GB/s
	Total MPI calls 3
	IO DATA: rchar 4612 wchar 8844 syscr 51 syscw 27 read_bytes 0 write_bytes 303104
	Process OS info: (pid 556453 state R utime 1093 stime 1 cutime 0 cstime 0 CPU usage 98)
	CPU temperature (celsius): socket 0: 63 socket 1: 74[0m
EAR[556453](hratio_l30) at 2.60/1.47 in tcn366 MR[0] elapsed 11249 sec.: [32mLoop time: 1.108s DC Power: [35m457.4W[32m DRAM power: 0.00W PCK power: 429.07W
	avg. CPUFreq: 2.57GHz avg. IMCFreq: 1.47GHz
	CPI: 0.373 VPI: 0.00, Mem. bwidth: 0.11GB/s GFLOPS: 0.00 I/O: 0.01MB/s No MPI  
	TPI 0.02 Cache miss rates: L1 0.17GB/s L2 0.00GB/s L3 0.00GB/s
	Total MPI calls 3
	IO DATA: rchar 4612 wchar 8844 syscr 51 syscw 27 read_bytes 0 write_bytes 294912
	Process OS info: (pid 556453 state R utime 1093 stime 1 cutime 0 cstime 0 CPU usage 98)
	CPU temperature (celsius): socket 0: 63 socket 1: 74[0m
EAR[556453](hratio_l30) at 2.60/1.47 in tcn366 MR[0] elapsed 11260 sec.: [32mLoop time: 1.107s DC Power: [35m508.4W[32m DRAM power: 0.00W PCK power: 429.11W
	avg. CPUFreq: 2.57GHz avg. IMCFreq: 1.47GHz
	CPI: 0.373 VPI: 0.00, Mem. bwidth: 0.13GB/s GFLOPS: 0.00 I/O: 0.01MB/s No MPI  
	TPI 0.02 Cache miss rates: L1 0.17GB/s L2 0.00GB/s L3 0.00GB/s
	Total MPI calls 3
	IO DATA: rchar 4612 wchar 8844 syscr 51 syscw 27 read_bytes 0 write_bytes 294912
	Process OS info: (pid 556453 state R utime 1093 stime 0 cutime 0 cstime 0 CPU usage 98)
	CPU temperature (celsius): socket 0: 63 socket 1: 74[0m
EAR[556453](hratio_l30) at 2.60/1.47 in tcn366 MR[0] elapsed 11271 sec.: [32mLoop time: 1.107s DC Power: [35m508.5W[32m DRAM power: 0.00W PCK power: 429.20W
	avg. CPUFreq: 2.57GHz avg. IMCFreq: 1.47GHz
	CPI: 0.373 VPI: 0.00, Mem. bwidth: 0.10GB/s GFLOPS: 0.00 I/O: 0.01MB/s No MPI  
	TPI 0.02 Cache miss rates: L1 0.17GB/s L2 0.00GB/s L3 0.00GB/s
	Total MPI calls 3
	IO DATA: rchar 4612 wchar 8844 syscr 51 syscw 27 read_bytes 0 write_bytes 294912
	Process OS info: (pid 556453 state R utime 1093 stime 1 cutime 0 cstime 0 CPU usage 98)
	CPU temperature (celsius): socket 0: 63 socket 1: 74[0m
EAR[556453](hratio_l30) at 2.60/1.47 in tcn366 MR[0] elapsed 11282 sec.: [32mLoop time: 1.107s DC Power: [35m457.8W[32m DRAM power: 0.00W PCK power: 429.20W
	avg. CPUFreq: 2.57GHz avg. IMCFreq: 1.47GHz
	CPI: 0.373 VPI: 0.00, Mem. bwidth: 0.10GB/s GFLOPS: 0.00 I/O: 0.01MB/s No MPI  
	TPI 0.01 Cache miss rates: L1 0.16GB/s L2 0.00GB/s L3 0.00GB/s
	Total MPI calls 3
	IO DATA: rchar 4612 wchar 8844 syscr 51 syscw 27 read_bytes 0 write_bytes 323584
	Process OS info: (pid 556453 state R utime 1092 stime 0 cutime 0 cstime 0 CPU usage 98)
	CPU temperature (celsius): socket 0: 63 socket 1: 74[0m
EAR[556453](hratio_l30) at 2.60/1.47 in tcn366 MR[0] elapsed 11293 sec.: [32mLoop time: 1.108s DC Power: [35m457.4W[32m DRAM power: 0.00W PCK power: 429.21W
	avg. CPUFreq: 2.57GHz avg. IMCFreq: 1.47GHz
	CPI: 0.373 VPI: 0.00, Mem. bwidth: 0.12GB/s GFLOPS: 0.00 I/O: 0.01MB/s No MPI  
	TPI 0.02 Cache miss rates: L1 0.17GB/s L2 0.00GB/s L3 0.00GB/s
	Total MPI calls 3
	IO DATA: rchar 4612 wchar 8844 syscr 51 syscw 27 read_bytes 0 write_bytes 303104
	Process OS info: (pid 556453 state R utime 1093 stime 1 cutime 0 cstime 0 CPU usage 98)
	CPU temperature (celsius): socket 0: 63 socket 1: 74[0m
EAR[556453](hratio_l30) at 2.60/1.47 in tcn366 MR[0] elapsed 11304 sec.: [32mLoop time: 1.108s DC Power: [35m508.2W[32m DRAM power: 0.00W PCK power: 429.37W
	avg. CPUFreq: 2.57GHz avg. IMCFreq: 1.47GHz
	CPI: 0.373 VPI: 0.00, Mem. bwidth: 0.10GB/s GFLOPS: 0.00 I/O: 0.01MB/s No MPI  
	TPI 0.02 Cache miss rates: L1 0.16GB/s L2 0.00GB/s L3 0.00GB/s
	Total MPI calls 3
	IO DATA: rchar 4612 wchar 8844 syscr 51 syscw 27 read_bytes 0 write_bytes 299008
	Process OS info: (pid 556453 state R utime 1094 stime 0 cutime 0 cstime 0 CPU usage 98)
	CPU temperature (celsius): socket 0: 63 socket 1: 74[0m
EAR[556453](hratio_l30) at 2.60/1.47 in tcn366 MR[0] elapsed 11315 sec.: [32mLoop time: 1.108s DC Power: [35m509.2W[32m DRAM power: 0.00W PCK power: 429.28W
	avg. CPUFreq: 2.57GHz avg. IMCFreq: 1.47GHz
	CPI: 0.373 VPI: 0.00, Mem. bwidth: 0.11GB/s GFLOPS: 0.00 I/O: 0.01MB/s No MPI  
	TPI 0.02 Cache miss rates: L1 0.16GB/s L2 0.00GB/s L3 0.00GB/s
	Total MPI calls 3
	IO DATA: rchar 4612 wchar 8844 syscr 51 syscw 27 read_bytes 0 write_bytes 294912
	Process OS info: (pid 556453 state R utime 1092 stime 1 cutime 0 cstime 0 CPU usage 98)
	CPU temperature (celsius): socket 0: 63 socket 1: 74[0m
EAR[556453](hratio_l30) at 2.60/1.47 in tcn366 MR[0] elapsed 11327 sec.: [32mLoop time: 1.108s DC Power: [35m510.1W[32m DRAM power: 0.00W PCK power: 429.56W
	avg. CPUFreq: 2.57GHz avg. IMCFreq: 1.47GHz
	CPI: 0.372 VPI: 0.00, Mem. bwidth: 0.11GB/s GFLOPS: 0.00 I/O: 0.01MB/s No MPI  
	TPI 0.02 Cache miss rates: L1 0.17GB/s L2 0.00GB/s L3 0.00GB/s
	Total MPI calls 3
	IO DATA: rchar 4612 wchar 8844 syscr 51 syscw 27 read_bytes 0 write_bytes 294912
	Process OS info: (pid 556453 state R utime 1093 stime 1 cutime 0 cstime 0 CPU usage 98)
	CPU temperature (celsius): socket 0: 63 socket 1: 74[0m
EAR[556453](hratio_l30) at 2.60/1.47 in tcn366 MR[0] elapsed 11338 sec.: [32mLoop time: 1.107s DC Power: [35m459.2W[32m DRAM power: 0.00W PCK power: 429.65W
	avg. CPUFreq: 2.57GHz avg. IMCFreq: 1.47GHz
	CPI: 0.372 VPI: 0.00, Mem. bwidth: 0.11GB/s GFLOPS: 0.00 I/O: 0.01MB/s No MPI  
	TPI 0.02 Cache miss rates: L1 0.17GB/s L2 0.00GB/s L3 0.00GB/s
	Total MPI calls 3
	IO DATA: rchar 4612 wchar 8844 syscr 51 syscw 27 read_bytes 0 write_bytes 294912
	Process OS info: (pid 556453 state R utime 1093 stime 0 cutime 0 cstime 0 CPU usage 98)
	CPU temperature (celsius): socket 0: 63 socket 1: 74[0m
EAR[556453](hratio_l30) at 2.60/1.47 in tcn366 MR[0] elapsed 11349 sec.: [32mLoop time: 1.108s DC Power: [35m459.1W[32m DRAM power: 0.00W PCK power: 429.63W
	avg. CPUFreq: 2.57GHz avg. IMCFreq: 1.47GHz
	CPI: 0.372 VPI: 0.00, Mem. bwidth: 0.12GB/s GFLOPS: 0.00 I/O: 0.01MB/s No MPI  
	TPI 0.02 Cache miss rates: L1 0.16GB/s L2 0.00GB/s L3 0.00GB/s
	Total MPI calls 3
	IO DATA: rchar 4612 wchar 8844 syscr 51 syscw 27 read_bytes 0 write_bytes 307200
	Process OS info: (pid 556453 state R utime 1092 stime 1 cutime 0 cstime 0 CPU usage 98)
	CPU temperature (celsius): socket 0: 63 socket 1: 74[0m
EAR[556453](hratio_l30) at 2.60/1.47 in tcn366 MR[0] elapsed 11360 sec.: [32mLoop time: 1.108s DC Power: [35m509.3W[32m DRAM power: 0.00W PCK power: 429.61W
	avg. CPUFreq: 2.57GHz avg. IMCFreq: 1.47GHz
	CPI: 0.372 VPI: 0.00, Mem. bwidth: 0.09GB/s GFLOPS: 0.00 I/O: 0.01MB/s No MPI  
	TPI 0.01 Cache miss rates: L1 0.17GB/s L2 0.00GB/s L3 0.00GB/s
	Total MPI calls 3
	IO DATA: rchar 4612 wchar 8844 syscr 51 syscw 27 read_bytes 0 write_bytes 299008
	Process OS info: (pid 556453 state R utime 1094 stime 0 cutime 0 cstime 0 CPU usage 98)
	CPU temperature (celsius): socket 0: 63 socket 1: 74[0m
EAR[556453](hratio_l30) at 2.60/1.47 in tcn366 MR[0] elapsed 11371 sec.: [32mLoop time: 1.107s DC Power: [35m509.0W[32m DRAM power: 0.00W PCK power: 429.76W
	avg. CPUFreq: 2.57GHz avg. IMCFreq: 1.47GHz
	CPI: 0.372 VPI: 0.00, Mem. bwidth: 0.11GB/s GFLOPS: 0.00 I/O: 0.01MB/s No MPI  
	TPI 0.02 Cache miss rates: L1 0.16GB/s L2 0.00GB/s L3 0.00GB/s
	Total MPI calls 3
	IO DATA: rchar 4612 wchar 8844 syscr 51 syscw 27 read_bytes 0 write_bytes 294912
	Process OS info: (pid 556453 state R utime 1092 stime 1 cutime 0 cstime 0 CPU usage 98)
	CPU temperature (celsius): socket 0: 63 socket 1: 74[0m
EAR[556453](hratio_l30) at 2.60/1.47 in tcn366 MR[0] elapsed 11382 sec.: [32mLoop time: 1.108s DC Power: [35m457.5W[32m DRAM power: 0.00W PCK power: 429.57W
	avg. CPUFreq: 2.57GHz avg. IMCFreq: 1.47GHz
	CPI: 0.372 VPI: 0.00, Mem. bwidth: 0.12GB/s GFLOPS: 0.00 I/O: 0.01MB/s No MPI  
	TPI 0.02 Cache miss rates: L1 0.17GB/s L2 0.00GB/s L3 0.00GB/s
	Total MPI calls 3
	IO DATA: rchar 4612 wchar 8844 syscr 51 syscw 27 read_bytes 0 write_bytes 294912
	Process OS info: (pid 556453 state R utime 1093 stime 0 cutime 0 cstime 0 CPU usage 98)
	CPU temperature (celsius): socket 0: 63 socket 1: 74[0m
EAR[556453](hratio_l30) at 2.60/1.47 in tcn366 MR[0] elapsed 11393 sec.: [32mLoop time: 1.108s DC Power: [35m508.3W[32m DRAM power: 0.00W PCK power: 429.56W
	avg. CPUFreq: 2.57GHz avg. IMCFreq: 1.47GHz
	CPI: 0.372 VPI: 0.00, Mem. bwidth: 0.10GB/s GFLOPS: 0.00 I/O: 0.01MB/s No MPI  
	TPI 0.01 Cache miss rates: L1 0.17GB/s L2 0.00GB/s L3 0.00GB/s
	Total MPI calls 3
	IO DATA: rchar 4612 wchar 8844 syscr 51 syscw 27 read_bytes 0 write_bytes 294912
	Process OS info: (pid 556453 state R utime 1093 stime 1 cutime 0 cstime 0 CPU usage 98)
	CPU temperature (celsius): socket 0: 63 socket 1: 74[0m
EAR[556453](hratio_l30) at 2.60/1.47 in tcn366 MR[0] elapsed 11404 sec.: [32mLoop time: 1.109s DC Power: [35m507.7W[32m DRAM power: 0.00W PCK power: 429.57W
	avg. CPUFreq: 2.57GHz avg. IMCFreq: 1.47GHz
	CPI: 0.372 VPI: 0.00, Mem. bwidth: 0.11GB/s GFLOPS: 0.00 I/O: 0.01MB/s No MPI  
	TPI 0.02 Cache miss rates: L1 0.16GB/s L2 0.00GB/s L3 0.00GB/s
	Total MPI calls 3
	IO DATA: rchar 4612 wchar 8844 syscr 51 syscw 27 read_bytes 0 write_bytes 294912
	Process OS info: (pid 556453 state R utime 1095 stime 1 cutime 0 cstime 0 CPU usage 98)
	CPU temperature (celsius): socket 0: 63 socket 1: 74[0m
EAR[556453](hratio_l30) at 2.60/1.47 in tcn366 MR[0] elapsed 11415 sec.: [32mLoop time: 1.107s DC Power: [35m508.4W[32m DRAM power: 0.00W PCK power: 429.51W
	avg. CPUFreq: 2.57GHz avg. IMCFreq: 1.47GHz
	CPI: 0.372 VPI: 0.00, Mem. bwidth: 0.14GB/s GFLOPS: 0.00 I/O: 0.01MB/s No MPI  
	TPI 0.02 Cache miss rates: L1 0.16GB/s L2 0.00GB/s L3 0.00GB/s
	Total MPI calls 3
	IO DATA: rchar 4612 wchar 8844 syscr 51 syscw 27 read_bytes 0 write_bytes 364544
	Process OS info: (pid 556453 state R utime 1092 stime 0 cutime 0 cstime 0 CPU usage 98)
	CPU temperature (celsius): socket 0: 63 socket 1: 74[0m
EAR[556453](hratio_l30) at 2.60/1.47 in tcn366 MR[0] elapsed 11426 sec.: [32mLoop time: 1.108s DC Power: [35m457.4W[32m DRAM power: 0.00W PCK power: 429.51W
	avg. CPUFreq: 2.57GHz avg. IMCFreq: 1.47GHz
	CPI: 0.372 VPI: 0.00, Mem. bwidth: 0.11GB/s GFLOPS: 0.00 I/O: 0.01MB/s No MPI  
	TPI 0.02 Cache miss rates: L1 0.17GB/s L2 0.00GB/s L3 0.00GB/s
	Total MPI calls 3
	IO DATA: rchar 4612 wchar 8844 syscr 51 syscw 27 read_bytes 0 write_bytes 290816
	Process OS info: (pid 556453 state R utime 1093 stime 1 cutime 0 cstime 0 CPU usage 98)
	CPU temperature (celsius): socket 0: 63 socket 1: 74[0m
EAR[556453](hratio_l30) at 2.60/1.47 in tcn366 MR[0] elapsed 11437 sec.: [32mLoop time: 1.108s DC Power: [35m508.2W[32m DRAM power: 0.00W PCK power: 429.70W
	avg. CPUFreq: 2.57GHz avg. IMCFreq: 1.47GHz
	CPI: 0.372 VPI: 0.00, Mem. bwidth: 0.12GB/s GFLOPS: 0.00 I/O: 0.01MB/s No MPI  
	TPI 0.02 Cache miss rates: L1 0.20GB/s L2 0.00GB/s L3 0.00GB/s
	Total MPI calls 3
	IO DATA: rchar 4612 wchar 8844 syscr 51 syscw 27 read_bytes 0 write_bytes 294912
	Process OS info: (pid 556453 state R utime 1093 stime 0 cutime 0 cstime 0 CPU usage 98)
	CPU temperature (celsius): socket 0: 63 socket 1: 74[0m
EAR[556453](hratio_l30) at 2.60/1.47 in tcn366 MR[0] elapsed 11448 sec.: [32mLoop time: 1.107s DC Power: [35m508.4W[32m DRAM power: 0.00W PCK power: 429.90W
	avg. CPUFreq: 2.57GHz avg. IMCFreq: 1.47GHz
	CPI: 0.371 VPI: 0.00, Mem. bwidth: 0.11GB/s GFLOPS: 0.00 I/O: 0.01MB/s No MPI  
	TPI 0.02 Cache miss rates: L1 0.25GB/s L2 0.00GB/s L3 0.00GB/s
	Total MPI calls 3
	IO DATA: rchar 4612 wchar 8844 syscr 51 syscw 27 read_bytes 0 write_bytes 294912
	Process OS info: (pid 556453 state R utime 1093 stime 1 cutime 0 cstime 0 CPU usage 98)
	CPU temperature (celsius): socket 0: 63 socket 1: 74[0m
EAR[556453](hratio_l30) at 2.60/1.47 in tcn366 MR[0] elapsed 11459 sec.: [32mLoop time: 1.108s DC Power: [35m508.2W[32m DRAM power: 0.00W PCK power: 429.95W
	avg. CPUFreq: 2.57GHz avg. IMCFreq: 1.47GHz
	CPI: 0.371 VPI: 0.00, Mem. bwidth: 0.11GB/s GFLOPS: 0.00 I/O: 0.01MB/s No MPI  
	TPI 0.02 Cache miss rates: L1 0.25GB/s L2 0.00GB/s L3 0.00GB/s
	Total MPI calls 3
	IO DATA: rchar 4612 wchar 8844 syscr 51 syscw 27 read_bytes 0 write_bytes 294912
	Process OS info: (pid 556453 state R utime 1092 stime 1 cutime 0 cstime 0 CPU usage 98)
	CPU temperature (celsius): socket 0: 63 socket 1: 74[0m
EAR[556453](hratio_l30) at 2.60/1.47 in tcn366 MR[0] elapsed 11471 sec.: [32mLoop time: 1.107s DC Power: [35m457.9W[32m DRAM power: 0.00W PCK power: 429.90W
	avg. CPUFreq: 2.57GHz avg. IMCFreq: 1.47GHz
	CPI: 0.371 VPI: 0.00, Mem. bwidth: 0.12GB/s GFLOPS: 0.00 I/O: 0.01MB/s No MPI  
	TPI 0.02 Cache miss rates: L1 0.26GB/s L2 0.00GB/s L3 0.00GB/s
	Total MPI calls 3
	IO DATA: rchar 4612 wchar 8844 syscr 51 syscw 27 read_bytes 0 write_bytes 294912
	Process OS info: (pid 556453 state R utime 1091 stime 0 cutime 0 cstime 0 CPU usage 98)
	CPU temperature (celsius): socket 0: 63 socket 1: 74[0m
EAR[556453](hratio_l30) at 2.60/1.47 in tcn366 MR[0] elapsed 11482 sec.: [32mLoop time: 1.108s DC Power: [35m509.2W[32m DRAM power: 0.00W PCK power: 430.03W
	avg. CPUFreq: 2.57GHz avg. IMCFreq: 1.47GHz
	CPI: 0.371 VPI: 0.00, Mem. bwidth: 0.12GB/s GFLOPS: 0.00 I/O: 0.01MB/s No MPI  
	TPI 0.02 Cache miss rates: L1 0.25GB/s L2 0.00GB/s L3 0.00GB/s
	Total MPI calls 3
	IO DATA: rchar 4612 wchar 8844 syscr 51 syscw 27 read_bytes 0 write_bytes 380928
	Process OS info: (pid 556453 state R utime 1092 stime 1 cutime 0 cstime 0 CPU usage 98)
	CPU temperature (celsius): socket 0: 63 socket 1: 74[0m
EAR[556453](hratio_l30) at 2.60/1.47 in tcn366 MR[0] elapsed 11493 sec.: [32mLoop time: 1.108s DC Power: [35m510.0W[32m DRAM power: 0.00W PCK power: 429.96W
	avg. CPUFreq: 2.57GHz avg. IMCFreq: 1.47GHz
	CPI: 0.371 VPI: 0.00, Mem. bwidth: 0.11GB/s GFLOPS: 0.00 I/O: 0.01MB/s No MPI  
	TPI 0.02 Cache miss rates: L1 0.25GB/s L2 0.00GB/s L3 0.00GB/s
	Total MPI calls 3
	IO DATA: rchar 4612 wchar 8844 syscr 51 syscw 27 read_bytes 0 write_bytes 294912
	Process OS info: (pid 556453 state R utime 1092 stime 1 cutime 0 cstime 0 CPU usage 98)
	CPU temperature (celsius): socket 0: 63 socket 1: 74[0m
EAR[556453](hratio_l30) at 2.60/1.47 in tcn366 MR[0] elapsed 11504 sec.: [32mLoop time: 1.108s DC Power: [35m510.9W[32m DRAM power: 0.00W PCK power: 430.09W
	avg. CPUFreq: 2.57GHz avg. IMCFreq: 1.47GHz
	CPI: 0.371 VPI: 0.00, Mem. bwidth: 0.14GB/s GFLOPS: 0.00 I/O: 0.01MB/s No MPI  
	TPI 0.02 Cache miss rates: L1 0.25GB/s L2 0.00GB/s L3 0.00GB/s
	Total MPI calls 3
	IO DATA: rchar 4612 wchar 8844 syscr 51 syscw 27 read_bytes 0 write_bytes 294912
	Process OS info: (pid 556453 state R utime 1092 stime 1 cutime 0 cstime 0 CPU usage 98)
	CPU temperature (celsius): socket 0: 63 socket 1: 74[0m
EAR[556453](hratio_l30) at 2.60/1.47 in tcn366 MR[0] elapsed 11515 sec.: [32mLoop time: 1.108s DC Power: [35m459.7W[32m DRAM power: 0.00W PCK power: 430.06W
	avg. CPUFreq: 2.57GHz avg. IMCFreq: 1.47GHz
	CPI: 0.371 VPI: 0.00, Mem. bwidth: 0.12GB/s GFLOPS: 0.00 I/O: 0.01MB/s No MPI  
	TPI 0.02 Cache miss rates: L1 0.25GB/s L2 0.00GB/s L3 0.00GB/s
	Total MPI calls 3
	IO DATA: rchar 4612 wchar 8844 syscr 51 syscw 27 read_bytes 0 write_bytes 294912
	Process OS info: (pid 556453 state R utime 1092 stime 0 cutime 0 cstime 0 CPU usage 98)
	CPU temperature (celsius): socket 0: 64 socket 1: 74[0m
EAR[556453](hratio_l30) at 2.60/1.47 in tcn366 MR[0] elapsed 11526 sec.: [32mLoop time: 1.108s DC Power: [35m459.1W[32m DRAM power: 0.00W PCK power: 429.99W
	avg. CPUFreq: 2.57GHz avg. IMCFreq: 1.47GHz
	CPI: 0.371 VPI: 0.00, Mem. bwidth: 0.11GB/s GFLOPS: 0.00 I/O: 0.01MB/s No MPI  
	TPI 0.02 Cache miss rates: L1 0.26GB/s L2 0.00GB/s L3 0.00GB/s
	Total MPI calls 3
	IO DATA: rchar 4612 wchar 8844 syscr 51 syscw 27 read_bytes 0 write_bytes 294912
	Process OS info: (pid 556453 state R utime 1092 stime 1 cutime 0 cstime 0 CPU usage 98)
	CPU temperature (celsius): socket 0: 63 socket 1: 74[0m
EAR[556453](hratio_l30) at 2.60/1.47 in tcn366 MR[0] elapsed 11537 sec.: [32mLoop time: 1.107s DC Power: [35m509.3W[32m DRAM power: 0.00W PCK power: 430.02W
	avg. CPUFreq: 2.57GHz avg. IMCFreq: 1.47GHz
	CPI: 0.371 VPI: 0.00, Mem. bwidth: 0.12GB/s GFLOPS: 0.00 I/O: 0.01MB/s No MPI  
	TPI 0.02 Cache miss rates: L1 0.25GB/s L2 0.00GB/s L3 0.00GB/s
	Total MPI calls 3
	IO DATA: rchar 4612 wchar 8844 syscr 51 syscw 27 read_bytes 0 write_bytes 303104
	Process OS info: (pid 556453 state R utime 1091 stime 1 cutime 0 cstime 0 CPU usage 98)
	CPU temperature (celsius): socket 0: 63 socket 1: 74[0m
EAR[556453](hratio_l30) at 2.60/1.47 in tcn366 MR[0] elapsed 11548 sec.: [32mLoop time: 1.108s DC Power: [35m509.1W[32m DRAM power: 0.00W PCK power: 430.01W
	avg. CPUFreq: 2.57GHz avg. IMCFreq: 1.47GHz
	CPI: 0.371 VPI: 0.00, Mem. bwidth: 0.11GB/s GFLOPS: 0.00 I/O: 0.01MB/s No MPI  
	TPI 0.02 Cache miss rates: L1 0.24GB/s L2 0.00GB/s L3 0.00GB/s
	Total MPI calls 3
	IO DATA: rchar 4612 wchar 8844 syscr 51 syscw 27 read_bytes 0 write_bytes 413696
	Process OS info: (pid 556453 state R utime 1092 stime 0 cutime 0 cstime 0 CPU usage 98)
	CPU temperature (celsius): socket 0: 63 socket 1: 74[0m
EAR[556453](hratio_l30) at 2.60/1.47 in tcn366 MR[0] elapsed 11559 sec.: [32mLoop time: 1.108s DC Power: [35m458.1W[32m DRAM power: 0.00W PCK power: 429.99W
	avg. CPUFreq: 2.57GHz avg. IMCFreq: 1.47GHz
	CPI: 0.371 VPI: 0.00, Mem. bwidth: 0.12GB/s GFLOPS: 0.00 I/O: 0.01MB/s No MPI  
	TPI 0.02 Cache miss rates: L1 0.25GB/s L2 0.00GB/s L3 0.00GB/s
	Total MPI calls 3
	IO DATA: rchar 4612 wchar 8844 syscr 51 syscw 27 read_bytes 0 write_bytes 294912
	Process OS info: (pid 556453 state R utime 1093 stime 1 cutime 0 cstime 0 CPU usage 98)
	CPU temperature (celsius): socket 0: 63 socket 1: 74[0m
EAR[556453](hratio_l30) at 2.60/1.47 in tcn366 MR[0] elapsed 11570 sec.: [32mLoop time: 1.108s DC Power: [35m509.1W[32m DRAM power: 0.00W PCK power: 429.97W
	avg. CPUFreq: 2.57GHz avg. IMCFreq: 1.47GHz
	CPI: 0.371 VPI: 0.00, Mem. bwidth: 0.10GB/s GFLOPS: 0.00 I/O: 0.01MB/s No MPI  
	TPI 0.01 Cache miss rates: L1 0.25GB/s L2 0.00GB/s L3 0.00GB/s
	Total MPI calls 3
	IO DATA: rchar 4612 wchar 8844 syscr 51 syscw 27 read_bytes 0 write_bytes 401408
	Process OS info: (pid 556453 state R utime 1092 stime 1 cutime 0 cstime 0 CPU usage 98)
	CPU temperature (celsius): socket 0: 63 socket 1: 74[0m
EAR[556453](hratio_l30) at 2.60/1.47 in tcn366 MR[0] elapsed 11581 sec.: [32mLoop time: 1.108s DC Power: [35m458.3W[32m DRAM power: 0.00W PCK power: 430.09W
	avg. CPUFreq: 2.57GHz avg. IMCFreq: 1.47GHz
	CPI: 0.371 VPI: 0.00, Mem. bwidth: 0.11GB/s GFLOPS: 0.00 I/O: 0.01MB/s No MPI  
	TPI 0.02 Cache miss rates: L1 0.26GB/s L2 0.00GB/s L3 0.00GB/s
	Total MPI calls 3
	IO DATA: rchar 4612 wchar 8844 syscr 51 syscw 27 read_bytes 0 write_bytes 294912
	Process OS info: (pid 556453 state R utime 1092 stime 1 cutime 0 cstime 0 CPU usage 98)
	CPU temperature (celsius): socket 0: 63 socket 1: 74[0m
EAR[556453](hratio_l30) at 2.60/1.47 in tcn366 MR[0] elapsed 11592 sec.: [32mLoop time: 1.107s DC Power: [35m509.3W[32m DRAM power: 0.00W PCK power: 429.96W
	avg. CPUFreq: 2.57GHz avg. IMCFreq: 1.47GHz
	CPI: 0.371 VPI: 0.00, Mem. bwidth: 0.11GB/s GFLOPS: 0.00 I/O: 0.01MB/s No MPI  
	TPI 0.02 Cache miss rates: L1 0.25GB/s L2 0.00GB/s L3 0.00GB/s
	Total MPI calls 3
	IO DATA: rchar 4612 wchar 8844 syscr 51 syscw 27 read_bytes 0 write_bytes 303104
	Process OS info: (pid 556453 state R utime 1092 stime 0 cutime 0 cstime 0 CPU usage 98)
	CPU temperature (celsius): socket 0: 63 socket 1: 74[0m
EAR[556453](hratio_l30) at 2.60/1.47 in tcn366 MR[0] elapsed 11603 sec.: [32mLoop time: 1.107s DC Power: [35m458.3W[32m DRAM power: 0.00W PCK power: 429.91W
	avg. CPUFreq: 2.57GHz avg. IMCFreq: 1.47GHz
	CPI: 0.371 VPI: 0.00, Mem. bwidth: 0.10GB/s GFLOPS: 0.00 I/O: 0.01MB/s No MPI  
	TPI 0.02 Cache miss rates: L1 0.25GB/s L2 0.00GB/s L3 0.00GB/s
	Total MPI calls 3
	IO DATA: rchar 4612 wchar 8844 syscr 51 syscw 27 read_bytes 0 write_bytes 299008
	Process OS info: (pid 556453 state R utime 1093 stime 1 cutime 0 cstime 0 CPU usage 98)
	CPU temperature (celsius): socket 0: 63 socket 1: 74[0m
EAR[556453](hratio_l30) at 2.60/1.47 in tcn366 MR[0] elapsed 11615 sec.: [32mLoop time: 1.107s DC Power: [35m509.3W[32m DRAM power: 0.00W PCK power: 429.93W
	avg. CPUFreq: 2.57GHz avg. IMCFreq: 1.47GHz
	CPI: 0.371 VPI: 0.00, Mem. bwidth: 0.12GB/s GFLOPS: 0.00 I/O: 0.01MB/s No MPI  
	TPI 0.02 Cache miss rates: L1 0.26GB/s L2 0.00GB/s L3 0.00GB/s
	Total MPI calls 3
	IO DATA: rchar 4612 wchar 8844 syscr 51 syscw 27 read_bytes 0 write_bytes 294912
	Process OS info: (pid 556453 state R utime 1092 stime 1 cutime 0 cstime 0 CPU usage 98)
	CPU temperature (celsius): socket 0: 63 socket 1: 74[0m
EAR[556453](hratio_l30) at 2.60/1.47 in tcn366 MR[0] elapsed 11626 sec.: [32mLoop time: 1.107s DC Power: [35m508.4W[32m DRAM power: 0.00W PCK power: 429.95W
	avg. CPUFreq: 2.57GHz avg. IMCFreq: 1.47GHz
	CPI: 0.371 VPI: 0.00, Mem. bwidth: 0.11GB/s GFLOPS: 0.00 I/O: 0.01MB/s No MPI  
	TPI 0.02 Cache miss rates: L1 0.25GB/s L2 0.00GB/s L3 0.00GB/s
	Total MPI calls 3
	IO DATA: rchar 4612 wchar 8844 syscr 51 syscw 27 read_bytes 0 write_bytes 294912
	Process OS info: (pid 556453 state R utime 1093 stime 0 cutime 0 cstime 0 CPU usage 98)
	CPU temperature (celsius): socket 0: 63 socket 1: 74[0m
EAR[556453](hratio_l30) at 2.60/1.47 in tcn366 MR[0] elapsed 11637 sec.: [32mLoop time: 1.107s DC Power: [35m508.4W[32m DRAM power: 0.00W PCK power: 429.94W
	avg. CPUFreq: 2.57GHz avg. IMCFreq: 1.47GHz
	CPI: 0.371 VPI: 0.00, Mem. bwidth: 0.11GB/s GFLOPS: 0.00 I/O: 0.01MB/s No MPI  
	TPI 0.02 Cache miss rates: L1 0.25GB/s L2 0.00GB/s L3 0.00GB/s
	Total MPI calls 3
	IO DATA: rchar 4612 wchar 8844 syscr 51 syscw 27 read_bytes 0 write_bytes 294912
	Process OS info: (pid 556453 state R utime 1092 stime 1 cutime 0 cstime 0 CPU usage 98)
	CPU temperature (celsius): socket 0: 63 socket 1: 74[0m
EAR[556453](hratio_l30) at 2.60/1.47 in tcn366 MR[0] elapsed 11648 sec.: [32mLoop time: 1.108s DC Power: [35m407.2W[32m DRAM power: 0.00W PCK power: 429.96W
	avg. CPUFreq: 2.57GHz avg. IMCFreq: 1.47GHz
	CPI: 0.371 VPI: 0.00, Mem. bwidth: 0.14GB/s GFLOPS: 0.00 I/O: 0.01MB/s No MPI  
	TPI 0.02 Cache miss rates: L1 0.25GB/s L2 0.00GB/s L3 0.00GB/s
	Total MPI calls 3
	IO DATA: rchar 4612 wchar 8844 syscr 51 syscw 27 read_bytes 0 write_bytes 299008
	Process OS info: (pid 556453 state R utime 1093 stime 1 cutime 0 cstime 0 CPU usage 98)
	CPU temperature (celsius): socket 0: 63 socket 1: 74[0m
EAR[556453](hratio_l30) at 2.60/1.47 in tcn366 MR[0] elapsed 11659 sec.: [32mLoop time: 1.108s DC Power: [35m509.7W[32m DRAM power: 0.00W PCK power: 430.07W
	avg. CPUFreq: 2.57GHz avg. IMCFreq: 1.47GHz
	CPI: 0.371 VPI: 0.00, Mem. bwidth: 0.11GB/s GFLOPS: 0.00 I/O: 0.01MB/s No MPI  
	TPI 0.02 Cache miss rates: L1 0.25GB/s L2 0.00GB/s L3 0.00GB/s
	Total MPI calls 3
	IO DATA: rchar 4612 wchar 8844 syscr 51 syscw 27 read_bytes 0 write_bytes 294912
	Process OS info: (pid 556453 state R utime 1093 stime 1 cutime 0 cstime 0 CPU usage 98)
	CPU temperature (celsius): socket 0: 63 socket 1: 74[0m
EAR[556453](hratio_l30) at 2.60/1.47 in tcn366 MR[0] elapsed 11670 sec.: [32mLoop time: 1.107s DC Power: [35m510.5W[32m DRAM power: 0.00W PCK power: 430.08W
	avg. CPUFreq: 2.57GHz avg. IMCFreq: 1.47GHz
	CPI: 0.371 VPI: 0.00, Mem. bwidth: 0.11GB/s GFLOPS: 0.00 I/O: 0.01MB/s No MPI  
	TPI 0.02 Cache miss rates: L1 0.25GB/s L2 0.00GB/s L3 0.00GB/s
	Total MPI calls 3
	IO DATA: rchar 4612 wchar 8844 syscr 51 syscw 27 read_bytes 0 write_bytes 294912
	Process OS info: (pid 556453 state R utime 1093 stime 0 cutime 0 cstime 0 CPU usage 98)
	CPU temperature (celsius): socket 0: 63 socket 1: 74[0m
EAR[556453](hratio_l30) at 2.60/1.47 in tcn366 MR[0] elapsed 11681 sec.: [32mLoop time: 1.108s DC Power: [35m511.0W[32m DRAM power: 0.00W PCK power: 430.12W
	avg. CPUFreq: 2.57GHz avg. IMCFreq: 1.47GHz
	CPI: 0.371 VPI: 0.00, Mem. bwidth: 0.11GB/s GFLOPS: 0.00 I/O: 0.01MB/s No MPI  
	TPI 0.02 Cache miss rates: L1 0.25GB/s L2 0.00GB/s L3 0.00GB/s
	Total MPI calls 3
	IO DATA: rchar 4612 wchar 8844 syscr 51 syscw 27 read_bytes 0 write_bytes 294912
	Process OS info: (pid 556453 state R utime 1093 stime 1 cutime 0 cstime 0 CPU usage 98)
	CPU temperature (celsius): socket 0: 63 socket 1: 74[0m
EAR[556453](hratio_l30) at 2.60/1.47 in tcn366 MR[0] elapsed 11692 sec.: [32mLoop time: 1.107s DC Power: [35m459.5W[32m DRAM power: 0.00W PCK power: 430.08W
	avg. CPUFreq: 2.57GHz avg. IMCFreq: 1.47GHz
	CPI: 0.371 VPI: 0.00, Mem. bwidth: 0.11GB/s GFLOPS: 0.00 I/O: 0.01MB/s No MPI  
	TPI 0.02 Cache miss rates: L1 0.24GB/s L2 0.00GB/s L3 0.00GB/s
	Total MPI calls 3
	IO DATA: rchar 4612 wchar 8844 syscr 51 syscw 27 read_bytes 0 write_bytes 294912
	Process OS info: (pid 556453 state R utime 1091 stime 0 cutime 0 cstime 0 CPU usage 98)
	CPU temperature (celsius): socket 0: 63 socket 1: 74[0m
EAR[556453](hratio_l30) at 2.60/1.47 in tcn366 MR[0] elapsed 11703 sec.: [32mLoop time: 1.108s DC Power: [35m458.7W[32m DRAM power: 0.00W PCK power: 430.02W
	avg. CPUFreq: 2.57GHz avg. IMCFreq: 1.47GHz
	CPI: 0.371 VPI: 0.00, Mem. bwidth: 0.10GB/s GFLOPS: 0.00 I/O: 0.01MB/s No MPI  
	TPI 0.01 Cache miss rates: L1 0.24GB/s L2 0.00GB/s L3 0.00GB/s
	Total MPI calls 3
	IO DATA: rchar 4612 wchar 8844 syscr 51 syscw 27 read_bytes 0 write_bytes 372736
	Process OS info: (pid 556453 state R utime 1093 stime 1 cutime 0 cstime 0 CPU usage 98)
	CPU temperature (celsius): socket 0: 63 socket 1: 74[0m
EAR[556453](hratio_l30) at 2.60/1.47 in tcn366 MR[0] elapsed 11714 sec.: [32mLoop time: 1.108s DC Power: [35m509.0W[32m DRAM power: 0.00W PCK power: 429.91W
	avg. CPUFreq: 2.57GHz avg. IMCFreq: 1.47GHz
	CPI: 0.372 VPI: 0.00, Mem. bwidth: 0.13GB/s GFLOPS: 0.00 I/O: 0.01MB/s No MPI  
	TPI 0.02 Cache miss rates: L1 0.25GB/s L2 0.00GB/s L3 0.00GB/s
	Total MPI calls 3
	IO DATA: rchar 4612 wchar 8844 syscr 51 syscw 27 read_bytes 0 write_bytes 299008
	Process OS info: (pid 556453 state R utime 1092 stime 0 cutime 0 cstime 0 CPU usage 98)
	CPU temperature (celsius): socket 0: 63 socket 1: 74[0m
EAR[556453](hratio_l30) at 2.60/1.47 in tcn366 MR[0] elapsed 11725 sec.: [32mLoop time: 1.108s DC Power: [35m508.3W[32m DRAM power: 0.00W PCK power: 429.97W
	avg. CPUFreq: 2.57GHz avg. IMCFreq: 1.47GHz
	CPI: 0.372 VPI: 0.00, Mem. bwidth: 0.10GB/s GFLOPS: 0.00 I/O: 0.01MB/s No MPI  
	TPI 0.01 Cache miss rates: L1 0.25GB/s L2 0.00GB/s L3 0.00GB/s
	Total MPI calls 3
	IO DATA: rchar 4612 wchar 8844 syscr 51 syscw 27 read_bytes 0 write_bytes 299008
	Process OS info: (pid 556453 state R utime 1091 stime 1 cutime 0 cstime 0 CPU usage 98)
	CPU temperature (celsius): socket 0: 63 socket 1: 74[0m
EAR[556453](hratio_l30) at 2.60/1.47 in tcn366 MR[0] elapsed 11736 sec.: [32mLoop time: 1.108s DC Power: [35m457.4W[32m DRAM power: 0.00W PCK power: 429.94W
	avg. CPUFreq: 2.57GHz avg. IMCFreq: 1.47GHz
	CPI: 0.372 VPI: 0.00, Mem. bwidth: 0.10GB/s GFLOPS: 0.00 I/O: 0.01MB/s No MPI  
	TPI 0.01 Cache miss rates: L1 0.25GB/s L2 0.00GB/s L3 0.00GB/s
	Total MPI calls 3
	IO DATA: rchar 4612 wchar 8844 syscr 51 syscw 27 read_bytes 0 write_bytes 294912
	Process OS info: (pid 556453 state R utime 1092 stime 1 cutime 0 cstime 0 CPU usage 98)
	CPU temperature (celsius): socket 0: 63 socket 1: 74[0m
EAR[556453](hratio_l30) at 2.60/1.47 in tcn366 MR[0] elapsed 11747 sec.: [32mLoop time: 1.108s DC Power: [35m507.9W[32m DRAM power: 0.00W PCK power: 429.92W
	avg. CPUFreq: 2.57GHz avg. IMCFreq: 1.47GHz
	CPI: 0.372 VPI: 0.00, Mem. bwidth: 0.11GB/s GFLOPS: 0.00 I/O: 0.01MB/s No MPI  
	TPI 0.02 Cache miss rates: L1 0.25GB/s L2 0.00GB/s L3 0.00GB/s
	Total MPI calls 3
	IO DATA: rchar 4612 wchar 8844 syscr 51 syscw 27 read_bytes 0 write_bytes 294912
	Process OS info: (pid 556453 state R utime 1093 stime 1 cutime 0 cstime 0 CPU usage 98)
	CPU temperature (celsius): socket 0: 63 socket 1: 74[0m
EAR[556453](hratio_l30) at 2.60/1.47 in tcn366 MR[0] elapsed 11759 sec.: [32mLoop time: 1.107s DC Power: [35m508.5W[32m DRAM power: 0.00W PCK power: 429.98W
	avg. CPUFreq: 2.57GHz avg. IMCFreq: 1.47GHz
	CPI: 0.371 VPI: 0.00, Mem. bwidth: 0.11GB/s GFLOPS: 0.00 I/O: 0.01MB/s No MPI  
	TPI 0.02 Cache miss rates: L1 0.24GB/s L2 0.00GB/s L3 0.00GB/s
	Total MPI calls 3
	IO DATA: rchar 4612 wchar 8844 syscr 51 syscw 27 read_bytes 0 write_bytes 299008
	Process OS info: (pid 556453 state R utime 1092 stime 0 cutime 0 cstime 0 CPU usage 98)
	CPU temperature (celsius): socket 0: 63 socket 1: 74[0m
EAR[556453](hratio_l30) at 2.60/1.47 in tcn366 MR[0] elapsed 11770 sec.: [32mLoop time: 1.107s DC Power: [35m508.4W[32m DRAM power: 0.00W PCK power: 429.91W
	avg. CPUFreq: 2.57GHz avg. IMCFreq: 1.47GHz
	CPI: 0.371 VPI: 0.00, Mem. bwidth: 0.11GB/s GFLOPS: 0.00 I/O: 0.01MB/s No MPI  
	TPI 0.02 Cache miss rates: L1 0.25GB/s L2 0.00GB/s L3 0.00GB/s
	Total MPI calls 3
	IO DATA: rchar 4612 wchar 8844 syscr 51 syscw 27 read_bytes 0 write_bytes 294912
	Process OS info: (pid 556453 state R utime 1093 stime 1 cutime 0 cstime 0 CPU usage 98)
	CPU temperature (celsius): socket 0: 63 socket 1: 74[0m
EAR[556453](hratio_l30) at 2.60/1.47 in tcn366 MR[0] elapsed 11781 sec.: [32mLoop time: 1.107s DC Power: [35m508.4W[32m DRAM power: 0.00W PCK power: 430.01W
	avg. CPUFreq: 2.57GHz avg. IMCFreq: 1.47GHz
	CPI: 0.371 VPI: 0.00, Mem. bwidth: 0.11GB/s GFLOPS: 0.00 I/O: 0.01MB/s No MPI  
	TPI 0.02 Cache miss rates: L1 0.26GB/s L2 0.00GB/s L3 0.00GB/s
	Total MPI calls 3
	IO DATA: rchar 4612 wchar 8844 syscr 51 syscw 27 read_bytes 0 write_bytes 294912
	Process OS info: (pid 556453 state R utime 1092 stime 1 cutime 0 cstime 0 CPU usage 98)
	CPU temperature (celsius): socket 0: 63 socket 1: 74[0m
EAR[556453](hratio_l30) at 2.60/1.47 in tcn366 MR[0] elapsed 11792 sec.: [32mLoop time: 1.107s DC Power: [35m508.9W[32m DRAM power: 0.00W PCK power: 430.08W
	avg. CPUFreq: 2.57GHz avg. IMCFreq: 1.47GHz
	CPI: 0.371 VPI: 0.00, Mem. bwidth: 0.09GB/s GFLOPS: 0.00 I/O: 0.01MB/s No MPI  
	TPI 0.01 Cache miss rates: L1 0.26GB/s L2 0.00GB/s L3 0.00GB/s
	Total MPI calls 3
	IO DATA: rchar 4612 wchar 8844 syscr 51 syscw 27 read_bytes 0 write_bytes 299008
	Process OS info: (pid 556453 state R utime 1092 stime 0 cutime 0 cstime 0 CPU usage 98)
	CPU temperature (celsius): socket 0: 63 socket 1: 74[0m
EAR[556453](hratio_l30) at 2.60/1.47 in tcn366 MR[0] elapsed 11803 sec.: [32mLoop time: 1.107s DC Power: [35m509.2W[32m DRAM power: 0.00W PCK power: 430.20W
	avg. CPUFreq: 2.57GHz avg. IMCFreq: 1.47GHz
	CPI: 0.371 VPI: 0.00, Mem. bwidth: 0.14GB/s GFLOPS: 0.00 I/O: 0.01MB/s No MPI  
	TPI 0.02 Cache miss rates: L1 0.26GB/s L2 0.00GB/s L3 0.00GB/s
	Total MPI calls 3
	IO DATA: rchar 4612 wchar 8844 syscr 51 syscw 27 read_bytes 0 write_bytes 294912
	Process OS info: (pid 556453 state R utime 1093 stime 1 cutime 0 cstime 0 CPU usage 98)
	CPU temperature (celsius): socket 0: 63 socket 1: 74[0m
EAR[556453](hratio_l30) at 2.60/1.47 in tcn366 MR[0] elapsed 11814 sec.: [32mLoop time: 1.107s DC Power: [35m509.3W[32m DRAM power: 0.00W PCK power: 430.27W
	avg. CPUFreq: 2.57GHz avg. IMCFreq: 1.47GHz
	CPI: 0.371 VPI: 0.00, Mem. bwidth: 0.11GB/s GFLOPS: 0.00 I/O: 0.01MB/s No MPI  
	TPI 0.02 Cache miss rates: L1 0.25GB/s L2 0.00GB/s L3 0.00GB/s
	Total MPI calls 3
	IO DATA: rchar 4612 wchar 8844 syscr 51 syscw 27 read_bytes 0 write_bytes 294912
	Process OS info: (pid 556453 state R utime 1092 stime 0 cutime 0 cstime 0 CPU usage 98)
	CPU temperature (celsius): socket 0: 63 socket 1: 74[0m
EAR[556453](hratio_l30) at 2.60/1.47 in tcn366 MR[0] elapsed 11825 sec.: [32mLoop time: 1.108s DC Power: [35m407.4W[32m DRAM power: 0.00W PCK power: 430.28W
	avg. CPUFreq: 2.57GHz avg. IMCFreq: 1.47GHz
	CPI: 0.371 VPI: 0.00, Mem. bwidth: 0.10GB/s GFLOPS: 0.00 I/O: 0.01MB/s No MPI  
	TPI 0.01 Cache miss rates: L1 0.25GB/s L2 0.00GB/s L3 0.00GB/s
	Total MPI calls 3
	IO DATA: rchar 4612 wchar 8844 syscr 51 syscw 27 read_bytes 0 write_bytes 315392
	Process OS info: (pid 556453 state R utime 1094 stime 1 cutime 0 cstime 0 CPU usage 98)
	CPU temperature (celsius): socket 0: 63 socket 1: 74[0m
EAR[556453](hratio_l30) at 2.60/1.47 in tcn366 MR[0] elapsed 11836 sec.: [32mLoop time: 1.108s DC Power: [35m510.1W[32m DRAM power: 0.00W PCK power: 430.40W
	avg. CPUFreq: 2.57GHz avg. IMCFreq: 1.47GHz
	CPI: 0.371 VPI: 0.00, Mem. bwidth: 0.11GB/s GFLOPS: 0.00 I/O: 0.01MB/s No MPI  
	TPI 0.02 Cache miss rates: L1 0.26GB/s L2 0.00GB/s L3 0.00GB/s
	Total MPI calls 3
	IO DATA: rchar 4612 wchar 8844 syscr 51 syscw 27 read_bytes 0 write_bytes 294912
	Process OS info: (pid 556453 state R utime 1093 stime 1 cutime 0 cstime 0 CPU usage 98)
	CPU temperature (celsius): socket 0: 63 socket 1: 74[0m
EAR[556453](hratio_l30) at 2.60/1.47 in tcn366 MR[0] elapsed 11847 sec.: [32mLoop time: 1.108s DC Power: [35m511.0W[32m DRAM power: 0.00W PCK power: 430.37W
	avg. CPUFreq: 2.57GHz avg. IMCFreq: 1.47GHz
	CPI: 0.371 VPI: 0.00, Mem. bwidth: 0.11GB/s GFLOPS: 0.00 I/O: 0.01MB/s No MPI  
	TPI 0.02 Cache miss rates: L1 0.25GB/s L2 0.00GB/s L3 0.00GB/s
	Total MPI calls 3
	IO DATA: rchar 4612 wchar 8844 syscr 51 syscw 27 read_bytes 0 write_bytes 299008
	Process OS info: (pid 556453 state R utime 1093 stime 0 cutime 0 cstime 0 CPU usage 98)
	CPU temperature (celsius): socket 0: 63 socket 1: 74[0m
EAR[556453](hratio_l30) at 2.60/1.47 in tcn366 MR[0] elapsed 11858 sec.: [32mLoop time: 1.107s DC Power: [35m511.1W[32m DRAM power: 0.00W PCK power: 430.43W
	avg. CPUFreq: 2.57GHz avg. IMCFreq: 1.47GHz
	CPI: 0.371 VPI: 0.00, Mem. bwidth: 0.12GB/s GFLOPS: 0.00 I/O: 0.01MB/s No MPI  
	TPI 0.02 Cache miss rates: L1 0.26GB/s L2 0.00GB/s L3 0.00GB/s
	Total MPI calls 3
	IO DATA: rchar 4612 wchar 8844 syscr 51 syscw 27 read_bytes 0 write_bytes 294912
	Process OS info: (pid 556453 state R utime 1093 stime 1 cutime 0 cstime 0 CPU usage 98)
	CPU temperature (celsius): socket 0: 63 socket 1: 74[0m
EAR[556453](hratio_l30) at 2.60/1.47 in tcn366 MR[0] elapsed 11869 sec.: [32mLoop time: 1.113s DC Power: [35m508.1W[32m DRAM power: 0.00W PCK power: 430.37W
	avg. CPUFreq: 2.57GHz avg. IMCFreq: 1.47GHz
	CPI: 0.371 VPI: 0.00, Mem. bwidth: 0.10GB/s GFLOPS: 0.00 I/O: 0.01MB/s No MPI  
	TPI 0.01 Cache miss rates: L1 0.26GB/s L2 0.00GB/s L3 0.00GB/s
	Total MPI calls 3
	IO DATA: rchar 4612 wchar 8844 syscr 51 syscw 27 read_bytes 0 write_bytes 294912
	Process OS info: (pid 556453 state R utime 1093 stime 0 cutime 0 cstime 0 CPU usage 98)
	CPU temperature (celsius): socket 0: 63 socket 1: 74[0m
EAR[556453](hratio_l30) at 2.60/1.47 in tcn366 MR[0] elapsed 11880 sec.: [32mLoop time: 1.110s DC Power: [35m457.8W[32m DRAM power: 0.00W PCK power: 430.24W
	avg. CPUFreq: 2.57GHz avg. IMCFreq: 1.47GHz
	CPI: 0.371 VPI: 0.00, Mem. bwidth: 0.12GB/s GFLOPS: 0.00 I/O: 0.01MB/s No MPI  
	TPI 0.02 Cache miss rates: L1 0.25GB/s L2 0.00GB/s L3 0.00GB/s
	Total MPI calls 3
	IO DATA: rchar 4612 wchar 8844 syscr 51 syscw 27 read_bytes 0 write_bytes 294912
	Process OS info: (pid 556453 state R utime 1095 stime 1 cutime 0 cstime 0 CPU usage 98)
	CPU temperature (celsius): socket 0: 63 socket 1: 74[0m
EAR[556453](hratio_l30) at 2.60/1.47 in tcn366 MR[0] elapsed 11892 sec.: [32mLoop time: 1.107s DC Power: [35m509.5W[32m DRAM power: 0.00W PCK power: 430.13W
	avg. CPUFreq: 2.57GHz avg. IMCFreq: 1.47GHz
	CPI: 0.371 VPI: 0.00, Mem. bwidth: 0.16GB/s GFLOPS: 0.00 I/O: 0.01MB/s No MPI  
	TPI 0.02 Cache miss rates: L1 0.26GB/s L2 0.00GB/s L3 0.00GB/s
	Total MPI calls 3
	IO DATA: rchar 4612 wchar 8844 syscr 51 syscw 27 read_bytes 0 write_bytes 307200
	Process OS info: (pid 556453 state R utime 1091 stime 1 cutime 0 cstime 0 CPU usage 98)
	CPU temperature (celsius): socket 0: 63 socket 1: 74[0m
EAR[556453](hratio_l30) at 2.60/1.47 in tcn366 MR[0] elapsed 11903 sec.: [32mLoop time: 1.108s DC Power: [35m509.1W[32m DRAM power: 0.00W PCK power: 430.29W
	avg. CPUFreq: 2.57GHz avg. IMCFreq: 1.47GHz
	CPI: 0.371 VPI: 0.00, Mem. bwidth: 0.11GB/s GFLOPS: 0.00 I/O: 0.01MB/s No MPI  
	TPI 0.02 Cache miss rates: L1 0.26GB/s L2 0.00GB/s L3 0.00GB/s
	Total MPI calls 3
	IO DATA: rchar 4612 wchar 8844 syscr 51 syscw 27 read_bytes 0 write_bytes 401408
	Process OS info: (pid 556453 state R utime 1094 stime 0 cutime 0 cstime 0 CPU usage 98)
	CPU temperature (celsius): socket 0: 63 socket 1: 74[0m
EAR[556453](hratio_l30) at 2.60/1.47 in tcn366 MR[0] elapsed 11914 sec.: [32mLoop time: 1.108s DC Power: [35m509.2W[32m DRAM power: 0.00W PCK power: 430.31W
	avg. CPUFreq: 2.57GHz avg. IMCFreq: 1.47GHz
	CPI: 0.371 VPI: 0.00, Mem. bwidth: 0.10GB/s GFLOPS: 0.00 I/O: 0.01MB/s No MPI  
	TPI 0.01 Cache miss rates: L1 0.26GB/s L2 0.00GB/s L3 0.00GB/s
	Total MPI calls 3
	IO DATA: rchar 4612 wchar 8844 syscr 51 syscw 27 read_bytes 0 write_bytes 299008
	Process OS info: (pid 556453 state R utime 1093 stime 1 cutime 0 cstime 0 CPU usage 98)
	CPU temperature (celsius): socket 0: 63 socket 1: 74[0m
EAR[556453](hratio_l30) at 2.60/1.47 in tcn366 MR[0] elapsed 11925 sec.: [32mLoop time: 1.108s DC Power: [35m458.2W[32m DRAM power: 0.00W PCK power: 430.22W
	avg. CPUFreq: 2.57GHz avg. IMCFreq: 1.47GHz
	CPI: 0.371 VPI: 0.00, Mem. bwidth: 0.11GB/s GFLOPS: 0.00 I/O: 0.01MB/s No MPI  
	TPI 0.02 Cache miss rates: L1 0.25GB/s L2 0.00GB/s L3 0.00GB/s
	Total MPI calls 3
	IO DATA: rchar 4612 wchar 8844 syscr 51 syscw 27 read_bytes 0 write_bytes 294912
	Process OS info: (pid 556453 state R utime 1093 stime 0 cutime 0 cstime 0 CPU usage 98)
	CPU temperature (celsius): socket 0: 63 socket 1: 74[0m
EAR[556453](hratio_l30) at 2.60/1.47 in tcn366 MR[0] elapsed 11936 sec.: [32mLoop time: 1.107s DC Power: [35m509.3W[32m DRAM power: 0.00W PCK power: 430.25W
	avg. CPUFreq: 2.57GHz avg. IMCFreq: 1.47GHz
	CPI: 0.371 VPI: 0.00, Mem. bwidth: 0.11GB/s GFLOPS: 0.00 I/O: 0.01MB/s No MPI  
	TPI 0.02 Cache miss rates: L1 0.25GB/s L2 0.00GB/s L3 0.00GB/s
	Total MPI calls 3
	IO DATA: rchar 4612 wchar 8844 syscr 51 syscw 27 read_bytes 0 write_bytes 294912
	Process OS info: (pid 556453 state R utime 1094 stime 1 cutime 0 cstime 0 CPU usage 98)
	CPU temperature (celsius): socket 0: 63 socket 1: 74[0m
EAR[556453](hratio_l30) at 2.60/1.47 in tcn366 MR[0] elapsed 11947 sec.: [32mLoop time: 1.108s DC Power: [35m458.1W[32m DRAM power: 0.00W PCK power: 430.16W
	avg. CPUFreq: 2.57GHz avg. IMCFreq: 1.47GHz
	CPI: 0.371 VPI: 0.00, Mem. bwidth: 0.16GB/s GFLOPS: 0.00 I/O: 0.01MB/s No MPI  
	TPI 0.02 Cache miss rates: L1 0.25GB/s L2 0.00GB/s L3 0.00GB/s
	Total MPI calls 3
	IO DATA: rchar 4612 wchar 8844 syscr 51 syscw 27 read_bytes 0 write_bytes 294912
	Process OS info: (pid 556453 state R utime 1086 stime 1 cutime 0 cstime 0 CPU usage 98)
	CPU temperature (celsius): socket 0: 63 socket 1: 74[0m
EAR[556453](hratio_l30) at 2.60/1.47 in tcn366 MR[0] elapsed 11959 sec.: [32mLoop time: 1.108s DC Power: [35m508.6W[32m DRAM power: 0.00W PCK power: 430.00W
	avg. CPUFreq: 2.57GHz avg. IMCFreq: 1.47GHz
	CPI: 0.371 VPI: 0.00, Mem. bwidth: 0.24GB/s GFLOPS: 0.00 I/O: 0.01MB/s No MPI  
	TPI 0.03 Cache miss rates: L1 0.26GB/s L2 0.00GB/s L3 0.00GB/s
	Total MPI calls 3
	IO DATA: rchar 4612 wchar 8844 syscr 51 syscw 27 read_bytes 0 write_bytes 376832
	Process OS info: (pid 556453 state R utime 1084 stime 1 cutime 0 cstime 0 CPU usage 97)
	CPU temperature (celsius): socket 0: 63 socket 1: 74[0m
EAR[556453](hratio_l30) at 2.60/1.47 in tcn366 MR[0] elapsed 11970 sec.: [32mLoop time: 1.208s DC Power: [35m466.2W[32m DRAM power: 0.00W PCK power: 430.21W
	avg. CPUFreq: 2.57GHz avg. IMCFreq: 1.47GHz
	CPI: 0.371 VPI: 0.00, Mem. bwidth: 0.32GB/s GFLOPS: 0.00 I/O: 0.01MB/s No MPI  
	TPI 0.05 Cache miss rates: L1 0.25GB/s L2 0.00GB/s L3 0.00GB/s
	Total MPI calls 3
	IO DATA: rchar 4612 wchar 8844 syscr 51 syscw 27 read_bytes 0 write_bytes 299008
	Process OS info: (pid 556453 state R utime 1177 stime 0 cutime 0 cstime 0 CPU usage 97)
	CPU temperature (celsius): socket 0: 63 socket 1: 74[0m
EAR[556453](hratio_l30) at 2.60/1.47 in tcn366 MR[0] elapsed 11981 sec.: [32mLoop time: 1.108s DC Power: [35m508.2W[32m DRAM power: 0.00W PCK power: 429.92W
	avg. CPUFreq: 2.57GHz avg. IMCFreq: 1.47GHz
	CPI: 0.371 VPI: 0.00, Mem. bwidth: 0.22GB/s GFLOPS: 0.00 I/O: 0.01MB/s No MPI  
	TPI 0.03 Cache miss rates: L1 0.26GB/s L2 0.00GB/s L3 0.00GB/s
	Total MPI calls 3
	IO DATA: rchar 4612 wchar 8844 syscr 51 syscw 27 read_bytes 0 write_bytes 294912
	Process OS info: (pid 556453 state R utime 1080 stime 1 cutime 0 cstime 0 CPU usage 97)
	CPU temperature (celsius): socket 0: 63 socket 1: 74[0m
EAR[556453](hratio_l30) at 2.60/1.47 in tcn366 MR[0] elapsed 11992 sec.: [32mLoop time: 1.108s DC Power: [35m508.4W[32m DRAM power: 0.00W PCK power: 430.17W
	avg. CPUFreq: 2.57GHz avg. IMCFreq: 1.47GHz
	CPI: 0.371 VPI: 0.00, Mem. bwidth: 0.37GB/s GFLOPS: 0.00 I/O: 0.01MB/s No MPI  
	TPI 0.05 Cache miss rates: L1 0.26GB/s L2 0.00GB/s L3 0.00GB/s
	Total MPI calls 3
	IO DATA: rchar 4612 wchar 8844 syscr 51 syscw 27 read_bytes 0 write_bytes 294912
	Process OS info: (pid 556453 state R utime 1080 stime 1 cutime 0 cstime 0 CPU usage 97)
	CPU temperature (celsius): socket 0: 63 socket 1: 74[0m
EAR[556453](hratio_l30) at 2.60/1.47 in tcn366 MR[0] elapsed 12003 sec.: [32mLoop time: 1.110s DC Power: [35m457.4W[32m DRAM power: 0.00W PCK power: 430.23W
	avg. CPUFreq: 2.57GHz avg. IMCFreq: 1.47GHz
	CPI: 0.371 VPI: 0.00, Mem. bwidth: 0.13GB/s GFLOPS: 0.00 I/O: 0.01MB/s No MPI  
	TPI 0.02 Cache miss rates: L1 0.26GB/s L2 0.00GB/s L3 0.00GB/s
	Total MPI calls 3
	IO DATA: rchar 4612 wchar 8844 syscr 51 syscw 27 read_bytes 0 write_bytes 438272
	Process OS info: (pid 556453 state R utime 1092 stime 1 cutime 0 cstime 0 CPU usage 98)
	CPU temperature (celsius): socket 0: 63 socket 1: 74[0m
EAR[556453](hratio_l30) at 2.60/1.47 in tcn366 MR[0] elapsed 12014 sec.: [32mLoop time: 1.108s DC Power: [35m459.3W[32m DRAM power: 0.00W PCK power: 430.28W
	avg. CPUFreq: 2.57GHz avg. IMCFreq: 1.47GHz
	CPI: 0.371 VPI: 0.00, Mem. bwidth: 0.12GB/s GFLOPS: 0.00 I/O: 0.01MB/s No MPI  
	TPI 0.02 Cache miss rates: L1 0.26GB/s L2 0.00GB/s L3 0.00GB/s
	Total MPI calls 3
	IO DATA: rchar 4612 wchar 8844 syscr 51 syscw 27 read_bytes 0 write_bytes 319488
	Process OS info: (pid 556453 state R utime 1093 stime 1 cutime 0 cstime 0 CPU usage 98)
	CPU temperature (celsius): socket 0: 63 socket 1: 74[0m
EAR[556453](hratio_l30) at 2.60/1.47 in tcn366 MR[0] elapsed 12025 sec.: [32mLoop time: 1.108s DC Power: [35m511.0W[32m DRAM power: 0.00W PCK power: 430.41W
	avg. CPUFreq: 2.57GHz avg. IMCFreq: 1.47GHz
	CPI: 0.371 VPI: 0.00, Mem. bwidth: 0.12GB/s GFLOPS: 0.00 I/O: 0.01MB/s No MPI  
	TPI 0.02 Cache miss rates: L1 0.26GB/s L2 0.00GB/s L3 0.00GB/s
	Total MPI calls 3
	IO DATA: rchar 4612 wchar 8844 syscr 51 syscw 27 read_bytes 0 write_bytes 303104
	Process OS info: (pid 556453 state R utime 1092 stime 1 cutime 0 cstime 0 CPU usage 98)
	CPU temperature (celsius): socket 0: 64 socket 1: 74[0m
EAR[556453](hratio_l30) at 2.60/1.47 in tcn366 MR[0] elapsed 12037 sec.: [32mLoop time: 1.108s DC Power: [35m510.7W[32m DRAM power: 0.00W PCK power: 430.21W
	avg. CPUFreq: 2.57GHz avg. IMCFreq: 1.47GHz
	CPI: 0.371 VPI: 0.00, Mem. bwidth: 0.10GB/s GFLOPS: 0.00 I/O: 0.01MB/s No MPI  
	TPI 0.01 Cache miss rates: L1 0.26GB/s L2 0.00GB/s L3 0.00GB/s
	Total MPI calls 3
	IO DATA: rchar 4612 wchar 8844 syscr 51 syscw 27 read_bytes 0 write_bytes 294912
	Process OS info: (pid 556453 state R utime 1093 stime 1 cutime 0 cstime 0 CPU usage 98)
	CPU temperature (celsius): socket 0: 63 socket 1: 74[0m
EAR[556453](hratio_l30) at 2.60/1.47 in tcn366 MR[0] elapsed 12048 sec.: [32mLoop time: 1.108s DC Power: [35m510.1W[32m DRAM power: 0.00W PCK power: 430.30W
	avg. CPUFreq: 2.57GHz avg. IMCFreq: 1.47GHz
	CPI: 0.371 VPI: 0.00, Mem. bwidth: 0.11GB/s GFLOPS: 0.00 I/O: 0.01MB/s No MPI  
	TPI 0.02 Cache miss rates: L1 0.26GB/s L2 0.00GB/s L3 0.00GB/s
	Total MPI calls 3
	IO DATA: rchar 4612 wchar 8844 syscr 51 syscw 27 read_bytes 0 write_bytes 294912
	Process OS info: (pid 556453 state R utime 1093 stime 0 cutime 0 cstime 0 CPU usage 98)
	CPU temperature (celsius): socket 0: 63 socket 1: 74[0m
EAR[556453](hratio_l30) at 2.60/1.47 in tcn366 MR[0] elapsed 12059 sec.: [32mLoop time: 1.108s DC Power: [35m458.3W[32m DRAM power: 0.00W PCK power: 430.29W
	avg. CPUFreq: 2.57GHz avg. IMCFreq: 1.47GHz
	CPI: 0.371 VPI: 0.00, Mem. bwidth: 0.11GB/s GFLOPS: 0.00 I/O: 0.01MB/s No MPI  
	TPI 0.02 Cache miss rates: L1 0.26GB/s L2 0.00GB/s L3 0.00GB/s
	Total MPI calls 3
	IO DATA: rchar 4612 wchar 8844 syscr 51 syscw 27 read_bytes 0 write_bytes 294912
	Process OS info: (pid 556453 state R utime 1094 stime 1 cutime 0 cstime 0 CPU usage 98)
	CPU temperature (celsius): socket 0: 63 socket 1: 74[0m
EAR[556453](hratio_l30) at 2.60/1.47 in tcn366 MR[0] elapsed 12070 sec.: [32mLoop time: 1.108s DC Power: [35m458.3W[32m DRAM power: 0.00W PCK power: 430.23W
	avg. CPUFreq: 2.57GHz avg. IMCFreq: 1.47GHz
	CPI: 0.371 VPI: 0.00, Mem. bwidth: 0.12GB/s GFLOPS: 0.00 I/O: 0.01MB/s No MPI  
	TPI 0.02 Cache miss rates: L1 0.26GB/s L2 0.00GB/s L3 0.00GB/s
	Total MPI calls 3
	IO DATA: rchar 4612 wchar 8844 syscr 51 syscw 27 read_bytes 0 write_bytes 294912
	Process OS info: (pid 556453 state R utime 1093 stime 0 cutime 0 cstime 0 CPU usage 98)
	CPU temperature (celsius): socket 0: 63 socket 1: 74[0m
EAR[556453](hratio_l30) at 2.60/1.47 in tcn366 MR[0] elapsed 12081 sec.: [32mLoop time: 1.108s DC Power: [35m509.0W[32m DRAM power: 0.00W PCK power: 430.18W
	avg. CPUFreq: 2.57GHz avg. IMCFreq: 1.47GHz
	CPI: 0.371 VPI: 0.00, Mem. bwidth: 0.11GB/s GFLOPS: 0.00 I/O: 0.01MB/s No MPI  
	TPI 0.02 Cache miss rates: L1 0.26GB/s L2 0.00GB/s L3 0.00GB/s
	Total MPI calls 3
	IO DATA: rchar 4612 wchar 8844 syscr 51 syscw 27 read_bytes 0 write_bytes 339968
	Process OS info: (pid 556453 state R utime 1093 stime 1 cutime 0 cstime 0 CPU usage 98)
	CPU temperature (celsius): socket 0: 63 socket 1: 74[0m
EAR[556453](hratio_l30) at 2.60/1.47 in tcn366 MR[0] elapsed 12092 sec.: [32mLoop time: 1.107s DC Power: [35m509.0W[32m DRAM power: 0.00W PCK power: 430.17W
	avg. CPUFreq: 2.57GHz avg. IMCFreq: 1.47GHz
	CPI: 0.371 VPI: 0.00, Mem. bwidth: 0.09GB/s GFLOPS: 0.00 I/O: 0.01MB/s No MPI  
	TPI 0.01 Cache miss rates: L1 0.25GB/s L2 0.00GB/s L3 0.00GB/s
	Total MPI calls 3
	IO DATA: rchar 4612 wchar 8844 syscr 51 syscw 27 read_bytes 0 write_bytes 299008
	Process OS info: (pid 556453 state R utime 1092 stime 1 cutime 0 cstime 0 CPU usage 98)
	CPU temperature (celsius): socket 0: 63 socket 1: 74[0m
EAR[556453](hratio_l30) at 2.60/1.47 in tcn366 MR[0] elapsed 12103 sec.: [32mLoop time: 1.107s DC Power: [35m457.7W[32m DRAM power: 0.00W PCK power: 430.16W
	avg. CPUFreq: 2.57GHz avg. IMCFreq: 1.47GHz
	CPI: 0.371 VPI: 0.00, Mem. bwidth: 0.13GB/s GFLOPS: 0.00 I/O: 0.01MB/s No MPI  
	TPI 0.02 Cache miss rates: L1 0.26GB/s L2 0.00GB/s L3 0.00GB/s
	Total MPI calls 3
	IO DATA: rchar 4612 wchar 8844 syscr 51 syscw 27 read_bytes 0 write_bytes 294912
	Process OS info: (pid 556453 state R utime 1093 stime 1 cutime 0 cstime 0 CPU usage 98)
	CPU temperature (celsius): socket 0: 63 socket 1: 74[0m
EAR[556453](hratio_l30) at 2.60/1.47 in tcn366 MR[0] elapsed 12114 sec.: [32mLoop time: 1.108s DC Power: [35m508.4W[32m DRAM power: 0.00W PCK power: 430.30W
	avg. CPUFreq: 2.57GHz avg. IMCFreq: 1.47GHz
	CPI: 0.371 VPI: 0.00, Mem. bwidth: 0.11GB/s GFLOPS: 0.00 I/O: 0.01MB/s No MPI  
	TPI 0.02 Cache miss rates: L1 0.25GB/s L2 0.00GB/s L3 0.00GB/s
	Total MPI calls 3
	IO DATA: rchar 4612 wchar 8844 syscr 51 syscw 27 read_bytes 0 write_bytes 294912
	Process OS info: (pid 556453 state R utime 1093 stime 0 cutime 0 cstime 0 CPU usage 98)
	CPU temperature (celsius): socket 0: 63 socket 1: 74[0m
EAR[556453](hratio_l30) at 2.60/1.47 in tcn366 MR[0] elapsed 12125 sec.: [32mLoop time: 1.107s DC Power: [35m458.3W[32m DRAM power: 0.00W PCK power: 430.02W
	avg. CPUFreq: 2.57GHz avg. IMCFreq: 1.47GHz
	CPI: 0.371 VPI: 0.00, Mem. bwidth: 0.12GB/s GFLOPS: 0.00 I/O: 0.01MB/s No MPI  
	TPI 0.02 Cache miss rates: L1 0.25GB/s L2 0.00GB/s L3 0.00GB/s
	Total MPI calls 3
	IO DATA: rchar 4612 wchar 8844 syscr 51 syscw 27 read_bytes 0 write_bytes 323584
	Process OS info: (pid 556453 state R utime 1092 stime 1 cutime 0 cstime 0 CPU usage 98)
	CPU temperature (celsius): socket 0: 63 socket 1: 74[0m
EAR[556453](hratio_l30) at 2.60/1.47 in tcn366 MR[0] elapsed 12136 sec.: [32mLoop time: 1.108s DC Power: [35m509.2W[32m DRAM power: 0.00W PCK power: 430.00W
	avg. CPUFreq: 2.57GHz avg. IMCFreq: 1.47GHz
	CPI: 0.371 VPI: 0.00, Mem. bwidth: 0.12GB/s GFLOPS: 0.00 I/O: 0.01MB/s No MPI  
	TPI 0.02 Cache miss rates: L1 0.25GB/s L2 0.00GB/s L3 0.00GB/s
	Total MPI calls 3
	IO DATA: rchar 4612 wchar 8844 syscr 51 syscw 27 read_bytes 0 write_bytes 294912
	Process OS info: (pid 556453 state R utime 1092 stime 1 cutime 0 cstime 0 CPU usage 98)
	CPU temperature (celsius): socket 0: 63 socket 1: 74[0m
EAR[556453](hratio_l30) at 2.60/1.47 in tcn366 MR[0] elapsed 12147 sec.: [32mLoop time: 1.108s DC Power: [35m458.0W[32m DRAM power: 0.00W PCK power: 430.06W
	avg. CPUFreq: 2.57GHz avg. IMCFreq: 1.47GHz
	CPI: 0.371 VPI: 0.00, Mem. bwidth: 0.11GB/s GFLOPS: 0.00 I/O: 0.01MB/s No MPI  
	TPI 0.02 Cache miss rates: L1 0.25GB/s L2 0.00GB/s L3 0.00GB/s
	Total MPI calls 3
	IO DATA: rchar 4612 wchar 8844 syscr 51 syscw 27 read_bytes 0 write_bytes 339968
	Process OS info: (pid 556453 state R utime 1092 stime 0 cutime 0 cstime 0 CPU usage 98)
	CPU temperature (celsius): socket 0: 63 socket 1: 74[0m
EAR[556453](hratio_l30) at 2.60/1.47 in tcn366 MR[0] elapsed 12158 sec.: [32mLoop time: 1.108s DC Power: [35m508.5W[32m DRAM power: 0.00W PCK power: 430.14W
	avg. CPUFreq: 2.57GHz avg. IMCFreq: 1.47GHz
	CPI: 0.371 VPI: 0.00, Mem. bwidth: 0.13GB/s GFLOPS: 0.00 I/O: 0.01MB/s No MPI  
	TPI 0.02 Cache miss rates: L1 0.26GB/s L2 0.00GB/s L3 0.00GB/s
	Total MPI calls 3
	IO DATA: rchar 4612 wchar 8844 syscr 51 syscw 27 read_bytes 0 write_bytes 401408
	Process OS info: (pid 556453 state R utime 1092 stime 1 cutime 0 cstime 0 CPU usage 98)
	CPU temperature (celsius): socket 0: 63 socket 1: 74[0m
EAR[556453](hratio_l30) at 2.60/1.47 in tcn366 MR[0] elapsed 12169 sec.: [32mLoop time: 1.107s DC Power: [35m509.4W[32m DRAM power: 0.00W PCK power: 430.21W
	avg. CPUFreq: 2.57GHz avg. IMCFreq: 1.47GHz
	CPI: 0.371 VPI: 0.00, Mem. bwidth: 0.10GB/s GFLOPS: 0.00 I/O: 0.01MB/s No MPI  
	TPI 0.01 Cache miss rates: L1 0.25GB/s L2 0.00GB/s L3 0.00GB/s
	Total MPI calls 3
	IO DATA: rchar 4612 wchar 8844 syscr 51 syscw 27 read_bytes 0 write_bytes 294912
	Process OS info: (pid 556453 state R utime 1091 stime 0 cutime 0 cstime 0 CPU usage 98)
	CPU temperature (celsius): socket 0: 63 socket 1: 74[0m
EAR[556453](hratio_l30) at 2.60/1.47 in tcn366 MR[0] elapsed 12181 sec.: [32mLoop time: 1.108s DC Power: [35m510.0W[32m DRAM power: 0.00W PCK power: 430.25W
	avg. CPUFreq: 2.57GHz avg. IMCFreq: 1.47GHz
	CPI: 0.371 VPI: 0.00, Mem. bwidth: 0.11GB/s GFLOPS: 0.00 I/O: 0.01MB/s No MPI  
	TPI 0.02 Cache miss rates: L1 0.25GB/s L2 0.00GB/s L3 0.00GB/s
	Total MPI calls 3
	IO DATA: rchar 4612 wchar 8844 syscr 51 syscw 27 read_bytes 0 write_bytes 294912
	Process OS info: (pid 556453 state R utime 1092 stime 1 cutime 0 cstime 0 CPU usage 98)
	CPU temperature (celsius): socket 0: 63 socket 1: 74[0m
EAR[556453](hratio_l30) at 2.60/1.47 in tcn366 MR[0] elapsed 12192 sec.: [32mLoop time: 1.107s DC Power: [35m460.0W[32m DRAM power: 0.00W PCK power: 430.24W
	avg. CPUFreq: 2.57GHz avg. IMCFreq: 1.47GHz
	CPI: 0.371 VPI: 0.00, Mem. bwidth: 0.12GB/s GFLOPS: 0.00 I/O: 0.01MB/s No MPI  
	TPI 0.02 Cache miss rates: L1 0.25GB/s L2 0.00GB/s L3 0.00GB/s
	Total MPI calls 3
	IO DATA: rchar 4612 wchar 8844 syscr 51 syscw 27 read_bytes 0 write_bytes 294912
	Process OS info: (pid 556453 state R utime 1091 stime 1 cutime 0 cstime 0 CPU usage 98)
	CPU temperature (celsius): socket 0: 63 socket 1: 74[0m
EAR[556453](hratio_l30) at 2.60/1.47 in tcn366 MR[0] elapsed 12203 sec.: [32mLoop time: 1.107s DC Power: [35m511.1W[32m DRAM power: 0.00W PCK power: 430.20W
	avg. CPUFreq: 2.57GHz avg. IMCFreq: 1.47GHz
	CPI: 0.371 VPI: 0.00, Mem. bwidth: 0.12GB/s GFLOPS: 0.00 I/O: 0.01MB/s No MPI  
	TPI 0.02 Cache miss rates: L1 0.27GB/s L2 0.00GB/s L3 0.00GB/s
	Total MPI calls 3
	IO DATA: rchar 4612 wchar 8844 syscr 51 syscw 27 read_bytes 0 write_bytes 299008
	Process OS info: (pid 556453 state R utime 1092 stime 0 cutime 0 cstime 0 CPU usage 98)
	CPU temperature (celsius): socket 0: 63 socket 1: 74[0m
EAR[556453](hratio_l30) at 2.60/1.47 in tcn366 MR[0] elapsed 12214 sec.: [32mLoop time: 1.107s DC Power: [35m510.2W[32m DRAM power: 0.00W PCK power: 430.11W
	avg. CPUFreq: 2.57GHz avg. IMCFreq: 1.47GHz
	CPI: 0.371 VPI: 0.00, Mem. bwidth: 0.11GB/s GFLOPS: 0.00 I/O: 0.01MB/s No MPI  
	TPI 0.02 Cache miss rates: L1 0.25GB/s L2 0.00GB/s L3 0.00GB/s
	Total MPI calls 3
	IO DATA: rchar 4612 wchar 8844 syscr 51 syscw 27 read_bytes 0 write_bytes 360448
	Process OS info: (pid 556453 state R utime 1091 stime 1 cutime 0 cstime 0 CPU usage 98)
	CPU temperature (celsius): socket 0: 63 socket 1: 74[0m
EAR[556453](hratio_l30) at 2.60/1.47 in tcn366 MR[0] elapsed 12225 sec.: [32mLoop time: 1.107s DC Power: [35m509.7W[32m DRAM power: 0.00W PCK power: 430.11W
	avg. CPUFreq: 2.57GHz avg. IMCFreq: 1.47GHz
	CPI: 0.371 VPI: 0.00, Mem. bwidth: 0.11GB/s GFLOPS: 0.00 I/O: 0.01MB/s No MPI  
	TPI 0.02 Cache miss rates: L1 0.25GB/s L2 0.00GB/s L3 0.00GB/s
	Total MPI calls 3
	IO DATA: rchar 4612 wchar 8844 syscr 51 syscw 27 read_bytes 0 write_bytes 294912
	Process OS info: (pid 556453 state R utime 1092 stime 0 cutime 0 cstime 0 CPU usage 98)
	CPU temperature (celsius): socket 0: 63 socket 1: 74[0m
EAR[556453](hratio_l30) at 2.60/1.47 in tcn366 MR[0] elapsed 12236 sec.: [32mLoop time: 1.107s DC Power: [35m509.3W[32m DRAM power: 0.00W PCK power: 430.21W
	avg. CPUFreq: 2.57GHz avg. IMCFreq: 1.47GHz
	CPI: 0.371 VPI: 0.00, Mem. bwidth: 0.11GB/s GFLOPS: 0.00 I/O: 0.01MB/s No MPI  
	TPI 0.02 Cache miss rates: L1 0.25GB/s L2 0.00GB/s L3 0.00GB/s
	Total MPI calls 3
	IO DATA: rchar 4612 wchar 8844 syscr 51 syscw 27 read_bytes 0 write_bytes 294912
	Process OS info: (pid 556453 state R utime 1092 stime 1 cutime 0 cstime 0 CPU usage 98)
	CPU temperature (celsius): socket 0: 63 socket 1: 74[0m
EAR[556453](hratio_l30) at 2.60/1.47 in tcn366 MR[0] elapsed 12247 sec.: [32mLoop time: 1.108s DC Power: [35m458.0W[32m DRAM power: 0.00W PCK power: 430.14W
	avg. CPUFreq: 2.57GHz avg. IMCFreq: 1.47GHz
	CPI: 0.371 VPI: 0.00, Mem. bwidth: 0.11GB/s GFLOPS: 0.00 I/O: 0.01MB/s No MPI  
	TPI 0.02 Cache miss rates: L1 0.25GB/s L2 0.00GB/s L3 0.00GB/s
	Total MPI calls 3
	IO DATA: rchar 4612 wchar 8844 syscr 51 syscw 27 read_bytes 0 write_bytes 294912
	Process OS info: (pid 556453 state R utime 1091 stime 0 cutime 0 cstime 0 CPU usage 98)
	CPU temperature (celsius): socket 0: 63 socket 1: 74[0m
EAR[556453](hratio_l30) at 2.60/1.47 in tcn366 MR[0] elapsed 12258 sec.: [32mLoop time: 1.107s DC Power: [35m509.3W[32m DRAM power: 0.00W PCK power: 430.13W
	avg. CPUFreq: 2.57GHz avg. IMCFreq: 1.47GHz
	CPI: 0.371 VPI: 0.00, Mem. bwidth: 0.11GB/s GFLOPS: 0.00 I/O: 0.01MB/s No MPI  
	TPI 0.02 Cache miss rates: L1 0.25GB/s L2 0.00GB/s L3 0.00GB/s
	Total MPI calls 3
	IO DATA: rchar 4612 wchar 8844 syscr 51 syscw 27 read_bytes 0 write_bytes 299008
	Process OS info: (pid 556453 state R utime 1091 stime 1 cutime 0 cstime 0 CPU usage 98)
	CPU temperature (celsius): socket 0: 63 socket 1: 74[0m
EAR[556453](hratio_l30) at 2.60/1.47 in tcn366 MR[0] elapsed 12269 sec.: [32mLoop time: 1.111s DC Power: [35m507.5W[32m DRAM power: 0.00W PCK power: 430.22W
	avg. CPUFreq: 2.57GHz avg. IMCFreq: 1.47GHz
	CPI: 0.371 VPI: 0.00, Mem. bwidth: 0.11GB/s GFLOPS: 0.00 I/O: 0.01MB/s No MPI  
	TPI 0.02 Cache miss rates: L1 0.25GB/s L2 0.00GB/s L3 0.00GB/s
	Total MPI calls 3
	IO DATA: rchar 4612 wchar 8844 syscr 51 syscw 27 read_bytes 0 write_bytes 294912
	Process OS info: (pid 556453 state R utime 1096 stime 1 cutime 0 cstime 0 CPU usage 98)
	CPU temperature (celsius): socket 0: 63 socket 1: 74[0m
EAR[556453](hratio_l30) at 2.60/1.47 in tcn366 MR[0] elapsed 12280 sec.: [32mLoop time: 1.107s DC Power: [35m509.3W[32m DRAM power: 0.00W PCK power: 430.17W
	avg. CPUFreq: 2.57GHz avg. IMCFreq: 1.47GHz
	CPI: 0.371 VPI: 0.00, Mem. bwidth: 0.12GB/s GFLOPS: 0.00 I/O: 0.01MB/s No MPI  
	TPI 0.02 Cache miss rates: L1 0.25GB/s L2 0.00GB/s L3 0.00GB/s
	Total MPI calls 3
	IO DATA: rchar 4612 wchar 8844 syscr 51 syscw 27 read_bytes 0 write_bytes 393216
	Process OS info: (pid 556453 state R utime 1091 stime 1 cutime 0 cstime 0 CPU usage 98)
	CPU temperature (celsius): socket 0: 63 socket 1: 74[0m
EAR[556453](hratio_l30) at 2.60/1.47 in tcn366 MR[0] elapsed 12291 sec.: [32mLoop time: 1.108s DC Power: [35m508.8W[32m DRAM power: 0.00W PCK power: 430.38W
	avg. CPUFreq: 2.57GHz avg. IMCFreq: 1.47GHz
	CPI: 0.371 VPI: 0.00, Mem. bwidth: 0.10GB/s GFLOPS: 0.00 I/O: 0.01MB/s No MPI  
	TPI 0.01 Cache miss rates: L1 0.25GB/s L2 0.00GB/s L3 0.00GB/s
	Total MPI calls 3
	IO DATA: rchar 4612 wchar 8844 syscr 51 syscw 27 read_bytes 0 write_bytes 294912
	Process OS info: (pid 556453 state R utime 1092 stime 0 cutime 0 cstime 0 CPU usage 98)
	CPU temperature (celsius): socket 0: 63 socket 1: 74[0m
EAR[556453](hratio_l30) at 2.60/1.47 in tcn366 MR[0] elapsed 12302 sec.: [32mLoop time: 1.107s DC Power: [35m458.4W[32m DRAM power: 0.00W PCK power: 430.19W
	avg. CPUFreq: 2.57GHz avg. IMCFreq: 1.47GHz
	CPI: 0.371 VPI: 0.00, Mem. bwidth: 0.10GB/s GFLOPS: 0.00 I/O: 0.01MB/s No MPI  
	TPI 0.01 Cache miss rates: L1 0.26GB/s L2 0.00GB/s L3 0.00GB/s
	Total MPI calls 3
	IO DATA: rchar 4612 wchar 8844 syscr 51 syscw 27 read_bytes 0 write_bytes 294912
	Process OS info: (pid 556453 state R utime 1092 stime 1 cutime 0 cstime 0 CPU usage 98)
	CPU temperature (celsius): socket 0: 63 socket 1: 74[0m
EAR[556453](hratio_l30) at 2.60/1.47 in tcn366 MR[0] elapsed 12313 sec.: [32mLoop time: 1.108s DC Power: [35m509.2W[32m DRAM power: 0.00W PCK power: 430.24W
	avg. CPUFreq: 2.57GHz avg. IMCFreq: 1.47GHz
	CPI: 0.371 VPI: 0.00, Mem. bwidth: 0.11GB/s GFLOPS: 0.00 I/O: 0.01MB/s No MPI  
	TPI 0.02 Cache miss rates: L1 0.25GB/s L2 0.00GB/s L3 0.00GB/s
	Total MPI calls 3
	IO DATA: rchar 4612 wchar 8844 syscr 51 syscw 27 read_bytes 0 write_bytes 299008
	Process OS info: (pid 556453 state R utime 1091 stime 1 cutime 0 cstime 0 CPU usage 98)
	CPU temperature (celsius): socket 0: 63 socket 1: 74[0m
EAR[556453](hratio_l30) at 2.60/1.47 in tcn366 MR[0] elapsed 12325 sec.: [32mLoop time: 1.111s DC Power: [35m507.8W[32m DRAM power: 0.00W PCK power: 430.24W
	avg. CPUFreq: 2.57GHz avg. IMCFreq: 1.47GHz
	CPI: 0.371 VPI: 0.00, Mem. bwidth: 0.10GB/s GFLOPS: 0.00 I/O: 0.01MB/s No MPI  
	TPI 0.01 Cache miss rates: L1 0.25GB/s L2 0.00GB/s L3 0.00GB/s
	Total MPI calls 3
	IO DATA: rchar 4612 wchar 8844 syscr 51 syscw 27 read_bytes 0 write_bytes 397312
	Process OS info: (pid 556453 state R utime 1092 stime 0 cutime 0 cstime 0 CPU usage 98)
	CPU temperature (celsius): socket 0: 63 socket 1: 74[0m
EAR[556453](hratio_l30) at 2.60/1.47 in tcn366 MR[0] elapsed 12336 sec.: [32mLoop time: 1.108s DC Power: [35m458.0W[32m DRAM power: 0.00W PCK power: 430.16W
	avg. CPUFreq: 2.57GHz avg. IMCFreq: 1.47GHz
	CPI: 0.371 VPI: 0.00, Mem. bwidth: 0.11GB/s GFLOPS: 0.00 I/O: 0.01MB/s No MPI  
	TPI 0.02 Cache miss rates: L1 0.26GB/s L2 0.00GB/s L3 0.00GB/s
	Total MPI calls 3
	IO DATA: rchar 4612 wchar 8844 syscr 51 syscw 27 read_bytes 0 write_bytes 299008
	Process OS info: (pid 556453 state R utime 1092 stime 1 cutime 0 cstime 0 CPU usage 98)
	CPU temperature (celsius): socket 0: 63 socket 1: 74[0m
EAR[556453](hratio_l30) at 2.60/1.47 in tcn366 MR[0] elapsed 12347 sec.: [32mLoop time: 1.107s DC Power: [35m510.0W[32m DRAM power: 0.00W PCK power: 430.24W
	avg. CPUFreq: 2.57GHz avg. IMCFreq: 1.47GHz
	CPI: 0.371 VPI: 0.00, Mem. bwidth: 0.11GB/s GFLOPS: 0.00 I/O: 0.01MB/s No MPI  
	TPI 0.02 Cache miss rates: L1 0.26GB/s L2 0.00GB/s L3 0.00GB/s
	Total MPI calls 3
	IO DATA: rchar 4612 wchar 8844 syscr 51 syscw 27 read_bytes 0 write_bytes 434176
	Process OS info: (pid 556453 state R utime 1092 stime 1 cutime 0 cstime 0 CPU usage 98)
	CPU temperature (celsius): socket 0: 63 socket 1: 74[0m
EAR[556453](hratio_l30) at 2.60/1.47 in tcn366 MR[0] elapsed 12358 sec.: [32mLoop time: 1.110s DC Power: [35m509.2W[32m DRAM power: 0.00W PCK power: 430.34W
	avg. CPUFreq: 2.57GHz avg. IMCFreq: 1.47GHz
	CPI: 0.371 VPI: 0.00, Mem. bwidth: 0.11GB/s GFLOPS: 0.00 I/O: 0.01MB/s No MPI  
	TPI 0.02 Cache miss rates: L1 0.25GB/s L2 0.00GB/s L3 0.00GB/s
	Total MPI calls 3
	IO DATA: rchar 4612 wchar 8844 syscr 51 syscw 27 read_bytes 0 write_bytes 294912
	Process OS info: (pid 556453 state R utime 1093 stime 2 cutime 0 cstime 0 CPU usage 98)
	CPU temperature (celsius): socket 0: 63 socket 1: 74[0m
EAR[556453](hratio_l30) at 2.60/1.47 in tcn366 MR[0] elapsed 12369 sec.: [32mLoop time: 1.108s DC Power: [35m459.8W[32m DRAM power: 0.00W PCK power: 430.11W
	avg. CPUFreq: 2.57GHz avg. IMCFreq: 1.47GHz
	CPI: 0.371 VPI: 0.00, Mem. bwidth: 0.13GB/s GFLOPS: 0.00 I/O: 0.01MB/s No MPI  
	TPI 0.02 Cache miss rates: L1 0.26GB/s L2 0.00GB/s L3 0.00GB/s
	Total MPI calls 3
	IO DATA: rchar 4612 wchar 8844 syscr 51 syscw 27 read_bytes 0 write_bytes 294912
	Process OS info: (pid 556453 state R utime 1093 stime 1 cutime 0 cstime 0 CPU usage 98)
	CPU temperature (celsius): socket 0: 63 socket 1: 74[0m
EAR[556453](hratio_l30) at 2.60/1.47 in tcn366 MR[0] elapsed 12380 sec.: [32mLoop time: 1.108s DC Power: [35m459.5W[32m DRAM power: 0.00W PCK power: 430.16W
	avg. CPUFreq: 2.57GHz avg. IMCFreq: 1.47GHz
	CPI: 0.371 VPI: 0.00, Mem. bwidth: 0.10GB/s GFLOPS: 0.00 I/O: 0.01MB/s No MPI  
	TPI 0.01 Cache miss rates: L1 0.26GB/s L2 0.00GB/s L3 0.00GB/s
	Total MPI calls 3
	IO DATA: rchar 4612 wchar 8844 syscr 51 syscw 27 read_bytes 0 write_bytes 294912
	Process OS info: (pid 556453 state R utime 1093 stime 1 cutime 0 cstime 0 CPU usage 98)
	CPU temperature (celsius): socket 0: 63 socket 1: 74[0m
EAR[556453](hratio_l30) at 2.60/1.47 in tcn366 MR[0] elapsed 12391 sec.: [32mLoop time: 1.107s DC Power: [35m509.8W[32m DRAM power: 0.00W PCK power: 430.22W
	avg. CPUFreq: 2.57GHz avg. IMCFreq: 1.47GHz
	CPI: 0.371 VPI: 0.00, Mem. bwidth: 0.10GB/s GFLOPS: 0.00 I/O: 0.01MB/s No MPI  
	TPI 0.01 Cache miss rates: L1 0.26GB/s L2 0.00GB/s L3 0.00GB/s
	Total MPI calls 3
	IO DATA: rchar 4612 wchar 8844 syscr 51 syscw 27 read_bytes 0 write_bytes 303104
	Process OS info: (pid 556453 state R utime 1092 stime 0 cutime 0 cstime 0 CPU usage 98)
	CPU temperature (celsius): socket 0: 63 socket 1: 74[0m
EAR[556453](hratio_l30) at 2.60/1.47 in tcn366 MR[0] elapsed 12402 sec.: [32mLoop time: 1.108s DC Power: [35m509.2W[32m DRAM power: 0.00W PCK power: 430.08W
	avg. CPUFreq: 2.57GHz avg. IMCFreq: 1.47GHz
	CPI: 0.371 VPI: 0.00, Mem. bwidth: 0.13GB/s GFLOPS: 0.00 I/O: 0.01MB/s No MPI  
	TPI 0.02 Cache miss rates: L1 0.26GB/s L2 0.00GB/s L3 0.00GB/s
	Total MPI calls 3
	IO DATA: rchar 4612 wchar 8844 syscr 51 syscw 27 read_bytes 0 write_bytes 294912
	Process OS info: (pid 556453 state R utime 1086 stime 1 cutime 0 cstime 0 CPU usage 98)
	CPU temperature (celsius): socket 0: 63 socket 1: 74[0m
EAR[556453](hratio_l30) at 2.60/1.47 in tcn366 MR[0] elapsed 12413 sec.: [32mLoop time: 1.107s DC Power: [35m508.4W[32m DRAM power: 0.00W PCK power: 430.14W
	avg. CPUFreq: 2.57GHz avg. IMCFreq: 1.47GHz
	CPI: 0.371 VPI: 0.00, Mem. bwidth: 0.10GB/s GFLOPS: 0.00 I/O: 0.01MB/s No MPI  
	TPI 0.01 Cache miss rates: L1 0.26GB/s L2 0.00GB/s L3 0.00GB/s
	Total MPI calls 3
	IO DATA: rchar 4612 wchar 8844 syscr 51 syscw 27 read_bytes 0 write_bytes 294912
	Process OS info: (pid 556453 state R utime 1093 stime 1 cutime 0 cstime 0 CPU usage 98)
	CPU temperature (celsius): socket 0: 63 socket 1: 74[0m
EAR[556453](hratio_l30) at 2.60/1.47 in tcn366 MR[0] elapsed 12424 sec.: [32mLoop time: 1.107s DC Power: [35m406.7W[32m DRAM power: 0.00W PCK power: 430.21W
	avg. CPUFreq: 2.57GHz avg. IMCFreq: 1.47GHz
	CPI: 0.371 VPI: 0.00, Mem. bwidth: 0.11GB/s GFLOPS: 0.00 I/O: 0.01MB/s No MPI  
	TPI 0.02 Cache miss rates: L1 0.26GB/s L2 0.00GB/s L3 0.00GB/s
	Total MPI calls 3
	IO DATA: rchar 4612 wchar 8844 syscr 51 syscw 27 read_bytes 0 write_bytes 303104
	Process OS info: (pid 556453 state R utime 1093 stime 0 cutime 0 cstime 0 CPU usage 98)
	CPU temperature (celsius): socket 0: 63 socket 1: 74[0m
EAR[556453](hratio_l30) at 2.60/1.47 in tcn366 MR[0] elapsed 12435 sec.: [32mLoop time: 1.108s DC Power: [35m509.1W[32m DRAM power: 0.00W PCK power: 430.15W
	avg. CPUFreq: 2.57GHz avg. IMCFreq: 1.47GHz
	CPI: 0.371 VPI: 0.00, Mem. bwidth: 0.12GB/s GFLOPS: 0.00 I/O: 0.01MB/s No MPI  
	TPI 0.02 Cache miss rates: L1 0.26GB/s L2 0.00GB/s L3 0.00GB/s
	Total MPI calls 3
	IO DATA: rchar 4612 wchar 8844 syscr 51 syscw 27 read_bytes 0 write_bytes 294912
	Process OS info: (pid 556453 state R utime 1093 stime 1 cutime 0 cstime 0 CPU usage 98)
	CPU temperature (celsius): socket 0: 63 socket 1: 74[0m
EAR[556453](hratio_l30) at 2.60/1.47 in tcn366 MR[0] elapsed 12446 sec.: [32mLoop time: 1.109s DC Power: [35m508.6W[32m DRAM power: 0.00W PCK power: 430.21W
	avg. CPUFreq: 2.57GHz avg. IMCFreq: 1.47GHz
	CPI: 0.371 VPI: 0.00, Mem. bwidth: 0.10GB/s GFLOPS: 0.00 I/O: 0.01MB/s No MPI  
	TPI 0.02 Cache miss rates: L1 0.26GB/s L2 0.00GB/s L3 0.00GB/s
	Total MPI calls 3
	IO DATA: rchar 4612 wchar 8844 syscr 51 syscw 27 read_bytes 0 write_bytes 299008
	Process OS info: (pid 556453 state R utime 1094 stime 0 cutime 0 cstime 0 CPU usage 98)
	CPU temperature (celsius): socket 0: 63 socket 1: 74[0m
EAR[556453](hratio_l30) at 2.60/1.47 in tcn366 MR[0] elapsed 12458 sec.: [32mLoop time: 1.108s DC Power: [35m509.1W[32m DRAM power: 0.00W PCK power: 430.28W
	avg. CPUFreq: 2.57GHz avg. IMCFreq: 1.47GHz
	CPI: 0.371 VPI: 0.00, Mem. bwidth: 0.10GB/s GFLOPS: 0.00 I/O: 0.01MB/s No MPI  
	TPI 0.02 Cache miss rates: L1 0.26GB/s L2 0.00GB/s L3 0.00GB/s
	Total MPI calls 3
	IO DATA: rchar 4612 wchar 8844 syscr 51 syscw 27 read_bytes 0 write_bytes 303104
	Process OS info: (pid 556453 state R utime 1094 stime 1 cutime 0 cstime 0 CPU usage 98)
	CPU temperature (celsius): socket 0: 63 socket 1: 74[0m
EAR[556453](hratio_l30) at 2.60/1.47 in tcn366 MR[0] elapsed 12469 sec.: [32mLoop time: 1.108s DC Power: [35m458.3W[32m DRAM power: 0.00W PCK power: 430.30W
	avg. CPUFreq: 2.57GHz avg. IMCFreq: 1.47GHz
	CPI: 0.371 VPI: 0.00, Mem. bwidth: 0.09GB/s GFLOPS: 0.00 I/O: 0.01MB/s No MPI  
	TPI 0.01 Cache miss rates: L1 0.25GB/s L2 0.00GB/s L3 0.00GB/s
	Total MPI calls 3
	IO DATA: rchar 4612 wchar 8844 syscr 51 syscw 27 read_bytes 0 write_bytes 299008
	Process OS info: (pid 556453 state R utime 1093 stime 1 cutime 0 cstime 0 CPU usage 98)
	CPU temperature (celsius): socket 0: 63 socket 1: 74[0m
EAR[556453](hratio_l30) at 2.60/1.47 in tcn366 MR[0] elapsed 12480 sec.: [32mLoop time: 1.107s DC Power: [35m509.3W[32m DRAM power: 0.00W PCK power: 430.46W
	avg. CPUFreq: 2.57GHz avg. IMCFreq: 1.47GHz
	CPI: 0.371 VPI: 0.00, Mem. bwidth: 0.10GB/s GFLOPS: 0.00 I/O: 0.01MB/s No MPI  
	TPI 0.01 Cache miss rates: L1 0.26GB/s L2 0.00GB/s L3 0.00GB/s
	Total MPI calls 3
	IO DATA: rchar 4612 wchar 8844 syscr 51 syscw 27 read_bytes 0 write_bytes 294912
	Process OS info: (pid 556453 state R utime 1093 stime 0 cutime 0 cstime 0 CPU usage 98)
	CPU temperature (celsius): socket 0: 63 socket 1: 74[0m
EAR[556453](hratio_l30) at 2.60/1.47 in tcn366 MR[0] elapsed 12491 sec.: [32mLoop time: 1.107s DC Power: [35m509.3W[32m DRAM power: 0.00W PCK power: 430.26W
	avg. CPUFreq: 2.57GHz avg. IMCFreq: 1.47GHz
	CPI: 0.371 VPI: 0.00, Mem. bwidth: 0.11GB/s GFLOPS: 0.00 I/O: 0.01MB/s No MPI  
	TPI 0.02 Cache miss rates: L1 0.26GB/s L2 0.00GB/s L3 0.00GB/s
	Total MPI calls 3
	IO DATA: rchar 4612 wchar 8844 syscr 51 syscw 27 read_bytes 0 write_bytes 360448
	Process OS info: (pid 556453 state R utime 1087 stime 1 cutime 0 cstime 0 CPU usage 98)
	CPU temperature (celsius): socket 0: 63 socket 1: 74[0m
EAR[556453](hratio_l30) at 2.60/1.47 in tcn366 MR[0] elapsed 12502 sec.: [32mLoop time: 1.107s DC Power: [35m509.3W[32m DRAM power: 0.00W PCK power: 430.22W
	avg. CPUFreq: 2.57GHz avg. IMCFreq: 1.47GHz
	CPI: 0.371 VPI: 0.00, Mem. bwidth: 0.10GB/s GFLOPS: 0.00 I/O: 0.01MB/s No MPI  
	TPI 0.01 Cache miss rates: L1 0.26GB/s L2 0.00GB/s L3 0.00GB/s
	Total MPI calls 3
	IO DATA: rchar 4612 wchar 8844 syscr 51 syscw 27 read_bytes 0 write_bytes 294912
	Process OS info: (pid 556453 state R utime 1092 stime 1 cutime 0 cstime 0 CPU usage 98)
	CPU temperature (celsius): socket 0: 63 socket 1: 74[0m
EAR[556453](hratio_l30) at 2.60/1.47 in tcn366 MR[0] elapsed 12513 sec.: [32mLoop time: 1.108s DC Power: [35m458.4W[32m DRAM power: 0.00W PCK power: 430.41W
	avg. CPUFreq: 2.57GHz avg. IMCFreq: 1.47GHz
	CPI: 0.371 VPI: 0.00, Mem. bwidth: 0.08GB/s GFLOPS: 0.00 I/O: 0.01MB/s No MPI  
	TPI 0.01 Cache miss rates: L1 0.26GB/s L2 0.00GB/s L3 0.00GB/s
	Total MPI calls 3
	IO DATA: rchar 4612 wchar 8844 syscr 51 syscw 27 read_bytes 0 write_bytes 299008
	Process OS info: (pid 556453 state R utime 1094 stime 1 cutime 0 cstime 0 CPU usage 98)
	CPU temperature (celsius): socket 0: 63 socket 1: 74[0m
EAR[556453](hratio_l30) at 2.60/1.47 in tcn366 MR[0] elapsed 12524 sec.: [32mLoop time: 1.108s DC Power: [35m510.1W[32m DRAM power: 0.00W PCK power: 430.39W
	avg. CPUFreq: 2.57GHz avg. IMCFreq: 1.47GHz
	CPI: 0.371 VPI: 0.00, Mem. bwidth: 0.12GB/s GFLOPS: 0.00 I/O: 0.01MB/s No MPI  
	TPI 0.02 Cache miss rates: L1 0.26GB/s L2 0.00GB/s L3 0.00GB/s
	Total MPI calls 3
	IO DATA: rchar 4612 wchar 8844 syscr 51 syscw 27 read_bytes 0 write_bytes 299008
	Process OS info: (pid 556453 state R utime 1093 stime 0 cutime 0 cstime 0 CPU usage 98)
	CPU temperature (celsius): socket 0: 63 socket 1: 74[0m
EAR[556453](hratio_l30) at 2.60/1.47 in tcn366 MR[0] elapsed 12535 sec.: [32mLoop time: 1.108s DC Power: [35m511.0W[32m DRAM power: 0.00W PCK power: 430.43W
	avg. CPUFreq: 2.57GHz avg. IMCFreq: 1.47GHz
	CPI: 0.371 VPI: 0.00, Mem. bwidth: 0.11GB/s GFLOPS: 0.00 I/O: 0.01MB/s No MPI  
	TPI 0.02 Cache miss rates: L1 0.26GB/s L2 0.00GB/s L3 0.00GB/s
	Total MPI calls 3
	IO DATA: rchar 4612 wchar 8844 syscr 51 syscw 27 read_bytes 0 write_bytes 294912
	Process OS info: (pid 556453 state R utime 1093 stime 1 cutime 0 cstime 0 CPU usage 98)
	CPU temperature (celsius): socket 0: 64 socket 1: 74[0m
EAR[556453](hratio_l30) at 2.60/1.47 in tcn366 MR[0] elapsed 12546 sec.: [32mLoop time: 1.108s DC Power: [35m459.9W[32m DRAM power: 0.00W PCK power: 430.50W
	avg. CPUFreq: 2.57GHz avg. IMCFreq: 1.47GHz
	CPI: 0.371 VPI: 0.00, Mem. bwidth: 0.09GB/s GFLOPS: 0.00 I/O: 0.01MB/s No MPI  
	TPI 0.01 Cache miss rates: L1 0.26GB/s L2 0.00GB/s L3 0.00GB/s
	Total MPI calls 3
	IO DATA: rchar 4612 wchar 8844 syscr 51 syscw 27 read_bytes 0 write_bytes 294912
	Process OS info: (pid 556453 state R utime 1093 stime 1 cutime 0 cstime 0 CPU usage 98)
	CPU temperature (celsius): socket 0: 63 socket 1: 74[0m
EAR[556453](hratio_l30) at 2.60/1.47 in tcn366 MR[0] elapsed 12557 sec.: [32mLoop time: 1.108s DC Power: [35m459.6W[32m DRAM power: 0.00W PCK power: 430.42W
	avg. CPUFreq: 2.57GHz avg. IMCFreq: 1.47GHz
	CPI: 0.371 VPI: 0.00, Mem. bwidth: 0.11GB/s GFLOPS: 0.00 I/O: 0.01MB/s No MPI  
	TPI 0.02 Cache miss rates: L1 0.26GB/s L2 0.00GB/s L3 0.00GB/s
	Total MPI calls 3
	IO DATA: rchar 4612 wchar 8844 syscr 51 syscw 27 read_bytes 0 write_bytes 307200
	Process OS info: (pid 556453 state R utime 1093 stime 0 cutime 0 cstime 0 CPU usage 98)
	CPU temperature (celsius): socket 0: 63 socket 1: 74[0m
EAR[556453](hratio_l30) at 2.60/1.47 in tcn366 MR[0] elapsed 12568 sec.: [32mLoop time: 1.108s DC Power: [35m509.8W[32m DRAM power: 0.00W PCK power: 430.34W
	avg. CPUFreq: 2.57GHz avg. IMCFreq: 1.47GHz
	CPI: 0.371 VPI: 0.00, Mem. bwidth: 0.11GB/s GFLOPS: 0.00 I/O: 0.01MB/s No MPI  
	TPI 0.02 Cache miss rates: L1 0.26GB/s L2 0.00GB/s L3 0.00GB/s
	Total MPI calls 3
	IO DATA: rchar 4612 wchar 8844 syscr 51 syscw 27 read_bytes 0 write_bytes 299008
	Process OS info: (pid 556453 state R utime 1093 stime 1 cutime 0 cstime 0 CPU usage 98)
	CPU temperature (celsius): socket 0: 63 socket 1: 74[0m
EAR[556453](hratio_l30) at 2.60/1.47 in tcn366 MR[0] elapsed 12579 sec.: [32mLoop time: 1.108s DC Power: [35m509.1W[32m DRAM power: 0.00W PCK power: 430.31W
	avg. CPUFreq: 2.57GHz avg. IMCFreq: 1.47GHz
	CPI: 0.371 VPI: 0.00, Mem. bwidth: 0.11GB/s GFLOPS: 0.00 I/O: 0.01MB/s No MPI  
	TPI 0.02 Cache miss rates: L1 0.26GB/s L2 0.00GB/s L3 0.00GB/s
	Total MPI calls 3
	IO DATA: rchar 4612 wchar 8844 syscr 51 syscw 27 read_bytes 0 write_bytes 303104
	Process OS info: (pid 556453 state R utime 1093 stime 1 cutime 0 cstime 0 CPU usage 98)
	CPU temperature (celsius): socket 0: 63 socket 1: 74[0m
EAR[556453](hratio_l30) at 2.60/1.47 in tcn366 MR[0] elapsed 12590 sec.: [32mLoop time: 1.108s DC Power: [35m509.0W[32m DRAM power: 0.00W PCK power: 430.33W
	avg. CPUFreq: 2.57GHz avg. IMCFreq: 1.47GHz
	CPI: 0.371 VPI: 0.00, Mem. bwidth: 0.09GB/s GFLOPS: 0.00 I/O: 0.01MB/s No MPI  
	TPI 0.01 Cache miss rates: L1 0.26GB/s L2 0.00GB/s L3 0.00GB/s
	Total MPI calls 3
	IO DATA: rchar 4612 wchar 8844 syscr 51 syscw 27 read_bytes 0 write_bytes 290816
	Process OS info: (pid 556453 state R utime 1094 stime 1 cutime 0 cstime 0 CPU usage 98)
	CPU temperature (celsius): socket 0: 63 socket 1: 74[0m
EAR[556453](hratio_l30) at 2.60/1.47 in tcn366 MR[0] elapsed 12602 sec.: [32mLoop time: 1.110s DC Power: [35m457.1W[32m DRAM power: 0.00W PCK power: 430.34W
	avg. CPUFreq: 2.57GHz avg. IMCFreq: 1.47GHz
	CPI: 0.371 VPI: 0.00, Mem. bwidth: 0.10GB/s GFLOPS: 0.00 I/O: 0.01MB/s No MPI  
	TPI 0.01 Cache miss rates: L1 0.25GB/s L2 0.00GB/s L3 0.00GB/s
	Total MPI calls 3
	IO DATA: rchar 4612 wchar 8844 syscr 51 syscw 27 read_bytes 0 write_bytes 294912
	Process OS info: (pid 556453 state R utime 1096 stime 0 cutime 0 cstime 0 CPU usage 98)
	CPU temperature (celsius): socket 0: 63 socket 1: 74[0m
EAR[556453](hratio_l30) at 2.60/1.47 in tcn366 MR[0] elapsed 12613 sec.: [32mLoop time: 1.108s DC Power: [35m509.1W[32m DRAM power: 0.00W PCK power: 430.23W
	avg. CPUFreq: 2.57GHz avg. IMCFreq: 1.47GHz
	CPI: 0.371 VPI: 0.00, Mem. bwidth: 0.15GB/s GFLOPS: 0.00 I/O: 0.01MB/s No MPI  
	TPI 0.02 Cache miss rates: L1 0.26GB/s L2 0.00GB/s L3 0.00GB/s
	Total MPI calls 3
	IO DATA: rchar 4612 wchar 8844 syscr 51 syscw 27 read_bytes 0 write_bytes 294912
	Process OS info: (pid 556453 state R utime 1093 stime 1 cutime 0 cstime 0 CPU usage 98)
	CPU temperature (celsius): socket 0: 63 socket 1: 74[0m
EAR[556453](hratio_l30) at 2.60/1.47 in tcn366 MR[0] elapsed 12624 sec.: [32mLoop time: 1.108s DC Power: [35m509.2W[32m DRAM power: 0.00W PCK power: 430.33W
	avg. CPUFreq: 2.57GHz avg. IMCFreq: 1.47GHz
	CPI: 0.371 VPI: 0.00, Mem. bwidth: 0.10GB/s GFLOPS: 0.00 I/O: 0.01MB/s No MPI  
	TPI 0.01 Cache miss rates: L1 0.27GB/s L2 0.00GB/s L3 0.00GB/s
	Total MPI calls 3
	IO DATA: rchar 4612 wchar 8844 syscr 51 syscw 27 read_bytes 0 write_bytes 294912
	Process OS info: (pid 556453 state R utime 1093 stime 0 cutime 0 cstime 0 CPU usage 98)
	CPU temperature (celsius): socket 0: 63 socket 1: 74[0m
EAR[556453](hratio_l30) at 2.60/1.47 in tcn366 MR[0] elapsed 12635 sec.: [32mLoop time: 1.107s DC Power: [35m509.3W[32m DRAM power: 0.00W PCK power: 430.32W
	avg. CPUFreq: 2.57GHz avg. IMCFreq: 1.47GHz
	CPI: 0.371 VPI: 0.00, Mem. bwidth: 0.10GB/s GFLOPS: 0.00 I/O: 0.01MB/s No MPI  
	TPI 0.01 Cache miss rates: L1 0.26GB/s L2 0.00GB/s L3 0.00GB/s
	Total MPI calls 3
	IO DATA: rchar 4612 wchar 8844 syscr 51 syscw 27 read_bytes 0 write_bytes 294912
	Process OS info: (pid 556453 state R utime 1093 stime 1 cutime 0 cstime 0 CPU usage 98)
	CPU temperature (celsius): socket 0: 63 socket 1: 74[0m
EAR[556453](hratio_l30) at 2.60/1.47 in tcn366 MR[0] elapsed 12646 sec.: [32mLoop time: 1.108s DC Power: [35m509.2W[32m DRAM power: 0.00W PCK power: 430.32W
	avg. CPUFreq: 2.57GHz avg. IMCFreq: 1.47GHz
	CPI: 0.371 VPI: 0.00, Mem. bwidth: 0.11GB/s GFLOPS: 0.00 I/O: 0.01MB/s No MPI  
	TPI 0.02 Cache miss rates: L1 0.26GB/s L2 0.00GB/s L3 0.00GB/s
	Total MPI calls 3
	IO DATA: rchar 4612 wchar 8844 syscr 51 syscw 27 read_bytes 0 write_bytes 299008
	Process OS info: (pid 556453 state R utime 1093 stime 0 cutime 0 cstime 0 CPU usage 98)
	CPU temperature (celsius): socket 0: 63 socket 1: 74[0m
EAR[556453](hratio_l30) at 2.60/1.47 in tcn366 MR[0] elapsed 12657 sec.: [32mLoop time: 1.108s DC Power: [35m509.2W[32m DRAM power: 0.00W PCK power: 430.27W
	avg. CPUFreq: 2.57GHz avg. IMCFreq: 1.47GHz
	CPI: 0.371 VPI: 0.00, Mem. bwidth: 0.10GB/s GFLOPS: 0.00 I/O: 0.01MB/s No MPI  
	TPI 0.01 Cache miss rates: L1 0.25GB/s L2 0.00GB/s L3 0.00GB/s
	Total MPI calls 3
	IO DATA: rchar 4612 wchar 8844 syscr 51 syscw 27 read_bytes 0 write_bytes 294912
	Process OS info: (pid 556453 state R utime 1093 stime 1 cutime 0 cstime 0 CPU usage 98)
	CPU temperature (celsius): socket 0: 63 socket 1: 74[0m
EAR[556453](hratio_l30) at 2.60/1.47 in tcn366 MR[0] elapsed 12668 sec.: [32mLoop time: 1.108s DC Power: [35m458.0W[32m DRAM power: 0.00W PCK power: 430.27W
	avg. CPUFreq: 2.57GHz avg. IMCFreq: 1.47GHz
	CPI: 0.371 VPI: 0.00, Mem. bwidth: 0.11GB/s GFLOPS: 0.00 I/O: 0.01MB/s No MPI  
	TPI 0.02 Cache miss rates: L1 0.26GB/s L2 0.00GB/s L3 0.00GB/s
	Total MPI calls 3
	IO DATA: rchar 4612 wchar 8844 syscr 51 syscw 27 read_bytes 0 write_bytes 294912
	Process OS info: (pid 556453 state R utime 1093 stime 1 cutime 0 cstime 0 CPU usage 98)
	CPU temperature (celsius): socket 0: 63 socket 1: 74[0m
EAR[556453](hratio_l30) at 2.60/1.47 in tcn366 MR[0] elapsed 12679 sec.: [32mLoop time: 1.108s DC Power: [35m509.0W[32m DRAM power: 0.00W PCK power: 430.30W
	avg. CPUFreq: 2.57GHz avg. IMCFreq: 1.47GHz
	CPI: 0.371 VPI: 0.00, Mem. bwidth: 0.10GB/s GFLOPS: 0.00 I/O: 0.01MB/s No MPI  
	TPI 0.01 Cache miss rates: L1 0.26GB/s L2 0.00GB/s L3 0.00GB/s
	Total MPI calls 3
	IO DATA: rchar 4612 wchar 8844 syscr 51 syscw 27 read_bytes 0 write_bytes 434176
	Process OS info: (pid 556453 state R utime 1093 stime 0 cutime 0 cstime 0 CPU usage 98)
	CPU temperature (celsius): socket 0: 63 socket 1: 74[0m
EAR[556453](hratio_l30) at 2.60/1.47 in tcn366 MR[0] elapsed 12690 sec.: [32mLoop time: 1.108s DC Power: [35m509.5W[32m DRAM power: 0.00W PCK power: 430.32W
	avg. CPUFreq: 2.57GHz avg. IMCFreq: 1.47GHz
	CPI: 0.371 VPI: 0.00, Mem. bwidth: 0.11GB/s GFLOPS: 0.00 I/O: 0.01MB/s No MPI  
	TPI 0.02 Cache miss rates: L1 0.26GB/s L2 0.00GB/s L3 0.00GB/s
	Total MPI calls 3
	IO DATA: rchar 4612 wchar 8844 syscr 51 syscw 27 read_bytes 0 write_bytes 327680
	Process OS info: (pid 556453 state R utime 1093 stime 1 cutime 0 cstime 0 CPU usage 98)
	CPU temperature (celsius): socket 0: 63 socket 1: 74[0m
EAR[556453](hratio_l30) at 2.60/1.47 in tcn366 MR[0] elapsed 12701 sec.: [32mLoop time: 1.108s DC Power: [35m510.3W[32m DRAM power: 0.00W PCK power: 430.30W
	avg. CPUFreq: 2.57GHz avg. IMCFreq: 1.47GHz
	CPI: 0.371 VPI: 0.00, Mem. bwidth: 0.14GB/s GFLOPS: 0.00 I/O: 0.01MB/s No MPI  
	TPI 0.02 Cache miss rates: L1 0.26GB/s L2 0.00GB/s L3 0.00GB/s
	Total MPI calls 3
	IO DATA: rchar 4612 wchar 8844 syscr 51 syscw 27 read_bytes 0 write_bytes 299008
	Process OS info: (pid 556453 state R utime 1093 stime 1 cutime 0 cstime 0 CPU usage 98)
	CPU temperature (celsius): socket 0: 63 socket 1: 74[0m
EAR[556453](hratio_l30) at 2.60/1.47 in tcn366 MR[0] elapsed 12712 sec.: [32mLoop time: 1.108s DC Power: [35m511.0W[32m DRAM power: 0.00W PCK power: 430.39W
	avg. CPUFreq: 2.57GHz avg. IMCFreq: 1.47GHz
	CPI: 0.371 VPI: 0.00, Mem. bwidth: 0.10GB/s GFLOPS: 0.00 I/O: 0.01MB/s No MPI  
	TPI 0.01 Cache miss rates: L1 0.26GB/s L2 0.00GB/s L3 0.00GB/s
	Total MPI calls 3
	IO DATA: rchar 4612 wchar 8844 syscr 51 syscw 27 read_bytes 0 write_bytes 409600
	Process OS info: (pid 556453 state R utime 1093 stime 1 cutime 0 cstime 0 CPU usage 98)
	CPU temperature (celsius): socket 0: 63 socket 1: 74[0m
EAR[556453](hratio_l30) at 2.60/1.47 in tcn366 MR[0] elapsed 12723 sec.: [32mLoop time: 1.108s DC Power: [35m459.8W[32m DRAM power: 0.00W PCK power: 430.35W
	avg. CPUFreq: 2.57GHz avg. IMCFreq: 1.47GHz
	CPI: 0.371 VPI: 0.00, Mem. bwidth: 0.10GB/s GFLOPS: 0.00 I/O: 0.01MB/s No MPI  
	TPI 0.01 Cache miss rates: L1 0.26GB/s L2 0.00GB/s L3 0.00GB/s
	Total MPI calls 3
	IO DATA: rchar 4612 wchar 8844 syscr 51 syscw 27 read_bytes 0 write_bytes 294912
	Process OS info: (pid 556453 state R utime 1093 stime 1 cutime 0 cstime 0 CPU usage 98)
	CPU temperature (celsius): socket 0: 63 socket 1: 74[0m
EAR[556453](hratio_l30) at 2.60/1.47 in tcn366 MR[0] elapsed 12735 sec.: [32mLoop time: 1.108s DC Power: [35m509.8W[32m DRAM power: 0.00W PCK power: 430.33W
	avg. CPUFreq: 2.57GHz avg. IMCFreq: 1.47GHz
	CPI: 0.371 VPI: 0.00, Mem. bwidth: 0.11GB/s GFLOPS: 0.00 I/O: 0.01MB/s No MPI  
	TPI 0.02 Cache miss rates: L1 0.26GB/s L2 0.00GB/s L3 0.00GB/s
	Total MPI calls 3
	IO DATA: rchar 4612 wchar 8844 syscr 51 syscw 27 read_bytes 0 write_bytes 294912
	Process OS info: (pid 556453 state R utime 1093 stime 0 cutime 0 cstime 0 CPU usage 98)
	CPU temperature (celsius): socket 0: 63 socket 1: 74[0m
EAR[556453](hratio_l30) at 2.60/1.47 in tcn366 MR[0] elapsed 12746 sec.: [32mLoop time: 1.108s DC Power: [35m509.3W[32m DRAM power: 0.00W PCK power: 430.21W
	avg. CPUFreq: 2.57GHz avg. IMCFreq: 1.47GHz
	CPI: 0.371 VPI: 0.00, Mem. bwidth: 0.11GB/s GFLOPS: 0.00 I/O: 0.01MB/s No MPI  
	TPI 0.02 Cache miss rates: L1 0.25GB/s L2 0.00GB/s L3 0.00GB/s
	Total MPI calls 3
	IO DATA: rchar 4612 wchar 8844 syscr 51 syscw 27 read_bytes 0 write_bytes 303104
	Process OS info: (pid 556453 state R utime 1093 stime 1 cutime 0 cstime 0 CPU usage 98)
	CPU temperature (celsius): socket 0: 63 socket 1: 74[0m
EAR[556453](hratio_l30) at 2.60/1.47 in tcn366 MR[0] elapsed 12757 sec.: [32mLoop time: 1.109s DC Power: [35m508.3W[32m DRAM power: 0.00W PCK power: 430.28W
	avg. CPUFreq: 2.57GHz avg. IMCFreq: 1.47GHz
	CPI: 0.371 VPI: 0.00, Mem. bwidth: 0.09GB/s GFLOPS: 0.00 I/O: 0.01MB/s No MPI  
	TPI 0.01 Cache miss rates: L1 0.25GB/s L2 0.00GB/s L3 0.00GB/s
	Total MPI calls 3
	IO DATA: rchar 4612 wchar 8844 syscr 51 syscw 27 read_bytes 0 write_bytes 487424
	Process OS info: (pid 556453 state R utime 1095 stime 0 cutime 0 cstime 0 CPU usage 98)
	CPU temperature (celsius): socket 0: 63 socket 1: 74[0m
EAR[556453](hratio_l30) at 2.60/1.47 in tcn366 MR[0] elapsed 12768 sec.: [32mLoop time: 1.108s DC Power: [35m509.2W[32m DRAM power: 0.00W PCK power: 430.20W
	avg. CPUFreq: 2.57GHz avg. IMCFreq: 1.47GHz
	CPI: 0.371 VPI: 0.00, Mem. bwidth: 0.11GB/s GFLOPS: 0.00 I/O: 0.01MB/s No MPI  
	TPI 0.02 Cache miss rates: L1 0.27GB/s L2 0.00GB/s L3 0.00GB/s
	Total MPI calls 3
	IO DATA: rchar 4612 wchar 8844 syscr 51 syscw 27 read_bytes 0 write_bytes 299008
	Process OS info: (pid 556453 state R utime 1087 stime 1 cutime 0 cstime 0 CPU usage 98)
	CPU temperature (celsius): socket 0: 63 socket 1: 74[0m
EAR[556453](hratio_l30) at 2.60/1.47 in tcn366 MR[0] elapsed 12779 sec.: [32mLoop time: 1.108s DC Power: [35m509.2W[32m DRAM power: 0.00W PCK power: 430.35W
	avg. CPUFreq: 2.57GHz avg. IMCFreq: 1.47GHz
	CPI: 0.371 VPI: 0.00, Mem. bwidth: 0.10GB/s GFLOPS: 0.00 I/O: 0.01MB/s No MPI  
	TPI 0.01 Cache miss rates: L1 0.26GB/s L2 0.00GB/s L3 0.00GB/s
	Total MPI calls 3
	IO DATA: rchar 4612 wchar 8844 syscr 51 syscw 27 read_bytes 0 write_bytes 294912
	Process OS info: (pid 556453 state R utime 1094 stime 1 cutime 0 cstime 0 CPU usage 98)
	CPU temperature (celsius): socket 0: 63 socket 1: 74[0m
EAR[556453](hratio_l30) at 2.60/1.47 in tcn366 MR[0] elapsed 12790 sec.: [32mLoop time: 1.108s DC Power: [35m458.2W[32m DRAM power: 0.00W PCK power: 430.18W
	avg. CPUFreq: 2.57GHz avg. IMCFreq: 1.47GHz
	CPI: 0.371 VPI: 0.00, Mem. bwidth: 0.11GB/s GFLOPS: 0.00 I/O: 0.01MB/s No MPI  
	TPI 0.02 Cache miss rates: L1 0.26GB/s L2 0.00GB/s L3 0.00GB/s
	Total MPI calls 3
	IO DATA: rchar 4612 wchar 8844 syscr 51 syscw 27 read_bytes 0 write_bytes 294912
	Process OS info: (pid 556453 state R utime 1092 stime 0 cutime 0 cstime 0 CPU usage 98)
	CPU temperature (celsius): socket 0: 63 socket 1: 74[0m
EAR[556453](hratio_l30) at 2.60/1.47 in tcn366 MR[0] elapsed 12801 sec.: [32mLoop time: 1.108s DC Power: [35m509.1W[32m DRAM power: 0.00W PCK power: 430.29W
	avg. CPUFreq: 2.57GHz avg. IMCFreq: 1.47GHz
	CPI: 0.371 VPI: 0.00, Mem. bwidth: 0.11GB/s GFLOPS: 0.00 I/O: 0.01MB/s No MPI  
	TPI 0.02 Cache miss rates: L1 0.26GB/s L2 0.00GB/s L3 0.00GB/s
	Total MPI calls 3
	IO DATA: rchar 4612 wchar 8844 syscr 51 syscw 27 read_bytes 0 write_bytes 294912
	Process OS info: (pid 556453 state R utime 1094 stime 1 cutime 0 cstime 0 CPU usage 98)
	CPU temperature (celsius): socket 0: 63 socket 1: 74[0m
EAR[556453](hratio_l30) at 2.60/1.47 in tcn366 MR[0] elapsed 12812 sec.: [32mLoop time: 1.108s DC Power: [35m509.0W[32m DRAM power: 0.00W PCK power: 430.05W
	avg. CPUFreq: 2.57GHz avg. IMCFreq: 1.47GHz
	CPI: 0.371 VPI: 0.00, Mem. bwidth: 0.09GB/s GFLOPS: 0.00 I/O: 0.01MB/s No MPI  
	TPI 0.01 Cache miss rates: L1 0.26GB/s L2 0.00GB/s L3 0.00GB/s
	Total MPI calls 3
	IO DATA: rchar 4612 wchar 8844 syscr 51 syscw 27 read_bytes 0 write_bytes 299008
	Process OS info: (pid 556453 state R utime 1093 stime 1 cutime 0 cstime 0 CPU usage 98)
	CPU temperature (celsius): socket 0: 63 socket 1: 74[0m
EAR[556453](hratio_l30) at 2.60/1.47 in tcn366 MR[0] elapsed 12823 sec.: [32mLoop time: 1.108s DC Power: [35m509.2W[32m DRAM power: 0.00W PCK power: 430.17W
	avg. CPUFreq: 2.57GHz avg. IMCFreq: 1.47GHz
	CPI: 0.371 VPI: 0.00, Mem. bwidth: 0.12GB/s GFLOPS: 0.00 I/O: 0.01MB/s No MPI  
	TPI 0.02 Cache miss rates: L1 0.26GB/s L2 0.00GB/s L3 0.00GB/s
	Total MPI calls 3
	IO DATA: rchar 4612 wchar 8844 syscr 51 syscw 27 read_bytes 0 write_bytes 352256
	Process OS info: (pid 556453 state R utime 1093 stime 0 cutime 0 cstime 0 CPU usage 98)
	CPU temperature (celsius): socket 0: 63 socket 1: 74[0m
EAR[556453](hratio_l30) at 2.60/1.47 in tcn366 MR[0] elapsed 12834 sec.: [32mLoop time: 1.108s DC Power: [35m509.2W[32m DRAM power: 0.00W PCK power: 430.19W
	avg. CPUFreq: 2.57GHz avg. IMCFreq: 1.47GHz
	CPI: 0.371 VPI: 0.00, Mem. bwidth: 0.10GB/s GFLOPS: 0.00 I/O: 0.01MB/s No MPI  
	TPI 0.01 Cache miss rates: L1 0.26GB/s L2 0.00GB/s L3 0.00GB/s
	Total MPI calls 3
	IO DATA: rchar 4612 wchar 8844 syscr 51 syscw 27 read_bytes 0 write_bytes 294912
	Process OS info: (pid 556453 state R utime 1093 stime 0 cutime 0 cstime 0 CPU usage 98)
	CPU temperature (celsius): socket 0: 63 socket 1: 74[0m
EAR[556453](hratio_l30) at 2.60/1.47 in tcn366 MR[0] elapsed 12845 sec.: [32mLoop time: 1.110s DC Power: [35m457.4W[32m DRAM power: 0.00W PCK power: 430.05W
	avg. CPUFreq: 2.57GHz avg. IMCFreq: 1.47GHz
	CPI: 0.371 VPI: 0.00, Mem. bwidth: 0.11GB/s GFLOPS: 0.00 I/O: 0.01MB/s No MPI  
	TPI 0.02 Cache miss rates: L1 0.26GB/s L2 0.00GB/s L3 0.00GB/s
	Total MPI calls 3
	IO DATA: rchar 4612 wchar 8844 syscr 51 syscw 27 read_bytes 0 write_bytes 294912
	Process OS info: (pid 556453 state R utime 1095 stime 1 cutime 0 cstime 0 CPU usage 98)
	CPU temperature (celsius): socket 0: 63 socket 1: 74[0m
EAR[556453](hratio_l30) at 2.60/1.47 in tcn366 MR[0] elapsed 12856 sec.: [32mLoop time: 1.108s DC Power: [35m509.2W[32m DRAM power: 0.00W PCK power: 430.17W
	avg. CPUFreq: 2.57GHz avg. IMCFreq: 1.47GHz
	CPI: 0.371 VPI: 0.00, Mem. bwidth: 0.12GB/s GFLOPS: 0.00 I/O: 0.01MB/s No MPI  
	TPI 0.02 Cache miss rates: L1 0.26GB/s L2 0.00GB/s L3 0.00GB/s
	Total MPI calls 3
	IO DATA: rchar 4612 wchar 8844 syscr 51 syscw 27 read_bytes 0 write_bytes 344064
	Process OS info: (pid 556453 state R utime 1080 stime 1 cutime 0 cstime 0 CPU usage 97)
	CPU temperature (celsius): socket 0: 63 socket 1: 74[0m
EAR[556453](hratio_l30) at 2.60/1.47 in tcn366 MR[0] elapsed 12867 sec.: [32mLoop time: 1.108s DC Power: [35m458.9W[32m DRAM power: 0.00W PCK power: 430.29W
	avg. CPUFreq: 2.57GHz avg. IMCFreq: 1.47GHz
	CPI: 0.371 VPI: 0.00, Mem. bwidth: 0.10GB/s GFLOPS: 0.00 I/O: 0.01MB/s No MPI  
	TPI 0.01 Cache miss rates: L1 0.26GB/s L2 0.00GB/s L3 0.00GB/s
	Total MPI calls 3
	IO DATA: rchar 4612 wchar 8844 syscr 51 syscw 27 read_bytes 0 write_bytes 294912
	Process OS info: (pid 556453 state R utime 1094 stime 1 cutime 0 cstime 0 CPU usage 98)
	CPU temperature (celsius): socket 0: 63 socket 1: 74[0m
EAR[556453](hratio_l30) at 2.60/1.47 in tcn366 MR[0] elapsed 12879 sec.: [32mLoop time: 1.107s DC Power: [35m511.2W[32m DRAM power: 0.00W PCK power: 430.31W
	avg. CPUFreq: 2.57GHz avg. IMCFreq: 1.47GHz
	CPI: 0.371 VPI: 0.00, Mem. bwidth: 0.12GB/s GFLOPS: 0.00 I/O: 0.01MB/s No MPI  
	TPI 0.02 Cache miss rates: L1 0.26GB/s L2 0.00GB/s L3 0.00GB/s
	Total MPI calls 3
	IO DATA: rchar 4612 wchar 8844 syscr 51 syscw 27 read_bytes 0 write_bytes 303104
	Process OS info: (pid 556453 state R utime 1092 stime 0 cutime 0 cstime 0 CPU usage 98)
	CPU temperature (celsius): socket 0: 63 socket 1: 74[0m
EAR[556453](hratio_l30) at 2.60/1.47 in tcn366 MR[0] elapsed 12890 sec.: [32mLoop time: 1.108s DC Power: [35m510.8W[32m DRAM power: 0.00W PCK power: 430.09W
	avg. CPUFreq: 2.57GHz avg. IMCFreq: 1.47GHz
	CPI: 0.371 VPI: 0.00, Mem. bwidth: 0.20GB/s GFLOPS: 0.00 I/O: 0.01MB/s No MPI  
	TPI 0.03 Cache miss rates: L1 0.26GB/s L2 0.00GB/s L3 0.00GB/s
	Total MPI calls 3
	IO DATA: rchar 4612 wchar 8844 syscr 51 syscw 27 read_bytes 0 write_bytes 360448
	Process OS info: (pid 556453 state R utime 1080 stime 1 cutime 0 cstime 0 CPU usage 97)
	CPU temperature (celsius): socket 0: 63 socket 1: 74[0m
EAR[556453](hratio_l30) at 2.60/1.47 in tcn366 MR[0] elapsed 12901 sec.: [32mLoop time: 1.108s DC Power: [35m510.4W[32m DRAM power: 0.00W PCK power: 430.40W
	avg. CPUFreq: 2.57GHz avg. IMCFreq: 1.47GHz
	CPI: 0.371 VPI: 0.00, Mem. bwidth: 0.36GB/s GFLOPS: 0.00 I/O: 0.01MB/s No MPI  
	TPI 0.05 Cache miss rates: L1 0.26GB/s L2 0.00GB/s L3 0.00GB/s
	Total MPI calls 3
	IO DATA: rchar 4612 wchar 8844 syscr 51 syscw 27 read_bytes 0 write_bytes 294912
	Process OS info: (pid 556453 state R utime 1086 stime 0 cutime 0 cstime 0 CPU usage 98)
	CPU temperature (celsius): socket 0: 63 socket 1: 74[0m
EAR[556453](hratio_l30) at 2.60/1.47 in tcn366 MR[0] elapsed 12912 sec.: [32mLoop time: 1.108s DC Power: [35m458.2W[32m DRAM power: 0.00W PCK power: 429.94W
	avg. CPUFreq: 2.57GHz avg. IMCFreq: 1.47GHz
	CPI: 0.371 VPI: 0.00, Mem. bwidth: 0.20GB/s GFLOPS: 0.00 I/O: 0.01MB/s No MPI  
	TPI 0.03 Cache miss rates: L1 0.26GB/s L2 0.00GB/s L3 0.00GB/s
	Total MPI calls 3
	IO DATA: rchar 4612 wchar 8844 syscr 51 syscw 27 read_bytes 0 write_bytes 294912
	Process OS info: (pid 556453 state R utime 1080 stime 1 cutime 0 cstime 0 CPU usage 97)
	CPU temperature (celsius): socket 0: 63 socket 1: 74[0m
EAR[556453](hratio_l30) at 2.60/1.47 in tcn366 MR[0] elapsed 12923 sec.: [32mLoop time: 1.108s DC Power: [35m508.5W[32m DRAM power: 0.00W PCK power: 429.97W
	avg. CPUFreq: 2.57GHz avg. IMCFreq: 1.47GHz
	CPI: 0.371 VPI: 0.00, Mem. bwidth: 0.21GB/s GFLOPS: 0.00 I/O: 0.01MB/s No MPI  
	TPI 0.03 Cache miss rates: L1 0.26GB/s L2 0.00GB/s L3 0.00GB/s
	Total MPI calls 3
	IO DATA: rchar 4612 wchar 8844 syscr 51 syscw 27 read_bytes 0 write_bytes 294912
	Process OS info: (pid 556453 state R utime 1081 stime 1 cutime 0 cstime 0 CPU usage 97)
	CPU temperature (celsius): socket 0: 63 socket 1: 74[0m
EAR[556453](hratio_l30) at 2.60/1.47 in tcn366 MR[0] elapsed 12934 sec.: [32mLoop time: 1.108s DC Power: [35m508.3W[32m DRAM power: 0.00W PCK power: 430.29W
	avg. CPUFreq: 2.57GHz avg. IMCFreq: 1.47GHz
	CPI: 0.371 VPI: 0.00, Mem. bwidth: 0.37GB/s GFLOPS: 0.00 I/O: 0.01MB/s No MPI  
	TPI 0.05 Cache miss rates: L1 0.26GB/s L2 0.00GB/s L3 0.00GB/s
	Total MPI calls 3
	IO DATA: rchar 4612 wchar 8844 syscr 51 syscw 27 read_bytes 0 write_bytes 294912
	Process OS info: (pid 556453 state R utime 1089 stime 1 cutime 0 cstime 0 CPU usage 98)
	CPU temperature (celsius): socket 0: 63 socket 1: 74[0m
EAR[556453](hratio_l30) at 2.60/1.47 in tcn366 MR[0] elapsed 12945 sec.: [32mLoop time: 1.108s DC Power: [35m508.2W[32m DRAM power: 0.00W PCK power: 430.07W
	avg. CPUFreq: 2.57GHz avg. IMCFreq: 1.47GHz
	CPI: 0.371 VPI: 0.00, Mem. bwidth: 0.11GB/s GFLOPS: 0.00 I/O: 0.01MB/s No MPI  
	TPI 0.02 Cache miss rates: L1 0.26GB/s L2 0.00GB/s L3 0.00GB/s
	Total MPI calls 3
	IO DATA: rchar 4612 wchar 8844 syscr 51 syscw 27 read_bytes 0 write_bytes 303104
	Process OS info: (pid 556453 state R utime 1093 stime 0 cutime 0 cstime 0 CPU usage 98)
	CPU temperature (celsius): socket 0: 63 socket 1: 74[0m
EAR[556453](hratio_l30) at 2.60/1.47 in tcn366 MR[0] elapsed 12956 sec.: [32mLoop time: 1.108s DC Power: [35m458.1W[32m DRAM power: 0.00W PCK power: 430.06W
	avg. CPUFreq: 2.57GHz avg. IMCFreq: 1.47GHz
	CPI: 0.371 VPI: 0.00, Mem. bwidth: 0.11GB/s GFLOPS: 0.00 I/O: 0.01MB/s No MPI  
	TPI 0.02 Cache miss rates: L1 0.26GB/s L2 0.00GB/s L3 0.00GB/s
	Total MPI calls 3
	IO DATA: rchar 4612 wchar 8844 syscr 51 syscw 27 read_bytes 0 write_bytes 393216
	Process OS info: (pid 556453 state R utime 1094 stime 1 cutime 0 cstime 0 CPU usage 98)
	CPU temperature (celsius): socket 0: 63 socket 1: 74[0m
EAR[556453](hratio_l30) at 2.60/1.47 in tcn366 MR[0] elapsed 12967 sec.: [32mLoop time: 1.107s DC Power: [35m458.3W[32m DRAM power: 0.00W PCK power: 430.11W
	avg. CPUFreq: 2.57GHz avg. IMCFreq: 1.47GHz
	CPI: 0.371 VPI: 0.00, Mem. bwidth: 0.11GB/s GFLOPS: 0.00 I/O: 0.01MB/s No MPI  
	TPI 0.02 Cache miss rates: L1 0.26GB/s L2 0.00GB/s L3 0.00GB/s
	Total MPI calls 3
	IO DATA: rchar 4612 wchar 8844 syscr 51 syscw 27 read_bytes 0 write_bytes 294912
	Process OS info: (pid 556453 state R utime 1093 stime 1 cutime 0 cstime 0 CPU usage 98)
	CPU temperature (celsius): socket 0: 63 socket 1: 74[0m
EAR[556453](hratio_l30) at 2.60/1.47 in tcn366 MR[0] elapsed 12978 sec.: [32mLoop time: 1.108s DC Power: [35m508.9W[32m DRAM power: 0.00W PCK power: 430.12W
	avg. CPUFreq: 2.57GHz avg. IMCFreq: 1.47GHz
	CPI: 0.371 VPI: 0.00, Mem. bwidth: 0.10GB/s GFLOPS: 0.00 I/O: 0.01MB/s No MPI  
	TPI 0.01 Cache miss rates: L1 0.26GB/s L2 0.00GB/s L3 0.00GB/s
	Total MPI calls 3
	IO DATA: rchar 4612 wchar 8844 syscr 51 syscw 27 read_bytes 0 write_bytes 294912
	Process OS info: (pid 556453 state R utime 1087 stime 0 cutime 0 cstime 0 CPU usage 98)
	CPU temperature (celsius): socket 0: 63 socket 1: 74[0m
EAR[556453](hratio_l30) at 2.60/1.47 in tcn366 MR[0] elapsed 12989 sec.: [32mLoop time: 1.108s DC Power: [35m509.2W[32m DRAM power: 0.00W PCK power: 430.10W
	avg. CPUFreq: 2.57GHz avg. IMCFreq: 1.47GHz
	CPI: 0.371 VPI: 0.00, Mem. bwidth: 0.11GB/s GFLOPS: 0.00 I/O: 0.01MB/s No MPI  
	TPI 0.02 Cache miss rates: L1 0.26GB/s L2 0.00GB/s L3 0.00GB/s
	Total MPI calls 3
	IO DATA: rchar 4612 wchar 8844 syscr 51 syscw 27 read_bytes 0 write_bytes 294912
	Process OS info: (pid 556453 state R utime 1091 stime 1 cutime 0 cstime 0 CPU usage 98)
	CPU temperature (celsius): socket 0: 63 socket 1: 74[0m
EAR[556453](hratio_l30) at 2.60/1.47 in tcn366 MR[0] elapsed 13000 sec.: [32mLoop time: 1.108s DC Power: [35m509.0W[32m DRAM power: 0.00W PCK power: 430.14W
	avg. CPUFreq: 2.57GHz avg. IMCFreq: 1.47GHz
	CPI: 0.371 VPI: 0.00, Mem. bwidth: 0.13GB/s GFLOPS: 0.00 I/O: 0.01MB/s No MPI  
	TPI 0.02 Cache miss rates: L1 0.26GB/s L2 0.00GB/s L3 0.00GB/s
	Total MPI calls 3
	IO DATA: rchar 4612 wchar 8844 syscr 51 syscw 27 read_bytes 0 write_bytes 434176
	Process OS info: (pid 556453 state R utime 1093 stime 1 cutime 0 cstime 0 CPU usage 98)
	CPU temperature (celsius): socket 0: 63 socket 1: 74[0m
EAR[556453](hratio_l30) at 2.60/1.47 in tcn366 MR[0] elapsed 13012 sec.: [32mLoop time: 1.108s DC Power: [35m509.1W[32m DRAM power: 0.00W PCK power: 430.17W
	avg. CPUFreq: 2.57GHz avg. IMCFreq: 1.47GHz
	CPI: 0.371 VPI: 0.00, Mem. bwidth: 0.10GB/s GFLOPS: 0.00 I/O: 0.01MB/s No MPI  
	TPI 0.01 Cache miss rates: L1 0.26GB/s L2 0.00GB/s L3 0.00GB/s
	Total MPI calls 3
	IO DATA: rchar 4612 wchar 8844 syscr 51 syscw 27 read_bytes 0 write_bytes 294912
	Process OS info: (pid 556453 state R utime 1092 stime 0 cutime 0 cstime 0 CPU usage 98)
	CPU temperature (celsius): socket 0: 63 socket 1: 74[0m
EAR[556453](hratio_l30) at 2.60/1.47 in tcn366 MR[0] elapsed 13023 sec.: [32mLoop time: 1.108s DC Power: [35m509.2W[32m DRAM power: 0.00W PCK power: 430.23W
	avg. CPUFreq: 2.57GHz avg. IMCFreq: 1.47GHz
	CPI: 0.371 VPI: 0.00, Mem. bwidth: 0.09GB/s GFLOPS: 0.00 I/O: 0.01MB/s No MPI  
	TPI 0.01 Cache miss rates: L1 0.26GB/s L2 0.00GB/s L3 0.00GB/s
	Total MPI calls 3
	IO DATA: rchar 4612 wchar 8844 syscr 51 syscw 27 read_bytes 0 write_bytes 421888
	Process OS info: (pid 556453 state R utime 1092 stime 1 cutime 0 cstime 0 CPU usage 98)
	CPU temperature (celsius): socket 0: 63 socket 1: 74[0m
EAR[556453](hratio_l30) at 2.60/1.47 in tcn366 MR[0] elapsed 13034 sec.: [32mLoop time: 1.108s DC Power: [35m509.7W[32m DRAM power: 0.00W PCK power: 430.22W
	avg. CPUFreq: 2.57GHz avg. IMCFreq: 1.47GHz
	CPI: 0.371 VPI: 0.00, Mem. bwidth: 0.11GB/s GFLOPS: 0.00 I/O: 0.01MB/s No MPI  
	TPI 0.02 Cache miss rates: L1 0.26GB/s L2 0.00GB/s L3 0.00GB/s
	Total MPI calls 3
	IO DATA: rchar 4612 wchar 8844 syscr 51 syscw 27 read_bytes 0 write_bytes 294912
	Process OS info: (pid 556453 state R utime 1092 stime 1 cutime 0 cstime 0 CPU usage 98)
	CPU temperature (celsius): socket 0: 63 socket 1: 74[0m
EAR[556453](hratio_l30) at 2.60/1.47 in tcn366 MR[0] elapsed 13045 sec.: [32mLoop time: 1.108s DC Power: [35m459.4W[32m DRAM power: 0.00W PCK power: 430.26W
	avg. CPUFreq: 2.57GHz avg. IMCFreq: 1.47GHz
	CPI: 0.371 VPI: 0.00, Mem. bwidth: 0.10GB/s GFLOPS: 0.00 I/O: 0.01MB/s No MPI  
	TPI 0.01 Cache miss rates: L1 0.26GB/s L2 0.00GB/s L3 0.00GB/s
	Total MPI calls 3
	IO DATA: rchar 4612 wchar 8844 syscr 51 syscw 27 read_bytes 0 write_bytes 294912
	Process OS info: (pid 556453 state R utime 1092 stime 1 cutime 0 cstime 0 CPU usage 98)
	CPU temperature (celsius): socket 0: 63 socket 1: 74[0m
EAR[556453](hratio_l30) at 2.60/1.47 in tcn366 MR[0] elapsed 13056 sec.: [32mLoop time: 1.108s DC Power: [35m511.0W[32m DRAM power: 0.00W PCK power: 430.31W
	avg. CPUFreq: 2.57GHz avg. IMCFreq: 1.47GHz
	CPI: 0.371 VPI: 0.00, Mem. bwidth: 0.11GB/s GFLOPS: 0.00 I/O: 0.01MB/s No MPI  
	TPI 0.02 Cache miss rates: L1 0.26GB/s L2 0.00GB/s L3 0.00GB/s
	Total MPI calls 3
	IO DATA: rchar 4612 wchar 8844 syscr 51 syscw 27 read_bytes 0 write_bytes 294912
	Process OS info: (pid 556453 state R utime 1093 stime 1 cutime 0 cstime 0 CPU usage 98)
	CPU temperature (celsius): socket 0: 63 socket 1: 74[0m
EAR[556453](hratio_l30) at 2.60/1.47 in tcn366 MR[0] elapsed 13067 sec.: [32mLoop time: 1.108s DC Power: [35m511.0W[32m DRAM power: 0.00W PCK power: 430.28W
	avg. CPUFreq: 2.57GHz avg. IMCFreq: 1.47GHz
	CPI: 0.371 VPI: 0.00, Mem. bwidth: 0.12GB/s GFLOPS: 0.00 I/O: 0.01MB/s No MPI  
	TPI 0.02 Cache miss rates: L1 0.26GB/s L2 0.00GB/s L3 0.00GB/s
	Total MPI calls 3
	IO DATA: rchar 4612 wchar 8844 syscr 51 syscw 27 read_bytes 0 write_bytes 294912
	Process OS info: (pid 556453 state R utime 1093 stime 1 cutime 0 cstime 0 CPU usage 98)
	CPU temperature (celsius): socket 0: 63 socket 1: 74[0m
EAR[556453](hratio_l30) at 2.60/1.47 in tcn366 MR[0] elapsed 13078 sec.: [32mLoop time: 1.107s DC Power: [35m510.2W[32m DRAM power: 0.00W PCK power: 430.25W
	avg. CPUFreq: 2.57GHz avg. IMCFreq: 1.47GHz
	CPI: 0.371 VPI: 0.00, Mem. bwidth: 0.11GB/s GFLOPS: 0.00 I/O: 0.01MB/s No MPI  
	TPI 0.02 Cache miss rates: L1 0.26GB/s L2 0.00GB/s L3 0.00GB/s
	Total MPI calls 3
	IO DATA: rchar 4612 wchar 8844 syscr 51 syscw 27 read_bytes 0 write_bytes 294912
	Process OS info: (pid 556453 state R utime 1092 stime 0 cutime 0 cstime 0 CPU usage 98)
	CPU temperature (celsius): socket 0: 64 socket 1: 74[0m
EAR[556453](hratio_l30) at 2.60/1.47 in tcn366 MR[0] elapsed 13089 sec.: [32mLoop time: 1.108s DC Power: [35m407.3W[32m DRAM power: 0.00W PCK power: 430.24W
	avg. CPUFreq: 2.57GHz avg. IMCFreq: 1.47GHz
	CPI: 0.371 VPI: 0.00, Mem. bwidth: 0.14GB/s GFLOPS: 0.00 I/O: 0.01MB/s No MPI  
	TPI 0.02 Cache miss rates: L1 0.26GB/s L2 0.00GB/s L3 0.00GB/s
	Total MPI calls 3
	IO DATA: rchar 4612 wchar 8844 syscr 51 syscw 27 read_bytes 0 write_bytes 294912
	Process OS info: (pid 556453 state R utime 1092 stime 1 cutime 0 cstime 0 CPU usage 98)
	CPU temperature (celsius): socket 0: 63 socket 1: 74[0m
EAR[556453](hratio_l30) at 2.60/1.47 in tcn366 MR[0] elapsed 13100 sec.: [32mLoop time: 1.107s DC Power: [35m509.3W[32m DRAM power: 0.00W PCK power: 430.24W
	avg. CPUFreq: 2.57GHz avg. IMCFreq: 1.47GHz
	CPI: 0.371 VPI: 0.00, Mem. bwidth: 0.10GB/s GFLOPS: 0.00 I/O: 0.01MB/s No MPI  
	TPI 0.01 Cache miss rates: L1 0.26GB/s L2 0.00GB/s L3 0.00GB/s
	Total MPI calls 3
	IO DATA: rchar 4612 wchar 8844 syscr 51 syscw 27 read_bytes 0 write_bytes 294912
	Process OS info: (pid 556453 state R utime 1093 stime 1 cutime 0 cstime 0 CPU usage 98)
	CPU temperature (celsius): socket 0: 63 socket 1: 74[0m
EAR[556453](hratio_l30) at 2.60/1.47 in tcn366 MR[0] elapsed 13111 sec.: [32mLoop time: 1.107s DC Power: [35m509.3W[32m DRAM power: 0.00W PCK power: 430.21W
	avg. CPUFreq: 2.57GHz avg. IMCFreq: 1.47GHz
	CPI: 0.371 VPI: 0.00, Mem. bwidth: 0.10GB/s GFLOPS: 0.00 I/O: 0.01MB/s No MPI  
	TPI 0.01 Cache miss rates: L1 0.26GB/s L2 0.00GB/s L3 0.00GB/s
	Total MPI calls 3
	IO DATA: rchar 4612 wchar 8844 syscr 51 syscw 27 read_bytes 0 write_bytes 294912
	Process OS info: (pid 556453 state R utime 1092 stime 0 cutime 0 cstime 0 CPU usage 98)
	CPU temperature (celsius): socket 0: 63 socket 1: 74[0m
EAR[556453](hratio_l30) at 2.60/1.47 in tcn366 MR[0] elapsed 13122 sec.: [32mLoop time: 1.108s DC Power: [35m509.2W[32m DRAM power: 0.00W PCK power: 430.12W
	avg. CPUFreq: 2.57GHz avg. IMCFreq: 1.47GHz
	CPI: 0.371 VPI: 0.00, Mem. bwidth: 0.12GB/s GFLOPS: 0.00 I/O: 0.01MB/s No MPI  
	TPI 0.02 Cache miss rates: L1 0.26GB/s L2 0.00GB/s L3 0.00GB/s
	Total MPI calls 3
	IO DATA: rchar 4612 wchar 8844 syscr 51 syscw 27 read_bytes 0 write_bytes 299008
	Process OS info: (pid 556453 state R utime 1091 stime 1 cutime 0 cstime 0 CPU usage 98)
	CPU temperature (celsius): socket 0: 63 socket 1: 74[0m
EAR[556453](hratio_l30) at 2.60/1.47 in tcn366 MR[0] elapsed 13133 sec.: [32mLoop time: 1.107s DC Power: [35m458.3W[32m DRAM power: 0.00W PCK power: 430.38W
	avg. CPUFreq: 2.57GHz avg. IMCFreq: 1.47GHz
	CPI: 0.371 VPI: 0.00, Mem. bwidth: 0.10GB/s GFLOPS: 0.00 I/O: 0.01MB/s No MPI  
	TPI 0.01 Cache miss rates: L1 0.26GB/s L2 0.00GB/s L3 0.00GB/s
	Total MPI calls 3
	IO DATA: rchar 4612 wchar 8844 syscr 51 syscw 27 read_bytes 0 write_bytes 303104
	Process OS info: (pid 556453 state R utime 1092 stime 0 cutime 0 cstime 0 CPU usage 98)
	CPU temperature (celsius): socket 0: 63 socket 1: 74[0m
EAR[556453](hratio_l30) at 2.60/1.47 in tcn366 MR[0] elapsed 13144 sec.: [32mLoop time: 1.108s DC Power: [35m458.2W[32m DRAM power: 0.00W PCK power: 430.22W
	avg. CPUFreq: 2.57GHz avg. IMCFreq: 1.47GHz
	CPI: 0.371 VPI: 0.00, Mem. bwidth: 0.11GB/s GFLOPS: 0.00 I/O: 0.01MB/s No MPI  
	TPI 0.02 Cache miss rates: L1 0.26GB/s L2 0.00GB/s L3 0.00GB/s
	Total MPI calls 3
	IO DATA: rchar 4612 wchar 8844 syscr 51 syscw 27 read_bytes 0 write_bytes 294912
	Process OS info: (pid 556453 state R utime 1092 stime 1 cutime 0 cstime 0 CPU usage 98)
	CPU temperature (celsius): socket 0: 63 socket 1: 74[0m
EAR[556453](hratio_l30) at 2.60/1.47 in tcn366 MR[0] elapsed 13156 sec.: [32mLoop time: 1.108s DC Power: [35m508.9W[32m DRAM power: 0.00W PCK power: 430.19W
	avg. CPUFreq: 2.57GHz avg. IMCFreq: 1.47GHz
	CPI: 0.371 VPI: 0.00, Mem. bwidth: 0.11GB/s GFLOPS: 0.00 I/O: 0.01MB/s No MPI  
	TPI 0.02 Cache miss rates: L1 0.26GB/s L2 0.00GB/s L3 0.00GB/s
	Total MPI calls 3
	IO DATA: rchar 4612 wchar 8844 syscr 51 syscw 27 read_bytes 0 write_bytes 294912
	Process OS info: (pid 556453 state R utime 1092 stime 1 cutime 0 cstime 0 CPU usage 98)
	CPU temperature (celsius): socket 0: 63 socket 1: 74[0m
EAR[556453](hratio_l30) at 2.60/1.47 in tcn366 MR[0] elapsed 13167 sec.: [32mLoop time: 1.108s DC Power: [35m509.1W[32m DRAM power: 0.00W PCK power: 430.22W
	avg. CPUFreq: 2.57GHz avg. IMCFreq: 1.47GHz
	CPI: 0.371 VPI: 0.00, Mem. bwidth: 0.10GB/s GFLOPS: 0.00 I/O: 0.01MB/s No MPI  
	TPI 0.01 Cache miss rates: L1 0.26GB/s L2 0.00GB/s L3 0.00GB/s
	Total MPI calls 3
	IO DATA: rchar 4612 wchar 8844 syscr 51 syscw 27 read_bytes 0 write_bytes 299008
	Process OS info: (pid 556453 state R utime 1092 stime 0 cutime 0 cstime 0 CPU usage 98)
	CPU temperature (celsius): socket 0: 63 socket 1: 74[0m
EAR[556453](hratio_l30) at 2.60/1.47 in tcn366 MR[0] elapsed 13178 sec.: [32mLoop time: 1.108s DC Power: [35m509.1W[32m DRAM power: 0.00W PCK power: 430.12W
	avg. CPUFreq: 2.57GHz avg. IMCFreq: 1.47GHz
	CPI: 0.371 VPI: 0.00, Mem. bwidth: 0.11GB/s GFLOPS: 0.00 I/O: 0.01MB/s No MPI  
	TPI 0.02 Cache miss rates: L1 0.26GB/s L2 0.00GB/s L3 0.00GB/s
	Total MPI calls 3
	IO DATA: rchar 4612 wchar 8844 syscr 51 syscw 27 read_bytes 0 write_bytes 303104
	Process OS info: (pid 556453 state R utime 1092 stime 1 cutime 0 cstime 0 CPU usage 98)
	CPU temperature (celsius): socket 0: 63 socket 1: 74[0m
EAR[556453](hratio_l30) at 2.60/1.47 in tcn366 MR[0] elapsed 13189 sec.: [32mLoop time: 1.107s DC Power: [35m509.3W[32m DRAM power: 0.00W PCK power: 430.18W
	avg. CPUFreq: 2.57GHz avg. IMCFreq: 1.47GHz
	CPI: 0.371 VPI: 0.00, Mem. bwidth: 0.09GB/s GFLOPS: 0.00 I/O: 0.01MB/s No MPI  
	TPI 0.01 Cache miss rates: L1 0.26GB/s L2 0.00GB/s L3 0.00GB/s
	Total MPI calls 3
	IO DATA: rchar 4612 wchar 8844 syscr 51 syscw 27 read_bytes 0 write_bytes 303104
	Process OS info: (pid 556453 state R utime 1087 stime 1 cutime 0 cstime 0 CPU usage 98)
	CPU temperature (celsius): socket 0: 63 socket 1: 74[0m
EAR[556453](hratio_l30) at 2.60/1.47 in tcn366 MR[0] elapsed 13200 sec.: [32mLoop time: 1.108s DC Power: [35m509.2W[32m DRAM power: 0.00W PCK power: 430.42W
	avg. CPUFreq: 2.57GHz avg. IMCFreq: 1.47GHz
	CPI: 0.371 VPI: 0.00, Mem. bwidth: 0.10GB/s GFLOPS: 0.00 I/O: 0.01MB/s No MPI  
	TPI 0.01 Cache miss rates: L1 0.27GB/s L2 0.00GB/s L3 0.00GB/s
	Total MPI calls 3
	IO DATA: rchar 4612 wchar 8844 syscr 51 syscw 27 read_bytes 0 write_bytes 299008
	Process OS info: (pid 556453 state R utime 1094 stime 0 cutime 0 cstime 0 CPU usage 98)
	CPU temperature (celsius): socket 0: 63 socket 1: 74[0m
EAR[556453](hratio_l30) at 2.60/1.47 in tcn366 MR[0] elapsed 13211 sec.: [32mLoop time: 1.108s DC Power: [35m459.1W[32m DRAM power: 0.00W PCK power: 430.29W
	avg. CPUFreq: 2.57GHz avg. IMCFreq: 1.47GHz
	CPI: 0.371 VPI: 0.00, Mem. bwidth: 0.11GB/s GFLOPS: 0.00 I/O: 0.01MB/s No MPI  
	TPI 0.02 Cache miss rates: L1 0.26GB/s L2 0.00GB/s L3 0.00GB/s
	Total MPI calls 3
	IO DATA: rchar 4612 wchar 8844 syscr 51 syscw 27 read_bytes 0 write_bytes 294912
	Process OS info: (pid 556453 state R utime 1093 stime 1 cutime 0 cstime 0 CPU usage 98)
	CPU temperature (celsius): socket 0: 63 socket 1: 74[0m
EAR[556453](hratio_l30) at 2.60/1.47 in tcn366 MR[0] elapsed 13222 sec.: [32mLoop time: 1.108s DC Power: [35m459.9W[32m DRAM power: 0.00W PCK power: 430.27W
	avg. CPUFreq: 2.57GHz avg. IMCFreq: 1.47GHz
	CPI: 0.371 VPI: 0.00, Mem. bwidth: 0.10GB/s GFLOPS: 0.00 I/O: 0.01MB/s No MPI  
	TPI 0.01 Cache miss rates: L1 0.26GB/s L2 0.00GB/s L3 0.00GB/s
	Total MPI calls 3
	IO DATA: rchar 4612 wchar 8844 syscr 51 syscw 27 read_bytes 0 write_bytes 294912
	Process OS info: (pid 556453 state R utime 1092 stime 1 cutime 0 cstime 0 CPU usage 98)
	CPU temperature (celsius): socket 0: 63 socket 1: 74[0m
EAR[556453](hratio_l30) at 2.60/1.47 in tcn366 MR[0] elapsed 13233 sec.: [32mLoop time: 1.109s DC Power: [35m510.2W[32m DRAM power: 0.00W PCK power: 430.23W
	avg. CPUFreq: 2.57GHz avg. IMCFreq: 1.47GHz
	CPI: 0.371 VPI: 0.00, Mem. bwidth: 0.09GB/s GFLOPS: 0.00 I/O: 0.01MB/s No MPI  
	TPI 0.01 Cache miss rates: L1 0.26GB/s L2 0.00GB/s L3 0.00GB/s
	Total MPI calls 3
	IO DATA: rchar 4612 wchar 8844 syscr 51 syscw 27 read_bytes 0 write_bytes 303104
	Process OS info: (pid 556453 state R utime 1095 stime 1 cutime 0 cstime 0 CPU usage 98)
	CPU temperature (celsius): socket 0: 63 socket 1: 74[0m
EAR[556453](hratio_l30) at 2.60/1.47 in tcn366 MR[0] elapsed 13244 sec.: [32mLoop time: 1.108s DC Power: [35m510.4W[32m DRAM power: 0.00W PCK power: 430.23W
	avg. CPUFreq: 2.57GHz avg. IMCFreq: 1.47GHz
	CPI: 0.371 VPI: 0.00, Mem. bwidth: 0.13GB/s GFLOPS: 0.00 I/O: 0.01MB/s No MPI  
	TPI 0.02 Cache miss rates: L1 0.26GB/s L2 0.00GB/s L3 0.00GB/s
	Total MPI calls 3
	IO DATA: rchar 4612 wchar 8844 syscr 51 syscw 27 read_bytes 0 write_bytes 303104
	Process OS info: (pid 556453 state R utime 1093 stime 0 cutime 0 cstime 0 CPU usage 98)
	CPU temperature (celsius): socket 0: 63 socket 1: 74[0m
EAR[556453](hratio_l30) at 2.60/1.47 in tcn366 MR[0] elapsed 13255 sec.: [32mLoop time: 1.108s DC Power: [35m509.7W[32m DRAM power: 0.00W PCK power: 430.16W
	avg. CPUFreq: 2.57GHz avg. IMCFreq: 1.47GHz
	CPI: 0.371 VPI: 0.00, Mem. bwidth: 0.11GB/s GFLOPS: 0.00 I/O: 0.01MB/s No MPI  
	TPI 0.02 Cache miss rates: L1 0.26GB/s L2 0.00GB/s L3 0.00GB/s
	Total MPI calls 3
	IO DATA: rchar 4612 wchar 8844 syscr 51 syscw 27 read_bytes 0 write_bytes 299008
	Process OS info: (pid 556453 state R utime 1092 stime 1 cutime 0 cstime 0 CPU usage 98)
	CPU temperature (celsius): socket 0: 63 socket 1: 74[0m
EAR[556453](hratio_l30) at 2.60/1.47 in tcn366 MR[0] elapsed 13266 sec.: [32mLoop time: 1.113s DC Power: [35m456.1W[32m DRAM power: 0.00W PCK power: 430.08W
	avg. CPUFreq: 2.57GHz avg. IMCFreq: 1.47GHz
	CPI: 0.371 VPI: 0.00, Mem. bwidth: 0.09GB/s GFLOPS: 0.00 I/O: 0.01MB/s No MPI  
	TPI 0.01 Cache miss rates: L1 0.25GB/s L2 0.00GB/s L3 0.00GB/s
	Total MPI calls 3
	IO DATA: rchar 4612 wchar 8844 syscr 51 syscw 27 read_bytes 0 write_bytes 294912
	Process OS info: (pid 556453 state R utime 1092 stime 1 cutime 0 cstime 0 CPU usage 98)
	CPU temperature (celsius): socket 0: 63 socket 1: 74[0m
EAR[556453](hratio_l30) at 2.60/1.47 in tcn366 MR[0] elapsed 13277 sec.: [32mLoop time: 1.107s DC Power: [35m458.4W[32m DRAM power: 0.00W PCK power: 430.17W
	avg. CPUFreq: 2.57GHz avg. IMCFreq: 1.47GHz
	CPI: 0.371 VPI: 0.00, Mem. bwidth: 0.11GB/s GFLOPS: 0.00 I/O: 0.01MB/s No MPI  
	TPI 0.02 Cache miss rates: L1 0.26GB/s L2 0.00GB/s L3 0.00GB/s
	Total MPI calls 3
	IO DATA: rchar 4612 wchar 8844 syscr 51 syscw 27 read_bytes 0 write_bytes 294912
	Process OS info: (pid 556453 state R utime 1091 stime 0 cutime 0 cstime 0 CPU usage 98)
	CPU temperature (celsius): socket 0: 63 socket 1: 74[0m
EAR[556453](hratio_l30) at 2.60/1.47 in tcn366 MR[0] elapsed 13288 sec.: [32mLoop time: 1.108s DC Power: [35m508.9W[32m DRAM power: 0.00W PCK power: 430.02W
	avg. CPUFreq: 2.57GHz avg. IMCFreq: 1.47GHz
	CPI: 0.371 VPI: 0.00, Mem. bwidth: 0.10GB/s GFLOPS: 0.00 I/O: 0.01MB/s No MPI  
	TPI 0.02 Cache miss rates: L1 0.26GB/s L2 0.00GB/s L3 0.00GB/s
	Total MPI calls 3
	IO DATA: rchar 4612 wchar 8844 syscr 51 syscw 27 read_bytes 0 write_bytes 294912
	Process OS info: (pid 556453 state R utime 1093 stime 1 cutime 0 cstime 0 CPU usage 98)
	CPU temperature (celsius): socket 0: 63 socket 1: 74[0m
EAR[556453](hratio_l30) at 2.60/1.47 in tcn366 MR[0] elapsed 13300 sec.: [32mLoop time: 1.107s DC Power: [35m509.4W[32m DRAM power: 0.00W PCK power: 430.07W
	avg. CPUFreq: 2.57GHz avg. IMCFreq: 1.47GHz
	CPI: 0.371 VPI: 0.00, Mem. bwidth: 0.12GB/s GFLOPS: 0.00 I/O: 0.01MB/s No MPI  
	TPI 0.02 Cache miss rates: L1 0.26GB/s L2 0.00GB/s L3 0.00GB/s
	Total MPI calls 3
	IO DATA: rchar 4612 wchar 8844 syscr 51 syscw 27 read_bytes 0 write_bytes 311296
	Process OS info: (pid 556453 state R utime 1091 stime 1 cutime 0 cstime 0 CPU usage 98)
	CPU temperature (celsius): socket 0: 63 socket 1: 74[0m
EAR[556453](hratio_l30) at 2.60/1.47 in tcn366 MR[0] elapsed 13311 sec.: [32mLoop time: 1.107s DC Power: [35m509.3W[32m DRAM power: 0.00W PCK power: 430.11W
	avg. CPUFreq: 2.57GHz avg. IMCFreq: 1.47GHz
	CPI: 0.371 VPI: 0.00, Mem. bwidth: 0.10GB/s GFLOPS: 0.00 I/O: 0.01MB/s No MPI  
	TPI 0.01 Cache miss rates: L1 0.25GB/s L2 0.00GB/s L3 0.00GB/s
	Total MPI calls 3
	IO DATA: rchar 4612 wchar 8844 syscr 51 syscw 27 read_bytes 0 write_bytes 303104
	Process OS info: (pid 556453 state R utime 1091 stime 0 cutime 0 cstime 0 CPU usage 98)
	CPU temperature (celsius): socket 0: 63 socket 1: 74[0m
EAR[556453](hratio_l30) at 2.60/1.47 in tcn366 MR[0] elapsed 13322 sec.: [32mLoop time: 1.110s DC Power: [35m457.3W[32m DRAM power: 0.00W PCK power: 430.13W
	avg. CPUFreq: 2.57GHz avg. IMCFreq: 1.47GHz
	CPI: 0.371 VPI: 0.00, Mem. bwidth: 0.10GB/s GFLOPS: 0.00 I/O: 0.01MB/s No MPI  
	TPI 0.01 Cache miss rates: L1 0.25GB/s L2 0.00GB/s L3 0.00GB/s
	Total MPI calls 3
	IO DATA: rchar 4612 wchar 8844 syscr 51 syscw 27 read_bytes 0 write_bytes 294912
	Process OS info: (pid 556453 state R utime 1094 stime 1 cutime 0 cstime 0 CPU usage 98)
	CPU temperature (celsius): socket 0: 63 socket 1: 74[0m
EAR[556453](hratio_l30) at 2.60/1.47 in tcn366 MR[0] elapsed 13333 sec.: [32mLoop time: 1.107s DC Power: [35m458.3W[32m DRAM power: 0.00W PCK power: 430.01W
	avg. CPUFreq: 2.57GHz avg. IMCFreq: 1.47GHz
	CPI: 0.371 VPI: 0.00, Mem. bwidth: 0.15GB/s GFLOPS: 0.00 I/O: 0.01MB/s No MPI  
	TPI 0.02 Cache miss rates: L1 0.27GB/s L2 0.00GB/s L3 0.00GB/s
	Total MPI calls 3
	IO DATA: rchar 4612 wchar 8844 syscr 51 syscw 27 read_bytes 0 write_bytes 294912
	Process OS info: (pid 556453 state R utime 1091 stime 0 cutime 0 cstime 0 CPU usage 98)
	CPU temperature (celsius): socket 0: 63 socket 1: 74[0m
EAR[556453](hratio_l30) at 2.60/1.47 in tcn366 MR[0] elapsed 13344 sec.: [32mLoop time: 1.108s DC Power: [35m509.2W[32m DRAM power: 0.00W PCK power: 430.12W
	avg. CPUFreq: 2.57GHz avg. IMCFreq: 1.47GHz
	CPI: 0.371 VPI: 0.00, Mem. bwidth: 0.10GB/s GFLOPS: 0.00 I/O: 0.01MB/s No MPI  
	TPI 0.01 Cache miss rates: L1 0.25GB/s L2 0.00GB/s L3 0.00GB/s
	Total MPI calls 3
	IO DATA: rchar 4612 wchar 8844 syscr 51 syscw 27 read_bytes 0 write_bytes 294912
	Process OS info: (pid 556453 state R utime 1092 stime 1 cutime 0 cstime 0 CPU usage 98)
	CPU temperature (celsius): socket 0: 63 socket 1: 74[0m
EAR[556453](hratio_l30) at 2.60/1.47 in tcn366 MR[0] elapsed 13355 sec.: [32mLoop time: 1.107s DC Power: [35m509.3W[32m DRAM power: 0.00W PCK power: 430.23W
	avg. CPUFreq: 2.57GHz avg. IMCFreq: 1.47GHz
	CPI: 0.371 VPI: 0.00, Mem. bwidth: 0.10GB/s GFLOPS: 0.00 I/O: 0.01MB/s No MPI  
	TPI 0.01 Cache miss rates: L1 0.26GB/s L2 0.00GB/s L3 0.00GB/s
	Total MPI calls 3
	IO DATA: rchar 4612 wchar 8844 syscr 51 syscw 27 read_bytes 0 write_bytes 294912
	Process OS info: (pid 556453 state R utime 1090 stime 1 cutime 0 cstime 0 CPU usage 98)
	CPU temperature (celsius): socket 0: 63 socket 1: 74[0m
EAR[556453](hratio_l30) at 2.60/1.47 in tcn366 MR[0] elapsed 13366 sec.: [32mLoop time: 1.107s DC Power: [35m458.4W[32m DRAM power: 0.00W PCK power: 430.19W
	avg. CPUFreq: 2.57GHz avg. IMCFreq: 1.47GHz
	CPI: 0.371 VPI: 0.00, Mem. bwidth: 0.11GB/s GFLOPS: 0.00 I/O: 0.01MB/s No MPI  
	TPI 0.02 Cache miss rates: L1 0.26GB/s L2 0.00GB/s L3 0.00GB/s
	Total MPI calls 3
	IO DATA: rchar 4612 wchar 8844 syscr 51 syscw 27 read_bytes 0 write_bytes 331776
	Process OS info: (pid 556453 state R utime 1093 stime 0 cutime 0 cstime 0 CPU usage 98)
	CPU temperature (celsius): socket 0: 63 socket 1: 74[0m
EAR[556453](hratio_l30) at 2.60/1.47 in tcn366 MR[0] elapsed 13377 sec.: [32mLoop time: 1.108s DC Power: [35m509.7W[32m DRAM power: 0.00W PCK power: 430.18W
	avg. CPUFreq: 2.57GHz avg. IMCFreq: 1.47GHz
	CPI: 0.371 VPI: 0.00, Mem. bwidth: 0.11GB/s GFLOPS: 0.00 I/O: 0.01MB/s No MPI  
	TPI 0.02 Cache miss rates: L1 0.26GB/s L2 0.00GB/s L3 0.00GB/s
	Total MPI calls 3
	IO DATA: rchar 4612 wchar 8844 syscr 51 syscw 27 read_bytes 0 write_bytes 303104
	Process OS info: (pid 556453 state R utime 1093 stime 1 cutime 0 cstime 0 CPU usage 98)
	CPU temperature (celsius): socket 0: 63 socket 1: 74[0m
EAR[556453](hratio_l30) at 2.60/1.47 in tcn366 MR[0] elapsed 13388 sec.: [32mLoop time: 1.107s DC Power: [35m459.4W[32m DRAM power: 0.00W PCK power: 430.24W
	avg. CPUFreq: 2.57GHz avg. IMCFreq: 1.47GHz
	CPI: 0.371 VPI: 0.00, Mem. bwidth: 0.10GB/s GFLOPS: 0.00 I/O: 0.01MB/s No MPI  
	TPI 0.01 Cache miss rates: L1 0.26GB/s L2 0.00GB/s L3 0.00GB/s
	Total MPI calls 3
	IO DATA: rchar 4612 wchar 8844 syscr 51 syscw 27 read_bytes 0 write_bytes 294912
	Process OS info: (pid 556453 state R utime 1092 stime 1 cutime 0 cstime 0 CPU usage 98)
	CPU temperature (celsius): socket 0: 63 socket 1: 74[0m
EAR[556453](hratio_l30) at 2.60/1.47 in tcn366 MR[0] elapsed 13399 sec.: [32mLoop time: 1.108s DC Power: [35m511.0W[32m DRAM power: 0.00W PCK power: 430.34W
	avg. CPUFreq: 2.57GHz avg. IMCFreq: 1.47GHz
	CPI: 0.371 VPI: 0.00, Mem. bwidth: 0.09GB/s GFLOPS: 0.00 I/O: 0.01MB/s No MPI  
	TPI 0.01 Cache miss rates: L1 0.26GB/s L2 0.00GB/s L3 0.00GB/s
	Total MPI calls 3
	IO DATA: rchar 4612 wchar 8844 syscr 51 syscw 27 read_bytes 0 write_bytes 294912
	Process OS info: (pid 556453 state R utime 1093 stime 0 cutime 0 cstime 0 CPU usage 98)
	CPU temperature (celsius): socket 0: 63 socket 1: 74[0m
EAR[556453](hratio_l30) at 2.60/1.47 in tcn366 MR[0] elapsed 13410 sec.: [32mLoop time: 1.107s DC Power: [35m460.0W[32m DRAM power: 0.00W PCK power: 430.33W
	avg. CPUFreq: 2.57GHz avg. IMCFreq: 1.47GHz
	CPI: 0.371 VPI: 0.00, Mem. bwidth: 0.10GB/s GFLOPS: 0.00 I/O: 0.01MB/s No MPI  
	TPI 0.01 Cache miss rates: L1 0.26GB/s L2 0.00GB/s L3 0.00GB/s
	Total MPI calls 3
	IO DATA: rchar 4612 wchar 8844 syscr 51 syscw 27 read_bytes 0 write_bytes 294912
	Process OS info: (pid 556453 state R utime 1094 stime 1 cutime 0 cstime 0 CPU usage 98)
	CPU temperature (celsius): socket 0: 63 socket 1: 74[0m
EAR[556453](hratio_l30) at 2.60/1.47 in tcn366 MR[0] elapsed 13421 sec.: [32mLoop time: 1.108s DC Power: [35m510.1W[32m DRAM power: 0.00W PCK power: 430.16W
	avg. CPUFreq: 2.57GHz avg. IMCFreq: 1.47GHz
	CPI: 0.371 VPI: 0.00, Mem. bwidth: 0.13GB/s GFLOPS: 0.00 I/O: 0.01MB/s No MPI  
	TPI 0.02 Cache miss rates: L1 0.25GB/s L2 0.00GB/s L3 0.00GB/s
	Total MPI calls 3
	IO DATA: rchar 4612 wchar 8844 syscr 51 syscw 27 read_bytes 0 write_bytes 294912
	Process OS info: (pid 556453 state R utime 1093 stime 0 cutime 0 cstime 0 CPU usage 98)
	CPU temperature (celsius): socket 0: 63 socket 1: 74[0m
EAR[556453](hratio_l30) at 2.60/1.47 in tcn366 MR[0] elapsed 13433 sec.: [32mLoop time: 1.108s DC Power: [35m509.2W[32m DRAM power: 0.00W PCK power: 430.23W
	avg. CPUFreq: 2.57GHz avg. IMCFreq: 1.47GHz
	CPI: 0.371 VPI: 0.00, Mem. bwidth: 0.10GB/s GFLOPS: 0.00 I/O: 0.01MB/s No MPI  
	TPI 0.01 Cache miss rates: L1 0.26GB/s L2 0.00GB/s L3 0.00GB/s
	Total MPI calls 3
	IO DATA: rchar 4612 wchar 8844 syscr 51 syscw 27 read_bytes 0 write_bytes 331776
	Process OS info: (pid 556453 state R utime 1093 stime 1 cutime 0 cstime 0 CPU usage 98)
	CPU temperature (celsius): socket 0: 63 socket 1: 74[0m
EAR[556453](hratio_l30) at 2.60/1.47 in tcn366 MR[0] elapsed 13444 sec.: [32mLoop time: 1.108s DC Power: [35m458.2W[32m DRAM power: 0.00W PCK power: 430.23W
	avg. CPUFreq: 2.57GHz avg. IMCFreq: 1.47GHz
	CPI: 0.371 VPI: 0.00, Mem. bwidth: 0.09GB/s GFLOPS: 0.00 I/O: 0.01MB/s No MPI  
	TPI 0.01 Cache miss rates: L1 0.25GB/s L2 0.00GB/s L3 0.00GB/s
	Total MPI calls 3
	IO DATA: rchar 4612 wchar 8844 syscr 51 syscw 27 read_bytes 0 write_bytes 299008
	Process OS info: (pid 556453 state R utime 1093 stime 1 cutime 0 cstime 0 CPU usage 98)
	CPU temperature (celsius): socket 0: 63 socket 1: 74[0m
EAR[556453](hratio_l30) at 2.60/1.47 in tcn366 MR[0] elapsed 13455 sec.: [32mLoop time: 1.108s DC Power: [35m458.2W[32m DRAM power: 0.00W PCK power: 430.17W
	avg. CPUFreq: 2.57GHz avg. IMCFreq: 1.47GHz
	CPI: 0.371 VPI: 0.00, Mem. bwidth: 0.10GB/s GFLOPS: 0.00 I/O: 0.01MB/s No MPI  
	TPI 0.01 Cache miss rates: L1 0.26GB/s L2 0.00GB/s L3 0.00GB/s
	Total MPI calls 3
	IO DATA: rchar 4612 wchar 8844 syscr 51 syscw 27 read_bytes 0 write_bytes 294912
	Process OS info: (pid 556453 state R utime 1087 stime 0 cutime 0 cstime 0 CPU usage 98)
	CPU temperature (celsius): socket 0: 63 socket 1: 74[0m
EAR[556453](hratio_l30) at 2.60/1.47 in tcn366 MR[0] elapsed 13466 sec.: [32mLoop time: 1.108s DC Power: [35m509.1W[32m DRAM power: 0.00W PCK power: 430.14W
	avg. CPUFreq: 2.57GHz avg. IMCFreq: 1.47GHz
	CPI: 0.371 VPI: 0.00, Mem. bwidth: 0.11GB/s GFLOPS: 0.00 I/O: 0.01MB/s No MPI  
	TPI 0.02 Cache miss rates: L1 0.26GB/s L2 0.00GB/s L3 0.00GB/s
	Total MPI calls 3
	IO DATA: rchar 4612 wchar 8844 syscr 51 syscw 27 read_bytes 0 write_bytes 294912
	Process OS info: (pid 556453 state R utime 1093 stime 1 cutime 0 cstime 0 CPU usage 98)
	CPU temperature (celsius): socket 0: 63 socket 1: 74[0m
EAR[556453](hratio_l30) at 2.60/1.47 in tcn366 MR[0] elapsed 13477 sec.: [32mLoop time: 1.108s DC Power: [35m509.0W[32m DRAM power: 0.00W PCK power: 430.17W
	avg. CPUFreq: 2.57GHz avg. IMCFreq: 1.47GHz
	CPI: 0.371 VPI: 0.00, Mem. bwidth: 0.09GB/s GFLOPS: 0.00 I/O: 0.01MB/s No MPI  
	TPI 0.01 Cache miss rates: L1 0.27GB/s L2 0.00GB/s L3 0.00GB/s
	Total MPI calls 3
	IO DATA: rchar 4612 wchar 8844 syscr 51 syscw 27 read_bytes 0 write_bytes 294912
	Process OS info: (pid 556453 state R utime 1093 stime 1 cutime 0 cstime 0 CPU usage 98)
	CPU temperature (celsius): socket 0: 63 socket 1: 74[0m
EAR[556453](hratio_l30) at 2.60/1.47 in tcn366 MR[0] elapsed 13488 sec.: [32mLoop time: 1.108s DC Power: [35m509.1W[32m DRAM power: 0.00W PCK power: 430.17W
	avg. CPUFreq: 2.57GHz avg. IMCFreq: 1.47GHz
	CPI: 0.371 VPI: 0.00, Mem. bwidth: 0.10GB/s GFLOPS: 0.00 I/O: 0.01MB/s No MPI  
	TPI 0.01 Cache miss rates: L1 0.26GB/s L2 0.00GB/s L3 0.00GB/s
	Total MPI calls 3
	IO DATA: rchar 4612 wchar 8844 syscr 51 syscw 27 read_bytes 0 write_bytes 294912
	Process OS info: (pid 556453 state R utime 1094 stime 1 cutime 0 cstime 0 CPU usage 98)
	CPU temperature (celsius): socket 0: 63 socket 1: 74[0m
EAR[556453](hratio_l30) at 2.60/1.47 in tcn366 MR[0] elapsed 13499 sec.: [32mLoop time: 1.108s DC Power: [35m458.2W[32m DRAM power: 0.00W PCK power: 430.19W
	avg. CPUFreq: 2.57GHz avg. IMCFreq: 1.47GHz
	CPI: 0.371 VPI: 0.00, Mem. bwidth: 0.10GB/s GFLOPS: 0.00 I/O: 0.01MB/s No MPI  
	TPI 0.01 Cache miss rates: L1 0.26GB/s L2 0.00GB/s L3 0.00GB/s
	Total MPI calls 3
	IO DATA: rchar 4612 wchar 8844 syscr 51 syscw 27 read_bytes 0 write_bytes 344064
	Process OS info: (pid 556453 state R utime 1093 stime 0 cutime 0 cstime 0 CPU usage 98)
	CPU temperature (celsius): socket 0: 63 socket 1: 74[0m
EAR[556453](hratio_l30) at 2.60/1.47 in tcn366 MR[0] elapsed 13510 sec.: [32mLoop time: 1.108s DC Power: [35m509.0W[32m DRAM power: 0.00W PCK power: 430.21W
	avg. CPUFreq: 2.57GHz avg. IMCFreq: 1.47GHz
	CPI: 0.371 VPI: 0.00, Mem. bwidth: 0.12GB/s GFLOPS: 0.00 I/O: 0.01MB/s No MPI  
	TPI 0.02 Cache miss rates: L1 0.26GB/s L2 0.00GB/s L3 0.00GB/s
	Total MPI calls 3
	IO DATA: rchar 4612 wchar 8844 syscr 51 syscw 27 read_bytes 0 write_bytes 294912
	Process OS info: (pid 556453 state R utime 1093 stime 1 cutime 0 cstime 0 CPU usage 98)
	CPU temperature (celsius): socket 0: 63 socket 1: 74[0m
EAR[556453](hratio_l30) at 2.60/1.47 in tcn366 MR[0] elapsed 13521 sec.: [32mLoop time: 1.107s DC Power: [35m509.3W[32m DRAM power: 0.00W PCK power: 430.23W
	avg. CPUFreq: 2.57GHz avg. IMCFreq: 1.47GHz
	CPI: 0.371 VPI: 0.00, Mem. bwidth: 0.10GB/s GFLOPS: 0.00 I/O: 0.01MB/s No MPI  
	TPI 0.01 Cache miss rates: L1 0.26GB/s L2 0.00GB/s L3 0.00GB/s
	Total MPI calls 3
	IO DATA: rchar 4612 wchar 8844 syscr 51 syscw 27 read_bytes 0 write_bytes 294912
	Process OS info: (pid 556453 state R utime 1093 stime 0 cutime 0 cstime 0 CPU usage 98)
	CPU temperature (celsius): socket 0: 63 socket 1: 74[0m
EAR[556453](hratio_l30) at 2.60/1.47 in tcn366 MR[0] elapsed 13532 sec.: [32mLoop time: 1.107s DC Power: [35m509.3W[32m DRAM power: 0.00W PCK power: 430.25W
	avg. CPUFreq: 2.57GHz avg. IMCFreq: 1.47GHz
	CPI: 0.371 VPI: 0.00, Mem. bwidth: 0.09GB/s GFLOPS: 0.00 I/O: 0.01MB/s No MPI  
	TPI 0.01 Cache miss rates: L1 0.26GB/s L2 0.00GB/s L3 0.00GB/s
	Total MPI calls 3
	IO DATA: rchar 4612 wchar 8844 syscr 51 syscw 27 read_bytes 0 write_bytes 294912
	Process OS info: (pid 556453 state R utime 1093 stime 1 cutime 0 cstime 0 CPU usage 98)
	CPU temperature (celsius): socket 0: 63 socket 1: 74[0m
EAR[556453](hratio_l30) at 2.60/1.47 in tcn366 MR[0] elapsed 13543 sec.: [32mLoop time: 1.108s DC Power: [35m458.3W[32m DRAM power: 0.00W PCK power: 430.35W
	avg. CPUFreq: 2.57GHz avg. IMCFreq: 1.47GHz
	CPI: 0.371 VPI: 0.00, Mem. bwidth: 0.11GB/s GFLOPS: 0.00 I/O: 0.01MB/s No MPI  
	TPI 0.02 Cache miss rates: L1 0.26GB/s L2 0.00GB/s L3 0.00GB/s
	Total MPI calls 3
	IO DATA: rchar 4612 wchar 8844 syscr 51 syscw 27 read_bytes 0 write_bytes 294912
	Process OS info: (pid 556453 state R utime 1093 stime 1 cutime 0 cstime 0 CPU usage 98)
	CPU temperature (celsius): socket 0: 63 socket 1: 74[0m
EAR[556453](hratio_l30) at 2.60/1.47 in tcn366 MR[0] elapsed 13554 sec.: [32mLoop time: 1.108s DC Power: [35m510.1W[32m DRAM power: 0.00W PCK power: 430.37W
	avg. CPUFreq: 2.57GHz avg. IMCFreq: 1.47GHz
	CPI: 0.371 VPI: 0.00, Mem. bwidth: 0.10GB/s GFLOPS: 0.00 I/O: 0.01MB/s No MPI  
	TPI 0.02 Cache miss rates: L1 0.26GB/s L2 0.00GB/s L3 0.00GB/s
	Total MPI calls 3
	IO DATA: rchar 4612 wchar 8844 syscr 51 syscw 27 read_bytes 0 write_bytes 299008
	Process OS info: (pid 556453 state R utime 1093 stime 1 cutime 0 cstime 0 CPU usage 98)
	CPU temperature (celsius): socket 0: 63 socket 1: 74[0m
EAR[556453](hratio_l30) at 2.60/1.47 in tcn366 MR[0] elapsed 13565 sec.: [32mLoop time: 1.108s DC Power: [35m459.8W[32m DRAM power: 0.00W PCK power: 430.40W
	avg. CPUFreq: 2.57GHz avg. IMCFreq: 1.47GHz
	CPI: 0.371 VPI: 0.00, Mem. bwidth: 0.11GB/s GFLOPS: 0.00 I/O: 0.01MB/s No MPI  
	TPI 0.02 Cache miss rates: L1 0.25GB/s L2 0.00GB/s L3 0.00GB/s
	Total MPI calls 3
	IO DATA: rchar 4612 wchar 8844 syscr 51 syscw 27 read_bytes 0 write_bytes 495616
	Process OS info: (pid 556453 state R utime 1093 stime 0 cutime 0 cstime 0 CPU usage 98)
	CPU temperature (celsius): socket 0: 63 socket 1: 74[0m
EAR[556453](hratio_l30) at 2.60/1.47 in tcn366 MR[0] elapsed 13577 sec.: [32mLoop time: 1.107s DC Power: [35m511.1W[32m DRAM power: 0.00W PCK power: 430.41W
	avg. CPUFreq: 2.57GHz avg. IMCFreq: 1.47GHz
	CPI: 0.371 VPI: 0.00, Mem. bwidth: 0.11GB/s GFLOPS: 0.00 I/O: 0.01MB/s No MPI  
	TPI 0.02 Cache miss rates: L1 0.26GB/s L2 0.00GB/s L3 0.00GB/s
	Total MPI calls 3
	IO DATA: rchar 4612 wchar 8844 syscr 51 syscw 27 read_bytes 0 write_bytes 294912
	Process OS info: (pid 556453 state R utime 1093 stime 1 cutime 0 cstime 0 CPU usage 98)
	CPU temperature (celsius): socket 0: 63 socket 1: 74[0m
EAR[556453](hratio_l30) at 2.60/1.47 in tcn366 MR[0] elapsed 13588 sec.: [32mLoop time: 1.108s DC Power: [35m459.5W[32m DRAM power: 0.00W PCK power: 430.30W
	avg. CPUFreq: 2.57GHz avg. IMCFreq: 1.47GHz
	CPI: 0.371 VPI: 0.00, Mem. bwidth: 0.10GB/s GFLOPS: 0.00 I/O: 0.01MB/s No MPI  
	TPI 0.01 Cache miss rates: L1 0.25GB/s L2 0.00GB/s L3 0.00GB/s
	Total MPI calls 3
	IO DATA: rchar 4612 wchar 8844 syscr 51 syscw 27 read_bytes 0 write_bytes 294912
	Process OS info: (pid 556453 state R utime 1092 stime 1 cutime 0 cstime 0 CPU usage 98)
	CPU temperature (celsius): socket 0: 63 socket 1: 74[0m
EAR[556453](hratio_l30) at 2.60/1.47 in tcn366 MR[0] elapsed 13599 sec.: [32mLoop time: 1.108s DC Power: [35m509.7W[32m DRAM power: 0.00W PCK power: 430.15W
	avg. CPUFreq: 2.57GHz avg. IMCFreq: 1.47GHz
	CPI: 0.371 VPI: 0.00, Mem. bwidth: 0.13GB/s GFLOPS: 0.00 I/O: 0.01MB/s No MPI  
	TPI 0.02 Cache miss rates: L1 0.25GB/s L2 0.00GB/s L3 0.00GB/s
	Total MPI calls 3
	IO DATA: rchar 4612 wchar 8844 syscr 51 syscw 27 read_bytes 0 write_bytes 294912
	Process OS info: (pid 556453 state R utime 1093 stime 0 cutime 0 cstime 0 CPU usage 98)
	CPU temperature (celsius): socket 0: 63 socket 1: 74[0m
EAR[556453](hratio_l30) at 2.60/1.47 in tcn366 MR[0] elapsed 13610 sec.: [32mLoop time: 1.107s DC Power: [35m509.3W[32m DRAM power: 0.00W PCK power: 430.30W
	avg. CPUFreq: 2.57GHz avg. IMCFreq: 1.47GHz
	CPI: 0.371 VPI: 0.00, Mem. bwidth: 0.09GB/s GFLOPS: 0.00 I/O: 0.01MB/s No MPI  
	TPI 0.01 Cache miss rates: L1 0.26GB/s L2 0.00GB/s L3 0.00GB/s
	Total MPI calls 3
	IO DATA: rchar 4612 wchar 8844 syscr 51 syscw 27 read_bytes 0 write_bytes 303104
	Process OS info: (pid 556453 state R utime 1093 stime 1 cutime 0 cstime 0 CPU usage 98)
	CPU temperature (celsius): socket 0: 63 socket 1: 74[0m
EAR[556453](hratio_l30) at 2.60/1.47 in tcn366 MR[0] elapsed 13621 sec.: [32mLoop time: 1.108s DC Power: [35m509.1W[32m DRAM power: 0.00W PCK power: 430.19W
	avg. CPUFreq: 2.57GHz avg. IMCFreq: 1.47GHz
	CPI: 0.371 VPI: 0.00, Mem. bwidth: 0.11GB/s GFLOPS: 0.00 I/O: 0.01MB/s No MPI  
	TPI 0.02 Cache miss rates: L1 0.26GB/s L2 0.00GB/s L3 0.00GB/s
	Total MPI calls 3
	IO DATA: rchar 4612 wchar 8844 syscr 51 syscw 27 read_bytes 0 write_bytes 294912
	Process OS info: (pid 556453 state R utime 1093 stime 1 cutime 0 cstime 0 CPU usage 98)
	CPU temperature (celsius): socket 0: 63 socket 1: 74[0m
EAR[556453](hratio_l30) at 2.60/1.47 in tcn366 MR[0] elapsed 13632 sec.: [32mLoop time: 1.107s DC Power: [35m458.4W[32m DRAM power: 0.00W PCK power: 430.29W
	avg. CPUFreq: 2.57GHz avg. IMCFreq: 1.47GHz
	CPI: 0.371 VPI: 0.00, Mem. bwidth: 0.11GB/s GFLOPS: 0.00 I/O: 0.01MB/s No MPI  
	TPI 0.02 Cache miss rates: L1 0.26GB/s L2 0.00GB/s L3 0.00GB/s
	Total MPI calls 3
	IO DATA: rchar 4612 wchar 8844 syscr 51 syscw 27 read_bytes 0 write_bytes 421888
	Process OS info: (pid 556453 state R utime 1093 stime 0 cutime 0 cstime 0 CPU usage 98)
	CPU temperature (celsius): socket 0: 63 socket 1: 74[0m
EAR[556453](hratio_l30) at 2.60/1.47 in tcn366 MR[0] elapsed 13643 sec.: [32mLoop time: 1.108s DC Power: [35m509.1W[32m DRAM power: 0.00W PCK power: 430.17W
	avg. CPUFreq: 2.57GHz avg. IMCFreq: 1.47GHz
	CPI: 0.371 VPI: 0.00, Mem. bwidth: 0.11GB/s GFLOPS: 0.00 I/O: 0.01MB/s No MPI  
	TPI 0.02 Cache miss rates: L1 0.25GB/s L2 0.00GB/s L3 0.00GB/s
	Total MPI calls 3
	IO DATA: rchar 4612 wchar 8844 syscr 51 syscw 27 read_bytes 0 write_bytes 294912
	Process OS info: (pid 556453 state R utime 1093 stime 1 cutime 0 cstime 0 CPU usage 98)
	CPU temperature (celsius): socket 0: 63 socket 1: 74[0m
EAR[556453](hratio_l30) at 2.60/1.47 in tcn366 MR[0] elapsed 13654 sec.: [32mLoop time: 1.108s DC Power: [35m509.2W[32m DRAM power: 0.00W PCK power: 430.28W
	avg. CPUFreq: 2.57GHz avg. IMCFreq: 1.47GHz
	CPI: 0.371 VPI: 0.00, Mem. bwidth: 0.10GB/s GFLOPS: 0.00 I/O: 0.01MB/s No MPI  
	TPI 0.01 Cache miss rates: L1 0.25GB/s L2 0.00GB/s L3 0.00GB/s
	Total MPI calls 3
	IO DATA: rchar 4612 wchar 8844 syscr 51 syscw 27 read_bytes 0 write_bytes 294912
	Process OS info: (pid 556453 state R utime 1093 stime 0 cutime 0 cstime 0 CPU usage 98)
	CPU temperature (celsius): socket 0: 63 socket 1: 74[0m
EAR[556453](hratio_l30) at 2.60/1.47 in tcn366 MR[0] elapsed 13665 sec.: [32mLoop time: 1.108s DC Power: [35m509.1W[32m DRAM power: 0.00W PCK power: 430.27W
	avg. CPUFreq: 2.57GHz avg. IMCFreq: 1.47GHz
	CPI: 0.371 VPI: 0.00, Mem. bwidth: 0.11GB/s GFLOPS: 0.00 I/O: 0.01MB/s No MPI  
	TPI 0.02 Cache miss rates: L1 0.25GB/s L2 0.00GB/s L3 0.00GB/s
	Total MPI calls 3
	IO DATA: rchar 4612 wchar 8844 syscr 51 syscw 27 read_bytes 0 write_bytes 294912
	Process OS info: (pid 556453 state R utime 1094 stime 1 cutime 0 cstime 0 CPU usage 98)
	CPU temperature (celsius): socket 0: 63 socket 1: 74[0m
EAR[556453](hratio_l30) at 2.60/1.47 in tcn366 MR[0] elapsed 13676 sec.: [32mLoop time: 1.107s DC Power: [35m458.4W[32m DRAM power: 0.00W PCK power: 430.34W
	avg. CPUFreq: 2.57GHz avg. IMCFreq: 1.47GHz
	CPI: 0.371 VPI: 0.00, Mem. bwidth: 0.10GB/s GFLOPS: 0.00 I/O: 0.01MB/s No MPI  
	TPI 0.01 Cache miss rates: L1 0.25GB/s L2 0.00GB/s L3 0.00GB/s
	Total MPI calls 3
	IO DATA: rchar 4612 wchar 8844 syscr 51 syscw 27 read_bytes 0 write_bytes 303104
	Process OS info: (pid 556453 state R utime 1092 stime 1 cutime 0 cstime 0 CPU usage 98)
	CPU temperature (celsius): socket 0: 63 socket 1: 74[0m
EAR[556453](hratio_l30) at 2.60/1.47 in tcn366 MR[0] elapsed 13687 sec.: [32mLoop time: 1.107s DC Power: [35m509.3W[32m DRAM power: 0.00W PCK power: 430.17W
	avg. CPUFreq: 2.57GHz avg. IMCFreq: 1.47GHz
	CPI: 0.371 VPI: 0.00, Mem. bwidth: 0.11GB/s GFLOPS: 0.00 I/O: 0.01MB/s No MPI  
	TPI 0.02 Cache miss rates: L1 0.25GB/s L2 0.00GB/s L3 0.00GB/s
	Total MPI calls 3
	IO DATA: rchar 4612 wchar 8844 syscr 51 syscw 27 read_bytes 0 write_bytes 294912
	Process OS info: (pid 556453 state R utime 1093 stime 0 cutime 0 cstime 0 CPU usage 98)
	CPU temperature (celsius): socket 0: 63 socket 1: 74[0m
EAR[556453](hratio_l30) at 2.60/1.47 in tcn366 MR[0] elapsed 13698 sec.: [32mLoop time: 1.107s DC Power: [35m509.3W[32m DRAM power: 0.00W PCK power: 430.20W
	avg. CPUFreq: 2.57GHz avg. IMCFreq: 1.47GHz
	CPI: 0.371 VPI: 0.00, Mem. bwidth: 0.10GB/s GFLOPS: 0.00 I/O: 0.01MB/s No MPI  
	TPI 0.01 Cache miss rates: L1 0.25GB/s L2 0.00GB/s L3 0.00GB/s
	Total MPI calls 3
	IO DATA: rchar 4612 wchar 8844 syscr 51 syscw 27 read_bytes 0 write_bytes 294912
	Process OS info: (pid 556453 state R utime 1087 stime 1 cutime 0 cstime 0 CPU usage 98)
	CPU temperature (celsius): socket 0: 63 socket 1: 74[0m
EAR[556453](hratio_l30) at 2.60/1.47 in tcn366 MR[0] elapsed 13709 sec.: [32mLoop time: 1.111s DC Power: [35m507.8W[32m DRAM power: 0.00W PCK power: 430.28W
	avg. CPUFreq: 2.57GHz avg. IMCFreq: 1.47GHz
	CPI: 0.371 VPI: 0.00, Mem. bwidth: 0.10GB/s GFLOPS: 0.00 I/O: 0.01MB/s No MPI  
	TPI 0.01 Cache miss rates: L1 0.25GB/s L2 0.00GB/s L3 0.00GB/s
	Total MPI calls 3
	IO DATA: rchar 4612 wchar 8844 syscr 51 syscw 27 read_bytes 0 write_bytes 299008
	Process OS info: (pid 556453 state R utime 1094 stime 0 cutime 0 cstime 0 CPU usage 98)
	CPU temperature (celsius): socket 0: 63 socket 1: 74[0m
EAR[556453](hratio_l30) at 2.60/1.47 in tcn366 MR[0] elapsed 13721 sec.: [32mLoop time: 1.108s DC Power: [35m458.7W[32m DRAM power: 0.00W PCK power: 430.37W
	avg. CPUFreq: 2.57GHz avg. IMCFreq: 1.47GHz
	CPI: 0.371 VPI: 0.00, Mem. bwidth: 0.12GB/s GFLOPS: 0.00 I/O: 0.01MB/s No MPI  
	TPI 0.02 Cache miss rates: L1 0.26GB/s L2 0.00GB/s L3 0.00GB/s
	Total MPI calls 3
	IO DATA: rchar 4612 wchar 8844 syscr 51 syscw 27 read_bytes 0 write_bytes 294912
	Process OS info: (pid 556453 state R utime 1086 stime 1 cutime 0 cstime 0 CPU usage 98)
	CPU temperature (celsius): socket 0: 63 socket 1: 74[0m
EAR[556453](hratio_l30) at 2.60/1.47 in tcn366 MR[0] elapsed 13732 sec.: [32mLoop time: 1.108s DC Power: [35m510.5W[32m DRAM power: 0.00W PCK power: 430.48W
	avg. CPUFreq: 2.57GHz avg. IMCFreq: 1.47GHz
	CPI: 0.371 VPI: 0.00, Mem. bwidth: 0.10GB/s GFLOPS: 0.00 I/O: 0.01MB/s No MPI  
	TPI 0.01 Cache miss rates: L1 0.26GB/s L2 0.00GB/s L3 0.00GB/s
	Total MPI calls 3
	IO DATA: rchar 4612 wchar 8844 syscr 51 syscw 27 read_bytes 0 write_bytes 389120
	Process OS info: (pid 556453 state R utime 1093 stime 1 cutime 0 cstime 0 CPU usage 98)
	CPU temperature (celsius): socket 0: 63 socket 1: 74[0m
EAR[556453](hratio_l30) at 2.60/1.47 in tcn366 MR[0] elapsed 13743 sec.: [32mLoop time: 1.107s DC Power: [35m511.2W[32m DRAM power: 0.00W PCK power: 430.43W
	avg. CPUFreq: 2.57GHz avg. IMCFreq: 1.47GHz
	CPI: 0.371 VPI: 0.00, Mem. bwidth: 0.09GB/s GFLOPS: 0.00 I/O: 0.01MB/s No MPI  
	TPI 0.01 Cache miss rates: L1 0.26GB/s L2 0.00GB/s L3 0.00GB/s
	Total MPI calls 3
	IO DATA: rchar 4612 wchar 8844 syscr 51 syscw 27 read_bytes 0 write_bytes 303104
	Process OS info: (pid 556453 state R utime 1093 stime 1 cutime 0 cstime 0 CPU usage 98)
	CPU temperature (celsius): socket 0: 64 socket 1: 74[0m
EAR[556453](hratio_l30) at 2.60/1.47 in tcn366 MR[0] elapsed 13754 sec.: [32mLoop time: 1.107s DC Power: [35m511.1W[32m DRAM power: 0.00W PCK power: 430.35W
	avg. CPUFreq: 2.57GHz avg. IMCFreq: 1.47GHz
	CPI: 0.371 VPI: 0.00, Mem. bwidth: 0.10GB/s GFLOPS: 0.00 I/O: 0.01MB/s No MPI  
	TPI 0.01 Cache miss rates: L1 0.26GB/s L2 0.00GB/s L3 0.00GB/s
	Total MPI calls 3
	IO DATA: rchar 4612 wchar 8844 syscr 51 syscw 27 read_bytes 0 write_bytes 294912
	Process OS info: (pid 556453 state R utime 1093 stime 0 cutime 0 cstime 0 CPU usage 98)
	CPU temperature (celsius): socket 0: 63 socket 1: 74[0m
EAR[556453](hratio_l30) at 2.60/1.47 in tcn366 MR[0] elapsed 13765 sec.: [32mLoop time: 1.108s DC Power: [35m459.4W[32m DRAM power: 0.00W PCK power: 430.30W
	avg. CPUFreq: 2.57GHz avg. IMCFreq: 1.47GHz
	CPI: 0.371 VPI: 0.00, Mem. bwidth: 0.10GB/s GFLOPS: 0.00 I/O: 0.01MB/s No MPI  
	TPI 0.01 Cache miss rates: L1 0.26GB/s L2 0.00GB/s L3 0.00GB/s
	Total MPI calls 3
	IO DATA: rchar 4612 wchar 8844 syscr 51 syscw 27 read_bytes 0 write_bytes 294912
	Process OS info: (pid 556453 state R utime 1093 stime 1 cutime 0 cstime 0 CPU usage 98)
	CPU temperature (celsius): socket 0: 63 socket 1: 74[0m
EAR[556453](hratio_l30) at 2.60/1.47 in tcn366 MR[0] elapsed 13776 sec.: [32mLoop time: 1.107s DC Power: [35m509.7W[32m DRAM power: 0.00W PCK power: 430.30W
	avg. CPUFreq: 2.57GHz avg. IMCFreq: 1.47GHz
	CPI: 0.371 VPI: 0.00, Mem. bwidth: 0.11GB/s GFLOPS: 0.00 I/O: 0.01MB/s No MPI  
	TPI 0.02 Cache miss rates: L1 0.26GB/s L2 0.00GB/s L3 0.00GB/s
	Total MPI calls 3
	IO DATA: rchar 4612 wchar 8844 syscr 51 syscw 27 read_bytes 0 write_bytes 294912
	Process OS info: (pid 556453 state R utime 1093 stime 0 cutime 0 cstime 0 CPU usage 98)
	CPU temperature (celsius): socket 0: 63 socket 1: 74[0m
EAR[556453](hratio_l30) at 2.60/1.47 in tcn366 MR[0] elapsed 13787 sec.: [32mLoop time: 1.107s DC Power: [35m509.3W[32m DRAM power: 0.00W PCK power: 430.34W
	avg. CPUFreq: 2.57GHz avg. IMCFreq: 1.47GHz
	CPI: 0.371 VPI: 0.00, Mem. bwidth: 0.11GB/s GFLOPS: 0.00 I/O: 0.01MB/s No MPI  
	TPI 0.02 Cache miss rates: L1 0.26GB/s L2 0.00GB/s L3 0.00GB/s
	Total MPI calls 3
	IO DATA: rchar 4612 wchar 8844 syscr 51 syscw 27 read_bytes 0 write_bytes 294912
	Process OS info: (pid 556453 state R utime 1093 stime 1 cutime 0 cstime 0 CPU usage 98)
	CPU temperature (celsius): socket 0: 63 socket 1: 74[0m
EAR[556453](hratio_l30) at 2.60/1.47 in tcn366 MR[0] elapsed 13799 sec.: [32mLoop time: 1.107s DC Power: [35m509.4W[32m DRAM power: 0.00W PCK power: 430.31W
	avg. CPUFreq: 2.57GHz avg. IMCFreq: 1.47GHz
	CPI: 0.371 VPI: 0.00, Mem. bwidth: 0.10GB/s GFLOPS: 0.00 I/O: 0.01MB/s No MPI  
	TPI 0.01 Cache miss rates: L1 0.25GB/s L2 0.00GB/s L3 0.00GB/s
	Total MPI calls 3
	IO DATA: rchar 4612 wchar 8844 syscr 51 syscw 27 read_bytes 0 write_bytes 299008
	Process OS info: (pid 556453 state R utime 1092 stime 0 cutime 0 cstime 0 CPU usage 98)
	CPU temperature (celsius): socket 0: 63 socket 1: 74[0m
EAR[556453](hratio_l30) at 2.60/1.47 in tcn366 MR[0] elapsed 13810 sec.: [32mLoop time: 1.208s DC Power: [35m467.0W[32m DRAM power: 0.00W PCK power: 430.27W
	avg. CPUFreq: 2.57GHz avg. IMCFreq: 1.47GHz
	CPI: 0.371 VPI: 0.00, Mem. bwidth: 0.14GB/s GFLOPS: 0.00 I/O: 0.01MB/s No MPI  
	TPI 0.02 Cache miss rates: L1 0.26GB/s L2 0.00GB/s L3 0.00GB/s
	Total MPI calls 3
	IO DATA: rchar 4612 wchar 8844 syscr 51 syscw 27 read_bytes 0 write_bytes 299008
	Process OS info: (pid 556453 state R utime 1185 stime 1 cutime 0 cstime 0 CPU usage 98)
	CPU temperature (celsius): socket 0: 63 socket 1: 74[0m
EAR[556453](hratio_l30) at 2.60/1.47 in tcn366 MR[0] elapsed 13821 sec.: [32mLoop time: 1.108s DC Power: [35m509.2W[32m DRAM power: 0.00W PCK power: 430.26W
	avg. CPUFreq: 2.57GHz avg. IMCFreq: 1.47GHz
	CPI: 0.371 VPI: 0.00, Mem. bwidth: 0.10GB/s GFLOPS: 0.00 I/O: 0.01MB/s No MPI  
	TPI 0.01 Cache miss rates: L1 0.26GB/s L2 0.00GB/s L3 0.00GB/s
	Total MPI calls 3
	IO DATA: rchar 4612 wchar 8844 syscr 51 syscw 27 read_bytes 0 write_bytes 294912
	Process OS info: (pid 556453 state R utime 1093 stime 1 cutime 0 cstime 0 CPU usage 98)
	CPU temperature (celsius): socket 0: 63 socket 1: 74[0m
EAR[556453](hratio_l30) at 2.60/1.47 in tcn366 MR[0] elapsed 13832 sec.: [32mLoop time: 1.107s DC Power: [35m509.3W[32m DRAM power: 0.00W PCK power: 430.21W
	avg. CPUFreq: 2.57GHz avg. IMCFreq: 1.47GHz
	CPI: 0.371 VPI: 0.00, Mem. bwidth: 0.14GB/s GFLOPS: 0.00 I/O: 0.01MB/s No MPI  
	TPI 0.02 Cache miss rates: L1 0.26GB/s L2 0.00GB/s L3 0.00GB/s
	Total MPI calls 3
	IO DATA: rchar 4612 wchar 8844 syscr 51 syscw 27 read_bytes 0 write_bytes 294912
	Process OS info: (pid 556453 state R utime 1074 stime 0 cutime 0 cstime 0 CPU usage 96)
	CPU temperature (celsius): socket 0: 63 socket 1: 74[0m
EAR[556453](hratio_l30) at 2.60/1.47 in tcn366 MR[0] elapsed 13843 sec.: [32mLoop time: 1.108s DC Power: [35m458.0W[32m DRAM power: 0.00W PCK power: 430.09W
	avg. CPUFreq: 2.57GHz avg. IMCFreq: 1.47GHz
	CPI: 0.371 VPI: 0.00, Mem. bwidth: 0.36GB/s GFLOPS: 0.00 I/O: 0.01MB/s No MPI  
	TPI 0.05 Cache miss rates: L1 0.25GB/s L2 0.00GB/s L3 0.00GB/s
	Total MPI calls 3
	IO DATA: rchar 4612 wchar 8844 syscr 51 syscw 27 read_bytes 0 write_bytes 434176
	Process OS info: (pid 556453 state R utime 1080 stime 1 cutime 0 cstime 0 CPU usage 97)
	CPU temperature (celsius): socket 0: 63 socket 1: 74[0m
EAR[556453](hratio_l30) at 2.60/1.47 in tcn366 MR[0] elapsed 13854 sec.: [32mLoop time: 1.108s DC Power: [35m509.0W[32m DRAM power: 0.00W PCK power: 430.12W
	avg. CPUFreq: 2.57GHz avg. IMCFreq: 1.47GHz
	CPI: 0.371 VPI: 0.00, Mem. bwidth: 0.24GB/s GFLOPS: 0.00 I/O: 0.01MB/s No MPI  
	TPI 0.04 Cache miss rates: L1 0.26GB/s L2 0.00GB/s L3 0.00GB/s
	Total MPI calls 3
	IO DATA: rchar 4612 wchar 8844 syscr 51 syscw 27 read_bytes 0 write_bytes 299008
	Process OS info: (pid 556453 state R utime 1066 stime 1 cutime 0 cstime 0 CPU usage 96)
	CPU temperature (celsius): socket 0: 63 socket 1: 74[0m
EAR[556453](hratio_l30) at 2.60/1.47 in tcn366 MR[0] elapsed 13866 sec.: [32mLoop time: 1.108s DC Power: [35m457.4W[32m DRAM power: 0.00W PCK power: 429.99W
	avg. CPUFreq: 2.57GHz avg. IMCFreq: 1.47GHz
	CPI: 0.371 VPI: 0.00, Mem. bwidth: 0.21GB/s GFLOPS: 0.00 I/O: 0.01MB/s No MPI  
	TPI 0.03 Cache miss rates: L1 0.25GB/s L2 0.00GB/s L3 0.00GB/s
	Total MPI calls 3
	IO DATA: rchar 4612 wchar 8844 syscr 51 syscw 27 read_bytes 0 write_bytes 299008
	Process OS info: (pid 556453 state R utime 1092 stime 1 cutime 0 cstime 0 CPU usage 98)
	CPU temperature (celsius): socket 0: 63 socket 1: 74[0m
EAR[556453](hratio_l30) at 2.60/1.47 in tcn366 MR[0] elapsed 13877 sec.: [32mLoop time: 1.108s DC Power: [35m508.4W[32m DRAM power: 0.00W PCK power: 430.24W
	avg. CPUFreq: 2.57GHz avg. IMCFreq: 1.47GHz
	CPI: 0.371 VPI: 0.00, Mem. bwidth: 0.41GB/s GFLOPS: 0.00 I/O: 0.01MB/s No MPI  
	TPI 0.06 Cache miss rates: L1 0.26GB/s L2 0.00GB/s L3 0.00GB/s
	Total MPI calls 3
	IO DATA: rchar 4612 wchar 8844 syscr 51 syscw 27 read_bytes 0 write_bytes 294912
	Process OS info: (pid 556453 state R utime 1089 stime 1 cutime 0 cstime 0 CPU usage 98)
	CPU temperature (celsius): socket 0: 63 socket 1: 74[0m
EAR[556453](hratio_l30) at 2.60/1.47 in tcn366 MR[0] elapsed 13888 sec.: [32mLoop time: 1.108s DC Power: [35m458.1W[32m DRAM power: 0.00W PCK power: 430.31W
	avg. CPUFreq: 2.57GHz avg. IMCFreq: 1.47GHz
	CPI: 0.371 VPI: 0.00, Mem. bwidth: 0.11GB/s GFLOPS: 0.00 I/O: 0.01MB/s No MPI  
	TPI 0.02 Cache miss rates: L1 0.26GB/s L2 0.00GB/s L3 0.00GB/s
	Total MPI calls 3
	IO DATA: rchar 4612 wchar 8844 syscr 51 syscw 27 read_bytes 0 write_bytes 409600
	Process OS info: (pid 556453 state R utime 1094 stime 0 cutime 0 cstime 0 CPU usage 98)
	CPU temperature (celsius): socket 0: 63 socket 1: 74[0m
EAR[556453](hratio_l30) at 2.60/1.47 in tcn366 MR[0] elapsed 13899 sec.: [32mLoop time: 1.108s DC Power: [35m510.0W[32m DRAM power: 0.00W PCK power: 430.28W
	avg. CPUFreq: 2.57GHz avg. IMCFreq: 1.47GHz
	CPI: 0.371 VPI: 0.00, Mem. bwidth: 0.12GB/s GFLOPS: 0.00 I/O: 0.01MB/s No MPI  
	TPI 0.02 Cache miss rates: L1 0.26GB/s L2 0.00GB/s L3 0.00GB/s
	Total MPI calls 3
	IO DATA: rchar 4612 wchar 8844 syscr 51 syscw 27 read_bytes 0 write_bytes 303104
	Process OS info: (pid 556453 state R utime 1093 stime 1 cutime 0 cstime 0 CPU usage 98)
	CPU temperature (celsius): socket 0: 63 socket 1: 74[0m
EAR[556453](hratio_l30) at 2.60/1.47 in tcn366 MR[0] elapsed 13910 sec.: [32mLoop time: 1.108s DC Power: [35m510.9W[32m DRAM power: 0.00W PCK power: 430.34W
	avg. CPUFreq: 2.57GHz avg. IMCFreq: 1.47GHz
	CPI: 0.371 VPI: 0.00, Mem. bwidth: 0.10GB/s GFLOPS: 0.00 I/O: 0.01MB/s No MPI  
	TPI 0.01 Cache miss rates: L1 0.26GB/s L2 0.00GB/s L3 0.00GB/s
	Total MPI calls 3
	IO DATA: rchar 4612 wchar 8844 syscr 51 syscw 27 read_bytes 0 write_bytes 294912
	Process OS info: (pid 556453 state R utime 1094 stime 0 cutime 0 cstime 0 CPU usage 98)
	CPU temperature (celsius): socket 0: 63 socket 1: 74[0m
EAR[556453](hratio_l30) at 2.60/1.47 in tcn366 MR[0] elapsed 13921 sec.: [32mLoop time: 1.108s DC Power: [35m510.8W[32m DRAM power: 0.00W PCK power: 430.43W
	avg. CPUFreq: 2.57GHz avg. IMCFreq: 1.47GHz
	CPI: 0.371 VPI: 0.00, Mem. bwidth: 0.11GB/s GFLOPS: 0.00 I/O: 0.01MB/s No MPI  
	TPI 0.02 Cache miss rates: L1 0.26GB/s L2 0.00GB/s L3 0.00GB/s
	Total MPI calls 3
	IO DATA: rchar 4612 wchar 8844 syscr 51 syscw 27 read_bytes 0 write_bytes 294912
	Process OS info: (pid 556453 state R utime 1093 stime 1 cutime 0 cstime 0 CPU usage 98)
	CPU temperature (celsius): socket 0: 63 socket 1: 74[0m
EAR[556453](hratio_l30) at 2.60/1.47 in tcn366 MR[0] elapsed 13932 sec.: [32mLoop time: 1.108s DC Power: [35m408.7W[32m DRAM power: 0.00W PCK power: 430.23W
	avg. CPUFreq: 2.57GHz avg. IMCFreq: 1.47GHz
	CPI: 0.371 VPI: 0.00, Mem. bwidth: 0.11GB/s GFLOPS: 0.00 I/O: 0.01MB/s No MPI  
	TPI 0.02 Cache miss rates: L1 0.26GB/s L2 0.00GB/s L3 0.00GB/s
	Total MPI calls 3
	IO DATA: rchar 4612 wchar 8844 syscr 51 syscw 27 read_bytes 0 write_bytes 294912
	Process OS info: (pid 556453 state R utime 1093 stime 0 cutime 0 cstime 0 CPU usage 98)
	CPU temperature (celsius): socket 0: 63 socket 1: 74[0m
EAR[556453](hratio_l30) at 2.60/1.47 in tcn366 MR[0] elapsed 13943 sec.: [32mLoop time: 1.107s DC Power: [35m510.2W[32m DRAM power: 0.00W PCK power: 430.38W
	avg. CPUFreq: 2.57GHz avg. IMCFreq: 1.47GHz
	CPI: 0.371 VPI: 0.00, Mem. bwidth: 0.09GB/s GFLOPS: 0.00 I/O: 0.01MB/s No MPI  
	TPI 0.01 Cache miss rates: L1 0.26GB/s L2 0.00GB/s L3 0.00GB/s
	Total MPI calls 3
	IO DATA: rchar 4612 wchar 8844 syscr 51 syscw 27 read_bytes 0 write_bytes 294912
	Process OS info: (pid 556453 state R utime 1093 stime 1 cutime 0 cstime 0 CPU usage 98)
	CPU temperature (celsius): socket 0: 63 socket 1: 74[0m
EAR[556453](hratio_l30) at 2.60/1.47 in tcn366 MR[0] elapsed 13954 sec.: [32mLoop time: 1.108s DC Power: [35m509.2W[32m DRAM power: 0.00W PCK power: 430.22W
	avg. CPUFreq: 2.57GHz avg. IMCFreq: 1.47GHz
	CPI: 0.371 VPI: 0.00, Mem. bwidth: 0.10GB/s GFLOPS: 0.00 I/O: 0.01MB/s No MPI  
	TPI 0.01 Cache miss rates: L1 0.26GB/s L2 0.00GB/s L3 0.00GB/s
	Total MPI calls 3
	IO DATA: rchar 4612 wchar 8844 syscr 51 syscw 27 read_bytes 0 write_bytes 294912
	Process OS info: (pid 556453 state R utime 1093 stime 1 cutime 0 cstime 0 CPU usage 98)
	CPU temperature (celsius): socket 0: 63 socket 1: 74[0m
EAR[556453](hratio_l30) at 2.60/1.47 in tcn366 MR[0] elapsed 13965 sec.: [32mLoop time: 1.108s DC Power: [35m509.2W[32m DRAM power: 0.00W PCK power: 430.24W
	avg. CPUFreq: 2.57GHz avg. IMCFreq: 1.47GHz
	CPI: 0.371 VPI: 0.00, Mem. bwidth: 0.11GB/s GFLOPS: 0.00 I/O: 0.01MB/s No MPI  
	TPI 0.02 Cache miss rates: L1 0.26GB/s L2 0.00GB/s L3 0.00GB/s
	Total MPI calls 3
	IO DATA: rchar 4612 wchar 8844 syscr 51 syscw 27 read_bytes 0 write_bytes 303104
	Process OS info: (pid 556453 state R utime 1091 stime 0 cutime 0 cstime 0 CPU usage 98)
	CPU temperature (celsius): socket 0: 63 socket 1: 74[0m
EAR[556453](hratio_l30) at 2.60/1.47 in tcn366 MR[0] elapsed 13976 sec.: [32mLoop time: 1.108s DC Power: [35m458.2W[32m DRAM power: 0.00W PCK power: 430.18W
	avg. CPUFreq: 2.57GHz avg. IMCFreq: 1.47GHz
	CPI: 0.371 VPI: 0.00, Mem. bwidth: 0.11GB/s GFLOPS: 0.00 I/O: 0.01MB/s No MPI  
	TPI 0.02 Cache miss rates: L1 0.26GB/s L2 0.00GB/s L3 0.00GB/s
	Total MPI calls 3
	IO DATA: rchar 4612 wchar 8844 syscr 51 syscw 27 read_bytes 0 write_bytes 294912
	Process OS info: (pid 556453 state R utime 1092 stime 1 cutime 0 cstime 0 CPU usage 98)
	CPU temperature (celsius): socket 0: 63 socket 1: 74[0m
EAR[556453](hratio_l30) at 2.60/1.47 in tcn366 MR[0] elapsed 13987 sec.: [32mLoop time: 1.108s DC Power: [35m458.2W[32m DRAM power: 0.00W PCK power: 430.15W
	avg. CPUFreq: 2.57GHz avg. IMCFreq: 1.47GHz
	CPI: 0.371 VPI: 0.00, Mem. bwidth: 0.09GB/s GFLOPS: 0.00 I/O: 0.01MB/s No MPI  
	TPI 0.01 Cache miss rates: L1 0.26GB/s L2 0.00GB/s L3 0.00GB/s
	Total MPI calls 3
	IO DATA: rchar 4612 wchar 8844 syscr 51 syscw 27 read_bytes 0 write_bytes 434176
	Process OS info: (pid 556453 state R utime 1092 stime 1 cutime 0 cstime 0 CPU usage 98)
	CPU temperature (celsius): socket 0: 63 socket 1: 74[0m
EAR[556453](hratio_l30) at 2.60/1.47 in tcn366 MR[0] elapsed 13998 sec.: [32mLoop time: 1.108s DC Power: [35m509.0W[32m DRAM power: 0.00W PCK power: 430.21W
	avg. CPUFreq: 2.57GHz avg. IMCFreq: 1.47GHz
	CPI: 0.371 VPI: 0.00, Mem. bwidth: 0.10GB/s GFLOPS: 0.00 I/O: 0.01MB/s No MPI  
	TPI 0.01 Cache miss rates: L1 0.26GB/s L2 0.00GB/s L3 0.00GB/s
	Total MPI calls 3
	IO DATA: rchar 4612 wchar 8844 syscr 51 syscw 27 read_bytes 0 write_bytes 294912
	Process OS info: (pid 556453 state R utime 1092 stime 1 cutime 0 cstime 0 CPU usage 98)
	CPU temperature (celsius): socket 0: 63 socket 1: 74[0m
EAR[556453](hratio_l30) at 2.60/1.47 in tcn366 MR[0] elapsed 14010 sec.: [32mLoop time: 1.108s DC Power: [35m509.1W[32m DRAM power: 0.00W PCK power: 430.16W
	avg. CPUFreq: 2.57GHz avg. IMCFreq: 1.47GHz
	CPI: 0.371 VPI: 0.00, Mem. bwidth: 0.11GB/s GFLOPS: 0.00 I/O: 0.01MB/s No MPI  
	TPI 0.02 Cache miss rates: L1 0.26GB/s L2 0.00GB/s L3 0.00GB/s
	Total MPI calls 3
	IO DATA: rchar 4612 wchar 8844 syscr 51 syscw 27 read_bytes 0 write_bytes 405504
	Process OS info: (pid 556453 state R utime 1092 stime 1 cutime 0 cstime 0 CPU usage 98)
	CPU temperature (celsius): socket 0: 63 socket 1: 74[0m
EAR[556453](hratio_l30) at 2.60/1.47 in tcn366 MR[0] elapsed 14021 sec.: [32mLoop time: 1.108s DC Power: [35m458.2W[32m DRAM power: 0.00W PCK power: 430.22W
	avg. CPUFreq: 2.57GHz avg. IMCFreq: 1.47GHz
	CPI: 0.371 VPI: 0.00, Mem. bwidth: 0.12GB/s GFLOPS: 0.00 I/O: 0.01MB/s No MPI  
	TPI 0.02 Cache miss rates: L1 0.26GB/s L2 0.00GB/s L3 0.00GB/s
	Total MPI calls 3
	IO DATA: rchar 4612 wchar 8844 syscr 51 syscw 27 read_bytes 0 write_bytes 294912
	Process OS info: (pid 556453 state R utime 1091 stime 0 cutime 0 cstime 0 CPU usage 98)
	CPU temperature (celsius): socket 0: 63 socket 1: 74[0m
EAR[556453](hratio_l30) at 2.60/1.47 in tcn366 MR[0] elapsed 14032 sec.: [32mLoop time: 1.108s DC Power: [35m509.2W[32m DRAM power: 0.00W PCK power: 430.36W
	avg. CPUFreq: 2.57GHz avg. IMCFreq: 1.47GHz
	CPI: 0.371 VPI: 0.00, Mem. bwidth: 0.09GB/s GFLOPS: 0.00 I/O: 0.01MB/s No MPI  
	TPI 0.01 Cache miss rates: L1 0.25GB/s L2 0.00GB/s L3 0.00GB/s
	Total MPI calls 3
	IO DATA: rchar 4612 wchar 8844 syscr 51 syscw 27 read_bytes 0 write_bytes 319488
	Process OS info: (pid 556453 state R utime 1093 stime 1 cutime 0 cstime 0 CPU usage 98)
	CPU temperature (celsius): socket 0: 63 socket 1: 74[0m
EAR[556453](hratio_l30) at 2.60/1.47 in tcn366 MR[0] elapsed 14044 sec.: [32mLoop time: 1.109s DC Power: [35m508.8W[32m DRAM power: 0.00W PCK power: 430.21W
	avg. CPUFreq: 2.57GHz avg. IMCFreq: 1.47GHz
	CPI: 0.371 VPI: 0.00, Mem. bwidth: 0.09GB/s GFLOPS: 0.00 I/O: 0.01MB/s No MPI  
	TPI 0.01 Cache miss rates: L1 0.25GB/s L2 0.00GB/s L3 0.00GB/s
	Total MPI calls 3
	IO DATA: rchar 4612 wchar 8844 syscr 51 syscw 27 read_bytes 0 write_bytes 303104
	Process OS info: (pid 556453 state R utime 1094 stime 0 cutime 0 cstime 0 CPU usage 98)
	CPU temperature (celsius): socket 0: 63 socket 1: 74[0m
EAR[556453](hratio_l30) at 2.60/1.47 in tcn366 MR[0] elapsed 14055 sec.: [32mLoop time: 1.207s DC Power: [35m513.9W[32m DRAM power: 0.00W PCK power: 430.21W
	avg. CPUFreq: 2.57GHz avg. IMCFreq: 1.47GHz
	CPI: 0.371 VPI: 0.00, Mem. bwidth: 0.15GB/s GFLOPS: 0.00 I/O: 0.01MB/s No MPI  
	TPI 0.02 Cache miss rates: L1 0.26GB/s L2 0.00GB/s L3 0.00GB/s
	Total MPI calls 3
	IO DATA: rchar 4612 wchar 8844 syscr 51 syscw 27 read_bytes 0 write_bytes 299008
	Process OS info: (pid 556453 state R utime 1191 stime 1 cutime 0 cstime 0 CPU usage 98)
	CPU temperature (celsius): socket 0: 63 socket 1: 74[0m
EAR[556453](hratio_l30) at 2.60/1.47 in tcn366 MR[0] elapsed 14066 sec.: [32mLoop time: 1.107s DC Power: [35m510.0W[32m DRAM power: 0.00W PCK power: 430.35W
	avg. CPUFreq: 2.57GHz avg. IMCFreq: 1.47GHz
	CPI: 0.371 VPI: 0.00, Mem. bwidth: 0.11GB/s GFLOPS: 0.00 I/O: 0.01MB/s No MPI  
	TPI 0.02 Cache miss rates: L1 0.26GB/s L2 0.00GB/s L3 0.00GB/s
	Total MPI calls 3
	IO DATA: rchar 4612 wchar 8844 syscr 51 syscw 27 read_bytes 0 write_bytes 294912
	Process OS info: (pid 556453 state R utime 1093 stime 1 cutime 0 cstime 0 CPU usage 98)
	CPU temperature (celsius): socket 0: 63 socket 1: 74[0m
EAR[556453](hratio_l30) at 2.60/1.47 in tcn366 MR[0] elapsed 14077 sec.: [32mLoop time: 1.108s DC Power: [35m510.6W[32m DRAM power: 0.00W PCK power: 430.32W
	avg. CPUFreq: 2.57GHz avg. IMCFreq: 1.47GHz
	CPI: 0.371 VPI: 0.00, Mem. bwidth: 0.10GB/s GFLOPS: 0.00 I/O: 0.01MB/s No MPI  
	TPI 0.01 Cache miss rates: L1 0.26GB/s L2 0.00GB/s L3 0.00GB/s
	Total MPI calls 3
	IO DATA: rchar 4612 wchar 8844 syscr 51 syscw 27 read_bytes 0 write_bytes 294912
	Process OS info: (pid 556453 state R utime 1093 stime 0 cutime 0 cstime 0 CPU usage 98)
	CPU temperature (celsius): socket 0: 63 socket 1: 74[0m
EAR[556453](hratio_l30) at 2.60/1.47 in tcn366 MR[0] elapsed 14088 sec.: [32mLoop time: 1.108s DC Power: [35m510.9W[32m DRAM power: 0.00W PCK power: 430.31W
	avg. CPUFreq: 2.57GHz avg. IMCFreq: 1.47GHz
	CPI: 0.371 VPI: 0.00, Mem. bwidth: 0.10GB/s GFLOPS: 0.00 I/O: 0.01MB/s No MPI  
	TPI 0.01 Cache miss rates: L1 0.26GB/s L2 0.00GB/s L3 0.00GB/s
	Total MPI calls 3
	IO DATA: rchar 4612 wchar 8844 syscr 51 syscw 27 read_bytes 0 write_bytes 303104
	Process OS info: (pid 556453 state R utime 1094 stime 1 cutime 0 cstime 0 CPU usage 98)
	CPU temperature (celsius): socket 0: 63 socket 1: 74[0m
EAR[556453](hratio_l30) at 2.60/1.47 in tcn366 MR[0] elapsed 14099 sec.: [32mLoop time: 1.108s DC Power: [35m510.8W[32m DRAM power: 0.00W PCK power: 430.32W
	avg. CPUFreq: 2.57GHz avg. IMCFreq: 1.47GHz
	CPI: 0.371 VPI: 0.00, Mem. bwidth: 0.10GB/s GFLOPS: 0.00 I/O: 0.01MB/s No MPI  
	TPI 0.01 Cache miss rates: L1 0.25GB/s L2 0.00GB/s L3 0.00GB/s
	Total MPI calls 3
	IO DATA: rchar 4612 wchar 8844 syscr 51 syscw 27 read_bytes 0 write_bytes 299008
	Process OS info: (pid 556453 state R utime 1093 stime 1 cutime 0 cstime 0 CPU usage 98)
	CPU temperature (celsius): socket 0: 63 socket 1: 74[0m
EAR[556453](hratio_l30) at 2.60/1.47 in tcn366 MR[0] elapsed 14110 sec.: [32mLoop time: 1.108s DC Power: [35m459.0W[32m DRAM power: 0.00W PCK power: 430.28W
	avg. CPUFreq: 2.57GHz avg. IMCFreq: 1.47GHz
	CPI: 0.371 VPI: 0.00, Mem. bwidth: 0.11GB/s GFLOPS: 0.00 I/O: 0.01MB/s No MPI  
	TPI 0.02 Cache miss rates: L1 0.26GB/s L2 0.00GB/s L3 0.00GB/s
	Total MPI calls 3
	IO DATA: rchar 4612 wchar 8844 syscr 51 syscw 27 read_bytes 0 write_bytes 299008
	Process OS info: (pid 556453 state R utime 1093 stime 0 cutime 0 cstime 0 CPU usage 98)
	CPU temperature (celsius): socket 0: 63 socket 1: 74[0m
EAR[556453](hratio_l30) at 2.60/1.47 in tcn366 MR[0] elapsed 14121 sec.: [32mLoop time: 1.107s DC Power: [35m509.5W[32m DRAM power: 0.00W PCK power: 430.40W
	avg. CPUFreq: 2.57GHz avg. IMCFreq: 1.47GHz
	CPI: 0.371 VPI: 0.00, Mem. bwidth: 0.11GB/s GFLOPS: 0.00 I/O: 0.01MB/s No MPI  
	TPI 0.02 Cache miss rates: L1 0.26GB/s L2 0.00GB/s L3 0.00GB/s
	Total MPI calls 3
	IO DATA: rchar 4612 wchar 8844 syscr 51 syscw 27 read_bytes 0 write_bytes 294912
	Process OS info: (pid 556453 state R utime 1093 stime 1 cutime 0 cstime 0 CPU usage 98)
	CPU temperature (celsius): socket 0: 64 socket 1: 74[0m
EAR[556453](hratio_l30) at 2.60/1.47 in tcn366 MR[0] elapsed 14132 sec.: [32mLoop time: 1.107s DC Power: [35m509.3W[32m DRAM power: 0.00W PCK power: 430.26W
	avg. CPUFreq: 2.57GHz avg. IMCFreq: 1.47GHz
	CPI: 0.371 VPI: 0.00, Mem. bwidth: 0.09GB/s GFLOPS: 0.00 I/O: 0.01MB/s No MPI  
	TPI 0.01 Cache miss rates: L1 0.26GB/s L2 0.00GB/s L3 0.00GB/s
	Total MPI calls 3
	IO DATA: rchar 4612 wchar 8844 syscr 51 syscw 27 read_bytes 0 write_bytes 294912
	Process OS info: (pid 556453 state R utime 1093 stime 0 cutime 0 cstime 0 CPU usage 98)
	CPU temperature (celsius): socket 0: 63 socket 1: 74[0m
EAR[556453](hratio_l30) at 2.60/1.47 in tcn366 MR[0] elapsed 14143 sec.: [32mLoop time: 1.108s DC Power: [35m458.0W[32m DRAM power: 0.00W PCK power: 430.23W
	avg. CPUFreq: 2.57GHz avg. IMCFreq: 1.47GHz
	CPI: 0.371 VPI: 0.00, Mem. bwidth: 0.13GB/s GFLOPS: 0.00 I/O: 0.01MB/s No MPI  
	TPI 0.02 Cache miss rates: L1 0.26GB/s L2 0.00GB/s L3 0.00GB/s
	Total MPI calls 3
	IO DATA: rchar 4612 wchar 8844 syscr 51 syscw 27 read_bytes 0 write_bytes 294912
	Process OS info: (pid 556453 state R utime 1093 stime 1 cutime 0 cstime 0 CPU usage 98)
	CPU temperature (celsius): socket 0: 63 socket 1: 74[0m
EAR[556453](hratio_l30) at 2.60/1.47 in tcn366 MR[0] elapsed 14155 sec.: [32mLoop time: 1.108s DC Power: [35m509.1W[32m DRAM power: 0.00W PCK power: 430.36W
	avg. CPUFreq: 2.57GHz avg. IMCFreq: 1.47GHz
	CPI: 0.371 VPI: 0.00, Mem. bwidth: 0.10GB/s GFLOPS: 0.00 I/O: 0.01MB/s No MPI  
	TPI 0.02 Cache miss rates: L1 0.25GB/s L2 0.00GB/s L3 0.00GB/s
	Total MPI calls 3
	IO DATA: rchar 4612 wchar 8844 syscr 51 syscw 27 read_bytes 0 write_bytes 442368
	Process OS info: (pid 556453 state R utime 1094 stime 1 cutime 0 cstime 0 CPU usage 98)
	CPU temperature (celsius): socket 0: 63 socket 1: 74[0m
[34m[tcn366][0][INFO] [0mWarning: Estimated power 495.35 W (DC vs CPU+GPU 1.16)
[34m[tcn366][0][INFO] [0mScope APP master 1 elapsed 0.000000
---------------------------------- Application Summary [tcn366] ----------------------------------
--- App id: hratio_l30 / user id: ovaneck2 / account: vusei12999 / job.step: 14236852.0.556453 ---


(mpi_sig) Wall time: 14163.657 s, nominal freq.: 2.60 GHz, avg. freq: 2.57 GHz, avg imc freq: 1.47 GHz
          Avg. mpi_time/exec_time 51.2 %

          tasks: 128

          CPI/TPI: 0.429/0.022, GB/s: 0.132, GFLOPS: 0.000, IO: 0.014 (MB/s)
          DC/DRAM/PCK power: 471.108/0.000/406.462 (W) GFlops/Watts 0.000


--------------------------------------------------------------------------------------------------
[35/128]	Finalized MPI..
[44/128]	Finalized MPI..
[2/128]	Finalized MPI..
[63/128]	Finalized MPI..
[88/128]	Finalized MPI..
[97/128]	Finalized MPI..
[65/128]	Finalized MPI..
[123/128]	Finalized MPI..
[107/128]	Finalized MPI..
[104/128]	Finalized MPI..
[125/128]	Finalized MPI..
[86/128]	Finalized MPI..
[110/128]	Finalized MPI..
[13/128]	Finalized MPI..
[28/128]	Finalized MPI..
[116/128]	Finalized MPI..
[114/128]	Finalized MPI..
[92/128]	Finalized MPI..
[95/128]	Finalized MPI..
[112/128]	Finalized MPI..
[87/128]	Finalized MPI..
[103/128]	Finalized MPI..
[83/128]	Finalized MPI..
[81/128]	Finalized MPI..
[105/128]	Finalized MPI..
[127/128]	Finalized MPI..
[61/128]	Finalized MPI..
[79/128]	Finalized MPI..
[101/128]	Finalized MPI..
[98/128]	Finalized MPI..
[34/128]	Finalized MPI..
[41/128]	Finalized MPI..
[59/128]	Finalized MPI..
[19/128]	Finalized MPI..
[85/128]	Finalized MPI..
[113/128]	Finalized MPI..
[102/128]	Finalized MPI..
[90/128]	Finalized MPI..
[64/128]	Finalized MPI..
[76/128]	Finalized MPI..
[111/128]	Finalized MPI..
[36/128]	Finalized MPI..
[43/128]	Finalized MPI..
[115/128]	Finalized MPI..
[69/128]	Finalized MPI..
[6/128]	Finalized MPI..
[108/128]	Finalized MPI..
[4/128]	Finalized MPI..
[33/128]	Finalized MPI..
[1/128]	Finalized MPI..
[72/128]	Finalized MPI..
[49/128]	Finalized MPI..
[80/128]	Finalized MPI..
[66/128]	Finalized MPI..
[91/128]	Finalized MPI..
[68/128]	Finalized MPI..
[67/128]	Finalized MPI..
[124/128]	Finalized MPI..
[82/128]	Finalized MPI..
[126/128]	Finalized MPI..
[62/128]	Finalized MPI..
[50/128]	Finalized MPI..
[51/128]	Finalized MPI..
[9/128]	Finalized MPI..
[26/128]	Finalized MPI..
[27/128]	Finalized MPI..
[14/128]	Finalized MPI..
[53/128]	Finalized MPI..
[23/128]	Finalized MPI..
[99/128]	Finalized MPI..
[71/128]	Finalized MPI..
[93/128]	Finalized MPI..
[21/128]	Finalized MPI..
[48/128]	Finalized MPI..
[55/128]	Finalized MPI..
[96/128]	Finalized MPI..
[24/128]	Finalized MPI..
[75/128]	Finalized MPI..
[38/128]	Finalized MPI..
[42/128]	Finalized MPI..
[5/128]	Finalized MPI..
[54/128]	Finalized MPI..
[89/128]	Finalized MPI..
[121/128]	Finalized MPI..
[84/128]	Finalized MPI..
[122/128]	Finalized MPI..
[8/128]	Finalized MPI..
[118/128]	Finalized MPI..
[117/128]	Finalized MPI..
[106/128]	Finalized MPI..
[120/128]	Finalized MPI..
[17/128]	Finalized MPI..
[100/128]	Finalized MPI..
[73/128]	Finalized MPI..
[31/128]	Finalized MPI..
[77/128]	Finalized MPI..
[109/128]	Finalized MPI..
[10/128]	Finalized MPI..
[70/128]	Finalized MPI..
[11/128]	Finalized MPI..
[52/128]	Finalized MPI..
[7/128]	Finalized MPI..
[94/128]	Finalized MPI..
[15/128]	Finalized MPI..
[46/128]	Finalized MPI..
[74/128]	Finalized MPI..
[37/128]	Finalized MPI..
[39/128]	Finalized MPI..
[30/128]	Finalized MPI..
[22/128]	Finalized MPI..
[78/128]	Finalized MPI..
[40/128]	Finalized MPI..
[128/128]	Finalized MPI..
[119/128]	Finalized MPI..
[47/128]	Finalized MPI..
[57/128]	Finalized MPI..
[60/128]	Finalized MPI..
[58/128]	Finalized MPI..
[45/128]	Finalized MPI..
[25/128]	Finalized MPI..
[56/128]	Finalized MPI..
[20/128]	Finalized MPI..
[32/128]	Finalized MPI..
[18/128]	Finalized MPI..
[16/128]	Finalized MPI..
[29/128]	Finalized MPI..
[12/128]	Finalized MPI..
[3/128]	Finalized MPI..
