[EARL][tcn139][1633140] --- EARL INIT [PID: 1633140] [MASTER: 1] ---
[34m[tcn139][0][INFO] [0mK-medoids & roofline strategies not available. Loading default model for the classification
--- EARL loaded APIs ---
MGT_CPUFREQ: EARD
MGT_IMCFREQ: EARD
MGT_PRIO   : DUMMY
MET_CPUFREQ: EARD
MET_IMCFREQ: EARD
MET_ENERGY : EARD
MET_TEMP:    AMD17
MET_BWIDTH : EARD
MET_FLOPS  : PERF
MET_CPI    : PERF
MGT_GPU    : DUMMY
MET_GPU    : DUMMY
L1D: loaded (event PERF_L1D_MISS_LD) 
L2 : loaded (event L2_MISS_FROM_DC) (also in LBW)
L2 : loaded (event L2_MISS_FROM_PF1) (also in LBW)
L2 : loaded (event L2_MISS_FROM_PF2) (also in LBW)

------------------------
[20/128]	I'm online..
[21/128]	I'm online..
[33/128]	I'm online..
[37/128]	I'm online..
[43/128]	I'm online..
[48/128]	I'm online..
[56/128]	I'm online..
[72/128]	I'm online..
[77/128]	I'm online..
[80/128]	I'm online..
[92/128]	I'm online..
[99/128]	I'm online..
[100/128]	I'm online..
[2/128]	I'm online..
[4/128]	I'm online..
[7/128]	I'm online..
[13/128]	I'm online..
[19/128]	I'm online..
[28/128]	I'm online..
[38/128]	I'm online..
[39/128]	I'm online..
[45/128]	I'm online..
[58/128]	I'm online..
[59/128]	I'm online..
[62/128]	I'm online..
[63/128]	I'm online..
[66/128]	I'm online..
[71/128]	I'm online..
[73/128]	I'm online..
[75/128]	I'm online..
[91/128]	I'm online..
[101/128]	I'm online..
[102/128]	I'm online..
[106/128]	I'm online..
[107/128]	I'm online..
[118/128]	I'm online..
[121/128]	I'm online..
[122/128]	I'm online..
[3/128]	I'm online..
[83/128]	I'm online..
[27/128]	I'm online..
[117/128]	I'm online..
[51/128]	I'm online..
[82/128]	I'm online..
[87/128]	I'm online..
[84/128]	I'm online..
[78/128]	I'm online..
[52/128]	I'm online..
[32/128]	I'm online..
[113/128]	I'm online..
[64/128]	I'm online..
[70/128]	I'm online..
[116/128]	I'm online..
[18/128]	I'm online..
[44/128]	I'm online..
[81/128]	I'm online..
[114/128]	I'm online..
[115/128]	I'm online..
[124/128]	I'm online..
[128/128]	I'm online..
[67/128]	I'm online..
[5/128]	I'm online..
[79/128]	I'm online..
[61/128]	I'm online..
[97/128]	I'm online..
[31/128]	I'm online..
[29/128]	I'm online..
[104/128]	I'm online..
[68/128]	I'm online..
[110/128]	I'm online..
[26/128]	I'm online..
[126/128]	I'm online..
[22/128]	I'm online..
[65/128]	I'm online..
[120/128]	I'm online..
[42/128]	I'm online..
[53/128]	I'm online..
[10/128]	I'm online..
[127/128]	I'm online..
[94/128]	I'm online..
[125/128]	I'm online..
Mapping frequencies from 128 processes to 128 CPUs...
[86/128]	I'm online..
[103/128]	I'm online..
[90/128]	I'm online..
[69/128]	I'm online..
[6/128]	I'm online..
[12/128]	I'm online..
[50/128]	I'm online..
[108/128]	I'm online..
[35/128]	I'm online..
[36/128]	I'm online..
[88/128]	I'm online..
[49/128]	I'm online..
[9/128]	I'm online..
[30/128]	I'm online..
[119/128]	I'm online..
[55/128]	I'm online..
[112/128]	I'm online..
[41/128]	I'm online..
[23/128]	I'm online..
[123/128]	I'm online..
[57/128]	I'm online..
[40/128]	I'm online..
[109/128]	I'm online..
[14/128]	I'm online..
[46/128]	I'm online..
[96/128]	I'm online..
[111/128]	I'm online..
[76/128]	I'm online..
[60/128]	I'm online..
[54/128]	I'm online..
[89/128]	I'm online..
[8/128]	I'm online..
[17/128]	I'm online..
[47/128]	I'm online..
[16/128]	I'm online..
[24/128]	I'm online..
[25/128]	I'm online..
[74/128]	I'm online..
[85/128]	I'm online..
[95/128]	I'm online..
[15/128]	I'm online..
[98/128]	I'm online..
[105/128]	I'm online..
[34/128]	I'm online..
[93/128]	I'm online..
[11/128]	I'm online..
---------------- EAR 5.2 MPI enabled ----------------
                   App/user id: 'hratio_l30'/'ovaneck2'
    Node/job id/step_id/app_id: 'tcn139'/'17582750'/'0'/'1633140'
     P_STATE/frequency (turbo): 0/2600000 (0)
    Tasks/nodes/ppn/node_ratio: 128/1/128/1.000
             Policy (learning): monitoring (0)
Policy threshold/Perf accuracy: 0.00/10000000.00
   DynAIS levels/window/AVX512: 10/200/2
                      VAR path: /var/ear
           EAR privileged user: 0
                       EARL on: 1 
                  Max CPU freq: 2600000
-------------------------------------------------------
EAR initialized successfully.
[1/128]	I'm online..
[34m[tcn139][0][INFO] [0mWarning: Estimated power 247.15 W (DC vs CPU+GPU 1.00)
[34m[tcn139][0][INFO] [0mScope APP master 1 elapsed 0.000000
----------------------------------- Application Summary [tcn139] -----------------------------------
--- App id: hratio_l30 / user id: ovaneck2 / account: vusei12999 / job.step: 17582750.0.1633140 ---


(Appl. sign.) Wall time: 0.272 s, CPU util.: 4216 %, nominal freq.: 2.60 GHz, avg. freq: 2.57 GHz, avg imc freq: 1.47 GHz
              Avg. mpi_time/exec_time 0.0 %

              tasks: 128

              CPI/TPI: 0.394/289.551, GB/s: 4.805, GFLOPS: 0.000, IO: 9.166 (MB/s)
              DC/DRAM/PCK power: 247.152/0.000/247.152 (W) GFlops/Watts 0.000


----------------------------------------------------------------------------------------------------
[104/128]	Finalized MPI..
[87/128]	Finalized MPI..
[119/128]	Finalized MPI..
[67/128]	Finalized MPI..
[86/128]	Finalized MPI..
[97/128]	Finalized MPI..
[103/128]	Finalized MPI..
[40/128]	Finalized MPI..
[66/128]	Finalized MPI..
[34/128]	Finalized MPI..
[31/128]	Finalized MPI..
[75/128]	Finalized MPI..
[127/128]	Finalized MPI..
[59/128]	Finalized MPI..
[51/128]	Finalized MPI..
[95/128]	Finalized MPI..
[79/128]	Finalized MPI..
[82/128]	Finalized MPI..
[26/128]	Finalized MPI..
[53/128]	Finalized MPI..
[92/128]	Finalized MPI..
[125/128]	Finalized MPI..
[23/128]	Finalized MPI..
[126/128]	Finalized MPI..
[21/128]	Finalized MPI..
[65/128]	Finalized MPI..
[48/128]	Finalized MPI..
[39/128]	Finalized MPI..
[128/128]	Finalized MPI..
[116/128]	Finalized MPI..
[19/128]	Finalized MPI..
[1/128]	Finalized MPI..
[33/128]	Finalized MPI..
[112/128]	Finalized MPI..
[7/128]	Finalized MPI..
[85/128]	Finalized MPI..
[12/128]	Finalized MPI..
[62/128]	Finalized MPI..
[93/128]	Finalized MPI..
[14/128]	Finalized MPI..
[72/128]	Finalized MPI..
[74/128]	Finalized MPI..
[70/128]	Finalized MPI..
[106/128]	Finalized MPI..
[84/128]	Finalized MPI..
[88/128]	Finalized MPI..
[80/128]	Finalized MPI..
[58/128]	Finalized MPI..
[102/128]	Finalized MPI..
[124/128]	Finalized MPI..
[96/128]	Finalized MPI..
[45/128]	Finalized MPI..
[43/128]	Finalized MPI..
[109/128]	Finalized MPI..
[2/128]	Finalized MPI..
[89/128]	Finalized MPI..
[22/128]	Finalized MPI..
[57/128]	Finalized MPI..
[77/128]	Finalized MPI..
[91/128]	Finalized MPI..
[4/128]	Finalized MPI..
[28/128]	Finalized MPI..
[73/128]	Finalized MPI..
[110/128]	Finalized MPI..
[6/128]	Finalized MPI..
[117/128]	Finalized MPI..
[100/128]	Finalized MPI..
[44/128]	Finalized MPI..
[20/128]	Finalized MPI..
[3/128]	Finalized MPI..
[25/128]	Finalized MPI..
[120/128]	Finalized MPI..
[108/128]	Finalized MPI..
[83/128]	Finalized MPI..
[11/128]	Finalized MPI..
[18/128]	Finalized MPI..
[55/128]	Finalized MPI..
[9/128]	Finalized MPI..
[118/128]	Finalized MPI..
[101/128]	Finalized MPI..
[47/128]	Finalized MPI..
[94/128]	Finalized MPI..
[42/128]	Finalized MPI..
[68/128]	Finalized MPI..
[78/128]	Finalized MPI..
[46/128]	Finalized MPI..
[99/128]	Finalized MPI..
[30/128]	Finalized MPI..
[81/128]	Finalized MPI..
[107/128]	Finalized MPI..
[71/128]	Finalized MPI..
[49/128]	Finalized MPI..
[114/128]	Finalized MPI..
[105/128]	Finalized MPI..
[24/128]	Finalized MPI..
[113/128]	Finalized MPI..
[69/128]	Finalized MPI..
[90/128]	Finalized MPI..
[56/128]	Finalized MPI..
[76/128]	Finalized MPI..
[115/128]	Finalized MPI..
[64/128]	Finalized MPI..
[38/128]	Finalized MPI..
[98/128]	Finalized MPI..
[29/128]	Finalized MPI..
[27/128]	Finalized MPI..
[17/128]	Finalized MPI..
[41/128]	Finalized MPI..
[61/128]	Finalized MPI..
[35/128]	Finalized MPI..
[36/128]	Finalized MPI..
[37/128]	Finalized MPI..
[5/128]	Finalized MPI..
[15/128]	Finalized MPI..
[32/128]	Finalized MPI..
[121/128]	Finalized MPI..
[13/128]	Finalized MPI..
[123/128]	Finalized MPI..
[111/128]	Finalized MPI..
[122/128]	Finalized MPI..
[54/128]	Finalized MPI..
[60/128]	Finalized MPI..
[10/128]	Finalized MPI..
[50/128]	Finalized MPI..
[52/128]	Finalized MPI..
[63/128]	Finalized MPI..
[16/128]	Finalized MPI..
[8/128]	Finalized MPI..
[EARL][tcn139][1635365] --- EARL INIT [PID: 1635365] [MASTER: 1] ---
[34m[tcn139][0][INFO] [0mK-medoids & roofline strategies not available. Loading default model for the classification
--- EARL loaded APIs ---
MGT_CPUFREQ: EARD
MGT_IMCFREQ: EARD
MGT_PRIO   : DUMMY
MET_CPUFREQ: EARD
MET_IMCFREQ: EARD
MET_ENERGY : EARD
MET_TEMP:    AMD17
MET_BWIDTH : EARD
MET_FLOPS  : PERF
MET_CPI    : PERF
MGT_GPU    : DUMMY
MET_GPU    : DUMMY
L1D: loaded (event PERF_L1D_MISS_LD) 
L2 : loaded (event L2_MISS_FROM_DC) (also in LBW)
L2 : loaded (event L2_MISS_FROM_PF1) (also in LBW)
L2 : loaded (event L2_MISS_FROM_PF2) (also in LBW)

------------------------
Mapping frequencies from 128 processes to 128 CPUs...
[58/128]	I'm online..
[2/128]	I'm online..
[17/128]	I'm online..
[18/128]	I'm online..
[20/128]	I'm online..
[34/128]	I'm online..
[46/128]	I'm online..
[49/128]	I'm online..
[51/128]	I'm online..
[54/128]	I'm online..
[55/128]	I'm online..
[59/128]	I'm online..
[60/128]	I'm online..
[65/128]	I'm online..
[69/128]	I'm online..
[78/128]	I'm online..
[87/128]	I'm online..
[89/128]	I'm online..
[90/128]	I'm online..
[91/128]	I'm online..
[100/128]	I'm online..
[101/128]	I'm online..
[107/128]	I'm online..
[110/128]	I'm online..
[111/128]	I'm online..
[113/128]	I'm online..
[127/128]	I'm online..
[32/128]	I'm online..
[63/128]	I'm online..
[79/128]	I'm online..
[102/128]	I'm online..
[8/128]	I'm online..
[99/128]	I'm online..
[115/128]	I'm online..
[82/128]	I'm online..
[62/128]	I'm online..
[19/128]	I'm online..
[96/128]	I'm online..
[83/128]	I'm online..
[29/128]	I'm online..
[67/128]	I'm online..
[86/128]	I'm online..
[104/128]	I'm online..
[53/128]	I'm online..
[84/128]	I'm online..
[123/128]	I'm online..
[74/128]	I'm online..
[14/128]	I'm online..
[81/128]	I'm online..
[9/128]	I'm online..
[70/128]	I'm online..
[124/128]	I'm online..
[15/128]	I'm online..
[30/128]	I'm online..
[36/128]	I'm online..
[39/128]	I'm online..
[117/128]	I'm online..
[116/128]	I'm online..
[126/128]	I'm online..
[103/128]	I'm online..
[57/128]	I'm online..
[109/128]	I'm online..
[7/128]	I'm online..
[120/128]	I'm online..
[48/128]	I'm online..
[76/128]	I'm online..
[112/128]	I'm online..
[42/128]	I'm online..
[80/128]	I'm online..
[106/128]	I'm online..
[52/128]	I'm online..
[44/128]	I'm online..
[122/128]	I'm online..
[13/128]	I'm online..
[66/128]	I'm online..
[4/128]	I'm online..
[97/128]	I'm online..
[92/128]	I'm online..
[12/128]	I'm online..
[25/128]	I'm online..
[75/128]	I'm online..
[72/128]	I'm online..
[93/128]	I'm online..
[31/128]	I'm online..
[43/128]	I'm online..
[50/128]	I'm online..
[10/128]	I'm online..
[41/128]	I'm online..
[125/128]	I'm online..
[3/128]	I'm online..
[47/128]	I'm online..
[71/128]	I'm online..
[85/128]	I'm online..
[16/128]	I'm online..
[27/128]	I'm online..
[119/128]	I'm online..
[108/128]	I'm online..
[35/128]	I'm online..
[45/128]	I'm online..
[94/128]	I'm online..
[118/128]	I'm online..
[105/128]	I'm online..
[28/128]	I'm online..
[40/128]	I'm online..
[21/128]	I'm online..
[61/128]	I'm online..
[6/128]	I'm online..
[56/128]	I'm online..
[128/128]	I'm online..
[88/128]	I'm online..
[37/128]	I'm online..
[114/128]	I'm online..
[24/128]	I'm online..
[26/128]	I'm online..
[23/128]	I'm online..
[77/128]	I'm online..
[121/128]	I'm online..
[11/128]	I'm online..
[68/128]	I'm online..
[95/128]	I'm online..
[98/128]	I'm online..
[5/128]	I'm online..
[38/128]	I'm online..
[64/128]	I'm online..
[22/128]	I'm online..
[33/128]	I'm online..
[73/128]	I'm online..
---------------- EAR 5.2 MPI enabled ----------------
                   App/user id: 'hratio_l30'/'ovaneck2'
    Node/job id/step_id/app_id: 'tcn139'/'17582750'/'1'/'1635365'
     P_STATE/frequency (turbo): 0/2600000 (0)
    Tasks/nodes/ppn/node_ratio: 128/1/128/1.000
             Policy (learning): monitoring (0)
Policy threshold/Perf accuracy: 0.00/10000000.00
   DynAIS levels/window/AVX512: 10/200/2
                      VAR path: /var/ear
           EAR privileged user: 0
                       EARL on: 1 
                  Max CPU freq: 2600000
-------------------------------------------------------
EAR initialized successfully.
[1/128]	I'm online..
[34m[tcn139][0][INFO] [0mWarning: Estimated power 231.29 W (DC vs CPU+GPU 1.00)
[34m[tcn139][0][INFO] [0mScope APP master 1 elapsed 0.000000
----------------------------------- Application Summary [tcn139] -----------------------------------
--- App id: hratio_l30 / user id: ovaneck2 / account: vusei12999 / job.step: 17582750.1.1635365 ---


(Appl. sign.) Wall time: 0.259 s, CPU util.: 3528 %, nominal freq.: 2.60 GHz, avg. freq: 2.57 GHz, avg imc freq: 1.47 GHz
              Avg. mpi_time/exec_time 0.0 %

              tasks: 128

              CPI/TPI: 0.407/313.501, GB/s: 4.824, GFLOPS: 0.000, IO: 9.567 (MB/s)
              DC/DRAM/PCK power: 231.287/0.000/231.287 (W) GFlops/Watts 0.000


----------------------------------------------------------------------------------------------------
[42/128]	Finalized MPI..
[14/128]	Finalized MPI..
[111/128]	Finalized MPI..
[4/128]	Finalized MPI..
[96/128]	Finalized MPI..
[93/128]	Finalized MPI..
[80/128]	Finalized MPI..
[89/128]	Finalized MPI..
[91/128]	Finalized MPI..
[121/128]	Finalized MPI..
[124/128]	Finalized MPI..
[43/128]	Finalized MPI..
[22/128]	Finalized MPI..
[18/128]	Finalized MPI..
[68/128]	Finalized MPI..
[114/128]	Finalized MPI..
[45/128]	Finalized MPI..
[72/128]	Finalized MPI..
[107/128]	Finalized MPI..
[108/128]	Finalized MPI..
[77/128]	Finalized MPI..
[53/128]	Finalized MPI..
[125/128]	Finalized MPI..
[20/128]	Finalized MPI..
[117/128]	Finalized MPI..
[47/128]	Finalized MPI..
[31/128]	Finalized MPI..
[27/128]	Finalized MPI..
[60/128]	Finalized MPI..
[88/128]	Finalized MPI..
[112/128]	Finalized MPI..
[57/128]	Finalized MPI..
[94/128]	Finalized MPI..
[123/128]	Finalized MPI..
[109/128]	Finalized MPI..
[15/128]	Finalized MPI..
[86/128]	Finalized MPI..
[106/128]	Finalized MPI..
[113/128]	Finalized MPI..
[29/128]	Finalized MPI..
[11/128]	Finalized MPI..
[16/128]	Finalized MPI..
[26/128]	Finalized MPI..
[128/128]	Finalized MPI..
[102/128]	Finalized MPI..
[61/128]	Finalized MPI..
[75/128]	Finalized MPI..
[76/128]	Finalized MPI..
[103/128]	Finalized MPI..
[40/128]	Finalized MPI..
[6/128]	Finalized MPI..
[59/128]	Finalized MPI..
[71/128]	Finalized MPI..
[66/128]	Finalized MPI..
[69/128]	Finalized MPI..
[85/128]	Finalized MPI..
[78/128]	Finalized MPI..
[70/128]	Finalized MPI..
[110/128]	Finalized MPI..
[34/128]	Finalized MPI..
[74/128]	Finalized MPI..
[95/128]	Finalized MPI..
[116/128]	Finalized MPI..
[67/128]	Finalized MPI..
[50/128]	Finalized MPI..
[33/128]	Finalized MPI..
[54/128]	Finalized MPI..
[44/128]	Finalized MPI..
[52/128]	Finalized MPI..
[30/128]	Finalized MPI..
[28/128]	Finalized MPI..
[81/128]	Finalized MPI..
[51/128]	Finalized MPI..
[49/128]	Finalized MPI..
[62/128]	Finalized MPI..
[63/128]	Finalized MPI..
[79/128]	Finalized MPI..
[115/128]	Finalized MPI..
[73/128]	Finalized MPI..
[99/128]	Finalized MPI..
[100/128]	Finalized MPI..
[64/128]	Finalized MPI..
[84/128]	Finalized MPI..
[8/128]	Finalized MPI..
[41/128]	Finalized MPI..
[5/128]	Finalized MPI..
[32/128]	Finalized MPI..
[82/128]	Finalized MPI..
[1/128]	Finalized MPI..
[90/128]	Finalized MPI..
[126/128]	Finalized MPI..
[58/128]	Finalized MPI..
[127/128]	Finalized MPI..
[104/128]	Finalized MPI..
[101/128]	Finalized MPI..
[87/128]	Finalized MPI..
[38/128]	Finalized MPI..
[105/128]	Finalized MPI..
[56/128]	Finalized MPI..
[2/128]	Finalized MPI..
[12/128]	Finalized MPI..
[17/128]	Finalized MPI..
[120/128]	Finalized MPI..
[118/128]	Finalized MPI..
[92/128]	Finalized MPI..
[36/128]	Finalized MPI..
[3/128]	Finalized MPI..
[9/128]	Finalized MPI..
[119/128]	Finalized MPI..
[65/128]	Finalized MPI..
[39/128]	Finalized MPI..
[37/128]	Finalized MPI..
[23/128]	Finalized MPI..
[98/128]	Finalized MPI..
[122/128]	Finalized MPI..
[83/128]	Finalized MPI..
[35/128]	Finalized MPI..
[97/128]	Finalized MPI..
[13/128]	Finalized MPI..
[46/128]	Finalized MPI..
[48/128]	Finalized MPI..
[25/128]	Finalized MPI..
[21/128]	Finalized MPI..
[24/128]	Finalized MPI..
[7/128]	Finalized MPI..
[19/128]	Finalized MPI..
[55/128]	Finalized MPI..
[10/128]	Finalized MPI..
[EARL][tcn139][1637615] --- EARL INIT [PID: 1637615] [MASTER: 1] ---
[34m[tcn139][0][INFO] [0mK-medoids & roofline strategies not available. Loading default model for the classification
--- EARL loaded APIs ---
MGT_CPUFREQ: EARD
MGT_IMCFREQ: EARD
MGT_PRIO   : DUMMY
MET_CPUFREQ: EARD
MET_IMCFREQ: EARD
MET_ENERGY : EARD
MET_TEMP:    AMD17
MET_BWIDTH : EARD
MET_FLOPS  : PERF
MET_CPI    : PERF
MGT_GPU    : DUMMY
MET_GPU    : DUMMY
L1D: loaded (event PERF_L1D_MISS_LD) 
L2 : loaded (event L2_MISS_FROM_DC) (also in LBW)
L2 : loaded (event L2_MISS_FROM_PF1) (also in LBW)
L2 : loaded (event L2_MISS_FROM_PF2) (also in LBW)

------------------------
[46/128]	I'm online..
[53/128]	I'm online..
[65/128]	I'm online..
[66/128]	I'm online..
[70/128]	I'm online..
[77/128]	I'm online..
[82/128]	I'm online..
[84/128]	I'm online..
[91/128]	I'm online..
[96/128]	I'm online..
[104/128]	I'm online..
[111/128]	I'm online..
[112/128]	I'm online..
[123/128]	I'm online..
[126/128]	I'm online..
[6/128]	I'm online..
[9/128]	I'm online..
[18/128]	I'm online..
[24/128]	I'm online..
[29/128]	I'm online..
[32/128]	I'm online..
[39/128]	I'm online..
[57/128]	I'm online..
[62/128]	I'm online..
[71/128]	I'm online..
[75/128]	I'm online..
[78/128]	I'm online..
[88/128]	I'm online..
[99/128]	I'm online..
[110/128]	I'm online..
[116/128]	I'm online..
[118/128]	I'm online..
[119/128]	I'm online..
[83/128]	I'm online..
[114/128]	I'm online..
[58/128]	I'm online..
[90/128]	I'm online..
Mapping frequencies from 128 processes to 128 CPUs...
[115/128]	I'm online..
[61/128]	I'm online..
[31/128]	I'm online..
[92/128]	I'm online..
[103/128]	I'm online..
[100/128]	I'm online..
[80/128]	I'm online..
[93/128]	I'm online..
[109/128]	I'm online..
[102/128]	I'm online..
[47/128]	I'm online..
[23/128]	I'm online..
[36/128]	I'm online..
[49/128]	I'm online..
[50/128]	I'm online..
[76/128]	I'm online..
[14/128]	I'm online..
[67/128]	I'm online..
[125/128]	I'm online..
[51/128]	I'm online..
[117/128]	I'm online..
[60/128]	I'm online..
[10/128]	I'm online..
[25/128]	I'm online..
[54/128]	I'm online..
[97/128]	I'm online..
[35/128]	I'm online..
[79/128]	I'm online..
[128/128]	I'm online..
[43/128]	I'm online..
[107/128]	I'm online..
[19/128]	I'm online..
[121/128]	I'm online..
[52/128]	I'm online..
[95/128]	I'm online..
[98/128]	I'm online..
[113/128]	I'm online..
[87/128]	I'm online..
[122/128]	I'm online..
[44/128]	I'm online..
[105/128]	I'm online..
[108/128]	I'm online..
[59/128]	I'm online..
[33/128]	I'm online..
[48/128]	I'm online..
[37/128]	I'm online..
[124/128]	I'm online..
[15/128]	I'm online..
[22/128]	I'm online..
[26/128]	I'm online..
[20/128]	I'm online..
[40/128]	I'm online..
[69/128]	I'm online..
[81/128]	I'm online..
[13/128]	I'm online..
[42/128]	I'm online..
[74/128]	I'm online..
[30/128]	I'm online..
[64/128]	I'm online..
[89/128]	I'm online..
[94/128]	I'm online..
[106/128]	I'm online..
[72/128]	I'm online..
[45/128]	I'm online..
[12/128]	I'm online..
[34/128]	I'm online..
[56/128]	I'm online..
[27/128]	I'm online..
[101/128]	I'm online..
[8/128]	I'm online..
[16/128]	I'm online..
[63/128]	I'm online..
[73/128]	I'm online..
[11/128]	I'm online..
[68/128]	I'm online..
[4/128]	I'm online..
[28/128]	I'm online..
[2/128]	I'm online..
[38/128]	I'm online..
[55/128]	I'm online..
[5/128]	I'm online..
[7/128]	I'm online..
[41/128]	I'm online..
[127/128]	I'm online..
[17/128]	I'm online..
[86/128]	I'm online..
[85/128]	I'm online..
[120/128]	I'm online..
[21/128]	I'm online..
[3/128]	I'm online..
---------------- EAR 5.2 MPI enabled ----------------
                   App/user id: 'hratio_l30'/'ovaneck2'
    Node/job id/step_id/app_id: 'tcn139'/'17582750'/'2'/'1637615'
     P_STATE/frequency (turbo): 0/2600000 (0)
    Tasks/nodes/ppn/node_ratio: 128/1/128/1.000
             Policy (learning): monitoring (0)
Policy threshold/Perf accuracy: 0.00/10000000.00
   DynAIS levels/window/AVX512: 10/200/2
                      VAR path: /var/ear
           EAR privileged user: 0
                       EARL on: 1 
                  Max CPU freq: 2600000
-------------------------------------------------------
EAR initialized successfully.
[1/128]	I'm online..
[34m[tcn139][0][INFO] [0mScope APP master 1 elapsed 0.000000
----------------------------------- Application Summary [tcn139] -----------------------------------
--- App id: hratio_l30 / user id: ovaneck2 / account: vusei12999 / job.step: 17582750.2.1637615 ---


(Appl. sign.) Wall time: 2.400 s, CPU util.: 5496 %, nominal freq.: 2.60 GHz, avg. freq: 2.57 GHz, avg imc freq: 1.47 GHz
              Avg. mpi_time/exec_time 0.0 %

              tasks: 128

              CPI/TPI: 0.382/705.896, GB/s: 4.211, GFLOPS: 0.000, IO: 16.188 (MB/s)
              DC/DRAM/PCK power: 144.584/0.000/237.179 (W) GFlops/Watts 0.000


----------------------------------------------------------------------------------------------------
[72/128]	Finalized MPI..
[104/128]	Finalized MPI..
[81/128]	Finalized MPI..
[107/128]	Finalized MPI..
[30/128]	Finalized MPI..
[75/128]	Finalized MPI..
[3/128]	Finalized MPI..
[69/128]	Finalized MPI..
[102/128]	Finalized MPI..
[36/128]	Finalized MPI..
[54/128]	Finalized MPI..
[73/128]	Finalized MPI..
[90/128]	Finalized MPI..
[89/128]	Finalized MPI..
[108/128]	Finalized MPI..
[11/128]	Finalized MPI..
[27/128]	Finalized MPI..
[111/128]	Finalized MPI..
[121/128]	Finalized MPI..
[119/128]	Finalized MPI..
[35/128]	Finalized MPI..
[66/128]	Finalized MPI..
[44/128]	Finalized MPI..
[60/128]	Finalized MPI..
[77/128]	Finalized MPI..
[47/128]	Finalized MPI..
[78/128]	Finalized MPI..
[21/128]	Finalized MPI..
[68/128]	Finalized MPI..
[125/128]	Finalized MPI..
[94/128]	Finalized MPI..
[126/128]	Finalized MPI..
[128/128]	Finalized MPI..
[13/128]	Finalized MPI..
[63/128]	Finalized MPI..
[45/128]	Finalized MPI..
[115/128]	Finalized MPI..
[22/128]	Finalized MPI..
[31/128]	Finalized MPI..
[76/128]	Finalized MPI..
[98/128]	Finalized MPI..
[95/128]	Finalized MPI..
[67/128]	Finalized MPI..
[116/128]	Finalized MPI..
[64/128]	Finalized MPI..
[46/128]	Finalized MPI..
[91/128]	Finalized MPI..
[88/128]	Finalized MPI..
[74/128]	Finalized MPI..
[56/128]	Finalized MPI..
[5/128]	Finalized MPI..
[127/128]	Finalized MPI..
[96/128]	Finalized MPI..
[32/128]	Finalized MPI..
[20/128]	Finalized MPI..
[49/128]	Finalized MPI..
[105/128]	Finalized MPI..
[106/128]	Finalized MPI..
[110/128]	Finalized MPI..
[43/128]	Finalized MPI..
[123/128]	Finalized MPI..
[87/128]	Finalized MPI..
[92/128]	Finalized MPI..
[86/128]	Finalized MPI..
[17/128]	Finalized MPI..
[39/128]	Finalized MPI..
[80/128]	Finalized MPI..
[97/128]	Finalized MPI..
[70/128]	Finalized MPI..
[93/128]	Finalized MPI..
[19/128]	Finalized MPI..
[113/128]	Finalized MPI..
[34/128]	Finalized MPI..
[51/128]	Finalized MPI..
[41/128]	Finalized MPI..
[62/128]	Finalized MPI..
[8/128]	Finalized MPI..
[71/128]	Finalized MPI..
[15/128]	Finalized MPI..
[33/128]	Finalized MPI..
[16/128]	Finalized MPI..
[6/128]	Finalized MPI..
[57/128]	Finalized MPI..
[100/128]	Finalized MPI..
[103/128]	Finalized MPI..
[53/128]	Finalized MPI..
[114/128]	Finalized MPI..
[112/128]	Finalized MPI..
[84/128]	Finalized MPI..
[38/128]	Finalized MPI..
[52/128]	Finalized MPI..
[118/128]	Finalized MPI..
[124/128]	Finalized MPI..
[117/128]	Finalized MPI..
[58/128]	Finalized MPI..
[18/128]	Finalized MPI..
[99/128]	Finalized MPI..
[23/128]	Finalized MPI..
[65/128]	Finalized MPI..
[82/128]	Finalized MPI..
[122/128]	Finalized MPI..
[37/128]	Finalized MPI..
[79/128]	Finalized MPI..
[50/128]	Finalized MPI..
[24/128]	Finalized MPI..
[25/128]	Finalized MPI..
[1/128]	Finalized MPI..
[109/128]	Finalized MPI..
[9/128]	Finalized MPI..
[12/128]	Finalized MPI..
[14/128]	Finalized MPI..
[55/128]	Finalized MPI..
[42/128]	Finalized MPI..
[61/128]	Finalized MPI..
[85/128]	Finalized MPI..
[29/128]	Finalized MPI..
[40/128]	Finalized MPI..
[59/128]	Finalized MPI..
[120/128]	Finalized MPI..
[48/128]	Finalized MPI..
[83/128]	Finalized MPI..
[2/128]	Finalized MPI..
[101/128]	Finalized MPI..
[4/128]	Finalized MPI..
[28/128]	Finalized MPI..
[10/128]	Finalized MPI..
[7/128]	Finalized MPI..
[26/128]	Finalized MPI..
[EARL][tcn139][1639831] --- EARL INIT [PID: 1639831] [MASTER: 1] ---
[34m[tcn139][0][INFO] [0mK-medoids & roofline strategies not available. Loading default model for the classification
--- EARL loaded APIs ---
MGT_CPUFREQ: EARD
MGT_IMCFREQ: EARD
MGT_PRIO   : DUMMY
MET_CPUFREQ: EARD
MET_IMCFREQ: EARD
MET_ENERGY : EARD
MET_TEMP:    AMD17
MET_BWIDTH : EARD
MET_FLOPS  : PERF
MET_CPI    : PERF
MGT_GPU    : DUMMY
MET_GPU    : DUMMY
L1D: loaded (event PERF_L1D_MISS_LD) 
L2 : loaded (event L2_MISS_FROM_DC) (also in LBW)
L2 : loaded (event L2_MISS_FROM_PF1) (also in LBW)
L2 : loaded (event L2_MISS_FROM_PF2) (also in LBW)

------------------------
[7/128]	I'm online..
[22/128]	I'm online..
[23/128]	I'm online..
[24/128]	I'm online..
[34/128]	I'm online..
[35/128]	I'm online..
[36/128]	I'm online..
[41/128]	I'm online..
[52/128]	I'm online..
[54/128]	I'm online..
[65/128]	I'm online..
[67/128]	I'm online..
[68/128]	I'm online..
[71/128]	I'm online..
[78/128]	I'm online..
[79/128]	I'm online..
[108/128]	I'm online..
[110/128]	I'm online..
Mapping frequencies from 128 processes to 128 CPUs...
[6/128]	I'm online..
[14/128]	I'm online..
[19/128]	I'm online..
[30/128]	I'm online..
[32/128]	I'm online..
[38/128]	I'm online..
[39/128]	I'm online..
[84/128]	I'm online..
[86/128]	I'm online..
[87/128]	I'm online..
[93/128]	I'm online..
[98/128]	I'm online..
[107/128]	I'm online..
[111/128]	I'm online..
[122/128]	I'm online..
[124/128]	I'm online..
[127/128]	I'm online..
[128/128]	I'm online..
[40/128]	I'm online..
[101/128]	I'm online..
[95/128]	I'm online..
[8/128]	I'm online..
[94/128]	I'm online..
[15/128]	I'm online..
[16/128]	I'm online..
[109/128]	I'm online..
[69/128]	I'm online..
[77/128]	I'm online..
[104/128]	I'm online..
[70/128]	I'm online..
[81/128]	I'm online..
[97/128]	I'm online..
[27/128]	I'm online..
[82/128]	I'm online..
[114/128]	I'm online..
[72/128]	I'm online..
[121/128]	I'm online..
[5/128]	I'm online..
[80/128]	I'm online..
[66/128]	I'm online..
[61/128]	I'm online..
[44/128]	I'm online..
[53/128]	I'm online..
[99/128]	I'm online..
[117/128]	I'm online..
[115/128]	I'm online..
[85/128]	I'm online..
[12/128]	I'm online..
[48/128]	I'm online..
[73/128]	I'm online..
[116/128]	I'm online..
[29/128]	I'm online..
[89/128]	I'm online..
[45/128]	I'm online..
[118/128]	I'm online..
[31/128]	I'm online..
[75/128]	I'm online..
[57/128]	I'm online..
[42/128]	I'm online..
[46/128]	I'm online..
[91/128]	I'm online..
[92/128]	I'm online..
[105/128]	I'm online..
[28/128]	I'm online..
[51/128]	I'm online..
[56/128]	I'm online..
[119/128]	I'm online..
[9/128]	I'm online..
[37/128]	I'm online..
[17/128]	I'm online..
[83/128]	I'm online..
[100/128]	I'm online..
[47/128]	I'm online..
[113/128]	I'm online..
[58/128]	I'm online..
[49/128]	I'm online..
[103/128]	I'm online..
[43/128]	I'm online..
[106/128]	I'm online..
[11/128]	I'm online..
[74/128]	I'm online..
[126/128]	I'm online..
[88/128]	I'm online..
[3/128]	I'm online..
[76/128]	I'm online..
[50/128]	I'm online..
[123/128]	I'm online..
[21/128]	I'm online..
[60/128]	I'm online..
[96/128]	I'm online..
[25/128]	I'm online..
[2/128]	I'm online..
[26/128]	I'm online..
[55/128]	I'm online..
[33/128]	I'm online..
[112/128]	I'm online..
[125/128]	I'm online..
[10/128]	I'm online..
[4/128]	I'm online..
[20/128]	I'm online..
[59/128]	I'm online..
[13/128]	I'm online..
[120/128]	I'm online..
[102/128]	I'm online..
[63/128]	I'm online..
[64/128]	I'm online..
[18/128]	I'm online..
[90/128]	I'm online..
[62/128]	I'm online..
---------------- EAR 5.2 MPI enabled ----------------
                   App/user id: 'hratio_l30'/'ovaneck2'
    Node/job id/step_id/app_id: 'tcn139'/'17582750'/'3'/'1639831'
     P_STATE/frequency (turbo): 0/2600000 (0)
    Tasks/nodes/ppn/node_ratio: 128/1/128/1.000
             Policy (learning): monitoring (0)
Policy threshold/Perf accuracy: 0.00/10000000.00
   DynAIS levels/window/AVX512: 10/200/2
                      VAR path: /var/ear
           EAR privileged user: 0
                       EARL on: 1 
                  Max CPU freq: 2600000
-------------------------------------------------------
EAR initialized successfully.
[1/128]	I'm online..
[34m[tcn139][0][INFO] [0mWarning: Estimated power 235.76 W (DC vs CPU+GPU 1.00)
[34m[tcn139][0][INFO] [0mScope APP master 1 elapsed 0.000000
----------------------------------- Application Summary [tcn139] -----------------------------------
--- App id: hratio_l30 / user id: ovaneck2 / account: vusei12999 / job.step: 17582750.3.1639831 ---


(Appl. sign.) Wall time: 0.264 s, CPU util.: 3522 %, nominal freq.: 2.60 GHz, avg. freq: 2.57 GHz, avg imc freq: 1.47 GHz
              Avg. mpi_time/exec_time 0.0 %

              tasks: 128

              CPI/TPI: 0.394/267.509, GB/s: 4.683, GFLOPS: 0.000, IO: 9.280 (MB/s)
              DC/DRAM/PCK power: 235.758/0.000/235.760 (W) GFlops/Watts 0.000


----------------------------------------------------------------------------------------------------
[7/128]	Finalized MPI..
[50/128]	Finalized MPI..
[91/128]	Finalized MPI..
[59/128]	Finalized MPI..
[115/128]	Finalized MPI..
[120/128]	Finalized MPI..
[2/128]	Finalized MPI..
[85/128]	Finalized MPI..
[4/128]	Finalized MPI..
[3/128]	Finalized MPI..
[118/128]	Finalized MPI..
[89/128]	Finalized MPI..
[107/128]	Finalized MPI..
[37/128]	Finalized MPI..
[8/128]	Finalized MPI..
[116/128]	Finalized MPI..
[93/128]	Finalized MPI..
[71/128]	Finalized MPI..
[87/128]	Finalized MPI..
[82/128]	Finalized MPI..
[81/128]	Finalized MPI..
[26/128]	Finalized MPI..
[63/128]	Finalized MPI..
[45/128]	Finalized MPI..
[41/128]	Finalized MPI..
[18/128]	Finalized MPI..
[33/128]	Finalized MPI..
[49/128]	Finalized MPI..
[32/128]	Finalized MPI..
[31/128]	Finalized MPI..
[30/128]	Finalized MPI..
[1/128]	Finalized MPI..
[44/128]	Finalized MPI..
[80/128]	Finalized MPI..
[62/128]	Finalized MPI..
[101/128]	Finalized MPI..
[117/128]	Finalized MPI..
[65/128]	Finalized MPI..
[92/128]	Finalized MPI..
[34/128]	Finalized MPI..
[75/128]	Finalized MPI..
[123/128]	Finalized MPI..
[74/128]	Finalized MPI..
[58/128]	Finalized MPI..
[106/128]	Finalized MPI..
[52/128]	Finalized MPI..
[79/128]	Finalized MPI..
[77/128]	Finalized MPI..
[90/128]	Finalized MPI..
[128/128]	Finalized MPI..
[84/128]	Finalized MPI..
[64/128]	Finalized MPI..
[105/128]	Finalized MPI..
[38/128]	Finalized MPI..
[86/128]	Finalized MPI..
[94/128]	Finalized MPI..
[19/128]	Finalized MPI..
[103/128]	Finalized MPI..
[54/128]	Finalized MPI..
[25/128]	Finalized MPI..
[122/128]	Finalized MPI..
[55/128]	Finalized MPI..
[113/128]	Finalized MPI..
[126/128]	Finalized MPI..
[40/128]	Finalized MPI..
[43/128]	Finalized MPI..
[27/128]	Finalized MPI..
[42/128]	Finalized MPI..
[15/128]	Finalized MPI..
[56/128]	Finalized MPI..
[109/128]	Finalized MPI..
[29/128]	Finalized MPI..
[47/128]	Finalized MPI..
[5/128]	Finalized MPI..
[46/128]	Finalized MPI..
[67/128]	Finalized MPI..
[60/128]	Finalized MPI..
[66/128]	Finalized MPI..
[39/128]	Finalized MPI..
[102/128]	Finalized MPI..
[28/128]	Finalized MPI..
[35/128]	Finalized MPI..
[83/128]	Finalized MPI..
[121/128]	Finalized MPI..
[73/128]	Finalized MPI..
[119/128]	Finalized MPI..
[57/128]	Finalized MPI..
[111/128]	Finalized MPI..
[76/128]	Finalized MPI..
[61/128]	Finalized MPI..
[110/128]	Finalized MPI..
[17/128]	Finalized MPI..
[112/128]	Finalized MPI..
[114/128]	Finalized MPI..
[20/128]	Finalized MPI..
[72/128]	Finalized MPI..
[14/128]	Finalized MPI..
[124/128]	Finalized MPI..
[6/128]	Finalized MPI..
[98/128]	Finalized MPI..
[10/128]	Finalized MPI..
[99/128]	Finalized MPI..
[108/128]	Finalized MPI..
[97/128]	Finalized MPI..
[78/128]	Finalized MPI..
[16/128]	Finalized MPI..
[48/128]	Finalized MPI..
[13/128]	Finalized MPI..
[22/128]	Finalized MPI..
[24/128]	Finalized MPI..
[53/128]	Finalized MPI..
[51/128]	Finalized MPI..
[21/128]	Finalized MPI..
[100/128]	Finalized MPI..
[23/128]	Finalized MPI..
[11/128]	Finalized MPI..
[36/128]	Finalized MPI..
[9/128]	Finalized MPI..
[68/128]	Finalized MPI..
[88/128]	Finalized MPI..
[104/128]	Finalized MPI..
[95/128]	Finalized MPI..
[125/128]	Finalized MPI..
[70/128]	Finalized MPI..
[69/128]	Finalized MPI..
[12/128]	Finalized MPI..
[96/128]	Finalized MPI..
[127/128]	Finalized MPI..
[EARL][tcn139][1642081] --- EARL INIT [PID: 1642081] [MASTER: 1] ---
[34m[tcn139][0][INFO] [0mK-medoids & roofline strategies not available. Loading default model for the classification
--- EARL loaded APIs ---
MGT_CPUFREQ: EARD
MGT_IMCFREQ: EARD
MGT_PRIO   : DUMMY
MET_CPUFREQ: EARD
MET_IMCFREQ: EARD
MET_ENERGY : EARD
MET_TEMP:    AMD17
MET_BWIDTH : EARD
MET_FLOPS  : PERF
MET_CPI    : PERF
MGT_GPU    : DUMMY
MET_GPU    : DUMMY
L1D: loaded (event PERF_L1D_MISS_LD) 
L2 : loaded (event L2_MISS_FROM_DC) (also in LBW)
L2 : loaded (event L2_MISS_FROM_PF1) (also in LBW)
L2 : loaded (event L2_MISS_FROM_PF2) (also in LBW)

------------------------
[43/128]	I'm online..
[70/128]	I'm online..
[71/128]	I'm online..
[74/128]	I'm online..
[76/128]	I'm online..
[82/128]	I'm online..
[90/128]	I'm online..
[105/128]	I'm online..
[117/128]	I'm online..
[119/128]	I'm online..
[120/128]	I'm online..
[5/128]	I'm online..
[13/128]	I'm online..
[15/128]	I'm online..
[20/128]	I'm online..
[26/128]	I'm online..
[29/128]	I'm online..
[36/128]	I'm online..
[41/128]	I'm online..
[42/128]	I'm online..
[47/128]	I'm online..
[56/128]	I'm online..
[59/128]	I'm online..
[66/128]	I'm online..
[67/128]	I'm online..
[68/128]	I'm online..
[72/128]	I'm online..
[79/128]	I'm online..
[81/128]	I'm online..
[84/128]	I'm online..
[85/128]	I'm online..
[93/128]	I'm online..
[100/128]	I'm online..
[101/128]	I'm online..
[107/128]	I'm online..
[110/128]	I'm online..
[121/128]	I'm online..
[123/128]	I'm online..
[126/128]	I'm online..
[127/128]	I'm online..
[7/128]	I'm online..
[21/128]	I'm online..
[31/128]	I'm online..
[51/128]	I'm online..
[69/128]	I'm online..
[4/128]	I'm online..
Mapping frequencies from 128 processes to 128 CPUs...
[39/128]	I'm online..
[61/128]	I'm online..
[106/128]	I'm online..
[65/128]	I'm online..
[95/128]	I'm online..
[112/128]	I'm online..
[83/128]	I'm online..
[109/128]	I'm online..
[33/128]	I'm online..
[116/128]	I'm online..
[122/128]	I'm online..
[124/128]	I'm online..
[50/128]	I'm online..
[115/128]	I'm online..
[128/128]	I'm online..
[25/128]	I'm online..
[30/128]	I'm online..
[32/128]	I'm online..
[44/128]	I'm online..
[3/128]	I'm online..
[35/128]	I'm online..
[46/128]	I'm online..
[80/128]	I'm online..
[45/128]	I'm online..
[52/128]	I'm online..
[62/128]	I'm online..
[14/128]	I'm online..
[88/128]	I'm online..
[58/128]	I'm online..
[86/128]	I'm online..
[87/128]	I'm online..
[75/128]	I'm online..
[104/128]	I'm online..
[28/128]	I'm online..
[37/128]	I'm online..
[38/128]	I'm online..
[40/128]	I'm online..
[10/128]	I'm online..
[111/128]	I'm online..
[118/128]	I'm online..
[114/128]	I'm online..
[16/128]	I'm online..
[17/128]	I'm online..
[18/128]	I'm online..
[19/128]	I'm online..
[77/128]	I'm online..
[53/128]	I'm online..
[54/128]	I'm online..
[98/128]	I'm online..
[57/128]	I'm online..
[22/128]	I'm online..
[78/128]	I'm online..
[11/128]	I'm online..
[113/128]	I'm online..
[73/128]	I'm online..
[94/128]	I'm online..
[96/128]	I'm online..
[63/128]	I'm online..
[99/128]	I'm online..
[48/128]	I'm online..
[6/128]	I'm online..
[8/128]	I'm online..
[12/128]	I'm online..
[125/128]	I'm online..
[27/128]	I'm online..
[55/128]	I'm online..
[24/128]	I'm online..
[64/128]	I'm online..
[60/128]	I'm online..
[91/128]	I'm online..
[97/128]	I'm online..
[102/128]	I'm online..
[2/128]	I'm online..
[108/128]	I'm online..
[23/128]	I'm online..
[9/128]	I'm online..
[34/128]	I'm online..
[89/128]	I'm online..
[103/128]	I'm online..
[92/128]	I'm online..
[49/128]	I'm online..
---------------- EAR 5.2 MPI enabled ----------------
                   App/user id: 'hratio_l30'/'ovaneck2'
    Node/job id/step_id/app_id: 'tcn139'/'17582750'/'4'/'1642081'
     P_STATE/frequency (turbo): 0/2600000 (0)
    Tasks/nodes/ppn/node_ratio: 128/1/128/1.000
             Policy (learning): monitoring (0)
Policy threshold/Perf accuracy: 0.00/10000000.00
   DynAIS levels/window/AVX512: 10/200/2
                      VAR path: /var/ear
           EAR privileged user: 0
                       EARL on: 1 
                  Max CPU freq: 2600000
-------------------------------------------------------
EAR initialized successfully.
[1/128]	I'm online..
[34m[tcn139][0][INFO] [0mWarning: Estimated power 227.29 W (DC vs CPU+GPU 1.00)
[34m[tcn139][0][INFO] [0mScope APP master 1 elapsed 0.000000
----------------------------------- Application Summary [tcn139] -----------------------------------
--- App id: hratio_l30 / user id: ovaneck2 / account: vusei12999 / job.step: 17582750.4.1642081 ---


(Appl. sign.) Wall time: 0.731 s, CPU util.: 4216 %, nominal freq.: 2.60 GHz, avg. freq: 2.57 GHz, avg imc freq: 1.47 GHz
              Avg. mpi_time/exec_time 0.0 %

              tasks: 128

              CPI/TPI: 0.386/154.523, GB/s: 3.956, GFLOPS: 0.000, IO: 6.912 (MB/s)
              DC/DRAM/PCK power: 227.292/0.000/227.293 (W) GFlops/Watts 0.000


----------------------------------------------------------------------------------------------------
[37/128]	Finalized MPI..
[111/128]	Finalized MPI..
[75/128]	Finalized MPI..
[74/128]	Finalized MPI..
[42/128]	Finalized MPI..
[66/128]	Finalized MPI..
[12/128]	Finalized MPI..
[77/128]	Finalized MPI..
[60/128]	Finalized MPI..
[128/128]	Finalized MPI..
[64/128]	Finalized MPI..
[70/128]	Finalized MPI..
[39/128]	Finalized MPI..
[22/128]	Finalized MPI..
[57/128]	Finalized MPI..
[50/128]	Finalized MPI..
[11/128]	Finalized MPI..
[80/128]	Finalized MPI..
[44/128]	Finalized MPI..
[41/128]	Finalized MPI..
[116/128]	Finalized MPI..
[104/128]	Finalized MPI..
[101/128]	Finalized MPI..
[92/128]	Finalized MPI..
[95/128]	Finalized MPI..
[43/128]	Finalized MPI..
[119/128]	Finalized MPI..
[79/128]	Finalized MPI..
[126/128]	Finalized MPI..
[87/128]	Finalized MPI..
[86/128]	Finalized MPI..
[85/128]	Finalized MPI..
[124/128]	Finalized MPI..
[107/128]	Finalized MPI..
[63/128]	Finalized MPI..
[69/128]	Finalized MPI..
[17/128]	Finalized MPI..
[21/128]	Finalized MPI..
[32/128]	Finalized MPI..
[117/128]	Finalized MPI..
[118/128]	Finalized MPI..
[71/128]	Finalized MPI..
[82/128]	Finalized MPI..
[15/128]	Finalized MPI..
[122/128]	Finalized MPI..
[121/128]	Finalized MPI..
[20/128]	Finalized MPI..
[18/128]	Finalized MPI..
[36/128]	Finalized MPI..
[3/128]	Finalized MPI..
[102/128]	Finalized MPI..
[109/128]	Finalized MPI..
[120/128]	Finalized MPI..
[62/128]	Finalized MPI..
[115/128]	Finalized MPI..
[90/128]	Finalized MPI..
[103/128]	Finalized MPI..
[29/128]	Finalized MPI..
[125/128]	Finalized MPI..
[96/128]	Finalized MPI..
[16/128]	Finalized MPI..
[123/128]	Finalized MPI..
[76/128]	Finalized MPI..
[94/128]	Finalized MPI..
[73/128]	Finalized MPI..
[105/128]	Finalized MPI..
[113/128]	Finalized MPI..
[108/128]	Finalized MPI..
[99/128]	Finalized MPI..
[93/128]	Finalized MPI..
[89/128]	Finalized MPI..
[67/128]	Finalized MPI..
[78/128]	Finalized MPI..
[106/128]	Finalized MPI..
[97/128]	Finalized MPI..
[114/128]	Finalized MPI..
[112/128]	Finalized MPI..
[34/128]	Finalized MPI..
[14/128]	Finalized MPI..
[28/128]	Finalized MPI..
[72/128]	Finalized MPI..
[13/128]	Finalized MPI..
[59/128]	Finalized MPI..
[35/128]	Finalized MPI..
[10/128]	Finalized MPI..
[52/128]	Finalized MPI..
[127/128]	Finalized MPI..
[49/128]	Finalized MPI..
[81/128]	Finalized MPI..
[30/128]	Finalized MPI..
[24/128]	Finalized MPI..
[51/128]	Finalized MPI..
[110/128]	Finalized MPI..
[61/128]	Finalized MPI..
[91/128]	Finalized MPI..
[58/128]	Finalized MPI..
[40/128]	Finalized MPI..
[48/128]	Finalized MPI..
[46/128]	Finalized MPI..
[26/128]	Finalized MPI..
[25/128]	Finalized MPI..
[27/128]	Finalized MPI..
[84/128]	Finalized MPI..
[65/128]	Finalized MPI..
[83/128]	Finalized MPI..
[68/128]	Finalized MPI..
[1/128]	Finalized MPI..
[23/128]	Finalized MPI..
[100/128]	Finalized MPI..
[88/128]	Finalized MPI..
[98/128]	Finalized MPI..
[2/128]	Finalized MPI..
[38/128]	Finalized MPI..
[7/128]	Finalized MPI..
[56/128]	Finalized MPI..
[54/128]	Finalized MPI..
[55/128]	Finalized MPI..
[19/128]	Finalized MPI..
[53/128]	Finalized MPI..
[6/128]	Finalized MPI..
[8/128]	Finalized MPI..
[33/128]	Finalized MPI..
[9/128]	Finalized MPI..
[45/128]	Finalized MPI..
[47/128]	Finalized MPI..
[4/128]	Finalized MPI..
[31/128]	Finalized MPI..
[5/128]	Finalized MPI..
[EARL][tcn139][1644319] --- EARL INIT [PID: 1644319] [MASTER: 1] ---
[34m[tcn139][0][INFO] [0mK-medoids & roofline strategies not available. Loading default model for the classification
--- EARL loaded APIs ---
MGT_CPUFREQ: EARD
MGT_IMCFREQ: EARD
MGT_PRIO   : DUMMY
MET_CPUFREQ: EARD
MET_IMCFREQ: EARD
MET_ENERGY : EARD
MET_TEMP:    AMD17
MET_BWIDTH : EARD
MET_FLOPS  : PERF
MET_CPI    : PERF
MGT_GPU    : DUMMY
MET_GPU    : DUMMY
L1D: loaded (event PERF_L1D_MISS_LD) 
L2 : loaded (event L2_MISS_FROM_DC) (also in LBW)
L2 : loaded (event L2_MISS_FROM_PF1) (also in LBW)
L2 : loaded (event L2_MISS_FROM_PF2) (also in LBW)

------------------------
[21/128]	I'm online..
[37/128]	I'm online..
[39/128]	I'm online..
[48/128]	I'm online..
[73/128]	I'm online..
[83/128]	I'm online..
[85/128]	I'm online..
[92/128]	I'm online..
[102/128]	I'm online..
[107/128]	I'm online..
[110/128]	I'm online..
[114/128]	I'm online..
[123/128]	I'm online..
[124/128]	I'm online..
[126/128]	I'm online..
[8/128]	I'm online..
[12/128]	I'm online..
[20/128]	I'm online..
[22/128]	I'm online..
[23/128]	I'm online..
[26/128]	I'm online..
[31/128]	I'm online..
[33/128]	I'm online..
[53/128]	I'm online..
[81/128]	I'm online..
[87/128]	I'm online..
[88/128]	I'm online..
[89/128]	I'm online..
[94/128]	I'm online..
[98/128]	I'm online..
[103/128]	I'm online..
[112/128]	I'm online..
[119/128]	I'm online..
[125/128]	I'm online..
[128/128]	I'm online..
[118/128]	I'm online..
Mapping frequencies from 128 processes to 128 CPUs...
[100/128]	I'm online..
[16/128]	I'm online..
[35/128]	I'm online..
[3/128]	I'm online..
[45/128]	I'm online..
[106/128]	I'm online..
[104/128]	I'm online..
[14/128]	I'm online..
[28/128]	I'm online..
[120/128]	I'm online..
[95/128]	I'm online..
[17/128]	I'm online..
[38/128]	I'm online..
[105/128]	I'm online..
[54/128]	I'm online..
[84/128]	I'm online..
[29/128]	I'm online..
[79/128]	I'm online..
[96/128]	I'm online..
[93/128]	I'm online..
[86/128]	I'm online..
[9/128]	I'm online..
[11/128]	I'm online..
[62/128]	I'm online..
[113/128]	I'm online..
[7/128]	I'm online..
[24/128]	I'm online..
[111/128]	I'm online..
[27/128]	I'm online..
[46/128]	I'm online..
[122/128]	I'm online..
[63/128]	I'm online..
[59/128]	I'm online..
[50/128]	I'm online..
[51/128]	I'm online..
[56/128]	I'm online..
[64/128]	I'm online..
[5/128]	I'm online..
[76/128]	I'm online..
[67/128]	I'm online..
[78/128]	I'm online..
[109/128]	I'm online..
[13/128]	I'm online..
[15/128]	I'm online..
[58/128]	I'm online..
[115/128]	I'm online..
[34/128]	I'm online..
[18/128]	I'm online..
[70/128]	I'm online..
[36/128]	I'm online..
[108/128]	I'm online..
[77/128]	I'm online..
[99/128]	I'm online..
[44/128]	I'm online..
[57/128]	I'm online..
[90/128]	I'm online..
[82/128]	I'm online..
[75/128]	I'm online..
[116/128]	I'm online..
[40/128]	I'm online..
[72/128]	I'm online..
[69/128]	I'm online..
[97/128]	I'm online..
[49/128]	I'm online..
[68/128]	I'm online..
[117/128]	I'm online..
[55/128]	I'm online..
[47/128]	I'm online..
[60/128]	I'm online..
[6/128]	I'm online..
[25/128]	I'm online..
[121/128]	I'm online..
[10/128]	I'm online..
[43/128]	I'm online..
[2/128]	I'm online..
[42/128]	I'm online..
[91/128]	I'm online..
[101/128]	I'm online..
[30/128]	I'm online..
[127/128]	I'm online..
[61/128]	I'm online..
[74/128]	I'm online..
[52/128]	I'm online..
[65/128]	I'm online..
[4/128]	I'm online..
[32/128]	I'm online..
[66/128]	I'm online..
[71/128]	I'm online..
[41/128]	I'm online..
[19/128]	I'm online..
[80/128]	I'm online..
---------------- EAR 5.2 MPI enabled ----------------
                   App/user id: 'hratio_l30'/'ovaneck2'
    Node/job id/step_id/app_id: 'tcn139'/'17582750'/'5'/'1644319'
     P_STATE/frequency (turbo): 0/2600000 (0)
    Tasks/nodes/ppn/node_ratio: 128/1/128/1.000
             Policy (learning): monitoring (0)
Policy threshold/Perf accuracy: 0.00/10000000.00
   DynAIS levels/window/AVX512: 10/200/2
                      VAR path: /var/ear
           EAR privileged user: 0
                       EARL on: 1 
                  Max CPU freq: 2600000
-------------------------------------------------------
EAR initialized successfully.
[1/128]	I'm online..
[34m[tcn139][0][INFO] [0mScope APP master 1 elapsed 0.000000
----------------------------------- Application Summary [tcn139] -----------------------------------
--- App id: hratio_l30 / user id: ovaneck2 / account: vusei12999 / job.step: 17582750.5.1644319 ---


(Appl. sign.) Wall time: 2.504 s, CPU util.: 5151 %, nominal freq.: 2.60 GHz, avg. freq: 2.57 GHz, avg imc freq: 1.47 GHz
              Avg. mpi_time/exec_time 0.0 %

              tasks: 128

              CPI/TPI: 0.383/717.917, GB/s: 4.157, GFLOPS: 0.000, IO: 16.059 (MB/s)
              DC/DRAM/PCK power: 138.179/0.000/236.197 (W) GFlops/Watts 0.000


----------------------------------------------------------------------------------------------------
[116/128]	Finalized MPI..
[101/128]	Finalized MPI..
[114/128]	Finalized MPI..
[105/128]	Finalized MPI..
[69/128]	Finalized MPI..
[30/128]	Finalized MPI..
[119/128]	Finalized MPI..
[108/128]	Finalized MPI..
[92/128]	Finalized MPI..
[29/128]	Finalized MPI..
[84/128]	Finalized MPI..
[123/128]	Finalized MPI..
[37/128]	Finalized MPI..
[88/128]	Finalized MPI..
[115/128]	Finalized MPI..
[85/128]	Finalized MPI..
[93/128]	Finalized MPI..
[68/128]	Finalized MPI..
[103/128]	Finalized MPI..
[104/128]	Finalized MPI..
[102/128]	Finalized MPI..
[70/128]	Finalized MPI..
[86/128]	Finalized MPI..
[34/128]	Finalized MPI..
[49/128]	Finalized MPI..
[53/128]	Finalized MPI..
[81/128]	Finalized MPI..
[59/128]	Finalized MPI..
[10/128]	Finalized MPI..
[95/128]	Finalized MPI..
[94/128]	Finalized MPI..
[112/128]	Finalized MPI..
[72/128]	Finalized MPI..
[87/128]	Finalized MPI..
[14/128]	Finalized MPI..
[109/128]	Finalized MPI..
[110/128]	Finalized MPI..
[111/128]	Finalized MPI..
[65/128]	Finalized MPI..
[60/128]	Finalized MPI..
[73/128]	Finalized MPI..
[117/128]	Finalized MPI..
[56/128]	Finalized MPI..
[113/128]	Finalized MPI..
[66/128]	Finalized MPI..
[67/128]	Finalized MPI..
[121/128]	Finalized MPI..
[74/128]	Finalized MPI..
[58/128]	Finalized MPI..
[24/128]	Finalized MPI..
[124/128]	Finalized MPI..
[122/128]	Finalized MPI..
[76/128]	Finalized MPI..
[16/128]	Finalized MPI..
[36/128]	Finalized MPI..
[91/128]	Finalized MPI..
[44/128]	Finalized MPI..
[22/128]	Finalized MPI..
[1/128]	Finalized MPI..
[9/128]	Finalized MPI..
[50/128]	Finalized MPI..
[40/128]	Finalized MPI..
[125/128]	Finalized MPI..
[4/128]	Finalized MPI..
[107/128]	Finalized MPI..
[61/128]	Finalized MPI..
[62/128]	Finalized MPI..
[127/128]	Finalized MPI..
[15/128]	Finalized MPI..
[8/128]	Finalized MPI..
[41/128]	Finalized MPI..
[28/128]	Finalized MPI..
[38/128]	Finalized MPI..
[128/128]	Finalized MPI..
[51/128]	Finalized MPI..
[52/128]	Finalized MPI..
[96/128]	Finalized MPI..
[97/128]	Finalized MPI..
[18/128]	Finalized MPI..
[46/128]	Finalized MPI..
[54/128]	Finalized MPI..
[35/128]	Finalized MPI..
[48/128]	Finalized MPI..
[55/128]	Finalized MPI..
[33/128]	Finalized MPI..
[83/128]	Finalized MPI..
[57/128]	Finalized MPI..
[118/128]	Finalized MPI..
[106/128]	Finalized MPI..
[5/128]	Finalized MPI..
[82/128]	Finalized MPI..
[99/128]	Finalized MPI..
[98/128]	Finalized MPI..
[2/128]	Finalized MPI..
[32/128]	Finalized MPI..
[31/128]	Finalized MPI..
[77/128]	Finalized MPI..
[80/128]	Finalized MPI..
[78/128]	Finalized MPI..
[7/128]	Finalized MPI..
[120/128]	Finalized MPI..
[6/128]	Finalized MPI..
[90/128]	Finalized MPI..
[79/128]	Finalized MPI..
[89/128]	Finalized MPI..
[23/128]	Finalized MPI..
[75/128]	Finalized MPI..
[3/128]	Finalized MPI..
[17/128]	Finalized MPI..
[20/128]	Finalized MPI..
[100/128]	Finalized MPI..
[21/128]	Finalized MPI..
[13/128]	Finalized MPI..
[71/128]	Finalized MPI..
[43/128]	Finalized MPI..
[42/128]	Finalized MPI..
[25/128]	Finalized MPI..
[126/128]	Finalized MPI..
[47/128]	Finalized MPI..
[11/128]	Finalized MPI..
[12/128]	Finalized MPI..
[19/128]	Finalized MPI..
[45/128]	Finalized MPI..
[63/128]	Finalized MPI..
[64/128]	Finalized MPI..
[27/128]	Finalized MPI..
[39/128]	Finalized MPI..
[26/128]	Finalized MPI..
[EARL][tcn139][1646538] --- EARL INIT [PID: 1646538] [MASTER: 1] ---
[34m[tcn139][0][INFO] [0mK-medoids & roofline strategies not available. Loading default model for the classification
--- EARL loaded APIs ---
MGT_CPUFREQ: EARD
MGT_IMCFREQ: EARD
MGT_PRIO   : DUMMY
MET_CPUFREQ: EARD
MET_IMCFREQ: EARD
MET_ENERGY : EARD
MET_TEMP:    AMD17
MET_BWIDTH : EARD
MET_FLOPS  : PERF
MET_CPI    : PERF
MGT_GPU    : DUMMY
MET_GPU    : DUMMY
L1D: loaded (event PERF_L1D_MISS_LD) 
L2 : loaded (event L2_MISS_FROM_DC) (also in LBW)
L2 : loaded (event L2_MISS_FROM_PF1) (also in LBW)
L2 : loaded (event L2_MISS_FROM_PF2) (also in LBW)

------------------------
Mapping frequencies from 128 processes to 128 CPUs...
[4/128]	I'm online..
[38/128]	I'm online..
[48/128]	I'm online..
[55/128]	I'm online..
[57/128]	I'm online..
[60/128]	I'm online..
[83/128]	I'm online..
[97/128]	I'm online..
[116/128]	I'm online..
[123/128]	I'm online..
[127/128]	I'm online..
[10/128]	I'm online..
[16/128]	I'm online..
[24/128]	I'm online..
[33/128]	I'm online..
[35/128]	I'm online..
[45/128]	I'm online..
[46/128]	I'm online..
[51/128]	I'm online..
[62/128]	I'm online..
[74/128]	I'm online..
[80/128]	I'm online..
[86/128]	I'm online..
[87/128]	I'm online..
[88/128]	I'm online..
[94/128]	I'm online..
[98/128]	I'm online..
[102/128]	I'm online..
[103/128]	I'm online..
[104/128]	I'm online..
[122/128]	I'm online..
[27/128]	I'm online..
[96/128]	I'm online..
[125/128]	I'm online..
[36/128]	I'm online..
[89/128]	I'm online..
[99/128]	I'm online..
[101/128]	I'm online..
[105/128]	I'm online..
[21/128]	I'm online..
[67/128]	I'm online..
[77/128]	I'm online..
[37/128]	I'm online..
[112/128]	I'm online..
[25/128]	I'm online..
[61/128]	I'm online..
[64/128]	I'm online..
[5/128]	I'm online..
[108/128]	I'm online..
[110/128]	I'm online..
[6/128]	I'm online..
[13/128]	I'm online..
[26/128]	I'm online..
[22/128]	I'm online..
[68/128]	I'm online..
[3/128]	I'm online..
[113/128]	I'm online..
[75/128]	I'm online..
[109/128]	I'm online..
[17/128]	I'm online..
[23/128]	I'm online..
[79/128]	I'm online..
[114/128]	I'm online..
[115/128]	I'm online..
[119/128]	I'm online..
[8/128]	I'm online..
[12/128]	I'm online..
[95/128]	I'm online..
[18/128]	I'm online..
[42/128]	I'm online..
[69/128]	I'm online..
[52/128]	I'm online..
[58/128]	I'm online..
[82/128]	I'm online..
[29/128]	I'm online..
[121/128]	I'm online..
[53/128]	I'm online..
[84/128]	I'm online..
[128/128]	I'm online..
[72/128]	I'm online..
[120/128]	I'm online..
[47/128]	I'm online..
[117/128]	I'm online..
[44/128]	I'm online..
[85/128]	I'm online..
[91/128]	I'm online..
[63/128]	I'm online..
[66/128]	I'm online..
[49/128]	I'm online..
[100/128]	I'm online..
[7/128]	I'm online..
[19/128]	I'm online..
[70/128]	I'm online..
[107/128]	I'm online..
[93/128]	I'm online..
[124/128]	I'm online..
[34/128]	I'm online..
[118/128]	I'm online..
[65/128]	I'm online..
[73/128]	I'm online..
[92/128]	I'm online..
[111/128]	I'm online..
[43/128]	I'm online..
[15/128]	I'm online..
[50/128]	I'm online..
[9/128]	I'm online..
[41/128]	I'm online..
[20/128]	I'm online..
[32/128]	I'm online..
[59/128]	I'm online..
[78/128]	I'm online..
[54/128]	I'm online..
[30/128]	I'm online..
[71/128]	I'm online..
[39/128]	I'm online..
[40/128]	I'm online..
[106/128]	I'm online..
[126/128]	I'm online..
[28/128]	I'm online..
[31/128]	I'm online..
[81/128]	I'm online..
[76/128]	I'm online..
[90/128]	I'm online..
[14/128]	I'm online..
[2/128]	I'm online..
[56/128]	I'm online..
[11/128]	I'm online..
---------------- EAR 5.2 MPI enabled ----------------
                   App/user id: 'hratio_l30'/'ovaneck2'
    Node/job id/step_id/app_id: 'tcn139'/'17582750'/'6'/'1646538'
     P_STATE/frequency (turbo): 0/2600000 (0)
    Tasks/nodes/ppn/node_ratio: 128/1/128/1.000
             Policy (learning): monitoring (0)
Policy threshold/Perf accuracy: 0.00/10000000.00
   DynAIS levels/window/AVX512: 10/200/2
                      VAR path: /var/ear
           EAR privileged user: 0
                       EARL on: 1 
                  Max CPU freq: 2600000
-------------------------------------------------------
EAR initialized successfully.
[1/128]	I'm online..
[34m[tcn139][0][INFO] [0mWarning: Estimated power 263.16 W (DC vs CPU+GPU 1.00)
[34m[tcn139][0][INFO] [0mScope APP master 1 elapsed 0.000000
----------------------------------- Application Summary [tcn139] -----------------------------------
--- App id: hratio_l30 / user id: ovaneck2 / account: vusei12999 / job.step: 17582750.6.1646538 ---


(Appl. sign.) Wall time: 0.296 s, CPU util.: 5515 %, nominal freq.: 2.60 GHz, avg. freq: 2.57 GHz, avg imc freq: 1.47 GHz
              Avg. mpi_time/exec_time 0.0 %

              tasks: 128

              CPI/TPI: 0.389/203.513, GB/s: 4.367, GFLOPS: 0.000, IO: 8.872 (MB/s)
              DC/DRAM/PCK power: 263.156/0.000/263.158 (W) GFlops/Watts 0.000


----------------------------------------------------------------------------------------------------
[13/128]	Finalized MPI..
[64/128]	Finalized MPI..
[76/128]	Finalized MPI..
[7/128]	Finalized MPI..
[85/128]	Finalized MPI..
[100/128]	Finalized MPI..
[106/128]	Finalized MPI..
[31/128]	Finalized MPI..
[74/128]	Finalized MPI..
[47/128]	Finalized MPI..
[73/128]	Finalized MPI..
[33/128]	Finalized MPI..
[87/128]	Finalized MPI..
[110/128]	Finalized MPI..
[77/128]	Finalized MPI..
[126/128]	Finalized MPI..
[121/128]	Finalized MPI..
[94/128]	Finalized MPI..
[112/128]	Finalized MPI..
[128/128]	Finalized MPI..
[14/128]	Finalized MPI..
[119/128]	Finalized MPI..
[102/128]	Finalized MPI..
[114/128]	Finalized MPI..
[40/128]	Finalized MPI..
[58/128]	Finalized MPI..
[57/128]	Finalized MPI..
[75/128]	Finalized MPI..
[86/128]	Finalized MPI..
[123/128]	Finalized MPI..
[62/128]	Finalized MPI..
[60/128]	Finalized MPI..
[125/128]	Finalized MPI..
[24/128]	Finalized MPI..
[97/128]	Finalized MPI..
[39/128]	Finalized MPI..
[96/128]	Finalized MPI..
[68/128]	Finalized MPI..
[98/128]	Finalized MPI..
[90/128]	Finalized MPI..
[52/128]	Finalized MPI..
[109/128]	Finalized MPI..
[92/128]	Finalized MPI..
[107/128]	Finalized MPI..
[101/128]	Finalized MPI..
[70/128]	Finalized MPI..
[93/128]	Finalized MPI..
[99/128]	Finalized MPI..
[84/128]	Finalized MPI..
[32/128]	Finalized MPI..
[78/128]	Finalized MPI..
[54/128]	Finalized MPI..
[81/128]	Finalized MPI..
[23/128]	Finalized MPI..
[117/128]	Finalized MPI..
[59/128]	Finalized MPI..
[113/128]	Finalized MPI..
[83/128]	Finalized MPI..
[16/128]	Finalized MPI..
[118/128]	Finalized MPI..
[89/128]	Finalized MPI..
[82/128]	Finalized MPI..
[41/128]	Finalized MPI..
[56/128]	Finalized MPI..
[12/128]	Finalized MPI..
[45/128]	Finalized MPI..
[19/128]	Finalized MPI..
[72/128]	Finalized MPI..
[95/128]	Finalized MPI..
[111/128]	Finalized MPI..
[49/128]	Finalized MPI..
[46/128]	Finalized MPI..
[127/128]	Finalized MPI..
[8/128]	Finalized MPI..
[105/128]	Finalized MPI..
[15/128]	Finalized MPI..
[44/128]	Finalized MPI..
[5/128]	Finalized MPI..
[120/128]	Finalized MPI..
[20/128]	Finalized MPI..
[61/128]	Finalized MPI..
[53/128]	Finalized MPI..
[17/128]	Finalized MPI..
[79/128]	Finalized MPI..
[29/128]	Finalized MPI..
[25/128]	Finalized MPI..
[21/128]	Finalized MPI..
[9/128]	Finalized MPI..
[104/128]	Finalized MPI..
[36/128]	Finalized MPI..
[37/128]	Finalized MPI..
[38/128]	Finalized MPI..
[80/128]	Finalized MPI..
[48/128]	Finalized MPI..
[66/128]	Finalized MPI..
[122/128]	Finalized MPI..
[65/128]	Finalized MPI..
[55/128]	Finalized MPI..
[50/128]	Finalized MPI..
[91/128]	Finalized MPI..
[30/128]	Finalized MPI..
[18/128]	Finalized MPI..
[108/128]	Finalized MPI..
[115/128]	Finalized MPI..
[34/128]	Finalized MPI..
[67/128]	Finalized MPI..
[35/128]	Finalized MPI..
[124/128]	Finalized MPI..
[42/128]	Finalized MPI..
[43/128]	Finalized MPI..
[27/128]	Finalized MPI..
[103/128]	Finalized MPI..
[26/128]	Finalized MPI..
[71/128]	Finalized MPI..
[63/128]	Finalized MPI..
[22/128]	Finalized MPI..
[11/128]	Finalized MPI..
[3/128]	Finalized MPI..
[69/128]	Finalized MPI..
[116/128]	Finalized MPI..
[4/128]	Finalized MPI..
[10/128]	Finalized MPI..
[6/128]	Finalized MPI..
[88/128]	Finalized MPI..
[1/128]	Finalized MPI..
[28/128]	Finalized MPI..
[51/128]	Finalized MPI..
[2/128]	Finalized MPI..
[EARL][tcn139][1648746] --- EARL INIT [PID: 1648746] [MASTER: 1] ---
[34m[tcn139][0][INFO] [0mK-medoids & roofline strategies not available. Loading default model for the classification
--- EARL loaded APIs ---
MGT_CPUFREQ: EARD
MGT_IMCFREQ: EARD
MGT_PRIO   : DUMMY
MET_CPUFREQ: EARD
MET_IMCFREQ: EARD
MET_ENERGY : EARD
MET_TEMP:    AMD17
MET_BWIDTH : EARD
MET_FLOPS  : PERF
MET_CPI    : PERF
MGT_GPU    : DUMMY
MET_GPU    : DUMMY
L1D: loaded (event PERF_L1D_MISS_LD) 
L2 : loaded (event L2_MISS_FROM_DC) (also in LBW)
L2 : loaded (event L2_MISS_FROM_PF1) (also in LBW)
L2 : loaded (event L2_MISS_FROM_PF2) (also in LBW)

------------------------
[29/128]	I'm online..
[33/128]	I'm online..
[46/128]	I'm online..
[55/128]	I'm online..
[63/128]	I'm online..
[77/128]	I'm online..
[81/128]	I'm online..
[83/128]	I'm online..
[87/128]	I'm online..
[90/128]	I'm online..
[101/128]	I'm online..
[102/128]	I'm online..
[104/128]	I'm online..
[110/128]	I'm online..
[111/128]	I'm online..
[112/128]	I'm online..
[118/128]	I'm online..
[122/128]	I'm online..
[127/128]	I'm online..
[8/128]	I'm online..
[11/128]	I'm online..
[13/128]	I'm online..
[21/128]	I'm online..
[23/128]	I'm online..
[25/128]	I'm online..
[30/128]	I'm online..
[31/128]	I'm online..
[32/128]	I'm online..
[35/128]	I'm online..
[45/128]	I'm online..
[49/128]	I'm online..
[51/128]	I'm online..
[52/128]	I'm online..
[54/128]	I'm online..
[58/128]	I'm online..
[59/128]	I'm online..
[65/128]	I'm online..
[67/128]	I'm online..
[69/128]	I'm online..
[70/128]	I'm online..
[71/128]	I'm online..
[79/128]	I'm online..
[80/128]	I'm online..
[85/128]	I'm online..
[89/128]	I'm online..
[93/128]	I'm online..
[97/128]	I'm online..
[100/128]	I'm online..
[103/128]	I'm online..
[116/128]	I'm online..
[73/128]	I'm online..
Mapping frequencies from 128 processes to 128 CPUs...
[61/128]	I'm online..
[64/128]	I'm online..
[66/128]	I'm online..
[94/128]	I'm online..
[124/128]	I'm online..
[18/128]	I'm online..
[22/128]	I'm online..
[119/128]	I'm online..
[98/128]	I'm online..
[123/128]	I'm online..
[17/128]	I'm online..
[48/128]	I'm online..
[43/128]	I'm online..
[92/128]	I'm online..
[121/128]	I'm online..
[27/128]	I'm online..
[91/128]	I'm online..
[34/128]	I'm online..
[40/128]	I'm online..
[15/128]	I'm online..
[72/128]	I'm online..
[113/128]	I'm online..
[41/128]	I'm online..
[75/128]	I'm online..
[6/128]	I'm online..
[60/128]	I'm online..
[114/128]	I'm online..
[125/128]	I'm online..
[76/128]	I'm online..
[115/128]	I'm online..
[117/128]	I'm online..
[82/128]	I'm online..
[38/128]	I'm online..
[108/128]	I'm online..
[7/128]	I'm online..
[20/128]	I'm online..
[5/128]	I'm online..
[106/128]	I'm online..
[42/128]	I'm online..
[109/128]	I'm online..
[56/128]	I'm online..
[88/128]	I'm online..
[10/128]	I'm online..
[50/128]	I'm online..
[128/128]	I'm online..
[24/128]	I'm online..
[120/128]	I'm online..
[53/128]	I'm online..
[99/128]	I'm online..
[74/128]	I'm online..
[28/128]	I'm online..
[44/128]	I'm online..
[84/128]	I'm online..
[96/128]	I'm online..
[9/128]	I'm online..
[26/128]	I'm online..
[95/128]	I'm online..
[36/128]	I'm online..
[105/128]	I'm online..
[39/128]	I'm online..
[86/128]	I'm online..
[19/128]	I'm online..
[107/128]	I'm online..
[68/128]	I'm online..
[16/128]	I'm online..
[14/128]	I'm online..
[78/128]	I'm online..
[126/128]	I'm online..
[62/128]	I'm online..
[2/128]	I'm online..
[47/128]	I'm online..
[57/128]	I'm online..
[3/128]	I'm online..
[37/128]	I'm online..
[4/128]	I'm online..
[12/128]	I'm online..
---------------- EAR 5.2 MPI enabled ----------------
                   App/user id: 'hratio_l30'/'ovaneck2'
    Node/job id/step_id/app_id: 'tcn139'/'17582750'/'7'/'1648746'
     P_STATE/frequency (turbo): 0/2600000 (0)
    Tasks/nodes/ppn/node_ratio: 128/1/128/1.000
             Policy (learning): monitoring (0)
Policy threshold/Perf accuracy: 0.00/10000000.00
   DynAIS levels/window/AVX512: 10/200/2
                      VAR path: /var/ear
           EAR privileged user: 0
                       EARL on: 1 
                  Max CPU freq: 2600000
-------------------------------------------------------
EAR initialized successfully.
[1/128]	I'm online..
[34m[tcn139][0][INFO] [0mScope APP master 1 elapsed 0.000000
----------------------------------- Application Summary [tcn139] -----------------------------------
--- App id: hratio_l30 / user id: ovaneck2 / account: vusei12999 / job.step: 17582750.7.1648746 ---


(Appl. sign.) Wall time: 2.391 s, CPU util.: 5867 %, nominal freq.: 2.60 GHz, avg. freq: 2.57 GHz, avg imc freq: 1.47 GHz
              Avg. mpi_time/exec_time 0.0 %

              tasks: 128

              CPI/TPI: 0.382/136.873, GB/s: 4.775, GFLOPS: 0.000, IO: 15.619 (MB/s)
              DC/DRAM/PCK power: 153.075/0.000/240.095 (W) GFlops/Watts 0.000


----------------------------------------------------------------------------------------------------
[10/128]	Finalized MPI..
[123/128]	Finalized MPI..
[128/128]	Finalized MPI..
[13/128]	Finalized MPI..
[37/128]	Finalized MPI..
[61/128]	Finalized MPI..
[24/128]	Finalized MPI..
[18/128]	Finalized MPI..
[120/128]	Finalized MPI..
[102/128]	Finalized MPI..
[88/128]	Finalized MPI..
[65/128]	Finalized MPI..
[27/128]	Finalized MPI..
[46/128]	Finalized MPI..
[109/128]	Finalized MPI..
[62/128]	Finalized MPI..
[28/128]	Finalized MPI..
[73/128]	Finalized MPI..
[125/128]	Finalized MPI..
[64/128]	Finalized MPI..
[66/128]	Finalized MPI..
[22/128]	Finalized MPI..
[76/128]	Finalized MPI..
[14/128]	Finalized MPI..
[91/128]	Finalized MPI..
[48/128]	Finalized MPI..
[15/128]	Finalized MPI..
[63/128]	Finalized MPI..
[60/128]	Finalized MPI..
[50/128]	Finalized MPI..
[77/128]	Finalized MPI..
[115/128]	Finalized MPI..
[93/128]	Finalized MPI..
[118/128]	Finalized MPI..
[75/128]	Finalized MPI..
[127/128]	Finalized MPI..
[106/128]	Finalized MPI..
[82/128]	Finalized MPI..
[51/128]	Finalized MPI..
[89/128]	Finalized MPI..
[90/128]	Finalized MPI..
[113/128]	Finalized MPI..
[103/128]	Finalized MPI..
[26/128]	Finalized MPI..
[40/128]	Finalized MPI..
[80/128]	Finalized MPI..
[36/128]	Finalized MPI..
[53/128]	Finalized MPI..
[79/128]	Finalized MPI..
[74/128]	Finalized MPI..
[97/128]	Finalized MPI..
[44/128]	Finalized MPI..
[49/128]	Finalized MPI..
[25/128]	Finalized MPI..
[45/128]	Finalized MPI..
[92/128]	Finalized MPI..
[108/128]	Finalized MPI..
[94/128]	Finalized MPI..
[19/128]	Finalized MPI..
[124/128]	Finalized MPI..
[17/128]	Finalized MPI..
[95/128]	Finalized MPI..
[23/128]	Finalized MPI..
[84/128]	Finalized MPI..
[81/128]	Finalized MPI..
[98/128]	Finalized MPI..
[101/128]	Finalized MPI..
[85/128]	Finalized MPI..
[104/128]	Finalized MPI..
[114/128]	Finalized MPI..
[111/128]	Finalized MPI..
[126/128]	Finalized MPI..
[57/128]	Finalized MPI..
[59/128]	Finalized MPI..
[87/128]	Finalized MPI..
[116/128]	Finalized MPI..
[6/128]	Finalized MPI..
[117/128]	Finalized MPI..
[105/128]	Finalized MPI..
[47/128]	Finalized MPI..
[1/128]	Finalized MPI..
[38/128]	Finalized MPI..
[68/128]	Finalized MPI..
[112/128]	Finalized MPI..
[100/128]	Finalized MPI..
[8/128]	Finalized MPI..
[72/128]	Finalized MPI..
[11/128]	Finalized MPI..
[9/128]	Finalized MPI..
[41/128]	Finalized MPI..
[54/128]	Finalized MPI..
[52/128]	Finalized MPI..
[16/128]	Finalized MPI..
[7/128]	Finalized MPI..
[2/128]	Finalized MPI..
[42/128]	Finalized MPI..
[58/128]	Finalized MPI..
[20/128]	Finalized MPI..
[70/128]	Finalized MPI..
[122/128]	Finalized MPI..
[121/128]	Finalized MPI..
[99/128]	Finalized MPI..
[4/128]	Finalized MPI..
[78/128]	Finalized MPI..
[67/128]	Finalized MPI..
[55/128]	Finalized MPI..
[110/128]	Finalized MPI..
[86/128]	Finalized MPI..
[43/128]	Finalized MPI..
[56/128]	Finalized MPI..
[39/128]	Finalized MPI..
[119/128]	Finalized MPI..
[35/128]	Finalized MPI..
[32/128]	Finalized MPI..
[31/128]	Finalized MPI..
[33/128]	Finalized MPI..
[12/128]	Finalized MPI..
[21/128]	Finalized MPI..
[5/128]	Finalized MPI..
[96/128]	Finalized MPI..
[83/128]	Finalized MPI..
[34/128]	Finalized MPI..
[107/128]	Finalized MPI..
[29/128]	Finalized MPI..
[69/128]	Finalized MPI..
[30/128]	Finalized MPI..
[71/128]	Finalized MPI..
[3/128]	Finalized MPI..
[EARL][tcn139][1652742] --- EARL INIT [PID: 1652742] [MASTER: 1] ---
[34m[tcn139][0][INFO] [0mK-medoids & roofline strategies not available. Loading default model for the classification
--- EARL loaded APIs ---
MGT_CPUFREQ: EARD
MGT_IMCFREQ: EARD
MGT_PRIO   : DUMMY
MET_CPUFREQ: EARD
MET_IMCFREQ: EARD
MET_ENERGY : EARD
MET_TEMP:    AMD17
MET_BWIDTH : EARD
MET_FLOPS  : PERF
MET_CPI    : PERF
MGT_GPU    : DUMMY
MET_GPU    : DUMMY
L1D: loaded (event PERF_L1D_MISS_LD) 
L2 : loaded (event L2_MISS_FROM_DC) (also in LBW)
L2 : loaded (event L2_MISS_FROM_PF1) (also in LBW)
L2 : loaded (event L2_MISS_FROM_PF2) (also in LBW)

------------------------
[10/128]	I'm online..
[29/128]	I'm online..
[40/128]	I'm online..
[44/128]	I'm online..
[46/128]	I'm online..
[50/128]	I'm online..
[52/128]	I'm online..
[63/128]	I'm online..
[76/128]	I'm online..
[77/128]	I'm online..
[128/128]	I'm online..
[5/128]	I'm online..
[7/128]	I'm online..
[8/128]	I'm online..
[11/128]	I'm online..
[12/128]	I'm online..
[13/128]	I'm online..
[21/128]	I'm online..
[22/128]	I'm online..
[27/128]	I'm online..
[28/128]	I'm online..
[39/128]	I'm online..
[51/128]	I'm online..
[53/128]	I'm online..
[55/128]	I'm online..
[65/128]	I'm online..
[68/128]	I'm online..
[69/128]	I'm online..
[70/128]	I'm online..
[72/128]	I'm online..
[74/128]	I'm online..
[79/128]	I'm online..
[89/128]	I'm online..
[95/128]	I'm online..
[101/128]	I'm online..
[108/128]	I'm online..
[123/128]	I'm online..
[126/128]	I'm online..
[92/128]	I'm online..
[103/128]	I'm online..
[121/128]	I'm online..
[66/128]	I'm online..
[43/128]	I'm online..
[49/128]	I'm online..
[61/128]	I'm online..
[120/128]	I'm online..
Mapping frequencies from 128 processes to 128 CPUs...
[113/128]	I'm online..
[102/128]	I'm online..
[3/128]	I'm online..
[32/128]	I'm online..
[58/128]	I'm online..
[90/128]	I'm online..
[45/128]	I'm online..
[105/128]	I'm online..
[25/128]	I'm online..
[100/128]	I'm online..
[106/128]	I'm online..
[35/128]	I'm online..
[86/128]	I'm online..
[31/128]	I'm online..
[19/128]	I'm online..
[93/128]	I'm online..
[112/128]	I'm online..
[67/128]	I'm online..
[75/128]	I'm online..
[83/128]	I'm online..
[59/128]	I'm online..
[42/128]	I'm online..
[114/128]	I'm online..
[110/128]	I'm online..
[54/128]	I'm online..
[14/128]	I'm online..
[62/128]	I'm online..
[116/128]	I'm online..
[119/128]	I'm online..
[56/128]	I'm online..
[91/128]	I'm online..
[38/128]	I'm online..
[64/128]	I'm online..
[107/128]	I'm online..
[115/128]	I'm online..
[41/128]	I'm online..
[117/128]	I'm online..
[87/128]	I'm online..
[23/128]	I'm online..
[78/128]	I'm online..
[47/128]	I'm online..
[4/128]	I'm online..
[127/128]	I'm online..
[26/128]	I'm online..
[60/128]	I'm online..
[71/128]	I'm online..
[118/128]	I'm online..
[124/128]	I'm online..
[16/128]	I'm online..
[24/128]	I'm online..
[33/128]	I'm online..
[48/128]	I'm online..
[84/128]	I'm online..
[37/128]	I'm online..
[34/128]	I'm online..
[57/128]	I'm online..
[20/128]	I'm online..
[6/128]	I'm online..
[15/128]	I'm online..
[96/128]	I'm online..
[99/128]	I'm online..
[125/128]	I'm online..
[9/128]	I'm online..
[81/128]	I'm online..
[94/128]	I'm online..
[111/128]	I'm online..
[17/128]	I'm online..
[82/128]	I'm online..
[88/128]	I'm online..
[80/128]	I'm online..
[36/128]	I'm online..
[97/128]	I'm online..
[104/128]	I'm online..
[18/128]	I'm online..
[2/128]	I'm online..
[30/128]	I'm online..
[98/128]	I'm online..
[122/128]	I'm online..
[85/128]	I'm online..
[73/128]	I'm online..
[109/128]	I'm online..
---------------- EAR 5.2 MPI enabled ----------------
                   App/user id: 'hratio_l30'/'ovaneck2'
    Node/job id/step_id/app_id: 'tcn139'/'17582750'/'8'/'1652742'
     P_STATE/frequency (turbo): 0/2600000 (0)
    Tasks/nodes/ppn/node_ratio: 128/1/128/1.000
             Policy (learning): monitoring (0)
Policy threshold/Perf accuracy: 0.00/10000000.00
   DynAIS levels/window/AVX512: 10/200/2
                      VAR path: /var/ear
           EAR privileged user: 0
                       EARL on: 1 
                  Max CPU freq: 2600000
-------------------------------------------------------
EAR initialized successfully.
[1/128]	I'm online..
[34m[tcn139][0][INFO] [0mWarning: Estimated power 300.23 W (DC vs CPU+GPU 1.00)
[34m[tcn139][0][INFO] [0mScope APP master 1 elapsed 0.000000
----------------------------------- Application Summary [tcn139] -----------------------------------
--- App id: hratio_l30 / user id: ovaneck2 / account: vusei12999 / job.step: 17582750.8.1652742 ---


(Appl. sign.) Wall time: 0.182 s, CPU util.: 4449 %, nominal freq.: 2.60 GHz, avg. freq: 2.57 GHz, avg imc freq: 1.47 GHz
              Avg. mpi_time/exec_time 0.0 %

              tasks: 128

              CPI/TPI: 0.404/220.223, GB/s: 6.050, GFLOPS: 0.000, IO: 5.731 (MB/s)
              DC/DRAM/PCK power: 300.227/0.000/300.228 (W) GFlops/Watts 0.000


----------------------------------------------------------------------------------------------------
[9/128]	Finalized MPI..
[51/128]	Finalized MPI..
[84/128]	Finalized MPI..
[128/128]	Finalized MPI..
[122/128]	Finalized MPI..
[61/128]	Finalized MPI..
[78/128]	Finalized MPI..
[114/128]	Finalized MPI..
[47/128]	Finalized MPI..
[48/128]	Finalized MPI..
[52/128]	Finalized MPI..
[99/128]	Finalized MPI..
[116/128]	Finalized MPI..
[67/128]	Finalized MPI..
[4/128]	Finalized MPI..
[90/128]	Finalized MPI..
[102/128]	Finalized MPI..
[75/128]	Finalized MPI..
[80/128]	Finalized MPI..
[91/128]	Finalized MPI..
[103/128]	Finalized MPI..
[38/128]	Finalized MPI..
[30/128]	Finalized MPI..
[117/128]	Finalized MPI..
[73/128]	Finalized MPI..
[65/128]	Finalized MPI..
[126/128]	Finalized MPI..
[71/128]	Finalized MPI..
[72/128]	Finalized MPI..
[96/128]	Finalized MPI..
[104/128]	Finalized MPI..
[107/128]	Finalized MPI..
[112/128]	Finalized MPI..
[64/128]	Finalized MPI..
[92/128]	Finalized MPI..
[98/128]	Finalized MPI..
[27/128]	Finalized MPI..
[49/128]	Finalized MPI..
[59/128]	Finalized MPI..
[119/128]	Finalized MPI..
[125/128]	Finalized MPI..
[111/128]	Finalized MPI..
[58/128]	Finalized MPI..
[109/128]	Finalized MPI..
[121/128]	Finalized MPI..
[94/128]	Finalized MPI..
[66/128]	Finalized MPI..
[69/128]	Finalized MPI..
[33/128]	Finalized MPI..
[46/128]	Finalized MPI..
[81/128]	Finalized MPI..
[77/128]	Finalized MPI..
[29/128]	Finalized MPI..
[60/128]	Finalized MPI..
[97/128]	Finalized MPI..
[108/128]	Finalized MPI..
[106/128]	Finalized MPI..
[124/128]	Finalized MPI..
[62/128]	Finalized MPI..
[101/128]	Finalized MPI..
[93/128]	Finalized MPI..
[39/128]	Finalized MPI..
[87/128]	Finalized MPI..
[22/128]	Finalized MPI..
[86/128]	Finalized MPI..
[127/128]	Finalized MPI..
[54/128]	Finalized MPI..
[85/128]	Finalized MPI..
[113/128]	Finalized MPI..
[115/128]	Finalized MPI..
[83/128]	Finalized MPI..
[53/128]	Finalized MPI..
[45/128]	Finalized MPI..
[56/128]	Finalized MPI..
[42/128]	Finalized MPI..
[89/128]	Finalized MPI..
[57/128]	Finalized MPI..
[24/128]	Finalized MPI..
[15/128]	Finalized MPI..
[55/128]	Finalized MPI..
[41/128]	Finalized MPI..
[68/128]	Finalized MPI..
[74/128]	Finalized MPI..
[31/128]	Finalized MPI..
[26/128]	Finalized MPI..
[95/128]	Finalized MPI..
[1/128]	Finalized MPI..
[50/128]	Finalized MPI..
[21/128]	Finalized MPI..
[35/128]	Finalized MPI..
[13/128]	Finalized MPI..
[14/128]	Finalized MPI..
[120/128]	Finalized MPI..
[7/128]	Finalized MPI..
[70/128]	Finalized MPI..
[36/128]	Finalized MPI..
[18/128]	Finalized MPI..
[88/128]	Finalized MPI..
[25/128]	Finalized MPI..
[28/128]	Finalized MPI..
[32/128]	Finalized MPI..
[44/128]	Finalized MPI..
[2/128]	Finalized MPI..
[12/128]	Finalized MPI..
[34/128]	Finalized MPI..
[23/128]	Finalized MPI..
[16/128]	Finalized MPI..
[37/128]	Finalized MPI..
[3/128]	Finalized MPI..
[76/128]	Finalized MPI..
[118/128]	Finalized MPI..
[105/128]	Finalized MPI..
[10/128]	Finalized MPI..
[110/128]	Finalized MPI..
[123/128]	Finalized MPI..
[11/128]	Finalized MPI..
[17/128]	Finalized MPI..
[8/128]	Finalized MPI..
[19/128]	Finalized MPI..
[100/128]	Finalized MPI..
[79/128]	Finalized MPI..
[6/128]	Finalized MPI..
[5/128]	Finalized MPI..
[20/128]	Finalized MPI..
[63/128]	Finalized MPI..
[43/128]	Finalized MPI..
[82/128]	Finalized MPI..
[40/128]	Finalized MPI..
[EARL][tcn139][1655494] --- EARL INIT [PID: 1655494] [MASTER: 1] ---
[34m[tcn139][0][INFO] [0mK-medoids & roofline strategies not available. Loading default model for the classification
--- EARL loaded APIs ---
MGT_CPUFREQ: EARD
MGT_IMCFREQ: EARD
MGT_PRIO   : DUMMY
MET_CPUFREQ: EARD
MET_IMCFREQ: EARD
MET_ENERGY : EARD
MET_TEMP:    AMD17
MET_BWIDTH : EARD
MET_FLOPS  : PERF
MET_CPI    : PERF
MGT_GPU    : DUMMY
MET_GPU    : DUMMY
L1D: loaded (event PERF_L1D_MISS_LD) 
L2 : loaded (event L2_MISS_FROM_DC) (also in LBW)
L2 : loaded (event L2_MISS_FROM_PF1) (also in LBW)
L2 : loaded (event L2_MISS_FROM_PF2) (also in LBW)

------------------------
[34/128]	I'm online..
[42/128]	I'm online..
[50/128]	I'm online..
[94/128]	I'm online..
[47/128]	I'm online..
[100/128]	I'm online..
[101/128]	I'm online..
[104/128]	I'm online..
[117/128]	I'm online..
[120/128]	I'm online..
[121/128]	I'm online..
[39/128]	I'm online..
[98/128]	I'm online..
[30/128]	I'm online..
[49/128]	I'm online..
[96/128]	I'm online..
[103/128]	I'm online..
[3/128]	I'm online..
[35/128]	I'm online..
[8/128]	I'm online..
[105/128]	I'm online..
[88/128]	I'm online..
[27/128]	I'm online..
[38/128]	I'm online..
[6/128]	I'm online..
[70/128]	I'm online..
[69/128]	I'm online..
[102/128]	I'm online..
[9/128]	I'm online..
[61/128]	I'm online..
[77/128]	I'm online..
Mapping frequencies from 128 processes to 128 CPUs...
[36/128]	I'm online..
[123/128]	I'm online..
[37/128]	I'm online..
[14/128]	I'm online..
[118/128]	I'm online..
[4/128]	I'm online..
[21/128]	I'm online..
[78/128]	I'm online..
[91/128]	I'm online..
[10/128]	I'm online..
[24/128]	I'm online..
[67/128]	I'm online..
[44/128]	I'm online..
[41/128]	I'm online..
[29/128]	I'm online..
[80/128]	I'm online..
[25/128]	I'm online..
[64/128]	I'm online..
[128/128]	I'm online..
[60/128]	I'm online..
[93/128]	I'm online..
[52/128]	I'm online..
[59/128]	I'm online..
[79/128]	I'm online..
[107/128]	I'm online..
[84/128]	I'm online..
[115/128]	I'm online..
[86/128]	I'm online..
[7/128]	I'm online..
[16/128]	I'm online..
[63/128]	I'm online..
[45/128]	I'm online..
[108/128]	I'm online..
[13/128]	I'm online..
[109/128]	I'm online..
[11/128]	I'm online..
[114/128]	I'm online..
[5/128]	I'm online..
[112/128]	I'm online..
[71/128]	I'm online..
[55/128]	I'm online..
[116/128]	I'm online..
[68/128]	I'm online..
[32/128]	I'm online..
[124/128]	I'm online..
[127/128]	I'm online..
[110/128]	I'm online..
[125/128]	I'm online..
[62/128]	I'm online..
[106/128]	I'm online..
[119/128]	I'm online..
[81/128]	I'm online..
[26/128]	I'm online..
[65/128]	I'm online..
[46/128]	I'm online..
[48/128]	I'm online..
[18/128]	I'm online..
[90/128]	I'm online..
[12/128]	I'm online..
[17/128]	I'm online..
[66/128]	I'm online..
[75/128]	I'm online..
[76/128]	I'm online..
[20/128]	I'm online..
[15/128]	I'm online..
[97/128]	I'm online..
[54/128]	I'm online..
[28/128]	I'm online..
[72/128]	I'm online..
[85/128]	I'm online..
[122/128]	I'm online..
[2/128]	I'm online..
[92/128]	I'm online..
[23/128]	I'm online..
[31/128]	I'm online..
[57/128]	I'm online..
[82/128]	I'm online..
[113/128]	I'm online..
[111/128]	I'm online..
[19/128]	I'm online..
[74/128]	I'm online..
[56/128]	I'm online..
[51/128]	I'm online..
[43/128]	I'm online..
[22/128]	I'm online..
[40/128]	I'm online..
[89/128]	I'm online..
[95/128]	I'm online..
[99/128]	I'm online..
[53/128]	I'm online..
[87/128]	I'm online..
[33/128]	I'm online..
[83/128]	I'm online..
[58/128]	I'm online..
[126/128]	I'm online..
[73/128]	I'm online..
---------------- EAR 5.2 MPI enabled ----------------
                   App/user id: 'hratio_l30'/'ovaneck2'
    Node/job id/step_id/app_id: 'tcn139'/'17582750'/'9'/'1655494'
     P_STATE/frequency (turbo): 0/2600000 (0)
    Tasks/nodes/ppn/node_ratio: 128/1/128/1.000
             Policy (learning): monitoring (0)
Policy threshold/Perf accuracy: 0.00/10000000.00
   DynAIS levels/window/AVX512: 10/200/2
                      VAR path: /var/ear
           EAR privileged user: 0
                       EARL on: 1 
                  Max CPU freq: 2600000
-------------------------------------------------------
EAR initialized successfully.
[1/128]	I'm online..
[34m[tcn139][0][INFO] [0mWarning: Estimated power 322.55 W (DC vs CPU+GPU 1.00)
[34m[tcn139][0][INFO] [0mScope APP master 1 elapsed 0.000000
----------------------------------- Application Summary [tcn139] -----------------------------------
--- App id: hratio_l30 / user id: ovaneck2 / account: vusei12999 / job.step: 17582750.9.1655494 ---


(Appl. sign.) Wall time: 0.174 s, CPU util.: 5423 %, nominal freq.: 2.60 GHz, avg. freq: 2.57 GHz, avg imc freq: 1.47 GHz
              Avg. mpi_time/exec_time 0.0 %

              tasks: 128

              CPI/TPI: 0.398/174.078, GB/s: 4.987, GFLOPS: 0.000, IO: 6.000 (MB/s)
              DC/DRAM/PCK power: 322.540/0.000/322.546 (W) GFlops/Watts 0.000


----------------------------------------------------------------------------------------------------
[9/128]	Finalized MPI..
[21/128]	Finalized MPI..
[73/128]	Finalized MPI..
[93/128]	Finalized MPI..
[81/128]	Finalized MPI..
[78/128]	Finalized MPI..
[7/128]	Finalized MPI..
[116/128]	Finalized MPI..
[84/128]	Finalized MPI..
[117/128]	Finalized MPI..
[87/128]	Finalized MPI..
[16/128]	Finalized MPI..
[49/128]	Finalized MPI..
[96/128]	Finalized MPI..
[89/128]	Finalized MPI..
[112/128]	Finalized MPI..
[128/128]	Finalized MPI..
[108/128]	Finalized MPI..
[125/128]	Finalized MPI..
[56/128]	Finalized MPI..
[126/128]	Finalized MPI..
[75/128]	Finalized MPI..
[6/128]	Finalized MPI..
[44/128]	Finalized MPI..
[77/128]	Finalized MPI..
[109/128]	Finalized MPI..
[123/128]	Finalized MPI..
[45/128]	Finalized MPI..
[85/128]	Finalized MPI..
[24/128]	Finalized MPI..
[33/128]	Finalized MPI..
[79/128]	Finalized MPI..
[38/128]	Finalized MPI..
[46/128]	Finalized MPI..
[91/128]	Finalized MPI..
[52/128]	Finalized MPI..
[54/128]	Finalized MPI..
[107/128]	Finalized MPI..
[3/128]	Finalized MPI..
[111/128]	Finalized MPI..
[32/128]	Finalized MPI..
[23/128]	Finalized MPI..
[102/128]	Finalized MPI..
[105/128]	Finalized MPI..
[110/128]	Finalized MPI..
[80/128]	Finalized MPI..
[118/128]	Finalized MPI..
[40/128]	Finalized MPI..
[121/128]	Finalized MPI..
[57/128]	Finalized MPI..
[119/128]	Finalized MPI..
[70/128]	Finalized MPI..
[67/128]	Finalized MPI..
[64/128]	Finalized MPI..
[120/128]	Finalized MPI..
[83/128]	Finalized MPI..
[19/128]	Finalized MPI..
[113/128]	Finalized MPI..
[106/128]	Finalized MPI..
[59/128]	Finalized MPI..
[15/128]	Finalized MPI..
[98/128]	Finalized MPI..
[97/128]	Finalized MPI..
[61/128]	Finalized MPI..
[63/128]	Finalized MPI..
[12/128]	Finalized MPI..
[65/128]	Finalized MPI..
[55/128]	Finalized MPI..
[94/128]	Finalized MPI..
[103/128]	Finalized MPI..
[10/128]	Finalized MPI..
[99/128]	Finalized MPI..
[101/128]	Finalized MPI..
[43/128]	Finalized MPI..
[124/128]	Finalized MPI..
[92/128]	Finalized MPI..
[88/128]	Finalized MPI..
[86/128]	Finalized MPI..
[69/128]	Finalized MPI..
[4/128]	Finalized MPI..
[48/128]	Finalized MPI..
[5/128]	Finalized MPI..
[95/128]	Finalized MPI..
[71/128]	Finalized MPI..
[62/128]	Finalized MPI..
[100/128]	Finalized MPI..
[72/128]	Finalized MPI..
[90/128]	Finalized MPI..
[76/128]	Finalized MPI..
[14/128]	Finalized MPI..
[82/128]	Finalized MPI..
[18/128]	Finalized MPI..
[60/128]	Finalized MPI..
[17/128]	Finalized MPI..
[66/128]	Finalized MPI..
[39/128]	Finalized MPI..
[50/128]	Finalized MPI..
[1/128]	Finalized MPI..
[53/128]	Finalized MPI..
[122/128]	Finalized MPI..
[37/128]	Finalized MPI..
[74/128]	Finalized MPI..
[127/128]	Finalized MPI..
[35/128]	Finalized MPI..
[26/128]	Finalized MPI..
[104/128]	Finalized MPI..
[36/128]	Finalized MPI..
[68/128]	Finalized MPI..
[27/128]	Finalized MPI..
[22/128]	Finalized MPI..
[30/128]	Finalized MPI..
[34/128]	Finalized MPI..
[11/128]	Finalized MPI..
[13/128]	Finalized MPI..
[114/128]	Finalized MPI..
[51/128]	Finalized MPI..
[42/128]	Finalized MPI..
[115/128]	Finalized MPI..
[41/128]	Finalized MPI..
[2/128]	Finalized MPI..
[25/128]	Finalized MPI..
[29/128]	Finalized MPI..
[47/128]	Finalized MPI..
[20/128]	Finalized MPI..
[58/128]	Finalized MPI..
[8/128]	Finalized MPI..
[28/128]	Finalized MPI..
[31/128]	Finalized MPI..
[EARL][tcn139][1657740] --- EARL INIT [PID: 1657740] [MASTER: 1] ---
[34m[tcn139][0][INFO] [0mK-medoids & roofline strategies not available. Loading default model for the classification
--- EARL loaded APIs ---
MGT_CPUFREQ: EARD
MGT_IMCFREQ: EARD
MGT_PRIO   : DUMMY
MET_CPUFREQ: EARD
MET_IMCFREQ: EARD
MET_ENERGY : EARD
MET_TEMP:    AMD17
MET_BWIDTH : EARD
MET_FLOPS  : PERF
MET_CPI    : PERF
MGT_GPU    : DUMMY
MET_GPU    : DUMMY
L1D: loaded (event PERF_L1D_MISS_LD) 
L2 : loaded (event L2_MISS_FROM_DC) (also in LBW)
L2 : loaded (event L2_MISS_FROM_PF1) (also in LBW)
L2 : loaded (event L2_MISS_FROM_PF2) (also in LBW)

------------------------
[34/128]	I'm online..
[55/128]	I'm online..
[57/128]	I'm online..
[59/128]	I'm online..
[65/128]	I'm online..
[73/128]	I'm online..
[74/128]	I'm online..
[80/128]	I'm online..
[81/128]	I'm online..
[84/128]	I'm online..
[87/128]	I'm online..
[88/128]	I'm online..
[90/128]	I'm online..
[96/128]	I'm online..
[98/128]	I'm online..
[113/128]	I'm online..
[114/128]	I'm online..
[118/128]	I'm online..
[121/128]	I'm online..
[123/128]	I'm online..
[6/128]	I'm online..
[8/128]	I'm online..
[9/128]	I'm online..
[12/128]	I'm online..
[36/128]	I'm online..
[51/128]	I'm online..
[71/128]	I'm online..
[72/128]	I'm online..
[76/128]	I'm online..
[78/128]	I'm online..
[82/128]	I'm online..
[83/128]	I'm online..
[101/128]	I'm online..
[106/128]	I'm online..
[112/128]	I'm online..
[116/128]	I'm online..
[119/128]	I'm online..
[122/128]	I'm online..
[125/128]	I'm online..
[126/128]	I'm online..
[128/128]	I'm online..
Mapping frequencies from 128 processes to 128 CPUs...
[40/128]	I'm online..
[16/128]	I'm online..
[38/128]	I'm online..
[61/128]	I'm online..
[111/128]	I'm online..
[48/128]	I'm online..
[29/128]	I'm online..
[53/128]	I'm online..
[107/128]	I'm online..
[37/128]	I'm online..
[92/128]	I'm online..
[28/128]	I'm online..
[30/128]	I'm online..
[99/128]	I'm online..
[108/128]	I'm online..
[110/128]	I'm online..
[75/128]	I'm online..
[91/128]	I'm online..
[33/128]	I'm online..
[46/128]	I'm online..
[70/128]	I'm online..
[18/128]	I'm online..
[22/128]	I'm online..
[13/128]	I'm online..
[15/128]	I'm online..
[77/128]	I'm online..
[69/128]	I'm online..
[63/128]	I'm online..
[14/128]	I'm online..
[66/128]	I'm online..
[93/128]	I'm online..
[26/128]	I'm online..
[32/128]	I'm online..
[60/128]	I'm online..
[117/128]	I'm online..
[35/128]	I'm online..
[43/128]	I'm online..
[4/128]	I'm online..
[56/128]	I'm online..
[54/128]	I'm online..
[7/128]	I'm online..
[19/128]	I'm online..
[64/128]	I'm online..
[27/128]	I'm online..
[10/128]	I'm online..
[68/128]	I'm online..
[50/128]	I'm online..
[49/128]	I'm online..
[102/128]	I'm online..
[17/128]	I'm online..
[25/128]	I'm online..
[62/128]	I'm online..
[20/128]	I'm online..
[127/128]	I'm online..
[58/128]	I'm online..
[41/128]	I'm online..
[67/128]	I'm online..
[44/128]	I'm online..
[52/128]	I'm online..
[105/128]	I'm online..
[109/128]	I'm online..
[21/128]	I'm online..
[47/128]	I'm online..
[2/128]	I'm online..
[115/128]	I'm online..
[3/128]	I'm online..
[5/128]	I'm online..
[23/128]	I'm online..
[42/128]	I'm online..
[45/128]	I'm online..
[11/128]	I'm online..
[39/128]	I'm online..
[89/128]	I'm online..
[31/128]	I'm online..
[97/128]	I'm online..
[79/128]	I'm online..
[95/128]	I'm online..
[85/128]	I'm online..
[103/128]	I'm online..
[24/128]	I'm online..
[100/128]	I'm online..
[104/128]	I'm online..
[124/128]	I'm online..
[120/128]	I'm online..
[86/128]	I'm online..
[94/128]	I'm online..
---------------- EAR 5.2 MPI enabled ----------------
                   App/user id: 'hratio_l30'/'ovaneck2'
    Node/job id/step_id/app_id: 'tcn139'/'17582750'/'10'/'1657740'
     P_STATE/frequency (turbo): 0/2600000 (0)
    Tasks/nodes/ppn/node_ratio: 128/1/128/1.000
             Policy (learning): monitoring (0)
Policy threshold/Perf accuracy: 0.00/10000000.00
   DynAIS levels/window/AVX512: 10/200/2
                      VAR path: /var/ear
           EAR privileged user: 0
                       EARL on: 1 
                  Max CPU freq: 2600000
-------------------------------------------------------
EAR initialized successfully.
[1/128]	I'm online..
[34m[tcn139][0][INFO] [0mWarning: Estimated power 252.15 W (DC vs CPU+GPU 1.00)
[34m[tcn139][0][INFO] [0mScope APP master 1 elapsed 0.000000
----------------------------------- Application Summary [tcn139] -----------------------------------
--- App id: hratio_l30 / user id: ovaneck2 / account: vusei12999 / job.step: 17582750.10.1657740 ---


(Appl. sign.) Wall time: 0.290 s, CPU util.: 5108 %, nominal freq.: 2.60 GHz, avg. freq: 2.57 GHz, avg imc freq: 1.47 GHz
              Avg. mpi_time/exec_time 0.0 %

              tasks: 128

              CPI/TPI: 0.394/230.792, GB/s: 4.591, GFLOPS: 0.000, IO: 8.926 (MB/s)
              DC/DRAM/PCK power: 252.153/0.000/252.154 (W) GFlops/Watts 0.000


----------------------------------------------------------------------------------------------------
[16/128]	Finalized MPI..
[14/128]	Finalized MPI..
[102/128]	Finalized MPI..
[109/128]	Finalized MPI..
[105/128]	Finalized MPI..
[10/128]	Finalized MPI..
[101/128]	Finalized MPI..
[125/128]	Finalized MPI..
[3/128]	Finalized MPI..
[26/128]	Finalized MPI..
[110/128]	Finalized MPI..
[104/128]	Finalized MPI..
[73/128]	Finalized MPI..
[107/128]	Finalized MPI..
[106/128]	Finalized MPI..
[43/128]	Finalized MPI..
[1/128]	Finalized MPI..
[57/128]	Finalized MPI..
[12/128]	Finalized MPI..
[121/128]	Finalized MPI..
[39/128]	Finalized MPI..
[76/128]	Finalized MPI..
[9/128]	Finalized MPI..
[2/128]	Finalized MPI..
[45/128]	Finalized MPI..
[78/128]	Finalized MPI..
[55/128]	Finalized MPI..
[69/128]	Finalized MPI..
[87/128]	Finalized MPI..
[60/128]	Finalized MPI..
[83/128]	Finalized MPI..
[90/128]	Finalized MPI..
[34/128]	Finalized MPI..
[68/128]	Finalized MPI..
[108/128]	Finalized MPI..
[56/128]	Finalized MPI..
[94/128]	Finalized MPI..
[72/128]	Finalized MPI..
[19/128]	Finalized MPI..
[100/128]	Finalized MPI..
[13/128]	Finalized MPI..
[48/128]	Finalized MPI..
[116/128]	Finalized MPI..
[97/128]	Finalized MPI..
[33/128]	Finalized MPI..
[120/128]	Finalized MPI..
[8/128]	Finalized MPI..
[80/128]	Finalized MPI..
[77/128]	Finalized MPI..
[22/128]	Finalized MPI..
[58/128]	Finalized MPI..
[75/128]	Finalized MPI..
[74/128]	Finalized MPI..
[113/128]	Finalized MPI..
[122/128]	Finalized MPI..
[24/128]	Finalized MPI..
[92/128]	Finalized MPI..
[88/128]	Finalized MPI..
[25/128]	Finalized MPI..
[85/128]	Finalized MPI..
[81/128]	Finalized MPI..
[96/128]	Finalized MPI..
[84/128]	Finalized MPI..
[111/128]	Finalized MPI..
[99/128]	Finalized MPI..
[124/128]	Finalized MPI..
[42/128]	Finalized MPI..
[91/128]	Finalized MPI..
[53/128]	Finalized MPI..
[49/128]	Finalized MPI..
[59/128]	Finalized MPI..
[127/128]	Finalized MPI..
[67/128]	Finalized MPI..
[65/128]	Finalized MPI..
[62/128]	Finalized MPI..
[5/128]	Finalized MPI..
[11/128]	Finalized MPI..
[61/128]	Finalized MPI..
[115/128]	Finalized MPI..
[29/128]	Finalized MPI..
[28/128]	Finalized MPI..
[114/128]	Finalized MPI..
[35/128]	Finalized MPI..
[95/128]	Finalized MPI..
[63/128]	Finalized MPI..
[51/128]	Finalized MPI..
[47/128]	Finalized MPI..
[38/128]	Finalized MPI..
[46/128]	Finalized MPI..
[52/128]	Finalized MPI..
[93/128]	Finalized MPI..
[21/128]	Finalized MPI..
[15/128]	Finalized MPI..
[89/128]	Finalized MPI..
[126/128]	Finalized MPI..
[118/128]	Finalized MPI..
[117/128]	Finalized MPI..
[37/128]	Finalized MPI..
[71/128]	Finalized MPI..
[23/128]	Finalized MPI..
[112/128]	Finalized MPI..
[86/128]	Finalized MPI..
[17/128]	Finalized MPI..
[54/128]	Finalized MPI..
[31/128]	Finalized MPI..
[40/128]	Finalized MPI..
[36/128]	Finalized MPI..
[44/128]	Finalized MPI..
[50/128]	Finalized MPI..
[70/128]	Finalized MPI..
[7/128]	Finalized MPI..
[98/128]	Finalized MPI..
[128/128]	Finalized MPI..
[103/128]	Finalized MPI..
[32/128]	Finalized MPI..
[123/128]	Finalized MPI..
[82/128]	Finalized MPI..
[64/128]	Finalized MPI..
[4/128]	Finalized MPI..
[20/128]	Finalized MPI..
[66/128]	Finalized MPI..
[27/128]	Finalized MPI..
[119/128]	Finalized MPI..
[41/128]	Finalized MPI..
[30/128]	Finalized MPI..
[79/128]	Finalized MPI..
[18/128]	Finalized MPI..
[6/128]	Finalized MPI..
[EARL][tcn139][1659952] --- EARL INIT [PID: 1659952] [MASTER: 1] ---
[34m[tcn139][0][INFO] [0mK-medoids & roofline strategies not available. Loading default model for the classification
--- EARL loaded APIs ---
MGT_CPUFREQ: EARD
MGT_IMCFREQ: EARD
MGT_PRIO   : DUMMY
MET_CPUFREQ: EARD
MET_IMCFREQ: EARD
MET_ENERGY : EARD
MET_TEMP:    AMD17
MET_BWIDTH : EARD
MET_FLOPS  : PERF
MET_CPI    : PERF
MGT_GPU    : DUMMY
MET_GPU    : DUMMY
L1D: loaded (event PERF_L1D_MISS_LD) 
L2 : loaded (event L2_MISS_FROM_DC) (also in LBW)
L2 : loaded (event L2_MISS_FROM_PF1) (also in LBW)
L2 : loaded (event L2_MISS_FROM_PF2) (also in LBW)

------------------------
[37/128]	I'm online..
[38/128]	I'm online..
[77/128]	I'm online..
[13/128]	I'm online..
[17/128]	I'm online..
[34/128]	I'm online..
[53/128]	I'm online..
[55/128]	I'm online..
[23/128]	I'm online..
[45/128]	I'm online..
[79/128]	I'm online..
[24/128]	I'm online..
[85/128]	I'm online..
[94/128]	I'm online..
[78/128]	I'm online..
[119/128]	I'm online..
[26/128]	I'm online..
[95/128]	I'm online..
[10/128]	I'm online..
[15/128]	I'm online..
[113/128]	I'm online..
[120/128]	I'm online..
[47/128]	I'm online..
[82/128]	I'm online..
[98/128]	I'm online..
[50/128]	I'm online..
Mapping frequencies from 128 processes to 128 CPUs...
[96/128]	I'm online..
[80/128]	I'm online..
[105/128]	I'm online..
[8/128]	I'm online..
[115/128]	I'm online..
[88/128]	I'm online..
[40/128]	I'm online..
[18/128]	I'm online..
[103/128]	I'm online..
[117/128]	I'm online..
[84/128]	I'm online..
[87/128]	I'm online..
[100/128]	I'm online..
[128/128]	I'm online..
[75/128]	I'm online..
[61/128]	I'm online..
[12/128]	I'm online..
[106/128]	I'm online..
[59/128]	I'm online..
[91/128]	I'm online..
[21/128]	I'm online..
[121/128]	I'm online..
[36/128]	I'm online..
[5/128]	I'm online..
[56/128]	I'm online..
[83/128]	I'm online..
[102/128]	I'm online..
[68/128]	I'm online..
[6/128]	I'm online..
[124/128]	I'm online..
[60/128]	I'm online..
[99/128]	I'm online..
[9/128]	I'm online..
[71/128]	I'm online..
[2/128]	I'm online..
[65/128]	I'm online..
[93/128]	I'm online..
[74/128]	I'm online..
[116/128]	I'm online..
[16/128]	I'm online..
[97/128]	I'm online..
[89/128]	I'm online..
[31/128]	I'm online..
[125/128]	I'm online..
[62/128]	I'm online..
[73/128]	I'm online..
[109/128]	I'm online..
[112/128]	I'm online..
[69/128]	I'm online..
[90/128]	I'm online..
[92/128]	I'm online..
[67/128]	I'm online..
[66/128]	I'm online..
[76/128]	I'm online..
[114/128]	I'm online..
[44/128]	I'm online..
[81/128]	I'm online..
[48/128]	I'm online..
[57/128]	I'm online..
[127/128]	I'm online..
[108/128]	I'm online..
[52/128]	I'm online..
[72/128]	I'm online..
[27/128]	I'm online..
[51/128]	I'm online..
[54/128]	I'm online..
[32/128]	I'm online..
[35/128]	I'm online..
[118/128]	I'm online..
[28/128]	I'm online..
[42/128]	I'm online..
[104/128]	I'm online..
[63/128]	I'm online..
[70/128]	I'm online..
[86/128]	I'm online..
[126/128]	I'm online..
[4/128]	I'm online..
[19/128]	I'm online..
[7/128]	I'm online..
[64/128]	I'm online..
[110/128]	I'm online..
[111/128]	I'm online..
[49/128]	I'm online..
[20/128]	I'm online..
[33/128]	I'm online..
[25/128]	I'm online..
[3/128]	I'm online..
[14/128]	I'm online..
[101/128]	I'm online..
[41/128]	I'm online..
[29/128]	I'm online..
[30/128]	I'm online..
[46/128]	I'm online..
[11/128]	I'm online..
[58/128]	I'm online..
[39/128]	I'm online..
[43/128]	I'm online..
[107/128]	I'm online..
[122/128]	I'm online..
[123/128]	I'm online..
[22/128]	I'm online..
---------------- EAR 5.2 MPI enabled ----------------
                   App/user id: 'hratio_l30'/'ovaneck2'
    Node/job id/step_id/app_id: 'tcn139'/'17582750'/'11'/'1659952'
     P_STATE/frequency (turbo): 0/2600000 (0)
    Tasks/nodes/ppn/node_ratio: 128/1/128/1.000
             Policy (learning): monitoring (0)
Policy threshold/Perf accuracy: 0.00/10000000.00
   DynAIS levels/window/AVX512: 10/200/2
                      VAR path: /var/ear
           EAR privileged user: 0
                       EARL on: 1 
                  Max CPU freq: 2600000
-------------------------------------------------------
EAR initialized successfully.
[1/128]	I'm online..
[34m[tcn139][0][INFO] [0mWarning: Estimated power 310.92 W (DC vs CPU+GPU 1.00)
[34m[tcn139][0][INFO] [0mScope APP master 1 elapsed 0.000000
----------------------------------- Application Summary [tcn139] -----------------------------------
--- App id: hratio_l30 / user id: ovaneck2 / account: vusei12999 / job.step: 17582750.11.1659952 ---


(Appl. sign.) Wall time: 0.178 s, CPU util.: 5221 %, nominal freq.: 2.60 GHz, avg. freq: 2.57 GHz, avg imc freq: 1.47 GHz
              Avg. mpi_time/exec_time 0.0 %

              tasks: 128

              CPI/TPI: 0.402/223.716, GB/s: 4.782, GFLOPS: 0.000, IO: 6.074 (MB/s)
              DC/DRAM/PCK power: 310.917/0.000/310.920 (W) GFlops/Watts 0.000


----------------------------------------------------------------------------------------------------
[49/128]	Finalized MPI..
[46/128]	Finalized MPI..
[69/128]	Finalized MPI..
[4/128]	Finalized MPI..
[47/128]	Finalized MPI..
[85/128]	Finalized MPI..
[8/128]	Finalized MPI..
[126/128]	Finalized MPI..
[90/128]	Finalized MPI..
[92/128]	Finalized MPI..
[67/128]	Finalized MPI..
[127/128]	Finalized MPI..
[93/128]	Finalized MPI..
[12/128]	Finalized MPI..
[101/128]	Finalized MPI..
[42/128]	Finalized MPI..
[43/128]	Finalized MPI..
[94/128]	Finalized MPI..
[44/128]	Finalized MPI..
[83/128]	Finalized MPI..
[88/128]	Finalized MPI..
[7/128]	Finalized MPI..
[106/128]	Finalized MPI..
[113/128]	Finalized MPI..
[45/128]	Finalized MPI..
[125/128]	Finalized MPI..
[78/128]	Finalized MPI..
[77/128]	Finalized MPI..
[58/128]	Finalized MPI..
[9/128]	Finalized MPI..
[84/128]	Finalized MPI..
[62/128]	Finalized MPI..
[13/128]	Finalized MPI..
[3/128]	Finalized MPI..
[73/128]	Finalized MPI..
[74/128]	Finalized MPI..
[97/128]	Finalized MPI..
[52/128]	Finalized MPI..
[21/128]	Finalized MPI..
[2/128]	Finalized MPI..
[120/128]	Finalized MPI..
[108/128]	Finalized MPI..
[118/128]	Finalized MPI..
[96/128]	Finalized MPI..
[1/128]	Finalized MPI..
[81/128]	Finalized MPI..
[89/128]	Finalized MPI..
[122/128]	Finalized MPI..
[102/128]	Finalized MPI..
[99/128]	Finalized MPI..
[50/128]	Finalized MPI..
[51/128]	Finalized MPI..
[54/128]	Finalized MPI..
[23/128]	Finalized MPI..
[16/128]	Finalized MPI..
[112/128]	Finalized MPI..
[41/128]	Finalized MPI..
[123/128]	Finalized MPI..
[19/128]	Finalized MPI..
[91/128]	Finalized MPI..
[34/128]	Finalized MPI..
[38/128]	Finalized MPI..
[98/128]	Finalized MPI..
[55/128]	Finalized MPI..
[87/128]	Finalized MPI..
[39/128]	Finalized MPI..
[128/128]	Finalized MPI..
[56/128]	Finalized MPI..
[117/128]	Finalized MPI..
[33/128]	Finalized MPI..
[18/128]	Finalized MPI..
[75/128]	Finalized MPI..
[119/128]	Finalized MPI..
[37/128]	Finalized MPI..
[68/128]	Finalized MPI..
[109/128]	Finalized MPI..
[65/128]	Finalized MPI..
[115/128]	Finalized MPI..
[25/128]	Finalized MPI..
[82/128]	Finalized MPI..
[80/128]	Finalized MPI..
[60/128]	Finalized MPI..
[105/128]	Finalized MPI..
[104/128]	Finalized MPI..
[48/128]	Finalized MPI..
[11/128]	Finalized MPI..
[14/128]	Finalized MPI..
[76/128]	Finalized MPI..
[30/128]	Finalized MPI..
[70/128]	Finalized MPI..
[64/128]	Finalized MPI..
[103/128]	Finalized MPI..
[111/128]	Finalized MPI..
[63/128]	Finalized MPI..
[61/128]	Finalized MPI..
[53/128]	Finalized MPI..
[28/128]	Finalized MPI..
[24/128]	Finalized MPI..
[57/128]	Finalized MPI..
[36/128]	Finalized MPI..
[5/128]	Finalized MPI..
[95/128]	Finalized MPI..
[71/128]	Finalized MPI..
[15/128]	Finalized MPI..
[6/128]	Finalized MPI..
[17/128]	Finalized MPI..
[107/128]	Finalized MPI..
[86/128]	Finalized MPI..
[40/128]	Finalized MPI..
[110/128]	Finalized MPI..
[66/128]	Finalized MPI..
[114/128]	Finalized MPI..
[116/128]	Finalized MPI..
[22/128]	Finalized MPI..
[72/128]	Finalized MPI..
[100/128]	Finalized MPI..
[29/128]	Finalized MPI..
[32/128]	Finalized MPI..
[59/128]	Finalized MPI..
[20/128]	Finalized MPI..
[35/128]	Finalized MPI..
[31/128]	Finalized MPI..
[10/128]	Finalized MPI..
[79/128]	Finalized MPI..
[121/128]	Finalized MPI..
[124/128]	Finalized MPI..
[27/128]	Finalized MPI..
[26/128]	Finalized MPI..
[EARL][tcn139][1662167] --- EARL INIT [PID: 1662167] [MASTER: 1] ---
[34m[tcn139][0][INFO] [0mK-medoids & roofline strategies not available. Loading default model for the classification
--- EARL loaded APIs ---
MGT_CPUFREQ: EARD
MGT_IMCFREQ: EARD
MGT_PRIO   : DUMMY
MET_CPUFREQ: EARD
MET_IMCFREQ: EARD
MET_ENERGY : EARD
MET_TEMP:    AMD17
MET_BWIDTH : EARD
MET_FLOPS  : PERF
MET_CPI    : PERF
MGT_GPU    : DUMMY
MET_GPU    : DUMMY
L1D: loaded (event PERF_L1D_MISS_LD) 
L2 : loaded (event L2_MISS_FROM_DC) (also in LBW)
L2 : loaded (event L2_MISS_FROM_PF1) (also in LBW)
L2 : loaded (event L2_MISS_FROM_PF2) (also in LBW)

------------------------
[87/128]	I'm online..
[89/128]	I'm online..
[122/128]	I'm online..
[7/128]	I'm online..
[17/128]	I'm online..
[18/128]	I'm online..
[19/128]	I'm online..
[20/128]	I'm online..
[36/128]	I'm online..
[38/128]	I'm online..
[39/128]	I'm online..
[40/128]	I'm online..
[53/128]	I'm online..
[54/128]	I'm online..
[69/128]	I'm online..
[73/128]	I'm online..
[77/128]	I'm online..
[86/128]	I'm online..
[101/128]	I'm online..
[112/128]	I'm online..
[49/128]	I'm online..
[85/128]	I'm online..
[109/128]	I'm online..
[105/128]	I'm online..
[14/128]	I'm online..
[47/128]	I'm online..
[88/128]	I'm online..
[74/128]	I'm online..
[37/128]	I'm online..
[110/128]	I'm online..
[72/128]	I'm online..
[8/128]	I'm online..
[46/128]	I'm online..
[55/128]	I'm online..
[75/128]	I'm online..
[79/128]	I'm online..
[104/128]	I'm online..
[106/128]	I'm online..
[123/128]	I'm online..
[35/128]	I'm online..
[92/128]	I'm online..
[118/128]	I'm online..
[15/128]	I'm online..
[50/128]	I'm online..
[56/128]	I'm online..
[68/128]	I'm online..
[5/128]	I'm online..
[102/128]	I'm online..
[103/128]	I'm online..
[13/128]	I'm online..
[31/128]	I'm online..
[98/128]	I'm online..
[63/128]	I'm online..
[91/128]	I'm online..
Mapping frequencies from 128 processes to 128 CPUs...
[24/128]	I'm online..
[64/128]	I'm online..
[117/128]	I'm online..
[120/128]	I'm online..
[25/128]	I'm online..
[76/128]	I'm online..
[108/128]	I'm online..
[113/128]	I'm online..
[128/128]	I'm online..
[60/128]	I'm online..
[6/128]	I'm online..
[116/128]	I'm online..
[65/128]	I'm online..
[3/128]	I'm online..
[99/128]	I'm online..
[121/128]	I'm online..
[71/128]	I'm online..
[57/128]	I'm online..
[80/128]	I'm online..
[12/128]	I'm online..
[4/128]	I'm online..
[27/128]	I'm online..
[34/128]	I'm online..
[21/128]	I'm online..
[33/128]	I'm online..
[78/128]	I'm online..
[26/128]	I'm online..
[97/128]	I'm online..
[44/128]	I'm online..
[43/128]	I'm online..
[94/128]	I'm online..
[52/128]	I'm online..
[10/128]	I'm online..
[11/128]	I'm online..
[96/128]	I'm online..
[59/128]	I'm online..
[66/128]	I'm online..
[111/128]	I'm online..
[58/128]	I'm online..
[2/128]	I'm online..
[83/128]	I'm online..
[41/128]	I'm online..
[81/128]	I'm online..
[23/128]	I'm online..
[100/128]	I'm online..
[9/128]	I'm online..
[32/128]	I'm online..
[127/128]	I'm online..
[90/128]	I'm online..
[28/128]	I'm online..
[22/128]	I'm online..
[84/128]	I'm online..
[107/128]	I'm online..
[42/128]	I'm online..
[48/128]	I'm online..
[67/128]	I'm online..
[70/128]	I'm online..
[114/128]	I'm online..
[45/128]	I'm online..
[62/128]	I'm online..
[61/128]	I'm online..
[126/128]	I'm online..
[82/128]	I'm online..
[119/128]	I'm online..
[51/128]	I'm online..
[93/128]	I'm online..
[125/128]	I'm online..
[29/128]	I'm online..
[124/128]	I'm online..
[16/128]	I'm online..
[30/128]	I'm online..
[95/128]	I'm online..
[115/128]	I'm online..
---------------- EAR 5.2 MPI enabled ----------------
                   App/user id: 'hratio_l30'/'ovaneck2'
    Node/job id/step_id/app_id: 'tcn139'/'17582750'/'12'/'1662167'
     P_STATE/frequency (turbo): 0/2600000 (0)
    Tasks/nodes/ppn/node_ratio: 128/1/128/1.000
             Policy (learning): monitoring (0)
Policy threshold/Perf accuracy: 0.00/10000000.00
   DynAIS levels/window/AVX512: 10/200/2
                      VAR path: /var/ear
           EAR privileged user: 0
                       EARL on: 1 
                  Max CPU freq: 2600000
-------------------------------------------------------
EAR initialized successfully.
[1/128]	I'm online..
[34m[tcn139][0][INFO] [0mWarning: Estimated power 273.79 W (DC vs CPU+GPU 1.00)
[34m[tcn139][0][INFO] [0mScope APP master 1 elapsed 0.000000
----------------------------------- Application Summary [tcn139] -----------------------------------
--- App id: hratio_l30 / user id: ovaneck2 / account: vusei12999 / job.step: 17582750.12.1662167 ---


(Appl. sign.) Wall time: 0.239 s, CPU util.: 5590 %, nominal freq.: 2.60 GHz, avg. freq: 2.57 GHz, avg imc freq: 1.47 GHz
              Avg. mpi_time/exec_time 0.0 %

              tasks: 128

              CPI/TPI: 0.394/201.809, GB/s: 4.939, GFLOPS: 0.000, IO: 10.006 (MB/s)
              DC/DRAM/PCK power: 273.792/0.000/273.793 (W) GFlops/Watts 0.000


----------------------------------------------------------------------------------------------------
[2/128]	Finalized MPI..
[12/128]	Finalized MPI..
[49/128]	Finalized MPI..
[66/128]	Finalized MPI..
[83/128]	Finalized MPI..
[28/128]	Finalized MPI..
[76/128]	Finalized MPI..
[22/128]	Finalized MPI..
[88/128]	Finalized MPI..
[65/128]	Finalized MPI..
[31/128]	Finalized MPI..
[94/128]	Finalized MPI..
[117/128]	Finalized MPI..
[120/128]	Finalized MPI..
[45/128]	Finalized MPI..
[46/128]	Finalized MPI..
[17/128]	Finalized MPI..
[58/128]	Finalized MPI..
[118/128]	Finalized MPI..
[105/128]	Finalized MPI..
[78/128]	Finalized MPI..
[91/128]	Finalized MPI..
[73/128]	Finalized MPI..
[21/128]	Finalized MPI..
[104/128]	Finalized MPI..
[44/128]	Finalized MPI..
[98/128]	Finalized MPI..
[103/128]	Finalized MPI..
[115/128]	Finalized MPI..
[113/128]	Finalized MPI..
[34/128]	Finalized MPI..
[27/128]	Finalized MPI..
[1/128]	Finalized MPI..
[84/128]	Finalized MPI..
[4/128]	Finalized MPI..
[89/128]	Finalized MPI..
[48/128]	Finalized MPI..
[62/128]	Finalized MPI..
[93/128]	Finalized MPI..
[116/128]	Finalized MPI..
[112/128]	Finalized MPI..
[108/128]	Finalized MPI..
[102/128]	Finalized MPI..
[56/128]	Finalized MPI..
[75/128]	Finalized MPI..
[111/128]	Finalized MPI..
[77/128]	Finalized MPI..
[36/128]	Finalized MPI..
[114/128]	Finalized MPI..
[23/128]	Finalized MPI..
[55/128]	Finalized MPI..
[41/128]	Finalized MPI..
[20/128]	Finalized MPI..
[87/128]	Finalized MPI..
[99/128]	Finalized MPI..
[69/128]	Finalized MPI..
[47/128]	Finalized MPI..
[70/128]	Finalized MPI..
[33/128]	Finalized MPI..
[29/128]	Finalized MPI..
[57/128]	Finalized MPI..
[40/128]	Finalized MPI..
[80/128]	Finalized MPI..
[81/128]	Finalized MPI..
[109/128]	Finalized MPI..
[32/128]	Finalized MPI..
[101/128]	Finalized MPI..
[35/128]	Finalized MPI..
[43/128]	Finalized MPI..
[52/128]	Finalized MPI..
[14/128]	Finalized MPI..
[82/128]	Finalized MPI..
[72/128]	Finalized MPI..
[10/128]	Finalized MPI..
[24/128]	Finalized MPI..
[68/128]	Finalized MPI..
[119/128]	Finalized MPI..
[13/128]	Finalized MPI..
[86/128]	Finalized MPI..
[11/128]	Finalized MPI..
[9/128]	Finalized MPI..
[18/128]	Finalized MPI..
[19/128]	Finalized MPI..
[51/128]	Finalized MPI..
[90/128]	Finalized MPI..
[126/128]	Finalized MPI..
[71/128]	Finalized MPI..
[74/128]	Finalized MPI..
[92/128]	Finalized MPI..
[95/128]	Finalized MPI..
[110/128]	Finalized MPI..
[5/128]	Finalized MPI..
[64/128]	Finalized MPI..
[30/128]	Finalized MPI..
[6/128]	Finalized MPI..
[61/128]	Finalized MPI..
[8/128]	Finalized MPI..
[85/128]	Finalized MPI..
[38/128]	Finalized MPI..
[100/128]	Finalized MPI..
[124/128]	Finalized MPI..
[60/128]	Finalized MPI..
[121/128]	Finalized MPI..
[122/128]	Finalized MPI..
[59/128]	Finalized MPI..
[123/128]	Finalized MPI..
[128/128]	Finalized MPI..
[26/128]	Finalized MPI..
[53/128]	Finalized MPI..
[107/128]	Finalized MPI..
[96/128]	Finalized MPI..
[42/128]	Finalized MPI..
[79/128]	Finalized MPI..
[15/128]	Finalized MPI..
[106/128]	Finalized MPI..
[25/128]	Finalized MPI..
[67/128]	Finalized MPI..
[39/128]	Finalized MPI..
[127/128]	Finalized MPI..
[7/128]	Finalized MPI..
[97/128]	Finalized MPI..
[50/128]	Finalized MPI..
[37/128]	Finalized MPI..
[54/128]	Finalized MPI..
[63/128]	Finalized MPI..
[125/128]	Finalized MPI..
[16/128]	Finalized MPI..
[3/128]	Finalized MPI..
[EARL][tcn139][1664422] --- EARL INIT [PID: 1664422] [MASTER: 1] ---
[34m[tcn139][0][INFO] [0mK-medoids & roofline strategies not available. Loading default model for the classification
--- EARL loaded APIs ---
MGT_CPUFREQ: EARD
MGT_IMCFREQ: EARD
MGT_PRIO   : DUMMY
MET_CPUFREQ: EARD
MET_IMCFREQ: EARD
MET_ENERGY : EARD
MET_TEMP:    AMD17
MET_BWIDTH : EARD
MET_FLOPS  : PERF
MET_CPI    : PERF
MGT_GPU    : DUMMY
MET_GPU    : DUMMY
L1D: loaded (event PERF_L1D_MISS_LD) 
L2 : loaded (event L2_MISS_FROM_DC) (also in LBW)
L2 : loaded (event L2_MISS_FROM_PF1) (also in LBW)
L2 : loaded (event L2_MISS_FROM_PF2) (also in LBW)

------------------------
[9/128]	I'm online..
[21/128]	I'm online..
[22/128]	I'm online..
[53/128]	I'm online..
[56/128]	I'm online..
[62/128]	I'm online..
[63/128]	I'm online..
[67/128]	I'm online..
[73/128]	I'm online..
[76/128]	I'm online..
[80/128]	I'm online..
[106/128]	I'm online..
[109/128]	I'm online..
[125/128]	I'm online..
[7/128]	I'm online..
[13/128]	I'm online..
[23/128]	I'm online..
[36/128]	I'm online..
[101/128]	I'm online..
[26/128]	I'm online..
[117/128]	I'm online..
[64/128]	I'm online..
[65/128]	I'm online..
[48/128]	I'm online..
[118/128]	I'm online..
[10/128]	I'm online..
[84/128]	I'm online..
[79/128]	I'm online..
[83/128]	I'm online..
[90/128]	I'm online..
[34/128]	I'm online..
[5/128]	I'm online..
[11/128]	I'm online..
[42/128]	I'm online..
[47/128]	I'm online..
[72/128]	I'm online..
[30/128]	I'm online..
[43/128]	I'm online..
[71/128]	I'm online..
[87/128]	I'm online..
[60/128]	I'm online..
[75/128]	I'm online..
[70/128]	I'm online..
[112/128]	I'm online..
[54/128]	I'm online..
[102/128]	I'm online..
[111/128]	I'm online..
[69/128]	I'm online..
[88/128]	I'm online..
[29/128]	I'm online..
[32/128]	I'm online..
[86/128]	I'm online..
[110/128]	I'm online..
[114/128]	I'm online..
[14/128]	I'm online..
[74/128]	I'm online..
[97/128]	I'm online..
[19/128]	I'm online..
[77/128]	I'm online..
[52/128]	I'm online..
[4/128]	I'm online..
[116/128]	I'm online..
[33/128]	I'm online..
[18/128]	I'm online..
[107/128]	I'm online..
[108/128]	I'm online..
[44/128]	I'm online..
[89/128]	I'm online..
[103/128]	I'm online..
[104/128]	I'm online..
[105/128]	I'm online..
[98/128]	I'm online..
[68/128]	I'm online..
Mapping frequencies from 128 processes to 128 CPUs...
[61/128]	I'm online..
[59/128]	I'm online..
[50/128]	I'm online..
[35/128]	I'm online..
[27/128]	I'm online..
[127/128]	I'm online..
[82/128]	I'm online..
[126/128]	I'm online..
[58/128]	I'm online..
[95/128]	I'm online..
[49/128]	I'm online..
[45/128]	I'm online..
[57/128]	I'm online..
[46/128]	I'm online..
[8/128]	I'm online..
[81/128]	I'm online..
[119/128]	I'm online..
[100/128]	I'm online..
[91/128]	I'm online..
[120/128]	I'm online..
[128/128]	I'm online..
[31/128]	I'm online..
[96/128]	I'm online..
[124/128]	I'm online..
[51/128]	I'm online..
[17/128]	I'm online..
[55/128]	I'm online..
[6/128]	I'm online..
[20/128]	I'm online..
[41/128]	I'm online..
[2/128]	I'm online..
[93/128]	I'm online..
[37/128]	I'm online..
[121/128]	I'm online..
[24/128]	I'm online..
[94/128]	I'm online..
[113/128]	I'm online..
[16/128]	I'm online..
[122/128]	I'm online..
[40/128]	I'm online..
[99/128]	I'm online..
[15/128]	I'm online..
[85/128]	I'm online..
[66/128]	I'm online..
[78/128]	I'm online..
[92/128]	I'm online..
[115/128]	I'm online..
[12/128]	I'm online..
[28/128]	I'm online..
[38/128]	I'm online..
[3/128]	I'm online..
[39/128]	I'm online..
[25/128]	I'm online..
[123/128]	I'm online..
---------------- EAR 5.2 MPI enabled ----------------
                   App/user id: 'hratio_l30'/'ovaneck2'
    Node/job id/step_id/app_id: 'tcn139'/'17582750'/'13'/'1664422'
     P_STATE/frequency (turbo): 0/2600000 (0)
    Tasks/nodes/ppn/node_ratio: 128/1/128/1.000
             Policy (learning): monitoring (0)
Policy threshold/Perf accuracy: 0.00/10000000.00
   DynAIS levels/window/AVX512: 10/200/2
                      VAR path: /var/ear
           EAR privileged user: 0
                       EARL on: 1 
                  Max CPU freq: 2600000
-------------------------------------------------------
EAR initialized successfully.
[1/128]	I'm online..
[34m[tcn139][0][INFO] [0mScope APP master 1 elapsed 0.000000
----------------------------------- Application Summary [tcn139] -----------------------------------
--- App id: hratio_l30 / user id: ovaneck2 / account: vusei12999 / job.step: 17582750.13.1664422 ---


(Appl. sign.) Wall time: 2.411 s, CPU util.: 6012 %, nominal freq.: 2.60 GHz, avg. freq: 2.57 GHz, avg imc freq: 1.47 GHz
              Avg. mpi_time/exec_time 0.0 %

              tasks: 128

              CPI/TPI: 0.381/661.565, GB/s: 4.132, GFLOPS: 0.000, IO: 16.184 (MB/s)
              DC/DRAM/PCK power: 139.362/0.000/237.900 (W) GFlops/Watts 0.000


----------------------------------------------------------------------------------------------------
[83/128]	Finalized MPI..
[116/128]	Finalized MPI..
[5/128]	Finalized MPI..
[118/128]	Finalized MPI..
[105/128]	Finalized MPI..
[108/128]	Finalized MPI..
[8/128]	Finalized MPI..
[121/128]	Finalized MPI..
[34/128]	Finalized MPI..
[124/128]	Finalized MPI..
[110/128]	Finalized MPI..
[98/128]	Finalized MPI..
[97/128]	Finalized MPI..
[74/128]	Finalized MPI..
[31/128]	Finalized MPI..
[120/128]	Finalized MPI..
[43/128]	Finalized MPI..
[44/128]	Finalized MPI..
[48/128]	Finalized MPI..
[102/128]	Finalized MPI..
[54/128]	Finalized MPI..
[127/128]	Finalized MPI..
[7/128]	Finalized MPI..
[11/128]	Finalized MPI..
[88/128]	Finalized MPI..
[125/128]	Finalized MPI..
[100/128]	Finalized MPI..
[67/128]	Finalized MPI..
[71/128]	Finalized MPI..
[72/128]	Finalized MPI..
[28/128]	Finalized MPI..
[25/128]	Finalized MPI..
[19/128]	Finalized MPI..
[112/128]	Finalized MPI..
[73/128]	Finalized MPI..
[69/128]	Finalized MPI..
[3/128]	Finalized MPI..
[41/128]	Finalized MPI..
[56/128]	Finalized MPI..
[103/128]	Finalized MPI..
[104/128]	Finalized MPI..
[49/128]	Finalized MPI..
[1/128]	Finalized MPI..
[77/128]	Finalized MPI..
[45/128]	Finalized MPI..
[94/128]	Finalized MPI..
[53/128]	Finalized MPI..
[55/128]	Finalized MPI..
[93/128]	Finalized MPI..
[46/128]	Finalized MPI..
[80/128]	Finalized MPI..
[33/128]	Finalized MPI..
[76/128]	Finalized MPI..
[111/128]	Finalized MPI..
[99/128]	Finalized MPI..
[82/128]	Finalized MPI..
[84/128]	Finalized MPI..
[96/128]	Finalized MPI..
[75/128]	Finalized MPI..
[107/128]	Finalized MPI..
[117/128]	Finalized MPI..
[128/128]	Finalized MPI..
[70/128]	Finalized MPI..
[10/128]	Finalized MPI..
[24/128]	Finalized MPI..
[65/128]	Finalized MPI..
[106/128]	Finalized MPI..
[29/128]	Finalized MPI..
[61/128]	Finalized MPI..
[30/128]	Finalized MPI..
[113/128]	Finalized MPI..
[115/128]	Finalized MPI..
[23/128]	Finalized MPI..
[114/128]	Finalized MPI..
[126/128]	Finalized MPI..
[39/128]	Finalized MPI..
[42/128]	Finalized MPI..
[123/128]	Finalized MPI..
[92/128]	Finalized MPI..
[79/128]	Finalized MPI..
[64/128]	Finalized MPI..
[47/128]	Finalized MPI..
[101/128]	Finalized MPI..
[15/128]	Finalized MPI..
[87/128]	Finalized MPI..
[14/128]	Finalized MPI..
[85/128]	Finalized MPI..
[40/128]	Finalized MPI..
[62/128]	Finalized MPI..
[78/128]	Finalized MPI..
[4/128]	Finalized MPI..
[6/128]	Finalized MPI..
[86/128]	Finalized MPI..
[9/128]	Finalized MPI..
[38/128]	Finalized MPI..
[57/128]	Finalized MPI..
[90/128]	Finalized MPI..
[36/128]	Finalized MPI..
[89/128]	Finalized MPI..
[91/128]	Finalized MPI..
[37/128]	Finalized MPI..
[60/128]	Finalized MPI..
[68/128]	Finalized MPI..
[66/128]	Finalized MPI..
[2/128]	Finalized MPI..
[16/128]	Finalized MPI..
[109/128]	Finalized MPI..
[95/128]	Finalized MPI..
[59/128]	Finalized MPI..
[58/128]	Finalized MPI..
[81/128]	Finalized MPI..
[122/128]	Finalized MPI..
[35/128]	Finalized MPI..
[17/128]	Finalized MPI..
[18/128]	Finalized MPI..
[63/128]	Finalized MPI..
[20/128]	Finalized MPI..
[119/128]	Finalized MPI..
[32/128]	Finalized MPI..
[27/128]	Finalized MPI..
[13/128]	Finalized MPI..
[22/128]	Finalized MPI..
[21/128]	Finalized MPI..
[50/128]	Finalized MPI..
[26/128]	Finalized MPI..
[52/128]	Finalized MPI..
[51/128]	Finalized MPI..
[12/128]	Finalized MPI..
[EARL][tcn139][1666645] --- EARL INIT [PID: 1666645] [MASTER: 1] ---
[34m[tcn139][0][INFO] [0mK-medoids & roofline strategies not available. Loading default model for the classification
--- EARL loaded APIs ---
MGT_CPUFREQ: EARD
MGT_IMCFREQ: EARD
MGT_PRIO   : DUMMY
MET_CPUFREQ: EARD
MET_IMCFREQ: EARD
MET_ENERGY : EARD
MET_TEMP:    AMD17
MET_BWIDTH : EARD
MET_FLOPS  : PERF
MET_CPI    : PERF
MGT_GPU    : DUMMY
MET_GPU    : DUMMY
L1D: loaded (event PERF_L1D_MISS_LD) 
L2 : loaded (event L2_MISS_FROM_DC) (also in LBW)
L2 : loaded (event L2_MISS_FROM_PF1) (also in LBW)
L2 : loaded (event L2_MISS_FROM_PF2) (also in LBW)

------------------------
[24/128]	I'm online..
[40/128]	I'm online..
[41/128]	I'm online..
[42/128]	I'm online..
[45/128]	I'm online..
[52/128]	I'm online..
[64/128]	I'm online..
[74/128]	I'm online..
[15/128]	I'm online..
[29/128]	I'm online..
[34/128]	I'm online..
[43/128]	I'm online..
[49/128]	I'm online..
[58/128]	I'm online..
[61/128]	I'm online..
[68/128]	I'm online..
[69/128]	I'm online..
[71/128]	I'm online..
[78/128]	I'm online..
[84/128]	I'm online..
[91/128]	I'm online..
[106/128]	I'm online..
[113/128]	I'm online..
[128/128]	I'm online..
[6/128]	I'm online..
[8/128]	I'm online..
[12/128]	I'm online..
[13/128]	I'm online..
[16/128]	I'm online..
[21/128]	I'm online..
[31/128]	I'm online..
[35/128]	I'm online..
[50/128]	I'm online..
[62/128]	I'm online..
[72/128]	I'm online..
[79/128]	I'm online..
[80/128]	I'm online..
[104/128]	I'm online..
[114/128]	I'm online..
[115/128]	I'm online..
[120/128]	I'm online..
[27/128]	I'm online..
[55/128]	I'm online..
[17/128]	I'm online..
[81/128]	I'm online..
[121/128]	I'm online..
[105/128]	I'm online..
[37/128]	I'm online..
[48/128]	I'm online..
[53/128]	I'm online..
[89/128]	I'm online..
[59/128]	I'm online..
[76/128]	I'm online..
[83/128]	I'm online..
Mapping frequencies from 128 processes to 128 CPUs...
[18/128]	I'm online..
[90/128]	I'm online..
[93/128]	I'm online..
[125/128]	I'm online..
[2/128]	I'm online..
[92/128]	I'm online..
[117/128]	I'm online..
[65/128]	I'm online..
[23/128]	I'm online..
[14/128]	I'm online..
[107/128]	I'm online..
[32/128]	I'm online..
[47/128]	I'm online..
[95/128]	I'm online..
[97/128]	I'm online..
[118/128]	I'm online..
[10/128]	I'm online..
[33/128]	I'm online..
[82/128]	I'm online..
[3/128]	I'm online..
[25/128]	I'm online..
[46/128]	I'm online..
[39/128]	I'm online..
[44/128]	I'm online..
[51/128]	I'm online..
[57/128]	I'm online..
[96/128]	I'm online..
[122/128]	I'm online..
[77/128]	I'm online..
[63/128]	I'm online..
[99/128]	I'm online..
[98/128]	I'm online..
[102/128]	I'm online..
[109/128]	I'm online..
[66/128]	I'm online..
[88/128]	I'm online..
[127/128]	I'm online..
[60/128]	I'm online..
[100/128]	I'm online..
[124/128]	I'm online..
[126/128]	I'm online..
[1/128]	I'm online..
[7/128]	I'm online..
[5/128]	I'm online..
[9/128]	I'm online..
[19/128]	I'm online..
[36/128]	I'm online..
[26/128]	I'm online..
[86/128]	I'm online..
[94/128]	I'm online..
[73/128]	I'm online..
[75/128]	I'm online..
[101/128]	I'm online..
[103/128]	I'm online..
[116/128]	I'm online..
[108/128]	I'm online..
[110/128]	I'm online..
[112/128]	I'm online..
[119/128]	I'm online..
[11/128]	I'm online..
[28/128]	I'm online..
[30/128]	I'm online..
[38/128]	I'm online..
[56/128]	I'm online..
[123/128]	I'm online..
[54/128]	I'm online..
[85/128]	I'm online..
[87/128]	I'm online..
[67/128]	I'm online..
[70/128]	I'm online..
[20/128]	I'm online..
[22/128]	I'm online..
[111/128]	I'm online..
---------------- EAR 5.2 MPI enabled ----------------
                   App/user id: 'hratio_l30'/'ovaneck2'
    Node/job id/step_id/app_id: 'tcn139'/'17582750'/'14'/'1666642'
     P_STATE/frequency (turbo): 0/2600000 (0)
    Tasks/nodes/ppn/node_ratio: 128/1/128/1.000
             Policy (learning): monitoring (0)
Policy threshold/Perf accuracy: 0.00/10000000.00
   DynAIS levels/window/AVX512: 10/200/2
                      VAR path: /var/ear
           EAR privileged user: 0
                       EARL on: 1 
                  Max CPU freq: 2600000
-------------------------------------------------------
EAR initialized successfully.
[4/128]	I'm online..
[34m[tcn139][0][INFO] [0mWarning: Estimated power 262.28 W (DC vs CPU+GPU 1.00)
[34m[tcn139][0][INFO] [0mScope APP master 1 elapsed 0.000000
----------------------------------- Application Summary [tcn139] -----------------------------------
--- App id: hratio_l30 / user id: ovaneck2 / account: vusei12999 / job.step: 17582750.14.1666642 ---


(Appl. sign.) Wall time: 0.346 s, CPU util.: 5475 %, nominal freq.: 2.60 GHz, avg. freq: 2.57 GHz, avg imc freq: 1.47 GHz
              Avg. mpi_time/exec_time 0.0 %

              tasks: 128

              CPI/TPI: 0.386/18.107, GB/s: 5.266, GFLOPS: 0.000, IO: 8.013 (MB/s)
              DC/DRAM/PCK power: 262.284/0.000/262.284 (W) GFlops/Watts 0.000


----------------------------------------------------------------------------------------------------
[61/128]	Finalized MPI..
[115/128]	Finalized MPI..
[81/128]	Finalized MPI..
[87/128]	Finalized MPI..
[19/128]	Finalized MPI..
[54/128]	Finalized MPI..
[122/128]	Finalized MPI..
[26/128]	Finalized MPI..
[29/128]	Finalized MPI..
[68/128]	Finalized MPI..
[94/128]	Finalized MPI..
[117/128]	Finalized MPI..
[65/128]	Finalized MPI..
[96/128]	Finalized MPI..
[116/128]	Finalized MPI..
[114/128]	Finalized MPI..
[4/128]	Finalized MPI..
[112/128]	Finalized MPI..
[52/128]	Finalized MPI..
[80/128]	Finalized MPI..
[90/128]	Finalized MPI..
[18/128]	Finalized MPI..
[17/128]	Finalized MPI..
[106/128]	Finalized MPI..
[60/128]	Finalized MPI..
[6/128]	Finalized MPI..
[91/128]	Finalized MPI..
[89/128]	Finalized MPI..
[57/128]	Finalized MPI..
[66/128]	Finalized MPI..
[128/128]	Finalized MPI..
[51/128]	Finalized MPI..
[42/128]	Finalized MPI..
[84/128]	Finalized MPI..
[71/128]	Finalized MPI..
[97/128]	Finalized MPI..
[41/128]	Finalized MPI..
[9/128]	Finalized MPI..
[67/128]	Finalized MPI..
[73/128]	Finalized MPI..
[86/128]	Finalized MPI..
[83/128]	Finalized MPI..
[5/128]	Finalized MPI..
[75/128]	Finalized MPI..
[78/128]	Finalized MPI..
[79/128]	Finalized MPI..
[104/128]	Finalized MPI..
[103/128]	Finalized MPI..
[95/128]	Finalized MPI..
[39/128]	Finalized MPI..
[34/128]	Finalized MPI..
[38/128]	Finalized MPI..
[124/128]	Finalized MPI..
[100/128]	Finalized MPI..
[82/128]	Finalized MPI..
[77/128]	Finalized MPI..
[127/128]	Finalized MPI..
[111/128]	Finalized MPI..
[120/128]	Finalized MPI..
[70/128]	Finalized MPI..
[72/128]	Finalized MPI..
[1/128]	Finalized MPI..
[69/128]	Finalized MPI..
[119/128]	Finalized MPI..
[8/128]	Finalized MPI..
[125/128]	Finalized MPI..
[13/128]	Finalized MPI..
[15/128]	Finalized MPI..
[59/128]	Finalized MPI..
[121/128]	Finalized MPI..
[12/128]	Finalized MPI..
[101/128]	Finalized MPI..
[102/128]	Finalized MPI..
[21/128]	Finalized MPI..
[93/128]	Finalized MPI..
[123/128]	Finalized MPI..
[107/128]	Finalized MPI..
[76/128]	Finalized MPI..
[85/128]	Finalized MPI..
[99/128]	Finalized MPI..
[108/128]	Finalized MPI..
[36/128]	Finalized MPI..
[74/128]	Finalized MPI..
[23/128]	Finalized MPI..
[110/128]	Finalized MPI..
[56/128]	Finalized MPI..
[53/128]	Finalized MPI..
[109/128]	Finalized MPI..
[49/128]	Finalized MPI..
[55/128]	Finalized MPI..
[88/128]	Finalized MPI..
[45/128]	Finalized MPI..
[63/128]	Finalized MPI..
[64/128]	Finalized MPI..
[113/128]	Finalized MPI..
[48/128]	Finalized MPI..
[118/128]	Finalized MPI..
[126/128]	Finalized MPI..
[35/128]	Finalized MPI..
[33/128]	Finalized MPI..
[46/128]	Finalized MPI..
[25/128]	Finalized MPI..
[30/128]	Finalized MPI..
[3/128]	Finalized MPI..
[31/128]	Finalized MPI..
[58/128]	Finalized MPI..
[14/128]	Finalized MPI..
[22/128]	Finalized MPI..
[16/128]	Finalized MPI..
[98/128]	Finalized MPI..
[92/128]	Finalized MPI..
[32/128]	Finalized MPI..
[105/128]	Finalized MPI..
[44/128]	Finalized MPI..
[62/128]	Finalized MPI..
[28/128]	Finalized MPI..
[43/128]	Finalized MPI..
[7/128]	Finalized MPI..
[11/128]	Finalized MPI..
[37/128]	Finalized MPI..
[50/128]	Finalized MPI..
[40/128]	Finalized MPI..
[24/128]	Finalized MPI..
[20/128]	Finalized MPI..
[47/128]	Finalized MPI..
[10/128]	Finalized MPI..
[2/128]	Finalized MPI..
[27/128]	Finalized MPI..
[EARL][tcn139][1668859] --- EARL INIT [PID: 1668859] [MASTER: 1] ---
[34m[tcn139][0][INFO] [0mK-medoids & roofline strategies not available. Loading default model for the classification
--- EARL loaded APIs ---
MGT_CPUFREQ: EARD
MGT_IMCFREQ: EARD
MGT_PRIO   : DUMMY
MET_CPUFREQ: EARD
MET_IMCFREQ: EARD
MET_ENERGY : EARD
MET_TEMP:    AMD17
MET_BWIDTH : EARD
MET_FLOPS  : PERF
MET_CPI    : PERF
MGT_GPU    : DUMMY
MET_GPU    : DUMMY
L1D: loaded (event PERF_L1D_MISS_LD) 
L2 : loaded (event L2_MISS_FROM_DC) (also in LBW)
L2 : loaded (event L2_MISS_FROM_PF1) (also in LBW)
L2 : loaded (event L2_MISS_FROM_PF2) (also in LBW)

------------------------
[15/128]	I'm online..
[62/128]	I'm online..
[64/128]	I'm online..
[72/128]	I'm online..
[74/128]	I'm online..
[11/128]	I'm online..
[19/128]	I'm online..
[28/128]	I'm online..
[29/128]	I'm online..
[30/128]	I'm online..
[32/128]	I'm online..
[38/128]	I'm online..
[45/128]	I'm online..
[48/128]	I'm online..
[53/128]	I'm online..
[54/128]	I'm online..
[56/128]	I'm online..
[63/128]	I'm online..
[65/128]	I'm online..
[85/128]	I'm online..
[91/128]	I'm online..
[105/128]	I'm online..
[111/128]	I'm online..
[116/128]	I'm online..
[128/128]	I'm online..
[5/128]	I'm online..
[8/128]	I'm online..
[13/128]	I'm online..
[40/128]	I'm online..
[43/128]	I'm online..
[61/128]	I'm online..
[71/128]	I'm online..
[77/128]	I'm online..
[78/128]	I'm online..
[80/128]	I'm online..
[97/128]	I'm online..
[101/128]	I'm online..
[108/128]	I'm online..
[115/128]	I'm online..
[123/128]	I'm online..
[124/128]	I'm online..
Mapping frequencies from 128 processes to 128 CPUs...
[34/128]	I'm online..
[73/128]	I'm online..
[114/128]	I'm online..
[60/128]	I'm online..
[69/128]	I'm online..
[6/128]	I'm online..
[25/128]	I'm online..
[42/128]	I'm online..
[68/128]	I'm online..
[118/128]	I'm online..
[41/128]	I'm online..
[117/128]	I'm online..
[14/128]	I'm online..
[27/128]	I'm online..
[23/128]	I'm online..
[81/128]	I'm online..
[94/128]	I'm online..
[107/128]	I'm online..
[112/128]	I'm online..
[127/128]	I'm online..
[83/128]	I'm online..
[126/128]	I'm online..
[16/128]	I'm online..
[46/128]	I'm online..
[121/128]	I'm online..
[90/128]	I'm online..
[104/128]	I'm online..
[95/128]	I'm online..
[3/128]	I'm online..
[82/128]	I'm online..
[92/128]	I'm online..
[122/128]	I'm online..
[89/128]	I'm online..
[55/128]	I'm online..
[67/128]	I'm online..
[96/128]	I'm online..
[119/128]	I'm online..
[103/128]	I'm online..
[24/128]	I'm online..
[99/128]	I'm online..
[93/128]	I'm online..
[106/128]	I'm online..
[84/128]	I'm online..
[21/128]	I'm online..
[35/128]	I'm online..
[109/128]	I'm online..
[79/128]	I'm online..
[88/128]	I'm online..
[22/128]	I'm online..
[47/128]	I'm online..
[9/128]	I'm online..
[120/128]	I'm online..
[86/128]	I'm online..
[31/128]	I'm online..
[33/128]	I'm online..
[18/128]	I'm online..
[113/128]	I'm online..
[44/128]	I'm online..
[110/128]	I'm online..
[17/128]	I'm online..
[66/128]	I'm online..
[39/128]	I'm online..
[52/128]	I'm online..
[102/128]	I'm online..
[50/128]	I'm online..
[87/128]	I'm online..
[4/128]	I'm online..
[100/128]	I'm online..
[20/128]	I'm online..
[37/128]	I'm online..
[58/128]	I'm online..
[59/128]	I'm online..
[2/128]	I'm online..
[36/128]	I'm online..
[125/128]	I'm online..
[51/128]	I'm online..
[7/128]	I'm online..
[98/128]	I'm online..
[49/128]	I'm online..
[10/128]	I'm online..
[75/128]	I'm online..
[57/128]	I'm online..
[70/128]	I'm online..
[12/128]	I'm online..
[76/128]	I'm online..
[26/128]	I'm online..
---------------- EAR 5.2 MPI enabled ----------------
                   App/user id: 'hratio_l30'/'ovaneck2'
    Node/job id/step_id/app_id: 'tcn139'/'17582750'/'15'/'1668859'
     P_STATE/frequency (turbo): 0/2600000 (0)
    Tasks/nodes/ppn/node_ratio: 128/1/128/1.000
             Policy (learning): monitoring (0)
Policy threshold/Perf accuracy: 0.00/10000000.00
   DynAIS levels/window/AVX512: 10/200/2
                      VAR path: /var/ear
           EAR privileged user: 0
                       EARL on: 1 
                  Max CPU freq: 2600000
-------------------------------------------------------
EAR initialized successfully.
[1/128]	I'm online..
[34m[tcn139][0][INFO] [0mWarning: Estimated power 319.88 W (DC vs CPU+GPU 1.00)
[34m[tcn139][0][INFO] [0mScope APP master 1 elapsed 0.000000
----------------------------------- Application Summary [tcn139] -----------------------------------
--- App id: hratio_l30 / user id: ovaneck2 / account: vusei12999 / job.step: 17582750.15.1668859 ---


(Appl. sign.) Wall time: 0.175 s, CPU util.: 5329 %, nominal freq.: 2.60 GHz, avg. freq: 2.57 GHz, avg imc freq: 1.47 GHz
              Avg. mpi_time/exec_time 0.0 %

              tasks: 128

              CPI/TPI: 0.394/99.641, GB/s: 4.852, GFLOPS: 0.000, IO: 5.954 (MB/s)
              DC/DRAM/PCK power: 319.874/0.000/319.877 (W) GFlops/Watts 0.000


----------------------------------------------------------------------------------------------------
[4/128]	Finalized MPI..
[87/128]	Finalized MPI..
[56/128]	Finalized MPI..
[19/128]	Finalized MPI..
[82/128]	Finalized MPI..
[120/128]	Finalized MPI..
[65/128]	Finalized MPI..
[107/128]	Finalized MPI..
[67/128]	Finalized MPI..
[68/128]	Finalized MPI..
[113/128]	Finalized MPI..
[1/128]	Finalized MPI..
[71/128]	Finalized MPI..
[28/128]	Finalized MPI..
[116/128]	Finalized MPI..
[100/128]	Finalized MPI..
[14/128]	Finalized MPI..
[54/128]	Finalized MPI..
[40/128]	Finalized MPI..
[114/128]	Finalized MPI..
[29/128]	Finalized MPI..
[50/128]	Finalized MPI..
[86/128]	Finalized MPI..
[49/128]	Finalized MPI..
[63/128]	Finalized MPI..
[91/128]	Finalized MPI..
[109/128]	Finalized MPI..
[62/128]	Finalized MPI..
[9/128]	Finalized MPI..
[10/128]	Finalized MPI..
[16/128]	Finalized MPI..
[23/128]	Finalized MPI..
[98/128]	Finalized MPI..
[66/128]	Finalized MPI..
[80/128]	Finalized MPI..
[25/128]	Finalized MPI..
[97/128]	Finalized MPI..
[95/128]	Finalized MPI..
[94/128]	Finalized MPI..
[48/128]	Finalized MPI..
[20/128]	Finalized MPI..
[57/128]	Finalized MPI..
[26/128]	Finalized MPI..
[106/128]	Finalized MPI..
[105/128]	Finalized MPI..
[52/128]	Finalized MPI..
[70/128]	Finalized MPI..
[69/128]	Finalized MPI..
[2/128]	Finalized MPI..
[21/128]	Finalized MPI..
[104/128]	Finalized MPI..
[81/128]	Finalized MPI..
[61/128]	Finalized MPI..
[102/128]	Finalized MPI..
[73/128]	Finalized MPI..
[74/128]	Finalized MPI..
[39/128]	Finalized MPI..
[3/128]	Finalized MPI..
[99/128]	Finalized MPI..
[75/128]	Finalized MPI..
[22/128]	Finalized MPI..
[96/128]	Finalized MPI..
[12/128]	Finalized MPI..
[79/128]	Finalized MPI..
[46/128]	Finalized MPI..
[88/128]	Finalized MPI..
[43/128]	Finalized MPI..
[44/128]	Finalized MPI..
[64/128]	Finalized MPI..
[11/128]	Finalized MPI..
[93/128]	Finalized MPI..
[92/128]	Finalized MPI..
[89/128]	Finalized MPI..
[41/128]	Finalized MPI..
[33/128]	Finalized MPI..
[90/128]	Finalized MPI..
[119/128]	Finalized MPI..
[13/128]	Finalized MPI..
[31/128]	Finalized MPI..
[117/128]	Finalized MPI..
[108/128]	Finalized MPI..
[110/128]	Finalized MPI..
[125/128]	Finalized MPI..
[127/128]	Finalized MPI..
[37/128]	Finalized MPI..
[76/128]	Finalized MPI..
[27/128]	Finalized MPI..
[59/128]	Finalized MPI..
[84/128]	Finalized MPI..
[118/128]	Finalized MPI..
[58/128]	Finalized MPI..
[51/128]	Finalized MPI..
[128/128]	Finalized MPI..
[111/128]	Finalized MPI..
[55/128]	Finalized MPI..
[83/128]	Finalized MPI..
[7/128]	Finalized MPI..
[126/128]	Finalized MPI..
[103/128]	Finalized MPI..
[24/128]	Finalized MPI..
[30/128]	Finalized MPI..
[101/128]	Finalized MPI..
[112/128]	Finalized MPI..
[77/128]	Finalized MPI..
[72/128]	Finalized MPI..
[78/128]	Finalized MPI..
[60/128]	Finalized MPI..
[85/128]	Finalized MPI..
[115/128]	Finalized MPI..
[122/128]	Finalized MPI..
[123/128]	Finalized MPI..
[35/128]	Finalized MPI..
[121/128]	Finalized MPI..
[47/128]	Finalized MPI..
[36/128]	Finalized MPI..
[124/128]	Finalized MPI..
[18/128]	Finalized MPI..
[45/128]	Finalized MPI..
[42/128]	Finalized MPI..
[53/128]	Finalized MPI..
[8/128]	Finalized MPI..
[15/128]	Finalized MPI..
[5/128]	Finalized MPI..
[34/128]	Finalized MPI..
[17/128]	Finalized MPI..
[6/128]	Finalized MPI..
[38/128]	Finalized MPI..
[32/128]	Finalized MPI..
[EARL][tcn139][1671113] --- EARL INIT [PID: 1671113] [MASTER: 1] ---
[34m[tcn139][0][INFO] [0mK-medoids & roofline strategies not available. Loading default model for the classification
--- EARL loaded APIs ---
MGT_CPUFREQ: EARD
MGT_IMCFREQ: EARD
MGT_PRIO   : DUMMY
MET_CPUFREQ: EARD
MET_IMCFREQ: EARD
MET_ENERGY : EARD
MET_TEMP:    AMD17
MET_BWIDTH : EARD
MET_FLOPS  : PERF
MET_CPI    : PERF
MGT_GPU    : DUMMY
MET_GPU    : DUMMY
L1D: loaded (event PERF_L1D_MISS_LD) 
L2 : loaded (event L2_MISS_FROM_DC) (also in LBW)
L2 : loaded (event L2_MISS_FROM_PF1) (also in LBW)
L2 : loaded (event L2_MISS_FROM_PF2) (also in LBW)

------------------------
[4/128]	I'm online..
[7/128]	I'm online..
[46/128]	I'm online..
[47/128]	I'm online..
[52/128]	I'm online..
[53/128]	I'm online..
[54/128]	I'm online..
[57/128]	I'm online..
[65/128]	I'm online..
[70/128]	I'm online..
[85/128]	I'm online..
[86/128]	I'm online..
[91/128]	I'm online..
[96/128]	I'm online..
[112/128]	I'm online..
[118/128]	I'm online..
[8/128]	I'm online..
[14/128]	I'm online..
[22/128]	I'm online..
[25/128]	I'm online..
[37/128]	I'm online..
[39/128]	I'm online..
[45/128]	I'm online..
[72/128]	I'm online..
[74/128]	I'm online..
[82/128]	I'm online..
[83/128]	I'm online..
[94/128]	I'm online..
[56/128]	I'm online..
[32/128]	I'm online..
[38/128]	I'm online..
Mapping frequencies from 128 processes to 128 CPUs...
[89/128]	I'm online..
[107/128]	I'm online..
[73/128]	I'm online..
[95/128]	I'm online..
[104/128]	I'm online..
[48/128]	I'm online..
[42/128]	I'm online..
[34/128]	I'm online..
[55/128]	I'm online..
[78/128]	I'm online..
[99/128]	I'm online..
[21/128]	I'm online..
[106/128]	I'm online..
[111/128]	I'm online..
[114/128]	I'm online..
[128/128]	I'm online..
[122/128]	I'm online..
[35/128]	I'm online..
[41/128]	I'm online..
[119/128]	I'm online..
[103/128]	I'm online..
[60/128]	I'm online..
[100/128]	I'm online..
[115/128]	I'm online..
[123/128]	I'm online..
[90/128]	I'm online..
[113/128]	I'm online..
[58/128]	I'm online..
[59/128]	I'm online..
[61/128]	I'm online..
[110/128]	I'm online..
[51/128]	I'm online..
[117/128]	I'm online..
[15/128]	I'm online..
[30/128]	I'm online..
[49/128]	I'm online..
[102/128]	I'm online..
[27/128]	I'm online..
[63/128]	I'm online..
[116/128]	I'm online..
[23/128]	I'm online..
[43/128]	I'm online..
[88/128]	I'm online..
[76/128]	I'm online..
[98/128]	I'm online..
[11/128]	I'm online..
[66/128]	I'm online..
[3/128]	I'm online..
[40/128]	I'm online..
[77/128]	I'm online..
[87/128]	I'm online..
[28/128]	I'm online..
[67/128]	I'm online..
[105/128]	I'm online..
[33/128]	I'm online..
[13/128]	I'm online..
[16/128]	I'm online..
[29/128]	I'm online..
[62/128]	I'm online..
[12/128]	I'm online..
[125/128]	I'm online..
[81/128]	I'm online..
[17/128]	I'm online..
[26/128]	I'm online..
[92/128]	I'm online..
[19/128]	I'm online..
[64/128]	I'm online..
[44/128]	I'm online..
[75/128]	I'm online..
[97/128]	I'm online..
[71/128]	I'm online..
[109/128]	I'm online..
[6/128]	I'm online..
[80/128]	I'm online..
[79/128]	I'm online..
[108/128]	I'm online..
[120/128]	I'm online..
[24/128]	I'm online..
[9/128]	I'm online..
[31/128]	I'm online..
[84/128]	I'm online..
[126/128]	I'm online..
[101/128]	I'm online..
[10/128]	I'm online..
[20/128]	I'm online..
[5/128]	I'm online..
[68/128]	I'm online..
[93/128]	I'm online..
[121/128]	I'm online..
[69/128]	I'm online..
[50/128]	I'm online..
[127/128]	I'm online..
[124/128]	I'm online..
[36/128]	I'm online..
[2/128]	I'm online..
[18/128]	I'm online..
---------------- EAR 5.2 MPI enabled ----------------
                   App/user id: 'hratio_l30'/'ovaneck2'
    Node/job id/step_id/app_id: 'tcn139'/'17582750'/'16'/'1671113'
     P_STATE/frequency (turbo): 0/2600000 (0)
    Tasks/nodes/ppn/node_ratio: 128/1/128/1.000
             Policy (learning): monitoring (0)
Policy threshold/Perf accuracy: 0.00/10000000.00
   DynAIS levels/window/AVX512: 10/200/2
                      VAR path: /var/ear
           EAR privileged user: 0
                       EARL on: 1 
                  Max CPU freq: 2600000
-------------------------------------------------------
EAR initialized successfully.
[1/128]	I'm online..
[34m[tcn139][0][INFO] [0mScope APP master 1 elapsed 0.000000
----------------------------------- Application Summary [tcn139] -----------------------------------
--- App id: hratio_l30 / user id: ovaneck2 / account: vusei12999 / job.step: 17582750.16.1671113 ---


(Appl. sign.) Wall time: 2.339 s, CPU util.: 5796 %, nominal freq.: 2.60 GHz, avg. freq: 2.57 GHz, avg imc freq: 1.47 GHz
              Avg. mpi_time/exec_time 0.0 %

              tasks: 128

              CPI/TPI: 0.382/718.199, GB/s: 4.001, GFLOPS: 0.000, IO: 16.080 (MB/s)
              DC/DRAM/PCK power: 303.550/0.000/236.269 (W) GFlops/Watts 0.000


----------------------------------------------------------------------------------------------------
[66/128]	Finalized MPI..
[121/128]	Finalized MPI..
[108/128]	Finalized MPI..
[59/128]	Finalized MPI..
[118/128]	Finalized MPI..
[55/128]	Finalized MPI..
[34/128]	Finalized MPI..
[30/128]	Finalized MPI..
[67/128]	Finalized MPI..
[120/128]	Finalized MPI..
[50/128]	Finalized MPI..
[92/128]	Finalized MPI..
[107/128]	Finalized MPI..
[96/128]	Finalized MPI..
[91/128]	Finalized MPI..
[119/128]	Finalized MPI..
[110/128]	Finalized MPI..
[111/128]	Finalized MPI..
[64/128]	Finalized MPI..
[123/128]	Finalized MPI..
[62/128]	Finalized MPI..
[36/128]	Finalized MPI..
[53/128]	Finalized MPI..
[76/128]	Finalized MPI..
[127/128]	Finalized MPI..
[122/128]	Finalized MPI..
[124/128]	Finalized MPI..
[105/128]	Finalized MPI..
[61/128]	Finalized MPI..
[58/128]	Finalized MPI..
[20/128]	Finalized MPI..
[54/128]	Finalized MPI..
[63/128]	Finalized MPI..
[1/128]	Finalized MPI..
[93/128]	Finalized MPI..
[35/128]	Finalized MPI..
[71/128]	Finalized MPI..
[29/128]	Finalized MPI..
[39/128]	Finalized MPI..
[33/128]	Finalized MPI..
[27/128]	Finalized MPI..
[46/128]	Finalized MPI..
[21/128]	Finalized MPI..
[24/128]	Finalized MPI..
[38/128]	Finalized MPI..
[6/128]	Finalized MPI..
[116/128]	Finalized MPI..
[103/128]	Finalized MPI..
[104/128]	Finalized MPI..
[81/128]	Finalized MPI..
[99/128]	Finalized MPI..
[97/128]	Finalized MPI..
[114/128]	Finalized MPI..
[3/128]	Finalized MPI..
[125/128]	Finalized MPI..
[28/128]	Finalized MPI..
[23/128]	Finalized MPI..
[42/128]	Finalized MPI..
[44/128]	Finalized MPI..
[68/128]	Finalized MPI..
[82/128]	Finalized MPI..
[106/128]	Finalized MPI..
[88/128]	Finalized MPI..
[26/128]	Finalized MPI..
[8/128]	Finalized MPI..
[7/128]	Finalized MPI..
[49/128]	Finalized MPI..
[87/128]	Finalized MPI..
[9/128]	Finalized MPI..
[84/128]	Finalized MPI..
[69/128]	Finalized MPI..
[101/128]	Finalized MPI..
[100/128]	Finalized MPI..
[31/128]	Finalized MPI..
[13/128]	Finalized MPI..
[89/128]	Finalized MPI..
[94/128]	Finalized MPI..
[95/128]	Finalized MPI..
[47/128]	Finalized MPI..
[17/128]	Finalized MPI..
[86/128]	Finalized MPI..
[16/128]	Finalized MPI..
[48/128]	Finalized MPI..
[98/128]	Finalized MPI..
[70/128]	Finalized MPI..
[75/128]	Finalized MPI..
[52/128]	Finalized MPI..
[83/128]	Finalized MPI..
[72/128]	Finalized MPI..
[109/128]	Finalized MPI..
[112/128]	Finalized MPI..
[74/128]	Finalized MPI..
[14/128]	Finalized MPI..
[45/128]	Finalized MPI..
[56/128]	Finalized MPI..
[117/128]	Finalized MPI..
[60/128]	Finalized MPI..
[115/128]	Finalized MPI..
[85/128]	Finalized MPI..
[51/128]	Finalized MPI..
[113/128]	Finalized MPI..
[10/128]	Finalized MPI..
[12/128]	Finalized MPI..
[22/128]	Finalized MPI..
[78/128]	Finalized MPI..
[37/128]	Finalized MPI..
[65/128]	Finalized MPI..
[15/128]	Finalized MPI..
[4/128]	Finalized MPI..
[11/128]	Finalized MPI..
[40/128]	Finalized MPI..
[43/128]	Finalized MPI..
[41/128]	Finalized MPI..
[128/128]	Finalized MPI..
[126/128]	Finalized MPI..
[5/128]	Finalized MPI..
[32/128]	Finalized MPI..
[19/128]	Finalized MPI..
[80/128]	Finalized MPI..
[18/128]	Finalized MPI..
[79/128]	Finalized MPI..
[25/128]	Finalized MPI..
[90/128]	Finalized MPI..
[77/128]	Finalized MPI..
[2/128]	Finalized MPI..
[102/128]	Finalized MPI..
[57/128]	Finalized MPI..
[73/128]	Finalized MPI..
[EARL][tcn139][1673327] --- EARL INIT [PID: 1673327] [MASTER: 1] ---
[34m[tcn139][0][INFO] [0mK-medoids & roofline strategies not available. Loading default model for the classification
--- EARL loaded APIs ---
MGT_CPUFREQ: EARD
MGT_IMCFREQ: EARD
MGT_PRIO   : DUMMY
MET_CPUFREQ: EARD
MET_IMCFREQ: EARD
MET_ENERGY : EARD
MET_TEMP:    AMD17
MET_BWIDTH : EARD
MET_FLOPS  : PERF
MET_CPI    : PERF
MGT_GPU    : DUMMY
MET_GPU    : DUMMY
L1D: loaded (event PERF_L1D_MISS_LD) 
L2 : loaded (event L2_MISS_FROM_DC) (also in LBW)
L2 : loaded (event L2_MISS_FROM_PF1) (also in LBW)
L2 : loaded (event L2_MISS_FROM_PF2) (also in LBW)

------------------------
[69/128]	I'm online..
[72/128]	I'm online..
[78/128]	I'm online..
[128/128]	I'm online..
[4/128]	I'm online..
[9/128]	I'm online..
[14/128]	I'm online..
[24/128]	I'm online..
[31/128]	I'm online..
[32/128]	I'm online..
[36/128]	I'm online..
[50/128]	I'm online..
[53/128]	I'm online..
[59/128]	I'm online..
[61/128]	I'm online..
[70/128]	I'm online..
[79/128]	I'm online..
[90/128]	I'm online..
[91/128]	I'm online..
[94/128]	I'm online..
[95/128]	I'm online..
[99/128]	I'm online..
[100/128]	I'm online..
[110/128]	I'm online..
[116/128]	I'm online..
[118/128]	I'm online..
[119/128]	I'm online..
[120/128]	I'm online..
[122/128]	I'm online..
[19/128]	I'm online..
[51/128]	I'm online..
[82/128]	I'm online..
[115/128]	I'm online..
[68/128]	I'm online..
[7/128]	I'm online..
[102/128]	I'm online..
[67/128]	I'm online..
[77/128]	I'm online..
[98/128]	I'm online..
[22/128]	I'm online..
[107/128]	I'm online..
[87/128]	I'm online..
[101/128]	I'm online..
[21/128]	I'm online..
[93/128]	I'm online..
[10/128]	I'm online..
[104/128]	I'm online..
[43/128]	I'm online..
[117/128]	I'm online..
[8/128]	I'm online..
Mapping frequencies from 128 processes to 128 CPUs...
[81/128]	I'm online..
[84/128]	I'm online..
[57/128]	I'm online..
[40/128]	I'm online..
[18/128]	I'm online..
[86/128]	I'm online..
[112/128]	I'm online..
[55/128]	I'm online..
[47/128]	I'm online..
[97/128]	I'm online..
[28/128]	I'm online..
[71/128]	I'm online..
[23/128]	I'm online..
[52/128]	I'm online..
[20/128]	I'm online..
[127/128]	I'm online..
[16/128]	I'm online..
[34/128]	I'm online..
[5/128]	I'm online..
[124/128]	I'm online..
[123/128]	I'm online..
[39/128]	I'm online..
[73/128]	I'm online..
[33/128]	I'm online..
[108/128]	I'm online..
[45/128]	I'm online..
[92/128]	I'm online..
[54/128]	I'm online..
[17/128]	I'm online..
[41/128]	I'm online..
[58/128]	I'm online..
[80/128]	I'm online..
[12/128]	I'm online..
[44/128]	I'm online..
[114/128]	I'm online..
[105/128]	I'm online..
[109/128]	I'm online..
[106/128]	I'm online..
[49/128]	I'm online..
[60/128]	I'm online..
[74/128]	I'm online..
[11/128]	I'm online..
[42/128]	I'm online..
[89/128]	I'm online..
[13/128]	I'm online..
[125/128]	I'm online..
[15/128]	I'm online..
[6/128]	I'm online..
[62/128]	I'm online..
[46/128]	I'm online..
[64/128]	I'm online..
[2/128]	I'm online..
[25/128]	I'm online..
[35/128]	I'm online..
[38/128]	I'm online..
[111/128]	I'm online..
[3/128]	I'm online..
[26/128]	I'm online..
[27/128]	I'm online..
[83/128]	I'm online..
[121/128]	I'm online..
[66/128]	I'm online..
[63/128]	I'm online..
[29/128]	I'm online..
[76/128]	I'm online..
[88/128]	I'm online..
[48/128]	I'm online..
[96/128]	I'm online..
[65/128]	I'm online..
[75/128]	I'm online..
[37/128]	I'm online..
[30/128]	I'm online..
[126/128]	I'm online..
[85/128]	I'm online..
[113/128]	I'm online..
[56/128]	I'm online..
[103/128]	I'm online..
---------------- EAR 5.2 MPI enabled ----------------
                   App/user id: 'hratio_l30'/'ovaneck2'
    Node/job id/step_id/app_id: 'tcn139'/'17582750'/'17'/'1673327'
     P_STATE/frequency (turbo): 0/2600000 (0)
    Tasks/nodes/ppn/node_ratio: 128/1/128/1.000
             Policy (learning): monitoring (0)
Policy threshold/Perf accuracy: 0.00/10000000.00
   DynAIS levels/window/AVX512: 10/200/2
                      VAR path: /var/ear
           EAR privileged user: 0
                       EARL on: 1 
                  Max CPU freq: 2600000
-------------------------------------------------------
EAR initialized successfully.
[1/128]	I'm online..
[34m[tcn139][0][INFO] [0mWarning: Estimated power 317.42 W (DC vs CPU+GPU 1.00)
[34m[tcn139][0][INFO] [0mScope APP master 1 elapsed 0.000000
----------------------------------- Application Summary [tcn139] -----------------------------------
--- App id: hratio_l30 / user id: ovaneck2 / account: vusei12999 / job.step: 17582750.17.1673327 ---


(Appl. sign.) Wall time: 0.177 s, CPU util.: 5210 %, nominal freq.: 2.60 GHz, avg. freq: 2.57 GHz, avg imc freq: 1.47 GHz
              Avg. mpi_time/exec_time 0.0 %

              tasks: 128

              CPI/TPI: 0.395/111.651, GB/s: 4.707, GFLOPS: 0.000, IO: 5.891 (MB/s)
              DC/DRAM/PCK power: 317.420/0.000/317.423 (W) GFlops/Watts 0.000


----------------------------------------------------------------------------------------------------
[21/128]	Finalized MPI..
[39/128]	Finalized MPI..
[86/128]	Finalized MPI..
[82/128]	Finalized MPI..
[116/128]	Finalized MPI..
[119/128]	Finalized MPI..
[122/128]	Finalized MPI..
[59/128]	Finalized MPI..
[108/128]	Finalized MPI..
[63/128]	Finalized MPI..
[93/128]	Finalized MPI..
[110/128]	Finalized MPI..
[24/128]	Finalized MPI..
[44/128]	Finalized MPI..
[20/128]	Finalized MPI..
[48/128]	Finalized MPI..
[31/128]	Finalized MPI..
[16/128]	Finalized MPI..
[47/128]	Finalized MPI..
[84/128]	Finalized MPI..
[113/128]	Finalized MPI..
[111/128]	Finalized MPI..
[69/128]	Finalized MPI..
[28/128]	Finalized MPI..
[70/128]	Finalized MPI..
[71/128]	Finalized MPI..
[102/128]	Finalized MPI..
[123/128]	Finalized MPI..
[115/128]	Finalized MPI..
[22/128]	Finalized MPI..
[95/128]	Finalized MPI..
[96/128]	Finalized MPI..
[57/128]	Finalized MPI..
[83/128]	Finalized MPI..
[121/128]	Finalized MPI..
[107/128]	Finalized MPI..
[94/128]	Finalized MPI..
[11/128]	Finalized MPI..
[68/128]	Finalized MPI..
[109/128]	Finalized MPI..
[18/128]	Finalized MPI..
[105/128]	Finalized MPI..
[45/128]	Finalized MPI..
[38/128]	Finalized MPI..
[12/128]	Finalized MPI..
[114/128]	Finalized MPI..
[75/128]	Finalized MPI..
[4/128]	Finalized MPI..
[128/128]	Finalized MPI..
[7/128]	Finalized MPI..
[58/128]	Finalized MPI..
[6/128]	Finalized MPI..
[35/128]	Finalized MPI..
[126/128]	Finalized MPI..
[27/128]	Finalized MPI..
[26/128]	Finalized MPI..
[9/128]	Finalized MPI..
[67/128]	Finalized MPI..
[13/128]	Finalized MPI..
[60/128]	Finalized MPI..
[53/128]	Finalized MPI..
[65/128]	Finalized MPI..
[118/128]	Finalized MPI..
[124/128]	Finalized MPI..
[106/128]	Finalized MPI..
[125/128]	Finalized MPI..
[127/128]	Finalized MPI..
[73/128]	Finalized MPI..
[17/128]	Finalized MPI..
[99/128]	Finalized MPI..
[98/128]	Finalized MPI..
[19/128]	Finalized MPI..
[89/128]	Finalized MPI..
[91/128]	Finalized MPI..
[74/128]	Finalized MPI..
[51/128]	Finalized MPI..
[50/128]	Finalized MPI..
[42/128]	Finalized MPI..
[76/128]	Finalized MPI..
[37/128]	Finalized MPI..
[72/128]	Finalized MPI..
[32/128]	Finalized MPI..
[29/128]	Finalized MPI..
[55/128]	Finalized MPI..
[23/128]	Finalized MPI..
[5/128]	Finalized MPI..
[33/128]	Finalized MPI..
[77/128]	Finalized MPI..
[36/128]	Finalized MPI..
[120/128]	Finalized MPI..
[117/128]	Finalized MPI..
[34/128]	Finalized MPI..
[79/128]	Finalized MPI..
[90/128]	Finalized MPI..
[78/128]	Finalized MPI..
[92/128]	Finalized MPI..
[10/128]	Finalized MPI..
[61/128]	Finalized MPI..
[25/128]	Finalized MPI..
[80/128]	Finalized MPI..
[87/128]	Finalized MPI..
[85/128]	Finalized MPI..
[56/128]	Finalized MPI..
[88/128]	Finalized MPI..
[103/128]	Finalized MPI..
[104/128]	Finalized MPI..
[101/128]	Finalized MPI..
[2/128]	Finalized MPI..
[62/128]	Finalized MPI..
[64/128]	Finalized MPI..
[97/128]	Finalized MPI..
[100/128]	Finalized MPI..
[81/128]	Finalized MPI..
[66/128]	Finalized MPI..
[43/128]	Finalized MPI..
[41/128]	Finalized MPI..
[54/128]	Finalized MPI..
[14/128]	Finalized MPI..
[40/128]	Finalized MPI..
[112/128]	Finalized MPI..
[52/128]	Finalized MPI..
[49/128]	Finalized MPI..
[30/128]	Finalized MPI..
[3/128]	Finalized MPI..
[46/128]	Finalized MPI..
[15/128]	Finalized MPI..
[1/128]	Finalized MPI..
[8/128]	Finalized MPI..
[EARL][tcn139][1675547] --- EARL INIT [PID: 1675547] [MASTER: 1] ---
[34m[tcn139][0][INFO] [0mK-medoids & roofline strategies not available. Loading default model for the classification
--- EARL loaded APIs ---
MGT_CPUFREQ: EARD
MGT_IMCFREQ: EARD
MGT_PRIO   : DUMMY
MET_CPUFREQ: EARD
MET_IMCFREQ: EARD
MET_ENERGY : EARD
MET_TEMP:    AMD17
MET_BWIDTH : EARD
MET_FLOPS  : PERF
MET_CPI    : PERF
MGT_GPU    : DUMMY
MET_GPU    : DUMMY
L1D: loaded (event PERF_L1D_MISS_LD) 
L2 : loaded (event L2_MISS_FROM_DC) (also in LBW)
L2 : loaded (event L2_MISS_FROM_PF1) (also in LBW)
L2 : loaded (event L2_MISS_FROM_PF2) (also in LBW)

------------------------
Mapping frequencies from 128 processes to 128 CPUs...
[9/128]	I'm online..
[12/128]	I'm online..
[50/128]	I'm online..
[52/128]	I'm online..
[55/128]	I'm online..
[56/128]	I'm online..
[63/128]	I'm online..
[78/128]	I'm online..
[80/128]	I'm online..
[97/128]	I'm online..
[5/128]	I'm online..
[6/128]	I'm online..
[7/128]	I'm online..
[10/128]	I'm online..
[11/128]	I'm online..
[28/128]	I'm online..
[33/128]	I'm online..
[34/128]	I'm online..
[37/128]	I'm online..
[38/128]	I'm online..
[41/128]	I'm online..
[45/128]	I'm online..
[48/128]	I'm online..
[57/128]	I'm online..
[58/128]	I'm online..
[66/128]	I'm online..
[71/128]	I'm online..
[74/128]	I'm online..
[75/128]	I'm online..
[84/128]	I'm online..
[88/128]	I'm online..
[96/128]	I'm online..
[104/128]	I'm online..
[126/128]	I'm online..
[101/128]	I'm online..
[21/128]	I'm online..
[111/128]	I'm online..
[25/128]	I'm online..
[72/128]	I'm online..
[76/128]	I'm online..
[16/128]	I'm online..
[46/128]	I'm online..
[92/128]	I'm online..
[68/128]	I'm online..
[83/128]	I'm online..
[26/128]	I'm online..
[18/128]	I'm online..
[19/128]	I'm online..
[82/128]	I'm online..
[35/128]	I'm online..
[67/128]	I'm online..
[69/128]	I'm online..
[116/128]	I'm online..
[89/128]	I'm online..
[60/128]	I'm online..
[4/128]	I'm online..
[81/128]	I'm online..
[105/128]	I'm online..
[3/128]	I'm online..
[115/128]	I'm online..
[70/128]	I'm online..
[30/128]	I'm online..
[86/128]	I'm online..
[93/128]	I'm online..
[39/128]	I'm online..
[65/128]	I'm online..
[98/128]	I'm online..
[29/128]	I'm online..
[85/128]	I'm online..
[108/128]	I'm online..
[14/128]	I'm online..
[120/128]	I'm online..
[91/128]	I'm online..
[73/128]	I'm online..
[121/128]	I'm online..
[112/128]	I'm online..
[127/128]	I'm online..
[43/128]	I'm online..
[125/128]	I'm online..
[90/128]	I'm online..
[22/128]	I'm online..
[2/128]	I'm online..
[100/128]	I'm online..
[8/128]	I'm online..
[64/128]	I'm online..
[20/128]	I'm online..
[94/128]	I'm online..
[122/128]	I'm online..
[123/128]	I'm online..
[17/128]	I'm online..
[36/128]	I'm online..
[51/128]	I'm online..
[119/128]	I'm online..
[61/128]	I'm online..
[87/128]	I'm online..
[59/128]	I'm online..
[113/128]	I'm online..
[77/128]	I'm online..
[47/128]	I'm online..
[107/128]	I'm online..
[103/128]	I'm online..
[40/128]	I'm online..
[79/128]	I'm online..
[99/128]	I'm online..
[106/128]	I'm online..
[109/128]	I'm online..
[114/128]	I'm online..
[31/128]	I'm online..
[95/128]	I'm online..
[27/128]	I'm online..
[128/128]	I'm online..
[13/128]	I'm online..
[24/128]	I'm online..
[32/128]	I'm online..
[118/128]	I'm online..
[53/128]	I'm online..
[54/128]	I'm online..
[49/128]	I'm online..
[124/128]	I'm online..
[102/128]	I'm online..
[117/128]	I'm online..
[110/128]	I'm online..
[23/128]	I'm online..
[42/128]	I'm online..
[62/128]	I'm online..
[44/128]	I'm online..
[15/128]	I'm online..
---------------- EAR 5.2 MPI enabled ----------------
                   App/user id: 'hratio_l30'/'ovaneck2'
    Node/job id/step_id/app_id: 'tcn139'/'17582750'/'18'/'1675547'
     P_STATE/frequency (turbo): 0/2600000 (0)
    Tasks/nodes/ppn/node_ratio: 128/1/128/1.000
             Policy (learning): monitoring (0)
Policy threshold/Perf accuracy: 0.00/10000000.00
   DynAIS levels/window/AVX512: 10/200/2
                      VAR path: /var/ear
           EAR privileged user: 0
                       EARL on: 1 
                  Max CPU freq: 2600000
-------------------------------------------------------
EAR initialized successfully.
[1/128]	I'm online..
[34m[tcn139][0][INFO] [0mWarning: Estimated power 322.49 W (DC vs CPU+GPU 1.00)
[34m[tcn139][0][INFO] [0mScope APP master 1 elapsed 0.000000
----------------------------------- Application Summary [tcn139] -----------------------------------
--- App id: hratio_l30 / user id: ovaneck2 / account: vusei12999 / job.step: 17582750.18.1675547 ---


(Appl. sign.) Wall time: 0.179 s, CPU util.: 5391 %, nominal freq.: 2.60 GHz, avg. freq: 2.57 GHz, avg imc freq: 1.47 GHz
              Avg. mpi_time/exec_time 0.0 %

              tasks: 128

              CPI/TPI: 0.394/256.787, GB/s: 5.547, GFLOPS: 0.000, IO: 5.810 (MB/s)
              DC/DRAM/PCK power: 322.486/0.000/322.488 (W) GFlops/Watts 0.000


----------------------------------------------------------------------------------------------------
[59/128]	Finalized MPI..
[115/128]	Finalized MPI..
[84/128]	Finalized MPI..
[124/128]	Finalized MPI..
[36/128]	Finalized MPI..
[43/128]	Finalized MPI..
[117/128]	Finalized MPI..
[71/128]	Finalized MPI..
[121/128]	Finalized MPI..
[6/128]	Finalized MPI..
[116/128]	Finalized MPI..
[49/128]	Finalized MPI..
[69/128]	Finalized MPI..
[17/128]	Finalized MPI..
[74/128]	Finalized MPI..
[113/128]	Finalized MPI..
[78/128]	Finalized MPI..
[73/128]	Finalized MPI..
[5/128]	Finalized MPI..
[50/128]	Finalized MPI..
[8/128]	Finalized MPI..
[45/128]	Finalized MPI..
[42/128]	Finalized MPI..
[76/128]	Finalized MPI..
[23/128]	Finalized MPI..
[72/128]	Finalized MPI..
[125/128]	Finalized MPI..
[70/128]	Finalized MPI..
[48/128]	Finalized MPI..
[66/128]	Finalized MPI..
[85/128]	Finalized MPI..
[92/128]	Finalized MPI..
[52/128]	Finalized MPI..
[122/128]	Finalized MPI..
[61/128]	Finalized MPI..
[118/128]	Finalized MPI..
[51/128]	Finalized MPI..
[63/128]	Finalized MPI..
[33/128]	Finalized MPI..
[11/128]	Finalized MPI..
[93/128]	Finalized MPI..
[119/128]	Finalized MPI..
[94/128]	Finalized MPI..
[107/128]	Finalized MPI..
[67/128]	Finalized MPI..
[22/128]	Finalized MPI..
[87/128]	Finalized MPI..
[75/128]	Finalized MPI..
[102/128]	Finalized MPI..
[41/128]	Finalized MPI..
[120/128]	Finalized MPI..
[89/128]	Finalized MPI..
[7/128]	Finalized MPI..
[64/128]	Finalized MPI..
[79/128]	Finalized MPI..
[65/128]	Finalized MPI..
[81/128]	Finalized MPI..
[86/128]	Finalized MPI..
[109/128]	Finalized MPI..
[99/128]	Finalized MPI..
[88/128]	Finalized MPI..
[35/128]	Finalized MPI..
[91/128]	Finalized MPI..
[95/128]	Finalized MPI..
[104/128]	Finalized MPI..
[26/128]	Finalized MPI..
[40/128]	Finalized MPI..
[90/128]	Finalized MPI..
[56/128]	Finalized MPI..
[105/128]	Finalized MPI..
[128/128]	Finalized MPI..
[10/128]	Finalized MPI..
[80/128]	Finalized MPI..
[68/128]	Finalized MPI..
[110/128]	Finalized MPI..
[28/128]	Finalized MPI..
[101/128]	Finalized MPI..
[96/128]	Finalized MPI..
[29/128]	Finalized MPI..
[83/128]	Finalized MPI..
[112/128]	Finalized MPI..
[82/128]	Finalized MPI..
[111/128]	Finalized MPI..
[9/128]	Finalized MPI..
[114/128]	Finalized MPI..
[14/128]	Finalized MPI..
[2/128]	Finalized MPI..
[123/128]	Finalized MPI..
[57/128]	Finalized MPI..
[31/128]	Finalized MPI..
[108/128]	Finalized MPI..
[24/128]	Finalized MPI..
[103/128]	Finalized MPI..
[100/128]	Finalized MPI..
[126/128]	Finalized MPI..
[1/128]	Finalized MPI..
[30/128]	Finalized MPI..
[127/128]	Finalized MPI..
[77/128]	Finalized MPI..
[55/128]	Finalized MPI..
[53/128]	Finalized MPI..
[60/128]	Finalized MPI..
[54/128]	Finalized MPI..
[106/128]	Finalized MPI..
[97/128]	Finalized MPI..
[13/128]	Finalized MPI..
[15/128]	Finalized MPI..
[62/128]	Finalized MPI..
[3/128]	Finalized MPI..
[27/128]	Finalized MPI..
[25/128]	Finalized MPI..
[98/128]	Finalized MPI..
[46/128]	Finalized MPI..
[19/128]	Finalized MPI..
[12/128]	Finalized MPI..
[47/128]	Finalized MPI..
[18/128]	Finalized MPI..
[32/128]	Finalized MPI..
[37/128]	Finalized MPI..
[20/128]	Finalized MPI..
[44/128]	Finalized MPI..
[39/128]	Finalized MPI..
[58/128]	Finalized MPI..
[38/128]	Finalized MPI..
[34/128]	Finalized MPI..
[21/128]	Finalized MPI..
[16/128]	Finalized MPI..
[4/128]	Finalized MPI..
[EARL][tcn139][1677783] --- EARL INIT [PID: 1677783] [MASTER: 1] ---
[34m[tcn139][0][INFO] [0mK-medoids & roofline strategies not available. Loading default model for the classification
--- EARL loaded APIs ---
MGT_CPUFREQ: EARD
MGT_IMCFREQ: EARD
MGT_PRIO   : DUMMY
MET_CPUFREQ: EARD
MET_IMCFREQ: EARD
MET_ENERGY : EARD
MET_TEMP:    AMD17
MET_BWIDTH : EARD
MET_FLOPS  : PERF
MET_CPI    : PERF
MGT_GPU    : DUMMY
MET_GPU    : DUMMY
L1D: loaded (event PERF_L1D_MISS_LD) 
L2 : loaded (event L2_MISS_FROM_DC) (also in LBW)
L2 : loaded (event L2_MISS_FROM_PF1) (also in LBW)
L2 : loaded (event L2_MISS_FROM_PF2) (also in LBW)

------------------------
[12/128]	I'm online..
[74/128]	I'm online..
[93/128]	I'm online..
[95/128]	I'm online..
[96/128]	I'm online..
[103/128]	I'm online..
[104/128]	I'm online..
[119/128]	I'm online..
[120/128]	I'm online..
[123/128]	I'm online..
[124/128]	I'm online..
[21/128]	I'm online..
[24/128]	I'm online..
[33/128]	I'm online..
[52/128]	I'm online..
[55/128]	I'm online..
[64/128]	I'm online..
[91/128]	I'm online..
[92/128]	I'm online..
[101/128]	I'm online..
[111/128]	I'm online..
[112/128]	I'm online..
[35/128]	I'm online..
[66/128]	I'm online..
[44/128]	I'm online..
[86/128]	I'm online..
Mapping frequencies from 128 processes to 128 CPUs...
[54/128]	I'm online..
[62/128]	I'm online..
[89/128]	I'm online..
[82/128]	I'm online..
[115/128]	I'm online..
[17/128]	I'm online..
[69/128]	I'm online..
[116/128]	I'm online..
[60/128]	I'm online..
[2/128]	I'm online..
[14/128]	I'm online..
[84/128]	I'm online..
[76/128]	I'm online..
[45/128]	I'm online..
[56/128]	I'm online..
[42/128]	I'm online..
[67/128]	I'm online..
[68/128]	I'm online..
[25/128]	I'm online..
[108/128]	I'm online..
[23/128]	I'm online..
[98/128]	I'm online..
[61/128]	I'm online..
[113/128]	I'm online..
[9/128]	I'm online..
[109/128]	I'm online..
[65/128]	I'm online..
[128/128]	I'm online..
[7/128]	I'm online..
[63/128]	I'm online..
[51/128]	I'm online..
[70/128]	I'm online..
[4/128]	I'm online..
[106/128]	I'm online..
[41/128]	I'm online..
[110/128]	I'm online..
[28/128]	I'm online..
[94/128]	I'm online..
[16/128]	I'm online..
[57/128]	I'm online..
[13/128]	I'm online..
[78/128]	I'm online..
[49/128]	I'm online..
[83/128]	I'm online..
[38/128]	I'm online..
[29/128]	I'm online..
[85/128]	I'm online..
[126/128]	I'm online..
[117/128]	I'm online..
[127/128]	I'm online..
[81/128]	I'm online..
[118/128]	I'm online..
[88/128]	I'm online..
[46/128]	I'm online..
[121/128]	I'm online..
[22/128]	I'm online..
[90/128]	I'm online..
[59/128]	I'm online..
[58/128]	I'm online..
[3/128]	I'm online..
[39/128]	I'm online..
[72/128]	I'm online..
[48/128]	I'm online..
[50/128]	I'm online..
[100/128]	I'm online..
[71/128]	I'm online..
[11/128]	I'm online..
[53/128]	I'm online..
[37/128]	I'm online..
[6/128]	I'm online..
[105/128]	I'm online..
[99/128]	I'm online..
[26/128]	I'm online..
[30/128]	I'm online..
[34/128]	I'm online..
[40/128]	I'm online..
[73/128]	I'm online..
[15/128]	I'm online..
[36/128]	I'm online..
[8/128]	I'm online..
[20/128]	I'm online..
[5/128]	I'm online..
[18/128]	I'm online..
[19/128]	I'm online..
[31/128]	I'm online..
[10/128]	I'm online..
[79/128]	I'm online..
[77/128]	I'm online..
[87/128]	I'm online..
[80/128]	I'm online..
[97/128]	I'm online..
[107/128]	I'm online..
[75/128]	I'm online..
[27/128]	I'm online..
[32/128]	I'm online..
[43/128]	I'm online..
[114/128]	I'm online..
[102/128]	I'm online..
[47/128]	I'm online..
[125/128]	I'm online..
[122/128]	I'm online..
---------------- EAR 5.2 MPI enabled ----------------
                   App/user id: 'hratio_l30'/'ovaneck2'
    Node/job id/step_id/app_id: 'tcn139'/'17582750'/'19'/'1677783'
     P_STATE/frequency (turbo): 0/2600000 (0)
    Tasks/nodes/ppn/node_ratio: 128/1/128/1.000
             Policy (learning): monitoring (0)
Policy threshold/Perf accuracy: 0.00/10000000.00
   DynAIS levels/window/AVX512: 10/200/2
                      VAR path: /var/ear
           EAR privileged user: 0
                       EARL on: 1 
                  Max CPU freq: 2600000
-------------------------------------------------------
EAR initialized successfully.
[1/128]	I'm online..
[34m[tcn139][0][INFO] [0mScope APP master 1 elapsed 0.000000
----------------------------------- Application Summary [tcn139] -----------------------------------
--- App id: hratio_l30 / user id: ovaneck2 / account: vusei12999 / job.step: 17582750.19.1677783 ---


(Appl. sign.) Wall time: 2.413 s, CPU util.: 6187 %, nominal freq.: 2.60 GHz, avg. freq: 2.57 GHz, avg imc freq: 1.47 GHz
              Avg. mpi_time/exec_time 0.0 %

              tasks: 128

              CPI/TPI: 0.381/564.095, GB/s: 4.029, GFLOPS: 0.000, IO: 16.298 (MB/s)
              DC/DRAM/PCK power: 281.808/0.000/237.068 (W) GFlops/Watts 0.000


----------------------------------------------------------------------------------------------------
[59/128]	Finalized MPI..
[22/128]	Finalized MPI..
[91/128]	Finalized MPI..
[68/128]	Finalized MPI..
[32/128]	Finalized MPI..
[109/128]	Finalized MPI..
[103/128]	Finalized MPI..
[102/128]	Finalized MPI..
[122/128]	Finalized MPI..
[124/128]	Finalized MPI..
[114/128]	Finalized MPI..
[42/128]	Finalized MPI..
[118/128]	Finalized MPI..
[78/128]	Finalized MPI..
[47/128]	Finalized MPI..
[94/128]	Finalized MPI..
[82/128]	Finalized MPI..
[63/128]	Finalized MPI..
[66/128]	Finalized MPI..
[74/128]	Finalized MPI..
[113/128]	Finalized MPI..
[72/128]	Finalized MPI..
[61/128]	Finalized MPI..
[62/128]	Finalized MPI..
[53/128]	Finalized MPI..
[55/128]	Finalized MPI..
[100/128]	Finalized MPI..
[27/128]	Finalized MPI..
[31/128]	Finalized MPI..
[79/128]	Finalized MPI..
[60/128]	Finalized MPI..
[50/128]	Finalized MPI..
[52/128]	Finalized MPI..
[4/128]	Finalized MPI..
[57/128]	Finalized MPI..
[101/128]	Finalized MPI..
[65/128]	Finalized MPI..
[35/128]	Finalized MPI..
[5/128]	Finalized MPI..
[67/128]	Finalized MPI..
[11/128]	Finalized MPI..
[64/128]	Finalized MPI..
[104/128]	Finalized MPI..
[49/128]	Finalized MPI..
[56/128]	Finalized MPI..
[105/128]	Finalized MPI..
[77/128]	Finalized MPI..
[44/128]	Finalized MPI..
[92/128]	Finalized MPI..
[20/128]	Finalized MPI..
[98/128]	Finalized MPI..
[70/128]	Finalized MPI..
[51/128]	Finalized MPI..
[125/128]	Finalized MPI..
[95/128]	Finalized MPI..
[84/128]	Finalized MPI..
[88/128]	Finalized MPI..
[93/128]	Finalized MPI..
[116/128]	Finalized MPI..
[99/128]	Finalized MPI..
[121/128]	Finalized MPI..
[76/128]	Finalized MPI..
[1/128]	Finalized MPI..
[115/128]	Finalized MPI..
[111/128]	Finalized MPI..
[108/128]	Finalized MPI..
[120/128]	Finalized MPI..
[23/128]	Finalized MPI..
[10/128]	Finalized MPI..
[38/128]	Finalized MPI..
[9/128]	Finalized MPI..
[54/128]	Finalized MPI..
[8/128]	Finalized MPI..
[48/128]	Finalized MPI..
[106/128]	Finalized MPI..
[58/128]	Finalized MPI..
[81/128]	Finalized MPI..
[71/128]	Finalized MPI..
[37/128]	Finalized MPI..
[25/128]	Finalized MPI..
[17/128]	Finalized MPI..
[128/128]	Finalized MPI..
[112/128]	Finalized MPI..
[21/128]	Finalized MPI..
[110/128]	Finalized MPI..
[126/128]	Finalized MPI..
[89/128]	Finalized MPI..
[6/128]	Finalized MPI..
[2/128]	Finalized MPI..
[86/128]	Finalized MPI..
[87/128]	Finalized MPI..
[85/128]	Finalized MPI..
[69/128]	Finalized MPI..
[97/128]	Finalized MPI..
[7/128]	Finalized MPI..
[119/128]	Finalized MPI..
[117/128]	Finalized MPI..
[75/128]	Finalized MPI..
[96/128]	Finalized MPI..
[14/128]	Finalized MPI..
[3/128]	Finalized MPI..
[18/128]	Finalized MPI..
[123/128]	Finalized MPI..
[19/128]	Finalized MPI..
[13/128]	Finalized MPI..
[34/128]	Finalized MPI..
[73/128]	Finalized MPI..
[41/128]	Finalized MPI..
[45/128]	Finalized MPI..
[46/128]	Finalized MPI..
[83/128]	Finalized MPI..
[127/128]	Finalized MPI..
[90/128]	Finalized MPI..
[107/128]	Finalized MPI..
[28/128]	Finalized MPI..
[43/128]	Finalized MPI..
[12/128]	Finalized MPI..
[80/128]	Finalized MPI..
[24/128]	Finalized MPI..
[39/128]	Finalized MPI..
[15/128]	Finalized MPI..
[26/128]	Finalized MPI..
[36/128]	Finalized MPI..
[33/128]	Finalized MPI..
[29/128]	Finalized MPI..
[30/128]	Finalized MPI..
[16/128]	Finalized MPI..
[40/128]	Finalized MPI..
[EARL][tcn139][1680005] --- EARL INIT [PID: 1680005] [MASTER: 1] ---
[34m[tcn139][0][INFO] [0mK-medoids & roofline strategies not available. Loading default model for the classification
--- EARL loaded APIs ---
MGT_CPUFREQ: EARD
MGT_IMCFREQ: EARD
MGT_PRIO   : DUMMY
MET_CPUFREQ: EARD
MET_IMCFREQ: EARD
MET_ENERGY : EARD
MET_TEMP:    AMD17
MET_BWIDTH : EARD
MET_FLOPS  : PERF
MET_CPI    : PERF
MGT_GPU    : DUMMY
MET_GPU    : DUMMY
L1D: loaded (event PERF_L1D_MISS_LD) 
L2 : loaded (event L2_MISS_FROM_DC) (also in LBW)
L2 : loaded (event L2_MISS_FROM_PF1) (also in LBW)
L2 : loaded (event L2_MISS_FROM_PF2) (also in LBW)

------------------------
[5/128]	I'm online..
[6/128]	I'm online..
[13/128]	I'm online..
[26/128]	I'm online..
[33/128]	I'm online..
[42/128]	I'm online..
[61/128]	I'm online..
[96/128]	I'm online..
[25/128]	I'm online..
[27/128]	I'm online..
[38/128]	I'm online..
[90/128]	I'm online..
[94/128]	I'm online..
[35/128]	I'm online..
[89/128]	I'm online..
[93/128]	I'm online..
[28/128]	I'm online..
[29/128]	I'm online..
[31/128]	I'm online..
[78/128]	I'm online..
[8/128]	I'm online..
[72/128]	I'm online..
[12/128]	I'm online..
[16/128]	I'm online..
[54/128]	I'm online..
[106/128]	I'm online..
[55/128]	I'm online..
[22/128]	I'm online..
[68/128]	I'm online..
[125/128]	I'm online..
[84/128]	I'm online..
[87/128]	I'm online..
[2/128]	I'm online..
[53/128]	I'm online..
[74/128]	I'm online..
Mapping frequencies from 128 processes to 128 CPUs...
[9/128]	I'm online..
[91/128]	I'm online..
[36/128]	I'm online..
[128/128]	I'm online..
[98/128]	I'm online..
[114/128]	I'm online..
[15/128]	I'm online..
[79/128]	I'm online..
[100/128]	I'm online..
[124/128]	I'm online..
[126/128]	I'm online..
[20/128]	I'm online..
[24/128]	I'm online..
[62/128]	I'm online..
[64/128]	I'm online..
[97/128]	I'm online..
[103/128]	I'm online..
[120/128]	I'm online..
[43/128]	I'm online..
[67/128]	I'm online..
[77/128]	I'm online..
[82/128]	I'm online..
[50/128]	I'm online..
[69/128]	I'm online..
[73/128]	I'm online..
[76/128]	I'm online..
[46/128]	I'm online..
[37/128]	I'm online..
[113/128]	I'm online..
[66/128]	I'm online..
[101/128]	I'm online..
[108/128]	I'm online..
[119/128]	I'm online..
[111/128]	I'm online..
[60/128]	I'm online..
[99/128]	I'm online..
[49/128]	I'm online..
[56/128]	I'm online..
[32/128]	I'm online..
[63/128]	I'm online..
[86/128]	I'm online..
[41/128]	I'm online..
[51/128]	I'm online..
[40/128]	I'm online..
[11/128]	I'm online..
[127/128]	I'm online..
[3/128]	I'm online..
[65/128]	I'm online..
[71/128]	I'm online..
[104/128]	I'm online..
[23/128]	I'm online..
[83/128]	I'm online..
[112/128]	I'm online..
[116/128]	I'm online..
[52/128]	I'm online..
[59/128]	I'm online..
[10/128]	I'm online..
[85/128]	I'm online..
[109/128]	I'm online..
[34/128]	I'm online..
[75/128]	I'm online..
[4/128]	I'm online..
[95/128]	I'm online..
[80/128]	I'm online..
[18/128]	I'm online..
[117/128]	I'm online..
[102/128]	I'm online..
[19/128]	I'm online..
[14/128]	I'm online..
[110/128]	I'm online..
[45/128]	I'm online..
[58/128]	I'm online..
[81/128]	I'm online..
[48/128]	I'm online..
[122/128]	I'm online..
[17/128]	I'm online..
[39/128]	I'm online..
[30/128]	I'm online..
[70/128]	I'm online..
[88/128]	I'm online..
[92/128]	I'm online..
[121/128]	I'm online..
[123/128]	I'm online..
[44/128]	I'm online..
[7/128]	I'm online..
[115/128]	I'm online..
[118/128]	I'm online..
[105/128]	I'm online..
[107/128]	I'm online..
[47/128]	I'm online..
[57/128]	I'm online..
[21/128]	I'm online..
---------------- EAR 5.2 MPI enabled ----------------
                   App/user id: 'hratio_l30'/'ovaneck2'
    Node/job id/step_id/app_id: 'tcn139'/'17582750'/'20'/'1680005'
     P_STATE/frequency (turbo): 0/2600000 (0)
    Tasks/nodes/ppn/node_ratio: 128/1/128/1.000
             Policy (learning): monitoring (0)
Policy threshold/Perf accuracy: 0.00/10000000.00
   DynAIS levels/window/AVX512: 10/200/2
                      VAR path: /var/ear
           EAR privileged user: 0
                       EARL on: 1 
                  Max CPU freq: 2600000
-------------------------------------------------------
EAR initialized successfully.
[1/128]	I'm online..
[34m[tcn139][0][INFO] [0mWarning: Estimated power 307.42 W (DC vs CPU+GPU 1.00)
[34m[tcn139][0][INFO] [0mScope APP master 1 elapsed 0.000000
----------------------------------- Application Summary [tcn139] -----------------------------------
--- App id: hratio_l30 / user id: ovaneck2 / account: vusei12999 / job.step: 17582750.20.1680005 ---


(Appl. sign.) Wall time: 0.182 s, CPU util.: 4788 %, nominal freq.: 2.60 GHz, avg. freq: 2.57 GHz, avg imc freq: 1.47 GHz
              Avg. mpi_time/exec_time 0.0 %

              tasks: 128

              CPI/TPI: 0.412/473.502, GB/s: 5.299, GFLOPS: 0.000, IO: 5.740 (MB/s)
              DC/DRAM/PCK power: 307.414/0.000/307.419 (W) GFlops/Watts 0.000


----------------------------------------------------------------------------------------------------
[113/128]	Finalized MPI..
[30/128]	Finalized MPI..
[118/128]	Finalized MPI..
[26/128]	Finalized MPI..
[105/128]	Finalized MPI..
[67/128]	Finalized MPI..
[92/128]	Finalized MPI..
[106/128]	Finalized MPI..
[68/128]	Finalized MPI..
[123/128]	Finalized MPI..
[86/128]	Finalized MPI..
[103/128]	Finalized MPI..
[65/128]	Finalized MPI..
[90/128]	Finalized MPI..
[101/128]	Finalized MPI..
[107/128]	Finalized MPI..
[120/128]	Finalized MPI..
[89/128]	Finalized MPI..
[116/128]	Finalized MPI..
[87/128]	Finalized MPI..
[88/128]	Finalized MPI..
[91/128]	Finalized MPI..
[38/128]	Finalized MPI..
[115/128]	Finalized MPI..
[78/128]	Finalized MPI..
[70/128]	Finalized MPI..
[125/128]	Finalized MPI..
[56/128]	Finalized MPI..
[81/128]	Finalized MPI..
[124/128]	Finalized MPI..
[33/128]	Finalized MPI..
[35/128]	Finalized MPI..
[57/128]	Finalized MPI..
[121/128]	Finalized MPI..
[104/128]	Finalized MPI..
[51/128]	Finalized MPI..
[127/128]	Finalized MPI..
[102/128]	Finalized MPI..
[119/128]	Finalized MPI..
[21/128]	Finalized MPI..
[53/128]	Finalized MPI..
[126/128]	Finalized MPI..
[83/128]	Finalized MPI..
[44/128]	Finalized MPI..
[34/128]	Finalized MPI..
[58/128]	Finalized MPI..
[59/128]	Finalized MPI..
[27/128]	Finalized MPI..
[55/128]	Finalized MPI..
[47/128]	Finalized MPI..
[23/128]	Finalized MPI..
[17/128]	Finalized MPI..
[6/128]	Finalized MPI..
[1/128]	Finalized MPI..
[42/128]	Finalized MPI..
[18/128]	Finalized MPI..
[19/128]	Finalized MPI..
[22/128]	Finalized MPI..
[128/128]	Finalized MPI..
[114/128]	Finalized MPI..
[73/128]	Finalized MPI..
[15/128]	Finalized MPI..
[80/128]	Finalized MPI..
[69/128]	Finalized MPI..
[72/128]	Finalized MPI..
[60/128]	Finalized MPI..
[117/128]	Finalized MPI..
[99/128]	Finalized MPI..
[12/128]	Finalized MPI..
[43/128]	Finalized MPI..
[16/128]	Finalized MPI..
[48/128]	Finalized MPI..
[122/128]	Finalized MPI..
[62/128]	Finalized MPI..
[63/128]	Finalized MPI..
[24/128]	Finalized MPI..
[97/128]	Finalized MPI..
[71/128]	Finalized MPI..
[54/128]	Finalized MPI..
[11/128]	Finalized MPI..
[77/128]	Finalized MPI..
[39/128]	Finalized MPI..
[108/128]	Finalized MPI..
[3/128]	Finalized MPI..
[25/128]	Finalized MPI..
[28/128]	Finalized MPI..
[36/128]	Finalized MPI..
[84/128]	Finalized MPI..
[111/128]	Finalized MPI..
[96/128]	Finalized MPI..
[79/128]	Finalized MPI..
[2/128]	Finalized MPI..
[13/128]	Finalized MPI..
[14/128]	Finalized MPI..
[64/128]	Finalized MPI..
[75/128]	Finalized MPI..
[100/128]	Finalized MPI..
[32/128]	Finalized MPI..
[10/128]	Finalized MPI..
[85/128]	Finalized MPI..
[20/128]	Finalized MPI..
[37/128]	Finalized MPI..
[40/128]	Finalized MPI..
[61/128]	Finalized MPI..
[4/128]	Finalized MPI..
[110/128]	Finalized MPI..
[95/128]	Finalized MPI..
[41/128]	Finalized MPI..
[74/128]	Finalized MPI..
[109/128]	Finalized MPI..
[29/128]	Finalized MPI..
[5/128]	Finalized MPI..
[45/128]	Finalized MPI..
[76/128]	Finalized MPI..
[94/128]	Finalized MPI..
[9/128]	Finalized MPI..
[112/128]	Finalized MPI..
[98/128]	Finalized MPI..
[31/128]	Finalized MPI..
[82/128]	Finalized MPI..
[8/128]	Finalized MPI..
[49/128]	Finalized MPI..
[93/128]	Finalized MPI..
[50/128]	Finalized MPI..
[66/128]	Finalized MPI..
[7/128]	Finalized MPI..
[52/128]	Finalized MPI..
[46/128]	Finalized MPI..
[EARL][tcn139][1682205] --- EARL INIT [PID: 1682205] [MASTER: 1] ---
[34m[tcn139][0][INFO] [0mK-medoids & roofline strategies not available. Loading default model for the classification
--- EARL loaded APIs ---
MGT_CPUFREQ: EARD
MGT_IMCFREQ: EARD
MGT_PRIO   : DUMMY
MET_CPUFREQ: EARD
MET_IMCFREQ: EARD
MET_ENERGY : EARD
MET_TEMP:    AMD17
MET_BWIDTH : EARD
MET_FLOPS  : PERF
MET_CPI    : PERF
MGT_GPU    : DUMMY
MET_GPU    : DUMMY
L1D: loaded (event PERF_L1D_MISS_LD) 
L2 : loaded (event L2_MISS_FROM_DC) (also in LBW)
L2 : loaded (event L2_MISS_FROM_PF1) (also in LBW)
L2 : loaded (event L2_MISS_FROM_PF2) (also in LBW)

------------------------
[14/128]	I'm online..
[22/128]	I'm online..
[27/128]	I'm online..
[29/128]	I'm online..
[44/128]	I'm online..
[48/128]	I'm online..
[77/128]	I'm online..
[86/128]	I'm online..
[91/128]	I'm online..
[97/128]	I'm online..
[98/128]	I'm online..
[104/128]	I'm online..
[106/128]	I'm online..
[107/128]	I'm online..
[112/128]	I'm online..
[113/128]	I'm online..
[119/128]	I'm online..
[120/128]	I'm online..
[6/128]	I'm online..
[8/128]	I'm online..
[12/128]	I'm online..
[15/128]	I'm online..
[16/128]	I'm online..
[30/128]	I'm online..
[38/128]	I'm online..
[40/128]	I'm online..
[42/128]	I'm online..
[49/128]	I'm online..
[58/128]	I'm online..
[62/128]	I'm online..
[64/128]	I'm online..
[68/128]	I'm online..
[69/128]	I'm online..
[71/128]	I'm online..
[74/128]	I'm online..
[85/128]	I'm online..
[87/128]	I'm online..
[89/128]	I'm online..
[95/128]	I'm online..
[96/128]	I'm online..
[99/128]	I'm online..
[115/128]	I'm online..
[128/128]	I'm online..
Mapping frequencies from 128 processes to 128 CPUs...
[34/128]	I'm online..
[45/128]	I'm online..
[28/128]	I'm online..
[61/128]	I'm online..
[67/128]	I'm online..
[90/128]	I'm online..
[75/128]	I'm online..
[19/128]	I'm online..
[66/128]	I'm online..
[110/128]	I'm online..
[81/128]	I'm online..
[92/128]	I'm online..
[123/128]	I'm online..
[36/128]	I'm online..
[125/128]	I'm online..
[33/128]	I'm online..
[72/128]	I'm online..
[93/128]	I'm online..
[60/128]	I'm online..
[65/128]	I'm online..
[111/128]	I'm online..
[124/128]	I'm online..
[7/128]	I'm online..
[43/128]	I'm online..
[26/128]	I'm online..
[25/128]	I'm online..
[78/128]	I'm online..
[52/128]	I'm online..
[79/128]	I'm online..
[82/128]	I'm online..
[11/128]	I'm online..
[116/128]	I'm online..
[88/128]	I'm online..
[5/128]	I'm online..
[57/128]	I'm online..
[3/128]	I'm online..
[101/128]	I'm online..
[47/128]	I'm online..
[70/128]	I'm online..
[105/128]	I'm online..
[127/128]	I'm online..
[41/128]	I'm online..
[53/128]	I'm online..
[117/128]	I'm online..
[83/128]	I'm online..
[63/128]	I'm online..
[9/128]	I'm online..
[32/128]	I'm online..
[103/128]	I'm online..
[108/128]	I'm online..
[4/128]	I'm online..
[51/128]	I'm online..
[122/128]	I'm online..
[80/128]	I'm online..
[114/128]	I'm online..
[73/128]	I'm online..
[126/128]	I'm online..
[18/128]	I'm online..
[102/128]	I'm online..
[46/128]	I'm online..
[59/128]	I'm online..
[13/128]	I'm online..
[2/128]	I'm online..
[23/128]	I'm online..
[118/128]	I'm online..
[10/128]	I'm online..
[21/128]	I'm online..
[54/128]	I'm online..
[55/128]	I'm online..
[17/128]	I'm online..
[35/128]	I'm online..
[76/128]	I'm online..
[94/128]	I'm online..
[100/128]	I'm online..
[109/128]	I'm online..
[24/128]	I'm online..
[84/128]	I'm online..
[50/128]	I'm online..
[20/128]	I'm online..
[39/128]	I'm online..
[121/128]	I'm online..
[56/128]	I'm online..
[31/128]	I'm online..
[37/128]	I'm online..
---------------- EAR 5.2 MPI enabled ----------------
                   App/user id: 'hratio_l30'/'ovaneck2'
    Node/job id/step_id/app_id: 'tcn139'/'17582750'/'21'/'1682205'
     P_STATE/frequency (turbo): 0/2600000 (0)
    Tasks/nodes/ppn/node_ratio: 128/1/128/1.000
             Policy (learning): monitoring (0)
Policy threshold/Perf accuracy: 0.00/10000000.00
   DynAIS levels/window/AVX512: 10/200/2
                      VAR path: /var/ear
           EAR privileged user: 0
                       EARL on: 1 
                  Max CPU freq: 2600000
-------------------------------------------------------
EAR initialized successfully.
[1/128]	I'm online..
[34m[tcn139][0][INFO] [0mScope APP master 1 elapsed 0.000000
----------------------------------- Application Summary [tcn139] -----------------------------------
--- App id: hratio_l30 / user id: ovaneck2 / account: vusei12999 / job.step: 17582750.21.1682205 ---


(Appl. sign.) Wall time: 2.153 s, CPU util.: 5558 %, nominal freq.: 2.60 GHz, avg. freq: 2.57 GHz, avg imc freq: 1.47 GHz
              Avg. mpi_time/exec_time 0.0 %

              tasks: 128

              CPI/TPI: 0.384/427.972, GB/s: 2.935, GFLOPS: 0.000, IO: 10.302 (MB/s)
              DC/DRAM/PCK power: 322.342/0.000/229.409 (W) GFlops/Watts 0.000


----------------------------------------------------------------------------------------------------
[69/128]	Finalized MPI..
[23/128]	Finalized MPI..
[82/128]	Finalized MPI..
[83/128]	Finalized MPI..
[45/128]	Finalized MPI..
[43/128]	Finalized MPI..
[86/128]	Finalized MPI..
[70/128]	Finalized MPI..
[68/128]	Finalized MPI..
[101/128]	Finalized MPI..
[10/128]	Finalized MPI..
[111/128]	Finalized MPI..
[94/128]	Finalized MPI..
[72/128]	Finalized MPI..
[127/128]	Finalized MPI..
[118/128]	Finalized MPI..
[50/128]	Finalized MPI..
[44/128]	Finalized MPI..
[124/128]	Finalized MPI..
[29/128]	Finalized MPI..
[24/128]	Finalized MPI..
[113/128]	Finalized MPI..
[61/128]	Finalized MPI..
[115/128]	Finalized MPI..
[128/128]	Finalized MPI..
[76/128]	Finalized MPI..
[20/128]	Finalized MPI..
[55/128]	Finalized MPI..
[8/128]	Finalized MPI..
[107/128]	Finalized MPI..
[48/128]	Finalized MPI..
[2/128]	Finalized MPI..
[98/128]	Finalized MPI..
[122/128]	Finalized MPI..
[14/128]	Finalized MPI..
[88/128]	Finalized MPI..
[85/128]	Finalized MPI..
[36/128]	Finalized MPI..
[42/128]	Finalized MPI..
[65/128]	Finalized MPI..
[62/128]	Finalized MPI..
[60/128]	Finalized MPI..
[71/128]	Finalized MPI..
[66/128]	Finalized MPI..
[32/128]	Finalized MPI..
[92/128]	Finalized MPI..
[49/128]	Finalized MPI..
[37/128]	Finalized MPI..
[95/128]	Finalized MPI..
[67/128]	Finalized MPI..
[64/128]	Finalized MPI..
[84/128]	Finalized MPI..
[78/128]	Finalized MPI..
[90/128]	Finalized MPI..
[108/128]	Finalized MPI..
[93/128]	Finalized MPI..
[91/128]	Finalized MPI..
[96/128]	Finalized MPI..
[104/128]	Finalized MPI..
[105/128]	Finalized MPI..
[79/128]	Finalized MPI..
[75/128]	Finalized MPI..
[100/128]	Finalized MPI..
[120/128]	Finalized MPI..
[102/128]	Finalized MPI..
[87/128]	Finalized MPI..
[117/128]	Finalized MPI..
[123/128]	Finalized MPI..
[97/128]	Finalized MPI..
[31/128]	Finalized MPI..
[17/128]	Finalized MPI..
[99/128]	Finalized MPI..
[41/128]	Finalized MPI..
[80/128]	Finalized MPI..
[63/128]	Finalized MPI..
[53/128]	Finalized MPI..
[54/128]	Finalized MPI..
[77/128]	Finalized MPI..
[51/128]	Finalized MPI..
[57/128]	Finalized MPI..
[119/128]	Finalized MPI..
[125/128]	Finalized MPI..
[33/128]	Finalized MPI..
[74/128]	Finalized MPI..
[73/128]	Finalized MPI..
[9/128]	Finalized MPI..
[1/128]	Finalized MPI..
[52/128]	Finalized MPI..
[114/128]	Finalized MPI..
[110/128]	Finalized MPI..
[30/128]	Finalized MPI..
[6/128]	Finalized MPI..
[126/128]	Finalized MPI..
[103/128]	Finalized MPI..
[89/128]	Finalized MPI..
[106/128]	Finalized MPI..
[18/128]	Finalized MPI..
[81/128]	Finalized MPI..
[56/128]	Finalized MPI..
[19/128]	Finalized MPI..
[7/128]	Finalized MPI..
[3/128]	Finalized MPI..
[35/128]	Finalized MPI..
[16/128]	Finalized MPI..
[112/128]	Finalized MPI..
[109/128]	Finalized MPI..
[46/128]	Finalized MPI..
[47/128]	Finalized MPI..
[116/128]	Finalized MPI..
[15/128]	Finalized MPI..
[121/128]	Finalized MPI..
[4/128]	Finalized MPI..
[58/128]	Finalized MPI..
[25/128]	Finalized MPI..
[34/128]	Finalized MPI..
[59/128]	Finalized MPI..
[5/128]	Finalized MPI..
[12/128]	Finalized MPI..
[26/128]	Finalized MPI..
[21/128]	Finalized MPI..
[11/128]	Finalized MPI..
[38/128]	Finalized MPI..
[39/128]	Finalized MPI..
[40/128]	Finalized MPI..
[22/128]	Finalized MPI..
[13/128]	Finalized MPI..
[28/128]	Finalized MPI..
[27/128]	Finalized MPI..
[EARL][tcn139][1684439] --- EARL INIT [PID: 1684439] [MASTER: 1] ---
[34m[tcn139][0][INFO] [0mK-medoids & roofline strategies not available. Loading default model for the classification
--- EARL loaded APIs ---
MGT_CPUFREQ: EARD
MGT_IMCFREQ: EARD
MGT_PRIO   : DUMMY
MET_CPUFREQ: EARD
MET_IMCFREQ: EARD
MET_ENERGY : EARD
MET_TEMP:    AMD17
MET_BWIDTH : EARD
MET_FLOPS  : PERF
MET_CPI    : PERF
MGT_GPU    : DUMMY
MET_GPU    : DUMMY
L1D: loaded (event PERF_L1D_MISS_LD) 
L2 : loaded (event L2_MISS_FROM_DC) (also in LBW)
L2 : loaded (event L2_MISS_FROM_PF1) (also in LBW)
L2 : loaded (event L2_MISS_FROM_PF2) (also in LBW)

------------------------
[27/128]	I'm online..
[65/128]	I'm online..
[67/128]	I'm online..
[74/128]	I'm online..
[78/128]	I'm online..
[95/128]	I'm online..
[105/128]	I'm online..
[107/128]	I'm online..
[113/128]	I'm online..
[12/128]	I'm online..
[13/128]	I'm online..
[16/128]	I'm online..
[22/128]	I'm online..
[23/128]	I'm online..
[35/128]	I'm online..
[41/128]	I'm online..
[50/128]	I'm online..
[52/128]	I'm online..
[106/128]	I'm online..
[91/128]	I'm online..
[55/128]	I'm online..
[93/128]	I'm online..
[66/128]	I'm online..
[71/128]	I'm online..
[72/128]	I'm online..
[15/128]	I'm online..
[40/128]	I'm online..
[115/128]	I'm online..
[11/128]	I'm online..
[116/128]	I'm online..
[14/128]	I'm online..
[19/128]	I'm online..
[39/128]	I'm online..
Mapping frequencies from 128 processes to 128 CPUs...
[18/128]	I'm online..
[121/128]	I'm online..
[117/128]	I'm online..
[79/128]	I'm online..
[126/128]	I'm online..
[125/128]	I'm online..
[46/128]	I'm online..
[89/128]	I'm online..
[98/128]	I'm online..
[60/128]	I'm online..
[17/128]	I'm online..
[123/128]	I'm online..
[114/128]	I'm online..
[124/128]	I'm online..
[64/128]	I'm online..
[34/128]	I'm online..
[80/128]	I'm online..
[85/128]	I'm online..
[122/128]	I'm online..
[25/128]	I'm online..
[62/128]	I'm online..
[73/128]	I'm online..
[77/128]	I'm online..
[58/128]	I'm online..
[92/128]	I'm online..
[70/128]	I'm online..
[86/128]	I'm online..
[119/128]	I'm online..
[37/128]	I'm online..
[38/128]	I'm online..
[90/128]	I'm online..
[108/128]	I'm online..
[26/128]	I'm online..
[87/128]	I'm online..
[29/128]	I'm online..
[47/128]	I'm online..
[112/128]	I'm online..
[96/128]	I'm online..
[103/128]	I'm online..
[2/128]	I'm online..
[7/128]	I'm online..
[82/128]	I'm online..
[30/128]	I'm online..
[83/128]	I'm online..
[76/128]	I'm online..
[118/128]	I'm online..
[109/128]	I'm online..
[100/128]	I'm online..
[84/128]	I'm online..
[99/128]	I'm online..
[43/128]	I'm online..
[45/128]	I'm online..
[75/128]	I'm online..
[111/128]	I'm online..
[54/128]	I'm online..
[20/128]	I'm online..
[120/128]	I'm online..
[3/128]	I'm online..
[94/128]	I'm online..
[97/128]	I'm online..
[5/128]	I'm online..
[6/128]	I'm online..
[21/128]	I'm online..
[33/128]	I'm online..
[24/128]	I'm online..
[59/128]	I'm online..
[9/128]	I'm online..
[10/128]	I'm online..
[69/128]	I'm online..
[102/128]	I'm online..
[81/128]	I'm online..
[104/128]	I'm online..
[63/128]	I'm online..
[4/128]	I'm online..
[32/128]	I'm online..
[110/128]	I'm online..
[61/128]	I'm online..
[42/128]	I'm online..
[49/128]	I'm online..
[36/128]	I'm online..
[68/128]	I'm online..
[88/128]	I'm online..
[101/128]	I'm online..
[48/128]	I'm online..
[128/128]	I'm online..
[31/128]	I'm online..
[44/128]	I'm online..
[8/128]	I'm online..
[51/128]	I'm online..
[53/128]	I'm online..
[56/128]	I'm online..
[28/128]	I'm online..
[127/128]	I'm online..
[57/128]	I'm online..
---------------- EAR 5.2 MPI enabled ----------------
                   App/user id: 'hratio_l30'/'ovaneck2'
    Node/job id/step_id/app_id: 'tcn139'/'17582750'/'22'/'1684439'
     P_STATE/frequency (turbo): 0/2600000 (0)
    Tasks/nodes/ppn/node_ratio: 128/1/128/1.000
             Policy (learning): monitoring (0)
Policy threshold/Perf accuracy: 0.00/10000000.00
   DynAIS levels/window/AVX512: 10/200/2
                      VAR path: /var/ear
           EAR privileged user: 0
                       EARL on: 1 
                  Max CPU freq: 2600000
-------------------------------------------------------
EAR initialized successfully.
[1/128]	I'm online..
[34m[tcn139][0][INFO] [0mWarning: Estimated power 231.71 W (DC vs CPU+GPU 1.00)
[34m[tcn139][0][INFO] [0mScope APP master 1 elapsed 0.000000
----------------------------------- Application Summary [tcn139] -----------------------------------
--- App id: hratio_l30 / user id: ovaneck2 / account: vusei12999 / job.step: 17582750.22.1684439 ---


(Appl. sign.) Wall time: 1.328 s, CPU util.: 5299 %, nominal freq.: 2.60 GHz, avg. freq: 2.57 GHz, avg imc freq: 1.47 GHz
              Avg. mpi_time/exec_time 0.0 %

              tasks: 128

              CPI/TPI: 0.381/392.697, GB/s: 3.626, GFLOPS: 0.000, IO: 10.885 (MB/s)
              DC/DRAM/PCK power: 231.714/0.000/231.714 (W) GFlops/Watts 0.000


----------------------------------------------------------------------------------------------------
[103/128]	Finalized MPI..
[70/128]	Finalized MPI..
[99/128]	Finalized MPI..
[50/128]	Finalized MPI..
[107/128]	Finalized MPI..
[12/128]	Finalized MPI..
[67/128]	Finalized MPI..
[51/128]	Finalized MPI..
[126/128]	Finalized MPI..
[123/128]	Finalized MPI..
[124/128]	Finalized MPI..
[122/128]	Finalized MPI..
[93/128]	Finalized MPI..
[75/128]	Finalized MPI..
[113/128]	Finalized MPI..
[83/128]	Finalized MPI..
[73/128]	Finalized MPI..
[105/128]	Finalized MPI..
[23/128]	Finalized MPI..
[2/128]	Finalized MPI..
[117/128]	Finalized MPI..
[1/128]	Finalized MPI..
[45/128]	Finalized MPI..
[81/128]	Finalized MPI..
[17/128]	Finalized MPI..
[71/128]	Finalized MPI..
[72/128]	Finalized MPI..
[46/128]	Finalized MPI..
[97/128]	Finalized MPI..
[74/128]	Finalized MPI..
[82/128]	Finalized MPI..
[57/128]	Finalized MPI..
[63/128]	Finalized MPI..
[109/128]	Finalized MPI..
[47/128]	Finalized MPI..
[52/128]	Finalized MPI..
[106/128]	Finalized MPI..
[91/128]	Finalized MPI..
[90/128]	Finalized MPI..
[65/128]	Finalized MPI..
[101/128]	Finalized MPI..
[37/128]	Finalized MPI..
[25/128]	Finalized MPI..
[111/128]	Finalized MPI..
[92/128]	Finalized MPI..
[61/128]	Finalized MPI..
[22/128]	Finalized MPI..
[120/128]	Finalized MPI..
[69/128]	Finalized MPI..
[3/128]	Finalized MPI..
[9/128]	Finalized MPI..
[128/128]	Finalized MPI..
[11/128]	Finalized MPI..
[59/128]	Finalized MPI..
[8/128]	Finalized MPI..
[98/128]	Finalized MPI..
[6/128]	Finalized MPI..
[24/128]	Finalized MPI..
[95/128]	Finalized MPI..
[54/128]	Finalized MPI..
[5/128]	Finalized MPI..
[53/128]	Finalized MPI..
[60/128]	Finalized MPI..
[114/128]	Finalized MPI..
[115/128]	Finalized MPI..
[27/128]	Finalized MPI..
[102/128]	Finalized MPI..
[20/128]	Finalized MPI..
[42/128]	Finalized MPI..
[13/128]	Finalized MPI..
[48/128]	Finalized MPI..
[15/128]	Finalized MPI..
[58/128]	Finalized MPI..
[33/128]	Finalized MPI..
[49/128]	Finalized MPI..
[66/128]	Finalized MPI..
[112/128]	Finalized MPI..
[31/128]	Finalized MPI..
[116/128]	Finalized MPI..
[78/128]	Finalized MPI..
[85/128]	Finalized MPI..
[80/128]	Finalized MPI..
[88/128]	Finalized MPI..
[86/128]	Finalized MPI..
[35/128]	Finalized MPI..
[87/128]	Finalized MPI..
[44/128]	Finalized MPI..
[121/128]	Finalized MPI..
[38/128]	Finalized MPI..
[119/128]	Finalized MPI..
[127/128]	Finalized MPI..
[89/128]	Finalized MPI..
[79/128]	Finalized MPI..
[94/128]	Finalized MPI..
[39/128]	Finalized MPI..
[21/128]	Finalized MPI..
[64/128]	Finalized MPI..
[125/128]	Finalized MPI..
[96/128]	Finalized MPI..
[104/128]	Finalized MPI..
[62/128]	Finalized MPI..
[34/128]	Finalized MPI..
[100/128]	Finalized MPI..
[43/128]	Finalized MPI..
[28/128]	Finalized MPI..
[77/128]	Finalized MPI..
[32/128]	Finalized MPI..
[16/128]	Finalized MPI..
[68/128]	Finalized MPI..
[110/128]	Finalized MPI..
[29/128]	Finalized MPI..
[40/128]	Finalized MPI..
[108/128]	Finalized MPI..
[84/128]	Finalized MPI..
[41/128]	Finalized MPI..
[36/128]	Finalized MPI..
[4/128]	Finalized MPI..
[19/128]	Finalized MPI..
[56/128]	Finalized MPI..
[18/128]	Finalized MPI..
[26/128]	Finalized MPI..
[14/128]	Finalized MPI..
[76/128]	Finalized MPI..
[118/128]	Finalized MPI..
[55/128]	Finalized MPI..
[30/128]	Finalized MPI..
[10/128]	Finalized MPI..
[7/128]	Finalized MPI..
[EARL][tcn139][1686661] --- EARL INIT [PID: 1686661] [MASTER: 1] ---
[34m[tcn139][0][INFO] [0mK-medoids & roofline strategies not available. Loading default model for the classification
--- EARL loaded APIs ---
MGT_CPUFREQ: EARD
MGT_IMCFREQ: EARD
MGT_PRIO   : DUMMY
MET_CPUFREQ: EARD
MET_IMCFREQ: EARD
MET_ENERGY : EARD
MET_TEMP:    AMD17
MET_BWIDTH : EARD
MET_FLOPS  : PERF
MET_CPI    : PERF
MGT_GPU    : DUMMY
MET_GPU    : DUMMY
L1D: loaded (event PERF_L1D_MISS_LD) 
L2 : loaded (event L2_MISS_FROM_DC) (also in LBW)
L2 : loaded (event L2_MISS_FROM_PF1) (also in LBW)
L2 : loaded (event L2_MISS_FROM_PF2) (also in LBW)

------------------------
Mapping frequencies from 128 processes to 128 CPUs...
[15/128]	I'm online..
[17/128]	I'm online..
[43/128]	I'm online..
[47/128]	I'm online..
[93/128]	I'm online..
[98/128]	I'm online..
[112/128]	I'm online..
[6/128]	I'm online..
[8/128]	I'm online..
[20/128]	I'm online..
[24/128]	I'm online..
[35/128]	I'm online..
[48/128]	I'm online..
[69/128]	I'm online..
[77/128]	I'm online..
[84/128]	I'm online..
[86/128]	I'm online..
[87/128]	I'm online..
[100/128]	I'm online..
[102/128]	I'm online..
[108/128]	I'm online..
[109/128]	I'm online..
[116/128]	I'm online..
[124/128]	I'm online..
[51/128]	I'm online..
[71/128]	I'm online..
[96/128]	I'm online..
[115/128]	I'm online..
[11/128]	I'm online..
[74/128]	I'm online..
[36/128]	I'm online..
[104/128]	I'm online..
[119/128]	I'm online..
[22/128]	I'm online..
[30/128]	I'm online..
[67/128]	I'm online..
[3/128]	I'm online..
[49/128]	I'm online..
[94/128]	I'm online..
[70/128]	I'm online..
[66/128]	I'm online..
[56/128]	I'm online..
[122/128]	I'm online..
[117/128]	I'm online..
[40/128]	I'm online..
[101/128]	I'm online..
[89/128]	I'm online..
[81/128]	I'm online..
[123/128]	I'm online..
[97/128]	I'm online..
[12/128]	I'm online..
[118/128]	I'm online..
[106/128]	I'm online..
[127/128]	I'm online..
[39/128]	I'm online..
[91/128]	I'm online..
[113/128]	I'm online..
[34/128]	I'm online..
[82/128]	I'm online..
[110/128]	I'm online..
[76/128]	I'm online..
[120/128]	I'm online..
[85/128]	I'm online..
[92/128]	I'm online..
[114/128]	I'm online..
[105/128]	I'm online..
[88/128]	I'm online..
[57/128]	I'm online..
[42/128]	I'm online..
[50/128]	I'm online..
[46/128]	I'm online..
[103/128]	I'm online..
[111/128]	I'm online..
[53/128]	I'm online..
[78/128]	I'm online..
[90/128]	I'm online..
[83/128]	I'm online..
[61/128]	I'm online..
[126/128]	I'm online..
[33/128]	I'm online..
[25/128]	I'm online..
[80/128]	I'm online..
[99/128]	I'm online..
[55/128]	I'm online..
[64/128]	I'm online..
[31/128]	I'm online..
[73/128]	I'm online..
[27/128]	I'm online..
[52/128]	I'm online..
[62/128]	I'm online..
[63/128]	I'm online..
[125/128]	I'm online..
[2/128]	I'm online..
[21/128]	I'm online..
[26/128]	I'm online..
[45/128]	I'm online..
[10/128]	I'm online..
[75/128]	I'm online..
[68/128]	I'm online..
[79/128]	I'm online..
[58/128]	I'm online..
[23/128]	I'm online..
[4/128]	I'm online..
[65/128]	I'm online..
[18/128]	I'm online..
[44/128]	I'm online..
[5/128]	I'm online..
[32/128]	I'm online..
[28/128]	I'm online..
[41/128]	I'm online..
[107/128]	I'm online..
[38/128]	I'm online..
[128/128]	I'm online..
[16/128]	I'm online..
[19/128]	I'm online..
[37/128]	I'm online..
[29/128]	I'm online..
[121/128]	I'm online..
[9/128]	I'm online..
[59/128]	I'm online..
[54/128]	I'm online..
[60/128]	I'm online..
[95/128]	I'm online..
[14/128]	I'm online..
[7/128]	I'm online..
[72/128]	I'm online..
[13/128]	I'm online..
---------------- EAR 5.2 MPI enabled ----------------
                   App/user id: 'hratio_l30'/'ovaneck2'
    Node/job id/step_id/app_id: 'tcn139'/'17582750'/'23'/'1686661'
     P_STATE/frequency (turbo): 0/2600000 (0)
    Tasks/nodes/ppn/node_ratio: 128/1/128/1.000
             Policy (learning): monitoring (0)
Policy threshold/Perf accuracy: 0.00/10000000.00
   DynAIS levels/window/AVX512: 10/200/2
                      VAR path: /var/ear
           EAR privileged user: 0
                       EARL on: 1 
                  Max CPU freq: 2600000
-------------------------------------------------------
EAR initialized successfully.
[1/128]	I'm online..
EAR[1686661](hratio_l30) at 2.60/1.47 in tcn139 MR[0] elapsed 16 sec.: [32mLoop time: 1.007s DC Power: [35m486.2W[32m DRAM power: 0.00W PCK power: 429.51W
	avg. CPUFreq: 2.57GHz avg. IMCFreq: 1.47GHz Next Frequency 2.60
	CPI: 0.374 VPI: 0.00, Mem. bwidth: 0.09GB/s GFLOPS: 0.00 I/O: 1.65MB/s No MPI  
	TPI 0.02 Cache miss rates: L1 0.88GB/s L2 0.01GB/s L3 0.00GB/s
	Total MPI calls 0
	IO DATA: rchar 4552 wchar 6440 syscr 50 syscw 5 read_bytes 0 write_bytes 8192
	Aggregated application's node CPU util.: 11831
	CPU temperature (celsius): socket 0: 54 socket 1: 62[0m
EAR[1686661](hratio_l30) at 2.60/1.47 in tcn139 MR[0] elapsed 30 sec.: [32mLoop time: 1.007s DC Power: [35m488.0W[32m DRAM power: 0.00W PCK power: 431.03W
	avg. CPUFreq: 2.57GHz avg. IMCFreq: 1.47GHz Next Frequency 2.60
	CPI: 0.373 VPI: 0.00, Mem. bwidth: 0.14GB/s GFLOPS: 0.00 I/O: 0.01MB/s No MPI  
	TPI 0.03 Cache miss rates: L1 0.81GB/s L2 0.00GB/s L3 0.00GB/s
	Total MPI calls 0
	IO DATA: rchar 4553 wchar 6440 syscr 50 syscw 5 read_bytes 0 write_bytes 12288
	Aggregated application's node CPU util.: 12539
	CPU temperature (celsius): socket 0: 56 socket 1: 65[0m
EAR[1686661](hratio_l30) at 2.60/1.47 in tcn139 MR[0] elapsed 43 sec.: [32mLoop time: 1.006s DC Power: [35m442.4W[32m DRAM power: 0.00W PCK power: 432.37W
	avg. CPUFreq: 2.57GHz avg. IMCFreq: 1.47GHz Next Frequency 2.60
	CPI: 0.373 VPI: 0.00, Mem. bwidth: 0.09GB/s GFLOPS: 0.00 I/O: 0.01MB/s No MPI  
	TPI 0.02 Cache miss rates: L1 0.87GB/s L2 0.00GB/s L3 0.00GB/s
	Total MPI calls 0
	IO DATA: rchar 4553 wchar 6440 syscr 50 syscw 5 read_bytes 0 write_bytes 4096
	Aggregated application's node CPU util.: 12544
	CPU temperature (celsius): socket 0: 58 socket 1: 66[0m
EAR[1686661](hratio_l30) at 2.60/1.47 in tcn139 MR[0] elapsed 57 sec.: [32mLoop time: 1.007s DC Power: [35m502.0W[32m DRAM power: 0.00W PCK power: 432.76W
	avg. CPUFreq: 2.57GHz avg. IMCFreq: 1.47GHz Next Frequency 2.60
	CPI: 0.373 VPI: 0.00, Mem. bwidth: 0.13GB/s GFLOPS: 0.00 I/O: 0.01MB/s No MPI  
	TPI 0.03 Cache miss rates: L1 0.81GB/s L2 0.00GB/s L3 0.00GB/s
	Total MPI calls 0
	IO DATA: rchar 4554 wchar 6440 syscr 50 syscw 5 read_bytes 0 write_bytes 8192
	Aggregated application's node CPU util.: 12543
	CPU temperature (celsius): socket 0: 59 socket 1: 67[0m
EAR[1686661](hratio_l30) at 2.60/1.47 in tcn139 MR[0] elapsed 70 sec.: [32mLoop time: 1.007s DC Power: [35m504.0W[32m DRAM power: 0.00W PCK power: 433.24W
	avg. CPUFreq: 2.57GHz avg. IMCFreq: 1.47GHz Next Frequency 2.60
	CPI: 0.373 VPI: 0.00, Mem. bwidth: 0.10GB/s GFLOPS: 0.00 I/O: 0.01MB/s No MPI  
	TPI 0.02 Cache miss rates: L1 0.81GB/s L2 0.00GB/s L3 0.00GB/s
	Total MPI calls 0
	IO DATA: rchar 4554 wchar 6440 syscr 50 syscw 5 read_bytes 0 write_bytes 8192
	Aggregated application's node CPU util.: 12543
	CPU temperature (celsius): socket 0: 59 socket 1: 68[0m
EAR[1686661](hratio_l30) at 2.60/1.47 in tcn139 MR[0] elapsed 83 sec.: [32mLoop time: 1.007s DC Power: [35m506.8W[32m DRAM power: 0.00W PCK power: 433.52W
	avg. CPUFreq: 2.57GHz avg. IMCFreq: 1.47GHz Next Frequency 2.60
	CPI: 0.372 VPI: 0.00, Mem. bwidth: 0.18GB/s GFLOPS: 0.00 I/O: 0.01MB/s No MPI  
	TPI 0.04 Cache miss rates: L1 0.87GB/s L2 0.00GB/s L3 0.00GB/s
	Total MPI calls 0
	IO DATA: rchar 4554 wchar 6440 syscr 50 syscw 5 read_bytes 0 write_bytes 4096
	Aggregated application's node CPU util.: 12534
	CPU temperature (celsius): socket 0: 60 socket 1: 68[0m
EAR[1686661](hratio_l30) at 2.60/1.47 in tcn139 MR[0] elapsed 97 sec.: [32mLoop time: 1.007s DC Power: [35m506.8W[32m DRAM power: 0.00W PCK power: 434.00W
	avg. CPUFreq: 2.57GHz avg. IMCFreq: 1.47GHz Next Frequency 2.60
	CPI: 0.372 VPI: 0.00, Mem. bwidth: 0.10GB/s GFLOPS: 0.00 I/O: 0.01MB/s No MPI  
	TPI 0.02 Cache miss rates: L1 0.81GB/s L2 0.00GB/s L3 0.00GB/s
	Total MPI calls 0
	IO DATA: rchar 4554 wchar 6440 syscr 50 syscw 5 read_bytes 0 write_bytes 12288
	Aggregated application's node CPU util.: 12544
	CPU temperature (celsius): socket 0: 60 socket 1: 69[0m
EAR[1686661](hratio_l30) at 2.60/1.47 in tcn139 MR[0] elapsed 110 sec.: [32mLoop time: 1.007s DC Power: [35m507.6W[32m DRAM power: 0.00W PCK power: 434.20W
	avg. CPUFreq: 2.57GHz avg. IMCFreq: 1.47GHz Next Frequency 2.60
	CPI: 0.372 VPI: 0.00, Mem. bwidth: 0.13GB/s GFLOPS: 0.00 I/O: 0.01MB/s No MPI  
	TPI 0.03 Cache miss rates: L1 0.87GB/s L2 0.00GB/s L3 0.00GB/s
	Total MPI calls 0
	IO DATA: rchar 4554 wchar 6440 syscr 50 syscw 5 read_bytes 0 write_bytes 4096
	Aggregated application's node CPU util.: 12543
	CPU temperature (celsius): socket 0: 60 socket 1: 69[0m
EAR[1686661](hratio_l30) at 2.60/1.47 in tcn139 MR[0] elapsed 124 sec.: [32mLoop time: 1.007s DC Power: [35m507.6W[32m DRAM power: 0.00W PCK power: 434.24W
	avg. CPUFreq: 2.57GHz avg. IMCFreq: 1.47GHz Next Frequency 2.60
	CPI: 0.372 VPI: 0.00, Mem. bwidth: 0.11GB/s GFLOPS: 0.00 I/O: 0.01MB/s No MPI  
	TPI 0.02 Cache miss rates: L1 0.80GB/s L2 0.00GB/s L3 0.00GB/s
	Total MPI calls 0
	IO DATA: rchar 4555 wchar 6440 syscr 50 syscw 5 read_bytes 0 write_bytes 8192
	Aggregated application's node CPU util.: 12544
	CPU temperature (celsius): socket 0: 60 socket 1: 69[0m
EAR[1686661](hratio_l30) at 2.60/1.47 in tcn139 MR[0] elapsed 137 sec.: [32mLoop time: 1.007s DC Power: [35m508.6W[32m DRAM power: 0.00W PCK power: 434.29W
	avg. CPUFreq: 2.57GHz avg. IMCFreq: 1.47GHz Next Frequency 2.60
	CPI: 0.372 VPI: 0.00, Mem. bwidth: 0.08GB/s GFLOPS: 0.00 I/O: 0.01MB/s No MPI  
	TPI 0.02 Cache miss rates: L1 0.81GB/s L2 0.00GB/s L3 0.00GB/s
	Total MPI calls 0
	IO DATA: rchar 4555 wchar 6440 syscr 50 syscw 5 read_bytes 0 write_bytes 8192
	Aggregated application's node CPU util.: 12544
	CPU temperature (celsius): socket 0: 60 socket 1: 69[0m
EAR[1686661](hratio_l30) at 2.60/1.47 in tcn139 MR[0] elapsed 150 sec.: [32mLoop time: 1.007s DC Power: [35m508.5W[32m DRAM power: 0.00W PCK power: 434.19W
	avg. CPUFreq: 2.57GHz avg. IMCFreq: 1.47GHz Next Frequency 2.60
	CPI: 0.372 VPI: 0.00, Mem. bwidth: 0.10GB/s GFLOPS: 0.00 I/O: 0.01MB/s No MPI  
	TPI 0.02 Cache miss rates: L1 0.87GB/s L2 0.00GB/s L3 0.00GB/s
	Total MPI calls 0
	IO DATA: rchar 4555 wchar 6440 syscr 50 syscw 5 read_bytes 0 write_bytes 8192
	Aggregated application's node CPU util.: 12539
	CPU temperature (celsius): socket 0: 61 socket 1: 70[0m
EAR[1686661](hratio_l30) at 2.60/1.47 in tcn139 MR[0] elapsed 164 sec.: [32mLoop time: 1.007s DC Power: [35m453.9W[32m DRAM power: 0.00W PCK power: 434.59W
	avg. CPUFreq: 2.57GHz avg. IMCFreq: 1.47GHz Next Frequency 2.60
	CPI: 0.372 VPI: 0.00, Mem. bwidth: 0.09GB/s GFLOPS: 0.00 I/O: 0.01MB/s No MPI  
	TPI 0.02 Cache miss rates: L1 0.81GB/s L2 0.00GB/s L3 0.00GB/s
	Total MPI calls 0
	IO DATA: rchar 4555 wchar 6440 syscr 50 syscw 5 read_bytes 0 write_bytes 12288
	Aggregated application's node CPU util.: 12544
	CPU temperature (celsius): socket 0: 61 socket 1: 70[0m
EAR[1686661](hratio_l30) at 2.60/1.47 in tcn139 MR[0] elapsed 177 sec.: [32mLoop time: 1.007s DC Power: [35m511.1W[32m DRAM power: 0.00W PCK power: 434.76W
	avg. CPUFreq: 2.57GHz avg. IMCFreq: 1.47GHz Next Frequency 2.60
	CPI: 0.372 VPI: 0.00, Mem. bwidth: 0.12GB/s GFLOPS: 0.00 I/O: 0.01MB/s No MPI  
	TPI 0.02 Cache miss rates: L1 0.87GB/s L2 0.00GB/s L3 0.00GB/s
	Total MPI calls 0
	IO DATA: rchar 4555 wchar 6440 syscr 50 syscw 5 read_bytes 0 write_bytes 4096
	Aggregated application's node CPU util.: 12543
	CPU temperature (celsius): socket 0: 61 socket 1: 70[0m
EAR[1686661](hratio_l30) at 2.60/1.47 in tcn139 MR[0] elapsed 191 sec.: [32mLoop time: 1.008s DC Power: [35m453.7W[32m DRAM power: 0.00W PCK power: 434.63W
	avg. CPUFreq: 2.57GHz avg. IMCFreq: 1.47GHz Next Frequency 2.60
	CPI: 0.372 VPI: 0.00, Mem. bwidth: 0.09GB/s GFLOPS: 0.00 I/O: 0.01MB/s No MPI  
	TPI 0.02 Cache miss rates: L1 0.81GB/s L2 0.00GB/s L3 0.00GB/s
	Total MPI calls 0
	IO DATA: rchar 4555 wchar 6440 syscr 50 syscw 5 read_bytes 0 write_bytes 151552
	Aggregated application's node CPU util.: 12544
	CPU temperature (celsius): socket 0: 61 socket 1: 70[0m
EAR[1686661](hratio_l30) at 2.60/1.47 in tcn139 MR[0] elapsed 204 sec.: [32mLoop time: 1.007s DC Power: [35m453.0W[32m DRAM power: 0.00W PCK power: 434.89W
	avg. CPUFreq: 2.57GHz avg. IMCFreq: 1.47GHz Next Frequency 2.60
	CPI: 0.373 VPI: 0.00, Mem. bwidth: 0.13GB/s GFLOPS: 0.00 I/O: 0.01MB/s No MPI  
	TPI 0.03 Cache miss rates: L1 0.87GB/s L2 0.00GB/s L3 0.00GB/s
	Total MPI calls 0
	IO DATA: rchar 4555 wchar 6440 syscr 50 syscw 5 read_bytes 0 write_bytes 4096
	Aggregated application's node CPU util.: 12540
	CPU temperature (celsius): socket 0: 61 socket 1: 70[0m
EAR[1686661](hratio_l30) at 2.60/1.47 in tcn139 MR[0] elapsed 218 sec.: [32mLoop time: 1.006s DC Power: [35m452.9W[32m DRAM power: 0.00W PCK power: 434.63W
	avg. CPUFreq: 2.57GHz avg. IMCFreq: 1.47GHz Next Frequency 2.60
	CPI: 0.373 VPI: 0.00, Mem. bwidth: 0.10GB/s GFLOPS: 0.00 I/O: 0.01MB/s No MPI  
	TPI 0.02 Cache miss rates: L1 0.81GB/s L2 0.00GB/s L3 0.00GB/s
	Total MPI calls 0
	IO DATA: rchar 4555 wchar 6440 syscr 50 syscw 5 read_bytes 0 write_bytes 8192
	Aggregated application's node CPU util.: 12544
	CPU temperature (celsius): socket 0: 61 socket 1: 70[0m
EAR[1686661](hratio_l30) at 2.60/1.47 in tcn139 MR[0] elapsed 231 sec.: [32mLoop time: 1.006s DC Power: [35m452.3W[32m DRAM power: 0.00W PCK power: 434.90W
	avg. CPUFreq: 2.57GHz avg. IMCFreq: 1.47GHz Next Frequency 2.60
	CPI: 0.373 VPI: 0.00, Mem. bwidth: 0.13GB/s GFLOPS: 0.00 I/O: 0.01MB/s No MPI  
	TPI 0.03 Cache miss rates: L1 0.81GB/s L2 0.00GB/s L3 0.00GB/s
	Total MPI calls 0
	IO DATA: rchar 4555 wchar 6440 syscr 50 syscw 5 read_bytes 0 write_bytes 8192
	Aggregated application's node CPU util.: 12542
	CPU temperature (celsius): socket 0: 61 socket 1: 70[0m
EAR[1686661](hratio_l30) at 2.60/1.47 in tcn139 MR[0] elapsed 244 sec.: [32mLoop time: 1.007s DC Power: [35m508.9W[32m DRAM power: 0.00W PCK power: 434.65W
	avg. CPUFreq: 2.57GHz avg. IMCFreq: 1.47GHz Next Frequency 2.60
	CPI: 0.372 VPI: 0.00, Mem. bwidth: 0.11GB/s GFLOPS: 0.00 I/O: 0.01MB/s No MPI  
	TPI 0.02 Cache miss rates: L1 0.87GB/s L2 0.00GB/s L3 0.00GB/s
	Total MPI calls 0
	IO DATA: rchar 4555 wchar 6440 syscr 50 syscw 5 read_bytes 0 write_bytes 8192
	Aggregated application's node CPU util.: 12544
	CPU temperature (celsius): socket 0: 61 socket 1: 70[0m
EAR[1686661](hratio_l30) at 2.60/1.47 in tcn139 MR[0] elapsed 258 sec.: [32mLoop time: 1.007s DC Power: [35m509.1W[32m DRAM power: 0.00W PCK power: 434.80W
	avg. CPUFreq: 2.57GHz avg. IMCFreq: 1.47GHz Next Frequency 2.60
	CPI: 0.372 VPI: 0.00, Mem. bwidth: 0.10GB/s GFLOPS: 0.00 I/O: 0.01MB/s No MPI  
	TPI 0.02 Cache miss rates: L1 0.81GB/s L2 0.00GB/s L3 0.00GB/s
	Total MPI calls 0
	IO DATA: rchar 4555 wchar 6440 syscr 50 syscw 5 read_bytes 0 write_bytes 8192
	Aggregated application's node CPU util.: 12544
	CPU temperature (celsius): socket 0: 61 socket 1: 70[0m
EAR[1686661](hratio_l30) at 2.60/1.47 in tcn139 MR[0] elapsed 271 sec.: [32mLoop time: 1.013s DC Power: [35m505.9W[32m DRAM power: 0.00W PCK power: 434.94W
	avg. CPUFreq: 2.57GHz avg. IMCFreq: 1.47GHz Next Frequency 2.60
	CPI: 0.372 VPI: 0.00, Mem. bwidth: 0.10GB/s GFLOPS: 0.00 I/O: 0.01MB/s No MPI  
	TPI 0.02 Cache miss rates: L1 0.87GB/s L2 0.00GB/s L3 0.00GB/s
	Total MPI calls 0
	IO DATA: rchar 4555 wchar 6440 syscr 50 syscw 5 read_bytes 0 write_bytes 4096
	Aggregated application's node CPU util.: 12539
	CPU temperature (celsius): socket 0: 61 socket 1: 70[0m
EAR[1686661](hratio_l30) at 2.60/1.47 in tcn139 MR[0] elapsed 285 sec.: [32mLoop time: 1.006s DC Power: [35m452.9W[32m DRAM power: 0.00W PCK power: 434.92W
	avg. CPUFreq: 2.57GHz avg. IMCFreq: 1.47GHz Next Frequency 2.60
	CPI: 0.372 VPI: 0.00, Mem. bwidth: 0.09GB/s GFLOPS: 0.00 I/O: 0.01MB/s No MPI  
	TPI 0.02 Cache miss rates: L1 0.81GB/s L2 0.00GB/s L3 0.00GB/s
	Total MPI calls 0
	IO DATA: rchar 4555 wchar 6440 syscr 50 syscw 5 read_bytes 0 write_bytes 12288
	Aggregated application's node CPU util.: 12544
	CPU temperature (celsius): socket 0: 61 socket 1: 70[0m
EAR[1686661](hratio_l30) at 2.60/1.47 in tcn139 MR[0] elapsed 298 sec.: [32mLoop time: 1.007s DC Power: [35m509.2W[32m DRAM power: 0.00W PCK power: 435.18W
	avg. CPUFreq: 2.57GHz avg. IMCFreq: 1.47GHz Next Frequency 2.60
	CPI: 0.372 VPI: 0.00, Mem. bwidth: 0.12GB/s GFLOPS: 0.00 I/O: 0.01MB/s No MPI  
	TPI 0.02 Cache miss rates: L1 0.80GB/s L2 0.00GB/s L3 0.00GB/s
	Total MPI calls 0
	IO DATA: rchar 4555 wchar 6440 syscr 50 syscw 5 read_bytes 0 write_bytes 12288
	Aggregated application's node CPU util.: 12543
	CPU temperature (celsius): socket 0: 61 socket 1: 70[0m
EAR[1686661](hratio_l30) at 2.60/1.47 in tcn139 MR[0] elapsed 312 sec.: [32mLoop time: 1.009s DC Power: [35m507.8W[32m DRAM power: 0.00W PCK power: 434.72W
	avg. CPUFreq: 2.57GHz avg. IMCFreq: 1.47GHz Next Frequency 2.60
	CPI: 0.372 VPI: 0.00, Mem. bwidth: 0.10GB/s GFLOPS: 0.00 I/O: 0.01MB/s No MPI  
	TPI 0.02 Cache miss rates: L1 0.87GB/s L2 0.00GB/s L3 0.00GB/s
	Total MPI calls 0
	IO DATA: rchar 4555 wchar 6440 syscr 50 syscw 5 read_bytes 0 write_bytes 12288
	Aggregated application's node CPU util.: 12543
	CPU temperature (celsius): socket 0: 62 socket 1: 70[0m
EAR[1686661](hratio_l30) at 2.60/1.47 in tcn139 MR[0] elapsed 325 sec.: [32mLoop time: 1.007s DC Power: [35m509.0W[32m DRAM power: 0.00W PCK power: 435.00W
	avg. CPUFreq: 2.57GHz avg. IMCFreq: 1.47GHz Next Frequency 2.60
	CPI: 0.372 VPI: 0.00, Mem. bwidth: 0.13GB/s GFLOPS: 0.00 I/O: 0.01MB/s No MPI  
	TPI 0.03 Cache miss rates: L1 0.81GB/s L2 0.00GB/s L3 0.00GB/s
	Total MPI calls 0
	IO DATA: rchar 4555 wchar 6440 syscr 50 syscw 5 read_bytes 0 write_bytes 8192
	Aggregated application's node CPU util.: 12536
	CPU temperature (celsius): socket 0: 61 socket 1: 70[0m
EAR[1686661](hratio_l30) at 2.60/1.47 in tcn139 MR[0] elapsed 338 sec.: [32mLoop time: 1.006s DC Power: [35m454.8W[32m DRAM power: 0.00W PCK power: 435.06W
	avg. CPUFreq: 2.57GHz avg. IMCFreq: 1.47GHz Next Frequency 2.60
	CPI: 0.372 VPI: 0.00, Mem. bwidth: 0.08GB/s GFLOPS: 0.00 I/O: 0.01MB/s No MPI  
	TPI 0.02 Cache miss rates: L1 0.87GB/s L2 0.00GB/s L3 0.00GB/s
	Total MPI calls 0
	IO DATA: rchar 4555 wchar 6440 syscr 50 syscw 5 read_bytes 0 write_bytes 8192
	Aggregated application's node CPU util.: 12544
	CPU temperature (celsius): socket 0: 62 socket 1: 71[0m
EAR[1686661](hratio_l30) at 2.60/1.47 in tcn139 MR[0] elapsed 352 sec.: [32mLoop time: 1.008s DC Power: [35m510.7W[32m DRAM power: 0.00W PCK power: 435.21W
	avg. CPUFreq: 2.57GHz avg. IMCFreq: 1.47GHz Next Frequency 2.60
	CPI: 0.372 VPI: 0.00, Mem. bwidth: 0.13GB/s GFLOPS: 0.00 I/O: 0.01MB/s No MPI  
	TPI 0.03 Cache miss rates: L1 0.81GB/s L2 0.00GB/s L3 0.00GB/s
	Total MPI calls 0
	IO DATA: rchar 4555 wchar 6440 syscr 50 syscw 5 read_bytes 0 write_bytes 12288
	Aggregated application's node CPU util.: 12540
	CPU temperature (celsius): socket 0: 61 socket 1: 71[0m
EAR[1686661](hratio_l30) at 2.60/1.47 in tcn139 MR[0] elapsed 365 sec.: [32mLoop time: 1.006s DC Power: [35m511.9W[32m DRAM power: 0.00W PCK power: 435.08W
	avg. CPUFreq: 2.57GHz avg. IMCFreq: 1.47GHz Next Frequency 2.60
	CPI: 0.372 VPI: 0.00, Mem. bwidth: 0.11GB/s GFLOPS: 0.00 I/O: 0.01MB/s No MPI  
	TPI 0.02 Cache miss rates: L1 0.87GB/s L2 0.00GB/s L3 0.00GB/s
	Total MPI calls 0
	IO DATA: rchar 4555 wchar 6440 syscr 50 syscw 5 read_bytes 0 write_bytes 4096
	Aggregated application's node CPU util.: 12543
	CPU temperature (celsius): socket 0: 62 socket 1: 71[0m
EAR[1686661](hratio_l30) at 2.60/1.47 in tcn139 MR[0] elapsed 379 sec.: [32mLoop time: 1.007s DC Power: [35m510.3W[32m DRAM power: 0.00W PCK power: 435.23W
	avg. CPUFreq: 2.57GHz avg. IMCFreq: 1.47GHz Next Frequency 2.60
	CPI: 0.372 VPI: 0.00, Mem. bwidth: 0.10GB/s GFLOPS: 0.00 I/O: 0.01MB/s No MPI  
	TPI 0.02 Cache miss rates: L1 0.81GB/s L2 0.00GB/s L3 0.00GB/s
	Total MPI calls 0
	IO DATA: rchar 4555 wchar 6440 syscr 50 syscw 5 read_bytes 0 write_bytes 12288
	Aggregated application's node CPU util.: 12544
	CPU temperature (celsius): socket 0: 61 socket 1: 70[0m
EAR[1686661](hratio_l30) at 2.60/1.47 in tcn139 MR[0] elapsed 392 sec.: [32mLoop time: 1.007s DC Power: [35m509.4W[32m DRAM power: 0.00W PCK power: 435.13W
	avg. CPUFreq: 2.57GHz avg. IMCFreq: 1.47GHz Next Frequency 2.60
	CPI: 0.372 VPI: 0.00, Mem. bwidth: 0.10GB/s GFLOPS: 0.00 I/O: 0.01MB/s No MPI  
	TPI 0.02 Cache miss rates: L1 0.81GB/s L2 0.00GB/s L3 0.00GB/s
	Total MPI calls 0
	IO DATA: rchar 4555 wchar 6440 syscr 50 syscw 5 read_bytes 0 write_bytes 8192
	Aggregated application's node CPU util.: 12537
	CPU temperature (celsius): socket 0: 61 socket 1: 70[0m
EAR[1686661](hratio_l30) at 2.60/1.47 in tcn139 MR[0] elapsed 406 sec.: [32mLoop time: 1.007s DC Power: [35m453.1W[32m DRAM power: 0.00W PCK power: 434.90W
	avg. CPUFreq: 2.57GHz avg. IMCFreq: 1.47GHz Next Frequency 2.60
	CPI: 0.372 VPI: 0.00, Mem. bwidth: 0.09GB/s GFLOPS: 0.00 I/O: 0.01MB/s No MPI  
	TPI 0.02 Cache miss rates: L1 0.87GB/s L2 0.00GB/s L3 0.00GB/s
	Total MPI calls 0
	IO DATA: rchar 4555 wchar 6440 syscr 50 syscw 5 read_bytes 0 write_bytes 8192
	Aggregated application's node CPU util.: 12544
	CPU temperature (celsius): socket 0: 61 socket 1: 70[0m
EAR[1686661](hratio_l30) at 2.60/1.47 in tcn139 MR[0] elapsed 419 sec.: [32mLoop time: 1.007s DC Power: [35m509.4W[32m DRAM power: 0.00W PCK power: 435.25W
	avg. CPUFreq: 2.57GHz avg. IMCFreq: 1.47GHz Next Frequency 2.60
	CPI: 0.372 VPI: 0.00, Mem. bwidth: 0.13GB/s GFLOPS: 0.00 I/O: 0.01MB/s No MPI  
	TPI 0.03 Cache miss rates: L1 0.81GB/s L2 0.00GB/s L3 0.00GB/s
	Total MPI calls 0
	IO DATA: rchar 4555 wchar 6440 syscr 50 syscw 5 read_bytes 0 write_bytes 12288
	Aggregated application's node CPU util.: 12543
	CPU temperature (celsius): socket 0: 61 socket 1: 70[0m
EAR[1686661](hratio_l30) at 2.60/1.47 in tcn139 MR[0] elapsed 432 sec.: [32mLoop time: 1.006s DC Power: [35m509.6W[32m DRAM power: 0.00W PCK power: 435.13W
	avg. CPUFreq: 2.57GHz avg. IMCFreq: 1.47GHz Next Frequency 2.60
	CPI: 0.372 VPI: 0.00, Mem. bwidth: 0.09GB/s GFLOPS: 0.00 I/O: 0.01MB/s No MPI  
	TPI 0.02 Cache miss rates: L1 0.87GB/s L2 0.00GB/s L3 0.00GB/s
	Total MPI calls 0
	IO DATA: rchar 4555 wchar 6440 syscr 50 syscw 5 read_bytes 0 write_bytes 4096
	Aggregated application's node CPU util.: 12544
	CPU temperature (celsius): socket 0: 61 socket 1: 70[0m
EAR[1686661](hratio_l30) at 2.60/1.47 in tcn139 MR[0] elapsed 446 sec.: [32mLoop time: 1.007s DC Power: [35m510.0W[32m DRAM power: 0.00W PCK power: 435.23W
	avg. CPUFreq: 2.57GHz avg. IMCFreq: 1.47GHz Next Frequency 2.60
	CPI: 0.372 VPI: 0.00, Mem. bwidth: 0.14GB/s GFLOPS: 0.00 I/O: 0.01MB/s No MPI  
	TPI 0.03 Cache miss rates: L1 0.80GB/s L2 0.00GB/s L3 0.00GB/s
	Total MPI calls 0
	IO DATA: rchar 4555 wchar 6440 syscr 50 syscw 5 read_bytes 0 write_bytes 151552
	Aggregated application's node CPU util.: 12538
	CPU temperature (celsius): socket 0: 61 socket 1: 70[0m
EAR[1686661](hratio_l30) at 2.60/1.47 in tcn139 MR[0] elapsed 460 sec.: [32mLoop time: 1.007s DC Power: [35m453.2W[32m DRAM power: 0.00W PCK power: 435.19W
	avg. CPUFreq: 2.57GHz avg. IMCFreq: 1.47GHz Next Frequency 2.60
	CPI: 0.372 VPI: 0.00, Mem. bwidth: 0.09GB/s GFLOPS: 0.00 I/O: 0.01MB/s No MPI  
	TPI 0.02 Cache miss rates: L1 0.81GB/s L2 0.00GB/s L3 0.00GB/s
	Total MPI calls 0
	IO DATA: rchar 4555 wchar 6440 syscr 50 syscw 5 read_bytes 0 write_bytes 8192
	Aggregated application's node CPU util.: 12544
	CPU temperature (celsius): socket 0: 61 socket 1: 70[0m
EAR[1686661](hratio_l30) at 2.60/1.47 in tcn139 MR[0] elapsed 474 sec.: [32mLoop time: 1.007s DC Power: [35m509.4W[32m DRAM power: 0.00W PCK power: 435.02W
	avg. CPUFreq: 2.57GHz avg. IMCFreq: 1.47GHz Next Frequency 2.60
	CPI: 0.372 VPI: 0.00, Mem. bwidth: 0.12GB/s GFLOPS: 0.00 I/O: 0.00MB/s No MPI  
	TPI 0.03 Cache miss rates: L1 0.93GB/s L2 0.00GB/s L3 0.00GB/s
	Total MPI calls 0
	IO DATA: rchar 4555 wchar 6440 syscr 50 syscw 5 read_bytes 0 write_bytes 8192
	Aggregated application's node CPU util.: 12541
	CPU temperature (celsius): socket 0: 61 socket 1: 70[0m
EAR[1686661](hratio_l30) at 2.60/1.47 in tcn139 MR[0] elapsed 487 sec.: [32mLoop time: 1.007s DC Power: [35m509.7W[32m DRAM power: 0.00W PCK power: 435.09W
	avg. CPUFreq: 2.57GHz avg. IMCFreq: 1.47GHz Next Frequency 2.60
	CPI: 0.372 VPI: 0.00, Mem. bwidth: 0.11GB/s GFLOPS: 0.00 I/O: 0.01MB/s No MPI  
	TPI 0.02 Cache miss rates: L1 0.81GB/s L2 0.00GB/s L3 0.00GB/s
	Total MPI calls 0
	IO DATA: rchar 4555 wchar 6440 syscr 50 syscw 5 read_bytes 0 write_bytes 8192
	Aggregated application's node CPU util.: 12544
	CPU temperature (celsius): socket 0: 61 socket 1: 70[0m
EAR[1686661](hratio_l30) at 2.60/1.47 in tcn139 MR[0] elapsed 500 sec.: [32mLoop time: 1.007s DC Power: [35m510.0W[32m DRAM power: 0.00W PCK power: 435.16W
	avg. CPUFreq: 2.57GHz avg. IMCFreq: 1.47GHz Next Frequency 2.60
	CPI: 0.372 VPI: 0.00, Mem. bwidth: 0.13GB/s GFLOPS: 0.00 I/O: 0.01MB/s No MPI  
	TPI 0.03 Cache miss rates: L1 0.87GB/s L2 0.00GB/s L3 0.00GB/s
	Total MPI calls 0
	IO DATA: rchar 4555 wchar 6440 syscr 50 syscw 5 read_bytes 0 write_bytes 4096
	Aggregated application's node CPU util.: 12539
	CPU temperature (celsius): socket 0: 61 socket 1: 70[0m
EAR[1686661](hratio_l30) at 2.60/1.47 in tcn139 MR[0] elapsed 514 sec.: [32mLoop time: 1.007s DC Power: [35m511.4W[32m DRAM power: 0.00W PCK power: 435.11W
	avg. CPUFreq: 2.57GHz avg. IMCFreq: 1.47GHz Next Frequency 2.60
	CPI: 0.372 VPI: 0.00, Mem. bwidth: 0.10GB/s GFLOPS: 0.00 I/O: 0.01MB/s No MPI  
	TPI 0.02 Cache miss rates: L1 0.81GB/s L2 0.00GB/s L3 0.00GB/s
	Total MPI calls 0
	IO DATA: rchar 4555 wchar 6440 syscr 50 syscw 5 read_bytes 0 write_bytes 8192
	Aggregated application's node CPU util.: 12544
	CPU temperature (celsius): socket 0: 61 socket 1: 71[0m
EAR[1686661](hratio_l30) at 2.60/1.47 in tcn139 MR[0] elapsed 527 sec.: [32mLoop time: 1.007s DC Power: [35m510.9W[32m DRAM power: 0.00W PCK power: 435.04W
	avg. CPUFreq: 2.57GHz avg. IMCFreq: 1.47GHz Next Frequency 2.60
	CPI: 0.372 VPI: 0.00, Mem. bwidth: 0.11GB/s GFLOPS: 0.00 I/O: 0.01MB/s No MPI  
	TPI 0.02 Cache miss rates: L1 0.83GB/s L2 0.00GB/s L3 0.00GB/s
	Total MPI calls 0
	IO DATA: rchar 4555 wchar 6440 syscr 50 syscw 5 read_bytes 0 write_bytes 8192
	Aggregated application's node CPU util.: 12544
	CPU temperature (celsius): socket 0: 61 socket 1: 70[0m
EAR[1686661](hratio_l30) at 2.60/1.47 in tcn139 MR[0] elapsed 541 sec.: [32mLoop time: 1.006s DC Power: [35m511.7W[32m DRAM power: 0.00W PCK power: 434.91W
	avg. CPUFreq: 2.57GHz avg. IMCFreq: 1.47GHz Next Frequency 2.60
	CPI: 0.372 VPI: 0.00, Mem. bwidth: 0.12GB/s GFLOPS: 0.00 I/O: 0.01MB/s No MPI  
	TPI 0.02 Cache miss rates: L1 0.85GB/s L2 0.00GB/s L3 0.00GB/s
	Total MPI calls 0
	IO DATA: rchar 4555 wchar 6440 syscr 50 syscw 5 read_bytes 0 write_bytes 12288
	Aggregated application's node CPU util.: 12542
	CPU temperature (celsius): socket 0: 61 socket 1: 70[0m
EAR[1686661](hratio_l30) at 2.60/1.47 in tcn139 MR[0] elapsed 554 sec.: [32mLoop time: 1.007s DC Power: [35m509.6W[32m DRAM power: 0.00W PCK power: 435.09W
	avg. CPUFreq: 2.57GHz avg. IMCFreq: 1.47GHz Next Frequency 2.60
	CPI: 0.372 VPI: 0.00, Mem. bwidth: 0.13GB/s GFLOPS: 0.00 I/O: 0.01MB/s No MPI  
	TPI 0.03 Cache miss rates: L1 0.81GB/s L2 0.00GB/s L3 0.00GB/s
	Total MPI calls 0
	IO DATA: rchar 4555 wchar 6440 syscr 50 syscw 5 read_bytes 0 write_bytes 8192
	Aggregated application's node CPU util.: 12539
	CPU temperature (celsius): socket 0: 61 socket 1: 70[0m
EAR[1686661](hratio_l30) at 2.60/1.47 in tcn139 MR[0] elapsed 568 sec.: [32mLoop time: 1.006s DC Power: [35m510.1W[32m DRAM power: 0.00W PCK power: 435.17W
	avg. CPUFreq: 2.57GHz avg. IMCFreq: 1.47GHz Next Frequency 2.60
	CPI: 0.372 VPI: 0.00, Mem. bwidth: 0.13GB/s GFLOPS: 0.00 I/O: 0.01MB/s No MPI  
	TPI 0.03 Cache miss rates: L1 0.87GB/s L2 0.00GB/s L3 0.00GB/s
	Total MPI calls 0
	IO DATA: rchar 4555 wchar 6440 syscr 50 syscw 5 read_bytes 0 write_bytes 151552
	Aggregated application's node CPU util.: 12540
	CPU temperature (celsius): socket 0: 62 socket 1: 71[0m
EAR[1686661](hratio_l30) at 2.60/1.47 in tcn139 MR[0] elapsed 581 sec.: [32mLoop time: 1.007s DC Power: [35m452.4W[32m DRAM power: 0.00W PCK power: 435.10W
	avg. CPUFreq: 2.57GHz avg. IMCFreq: 1.47GHz Next Frequency 2.60
	CPI: 0.372 VPI: 0.00, Mem. bwidth: 0.09GB/s GFLOPS: 0.00 I/O: 0.01MB/s No MPI  
	TPI 0.02 Cache miss rates: L1 0.81GB/s L2 0.00GB/s L3 0.00GB/s
	Total MPI calls 0
	IO DATA: rchar 4555 wchar 6440 syscr 50 syscw 5 read_bytes 0 write_bytes 8192
	Aggregated application's node CPU util.: 12544
	CPU temperature (celsius): socket 0: 61 socket 1: 70[0m
EAR[1686661](hratio_l30) at 2.60/1.47 in tcn139 MR[0] elapsed 594 sec.: [32mLoop time: 1.006s DC Power: [35m509.8W[32m DRAM power: 0.00W PCK power: 435.24W
	avg. CPUFreq: 2.57GHz avg. IMCFreq: 1.47GHz Next Frequency 2.60
	CPI: 0.372 VPI: 0.00, Mem. bwidth: 0.14GB/s GFLOPS: 0.00 I/O: 0.01MB/s No MPI  
	TPI 0.03 Cache miss rates: L1 0.87GB/s L2 0.00GB/s L3 0.00GB/s
	Total MPI calls 0
	IO DATA: rchar 4555 wchar 6440 syscr 50 syscw 5 read_bytes 0 write_bytes 8192
	Aggregated application's node CPU util.: 12541
	CPU temperature (celsius): socket 0: 61 socket 1: 71[0m
EAR[1686661](hratio_l30) at 2.60/1.47 in tcn139 MR[0] elapsed 608 sec.: [32mLoop time: 1.007s DC Power: [35m509.6W[32m DRAM power: 0.00W PCK power: 435.18W
	avg. CPUFreq: 2.57GHz avg. IMCFreq: 1.47GHz Next Frequency 2.60
	CPI: 0.372 VPI: 0.00, Mem. bwidth: 0.37GB/s GFLOPS: 0.00 I/O: 0.01MB/s No MPI  
	TPI 0.08 Cache miss rates: L1 0.81GB/s L2 0.00GB/s L3 0.00GB/s
	Total MPI calls 0
	IO DATA: rchar 4555 wchar 6440 syscr 50 syscw 5 read_bytes 0 write_bytes 4096
	Aggregated application's node CPU util.: 12505
	CPU temperature (celsius): socket 0: 61 socket 1: 71[0m
EAR[1686661](hratio_l30) at 2.60/1.47 in tcn139 MR[0] elapsed 621 sec.: [32mLoop time: 1.006s DC Power: [35m509.1W[32m DRAM power: 0.00W PCK power: 434.80W
	avg. CPUFreq: 2.57GHz avg. IMCFreq: 1.47GHz Next Frequency 2.60
	CPI: 0.372 VPI: 0.00, Mem. bwidth: 0.29GB/s GFLOPS: 0.00 I/O: 0.01MB/s No MPI  
	TPI 0.06 Cache miss rates: L1 0.81GB/s L2 0.00GB/s L3 0.00GB/s
	Total MPI calls 0
	IO DATA: rchar 4555 wchar 6440 syscr 50 syscw 5 read_bytes 0 write_bytes 12288
	Aggregated application's node CPU util.: 12527
	CPU temperature (celsius): socket 0: 61 socket 1: 70[0m
EAR[1686661](hratio_l30) at 2.60/1.47 in tcn139 MR[0] elapsed 635 sec.: [32mLoop time: 1.006s DC Power: [35m510.0W[32m DRAM power: 0.00W PCK power: 434.90W
	avg. CPUFreq: 2.57GHz avg. IMCFreq: 1.47GHz Next Frequency 2.60
	CPI: 0.372 VPI: 0.00, Mem. bwidth: 0.44GB/s GFLOPS: 0.00 I/O: 0.01MB/s No MPI  
	TPI 0.09 Cache miss rates: L1 0.87GB/s L2 0.00GB/s L3 0.00GB/s
	Total MPI calls 0
	IO DATA: rchar 4555 wchar 6440 syscr 50 syscw 5 read_bytes 0 write_bytes 8192
	Aggregated application's node CPU util.: 12494
	CPU temperature (celsius): socket 0: 61 socket 1: 70[0m
EAR[1686661](hratio_l30) at 2.60/1.47 in tcn139 MR[0] elapsed 648 sec.: [32mLoop time: 1.007s DC Power: [35m452.6W[32m DRAM power: 0.00W PCK power: 434.98W
	avg. CPUFreq: 2.57GHz avg. IMCFreq: 1.47GHz Next Frequency 2.60
	CPI: 0.372 VPI: 0.00, Mem. bwidth: 0.11GB/s GFLOPS: 0.00 I/O: 0.01MB/s No MPI  
	TPI 0.02 Cache miss rates: L1 0.81GB/s L2 0.00GB/s L3 0.00GB/s
	Total MPI calls 0
	IO DATA: rchar 4555 wchar 6440 syscr 50 syscw 5 read_bytes 0 write_bytes 8192
	Aggregated application's node CPU util.: 12543
	CPU temperature (celsius): socket 0: 61 socket 1: 70[0m
EAR[1686661](hratio_l30) at 2.60/1.47 in tcn139 MR[0] elapsed 661 sec.: [32mLoop time: 1.007s DC Power: [35m452.5W[32m DRAM power: 0.00W PCK power: 435.02W
	avg. CPUFreq: 2.57GHz avg. IMCFreq: 1.47GHz Next Frequency 2.60
	CPI: 0.372 VPI: 0.00, Mem. bwidth: 0.11GB/s GFLOPS: 0.00 I/O: 0.01MB/s No MPI  
	TPI 0.02 Cache miss rates: L1 0.87GB/s L2 0.00GB/s L3 0.00GB/s
	Total MPI calls 0
	IO DATA: rchar 4555 wchar 6440 syscr 50 syscw 5 read_bytes 0 write_bytes 8192
	Aggregated application's node CPU util.: 12543
	CPU temperature (celsius): socket 0: 61 socket 1: 70[0m
EAR[1686661](hratio_l30) at 2.60/1.47 in tcn139 MR[0] elapsed 675 sec.: [32mLoop time: 1.007s DC Power: [35m453.8W[32m DRAM power: 0.00W PCK power: 435.01W
	avg. CPUFreq: 2.57GHz avg. IMCFreq: 1.47GHz Next Frequency 2.60
	CPI: 0.372 VPI: 0.00, Mem. bwidth: 0.08GB/s GFLOPS: 0.00 I/O: 0.01MB/s No MPI  
	TPI 0.02 Cache miss rates: L1 0.81GB/s L2 0.00GB/s L3 0.00GB/s
	Total MPI calls 0
	IO DATA: rchar 4555 wchar 6440 syscr 50 syscw 5 read_bytes 0 write_bytes 147456
	Aggregated application's node CPU util.: 12544
	CPU temperature (celsius): socket 0: 61 socket 1: 71[0m
EAR[1686661](hratio_l30) at 2.60/1.47 in tcn139 MR[0] elapsed 688 sec.: [32mLoop time: 1.007s DC Power: [35m454.8W[32m DRAM power: 0.00W PCK power: 435.08W
	avg. CPUFreq: 2.57GHz avg. IMCFreq: 1.47GHz Next Frequency 2.60
	CPI: 0.372 VPI: 0.00, Mem. bwidth: 0.15GB/s GFLOPS: 0.00 I/O: 0.01MB/s No MPI  
	TPI 0.03 Cache miss rates: L1 0.83GB/s L2 0.00GB/s L3 0.00GB/s
	Total MPI calls 0
	IO DATA: rchar 4555 wchar 6440 syscr 50 syscw 5 read_bytes 0 write_bytes 12288
	Aggregated application's node CPU util.: 12537
	CPU temperature (celsius): socket 0: 61 socket 1: 71[0m
EAR[1686661](hratio_l30) at 2.60/1.47 in tcn139 MR[0] elapsed 702 sec.: [32mLoop time: 1.006s DC Power: [35m455.3W[32m DRAM power: 0.00W PCK power: 435.04W
	avg. CPUFreq: 2.57GHz avg. IMCFreq: 1.47GHz Next Frequency 2.60
	CPI: 0.372 VPI: 0.00, Mem. bwidth: 0.08GB/s GFLOPS: 0.00 I/O: 0.01MB/s No MPI  
	TPI 0.02 Cache miss rates: L1 0.85GB/s L2 0.00GB/s L3 0.00GB/s
	Total MPI calls 0
	IO DATA: rchar 4555 wchar 6440 syscr 50 syscw 5 read_bytes 0 write_bytes 16384
	Aggregated application's node CPU util.: 12544
	CPU temperature (celsius): socket 0: 62 socket 1: 71[0m
srun: Job step aborted: Waiting up to 32 seconds for job step to finish.
[2025-12-13T10:22:49.779] error: *** JOB 17582750 ON tcn139 CANCELLED AT 2025-12-13T10:22:49 DUE to SIGNAL Terminated ***
[2025-12-13T10:22:49.785] error: *** STEP 17582750.23 ON tcn139 CANCELLED AT 2025-12-13T10:22:49 DUE to SIGNAL Terminated ***
