[EARL][tcn361][514408] --- EARL INIT [PID: 514408] [MASTER: 1] ---
[34m[tcn361][0][INFO] [0mK-medoids & roofline strategies not available. Loading default model for the classification
--- EARL loaded APIs ---
MGT_CPUFREQ: EARD
MGT_IMCFREQ: EARD
MGT_PRIO   : DUMMY
MET_CPUFREQ: EARD
MET_IMCFREQ: EARD
MET_ENERGY : EARD
MET_TEMP:    AMD17
MET_BWIDTH : EARD
MET_FLOPS  : PERF
MET_CPI    : PERF
MGT_GPU    : DUMMY
MET_GPU    : DUMMY
L1D: loaded (event PERF_L1D_MISS_LD) 
L2 : loaded (event L2_MISS_FROM_DC) (also in LBW)
L2 : loaded (event L2_MISS_FROM_PF1) (also in LBW)
L2 : loaded (event L2_MISS_FROM_PF2) (also in LBW)

------------------------
Mapping frequencies from 128 processes to 128 CPUs...
[46/128]	I'm online..
[121/128]	I'm online..
[114/128]	I'm online..
[25/128]	I'm online..
[7/128]	I'm online..
[33/128]	I'm online..
[104/128]	I'm online..
[118/128]	I'm online..
[119/128]	I'm online..
[10/128]	I'm online..
[52/128]	I'm online..
[76/128]	I'm online..
[24/128]	I'm online..
[67/128]	I'm online..
[45/128]	I'm online..
[89/128]	I'm online..
[61/128]	I'm online..
[36/128]	I'm online..
[55/128]	I'm online..
[31/128]	I'm online..
[72/128]	I'm online..
[14/128]	I'm online..
[3/128]	I'm online..
[109/128]	I'm online..
[102/128]	I'm online..
[22/128]	I'm online..
[80/128]	I'm online..
[90/128]	I'm online..
[16/128]	I'm online..
[94/128]	I'm online..
[92/128]	I'm online..
[37/128]	I'm online..
[39/128]	I'm online..
[40/128]	I'm online..
[4/128]	I'm online..
[116/128]	I'm online..
[8/128]	I'm online..
[26/128]	I'm online..
[28/128]	I'm online..
[120/128]	I'm online..
[19/128]	I'm online..
[87/128]	I'm online..
[100/128]	I'm online..
[106/128]	I'm online..
[59/128]	I'm online..
[68/128]	I'm online..
[125/128]	I'm online..
[23/128]	I'm online..
[30/128]	I'm online..
[62/128]	I'm online..
[86/128]	I'm online..
[27/128]	I'm online..
[9/128]	I'm online..
[70/128]	I'm online..
[112/128]	I'm online..
[41/128]	I'm online..
[98/128]	I'm online..
[56/128]	I'm online..
[2/128]	I'm online..
[12/128]	I'm online..
[47/128]	I'm online..
[48/128]	I'm online..
[108/128]	I'm online..
[15/128]	I'm online..
[44/128]	I'm online..
[93/128]	I'm online..
[113/128]	I'm online..
[71/128]	I'm online..
[6/128]	I'm online..
[49/128]	I'm online..
[57/128]	I'm online..
[69/128]	I'm online..
[63/128]	I'm online..
[20/128]	I'm online..
[73/128]	I'm online..
[29/128]	I'm online..
[78/128]	I'm online..
[43/128]	I'm online..
[85/128]	I'm online..
[13/128]	I'm online..
[115/128]	I'm online..
[110/128]	I'm online..
[50/128]	I'm online..
[83/128]	I'm online..
[126/128]	I'm online..
[96/128]	I'm online..
[58/128]	I'm online..
[95/128]	I'm online..
[64/128]	I'm online..
[103/128]	I'm online..
[81/128]	I'm online..
[74/128]	I'm online..
[18/128]	I'm online..
[124/128]	I'm online..
[32/128]	I'm online..
[82/128]	I'm online..
[53/128]	I'm online..
[107/128]	I'm online..
[42/128]	I'm online..
[99/128]	I'm online..
[84/128]	I'm online..
[105/128]	I'm online..
[79/128]	I'm online..
[91/128]	I'm online..
[111/128]	I'm online..
[123/128]	I'm online..
[54/128]	I'm online..
[97/128]	I'm online..
[77/128]	I'm online..
[38/128]	I'm online..
[128/128]	I'm online..
[17/128]	I'm online..
[122/128]	I'm online..
[21/128]	I'm online..
[66/128]	I'm online..
[117/128]	I'm online..
[51/128]	I'm online..
[101/128]	I'm online..
[34/128]	I'm online..
[75/128]	I'm online..
[11/128]	I'm online..
[65/128]	I'm online..
[35/128]	I'm online..
[60/128]	I'm online..
[127/128]	I'm online..
[5/128]	I'm online..
[88/128]	I'm online..
---------------- EAR 5.1 MPI enabled ----------------
                   App/user id: 'hratio_l30'/'ovaneck2'
    Node/job id/step_id/app_id: 'tcn361'/'14236841'/'0'/'514408'
     P_STATE/frequency (turbo): 0/2600000 (0)
    Tasks/nodes/ppn/node_ratio: 128/1/128/1.000
             Policy (learning): monitoring (0)
Policy threshold/Perf accuracy: 0.00/10000000.00
   DynAIS levels/window/AVX512: 10/200/2
                      VAR path: /var/ear
           EAR privileged user: 0
                       EARL on: 1 
                  Max CPU freq: 2600000
-------------------------------------------------------
EAR initialized successfully.
[1/128]	I'm online..
Warning, going to time guided because low number of MPI calls per second current 2.000000 
EAR[514408](hratio_l30) at 2.60/1.47 in tcn361 MR[0] elapsed 34 sec.: [32mLoop time: 1.007s DC Power: [35m420.8W[32m DRAM power: 0.00W PCK power: 382.19W
	avg. CPUFreq: 2.57GHz avg. IMCFreq: 1.47GHz Next Frequency 2.60
	CPI: 0.518 VPI: 0.00, Mem. bwidth: 0.13GB/s GFLOPS: 0.00 I/O: 0.15MB/s No MPI  
	TPI 0.03 Cache miss rates: L1 1.88GB/s L2 0.01GB/s L3 0.00GB/s
	Total MPI calls 2
	IO DATA: rchar 4548 wchar 6440 syscr 50 syscw 5 read_bytes 0 write_bytes 8192
	Process OS info: (pid 514408 state R utime 992 stime 0 cutime 0 cstime 0 CPU usage 98)
	CPU temperature (celsius): socket 0: 58 socket 1: 64[0m
EAR[514408](hratio_l30) at 2.60/1.47 in tcn361 MR[0] elapsed 45 sec.: [32mLoop time: 1.122s DC Power: [35m407.1W[32m DRAM power: 0.00W PCK power: 383.51W
	avg. CPUFreq: 2.57GHz avg. IMCFreq: 1.47GHz
	CPI: 0.520 VPI: 0.00, Mem. bwidth: 0.37GB/s GFLOPS: 0.00 I/O: 0.01MB/s No MPI  
	TPI 0.08 Cache miss rates: L1 0.64GB/s L2 0.00GB/s L3 0.00GB/s
	Total MPI calls 2
	IO DATA: rchar 4660 wchar 9425 syscr 52 syscw 30 read_bytes 0 write_bytes 294912
	Process OS info: (pid 514408 state R utime 1096 stime 2 cutime 0 cstime 0 CPU usage 97)
	CPU temperature (celsius): socket 0: 59 socket 1: 65[0m
EAR[514408](hratio_l30) at 2.60/1.47 in tcn361 MR[0] elapsed 57 sec.: [32mLoop time: 1.109s DC Power: [35m462.3W[32m DRAM power: 0.00W PCK power: 383.47W
	avg. CPUFreq: 2.57GHz avg. IMCFreq: 1.47GHz
	CPI: 0.520 VPI: 0.00, Mem. bwidth: 0.41GB/s GFLOPS: 0.00 I/O: 0.01MB/s No MPI  
	TPI 0.09 Cache miss rates: L1 0.63GB/s L2 0.00GB/s L3 0.00GB/s
	Total MPI calls 2
	IO DATA: rchar 4604 wchar 8841 syscr 51 syscw 27 read_bytes 0 write_bytes 438272
	Process OS info: (pid 514408 state R utime 1087 stime 1 cutime 0 cstime 0 CPU usage 98)
	CPU temperature (celsius): socket 0: 60 socket 1: 66[0m
EAR[514408](hratio_l30) at 2.60/1.47 in tcn361 MR[0] elapsed 68 sec.: [32mLoop time: 1.108s DC Power: [35m419.9W[32m DRAM power: 0.00W PCK power: 383.75W
	avg. CPUFreq: 2.57GHz avg. IMCFreq: 1.47GHz
	CPI: 0.520 VPI: 0.00, Mem. bwidth: 0.22GB/s GFLOPS: 0.00 I/O: 0.01MB/s No MPI  
	TPI 0.05 Cache miss rates: L1 0.64GB/s L2 0.00GB/s L3 0.00GB/s
	Total MPI calls 2
	IO DATA: rchar 4604 wchar 8841 syscr 51 syscw 27 read_bytes 0 write_bytes 438272
	Process OS info: (pid 514408 state R utime 1083 stime 1 cutime 0 cstime 0 CPU usage 97)
	CPU temperature (celsius): socket 0: 61 socket 1: 67[0m
EAR[514408](hratio_l30) at 2.60/1.47 in tcn361 MR[0] elapsed 79 sec.: [32mLoop time: 1.108s DC Power: [35m469.0W[32m DRAM power: 0.00W PCK power: 384.49W
	avg. CPUFreq: 2.57GHz avg. IMCFreq: 1.47GHz
	CPI: 0.520 VPI: 0.00, Mem. bwidth: 0.43GB/s GFLOPS: 0.00 I/O: 0.01MB/s No MPI  
	TPI 0.09 Cache miss rates: L1 0.63GB/s L2 0.00GB/s L3 0.00GB/s
	Total MPI calls 2
	IO DATA: rchar 4604 wchar 8841 syscr 51 syscw 27 read_bytes 0 write_bytes 299008
	Process OS info: (pid 514408 state R utime 1082 stime 1 cutime 0 cstime 0 CPU usage 97)
	CPU temperature (celsius): socket 0: 61 socket 1: 67[0m
EAR[514408](hratio_l30) at 2.60/1.47 in tcn361 MR[0] elapsed 90 sec.: [32mLoop time: 1.108s DC Power: [35m471.3W[32m DRAM power: 0.00W PCK power: 385.03W
	avg. CPUFreq: 2.57GHz avg. IMCFreq: 1.47GHz
	CPI: 0.520 VPI: 0.00, Mem. bwidth: 0.35GB/s GFLOPS: 0.00 I/O: 0.01MB/s No MPI  
	TPI 0.07 Cache miss rates: L1 0.63GB/s L2 0.00GB/s L3 0.00GB/s
	Total MPI calls 2
	IO DATA: rchar 4605 wchar 8841 syscr 51 syscw 27 read_bytes 0 write_bytes 294912
	Process OS info: (pid 514408 state R utime 1079 stime 1 cutime 0 cstime 0 CPU usage 97)
	CPU temperature (celsius): socket 0: 61 socket 1: 67[0m
EAR[514408](hratio_l30) at 2.60/1.47 in tcn361 MR[0] elapsed 101 sec.: [32mLoop time: 1.108s DC Power: [35m425.7W[32m DRAM power: 0.00W PCK power: 384.99W
	avg. CPUFreq: 2.57GHz avg. IMCFreq: 1.47GHz
	CPI: 0.519 VPI: 0.00, Mem. bwidth: 0.14GB/s GFLOPS: 0.00 I/O: 0.01MB/s No MPI  
	TPI 0.03 Cache miss rates: L1 0.64GB/s L2 0.00GB/s L3 0.00GB/s
	Total MPI calls 2
	IO DATA: rchar 4605 wchar 8841 syscr 51 syscw 27 read_bytes 0 write_bytes 303104
	Process OS info: (pid 514408 state R utime 1091 stime 0 cutime 0 cstime 0 CPU usage 98)
	CPU temperature (celsius): socket 0: 62 socket 1: 68[0m
EAR[514408](hratio_l30) at 2.60/1.47 in tcn361 MR[0] elapsed 112 sec.: [32mLoop time: 1.107s DC Power: [35m473.9W[32m DRAM power: 0.00W PCK power: 385.16W
	avg. CPUFreq: 2.57GHz avg. IMCFreq: 1.47GHz
	CPI: 0.519 VPI: 0.00, Mem. bwidth: 0.15GB/s GFLOPS: 0.00 I/O: 0.01MB/s No MPI  
	TPI 0.03 Cache miss rates: L1 0.63GB/s L2 0.00GB/s L3 0.00GB/s
	Total MPI calls 2
	IO DATA: rchar 4605 wchar 8842 syscr 51 syscw 27 read_bytes 0 write_bytes 294912
	Process OS info: (pid 514408 state R utime 1091 stime 1 cutime 0 cstime 0 CPU usage 98)
	CPU temperature (celsius): socket 0: 62 socket 1: 68[0m
EAR[514408](hratio_l30) at 2.60/1.47 in tcn361 MR[0] elapsed 123 sec.: [32mLoop time: 1.108s DC Power: [35m473.9W[32m DRAM power: 0.00W PCK power: 385.20W
	avg. CPUFreq: 2.57GHz avg. IMCFreq: 1.47GHz
	CPI: 0.519 VPI: 0.00, Mem. bwidth: 0.14GB/s GFLOPS: 0.00 I/O: 0.01MB/s No MPI  
	TPI 0.03 Cache miss rates: L1 0.65GB/s L2 0.00GB/s L3 0.00GB/s
	Total MPI calls 2
	IO DATA: rchar 4606 wchar 8842 syscr 51 syscw 27 read_bytes 0 write_bytes 303104
	Process OS info: (pid 514408 state R utime 1091 stime 1 cutime 0 cstime 0 CPU usage 98)
	CPU temperature (celsius): socket 0: 62 socket 1: 68[0m
EAR[514408](hratio_l30) at 2.60/1.47 in tcn361 MR[0] elapsed 134 sec.: [32mLoop time: 1.108s DC Power: [35m473.8W[32m DRAM power: 0.00W PCK power: 385.24W
	avg. CPUFreq: 2.57GHz avg. IMCFreq: 1.47GHz
	CPI: 0.520 VPI: 0.00, Mem. bwidth: 0.13GB/s GFLOPS: 0.00 I/O: 0.01MB/s No MPI  
	TPI 0.03 Cache miss rates: L1 0.66GB/s L2 0.00GB/s L3 0.00GB/s
	Total MPI calls 2
	IO DATA: rchar 4606 wchar 8842 syscr 51 syscw 27 read_bytes 0 write_bytes 299008
	Process OS info: (pid 514408 state R utime 1092 stime 0 cutime 0 cstime 0 CPU usage 98)
	CPU temperature (celsius): socket 0: 62 socket 1: 68[0m
EAR[514408](hratio_l30) at 2.60/1.47 in tcn361 MR[0] elapsed 145 sec.: [32mLoop time: 1.107s DC Power: [35m474.9W[32m DRAM power: 0.00W PCK power: 385.54W
	avg. CPUFreq: 2.57GHz avg. IMCFreq: 1.47GHz
	CPI: 0.520 VPI: 0.00, Mem. bwidth: 0.17GB/s GFLOPS: 0.00 I/O: 0.01MB/s No MPI  
	TPI 0.04 Cache miss rates: L1 0.70GB/s L2 0.00GB/s L3 0.00GB/s
	Total MPI calls 2
	IO DATA: rchar 4606 wchar 8842 syscr 51 syscw 27 read_bytes 0 write_bytes 294912
	Process OS info: (pid 514408 state R utime 1091 stime 1 cutime 0 cstime 0 CPU usage 98)
	CPU temperature (celsius): socket 0: 62 socket 1: 68[0m
EAR[514408](hratio_l30) at 2.60/1.47 in tcn361 MR[0] elapsed 156 sec.: [32mLoop time: 1.108s DC Power: [35m474.9W[32m DRAM power: 0.00W PCK power: 385.46W
	avg. CPUFreq: 2.57GHz avg. IMCFreq: 1.47GHz
	CPI: 0.520 VPI: 0.00, Mem. bwidth: 0.12GB/s GFLOPS: 0.00 I/O: 0.01MB/s No MPI  
	TPI 0.03 Cache miss rates: L1 0.65GB/s L2 0.00GB/s L3 0.00GB/s
	Total MPI calls 2
	IO DATA: rchar 4606 wchar 8842 syscr 51 syscw 27 read_bytes 0 write_bytes 299008
	Process OS info: (pid 514408 state R utime 1091 stime 1 cutime 0 cstime 0 CPU usage 98)
	CPU temperature (celsius): socket 0: 62 socket 1: 69[0m
EAR[514408](hratio_l30) at 2.60/1.47 in tcn361 MR[0] elapsed 167 sec.: [32mLoop time: 1.107s DC Power: [35m427.5W[32m DRAM power: 0.00W PCK power: 385.65W
	avg. CPUFreq: 2.57GHz avg. IMCFreq: 1.47GHz
	CPI: 0.520 VPI: 0.00, Mem. bwidth: 0.12GB/s GFLOPS: 0.00 I/O: 0.01MB/s No MPI  
	TPI 0.03 Cache miss rates: L1 0.65GB/s L2 0.00GB/s L3 0.00GB/s
	Total MPI calls 2
	IO DATA: rchar 4606 wchar 8842 syscr 51 syscw 27 read_bytes 0 write_bytes 294912
	Process OS info: (pid 514408 state R utime 1091 stime 0 cutime 0 cstime 0 CPU usage 98)
	CPU temperature (celsius): socket 0: 63 socket 1: 69[0m
EAR[514408](hratio_l30) at 2.60/1.47 in tcn361 MR[0] elapsed 178 sec.: [32mLoop time: 1.108s DC Power: [35m474.8W[32m DRAM power: 0.00W PCK power: 385.85W
	avg. CPUFreq: 2.57GHz avg. IMCFreq: 1.47GHz
	CPI: 0.520 VPI: 0.00, Mem. bwidth: 0.19GB/s GFLOPS: 0.00 I/O: 0.01MB/s No MPI  
	TPI 0.04 Cache miss rates: L1 0.64GB/s L2 0.00GB/s L3 0.00GB/s
	Total MPI calls 2
	IO DATA: rchar 4606 wchar 8842 syscr 51 syscw 27 read_bytes 0 write_bytes 294912
	Process OS info: (pid 514408 state R utime 1092 stime 1 cutime 0 cstime 0 CPU usage 98)
	CPU temperature (celsius): socket 0: 63 socket 1: 69[0m
EAR[514408](hratio_l30) at 2.60/1.47 in tcn361 MR[0] elapsed 189 sec.: [32mLoop time: 1.108s DC Power: [35m475.4W[32m DRAM power: 0.00W PCK power: 385.89W
	avg. CPUFreq: 2.57GHz avg. IMCFreq: 1.47GHz
	CPI: 0.520 VPI: 0.00, Mem. bwidth: 0.12GB/s GFLOPS: 0.00 I/O: 0.01MB/s No MPI  
	TPI 0.03 Cache miss rates: L1 0.64GB/s L2 0.00GB/s L3 0.00GB/s
	Total MPI calls 2
	IO DATA: rchar 4606 wchar 8842 syscr 51 syscw 27 read_bytes 0 write_bytes 299008
	Process OS info: (pid 514408 state R utime 1091 stime 0 cutime 0 cstime 0 CPU usage 98)
	CPU temperature (celsius): socket 0: 63 socket 1: 69[0m
EAR[514408](hratio_l30) at 2.60/1.47 in tcn361 MR[0] elapsed 201 sec.: [32mLoop time: 1.112s DC Power: [35m473.8W[32m DRAM power: 0.00W PCK power: 385.82W
	avg. CPUFreq: 2.57GHz avg. IMCFreq: 1.47GHz
	CPI: 0.520 VPI: 0.00, Mem. bwidth: 0.11GB/s GFLOPS: 0.00 I/O: 0.01MB/s No MPI  
	TPI 0.02 Cache miss rates: L1 0.66GB/s L2 0.00GB/s L3 0.00GB/s
	Total MPI calls 2
	IO DATA: rchar 4606 wchar 8842 syscr 51 syscw 27 read_bytes 0 write_bytes 294912
	Process OS info: (pid 514408 state R utime 1092 stime 1 cutime 0 cstime 0 CPU usage 98)
	CPU temperature (celsius): socket 0: 63 socket 1: 69[0m
EAR[514408](hratio_l30) at 2.60/1.47 in tcn361 MR[0] elapsed 212 sec.: [32mLoop time: 1.108s DC Power: [35m427.9W[32m DRAM power: 0.00W PCK power: 386.04W
	avg. CPUFreq: 2.57GHz avg. IMCFreq: 1.47GHz
	CPI: 0.520 VPI: 0.00, Mem. bwidth: 0.17GB/s GFLOPS: 0.00 I/O: 0.01MB/s No MPI  
	TPI 0.04 Cache miss rates: L1 0.65GB/s L2 0.00GB/s L3 0.00GB/s
	Total MPI calls 2
	IO DATA: rchar 4606 wchar 8842 syscr 51 syscw 27 read_bytes 0 write_bytes 299008
	Process OS info: (pid 514408 state R utime 1091 stime 1 cutime 0 cstime 0 CPU usage 98)
	CPU temperature (celsius): socket 0: 63 socket 1: 69[0m
EAR[514408](hratio_l30) at 2.60/1.47 in tcn361 MR[0] elapsed 223 sec.: [32mLoop time: 1.108s DC Power: [35m428.2W[32m DRAM power: 0.00W PCK power: 386.02W
	avg. CPUFreq: 2.57GHz avg. IMCFreq: 1.47GHz
	CPI: 0.520 VPI: 0.00, Mem. bwidth: 0.13GB/s GFLOPS: 0.00 I/O: 0.01MB/s No MPI  
	TPI 0.03 Cache miss rates: L1 0.68GB/s L2 0.00GB/s L3 0.00GB/s
	Total MPI calls 2
	IO DATA: rchar 4606 wchar 8842 syscr 51 syscw 27 read_bytes 0 write_bytes 294912
	Process OS info: (pid 514408 state R utime 1092 stime 1 cutime 0 cstime 0 CPU usage 98)
	CPU temperature (celsius): socket 0: 63 socket 1: 69[0m
EAR[514408](hratio_l30) at 2.60/1.47 in tcn361 MR[0] elapsed 234 sec.: [32mLoop time: 1.108s DC Power: [35m475.5W[32m DRAM power: 0.00W PCK power: 386.18W
	avg. CPUFreq: 2.57GHz avg. IMCFreq: 1.47GHz
	CPI: 0.519 VPI: 0.00, Mem. bwidth: 0.15GB/s GFLOPS: 0.00 I/O: 0.01MB/s No MPI  
	TPI 0.03 Cache miss rates: L1 0.66GB/s L2 0.00GB/s L3 0.00GB/s
	Total MPI calls 2
	IO DATA: rchar 4606 wchar 8842 syscr 51 syscw 27 read_bytes 0 write_bytes 299008
	Process OS info: (pid 514408 state R utime 1092 stime 1 cutime 0 cstime 0 CPU usage 98)
	CPU temperature (celsius): socket 0: 63 socket 1: 69[0m
EAR[514408](hratio_l30) at 2.60/1.47 in tcn361 MR[0] elapsed 245 sec.: [32mLoop time: 1.108s DC Power: [35m475.8W[32m DRAM power: 0.00W PCK power: 386.13W
	avg. CPUFreq: 2.57GHz avg. IMCFreq: 1.47GHz
	CPI: 0.520 VPI: 0.00, Mem. bwidth: 0.13GB/s GFLOPS: 0.00 I/O: 0.01MB/s No MPI  
	TPI 0.03 Cache miss rates: L1 0.68GB/s L2 0.00GB/s L3 0.00GB/s
	Total MPI calls 2
	IO DATA: rchar 4606 wchar 8842 syscr 51 syscw 27 read_bytes 0 write_bytes 294912
	Process OS info: (pid 514408 state R utime 1092 stime 0 cutime 0 cstime 0 CPU usage 98)
	CPU temperature (celsius): socket 0: 63 socket 1: 69[0m
EAR[514408](hratio_l30) at 2.60/1.47 in tcn361 MR[0] elapsed 256 sec.: [32mLoop time: 1.107s DC Power: [35m428.4W[32m DRAM power: 0.00W PCK power: 386.10W
	avg. CPUFreq: 2.57GHz avg. IMCFreq: 1.47GHz
	CPI: 0.520 VPI: 0.00, Mem. bwidth: 0.12GB/s GFLOPS: 0.00 I/O: 0.01MB/s No MPI  
	TPI 0.02 Cache miss rates: L1 0.65GB/s L2 0.00GB/s L3 0.00GB/s
	Total MPI calls 2
	IO DATA: rchar 4606 wchar 8842 syscr 51 syscw 27 read_bytes 0 write_bytes 294912
	Process OS info: (pid 514408 state R utime 1091 stime 1 cutime 0 cstime 0 CPU usage 98)
	CPU temperature (celsius): socket 0: 63 socket 1: 69[0m
EAR[514408](hratio_l30) at 2.60/1.47 in tcn361 MR[0] elapsed 267 sec.: [32mLoop time: 1.108s DC Power: [35m476.5W[32m DRAM power: 0.00W PCK power: 386.33W
	avg. CPUFreq: 2.57GHz avg. IMCFreq: 1.47GHz
	CPI: 0.519 VPI: 0.00, Mem. bwidth: 0.17GB/s GFLOPS: 0.00 I/O: 0.01MB/s No MPI  
	TPI 0.04 Cache miss rates: L1 0.68GB/s L2 0.00GB/s L3 0.00GB/s
	Total MPI calls 2
	IO DATA: rchar 4606 wchar 8842 syscr 51 syscw 27 read_bytes 0 write_bytes 299008
	Process OS info: (pid 514408 state R utime 1091 stime 0 cutime 0 cstime 0 CPU usage 98)
	CPU temperature (celsius): socket 0: 63 socket 1: 69[0m
EAR[514408](hratio_l30) at 2.60/1.47 in tcn361 MR[0] elapsed 278 sec.: [32mLoop time: 1.108s DC Power: [35m476.5W[32m DRAM power: 0.00W PCK power: 386.17W
	avg. CPUFreq: 2.57GHz avg. IMCFreq: 1.47GHz
	CPI: 0.519 VPI: 0.00, Mem. bwidth: 0.11GB/s GFLOPS: 0.00 I/O: 0.01MB/s No MPI  
	TPI 0.02 Cache miss rates: L1 0.69GB/s L2 0.00GB/s L3 0.00GB/s
	Total MPI calls 2
	IO DATA: rchar 4606 wchar 8842 syscr 51 syscw 27 read_bytes 0 write_bytes 364544
	Process OS info: (pid 514408 state R utime 1091 stime 1 cutime 0 cstime 0 CPU usage 98)
	CPU temperature (celsius): socket 0: 63 socket 1: 70[0m
EAR[514408](hratio_l30) at 2.60/1.47 in tcn361 MR[0] elapsed 289 sec.: [32mLoop time: 1.107s DC Power: [35m476.8W[32m DRAM power: 0.00W PCK power: 386.28W
	avg. CPUFreq: 2.57GHz avg. IMCFreq: 1.47GHz
	CPI: 0.519 VPI: 0.00, Mem. bwidth: 0.11GB/s GFLOPS: 0.00 I/O: 0.01MB/s No MPI  
	TPI 0.02 Cache miss rates: L1 0.72GB/s L2 0.00GB/s L3 0.00GB/s
	Total MPI calls 2
	IO DATA: rchar 4606 wchar 8842 syscr 51 syscw 27 read_bytes 0 write_bytes 294912
	Process OS info: (pid 514408 state R utime 1092 stime 1 cutime 0 cstime 0 CPU usage 98)
	CPU temperature (celsius): socket 0: 63 socket 1: 70[0m
EAR[514408](hratio_l30) at 2.60/1.47 in tcn361 MR[0] elapsed 300 sec.: [32mLoop time: 1.107s DC Power: [35m429.1W[32m DRAM power: 0.00W PCK power: 386.39W
	avg. CPUFreq: 2.57GHz avg. IMCFreq: 1.47GHz
	CPI: 0.519 VPI: 0.00, Mem. bwidth: 0.17GB/s GFLOPS: 0.00 I/O: 0.01MB/s No MPI  
	TPI 0.04 Cache miss rates: L1 0.70GB/s L2 0.00GB/s L3 0.00GB/s
	Total MPI calls 2
	IO DATA: rchar 4606 wchar 8842 syscr 51 syscw 27 read_bytes 0 write_bytes 294912
	Process OS info: (pid 514408 state R utime 1091 stime 0 cutime 0 cstime 0 CPU usage 98)
	CPU temperature (celsius): socket 0: 63 socket 1: 70[0m
EAR[514408](hratio_l30) at 2.60/1.47 in tcn361 MR[0] elapsed 311 sec.: [32mLoop time: 1.108s DC Power: [35m476.7W[32m DRAM power: 0.00W PCK power: 386.21W
	avg. CPUFreq: 2.57GHz avg. IMCFreq: 1.47GHz
	CPI: 0.520 VPI: 0.00, Mem. bwidth: 0.12GB/s GFLOPS: 0.00 I/O: 0.01MB/s No MPI  
	TPI 0.03 Cache miss rates: L1 0.66GB/s L2 0.00GB/s L3 0.00GB/s
	Total MPI calls 2
	IO DATA: rchar 4606 wchar 8842 syscr 51 syscw 27 read_bytes 0 write_bytes 294912
	Process OS info: (pid 514408 state R utime 1092 stime 1 cutime 0 cstime 0 CPU usage 98)
	CPU temperature (celsius): socket 0: 63 socket 1: 69[0m
EAR[514408](hratio_l30) at 2.60/1.47 in tcn361 MR[0] elapsed 322 sec.: [32mLoop time: 1.110s DC Power: [35m475.8W[32m DRAM power: 0.00W PCK power: 386.52W
	avg. CPUFreq: 2.57GHz avg. IMCFreq: 1.47GHz
	CPI: 0.519 VPI: 0.00, Mem. bwidth: 0.15GB/s GFLOPS: 0.00 I/O: 0.01MB/s No MPI  
	TPI 0.03 Cache miss rates: L1 0.66GB/s L2 0.00GB/s L3 0.00GB/s
	Total MPI calls 2
	IO DATA: rchar 4606 wchar 8842 syscr 51 syscw 27 read_bytes 0 write_bytes 294912
	Process OS info: (pid 514408 state R utime 1085 stime 2 cutime 0 cstime 0 CPU usage 97)
	CPU temperature (celsius): socket 0: 63 socket 1: 70[0m
EAR[514408](hratio_l30) at 2.60/1.47 in tcn361 MR[0] elapsed 334 sec.: [32mLoop time: 1.108s DC Power: [35m476.6W[32m DRAM power: 0.00W PCK power: 386.32W
	avg. CPUFreq: 2.57GHz avg. IMCFreq: 1.47GHz
	CPI: 0.519 VPI: 0.00, Mem. bwidth: 0.16GB/s GFLOPS: 0.00 I/O: 0.01MB/s No MPI  
	TPI 0.03 Cache miss rates: L1 0.66GB/s L2 0.00GB/s L3 0.00GB/s
	Total MPI calls 2
	IO DATA: rchar 4606 wchar 8842 syscr 51 syscw 27 read_bytes 0 write_bytes 299008
	Process OS info: (pid 514408 state R utime 1087 stime 2 cutime 0 cstime 0 CPU usage 98)
	CPU temperature (celsius): socket 0: 63 socket 1: 70[0m
EAR[514408](hratio_l30) at 2.60/1.47 in tcn361 MR[0] elapsed 345 sec.: [32mLoop time: 1.107s DC Power: [35m429.2W[32m DRAM power: 0.00W PCK power: 386.51W
	avg. CPUFreq: 2.57GHz avg. IMCFreq: 1.47GHz
	CPI: 0.519 VPI: 0.00, Mem. bwidth: 0.15GB/s GFLOPS: 0.00 I/O: 0.01MB/s No MPI  
	TPI 0.03 Cache miss rates: L1 0.67GB/s L2 0.00GB/s L3 0.00GB/s
	Total MPI calls 2
	IO DATA: rchar 4606 wchar 8842 syscr 51 syscw 27 read_bytes 0 write_bytes 299008
	Process OS info: (pid 514408 state R utime 1090 stime 1 cutime 0 cstime 0 CPU usage 98)
	CPU temperature (celsius): socket 0: 63 socket 1: 70[0m
EAR[514408](hratio_l30) at 2.60/1.47 in tcn361 MR[0] elapsed 356 sec.: [32mLoop time: 1.108s DC Power: [35m476.6W[32m DRAM power: 0.00W PCK power: 386.64W
	avg. CPUFreq: 2.57GHz avg. IMCFreq: 1.47GHz
	CPI: 0.519 VPI: 0.00, Mem. bwidth: 0.17GB/s GFLOPS: 0.00 I/O: 0.01MB/s No MPI  
	TPI 0.04 Cache miss rates: L1 0.69GB/s L2 0.00GB/s L3 0.00GB/s
	Total MPI calls 2
	IO DATA: rchar 4607 wchar 8842 syscr 51 syscw 27 read_bytes 0 write_bytes 303104
	Process OS info: (pid 514408 state R utime 1091 stime 1 cutime 0 cstime 0 CPU usage 98)
	CPU temperature (celsius): socket 0: 63 socket 1: 70[0m
EAR[514408](hratio_l30) at 2.60/1.47 in tcn361 MR[0] elapsed 367 sec.: [32mLoop time: 1.107s DC Power: [35m476.9W[32m DRAM power: 0.00W PCK power: 386.48W
	avg. CPUFreq: 2.57GHz avg. IMCFreq: 1.47GHz
	CPI: 0.519 VPI: 0.00, Mem. bwidth: 0.11GB/s GFLOPS: 0.00 I/O: 0.01MB/s No MPI  
	TPI 0.02 Cache miss rates: L1 0.66GB/s L2 0.00GB/s L3 0.00GB/s
	Total MPI calls 2
	IO DATA: rchar 4607 wchar 8842 syscr 51 syscw 27 read_bytes 0 write_bytes 434176
	Process OS info: (pid 514408 state R utime 1090 stime 0 cutime 0 cstime 0 CPU usage 98)
	CPU temperature (celsius): socket 0: 63 socket 1: 70[0m
EAR[514408](hratio_l30) at 2.60/1.47 in tcn361 MR[0] elapsed 378 sec.: [32mLoop time: 1.107s DC Power: [35m476.9W[32m DRAM power: 0.00W PCK power: 386.48W
	avg. CPUFreq: 2.57GHz avg. IMCFreq: 1.47GHz
	CPI: 0.519 VPI: 0.00, Mem. bwidth: 0.12GB/s GFLOPS: 0.00 I/O: 0.01MB/s No MPI  
	TPI 0.02 Cache miss rates: L1 0.67GB/s L2 0.00GB/s L3 0.00GB/s
	Total MPI calls 2
	IO DATA: rchar 4607 wchar 8842 syscr 51 syscw 27 read_bytes 0 write_bytes 319488
	Process OS info: (pid 514408 state R utime 1090 stime 1 cutime 0 cstime 0 CPU usage 98)
	CPU temperature (celsius): socket 0: 63 socket 1: 69[0m
EAR[514408](hratio_l30) at 2.60/1.47 in tcn361 MR[0] elapsed 389 sec.: [32mLoop time: 1.108s DC Power: [35m476.7W[32m DRAM power: 0.00W PCK power: 386.64W
	avg. CPUFreq: 2.57GHz avg. IMCFreq: 1.47GHz
	CPI: 0.519 VPI: 0.00, Mem. bwidth: 0.17GB/s GFLOPS: 0.00 I/O: 0.01MB/s No MPI  
	TPI 0.04 Cache miss rates: L1 0.68GB/s L2 0.00GB/s L3 0.00GB/s
	Total MPI calls 2
	IO DATA: rchar 4607 wchar 8842 syscr 51 syscw 27 read_bytes 0 write_bytes 299008
	Process OS info: (pid 514408 state R utime 1090 stime 1 cutime 0 cstime 0 CPU usage 98)
	CPU temperature (celsius): socket 0: 63 socket 1: 70[0m
EAR[514408](hratio_l30) at 2.60/1.47 in tcn361 MR[0] elapsed 400 sec.: [32mLoop time: 1.107s DC Power: [35m476.9W[32m DRAM power: 0.00W PCK power: 386.35W
	avg. CPUFreq: 2.57GHz avg. IMCFreq: 1.47GHz
	CPI: 0.519 VPI: 0.00, Mem. bwidth: 0.14GB/s GFLOPS: 0.00 I/O: 0.01MB/s No MPI  
	TPI 0.03 Cache miss rates: L1 0.69GB/s L2 0.00GB/s L3 0.00GB/s
	Total MPI calls 2
	IO DATA: rchar 4607 wchar 8842 syscr 51 syscw 27 read_bytes 0 write_bytes 303104
	Process OS info: (pid 514408 state R utime 1091 stime 0 cutime 0 cstime 0 CPU usage 98)
	CPU temperature (celsius): socket 0: 63 socket 1: 70[0m
EAR[514408](hratio_l30) at 2.60/1.47 in tcn361 MR[0] elapsed 411 sec.: [32mLoop time: 1.110s DC Power: [35m475.5W[32m DRAM power: 0.00W PCK power: 386.60W
	avg. CPUFreq: 2.57GHz avg. IMCFreq: 1.47GHz
	CPI: 0.519 VPI: 0.00, Mem. bwidth: 0.14GB/s GFLOPS: 0.00 I/O: 0.01MB/s No MPI  
	TPI 0.03 Cache miss rates: L1 0.70GB/s L2 0.00GB/s L3 0.00GB/s
	Total MPI calls 2
	IO DATA: rchar 4607 wchar 8842 syscr 51 syscw 27 read_bytes 0 write_bytes 299008
	Process OS info: (pid 514408 state R utime 1094 stime 1 cutime 0 cstime 0 CPU usage 98)
	CPU temperature (celsius): socket 0: 63 socket 1: 70[0m
EAR[514408](hratio_l30) at 2.60/1.47 in tcn361 MR[0] elapsed 422 sec.: [32mLoop time: 1.108s DC Power: [35m476.6W[32m DRAM power: 0.00W PCK power: 386.38W
	avg. CPUFreq: 2.57GHz avg. IMCFreq: 1.47GHz
	CPI: 0.519 VPI: 0.00, Mem. bwidth: 0.18GB/s GFLOPS: 0.00 I/O: 0.01MB/s No MPI  
	TPI 0.04 Cache miss rates: L1 0.67GB/s L2 0.00GB/s L3 0.00GB/s
	Total MPI calls 2
	IO DATA: rchar 4607 wchar 8842 syscr 51 syscw 27 read_bytes 0 write_bytes 299008
	Process OS info: (pid 514408 state R utime 1091 stime 1 cutime 0 cstime 0 CPU usage 98)
	CPU temperature (celsius): socket 0: 63 socket 1: 70[0m
EAR[514408](hratio_l30) at 2.60/1.47 in tcn361 MR[0] elapsed 433 sec.: [32mLoop time: 1.112s DC Power: [35m475.0W[32m DRAM power: 0.00W PCK power: 386.48W
	avg. CPUFreq: 2.57GHz avg. IMCFreq: 1.47GHz
	CPI: 0.519 VPI: 0.00, Mem. bwidth: 0.11GB/s GFLOPS: 0.00 I/O: 0.01MB/s No MPI  
	TPI 0.02 Cache miss rates: L1 0.70GB/s L2 0.00GB/s L3 0.00GB/s
	Total MPI calls 2
	IO DATA: rchar 4607 wchar 8842 syscr 51 syscw 27 read_bytes 0 write_bytes 360448
	Process OS info: (pid 514408 state R utime 1092 stime 1 cutime 0 cstime 0 CPU usage 98)
	CPU temperature (celsius): socket 0: 63 socket 1: 70[0m
EAR[514408](hratio_l30) at 2.60/1.47 in tcn361 MR[0] elapsed 444 sec.: [32mLoop time: 1.107s DC Power: [35m429.1W[32m DRAM power: 0.00W PCK power: 386.67W
	avg. CPUFreq: 2.57GHz avg. IMCFreq: 1.47GHz
	CPI: 0.519 VPI: 0.00, Mem. bwidth: 0.14GB/s GFLOPS: 0.00 I/O: 0.01MB/s No MPI  
	TPI 0.03 Cache miss rates: L1 0.66GB/s L2 0.00GB/s L3 0.00GB/s
	Total MPI calls 2
	IO DATA: rchar 4607 wchar 8842 syscr 51 syscw 27 read_bytes 0 write_bytes 294912
	Process OS info: (pid 514408 state R utime 1091 stime 1 cutime 0 cstime 0 CPU usage 98)
	CPU temperature (celsius): socket 0: 64 socket 1: 70[0m
EAR[514408](hratio_l30) at 2.60/1.47 in tcn361 MR[0] elapsed 455 sec.: [32mLoop time: 1.107s DC Power: [35m477.0W[32m DRAM power: 0.00W PCK power: 386.61W
	avg. CPUFreq: 2.57GHz avg. IMCFreq: 1.47GHz
	CPI: 0.519 VPI: 0.00, Mem. bwidth: 0.14GB/s GFLOPS: 0.00 I/O: 0.01MB/s No MPI  
	TPI 0.03 Cache miss rates: L1 0.66GB/s L2 0.00GB/s L3 0.00GB/s
	Total MPI calls 2
	IO DATA: rchar 4607 wchar 8842 syscr 51 syscw 27 read_bytes 0 write_bytes 294912
	Process OS info: (pid 514408 state R utime 1090 stime 0 cutime 0 cstime 0 CPU usage 98)
	CPU temperature (celsius): socket 0: 63 socket 1: 70[0m
EAR[514408](hratio_l30) at 2.60/1.47 in tcn361 MR[0] elapsed 467 sec.: [32mLoop time: 1.108s DC Power: [35m429.0W[32m DRAM power: 0.00W PCK power: 386.67W
	avg. CPUFreq: 2.57GHz avg. IMCFreq: 1.47GHz
	CPI: 0.519 VPI: 0.00, Mem. bwidth: 0.11GB/s GFLOPS: 0.00 I/O: 0.01MB/s No MPI  
	TPI 0.02 Cache miss rates: L1 0.66GB/s L2 0.00GB/s L3 0.00GB/s
	Total MPI calls 2
	IO DATA: rchar 4607 wchar 8842 syscr 51 syscw 27 read_bytes 0 write_bytes 434176
	Process OS info: (pid 514408 state R utime 1092 stime 1 cutime 0 cstime 0 CPU usage 98)
	CPU temperature (celsius): socket 0: 63 socket 1: 70[0m
EAR[514408](hratio_l30) at 2.60/1.47 in tcn361 MR[0] elapsed 478 sec.: [32mLoop time: 1.108s DC Power: [35m476.6W[32m DRAM power: 0.00W PCK power: 386.69W
	avg. CPUFreq: 2.57GHz avg. IMCFreq: 1.47GHz
	CPI: 0.519 VPI: 0.00, Mem. bwidth: 0.16GB/s GFLOPS: 0.00 I/O: 0.01MB/s No MPI  
	TPI 0.03 Cache miss rates: L1 0.57GB/s L2 0.00GB/s L3 0.00GB/s
	Total MPI calls 2
	IO DATA: rchar 4607 wchar 8842 syscr 51 syscw 27 read_bytes 0 write_bytes 294912
	Process OS info: (pid 514408 state R utime 1091 stime 0 cutime 0 cstime 0 CPU usage 98)
	CPU temperature (celsius): socket 0: 64 socket 1: 70[0m
EAR[514408](hratio_l30) at 2.60/1.47 in tcn361 MR[0] elapsed 489 sec.: [32mLoop time: 1.107s DC Power: [35m429.1W[32m DRAM power: 0.00W PCK power: 386.52W
	avg. CPUFreq: 2.57GHz avg. IMCFreq: 1.47GHz
	CPI: 0.519 VPI: 0.00, Mem. bwidth: 0.11GB/s GFLOPS: 0.00 I/O: 0.01MB/s No MPI  
	TPI 0.02 Cache miss rates: L1 0.60GB/s L2 0.00GB/s L3 0.00GB/s
	Total MPI calls 2
	IO DATA: rchar 4607 wchar 8842 syscr 51 syscw 27 read_bytes 0 write_bytes 299008
	Process OS info: (pid 514408 state R utime 1092 stime 1 cutime 0 cstime 0 CPU usage 98)
	CPU temperature (celsius): socket 0: 63 socket 1: 70[0m
EAR[514408](hratio_l30) at 2.60/1.47 in tcn361 MR[0] elapsed 500 sec.: [32mLoop time: 1.109s DC Power: [35m476.2W[32m DRAM power: 0.00W PCK power: 386.56W
	avg. CPUFreq: 2.57GHz avg. IMCFreq: 1.47GHz
	CPI: 0.519 VPI: 0.00, Mem. bwidth: 0.12GB/s GFLOPS: 0.00 I/O: 0.01MB/s No MPI  
	TPI 0.03 Cache miss rates: L1 0.59GB/s L2 0.00GB/s L3 0.00GB/s
	Total MPI calls 2
	IO DATA: rchar 4607 wchar 8842 syscr 51 syscw 27 read_bytes 0 write_bytes 294912
	Process OS info: (pid 514408 state R utime 1092 stime 1 cutime 0 cstime 0 CPU usage 98)
	CPU temperature (celsius): socket 0: 63 socket 1: 70[0m
EAR[514408](hratio_l30) at 2.60/1.47 in tcn361 MR[0] elapsed 511 sec.: [32mLoop time: 1.108s DC Power: [35m476.7W[32m DRAM power: 0.00W PCK power: 386.74W
	avg. CPUFreq: 2.57GHz avg. IMCFreq: 1.47GHz
	CPI: 0.519 VPI: 0.00, Mem. bwidth: 0.16GB/s GFLOPS: 0.00 I/O: 0.01MB/s No MPI  
	TPI 0.03 Cache miss rates: L1 0.57GB/s L2 0.00GB/s L3 0.00GB/s
	Total MPI calls 2
	IO DATA: rchar 4607 wchar 8842 syscr 51 syscw 27 read_bytes 0 write_bytes 299008
	Process OS info: (pid 514408 state R utime 1091 stime 1 cutime 0 cstime 0 CPU usage 98)
	CPU temperature (celsius): socket 0: 64 socket 1: 70[0m
EAR[514408](hratio_l30) at 2.60/1.47 in tcn361 MR[0] elapsed 522 sec.: [32mLoop time: 1.108s DC Power: [35m429.0W[32m DRAM power: 0.00W PCK power: 386.63W
	avg. CPUFreq: 2.57GHz avg. IMCFreq: 1.47GHz
	CPI: 0.519 VPI: 0.00, Mem. bwidth: 0.11GB/s GFLOPS: 0.00 I/O: 0.01MB/s No MPI  
	TPI 0.02 Cache miss rates: L1 0.61GB/s L2 0.00GB/s L3 0.00GB/s
	Total MPI calls 2
	IO DATA: rchar 4607 wchar 8986 syscr 51 syscw 57 read_bytes 0 write_bytes 294912
	Process OS info: (pid 514408 state R utime 1092 stime 0 cutime 0 cstime 0 CPU usage 98)
	CPU temperature (celsius): socket 0: 63 socket 1: 70[0m
EAR[514408](hratio_l30) at 2.60/1.47 in tcn361 MR[0] elapsed 533 sec.: [32mLoop time: 1.107s DC Power: [35m429.1W[32m DRAM power: 0.00W PCK power: 386.74W
	avg. CPUFreq: 2.57GHz avg. IMCFreq: 1.47GHz
	CPI: 0.519 VPI: 0.00, Mem. bwidth: 0.15GB/s GFLOPS: 0.00 I/O: 0.01MB/s No MPI  
	TPI 0.03 Cache miss rates: L1 0.62GB/s L2 0.00GB/s L3 0.00GB/s
	Total MPI calls 2
	IO DATA: rchar 4607 wchar 8842 syscr 51 syscw 27 read_bytes 0 write_bytes 299008
	Process OS info: (pid 514408 state R utime 1092 stime 1 cutime 0 cstime 0 CPU usage 98)
	CPU temperature (celsius): socket 0: 64 socket 1: 70[0m
EAR[514408](hratio_l30) at 2.60/1.47 in tcn361 MR[0] elapsed 544 sec.: [32mLoop time: 1.108s DC Power: [35m476.7W[32m DRAM power: 0.00W PCK power: 386.64W
	avg. CPUFreq: 2.57GHz avg. IMCFreq: 1.47GHz
	CPI: 0.519 VPI: 0.00, Mem. bwidth: 0.14GB/s GFLOPS: 0.00 I/O: 0.01MB/s No MPI  
	TPI 0.03 Cache miss rates: L1 0.64GB/s L2 0.00GB/s L3 0.00GB/s
	Total MPI calls 2
	IO DATA: rchar 4607 wchar 8842 syscr 51 syscw 27 read_bytes 0 write_bytes 294912
	Process OS info: (pid 514408 state R utime 1090 stime 0 cutime 0 cstime 0 CPU usage 98)
	CPU temperature (celsius): socket 0: 64 socket 1: 70[0m
EAR[514408](hratio_l30) at 2.60/1.47 in tcn361 MR[0] elapsed 555 sec.: [32mLoop time: 1.108s DC Power: [35m476.6W[32m DRAM power: 0.00W PCK power: 386.59W
	avg. CPUFreq: 2.57GHz avg. IMCFreq: 1.47GHz
	CPI: 0.519 VPI: 0.00, Mem. bwidth: 0.13GB/s GFLOPS: 0.00 I/O: 0.01MB/s No MPI  
	TPI 0.03 Cache miss rates: L1 0.63GB/s L2 0.00GB/s L3 0.00GB/s
	Total MPI calls 2
	IO DATA: rchar 4607 wchar 8842 syscr 51 syscw 27 read_bytes 0 write_bytes 299008
	Process OS info: (pid 514408 state R utime 1092 stime 1 cutime 0 cstime 0 CPU usage 98)
	CPU temperature (celsius): socket 0: 63 socket 1: 70[0m
EAR[514408](hratio_l30) at 2.60/1.47 in tcn361 MR[0] elapsed 566 sec.: [32mLoop time: 1.108s DC Power: [35m476.7W[32m DRAM power: 0.00W PCK power: 386.87W
	avg. CPUFreq: 2.57GHz avg. IMCFreq: 1.47GHz
	CPI: 0.519 VPI: 0.00, Mem. bwidth: 0.18GB/s GFLOPS: 0.00 I/O: 0.01MB/s No MPI  
	TPI 0.04 Cache miss rates: L1 0.63GB/s L2 0.00GB/s L3 0.00GB/s
	Total MPI calls 2
	IO DATA: rchar 4607 wchar 8842 syscr 51 syscw 27 read_bytes 0 write_bytes 389120
	Process OS info: (pid 514408 state R utime 1091 stime 1 cutime 0 cstime 0 CPU usage 98)
	CPU temperature (celsius): socket 0: 63 socket 1: 70[0m
EAR[514408](hratio_l30) at 2.60/1.47 in tcn361 MR[0] elapsed 577 sec.: [32mLoop time: 1.107s DC Power: [35m476.8W[32m DRAM power: 0.00W PCK power: 387.67W
	avg. CPUFreq: 2.57GHz avg. IMCFreq: 1.47GHz
	CPI: 0.519 VPI: 0.00, Mem. bwidth: 0.12GB/s GFLOPS: 0.00 I/O: 0.01MB/s No MPI  
	TPI 0.02 Cache miss rates: L1 0.68GB/s L2 0.00GB/s L3 0.00GB/s
	Total MPI calls 2
	IO DATA: rchar 4607 wchar 8842 syscr 51 syscw 27 read_bytes 0 write_bytes 315392
	Process OS info: (pid 514408 state R utime 1091 stime 0 cutime 0 cstime 0 CPU usage 98)
	CPU temperature (celsius): socket 0: 64 socket 1: 70[0m
EAR[514408](hratio_l30) at 2.60/1.47 in tcn361 MR[0] elapsed 588 sec.: [32mLoop time: 1.111s DC Power: [35m475.4W[32m DRAM power: 0.00W PCK power: 385.75W
	avg. CPUFreq: 2.57GHz avg. IMCFreq: 1.47GHz
	CPI: 0.519 VPI: 0.00, Mem. bwidth: 0.13GB/s GFLOPS: 0.00 I/O: 0.01MB/s No MPI  
	TPI 0.03 Cache miss rates: L1 0.64GB/s L2 0.00GB/s L3 0.00GB/s
	Total MPI calls 2
	IO DATA: rchar 4607 wchar 8842 syscr 51 syscw 27 read_bytes 0 write_bytes 294912
	Process OS info: (pid 514408 state R utime 1094 stime 1 cutime 0 cstime 0 CPU usage 98)
	CPU temperature (celsius): socket 0: 63 socket 1: 70[0m
EAR[514408](hratio_l30) at 2.60/1.47 in tcn361 MR[0] elapsed 599 sec.: [32mLoop time: 1.108s DC Power: [35m477.0W[32m DRAM power: 0.00W PCK power: 386.86W
	avg. CPUFreq: 2.57GHz avg. IMCFreq: 1.47GHz
	CPI: 0.518 VPI: 0.00, Mem. bwidth: 0.16GB/s GFLOPS: 0.00 I/O: 0.01MB/s No MPI  
	TPI 0.03 Cache miss rates: L1 0.64GB/s L2 0.00GB/s L3 0.00GB/s
	Total MPI calls 2
	IO DATA: rchar 4607 wchar 8842 syscr 51 syscw 27 read_bytes 0 write_bytes 294912
	Process OS info: (pid 514408 state R utime 1092 stime 1 cutime 0 cstime 0 CPU usage 98)
	CPU temperature (celsius): socket 0: 64 socket 1: 70[0m
EAR[514408](hratio_l30) at 2.60/1.47 in tcn361 MR[0] elapsed 611 sec.: [32mLoop time: 1.108s DC Power: [35m477.6W[32m DRAM power: 0.00W PCK power: 386.74W
	avg. CPUFreq: 2.57GHz avg. IMCFreq: 1.47GHz
	CPI: 0.518 VPI: 0.00, Mem. bwidth: 0.11GB/s GFLOPS: 0.00 I/O: 0.01MB/s No MPI  
	TPI 0.02 Cache miss rates: L1 0.65GB/s L2 0.00GB/s L3 0.00GB/s
	Total MPI calls 2
	IO DATA: rchar 4607 wchar 8842 syscr 51 syscw 27 read_bytes 0 write_bytes 299008
	Process OS info: (pid 514408 state R utime 1092 stime 0 cutime 0 cstime 0 CPU usage 98)
	CPU temperature (celsius): socket 0: 64 socket 1: 70[0m
EAR[514408](hratio_l30) at 2.60/1.47 in tcn361 MR[0] elapsed 622 sec.: [32mLoop time: 1.107s DC Power: [35m477.7W[32m DRAM power: 0.00W PCK power: 386.88W
	avg. CPUFreq: 2.57GHz avg. IMCFreq: 1.47GHz
	CPI: 0.518 VPI: 0.00, Mem. bwidth: 0.14GB/s GFLOPS: 0.00 I/O: 0.01MB/s No MPI  
	TPI 0.03 Cache miss rates: L1 0.67GB/s L2 0.00GB/s L3 0.00GB/s
	Total MPI calls 2
	IO DATA: rchar 4607 wchar 8842 syscr 51 syscw 27 read_bytes 0 write_bytes 299008
	Process OS info: (pid 514408 state R utime 1091 stime 1 cutime 0 cstime 0 CPU usage 98)
	CPU temperature (celsius): socket 0: 64 socket 1: 70[0m
EAR[514408](hratio_l30) at 2.60/1.47 in tcn361 MR[0] elapsed 633 sec.: [32mLoop time: 1.107s DC Power: [35m477.8W[32m DRAM power: 0.00W PCK power: 386.73W
	avg. CPUFreq: 2.57GHz avg. IMCFreq: 1.47GHz
	CPI: 0.519 VPI: 0.00, Mem. bwidth: 0.14GB/s GFLOPS: 0.00 I/O: 0.01MB/s No MPI  
	TPI 0.03 Cache miss rates: L1 0.64GB/s L2 0.00GB/s L3 0.00GB/s
	Total MPI calls 2
	IO DATA: rchar 4607 wchar 8842 syscr 51 syscw 27 read_bytes 0 write_bytes 299008
	Process OS info: (pid 514408 state R utime 1091 stime 0 cutime 0 cstime 0 CPU usage 98)
	CPU temperature (celsius): socket 0: 64 socket 1: 70[0m
EAR[514408](hratio_l30) at 2.60/1.47 in tcn361 MR[0] elapsed 644 sec.: [32mLoop time: 1.108s DC Power: [35m429.5W[32m DRAM power: 0.00W PCK power: 386.69W
	avg. CPUFreq: 2.57GHz avg. IMCFreq: 1.47GHz
	CPI: 0.519 VPI: 0.00, Mem. bwidth: 0.12GB/s GFLOPS: 0.00 I/O: 0.01MB/s No MPI  
	TPI 0.03 Cache miss rates: L1 0.64GB/s L2 0.00GB/s L3 0.00GB/s
	Total MPI calls 2
	IO DATA: rchar 4607 wchar 8842 syscr 51 syscw 27 read_bytes 0 write_bytes 385024
	Process OS info: (pid 514408 state R utime 1092 stime 1 cutime 0 cstime 0 CPU usage 98)
	CPU temperature (celsius): socket 0: 64 socket 1: 70[0m
EAR[514408](hratio_l30) at 2.60/1.47 in tcn361 MR[0] elapsed 655 sec.: [32mLoop time: 1.110s DC Power: [35m476.6W[32m DRAM power: 0.00W PCK power: 386.94W
	avg. CPUFreq: 2.57GHz avg. IMCFreq: 1.47GHz
	CPI: 0.518 VPI: 0.00, Mem. bwidth: 0.14GB/s GFLOPS: 0.00 I/O: 0.01MB/s No MPI  
	TPI 0.03 Cache miss rates: L1 0.64GB/s L2 0.00GB/s L3 0.00GB/s
	Total MPI calls 2
	IO DATA: rchar 4607 wchar 8842 syscr 51 syscw 27 read_bytes 0 write_bytes 303104
	Process OS info: (pid 514408 state R utime 1094 stime 1 cutime 0 cstime 0 CPU usage 98)
	CPU temperature (celsius): socket 0: 64 socket 1: 70[0m
EAR[514408](hratio_l30) at 2.60/1.47 in tcn361 MR[0] elapsed 666 sec.: [32mLoop time: 1.112s DC Power: [35m475.6W[32m DRAM power: 0.00W PCK power: 386.73W
	avg. CPUFreq: 2.57GHz avg. IMCFreq: 1.47GHz
	CPI: 0.519 VPI: 0.00, Mem. bwidth: 0.16GB/s GFLOPS: 0.00 I/O: 0.01MB/s No MPI  
	TPI 0.03 Cache miss rates: L1 0.65GB/s L2 0.00GB/s L3 0.00GB/s
	Total MPI calls 2
	IO DATA: rchar 4607 wchar 8842 syscr 51 syscw 27 read_bytes 0 write_bytes 430080
	Process OS info: (pid 514408 state R utime 1091 stime 1 cutime 0 cstime 0 CPU usage 98)
	CPU temperature (celsius): socket 0: 64 socket 1: 70[0m
EAR[514408](hratio_l30) at 2.60/1.47 in tcn361 MR[0] elapsed 677 sec.: [32mLoop time: 1.108s DC Power: [35m429.8W[32m DRAM power: 0.00W PCK power: 386.68W
	avg. CPUFreq: 2.57GHz avg. IMCFreq: 1.47GHz
	CPI: 0.519 VPI: 0.00, Mem. bwidth: 0.12GB/s GFLOPS: 0.00 I/O: 0.01MB/s No MPI  
	TPI 0.02 Cache miss rates: L1 0.64GB/s L2 0.00GB/s L3 0.00GB/s
	Total MPI calls 2
	IO DATA: rchar 4607 wchar 8842 syscr 51 syscw 27 read_bytes 0 write_bytes 315392
	Process OS info: (pid 514408 state R utime 1091 stime 1 cutime 0 cstime 0 CPU usage 98)
	CPU temperature (celsius): socket 0: 64 socket 1: 70[0m
EAR[514408](hratio_l30) at 2.60/1.47 in tcn361 MR[0] elapsed 688 sec.: [32mLoop time: 1.107s DC Power: [35m477.7W[32m DRAM power: 0.00W PCK power: 386.80W
	avg. CPUFreq: 2.57GHz avg. IMCFreq: 1.47GHz
	CPI: 0.519 VPI: 0.00, Mem. bwidth: 0.17GB/s GFLOPS: 0.00 I/O: 0.01MB/s No MPI  
	TPI 0.03 Cache miss rates: L1 0.64GB/s L2 0.00GB/s L3 0.00GB/s
	Total MPI calls 2
	IO DATA: rchar 4607 wchar 8842 syscr 51 syscw 27 read_bytes 0 write_bytes 294912
	Process OS info: (pid 514408 state R utime 1091 stime 0 cutime 0 cstime 0 CPU usage 98)
	CPU temperature (celsius): socket 0: 64 socket 1: 70[0m
EAR[514408](hratio_l30) at 2.60/1.47 in tcn361 MR[0] elapsed 699 sec.: [32mLoop time: 1.109s DC Power: [35m429.1W[32m DRAM power: 0.00W PCK power: 386.69W
	avg. CPUFreq: 2.57GHz avg. IMCFreq: 1.47GHz
	CPI: 0.518 VPI: 0.00, Mem. bwidth: 0.13GB/s GFLOPS: 0.00 I/O: 0.01MB/s No MPI  
	TPI 0.03 Cache miss rates: L1 0.68GB/s L2 0.00GB/s L3 0.00GB/s
	Total MPI calls 2
	IO DATA: rchar 4607 wchar 8842 syscr 51 syscw 27 read_bytes 0 write_bytes 299008
	Process OS info: (pid 514408 state R utime 1094 stime 0 cutime 0 cstime 0 CPU usage 98)
	CPU temperature (celsius): socket 0: 64 socket 1: 70[0m
EAR[514408](hratio_l30) at 2.60/1.47 in tcn361 MR[0] elapsed 710 sec.: [32mLoop time: 1.108s DC Power: [35m477.3W[32m DRAM power: 0.00W PCK power: 386.71W
	avg. CPUFreq: 2.57GHz avg. IMCFreq: 1.47GHz
	CPI: 0.518 VPI: 0.00, Mem. bwidth: 0.12GB/s GFLOPS: 0.00 I/O: 0.01MB/s No MPI  
	TPI 0.02 Cache miss rates: L1 0.64GB/s L2 0.00GB/s L3 0.00GB/s
	Total MPI calls 2
	IO DATA: rchar 4607 wchar 8842 syscr 51 syscw 27 read_bytes 0 write_bytes 425984
	Process OS info: (pid 514408 state R utime 1092 stime 1 cutime 0 cstime 0 CPU usage 98)
	CPU temperature (celsius): socket 0: 64 socket 1: 70[0m
EAR[514408](hratio_l30) at 2.60/1.47 in tcn361 MR[0] elapsed 721 sec.: [32mLoop time: 1.108s DC Power: [35m429.7W[32m DRAM power: 0.00W PCK power: 386.95W
	avg. CPUFreq: 2.57GHz avg. IMCFreq: 1.47GHz
	CPI: 0.518 VPI: 0.00, Mem. bwidth: 0.19GB/s GFLOPS: 0.00 I/O: 0.01MB/s No MPI  
	TPI 0.04 Cache miss rates: L1 0.66GB/s L2 0.00GB/s L3 0.00GB/s
	Total MPI calls 2
	IO DATA: rchar 4607 wchar 8842 syscr 51 syscw 27 read_bytes 0 write_bytes 294912
	Process OS info: (pid 514408 state R utime 1090 stime 1 cutime 0 cstime 0 CPU usage 98)
	CPU temperature (celsius): socket 0: 64 socket 1: 70[0m
EAR[514408](hratio_l30) at 2.60/1.47 in tcn361 MR[0] elapsed 733 sec.: [32mLoop time: 1.110s DC Power: [35m476.5W[32m DRAM power: 0.00W PCK power: 386.90W
	avg. CPUFreq: 2.57GHz avg. IMCFreq: 1.47GHz
	CPI: 0.518 VPI: 0.00, Mem. bwidth: 0.11GB/s GFLOPS: 0.00 I/O: 0.01MB/s No MPI  
	TPI 0.02 Cache miss rates: L1 0.64GB/s L2 0.00GB/s L3 0.00GB/s
	Total MPI calls 2
	IO DATA: rchar 4607 wchar 8842 syscr 51 syscw 27 read_bytes 0 write_bytes 294912
	Process OS info: (pid 514408 state R utime 1094 stime 2 cutime 0 cstime 0 CPU usage 98)
	CPU temperature (celsius): socket 0: 64 socket 1: 70[0m
EAR[514408](hratio_l30) at 2.60/1.47 in tcn361 MR[0] elapsed 744 sec.: [32mLoop time: 1.108s DC Power: [35m477.4W[32m DRAM power: 0.00W PCK power: 386.92W
	avg. CPUFreq: 2.57GHz avg. IMCFreq: 1.47GHz
	CPI: 0.518 VPI: 0.00, Mem. bwidth: 0.14GB/s GFLOPS: 0.00 I/O: 0.01MB/s No MPI  
	TPI 0.03 Cache miss rates: L1 0.64GB/s L2 0.00GB/s L3 0.00GB/s
	Total MPI calls 2
	IO DATA: rchar 4607 wchar 8842 syscr 51 syscw 27 read_bytes 0 write_bytes 299008
	Process OS info: (pid 514408 state R utime 1091 stime 0 cutime 0 cstime 0 CPU usage 98)
	CPU temperature (celsius): socket 0: 64 socket 1: 70[0m
EAR[514408](hratio_l30) at 2.60/1.47 in tcn361 MR[0] elapsed 755 sec.: [32mLoop time: 1.107s DC Power: [35m477.7W[32m DRAM power: 0.00W PCK power: 386.75W
	avg. CPUFreq: 2.57GHz avg. IMCFreq: 1.47GHz
	CPI: 0.518 VPI: 0.00, Mem. bwidth: 0.14GB/s GFLOPS: 0.00 I/O: 0.01MB/s No MPI  
	TPI 0.03 Cache miss rates: L1 0.64GB/s L2 0.00GB/s L3 0.00GB/s
	Total MPI calls 2
	IO DATA: rchar 4607 wchar 8842 syscr 51 syscw 27 read_bytes 0 write_bytes 294912
	Process OS info: (pid 514408 state R utime 1091 stime 1 cutime 0 cstime 0 CPU usage 98)
	CPU temperature (celsius): socket 0: 64 socket 1: 70[0m
EAR[514408](hratio_l30) at 2.60/1.47 in tcn361 MR[0] elapsed 766 sec.: [32mLoop time: 1.108s DC Power: [35m382.0W[32m DRAM power: 0.00W PCK power: 386.61W
	avg. CPUFreq: 2.57GHz avg. IMCFreq: 1.47GHz
	CPI: 0.519 VPI: 0.00, Mem. bwidth: 0.13GB/s GFLOPS: 0.00 I/O: 0.01MB/s No MPI  
	TPI 0.03 Cache miss rates: L1 0.63GB/s L2 0.00GB/s L3 0.00GB/s
	Total MPI calls 2
	IO DATA: rchar 4607 wchar 8842 syscr 51 syscw 27 read_bytes 0 write_bytes 356352
	Process OS info: (pid 514408 state R utime 1087 stime 1 cutime 0 cstime 0 CPU usage 98)
	CPU temperature (celsius): socket 0: 64 socket 1: 70[0m
EAR[514408](hratio_l30) at 2.60/1.47 in tcn361 MR[0] elapsed 777 sec.: [32mLoop time: 1.108s DC Power: [35m477.5W[32m DRAM power: 0.00W PCK power: 386.79W
	avg. CPUFreq: 2.57GHz avg. IMCFreq: 1.47GHz
	CPI: 0.518 VPI: 0.00, Mem. bwidth: 0.16GB/s GFLOPS: 0.00 I/O: 0.01MB/s No MPI  
	TPI 0.03 Cache miss rates: L1 0.62GB/s L2 0.00GB/s L3 0.00GB/s
	Total MPI calls 2
	IO DATA: rchar 4607 wchar 8842 syscr 51 syscw 27 read_bytes 0 write_bytes 294912
	Process OS info: (pid 514408 state R utime 1088 stime 1 cutime 0 cstime 0 CPU usage 98)
	CPU temperature (celsius): socket 0: 64 socket 1: 70[0m
EAR[514408](hratio_l30) at 2.60/1.47 in tcn361 MR[0] elapsed 788 sec.: [32mLoop time: 1.108s DC Power: [35m477.6W[32m DRAM power: 0.00W PCK power: 386.78W
	avg. CPUFreq: 2.57GHz avg. IMCFreq: 1.47GHz
	CPI: 0.518 VPI: 0.00, Mem. bwidth: 0.11GB/s GFLOPS: 0.00 I/O: 0.01MB/s No MPI  
	TPI 0.02 Cache miss rates: L1 0.62GB/s L2 0.00GB/s L3 0.00GB/s
	Total MPI calls 2
	IO DATA: rchar 4607 wchar 8842 syscr 51 syscw 27 read_bytes 0 write_bytes 299008
	Process OS info: (pid 514408 state R utime 1092 stime 1 cutime 0 cstime 0 CPU usage 98)
	CPU temperature (celsius): socket 0: 64 socket 1: 70[0m
EAR[514408](hratio_l30) at 2.60/1.47 in tcn361 MR[0] elapsed 799 sec.: [32mLoop time: 1.108s DC Power: [35m477.5W[32m DRAM power: 0.00W PCK power: 386.84W
	avg. CPUFreq: 2.57GHz avg. IMCFreq: 1.47GHz
	CPI: 0.517 VPI: 0.00, Mem. bwidth: 0.12GB/s GFLOPS: 0.00 I/O: 0.01MB/s No MPI  
	TPI 0.03 Cache miss rates: L1 0.65GB/s L2 0.00GB/s L3 0.00GB/s
	Total MPI calls 2
	IO DATA: rchar 4607 wchar 8842 syscr 51 syscw 27 read_bytes 0 write_bytes 294912
	Process OS info: (pid 514408 state R utime 1091 stime 0 cutime 0 cstime 0 CPU usage 98)
	CPU temperature (celsius): socket 0: 64 socket 1: 70[0m
EAR[514408](hratio_l30) at 2.60/1.47 in tcn361 MR[0] elapsed 810 sec.: [32mLoop time: 1.107s DC Power: [35m477.7W[32m DRAM power: 0.00W PCK power: 386.89W
	avg. CPUFreq: 2.57GHz avg. IMCFreq: 1.47GHz
	CPI: 0.518 VPI: 0.00, Mem. bwidth: 0.19GB/s GFLOPS: 0.00 I/O: 0.01MB/s No MPI  
	TPI 0.04 Cache miss rates: L1 0.63GB/s L2 0.00GB/s L3 0.00GB/s
	Total MPI calls 2
	IO DATA: rchar 4607 wchar 8842 syscr 51 syscw 27 read_bytes 0 write_bytes 299008
	Process OS info: (pid 514408 state R utime 1091 stime 1 cutime 0 cstime 0 CPU usage 98)
	CPU temperature (celsius): socket 0: 64 socket 1: 70[0m
EAR[514408](hratio_l30) at 2.60/1.47 in tcn361 MR[0] elapsed 821 sec.: [32mLoop time: 1.108s DC Power: [35m429.7W[32m DRAM power: 0.00W PCK power: 386.76W
	avg. CPUFreq: 2.57GHz avg. IMCFreq: 1.47GHz
	CPI: 0.518 VPI: 0.00, Mem. bwidth: 0.12GB/s GFLOPS: 0.00 I/O: 0.01MB/s No MPI  
	TPI 0.03 Cache miss rates: L1 0.62GB/s L2 0.00GB/s L3 0.00GB/s
	Total MPI calls 2
	IO DATA: rchar 4607 wchar 8842 syscr 51 syscw 27 read_bytes 0 write_bytes 294912
	Process OS info: (pid 514408 state R utime 1087 stime 1 cutime 0 cstime 0 CPU usage 98)
	CPU temperature (celsius): socket 0: 64 socket 1: 70[0m
EAR[514408](hratio_l30) at 2.60/1.47 in tcn361 MR[0] elapsed 832 sec.: [32mLoop time: 1.108s DC Power: [35m477.5W[32m DRAM power: 0.00W PCK power: 386.98W
	avg. CPUFreq: 2.57GHz avg. IMCFreq: 1.47GHz
	CPI: 0.518 VPI: 0.00, Mem. bwidth: 0.14GB/s GFLOPS: 0.00 I/O: 0.01MB/s No MPI  
	TPI 0.03 Cache miss rates: L1 0.65GB/s L2 0.00GB/s L3 0.00GB/s
	Total MPI calls 2
	IO DATA: rchar 4607 wchar 8842 syscr 51 syscw 27 read_bytes 0 write_bytes 303104
	Process OS info: (pid 514408 state R utime 1092 stime 0 cutime 0 cstime 0 CPU usage 98)
	CPU temperature (celsius): socket 0: 64 socket 1: 70[0m
EAR[514408](hratio_l30) at 2.60/1.47 in tcn361 MR[0] elapsed 843 sec.: [32mLoop time: 1.108s DC Power: [35m477.3W[32m DRAM power: 0.00W PCK power: 386.87W
	avg. CPUFreq: 2.57GHz avg. IMCFreq: 1.47GHz
	CPI: 0.518 VPI: 0.00, Mem. bwidth: 0.13GB/s GFLOPS: 0.00 I/O: 0.01MB/s No MPI  
	TPI 0.03 Cache miss rates: L1 0.67GB/s L2 0.00GB/s L3 0.00GB/s
	Total MPI calls 2
	IO DATA: rchar 4607 wchar 8842 syscr 51 syscw 27 read_bytes 0 write_bytes 294912
	Process OS info: (pid 514408 state R utime 1093 stime 1 cutime 0 cstime 0 CPU usage 98)
	CPU temperature (celsius): socket 0: 64 socket 1: 70[0m
EAR[514408](hratio_l30) at 2.60/1.47 in tcn361 MR[0] elapsed 854 sec.: [32mLoop time: 1.108s DC Power: [35m477.5W[32m DRAM power: 0.00W PCK power: 386.91W
	avg. CPUFreq: 2.57GHz avg. IMCFreq: 1.47GHz
	CPI: 0.517 VPI: 0.00, Mem. bwidth: 0.13GB/s GFLOPS: 0.00 I/O: 0.01MB/s No MPI  
	TPI 0.03 Cache miss rates: L1 0.67GB/s L2 0.00GB/s L3 0.00GB/s
	Total MPI calls 2
	IO DATA: rchar 4607 wchar 8842 syscr 51 syscw 27 read_bytes 0 write_bytes 286720
	Process OS info: (pid 514408 state R utime 1091 stime 0 cutime 0 cstime 0 CPU usage 98)
	CPU temperature (celsius): socket 0: 64 socket 1: 70[0m
EAR[514408](hratio_l30) at 2.60/1.47 in tcn361 MR[0] elapsed 865 sec.: [32mLoop time: 1.109s DC Power: [35m477.1W[32m DRAM power: 0.00W PCK power: 386.96W
	avg. CPUFreq: 2.57GHz avg. IMCFreq: 1.47GHz
	CPI: 0.518 VPI: 0.00, Mem. bwidth: 0.16GB/s GFLOPS: 0.00 I/O: 0.01MB/s No MPI  
	TPI 0.03 Cache miss rates: L1 0.64GB/s L2 0.00GB/s L3 0.00GB/s
	Total MPI calls 2
	IO DATA: rchar 4607 wchar 8842 syscr 51 syscw 27 read_bytes 0 write_bytes 299008
	Process OS info: (pid 514408 state R utime 1093 stime 1 cutime 0 cstime 0 CPU usage 98)
	CPU temperature (celsius): socket 0: 64 socket 1: 70[0m
EAR[514408](hratio_l30) at 2.60/1.47 in tcn361 MR[0] elapsed 877 sec.: [32mLoop time: 1.108s DC Power: [35m477.3W[32m DRAM power: 0.00W PCK power: 386.79W
	avg. CPUFreq: 2.57GHz avg. IMCFreq: 1.47GHz
	CPI: 0.517 VPI: 0.00, Mem. bwidth: 0.12GB/s GFLOPS: 0.00 I/O: 0.01MB/s No MPI  
	TPI 0.02 Cache miss rates: L1 0.64GB/s L2 0.00GB/s L3 0.00GB/s
	Total MPI calls 2
	IO DATA: rchar 4607 wchar 8842 syscr 51 syscw 27 read_bytes 0 write_bytes 299008
	Process OS info: (pid 514408 state R utime 1091 stime 1 cutime 0 cstime 0 CPU usage 98)
	CPU temperature (celsius): socket 0: 64 socket 1: 70[0m
EAR[514408](hratio_l30) at 2.60/1.47 in tcn361 MR[0] elapsed 888 sec.: [32mLoop time: 1.108s DC Power: [35m477.6W[32m DRAM power: 0.00W PCK power: 386.86W
	avg. CPUFreq: 2.57GHz avg. IMCFreq: 1.47GHz
	CPI: 0.518 VPI: 0.00, Mem. bwidth: 0.12GB/s GFLOPS: 0.00 I/O: 0.01MB/s No MPI  
	TPI 0.03 Cache miss rates: L1 0.64GB/s L2 0.00GB/s L3 0.00GB/s
	Total MPI calls 2
	IO DATA: rchar 4607 wchar 8842 syscr 51 syscw 27 read_bytes 0 write_bytes 294912
	Process OS info: (pid 514408 state R utime 1091 stime 1 cutime 0 cstime 0 CPU usage 98)
	CPU temperature (celsius): socket 0: 64 socket 1: 70[0m
EAR[514408](hratio_l30) at 2.60/1.47 in tcn361 MR[0] elapsed 899 sec.: [32mLoop time: 1.111s DC Power: [35m476.2W[32m DRAM power: 0.00W PCK power: 386.94W
	avg. CPUFreq: 2.57GHz avg. IMCFreq: 1.47GHz
	CPI: 0.517 VPI: 0.00, Mem. bwidth: 0.20GB/s GFLOPS: 0.00 I/O: 0.01MB/s No MPI  
	TPI 0.04 Cache miss rates: L1 0.64GB/s L2 0.00GB/s L3 0.00GB/s
	Total MPI calls 2
	IO DATA: rchar 4607 wchar 8842 syscr 51 syscw 27 read_bytes 0 write_bytes 303104
	Process OS info: (pid 514408 state R utime 1092 stime 0 cutime 0 cstime 0 CPU usage 98)
	CPU temperature (celsius): socket 0: 64 socket 1: 70[0m
EAR[514408](hratio_l30) at 2.60/1.47 in tcn361 MR[0] elapsed 910 sec.: [32mLoop time: 1.108s DC Power: [35m429.7W[32m DRAM power: 0.00W PCK power: 386.93W
	avg. CPUFreq: 2.57GHz avg. IMCFreq: 1.47GHz
	CPI: 0.517 VPI: 0.00, Mem. bwidth: 0.13GB/s GFLOPS: 0.00 I/O: 0.01MB/s No MPI  
	TPI 0.03 Cache miss rates: L1 0.67GB/s L2 0.00GB/s L3 0.00GB/s
	Total MPI calls 2
	IO DATA: rchar 4607 wchar 8842 syscr 51 syscw 27 read_bytes 0 write_bytes 299008
	Process OS info: (pid 514408 state R utime 1090 stime 1 cutime 0 cstime 0 CPU usage 98)
	CPU temperature (celsius): socket 0: 64 socket 1: 70[0m
EAR[514408](hratio_l30) at 2.60/1.47 in tcn361 MR[0] elapsed 921 sec.: [32mLoop time: 1.108s DC Power: [35m477.5W[32m DRAM power: 0.00W PCK power: 387.06W
	avg. CPUFreq: 2.57GHz avg. IMCFreq: 1.47GHz
	CPI: 0.517 VPI: 0.00, Mem. bwidth: 0.13GB/s GFLOPS: 0.00 I/O: 0.01MB/s No MPI  
	TPI 0.03 Cache miss rates: L1 0.65GB/s L2 0.00GB/s L3 0.00GB/s
	Total MPI calls 2
	IO DATA: rchar 4607 wchar 8842 syscr 51 syscw 27 read_bytes 0 write_bytes 299008
	Process OS info: (pid 514408 state R utime 1092 stime 1 cutime 0 cstime 0 CPU usage 98)
	CPU temperature (celsius): socket 0: 64 socket 1: 70[0m
EAR[514408](hratio_l30) at 2.60/1.47 in tcn361 MR[0] elapsed 932 sec.: [32mLoop time: 1.107s DC Power: [35m477.7W[32m DRAM power: 0.00W PCK power: 386.90W
	avg. CPUFreq: 2.57GHz avg. IMCFreq: 1.47GHz
	CPI: 0.517 VPI: 0.00, Mem. bwidth: 0.15GB/s GFLOPS: 0.00 I/O: 0.01MB/s No MPI  
	TPI 0.03 Cache miss rates: L1 0.67GB/s L2 0.00GB/s L3 0.00GB/s
	Total MPI calls 2
	IO DATA: rchar 4607 wchar 8986 syscr 51 syscw 57 read_bytes 0 write_bytes 294912
	Process OS info: (pid 514408 state R utime 1091 stime 1 cutime 0 cstime 0 CPU usage 98)
	CPU temperature (celsius): socket 0: 64 socket 1: 70[0m
EAR[514408](hratio_l30) at 2.60/1.47 in tcn361 MR[0] elapsed 943 sec.: [32mLoop time: 1.108s DC Power: [35m429.7W[32m DRAM power: 0.00W PCK power: 386.93W
	avg. CPUFreq: 2.57GHz avg. IMCFreq: 1.47GHz
	CPI: 0.517 VPI: 0.00, Mem. bwidth: 0.13GB/s GFLOPS: 0.00 I/O: 0.01MB/s No MPI  
	TPI 0.03 Cache miss rates: L1 0.65GB/s L2 0.00GB/s L3 0.00GB/s
	Total MPI calls 2
	IO DATA: rchar 4607 wchar 8842 syscr 51 syscw 27 read_bytes 0 write_bytes 294912
	Process OS info: (pid 514408 state R utime 1091 stime 1 cutime 0 cstime 0 CPU usage 98)
	CPU temperature (celsius): socket 0: 64 socket 1: 70[0m
EAR[514408](hratio_l30) at 2.60/1.47 in tcn361 MR[0] elapsed 954 sec.: [32mLoop time: 1.107s DC Power: [35m429.9W[32m DRAM power: 0.00W PCK power: 386.98W
	avg. CPUFreq: 2.57GHz avg. IMCFreq: 1.47GHz
	CPI: 0.518 VPI: 0.00, Mem. bwidth: 0.15GB/s GFLOPS: 0.00 I/O: 0.01MB/s No MPI  
	TPI 0.03 Cache miss rates: L1 0.61GB/s L2 0.00GB/s L3 0.00GB/s
	Total MPI calls 2
	IO DATA: rchar 4607 wchar 8842 syscr 51 syscw 27 read_bytes 0 write_bytes 299008
	Process OS info: (pid 514408 state R utime 1091 stime 0 cutime 0 cstime 0 CPU usage 98)
	CPU temperature (celsius): socket 0: 64 socket 1: 70[0m
EAR[514408](hratio_l30) at 2.60/1.47 in tcn361 MR[0] elapsed 965 sec.: [32mLoop time: 1.108s DC Power: [35m477.6W[32m DRAM power: 0.00W PCK power: 386.88W
	avg. CPUFreq: 2.57GHz avg. IMCFreq: 1.47GHz
	CPI: 0.517 VPI: 0.00, Mem. bwidth: 0.13GB/s GFLOPS: 0.00 I/O: 0.01MB/s No MPI  
	TPI 0.03 Cache miss rates: L1 0.66GB/s L2 0.00GB/s L3 0.00GB/s
	Total MPI calls 2
	IO DATA: rchar 4607 wchar 8842 syscr 51 syscw 27 read_bytes 0 write_bytes 409600
	Process OS info: (pid 514408 state R utime 1092 stime 1 cutime 0 cstime 0 CPU usage 98)
	CPU temperature (celsius): socket 0: 64 socket 1: 70[0m
EAR[514408](hratio_l30) at 2.60/1.47 in tcn361 MR[0] elapsed 976 sec.: [32mLoop time: 1.108s DC Power: [35m477.6W[32m DRAM power: 0.00W PCK power: 386.89W
	avg. CPUFreq: 2.57GHz avg. IMCFreq: 1.47GHz
	CPI: 0.518 VPI: 0.00, Mem. bwidth: 0.11GB/s GFLOPS: 0.00 I/O: 0.01MB/s No MPI  
	TPI 0.02 Cache miss rates: L1 0.66GB/s L2 0.00GB/s L3 0.00GB/s
	Total MPI calls 2
	IO DATA: rchar 4607 wchar 8842 syscr 51 syscw 27 read_bytes 0 write_bytes 299008
	Process OS info: (pid 514408 state R utime 1092 stime 0 cutime 0 cstime 0 CPU usage 98)
	CPU temperature (celsius): socket 0: 64 socket 1: 70[0m
EAR[514408](hratio_l30) at 2.60/1.47 in tcn361 MR[0] elapsed 987 sec.: [32mLoop time: 1.108s DC Power: [35m477.6W[32m DRAM power: 0.00W PCK power: 387.00W
	avg. CPUFreq: 2.57GHz avg. IMCFreq: 1.47GHz
	CPI: 0.517 VPI: 0.00, Mem. bwidth: 0.17GB/s GFLOPS: 0.00 I/O: 0.01MB/s No MPI  
	TPI 0.03 Cache miss rates: L1 0.67GB/s L2 0.00GB/s L3 0.00GB/s
	Total MPI calls 2
	IO DATA: rchar 4607 wchar 8842 syscr 51 syscw 27 read_bytes 0 write_bytes 294912
	Process OS info: (pid 514408 state R utime 1091 stime 1 cutime 0 cstime 0 CPU usage 98)
	CPU temperature (celsius): socket 0: 64 socket 1: 71[0m
EAR[514408](hratio_l30) at 2.60/1.47 in tcn361 MR[0] elapsed 998 sec.: [32mLoop time: 1.107s DC Power: [35m430.0W[32m DRAM power: 0.00W PCK power: 387.15W
	avg. CPUFreq: 2.57GHz avg. IMCFreq: 1.47GHz
	CPI: 0.518 VPI: 0.00, Mem. bwidth: 0.34GB/s GFLOPS: 0.00 I/O: 0.01MB/s No MPI  
	TPI 0.07 Cache miss rates: L1 0.66GB/s L2 0.00GB/s L3 0.00GB/s
	Total MPI calls 2
	IO DATA: rchar 4607 wchar 8842 syscr 51 syscw 27 read_bytes 0 write_bytes 299008
	Process OS info: (pid 514408 state R utime 1077 stime 1 cutime 0 cstime 0 CPU usage 97)
	CPU temperature (celsius): socket 0: 64 socket 1: 70[0m
EAR[514408](hratio_l30) at 2.60/1.47 in tcn361 MR[0] elapsed 1009 sec.: [32mLoop time: 1.108s DC Power: [35m477.4W[32m DRAM power: 0.00W PCK power: 387.24W
	avg. CPUFreq: 2.57GHz avg. IMCFreq: 1.47GHz
	CPI: 0.518 VPI: 0.00, Mem. bwidth: 0.41GB/s GFLOPS: 0.00 I/O: 0.01MB/s No MPI  
	TPI 0.09 Cache miss rates: L1 0.66GB/s L2 0.00GB/s L3 0.00GB/s
	Total MPI calls 2
	IO DATA: rchar 4607 wchar 8842 syscr 51 syscw 27 read_bytes 0 write_bytes 294912
	Process OS info: (pid 514408 state R utime 1081 stime 1 cutime 0 cstime 0 CPU usage 97)
	CPU temperature (celsius): socket 0: 64 socket 1: 70[0m
EAR[514408](hratio_l30) at 2.60/1.47 in tcn361 MR[0] elapsed 1021 sec.: [32mLoop time: 1.108s DC Power: [35m477.5W[32m DRAM power: 0.00W PCK power: 387.24W
	avg. CPUFreq: 2.57GHz avg. IMCFreq: 1.47GHz
	CPI: 0.518 VPI: 0.00, Mem. bwidth: 0.32GB/s GFLOPS: 0.00 I/O: 0.01MB/s No MPI  
	TPI 0.07 Cache miss rates: L1 0.67GB/s L2 0.00GB/s L3 0.00GB/s
	Total MPI calls 2
	IO DATA: rchar 4607 wchar 8843 syscr 51 syscw 27 read_bytes 0 write_bytes 299008
	Process OS info: (pid 514408 state R utime 1078 stime 0 cutime 0 cstime 0 CPU usage 97)
	CPU temperature (celsius): socket 0: 64 socket 1: 70[0m
EAR[514408](hratio_l30) at 2.60/1.47 in tcn361 MR[0] elapsed 1032 sec.: [32mLoop time: 1.108s DC Power: [35m477.5W[32m DRAM power: 0.00W PCK power: 387.83W
	avg. CPUFreq: 2.57GHz avg. IMCFreq: 1.47GHz
	CPI: 0.518 VPI: 0.00, Mem. bwidth: 0.42GB/s GFLOPS: 0.00 I/O: 0.01MB/s No MPI  
	TPI 0.09 Cache miss rates: L1 0.67GB/s L2 0.00GB/s L3 0.00GB/s
	Total MPI calls 2
	IO DATA: rchar 4608 wchar 8843 syscr 51 syscw 27 read_bytes 0 write_bytes 299008
	Process OS info: (pid 514408 state R utime 1073 stime 1 cutime 0 cstime 0 CPU usage 96)
	CPU temperature (celsius): socket 0: 64 socket 1: 71[0m
EAR[514408](hratio_l30) at 2.60/1.47 in tcn361 MR[0] elapsed 1043 sec.: [32mLoop time: 1.108s DC Power: [35m429.7W[32m DRAM power: 0.00W PCK power: 387.39W
	avg. CPUFreq: 2.57GHz avg. IMCFreq: 1.47GHz
	CPI: 0.518 VPI: 0.00, Mem. bwidth: 0.27GB/s GFLOPS: 0.00 I/O: 0.01MB/s No MPI  
	TPI 0.06 Cache miss rates: L1 0.64GB/s L2 0.00GB/s L3 0.00GB/s
	Total MPI calls 2
	IO DATA: rchar 4608 wchar 8843 syscr 51 syscw 27 read_bytes 0 write_bytes 299008
	Process OS info: (pid 514408 state R utime 1089 stime 1 cutime 0 cstime 0 CPU usage 98)
	CPU temperature (celsius): socket 0: 64 socket 1: 70[0m
EAR[514408](hratio_l30) at 2.60/1.47 in tcn361 MR[0] elapsed 1054 sec.: [32mLoop time: 1.107s DC Power: [35m477.8W[32m DRAM power: 0.00W PCK power: 387.02W
	avg. CPUFreq: 2.57GHz avg. IMCFreq: 1.47GHz
	CPI: 0.518 VPI: 0.00, Mem. bwidth: 0.13GB/s GFLOPS: 0.00 I/O: 0.01MB/s No MPI  
	TPI 0.03 Cache miss rates: L1 0.66GB/s L2 0.00GB/s L3 0.00GB/s
	Total MPI calls 2
	IO DATA: rchar 4608 wchar 8843 syscr 51 syscw 27 read_bytes 0 write_bytes 434176
	Process OS info: (pid 514408 state R utime 1091 stime 1 cutime 0 cstime 0 CPU usage 98)
	CPU temperature (celsius): socket 0: 64 socket 1: 70[0m
EAR[514408](hratio_l30) at 2.60/1.47 in tcn361 MR[0] elapsed 1065 sec.: [32mLoop time: 1.108s DC Power: [35m429.7W[32m DRAM power: 0.00W PCK power: 387.08W
	avg. CPUFreq: 2.57GHz avg. IMCFreq: 1.47GHz
	CPI: 0.517 VPI: 0.00, Mem. bwidth: 0.12GB/s GFLOPS: 0.00 I/O: 0.01MB/s No MPI  
	TPI 0.02 Cache miss rates: L1 0.64GB/s L2 0.00GB/s L3 0.00GB/s
	Total MPI calls 2
	IO DATA: rchar 4608 wchar 8843 syscr 51 syscw 27 read_bytes 0 write_bytes 299008
	Process OS info: (pid 514408 state R utime 1092 stime 0 cutime 0 cstime 0 CPU usage 98)
	CPU temperature (celsius): socket 0: 64 socket 1: 70[0m
EAR[514408](hratio_l30) at 2.60/1.47 in tcn361 MR[0] elapsed 1076 sec.: [32mLoop time: 1.107s DC Power: [35m477.9W[32m DRAM power: 0.00W PCK power: 387.07W
	avg. CPUFreq: 2.57GHz avg. IMCFreq: 1.47GHz
	CPI: 0.517 VPI: 0.00, Mem. bwidth: 0.15GB/s GFLOPS: 0.00 I/O: 0.01MB/s No MPI  
	TPI 0.03 Cache miss rates: L1 0.66GB/s L2 0.00GB/s L3 0.00GB/s
	Total MPI calls 2
	IO DATA: rchar 4608 wchar 8843 syscr 51 syscw 27 read_bytes 0 write_bytes 303104
	Process OS info: (pid 514408 state R utime 1090 stime 1 cutime 0 cstime 0 CPU usage 98)
	CPU temperature (celsius): socket 0: 64 socket 1: 70[0m
EAR[514408](hratio_l30) at 2.60/1.47 in tcn361 MR[0] elapsed 1087 sec.: [32mLoop time: 1.107s DC Power: [35m429.9W[32m DRAM power: 0.00W PCK power: 387.03W
	avg. CPUFreq: 2.57GHz avg. IMCFreq: 1.47GHz
	CPI: 0.517 VPI: 0.00, Mem. bwidth: 0.11GB/s GFLOPS: 0.00 I/O: 0.01MB/s No MPI  
	TPI 0.02 Cache miss rates: L1 0.65GB/s L2 0.00GB/s L3 0.00GB/s
	Total MPI calls 2
	IO DATA: rchar 4608 wchar 8843 syscr 51 syscw 27 read_bytes 0 write_bytes 299008
	Process OS info: (pid 514408 state R utime 1091 stime 1 cutime 0 cstime 0 CPU usage 98)
	CPU temperature (celsius): socket 0: 64 socket 1: 70[0m
EAR[514408](hratio_l30) at 2.60/1.47 in tcn361 MR[0] elapsed 1098 sec.: [32mLoop time: 1.108s DC Power: [35m477.6W[32m DRAM power: 0.00W PCK power: 387.03W
	avg. CPUFreq: 2.57GHz avg. IMCFreq: 1.47GHz
	CPI: 0.517 VPI: 0.00, Mem. bwidth: 0.12GB/s GFLOPS: 0.00 I/O: 0.01MB/s No MPI  
	TPI 0.02 Cache miss rates: L1 0.64GB/s L2 0.00GB/s L3 0.00GB/s
	Total MPI calls 2
	IO DATA: rchar 4608 wchar 8843 syscr 51 syscw 27 read_bytes 0 write_bytes 294912
	Process OS info: (pid 514408 state R utime 1092 stime 0 cutime 0 cstime 0 CPU usage 98)
	CPU temperature (celsius): socket 0: 64 socket 1: 70[0m
EAR[514408](hratio_l30) at 2.60/1.47 in tcn361 MR[0] elapsed 1109 sec.: [32mLoop time: 1.107s DC Power: [35m477.7W[32m DRAM power: 0.00W PCK power: 387.10W
	avg. CPUFreq: 2.57GHz avg. IMCFreq: 1.47GHz
	CPI: 0.518 VPI: 0.00, Mem. bwidth: 0.14GB/s GFLOPS: 0.00 I/O: 0.01MB/s No MPI  
	TPI 0.03 Cache miss rates: L1 0.74GB/s L2 0.00GB/s L3 0.00GB/s
	Total MPI calls 2
	IO DATA: rchar 4608 wchar 8843 syscr 51 syscw 27 read_bytes 0 write_bytes 299008
	Process OS info: (pid 514408 state R utime 1090 stime 1 cutime 0 cstime 0 CPU usage 98)
	CPU temperature (celsius): socket 0: 64 socket 1: 71[0m
EAR[514408](hratio_l30) at 2.60/1.47 in tcn361 MR[0] elapsed 1120 sec.: [32mLoop time: 1.107s DC Power: [35m430.0W[32m DRAM power: 0.00W PCK power: 386.94W
	avg. CPUFreq: 2.57GHz avg. IMCFreq: 1.47GHz
	CPI: 0.518 VPI: 0.00, Mem. bwidth: 0.12GB/s GFLOPS: 0.00 I/O: 0.01MB/s No MPI  
	TPI 0.02 Cache miss rates: L1 0.76GB/s L2 0.00GB/s L3 0.00GB/s
	Total MPI calls 2
	IO DATA: rchar 4608 wchar 8843 syscr 51 syscw 27 read_bytes 0 write_bytes 294912
	Process OS info: (pid 514408 state R utime 1092 stime 1 cutime 0 cstime 0 CPU usage 98)
	CPU temperature (celsius): socket 0: 64 socket 1: 70[0m
EAR[514408](hratio_l30) at 2.60/1.47 in tcn361 MR[0] elapsed 1131 sec.: [32mLoop time: 1.111s DC Power: [35m428.5W[32m DRAM power: 0.00W PCK power: 387.10W
	avg. CPUFreq: 2.57GHz avg. IMCFreq: 1.47GHz
	CPI: 0.517 VPI: 0.00, Mem. bwidth: 0.14GB/s GFLOPS: 0.00 I/O: 0.01MB/s No MPI  
	TPI 0.03 Cache miss rates: L1 0.78GB/s L2 0.00GB/s L3 0.00GB/s
	Total MPI calls 2
	IO DATA: rchar 4608 wchar 8843 syscr 51 syscw 27 read_bytes 0 write_bytes 294912
	Process OS info: (pid 514408 state R utime 1095 stime 0 cutime 0 cstime 0 CPU usage 98)
	CPU temperature (celsius): socket 0: 64 socket 1: 70[0m
EAR[514408](hratio_l30) at 2.60/1.47 in tcn361 MR[0] elapsed 1142 sec.: [32mLoop time: 1.107s DC Power: [35m477.8W[32m DRAM power: 0.00W PCK power: 386.86W
	avg. CPUFreq: 2.57GHz avg. IMCFreq: 1.47GHz
	CPI: 0.518 VPI: 0.00, Mem. bwidth: 0.16GB/s GFLOPS: 0.00 I/O: 0.01MB/s No MPI  
	TPI 0.03 Cache miss rates: L1 0.75GB/s L2 0.00GB/s L3 0.00GB/s
	Total MPI calls 2
	IO DATA: rchar 4608 wchar 8843 syscr 51 syscw 27 read_bytes 0 write_bytes 299008
	Process OS info: (pid 514408 state R utime 1089 stime 1 cutime 0 cstime 0 CPU usage 98)
	CPU temperature (celsius): socket 0: 64 socket 1: 70[0m
EAR[514408](hratio_l30) at 2.60/1.47 in tcn361 MR[0] elapsed 1154 sec.: [32mLoop time: 1.108s DC Power: [35m477.5W[32m DRAM power: 0.00W PCK power: 386.91W
	avg. CPUFreq: 2.57GHz avg. IMCFreq: 1.47GHz
	CPI: 0.518 VPI: 0.00, Mem. bwidth: 0.11GB/s GFLOPS: 0.00 I/O: 0.01MB/s No MPI  
	TPI 0.02 Cache miss rates: L1 0.74GB/s L2 0.00GB/s L3 0.00GB/s
	Total MPI calls 2
	IO DATA: rchar 4608 wchar 8843 syscr 51 syscw 27 read_bytes 0 write_bytes 294912
	Process OS info: (pid 514408 state R utime 1092 stime 0 cutime 0 cstime 0 CPU usage 98)
	CPU temperature (celsius): socket 0: 64 socket 1: 70[0m
EAR[514408](hratio_l30) at 2.60/1.47 in tcn361 MR[0] elapsed 1165 sec.: [32mLoop time: 1.108s DC Power: [35m477.4W[32m DRAM power: 0.00W PCK power: 387.11W
	avg. CPUFreq: 2.57GHz avg. IMCFreq: 1.47GHz
	CPI: 0.517 VPI: 0.00, Mem. bwidth: 0.13GB/s GFLOPS: 0.00 I/O: 0.01MB/s No MPI  
	TPI 0.03 Cache miss rates: L1 0.73GB/s L2 0.00GB/s L3 0.00GB/s
	Total MPI calls 2
	IO DATA: rchar 4608 wchar 8843 syscr 51 syscw 27 read_bytes 0 write_bytes 294912
	Process OS info: (pid 514408 state R utime 1092 stime 1 cutime 0 cstime 0 CPU usage 98)
	CPU temperature (celsius): socket 0: 64 socket 1: 70[0m
EAR[514408](hratio_l30) at 2.60/1.47 in tcn361 MR[0] elapsed 1176 sec.: [32mLoop time: 1.108s DC Power: [35m429.8W[32m DRAM power: 0.00W PCK power: 387.02W
	avg. CPUFreq: 2.57GHz avg. IMCFreq: 1.47GHz
	CPI: 0.518 VPI: 0.00, Mem. bwidth: 0.12GB/s GFLOPS: 0.00 I/O: 0.01MB/s No MPI  
	TPI 0.02 Cache miss rates: L1 0.71GB/s L2 0.00GB/s L3 0.00GB/s
	Total MPI calls 2
	IO DATA: rchar 4608 wchar 8843 syscr 51 syscw 27 read_bytes 0 write_bytes 299008
	Process OS info: (pid 514408 state R utime 1091 stime 1 cutime 0 cstime 0 CPU usage 98)
	CPU temperature (celsius): socket 0: 64 socket 1: 70[0m
EAR[514408](hratio_l30) at 2.60/1.47 in tcn361 MR[0] elapsed 1187 sec.: [32mLoop time: 1.107s DC Power: [35m429.9W[32m DRAM power: 0.00W PCK power: 386.89W
	avg. CPUFreq: 2.57GHz avg. IMCFreq: 1.47GHz
	CPI: 0.518 VPI: 0.00, Mem. bwidth: 0.12GB/s GFLOPS: 0.00 I/O: 0.01MB/s No MPI  
	TPI 0.02 Cache miss rates: L1 0.72GB/s L2 0.00GB/s L3 0.00GB/s
	Total MPI calls 2
	IO DATA: rchar 4608 wchar 8843 syscr 51 syscw 27 read_bytes 0 write_bytes 294912
	Process OS info: (pid 514408 state R utime 1091 stime 0 cutime 0 cstime 0 CPU usage 98)
	CPU temperature (celsius): socket 0: 64 socket 1: 70[0m
EAR[514408](hratio_l30) at 2.60/1.47 in tcn361 MR[0] elapsed 1198 sec.: [32mLoop time: 1.108s DC Power: [35m477.5W[32m DRAM power: 0.00W PCK power: 387.11W
	avg. CPUFreq: 2.57GHz avg. IMCFreq: 1.47GHz
	CPI: 0.518 VPI: 0.00, Mem. bwidth: 0.15GB/s GFLOPS: 0.00 I/O: 0.01MB/s No MPI  
	TPI 0.03 Cache miss rates: L1 0.72GB/s L2 0.00GB/s L3 0.00GB/s
	Total MPI calls 2
	IO DATA: rchar 4608 wchar 8986 syscr 51 syscw 57 read_bytes 0 write_bytes 299008
	Process OS info: (pid 514408 state R utime 1092 stime 1 cutime 0 cstime 0 CPU usage 98)
	CPU temperature (celsius): socket 0: 64 socket 1: 70[0m
EAR[514408](hratio_l30) at 2.60/1.47 in tcn361 MR[0] elapsed 1209 sec.: [32mLoop time: 1.108s DC Power: [35m477.6W[32m DRAM power: 0.00W PCK power: 386.99W
	avg. CPUFreq: 2.57GHz avg. IMCFreq: 1.47GHz
	CPI: 0.518 VPI: 0.00, Mem. bwidth: 0.11GB/s GFLOPS: 0.00 I/O: 0.01MB/s No MPI  
	TPI 0.02 Cache miss rates: L1 0.72GB/s L2 0.00GB/s L3 0.00GB/s
	Total MPI calls 2
	IO DATA: rchar 4608 wchar 8843 syscr 51 syscw 27 read_bytes 0 write_bytes 299008
	Process OS info: (pid 514408 state R utime 1091 stime 1 cutime 0 cstime 0 CPU usage 98)
	CPU temperature (celsius): socket 0: 64 socket 1: 70[0m
EAR[514408](hratio_l30) at 2.60/1.47 in tcn361 MR[0] elapsed 1220 sec.: [32mLoop time: 1.107s DC Power: [35m430.0W[32m DRAM power: 0.00W PCK power: 386.93W
	avg. CPUFreq: 2.57GHz avg. IMCFreq: 1.47GHz
	CPI: 0.518 VPI: 0.00, Mem. bwidth: 0.12GB/s GFLOPS: 0.00 I/O: 0.01MB/s No MPI  
	TPI 0.02 Cache miss rates: L1 0.74GB/s L2 0.00GB/s L3 0.00GB/s
	Total MPI calls 2
	IO DATA: rchar 4608 wchar 8843 syscr 51 syscw 27 read_bytes 0 write_bytes 303104
	Process OS info: (pid 514408 state R utime 1091 stime 1 cutime 0 cstime 0 CPU usage 98)
	CPU temperature (celsius): socket 0: 64 socket 1: 70[0m
EAR[514408](hratio_l30) at 2.60/1.47 in tcn361 MR[0] elapsed 1231 sec.: [32mLoop time: 1.108s DC Power: [35m477.6W[32m DRAM power: 0.00W PCK power: 387.14W
	avg. CPUFreq: 2.57GHz avg. IMCFreq: 1.47GHz
	CPI: 0.518 VPI: 0.00, Mem. bwidth: 0.15GB/s GFLOPS: 0.00 I/O: 0.01MB/s No MPI  
	TPI 0.03 Cache miss rates: L1 0.72GB/s L2 0.00GB/s L3 0.00GB/s
	Total MPI calls 2
	IO DATA: rchar 4608 wchar 8843 syscr 51 syscw 27 read_bytes 0 write_bytes 434176
	Process OS info: (pid 514408 state R utime 1091 stime 0 cutime 0 cstime 0 CPU usage 98)
	CPU temperature (celsius): socket 0: 64 socket 1: 70[0m
EAR[514408](hratio_l30) at 2.60/1.47 in tcn361 MR[0] elapsed 1242 sec.: [32mLoop time: 1.108s DC Power: [35m429.8W[32m DRAM power: 0.00W PCK power: 386.98W
	avg. CPUFreq: 2.57GHz avg. IMCFreq: 1.47GHz
	CPI: 0.518 VPI: 0.00, Mem. bwidth: 0.12GB/s GFLOPS: 0.00 I/O: 0.01MB/s No MPI  
	TPI 0.02 Cache miss rates: L1 0.71GB/s L2 0.00GB/s L3 0.00GB/s
	Total MPI calls 2
	IO DATA: rchar 4608 wchar 8843 syscr 51 syscw 27 read_bytes 0 write_bytes 299008
	Process OS info: (pid 514408 state R utime 1092 stime 1 cutime 0 cstime 0 CPU usage 98)
	CPU temperature (celsius): socket 0: 64 socket 1: 70[0m
EAR[514408](hratio_l30) at 2.60/1.47 in tcn361 MR[0] elapsed 1253 sec.: [32mLoop time: 1.107s DC Power: [35m477.7W[32m DRAM power: 0.00W PCK power: 387.11W
	avg. CPUFreq: 2.57GHz avg. IMCFreq: 1.47GHz
	CPI: 0.518 VPI: 0.00, Mem. bwidth: 0.15GB/s GFLOPS: 0.00 I/O: 0.01MB/s No MPI  
	TPI 0.03 Cache miss rates: L1 0.73GB/s L2 0.00GB/s L3 0.00GB/s
	Total MPI calls 2
	IO DATA: rchar 4608 wchar 8843 syscr 51 syscw 27 read_bytes 0 write_bytes 315392
	Process OS info: (pid 514408 state R utime 1091 stime 1 cutime 0 cstime 0 CPU usage 98)
	CPU temperature (celsius): socket 0: 64 socket 1: 70[0m
EAR[514408](hratio_l30) at 2.60/1.47 in tcn361 MR[0] elapsed 1264 sec.: [32mLoop time: 1.107s DC Power: [35m430.0W[32m DRAM power: 0.00W PCK power: 386.82W
	avg. CPUFreq: 2.57GHz avg. IMCFreq: 1.47GHz
	CPI: 0.518 VPI: 0.00, Mem. bwidth: 0.11GB/s GFLOPS: 0.00 I/O: 0.01MB/s No MPI  
	TPI 0.02 Cache miss rates: L1 0.76GB/s L2 0.00GB/s L3 0.00GB/s
	Total MPI calls 2
	IO DATA: rchar 4608 wchar 8843 syscr 51 syscw 27 read_bytes 0 write_bytes 303104
	Process OS info: (pid 514408 state R utime 1091 stime 0 cutime 0 cstime 0 CPU usage 98)
	CPU temperature (celsius): socket 0: 64 socket 1: 70[0m
EAR[514408](hratio_l30) at 2.60/1.47 in tcn361 MR[0] elapsed 1275 sec.: [32mLoop time: 1.108s DC Power: [35m477.4W[32m DRAM power: 0.00W PCK power: 386.92W
	avg. CPUFreq: 2.57GHz avg. IMCFreq: 1.47GHz
	CPI: 0.518 VPI: 0.00, Mem. bwidth: 0.11GB/s GFLOPS: 0.00 I/O: 0.01MB/s No MPI  
	TPI 0.02 Cache miss rates: L1 0.78GB/s L2 0.00GB/s L3 0.00GB/s
	Total MPI calls 2
	IO DATA: rchar 4608 wchar 8843 syscr 51 syscw 27 read_bytes 0 write_bytes 294912
	Process OS info: (pid 514408 state R utime 1092 stime 1 cutime 0 cstime 0 CPU usage 98)
	CPU temperature (celsius): socket 0: 64 socket 1: 70[0m
EAR[514408](hratio_l30) at 2.60/1.47 in tcn361 MR[0] elapsed 1287 sec.: [32mLoop time: 1.108s DC Power: [35m477.5W[32m DRAM power: 0.00W PCK power: 387.11W
	avg. CPUFreq: 2.57GHz avg. IMCFreq: 1.47GHz
	CPI: 0.518 VPI: 0.00, Mem. bwidth: 0.15GB/s GFLOPS: 0.00 I/O: 0.01MB/s No MPI  
	TPI 0.03 Cache miss rates: L1 0.74GB/s L2 0.00GB/s L3 0.00GB/s
	Total MPI calls 2
	IO DATA: rchar 4608 wchar 8843 syscr 51 syscw 27 read_bytes 0 write_bytes 299008
	Process OS info: (pid 514408 state R utime 1079 stime 1 cutime 0 cstime 0 CPU usage 97)
	CPU temperature (celsius): socket 0: 64 socket 1: 70[0m
EAR[514408](hratio_l30) at 2.60/1.47 in tcn361 MR[0] elapsed 1299 sec.: [32mLoop time: 1.208s DC Power: [35m481.8W[32m DRAM power: 0.00W PCK power: 387.01W
	avg. CPUFreq: 2.57GHz avg. IMCFreq: 1.47GHz
	CPI: 0.517 VPI: 0.00, Mem. bwidth: 0.12GB/s GFLOPS: 0.00 I/O: 0.01MB/s No MPI  
	TPI 0.02 Cache miss rates: L1 0.75GB/s L2 0.00GB/s L3 0.00GB/s
	Total MPI calls 2
	IO DATA: rchar 4608 wchar 8843 syscr 51 syscw 27 read_bytes 0 write_bytes 409600
	Process OS info: (pid 514408 state R utime 1190 stime 0 cutime 0 cstime 0 CPU usage 98)
	CPU temperature (celsius): socket 0: 64 socket 1: 70[0m
EAR[514408](hratio_l30) at 2.60/1.47 in tcn361 MR[0] elapsed 1310 sec.: [32mLoop time: 1.108s DC Power: [35m429.7W[32m DRAM power: 0.00W PCK power: 387.06W
	avg. CPUFreq: 2.57GHz avg. IMCFreq: 1.47GHz
	CPI: 0.517 VPI: 0.00, Mem. bwidth: 0.14GB/s GFLOPS: 0.00 I/O: 0.01MB/s No MPI  
	TPI 0.03 Cache miss rates: L1 0.77GB/s L2 0.00GB/s L3 0.00GB/s
	Total MPI calls 2
	IO DATA: rchar 4608 wchar 8843 syscr 51 syscw 27 read_bytes 0 write_bytes 294912
	Process OS info: (pid 514408 state R utime 1092 stime 1 cutime 0 cstime 0 CPU usage 98)
	CPU temperature (celsius): socket 0: 64 socket 1: 70[0m
EAR[514408](hratio_l30) at 2.60/1.47 in tcn361 MR[0] elapsed 1321 sec.: [32mLoop time: 1.108s DC Power: [35m477.4W[32m DRAM power: 0.00W PCK power: 387.21W
	avg. CPUFreq: 2.57GHz avg. IMCFreq: 1.47GHz
	CPI: 0.517 VPI: 0.00, Mem. bwidth: 0.14GB/s GFLOPS: 0.00 I/O: 0.01MB/s No MPI  
	TPI 0.03 Cache miss rates: L1 0.74GB/s L2 0.00GB/s L3 0.00GB/s
	Total MPI calls 2
	IO DATA: rchar 4608 wchar 8843 syscr 51 syscw 27 read_bytes 0 write_bytes 294912
	Process OS info: (pid 514408 state R utime 1092 stime 1 cutime 0 cstime 0 CPU usage 98)
	CPU temperature (celsius): socket 0: 64 socket 1: 70[0m
EAR[514408](hratio_l30) at 2.60/1.47 in tcn361 MR[0] elapsed 1332 sec.: [32mLoop time: 1.108s DC Power: [35m477.5W[32m DRAM power: 0.00W PCK power: 387.08W
	avg. CPUFreq: 2.57GHz avg. IMCFreq: 1.47GHz
	CPI: 0.517 VPI: 0.00, Mem. bwidth: 0.11GB/s GFLOPS: 0.00 I/O: 0.01MB/s No MPI  
	TPI 0.02 Cache miss rates: L1 0.75GB/s L2 0.00GB/s L3 0.00GB/s
	Total MPI calls 2
	IO DATA: rchar 4608 wchar 8843 syscr 51 syscw 27 read_bytes 0 write_bytes 299008
	Process OS info: (pid 514408 state R utime 1091 stime 1 cutime 0 cstime 0 CPU usage 98)
	CPU temperature (celsius): socket 0: 64 socket 1: 70[0m
EAR[514408](hratio_l30) at 2.60/1.47 in tcn361 MR[0] elapsed 1343 sec.: [32mLoop time: 1.108s DC Power: [35m477.6W[32m DRAM power: 0.00W PCK power: 387.12W
	avg. CPUFreq: 2.57GHz avg. IMCFreq: 1.47GHz
	CPI: 0.517 VPI: 0.00, Mem. bwidth: 0.14GB/s GFLOPS: 0.00 I/O: 0.01MB/s No MPI  
	TPI 0.03 Cache miss rates: L1 0.73GB/s L2 0.00GB/s L3 0.00GB/s
	Total MPI calls 2
	IO DATA: rchar 4608 wchar 8843 syscr 51 syscw 27 read_bytes 0 write_bytes 294912
	Process OS info: (pid 514408 state R utime 1092 stime 0 cutime 0 cstime 0 CPU usage 98)
	CPU temperature (celsius): socket 0: 64 socket 1: 70[0m
EAR[514408](hratio_l30) at 2.60/1.47 in tcn361 MR[0] elapsed 1354 sec.: [32mLoop time: 1.108s DC Power: [35m429.7W[32m DRAM power: 0.00W PCK power: 387.09W
	avg. CPUFreq: 2.57GHz avg. IMCFreq: 1.47GHz
	CPI: 0.517 VPI: 0.00, Mem. bwidth: 0.12GB/s GFLOPS: 0.00 I/O: 0.01MB/s No MPI  
	TPI 0.02 Cache miss rates: L1 0.75GB/s L2 0.00GB/s L3 0.00GB/s
	Total MPI calls 2
	IO DATA: rchar 4608 wchar 8843 syscr 51 syscw 27 read_bytes 0 write_bytes 303104
	Process OS info: (pid 514408 state R utime 1091 stime 1 cutime 0 cstime 0 CPU usage 98)
	CPU temperature (celsius): socket 0: 64 socket 1: 70[0m
EAR[514408](hratio_l30) at 2.60/1.47 in tcn361 MR[0] elapsed 1365 sec.: [32mLoop time: 1.107s DC Power: [35m429.9W[32m DRAM power: 0.00W PCK power: 387.16W
	avg. CPUFreq: 2.57GHz avg. IMCFreq: 1.47GHz
	CPI: 0.517 VPI: 0.00, Mem. bwidth: 0.12GB/s GFLOPS: 0.00 I/O: 0.01MB/s No MPI  
	TPI 0.03 Cache miss rates: L1 0.76GB/s L2 0.00GB/s L3 0.00GB/s
	Total MPI calls 2
	IO DATA: rchar 4608 wchar 8843 syscr 51 syscw 27 read_bytes 0 write_bytes 294912
	Process OS info: (pid 514408 state R utime 1092 stime 1 cutime 0 cstime 0 CPU usage 98)
	CPU temperature (celsius): socket 0: 64 socket 1: 70[0m
EAR[514408](hratio_l30) at 2.60/1.47 in tcn361 MR[0] elapsed 1376 sec.: [32mLoop time: 1.108s DC Power: [35m477.5W[32m DRAM power: 0.00W PCK power: 387.22W
	avg. CPUFreq: 2.57GHz avg. IMCFreq: 1.47GHz
	CPI: 0.517 VPI: 0.00, Mem. bwidth: 0.18GB/s GFLOPS: 0.00 I/O: 0.01MB/s No MPI  
	TPI 0.04 Cache miss rates: L1 0.75GB/s L2 0.00GB/s L3 0.00GB/s
	Total MPI calls 2
	IO DATA: rchar 4608 wchar 8843 syscr 51 syscw 27 read_bytes 0 write_bytes 303104
	Process OS info: (pid 514408 state R utime 1091 stime 0 cutime 0 cstime 0 CPU usage 98)
	CPU temperature (celsius): socket 0: 64 socket 1: 71[0m
EAR[514408](hratio_l30) at 2.60/1.47 in tcn361 MR[0] elapsed 1387 sec.: [32mLoop time: 1.108s DC Power: [35m477.5W[32m DRAM power: 0.00W PCK power: 387.06W
	avg. CPUFreq: 2.57GHz avg. IMCFreq: 1.47GHz
	CPI: 0.517 VPI: 0.00, Mem. bwidth: 0.12GB/s GFLOPS: 0.00 I/O: 0.01MB/s No MPI  
	TPI 0.02 Cache miss rates: L1 0.74GB/s L2 0.00GB/s L3 0.00GB/s
	Total MPI calls 2
	IO DATA: rchar 4608 wchar 8843 syscr 51 syscw 27 read_bytes 0 write_bytes 434176
	Process OS info: (pid 514408 state R utime 1092 stime 1 cutime 0 cstime 0 CPU usage 98)
	CPU temperature (celsius): socket 0: 64 socket 1: 70[0m
EAR[514408](hratio_l30) at 2.60/1.47 in tcn361 MR[0] elapsed 1398 sec.: [32mLoop time: 1.108s DC Power: [35m429.9W[32m DRAM power: 0.00W PCK power: 387.04W
	avg. CPUFreq: 2.57GHz avg. IMCFreq: 1.47GHz
	CPI: 0.517 VPI: 0.00, Mem. bwidth: 0.13GB/s GFLOPS: 0.00 I/O: 0.01MB/s No MPI  
	TPI 0.03 Cache miss rates: L1 0.75GB/s L2 0.00GB/s L3 0.00GB/s
	Total MPI calls 2
	IO DATA: rchar 4608 wchar 8843 syscr 51 syscw 27 read_bytes 0 write_bytes 294912
	Process OS info: (pid 514408 state R utime 1091 stime 1 cutime 0 cstime 0 CPU usage 98)
	CPU temperature (celsius): socket 0: 64 socket 1: 71[0m
EAR[514408](hratio_l30) at 2.60/1.47 in tcn361 MR[0] elapsed 1409 sec.: [32mLoop time: 1.107s DC Power: [35m477.7W[32m DRAM power: 0.00W PCK power: 387.15W
	avg. CPUFreq: 2.57GHz avg. IMCFreq: 1.47GHz
	CPI: 0.517 VPI: 0.00, Mem. bwidth: 0.15GB/s GFLOPS: 0.00 I/O: 0.01MB/s No MPI  
	TPI 0.03 Cache miss rates: L1 0.76GB/s L2 0.00GB/s L3 0.00GB/s
	Total MPI calls 2
	IO DATA: rchar 4608 wchar 8843 syscr 51 syscw 27 read_bytes 0 write_bytes 299008
	Process OS info: (pid 514408 state R utime 1091 stime 0 cutime 0 cstime 0 CPU usage 98)
	CPU temperature (celsius): socket 0: 64 socket 1: 71[0m
EAR[514408](hratio_l30) at 2.60/1.47 in tcn361 MR[0] elapsed 1420 sec.: [32mLoop time: 1.108s DC Power: [35m429.8W[32m DRAM power: 0.00W PCK power: 387.09W
	avg. CPUFreq: 2.57GHz avg. IMCFreq: 1.47GHz
	CPI: 0.517 VPI: 0.00, Mem. bwidth: 0.11GB/s GFLOPS: 0.00 I/O: 0.01MB/s No MPI  
	TPI 0.02 Cache miss rates: L1 0.75GB/s L2 0.00GB/s L3 0.00GB/s
	Total MPI calls 2
	IO DATA: rchar 4608 wchar 8843 syscr 51 syscw 27 read_bytes 0 write_bytes 294912
	Process OS info: (pid 514408 state R utime 1092 stime 1 cutime 0 cstime 0 CPU usage 98)
	CPU temperature (celsius): socket 0: 64 socket 1: 70[0m
EAR[514408](hratio_l30) at 2.60/1.47 in tcn361 MR[0] elapsed 1431 sec.: [32mLoop time: 1.107s DC Power: [35m477.7W[32m DRAM power: 0.00W PCK power: 387.22W
	avg. CPUFreq: 2.57GHz avg. IMCFreq: 1.47GHz
	CPI: 0.517 VPI: 0.00, Mem. bwidth: 0.15GB/s GFLOPS: 0.00 I/O: 0.01MB/s No MPI  
	TPI 0.03 Cache miss rates: L1 0.69GB/s L2 0.00GB/s L3 0.00GB/s
	Total MPI calls 2
	IO DATA: rchar 4608 wchar 8843 syscr 51 syscw 27 read_bytes 0 write_bytes 294912
	Process OS info: (pid 514408 state R utime 1091 stime 0 cutime 0 cstime 0 CPU usage 98)
	CPU temperature (celsius): socket 0: 64 socket 1: 70[0m
EAR[514408](hratio_l30) at 2.60/1.47 in tcn361 MR[0] elapsed 1443 sec.: [32mLoop time: 1.108s DC Power: [35m429.9W[32m DRAM power: 0.00W PCK power: 387.02W
	avg. CPUFreq: 2.57GHz avg. IMCFreq: 1.47GHz
	CPI: 0.517 VPI: 0.00, Mem. bwidth: 0.13GB/s GFLOPS: 0.00 I/O: 0.01MB/s No MPI  
	TPI 0.03 Cache miss rates: L1 0.69GB/s L2 0.00GB/s L3 0.00GB/s
	Total MPI calls 2
	IO DATA: rchar 4608 wchar 8843 syscr 51 syscw 27 read_bytes 0 write_bytes 294912
	Process OS info: (pid 514408 state R utime 1091 stime 1 cutime 0 cstime 0 CPU usage 98)
	CPU temperature (celsius): socket 0: 64 socket 1: 70[0m
EAR[514408](hratio_l30) at 2.60/1.47 in tcn361 MR[0] elapsed 1454 sec.: [32mLoop time: 1.108s DC Power: [35m477.5W[32m DRAM power: 0.00W PCK power: 386.94W
	avg. CPUFreq: 2.57GHz avg. IMCFreq: 1.47GHz
	CPI: 0.518 VPI: 0.00, Mem. bwidth: 0.13GB/s GFLOPS: 0.00 I/O: 0.01MB/s No MPI  
	TPI 0.03 Cache miss rates: L1 0.70GB/s L2 0.00GB/s L3 0.00GB/s
	Total MPI calls 2
	IO DATA: rchar 4608 wchar 8843 syscr 51 syscw 27 read_bytes 0 write_bytes 294912
	Process OS info: (pid 514408 state R utime 1091 stime 1 cutime 0 cstime 0 CPU usage 98)
	CPU temperature (celsius): socket 0: 64 socket 1: 70[0m
EAR[514408](hratio_l30) at 2.60/1.47 in tcn361 MR[0] elapsed 1465 sec.: [32mLoop time: 1.108s DC Power: [35m477.5W[32m DRAM power: 0.00W PCK power: 387.12W
	avg. CPUFreq: 2.57GHz avg. IMCFreq: 1.47GHz
	CPI: 0.518 VPI: 0.00, Mem. bwidth: 0.15GB/s GFLOPS: 0.00 I/O: 0.01MB/s No MPI  
	TPI 0.03 Cache miss rates: L1 0.70GB/s L2 0.00GB/s L3 0.00GB/s
	Total MPI calls 2
	IO DATA: rchar 4608 wchar 8843 syscr 51 syscw 27 read_bytes 0 write_bytes 294912
	Process OS info: (pid 514408 state R utime 1092 stime 1 cutime 0 cstime 0 CPU usage 98)
	CPU temperature (celsius): socket 0: 64 socket 1: 70[0m
EAR[514408](hratio_l30) at 2.60/1.47 in tcn361 MR[0] elapsed 1476 sec.: [32mLoop time: 1.107s DC Power: [35m477.8W[32m DRAM power: 0.00W PCK power: 387.09W
	avg. CPUFreq: 2.57GHz avg. IMCFreq: 1.47GHz
	CPI: 0.517 VPI: 0.00, Mem. bwidth: 0.13GB/s GFLOPS: 0.00 I/O: 0.01MB/s No MPI  
	TPI 0.03 Cache miss rates: L1 0.72GB/s L2 0.00GB/s L3 0.00GB/s
	Total MPI calls 2
	IO DATA: rchar 4608 wchar 8843 syscr 51 syscw 27 read_bytes 0 write_bytes 303104
	Process OS info: (pid 514408 state R utime 1090 stime 0 cutime 0 cstime 0 CPU usage 98)
	CPU temperature (celsius): socket 0: 64 socket 1: 70[0m
EAR[514408](hratio_l30) at 2.60/1.47 in tcn361 MR[0] elapsed 1487 sec.: [32mLoop time: 1.108s DC Power: [35m382.0W[32m DRAM power: 0.00W PCK power: 386.97W
	avg. CPUFreq: 2.57GHz avg. IMCFreq: 1.47GHz
	CPI: 0.518 VPI: 0.00, Mem. bwidth: 0.14GB/s GFLOPS: 0.00 I/O: 0.01MB/s No MPI  
	TPI 0.03 Cache miss rates: L1 0.72GB/s L2 0.00GB/s L3 0.00GB/s
	Total MPI calls 2
	IO DATA: rchar 4608 wchar 8843 syscr 51 syscw 27 read_bytes 0 write_bytes 294912
	Process OS info: (pid 514408 state R utime 1090 stime 1 cutime 0 cstime 0 CPU usage 98)
	CPU temperature (celsius): socket 0: 64 socket 1: 71[0m
EAR[514408](hratio_l30) at 2.60/1.47 in tcn361 MR[0] elapsed 1498 sec.: [32mLoop time: 1.108s DC Power: [35m477.6W[32m DRAM power: 0.00W PCK power: 387.18W
	avg. CPUFreq: 2.57GHz avg. IMCFreq: 1.47GHz
	CPI: 0.517 VPI: 0.00, Mem. bwidth: 0.15GB/s GFLOPS: 0.00 I/O: 0.01MB/s No MPI  
	TPI 0.03 Cache miss rates: L1 0.73GB/s L2 0.00GB/s L3 0.00GB/s
	Total MPI calls 2
	IO DATA: rchar 4608 wchar 8843 syscr 51 syscw 27 read_bytes 0 write_bytes 303104
	Process OS info: (pid 514408 state R utime 1091 stime 1 cutime 0 cstime 0 CPU usage 98)
	CPU temperature (celsius): socket 0: 64 socket 1: 70[0m
EAR[514408](hratio_l30) at 2.60/1.47 in tcn361 MR[0] elapsed 1509 sec.: [32mLoop time: 1.107s DC Power: [35m477.7W[32m DRAM power: 0.00W PCK power: 387.05W
	avg. CPUFreq: 2.57GHz avg. IMCFreq: 1.47GHz
	CPI: 0.517 VPI: 0.00, Mem. bwidth: 0.12GB/s GFLOPS: 0.00 I/O: 0.01MB/s No MPI  
	TPI 0.02 Cache miss rates: L1 0.71GB/s L2 0.00GB/s L3 0.00GB/s
	Total MPI calls 2
	IO DATA: rchar 4608 wchar 8843 syscr 51 syscw 27 read_bytes 0 write_bytes 303104
	Process OS info: (pid 514408 state R utime 1091 stime 0 cutime 0 cstime 0 CPU usage 98)
	CPU temperature (celsius): socket 0: 64 socket 1: 71[0m
EAR[514408](hratio_l30) at 2.60/1.47 in tcn361 MR[0] elapsed 1520 sec.: [32mLoop time: 1.108s DC Power: [35m477.6W[32m DRAM power: 0.00W PCK power: 387.03W
	avg. CPUFreq: 2.57GHz avg. IMCFreq: 1.47GHz
	CPI: 0.518 VPI: 0.00, Mem. bwidth: 0.12GB/s GFLOPS: 0.00 I/O: 0.01MB/s No MPI  
	TPI 0.02 Cache miss rates: L1 0.72GB/s L2 0.00GB/s L3 0.00GB/s
	Total MPI calls 2
	IO DATA: rchar 4608 wchar 8843 syscr 51 syscw 27 read_bytes 0 write_bytes 299008
	Process OS info: (pid 514408 state R utime 1091 stime 1 cutime 0 cstime 0 CPU usage 98)
	CPU temperature (celsius): socket 0: 64 socket 1: 70[0m
EAR[514408](hratio_l30) at 2.60/1.47 in tcn361 MR[0] elapsed 1531 sec.: [32mLoop time: 1.108s DC Power: [35m477.4W[32m DRAM power: 0.00W PCK power: 387.24W
	avg. CPUFreq: 2.57GHz avg. IMCFreq: 1.47GHz
	CPI: 0.517 VPI: 0.00, Mem. bwidth: 0.15GB/s GFLOPS: 0.00 I/O: 0.01MB/s No MPI  
	TPI 0.03 Cache miss rates: L1 0.75GB/s L2 0.00GB/s L3 0.00GB/s
	Total MPI calls 2
	IO DATA: rchar 4608 wchar 8843 syscr 51 syscw 27 read_bytes 0 write_bytes 303104
	Process OS info: (pid 514408 state R utime 1092 stime 0 cutime 0 cstime 0 CPU usage 98)
	CPU temperature (celsius): socket 0: 64 socket 1: 70[0m
EAR[514408](hratio_l30) at 2.60/1.47 in tcn361 MR[0] elapsed 1542 sec.: [32mLoop time: 1.108s DC Power: [35m429.9W[32m DRAM power: 0.00W PCK power: 387.09W
	avg. CPUFreq: 2.57GHz avg. IMCFreq: 1.47GHz
	CPI: 0.518 VPI: 0.00, Mem. bwidth: 0.12GB/s GFLOPS: 0.00 I/O: 0.01MB/s No MPI  
	TPI 0.03 Cache miss rates: L1 0.73GB/s L2 0.00GB/s L3 0.00GB/s
	Total MPI calls 2
	IO DATA: rchar 4608 wchar 8843 syscr 51 syscw 27 read_bytes 0 write_bytes 303104
	Process OS info: (pid 514408 state R utime 1091 stime 1 cutime 0 cstime 0 CPU usage 98)
	CPU temperature (celsius): socket 0: 64 socket 1: 70[0m
EAR[514408](hratio_l30) at 2.60/1.47 in tcn361 MR[0] elapsed 1553 sec.: [32mLoop time: 1.108s DC Power: [35m477.5W[32m DRAM power: 0.00W PCK power: 387.20W
	avg. CPUFreq: 2.57GHz avg. IMCFreq: 1.47GHz
	CPI: 0.517 VPI: 0.00, Mem. bwidth: 0.15GB/s GFLOPS: 0.00 I/O: 0.01MB/s No MPI  
	TPI 0.03 Cache miss rates: L1 0.73GB/s L2 0.00GB/s L3 0.00GB/s
	Total MPI calls 2
	IO DATA: rchar 4608 wchar 8843 syscr 51 syscw 27 read_bytes 0 write_bytes 303104
	Process OS info: (pid 514408 state R utime 1091 stime 1 cutime 0 cstime 0 CPU usage 98)
	CPU temperature (celsius): socket 0: 64 socket 1: 70[0m
EAR[514408](hratio_l30) at 2.60/1.47 in tcn361 MR[0] elapsed 1564 sec.: [32mLoop time: 1.107s DC Power: [35m477.7W[32m DRAM power: 0.00W PCK power: 387.09W
	avg. CPUFreq: 2.57GHz avg. IMCFreq: 1.47GHz
	CPI: 0.517 VPI: 0.00, Mem. bwidth: 0.11GB/s GFLOPS: 0.00 I/O: 0.01MB/s No MPI  
	TPI 0.02 Cache miss rates: L1 0.76GB/s L2 0.00GB/s L3 0.00GB/s
	Total MPI calls 2
	IO DATA: rchar 4608 wchar 8843 syscr 51 syscw 27 read_bytes 0 write_bytes 352256
	Process OS info: (pid 514408 state R utime 1091 stime 1 cutime 0 cstime 0 CPU usage 98)
	CPU temperature (celsius): socket 0: 65 socket 1: 70[0m
EAR[514408](hratio_l30) at 2.60/1.47 in tcn361 MR[0] elapsed 1575 sec.: [32mLoop time: 1.108s DC Power: [35m430.8W[32m DRAM power: 0.00W PCK power: 386.95W
	avg. CPUFreq: 2.57GHz avg. IMCFreq: 1.47GHz
	CPI: 0.518 VPI: 0.00, Mem. bwidth: 0.13GB/s GFLOPS: 0.00 I/O: 0.01MB/s No MPI  
	TPI 0.03 Cache miss rates: L1 0.74GB/s L2 0.00GB/s L3 0.00GB/s
	Total MPI calls 2
	IO DATA: rchar 4608 wchar 8843 syscr 51 syscw 27 read_bytes 0 write_bytes 307200
	Process OS info: (pid 514408 state R utime 1091 stime 1 cutime 0 cstime 0 CPU usage 98)
	CPU temperature (celsius): socket 0: 64 socket 1: 70[0m
EAR[514408](hratio_l30) at 2.60/1.47 in tcn361 MR[0] elapsed 1587 sec.: [32mLoop time: 1.108s DC Power: [35m479.5W[32m DRAM power: 0.00W PCK power: 387.02W
	avg. CPUFreq: 2.57GHz avg. IMCFreq: 1.47GHz
	CPI: 0.517 VPI: 0.00, Mem. bwidth: 0.15GB/s GFLOPS: 0.00 I/O: 0.01MB/s No MPI  
	TPI 0.03 Cache miss rates: L1 0.72GB/s L2 0.00GB/s L3 0.00GB/s
	Total MPI calls 2
	IO DATA: rchar 4608 wchar 8843 syscr 51 syscw 27 read_bytes 0 write_bytes 299008
	Process OS info: (pid 514408 state R utime 1092 stime 1 cutime 0 cstime 0 CPU usage 98)
	CPU temperature (celsius): socket 0: 64 socket 1: 70[0m
EAR[514408](hratio_l30) at 2.60/1.47 in tcn361 MR[0] elapsed 1598 sec.: [32mLoop time: 1.108s DC Power: [35m480.6W[32m DRAM power: 0.00W PCK power: 386.84W
	avg. CPUFreq: 2.57GHz avg. IMCFreq: 1.47GHz
	CPI: 0.517 VPI: 0.00, Mem. bwidth: 0.12GB/s GFLOPS: 0.00 I/O: 0.01MB/s No MPI  
	TPI 0.02 Cache miss rates: L1 0.71GB/s L2 0.00GB/s L3 0.00GB/s
	Total MPI calls 2
	IO DATA: rchar 4608 wchar 8843 syscr 51 syscw 27 read_bytes 0 write_bytes 294912
	Process OS info: (pid 514408 state R utime 1091 stime 0 cutime 0 cstime 0 CPU usage 98)
	CPU temperature (celsius): socket 0: 64 socket 1: 70[0m
EAR[514408](hratio_l30) at 2.60/1.47 in tcn361 MR[0] elapsed 1609 sec.: [32mLoop time: 1.107s DC Power: [35m480.8W[32m DRAM power: 0.00W PCK power: 386.74W
	avg. CPUFreq: 2.57GHz avg. IMCFreq: 1.47GHz
	CPI: 0.518 VPI: 0.00, Mem. bwidth: 0.13GB/s GFLOPS: 0.00 I/O: 0.01MB/s No MPI  
	TPI 0.03 Cache miss rates: L1 0.69GB/s L2 0.00GB/s L3 0.00GB/s
	Total MPI calls 2
	IO DATA: rchar 4608 wchar 8843 syscr 51 syscw 27 read_bytes 0 write_bytes 294912
	Process OS info: (pid 514408 state R utime 1091 stime 1 cutime 0 cstime 0 CPU usage 98)
	CPU temperature (celsius): socket 0: 64 socket 1: 70[0m
EAR[514408](hratio_l30) at 2.60/1.47 in tcn361 MR[0] elapsed 1620 sec.: [32mLoop time: 1.108s DC Power: [35m480.2W[32m DRAM power: 0.00W PCK power: 386.85W
	avg. CPUFreq: 2.57GHz avg. IMCFreq: 1.47GHz
	CPI: 0.518 VPI: 0.00, Mem. bwidth: 0.18GB/s GFLOPS: 0.00 I/O: 0.01MB/s No MPI  
	TPI 0.04 Cache miss rates: L1 0.71GB/s L2 0.00GB/s L3 0.00GB/s
	Total MPI calls 2
	IO DATA: rchar 4608 wchar 8843 syscr 51 syscw 27 read_bytes 0 write_bytes 294912
	Process OS info: (pid 514408 state R utime 1091 stime 1 cutime 0 cstime 0 CPU usage 98)
	CPU temperature (celsius): socket 0: 64 socket 1: 70[0m
EAR[514408](hratio_l30) at 2.60/1.47 in tcn361 MR[0] elapsed 1631 sec.: [32mLoop time: 1.108s DC Power: [35m480.3W[32m DRAM power: 0.00W PCK power: 386.75W
	avg. CPUFreq: 2.57GHz avg. IMCFreq: 1.47GHz
	CPI: 0.518 VPI: 0.00, Mem. bwidth: 0.12GB/s GFLOPS: 0.00 I/O: 0.01MB/s No MPI  
	TPI 0.02 Cache miss rates: L1 0.71GB/s L2 0.00GB/s L3 0.00GB/s
	Total MPI calls 2
	IO DATA: rchar 4608 wchar 8843 syscr 51 syscw 27 read_bytes 0 write_bytes 303104
	Process OS info: (pid 514408 state R utime 1091 stime 1 cutime 0 cstime 0 CPU usage 98)
	CPU temperature (celsius): socket 0: 64 socket 1: 70[0m
EAR[514408](hratio_l30) at 2.60/1.47 in tcn361 MR[0] elapsed 1642 sec.: [32mLoop time: 1.108s DC Power: [35m480.2W[32m DRAM power: 0.00W PCK power: 386.71W
	avg. CPUFreq: 2.57GHz avg. IMCFreq: 1.47GHz
	CPI: 0.518 VPI: 0.00, Mem. bwidth: 0.14GB/s GFLOPS: 0.00 I/O: 0.01MB/s No MPI  
	TPI 0.03 Cache miss rates: L1 0.72GB/s L2 0.00GB/s L3 0.00GB/s
	Total MPI calls 2
	IO DATA: rchar 4608 wchar 8843 syscr 51 syscw 27 read_bytes 0 write_bytes 294912
	Process OS info: (pid 514408 state R utime 1092 stime 0 cutime 0 cstime 0 CPU usage 98)
	CPU temperature (celsius): socket 0: 64 socket 1: 70[0m
EAR[514408](hratio_l30) at 2.60/1.47 in tcn361 MR[0] elapsed 1653 sec.: [32mLoop time: 1.108s DC Power: [35m480.1W[32m DRAM power: 0.00W PCK power: 386.47W
	avg. CPUFreq: 2.57GHz avg. IMCFreq: 1.47GHz
	CPI: 0.519 VPI: 0.00, Mem. bwidth: 0.12GB/s GFLOPS: 0.00 I/O: 0.01MB/s No MPI  
	TPI 0.02 Cache miss rates: L1 0.73GB/s L2 0.00GB/s L3 0.00GB/s
	Total MPI calls 2
	IO DATA: rchar 4608 wchar 8843 syscr 51 syscw 27 read_bytes 0 write_bytes 303104
	Process OS info: (pid 514408 state R utime 1091 stime 1 cutime 0 cstime 0 CPU usage 98)
	CPU temperature (celsius): socket 0: 64 socket 1: 70[0m
EAR[514408](hratio_l30) at 2.60/1.47 in tcn361 MR[0] elapsed 1664 sec.: [32mLoop time: 1.108s DC Power: [35m384.1W[32m DRAM power: 0.00W PCK power: 386.52W
	avg. CPUFreq: 2.57GHz avg. IMCFreq: 1.47GHz
	CPI: 0.518 VPI: 0.00, Mem. bwidth: 0.12GB/s GFLOPS: 0.00 I/O: 0.01MB/s No MPI  
	TPI 0.03 Cache miss rates: L1 0.73GB/s L2 0.00GB/s L3 0.00GB/s
	Total MPI calls 2
	IO DATA: rchar 4608 wchar 8843 syscr 51 syscw 27 read_bytes 0 write_bytes 434176
	Process OS info: (pid 514408 state R utime 1092 stime 1 cutime 0 cstime 0 CPU usage 98)
	CPU temperature (celsius): socket 0: 64 socket 1: 70[0m
EAR[514408](hratio_l30) at 2.60/1.47 in tcn361 MR[0] elapsed 1675 sec.: [32mLoop time: 1.108s DC Power: [35m480.3W[32m DRAM power: 0.00W PCK power: 386.72W
	avg. CPUFreq: 2.57GHz avg. IMCFreq: 1.47GHz
	CPI: 0.518 VPI: 0.00, Mem. bwidth: 0.14GB/s GFLOPS: 0.00 I/O: 0.01MB/s No MPI  
	TPI 0.03 Cache miss rates: L1 0.73GB/s L2 0.00GB/s L3 0.00GB/s
	Total MPI calls 2
	IO DATA: rchar 4608 wchar 8843 syscr 51 syscw 27 read_bytes 0 write_bytes 294912
	Process OS info: (pid 514408 state R utime 1091 stime 0 cutime 0 cstime 0 CPU usage 98)
	CPU temperature (celsius): socket 0: 64 socket 1: 70[0m
EAR[514408](hratio_l30) at 2.60/1.47 in tcn361 MR[0] elapsed 1686 sec.: [32mLoop time: 1.108s DC Power: [35m480.3W[32m DRAM power: 0.00W PCK power: 386.65W
	avg. CPUFreq: 2.57GHz avg. IMCFreq: 1.47GHz
	CPI: 0.518 VPI: 0.00, Mem. bwidth: 0.11GB/s GFLOPS: 0.00 I/O: 0.01MB/s No MPI  
	TPI 0.02 Cache miss rates: L1 0.72GB/s L2 0.00GB/s L3 0.00GB/s
	Total MPI calls 2
	IO DATA: rchar 4608 wchar 8843 syscr 51 syscw 27 read_bytes 0 write_bytes 299008
	Process OS info: (pid 514408 state R utime 1092 stime 1 cutime 0 cstime 0 CPU usage 98)
	CPU temperature (celsius): socket 0: 64 socket 1: 70[0m
EAR[514408](hratio_l30) at 2.60/1.47 in tcn361 MR[0] elapsed 1697 sec.: [32mLoop time: 1.107s DC Power: [35m480.5W[32m DRAM power: 0.00W PCK power: 386.69W
	avg. CPUFreq: 2.57GHz avg. IMCFreq: 1.47GHz
	CPI: 0.518 VPI: 0.00, Mem. bwidth: 0.11GB/s GFLOPS: 0.00 I/O: 0.01MB/s No MPI  
	TPI 0.02 Cache miss rates: L1 0.77GB/s L2 0.00GB/s L3 0.00GB/s
	Total MPI calls 2
	IO DATA: rchar 4608 wchar 8843 syscr 51 syscw 27 read_bytes 0 write_bytes 303104
	Process OS info: (pid 514408 state R utime 1091 stime 1 cutime 0 cstime 0 CPU usage 98)
	CPU temperature (celsius): socket 0: 64 socket 1: 70[0m
EAR[514408](hratio_l30) at 2.60/1.47 in tcn361 MR[0] elapsed 1708 sec.: [32mLoop time: 1.108s DC Power: [35m480.2W[32m DRAM power: 0.00W PCK power: 386.87W
	avg. CPUFreq: 2.57GHz avg. IMCFreq: 1.47GHz
	CPI: 0.517 VPI: 0.00, Mem. bwidth: 0.14GB/s GFLOPS: 0.00 I/O: 0.01MB/s No MPI  
	TPI 0.03 Cache miss rates: L1 0.79GB/s L2 0.00GB/s L3 0.00GB/s
	Total MPI calls 2
	IO DATA: rchar 4608 wchar 8843 syscr 51 syscw 27 read_bytes 0 write_bytes 442368
	Process OS info: (pid 514408 state R utime 1091 stime 0 cutime 0 cstime 0 CPU usage 98)
	CPU temperature (celsius): socket 0: 64 socket 1: 70[0m
EAR[514408](hratio_l30) at 2.60/1.47 in tcn361 MR[0] elapsed 1719 sec.: [32mLoop time: 1.108s DC Power: [35m480.2W[32m DRAM power: 0.00W PCK power: 386.67W
	avg. CPUFreq: 2.57GHz avg. IMCFreq: 1.47GHz
	CPI: 0.517 VPI: 0.00, Mem. bwidth: 0.12GB/s GFLOPS: 0.00 I/O: 0.01MB/s No MPI  
	TPI 0.02 Cache miss rates: L1 0.83GB/s L2 0.00GB/s L3 0.00GB/s
	Total MPI calls 2
	IO DATA: rchar 4608 wchar 8843 syscr 51 syscw 27 read_bytes 0 write_bytes 274432
	Process OS info: (pid 514408 state R utime 1092 stime 1 cutime 0 cstime 0 CPU usage 98)
	CPU temperature (celsius): socket 0: 64 socket 1: 70[0m
EAR[514408](hratio_l30) at 2.60/1.47 in tcn361 MR[0] elapsed 1731 sec.: [32mLoop time: 1.108s DC Power: [35m480.0W[32m DRAM power: 0.00W PCK power: 386.57W
	avg. CPUFreq: 2.57GHz avg. IMCFreq: 1.47GHz
	CPI: 0.518 VPI: 0.00, Mem. bwidth: 0.11GB/s GFLOPS: 0.00 I/O: 0.01MB/s No MPI  
	TPI 0.02 Cache miss rates: L1 0.79GB/s L2 0.00GB/s L3 0.00GB/s
	Total MPI calls 2
	IO DATA: rchar 4608 wchar 8843 syscr 51 syscw 27 read_bytes 0 write_bytes 294912
	Process OS info: (pid 514408 state R utime 1092 stime 1 cutime 0 cstime 0 CPU usage 98)
	CPU temperature (celsius): socket 0: 63 socket 1: 70[0m
EAR[514408](hratio_l30) at 2.60/1.47 in tcn361 MR[0] elapsed 1742 sec.: [32mLoop time: 1.108s DC Power: [35m480.3W[32m DRAM power: 0.00W PCK power: 386.67W
	avg. CPUFreq: 2.57GHz avg. IMCFreq: 1.47GHz
	CPI: 0.518 VPI: 0.00, Mem. bwidth: 0.15GB/s GFLOPS: 0.00 I/O: 0.01MB/s No MPI  
	TPI 0.03 Cache miss rates: L1 0.78GB/s L2 0.00GB/s L3 0.00GB/s
	Total MPI calls 2
	IO DATA: rchar 4608 wchar 8843 syscr 51 syscw 27 read_bytes 0 write_bytes 294912
	Process OS info: (pid 514408 state R utime 1092 stime 0 cutime 0 cstime 0 CPU usage 98)
	CPU temperature (celsius): socket 0: 63 socket 1: 70[0m
EAR[514408](hratio_l30) at 2.60/1.47 in tcn361 MR[0] elapsed 1753 sec.: [32mLoop time: 1.108s DC Power: [35m432.1W[32m DRAM power: 0.00W PCK power: 386.60W
	avg. CPUFreq: 2.57GHz avg. IMCFreq: 1.47GHz
	CPI: 0.518 VPI: 0.00, Mem. bwidth: 0.12GB/s GFLOPS: 0.00 I/O: 0.01MB/s No MPI  
	TPI 0.03 Cache miss rates: L1 0.81GB/s L2 0.00GB/s L3 0.00GB/s
	Total MPI calls 2
	IO DATA: rchar 4608 wchar 8843 syscr 51 syscw 27 read_bytes 0 write_bytes 294912
	Process OS info: (pid 514408 state R utime 1092 stime 1 cutime 0 cstime 0 CPU usage 98)
	CPU temperature (celsius): socket 0: 64 socket 1: 70[0m
EAR[514408](hratio_l30) at 2.60/1.47 in tcn361 MR[0] elapsed 1764 sec.: [32mLoop time: 1.107s DC Power: [35m480.4W[32m DRAM power: 0.00W PCK power: 386.67W
	avg. CPUFreq: 2.57GHz avg. IMCFreq: 1.47GHz
	CPI: 0.518 VPI: 0.00, Mem. bwidth: 0.15GB/s GFLOPS: 0.00 I/O: 0.01MB/s No MPI  
	TPI 0.03 Cache miss rates: L1 0.79GB/s L2 0.00GB/s L3 0.00GB/s
	Total MPI calls 2
	IO DATA: rchar 4608 wchar 8843 syscr 51 syscw 27 read_bytes 0 write_bytes 294912
	Process OS info: (pid 514408 state R utime 1091 stime 1 cutime 0 cstime 0 CPU usage 98)
	CPU temperature (celsius): socket 0: 64 socket 1: 70[0m
EAR[514408](hratio_l30) at 2.60/1.47 in tcn361 MR[0] elapsed 1775 sec.: [32mLoop time: 1.108s DC Power: [35m480.2W[32m DRAM power: 0.00W PCK power: 386.61W
	avg. CPUFreq: 2.57GHz avg. IMCFreq: 1.47GHz
	CPI: 0.518 VPI: 0.00, Mem. bwidth: 0.12GB/s GFLOPS: 0.00 I/O: 0.01MB/s No MPI  
	TPI 0.02 Cache miss rates: L1 0.79GB/s L2 0.00GB/s L3 0.00GB/s
	Total MPI calls 2
	IO DATA: rchar 4608 wchar 8843 syscr 51 syscw 27 read_bytes 0 write_bytes 299008
	Process OS info: (pid 514408 state R utime 1090 stime 1 cutime 0 cstime 0 CPU usage 98)
	CPU temperature (celsius): socket 0: 64 socket 1: 70[0m
EAR[514408](hratio_l30) at 2.60/1.47 in tcn361 MR[0] elapsed 1786 sec.: [32mLoop time: 1.108s DC Power: [35m432.2W[32m DRAM power: 0.00W PCK power: 386.65W
	avg. CPUFreq: 2.57GHz avg. IMCFreq: 1.47GHz
	CPI: 0.518 VPI: 0.00, Mem. bwidth: 0.11GB/s GFLOPS: 0.00 I/O: 0.01MB/s No MPI  
	TPI 0.02 Cache miss rates: L1 0.81GB/s L2 0.00GB/s L3 0.00GB/s
	Total MPI calls 2
	IO DATA: rchar 4608 wchar 8843 syscr 51 syscw 27 read_bytes 0 write_bytes 299008
	Process OS info: (pid 514408 state R utime 1092 stime 0 cutime 0 cstime 0 CPU usage 98)
	CPU temperature (celsius): socket 0: 64 socket 1: 70[0m
EAR[514408](hratio_l30) at 2.60/1.47 in tcn361 MR[0] elapsed 1797 sec.: [32mLoop time: 1.107s DC Power: [35m480.4W[32m DRAM power: 0.00W PCK power: 386.77W
	avg. CPUFreq: 2.57GHz avg. IMCFreq: 1.47GHz
	CPI: 0.517 VPI: 0.00, Mem. bwidth: 0.14GB/s GFLOPS: 0.00 I/O: 0.01MB/s No MPI  
	TPI 0.03 Cache miss rates: L1 0.82GB/s L2 0.00GB/s L3 0.00GB/s
	Total MPI calls 2
	IO DATA: rchar 4608 wchar 8843 syscr 51 syscw 27 read_bytes 0 write_bytes 299008
	Process OS info: (pid 514408 state R utime 1092 stime 1 cutime 0 cstime 0 CPU usage 98)
	CPU temperature (celsius): socket 0: 63 socket 1: 70[0m
EAR[514408](hratio_l30) at 2.60/1.47 in tcn361 MR[0] elapsed 1808 sec.: [32mLoop time: 1.107s DC Power: [35m480.5W[32m DRAM power: 0.00W PCK power: 386.62W
	avg. CPUFreq: 2.57GHz avg. IMCFreq: 1.47GHz
	CPI: 0.518 VPI: 0.00, Mem. bwidth: 0.10GB/s GFLOPS: 0.00 I/O: 0.01MB/s No MPI  
	TPI 0.02 Cache miss rates: L1 0.82GB/s L2 0.00GB/s L3 0.00GB/s
	Total MPI calls 2
	IO DATA: rchar 4608 wchar 8843 syscr 51 syscw 27 read_bytes 0 write_bytes 303104
	Process OS info: (pid 514408 state R utime 1091 stime 1 cutime 0 cstime 0 CPU usage 98)
	CPU temperature (celsius): socket 0: 64 socket 1: 70[0m
EAR[514408](hratio_l30) at 2.60/1.47 in tcn361 MR[0] elapsed 1819 sec.: [32mLoop time: 1.108s DC Power: [35m480.1W[32m DRAM power: 0.00W PCK power: 386.58W
	avg. CPUFreq: 2.57GHz avg. IMCFreq: 1.47GHz
	CPI: 0.518 VPI: 0.00, Mem. bwidth: 0.11GB/s GFLOPS: 0.00 I/O: 0.01MB/s No MPI  
	TPI 0.02 Cache miss rates: L1 0.81GB/s L2 0.00GB/s L3 0.00GB/s
	Total MPI calls 2
	IO DATA: rchar 4608 wchar 8843 syscr 51 syscw 27 read_bytes 0 write_bytes 299008
	Process OS info: (pid 514408 state R utime 1092 stime 0 cutime 0 cstime 0 CPU usage 98)
	CPU temperature (celsius): socket 0: 64 socket 1: 70[0m
EAR[514408](hratio_l30) at 2.60/1.47 in tcn361 MR[0] elapsed 1830 sec.: [32mLoop time: 1.108s DC Power: [35m480.2W[32m DRAM power: 0.00W PCK power: 386.73W
	avg. CPUFreq: 2.57GHz avg. IMCFreq: 1.47GHz
	CPI: 0.518 VPI: 0.00, Mem. bwidth: 0.14GB/s GFLOPS: 0.00 I/O: 0.01MB/s No MPI  
	TPI 0.03 Cache miss rates: L1 0.81GB/s L2 0.00GB/s L3 0.00GB/s
	Total MPI calls 2
	IO DATA: rchar 4608 wchar 8843 syscr 51 syscw 27 read_bytes 0 write_bytes 294912
	Process OS info: (pid 514408 state R utime 1091 stime 1 cutime 0 cstime 0 CPU usage 98)
	CPU temperature (celsius): socket 0: 63 socket 1: 70[0m
EAR[514408](hratio_l30) at 2.60/1.47 in tcn361 MR[0] elapsed 1841 sec.: [32mLoop time: 1.108s DC Power: [35m384.2W[32m DRAM power: 0.00W PCK power: 386.52W
	avg. CPUFreq: 2.57GHz avg. IMCFreq: 1.47GHz
	CPI: 0.518 VPI: 0.00, Mem. bwidth: 0.13GB/s GFLOPS: 0.00 I/O: 0.01MB/s No MPI  
	TPI 0.03 Cache miss rates: L1 0.81GB/s L2 0.00GB/s L3 0.00GB/s
	Total MPI calls 2
	IO DATA: rchar 4608 wchar 8843 syscr 51 syscw 27 read_bytes 0 write_bytes 389120
	Process OS info: (pid 514408 state R utime 1092 stime 1 cutime 0 cstime 0 CPU usage 98)
	CPU temperature (celsius): socket 0: 64 socket 1: 70[0m
EAR[514408](hratio_l30) at 2.60/1.47 in tcn361 MR[0] elapsed 1852 sec.: [32mLoop time: 1.109s DC Power: [35m479.8W[32m DRAM power: 0.00W PCK power: 386.73W
	avg. CPUFreq: 2.57GHz avg. IMCFreq: 1.47GHz
	CPI: 0.517 VPI: 0.00, Mem. bwidth: 0.15GB/s GFLOPS: 0.00 I/O: 0.01MB/s No MPI  
	TPI 0.03 Cache miss rates: L1 0.82GB/s L2 0.00GB/s L3 0.00GB/s
	Total MPI calls 2
	IO DATA: rchar 4608 wchar 8843 syscr 51 syscw 27 read_bytes 0 write_bytes 303104
	Process OS info: (pid 514408 state R utime 1093 stime 0 cutime 0 cstime 0 CPU usage 98)
	CPU temperature (celsius): socket 0: 64 socket 1: 70[0m
EAR[514408](hratio_l30) at 2.60/1.47 in tcn361 MR[0] elapsed 1863 sec.: [32mLoop time: 1.109s DC Power: [35m479.7W[32m DRAM power: 0.00W PCK power: 386.58W
	avg. CPUFreq: 2.57GHz avg. IMCFreq: 1.47GHz
	CPI: 0.517 VPI: 0.00, Mem. bwidth: 0.15GB/s GFLOPS: 0.00 I/O: 0.01MB/s No MPI  
	TPI 0.03 Cache miss rates: L1 0.81GB/s L2 0.00GB/s L3 0.00GB/s
	Total MPI calls 2
	IO DATA: rchar 4608 wchar 8843 syscr 51 syscw 27 read_bytes 0 write_bytes 286720
	Process OS info: (pid 514408 state R utime 1093 stime 1 cutime 0 cstime 0 CPU usage 98)
	CPU temperature (celsius): socket 0: 63 socket 1: 70[0m
EAR[514408](hratio_l30) at 2.60/1.47 in tcn361 MR[0] elapsed 1875 sec.: [32mLoop time: 1.108s DC Power: [35m480.1W[32m DRAM power: 0.00W PCK power: 386.58W
	avg. CPUFreq: 2.57GHz avg. IMCFreq: 1.47GHz
	CPI: 0.518 VPI: 0.00, Mem. bwidth: 0.11GB/s GFLOPS: 0.00 I/O: 0.01MB/s No MPI  
	TPI 0.02 Cache miss rates: L1 0.81GB/s L2 0.00GB/s L3 0.00GB/s
	Total MPI calls 2
	IO DATA: rchar 4608 wchar 8843 syscr 51 syscw 27 read_bytes 0 write_bytes 294912
	Process OS info: (pid 514408 state R utime 1092 stime 1 cutime 0 cstime 0 CPU usage 98)
	CPU temperature (celsius): socket 0: 64 socket 1: 70[0m
EAR[514408](hratio_l30) at 2.60/1.47 in tcn361 MR[0] elapsed 1886 sec.: [32mLoop time: 1.108s DC Power: [35m480.1W[32m DRAM power: 0.00W PCK power: 386.69W
	avg. CPUFreq: 2.57GHz avg. IMCFreq: 1.47GHz
	CPI: 0.517 VPI: 0.00, Mem. bwidth: 0.14GB/s GFLOPS: 0.00 I/O: 0.01MB/s No MPI  
	TPI 0.03 Cache miss rates: L1 0.79GB/s L2 0.00GB/s L3 0.00GB/s
	Total MPI calls 2
	IO DATA: rchar 4608 wchar 8843 syscr 51 syscw 27 read_bytes 0 write_bytes 294912
	Process OS info: (pid 514408 state R utime 1092 stime 0 cutime 0 cstime 0 CPU usage 98)
	CPU temperature (celsius): socket 0: 64 socket 1: 69[0m
EAR[514408](hratio_l30) at 2.60/1.47 in tcn361 MR[0] elapsed 1897 sec.: [32mLoop time: 1.108s DC Power: [35m480.2W[32m DRAM power: 0.00W PCK power: 386.57W
	avg. CPUFreq: 2.57GHz avg. IMCFreq: 1.47GHz
	CPI: 0.517 VPI: 0.00, Mem. bwidth: 0.18GB/s GFLOPS: 0.00 I/O: 0.01MB/s No MPI  
	TPI 0.04 Cache miss rates: L1 0.77GB/s L2 0.00GB/s L3 0.00GB/s
	Total MPI calls 2
	IO DATA: rchar 4608 wchar 8843 syscr 51 syscw 27 read_bytes 0 write_bytes 294912
	Process OS info: (pid 514408 state R utime 1087 stime 1 cutime 0 cstime 0 CPU usage 98)
	CPU temperature (celsius): socket 0: 63 socket 1: 70[0m
EAR[514408](hratio_l30) at 2.60/1.47 in tcn361 MR[0] elapsed 1908 sec.: [32mLoop time: 1.108s DC Power: [35m432.1W[32m DRAM power: 0.00W PCK power: 386.73W
	avg. CPUFreq: 2.57GHz avg. IMCFreq: 1.47GHz
	CPI: 0.518 VPI: 0.00, Mem. bwidth: 0.37GB/s GFLOPS: 0.00 I/O: 0.01MB/s No MPI  
	TPI 0.08 Cache miss rates: L1 0.81GB/s L2 0.00GB/s L3 0.00GB/s
	Total MPI calls 2
	IO DATA: rchar 4608 wchar 8843 syscr 51 syscw 27 read_bytes 0 write_bytes 299008
	Process OS info: (pid 514408 state R utime 1079 stime 1 cutime 0 cstime 0 CPU usage 97)
	CPU temperature (celsius): socket 0: 64 socket 1: 70[0m
EAR[514408](hratio_l30) at 2.60/1.47 in tcn361 MR[0] elapsed 1919 sec.: [32mLoop time: 1.108s DC Power: [35m480.3W[32m DRAM power: 0.00W PCK power: 387.00W
	avg. CPUFreq: 2.57GHz avg. IMCFreq: 1.47GHz
	CPI: 0.518 VPI: 0.00, Mem. bwidth: 0.39GB/s GFLOPS: 0.00 I/O: 0.01MB/s No MPI  
	TPI 0.08 Cache miss rates: L1 0.79GB/s L2 0.00GB/s L3 0.00GB/s
	Total MPI calls 2
	IO DATA: rchar 4608 wchar 8843 syscr 51 syscw 27 read_bytes 0 write_bytes 294912
	Process OS info: (pid 514408 state R utime 1077 stime 0 cutime 0 cstime 0 CPU usage 97)
	CPU temperature (celsius): socket 0: 64 socket 1: 70[0m
EAR[514408](hratio_l30) at 2.60/1.47 in tcn361 MR[0] elapsed 1930 sec.: [32mLoop time: 1.108s DC Power: [35m432.2W[32m DRAM power: 0.00W PCK power: 386.77W
	avg. CPUFreq: 2.57GHz avg. IMCFreq: 1.47GHz
	CPI: 0.518 VPI: 0.00, Mem. bwidth: 0.27GB/s GFLOPS: 0.00 I/O: 0.01MB/s No MPI  
	TPI 0.06 Cache miss rates: L1 0.80GB/s L2 0.00GB/s L3 0.00GB/s
	Total MPI calls 2
	IO DATA: rchar 4608 wchar 8843 syscr 51 syscw 27 read_bytes 0 write_bytes 303104
	Process OS info: (pid 514408 state R utime 1079 stime 1 cutime 0 cstime 0 CPU usage 97)
	CPU temperature (celsius): socket 0: 64 socket 1: 70[0m
EAR[514408](hratio_l30) at 2.60/1.47 in tcn361 MR[0] elapsed 1941 sec.: [32mLoop time: 1.108s DC Power: [35m480.2W[32m DRAM power: 0.00W PCK power: 387.10W
	avg. CPUFreq: 2.57GHz avg. IMCFreq: 1.47GHz
	CPI: 0.518 VPI: 0.00, Mem. bwidth: 0.46GB/s GFLOPS: 0.00 I/O: 0.01MB/s No MPI  
	TPI 0.10 Cache miss rates: L1 0.81GB/s L2 0.00GB/s L3 0.00GB/s
	Total MPI calls 2
	IO DATA: rchar 4608 wchar 8843 syscr 51 syscw 27 read_bytes 0 write_bytes 299008
	Process OS info: (pid 514408 state R utime 1084 stime 1 cutime 0 cstime 0 CPU usage 97)
	CPU temperature (celsius): socket 0: 64 socket 1: 70[0m
EAR[514408](hratio_l30) at 2.60/1.47 in tcn361 MR[0] elapsed 1952 sec.: [32mLoop time: 1.108s DC Power: [35m480.3W[32m DRAM power: 0.00W PCK power: 386.65W
	avg. CPUFreq: 2.57GHz avg. IMCFreq: 1.47GHz
	CPI: 0.518 VPI: 0.00, Mem. bwidth: 0.13GB/s GFLOPS: 0.00 I/O: 0.01MB/s No MPI  
	TPI 0.03 Cache miss rates: L1 0.82GB/s L2 0.00GB/s L3 0.00GB/s
	Total MPI calls 2
	IO DATA: rchar 4608 wchar 8843 syscr 51 syscw 27 read_bytes 0 write_bytes 303104
	Process OS info: (pid 514408 state R utime 1085 stime 1 cutime 0 cstime 0 CPU usage 98)
	CPU temperature (celsius): socket 0: 64 socket 1: 70[0m
EAR[514408](hratio_l30) at 2.60/1.47 in tcn361 MR[0] elapsed 1963 sec.: [32mLoop time: 1.107s DC Power: [35m432.4W[32m DRAM power: 0.00W PCK power: 386.73W
	avg. CPUFreq: 2.57GHz avg. IMCFreq: 1.47GHz
	CPI: 0.518 VPI: 0.00, Mem. bwidth: 0.12GB/s GFLOPS: 0.00 I/O: 0.01MB/s No MPI  
	TPI 0.02 Cache miss rates: L1 0.79GB/s L2 0.00GB/s L3 0.00GB/s
	Total MPI calls 2
	IO DATA: rchar 4608 wchar 8843 syscr 51 syscw 27 read_bytes 0 write_bytes 303104
	Process OS info: (pid 514408 state R utime 1092 stime 0 cutime 0 cstime 0 CPU usage 98)
	CPU temperature (celsius): socket 0: 63 socket 1: 70[0m
EAR[514408](hratio_l30) at 2.60/1.47 in tcn361 MR[0] elapsed 1974 sec.: [32mLoop time: 1.108s DC Power: [35m480.3W[32m DRAM power: 0.00W PCK power: 386.81W
	avg. CPUFreq: 2.57GHz avg. IMCFreq: 1.47GHz
	CPI: 0.518 VPI: 0.00, Mem. bwidth: 0.14GB/s GFLOPS: 0.00 I/O: 0.01MB/s No MPI  
	TPI 0.03 Cache miss rates: L1 0.81GB/s L2 0.00GB/s L3 0.00GB/s
	Total MPI calls 2
	IO DATA: rchar 4608 wchar 8843 syscr 51 syscw 27 read_bytes 0 write_bytes 356352
	Process OS info: (pid 514408 state R utime 1092 stime 1 cutime 0 cstime 0 CPU usage 98)
	CPU temperature (celsius): socket 0: 64 socket 1: 70[0m
EAR[514408](hratio_l30) at 2.60/1.47 in tcn361 MR[0] elapsed 1985 sec.: [32mLoop time: 1.108s DC Power: [35m480.1W[32m DRAM power: 0.00W PCK power: 386.60W
	avg. CPUFreq: 2.57GHz avg. IMCFreq: 1.47GHz
	CPI: 0.518 VPI: 0.00, Mem. bwidth: 0.11GB/s GFLOPS: 0.00 I/O: 0.01MB/s No MPI  
	TPI 0.02 Cache miss rates: L1 0.80GB/s L2 0.00GB/s L3 0.00GB/s
	Total MPI calls 2
	IO DATA: rchar 4608 wchar 8843 syscr 51 syscw 27 read_bytes 0 write_bytes 294912
	Process OS info: (pid 514408 state R utime 1086 stime 0 cutime 0 cstime 0 CPU usage 98)
	CPU temperature (celsius): socket 0: 64 socket 1: 70[0m
EAR[514408](hratio_l30) at 2.60/1.47 in tcn361 MR[0] elapsed 1996 sec.: [32mLoop time: 1.107s DC Power: [35m480.5W[32m DRAM power: 0.00W PCK power: 386.58W
	avg. CPUFreq: 2.57GHz avg. IMCFreq: 1.47GHz
	CPI: 0.518 VPI: 0.00, Mem. bwidth: 0.12GB/s GFLOPS: 0.00 I/O: 0.01MB/s No MPI  
	TPI 0.02 Cache miss rates: L1 0.81GB/s L2 0.00GB/s L3 0.00GB/s
	Total MPI calls 2
	IO DATA: rchar 4608 wchar 8843 syscr 51 syscw 27 read_bytes 0 write_bytes 303104
	Process OS info: (pid 514408 state R utime 1090 stime 1 cutime 0 cstime 0 CPU usage 98)
	CPU temperature (celsius): socket 0: 64 socket 1: 70[0m
EAR[514408](hratio_l30) at 2.60/1.47 in tcn361 MR[0] elapsed 2007 sec.: [32mLoop time: 1.107s DC Power: [35m480.4W[32m DRAM power: 0.00W PCK power: 386.71W
	avg. CPUFreq: 2.57GHz avg. IMCFreq: 1.47GHz
	CPI: 0.518 VPI: 0.00, Mem. bwidth: 0.16GB/s GFLOPS: 0.00 I/O: 0.01MB/s No MPI  
	TPI 0.03 Cache miss rates: L1 0.82GB/s L2 0.00GB/s L3 0.00GB/s
	Total MPI calls 2
	IO DATA: rchar 4608 wchar 8843 syscr 51 syscw 27 read_bytes 0 write_bytes 311296
	Process OS info: (pid 514408 state R utime 1091 stime 1 cutime 0 cstime 0 CPU usage 98)
	CPU temperature (celsius): socket 0: 64 socket 1: 70[0m
EAR[514408](hratio_l30) at 2.60/1.47 in tcn361 MR[0] elapsed 2019 sec.: [32mLoop time: 1.107s DC Power: [35m432.4W[32m DRAM power: 0.00W PCK power: 386.64W
	avg. CPUFreq: 2.57GHz avg. IMCFreq: 1.47GHz
	CPI: 0.517 VPI: 0.00, Mem. bwidth: 0.12GB/s GFLOPS: 0.00 I/O: 0.01MB/s No MPI  
	TPI 0.02 Cache miss rates: L1 0.81GB/s L2 0.00GB/s L3 0.00GB/s
	Total MPI calls 2
	IO DATA: rchar 4608 wchar 8843 syscr 51 syscw 27 read_bytes 0 write_bytes 299008
	Process OS info: (pid 514408 state R utime 1091 stime 0 cutime 0 cstime 0 CPU usage 98)
	CPU temperature (celsius): socket 0: 64 socket 1: 70[0m
EAR[514408](hratio_l30) at 2.60/1.47 in tcn361 MR[0] elapsed 2030 sec.: [32mLoop time: 1.108s DC Power: [35m432.2W[32m DRAM power: 0.00W PCK power: 386.68W
	avg. CPUFreq: 2.57GHz avg. IMCFreq: 1.47GHz
	CPI: 0.517 VPI: 0.00, Mem. bwidth: 0.13GB/s GFLOPS: 0.00 I/O: 0.01MB/s No MPI  
	TPI 0.03 Cache miss rates: L1 0.78GB/s L2 0.00GB/s L3 0.00GB/s
	Total MPI calls 2
	IO DATA: rchar 4608 wchar 8843 syscr 51 syscw 27 read_bytes 0 write_bytes 294912
	Process OS info: (pid 514408 state R utime 1091 stime 1 cutime 0 cstime 0 CPU usage 98)
	CPU temperature (celsius): socket 0: 63 socket 1: 70[0m
EAR[514408](hratio_l30) at 2.60/1.47 in tcn361 MR[0] elapsed 2041 sec.: [32mLoop time: 1.108s DC Power: [35m480.2W[32m DRAM power: 0.00W PCK power: 386.73W
	avg. CPUFreq: 2.57GHz avg. IMCFreq: 1.47GHz
	CPI: 0.518 VPI: 0.00, Mem. bwidth: 0.15GB/s GFLOPS: 0.00 I/O: 0.01MB/s No MPI  
	TPI 0.03 Cache miss rates: L1 0.79GB/s L2 0.00GB/s L3 0.00GB/s
	Total MPI calls 2
	IO DATA: rchar 4608 wchar 8843 syscr 51 syscw 27 read_bytes 0 write_bytes 294912
	Process OS info: (pid 514408 state R utime 1091 stime 1 cutime 0 cstime 0 CPU usage 98)
	CPU temperature (celsius): socket 0: 63 socket 1: 70[0m
EAR[514408](hratio_l30) at 2.60/1.47 in tcn361 MR[0] elapsed 2052 sec.: [32mLoop time: 1.108s DC Power: [35m480.3W[32m DRAM power: 0.00W PCK power: 386.57W
	avg. CPUFreq: 2.57GHz avg. IMCFreq: 1.47GHz
	CPI: 0.517 VPI: 0.00, Mem. bwidth: 0.13GB/s GFLOPS: 0.00 I/O: 0.01MB/s No MPI  
	TPI 0.03 Cache miss rates: L1 0.78GB/s L2 0.00GB/s L3 0.00GB/s
	Total MPI calls 2
	IO DATA: rchar 4608 wchar 8843 syscr 51 syscw 27 read_bytes 0 write_bytes 299008
	Process OS info: (pid 514408 state R utime 1092 stime 0 cutime 0 cstime 0 CPU usage 98)
	CPU temperature (celsius): socket 0: 63 socket 1: 70[0m
EAR[514408](hratio_l30) at 2.60/1.47 in tcn361 MR[0] elapsed 2063 sec.: [32mLoop time: 1.107s DC Power: [35m480.4W[32m DRAM power: 0.00W PCK power: 386.72W
	avg. CPUFreq: 2.57GHz avg. IMCFreq: 1.47GHz
	CPI: 0.517 VPI: 0.00, Mem. bwidth: 0.15GB/s GFLOPS: 0.00 I/O: 0.01MB/s No MPI  
	TPI 0.03 Cache miss rates: L1 0.77GB/s L2 0.00GB/s L3 0.00GB/s
	Total MPI calls 2
	IO DATA: rchar 4608 wchar 8843 syscr 51 syscw 27 read_bytes 0 write_bytes 299008
	Process OS info: (pid 514408 state R utime 1091 stime 1 cutime 0 cstime 0 CPU usage 98)
	CPU temperature (celsius): socket 0: 64 socket 1: 70[0m
EAR[514408](hratio_l30) at 2.60/1.47 in tcn361 MR[0] elapsed 2074 sec.: [32mLoop time: 1.108s DC Power: [35m480.2W[32m DRAM power: 0.00W PCK power: 386.63W
	avg. CPUFreq: 2.57GHz avg. IMCFreq: 1.47GHz
	CPI: 0.517 VPI: 0.00, Mem. bwidth: 0.13GB/s GFLOPS: 0.00 I/O: 0.01MB/s No MPI  
	TPI 0.03 Cache miss rates: L1 0.75GB/s L2 0.00GB/s L3 0.00GB/s
	Total MPI calls 2
	IO DATA: rchar 4608 wchar 8843 syscr 51 syscw 27 read_bytes 0 write_bytes 299008
	Process OS info: (pid 514408 state R utime 1085 stime 1 cutime 0 cstime 0 CPU usage 98)
	CPU temperature (celsius): socket 0: 63 socket 1: 70[0m
EAR[514408](hratio_l30) at 2.60/1.47 in tcn361 MR[0] elapsed 2085 sec.: [32mLoop time: 1.108s DC Power: [35m432.3W[32m DRAM power: 0.00W PCK power: 386.55W
	avg. CPUFreq: 2.57GHz avg. IMCFreq: 1.47GHz
	CPI: 0.518 VPI: 0.00, Mem. bwidth: 0.12GB/s GFLOPS: 0.00 I/O: 0.01MB/s No MPI  
	TPI 0.03 Cache miss rates: L1 0.76GB/s L2 0.00GB/s L3 0.00GB/s
	Total MPI calls 2
	IO DATA: rchar 4608 wchar 8843 syscr 51 syscw 27 read_bytes 0 write_bytes 303104
	Process OS info: (pid 514408 state R utime 1091 stime 1 cutime 0 cstime 0 CPU usage 98)
	CPU temperature (celsius): socket 0: 64 socket 1: 70[0m
EAR[514408](hratio_l30) at 2.60/1.47 in tcn361 MR[0] elapsed 2096 sec.: [32mLoop time: 1.108s DC Power: [35m480.3W[32m DRAM power: 0.00W PCK power: 386.67W
	avg. CPUFreq: 2.57GHz avg. IMCFreq: 1.47GHz
	CPI: 0.517 VPI: 0.00, Mem. bwidth: 0.18GB/s GFLOPS: 0.00 I/O: 0.01MB/s No MPI  
	TPI 0.04 Cache miss rates: L1 0.76GB/s L2 0.00GB/s L3 0.00GB/s
	Total MPI calls 2
	IO DATA: rchar 4608 wchar 8843 syscr 51 syscw 27 read_bytes 0 write_bytes 442368
	Process OS info: (pid 514408 state R utime 1085 stime 0 cutime 0 cstime 0 CPU usage 97)
	CPU temperature (celsius): socket 0: 63 socket 1: 70[0m
EAR[514408](hratio_l30) at 2.60/1.47 in tcn361 MR[0] elapsed 2107 sec.: [32mLoop time: 1.108s DC Power: [35m432.2W[32m DRAM power: 0.00W PCK power: 386.59W
	avg. CPUFreq: 2.57GHz avg. IMCFreq: 1.47GHz
	CPI: 0.517 VPI: 0.00, Mem. bwidth: 0.12GB/s GFLOPS: 0.00 I/O: 0.01MB/s No MPI  
	TPI 0.02 Cache miss rates: L1 0.74GB/s L2 0.00GB/s L3 0.00GB/s
	Total MPI calls 2
	IO DATA: rchar 4608 wchar 8843 syscr 51 syscw 27 read_bytes 0 write_bytes 425984
	Process OS info: (pid 514408 state R utime 1092 stime 1 cutime 0 cstime 0 CPU usage 98)
	CPU temperature (celsius): socket 0: 64 socket 1: 70[0m
EAR[514408](hratio_l30) at 2.60/1.47 in tcn361 MR[0] elapsed 2118 sec.: [32mLoop time: 1.108s DC Power: [35m480.2W[32m DRAM power: 0.00W PCK power: 386.71W
	avg. CPUFreq: 2.57GHz avg. IMCFreq: 1.47GHz
	CPI: 0.517 VPI: 0.00, Mem. bwidth: 0.13GB/s GFLOPS: 0.00 I/O: 0.01MB/s No MPI  
	TPI 0.03 Cache miss rates: L1 0.73GB/s L2 0.00GB/s L3 0.00GB/s
	Total MPI calls 2
	IO DATA: rchar 4608 wchar 8843 syscr 51 syscw 27 read_bytes 0 write_bytes 303104
	Process OS info: (pid 514408 state R utime 1091 stime 0 cutime 0 cstime 0 CPU usage 98)
	CPU temperature (celsius): socket 0: 64 socket 1: 70[0m
EAR[514408](hratio_l30) at 2.60/1.47 in tcn361 MR[0] elapsed 2129 sec.: [32mLoop time: 1.107s DC Power: [35m480.4W[32m DRAM power: 0.00W PCK power: 386.91W
	avg. CPUFreq: 2.57GHz avg. IMCFreq: 1.47GHz
	CPI: 0.517 VPI: 0.00, Mem. bwidth: 0.16GB/s GFLOPS: 0.00 I/O: 0.01MB/s No MPI  
	TPI 0.03 Cache miss rates: L1 0.76GB/s L2 0.00GB/s L3 0.00GB/s
	Total MPI calls 2
	IO DATA: rchar 4608 wchar 8843 syscr 51 syscw 27 read_bytes 0 write_bytes 303104
	Process OS info: (pid 514408 state R utime 1085 stime 1 cutime 0 cstime 0 CPU usage 98)
	CPU temperature (celsius): socket 0: 64 socket 1: 70[0m
EAR[514408](hratio_l30) at 2.60/1.47 in tcn361 MR[0] elapsed 2140 sec.: [32mLoop time: 1.107s DC Power: [35m480.4W[32m DRAM power: 0.00W PCK power: 386.62W
	avg. CPUFreq: 2.57GHz avg. IMCFreq: 1.47GHz
	CPI: 0.517 VPI: 0.00, Mem. bwidth: 0.12GB/s GFLOPS: 0.00 I/O: 0.01MB/s No MPI  
	TPI 0.03 Cache miss rates: L1 0.76GB/s L2 0.00GB/s L3 0.00GB/s
	Total MPI calls 2
	IO DATA: rchar 4608 wchar 8843 syscr 51 syscw 27 read_bytes 0 write_bytes 303104
	Process OS info: (pid 514408 state R utime 1090 stime 1 cutime 0 cstime 0 CPU usage 98)
	CPU temperature (celsius): socket 0: 64 socket 1: 70[0m
EAR[514408](hratio_l30) at 2.60/1.47 in tcn361 MR[0] elapsed 2151 sec.: [32mLoop time: 1.108s DC Power: [35m480.3W[32m DRAM power: 0.00W PCK power: 386.84W
	avg. CPUFreq: 2.57GHz avg. IMCFreq: 1.47GHz
	CPI: 0.517 VPI: 0.00, Mem. bwidth: 0.14GB/s GFLOPS: 0.00 I/O: 0.01MB/s No MPI  
	TPI 0.03 Cache miss rates: L1 0.78GB/s L2 0.00GB/s L3 0.00GB/s
	Total MPI calls 2
	IO DATA: rchar 4608 wchar 8843 syscr 51 syscw 27 read_bytes 0 write_bytes 294912
	Process OS info: (pid 514408 state R utime 1092 stime 1 cutime 0 cstime 0 CPU usage 98)
	CPU temperature (celsius): socket 0: 64 socket 1: 70[0m
EAR[514408](hratio_l30) at 2.60/1.47 in tcn361 MR[0] elapsed 2163 sec.: [32mLoop time: 1.108s DC Power: [35m480.3W[32m DRAM power: 0.00W PCK power: 386.62W
	avg. CPUFreq: 2.57GHz avg. IMCFreq: 1.47GHz
	CPI: 0.517 VPI: 0.00, Mem. bwidth: 0.11GB/s GFLOPS: 0.00 I/O: 0.01MB/s No MPI  
	TPI 0.02 Cache miss rates: L1 0.74GB/s L2 0.00GB/s L3 0.00GB/s
	Total MPI calls 2
	IO DATA: rchar 4608 wchar 8843 syscr 51 syscw 27 read_bytes 0 write_bytes 294912
	Process OS info: (pid 514408 state R utime 1085 stime 0 cutime 0 cstime 0 CPU usage 97)
	CPU temperature (celsius): socket 0: 64 socket 1: 70[0m
EAR[514408](hratio_l30) at 2.60/1.47 in tcn361 MR[0] elapsed 2174 sec.: [32mLoop time: 1.108s DC Power: [35m480.3W[32m DRAM power: 0.00W PCK power: 387.01W
	avg. CPUFreq: 2.57GHz avg. IMCFreq: 1.47GHz
	CPI: 0.516 VPI: 0.00, Mem. bwidth: 0.12GB/s GFLOPS: 0.00 I/O: 0.01MB/s No MPI  
	TPI 0.02 Cache miss rates: L1 0.74GB/s L2 0.00GB/s L3 0.00GB/s
	Total MPI calls 2
	IO DATA: rchar 4608 wchar 8843 syscr 51 syscw 27 read_bytes 0 write_bytes 294912
	Process OS info: (pid 514408 state R utime 1092 stime 1 cutime 0 cstime 0 CPU usage 98)
	CPU temperature (celsius): socket 0: 64 socket 1: 70[0m
EAR[514408](hratio_l30) at 2.60/1.47 in tcn361 MR[0] elapsed 2185 sec.: [32mLoop time: 1.107s DC Power: [35m480.5W[32m DRAM power: 0.00W PCK power: 387.21W
	avg. CPUFreq: 2.57GHz avg. IMCFreq: 1.47GHz
	CPI: 0.515 VPI: 0.00, Mem. bwidth: 0.14GB/s GFLOPS: 0.00 I/O: 0.01MB/s No MPI  
	TPI 0.03 Cache miss rates: L1 0.69GB/s L2 0.00GB/s L3 0.00GB/s
	Total MPI calls 2
	IO DATA: rchar 4608 wchar 8985 syscr 51 syscw 57 read_bytes 0 write_bytes 294912
	Process OS info: (pid 514408 state R utime 1091 stime 1 cutime 0 cstime 0 CPU usage 98)
	CPU temperature (celsius): socket 0: 64 socket 1: 70[0m
EAR[514408](hratio_l30) at 2.60/1.47 in tcn361 MR[0] elapsed 2196 sec.: [32mLoop time: 1.107s DC Power: [35m432.4W[32m DRAM power: 0.00W PCK power: 387.04W
	avg. CPUFreq: 2.57GHz avg. IMCFreq: 1.47GHz
	CPI: 0.515 VPI: 0.00, Mem. bwidth: 0.12GB/s GFLOPS: 0.00 I/O: 0.01MB/s No MPI  
	TPI 0.03 Cache miss rates: L1 0.67GB/s L2 0.00GB/s L3 0.00GB/s
	Total MPI calls 2
	IO DATA: rchar 4608 wchar 8843 syscr 51 syscw 27 read_bytes 0 write_bytes 294912
	Process OS info: (pid 514408 state R utime 1091 stime 0 cutime 0 cstime 0 CPU usage 98)
	CPU temperature (celsius): socket 0: 63 socket 1: 70[0m
EAR[514408](hratio_l30) at 2.60/1.47 in tcn361 MR[0] elapsed 2207 sec.: [32mLoop time: 1.108s DC Power: [35m432.3W[32m DRAM power: 0.00W PCK power: 387.03W
	avg. CPUFreq: 2.57GHz avg. IMCFreq: 1.47GHz
	CPI: 0.516 VPI: 0.00, Mem. bwidth: 0.14GB/s GFLOPS: 0.00 I/O: 0.01MB/s No MPI  
	TPI 0.03 Cache miss rates: L1 0.67GB/s L2 0.00GB/s L3 0.00GB/s
	Total MPI calls 2
	IO DATA: rchar 4608 wchar 8843 syscr 51 syscw 27 read_bytes 0 write_bytes 303104
	Process OS info: (pid 514408 state R utime 1091 stime 1 cutime 0 cstime 0 CPU usage 98)
	CPU temperature (celsius): socket 0: 63 socket 1: 69[0m
EAR[514408](hratio_l30) at 2.60/1.47 in tcn361 MR[0] elapsed 2218 sec.: [32mLoop time: 1.109s DC Power: [35m479.8W[32m DRAM power: 0.00W PCK power: 387.22W
	avg. CPUFreq: 2.57GHz avg. IMCFreq: 1.47GHz
	CPI: 0.515 VPI: 0.00, Mem. bwidth: 0.15GB/s GFLOPS: 0.00 I/O: 0.01MB/s No MPI  
	TPI 0.03 Cache miss rates: L1 0.70GB/s L2 0.00GB/s L3 0.00GB/s
	Total MPI calls 2
	IO DATA: rchar 4608 wchar 8843 syscr 51 syscw 27 read_bytes 0 write_bytes 294912
	Process OS info: (pid 514408 state R utime 1087 stime 1 cutime 0 cstime 0 CPU usage 98)
	CPU temperature (celsius): socket 0: 64 socket 1: 70[0m
EAR[514408](hratio_l30) at 2.60/1.47 in tcn361 MR[0] elapsed 2229 sec.: [32mLoop time: 1.107s DC Power: [35m480.4W[32m DRAM power: 0.00W PCK power: 387.12W
	avg. CPUFreq: 2.57GHz avg. IMCFreq: 1.47GHz
	CPI: 0.515 VPI: 0.00, Mem. bwidth: 0.11GB/s GFLOPS: 0.00 I/O: 0.01MB/s No MPI  
	TPI 0.02 Cache miss rates: L1 0.71GB/s L2 0.00GB/s L3 0.00GB/s
	Total MPI calls 2
	IO DATA: rchar 4608 wchar 8843 syscr 51 syscw 27 read_bytes 0 write_bytes 303104
	Process OS info: (pid 514408 state R utime 1090 stime 0 cutime 0 cstime 0 CPU usage 98)
	CPU temperature (celsius): socket 0: 63 socket 1: 70[0m
EAR[514408](hratio_l30) at 2.60/1.47 in tcn361 MR[0] elapsed 2240 sec.: [32mLoop time: 1.113s DC Power: [35m477.8W[32m DRAM power: 0.00W PCK power: 387.07W
	avg. CPUFreq: 2.57GHz avg. IMCFreq: 1.47GHz
	CPI: 0.515 VPI: 0.00, Mem. bwidth: 0.11GB/s GFLOPS: 0.00 I/O: 0.01MB/s No MPI  
	TPI 0.02 Cache miss rates: L1 0.70GB/s L2 0.00GB/s L3 0.00GB/s
	Total MPI calls 2
	IO DATA: rchar 4608 wchar 8843 syscr 51 syscw 27 read_bytes 0 write_bytes 303104
	Process OS info: (pid 514408 state R utime 1079 stime 1 cutime 0 cstime 0 CPU usage 97)
	CPU temperature (celsius): socket 0: 64 socket 1: 70[0m
EAR[514408](hratio_l30) at 2.60/1.47 in tcn361 MR[0] elapsed 2251 sec.: [32mLoop time: 1.107s DC Power: [35m432.5W[32m DRAM power: 0.00W PCK power: 387.15W
	avg. CPUFreq: 2.57GHz avg. IMCFreq: 1.47GHz
	CPI: 0.516 VPI: 0.00, Mem. bwidth: 0.14GB/s GFLOPS: 0.00 I/O: 0.01MB/s No MPI  
	TPI 0.03 Cache miss rates: L1 0.71GB/s L2 0.00GB/s L3 0.00GB/s
	Total MPI calls 2
	IO DATA: rchar 4608 wchar 8843 syscr 51 syscw 27 read_bytes 0 write_bytes 299008
	Process OS info: (pid 514408 state R utime 1083 stime 1 cutime 0 cstime 0 CPU usage 97)
	CPU temperature (celsius): socket 0: 64 socket 1: 70[0m
EAR[514408](hratio_l30) at 2.60/1.47 in tcn361 MR[0] elapsed 2262 sec.: [32mLoop time: 1.108s DC Power: [35m432.3W[32m DRAM power: 0.00W PCK power: 387.00W
	avg. CPUFreq: 2.57GHz avg. IMCFreq: 1.47GHz
	CPI: 0.515 VPI: 0.00, Mem. bwidth: 0.11GB/s GFLOPS: 0.00 I/O: 0.01MB/s No MPI  
	TPI 0.02 Cache miss rates: L1 0.74GB/s L2 0.00GB/s L3 0.00GB/s
	Total MPI calls 2
	IO DATA: rchar 4608 wchar 8843 syscr 51 syscw 27 read_bytes 0 write_bytes 294912
	Process OS info: (pid 514408 state R utime 1091 stime 1 cutime 0 cstime 0 CPU usage 98)
	CPU temperature (celsius): socket 0: 64 socket 1: 70[0m
EAR[514408](hratio_l30) at 2.60/1.47 in tcn361 MR[0] elapsed 2273 sec.: [32mLoop time: 1.107s DC Power: [35m480.6W[32m DRAM power: 0.00W PCK power: 387.02W
	avg. CPUFreq: 2.57GHz avg. IMCFreq: 1.47GHz
	CPI: 0.516 VPI: 0.00, Mem. bwidth: 0.15GB/s GFLOPS: 0.00 I/O: 0.01MB/s No MPI  
	TPI 0.03 Cache miss rates: L1 0.72GB/s L2 0.00GB/s L3 0.00GB/s
	Total MPI calls 2
	IO DATA: rchar 4608 wchar 8843 syscr 51 syscw 27 read_bytes 0 write_bytes 299008
	Process OS info: (pid 514408 state R utime 1091 stime 0 cutime 0 cstime 0 CPU usage 98)
	CPU temperature (celsius): socket 0: 64 socket 1: 70[0m
EAR[514408](hratio_l30) at 2.60/1.47 in tcn361 MR[0] elapsed 2284 sec.: [32mLoop time: 1.108s DC Power: [35m480.2W[32m DRAM power: 0.00W PCK power: 386.97W
	avg. CPUFreq: 2.57GHz avg. IMCFreq: 1.47GHz
	CPI: 0.515 VPI: 0.00, Mem. bwidth: 0.11GB/s GFLOPS: 0.00 I/O: 0.01MB/s No MPI  
	TPI 0.02 Cache miss rates: L1 0.77GB/s L2 0.00GB/s L3 0.00GB/s
	Total MPI calls 2
	IO DATA: rchar 4608 wchar 8843 syscr 51 syscw 27 read_bytes 0 write_bytes 364544
	Process OS info: (pid 514408 state R utime 1091 stime 1 cutime 0 cstime 0 CPU usage 98)
	CPU temperature (celsius): socket 0: 64 socket 1: 70[0m
EAR[514408](hratio_l30) at 2.60/1.47 in tcn361 MR[0] elapsed 2296 sec.: [32mLoop time: 1.108s DC Power: [35m432.2W[32m DRAM power: 0.00W PCK power: 387.13W
	avg. CPUFreq: 2.57GHz avg. IMCFreq: 1.47GHz
	CPI: 0.515 VPI: 0.00, Mem. bwidth: 0.12GB/s GFLOPS: 0.00 I/O: 0.01MB/s No MPI  
	TPI 0.02 Cache miss rates: L1 0.75GB/s L2 0.00GB/s L3 0.00GB/s
	Total MPI calls 2
	IO DATA: rchar 4608 wchar 8843 syscr 51 syscw 27 read_bytes 0 write_bytes 307200
	Process OS info: (pid 514408 state R utime 1092 stime 1 cutime 0 cstime 0 CPU usage 98)
	CPU temperature (celsius): socket 0: 64 socket 1: 70[0m
EAR[514408](hratio_l30) at 2.60/1.47 in tcn361 MR[0] elapsed 2307 sec.: [32mLoop time: 1.108s DC Power: [35m480.3W[32m DRAM power: 0.00W PCK power: 387.25W
	avg. CPUFreq: 2.57GHz avg. IMCFreq: 1.47GHz
	CPI: 0.515 VPI: 0.00, Mem. bwidth: 0.15GB/s GFLOPS: 0.00 I/O: 0.01MB/s No MPI  
	TPI 0.03 Cache miss rates: L1 0.74GB/s L2 0.00GB/s L3 0.00GB/s
	Total MPI calls 2
	IO DATA: rchar 4608 wchar 8843 syscr 51 syscw 27 read_bytes 0 write_bytes 294912
	Process OS info: (pid 514408 state R utime 1085 stime 0 cutime 0 cstime 0 CPU usage 97)
	CPU temperature (celsius): socket 0: 64 socket 1: 70[0m
EAR[514408](hratio_l30) at 2.60/1.47 in tcn361 MR[0] elapsed 2318 sec.: [32mLoop time: 1.108s DC Power: [35m480.5W[32m DRAM power: 0.00W PCK power: 387.16W
	avg. CPUFreq: 2.57GHz avg. IMCFreq: 1.47GHz
	CPI: 0.515 VPI: 0.00, Mem. bwidth: 0.12GB/s GFLOPS: 0.00 I/O: 0.01MB/s No MPI  
	TPI 0.02 Cache miss rates: L1 0.74GB/s L2 0.00GB/s L3 0.00GB/s
	Total MPI calls 2
	IO DATA: rchar 4608 wchar 8843 syscr 51 syscw 27 read_bytes 0 write_bytes 290816
	Process OS info: (pid 514408 state R utime 1091 stime 1 cutime 0 cstime 0 CPU usage 98)
	CPU temperature (celsius): socket 0: 64 socket 1: 70[0m
EAR[514408](hratio_l30) at 2.60/1.47 in tcn361 MR[0] elapsed 2329 sec.: [32mLoop time: 1.108s DC Power: [35m432.2W[32m DRAM power: 0.00W PCK power: 387.01W
	avg. CPUFreq: 2.57GHz avg. IMCFreq: 1.47GHz
	CPI: 0.516 VPI: 0.00, Mem. bwidth: 0.12GB/s GFLOPS: 0.00 I/O: 0.01MB/s No MPI  
	TPI 0.02 Cache miss rates: L1 0.74GB/s L2 0.00GB/s L3 0.00GB/s
	Total MPI calls 2
	IO DATA: rchar 4608 wchar 8843 syscr 51 syscw 27 read_bytes 0 write_bytes 294912
	Process OS info: (pid 514408 state R utime 1091 stime 1 cutime 0 cstime 0 CPU usage 98)
	CPU temperature (celsius): socket 0: 64 socket 1: 70[0m
EAR[514408](hratio_l30) at 2.60/1.47 in tcn361 MR[0] elapsed 2340 sec.: [32mLoop time: 1.108s DC Power: [35m432.3W[32m DRAM power: 0.00W PCK power: 387.18W
	avg. CPUFreq: 2.57GHz avg. IMCFreq: 1.47GHz
	CPI: 0.515 VPI: 0.00, Mem. bwidth: 0.18GB/s GFLOPS: 0.00 I/O: 0.01MB/s No MPI  
	TPI 0.04 Cache miss rates: L1 0.75GB/s L2 0.00GB/s L3 0.00GB/s
	Total MPI calls 2
	IO DATA: rchar 4608 wchar 8843 syscr 51 syscw 27 read_bytes 0 write_bytes 299008
	Process OS info: (pid 514408 state R utime 1091 stime 0 cutime 0 cstime 0 CPU usage 98)
	CPU temperature (celsius): socket 0: 64 socket 1: 70[0m
EAR[514408](hratio_l30) at 2.60/1.47 in tcn361 MR[0] elapsed 2351 sec.: [32mLoop time: 1.108s DC Power: [35m480.3W[32m DRAM power: 0.00W PCK power: 387.11W
	avg. CPUFreq: 2.57GHz avg. IMCFreq: 1.47GHz
	CPI: 0.515 VPI: 0.00, Mem. bwidth: 0.12GB/s GFLOPS: 0.00 I/O: 0.01MB/s No MPI  
	TPI 0.02 Cache miss rates: L1 0.75GB/s L2 0.00GB/s L3 0.00GB/s
	Total MPI calls 2
	IO DATA: rchar 4608 wchar 8843 syscr 51 syscw 27 read_bytes 0 write_bytes 294912
	Process OS info: (pid 514408 state R utime 1091 stime 1 cutime 0 cstime 0 CPU usage 98)
	CPU temperature (celsius): socket 0: 64 socket 1: 70[0m
EAR[514408](hratio_l30) at 2.60/1.47 in tcn361 MR[0] elapsed 2362 sec.: [32mLoop time: 1.108s DC Power: [35m480.3W[32m DRAM power: 0.00W PCK power: 387.18W
	avg. CPUFreq: 2.57GHz avg. IMCFreq: 1.47GHz
	CPI: 0.515 VPI: 0.00, Mem. bwidth: 0.14GB/s GFLOPS: 0.00 I/O: 0.01MB/s No MPI  
	TPI 0.03 Cache miss rates: L1 0.73GB/s L2 0.00GB/s L3 0.00GB/s
	Total MPI calls 2
	IO DATA: rchar 4608 wchar 8843 syscr 51 syscw 27 read_bytes 0 write_bytes 299008
	Process OS info: (pid 514408 state R utime 1090 stime 1 cutime 0 cstime 0 CPU usage 98)
	CPU temperature (celsius): socket 0: 64 socket 1: 70[0m
EAR[514408](hratio_l30) at 2.60/1.47 in tcn361 MR[0] elapsed 2373 sec.: [32mLoop time: 1.107s DC Power: [35m480.4W[32m DRAM power: 0.00W PCK power: 387.01W
	avg. CPUFreq: 2.57GHz avg. IMCFreq: 1.47GHz
	CPI: 0.515 VPI: 0.00, Mem. bwidth: 0.12GB/s GFLOPS: 0.00 I/O: 0.01MB/s No MPI  
	TPI 0.02 Cache miss rates: L1 0.71GB/s L2 0.00GB/s L3 0.00GB/s
	Total MPI calls 2
	IO DATA: rchar 4608 wchar 8843 syscr 51 syscw 27 read_bytes 0 write_bytes 438272
	Process OS info: (pid 514408 state R utime 1090 stime 0 cutime 0 cstime 0 CPU usage 98)
	CPU temperature (celsius): socket 0: 64 socket 1: 70[0m
EAR[514408](hratio_l30) at 2.60/1.47 in tcn361 MR[0] elapsed 2384 sec.: [32mLoop time: 1.107s DC Power: [35m384.3W[32m DRAM power: 0.00W PCK power: 387.09W
	avg. CPUFreq: 2.57GHz avg. IMCFreq: 1.47GHz
	CPI: 0.515 VPI: 0.00, Mem. bwidth: 0.13GB/s GFLOPS: 0.00 I/O: 0.01MB/s No MPI  
	TPI 0.03 Cache miss rates: L1 0.71GB/s L2 0.00GB/s L3 0.00GB/s
	Total MPI calls 2
	IO DATA: rchar 4608 wchar 8843 syscr 51 syscw 27 read_bytes 0 write_bytes 417792
	Process OS info: (pid 514408 state R utime 1090 stime 1 cutime 0 cstime 0 CPU usage 98)
	CPU temperature (celsius): socket 0: 64 socket 1: 70[0m
EAR[514408](hratio_l30) at 2.60/1.47 in tcn361 MR[0] elapsed 2395 sec.: [32mLoop time: 1.108s DC Power: [35m480.3W[32m DRAM power: 0.00W PCK power: 387.23W
	avg. CPUFreq: 2.57GHz avg. IMCFreq: 1.47GHz
	CPI: 0.515 VPI: 0.00, Mem. bwidth: 0.15GB/s GFLOPS: 0.00 I/O: 0.01MB/s No MPI  
	TPI 0.03 Cache miss rates: L1 0.71GB/s L2 0.00GB/s L3 0.00GB/s
	Total MPI calls 2
	IO DATA: rchar 4608 wchar 8843 syscr 51 syscw 27 read_bytes 0 write_bytes 299008
	Process OS info: (pid 514408 state R utime 1084 stime 1 cutime 0 cstime 0 CPU usage 97)
	CPU temperature (celsius): socket 0: 64 socket 1: 70[0m
EAR[514408](hratio_l30) at 2.60/1.47 in tcn361 MR[0] elapsed 2406 sec.: [32mLoop time: 1.108s DC Power: [35m480.2W[32m DRAM power: 0.00W PCK power: 387.11W
	avg. CPUFreq: 2.57GHz avg. IMCFreq: 1.47GHz
	CPI: 0.515 VPI: 0.00, Mem. bwidth: 0.11GB/s GFLOPS: 0.00 I/O: 0.01MB/s No MPI  
	TPI 0.02 Cache miss rates: L1 0.72GB/s L2 0.00GB/s L3 0.00GB/s
	Total MPI calls 2
	IO DATA: rchar 4608 wchar 8843 syscr 51 syscw 27 read_bytes 0 write_bytes 294912
	Process OS info: (pid 514408 state R utime 1089 stime 0 cutime 0 cstime 0 CPU usage 98)
	CPU temperature (celsius): socket 0: 63 socket 1: 70[0m
EAR[514408](hratio_l30) at 2.60/1.47 in tcn361 MR[0] elapsed 2417 sec.: [32mLoop time: 1.107s DC Power: [35m480.4W[32m DRAM power: 0.00W PCK power: 387.10W
	avg. CPUFreq: 2.57GHz avg. IMCFreq: 1.47GHz
	CPI: 0.515 VPI: 0.00, Mem. bwidth: 0.11GB/s GFLOPS: 0.00 I/O: 0.01MB/s No MPI  
	TPI 0.02 Cache miss rates: L1 0.75GB/s L2 0.00GB/s L3 0.00GB/s
	Total MPI calls 2
	IO DATA: rchar 4608 wchar 8843 syscr 51 syscw 27 read_bytes 0 write_bytes 299008
	Process OS info: (pid 514408 state R utime 1090 stime 1 cutime 0 cstime 0 CPU usage 98)
	CPU temperature (celsius): socket 0: 64 socket 1: 70[0m
EAR[514408](hratio_l30) at 2.60/1.47 in tcn361 MR[0] elapsed 2428 sec.: [32mLoop time: 1.108s DC Power: [35m432.9W[32m DRAM power: 0.00W PCK power: 387.13W
	avg. CPUFreq: 2.57GHz avg. IMCFreq: 1.47GHz
	CPI: 0.515 VPI: 0.00, Mem. bwidth: 0.15GB/s GFLOPS: 0.00 I/O: 0.01MB/s No MPI  
	TPI 0.03 Cache miss rates: L1 0.75GB/s L2 0.00GB/s L3 0.00GB/s
	Total MPI calls 2
	IO DATA: rchar 4608 wchar 8843 syscr 51 syscw 27 read_bytes 0 write_bytes 303104
	Process OS info: (pid 514408 state R utime 1085 stime 1 cutime 0 cstime 0 CPU usage 98)
	CPU temperature (celsius): socket 0: 64 socket 1: 70[0m
EAR[514408](hratio_l30) at 2.60/1.47 in tcn361 MR[0] elapsed 2440 sec.: [32mLoop time: 1.108s DC Power: [35m481.1W[32m DRAM power: 0.00W PCK power: 387.02W
	avg. CPUFreq: 2.57GHz avg. IMCFreq: 1.47GHz
	CPI: 0.515 VPI: 0.00, Mem. bwidth: 0.11GB/s GFLOPS: 0.00 I/O: 0.01MB/s No MPI  
	TPI 0.02 Cache miss rates: L1 0.71GB/s L2 0.00GB/s L3 0.00GB/s
	Total MPI calls 2
	IO DATA: rchar 4608 wchar 8843 syscr 51 syscw 27 read_bytes 0 write_bytes 303104
	Process OS info: (pid 514408 state R utime 1090 stime 0 cutime 0 cstime 0 CPU usage 98)
	CPU temperature (celsius): socket 0: 63 socket 1: 70[0m
EAR[514408](hratio_l30) at 2.60/1.47 in tcn361 MR[0] elapsed 2451 sec.: [32mLoop time: 1.109s DC Power: [35m480.6W[32m DRAM power: 0.00W PCK power: 387.09W
	avg. CPUFreq: 2.57GHz avg. IMCFreq: 1.47GHz
	CPI: 0.515 VPI: 0.00, Mem. bwidth: 0.12GB/s GFLOPS: 0.00 I/O: 0.01MB/s No MPI  
	TPI 0.03 Cache miss rates: L1 0.71GB/s L2 0.00GB/s L3 0.00GB/s
	Total MPI calls 2
	IO DATA: rchar 4608 wchar 8843 syscr 51 syscw 27 read_bytes 0 write_bytes 290816
	Process OS info: (pid 514408 state R utime 1092 stime 1 cutime 0 cstime 0 CPU usage 98)
	CPU temperature (celsius): socket 0: 64 socket 1: 70[0m
EAR[514408](hratio_l30) at 2.60/1.47 in tcn361 MR[0] elapsed 2462 sec.: [32mLoop time: 1.108s DC Power: [35m481.0W[32m DRAM power: 0.00W PCK power: 387.13W
	avg. CPUFreq: 2.57GHz avg. IMCFreq: 1.47GHz
	CPI: 0.515 VPI: 0.00, Mem. bwidth: 0.14GB/s GFLOPS: 0.00 I/O: 0.01MB/s No MPI  
	TPI 0.03 Cache miss rates: L1 0.73GB/s L2 0.00GB/s L3 0.00GB/s
	Total MPI calls 2
	IO DATA: rchar 4608 wchar 8843 syscr 51 syscw 27 read_bytes 0 write_bytes 294912
	Process OS info: (pid 514408 state R utime 1090 stime 1 cutime 0 cstime 0 CPU usage 98)
	CPU temperature (celsius): socket 0: 64 socket 1: 70[0m
EAR[514408](hratio_l30) at 2.60/1.47 in tcn361 MR[0] elapsed 2473 sec.: [32mLoop time: 1.108s DC Power: [35m432.4W[32m DRAM power: 0.00W PCK power: 386.98W
	avg. CPUFreq: 2.57GHz avg. IMCFreq: 1.47GHz
	CPI: 0.515 VPI: 0.00, Mem. bwidth: 0.13GB/s GFLOPS: 0.00 I/O: 0.01MB/s No MPI  
	TPI 0.03 Cache miss rates: L1 0.70GB/s L2 0.00GB/s L3 0.00GB/s
	Total MPI calls 2
	IO DATA: rchar 4608 wchar 8843 syscr 51 syscw 27 read_bytes 0 write_bytes 294912
	Process OS info: (pid 514408 state R utime 1090 stime 1 cutime 0 cstime 0 CPU usage 98)
	CPU temperature (celsius): socket 0: 64 socket 1: 70[0m
EAR[514408](hratio_l30) at 2.60/1.47 in tcn361 MR[0] elapsed 2484 sec.: [32mLoop time: 1.108s DC Power: [35m480.3W[32m DRAM power: 0.00W PCK power: 387.10W
	avg. CPUFreq: 2.57GHz avg. IMCFreq: 1.47GHz
	CPI: 0.515 VPI: 0.00, Mem. bwidth: 0.15GB/s GFLOPS: 0.00 I/O: 0.01MB/s No MPI  
	TPI 0.03 Cache miss rates: L1 0.70GB/s L2 0.00GB/s L3 0.00GB/s
	Total MPI calls 2
	IO DATA: rchar 4608 wchar 8843 syscr 51 syscw 27 read_bytes 0 write_bytes 303104
	Process OS info: (pid 514408 state R utime 1091 stime 0 cutime 0 cstime 0 CPU usage 98)
	CPU temperature (celsius): socket 0: 64 socket 1: 70[0m
EAR[514408](hratio_l30) at 2.60/1.47 in tcn361 MR[0] elapsed 2495 sec.: [32mLoop time: 1.107s DC Power: [35m480.5W[32m DRAM power: 0.00W PCK power: 387.03W
	avg. CPUFreq: 2.57GHz avg. IMCFreq: 1.47GHz
	CPI: 0.515 VPI: 0.00, Mem. bwidth: 0.12GB/s GFLOPS: 0.00 I/O: 0.01MB/s No MPI  
	TPI 0.03 Cache miss rates: L1 0.71GB/s L2 0.00GB/s L3 0.00GB/s
	Total MPI calls 2
	IO DATA: rchar 4608 wchar 8843 syscr 51 syscw 27 read_bytes 0 write_bytes 294912
	Process OS info: (pid 514408 state R utime 1090 stime 1 cutime 0 cstime 0 CPU usage 98)
	CPU temperature (celsius): socket 0: 64 socket 1: 70[0m
EAR[514408](hratio_l30) at 2.60/1.47 in tcn361 MR[0] elapsed 2506 sec.: [32mLoop time: 1.107s DC Power: [35m432.4W[32m DRAM power: 0.00W PCK power: 387.03W
	avg. CPUFreq: 2.57GHz avg. IMCFreq: 1.47GHz
	CPI: 0.515 VPI: 0.00, Mem. bwidth: 0.13GB/s GFLOPS: 0.00 I/O: 0.01MB/s No MPI  
	TPI 0.03 Cache miss rates: L1 0.69GB/s L2 0.00GB/s L3 0.00GB/s
	Total MPI calls 2
	IO DATA: rchar 4608 wchar 8843 syscr 51 syscw 27 read_bytes 0 write_bytes 303104
	Process OS info: (pid 514408 state R utime 1091 stime 1 cutime 0 cstime 0 CPU usage 98)
	CPU temperature (celsius): socket 0: 64 socket 1: 70[0m
EAR[514408](hratio_l30) at 2.60/1.47 in tcn361 MR[0] elapsed 2517 sec.: [32mLoop time: 1.108s DC Power: [35m432.3W[32m DRAM power: 0.00W PCK power: 387.16W
	avg. CPUFreq: 2.57GHz avg. IMCFreq: 1.47GHz
	CPI: 0.515 VPI: 0.00, Mem. bwidth: 0.14GB/s GFLOPS: 0.00 I/O: 0.01MB/s No MPI  
	TPI 0.03 Cache miss rates: L1 0.64GB/s L2 0.00GB/s L3 0.00GB/s
	Total MPI calls 2
	IO DATA: rchar 4608 wchar 8843 syscr 51 syscw 27 read_bytes 0 write_bytes 303104
	Process OS info: (pid 514408 state R utime 1085 stime 1 cutime 0 cstime 0 CPU usage 98)
	CPU temperature (celsius): socket 0: 63 socket 1: 70[0m
EAR[514408](hratio_l30) at 2.60/1.47 in tcn361 MR[0] elapsed 2528 sec.: [32mLoop time: 1.108s DC Power: [35m480.1W[32m DRAM power: 0.00W PCK power: 387.02W
	avg. CPUFreq: 2.57GHz avg. IMCFreq: 1.47GHz
	CPI: 0.515 VPI: 0.00, Mem. bwidth: 0.11GB/s GFLOPS: 0.00 I/O: 0.01MB/s No MPI  
	TPI 0.02 Cache miss rates: L1 0.63GB/s L2 0.00GB/s L3 0.00GB/s
	Total MPI calls 2
	IO DATA: rchar 4608 wchar 8843 syscr 51 syscw 27 read_bytes 0 write_bytes 299008
	Process OS info: (pid 514408 state R utime 1092 stime 0 cutime 0 cstime 0 CPU usage 98)
	CPU temperature (celsius): socket 0: 64 socket 1: 70[0m
EAR[514408](hratio_l30) at 2.60/1.47 in tcn361 MR[0] elapsed 2539 sec.: [32mLoop time: 1.107s DC Power: [35m480.5W[32m DRAM power: 0.00W PCK power: 387.00W
	avg. CPUFreq: 2.57GHz avg. IMCFreq: 1.47GHz
	CPI: 0.515 VPI: 0.00, Mem. bwidth: 0.12GB/s GFLOPS: 0.00 I/O: 0.01MB/s No MPI  
	TPI 0.02 Cache miss rates: L1 0.62GB/s L2 0.00GB/s L3 0.00GB/s
	Total MPI calls 2
	IO DATA: rchar 4608 wchar 8843 syscr 51 syscw 27 read_bytes 0 write_bytes 303104
	Process OS info: (pid 514408 state R utime 1091 stime 1 cutime 0 cstime 0 CPU usage 98)
	CPU temperature (celsius): socket 0: 64 socket 1: 70[0m
EAR[514408](hratio_l30) at 2.60/1.47 in tcn361 MR[0] elapsed 2550 sec.: [32mLoop time: 1.108s DC Power: [35m480.2W[32m DRAM power: 0.00W PCK power: 387.15W
	avg. CPUFreq: 2.57GHz avg. IMCFreq: 1.47GHz
	CPI: 0.515 VPI: 0.00, Mem. bwidth: 0.16GB/s GFLOPS: 0.00 I/O: 0.01MB/s No MPI  
	TPI 0.03 Cache miss rates: L1 0.63GB/s L2 0.00GB/s L3 0.00GB/s
	Total MPI calls 2
	IO DATA: rchar 4608 wchar 8843 syscr 51 syscw 27 read_bytes 0 write_bytes 438272
	Process OS info: (pid 514408 state R utime 1090 stime 1 cutime 0 cstime 0 CPU usage 98)
	CPU temperature (celsius): socket 0: 64 socket 1: 70[0m
EAR[514408](hratio_l30) at 2.60/1.47 in tcn361 MR[0] elapsed 2561 sec.: [32mLoop time: 1.107s DC Power: [35m432.4W[32m DRAM power: 0.00W PCK power: 387.09W
	avg. CPUFreq: 2.57GHz avg. IMCFreq: 1.47GHz
	CPI: 0.514 VPI: 0.00, Mem. bwidth: 0.13GB/s GFLOPS: 0.00 I/O: 0.01MB/s No MPI  
	TPI 0.03 Cache miss rates: L1 0.62GB/s L2 0.00GB/s L3 0.00GB/s
	Total MPI calls 2
	IO DATA: rchar 4608 wchar 8843 syscr 51 syscw 27 read_bytes 0 write_bytes 294912
	Process OS info: (pid 514408 state R utime 1091 stime 0 cutime 0 cstime 0 CPU usage 98)
	CPU temperature (celsius): socket 0: 64 socket 1: 70[0m
EAR[514408](hratio_l30) at 2.60/1.47 in tcn361 MR[0] elapsed 2572 sec.: [32mLoop time: 1.110s DC Power: [35m479.5W[32m DRAM power: 0.00W PCK power: 387.27W
	avg. CPUFreq: 2.57GHz avg. IMCFreq: 1.47GHz
	CPI: 0.515 VPI: 0.00, Mem. bwidth: 0.16GB/s GFLOPS: 0.00 I/O: 0.01MB/s No MPI  
	TPI 0.03 Cache miss rates: L1 0.63GB/s L2 0.00GB/s L3 0.00GB/s
	Total MPI calls 2
	IO DATA: rchar 4608 wchar 8843 syscr 51 syscw 27 read_bytes 0 write_bytes 303104
	Process OS info: (pid 514408 state R utime 1093 stime 1 cutime 0 cstime 0 CPU usage 98)
	CPU temperature (celsius): socket 0: 64 socket 1: 70[0m
EAR[514408](hratio_l30) at 2.60/1.47 in tcn361 MR[0] elapsed 2584 sec.: [32mLoop time: 1.108s DC Power: [35m480.8W[32m DRAM power: 0.00W PCK power: 387.14W
	avg. CPUFreq: 2.57GHz avg. IMCFreq: 1.47GHz
	CPI: 0.515 VPI: 0.00, Mem. bwidth: 0.16GB/s GFLOPS: 0.00 I/O: 0.01MB/s No MPI  
	TPI 0.03 Cache miss rates: L1 0.64GB/s L2 0.00GB/s L3 0.00GB/s
	Total MPI calls 2
	IO DATA: rchar 4608 wchar 8843 syscr 51 syscw 27 read_bytes 0 write_bytes 294912
	Process OS info: (pid 514408 state R utime 1091 stime 1 cutime 0 cstime 0 CPU usage 98)
	CPU temperature (celsius): socket 0: 64 socket 1: 70[0m
EAR[514408](hratio_l30) at 2.60/1.47 in tcn361 MR[0] elapsed 2595 sec.: [32mLoop time: 1.108s DC Power: [35m481.2W[32m DRAM power: 0.00W PCK power: 387.12W
	avg. CPUFreq: 2.57GHz avg. IMCFreq: 1.47GHz
	CPI: 0.515 VPI: 0.00, Mem. bwidth: 0.13GB/s GFLOPS: 0.00 I/O: 0.01MB/s No MPI  
	TPI 0.03 Cache miss rates: L1 0.62GB/s L2 0.00GB/s L3 0.00GB/s
	Total MPI calls 2
	IO DATA: rchar 4608 wchar 8843 syscr 51 syscw 27 read_bytes 0 write_bytes 294912
	Process OS info: (pid 514408 state R utime 1091 stime 1 cutime 0 cstime 0 CPU usage 98)
	CPU temperature (celsius): socket 0: 64 socket 1: 70[0m
EAR[514408](hratio_l30) at 2.60/1.47 in tcn361 MR[0] elapsed 2606 sec.: [32mLoop time: 1.108s DC Power: [35m481.2W[32m DRAM power: 0.00W PCK power: 387.21W
	avg. CPUFreq: 2.57GHz avg. IMCFreq: 1.47GHz
	CPI: 0.515 VPI: 0.00, Mem. bwidth: 0.16GB/s GFLOPS: 0.00 I/O: 0.01MB/s No MPI  
	TPI 0.03 Cache miss rates: L1 0.66GB/s L2 0.00GB/s L3 0.00GB/s
	Total MPI calls 2
	IO DATA: rchar 4608 wchar 8843 syscr 51 syscw 27 read_bytes 0 write_bytes 294912
	Process OS info: (pid 514408 state R utime 1085 stime 1 cutime 0 cstime 0 CPU usage 98)
	CPU temperature (celsius): socket 0: 63 socket 1: 70[0m
EAR[514408](hratio_l30) at 2.60/1.47 in tcn361 MR[0] elapsed 2617 sec.: [32mLoop time: 1.108s DC Power: [35m481.1W[32m DRAM power: 0.00W PCK power: 387.15W
	avg. CPUFreq: 2.57GHz avg. IMCFreq: 1.47GHz
	CPI: 0.515 VPI: 0.00, Mem. bwidth: 0.12GB/s GFLOPS: 0.00 I/O: 0.01MB/s No MPI  
	TPI 0.03 Cache miss rates: L1 0.66GB/s L2 0.00GB/s L3 0.00GB/s
	Total MPI calls 2
	IO DATA: rchar 4608 wchar 8843 syscr 51 syscw 27 read_bytes 0 write_bytes 294912
	Process OS info: (pid 514408 state R utime 1091 stime 0 cutime 0 cstime 0 CPU usage 98)
	CPU temperature (celsius): socket 0: 63 socket 1: 70[0m
EAR[514408](hratio_l30) at 2.60/1.47 in tcn361 MR[0] elapsed 2628 sec.: [32mLoop time: 1.108s DC Power: [35m433.1W[32m DRAM power: 0.00W PCK power: 387.41W
	avg. CPUFreq: 2.57GHz avg. IMCFreq: 1.47GHz
	CPI: 0.514 VPI: 0.00, Mem. bwidth: 0.11GB/s GFLOPS: 0.00 I/O: 0.01MB/s No MPI  
	TPI 0.02 Cache miss rates: L1 0.66GB/s L2 0.00GB/s L3 0.00GB/s
	Total MPI calls 2
	IO DATA: rchar 4608 wchar 8843 syscr 51 syscw 27 read_bytes 0 write_bytes 299008
	Process OS info: (pid 514408 state R utime 1090 stime 1 cutime 0 cstime 0 CPU usage 98)
	CPU temperature (celsius): socket 0: 64 socket 1: 70[0m
EAR[514408](hratio_l30) at 2.60/1.47 in tcn361 MR[0] elapsed 2639 sec.: [32mLoop time: 1.107s DC Power: [35m481.4W[32m DRAM power: 0.00W PCK power: 387.54W
	avg. CPUFreq: 2.57GHz avg. IMCFreq: 1.47GHz
	CPI: 0.513 VPI: 0.00, Mem. bwidth: 0.14GB/s GFLOPS: 0.00 I/O: 0.01MB/s No MPI  
	TPI 0.03 Cache miss rates: L1 0.64GB/s L2 0.00GB/s L3 0.00GB/s
	Total MPI calls 2
	IO DATA: rchar 4608 wchar 8843 syscr 51 syscw 27 read_bytes 0 write_bytes 376832
	Process OS info: (pid 514408 state R utime 1090 stime 1 cutime 0 cstime 0 CPU usage 98)
	CPU temperature (celsius): socket 0: 64 socket 1: 70[0m
EAR[514408](hratio_l30) at 2.60/1.47 in tcn361 MR[0] elapsed 2650 sec.: [32mLoop time: 1.108s DC Power: [35m481.1W[32m DRAM power: 0.00W PCK power: 387.47W
	avg. CPUFreq: 2.57GHz avg. IMCFreq: 1.47GHz
	CPI: 0.513 VPI: 0.00, Mem. bwidth: 0.12GB/s GFLOPS: 0.00 I/O: 0.01MB/s No MPI  
	TPI 0.03 Cache miss rates: L1 0.65GB/s L2 0.00GB/s L3 0.00GB/s
	Total MPI calls 2
	IO DATA: rchar 4608 wchar 8843 syscr 51 syscw 27 read_bytes 0 write_bytes 299008
	Process OS info: (pid 514408 state R utime 1089 stime 0 cutime 0 cstime 0 CPU usage 98)
	CPU temperature (celsius): socket 0: 64 socket 1: 70[0m
EAR[514408](hratio_l30) at 2.60/1.47 in tcn361 MR[0] elapsed 2661 sec.: [32mLoop time: 1.108s DC Power: [35m481.0W[32m DRAM power: 0.00W PCK power: 387.58W
	avg. CPUFreq: 2.57GHz avg. IMCFreq: 1.47GHz
	CPI: 0.514 VPI: 0.00, Mem. bwidth: 0.12GB/s GFLOPS: 0.00 I/O: 0.01MB/s No MPI  
	TPI 0.03 Cache miss rates: L1 0.65GB/s L2 0.00GB/s L3 0.00GB/s
	Total MPI calls 2
	IO DATA: rchar 4608 wchar 8843 syscr 51 syscw 27 read_bytes 0 write_bytes 303104
	Process OS info: (pid 514408 state R utime 1092 stime 1 cutime 0 cstime 0 CPU usage 98)
	CPU temperature (celsius): socket 0: 64 socket 1: 70[0m
EAR[514408](hratio_l30) at 2.60/1.47 in tcn361 MR[0] elapsed 2672 sec.: [32mLoop time: 1.107s DC Power: [35m481.4W[32m DRAM power: 0.00W PCK power: 387.82W
	avg. CPUFreq: 2.57GHz avg. IMCFreq: 1.47GHz
	CPI: 0.512 VPI: 0.00, Mem. bwidth: 0.14GB/s GFLOPS: 0.00 I/O: 0.01MB/s No MPI  
	TPI 0.03 Cache miss rates: L1 0.64GB/s L2 0.00GB/s L3 0.00GB/s
	Total MPI calls 2
	IO DATA: rchar 4608 wchar 8843 syscr 51 syscw 27 read_bytes 0 write_bytes 299008
	Process OS info: (pid 514408 state R utime 1082 stime 1 cutime 0 cstime 0 CPU usage 97)
	CPU temperature (celsius): socket 0: 64 socket 1: 70[0m
EAR[514408](hratio_l30) at 2.60/1.47 in tcn361 MR[0] elapsed 2683 sec.: [32mLoop time: 1.108s DC Power: [35m481.1W[32m DRAM power: 0.00W PCK power: 387.85W
	avg. CPUFreq: 2.57GHz avg. IMCFreq: 1.47GHz
	CPI: 0.512 VPI: 0.00, Mem. bwidth: 0.12GB/s GFLOPS: 0.00 I/O: 0.01MB/s No MPI  
	TPI 0.03 Cache miss rates: L1 0.67GB/s L2 0.00GB/s L3 0.00GB/s
	Total MPI calls 2
	IO DATA: rchar 4608 wchar 8843 syscr 51 syscw 27 read_bytes 0 write_bytes 294912
	Process OS info: (pid 514408 state R utime 1089 stime 1 cutime 0 cstime 0 CPU usage 98)
	CPU temperature (celsius): socket 0: 64 socket 1: 70[0m
EAR[514408](hratio_l30) at 2.60/1.47 in tcn361 MR[0] elapsed 2694 sec.: [32mLoop time: 1.107s DC Power: [35m433.3W[32m DRAM power: 0.00W PCK power: 387.90W
	avg. CPUFreq: 2.57GHz avg. IMCFreq: 1.47GHz
	CPI: 0.512 VPI: 0.00, Mem. bwidth: 0.16GB/s GFLOPS: 0.00 I/O: 0.01MB/s No MPI  
	TPI 0.03 Cache miss rates: L1 0.63GB/s L2 0.00GB/s L3 0.00GB/s
	Total MPI calls 2
	IO DATA: rchar 4608 wchar 8843 syscr 51 syscw 27 read_bytes 0 write_bytes 294912
	Process OS info: (pid 514408 state R utime 1090 stime 0 cutime 0 cstime 0 CPU usage 98)
	CPU temperature (celsius): socket 0: 64 socket 1: 70[0m
EAR[514408](hratio_l30) at 2.60/1.47 in tcn361 MR[0] elapsed 2705 sec.: [32mLoop time: 1.108s DC Power: [35m481.2W[32m DRAM power: 0.00W PCK power: 387.83W
	avg. CPUFreq: 2.57GHz avg. IMCFreq: 1.47GHz
	CPI: 0.512 VPI: 0.00, Mem. bwidth: 0.11GB/s GFLOPS: 0.00 I/O: 0.01MB/s No MPI  
	TPI 0.02 Cache miss rates: L1 0.66GB/s L2 0.00GB/s L3 0.00GB/s
	Total MPI calls 2
	IO DATA: rchar 4608 wchar 8843 syscr 51 syscw 27 read_bytes 0 write_bytes 294912
	Process OS info: (pid 514408 state R utime 1090 stime 1 cutime 0 cstime 0 CPU usage 98)
	CPU temperature (celsius): socket 0: 64 socket 1: 70[0m
EAR[514408](hratio_l30) at 2.60/1.47 in tcn361 MR[0] elapsed 2716 sec.: [32mLoop time: 1.107s DC Power: [35m481.3W[32m DRAM power: 0.00W PCK power: 387.70W
	avg. CPUFreq: 2.57GHz avg. IMCFreq: 1.47GHz
	CPI: 0.512 VPI: 0.00, Mem. bwidth: 0.11GB/s GFLOPS: 0.00 I/O: 0.01MB/s No MPI  
	TPI 0.02 Cache miss rates: L1 0.65GB/s L2 0.00GB/s L3 0.00GB/s
	Total MPI calls 2
	IO DATA: rchar 4608 wchar 8843 syscr 51 syscw 27 read_bytes 0 write_bytes 372736
	Process OS info: (pid 514408 state R utime 1091 stime 1 cutime 0 cstime 0 CPU usage 98)
	CPU temperature (celsius): socket 0: 64 socket 1: 70[0m
EAR[514408](hratio_l30) at 2.60/1.47 in tcn361 MR[0] elapsed 2728 sec.: [32mLoop time: 1.107s DC Power: [35m481.4W[32m DRAM power: 0.00W PCK power: 387.81W
	avg. CPUFreq: 2.57GHz avg. IMCFreq: 1.47GHz
	CPI: 0.513 VPI: 0.00, Mem. bwidth: 0.16GB/s GFLOPS: 0.00 I/O: 0.01MB/s No MPI  
	TPI 0.03 Cache miss rates: L1 0.66GB/s L2 0.00GB/s L3 0.00GB/s
	Total MPI calls 2
	IO DATA: rchar 4608 wchar 8843 syscr 51 syscw 27 read_bytes 0 write_bytes 352256
	Process OS info: (pid 514408 state R utime 1086 stime 0 cutime 0 cstime 0 CPU usage 98)
	CPU temperature (celsius): socket 0: 64 socket 1: 70[0m
EAR[514408](hratio_l30) at 2.60/1.47 in tcn361 MR[0] elapsed 2739 sec.: [32mLoop time: 1.107s DC Power: [35m481.3W[32m DRAM power: 0.00W PCK power: 387.72W
	avg. CPUFreq: 2.57GHz avg. IMCFreq: 1.47GHz
	CPI: 0.512 VPI: 0.00, Mem. bwidth: 0.12GB/s GFLOPS: 0.00 I/O: 0.01MB/s No MPI  
	TPI 0.02 Cache miss rates: L1 0.67GB/s L2 0.00GB/s L3 0.00GB/s
	Total MPI calls 2
	IO DATA: rchar 4608 wchar 8843 syscr 51 syscw 27 read_bytes 0 write_bytes 294912
	Process OS info: (pid 514408 state R utime 1091 stime 1 cutime 0 cstime 0 CPU usage 98)
	CPU temperature (celsius): socket 0: 64 socket 1: 70[0m
EAR[514408](hratio_l30) at 2.60/1.47 in tcn361 MR[0] elapsed 2750 sec.: [32mLoop time: 1.107s DC Power: [35m433.1W[32m DRAM power: 0.00W PCK power: 387.81W
	avg. CPUFreq: 2.57GHz avg. IMCFreq: 1.47GHz
	CPI: 0.512 VPI: 0.00, Mem. bwidth: 0.13GB/s GFLOPS: 0.00 I/O: 0.01MB/s No MPI  
	TPI 0.03 Cache miss rates: L1 0.64GB/s L2 0.00GB/s L3 0.00GB/s
	Total MPI calls 2
	IO DATA: rchar 4608 wchar 8843 syscr 51 syscw 27 read_bytes 0 write_bytes 294912
	Process OS info: (pid 514408 state R utime 1091 stime 0 cutime 0 cstime 0 CPU usage 98)
	CPU temperature (celsius): socket 0: 64 socket 1: 70[0m
EAR[514408](hratio_l30) at 2.60/1.47 in tcn361 MR[0] elapsed 2761 sec.: [32mLoop time: 1.108s DC Power: [35m481.0W[32m DRAM power: 0.00W PCK power: 387.95W
	avg. CPUFreq: 2.57GHz avg. IMCFreq: 1.47GHz
	CPI: 0.512 VPI: 0.00, Mem. bwidth: 0.15GB/s GFLOPS: 0.00 I/O: 0.01MB/s No MPI  
	TPI 0.03 Cache miss rates: L1 0.61GB/s L2 0.00GB/s L3 0.00GB/s
	Total MPI calls 2
	IO DATA: rchar 4608 wchar 8843 syscr 51 syscw 27 read_bytes 0 write_bytes 495616
	Process OS info: (pid 514408 state R utime 1086 stime 1 cutime 0 cstime 0 CPU usage 98)
	CPU temperature (celsius): socket 0: 64 socket 1: 70[0m
EAR[514408](hratio_l30) at 2.60/1.47 in tcn361 MR[0] elapsed 2772 sec.: [32mLoop time: 1.108s DC Power: [35m481.0W[32m DRAM power: 0.00W PCK power: 387.76W
	avg. CPUFreq: 2.57GHz avg. IMCFreq: 1.47GHz
	CPI: 0.512 VPI: 0.00, Mem. bwidth: 0.12GB/s GFLOPS: 0.00 I/O: 0.01MB/s No MPI  
	TPI 0.02 Cache miss rates: L1 0.61GB/s L2 0.00GB/s L3 0.00GB/s
	Total MPI calls 2
	IO DATA: rchar 4608 wchar 8986 syscr 51 syscw 57 read_bytes 0 write_bytes 294912
	Process OS info: (pid 514408 state R utime 1092 stime 1 cutime 0 cstime 0 CPU usage 98)
	CPU temperature (celsius): socket 0: 64 socket 1: 70[0m
EAR[514408](hratio_l30) at 2.60/1.47 in tcn361 MR[0] elapsed 2783 sec.: [32mLoop time: 1.108s DC Power: [35m481.2W[32m DRAM power: 0.00W PCK power: 387.86W
	avg. CPUFreq: 2.57GHz avg. IMCFreq: 1.47GHz
	CPI: 0.512 VPI: 0.00, Mem. bwidth: 0.14GB/s GFLOPS: 0.00 I/O: 0.01MB/s No MPI  
	TPI 0.03 Cache miss rates: L1 0.64GB/s L2 0.00GB/s L3 0.00GB/s
	Total MPI calls 2
	IO DATA: rchar 4608 wchar 8843 syscr 51 syscw 27 read_bytes 0 write_bytes 299008
	Process OS info: (pid 514408 state R utime 1091 stime 1 cutime 0 cstime 0 CPU usage 98)
	CPU temperature (celsius): socket 0: 64 socket 1: 70[0m
EAR[514408](hratio_l30) at 2.60/1.47 in tcn361 MR[0] elapsed 2794 sec.: [32mLoop time: 1.107s DC Power: [35m481.4W[32m DRAM power: 0.00W PCK power: 387.77W
	avg. CPUFreq: 2.57GHz avg. IMCFreq: 1.47GHz
	CPI: 0.512 VPI: 0.00, Mem. bwidth: 0.12GB/s GFLOPS: 0.00 I/O: 0.01MB/s No MPI  
	TPI 0.02 Cache miss rates: L1 0.65GB/s L2 0.00GB/s L3 0.00GB/s
	Total MPI calls 2
	IO DATA: rchar 4608 wchar 8843 syscr 51 syscw 27 read_bytes 0 write_bytes 294912
	Process OS info: (pid 514408 state R utime 1092 stime 0 cutime 0 cstime 0 CPU usage 98)
	CPU temperature (celsius): socket 0: 64 socket 1: 70[0m
EAR[514408](hratio_l30) at 2.60/1.47 in tcn361 MR[0] elapsed 2805 sec.: [32mLoop time: 1.107s DC Power: [35m433.1W[32m DRAM power: 0.00W PCK power: 387.81W
	avg. CPUFreq: 2.57GHz avg. IMCFreq: 1.47GHz
	CPI: 0.512 VPI: 0.00, Mem. bwidth: 0.13GB/s GFLOPS: 0.00 I/O: 0.01MB/s No MPI  
	TPI 0.03 Cache miss rates: L1 0.62GB/s L2 0.00GB/s L3 0.00GB/s
	Total MPI calls 2
	IO DATA: rchar 4608 wchar 8843 syscr 51 syscw 27 read_bytes 0 write_bytes 311296
	Process OS info: (pid 514408 state R utime 1090 stime 1 cutime 0 cstime 0 CPU usage 98)
	CPU temperature (celsius): socket 0: 64 socket 1: 70[0m
EAR[514408](hratio_l30) at 2.60/1.47 in tcn361 MR[0] elapsed 2816 sec.: [32mLoop time: 1.107s DC Power: [35m481.5W[32m DRAM power: 0.00W PCK power: 388.33W
	avg. CPUFreq: 2.57GHz avg. IMCFreq: 1.47GHz
	CPI: 0.510 VPI: 0.00, Mem. bwidth: 0.18GB/s GFLOPS: 0.00 I/O: 0.01MB/s No MPI  
	TPI 0.04 Cache miss rates: L1 0.62GB/s L2 0.00GB/s L3 0.00GB/s
	Total MPI calls 2
	IO DATA: rchar 4608 wchar 8843 syscr 51 syscw 27 read_bytes 0 write_bytes 425984
	Process OS info: (pid 514408 state R utime 1085 stime 1 cutime 0 cstime 0 CPU usage 98)
	CPU temperature (celsius): socket 0: 64 socket 1: 70[0m
EAR[514408](hratio_l30) at 2.60/1.47 in tcn361 MR[0] elapsed 2827 sec.: [32mLoop time: 1.110s DC Power: [35m480.3W[32m DRAM power: 0.00W PCK power: 388.17W
	avg. CPUFreq: 2.57GHz avg. IMCFreq: 1.47GHz
	CPI: 0.511 VPI: 0.00, Mem. bwidth: 0.22GB/s GFLOPS: 0.00 I/O: 0.01MB/s No MPI  
	TPI 0.05 Cache miss rates: L1 0.62GB/s L2 0.00GB/s L3 0.00GB/s
	Total MPI calls 2
	IO DATA: rchar 4608 wchar 8843 syscr 51 syscw 27 read_bytes 0 write_bytes 294912
	Process OS info: (pid 514408 state R utime 1047 stime 1 cutime 0 cstime 0 CPU usage 94)
	CPU temperature (celsius): socket 0: 64 socket 1: 70[0m
EAR[514408](hratio_l30) at 2.60/1.47 in tcn361 MR[0] elapsed 2838 sec.: [32mLoop time: 1.108s DC Power: [35m481.3W[32m DRAM power: 0.00W PCK power: 388.44W
	avg. CPUFreq: 2.57GHz avg. IMCFreq: 1.47GHz
	CPI: 0.511 VPI: 0.00, Mem. bwidth: 0.37GB/s GFLOPS: 0.00 I/O: 0.01MB/s No MPI  
	TPI 0.08 Cache miss rates: L1 0.64GB/s L2 0.00GB/s L3 0.00GB/s
	Total MPI calls 2
	IO DATA: rchar 4608 wchar 8843 syscr 51 syscw 27 read_bytes 0 write_bytes 294912
	Process OS info: (pid 514408 state R utime 1085 stime 0 cutime 0 cstime 0 CPU usage 97)
	CPU temperature (celsius): socket 0: 64 socket 1: 70[0m
EAR[514408](hratio_l30) at 2.60/1.47 in tcn361 MR[0] elapsed 2849 sec.: [32mLoop time: 1.107s DC Power: [35m482.2W[32m DRAM power: 0.00W PCK power: 388.46W
	avg. CPUFreq: 2.57GHz avg. IMCFreq: 1.47GHz
	CPI: 0.511 VPI: 0.00, Mem. bwidth: 0.34GB/s GFLOPS: 0.00 I/O: 0.01MB/s No MPI  
	TPI 0.07 Cache miss rates: L1 0.64GB/s L2 0.00GB/s L3 0.00GB/s
	Total MPI calls 2
	IO DATA: rchar 4608 wchar 8843 syscr 51 syscw 27 read_bytes 0 write_bytes 299008
	Process OS info: (pid 514408 state R utime 1083 stime 1 cutime 0 cstime 0 CPU usage 97)
	CPU temperature (celsius): socket 0: 64 socket 1: 70[0m
EAR[514408](hratio_l30) at 2.60/1.47 in tcn361 MR[0] elapsed 2860 sec.: [32mLoop time: 1.108s DC Power: [35m433.6W[32m DRAM power: 0.00W PCK power: 388.28W
	avg. CPUFreq: 2.57GHz avg. IMCFreq: 1.47GHz
	CPI: 0.511 VPI: 0.00, Mem. bwidth: 0.29GB/s GFLOPS: 0.00 I/O: 0.01MB/s No MPI  
	TPI 0.06 Cache miss rates: L1 0.66GB/s L2 0.00GB/s L3 0.00GB/s
	Total MPI calls 2
	IO DATA: rchar 4608 wchar 8843 syscr 51 syscw 27 read_bytes 0 write_bytes 303104
	Process OS info: (pid 514408 state R utime 1080 stime 0 cutime 0 cstime 0 CPU usage 97)
	CPU temperature (celsius): socket 0: 64 socket 1: 70[0m
EAR[514408](hratio_l30) at 2.60/1.47 in tcn361 MR[0] elapsed 2872 sec.: [32mLoop time: 1.107s DC Power: [35m433.3W[32m DRAM power: 0.00W PCK power: 389.20W
	avg. CPUFreq: 2.57GHz avg. IMCFreq: 1.47GHz
	CPI: 0.510 VPI: 0.00, Mem. bwidth: 0.40GB/s GFLOPS: 0.00 I/O: 0.01MB/s No MPI  
	TPI 0.08 Cache miss rates: L1 0.68GB/s L2 0.00GB/s L3 0.00GB/s
	Total MPI calls 2
	IO DATA: rchar 4608 wchar 8843 syscr 51 syscw 27 read_bytes 0 write_bytes 303104
	Process OS info: (pid 514408 state R utime 1088 stime 1 cutime 0 cstime 0 CPU usage 98)
	CPU temperature (celsius): socket 0: 64 socket 1: 70[0m
EAR[514408](hratio_l30) at 2.60/1.47 in tcn361 MR[0] elapsed 2883 sec.: [32mLoop time: 1.107s DC Power: [35m482.2W[32m DRAM power: 0.00W PCK power: 388.48W
	avg. CPUFreq: 2.57GHz avg. IMCFreq: 1.47GHz
	CPI: 0.511 VPI: 0.00, Mem. bwidth: 0.18GB/s GFLOPS: 0.00 I/O: 0.01MB/s No MPI  
	TPI 0.04 Cache miss rates: L1 0.68GB/s L2 0.00GB/s L3 0.00GB/s
	Total MPI calls 2
	IO DATA: rchar 4608 wchar 8843 syscr 51 syscw 27 read_bytes 0 write_bytes 294912
	Process OS info: (pid 514408 state R utime 1091 stime 1 cutime 0 cstime 0 CPU usage 98)
	CPU temperature (celsius): socket 0: 64 socket 1: 70[0m
EAR[514408](hratio_l30) at 2.60/1.47 in tcn361 MR[0] elapsed 2894 sec.: [32mLoop time: 1.108s DC Power: [35m481.9W[32m DRAM power: 0.00W PCK power: 388.33W
	avg. CPUFreq: 2.57GHz avg. IMCFreq: 1.47GHz
	CPI: 0.510 VPI: 0.00, Mem. bwidth: 0.12GB/s GFLOPS: 0.00 I/O: 0.01MB/s No MPI  
	TPI 0.02 Cache miss rates: L1 0.64GB/s L2 0.00GB/s L3 0.00GB/s
	Total MPI calls 2
	IO DATA: rchar 4608 wchar 8843 syscr 51 syscw 27 read_bytes 0 write_bytes 294912
	Process OS info: (pid 514408 state R utime 1093 stime 1 cutime 0 cstime 0 CPU usage 98)
	CPU temperature (celsius): socket 0: 64 socket 1: 70[0m
EAR[514408](hratio_l30) at 2.60/1.47 in tcn361 MR[0] elapsed 2905 sec.: [32mLoop time: 1.107s DC Power: [35m482.3W[32m DRAM power: 0.00W PCK power: 388.56W
	avg. CPUFreq: 2.57GHz avg. IMCFreq: 1.47GHz
	CPI: 0.510 VPI: 0.00, Mem. bwidth: 0.14GB/s GFLOPS: 0.00 I/O: 0.01MB/s No MPI  
	TPI 0.03 Cache miss rates: L1 0.63GB/s L2 0.00GB/s L3 0.00GB/s
	Total MPI calls 2
	IO DATA: rchar 4608 wchar 8843 syscr 51 syscw 27 read_bytes 0 write_bytes 294912
	Process OS info: (pid 514408 state R utime 1092 stime 1 cutime 0 cstime 0 CPU usage 98)
	CPU temperature (celsius): socket 0: 64 socket 1: 70[0m
EAR[514408](hratio_l30) at 2.60/1.47 in tcn361 MR[0] elapsed 2916 sec.: [32mLoop time: 1.107s DC Power: [35m482.3W[32m DRAM power: 0.00W PCK power: 388.71W
	avg. CPUFreq: 2.57GHz avg. IMCFreq: 1.47GHz
	CPI: 0.509 VPI: 0.00, Mem. bwidth: 0.12GB/s GFLOPS: 0.00 I/O: 0.01MB/s No MPI  
	TPI 0.02 Cache miss rates: L1 0.63GB/s L2 0.00GB/s L3 0.00GB/s
	Total MPI calls 2
	IO DATA: rchar 4608 wchar 8843 syscr 51 syscw 27 read_bytes 0 write_bytes 299008
	Process OS info: (pid 514408 state R utime 1090 stime 0 cutime 0 cstime 0 CPU usage 98)
	CPU temperature (celsius): socket 0: 64 socket 1: 70[0m
EAR[514408](hratio_l30) at 2.60/1.47 in tcn361 MR[0] elapsed 2927 sec.: [32mLoop time: 1.107s DC Power: [35m434.0W[32m DRAM power: 0.00W PCK power: 388.82W
	avg. CPUFreq: 2.57GHz avg. IMCFreq: 1.47GHz
	CPI: 0.508 VPI: 0.00, Mem. bwidth: 0.12GB/s GFLOPS: 0.00 I/O: 0.01MB/s No MPI  
	TPI 0.02 Cache miss rates: L1 0.62GB/s L2 0.00GB/s L3 0.00GB/s
	Total MPI calls 2
	IO DATA: rchar 4608 wchar 8985 syscr 51 syscw 57 read_bytes 0 write_bytes 294912
	Process OS info: (pid 514408 state R utime 1091 stime 1 cutime 0 cstime 0 CPU usage 98)
	CPU temperature (celsius): socket 0: 64 socket 1: 70[0m
EAR[514408](hratio_l30) at 2.60/1.47 in tcn361 MR[0] elapsed 2938 sec.: [32mLoop time: 1.107s DC Power: [35m482.2W[32m DRAM power: 0.00W PCK power: 388.83W
	avg. CPUFreq: 2.57GHz avg. IMCFreq: 1.47GHz
	CPI: 0.509 VPI: 0.00, Mem. bwidth: 0.15GB/s GFLOPS: 0.00 I/O: 0.01MB/s No MPI  
	TPI 0.03 Cache miss rates: L1 0.61GB/s L2 0.00GB/s L3 0.00GB/s
	Total MPI calls 2
	IO DATA: rchar 4608 wchar 8843 syscr 51 syscw 27 read_bytes 0 write_bytes 303104
	Process OS info: (pid 514408 state R utime 1090 stime 1 cutime 0 cstime 0 CPU usage 98)
	CPU temperature (celsius): socket 0: 64 socket 1: 70[0m
EAR[514408](hratio_l30) at 2.60/1.47 in tcn361 MR[0] elapsed 2949 sec.: [32mLoop time: 1.107s DC Power: [35m482.4W[32m DRAM power: 0.00W PCK power: 388.58W
	avg. CPUFreq: 2.57GHz avg. IMCFreq: 1.47GHz
	CPI: 0.509 VPI: 0.00, Mem. bwidth: 0.12GB/s GFLOPS: 0.00 I/O: 0.01MB/s No MPI  
	TPI 0.02 Cache miss rates: L1 0.66GB/s L2 0.00GB/s L3 0.00GB/s
	Total MPI calls 2
	IO DATA: rchar 4608 wchar 8843 syscr 51 syscw 27 read_bytes 0 write_bytes 299008
	Process OS info: (pid 514408 state R utime 1091 stime 0 cutime 0 cstime 0 CPU usage 98)
	CPU temperature (celsius): socket 0: 64 socket 1: 70[0m
EAR[514408](hratio_l30) at 2.60/1.47 in tcn361 MR[0] elapsed 2960 sec.: [32mLoop time: 1.108s DC Power: [35m433.9W[32m DRAM power: 0.00W PCK power: 388.62W
	avg. CPUFreq: 2.57GHz avg. IMCFreq: 1.47GHz
	CPI: 0.509 VPI: 0.00, Mem. bwidth: 0.12GB/s GFLOPS: 0.00 I/O: 0.01MB/s No MPI  
	TPI 0.02 Cache miss rates: L1 0.64GB/s L2 0.00GB/s L3 0.00GB/s
	Total MPI calls 2
	IO DATA: rchar 4608 wchar 8843 syscr 51 syscw 27 read_bytes 0 write_bytes 303104
	Process OS info: (pid 514408 state R utime 1092 stime 1 cutime 0 cstime 0 CPU usage 98)
	CPU temperature (celsius): socket 0: 64 socket 1: 70[0m
EAR[514408](hratio_l30) at 2.60/1.47 in tcn361 MR[0] elapsed 2971 sec.: [32mLoop time: 1.108s DC Power: [35m482.1W[32m DRAM power: 0.00W PCK power: 388.89W
	avg. CPUFreq: 2.57GHz avg. IMCFreq: 1.47GHz
	CPI: 0.508 VPI: 0.00, Mem. bwidth: 0.14GB/s GFLOPS: 0.00 I/O: 0.01MB/s No MPI  
	TPI 0.03 Cache miss rates: L1 0.65GB/s L2 0.00GB/s L3 0.00GB/s
	Total MPI calls 2
	IO DATA: rchar 4608 wchar 8843 syscr 51 syscw 27 read_bytes 0 write_bytes 299008
	Process OS info: (pid 514408 state R utime 1092 stime 0 cutime 0 cstime 0 CPU usage 98)
	CPU temperature (celsius): socket 0: 64 socket 1: 70[0m
EAR[514408](hratio_l30) at 2.60/1.47 in tcn361 MR[0] elapsed 2982 sec.: [32mLoop time: 1.107s DC Power: [35m434.0W[32m DRAM power: 0.00W PCK power: 388.99W
	avg. CPUFreq: 2.57GHz avg. IMCFreq: 1.47GHz
	CPI: 0.507 VPI: 0.00, Mem. bwidth: 0.11GB/s GFLOPS: 0.00 I/O: 0.01MB/s No MPI  
	TPI 0.02 Cache miss rates: L1 0.65GB/s L2 0.00GB/s L3 0.00GB/s
	Total MPI calls 2
	IO DATA: rchar 4608 wchar 8843 syscr 51 syscw 27 read_bytes 0 write_bytes 303104
	Process OS info: (pid 514408 state R utime 1092 stime 1 cutime 0 cstime 0 CPU usage 98)
	CPU temperature (celsius): socket 0: 64 socket 1: 70[0m
EAR[514408](hratio_l30) at 2.60/1.47 in tcn361 MR[0] elapsed 2993 sec.: [32mLoop time: 1.107s DC Power: [35m482.2W[32m DRAM power: 0.00W PCK power: 389.11W
	avg. CPUFreq: 2.57GHz avg. IMCFreq: 1.47GHz
	CPI: 0.507 VPI: 0.00, Mem. bwidth: 0.15GB/s GFLOPS: 0.00 I/O: 0.01MB/s No MPI  
	TPI 0.03 Cache miss rates: L1 0.64GB/s L2 0.00GB/s L3 0.00GB/s
	Total MPI calls 2
	IO DATA: rchar 4608 wchar 8843 syscr 51 syscw 27 read_bytes 0 write_bytes 430080
	Process OS info: (pid 514408 state R utime 1091 stime 1 cutime 0 cstime 0 CPU usage 98)
	CPU temperature (celsius): socket 0: 64 socket 1: 70[0m
EAR[514408](hratio_l30) at 2.60/1.47 in tcn361 MR[0] elapsed 3004 sec.: [32mLoop time: 1.109s DC Power: [35m481.6W[32m DRAM power: 0.00W PCK power: 388.96W
	avg. CPUFreq: 2.57GHz avg. IMCFreq: 1.47GHz
	CPI: 0.507 VPI: 0.00, Mem. bwidth: 0.11GB/s GFLOPS: 0.00 I/O: 0.01MB/s No MPI  
	TPI 0.02 Cache miss rates: L1 0.62GB/s L2 0.00GB/s L3 0.00GB/s
	Total MPI calls 2
	IO DATA: rchar 4608 wchar 8843 syscr 51 syscw 27 read_bytes 0 write_bytes 356352
	Process OS info: (pid 514408 state R utime 1093 stime 0 cutime 0 cstime 0 CPU usage 98)
	CPU temperature (celsius): socket 0: 64 socket 1: 70[0m
EAR[514408](hratio_l30) at 2.60/1.47 in tcn361 MR[0] elapsed 3016 sec.: [32mLoop time: 1.108s DC Power: [35m482.0W[32m DRAM power: 0.00W PCK power: 389.26W
	avg. CPUFreq: 2.57GHz avg. IMCFreq: 1.47GHz
	CPI: 0.506 VPI: 0.00, Mem. bwidth: 0.12GB/s GFLOPS: 0.00 I/O: 0.01MB/s No MPI  
	TPI 0.03 Cache miss rates: L1 0.65GB/s L2 0.00GB/s L3 0.00GB/s
	Total MPI calls 2
	IO DATA: rchar 4608 wchar 8843 syscr 51 syscw 27 read_bytes 0 write_bytes 299008
	Process OS info: (pid 514408 state R utime 1083 stime 1 cutime 0 cstime 0 CPU usage 97)
	CPU temperature (celsius): socket 0: 64 socket 1: 70[0m
EAR[514408](hratio_l30) at 2.60/1.47 in tcn361 MR[0] elapsed 3027 sec.: [32mLoop time: 1.107s DC Power: [35m482.2W[32m DRAM power: 0.00W PCK power: 389.53W
	avg. CPUFreq: 2.57GHz avg. IMCFreq: 1.47GHz
	CPI: 0.506 VPI: 0.00, Mem. bwidth: 0.14GB/s GFLOPS: 0.00 I/O: 0.01MB/s No MPI  
	TPI 0.03 Cache miss rates: L1 0.59GB/s L2 0.00GB/s L3 0.00GB/s
	Total MPI calls 2
	IO DATA: rchar 4608 wchar 8843 syscr 51 syscw 27 read_bytes 0 write_bytes 294912
	Process OS info: (pid 514408 state R utime 1092 stime 0 cutime 0 cstime 0 CPU usage 98)
	CPU temperature (celsius): socket 0: 64 socket 1: 70[0m
EAR[514408](hratio_l30) at 2.60/1.47 in tcn361 MR[0] elapsed 3038 sec.: [32mLoop time: 1.108s DC Power: [35m482.2W[32m DRAM power: 0.00W PCK power: 389.51W
	avg. CPUFreq: 2.57GHz avg. IMCFreq: 1.47GHz
	CPI: 0.505 VPI: 0.00, Mem. bwidth: 0.11GB/s GFLOPS: 0.00 I/O: 0.01MB/s No MPI  
	TPI 0.02 Cache miss rates: L1 0.59GB/s L2 0.00GB/s L3 0.00GB/s
	Total MPI calls 2
	IO DATA: rchar 4608 wchar 8843 syscr 51 syscw 27 read_bytes 0 write_bytes 294912
	Process OS info: (pid 514408 state R utime 1092 stime 1 cutime 0 cstime 0 CPU usage 98)
	CPU temperature (celsius): socket 0: 64 socket 1: 70[0m
EAR[514408](hratio_l30) at 2.60/1.47 in tcn361 MR[0] elapsed 3049 sec.: [32mLoop time: 1.108s DC Power: [35m386.4W[32m DRAM power: 0.00W PCK power: 389.83W
	avg. CPUFreq: 2.57GHz avg. IMCFreq: 1.47GHz
	CPI: 0.504 VPI: 0.00, Mem. bwidth: 0.12GB/s GFLOPS: 0.00 I/O: 0.01MB/s No MPI  
	TPI 0.02 Cache miss rates: L1 0.55GB/s L2 0.00GB/s L3 0.00GB/s
	Total MPI calls 2
	IO DATA: rchar 4608 wchar 8843 syscr 51 syscw 27 read_bytes 0 write_bytes 294912
	Process OS info: (pid 514408 state R utime 1092 stime 1 cutime 0 cstime 0 CPU usage 98)
	CPU temperature (celsius): socket 0: 64 socket 1: 70[0m
EAR[514408](hratio_l30) at 2.60/1.47 in tcn361 MR[0] elapsed 3060 sec.: [32mLoop time: 1.108s DC Power: [35m483.0W[32m DRAM power: 0.00W PCK power: 389.92W
	avg. CPUFreq: 2.57GHz avg. IMCFreq: 1.47GHz
	CPI: 0.504 VPI: 0.00, Mem. bwidth: 0.17GB/s GFLOPS: 0.00 I/O: 0.01MB/s No MPI  
	TPI 0.04 Cache miss rates: L1 0.57GB/s L2 0.00GB/s L3 0.00GB/s
	Total MPI calls 2
	IO DATA: rchar 4608 wchar 8843 syscr 51 syscw 27 read_bytes 0 write_bytes 299008
	Process OS info: (pid 514408 state R utime 1092 stime 0 cutime 0 cstime 0 CPU usage 98)
	CPU temperature (celsius): socket 0: 64 socket 1: 70[0m
EAR[514408](hratio_l30) at 2.60/1.47 in tcn361 MR[0] elapsed 3071 sec.: [32mLoop time: 1.108s DC Power: [35m483.0W[32m DRAM power: 0.00W PCK power: 389.78W
	avg. CPUFreq: 2.57GHz avg. IMCFreq: 1.47GHz
	CPI: 0.504 VPI: 0.00, Mem. bwidth: 0.11GB/s GFLOPS: 0.00 I/O: 0.01MB/s No MPI  
	TPI 0.02 Cache miss rates: L1 0.58GB/s L2 0.00GB/s L3 0.00GB/s
	Total MPI calls 2
	IO DATA: rchar 4608 wchar 8985 syscr 51 syscw 57 read_bytes 0 write_bytes 294912
	Process OS info: (pid 514408 state R utime 1092 stime 1 cutime 0 cstime 0 CPU usage 98)
	CPU temperature (celsius): socket 0: 64 socket 1: 70[0m
EAR[514408](hratio_l30) at 2.60/1.47 in tcn361 MR[0] elapsed 3082 sec.: [32mLoop time: 1.108s DC Power: [35m482.9W[32m DRAM power: 0.00W PCK power: 389.91W
	avg. CPUFreq: 2.57GHz avg. IMCFreq: 1.47GHz
	CPI: 0.504 VPI: 0.00, Mem. bwidth: 0.14GB/s GFLOPS: 0.00 I/O: 0.01MB/s No MPI  
	TPI 0.03 Cache miss rates: L1 0.58GB/s L2 0.00GB/s L3 0.00GB/s
	Total MPI calls 2
	IO DATA: rchar 4608 wchar 8843 syscr 51 syscw 27 read_bytes 0 write_bytes 303104
	Process OS info: (pid 514408 state R utime 1092 stime 1 cutime 0 cstime 0 CPU usage 98)
	CPU temperature (celsius): socket 0: 64 socket 1: 70[0m
EAR[514408](hratio_l30) at 2.60/1.47 in tcn361 MR[0] elapsed 3093 sec.: [32mLoop time: 1.108s DC Power: [35m482.9W[32m DRAM power: 0.00W PCK power: 389.76W
	avg. CPUFreq: 2.57GHz avg. IMCFreq: 1.47GHz
	CPI: 0.504 VPI: 0.00, Mem. bwidth: 0.12GB/s GFLOPS: 0.00 I/O: 0.01MB/s No MPI  
	TPI 0.02 Cache miss rates: L1 0.58GB/s L2 0.00GB/s L3 0.00GB/s
	Total MPI calls 2
	IO DATA: rchar 4608 wchar 8843 syscr 51 syscw 27 read_bytes 0 write_bytes 421888
	Process OS info: (pid 514408 state R utime 1092 stime 1 cutime 0 cstime 0 CPU usage 98)
	CPU temperature (celsius): socket 0: 64 socket 1: 70[0m
EAR[514408](hratio_l30) at 2.60/1.47 in tcn361 MR[0] elapsed 3104 sec.: [32mLoop time: 1.108s DC Power: [35m434.6W[32m DRAM power: 0.00W PCK power: 389.87W
	avg. CPUFreq: 2.57GHz avg. IMCFreq: 1.47GHz
	CPI: 0.504 VPI: 0.00, Mem. bwidth: 0.15GB/s GFLOPS: 0.00 I/O: 0.01MB/s No MPI  
	TPI 0.03 Cache miss rates: L1 0.55GB/s L2 0.00GB/s L3 0.00GB/s
	Total MPI calls 2
	IO DATA: rchar 4608 wchar 8843 syscr 51 syscw 27 read_bytes 0 write_bytes 294912
	Process OS info: (pid 514408 state R utime 1087 stime 0 cutime 0 cstime 0 CPU usage 98)
	CPU temperature (celsius): socket 0: 64 socket 1: 70[0m
EAR[514408](hratio_l30) at 2.60/1.47 in tcn361 MR[0] elapsed 3115 sec.: [32mLoop time: 1.107s DC Power: [35m483.2W[32m DRAM power: 0.00W PCK power: 390.14W
	avg. CPUFreq: 2.57GHz avg. IMCFreq: 1.47GHz
	CPI: 0.503 VPI: 0.00, Mem. bwidth: 0.14GB/s GFLOPS: 0.00 I/O: 0.01MB/s No MPI  
	TPI 0.03 Cache miss rates: L1 0.56GB/s L2 0.00GB/s L3 0.00GB/s
	Total MPI calls 2
	IO DATA: rchar 4608 wchar 8843 syscr 51 syscw 27 read_bytes 0 write_bytes 294912
	Process OS info: (pid 514408 state R utime 1091 stime 1 cutime 0 cstime 0 CPU usage 98)
	CPU temperature (celsius): socket 0: 64 socket 1: 70[0m
EAR[514408](hratio_l30) at 2.60/1.47 in tcn361 MR[0] elapsed 3126 sec.: [32mLoop time: 1.107s DC Power: [35m483.2W[32m DRAM power: 0.00W PCK power: 390.03W
	avg. CPUFreq: 2.57GHz avg. IMCFreq: 1.47GHz
	CPI: 0.503 VPI: 0.00, Mem. bwidth: 0.11GB/s GFLOPS: 0.00 I/O: 0.01MB/s No MPI  
	TPI 0.02 Cache miss rates: L1 0.58GB/s L2 0.00GB/s L3 0.00GB/s
	Total MPI calls 2
	IO DATA: rchar 4608 wchar 8843 syscr 51 syscw 27 read_bytes 0 write_bytes 299008
	Process OS info: (pid 514408 state R utime 1091 stime 1 cutime 0 cstime 0 CPU usage 98)
	CPU temperature (celsius): socket 0: 64 socket 1: 70[0m
EAR[514408](hratio_l30) at 2.60/1.47 in tcn361 MR[0] elapsed 3137 sec.: [32mLoop time: 1.108s DC Power: [35m482.8W[32m DRAM power: 0.00W PCK power: 390.01W
	avg. CPUFreq: 2.57GHz avg. IMCFreq: 1.47GHz
	CPI: 0.503 VPI: 0.00, Mem. bwidth: 0.11GB/s GFLOPS: 0.00 I/O: 0.01MB/s No MPI  
	TPI 0.02 Cache miss rates: L1 0.59GB/s L2 0.00GB/s L3 0.00GB/s
	Total MPI calls 2
	IO DATA: rchar 4608 wchar 8843 syscr 51 syscw 27 read_bytes 0 write_bytes 303104
	Process OS info: (pid 514408 state R utime 1093 stime 0 cutime 0 cstime 0 CPU usage 98)
	CPU temperature (celsius): socket 0: 64 socket 1: 70[0m
EAR[514408](hratio_l30) at 2.60/1.47 in tcn361 MR[0] elapsed 3148 sec.: [32mLoop time: 1.108s DC Power: [35m482.9W[32m DRAM power: 0.00W PCK power: 390.11W
	avg. CPUFreq: 2.57GHz avg. IMCFreq: 1.47GHz
	CPI: 0.503 VPI: 0.00, Mem. bwidth: 0.15GB/s GFLOPS: 0.00 I/O: 0.01MB/s No MPI  
	TPI 0.03 Cache miss rates: L1 0.56GB/s L2 0.00GB/s L3 0.00GB/s
	Total MPI calls 2
	IO DATA: rchar 4608 wchar 8843 syscr 51 syscw 27 read_bytes 0 write_bytes 299008
	Process OS info: (pid 514408 state R utime 1092 stime 1 cutime 0 cstime 0 CPU usage 98)
	CPU temperature (celsius): socket 0: 64 socket 1: 70[0m
EAR[514408](hratio_l30) at 2.60/1.47 in tcn361 MR[0] elapsed 3160 sec.: [32mLoop time: 1.108s DC Power: [35m483.0W[32m DRAM power: 0.00W PCK power: 390.03W
	avg. CPUFreq: 2.57GHz avg. IMCFreq: 1.47GHz
	CPI: 0.503 VPI: 0.00, Mem. bwidth: 0.11GB/s GFLOPS: 0.00 I/O: 0.01MB/s No MPI  
	TPI 0.02 Cache miss rates: L1 0.58GB/s L2 0.00GB/s L3 0.00GB/s
	Total MPI calls 2
	IO DATA: rchar 4608 wchar 8843 syscr 51 syscw 27 read_bytes 0 write_bytes 294912
	Process OS info: (pid 514408 state R utime 1092 stime 1 cutime 0 cstime 0 CPU usage 98)
	CPU temperature (celsius): socket 0: 64 socket 1: 70[0m
EAR[514408](hratio_l30) at 2.60/1.47 in tcn361 MR[0] elapsed 3171 sec.: [32mLoop time: 1.108s DC Power: [35m434.5W[32m DRAM power: 0.00W PCK power: 390.11W
	avg. CPUFreq: 2.57GHz avg. IMCFreq: 1.47GHz
	CPI: 0.503 VPI: 0.00, Mem. bwidth: 0.12GB/s GFLOPS: 0.00 I/O: 0.01MB/s No MPI  
	TPI 0.02 Cache miss rates: L1 0.53GB/s L2 0.00GB/s L3 0.00GB/s
	Total MPI calls 2
	IO DATA: rchar 4608 wchar 8843 syscr 51 syscw 27 read_bytes 0 write_bytes 303104
	Process OS info: (pid 514408 state R utime 1093 stime 0 cutime 0 cstime 0 CPU usage 98)
	CPU temperature (celsius): socket 0: 64 socket 1: 70[0m
EAR[514408](hratio_l30) at 2.60/1.47 in tcn361 MR[0] elapsed 3182 sec.: [32mLoop time: 1.112s DC Power: [35m481.3W[32m DRAM power: 0.00W PCK power: 390.22W
	avg. CPUFreq: 2.57GHz avg. IMCFreq: 1.47GHz
	CPI: 0.503 VPI: 0.00, Mem. bwidth: 0.13GB/s GFLOPS: 0.00 I/O: 0.01MB/s No MPI  
	TPI 0.03 Cache miss rates: L1 0.52GB/s L2 0.00GB/s L3 0.00GB/s
	Total MPI calls 2
	IO DATA: rchar 4608 wchar 8843 syscr 51 syscw 27 read_bytes 0 write_bytes 303104
	Process OS info: (pid 514408 state R utime 1092 stime 1 cutime 0 cstime 0 CPU usage 98)
	CPU temperature (celsius): socket 0: 64 socket 1: 70[0m
EAR[514408](hratio_l30) at 2.60/1.47 in tcn361 MR[0] elapsed 3193 sec.: [32mLoop time: 1.107s DC Power: [35m434.8W[32m DRAM power: 0.00W PCK power: 390.07W
	avg. CPUFreq: 2.57GHz avg. IMCFreq: 1.47GHz
	CPI: 0.503 VPI: 0.00, Mem. bwidth: 0.12GB/s GFLOPS: 0.00 I/O: 0.01MB/s No MPI  
	TPI 0.03 Cache miss rates: L1 0.53GB/s L2 0.00GB/s L3 0.00GB/s
	Total MPI calls 2
	IO DATA: rchar 4608 wchar 8843 syscr 51 syscw 27 read_bytes 0 write_bytes 294912
	Process OS info: (pid 514408 state R utime 1092 stime 1 cutime 0 cstime 0 CPU usage 98)
	CPU temperature (celsius): socket 0: 64 socket 1: 70[0m
EAR[514408](hratio_l30) at 2.60/1.47 in tcn361 MR[0] elapsed 3204 sec.: [32mLoop time: 1.108s DC Power: [35m482.9W[32m DRAM power: 0.00W PCK power: 390.18W
	avg. CPUFreq: 2.57GHz avg. IMCFreq: 1.47GHz
	CPI: 0.503 VPI: 0.00, Mem. bwidth: 0.15GB/s GFLOPS: 0.00 I/O: 0.01MB/s No MPI  
	TPI 0.03 Cache miss rates: L1 0.54GB/s L2 0.00GB/s L3 0.00GB/s
	Total MPI calls 2
	IO DATA: rchar 4608 wchar 8843 syscr 51 syscw 27 read_bytes 0 write_bytes 294912
	Process OS info: (pid 514408 state R utime 1084 stime 0 cutime 0 cstime 0 CPU usage 97)
	CPU temperature (celsius): socket 0: 64 socket 1: 70[0m
EAR[514408](hratio_l30) at 2.60/1.47 in tcn361 MR[0] elapsed 3215 sec.: [32mLoop time: 1.108s DC Power: [35m482.9W[32m DRAM power: 0.00W PCK power: 390.09W
	avg. CPUFreq: 2.57GHz avg. IMCFreq: 1.47GHz
	CPI: 0.503 VPI: 0.00, Mem. bwidth: 0.12GB/s GFLOPS: 0.00 I/O: 0.01MB/s No MPI  
	TPI 0.03 Cache miss rates: L1 0.54GB/s L2 0.00GB/s L3 0.00GB/s
	Total MPI calls 2
	IO DATA: rchar 4608 wchar 8843 syscr 51 syscw 27 read_bytes 0 write_bytes 303104
	Process OS info: (pid 514408 state R utime 1093 stime 1 cutime 0 cstime 0 CPU usage 98)
	CPU temperature (celsius): socket 0: 64 socket 1: 70[0m
EAR[514408](hratio_l30) at 2.60/1.47 in tcn361 MR[0] elapsed 3226 sec.: [32mLoop time: 1.107s DC Power: [35m434.8W[32m DRAM power: 0.00W PCK power: 390.05W
	avg. CPUFreq: 2.57GHz avg. IMCFreq: 1.47GHz
	CPI: 0.503 VPI: 0.00, Mem. bwidth: 0.12GB/s GFLOPS: 0.00 I/O: 0.01MB/s No MPI  
	TPI 0.03 Cache miss rates: L1 0.54GB/s L2 0.00GB/s L3 0.00GB/s
	Total MPI calls 2
	IO DATA: rchar 4608 wchar 8843 syscr 51 syscw 27 read_bytes 0 write_bytes 299008
	Process OS info: (pid 514408 state R utime 1091 stime 1 cutime 0 cstime 0 CPU usage 98)
	CPU temperature (celsius): socket 0: 64 socket 1: 70[0m
EAR[514408](hratio_l30) at 2.60/1.47 in tcn361 MR[0] elapsed 3237 sec.: [32mLoop time: 1.108s DC Power: [35m434.7W[32m DRAM power: 0.00W PCK power: 390.23W
	avg. CPUFreq: 2.57GHz avg. IMCFreq: 1.47GHz
	CPI: 0.503 VPI: 0.00, Mem. bwidth: 0.15GB/s GFLOPS: 0.00 I/O: 0.01MB/s No MPI  
	TPI 0.03 Cache miss rates: L1 0.54GB/s L2 0.00GB/s L3 0.00GB/s
	Total MPI calls 2
	IO DATA: rchar 4608 wchar 8843 syscr 51 syscw 27 read_bytes 0 write_bytes 303104
	Process OS info: (pid 514408 state R utime 1092 stime 0 cutime 0 cstime 0 CPU usage 98)
	CPU temperature (celsius): socket 0: 64 socket 1: 70[0m
EAR[514408](hratio_l30) at 2.60/1.47 in tcn361 MR[0] elapsed 3248 sec.: [32mLoop time: 1.107s DC Power: [35m483.2W[32m DRAM power: 0.00W PCK power: 390.01W
	avg. CPUFreq: 2.57GHz avg. IMCFreq: 1.47GHz
	CPI: 0.503 VPI: 0.00, Mem. bwidth: 0.11GB/s GFLOPS: 0.00 I/O: 0.01MB/s No MPI  
	TPI 0.02 Cache miss rates: L1 0.54GB/s L2 0.00GB/s L3 0.00GB/s
	Total MPI calls 2
	IO DATA: rchar 4608 wchar 8843 syscr 51 syscw 27 read_bytes 0 write_bytes 299008
	Process OS info: (pid 514408 state R utime 1091 stime 1 cutime 0 cstime 0 CPU usage 98)
	CPU temperature (celsius): socket 0: 64 socket 1: 70[0m
EAR[514408](hratio_l30) at 2.60/1.47 in tcn361 MR[0] elapsed 3259 sec.: [32mLoop time: 1.108s DC Power: [35m482.9W[32m DRAM power: 0.00W PCK power: 390.20W
	avg. CPUFreq: 2.57GHz avg. IMCFreq: 1.47GHz
	CPI: 0.502 VPI: 0.00, Mem. bwidth: 0.11GB/s GFLOPS: 0.00 I/O: 0.01MB/s No MPI  
	TPI 0.02 Cache miss rates: L1 0.54GB/s L2 0.00GB/s L3 0.00GB/s
	Total MPI calls 2
	IO DATA: rchar 4608 wchar 8843 syscr 51 syscw 27 read_bytes 0 write_bytes 303104
	Process OS info: (pid 514408 state R utime 1093 stime 1 cutime 0 cstime 0 CPU usage 98)
	CPU temperature (celsius): socket 0: 64 socket 1: 70[0m
EAR[514408](hratio_l30) at 2.60/1.47 in tcn361 MR[0] elapsed 3270 sec.: [32mLoop time: 1.107s DC Power: [35m483.1W[32m DRAM power: 0.00W PCK power: 390.65W
	avg. CPUFreq: 2.58GHz avg. IMCFreq: 1.47GHz
	CPI: 0.501 VPI: 0.00, Mem. bwidth: 0.15GB/s GFLOPS: 0.00 I/O: 0.01MB/s No MPI  
	TPI 0.03 Cache miss rates: L1 0.56GB/s L2 0.00GB/s L3 0.00GB/s
	Total MPI calls 2
	IO DATA: rchar 4608 wchar 8843 syscr 51 syscw 27 read_bytes 0 write_bytes 434176
	Process OS info: (pid 514408 state R utime 1092 stime 0 cutime 0 cstime 0 CPU usage 98)
	CPU temperature (celsius): socket 0: 64 socket 1: 70[0m
EAR[514408](hratio_l30) at 2.60/1.47 in tcn361 MR[0] elapsed 3281 sec.: [32mLoop time: 1.107s DC Power: [35m435.1W[32m DRAM power: 0.00W PCK power: 390.50W
	avg. CPUFreq: 2.57GHz avg. IMCFreq: 1.47GHz
	CPI: 0.502 VPI: 0.00, Mem. bwidth: 0.12GB/s GFLOPS: 0.00 I/O: 0.01MB/s No MPI  
	TPI 0.03 Cache miss rates: L1 0.55GB/s L2 0.00GB/s L3 0.00GB/s
	Total MPI calls 2
	IO DATA: rchar 4608 wchar 8843 syscr 51 syscw 27 read_bytes 0 write_bytes 356352
	Process OS info: (pid 514408 state R utime 1092 stime 1 cutime 0 cstime 0 CPU usage 98)
	CPU temperature (celsius): socket 0: 64 socket 1: 70[0m
EAR[514408](hratio_l30) at 2.60/1.47 in tcn361 MR[0] elapsed 3293 sec.: [32mLoop time: 1.109s DC Power: [35m483.5W[32m DRAM power: 0.00W PCK power: 390.62W
	avg. CPUFreq: 2.57GHz avg. IMCFreq: 1.47GHz
	CPI: 0.502 VPI: 0.00, Mem. bwidth: 0.15GB/s GFLOPS: 0.00 I/O: 0.01MB/s No MPI  
	TPI 0.03 Cache miss rates: L1 0.55GB/s L2 0.00GB/s L3 0.00GB/s
	Total MPI calls 2
	IO DATA: rchar 4608 wchar 8843 syscr 51 syscw 27 read_bytes 0 write_bytes 303104
	Process OS info: (pid 514408 state R utime 1092 stime 1 cutime 0 cstime 0 CPU usage 98)
	CPU temperature (celsius): socket 0: 64 socket 1: 70[0m
EAR[514408](hratio_l30) at 2.60/1.47 in tcn361 MR[0] elapsed 3304 sec.: [32mLoop time: 1.107s DC Power: [35m484.0W[32m DRAM power: 0.00W PCK power: 390.58W
	avg. CPUFreq: 2.57GHz avg. IMCFreq: 1.47GHz
	CPI: 0.502 VPI: 0.00, Mem. bwidth: 0.14GB/s GFLOPS: 0.00 I/O: 0.01MB/s No MPI  
	TPI 0.03 Cache miss rates: L1 0.54GB/s L2 0.00GB/s L3 0.00GB/s
	Total MPI calls 2
	IO DATA: rchar 4608 wchar 8843 syscr 51 syscw 27 read_bytes 0 write_bytes 303104
	Process OS info: (pid 514408 state R utime 1091 stime 0 cutime 0 cstime 0 CPU usage 98)
	CPU temperature (celsius): socket 0: 64 socket 1: 70[0m
EAR[514408](hratio_l30) at 2.60/1.47 in tcn361 MR[0] elapsed 3315 sec.: [32mLoop time: 1.107s DC Power: [35m484.1W[32m DRAM power: 0.00W PCK power: 390.59W
	avg. CPUFreq: 2.57GHz avg. IMCFreq: 1.47GHz
	CPI: 0.501 VPI: 0.00, Mem. bwidth: 0.11GB/s GFLOPS: 0.00 I/O: 0.01MB/s No MPI  
	TPI 0.02 Cache miss rates: L1 0.56GB/s L2 0.00GB/s L3 0.00GB/s
	Total MPI calls 2
	IO DATA: rchar 4608 wchar 8843 syscr 51 syscw 27 read_bytes 0 write_bytes 294912
	Process OS info: (pid 514408 state R utime 1091 stime 1 cutime 0 cstime 0 CPU usage 98)
	CPU temperature (celsius): socket 0: 64 socket 1: 70[0m
EAR[514408](hratio_l30) at 2.60/1.47 in tcn361 MR[0] elapsed 3326 sec.: [32mLoop time: 1.108s DC Power: [35m483.7W[32m DRAM power: 0.00W PCK power: 391.10W
	avg. CPUFreq: 2.58GHz avg. IMCFreq: 1.47GHz
	CPI: 0.499 VPI: 0.00, Mem. bwidth: 0.14GB/s GFLOPS: 0.00 I/O: 0.01MB/s No MPI  
	TPI 0.03 Cache miss rates: L1 0.56GB/s L2 0.00GB/s L3 0.00GB/s
	Total MPI calls 2
	IO DATA: rchar 4608 wchar 8843 syscr 51 syscw 27 read_bytes 0 write_bytes 409600
	Process OS info: (pid 514408 state R utime 1091 stime 1 cutime 0 cstime 0 CPU usage 98)
	CPU temperature (celsius): socket 0: 64 socket 1: 70[0m
EAR[514408](hratio_l30) at 2.60/1.47 in tcn361 MR[0] elapsed 3337 sec.: [32mLoop time: 1.108s DC Power: [35m483.9W[32m DRAM power: 0.00W PCK power: 390.91W
	avg. CPUFreq: 2.57GHz avg. IMCFreq: 1.47GHz
	CPI: 0.500 VPI: 0.00, Mem. bwidth: 0.12GB/s GFLOPS: 0.00 I/O: 0.01MB/s No MPI  
	TPI 0.02 Cache miss rates: L1 0.55GB/s L2 0.00GB/s L3 0.00GB/s
	Total MPI calls 2
	IO DATA: rchar 4608 wchar 8843 syscr 51 syscw 27 read_bytes 0 write_bytes 294912
	Process OS info: (pid 514408 state R utime 1092 stime 1 cutime 0 cstime 0 CPU usage 98)
	CPU temperature (celsius): socket 0: 64 socket 1: 70[0m
EAR[514408](hratio_l30) at 2.60/1.47 in tcn361 MR[0] elapsed 3348 sec.: [32mLoop time: 1.108s DC Power: [35m435.4W[32m DRAM power: 0.00W PCK power: 390.90W
	avg. CPUFreq: 2.57GHz avg. IMCFreq: 1.47GHz
	CPI: 0.500 VPI: 0.00, Mem. bwidth: 0.11GB/s GFLOPS: 0.00 I/O: 0.01MB/s No MPI  
	TPI 0.02 Cache miss rates: L1 0.55GB/s L2 0.00GB/s L3 0.00GB/s
	Total MPI calls 2
	IO DATA: rchar 4608 wchar 8843 syscr 51 syscw 27 read_bytes 0 write_bytes 294912
	Process OS info: (pid 514408 state R utime 1093 stime 0 cutime 0 cstime 0 CPU usage 98)
	CPU temperature (celsius): socket 0: 64 socket 1: 70[0m
EAR[514408](hratio_l30) at 2.60/1.47 in tcn361 MR[0] elapsed 3359 sec.: [32mLoop time: 1.108s DC Power: [35m483.7W[32m DRAM power: 0.00W PCK power: 391.03W
	avg. CPUFreq: 2.57GHz avg. IMCFreq: 1.47GHz
	CPI: 0.500 VPI: 0.00, Mem. bwidth: 0.14GB/s GFLOPS: 0.00 I/O: 0.01MB/s No MPI  
	TPI 0.03 Cache miss rates: L1 0.57GB/s L2 0.00GB/s L3 0.00GB/s
	Total MPI calls 2
	IO DATA: rchar 4608 wchar 8843 syscr 51 syscw 27 read_bytes 0 write_bytes 299008
	Process OS info: (pid 514408 state R utime 1093 stime 1 cutime 0 cstime 0 CPU usage 98)
	CPU temperature (celsius): socket 0: 64 socket 1: 70[0m
EAR[514408](hratio_l30) at 2.60/1.47 in tcn361 MR[0] elapsed 3370 sec.: [32mLoop time: 1.108s DC Power: [35m483.8W[32m DRAM power: 0.00W PCK power: 391.28W
	avg. CPUFreq: 2.57GHz avg. IMCFreq: 1.47GHz
	CPI: 0.498 VPI: 0.00, Mem. bwidth: 0.12GB/s GFLOPS: 0.00 I/O: 0.01MB/s No MPI  
	TPI 0.03 Cache miss rates: L1 0.57GB/s L2 0.00GB/s L3 0.00GB/s
	Total MPI calls 2
	IO DATA: rchar 4608 wchar 8843 syscr 51 syscw 27 read_bytes 0 write_bytes 299008
	Process OS info: (pid 514408 state R utime 1092 stime 0 cutime 0 cstime 0 CPU usage 98)
	CPU temperature (celsius): socket 0: 64 socket 1: 70[0m
EAR[514408](hratio_l30) at 2.60/1.47 in tcn361 MR[0] elapsed 3381 sec.: [32mLoop time: 1.108s DC Power: [35m483.9W[32m DRAM power: 0.00W PCK power: 392.21W
	avg. CPUFreq: 2.57GHz avg. IMCFreq: 1.47GHz
	CPI: 0.496 VPI: 0.00, Mem. bwidth: 0.13GB/s GFLOPS: 0.00 I/O: 0.01MB/s No MPI  
	TPI 0.03 Cache miss rates: L1 0.57GB/s L2 0.00GB/s L3 0.00GB/s
	Total MPI calls 2
	IO DATA: rchar 4608 wchar 8843 syscr 51 syscw 27 read_bytes 0 write_bytes 299008
	Process OS info: (pid 514408 state R utime 1091 stime 1 cutime 0 cstime 0 CPU usage 98)
	CPU temperature (celsius): socket 0: 64 socket 1: 70[0m
EAR[514408](hratio_l30) at 2.60/1.47 in tcn361 MR[0] elapsed 3392 sec.: [32mLoop time: 1.108s DC Power: [35m484.3W[32m DRAM power: 0.00W PCK power: 392.13W
	avg. CPUFreq: 2.57GHz avg. IMCFreq: 1.47GHz
	CPI: 0.496 VPI: 0.00, Mem. bwidth: 0.13GB/s GFLOPS: 0.00 I/O: 0.01MB/s No MPI  
	TPI 0.03 Cache miss rates: L1 0.57GB/s L2 0.00GB/s L3 0.00GB/s
	Total MPI calls 2
	IO DATA: rchar 4608 wchar 8843 syscr 51 syscw 27 read_bytes 0 write_bytes 303104
	Process OS info: (pid 514408 state R utime 1093 stime 1 cutime 0 cstime 0 CPU usage 98)
	CPU temperature (celsius): socket 0: 64 socket 1: 70[0m
EAR[514408](hratio_l30) at 2.60/1.47 in tcn361 MR[0] elapsed 3403 sec.: [32mLoop time: 1.108s DC Power: [35m436.2W[32m DRAM power: 0.00W PCK power: 392.41W
	avg. CPUFreq: 2.57GHz avg. IMCFreq: 1.47GHz
	CPI: 0.495 VPI: 0.00, Mem. bwidth: 0.13GB/s GFLOPS: 0.00 I/O: 0.01MB/s No MPI  
	TPI 0.03 Cache miss rates: L1 0.53GB/s L2 0.00GB/s L3 0.00GB/s
	Total MPI calls 2
	IO DATA: rchar 4608 wchar 8843 syscr 51 syscw 27 read_bytes 0 write_bytes 299008
	Process OS info: (pid 514408 state R utime 1092 stime 1 cutime 0 cstime 0 CPU usage 98)
	CPU temperature (celsius): socket 0: 64 socket 1: 70[0m
EAR[514408](hratio_l30) at 2.60/1.47 in tcn361 MR[0] elapsed 3414 sec.: [32mLoop time: 1.111s DC Power: [35m483.1W[32m DRAM power: 0.00W PCK power: 392.66W
	avg. CPUFreq: 2.57GHz avg. IMCFreq: 1.47GHz
	CPI: 0.494 VPI: 0.00, Mem. bwidth: 0.15GB/s GFLOPS: 0.00 I/O: 0.01MB/s No MPI  
	TPI 0.03 Cache miss rates: L1 0.54GB/s L2 0.00GB/s L3 0.00GB/s
	Total MPI calls 2
	IO DATA: rchar 4608 wchar 8843 syscr 51 syscw 27 read_bytes 0 write_bytes 299008
	Process OS info: (pid 514408 state R utime 1093 stime 0 cutime 0 cstime 0 CPU usage 98)
	CPU temperature (celsius): socket 0: 64 socket 1: 70[0m
EAR[514408](hratio_l30) at 2.60/1.47 in tcn361 MR[0] elapsed 3426 sec.: [32mLoop time: 1.108s DC Power: [35m436.4W[32m DRAM power: 0.00W PCK power: 392.58W
	avg. CPUFreq: 2.57GHz avg. IMCFreq: 1.47GHz
	CPI: 0.494 VPI: 0.00, Mem. bwidth: 0.11GB/s GFLOPS: 0.00 I/O: 0.01MB/s No MPI  
	TPI 0.02 Cache miss rates: L1 0.53GB/s L2 0.00GB/s L3 0.00GB/s
	Total MPI calls 2
	IO DATA: rchar 4608 wchar 8843 syscr 51 syscw 27 read_bytes 0 write_bytes 303104
	Process OS info: (pid 514408 state R utime 1092 stime 1 cutime 0 cstime 0 CPU usage 98)
	CPU temperature (celsius): socket 0: 64 socket 1: 70[0m
EAR[514408](hratio_l30) at 2.60/1.47 in tcn361 MR[0] elapsed 3437 sec.: [32mLoop time: 1.110s DC Power: [35m484.7W[32m DRAM power: 0.00W PCK power: 392.54W
	avg. CPUFreq: 2.57GHz avg. IMCFreq: 1.47GHz
	CPI: 0.494 VPI: 0.00, Mem. bwidth: 0.11GB/s GFLOPS: 0.00 I/O: 0.01MB/s No MPI  
	TPI 0.02 Cache miss rates: L1 0.53GB/s L2 0.00GB/s L3 0.00GB/s
	Total MPI calls 2
	IO DATA: rchar 4608 wchar 8843 syscr 51 syscw 27 read_bytes 0 write_bytes 352256
	Process OS info: (pid 514408 state R utime 1093 stime 2 cutime 0 cstime 0 CPU usage 98)
	CPU temperature (celsius): socket 0: 65 socket 1: 71[0m
EAR[514408](hratio_l30) at 2.60/1.47 in tcn361 MR[0] elapsed 3448 sec.: [32mLoop time: 1.108s DC Power: [35m485.5W[32m DRAM power: 0.00W PCK power: 392.59W
	avg. CPUFreq: 2.57GHz avg. IMCFreq: 1.47GHz
	CPI: 0.494 VPI: 0.00, Mem. bwidth: 0.16GB/s GFLOPS: 0.00 I/O: 0.01MB/s No MPI  
	TPI 0.03 Cache miss rates: L1 0.53GB/s L2 0.00GB/s L3 0.00GB/s
	Total MPI calls 2
	IO DATA: rchar 4608 wchar 8843 syscr 51 syscw 27 read_bytes 0 write_bytes 450560
	Process OS info: (pid 514408 state R utime 1092 stime 1 cutime 0 cstime 0 CPU usage 98)
	CPU temperature (celsius): socket 0: 65 socket 1: 71[0m
EAR[514408](hratio_l30) at 2.60/1.47 in tcn361 MR[0] elapsed 3459 sec.: [32mLoop time: 1.108s DC Power: [35m485.6W[32m DRAM power: 0.00W PCK power: 392.64W
	avg. CPUFreq: 2.57GHz avg. IMCFreq: 1.47GHz
	CPI: 0.493 VPI: 0.00, Mem. bwidth: 0.12GB/s GFLOPS: 0.00 I/O: 0.01MB/s No MPI  
	TPI 0.02 Cache miss rates: L1 0.53GB/s L2 0.00GB/s L3 0.00GB/s
	Total MPI calls 2
	IO DATA: rchar 4608 wchar 8843 syscr 51 syscw 27 read_bytes 0 write_bytes 294912
	Process OS info: (pid 514408 state R utime 1092 stime 0 cutime 0 cstime 0 CPU usage 98)
	CPU temperature (celsius): socket 0: 64 socket 1: 70[0m
EAR[514408](hratio_l30) at 2.60/1.47 in tcn361 MR[0] elapsed 3470 sec.: [32mLoop time: 1.108s DC Power: [35m388.6W[32m DRAM power: 0.00W PCK power: 392.99W
	avg. CPUFreq: 2.57GHz avg. IMCFreq: 1.47GHz
	CPI: 0.492 VPI: 0.00, Mem. bwidth: 0.12GB/s GFLOPS: 0.00 I/O: 0.01MB/s No MPI  
	TPI 0.03 Cache miss rates: L1 0.54GB/s L2 0.00GB/s L3 0.00GB/s
	Total MPI calls 2
	IO DATA: rchar 4608 wchar 8843 syscr 51 syscw 27 read_bytes 0 write_bytes 294912
	Process OS info: (pid 514408 state R utime 1092 stime 1 cutime 0 cstime 0 CPU usage 98)
	CPU temperature (celsius): socket 0: 64 socket 1: 70[0m
EAR[514408](hratio_l30) at 2.60/1.47 in tcn361 MR[0] elapsed 3481 sec.: [32mLoop time: 1.108s DC Power: [35m485.7W[32m DRAM power: 0.00W PCK power: 393.09W
	avg. CPUFreq: 2.57GHz avg. IMCFreq: 1.47GHz
	CPI: 0.492 VPI: 0.00, Mem. bwidth: 0.14GB/s GFLOPS: 0.00 I/O: 0.01MB/s No MPI  
	TPI 0.03 Cache miss rates: L1 0.56GB/s L2 0.00GB/s L3 0.00GB/s
	Total MPI calls 2
	IO DATA: rchar 4608 wchar 8843 syscr 51 syscw 27 read_bytes 0 write_bytes 294912
	Process OS info: (pid 514408 state R utime 1093 stime 1 cutime 0 cstime 0 CPU usage 98)
	CPU temperature (celsius): socket 0: 64 socket 1: 70[0m
EAR[514408](hratio_l30) at 2.60/1.47 in tcn361 MR[0] elapsed 3492 sec.: [32mLoop time: 1.107s DC Power: [35m485.9W[32m DRAM power: 0.00W PCK power: 392.95W
	avg. CPUFreq: 2.57GHz avg. IMCFreq: 1.47GHz
	CPI: 0.492 VPI: 0.00, Mem. bwidth: 0.11GB/s GFLOPS: 0.00 I/O: 0.01MB/s No MPI  
	TPI 0.02 Cache miss rates: L1 0.50GB/s L2 0.00GB/s L3 0.00GB/s
	Total MPI calls 2
	IO DATA: rchar 4608 wchar 8843 syscr 51 syscw 27 read_bytes 0 write_bytes 299008
	Process OS info: (pid 514408 state R utime 1091 stime 0 cutime 0 cstime 0 CPU usage 98)
	CPU temperature (celsius): socket 0: 65 socket 1: 71[0m
EAR[514408](hratio_l30) at 2.60/1.47 in tcn361 MR[0] elapsed 3503 sec.: [32mLoop time: 1.107s DC Power: [35m485.8W[32m DRAM power: 0.00W PCK power: 393.14W
	avg. CPUFreq: 2.57GHz avg. IMCFreq: 1.47GHz
	CPI: 0.492 VPI: 0.00, Mem. bwidth: 0.14GB/s GFLOPS: 0.00 I/O: 0.01MB/s No MPI  
	TPI 0.03 Cache miss rates: L1 0.52GB/s L2 0.00GB/s L3 0.00GB/s
	Total MPI calls 2
	IO DATA: rchar 4608 wchar 8843 syscr 51 syscw 27 read_bytes 0 write_bytes 434176
	Process OS info: (pid 514408 state R utime 1092 stime 1 cutime 0 cstime 0 CPU usage 98)
	CPU temperature (celsius): socket 0: 64 socket 1: 71[0m
EAR[514408](hratio_l30) at 2.60/1.47 in tcn361 MR[0] elapsed 3514 sec.: [32mLoop time: 1.108s DC Power: [35m437.0W[32m DRAM power: 0.00W PCK power: 393.38W
	avg. CPUFreq: 2.57GHz avg. IMCFreq: 1.47GHz
	CPI: 0.491 VPI: 0.00, Mem. bwidth: 0.12GB/s GFLOPS: 0.00 I/O: 0.01MB/s No MPI  
	TPI 0.03 Cache miss rates: L1 0.52GB/s L2 0.00GB/s L3 0.00GB/s
	Total MPI calls 2
	IO DATA: rchar 4608 wchar 8843 syscr 51 syscw 27 read_bytes 0 write_bytes 294912
	Process OS info: (pid 514408 state R utime 1092 stime 1 cutime 0 cstime 0 CPU usage 98)
	CPU temperature (celsius): socket 0: 65 socket 1: 71[0m
EAR[514408](hratio_l30) at 2.60/1.47 in tcn361 MR[0] elapsed 3525 sec.: [32mLoop time: 1.108s DC Power: [35m437.0W[32m DRAM power: 0.00W PCK power: 393.33W
	avg. CPUFreq: 2.57GHz avg. IMCFreq: 1.47GHz
	CPI: 0.491 VPI: 0.00, Mem. bwidth: 0.11GB/s GFLOPS: 0.00 I/O: 0.01MB/s No MPI  
	TPI 0.02 Cache miss rates: L1 0.52GB/s L2 0.00GB/s L3 0.00GB/s
	Total MPI calls 2
	IO DATA: rchar 4608 wchar 8843 syscr 51 syscw 27 read_bytes 0 write_bytes 294912
	Process OS info: (pid 514408 state R utime 1092 stime 0 cutime 0 cstime 0 CPU usage 98)
	CPU temperature (celsius): socket 0: 65 socket 1: 71[0m
EAR[514408](hratio_l30) at 2.60/1.47 in tcn361 MR[0] elapsed 3536 sec.: [32mLoop time: 1.108s DC Power: [35m485.7W[32m DRAM power: 0.00W PCK power: 393.51W
	avg. CPUFreq: 2.57GHz avg. IMCFreq: 1.47GHz
	CPI: 0.491 VPI: 0.00, Mem. bwidth: 0.16GB/s GFLOPS: 0.00 I/O: 0.01MB/s No MPI  
	TPI 0.03 Cache miss rates: L1 0.51GB/s L2 0.00GB/s L3 0.00GB/s
	Total MPI calls 2
	IO DATA: rchar 4609 wchar 8843 syscr 51 syscw 27 read_bytes 0 write_bytes 303104
	Process OS info: (pid 514408 state R utime 1092 stime 1 cutime 0 cstime 0 CPU usage 98)
	CPU temperature (celsius): socket 0: 65 socket 1: 71[0m
EAR[514408](hratio_l30) at 2.60/1.47 in tcn361 MR[0] elapsed 3547 sec.: [32mLoop time: 1.108s DC Power: [35m485.8W[32m DRAM power: 0.00W PCK power: 393.43W
	avg. CPUFreq: 2.57GHz avg. IMCFreq: 1.47GHz
	CPI: 0.491 VPI: 0.00, Mem. bwidth: 0.11GB/s GFLOPS: 0.00 I/O: 0.01MB/s No MPI  
	TPI 0.02 Cache miss rates: L1 0.50GB/s L2 0.00GB/s L3 0.00GB/s
	Total MPI calls 2
	IO DATA: rchar 4609 wchar 8843 syscr 51 syscw 27 read_bytes 0 write_bytes 299008
	Process OS info: (pid 514408 state R utime 1092 stime 1 cutime 0 cstime 0 CPU usage 98)
	CPU temperature (celsius): socket 0: 65 socket 1: 71[0m
EAR[514408](hratio_l30) at 2.60/1.47 in tcn361 MR[0] elapsed 3558 sec.: [32mLoop time: 1.107s DC Power: [35m438.1W[32m DRAM power: 0.00W PCK power: 393.71W
	avg. CPUFreq: 2.57GHz avg. IMCFreq: 1.47GHz
	CPI: 0.490 VPI: 0.00, Mem. bwidth: 0.12GB/s GFLOPS: 0.00 I/O: 0.01MB/s No MPI  
	TPI 0.03 Cache miss rates: L1 0.50GB/s L2 0.00GB/s L3 0.00GB/s
	Total MPI calls 2
	IO DATA: rchar 4609 wchar 8843 syscr 51 syscw 27 read_bytes 0 write_bytes 303104
	Process OS info: (pid 514408 state R utime 1091 stime 1 cutime 0 cstime 0 CPU usage 98)
	CPU temperature (celsius): socket 0: 65 socket 1: 71[0m
EAR[514408](hratio_l30) at 2.60/1.47 in tcn361 MR[0] elapsed 3570 sec.: [32mLoop time: 1.107s DC Power: [35m486.8W[32m DRAM power: 0.00W PCK power: 393.77W
	avg. CPUFreq: 2.57GHz avg. IMCFreq: 1.47GHz
	CPI: 0.490 VPI: 0.00, Mem. bwidth: 0.15GB/s GFLOPS: 0.00 I/O: 0.01MB/s No MPI  
	TPI 0.03 Cache miss rates: L1 0.51GB/s L2 0.00GB/s L3 0.00GB/s
	Total MPI calls 2
	IO DATA: rchar 4609 wchar 8843 syscr 51 syscw 27 read_bytes 0 write_bytes 294912
	Process OS info: (pid 514408 state R utime 1091 stime 0 cutime 0 cstime 0 CPU usage 98)
	CPU temperature (celsius): socket 0: 64 socket 1: 70[0m
EAR[514408](hratio_l30) at 2.60/1.47 in tcn361 MR[0] elapsed 3581 sec.: [32mLoop time: 1.108s DC Power: [35m486.6W[32m DRAM power: 0.00W PCK power: 393.69W
	avg. CPUFreq: 2.57GHz avg. IMCFreq: 1.47GHz
	CPI: 0.489 VPI: 0.00, Mem. bwidth: 0.11GB/s GFLOPS: 0.00 I/O: 0.01MB/s No MPI  
	TPI 0.02 Cache miss rates: L1 0.53GB/s L2 0.00GB/s L3 0.00GB/s
	Total MPI calls 2
	IO DATA: rchar 4609 wchar 8843 syscr 51 syscw 27 read_bytes 0 write_bytes 303104
	Process OS info: (pid 514408 state R utime 1092 stime 1 cutime 0 cstime 0 CPU usage 98)
	CPU temperature (celsius): socket 0: 65 socket 1: 71[0m
EAR[514408](hratio_l30) at 2.60/1.47 in tcn361 MR[0] elapsed 3592 sec.: [32mLoop time: 1.108s DC Power: [35m486.4W[32m DRAM power: 0.00W PCK power: 393.82W
	avg. CPUFreq: 2.57GHz avg. IMCFreq: 1.47GHz
	CPI: 0.489 VPI: 0.00, Mem. bwidth: 0.14GB/s GFLOPS: 0.00 I/O: 0.01MB/s No MPI  
	TPI 0.03 Cache miss rates: L1 0.52GB/s L2 0.00GB/s L3 0.00GB/s
	Total MPI calls 2
	IO DATA: rchar 4609 wchar 8843 syscr 51 syscw 27 read_bytes 0 write_bytes 339968
	Process OS info: (pid 514408 state R utime 1092 stime 0 cutime 0 cstime 0 CPU usage 98)
	CPU temperature (celsius): socket 0: 64 socket 1: 71[0m
EAR[514408](hratio_l30) at 2.60/1.47 in tcn361 MR[0] elapsed 3603 sec.: [32mLoop time: 1.107s DC Power: [35m438.1W[32m DRAM power: 0.00W PCK power: 393.83W
	avg. CPUFreq: 2.57GHz avg. IMCFreq: 1.47GHz
	CPI: 0.489 VPI: 0.00, Mem. bwidth: 0.11GB/s GFLOPS: 0.00 I/O: 0.01MB/s No MPI  
	TPI 0.02 Cache miss rates: L1 0.50GB/s L2 0.00GB/s L3 0.00GB/s
	Total MPI calls 2
	IO DATA: rchar 4609 wchar 8843 syscr 51 syscw 27 read_bytes 0 write_bytes 299008
	Process OS info: (pid 514408 state R utime 1092 stime 1 cutime 0 cstime 0 CPU usage 98)
	CPU temperature (celsius): socket 0: 65 socket 1: 71[0m
EAR[514408](hratio_l30) at 2.60/1.47 in tcn361 MR[0] elapsed 3614 sec.: [32mLoop time: 1.107s DC Power: [35m486.7W[32m DRAM power: 0.00W PCK power: 393.91W
	avg. CPUFreq: 2.57GHz avg. IMCFreq: 1.47GHz
	CPI: 0.489 VPI: 0.00, Mem. bwidth: 0.11GB/s GFLOPS: 0.00 I/O: 0.01MB/s No MPI  
	TPI 0.02 Cache miss rates: L1 0.54GB/s L2 0.00GB/s L3 0.00GB/s
	Total MPI calls 3
	IO DATA: rchar 4609 wchar 8987 syscr 51 syscw 57 read_bytes 0 write_bytes 294912
	Process OS info: (pid 514408 state R utime 1091 stime 0 cutime 0 cstime 0 CPU usage 98)
	CPU temperature (celsius): socket 0: 65 socket 1: 71[0m
EAR[514408](hratio_l30) at 2.60/1.47 in tcn361 MR[0] elapsed 3625 sec.: [32mLoop time: 1.107s DC Power: [35m486.7W[32m DRAM power: 0.00W PCK power: 394.48W
	avg. CPUFreq: 2.57GHz avg. IMCFreq: 1.47GHz
	CPI: 0.487 VPI: 0.00, Mem. bwidth: 0.13GB/s GFLOPS: 0.00 I/O: 0.01MB/s No MPI  
	TPI 0.02 Cache miss rates: L1 0.51GB/s L2 0.00GB/s L3 0.00GB/s
	Total MPI calls 3
	IO DATA: rchar 4609 wchar 8843 syscr 51 syscw 27 read_bytes 0 write_bytes 294912
	Process OS info: (pid 514408 state R utime 1093 stime 1 cutime 0 cstime 0 CPU usage 98)
	CPU temperature (celsius): socket 0: 65 socket 1: 71[0m
EAR[514408](hratio_l30) at 2.60/1.47 in tcn361 MR[0] elapsed 3636 sec.: [32mLoop time: 1.107s DC Power: [35m486.8W[32m DRAM power: 0.00W PCK power: 394.34W
	avg. CPUFreq: 2.57GHz avg. IMCFreq: 1.47GHz
	CPI: 0.488 VPI: 0.00, Mem. bwidth: 0.12GB/s GFLOPS: 0.00 I/O: 0.01MB/s No MPI  
	TPI 0.02 Cache miss rates: L1 0.54GB/s L2 0.00GB/s L3 0.00GB/s
	Total MPI calls 3
	IO DATA: rchar 4609 wchar 8843 syscr 51 syscw 27 read_bytes 0 write_bytes 294912
	Process OS info: (pid 514408 state R utime 1091 stime 1 cutime 0 cstime 0 CPU usage 98)
	CPU temperature (celsius): socket 0: 65 socket 1: 71[0m
EAR[514408](hratio_l30) at 2.60/1.47 in tcn361 MR[0] elapsed 3647 sec.: [32mLoop time: 1.108s DC Power: [35m389.9W[32m DRAM power: 0.00W PCK power: 394.25W
	avg. CPUFreq: 2.57GHz avg. IMCFreq: 1.47GHz
	CPI: 0.488 VPI: 0.00, Mem. bwidth: 0.12GB/s GFLOPS: 0.00 I/O: 0.01MB/s No MPI  
	TPI 0.02 Cache miss rates: L1 0.53GB/s L2 0.00GB/s L3 0.00GB/s
	Total MPI calls 3
	IO DATA: rchar 4609 wchar 8843 syscr 51 syscw 27 read_bytes 0 write_bytes 299008
	Process OS info: (pid 514408 state R utime 1092 stime 0 cutime 0 cstime 0 CPU usage 98)
	CPU temperature (celsius): socket 0: 65 socket 1: 71[0m
EAR[514408](hratio_l30) at 2.60/1.47 in tcn361 MR[0] elapsed 3658 sec.: [32mLoop time: 1.108s DC Power: [35m486.6W[32m DRAM power: 0.00W PCK power: 394.42W
	avg. CPUFreq: 2.57GHz avg. IMCFreq: 1.47GHz
	CPI: 0.488 VPI: 0.00, Mem. bwidth: 0.14GB/s GFLOPS: 0.00 I/O: 0.01MB/s No MPI  
	TPI 0.02 Cache miss rates: L1 0.54GB/s L2 0.00GB/s L3 0.00GB/s
	Total MPI calls 3
	IO DATA: rchar 4609 wchar 8843 syscr 51 syscw 27 read_bytes 0 write_bytes 299008
	Process OS info: (pid 514408 state R utime 1092 stime 1 cutime 0 cstime 0 CPU usage 98)
	CPU temperature (celsius): socket 0: 65 socket 1: 71[0m
EAR[514408](hratio_l30) at 2.60/1.47 in tcn361 MR[0] elapsed 3669 sec.: [32mLoop time: 1.108s DC Power: [35m486.6W[32m DRAM power: 0.00W PCK power: 394.24W
	avg. CPUFreq: 2.57GHz avg. IMCFreq: 1.47GHz
	CPI: 0.488 VPI: 0.00, Mem. bwidth: 0.11GB/s GFLOPS: 0.00 I/O: 0.01MB/s No MPI  
	TPI 0.02 Cache miss rates: L1 0.56GB/s L2 0.00GB/s L3 0.00GB/s
	Total MPI calls 3
	IO DATA: rchar 4609 wchar 8843 syscr 51 syscw 27 read_bytes 0 write_bytes 385024
	Process OS info: (pid 514408 state R utime 1092 stime 1 cutime 0 cstime 0 CPU usage 98)
	CPU temperature (celsius): socket 0: 65 socket 1: 71[0m
EAR[514408](hratio_l30) at 2.60/1.47 in tcn361 MR[0] elapsed 3680 sec.: [32mLoop time: 1.108s DC Power: [35m486.6W[32m DRAM power: 0.00W PCK power: 394.29W
	avg. CPUFreq: 2.57GHz avg. IMCFreq: 1.47GHz
	CPI: 0.488 VPI: 0.00, Mem. bwidth: 0.11GB/s GFLOPS: 0.00 I/O: 0.01MB/s No MPI  
	TPI 0.02 Cache miss rates: L1 0.55GB/s L2 0.00GB/s L3 0.00GB/s
	Total MPI calls 3
	IO DATA: rchar 4610 wchar 8843 syscr 51 syscw 27 read_bytes 0 write_bytes 299008
	Process OS info: (pid 514408 state R utime 1092 stime 1 cutime 0 cstime 0 CPU usage 98)
	CPU temperature (celsius): socket 0: 65 socket 1: 71[0m
EAR[514408](hratio_l30) at 2.60/1.47 in tcn361 MR[0] elapsed 3691 sec.: [32mLoop time: 1.108s DC Power: [35m438.0W[32m DRAM power: 0.00W PCK power: 394.33W
	avg. CPUFreq: 2.57GHz avg. IMCFreq: 1.47GHz
	CPI: 0.488 VPI: 0.00, Mem. bwidth: 0.15GB/s GFLOPS: 0.00 I/O: 0.01MB/s No MPI  
	TPI 0.02 Cache miss rates: L1 0.56GB/s L2 0.00GB/s L3 0.00GB/s
	Total MPI calls 3
	IO DATA: rchar 4610 wchar 8843 syscr 51 syscw 27 read_bytes 0 write_bytes 294912
	Process OS info: (pid 514408 state R utime 1091 stime 0 cutime 0 cstime 0 CPU usage 98)
	CPU temperature (celsius): socket 0: 65 socket 1: 71[0m
EAR[514408](hratio_l30) at 2.60/1.47 in tcn361 MR[0] elapsed 3702 sec.: [32mLoop time: 1.107s DC Power: [35m486.7W[32m DRAM power: 0.00W PCK power: 394.27W
	avg. CPUFreq: 2.57GHz avg. IMCFreq: 1.47GHz
	CPI: 0.488 VPI: 0.00, Mem. bwidth: 0.13GB/s GFLOPS: 0.00 I/O: 0.01MB/s No MPI  
	TPI 0.02 Cache miss rates: L1 0.55GB/s L2 0.00GB/s L3 0.00GB/s
	Total MPI calls 3
	IO DATA: rchar 4610 wchar 8843 syscr 51 syscw 27 read_bytes 0 write_bytes 299008
	Process OS info: (pid 514408 state R utime 1092 stime 1 cutime 0 cstime 0 CPU usage 98)
	CPU temperature (celsius): socket 0: 65 socket 1: 70[0m
EAR[514408](hratio_l30) at 2.60/1.47 in tcn361 MR[0] elapsed 3714 sec.: [32mLoop time: 1.108s DC Power: [35m486.4W[32m DRAM power: 0.00W PCK power: 394.32W
	avg. CPUFreq: 2.57GHz avg. IMCFreq: 1.47GHz
	CPI: 0.488 VPI: 0.00, Mem. bwidth: 0.15GB/s GFLOPS: 0.00 I/O: 0.01MB/s No MPI  
	TPI 0.02 Cache miss rates: L1 0.52GB/s L2 0.00GB/s L3 0.00GB/s
	Total MPI calls 3
	IO DATA: rchar 4610 wchar 8843 syscr 51 syscw 27 read_bytes 0 write_bytes 303104
	Process OS info: (pid 514408 state R utime 1093 stime 1 cutime 0 cstime 0 CPU usage 98)
	CPU temperature (celsius): socket 0: 65 socket 1: 71[0m
EAR[514408](hratio_l30) at 2.60/1.47 in tcn361 MR[0] elapsed 3725 sec.: [32mLoop time: 1.107s DC Power: [35m486.8W[32m DRAM power: 0.00W PCK power: 394.61W
	avg. CPUFreq: 2.57GHz avg. IMCFreq: 1.47GHz
	CPI: 0.486 VPI: 0.00, Mem. bwidth: 0.11GB/s GFLOPS: 0.00 I/O: 0.01MB/s No MPI  
	TPI 0.02 Cache miss rates: L1 0.53GB/s L2 0.00GB/s L3 0.00GB/s
	Total MPI calls 3
	IO DATA: rchar 4610 wchar 8843 syscr 51 syscw 27 read_bytes 0 write_bytes 299008
	Process OS info: (pid 514408 state R utime 1092 stime 0 cutime 0 cstime 0 CPU usage 98)
	CPU temperature (celsius): socket 0: 65 socket 1: 71[0m
EAR[514408](hratio_l30) at 2.60/1.47 in tcn361 MR[0] elapsed 3736 sec.: [32mLoop time: 1.107s DC Power: [35m438.0W[32m DRAM power: 0.00W PCK power: 394.71W
	avg. CPUFreq: 2.57GHz avg. IMCFreq: 1.47GHz
	CPI: 0.487 VPI: 0.00, Mem. bwidth: 0.12GB/s GFLOPS: 0.00 I/O: 0.01MB/s No MPI  
	TPI 0.02 Cache miss rates: L1 0.57GB/s L2 0.00GB/s L3 0.00GB/s
	Total MPI calls 3
	IO DATA: rchar 4610 wchar 8843 syscr 51 syscw 27 read_bytes 0 write_bytes 299008
	Process OS info: (pid 514408 state R utime 1091 stime 1 cutime 0 cstime 0 CPU usage 98)
	CPU temperature (celsius): socket 0: 65 socket 1: 71[0m
EAR[514408](hratio_l30) at 2.60/1.47 in tcn361 MR[0] elapsed 3747 sec.: [32mLoop time: 1.108s DC Power: [35m487.1W[32m DRAM power: 0.00W PCK power: 394.97W
	avg. CPUFreq: 2.57GHz avg. IMCFreq: 1.47GHz
	CPI: 0.485 VPI: 0.00, Mem. bwidth: 0.15GB/s GFLOPS: 0.00 I/O: 0.01MB/s No MPI  
	TPI 0.02 Cache miss rates: L1 0.55GB/s L2 0.00GB/s L3 0.00GB/s
	Total MPI calls 3
	IO DATA: rchar 4610 wchar 8843 syscr 51 syscw 27 read_bytes 0 write_bytes 446464
	Process OS info: (pid 514408 state R utime 1092 stime 0 cutime 0 cstime 0 CPU usage 98)
	CPU temperature (celsius): socket 0: 65 socket 1: 71[0m
EAR[514408](hratio_l30) at 2.60/1.47 in tcn361 MR[0] elapsed 3758 sec.: [32mLoop time: 1.108s DC Power: [35m487.4W[32m DRAM power: 0.00W PCK power: 394.89W
	avg. CPUFreq: 2.57GHz avg. IMCFreq: 1.47GHz
	CPI: 0.486 VPI: 0.00, Mem. bwidth: 0.11GB/s GFLOPS: 0.00 I/O: 0.01MB/s No MPI  
	TPI 0.02 Cache miss rates: L1 0.56GB/s L2 0.00GB/s L3 0.00GB/s
	Total MPI calls 3
	IO DATA: rchar 4610 wchar 8843 syscr 51 syscw 27 read_bytes 0 write_bytes 294912
	Process OS info: (pid 514408 state R utime 1093 stime 1 cutime 0 cstime 0 CPU usage 98)
	CPU temperature (celsius): socket 0: 65 socket 1: 71[0m
EAR[514408](hratio_l30) at 2.60/1.47 in tcn361 MR[0] elapsed 3769 sec.: [32mLoop time: 1.108s DC Power: [35m438.8W[32m DRAM power: 0.00W PCK power: 394.95W
	avg. CPUFreq: 2.57GHz avg. IMCFreq: 1.47GHz
	CPI: 0.485 VPI: 0.00, Mem. bwidth: 0.12GB/s GFLOPS: 0.00 I/O: 0.01MB/s No MPI  
	TPI 0.02 Cache miss rates: L1 0.56GB/s L2 0.00GB/s L3 0.00GB/s
	Total MPI calls 3
	IO DATA: rchar 4610 wchar 8843 syscr 51 syscw 27 read_bytes 0 write_bytes 393216
	Process OS info: (pid 514408 state R utime 1092 stime 1 cutime 0 cstime 0 CPU usage 98)
	CPU temperature (celsius): socket 0: 65 socket 1: 71[0m
EAR[514408](hratio_l30) at 2.60/1.47 in tcn361 MR[0] elapsed 3780 sec.: [32mLoop time: 1.107s DC Power: [35m438.9W[32m DRAM power: 0.00W PCK power: 395.93W
	avg. CPUFreq: 2.57GHz avg. IMCFreq: 1.47GHz
	CPI: 0.486 VPI: 0.00, Mem. bwidth: 0.23GB/s GFLOPS: 0.00 I/O: 0.01MB/s No MPI  
	TPI 0.03 Cache miss rates: L1 0.55GB/s L2 0.00GB/s L3 0.00GB/s
	Total MPI calls 3
	IO DATA: rchar 4610 wchar 8843 syscr 51 syscw 27 read_bytes 0 write_bytes 294912
	Process OS info: (pid 514408 state R utime 1067 stime 1 cutime 0 cstime 0 CPU usage 96)
	CPU temperature (celsius): socket 0: 65 socket 1: 71[0m
EAR[514408](hratio_l30) at 2.60/1.47 in tcn361 MR[0] elapsed 3791 sec.: [32mLoop time: 1.111s DC Power: [35m486.1W[32m DRAM power: 0.00W PCK power: 394.47W
	avg. CPUFreq: 2.57GHz avg. IMCFreq: 1.47GHz
	CPI: 0.485 VPI: 0.00, Mem. bwidth: 0.44GB/s GFLOPS: 0.00 I/O: 0.01MB/s No MPI  
	TPI 0.07 Cache miss rates: L1 0.54GB/s L2 0.00GB/s L3 0.00GB/s
	Total MPI calls 3
	IO DATA: rchar 4610 wchar 8843 syscr 51 syscw 27 read_bytes 0 write_bytes 299008
	Process OS info: (pid 514408 state R utime 1065 stime 1 cutime 0 cstime 0 CPU usage 95)
	CPU temperature (celsius): socket 0: 64 socket 1: 70[0m
EAR[514408](hratio_l30) at 2.60/1.47 in tcn361 MR[0] elapsed 3802 sec.: [32mLoop time: 1.108s DC Power: [35m487.5W[32m DRAM power: 0.00W PCK power: 395.56W
	avg. CPUFreq: 2.57GHz avg. IMCFreq: 1.47GHz
	CPI: 0.485 VPI: 0.00, Mem. bwidth: 0.27GB/s GFLOPS: 0.00 I/O: 0.01MB/s No MPI  
	TPI 0.04 Cache miss rates: L1 0.52GB/s L2 0.00GB/s L3 0.00GB/s
	Total MPI calls 3
	IO DATA: rchar 4610 wchar 8843 syscr 51 syscw 27 read_bytes 0 write_bytes 299008
	Process OS info: (pid 514408 state R utime 1086 stime 0 cutime 0 cstime 0 CPU usage 98)
	CPU temperature (celsius): socket 0: 65 socket 1: 71[0m
EAR[514408](hratio_l30) at 2.60/1.47 in tcn361 MR[0] elapsed 3813 sec.: [32mLoop time: 1.107s DC Power: [35m487.6W[32m DRAM power: 0.00W PCK power: 395.47W
	avg. CPUFreq: 2.57GHz avg. IMCFreq: 1.47GHz
	CPI: 0.484 VPI: 0.00, Mem. bwidth: 0.30GB/s GFLOPS: 0.00 I/O: 0.01MB/s No MPI  
	TPI 0.04 Cache miss rates: L1 0.52GB/s L2 0.00GB/s L3 0.00GB/s
	Total MPI calls 3
	IO DATA: rchar 4610 wchar 8843 syscr 51 syscw 27 read_bytes 0 write_bytes 294912
	Process OS info: (pid 514408 state R utime 1079 stime 1 cutime 0 cstime 0 CPU usage 97)
	CPU temperature (celsius): socket 0: 65 socket 1: 71[0m
EAR[514408](hratio_l30) at 2.60/1.47 in tcn361 MR[0] elapsed 3824 sec.: [32mLoop time: 1.113s DC Power: [35m437.2W[32m DRAM power: 0.00W PCK power: 396.15W
	avg. CPUFreq: 2.57GHz avg. IMCFreq: 1.47GHz
	CPI: 0.485 VPI: 0.00, Mem. bwidth: 0.42GB/s GFLOPS: 0.00 I/O: 0.01MB/s No MPI  
	TPI 0.06 Cache miss rates: L1 0.54GB/s L2 0.00GB/s L3 0.00GB/s
	Total MPI calls 3
	IO DATA: rchar 4610 wchar 8843 syscr 51 syscw 27 read_bytes 0 write_bytes 290816
	Process OS info: (pid 514408 state R utime 1093 stime 1 cutime 0 cstime 0 CPU usage 98)
	CPU temperature (celsius): socket 0: 65 socket 1: 71[0m
EAR[514408](hratio_l30) at 2.60/1.47 in tcn361 MR[0] elapsed 3835 sec.: [32mLoop time: 1.108s DC Power: [35m438.8W[32m DRAM power: 0.00W PCK power: 395.57W
	avg. CPUFreq: 2.57GHz avg. IMCFreq: 1.47GHz
	CPI: 0.484 VPI: 0.00, Mem. bwidth: 0.15GB/s GFLOPS: 0.00 I/O: 0.01MB/s No MPI  
	TPI 0.02 Cache miss rates: L1 0.53GB/s L2 0.00GB/s L3 0.00GB/s
	Total MPI calls 3
	IO DATA: rchar 4610 wchar 8843 syscr 51 syscw 27 read_bytes 0 write_bytes 303104
	Process OS info: (pid 514408 state R utime 1085 stime 1 cutime 0 cstime 0 CPU usage 98)
	CPU temperature (celsius): socket 0: 65 socket 1: 71[0m
EAR[514408](hratio_l30) at 2.60/1.47 in tcn361 MR[0] elapsed 3847 sec.: [32mLoop time: 1.108s DC Power: [35m488.0W[32m DRAM power: 0.00W PCK power: 395.38W
	avg. CPUFreq: 2.57GHz avg. IMCFreq: 1.47GHz
	CPI: 0.484 VPI: 0.00, Mem. bwidth: 0.11GB/s GFLOPS: 0.00 I/O: 0.01MB/s No MPI  
	TPI 0.02 Cache miss rates: L1 0.55GB/s L2 0.00GB/s L3 0.00GB/s
	Total MPI calls 3
	IO DATA: rchar 4610 wchar 8843 syscr 51 syscw 27 read_bytes 0 write_bytes 380928
	Process OS info: (pid 514408 state R utime 1093 stime 0 cutime 0 cstime 0 CPU usage 98)
	CPU temperature (celsius): socket 0: 65 socket 1: 71[0m
EAR[514408](hratio_l30) at 2.60/1.47 in tcn361 MR[0] elapsed 3858 sec.: [32mLoop time: 1.107s DC Power: [35m487.6W[32m DRAM power: 0.00W PCK power: 395.39W
	avg. CPUFreq: 2.57GHz avg. IMCFreq: 1.47GHz
	CPI: 0.484 VPI: 0.00, Mem. bwidth: 0.11GB/s GFLOPS: 0.00 I/O: 0.01MB/s No MPI  
	TPI 0.02 Cache miss rates: L1 0.54GB/s L2 0.00GB/s L3 0.00GB/s
	Total MPI calls 3
	IO DATA: rchar 4610 wchar 8843 syscr 51 syscw 27 read_bytes 0 write_bytes 303104
	Process OS info: (pid 514408 state R utime 1092 stime 1 cutime 0 cstime 0 CPU usage 98)
	CPU temperature (celsius): socket 0: 65 socket 1: 71[0m
EAR[514408](hratio_l30) at 2.60/1.47 in tcn361 MR[0] elapsed 3869 sec.: [32mLoop time: 1.108s DC Power: [35m487.5W[32m DRAM power: 0.00W PCK power: 395.56W
	avg. CPUFreq: 2.57GHz avg. IMCFreq: 1.47GHz
	CPI: 0.484 VPI: 0.00, Mem. bwidth: 0.16GB/s GFLOPS: 0.00 I/O: 0.01MB/s No MPI  
	TPI 0.02 Cache miss rates: L1 0.55GB/s L2 0.00GB/s L3 0.00GB/s
	Total MPI calls 3
	IO DATA: rchar 4610 wchar 8843 syscr 51 syscw 27 read_bytes 0 write_bytes 299008
	Process OS info: (pid 514408 state R utime 1086 stime 0 cutime 0 cstime 0 CPU usage 98)
	CPU temperature (celsius): socket 0: 65 socket 1: 71[0m
EAR[514408](hratio_l30) at 2.60/1.47 in tcn361 MR[0] elapsed 3880 sec.: [32mLoop time: 1.108s DC Power: [35m438.6W[32m DRAM power: 0.00W PCK power: 395.44W
	avg. CPUFreq: 2.57GHz avg. IMCFreq: 1.47GHz
	CPI: 0.483 VPI: 0.00, Mem. bwidth: 0.12GB/s GFLOPS: 0.00 I/O: 0.01MB/s No MPI  
	TPI 0.02 Cache miss rates: L1 0.54GB/s L2 0.00GB/s L3 0.00GB/s
	Total MPI calls 3
	IO DATA: rchar 4610 wchar 8843 syscr 51 syscw 27 read_bytes 0 write_bytes 294912
	Process OS info: (pid 514408 state R utime 1091 stime 1 cutime 0 cstime 0 CPU usage 98)
	CPU temperature (celsius): socket 0: 65 socket 1: 71[0m
EAR[514408](hratio_l30) at 2.60/1.47 in tcn361 MR[0] elapsed 3891 sec.: [32mLoop time: 1.108s DC Power: [35m438.7W[32m DRAM power: 0.00W PCK power: 395.44W
	avg. CPUFreq: 2.57GHz avg. IMCFreq: 1.47GHz
	CPI: 0.484 VPI: 0.00, Mem. bwidth: 0.13GB/s GFLOPS: 0.00 I/O: 0.01MB/s No MPI  
	TPI 0.02 Cache miss rates: L1 0.52GB/s L2 0.00GB/s L3 0.00GB/s
	Total MPI calls 3
	IO DATA: rchar 4610 wchar 8843 syscr 51 syscw 27 read_bytes 0 write_bytes 393216
	Process OS info: (pid 514408 state R utime 1093 stime 1 cutime 0 cstime 0 CPU usage 98)
	CPU temperature (celsius): socket 0: 65 socket 1: 70[0m
EAR[514408](hratio_l30) at 2.60/1.47 in tcn361 MR[0] elapsed 3902 sec.: [32mLoop time: 1.108s DC Power: [35m487.4W[32m DRAM power: 0.00W PCK power: 395.30W
	avg. CPUFreq: 2.57GHz avg. IMCFreq: 1.47GHz
	CPI: 0.484 VPI: 0.00, Mem. bwidth: 0.12GB/s GFLOPS: 0.00 I/O: 0.01MB/s No MPI  
	TPI 0.02 Cache miss rates: L1 0.52GB/s L2 0.00GB/s L3 0.00GB/s
	Total MPI calls 3
	IO DATA: rchar 4610 wchar 8843 syscr 51 syscw 27 read_bytes 0 write_bytes 557056
	Process OS info: (pid 514408 state R utime 1086 stime 0 cutime 0 cstime 0 CPU usage 98)
	CPU temperature (celsius): socket 0: 65 socket 1: 71[0m
EAR[514408](hratio_l30) at 2.60/1.47 in tcn361 MR[0] elapsed 3913 sec.: [32mLoop time: 1.107s DC Power: [35m487.7W[32m DRAM power: 0.00W PCK power: 395.37W
	avg. CPUFreq: 2.57GHz avg. IMCFreq: 1.47GHz
	CPI: 0.484 VPI: 0.00, Mem. bwidth: 0.12GB/s GFLOPS: 0.00 I/O: 0.01MB/s No MPI  
	TPI 0.02 Cache miss rates: L1 0.52GB/s L2 0.00GB/s L3 0.00GB/s
	Total MPI calls 3
	IO DATA: rchar 4610 wchar 8843 syscr 51 syscw 27 read_bytes 0 write_bytes 294912
	Process OS info: (pid 514408 state R utime 1092 stime 1 cutime 0 cstime 0 CPU usage 98)
	CPU temperature (celsius): socket 0: 65 socket 1: 71[0m
EAR[514408](hratio_l30) at 2.60/1.47 in tcn361 MR[0] elapsed 3924 sec.: [32mLoop time: 1.107s DC Power: [35m438.9W[32m DRAM power: 0.00W PCK power: 395.55W
	avg. CPUFreq: 2.57GHz avg. IMCFreq: 1.47GHz
	CPI: 0.484 VPI: 0.00, Mem. bwidth: 0.15GB/s GFLOPS: 0.00 I/O: 0.01MB/s No MPI  
	TPI 0.02 Cache miss rates: L1 0.53GB/s L2 0.00GB/s L3 0.00GB/s
	Total MPI calls 3
	IO DATA: rchar 4610 wchar 8843 syscr 51 syscw 27 read_bytes 0 write_bytes 294912
	Process OS info: (pid 514408 state R utime 1092 stime 0 cutime 0 cstime 0 CPU usage 98)
	CPU temperature (celsius): socket 0: 65 socket 1: 71[0m
EAR[514408](hratio_l30) at 2.60/1.47 in tcn361 MR[0] elapsed 3935 sec.: [32mLoop time: 1.108s DC Power: [35m487.4W[32m DRAM power: 0.00W PCK power: 395.44W
	avg. CPUFreq: 2.58GHz avg. IMCFreq: 1.47GHz
	CPI: 0.484 VPI: 0.00, Mem. bwidth: 0.12GB/s GFLOPS: 0.00 I/O: 0.01MB/s No MPI  
	TPI 0.02 Cache miss rates: L1 0.49GB/s L2 0.00GB/s L3 0.00GB/s
	Total MPI calls 3
	IO DATA: rchar 4610 wchar 8843 syscr 51 syscw 27 read_bytes 0 write_bytes 294912
	Process OS info: (pid 514408 state R utime 1086 stime 1 cutime 0 cstime 0 CPU usage 98)
	CPU temperature (celsius): socket 0: 65 socket 1: 71[0m
EAR[514408](hratio_l30) at 2.60/1.47 in tcn361 MR[0] elapsed 3946 sec.: [32mLoop time: 1.107s DC Power: [35m438.9W[32m DRAM power: 0.00W PCK power: 395.49W
	avg. CPUFreq: 2.57GHz avg. IMCFreq: 1.47GHz
	CPI: 0.484 VPI: 0.00, Mem. bwidth: 0.11GB/s GFLOPS: 0.00 I/O: 0.01MB/s No MPI  
	TPI 0.02 Cache miss rates: L1 0.47GB/s L2 0.00GB/s L3 0.00GB/s
	Total MPI calls 3
	IO DATA: rchar 4610 wchar 8843 syscr 51 syscw 27 read_bytes 0 write_bytes 303104
	Process OS info: (pid 514408 state R utime 1092 stime 1 cutime 0 cstime 0 CPU usage 98)
	CPU temperature (celsius): socket 0: 65 socket 1: 71[0m
EAR[514408](hratio_l30) at 2.60/1.47 in tcn361 MR[0] elapsed 3957 sec.: [32mLoop time: 1.107s DC Power: [35m487.6W[32m DRAM power: 0.00W PCK power: 395.54W
	avg. CPUFreq: 2.57GHz avg. IMCFreq: 1.47GHz
	CPI: 0.484 VPI: 0.00, Mem. bwidth: 0.14GB/s GFLOPS: 0.00 I/O: 0.01MB/s No MPI  
	TPI 0.02 Cache miss rates: L1 0.49GB/s L2 0.00GB/s L3 0.00GB/s
	Total MPI calls 3
	IO DATA: rchar 4610 wchar 8843 syscr 51 syscw 27 read_bytes 0 write_bytes 299008
	Process OS info: (pid 514408 state R utime 1086 stime 0 cutime 0 cstime 0 CPU usage 98)
	CPU temperature (celsius): socket 0: 65 socket 1: 71[0m
EAR[514408](hratio_l30) at 2.60/1.47 in tcn361 MR[0] elapsed 3968 sec.: [32mLoop time: 1.107s DC Power: [35m439.1W[32m DRAM power: 0.00W PCK power: 395.80W
	avg. CPUFreq: 2.57GHz avg. IMCFreq: 1.47GHz
	CPI: 0.483 VPI: 0.00, Mem. bwidth: 0.10GB/s GFLOPS: 0.00 I/O: 0.01MB/s No MPI  
	TPI 0.01 Cache miss rates: L1 0.48GB/s L2 0.00GB/s L3 0.00GB/s
	Total MPI calls 3
	IO DATA: rchar 4610 wchar 8843 syscr 51 syscw 27 read_bytes 0 write_bytes 294912
	Process OS info: (pid 514408 state R utime 1092 stime 1 cutime 0 cstime 0 CPU usage 98)
	CPU temperature (celsius): socket 0: 65 socket 1: 70[0m
EAR[514408](hratio_l30) at 2.60/1.47 in tcn361 MR[0] elapsed 3979 sec.: [32mLoop time: 1.109s DC Power: [35m488.0W[32m DRAM power: 0.00W PCK power: 396.08W
	avg. CPUFreq: 2.57GHz avg. IMCFreq: 1.47GHz
	CPI: 0.482 VPI: 0.00, Mem. bwidth: 0.11GB/s GFLOPS: 0.00 I/O: 0.01MB/s No MPI  
	TPI 0.02 Cache miss rates: L1 0.50GB/s L2 0.00GB/s L3 0.00GB/s
	Total MPI calls 3
	IO DATA: rchar 4610 wchar 8843 syscr 51 syscw 27 read_bytes 0 write_bytes 303104
	Process OS info: (pid 514408 state R utime 1093 stime 1 cutime 0 cstime 0 CPU usage 98)
	CPU temperature (celsius): socket 0: 65 socket 1: 71[0m
EAR[514408](hratio_l30) at 2.60/1.47 in tcn361 MR[0] elapsed 3991 sec.: [32mLoop time: 1.108s DC Power: [35m488.4W[32m DRAM power: 0.00W PCK power: 396.50W
	avg. CPUFreq: 2.57GHz avg. IMCFreq: 1.47GHz
	CPI: 0.481 VPI: 0.00, Mem. bwidth: 0.14GB/s GFLOPS: 0.00 I/O: 0.01MB/s No MPI  
	TPI 0.02 Cache miss rates: L1 0.51GB/s L2 0.00GB/s L3 0.00GB/s
	Total MPI calls 3
	IO DATA: rchar 4610 wchar 8843 syscr 51 syscw 27 read_bytes 0 write_bytes 303104
	Process OS info: (pid 514408 state R utime 1092 stime 1 cutime 0 cstime 0 CPU usage 98)
	CPU temperature (celsius): socket 0: 65 socket 1: 71[0m
EAR[514408](hratio_l30) at 2.60/1.47 in tcn361 MR[0] elapsed 4002 sec.: [32mLoop time: 1.108s DC Power: [35m488.1W[32m DRAM power: 0.00W PCK power: 396.50W
	avg. CPUFreq: 2.57GHz avg. IMCFreq: 1.47GHz
	CPI: 0.480 VPI: 0.00, Mem. bwidth: 0.13GB/s GFLOPS: 0.00 I/O: 0.01MB/s No MPI  
	TPI 0.02 Cache miss rates: L1 0.89GB/s L2 0.00GB/s L3 0.00GB/s
	Total MPI calls 3
	IO DATA: rchar 4610 wchar 8843 syscr 51 syscw 27 read_bytes 0 write_bytes 491520
	Process OS info: (pid 514408 state R utime 1093 stime 0 cutime 0 cstime 0 CPU usage 98)
	CPU temperature (celsius): socket 0: 65 socket 1: 71[0m
EAR[514408](hratio_l30) at 2.60/1.47 in tcn361 MR[0] elapsed 4013 sec.: [32mLoop time: 1.110s DC Power: [35m438.8W[32m DRAM power: 0.00W PCK power: 396.91W
	avg. CPUFreq: 2.57GHz avg. IMCFreq: 1.47GHz
	CPI: 0.479 VPI: 0.00, Mem. bwidth: 0.15GB/s GFLOPS: 0.00 I/O: 0.01MB/s No MPI  
	TPI 0.02 Cache miss rates: L1 1.08GB/s L2 0.00GB/s L3 0.00GB/s
	Total MPI calls 3
	IO DATA: rchar 4610 wchar 8843 syscr 51 syscw 27 read_bytes 0 write_bytes 303104
	Process OS info: (pid 514408 state R utime 1094 stime 1 cutime 0 cstime 0 CPU usage 98)
	CPU temperature (celsius): socket 0: 65 socket 1: 71[0m
EAR[514408](hratio_l30) at 2.60/1.47 in tcn361 MR[0] elapsed 4024 sec.: [32mLoop time: 1.107s DC Power: [35m488.6W[32m DRAM power: 0.00W PCK power: 397.09W
	avg. CPUFreq: 2.57GHz avg. IMCFreq: 1.47GHz
	CPI: 0.478 VPI: 0.00, Mem. bwidth: 0.14GB/s GFLOPS: 0.00 I/O: 0.01MB/s No MPI  
	TPI 0.02 Cache miss rates: L1 1.16GB/s L2 0.00GB/s L3 0.00GB/s
	Total MPI calls 3
	IO DATA: rchar 4610 wchar 8843 syscr 51 syscw 27 read_bytes 0 write_bytes 299008
	Process OS info: (pid 514408 state R utime 1085 stime 1 cutime 0 cstime 0 CPU usage 98)
	CPU temperature (celsius): socket 0: 65 socket 1: 71[0m
EAR[514408](hratio_l30) at 2.60/1.47 in tcn361 MR[0] elapsed 4035 sec.: [32mLoop time: 1.108s DC Power: [35m489.1W[32m DRAM power: 0.00W PCK power: 397.12W
	avg. CPUFreq: 2.57GHz avg. IMCFreq: 1.47GHz
	CPI: 0.478 VPI: 0.00, Mem. bwidth: 0.11GB/s GFLOPS: 0.00 I/O: 0.01MB/s No MPI  
	TPI 0.02 Cache miss rates: L1 1.13GB/s L2 0.00GB/s L3 0.00GB/s
	Total MPI calls 3
	IO DATA: rchar 4610 wchar 8843 syscr 51 syscw 27 read_bytes 0 write_bytes 356352
	Process OS info: (pid 514408 state R utime 1093 stime 0 cutime 0 cstime 0 CPU usage 98)
	CPU temperature (celsius): socket 0: 65 socket 1: 71[0m
EAR[514408](hratio_l30) at 2.60/1.47 in tcn361 MR[0] elapsed 4046 sec.: [32mLoop time: 1.108s DC Power: [35m489.3W[32m DRAM power: 0.00W PCK power: 397.28W
	avg. CPUFreq: 2.57GHz avg. IMCFreq: 1.47GHz
	CPI: 0.478 VPI: 0.00, Mem. bwidth: 0.15GB/s GFLOPS: 0.00 I/O: 0.01MB/s No MPI  
	TPI 0.02 Cache miss rates: L1 1.12GB/s L2 0.00GB/s L3 0.00GB/s
	Total MPI calls 3
	IO DATA: rchar 4610 wchar 8843 syscr 51 syscw 27 read_bytes 0 write_bytes 299008
	Process OS info: (pid 514408 state R utime 1086 stime 1 cutime 0 cstime 0 CPU usage 98)
	CPU temperature (celsius): socket 0: 65 socket 1: 71[0m
EAR[514408](hratio_l30) at 2.60/1.47 in tcn361 MR[0] elapsed 4057 sec.: [32mLoop time: 1.113s DC Power: [35m486.9W[32m DRAM power: 0.00W PCK power: 397.05W
	avg. CPUFreq: 2.57GHz avg. IMCFreq: 1.47GHz
	CPI: 0.479 VPI: 0.00, Mem. bwidth: 0.12GB/s GFLOPS: 0.00 I/O: 0.01MB/s No MPI  
	TPI 0.02 Cache miss rates: L1 1.10GB/s L2 0.00GB/s L3 0.00GB/s
	Total MPI calls 3
	IO DATA: rchar 4610 wchar 8843 syscr 51 syscw 27 read_bytes 0 write_bytes 471040
	Process OS info: (pid 514408 state R utime 1092 stime 1 cutime 0 cstime 0 CPU usage 98)
	CPU temperature (celsius): socket 0: 65 socket 1: 71[0m
EAR[514408](hratio_l30) at 2.60/1.47 in tcn361 MR[0] elapsed 4068 sec.: [32mLoop time: 1.107s DC Power: [35m391.5W[32m DRAM power: 0.00W PCK power: 397.23W
	avg. CPUFreq: 2.58GHz avg. IMCFreq: 1.47GHz
	CPI: 0.478 VPI: 0.00, Mem. bwidth: 0.11GB/s GFLOPS: 0.00 I/O: 0.01MB/s No MPI  
	TPI 0.02 Cache miss rates: L1 1.12GB/s L2 0.00GB/s L3 0.00GB/s
	Total MPI calls 3
	IO DATA: rchar 4610 wchar 8843 syscr 51 syscw 27 read_bytes 0 write_bytes 303104
	Process OS info: (pid 514408 state R utime 1092 stime 1 cutime 0 cstime 0 CPU usage 98)
	CPU temperature (celsius): socket 0: 65 socket 1: 71[0m
EAR[514408](hratio_l30) at 2.60/1.47 in tcn361 MR[0] elapsed 4079 sec.: [32mLoop time: 1.108s DC Power: [35m489.3W[32m DRAM power: 0.00W PCK power: 397.30W
	avg. CPUFreq: 2.57GHz avg. IMCFreq: 1.47GHz
	CPI: 0.478 VPI: 0.00, Mem. bwidth: 0.14GB/s GFLOPS: 0.00 I/O: 0.01MB/s No MPI  
	TPI 0.02 Cache miss rates: L1 1.12GB/s L2 0.00GB/s L3 0.00GB/s
	Total MPI calls 3
	IO DATA: rchar 4610 wchar 8843 syscr 51 syscw 27 read_bytes 0 write_bytes 299008
	Process OS info: (pid 514408 state R utime 1086 stime 1 cutime 0 cstime 0 CPU usage 98)
	CPU temperature (celsius): socket 0: 65 socket 1: 71[0m
EAR[514408](hratio_l30) at 2.60/1.47 in tcn361 MR[0] elapsed 4090 sec.: [32mLoop time: 1.108s DC Power: [35m489.3W[32m DRAM power: 0.00W PCK power: 397.21W
	avg. CPUFreq: 2.57GHz avg. IMCFreq: 1.47GHz
	CPI: 0.478 VPI: 0.00, Mem. bwidth: 0.12GB/s GFLOPS: 0.00 I/O: 0.01MB/s No MPI  
	TPI 0.02 Cache miss rates: L1 1.12GB/s L2 0.00GB/s L3 0.00GB/s
	Total MPI calls 3
	IO DATA: rchar 4610 wchar 8843 syscr 51 syscw 27 read_bytes 0 write_bytes 294912
	Process OS info: (pid 514408 state R utime 1092 stime 0 cutime 0 cstime 0 CPU usage 98)
	CPU temperature (celsius): socket 0: 65 socket 1: 71[0m
EAR[514408](hratio_l30) at 2.60/1.47 in tcn361 MR[0] elapsed 4101 sec.: [32mLoop time: 1.107s DC Power: [35m489.4W[32m DRAM power: 0.00W PCK power: 397.26W
	avg. CPUFreq: 2.57GHz avg. IMCFreq: 1.47GHz
	CPI: 0.478 VPI: 0.00, Mem. bwidth: 0.12GB/s GFLOPS: 0.00 I/O: 0.01MB/s No MPI  
	TPI 0.02 Cache miss rates: L1 1.13GB/s L2 0.00GB/s L3 0.00GB/s
	Total MPI calls 3
	IO DATA: rchar 4610 wchar 8843 syscr 51 syscw 27 read_bytes 0 write_bytes 294912
	Process OS info: (pid 514408 state R utime 1092 stime 1 cutime 0 cstime 0 CPU usage 98)
	CPU temperature (celsius): socket 0: 65 socket 1: 71[0m
EAR[514408](hratio_l30) at 2.60/1.47 in tcn361 MR[0] elapsed 4112 sec.: [32mLoop time: 1.108s DC Power: [35m440.4W[32m DRAM power: 0.00W PCK power: 397.16W
	avg. CPUFreq: 2.57GHz avg. IMCFreq: 1.47GHz
	CPI: 0.478 VPI: 0.00, Mem. bwidth: 0.12GB/s GFLOPS: 0.00 I/O: 0.01MB/s No MPI  
	TPI 0.02 Cache miss rates: L1 1.11GB/s L2 0.00GB/s L3 0.00GB/s
	Total MPI calls 3
	IO DATA: rchar 4610 wchar 8843 syscr 51 syscw 27 read_bytes 0 write_bytes 299008
	Process OS info: (pid 514408 state R utime 1086 stime 1 cutime 0 cstime 0 CPU usage 98)
	CPU temperature (celsius): socket 0: 65 socket 1: 71[0m
EAR[514408](hratio_l30) at 2.60/1.47 in tcn361 MR[0] elapsed 4124 sec.: [32mLoop time: 1.108s DC Power: [35m440.4W[32m DRAM power: 0.00W PCK power: 397.20W
	avg. CPUFreq: 2.58GHz avg. IMCFreq: 1.47GHz
	CPI: 0.478 VPI: 0.00, Mem. bwidth: 0.11GB/s GFLOPS: 0.00 I/O: 0.01MB/s No MPI  
	TPI 0.02 Cache miss rates: L1 1.12GB/s L2 0.00GB/s L3 0.00GB/s
	Total MPI calls 3
	IO DATA: rchar 4610 wchar 8843 syscr 51 syscw 27 read_bytes 0 write_bytes 299008
	Process OS info: (pid 514408 state R utime 1092 stime 1 cutime 0 cstime 0 CPU usage 98)
	CPU temperature (celsius): socket 0: 65 socket 1: 71[0m
EAR[514408](hratio_l30) at 2.60/1.47 in tcn361 MR[0] elapsed 4135 sec.: [32mLoop time: 1.108s DC Power: [35m489.3W[32m DRAM power: 0.00W PCK power: 397.41W
	avg. CPUFreq: 2.57GHz avg. IMCFreq: 1.47GHz
	CPI: 0.478 VPI: 0.00, Mem. bwidth: 0.14GB/s GFLOPS: 0.00 I/O: 0.01MB/s No MPI  
	TPI 0.02 Cache miss rates: L1 1.09GB/s L2 0.00GB/s L3 0.00GB/s
	Total MPI calls 3
	IO DATA: rchar 4610 wchar 8843 syscr 51 syscw 27 read_bytes 0 write_bytes 303104
	Process OS info: (pid 514408 state R utime 1092 stime 0 cutime 0 cstime 0 CPU usage 98)
	CPU temperature (celsius): socket 0: 65 socket 1: 71[0m
EAR[514408](hratio_l30) at 2.60/1.47 in tcn361 MR[0] elapsed 4146 sec.: [32mLoop time: 1.108s DC Power: [35m489.8W[32m DRAM power: 0.00W PCK power: 397.20W
	avg. CPUFreq: 2.57GHz avg. IMCFreq: 1.47GHz
	CPI: 0.478 VPI: 0.00, Mem. bwidth: 0.11GB/s GFLOPS: 0.00 I/O: 0.01MB/s No MPI  
	TPI 0.02 Cache miss rates: L1 1.08GB/s L2 0.00GB/s L3 0.00GB/s
	Total MPI calls 3
	IO DATA: rchar 4610 wchar 8843 syscr 51 syscw 27 read_bytes 0 write_bytes 344064
	Process OS info: (pid 514408 state R utime 1086 stime 1 cutime 0 cstime 0 CPU usage 98)
	CPU temperature (celsius): socket 0: 65 socket 1: 71[0m
EAR[514408](hratio_l30) at 2.60/1.47 in tcn361 MR[0] elapsed 4157 sec.: [32mLoop time: 1.108s DC Power: [35m441.2W[32m DRAM power: 0.00W PCK power: 397.17W
	avg. CPUFreq: 2.57GHz avg. IMCFreq: 1.47GHz
	CPI: 0.478 VPI: 0.00, Mem. bwidth: 0.11GB/s GFLOPS: 0.00 I/O: 0.01MB/s No MPI  
	TPI 0.02 Cache miss rates: L1 1.11GB/s L2 0.00GB/s L3 0.00GB/s
	Total MPI calls 3
	IO DATA: rchar 4610 wchar 8843 syscr 51 syscw 27 read_bytes 0 write_bytes 299008
	Process OS info: (pid 514408 state R utime 1093 stime 1 cutime 0 cstime 0 CPU usage 98)
	CPU temperature (celsius): socket 0: 65 socket 1: 71[0m
EAR[514408](hratio_l30) at 2.60/1.47 in tcn361 MR[0] elapsed 4168 sec.: [32mLoop time: 1.108s DC Power: [35m489.1W[32m DRAM power: 0.00W PCK power: 397.32W
	avg. CPUFreq: 2.57GHz avg. IMCFreq: 1.47GHz
	CPI: 0.478 VPI: 0.00, Mem. bwidth: 0.16GB/s GFLOPS: 0.00 I/O: 0.01MB/s No MPI  
	TPI 0.02 Cache miss rates: L1 1.14GB/s L2 0.00GB/s L3 0.00GB/s
	Total MPI calls 3
	IO DATA: rchar 4610 wchar 8843 syscr 51 syscw 27 read_bytes 0 write_bytes 466944
	Process OS info: (pid 514408 state R utime 1092 stime 0 cutime 0 cstime 0 CPU usage 98)
	CPU temperature (celsius): socket 0: 65 socket 1: 71[0m
EAR[514408](hratio_l30) at 2.60/1.47 in tcn361 MR[0] elapsed 4179 sec.: [32mLoop time: 1.107s DC Power: [35m489.5W[32m DRAM power: 0.00W PCK power: 397.14W
	avg. CPUFreq: 2.57GHz avg. IMCFreq: 1.47GHz
	CPI: 0.478 VPI: 0.00, Mem. bwidth: 0.13GB/s GFLOPS: 0.00 I/O: 0.01MB/s No MPI  
	TPI 0.02 Cache miss rates: L1 1.11GB/s L2 0.00GB/s L3 0.00GB/s
	Total MPI calls 3
	IO DATA: rchar 4610 wchar 8843 syscr 51 syscw 27 read_bytes 0 write_bytes 294912
	Process OS info: (pid 514408 state R utime 1091 stime 1 cutime 0 cstime 0 CPU usage 98)
	CPU temperature (celsius): socket 0: 65 socket 1: 71[0m
EAR[514408](hratio_l30) at 2.60/1.47 in tcn361 MR[0] elapsed 4190 sec.: [32mLoop time: 1.108s DC Power: [35m440.3W[32m DRAM power: 0.00W PCK power: 397.14W
	avg. CPUFreq: 2.57GHz avg. IMCFreq: 1.47GHz
	CPI: 0.478 VPI: 0.00, Mem. bwidth: 0.13GB/s GFLOPS: 0.00 I/O: 0.01MB/s No MPI  
	TPI 0.02 Cache miss rates: L1 1.11GB/s L2 0.00GB/s L3 0.00GB/s
	Total MPI calls 3
	IO DATA: rchar 4610 wchar 8843 syscr 51 syscw 27 read_bytes 0 write_bytes 294912
	Process OS info: (pid 514408 state R utime 1092 stime 1 cutime 0 cstime 0 CPU usage 98)
	CPU temperature (celsius): socket 0: 65 socket 1: 71[0m
EAR[514408](hratio_l30) at 2.60/1.47 in tcn361 MR[0] elapsed 4201 sec.: [32mLoop time: 1.107s DC Power: [35m440.5W[32m DRAM power: 0.00W PCK power: 397.21W
	avg. CPUFreq: 2.57GHz avg. IMCFreq: 1.47GHz
	CPI: 0.478 VPI: 0.00, Mem. bwidth: 0.15GB/s GFLOPS: 0.00 I/O: 0.01MB/s No MPI  
	TPI 0.02 Cache miss rates: L1 1.09GB/s L2 0.00GB/s L3 0.00GB/s
	Total MPI calls 3
	IO DATA: rchar 4610 wchar 8843 syscr 51 syscw 27 read_bytes 0 write_bytes 303104
	Process OS info: (pid 514408 state R utime 1085 stime 1 cutime 0 cstime 0 CPU usage 98)
	CPU temperature (celsius): socket 0: 65 socket 1: 71[0m
EAR[514408](hratio_l30) at 2.60/1.47 in tcn361 MR[0] elapsed 4212 sec.: [32mLoop time: 1.108s DC Power: [35m489.3W[32m DRAM power: 0.00W PCK power: 397.03W
	avg. CPUFreq: 2.57GHz avg. IMCFreq: 1.47GHz
	CPI: 0.478 VPI: 0.00, Mem. bwidth: 0.12GB/s GFLOPS: 0.00 I/O: 0.01MB/s No MPI  
	TPI 0.02 Cache miss rates: L1 1.11GB/s L2 0.00GB/s L3 0.00GB/s
	Total MPI calls 3
	IO DATA: rchar 4610 wchar 8843 syscr 51 syscw 27 read_bytes 0 write_bytes 294912
	Process OS info: (pid 514408 state R utime 1092 stime 0 cutime 0 cstime 0 CPU usage 98)
	CPU temperature (celsius): socket 0: 65 socket 1: 71[0m
EAR[514408](hratio_l30) at 2.60/1.47 in tcn361 MR[0] elapsed 4223 sec.: [32mLoop time: 1.108s DC Power: [35m489.3W[32m DRAM power: 0.00W PCK power: 397.19W
	avg. CPUFreq: 2.57GHz avg. IMCFreq: 1.47GHz
	CPI: 0.478 VPI: 0.00, Mem. bwidth: 0.14GB/s GFLOPS: 0.00 I/O: 0.01MB/s No MPI  
	TPI 0.02 Cache miss rates: L1 1.09GB/s L2 0.00GB/s L3 0.00GB/s
	Total MPI calls 3
	IO DATA: rchar 4610 wchar 8843 syscr 51 syscw 27 read_bytes 0 write_bytes 303104
	Process OS info: (pid 514408 state R utime 1092 stime 1 cutime 0 cstime 0 CPU usage 98)
	CPU temperature (celsius): socket 0: 65 socket 1: 71[0m
EAR[514408](hratio_l30) at 2.60/1.47 in tcn361 MR[0] elapsed 4234 sec.: [32mLoop time: 1.108s DC Power: [35m489.3W[32m DRAM power: 0.00W PCK power: 397.09W
	avg. CPUFreq: 2.57GHz avg. IMCFreq: 1.47GHz
	CPI: 0.478 VPI: 0.00, Mem. bwidth: 0.13GB/s GFLOPS: 0.00 I/O: 0.01MB/s No MPI  
	TPI 0.02 Cache miss rates: L1 1.07GB/s L2 0.00GB/s L3 0.00GB/s
	Total MPI calls 3
	IO DATA: rchar 4610 wchar 8843 syscr 51 syscw 27 read_bytes 0 write_bytes 438272
	Process OS info: (pid 514408 state R utime 1085 stime 1 cutime 0 cstime 0 CPU usage 98)
	CPU temperature (celsius): socket 0: 65 socket 1: 71[0m
EAR[514408](hratio_l30) at 2.60/1.47 in tcn361 MR[0] elapsed 4245 sec.: [32mLoop time: 1.108s DC Power: [35m391.4W[32m DRAM power: 0.00W PCK power: 397.02W
	avg. CPUFreq: 2.57GHz avg. IMCFreq: 1.47GHz
	CPI: 0.478 VPI: 0.00, Mem. bwidth: 0.12GB/s GFLOPS: 0.00 I/O: 0.01MB/s No MPI  
	TPI 0.02 Cache miss rates: L1 1.08GB/s L2 0.00GB/s L3 0.00GB/s
	Total MPI calls 3
	IO DATA: rchar 4610 wchar 8843 syscr 51 syscw 27 read_bytes 0 write_bytes 294912
	Process OS info: (pid 514408 state R utime 1092 stime 1 cutime 0 cstime 0 CPU usage 98)
	CPU temperature (celsius): socket 0: 65 socket 1: 71[0m
EAR[514408](hratio_l30) at 2.60/1.47 in tcn361 MR[0] elapsed 4256 sec.: [32mLoop time: 1.108s DC Power: [35m489.3W[32m DRAM power: 0.00W PCK power: 397.30W
	avg. CPUFreq: 2.57GHz avg. IMCFreq: 1.47GHz
	CPI: 0.478 VPI: 0.00, Mem. bwidth: 0.17GB/s GFLOPS: 0.00 I/O: 0.01MB/s No MPI  
	TPI 0.02 Cache miss rates: L1 1.09GB/s L2 0.00GB/s L3 0.00GB/s
	Total MPI calls 3
	IO DATA: rchar 4610 wchar 8843 syscr 51 syscw 27 read_bytes 0 write_bytes 294912
	Process OS info: (pid 514408 state R utime 1091 stime 0 cutime 0 cstime 0 CPU usage 98)
	CPU temperature (celsius): socket 0: 65 socket 1: 71[0m
EAR[514408](hratio_l30) at 2.60/1.47 in tcn361 MR[0] elapsed 4267 sec.: [32mLoop time: 1.108s DC Power: [35m489.3W[32m DRAM power: 0.00W PCK power: 397.42W
	avg. CPUFreq: 2.57GHz avg. IMCFreq: 1.47GHz
	CPI: 0.478 VPI: 0.00, Mem. bwidth: 0.11GB/s GFLOPS: 0.00 I/O: 0.01MB/s No MPI  
	TPI 0.02 Cache miss rates: L1 1.09GB/s L2 0.00GB/s L3 0.00GB/s
	Total MPI calls 3
	IO DATA: rchar 4610 wchar 8843 syscr 51 syscw 27 read_bytes 0 write_bytes 303104
	Process OS info: (pid 514408 state R utime 1092 stime 1 cutime 0 cstime 0 CPU usage 98)
	CPU temperature (celsius): socket 0: 65 socket 1: 71[0m
EAR[514408](hratio_l30) at 2.60/1.47 in tcn361 MR[0] elapsed 4279 sec.: [32mLoop time: 1.108s DC Power: [35m489.1W[32m DRAM power: 0.00W PCK power: 397.37W
	avg. CPUFreq: 2.57GHz avg. IMCFreq: 1.47GHz
	CPI: 0.477 VPI: 0.00, Mem. bwidth: 0.12GB/s GFLOPS: 0.00 I/O: 0.01MB/s No MPI  
	TPI 0.02 Cache miss rates: L1 1.11GB/s L2 0.00GB/s L3 0.00GB/s
	Total MPI calls 3
	IO DATA: rchar 4610 wchar 8843 syscr 51 syscw 27 read_bytes 0 write_bytes 299008
	Process OS info: (pid 514408 state R utime 1093 stime 1 cutime 0 cstime 0 CPU usage 98)
	CPU temperature (celsius): socket 0: 65 socket 1: 71[0m
EAR[514408](hratio_l30) at 2.60/1.47 in tcn361 MR[0] elapsed 4290 sec.: [32mLoop time: 1.108s DC Power: [35m489.2W[32m DRAM power: 0.00W PCK power: 397.53W
	avg. CPUFreq: 2.57GHz avg. IMCFreq: 1.47GHz
	CPI: 0.477 VPI: 0.00, Mem. bwidth: 0.15GB/s GFLOPS: 0.00 I/O: 0.01MB/s No MPI  
	TPI 0.02 Cache miss rates: L1 1.11GB/s L2 0.00GB/s L3 0.00GB/s
	Total MPI calls 3
	IO DATA: rchar 4610 wchar 8843 syscr 51 syscw 27 read_bytes 0 write_bytes 303104
	Process OS info: (pid 514408 state R utime 1092 stime 1 cutime 0 cstime 0 CPU usage 98)
	CPU temperature (celsius): socket 0: 65 socket 1: 71[0m
EAR[514408](hratio_l30) at 2.60/1.47 in tcn361 MR[0] elapsed 4301 sec.: [32mLoop time: 1.108s DC Power: [35m489.0W[32m DRAM power: 0.00W PCK power: 397.41W
	avg. CPUFreq: 2.57GHz avg. IMCFreq: 1.47GHz
	CPI: 0.477 VPI: 0.00, Mem. bwidth: 0.13GB/s GFLOPS: 0.00 I/O: 0.01MB/s No MPI  
	TPI 0.02 Cache miss rates: L1 1.08GB/s L2 0.00GB/s L3 0.00GB/s
	Total MPI calls 3
	IO DATA: rchar 4610 wchar 8843 syscr 51 syscw 27 read_bytes 0 write_bytes 376832
	Process OS info: (pid 514408 state R utime 1090 stime 1 cutime 0 cstime 0 CPU usage 98)
	CPU temperature (celsius): socket 0: 65 socket 1: 71[0m
EAR[514408](hratio_l30) at 2.60/1.47 in tcn361 MR[0] elapsed 4312 sec.: [32mLoop time: 1.108s DC Power: [35m489.8W[32m DRAM power: 0.00W PCK power: 397.58W
	avg. CPUFreq: 2.57GHz avg. IMCFreq: 1.47GHz
	CPI: 0.477 VPI: 0.00, Mem. bwidth: 0.15GB/s GFLOPS: 0.00 I/O: 0.01MB/s No MPI  
	TPI 0.02 Cache miss rates: L1 1.11GB/s L2 0.00GB/s L3 0.00GB/s
	Total MPI calls 3
	IO DATA: rchar 4610 wchar 8843 syscr 51 syscw 27 read_bytes 0 write_bytes 290816
	Process OS info: (pid 514408 state R utime 1093 stime 0 cutime 0 cstime 0 CPU usage 98)
	CPU temperature (celsius): socket 0: 65 socket 1: 71[0m
EAR[514408](hratio_l30) at 2.60/1.47 in tcn361 MR[0] elapsed 4323 sec.: [32mLoop time: 1.108s DC Power: [35m490.3W[32m DRAM power: 0.00W PCK power: 397.48W
	avg. CPUFreq: 2.57GHz avg. IMCFreq: 1.47GHz
	CPI: 0.477 VPI: 0.00, Mem. bwidth: 0.11GB/s GFLOPS: 0.00 I/O: 0.01MB/s No MPI  
	TPI 0.02 Cache miss rates: L1 1.07GB/s L2 0.00GB/s L3 0.00GB/s
	Total MPI calls 3
	IO DATA: rchar 4610 wchar 8843 syscr 51 syscw 27 read_bytes 0 write_bytes 299008
	Process OS info: (pid 514408 state R utime 1085 stime 1 cutime 0 cstime 0 CPU usage 98)
	CPU temperature (celsius): socket 0: 65 socket 1: 71[0m
EAR[514408](hratio_l30) at 2.60/1.47 in tcn361 MR[0] elapsed 4334 sec.: [32mLoop time: 1.108s DC Power: [35m490.0W[32m DRAM power: 0.00W PCK power: 397.50W
	avg. CPUFreq: 2.57GHz avg. IMCFreq: 1.47GHz
	CPI: 0.477 VPI: 0.00, Mem. bwidth: 0.12GB/s GFLOPS: 0.00 I/O: 0.01MB/s No MPI  
	TPI 0.02 Cache miss rates: L1 1.07GB/s L2 0.00GB/s L3 0.00GB/s
	Total MPI calls 3
	IO DATA: rchar 4610 wchar 8843 syscr 51 syscw 27 read_bytes 0 write_bytes 294912
	Process OS info: (pid 514408 state R utime 1093 stime 1 cutime 0 cstime 0 CPU usage 98)
	CPU temperature (celsius): socket 0: 65 socket 1: 71[0m
EAR[514408](hratio_l30) at 2.60/1.47 in tcn361 MR[0] elapsed 4345 sec.: [32mLoop time: 1.108s DC Power: [35m489.8W[32m DRAM power: 0.00W PCK power: 397.62W
	avg. CPUFreq: 2.57GHz avg. IMCFreq: 1.47GHz
	CPI: 0.477 VPI: 0.00, Mem. bwidth: 0.15GB/s GFLOPS: 0.00 I/O: 0.01MB/s No MPI  
	TPI 0.02 Cache miss rates: L1 1.07GB/s L2 0.00GB/s L3 0.00GB/s
	Total MPI calls 3
	IO DATA: rchar 4610 wchar 8843 syscr 51 syscw 27 read_bytes 0 write_bytes 294912
	Process OS info: (pid 514408 state R utime 1086 stime 1 cutime 0 cstime 0 CPU usage 98)
	CPU temperature (celsius): socket 0: 65 socket 1: 71[0m
EAR[514408](hratio_l30) at 2.60/1.47 in tcn361 MR[0] elapsed 4356 sec.: [32mLoop time: 1.107s DC Power: [35m489.4W[32m DRAM power: 0.00W PCK power: 397.45W
	avg. CPUFreq: 2.57GHz avg. IMCFreq: 1.47GHz
	CPI: 0.477 VPI: 0.00, Mem. bwidth: 0.11GB/s GFLOPS: 0.00 I/O: 0.01MB/s No MPI  
	TPI 0.02 Cache miss rates: L1 1.06GB/s L2 0.00GB/s L3 0.00GB/s
	Total MPI calls 3
	IO DATA: rchar 4610 wchar 8843 syscr 51 syscw 27 read_bytes 0 write_bytes 294912
	Process OS info: (pid 514408 state R utime 1091 stime 1 cutime 0 cstime 0 CPU usage 98)
	CPU temperature (celsius): socket 0: 65 socket 1: 71[0m
EAR[514408](hratio_l30) at 2.60/1.47 in tcn361 MR[0] elapsed 4367 sec.: [32mLoop time: 1.108s DC Power: [35m440.4W[32m DRAM power: 0.00W PCK power: 397.50W
	avg. CPUFreq: 2.57GHz avg. IMCFreq: 1.47GHz
	CPI: 0.477 VPI: 0.00, Mem. bwidth: 0.12GB/s GFLOPS: 0.00 I/O: 0.01MB/s No MPI  
	TPI 0.02 Cache miss rates: L1 1.10GB/s L2 0.00GB/s L3 0.00GB/s
	Total MPI calls 3
	IO DATA: rchar 4610 wchar 8843 syscr 51 syscw 27 read_bytes 0 write_bytes 294912
	Process OS info: (pid 514408 state R utime 1092 stime 0 cutime 0 cstime 0 CPU usage 98)
	CPU temperature (celsius): socket 0: 65 socket 1: 71[0m
EAR[514408](hratio_l30) at 2.60/1.47 in tcn361 MR[0] elapsed 4378 sec.: [32mLoop time: 1.111s DC Power: [35m488.3W[32m DRAM power: 0.00W PCK power: 397.59W
	avg. CPUFreq: 2.57GHz avg. IMCFreq: 1.47GHz
	CPI: 0.477 VPI: 0.00, Mem. bwidth: 0.14GB/s GFLOPS: 0.00 I/O: 0.01MB/s No MPI  
	TPI 0.02 Cache miss rates: L1 1.09GB/s L2 0.00GB/s L3 0.00GB/s
	Total MPI calls 3
	IO DATA: rchar 4610 wchar 8843 syscr 51 syscw 27 read_bytes 0 write_bytes 303104
	Process OS info: (pid 514408 state R utime 1087 stime 1 cutime 0 cstime 0 CPU usage 97)
	CPU temperature (celsius): socket 0: 65 socket 1: 71[0m
EAR[514408](hratio_l30) at 2.60/1.47 in tcn361 MR[0] elapsed 4389 sec.: [32mLoop time: 1.108s DC Power: [35m489.7W[32m DRAM power: 0.00W PCK power: 397.59W
	avg. CPUFreq: 2.57GHz avg. IMCFreq: 1.47GHz
	CPI: 0.477 VPI: 0.00, Mem. bwidth: 0.11GB/s GFLOPS: 0.00 I/O: 0.01MB/s No MPI  
	TPI 0.02 Cache miss rates: L1 1.07GB/s L2 0.00GB/s L3 0.00GB/s
	Total MPI calls 3
	IO DATA: rchar 4610 wchar 8843 syscr 51 syscw 27 read_bytes 0 write_bytes 434176
	Process OS info: (pid 514408 state R utime 1091 stime 1 cutime 0 cstime 0 CPU usage 98)
	CPU temperature (celsius): socket 0: 65 socket 1: 71[0m
EAR[514408](hratio_l30) at 2.60/1.47 in tcn361 MR[0] elapsed 4400 sec.: [32mLoop time: 1.108s DC Power: [35m489.3W[32m DRAM power: 0.00W PCK power: 397.52W
	avg. CPUFreq: 2.57GHz avg. IMCFreq: 1.47GHz
	CPI: 0.477 VPI: 0.00, Mem. bwidth: 0.11GB/s GFLOPS: 0.00 I/O: 0.01MB/s No MPI  
	TPI 0.02 Cache miss rates: L1 1.06GB/s L2 0.00GB/s L3 0.00GB/s
	Total MPI calls 3
	IO DATA: rchar 4610 wchar 8843 syscr 51 syscw 27 read_bytes 0 write_bytes 294912
	Process OS info: (pid 514408 state R utime 1093 stime 1 cutime 0 cstime 0 CPU usage 98)
	CPU temperature (celsius): socket 0: 65 socket 1: 71[0m
EAR[514408](hratio_l30) at 2.60/1.47 in tcn361 MR[0] elapsed 4412 sec.: [32mLoop time: 1.108s DC Power: [35m489.8W[32m DRAM power: 0.00W PCK power: 398.21W
	avg. CPUFreq: 2.57GHz avg. IMCFreq: 1.47GHz
	CPI: 0.475 VPI: 0.00, Mem. bwidth: 0.14GB/s GFLOPS: 0.00 I/O: 0.01MB/s No MPI  
	TPI 0.02 Cache miss rates: L1 1.07GB/s L2 0.00GB/s L3 0.00GB/s
	Total MPI calls 3
	IO DATA: rchar 4610 wchar 8843 syscr 51 syscw 27 read_bytes 0 write_bytes 307200
	Process OS info: (pid 514408 state R utime 1085 stime 1 cutime 0 cstime 0 CPU usage 98)
	CPU temperature (celsius): socket 0: 65 socket 1: 71[0m
EAR[514408](hratio_l30) at 2.60/1.47 in tcn361 MR[0] elapsed 4423 sec.: [32mLoop time: 1.107s DC Power: [35m441.3W[32m DRAM power: 0.00W PCK power: 398.25W
	avg. CPUFreq: 2.57GHz avg. IMCFreq: 1.47GHz
	CPI: 0.474 VPI: 0.00, Mem. bwidth: 0.11GB/s GFLOPS: 0.00 I/O: 0.01MB/s No MPI  
	TPI 0.02 Cache miss rates: L1 1.08GB/s L2 0.00GB/s L3 0.00GB/s
	Total MPI calls 3
	IO DATA: rchar 4610 wchar 8843 syscr 51 syscw 27 read_bytes 0 write_bytes 303104
	Process OS info: (pid 514408 state R utime 1092 stime 0 cutime 0 cstime 0 CPU usage 98)
	CPU temperature (celsius): socket 0: 65 socket 1: 71[0m
EAR[514408](hratio_l30) at 2.60/1.47 in tcn361 MR[0] elapsed 4434 sec.: [32mLoop time: 1.108s DC Power: [35m441.2W[32m DRAM power: 0.00W PCK power: 398.37W
	avg. CPUFreq: 2.57GHz avg. IMCFreq: 1.47GHz
	CPI: 0.474 VPI: 0.00, Mem. bwidth: 0.15GB/s GFLOPS: 0.00 I/O: 0.01MB/s No MPI  
	TPI 0.02 Cache miss rates: L1 1.08GB/s L2 0.00GB/s L3 0.00GB/s
	Total MPI calls 3
	IO DATA: rchar 4610 wchar 8843 syscr 51 syscw 27 read_bytes 0 write_bytes 299008
	Process OS info: (pid 514408 state R utime 1093 stime 1 cutime 0 cstime 0 CPU usage 98)
	CPU temperature (celsius): socket 0: 65 socket 1: 71[0m
EAR[514408](hratio_l30) at 2.60/1.47 in tcn361 MR[0] elapsed 4445 sec.: [32mLoop time: 1.108s DC Power: [35m490.0W[32m DRAM power: 0.00W PCK power: 398.40W
	avg. CPUFreq: 2.57GHz avg. IMCFreq: 1.47GHz
	CPI: 0.474 VPI: 0.00, Mem. bwidth: 0.10GB/s GFLOPS: 0.00 I/O: 0.01MB/s No MPI  
	TPI 0.02 Cache miss rates: L1 1.06GB/s L2 0.00GB/s L3 0.00GB/s
	Total MPI calls 3
	IO DATA: rchar 4610 wchar 8843 syscr 51 syscw 27 read_bytes 0 write_bytes 425984
	Process OS info: (pid 514408 state R utime 1093 stime 0 cutime 0 cstime 0 CPU usage 98)
	CPU temperature (celsius): socket 0: 65 socket 1: 71[0m
EAR[514408](hratio_l30) at 2.60/1.47 in tcn361 MR[0] elapsed 4456 sec.: [32mLoop time: 1.107s DC Power: [35m490.3W[32m DRAM power: 0.00W PCK power: 398.31W
	avg. CPUFreq: 2.57GHz avg. IMCFreq: 1.47GHz
	CPI: 0.474 VPI: 0.00, Mem. bwidth: 0.11GB/s GFLOPS: 0.00 I/O: 0.01MB/s No MPI  
	TPI 0.02 Cache miss rates: L1 1.05GB/s L2 0.00GB/s L3 0.00GB/s
	Total MPI calls 3
	IO DATA: rchar 4610 wchar 8843 syscr 51 syscw 27 read_bytes 0 write_bytes 294912
	Process OS info: (pid 514408 state R utime 1091 stime 1 cutime 0 cstime 0 CPU usage 98)
	CPU temperature (celsius): socket 0: 65 socket 1: 71[0m
EAR[514408](hratio_l30) at 2.60/1.47 in tcn361 MR[0] elapsed 4467 sec.: [32mLoop time: 1.108s DC Power: [35m490.3W[32m DRAM power: 0.00W PCK power: 398.62W
	avg. CPUFreq: 2.58GHz avg. IMCFreq: 1.47GHz
	CPI: 0.473 VPI: 0.00, Mem. bwidth: 0.15GB/s GFLOPS: 0.00 I/O: 0.01MB/s No MPI  
	TPI 0.02 Cache miss rates: L1 1.17GB/s L2 0.00GB/s L3 0.00GB/s
	Total MPI calls 3
	IO DATA: rchar 4610 wchar 8843 syscr 51 syscw 27 read_bytes 0 write_bytes 294912
	Process OS info: (pid 514408 state R utime 1091 stime 1 cutime 0 cstime 0 CPU usage 98)
	CPU temperature (celsius): socket 0: 65 socket 1: 71[0m
EAR[514408](hratio_l30) at 2.60/1.47 in tcn361 MR[0] elapsed 4478 sec.: [32mLoop time: 1.107s DC Power: [35m442.0W[32m DRAM power: 0.00W PCK power: 398.76W
	avg. CPUFreq: 2.57GHz avg. IMCFreq: 1.47GHz
	CPI: 0.473 VPI: 0.00, Mem. bwidth: 0.11GB/s GFLOPS: 0.00 I/O: 0.01MB/s No MPI  
	TPI 0.02 Cache miss rates: L1 1.09GB/s L2 0.00GB/s L3 0.00GB/s
	Total MPI calls 3
	IO DATA: rchar 4610 wchar 8843 syscr 51 syscw 27 read_bytes 0 write_bytes 294912
	Process OS info: (pid 514408 state R utime 1090 stime 0 cutime 0 cstime 0 CPU usage 98)
	CPU temperature (celsius): socket 0: 65 socket 1: 71[0m
EAR[514408](hratio_l30) at 2.60/1.47 in tcn361 MR[0] elapsed 4489 sec.: [32mLoop time: 1.108s DC Power: [35m442.0W[32m DRAM power: 0.00W PCK power: 398.78W
	avg. CPUFreq: 2.57GHz avg. IMCFreq: 1.47GHz
	CPI: 0.473 VPI: 0.00, Mem. bwidth: 0.11GB/s GFLOPS: 0.00 I/O: 0.01MB/s No MPI  
	TPI 0.02 Cache miss rates: L1 1.04GB/s L2 0.00GB/s L3 0.00GB/s
	Total MPI calls 3
	IO DATA: rchar 4610 wchar 8843 syscr 51 syscw 27 read_bytes 0 write_bytes 294912
	Process OS info: (pid 514408 state R utime 1091 stime 1 cutime 0 cstime 0 CPU usage 98)
	CPU temperature (celsius): socket 0: 65 socket 1: 71[0m
EAR[514408](hratio_l30) at 2.60/1.47 in tcn361 MR[0] elapsed 4500 sec.: [32mLoop time: 1.108s DC Power: [35m491.2W[32m DRAM power: 0.00W PCK power: 398.85W
	avg. CPUFreq: 2.57GHz avg. IMCFreq: 1.47GHz
	CPI: 0.473 VPI: 0.00, Mem. bwidth: 0.18GB/s GFLOPS: 0.00 I/O: 0.01MB/s No MPI  
	TPI 0.03 Cache miss rates: L1 1.04GB/s L2 0.00GB/s L3 0.00GB/s
	Total MPI calls 3
	IO DATA: rchar 4610 wchar 8843 syscr 51 syscw 27 read_bytes 0 write_bytes 294912
	Process OS info: (pid 514408 state R utime 1086 stime 0 cutime 0 cstime 0 CPU usage 98)
	CPU temperature (celsius): socket 0: 65 socket 1: 71[0m
EAR[514408](hratio_l30) at 2.60/1.47 in tcn361 MR[0] elapsed 4511 sec.: [32mLoop time: 1.107s DC Power: [35m491.5W[32m DRAM power: 0.00W PCK power: 398.69W
	avg. CPUFreq: 2.57GHz avg. IMCFreq: 1.47GHz
	CPI: 0.473 VPI: 0.00, Mem. bwidth: 0.12GB/s GFLOPS: 0.00 I/O: 0.01MB/s No MPI  
	TPI 0.02 Cache miss rates: L1 1.07GB/s L2 0.00GB/s L3 0.00GB/s
	Total MPI calls 3
	IO DATA: rchar 4610 wchar 8843 syscr 51 syscw 27 read_bytes 0 write_bytes 294912
	Process OS info: (pid 514408 state R utime 1091 stime 1 cutime 0 cstime 0 CPU usage 98)
	CPU temperature (celsius): socket 0: 65 socket 1: 71[0m
EAR[514408](hratio_l30) at 2.60/1.47 in tcn361 MR[0] elapsed 4522 sec.: [32mLoop time: 1.108s DC Power: [35m442.0W[32m DRAM power: 0.00W PCK power: 398.90W
	avg. CPUFreq: 2.57GHz avg. IMCFreq: 1.47GHz
	CPI: 0.473 VPI: 0.00, Mem. bwidth: 0.13GB/s GFLOPS: 0.00 I/O: 0.01MB/s No MPI  
	TPI 0.02 Cache miss rates: L1 1.07GB/s L2 0.00GB/s L3 0.00GB/s
	Total MPI calls 3
	IO DATA: rchar 4610 wchar 8843 syscr 51 syscw 27 read_bytes 0 write_bytes 303104
	Process OS info: (pid 514408 state R utime 1092 stime 1 cutime 0 cstime 0 CPU usage 98)
	CPU temperature (celsius): socket 0: 65 socket 1: 71[0m
EAR[514408](hratio_l30) at 2.60/1.47 in tcn361 MR[0] elapsed 4533 sec.: [32mLoop time: 1.108s DC Power: [35m491.1W[32m DRAM power: 0.00W PCK power: 398.85W
	avg. CPUFreq: 2.57GHz avg. IMCFreq: 1.47GHz
	CPI: 0.472 VPI: 0.00, Mem. bwidth: 0.11GB/s GFLOPS: 0.00 I/O: 0.01MB/s No MPI  
	TPI 0.02 Cache miss rates: L1 1.04GB/s L2 0.00GB/s L3 0.00GB/s
	Total MPI calls 3
	IO DATA: rchar 4610 wchar 8843 syscr 51 syscw 27 read_bytes 0 write_bytes 434176
	Process OS info: (pid 514408 state R utime 1086 stime 0 cutime 0 cstime 0 CPU usage 98)
	CPU temperature (celsius): socket 0: 65 socket 1: 71[0m
EAR[514408](hratio_l30) at 2.60/1.47 in tcn361 MR[0] elapsed 4544 sec.: [32mLoop time: 1.108s DC Power: [35m442.0W[32m DRAM power: 0.00W PCK power: 398.89W
	avg. CPUFreq: 2.57GHz avg. IMCFreq: 1.47GHz
	CPI: 0.472 VPI: 0.00, Mem. bwidth: 0.13GB/s GFLOPS: 0.00 I/O: 0.01MB/s No MPI  
	TPI 0.02 Cache miss rates: L1 1.06GB/s L2 0.00GB/s L3 0.00GB/s
	Total MPI calls 3
	IO DATA: rchar 4610 wchar 8843 syscr 51 syscw 27 read_bytes 0 write_bytes 294912
	Process OS info: (pid 514408 state R utime 1092 stime 1 cutime 0 cstime 0 CPU usage 98)
	CPU temperature (celsius): socket 0: 65 socket 1: 71[0m
EAR[514408](hratio_l30) at 2.60/1.47 in tcn361 MR[0] elapsed 4556 sec.: [32mLoop time: 1.107s DC Power: [35m491.2W[32m DRAM power: 0.00W PCK power: 399.10W
	avg. CPUFreq: 2.57GHz avg. IMCFreq: 1.47GHz
	CPI: 0.472 VPI: 0.00, Mem. bwidth: 0.14GB/s GFLOPS: 0.00 I/O: 0.01MB/s No MPI  
	TPI 0.02 Cache miss rates: L1 1.06GB/s L2 0.00GB/s L3 0.00GB/s
	Total MPI calls 3
	IO DATA: rchar 4610 wchar 8843 syscr 51 syscw 27 read_bytes 0 write_bytes 294912
	Process OS info: (pid 514408 state R utime 1086 stime 1 cutime 0 cstime 0 CPU usage 98)
	CPU temperature (celsius): socket 0: 65 socket 1: 71[0m
EAR[514408](hratio_l30) at 2.60/1.47 in tcn361 MR[0] elapsed 4567 sec.: [32mLoop time: 1.108s DC Power: [35m491.1W[32m DRAM power: 0.00W PCK power: 398.95W
	avg. CPUFreq: 2.57GHz avg. IMCFreq: 1.47GHz
	CPI: 0.472 VPI: 0.00, Mem. bwidth: 0.11GB/s GFLOPS: 0.00 I/O: 0.01MB/s No MPI  
	TPI 0.02 Cache miss rates: L1 1.05GB/s L2 0.00GB/s L3 0.00GB/s
	Total MPI calls 3
	IO DATA: rchar 4610 wchar 8843 syscr 51 syscw 27 read_bytes 0 write_bytes 299008
	Process OS info: (pid 514408 state R utime 1092 stime 1 cutime 0 cstime 0 CPU usage 98)
	CPU temperature (celsius): socket 0: 65 socket 1: 71[0m
EAR[514408](hratio_l30) at 2.60/1.47 in tcn361 MR[0] elapsed 4578 sec.: [32mLoop time: 1.108s DC Power: [35m491.1W[32m DRAM power: 0.00W PCK power: 398.78W
	avg. CPUFreq: 2.57GHz avg. IMCFreq: 1.47GHz
	CPI: 0.473 VPI: 0.00, Mem. bwidth: 0.11GB/s GFLOPS: 0.00 I/O: 0.01MB/s No MPI  
	TPI 0.02 Cache miss rates: L1 1.07GB/s L2 0.00GB/s L3 0.00GB/s
	Total MPI calls 3
	IO DATA: rchar 4610 wchar 8843 syscr 51 syscw 27 read_bytes 0 write_bytes 303104
	Process OS info: (pid 514408 state R utime 1092 stime 0 cutime 0 cstime 0 CPU usage 98)
	CPU temperature (celsius): socket 0: 65 socket 1: 71[0m
EAR[514408](hratio_l30) at 2.60/1.47 in tcn361 MR[0] elapsed 4589 sec.: [32mLoop time: 1.108s DC Power: [35m491.1W[32m DRAM power: 0.00W PCK power: 399.05W
	avg. CPUFreq: 2.57GHz avg. IMCFreq: 1.47GHz
	CPI: 0.472 VPI: 0.00, Mem. bwidth: 0.15GB/s GFLOPS: 0.00 I/O: 0.01MB/s No MPI  
	TPI 0.02 Cache miss rates: L1 1.07GB/s L2 0.00GB/s L3 0.00GB/s
	Total MPI calls 3
	IO DATA: rchar 4610 wchar 8843 syscr 51 syscw 27 read_bytes 0 write_bytes 294912
	Process OS info: (pid 514408 state R utime 1086 stime 1 cutime 0 cstime 0 CPU usage 98)
	CPU temperature (celsius): socket 0: 65 socket 1: 71[0m
EAR[514408](hratio_l30) at 2.60/1.47 in tcn361 MR[0] elapsed 4600 sec.: [32mLoop time: 1.108s DC Power: [35m490.9W[32m DRAM power: 0.00W PCK power: 398.85W
	avg. CPUFreq: 2.57GHz avg. IMCFreq: 1.47GHz
	CPI: 0.472 VPI: 0.00, Mem. bwidth: 0.13GB/s GFLOPS: 0.00 I/O: 0.01MB/s No MPI  
	TPI 0.02 Cache miss rates: L1 1.06GB/s L2 0.00GB/s L3 0.00GB/s
	Total MPI calls 3
	IO DATA: rchar 4610 wchar 8843 syscr 51 syscw 27 read_bytes 0 write_bytes 409600
	Process OS info: (pid 514408 state R utime 1087 stime 1 cutime 0 cstime 0 CPU usage 98)
	CPU temperature (celsius): socket 0: 65 socket 1: 71[0m
EAR[514408](hratio_l30) at 2.60/1.47 in tcn361 MR[0] elapsed 4611 sec.: [32mLoop time: 1.108s DC Power: [35m441.7W[32m DRAM power: 0.00W PCK power: 399.03W
	avg. CPUFreq: 2.57GHz avg. IMCFreq: 1.47GHz
	CPI: 0.472 VPI: 0.00, Mem. bwidth: 0.14GB/s GFLOPS: 0.00 I/O: 0.01MB/s No MPI  
	TPI 0.02 Cache miss rates: L1 1.11GB/s L2 0.00GB/s L3 0.00GB/s
	Total MPI calls 3
	IO DATA: rchar 4610 wchar 8843 syscr 51 syscw 27 read_bytes 0 write_bytes 294912
	Process OS info: (pid 514408 state R utime 1092 stime 1 cutime 0 cstime 0 CPU usage 98)
	CPU temperature (celsius): socket 0: 65 socket 1: 71[0m
EAR[514408](hratio_l30) at 2.60/1.47 in tcn361 MR[0] elapsed 4622 sec.: [32mLoop time: 1.108s DC Power: [35m441.8W[32m DRAM power: 0.00W PCK power: 398.90W
	avg. CPUFreq: 2.57GHz avg. IMCFreq: 1.47GHz
	CPI: 0.472 VPI: 0.00, Mem. bwidth: 0.13GB/s GFLOPS: 0.00 I/O: 0.01MB/s No MPI  
	TPI 0.02 Cache miss rates: L1 1.06GB/s L2 0.00GB/s L3 0.00GB/s
	Total MPI calls 3
	IO DATA: rchar 4610 wchar 8843 syscr 51 syscw 27 read_bytes 0 write_bytes 294912
	Process OS info: (pid 514408 state R utime 1085 stime 0 cutime 0 cstime 0 CPU usage 97)
	CPU temperature (celsius): socket 0: 65 socket 1: 71[0m
EAR[514408](hratio_l30) at 2.60/1.47 in tcn361 MR[0] elapsed 4633 sec.: [32mLoop time: 1.108s DC Power: [35m491.1W[32m DRAM power: 0.00W PCK power: 398.94W
	avg. CPUFreq: 2.57GHz avg. IMCFreq: 1.47GHz
	CPI: 0.472 VPI: 0.00, Mem. bwidth: 0.12GB/s GFLOPS: 0.00 I/O: 0.01MB/s No MPI  
	TPI 0.02 Cache miss rates: L1 1.05GB/s L2 0.00GB/s L3 0.00GB/s
	Total MPI calls 3
	IO DATA: rchar 4610 wchar 8843 syscr 51 syscw 27 read_bytes 0 write_bytes 290816
	Process OS info: (pid 514408 state R utime 1092 stime 1 cutime 0 cstime 0 CPU usage 98)
	CPU temperature (celsius): socket 0: 65 socket 1: 71[0m
EAR[514408](hratio_l30) at 2.60/1.47 in tcn361 MR[0] elapsed 4644 sec.: [32mLoop time: 1.108s DC Power: [35m491.2W[32m DRAM power: 0.00W PCK power: 399.32W
	avg. CPUFreq: 2.57GHz avg. IMCFreq: 1.47GHz
	CPI: 0.471 VPI: 0.00, Mem. bwidth: 0.15GB/s GFLOPS: 0.00 I/O: 0.01MB/s No MPI  
	TPI 0.02 Cache miss rates: L1 1.05GB/s L2 0.00GB/s L3 0.00GB/s
	Total MPI calls 3
	IO DATA: rchar 4610 wchar 8843 syscr 51 syscw 27 read_bytes 0 write_bytes 294912
	Process OS info: (pid 514408 state R utime 1092 stime 1 cutime 0 cstime 0 CPU usage 98)
	CPU temperature (celsius): socket 0: 65 socket 1: 71[0m
EAR[514408](hratio_l30) at 2.60/1.47 in tcn361 MR[0] elapsed 4655 sec.: [32mLoop time: 1.108s DC Power: [35m491.1W[32m DRAM power: 0.00W PCK power: 399.29W
	avg. CPUFreq: 2.57GHz avg. IMCFreq: 1.47GHz
	CPI: 0.471 VPI: 0.00, Mem. bwidth: 0.12GB/s GFLOPS: 0.00 I/O: 0.01MB/s No MPI  
	TPI 0.02 Cache miss rates: L1 1.07GB/s L2 0.00GB/s L3 0.00GB/s
	Total MPI calls 3
	IO DATA: rchar 4610 wchar 8843 syscr 51 syscw 27 read_bytes 0 write_bytes 299008
	Process OS info: (pid 514408 state R utime 1086 stime 0 cutime 0 cstime 0 CPU usage 98)
	CPU temperature (celsius): socket 0: 65 socket 1: 71[0m
EAR[514408](hratio_l30) at 2.60/1.47 in tcn361 MR[0] elapsed 4666 sec.: [32mLoop time: 1.107s DC Power: [35m442.5W[32m DRAM power: 0.00W PCK power: 399.68W
	avg. CPUFreq: 2.57GHz avg. IMCFreq: 1.47GHz
	CPI: 0.470 VPI: 0.00, Mem. bwidth: 0.12GB/s GFLOPS: 0.00 I/O: 0.01MB/s No MPI  
	TPI 0.02 Cache miss rates: L1 1.06GB/s L2 0.00GB/s L3 0.00GB/s
	Total MPI calls 3
	IO DATA: rchar 4610 wchar 8843 syscr 51 syscw 27 read_bytes 0 write_bytes 442368
	Process OS info: (pid 514408 state R utime 1092 stime 1 cutime 0 cstime 0 CPU usage 98)
	CPU temperature (celsius): socket 0: 66 socket 1: 71[0m
EAR[514408](hratio_l30) at 2.60/1.47 in tcn361 MR[0] elapsed 4677 sec.: [32mLoop time: 1.108s DC Power: [35m492.1W[32m DRAM power: 0.00W PCK power: 399.77W
	avg. CPUFreq: 2.57GHz avg. IMCFreq: 1.47GHz
	CPI: 0.470 VPI: 0.00, Mem. bwidth: 0.14GB/s GFLOPS: 0.00 I/O: 0.01MB/s No MPI  
	TPI 0.02 Cache miss rates: L1 1.07GB/s L2 0.00GB/s L3 0.00GB/s
	Total MPI calls 3
	IO DATA: rchar 4610 wchar 8843 syscr 51 syscw 27 read_bytes 0 write_bytes 364544
	Process OS info: (pid 514408 state R utime 1092 stime 1 cutime 0 cstime 0 CPU usage 98)
	CPU temperature (celsius): socket 0: 65 socket 1: 71[0m
EAR[514408](hratio_l30) at 2.60/1.47 in tcn361 MR[0] elapsed 4688 sec.: [32mLoop time: 1.109s DC Power: [35m491.4W[32m DRAM power: 0.00W PCK power: 399.97W
	avg. CPUFreq: 2.57GHz avg. IMCFreq: 1.47GHz
	CPI: 0.469 VPI: 0.00, Mem. bwidth: 0.24GB/s GFLOPS: 0.00 I/O: 0.01MB/s No MPI  
	TPI 0.04 Cache miss rates: L1 1.08GB/s L2 0.00GB/s L3 0.00GB/s
	Total MPI calls 3
	IO DATA: rchar 4610 wchar 8843 syscr 51 syscw 27 read_bytes 0 write_bytes 299008
	Process OS info: (pid 514408 state R utime 1036 stime 1 cutime 0 cstime 0 CPU usage 93)
	CPU temperature (celsius): socket 0: 65 socket 1: 71[0m
EAR[514408](hratio_l30) at 2.60/1.47 in tcn361 MR[0] elapsed 4700 sec.: [32mLoop time: 1.107s DC Power: [35m492.1W[32m DRAM power: 0.00W PCK power: 400.15W
	avg. CPUFreq: 2.57GHz avg. IMCFreq: 1.47GHz
	CPI: 0.469 VPI: 0.00, Mem. bwidth: 0.34GB/s GFLOPS: 0.00 I/O: 0.01MB/s No MPI  
	TPI 0.05 Cache miss rates: L1 1.07GB/s L2 0.00GB/s L3 0.00GB/s
	Total MPI calls 3
	IO DATA: rchar 4610 wchar 8843 syscr 51 syscw 27 read_bytes 0 write_bytes 303104
	Process OS info: (pid 514408 state R utime 1089 stime 0 cutime 0 cstime 0 CPU usage 98)
	CPU temperature (celsius): socket 0: 65 socket 1: 71[0m
EAR[514408](hratio_l30) at 2.60/1.47 in tcn361 MR[0] elapsed 4711 sec.: [32mLoop time: 1.108s DC Power: [35m442.7W[32m DRAM power: 0.00W PCK power: 400.11W
	avg. CPUFreq: 2.57GHz avg. IMCFreq: 1.47GHz
	CPI: 0.469 VPI: 0.00, Mem. bwidth: 0.36GB/s GFLOPS: 0.00 I/O: 0.01MB/s No MPI  
	TPI 0.05 Cache miss rates: L1 1.08GB/s L2 0.00GB/s L3 0.00GB/s
	Total MPI calls 3
	IO DATA: rchar 4610 wchar 8843 syscr 51 syscw 27 read_bytes 0 write_bytes 299008
	Process OS info: (pid 514408 state R utime 1078 stime 1 cutime 0 cstime 0 CPU usage 97)
	CPU temperature (celsius): socket 0: 65 socket 1: 71[0m
EAR[514408](hratio_l30) at 2.60/1.47 in tcn361 MR[0] elapsed 4722 sec.: [32mLoop time: 1.109s DC Power: [35m490.8W[32m DRAM power: 0.00W PCK power: 400.04W
	avg. CPUFreq: 2.57GHz avg. IMCFreq: 1.47GHz
	CPI: 0.469 VPI: 0.00, Mem. bwidth: 0.30GB/s GFLOPS: 0.00 I/O: 0.01MB/s No MPI  
	TPI 0.04 Cache miss rates: L1 1.07GB/s L2 0.00GB/s L3 0.00GB/s
	Total MPI calls 3
	IO DATA: rchar 4610 wchar 8843 syscr 51 syscw 27 read_bytes 0 write_bytes 303104
	Process OS info: (pid 514408 state R utime 1077 stime 1 cutime 0 cstime 0 CPU usage 97)
	CPU temperature (celsius): socket 0: 65 socket 1: 71[0m
EAR[514408](hratio_l30) at 2.60/1.47 in tcn361 MR[0] elapsed 4733 sec.: [32mLoop time: 1.109s DC Power: [35m442.4W[32m DRAM power: 0.00W PCK power: 400.97W
	avg. CPUFreq: 2.57GHz avg. IMCFreq: 1.47GHz
	CPI: 0.469 VPI: 0.00, Mem. bwidth: 0.42GB/s GFLOPS: 0.00 I/O: 0.01MB/s No MPI  
	TPI 0.06 Cache miss rates: L1 1.05GB/s L2 0.00GB/s L3 0.00GB/s
	Total MPI calls 3
	IO DATA: rchar 4610 wchar 8843 syscr 51 syscw 27 read_bytes 0 write_bytes 294912
	Process OS info: (pid 514408 state R utime 1092 stime 1 cutime 0 cstime 0 CPU usage 98)
	CPU temperature (celsius): socket 0: 65 socket 1: 71[0m
EAR[514408](hratio_l30) at 2.60/1.47 in tcn361 MR[0] elapsed 4744 sec.: [32mLoop time: 1.108s DC Power: [35m491.9W[32m DRAM power: 0.00W PCK power: 400.06W
	avg. CPUFreq: 2.57GHz avg. IMCFreq: 1.47GHz
	CPI: 0.468 VPI: 0.00, Mem. bwidth: 0.15GB/s GFLOPS: 0.00 I/O: 0.01MB/s No MPI  
	TPI 0.02 Cache miss rates: L1 1.06GB/s L2 0.00GB/s L3 0.00GB/s
	Total MPI calls 3
	IO DATA: rchar 4610 wchar 8843 syscr 51 syscw 27 read_bytes 0 write_bytes 294912
	Process OS info: (pid 514408 state R utime 1092 stime 0 cutime 0 cstime 0 CPU usage 98)
	CPU temperature (celsius): socket 0: 65 socket 1: 71[0m
EAR[514408](hratio_l30) at 2.60/1.47 in tcn361 MR[0] elapsed 4755 sec.: [32mLoop time: 1.107s DC Power: [35m442.9W[32m DRAM power: 0.00W PCK power: 400.44W
	avg. CPUFreq: 2.57GHz avg. IMCFreq: 1.47GHz
	CPI: 0.467 VPI: 0.00, Mem. bwidth: 0.12GB/s GFLOPS: 0.00 I/O: 0.01MB/s No MPI  
	TPI 0.02 Cache miss rates: L1 1.12GB/s L2 0.00GB/s L3 0.00GB/s
	Total MPI calls 3
	IO DATA: rchar 4610 wchar 8843 syscr 51 syscw 27 read_bytes 0 write_bytes 344064
	Process OS info: (pid 514408 state R utime 1091 stime 1 cutime 0 cstime 0 CPU usage 98)
	CPU temperature (celsius): socket 0: 65 socket 1: 71[0m
EAR[514408](hratio_l30) at 2.60/1.47 in tcn361 MR[0] elapsed 4766 sec.: [32mLoop time: 1.108s DC Power: [35m491.9W[32m DRAM power: 0.00W PCK power: 400.61W
	avg. CPUFreq: 2.57GHz avg. IMCFreq: 1.47GHz
	CPI: 0.467 VPI: 0.00, Mem. bwidth: 0.15GB/s GFLOPS: 0.00 I/O: 0.01MB/s No MPI  
	TPI 0.02 Cache miss rates: L1 1.07GB/s L2 0.00GB/s L3 0.00GB/s
	Total MPI calls 3
	IO DATA: rchar 4610 wchar 8843 syscr 51 syscw 27 read_bytes 0 write_bytes 294912
	Process OS info: (pid 514408 state R utime 1093 stime 1 cutime 0 cstime 0 CPU usage 98)
	CPU temperature (celsius): socket 0: 65 socket 1: 71[0m
EAR[514408](hratio_l30) at 2.60/1.47 in tcn361 MR[0] elapsed 4777 sec.: [32mLoop time: 1.108s DC Power: [35m492.0W[32m DRAM power: 0.00W PCK power: 400.48W
	avg. CPUFreq: 2.58GHz avg. IMCFreq: 1.47GHz
	CPI: 0.467 VPI: 0.00, Mem. bwidth: 0.12GB/s GFLOPS: 0.00 I/O: 0.01MB/s No MPI  
	TPI 0.02 Cache miss rates: L1 1.07GB/s L2 0.00GB/s L3 0.00GB/s
	Total MPI calls 3
	IO DATA: rchar 4610 wchar 8843 syscr 51 syscw 27 read_bytes 0 write_bytes 299008
	Process OS info: (pid 514408 state R utime 1091 stime 0 cutime 0 cstime 0 CPU usage 98)
	CPU temperature (celsius): socket 0: 65 socket 1: 71[0m
EAR[514408](hratio_l30) at 2.60/1.47 in tcn361 MR[0] elapsed 4788 sec.: [32mLoop time: 1.108s DC Power: [35m442.9W[32m DRAM power: 0.00W PCK power: 400.47W
	avg. CPUFreq: 2.57GHz avg. IMCFreq: 1.47GHz
	CPI: 0.467 VPI: 0.00, Mem. bwidth: 0.12GB/s GFLOPS: 0.00 I/O: 0.01MB/s No MPI  
	TPI 0.02 Cache miss rates: L1 1.01GB/s L2 0.00GB/s L3 0.00GB/s
	Total MPI calls 3
	IO DATA: rchar 4610 wchar 8843 syscr 51 syscw 27 read_bytes 0 write_bytes 299008
	Process OS info: (pid 514408 state R utime 1092 stime 1 cutime 0 cstime 0 CPU usage 98)
	CPU temperature (celsius): socket 0: 65 socket 1: 71[0m
EAR[514408](hratio_l30) at 2.60/1.47 in tcn361 MR[0] elapsed 4799 sec.: [32mLoop time: 1.108s DC Power: [35m491.9W[32m DRAM power: 0.00W PCK power: 400.60W
	avg. CPUFreq: 2.57GHz avg. IMCFreq: 1.47GHz
	CPI: 0.467 VPI: 0.00, Mem. bwidth: 0.15GB/s GFLOPS: 0.00 I/O: 0.01MB/s No MPI  
	TPI 0.02 Cache miss rates: L1 1.04GB/s L2 0.00GB/s L3 0.00GB/s
	Total MPI calls 3
	IO DATA: rchar 4610 wchar 8843 syscr 51 syscw 27 read_bytes 0 write_bytes 299008
	Process OS info: (pid 514408 state R utime 1093 stime 1 cutime 0 cstime 0 CPU usage 98)
	CPU temperature (celsius): socket 0: 65 socket 1: 71[0m
EAR[514408](hratio_l30) at 2.60/1.47 in tcn361 MR[0] elapsed 4810 sec.: [32mLoop time: 1.107s DC Power: [35m492.1W[32m DRAM power: 0.00W PCK power: 400.42W
	avg. CPUFreq: 2.57GHz avg. IMCFreq: 1.47GHz
	CPI: 0.467 VPI: 0.00, Mem. bwidth: 0.12GB/s GFLOPS: 0.00 I/O: 0.01MB/s No MPI  
	TPI 0.02 Cache miss rates: L1 1.05GB/s L2 0.00GB/s L3 0.00GB/s
	Total MPI calls 3
	IO DATA: rchar 4610 wchar 8843 syscr 51 syscw 27 read_bytes 0 write_bytes 303104
	Process OS info: (pid 514408 state R utime 1092 stime 0 cutime 0 cstime 0 CPU usage 98)
	CPU temperature (celsius): socket 0: 65 socket 1: 71[0m
EAR[514408](hratio_l30) at 2.60/1.47 in tcn361 MR[0] elapsed 4821 sec.: [32mLoop time: 1.107s DC Power: [35m492.3W[32m DRAM power: 0.00W PCK power: 400.59W
	avg. CPUFreq: 2.57GHz avg. IMCFreq: 1.47GHz
	CPI: 0.467 VPI: 0.00, Mem. bwidth: 0.13GB/s GFLOPS: 0.00 I/O: 0.01MB/s No MPI  
	TPI 0.02 Cache miss rates: L1 1.06GB/s L2 0.00GB/s L3 0.00GB/s
	Total MPI calls 3
	IO DATA: rchar 4610 wchar 8843 syscr 51 syscw 27 read_bytes 0 write_bytes 299008
	Process OS info: (pid 514408 state R utime 1091 stime 1 cutime 0 cstime 0 CPU usage 98)
	CPU temperature (celsius): socket 0: 65 socket 1: 71[0m
EAR[514408](hratio_l30) at 2.60/1.47 in tcn361 MR[0] elapsed 4832 sec.: [32mLoop time: 1.107s DC Power: [35m493.1W[32m DRAM power: 0.00W PCK power: 400.42W
	avg. CPUFreq: 2.57GHz avg. IMCFreq: 1.47GHz
	CPI: 0.467 VPI: 0.00, Mem. bwidth: 0.13GB/s GFLOPS: 0.00 I/O: 0.01MB/s No MPI  
	TPI 0.02 Cache miss rates: L1 1.04GB/s L2 0.00GB/s L3 0.00GB/s
	Total MPI calls 3
	IO DATA: rchar 4610 wchar 8843 syscr 51 syscw 27 read_bytes 0 write_bytes 294912
	Process OS info: (pid 514408 state R utime 1092 stime 1 cutime 0 cstime 0 CPU usage 98)
	CPU temperature (celsius): socket 0: 65 socket 1: 72[0m
EAR[514408](hratio_l30) at 2.60/1.47 in tcn361 MR[0] elapsed 4844 sec.: [32mLoop time: 1.110s DC Power: [35m491.7W[32m DRAM power: 0.00W PCK power: 401.10W
	avg. CPUFreq: 2.57GHz avg. IMCFreq: 1.47GHz
	CPI: 0.465 VPI: 0.00, Mem. bwidth: 0.12GB/s GFLOPS: 0.00 I/O: 0.01MB/s No MPI  
	TPI 0.02 Cache miss rates: L1 1.04GB/s L2 0.00GB/s L3 0.00GB/s
	Total MPI calls 3
	IO DATA: rchar 4610 wchar 8843 syscr 51 syscw 27 read_bytes 0 write_bytes 307200
	Process OS info: (pid 514408 state R utime 1092 stime 0 cutime 0 cstime 0 CPU usage 98)
	CPU temperature (celsius): socket 0: 66 socket 1: 71[0m
EAR[514408](hratio_l30) at 2.60/1.47 in tcn361 MR[0] elapsed 4855 sec.: [32mLoop time: 1.108s DC Power: [35m443.7W[32m DRAM power: 0.00W PCK power: 401.36W
	avg. CPUFreq: 2.57GHz avg. IMCFreq: 1.47GHz
	CPI: 0.464 VPI: 0.00, Mem. bwidth: 0.14GB/s GFLOPS: 0.00 I/O: 0.01MB/s No MPI  
	TPI 0.02 Cache miss rates: L1 1.03GB/s L2 0.00GB/s L3 0.00GB/s
	Total MPI calls 3
	IO DATA: rchar 4610 wchar 8843 syscr 51 syscw 27 read_bytes 0 write_bytes 303104
	Process OS info: (pid 514408 state R utime 1092 stime 1 cutime 0 cstime 0 CPU usage 98)
	CPU temperature (celsius): socket 0: 65 socket 1: 71[0m
EAR[514408](hratio_l30) at 2.60/1.47 in tcn361 MR[0] elapsed 4866 sec.: [32mLoop time: 1.107s DC Power: [35m493.1W[32m DRAM power: 0.00W PCK power: 401.22W
	avg. CPUFreq: 2.57GHz avg. IMCFreq: 1.47GHz
	CPI: 0.465 VPI: 0.00, Mem. bwidth: 0.11GB/s GFLOPS: 0.00 I/O: 0.01MB/s No MPI  
	TPI 0.02 Cache miss rates: L1 1.03GB/s L2 0.00GB/s L3 0.00GB/s
	Total MPI calls 3
	IO DATA: rchar 4610 wchar 8843 syscr 51 syscw 27 read_bytes 0 write_bytes 299008
	Process OS info: (pid 514408 state R utime 1092 stime 1 cutime 0 cstime 0 CPU usage 98)
	CPU temperature (celsius): socket 0: 65 socket 1: 71[0m
EAR[514408](hratio_l30) at 2.60/1.47 in tcn361 MR[0] elapsed 4877 sec.: [32mLoop time: 1.107s DC Power: [35m493.0W[32m DRAM power: 0.00W PCK power: 401.27W
	avg. CPUFreq: 2.57GHz avg. IMCFreq: 1.47GHz
	CPI: 0.464 VPI: 0.00, Mem. bwidth: 0.11GB/s GFLOPS: 0.00 I/O: 0.01MB/s No MPI  
	TPI 0.02 Cache miss rates: L1 1.04GB/s L2 0.00GB/s L3 0.00GB/s
	Total MPI calls 3
	IO DATA: rchar 4610 wchar 8843 syscr 51 syscw 27 read_bytes 0 write_bytes 294912
	Process OS info: (pid 514408 state R utime 1091 stime 0 cutime 0 cstime 0 CPU usage 98)
	CPU temperature (celsius): socket 0: 65 socket 1: 71[0m
EAR[514408](hratio_l30) at 2.60/1.47 in tcn361 MR[0] elapsed 4888 sec.: [32mLoop time: 1.108s DC Power: [35m492.8W[32m DRAM power: 0.00W PCK power: 401.35W
	avg. CPUFreq: 2.57GHz avg. IMCFreq: 1.47GHz
	CPI: 0.464 VPI: 0.00, Mem. bwidth: 0.16GB/s GFLOPS: 0.00 I/O: 0.01MB/s No MPI  
	TPI 0.02 Cache miss rates: L1 1.02GB/s L2 0.00GB/s L3 0.00GB/s
	Total MPI calls 3
	IO DATA: rchar 4610 wchar 8843 syscr 51 syscw 27 read_bytes 0 write_bytes 294912
	Process OS info: (pid 514408 state R utime 1092 stime 1 cutime 0 cstime 0 CPU usage 98)
	CPU temperature (celsius): socket 0: 65 socket 1: 71[0m
EAR[514408](hratio_l30) at 2.60/1.47 in tcn361 MR[0] elapsed 4899 sec.: [32mLoop time: 1.108s DC Power: [35m443.6W[32m DRAM power: 0.00W PCK power: 401.20W
	avg. CPUFreq: 2.57GHz avg. IMCFreq: 1.47GHz
	CPI: 0.464 VPI: 0.00, Mem. bwidth: 0.13GB/s GFLOPS: 0.00 I/O: 0.01MB/s No MPI  
	TPI 0.02 Cache miss rates: L1 1.09GB/s L2 0.00GB/s L3 0.00GB/s
	Total MPI calls 3
	IO DATA: rchar 4610 wchar 8843 syscr 51 syscw 27 read_bytes 0 write_bytes 294912
	Process OS info: (pid 514408 state R utime 1092 stime 1 cutime 0 cstime 0 CPU usage 98)
	CPU temperature (celsius): socket 0: 65 socket 1: 71[0m
EAR[514408](hratio_l30) at 2.60/1.47 in tcn361 MR[0] elapsed 4910 sec.: [32mLoop time: 1.107s DC Power: [35m443.7W[32m DRAM power: 0.00W PCK power: 401.50W
	avg. CPUFreq: 2.57GHz avg. IMCFreq: 1.47GHz
	CPI: 0.464 VPI: 0.00, Mem. bwidth: 0.12GB/s GFLOPS: 0.00 I/O: 0.01MB/s No MPI  
	TPI 0.02 Cache miss rates: L1 1.04GB/s L2 0.00GB/s L3 0.00GB/s
	Total MPI calls 3
	IO DATA: rchar 4610 wchar 8843 syscr 51 syscw 27 read_bytes 0 write_bytes 294912
	Process OS info: (pid 514408 state R utime 1093 stime 0 cutime 0 cstime 0 CPU usage 98)
	CPU temperature (celsius): socket 0: 65 socket 1: 71[0m
EAR[514408](hratio_l30) at 2.60/1.47 in tcn361 MR[0] elapsed 4921 sec.: [32mLoop time: 1.108s DC Power: [35m492.9W[32m DRAM power: 0.00W PCK power: 401.75W
	avg. CPUFreq: 2.57GHz avg. IMCFreq: 1.47GHz
	CPI: 0.463 VPI: 0.00, Mem. bwidth: 0.15GB/s GFLOPS: 0.00 I/O: 0.01MB/s No MPI  
	TPI 0.02 Cache miss rates: L1 1.02GB/s L2 0.00GB/s L3 0.00GB/s
	Total MPI calls 3
	IO DATA: rchar 4610 wchar 8843 syscr 51 syscw 27 read_bytes 0 write_bytes 393216
	Process OS info: (pid 514408 state R utime 1092 stime 1 cutime 0 cstime 0 CPU usage 98)
	CPU temperature (celsius): socket 0: 66 socket 1: 71[0m
EAR[514408](hratio_l30) at 2.60/1.47 in tcn361 MR[0] elapsed 4932 sec.: [32mLoop time: 1.108s DC Power: [35m492.8W[32m DRAM power: 0.00W PCK power: 401.66W
	avg. CPUFreq: 2.57GHz avg. IMCFreq: 1.47GHz
	CPI: 0.463 VPI: 0.00, Mem. bwidth: 0.11GB/s GFLOPS: 0.00 I/O: 0.01MB/s No MPI  
	TPI 0.02 Cache miss rates: L1 1.05GB/s L2 0.00GB/s L3 0.00GB/s
	Total MPI calls 3
	IO DATA: rchar 4610 wchar 8843 syscr 51 syscw 27 read_bytes 0 write_bytes 348160
	Process OS info: (pid 514408 state R utime 1093 stime 0 cutime 0 cstime 0 CPU usage 98)
	CPU temperature (celsius): socket 0: 65 socket 1: 72[0m
EAR[514408](hratio_l30) at 2.60/1.47 in tcn361 MR[0] elapsed 4943 sec.: [32mLoop time: 1.107s DC Power: [35m444.4W[32m DRAM power: 0.00W PCK power: 401.72W
	avg. CPUFreq: 2.57GHz avg. IMCFreq: 1.47GHz
	CPI: 0.463 VPI: 0.00, Mem. bwidth: 0.14GB/s GFLOPS: 0.00 I/O: 0.01MB/s No MPI  
	TPI 0.02 Cache miss rates: L1 1.05GB/s L2 0.00GB/s L3 0.00GB/s
	Total MPI calls 3
	IO DATA: rchar 4610 wchar 8843 syscr 51 syscw 27 read_bytes 0 write_bytes 294912
	Process OS info: (pid 514408 state R utime 1091 stime 1 cutime 0 cstime 0 CPU usage 98)
	CPU temperature (celsius): socket 0: 65 socket 1: 71[0m
EAR[514408](hratio_l30) at 2.60/1.47 in tcn361 MR[0] elapsed 4954 sec.: [32mLoop time: 1.107s DC Power: [35m493.0W[32m DRAM power: 0.00W PCK power: 401.62W
	avg. CPUFreq: 2.57GHz avg. IMCFreq: 1.47GHz
	CPI: 0.463 VPI: 0.00, Mem. bwidth: 0.11GB/s GFLOPS: 0.00 I/O: 0.01MB/s No MPI  
	TPI 0.02 Cache miss rates: L1 1.06GB/s L2 0.00GB/s L3 0.00GB/s
	Total MPI calls 3
	IO DATA: rchar 4610 wchar 8843 syscr 51 syscw 27 read_bytes 0 write_bytes 303104
	Process OS info: (pid 514408 state R utime 1092 stime 1 cutime 0 cstime 0 CPU usage 98)
	CPU temperature (celsius): socket 0: 65 socket 1: 72[0m
EAR[514408](hratio_l30) at 2.60/1.47 in tcn361 MR[0] elapsed 4965 sec.: [32mLoop time: 1.107s DC Power: [35m443.8W[32m DRAM power: 0.00W PCK power: 401.68W
	avg. CPUFreq: 2.57GHz avg. IMCFreq: 1.47GHz
	CPI: 0.463 VPI: 0.00, Mem. bwidth: 0.11GB/s GFLOPS: 0.00 I/O: 0.01MB/s No MPI  
	TPI 0.02 Cache miss rates: L1 1.06GB/s L2 0.00GB/s L3 0.00GB/s
	Total MPI calls 3
	IO DATA: rchar 4610 wchar 8843 syscr 51 syscw 27 read_bytes 0 write_bytes 299008
	Process OS info: (pid 514408 state R utime 1092 stime 0 cutime 0 cstime 0 CPU usage 98)
	CPU temperature (celsius): socket 0: 65 socket 1: 71[0m
EAR[514408](hratio_l30) at 2.60/1.47 in tcn361 MR[0] elapsed 4977 sec.: [32mLoop time: 1.108s DC Power: [35m492.8W[32m DRAM power: 0.00W PCK power: 401.78W
	avg. CPUFreq: 2.57GHz avg. IMCFreq: 1.47GHz
	CPI: 0.463 VPI: 0.00, Mem. bwidth: 0.17GB/s GFLOPS: 0.00 I/O: 0.01MB/s No MPI  
	TPI 0.02 Cache miss rates: L1 1.05GB/s L2 0.00GB/s L3 0.00GB/s
	Total MPI calls 3
	IO DATA: rchar 4610 wchar 8843 syscr 51 syscw 27 read_bytes 0 write_bytes 294912
	Process OS info: (pid 514408 state R utime 1093 stime 1 cutime 0 cstime 0 CPU usage 98)
	CPU temperature (celsius): socket 0: 65 socket 1: 71[0m
EAR[514408](hratio_l30) at 2.60/1.47 in tcn361 MR[0] elapsed 4988 sec.: [32mLoop time: 1.107s DC Power: [35m493.5W[32m DRAM power: 0.00W PCK power: 401.66W
	avg. CPUFreq: 2.57GHz avg. IMCFreq: 1.47GHz
	CPI: 0.463 VPI: 0.00, Mem. bwidth: 0.12GB/s GFLOPS: 0.00 I/O: 0.01MB/s No MPI  
	TPI 0.02 Cache miss rates: L1 1.04GB/s L2 0.00GB/s L3 0.00GB/s
	Total MPI calls 3
	IO DATA: rchar 4610 wchar 8843 syscr 51 syscw 27 read_bytes 0 write_bytes 294912
	Process OS info: (pid 514408 state R utime 1091 stime 0 cutime 0 cstime 0 CPU usage 98)
	CPU temperature (celsius): socket 0: 65 socket 1: 71[0m
EAR[514408](hratio_l30) at 2.60/1.47 in tcn361 MR[0] elapsed 4999 sec.: [32mLoop time: 1.108s DC Power: [35m493.9W[32m DRAM power: 0.00W PCK power: 401.69W
	avg. CPUFreq: 2.57GHz avg. IMCFreq: 1.47GHz
	CPI: 0.463 VPI: 0.00, Mem. bwidth: 0.12GB/s GFLOPS: 0.00 I/O: 0.01MB/s No MPI  
	TPI 0.02 Cache miss rates: L1 1.05GB/s L2 0.00GB/s L3 0.00GB/s
	Total MPI calls 3
	IO DATA: rchar 4610 wchar 8843 syscr 51 syscw 27 read_bytes 0 write_bytes 303104
	Process OS info: (pid 514408 state R utime 1091 stime 1 cutime 0 cstime 0 CPU usage 98)
	CPU temperature (celsius): socket 0: 65 socket 1: 71[0m
EAR[514408](hratio_l30) at 2.60/1.47 in tcn361 MR[0] elapsed 5010 sec.: [32mLoop time: 1.107s DC Power: [35m494.0W[32m DRAM power: 0.00W PCK power: 401.77W
	avg. CPUFreq: 2.57GHz avg. IMCFreq: 1.47GHz
	CPI: 0.463 VPI: 0.00, Mem. bwidth: 0.14GB/s GFLOPS: 0.00 I/O: 0.01MB/s No MPI  
	TPI 0.02 Cache miss rates: L1 1.07GB/s L2 0.00GB/s L3 0.00GB/s
	Total MPI calls 3
	IO DATA: rchar 4610 wchar 8843 syscr 51 syscw 27 read_bytes 0 write_bytes 352256
	Process OS info: (pid 514408 state R utime 1091 stime 1 cutime 0 cstime 0 CPU usage 98)
	CPU temperature (celsius): socket 0: 65 socket 1: 72[0m
EAR[514408](hratio_l30) at 2.60/1.47 in tcn361 MR[0] elapsed 5021 sec.: [32mLoop time: 1.108s DC Power: [35m493.8W[32m DRAM power: 0.00W PCK power: 401.64W
	avg. CPUFreq: 2.57GHz avg. IMCFreq: 1.47GHz
	CPI: 0.463 VPI: 0.00, Mem. bwidth: 0.11GB/s GFLOPS: 0.00 I/O: 0.01MB/s No MPI  
	TPI 0.02 Cache miss rates: L1 1.05GB/s L2 0.00GB/s L3 0.00GB/s
	Total MPI calls 3
	IO DATA: rchar 4610 wchar 8843 syscr 51 syscw 27 read_bytes 0 write_bytes 303104
	Process OS info: (pid 514408 state R utime 1093 stime 1 cutime 0 cstime 0 CPU usage 98)
	CPU temperature (celsius): socket 0: 65 socket 1: 71[0m
EAR[514408](hratio_l30) at 2.60/1.47 in tcn361 MR[0] elapsed 5032 sec.: [32mLoop time: 1.107s DC Power: [35m444.6W[32m DRAM power: 0.00W PCK power: 401.70W
	avg. CPUFreq: 2.57GHz avg. IMCFreq: 1.47GHz
	CPI: 0.463 VPI: 0.00, Mem. bwidth: 0.15GB/s GFLOPS: 0.00 I/O: 0.01MB/s No MPI  
	TPI 0.02 Cache miss rates: L1 1.05GB/s L2 0.00GB/s L3 0.00GB/s
	Total MPI calls 3
	IO DATA: rchar 4610 wchar 8843 syscr 51 syscw 27 read_bytes 0 write_bytes 294912
	Process OS info: (pid 514408 state R utime 1092 stime 0 cutime 0 cstime 0 CPU usage 98)
	CPU temperature (celsius): socket 0: 65 socket 1: 71[0m
EAR[514408](hratio_l30) at 2.60/1.47 in tcn361 MR[0] elapsed 5043 sec.: [32mLoop time: 1.107s DC Power: [35m493.5W[32m DRAM power: 0.00W PCK power: 401.58W
	avg. CPUFreq: 2.57GHz avg. IMCFreq: 1.47GHz
	CPI: 0.463 VPI: 0.00, Mem. bwidth: 0.11GB/s GFLOPS: 0.00 I/O: 0.01MB/s No MPI  
	TPI 0.02 Cache miss rates: L1 1.04GB/s L2 0.00GB/s L3 0.00GB/s
	Total MPI calls 3
	IO DATA: rchar 4610 wchar 8843 syscr 51 syscw 27 read_bytes 0 write_bytes 294912
	Process OS info: (pid 514408 state R utime 1092 stime 1 cutime 0 cstime 0 CPU usage 98)
	CPU temperature (celsius): socket 0: 65 socket 1: 71[0m
EAR[514408](hratio_l30) at 2.60/1.47 in tcn361 MR[0] elapsed 5054 sec.: [32mLoop time: 1.107s DC Power: [35m493.1W[32m DRAM power: 0.00W PCK power: 401.55W
	avg. CPUFreq: 2.57GHz avg. IMCFreq: 1.47GHz
	CPI: 0.463 VPI: 0.00, Mem. bwidth: 0.11GB/s GFLOPS: 0.00 I/O: 0.01MB/s No MPI  
	TPI 0.02 Cache miss rates: L1 1.11GB/s L2 0.00GB/s L3 0.00GB/s
	Total MPI calls 3
	IO DATA: rchar 4610 wchar 8843 syscr 51 syscw 27 read_bytes 0 write_bytes 299008
	Process OS info: (pid 514408 state R utime 1092 stime 0 cutime 0 cstime 0 CPU usage 98)
	CPU temperature (celsius): socket 0: 65 socket 1: 71[0m
EAR[514408](hratio_l30) at 2.60/1.47 in tcn361 MR[0] elapsed 5065 sec.: [32mLoop time: 1.107s DC Power: [35m493.0W[32m DRAM power: 0.00W PCK power: 401.68W
	avg. CPUFreq: 2.57GHz avg. IMCFreq: 1.47GHz
	CPI: 0.464 VPI: 0.00, Mem. bwidth: 0.14GB/s GFLOPS: 0.00 I/O: 0.01MB/s No MPI  
	TPI 0.02 Cache miss rates: L1 1.04GB/s L2 0.00GB/s L3 0.00GB/s
	Total MPI calls 3
	IO DATA: rchar 4610 wchar 8843 syscr 51 syscw 27 read_bytes 0 write_bytes 319488
	Process OS info: (pid 514408 state R utime 1092 stime 1 cutime 0 cstime 0 CPU usage 98)
	CPU temperature (celsius): socket 0: 65 socket 1: 71[0m
EAR[514408](hratio_l30) at 2.60/1.47 in tcn361 MR[0] elapsed 5076 sec.: [32mLoop time: 1.113s DC Power: [35m490.5W[32m DRAM power: 0.00W PCK power: 401.53W
	avg. CPUFreq: 2.57GHz avg. IMCFreq: 1.47GHz
	CPI: 0.464 VPI: 0.00, Mem. bwidth: 0.12GB/s GFLOPS: 0.00 I/O: 0.01MB/s No MPI  
	TPI 0.02 Cache miss rates: L1 1.04GB/s L2 0.00GB/s L3 0.00GB/s
	Total MPI calls 3
	IO DATA: rchar 4610 wchar 8843 syscr 51 syscw 27 read_bytes 0 write_bytes 294912
	Process OS info: (pid 514408 state R utime 1097 stime 0 cutime 0 cstime 0 CPU usage 98)
	CPU temperature (celsius): socket 0: 65 socket 1: 71[0m
EAR[514408](hratio_l30) at 2.60/1.47 in tcn361 MR[0] elapsed 5087 sec.: [32mLoop time: 1.108s DC Power: [35m394.2W[32m DRAM power: 0.00W PCK power: 401.66W
	avg. CPUFreq: 2.57GHz avg. IMCFreq: 1.47GHz
	CPI: 0.463 VPI: 0.00, Mem. bwidth: 0.12GB/s GFLOPS: 0.00 I/O: 0.01MB/s No MPI  
	TPI 0.02 Cache miss rates: L1 1.05GB/s L2 0.00GB/s L3 0.00GB/s
	Total MPI calls 3
	IO DATA: rchar 4610 wchar 8843 syscr 51 syscw 27 read_bytes 0 write_bytes 409600
	Process OS info: (pid 514408 state R utime 1093 stime 1 cutime 0 cstime 0 CPU usage 98)
	CPU temperature (celsius): socket 0: 65 socket 1: 71[0m
EAR[514408](hratio_l30) at 2.60/1.47 in tcn361 MR[0] elapsed 5098 sec.: [32mLoop time: 1.107s DC Power: [35m493.3W[32m DRAM power: 0.00W PCK power: 401.73W
	avg. CPUFreq: 2.57GHz avg. IMCFreq: 1.47GHz
	CPI: 0.463 VPI: 0.00, Mem. bwidth: 0.14GB/s GFLOPS: 0.00 I/O: 0.01MB/s No MPI  
	TPI 0.02 Cache miss rates: L1 1.06GB/s L2 0.00GB/s L3 0.00GB/s
	Total MPI calls 3
	IO DATA: rchar 4610 wchar 8843 syscr 51 syscw 27 read_bytes 0 write_bytes 299008
	Process OS info: (pid 514408 state R utime 1092 stime 0 cutime 0 cstime 0 CPU usage 98)
	CPU temperature (celsius): socket 0: 65 socket 1: 71[0m
EAR[514408](hratio_l30) at 2.60/1.47 in tcn361 MR[0] elapsed 5109 sec.: [32mLoop time: 1.108s DC Power: [35m493.0W[32m DRAM power: 0.00W PCK power: 401.62W
	avg. CPUFreq: 2.57GHz avg. IMCFreq: 1.47GHz
	CPI: 0.463 VPI: 0.00, Mem. bwidth: 0.11GB/s GFLOPS: 0.00 I/O: 0.01MB/s No MPI  
	TPI 0.02 Cache miss rates: L1 1.06GB/s L2 0.00GB/s L3 0.00GB/s
	Total MPI calls 3
	IO DATA: rchar 4610 wchar 8843 syscr 51 syscw 27 read_bytes 0 write_bytes 303104
	Process OS info: (pid 514408 state R utime 1092 stime 1 cutime 0 cstime 0 CPU usage 98)
	CPU temperature (celsius): socket 0: 65 socket 1: 72[0m
EAR[514408](hratio_l30) at 2.60/1.47 in tcn361 MR[0] elapsed 5121 sec.: [32mLoop time: 1.107s DC Power: [35m493.1W[32m DRAM power: 0.00W PCK power: 401.57W
	avg. CPUFreq: 2.57GHz avg. IMCFreq: 1.47GHz
	CPI: 0.463 VPI: 0.00, Mem. bwidth: 0.11GB/s GFLOPS: 0.00 I/O: 0.01MB/s No MPI  
	TPI 0.02 Cache miss rates: L1 1.07GB/s L2 0.00GB/s L3 0.00GB/s
	Total MPI calls 3
	IO DATA: rchar 4610 wchar 8843 syscr 51 syscw 27 read_bytes 0 write_bytes 299008
	Process OS info: (pid 514408 state R utime 1091 stime 1 cutime 0 cstime 0 CPU usage 98)
	CPU temperature (celsius): socket 0: 65 socket 1: 71[0m
EAR[514408](hratio_l30) at 2.60/1.47 in tcn361 MR[0] elapsed 5132 sec.: [32mLoop time: 1.108s DC Power: [35m443.4W[32m DRAM power: 0.00W PCK power: 401.78W
	avg. CPUFreq: 2.57GHz avg. IMCFreq: 1.47GHz
	CPI: 0.463 VPI: 0.00, Mem. bwidth: 0.14GB/s GFLOPS: 0.00 I/O: 0.01MB/s No MPI  
	TPI 0.02 Cache miss rates: L1 1.08GB/s L2 0.00GB/s L3 0.00GB/s
	Total MPI calls 3
	IO DATA: rchar 4610 wchar 8843 syscr 51 syscw 27 read_bytes 0 write_bytes 294912
	Process OS info: (pid 514408 state R utime 1092 stime 1 cutime 0 cstime 0 CPU usage 98)
	CPU temperature (celsius): socket 0: 65 socket 1: 71[0m
EAR[514408](hratio_l30) at 2.60/1.47 in tcn361 MR[0] elapsed 5143 sec.: [32mLoop time: 1.108s DC Power: [35m492.8W[32m DRAM power: 0.00W PCK power: 401.62W
	avg. CPUFreq: 2.57GHz avg. IMCFreq: 1.47GHz
	CPI: 0.463 VPI: 0.00, Mem. bwidth: 0.12GB/s GFLOPS: 0.00 I/O: 0.01MB/s No MPI  
	TPI 0.02 Cache miss rates: L1 1.06GB/s L2 0.00GB/s L3 0.00GB/s
	Total MPI calls 3
	IO DATA: rchar 4610 wchar 8843 syscr 51 syscw 27 read_bytes 0 write_bytes 299008
	Process OS info: (pid 514408 state R utime 1092 stime 0 cutime 0 cstime 0 CPU usage 98)
	CPU temperature (celsius): socket 0: 65 socket 1: 71[0m
EAR[514408](hratio_l30) at 2.60/1.47 in tcn361 MR[0] elapsed 5154 sec.: [32mLoop time: 1.107s DC Power: [35m493.5W[32m DRAM power: 0.00W PCK power: 402.05W
	avg. CPUFreq: 2.57GHz avg. IMCFreq: 1.47GHz
	CPI: 0.462 VPI: 0.00, Mem. bwidth: 0.15GB/s GFLOPS: 0.00 I/O: 0.01MB/s No MPI  
	TPI 0.02 Cache miss rates: L1 1.06GB/s L2 0.00GB/s L3 0.00GB/s
	Total MPI calls 3
	IO DATA: rchar 4610 wchar 8843 syscr 51 syscw 27 read_bytes 0 write_bytes 303104
	Process OS info: (pid 514408 state R utime 1092 stime 1 cutime 0 cstime 0 CPU usage 98)
	CPU temperature (celsius): socket 0: 65 socket 1: 72[0m
EAR[514408](hratio_l30) at 2.60/1.47 in tcn361 MR[0] elapsed 5165 sec.: [32mLoop time: 1.108s DC Power: [35m493.9W[32m DRAM power: 0.00W PCK power: 402.10W
	avg. CPUFreq: 2.57GHz avg. IMCFreq: 1.47GHz
	CPI: 0.462 VPI: 0.00, Mem. bwidth: 0.11GB/s GFLOPS: 0.00 I/O: 0.01MB/s No MPI  
	TPI 0.02 Cache miss rates: L1 1.08GB/s L2 0.00GB/s L3 0.00GB/s
	Total MPI calls 3
	IO DATA: rchar 4610 wchar 8843 syscr 51 syscw 27 read_bytes 0 write_bytes 348160
	Process OS info: (pid 514408 state R utime 1093 stime 1 cutime 0 cstime 0 CPU usage 98)
	CPU temperature (celsius): socket 0: 65 socket 1: 71[0m
EAR[514408](hratio_l30) at 2.60/1.47 in tcn361 MR[0] elapsed 5176 sec.: [32mLoop time: 1.107s DC Power: [35m444.5W[32m DRAM power: 0.00W PCK power: 402.02W
	avg. CPUFreq: 2.57GHz avg. IMCFreq: 1.47GHz
	CPI: 0.462 VPI: 0.00, Mem. bwidth: 0.11GB/s GFLOPS: 0.00 I/O: 0.01MB/s No MPI  
	TPI 0.02 Cache miss rates: L1 1.04GB/s L2 0.00GB/s L3 0.00GB/s
	Total MPI calls 3
	IO DATA: rchar 4610 wchar 8843 syscr 51 syscw 27 read_bytes 0 write_bytes 299008
	Process OS info: (pid 514408 state R utime 1092 stime 0 cutime 0 cstime 0 CPU usage 98)
	CPU temperature (celsius): socket 0: 66 socket 1: 72[0m
EAR[514408](hratio_l30) at 2.60/1.47 in tcn361 MR[0] elapsed 5187 sec.: [32mLoop time: 1.107s DC Power: [35m494.0W[32m DRAM power: 0.00W PCK power: 402.11W
	avg. CPUFreq: 2.57GHz avg. IMCFreq: 1.47GHz
	CPI: 0.462 VPI: 0.00, Mem. bwidth: 0.14GB/s GFLOPS: 0.00 I/O: 0.01MB/s No MPI  
	TPI 0.02 Cache miss rates: L1 1.11GB/s L2 0.00GB/s L3 0.00GB/s
	Total MPI calls 3
	IO DATA: rchar 4610 wchar 8843 syscr 51 syscw 27 read_bytes 0 write_bytes 294912
	Process OS info: (pid 514408 state R utime 1092 stime 1 cutime 0 cstime 0 CPU usage 98)
	CPU temperature (celsius): socket 0: 65 socket 1: 72[0m
EAR[514408](hratio_l30) at 2.60/1.47 in tcn361 MR[0] elapsed 5198 sec.: [32mLoop time: 1.108s DC Power: [35m493.6W[32m DRAM power: 0.00W PCK power: 402.04W
	avg. CPUFreq: 2.57GHz avg. IMCFreq: 1.47GHz
	CPI: 0.462 VPI: 0.00, Mem. bwidth: 0.11GB/s GFLOPS: 0.00 I/O: 0.01MB/s No MPI  
	TPI 0.02 Cache miss rates: L1 1.06GB/s L2 0.00GB/s L3 0.00GB/s
	Total MPI calls 3
	IO DATA: rchar 4610 wchar 8843 syscr 51 syscw 27 read_bytes 0 write_bytes 294912
	Process OS info: (pid 514408 state R utime 1092 stime 1 cutime 0 cstime 0 CPU usage 98)
	CPU temperature (celsius): socket 0: 65 socket 1: 72[0m
EAR[514408](hratio_l30) at 2.60/1.47 in tcn361 MR[0] elapsed 5209 sec.: [32mLoop time: 1.108s DC Power: [35m444.3W[32m DRAM power: 0.00W PCK power: 401.95W
	avg. CPUFreq: 2.57GHz avg. IMCFreq: 1.47GHz
	CPI: 0.462 VPI: 0.00, Mem. bwidth: 0.13GB/s GFLOPS: 0.00 I/O: 0.01MB/s No MPI  
	TPI 0.02 Cache miss rates: L1 1.05GB/s L2 0.00GB/s L3 0.00GB/s
	Total MPI calls 3
	IO DATA: rchar 4610 wchar 8843 syscr 51 syscw 27 read_bytes 0 write_bytes 299008
	Process OS info: (pid 514408 state R utime 1088 stime 0 cutime 0 cstime 0 CPU usage 98)
	CPU temperature (celsius): socket 0: 65 socket 1: 71[0m
EAR[514408](hratio_l30) at 2.60/1.47 in tcn361 MR[0] elapsed 5220 sec.: [32mLoop time: 1.108s DC Power: [35m444.4W[32m DRAM power: 0.00W PCK power: 402.13W
	avg. CPUFreq: 2.57GHz avg. IMCFreq: 1.47GHz
	CPI: 0.462 VPI: 0.00, Mem. bwidth: 0.18GB/s GFLOPS: 0.00 I/O: 0.01MB/s No MPI  
	TPI 0.03 Cache miss rates: L1 1.06GB/s L2 0.00GB/s L3 0.00GB/s
	Total MPI calls 3
	IO DATA: rchar 4610 wchar 8843 syscr 51 syscw 27 read_bytes 0 write_bytes 294912
	Process OS info: (pid 514408 state R utime 1092 stime 1 cutime 0 cstime 0 CPU usage 98)
	CPU temperature (celsius): socket 0: 65 socket 1: 71[0m
EAR[514408](hratio_l30) at 2.60/1.47 in tcn361 MR[0] elapsed 5231 sec.: [32mLoop time: 1.107s DC Power: [35m494.0W[32m DRAM power: 0.00W PCK power: 402.07W
	avg. CPUFreq: 2.57GHz avg. IMCFreq: 1.47GHz
	CPI: 0.462 VPI: 0.00, Mem. bwidth: 0.11GB/s GFLOPS: 0.00 I/O: 0.01MB/s No MPI  
	TPI 0.02 Cache miss rates: L1 1.04GB/s L2 0.00GB/s L3 0.00GB/s
	Total MPI calls 3
	IO DATA: rchar 4610 wchar 8843 syscr 51 syscw 27 read_bytes 0 write_bytes 303104
	Process OS info: (pid 514408 state R utime 1092 stime 1 cutime 0 cstime 0 CPU usage 98)
	CPU temperature (celsius): socket 0: 65 socket 1: 71[0m
EAR[514408](hratio_l30) at 2.60/1.47 in tcn361 MR[0] elapsed 5242 sec.: [32mLoop time: 1.108s DC Power: [35m493.9W[32m DRAM power: 0.00W PCK power: 402.15W
	avg. CPUFreq: 2.57GHz avg. IMCFreq: 1.47GHz
	CPI: 0.462 VPI: 0.00, Mem. bwidth: 0.14GB/s GFLOPS: 0.00 I/O: 0.01MB/s No MPI  
	TPI 0.02 Cache miss rates: L1 1.05GB/s L2 0.00GB/s L3 0.00GB/s
	Total MPI calls 3
	IO DATA: rchar 4610 wchar 8843 syscr 51 syscw 27 read_bytes 0 write_bytes 430080
	Process OS info: (pid 514408 state R utime 1091 stime 0 cutime 0 cstime 0 CPU usage 98)
	CPU temperature (celsius): socket 0: 65 socket 1: 71[0m
EAR[514408](hratio_l30) at 2.60/1.47 in tcn361 MR[0] elapsed 5253 sec.: [32mLoop time: 1.108s DC Power: [35m493.7W[32m DRAM power: 0.00W PCK power: 402.05W
	avg. CPUFreq: 2.57GHz avg. IMCFreq: 1.47GHz
	CPI: 0.462 VPI: 0.00, Mem. bwidth: 0.12GB/s GFLOPS: 0.00 I/O: 0.01MB/s No MPI  
	TPI 0.02 Cache miss rates: L1 1.05GB/s L2 0.00GB/s L3 0.00GB/s
	Total MPI calls 3
	IO DATA: rchar 4610 wchar 8843 syscr 51 syscw 27 read_bytes 0 write_bytes 294912
	Process OS info: (pid 514408 state R utime 1092 stime 1 cutime 0 cstime 0 CPU usage 98)
	CPU temperature (celsius): socket 0: 65 socket 1: 71[0m
EAR[514408](hratio_l30) at 2.60/1.47 in tcn361 MR[0] elapsed 5265 sec.: [32mLoop time: 1.107s DC Power: [35m395.2W[32m DRAM power: 0.00W PCK power: 401.97W
	avg. CPUFreq: 2.57GHz avg. IMCFreq: 1.47GHz
	CPI: 0.462 VPI: 0.00, Mem. bwidth: 0.13GB/s GFLOPS: 0.00 I/O: 0.01MB/s No MPI  
	TPI 0.02 Cache miss rates: L1 1.06GB/s L2 0.00GB/s L3 0.00GB/s
	Total MPI calls 3
	IO DATA: rchar 4610 wchar 8843 syscr 51 syscw 27 read_bytes 0 write_bytes 294912
	Process OS info: (pid 514408 state R utime 1090 stime 1 cutime 0 cstime 0 CPU usage 98)
	CPU temperature (celsius): socket 0: 65 socket 1: 72[0m
EAR[514408](hratio_l30) at 2.60/1.47 in tcn361 MR[0] elapsed 5276 sec.: [32mLoop time: 1.108s DC Power: [35m493.9W[32m DRAM power: 0.00W PCK power: 402.29W
	avg. CPUFreq: 2.57GHz avg. IMCFreq: 1.47GHz
	CPI: 0.461 VPI: 0.00, Mem. bwidth: 0.14GB/s GFLOPS: 0.00 I/O: 0.01MB/s No MPI  
	TPI 0.02 Cache miss rates: L1 1.05GB/s L2 0.00GB/s L3 0.00GB/s
	Total MPI calls 3
	IO DATA: rchar 4610 wchar 8843 syscr 51 syscw 27 read_bytes 0 write_bytes 303104
	Process OS info: (pid 514408 state R utime 1091 stime 0 cutime 0 cstime 0 CPU usage 98)
	CPU temperature (celsius): socket 0: 65 socket 1: 71[0m
EAR[514408](hratio_l30) at 2.60/1.47 in tcn361 MR[0] elapsed 5287 sec.: [32mLoop time: 1.108s DC Power: [35m493.8W[32m DRAM power: 0.00W PCK power: 402.84W
	avg. CPUFreq: 2.57GHz avg. IMCFreq: 1.47GHz
	CPI: 0.459 VPI: 0.00, Mem. bwidth: 0.10GB/s GFLOPS: 0.00 I/O: 0.01MB/s No MPI  
	TPI 0.02 Cache miss rates: L1 1.05GB/s L2 0.00GB/s L3 0.00GB/s
	Total MPI calls 3
	IO DATA: rchar 4610 wchar 8843 syscr 51 syscw 27 read_bytes 0 write_bytes 303104
	Process OS info: (pid 514408 state R utime 1092 stime 1 cutime 0 cstime 0 CPU usage 98)
	CPU temperature (celsius): socket 0: 65 socket 1: 71[0m
EAR[514408](hratio_l30) at 2.60/1.47 in tcn361 MR[0] elapsed 5298 sec.: [32mLoop time: 1.107s DC Power: [35m494.2W[32m DRAM power: 0.00W PCK power: 402.71W
	avg. CPUFreq: 2.57GHz avg. IMCFreq: 1.47GHz
	CPI: 0.459 VPI: 0.00, Mem. bwidth: 0.11GB/s GFLOPS: 0.00 I/O: 0.01MB/s No MPI  
	TPI 0.02 Cache miss rates: L1 1.04GB/s L2 0.00GB/s L3 0.00GB/s
	Total MPI calls 3
	IO DATA: rchar 4610 wchar 8843 syscr 51 syscw 27 read_bytes 0 write_bytes 299008
	Process OS info: (pid 514408 state R utime 1091 stime 1 cutime 0 cstime 0 CPU usage 98)
	CPU temperature (celsius): socket 0: 65 socket 1: 71[0m
EAR[514408](hratio_l30) at 2.60/1.47 in tcn361 MR[0] elapsed 5309 sec.: [32mLoop time: 1.108s DC Power: [35m494.1W[32m DRAM power: 0.00W PCK power: 402.90W
	avg. CPUFreq: 2.57GHz avg. IMCFreq: 1.47GHz
	CPI: 0.459 VPI: 0.00, Mem. bwidth: 0.15GB/s GFLOPS: 0.00 I/O: 0.01MB/s No MPI  
	TPI 0.02 Cache miss rates: L1 1.04GB/s L2 0.00GB/s L3 0.00GB/s
	Total MPI calls 3
	IO DATA: rchar 4610 wchar 8843 syscr 51 syscw 27 read_bytes 0 write_bytes 442368
	Process OS info: (pid 514408 state R utime 1092 stime 1 cutime 0 cstime 0 CPU usage 98)
	CPU temperature (celsius): socket 0: 65 socket 1: 72[0m
EAR[514408](hratio_l30) at 2.60/1.47 in tcn361 MR[0] elapsed 5320 sec.: [32mLoop time: 1.107s DC Power: [35m494.9W[32m DRAM power: 0.00W PCK power: 402.78W
	avg. CPUFreq: 2.57GHz avg. IMCFreq: 1.47GHz
	CPI: 0.459 VPI: 0.00, Mem. bwidth: 0.12GB/s GFLOPS: 0.00 I/O: 0.01MB/s No MPI  
	TPI 0.02 Cache miss rates: L1 1.03GB/s L2 0.00GB/s L3 0.00GB/s
	Total MPI calls 3
	IO DATA: rchar 4610 wchar 8843 syscr 51 syscw 27 read_bytes 0 write_bytes 299008
	Process OS info: (pid 514408 state R utime 1092 stime 0 cutime 0 cstime 0 CPU usage 98)
	CPU temperature (celsius): socket 0: 65 socket 1: 72[0m
EAR[514408](hratio_l30) at 2.60/1.47 in tcn361 MR[0] elapsed 5331 sec.: [32mLoop time: 1.108s DC Power: [35m445.2W[32m DRAM power: 0.00W PCK power: 402.96W
	avg. CPUFreq: 2.57GHz avg. IMCFreq: 1.47GHz
	CPI: 0.459 VPI: 0.00, Mem. bwidth: 0.13GB/s GFLOPS: 0.00 I/O: 0.01MB/s No MPI  
	TPI 0.02 Cache miss rates: L1 1.04GB/s L2 0.00GB/s L3 0.00GB/s
	Total MPI calls 3
	IO DATA: rchar 4610 wchar 8843 syscr 51 syscw 27 read_bytes 0 write_bytes 294912
	Process OS info: (pid 514408 state R utime 1092 stime 1 cutime 0 cstime 0 CPU usage 98)
	CPU temperature (celsius): socket 0: 65 socket 1: 71[0m
EAR[514408](hratio_l30) at 2.60/1.47 in tcn361 MR[0] elapsed 5342 sec.: [32mLoop time: 1.108s DC Power: [35m494.6W[32m DRAM power: 0.00W PCK power: 403.09W
	avg. CPUFreq: 2.57GHz avg. IMCFreq: 1.47GHz
	CPI: 0.458 VPI: 0.00, Mem. bwidth: 0.13GB/s GFLOPS: 0.00 I/O: 0.01MB/s No MPI  
	TPI 0.02 Cache miss rates: L1 1.07GB/s L2 0.00GB/s L3 0.00GB/s
	Total MPI calls 3
	IO DATA: rchar 4610 wchar 8843 syscr 51 syscw 27 read_bytes 0 write_bytes 282624
	Process OS info: (pid 514408 state R utime 1092 stime 1 cutime 0 cstime 0 CPU usage 98)
	CPU temperature (celsius): socket 0: 65 socket 1: 71[0m
EAR[514408](hratio_l30) at 2.60/1.47 in tcn361 MR[0] elapsed 5353 sec.: [32mLoop time: 1.108s DC Power: [35m494.6W[32m DRAM power: 0.00W PCK power: 403.23W
	avg. CPUFreq: 2.57GHz avg. IMCFreq: 1.47GHz
	CPI: 0.458 VPI: 0.00, Mem. bwidth: 0.12GB/s GFLOPS: 0.00 I/O: 0.01MB/s No MPI  
	TPI 0.02 Cache miss rates: L1 1.00GB/s L2 0.00GB/s L3 0.00GB/s
	Total MPI calls 3
	IO DATA: rchar 4610 wchar 8843 syscr 51 syscw 27 read_bytes 0 write_bytes 499712
	Process OS info: (pid 514408 state R utime 1093 stime 1 cutime 0 cstime 0 CPU usage 98)
	CPU temperature (celsius): socket 0: 65 socket 1: 72[0m
EAR[514408](hratio_l30) at 2.60/1.47 in tcn361 MR[0] elapsed 5364 sec.: [32mLoop time: 1.107s DC Power: [35m495.6W[32m DRAM power: 0.00W PCK power: 403.39W
	avg. CPUFreq: 2.57GHz avg. IMCFreq: 1.47GHz
	CPI: 0.458 VPI: 0.00, Mem. bwidth: 0.14GB/s GFLOPS: 0.00 I/O: 0.01MB/s No MPI  
	TPI 0.02 Cache miss rates: L1 0.99GB/s L2 0.00GB/s L3 0.00GB/s
	Total MPI calls 3
	IO DATA: rchar 4610 wchar 8843 syscr 51 syscw 27 read_bytes 0 write_bytes 299008
	Process OS info: (pid 514408 state R utime 1091 stime 0 cutime 0 cstime 0 CPU usage 98)
	CPU temperature (celsius): socket 0: 66 socket 1: 72[0m
EAR[514408](hratio_l30) at 2.60/1.47 in tcn361 MR[0] elapsed 5375 sec.: [32mLoop time: 1.108s DC Power: [35m494.8W[32m DRAM power: 0.00W PCK power: 403.34W
	avg. CPUFreq: 2.57GHz avg. IMCFreq: 1.47GHz
	CPI: 0.458 VPI: 0.00, Mem. bwidth: 0.12GB/s GFLOPS: 0.00 I/O: 0.01MB/s No MPI  
	TPI 0.02 Cache miss rates: L1 1.01GB/s L2 0.00GB/s L3 0.00GB/s
	Total MPI calls 3
	IO DATA: rchar 4610 wchar 8843 syscr 51 syscw 27 read_bytes 0 write_bytes 294912
	Process OS info: (pid 514408 state R utime 1092 stime 1 cutime 0 cstime 0 CPU usage 98)
	CPU temperature (celsius): socket 0: 65 socket 1: 71[0m
EAR[514408](hratio_l30) at 2.60/1.47 in tcn361 MR[0] elapsed 5386 sec.: [32mLoop time: 1.108s DC Power: [35m445.1W[32m DRAM power: 0.00W PCK power: 403.59W
	avg. CPUFreq: 2.57GHz avg. IMCFreq: 1.47GHz
	CPI: 0.457 VPI: 0.00, Mem. bwidth: 0.11GB/s GFLOPS: 0.00 I/O: 0.01MB/s No MPI  
	TPI 0.02 Cache miss rates: L1 1.00GB/s L2 0.00GB/s L3 0.00GB/s
	Total MPI calls 3
	IO DATA: rchar 4610 wchar 8843 syscr 51 syscw 27 read_bytes 0 write_bytes 299008
	Process OS info: (pid 514408 state R utime 1092 stime 1 cutime 0 cstime 0 CPU usage 98)
	CPU temperature (celsius): socket 0: 65 socket 1: 72[0m
EAR[514408](hratio_l30) at 2.60/1.47 in tcn361 MR[0] elapsed 5397 sec.: [32mLoop time: 1.111s DC Power: [35m493.3W[32m DRAM power: 0.00W PCK power: 403.86W
	avg. CPUFreq: 2.57GHz avg. IMCFreq: 1.47GHz
	CPI: 0.456 VPI: 0.00, Mem. bwidth: 0.14GB/s GFLOPS: 0.00 I/O: 0.01MB/s No MPI  
	TPI 0.02 Cache miss rates: L1 1.00GB/s L2 0.00GB/s L3 0.00GB/s
	Total MPI calls 3
	IO DATA: rchar 4610 wchar 8843 syscr 51 syscw 27 read_bytes 0 write_bytes 438272
	Process OS info: (pid 514408 state R utime 1093 stime 1 cutime 0 cstime 0 CPU usage 98)
	CPU temperature (celsius): socket 0: 66 socket 1: 72[0m
EAR[514408](hratio_l30) at 2.60/1.47 in tcn361 MR[0] elapsed 5409 sec.: [32mLoop time: 1.107s DC Power: [35m445.3W[32m DRAM power: 0.00W PCK power: 403.73W
	avg. CPUFreq: 2.57GHz avg. IMCFreq: 1.47GHz
	CPI: 0.457 VPI: 0.00, Mem. bwidth: 0.10GB/s GFLOPS: 0.00 I/O: 0.01MB/s No MPI  
	TPI 0.01 Cache miss rates: L1 1.00GB/s L2 0.00GB/s L3 0.00GB/s
	Total MPI calls 3
	IO DATA: rchar 4610 wchar 8843 syscr 51 syscw 27 read_bytes 0 write_bytes 294912
	Process OS info: (pid 514408 state R utime 1092 stime 1 cutime 0 cstime 0 CPU usage 98)
	CPU temperature (celsius): socket 0: 66 socket 1: 72[0m
EAR[514408](hratio_l30) at 2.60/1.47 in tcn361 MR[0] elapsed 5420 sec.: [32mLoop time: 1.108s DC Power: [35m495.3W[32m DRAM power: 0.00W PCK power: 403.73W
	avg. CPUFreq: 2.57GHz avg. IMCFreq: 1.47GHz
	CPI: 0.457 VPI: 0.00, Mem. bwidth: 0.11GB/s GFLOPS: 0.00 I/O: 0.01MB/s No MPI  
	TPI 0.02 Cache miss rates: L1 0.99GB/s L2 0.00GB/s L3 0.00GB/s
	Total MPI calls 3
	IO DATA: rchar 4610 wchar 8843 syscr 51 syscw 27 read_bytes 0 write_bytes 299008
	Process OS info: (pid 514408 state R utime 1092 stime 0 cutime 0 cstime 0 CPU usage 98)
	CPU temperature (celsius): socket 0: 65 socket 1: 72[0m
EAR[514408](hratio_l30) at 2.60/1.47 in tcn361 MR[0] elapsed 5431 sec.: [32mLoop time: 1.108s DC Power: [35m495.1W[32m DRAM power: 0.00W PCK power: 403.82W
	avg. CPUFreq: 2.57GHz avg. IMCFreq: 1.47GHz
	CPI: 0.456 VPI: 0.00, Mem. bwidth: 0.15GB/s GFLOPS: 0.00 I/O: 0.01MB/s No MPI  
	TPI 0.02 Cache miss rates: L1 0.96GB/s L2 0.00GB/s L3 0.00GB/s
	Total MPI calls 3
	IO DATA: rchar 4610 wchar 8843 syscr 51 syscw 27 read_bytes 0 write_bytes 299008
	Process OS info: (pid 514408 state R utime 1092 stime 1 cutime 0 cstime 0 CPU usage 98)
	CPU temperature (celsius): socket 0: 65 socket 1: 71[0m
EAR[514408](hratio_l30) at 2.60/1.47 in tcn361 MR[0] elapsed 5442 sec.: [32mLoop time: 1.107s DC Power: [35m494.8W[32m DRAM power: 0.00W PCK power: 403.66W
	avg. CPUFreq: 2.57GHz avg. IMCFreq: 1.47GHz
	CPI: 0.457 VPI: 0.00, Mem. bwidth: 0.13GB/s GFLOPS: 0.00 I/O: 0.01MB/s No MPI  
	TPI 0.02 Cache miss rates: L1 0.98GB/s L2 0.00GB/s L3 0.00GB/s
	Total MPI calls 3
	IO DATA: rchar 4610 wchar 8843 syscr 51 syscw 27 read_bytes 0 write_bytes 303104
	Process OS info: (pid 514408 state R utime 1092 stime 1 cutime 0 cstime 0 CPU usage 98)
	CPU temperature (celsius): socket 0: 66 socket 1: 72[0m
EAR[514408](hratio_l30) at 2.60/1.47 in tcn361 MR[0] elapsed 5453 sec.: [32mLoop time: 1.109s DC Power: [35m395.3W[32m DRAM power: 0.00W PCK power: 403.79W
	avg. CPUFreq: 2.57GHz avg. IMCFreq: 1.47GHz
	CPI: 0.457 VPI: 0.00, Mem. bwidth: 0.15GB/s GFLOPS: 0.00 I/O: 0.01MB/s No MPI  
	TPI 0.02 Cache miss rates: L1 1.01GB/s L2 0.00GB/s L3 0.00GB/s
	Total MPI calls 3
	IO DATA: rchar 4610 wchar 8843 syscr 51 syscw 27 read_bytes 0 write_bytes 385024
	Process OS info: (pid 514408 state R utime 1093 stime 0 cutime 0 cstime 0 CPU usage 98)
	CPU temperature (celsius): socket 0: 66 socket 1: 72[0m
EAR[514408](hratio_l30) at 2.60/1.47 in tcn361 MR[0] elapsed 5464 sec.: [32mLoop time: 1.108s DC Power: [35m494.7W[32m DRAM power: 0.00W PCK power: 403.62W
	avg. CPUFreq: 2.57GHz avg. IMCFreq: 1.47GHz
	CPI: 0.457 VPI: 0.00, Mem. bwidth: 0.14GB/s GFLOPS: 0.00 I/O: 0.01MB/s No MPI  
	TPI 0.02 Cache miss rates: L1 1.00GB/s L2 0.00GB/s L3 0.00GB/s
	Total MPI calls 3
	IO DATA: rchar 4610 wchar 8843 syscr 51 syscw 27 read_bytes 0 write_bytes 294912
	Process OS info: (pid 514408 state R utime 1091 stime 1 cutime 0 cstime 0 CPU usage 98)
	CPU temperature (celsius): socket 0: 66 socket 1: 72[0m
EAR[514408](hratio_l30) at 2.60/1.47 in tcn361 MR[0] elapsed 5475 sec.: [32mLoop time: 1.107s DC Power: [35m494.8W[32m DRAM power: 0.00W PCK power: 403.59W
	avg. CPUFreq: 2.57GHz avg. IMCFreq: 1.47GHz
	CPI: 0.457 VPI: 0.00, Mem. bwidth: 0.11GB/s GFLOPS: 0.00 I/O: 0.01MB/s No MPI  
	TPI 0.02 Cache miss rates: L1 1.03GB/s L2 0.00GB/s L3 0.00GB/s
	Total MPI calls 3
	IO DATA: rchar 4610 wchar 8843 syscr 51 syscw 27 read_bytes 0 write_bytes 299008
	Process OS info: (pid 514408 state R utime 1092 stime 0 cutime 0 cstime 0 CPU usage 98)
	CPU temperature (celsius): socket 0: 66 socket 1: 72[0m
EAR[514408](hratio_l30) at 2.60/1.47 in tcn361 MR[0] elapsed 5486 sec.: [32mLoop time: 1.108s DC Power: [35m494.7W[32m DRAM power: 0.00W PCK power: 404.15W
	avg. CPUFreq: 2.57GHz avg. IMCFreq: 1.47GHz
	CPI: 0.456 VPI: 0.00, Mem. bwidth: 0.14GB/s GFLOPS: 0.00 I/O: 0.01MB/s No MPI  
	TPI 0.02 Cache miss rates: L1 0.98GB/s L2 0.00GB/s L3 0.00GB/s
	Total MPI calls 3
	IO DATA: rchar 4610 wchar 8843 syscr 51 syscw 27 read_bytes 0 write_bytes 294912
	Process OS info: (pid 514408 state R utime 1093 stime 1 cutime 0 cstime 0 CPU usage 98)
	CPU temperature (celsius): socket 0: 65 socket 1: 72[0m
EAR[514408](hratio_l30) at 2.60/1.47 in tcn361 MR[0] elapsed 5497 sec.: [32mLoop time: 1.108s DC Power: [35m445.6W[32m DRAM power: 0.00W PCK power: 404.37W
	avg. CPUFreq: 2.57GHz avg. IMCFreq: 1.47GHz
	CPI: 0.455 VPI: 0.00, Mem. bwidth: 0.12GB/s GFLOPS: 0.00 I/O: 0.01MB/s No MPI  
	TPI 0.02 Cache miss rates: L1 0.99GB/s L2 0.00GB/s L3 0.00GB/s
	Total MPI calls 3
	IO DATA: rchar 4610 wchar 8843 syscr 51 syscw 27 read_bytes 0 write_bytes 294912
	Process OS info: (pid 514408 state R utime 1092 stime 1 cutime 0 cstime 0 CPU usage 98)
	CPU temperature (celsius): socket 0: 66 socket 1: 72[0m
EAR[514408](hratio_l30) at 2.60/1.47 in tcn361 MR[0] elapsed 5508 sec.: [32mLoop time: 1.108s DC Power: [35m445.9W[32m DRAM power: 0.00W PCK power: 404.49W
	avg. CPUFreq: 2.57GHz avg. IMCFreq: 1.47GHz
	CPI: 0.455 VPI: 0.00, Mem. bwidth: 0.13GB/s GFLOPS: 0.00 I/O: 0.01MB/s No MPI  
	TPI 0.02 Cache miss rates: L1 0.99GB/s L2 0.00GB/s L3 0.00GB/s
	Total MPI calls 3
	IO DATA: rchar 4610 wchar 8843 syscr 51 syscw 27 read_bytes 0 write_bytes 299008
	Process OS info: (pid 514408 state R utime 1092 stime 0 cutime 0 cstime 0 CPU usage 98)
	CPU temperature (celsius): socket 0: 66 socket 1: 72[0m
EAR[514408](hratio_l30) at 2.60/1.47 in tcn361 MR[0] elapsed 5519 sec.: [32mLoop time: 1.108s DC Power: [35m495.9W[32m DRAM power: 0.00W PCK power: 404.62W
	avg. CPUFreq: 2.57GHz avg. IMCFreq: 1.47GHz
	CPI: 0.454 VPI: 0.00, Mem. bwidth: 0.15GB/s GFLOPS: 0.00 I/O: 0.01MB/s No MPI  
	TPI 0.02 Cache miss rates: L1 1.00GB/s L2 0.00GB/s L3 0.00GB/s
	Total MPI calls 3
	IO DATA: rchar 4610 wchar 8843 syscr 51 syscw 27 read_bytes 0 write_bytes 299008
	Process OS info: (pid 514408 state R utime 1093 stime 1 cutime 0 cstime 0 CPU usage 98)
	CPU temperature (celsius): socket 0: 66 socket 1: 72[0m
EAR[514408](hratio_l30) at 2.60/1.47 in tcn361 MR[0] elapsed 5530 sec.: [32mLoop time: 1.108s DC Power: [35m496.6W[32m DRAM power: 0.00W PCK power: 404.59W
	avg. CPUFreq: 2.57GHz avg. IMCFreq: 1.47GHz
	CPI: 0.454 VPI: 0.00, Mem. bwidth: 0.12GB/s GFLOPS: 0.00 I/O: 0.01MB/s No MPI  
	TPI 0.02 Cache miss rates: L1 0.99GB/s L2 0.00GB/s L3 0.00GB/s
	Total MPI calls 3
	IO DATA: rchar 4610 wchar 8843 syscr 51 syscw 27 read_bytes 0 write_bytes 299008
	Process OS info: (pid 514408 state R utime 1082 stime 1 cutime 0 cstime 0 CPU usage 97)
	CPU temperature (celsius): socket 0: 65 socket 1: 72[0m
EAR[514408](hratio_l30) at 2.60/1.47 in tcn361 MR[0] elapsed 5541 sec.: [32mLoop time: 1.108s DC Power: [35m446.9W[32m DRAM power: 0.00W PCK power: 404.62W
	avg. CPUFreq: 2.57GHz avg. IMCFreq: 1.47GHz
	CPI: 0.454 VPI: 0.00, Mem. bwidth: 0.13GB/s GFLOPS: 0.00 I/O: 0.01MB/s No MPI  
	TPI 0.02 Cache miss rates: L1 0.99GB/s L2 0.00GB/s L3 0.00GB/s
	Total MPI calls 3
	IO DATA: rchar 4610 wchar 8843 syscr 51 syscw 27 read_bytes 0 write_bytes 299008
	Process OS info: (pid 514408 state R utime 1092 stime 0 cutime 0 cstime 0 CPU usage 98)
	CPU temperature (celsius): socket 0: 65 socket 1: 72[0m
EAR[514408](hratio_l30) at 2.60/1.47 in tcn361 MR[0] elapsed 5553 sec.: [32mLoop time: 1.108s DC Power: [35m495.7W[32m DRAM power: 0.00W PCK power: 404.52W
	avg. CPUFreq: 2.57GHz avg. IMCFreq: 1.47GHz
	CPI: 0.454 VPI: 0.00, Mem. bwidth: 0.12GB/s GFLOPS: 0.00 I/O: 0.01MB/s No MPI  
	TPI 0.02 Cache miss rates: L1 0.97GB/s L2 0.00GB/s L3 0.00GB/s
	Total MPI calls 3
	IO DATA: rchar 4610 wchar 8843 syscr 51 syscw 27 read_bytes 0 write_bytes 438272
	Process OS info: (pid 514408 state R utime 1092 stime 1 cutime 0 cstime 0 CPU usage 98)
	CPU temperature (celsius): socket 0: 66 socket 1: 72[0m
EAR[514408](hratio_l30) at 2.60/1.47 in tcn361 MR[0] elapsed 5564 sec.: [32mLoop time: 1.108s DC Power: [35m495.4W[32m DRAM power: 0.00W PCK power: 404.74W
	avg. CPUFreq: 2.57GHz avg. IMCFreq: 1.47GHz
	CPI: 0.453 VPI: 0.00, Mem. bwidth: 0.12GB/s GFLOPS: 0.00 I/O: 0.01MB/s No MPI  
	TPI 0.02 Cache miss rates: L1 0.98GB/s L2 0.00GB/s L3 0.00GB/s
	Total MPI calls 3
	IO DATA: rchar 4610 wchar 8843 syscr 51 syscw 27 read_bytes 0 write_bytes 430080
	Process OS info: (pid 514408 state R utime 1092 stime 1 cutime 0 cstime 0 CPU usage 98)
	CPU temperature (celsius): socket 0: 66 socket 1: 72[0m
EAR[514408](hratio_l30) at 2.60/1.47 in tcn361 MR[0] elapsed 5575 sec.: [32mLoop time: 1.112s DC Power: [35m493.8W[32m DRAM power: 0.00W PCK power: 405.38W
	avg. CPUFreq: 2.57GHz avg. IMCFreq: 1.47GHz
	CPI: 0.452 VPI: 0.00, Mem. bwidth: 0.14GB/s GFLOPS: 0.00 I/O: 0.01MB/s No MPI  
	TPI 0.02 Cache miss rates: L1 0.98GB/s L2 0.00GB/s L3 0.00GB/s
	Total MPI calls 3
	IO DATA: rchar 4610 wchar 8843 syscr 51 syscw 27 read_bytes 0 write_bytes 303104
	Process OS info: (pid 514408 state R utime 1096 stime 1 cutime 0 cstime 0 CPU usage 98)
	CPU temperature (celsius): socket 0: 65 socket 1: 72[0m
EAR[514408](hratio_l30) at 2.60/1.47 in tcn361 MR[0] elapsed 5586 sec.: [32mLoop time: 1.107s DC Power: [35m447.1W[32m DRAM power: 0.00W PCK power: 405.21W
	avg. CPUFreq: 2.57GHz avg. IMCFreq: 1.47GHz
	CPI: 0.452 VPI: 0.00, Mem. bwidth: 0.11GB/s GFLOPS: 0.00 I/O: 0.01MB/s No MPI  
	TPI 0.02 Cache miss rates: L1 0.99GB/s L2 0.00GB/s L3 0.00GB/s
	Total MPI calls 3
	IO DATA: rchar 4610 wchar 8843 syscr 51 syscw 27 read_bytes 0 write_bytes 303104
	Process OS info: (pid 514408 state R utime 1092 stime 0 cutime 0 cstime 0 CPU usage 98)
	CPU temperature (celsius): socket 0: 65 socket 1: 72[0m
EAR[514408](hratio_l30) at 2.60/1.47 in tcn361 MR[0] elapsed 5597 sec.: [32mLoop time: 1.108s DC Power: [35m496.6W[32m DRAM power: 0.00W PCK power: 405.31W
	avg. CPUFreq: 2.57GHz avg. IMCFreq: 1.47GHz
	CPI: 0.451 VPI: 0.00, Mem. bwidth: 0.11GB/s GFLOPS: 0.00 I/O: 0.01MB/s No MPI  
	TPI 0.02 Cache miss rates: L1 0.96GB/s L2 0.00GB/s L3 0.00GB/s
	Total MPI calls 3
	IO DATA: rchar 4610 wchar 8843 syscr 51 syscw 27 read_bytes 0 write_bytes 303104
	Process OS info: (pid 514408 state R utime 1092 stime 1 cutime 0 cstime 0 CPU usage 98)
	CPU temperature (celsius): socket 0: 66 socket 1: 72[0m
EAR[514408](hratio_l30) at 2.60/1.47 in tcn361 MR[0] elapsed 5608 sec.: [32mLoop time: 1.108s DC Power: [35m496.5W[32m DRAM power: 0.00W PCK power: 405.35W
	avg. CPUFreq: 2.57GHz avg. IMCFreq: 1.47GHz
	CPI: 0.452 VPI: 0.00, Mem. bwidth: 0.32GB/s GFLOPS: 0.00 I/O: 0.01MB/s No MPI  
	TPI 0.05 Cache miss rates: L1 0.95GB/s L2 0.00GB/s L3 0.00GB/s
	Total MPI calls 3
	IO DATA: rchar 4610 wchar 8843 syscr 51 syscw 27 read_bytes 0 write_bytes 299008
	Process OS info: (pid 514408 state R utime 1083 stime 1 cutime 0 cstime 0 CPU usage 97)
	CPU temperature (celsius): socket 0: 66 socket 1: 72[0m
EAR[514408](hratio_l30) at 2.60/1.47 in tcn361 MR[0] elapsed 5619 sec.: [32mLoop time: 1.108s DC Power: [35m496.5W[32m DRAM power: 0.00W PCK power: 405.59W
	avg. CPUFreq: 2.57GHz avg. IMCFreq: 1.47GHz
	CPI: 0.452 VPI: 0.00, Mem. bwidth: 0.38GB/s GFLOPS: 0.00 I/O: 0.01MB/s No MPI  
	TPI 0.06 Cache miss rates: L1 1.02GB/s L2 0.00GB/s L3 0.00GB/s
	Total MPI calls 3
	IO DATA: rchar 4610 wchar 8843 syscr 51 syscw 27 read_bytes 0 write_bytes 294912
	Process OS info: (pid 514408 state R utime 1088 stime 0 cutime 0 cstime 0 CPU usage 98)
	CPU temperature (celsius): socket 0: 66 socket 1: 72[0m
EAR[514408](hratio_l30) at 2.60/1.47 in tcn361 MR[0] elapsed 5630 sec.: [32mLoop time: 1.108s DC Power: [35m446.8W[32m DRAM power: 0.00W PCK power: 405.50W
	avg. CPUFreq: 2.57GHz avg. IMCFreq: 1.47GHz
	CPI: 0.452 VPI: 0.00, Mem. bwidth: 0.20GB/s GFLOPS: 0.00 I/O: 0.01MB/s No MPI  
	TPI 0.03 Cache miss rates: L1 0.95GB/s L2 0.00GB/s L3 0.00GB/s
	Total MPI calls 3
	IO DATA: rchar 4610 wchar 8843 syscr 51 syscw 27 read_bytes 0 write_bytes 294912
	Process OS info: (pid 514408 state R utime 1092 stime 1 cutime 0 cstime 0 CPU usage 98)
	CPU temperature (celsius): socket 0: 66 socket 1: 72[0m
EAR[514408](hratio_l30) at 2.60/1.47 in tcn361 MR[0] elapsed 5641 sec.: [32mLoop time: 1.108s DC Power: [35m496.4W[32m DRAM power: 0.00W PCK power: 406.09W
	avg. CPUFreq: 2.57GHz avg. IMCFreq: 1.47GHz
	CPI: 0.450 VPI: 0.00, Mem. bwidth: 0.31GB/s GFLOPS: 0.00 I/O: 0.01MB/s No MPI  
	TPI 0.05 Cache miss rates: L1 0.97GB/s L2 0.00GB/s L3 0.00GB/s
	Total MPI calls 3
	IO DATA: rchar 4610 wchar 8843 syscr 51 syscw 27 read_bytes 0 write_bytes 299008
	Process OS info: (pid 514408 state R utime 1087 stime 1 cutime 0 cstime 0 CPU usage 98)
	CPU temperature (celsius): socket 0: 65 socket 1: 72[0m
EAR[514408](hratio_l30) at 2.60/1.47 in tcn361 MR[0] elapsed 5652 sec.: [32mLoop time: 1.108s DC Power: [35m496.6W[32m DRAM power: 0.00W PCK power: 407.07W
	avg. CPUFreq: 2.57GHz avg. IMCFreq: 1.47GHz
	CPI: 0.450 VPI: 0.00, Mem. bwidth: 0.39GB/s GFLOPS: 0.00 I/O: 0.01MB/s No MPI  
	TPI 0.06 Cache miss rates: L1 0.97GB/s L2 0.00GB/s L3 0.00GB/s
	Total MPI calls 3
	IO DATA: rchar 4610 wchar 8843 syscr 51 syscw 27 read_bytes 0 write_bytes 294912
	Process OS info: (pid 514408 state R utime 1090 stime 0 cutime 0 cstime 0 CPU usage 98)
	CPU temperature (celsius): socket 0: 66 socket 1: 72[0m
EAR[514408](hratio_l30) at 2.60/1.47 in tcn361 MR[0] elapsed 5663 sec.: [32mLoop time: 1.108s DC Power: [35m497.5W[32m DRAM power: 0.00W PCK power: 406.18W
	avg. CPUFreq: 2.57GHz avg. IMCFreq: 1.47GHz
	CPI: 0.450 VPI: 0.00, Mem. bwidth: 0.15GB/s GFLOPS: 0.00 I/O: 0.01MB/s No MPI  
	TPI 0.02 Cache miss rates: L1 0.97GB/s L2 0.00GB/s L3 0.00GB/s
	Total MPI calls 3
	IO DATA: rchar 4610 wchar 8843 syscr 51 syscw 27 read_bytes 0 write_bytes 303104
	Process OS info: (pid 514408 state R utime 1092 stime 1 cutime 0 cstime 0 CPU usage 98)
	CPU temperature (celsius): socket 0: 66 socket 1: 72[0m
EAR[514408](hratio_l30) at 2.60/1.47 in tcn361 MR[0] elapsed 5674 sec.: [32mLoop time: 1.108s DC Power: [35m497.4W[32m DRAM power: 0.00W PCK power: 406.01W
	avg. CPUFreq: 2.57GHz avg. IMCFreq: 1.47GHz
	CPI: 0.450 VPI: 0.00, Mem. bwidth: 0.11GB/s GFLOPS: 0.00 I/O: 0.01MB/s No MPI  
	TPI 0.02 Cache miss rates: L1 0.94GB/s L2 0.00GB/s L3 0.00GB/s
	Total MPI calls 3
	IO DATA: rchar 4610 wchar 8843 syscr 51 syscw 27 read_bytes 0 write_bytes 299008
	Process OS info: (pid 514408 state R utime 1092 stime 1 cutime 0 cstime 0 CPU usage 98)
	CPU temperature (celsius): socket 0: 66 socket 1: 72[0m
EAR[514408](hratio_l30) at 2.60/1.47 in tcn361 MR[0] elapsed 5686 sec.: [32mLoop time: 1.108s DC Power: [35m447.5W[32m DRAM power: 0.00W PCK power: 406.10W
	avg. CPUFreq: 2.57GHz avg. IMCFreq: 1.47GHz
	CPI: 0.449 VPI: 0.00, Mem. bwidth: 0.11GB/s GFLOPS: 0.00 I/O: 0.01MB/s No MPI  
	TPI 0.02 Cache miss rates: L1 0.98GB/s L2 0.00GB/s L3 0.00GB/s
	Total MPI calls 3
	IO DATA: rchar 4610 wchar 8843 syscr 51 syscw 27 read_bytes 0 write_bytes 294912
	Process OS info: (pid 514408 state R utime 1093 stime 0 cutime 0 cstime 0 CPU usage 98)
	CPU temperature (celsius): socket 0: 65 socket 1: 72[0m
EAR[514408](hratio_l30) at 2.60/1.47 in tcn361 MR[0] elapsed 5697 sec.: [32mLoop time: 1.108s DC Power: [35m498.0W[32m DRAM power: 0.00W PCK power: 406.14W
	avg. CPUFreq: 2.57GHz avg. IMCFreq: 1.47GHz
	CPI: 0.449 VPI: 0.00, Mem. bwidth: 0.17GB/s GFLOPS: 0.00 I/O: 0.01MB/s No MPI  
	TPI 0.02 Cache miss rates: L1 0.98GB/s L2 0.00GB/s L3 0.00GB/s
	Total MPI calls 3
	IO DATA: rchar 4610 wchar 8843 syscr 51 syscw 27 read_bytes 0 write_bytes 368640
	Process OS info: (pid 514408 state R utime 1092 stime 1 cutime 0 cstime 0 CPU usage 98)
	CPU temperature (celsius): socket 0: 66 socket 1: 72[0m
EAR[514408](hratio_l30) at 2.60/1.47 in tcn361 MR[0] elapsed 5708 sec.: [32mLoop time: 1.107s DC Power: [35m498.4W[32m DRAM power: 0.00W PCK power: 406.30W
	avg. CPUFreq: 2.57GHz avg. IMCFreq: 1.47GHz
	CPI: 0.449 VPI: 0.00, Mem. bwidth: 0.12GB/s GFLOPS: 0.00 I/O: 0.01MB/s No MPI  
	TPI 0.02 Cache miss rates: L1 0.97GB/s L2 0.00GB/s L3 0.00GB/s
	Total MPI calls 3
	IO DATA: rchar 4610 wchar 8843 syscr 51 syscw 27 read_bytes 0 write_bytes 356352
	Process OS info: (pid 514408 state R utime 1092 stime 1 cutime 0 cstime 0 CPU usage 98)
	CPU temperature (celsius): socket 0: 66 socket 1: 72[0m
EAR[514408](hratio_l30) at 2.60/1.47 in tcn361 MR[0] elapsed 5719 sec.: [32mLoop time: 1.113s DC Power: [35m494.8W[32m DRAM power: 0.00W PCK power: 406.51W
	avg. CPUFreq: 2.57GHz avg. IMCFreq: 1.47GHz
	CPI: 0.448 VPI: 0.00, Mem. bwidth: 0.12GB/s GFLOPS: 0.00 I/O: 0.01MB/s No MPI  
	TPI 0.02 Cache miss rates: L1 0.97GB/s L2 0.00GB/s L3 0.00GB/s
	Total MPI calls 3
	IO DATA: rchar 4610 wchar 8843 syscr 51 syscw 27 read_bytes 0 write_bytes 417792
	Process OS info: (pid 514408 state R utime 1084 stime 1 cutime 0 cstime 0 CPU usage 97)
	CPU temperature (celsius): socket 0: 66 socket 1: 72[0m
EAR[514408](hratio_l30) at 2.60/1.47 in tcn361 MR[0] elapsed 5730 sec.: [32mLoop time: 1.108s DC Power: [35m447.6W[32m DRAM power: 0.00W PCK power: 406.95W
	avg. CPUFreq: 2.57GHz avg. IMCFreq: 1.47GHz
	CPI: 0.447 VPI: 0.00, Mem. bwidth: 0.14GB/s GFLOPS: 0.00 I/O: 0.01MB/s No MPI  
	TPI 0.02 Cache miss rates: L1 0.94GB/s L2 0.00GB/s L3 0.00GB/s
	Total MPI calls 3
	IO DATA: rchar 4610 wchar 8843 syscr 51 syscw 27 read_bytes 0 write_bytes 454656
	Process OS info: (pid 514408 state R utime 1091 stime 0 cutime 0 cstime 0 CPU usage 98)
	CPU temperature (celsius): socket 0: 66 socket 1: 72[0m
EAR[514408](hratio_l30) at 2.60/1.47 in tcn361 MR[0] elapsed 5741 sec.: [32mLoop time: 1.108s DC Power: [35m497.5W[32m DRAM power: 0.00W PCK power: 406.87W
	avg. CPUFreq: 2.57GHz avg. IMCFreq: 1.47GHz
	CPI: 0.447 VPI: 0.00, Mem. bwidth: 0.11GB/s GFLOPS: 0.00 I/O: 0.01MB/s No MPI  
	TPI 0.02 Cache miss rates: L1 0.96GB/s L2 0.00GB/s L3 0.00GB/s
	Total MPI calls 3
	IO DATA: rchar 4610 wchar 8843 syscr 51 syscw 27 read_bytes 0 write_bytes 294912
	Process OS info: (pid 514408 state R utime 1093 stime 1 cutime 0 cstime 0 CPU usage 98)
	CPU temperature (celsius): socket 0: 66 socket 1: 72[0m
EAR[514408](hratio_l30) at 2.60/1.47 in tcn361 MR[0] elapsed 5752 sec.: [32mLoop time: 1.108s DC Power: [35m497.3W[32m DRAM power: 0.00W PCK power: 406.87W
	avg. CPUFreq: 2.57GHz avg. IMCFreq: 1.47GHz
	CPI: 0.447 VPI: 0.00, Mem. bwidth: 0.14GB/s GFLOPS: 0.00 I/O: 0.01MB/s No MPI  
	TPI 0.02 Cache miss rates: L1 1.03GB/s L2 0.00GB/s L3 0.00GB/s
	Total MPI calls 3
	IO DATA: rchar 4610 wchar 8843 syscr 51 syscw 27 read_bytes 0 write_bytes 294912
	Process OS info: (pid 514408 state R utime 1092 stime 1 cutime 0 cstime 0 CPU usage 98)
	CPU temperature (celsius): socket 0: 66 socket 1: 72[0m
EAR[514408](hratio_l30) at 2.60/1.47 in tcn361 MR[0] elapsed 5763 sec.: [32mLoop time: 1.110s DC Power: [35m496.5W[32m DRAM power: 0.00W PCK power: 406.87W
	avg. CPUFreq: 2.57GHz avg. IMCFreq: 1.47GHz
	CPI: 0.447 VPI: 0.00, Mem. bwidth: 0.11GB/s GFLOPS: 0.00 I/O: 0.01MB/s No MPI  
	TPI 0.02 Cache miss rates: L1 0.96GB/s L2 0.00GB/s L3 0.00GB/s
	Total MPI calls 3
	IO DATA: rchar 4610 wchar 8843 syscr 51 syscw 27 read_bytes 0 write_bytes 294912
	Process OS info: (pid 514408 state R utime 1094 stime 0 cutime 0 cstime 0 CPU usage 98)
	CPU temperature (celsius): socket 0: 66 socket 1: 72[0m
EAR[514408](hratio_l30) at 2.60/1.47 in tcn361 MR[0] elapsed 5774 sec.: [32mLoop time: 1.107s DC Power: [35m447.8W[32m DRAM power: 0.00W PCK power: 406.73W
	avg. CPUFreq: 2.57GHz avg. IMCFreq: 1.47GHz
	CPI: 0.448 VPI: 0.00, Mem. bwidth: 0.12GB/s GFLOPS: 0.00 I/O: 0.01MB/s No MPI  
	TPI 0.02 Cache miss rates: L1 0.96GB/s L2 0.00GB/s L3 0.00GB/s
	Total MPI calls 3
	IO DATA: rchar 4610 wchar 8843 syscr 51 syscw 27 read_bytes 0 write_bytes 294912
	Process OS info: (pid 514408 state R utime 1091 stime 1 cutime 0 cstime 0 CPU usage 98)
	CPU temperature (celsius): socket 0: 66 socket 1: 72[0m
EAR[514408](hratio_l30) at 2.60/1.47 in tcn361 MR[0] elapsed 5785 sec.: [32mLoop time: 1.107s DC Power: [35m497.6W[32m DRAM power: 0.00W PCK power: 406.91W
	avg. CPUFreq: 2.57GHz avg. IMCFreq: 1.47GHz
	CPI: 0.447 VPI: 0.00, Mem. bwidth: 0.14GB/s GFLOPS: 0.00 I/O: 0.01MB/s No MPI  
	TPI 0.02 Cache miss rates: L1 0.98GB/s L2 0.00GB/s L3 0.00GB/s
	Total MPI calls 3
	IO DATA: rchar 4610 wchar 8843 syscr 51 syscw 27 read_bytes 0 write_bytes 307200
	Process OS info: (pid 514408 state R utime 1092 stime 1 cutime 0 cstime 0 CPU usage 98)
	CPU temperature (celsius): socket 0: 66 socket 1: 72[0m
EAR[514408](hratio_l30) at 2.60/1.47 in tcn361 MR[0] elapsed 5796 sec.: [32mLoop time: 1.108s DC Power: [35m497.4W[32m DRAM power: 0.00W PCK power: 406.84W
	avg. CPUFreq: 2.57GHz avg. IMCFreq: 1.47GHz
	CPI: 0.447 VPI: 0.00, Mem. bwidth: 0.13GB/s GFLOPS: 0.00 I/O: 0.01MB/s No MPI  
	TPI 0.02 Cache miss rates: L1 0.98GB/s L2 0.00GB/s L3 0.00GB/s
	Total MPI calls 3
	IO DATA: rchar 4610 wchar 8843 syscr 51 syscw 27 read_bytes 0 write_bytes 299008
	Process OS info: (pid 514408 state R utime 1092 stime 1 cutime 0 cstime 0 CPU usage 98)
	CPU temperature (celsius): socket 0: 66 socket 1: 72[0m
EAR[514408](hratio_l30) at 2.60/1.47 in tcn361 MR[0] elapsed 5807 sec.: [32mLoop time: 1.108s DC Power: [35m447.7W[32m DRAM power: 0.00W PCK power: 406.89W
	avg. CPUFreq: 2.57GHz avg. IMCFreq: 1.47GHz
	CPI: 0.447 VPI: 0.00, Mem. bwidth: 0.15GB/s GFLOPS: 0.00 I/O: 0.01MB/s No MPI  
	TPI 0.02 Cache miss rates: L1 0.97GB/s L2 0.00GB/s L3 0.00GB/s
	Total MPI calls 3
	IO DATA: rchar 4610 wchar 8843 syscr 51 syscw 27 read_bytes 0 write_bytes 299008
	Process OS info: (pid 514408 state R utime 1091 stime 0 cutime 0 cstime 0 CPU usage 98)
	CPU temperature (celsius): socket 0: 66 socket 1: 72[0m
EAR[514408](hratio_l30) at 2.60/1.47 in tcn361 MR[0] elapsed 5819 sec.: [32mLoop time: 1.107s DC Power: [35m447.8W[32m DRAM power: 0.00W PCK power: 406.94W
	avg. CPUFreq: 2.57GHz avg. IMCFreq: 1.47GHz
	CPI: 0.447 VPI: 0.00, Mem. bwidth: 0.15GB/s GFLOPS: 0.00 I/O: 0.01MB/s No MPI  
	TPI 0.02 Cache miss rates: L1 0.97GB/s L2 0.00GB/s L3 0.00GB/s
	Total MPI calls 3
	IO DATA: rchar 4610 wchar 8843 syscr 51 syscw 27 read_bytes 0 write_bytes 303104
	Process OS info: (pid 514408 state R utime 1092 stime 1 cutime 0 cstime 0 CPU usage 98)
	CPU temperature (celsius): socket 0: 66 socket 1: 72[0m
EAR[514408](hratio_l30) at 2.60/1.47 in tcn361 MR[0] elapsed 5830 sec.: [32mLoop time: 1.108s DC Power: [35m497.4W[32m DRAM power: 0.00W PCK power: 406.80W
	avg. CPUFreq: 2.57GHz avg. IMCFreq: 1.47GHz
	CPI: 0.447 VPI: 0.00, Mem. bwidth: 0.12GB/s GFLOPS: 0.00 I/O: 0.01MB/s No MPI  
	TPI 0.02 Cache miss rates: L1 0.98GB/s L2 0.00GB/s L3 0.00GB/s
	Total MPI calls 3
	IO DATA: rchar 4610 wchar 8843 syscr 51 syscw 27 read_bytes 0 write_bytes 299008
	Process OS info: (pid 514408 state R utime 1092 stime 0 cutime 0 cstime 0 CPU usage 98)
	CPU temperature (celsius): socket 0: 66 socket 1: 72[0m
EAR[514408](hratio_l30) at 2.60/1.47 in tcn361 MR[0] elapsed 5841 sec.: [32mLoop time: 1.108s DC Power: [35m497.7W[32m DRAM power: 0.00W PCK power: 406.84W
	avg. CPUFreq: 2.57GHz avg. IMCFreq: 1.47GHz
	CPI: 0.448 VPI: 0.00, Mem. bwidth: 0.13GB/s GFLOPS: 0.00 I/O: 0.01MB/s No MPI  
	TPI 0.02 Cache miss rates: L1 0.97GB/s L2 0.00GB/s L3 0.00GB/s
	Total MPI calls 3
	IO DATA: rchar 4610 wchar 8843 syscr 51 syscw 27 read_bytes 0 write_bytes 294912
	Process OS info: (pid 514408 state R utime 1091 stime 1 cutime 0 cstime 0 CPU usage 98)
	CPU temperature (celsius): socket 0: 66 socket 1: 72[0m
EAR[514408](hratio_l30) at 2.60/1.47 in tcn361 MR[0] elapsed 5852 sec.: [32mLoop time: 1.108s DC Power: [35m498.3W[32m DRAM power: 0.00W PCK power: 406.88W
	avg. CPUFreq: 2.57GHz avg. IMCFreq: 1.47GHz
	CPI: 0.447 VPI: 0.00, Mem. bwidth: 0.13GB/s GFLOPS: 0.00 I/O: 0.01MB/s No MPI  
	TPI 0.02 Cache miss rates: L1 0.97GB/s L2 0.00GB/s L3 0.00GB/s
	Total MPI calls 3
	IO DATA: rchar 4610 wchar 8843 syscr 51 syscw 27 read_bytes 0 write_bytes 303104
	Process OS info: (pid 514408 state R utime 1092 stime 1 cutime 0 cstime 0 CPU usage 98)
	CPU temperature (celsius): socket 0: 66 socket 1: 72[0m
EAR[514408](hratio_l30) at 2.60/1.47 in tcn361 MR[0] elapsed 5863 sec.: [32mLoop time: 1.107s DC Power: [35m448.7W[32m DRAM power: 0.00W PCK power: 406.90W
	avg. CPUFreq: 2.57GHz avg. IMCFreq: 1.47GHz
	CPI: 0.447 VPI: 0.00, Mem. bwidth: 0.12GB/s GFLOPS: 0.00 I/O: 0.01MB/s No MPI  
	TPI 0.02 Cache miss rates: L1 0.97GB/s L2 0.00GB/s L3 0.00GB/s
	Total MPI calls 3
	IO DATA: rchar 4610 wchar 8843 syscr 51 syscw 27 read_bytes 0 write_bytes 352256
	Process OS info: (pid 514408 state R utime 1092 stime 0 cutime 0 cstime 0 CPU usage 98)
	CPU temperature (celsius): socket 0: 66 socket 1: 72[0m
EAR[514408](hratio_l30) at 2.60/1.47 in tcn361 MR[0] elapsed 5874 sec.: [32mLoop time: 1.108s DC Power: [35m448.5W[32m DRAM power: 0.00W PCK power: 406.98W
	avg. CPUFreq: 2.57GHz avg. IMCFreq: 1.47GHz
	CPI: 0.447 VPI: 0.00, Mem. bwidth: 0.15GB/s GFLOPS: 0.00 I/O: 0.01MB/s No MPI  
	TPI 0.02 Cache miss rates: L1 0.96GB/s L2 0.00GB/s L3 0.00GB/s
	Total MPI calls 3
	IO DATA: rchar 4610 wchar 8843 syscr 51 syscw 27 read_bytes 0 write_bytes 311296
	Process OS info: (pid 514408 state R utime 1092 stime 1 cutime 0 cstime 0 CPU usage 98)
	CPU temperature (celsius): socket 0: 66 socket 1: 72[0m
EAR[514408](hratio_l30) at 2.60/1.47 in tcn361 MR[0] elapsed 5885 sec.: [32mLoop time: 1.108s DC Power: [35m498.2W[32m DRAM power: 0.00W PCK power: 406.82W
	avg. CPUFreq: 2.57GHz avg. IMCFreq: 1.47GHz
	CPI: 0.447 VPI: 0.00, Mem. bwidth: 0.11GB/s GFLOPS: 0.00 I/O: 0.01MB/s No MPI  
	TPI 0.02 Cache miss rates: L1 0.96GB/s L2 0.00GB/s L3 0.00GB/s
	Total MPI calls 3
	IO DATA: rchar 4610 wchar 8843 syscr 51 syscw 27 read_bytes 0 write_bytes 294912
	Process OS info: (pid 514408 state R utime 1092 stime 1 cutime 0 cstime 0 CPU usage 98)
	CPU temperature (celsius): socket 0: 66 socket 1: 72[0m
EAR[514408](hratio_l30) at 2.60/1.47 in tcn361 MR[0] elapsed 5896 sec.: [32mLoop time: 1.108s DC Power: [35m498.2W[32m DRAM power: 0.00W PCK power: 407.03W
	avg. CPUFreq: 2.57GHz avg. IMCFreq: 1.47GHz
	CPI: 0.447 VPI: 0.00, Mem. bwidth: 0.11GB/s GFLOPS: 0.00 I/O: 0.01MB/s No MPI  
	TPI 0.02 Cache miss rates: L1 1.05GB/s L2 0.00GB/s L3 0.00GB/s
	Total MPI calls 3
	IO DATA: rchar 4610 wchar 8843 syscr 51 syscw 27 read_bytes 0 write_bytes 294912
	Process OS info: (pid 514408 state R utime 1092 stime 0 cutime 0 cstime 0 CPU usage 98)
	CPU temperature (celsius): socket 0: 66 socket 1: 72[0m
EAR[514408](hratio_l30) at 2.60/1.47 in tcn361 MR[0] elapsed 5907 sec.: [32mLoop time: 1.108s DC Power: [35m448.4W[32m DRAM power: 0.00W PCK power: 407.44W
	avg. CPUFreq: 2.57GHz avg. IMCFreq: 1.47GHz
	CPI: 0.446 VPI: 0.00, Mem. bwidth: 0.14GB/s GFLOPS: 0.00 I/O: 0.01MB/s No MPI  
	TPI 0.02 Cache miss rates: L1 0.97GB/s L2 0.00GB/s L3 0.00GB/s
	Total MPI calls 3
	IO DATA: rchar 4610 wchar 8843 syscr 51 syscw 27 read_bytes 0 write_bytes 290816
	Process OS info: (pid 514408 state R utime 1092 stime 1 cutime 0 cstime 0 CPU usage 98)
	CPU temperature (celsius): socket 0: 66 socket 1: 72[0m
EAR[514408](hratio_l30) at 2.60/1.47 in tcn361 MR[0] elapsed 5918 sec.: [32mLoop time: 1.108s DC Power: [35m498.3W[32m DRAM power: 0.00W PCK power: 407.34W
	avg. CPUFreq: 2.57GHz avg. IMCFreq: 1.47GHz
	CPI: 0.446 VPI: 0.00, Mem. bwidth: 0.10GB/s GFLOPS: 0.00 I/O: 0.01MB/s No MPI  
	TPI 0.02 Cache miss rates: L1 0.97GB/s L2 0.00GB/s L3 0.00GB/s
	Total MPI calls 3
	IO DATA: rchar 4610 wchar 8843 syscr 51 syscw 27 read_bytes 0 write_bytes 294912
	Process OS info: (pid 514408 state R utime 1093 stime 1 cutime 0 cstime 0 CPU usage 98)
	CPU temperature (celsius): socket 0: 66 socket 1: 72[0m
EAR[514408](hratio_l30) at 2.60/1.47 in tcn361 MR[0] elapsed 5929 sec.: [32mLoop time: 1.108s DC Power: [35m448.3W[32m DRAM power: 0.00W PCK power: 407.40W
	avg. CPUFreq: 2.57GHz avg. IMCFreq: 1.47GHz
	CPI: 0.446 VPI: 0.00, Mem. bwidth: 0.10GB/s GFLOPS: 0.00 I/O: 0.01MB/s No MPI  
	TPI 0.01 Cache miss rates: L1 0.98GB/s L2 0.00GB/s L3 0.00GB/s
	Total MPI calls 3
	IO DATA: rchar 4610 wchar 8843 syscr 51 syscw 27 read_bytes 0 write_bytes 294912
	Process OS info: (pid 514408 state R utime 1093 stime 0 cutime 0 cstime 0 CPU usage 98)
	CPU temperature (celsius): socket 0: 66 socket 1: 72[0m
EAR[514408](hratio_l30) at 2.60/1.47 in tcn361 MR[0] elapsed 5940 sec.: [32mLoop time: 1.108s DC Power: [35m498.3W[32m DRAM power: 0.00W PCK power: 407.46W
	avg. CPUFreq: 2.57GHz avg. IMCFreq: 1.47GHz
	CPI: 0.446 VPI: 0.00, Mem. bwidth: 0.18GB/s GFLOPS: 0.00 I/O: 0.01MB/s No MPI  
	TPI 0.03 Cache miss rates: L1 0.97GB/s L2 0.00GB/s L3 0.00GB/s
	Total MPI calls 3
	IO DATA: rchar 4610 wchar 8843 syscr 51 syscw 27 read_bytes 0 write_bytes 348160
	Process OS info: (pid 514408 state R utime 1091 stime 1 cutime 0 cstime 0 CPU usage 98)
	CPU temperature (celsius): socket 0: 66 socket 1: 72[0m
EAR[514408](hratio_l30) at 2.60/1.47 in tcn361 MR[0] elapsed 5951 sec.: [32mLoop time: 1.108s DC Power: [35m448.5W[32m DRAM power: 0.00W PCK power: 407.34W
	avg. CPUFreq: 2.57GHz avg. IMCFreq: 1.47GHz
	CPI: 0.446 VPI: 0.00, Mem. bwidth: 0.11GB/s GFLOPS: 0.00 I/O: 0.01MB/s No MPI  
	TPI 0.02 Cache miss rates: L1 0.97GB/s L2 0.00GB/s L3 0.00GB/s
	Total MPI calls 3
	IO DATA: rchar 4610 wchar 8843 syscr 51 syscw 27 read_bytes 0 write_bytes 299008
	Process OS info: (pid 514408 state R utime 1092 stime 1 cutime 0 cstime 0 CPU usage 98)
	CPU temperature (celsius): socket 0: 66 socket 1: 72[0m
EAR[514408](hratio_l30) at 2.60/1.47 in tcn361 MR[0] elapsed 5963 sec.: [32mLoop time: 1.107s DC Power: [35m498.5W[32m DRAM power: 0.00W PCK power: 407.51W
	avg. CPUFreq: 2.57GHz avg. IMCFreq: 1.47GHz
	CPI: 0.446 VPI: 0.00, Mem. bwidth: 0.13GB/s GFLOPS: 0.00 I/O: 0.01MB/s No MPI  
	TPI 0.02 Cache miss rates: L1 0.96GB/s L2 0.00GB/s L3 0.00GB/s
	Total MPI calls 3
	IO DATA: rchar 4610 wchar 8843 syscr 51 syscw 27 read_bytes 0 write_bytes 294912
	Process OS info: (pid 514408 state R utime 1092 stime 0 cutime 0 cstime 0 CPU usage 98)
	CPU temperature (celsius): socket 0: 66 socket 1: 72[0m
EAR[514408](hratio_l30) at 2.60/1.47 in tcn361 MR[0] elapsed 5974 sec.: [32mLoop time: 1.108s DC Power: [35m498.4W[32m DRAM power: 0.00W PCK power: 407.22W
	avg. CPUFreq: 2.57GHz avg. IMCFreq: 1.47GHz
	CPI: 0.446 VPI: 0.00, Mem. bwidth: 0.12GB/s GFLOPS: 0.00 I/O: 0.01MB/s No MPI  
	TPI 0.02 Cache miss rates: L1 0.95GB/s L2 0.00GB/s L3 0.00GB/s
	Total MPI calls 3
	IO DATA: rchar 4610 wchar 8843 syscr 51 syscw 27 read_bytes 0 write_bytes 294912
	Process OS info: (pid 514408 state R utime 1091 stime 1 cutime 0 cstime 0 CPU usage 98)
	CPU temperature (celsius): socket 0: 66 socket 1: 72[0m
EAR[514408](hratio_l30) at 2.60/1.47 in tcn361 MR[0] elapsed 5985 sec.: [32mLoop time: 1.107s DC Power: [35m448.6W[32m DRAM power: 0.00W PCK power: 407.20W
	avg. CPUFreq: 2.57GHz avg. IMCFreq: 1.47GHz
	CPI: 0.446 VPI: 0.00, Mem. bwidth: 0.12GB/s GFLOPS: 0.00 I/O: 0.01MB/s No MPI  
	TPI 0.02 Cache miss rates: L1 0.95GB/s L2 0.00GB/s L3 0.00GB/s
	Total MPI calls 3
	IO DATA: rchar 4610 wchar 8843 syscr 51 syscw 27 read_bytes 0 write_bytes 303104
	Process OS info: (pid 514408 state R utime 1092 stime 1 cutime 0 cstime 0 CPU usage 98)
	CPU temperature (celsius): socket 0: 66 socket 1: 72[0m
EAR[514408](hratio_l30) at 2.60/1.47 in tcn361 MR[0] elapsed 5996 sec.: [32mLoop time: 1.109s DC Power: [35m497.7W[32m DRAM power: 0.00W PCK power: 407.39W
	avg. CPUFreq: 2.57GHz avg. IMCFreq: 1.47GHz
	CPI: 0.446 VPI: 0.00, Mem. bwidth: 0.14GB/s GFLOPS: 0.00 I/O: 0.01MB/s No MPI  
	TPI 0.02 Cache miss rates: L1 0.97GB/s L2 0.00GB/s L3 0.00GB/s
	Total MPI calls 3
	IO DATA: rchar 4610 wchar 8843 syscr 51 syscw 27 read_bytes 0 write_bytes 532480
	Process OS info: (pid 514408 state R utime 1093 stime 1 cutime 0 cstime 0 CPU usage 98)
	CPU temperature (celsius): socket 0: 66 socket 1: 72[0m
EAR[514408](hratio_l30) at 2.60/1.47 in tcn361 MR[0] elapsed 6007 sec.: [32mLoop time: 1.108s DC Power: [35m498.2W[32m DRAM power: 0.00W PCK power: 407.34W
	avg. CPUFreq: 2.57GHz avg. IMCFreq: 1.47GHz
	CPI: 0.446 VPI: 0.00, Mem. bwidth: 0.10GB/s GFLOPS: 0.00 I/O: 0.01MB/s No MPI  
	TPI 0.02 Cache miss rates: L1 0.98GB/s L2 0.00GB/s L3 0.00GB/s
	Total MPI calls 3
	IO DATA: rchar 4610 wchar 8843 syscr 51 syscw 27 read_bytes 0 write_bytes 364544
	Process OS info: (pid 514408 state R utime 1093 stime 0 cutime 0 cstime 0 CPU usage 98)
	CPU temperature (celsius): socket 0: 66 socket 1: 72[0m
EAR[514408](hratio_l30) at 2.60/1.47 in tcn361 MR[0] elapsed 6018 sec.: [32mLoop time: 1.108s DC Power: [35m498.2W[32m DRAM power: 0.00W PCK power: 407.65W
	avg. CPUFreq: 2.57GHz avg. IMCFreq: 1.47GHz
	CPI: 0.445 VPI: 0.00, Mem. bwidth: 0.11GB/s GFLOPS: 0.00 I/O: 0.01MB/s No MPI  
	TPI 0.02 Cache miss rates: L1 0.98GB/s L2 0.00GB/s L3 0.00GB/s
	Total MPI calls 3
	IO DATA: rchar 4610 wchar 8843 syscr 51 syscw 27 read_bytes 0 write_bytes 299008
	Process OS info: (pid 514408 state R utime 1092 stime 1 cutime 0 cstime 0 CPU usage 98)
	CPU temperature (celsius): socket 0: 66 socket 1: 72[0m
EAR[514408](hratio_l30) at 2.60/1.47 in tcn361 MR[0] elapsed 6029 sec.: [32mLoop time: 1.108s DC Power: [35m498.5W[32m DRAM power: 0.00W PCK power: 407.74W
	avg. CPUFreq: 2.57GHz avg. IMCFreq: 1.47GHz
	CPI: 0.445 VPI: 0.00, Mem. bwidth: 0.14GB/s GFLOPS: 0.00 I/O: 0.01MB/s No MPI  
	TPI 0.02 Cache miss rates: L1 0.97GB/s L2 0.00GB/s L3 0.00GB/s
	Total MPI calls 3
	IO DATA: rchar 4610 wchar 8843 syscr 51 syscw 27 read_bytes 0 write_bytes 286720
	Process OS info: (pid 514408 state R utime 1092 stime 0 cutime 0 cstime 0 CPU usage 98)
	CPU temperature (celsius): socket 0: 66 socket 1: 72[0m
EAR[514408](hratio_l30) at 2.60/1.47 in tcn361 MR[0] elapsed 6040 sec.: [32mLoop time: 1.113s DC Power: [35m496.9W[32m DRAM power: 0.00W PCK power: 407.72W
	avg. CPUFreq: 2.57GHz avg. IMCFreq: 1.47GHz
	CPI: 0.445 VPI: 0.00, Mem. bwidth: 0.11GB/s GFLOPS: 0.00 I/O: 0.01MB/s No MPI  
	TPI 0.02 Cache miss rates: L1 1.01GB/s L2 0.00GB/s L3 0.00GB/s
	Total MPI calls 3
	IO DATA: rchar 4610 wchar 8843 syscr 51 syscw 27 read_bytes 0 write_bytes 294912
	Process OS info: (pid 514408 state R utime 1092 stime 1 cutime 0 cstime 0 CPU usage 98)
	CPU temperature (celsius): socket 0: 66 socket 1: 72[0m
EAR[514408](hratio_l30) at 2.60/1.47 in tcn361 MR[0] elapsed 6051 sec.: [32mLoop time: 1.108s DC Power: [35m399.4W[32m DRAM power: 0.00W PCK power: 407.99W
	avg. CPUFreq: 2.57GHz avg. IMCFreq: 1.47GHz
	CPI: 0.444 VPI: 0.00, Mem. bwidth: 0.13GB/s GFLOPS: 0.00 I/O: 0.01MB/s No MPI  
	TPI 0.02 Cache miss rates: L1 0.93GB/s L2 0.00GB/s L3 0.00GB/s
	Total MPI calls 3
	IO DATA: rchar 4610 wchar 8843 syscr 51 syscw 27 read_bytes 0 write_bytes 434176
	Process OS info: (pid 514408 state R utime 1092 stime 1 cutime 0 cstime 0 CPU usage 98)
	CPU temperature (celsius): socket 0: 66 socket 1: 72[0m
EAR[514408](hratio_l30) at 2.60/1.47 in tcn361 MR[0] elapsed 6062 sec.: [32mLoop time: 1.108s DC Power: [35m499.2W[32m DRAM power: 0.00W PCK power: 407.95W
	avg. CPUFreq: 2.57GHz avg. IMCFreq: 1.47GHz
	CPI: 0.444 VPI: 0.00, Mem. bwidth: 0.11GB/s GFLOPS: 0.00 I/O: 0.01MB/s No MPI  
	TPI 0.02 Cache miss rates: L1 0.94GB/s L2 0.00GB/s L3 0.00GB/s
	Total MPI calls 3
	IO DATA: rchar 4610 wchar 8843 syscr 51 syscw 27 read_bytes 0 write_bytes 409600
	Process OS info: (pid 514408 state R utime 1092 stime 1 cutime 0 cstime 0 CPU usage 98)
	CPU temperature (celsius): socket 0: 66 socket 1: 72[0m
EAR[514408](hratio_l30) at 2.60/1.47 in tcn361 MR[0] elapsed 6073 sec.: [32mLoop time: 1.108s DC Power: [35m499.3W[32m DRAM power: 0.00W PCK power: 407.87W
	avg. CPUFreq: 2.57GHz avg. IMCFreq: 1.47GHz
	CPI: 0.444 VPI: 0.00, Mem. bwidth: 0.12GB/s GFLOPS: 0.00 I/O: 0.01MB/s No MPI  
	TPI 0.02 Cache miss rates: L1 0.96GB/s L2 0.00GB/s L3 0.00GB/s
	Total MPI calls 3
	IO DATA: rchar 4610 wchar 8843 syscr 51 syscw 27 read_bytes 0 write_bytes 409600
	Process OS info: (pid 514408 state R utime 1092 stime 0 cutime 0 cstime 0 CPU usage 98)
	CPU temperature (celsius): socket 0: 66 socket 1: 72[0m
EAR[514408](hratio_l30) at 2.60/1.47 in tcn361 MR[0] elapsed 6084 sec.: [32mLoop time: 1.107s DC Power: [35m499.3W[32m DRAM power: 0.00W PCK power: 408.06W
	avg. CPUFreq: 2.57GHz avg. IMCFreq: 1.47GHz
	CPI: 0.444 VPI: 0.00, Mem. bwidth: 0.15GB/s GFLOPS: 0.00 I/O: 0.01MB/s No MPI  
	TPI 0.02 Cache miss rates: L1 0.92GB/s L2 0.00GB/s L3 0.00GB/s
	Total MPI calls 3
	IO DATA: rchar 4610 wchar 8843 syscr 51 syscw 27 read_bytes 0 write_bytes 294912
	Process OS info: (pid 514408 state R utime 1091 stime 1 cutime 0 cstime 0 CPU usage 98)
	CPU temperature (celsius): socket 0: 66 socket 1: 72[0m
EAR[514408](hratio_l30) at 2.60/1.47 in tcn361 MR[0] elapsed 6096 sec.: [32mLoop time: 1.108s DC Power: [35m448.4W[32m DRAM power: 0.00W PCK power: 407.99W
	avg. CPUFreq: 2.57GHz avg. IMCFreq: 1.47GHz
	CPI: 0.444 VPI: 0.00, Mem. bwidth: 0.12GB/s GFLOPS: 0.00 I/O: 0.01MB/s No MPI  
	TPI 0.02 Cache miss rates: L1 0.91GB/s L2 0.00GB/s L3 0.00GB/s
	Total MPI calls 3
	IO DATA: rchar 4610 wchar 8843 syscr 51 syscw 27 read_bytes 0 write_bytes 294912
	Process OS info: (pid 514408 state R utime 1092 stime 1 cutime 0 cstime 0 CPU usage 98)
	CPU temperature (celsius): socket 0: 66 socket 1: 72[0m
EAR[514408](hratio_l30) at 2.60/1.47 in tcn361 MR[0] elapsed 6107 sec.: [32mLoop time: 1.108s DC Power: [35m448.5W[32m DRAM power: 0.00W PCK power: 407.97W
	avg. CPUFreq: 2.57GHz avg. IMCFreq: 1.47GHz
	CPI: 0.444 VPI: 0.00, Mem. bwidth: 0.12GB/s GFLOPS: 0.00 I/O: 0.01MB/s No MPI  
	TPI 0.02 Cache miss rates: L1 0.94GB/s L2 0.00GB/s L3 0.00GB/s
	Total MPI calls 3
	IO DATA: rchar 4610 wchar 8843 syscr 51 syscw 27 read_bytes 0 write_bytes 299008
	Process OS info: (pid 514408 state R utime 1092 stime 0 cutime 0 cstime 0 CPU usage 98)
	CPU temperature (celsius): socket 0: 66 socket 1: 72[0m
EAR[514408](hratio_l30) at 2.60/1.47 in tcn361 MR[0] elapsed 6118 sec.: [32mLoop time: 1.107s DC Power: [35m498.5W[32m DRAM power: 0.00W PCK power: 408.14W
	avg. CPUFreq: 2.57GHz avg. IMCFreq: 1.47GHz
	CPI: 0.444 VPI: 0.00, Mem. bwidth: 0.14GB/s GFLOPS: 0.00 I/O: 0.01MB/s No MPI  
	TPI 0.02 Cache miss rates: L1 0.95GB/s L2 0.00GB/s L3 0.00GB/s
	Total MPI calls 3
	IO DATA: rchar 4610 wchar 8843 syscr 51 syscw 27 read_bytes 0 write_bytes 303104
	Process OS info: (pid 514408 state R utime 1092 stime 1 cutime 0 cstime 0 CPU usage 98)
	CPU temperature (celsius): socket 0: 66 socket 1: 72[0m
EAR[514408](hratio_l30) at 2.60/1.47 in tcn361 MR[0] elapsed 6129 sec.: [32mLoop time: 1.107s DC Power: [35m498.4W[32m DRAM power: 0.00W PCK power: 408.40W
	avg. CPUFreq: 2.57GHz avg. IMCFreq: 1.47GHz
	CPI: 0.443 VPI: 0.00, Mem. bwidth: 0.10GB/s GFLOPS: 0.00 I/O: 0.01MB/s No MPI  
	TPI 0.01 Cache miss rates: L1 0.95GB/s L2 0.00GB/s L3 0.00GB/s
	Total MPI calls 3
	IO DATA: rchar 4610 wchar 8843 syscr 51 syscw 27 read_bytes 0 write_bytes 299008
	Process OS info: (pid 514408 state R utime 1092 stime 1 cutime 0 cstime 0 CPU usage 98)
	CPU temperature (celsius): socket 0: 66 socket 1: 72[0m
EAR[514408](hratio_l30) at 2.60/1.47 in tcn361 MR[0] elapsed 6140 sec.: [32mLoop time: 1.108s DC Power: [35m449.0W[32m DRAM power: 0.00W PCK power: 408.33W
	avg. CPUFreq: 2.57GHz avg. IMCFreq: 1.47GHz
	CPI: 0.443 VPI: 0.00, Mem. bwidth: 0.11GB/s GFLOPS: 0.00 I/O: 0.01MB/s No MPI  
	TPI 0.02 Cache miss rates: L1 0.96GB/s L2 0.00GB/s L3 0.00GB/s
	Total MPI calls 3
	IO DATA: rchar 4610 wchar 8843 syscr 51 syscw 27 read_bytes 0 write_bytes 438272
	Process OS info: (pid 514408 state R utime 1093 stime 0 cutime 0 cstime 0 CPU usage 98)
	CPU temperature (celsius): socket 0: 66 socket 1: 72[0m
EAR[514408](hratio_l30) at 2.60/1.47 in tcn361 MR[0] elapsed 6151 sec.: [32mLoop time: 1.108s DC Power: [35m499.1W[32m DRAM power: 0.00W PCK power: 408.50W
	avg. CPUFreq: 2.57GHz avg. IMCFreq: 1.47GHz
	CPI: 0.443 VPI: 0.00, Mem. bwidth: 0.14GB/s GFLOPS: 0.00 I/O: 0.01MB/s No MPI  
	TPI 0.02 Cache miss rates: L1 0.98GB/s L2 0.00GB/s L3 0.00GB/s
	Total MPI calls 3
	IO DATA: rchar 4610 wchar 8843 syscr 51 syscw 27 read_bytes 0 write_bytes 311296
	Process OS info: (pid 514408 state R utime 1092 stime 1 cutime 0 cstime 0 CPU usage 98)
	CPU temperature (celsius): socket 0: 66 socket 1: 72[0m
EAR[514408](hratio_l30) at 2.60/1.47 in tcn361 MR[0] elapsed 6162 sec.: [32mLoop time: 1.108s DC Power: [35m499.2W[32m DRAM power: 0.00W PCK power: 408.37W
	avg. CPUFreq: 2.57GHz avg. IMCFreq: 1.47GHz
	CPI: 0.442 VPI: 0.00, Mem. bwidth: 0.11GB/s GFLOPS: 0.00 I/O: 0.01MB/s No MPI  
	TPI 0.02 Cache miss rates: L1 0.96GB/s L2 0.00GB/s L3 0.00GB/s
	Total MPI calls 3
	IO DATA: rchar 4610 wchar 8843 syscr 51 syscw 27 read_bytes 0 write_bytes 294912
	Process OS info: (pid 514408 state R utime 1092 stime 1 cutime 0 cstime 0 CPU usage 98)
	CPU temperature (celsius): socket 0: 66 socket 1: 72[0m
EAR[514408](hratio_l30) at 2.60/1.47 in tcn361 MR[0] elapsed 6173 sec.: [32mLoop time: 1.109s DC Power: [35m448.9W[32m DRAM power: 0.00W PCK power: 408.84W
	avg. CPUFreq: 2.57GHz avg. IMCFreq: 1.47GHz
	CPI: 0.442 VPI: 0.00, Mem. bwidth: 0.14GB/s GFLOPS: 0.00 I/O: 0.01MB/s No MPI  
	TPI 0.02 Cache miss rates: L1 1.02GB/s L2 0.00GB/s L3 0.00GB/s
	Total MPI calls 3
	IO DATA: rchar 4610 wchar 8843 syscr 51 syscw 27 read_bytes 0 write_bytes 294912
	Process OS info: (pid 514408 state R utime 1093 stime 0 cutime 0 cstime 0 CPU usage 98)
	CPU temperature (celsius): socket 0: 66 socket 1: 72[0m
EAR[514408](hratio_l30) at 2.60/1.47 in tcn361 MR[0] elapsed 6184 sec.: [32mLoop time: 1.107s DC Power: [35m449.5W[32m DRAM power: 0.00W PCK power: 408.70W
	avg. CPUFreq: 2.57GHz avg. IMCFreq: 1.47GHz
	CPI: 0.442 VPI: 0.00, Mem. bwidth: 0.13GB/s GFLOPS: 0.00 I/O: 0.01MB/s No MPI  
	TPI 0.02 Cache miss rates: L1 0.94GB/s L2 0.00GB/s L3 0.00GB/s
	Total MPI calls 3
	IO DATA: rchar 4610 wchar 8843 syscr 51 syscw 27 read_bytes 0 write_bytes 294912
	Process OS info: (pid 514408 state R utime 1092 stime 1 cutime 0 cstime 0 CPU usage 98)
	CPU temperature (celsius): socket 0: 66 socket 1: 72[0m
EAR[514408](hratio_l30) at 2.60/1.47 in tcn361 MR[0] elapsed 6195 sec.: [32mLoop time: 1.107s DC Power: [35m500.0W[32m DRAM power: 0.00W PCK power: 409.15W
	avg. CPUFreq: 2.57GHz avg. IMCFreq: 1.47GHz
	CPI: 0.441 VPI: 0.00, Mem. bwidth: 0.11GB/s GFLOPS: 0.00 I/O: 0.01MB/s No MPI  
	TPI 0.02 Cache miss rates: L1 0.94GB/s L2 0.00GB/s L3 0.00GB/s
	Total MPI calls 3
	IO DATA: rchar 4610 wchar 8843 syscr 51 syscw 27 read_bytes 0 write_bytes 294912
	Process OS info: (pid 514408 state R utime 1089 stime 1 cutime 0 cstime 0 CPU usage 98)
	CPU temperature (celsius): socket 0: 66 socket 1: 72[0m
EAR[514408](hratio_l30) at 2.60/1.47 in tcn361 MR[0] elapsed 6206 sec.: [32mLoop time: 1.107s DC Power: [35m500.3W[32m DRAM power: 0.00W PCK power: 409.64W
	avg. CPUFreq: 2.57GHz avg. IMCFreq: 1.47GHz
	CPI: 0.439 VPI: 0.00, Mem. bwidth: 0.14GB/s GFLOPS: 0.00 I/O: 0.01MB/s No MPI  
	TPI 0.02 Cache miss rates: L1 0.92GB/s L2 0.00GB/s L3 0.00GB/s
	Total MPI calls 3
	IO DATA: rchar 4610 wchar 8843 syscr 51 syscw 27 read_bytes 0 write_bytes 294912
	Process OS info: (pid 514408 state R utime 1091 stime 0 cutime 0 cstime 0 CPU usage 98)
	CPU temperature (celsius): socket 0: 66 socket 1: 72[0m
EAR[514408](hratio_l30) at 2.60/1.47 in tcn361 MR[0] elapsed 6217 sec.: [32mLoop time: 1.108s DC Power: [35m500.9W[32m DRAM power: 0.00W PCK power: 409.94W
	avg. CPUFreq: 2.57GHz avg. IMCFreq: 1.47GHz
	CPI: 0.438 VPI: 0.00, Mem. bwidth: 0.11GB/s GFLOPS: 0.00 I/O: 0.01MB/s No MPI  
	TPI 0.02 Cache miss rates: L1 0.93GB/s L2 0.00GB/s L3 0.00GB/s
	Total MPI calls 3
	IO DATA: rchar 4610 wchar 8843 syscr 51 syscw 27 read_bytes 0 write_bytes 348160
	Process OS info: (pid 514408 state R utime 1091 stime 1 cutime 0 cstime 0 CPU usage 98)
	CPU temperature (celsius): socket 0: 66 socket 1: 72[0m
EAR[514408](hratio_l30) at 2.60/1.47 in tcn361 MR[0] elapsed 6228 sec.: [32mLoop time: 1.108s DC Power: [35m400.9W[32m DRAM power: 0.00W PCK power: 410.00W
	avg. CPUFreq: 2.57GHz avg. IMCFreq: 1.47GHz
	CPI: 0.438 VPI: 0.00, Mem. bwidth: 0.11GB/s GFLOPS: 0.00 I/O: 0.01MB/s No MPI  
	TPI 0.02 Cache miss rates: L1 0.92GB/s L2 0.00GB/s L3 0.00GB/s
	Total MPI calls 3
	IO DATA: rchar 4610 wchar 8843 syscr 51 syscw 27 read_bytes 0 write_bytes 294912
	Process OS info: (pid 514408 state R utime 1091 stime 1 cutime 0 cstime 0 CPU usage 98)
	CPU temperature (celsius): socket 0: 66 socket 1: 72[0m
EAR[514408](hratio_l30) at 2.60/1.47 in tcn361 MR[0] elapsed 6240 sec.: [32mLoop time: 1.108s DC Power: [35m501.0W[32m DRAM power: 0.00W PCK power: 410.11W
	avg. CPUFreq: 2.57GHz avg. IMCFreq: 1.47GHz
	CPI: 0.438 VPI: 0.00, Mem. bwidth: 0.14GB/s GFLOPS: 0.00 I/O: 0.01MB/s No MPI  
	TPI 0.02 Cache miss rates: L1 0.92GB/s L2 0.00GB/s L3 0.00GB/s
	Total MPI calls 3
	IO DATA: rchar 4610 wchar 8843 syscr 51 syscw 27 read_bytes 0 write_bytes 303104
	Process OS info: (pid 514408 state R utime 1090 stime 1 cutime 0 cstime 0 CPU usage 98)
	CPU temperature (celsius): socket 0: 66 socket 1: 72[0m
EAR[514408](hratio_l30) at 2.60/1.47 in tcn361 MR[0] elapsed 6251 sec.: [32mLoop time: 1.107s DC Power: [35m501.1W[32m DRAM power: 0.00W PCK power: 409.97W
	avg. CPUFreq: 2.57GHz avg. IMCFreq: 1.47GHz
	CPI: 0.438 VPI: 0.00, Mem. bwidth: 0.12GB/s GFLOPS: 0.00 I/O: 0.01MB/s No MPI  
	TPI 0.02 Cache miss rates: L1 0.93GB/s L2 0.00GB/s L3 0.00GB/s
	Total MPI calls 3
	IO DATA: rchar 4610 wchar 8843 syscr 51 syscw 27 read_bytes 0 write_bytes 299008
	Process OS info: (pid 514408 state R utime 1090 stime 0 cutime 0 cstime 0 CPU usage 98)
	CPU temperature (celsius): socket 0: 66 socket 1: 72[0m
EAR[514408](hratio_l30) at 2.60/1.47 in tcn361 MR[0] elapsed 6262 sec.: [32mLoop time: 1.107s DC Power: [35m500.6W[32m DRAM power: 0.00W PCK power: 410.10W
	avg. CPUFreq: 2.57GHz avg. IMCFreq: 1.47GHz
	CPI: 0.438 VPI: 0.00, Mem. bwidth: 0.14GB/s GFLOPS: 0.00 I/O: 0.01MB/s No MPI  
	TPI 0.02 Cache miss rates: L1 0.96GB/s L2 0.00GB/s L3 0.00GB/s
	Total MPI calls 3
	IO DATA: rchar 4610 wchar 8843 syscr 51 syscw 27 read_bytes 0 write_bytes 303104
	Process OS info: (pid 514408 state R utime 1091 stime 1 cutime 0 cstime 0 CPU usage 98)
	CPU temperature (celsius): socket 0: 66 socket 1: 72[0m
EAR[514408](hratio_l30) at 2.60/1.47 in tcn361 MR[0] elapsed 6273 sec.: [32mLoop time: 1.107s DC Power: [35m451.0W[32m DRAM power: 0.00W PCK power: 409.94W
	avg. CPUFreq: 2.57GHz avg. IMCFreq: 1.47GHz
	CPI: 0.438 VPI: 0.00, Mem. bwidth: 0.11GB/s GFLOPS: 0.00 I/O: 0.01MB/s No MPI  
	TPI 0.02 Cache miss rates: L1 0.96GB/s L2 0.00GB/s L3 0.00GB/s
	Total MPI calls 3
	IO DATA: rchar 4610 wchar 8843 syscr 51 syscw 27 read_bytes 0 write_bytes 299008
	Process OS info: (pid 514408 state R utime 1092 stime 1 cutime 0 cstime 0 CPU usage 98)
	CPU temperature (celsius): socket 0: 66 socket 1: 72[0m
EAR[514408](hratio_l30) at 2.60/1.47 in tcn361 MR[0] elapsed 6284 sec.: [32mLoop time: 1.108s DC Power: [35m500.9W[32m DRAM power: 0.00W PCK power: 409.95W
	avg. CPUFreq: 2.57GHz avg. IMCFreq: 1.47GHz
	CPI: 0.438 VPI: 0.00, Mem. bwidth: 0.11GB/s GFLOPS: 0.00 I/O: 0.01MB/s No MPI  
	TPI 0.02 Cache miss rates: L1 0.95GB/s L2 0.00GB/s L3 0.00GB/s
	Total MPI calls 3
	IO DATA: rchar 4610 wchar 8843 syscr 51 syscw 27 read_bytes 0 write_bytes 303104
	Process OS info: (pid 514408 state R utime 1093 stime 0 cutime 0 cstime 0 CPU usage 98)
	CPU temperature (celsius): socket 0: 66 socket 1: 72[0m
EAR[514408](hratio_l30) at 2.60/1.47 in tcn361 MR[0] elapsed 6295 sec.: [32mLoop time: 1.108s DC Power: [35m450.8W[32m DRAM power: 0.00W PCK power: 410.30W
	avg. CPUFreq: 2.57GHz avg. IMCFreq: 1.47GHz
	CPI: 0.437 VPI: 0.00, Mem. bwidth: 0.13GB/s GFLOPS: 0.00 I/O: 0.01MB/s No MPI  
	TPI 0.02 Cache miss rates: L1 0.97GB/s L2 0.00GB/s L3 0.00GB/s
	Total MPI calls 3
	IO DATA: rchar 4610 wchar 8843 syscr 51 syscw 27 read_bytes 0 write_bytes 290816
	Process OS info: (pid 514408 state R utime 1093 stime 1 cutime 0 cstime 0 CPU usage 98)
	CPU temperature (celsius): socket 0: 66 socket 1: 73[0m
EAR[514408](hratio_l30) at 2.60/1.47 in tcn361 MR[0] elapsed 6306 sec.: [32mLoop time: 1.108s DC Power: [35m501.0W[32m DRAM power: 0.00W PCK power: 410.32W
	avg. CPUFreq: 2.57GHz avg. IMCFreq: 1.47GHz
	CPI: 0.437 VPI: 0.00, Mem. bwidth: 0.10GB/s GFLOPS: 0.00 I/O: 0.01MB/s No MPI  
	TPI 0.02 Cache miss rates: L1 0.98GB/s L2 0.00GB/s L3 0.00GB/s
	Total MPI calls 3
	IO DATA: rchar 4610 wchar 8843 syscr 51 syscw 27 read_bytes 0 write_bytes 303104
	Process OS info: (pid 514408 state R utime 1093 stime 1 cutime 0 cstime 0 CPU usage 98)
	CPU temperature (celsius): socket 0: 66 socket 1: 72[0m
EAR[514408](hratio_l30) at 2.60/1.47 in tcn361 MR[0] elapsed 6317 sec.: [32mLoop time: 1.108s DC Power: [35m450.9W[32m DRAM power: 0.00W PCK power: 410.28W
	avg. CPUFreq: 2.57GHz avg. IMCFreq: 1.47GHz
	CPI: 0.437 VPI: 0.00, Mem. bwidth: 0.11GB/s GFLOPS: 0.00 I/O: 0.01MB/s No MPI  
	TPI 0.02 Cache miss rates: L1 0.98GB/s L2 0.00GB/s L3 0.00GB/s
	Total MPI calls 3
	IO DATA: rchar 4610 wchar 8843 syscr 51 syscw 27 read_bytes 0 write_bytes 421888
	Process OS info: (pid 514408 state R utime 1092 stime 0 cutime 0 cstime 0 CPU usage 98)
	CPU temperature (celsius): socket 0: 66 socket 1: 72[0m
EAR[514408](hratio_l30) at 2.60/1.47 in tcn361 MR[0] elapsed 6328 sec.: [32mLoop time: 1.108s DC Power: [35m501.1W[32m DRAM power: 0.00W PCK power: 410.39W
	avg. CPUFreq: 2.57GHz avg. IMCFreq: 1.47GHz
	CPI: 0.438 VPI: 0.00, Mem. bwidth: 0.15GB/s GFLOPS: 0.00 I/O: 0.01MB/s No MPI  
	TPI 0.02 Cache miss rates: L1 1.01GB/s L2 0.00GB/s L3 0.00GB/s
	Total MPI calls 3
	IO DATA: rchar 4610 wchar 8843 syscr 51 syscw 27 read_bytes 0 write_bytes 290816
	Process OS info: (pid 514408 state R utime 1092 stime 1 cutime 0 cstime 0 CPU usage 98)
	CPU temperature (celsius): socket 0: 66 socket 1: 72[0m
EAR[514408](hratio_l30) at 2.60/1.47 in tcn361 MR[0] elapsed 6339 sec.: [32mLoop time: 1.107s DC Power: [35m501.2W[32m DRAM power: 0.00W PCK power: 410.37W
	avg. CPUFreq: 2.57GHz avg. IMCFreq: 1.47GHz
	CPI: 0.437 VPI: 0.00, Mem. bwidth: 0.12GB/s GFLOPS: 0.00 I/O: 0.01MB/s No MPI  
	TPI 0.02 Cache miss rates: L1 0.97GB/s L2 0.00GB/s L3 0.00GB/s
	Total MPI calls 3
	IO DATA: rchar 4610 wchar 8843 syscr 51 syscw 27 read_bytes 0 write_bytes 294912
	Process OS info: (pid 514408 state R utime 1093 stime 1 cutime 0 cstime 0 CPU usage 98)
	CPU temperature (celsius): socket 0: 66 socket 1: 72[0m
EAR[514408](hratio_l30) at 2.60/1.47 in tcn361 MR[0] elapsed 6350 sec.: [32mLoop time: 1.108s DC Power: [35m450.7W[32m DRAM power: 0.00W PCK power: 410.32W
	avg. CPUFreq: 2.57GHz avg. IMCFreq: 1.47GHz
	CPI: 0.437 VPI: 0.00, Mem. bwidth: 0.12GB/s GFLOPS: 0.00 I/O: 0.01MB/s No MPI  
	TPI 0.02 Cache miss rates: L1 0.97GB/s L2 0.00GB/s L3 0.00GB/s
	Total MPI calls 3
	IO DATA: rchar 4610 wchar 8843 syscr 51 syscw 27 read_bytes 0 write_bytes 299008
	Process OS info: (pid 514408 state R utime 1092 stime 0 cutime 0 cstime 0 CPU usage 98)
	CPU temperature (celsius): socket 0: 66 socket 1: 72[0m
EAR[514408](hratio_l30) at 2.60/1.47 in tcn361 MR[0] elapsed 6361 sec.: [32mLoop time: 1.107s DC Power: [35m501.3W[32m DRAM power: 0.00W PCK power: 410.48W
	avg. CPUFreq: 2.57GHz avg. IMCFreq: 1.47GHz
	CPI: 0.437 VPI: 0.00, Mem. bwidth: 0.15GB/s GFLOPS: 0.00 I/O: 0.01MB/s No MPI  
	TPI 0.02 Cache miss rates: L1 0.96GB/s L2 0.00GB/s L3 0.00GB/s
	Total MPI calls 3
	IO DATA: rchar 4610 wchar 8843 syscr 51 syscw 27 read_bytes 0 write_bytes 294912
	Process OS info: (pid 514408 state R utime 1091 stime 1 cutime 0 cstime 0 CPU usage 98)
	CPU temperature (celsius): socket 0: 66 socket 1: 72[0m
EAR[514408](hratio_l30) at 2.60/1.47 in tcn361 MR[0] elapsed 6372 sec.: [32mLoop time: 1.108s DC Power: [35m500.9W[32m DRAM power: 0.00W PCK power: 410.38W
	avg. CPUFreq: 2.57GHz avg. IMCFreq: 1.47GHz
	CPI: 0.437 VPI: 0.00, Mem. bwidth: 0.11GB/s GFLOPS: 0.00 I/O: 0.01MB/s No MPI  
	TPI 0.02 Cache miss rates: L1 0.97GB/s L2 0.00GB/s L3 0.00GB/s
	Total MPI calls 3
	IO DATA: rchar 4610 wchar 8843 syscr 51 syscw 27 read_bytes 0 write_bytes 299008
	Process OS info: (pid 514408 state R utime 1092 stime 0 cutime 0 cstime 0 CPU usage 98)
	CPU temperature (celsius): socket 0: 66 socket 1: 72[0m
EAR[514408](hratio_l30) at 2.60/1.47 in tcn361 MR[0] elapsed 6384 sec.: [32mLoop time: 1.107s DC Power: [35m502.0W[32m DRAM power: 0.00W PCK power: 410.45W
	avg. CPUFreq: 2.57GHz avg. IMCFreq: 1.47GHz
	CPI: 0.437 VPI: 0.00, Mem. bwidth: 0.14GB/s GFLOPS: 0.00 I/O: 0.01MB/s No MPI  
	TPI 0.02 Cache miss rates: L1 0.96GB/s L2 0.00GB/s L3 0.00GB/s
	Total MPI calls 3
	IO DATA: rchar 4610 wchar 8843 syscr 51 syscw 27 read_bytes 0 write_bytes 438272
	Process OS info: (pid 514408 state R utime 1092 stime 1 cutime 0 cstime 0 CPU usage 98)
	CPU temperature (celsius): socket 0: 66 socket 1: 72[0m
EAR[514408](hratio_l30) at 2.60/1.47 in tcn361 MR[0] elapsed 6395 sec.: [32mLoop time: 1.107s DC Power: [35m502.0W[32m DRAM power: 0.00W PCK power: 410.26W
	avg. CPUFreq: 2.57GHz avg. IMCFreq: 1.47GHz
	CPI: 0.437 VPI: 0.00, Mem. bwidth: 0.12GB/s GFLOPS: 0.00 I/O: 0.01MB/s No MPI  
	TPI 0.02 Cache miss rates: L1 0.95GB/s L2 0.00GB/s L3 0.00GB/s
	Total MPI calls 3
	IO DATA: rchar 4610 wchar 8843 syscr 51 syscw 27 read_bytes 0 write_bytes 294912
	Process OS info: (pid 514408 state R utime 1092 stime 1 cutime 0 cstime 0 CPU usage 98)
	CPU temperature (celsius): socket 0: 66 socket 1: 72[0m
EAR[514408](hratio_l30) at 2.60/1.47 in tcn361 MR[0] elapsed 6406 sec.: [32mLoop time: 1.108s DC Power: [35m400.9W[32m DRAM power: 0.00W PCK power: 410.34W
	avg. CPUFreq: 2.57GHz avg. IMCFreq: 1.47GHz
	CPI: 0.437 VPI: 0.00, Mem. bwidth: 0.13GB/s GFLOPS: 0.00 I/O: 0.01MB/s No MPI  
	TPI 0.02 Cache miss rates: L1 0.95GB/s L2 0.00GB/s L3 0.00GB/s
	Total MPI calls 3
	IO DATA: rchar 4610 wchar 8843 syscr 51 syscw 27 read_bytes 0 write_bytes 299008
	Process OS info: (pid 514408 state R utime 1092 stime 0 cutime 0 cstime 0 CPU usage 98)
	CPU temperature (celsius): socket 0: 66 socket 1: 72[0m
EAR[514408](hratio_l30) at 2.60/1.47 in tcn361 MR[0] elapsed 6417 sec.: [32mLoop time: 1.108s DC Power: [35m501.0W[32m DRAM power: 0.00W PCK power: 410.79W
	avg. CPUFreq: 2.57GHz avg. IMCFreq: 1.47GHz
	CPI: 0.436 VPI: 0.00, Mem. bwidth: 0.17GB/s GFLOPS: 0.00 I/O: 0.01MB/s No MPI  
	TPI 0.02 Cache miss rates: L1 0.95GB/s L2 0.00GB/s L3 0.00GB/s
	Total MPI calls 3
	IO DATA: rchar 4610 wchar 8843 syscr 51 syscw 27 read_bytes 0 write_bytes 303104
	Process OS info: (pid 514408 state R utime 1093 stime 1 cutime 0 cstime 0 CPU usage 98)
	CPU temperature (celsius): socket 0: 66 socket 1: 72[0m
EAR[514408](hratio_l30) at 2.60/1.47 in tcn361 MR[0] elapsed 6428 sec.: [32mLoop time: 1.108s DC Power: [35m501.0W[32m DRAM power: 0.00W PCK power: 410.70W
	avg. CPUFreq: 2.57GHz avg. IMCFreq: 1.47GHz
	CPI: 0.436 VPI: 0.00, Mem. bwidth: 0.11GB/s GFLOPS: 0.00 I/O: 0.01MB/s No MPI  
	TPI 0.02 Cache miss rates: L1 0.97GB/s L2 0.00GB/s L3 0.00GB/s
	Total MPI calls 3
	IO DATA: rchar 4610 wchar 8843 syscr 51 syscw 27 read_bytes 0 write_bytes 299008
	Process OS info: (pid 514408 state R utime 1092 stime 1 cutime 0 cstime 0 CPU usage 98)
	CPU temperature (celsius): socket 0: 66 socket 1: 72[0m
EAR[514408](hratio_l30) at 2.60/1.47 in tcn361 MR[0] elapsed 6439 sec.: [32mLoop time: 1.108s DC Power: [35m500.9W[32m DRAM power: 0.00W PCK power: 410.74W
	avg. CPUFreq: 2.57GHz avg. IMCFreq: 1.47GHz
	CPI: 0.436 VPI: 0.00, Mem. bwidth: 0.12GB/s GFLOPS: 0.00 I/O: 0.01MB/s No MPI  
	TPI 0.02 Cache miss rates: L1 0.97GB/s L2 0.00GB/s L3 0.00GB/s
	Total MPI calls 3
	IO DATA: rchar 4610 wchar 8843 syscr 51 syscw 27 read_bytes 0 write_bytes 303104
	Process OS info: (pid 514408 state R utime 1092 stime 1 cutime 0 cstime 0 CPU usage 98)
	CPU temperature (celsius): socket 0: 66 socket 1: 73[0m
EAR[514408](hratio_l30) at 2.60/1.47 in tcn361 MR[0] elapsed 6450 sec.: [32mLoop time: 1.108s DC Power: [35m500.8W[32m DRAM power: 0.00W PCK power: 410.81W
	avg. CPUFreq: 2.57GHz avg. IMCFreq: 1.47GHz
	CPI: 0.436 VPI: 0.00, Mem. bwidth: 0.15GB/s GFLOPS: 0.00 I/O: 0.01MB/s No MPI  
	TPI 0.02 Cache miss rates: L1 0.94GB/s L2 0.00GB/s L3 0.00GB/s
	Total MPI calls 3
	IO DATA: rchar 4610 wchar 8843 syscr 51 syscw 27 read_bytes 0 write_bytes 299008
	Process OS info: (pid 514408 state R utime 1093 stime 0 cutime 0 cstime 0 CPU usage 98)
	CPU temperature (celsius): socket 0: 66 socket 1: 72[0m
EAR[514408](hratio_l30) at 2.60/1.47 in tcn361 MR[0] elapsed 6461 sec.: [32mLoop time: 1.108s DC Power: [35m501.0W[32m DRAM power: 0.00W PCK power: 410.70W
	avg. CPUFreq: 2.57GHz avg. IMCFreq: 1.47GHz
	CPI: 0.436 VPI: 0.00, Mem. bwidth: 0.11GB/s GFLOPS: 0.00 I/O: 0.01MB/s No MPI  
	TPI 0.02 Cache miss rates: L1 0.96GB/s L2 0.00GB/s L3 0.00GB/s
	Total MPI calls 3
	IO DATA: rchar 4610 wchar 8843 syscr 51 syscw 27 read_bytes 0 write_bytes 286720
	Process OS info: (pid 514408 state R utime 1093 stime 1 cutime 0 cstime 0 CPU usage 98)
	CPU temperature (celsius): socket 0: 66 socket 1: 72[0m
EAR[514408](hratio_l30) at 2.60/1.47 in tcn361 MR[0] elapsed 6472 sec.: [32mLoop time: 1.108s DC Power: [35m500.9W[32m DRAM power: 0.00W PCK power: 410.85W
	avg. CPUFreq: 2.57GHz avg. IMCFreq: 1.47GHz
	CPI: 0.436 VPI: 0.00, Mem. bwidth: 0.14GB/s GFLOPS: 0.00 I/O: 0.01MB/s No MPI  
	TPI 0.02 Cache miss rates: L1 0.99GB/s L2 0.00GB/s L3 0.00GB/s
	Total MPI calls 3
	IO DATA: rchar 4610 wchar 8843 syscr 51 syscw 27 read_bytes 0 write_bytes 299008
	Process OS info: (pid 514408 state R utime 1093 stime 1 cutime 0 cstime 0 CPU usage 98)
	CPU temperature (celsius): socket 0: 66 socket 1: 72[0m
EAR[514408](hratio_l30) at 2.60/1.47 in tcn361 MR[0] elapsed 6483 sec.: [32mLoop time: 1.107s DC Power: [35m501.1W[32m DRAM power: 0.00W PCK power: 410.78W
	avg. CPUFreq: 2.57GHz avg. IMCFreq: 1.47GHz
	CPI: 0.436 VPI: 0.00, Mem. bwidth: 0.11GB/s GFLOPS: 0.00 I/O: 0.01MB/s No MPI  
	TPI 0.02 Cache miss rates: L1 0.96GB/s L2 0.00GB/s L3 0.00GB/s
	Total MPI calls 3
	IO DATA: rchar 4610 wchar 8843 syscr 51 syscw 27 read_bytes 0 write_bytes 294912
	Process OS info: (pid 514408 state R utime 1092 stime 1 cutime 0 cstime 0 CPU usage 98)
	CPU temperature (celsius): socket 0: 66 socket 1: 72[0m
EAR[514408](hratio_l30) at 2.60/1.47 in tcn361 MR[0] elapsed 6494 sec.: [32mLoop time: 1.108s DC Power: [35m450.9W[32m DRAM power: 0.00W PCK power: 410.55W
	avg. CPUFreq: 2.57GHz avg. IMCFreq: 1.47GHz
	CPI: 0.436 VPI: 0.00, Mem. bwidth: 0.12GB/s GFLOPS: 0.00 I/O: 0.01MB/s No MPI  
	TPI 0.02 Cache miss rates: L1 0.95GB/s L2 0.00GB/s L3 0.00GB/s
	Total MPI calls 3
	IO DATA: rchar 4610 wchar 8843 syscr 51 syscw 27 read_bytes 0 write_bytes 299008
	Process OS info: (pid 514408 state R utime 1092 stime 0 cutime 0 cstime 0 CPU usage 98)
	CPU temperature (celsius): socket 0: 66 socket 1: 72[0m
EAR[514408](hratio_l30) at 2.60/1.47 in tcn361 MR[0] elapsed 6505 sec.: [32mLoop time: 1.108s DC Power: [35m501.0W[32m DRAM power: 0.00W PCK power: 410.96W
	avg. CPUFreq: 2.57GHz avg. IMCFreq: 1.47GHz
	CPI: 0.436 VPI: 0.00, Mem. bwidth: 0.14GB/s GFLOPS: 0.00 I/O: 0.01MB/s No MPI  
	TPI 0.02 Cache miss rates: L1 0.98GB/s L2 0.00GB/s L3 0.00GB/s
	Total MPI calls 3
	IO DATA: rchar 4610 wchar 8843 syscr 51 syscw 27 read_bytes 0 write_bytes 294912
	Process OS info: (pid 514408 state R utime 1092 stime 1 cutime 0 cstime 0 CPU usage 98)
	CPU temperature (celsius): socket 0: 66 socket 1: 72[0m
EAR[514408](hratio_l30) at 2.60/1.47 in tcn361 MR[0] elapsed 6516 sec.: [32mLoop time: 1.108s DC Power: [35m500.9W[32m DRAM power: 0.00W PCK power: 411.30W
	avg. CPUFreq: 2.57GHz avg. IMCFreq: 1.47GHz
	CPI: 0.435 VPI: 0.00, Mem. bwidth: 0.22GB/s GFLOPS: 0.00 I/O: 0.01MB/s No MPI  
	TPI 0.03 Cache miss rates: L1 0.99GB/s L2 0.00GB/s L3 0.00GB/s
	Total MPI calls 3
	IO DATA: rchar 4610 wchar 8843 syscr 51 syscw 27 read_bytes 0 write_bytes 299008
	Process OS info: (pid 514408 state R utime 1093 stime 1 cutime 0 cstime 0 CPU usage 98)
	CPU temperature (celsius): socket 0: 66 socket 1: 73[0m
EAR[514408](hratio_l30) at 2.60/1.47 in tcn361 MR[0] elapsed 6528 sec.: [32mLoop time: 1.108s DC Power: [35m451.1W[32m DRAM power: 0.00W PCK power: 411.77W
	avg. CPUFreq: 2.57GHz avg. IMCFreq: 1.47GHz
	CPI: 0.435 VPI: 0.00, Mem. bwidth: 0.45GB/s GFLOPS: 0.00 I/O: 0.01MB/s No MPI  
	TPI 0.07 Cache miss rates: L1 0.99GB/s L2 0.00GB/s L3 0.00GB/s
	Total MPI calls 3
	IO DATA: rchar 4610 wchar 8843 syscr 51 syscw 27 read_bytes 0 write_bytes 303104
	Process OS info: (pid 514408 state R utime 1082 stime 1 cutime 0 cstime 0 CPU usage 97)
	CPU temperature (celsius): socket 0: 66 socket 1: 72[0m
EAR[514408](hratio_l30) at 2.60/1.47 in tcn361 MR[0] elapsed 6539 sec.: [32mLoop time: 1.107s DC Power: [35m502.0W[32m DRAM power: 0.00W PCK power: 411.58W
	avg. CPUFreq: 2.57GHz avg. IMCFreq: 1.47GHz
	CPI: 0.434 VPI: 0.00, Mem. bwidth: 0.27GB/s GFLOPS: 0.00 I/O: 0.01MB/s No MPI  
	TPI 0.04 Cache miss rates: L1 1.00GB/s L2 0.00GB/s L3 0.00GB/s
	Total MPI calls 3
	IO DATA: rchar 4610 wchar 8843 syscr 51 syscw 27 read_bytes 0 write_bytes 294912
	Process OS info: (pid 514408 state R utime 1089 stime 0 cutime 0 cstime 0 CPU usage 98)
	CPU temperature (celsius): socket 0: 66 socket 1: 72[0m
EAR[514408](hratio_l30) at 2.60/1.47 in tcn361 MR[0] elapsed 6550 sec.: [32mLoop time: 1.108s DC Power: [35m502.1W[32m DRAM power: 0.00W PCK power: 411.55W
	avg. CPUFreq: 2.57GHz avg. IMCFreq: 1.47GHz
	CPI: 0.434 VPI: 0.00, Mem. bwidth: 0.33GB/s GFLOPS: 0.00 I/O: 0.01MB/s No MPI  
	TPI 0.05 Cache miss rates: L1 1.03GB/s L2 0.00GB/s L3 0.00GB/s
	Total MPI calls 3
	IO DATA: rchar 4610 wchar 8843 syscr 51 syscw 27 read_bytes 0 write_bytes 446464
	Process OS info: (pid 514408 state R utime 1081 stime 1 cutime 0 cstime 0 CPU usage 97)
	CPU temperature (celsius): socket 0: 66 socket 1: 72[0m
EAR[514408](hratio_l30) at 2.60/1.47 in tcn361 MR[0] elapsed 6561 sec.: [32mLoop time: 1.108s DC Power: [35m502.8W[32m DRAM power: 0.00W PCK power: 412.54W
	avg. CPUFreq: 2.57GHz avg. IMCFreq: 1.47GHz
	CPI: 0.434 VPI: 0.00, Mem. bwidth: 0.36GB/s GFLOPS: 0.00 I/O: 0.01MB/s No MPI  
	TPI 0.05 Cache miss rates: L1 1.00GB/s L2 0.00GB/s L3 0.00GB/s
	Total MPI calls 3
	IO DATA: rchar 4610 wchar 8843 syscr 51 syscw 27 read_bytes 0 write_bytes 323584
	Process OS info: (pid 514408 state R utime 1090 stime 1 cutime 0 cstime 0 CPU usage 98)
	CPU temperature (celsius): socket 0: 66 socket 1: 72[0m
EAR[514408](hratio_l30) at 2.60/1.47 in tcn361 MR[0] elapsed 6572 sec.: [32mLoop time: 1.108s DC Power: [35m502.7W[32m DRAM power: 0.00W PCK power: 411.50W
	avg. CPUFreq: 2.57GHz avg. IMCFreq: 1.47GHz
	CPI: 0.434 VPI: 0.00, Mem. bwidth: 0.13GB/s GFLOPS: 0.00 I/O: 0.01MB/s No MPI  
	TPI 0.02 Cache miss rates: L1 1.01GB/s L2 0.00GB/s L3 0.00GB/s
	Total MPI calls 3
	IO DATA: rchar 4610 wchar 8843 syscr 51 syscw 27 read_bytes 0 write_bytes 503808
	Process OS info: (pid 514408 state R utime 1086 stime 0 cutime 0 cstime 0 CPU usage 98)
	CPU temperature (celsius): socket 0: 66 socket 1: 72[0m
EAR[514408](hratio_l30) at 2.60/1.47 in tcn361 MR[0] elapsed 6583 sec.: [32mLoop time: 1.108s DC Power: [35m452.3W[32m DRAM power: 0.00W PCK power: 411.51W
	avg. CPUFreq: 2.57GHz avg. IMCFreq: 1.47GHz
	CPI: 0.434 VPI: 0.00, Mem. bwidth: 0.11GB/s GFLOPS: 0.00 I/O: 0.01MB/s No MPI  
	TPI 0.02 Cache miss rates: L1 1.02GB/s L2 0.00GB/s L3 0.00GB/s
	Total MPI calls 3
	IO DATA: rchar 4610 wchar 8843 syscr 51 syscw 27 read_bytes 0 write_bytes 303104
	Process OS info: (pid 514408 state R utime 1094 stime 1 cutime 0 cstime 0 CPU usage 98)
	CPU temperature (celsius): socket 0: 66 socket 1: 72[0m
EAR[514408](hratio_l30) at 2.60/1.47 in tcn361 MR[0] elapsed 6594 sec.: [32mLoop time: 1.107s DC Power: [35m451.9W[32m DRAM power: 0.00W PCK power: 411.98W
	avg. CPUFreq: 2.57GHz avg. IMCFreq: 1.47GHz
	CPI: 0.433 VPI: 0.00, Mem. bwidth: 0.15GB/s GFLOPS: 0.00 I/O: 0.01MB/s No MPI  
	TPI 0.02 Cache miss rates: L1 1.00GB/s L2 0.00GB/s L3 0.00GB/s
	Total MPI calls 3
	IO DATA: rchar 4610 wchar 8843 syscr 51 syscw 27 read_bytes 0 write_bytes 299008
	Process OS info: (pid 514408 state R utime 1092 stime 0 cutime 0 cstime 0 CPU usage 98)
	CPU temperature (celsius): socket 0: 66 socket 1: 73[0m
EAR[514408](hratio_l30) at 2.60/1.47 in tcn361 MR[0] elapsed 6605 sec.: [32mLoop time: 1.108s DC Power: [35m501.9W[32m DRAM power: 0.00W PCK power: 411.93W
	avg. CPUFreq: 2.57GHz avg. IMCFreq: 1.47GHz
	CPI: 0.433 VPI: 0.00, Mem. bwidth: 0.10GB/s GFLOPS: 0.00 I/O: 0.01MB/s No MPI  
	TPI 0.01 Cache miss rates: L1 1.00GB/s L2 0.00GB/s L3 0.00GB/s
	Total MPI calls 3
	IO DATA: rchar 4610 wchar 8843 syscr 51 syscw 27 read_bytes 0 write_bytes 294912
	Process OS info: (pid 514408 state R utime 1087 stime 1 cutime 0 cstime 0 CPU usage 98)
	CPU temperature (celsius): socket 0: 66 socket 1: 73[0m
EAR[514408](hratio_l30) at 2.60/1.47 in tcn361 MR[0] elapsed 6616 sec.: [32mLoop time: 1.107s DC Power: [35m502.0W[32m DRAM power: 0.00W PCK power: 412.24W
	avg. CPUFreq: 2.57GHz avg. IMCFreq: 1.47GHz
	CPI: 0.432 VPI: 0.00, Mem. bwidth: 0.11GB/s GFLOPS: 0.00 I/O: 0.01MB/s No MPI  
	TPI 0.02 Cache miss rates: L1 1.40GB/s L2 0.00GB/s L3 0.00GB/s
	Total MPI calls 3
	IO DATA: rchar 4610 wchar 8843 syscr 51 syscw 27 read_bytes 0 write_bytes 311296
	Process OS info: (pid 514408 state R utime 1093 stime 1 cutime 0 cstime 0 CPU usage 98)
	CPU temperature (celsius): socket 0: 66 socket 1: 73[0m
EAR[514408](hratio_l30) at 2.60/1.47 in tcn361 MR[0] elapsed 6627 sec.: [32mLoop time: 1.109s DC Power: [35m501.5W[32m DRAM power: 0.00W PCK power: 412.48W
	avg. CPUFreq: 2.57GHz avg. IMCFreq: 1.47GHz
	CPI: 0.432 VPI: 0.00, Mem. bwidth: 0.15GB/s GFLOPS: 0.00 I/O: 0.01MB/s No MPI  
	TPI 0.02 Cache miss rates: L1 1.34GB/s L2 0.00GB/s L3 0.00GB/s
	Total MPI calls 3
	IO DATA: rchar 4610 wchar 8843 syscr 51 syscw 27 read_bytes 0 write_bytes 417792
	Process OS info: (pid 514408 state R utime 1088 stime 0 cutime 0 cstime 0 CPU usage 98)
	CPU temperature (celsius): socket 0: 66 socket 1: 73[0m
EAR[514408](hratio_l30) at 2.60/1.47 in tcn361 MR[0] elapsed 6638 sec.: [32mLoop time: 1.108s DC Power: [35m502.7W[32m DRAM power: 0.00W PCK power: 412.38W
	avg. CPUFreq: 2.57GHz avg. IMCFreq: 1.47GHz
	CPI: 0.431 VPI: 0.00, Mem. bwidth: 0.11GB/s GFLOPS: 0.00 I/O: 0.01MB/s No MPI  
	TPI 0.02 Cache miss rates: L1 1.34GB/s L2 0.00GB/s L3 0.00GB/s
	Total MPI calls 3
	IO DATA: rchar 4610 wchar 8843 syscr 51 syscw 27 read_bytes 0 write_bytes 299008
	Process OS info: (pid 514408 state R utime 1092 stime 1 cutime 0 cstime 0 CPU usage 98)
	CPU temperature (celsius): socket 0: 66 socket 1: 73[0m
EAR[514408](hratio_l30) at 2.60/1.47 in tcn361 MR[0] elapsed 6649 sec.: [32mLoop time: 1.109s DC Power: [35m452.0W[32m DRAM power: 0.00W PCK power: 412.50W
	avg. CPUFreq: 2.57GHz avg. IMCFreq: 1.47GHz
	CPI: 0.431 VPI: 0.00, Mem. bwidth: 0.11GB/s GFLOPS: 0.00 I/O: 0.01MB/s No MPI  
	TPI 0.02 Cache miss rates: L1 1.33GB/s L2 0.00GB/s L3 0.00GB/s
	Total MPI calls 3
	IO DATA: rchar 4610 wchar 8843 syscr 51 syscw 27 read_bytes 0 write_bytes 299008
	Process OS info: (pid 514408 state R utime 1094 stime 0 cutime 0 cstime 0 CPU usage 98)
	CPU temperature (celsius): socket 0: 66 socket 1: 72[0m
EAR[514408](hratio_l30) at 2.60/1.47 in tcn361 MR[0] elapsed 6661 sec.: [32mLoop time: 1.108s DC Power: [35m502.8W[32m DRAM power: 0.00W PCK power: 413.16W
	avg. CPUFreq: 2.57GHz avg. IMCFreq: 1.47GHz
	CPI: 0.429 VPI: 0.00, Mem. bwidth: 0.18GB/s GFLOPS: 0.00 I/O: 0.01MB/s No MPI  
	TPI 0.03 Cache miss rates: L1 1.34GB/s L2 0.00GB/s L3 0.00GB/s
	Total MPI calls 3
	IO DATA: rchar 4610 wchar 8843 syscr 51 syscw 27 read_bytes 0 write_bytes 294912
	Process OS info: (pid 514408 state R utime 1087 stime 1 cutime 0 cstime 0 CPU usage 98)
	CPU temperature (celsius): socket 0: 66 socket 1: 73[0m
EAR[514408](hratio_l30) at 2.60/1.47 in tcn361 MR[0] elapsed 6672 sec.: [32mLoop time: 1.108s DC Power: [35m452.5W[32m DRAM power: 0.00W PCK power: 413.50W
	avg. CPUFreq: 2.57GHz avg. IMCFreq: 1.47GHz
	CPI: 0.428 VPI: 0.00, Mem. bwidth: 0.12GB/s GFLOPS: 0.00 I/O: 0.01MB/s No MPI  
	TPI 0.02 Cache miss rates: L1 1.30GB/s L2 0.00GB/s L3 0.00GB/s
	Total MPI calls 3
	IO DATA: rchar 4610 wchar 8843 syscr 51 syscw 27 read_bytes 0 write_bytes 303104
	Process OS info: (pid 514408 state R utime 1092 stime 1 cutime 0 cstime 0 CPU usage 98)
	CPU temperature (celsius): socket 0: 66 socket 1: 73[0m
EAR[514408](hratio_l30) at 2.60/1.47 in tcn361 MR[0] elapsed 6683 sec.: [32mLoop time: 1.107s DC Power: [35m503.8W[32m DRAM power: 0.00W PCK power: 413.69W
	avg. CPUFreq: 2.57GHz avg. IMCFreq: 1.47GHz
	CPI: 0.428 VPI: 0.00, Mem. bwidth: 0.13GB/s GFLOPS: 0.00 I/O: 0.01MB/s No MPI  
	TPI 0.02 Cache miss rates: L1 1.30GB/s L2 0.00GB/s L3 0.00GB/s
	Total MPI calls 3
	IO DATA: rchar 4610 wchar 8843 syscr 51 syscw 27 read_bytes 0 write_bytes 299008
	Process OS info: (pid 514408 state R utime 1093 stime 1 cutime 0 cstime 0 CPU usage 98)
	CPU temperature (celsius): socket 0: 67 socket 1: 73[0m
EAR[514408](hratio_l30) at 2.60/1.47 in tcn361 MR[0] elapsed 6694 sec.: [32mLoop time: 1.107s DC Power: [35m503.9W[32m DRAM power: 0.00W PCK power: 413.60W
	avg. CPUFreq: 2.57GHz avg. IMCFreq: 1.47GHz
	CPI: 0.428 VPI: 0.00, Mem. bwidth: 0.12GB/s GFLOPS: 0.00 I/O: 0.01MB/s No MPI  
	TPI 0.02 Cache miss rates: L1 1.29GB/s L2 0.00GB/s L3 0.00GB/s
	Total MPI calls 3
	IO DATA: rchar 4610 wchar 8843 syscr 51 syscw 27 read_bytes 0 write_bytes 294912
	Process OS info: (pid 514408 state R utime 1086 stime 0 cutime 0 cstime 0 CPU usage 98)
	CPU temperature (celsius): socket 0: 66 socket 1: 73[0m
EAR[514408](hratio_l30) at 2.60/1.47 in tcn361 MR[0] elapsed 6705 sec.: [32mLoop time: 1.108s DC Power: [35m503.7W[32m DRAM power: 0.00W PCK power: 414.96W
	avg. CPUFreq: 2.57GHz avg. IMCFreq: 1.47GHz
	CPI: 0.428 VPI: 0.00, Mem. bwidth: 0.14GB/s GFLOPS: 0.00 I/O: 0.01MB/s No MPI  
	TPI 0.02 Cache miss rates: L1 1.31GB/s L2 0.00GB/s L3 0.00GB/s
	Total MPI calls 3
	IO DATA: rchar 4610 wchar 8843 syscr 51 syscw 27 read_bytes 0 write_bytes 299008
	Process OS info: (pid 514408 state R utime 1092 stime 1 cutime 0 cstime 0 CPU usage 98)
	CPU temperature (celsius): socket 0: 66 socket 1: 73[0m
EAR[514408](hratio_l30) at 2.60/1.47 in tcn361 MR[0] elapsed 6716 sec.: [32mLoop time: 1.113s DC Power: [35m501.9W[32m DRAM power: 0.00W PCK power: 412.23W
	avg. CPUFreq: 2.57GHz avg. IMCFreq: 1.47GHz
	CPI: 0.428 VPI: 0.00, Mem. bwidth: 0.14GB/s GFLOPS: 0.00 I/O: 0.01MB/s No MPI  
	TPI 0.02 Cache miss rates: L1 1.29GB/s L2 0.00GB/s L3 0.00GB/s
	Total MPI calls 3
	IO DATA: rchar 4610 wchar 8843 syscr 51 syscw 27 read_bytes 0 write_bytes 339968
	Process OS info: (pid 514408 state R utime 1093 stime 1 cutime 0 cstime 0 CPU usage 98)
	CPU temperature (celsius): socket 0: 66 socket 1: 73[0m
EAR[514408](hratio_l30) at 2.60/1.47 in tcn361 MR[0] elapsed 6727 sec.: [32mLoop time: 1.108s DC Power: [35m504.6W[32m DRAM power: 0.00W PCK power: 413.64W
	avg. CPUFreq: 2.57GHz avg. IMCFreq: 1.47GHz
	CPI: 0.428 VPI: 0.00, Mem. bwidth: 0.10GB/s GFLOPS: 0.00 I/O: 0.01MB/s No MPI  
	TPI 0.01 Cache miss rates: L1 1.28GB/s L2 0.00GB/s L3 0.00GB/s
	Total MPI calls 3
	IO DATA: rchar 4610 wchar 8843 syscr 51 syscw 27 read_bytes 0 write_bytes 294912
	Process OS info: (pid 514408 state R utime 1092 stime 0 cutime 0 cstime 0 CPU usage 98)
	CPU temperature (celsius): socket 0: 66 socket 1: 73[0m
EAR[514408](hratio_l30) at 2.60/1.47 in tcn361 MR[0] elapsed 6738 sec.: [32mLoop time: 1.108s DC Power: [35m504.7W[32m DRAM power: 0.00W PCK power: 414.03W
	avg. CPUFreq: 2.57GHz avg. IMCFreq: 1.47GHz
	CPI: 0.427 VPI: 0.00, Mem. bwidth: 0.10GB/s GFLOPS: 0.00 I/O: 0.01MB/s No MPI  
	TPI 0.02 Cache miss rates: L1 1.32GB/s L2 0.00GB/s L3 0.00GB/s
	Total MPI calls 3
	IO DATA: rchar 4610 wchar 8843 syscr 51 syscw 27 read_bytes 0 write_bytes 294912
	Process OS info: (pid 514408 state R utime 1093 stime 1 cutime 0 cstime 0 CPU usage 98)
	CPU temperature (celsius): socket 0: 66 socket 1: 73[0m
EAR[514408](hratio_l30) at 2.60/1.47 in tcn361 MR[0] elapsed 6749 sec.: [32mLoop time: 1.107s DC Power: [35m504.8W[32m DRAM power: 0.00W PCK power: 414.10W
	avg. CPUFreq: 2.57GHz avg. IMCFreq: 1.47GHz
	CPI: 0.427 VPI: 0.00, Mem. bwidth: 0.14GB/s GFLOPS: 0.00 I/O: 0.01MB/s No MPI  
	TPI 0.02 Cache miss rates: L1 1.35GB/s L2 0.00GB/s L3 0.00GB/s
	Total MPI calls 3
	IO DATA: rchar 4610 wchar 8843 syscr 51 syscw 27 read_bytes 0 write_bytes 299008
	Process OS info: (pid 514408 state R utime 1086 stime 1 cutime 0 cstime 0 CPU usage 98)
	CPU temperature (celsius): socket 0: 66 socket 1: 73[0m
EAR[514408](hratio_l30) at 2.60/1.47 in tcn361 MR[0] elapsed 6760 sec.: [32mLoop time: 1.107s DC Power: [35m454.3W[32m DRAM power: 0.00W PCK power: 414.06W
	avg. CPUFreq: 2.57GHz avg. IMCFreq: 1.47GHz
	CPI: 0.427 VPI: 0.00, Mem. bwidth: 0.11GB/s GFLOPS: 0.00 I/O: 0.01MB/s No MPI  
	TPI 0.02 Cache miss rates: L1 1.30GB/s L2 0.00GB/s L3 0.00GB/s
	Total MPI calls 3
	IO DATA: rchar 4610 wchar 8843 syscr 51 syscw 27 read_bytes 0 write_bytes 294912
	Process OS info: (pid 514408 state R utime 1093 stime 0 cutime 0 cstime 0 CPU usage 98)
	CPU temperature (celsius): socket 0: 66 socket 1: 73[0m
EAR[514408](hratio_l30) at 2.60/1.47 in tcn361 MR[0] elapsed 6771 sec.: [32mLoop time: 1.108s DC Power: [35m454.1W[32m DRAM power: 0.00W PCK power: 414.44W
	avg. CPUFreq: 2.57GHz avg. IMCFreq: 1.47GHz
	CPI: 0.426 VPI: 0.00, Mem. bwidth: 0.13GB/s GFLOPS: 0.00 I/O: 0.01MB/s No MPI  
	TPI 0.02 Cache miss rates: L1 1.30GB/s L2 0.00GB/s L3 0.00GB/s
	Total MPI calls 3
	IO DATA: rchar 4610 wchar 8843 syscr 51 syscw 27 read_bytes 0 write_bytes 294912
	Process OS info: (pid 514408 state R utime 1092 stime 1 cutime 0 cstime 0 CPU usage 98)
	CPU temperature (celsius): socket 0: 66 socket 1: 73[0m
EAR[514408](hratio_l30) at 2.60/1.47 in tcn361 MR[0] elapsed 6782 sec.: [32mLoop time: 1.108s DC Power: [35m504.7W[32m DRAM power: 0.00W PCK power: 414.38W
	avg. CPUFreq: 2.57GHz avg. IMCFreq: 1.47GHz
	CPI: 0.426 VPI: 0.00, Mem. bwidth: 0.12GB/s GFLOPS: 0.00 I/O: 0.01MB/s No MPI  
	TPI 0.02 Cache miss rates: L1 1.30GB/s L2 0.00GB/s L3 0.00GB/s
	Total MPI calls 3
	IO DATA: rchar 4610 wchar 8843 syscr 51 syscw 27 read_bytes 0 write_bytes 294912
	Process OS info: (pid 514408 state R utime 1087 stime 1 cutime 0 cstime 0 CPU usage 98)
	CPU temperature (celsius): socket 0: 66 socket 1: 73[0m
EAR[514408](hratio_l30) at 2.60/1.47 in tcn361 MR[0] elapsed 6793 sec.: [32mLoop time: 1.107s DC Power: [35m504.9W[32m DRAM power: 0.00W PCK power: 414.32W
	avg. CPUFreq: 2.57GHz avg. IMCFreq: 1.47GHz
	CPI: 0.426 VPI: 0.00, Mem. bwidth: 0.13GB/s GFLOPS: 0.00 I/O: 0.01MB/s No MPI  
	TPI 0.02 Cache miss rates: L1 1.31GB/s L2 0.00GB/s L3 0.00GB/s
	Total MPI calls 3
	IO DATA: rchar 4610 wchar 8843 syscr 51 syscw 27 read_bytes 0 write_bytes 299008
	Process OS info: (pid 514408 state R utime 1092 stime 0 cutime 0 cstime 0 CPU usage 98)
	CPU temperature (celsius): socket 0: 66 socket 1: 73[0m
EAR[514408](hratio_l30) at 2.60/1.47 in tcn361 MR[0] elapsed 6805 sec.: [32mLoop time: 1.107s DC Power: [35m504.8W[32m DRAM power: 0.00W PCK power: 414.43W
	avg. CPUFreq: 2.57GHz avg. IMCFreq: 1.47GHz
	CPI: 0.426 VPI: 0.00, Mem. bwidth: 0.15GB/s GFLOPS: 0.00 I/O: 0.01MB/s No MPI  
	TPI 0.02 Cache miss rates: L1 1.31GB/s L2 0.00GB/s L3 0.00GB/s
	Total MPI calls 3
	IO DATA: rchar 4610 wchar 8843 syscr 51 syscw 27 read_bytes 0 write_bytes 299008
	Process OS info: (pid 514408 state R utime 1092 stime 1 cutime 0 cstime 0 CPU usage 98)
	CPU temperature (celsius): socket 0: 66 socket 1: 73[0m
EAR[514408](hratio_l30) at 2.60/1.47 in tcn361 MR[0] elapsed 6816 sec.: [32mLoop time: 1.107s DC Power: [35m504.9W[32m DRAM power: 0.00W PCK power: 414.57W
	avg. CPUFreq: 2.57GHz avg. IMCFreq: 1.47GHz
	CPI: 0.425 VPI: 0.00, Mem. bwidth: 0.12GB/s GFLOPS: 0.00 I/O: 0.01MB/s No MPI  
	TPI 0.02 Cache miss rates: L1 1.31GB/s L2 0.00GB/s L3 0.00GB/s
	Total MPI calls 3
	IO DATA: rchar 4610 wchar 8843 syscr 51 syscw 27 read_bytes 0 write_bytes 299008
	Process OS info: (pid 514408 state R utime 1092 stime 1 cutime 0 cstime 0 CPU usage 98)
	CPU temperature (celsius): socket 0: 66 socket 1: 73[0m
EAR[514408](hratio_l30) at 2.60/1.47 in tcn361 MR[0] elapsed 6827 sec.: [32mLoop time: 1.108s DC Power: [35m454.2W[32m DRAM power: 0.00W PCK power: 414.65W
	avg. CPUFreq: 2.57GHz avg. IMCFreq: 1.47GHz
	CPI: 0.425 VPI: 0.00, Mem. bwidth: 0.11GB/s GFLOPS: 0.00 I/O: 0.01MB/s No MPI  
	TPI 0.02 Cache miss rates: L1 1.30GB/s L2 0.00GB/s L3 0.00GB/s
	Total MPI calls 3
	IO DATA: rchar 4610 wchar 8843 syscr 51 syscw 27 read_bytes 0 write_bytes 303104
	Process OS info: (pid 514408 state R utime 1093 stime 1 cutime 0 cstime 0 CPU usage 98)
	CPU temperature (celsius): socket 0: 66 socket 1: 73[0m
EAR[514408](hratio_l30) at 2.60/1.47 in tcn361 MR[0] elapsed 6838 sec.: [32mLoop time: 1.108s DC Power: [35m504.7W[32m DRAM power: 0.00W PCK power: 414.75W
	avg. CPUFreq: 2.57GHz avg. IMCFreq: 1.47GHz
	CPI: 0.425 VPI: 0.00, Mem. bwidth: 0.14GB/s GFLOPS: 0.00 I/O: 0.01MB/s No MPI  
	TPI 0.02 Cache miss rates: L1 1.28GB/s L2 0.00GB/s L3 0.00GB/s
	Total MPI calls 3
	IO DATA: rchar 4610 wchar 8843 syscr 51 syscw 27 read_bytes 0 write_bytes 299008
	Process OS info: (pid 514408 state R utime 1087 stime 0 cutime 0 cstime 0 CPU usage 98)
	CPU temperature (celsius): socket 0: 66 socket 1: 73[0m
EAR[514408](hratio_l30) at 2.60/1.47 in tcn361 MR[0] elapsed 6849 sec.: [32mLoop time: 1.108s DC Power: [35m454.1W[32m DRAM power: 0.00W PCK power: 414.67W
	avg. CPUFreq: 2.57GHz avg. IMCFreq: 1.47GHz
	CPI: 0.425 VPI: 0.00, Mem. bwidth: 0.11GB/s GFLOPS: 0.00 I/O: 0.01MB/s No MPI  
	TPI 0.02 Cache miss rates: L1 1.28GB/s L2 0.00GB/s L3 0.00GB/s
	Total MPI calls 3
	IO DATA: rchar 4610 wchar 8843 syscr 51 syscw 27 read_bytes 0 write_bytes 299008
	Process OS info: (pid 514408 state R utime 1093 stime 1 cutime 0 cstime 0 CPU usage 98)
	CPU temperature (celsius): socket 0: 66 socket 1: 73[0m
EAR[514408](hratio_l30) at 2.60/1.47 in tcn361 MR[0] elapsed 6860 sec.: [32mLoop time: 1.108s DC Power: [35m504.7W[32m DRAM power: 0.00W PCK power: 414.66W
	avg. CPUFreq: 2.57GHz avg. IMCFreq: 1.47GHz
	CPI: 0.425 VPI: 0.00, Mem. bwidth: 0.11GB/s GFLOPS: 0.00 I/O: 0.01MB/s No MPI  
	TPI 0.02 Cache miss rates: L1 1.30GB/s L2 0.00GB/s L3 0.00GB/s
	Total MPI calls 3
	IO DATA: rchar 4610 wchar 8843 syscr 51 syscw 27 read_bytes 0 write_bytes 307200
	Process OS info: (pid 514408 state R utime 1092 stime 1 cutime 0 cstime 0 CPU usage 98)
	CPU temperature (celsius): socket 0: 66 socket 1: 73[0m
EAR[514408](hratio_l30) at 2.60/1.47 in tcn361 MR[0] elapsed 6871 sec.: [32mLoop time: 1.108s DC Power: [35m504.7W[32m DRAM power: 0.00W PCK power: 415.20W
	avg. CPUFreq: 2.57GHz avg. IMCFreq: 1.47GHz
	CPI: 0.424 VPI: 0.00, Mem. bwidth: 0.15GB/s GFLOPS: 0.00 I/O: 0.01MB/s No MPI  
	TPI 0.02 Cache miss rates: L1 1.32GB/s L2 0.00GB/s L3 0.00GB/s
	Total MPI calls 3
	IO DATA: rchar 4610 wchar 8843 syscr 51 syscw 27 read_bytes 0 write_bytes 425984
	Process OS info: (pid 514408 state R utime 1087 stime 0 cutime 0 cstime 0 CPU usage 98)
	CPU temperature (celsius): socket 0: 66 socket 1: 73[0m
EAR[514408](hratio_l30) at 2.60/1.47 in tcn361 MR[0] elapsed 6882 sec.: [32mLoop time: 1.108s DC Power: [35m505.3W[32m DRAM power: 0.00W PCK power: 415.17W
	avg. CPUFreq: 2.57GHz avg. IMCFreq: 1.47GHz
	CPI: 0.423 VPI: 0.00, Mem. bwidth: 0.12GB/s GFLOPS: 0.00 I/O: 0.01MB/s No MPI  
	TPI 0.02 Cache miss rates: L1 1.30GB/s L2 0.00GB/s L3 0.00GB/s
	Total MPI calls 3
	IO DATA: rchar 4610 wchar 8843 syscr 51 syscw 27 read_bytes 0 write_bytes 294912
	Process OS info: (pid 514408 state R utime 1092 stime 1 cutime 0 cstime 0 CPU usage 98)
	CPU temperature (celsius): socket 0: 66 socket 1: 73[0m
EAR[514408](hratio_l30) at 2.60/1.47 in tcn361 MR[0] elapsed 6893 sec.: [32mLoop time: 1.109s DC Power: [35m454.6W[32m DRAM power: 0.00W PCK power: 415.52W
	avg. CPUFreq: 2.57GHz avg. IMCFreq: 1.47GHz
	CPI: 0.423 VPI: 0.00, Mem. bwidth: 0.15GB/s GFLOPS: 0.00 I/O: 0.01MB/s No MPI  
	TPI 0.02 Cache miss rates: L1 1.35GB/s L2 0.00GB/s L3 0.00GB/s
	Total MPI calls 3
	IO DATA: rchar 4610 wchar 8843 syscr 51 syscw 27 read_bytes 0 write_bytes 303104
	Process OS info: (pid 514408 state R utime 1094 stime 0 cutime 0 cstime 0 CPU usage 98)
	CPU temperature (celsius): socket 0: 66 socket 1: 72[0m
EAR[514408](hratio_l30) at 2.60/1.47 in tcn361 MR[0] elapsed 6904 sec.: [32mLoop time: 1.107s DC Power: [35m506.6W[32m DRAM power: 0.00W PCK power: 415.52W
	avg. CPUFreq: 2.57GHz avg. IMCFreq: 1.47GHz
	CPI: 0.423 VPI: 0.00, Mem. bwidth: 0.15GB/s GFLOPS: 0.00 I/O: 0.01MB/s No MPI  
	TPI 0.02 Cache miss rates: L1 1.23GB/s L2 0.00GB/s L3 0.00GB/s
	Total MPI calls 3
	IO DATA: rchar 4610 wchar 8843 syscr 51 syscw 27 read_bytes 0 write_bytes 294912
	Process OS info: (pid 514408 state R utime 1085 stime 1 cutime 0 cstime 0 CPU usage 98)
	CPU temperature (celsius): socket 0: 67 socket 1: 73[0m
EAR[514408](hratio_l30) at 2.60/1.47 in tcn361 MR[0] elapsed 6915 sec.: [32mLoop time: 1.108s DC Power: [35m506.3W[32m DRAM power: 0.00W PCK power: 415.57W
	avg. CPUFreq: 2.57GHz avg. IMCFreq: 1.47GHz
	CPI: 0.422 VPI: 0.00, Mem. bwidth: 0.11GB/s GFLOPS: 0.00 I/O: 0.01MB/s No MPI  
	TPI 0.02 Cache miss rates: L1 1.24GB/s L2 0.00GB/s L3 0.00GB/s
	Total MPI calls 3
	IO DATA: rchar 4611 wchar 8843 syscr 51 syscw 27 read_bytes 0 write_bytes 294912
	Process OS info: (pid 514408 state R utime 1093 stime 1 cutime 0 cstime 0 CPU usage 98)
	CPU temperature (celsius): socket 0: 67 socket 1: 73[0m
EAR[514408](hratio_l30) at 2.60/1.47 in tcn361 MR[0] elapsed 6926 sec.: [32mLoop time: 1.108s DC Power: [35m506.4W[32m DRAM power: 0.00W PCK power: 415.96W
	avg. CPUFreq: 2.57GHz avg. IMCFreq: 1.47GHz
	CPI: 0.422 VPI: 0.00, Mem. bwidth: 0.14GB/s GFLOPS: 0.00 I/O: 0.01MB/s No MPI  
	TPI 0.02 Cache miss rates: L1 1.24GB/s L2 0.00GB/s L3 0.00GB/s
	Total MPI calls 3
	IO DATA: rchar 4611 wchar 8843 syscr 51 syscw 27 read_bytes 0 write_bytes 294912
	Process OS info: (pid 514408 state R utime 1087 stime 0 cutime 0 cstime 0 CPU usage 98)
	CPU temperature (celsius): socket 0: 66 socket 1: 73[0m
EAR[514408](hratio_l30) at 2.60/1.47 in tcn361 MR[0] elapsed 6937 sec.: [32mLoop time: 1.108s DC Power: [35m455.0W[32m DRAM power: 0.00W PCK power: 416.27W
	avg. CPUFreq: 2.57GHz avg. IMCFreq: 1.47GHz
	CPI: 0.420 VPI: 0.00, Mem. bwidth: 0.12GB/s GFLOPS: 0.00 I/O: 0.01MB/s No MPI  
	TPI 0.02 Cache miss rates: L1 1.22GB/s L2 0.00GB/s L3 0.00GB/s
	Total MPI calls 3
	IO DATA: rchar 4611 wchar 8843 syscr 51 syscw 27 read_bytes 0 write_bytes 294912
	Process OS info: (pid 514408 state R utime 1092 stime 1 cutime 0 cstime 0 CPU usage 98)
	CPU temperature (celsius): socket 0: 67 socket 1: 73[0m
EAR[514408](hratio_l30) at 2.60/1.47 in tcn361 MR[0] elapsed 6949 sec.: [32mLoop time: 1.108s DC Power: [35m454.9W[32m DRAM power: 0.00W PCK power: 416.34W
	avg. CPUFreq: 2.57GHz avg. IMCFreq: 1.47GHz
	CPI: 0.420 VPI: 0.00, Mem. bwidth: 0.12GB/s GFLOPS: 0.00 I/O: 0.01MB/s No MPI  
	TPI 0.02 Cache miss rates: L1 1.23GB/s L2 0.00GB/s L3 0.00GB/s
	Total MPI calls 3
	IO DATA: rchar 4611 wchar 8843 syscr 51 syscw 27 read_bytes 0 write_bytes 303104
	Process OS info: (pid 514408 state R utime 1093 stime 1 cutime 0 cstime 0 CPU usage 98)
	CPU temperature (celsius): socket 0: 66 socket 1: 73[0m
EAR[514408](hratio_l30) at 2.60/1.47 in tcn361 MR[0] elapsed 6960 sec.: [32mLoop time: 1.108s DC Power: [35m506.1W[32m DRAM power: 0.00W PCK power: 416.57W
	avg. CPUFreq: 2.57GHz avg. IMCFreq: 1.47GHz
	CPI: 0.420 VPI: 0.00, Mem. bwidth: 0.14GB/s GFLOPS: 0.00 I/O: 0.01MB/s No MPI  
	TPI 0.02 Cache miss rates: L1 1.24GB/s L2 0.00GB/s L3 0.00GB/s
	Total MPI calls 3
	IO DATA: rchar 4611 wchar 8843 syscr 51 syscw 27 read_bytes 0 write_bytes 299008
	Process OS info: (pid 514408 state R utime 1087 stime 1 cutime 0 cstime 0 CPU usage 98)
	CPU temperature (celsius): socket 0: 66 socket 1: 73[0m
EAR[514408](hratio_l30) at 2.60/1.47 in tcn361 MR[0] elapsed 6971 sec.: [32mLoop time: 1.108s DC Power: [35m506.5W[32m DRAM power: 0.00W PCK power: 416.37W
	avg. CPUFreq: 2.57GHz avg. IMCFreq: 1.47GHz
	CPI: 0.420 VPI: 0.00, Mem. bwidth: 0.14GB/s GFLOPS: 0.00 I/O: 0.01MB/s No MPI  
	TPI 0.02 Cache miss rates: L1 1.25GB/s L2 0.00GB/s L3 0.00GB/s
	Total MPI calls 3
	IO DATA: rchar 4611 wchar 8843 syscr 51 syscw 27 read_bytes 0 write_bytes 294912
	Process OS info: (pid 514408 state R utime 1092 stime 0 cutime 0 cstime 0 CPU usage 98)
	CPU temperature (celsius): socket 0: 67 socket 1: 73[0m
EAR[514408](hratio_l30) at 2.60/1.47 in tcn361 MR[0] elapsed 6982 sec.: [32mLoop time: 1.107s DC Power: [35m455.9W[32m DRAM power: 0.00W PCK power: 416.45W
	avg. CPUFreq: 2.57GHz avg. IMCFreq: 1.47GHz
	CPI: 0.420 VPI: 0.00, Mem. bwidth: 0.14GB/s GFLOPS: 0.00 I/O: 0.01MB/s No MPI  
	TPI 0.02 Cache miss rates: L1 1.27GB/s L2 0.00GB/s L3 0.00GB/s
	Total MPI calls 3
	IO DATA: rchar 4611 wchar 8843 syscr 51 syscw 27 read_bytes 0 write_bytes 294912
	Process OS info: (pid 514408 state R utime 1092 stime 1 cutime 0 cstime 0 CPU usage 98)
	CPU temperature (celsius): socket 0: 66 socket 1: 73[0m
EAR[514408](hratio_l30) at 2.60/1.47 in tcn361 MR[0] elapsed 6993 sec.: [32mLoop time: 1.108s DC Power: [35m506.4W[32m DRAM power: 0.00W PCK power: 416.45W
	avg. CPUFreq: 2.57GHz avg. IMCFreq: 1.47GHz
	CPI: 0.420 VPI: 0.00, Mem. bwidth: 0.12GB/s GFLOPS: 0.00 I/O: 0.01MB/s No MPI  
	TPI 0.02 Cache miss rates: L1 1.22GB/s L2 0.00GB/s L3 0.00GB/s
	Total MPI calls 3
	IO DATA: rchar 4611 wchar 8843 syscr 51 syscw 27 read_bytes 0 write_bytes 303104
	Process OS info: (pid 514408 state R utime 1092 stime 0 cutime 0 cstime 0 CPU usage 98)
	CPU temperature (celsius): socket 0: 67 socket 1: 73[0m
EAR[514408](hratio_l30) at 2.60/1.47 in tcn361 MR[0] elapsed 7004 sec.: [32mLoop time: 1.108s DC Power: [35m506.4W[32m DRAM power: 0.00W PCK power: 416.79W
	avg. CPUFreq: 2.57GHz avg. IMCFreq: 1.47GHz
	CPI: 0.419 VPI: 0.00, Mem. bwidth: 0.14GB/s GFLOPS: 0.00 I/O: 0.01MB/s No MPI  
	TPI 0.02 Cache miss rates: L1 1.22GB/s L2 0.00GB/s L3 0.00GB/s
	Total MPI calls 3
	IO DATA: rchar 4611 wchar 8843 syscr 51 syscw 27 read_bytes 0 write_bytes 430080
	Process OS info: (pid 514408 state R utime 1093 stime 1 cutime 0 cstime 0 CPU usage 98)
	CPU temperature (celsius): socket 0: 66 socket 1: 73[0m
EAR[514408](hratio_l30) at 2.60/1.47 in tcn361 MR[0] elapsed 7015 sec.: [32mLoop time: 1.107s DC Power: [35m456.0W[32m DRAM power: 0.00W PCK power: 416.99W
	avg. CPUFreq: 2.57GHz avg. IMCFreq: 1.47GHz
	CPI: 0.419 VPI: 0.00, Mem. bwidth: 0.13GB/s GFLOPS: 0.00 I/O: 0.01MB/s No MPI  
	TPI 0.02 Cache miss rates: L1 1.24GB/s L2 0.00GB/s L3 0.00GB/s
	Total MPI calls 3
	IO DATA: rchar 4611 wchar 8843 syscr 51 syscw 27 read_bytes 0 write_bytes 303104
	Process OS info: (pid 514408 state R utime 1092 stime 1 cutime 0 cstime 0 CPU usage 98)
	CPU temperature (celsius): socket 0: 67 socket 1: 73[0m
EAR[514408](hratio_l30) at 2.60/1.47 in tcn361 MR[0] elapsed 7026 sec.: [32mLoop time: 1.108s DC Power: [35m455.9W[32m DRAM power: 0.00W PCK power: 416.92W
	avg. CPUFreq: 2.57GHz avg. IMCFreq: 1.47GHz
	CPI: 0.419 VPI: 0.00, Mem. bwidth: 0.11GB/s GFLOPS: 0.00 I/O: 0.01MB/s No MPI  
	TPI 0.02 Cache miss rates: L1 1.21GB/s L2 0.00GB/s L3 0.00GB/s
	Total MPI calls 3
	IO DATA: rchar 4611 wchar 8843 syscr 51 syscw 27 read_bytes 0 write_bytes 294912
	Process OS info: (pid 514408 state R utime 1087 stime 0 cutime 0 cstime 0 CPU usage 98)
	CPU temperature (celsius): socket 0: 67 socket 1: 73[0m
EAR[514408](hratio_l30) at 2.60/1.47 in tcn361 MR[0] elapsed 7037 sec.: [32mLoop time: 1.107s DC Power: [35m506.6W[32m DRAM power: 0.00W PCK power: 416.86W
	avg. CPUFreq: 2.57GHz avg. IMCFreq: 1.47GHz
	CPI: 0.419 VPI: 0.00, Mem. bwidth: 0.11GB/s GFLOPS: 0.00 I/O: 0.01MB/s No MPI  
	TPI 0.02 Cache miss rates: L1 1.24GB/s L2 0.00GB/s L3 0.00GB/s
	Total MPI calls 3
	IO DATA: rchar 4611 wchar 8843 syscr 51 syscw 27 read_bytes 0 write_bytes 393216
	Process OS info: (pid 514408 state R utime 1093 stime 1 cutime 0 cstime 0 CPU usage 98)
	CPU temperature (celsius): socket 0: 67 socket 1: 73[0m
EAR[514408](hratio_l30) at 2.60/1.47 in tcn361 MR[0] elapsed 7048 sec.: [32mLoop time: 1.107s DC Power: [35m507.2W[32m DRAM power: 0.00W PCK power: 417.14W
	avg. CPUFreq: 2.57GHz avg. IMCFreq: 1.47GHz
	CPI: 0.419 VPI: 0.00, Mem. bwidth: 0.16GB/s GFLOPS: 0.00 I/O: 0.01MB/s No MPI  
	TPI 0.02 Cache miss rates: L1 1.27GB/s L2 0.00GB/s L3 0.00GB/s
	Total MPI calls 3
	IO DATA: rchar 4611 wchar 8843 syscr 51 syscw 27 read_bytes 0 write_bytes 294912
	Process OS info: (pid 514408 state R utime 1085 stime 1 cutime 0 cstime 0 CPU usage 98)
	CPU temperature (celsius): socket 0: 67 socket 1: 73[0m
EAR[514408](hratio_l30) at 2.60/1.47 in tcn361 MR[0] elapsed 7059 sec.: [32mLoop time: 1.108s DC Power: [35m507.1W[32m DRAM power: 0.00W PCK power: 417.37W
	avg. CPUFreq: 2.57GHz avg. IMCFreq: 1.47GHz
	CPI: 0.418 VPI: 0.00, Mem. bwidth: 0.12GB/s GFLOPS: 0.00 I/O: 0.01MB/s No MPI  
	TPI 0.02 Cache miss rates: L1 1.19GB/s L2 0.00GB/s L3 0.00GB/s
	Total MPI calls 3
	IO DATA: rchar 4611 wchar 8843 syscr 51 syscw 27 read_bytes 0 write_bytes 294912
	Process OS info: (pid 514408 state R utime 1084 stime 0 cutime 0 cstime 0 CPU usage 97)
	CPU temperature (celsius): socket 0: 67 socket 1: 73[0m
EAR[514408](hratio_l30) at 2.60/1.47 in tcn361 MR[0] elapsed 7070 sec.: [32mLoop time: 1.108s DC Power: [35m406.4W[32m DRAM power: 0.00W PCK power: 417.24W
	avg. CPUFreq: 2.57GHz avg. IMCFreq: 1.47GHz
	CPI: 0.418 VPI: 0.00, Mem. bwidth: 0.11GB/s GFLOPS: 0.00 I/O: 0.01MB/s No MPI  
	TPI 0.02 Cache miss rates: L1 1.20GB/s L2 0.00GB/s L3 0.00GB/s
	Total MPI calls 3
	IO DATA: rchar 4611 wchar 8843 syscr 51 syscw 27 read_bytes 0 write_bytes 294912
	Process OS info: (pid 514408 state R utime 1093 stime 1 cutime 0 cstime 0 CPU usage 98)
	CPU temperature (celsius): socket 0: 67 socket 1: 73[0m
EAR[514408](hratio_l30) at 2.60/1.47 in tcn361 MR[0] elapsed 7081 sec.: [32mLoop time: 1.108s DC Power: [35m508.3W[32m DRAM power: 0.00W PCK power: 417.48W
	avg. CPUFreq: 2.57GHz avg. IMCFreq: 1.47GHz
	CPI: 0.418 VPI: 0.00, Mem. bwidth: 0.15GB/s GFLOPS: 0.00 I/O: 0.01MB/s No MPI  
	TPI 0.02 Cache miss rates: L1 1.22GB/s L2 0.00GB/s L3 0.00GB/s
	Total MPI calls 3
	IO DATA: rchar 4611 wchar 8843 syscr 51 syscw 27 read_bytes 0 write_bytes 294912
	Process OS info: (pid 514408 state R utime 1087 stime 1 cutime 0 cstime 0 CPU usage 98)
	CPU temperature (celsius): socket 0: 67 socket 1: 73[0m
EAR[514408](hratio_l30) at 2.60/1.47 in tcn361 MR[0] elapsed 7093 sec.: [32mLoop time: 1.108s DC Power: [35m508.2W[32m DRAM power: 0.00W PCK power: 417.32W
	avg. CPUFreq: 2.57GHz avg. IMCFreq: 1.47GHz
	CPI: 0.418 VPI: 0.00, Mem. bwidth: 0.12GB/s GFLOPS: 0.00 I/O: 0.01MB/s No MPI  
	TPI 0.02 Cache miss rates: L1 1.22GB/s L2 0.00GB/s L3 0.00GB/s
	Total MPI calls 3
	IO DATA: rchar 4611 wchar 8843 syscr 51 syscw 27 read_bytes 0 write_bytes 299008
	Process OS info: (pid 514408 state R utime 1092 stime 1 cutime 0 cstime 0 CPU usage 98)
	CPU temperature (celsius): socket 0: 67 socket 1: 73[0m
EAR[514408](hratio_l30) at 2.60/1.47 in tcn361 MR[0] elapsed 7104 sec.: [32mLoop time: 1.107s DC Power: [35m507.5W[32m DRAM power: 0.00W PCK power: 417.45W
	avg. CPUFreq: 2.57GHz avg. IMCFreq: 1.47GHz
	CPI: 0.418 VPI: 0.00, Mem. bwidth: 0.13GB/s GFLOPS: 0.00 I/O: 0.01MB/s No MPI  
	TPI 0.02 Cache miss rates: L1 1.22GB/s L2 0.00GB/s L3 0.00GB/s
	Total MPI calls 3
	IO DATA: rchar 4611 wchar 8843 syscr 51 syscw 27 read_bytes 0 write_bytes 303104
	Process OS info: (pid 514408 state R utime 1092 stime 0 cutime 0 cstime 0 CPU usage 98)
	CPU temperature (celsius): socket 0: 67 socket 1: 73[0m
EAR[514408](hratio_l30) at 2.60/1.47 in tcn361 MR[0] elapsed 7115 sec.: [32mLoop time: 1.108s DC Power: [35m456.6W[32m DRAM power: 0.00W PCK power: 417.31W
	avg. CPUFreq: 2.57GHz avg. IMCFreq: 1.47GHz
	CPI: 0.418 VPI: 0.00, Mem. bwidth: 0.12GB/s GFLOPS: 0.00 I/O: 0.01MB/s No MPI  
	TPI 0.02 Cache miss rates: L1 1.23GB/s L2 0.00GB/s L3 0.00GB/s
	Total MPI calls 3
	IO DATA: rchar 4611 wchar 8843 syscr 51 syscw 27 read_bytes 0 write_bytes 299008
	Process OS info: (pid 514408 state R utime 1087 stime 1 cutime 0 cstime 0 CPU usage 98)
	CPU temperature (celsius): socket 0: 67 socket 1: 73[0m
EAR[514408](hratio_l30) at 2.60/1.47 in tcn361 MR[0] elapsed 7126 sec.: [32mLoop time: 1.108s DC Power: [35m507.3W[32m DRAM power: 0.00W PCK power: 417.21W
	avg. CPUFreq: 2.57GHz avg. IMCFreq: 1.47GHz
	CPI: 0.418 VPI: 0.00, Mem. bwidth: 0.11GB/s GFLOPS: 0.00 I/O: 0.01MB/s No MPI  
	TPI 0.02 Cache miss rates: L1 1.23GB/s L2 0.00GB/s L3 0.00GB/s
	Total MPI calls 3
	IO DATA: rchar 4611 wchar 8843 syscr 51 syscw 27 read_bytes 0 write_bytes 294912
	Process OS info: (pid 514408 state R utime 1093 stime 1 cutime 0 cstime 0 CPU usage 98)
	CPU temperature (celsius): socket 0: 66 socket 1: 73[0m
EAR[514408](hratio_l30) at 2.60/1.47 in tcn361 MR[0] elapsed 7137 sec.: [32mLoop time: 1.108s DC Power: [35m507.3W[32m DRAM power: 0.00W PCK power: 417.52W
	avg. CPUFreq: 2.57GHz avg. IMCFreq: 1.47GHz
	CPI: 0.418 VPI: 0.00, Mem. bwidth: 0.17GB/s GFLOPS: 0.00 I/O: 0.01MB/s No MPI  
	TPI 0.02 Cache miss rates: L1 1.24GB/s L2 0.00GB/s L3 0.00GB/s
	Total MPI calls 3
	IO DATA: rchar 4611 wchar 8843 syscr 51 syscw 27 read_bytes 0 write_bytes 303104
	Process OS info: (pid 514408 state R utime 1093 stime 0 cutime 0 cstime 0 CPU usage 98)
	CPU temperature (celsius): socket 0: 67 socket 1: 73[0m
EAR[514408](hratio_l30) at 2.60/1.47 in tcn361 MR[0] elapsed 7148 sec.: [32mLoop time: 1.107s DC Power: [35m507.6W[32m DRAM power: 0.00W PCK power: 417.64W
	avg. CPUFreq: 2.57GHz avg. IMCFreq: 1.47GHz
	CPI: 0.417 VPI: 0.00, Mem. bwidth: 0.11GB/s GFLOPS: 0.00 I/O: 0.01MB/s No MPI  
	TPI 0.02 Cache miss rates: L1 1.23GB/s L2 0.00GB/s L3 0.00GB/s
	Total MPI calls 3
	IO DATA: rchar 4611 wchar 8843 syscr 51 syscw 27 read_bytes 0 write_bytes 364544
	Process OS info: (pid 514408 state R utime 1091 stime 1 cutime 0 cstime 0 CPU usage 98)
	CPU temperature (celsius): socket 0: 67 socket 1: 73[0m
EAR[514408](hratio_l30) at 2.60/1.47 in tcn361 MR[0] elapsed 7159 sec.: [32mLoop time: 1.107s DC Power: [35m456.7W[32m DRAM power: 0.00W PCK power: 417.63W
	avg. CPUFreq: 2.57GHz avg. IMCFreq: 1.47GHz
	CPI: 0.417 VPI: 0.00, Mem. bwidth: 0.12GB/s GFLOPS: 0.00 I/O: 0.01MB/s No MPI  
	TPI 0.02 Cache miss rates: L1 1.25GB/s L2 0.00GB/s L3 0.00GB/s
	Total MPI calls 3
	IO DATA: rchar 4611 wchar 8843 syscr 51 syscw 27 read_bytes 0 write_bytes 303104
	Process OS info: (pid 514408 state R utime 1093 stime 1 cutime 0 cstime 0 CPU usage 98)
	CPU temperature (celsius): socket 0: 67 socket 1: 73[0m
EAR[514408](hratio_l30) at 2.60/1.47 in tcn361 MR[0] elapsed 7170 sec.: [32mLoop time: 1.108s DC Power: [35m507.3W[32m DRAM power: 0.00W PCK power: 417.75W
	avg. CPUFreq: 2.57GHz avg. IMCFreq: 1.47GHz
	CPI: 0.417 VPI: 0.00, Mem. bwidth: 0.14GB/s GFLOPS: 0.00 I/O: 0.01MB/s No MPI  
	TPI 0.02 Cache miss rates: L1 1.24GB/s L2 0.00GB/s L3 0.00GB/s
	Total MPI calls 3
	IO DATA: rchar 4611 wchar 8843 syscr 51 syscw 27 read_bytes 0 write_bytes 311296
	Process OS info: (pid 514408 state R utime 1087 stime 0 cutime 0 cstime 0 CPU usage 98)
	CPU temperature (celsius): socket 0: 67 socket 1: 73[0m
EAR[514408](hratio_l30) at 2.60/1.47 in tcn361 MR[0] elapsed 7181 sec.: [32mLoop time: 1.108s DC Power: [35m507.3W[32m DRAM power: 0.00W PCK power: 417.57W
	avg. CPUFreq: 2.57GHz avg. IMCFreq: 1.47GHz
	CPI: 0.417 VPI: 0.00, Mem. bwidth: 0.11GB/s GFLOPS: 0.00 I/O: 0.01MB/s No MPI  
	TPI 0.02 Cache miss rates: L1 1.26GB/s L2 0.00GB/s L3 0.00GB/s
	Total MPI calls 3
	IO DATA: rchar 4611 wchar 8843 syscr 51 syscw 27 read_bytes 0 write_bytes 294912
	Process OS info: (pid 514408 state R utime 1093 stime 1 cutime 0 cstime 0 CPU usage 98)
	CPU temperature (celsius): socket 0: 67 socket 1: 73[0m
EAR[514408](hratio_l30) at 2.60/1.47 in tcn361 MR[0] elapsed 7192 sec.: [32mLoop time: 1.108s DC Power: [35m456.5W[32m DRAM power: 0.00W PCK power: 417.68W
	avg. CPUFreq: 2.57GHz avg. IMCFreq: 1.47GHz
	CPI: 0.417 VPI: 0.00, Mem. bwidth: 0.15GB/s GFLOPS: 0.00 I/O: 0.01MB/s No MPI  
	TPI 0.02 Cache miss rates: L1 1.27GB/s L2 0.00GB/s L3 0.00GB/s
	Total MPI calls 3
	IO DATA: rchar 4611 wchar 8843 syscr 51 syscw 27 read_bytes 0 write_bytes 290816
	Process OS info: (pid 514408 state R utime 1093 stime 1 cutime 0 cstime 0 CPU usage 98)
	CPU temperature (celsius): socket 0: 67 socket 1: 73[0m
EAR[514408](hratio_l30) at 2.60/1.47 in tcn361 MR[0] elapsed 7203 sec.: [32mLoop time: 1.108s DC Power: [35m456.6W[32m DRAM power: 0.00W PCK power: 417.60W
	avg. CPUFreq: 2.57GHz avg. IMCFreq: 1.47GHz
	CPI: 0.417 VPI: 0.00, Mem. bwidth: 0.10GB/s GFLOPS: 0.00 I/O: 0.01MB/s No MPI  
	TPI 0.02 Cache miss rates: L1 1.23GB/s L2 0.00GB/s L3 0.00GB/s
	Total MPI calls 3
	IO DATA: rchar 4611 wchar 8843 syscr 51 syscw 27 read_bytes 0 write_bytes 294912
	Process OS info: (pid 514408 state R utime 1087 stime 0 cutime 0 cstime 0 CPU usage 98)
	CPU temperature (celsius): socket 0: 67 socket 1: 73[0m
EAR[514408](hratio_l30) at 2.60/1.47 in tcn361 MR[0] elapsed 7214 sec.: [32mLoop time: 1.108s DC Power: [35m507.3W[32m DRAM power: 0.00W PCK power: 417.63W
	avg. CPUFreq: 2.57GHz avg. IMCFreq: 1.47GHz
	CPI: 0.417 VPI: 0.00, Mem. bwidth: 0.11GB/s GFLOPS: 0.00 I/O: 0.01MB/s No MPI  
	TPI 0.02 Cache miss rates: L1 1.21GB/s L2 0.00GB/s L3 0.00GB/s
	Total MPI calls 3
	IO DATA: rchar 4611 wchar 8843 syscr 51 syscw 27 read_bytes 0 write_bytes 294912
	Process OS info: (pid 514408 state R utime 1093 stime 1 cutime 0 cstime 0 CPU usage 98)
	CPU temperature (celsius): socket 0: 67 socket 1: 73[0m
EAR[514408](hratio_l30) at 2.60/1.47 in tcn361 MR[0] elapsed 7225 sec.: [32mLoop time: 1.108s DC Power: [35m507.4W[32m DRAM power: 0.00W PCK power: 417.75W
	avg. CPUFreq: 2.57GHz avg. IMCFreq: 1.47GHz
	CPI: 0.417 VPI: 0.00, Mem. bwidth: 0.14GB/s GFLOPS: 0.00 I/O: 0.01MB/s No MPI  
	TPI 0.02 Cache miss rates: L1 1.22GB/s L2 0.00GB/s L3 0.00GB/s
	Total MPI calls 3
	IO DATA: rchar 4611 wchar 8843 syscr 51 syscw 27 read_bytes 0 write_bytes 303104
	Process OS info: (pid 514408 state R utime 1093 stime 1 cutime 0 cstime 0 CPU usage 98)
	CPU temperature (celsius): socket 0: 67 socket 1: 73[0m
EAR[514408](hratio_l30) at 2.60/1.47 in tcn361 MR[0] elapsed 7237 sec.: [32mLoop time: 1.108s DC Power: [35m508.3W[32m DRAM power: 0.00W PCK power: 417.85W
	avg. CPUFreq: 2.57GHz avg. IMCFreq: 1.47GHz
	CPI: 0.416 VPI: 0.00, Mem. bwidth: 0.12GB/s GFLOPS: 0.00 I/O: 0.01MB/s No MPI  
	TPI 0.02 Cache miss rates: L1 1.21GB/s L2 0.00GB/s L3 0.00GB/s
	Total MPI calls 3
	IO DATA: rchar 4611 wchar 8843 syscr 51 syscw 27 read_bytes 0 write_bytes 294912
	Process OS info: (pid 514408 state R utime 1087 stime 0 cutime 0 cstime 0 CPU usage 98)
	CPU temperature (celsius): socket 0: 67 socket 1: 73[0m
EAR[514408](hratio_l30) at 2.60/1.47 in tcn361 MR[0] elapsed 7248 sec.: [32mLoop time: 1.108s DC Power: [35m407.3W[32m DRAM power: 0.00W PCK power: 418.05W
	avg. CPUFreq: 2.57GHz avg. IMCFreq: 1.47GHz
	CPI: 0.416 VPI: 0.00, Mem. bwidth: 0.13GB/s GFLOPS: 0.00 I/O: 0.01MB/s No MPI  
	TPI 0.02 Cache miss rates: L1 1.21GB/s L2 0.00GB/s L3 0.00GB/s
	Total MPI calls 3
	IO DATA: rchar 4611 wchar 8843 syscr 51 syscw 27 read_bytes 0 write_bytes 294912
	Process OS info: (pid 514408 state R utime 1092 stime 1 cutime 0 cstime 0 CPU usage 98)
	CPU temperature (celsius): socket 0: 67 socket 1: 73[0m
EAR[514408](hratio_l30) at 2.60/1.47 in tcn361 MR[0] elapsed 7259 sec.: [32mLoop time: 1.108s DC Power: [35m509.0W[32m DRAM power: 0.00W PCK power: 418.20W
	avg. CPUFreq: 2.57GHz avg. IMCFreq: 1.47GHz
	CPI: 0.416 VPI: 0.00, Mem. bwidth: 0.14GB/s GFLOPS: 0.00 I/O: 0.01MB/s No MPI  
	TPI 0.02 Cache miss rates: L1 1.23GB/s L2 0.00GB/s L3 0.00GB/s
	Total MPI calls 3
	IO DATA: rchar 4611 wchar 8843 syscr 51 syscw 27 read_bytes 0 write_bytes 294912
	Process OS info: (pid 514408 state R utime 1087 stime 1 cutime 0 cstime 0 CPU usage 98)
	CPU temperature (celsius): socket 0: 67 socket 1: 73[0m
EAR[514408](hratio_l30) at 2.60/1.47 in tcn361 MR[0] elapsed 7270 sec.: [32mLoop time: 1.108s DC Power: [35m508.1W[32m DRAM power: 0.00W PCK power: 418.40W
	avg. CPUFreq: 2.57GHz avg. IMCFreq: 1.47GHz
	CPI: 0.415 VPI: 0.00, Mem. bwidth: 0.12GB/s GFLOPS: 0.00 I/O: 0.01MB/s No MPI  
	TPI 0.02 Cache miss rates: L1 1.22GB/s L2 0.00GB/s L3 0.00GB/s
	Total MPI calls 3
	IO DATA: rchar 4611 wchar 8843 syscr 51 syscw 27 read_bytes 0 write_bytes 303104
	Process OS info: (pid 514408 state R utime 1093 stime 1 cutime 0 cstime 0 CPU usage 98)
	CPU temperature (celsius): socket 0: 67 socket 1: 73[0m
EAR[514408](hratio_l30) at 2.60/1.47 in tcn361 MR[0] elapsed 7281 sec.: [32mLoop time: 1.108s DC Power: [35m508.0W[32m DRAM power: 0.00W PCK power: 418.54W
	avg. CPUFreq: 2.57GHz avg. IMCFreq: 1.47GHz
	CPI: 0.415 VPI: 0.00, Mem. bwidth: 0.13GB/s GFLOPS: 0.00 I/O: 0.01MB/s No MPI  
	TPI 0.02 Cache miss rates: L1 1.21GB/s L2 0.00GB/s L3 0.00GB/s
	Total MPI calls 3
	IO DATA: rchar 4611 wchar 8843 syscr 51 syscw 27 read_bytes 0 write_bytes 385024
	Process OS info: (pid 514408 state R utime 1093 stime 1 cutime 0 cstime 0 CPU usage 98)
	CPU temperature (celsius): socket 0: 67 socket 1: 73[0m
EAR[514408](hratio_l30) at 2.60/1.47 in tcn361 MR[0] elapsed 7292 sec.: [32mLoop time: 1.109s DC Power: [35m456.9W[32m DRAM power: 0.00W PCK power: 418.41W
	avg. CPUFreq: 2.57GHz avg. IMCFreq: 1.47GHz
	CPI: 0.415 VPI: 0.00, Mem. bwidth: 0.13GB/s GFLOPS: 0.00 I/O: 0.01MB/s No MPI  
	TPI 0.02 Cache miss rates: L1 1.23GB/s L2 0.00GB/s L3 0.00GB/s
	Total MPI calls 3
	IO DATA: rchar 4611 wchar 8843 syscr 51 syscw 27 read_bytes 0 write_bytes 425984
	Process OS info: (pid 514408 state R utime 1089 stime 0 cutime 0 cstime 0 CPU usage 98)
	CPU temperature (celsius): socket 0: 67 socket 1: 73[0m
EAR[514408](hratio_l30) at 2.60/1.47 in tcn361 MR[0] elapsed 7303 sec.: [32mLoop time: 1.109s DC Power: [35m507.8W[32m DRAM power: 0.00W PCK power: 418.42W
	avg. CPUFreq: 2.57GHz avg. IMCFreq: 1.47GHz
	CPI: 0.415 VPI: 0.00, Mem. bwidth: 0.12GB/s GFLOPS: 0.00 I/O: 0.01MB/s No MPI  
	TPI 0.02 Cache miss rates: L1 1.25GB/s L2 0.00GB/s L3 0.00GB/s
	Total MPI calls 3
	IO DATA: rchar 4611 wchar 8843 syscr 51 syscw 27 read_bytes 0 write_bytes 294912
	Process OS info: (pid 514408 state R utime 1092 stime 1 cutime 0 cstime 0 CPU usage 98)
	CPU temperature (celsius): socket 0: 67 socket 1: 73[0m
EAR[514408](hratio_l30) at 2.60/1.47 in tcn361 MR[0] elapsed 7314 sec.: [32mLoop time: 1.108s DC Power: [35m508.1W[32m DRAM power: 0.00W PCK power: 418.47W
	avg. CPUFreq: 2.57GHz avg. IMCFreq: 1.47GHz
	CPI: 0.415 VPI: 0.00, Mem. bwidth: 0.15GB/s GFLOPS: 0.00 I/O: 0.01MB/s No MPI  
	TPI 0.02 Cache miss rates: L1 1.23GB/s L2 0.00GB/s L3 0.00GB/s
	Total MPI calls 3
	IO DATA: rchar 4611 wchar 8843 syscr 51 syscw 27 read_bytes 0 write_bytes 294912
	Process OS info: (pid 514408 state R utime 1093 stime 1 cutime 0 cstime 0 CPU usage 98)
	CPU temperature (celsius): socket 0: 67 socket 1: 73[0m
EAR[514408](hratio_l30) at 2.60/1.47 in tcn361 MR[0] elapsed 7325 sec.: [32mLoop time: 1.107s DC Power: [35m508.4W[32m DRAM power: 0.00W PCK power: 418.47W
	avg. CPUFreq: 2.57GHz avg. IMCFreq: 1.47GHz
	CPI: 0.415 VPI: 0.00, Mem. bwidth: 0.11GB/s GFLOPS: 0.00 I/O: 0.01MB/s No MPI  
	TPI 0.02 Cache miss rates: L1 1.32GB/s L2 0.00GB/s L3 0.00GB/s
	Total MPI calls 3
	IO DATA: rchar 4611 wchar 8843 syscr 51 syscw 27 read_bytes 0 write_bytes 294912
	Process OS info: (pid 514408 state R utime 1092 stime 0 cutime 0 cstime 0 CPU usage 98)
	CPU temperature (celsius): socket 0: 67 socket 1: 73[0m
EAR[514408](hratio_l30) at 2.60/1.47 in tcn361 MR[0] elapsed 7336 sec.: [32mLoop time: 1.108s DC Power: [35m457.4W[32m DRAM power: 0.00W PCK power: 418.52W
	avg. CPUFreq: 2.57GHz avg. IMCFreq: 1.47GHz
	CPI: 0.415 VPI: 0.00, Mem. bwidth: 0.12GB/s GFLOPS: 0.00 I/O: 0.01MB/s No MPI  
	TPI 0.02 Cache miss rates: L1 1.22GB/s L2 0.00GB/s L3 0.00GB/s
	Total MPI calls 3
	IO DATA: rchar 4611 wchar 8843 syscr 51 syscw 27 read_bytes 0 write_bytes 290816
	Process OS info: (pid 514408 state R utime 1093 stime 1 cutime 0 cstime 0 CPU usage 98)
	CPU temperature (celsius): socket 0: 67 socket 1: 73[0m
EAR[514408](hratio_l30) at 2.60/1.47 in tcn361 MR[0] elapsed 7347 sec.: [32mLoop time: 1.108s DC Power: [35m508.2W[32m DRAM power: 0.00W PCK power: 418.56W
	avg. CPUFreq: 2.57GHz avg. IMCFreq: 1.47GHz
	CPI: 0.415 VPI: 0.00, Mem. bwidth: 0.15GB/s GFLOPS: 0.00 I/O: 0.01MB/s No MPI  
	TPI 0.02 Cache miss rates: L1 1.24GB/s L2 0.00GB/s L3 0.00GB/s
	Total MPI calls 3
	IO DATA: rchar 4611 wchar 8843 syscr 51 syscw 27 read_bytes 0 write_bytes 307200
	Process OS info: (pid 514408 state R utime 1087 stime 1 cutime 0 cstime 0 CPU usage 98)
	CPU temperature (celsius): socket 0: 67 socket 1: 73[0m
EAR[514408](hratio_l30) at 2.60/1.47 in tcn361 MR[0] elapsed 7358 sec.: [32mLoop time: 1.108s DC Power: [35m508.2W[32m DRAM power: 0.00W PCK power: 418.44W
	avg. CPUFreq: 2.57GHz avg. IMCFreq: 1.47GHz
	CPI: 0.415 VPI: 0.00, Mem. bwidth: 0.11GB/s GFLOPS: 0.00 I/O: 0.01MB/s No MPI  
	TPI 0.02 Cache miss rates: L1 1.23GB/s L2 0.00GB/s L3 0.00GB/s
	Total MPI calls 3
	IO DATA: rchar 4611 wchar 8843 syscr 51 syscw 27 read_bytes 0 write_bytes 294912
	Process OS info: (pid 514408 state R utime 1093 stime 0 cutime 0 cstime 0 CPU usage 98)
	CPU temperature (celsius): socket 0: 67 socket 1: 73[0m
EAR[514408](hratio_l30) at 2.60/1.47 in tcn361 MR[0] elapsed 7370 sec.: [32mLoop time: 1.108s DC Power: [35m457.5W[32m DRAM power: 0.00W PCK power: 418.44W
	avg. CPUFreq: 2.57GHz avg. IMCFreq: 1.47GHz
	CPI: 0.415 VPI: 0.00, Mem. bwidth: 0.11GB/s GFLOPS: 0.00 I/O: 0.01MB/s No MPI  
	TPI 0.02 Cache miss rates: L1 1.25GB/s L2 0.00GB/s L3 0.00GB/s
	Total MPI calls 3
	IO DATA: rchar 4611 wchar 8843 syscr 51 syscw 27 read_bytes 0 write_bytes 294912
	Process OS info: (pid 514408 state R utime 1092 stime 1 cutime 0 cstime 0 CPU usage 98)
	CPU temperature (celsius): socket 0: 67 socket 1: 73[0m
EAR[514408](hratio_l30) at 2.60/1.47 in tcn361 MR[0] elapsed 7381 sec.: [32mLoop time: 1.108s DC Power: [35m457.4W[32m DRAM power: 0.00W PCK power: 418.49W
	avg. CPUFreq: 2.57GHz avg. IMCFreq: 1.47GHz
	CPI: 0.415 VPI: 0.00, Mem. bwidth: 0.18GB/s GFLOPS: 0.00 I/O: 0.01MB/s No MPI  
	TPI 0.03 Cache miss rates: L1 1.25GB/s L2 0.00GB/s L3 0.00GB/s
	Total MPI calls 3
	IO DATA: rchar 4611 wchar 8843 syscr 51 syscw 27 read_bytes 0 write_bytes 294912
	Process OS info: (pid 514408 state R utime 1079 stime 1 cutime 0 cstime 0 CPU usage 97)
	CPU temperature (celsius): socket 0: 67 socket 1: 73[0m
EAR[514408](hratio_l30) at 2.60/1.47 in tcn361 MR[0] elapsed 7392 sec.: [32mLoop time: 1.109s DC Power: [35m507.5W[32m DRAM power: 0.00W PCK power: 418.62W
	avg. CPUFreq: 2.57GHz avg. IMCFreq: 1.47GHz
	CPI: 0.415 VPI: 0.00, Mem. bwidth: 0.28GB/s GFLOPS: 0.00 I/O: 0.01MB/s No MPI  
	TPI 0.04 Cache miss rates: L1 1.23GB/s L2 0.00GB/s L3 0.00GB/s
	Total MPI calls 3
	IO DATA: rchar 4611 wchar 8843 syscr 51 syscw 27 read_bytes 0 write_bytes 294912
	Process OS info: (pid 514408 state R utime 1094 stime 1 cutime 0 cstime 0 CPU usage 98)
	CPU temperature (celsius): socket 0: 67 socket 1: 73[0m
EAR[514408](hratio_l30) at 2.60/1.47 in tcn361 MR[0] elapsed 7403 sec.: [32mLoop time: 1.108s DC Power: [35m509.1W[32m DRAM power: 0.00W PCK power: 418.77W
	avg. CPUFreq: 2.57GHz avg. IMCFreq: 1.47GHz
	CPI: 0.415 VPI: 0.00, Mem. bwidth: 0.13GB/s GFLOPS: 0.00 I/O: 0.01MB/s No MPI  
	TPI 0.02 Cache miss rates: L1 1.25GB/s L2 0.00GB/s L3 0.00GB/s
	Total MPI calls 3
	IO DATA: rchar 4611 wchar 8843 syscr 51 syscw 27 read_bytes 0 write_bytes 303104
	Process OS info: (pid 514408 state R utime 1093 stime 1 cutime 0 cstime 0 CPU usage 98)
	CPU temperature (celsius): socket 0: 67 socket 1: 73[0m
EAR[514408](hratio_l30) at 2.60/1.47 in tcn361 MR[0] elapsed 7414 sec.: [32mLoop time: 1.108s DC Power: [35m509.5W[32m DRAM power: 0.00W PCK power: 418.48W
	avg. CPUFreq: 2.57GHz avg. IMCFreq: 1.47GHz
	CPI: 0.415 VPI: 0.00, Mem. bwidth: 0.12GB/s GFLOPS: 0.00 I/O: 0.01MB/s No MPI  
	TPI 0.02 Cache miss rates: L1 1.25GB/s L2 0.00GB/s L3 0.00GB/s
	Total MPI calls 3
	IO DATA: rchar 4611 wchar 8843 syscr 51 syscw 27 read_bytes 0 write_bytes 409600
	Process OS info: (pid 514408 state R utime 1086 stime 0 cutime 0 cstime 0 CPU usage 98)
	CPU temperature (celsius): socket 0: 67 socket 1: 73[0m
EAR[514408](hratio_l30) at 2.60/1.47 in tcn361 MR[0] elapsed 7425 sec.: [32mLoop time: 1.108s DC Power: [35m459.0W[32m DRAM power: 0.00W PCK power: 418.69W
	avg. CPUFreq: 2.57GHz avg. IMCFreq: 1.47GHz
	CPI: 0.414 VPI: 0.00, Mem. bwidth: 0.12GB/s GFLOPS: 0.00 I/O: 0.01MB/s No MPI  
	TPI 0.02 Cache miss rates: L1 1.25GB/s L2 0.00GB/s L3 0.00GB/s
	Total MPI calls 3
	IO DATA: rchar 4611 wchar 8843 syscr 51 syscw 27 read_bytes 0 write_bytes 364544
	Process OS info: (pid 514408 state R utime 1093 stime 1 cutime 0 cstime 0 CPU usage 98)
	CPU temperature (celsius): socket 0: 67 socket 1: 73[0m
EAR[514408](hratio_l30) at 2.60/1.47 in tcn361 MR[0] elapsed 7436 sec.: [32mLoop time: 1.108s DC Power: [35m458.3W[32m DRAM power: 0.00W PCK power: 418.93W
	avg. CPUFreq: 2.57GHz avg. IMCFreq: 1.47GHz
	CPI: 0.414 VPI: 0.00, Mem. bwidth: 0.14GB/s GFLOPS: 0.00 I/O: 0.01MB/s No MPI  
	TPI 0.02 Cache miss rates: L1 1.26GB/s L2 0.00GB/s L3 0.00GB/s
	Total MPI calls 3
	IO DATA: rchar 4611 wchar 8843 syscr 51 syscw 27 read_bytes 0 write_bytes 299008
	Process OS info: (pid 514408 state R utime 1093 stime 1 cutime 0 cstime 0 CPU usage 98)
	CPU temperature (celsius): socket 0: 67 socket 1: 73[0m
EAR[514408](hratio_l30) at 2.60/1.47 in tcn361 MR[0] elapsed 7447 sec.: [32mLoop time: 1.107s DC Power: [35m509.3W[32m DRAM power: 0.00W PCK power: 418.83W
	avg. CPUFreq: 2.57GHz avg. IMCFreq: 1.47GHz
	CPI: 0.414 VPI: 0.00, Mem. bwidth: 0.11GB/s GFLOPS: 0.00 I/O: 0.01MB/s No MPI  
	TPI 0.02 Cache miss rates: L1 1.25GB/s L2 0.00GB/s L3 0.00GB/s
	Total MPI calls 3
	IO DATA: rchar 4611 wchar 8843 syscr 51 syscw 27 read_bytes 0 write_bytes 299008
	Process OS info: (pid 514408 state R utime 1092 stime 0 cutime 0 cstime 0 CPU usage 98)
	CPU temperature (celsius): socket 0: 67 socket 1: 73[0m
EAR[514408](hratio_l30) at 2.60/1.47 in tcn361 MR[0] elapsed 7458 sec.: [32mLoop time: 1.108s DC Power: [35m508.7W[32m DRAM power: 0.00W PCK power: 418.80W
	avg. CPUFreq: 2.57GHz avg. IMCFreq: 1.47GHz
	CPI: 0.414 VPI: 0.00, Mem. bwidth: 0.12GB/s GFLOPS: 0.00 I/O: 0.01MB/s No MPI  
	TPI 0.02 Cache miss rates: L1 1.25GB/s L2 0.00GB/s L3 0.00GB/s
	Total MPI calls 3
	IO DATA: rchar 4611 wchar 8843 syscr 51 syscw 27 read_bytes 0 write_bytes 294912
	Process OS info: (pid 514408 state R utime 1093 stime 1 cutime 0 cstime 0 CPU usage 98)
	CPU temperature (celsius): socket 0: 67 socket 1: 73[0m
EAR[514408](hratio_l30) at 2.60/1.47 in tcn361 MR[0] elapsed 7469 sec.: [32mLoop time: 1.108s DC Power: [35m458.1W[32m DRAM power: 0.00W PCK power: 419.01W
	avg. CPUFreq: 2.57GHz avg. IMCFreq: 1.47GHz
	CPI: 0.414 VPI: 0.00, Mem. bwidth: 0.14GB/s GFLOPS: 0.00 I/O: 0.01MB/s No MPI  
	TPI 0.02 Cache miss rates: L1 1.28GB/s L2 0.00GB/s L3 0.00GB/s
	Total MPI calls 3
	IO DATA: rchar 4611 wchar 8843 syscr 51 syscw 27 read_bytes 0 write_bytes 294912
	Process OS info: (pid 514408 state R utime 1087 stime 1 cutime 0 cstime 0 CPU usage 98)
	CPU temperature (celsius): socket 0: 67 socket 1: 73[0m
EAR[514408](hratio_l30) at 2.60/1.47 in tcn361 MR[0] elapsed 7480 sec.: [32mLoop time: 1.107s DC Power: [35m509.2W[32m DRAM power: 0.00W PCK power: 418.63W
	avg. CPUFreq: 2.57GHz avg. IMCFreq: 1.47GHz
	CPI: 0.415 VPI: 0.00, Mem. bwidth: 0.28GB/s GFLOPS: 0.00 I/O: 0.01MB/s No MPI  
	TPI 0.04 Cache miss rates: L1 1.30GB/s L2 0.00GB/s L3 0.00GB/s
	Total MPI calls 3
	IO DATA: rchar 4611 wchar 8843 syscr 51 syscw 27 read_bytes 0 write_bytes 294912
	Process OS info: (pid 514408 state R utime 1072 stime 1 cutime 0 cstime 0 CPU usage 96)
	CPU temperature (celsius): socket 0: 67 socket 1: 73[0m
EAR[514408](hratio_l30) at 2.60/1.47 in tcn361 MR[0] elapsed 7491 sec.: [32mLoop time: 1.108s DC Power: [35m457.4W[32m DRAM power: 0.00W PCK power: 418.82W
	avg. CPUFreq: 2.57GHz avg. IMCFreq: 1.47GHz
	CPI: 0.414 VPI: 0.00, Mem. bwidth: 0.41GB/s GFLOPS: 0.00 I/O: 0.01MB/s No MPI  
	TPI 0.06 Cache miss rates: L1 1.26GB/s L2 0.00GB/s L3 0.00GB/s
	Total MPI calls 3
	IO DATA: rchar 4611 wchar 8843 syscr 51 syscw 27 read_bytes 0 write_bytes 294912
	Process OS info: (pid 514408 state R utime 1085 stime 0 cutime 0 cstime 0 CPU usage 97)
	CPU temperature (celsius): socket 0: 67 socket 1: 73[0m
EAR[514408](hratio_l30) at 2.60/1.47 in tcn361 MR[0] elapsed 7502 sec.: [32mLoop time: 1.108s DC Power: [35m508.2W[32m DRAM power: 0.00W PCK power: 418.65W
	avg. CPUFreq: 2.57GHz avg. IMCFreq: 1.47GHz
	CPI: 0.414 VPI: 0.00, Mem. bwidth: 0.23GB/s GFLOPS: 0.00 I/O: 0.01MB/s No MPI  
	TPI 0.03 Cache miss rates: L1 1.24GB/s L2 0.00GB/s L3 0.00GB/s
	Total MPI calls 3
	IO DATA: rchar 4611 wchar 8843 syscr 51 syscw 27 read_bytes 0 write_bytes 303104
	Process OS info: (pid 514408 state R utime 1081 stime 1 cutime 0 cstime 0 CPU usage 97)
	CPU temperature (celsius): socket 0: 67 socket 1: 73[0m
EAR[514408](hratio_l30) at 2.60/1.47 in tcn361 MR[0] elapsed 7514 sec.: [32mLoop time: 1.109s DC Power: [35m457.0W[32m DRAM power: 0.00W PCK power: 419.10W
	avg. CPUFreq: 2.57GHz avg. IMCFreq: 1.47GHz
	CPI: 0.414 VPI: 0.00, Mem. bwidth: 0.37GB/s GFLOPS: 0.00 I/O: 0.01MB/s No MPI  
	TPI 0.06 Cache miss rates: L1 1.26GB/s L2 0.00GB/s L3 0.00GB/s
	Total MPI calls 3
	IO DATA: rchar 4611 wchar 8843 syscr 51 syscw 27 read_bytes 0 write_bytes 294912
	Process OS info: (pid 514408 state R utime 1069 stime 1 cutime 0 cstime 0 CPU usage 96)
	CPU temperature (celsius): socket 0: 67 socket 1: 73[0m
EAR[514408](hratio_l30) at 2.60/1.47 in tcn361 MR[0] elapsed 7525 sec.: [32mLoop time: 1.108s DC Power: [35m508.2W[32m DRAM power: 0.00W PCK power: 419.32W
	avg. CPUFreq: 2.57GHz avg. IMCFreq: 1.47GHz
	CPI: 0.414 VPI: 0.00, Mem. bwidth: 0.35GB/s GFLOPS: 0.00 I/O: 0.01MB/s No MPI  
	TPI 0.05 Cache miss rates: L1 1.25GB/s L2 0.00GB/s L3 0.00GB/s
	Total MPI calls 3
	IO DATA: rchar 4611 wchar 8843 syscr 51 syscw 27 read_bytes 0 write_bytes 294912
	Process OS info: (pid 514408 state R utime 1092 stime 1 cutime 0 cstime 0 CPU usage 98)
	CPU temperature (celsius): socket 0: 67 socket 1: 73[0m
EAR[514408](hratio_l30) at 2.60/1.47 in tcn361 MR[0] elapsed 7536 sec.: [32mLoop time: 1.108s DC Power: [35m508.5W[32m DRAM power: 0.00W PCK power: 418.90W
	avg. CPUFreq: 2.57GHz avg. IMCFreq: 1.47GHz
	CPI: 0.414 VPI: 0.00, Mem. bwidth: 0.13GB/s GFLOPS: 0.00 I/O: 0.01MB/s No MPI  
	TPI 0.02 Cache miss rates: L1 1.26GB/s L2 0.00GB/s L3 0.00GB/s
	Total MPI calls 3
	IO DATA: rchar 4611 wchar 8843 syscr 51 syscw 27 read_bytes 0 write_bytes 294912
	Process OS info: (pid 514408 state R utime 1086 stime 1 cutime 0 cstime 0 CPU usage 98)
	CPU temperature (celsius): socket 0: 67 socket 1: 73[0m
EAR[514408](hratio_l30) at 2.60/1.47 in tcn361 MR[0] elapsed 7547 sec.: [32mLoop time: 1.108s DC Power: [35m457.8W[32m DRAM power: 0.00W PCK power: 418.85W
	avg. CPUFreq: 2.57GHz avg. IMCFreq: 1.47GHz
	CPI: 0.414 VPI: 0.00, Mem. bwidth: 0.12GB/s GFLOPS: 0.00 I/O: 0.01MB/s No MPI  
	TPI 0.02 Cache miss rates: L1 1.26GB/s L2 0.00GB/s L3 0.00GB/s
	Total MPI calls 3
	IO DATA: rchar 4611 wchar 8843 syscr 51 syscw 27 read_bytes 0 write_bytes 303104
	Process OS info: (pid 514408 state R utime 1092 stime 0 cutime 0 cstime 0 CPU usage 98)
	CPU temperature (celsius): socket 0: 67 socket 1: 73[0m
EAR[514408](hratio_l30) at 2.60/1.47 in tcn361 MR[0] elapsed 7558 sec.: [32mLoop time: 1.108s DC Power: [35m457.5W[32m DRAM power: 0.00W PCK power: 418.94W
	avg. CPUFreq: 2.57GHz avg. IMCFreq: 1.47GHz
	CPI: 0.414 VPI: 0.00, Mem. bwidth: 0.15GB/s GFLOPS: 0.00 I/O: 0.01MB/s No MPI  
	TPI 0.02 Cache miss rates: L1 1.24GB/s L2 0.00GB/s L3 0.00GB/s
	Total MPI calls 3
	IO DATA: rchar 4611 wchar 8843 syscr 51 syscw 27 read_bytes 0 write_bytes 385024
	Process OS info: (pid 514408 state R utime 1085 stime 1 cutime 0 cstime 0 CPU usage 98)
	CPU temperature (celsius): socket 0: 67 socket 1: 73[0m
EAR[514408](hratio_l30) at 2.60/1.47 in tcn361 MR[0] elapsed 7569 sec.: [32mLoop time: 1.107s DC Power: [35m509.4W[32m DRAM power: 0.00W PCK power: 418.86W
	avg. CPUFreq: 2.57GHz avg. IMCFreq: 1.47GHz
	CPI: 0.414 VPI: 0.00, Mem. bwidth: 0.12GB/s GFLOPS: 0.00 I/O: 0.01MB/s No MPI  
	TPI 0.02 Cache miss rates: L1 1.24GB/s L2 0.00GB/s L3 0.00GB/s
	Total MPI calls 3
	IO DATA: rchar 4611 wchar 8843 syscr 51 syscw 27 read_bytes 0 write_bytes 299008
	Process OS info: (pid 514408 state R utime 1089 stime 1 cutime 0 cstime 0 CPU usage 98)
	CPU temperature (celsius): socket 0: 67 socket 1: 73[0m
EAR[514408](hratio_l30) at 2.60/1.47 in tcn361 MR[0] elapsed 7580 sec.: [32mLoop time: 1.107s DC Power: [35m509.3W[32m DRAM power: 0.00W PCK power: 418.90W
	avg. CPUFreq: 2.57GHz avg. IMCFreq: 1.47GHz
	CPI: 0.414 VPI: 0.00, Mem. bwidth: 0.11GB/s GFLOPS: 0.00 I/O: 0.01MB/s No MPI  
	TPI 0.02 Cache miss rates: L1 1.24GB/s L2 0.00GB/s L3 0.00GB/s
	Total MPI calls 3
	IO DATA: rchar 4611 wchar 8843 syscr 51 syscw 27 read_bytes 0 write_bytes 294912
	Process OS info: (pid 514408 state R utime 1091 stime 0 cutime 0 cstime 0 CPU usage 98)
	CPU temperature (celsius): socket 0: 67 socket 1: 73[0m
EAR[514408](hratio_l30) at 2.60/1.47 in tcn361 MR[0] elapsed 7591 sec.: [32mLoop time: 1.108s DC Power: [35m509.9W[32m DRAM power: 0.00W PCK power: 418.98W
	avg. CPUFreq: 2.57GHz avg. IMCFreq: 1.47GHz
	CPI: 0.414 VPI: 0.00, Mem. bwidth: 0.16GB/s GFLOPS: 0.00 I/O: 0.01MB/s No MPI  
	TPI 0.02 Cache miss rates: L1 1.27GB/s L2 0.00GB/s L3 0.00GB/s
	Total MPI calls 3
	IO DATA: rchar 4611 wchar 8843 syscr 51 syscw 27 read_bytes 0 write_bytes 303104
	Process OS info: (pid 514408 state R utime 1092 stime 1 cutime 0 cstime 0 CPU usage 98)
	CPU temperature (celsius): socket 0: 67 socket 1: 73[0m
EAR[514408](hratio_l30) at 2.60/1.47 in tcn361 MR[0] elapsed 7602 sec.: [32mLoop time: 1.107s DC Power: [35m459.1W[32m DRAM power: 0.00W PCK power: 418.89W
	avg. CPUFreq: 2.57GHz avg. IMCFreq: 1.47GHz
	CPI: 0.414 VPI: 0.00, Mem. bwidth: 0.14GB/s GFLOPS: 0.00 I/O: 0.01MB/s No MPI  
	TPI 0.02 Cache miss rates: L1 1.24GB/s L2 0.00GB/s L3 0.00GB/s
	Total MPI calls 3
	IO DATA: rchar 4611 wchar 8843 syscr 51 syscw 27 read_bytes 0 write_bytes 294912
	Process OS info: (pid 514408 state R utime 1090 stime 0 cutime 0 cstime 0 CPU usage 98)
	CPU temperature (celsius): socket 0: 67 socket 1: 73[0m
EAR[514408](hratio_l30) at 2.60/1.47 in tcn361 MR[0] elapsed 7613 sec.: [32mLoop time: 1.110s DC Power: [35m457.5W[32m DRAM power: 0.00W PCK power: 419.07W
	avg. CPUFreq: 2.57GHz avg. IMCFreq: 1.47GHz
	CPI: 0.414 VPI: 0.00, Mem. bwidth: 0.15GB/s GFLOPS: 0.00 I/O: 0.01MB/s No MPI  
	TPI 0.02 Cache miss rates: L1 1.33GB/s L2 0.00GB/s L3 0.00GB/s
	Total MPI calls 3
	IO DATA: rchar 4611 wchar 8843 syscr 51 syscw 27 read_bytes 0 write_bytes 483328
	Process OS info: (pid 514408 state R utime 1094 stime 1 cutime 0 cstime 0 CPU usage 98)
	CPU temperature (celsius): socket 0: 67 socket 1: 73[0m
EAR[514408](hratio_l30) at 2.60/1.47 in tcn361 MR[0] elapsed 7624 sec.: [32mLoop time: 1.107s DC Power: [35m509.3W[32m DRAM power: 0.00W PCK power: 418.81W
	avg. CPUFreq: 2.57GHz avg. IMCFreq: 1.47GHz
	CPI: 0.414 VPI: 0.00, Mem. bwidth: 0.15GB/s GFLOPS: 0.00 I/O: 0.01MB/s No MPI  
	TPI 0.02 Cache miss rates: L1 1.26GB/s L2 0.00GB/s L3 0.00GB/s
	Total MPI calls 3
	IO DATA: rchar 4611 wchar 8843 syscr 51 syscw 27 read_bytes 0 write_bytes 307200
	Process OS info: (pid 514408 state R utime 1084 stime 1 cutime 0 cstime 0 CPU usage 97)
	CPU temperature (celsius): socket 0: 67 socket 1: 73[0m
EAR[514408](hratio_l30) at 2.60/1.47 in tcn361 MR[0] elapsed 7635 sec.: [32mLoop time: 1.109s DC Power: [35m507.8W[32m DRAM power: 0.00W PCK power: 418.86W
	avg. CPUFreq: 2.57GHz avg. IMCFreq: 1.47GHz
	CPI: 0.414 VPI: 0.00, Mem. bwidth: 0.12GB/s GFLOPS: 0.00 I/O: 0.01MB/s No MPI  
	TPI 0.02 Cache miss rates: L1 1.23GB/s L2 0.00GB/s L3 0.00GB/s
	Total MPI calls 3
	IO DATA: rchar 4611 wchar 8843 syscr 51 syscw 27 read_bytes 0 write_bytes 294912
	Process OS info: (pid 514408 state R utime 1093 stime 1 cutime 0 cstime 0 CPU usage 98)
	CPU temperature (celsius): socket 0: 67 socket 1: 73[0m
EAR[514408](hratio_l30) at 2.60/1.47 in tcn361 MR[0] elapsed 7646 sec.: [32mLoop time: 1.108s DC Power: [35m457.3W[32m DRAM power: 0.00W PCK power: 419.03W
	avg. CPUFreq: 2.57GHz avg. IMCFreq: 1.47GHz
	CPI: 0.414 VPI: 0.00, Mem. bwidth: 0.14GB/s GFLOPS: 0.00 I/O: 0.01MB/s No MPI  
	TPI 0.02 Cache miss rates: L1 1.23GB/s L2 0.00GB/s L3 0.00GB/s
	Total MPI calls 3
	IO DATA: rchar 4611 wchar 8843 syscr 51 syscw 27 read_bytes 0 write_bytes 294912
	Process OS info: (pid 514408 state R utime 1087 stime 0 cutime 0 cstime 0 CPU usage 98)
	CPU temperature (celsius): socket 0: 67 socket 1: 73[0m
EAR[514408](hratio_l30) at 2.60/1.47 in tcn361 MR[0] elapsed 7658 sec.: [32mLoop time: 1.108s DC Power: [35m508.4W[32m DRAM power: 0.00W PCK power: 418.94W
	avg. CPUFreq: 2.57GHz avg. IMCFreq: 1.47GHz
	CPI: 0.414 VPI: 0.00, Mem. bwidth: 0.10GB/s GFLOPS: 0.00 I/O: 0.01MB/s No MPI  
	TPI 0.02 Cache miss rates: L1 1.21GB/s L2 0.00GB/s L3 0.00GB/s
	Total MPI calls 3
	IO DATA: rchar 4611 wchar 8843 syscr 51 syscw 27 read_bytes 0 write_bytes 294912
	Process OS info: (pid 514408 state R utime 1092 stime 1 cutime 0 cstime 0 CPU usage 98)
	CPU temperature (celsius): socket 0: 67 socket 1: 73[0m
EAR[514408](hratio_l30) at 2.60/1.47 in tcn361 MR[0] elapsed 7669 sec.: [32mLoop time: 1.108s DC Power: [35m458.3W[32m DRAM power: 0.00W PCK power: 418.85W
	avg. CPUFreq: 2.57GHz avg. IMCFreq: 1.47GHz
	CPI: 0.414 VPI: 0.00, Mem. bwidth: 0.11GB/s GFLOPS: 0.00 I/O: 0.01MB/s No MPI  
	TPI 0.02 Cache miss rates: L1 1.24GB/s L2 0.00GB/s L3 0.00GB/s
	Total MPI calls 3
	IO DATA: rchar 4611 wchar 8843 syscr 51 syscw 27 read_bytes 0 write_bytes 294912
	Process OS info: (pid 514408 state R utime 1093 stime 1 cutime 0 cstime 0 CPU usage 98)
	CPU temperature (celsius): socket 0: 67 socket 1: 73[0m
EAR[514408](hratio_l30) at 2.60/1.47 in tcn361 MR[0] elapsed 7680 sec.: [32mLoop time: 1.107s DC Power: [35m508.9W[32m DRAM power: 0.00W PCK power: 418.95W
	avg. CPUFreq: 2.57GHz avg. IMCFreq: 1.47GHz
	CPI: 0.414 VPI: 0.00, Mem. bwidth: 0.14GB/s GFLOPS: 0.00 I/O: 0.01MB/s No MPI  
	TPI 0.02 Cache miss rates: L1 1.23GB/s L2 0.00GB/s L3 0.00GB/s
	Total MPI calls 3
	IO DATA: rchar 4611 wchar 8843 syscr 51 syscw 27 read_bytes 0 write_bytes 303104
	Process OS info: (pid 514408 state R utime 1086 stime 0 cutime 0 cstime 0 CPU usage 98)
	CPU temperature (celsius): socket 0: 67 socket 1: 73[0m
EAR[514408](hratio_l30) at 2.60/1.47 in tcn361 MR[0] elapsed 7691 sec.: [32mLoop time: 1.108s DC Power: [35m457.5W[32m DRAM power: 0.00W PCK power: 418.82W
	avg. CPUFreq: 2.57GHz avg. IMCFreq: 1.47GHz
	CPI: 0.414 VPI: 0.00, Mem. bwidth: 0.13GB/s GFLOPS: 0.00 I/O: 0.01MB/s No MPI  
	TPI 0.02 Cache miss rates: L1 1.23GB/s L2 0.00GB/s L3 0.00GB/s
	Total MPI calls 3
	IO DATA: rchar 4611 wchar 8843 syscr 51 syscw 27 read_bytes 0 write_bytes 425984
	Process OS info: (pid 514408 state R utime 1093 stime 1 cutime 0 cstime 0 CPU usage 98)
	CPU temperature (celsius): socket 0: 67 socket 1: 73[0m
EAR[514408](hratio_l30) at 2.60/1.47 in tcn361 MR[0] elapsed 7702 sec.: [32mLoop time: 1.107s DC Power: [35m508.4W[32m DRAM power: 0.00W PCK power: 418.91W
	avg. CPUFreq: 2.57GHz avg. IMCFreq: 1.47GHz
	CPI: 0.414 VPI: 0.00, Mem. bwidth: 0.13GB/s GFLOPS: 0.00 I/O: 0.01MB/s No MPI  
	TPI 0.02 Cache miss rates: L1 1.23GB/s L2 0.00GB/s L3 0.00GB/s
	Total MPI calls 3
	IO DATA: rchar 4611 wchar 8843 syscr 51 syscw 27 read_bytes 0 write_bytes 294912
	Process OS info: (pid 514408 state R utime 1093 stime 1 cutime 0 cstime 0 CPU usage 98)
	CPU temperature (celsius): socket 0: 67 socket 1: 73[0m
EAR[514408](hratio_l30) at 2.60/1.47 in tcn361 MR[0] elapsed 7713 sec.: [32mLoop time: 1.110s DC Power: [35m507.3W[32m DRAM power: 0.00W PCK power: 418.89W
	avg. CPUFreq: 2.57GHz avg. IMCFreq: 1.47GHz
	CPI: 0.414 VPI: 0.00, Mem. bwidth: 0.11GB/s GFLOPS: 0.00 I/O: 0.01MB/s No MPI  
	TPI 0.02 Cache miss rates: L1 1.23GB/s L2 0.00GB/s L3 0.00GB/s
	Total MPI calls 3
	IO DATA: rchar 4611 wchar 8843 syscr 51 syscw 27 read_bytes 0 write_bytes 294912
	Process OS info: (pid 514408 state R utime 1088 stime 0 cutime 0 cstime 0 CPU usage 98)
	CPU temperature (celsius): socket 0: 67 socket 1: 73[0m
EAR[514408](hratio_l30) at 2.60/1.47 in tcn361 MR[0] elapsed 7724 sec.: [32mLoop time: 1.107s DC Power: [35m508.4W[32m DRAM power: 0.00W PCK power: 418.83W
	avg. CPUFreq: 2.57GHz avg. IMCFreq: 1.47GHz
	CPI: 0.414 VPI: 0.00, Mem. bwidth: 0.12GB/s GFLOPS: 0.00 I/O: 0.01MB/s No MPI  
	TPI 0.02 Cache miss rates: L1 1.23GB/s L2 0.00GB/s L3 0.00GB/s
	Total MPI calls 3
	IO DATA: rchar 4611 wchar 8843 syscr 51 syscw 27 read_bytes 0 write_bytes 303104
	Process OS info: (pid 514408 state R utime 1089 stime 1 cutime 0 cstime 0 CPU usage 98)
	CPU temperature (celsius): socket 0: 67 socket 1: 73[0m
EAR[514408](hratio_l30) at 2.60/1.47 in tcn361 MR[0] elapsed 7735 sec.: [32mLoop time: 1.108s DC Power: [35m457.7W[32m DRAM power: 0.00W PCK power: 419.01W
	avg. CPUFreq: 2.57GHz avg. IMCFreq: 1.47GHz
	CPI: 0.414 VPI: 0.00, Mem. bwidth: 0.14GB/s GFLOPS: 0.00 I/O: 0.01MB/s No MPI  
	TPI 0.02 Cache miss rates: L1 1.24GB/s L2 0.00GB/s L3 0.00GB/s
	Total MPI calls 3
	IO DATA: rchar 4611 wchar 8843 syscr 51 syscw 27 read_bytes 0 write_bytes 303104
	Process OS info: (pid 514408 state R utime 1093 stime 1 cutime 0 cstime 0 CPU usage 98)
	CPU temperature (celsius): socket 0: 67 socket 1: 73[0m
EAR[514408](hratio_l30) at 2.60/1.47 in tcn361 MR[0] elapsed 7746 sec.: [32mLoop time: 1.108s DC Power: [35m509.1W[32m DRAM power: 0.00W PCK power: 419.05W
	avg. CPUFreq: 2.57GHz avg. IMCFreq: 1.47GHz
	CPI: 0.414 VPI: 0.00, Mem. bwidth: 0.10GB/s GFLOPS: 0.00 I/O: 0.01MB/s No MPI  
	TPI 0.02 Cache miss rates: L1 1.24GB/s L2 0.00GB/s L3 0.00GB/s
	Total MPI calls 3
	IO DATA: rchar 4611 wchar 8843 syscr 51 syscw 27 read_bytes 0 write_bytes 299008
	Process OS info: (pid 514408 state R utime 1087 stime 1 cutime 0 cstime 0 CPU usage 98)
	CPU temperature (celsius): socket 0: 67 socket 1: 73[0m
EAR[514408](hratio_l30) at 2.60/1.47 in tcn361 MR[0] elapsed 7757 sec.: [32mLoop time: 1.108s DC Power: [35m509.6W[32m DRAM power: 0.00W PCK power: 418.86W
	avg. CPUFreq: 2.57GHz avg. IMCFreq: 1.47GHz
	CPI: 0.414 VPI: 0.00, Mem. bwidth: 0.11GB/s GFLOPS: 0.00 I/O: 0.01MB/s No MPI  
	TPI 0.02 Cache miss rates: L1 1.31GB/s L2 0.00GB/s L3 0.00GB/s
	Total MPI calls 3
	IO DATA: rchar 4611 wchar 8843 syscr 51 syscw 27 read_bytes 0 write_bytes 364544
	Process OS info: (pid 514408 state R utime 1093 stime 0 cutime 0 cstime 0 CPU usage 98)
	CPU temperature (celsius): socket 0: 67 socket 1: 73[0m
EAR[514408](hratio_l30) at 2.60/1.47 in tcn361 MR[0] elapsed 7768 sec.: [32mLoop time: 1.108s DC Power: [35m509.9W[32m DRAM power: 0.00W PCK power: 419.53W
	avg. CPUFreq: 2.57GHz avg. IMCFreq: 1.47GHz
	CPI: 0.412 VPI: 0.00, Mem. bwidth: 0.16GB/s GFLOPS: 0.00 I/O: 0.01MB/s No MPI  
	TPI 0.02 Cache miss rates: L1 1.23GB/s L2 0.00GB/s L3 0.00GB/s
	Total MPI calls 3
	IO DATA: rchar 4611 wchar 8843 syscr 51 syscw 27 read_bytes 0 write_bytes 294912
	Process OS info: (pid 514408 state R utime 1087 stime 1 cutime 0 cstime 0 CPU usage 98)
	CPU temperature (celsius): socket 0: 67 socket 1: 74[0m
EAR[514408](hratio_l30) at 2.60/1.47 in tcn361 MR[0] elapsed 7779 sec.: [32mLoop time: 1.113s DC Power: [35m507.6W[32m DRAM power: 0.00W PCK power: 419.59W
	avg. CPUFreq: 2.57GHz avg. IMCFreq: 1.47GHz
	CPI: 0.412 VPI: 0.00, Mem. bwidth: 0.13GB/s GFLOPS: 0.00 I/O: 0.01MB/s No MPI  
	TPI 0.02 Cache miss rates: L1 1.24GB/s L2 0.00GB/s L3 0.00GB/s
	Total MPI calls 3
	IO DATA: rchar 4611 wchar 8843 syscr 51 syscw 27 read_bytes 0 write_bytes 397312
	Process OS info: (pid 514408 state R utime 1092 stime 1 cutime 0 cstime 0 CPU usage 98)
	CPU temperature (celsius): socket 0: 67 socket 1: 73[0m
EAR[514408](hratio_l30) at 2.60/1.47 in tcn361 MR[0] elapsed 7791 sec.: [32mLoop time: 1.108s DC Power: [35m407.8W[32m DRAM power: 0.00W PCK power: 419.58W
	avg. CPUFreq: 2.57GHz avg. IMCFreq: 1.47GHz
	CPI: 0.412 VPI: 0.00, Mem. bwidth: 0.12GB/s GFLOPS: 0.00 I/O: 0.01MB/s No MPI  
	TPI 0.02 Cache miss rates: L1 1.22GB/s L2 0.00GB/s L3 0.00GB/s
	Total MPI calls 3
	IO DATA: rchar 4611 wchar 8843 syscr 51 syscw 27 read_bytes 0 write_bytes 294912
	Process OS info: (pid 514408 state R utime 1092 stime 1 cutime 0 cstime 0 CPU usage 98)
	CPU temperature (celsius): socket 0: 67 socket 1: 73[0m
EAR[514408](hratio_l30) at 2.60/1.47 in tcn361 MR[0] elapsed 7802 sec.: [32mLoop time: 1.108s DC Power: [35m509.2W[32m DRAM power: 0.00W PCK power: 419.68W
	avg. CPUFreq: 2.57GHz avg. IMCFreq: 1.47GHz
	CPI: 0.412 VPI: 0.00, Mem. bwidth: 0.14GB/s GFLOPS: 0.00 I/O: 0.01MB/s No MPI  
	TPI 0.02 Cache miss rates: L1 1.22GB/s L2 0.00GB/s L3 0.00GB/s
	Total MPI calls 3
	IO DATA: rchar 4611 wchar 8843 syscr 51 syscw 27 read_bytes 0 write_bytes 299008
	Process OS info: (pid 514408 state R utime 1091 stime 0 cutime 0 cstime 0 CPU usage 98)
	CPU temperature (celsius): socket 0: 67 socket 1: 73[0m
EAR[514408](hratio_l30) at 2.60/1.47 in tcn361 MR[0] elapsed 7813 sec.: [32mLoop time: 1.108s DC Power: [35m508.9W[32m DRAM power: 0.00W PCK power: 419.53W
	avg. CPUFreq: 2.57GHz avg. IMCFreq: 1.47GHz
	CPI: 0.412 VPI: 0.00, Mem. bwidth: 0.12GB/s GFLOPS: 0.00 I/O: 0.01MB/s No MPI  
	TPI 0.02 Cache miss rates: L1 1.23GB/s L2 0.00GB/s L3 0.00GB/s
	Total MPI calls 3
	IO DATA: rchar 4611 wchar 8843 syscr 51 syscw 27 read_bytes 0 write_bytes 299008
	Process OS info: (pid 514408 state R utime 1090 stime 1 cutime 0 cstime 0 CPU usage 98)
	CPU temperature (celsius): socket 0: 67 socket 1: 73[0m
EAR[514408](hratio_l30) at 2.60/1.47 in tcn361 MR[0] elapsed 7824 sec.: [32mLoop time: 1.107s DC Power: [35m509.3W[32m DRAM power: 0.00W PCK power: 419.78W
	avg. CPUFreq: 2.57GHz avg. IMCFreq: 1.47GHz
	CPI: 0.411 VPI: 0.00, Mem. bwidth: 0.14GB/s GFLOPS: 0.00 I/O: 0.01MB/s No MPI  
	TPI 0.02 Cache miss rates: L1 1.23GB/s L2 0.00GB/s L3 0.00GB/s
	Total MPI calls 3
	IO DATA: rchar 4611 wchar 8843 syscr 51 syscw 27 read_bytes 0 write_bytes 434176
	Process OS info: (pid 514408 state R utime 1091 stime 1 cutime 0 cstime 0 CPU usage 98)
	CPU temperature (celsius): socket 0: 67 socket 1: 73[0m
EAR[514408](hratio_l30) at 2.60/1.47 in tcn361 MR[0] elapsed 7835 sec.: [32mLoop time: 1.108s DC Power: [35m458.3W[32m DRAM power: 0.00W PCK power: 419.86W
	avg. CPUFreq: 2.57GHz avg. IMCFreq: 1.47GHz
	CPI: 0.411 VPI: 0.00, Mem. bwidth: 0.13GB/s GFLOPS: 0.00 I/O: 0.01MB/s No MPI  
	TPI 0.02 Cache miss rates: L1 1.22GB/s L2 0.00GB/s L3 0.00GB/s
	Total MPI calls 3
	IO DATA: rchar 4611 wchar 8843 syscr 51 syscw 27 read_bytes 0 write_bytes 294912
	Process OS info: (pid 514408 state R utime 1085 stime 0 cutime 0 cstime 0 CPU usage 97)
	CPU temperature (celsius): socket 0: 67 socket 1: 73[0m
EAR[514408](hratio_l30) at 2.60/1.47 in tcn361 MR[0] elapsed 7846 sec.: [32mLoop time: 1.108s DC Power: [35m509.0W[32m DRAM power: 0.00W PCK power: 419.86W
	avg. CPUFreq: 2.57GHz avg. IMCFreq: 1.47GHz
	CPI: 0.411 VPI: 0.00, Mem. bwidth: 0.12GB/s GFLOPS: 0.00 I/O: 0.01MB/s No MPI  
	TPI 0.02 Cache miss rates: L1 1.22GB/s L2 0.00GB/s L3 0.00GB/s
	Total MPI calls 3
	IO DATA: rchar 4611 wchar 8843 syscr 51 syscw 27 read_bytes 0 write_bytes 303104
	Process OS info: (pid 514408 state R utime 1092 stime 1 cutime 0 cstime 0 CPU usage 98)
	CPU temperature (celsius): socket 0: 67 socket 1: 73[0m
EAR[514408](hratio_l30) at 2.60/1.47 in tcn361 MR[0] elapsed 7857 sec.: [32mLoop time: 1.108s DC Power: [35m509.4W[32m DRAM power: 0.00W PCK power: 420.12W
	avg. CPUFreq: 2.57GHz avg. IMCFreq: 1.47GHz
	CPI: 0.411 VPI: 0.00, Mem. bwidth: 0.17GB/s GFLOPS: 0.00 I/O: 0.01MB/s No MPI  
	TPI 0.02 Cache miss rates: L1 1.21GB/s L2 0.00GB/s L3 0.00GB/s
	Total MPI calls 3
	IO DATA: rchar 4611 wchar 8843 syscr 51 syscw 27 read_bytes 0 write_bytes 303104
	Process OS info: (pid 514408 state R utime 1092 stime 1 cutime 0 cstime 0 CPU usage 98)
	CPU temperature (celsius): socket 0: 67 socket 1: 73[0m
EAR[514408](hratio_l30) at 2.60/1.47 in tcn361 MR[0] elapsed 7868 sec.: [32mLoop time: 1.108s DC Power: [35m510.1W[32m DRAM power: 0.00W PCK power: 420.30W
	avg. CPUFreq: 2.57GHz avg. IMCFreq: 1.47GHz
	CPI: 0.410 VPI: 0.00, Mem. bwidth: 0.12GB/s GFLOPS: 0.00 I/O: 0.01MB/s No MPI  
	TPI 0.02 Cache miss rates: L1 1.23GB/s L2 0.00GB/s L3 0.00GB/s
	Total MPI calls 3
	IO DATA: rchar 4611 wchar 8843 syscr 51 syscw 27 read_bytes 0 write_bytes 303104
	Process OS info: (pid 514408 state R utime 1092 stime 0 cutime 0 cstime 0 CPU usage 98)
	CPU temperature (celsius): socket 0: 67 socket 1: 73[0m
EAR[514408](hratio_l30) at 2.60/1.47 in tcn361 MR[0] elapsed 7879 sec.: [32mLoop time: 1.108s DC Power: [35m459.0W[32m DRAM power: 0.00W PCK power: 420.30W
	avg. CPUFreq: 2.57GHz avg. IMCFreq: 1.47GHz
	CPI: 0.410 VPI: 0.00, Mem. bwidth: 0.12GB/s GFLOPS: 0.00 I/O: 0.01MB/s No MPI  
	TPI 0.02 Cache miss rates: L1 1.22GB/s L2 0.00GB/s L3 0.00GB/s
	Total MPI calls 3
	IO DATA: rchar 4611 wchar 8843 syscr 51 syscw 27 read_bytes 0 write_bytes 323584
	Process OS info: (pid 514408 state R utime 1093 stime 1 cutime 0 cstime 0 CPU usage 98)
	CPU temperature (celsius): socket 0: 67 socket 1: 73[0m
EAR[514408](hratio_l30) at 2.60/1.47 in tcn361 MR[0] elapsed 7890 sec.: [32mLoop time: 1.108s DC Power: [35m510.1W[32m DRAM power: 0.00W PCK power: 420.44W
	avg. CPUFreq: 2.57GHz avg. IMCFreq: 1.47GHz
	CPI: 0.410 VPI: 0.00, Mem. bwidth: 0.15GB/s GFLOPS: 0.00 I/O: 0.01MB/s No MPI  
	TPI 0.02 Cache miss rates: L1 1.34GB/s L2 0.00GB/s L3 0.00GB/s
	Total MPI calls 3
	IO DATA: rchar 4611 wchar 8843 syscr 51 syscw 27 read_bytes 0 write_bytes 294912
	Process OS info: (pid 514408 state R utime 1086 stime 1 cutime 0 cstime 0 CPU usage 98)
	CPU temperature (celsius): socket 0: 67 socket 1: 74[0m
EAR[514408](hratio_l30) at 2.60/1.47 in tcn361 MR[0] elapsed 7901 sec.: [32mLoop time: 1.107s DC Power: [35m510.2W[32m DRAM power: 0.00W PCK power: 420.50W
	avg. CPUFreq: 2.57GHz avg. IMCFreq: 1.47GHz
	CPI: 0.409 VPI: 0.00, Mem. bwidth: 0.13GB/s GFLOPS: 0.00 I/O: 0.01MB/s No MPI  
	TPI 0.02 Cache miss rates: L1 1.37GB/s L2 0.00GB/s L3 0.00GB/s
	Total MPI calls 3
	IO DATA: rchar 4611 wchar 8843 syscr 51 syscw 27 read_bytes 0 write_bytes 294912
	Process OS info: (pid 514408 state R utime 1093 stime 0 cutime 0 cstime 0 CPU usage 98)
	CPU temperature (celsius): socket 0: 67 socket 1: 73[0m
EAR[514408](hratio_l30) at 2.60/1.47 in tcn361 MR[0] elapsed 7912 sec.: [32mLoop time: 1.108s DC Power: [35m510.4W[32m DRAM power: 0.00W PCK power: 420.94W
	avg. CPUFreq: 2.57GHz avg. IMCFreq: 1.47GHz
	CPI: 0.409 VPI: 0.00, Mem. bwidth: 0.15GB/s GFLOPS: 0.00 I/O: 0.01MB/s No MPI  
	TPI 0.02 Cache miss rates: L1 1.28GB/s L2 0.00GB/s L3 0.00GB/s
	Total MPI calls 3
	IO DATA: rchar 4611 wchar 8843 syscr 51 syscw 27 read_bytes 0 write_bytes 294912
	Process OS info: (pid 514408 state R utime 1092 stime 1 cutime 0 cstime 0 CPU usage 98)
	CPU temperature (celsius): socket 0: 67 socket 1: 74[0m
EAR[514408](hratio_l30) at 2.60/1.47 in tcn361 MR[0] elapsed 7924 sec.: [32mLoop time: 1.107s DC Power: [35m460.0W[32m DRAM power: 0.00W PCK power: 420.91W
	avg. CPUFreq: 2.57GHz avg. IMCFreq: 1.47GHz
	CPI: 0.409 VPI: 0.00, Mem. bwidth: 0.12GB/s GFLOPS: 0.00 I/O: 0.01MB/s No MPI  
	TPI 0.02 Cache miss rates: L1 1.29GB/s L2 0.00GB/s L3 0.00GB/s
	Total MPI calls 3
	IO DATA: rchar 4611 wchar 8843 syscr 51 syscw 27 read_bytes 0 write_bytes 294912
	Process OS info: (pid 514408 state R utime 1087 stime 0 cutime 0 cstime 0 CPU usage 98)
	CPU temperature (celsius): socket 0: 67 socket 1: 74[0m
EAR[514408](hratio_l30) at 2.60/1.47 in tcn361 MR[0] elapsed 7935 sec.: [32mLoop time: 1.108s DC Power: [35m511.7W[32m DRAM power: 0.00W PCK power: 420.91W
	avg. CPUFreq: 2.57GHz avg. IMCFreq: 1.47GHz
	CPI: 0.409 VPI: 0.00, Mem. bwidth: 0.12GB/s GFLOPS: 0.00 I/O: 0.01MB/s No MPI  
	TPI 0.02 Cache miss rates: L1 1.30GB/s L2 0.00GB/s L3 0.00GB/s
	Total MPI calls 3
	IO DATA: rchar 4611 wchar 8843 syscr 51 syscw 27 read_bytes 0 write_bytes 303104
	Process OS info: (pid 514408 state R utime 1092 stime 1 cutime 0 cstime 0 CPU usage 98)
	CPU temperature (celsius): socket 0: 67 socket 1: 74[0m
EAR[514408](hratio_l30) at 2.60/1.47 in tcn361 MR[0] elapsed 7946 sec.: [32mLoop time: 1.107s DC Power: [35m512.1W[32m DRAM power: 0.00W PCK power: 421.54W
	avg. CPUFreq: 2.57GHz avg. IMCFreq: 1.47GHz
	CPI: 0.407 VPI: 0.00, Mem. bwidth: 0.14GB/s GFLOPS: 0.00 I/O: 0.01MB/s No MPI  
	TPI 0.02 Cache miss rates: L1 1.29GB/s L2 0.00GB/s L3 0.00GB/s
	Total MPI calls 3
	IO DATA: rchar 4611 wchar 8843 syscr 51 syscw 27 read_bytes 0 write_bytes 294912
	Process OS info: (pid 514408 state R utime 1092 stime 1 cutime 0 cstime 0 CPU usage 98)
	CPU temperature (celsius): socket 0: 67 socket 1: 73[0m
EAR[514408](hratio_l30) at 2.60/1.47 in tcn361 MR[0] elapsed 7957 sec.: [32mLoop time: 1.108s DC Power: [35m511.8W[32m DRAM power: 0.00W PCK power: 421.67W
	avg. CPUFreq: 2.57GHz avg. IMCFreq: 1.47GHz
	CPI: 0.407 VPI: 0.00, Mem. bwidth: 0.12GB/s GFLOPS: 0.00 I/O: 0.01MB/s No MPI  
	TPI 0.02 Cache miss rates: L1 1.30GB/s L2 0.00GB/s L3 0.00GB/s
	Total MPI calls 3
	IO DATA: rchar 4611 wchar 8843 syscr 51 syscw 27 read_bytes 0 write_bytes 294912
	Process OS info: (pid 514408 state R utime 1087 stime 1 cutime 0 cstime 0 CPU usage 98)
	CPU temperature (celsius): socket 0: 67 socket 1: 74[0m
EAR[514408](hratio_l30) at 2.60/1.47 in tcn361 MR[0] elapsed 7968 sec.: [32mLoop time: 1.108s DC Power: [35m408.8W[32m DRAM power: 0.00W PCK power: 421.68W
	avg. CPUFreq: 2.57GHz avg. IMCFreq: 1.47GHz
	CPI: 0.406 VPI: 0.00, Mem. bwidth: 0.13GB/s GFLOPS: 0.00 I/O: 0.01MB/s No MPI  
	TPI 0.02 Cache miss rates: L1 1.30GB/s L2 0.00GB/s L3 0.00GB/s
	Total MPI calls 3
	IO DATA: rchar 4611 wchar 8843 syscr 51 syscw 27 read_bytes 0 write_bytes 294912
	Process OS info: (pid 514408 state R utime 1092 stime 0 cutime 0 cstime 0 CPU usage 98)
	CPU temperature (celsius): socket 0: 67 socket 1: 74[0m
EAR[514408](hratio_l30) at 2.60/1.47 in tcn361 MR[0] elapsed 7979 sec.: [32mLoop time: 1.108s DC Power: [35m510.9W[32m DRAM power: 0.00W PCK power: 421.84W
	avg. CPUFreq: 2.57GHz avg. IMCFreq: 1.47GHz
	CPI: 0.407 VPI: 0.00, Mem. bwidth: 0.13GB/s GFLOPS: 0.00 I/O: 0.01MB/s No MPI  
	TPI 0.02 Cache miss rates: L1 1.32GB/s L2 0.00GB/s L3 0.00GB/s
	Total MPI calls 3
	IO DATA: rchar 4611 wchar 8843 syscr 51 syscw 27 read_bytes 0 write_bytes 294912
	Process OS info: (pid 514408 state R utime 1087 stime 1 cutime 0 cstime 0 CPU usage 98)
	CPU temperature (celsius): socket 0: 67 socket 1: 74[0m
EAR[514408](hratio_l30) at 2.60/1.47 in tcn361 MR[0] elapsed 7990 sec.: [32mLoop time: 1.107s DC Power: [35m511.1W[32m DRAM power: 0.00W PCK power: 421.93W
	avg. CPUFreq: 2.57GHz avg. IMCFreq: 1.47GHz
	CPI: 0.406 VPI: 0.00, Mem. bwidth: 0.11GB/s GFLOPS: 0.00 I/O: 0.01MB/s No MPI  
	TPI 0.02 Cache miss rates: L1 1.31GB/s L2 0.00GB/s L3 0.00GB/s
	Total MPI calls 3
	IO DATA: rchar 4611 wchar 8843 syscr 51 syscw 27 read_bytes 0 write_bytes 303104
	Process OS info: (pid 514408 state R utime 1092 stime 1 cutime 0 cstime 0 CPU usage 98)
	CPU temperature (celsius): socket 0: 67 socket 1: 74[0m
EAR[514408](hratio_l30) at 2.60/1.47 in tcn361 MR[0] elapsed 8001 sec.: [32mLoop time: 1.108s DC Power: [35m511.6W[32m DRAM power: 0.00W PCK power: 422.17W
	avg. CPUFreq: 2.57GHz avg. IMCFreq: 1.47GHz
	CPI: 0.406 VPI: 0.00, Mem. bwidth: 0.13GB/s GFLOPS: 0.00 I/O: 0.01MB/s No MPI  
	TPI 0.02 Cache miss rates: L1 1.31GB/s L2 0.00GB/s L3 0.00GB/s
	Total MPI calls 3
	IO DATA: rchar 4611 wchar 8843 syscr 51 syscw 27 read_bytes 0 write_bytes 299008
	Process OS info: (pid 514408 state R utime 1092 stime 0 cutime 0 cstime 0 CPU usage 98)
	CPU temperature (celsius): socket 0: 67 socket 1: 74[0m
EAR[514408](hratio_l30) at 2.60/1.47 in tcn361 MR[0] elapsed 8012 sec.: [32mLoop time: 1.107s DC Power: [35m460.9W[32m DRAM power: 0.00W PCK power: 422.11W
	avg. CPUFreq: 2.57GHz avg. IMCFreq: 1.47GHz
	CPI: 0.405 VPI: 0.00, Mem. bwidth: 0.13GB/s GFLOPS: 0.00 I/O: 0.01MB/s No MPI  
	TPI 0.02 Cache miss rates: L1 1.32GB/s L2 0.00GB/s L3 0.00GB/s
	Total MPI calls 3
	IO DATA: rchar 4611 wchar 8843 syscr 51 syscw 27 read_bytes 0 write_bytes 294912
	Process OS info: (pid 514408 state R utime 1086 stime 1 cutime 0 cstime 0 CPU usage 98)
	CPU temperature (celsius): socket 0: 67 socket 1: 74[0m
EAR[514408](hratio_l30) at 2.60/1.47 in tcn361 MR[0] elapsed 8023 sec.: [32mLoop time: 1.108s DC Power: [35m511.9W[32m DRAM power: 0.00W PCK power: 422.45W
	avg. CPUFreq: 2.57GHz avg. IMCFreq: 1.47GHz
	CPI: 0.405 VPI: 0.00, Mem. bwidth: 0.11GB/s GFLOPS: 0.00 I/O: 0.01MB/s No MPI  
	TPI 0.02 Cache miss rates: L1 1.31GB/s L2 0.00GB/s L3 0.00GB/s
	Total MPI calls 3
	IO DATA: rchar 4611 wchar 8843 syscr 51 syscw 27 read_bytes 0 write_bytes 294912
	Process OS info: (pid 514408 state R utime 1093 stime 1 cutime 0 cstime 0 CPU usage 98)
	CPU temperature (celsius): socket 0: 67 socket 1: 73[0m
EAR[514408](hratio_l30) at 2.60/1.47 in tcn361 MR[0] elapsed 8034 sec.: [32mLoop time: 1.108s DC Power: [35m460.6W[32m DRAM power: 0.00W PCK power: 422.60W
	avg. CPUFreq: 2.57GHz avg. IMCFreq: 1.47GHz
	CPI: 0.405 VPI: 0.00, Mem. bwidth: 0.14GB/s GFLOPS: 0.00 I/O: 0.01MB/s No MPI  
	TPI 0.02 Cache miss rates: L1 1.34GB/s L2 0.00GB/s L3 0.00GB/s
	Total MPI calls 3
	IO DATA: rchar 4611 wchar 8843 syscr 51 syscw 27 read_bytes 0 write_bytes 311296
	Process OS info: (pid 514408 state R utime 1093 stime 0 cutime 0 cstime 0 CPU usage 98)
	CPU temperature (celsius): socket 0: 67 socket 1: 74[0m
EAR[514408](hratio_l30) at 2.60/1.47 in tcn361 MR[0] elapsed 8045 sec.: [32mLoop time: 1.107s DC Power: [35m512.2W[32m DRAM power: 0.00W PCK power: 422.53W
	avg. CPUFreq: 2.57GHz avg. IMCFreq: 1.47GHz
	CPI: 0.404 VPI: 0.00, Mem. bwidth: 0.11GB/s GFLOPS: 0.00 I/O: 0.01MB/s No MPI  
	TPI 0.02 Cache miss rates: L1 1.37GB/s L2 0.00GB/s L3 0.00GB/s
	Total MPI calls 3
	IO DATA: rchar 4611 wchar 8843 syscr 51 syscw 27 read_bytes 0 write_bytes 294912
	Process OS info: (pid 514408 state R utime 1086 stime 1 cutime 0 cstime 0 CPU usage 98)
	CPU temperature (celsius): socket 0: 67 socket 1: 74[0m
EAR[514408](hratio_l30) at 2.60/1.47 in tcn361 MR[0] elapsed 8056 sec.: [32mLoop time: 1.108s DC Power: [35m460.6W[32m DRAM power: 0.00W PCK power: 422.63W
	avg. CPUFreq: 2.57GHz avg. IMCFreq: 1.47GHz
	CPI: 0.404 VPI: 0.00, Mem. bwidth: 0.13GB/s GFLOPS: 0.00 I/O: 0.01MB/s No MPI  
	TPI 0.02 Cache miss rates: L1 0.89GB/s L2 0.00GB/s L3 0.00GB/s
	Total MPI calls 3
	IO DATA: rchar 4611 wchar 8843 syscr 51 syscw 27 read_bytes 0 write_bytes 299008
	Process OS info: (pid 514408 state R utime 1093 stime 1 cutime 0 cstime 0 CPU usage 98)
	CPU temperature (celsius): socket 0: 67 socket 1: 74[0m
EAR[514408](hratio_l30) at 2.60/1.47 in tcn361 MR[0] elapsed 8067 sec.: [32mLoop time: 1.108s DC Power: [35m511.9W[32m DRAM power: 0.00W PCK power: 422.78W
	avg. CPUFreq: 2.57GHz avg. IMCFreq: 1.47GHz
	CPI: 0.404 VPI: 0.00, Mem. bwidth: 0.15GB/s GFLOPS: 0.00 I/O: 0.01MB/s No MPI  
	TPI 0.02 Cache miss rates: L1 0.80GB/s L2 0.00GB/s L3 0.00GB/s
	Total MPI calls 3
	IO DATA: rchar 4611 wchar 8843 syscr 51 syscw 27 read_bytes 0 write_bytes 294912
	Process OS info: (pid 514408 state R utime 1086 stime 0 cutime 0 cstime 0 CPU usage 98)
	CPU temperature (celsius): socket 0: 67 socket 1: 74[0m
EAR[514408](hratio_l30) at 2.60/1.47 in tcn361 MR[0] elapsed 8079 sec.: [32mLoop time: 1.108s DC Power: [35m511.8W[32m DRAM power: 0.00W PCK power: 422.72W
	avg. CPUFreq: 2.57GHz avg. IMCFreq: 1.47GHz
	CPI: 0.404 VPI: 0.00, Mem. bwidth: 0.12GB/s GFLOPS: 0.00 I/O: 0.01MB/s No MPI  
	TPI 0.02 Cache miss rates: L1 0.82GB/s L2 0.00GB/s L3 0.00GB/s
	Total MPI calls 3
	IO DATA: rchar 4611 wchar 8843 syscr 51 syscw 27 read_bytes 0 write_bytes 294912
	Process OS info: (pid 514408 state R utime 1093 stime 1 cutime 0 cstime 0 CPU usage 98)
	CPU temperature (celsius): socket 0: 67 socket 1: 74[0m
EAR[514408](hratio_l30) at 2.60/1.47 in tcn361 MR[0] elapsed 8090 sec.: [32mLoop time: 1.108s DC Power: [35m512.7W[32m DRAM power: 0.00W PCK power: 422.86W
	avg. CPUFreq: 2.57GHz avg. IMCFreq: 1.47GHz
	CPI: 0.403 VPI: 0.00, Mem. bwidth: 0.12GB/s GFLOPS: 0.00 I/O: 0.01MB/s No MPI  
	TPI 0.02 Cache miss rates: L1 0.80GB/s L2 0.00GB/s L3 0.00GB/s
	Total MPI calls 3
	IO DATA: rchar 4611 wchar 8843 syscr 51 syscw 27 read_bytes 0 write_bytes 294912
	Process OS info: (pid 514408 state R utime 1093 stime 0 cutime 0 cstime 0 CPU usage 98)
	CPU temperature (celsius): socket 0: 67 socket 1: 74[0m
EAR[514408](hratio_l30) at 2.60/1.47 in tcn361 MR[0] elapsed 8101 sec.: [32mLoop time: 1.108s DC Power: [35m462.0W[32m DRAM power: 0.00W PCK power: 423.26W
	avg. CPUFreq: 2.57GHz avg. IMCFreq: 1.47GHz
	CPI: 0.403 VPI: 0.00, Mem. bwidth: 0.18GB/s GFLOPS: 0.00 I/O: 0.01MB/s No MPI  
	TPI 0.03 Cache miss rates: L1 0.83GB/s L2 0.00GB/s L3 0.00GB/s
	Total MPI calls 3
	IO DATA: rchar 4611 wchar 8843 syscr 51 syscw 27 read_bytes 0 write_bytes 303104
	Process OS info: (pid 514408 state R utime 1086 stime 2 cutime 0 cstime 0 CPU usage 98)
	CPU temperature (celsius): socket 0: 67 socket 1: 74[0m
EAR[514408](hratio_l30) at 2.60/1.47 in tcn361 MR[0] elapsed 8112 sec.: [32mLoop time: 1.108s DC Power: [35m513.6W[32m DRAM power: 0.00W PCK power: 423.21W
	avg. CPUFreq: 2.57GHz avg. IMCFreq: 1.47GHz
	CPI: 0.403 VPI: 0.00, Mem. bwidth: 0.10GB/s GFLOPS: 0.00 I/O: 0.01MB/s No MPI  
	TPI 0.02 Cache miss rates: L1 0.81GB/s L2 0.00GB/s L3 0.00GB/s
	Total MPI calls 3
	IO DATA: rchar 4611 wchar 8843 syscr 51 syscw 27 read_bytes 0 write_bytes 303104
	Process OS info: (pid 514408 state R utime 1093 stime 0 cutime 0 cstime 0 CPU usage 98)
	CPU temperature (celsius): socket 0: 67 socket 1: 74[0m
EAR[514408](hratio_l30) at 2.60/1.47 in tcn361 MR[0] elapsed 8123 sec.: [32mLoop time: 1.108s DC Power: [35m513.7W[32m DRAM power: 0.00W PCK power: 423.18W
	avg. CPUFreq: 2.57GHz avg. IMCFreq: 1.47GHz
	CPI: 0.403 VPI: 0.00, Mem. bwidth: 0.13GB/s GFLOPS: 0.00 I/O: 0.01MB/s No MPI  
	TPI 0.02 Cache miss rates: L1 0.82GB/s L2 0.00GB/s L3 0.00GB/s
	Total MPI calls 3
	IO DATA: rchar 4611 wchar 8843 syscr 51 syscw 27 read_bytes 0 write_bytes 299008
	Process OS info: (pid 514408 state R utime 1093 stime 1 cutime 0 cstime 0 CPU usage 98)
	CPU temperature (celsius): socket 0: 67 socket 1: 74[0m
EAR[514408](hratio_l30) at 2.60/1.47 in tcn361 MR[0] elapsed 8134 sec.: [32mLoop time: 1.109s DC Power: [35m512.5W[32m DRAM power: 0.00W PCK power: 423.13W
	avg. CPUFreq: 2.57GHz avg. IMCFreq: 1.47GHz
	CPI: 0.403 VPI: 0.00, Mem. bwidth: 0.12GB/s GFLOPS: 0.00 I/O: 0.01MB/s No MPI  
	TPI 0.02 Cache miss rates: L1 0.83GB/s L2 0.00GB/s L3 0.00GB/s
	Total MPI calls 3
	IO DATA: rchar 4611 wchar 8843 syscr 51 syscw 27 read_bytes 0 write_bytes 294912
	Process OS info: (pid 514408 state R utime 1088 stime 1 cutime 0 cstime 0 CPU usage 98)
	CPU temperature (celsius): socket 0: 67 socket 1: 74[0m
EAR[514408](hratio_l30) at 2.60/1.47 in tcn361 MR[0] elapsed 8145 sec.: [32mLoop time: 1.107s DC Power: [35m461.6W[32m DRAM power: 0.00W PCK power: 423.29W
	avg. CPUFreq: 2.57GHz avg. IMCFreq: 1.47GHz
	CPI: 0.402 VPI: 0.00, Mem. bwidth: 0.13GB/s GFLOPS: 0.00 I/O: 0.01MB/s No MPI  
	TPI 0.02 Cache miss rates: L1 0.81GB/s L2 0.00GB/s L3 0.00GB/s
	Total MPI calls 3
	IO DATA: rchar 4611 wchar 8843 syscr 51 syscw 27 read_bytes 0 write_bytes 299008
	Process OS info: (pid 514408 state R utime 1093 stime 0 cutime 0 cstime 0 CPU usage 98)
	CPU temperature (celsius): socket 0: 67 socket 1: 74[0m
EAR[514408](hratio_l30) at 2.60/1.47 in tcn361 MR[0] elapsed 8156 sec.: [32mLoop time: 1.108s DC Power: [35m461.5W[32m DRAM power: 0.00W PCK power: 423.60W
	avg. CPUFreq: 2.57GHz avg. IMCFreq: 1.47GHz
	CPI: 0.402 VPI: 0.00, Mem. bwidth: 0.14GB/s GFLOPS: 0.00 I/O: 0.01MB/s No MPI  
	TPI 0.02 Cache miss rates: L1 0.82GB/s L2 0.00GB/s L3 0.00GB/s
	Total MPI calls 3
	IO DATA: rchar 4611 wchar 8843 syscr 51 syscw 27 read_bytes 0 write_bytes 303104
	Process OS info: (pid 514408 state R utime 1086 stime 1 cutime 0 cstime 0 CPU usage 98)
	CPU temperature (celsius): socket 0: 67 socket 1: 74[0m
EAR[514408](hratio_l30) at 2.60/1.47 in tcn361 MR[0] elapsed 8167 sec.: [32mLoop time: 1.108s DC Power: [35m512.6W[32m DRAM power: 0.00W PCK power: 423.46W
	avg. CPUFreq: 2.57GHz avg. IMCFreq: 1.47GHz
	CPI: 0.402 VPI: 0.00, Mem. bwidth: 0.10GB/s GFLOPS: 0.00 I/O: 0.01MB/s No MPI  
	TPI 0.02 Cache miss rates: L1 0.80GB/s L2 0.00GB/s L3 0.00GB/s
	Total MPI calls 3
	IO DATA: rchar 4611 wchar 8843 syscr 51 syscw 27 read_bytes 0 write_bytes 319488
	Process OS info: (pid 514408 state R utime 1093 stime 1 cutime 0 cstime 0 CPU usage 98)
	CPU temperature (celsius): socket 0: 67 socket 1: 74[0m
EAR[514408](hratio_l30) at 2.60/1.47 in tcn361 MR[0] elapsed 8178 sec.: [32mLoop time: 1.108s DC Power: [35m512.7W[32m DRAM power: 0.00W PCK power: 423.37W
	avg. CPUFreq: 2.57GHz avg. IMCFreq: 1.47GHz
	CPI: 0.402 VPI: 0.00, Mem. bwidth: 0.11GB/s GFLOPS: 0.00 I/O: 0.01MB/s No MPI  
	TPI 0.02 Cache miss rates: L1 0.82GB/s L2 0.00GB/s L3 0.00GB/s
	Total MPI calls 3
	IO DATA: rchar 4611 wchar 8843 syscr 51 syscw 27 read_bytes 0 write_bytes 299008
	Process OS info: (pid 514408 state R utime 1092 stime 1 cutime 0 cstime 0 CPU usage 98)
	CPU temperature (celsius): socket 0: 67 socket 1: 73[0m
EAR[514408](hratio_l30) at 2.60/1.47 in tcn361 MR[0] elapsed 8189 sec.: [32mLoop time: 1.107s DC Power: [35m461.7W[32m DRAM power: 0.00W PCK power: 423.45W
	avg. CPUFreq: 2.57GHz avg. IMCFreq: 1.47GHz
	CPI: 0.402 VPI: 0.00, Mem. bwidth: 0.14GB/s GFLOPS: 0.00 I/O: 0.01MB/s No MPI  
	TPI 0.02 Cache miss rates: L1 0.87GB/s L2 0.00GB/s L3 0.00GB/s
	Total MPI calls 3
	IO DATA: rchar 4611 wchar 8843 syscr 51 syscw 27 read_bytes 0 write_bytes 294912
	Process OS info: (pid 514408 state R utime 1087 stime 0 cutime 0 cstime 0 CPU usage 98)
	CPU temperature (celsius): socket 0: 67 socket 1: 74[0m
EAR[514408](hratio_l30) at 2.60/1.47 in tcn361 MR[0] elapsed 8200 sec.: [32mLoop time: 1.109s DC Power: [35m512.4W[32m DRAM power: 0.00W PCK power: 423.33W
	avg. CPUFreq: 2.57GHz avg. IMCFreq: 1.47GHz
	CPI: 0.402 VPI: 0.00, Mem. bwidth: 0.12GB/s GFLOPS: 0.00 I/O: 0.01MB/s No MPI  
	TPI 0.02 Cache miss rates: L1 0.81GB/s L2 0.00GB/s L3 0.00GB/s
	Total MPI calls 3
	IO DATA: rchar 4611 wchar 8843 syscr 51 syscw 27 read_bytes 0 write_bytes 438272
	Process OS info: (pid 514408 state R utime 1093 stime 1 cutime 0 cstime 0 CPU usage 98)
	CPU temperature (celsius): socket 0: 67 socket 1: 74[0m
EAR[514408](hratio_l30) at 2.60/1.47 in tcn361 MR[0] elapsed 8212 sec.: [32mLoop time: 1.107s DC Power: [35m461.6W[32m DRAM power: 0.00W PCK power: 423.61W
	avg. CPUFreq: 2.57GHz avg. IMCFreq: 1.47GHz
	CPI: 0.402 VPI: 0.00, Mem. bwidth: 0.13GB/s GFLOPS: 0.00 I/O: 0.01MB/s No MPI  
	TPI 0.02 Cache miss rates: L1 0.81GB/s L2 0.00GB/s L3 0.00GB/s
	Total MPI calls 3
	IO DATA: rchar 4611 wchar 8843 syscr 51 syscw 27 read_bytes 0 write_bytes 294912
	Process OS info: (pid 514408 state R utime 1093 stime 1 cutime 0 cstime 0 CPU usage 98)
	CPU temperature (celsius): socket 0: 67 socket 1: 74[0m
EAR[514408](hratio_l30) at 2.60/1.47 in tcn361 MR[0] elapsed 8223 sec.: [32mLoop time: 1.108s DC Power: [35m512.7W[32m DRAM power: 0.00W PCK power: 423.47W
	avg. CPUFreq: 2.57GHz avg. IMCFreq: 1.47GHz
	CPI: 0.402 VPI: 0.00, Mem. bwidth: 0.11GB/s GFLOPS: 0.00 I/O: 0.01MB/s No MPI  
	TPI 0.02 Cache miss rates: L1 0.81GB/s L2 0.00GB/s L3 0.00GB/s
	Total MPI calls 3
	IO DATA: rchar 4611 wchar 8843 syscr 51 syscw 27 read_bytes 0 write_bytes 294912
	Process OS info: (pid 514408 state R utime 1093 stime 1 cutime 0 cstime 0 CPU usage 98)
	CPU temperature (celsius): socket 0: 67 socket 1: 74[0m
EAR[514408](hratio_l30) at 2.60/1.47 in tcn361 MR[0] elapsed 8234 sec.: [32mLoop time: 1.108s DC Power: [35m461.3W[32m DRAM power: 0.00W PCK power: 423.54W
	avg. CPUFreq: 2.57GHz avg. IMCFreq: 1.47GHz
	CPI: 0.402 VPI: 0.00, Mem. bwidth: 0.12GB/s GFLOPS: 0.00 I/O: 0.01MB/s No MPI  
	TPI 0.02 Cache miss rates: L1 0.82GB/s L2 0.00GB/s L3 0.00GB/s
	Total MPI calls 3
	IO DATA: rchar 4611 wchar 8843 syscr 51 syscw 27 read_bytes 0 write_bytes 335872
	Process OS info: (pid 514408 state R utime 1093 stime 0 cutime 0 cstime 0 CPU usage 98)
	CPU temperature (celsius): socket 0: 67 socket 1: 74[0m
EAR[514408](hratio_l30) at 2.60/1.47 in tcn361 MR[0] elapsed 8245 sec.: [32mLoop time: 1.108s DC Power: [35m512.8W[32m DRAM power: 0.00W PCK power: 423.60W
	avg. CPUFreq: 2.57GHz avg. IMCFreq: 1.47GHz
	CPI: 0.402 VPI: 0.00, Mem. bwidth: 0.14GB/s GFLOPS: 0.00 I/O: 0.01MB/s No MPI  
	TPI 0.02 Cache miss rates: L1 0.82GB/s L2 0.00GB/s L3 0.00GB/s
	Total MPI calls 3
	IO DATA: rchar 4611 wchar 8843 syscr 51 syscw 27 read_bytes 0 write_bytes 299008
	Process OS info: (pid 514408 state R utime 1092 stime 1 cutime 0 cstime 0 CPU usage 98)
	CPU temperature (celsius): socket 0: 67 socket 1: 74[0m
EAR[514408](hratio_l30) at 2.60/1.47 in tcn361 MR[0] elapsed 8256 sec.: [32mLoop time: 1.107s DC Power: [35m512.9W[32m DRAM power: 0.00W PCK power: 423.55W
	avg. CPUFreq: 2.57GHz avg. IMCFreq: 1.47GHz
	CPI: 0.402 VPI: 0.00, Mem. bwidth: 0.11GB/s GFLOPS: 0.00 I/O: 0.01MB/s No MPI  
	TPI 0.02 Cache miss rates: L1 0.80GB/s L2 0.00GB/s L3 0.00GB/s
	Total MPI calls 3
	IO DATA: rchar 4611 wchar 8843 syscr 51 syscw 27 read_bytes 0 write_bytes 294912
	Process OS info: (pid 514408 state R utime 1093 stime 0 cutime 0 cstime 0 CPU usage 98)
	CPU temperature (celsius): socket 0: 67 socket 1: 74[0m
EAR[514408](hratio_l30) at 2.60/1.47 in tcn361 MR[0] elapsed 8267 sec.: [32mLoop time: 1.108s DC Power: [35m462.4W[32m DRAM power: 0.00W PCK power: 423.57W
	avg. CPUFreq: 2.57GHz avg. IMCFreq: 1.47GHz
	CPI: 0.401 VPI: 0.00, Mem. bwidth: 0.11GB/s GFLOPS: 0.00 I/O: 0.01MB/s No MPI  
	TPI 0.02 Cache miss rates: L1 0.81GB/s L2 0.00GB/s L3 0.00GB/s
	Total MPI calls 3
	IO DATA: rchar 4611 wchar 8843 syscr 51 syscw 27 read_bytes 0 write_bytes 294912
	Process OS info: (pid 514408 state R utime 1093 stime 1 cutime 0 cstime 0 CPU usage 98)
	CPU temperature (celsius): socket 0: 67 socket 1: 74[0m
EAR[514408](hratio_l30) at 2.60/1.47 in tcn361 MR[0] elapsed 8278 sec.: [32mLoop time: 1.108s DC Power: [35m462.6W[32m DRAM power: 0.00W PCK power: 423.57W
	avg. CPUFreq: 2.57GHz avg. IMCFreq: 1.47GHz
	CPI: 0.401 VPI: 0.00, Mem. bwidth: 0.14GB/s GFLOPS: 0.00 I/O: 0.01MB/s No MPI  
	TPI 0.02 Cache miss rates: L1 0.81GB/s L2 0.00GB/s L3 0.00GB/s
	Total MPI calls 3
	IO DATA: rchar 4611 wchar 8843 syscr 51 syscw 27 read_bytes 0 write_bytes 303104
	Process OS info: (pid 514408 state R utime 1087 stime 1 cutime 0 cstime 0 CPU usage 98)
	CPU temperature (celsius): socket 0: 67 socket 1: 74[0m
EAR[514408](hratio_l30) at 2.60/1.47 in tcn361 MR[0] elapsed 8289 sec.: [32mLoop time: 1.107s DC Power: [35m514.5W[32m DRAM power: 0.00W PCK power: 423.53W
	avg. CPUFreq: 2.57GHz avg. IMCFreq: 1.47GHz
	CPI: 0.402 VPI: 0.00, Mem. bwidth: 0.10GB/s GFLOPS: 0.00 I/O: 0.01MB/s No MPI  
	TPI 0.01 Cache miss rates: L1 0.83GB/s L2 0.00GB/s L3 0.00GB/s
	Total MPI calls 3
	IO DATA: rchar 4611 wchar 8843 syscr 51 syscw 27 read_bytes 0 write_bytes 303104
	Process OS info: (pid 514408 state R utime 1091 stime 0 cutime 0 cstime 0 CPU usage 98)
	CPU temperature (celsius): socket 0: 67 socket 1: 74[0m
EAR[514408](hratio_l30) at 2.60/1.47 in tcn361 MR[0] elapsed 8300 sec.: [32mLoop time: 1.108s DC Power: [35m513.7W[32m DRAM power: 0.00W PCK power: 423.53W
	avg. CPUFreq: 2.57GHz avg. IMCFreq: 1.47GHz
	CPI: 0.402 VPI: 0.00, Mem. bwidth: 0.09GB/s GFLOPS: 0.00 I/O: 0.01MB/s No MPI  
	TPI 0.01 Cache miss rates: L1 0.81GB/s L2 0.00GB/s L3 0.00GB/s
	Total MPI calls 3
	IO DATA: rchar 4611 wchar 8843 syscr 51 syscw 27 read_bytes 0 write_bytes 360448
	Process OS info: (pid 514408 state R utime 1094 stime 1 cutime 0 cstime 0 CPU usage 98)
	CPU temperature (celsius): socket 0: 67 socket 1: 74[0m
EAR[514408](hratio_l30) at 2.60/1.47 in tcn361 MR[0] elapsed 8311 sec.: [32mLoop time: 1.108s DC Power: [35m512.8W[32m DRAM power: 0.00W PCK power: 423.55W
	avg. CPUFreq: 2.57GHz avg. IMCFreq: 1.47GHz
	CPI: 0.402 VPI: 0.00, Mem. bwidth: 0.14GB/s GFLOPS: 0.00 I/O: 0.01MB/s No MPI  
	TPI 0.02 Cache miss rates: L1 0.81GB/s L2 0.00GB/s L3 0.00GB/s
	Total MPI calls 3
	IO DATA: rchar 4611 wchar 8843 syscr 51 syscw 27 read_bytes 0 write_bytes 299008
	Process OS info: (pid 514408 state R utime 1093 stime 1 cutime 0 cstime 0 CPU usage 98)
	CPU temperature (celsius): socket 0: 67 socket 1: 74[0m
EAR[514408](hratio_l30) at 2.60/1.47 in tcn361 MR[0] elapsed 8322 sec.: [32mLoop time: 1.108s DC Power: [35m461.4W[32m DRAM power: 0.00W PCK power: 423.49W
	avg. CPUFreq: 2.57GHz avg. IMCFreq: 1.47GHz
	CPI: 0.401 VPI: 0.00, Mem. bwidth: 0.12GB/s GFLOPS: 0.00 I/O: 0.01MB/s No MPI  
	TPI 0.02 Cache miss rates: L1 0.82GB/s L2 0.00GB/s L3 0.00GB/s
	Total MPI calls 3
	IO DATA: rchar 4611 wchar 8843 syscr 51 syscw 27 read_bytes 0 write_bytes 294912
	Process OS info: (pid 514408 state R utime 1093 stime 0 cutime 0 cstime 0 CPU usage 98)
	CPU temperature (celsius): socket 0: 67 socket 1: 74[0m
EAR[514408](hratio_l30) at 2.60/1.47 in tcn361 MR[0] elapsed 8333 sec.: [32mLoop time: 1.109s DC Power: [35m460.8W[32m DRAM power: 0.00W PCK power: 423.54W
	avg. CPUFreq: 2.57GHz avg. IMCFreq: 1.47GHz
	CPI: 0.402 VPI: 0.00, Mem. bwidth: 0.14GB/s GFLOPS: 0.00 I/O: 0.01MB/s No MPI  
	TPI 0.02 Cache miss rates: L1 0.87GB/s L2 0.00GB/s L3 0.00GB/s
	Total MPI calls 3
	IO DATA: rchar 4611 wchar 8843 syscr 51 syscw 27 read_bytes 0 write_bytes 294912
	Process OS info: (pid 514408 state R utime 1094 stime 1 cutime 0 cstime 0 CPU usage 98)
	CPU temperature (celsius): socket 0: 67 socket 1: 74[0m
EAR[514408](hratio_l30) at 2.60/1.47 in tcn361 MR[0] elapsed 8344 sec.: [32mLoop time: 1.108s DC Power: [35m512.7W[32m DRAM power: 0.00W PCK power: 423.40W
	avg. CPUFreq: 2.57GHz avg. IMCFreq: 1.47GHz
	CPI: 0.402 VPI: 0.00, Mem. bwidth: 0.14GB/s GFLOPS: 0.00 I/O: 0.01MB/s No MPI  
	TPI 0.02 Cache miss rates: L1 0.83GB/s L2 0.00GB/s L3 0.00GB/s
	Total MPI calls 3
	IO DATA: rchar 4611 wchar 8843 syscr 51 syscw 27 read_bytes 0 write_bytes 294912
	Process OS info: (pid 514408 state R utime 1086 stime 1 cutime 0 cstime 0 CPU usage 98)
	CPU temperature (celsius): socket 0: 67 socket 1: 74[0m
EAR[514408](hratio_l30) at 2.60/1.47 in tcn361 MR[0] elapsed 8356 sec.: [32mLoop time: 1.108s DC Power: [35m512.5W[32m DRAM power: 0.00W PCK power: 423.50W
	avg. CPUFreq: 2.57GHz avg. IMCFreq: 1.47GHz
	CPI: 0.401 VPI: 0.00, Mem. bwidth: 0.11GB/s GFLOPS: 0.00 I/O: 0.01MB/s No MPI  
	TPI 0.02 Cache miss rates: L1 0.82GB/s L2 0.00GB/s L3 0.00GB/s
	Total MPI calls 3
	IO DATA: rchar 4611 wchar 8843 syscr 51 syscw 27 read_bytes 0 write_bytes 299008
	Process OS info: (pid 514408 state R utime 1093 stime 1 cutime 0 cstime 0 CPU usage 98)
	CPU temperature (celsius): socket 0: 67 socket 1: 74[0m
EAR[514408](hratio_l30) at 2.60/1.47 in tcn361 MR[0] elapsed 8367 sec.: [32mLoop time: 1.107s DC Power: [35m513.0W[32m DRAM power: 0.00W PCK power: 423.97W
	avg. CPUFreq: 2.57GHz avg. IMCFreq: 1.47GHz
	CPI: 0.401 VPI: 0.00, Mem. bwidth: 0.14GB/s GFLOPS: 0.00 I/O: 0.01MB/s No MPI  
	TPI 0.02 Cache miss rates: L1 0.82GB/s L2 0.00GB/s L3 0.00GB/s
	Total MPI calls 3
	IO DATA: rchar 4611 wchar 8843 syscr 51 syscw 27 read_bytes 0 write_bytes 413696
	Process OS info: (pid 514408 state R utime 1087 stime 0 cutime 0 cstime 0 CPU usage 98)
	CPU temperature (celsius): socket 0: 67 socket 1: 74[0m
EAR[514408](hratio_l30) at 2.60/1.47 in tcn361 MR[0] elapsed 8378 sec.: [32mLoop time: 1.108s DC Power: [35m512.8W[32m DRAM power: 0.00W PCK power: 424.12W
	avg. CPUFreq: 2.57GHz avg. IMCFreq: 1.47GHz
	CPI: 0.400 VPI: 0.00, Mem. bwidth: 0.11GB/s GFLOPS: 0.00 I/O: 0.01MB/s No MPI  
	TPI 0.02 Cache miss rates: L1 0.80GB/s L2 0.00GB/s L3 0.00GB/s
	Total MPI calls 3
	IO DATA: rchar 4611 wchar 8843 syscr 51 syscw 27 read_bytes 0 write_bytes 294912
	Process OS info: (pid 514408 state R utime 1092 stime 1 cutime 0 cstime 0 CPU usage 98)
	CPU temperature (celsius): socket 0: 67 socket 1: 74[0m
EAR[514408](hratio_l30) at 2.60/1.47 in tcn361 MR[0] elapsed 8389 sec.: [32mLoop time: 1.107s DC Power: [35m461.6W[32m DRAM power: 0.00W PCK power: 424.37W
	avg. CPUFreq: 2.57GHz avg. IMCFreq: 1.47GHz
	CPI: 0.400 VPI: 0.00, Mem. bwidth: 0.11GB/s GFLOPS: 0.00 I/O: 0.01MB/s No MPI  
	TPI 0.02 Cache miss rates: L1 0.82GB/s L2 0.00GB/s L3 0.00GB/s
	Total MPI calls 3
	IO DATA: rchar 4611 wchar 8843 syscr 51 syscw 27 read_bytes 0 write_bytes 294912
	Process OS info: (pid 514408 state R utime 1093 stime 1 cutime 0 cstime 0 CPU usage 98)
	CPU temperature (celsius): socket 0: 67 socket 1: 74[0m
EAR[514408](hratio_l30) at 2.60/1.47 in tcn361 MR[0] elapsed 8400 sec.: [32mLoop time: 1.107s DC Power: [35m513.6W[32m DRAM power: 0.00W PCK power: 424.47W
	avg. CPUFreq: 2.57GHz avg. IMCFreq: 1.47GHz
	CPI: 0.400 VPI: 0.00, Mem. bwidth: 0.13GB/s GFLOPS: 0.00 I/O: 0.01MB/s No MPI  
	TPI 0.02 Cache miss rates: L1 0.80GB/s L2 0.00GB/s L3 0.00GB/s
	Total MPI calls 3
	IO DATA: rchar 4611 wchar 8843 syscr 51 syscw 27 read_bytes 0 write_bytes 299008
	Process OS info: (pid 514408 state R utime 1087 stime 0 cutime 0 cstime 0 CPU usage 98)
	CPU temperature (celsius): socket 0: 67 socket 1: 74[0m
EAR[514408](hratio_l30) at 2.60/1.47 in tcn361 MR[0] elapsed 8411 sec.: [32mLoop time: 1.108s DC Power: [35m513.5W[32m DRAM power: 0.00W PCK power: 424.35W
	avg. CPUFreq: 2.57GHz avg. IMCFreq: 1.47GHz
	CPI: 0.400 VPI: 0.00, Mem. bwidth: 0.22GB/s GFLOPS: 0.00 I/O: 0.01MB/s No MPI  
	TPI 0.03 Cache miss rates: L1 0.81GB/s L2 0.00GB/s L3 0.00GB/s
	Total MPI calls 3
	IO DATA: rchar 4611 wchar 8843 syscr 51 syscw 27 read_bytes 0 write_bytes 299008
	Process OS info: (pid 514408 state R utime 1064 stime 1 cutime 0 cstime 0 CPU usage 96)
	CPU temperature (celsius): socket 0: 67 socket 1: 74[0m
EAR[514408](hratio_l30) at 2.60/1.47 in tcn361 MR[0] elapsed 8422 sec.: [32mLoop time: 1.108s DC Power: [35m513.5W[32m DRAM power: 0.00W PCK power: 424.33W
	avg. CPUFreq: 2.57GHz avg. IMCFreq: 1.47GHz
	CPI: 0.400 VPI: 0.00, Mem. bwidth: 0.36GB/s GFLOPS: 0.00 I/O: 0.01MB/s No MPI  
	TPI 0.05 Cache miss rates: L1 0.82GB/s L2 0.00GB/s L3 0.00GB/s
	Total MPI calls 3
	IO DATA: rchar 4611 wchar 8843 syscr 51 syscw 27 read_bytes 0 write_bytes 299008
	Process OS info: (pid 514408 state R utime 1085 stime 1 cutime 0 cstime 0 CPU usage 98)
	CPU temperature (celsius): socket 0: 67 socket 1: 74[0m
EAR[514408](hratio_l30) at 2.60/1.47 in tcn361 MR[0] elapsed 8433 sec.: [32mLoop time: 1.107s DC Power: [35m513.9W[32m DRAM power: 0.00W PCK power: 424.17W
	avg. CPUFreq: 2.57GHz avg. IMCFreq: 1.47GHz
	CPI: 0.400 VPI: 0.00, Mem. bwidth: 0.29GB/s GFLOPS: 0.00 I/O: 0.01MB/s No MPI  
	TPI 0.04 Cache miss rates: L1 0.82GB/s L2 0.00GB/s L3 0.00GB/s
	Total MPI calls 3
	IO DATA: rchar 4611 wchar 8843 syscr 51 syscw 27 read_bytes 0 write_bytes 421888
	Process OS info: (pid 514408 state R utime 1083 stime 0 cutime 0 cstime 0 CPU usage 97)
	CPU temperature (celsius): socket 0: 67 socket 1: 74[0m
EAR[514408](hratio_l30) at 2.60/1.47 in tcn361 MR[0] elapsed 8444 sec.: [32mLoop time: 1.108s DC Power: [35m513.9W[32m DRAM power: 0.00W PCK power: 424.26W
	avg. CPUFreq: 2.57GHz avg. IMCFreq: 1.47GHz
	CPI: 0.400 VPI: 0.00, Mem. bwidth: 0.23GB/s GFLOPS: 0.00 I/O: 0.01MB/s No MPI  
	TPI 0.03 Cache miss rates: L1 0.83GB/s L2 0.00GB/s L3 0.00GB/s
	Total MPI calls 3
	IO DATA: rchar 4611 wchar 8843 syscr 51 syscw 27 read_bytes 0 write_bytes 299008
	Process OS info: (pid 514408 state R utime 1087 stime 1 cutime 0 cstime 0 CPU usage 98)
	CPU temperature (celsius): socket 0: 67 socket 1: 74[0m
EAR[514408](hratio_l30) at 2.60/1.47 in tcn361 MR[0] elapsed 8455 sec.: [32mLoop time: 1.113s DC Power: [35m461.1W[32m DRAM power: 0.00W PCK power: 424.79W
	avg. CPUFreq: 2.57GHz avg. IMCFreq: 1.47GHz
	CPI: 0.400 VPI: 0.00, Mem. bwidth: 0.47GB/s GFLOPS: 0.00 I/O: 0.01MB/s No MPI  
	TPI 0.07 Cache miss rates: L1 0.82GB/s L2 0.00GB/s L3 0.00GB/s
	Total MPI calls 3
	IO DATA: rchar 4611 wchar 8843 syscr 51 syscw 27 read_bytes 0 write_bytes 491520
	Process OS info: (pid 514408 state R utime 1084 stime 1 cutime 0 cstime 0 CPU usage 97)
	CPU temperature (celsius): socket 0: 67 socket 1: 74[0m
EAR[514408](hratio_l30) at 2.60/1.47 in tcn361 MR[0] elapsed 8466 sec.: [32mLoop time: 1.107s DC Power: [35m463.2W[32m DRAM power: 0.00W PCK power: 424.30W
	avg. CPUFreq: 2.57GHz avg. IMCFreq: 1.47GHz
	CPI: 0.400 VPI: 0.00, Mem. bwidth: 0.13GB/s GFLOPS: 0.00 I/O: 0.01MB/s No MPI  
	TPI 0.02 Cache miss rates: L1 0.86GB/s L2 0.00GB/s L3 0.00GB/s
	Total MPI calls 3
	IO DATA: rchar 4611 wchar 8843 syscr 51 syscw 27 read_bytes 0 write_bytes 294912
	Process OS info: (pid 514408 state R utime 1091 stime 1 cutime 0 cstime 0 CPU usage 98)
	CPU temperature (celsius): socket 0: 67 socket 1: 74[0m
EAR[514408](hratio_l30) at 2.60/1.47 in tcn361 MR[0] elapsed 8477 sec.: [32mLoop time: 1.108s DC Power: [35m514.5W[32m DRAM power: 0.00W PCK power: 424.35W
	avg. CPUFreq: 2.57GHz avg. IMCFreq: 1.47GHz
	CPI: 0.400 VPI: 0.00, Mem. bwidth: 0.10GB/s GFLOPS: 0.00 I/O: 0.01MB/s No MPI  
	TPI 0.02 Cache miss rates: L1 0.82GB/s L2 0.00GB/s L3 0.00GB/s
	Total MPI calls 3
	IO DATA: rchar 4611 wchar 8843 syscr 51 syscw 27 read_bytes 0 write_bytes 294912
	Process OS info: (pid 514408 state R utime 1093 stime 0 cutime 0 cstime 0 CPU usage 98)
	CPU temperature (celsius): socket 0: 67 socket 1: 74[0m
EAR[514408](hratio_l30) at 2.60/1.47 in tcn361 MR[0] elapsed 8489 sec.: [32mLoop time: 1.108s DC Power: [35m513.5W[32m DRAM power: 0.00W PCK power: 424.50W
	avg. CPUFreq: 2.57GHz avg. IMCFreq: 1.47GHz
	CPI: 0.400 VPI: 0.00, Mem. bwidth: 0.16GB/s GFLOPS: 0.00 I/O: 0.01MB/s No MPI  
	TPI 0.02 Cache miss rates: L1 0.81GB/s L2 0.00GB/s L3 0.00GB/s
	Total MPI calls 3
	IO DATA: rchar 4611 wchar 8843 syscr 51 syscw 27 read_bytes 0 write_bytes 299008
	Process OS info: (pid 514408 state R utime 1086 stime 1 cutime 0 cstime 0 CPU usage 98)
	CPU temperature (celsius): socket 0: 67 socket 1: 74[0m
EAR[514408](hratio_l30) at 2.60/1.47 in tcn361 MR[0] elapsed 8500 sec.: [32mLoop time: 1.108s DC Power: [35m513.4W[32m DRAM power: 0.00W PCK power: 424.39W
	avg. CPUFreq: 2.57GHz avg. IMCFreq: 1.47GHz
	CPI: 0.400 VPI: 0.00, Mem. bwidth: 0.14GB/s GFLOPS: 0.00 I/O: 0.01MB/s No MPI  
	TPI 0.02 Cache miss rates: L1 0.81GB/s L2 0.00GB/s L3 0.00GB/s
	Total MPI calls 3
	IO DATA: rchar 4611 wchar 8843 syscr 51 syscw 27 read_bytes 0 write_bytes 294912
	Process OS info: (pid 514408 state R utime 1093 stime 1 cutime 0 cstime 0 CPU usage 98)
	CPU temperature (celsius): socket 0: 67 socket 1: 74[0m
EAR[514408](hratio_l30) at 2.60/1.47 in tcn361 MR[0] elapsed 8511 sec.: [32mLoop time: 1.108s DC Power: [35m410.8W[32m DRAM power: 0.00W PCK power: 424.41W
	avg. CPUFreq: 2.57GHz avg. IMCFreq: 1.47GHz
	CPI: 0.400 VPI: 0.00, Mem. bwidth: 0.13GB/s GFLOPS: 0.00 I/O: 0.01MB/s No MPI  
	TPI 0.02 Cache miss rates: L1 0.82GB/s L2 0.00GB/s L3 0.00GB/s
	Total MPI calls 3
	IO DATA: rchar 4612 wchar 8843 syscr 51 syscw 27 read_bytes 0 write_bytes 294912
	Process OS info: (pid 514408 state R utime 1087 stime 0 cutime 0 cstime 0 CPU usage 98)
	CPU temperature (celsius): socket 0: 67 socket 1: 74[0m
EAR[514408](hratio_l30) at 2.60/1.47 in tcn361 MR[0] elapsed 8522 sec.: [32mLoop time: 1.108s DC Power: [35m513.7W[32m DRAM power: 0.00W PCK power: 424.52W
	avg. CPUFreq: 2.57GHz avg. IMCFreq: 1.47GHz
	CPI: 0.400 VPI: 0.00, Mem. bwidth: 0.13GB/s GFLOPS: 0.00 I/O: 0.01MB/s No MPI  
	TPI 0.02 Cache miss rates: L1 0.81GB/s L2 0.00GB/s L3 0.00GB/s
	Total MPI calls 3
	IO DATA: rchar 4612 wchar 8843 syscr 51 syscw 27 read_bytes 0 write_bytes 294912
	Process OS info: (pid 514408 state R utime 1086 stime 1 cutime 0 cstime 0 CPU usage 98)
	CPU temperature (celsius): socket 0: 67 socket 1: 74[0m
EAR[514408](hratio_l30) at 2.60/1.47 in tcn361 MR[0] elapsed 8533 sec.: [32mLoop time: 1.108s DC Power: [35m513.7W[32m DRAM power: 0.00W PCK power: 424.38W
	avg. CPUFreq: 2.57GHz avg. IMCFreq: 1.47GHz
	CPI: 0.400 VPI: 0.00, Mem. bwidth: 0.11GB/s GFLOPS: 0.00 I/O: 0.01MB/s No MPI  
	TPI 0.02 Cache miss rates: L1 0.81GB/s L2 0.00GB/s L3 0.00GB/s
	Total MPI calls 3
	IO DATA: rchar 4612 wchar 8843 syscr 51 syscw 27 read_bytes 0 write_bytes 303104
	Process OS info: (pid 514408 state R utime 1093 stime 1 cutime 0 cstime 0 CPU usage 98)
	CPU temperature (celsius): socket 0: 67 socket 1: 74[0m
EAR[514408](hratio_l30) at 2.60/1.47 in tcn361 MR[0] elapsed 8544 sec.: [32mLoop time: 1.108s DC Power: [35m513.6W[32m DRAM power: 0.00W PCK power: 424.48W
	avg. CPUFreq: 2.57GHz avg. IMCFreq: 1.47GHz
	CPI: 0.400 VPI: 0.00, Mem. bwidth: 0.13GB/s GFLOPS: 0.00 I/O: 0.01MB/s No MPI  
	TPI 0.02 Cache miss rates: L1 0.80GB/s L2 0.00GB/s L3 0.00GB/s
	Total MPI calls 3
	IO DATA: rchar 4612 wchar 8843 syscr 51 syscw 27 read_bytes 0 write_bytes 303104
	Process OS info: (pid 514408 state R utime 1092 stime 1 cutime 0 cstime 0 CPU usage 98)
	CPU temperature (celsius): socket 0: 67 socket 1: 74[0m
EAR[514408](hratio_l30) at 2.60/1.47 in tcn361 MR[0] elapsed 8555 sec.: [32mLoop time: 1.108s DC Power: [35m462.3W[32m DRAM power: 0.00W PCK power: 424.08W
	avg. CPUFreq: 2.57GHz avg. IMCFreq: 1.47GHz
	CPI: 0.399 VPI: 0.00, Mem. bwidth: 0.12GB/s GFLOPS: 0.00 I/O: 0.01MB/s No MPI  
	TPI 0.02 Cache miss rates: L1 0.80GB/s L2 0.00GB/s L3 0.00GB/s
	Total MPI calls 3
	IO DATA: rchar 4612 wchar 8843 syscr 51 syscw 27 read_bytes 0 write_bytes 294912
	Process OS info: (pid 514408 state R utime 1087 stime 0 cutime 0 cstime 0 CPU usage 98)
	CPU temperature (celsius): socket 0: 67 socket 1: 74[0m
EAR[514408](hratio_l30) at 2.60/1.47 in tcn361 MR[0] elapsed 8566 sec.: [32mLoop time: 1.108s DC Power: [35m513.7W[32m DRAM power: 0.00W PCK power: 424.44W
	avg. CPUFreq: 2.57GHz avg. IMCFreq: 1.47GHz
	CPI: 0.398 VPI: 0.00, Mem. bwidth: 0.11GB/s GFLOPS: 0.00 I/O: 0.01MB/s No MPI  
	TPI 0.02 Cache miss rates: L1 0.81GB/s L2 0.00GB/s L3 0.00GB/s
	Total MPI calls 3
	IO DATA: rchar 4612 wchar 8843 syscr 51 syscw 27 read_bytes 0 write_bytes 294912
	Process OS info: (pid 514408 state R utime 1093 stime 1 cutime 0 cstime 0 CPU usage 98)
	CPU temperature (celsius): socket 0: 67 socket 1: 74[0m
EAR[514408](hratio_l30) at 2.60/1.47 in tcn361 MR[0] elapsed 8577 sec.: [32mLoop time: 1.109s DC Power: [35m461.8W[32m DRAM power: 0.00W PCK power: 424.68W
	avg. CPUFreq: 2.57GHz avg. IMCFreq: 1.47GHz
	CPI: 0.398 VPI: 0.00, Mem. bwidth: 0.17GB/s GFLOPS: 0.00 I/O: 0.01MB/s No MPI  
	TPI 0.02 Cache miss rates: L1 0.81GB/s L2 0.00GB/s L3 0.00GB/s
	Total MPI calls 3
	IO DATA: rchar 4612 wchar 8843 syscr 51 syscw 27 read_bytes 0 write_bytes 307200
	Process OS info: (pid 514408 state R utime 1091 stime 1 cutime 0 cstime 0 CPU usage 98)
	CPU temperature (celsius): socket 0: 67 socket 1: 74[0m
EAR[514408](hratio_l30) at 2.60/1.47 in tcn361 MR[0] elapsed 8588 sec.: [32mLoop time: 1.108s DC Power: [35m513.7W[32m DRAM power: 0.00W PCK power: 424.42W
	avg. CPUFreq: 2.57GHz avg. IMCFreq: 1.47GHz
	CPI: 0.398 VPI: 0.00, Mem. bwidth: 0.11GB/s GFLOPS: 0.00 I/O: 0.01MB/s No MPI  
	TPI 0.02 Cache miss rates: L1 0.82GB/s L2 0.00GB/s L3 0.00GB/s
	Total MPI calls 3
	IO DATA: rchar 4612 wchar 8843 syscr 51 syscw 27 read_bytes 0 write_bytes 303104
	Process OS info: (pid 514408 state R utime 1093 stime 0 cutime 0 cstime 0 CPU usage 98)
	CPU temperature (celsius): socket 0: 67 socket 1: 74[0m
EAR[514408](hratio_l30) at 2.60/1.47 in tcn361 MR[0] elapsed 8599 sec.: [32mLoop time: 1.108s DC Power: [35m462.1W[32m DRAM power: 0.00W PCK power: 424.64W
	avg. CPUFreq: 2.57GHz avg. IMCFreq: 1.47GHz
	CPI: 0.397 VPI: 0.00, Mem. bwidth: 0.13GB/s GFLOPS: 0.00 I/O: 0.01MB/s No MPI  
	TPI 0.02 Cache miss rates: L1 0.78GB/s L2 0.00GB/s L3 0.00GB/s
	Total MPI calls 3
	IO DATA: rchar 4612 wchar 8843 syscr 51 syscw 27 read_bytes 0 write_bytes 356352
	Process OS info: (pid 514408 state R utime 1093 stime 1 cutime 0 cstime 0 CPU usage 98)
	CPU temperature (celsius): socket 0: 67 socket 1: 74[0m
EAR[514408](hratio_l30) at 2.60/1.47 in tcn361 MR[0] elapsed 8610 sec.: [32mLoop time: 1.108s DC Power: [35m514.6W[32m DRAM power: 0.00W PCK power: 425.33W
	avg. CPUFreq: 2.57GHz avg. IMCFreq: 1.47GHz
	CPI: 0.396 VPI: 0.00, Mem. bwidth: 0.14GB/s GFLOPS: 0.00 I/O: 0.01MB/s No MPI  
	TPI 0.02 Cache miss rates: L1 0.80GB/s L2 0.00GB/s L3 0.00GB/s
	Total MPI calls 3
	IO DATA: rchar 4612 wchar 8843 syscr 51 syscw 27 read_bytes 0 write_bytes 299008
	Process OS info: (pid 514408 state R utime 1093 stime 1 cutime 0 cstime 0 CPU usage 98)
	CPU temperature (celsius): socket 0: 67 socket 1: 74[0m
EAR[514408](hratio_l30) at 2.60/1.47 in tcn361 MR[0] elapsed 8621 sec.: [32mLoop time: 1.108s DC Power: [35m515.2W[32m DRAM power: 0.00W PCK power: 425.22W
	avg. CPUFreq: 2.57GHz avg. IMCFreq: 1.47GHz
	CPI: 0.396 VPI: 0.00, Mem. bwidth: 0.11GB/s GFLOPS: 0.00 I/O: 0.01MB/s No MPI  
	TPI 0.02 Cache miss rates: L1 0.74GB/s L2 0.00GB/s L3 0.00GB/s
	Total MPI calls 3
	IO DATA: rchar 4612 wchar 8843 syscr 51 syscw 27 read_bytes 0 write_bytes 294912
	Process OS info: (pid 514408 state R utime 1093 stime 0 cutime 0 cstime 0 CPU usage 98)
	CPU temperature (celsius): socket 0: 67 socket 1: 74[0m
EAR[514408](hratio_l30) at 2.60/1.47 in tcn361 MR[0] elapsed 8633 sec.: [32mLoop time: 1.107s DC Power: [35m464.1W[32m DRAM power: 0.00W PCK power: 425.24W
	avg. CPUFreq: 2.57GHz avg. IMCFreq: 1.47GHz
	CPI: 0.396 VPI: 0.00, Mem. bwidth: 0.14GB/s GFLOPS: 0.00 I/O: 0.01MB/s No MPI  
	TPI 0.02 Cache miss rates: L1 0.74GB/s L2 0.00GB/s L3 0.00GB/s
	Total MPI calls 3
	IO DATA: rchar 4612 wchar 8843 syscr 51 syscw 27 read_bytes 0 write_bytes 294912
	Process OS info: (pid 514408 state R utime 1093 stime 1 cutime 0 cstime 0 CPU usage 98)
	CPU temperature (celsius): socket 0: 67 socket 1: 74[0m
EAR[514408](hratio_l30) at 2.60/1.47 in tcn361 MR[0] elapsed 8644 sec.: [32mLoop time: 1.108s DC Power: [35m464.0W[32m DRAM power: 0.00W PCK power: 425.41W
	avg. CPUFreq: 2.57GHz avg. IMCFreq: 1.47GHz
	CPI: 0.396 VPI: 0.00, Mem. bwidth: 0.11GB/s GFLOPS: 0.00 I/O: 0.01MB/s No MPI  
	TPI 0.02 Cache miss rates: L1 0.67GB/s L2 0.00GB/s L3 0.00GB/s
	Total MPI calls 3
	IO DATA: rchar 4612 wchar 8843 syscr 51 syscw 27 read_bytes 0 write_bytes 294912
	Process OS info: (pid 514408 state R utime 1086 stime 1 cutime 0 cstime 0 CPU usage 98)
	CPU temperature (celsius): socket 0: 67 socket 1: 74[0m
EAR[514408](hratio_l30) at 2.60/1.47 in tcn361 MR[0] elapsed 8655 sec.: [32mLoop time: 1.108s DC Power: [35m514.6W[32m DRAM power: 0.00W PCK power: 425.55W
	avg. CPUFreq: 2.57GHz avg. IMCFreq: 1.47GHz
	CPI: 0.396 VPI: 0.00, Mem. bwidth: 0.11GB/s GFLOPS: 0.00 I/O: 0.01MB/s No MPI  
	TPI 0.02 Cache miss rates: L1 0.64GB/s L2 0.00GB/s L3 0.00GB/s
	Total MPI calls 3
	IO DATA: rchar 4612 wchar 8843 syscr 51 syscw 27 read_bytes 0 write_bytes 299008
	Process OS info: (pid 514408 state R utime 1093 stime 0 cutime 0 cstime 0 CPU usage 98)
	CPU temperature (celsius): socket 0: 67 socket 1: 74[0m
EAR[514408](hratio_l30) at 2.60/1.47 in tcn361 MR[0] elapsed 8666 sec.: [32mLoop time: 1.107s DC Power: [35m514.8W[32m DRAM power: 0.00W PCK power: 425.75W
	avg. CPUFreq: 2.57GHz avg. IMCFreq: 1.47GHz
	CPI: 0.395 VPI: 0.00, Mem. bwidth: 0.13GB/s GFLOPS: 0.00 I/O: 0.01MB/s No MPI  
	TPI 0.02 Cache miss rates: L1 0.64GB/s L2 0.00GB/s L3 0.00GB/s
	Total MPI calls 3
	IO DATA: rchar 4612 wchar 8843 syscr 51 syscw 27 read_bytes 0 write_bytes 303104
	Process OS info: (pid 514408 state R utime 1093 stime 1 cutime 0 cstime 0 CPU usage 98)
	CPU temperature (celsius): socket 0: 67 socket 1: 74[0m
EAR[514408](hratio_l30) at 2.60/1.47 in tcn361 MR[0] elapsed 8677 sec.: [32mLoop time: 1.108s DC Power: [35m514.5W[32m DRAM power: 0.00W PCK power: 426.38W
	avg. CPUFreq: 2.57GHz avg. IMCFreq: 1.47GHz
	CPI: 0.393 VPI: 0.00, Mem. bwidth: 0.11GB/s GFLOPS: 0.00 I/O: 0.01MB/s No MPI  
	TPI 0.02 Cache miss rates: L1 0.64GB/s L2 0.00GB/s L3 0.00GB/s
	Total MPI calls 3
	IO DATA: rchar 4612 wchar 8843 syscr 51 syscw 27 read_bytes 0 write_bytes 299008
	Process OS info: (pid 514408 state R utime 1093 stime 1 cutime 0 cstime 0 CPU usage 98)
	CPU temperature (celsius): socket 0: 67 socket 1: 74[0m
EAR[514408](hratio_l30) at 2.60/1.47 in tcn361 MR[0] elapsed 8688 sec.: [32mLoop time: 1.108s DC Power: [35m463.3W[32m DRAM power: 0.00W PCK power: 426.75W
	avg. CPUFreq: 2.57GHz avg. IMCFreq: 1.47GHz
	CPI: 0.393 VPI: 0.00, Mem. bwidth: 0.12GB/s GFLOPS: 0.00 I/O: 0.01MB/s No MPI  
	TPI 0.02 Cache miss rates: L1 0.63GB/s L2 0.00GB/s L3 0.00GB/s
	Total MPI calls 3
	IO DATA: rchar 4612 wchar 8843 syscr 51 syscw 27 read_bytes 0 write_bytes 294912
	Process OS info: (pid 514408 state R utime 1093 stime 0 cutime 0 cstime 0 CPU usage 98)
	CPU temperature (celsius): socket 0: 67 socket 1: 74[0m
EAR[514408](hratio_l30) at 2.60/1.47 in tcn361 MR[0] elapsed 8699 sec.: [32mLoop time: 1.107s DC Power: [35m515.6W[32m DRAM power: 0.00W PCK power: 426.80W
	avg. CPUFreq: 2.57GHz avg. IMCFreq: 1.47GHz
	CPI: 0.393 VPI: 0.00, Mem. bwidth: 0.13GB/s GFLOPS: 0.00 I/O: 0.01MB/s No MPI  
	TPI 0.02 Cache miss rates: L1 0.63GB/s L2 0.00GB/s L3 0.00GB/s
	Total MPI calls 3
	IO DATA: rchar 4612 wchar 8843 syscr 51 syscw 27 read_bytes 0 write_bytes 299008
	Process OS info: (pid 514408 state R utime 1086 stime 1 cutime 0 cstime 0 CPU usage 98)
	CPU temperature (celsius): socket 0: 67 socket 1: 74[0m
EAR[514408](hratio_l30) at 2.60/1.47 in tcn361 MR[0] elapsed 8710 sec.: [32mLoop time: 1.108s DC Power: [35m515.4W[32m DRAM power: 0.00W PCK power: 426.87W
	avg. CPUFreq: 2.57GHz avg. IMCFreq: 1.47GHz
	CPI: 0.392 VPI: 0.00, Mem. bwidth: 0.10GB/s GFLOPS: 0.00 I/O: 0.01MB/s No MPI  
	TPI 0.01 Cache miss rates: L1 0.64GB/s L2 0.00GB/s L3 0.00GB/s
	Total MPI calls 3
	IO DATA: rchar 4612 wchar 8843 syscr 51 syscw 27 read_bytes 0 write_bytes 356352
	Process OS info: (pid 514408 state R utime 1093 stime 1 cutime 0 cstime 0 CPU usage 98)
	CPU temperature (celsius): socket 0: 67 socket 1: 74[0m
EAR[514408](hratio_l30) at 2.60/1.47 in tcn361 MR[0] elapsed 8721 sec.: [32mLoop time: 1.108s DC Power: [35m515.4W[32m DRAM power: 0.00W PCK power: 427.41W
	avg. CPUFreq: 2.57GHz avg. IMCFreq: 1.47GHz
	CPI: 0.392 VPI: 0.00, Mem. bwidth: 0.13GB/s GFLOPS: 0.00 I/O: 0.01MB/s No MPI  
	TPI 0.02 Cache miss rates: L1 0.64GB/s L2 0.00GB/s L3 0.00GB/s
	Total MPI calls 3
	IO DATA: rchar 4612 wchar 8843 syscr 51 syscw 27 read_bytes 0 write_bytes 303104
	Process OS info: (pid 514408 state R utime 1093 stime 1 cutime 0 cstime 0 CPU usage 98)
	CPU temperature (celsius): socket 0: 67 socket 1: 74[0m
EAR[514408](hratio_l30) at 2.60/1.47 in tcn361 MR[0] elapsed 8732 sec.: [32mLoop time: 1.108s DC Power: [35m463.9W[32m DRAM power: 0.00W PCK power: 427.15W
	avg. CPUFreq: 2.57GHz avg. IMCFreq: 1.47GHz
	CPI: 0.392 VPI: 0.00, Mem. bwidth: 0.13GB/s GFLOPS: 0.00 I/O: 0.01MB/s No MPI  
	TPI 0.02 Cache miss rates: L1 0.64GB/s L2 0.00GB/s L3 0.00GB/s
	Total MPI calls 3
	IO DATA: rchar 4612 wchar 8843 syscr 51 syscw 27 read_bytes 0 write_bytes 299008
	Process OS info: (pid 514408 state R utime 1086 stime 1 cutime 0 cstime 0 CPU usage 98)
	CPU temperature (celsius): socket 0: 67 socket 1: 74[0m
EAR[514408](hratio_l30) at 2.60/1.47 in tcn361 MR[0] elapsed 8743 sec.: [32mLoop time: 1.108s DC Power: [35m515.8W[32m DRAM power: 0.00W PCK power: 427.14W
	avg. CPUFreq: 2.57GHz avg. IMCFreq: 1.47GHz
	CPI: 0.392 VPI: 0.00, Mem. bwidth: 0.11GB/s GFLOPS: 0.00 I/O: 0.01MB/s No MPI  
	TPI 0.02 Cache miss rates: L1 0.64GB/s L2 0.00GB/s L3 0.00GB/s
	Total MPI calls 3
	IO DATA: rchar 4612 wchar 8843 syscr 51 syscw 27 read_bytes 0 write_bytes 294912
	Process OS info: (pid 514408 state R utime 1090 stime 0 cutime 0 cstime 0 CPU usage 98)
	CPU temperature (celsius): socket 0: 67 socket 1: 74[0m
EAR[514408](hratio_l30) at 2.60/1.47 in tcn361 MR[0] elapsed 8754 sec.: [32mLoop time: 1.107s DC Power: [35m464.1W[32m DRAM power: 0.00W PCK power: 427.31W
	avg. CPUFreq: 2.57GHz avg. IMCFreq: 1.47GHz
	CPI: 0.392 VPI: 0.00, Mem. bwidth: 0.13GB/s GFLOPS: 0.00 I/O: 0.01MB/s No MPI  
	TPI 0.02 Cache miss rates: L1 0.65GB/s L2 0.00GB/s L3 0.00GB/s
	Total MPI calls 3
	IO DATA: rchar 4612 wchar 8843 syscr 51 syscw 27 read_bytes 0 write_bytes 294912
	Process OS info: (pid 514408 state R utime 1093 stime 1 cutime 0 cstime 0 CPU usage 98)
	CPU temperature (celsius): socket 0: 67 socket 1: 74[0m
EAR[514408](hratio_l30) at 2.60/1.47 in tcn361 MR[0] elapsed 8765 sec.: [32mLoop time: 1.108s DC Power: [35m516.1W[32m DRAM power: 0.00W PCK power: 427.23W
	avg. CPUFreq: 2.57GHz avg. IMCFreq: 1.47GHz
	CPI: 0.392 VPI: 0.00, Mem. bwidth: 0.10GB/s GFLOPS: 0.00 I/O: 0.01MB/s No MPI  
	TPI 0.01 Cache miss rates: L1 0.69GB/s L2 0.00GB/s L3 0.00GB/s
	Total MPI calls 3
	IO DATA: rchar 4612 wchar 8843 syscr 51 syscw 27 read_bytes 0 write_bytes 294912
	Process OS info: (pid 514408 state R utime 1086 stime 1 cutime 0 cstime 0 CPU usage 98)
	CPU temperature (celsius): socket 0: 67 socket 1: 74[0m
EAR[514408](hratio_l30) at 2.60/1.47 in tcn361 MR[0] elapsed 8777 sec.: [32mLoop time: 1.108s DC Power: [35m464.8W[32m DRAM power: 0.00W PCK power: 427.23W
	avg. CPUFreq: 2.57GHz avg. IMCFreq: 1.47GHz
	CPI: 0.392 VPI: 0.00, Mem. bwidth: 0.11GB/s GFLOPS: 0.00 I/O: 0.01MB/s No MPI  
	TPI 0.02 Cache miss rates: L1 0.63GB/s L2 0.00GB/s L3 0.00GB/s
	Total MPI calls 3
	IO DATA: rchar 4612 wchar 8843 syscr 51 syscw 27 read_bytes 0 write_bytes 290816
	Process OS info: (pid 514408 state R utime 1093 stime 0 cutime 0 cstime 0 CPU usage 98)
	CPU temperature (celsius): socket 0: 67 socket 1: 74[0m
EAR[514408](hratio_l30) at 2.60/1.47 in tcn361 MR[0] elapsed 8788 sec.: [32mLoop time: 1.108s DC Power: [35m517.2W[32m DRAM power: 0.00W PCK power: 427.38W
	avg. CPUFreq: 2.57GHz avg. IMCFreq: 1.47GHz
	CPI: 0.392 VPI: 0.00, Mem. bwidth: 0.13GB/s GFLOPS: 0.00 I/O: 0.01MB/s No MPI  
	TPI 0.02 Cache miss rates: L1 0.64GB/s L2 0.00GB/s L3 0.00GB/s
	Total MPI calls 3
	IO DATA: rchar 4612 wchar 8843 syscr 51 syscw 27 read_bytes 0 write_bytes 299008
	Process OS info: (pid 514408 state R utime 1087 stime 1 cutime 0 cstime 0 CPU usage 98)
	CPU temperature (celsius): socket 0: 67 socket 1: 74[0m
EAR[514408](hratio_l30) at 2.60/1.47 in tcn361 MR[0] elapsed 8799 sec.: [32mLoop time: 1.108s DC Power: [35m517.2W[32m DRAM power: 0.00W PCK power: 427.32W
	avg. CPUFreq: 2.57GHz avg. IMCFreq: 1.47GHz
	CPI: 0.392 VPI: 0.00, Mem. bwidth: 0.10GB/s GFLOPS: 0.00 I/O: 0.01MB/s No MPI  
	TPI 0.01 Cache miss rates: L1 0.63GB/s L2 0.00GB/s L3 0.00GB/s
	Total MPI calls 3
	IO DATA: rchar 4612 wchar 8843 syscr 51 syscw 27 read_bytes 0 write_bytes 299008
	Process OS info: (pid 514408 state R utime 1092 stime 1 cutime 0 cstime 0 CPU usage 98)
	CPU temperature (celsius): socket 0: 67 socket 1: 74[0m
EAR[514408](hratio_l30) at 2.60/1.47 in tcn361 MR[0] elapsed 8810 sec.: [32mLoop time: 1.107s DC Power: [35m465.8W[32m DRAM power: 0.00W PCK power: 427.30W
	avg. CPUFreq: 2.57GHz avg. IMCFreq: 1.47GHz
	CPI: 0.392 VPI: 0.00, Mem. bwidth: 0.12GB/s GFLOPS: 0.00 I/O: 0.01MB/s No MPI  
	TPI 0.02 Cache miss rates: L1 0.63GB/s L2 0.00GB/s L3 0.00GB/s
	Total MPI calls 3
	IO DATA: rchar 4612 wchar 8843 syscr 51 syscw 27 read_bytes 0 write_bytes 294912
	Process OS info: (pid 514408 state R utime 1092 stime 1 cutime 0 cstime 0 CPU usage 98)
	CPU temperature (celsius): socket 0: 67 socket 1: 74[0m
EAR[514408](hratio_l30) at 2.60/1.47 in tcn361 MR[0] elapsed 8821 sec.: [32mLoop time: 1.108s DC Power: [35m465.3W[32m DRAM power: 0.00W PCK power: 427.30W
	avg. CPUFreq: 2.57GHz avg. IMCFreq: 1.47GHz
	CPI: 0.392 VPI: 0.00, Mem. bwidth: 0.17GB/s GFLOPS: 0.00 I/O: 0.01MB/s No MPI  
	TPI 0.02 Cache miss rates: L1 0.64GB/s L2 0.00GB/s L3 0.00GB/s
	Total MPI calls 3
	IO DATA: rchar 4612 wchar 8843 syscr 51 syscw 27 read_bytes 0 write_bytes 294912
	Process OS info: (pid 514408 state R utime 1087 stime 0 cutime 0 cstime 0 CPU usage 98)
	CPU temperature (celsius): socket 0: 67 socket 1: 74[0m
EAR[514408](hratio_l30) at 2.60/1.47 in tcn361 MR[0] elapsed 8832 sec.: [32mLoop time: 1.108s DC Power: [35m516.4W[32m DRAM power: 0.00W PCK power: 427.21W
	avg. CPUFreq: 2.57GHz avg. IMCFreq: 1.47GHz
	CPI: 0.392 VPI: 0.00, Mem. bwidth: 0.11GB/s GFLOPS: 0.00 I/O: 0.01MB/s No MPI  
	TPI 0.02 Cache miss rates: L1 0.64GB/s L2 0.00GB/s L3 0.00GB/s
	Total MPI calls 3
	IO DATA: rchar 4612 wchar 8843 syscr 51 syscw 27 read_bytes 0 write_bytes 303104
	Process OS info: (pid 514408 state R utime 1092 stime 1 cutime 0 cstime 0 CPU usage 98)
	CPU temperature (celsius): socket 0: 67 socket 1: 74[0m
EAR[514408](hratio_l30) at 2.60/1.47 in tcn361 MR[0] elapsed 8843 sec.: [32mLoop time: 1.108s DC Power: [35m516.4W[32m DRAM power: 0.00W PCK power: 427.40W
	avg. CPUFreq: 2.57GHz avg. IMCFreq: 1.47GHz
	CPI: 0.392 VPI: 0.00, Mem. bwidth: 0.12GB/s GFLOPS: 0.00 I/O: 0.01MB/s No MPI  
	TPI 0.02 Cache miss rates: L1 0.66GB/s L2 0.00GB/s L3 0.00GB/s
	Total MPI calls 3
	IO DATA: rchar 4612 wchar 8843 syscr 51 syscw 27 read_bytes 0 write_bytes 475136
	Process OS info: (pid 514408 state R utime 1094 stime 0 cutime 0 cstime 0 CPU usage 98)
	CPU temperature (celsius): socket 0: 67 socket 1: 74[0m
EAR[514408](hratio_l30) at 2.60/1.47 in tcn361 MR[0] elapsed 8854 sec.: [32mLoop time: 1.107s DC Power: [35m516.6W[32m DRAM power: 0.00W PCK power: 427.33W
	avg. CPUFreq: 2.57GHz avg. IMCFreq: 1.47GHz
	CPI: 0.391 VPI: 0.00, Mem. bwidth: 0.11GB/s GFLOPS: 0.00 I/O: 0.01MB/s No MPI  
	TPI 0.02 Cache miss rates: L1 0.65GB/s L2 0.00GB/s L3 0.00GB/s
	Total MPI calls 3
	IO DATA: rchar 4612 wchar 8843 syscr 51 syscw 27 read_bytes 0 write_bytes 299008
	Process OS info: (pid 514408 state R utime 1085 stime 1 cutime 0 cstime 0 CPU usage 98)
	CPU temperature (celsius): socket 0: 67 socket 1: 74[0m
EAR[514408](hratio_l30) at 2.60/1.47 in tcn361 MR[0] elapsed 8865 sec.: [32mLoop time: 1.108s DC Power: [35m464.6W[32m DRAM power: 0.00W PCK power: 427.60W
	avg. CPUFreq: 2.57GHz avg. IMCFreq: 1.47GHz
	CPI: 0.391 VPI: 0.00, Mem. bwidth: 0.12GB/s GFLOPS: 0.00 I/O: 0.01MB/s No MPI  
	TPI 0.02 Cache miss rates: L1 0.65GB/s L2 0.00GB/s L3 0.00GB/s
	Total MPI calls 3
	IO DATA: rchar 4612 wchar 8843 syscr 51 syscw 27 read_bytes 0 write_bytes 294912
	Process OS info: (pid 514408 state R utime 1093 stime 0 cutime 0 cstime 0 CPU usage 98)
	CPU temperature (celsius): socket 0: 67 socket 1: 74[0m
EAR[514408](hratio_l30) at 2.60/1.47 in tcn361 MR[0] elapsed 8876 sec.: [32mLoop time: 1.108s DC Power: [35m464.7W[32m DRAM power: 0.00W PCK power: 427.80W
	avg. CPUFreq: 2.57GHz avg. IMCFreq: 1.47GHz
	CPI: 0.391 VPI: 0.00, Mem. bwidth: 0.14GB/s GFLOPS: 0.00 I/O: 0.01MB/s No MPI  
	TPI 0.02 Cache miss rates: L1 0.65GB/s L2 0.00GB/s L3 0.00GB/s
	Total MPI calls 3
	IO DATA: rchar 4612 wchar 8843 syscr 51 syscw 27 read_bytes 0 write_bytes 299008
	Process OS info: (pid 514408 state R utime 1093 stime 1 cutime 0 cstime 0 CPU usage 98)
	CPU temperature (celsius): socket 0: 67 socket 1: 74[0m
EAR[514408](hratio_l30) at 2.60/1.47 in tcn361 MR[0] elapsed 8887 sec.: [32mLoop time: 1.108s DC Power: [35m516.4W[32m DRAM power: 0.00W PCK power: 427.71W
	avg. CPUFreq: 2.57GHz avg. IMCFreq: 1.47GHz
	CPI: 0.390 VPI: 0.00, Mem. bwidth: 0.10GB/s GFLOPS: 0.00 I/O: 0.01MB/s No MPI  
	TPI 0.01 Cache miss rates: L1 0.66GB/s L2 0.00GB/s L3 0.00GB/s
	Total MPI calls 3
	IO DATA: rchar 4612 wchar 8843 syscr 51 syscw 27 read_bytes 0 write_bytes 294912
	Process OS info: (pid 514408 state R utime 1094 stime 1 cutime 0 cstime 0 CPU usage 98)
	CPU temperature (celsius): socket 0: 67 socket 1: 74[0m
EAR[514408](hratio_l30) at 2.60/1.47 in tcn361 MR[0] elapsed 8898 sec.: [32mLoop time: 1.108s DC Power: [35m516.2W[32m DRAM power: 0.00W PCK power: 427.67W
	avg. CPUFreq: 2.57GHz avg. IMCFreq: 1.47GHz
	CPI: 0.391 VPI: 0.00, Mem. bwidth: 0.10GB/s GFLOPS: 0.00 I/O: 0.01MB/s No MPI  
	TPI 0.02 Cache miss rates: L1 0.65GB/s L2 0.00GB/s L3 0.00GB/s
	Total MPI calls 3
	IO DATA: rchar 4612 wchar 8843 syscr 51 syscw 27 read_bytes 0 write_bytes 294912
	Process OS info: (pid 514408 state R utime 1093 stime 0 cutime 0 cstime 0 CPU usage 98)
	CPU temperature (celsius): socket 0: 67 socket 1: 74[0m
EAR[514408](hratio_l30) at 2.60/1.47 in tcn361 MR[0] elapsed 8909 sec.: [32mLoop time: 1.108s DC Power: [35m464.5W[32m DRAM power: 0.00W PCK power: 427.83W
	avg. CPUFreq: 2.57GHz avg. IMCFreq: 1.47GHz
	CPI: 0.391 VPI: 0.00, Mem. bwidth: 0.13GB/s GFLOPS: 0.00 I/O: 0.01MB/s No MPI  
	TPI 0.02 Cache miss rates: L1 0.70GB/s L2 0.00GB/s L3 0.00GB/s
	Total MPI calls 3
	IO DATA: rchar 4612 wchar 8843 syscr 51 syscw 27 read_bytes 0 write_bytes 319488
	Process OS info: (pid 514408 state R utime 1093 stime 1 cutime 0 cstime 0 CPU usage 98)
	CPU temperature (celsius): socket 0: 67 socket 1: 74[0m
EAR[514408](hratio_l30) at 2.60/1.47 in tcn361 MR[0] elapsed 8921 sec.: [32mLoop time: 1.108s DC Power: [35m516.2W[32m DRAM power: 0.00W PCK power: 427.64W
	avg. CPUFreq: 2.57GHz avg. IMCFreq: 1.47GHz
	CPI: 0.391 VPI: 0.00, Mem. bwidth: 0.11GB/s GFLOPS: 0.00 I/O: 0.01MB/s No MPI  
	TPI 0.02 Cache miss rates: L1 0.65GB/s L2 0.00GB/s L3 0.00GB/s
	Total MPI calls 3
	IO DATA: rchar 4612 wchar 8843 syscr 51 syscw 27 read_bytes 0 write_bytes 290816
	Process OS info: (pid 514408 state R utime 1093 stime 1 cutime 0 cstime 0 CPU usage 98)
	CPU temperature (celsius): socket 0: 67 socket 1: 74[0m
EAR[514408](hratio_l30) at 2.60/1.47 in tcn361 MR[0] elapsed 8932 sec.: [32mLoop time: 1.108s DC Power: [35m464.7W[32m DRAM power: 0.00W PCK power: 427.78W
	avg. CPUFreq: 2.57GHz avg. IMCFreq: 1.47GHz
	CPI: 0.391 VPI: 0.00, Mem. bwidth: 0.13GB/s GFLOPS: 0.00 I/O: 0.01MB/s No MPI  
	TPI 0.02 Cache miss rates: L1 0.66GB/s L2 0.00GB/s L3 0.00GB/s
	Total MPI calls 3
	IO DATA: rchar 4612 wchar 8843 syscr 51 syscw 27 read_bytes 0 write_bytes 294912
	Process OS info: (pid 514408 state R utime 1092 stime 0 cutime 0 cstime 0 CPU usage 98)
	CPU temperature (celsius): socket 0: 67 socket 1: 74[0m
EAR[514408](hratio_l30) at 2.60/1.47 in tcn361 MR[0] elapsed 8943 sec.: [32mLoop time: 1.107s DC Power: [35m516.8W[32m DRAM power: 0.00W PCK power: 427.78W
	avg. CPUFreq: 2.57GHz avg. IMCFreq: 1.47GHz
	CPI: 0.391 VPI: 0.00, Mem. bwidth: 0.10GB/s GFLOPS: 0.00 I/O: 0.01MB/s No MPI  
	TPI 0.02 Cache miss rates: L1 0.66GB/s L2 0.00GB/s L3 0.00GB/s
	Total MPI calls 3
	IO DATA: rchar 4612 wchar 8843 syscr 51 syscw 27 read_bytes 0 write_bytes 294912
	Process OS info: (pid 514408 state R utime 1085 stime 1 cutime 0 cstime 0 CPU usage 98)
	CPU temperature (celsius): socket 0: 67 socket 1: 74[0m
EAR[514408](hratio_l30) at 2.60/1.47 in tcn361 MR[0] elapsed 8954 sec.: [32mLoop time: 1.108s DC Power: [35m465.4W[32m DRAM power: 0.00W PCK power: 427.72W
	avg. CPUFreq: 2.57GHz avg. IMCFreq: 1.47GHz
	CPI: 0.391 VPI: 0.00, Mem. bwidth: 0.11GB/s GFLOPS: 0.00 I/O: 0.01MB/s No MPI  
	TPI 0.02 Cache miss rates: L1 0.65GB/s L2 0.00GB/s L3 0.00GB/s
	Total MPI calls 3
	IO DATA: rchar 4612 wchar 8843 syscr 51 syscw 27 read_bytes 0 write_bytes 294912
	Process OS info: (pid 514408 state R utime 1093 stime 1 cutime 0 cstime 0 CPU usage 98)
	CPU temperature (celsius): socket 0: 67 socket 1: 74[0m
EAR[514408](hratio_l30) at 2.60/1.47 in tcn361 MR[0] elapsed 8965 sec.: [32mLoop time: 1.107s DC Power: [35m518.3W[32m DRAM power: 0.00W PCK power: 427.80W
	avg. CPUFreq: 2.57GHz avg. IMCFreq: 1.47GHz
	CPI: 0.391 VPI: 0.00, Mem. bwidth: 0.14GB/s GFLOPS: 0.00 I/O: 0.01MB/s No MPI  
	TPI 0.02 Cache miss rates: L1 0.66GB/s L2 0.00GB/s L3 0.00GB/s
	Total MPI calls 3
	IO DATA: rchar 4612 wchar 8843 syscr 51 syscw 27 read_bytes 0 write_bytes 303104
	Process OS info: (pid 514408 state R utime 1091 stime 1 cutime 0 cstime 0 CPU usage 98)
	CPU temperature (celsius): socket 0: 67 socket 1: 74[0m
EAR[514408](hratio_l30) at 2.60/1.47 in tcn361 MR[0] elapsed 8976 sec.: [32mLoop time: 1.113s DC Power: [35m515.8W[32m DRAM power: 0.00W PCK power: 427.74W
	avg. CPUFreq: 2.57GHz avg. IMCFreq: 1.47GHz
	CPI: 0.391 VPI: 0.00, Mem. bwidth: 0.11GB/s GFLOPS: 0.00 I/O: 0.01MB/s No MPI  
	TPI 0.02 Cache miss rates: L1 0.65GB/s L2 0.00GB/s L3 0.00GB/s
	Total MPI calls 3
	IO DATA: rchar 4612 wchar 8843 syscr 51 syscw 27 read_bytes 0 write_bytes 425984
	Process OS info: (pid 514408 state R utime 1093 stime 0 cutime 0 cstime 0 CPU usage 98)
	CPU temperature (celsius): socket 0: 67 socket 1: 74[0m
EAR[514408](hratio_l30) at 2.60/1.47 in tcn361 MR[0] elapsed 8987 sec.: [32mLoop time: 1.108s DC Power: [35m517.7W[32m DRAM power: 0.00W PCK power: 427.63W
	avg. CPUFreq: 2.57GHz avg. IMCFreq: 1.47GHz
	CPI: 0.391 VPI: 0.00, Mem. bwidth: 0.10GB/s GFLOPS: 0.00 I/O: 0.01MB/s No MPI  
	TPI 0.01 Cache miss rates: L1 0.65GB/s L2 0.00GB/s L3 0.00GB/s
	Total MPI calls 3
	IO DATA: rchar 4612 wchar 8843 syscr 51 syscw 27 read_bytes 0 write_bytes 294912
	Process OS info: (pid 514408 state R utime 1093 stime 1 cutime 0 cstime 0 CPU usage 98)
	CPU temperature (celsius): socket 0: 67 socket 1: 74[0m
EAR[514408](hratio_l30) at 2.60/1.47 in tcn361 MR[0] elapsed 8998 sec.: [32mLoop time: 1.110s DC Power: [35m464.7W[32m DRAM power: 0.00W PCK power: 427.71W
	avg. CPUFreq: 2.57GHz avg. IMCFreq: 1.47GHz
	CPI: 0.391 VPI: 0.00, Mem. bwidth: 0.14GB/s GFLOPS: 0.00 I/O: 0.01MB/s No MPI  
	TPI 0.02 Cache miss rates: L1 0.65GB/s L2 0.00GB/s L3 0.00GB/s
	Total MPI calls 3
	IO DATA: rchar 4612 wchar 8843 syscr 51 syscw 27 read_bytes 0 write_bytes 294912
	Process OS info: (pid 514408 state R utime 1089 stime 1 cutime 0 cstime 0 CPU usage 98)
	CPU temperature (celsius): socket 0: 67 socket 1: 74[0m
EAR[514408](hratio_l30) at 2.60/1.47 in tcn361 MR[0] elapsed 9009 sec.: [32mLoop time: 1.109s DC Power: [35m515.9W[32m DRAM power: 0.00W PCK power: 427.71W
	avg. CPUFreq: 2.57GHz avg. IMCFreq: 1.47GHz
	CPI: 0.391 VPI: 0.00, Mem. bwidth: 0.11GB/s GFLOPS: 0.00 I/O: 0.01MB/s No MPI  
	TPI 0.02 Cache miss rates: L1 0.65GB/s L2 0.00GB/s L3 0.00GB/s
	Total MPI calls 3
	IO DATA: rchar 4612 wchar 8843 syscr 51 syscw 27 read_bytes 0 write_bytes 303104
	Process OS info: (pid 514408 state R utime 1095 stime 1 cutime 0 cstime 0 CPU usage 98)
	CPU temperature (celsius): socket 0: 67 socket 1: 74[0m
EAR[514408](hratio_l30) at 2.60/1.47 in tcn361 MR[0] elapsed 9020 sec.: [32mLoop time: 1.108s DC Power: [35m516.3W[32m DRAM power: 0.00W PCK power: 427.96W
	avg. CPUFreq: 2.57GHz avg. IMCFreq: 1.47GHz
	CPI: 0.390 VPI: 0.00, Mem. bwidth: 0.09GB/s GFLOPS: 0.00 I/O: 0.01MB/s No MPI  
	TPI 0.01 Cache miss rates: L1 0.64GB/s L2 0.00GB/s L3 0.00GB/s
	Total MPI calls 3
	IO DATA: rchar 4612 wchar 8843 syscr 51 syscw 27 read_bytes 0 write_bytes 294912
	Process OS info: (pid 514408 state R utime 1093 stime 0 cutime 0 cstime 0 CPU usage 98)
	CPU temperature (celsius): socket 0: 67 socket 1: 74[0m
EAR[514408](hratio_l30) at 2.60/1.47 in tcn361 MR[0] elapsed 9031 sec.: [32mLoop time: 1.108s DC Power: [35m516.4W[32m DRAM power: 0.00W PCK power: 428.14W
	avg. CPUFreq: 2.57GHz avg. IMCFreq: 1.47GHz
	CPI: 0.390 VPI: 0.00, Mem. bwidth: 0.13GB/s GFLOPS: 0.00 I/O: 0.01MB/s No MPI  
	TPI 0.02 Cache miss rates: L1 0.65GB/s L2 0.00GB/s L3 0.00GB/s
	Total MPI calls 3
	IO DATA: rchar 4612 wchar 8843 syscr 51 syscw 27 read_bytes 0 write_bytes 299008
	Process OS info: (pid 514408 state R utime 1087 stime 1 cutime 0 cstime 0 CPU usage 98)
	CPU temperature (celsius): socket 0: 67 socket 1: 74[0m
EAR[514408](hratio_l30) at 2.60/1.47 in tcn361 MR[0] elapsed 9042 sec.: [32mLoop time: 1.107s DC Power: [35m464.8W[32m DRAM power: 0.00W PCK power: 427.96W
	avg. CPUFreq: 2.57GHz avg. IMCFreq: 1.47GHz
	CPI: 0.390 VPI: 0.00, Mem. bwidth: 0.12GB/s GFLOPS: 0.00 I/O: 0.01MB/s No MPI  
	TPI 0.02 Cache miss rates: L1 0.70GB/s L2 0.00GB/s L3 0.00GB/s
	Total MPI calls 3
	IO DATA: rchar 4612 wchar 8843 syscr 51 syscw 27 read_bytes 0 write_bytes 356352
	Process OS info: (pid 514408 state R utime 1089 stime 1 cutime 0 cstime 0 CPU usage 98)
	CPU temperature (celsius): socket 0: 67 socket 1: 74[0m
EAR[514408](hratio_l30) at 2.60/1.47 in tcn361 MR[0] elapsed 9054 sec.: [32mLoop time: 1.109s DC Power: [35m464.4W[32m DRAM power: 0.00W PCK power: 428.16W
	avg. CPUFreq: 2.57GHz avg. IMCFreq: 1.47GHz
	CPI: 0.390 VPI: 0.00, Mem. bwidth: 0.14GB/s GFLOPS: 0.00 I/O: 0.01MB/s No MPI  
	TPI 0.02 Cache miss rates: L1 0.63GB/s L2 0.00GB/s L3 0.00GB/s
	Total MPI calls 3
	IO DATA: rchar 4612 wchar 8843 syscr 51 syscw 27 read_bytes 0 write_bytes 294912
	Process OS info: (pid 514408 state R utime 1094 stime 0 cutime 0 cstime 0 CPU usage 98)
	CPU temperature (celsius): socket 0: 67 socket 1: 74[0m
EAR[514408](hratio_l30) at 2.60/1.47 in tcn361 MR[0] elapsed 9065 sec.: [32mLoop time: 1.108s DC Power: [35m516.3W[32m DRAM power: 0.00W PCK power: 427.89W
	avg. CPUFreq: 2.57GHz avg. IMCFreq: 1.47GHz
	CPI: 0.390 VPI: 0.00, Mem. bwidth: 0.15GB/s GFLOPS: 0.00 I/O: 0.01MB/s No MPI  
	TPI 0.02 Cache miss rates: L1 0.64GB/s L2 0.00GB/s L3 0.00GB/s
	Total MPI calls 3
	IO DATA: rchar 4612 wchar 8843 syscr 51 syscw 27 read_bytes 0 write_bytes 294912
	Process OS info: (pid 514408 state R utime 1092 stime 1 cutime 0 cstime 0 CPU usage 98)
	CPU temperature (celsius): socket 0: 67 socket 1: 74[0m
EAR[514408](hratio_l30) at 2.60/1.47 in tcn361 MR[0] elapsed 9076 sec.: [32mLoop time: 1.107s DC Power: [35m516.6W[32m DRAM power: 0.00W PCK power: 427.98W
	avg. CPUFreq: 2.57GHz avg. IMCFreq: 1.47GHz
	CPI: 0.390 VPI: 0.00, Mem. bwidth: 0.11GB/s GFLOPS: 0.00 I/O: 0.01MB/s No MPI  
	TPI 0.02 Cache miss rates: L1 0.66GB/s L2 0.00GB/s L3 0.00GB/s
	Total MPI calls 3
	IO DATA: rchar 4612 wchar 8843 syscr 51 syscw 27 read_bytes 0 write_bytes 294912
	Process OS info: (pid 514408 state R utime 1093 stime 0 cutime 0 cstime 0 CPU usage 98)
	CPU temperature (celsius): socket 0: 67 socket 1: 74[0m
EAR[514408](hratio_l30) at 2.60/1.47 in tcn361 MR[0] elapsed 9087 sec.: [32mLoop time: 1.108s DC Power: [35m464.7W[32m DRAM power: 0.00W PCK power: 428.11W
	avg. CPUFreq: 2.57GHz avg. IMCFreq: 1.47GHz
	CPI: 0.390 VPI: 0.00, Mem. bwidth: 0.14GB/s GFLOPS: 0.00 I/O: 0.01MB/s No MPI  
	TPI 0.02 Cache miss rates: L1 0.63GB/s L2 0.00GB/s L3 0.00GB/s
	Total MPI calls 3
	IO DATA: rchar 4612 wchar 8843 syscr 51 syscw 27 read_bytes 0 write_bytes 294912
	Process OS info: (pid 514408 state R utime 1087 stime 1 cutime 0 cstime 0 CPU usage 98)
	CPU temperature (celsius): socket 0: 67 socket 1: 74[0m
EAR[514408](hratio_l30) at 2.60/1.47 in tcn361 MR[0] elapsed 9098 sec.: [32mLoop time: 1.108s DC Power: [35m516.2W[32m DRAM power: 0.00W PCK power: 428.01W
	avg. CPUFreq: 2.57GHz avg. IMCFreq: 1.47GHz
	CPI: 0.390 VPI: 0.00, Mem. bwidth: 0.11GB/s GFLOPS: 0.00 I/O: 0.01MB/s No MPI  
	TPI 0.02 Cache miss rates: L1 0.63GB/s L2 0.00GB/s L3 0.00GB/s
	Total MPI calls 3
	IO DATA: rchar 4612 wchar 8843 syscr 51 syscw 27 read_bytes 0 write_bytes 294912
	Process OS info: (pid 514408 state R utime 1093 stime 1 cutime 0 cstime 0 CPU usage 98)
	CPU temperature (celsius): socket 0: 67 socket 1: 74[0m
EAR[514408](hratio_l30) at 2.60/1.47 in tcn361 MR[0] elapsed 9109 sec.: [32mLoop time: 1.108s DC Power: [35m516.9W[32m DRAM power: 0.00W PCK power: 427.93W
	avg. CPUFreq: 2.57GHz avg. IMCFreq: 1.47GHz
	CPI: 0.390 VPI: 0.00, Mem. bwidth: 0.12GB/s GFLOPS: 0.00 I/O: 0.01MB/s No MPI  
	TPI 0.02 Cache miss rates: L1 0.64GB/s L2 0.00GB/s L3 0.00GB/s
	Total MPI calls 3
	IO DATA: rchar 4612 wchar 8843 syscr 51 syscw 27 read_bytes 0 write_bytes 471040
	Process OS info: (pid 514408 state R utime 1093 stime 0 cutime 0 cstime 0 CPU usage 98)
	CPU temperature (celsius): socket 0: 67 socket 1: 74[0m
EAR[514408](hratio_l30) at 2.60/1.47 in tcn361 MR[0] elapsed 9120 sec.: [32mLoop time: 1.107s DC Power: [35m517.4W[32m DRAM power: 0.00W PCK power: 428.20W
	avg. CPUFreq: 2.57GHz avg. IMCFreq: 1.47GHz
	CPI: 0.390 VPI: 0.00, Mem. bwidth: 0.13GB/s GFLOPS: 0.00 I/O: 0.01MB/s No MPI  
	TPI 0.02 Cache miss rates: L1 0.64GB/s L2 0.00GB/s L3 0.00GB/s
	Total MPI calls 3
	IO DATA: rchar 4612 wchar 8843 syscr 51 syscw 27 read_bytes 0 write_bytes 294912
	Process OS info: (pid 514408 state R utime 1087 stime 1 cutime 0 cstime 0 CPU usage 98)
	CPU temperature (celsius): socket 0: 67 socket 1: 74[0m
EAR[514408](hratio_l30) at 2.60/1.47 in tcn361 MR[0] elapsed 9131 sec.: [32mLoop time: 1.107s DC Power: [35m466.5W[32m DRAM power: 0.00W PCK power: 428.13W
	avg. CPUFreq: 2.57GHz avg. IMCFreq: 1.47GHz
	CPI: 0.390 VPI: 0.00, Mem. bwidth: 0.11GB/s GFLOPS: 0.00 I/O: 0.01MB/s No MPI  
	TPI 0.02 Cache miss rates: L1 0.63GB/s L2 0.00GB/s L3 0.00GB/s
	Total MPI calls 3
	IO DATA: rchar 4612 wchar 8843 syscr 51 syscw 27 read_bytes 0 write_bytes 294912
	Process OS info: (pid 514408 state R utime 1093 stime 1 cutime 0 cstime 0 CPU usage 98)
	CPU temperature (celsius): socket 0: 67 socket 1: 74[0m
EAR[514408](hratio_l30) at 2.60/1.47 in tcn361 MR[0] elapsed 9142 sec.: [32mLoop time: 1.108s DC Power: [35m518.1W[32m DRAM power: 0.00W PCK power: 428.33W
	avg. CPUFreq: 2.57GHz avg. IMCFreq: 1.47GHz
	CPI: 0.390 VPI: 0.00, Mem. bwidth: 0.13GB/s GFLOPS: 0.00 I/O: 0.01MB/s No MPI  
	TPI 0.02 Cache miss rates: L1 0.64GB/s L2 0.00GB/s L3 0.00GB/s
	Total MPI calls 3
	IO DATA: rchar 4612 wchar 8843 syscr 51 syscw 27 read_bytes 0 write_bytes 303104
	Process OS info: (pid 514408 state R utime 1093 stime 0 cutime 0 cstime 0 CPU usage 98)
	CPU temperature (celsius): socket 0: 67 socket 1: 74[0m
EAR[514408](hratio_l30) at 2.60/1.47 in tcn361 MR[0] elapsed 9153 sec.: [32mLoop time: 1.108s DC Power: [35m518.3W[32m DRAM power: 0.00W PCK power: 428.16W
	avg. CPUFreq: 2.57GHz avg. IMCFreq: 1.47GHz
	CPI: 0.390 VPI: 0.00, Mem. bwidth: 0.11GB/s GFLOPS: 0.00 I/O: 0.01MB/s No MPI  
	TPI 0.02 Cache miss rates: L1 0.64GB/s L2 0.00GB/s L3 0.00GB/s
	Total MPI calls 3
	IO DATA: rchar 4612 wchar 8843 syscr 51 syscw 27 read_bytes 0 write_bytes 303104
	Process OS info: (pid 514408 state R utime 1087 stime 1 cutime 0 cstime 0 CPU usage 98)
	CPU temperature (celsius): socket 0: 67 socket 1: 74[0m
EAR[514408](hratio_l30) at 2.60/1.47 in tcn361 MR[0] elapsed 9164 sec.: [32mLoop time: 1.108s DC Power: [35m518.0W[32m DRAM power: 0.00W PCK power: 428.11W
	avg. CPUFreq: 2.57GHz avg. IMCFreq: 1.47GHz
	CPI: 0.390 VPI: 0.00, Mem. bwidth: 0.11GB/s GFLOPS: 0.00 I/O: 0.01MB/s No MPI  
	TPI 0.02 Cache miss rates: L1 0.63GB/s L2 0.00GB/s L3 0.00GB/s
	Total MPI calls 3
	IO DATA: rchar 4612 wchar 8843 syscr 51 syscw 27 read_bytes 0 write_bytes 299008
	Process OS info: (pid 514408 state R utime 1093 stime 1 cutime 0 cstime 0 CPU usage 98)
	CPU temperature (celsius): socket 0: 67 socket 1: 74[0m
EAR[514408](hratio_l30) at 2.60/1.47 in tcn361 MR[0] elapsed 9175 sec.: [32mLoop time: 1.107s DC Power: [35m413.9W[32m DRAM power: 0.00W PCK power: 428.24W
	avg. CPUFreq: 2.57GHz avg. IMCFreq: 1.47GHz
	CPI: 0.390 VPI: 0.00, Mem. bwidth: 0.13GB/s GFLOPS: 0.00 I/O: 0.01MB/s No MPI  
	TPI 0.02 Cache miss rates: L1 0.64GB/s L2 0.00GB/s L3 0.00GB/s
	Total MPI calls 3
	IO DATA: rchar 4612 wchar 8843 syscr 51 syscw 27 read_bytes 0 write_bytes 294912
	Process OS info: (pid 514408 state R utime 1094 stime 0 cutime 0 cstime 0 CPU usage 98)
	CPU temperature (celsius): socket 0: 67 socket 1: 74[0m
EAR[514408](hratio_l30) at 2.60/1.47 in tcn361 MR[0] elapsed 9186 sec.: [32mLoop time: 1.107s DC Power: [35m517.4W[32m DRAM power: 0.00W PCK power: 428.15W
	avg. CPUFreq: 2.57GHz avg. IMCFreq: 1.47GHz
	CPI: 0.390 VPI: 0.00, Mem. bwidth: 0.10GB/s GFLOPS: 0.00 I/O: 0.01MB/s No MPI  
	TPI 0.01 Cache miss rates: L1 0.64GB/s L2 0.00GB/s L3 0.00GB/s
	Total MPI calls 3
	IO DATA: rchar 4612 wchar 8843 syscr 51 syscw 27 read_bytes 0 write_bytes 299008
	Process OS info: (pid 514408 state R utime 1086 stime 1 cutime 0 cstime 0 CPU usage 98)
	CPU temperature (celsius): socket 0: 67 socket 1: 74[0m
EAR[514408](hratio_l30) at 2.60/1.47 in tcn361 MR[0] elapsed 9198 sec.: [32mLoop time: 1.108s DC Power: [35m517.1W[32m DRAM power: 0.00W PCK power: 428.11W
	avg. CPUFreq: 2.57GHz avg. IMCFreq: 1.47GHz
	CPI: 0.390 VPI: 0.00, Mem. bwidth: 0.10GB/s GFLOPS: 0.00 I/O: 0.01MB/s No MPI  
	TPI 0.01 Cache miss rates: L1 0.69GB/s L2 0.00GB/s L3 0.00GB/s
	Total MPI calls 3
	IO DATA: rchar 4612 wchar 8843 syscr 51 syscw 27 read_bytes 0 write_bytes 290816
	Process OS info: (pid 514408 state R utime 1093 stime 0 cutime 0 cstime 0 CPU usage 98)
	CPU temperature (celsius): socket 0: 67 socket 1: 74[0m
EAR[514408](hratio_l30) at 2.60/1.47 in tcn361 MR[0] elapsed 9209 sec.: [32mLoop time: 1.108s DC Power: [35m516.4W[32m DRAM power: 0.00W PCK power: 428.17W
	avg. CPUFreq: 2.57GHz avg. IMCFreq: 1.47GHz
	CPI: 0.390 VPI: 0.00, Mem. bwidth: 0.15GB/s GFLOPS: 0.00 I/O: 0.01MB/s No MPI  
	TPI 0.02 Cache miss rates: L1 0.64GB/s L2 0.00GB/s L3 0.00GB/s
	Total MPI calls 3
	IO DATA: rchar 4612 wchar 8843 syscr 51 syscw 27 read_bytes 0 write_bytes 294912
	Process OS info: (pid 514408 state R utime 1085 stime 1 cutime 0 cstime 0 CPU usage 98)
	CPU temperature (celsius): socket 0: 67 socket 1: 74[0m
EAR[514408](hratio_l30) at 2.60/1.47 in tcn361 MR[0] elapsed 9220 sec.: [32mLoop time: 1.108s DC Power: [35m464.8W[32m DRAM power: 0.00W PCK power: 428.16W
	avg. CPUFreq: 2.57GHz avg. IMCFreq: 1.47GHz
	CPI: 0.390 VPI: 0.00, Mem. bwidth: 0.12GB/s GFLOPS: 0.00 I/O: 0.01MB/s No MPI  
	TPI 0.02 Cache miss rates: L1 0.64GB/s L2 0.00GB/s L3 0.00GB/s
	Total MPI calls 3
	IO DATA: rchar 4612 wchar 8843 syscr 51 syscw 27 read_bytes 0 write_bytes 299008
	Process OS info: (pid 514408 state R utime 1092 stime 1 cutime 0 cstime 0 CPU usage 98)
	CPU temperature (celsius): socket 0: 67 socket 1: 74[0m
EAR[514408](hratio_l30) at 2.60/1.47 in tcn361 MR[0] elapsed 9231 sec.: [32mLoop time: 1.108s DC Power: [35m464.7W[32m DRAM power: 0.00W PCK power: 428.13W
	avg. CPUFreq: 2.57GHz avg. IMCFreq: 1.47GHz
	CPI: 0.390 VPI: 0.00, Mem. bwidth: 0.12GB/s GFLOPS: 0.00 I/O: 0.01MB/s No MPI  
	TPI 0.02 Cache miss rates: L1 0.64GB/s L2 0.00GB/s L3 0.00GB/s
	Total MPI calls 3
	IO DATA: rchar 4612 wchar 8843 syscr 51 syscw 27 read_bytes 0 write_bytes 294912
	Process OS info: (pid 514408 state R utime 1092 stime 0 cutime 0 cstime 0 CPU usage 98)
	CPU temperature (celsius): socket 0: 67 socket 1: 74[0m
EAR[514408](hratio_l30) at 2.60/1.47 in tcn361 MR[0] elapsed 9242 sec.: [32mLoop time: 1.108s DC Power: [35m517.1W[32m DRAM power: 0.00W PCK power: 428.10W
	avg. CPUFreq: 2.57GHz avg. IMCFreq: 1.47GHz
	CPI: 0.390 VPI: 0.00, Mem. bwidth: 0.13GB/s GFLOPS: 0.00 I/O: 0.01MB/s No MPI  
	TPI 0.02 Cache miss rates: L1 0.64GB/s L2 0.00GB/s L3 0.00GB/s
	Total MPI calls 3
	IO DATA: rchar 4612 wchar 8843 syscr 51 syscw 27 read_bytes 0 write_bytes 294912
	Process OS info: (pid 514408 state R utime 1086 stime 1 cutime 0 cstime 0 CPU usage 98)
	CPU temperature (celsius): socket 0: 67 socket 1: 74[0m
EAR[514408](hratio_l30) at 2.60/1.47 in tcn361 MR[0] elapsed 9253 sec.: [32mLoop time: 1.108s DC Power: [35m517.2W[32m DRAM power: 0.00W PCK power: 428.06W
	avg. CPUFreq: 2.57GHz avg. IMCFreq: 1.47GHz
	CPI: 0.390 VPI: 0.00, Mem. bwidth: 0.10GB/s GFLOPS: 0.00 I/O: 0.01MB/s No MPI  
	TPI 0.01 Cache miss rates: L1 0.64GB/s L2 0.00GB/s L3 0.00GB/s
	Total MPI calls 3
	IO DATA: rchar 4612 wchar 8843 syscr 51 syscw 27 read_bytes 0 write_bytes 294912
	Process OS info: (pid 514408 state R utime 1092 stime 1 cutime 0 cstime 0 CPU usage 98)
	CPU temperature (celsius): socket 0: 67 socket 1: 74[0m
EAR[514408](hratio_l30) at 2.60/1.47 in tcn361 MR[0] elapsed 9264 sec.: [32mLoop time: 1.108s DC Power: [35m465.6W[32m DRAM power: 0.00W PCK power: 428.13W
	avg. CPUFreq: 2.57GHz avg. IMCFreq: 1.47GHz
	CPI: 0.390 VPI: 0.00, Mem. bwidth: 0.12GB/s GFLOPS: 0.00 I/O: 0.01MB/s No MPI  
	TPI 0.02 Cache miss rates: L1 0.64GB/s L2 0.00GB/s L3 0.00GB/s
	Total MPI calls 3
	IO DATA: rchar 4612 wchar 8843 syscr 51 syscw 27 read_bytes 0 write_bytes 299008
	Process OS info: (pid 514408 state R utime 1092 stime 0 cutime 0 cstime 0 CPU usage 98)
	CPU temperature (celsius): socket 0: 67 socket 1: 74[0m
EAR[514408](hratio_l30) at 2.60/1.47 in tcn361 MR[0] elapsed 9275 sec.: [32mLoop time: 1.107s DC Power: [35m516.8W[32m DRAM power: 0.00W PCK power: 428.01W
	avg. CPUFreq: 2.57GHz avg. IMCFreq: 1.47GHz
	CPI: 0.390 VPI: 0.00, Mem. bwidth: 0.12GB/s GFLOPS: 0.00 I/O: 0.01MB/s No MPI  
	TPI 0.02 Cache miss rates: L1 0.64GB/s L2 0.00GB/s L3 0.00GB/s
	Total MPI calls 3
	IO DATA: rchar 4612 wchar 8843 syscr 51 syscw 27 read_bytes 0 write_bytes 303104
	Process OS info: (pid 514408 state R utime 1087 stime 1 cutime 0 cstime 0 CPU usage 98)
	CPU temperature (celsius): socket 0: 67 socket 1: 74[0m
EAR[514408](hratio_l30) at 2.60/1.47 in tcn361 MR[0] elapsed 9286 sec.: [32mLoop time: 1.108s DC Power: [35m517.2W[32m DRAM power: 0.00W PCK power: 428.01W
	avg. CPUFreq: 2.57GHz avg. IMCFreq: 1.47GHz
	CPI: 0.390 VPI: 0.00, Mem. bwidth: 0.11GB/s GFLOPS: 0.00 I/O: 0.01MB/s No MPI  
	TPI 0.02 Cache miss rates: L1 0.66GB/s L2 0.00GB/s L3 0.00GB/s
	Total MPI calls 3
	IO DATA: rchar 4612 wchar 8843 syscr 51 syscw 27 read_bytes 0 write_bytes 299008
	Process OS info: (pid 514408 state R utime 1092 stime 1 cutime 0 cstime 0 CPU usage 98)
	CPU temperature (celsius): socket 0: 67 socket 1: 74[0m
EAR[514408](hratio_l30) at 2.60/1.47 in tcn361 MR[0] elapsed 9297 sec.: [32mLoop time: 1.108s DC Power: [35m517.7W[32m DRAM power: 0.00W PCK power: 428.23W
	avg. CPUFreq: 2.57GHz avg. IMCFreq: 1.47GHz
	CPI: 0.390 VPI: 0.00, Mem. bwidth: 0.17GB/s GFLOPS: 0.00 I/O: 0.01MB/s No MPI  
	TPI 0.02 Cache miss rates: L1 0.68GB/s L2 0.00GB/s L3 0.00GB/s
	Total MPI calls 3
	IO DATA: rchar 4612 wchar 8843 syscr 51 syscw 27 read_bytes 0 write_bytes 409600
	Process OS info: (pid 514408 state R utime 1087 stime 1 cutime 0 cstime 0 CPU usage 98)
	CPU temperature (celsius): socket 0: 67 socket 1: 74[0m
EAR[514408](hratio_l30) at 2.60/1.47 in tcn361 MR[0] elapsed 9308 sec.: [32mLoop time: 1.107s DC Power: [35m518.5W[32m DRAM power: 0.00W PCK power: 428.14W
	avg. CPUFreq: 2.57GHz avg. IMCFreq: 1.47GHz
	CPI: 0.390 VPI: 0.00, Mem. bwidth: 0.10GB/s GFLOPS: 0.00 I/O: 0.01MB/s No MPI  
	TPI 0.01 Cache miss rates: L1 0.68GB/s L2 0.00GB/s L3 0.00GB/s
	Total MPI calls 3
	IO DATA: rchar 4612 wchar 8843 syscr 51 syscw 27 read_bytes 0 write_bytes 294912
	Process OS info: (pid 514408 state R utime 1093 stime 1 cutime 0 cstime 0 CPU usage 98)
	CPU temperature (celsius): socket 0: 67 socket 1: 74[0m
EAR[514408](hratio_l30) at 2.60/1.47 in tcn361 MR[0] elapsed 9319 sec.: [32mLoop time: 1.108s DC Power: [35m518.1W[32m DRAM power: 0.00W PCK power: 428.17W
	avg. CPUFreq: 2.57GHz avg. IMCFreq: 1.47GHz
	CPI: 0.390 VPI: 0.00, Mem. bwidth: 0.12GB/s GFLOPS: 0.00 I/O: 0.01MB/s No MPI  
	TPI 0.02 Cache miss rates: L1 0.67GB/s L2 0.00GB/s L3 0.00GB/s
	Total MPI calls 3
	IO DATA: rchar 4612 wchar 8843 syscr 51 syscw 27 read_bytes 0 write_bytes 311296
	Process OS info: (pid 514408 state R utime 1093 stime 0 cutime 0 cstime 0 CPU usage 98)
	CPU temperature (celsius): socket 0: 67 socket 1: 74[0m
EAR[514408](hratio_l30) at 2.60/1.47 in tcn361 MR[0] elapsed 9330 sec.: [32mLoop time: 1.108s DC Power: [35m518.2W[32m DRAM power: 0.00W PCK power: 428.31W
	avg. CPUFreq: 2.57GHz avg. IMCFreq: 1.47GHz
	CPI: 0.390 VPI: 0.00, Mem. bwidth: 0.14GB/s GFLOPS: 0.00 I/O: 0.01MB/s No MPI  
	TPI 0.02 Cache miss rates: L1 0.69GB/s L2 0.00GB/s L3 0.00GB/s
	Total MPI calls 3
	IO DATA: rchar 4612 wchar 8843 syscr 51 syscw 27 read_bytes 0 write_bytes 294912
	Process OS info: (pid 514408 state R utime 1093 stime 1 cutime 0 cstime 0 CPU usage 98)
	CPU temperature (celsius): socket 0: 67 socket 1: 74[0m
EAR[514408](hratio_l30) at 2.60/1.47 in tcn361 MR[0] elapsed 9342 sec.: [32mLoop time: 1.111s DC Power: [35m516.0W[32m DRAM power: 0.00W PCK power: 428.09W
	avg. CPUFreq: 2.57GHz avg. IMCFreq: 1.47GHz
	CPI: 0.390 VPI: 0.00, Mem. bwidth: 0.26GB/s GFLOPS: 0.00 I/O: 0.01MB/s No MPI  
	TPI 0.04 Cache miss rates: L1 0.73GB/s L2 0.00GB/s L3 0.00GB/s
	Total MPI calls 3
	IO DATA: rchar 4612 wchar 8843 syscr 51 syscw 27 read_bytes 0 write_bytes 294912
	Process OS info: (pid 514408 state R utime 1002 stime 1 cutime 0 cstime 0 CPU usage 90)
	CPU temperature (celsius): socket 0: 67 socket 1: 74[0m
EAR[514408](hratio_l30) at 2.60/1.47 in tcn361 MR[0] elapsed 9353 sec.: [32mLoop time: 1.108s DC Power: [35m413.8W[32m DRAM power: 0.00W PCK power: 428.48W
	avg. CPUFreq: 2.57GHz avg. IMCFreq: 1.47GHz
	CPI: 0.389 VPI: 0.00, Mem. bwidth: 0.25GB/s GFLOPS: 0.00 I/O: 0.01MB/s No MPI  
	TPI 0.04 Cache miss rates: L1 0.68GB/s L2 0.00GB/s L3 0.00GB/s
	Total MPI calls 3
	IO DATA: rchar 4612 wchar 8843 syscr 51 syscw 27 read_bytes 0 write_bytes 299008
	Process OS info: (pid 514408 state R utime 1060 stime 2 cutime 0 cstime 0 CPU usage 95)
	CPU temperature (celsius): socket 0: 67 socket 1: 74[0m
EAR[514408](hratio_l30) at 2.60/1.47 in tcn361 MR[0] elapsed 9364 sec.: [32mLoop time: 1.107s DC Power: [35m517.5W[32m DRAM power: 0.00W PCK power: 428.51W
	avg. CPUFreq: 2.57GHz avg. IMCFreq: 1.47GHz
	CPI: 0.389 VPI: 0.00, Mem. bwidth: 0.31GB/s GFLOPS: 0.00 I/O: 0.01MB/s No MPI  
	TPI 0.05 Cache miss rates: L1 0.68GB/s L2 0.00GB/s L3 0.00GB/s
	Total MPI calls 3
	IO DATA: rchar 4612 wchar 8843 syscr 51 syscw 27 read_bytes 0 write_bytes 294912
	Process OS info: (pid 514408 state R utime 1072 stime 1 cutime 0 cstime 0 CPU usage 96)
	CPU temperature (celsius): socket 0: 67 socket 1: 74[0m
EAR[514408](hratio_l30) at 2.60/1.47 in tcn361 MR[0] elapsed 9375 sec.: [32mLoop time: 1.107s DC Power: [35m517.4W[32m DRAM power: 0.00W PCK power: 428.39W
	avg. CPUFreq: 2.57GHz avg. IMCFreq: 1.47GHz
	CPI: 0.389 VPI: 0.00, Mem. bwidth: 0.20GB/s GFLOPS: 0.00 I/O: 0.01MB/s No MPI  
	TPI 0.03 Cache miss rates: L1 0.68GB/s L2 0.00GB/s L3 0.00GB/s
	Total MPI calls 3
	IO DATA: rchar 4612 wchar 8843 syscr 51 syscw 27 read_bytes 0 write_bytes 294912
	Process OS info: (pid 514408 state R utime 1079 stime 0 cutime 0 cstime 0 CPU usage 97)
	CPU temperature (celsius): socket 0: 67 socket 1: 74[0m
EAR[514408](hratio_l30) at 2.60/1.47 in tcn361 MR[0] elapsed 9386 sec.: [32mLoop time: 1.108s DC Power: [35m517.3W[32m DRAM power: 0.00W PCK power: 428.91W
	avg. CPUFreq: 2.57GHz avg. IMCFreq: 1.47GHz
	CPI: 0.389 VPI: 0.00, Mem. bwidth: 0.37GB/s GFLOPS: 0.00 I/O: 0.01MB/s No MPI  
	TPI 0.06 Cache miss rates: L1 0.68GB/s L2 0.00GB/s L3 0.00GB/s
	Total MPI calls 3
	IO DATA: rchar 4612 wchar 8843 syscr 51 syscw 27 read_bytes 0 write_bytes 307200
	Process OS info: (pid 514408 state R utime 1078 stime 1 cutime 0 cstime 0 CPU usage 97)
	CPU temperature (celsius): socket 0: 67 socket 1: 74[0m
EAR[514408](hratio_l30) at 2.60/1.47 in tcn361 MR[0] elapsed 9397 sec.: [32mLoop time: 1.108s DC Power: [35m465.5W[32m DRAM power: 0.00W PCK power: 428.84W
	avg. CPUFreq: 2.57GHz avg. IMCFreq: 1.47GHz
	CPI: 0.389 VPI: 0.00, Mem. bwidth: 0.25GB/s GFLOPS: 0.00 I/O: 0.01MB/s No MPI  
	TPI 0.04 Cache miss rates: L1 0.68GB/s L2 0.00GB/s L3 0.00GB/s
	Total MPI calls 3
	IO DATA: rchar 4612 wchar 8843 syscr 51 syscw 27 read_bytes 0 write_bytes 303104
	Process OS info: (pid 514408 state R utime 1092 stime 1 cutime 0 cstime 0 CPU usage 98)
	CPU temperature (celsius): socket 0: 67 socket 1: 74[0m
EAR[514408](hratio_l30) at 2.60/1.47 in tcn361 MR[0] elapsed 9408 sec.: [32mLoop time: 1.108s DC Power: [35m517.0W[32m DRAM power: 0.00W PCK power: 428.63W
	avg. CPUFreq: 2.57GHz avg. IMCFreq: 1.47GHz
	CPI: 0.389 VPI: 0.00, Mem. bwidth: 0.13GB/s GFLOPS: 0.00 I/O: 0.01MB/s No MPI  
	TPI 0.02 Cache miss rates: L1 0.67GB/s L2 0.00GB/s L3 0.00GB/s
	Total MPI calls 3
	IO DATA: rchar 4612 wchar 8843 syscr 51 syscw 27 read_bytes 0 write_bytes 299008
	Process OS info: (pid 514408 state R utime 1092 stime 1 cutime 0 cstime 0 CPU usage 98)
	CPU temperature (celsius): socket 0: 67 socket 1: 74[0m
EAR[514408](hratio_l30) at 2.60/1.47 in tcn361 MR[0] elapsed 9419 sec.: [32mLoop time: 1.107s DC Power: [35m517.4W[32m DRAM power: 0.00W PCK power: 429.01W
	avg. CPUFreq: 2.57GHz avg. IMCFreq: 1.47GHz
	CPI: 0.388 VPI: 0.00, Mem. bwidth: 0.14GB/s GFLOPS: 0.00 I/O: 0.01MB/s No MPI  
	TPI 0.02 Cache miss rates: L1 0.66GB/s L2 0.00GB/s L3 0.00GB/s
	Total MPI calls 3
	IO DATA: rchar 4612 wchar 8843 syscr 51 syscw 27 read_bytes 0 write_bytes 294912
	Process OS info: (pid 514408 state R utime 1092 stime 0 cutime 0 cstime 0 CPU usage 98)
	CPU temperature (celsius): socket 0: 67 socket 1: 74[0m
EAR[514408](hratio_l30) at 2.60/1.47 in tcn361 MR[0] elapsed 9430 sec.: [32mLoop time: 1.108s DC Power: [35m517.0W[32m DRAM power: 0.00W PCK power: 428.92W
	avg. CPUFreq: 2.57GHz avg. IMCFreq: 1.47GHz
	CPI: 0.388 VPI: 0.00, Mem. bwidth: 0.10GB/s GFLOPS: 0.00 I/O: 0.01MB/s No MPI  
	TPI 0.02 Cache miss rates: L1 0.65GB/s L2 0.00GB/s L3 0.00GB/s
	Total MPI calls 3
	IO DATA: rchar 4612 wchar 8843 syscr 51 syscw 27 read_bytes 0 write_bytes 294912
	Process OS info: (pid 514408 state R utime 1093 stime 1 cutime 0 cstime 0 CPU usage 98)
	CPU temperature (celsius): socket 0: 67 socket 1: 74[0m
EAR[514408](hratio_l30) at 2.60/1.47 in tcn361 MR[0] elapsed 9441 sec.: [32mLoop time: 1.108s DC Power: [35m465.6W[32m DRAM power: 0.00W PCK power: 429.10W
	avg. CPUFreq: 2.57GHz avg. IMCFreq: 1.47GHz
	CPI: 0.388 VPI: 0.00, Mem. bwidth: 0.12GB/s GFLOPS: 0.00 I/O: 0.01MB/s No MPI  
	TPI 0.02 Cache miss rates: L1 0.66GB/s L2 0.00GB/s L3 0.00GB/s
	Total MPI calls 3
	IO DATA: rchar 4612 wchar 8843 syscr 51 syscw 27 read_bytes 0 write_bytes 303104
	Process OS info: (pid 514408 state R utime 1093 stime 1 cutime 0 cstime 0 CPU usage 98)
	CPU temperature (celsius): socket 0: 67 socket 1: 74[0m
EAR[514408](hratio_l30) at 2.60/1.47 in tcn361 MR[0] elapsed 9452 sec.: [32mLoop time: 1.107s DC Power: [35m517.5W[32m DRAM power: 0.00W PCK power: 428.98W
	avg. CPUFreq: 2.57GHz avg. IMCFreq: 1.47GHz
	CPI: 0.388 VPI: 0.00, Mem. bwidth: 0.12GB/s GFLOPS: 0.00 I/O: 0.01MB/s No MPI  
	TPI 0.02 Cache miss rates: L1 0.65GB/s L2 0.00GB/s L3 0.00GB/s
	Total MPI calls 3
	IO DATA: rchar 4612 wchar 8843 syscr 51 syscw 27 read_bytes 0 write_bytes 315392
	Process OS info: (pid 514408 state R utime 1093 stime 0 cutime 0 cstime 0 CPU usage 98)
	CPU temperature (celsius): socket 0: 67 socket 1: 74[0m
EAR[514408](hratio_l30) at 2.60/1.47 in tcn361 MR[0] elapsed 9463 sec.: [32mLoop time: 1.107s DC Power: [35m518.3W[32m DRAM power: 0.00W PCK power: 429.10W
	avg. CPUFreq: 2.57GHz avg. IMCFreq: 1.47GHz
	CPI: 0.388 VPI: 0.00, Mem. bwidth: 0.10GB/s GFLOPS: 0.00 I/O: 0.01MB/s No MPI  
	TPI 0.01 Cache miss rates: L1 0.66GB/s L2 0.00GB/s L3 0.00GB/s
	Total MPI calls 3
	IO DATA: rchar 4612 wchar 8843 syscr 51 syscw 27 read_bytes 0 write_bytes 299008
	Process OS info: (pid 514408 state R utime 1093 stime 1 cutime 0 cstime 0 CPU usage 98)
	CPU temperature (celsius): socket 0: 68 socket 1: 74[0m
EAR[514408](hratio_l30) at 2.60/1.47 in tcn361 MR[0] elapsed 9475 sec.: [32mLoop time: 1.107s DC Power: [35m467.3W[32m DRAM power: 0.00W PCK power: 429.18W
	avg. CPUFreq: 2.57GHz avg. IMCFreq: 1.47GHz
	CPI: 0.388 VPI: 0.00, Mem. bwidth: 0.13GB/s GFLOPS: 0.00 I/O: 0.01MB/s No MPI  
	TPI 0.02 Cache miss rates: L1 0.67GB/s L2 0.00GB/s L3 0.00GB/s
	Total MPI calls 3
	IO DATA: rchar 4612 wchar 8843 syscr 51 syscw 27 read_bytes 0 write_bytes 294912
	Process OS info: (pid 514408 state R utime 1092 stime 0 cutime 0 cstime 0 CPU usage 98)
	CPU temperature (celsius): socket 0: 67 socket 1: 74[0m
EAR[514408](hratio_l30) at 2.60/1.47 in tcn361 MR[0] elapsed 9486 sec.: [32mLoop time: 1.108s DC Power: [35m467.2W[32m DRAM power: 0.00W PCK power: 429.16W
	avg. CPUFreq: 2.57GHz avg. IMCFreq: 1.47GHz
	CPI: 0.388 VPI: 0.00, Mem. bwidth: 0.10GB/s GFLOPS: 0.00 I/O: 0.01MB/s No MPI  
	TPI 0.01 Cache miss rates: L1 0.70GB/s L2 0.00GB/s L3 0.00GB/s
	Total MPI calls 3
	IO DATA: rchar 4612 wchar 8843 syscr 51 syscw 27 read_bytes 0 write_bytes 299008
	Process OS info: (pid 514408 state R utime 1094 stime 1 cutime 0 cstime 0 CPU usage 98)
	CPU temperature (celsius): socket 0: 67 socket 1: 74[0m
EAR[514408](hratio_l30) at 2.60/1.47 in tcn361 MR[0] elapsed 9497 sec.: [32mLoop time: 1.108s DC Power: [35m519.3W[32m DRAM power: 0.00W PCK power: 429.43W
	avg. CPUFreq: 2.57GHz avg. IMCFreq: 1.47GHz
	CPI: 0.387 VPI: 0.00, Mem. bwidth: 0.11GB/s GFLOPS: 0.00 I/O: 0.01MB/s No MPI  
	TPI 0.02 Cache miss rates: L1 0.64GB/s L2 0.00GB/s L3 0.00GB/s
	Total MPI calls 3
	IO DATA: rchar 4612 wchar 8843 syscr 51 syscw 27 read_bytes 0 write_bytes 294912
	Process OS info: (pid 514408 state R utime 1093 stime 0 cutime 0 cstime 0 CPU usage 98)
	CPU temperature (celsius): socket 0: 67 socket 1: 74[0m
EAR[514408](hratio_l30) at 2.60/1.47 in tcn361 MR[0] elapsed 9508 sec.: [32mLoop time: 1.108s DC Power: [35m519.0W[32m DRAM power: 0.00W PCK power: 429.56W
	avg. CPUFreq: 2.57GHz avg. IMCFreq: 1.47GHz
	CPI: 0.387 VPI: 0.00, Mem. bwidth: 0.13GB/s GFLOPS: 0.00 I/O: 0.01MB/s No MPI  
	TPI 0.02 Cache miss rates: L1 0.63GB/s L2 0.00GB/s L3 0.00GB/s
	Total MPI calls 3
	IO DATA: rchar 4612 wchar 8843 syscr 51 syscw 27 read_bytes 0 write_bytes 294912
	Process OS info: (pid 514408 state R utime 1092 stime 1 cutime 0 cstime 0 CPU usage 98)
	CPU temperature (celsius): socket 0: 67 socket 1: 74[0m
EAR[514408](hratio_l30) at 2.60/1.47 in tcn361 MR[0] elapsed 9519 sec.: [32mLoop time: 1.109s DC Power: [35m517.4W[32m DRAM power: 0.00W PCK power: 429.48W
	avg. CPUFreq: 2.57GHz avg. IMCFreq: 1.47GHz
	CPI: 0.387 VPI: 0.00, Mem. bwidth: 0.11GB/s GFLOPS: 0.00 I/O: 0.01MB/s No MPI  
	TPI 0.02 Cache miss rates: L1 0.64GB/s L2 0.00GB/s L3 0.00GB/s
	Total MPI calls 3
	IO DATA: rchar 4612 wchar 8843 syscr 51 syscw 27 read_bytes 0 write_bytes 315392
	Process OS info: (pid 514408 state R utime 1094 stime 1 cutime 0 cstime 0 CPU usage 98)
	CPU temperature (celsius): socket 0: 67 socket 1: 74[0m
EAR[514408](hratio_l30) at 2.60/1.47 in tcn361 MR[0] elapsed 9530 sec.: [32mLoop time: 1.108s DC Power: [35m414.6W[32m DRAM power: 0.00W PCK power: 429.54W
	avg. CPUFreq: 2.57GHz avg. IMCFreq: 1.47GHz
	CPI: 0.387 VPI: 0.00, Mem. bwidth: 0.09GB/s GFLOPS: 0.00 I/O: 0.01MB/s No MPI  
	TPI 0.01 Cache miss rates: L1 0.63GB/s L2 0.00GB/s L3 0.00GB/s
	Total MPI calls 3
	IO DATA: rchar 4612 wchar 8843 syscr 51 syscw 27 read_bytes 0 write_bytes 299008
	Process OS info: (pid 514408 state R utime 1093 stime 1 cutime 0 cstime 0 CPU usage 98)
	CPU temperature (celsius): socket 0: 67 socket 1: 74[0m
EAR[514408](hratio_l30) at 2.60/1.47 in tcn361 MR[0] elapsed 9541 sec.: [32mLoop time: 1.108s DC Power: [35m518.2W[32m DRAM power: 0.00W PCK power: 429.52W
	avg. CPUFreq: 2.57GHz avg. IMCFreq: 1.47GHz
	CPI: 0.387 VPI: 0.00, Mem. bwidth: 0.17GB/s GFLOPS: 0.00 I/O: 0.01MB/s No MPI  
	TPI 0.03 Cache miss rates: L1 0.63GB/s L2 0.00GB/s L3 0.00GB/s
	Total MPI calls 3
	IO DATA: rchar 4612 wchar 8843 syscr 51 syscw 27 read_bytes 0 write_bytes 294912
	Process OS info: (pid 514408 state R utime 1092 stime 0 cutime 0 cstime 0 CPU usage 98)
	CPU temperature (celsius): socket 0: 67 socket 1: 74[0m
EAR[514408](hratio_l30) at 2.60/1.47 in tcn361 MR[0] elapsed 9552 sec.: [32mLoop time: 1.107s DC Power: [35m518.3W[32m DRAM power: 0.00W PCK power: 429.42W
	avg. CPUFreq: 2.57GHz avg. IMCFreq: 1.47GHz
	CPI: 0.387 VPI: 0.00, Mem. bwidth: 0.11GB/s GFLOPS: 0.00 I/O: 0.01MB/s No MPI  
	TPI 0.02 Cache miss rates: L1 0.64GB/s L2 0.00GB/s L3 0.00GB/s
	Total MPI calls 3
	IO DATA: rchar 4612 wchar 8843 syscr 51 syscw 27 read_bytes 0 write_bytes 294912
	Process OS info: (pid 514408 state R utime 1093 stime 1 cutime 0 cstime 0 CPU usage 98)
	CPU temperature (celsius): socket 0: 67 socket 1: 74[0m
EAR[514408](hratio_l30) at 2.60/1.47 in tcn361 MR[0] elapsed 9563 sec.: [32mLoop time: 1.108s DC Power: [35m518.2W[32m DRAM power: 0.00W PCK power: 429.55W
	avg. CPUFreq: 2.57GHz avg. IMCFreq: 1.47GHz
	CPI: 0.387 VPI: 0.00, Mem. bwidth: 0.12GB/s GFLOPS: 0.00 I/O: 0.01MB/s No MPI  
	TPI 0.02 Cache miss rates: L1 0.64GB/s L2 0.00GB/s L3 0.00GB/s
	Total MPI calls 3
	IO DATA: rchar 4612 wchar 8843 syscr 51 syscw 27 read_bytes 0 write_bytes 299008
	Process OS info: (pid 514408 state R utime 1093 stime 0 cutime 0 cstime 0 CPU usage 98)
	CPU temperature (celsius): socket 0: 67 socket 1: 74[0m
EAR[514408](hratio_l30) at 2.60/1.47 in tcn361 MR[0] elapsed 9574 sec.: [32mLoop time: 1.108s DC Power: [35m518.1W[32m DRAM power: 0.00W PCK power: 429.42W
	avg. CPUFreq: 2.57GHz avg. IMCFreq: 1.47GHz
	CPI: 0.387 VPI: 0.00, Mem. bwidth: 0.11GB/s GFLOPS: 0.00 I/O: 0.01MB/s No MPI  
	TPI 0.02 Cache miss rates: L1 0.64GB/s L2 0.00GB/s L3 0.00GB/s
	Total MPI calls 3
	IO DATA: rchar 4612 wchar 8843 syscr 51 syscw 27 read_bytes 0 write_bytes 307200
	Process OS info: (pid 514408 state R utime 1093 stime 1 cutime 0 cstime 0 CPU usage 98)
	CPU temperature (celsius): socket 0: 67 socket 1: 74[0m
EAR[514408](hratio_l30) at 2.60/1.47 in tcn361 MR[0] elapsed 9585 sec.: [32mLoop time: 1.108s DC Power: [35m518.2W[32m DRAM power: 0.00W PCK power: 429.42W
	avg. CPUFreq: 2.57GHz avg. IMCFreq: 1.47GHz
	CPI: 0.387 VPI: 0.00, Mem. bwidth: 0.11GB/s GFLOPS: 0.00 I/O: 0.01MB/s No MPI  
	TPI 0.02 Cache miss rates: L1 0.64GB/s L2 0.00GB/s L3 0.00GB/s
	Total MPI calls 3
	IO DATA: rchar 4612 wchar 8843 syscr 51 syscw 27 read_bytes 0 write_bytes 360448
	Process OS info: (pid 514408 state R utime 1093 stime 1 cutime 0 cstime 0 CPU usage 98)
	CPU temperature (celsius): socket 0: 68 socket 1: 74[0m
EAR[514408](hratio_l30) at 2.60/1.47 in tcn361 MR[0] elapsed 9596 sec.: [32mLoop time: 1.108s DC Power: [35m466.2W[32m DRAM power: 0.00W PCK power: 429.62W
	avg. CPUFreq: 2.57GHz avg. IMCFreq: 1.47GHz
	CPI: 0.387 VPI: 0.00, Mem. bwidth: 0.14GB/s GFLOPS: 0.00 I/O: 0.01MB/s No MPI  
	TPI 0.02 Cache miss rates: L1 0.64GB/s L2 0.00GB/s L3 0.00GB/s
	Total MPI calls 3
	IO DATA: rchar 4612 wchar 8843 syscr 51 syscw 27 read_bytes 0 write_bytes 294912
	Process OS info: (pid 514408 state R utime 1093 stime 0 cutime 0 cstime 0 CPU usage 98)
	CPU temperature (celsius): socket 0: 67 socket 1: 74[0m
EAR[514408](hratio_l30) at 2.60/1.47 in tcn361 MR[0] elapsed 9607 sec.: [32mLoop time: 1.110s DC Power: [35m517.2W[32m DRAM power: 0.00W PCK power: 429.68W
	avg. CPUFreq: 2.57GHz avg. IMCFreq: 1.47GHz
	CPI: 0.387 VPI: 0.00, Mem. bwidth: 0.10GB/s GFLOPS: 0.00 I/O: 0.01MB/s No MPI  
	TPI 0.01 Cache miss rates: L1 0.63GB/s L2 0.00GB/s L3 0.00GB/s
	Total MPI calls 3
	IO DATA: rchar 4612 wchar 8843 syscr 51 syscw 27 read_bytes 0 write_bytes 294912
	Process OS info: (pid 514408 state R utime 1094 stime 1 cutime 0 cstime 0 CPU usage 98)
	CPU temperature (celsius): socket 0: 67 socket 1: 74[0m
EAR[514408](hratio_l30) at 2.60/1.47 in tcn361 MR[0] elapsed 9619 sec.: [32mLoop time: 1.108s DC Power: [35m466.3W[32m DRAM power: 0.00W PCK power: 429.68W
	avg. CPUFreq: 2.57GHz avg. IMCFreq: 1.47GHz
	CPI: 0.386 VPI: 0.00, Mem. bwidth: 0.10GB/s GFLOPS: 0.00 I/O: 0.01MB/s No MPI  
	TPI 0.02 Cache miss rates: L1 0.64GB/s L2 0.00GB/s L3 0.00GB/s
	Total MPI calls 3
	IO DATA: rchar 4612 wchar 8843 syscr 51 syscw 27 read_bytes 0 write_bytes 294912
	Process OS info: (pid 514408 state R utime 1093 stime 1 cutime 0 cstime 0 CPU usage 98)
	CPU temperature (celsius): socket 0: 67 socket 1: 74[0m
EAR[514408](hratio_l30) at 2.60/1.47 in tcn361 MR[0] elapsed 9630 sec.: [32mLoop time: 1.107s DC Power: [35m518.6W[32m DRAM power: 0.00W PCK power: 430.25W
	avg. CPUFreq: 2.57GHz avg. IMCFreq: 1.47GHz
	CPI: 0.386 VPI: 0.00, Mem. bwidth: 0.13GB/s GFLOPS: 0.00 I/O: 0.01MB/s No MPI  
	TPI 0.02 Cache miss rates: L1 0.69GB/s L2 0.00GB/s L3 0.00GB/s
	Total MPI calls 3
	IO DATA: rchar 4612 wchar 8843 syscr 51 syscw 27 read_bytes 0 write_bytes 294912
	Process OS info: (pid 514408 state R utime 1093 stime 0 cutime 0 cstime 0 CPU usage 98)
	CPU temperature (celsius): socket 0: 67 socket 1: 74[0m
EAR[514408](hratio_l30) at 2.60/1.47 in tcn361 MR[0] elapsed 9641 sec.: [32mLoop time: 1.107s DC Power: [35m519.5W[32m DRAM power: 0.00W PCK power: 430.24W
	avg. CPUFreq: 2.57GHz avg. IMCFreq: 1.47GHz
	CPI: 0.386 VPI: 0.00, Mem. bwidth: 0.10GB/s GFLOPS: 0.00 I/O: 0.01MB/s No MPI  
	TPI 0.01 Cache miss rates: L1 0.64GB/s L2 0.00GB/s L3 0.00GB/s
	Total MPI calls 3
	IO DATA: rchar 4612 wchar 8843 syscr 51 syscw 27 read_bytes 0 write_bytes 294912
	Process OS info: (pid 514408 state R utime 1092 stime 1 cutime 0 cstime 0 CPU usage 98)
	CPU temperature (celsius): socket 0: 67 socket 1: 74[0m
EAR[514408](hratio_l30) at 2.60/1.47 in tcn361 MR[0] elapsed 9652 sec.: [32mLoop time: 1.108s DC Power: [35m468.2W[32m DRAM power: 0.00W PCK power: 430.33W
	avg. CPUFreq: 2.57GHz avg. IMCFreq: 1.47GHz
	CPI: 0.386 VPI: 0.00, Mem. bwidth: 0.13GB/s GFLOPS: 0.00 I/O: 0.01MB/s No MPI  
	TPI 0.02 Cache miss rates: L1 0.63GB/s L2 0.00GB/s L3 0.00GB/s
	Total MPI calls 3
	IO DATA: rchar 4612 wchar 8843 syscr 51 syscw 27 read_bytes 0 write_bytes 368640
	Process OS info: (pid 514408 state R utime 1094 stime 0 cutime 0 cstime 0 CPU usage 98)
	CPU temperature (celsius): socket 0: 68 socket 1: 75[0m
EAR[514408](hratio_l30) at 2.60/1.47 in tcn361 MR[0] elapsed 9663 sec.: [32mLoop time: 1.108s DC Power: [35m468.8W[32m DRAM power: 0.00W PCK power: 430.27W
	avg. CPUFreq: 2.57GHz avg. IMCFreq: 1.47GHz
	CPI: 0.386 VPI: 0.00, Mem. bwidth: 0.10GB/s GFLOPS: 0.00 I/O: 0.01MB/s No MPI  
	TPI 0.01 Cache miss rates: L1 0.64GB/s L2 0.00GB/s L3 0.00GB/s
	Total MPI calls 3
	IO DATA: rchar 4612 wchar 8843 syscr 51 syscw 27 read_bytes 0 write_bytes 294912
	Process OS info: (pid 514408 state R utime 1093 stime 1 cutime 0 cstime 0 CPU usage 98)
	CPU temperature (celsius): socket 0: 67 socket 1: 74[0m
EAR[514408](hratio_l30) at 2.60/1.47 in tcn361 MR[0] elapsed 9674 sec.: [32mLoop time: 1.108s DC Power: [35m520.0W[32m DRAM power: 0.00W PCK power: 430.18W
	avg. CPUFreq: 2.57GHz avg. IMCFreq: 1.47GHz
	CPI: 0.386 VPI: 0.00, Mem. bwidth: 0.11GB/s GFLOPS: 0.00 I/O: 0.01MB/s No MPI  
	TPI 0.02 Cache miss rates: L1 0.64GB/s L2 0.00GB/s L3 0.00GB/s
	Total MPI calls 3
	IO DATA: rchar 4612 wchar 8843 syscr 51 syscw 27 read_bytes 0 write_bytes 294912
	Process OS info: (pid 514408 state R utime 1093 stime 1 cutime 0 cstime 0 CPU usage 98)
	CPU temperature (celsius): socket 0: 68 socket 1: 74[0m
EAR[514408](hratio_l30) at 2.60/1.47 in tcn361 MR[0] elapsed 9685 sec.: [32mLoop time: 1.107s DC Power: [35m519.6W[32m DRAM power: 0.00W PCK power: 430.26W
	avg. CPUFreq: 2.57GHz avg. IMCFreq: 1.47GHz
	CPI: 0.385 VPI: 0.00, Mem. bwidth: 0.13GB/s GFLOPS: 0.00 I/O: 0.01MB/s No MPI  
	TPI 0.02 Cache miss rates: L1 0.63GB/s L2 0.00GB/s L3 0.00GB/s
	Total MPI calls 3
	IO DATA: rchar 4612 wchar 8843 syscr 51 syscw 27 read_bytes 0 write_bytes 294912
	Process OS info: (pid 514408 state R utime 1092 stime 1 cutime 0 cstime 0 CPU usage 98)
	CPU temperature (celsius): socket 0: 68 socket 1: 75[0m
EAR[514408](hratio_l30) at 2.60/1.47 in tcn361 MR[0] elapsed 9696 sec.: [32mLoop time: 1.112s DC Power: [35m517.0W[32m DRAM power: 0.00W PCK power: 430.15W
	avg. CPUFreq: 2.57GHz avg. IMCFreq: 1.47GHz
	CPI: 0.385 VPI: 0.00, Mem. bwidth: 0.11GB/s GFLOPS: 0.00 I/O: 0.01MB/s No MPI  
	TPI 0.02 Cache miss rates: L1 0.63GB/s L2 0.00GB/s L3 0.00GB/s
	Total MPI calls 3
	IO DATA: rchar 4612 wchar 8843 syscr 51 syscw 27 read_bytes 0 write_bytes 540672
	Process OS info: (pid 514408 state R utime 1094 stime 1 cutime 0 cstime 0 CPU usage 98)
	CPU temperature (celsius): socket 0: 67 socket 1: 74[0m
EAR[514408](hratio_l30) at 2.60/1.47 in tcn361 MR[0] elapsed 9707 sec.: [32mLoop time: 1.108s DC Power: [35m466.6W[32m DRAM power: 0.00W PCK power: 430.07W
	avg. CPUFreq: 2.57GHz avg. IMCFreq: 1.47GHz
	CPI: 0.385 VPI: 0.00, Mem. bwidth: 0.12GB/s GFLOPS: 0.00 I/O: 0.01MB/s No MPI  
	TPI 0.02 Cache miss rates: L1 0.62GB/s L2 0.00GB/s L3 0.00GB/s
	Total MPI calls 3
	IO DATA: rchar 4612 wchar 8843 syscr 51 syscw 27 read_bytes 0 write_bytes 303104
	Process OS info: (pid 514408 state R utime 1093 stime 1 cutime 0 cstime 0 CPU usage 98)
	CPU temperature (celsius): socket 0: 68 socket 1: 74[0m
EAR[514408](hratio_l30) at 2.60/1.47 in tcn361 MR[0] elapsed 9718 sec.: [32mLoop time: 1.108s DC Power: [35m518.7W[32m DRAM power: 0.00W PCK power: 430.61W
	avg. CPUFreq: 2.57GHz avg. IMCFreq: 1.47GHz
	CPI: 0.384 VPI: 0.00, Mem. bwidth: 0.13GB/s GFLOPS: 0.00 I/O: 0.01MB/s No MPI  
	TPI 0.02 Cache miss rates: L1 0.64GB/s L2 0.00GB/s L3 0.00GB/s
	Total MPI calls 3
	IO DATA: rchar 4612 wchar 8843 syscr 51 syscw 27 read_bytes 0 write_bytes 372736
	Process OS info: (pid 514408 state R utime 1093 stime 0 cutime 0 cstime 0 CPU usage 98)
	CPU temperature (celsius): socket 0: 68 socket 1: 75[0m
EAR[514408](hratio_l30) at 2.60/1.47 in tcn361 MR[0] elapsed 9729 sec.: [32mLoop time: 1.107s DC Power: [35m519.2W[32m DRAM power: 0.00W PCK power: 430.47W
	avg. CPUFreq: 2.57GHz avg. IMCFreq: 1.47GHz
	CPI: 0.385 VPI: 0.00, Mem. bwidth: 0.10GB/s GFLOPS: 0.00 I/O: 0.01MB/s No MPI  
	TPI 0.01 Cache miss rates: L1 0.63GB/s L2 0.00GB/s L3 0.00GB/s
	Total MPI calls 3
	IO DATA: rchar 4612 wchar 8843 syscr 51 syscw 27 read_bytes 0 write_bytes 299008
	Process OS info: (pid 514408 state R utime 1092 stime 1 cutime 0 cstime 0 CPU usage 98)
	CPU temperature (celsius): socket 0: 67 socket 1: 74[0m
EAR[514408](hratio_l30) at 2.60/1.47 in tcn361 MR[0] elapsed 9740 sec.: [32mLoop time: 1.107s DC Power: [35m519.3W[32m DRAM power: 0.00W PCK power: 430.85W
	avg. CPUFreq: 2.57GHz avg. IMCFreq: 1.47GHz
	CPI: 0.384 VPI: 0.00, Mem. bwidth: 0.09GB/s GFLOPS: 0.00 I/O: 0.01MB/s No MPI  
	TPI 0.01 Cache miss rates: L1 0.62GB/s L2 0.00GB/s L3 0.00GB/s
	Total MPI calls 3
	IO DATA: rchar 4612 wchar 8843 syscr 51 syscw 27 read_bytes 0 write_bytes 294912
	Process OS info: (pid 514408 state R utime 1093 stime 0 cutime 0 cstime 0 CPU usage 98)
	CPU temperature (celsius): socket 0: 67 socket 1: 74[0m
EAR[514408](hratio_l30) at 2.60/1.47 in tcn361 MR[0] elapsed 9752 sec.: [32mLoop time: 1.108s DC Power: [35m467.1W[32m DRAM power: 0.00W PCK power: 431.19W
	avg. CPUFreq: 2.57GHz avg. IMCFreq: 1.47GHz
	CPI: 0.383 VPI: 0.00, Mem. bwidth: 0.13GB/s GFLOPS: 0.00 I/O: 0.01MB/s No MPI  
	TPI 0.02 Cache miss rates: L1 0.63GB/s L2 0.00GB/s L3 0.00GB/s
	Total MPI calls 3
	IO DATA: rchar 4612 wchar 8843 syscr 51 syscw 27 read_bytes 0 write_bytes 294912
	Process OS info: (pid 514408 state R utime 1093 stime 1 cutime 0 cstime 0 CPU usage 98)
	CPU temperature (celsius): socket 0: 67 socket 1: 74[0m
EAR[514408](hratio_l30) at 2.60/1.47 in tcn361 MR[0] elapsed 9763 sec.: [32mLoop time: 1.109s DC Power: [35m518.7W[32m DRAM power: 0.00W PCK power: 431.33W
	avg. CPUFreq: 2.57GHz avg. IMCFreq: 1.47GHz
	CPI: 0.383 VPI: 0.00, Mem. bwidth: 0.11GB/s GFLOPS: 0.00 I/O: 0.01MB/s No MPI  
	TPI 0.02 Cache miss rates: L1 0.69GB/s L2 0.00GB/s L3 0.00GB/s
	Total MPI calls 3
	IO DATA: rchar 4612 wchar 8843 syscr 51 syscw 27 read_bytes 0 write_bytes 331776
	Process OS info: (pid 514408 state R utime 1094 stime 0 cutime 0 cstime 0 CPU usage 98)
	CPU temperature (celsius): socket 0: 68 socket 1: 74[0m
EAR[514408](hratio_l30) at 2.60/1.47 in tcn361 MR[0] elapsed 9774 sec.: [32mLoop time: 1.109s DC Power: [35m466.9W[32m DRAM power: 0.00W PCK power: 431.45W
	avg. CPUFreq: 2.57GHz avg. IMCFreq: 1.47GHz
	CPI: 0.383 VPI: 0.00, Mem. bwidth: 0.13GB/s GFLOPS: 0.00 I/O: 0.01MB/s No MPI  
	TPI 0.02 Cache miss rates: L1 0.63GB/s L2 0.00GB/s L3 0.00GB/s
	Total MPI calls 3
	IO DATA: rchar 4612 wchar 8843 syscr 51 syscw 27 read_bytes 0 write_bytes 294912
	Process OS info: (pid 514408 state R utime 1094 stime 1 cutime 0 cstime 0 CPU usage 98)
	CPU temperature (celsius): socket 0: 67 socket 1: 74[0m
EAR[514408](hratio_l30) at 2.60/1.47 in tcn361 MR[0] elapsed 9785 sec.: [32mLoop time: 1.108s DC Power: [35m520.0W[32m DRAM power: 0.00W PCK power: 431.30W
	avg. CPUFreq: 2.57GHz avg. IMCFreq: 1.47GHz
	CPI: 0.383 VPI: 0.00, Mem. bwidth: 0.12GB/s GFLOPS: 0.00 I/O: 0.01MB/s No MPI  
	TPI 0.02 Cache miss rates: L1 0.63GB/s L2 0.00GB/s L3 0.00GB/s
	Total MPI calls 3
	IO DATA: rchar 4612 wchar 8843 syscr 51 syscw 27 read_bytes 0 write_bytes 434176
	Process OS info: (pid 514408 state R utime 1093 stime 1 cutime 0 cstime 0 CPU usage 98)
	CPU temperature (celsius): socket 0: 67 socket 1: 74[0m
EAR[514408](hratio_l30) at 2.60/1.47 in tcn361 MR[0] elapsed 9796 sec.: [32mLoop time: 1.108s DC Power: [35m468.0W[32m DRAM power: 0.00W PCK power: 431.37W
	avg. CPUFreq: 2.57GHz avg. IMCFreq: 1.47GHz
	CPI: 0.383 VPI: 0.00, Mem. bwidth: 0.10GB/s GFLOPS: 0.00 I/O: 0.01MB/s No MPI  
	TPI 0.01 Cache miss rates: L1 0.62GB/s L2 0.00GB/s L3 0.00GB/s
	Total MPI calls 3
	IO DATA: rchar 4612 wchar 8843 syscr 51 syscw 27 read_bytes 0 write_bytes 430080
	Process OS info: (pid 514408 state R utime 1093 stime 1 cutime 0 cstime 0 CPU usage 98)
	CPU temperature (celsius): socket 0: 67 socket 1: 74[0m
EAR[514408](hratio_l30) at 2.60/1.47 in tcn361 MR[0] elapsed 9807 sec.: [32mLoop time: 1.108s DC Power: [35m520.3W[32m DRAM power: 0.00W PCK power: 431.93W
	avg. CPUFreq: 2.57GHz avg. IMCFreq: 1.47GHz
	CPI: 0.382 VPI: 0.00, Mem. bwidth: 0.12GB/s GFLOPS: 0.00 I/O: 0.01MB/s No MPI  
	TPI 0.02 Cache miss rates: L1 0.63GB/s L2 0.00GB/s L3 0.00GB/s
	Total MPI calls 3
	IO DATA: rchar 4612 wchar 8843 syscr 51 syscw 27 read_bytes 0 write_bytes 294912
	Process OS info: (pid 514408 state R utime 1093 stime 0 cutime 0 cstime 0 CPU usage 98)
	CPU temperature (celsius): socket 0: 67 socket 1: 74[0m
EAR[514408](hratio_l30) at 2.60/1.47 in tcn361 MR[0] elapsed 9818 sec.: [32mLoop time: 1.108s DC Power: [35m521.2W[32m DRAM power: 0.00W PCK power: 431.80W
	avg. CPUFreq: 2.57GHz avg. IMCFreq: 1.47GHz
	CPI: 0.382 VPI: 0.00, Mem. bwidth: 0.10GB/s GFLOPS: 0.00 I/O: 0.01MB/s No MPI  
	TPI 0.01 Cache miss rates: L1 0.63GB/s L2 0.00GB/s L3 0.00GB/s
	Total MPI calls 3
	IO DATA: rchar 4612 wchar 8843 syscr 51 syscw 27 read_bytes 0 write_bytes 294912
	Process OS info: (pid 514408 state R utime 1094 stime 1 cutime 0 cstime 0 CPU usage 98)
	CPU temperature (celsius): socket 0: 68 socket 1: 75[0m
EAR[514408](hratio_l30) at 2.60/1.47 in tcn361 MR[0] elapsed 9829 sec.: [32mLoop time: 1.108s DC Power: [35m469.5W[32m DRAM power: 0.00W PCK power: 431.82W
	avg. CPUFreq: 2.57GHz avg. IMCFreq: 1.47GHz
	CPI: 0.382 VPI: 0.00, Mem. bwidth: 0.10GB/s GFLOPS: 0.00 I/O: 0.01MB/s No MPI  
	TPI 0.01 Cache miss rates: L1 0.64GB/s L2 0.00GB/s L3 0.00GB/s
	Total MPI calls 3
	IO DATA: rchar 4612 wchar 8843 syscr 51 syscw 27 read_bytes 0 write_bytes 303104
	Process OS info: (pid 514408 state R utime 1088 stime 1 cutime 0 cstime 0 CPU usage 98)
	CPU temperature (celsius): socket 0: 68 socket 1: 75[0m
EAR[514408](hratio_l30) at 2.60/1.47 in tcn361 MR[0] elapsed 9840 sec.: [32mLoop time: 1.108s DC Power: [35m469.7W[32m DRAM power: 0.00W PCK power: 431.85W
	avg. CPUFreq: 2.57GHz avg. IMCFreq: 1.47GHz
	CPI: 0.382 VPI: 0.00, Mem. bwidth: 0.12GB/s GFLOPS: 0.00 I/O: 0.01MB/s No MPI  
	TPI 0.02 Cache miss rates: L1 0.63GB/s L2 0.00GB/s L3 0.00GB/s
	Total MPI calls 3
	IO DATA: rchar 4612 wchar 8843 syscr 51 syscw 27 read_bytes 0 write_bytes 294912
	Process OS info: (pid 514408 state R utime 1093 stime 0 cutime 0 cstime 0 CPU usage 98)
	CPU temperature (celsius): socket 0: 68 socket 1: 75[0m
EAR[514408](hratio_l30) at 2.60/1.47 in tcn361 MR[0] elapsed 9851 sec.: [32mLoop time: 1.108s DC Power: [35m521.2W[32m DRAM power: 0.00W PCK power: 431.72W
	avg. CPUFreq: 2.57GHz avg. IMCFreq: 1.47GHz
	CPI: 0.382 VPI: 0.00, Mem. bwidth: 0.10GB/s GFLOPS: 0.00 I/O: 0.01MB/s No MPI  
	TPI 0.01 Cache miss rates: L1 0.63GB/s L2 0.00GB/s L3 0.00GB/s
	Total MPI calls 3
	IO DATA: rchar 4612 wchar 8843 syscr 51 syscw 27 read_bytes 0 write_bytes 409600
	Process OS info: (pid 514408 state R utime 1093 stime 1 cutime 0 cstime 0 CPU usage 98)
	CPU temperature (celsius): socket 0: 67 socket 1: 74[0m
EAR[514408](hratio_l30) at 2.60/1.47 in tcn361 MR[0] elapsed 9862 sec.: [32mLoop time: 1.108s DC Power: [35m520.9W[32m DRAM power: 0.00W PCK power: 432.05W
	avg. CPUFreq: 2.57GHz avg. IMCFreq: 1.47GHz
	CPI: 0.382 VPI: 0.00, Mem. bwidth: 0.12GB/s GFLOPS: 0.00 I/O: 0.01MB/s No MPI  
	TPI 0.02 Cache miss rates: L1 0.63GB/s L2 0.00GB/s L3 0.00GB/s
	Total MPI calls 3
	IO DATA: rchar 4612 wchar 8843 syscr 51 syscw 27 read_bytes 0 write_bytes 303104
	Process OS info: (pid 514408 state R utime 1093 stime 1 cutime 0 cstime 0 CPU usage 98)
	CPU temperature (celsius): socket 0: 68 socket 1: 75[0m
EAR[514408](hratio_l30) at 2.60/1.47 in tcn361 MR[0] elapsed 9873 sec.: [32mLoop time: 1.110s DC Power: [35m519.0W[32m DRAM power: 0.00W PCK power: 432.01W
	avg. CPUFreq: 2.57GHz avg. IMCFreq: 1.47GHz
	CPI: 0.381 VPI: 0.00, Mem. bwidth: 0.10GB/s GFLOPS: 0.00 I/O: 0.01MB/s No MPI  
	TPI 0.01 Cache miss rates: L1 0.64GB/s L2 0.00GB/s L3 0.00GB/s
	Total MPI calls 3
	IO DATA: rchar 4612 wchar 8843 syscr 51 syscw 27 read_bytes 0 write_bytes 303104
	Process OS info: (pid 514408 state R utime 1094 stime 0 cutime 0 cstime 0 CPU usage 98)
	CPU temperature (celsius): socket 0: 68 socket 1: 75[0m
EAR[514408](hratio_l30) at 2.60/1.47 in tcn361 MR[0] elapsed 9884 sec.: [32mLoop time: 1.108s DC Power: [35m468.6W[32m DRAM power: 0.00W PCK power: 432.05W
	avg. CPUFreq: 2.57GHz avg. IMCFreq: 1.47GHz
	CPI: 0.381 VPI: 0.00, Mem. bwidth: 0.10GB/s GFLOPS: 0.00 I/O: 0.01MB/s No MPI  
	TPI 0.01 Cache miss rates: L1 0.64GB/s L2 0.00GB/s L3 0.00GB/s
	Total MPI calls 3
	IO DATA: rchar 4612 wchar 8843 syscr 51 syscw 27 read_bytes 0 write_bytes 294912
	Process OS info: (pid 514408 state R utime 1093 stime 1 cutime 0 cstime 0 CPU usage 98)
	CPU temperature (celsius): socket 0: 67 socket 1: 74[0m
EAR[514408](hratio_l30) at 2.60/1.47 in tcn361 MR[0] elapsed 9896 sec.: [32mLoop time: 1.108s DC Power: [35m468.8W[32m DRAM power: 0.00W PCK power: 432.18W
	avg. CPUFreq: 2.57GHz avg. IMCFreq: 1.47GHz
	CPI: 0.381 VPI: 0.00, Mem. bwidth: 0.12GB/s GFLOPS: 0.00 I/O: 0.01MB/s No MPI  
	TPI 0.02 Cache miss rates: L1 0.63GB/s L2 0.00GB/s L3 0.00GB/s
	Total MPI calls 3
	IO DATA: rchar 4612 wchar 8843 syscr 51 syscw 27 read_bytes 0 write_bytes 299008
	Process OS info: (pid 514408 state R utime 1093 stime 0 cutime 0 cstime 0 CPU usage 98)
	CPU temperature (celsius): socket 0: 67 socket 1: 74[0m
EAR[514408](hratio_l30) at 2.60/1.47 in tcn361 MR[0] elapsed 9907 sec.: [32mLoop time: 1.108s DC Power: [35m520.9W[32m DRAM power: 0.00W PCK power: 432.15W
	avg. CPUFreq: 2.57GHz avg. IMCFreq: 1.47GHz
	CPI: 0.381 VPI: 0.00, Mem. bwidth: 0.09GB/s GFLOPS: 0.00 I/O: 0.01MB/s No MPI  
	TPI 0.01 Cache miss rates: L1 0.68GB/s L2 0.00GB/s L3 0.00GB/s
	Total MPI calls 3
	IO DATA: rchar 4612 wchar 8843 syscr 51 syscw 27 read_bytes 0 write_bytes 294912
	Process OS info: (pid 514408 state R utime 1093 stime 1 cutime 0 cstime 0 CPU usage 98)
	CPU temperature (celsius): socket 0: 68 socket 1: 75[0m
EAR[514408](hratio_l30) at 2.60/1.47 in tcn361 MR[0] elapsed 9918 sec.: [32mLoop time: 1.107s DC Power: [35m521.0W[32m DRAM power: 0.00W PCK power: 432.08W
	avg. CPUFreq: 2.57GHz avg. IMCFreq: 1.47GHz
	CPI: 0.381 VPI: 0.00, Mem. bwidth: 0.09GB/s GFLOPS: 0.00 I/O: 0.01MB/s No MPI  
	TPI 0.01 Cache miss rates: L1 0.62GB/s L2 0.00GB/s L3 0.00GB/s
	Total MPI calls 3
	IO DATA: rchar 4612 wchar 8843 syscr 51 syscw 27 read_bytes 0 write_bytes 294912
	Process OS info: (pid 514408 state R utime 1093 stime 1 cutime 0 cstime 0 CPU usage 98)
	CPU temperature (celsius): socket 0: 68 socket 1: 74[0m
EAR[514408](hratio_l30) at 2.60/1.47 in tcn361 MR[0] elapsed 9929 sec.: [32mLoop time: 1.108s DC Power: [35m468.8W[32m DRAM power: 0.00W PCK power: 432.06W
	avg. CPUFreq: 2.57GHz avg. IMCFreq: 1.47GHz
	CPI: 0.381 VPI: 0.00, Mem. bwidth: 0.14GB/s GFLOPS: 0.00 I/O: 0.01MB/s No MPI  
	TPI 0.02 Cache miss rates: L1 0.63GB/s L2 0.00GB/s L3 0.00GB/s
	Total MPI calls 3
	IO DATA: rchar 4612 wchar 8843 syscr 51 syscw 27 read_bytes 0 write_bytes 294912
	Process OS info: (pid 514408 state R utime 1093 stime 0 cutime 0 cstime 0 CPU usage 98)
	CPU temperature (celsius): socket 0: 67 socket 1: 74[0m
EAR[514408](hratio_l30) at 2.60/1.47 in tcn361 MR[0] elapsed 9940 sec.: [32mLoop time: 1.108s DC Power: [35m520.3W[32m DRAM power: 0.00W PCK power: 432.05W
	avg. CPUFreq: 2.57GHz avg. IMCFreq: 1.47GHz
	CPI: 0.381 VPI: 0.00, Mem. bwidth: 0.11GB/s GFLOPS: 0.00 I/O: 0.01MB/s No MPI  
	TPI 0.02 Cache miss rates: L1 0.63GB/s L2 0.00GB/s L3 0.00GB/s
	Total MPI calls 3
	IO DATA: rchar 4612 wchar 8843 syscr 51 syscw 27 read_bytes 0 write_bytes 294912
	Process OS info: (pid 514408 state R utime 1093 stime 1 cutime 0 cstime 0 CPU usage 98)
	CPU temperature (celsius): socket 0: 67 socket 1: 74[0m
EAR[514408](hratio_l30) at 2.60/1.47 in tcn361 MR[0] elapsed 9951 sec.: [32mLoop time: 1.108s DC Power: [35m467.9W[32m DRAM power: 0.00W PCK power: 432.23W
	avg. CPUFreq: 2.57GHz avg. IMCFreq: 1.47GHz
	CPI: 0.381 VPI: 0.00, Mem. bwidth: 0.10GB/s GFLOPS: 0.00 I/O: 0.01MB/s No MPI  
	TPI 0.02 Cache miss rates: L1 0.63GB/s L2 0.00GB/s L3 0.00GB/s
	Total MPI calls 3
	IO DATA: rchar 4612 wchar 8843 syscr 51 syscw 27 read_bytes 0 write_bytes 299008
	Process OS info: (pid 514408 state R utime 1094 stime 1 cutime 0 cstime 0 CPU usage 98)
	CPU temperature (celsius): socket 0: 67 socket 1: 74[0m
EAR[514408](hratio_l30) at 2.60/1.47 in tcn361 MR[0] elapsed 9962 sec.: [32mLoop time: 1.108s DC Power: [35m520.8W[32m DRAM power: 0.00W PCK power: 432.03W
	avg. CPUFreq: 2.57GHz avg. IMCFreq: 1.47GHz
	CPI: 0.381 VPI: 0.00, Mem. bwidth: 0.11GB/s GFLOPS: 0.00 I/O: 0.01MB/s No MPI  
	TPI 0.02 Cache miss rates: L1 0.63GB/s L2 0.00GB/s L3 0.00GB/s
	Total MPI calls 3
	IO DATA: rchar 4612 wchar 8843 syscr 51 syscw 27 read_bytes 0 write_bytes 299008
	Process OS info: (pid 514408 state R utime 1093 stime 1 cutime 0 cstime 0 CPU usage 98)
	CPU temperature (celsius): socket 0: 68 socket 1: 75[0m
EAR[514408](hratio_l30) at 2.60/1.47 in tcn361 MR[0] elapsed 9973 sec.: [32mLoop time: 1.108s DC Power: [35m468.8W[32m DRAM power: 0.00W PCK power: 432.24W
	avg. CPUFreq: 2.57GHz avg. IMCFreq: 1.47GHz
	CPI: 0.381 VPI: 0.00, Mem. bwidth: 0.10GB/s GFLOPS: 0.00 I/O: 0.01MB/s No MPI  
	TPI 0.01 Cache miss rates: L1 0.63GB/s L2 0.00GB/s L3 0.00GB/s
	Total MPI calls 3
	IO DATA: rchar 4612 wchar 8843 syscr 51 syscw 27 read_bytes 0 write_bytes 294912
	Process OS info: (pid 514408 state R utime 1092 stime 0 cutime 0 cstime 0 CPU usage 98)
	CPU temperature (celsius): socket 0: 67 socket 1: 75[0m
EAR[514408](hratio_l30) at 2.60/1.47 in tcn361 MR[0] elapsed 9984 sec.: [32mLoop time: 1.108s DC Power: [35m521.5W[32m DRAM power: 0.00W PCK power: 432.27W
	avg. CPUFreq: 2.57GHz avg. IMCFreq: 1.47GHz
	CPI: 0.381 VPI: 0.00, Mem. bwidth: 0.12GB/s GFLOPS: 0.00 I/O: 0.01MB/s No MPI  
	TPI 0.02 Cache miss rates: L1 0.63GB/s L2 0.00GB/s L3 0.00GB/s
	Total MPI calls 3
	IO DATA: rchar 4612 wchar 8843 syscr 51 syscw 27 read_bytes 0 write_bytes 294912
	Process OS info: (pid 514408 state R utime 1094 stime 1 cutime 0 cstime 0 CPU usage 98)
	CPU temperature (celsius): socket 0: 67 socket 1: 74[0m
EAR[514408](hratio_l30) at 2.60/1.47 in tcn361 MR[0] elapsed 9995 sec.: [32mLoop time: 1.107s DC Power: [35m522.4W[32m DRAM power: 0.00W PCK power: 432.20W
	avg. CPUFreq: 2.57GHz avg. IMCFreq: 1.47GHz
	CPI: 0.381 VPI: 0.00, Mem. bwidth: 0.10GB/s GFLOPS: 0.00 I/O: 0.01MB/s No MPI  
	TPI 0.02 Cache miss rates: L1 0.64GB/s L2 0.00GB/s L3 0.00GB/s
	Total MPI calls 3
	IO DATA: rchar 4612 wchar 8843 syscr 51 syscw 27 read_bytes 0 write_bytes 327680
	Process OS info: (pid 514408 state R utime 1092 stime 0 cutime 0 cstime 0 CPU usage 98)
	CPU temperature (celsius): socket 0: 67 socket 1: 74[0m
EAR[514408](hratio_l30) at 2.60/1.47 in tcn361 MR[0] elapsed 10007 sec.: [32mLoop time: 1.107s DC Power: [35m522.8W[32m DRAM power: 0.00W PCK power: 432.24W
	avg. CPUFreq: 2.57GHz avg. IMCFreq: 1.47GHz
	CPI: 0.381 VPI: 0.00, Mem. bwidth: 0.11GB/s GFLOPS: 0.00 I/O: 0.01MB/s No MPI  
	TPI 0.02 Cache miss rates: L1 0.64GB/s L2 0.00GB/s L3 0.00GB/s
	Total MPI calls 3
	IO DATA: rchar 4612 wchar 8843 syscr 51 syscw 27 read_bytes 0 write_bytes 303104
	Process OS info: (pid 514408 state R utime 1093 stime 1 cutime 0 cstime 0 CPU usage 98)
	CPU temperature (celsius): socket 0: 68 socket 1: 75[0m
EAR[514408](hratio_l30) at 2.60/1.47 in tcn361 MR[0] elapsed 10018 sec.: [32mLoop time: 1.208s DC Power: [35m430.8W[32m DRAM power: 0.00W PCK power: 432.29W
	avg. CPUFreq: 2.57GHz avg. IMCFreq: 1.47GHz
	CPI: 0.381 VPI: 0.00, Mem. bwidth: 0.15GB/s GFLOPS: 0.00 I/O: 0.01MB/s No MPI  
	TPI 0.02 Cache miss rates: L1 0.63GB/s L2 0.00GB/s L3 0.00GB/s
	Total MPI calls 3
	IO DATA: rchar 4612 wchar 8844 syscr 51 syscw 27 read_bytes 0 write_bytes 286720
	Process OS info: (pid 514408 state R utime 1192 stime 1 cutime 0 cstime 0 CPU usage 98)
	CPU temperature (celsius): socket 0: 68 socket 1: 75[0m
EAR[514408](hratio_l30) at 2.60/1.47 in tcn361 MR[0] elapsed 10029 sec.: [32mLoop time: 1.108s DC Power: [35m521.4W[32m DRAM power: 0.00W PCK power: 432.10W
	avg. CPUFreq: 2.57GHz avg. IMCFreq: 1.47GHz
	CPI: 0.381 VPI: 0.00, Mem. bwidth: 0.11GB/s GFLOPS: 0.00 I/O: 0.01MB/s No MPI  
	TPI 0.02 Cache miss rates: L1 0.63GB/s L2 0.00GB/s L3 0.00GB/s
	Total MPI calls 3
	IO DATA: rchar 4612 wchar 8844 syscr 51 syscw 27 read_bytes 0 write_bytes 299008
	Process OS info: (pid 514408 state R utime 1092 stime 0 cutime 0 cstime 0 CPU usage 98)
	CPU temperature (celsius): socket 0: 68 socket 1: 74[0m
EAR[514408](hratio_l30) at 2.60/1.47 in tcn361 MR[0] elapsed 10041 sec.: [32mLoop time: 1.108s DC Power: [35m520.9W[32m DRAM power: 0.00W PCK power: 432.20W
	avg. CPUFreq: 2.57GHz avg. IMCFreq: 1.47GHz
	CPI: 0.381 VPI: 0.00, Mem. bwidth: 0.09GB/s GFLOPS: 0.00 I/O: 0.01MB/s No MPI  
	TPI 0.01 Cache miss rates: L1 0.66GB/s L2 0.00GB/s L3 0.00GB/s
	Total MPI calls 3
	IO DATA: rchar 4612 wchar 8844 syscr 51 syscw 27 read_bytes 0 write_bytes 294912
	Process OS info: (pid 514408 state R utime 1094 stime 1 cutime 0 cstime 0 CPU usage 98)
	CPU temperature (celsius): socket 0: 68 socket 1: 74[0m
EAR[514408](hratio_l30) at 2.60/1.47 in tcn361 MR[0] elapsed 10052 sec.: [32mLoop time: 1.108s DC Power: [35m520.7W[32m DRAM power: 0.00W PCK power: 432.35W
	avg. CPUFreq: 2.57GHz avg. IMCFreq: 1.47GHz
	CPI: 0.381 VPI: 0.00, Mem. bwidth: 0.12GB/s GFLOPS: 0.00 I/O: 0.01MB/s No MPI  
	TPI 0.02 Cache miss rates: L1 0.72GB/s L2 0.00GB/s L3 0.00GB/s
	Total MPI calls 3
	IO DATA: rchar 4612 wchar 8844 syscr 51 syscw 27 read_bytes 0 write_bytes 364544
	Process OS info: (pid 514408 state R utime 1093 stime 1 cutime 0 cstime 0 CPU usage 98)
	CPU temperature (celsius): socket 0: 68 socket 1: 74[0m
EAR[514408](hratio_l30) at 2.60/1.47 in tcn361 MR[0] elapsed 10063 sec.: [32mLoop time: 1.107s DC Power: [35m468.9W[32m DRAM power: 0.00W PCK power: 432.17W
	avg. CPUFreq: 2.57GHz avg. IMCFreq: 1.47GHz
	CPI: 0.381 VPI: 0.00, Mem. bwidth: 0.10GB/s GFLOPS: 0.00 I/O: 0.01MB/s No MPI  
	TPI 0.01 Cache miss rates: L1 0.66GB/s L2 0.00GB/s L3 0.00GB/s
	Total MPI calls 3
	IO DATA: rchar 4612 wchar 8844 syscr 51 syscw 27 read_bytes 0 write_bytes 294912
	Process OS info: (pid 514408 state R utime 1094 stime 0 cutime 0 cstime 0 CPU usage 98)
	CPU temperature (celsius): socket 0: 67 socket 1: 74[0m
EAR[514408](hratio_l30) at 2.60/1.47 in tcn361 MR[0] elapsed 10074 sec.: [32mLoop time: 1.108s DC Power: [35m468.6W[32m DRAM power: 0.00W PCK power: 432.31W
	avg. CPUFreq: 2.57GHz avg. IMCFreq: 1.47GHz
	CPI: 0.381 VPI: 0.00, Mem. bwidth: 0.12GB/s GFLOPS: 0.00 I/O: 0.01MB/s No MPI  
	TPI 0.02 Cache miss rates: L1 0.66GB/s L2 0.00GB/s L3 0.00GB/s
	Total MPI calls 3
	IO DATA: rchar 4612 wchar 8844 syscr 51 syscw 27 read_bytes 0 write_bytes 294912
	Process OS info: (pid 514408 state R utime 1093 stime 1 cutime 0 cstime 0 CPU usage 98)
	CPU temperature (celsius): socket 0: 67 socket 1: 75[0m
EAR[514408](hratio_l30) at 2.60/1.47 in tcn361 MR[0] elapsed 10085 sec.: [32mLoop time: 1.108s DC Power: [35m519.9W[32m DRAM power: 0.00W PCK power: 432.12W
	avg. CPUFreq: 2.57GHz avg. IMCFreq: 1.47GHz
	CPI: 0.381 VPI: 0.00, Mem. bwidth: 0.09GB/s GFLOPS: 0.00 I/O: 0.01MB/s No MPI  
	TPI 0.01 Cache miss rates: L1 0.66GB/s L2 0.00GB/s L3 0.00GB/s
	Total MPI calls 3
	IO DATA: rchar 4612 wchar 8844 syscr 51 syscw 27 read_bytes 0 write_bytes 299008
	Process OS info: (pid 514408 state R utime 1093 stime 1 cutime 0 cstime 0 CPU usage 98)
	CPU temperature (celsius): socket 0: 68 socket 1: 74[0m
EAR[514408](hratio_l30) at 2.60/1.47 in tcn361 MR[0] elapsed 10096 sec.: [32mLoop time: 1.109s DC Power: [35m519.8W[32m DRAM power: 0.00W PCK power: 432.23W
	avg. CPUFreq: 2.57GHz avg. IMCFreq: 1.47GHz
	CPI: 0.381 VPI: 0.00, Mem. bwidth: 0.10GB/s GFLOPS: 0.00 I/O: 0.01MB/s No MPI  
	TPI 0.01 Cache miss rates: L1 0.66GB/s L2 0.00GB/s L3 0.00GB/s
	Total MPI calls 3
	IO DATA: rchar 4612 wchar 8844 syscr 51 syscw 27 read_bytes 0 write_bytes 294912
	Process OS info: (pid 514408 state R utime 1093 stime 0 cutime 0 cstime 0 CPU usage 98)
	CPU temperature (celsius): socket 0: 68 socket 1: 75[0m
EAR[514408](hratio_l30) at 2.60/1.47 in tcn361 MR[0] elapsed 10107 sec.: [32mLoop time: 1.108s DC Power: [35m520.9W[32m DRAM power: 0.00W PCK power: 432.29W
	avg. CPUFreq: 2.57GHz avg. IMCFreq: 1.47GHz
	CPI: 0.381 VPI: 0.00, Mem. bwidth: 0.13GB/s GFLOPS: 0.00 I/O: 0.01MB/s No MPI  
	TPI 0.02 Cache miss rates: L1 0.65GB/s L2 0.00GB/s L3 0.00GB/s
	Total MPI calls 3
	IO DATA: rchar 4612 wchar 8844 syscr 51 syscw 27 read_bytes 0 write_bytes 294912
	Process OS info: (pid 514408 state R utime 1091 stime 1 cutime 0 cstime 0 CPU usage 98)
	CPU temperature (celsius): socket 0: 67 socket 1: 74[0m
EAR[514408](hratio_l30) at 2.60/1.47 in tcn361 MR[0] elapsed 10118 sec.: [32mLoop time: 1.118s DC Power: [35m516.2W[32m DRAM power: 0.00W PCK power: 432.20W
	avg. CPUFreq: 2.57GHz avg. IMCFreq: 1.47GHz
	CPI: 0.381 VPI: 0.00, Mem. bwidth: 0.09GB/s GFLOPS: 0.00 I/O: 0.01MB/s No MPI  
	TPI 0.01 Cache miss rates: L1 0.65GB/s L2 0.00GB/s L3 0.00GB/s
	Total MPI calls 3
	IO DATA: rchar 4612 wchar 8844 syscr 51 syscw 27 read_bytes 0 write_bytes 299008
	Process OS info: (pid 514408 state R utime 1104 stime 1 cutime 0 cstime 0 CPU usage 98)
	CPU temperature (celsius): socket 0: 68 socket 1: 74[0m
EAR[514408](hratio_l30) at 2.60/1.47 in tcn361 MR[0] elapsed 10129 sec.: [32mLoop time: 1.108s DC Power: [35m468.7W[32m DRAM power: 0.00W PCK power: 432.50W
	avg. CPUFreq: 2.57GHz avg. IMCFreq: 1.47GHz
	CPI: 0.380 VPI: 0.00, Mem. bwidth: 0.11GB/s GFLOPS: 0.00 I/O: 0.01MB/s No MPI  
	TPI 0.02 Cache miss rates: L1 0.65GB/s L2 0.00GB/s L3 0.00GB/s
	Total MPI calls 3
	IO DATA: rchar 4612 wchar 8844 syscr 51 syscw 27 read_bytes 0 write_bytes 303104
	Process OS info: (pid 514408 state R utime 1092 stime 1 cutime 0 cstime 0 CPU usage 98)
	CPU temperature (celsius): socket 0: 68 socket 1: 75[0m
EAR[514408](hratio_l30) at 2.60/1.47 in tcn361 MR[0] elapsed 10140 sec.: [32mLoop time: 1.108s DC Power: [35m520.7W[32m DRAM power: 0.00W PCK power: 432.65W
	avg. CPUFreq: 2.57GHz avg. IMCFreq: 1.47GHz
	CPI: 0.380 VPI: 0.00, Mem. bwidth: 0.12GB/s GFLOPS: 0.00 I/O: 0.01MB/s No MPI  
	TPI 0.02 Cache miss rates: L1 0.66GB/s L2 0.00GB/s L3 0.00GB/s
	Total MPI calls 3
	IO DATA: rchar 4612 wchar 8844 syscr 51 syscw 27 read_bytes 0 write_bytes 303104
	Process OS info: (pid 514408 state R utime 1094 stime 0 cutime 0 cstime 0 CPU usage 98)
	CPU temperature (celsius): socket 0: 68 socket 1: 75[0m
EAR[514408](hratio_l30) at 2.60/1.47 in tcn361 MR[0] elapsed 10151 sec.: [32mLoop time: 1.107s DC Power: [35m469.6W[32m DRAM power: 0.00W PCK power: 432.81W
	avg. CPUFreq: 2.57GHz avg. IMCFreq: 1.47GHz
	CPI: 0.380 VPI: 0.00, Mem. bwidth: 0.09GB/s GFLOPS: 0.00 I/O: 0.01MB/s No MPI  
	TPI 0.01 Cache miss rates: L1 0.62GB/s L2 0.00GB/s L3 0.00GB/s
	Total MPI calls 3
	IO DATA: rchar 4612 wchar 8844 syscr 51 syscw 27 read_bytes 0 write_bytes 294912
	Process OS info: (pid 514408 state R utime 1093 stime 1 cutime 0 cstime 0 CPU usage 98)
	CPU temperature (celsius): socket 0: 68 socket 1: 74[0m
EAR[514408](hratio_l30) at 2.60/1.47 in tcn361 MR[0] elapsed 10163 sec.: [32mLoop time: 1.108s DC Power: [35m522.3W[32m DRAM power: 0.00W PCK power: 433.11W
	avg. CPUFreq: 2.57GHz avg. IMCFreq: 1.47GHz
	CPI: 0.379 VPI: 0.00, Mem. bwidth: 0.13GB/s GFLOPS: 0.00 I/O: 0.01MB/s No MPI  
	TPI 0.02 Cache miss rates: L1 0.60GB/s L2 0.00GB/s L3 0.00GB/s
	Total MPI calls 3
	IO DATA: rchar 4612 wchar 8844 syscr 51 syscw 27 read_bytes 0 write_bytes 430080
	Process OS info: (pid 514408 state R utime 1093 stime 0 cutime 0 cstime 0 CPU usage 98)
	CPU temperature (celsius): socket 0: 68 socket 1: 75[0m
EAR[514408](hratio_l30) at 2.60/1.47 in tcn361 MR[0] elapsed 10174 sec.: [32mLoop time: 1.107s DC Power: [35m523.3W[32m DRAM power: 0.00W PCK power: 433.12W
	avg. CPUFreq: 2.57GHz avg. IMCFreq: 1.47GHz
	CPI: 0.379 VPI: 0.00, Mem. bwidth: 0.10GB/s GFLOPS: 0.00 I/O: 0.01MB/s No MPI  
	TPI 0.02 Cache miss rates: L1 0.60GB/s L2 0.00GB/s L3 0.00GB/s
	Total MPI calls 3
	IO DATA: rchar 4612 wchar 8844 syscr 51 syscw 27 read_bytes 0 write_bytes 294912
	Process OS info: (pid 514408 state R utime 1092 stime 1 cutime 0 cstime 0 CPU usage 98)
	CPU temperature (celsius): socket 0: 68 socket 1: 75[0m
EAR[514408](hratio_l30) at 2.60/1.47 in tcn361 MR[0] elapsed 10185 sec.: [32mLoop time: 1.108s DC Power: [35m523.2W[32m DRAM power: 0.00W PCK power: 433.17W
	avg. CPUFreq: 2.57GHz avg. IMCFreq: 1.47GHz
	CPI: 0.379 VPI: 0.00, Mem. bwidth: 0.09GB/s GFLOPS: 0.00 I/O: 0.01MB/s No MPI  
	TPI 0.01 Cache miss rates: L1 0.66GB/s L2 0.00GB/s L3 0.00GB/s
	Total MPI calls 3
	IO DATA: rchar 4613 wchar 8844 syscr 51 syscw 27 read_bytes 0 write_bytes 294912
	Process OS info: (pid 514408 state R utime 1094 stime 1 cutime 0 cstime 0 CPU usage 98)
	CPU temperature (celsius): socket 0: 68 socket 1: 74[0m
EAR[514408](hratio_l30) at 2.60/1.47 in tcn361 MR[0] elapsed 10196 sec.: [32mLoop time: 1.107s DC Power: [35m418.3W[32m DRAM power: 0.00W PCK power: 433.23W
	avg. CPUFreq: 2.57GHz avg. IMCFreq: 1.47GHz
	CPI: 0.379 VPI: 0.00, Mem. bwidth: 0.12GB/s GFLOPS: 0.00 I/O: 0.01MB/s No MPI  
	TPI 0.02 Cache miss rates: L1 0.60GB/s L2 0.00GB/s L3 0.00GB/s
	Total MPI calls 3
	IO DATA: rchar 4613 wchar 8844 syscr 51 syscw 27 read_bytes 0 write_bytes 294912
	Process OS info: (pid 514408 state R utime 1092 stime 0 cutime 0 cstime 0 CPU usage 98)
	CPU temperature (celsius): socket 0: 68 socket 1: 75[0m
EAR[514408](hratio_l30) at 2.60/1.47 in tcn361 MR[0] elapsed 10207 sec.: [32mLoop time: 1.108s DC Power: [35m521.7W[32m DRAM power: 0.00W PCK power: 433.38W
	avg. CPUFreq: 2.57GHz avg. IMCFreq: 1.47GHz
	CPI: 0.379 VPI: 0.00, Mem. bwidth: 0.09GB/s GFLOPS: 0.00 I/O: 0.01MB/s No MPI  
	TPI 0.01 Cache miss rates: L1 0.60GB/s L2 0.00GB/s L3 0.00GB/s
	Total MPI calls 3
	IO DATA: rchar 4613 wchar 8844 syscr 51 syscw 27 read_bytes 0 write_bytes 417792
	Process OS info: (pid 514408 state R utime 1093 stime 1 cutime 0 cstime 0 CPU usage 98)
	CPU temperature (celsius): socket 0: 68 socket 1: 74[0m
EAR[514408](hratio_l30) at 2.60/1.47 in tcn361 MR[0] elapsed 10218 sec.: [32mLoop time: 1.108s DC Power: [35m521.7W[32m DRAM power: 0.00W PCK power: 433.36W
	avg. CPUFreq: 2.57GHz avg. IMCFreq: 1.47GHz
	CPI: 0.379 VPI: 0.00, Mem. bwidth: 0.10GB/s GFLOPS: 0.00 I/O: 0.01MB/s No MPI  
	TPI 0.01 Cache miss rates: L1 0.60GB/s L2 0.00GB/s L3 0.00GB/s
	Total MPI calls 3
	IO DATA: rchar 4613 wchar 8844 syscr 51 syscw 27 read_bytes 0 write_bytes 294912
	Process OS info: (pid 514408 state R utime 1093 stime 1 cutime 0 cstime 0 CPU usage 98)
	CPU temperature (celsius): socket 0: 67 socket 1: 75[0m
EAR[514408](hratio_l30) at 2.60/1.47 in tcn361 MR[0] elapsed 10229 sec.: [32mLoop time: 1.108s DC Power: [35m521.9W[32m DRAM power: 0.00W PCK power: 433.52W
	avg. CPUFreq: 2.57GHz avg. IMCFreq: 1.47GHz
	CPI: 0.378 VPI: 0.00, Mem. bwidth: 0.12GB/s GFLOPS: 0.00 I/O: 0.01MB/s No MPI  
	TPI 0.02 Cache miss rates: L1 0.60GB/s L2 0.00GB/s L3 0.00GB/s
	Total MPI calls 3
	IO DATA: rchar 4613 wchar 8844 syscr 51 syscw 27 read_bytes 0 write_bytes 294912
	Process OS info: (pid 514408 state R utime 1093 stime 0 cutime 0 cstime 0 CPU usage 98)
	CPU temperature (celsius): socket 0: 68 socket 1: 75[0m
EAR[514408](hratio_l30) at 2.60/1.47 in tcn361 MR[0] elapsed 10240 sec.: [32mLoop time: 1.108s DC Power: [35m469.6W[32m DRAM power: 0.00W PCK power: 433.44W
	avg. CPUFreq: 2.57GHz avg. IMCFreq: 1.47GHz
	CPI: 0.378 VPI: 0.00, Mem. bwidth: 0.10GB/s GFLOPS: 0.00 I/O: 0.01MB/s No MPI  
	TPI 0.01 Cache miss rates: L1 0.60GB/s L2 0.00GB/s L3 0.00GB/s
	Total MPI calls 3
	IO DATA: rchar 4613 wchar 8844 syscr 51 syscw 27 read_bytes 0 write_bytes 294912
	Process OS info: (pid 514408 state R utime 1093 stime 1 cutime 0 cstime 0 CPU usage 98)
	CPU temperature (celsius): socket 0: 67 socket 1: 75[0m
EAR[514408](hratio_l30) at 2.60/1.47 in tcn361 MR[0] elapsed 10251 sec.: [32mLoop time: 1.108s DC Power: [35m469.3W[32m DRAM power: 0.00W PCK power: 433.48W
	avg. CPUFreq: 2.57GHz avg. IMCFreq: 1.47GHz
	CPI: 0.378 VPI: 0.00, Mem. bwidth: 0.12GB/s GFLOPS: 0.00 I/O: 0.01MB/s No MPI  
	TPI 0.02 Cache miss rates: L1 0.60GB/s L2 0.00GB/s L3 0.00GB/s
	Total MPI calls 3
	IO DATA: rchar 4613 wchar 8844 syscr 51 syscw 27 read_bytes 0 write_bytes 421888
	Process OS info: (pid 514408 state R utime 1094 stime 1 cutime 0 cstime 0 CPU usage 98)
	CPU temperature (celsius): socket 0: 68 socket 1: 75[0m
EAR[514408](hratio_l30) at 2.60/1.47 in tcn361 MR[0] elapsed 10262 sec.: [32mLoop time: 1.108s DC Power: [35m521.8W[32m DRAM power: 0.00W PCK power: 433.28W
	avg. CPUFreq: 2.57GHz avg. IMCFreq: 1.47GHz
	CPI: 0.379 VPI: 0.00, Mem. bwidth: 0.14GB/s GFLOPS: 0.00 I/O: 0.01MB/s No MPI  
	TPI 0.02 Cache miss rates: L1 0.60GB/s L2 0.00GB/s L3 0.00GB/s
	Total MPI calls 3
	IO DATA: rchar 4613 wchar 8844 syscr 51 syscw 27 read_bytes 0 write_bytes 299008
	Process OS info: (pid 514408 state R utime 1093 stime 0 cutime 0 cstime 0 CPU usage 98)
	CPU temperature (celsius): socket 0: 68 socket 1: 75[0m
EAR[514408](hratio_l30) at 2.60/1.47 in tcn361 MR[0] elapsed 10273 sec.: [32mLoop time: 1.108s DC Power: [35m521.6W[32m DRAM power: 0.00W PCK power: 433.35W
	avg. CPUFreq: 2.57GHz avg. IMCFreq: 1.47GHz
	CPI: 0.378 VPI: 0.00, Mem. bwidth: 0.10GB/s GFLOPS: 0.00 I/O: 0.01MB/s No MPI  
	TPI 0.01 Cache miss rates: L1 0.60GB/s L2 0.00GB/s L3 0.00GB/s
	Total MPI calls 3
	IO DATA: rchar 4613 wchar 8844 syscr 51 syscw 27 read_bytes 0 write_bytes 299008
	Process OS info: (pid 514408 state R utime 1093 stime 1 cutime 0 cstime 0 CPU usage 98)
	CPU temperature (celsius): socket 0: 68 socket 1: 75[0m
EAR[514408](hratio_l30) at 2.60/1.47 in tcn361 MR[0] elapsed 10284 sec.: [32mLoop time: 1.109s DC Power: [35m469.2W[32m DRAM power: 0.00W PCK power: 433.43W
	avg. CPUFreq: 2.57GHz avg. IMCFreq: 1.47GHz
	CPI: 0.378 VPI: 0.00, Mem. bwidth: 0.26GB/s GFLOPS: 0.00 I/O: 0.01MB/s No MPI  
	TPI 0.04 Cache miss rates: L1 0.60GB/s L2 0.00GB/s L3 0.00GB/s
	Total MPI calls 3
	IO DATA: rchar 4613 wchar 8844 syscr 51 syscw 27 read_bytes 0 write_bytes 294912
	Process OS info: (pid 514408 state R utime 1088 stime 1 cutime 0 cstime 0 CPU usage 98)
	CPU temperature (celsius): socket 0: 68 socket 1: 74[0m
EAR[514408](hratio_l30) at 2.60/1.47 in tcn361 MR[0] elapsed 10295 sec.: [32mLoop time: 1.108s DC Power: [35m521.3W[32m DRAM power: 0.00W PCK power: 433.33W
	avg. CPUFreq: 2.57GHz avg. IMCFreq: 1.47GHz
	CPI: 0.378 VPI: 0.00, Mem. bwidth: 0.33GB/s GFLOPS: 0.00 I/O: 0.01MB/s No MPI  
	TPI 0.05 Cache miss rates: L1 0.60GB/s L2 0.00GB/s L3 0.00GB/s
	Total MPI calls 3
	IO DATA: rchar 4613 wchar 8844 syscr 51 syscw 27 read_bytes 0 write_bytes 294912
	Process OS info: (pid 514408 state R utime 1084 stime 0 cutime 0 cstime 0 CPU usage 97)
	CPU temperature (celsius): socket 0: 68 socket 1: 74[0m
EAR[514408](hratio_l30) at 2.60/1.47 in tcn361 MR[0] elapsed 10307 sec.: [32mLoop time: 1.108s DC Power: [35m521.3W[32m DRAM power: 0.00W PCK power: 433.37W
	avg. CPUFreq: 2.57GHz avg. IMCFreq: 1.47GHz
	CPI: 0.378 VPI: 0.00, Mem. bwidth: 0.31GB/s GFLOPS: 0.00 I/O: 0.01MB/s No MPI  
	TPI 0.05 Cache miss rates: L1 0.60GB/s L2 0.00GB/s L3 0.00GB/s
	Total MPI calls 3
	IO DATA: rchar 4613 wchar 8844 syscr 51 syscw 27 read_bytes 0 write_bytes 294912
	Process OS info: (pid 514408 state R utime 1084 stime 1 cutime 0 cstime 0 CPU usage 97)
	CPU temperature (celsius): socket 0: 68 socket 1: 75[0m
EAR[514408](hratio_l30) at 2.60/1.47 in tcn361 MR[0] elapsed 10318 sec.: [32mLoop time: 1.107s DC Power: [35m469.7W[32m DRAM power: 0.00W PCK power: 433.42W
	avg. CPUFreq: 2.57GHz avg. IMCFreq: 1.47GHz
	CPI: 0.378 VPI: 0.00, Mem. bwidth: 0.28GB/s GFLOPS: 0.00 I/O: 0.01MB/s No MPI  
	TPI 0.04 Cache miss rates: L1 0.61GB/s L2 0.00GB/s L3 0.00GB/s
	Total MPI calls 3
	IO DATA: rchar 4613 wchar 8844 syscr 51 syscw 27 read_bytes 0 write_bytes 303104
	Process OS info: (pid 514408 state R utime 1080 stime 1 cutime 0 cstime 0 CPU usage 97)
	CPU temperature (celsius): socket 0: 68 socket 1: 75[0m
EAR[514408](hratio_l30) at 2.60/1.47 in tcn361 MR[0] elapsed 10329 sec.: [32mLoop time: 1.108s DC Power: [35m470.3W[32m DRAM power: 0.00W PCK power: 433.46W
	avg. CPUFreq: 2.57GHz avg. IMCFreq: 1.47GHz
	CPI: 0.378 VPI: 0.00, Mem. bwidth: 0.39GB/s GFLOPS: 0.00 I/O: 0.01MB/s No MPI  
	TPI 0.06 Cache miss rates: L1 0.66GB/s L2 0.00GB/s L3 0.00GB/s
	Total MPI calls 3
	IO DATA: rchar 4613 wchar 8844 syscr 51 syscw 27 read_bytes 0 write_bytes 299008
	Process OS info: (pid 514408 state R utime 1089 stime 0 cutime 0 cstime 0 CPU usage 98)
	CPU temperature (celsius): socket 0: 68 socket 1: 75[0m
EAR[514408](hratio_l30) at 2.60/1.47 in tcn361 MR[0] elapsed 10340 sec.: [32mLoop time: 1.108s DC Power: [35m522.9W[32m DRAM power: 0.00W PCK power: 433.71W
	avg. CPUFreq: 2.57GHz avg. IMCFreq: 1.47GHz
	CPI: 0.378 VPI: 0.00, Mem. bwidth: 0.18GB/s GFLOPS: 0.00 I/O: 0.01MB/s No MPI  
	TPI 0.03 Cache miss rates: L1 0.60GB/s L2 0.00GB/s L3 0.00GB/s
	Total MPI calls 3
	IO DATA: rchar 4613 wchar 8844 syscr 51 syscw 27 read_bytes 0 write_bytes 434176
	Process OS info: (pid 514408 state R utime 1092 stime 1 cutime 0 cstime 0 CPU usage 98)
	CPU temperature (celsius): socket 0: 68 socket 1: 74[0m
EAR[514408](hratio_l30) at 2.60/1.47 in tcn361 MR[0] elapsed 10351 sec.: [32mLoop time: 1.108s DC Power: [35m523.7W[32m DRAM power: 0.00W PCK power: 433.72W
	avg. CPUFreq: 2.57GHz avg. IMCFreq: 1.47GHz
	CPI: 0.378 VPI: 0.00, Mem. bwidth: 0.13GB/s GFLOPS: 0.00 I/O: 0.01MB/s No MPI  
	TPI 0.02 Cache miss rates: L1 0.60GB/s L2 0.00GB/s L3 0.00GB/s
	Total MPI calls 3
	IO DATA: rchar 4613 wchar 8844 syscr 51 syscw 27 read_bytes 0 write_bytes 294912
	Process OS info: (pid 514408 state R utime 1086 stime 1 cutime 0 cstime 0 CPU usage 98)
	CPU temperature (celsius): socket 0: 68 socket 1: 74[0m
EAR[514408](hratio_l30) at 2.60/1.47 in tcn361 MR[0] elapsed 10362 sec.: [32mLoop time: 1.108s DC Power: [35m523.4W[32m DRAM power: 0.00W PCK power: 433.66W
	avg. CPUFreq: 2.57GHz avg. IMCFreq: 1.47GHz
	CPI: 0.378 VPI: 0.00, Mem. bwidth: 0.09GB/s GFLOPS: 0.00 I/O: 0.01MB/s No MPI  
	TPI 0.01 Cache miss rates: L1 0.60GB/s L2 0.00GB/s L3 0.00GB/s
	Total MPI calls 3
	IO DATA: rchar 4613 wchar 8844 syscr 51 syscw 27 read_bytes 0 write_bytes 294912
	Process OS info: (pid 514408 state R utime 1093 stime 0 cutime 0 cstime 0 CPU usage 98)
	CPU temperature (celsius): socket 0: 68 socket 1: 75[0m
EAR[514408](hratio_l30) at 2.60/1.47 in tcn361 MR[0] elapsed 10373 sec.: [32mLoop time: 1.108s DC Power: [35m418.2W[32m DRAM power: 0.00W PCK power: 433.68W
	avg. CPUFreq: 2.57GHz avg. IMCFreq: 1.47GHz
	CPI: 0.378 VPI: 0.00, Mem. bwidth: 0.13GB/s GFLOPS: 0.00 I/O: 0.01MB/s No MPI  
	TPI 0.02 Cache miss rates: L1 0.60GB/s L2 0.00GB/s L3 0.00GB/s
	Total MPI calls 3
	IO DATA: rchar 4613 wchar 8844 syscr 51 syscw 27 read_bytes 0 write_bytes 299008
	Process OS info: (pid 514408 state R utime 1093 stime 1 cutime 0 cstime 0 CPU usage 98)
	CPU temperature (celsius): socket 0: 68 socket 1: 75[0m
EAR[514408](hratio_l30) at 2.60/1.47 in tcn361 MR[0] elapsed 10384 sec.: [32mLoop time: 1.108s DC Power: [35m521.8W[32m DRAM power: 0.00W PCK power: 433.54W
	avg. CPUFreq: 2.57GHz avg. IMCFreq: 1.47GHz
	CPI: 0.378 VPI: 0.00, Mem. bwidth: 0.10GB/s GFLOPS: 0.00 I/O: 0.01MB/s No MPI  
	TPI 0.01 Cache miss rates: L1 0.60GB/s L2 0.00GB/s L3 0.00GB/s
	Total MPI calls 3
	IO DATA: rchar 4613 wchar 8844 syscr 51 syscw 27 read_bytes 0 write_bytes 360448
	Process OS info: (pid 514408 state R utime 1086 stime 1 cutime 0 cstime 0 CPU usage 98)
	CPU temperature (celsius): socket 0: 68 socket 1: 75[0m
EAR[514408](hratio_l30) at 2.60/1.47 in tcn361 MR[0] elapsed 10395 sec.: [32mLoop time: 1.108s DC Power: [35m521.8W[32m DRAM power: 0.00W PCK power: 433.48W
	avg. CPUFreq: 2.57GHz avg. IMCFreq: 1.47GHz
	CPI: 0.378 VPI: 0.00, Mem. bwidth: 0.10GB/s GFLOPS: 0.00 I/O: 0.01MB/s No MPI  
	TPI 0.01 Cache miss rates: L1 0.60GB/s L2 0.00GB/s L3 0.00GB/s
	Total MPI calls 3
	IO DATA: rchar 4613 wchar 8844 syscr 51 syscw 27 read_bytes 0 write_bytes 307200
	Process OS info: (pid 514408 state R utime 1093 stime 1 cutime 0 cstime 0 CPU usage 98)
	CPU temperature (celsius): socket 0: 68 socket 1: 74[0m
EAR[514408](hratio_l30) at 2.60/1.47 in tcn361 MR[0] elapsed 10406 sec.: [32mLoop time: 1.108s DC Power: [35m521.6W[32m DRAM power: 0.00W PCK power: 433.57W
	avg. CPUFreq: 2.57GHz avg. IMCFreq: 1.47GHz
	CPI: 0.378 VPI: 0.00, Mem. bwidth: 0.13GB/s GFLOPS: 0.00 I/O: 0.01MB/s No MPI  
	TPI 0.02 Cache miss rates: L1 0.60GB/s L2 0.00GB/s L3 0.00GB/s
	Total MPI calls 3
	IO DATA: rchar 4613 wchar 8844 syscr 51 syscw 27 read_bytes 0 write_bytes 294912
	Process OS info: (pid 514408 state R utime 1088 stime 0 cutime 0 cstime 0 CPU usage 98)
	CPU temperature (celsius): socket 0: 68 socket 1: 75[0m
EAR[514408](hratio_l30) at 2.60/1.47 in tcn361 MR[0] elapsed 10417 sec.: [32mLoop time: 1.108s DC Power: [35m469.7W[32m DRAM power: 0.00W PCK power: 433.48W
	avg. CPUFreq: 2.57GHz avg. IMCFreq: 1.47GHz
	CPI: 0.378 VPI: 0.00, Mem. bwidth: 0.09GB/s GFLOPS: 0.00 I/O: 0.01MB/s No MPI  
	TPI 0.01 Cache miss rates: L1 0.60GB/s L2 0.00GB/s L3 0.00GB/s
	Total MPI calls 3
	IO DATA: rchar 4613 wchar 8844 syscr 51 syscw 27 read_bytes 0 write_bytes 294912
	Process OS info: (pid 514408 state R utime 1093 stime 1 cutime 0 cstime 0 CPU usage 98)
	CPU temperature (celsius): socket 0: 68 socket 1: 75[0m
EAR[514408](hratio_l30) at 2.60/1.47 in tcn361 MR[0] elapsed 10428 sec.: [32mLoop time: 1.108s DC Power: [35m521.5W[32m DRAM power: 0.00W PCK power: 433.52W
	avg. CPUFreq: 2.57GHz avg. IMCFreq: 1.47GHz
	CPI: 0.378 VPI: 0.00, Mem. bwidth: 0.10GB/s GFLOPS: 0.00 I/O: 0.01MB/s No MPI  
	TPI 0.01 Cache miss rates: L1 0.60GB/s L2 0.00GB/s L3 0.00GB/s
	Total MPI calls 3
	IO DATA: rchar 4613 wchar 8844 syscr 51 syscw 27 read_bytes 0 write_bytes 303104
	Process OS info: (pid 514408 state R utime 1093 stime 1 cutime 0 cstime 0 CPU usage 98)
	CPU temperature (celsius): socket 0: 68 socket 1: 74[0m
EAR[514408](hratio_l30) at 2.60/1.47 in tcn361 MR[0] elapsed 10439 sec.: [32mLoop time: 1.108s DC Power: [35m469.5W[32m DRAM power: 0.00W PCK power: 433.54W
	avg. CPUFreq: 2.57GHz avg. IMCFreq: 1.47GHz
	CPI: 0.378 VPI: 0.00, Mem. bwidth: 0.13GB/s GFLOPS: 0.00 I/O: 0.01MB/s No MPI  
	TPI 0.02 Cache miss rates: L1 0.60GB/s L2 0.00GB/s L3 0.00GB/s
	Total MPI calls 3
	IO DATA: rchar 4613 wchar 8844 syscr 51 syscw 27 read_bytes 0 write_bytes 397312
	Process OS info: (pid 514408 state R utime 1088 stime 0 cutime 0 cstime 0 CPU usage 98)
	CPU temperature (celsius): socket 0: 68 socket 1: 75[0m
EAR[514408](hratio_l30) at 2.60/1.47 in tcn361 MR[0] elapsed 10451 sec.: [32mLoop time: 1.108s DC Power: [35m521.5W[32m DRAM power: 0.00W PCK power: 433.47W
	avg. CPUFreq: 2.57GHz avg. IMCFreq: 1.47GHz
	CPI: 0.378 VPI: 0.00, Mem. bwidth: 0.10GB/s GFLOPS: 0.00 I/O: 0.01MB/s No MPI  
	TPI 0.01 Cache miss rates: L1 0.60GB/s L2 0.00GB/s L3 0.00GB/s
	Total MPI calls 3
	IO DATA: rchar 4613 wchar 8844 syscr 51 syscw 27 read_bytes 0 write_bytes 323584
	Process OS info: (pid 514408 state R utime 1093 stime 1 cutime 0 cstime 0 CPU usage 98)
	CPU temperature (celsius): socket 0: 68 socket 1: 75[0m
EAR[514408](hratio_l30) at 2.60/1.47 in tcn361 MR[0] elapsed 10462 sec.: [32mLoop time: 1.109s DC Power: [35m469.2W[32m DRAM power: 0.00W PCK power: 433.70W
	avg. CPUFreq: 2.57GHz avg. IMCFreq: 1.47GHz
	CPI: 0.378 VPI: 0.00, Mem. bwidth: 0.11GB/s GFLOPS: 0.00 I/O: 0.01MB/s No MPI  
	TPI 0.02 Cache miss rates: L1 0.61GB/s L2 0.00GB/s L3 0.00GB/s
	Total MPI calls 3
	IO DATA: rchar 4613 wchar 8844 syscr 51 syscw 27 read_bytes 0 write_bytes 294912
	Process OS info: (pid 514408 state R utime 1094 stime 1 cutime 0 cstime 0 CPU usage 98)
	CPU temperature (celsius): socket 0: 68 socket 1: 75[0m
EAR[514408](hratio_l30) at 2.60/1.47 in tcn361 MR[0] elapsed 10473 sec.: [32mLoop time: 1.108s DC Power: [35m521.7W[32m DRAM power: 0.00W PCK power: 433.43W
	avg. CPUFreq: 2.57GHz avg. IMCFreq: 1.47GHz
	CPI: 0.378 VPI: 0.00, Mem. bwidth: 0.10GB/s GFLOPS: 0.00 I/O: 0.01MB/s No MPI  
	TPI 0.01 Cache miss rates: L1 0.66GB/s L2 0.00GB/s L3 0.00GB/s
	Total MPI calls 3
	IO DATA: rchar 4613 wchar 8844 syscr 51 syscw 27 read_bytes 0 write_bytes 294912
	Process OS info: (pid 514408 state R utime 1088 stime 0 cutime 0 cstime 0 CPU usage 98)
	CPU temperature (celsius): socket 0: 68 socket 1: 75[0m
EAR[514408](hratio_l30) at 2.60/1.47 in tcn361 MR[0] elapsed 10484 sec.: [32mLoop time: 1.108s DC Power: [35m521.7W[32m DRAM power: 0.00W PCK power: 433.46W
	avg. CPUFreq: 2.57GHz avg. IMCFreq: 1.47GHz
	CPI: 0.378 VPI: 0.00, Mem. bwidth: 0.11GB/s GFLOPS: 0.00 I/O: 0.01MB/s No MPI  
	TPI 0.02 Cache miss rates: L1 0.59GB/s L2 0.00GB/s L3 0.00GB/s
	Total MPI calls 3
	IO DATA: rchar 4613 wchar 8844 syscr 51 syscw 27 read_bytes 0 write_bytes 294912
	Process OS info: (pid 514408 state R utime 1093 stime 1 cutime 0 cstime 0 CPU usage 98)
	CPU temperature (celsius): socket 0: 68 socket 1: 74[0m
EAR[514408](hratio_l30) at 2.60/1.47 in tcn361 MR[0] elapsed 10495 sec.: [32mLoop time: 1.109s DC Power: [35m469.5W[32m DRAM power: 0.00W PCK power: 433.73W
	avg. CPUFreq: 2.57GHz avg. IMCFreq: 1.47GHz
	CPI: 0.378 VPI: 0.00, Mem. bwidth: 0.12GB/s GFLOPS: 0.00 I/O: 0.01MB/s No MPI  
	TPI 0.02 Cache miss rates: L1 0.61GB/s L2 0.00GB/s L3 0.00GB/s
	Total MPI calls 3
	IO DATA: rchar 4613 wchar 8844 syscr 51 syscw 27 read_bytes 0 write_bytes 294912
	Process OS info: (pid 514408 state R utime 1095 stime 0 cutime 0 cstime 0 CPU usage 98)
	CPU temperature (celsius): socket 0: 68 socket 1: 74[0m
EAR[514408](hratio_l30) at 2.60/1.47 in tcn361 MR[0] elapsed 10506 sec.: [32mLoop time: 1.108s DC Power: [35m470.6W[32m DRAM power: 0.00W PCK power: 433.55W
	avg. CPUFreq: 2.57GHz avg. IMCFreq: 1.47GHz
	CPI: 0.378 VPI: 0.00, Mem. bwidth: 0.12GB/s GFLOPS: 0.00 I/O: 0.01MB/s No MPI  
	TPI 0.02 Cache miss rates: L1 0.60GB/s L2 0.00GB/s L3 0.00GB/s
	Total MPI calls 3
	IO DATA: rchar 4613 wchar 8844 syscr 51 syscw 27 read_bytes 0 write_bytes 303104
	Process OS info: (pid 514408 state R utime 1093 stime 1 cutime 0 cstime 0 CPU usage 98)
	CPU temperature (celsius): socket 0: 68 socket 1: 75[0m
EAR[514408](hratio_l30) at 2.60/1.47 in tcn361 MR[0] elapsed 10517 sec.: [32mLoop time: 1.108s DC Power: [35m523.6W[32m DRAM power: 0.00W PCK power: 433.55W
	avg. CPUFreq: 2.57GHz avg. IMCFreq: 1.47GHz
	CPI: 0.378 VPI: 0.00, Mem. bwidth: 0.09GB/s GFLOPS: 0.00 I/O: 0.01MB/s No MPI  
	TPI 0.01 Cache miss rates: L1 0.60GB/s L2 0.00GB/s L3 0.00GB/s
	Total MPI calls 3
	IO DATA: rchar 4613 wchar 8844 syscr 51 syscw 27 read_bytes 0 write_bytes 405504
	Process OS info: (pid 514408 state R utime 1093 stime 1 cutime 0 cstime 0 CPU usage 98)
	CPU temperature (celsius): socket 0: 68 socket 1: 74[0m
EAR[514408](hratio_l30) at 2.60/1.47 in tcn361 MR[0] elapsed 10528 sec.: [32mLoop time: 1.108s DC Power: [35m523.5W[32m DRAM power: 0.00W PCK power: 433.73W
	avg. CPUFreq: 2.57GHz avg. IMCFreq: 1.47GHz
	CPI: 0.378 VPI: 0.00, Mem. bwidth: 0.12GB/s GFLOPS: 0.00 I/O: 0.01MB/s No MPI  
	TPI 0.02 Cache miss rates: L1 0.60GB/s L2 0.00GB/s L3 0.00GB/s
	Total MPI calls 3
	IO DATA: rchar 4613 wchar 8844 syscr 51 syscw 27 read_bytes 0 write_bytes 372736
	Process OS info: (pid 514408 state R utime 1087 stime 0 cutime 0 cstime 0 CPU usage 98)
	CPU temperature (celsius): socket 0: 68 socket 1: 75[0m
EAR[514408](hratio_l30) at 2.60/1.47 in tcn361 MR[0] elapsed 10539 sec.: [32mLoop time: 1.108s DC Power: [35m523.2W[32m DRAM power: 0.00W PCK power: 433.59W
	avg. CPUFreq: 2.57GHz avg. IMCFreq: 1.47GHz
	CPI: 0.378 VPI: 0.00, Mem. bwidth: 0.10GB/s GFLOPS: 0.00 I/O: 0.01MB/s No MPI  
	TPI 0.01 Cache miss rates: L1 0.59GB/s L2 0.00GB/s L3 0.00GB/s
	Total MPI calls 3
	IO DATA: rchar 4613 wchar 8844 syscr 51 syscw 27 read_bytes 0 write_bytes 294912
	Process OS info: (pid 514408 state R utime 1094 stime 1 cutime 0 cstime 0 CPU usage 98)
	CPU temperature (celsius): socket 0: 68 socket 1: 74[0m
EAR[514408](hratio_l30) at 2.60/1.47 in tcn361 MR[0] elapsed 10550 sec.: [32mLoop time: 1.108s DC Power: [35m418.1W[32m DRAM power: 0.00W PCK power: 433.62W
	avg. CPUFreq: 2.57GHz avg. IMCFreq: 1.47GHz
	CPI: 0.378 VPI: 0.00, Mem. bwidth: 0.09GB/s GFLOPS: 0.00 I/O: 0.01MB/s No MPI  
	TPI 0.01 Cache miss rates: L1 0.61GB/s L2 0.00GB/s L3 0.00GB/s
	Total MPI calls 3
	IO DATA: rchar 4613 wchar 8844 syscr 51 syscw 27 read_bytes 0 write_bytes 299008
	Process OS info: (pid 514408 state R utime 1093 stime 1 cutime 0 cstime 0 CPU usage 98)
	CPU temperature (celsius): socket 0: 68 socket 1: 74[0m
EAR[514408](hratio_l30) at 2.60/1.47 in tcn361 MR[0] elapsed 10561 sec.: [32mLoop time: 1.109s DC Power: [35m521.3W[32m DRAM power: 0.00W PCK power: 433.73W
	avg. CPUFreq: 2.57GHz avg. IMCFreq: 1.47GHz
	CPI: 0.378 VPI: 0.00, Mem. bwidth: 0.13GB/s GFLOPS: 0.00 I/O: 0.01MB/s No MPI  
	TPI 0.02 Cache miss rates: L1 0.61GB/s L2 0.00GB/s L3 0.00GB/s
	Total MPI calls 3
	IO DATA: rchar 4613 wchar 8844 syscr 51 syscw 27 read_bytes 0 write_bytes 303104
	Process OS info: (pid 514408 state R utime 1087 stime 1 cutime 0 cstime 0 CPU usage 98)
	CPU temperature (celsius): socket 0: 68 socket 1: 75[0m
EAR[514408](hratio_l30) at 2.60/1.47 in tcn361 MR[0] elapsed 10572 sec.: [32mLoop time: 1.108s DC Power: [35m521.9W[32m DRAM power: 0.00W PCK power: 433.50W
	avg. CPUFreq: 2.57GHz avg. IMCFreq: 1.47GHz
	CPI: 0.378 VPI: 0.00, Mem. bwidth: 0.11GB/s GFLOPS: 0.00 I/O: 0.01MB/s No MPI  
	TPI 0.02 Cache miss rates: L1 0.60GB/s L2 0.00GB/s L3 0.00GB/s
	Total MPI calls 3
	IO DATA: rchar 4613 wchar 8844 syscr 51 syscw 27 read_bytes 0 write_bytes 303104
	Process OS info: (pid 514408 state R utime 1093 stime 0 cutime 0 cstime 0 CPU usage 98)
	CPU temperature (celsius): socket 0: 68 socket 1: 75[0m
EAR[514408](hratio_l30) at 2.60/1.47 in tcn361 MR[0] elapsed 10584 sec.: [32mLoop time: 1.107s DC Power: [35m522.0W[32m DRAM power: 0.00W PCK power: 433.61W
	avg. CPUFreq: 2.57GHz avg. IMCFreq: 1.47GHz
	CPI: 0.378 VPI: 0.00, Mem. bwidth: 0.12GB/s GFLOPS: 0.00 I/O: 0.01MB/s No MPI  
	TPI 0.02 Cache miss rates: L1 0.60GB/s L2 0.00GB/s L3 0.00GB/s
	Total MPI calls 3
	IO DATA: rchar 4613 wchar 8844 syscr 51 syscw 27 read_bytes 0 write_bytes 385024
	Process OS info: (pid 514408 state R utime 1093 stime 1 cutime 0 cstime 0 CPU usage 98)
	CPU temperature (celsius): socket 0: 68 socket 1: 74[0m
EAR[514408](hratio_l30) at 2.60/1.47 in tcn361 MR[0] elapsed 10595 sec.: [32mLoop time: 1.109s DC Power: [35m469.1W[32m DRAM power: 0.00W PCK power: 433.51W
	avg. CPUFreq: 2.57GHz avg. IMCFreq: 1.47GHz
	CPI: 0.378 VPI: 0.00, Mem. bwidth: 0.11GB/s GFLOPS: 0.00 I/O: 0.01MB/s No MPI  
	TPI 0.02 Cache miss rates: L1 0.60GB/s L2 0.00GB/s L3 0.00GB/s
	Total MPI calls 3
	IO DATA: rchar 4613 wchar 8844 syscr 51 syscw 27 read_bytes 0 write_bytes 294912
	Process OS info: (pid 514408 state R utime 1087 stime 1 cutime 0 cstime 0 CPU usage 98)
	CPU temperature (celsius): socket 0: 68 socket 1: 75[0m
EAR[514408](hratio_l30) at 2.60/1.47 in tcn361 MR[0] elapsed 10606 sec.: [32mLoop time: 1.108s DC Power: [35m521.9W[32m DRAM power: 0.00W PCK power: 433.60W
	avg. CPUFreq: 2.57GHz avg. IMCFreq: 1.47GHz
	CPI: 0.378 VPI: 0.00, Mem. bwidth: 0.10GB/s GFLOPS: 0.00 I/O: 0.01MB/s No MPI  
	TPI 0.02 Cache miss rates: L1 0.66GB/s L2 0.00GB/s L3 0.00GB/s
	Total MPI calls 3
	IO DATA: rchar 4613 wchar 8844 syscr 51 syscw 27 read_bytes 0 write_bytes 294912
	Process OS info: (pid 514408 state R utime 1093 stime 0 cutime 0 cstime 0 CPU usage 98)
	CPU temperature (celsius): socket 0: 68 socket 1: 75[0m
EAR[514408](hratio_l30) at 2.60/1.47 in tcn361 MR[0] elapsed 10617 sec.: [32mLoop time: 1.108s DC Power: [35m469.5W[32m DRAM power: 0.00W PCK power: 433.72W
	avg. CPUFreq: 2.57GHz avg. IMCFreq: 1.47GHz
	CPI: 0.378 VPI: 0.00, Mem. bwidth: 0.12GB/s GFLOPS: 0.00 I/O: 0.01MB/s No MPI  
	TPI 0.02 Cache miss rates: L1 0.60GB/s L2 0.00GB/s L3 0.00GB/s
	Total MPI calls 3
	IO DATA: rchar 4613 wchar 8844 syscr 51 syscw 27 read_bytes 0 write_bytes 294912
	Process OS info: (pid 514408 state R utime 1087 stime 1 cutime 0 cstime 0 CPU usage 98)
	CPU temperature (celsius): socket 0: 68 socket 1: 74[0m
EAR[514408](hratio_l30) at 2.60/1.47 in tcn361 MR[0] elapsed 10628 sec.: [32mLoop time: 1.107s DC Power: [35m522.0W[32m DRAM power: 0.00W PCK power: 433.65W
	avg. CPUFreq: 2.57GHz avg. IMCFreq: 1.47GHz
	CPI: 0.378 VPI: 0.00, Mem. bwidth: 0.09GB/s GFLOPS: 0.00 I/O: 0.01MB/s No MPI  
	TPI 0.01 Cache miss rates: L1 0.60GB/s L2 0.00GB/s L3 0.00GB/s
	Total MPI calls 3
	IO DATA: rchar 4613 wchar 8844 syscr 51 syscw 27 read_bytes 0 write_bytes 294912
	Process OS info: (pid 514408 state R utime 1092 stime 1 cutime 0 cstime 0 CPU usage 98)
	CPU temperature (celsius): socket 0: 68 socket 1: 75[0m
EAR[514408](hratio_l30) at 2.60/1.47 in tcn361 MR[0] elapsed 10639 sec.: [32mLoop time: 1.108s DC Power: [35m469.5W[32m DRAM power: 0.00W PCK power: 433.61W
	avg. CPUFreq: 2.57GHz avg. IMCFreq: 1.47GHz
	CPI: 0.378 VPI: 0.00, Mem. bwidth: 0.09GB/s GFLOPS: 0.00 I/O: 0.01MB/s No MPI  
	TPI 0.01 Cache miss rates: L1 0.60GB/s L2 0.00GB/s L3 0.00GB/s
	Total MPI calls 3
	IO DATA: rchar 4613 wchar 8844 syscr 51 syscw 27 read_bytes 0 write_bytes 344064
	Process OS info: (pid 514408 state R utime 1093 stime 1 cutime 0 cstime 0 CPU usage 98)
	CPU temperature (celsius): socket 0: 68 socket 1: 74[0m
EAR[514408](hratio_l30) at 2.60/1.47 in tcn361 MR[0] elapsed 10650 sec.: [32mLoop time: 1.108s DC Power: [35m521.7W[32m DRAM power: 0.00W PCK power: 433.60W
	avg. CPUFreq: 2.57GHz avg. IMCFreq: 1.47GHz
	CPI: 0.378 VPI: 0.00, Mem. bwidth: 0.14GB/s GFLOPS: 0.00 I/O: 0.01MB/s No MPI  
	TPI 0.02 Cache miss rates: L1 0.60GB/s L2 0.00GB/s L3 0.00GB/s
	Total MPI calls 3
	IO DATA: rchar 4613 wchar 8844 syscr 51 syscw 27 read_bytes 0 write_bytes 438272
	Process OS info: (pid 514408 state R utime 1093 stime 0 cutime 0 cstime 0 CPU usage 98)
	CPU temperature (celsius): socket 0: 68 socket 1: 75[0m
EAR[514408](hratio_l30) at 2.60/1.47 in tcn361 MR[0] elapsed 10661 sec.: [32mLoop time: 1.108s DC Power: [35m521.8W[32m DRAM power: 0.00W PCK power: 433.56W
	avg. CPUFreq: 2.57GHz avg. IMCFreq: 1.47GHz
	CPI: 0.378 VPI: 0.00, Mem. bwidth: 0.11GB/s GFLOPS: 0.00 I/O: 0.01MB/s No MPI  
	TPI 0.02 Cache miss rates: L1 0.61GB/s L2 0.00GB/s L3 0.00GB/s
	Total MPI calls 3
	IO DATA: rchar 4613 wchar 8844 syscr 51 syscw 27 read_bytes 0 write_bytes 339968
	Process OS info: (pid 514408 state R utime 1093 stime 1 cutime 0 cstime 0 CPU usage 98)
	CPU temperature (celsius): socket 0: 68 socket 1: 75[0m
EAR[514408](hratio_l30) at 2.60/1.47 in tcn361 MR[0] elapsed 10672 sec.: [32mLoop time: 1.107s DC Power: [35m470.5W[32m DRAM power: 0.00W PCK power: 433.79W
	avg. CPUFreq: 2.57GHz avg. IMCFreq: 1.47GHz
	CPI: 0.378 VPI: 0.00, Mem. bwidth: 0.12GB/s GFLOPS: 0.00 I/O: 0.01MB/s No MPI  
	TPI 0.02 Cache miss rates: L1 0.60GB/s L2 0.00GB/s L3 0.00GB/s
	Total MPI calls 3
	IO DATA: rchar 4613 wchar 8844 syscr 51 syscw 27 read_bytes 0 write_bytes 294912
	Process OS info: (pid 514408 state R utime 1093 stime 1 cutime 0 cstime 0 CPU usage 98)
	CPU temperature (celsius): socket 0: 68 socket 1: 75[0m
EAR[514408](hratio_l30) at 2.60/1.47 in tcn361 MR[0] elapsed 10683 sec.: [32mLoop time: 1.108s DC Power: [35m523.5W[32m DRAM power: 0.00W PCK power: 433.67W
	avg. CPUFreq: 2.57GHz avg. IMCFreq: 1.47GHz
	CPI: 0.378 VPI: 0.00, Mem. bwidth: 0.09GB/s GFLOPS: 0.00 I/O: 0.01MB/s No MPI  
	TPI 0.01 Cache miss rates: L1 0.60GB/s L2 0.00GB/s L3 0.00GB/s
	Total MPI calls 3
	IO DATA: rchar 4613 wchar 8844 syscr 51 syscw 27 read_bytes 0 write_bytes 303104
	Process OS info: (pid 514408 state R utime 1087 stime 0 cutime 0 cstime 0 CPU usage 98)
	CPU temperature (celsius): socket 0: 68 socket 1: 75[0m
EAR[514408](hratio_l30) at 2.60/1.47 in tcn361 MR[0] elapsed 10694 sec.: [32mLoop time: 1.108s DC Power: [35m523.5W[32m DRAM power: 0.00W PCK power: 433.71W
	avg. CPUFreq: 2.57GHz avg. IMCFreq: 1.47GHz
	CPI: 0.378 VPI: 0.00, Mem. bwidth: 0.10GB/s GFLOPS: 0.00 I/O: 0.01MB/s No MPI  
	TPI 0.01 Cache miss rates: L1 0.60GB/s L2 0.00GB/s L3 0.00GB/s
	Total MPI calls 3
	IO DATA: rchar 4613 wchar 8844 syscr 51 syscw 27 read_bytes 0 write_bytes 303104
	Process OS info: (pid 514408 state R utime 1093 stime 1 cutime 0 cstime 0 CPU usage 98)
	CPU temperature (celsius): socket 0: 68 socket 1: 75[0m
EAR[514408](hratio_l30) at 2.60/1.47 in tcn361 MR[0] elapsed 10705 sec.: [32mLoop time: 1.107s DC Power: [35m523.7W[32m DRAM power: 0.00W PCK power: 433.82W
	avg. CPUFreq: 2.57GHz avg. IMCFreq: 1.47GHz
	CPI: 0.378 VPI: 0.00, Mem. bwidth: 0.12GB/s GFLOPS: 0.00 I/O: 0.01MB/s No MPI  
	TPI 0.02 Cache miss rates: L1 0.60GB/s L2 0.00GB/s L3 0.00GB/s
	Total MPI calls 3
	IO DATA: rchar 4613 wchar 8844 syscr 51 syscw 27 read_bytes 0 write_bytes 266240
	Process OS info: (pid 514408 state R utime 1093 stime 1 cutime 0 cstime 0 CPU usage 98)
	CPU temperature (celsius): socket 0: 68 socket 1: 75[0m
EAR[514408](hratio_l30) at 2.60/1.47 in tcn361 MR[0] elapsed 10716 sec.: [32mLoop time: 1.108s DC Power: [35m522.9W[32m DRAM power: 0.00W PCK power: 433.72W
	avg. CPUFreq: 2.57GHz avg. IMCFreq: 1.47GHz
	CPI: 0.378 VPI: 0.00, Mem. bwidth: 0.10GB/s GFLOPS: 0.00 I/O: 0.01MB/s No MPI  
	TPI 0.02 Cache miss rates: L1 0.60GB/s L2 0.00GB/s L3 0.00GB/s
	Total MPI calls 3
	IO DATA: rchar 4613 wchar 8844 syscr 51 syscw 27 read_bytes 0 write_bytes 299008
	Process OS info: (pid 514408 state R utime 1086 stime 0 cutime 0 cstime 0 CPU usage 98)
	CPU temperature (celsius): socket 0: 68 socket 1: 75[0m
EAR[514408](hratio_l30) at 2.60/1.47 in tcn361 MR[0] elapsed 10728 sec.: [32mLoop time: 1.108s DC Power: [35m469.9W[32m DRAM power: 0.00W PCK power: 433.65W
	avg. CPUFreq: 2.57GHz avg. IMCFreq: 1.47GHz
	CPI: 0.378 VPI: 0.00, Mem. bwidth: 0.09GB/s GFLOPS: 0.00 I/O: 0.01MB/s No MPI  
	TPI 0.01 Cache miss rates: L1 0.61GB/s L2 0.00GB/s L3 0.00GB/s
	Total MPI calls 3
	IO DATA: rchar 4613 wchar 8844 syscr 51 syscw 27 read_bytes 0 write_bytes 311296
	Process OS info: (pid 514408 state R utime 1093 stime 1 cutime 0 cstime 0 CPU usage 98)
	CPU temperature (celsius): socket 0: 68 socket 1: 75[0m
EAR[514408](hratio_l30) at 2.60/1.47 in tcn361 MR[0] elapsed 10739 sec.: [32mLoop time: 1.109s DC Power: [35m469.2W[32m DRAM power: 0.00W PCK power: 433.81W
	avg. CPUFreq: 2.57GHz avg. IMCFreq: 1.47GHz
	CPI: 0.378 VPI: 0.00, Mem. bwidth: 0.15GB/s GFLOPS: 0.00 I/O: 0.01MB/s No MPI  
	TPI 0.02 Cache miss rates: L1 0.60GB/s L2 0.00GB/s L3 0.00GB/s
	Total MPI calls 3
	IO DATA: rchar 4613 wchar 8844 syscr 51 syscw 27 read_bytes 0 write_bytes 294912
	Process OS info: (pid 514408 state R utime 1088 stime 1 cutime 0 cstime 0 CPU usage 98)
	CPU temperature (celsius): socket 0: 68 socket 1: 75[0m
EAR[514408](hratio_l30) at 2.60/1.47 in tcn361 MR[0] elapsed 10750 sec.: [32mLoop time: 1.108s DC Power: [35m521.7W[32m DRAM power: 0.00W PCK power: 433.70W
	avg. CPUFreq: 2.57GHz avg. IMCFreq: 1.47GHz
	CPI: 0.378 VPI: 0.00, Mem. bwidth: 0.11GB/s GFLOPS: 0.00 I/O: 0.01MB/s No MPI  
	TPI 0.02 Cache miss rates: L1 0.66GB/s L2 0.00GB/s L3 0.00GB/s
	Total MPI calls 3
	IO DATA: rchar 4613 wchar 8844 syscr 51 syscw 27 read_bytes 0 write_bytes 294912
	Process OS info: (pid 514408 state R utime 1093 stime 0 cutime 0 cstime 0 CPU usage 98)
	CPU temperature (celsius): socket 0: 68 socket 1: 75[0m
EAR[514408](hratio_l30) at 2.60/1.47 in tcn361 MR[0] elapsed 10761 sec.: [32mLoop time: 1.109s DC Power: [35m521.3W[32m DRAM power: 0.00W PCK power: 433.88W
	avg. CPUFreq: 2.57GHz avg. IMCFreq: 1.47GHz
	CPI: 0.378 VPI: 0.00, Mem. bwidth: 0.10GB/s GFLOPS: 0.00 I/O: 0.01MB/s No MPI  
	TPI 0.01 Cache miss rates: L1 0.60GB/s L2 0.00GB/s L3 0.00GB/s
	Total MPI calls 3
	IO DATA: rchar 4613 wchar 8844 syscr 51 syscw 27 read_bytes 0 write_bytes 290816
	Process OS info: (pid 514408 state R utime 1094 stime 2 cutime 0 cstime 0 CPU usage 98)
	CPU temperature (celsius): socket 0: 68 socket 1: 75[0m
EAR[514408](hratio_l30) at 2.60/1.47 in tcn361 MR[0] elapsed 10772 sec.: [32mLoop time: 1.107s DC Power: [35m469.8W[32m DRAM power: 0.00W PCK power: 433.76W
	avg. CPUFreq: 2.57GHz avg. IMCFreq: 1.47GHz
	CPI: 0.378 VPI: 0.00, Mem. bwidth: 0.11GB/s GFLOPS: 0.00 I/O: 0.01MB/s No MPI  
	TPI 0.02 Cache miss rates: L1 0.60GB/s L2 0.00GB/s L3 0.00GB/s
	Total MPI calls 3
	IO DATA: rchar 4613 wchar 8844 syscr 51 syscw 27 read_bytes 0 write_bytes 299008
	Process OS info: (pid 514408 state R utime 1093 stime 0 cutime 0 cstime 0 CPU usage 98)
	CPU temperature (celsius): socket 0: 68 socket 1: 75[0m
EAR[514408](hratio_l30) at 2.60/1.47 in tcn361 MR[0] elapsed 10783 sec.: [32mLoop time: 1.108s DC Power: [35m521.8W[32m DRAM power: 0.00W PCK power: 433.68W
	avg. CPUFreq: 2.57GHz avg. IMCFreq: 1.47GHz
	CPI: 0.378 VPI: 0.00, Mem. bwidth: 0.09GB/s GFLOPS: 0.00 I/O: 0.01MB/s No MPI  
	TPI 0.01 Cache miss rates: L1 0.60GB/s L2 0.00GB/s L3 0.00GB/s
	Total MPI calls 3
	IO DATA: rchar 4613 wchar 8844 syscr 51 syscw 27 read_bytes 0 write_bytes 294912
	Process OS info: (pid 514408 state R utime 1093 stime 1 cutime 0 cstime 0 CPU usage 98)
	CPU temperature (celsius): socket 0: 68 socket 1: 75[0m
EAR[514408](hratio_l30) at 2.60/1.47 in tcn361 MR[0] elapsed 10794 sec.: [32mLoop time: 1.108s DC Power: [35m469.5W[32m DRAM power: 0.00W PCK power: 433.81W
	avg. CPUFreq: 2.57GHz avg. IMCFreq: 1.47GHz
	CPI: 0.378 VPI: 0.00, Mem. bwidth: 0.13GB/s GFLOPS: 0.00 I/O: 0.01MB/s No MPI  
	TPI 0.02 Cache miss rates: L1 0.60GB/s L2 0.00GB/s L3 0.00GB/s
	Total MPI calls 3
	IO DATA: rchar 4613 wchar 8844 syscr 51 syscw 27 read_bytes 0 write_bytes 294912
	Process OS info: (pid 514408 state R utime 1093 stime 1 cutime 0 cstime 0 CPU usage 98)
	CPU temperature (celsius): socket 0: 68 socket 1: 75[0m
EAR[514408](hratio_l30) at 2.60/1.47 in tcn361 MR[0] elapsed 10805 sec.: [32mLoop time: 1.108s DC Power: [35m521.7W[32m DRAM power: 0.00W PCK power: 433.63W
	avg. CPUFreq: 2.57GHz avg. IMCFreq: 1.47GHz
	CPI: 0.378 VPI: 0.00, Mem. bwidth: 0.10GB/s GFLOPS: 0.00 I/O: 0.01MB/s No MPI  
	TPI 0.01 Cache miss rates: L1 0.60GB/s L2 0.00GB/s L3 0.00GB/s
	Total MPI calls 3
	IO DATA: rchar 4613 wchar 8844 syscr 51 syscw 27 read_bytes 0 write_bytes 299008
	Process OS info: (pid 514408 state R utime 1087 stime 0 cutime 0 cstime 0 CPU usage 98)
	CPU temperature (celsius): socket 0: 68 socket 1: 75[0m
EAR[514408](hratio_l30) at 2.60/1.47 in tcn361 MR[0] elapsed 10816 sec.: [32mLoop time: 1.107s DC Power: [35m469.7W[32m DRAM power: 0.00W PCK power: 433.69W
	avg. CPUFreq: 2.57GHz avg. IMCFreq: 1.47GHz
	CPI: 0.378 VPI: 0.00, Mem. bwidth: 0.09GB/s GFLOPS: 0.00 I/O: 0.01MB/s No MPI  
	TPI 0.01 Cache miss rates: L1 0.60GB/s L2 0.00GB/s L3 0.00GB/s
	Total MPI calls 3
	IO DATA: rchar 4613 wchar 8844 syscr 51 syscw 27 read_bytes 0 write_bytes 303104
	Process OS info: (pid 514408 state R utime 1093 stime 1 cutime 0 cstime 0 CPU usage 98)
	CPU temperature (celsius): socket 0: 68 socket 1: 75[0m
EAR[514408](hratio_l30) at 2.60/1.47 in tcn361 MR[0] elapsed 10827 sec.: [32mLoop time: 1.108s DC Power: [35m521.7W[32m DRAM power: 0.00W PCK power: 433.78W
	avg. CPUFreq: 2.57GHz avg. IMCFreq: 1.47GHz
	CPI: 0.378 VPI: 0.00, Mem. bwidth: 0.12GB/s GFLOPS: 0.00 I/O: 0.01MB/s No MPI  
	TPI 0.02 Cache miss rates: L1 0.60GB/s L2 0.00GB/s L3 0.00GB/s
	Total MPI calls 3
	IO DATA: rchar 4613 wchar 8844 syscr 51 syscw 27 read_bytes 0 write_bytes 299008
	Process OS info: (pid 514408 state R utime 1086 stime 1 cutime 0 cstime 0 CPU usage 98)
	CPU temperature (celsius): socket 0: 68 socket 1: 75[0m
EAR[514408](hratio_l30) at 2.60/1.47 in tcn361 MR[0] elapsed 10838 sec.: [32mLoop time: 1.108s DC Power: [35m522.5W[32m DRAM power: 0.00W PCK power: 433.75W
	avg. CPUFreq: 2.57GHz avg. IMCFreq: 1.47GHz
	CPI: 0.378 VPI: 0.00, Mem. bwidth: 0.10GB/s GFLOPS: 0.00 I/O: 0.01MB/s No MPI  
	TPI 0.01 Cache miss rates: L1 0.60GB/s L2 0.00GB/s L3 0.00GB/s
	Total MPI calls 3
	IO DATA: rchar 4613 wchar 8844 syscr 51 syscw 27 read_bytes 0 write_bytes 294912
	Process OS info: (pid 514408 state R utime 1094 stime 1 cutime 0 cstime 0 CPU usage 98)
	CPU temperature (celsius): socket 0: 68 socket 1: 75[0m
EAR[514408](hratio_l30) at 2.60/1.47 in tcn361 MR[0] elapsed 10849 sec.: [32mLoop time: 1.109s DC Power: [35m522.8W[32m DRAM power: 0.00W PCK power: 433.80W
	avg. CPUFreq: 2.57GHz avg. IMCFreq: 1.47GHz
	CPI: 0.378 VPI: 0.00, Mem. bwidth: 0.10GB/s GFLOPS: 0.00 I/O: 0.01MB/s No MPI  
	TPI 0.01 Cache miss rates: L1 0.60GB/s L2 0.00GB/s L3 0.00GB/s
	Total MPI calls 3
	IO DATA: rchar 4613 wchar 8844 syscr 51 syscw 27 read_bytes 0 write_bytes 454656
	Process OS info: (pid 514408 state R utime 1094 stime 0 cutime 0 cstime 0 CPU usage 98)
	CPU temperature (celsius): socket 0: 68 socket 1: 75[0m
EAR[514408](hratio_l30) at 2.60/1.47 in tcn361 MR[0] elapsed 10861 sec.: [32mLoop time: 1.108s DC Power: [35m524.1W[32m DRAM power: 0.00W PCK power: 433.89W
	avg. CPUFreq: 2.57GHz avg. IMCFreq: 1.47GHz
	CPI: 0.378 VPI: 0.00, Mem. bwidth: 0.12GB/s GFLOPS: 0.00 I/O: 0.01MB/s No MPI  
	TPI 0.02 Cache miss rates: L1 0.60GB/s L2 0.00GB/s L3 0.00GB/s
	Total MPI calls 3
	IO DATA: rchar 4613 wchar 8844 syscr 51 syscw 27 read_bytes 0 write_bytes 319488
	Process OS info: (pid 514408 state R utime 1087 stime 1 cutime 0 cstime 0 CPU usage 98)
	CPU temperature (celsius): socket 0: 68 socket 1: 75[0m
EAR[514408](hratio_l30) at 2.60/1.47 in tcn361 MR[0] elapsed 10872 sec.: [32mLoop time: 1.108s DC Power: [35m524.4W[32m DRAM power: 0.00W PCK power: 433.73W
	avg. CPUFreq: 2.57GHz avg. IMCFreq: 1.47GHz
	CPI: 0.378 VPI: 0.00, Mem. bwidth: 0.09GB/s GFLOPS: 0.00 I/O: 0.01MB/s No MPI  
	TPI 0.01 Cache miss rates: L1 0.60GB/s L2 0.00GB/s L3 0.00GB/s
	Total MPI calls 3
	IO DATA: rchar 4613 wchar 8844 syscr 51 syscw 27 read_bytes 0 write_bytes 294912
	Process OS info: (pid 514408 state R utime 1092 stime 1 cutime 0 cstime 0 CPU usage 98)
	CPU temperature (celsius): socket 0: 68 socket 1: 75[0m
EAR[514408](hratio_l30) at 2.60/1.47 in tcn361 MR[0] elapsed 10883 sec.: [32mLoop time: 1.108s DC Power: [35m523.6W[32m DRAM power: 0.00W PCK power: 433.83W
	avg. CPUFreq: 2.57GHz avg. IMCFreq: 1.47GHz
	CPI: 0.378 VPI: 0.00, Mem. bwidth: 0.12GB/s GFLOPS: 0.00 I/O: 0.01MB/s No MPI  
	TPI 0.02 Cache miss rates: L1 0.60GB/s L2 0.00GB/s L3 0.00GB/s
	Total MPI calls 3
	IO DATA: rchar 4613 wchar 8844 syscr 51 syscw 27 read_bytes 0 write_bytes 303104
	Process OS info: (pid 514408 state R utime 1093 stime 1 cutime 0 cstime 0 CPU usage 98)
	CPU temperature (celsius): socket 0: 68 socket 1: 75[0m
EAR[514408](hratio_l30) at 2.60/1.47 in tcn361 MR[0] elapsed 10894 sec.: [32mLoop time: 1.108s DC Power: [35m522.6W[32m DRAM power: 0.00W PCK power: 433.72W
	avg. CPUFreq: 2.57GHz avg. IMCFreq: 1.47GHz
	CPI: 0.378 VPI: 0.00, Mem. bwidth: 0.11GB/s GFLOPS: 0.00 I/O: 0.01MB/s No MPI  
	TPI 0.02 Cache miss rates: L1 0.65GB/s L2 0.00GB/s L3 0.00GB/s
	Total MPI calls 3
	IO DATA: rchar 4613 wchar 8844 syscr 51 syscw 27 read_bytes 0 write_bytes 294912
	Process OS info: (pid 514408 state R utime 1087 stime 0 cutime 0 cstime 0 CPU usage 98)
	CPU temperature (celsius): socket 0: 68 socket 1: 74[0m
EAR[514408](hratio_l30) at 2.60/1.47 in tcn361 MR[0] elapsed 10905 sec.: [32mLoop time: 1.107s DC Power: [35m469.9W[32m DRAM power: 0.00W PCK power: 433.72W
	avg. CPUFreq: 2.57GHz avg. IMCFreq: 1.47GHz
	CPI: 0.378 VPI: 0.00, Mem. bwidth: 0.11GB/s GFLOPS: 0.00 I/O: 0.01MB/s No MPI  
	TPI 0.02 Cache miss rates: L1 0.60GB/s L2 0.00GB/s L3 0.00GB/s
	Total MPI calls 3
	IO DATA: rchar 4613 wchar 8844 syscr 51 syscw 27 read_bytes 0 write_bytes 294912
	Process OS info: (pid 514408 state R utime 1093 stime 1 cutime 0 cstime 0 CPU usage 98)
	CPU temperature (celsius): socket 0: 68 socket 1: 75[0m
EAR[514408](hratio_l30) at 2.60/1.47 in tcn361 MR[0] elapsed 10916 sec.: [32mLoop time: 1.109s DC Power: [35m469.2W[32m DRAM power: 0.00W PCK power: 433.98W
	avg. CPUFreq: 2.57GHz avg. IMCFreq: 1.47GHz
	CPI: 0.378 VPI: 0.00, Mem. bwidth: 0.12GB/s GFLOPS: 0.00 I/O: 0.01MB/s No MPI  
	TPI 0.02 Cache miss rates: L1 0.60GB/s L2 0.00GB/s L3 0.00GB/s
	Total MPI calls 3
	IO DATA: rchar 4613 wchar 8844 syscr 51 syscw 27 read_bytes 0 write_bytes 294912
	Process OS info: (pid 514408 state R utime 1089 stime 1 cutime 0 cstime 0 CPU usage 98)
	CPU temperature (celsius): socket 0: 68 socket 1: 75[0m
EAR[514408](hratio_l30) at 2.60/1.47 in tcn361 MR[0] elapsed 10927 sec.: [32mLoop time: 1.108s DC Power: [35m521.8W[32m DRAM power: 0.00W PCK power: 433.62W
	avg. CPUFreq: 2.57GHz avg. IMCFreq: 1.47GHz
	CPI: 0.378 VPI: 0.00, Mem. bwidth: 0.09GB/s GFLOPS: 0.00 I/O: 0.01MB/s No MPI  
	TPI 0.01 Cache miss rates: L1 0.60GB/s L2 0.00GB/s L3 0.00GB/s
	Total MPI calls 3
	IO DATA: rchar 4613 wchar 8844 syscr 51 syscw 27 read_bytes 0 write_bytes 307200
	Process OS info: (pid 514408 state R utime 1092 stime 0 cutime 0 cstime 0 CPU usage 98)
	CPU temperature (celsius): socket 0: 68 socket 1: 75[0m
EAR[514408](hratio_l30) at 2.60/1.47 in tcn361 MR[0] elapsed 10938 sec.: [32mLoop time: 1.108s DC Power: [35m521.7W[32m DRAM power: 0.00W PCK power: 433.69W
	avg. CPUFreq: 2.57GHz avg. IMCFreq: 1.47GHz
	CPI: 0.378 VPI: 0.00, Mem. bwidth: 0.10GB/s GFLOPS: 0.00 I/O: 0.01MB/s No MPI  
	TPI 0.01 Cache miss rates: L1 0.60GB/s L2 0.00GB/s L3 0.00GB/s
	Total MPI calls 3
	IO DATA: rchar 4613 wchar 8844 syscr 51 syscw 27 read_bytes 0 write_bytes 303104
	Process OS info: (pid 514408 state R utime 1092 stime 1 cutime 0 cstime 0 CPU usage 98)
	CPU temperature (celsius): socket 0: 68 socket 1: 75[0m
EAR[514408](hratio_l30) at 2.60/1.47 in tcn361 MR[0] elapsed 10949 sec.: [32mLoop time: 1.107s DC Power: [35m522.3W[32m DRAM power: 0.00W PCK power: 433.87W
	avg. CPUFreq: 2.57GHz avg. IMCFreq: 1.47GHz
	CPI: 0.378 VPI: 0.00, Mem. bwidth: 0.12GB/s GFLOPS: 0.00 I/O: 0.01MB/s No MPI  
	TPI 0.02 Cache miss rates: L1 0.60GB/s L2 0.00GB/s L3 0.00GB/s
	Total MPI calls 3
	IO DATA: rchar 4613 wchar 8844 syscr 51 syscw 27 read_bytes 0 write_bytes 299008
	Process OS info: (pid 514408 state R utime 1092 stime 1 cutime 0 cstime 0 CPU usage 98)
	CPU temperature (celsius): socket 0: 68 socket 1: 75[0m
EAR[514408](hratio_l30) at 2.60/1.47 in tcn361 MR[0] elapsed 10960 sec.: [32mLoop time: 1.107s DC Power: [35m522.2W[32m DRAM power: 0.00W PCK power: 433.75W
	avg. CPUFreq: 2.57GHz avg. IMCFreq: 1.47GHz
	CPI: 0.378 VPI: 0.00, Mem. bwidth: 0.09GB/s GFLOPS: 0.00 I/O: 0.01MB/s No MPI  
	TPI 0.01 Cache miss rates: L1 0.60GB/s L2 0.00GB/s L3 0.00GB/s
	Total MPI calls 3
	IO DATA: rchar 4613 wchar 8844 syscr 51 syscw 27 read_bytes 0 write_bytes 294912
	Process OS info: (pid 514408 state R utime 1093 stime 0 cutime 0 cstime 0 CPU usage 98)
	CPU temperature (celsius): socket 0: 68 socket 1: 75[0m
EAR[514408](hratio_l30) at 2.60/1.47 in tcn361 MR[0] elapsed 10971 sec.: [32mLoop time: 1.108s DC Power: [35m521.5W[32m DRAM power: 0.00W PCK power: 433.88W
	avg. CPUFreq: 2.57GHz avg. IMCFreq: 1.47GHz
	CPI: 0.378 VPI: 0.00, Mem. bwidth: 0.12GB/s GFLOPS: 0.00 I/O: 0.01MB/s No MPI  
	TPI 0.02 Cache miss rates: L1 0.60GB/s L2 0.00GB/s L3 0.00GB/s
	Total MPI calls 3
	IO DATA: rchar 4613 wchar 8844 syscr 51 syscw 27 read_bytes 0 write_bytes 319488
	Process OS info: (pid 514408 state R utime 1093 stime 1 cutime 0 cstime 0 CPU usage 98)
	CPU temperature (celsius): socket 0: 68 socket 1: 75[0m
EAR[514408](hratio_l30) at 2.60/1.47 in tcn361 MR[0] elapsed 10982 sec.: [32mLoop time: 1.108s DC Power: [35m521.8W[32m DRAM power: 0.00W PCK power: 433.76W
	avg. CPUFreq: 2.57GHz avg. IMCFreq: 1.47GHz
	CPI: 0.378 VPI: 0.00, Mem. bwidth: 0.13GB/s GFLOPS: 0.00 I/O: 0.01MB/s No MPI  
	TPI 0.02 Cache miss rates: L1 0.61GB/s L2 0.00GB/s L3 0.00GB/s
	Total MPI calls 3
	IO DATA: rchar 4613 wchar 8844 syscr 51 syscw 27 read_bytes 0 write_bytes 303104
	Process OS info: (pid 514408 state R utime 1093 stime 1 cutime 0 cstime 0 CPU usage 98)
	CPU temperature (celsius): socket 0: 68 socket 1: 75[0m
EAR[514408](hratio_l30) at 2.60/1.47 in tcn361 MR[0] elapsed 10993 sec.: [32mLoop time: 1.107s DC Power: [35m469.7W[32m DRAM power: 0.00W PCK power: 433.72W
	avg. CPUFreq: 2.57GHz avg. IMCFreq: 1.47GHz
	CPI: 0.378 VPI: 0.00, Mem. bwidth: 0.10GB/s GFLOPS: 0.00 I/O: 0.01MB/s No MPI  
	TPI 0.01 Cache miss rates: L1 0.60GB/s L2 0.00GB/s L3 0.00GB/s
	Total MPI calls 3
	IO DATA: rchar 4613 wchar 8844 syscr 51 syscw 27 read_bytes 0 write_bytes 360448
	Process OS info: (pid 514408 state R utime 1093 stime 0 cutime 0 cstime 0 CPU usage 98)
	CPU temperature (celsius): socket 0: 68 socket 1: 75[0m
EAR[514408](hratio_l30) at 2.60/1.47 in tcn361 MR[0] elapsed 11005 sec.: [32mLoop time: 1.108s DC Power: [35m522.1W[32m DRAM power: 0.00W PCK power: 433.99W
	avg. CPUFreq: 2.57GHz avg. IMCFreq: 1.47GHz
	CPI: 0.378 VPI: 0.00, Mem. bwidth: 0.11GB/s GFLOPS: 0.00 I/O: 0.01MB/s No MPI  
	TPI 0.02 Cache miss rates: L1 0.60GB/s L2 0.00GB/s L3 0.00GB/s
	Total MPI calls 3
	IO DATA: rchar 4613 wchar 8844 syscr 51 syscw 27 read_bytes 0 write_bytes 303104
	Process OS info: (pid 514408 state R utime 1093 stime 1 cutime 0 cstime 0 CPU usage 98)
	CPU temperature (celsius): socket 0: 68 socket 1: 75[0m
EAR[514408](hratio_l30) at 2.60/1.47 in tcn361 MR[0] elapsed 11016 sec.: [32mLoop time: 1.107s DC Power: [35m523.3W[32m DRAM power: 0.00W PCK power: 433.90W
	avg. CPUFreq: 2.57GHz avg. IMCFreq: 1.47GHz
	CPI: 0.378 VPI: 0.00, Mem. bwidth: 0.09GB/s GFLOPS: 0.00 I/O: 0.01MB/s No MPI  
	TPI 0.01 Cache miss rates: L1 0.60GB/s L2 0.00GB/s L3 0.00GB/s
	Total MPI calls 3
	IO DATA: rchar 4613 wchar 8844 syscr 51 syscw 27 read_bytes 0 write_bytes 294912
	Process OS info: (pid 514408 state R utime 1093 stime 0 cutime 0 cstime 0 CPU usage 98)
	CPU temperature (celsius): socket 0: 68 socket 1: 75[0m
EAR[514408](hratio_l30) at 2.60/1.47 in tcn361 MR[0] elapsed 11027 sec.: [32mLoop time: 1.108s DC Power: [35m523.7W[32m DRAM power: 0.00W PCK power: 433.86W
	avg. CPUFreq: 2.57GHz avg. IMCFreq: 1.47GHz
	CPI: 0.378 VPI: 0.00, Mem. bwidth: 0.10GB/s GFLOPS: 0.00 I/O: 0.01MB/s No MPI  
	TPI 0.02 Cache miss rates: L1 0.60GB/s L2 0.00GB/s L3 0.00GB/s
	Total MPI calls 3
	IO DATA: rchar 4613 wchar 8844 syscr 51 syscw 27 read_bytes 0 write_bytes 294912
	Process OS info: (pid 514408 state R utime 1093 stime 1 cutime 0 cstime 0 CPU usage 98)
	CPU temperature (celsius): socket 0: 68 socket 1: 75[0m
EAR[514408](hratio_l30) at 2.60/1.47 in tcn361 MR[0] elapsed 11038 sec.: [32mLoop time: 1.108s DC Power: [35m419.5W[32m DRAM power: 0.00W PCK power: 433.98W
	avg. CPUFreq: 2.57GHz avg. IMCFreq: 1.47GHz
	CPI: 0.378 VPI: 0.00, Mem. bwidth: 0.12GB/s GFLOPS: 0.00 I/O: 0.01MB/s No MPI  
	TPI 0.02 Cache miss rates: L1 0.65GB/s L2 0.00GB/s L3 0.00GB/s
	Total MPI calls 3
	IO DATA: rchar 4613 wchar 8844 syscr 51 syscw 27 read_bytes 0 write_bytes 294912
	Process OS info: (pid 514408 state R utime 1093 stime 1 cutime 0 cstime 0 CPU usage 98)
	CPU temperature (celsius): socket 0: 68 socket 1: 75[0m
EAR[514408](hratio_l30) at 2.60/1.47 in tcn361 MR[0] elapsed 11049 sec.: [32mLoop time: 1.107s DC Power: [35m524.0W[32m DRAM power: 0.00W PCK power: 433.88W
	avg. CPUFreq: 2.57GHz avg. IMCFreq: 1.47GHz
	CPI: 0.378 VPI: 0.00, Mem. bwidth: 0.08GB/s GFLOPS: 0.00 I/O: 0.01MB/s No MPI  
	TPI 0.01 Cache miss rates: L1 0.60GB/s L2 0.00GB/s L3 0.00GB/s
	Total MPI calls 3
	IO DATA: rchar 4613 wchar 8844 syscr 51 syscw 27 read_bytes 0 write_bytes 294912
	Process OS info: (pid 514408 state R utime 1089 stime 0 cutime 0 cstime 0 CPU usage 98)
	CPU temperature (celsius): socket 0: 68 socket 1: 75[0m
EAR[514408](hratio_l30) at 2.60/1.47 in tcn361 MR[0] elapsed 11060 sec.: [32mLoop time: 1.108s DC Power: [35m522.9W[32m DRAM power: 0.00W PCK power: 433.76W
	avg. CPUFreq: 2.57GHz avg. IMCFreq: 1.47GHz
	CPI: 0.378 VPI: 0.00, Mem. bwidth: 0.08GB/s GFLOPS: 0.00 I/O: 0.01MB/s No MPI  
	TPI 0.01 Cache miss rates: L1 0.60GB/s L2 0.00GB/s L3 0.00GB/s
	Total MPI calls 3
	IO DATA: rchar 4613 wchar 8844 syscr 51 syscw 27 read_bytes 0 write_bytes 323584
	Process OS info: (pid 514408 state R utime 1094 stime 1 cutime 0 cstime 0 CPU usage 98)
	CPU temperature (celsius): socket 0: 68 socket 1: 75[0m
EAR[514408](hratio_l30) at 2.60/1.47 in tcn361 MR[0] elapsed 11071 sec.: [32mLoop time: 1.108s DC Power: [35m522.3W[32m DRAM power: 0.00W PCK power: 433.85W
	avg. CPUFreq: 2.57GHz avg. IMCFreq: 1.47GHz
	CPI: 0.378 VPI: 0.00, Mem. bwidth: 0.12GB/s GFLOPS: 0.00 I/O: 0.01MB/s No MPI  
	TPI 0.02 Cache miss rates: L1 0.60GB/s L2 0.00GB/s L3 0.00GB/s
	Total MPI calls 3
	IO DATA: rchar 4613 wchar 8844 syscr 51 syscw 27 read_bytes 0 write_bytes 299008
	Process OS info: (pid 514408 state R utime 1087 stime 1 cutime 0 cstime 0 CPU usage 98)
	CPU temperature (celsius): socket 0: 68 socket 1: 75[0m
EAR[514408](hratio_l30) at 2.60/1.47 in tcn361 MR[0] elapsed 11082 sec.: [32mLoop time: 1.108s DC Power: [35m469.7W[32m DRAM power: 0.00W PCK power: 433.65W
	avg. CPUFreq: 2.57GHz avg. IMCFreq: 1.47GHz
	CPI: 0.378 VPI: 0.00, Mem. bwidth: 0.09GB/s GFLOPS: 0.00 I/O: 0.01MB/s No MPI  
	TPI 0.01 Cache miss rates: L1 0.60GB/s L2 0.00GB/s L3 0.00GB/s
	Total MPI calls 3
	IO DATA: rchar 4613 wchar 8844 syscr 51 syscw 27 read_bytes 0 write_bytes 294912
	Process OS info: (pid 514408 state R utime 1092 stime 0 cutime 0 cstime 0 CPU usage 98)
	CPU temperature (celsius): socket 0: 68 socket 1: 74[0m
EAR[514408](hratio_l30) at 2.60/1.47 in tcn361 MR[0] elapsed 11093 sec.: [32mLoop time: 1.108s DC Power: [35m469.7W[32m DRAM power: 0.00W PCK power: 433.79W
	avg. CPUFreq: 2.57GHz avg. IMCFreq: 1.47GHz
	CPI: 0.378 VPI: 0.00, Mem. bwidth: 0.12GB/s GFLOPS: 0.00 I/O: 0.01MB/s No MPI  
	TPI 0.02 Cache miss rates: L1 0.60GB/s L2 0.00GB/s L3 0.00GB/s
	Total MPI calls 3
	IO DATA: rchar 4613 wchar 8844 syscr 51 syscw 27 read_bytes 0 write_bytes 294912
	Process OS info: (pid 514408 state R utime 1094 stime 1 cutime 0 cstime 0 CPU usage 98)
	CPU temperature (celsius): socket 0: 68 socket 1: 75[0m
EAR[514408](hratio_l30) at 2.60/1.47 in tcn361 MR[0] elapsed 11104 sec.: [32mLoop time: 1.108s DC Power: [35m521.9W[32m DRAM power: 0.00W PCK power: 433.62W
	avg. CPUFreq: 2.57GHz avg. IMCFreq: 1.47GHz
	CPI: 0.378 VPI: 0.00, Mem. bwidth: 0.09GB/s GFLOPS: 0.00 I/O: 0.01MB/s No MPI  
	TPI 0.01 Cache miss rates: L1 0.60GB/s L2 0.00GB/s L3 0.00GB/s
	Total MPI calls 3
	IO DATA: rchar 4613 wchar 8844 syscr 51 syscw 27 read_bytes 0 write_bytes 294912
	Process OS info: (pid 514408 state R utime 1086 stime 1 cutime 0 cstime 0 CPU usage 98)
	CPU temperature (celsius): socket 0: 68 socket 1: 75[0m
EAR[514408](hratio_l30) at 2.60/1.47 in tcn361 MR[0] elapsed 11115 sec.: [32mLoop time: 1.108s DC Power: [35m521.8W[32m DRAM power: 0.00W PCK power: 433.67W
	avg. CPUFreq: 2.57GHz avg. IMCFreq: 1.47GHz
	CPI: 0.378 VPI: 0.00, Mem. bwidth: 0.10GB/s GFLOPS: 0.00 I/O: 0.01MB/s No MPI  
	TPI 0.01 Cache miss rates: L1 0.61GB/s L2 0.00GB/s L3 0.00GB/s
	Total MPI calls 3
	IO DATA: rchar 4613 wchar 8844 syscr 51 syscw 27 read_bytes 0 write_bytes 303104
	Process OS info: (pid 514408 state R utime 1094 stime 1 cutime 0 cstime 0 CPU usage 98)
	CPU temperature (celsius): socket 0: 68 socket 1: 75[0m
EAR[514408](hratio_l30) at 2.60/1.47 in tcn361 MR[0] elapsed 11126 sec.: [32mLoop time: 1.107s DC Power: [35m522.0W[32m DRAM power: 0.00W PCK power: 433.69W
	avg. CPUFreq: 2.57GHz avg. IMCFreq: 1.47GHz
	CPI: 0.378 VPI: 0.00, Mem. bwidth: 0.13GB/s GFLOPS: 0.00 I/O: 0.01MB/s No MPI  
	TPI 0.02 Cache miss rates: L1 0.60GB/s L2 0.00GB/s L3 0.00GB/s
	Total MPI calls 3
	IO DATA: rchar 4613 wchar 8844 syscr 51 syscw 27 read_bytes 0 write_bytes 385024
	Process OS info: (pid 514408 state R utime 1092 stime 0 cutime 0 cstime 0 CPU usage 98)
	CPU temperature (celsius): socket 0: 68 socket 1: 75[0m
EAR[514408](hratio_l30) at 2.60/1.47 in tcn361 MR[0] elapsed 11137 sec.: [32mLoop time: 1.108s DC Power: [35m521.9W[32m DRAM power: 0.00W PCK power: 433.64W
	avg. CPUFreq: 2.57GHz avg. IMCFreq: 1.47GHz
	CPI: 0.378 VPI: 0.00, Mem. bwidth: 0.09GB/s GFLOPS: 0.00 I/O: 0.01MB/s No MPI  
	TPI 0.01 Cache miss rates: L1 0.60GB/s L2 0.00GB/s L3 0.00GB/s
	Total MPI calls 3
	IO DATA: rchar 4613 wchar 8844 syscr 51 syscw 27 read_bytes 0 write_bytes 294912
	Process OS info: (pid 514408 state R utime 1093 stime 1 cutime 0 cstime 0 CPU usage 98)
	CPU temperature (celsius): socket 0: 68 socket 1: 74[0m
EAR[514408](hratio_l30) at 2.60/1.47 in tcn361 MR[0] elapsed 11149 sec.: [32mLoop time: 1.107s DC Power: [35m521.9W[32m DRAM power: 0.00W PCK power: 433.60W
	avg. CPUFreq: 2.57GHz avg. IMCFreq: 1.47GHz
	CPI: 0.378 VPI: 0.00, Mem. bwidth: 0.09GB/s GFLOPS: 0.00 I/O: 0.01MB/s No MPI  
	TPI 0.01 Cache miss rates: L1 0.60GB/s L2 0.00GB/s L3 0.00GB/s
	Total MPI calls 3
	IO DATA: rchar 4613 wchar 8844 syscr 51 syscw 27 read_bytes 0 write_bytes 299008
	Process OS info: (pid 514408 state R utime 1093 stime 1 cutime 0 cstime 0 CPU usage 98)
	CPU temperature (celsius): socket 0: 68 socket 1: 75[0m
EAR[514408](hratio_l30) at 2.60/1.47 in tcn361 MR[0] elapsed 11160 sec.: [32mLoop time: 1.108s DC Power: [35m469.5W[32m DRAM power: 0.00W PCK power: 433.60W
	avg. CPUFreq: 2.57GHz avg. IMCFreq: 1.47GHz
	CPI: 0.378 VPI: 0.00, Mem. bwidth: 0.12GB/s GFLOPS: 0.00 I/O: 0.01MB/s No MPI  
	TPI 0.02 Cache miss rates: L1 0.60GB/s L2 0.00GB/s L3 0.00GB/s
	Total MPI calls 3
	IO DATA: rchar 4613 wchar 8844 syscr 51 syscw 27 read_bytes 0 write_bytes 294912
	Process OS info: (pid 514408 state R utime 1087 stime 1 cutime 0 cstime 0 CPU usage 98)
	CPU temperature (celsius): socket 0: 68 socket 1: 75[0m
EAR[514408](hratio_l30) at 2.60/1.47 in tcn361 MR[0] elapsed 11171 sec.: [32mLoop time: 1.108s DC Power: [35m469.7W[32m DRAM power: 0.00W PCK power: 433.48W
	avg. CPUFreq: 2.57GHz avg. IMCFreq: 1.47GHz
	CPI: 0.378 VPI: 0.00, Mem. bwidth: 0.10GB/s GFLOPS: 0.00 I/O: 0.01MB/s No MPI  
	TPI 0.01 Cache miss rates: L1 0.60GB/s L2 0.00GB/s L3 0.00GB/s
	Total MPI calls 3
	IO DATA: rchar 4613 wchar 8844 syscr 51 syscw 27 read_bytes 0 write_bytes 294912
	Process OS info: (pid 514408 state R utime 1093 stime 0 cutime 0 cstime 0 CPU usage 98)
	CPU temperature (celsius): socket 0: 68 socket 1: 74[0m
EAR[514408](hratio_l30) at 2.60/1.47 in tcn361 MR[0] elapsed 11182 sec.: [32mLoop time: 1.107s DC Power: [35m522.3W[32m DRAM power: 0.00W PCK power: 433.73W
	avg. CPUFreq: 2.57GHz avg. IMCFreq: 1.47GHz
	CPI: 0.378 VPI: 0.00, Mem. bwidth: 0.15GB/s GFLOPS: 0.00 I/O: 0.01MB/s No MPI  
	TPI 0.02 Cache miss rates: L1 0.60GB/s L2 0.00GB/s L3 0.00GB/s
	Total MPI calls 3
	IO DATA: rchar 4613 wchar 8844 syscr 51 syscw 27 read_bytes 0 write_bytes 294912
	Process OS info: (pid 514408 state R utime 1031 stime 1 cutime 0 cstime 0 CPU usage 93)
	CPU temperature (celsius): socket 0: 68 socket 1: 75[0m
EAR[514408](hratio_l30) at 2.60/1.47 in tcn361 MR[0] elapsed 11193 sec.: [32mLoop time: 1.108s DC Power: [35m522.5W[32m DRAM power: 0.00W PCK power: 433.40W
	avg. CPUFreq: 2.57GHz avg. IMCFreq: 1.47GHz
	CPI: 0.379 VPI: 0.00, Mem. bwidth: 0.40GB/s GFLOPS: 0.00 I/O: 0.01MB/s No MPI  
	TPI 0.06 Cache miss rates: L1 0.66GB/s L2 0.00GB/s L3 0.00GB/s
	Total MPI calls 3
	IO DATA: rchar 4613 wchar 8844 syscr 51 syscw 27 read_bytes 0 write_bytes 389120
	Process OS info: (pid 514408 state R utime 1067 stime 2 cutime 0 cstime 0 CPU usage 96)
	CPU temperature (celsius): socket 0: 68 socket 1: 74[0m
EAR[514408](hratio_l30) at 2.60/1.47 in tcn361 MR[0] elapsed 11204 sec.: [32mLoop time: 1.107s DC Power: [35m523.7W[32m DRAM power: 0.00W PCK power: 433.52W
	avg. CPUFreq: 2.57GHz avg. IMCFreq: 1.47GHz
	CPI: 0.378 VPI: 0.00, Mem. bwidth: 0.28GB/s GFLOPS: 0.00 I/O: 0.01MB/s No MPI  
	TPI 0.04 Cache miss rates: L1 0.61GB/s L2 0.00GB/s L3 0.00GB/s
	Total MPI calls 3
	IO DATA: rchar 4613 wchar 8844 syscr 51 syscw 27 read_bytes 0 write_bytes 290816
	Process OS info: (pid 514408 state R utime 1082 stime 0 cutime 0 cstime 0 CPU usage 97)
	CPU temperature (celsius): socket 0: 68 socket 1: 75[0m
EAR[514408](hratio_l30) at 2.60/1.47 in tcn361 MR[0] elapsed 11215 sec.: [32mLoop time: 1.110s DC Power: [35m418.1W[32m DRAM power: 0.00W PCK power: 433.69W
	avg. CPUFreq: 2.57GHz avg. IMCFreq: 1.47GHz
	CPI: 0.378 VPI: 0.00, Mem. bwidth: 0.31GB/s GFLOPS: 0.00 I/O: 0.01MB/s No MPI  
	TPI 0.05 Cache miss rates: L1 0.60GB/s L2 0.00GB/s L3 0.00GB/s
	Total MPI calls 3
	IO DATA: rchar 4613 wchar 8844 syscr 51 syscw 27 read_bytes 0 write_bytes 294912
	Process OS info: (pid 514408 state R utime 1082 stime 1 cutime 0 cstime 0 CPU usage 97)
	CPU temperature (celsius): socket 0: 68 socket 1: 75[0m
EAR[514408](hratio_l30) at 2.60/1.47 in tcn361 MR[0] elapsed 11227 sec.: [32mLoop time: 1.108s DC Power: [35m522.6W[32m DRAM power: 0.00W PCK power: 433.48W
	avg. CPUFreq: 2.57GHz avg. IMCFreq: 1.47GHz
	CPI: 0.379 VPI: 0.00, Mem. bwidth: 0.43GB/s GFLOPS: 0.00 I/O: 0.01MB/s No MPI  
	TPI 0.06 Cache miss rates: L1 0.60GB/s L2 0.00GB/s L3 0.00GB/s
	Total MPI calls 3
	IO DATA: rchar 4613 wchar 8844 syscr 51 syscw 27 read_bytes 0 write_bytes 294912
	Process OS info: (pid 514408 state R utime 1081 stime 1 cutime 0 cstime 0 CPU usage 97)
	CPU temperature (celsius): socket 0: 68 socket 1: 75[0m
EAR[514408](hratio_l30) at 2.60/1.47 in tcn361 MR[0] elapsed 11238 sec.: [32mLoop time: 1.208s DC Power: [35m526.7W[32m DRAM power: 0.00W PCK power: 433.62W
	avg. CPUFreq: 2.57GHz avg. IMCFreq: 1.47GHz
	CPI: 0.378 VPI: 0.00, Mem. bwidth: 0.10GB/s GFLOPS: 0.00 I/O: 0.01MB/s No MPI  
	TPI 0.01 Cache miss rates: L1 0.60GB/s L2 0.00GB/s L3 0.00GB/s
	Total MPI calls 3
	IO DATA: rchar 4613 wchar 8844 syscr 51 syscw 27 read_bytes 0 write_bytes 307200
	Process OS info: (pid 514408 state R utime 1191 stime 0 cutime 0 cstime 0 CPU usage 98)
	CPU temperature (celsius): socket 0: 68 socket 1: 75[0m
EAR[514408](hratio_l30) at 2.60/1.47 in tcn361 MR[0] elapsed 11249 sec.: [32mLoop time: 1.107s DC Power: [35m521.9W[32m DRAM power: 0.00W PCK power: 433.67W
	avg. CPUFreq: 2.57GHz avg. IMCFreq: 1.47GHz
	CPI: 0.378 VPI: 0.00, Mem. bwidth: 0.13GB/s GFLOPS: 0.00 I/O: 0.01MB/s No MPI  
	TPI 0.02 Cache miss rates: L1 0.60GB/s L2 0.00GB/s L3 0.00GB/s
	Total MPI calls 3
	IO DATA: rchar 4613 wchar 8844 syscr 51 syscw 27 read_bytes 0 write_bytes 385024
	Process OS info: (pid 514408 state R utime 1091 stime 1 cutime 0 cstime 0 CPU usage 98)
	CPU temperature (celsius): socket 0: 68 socket 1: 75[0m
EAR[514408](hratio_l30) at 2.60/1.47 in tcn361 MR[0] elapsed 11260 sec.: [32mLoop time: 1.107s DC Power: [35m469.7W[32m DRAM power: 0.00W PCK power: 433.59W
	avg. CPUFreq: 2.57GHz avg. IMCFreq: 1.47GHz
	CPI: 0.378 VPI: 0.00, Mem. bwidth: 0.10GB/s GFLOPS: 0.00 I/O: 0.01MB/s No MPI  
	TPI 0.01 Cache miss rates: L1 0.60GB/s L2 0.00GB/s L3 0.00GB/s
	Total MPI calls 3
	IO DATA: rchar 4613 wchar 8844 syscr 51 syscw 27 read_bytes 0 write_bytes 294912
	Process OS info: (pid 514408 state R utime 1092 stime 0 cutime 0 cstime 0 CPU usage 98)
	CPU temperature (celsius): socket 0: 68 socket 1: 75[0m
EAR[514408](hratio_l30) at 2.60/1.47 in tcn361 MR[0] elapsed 11271 sec.: [32mLoop time: 1.108s DC Power: [35m469.6W[32m DRAM power: 0.00W PCK power: 433.74W
	avg. CPUFreq: 2.57GHz avg. IMCFreq: 1.47GHz
	CPI: 0.378 VPI: 0.00, Mem. bwidth: 0.12GB/s GFLOPS: 0.00 I/O: 0.01MB/s No MPI  
	TPI 0.02 Cache miss rates: L1 0.60GB/s L2 0.00GB/s L3 0.00GB/s
	Total MPI calls 3
	IO DATA: rchar 4613 wchar 8844 syscr 51 syscw 27 read_bytes 0 write_bytes 294912
	Process OS info: (pid 514408 state R utime 1091 stime 1 cutime 0 cstime 0 CPU usage 98)
	CPU temperature (celsius): socket 0: 68 socket 1: 75[0m
EAR[514408](hratio_l30) at 2.60/1.47 in tcn361 MR[0] elapsed 11282 sec.: [32mLoop time: 1.108s DC Power: [35m521.8W[32m DRAM power: 0.00W PCK power: 433.60W
	avg. CPUFreq: 2.57GHz avg. IMCFreq: 1.47GHz
	CPI: 0.378 VPI: 0.00, Mem. bwidth: 0.10GB/s GFLOPS: 0.00 I/O: 0.01MB/s No MPI  
	TPI 0.01 Cache miss rates: L1 0.60GB/s L2 0.00GB/s L3 0.00GB/s
	Total MPI calls 3
	IO DATA: rchar 4613 wchar 8844 syscr 51 syscw 27 read_bytes 0 write_bytes 303104
	Process OS info: (pid 514408 state R utime 1086 stime 1 cutime 0 cstime 0 CPU usage 98)
	CPU temperature (celsius): socket 0: 68 socket 1: 75[0m
EAR[514408](hratio_l30) at 2.60/1.47 in tcn361 MR[0] elapsed 11294 sec.: [32mLoop time: 1.108s DC Power: [35m521.8W[32m DRAM power: 0.00W PCK power: 433.61W
	avg. CPUFreq: 2.57GHz avg. IMCFreq: 1.47GHz
	CPI: 0.378 VPI: 0.00, Mem. bwidth: 0.10GB/s GFLOPS: 0.00 I/O: 0.01MB/s No MPI  
	TPI 0.02 Cache miss rates: L1 0.60GB/s L2 0.00GB/s L3 0.00GB/s
	Total MPI calls 3
	IO DATA: rchar 4613 wchar 8844 syscr 51 syscw 27 read_bytes 0 write_bytes 303104
	Process OS info: (pid 514408 state R utime 1092 stime 1 cutime 0 cstime 0 CPU usage 98)
	CPU temperature (celsius): socket 0: 68 socket 1: 75[0m
EAR[514408](hratio_l30) at 2.60/1.47 in tcn361 MR[0] elapsed 11305 sec.: [32mLoop time: 1.108s DC Power: [35m469.7W[32m DRAM power: 0.00W PCK power: 433.76W
	avg. CPUFreq: 2.57GHz avg. IMCFreq: 1.47GHz
	CPI: 0.378 VPI: 0.00, Mem. bwidth: 0.11GB/s GFLOPS: 0.00 I/O: 0.01MB/s No MPI  
	TPI 0.02 Cache miss rates: L1 0.60GB/s L2 0.00GB/s L3 0.00GB/s
	Total MPI calls 3
	IO DATA: rchar 4613 wchar 8844 syscr 51 syscw 27 read_bytes 0 write_bytes 299008
	Process OS info: (pid 514408 state R utime 1092 stime 0 cutime 0 cstime 0 CPU usage 98)
	CPU temperature (celsius): socket 0: 68 socket 1: 75[0m
EAR[514408](hratio_l30) at 2.60/1.47 in tcn361 MR[0] elapsed 11316 sec.: [32mLoop time: 1.107s DC Power: [35m522.0W[32m DRAM power: 0.00W PCK power: 433.61W
	avg. CPUFreq: 2.57GHz avg. IMCFreq: 1.47GHz
	CPI: 0.378 VPI: 0.00, Mem. bwidth: 0.10GB/s GFLOPS: 0.00 I/O: 0.01MB/s No MPI  
	TPI 0.01 Cache miss rates: L1 0.60GB/s L2 0.00GB/s L3 0.00GB/s
	Total MPI calls 3
	IO DATA: rchar 4613 wchar 8844 syscr 51 syscw 27 read_bytes 0 write_bytes 380928
	Process OS info: (pid 514408 state R utime 1086 stime 1 cutime 0 cstime 0 CPU usage 98)
	CPU temperature (celsius): socket 0: 68 socket 1: 75[0m
EAR[514408](hratio_l30) at 2.60/1.47 in tcn361 MR[0] elapsed 11327 sec.: [32mLoop time: 1.108s DC Power: [35m521.8W[32m DRAM power: 0.00W PCK power: 433.64W
	avg. CPUFreq: 2.57GHz avg. IMCFreq: 1.47GHz
	CPI: 0.378 VPI: 0.00, Mem. bwidth: 0.10GB/s GFLOPS: 0.00 I/O: 0.01MB/s No MPI  
	TPI 0.01 Cache miss rates: L1 0.60GB/s L2 0.00GB/s L3 0.00GB/s
	Total MPI calls 3
	IO DATA: rchar 4613 wchar 8844 syscr 51 syscw 27 read_bytes 0 write_bytes 294912
	Process OS info: (pid 514408 state R utime 1094 stime 1 cutime 0 cstime 0 CPU usage 98)
	CPU temperature (celsius): socket 0: 68 socket 1: 75[0m
EAR[514408](hratio_l30) at 2.60/1.47 in tcn361 MR[0] elapsed 11338 sec.: [32mLoop time: 1.108s DC Power: [35m469.6W[32m DRAM power: 0.00W PCK power: 433.75W
	avg. CPUFreq: 2.57GHz avg. IMCFreq: 1.47GHz
	CPI: 0.378 VPI: 0.00, Mem. bwidth: 0.12GB/s GFLOPS: 0.00 I/O: 0.01MB/s No MPI  
	TPI 0.02 Cache miss rates: L1 0.66GB/s L2 0.00GB/s L3 0.00GB/s
	Total MPI calls 3
	IO DATA: rchar 4613 wchar 8844 syscr 51 syscw 27 read_bytes 0 write_bytes 294912
	Process OS info: (pid 514408 state R utime 1087 stime 0 cutime 0 cstime 0 CPU usage 98)
	CPU temperature (celsius): socket 0: 68 socket 1: 75[0m
EAR[514408](hratio_l30) at 2.60/1.47 in tcn361 MR[0] elapsed 11349 sec.: [32mLoop time: 1.107s DC Power: [35m470.0W[32m DRAM power: 0.00W PCK power: 433.78W
	avg. CPUFreq: 2.57GHz avg. IMCFreq: 1.47GHz
	CPI: 0.378 VPI: 0.00, Mem. bwidth: 0.09GB/s GFLOPS: 0.00 I/O: 0.01MB/s No MPI  
	TPI 0.01 Cache miss rates: L1 0.60GB/s L2 0.00GB/s L3 0.00GB/s
	Total MPI calls 3
	IO DATA: rchar 4613 wchar 8844 syscr 51 syscw 27 read_bytes 0 write_bytes 290816
	Process OS info: (pid 514408 state R utime 1093 stime 1 cutime 0 cstime 0 CPU usage 98)
	CPU temperature (celsius): socket 0: 68 socket 1: 75[0m
EAR[514408](hratio_l30) at 2.60/1.47 in tcn361 MR[0] elapsed 11360 sec.: [32mLoop time: 1.108s DC Power: [35m522.7W[32m DRAM power: 0.00W PCK power: 433.77W
	avg. CPUFreq: 2.57GHz avg. IMCFreq: 1.47GHz
	CPI: 0.378 VPI: 0.00, Mem. bwidth: 0.10GB/s GFLOPS: 0.00 I/O: 0.01MB/s No MPI  
	TPI 0.01 Cache miss rates: L1 0.60GB/s L2 0.00GB/s L3 0.00GB/s
	Total MPI calls 3
	IO DATA: rchar 4613 wchar 8844 syscr 51 syscw 27 read_bytes 0 write_bytes 294912
	Process OS info: (pid 514408 state R utime 1092 stime 0 cutime 0 cstime 0 CPU usage 98)
	CPU temperature (celsius): socket 0: 68 socket 1: 75[0m
EAR[514408](hratio_l30) at 2.60/1.47 in tcn361 MR[0] elapsed 11371 sec.: [32mLoop time: 1.108s DC Power: [35m523.6W[32m DRAM power: 0.00W PCK power: 434.19W
	avg. CPUFreq: 2.57GHz avg. IMCFreq: 1.47GHz
	CPI: 0.377 VPI: 0.00, Mem. bwidth: 0.13GB/s GFLOPS: 0.00 I/O: 0.01MB/s No MPI  
	TPI 0.02 Cache miss rates: L1 0.60GB/s L2 0.00GB/s L3 0.00GB/s
	Total MPI calls 3
	IO DATA: rchar 4613 wchar 8844 syscr 51 syscw 27 read_bytes 0 write_bytes 299008
	Process OS info: (pid 514408 state R utime 1087 stime 1 cutime 0 cstime 0 CPU usage 98)
	CPU temperature (celsius): socket 0: 68 socket 1: 75[0m
EAR[514408](hratio_l30) at 2.60/1.47 in tcn361 MR[0] elapsed 11382 sec.: [32mLoop time: 1.108s DC Power: [35m524.4W[32m DRAM power: 0.00W PCK power: 434.18W
	avg. CPUFreq: 2.57GHz avg. IMCFreq: 1.47GHz
	CPI: 0.377 VPI: 0.00, Mem. bwidth: 0.11GB/s GFLOPS: 0.00 I/O: 0.01MB/s No MPI  
	TPI 0.02 Cache miss rates: L1 0.60GB/s L2 0.00GB/s L3 0.00GB/s
	Total MPI calls 3
	IO DATA: rchar 4613 wchar 8844 syscr 51 syscw 27 read_bytes 0 write_bytes 294912
	Process OS info: (pid 514408 state R utime 1093 stime 1 cutime 0 cstime 0 CPU usage 98)
	CPU temperature (celsius): socket 0: 68 socket 1: 75[0m
EAR[514408](hratio_l30) at 2.60/1.47 in tcn361 MR[0] elapsed 11393 sec.: [32mLoop time: 1.108s DC Power: [35m418.9W[32m DRAM power: 0.00W PCK power: 434.24W
	avg. CPUFreq: 2.57GHz avg. IMCFreq: 1.47GHz
	CPI: 0.377 VPI: 0.00, Mem. bwidth: 0.12GB/s GFLOPS: 0.00 I/O: 0.01MB/s No MPI  
	TPI 0.02 Cache miss rates: L1 0.60GB/s L2 0.00GB/s L3 0.00GB/s
	Total MPI calls 3
	IO DATA: rchar 4613 wchar 8844 syscr 51 syscw 27 read_bytes 0 write_bytes 294912
	Process OS info: (pid 514408 state R utime 1093 stime 1 cutime 0 cstime 0 CPU usage 98)
	CPU temperature (celsius): socket 0: 68 socket 1: 75[0m
EAR[514408](hratio_l30) at 2.60/1.47 in tcn361 MR[0] elapsed 11404 sec.: [32mLoop time: 1.108s DC Power: [35m523.3W[32m DRAM power: 0.00W PCK power: 434.14W
	avg. CPUFreq: 2.57GHz avg. IMCFreq: 1.47GHz
	CPI: 0.377 VPI: 0.00, Mem. bwidth: 0.09GB/s GFLOPS: 0.00 I/O: 0.01MB/s No MPI  
	TPI 0.01 Cache miss rates: L1 0.59GB/s L2 0.00GB/s L3 0.00GB/s
	Total MPI calls 3
	IO DATA: rchar 4613 wchar 8844 syscr 51 syscw 27 read_bytes 0 write_bytes 299008
	Process OS info: (pid 514408 state R utime 1087 stime 0 cutime 0 cstime 0 CPU usage 98)
	CPU temperature (celsius): socket 0: 68 socket 1: 75[0m
EAR[514408](hratio_l30) at 2.60/1.47 in tcn361 MR[0] elapsed 11415 sec.: [32mLoop time: 1.109s DC Power: [35m522.0W[32m DRAM power: 0.00W PCK power: 434.16W
	avg. CPUFreq: 2.57GHz avg. IMCFreq: 1.47GHz
	CPI: 0.377 VPI: 0.00, Mem. bwidth: 0.09GB/s GFLOPS: 0.00 I/O: 0.01MB/s No MPI  
	TPI 0.01 Cache miss rates: L1 0.60GB/s L2 0.00GB/s L3 0.00GB/s
	Total MPI calls 3
	IO DATA: rchar 4613 wchar 8844 syscr 51 syscw 27 read_bytes 0 write_bytes 303104
	Process OS info: (pid 514408 state R utime 1095 stime 1 cutime 0 cstime 0 CPU usage 98)
	CPU temperature (celsius): socket 0: 68 socket 1: 75[0m
EAR[514408](hratio_l30) at 2.60/1.47 in tcn361 MR[0] elapsed 11426 sec.: [32mLoop time: 1.108s DC Power: [35m522.1W[32m DRAM power: 0.00W PCK power: 434.18W
	avg. CPUFreq: 2.57GHz avg. IMCFreq: 1.47GHz
	CPI: 0.377 VPI: 0.00, Mem. bwidth: 0.12GB/s GFLOPS: 0.00 I/O: 0.01MB/s No MPI  
	TPI 0.02 Cache miss rates: L1 0.60GB/s L2 0.00GB/s L3 0.00GB/s
	Total MPI calls 3
	IO DATA: rchar 4613 wchar 8844 syscr 51 syscw 27 read_bytes 0 write_bytes 446464
	Process OS info: (pid 514408 state R utime 1087 stime 1 cutime 0 cstime 0 CPU usage 98)
	CPU temperature (celsius): socket 0: 68 socket 1: 75[0m
EAR[514408](hratio_l30) at 2.60/1.47 in tcn361 MR[0] elapsed 11438 sec.: [32mLoop time: 1.107s DC Power: [35m469.8W[32m DRAM power: 0.00W PCK power: 434.11W
	avg. CPUFreq: 2.57GHz avg. IMCFreq: 1.47GHz
	CPI: 0.377 VPI: 0.00, Mem. bwidth: 0.09GB/s GFLOPS: 0.00 I/O: 0.01MB/s No MPI  
	TPI 0.01 Cache miss rates: L1 0.59GB/s L2 0.00GB/s L3 0.00GB/s
	Total MPI calls 3
	IO DATA: rchar 4613 wchar 8844 syscr 51 syscw 27 read_bytes 0 write_bytes 294912
	Process OS info: (pid 514408 state R utime 1093 stime 0 cutime 0 cstime 0 CPU usage 98)
	CPU temperature (celsius): socket 0: 68 socket 1: 75[0m
EAR[514408](hratio_l30) at 2.60/1.47 in tcn361 MR[0] elapsed 11449 sec.: [32mLoop time: 1.108s DC Power: [35m522.6W[32m DRAM power: 0.00W PCK power: 434.14W
	avg. CPUFreq: 2.57GHz avg. IMCFreq: 1.47GHz
	CPI: 0.377 VPI: 0.00, Mem. bwidth: 0.09GB/s GFLOPS: 0.00 I/O: 0.01MB/s No MPI  
	TPI 0.01 Cache miss rates: L1 0.60GB/s L2 0.00GB/s L3 0.00GB/s
	Total MPI calls 3
	IO DATA: rchar 4613 wchar 8844 syscr 51 syscw 27 read_bytes 0 write_bytes 294912
	Process OS info: (pid 514408 state R utime 1093 stime 1 cutime 0 cstime 0 CPU usage 98)
	CPU temperature (celsius): socket 0: 68 socket 1: 75[0m
EAR[514408](hratio_l30) at 2.60/1.47 in tcn361 MR[0] elapsed 11460 sec.: [32mLoop time: 1.108s DC Power: [35m470.3W[32m DRAM power: 0.00W PCK power: 434.19W
	avg. CPUFreq: 2.57GHz avg. IMCFreq: 1.47GHz
	CPI: 0.377 VPI: 0.00, Mem. bwidth: 0.15GB/s GFLOPS: 0.00 I/O: 0.01MB/s No MPI  
	TPI 0.02 Cache miss rates: L1 0.60GB/s L2 0.00GB/s L3 0.00GB/s
	Total MPI calls 3
	IO DATA: rchar 4613 wchar 8844 syscr 51 syscw 27 read_bytes 0 write_bytes 299008
	Process OS info: (pid 514408 state R utime 1086 stime 0 cutime 0 cstime 0 CPU usage 98)
	CPU temperature (celsius): socket 0: 68 socket 1: 74[0m
EAR[514408](hratio_l30) at 2.60/1.47 in tcn361 MR[0] elapsed 11471 sec.: [32mLoop time: 1.107s DC Power: [35m522.8W[32m DRAM power: 0.00W PCK power: 434.01W
	avg. CPUFreq: 2.57GHz avg. IMCFreq: 1.47GHz
	CPI: 0.377 VPI: 0.00, Mem. bwidth: 0.11GB/s GFLOPS: 0.00 I/O: 0.01MB/s No MPI  
	TPI 0.02 Cache miss rates: L1 0.61GB/s L2 0.00GB/s L3 0.00GB/s
	Total MPI calls 3
	IO DATA: rchar 4613 wchar 8844 syscr 51 syscw 27 read_bytes 0 write_bytes 294912
	Process OS info: (pid 514408 state R utime 1093 stime 1 cutime 0 cstime 0 CPU usage 98)
	CPU temperature (celsius): socket 0: 68 socket 1: 75[0m
EAR[514408](hratio_l30) at 2.60/1.47 in tcn361 MR[0] elapsed 11482 sec.: [32mLoop time: 1.108s DC Power: [35m470.3W[32m DRAM power: 0.00W PCK power: 434.16W
	avg. CPUFreq: 2.57GHz avg. IMCFreq: 1.47GHz
	CPI: 0.377 VPI: 0.00, Mem. bwidth: 0.12GB/s GFLOPS: 0.00 I/O: 0.01MB/s No MPI  
	TPI 0.02 Cache miss rates: L1 0.65GB/s L2 0.00GB/s L3 0.00GB/s
	Total MPI calls 3
	IO DATA: rchar 4613 wchar 8844 syscr 51 syscw 27 read_bytes 0 write_bytes 294912
	Process OS info: (pid 514408 state R utime 1093 stime 1 cutime 0 cstime 0 CPU usage 98)
	CPU temperature (celsius): socket 0: 68 socket 1: 75[0m
EAR[514408](hratio_l30) at 2.60/1.47 in tcn361 MR[0] elapsed 11493 sec.: [32mLoop time: 1.112s DC Power: [35m520.6W[32m DRAM power: 0.00W PCK power: 433.97W
	avg. CPUFreq: 2.57GHz avg. IMCFreq: 1.47GHz
	CPI: 0.377 VPI: 0.00, Mem. bwidth: 0.10GB/s GFLOPS: 0.00 I/O: 0.01MB/s No MPI  
	TPI 0.01 Cache miss rates: L1 0.60GB/s L2 0.00GB/s L3 0.00GB/s
	Total MPI calls 3
	IO DATA: rchar 4613 wchar 8844 syscr 51 syscw 27 read_bytes 0 write_bytes 290816
	Process OS info: (pid 514408 state R utime 1089 stime 0 cutime 0 cstime 0 CPU usage 97)
	CPU temperature (celsius): socket 0: 68 socket 1: 75[0m
EAR[514408](hratio_l30) at 2.60/1.47 in tcn361 MR[0] elapsed 11504 sec.: [32mLoop time: 1.108s DC Power: [35m522.6W[32m DRAM power: 0.00W PCK power: 434.04W
	avg. CPUFreq: 2.57GHz avg. IMCFreq: 1.47GHz
	CPI: 0.377 VPI: 0.00, Mem. bwidth: 0.11GB/s GFLOPS: 0.00 I/O: 0.01MB/s No MPI  
	TPI 0.02 Cache miss rates: L1 0.60GB/s L2 0.00GB/s L3 0.00GB/s
	Total MPI calls 3
	IO DATA: rchar 4613 wchar 8844 syscr 51 syscw 27 read_bytes 0 write_bytes 294912
	Process OS info: (pid 514408 state R utime 1091 stime 1 cutime 0 cstime 0 CPU usage 98)
	CPU temperature (celsius): socket 0: 68 socket 1: 75[0m
EAR[514408](hratio_l30) at 2.60/1.47 in tcn361 MR[0] elapsed 11515 sec.: [32mLoop time: 1.107s DC Power: [35m470.6W[32m DRAM power: 0.00W PCK power: 434.25W
	avg. CPUFreq: 2.57GHz avg. IMCFreq: 1.47GHz
	CPI: 0.377 VPI: 0.00, Mem. bwidth: 0.12GB/s GFLOPS: 0.00 I/O: 0.01MB/s No MPI  
	TPI 0.02 Cache miss rates: L1 0.60GB/s L2 0.00GB/s L3 0.00GB/s
	Total MPI calls 3
	IO DATA: rchar 4613 wchar 8844 syscr 51 syscw 27 read_bytes 0 write_bytes 294912
	Process OS info: (pid 514408 state R utime 1092 stime 1 cutime 0 cstime 0 CPU usage 98)
	CPU temperature (celsius): socket 0: 68 socket 1: 75[0m
EAR[514408](hratio_l30) at 2.60/1.47 in tcn361 MR[0] elapsed 11526 sec.: [32mLoop time: 1.108s DC Power: [35m522.8W[32m DRAM power: 0.00W PCK power: 434.21W
	avg. CPUFreq: 2.57GHz avg. IMCFreq: 1.47GHz
	CPI: 0.377 VPI: 0.00, Mem. bwidth: 0.09GB/s GFLOPS: 0.00 I/O: 0.01MB/s No MPI  
	TPI 0.01 Cache miss rates: L1 0.60GB/s L2 0.00GB/s L3 0.00GB/s
	Total MPI calls 3
	IO DATA: rchar 4613 wchar 8844 syscr 51 syscw 27 read_bytes 0 write_bytes 294912
	Process OS info: (pid 514408 state R utime 1093 stime 1 cutime 0 cstime 0 CPU usage 98)
	CPU temperature (celsius): socket 0: 68 socket 1: 75[0m
EAR[514408](hratio_l30) at 2.60/1.47 in tcn361 MR[0] elapsed 11537 sec.: [32mLoop time: 1.107s DC Power: [35m523.7W[32m DRAM power: 0.00W PCK power: 434.20W
	avg. CPUFreq: 2.57GHz avg. IMCFreq: 1.47GHz
	CPI: 0.377 VPI: 0.00, Mem. bwidth: 0.09GB/s GFLOPS: 0.00 I/O: 0.01MB/s No MPI  
	TPI 0.01 Cache miss rates: L1 0.60GB/s L2 0.00GB/s L3 0.00GB/s
	Total MPI calls 3
	IO DATA: rchar 4613 wchar 8844 syscr 51 syscw 27 read_bytes 0 write_bytes 303104
	Process OS info: (pid 514408 state R utime 1092 stime 1 cutime 0 cstime 0 CPU usage 98)
	CPU temperature (celsius): socket 0: 68 socket 1: 75[0m
EAR[514408](hratio_l30) at 2.60/1.47 in tcn361 MR[0] elapsed 11548 sec.: [32mLoop time: 1.108s DC Power: [35m524.3W[32m DRAM power: 0.00W PCK power: 434.32W
	avg. CPUFreq: 2.57GHz avg. IMCFreq: 1.47GHz
	CPI: 0.377 VPI: 0.00, Mem. bwidth: 0.13GB/s GFLOPS: 0.00 I/O: 0.01MB/s No MPI  
	TPI 0.02 Cache miss rates: L1 0.60GB/s L2 0.00GB/s L3 0.00GB/s
	Total MPI calls 3
	IO DATA: rchar 4613 wchar 8844 syscr 51 syscw 27 read_bytes 0 write_bytes 303104
	Process OS info: (pid 514408 state R utime 1087 stime 0 cutime 0 cstime 0 CPU usage 98)
	CPU temperature (celsius): socket 0: 68 socket 1: 75[0m
EAR[514408](hratio_l30) at 2.60/1.47 in tcn361 MR[0] elapsed 11559 sec.: [32mLoop time: 1.108s DC Power: [35m524.5W[32m DRAM power: 0.00W PCK power: 434.18W
	avg. CPUFreq: 2.57GHz avg. IMCFreq: 1.47GHz
	CPI: 0.377 VPI: 0.00, Mem. bwidth: 0.11GB/s GFLOPS: 0.00 I/O: 0.01MB/s No MPI  
	TPI 0.02 Cache miss rates: L1 0.59GB/s L2 0.00GB/s L3 0.00GB/s
	Total MPI calls 3
	IO DATA: rchar 4613 wchar 8844 syscr 51 syscw 27 read_bytes 0 write_bytes 299008
	Process OS info: (pid 514408 state R utime 1092 stime 1 cutime 0 cstime 0 CPU usage 98)
	CPU temperature (celsius): socket 0: 68 socket 1: 75[0m
EAR[514408](hratio_l30) at 2.60/1.47 in tcn361 MR[0] elapsed 11571 sec.: [32mLoop time: 1.108s DC Power: [35m523.4W[32m DRAM power: 0.00W PCK power: 434.19W
	avg. CPUFreq: 2.57GHz avg. IMCFreq: 1.47GHz
	CPI: 0.377 VPI: 0.00, Mem. bwidth: 0.10GB/s GFLOPS: 0.00 I/O: 0.01MB/s No MPI  
	TPI 0.01 Cache miss rates: L1 0.60GB/s L2 0.00GB/s L3 0.00GB/s
	Total MPI calls 3
	IO DATA: rchar 4613 wchar 8844 syscr 51 syscw 27 read_bytes 0 write_bytes 294912
	Process OS info: (pid 514408 state R utime 1092 stime 1 cutime 0 cstime 0 CPU usage 98)
	CPU temperature (celsius): socket 0: 68 socket 1: 75[0m
EAR[514408](hratio_l30) at 2.60/1.47 in tcn361 MR[0] elapsed 11582 sec.: [32mLoop time: 1.107s DC Power: [35m470.5W[32m DRAM power: 0.00W PCK power: 434.33W
	avg. CPUFreq: 2.57GHz avg. IMCFreq: 1.47GHz
	CPI: 0.377 VPI: 0.00, Mem. bwidth: 0.13GB/s GFLOPS: 0.00 I/O: 0.01MB/s No MPI  
	TPI 0.02 Cache miss rates: L1 0.60GB/s L2 0.00GB/s L3 0.00GB/s
	Total MPI calls 3
	IO DATA: rchar 4613 wchar 8844 syscr 51 syscw 27 read_bytes 0 write_bytes 294912
	Process OS info: (pid 514408 state R utime 1085 stime 0 cutime 0 cstime 0 CPU usage 97)
	CPU temperature (celsius): socket 0: 68 socket 1: 75[0m
EAR[514408](hratio_l30) at 2.60/1.47 in tcn361 MR[0] elapsed 11593 sec.: [32mLoop time: 1.108s DC Power: [35m522.7W[32m DRAM power: 0.00W PCK power: 434.16W
	avg. CPUFreq: 2.57GHz avg. IMCFreq: 1.47GHz
	CPI: 0.377 VPI: 0.00, Mem. bwidth: 0.09GB/s GFLOPS: 0.00 I/O: 0.01MB/s No MPI  
	TPI 0.01 Cache miss rates: L1 0.60GB/s L2 0.00GB/s L3 0.00GB/s
	Total MPI calls 3
	IO DATA: rchar 4613 wchar 8844 syscr 51 syscw 27 read_bytes 0 write_bytes 303104
	Process OS info: (pid 514408 state R utime 1092 stime 0 cutime 0 cstime 0 CPU usage 98)
	CPU temperature (celsius): socket 0: 68 socket 1: 75[0m
EAR[514408](hratio_l30) at 2.60/1.47 in tcn361 MR[0] elapsed 11604 sec.: [32mLoop time: 1.108s DC Power: [35m522.7W[32m DRAM power: 0.00W PCK power: 434.26W
	avg. CPUFreq: 2.57GHz avg. IMCFreq: 1.47GHz
	CPI: 0.377 VPI: 0.00, Mem. bwidth: 0.12GB/s GFLOPS: 0.00 I/O: 0.01MB/s No MPI  
	TPI 0.02 Cache miss rates: L1 0.60GB/s L2 0.00GB/s L3 0.00GB/s
	Total MPI calls 3
	IO DATA: rchar 4613 wchar 8844 syscr 51 syscw 27 read_bytes 0 write_bytes 294912
	Process OS info: (pid 514408 state R utime 1092 stime 1 cutime 0 cstime 0 CPU usage 98)
	CPU temperature (celsius): socket 0: 68 socket 1: 75[0m
EAR[514408](hratio_l30) at 2.60/1.47 in tcn361 MR[0] elapsed 11615 sec.: [32mLoop time: 1.112s DC Power: [35m520.8W[32m DRAM power: 0.00W PCK power: 434.05W
	avg. CPUFreq: 2.57GHz avg. IMCFreq: 1.47GHz
	CPI: 0.377 VPI: 0.00, Mem. bwidth: 0.10GB/s GFLOPS: 0.00 I/O: 0.01MB/s No MPI  
	TPI 0.02 Cache miss rates: L1 0.65GB/s L2 0.00GB/s L3 0.00GB/s
	Total MPI calls 3
	IO DATA: rchar 4613 wchar 8844 syscr 51 syscw 27 read_bytes 0 write_bytes 299008
	Process OS info: (pid 514408 state R utime 1088 stime 1 cutime 0 cstime 0 CPU usage 97)
	CPU temperature (celsius): socket 0: 68 socket 1: 75[0m
EAR[514408](hratio_l30) at 2.60/1.47 in tcn361 MR[0] elapsed 11626 sec.: [32mLoop time: 1.108s DC Power: [35m470.5W[32m DRAM power: 0.00W PCK power: 434.02W
	avg. CPUFreq: 2.57GHz avg. IMCFreq: 1.47GHz
	CPI: 0.377 VPI: 0.00, Mem. bwidth: 0.09GB/s GFLOPS: 0.00 I/O: 0.01MB/s No MPI  
	TPI 0.01 Cache miss rates: L1 0.60GB/s L2 0.00GB/s L3 0.00GB/s
	Total MPI calls 3
	IO DATA: rchar 4613 wchar 8844 syscr 51 syscw 27 read_bytes 0 write_bytes 299008
	Process OS info: (pid 514408 state R utime 1092 stime 1 cutime 0 cstime 0 CPU usage 98)
	CPU temperature (celsius): socket 0: 68 socket 1: 74[0m
EAR[514408](hratio_l30) at 2.60/1.47 in tcn361 MR[0] elapsed 11637 sec.: [32mLoop time: 1.108s DC Power: [35m470.5W[32m DRAM power: 0.00W PCK power: 434.16W
	avg. CPUFreq: 2.57GHz avg. IMCFreq: 1.47GHz
	CPI: 0.377 VPI: 0.00, Mem. bwidth: 0.12GB/s GFLOPS: 0.00 I/O: 0.01MB/s No MPI  
	TPI 0.02 Cache miss rates: L1 0.60GB/s L2 0.00GB/s L3 0.00GB/s
	Total MPI calls 3
	IO DATA: rchar 4613 wchar 8844 syscr 51 syscw 27 read_bytes 0 write_bytes 294912
	Process OS info: (pid 514408 state R utime 1093 stime 1 cutime 0 cstime 0 CPU usage 98)
	CPU temperature (celsius): socket 0: 68 socket 1: 75[0m
EAR[514408](hratio_l30) at 2.60/1.47 in tcn361 MR[0] elapsed 11648 sec.: [32mLoop time: 1.108s DC Power: [35m522.5W[32m DRAM power: 0.00W PCK power: 434.10W
	avg. CPUFreq: 2.57GHz avg. IMCFreq: 1.47GHz
	CPI: 0.377 VPI: 0.00, Mem. bwidth: 0.09GB/s GFLOPS: 0.00 I/O: 0.01MB/s No MPI  
	TPI 0.01 Cache miss rates: L1 0.60GB/s L2 0.00GB/s L3 0.00GB/s
	Total MPI calls 3
	IO DATA: rchar 4613 wchar 8844 syscr 51 syscw 27 read_bytes 0 write_bytes 294912
	Process OS info: (pid 514408 state R utime 1094 stime 0 cutime 0 cstime 0 CPU usage 98)
	CPU temperature (celsius): socket 0: 68 socket 1: 75[0m
EAR[514408](hratio_l30) at 2.60/1.47 in tcn361 MR[0] elapsed 11659 sec.: [32mLoop time: 1.108s DC Power: [35m522.7W[32m DRAM power: 0.00W PCK power: 434.03W
	avg. CPUFreq: 2.57GHz avg. IMCFreq: 1.47GHz
	CPI: 0.378 VPI: 0.00, Mem. bwidth: 0.11GB/s GFLOPS: 0.00 I/O: 0.01MB/s No MPI  
	TPI 0.02 Cache miss rates: L1 0.60GB/s L2 0.00GB/s L3 0.00GB/s
	Total MPI calls 3
	IO DATA: rchar 4613 wchar 8844 syscr 51 syscw 27 read_bytes 0 write_bytes 307200
	Process OS info: (pid 514408 state R utime 1092 stime 1 cutime 0 cstime 0 CPU usage 98)
	CPU temperature (celsius): socket 0: 68 socket 1: 75[0m
EAR[514408](hratio_l30) at 2.60/1.47 in tcn361 MR[0] elapsed 11670 sec.: [32mLoop time: 1.108s DC Power: [35m470.4W[32m DRAM power: 0.00W PCK power: 434.20W
	avg. CPUFreq: 2.57GHz avg. IMCFreq: 1.47GHz
	CPI: 0.377 VPI: 0.00, Mem. bwidth: 0.13GB/s GFLOPS: 0.00 I/O: 0.01MB/s No MPI  
	TPI 0.02 Cache miss rates: L1 0.60GB/s L2 0.00GB/s L3 0.00GB/s
	Total MPI calls 3
	IO DATA: rchar 4613 wchar 8844 syscr 51 syscw 27 read_bytes 0 write_bytes 303104
	Process OS info: (pid 514408 state R utime 1087 stime 1 cutime 0 cstime 0 CPU usage 98)
	CPU temperature (celsius): socket 0: 68 socket 1: 75[0m
EAR[514408](hratio_l30) at 2.60/1.47 in tcn361 MR[0] elapsed 11681 sec.: [32mLoop time: 1.108s DC Power: [35m522.8W[32m DRAM power: 0.00W PCK power: 434.05W
	avg. CPUFreq: 2.57GHz avg. IMCFreq: 1.47GHz
	CPI: 0.378 VPI: 0.00, Mem. bwidth: 0.09GB/s GFLOPS: 0.00 I/O: 0.01MB/s No MPI  
	TPI 0.01 Cache miss rates: L1 0.60GB/s L2 0.00GB/s L3 0.00GB/s
	Total MPI calls 3
	IO DATA: rchar 4613 wchar 8844 syscr 51 syscw 27 read_bytes 0 write_bytes 299008
	Process OS info: (pid 514408 state R utime 1093 stime 1 cutime 0 cstime 0 CPU usage 98)
	CPU temperature (celsius): socket 0: 68 socket 1: 75[0m
EAR[514408](hratio_l30) at 2.60/1.47 in tcn361 MR[0] elapsed 11692 sec.: [32mLoop time: 1.109s DC Power: [35m469.9W[32m DRAM power: 0.00W PCK power: 434.19W
	avg. CPUFreq: 2.57GHz avg. IMCFreq: 1.47GHz
	CPI: 0.377 VPI: 0.00, Mem. bwidth: 0.12GB/s GFLOPS: 0.00 I/O: 0.01MB/s No MPI  
	TPI 0.02 Cache miss rates: L1 0.60GB/s L2 0.00GB/s L3 0.00GB/s
	Total MPI calls 3
	IO DATA: rchar 4613 wchar 8844 syscr 51 syscw 27 read_bytes 0 write_bytes 294912
	Process OS info: (pid 514408 state R utime 1094 stime 0 cutime 0 cstime 0 CPU usage 98)
	CPU temperature (celsius): socket 0: 68 socket 1: 75[0m
EAR[514408](hratio_l30) at 2.60/1.47 in tcn361 MR[0] elapsed 11703 sec.: [32mLoop time: 1.107s DC Power: [35m523.2W[32m DRAM power: 0.00W PCK power: 434.19W
	avg. CPUFreq: 2.57GHz avg. IMCFreq: 1.47GHz
	CPI: 0.378 VPI: 0.00, Mem. bwidth: 0.12GB/s GFLOPS: 0.00 I/O: 0.01MB/s No MPI  
	TPI 0.02 Cache miss rates: L1 0.60GB/s L2 0.00GB/s L3 0.00GB/s
	Total MPI calls 3
	IO DATA: rchar 4613 wchar 8844 syscr 51 syscw 27 read_bytes 0 write_bytes 294912
	Process OS info: (pid 514408 state R utime 1079 stime 1 cutime 0 cstime 0 CPU usage 97)
	CPU temperature (celsius): socket 0: 68 socket 1: 75[0m
EAR[514408](hratio_l30) at 2.60/1.47 in tcn361 MR[0] elapsed 11715 sec.: [32mLoop time: 1.107s DC Power: [35m471.5W[32m DRAM power: 0.00W PCK power: 434.14W
	avg. CPUFreq: 2.57GHz avg. IMCFreq: 1.47GHz
	CPI: 0.377 VPI: 0.00, Mem. bwidth: 0.09GB/s GFLOPS: 0.00 I/O: 0.01MB/s No MPI  
	TPI 0.01 Cache miss rates: L1 0.61GB/s L2 0.00GB/s L3 0.00GB/s
	Total MPI calls 3
	IO DATA: rchar 4613 wchar 8844 syscr 51 syscw 27 read_bytes 0 write_bytes 303104
	Process OS info: (pid 514408 state R utime 1093 stime 1 cutime 0 cstime 0 CPU usage 98)
	CPU temperature (celsius): socket 0: 68 socket 1: 75[0m
EAR[514408](hratio_l30) at 2.60/1.47 in tcn361 MR[0] elapsed 11726 sec.: [32mLoop time: 1.107s DC Power: [35m524.7W[32m DRAM power: 0.00W PCK power: 434.33W
	avg. CPUFreq: 2.57GHz avg. IMCFreq: 1.47GHz
	CPI: 0.377 VPI: 0.00, Mem. bwidth: 0.12GB/s GFLOPS: 0.00 I/O: 0.01MB/s No MPI  
	TPI 0.02 Cache miss rates: L1 0.60GB/s L2 0.00GB/s L3 0.00GB/s
	Total MPI calls 3
	IO DATA: rchar 4613 wchar 8844 syscr 51 syscw 27 read_bytes 0 write_bytes 315392
	Process OS info: (pid 514408 state R utime 1092 stime 0 cutime 0 cstime 0 CPU usage 98)
	CPU temperature (celsius): socket 0: 68 socket 1: 75[0m
EAR[514408](hratio_l30) at 2.60/1.47 in tcn361 MR[0] elapsed 11737 sec.: [32mLoop time: 1.108s DC Power: [35m524.0W[32m DRAM power: 0.00W PCK power: 434.20W
	avg. CPUFreq: 2.57GHz avg. IMCFreq: 1.47GHz
	CPI: 0.377 VPI: 0.00, Mem. bwidth: 0.10GB/s GFLOPS: 0.00 I/O: 0.01MB/s No MPI  
	TPI 0.01 Cache miss rates: L1 0.60GB/s L2 0.00GB/s L3 0.00GB/s
	Total MPI calls 3
	IO DATA: rchar 4613 wchar 8844 syscr 51 syscw 27 read_bytes 0 write_bytes 299008
	Process OS info: (pid 514408 state R utime 1087 stime 1 cutime 0 cstime 0 CPU usage 98)
	CPU temperature (celsius): socket 0: 68 socket 1: 75[0m
EAR[514408](hratio_l30) at 2.60/1.47 in tcn361 MR[0] elapsed 11748 sec.: [32mLoop time: 1.108s DC Power: [35m523.2W[32m DRAM power: 0.00W PCK power: 434.10W
	avg. CPUFreq: 2.57GHz avg. IMCFreq: 1.47GHz
	CPI: 0.377 VPI: 0.00, Mem. bwidth: 0.10GB/s GFLOPS: 0.00 I/O: 0.01MB/s No MPI  
	TPI 0.02 Cache miss rates: L1 0.60GB/s L2 0.00GB/s L3 0.00GB/s
	Total MPI calls 3
	IO DATA: rchar 4613 wchar 8844 syscr 51 syscw 27 read_bytes 0 write_bytes 299008
	Process OS info: (pid 514408 state R utime 1093 stime 1 cutime 0 cstime 0 CPU usage 98)
	CPU temperature (celsius): socket 0: 68 socket 1: 75[0m
EAR[514408](hratio_l30) at 2.60/1.47 in tcn361 MR[0] elapsed 11759 sec.: [32mLoop time: 1.108s DC Power: [35m418.2W[32m DRAM power: 0.00W PCK power: 434.28W
	avg. CPUFreq: 2.57GHz avg. IMCFreq: 1.47GHz
	CPI: 0.377 VPI: 0.00, Mem. bwidth: 0.13GB/s GFLOPS: 0.00 I/O: 0.01MB/s No MPI  
	TPI 0.02 Cache miss rates: L1 0.65GB/s L2 0.00GB/s L3 0.00GB/s
	Total MPI calls 3
	IO DATA: rchar 4613 wchar 8844 syscr 51 syscw 27 read_bytes 0 write_bytes 294912
	Process OS info: (pid 514408 state R utime 1086 stime 1 cutime 0 cstime 0 CPU usage 98)
	CPU temperature (celsius): socket 0: 68 socket 1: 75[0m
EAR[514408](hratio_l30) at 2.60/1.47 in tcn361 MR[0] elapsed 11770 sec.: [32mLoop time: 1.108s DC Power: [35m522.7W[32m DRAM power: 0.00W PCK power: 434.20W
	avg. CPUFreq: 2.57GHz avg. IMCFreq: 1.47GHz
	CPI: 0.377 VPI: 0.00, Mem. bwidth: 0.09GB/s GFLOPS: 0.00 I/O: 0.01MB/s No MPI  
	TPI 0.01 Cache miss rates: L1 0.60GB/s L2 0.00GB/s L3 0.00GB/s
	Total MPI calls 3
	IO DATA: rchar 4613 wchar 8844 syscr 51 syscw 27 read_bytes 0 write_bytes 294912
	Process OS info: (pid 514408 state R utime 1093 stime 0 cutime 0 cstime 0 CPU usage 98)
	CPU temperature (celsius): socket 0: 68 socket 1: 75[0m
EAR[514408](hratio_l30) at 2.60/1.47 in tcn361 MR[0] elapsed 11781 sec.: [32mLoop time: 1.108s DC Power: [35m522.6W[32m DRAM power: 0.00W PCK power: 434.44W
	avg. CPUFreq: 2.57GHz avg. IMCFreq: 1.47GHz
	CPI: 0.377 VPI: 0.00, Mem. bwidth: 0.10GB/s GFLOPS: 0.00 I/O: 0.01MB/s No MPI  
	TPI 0.01 Cache miss rates: L1 0.60GB/s L2 0.00GB/s L3 0.00GB/s
	Total MPI calls 3
	IO DATA: rchar 4613 wchar 8844 syscr 51 syscw 27 read_bytes 0 write_bytes 294912
	Process OS info: (pid 514408 state R utime 1094 stime 1 cutime 0 cstime 0 CPU usage 98)
	CPU temperature (celsius): socket 0: 68 socket 1: 75[0m
EAR[514408](hratio_l30) at 2.60/1.47 in tcn361 MR[0] elapsed 11792 sec.: [32mLoop time: 1.107s DC Power: [35m522.8W[32m DRAM power: 0.00W PCK power: 434.16W
	avg. CPUFreq: 2.57GHz avg. IMCFreq: 1.47GHz
	CPI: 0.377 VPI: 0.00, Mem. bwidth: 0.11GB/s GFLOPS: 0.00 I/O: 0.01MB/s No MPI  
	TPI 0.02 Cache miss rates: L1 0.60GB/s L2 0.00GB/s L3 0.00GB/s
	Total MPI calls 3
	IO DATA: rchar 4613 wchar 8844 syscr 51 syscw 27 read_bytes 0 write_bytes 323584
	Process OS info: (pid 514408 state R utime 1086 stime 1 cutime 0 cstime 0 CPU usage 98)
	CPU temperature (celsius): socket 0: 68 socket 1: 75[0m
EAR[514408](hratio_l30) at 2.60/1.47 in tcn361 MR[0] elapsed 11803 sec.: [32mLoop time: 1.108s DC Power: [35m470.3W[32m DRAM power: 0.00W PCK power: 434.15W
	avg. CPUFreq: 2.57GHz avg. IMCFreq: 1.47GHz
	CPI: 0.377 VPI: 0.00, Mem. bwidth: 0.11GB/s GFLOPS: 0.00 I/O: 0.01MB/s No MPI  
	TPI 0.02 Cache miss rates: L1 0.60GB/s L2 0.00GB/s L3 0.00GB/s
	Total MPI calls 3
	IO DATA: rchar 4613 wchar 8844 syscr 51 syscw 27 read_bytes 0 write_bytes 299008
	Process OS info: (pid 514408 state R utime 1094 stime 1 cutime 0 cstime 0 CPU usage 98)
	CPU temperature (celsius): socket 0: 68 socket 1: 75[0m
EAR[514408](hratio_l30) at 2.60/1.47 in tcn361 MR[0] elapsed 11814 sec.: [32mLoop time: 1.108s DC Power: [35m470.5W[32m DRAM power: 0.00W PCK power: 434.38W
	avg. CPUFreq: 2.57GHz avg. IMCFreq: 1.47GHz
	CPI: 0.377 VPI: 0.00, Mem. bwidth: 0.12GB/s GFLOPS: 0.00 I/O: 0.01MB/s No MPI  
	TPI 0.02 Cache miss rates: L1 0.60GB/s L2 0.00GB/s L3 0.00GB/s
	Total MPI calls 3
	IO DATA: rchar 4613 wchar 8844 syscr 51 syscw 27 read_bytes 0 write_bytes 294912
	Process OS info: (pid 514408 state R utime 1092 stime 0 cutime 0 cstime 0 CPU usage 98)
	CPU temperature (celsius): socket 0: 68 socket 1: 75[0m
EAR[514408](hratio_l30) at 2.60/1.47 in tcn361 MR[0] elapsed 11825 sec.: [32mLoop time: 1.107s DC Power: [35m522.9W[32m DRAM power: 0.00W PCK power: 434.53W
	avg. CPUFreq: 2.57GHz avg. IMCFreq: 1.47GHz
	CPI: 0.377 VPI: 0.00, Mem. bwidth: 0.09GB/s GFLOPS: 0.00 I/O: 0.01MB/s No MPI  
	TPI 0.01 Cache miss rates: L1 0.60GB/s L2 0.00GB/s L3 0.00GB/s
	Total MPI calls 3
	IO DATA: rchar 4613 wchar 8844 syscr 51 syscw 27 read_bytes 0 write_bytes 294912
	Process OS info: (pid 514408 state R utime 1087 stime 1 cutime 0 cstime 0 CPU usage 98)
	CPU temperature (celsius): socket 0: 68 socket 1: 75[0m
EAR[514408](hratio_l30) at 2.60/1.47 in tcn361 MR[0] elapsed 11836 sec.: [32mLoop time: 1.107s DC Power: [35m522.8W[32m DRAM power: 0.00W PCK power: 434.55W
	avg. CPUFreq: 2.57GHz avg. IMCFreq: 1.47GHz
	CPI: 0.377 VPI: 0.00, Mem. bwidth: 0.10GB/s GFLOPS: 0.00 I/O: 0.01MB/s No MPI  
	TPI 0.01 Cache miss rates: L1 0.60GB/s L2 0.00GB/s L3 0.00GB/s
	Total MPI calls 3
	IO DATA: rchar 4613 wchar 8844 syscr 51 syscw 27 read_bytes 0 write_bytes 299008
	Process OS info: (pid 514408 state R utime 1092 stime 1 cutime 0 cstime 0 CPU usage 98)
	CPU temperature (celsius): socket 0: 68 socket 1: 75[0m
EAR[514408](hratio_l30) at 2.60/1.47 in tcn361 MR[0] elapsed 11847 sec.: [32mLoop time: 1.108s DC Power: [35m470.5W[32m DRAM power: 0.00W PCK power: 434.88W
	avg. CPUFreq: 2.57GHz avg. IMCFreq: 1.47GHz
	CPI: 0.376 VPI: 0.00, Mem. bwidth: 0.13GB/s GFLOPS: 0.00 I/O: 0.01MB/s No MPI  
	TPI 0.02 Cache miss rates: L1 0.60GB/s L2 0.00GB/s L3 0.00GB/s
	Total MPI calls 3
	IO DATA: rchar 4613 wchar 8844 syscr 51 syscw 27 read_bytes 0 write_bytes 303104
	Process OS info: (pid 514408 state R utime 1087 stime 1 cutime 0 cstime 0 CPU usage 98)
	CPU temperature (celsius): socket 0: 68 socket 1: 75[0m
EAR[514408](hratio_l30) at 2.60/1.47 in tcn361 MR[0] elapsed 11859 sec.: [32mLoop time: 1.108s DC Power: [35m522.7W[32m DRAM power: 0.00W PCK power: 434.80W
	avg. CPUFreq: 2.57GHz avg. IMCFreq: 1.47GHz
	CPI: 0.376 VPI: 0.00, Mem. bwidth: 0.09GB/s GFLOPS: 0.00 I/O: 0.01MB/s No MPI  
	TPI 0.01 Cache miss rates: L1 0.60GB/s L2 0.00GB/s L3 0.00GB/s
	Total MPI calls 3
	IO DATA: rchar 4613 wchar 8844 syscr 51 syscw 27 read_bytes 0 write_bytes 528384
	Process OS info: (pid 514408 state R utime 1093 stime 0 cutime 0 cstime 0 CPU usage 98)
	CPU temperature (celsius): socket 0: 68 socket 1: 75[0m
EAR[514408](hratio_l30) at 2.60/1.47 in tcn361 MR[0] elapsed 11870 sec.: [32mLoop time: 1.107s DC Power: [35m523.7W[32m DRAM power: 0.00W PCK power: 434.89W
	avg. CPUFreq: 2.57GHz avg. IMCFreq: 1.47GHz
	CPI: 0.376 VPI: 0.00, Mem. bwidth: 0.10GB/s GFLOPS: 0.00 I/O: 0.01MB/s No MPI  
	TPI 0.01 Cache miss rates: L1 0.60GB/s L2 0.00GB/s L3 0.00GB/s
	Total MPI calls 3
	IO DATA: rchar 4613 wchar 8844 syscr 51 syscw 27 read_bytes 0 write_bytes 294912
	Process OS info: (pid 514408 state R utime 1093 stime 1 cutime 0 cstime 0 CPU usage 98)
	CPU temperature (celsius): socket 0: 68 socket 1: 75[0m
EAR[514408](hratio_l30) at 2.60/1.47 in tcn361 MR[0] elapsed 11881 sec.: [32mLoop time: 1.108s DC Power: [35m471.9W[32m DRAM power: 0.00W PCK power: 435.19W
	avg. CPUFreq: 2.57GHz avg. IMCFreq: 1.47GHz
	CPI: 0.376 VPI: 0.00, Mem. bwidth: 0.12GB/s GFLOPS: 0.00 I/O: 0.01MB/s No MPI  
	TPI 0.02 Cache miss rates: L1 0.60GB/s L2 0.00GB/s L3 0.00GB/s
	Total MPI calls 3
	IO DATA: rchar 4613 wchar 8844 syscr 51 syscw 27 read_bytes 0 write_bytes 294912
	Process OS info: (pid 514408 state R utime 1087 stime 1 cutime 0 cstime 0 CPU usage 98)
	CPU temperature (celsius): socket 0: 68 socket 1: 75[0m
EAR[514408](hratio_l30) at 2.60/1.47 in tcn361 MR[0] elapsed 11892 sec.: [32mLoop time: 1.109s DC Power: [35m472.0W[32m DRAM power: 0.00W PCK power: 434.83W
	avg. CPUFreq: 2.57GHz avg. IMCFreq: 1.47GHz
	CPI: 0.376 VPI: 0.00, Mem. bwidth: 0.09GB/s GFLOPS: 0.00 I/O: 0.01MB/s No MPI  
	TPI 0.01 Cache miss rates: L1 0.60GB/s L2 0.00GB/s L3 0.00GB/s
	Total MPI calls 3
	IO DATA: rchar 4613 wchar 8844 syscr 51 syscw 27 read_bytes 0 write_bytes 294912
	Process OS info: (pid 514408 state R utime 1095 stime 0 cutime 0 cstime 0 CPU usage 98)
	CPU temperature (celsius): socket 0: 68 socket 1: 75[0m
EAR[514408](hratio_l30) at 2.60/1.47 in tcn361 MR[0] elapsed 11903 sec.: [32mLoop time: 1.108s DC Power: [35m525.0W[32m DRAM power: 0.00W PCK power: 435.14W
	avg. CPUFreq: 2.57GHz avg. IMCFreq: 1.47GHz
	CPI: 0.376 VPI: 0.00, Mem. bwidth: 0.11GB/s GFLOPS: 0.00 I/O: 0.01MB/s No MPI  
	TPI 0.02 Cache miss rates: L1 0.66GB/s L2 0.00GB/s L3 0.00GB/s
	Total MPI calls 3
	IO DATA: rchar 4613 wchar 8844 syscr 51 syscw 27 read_bytes 0 write_bytes 413696
	Process OS info: (pid 514408 state R utime 1094 stime 1 cutime 0 cstime 0 CPU usage 98)
	CPU temperature (celsius): socket 0: 68 socket 1: 75[0m
EAR[514408](hratio_l30) at 2.60/1.47 in tcn361 MR[0] elapsed 11914 sec.: [32mLoop time: 1.108s DC Power: [35m524.3W[32m DRAM power: 0.00W PCK power: 434.92W
	avg. CPUFreq: 2.57GHz avg. IMCFreq: 1.47GHz
	CPI: 0.376 VPI: 0.00, Mem. bwidth: 0.10GB/s GFLOPS: 0.00 I/O: 0.01MB/s No MPI  
	TPI 0.01 Cache miss rates: L1 0.59GB/s L2 0.00GB/s L3 0.00GB/s
	Total MPI calls 3
	IO DATA: rchar 4613 wchar 8844 syscr 51 syscw 27 read_bytes 0 write_bytes 294912
	Process OS info: (pid 514408 state R utime 1087 stime 1 cutime 0 cstime 0 CPU usage 98)
	CPU temperature (celsius): socket 0: 68 socket 1: 75[0m
EAR[514408](hratio_l30) at 2.60/1.47 in tcn361 MR[0] elapsed 11925 sec.: [32mLoop time: 1.108s DC Power: [35m523.9W[32m DRAM power: 0.00W PCK power: 434.95W
	avg. CPUFreq: 2.57GHz avg. IMCFreq: 1.47GHz
	CPI: 0.376 VPI: 0.00, Mem. bwidth: 0.11GB/s GFLOPS: 0.00 I/O: 0.01MB/s No MPI  
	TPI 0.02 Cache miss rates: L1 0.60GB/s L2 0.00GB/s L3 0.00GB/s
	Total MPI calls 3
	IO DATA: rchar 4613 wchar 8844 syscr 51 syscw 27 read_bytes 0 write_bytes 360448
	Process OS info: (pid 514408 state R utime 1093 stime 0 cutime 0 cstime 0 CPU usage 98)
	CPU temperature (celsius): socket 0: 68 socket 1: 75[0m
EAR[514408](hratio_l30) at 2.60/1.47 in tcn361 MR[0] elapsed 11936 sec.: [32mLoop time: 1.108s DC Power: [35m418.9W[32m DRAM power: 0.00W PCK power: 434.97W
	avg. CPUFreq: 2.57GHz avg. IMCFreq: 1.47GHz
	CPI: 0.376 VPI: 0.00, Mem. bwidth: 0.15GB/s GFLOPS: 0.00 I/O: 0.01MB/s No MPI  
	TPI 0.02 Cache miss rates: L1 0.60GB/s L2 0.00GB/s L3 0.00GB/s
	Total MPI calls 3
	IO DATA: rchar 4613 wchar 8844 syscr 51 syscw 27 read_bytes 0 write_bytes 294912
	Process OS info: (pid 514408 state R utime 1087 stime 1 cutime 0 cstime 0 CPU usage 98)
	CPU temperature (celsius): socket 0: 68 socket 1: 74[0m
EAR[514408](hratio_l30) at 2.60/1.47 in tcn361 MR[0] elapsed 11947 sec.: [32mLoop time: 1.108s DC Power: [35m523.3W[32m DRAM power: 0.00W PCK power: 434.80W
	avg. CPUFreq: 2.57GHz avg. IMCFreq: 1.47GHz
	CPI: 0.376 VPI: 0.00, Mem. bwidth: 0.10GB/s GFLOPS: 0.00 I/O: 0.01MB/s No MPI  
	TPI 0.01 Cache miss rates: L1 0.60GB/s L2 0.00GB/s L3 0.00GB/s
	Total MPI calls 3
	IO DATA: rchar 4613 wchar 8844 syscr 51 syscw 27 read_bytes 0 write_bytes 294912
	Process OS info: (pid 514408 state R utime 1092 stime 1 cutime 0 cstime 0 CPU usage 98)
	CPU temperature (celsius): socket 0: 68 socket 1: 75[0m
EAR[514408](hratio_l30) at 2.60/1.47 in tcn361 MR[0] elapsed 11958 sec.: [32mLoop time: 1.108s DC Power: [35m522.6W[32m DRAM power: 0.00W PCK power: 434.81W
	avg. CPUFreq: 2.57GHz avg. IMCFreq: 1.47GHz
	CPI: 0.376 VPI: 0.00, Mem. bwidth: 0.09GB/s GFLOPS: 0.00 I/O: 0.01MB/s No MPI  
	TPI 0.01 Cache miss rates: L1 0.60GB/s L2 0.00GB/s L3 0.00GB/s
	Total MPI calls 3
	IO DATA: rchar 4613 wchar 8844 syscr 51 syscw 27 read_bytes 0 write_bytes 294912
	Process OS info: (pid 514408 state R utime 1093 stime 0 cutime 0 cstime 0 CPU usage 98)
	CPU temperature (celsius): socket 0: 68 socket 1: 75[0m
EAR[514408](hratio_l30) at 2.60/1.47 in tcn361 MR[0] elapsed 11969 sec.: [32mLoop time: 1.108s DC Power: [35m522.6W[32m DRAM power: 0.00W PCK power: 435.02W
	avg. CPUFreq: 2.57GHz avg. IMCFreq: 1.47GHz
	CPI: 0.376 VPI: 0.00, Mem. bwidth: 0.13GB/s GFLOPS: 0.00 I/O: 0.01MB/s No MPI  
	TPI 0.02 Cache miss rates: L1 0.60GB/s L2 0.00GB/s L3 0.00GB/s
	Total MPI calls 3
	IO DATA: rchar 4613 wchar 8844 syscr 51 syscw 27 read_bytes 0 write_bytes 303104
	Process OS info: (pid 514408 state R utime 1087 stime 1 cutime 0 cstime 0 CPU usage 98)
	CPU temperature (celsius): socket 0: 68 socket 1: 75[0m
EAR[514408](hratio_l30) at 2.60/1.47 in tcn361 MR[0] elapsed 11980 sec.: [32mLoop time: 1.108s DC Power: [35m470.4W[32m DRAM power: 0.00W PCK power: 434.89W
	avg. CPUFreq: 2.57GHz avg. IMCFreq: 1.47GHz
	CPI: 0.376 VPI: 0.00, Mem. bwidth: 0.12GB/s GFLOPS: 0.00 I/O: 0.01MB/s No MPI  
	TPI 0.02 Cache miss rates: L1 0.60GB/s L2 0.00GB/s L3 0.00GB/s
	Total MPI calls 3
	IO DATA: rchar 4613 wchar 8844 syscr 51 syscw 27 read_bytes 0 write_bytes 294912
	Process OS info: (pid 514408 state R utime 1093 stime 1 cutime 0 cstime 0 CPU usage 98)
	CPU temperature (celsius): socket 0: 68 socket 1: 75[0m
EAR[514408](hratio_l30) at 2.60/1.47 in tcn361 MR[0] elapsed 11992 sec.: [32mLoop time: 1.108s DC Power: [35m522.7W[32m DRAM power: 0.00W PCK power: 434.90W
	avg. CPUFreq: 2.57GHz avg. IMCFreq: 1.47GHz
	CPI: 0.376 VPI: 0.00, Mem. bwidth: 0.12GB/s GFLOPS: 0.00 I/O: 0.01MB/s No MPI  
	TPI 0.02 Cache miss rates: L1 0.60GB/s L2 0.00GB/s L3 0.00GB/s
	Total MPI calls 3
	IO DATA: rchar 4613 wchar 8844 syscr 51 syscw 27 read_bytes 0 write_bytes 405504
	Process OS info: (pid 514408 state R utime 1093 stime 0 cutime 0 cstime 0 CPU usage 98)
	CPU temperature (celsius): socket 0: 68 socket 1: 75[0m
EAR[514408](hratio_l30) at 2.60/1.47 in tcn361 MR[0] elapsed 12003 sec.: [32mLoop time: 1.107s DC Power: [35m522.8W[32m DRAM power: 0.00W PCK power: 434.72W
	avg. CPUFreq: 2.57GHz avg. IMCFreq: 1.47GHz
	CPI: 0.376 VPI: 0.00, Mem. bwidth: 0.10GB/s GFLOPS: 0.00 I/O: 0.01MB/s No MPI  
	TPI 0.01 Cache miss rates: L1 0.60GB/s L2 0.00GB/s L3 0.00GB/s
	Total MPI calls 3
	IO DATA: rchar 4613 wchar 8844 syscr 51 syscw 27 read_bytes 0 write_bytes 299008
	Process OS info: (pid 514408 state R utime 1087 stime 1 cutime 0 cstime 0 CPU usage 98)
	CPU temperature (celsius): socket 0: 68 socket 1: 75[0m
EAR[514408](hratio_l30) at 2.60/1.47 in tcn361 MR[0] elapsed 12014 sec.: [32mLoop time: 1.107s DC Power: [35m522.8W[32m DRAM power: 0.00W PCK power: 434.69W
	avg. CPUFreq: 2.57GHz avg. IMCFreq: 1.47GHz
	CPI: 0.376 VPI: 0.00, Mem. bwidth: 0.09GB/s GFLOPS: 0.00 I/O: 0.01MB/s No MPI  
	TPI 0.01 Cache miss rates: L1 0.60GB/s L2 0.00GB/s L3 0.00GB/s
	Total MPI calls 3
	IO DATA: rchar 4613 wchar 8844 syscr 51 syscw 27 read_bytes 0 write_bytes 393216
	Process OS info: (pid 514408 state R utime 1093 stime 0 cutime 0 cstime 0 CPU usage 98)
	CPU temperature (celsius): socket 0: 68 socket 1: 75[0m
EAR[514408](hratio_l30) at 2.60/1.47 in tcn361 MR[0] elapsed 12025 sec.: [32mLoop time: 1.107s DC Power: [35m470.7W[32m DRAM power: 0.00W PCK power: 434.92W
	avg. CPUFreq: 2.57GHz avg. IMCFreq: 1.47GHz
	CPI: 0.376 VPI: 0.00, Mem. bwidth: 0.11GB/s GFLOPS: 0.00 I/O: 0.01MB/s No MPI  
	TPI 0.02 Cache miss rates: L1 0.60GB/s L2 0.00GB/s L3 0.00GB/s
	Total MPI calls 3
	IO DATA: rchar 4613 wchar 8844 syscr 51 syscw 27 read_bytes 0 write_bytes 294912
	Process OS info: (pid 514408 state R utime 1092 stime 1 cutime 0 cstime 0 CPU usage 98)
	CPU temperature (celsius): socket 0: 68 socket 1: 75[0m
EAR[514408](hratio_l30) at 2.60/1.47 in tcn361 MR[0] elapsed 12036 sec.: [32mLoop time: 1.108s DC Power: [35m522.7W[32m DRAM power: 0.00W PCK power: 434.90W
	avg. CPUFreq: 2.57GHz avg. IMCFreq: 1.47GHz
	CPI: 0.376 VPI: 0.00, Mem. bwidth: 0.10GB/s GFLOPS: 0.00 I/O: 0.01MB/s No MPI  
	TPI 0.01 Cache miss rates: L1 0.60GB/s L2 0.00GB/s L3 0.00GB/s
	Total MPI calls 3
	IO DATA: rchar 4613 wchar 8844 syscr 51 syscw 27 read_bytes 0 write_bytes 352256
	Process OS info: (pid 514408 state R utime 1093 stime 1 cutime 0 cstime 0 CPU usage 98)
	CPU temperature (celsius): socket 0: 68 socket 1: 75[0m
EAR[514408](hratio_l30) at 2.60/1.47 in tcn361 MR[0] elapsed 12047 sec.: [32mLoop time: 1.107s DC Power: [35m523.9W[32m DRAM power: 0.00W PCK power: 434.88W
	avg. CPUFreq: 2.57GHz avg. IMCFreq: 1.47GHz
	CPI: 0.376 VPI: 0.00, Mem. bwidth: 0.09GB/s GFLOPS: 0.00 I/O: 0.01MB/s No MPI  
	TPI 0.01 Cache miss rates: L1 0.65GB/s L2 0.00GB/s L3 0.00GB/s
	Total MPI calls 3
	IO DATA: rchar 4613 wchar 8844 syscr 51 syscw 27 read_bytes 0 write_bytes 299008
	Process OS info: (pid 514408 state R utime 1093 stime 1 cutime 0 cstime 0 CPU usage 98)
	CPU temperature (celsius): socket 0: 68 socket 1: 75[0m
EAR[514408](hratio_l30) at 2.60/1.47 in tcn361 MR[0] elapsed 12058 sec.: [32mLoop time: 1.108s DC Power: [35m472.0W[32m DRAM power: 0.00W PCK power: 434.94W
	avg. CPUFreq: 2.57GHz avg. IMCFreq: 1.47GHz
	CPI: 0.376 VPI: 0.00, Mem. bwidth: 0.12GB/s GFLOPS: 0.00 I/O: 0.01MB/s No MPI  
	TPI 0.02 Cache miss rates: L1 0.60GB/s L2 0.00GB/s L3 0.00GB/s
	Total MPI calls 3
	IO DATA: rchar 4613 wchar 8844 syscr 51 syscw 27 read_bytes 0 write_bytes 294912
	Process OS info: (pid 514408 state R utime 1087 stime 0 cutime 0 cstime 0 CPU usage 98)
	CPU temperature (celsius): socket 0: 68 socket 1: 75[0m
EAR[514408](hratio_l30) at 2.60/1.47 in tcn361 MR[0] elapsed 12069 sec.: [32mLoop time: 1.108s DC Power: [35m472.8W[32m DRAM power: 0.00W PCK power: 434.88W
	avg. CPUFreq: 2.57GHz avg. IMCFreq: 1.47GHz
	CPI: 0.376 VPI: 0.00, Mem. bwidth: 0.10GB/s GFLOPS: 0.00 I/O: 0.01MB/s No MPI  
	TPI 0.01 Cache miss rates: L1 0.60GB/s L2 0.00GB/s L3 0.00GB/s
	Total MPI calls 3
	IO DATA: rchar 4613 wchar 8844 syscr 51 syscw 27 read_bytes 0 write_bytes 294912
	Process OS info: (pid 514408 state R utime 1092 stime 1 cutime 0 cstime 0 CPU usage 98)
	CPU temperature (celsius): socket 0: 68 socket 1: 75[0m
EAR[514408](hratio_l30) at 2.60/1.47 in tcn361 MR[0] elapsed 12080 sec.: [32mLoop time: 1.108s DC Power: [35m524.8W[32m DRAM power: 0.00W PCK power: 434.91W
	avg. CPUFreq: 2.57GHz avg. IMCFreq: 1.47GHz
	CPI: 0.376 VPI: 0.00, Mem. bwidth: 0.10GB/s GFLOPS: 0.00 I/O: 0.01MB/s No MPI  
	TPI 0.01 Cache miss rates: L1 0.60GB/s L2 0.00GB/s L3 0.00GB/s
	Total MPI calls 3
	IO DATA: rchar 4613 wchar 8844 syscr 51 syscw 27 read_bytes 0 write_bytes 294912
	Process OS info: (pid 514408 state R utime 1093 stime 0 cutime 0 cstime 0 CPU usage 98)
	CPU temperature (celsius): socket 0: 68 socket 1: 75[0m
EAR[514408](hratio_l30) at 2.60/1.47 in tcn361 MR[0] elapsed 12091 sec.: [32mLoop time: 1.108s DC Power: [35m524.2W[32m DRAM power: 0.00W PCK power: 434.89W
	avg. CPUFreq: 2.57GHz avg. IMCFreq: 1.47GHz
	CPI: 0.376 VPI: 0.00, Mem. bwidth: 0.13GB/s GFLOPS: 0.00 I/O: 0.01MB/s No MPI  
	TPI 0.02 Cache miss rates: L1 0.60GB/s L2 0.00GB/s L3 0.00GB/s
	Total MPI calls 3
	IO DATA: rchar 4613 wchar 8844 syscr 51 syscw 27 read_bytes 0 write_bytes 299008
	Process OS info: (pid 514408 state R utime 1087 stime 1 cutime 0 cstime 0 CPU usage 98)
	CPU temperature (celsius): socket 0: 68 socket 1: 75[0m
EAR[514408](hratio_l30) at 2.60/1.47 in tcn361 MR[0] elapsed 12102 sec.: [32mLoop time: 1.108s DC Power: [35m523.6W[32m DRAM power: 0.00W PCK power: 434.45W
	avg. CPUFreq: 2.57GHz avg. IMCFreq: 1.47GHz
	CPI: 0.376 VPI: 0.00, Mem. bwidth: 0.28GB/s GFLOPS: 0.00 I/O: 0.01MB/s No MPI  
	TPI 0.04 Cache miss rates: L1 0.60GB/s L2 0.00GB/s L3 0.00GB/s
	Total MPI calls 3
	IO DATA: rchar 4613 wchar 8844 syscr 51 syscw 27 read_bytes 0 write_bytes 303104
	Process OS info: (pid 514408 state R utime 1082 stime 1 cutime 0 cstime 0 CPU usage 97)
	CPU temperature (celsius): socket 0: 68 socket 1: 75[0m
EAR[514408](hratio_l30) at 2.60/1.47 in tcn361 MR[0] elapsed 12113 sec.: [32mLoop time: 1.108s DC Power: [35m470.4W[32m DRAM power: 0.00W PCK power: 434.82W
	avg. CPUFreq: 2.57GHz avg. IMCFreq: 1.47GHz
	CPI: 0.376 VPI: 0.00, Mem. bwidth: 0.42GB/s GFLOPS: 0.00 I/O: 0.01MB/s No MPI  
	TPI 0.06 Cache miss rates: L1 0.60GB/s L2 0.00GB/s L3 0.00GB/s
	Total MPI calls 3
	IO DATA: rchar 4613 wchar 8844 syscr 51 syscw 27 read_bytes 0 write_bytes 294912
	Process OS info: (pid 514408 state R utime 1088 stime 1 cutime 0 cstime 0 CPU usage 98)
	CPU temperature (celsius): socket 0: 68 socket 1: 75[0m
EAR[514408](hratio_l30) at 2.60/1.47 in tcn361 MR[0] elapsed 12124 sec.: [32mLoop time: 1.108s DC Power: [35m522.5W[32m DRAM power: 0.00W PCK power: 434.52W
	avg. CPUFreq: 2.57GHz avg. IMCFreq: 1.47GHz
	CPI: 0.376 VPI: 0.00, Mem. bwidth: 0.23GB/s GFLOPS: 0.00 I/O: 0.01MB/s No MPI  
	TPI 0.03 Cache miss rates: L1 0.60GB/s L2 0.00GB/s L3 0.00GB/s
	Total MPI calls 3
	IO DATA: rchar 4613 wchar 8844 syscr 51 syscw 27 read_bytes 0 write_bytes 294912
	Process OS info: (pid 514408 state R utime 1084 stime 1 cutime 0 cstime 0 CPU usage 97)
	CPU temperature (celsius): socket 0: 68 socket 1: 75[0m
EAR[514408](hratio_l30) at 2.60/1.47 in tcn361 MR[0] elapsed 12136 sec.: [32mLoop time: 1.108s DC Power: [35m522.6W[32m DRAM power: 0.00W PCK power: 434.64W
	avg. CPUFreq: 2.57GHz avg. IMCFreq: 1.47GHz
	CPI: 0.376 VPI: 0.00, Mem. bwidth: 0.23GB/s GFLOPS: 0.00 I/O: 0.01MB/s No MPI  
	TPI 0.03 Cache miss rates: L1 0.60GB/s L2 0.00GB/s L3 0.00GB/s
	Total MPI calls 3
	IO DATA: rchar 4613 wchar 8844 syscr 51 syscw 27 read_bytes 0 write_bytes 299008
	Process OS info: (pid 514408 state R utime 1075 stime 0 cutime 0 cstime 0 CPU usage 97)
	CPU temperature (celsius): socket 0: 68 socket 1: 75[0m
EAR[514408](hratio_l30) at 2.60/1.47 in tcn361 MR[0] elapsed 12147 sec.: [32mLoop time: 1.108s DC Power: [35m522.5W[32m DRAM power: 0.00W PCK power: 435.12W
	avg. CPUFreq: 2.57GHz avg. IMCFreq: 1.47GHz
	CPI: 0.376 VPI: 0.00, Mem. bwidth: 0.38GB/s GFLOPS: 0.00 I/O: 0.01MB/s No MPI  
	TPI 0.06 Cache miss rates: L1 0.60GB/s L2 0.00GB/s L3 0.00GB/s
	Total MPI calls 3
	IO DATA: rchar 4613 wchar 8844 syscr 51 syscw 27 read_bytes 0 write_bytes 442368
	Process OS info: (pid 514408 state R utime 1089 stime 1 cutime 0 cstime 0 CPU usage 98)
	CPU temperature (celsius): socket 0: 68 socket 1: 75[0m
EAR[514408](hratio_l30) at 2.60/1.47 in tcn361 MR[0] elapsed 12158 sec.: [32mLoop time: 1.108s DC Power: [35m470.4W[32m DRAM power: 0.00W PCK power: 434.85W
	avg. CPUFreq: 2.57GHz avg. IMCFreq: 1.47GHz
	CPI: 0.376 VPI: 0.00, Mem. bwidth: 0.09GB/s GFLOPS: 0.00 I/O: 0.01MB/s No MPI  
	TPI 0.01 Cache miss rates: L1 0.60GB/s L2 0.00GB/s L3 0.00GB/s
	Total MPI calls 3
	IO DATA: rchar 4613 wchar 8844 syscr 51 syscw 27 read_bytes 0 write_bytes 290816
	Process OS info: (pid 514408 state R utime 1093 stime 0 cutime 0 cstime 0 CPU usage 98)
	CPU temperature (celsius): socket 0: 68 socket 1: 75[0m
EAR[514408](hratio_l30) at 2.60/1.47 in tcn361 MR[0] elapsed 12169 sec.: [32mLoop time: 1.107s DC Power: [35m522.8W[32m DRAM power: 0.00W PCK power: 434.75W
	avg. CPUFreq: 2.57GHz avg. IMCFreq: 1.47GHz
	CPI: 0.375 VPI: 0.00, Mem. bwidth: 0.09GB/s GFLOPS: 0.00 I/O: 0.01MB/s No MPI  
	TPI 0.01 Cache miss rates: L1 0.60GB/s L2 0.00GB/s L3 0.00GB/s
	Total MPI calls 3
	IO DATA: rchar 4613 wchar 8844 syscr 51 syscw 27 read_bytes 0 write_bytes 303104
	Process OS info: (pid 514408 state R utime 1093 stime 1 cutime 0 cstime 0 CPU usage 98)
	CPU temperature (celsius): socket 0: 68 socket 1: 75[0m
EAR[514408](hratio_l30) at 2.60/1.47 in tcn361 MR[0] elapsed 12180 sec.: [32mLoop time: 1.108s DC Power: [35m470.4W[32m DRAM power: 0.00W PCK power: 434.87W
	avg. CPUFreq: 2.57GHz avg. IMCFreq: 1.47GHz
	CPI: 0.375 VPI: 0.00, Mem. bwidth: 0.16GB/s GFLOPS: 0.00 I/O: 0.01MB/s No MPI  
	TPI 0.02 Cache miss rates: L1 0.60GB/s L2 0.00GB/s L3 0.00GB/s
	Total MPI calls 3
	IO DATA: rchar 4613 wchar 8844 syscr 51 syscw 27 read_bytes 0 write_bytes 294912
	Process OS info: (pid 514408 state R utime 1092 stime 1 cutime 0 cstime 0 CPU usage 98)
	CPU temperature (celsius): socket 0: 68 socket 1: 75[0m
EAR[514408](hratio_l30) at 2.60/1.47 in tcn361 MR[0] elapsed 12191 sec.: [32mLoop time: 1.107s DC Power: [35m522.8W[32m DRAM power: 0.00W PCK power: 434.72W
	avg. CPUFreq: 2.57GHz avg. IMCFreq: 1.47GHz
	CPI: 0.376 VPI: 0.00, Mem. bwidth: 0.11GB/s GFLOPS: 0.00 I/O: 0.01MB/s No MPI  
	TPI 0.02 Cache miss rates: L1 0.66GB/s L2 0.00GB/s L3 0.00GB/s
	Total MPI calls 3
	IO DATA: rchar 4613 wchar 8844 syscr 51 syscw 27 read_bytes 0 write_bytes 294912
	Process OS info: (pid 514408 state R utime 1092 stime 1 cutime 0 cstime 0 CPU usage 98)
	CPU temperature (celsius): socket 0: 68 socket 1: 75[0m
EAR[514408](hratio_l30) at 2.60/1.47 in tcn361 MR[0] elapsed 12202 sec.: [32mLoop time: 1.107s DC Power: [35m470.5W[32m DRAM power: 0.00W PCK power: 434.98W
	avg. CPUFreq: 2.57GHz avg. IMCFreq: 1.47GHz
	CPI: 0.376 VPI: 0.00, Mem. bwidth: 0.12GB/s GFLOPS: 0.00 I/O: 0.01MB/s No MPI  
	TPI 0.02 Cache miss rates: L1 0.60GB/s L2 0.00GB/s L3 0.00GB/s
	Total MPI calls 3
	IO DATA: rchar 4613 wchar 8844 syscr 51 syscw 27 read_bytes 0 write_bytes 360448
	Process OS info: (pid 514408 state R utime 1093 stime 0 cutime 0 cstime 0 CPU usage 98)
	CPU temperature (celsius): socket 0: 68 socket 1: 75[0m
EAR[514408](hratio_l30) at 2.60/1.47 in tcn361 MR[0] elapsed 12213 sec.: [32mLoop time: 1.108s DC Power: [35m523.1W[32m DRAM power: 0.00W PCK power: 434.94W
	avg. CPUFreq: 2.57GHz avg. IMCFreq: 1.47GHz
	CPI: 0.375 VPI: 0.00, Mem. bwidth: 0.09GB/s GFLOPS: 0.00 I/O: 0.01MB/s No MPI  
	TPI 0.01 Cache miss rates: L1 0.60GB/s L2 0.00GB/s L3 0.00GB/s
	Total MPI calls 3
	IO DATA: rchar 4613 wchar 8844 syscr 51 syscw 27 read_bytes 0 write_bytes 294912
	Process OS info: (pid 514408 state R utime 1092 stime 1 cutime 0 cstime 0 CPU usage 98)
	CPU temperature (celsius): socket 0: 68 socket 1: 75[0m
EAR[514408](hratio_l30) at 2.60/1.47 in tcn361 MR[0] elapsed 12224 sec.: [32mLoop time: 1.107s DC Power: [35m524.2W[32m DRAM power: 0.00W PCK power: 434.95W
	avg. CPUFreq: 2.57GHz avg. IMCFreq: 1.47GHz
	CPI: 0.376 VPI: 0.00, Mem. bwidth: 0.10GB/s GFLOPS: 0.00 I/O: 0.01MB/s No MPI  
	TPI 0.01 Cache miss rates: L1 0.60GB/s L2 0.00GB/s L3 0.00GB/s
	Total MPI calls 3
	IO DATA: rchar 4613 wchar 8844 syscr 51 syscw 27 read_bytes 0 write_bytes 303104
	Process OS info: (pid 514408 state R utime 1093 stime 1 cutime 0 cstime 0 CPU usage 98)
	CPU temperature (celsius): socket 0: 68 socket 1: 75[0m
EAR[514408](hratio_l30) at 2.60/1.47 in tcn361 MR[0] elapsed 12235 sec.: [32mLoop time: 1.108s DC Power: [35m472.4W[32m DRAM power: 0.00W PCK power: 435.08W
	avg. CPUFreq: 2.57GHz avg. IMCFreq: 1.47GHz
	CPI: 0.376 VPI: 0.00, Mem. bwidth: 0.12GB/s GFLOPS: 0.00 I/O: 0.01MB/s No MPI  
	TPI 0.02 Cache miss rates: L1 0.60GB/s L2 0.00GB/s L3 0.00GB/s
	Total MPI calls 3
	IO DATA: rchar 4613 wchar 8844 syscr 51 syscw 27 read_bytes 0 write_bytes 299008
	Process OS info: (pid 514408 state R utime 1092 stime 0 cutime 0 cstime 0 CPU usage 98)
	CPU temperature (celsius): socket 0: 68 socket 1: 75[0m
EAR[514408](hratio_l30) at 2.60/1.47 in tcn361 MR[0] elapsed 12246 sec.: [32mLoop time: 1.108s DC Power: [35m472.7W[32m DRAM power: 0.00W PCK power: 434.81W
	avg. CPUFreq: 2.57GHz avg. IMCFreq: 1.47GHz
	CPI: 0.376 VPI: 0.00, Mem. bwidth: 0.10GB/s GFLOPS: 0.00 I/O: 0.01MB/s No MPI  
	TPI 0.01 Cache miss rates: L1 0.60GB/s L2 0.00GB/s L3 0.00GB/s
	Total MPI calls 3
	IO DATA: rchar 4613 wchar 8844 syscr 51 syscw 27 read_bytes 0 write_bytes 294912
	Process OS info: (pid 514408 state R utime 1092 stime 1 cutime 0 cstime 0 CPU usage 98)
	CPU temperature (celsius): socket 0: 68 socket 1: 75[0m
EAR[514408](hratio_l30) at 2.60/1.47 in tcn361 MR[0] elapsed 12257 sec.: [32mLoop time: 1.107s DC Power: [35m524.7W[32m DRAM power: 0.00W PCK power: 434.85W
	avg. CPUFreq: 2.57GHz avg. IMCFreq: 1.47GHz
	CPI: 0.376 VPI: 0.00, Mem. bwidth: 0.10GB/s GFLOPS: 0.00 I/O: 0.01MB/s No MPI  
	TPI 0.01 Cache miss rates: L1 0.61GB/s L2 0.00GB/s L3 0.00GB/s
	Total MPI calls 3
	IO DATA: rchar 4613 wchar 8844 syscr 51 syscw 27 read_bytes 0 write_bytes 294912
	Process OS info: (pid 514408 state R utime 1092 stime 1 cutime 0 cstime 0 CPU usage 98)
	CPU temperature (celsius): socket 0: 68 socket 1: 75[0m
EAR[514408](hratio_l30) at 2.60/1.47 in tcn361 MR[0] elapsed 12268 sec.: [32mLoop time: 1.108s DC Power: [35m523.7W[32m DRAM power: 0.00W PCK power: 434.96W
	avg. CPUFreq: 2.57GHz avg. IMCFreq: 1.47GHz
	CPI: 0.376 VPI: 0.00, Mem. bwidth: 0.13GB/s GFLOPS: 0.00 I/O: 0.01MB/s No MPI  
	TPI 0.02 Cache miss rates: L1 0.60GB/s L2 0.00GB/s L3 0.00GB/s
	Total MPI calls 3
	IO DATA: rchar 4613 wchar 8844 syscr 51 syscw 27 read_bytes 0 write_bytes 344064
	Process OS info: (pid 514408 state R utime 1092 stime 1 cutime 0 cstime 0 CPU usage 98)
	CPU temperature (celsius): socket 0: 68 socket 1: 75[0m
EAR[514408](hratio_l30) at 2.60/1.47 in tcn361 MR[0] elapsed 12280 sec.: [32mLoop time: 1.107s DC Power: [35m523.3W[32m DRAM power: 0.00W PCK power: 434.86W
	avg. CPUFreq: 2.57GHz avg. IMCFreq: 1.47GHz
	CPI: 0.376 VPI: 0.00, Mem. bwidth: 0.10GB/s GFLOPS: 0.00 I/O: 0.01MB/s No MPI  
	TPI 0.02 Cache miss rates: L1 0.60GB/s L2 0.00GB/s L3 0.00GB/s
	Total MPI calls 3
	IO DATA: rchar 4613 wchar 8844 syscr 51 syscw 27 read_bytes 0 write_bytes 303104
	Process OS info: (pid 514408 state R utime 1093 stime 0 cutime 0 cstime 0 CPU usage 98)
	CPU temperature (celsius): socket 0: 68 socket 1: 75[0m
EAR[514408](hratio_l30) at 2.60/1.47 in tcn361 MR[0] elapsed 12291 sec.: [32mLoop time: 1.109s DC Power: [35m522.1W[32m DRAM power: 0.00W PCK power: 434.79W
	avg. CPUFreq: 2.57GHz avg. IMCFreq: 1.47GHz
	CPI: 0.375 VPI: 0.00, Mem. bwidth: 0.10GB/s GFLOPS: 0.00 I/O: 0.01MB/s No MPI  
	TPI 0.01 Cache miss rates: L1 0.60GB/s L2 0.00GB/s L3 0.00GB/s
	Total MPI calls 3
	IO DATA: rchar 4613 wchar 8844 syscr 51 syscw 27 read_bytes 0 write_bytes 299008
	Process OS info: (pid 514408 state R utime 1095 stime 1 cutime 0 cstime 0 CPU usage 98)
	CPU temperature (celsius): socket 0: 68 socket 1: 75[0m
EAR[514408](hratio_l30) at 2.60/1.47 in tcn361 MR[0] elapsed 12302 sec.: [32mLoop time: 1.108s DC Power: [35m470.5W[32m DRAM power: 0.00W PCK power: 434.98W
	avg. CPUFreq: 2.57GHz avg. IMCFreq: 1.47GHz
	CPI: 0.375 VPI: 0.00, Mem. bwidth: 0.12GB/s GFLOPS: 0.00 I/O: 0.01MB/s No MPI  
	TPI 0.02 Cache miss rates: L1 0.61GB/s L2 0.00GB/s L3 0.00GB/s
	Total MPI calls 3
	IO DATA: rchar 4613 wchar 8844 syscr 51 syscw 27 read_bytes 0 write_bytes 294912
	Process OS info: (pid 514408 state R utime 1092 stime 1 cutime 0 cstime 0 CPU usage 98)
	CPU temperature (celsius): socket 0: 68 socket 1: 75[0m
EAR[514408](hratio_l30) at 2.60/1.47 in tcn361 MR[0] elapsed 12313 sec.: [32mLoop time: 1.107s DC Power: [35m522.8W[32m DRAM power: 0.00W PCK power: 434.81W
	avg. CPUFreq: 2.57GHz avg. IMCFreq: 1.47GHz
	CPI: 0.375 VPI: 0.00, Mem. bwidth: 0.10GB/s GFLOPS: 0.00 I/O: 0.01MB/s No MPI  
	TPI 0.01 Cache miss rates: L1 0.60GB/s L2 0.00GB/s L3 0.00GB/s
	Total MPI calls 3
	IO DATA: rchar 4613 wchar 8844 syscr 51 syscw 27 read_bytes 0 write_bytes 294912
	Process OS info: (pid 514408 state R utime 1092 stime 0 cutime 0 cstime 0 CPU usage 98)
	CPU temperature (celsius): socket 0: 68 socket 1: 74[0m
EAR[514408](hratio_l30) at 2.60/1.47 in tcn361 MR[0] elapsed 12324 sec.: [32mLoop time: 1.107s DC Power: [35m522.8W[32m DRAM power: 0.00W PCK power: 434.90W
	avg. CPUFreq: 2.57GHz avg. IMCFreq: 1.47GHz
	CPI: 0.376 VPI: 0.00, Mem. bwidth: 0.12GB/s GFLOPS: 0.00 I/O: 0.01MB/s No MPI  
	TPI 0.02 Cache miss rates: L1 0.60GB/s L2 0.00GB/s L3 0.00GB/s
	Total MPI calls 3
	IO DATA: rchar 4613 wchar 8844 syscr 51 syscw 27 read_bytes 0 write_bytes 294912
	Process OS info: (pid 514408 state R utime 1093 stime 1 cutime 0 cstime 0 CPU usage 98)
	CPU temperature (celsius): socket 0: 68 socket 1: 75[0m
EAR[514408](hratio_l30) at 2.60/1.47 in tcn361 MR[0] elapsed 12336 sec.: [32mLoop time: 1.108s DC Power: [35m470.4W[32m DRAM power: 0.00W PCK power: 434.83W
	avg. CPUFreq: 2.57GHz avg. IMCFreq: 1.47GHz
	CPI: 0.376 VPI: 0.00, Mem. bwidth: 0.10GB/s GFLOPS: 0.00 I/O: 0.01MB/s No MPI  
	TPI 0.01 Cache miss rates: L1 0.66GB/s L2 0.00GB/s L3 0.00GB/s
	Total MPI calls 3
	IO DATA: rchar 4613 wchar 8844 syscr 51 syscw 27 read_bytes 0 write_bytes 299008
	Process OS info: (pid 514408 state R utime 1093 stime 0 cutime 0 cstime 0 CPU usage 98)
	CPU temperature (celsius): socket 0: 68 socket 1: 75[0m
EAR[514408](hratio_l30) at 2.60/1.47 in tcn361 MR[0] elapsed 12347 sec.: [32mLoop time: 1.208s DC Power: [35m527.2W[32m DRAM power: 0.00W PCK power: 434.69W
	avg. CPUFreq: 2.57GHz avg. IMCFreq: 1.47GHz
	CPI: 0.376 VPI: 0.00, Mem. bwidth: 0.09GB/s GFLOPS: 0.00 I/O: 0.01MB/s No MPI  
	TPI 0.01 Cache miss rates: L1 0.60GB/s L2 0.00GB/s L3 0.00GB/s
	Total MPI calls 3
	IO DATA: rchar 4613 wchar 8844 syscr 51 syscw 27 read_bytes 0 write_bytes 303104
	Process OS info: (pid 514408 state R utime 1192 stime 1 cutime 0 cstime 0 CPU usage 98)
	CPU temperature (celsius): socket 0: 68 socket 1: 75[0m
EAR[514408](hratio_l30) at 2.60/1.47 in tcn361 MR[0] elapsed 12358 sec.: [32mLoop time: 1.108s DC Power: [35m470.4W[32m DRAM power: 0.00W PCK power: 434.84W
	avg. CPUFreq: 2.57GHz avg. IMCFreq: 1.47GHz
	CPI: 0.376 VPI: 0.00, Mem. bwidth: 0.12GB/s GFLOPS: 0.00 I/O: 0.01MB/s No MPI  
	TPI 0.02 Cache miss rates: L1 0.60GB/s L2 0.00GB/s L3 0.00GB/s
	Total MPI calls 3
	IO DATA: rchar 4613 wchar 8844 syscr 51 syscw 27 read_bytes 0 write_bytes 299008
	Process OS info: (pid 514408 state R utime 1093 stime 1 cutime 0 cstime 0 CPU usage 98)
	CPU temperature (celsius): socket 0: 68 socket 1: 75[0m
EAR[514408](hratio_l30) at 2.60/1.47 in tcn361 MR[0] elapsed 12369 sec.: [32mLoop time: 1.109s DC Power: [35m522.2W[32m DRAM power: 0.00W PCK power: 434.74W
	avg. CPUFreq: 2.57GHz avg. IMCFreq: 1.47GHz
	CPI: 0.376 VPI: 0.00, Mem. bwidth: 0.09GB/s GFLOPS: 0.00 I/O: 0.01MB/s No MPI  
	TPI 0.01 Cache miss rates: L1 0.60GB/s L2 0.00GB/s L3 0.00GB/s
	Total MPI calls 3
	IO DATA: rchar 4613 wchar 8844 syscr 51 syscw 27 read_bytes 0 write_bytes 294912
	Process OS info: (pid 514408 state R utime 1093 stime 1 cutime 0 cstime 0 CPU usage 98)
	CPU temperature (celsius): socket 0: 68 socket 1: 75[0m
EAR[514408](hratio_l30) at 2.60/1.47 in tcn361 MR[0] elapsed 12380 sec.: [32mLoop time: 1.108s DC Power: [35m522.6W[32m DRAM power: 0.00W PCK power: 434.84W
	avg. CPUFreq: 2.57GHz avg. IMCFreq: 1.47GHz
	CPI: 0.376 VPI: 0.00, Mem. bwidth: 0.09GB/s GFLOPS: 0.00 I/O: 0.01MB/s No MPI  
	TPI 0.01 Cache miss rates: L1 0.60GB/s L2 0.00GB/s L3 0.00GB/s
	Total MPI calls 3
	IO DATA: rchar 4613 wchar 8844 syscr 51 syscw 27 read_bytes 0 write_bytes 294912
	Process OS info: (pid 514408 state R utime 1092 stime 0 cutime 0 cstime 0 CPU usage 98)
	CPU temperature (celsius): socket 0: 68 socket 1: 75[0m
EAR[514408](hratio_l30) at 2.60/1.47 in tcn361 MR[0] elapsed 12391 sec.: [32mLoop time: 1.108s DC Power: [35m523.4W[32m DRAM power: 0.00W PCK power: 435.04W
	avg. CPUFreq: 2.57GHz avg. IMCFreq: 1.47GHz
	CPI: 0.376 VPI: 0.00, Mem. bwidth: 0.13GB/s GFLOPS: 0.00 I/O: 0.01MB/s No MPI  
	TPI 0.02 Cache miss rates: L1 0.61GB/s L2 0.00GB/s L3 0.00GB/s
	Total MPI calls 3
	IO DATA: rchar 4613 wchar 8844 syscr 51 syscw 27 read_bytes 0 write_bytes 303104
	Process OS info: (pid 514408 state R utime 1092 stime 1 cutime 0 cstime 0 CPU usage 98)
	CPU temperature (celsius): socket 0: 68 socket 1: 75[0m
EAR[514408](hratio_l30) at 2.60/1.47 in tcn361 MR[0] elapsed 12402 sec.: [32mLoop time: 1.108s DC Power: [35m524.5W[32m DRAM power: 0.00W PCK power: 434.88W
	avg. CPUFreq: 2.57GHz avg. IMCFreq: 1.47GHz
	CPI: 0.376 VPI: 0.00, Mem. bwidth: 0.11GB/s GFLOPS: 0.00 I/O: 0.01MB/s No MPI  
	TPI 0.02 Cache miss rates: L1 0.60GB/s L2 0.00GB/s L3 0.00GB/s
	Total MPI calls 3
	IO DATA: rchar 4613 wchar 8844 syscr 51 syscw 27 read_bytes 0 write_bytes 303104
	Process OS info: (pid 514408 state R utime 1091 stime 1 cutime 0 cstime 0 CPU usage 98)
	CPU temperature (celsius): socket 0: 68 socket 1: 75[0m
EAR[514408](hratio_l30) at 2.60/1.47 in tcn361 MR[0] elapsed 12413 sec.: [32mLoop time: 1.109s DC Power: [35m471.6W[32m DRAM power: 0.00W PCK power: 434.96W
	avg. CPUFreq: 2.57GHz avg. IMCFreq: 1.47GHz
	CPI: 0.376 VPI: 0.00, Mem. bwidth: 0.13GB/s GFLOPS: 0.00 I/O: 0.01MB/s No MPI  
	TPI 0.02 Cache miss rates: L1 0.59GB/s L2 0.00GB/s L3 0.00GB/s
	Total MPI calls 3
	IO DATA: rchar 4613 wchar 8844 syscr 51 syscw 27 read_bytes 0 write_bytes 299008
	Process OS info: (pid 514408 state R utime 1094 stime 0 cutime 0 cstime 0 CPU usage 98)
	CPU temperature (celsius): socket 0: 68 socket 1: 75[0m
EAR[514408](hratio_l30) at 2.60/1.47 in tcn361 MR[0] elapsed 12425 sec.: [32mLoop time: 1.107s DC Power: [35m524.6W[32m DRAM power: 0.00W PCK power: 434.85W
	avg. CPUFreq: 2.57GHz avg. IMCFreq: 1.47GHz
	CPI: 0.376 VPI: 0.00, Mem. bwidth: 0.13GB/s GFLOPS: 0.00 I/O: 0.01MB/s No MPI  
	TPI 0.02 Cache miss rates: L1 0.61GB/s L2 0.00GB/s L3 0.00GB/s
	Total MPI calls 3
	IO DATA: rchar 4613 wchar 8844 syscr 51 syscw 27 read_bytes 0 write_bytes 294912
	Process OS info: (pid 514408 state R utime 1091 stime 1 cutime 0 cstime 0 CPU usage 98)
	CPU temperature (celsius): socket 0: 68 socket 1: 75[0m
EAR[514408](hratio_l30) at 2.60/1.47 in tcn361 MR[0] elapsed 12436 sec.: [32mLoop time: 1.107s DC Power: [35m524.4W[32m DRAM power: 0.00W PCK power: 434.84W
	avg. CPUFreq: 2.57GHz avg. IMCFreq: 1.47GHz
	CPI: 0.376 VPI: 0.00, Mem. bwidth: 0.09GB/s GFLOPS: 0.00 I/O: 0.01MB/s No MPI  
	TPI 0.01 Cache miss rates: L1 0.60GB/s L2 0.00GB/s L3 0.00GB/s
	Total MPI calls 3
	IO DATA: rchar 4613 wchar 8844 syscr 51 syscw 27 read_bytes 0 write_bytes 299008
	Process OS info: (pid 514408 state R utime 1091 stime 1 cutime 0 cstime 0 CPU usage 98)
	CPU temperature (celsius): socket 0: 68 socket 1: 75[0m
EAR[514408](hratio_l30) at 2.60/1.47 in tcn361 MR[0] elapsed 12447 sec.: [32mLoop time: 1.107s DC Power: [35m523.5W[32m DRAM power: 0.00W PCK power: 435.01W
	avg. CPUFreq: 2.57GHz avg. IMCFreq: 1.47GHz
	CPI: 0.376 VPI: 0.00, Mem. bwidth: 0.12GB/s GFLOPS: 0.00 I/O: 0.01MB/s No MPI  
	TPI 0.02 Cache miss rates: L1 0.61GB/s L2 0.00GB/s L3 0.00GB/s
	Total MPI calls 3
	IO DATA: rchar 4613 wchar 8844 syscr 51 syscw 27 read_bytes 0 write_bytes 294912
	Process OS info: (pid 514408 state R utime 1092 stime 0 cutime 0 cstime 0 CPU usage 98)
	CPU temperature (celsius): socket 0: 68 socket 1: 75[0m
EAR[514408](hratio_l30) at 2.60/1.47 in tcn361 MR[0] elapsed 12458 sec.: [32mLoop time: 1.107s DC Power: [35m522.8W[32m DRAM power: 0.00W PCK power: 434.88W
	avg. CPUFreq: 2.57GHz avg. IMCFreq: 1.47GHz
	CPI: 0.375 VPI: 0.00, Mem. bwidth: 0.10GB/s GFLOPS: 0.00 I/O: 0.01MB/s No MPI  
	TPI 0.01 Cache miss rates: L1 0.60GB/s L2 0.00GB/s L3 0.00GB/s
	Total MPI calls 3
	IO DATA: rchar 4613 wchar 8844 syscr 51 syscw 27 read_bytes 0 write_bytes 307200
	Process OS info: (pid 514408 state R utime 1091 stime 1 cutime 0 cstime 0 CPU usage 98)
	CPU temperature (celsius): socket 0: 68 socket 1: 75[0m
EAR[514408](hratio_l30) at 2.60/1.47 in tcn361 MR[0] elapsed 12469 sec.: [32mLoop time: 1.108s DC Power: [35m470.1W[32m DRAM power: 0.00W PCK power: 434.82W
	avg. CPUFreq: 2.57GHz avg. IMCFreq: 1.47GHz
	CPI: 0.375 VPI: 0.00, Mem. bwidth: 0.10GB/s GFLOPS: 0.00 I/O: 0.01MB/s No MPI  
	TPI 0.02 Cache miss rates: L1 0.60GB/s L2 0.00GB/s L3 0.00GB/s
	Total MPI calls 3
	IO DATA: rchar 4613 wchar 8844 syscr 51 syscw 27 read_bytes 0 write_bytes 376832
	Process OS info: (pid 514408 state R utime 1093 stime 1 cutime 0 cstime 0 CPU usage 98)
	CPU temperature (celsius): socket 0: 68 socket 1: 75[0m
EAR[514408](hratio_l30) at 2.60/1.47 in tcn361 MR[0] elapsed 12480 sec.: [32mLoop time: 1.109s DC Power: [35m470.0W[32m DRAM power: 0.00W PCK power: 434.96W
	avg. CPUFreq: 2.57GHz avg. IMCFreq: 1.47GHz
	CPI: 0.375 VPI: 0.00, Mem. bwidth: 0.13GB/s GFLOPS: 0.00 I/O: 0.01MB/s No MPI  
	TPI 0.02 Cache miss rates: L1 0.66GB/s L2 0.00GB/s L3 0.00GB/s
	Total MPI calls 3
	IO DATA: rchar 4613 wchar 8844 syscr 51 syscw 27 read_bytes 0 write_bytes 299008
	Process OS info: (pid 514408 state R utime 1094 stime 1 cutime 0 cstime 0 CPU usage 98)
	CPU temperature (celsius): socket 0: 68 socket 1: 75[0m
EAR[514408](hratio_l30) at 2.60/1.47 in tcn361 MR[0] elapsed 12491 sec.: [32mLoop time: 1.107s DC Power: [35m522.8W[32m DRAM power: 0.00W PCK power: 434.72W
	avg. CPUFreq: 2.57GHz avg. IMCFreq: 1.47GHz
	CPI: 0.376 VPI: 0.00, Mem. bwidth: 0.10GB/s GFLOPS: 0.00 I/O: 0.01MB/s No MPI  
	TPI 0.01 Cache miss rates: L1 0.60GB/s L2 0.00GB/s L3 0.00GB/s
	Total MPI calls 3
	IO DATA: rchar 4613 wchar 8844 syscr 51 syscw 27 read_bytes 0 write_bytes 294912
	Process OS info: (pid 514408 state R utime 1093 stime 0 cutime 0 cstime 0 CPU usage 98)
	CPU temperature (celsius): socket 0: 68 socket 1: 75[0m
EAR[514408](hratio_l30) at 2.60/1.47 in tcn361 MR[0] elapsed 12503 sec.: [32mLoop time: 1.107s DC Power: [35m523.0W[32m DRAM power: 0.00W PCK power: 434.92W
	avg. CPUFreq: 2.57GHz avg. IMCFreq: 1.47GHz
	CPI: 0.375 VPI: 0.00, Mem. bwidth: 0.12GB/s GFLOPS: 0.00 I/O: 0.01MB/s No MPI  
	TPI 0.02 Cache miss rates: L1 0.60GB/s L2 0.00GB/s L3 0.00GB/s
	Total MPI calls 3
	IO DATA: rchar 4613 wchar 8844 syscr 51 syscw 27 read_bytes 0 write_bytes 294912
	Process OS info: (pid 514408 state R utime 1093 stime 1 cutime 0 cstime 0 CPU usage 98)
	CPU temperature (celsius): socket 0: 68 socket 1: 75[0m
EAR[514408](hratio_l30) at 2.60/1.47 in tcn361 MR[0] elapsed 12514 sec.: [32mLoop time: 1.209s DC Power: [35m479.1W[32m DRAM power: 0.00W PCK power: 434.84W
	avg. CPUFreq: 2.57GHz avg. IMCFreq: 1.47GHz
	CPI: 0.376 VPI: 0.00, Mem. bwidth: 0.10GB/s GFLOPS: 0.00 I/O: 0.01MB/s No MPI  
	TPI 0.01 Cache miss rates: L1 0.61GB/s L2 0.00GB/s L3 0.00GB/s
	Total MPI calls 3
	IO DATA: rchar 4613 wchar 8844 syscr 51 syscw 27 read_bytes 0 write_bytes 299008
	Process OS info: (pid 514408 state R utime 1192 stime 1 cutime 0 cstime 0 CPU usage 98)
	CPU temperature (celsius): socket 0: 68 socket 1: 75[0m
EAR[514408](hratio_l30) at 2.60/1.47 in tcn361 MR[0] elapsed 12525 sec.: [32mLoop time: 1.108s DC Power: [35m522.7W[32m DRAM power: 0.00W PCK power: 434.80W
	avg. CPUFreq: 2.57GHz avg. IMCFreq: 1.47GHz
	CPI: 0.376 VPI: 0.00, Mem. bwidth: 0.09GB/s GFLOPS: 0.00 I/O: 0.01MB/s No MPI  
	TPI 0.01 Cache miss rates: L1 0.60GB/s L2 0.00GB/s L3 0.00GB/s
	Total MPI calls 3
	IO DATA: rchar 4613 wchar 8844 syscr 51 syscw 27 read_bytes 0 write_bytes 303104
	Process OS info: (pid 514408 state R utime 1093 stime 1 cutime 0 cstime 0 CPU usage 98)
	CPU temperature (celsius): socket 0: 68 socket 1: 75[0m
EAR[514408](hratio_l30) at 2.60/1.47 in tcn361 MR[0] elapsed 12536 sec.: [32mLoop time: 1.107s DC Power: [35m470.5W[32m DRAM power: 0.00W PCK power: 434.96W
	avg. CPUFreq: 2.57GHz avg. IMCFreq: 1.47GHz
	CPI: 0.375 VPI: 0.00, Mem. bwidth: 0.12GB/s GFLOPS: 0.00 I/O: 0.01MB/s No MPI  
	TPI 0.02 Cache miss rates: L1 0.60GB/s L2 0.00GB/s L3 0.00GB/s
	Total MPI calls 3
	IO DATA: rchar 4613 wchar 8844 syscr 51 syscw 27 read_bytes 0 write_bytes 299008
	Process OS info: (pid 514408 state R utime 1093 stime 0 cutime 0 cstime 0 CPU usage 98)
	CPU temperature (celsius): socket 0: 68 socket 1: 75[0m
EAR[514408](hratio_l30) at 2.60/1.47 in tcn361 MR[0] elapsed 12547 sec.: [32mLoop time: 1.108s DC Power: [35m522.7W[32m DRAM power: 0.00W PCK power: 434.82W
	avg. CPUFreq: 2.57GHz avg. IMCFreq: 1.47GHz
	CPI: 0.376 VPI: 0.00, Mem. bwidth: 0.09GB/s GFLOPS: 0.00 I/O: 0.01MB/s No MPI  
	TPI 0.01 Cache miss rates: L1 0.60GB/s L2 0.00GB/s L3 0.00GB/s
	Total MPI calls 3
	IO DATA: rchar 4613 wchar 8844 syscr 51 syscw 27 read_bytes 0 write_bytes 294912
	Process OS info: (pid 514408 state R utime 1093 stime 1 cutime 0 cstime 0 CPU usage 98)
	CPU temperature (celsius): socket 0: 68 socket 1: 75[0m
EAR[514408](hratio_l30) at 2.60/1.47 in tcn361 MR[0] elapsed 12559 sec.: [32mLoop time: 1.108s DC Power: [35m523.6W[32m DRAM power: 0.00W PCK power: 434.89W
	avg. CPUFreq: 2.57GHz avg. IMCFreq: 1.47GHz
	CPI: 0.376 VPI: 0.00, Mem. bwidth: 0.09GB/s GFLOPS: 0.00 I/O: 0.01MB/s No MPI  
	TPI 0.01 Cache miss rates: L1 0.60GB/s L2 0.00GB/s L3 0.00GB/s
	Total MPI calls 3
	IO DATA: rchar 4613 wchar 8844 syscr 51 syscw 27 read_bytes 0 write_bytes 290816
	Process OS info: (pid 514408 state R utime 1088 stime 0 cutime 0 cstime 0 CPU usage 98)
	CPU temperature (celsius): socket 0: 68 socket 1: 75[0m
EAR[514408](hratio_l30) at 2.60/1.47 in tcn361 MR[0] elapsed 12570 sec.: [32mLoop time: 1.108s DC Power: [35m524.3W[32m DRAM power: 0.00W PCK power: 434.98W
	avg. CPUFreq: 2.57GHz avg. IMCFreq: 1.47GHz
	CPI: 0.376 VPI: 0.00, Mem. bwidth: 0.13GB/s GFLOPS: 0.00 I/O: 0.01MB/s No MPI  
	TPI 0.02 Cache miss rates: L1 0.60GB/s L2 0.00GB/s L3 0.00GB/s
	Total MPI calls 3
	IO DATA: rchar 4613 wchar 8844 syscr 51 syscw 27 read_bytes 0 write_bytes 327680
	Process OS info: (pid 514408 state R utime 1093 stime 1 cutime 0 cstime 0 CPU usage 98)
	CPU temperature (celsius): socket 0: 68 socket 1: 75[0m
EAR[514408](hratio_l30) at 2.60/1.47 in tcn361 MR[0] elapsed 12581 sec.: [32mLoop time: 1.108s DC Power: [35m524.8W[32m DRAM power: 0.00W PCK power: 435.07W
	avg. CPUFreq: 2.57GHz avg. IMCFreq: 1.47GHz
	CPI: 0.376 VPI: 0.00, Mem. bwidth: 0.10GB/s GFLOPS: 0.00 I/O: 0.01MB/s No MPI  
	TPI 0.01 Cache miss rates: L1 0.60GB/s L2 0.00GB/s L3 0.00GB/s
	Total MPI calls 3
	IO DATA: rchar 4613 wchar 8844 syscr 51 syscw 27 read_bytes 0 write_bytes 397312
	Process OS info: (pid 514408 state R utime 1093 stime 1 cutime 0 cstime 0 CPU usage 98)
	CPU temperature (celsius): socket 0: 68 socket 1: 75[0m
EAR[514408](hratio_l30) at 2.60/1.47 in tcn361 MR[0] elapsed 12592 sec.: [32mLoop time: 1.107s DC Power: [35m525.4W[32m DRAM power: 0.00W PCK power: 435.04W
	avg. CPUFreq: 2.57GHz avg. IMCFreq: 1.47GHz
	CPI: 0.376 VPI: 0.00, Mem. bwidth: 0.12GB/s GFLOPS: 0.00 I/O: 0.01MB/s No MPI  
	TPI 0.02 Cache miss rates: L1 0.60GB/s L2 0.00GB/s L3 0.00GB/s
	Total MPI calls 3
	IO DATA: rchar 4613 wchar 8844 syscr 51 syscw 27 read_bytes 0 write_bytes 299008
	Process OS info: (pid 514408 state R utime 1093 stime 0 cutime 0 cstime 0 CPU usage 98)
	CPU temperature (celsius): socket 0: 68 socket 1: 75[0m
EAR[514408](hratio_l30) at 2.60/1.47 in tcn361 MR[0] elapsed 12603 sec.: [32mLoop time: 1.108s DC Power: [35m472.1W[32m DRAM power: 0.00W PCK power: 434.81W
	avg. CPUFreq: 2.57GHz avg. IMCFreq: 1.47GHz
	CPI: 0.376 VPI: 0.00, Mem. bwidth: 0.09GB/s GFLOPS: 0.00 I/O: 0.01MB/s No MPI  
	TPI 0.01 Cache miss rates: L1 0.60GB/s L2 0.00GB/s L3 0.00GB/s
	Total MPI calls 3
	IO DATA: rchar 4613 wchar 8844 syscr 51 syscw 27 read_bytes 0 write_bytes 294912
	Process OS info: (pid 514408 state R utime 1093 stime 1 cutime 0 cstime 0 CPU usage 98)
	CPU temperature (celsius): socket 0: 68 socket 1: 75[0m
EAR[514408](hratio_l30) at 2.60/1.47 in tcn361 MR[0] elapsed 12614 sec.: [32mLoop time: 1.108s DC Power: [35m523.7W[32m DRAM power: 0.00W PCK power: 434.84W
	avg. CPUFreq: 2.57GHz avg. IMCFreq: 1.47GHz
	CPI: 0.376 VPI: 0.00, Mem. bwidth: 0.09GB/s GFLOPS: 0.00 I/O: 0.01MB/s No MPI  
	TPI 0.01 Cache miss rates: L1 0.61GB/s L2 0.00GB/s L3 0.00GB/s
	Total MPI calls 3
	IO DATA: rchar 4613 wchar 8844 syscr 51 syscw 27 read_bytes 0 write_bytes 331776
	Process OS info: (pid 514408 state R utime 1092 stime 1 cutime 0 cstime 0 CPU usage 98)
	CPU temperature (celsius): socket 0: 68 socket 1: 75[0m
EAR[514408](hratio_l30) at 2.60/1.47 in tcn361 MR[0] elapsed 12625 sec.: [32mLoop time: 1.107s DC Power: [35m523.2W[32m DRAM power: 0.00W PCK power: 435.02W
	avg. CPUFreq: 2.57GHz avg. IMCFreq: 1.47GHz
	CPI: 0.376 VPI: 0.00, Mem. bwidth: 0.12GB/s GFLOPS: 0.00 I/O: 0.01MB/s No MPI  
	TPI 0.02 Cache miss rates: L1 0.66GB/s L2 0.00GB/s L3 0.00GB/s
	Total MPI calls 3
	IO DATA: rchar 4613 wchar 8844 syscr 51 syscw 27 read_bytes 0 write_bytes 294912
	Process OS info: (pid 514408 state R utime 1093 stime 0 cutime 0 cstime 0 CPU usage 98)
	CPU temperature (celsius): socket 0: 68 socket 1: 74[0m
EAR[514408](hratio_l30) at 2.60/1.47 in tcn361 MR[0] elapsed 12636 sec.: [32mLoop time: 1.108s DC Power: [35m522.6W[32m DRAM power: 0.00W PCK power: 434.81W
	avg. CPUFreq: 2.57GHz avg. IMCFreq: 1.47GHz
	CPI: 0.376 VPI: 0.00, Mem. bwidth: 0.10GB/s GFLOPS: 0.00 I/O: 0.01MB/s No MPI  
	TPI 0.02 Cache miss rates: L1 0.60GB/s L2 0.00GB/s L3 0.00GB/s
	Total MPI calls 3
	IO DATA: rchar 4613 wchar 8844 syscr 51 syscw 27 read_bytes 0 write_bytes 294912
	Process OS info: (pid 514408 state R utime 1093 stime 1 cutime 0 cstime 0 CPU usage 98)
	CPU temperature (celsius): socket 0: 68 socket 1: 75[0m
EAR[514408](hratio_l30) at 2.60/1.47 in tcn361 MR[0] elapsed 12647 sec.: [32mLoop time: 1.108s DC Power: [35m522.7W[32m DRAM power: 0.00W PCK power: 434.90W
	avg. CPUFreq: 2.57GHz avg. IMCFreq: 1.47GHz
	CPI: 0.376 VPI: 0.00, Mem. bwidth: 0.11GB/s GFLOPS: 0.00 I/O: 0.01MB/s No MPI  
	TPI 0.02 Cache miss rates: L1 0.60GB/s L2 0.00GB/s L3 0.00GB/s
	Total MPI calls 3
	IO DATA: rchar 4613 wchar 8844 syscr 51 syscw 27 read_bytes 0 write_bytes 331776
	Process OS info: (pid 514408 state R utime 1093 stime 1 cutime 0 cstime 0 CPU usage 98)
	CPU temperature (celsius): socket 0: 68 socket 1: 75[0m
EAR[514408](hratio_l30) at 2.60/1.47 in tcn361 MR[0] elapsed 12658 sec.: [32mLoop time: 1.108s DC Power: [35m470.4W[32m DRAM power: 0.00W PCK power: 435.03W
	avg. CPUFreq: 2.57GHz avg. IMCFreq: 1.47GHz
	CPI: 0.376 VPI: 0.00, Mem. bwidth: 0.15GB/s GFLOPS: 0.00 I/O: 0.01MB/s No MPI  
	TPI 0.02 Cache miss rates: L1 0.60GB/s L2 0.00GB/s L3 0.00GB/s
	Total MPI calls 3
	IO DATA: rchar 4613 wchar 8844 syscr 51 syscw 27 read_bytes 0 write_bytes 299008
	Process OS info: (pid 514408 state R utime 1091 stime 0 cutime 0 cstime 0 CPU usage 98)
	CPU temperature (celsius): socket 0: 68 socket 1: 75[0m
EAR[514408](hratio_l30) at 2.60/1.47 in tcn361 MR[0] elapsed 12669 sec.: [32mLoop time: 1.108s DC Power: [35m522.7W[32m DRAM power: 0.00W PCK power: 434.86W
	avg. CPUFreq: 2.57GHz avg. IMCFreq: 1.47GHz
	CPI: 0.376 VPI: 0.00, Mem. bwidth: 0.10GB/s GFLOPS: 0.00 I/O: 0.01MB/s No MPI  
	TPI 0.01 Cache miss rates: L1 0.60GB/s L2 0.00GB/s L3 0.00GB/s
	Total MPI calls 3
	IO DATA: rchar 4613 wchar 8844 syscr 51 syscw 27 read_bytes 0 write_bytes 294912
	Process OS info: (pid 514408 state R utime 1092 stime 1 cutime 0 cstime 0 CPU usage 98)
	CPU temperature (celsius): socket 0: 68 socket 1: 75[0m
EAR[514408](hratio_l30) at 2.60/1.47 in tcn361 MR[0] elapsed 12680 sec.: [32mLoop time: 1.107s DC Power: [35m523.3W[32m DRAM power: 0.00W PCK power: 434.76W
	avg. CPUFreq: 2.57GHz avg. IMCFreq: 1.47GHz
	CPI: 0.376 VPI: 0.00, Mem. bwidth: 0.09GB/s GFLOPS: 0.00 I/O: 0.01MB/s No MPI  
	TPI 0.01 Cache miss rates: L1 0.60GB/s L2 0.00GB/s L3 0.00GB/s
	Total MPI calls 3
	IO DATA: rchar 4613 wchar 8844 syscr 51 syscw 27 read_bytes 0 write_bytes 294912
	Process OS info: (pid 514408 state R utime 1093 stime 0 cutime 0 cstime 0 CPU usage 98)
	CPU temperature (celsius): socket 0: 68 socket 1: 75[0m
EAR[514408](hratio_l30) at 2.60/1.47 in tcn361 MR[0] elapsed 12691 sec.: [32mLoop time: 1.108s DC Power: [35m470.5W[32m DRAM power: 0.00W PCK power: 434.94W
	avg. CPUFreq: 2.57GHz avg. IMCFreq: 1.47GHz
	CPI: 0.376 VPI: 0.00, Mem. bwidth: 0.13GB/s GFLOPS: 0.00 I/O: 0.01MB/s No MPI  
	TPI 0.02 Cache miss rates: L1 0.60GB/s L2 0.00GB/s L3 0.00GB/s
	Total MPI calls 3
	IO DATA: rchar 4613 wchar 8844 syscr 51 syscw 27 read_bytes 0 write_bytes 299008
	Process OS info: (pid 514408 state R utime 1093 stime 1 cutime 0 cstime 0 CPU usage 98)
	CPU temperature (celsius): socket 0: 68 socket 1: 75[0m
EAR[514408](hratio_l30) at 2.60/1.47 in tcn361 MR[0] elapsed 12703 sec.: [32mLoop time: 1.108s DC Power: [35m522.7W[32m DRAM power: 0.00W PCK power: 434.82W
	avg. CPUFreq: 2.57GHz avg. IMCFreq: 1.47GHz
	CPI: 0.376 VPI: 0.00, Mem. bwidth: 0.12GB/s GFLOPS: 0.00 I/O: 0.01MB/s No MPI  
	TPI 0.02 Cache miss rates: L1 0.60GB/s L2 0.00GB/s L3 0.00GB/s
	Total MPI calls 3
	IO DATA: rchar 4613 wchar 8844 syscr 51 syscw 27 read_bytes 0 write_bytes 303104
	Process OS info: (pid 514408 state R utime 1087 stime 1 cutime 0 cstime 0 CPU usage 98)
	CPU temperature (celsius): socket 0: 68 socket 1: 75[0m
EAR[514408](hratio_l30) at 2.60/1.47 in tcn361 MR[0] elapsed 12714 sec.: [32mLoop time: 1.108s DC Power: [35m470.4W[32m DRAM power: 0.00W PCK power: 434.90W
	avg. CPUFreq: 2.57GHz avg. IMCFreq: 1.47GHz
	CPI: 0.376 VPI: 0.00, Mem. bwidth: 0.13GB/s GFLOPS: 0.00 I/O: 0.01MB/s No MPI  
	TPI 0.02 Cache miss rates: L1 0.60GB/s L2 0.00GB/s L3 0.00GB/s
	Total MPI calls 3
	IO DATA: rchar 4613 wchar 8844 syscr 51 syscw 27 read_bytes 0 write_bytes 380928
	Process OS info: (pid 514408 state R utime 1093 stime 1 cutime 0 cstime 0 CPU usage 98)
	CPU temperature (celsius): socket 0: 68 socket 1: 75[0m
EAR[514408](hratio_l30) at 2.60/1.47 in tcn361 MR[0] elapsed 12725 sec.: [32mLoop time: 1.108s DC Power: [35m522.9W[32m DRAM power: 0.00W PCK power: 434.91W
	avg. CPUFreq: 2.57GHz avg. IMCFreq: 1.47GHz
	CPI: 0.375 VPI: 0.00, Mem. bwidth: 0.10GB/s GFLOPS: 0.00 I/O: 0.01MB/s No MPI  
	TPI 0.01 Cache miss rates: L1 0.60GB/s L2 0.00GB/s L3 0.00GB/s
	Total MPI calls 3
	IO DATA: rchar 4613 wchar 8844 syscr 51 syscw 27 read_bytes 0 write_bytes 294912
	Process OS info: (pid 514408 state R utime 1093 stime 0 cutime 0 cstime 0 CPU usage 98)
	CPU temperature (celsius): socket 0: 68 socket 1: 75[0m
EAR[514408](hratio_l30) at 2.60/1.47 in tcn361 MR[0] elapsed 12736 sec.: [32mLoop time: 1.107s DC Power: [35m523.9W[32m DRAM power: 0.00W PCK power: 435.25W
	avg. CPUFreq: 2.57GHz avg. IMCFreq: 1.47GHz
	CPI: 0.375 VPI: 0.00, Mem. bwidth: 0.10GB/s GFLOPS: 0.00 I/O: 0.01MB/s No MPI  
	TPI 0.02 Cache miss rates: L1 0.60GB/s L2 0.00GB/s L3 0.00GB/s
	Total MPI calls 3
	IO DATA: rchar 4613 wchar 8844 syscr 51 syscw 27 read_bytes 0 write_bytes 294912
	Process OS info: (pid 514408 state R utime 1093 stime 1 cutime 0 cstime 0 CPU usage 98)
	CPU temperature (celsius): socket 0: 68 socket 1: 75[0m
EAR[514408](hratio_l30) at 2.60/1.47 in tcn361 MR[0] elapsed 12747 sec.: [32mLoop time: 1.108s DC Power: [35m524.5W[32m DRAM power: 0.00W PCK power: 435.39W
	avg. CPUFreq: 2.57GHz avg. IMCFreq: 1.47GHz
	CPI: 0.375 VPI: 0.00, Mem. bwidth: 0.13GB/s GFLOPS: 0.00 I/O: 0.01MB/s No MPI  
	TPI 0.02 Cache miss rates: L1 0.60GB/s L2 0.00GB/s L3 0.00GB/s
	Total MPI calls 3
	IO DATA: rchar 4613 wchar 8844 syscr 51 syscw 27 read_bytes 0 write_bytes 294912
	Process OS info: (pid 514408 state R utime 1092 stime 0 cutime 0 cstime 0 CPU usage 98)
	CPU temperature (celsius): socket 0: 68 socket 1: 75[0m
EAR[514408](hratio_l30) at 2.60/1.47 in tcn361 MR[0] elapsed 12758 sec.: [32mLoop time: 1.108s DC Power: [35m525.4W[32m DRAM power: 0.00W PCK power: 435.35W
	avg. CPUFreq: 2.57GHz avg. IMCFreq: 1.47GHz
	CPI: 0.375 VPI: 0.00, Mem. bwidth: 0.10GB/s GFLOPS: 0.00 I/O: 0.01MB/s No MPI  
	TPI 0.01 Cache miss rates: L1 0.60GB/s L2 0.00GB/s L3 0.00GB/s
	Total MPI calls 3
	IO DATA: rchar 4613 wchar 8844 syscr 51 syscw 27 read_bytes 0 write_bytes 294912
	Process OS info: (pid 514408 state R utime 1094 stime 1 cutime 0 cstime 0 CPU usage 98)
	CPU temperature (celsius): socket 0: 68 socket 1: 75[0m
EAR[514408](hratio_l30) at 2.60/1.47 in tcn361 MR[0] elapsed 12769 sec.: [32mLoop time: 1.108s DC Power: [35m525.3W[32m DRAM power: 0.00W PCK power: 435.34W
	avg. CPUFreq: 2.57GHz avg. IMCFreq: 1.47GHz
	CPI: 0.375 VPI: 0.00, Mem. bwidth: 0.10GB/s GFLOPS: 0.00 I/O: 0.01MB/s No MPI  
	TPI 0.01 Cache miss rates: L1 0.65GB/s L2 0.00GB/s L3 0.00GB/s
	Total MPI calls 3
	IO DATA: rchar 4613 wchar 8844 syscr 51 syscw 27 read_bytes 0 write_bytes 299008
	Process OS info: (pid 514408 state R utime 1093 stime 1 cutime 0 cstime 0 CPU usage 98)
	CPU temperature (celsius): socket 0: 68 socket 1: 75[0m
EAR[514408](hratio_l30) at 2.60/1.47 in tcn361 MR[0] elapsed 12780 sec.: [32mLoop time: 1.107s DC Power: [35m419.7W[32m DRAM power: 0.00W PCK power: 435.42W
	avg. CPUFreq: 2.57GHz avg. IMCFreq: 1.47GHz
	CPI: 0.375 VPI: 0.00, Mem. bwidth: 0.12GB/s GFLOPS: 0.00 I/O: 0.01MB/s No MPI  
	TPI 0.02 Cache miss rates: L1 0.60GB/s L2 0.00GB/s L3 0.00GB/s
	Total MPI calls 3
	IO DATA: rchar 4613 wchar 8844 syscr 51 syscw 27 read_bytes 0 write_bytes 385024
	Process OS info: (pid 514408 state R utime 1092 stime 0 cutime 0 cstime 0 CPU usage 98)
	CPU temperature (celsius): socket 0: 68 socket 1: 75[0m
EAR[514408](hratio_l30) at 2.60/1.47 in tcn361 MR[0] elapsed 12791 sec.: [32mLoop time: 1.108s DC Power: [35m523.6W[32m DRAM power: 0.00W PCK power: 435.15W
	avg. CPUFreq: 2.57GHz avg. IMCFreq: 1.47GHz
	CPI: 0.375 VPI: 0.00, Mem. bwidth: 0.09GB/s GFLOPS: 0.00 I/O: 0.01MB/s No MPI  
	TPI 0.01 Cache miss rates: L1 0.61GB/s L2 0.00GB/s L3 0.00GB/s
	Total MPI calls 3
	IO DATA: rchar 4613 wchar 8844 syscr 51 syscw 27 read_bytes 0 write_bytes 380928
	Process OS info: (pid 514408 state R utime 1094 stime 1 cutime 0 cstime 0 CPU usage 98)
	CPU temperature (celsius): socket 0: 68 socket 1: 75[0m
EAR[514408](hratio_l30) at 2.60/1.47 in tcn361 MR[0] elapsed 12802 sec.: [32mLoop time: 1.108s DC Power: [35m523.5W[32m DRAM power: 0.00W PCK power: 435.40W
	avg. CPUFreq: 2.57GHz avg. IMCFreq: 1.47GHz
	CPI: 0.375 VPI: 0.00, Mem. bwidth: 0.12GB/s GFLOPS: 0.00 I/O: 0.01MB/s No MPI  
	TPI 0.02 Cache miss rates: L1 0.60GB/s L2 0.00GB/s L3 0.00GB/s
	Total MPI calls 3
	IO DATA: rchar 4613 wchar 8844 syscr 51 syscw 27 read_bytes 0 write_bytes 294912
	Process OS info: (pid 514408 state R utime 1093 stime 1 cutime 0 cstime 0 CPU usage 98)
	CPU temperature (celsius): socket 0: 68 socket 1: 75[0m
EAR[514408](hratio_l30) at 2.60/1.47 in tcn361 MR[0] elapsed 12813 sec.: [32mLoop time: 1.108s DC Power: [35m523.6W[32m DRAM power: 0.00W PCK power: 435.28W
	avg. CPUFreq: 2.57GHz avg. IMCFreq: 1.47GHz
	CPI: 0.375 VPI: 0.00, Mem. bwidth: 0.09GB/s GFLOPS: 0.00 I/O: 0.01MB/s No MPI  
	TPI 0.01 Cache miss rates: L1 0.60GB/s L2 0.00GB/s L3 0.00GB/s
	Total MPI calls 3
	IO DATA: rchar 4613 wchar 8844 syscr 51 syscw 27 read_bytes 0 write_bytes 294912
	Process OS info: (pid 514408 state R utime 1093 stime 1 cutime 0 cstime 0 CPU usage 98)
	CPU temperature (celsius): socket 0: 68 socket 1: 75[0m
EAR[514408](hratio_l30) at 2.60/1.47 in tcn361 MR[0] elapsed 12824 sec.: [32mLoop time: 1.108s DC Power: [35m523.7W[32m DRAM power: 0.00W PCK power: 435.26W
	avg. CPUFreq: 2.57GHz avg. IMCFreq: 1.47GHz
	CPI: 0.375 VPI: 0.00, Mem. bwidth: 0.11GB/s GFLOPS: 0.00 I/O: 0.01MB/s No MPI  
	TPI 0.02 Cache miss rates: L1 0.60GB/s L2 0.00GB/s L3 0.00GB/s
	Total MPI calls 3
	IO DATA: rchar 4613 wchar 8844 syscr 51 syscw 27 read_bytes 0 write_bytes 299008
	Process OS info: (pid 514408 state R utime 1093 stime 0 cutime 0 cstime 0 CPU usage 98)
	CPU temperature (celsius): socket 0: 68 socket 1: 75[0m
EAR[514408](hratio_l30) at 2.60/1.47 in tcn361 MR[0] elapsed 12835 sec.: [32mLoop time: 1.108s DC Power: [35m471.2W[32m DRAM power: 0.00W PCK power: 435.36W
	avg. CPUFreq: 2.57GHz avg. IMCFreq: 1.47GHz
	CPI: 0.375 VPI: 0.00, Mem. bwidth: 0.11GB/s GFLOPS: 0.00 I/O: 0.01MB/s No MPI  
	TPI 0.02 Cache miss rates: L1 0.61GB/s L2 0.00GB/s L3 0.00GB/s
	Total MPI calls 3
	IO DATA: rchar 4613 wchar 8844 syscr 51 syscw 27 read_bytes 0 write_bytes 299008
	Process OS info: (pid 514408 state R utime 1093 stime 1 cutime 0 cstime 0 CPU usage 98)
	CPU temperature (celsius): socket 0: 68 socket 1: 75[0m
EAR[514408](hratio_l30) at 2.60/1.47 in tcn361 MR[0] elapsed 12847 sec.: [32mLoop time: 1.108s DC Power: [35m523.6W[32m DRAM power: 0.00W PCK power: 435.25W
	avg. CPUFreq: 2.57GHz avg. IMCFreq: 1.47GHz
	CPI: 0.375 VPI: 0.00, Mem. bwidth: 0.10GB/s GFLOPS: 0.00 I/O: 0.01MB/s No MPI  
	TPI 0.01 Cache miss rates: L1 0.60GB/s L2 0.00GB/s L3 0.00GB/s
	Total MPI calls 3
	IO DATA: rchar 4613 wchar 8844 syscr 51 syscw 27 read_bytes 0 write_bytes 643072
	Process OS info: (pid 514408 state R utime 1093 stime 0 cutime 0 cstime 0 CPU usage 98)
	CPU temperature (celsius): socket 0: 68 socket 1: 75[0m
EAR[514408](hratio_l30) at 2.60/1.47 in tcn361 MR[0] elapsed 12858 sec.: [32mLoop time: 1.107s DC Power: [35m523.8W[32m DRAM power: 0.00W PCK power: 435.23W
	avg. CPUFreq: 2.57GHz avg. IMCFreq: 1.47GHz
	CPI: 0.375 VPI: 0.00, Mem. bwidth: 0.10GB/s GFLOPS: 0.00 I/O: 0.01MB/s No MPI  
	TPI 0.01 Cache miss rates: L1 0.60GB/s L2 0.00GB/s L3 0.00GB/s
	Total MPI calls 3
	IO DATA: rchar 4613 wchar 8844 syscr 51 syscw 27 read_bytes 0 write_bytes 294912
	Process OS info: (pid 514408 state R utime 1093 stime 1 cutime 0 cstime 0 CPU usage 98)
	CPU temperature (celsius): socket 0: 68 socket 1: 75[0m
EAR[514408](hratio_l30) at 2.60/1.47 in tcn361 MR[0] elapsed 12869 sec.: [32mLoop time: 1.108s DC Power: [35m471.1W[32m DRAM power: 0.00W PCK power: 435.34W
	avg. CPUFreq: 2.57GHz avg. IMCFreq: 1.47GHz
	CPI: 0.375 VPI: 0.00, Mem. bwidth: 0.13GB/s GFLOPS: 0.00 I/O: 0.01MB/s No MPI  
	TPI 0.02 Cache miss rates: L1 0.60GB/s L2 0.00GB/s L3 0.00GB/s
	Total MPI calls 3
	IO DATA: rchar 4613 wchar 8844 syscr 51 syscw 27 read_bytes 0 write_bytes 303104
	Process OS info: (pid 514408 state R utime 1093 stime 1 cutime 0 cstime 0 CPU usage 98)
	CPU temperature (celsius): socket 0: 68 socket 1: 75[0m
EAR[514408](hratio_l30) at 2.60/1.47 in tcn361 MR[0] elapsed 12880 sec.: [32mLoop time: 1.108s DC Power: [35m523.4W[32m DRAM power: 0.00W PCK power: 435.24W
	avg. CPUFreq: 2.57GHz avg. IMCFreq: 1.47GHz
	CPI: 0.375 VPI: 0.00, Mem. bwidth: 0.09GB/s GFLOPS: 0.00 I/O: 0.01MB/s No MPI  
	TPI 0.01 Cache miss rates: L1 0.60GB/s L2 0.00GB/s L3 0.00GB/s
	Total MPI calls 3
	IO DATA: rchar 4613 wchar 8844 syscr 51 syscw 27 read_bytes 0 write_bytes 430080
	Process OS info: (pid 514408 state R utime 1093 stime 0 cutime 0 cstime 0 CPU usage 98)
	CPU temperature (celsius): socket 0: 68 socket 1: 75[0m
EAR[514408](hratio_l30) at 2.60/1.47 in tcn361 MR[0] elapsed 12891 sec.: [32mLoop time: 1.109s DC Power: [35m522.9W[32m DRAM power: 0.00W PCK power: 435.45W
	avg. CPUFreq: 2.57GHz avg. IMCFreq: 1.47GHz
	CPI: 0.375 VPI: 0.00, Mem. bwidth: 0.11GB/s GFLOPS: 0.00 I/O: 0.01MB/s No MPI  
	TPI 0.02 Cache miss rates: L1 0.60GB/s L2 0.00GB/s L3 0.00GB/s
	Total MPI calls 3
	IO DATA: rchar 4613 wchar 8844 syscr 51 syscw 27 read_bytes 0 write_bytes 294912
	Process OS info: (pid 514408 state R utime 1095 stime 1 cutime 0 cstime 0 CPU usage 98)
	CPU temperature (celsius): socket 0: 68 socket 1: 75[0m
EAR[514408](hratio_l30) at 2.60/1.47 in tcn361 MR[0] elapsed 12902 sec.: [32mLoop time: 1.107s DC Power: [35m523.7W[32m DRAM power: 0.00W PCK power: 435.18W
	avg. CPUFreq: 2.57GHz avg. IMCFreq: 1.47GHz
	CPI: 0.375 VPI: 0.00, Mem. bwidth: 0.14GB/s GFLOPS: 0.00 I/O: 0.01MB/s No MPI  
	TPI 0.02 Cache miss rates: L1 0.60GB/s L2 0.00GB/s L3 0.00GB/s
	Total MPI calls 3
	IO DATA: rchar 4613 wchar 8844 syscr 51 syscw 27 read_bytes 0 write_bytes 294912
	Process OS info: (pid 514408 state R utime 1092 stime 1 cutime 0 cstime 0 CPU usage 98)
	CPU temperature (celsius): socket 0: 68 socket 1: 75[0m
EAR[514408](hratio_l30) at 2.60/1.47 in tcn361 MR[0] elapsed 12913 sec.: [32mLoop time: 1.108s DC Power: [35m471.9W[32m DRAM power: 0.00W PCK power: 435.31W
	avg. CPUFreq: 2.57GHz avg. IMCFreq: 1.47GHz
	CPI: 0.375 VPI: 0.00, Mem. bwidth: 0.10GB/s GFLOPS: 0.00 I/O: 0.01MB/s No MPI  
	TPI 0.01 Cache miss rates: L1 0.66GB/s L2 0.00GB/s L3 0.00GB/s
	Total MPI calls 3
	IO DATA: rchar 4613 wchar 8844 syscr 51 syscw 27 read_bytes 0 write_bytes 294912
	Process OS info: (pid 514408 state R utime 1092 stime 0 cutime 0 cstime 0 CPU usage 98)
	CPU temperature (celsius): socket 0: 68 socket 1: 75[0m
EAR[514408](hratio_l30) at 2.60/1.47 in tcn361 MR[0] elapsed 12924 sec.: [32mLoop time: 1.107s DC Power: [35m525.3W[32m DRAM power: 0.00W PCK power: 435.47W
	avg. CPUFreq: 2.57GHz avg. IMCFreq: 1.47GHz
	CPI: 0.375 VPI: 0.00, Mem. bwidth: 0.12GB/s GFLOPS: 0.00 I/O: 0.01MB/s No MPI  
	TPI 0.02 Cache miss rates: L1 0.60GB/s L2 0.00GB/s L3 0.00GB/s
	Total MPI calls 3
	IO DATA: rchar 4613 wchar 8844 syscr 51 syscw 27 read_bytes 0 write_bytes 294912
	Process OS info: (pid 514408 state R utime 1092 stime 1 cutime 0 cstime 0 CPU usage 98)
	CPU temperature (celsius): socket 0: 68 socket 1: 75[0m
EAR[514408](hratio_l30) at 2.60/1.47 in tcn361 MR[0] elapsed 12935 sec.: [32mLoop time: 1.108s DC Power: [35m525.3W[32m DRAM power: 0.00W PCK power: 435.38W
	avg. CPUFreq: 2.57GHz avg. IMCFreq: 1.47GHz
	CPI: 0.375 VPI: 0.00, Mem. bwidth: 0.10GB/s GFLOPS: 0.00 I/O: 0.01MB/s No MPI  
	TPI 0.01 Cache miss rates: L1 0.60GB/s L2 0.00GB/s L3 0.00GB/s
	Total MPI calls 3
	IO DATA: rchar 4613 wchar 8844 syscr 51 syscw 27 read_bytes 0 write_bytes 294912
	Process OS info: (pid 514408 state R utime 1094 stime 1 cutime 0 cstime 0 CPU usage 98)
	CPU temperature (celsius): socket 0: 68 socket 1: 75[0m
EAR[514408](hratio_l30) at 2.60/1.47 in tcn361 MR[0] elapsed 12946 sec.: [32mLoop time: 1.107s DC Power: [35m525.0W[32m DRAM power: 0.00W PCK power: 435.28W
	avg. CPUFreq: 2.57GHz avg. IMCFreq: 1.47GHz
	CPI: 0.375 VPI: 0.00, Mem. bwidth: 0.09GB/s GFLOPS: 0.00 I/O: 0.01MB/s No MPI  
	TPI 0.01 Cache miss rates: L1 0.61GB/s L2 0.00GB/s L3 0.00GB/s
	Total MPI calls 3
	IO DATA: rchar 4613 wchar 8844 syscr 51 syscw 27 read_bytes 0 write_bytes 294912
	Process OS info: (pid 514408 state R utime 1093 stime 0 cutime 0 cstime 0 CPU usage 98)
	CPU temperature (celsius): socket 0: 68 socket 1: 75[0m
EAR[514408](hratio_l30) at 2.60/1.47 in tcn361 MR[0] elapsed 12957 sec.: [32mLoop time: 1.108s DC Power: [35m419.3W[32m DRAM power: 0.00W PCK power: 435.43W
	avg. CPUFreq: 2.57GHz avg. IMCFreq: 1.47GHz
	CPI: 0.375 VPI: 0.00, Mem. bwidth: 0.12GB/s GFLOPS: 0.00 I/O: 0.01MB/s No MPI  
	TPI 0.02 Cache miss rates: L1 0.60GB/s L2 0.00GB/s L3 0.00GB/s
	Total MPI calls 3
	IO DATA: rchar 4613 wchar 8844 syscr 51 syscw 27 read_bytes 0 write_bytes 303104
	Process OS info: (pid 514408 state R utime 1093 stime 1 cutime 0 cstime 0 CPU usage 98)
	CPU temperature (celsius): socket 0: 68 socket 1: 75[0m
EAR[514408](hratio_l30) at 2.60/1.47 in tcn361 MR[0] elapsed 12968 sec.: [32mLoop time: 1.107s DC Power: [35m523.8W[32m DRAM power: 0.00W PCK power: 435.20W
	avg. CPUFreq: 2.57GHz avg. IMCFreq: 1.47GHz
	CPI: 0.375 VPI: 0.00, Mem. bwidth: 0.09GB/s GFLOPS: 0.00 I/O: 0.01MB/s No MPI  
	TPI 0.01 Cache miss rates: L1 0.60GB/s L2 0.00GB/s L3 0.00GB/s
	Total MPI calls 3
	IO DATA: rchar 4613 wchar 8844 syscr 51 syscw 27 read_bytes 0 write_bytes 299008
	Process OS info: (pid 514408 state R utime 1093 stime 1 cutime 0 cstime 0 CPU usage 98)
	CPU temperature (celsius): socket 0: 68 socket 1: 75[0m
EAR[514408](hratio_l30) at 2.60/1.47 in tcn361 MR[0] elapsed 12979 sec.: [32mLoop time: 1.108s DC Power: [35m523.7W[32m DRAM power: 0.00W PCK power: 435.20W
	avg. CPUFreq: 2.57GHz avg. IMCFreq: 1.47GHz
	CPI: 0.375 VPI: 0.00, Mem. bwidth: 0.09GB/s GFLOPS: 0.00 I/O: 0.01MB/s No MPI  
	TPI 0.01 Cache miss rates: L1 0.60GB/s L2 0.00GB/s L3 0.00GB/s
	Total MPI calls 3
	IO DATA: rchar 4613 wchar 8844 syscr 51 syscw 27 read_bytes 0 write_bytes 294912
	Process OS info: (pid 514408 state R utime 1093 stime 0 cutime 0 cstime 0 CPU usage 98)
	CPU temperature (celsius): socket 0: 68 socket 1: 75[0m
EAR[514408](hratio_l30) at 2.60/1.47 in tcn361 MR[0] elapsed 12991 sec.: [32mLoop time: 1.108s DC Power: [35m523.6W[32m DRAM power: 0.00W PCK power: 435.37W
	avg. CPUFreq: 2.57GHz avg. IMCFreq: 1.47GHz
	CPI: 0.375 VPI: 0.00, Mem. bwidth: 0.12GB/s GFLOPS: 0.00 I/O: 0.01MB/s No MPI  
	TPI 0.02 Cache miss rates: L1 0.60GB/s L2 0.00GB/s L3 0.00GB/s
	Total MPI calls 3
	IO DATA: rchar 4613 wchar 8844 syscr 51 syscw 27 read_bytes 0 write_bytes 348160
	Process OS info: (pid 514408 state R utime 1093 stime 1 cutime 0 cstime 0 CPU usage 98)
	CPU temperature (celsius): socket 0: 68 socket 1: 75[0m
EAR[514408](hratio_l30) at 2.60/1.47 in tcn361 MR[0] elapsed 13002 sec.: [32mLoop time: 1.108s DC Power: [35m471.3W[32m DRAM power: 0.00W PCK power: 435.18W
	avg. CPUFreq: 2.57GHz avg. IMCFreq: 1.47GHz
	CPI: 0.375 VPI: 0.00, Mem. bwidth: 0.11GB/s GFLOPS: 0.00 I/O: 0.01MB/s No MPI  
	TPI 0.02 Cache miss rates: L1 0.60GB/s L2 0.00GB/s L3 0.00GB/s
	Total MPI calls 3
	IO DATA: rchar 4613 wchar 8844 syscr 51 syscw 27 read_bytes 0 write_bytes 303104
	Process OS info: (pid 514408 state R utime 1093 stime 0 cutime 0 cstime 0 CPU usage 98)
	CPU temperature (celsius): socket 0: 68 socket 1: 75[0m
EAR[514408](hratio_l30) at 2.60/1.47 in tcn361 MR[0] elapsed 13013 sec.: [32mLoop time: 1.108s DC Power: [35m523.6W[32m DRAM power: 0.00W PCK power: 435.32W
	avg. CPUFreq: 2.57GHz avg. IMCFreq: 1.47GHz
	CPI: 0.375 VPI: 0.00, Mem. bwidth: 0.13GB/s GFLOPS: 0.00 I/O: 0.01MB/s No MPI  
	TPI 0.02 Cache miss rates: L1 0.60GB/s L2 0.00GB/s L3 0.00GB/s
	Total MPI calls 3
	IO DATA: rchar 4613 wchar 8844 syscr 51 syscw 27 read_bytes 0 write_bytes 303104
	Process OS info: (pid 514408 state R utime 1092 stime 1 cutime 0 cstime 0 CPU usage 98)
	CPU temperature (celsius): socket 0: 68 socket 1: 75[0m
EAR[514408](hratio_l30) at 2.60/1.47 in tcn361 MR[0] elapsed 13024 sec.: [32mLoop time: 1.108s DC Power: [35m523.5W[32m DRAM power: 0.00W PCK power: 435.26W
	avg. CPUFreq: 2.57GHz avg. IMCFreq: 1.47GHz
	CPI: 0.375 VPI: 0.00, Mem. bwidth: 0.10GB/s GFLOPS: 0.00 I/O: 0.01MB/s No MPI  
	TPI 0.01 Cache miss rates: L1 0.60GB/s L2 0.00GB/s L3 0.00GB/s
	Total MPI calls 3
	IO DATA: rchar 4613 wchar 8844 syscr 51 syscw 27 read_bytes 0 write_bytes 294912
	Process OS info: (pid 514408 state R utime 1093 stime 1 cutime 0 cstime 0 CPU usage 98)
	CPU temperature (celsius): socket 0: 68 socket 1: 75[0m
EAR[514408](hratio_l30) at 2.60/1.47 in tcn361 MR[0] elapsed 13035 sec.: [32mLoop time: 1.107s DC Power: [35m523.8W[32m DRAM power: 0.00W PCK power: 435.15W
	avg. CPUFreq: 2.57GHz avg. IMCFreq: 1.47GHz
	CPI: 0.375 VPI: 0.00, Mem. bwidth: 0.12GB/s GFLOPS: 0.00 I/O: 0.01MB/s No MPI  
	TPI 0.02 Cache miss rates: L1 0.60GB/s L2 0.00GB/s L3 0.00GB/s
	Total MPI calls 3
	IO DATA: rchar 4613 wchar 8844 syscr 51 syscw 27 read_bytes 0 write_bytes 294912
	Process OS info: (pid 514408 state R utime 1091 stime 0 cutime 0 cstime 0 CPU usage 98)
	CPU temperature (celsius): socket 0: 68 socket 1: 75[0m
EAR[514408](hratio_l30) at 2.60/1.47 in tcn361 MR[0] elapsed 13046 sec.: [32mLoop time: 1.108s DC Power: [35m471.0W[32m DRAM power: 0.00W PCK power: 434.89W
	avg. CPUFreq: 2.57GHz avg. IMCFreq: 1.47GHz
	CPI: 0.375 VPI: 0.00, Mem. bwidth: 0.41GB/s GFLOPS: 0.00 I/O: 0.01MB/s No MPI  
	TPI 0.06 Cache miss rates: L1 0.60GB/s L2 0.00GB/s L3 0.00GB/s
	Total MPI calls 3
	IO DATA: rchar 4613 wchar 8844 syscr 51 syscw 27 read_bytes 0 write_bytes 348160
	Process OS info: (pid 514408 state R utime 1083 stime 1 cutime 0 cstime 0 CPU usage 97)
	CPU temperature (celsius): socket 0: 68 socket 1: 74[0m
EAR[514408](hratio_l30) at 2.60/1.47 in tcn361 MR[0] elapsed 13057 sec.: [32mLoop time: 1.108s DC Power: [35m522.7W[32m DRAM power: 0.00W PCK power: 435.20W
	avg. CPUFreq: 2.57GHz avg. IMCFreq: 1.47GHz
	CPI: 0.375 VPI: 0.00, Mem. bwidth: 0.32GB/s GFLOPS: 0.00 I/O: 0.01MB/s No MPI  
	TPI 0.05 Cache miss rates: L1 0.66GB/s L2 0.00GB/s L3 0.00GB/s
	Total MPI calls 3
	IO DATA: rchar 4613 wchar 8844 syscr 51 syscw 27 read_bytes 0 write_bytes 299008
	Process OS info: (pid 514408 state R utime 1082 stime 1 cutime 0 cstime 0 CPU usage 97)
	CPU temperature (celsius): socket 0: 68 socket 1: 75[0m
EAR[514408](hratio_l30) at 2.60/1.47 in tcn361 MR[0] elapsed 13068 sec.: [32mLoop time: 1.108s DC Power: [35m522.6W[32m DRAM power: 0.00W PCK power: 434.76W
	avg. CPUFreq: 2.57GHz avg. IMCFreq: 1.47GHz
	CPI: 0.375 VPI: 0.00, Mem. bwidth: 0.30GB/s GFLOPS: 0.00 I/O: 0.01MB/s No MPI  
	TPI 0.04 Cache miss rates: L1 0.60GB/s L2 0.00GB/s L3 0.00GB/s
	Total MPI calls 3
	IO DATA: rchar 4613 wchar 8844 syscr 51 syscw 27 read_bytes 0 write_bytes 331776
	Process OS info: (pid 514408 state R utime 1078 stime 1 cutime 0 cstime 0 CPU usage 97)
	CPU temperature (celsius): socket 0: 68 socket 1: 75[0m
EAR[514408](hratio_l30) at 2.60/1.47 in tcn361 MR[0] elapsed 13079 sec.: [32mLoop time: 1.108s DC Power: [35m471.1W[32m DRAM power: 0.00W PCK power: 435.30W
	avg. CPUFreq: 2.57GHz avg. IMCFreq: 1.47GHz
	CPI: 0.375 VPI: 0.00, Mem. bwidth: 0.30GB/s GFLOPS: 0.00 I/O: 0.01MB/s No MPI  
	TPI 0.04 Cache miss rates: L1 0.60GB/s L2 0.00GB/s L3 0.00GB/s
	Total MPI calls 3
	IO DATA: rchar 4613 wchar 8844 syscr 51 syscw 27 read_bytes 0 write_bytes 299008
	Process OS info: (pid 514408 state R utime 1090 stime 1 cutime 0 cstime 0 CPU usage 98)
	CPU temperature (celsius): socket 0: 68 socket 1: 75[0m
EAR[514408](hratio_l30) at 2.60/1.47 in tcn361 MR[0] elapsed 13090 sec.: [32mLoop time: 1.108s DC Power: [35m471.9W[32m DRAM power: 0.00W PCK power: 435.30W
	avg. CPUFreq: 2.57GHz avg. IMCFreq: 1.47GHz
	CPI: 0.375 VPI: 0.00, Mem. bwidth: 0.26GB/s GFLOPS: 0.00 I/O: 0.01MB/s No MPI  
	TPI 0.04 Cache miss rates: L1 0.60GB/s L2 0.00GB/s L3 0.00GB/s
	Total MPI calls 3
	IO DATA: rchar 4613 wchar 8844 syscr 51 syscw 27 read_bytes 0 write_bytes 294912
	Process OS info: (pid 514408 state R utime 1092 stime 0 cutime 0 cstime 0 CPU usage 98)
	CPU temperature (celsius): socket 0: 68 socket 1: 75[0m
EAR[514408](hratio_l30) at 2.60/1.47 in tcn361 MR[0] elapsed 13101 sec.: [32mLoop time: 1.107s DC Power: [35m525.6W[32m DRAM power: 0.00W PCK power: 435.30W
	avg. CPUFreq: 2.57GHz avg. IMCFreq: 1.47GHz
	CPI: 0.375 VPI: 0.00, Mem. bwidth: 0.11GB/s GFLOPS: 0.00 I/O: 0.01MB/s No MPI  
	TPI 0.02 Cache miss rates: L1 0.60GB/s L2 0.00GB/s L3 0.00GB/s
	Total MPI calls 3
	IO DATA: rchar 4613 wchar 8844 syscr 51 syscw 27 read_bytes 0 write_bytes 294912
	Process OS info: (pid 514408 state R utime 1093 stime 1 cutime 0 cstime 0 CPU usage 98)
	CPU temperature (celsius): socket 0: 68 socket 1: 75[0m
EAR[514408](hratio_l30) at 2.60/1.47 in tcn361 MR[0] elapsed 13112 sec.: [32mLoop time: 1.108s DC Power: [35m525.0W[32m DRAM power: 0.00W PCK power: 435.06W
	avg. CPUFreq: 2.57GHz avg. IMCFreq: 1.47GHz
	CPI: 0.375 VPI: 0.00, Mem. bwidth: 0.11GB/s GFLOPS: 0.00 I/O: 0.01MB/s No MPI  
	TPI 0.02 Cache miss rates: L1 0.60GB/s L2 0.00GB/s L3 0.00GB/s
	Total MPI calls 3
	IO DATA: rchar 4613 wchar 8844 syscr 51 syscw 27 read_bytes 0 write_bytes 294912
	Process OS info: (pid 514408 state R utime 1093 stime 1 cutime 0 cstime 0 CPU usage 98)
	CPU temperature (celsius): socket 0: 68 socket 1: 75[0m
EAR[514408](hratio_l30) at 2.60/1.47 in tcn361 MR[0] elapsed 13123 sec.: [32mLoop time: 1.108s DC Power: [35m524.3W[32m DRAM power: 0.00W PCK power: 435.03W
	avg. CPUFreq: 2.57GHz avg. IMCFreq: 1.47GHz
	CPI: 0.375 VPI: 0.00, Mem. bwidth: 0.11GB/s GFLOPS: 0.00 I/O: 0.01MB/s No MPI  
	TPI 0.02 Cache miss rates: L1 0.60GB/s L2 0.00GB/s L3 0.00GB/s
	Total MPI calls 3
	IO DATA: rchar 4613 wchar 8844 syscr 51 syscw 27 read_bytes 0 write_bytes 327680
	Process OS info: (pid 514408 state R utime 1093 stime 0 cutime 0 cstime 0 CPU usage 98)
	CPU temperature (celsius): socket 0: 68 socket 1: 75[0m
EAR[514408](hratio_l30) at 2.60/1.47 in tcn361 MR[0] elapsed 13135 sec.: [32mLoop time: 1.109s DC Power: [35m418.4W[32m DRAM power: 0.00W PCK power: 435.20W
	avg. CPUFreq: 2.57GHz avg. IMCFreq: 1.47GHz
	CPI: 0.375 VPI: 0.00, Mem. bwidth: 0.13GB/s GFLOPS: 0.00 I/O: 0.01MB/s No MPI  
	TPI 0.02 Cache miss rates: L1 0.60GB/s L2 0.00GB/s L3 0.00GB/s
	Total MPI calls 3
	IO DATA: rchar 4613 wchar 8844 syscr 51 syscw 27 read_bytes 0 write_bytes 303104
	Process OS info: (pid 514408 state R utime 1094 stime 1 cutime 0 cstime 0 CPU usage 98)
	CPU temperature (celsius): socket 0: 68 socket 1: 75[0m
EAR[514408](hratio_l30) at 2.60/1.47 in tcn361 MR[0] elapsed 13146 sec.: [32mLoop time: 1.108s DC Power: [35m523.7W[32m DRAM power: 0.00W PCK power: 435.09W
	avg. CPUFreq: 2.57GHz avg. IMCFreq: 1.47GHz
	CPI: 0.375 VPI: 0.00, Mem. bwidth: 0.13GB/s GFLOPS: 0.00 I/O: 0.01MB/s No MPI  
	TPI 0.02 Cache miss rates: L1 0.60GB/s L2 0.00GB/s L3 0.00GB/s
	Total MPI calls 3
	IO DATA: rchar 4613 wchar 8844 syscr 51 syscw 27 read_bytes 0 write_bytes 299008
	Process OS info: (pid 514408 state R utime 1093 stime 1 cutime 0 cstime 0 CPU usage 98)
	CPU temperature (celsius): socket 0: 68 socket 1: 75[0m
EAR[514408](hratio_l30) at 2.60/1.47 in tcn361 MR[0] elapsed 13157 sec.: [32mLoop time: 1.108s DC Power: [35m523.5W[32m DRAM power: 0.00W PCK power: 435.15W
	avg. CPUFreq: 2.57GHz avg. IMCFreq: 1.47GHz
	CPI: 0.375 VPI: 0.00, Mem. bwidth: 0.09GB/s GFLOPS: 0.00 I/O: 0.01MB/s No MPI  
	TPI 0.01 Cache miss rates: L1 0.60GB/s L2 0.00GB/s L3 0.00GB/s
	Total MPI calls 3
	IO DATA: rchar 4613 wchar 8844 syscr 51 syscw 27 read_bytes 0 write_bytes 294912
	Process OS info: (pid 514408 state R utime 1092 stime 1 cutime 0 cstime 0 CPU usage 98)
	CPU temperature (celsius): socket 0: 68 socket 1: 75[0m
EAR[514408](hratio_l30) at 2.60/1.47 in tcn361 MR[0] elapsed 13168 sec.: [32mLoop time: 1.108s DC Power: [35m523.6W[32m DRAM power: 0.00W PCK power: 435.22W
	avg. CPUFreq: 2.57GHz avg. IMCFreq: 1.47GHz
	CPI: 0.375 VPI: 0.00, Mem. bwidth: 0.12GB/s GFLOPS: 0.00 I/O: 0.01MB/s No MPI  
	TPI 0.02 Cache miss rates: L1 0.60GB/s L2 0.00GB/s L3 0.00GB/s
	Total MPI calls 3
	IO DATA: rchar 4613 wchar 8844 syscr 51 syscw 27 read_bytes 0 write_bytes 299008
	Process OS info: (pid 514408 state R utime 1093 stime 0 cutime 0 cstime 0 CPU usage 98)
	CPU temperature (celsius): socket 0: 68 socket 1: 75[0m
EAR[514408](hratio_l30) at 2.60/1.47 in tcn361 MR[0] elapsed 13179 sec.: [32mLoop time: 1.108s DC Power: [35m471.1W[32m DRAM power: 0.00W PCK power: 435.20W
	avg. CPUFreq: 2.57GHz avg. IMCFreq: 1.47GHz
	CPI: 0.375 VPI: 0.00, Mem. bwidth: 0.10GB/s GFLOPS: 0.00 I/O: 0.01MB/s No MPI  
	TPI 0.01 Cache miss rates: L1 0.60GB/s L2 0.00GB/s L3 0.00GB/s
	Total MPI calls 3
	IO DATA: rchar 4613 wchar 8844 syscr 51 syscw 27 read_bytes 0 write_bytes 294912
	Process OS info: (pid 514408 state R utime 1094 stime 1 cutime 0 cstime 0 CPU usage 98)
	CPU temperature (celsius): socket 0: 68 socket 1: 75[0m
EAR[514408](hratio_l30) at 2.60/1.47 in tcn361 MR[0] elapsed 13190 sec.: [32mLoop time: 1.109s DC Power: [35m523.2W[32m DRAM power: 0.00W PCK power: 435.12W
	avg. CPUFreq: 2.57GHz avg. IMCFreq: 1.47GHz
	CPI: 0.375 VPI: 0.00, Mem. bwidth: 0.11GB/s GFLOPS: 0.00 I/O: 0.01MB/s No MPI  
	TPI 0.02 Cache miss rates: L1 0.60GB/s L2 0.00GB/s L3 0.00GB/s
	Total MPI calls 3
	IO DATA: rchar 4613 wchar 8844 syscr 51 syscw 27 read_bytes 0 write_bytes 372736
	Process OS info: (pid 514408 state R utime 1094 stime 1 cutime 0 cstime 0 CPU usage 98)
	CPU temperature (celsius): socket 0: 68 socket 1: 75[0m
EAR[514408](hratio_l30) at 2.60/1.47 in tcn361 MR[0] elapsed 13201 sec.: [32mLoop time: 1.108s DC Power: [35m471.3W[32m DRAM power: 0.00W PCK power: 435.36W
	avg. CPUFreq: 2.57GHz avg. IMCFreq: 1.47GHz
	CPI: 0.375 VPI: 0.00, Mem. bwidth: 0.12GB/s GFLOPS: 0.00 I/O: 0.01MB/s No MPI  
	TPI 0.02 Cache miss rates: L1 0.65GB/s L2 0.00GB/s L3 0.00GB/s
	Total MPI calls 3
	IO DATA: rchar 4613 wchar 8844 syscr 51 syscw 27 read_bytes 0 write_bytes 299008
	Process OS info: (pid 514408 state R utime 1093 stime 0 cutime 0 cstime 0 CPU usage 98)
	CPU temperature (celsius): socket 0: 68 socket 1: 74[0m
EAR[514408](hratio_l30) at 2.60/1.47 in tcn361 MR[0] elapsed 13212 sec.: [32mLoop time: 1.107s DC Power: [35m523.8W[32m DRAM power: 0.00W PCK power: 435.15W
	avg. CPUFreq: 2.57GHz avg. IMCFreq: 1.47GHz
	CPI: 0.375 VPI: 0.00, Mem. bwidth: 0.09GB/s GFLOPS: 0.00 I/O: 0.01MB/s No MPI  
	TPI 0.01 Cache miss rates: L1 0.61GB/s L2 0.00GB/s L3 0.00GB/s
	Total MPI calls 3
	IO DATA: rchar 4613 wchar 8844 syscr 51 syscw 27 read_bytes 0 write_bytes 294912
	Process OS info: (pid 514408 state R utime 1093 stime 1 cutime 0 cstime 0 CPU usage 98)
	CPU temperature (celsius): socket 0: 68 socket 1: 75[0m
EAR[514408](hratio_l30) at 2.60/1.47 in tcn361 MR[0] elapsed 13223 sec.: [32mLoop time: 1.108s DC Power: [35m471.2W[32m DRAM power: 0.00W PCK power: 435.27W
	avg. CPUFreq: 2.57GHz avg. IMCFreq: 1.47GHz
	CPI: 0.375 VPI: 0.00, Mem. bwidth: 0.12GB/s GFLOPS: 0.00 I/O: 0.01MB/s No MPI  
	TPI 0.02 Cache miss rates: L1 0.60GB/s L2 0.00GB/s L3 0.00GB/s
	Total MPI calls 3
	IO DATA: rchar 4613 wchar 8844 syscr 51 syscw 27 read_bytes 0 write_bytes 294912
	Process OS info: (pid 514408 state R utime 1093 stime 1 cutime 0 cstime 0 CPU usage 98)
	CPU temperature (celsius): socket 0: 68 socket 1: 75[0m
EAR[514408](hratio_l30) at 2.60/1.47 in tcn361 MR[0] elapsed 13234 sec.: [32mLoop time: 1.108s DC Power: [35m523.5W[32m DRAM power: 0.00W PCK power: 435.18W
	avg. CPUFreq: 2.57GHz avg. IMCFreq: 1.47GHz
	CPI: 0.375 VPI: 0.00, Mem. bwidth: 0.10GB/s GFLOPS: 0.00 I/O: 0.01MB/s No MPI  
	TPI 0.01 Cache miss rates: L1 0.60GB/s L2 0.00GB/s L3 0.00GB/s
	Total MPI calls 3
	IO DATA: rchar 4613 wchar 8844 syscr 51 syscw 27 read_bytes 0 write_bytes 294912
	Process OS info: (pid 514408 state R utime 1092 stime 0 cutime 0 cstime 0 CPU usage 98)
	CPU temperature (celsius): socket 0: 68 socket 1: 75[0m
EAR[514408](hratio_l30) at 2.60/1.47 in tcn361 MR[0] elapsed 13245 sec.: [32mLoop time: 1.108s DC Power: [35m523.6W[32m DRAM power: 0.00W PCK power: 435.31W
	avg. CPUFreq: 2.57GHz avg. IMCFreq: 1.47GHz
	CPI: 0.375 VPI: 0.00, Mem. bwidth: 0.09GB/s GFLOPS: 0.00 I/O: 0.01MB/s No MPI  
	TPI 0.01 Cache miss rates: L1 0.60GB/s L2 0.00GB/s L3 0.00GB/s
	Total MPI calls 3
	IO DATA: rchar 4613 wchar 8844 syscr 51 syscw 27 read_bytes 0 write_bytes 299008
	Process OS info: (pid 514408 state R utime 1093 stime 1 cutime 0 cstime 0 CPU usage 98)
	CPU temperature (celsius): socket 0: 68 socket 1: 75[0m
EAR[514408](hratio_l30) at 2.60/1.47 in tcn361 MR[0] elapsed 13256 sec.: [32mLoop time: 1.109s DC Power: [35m471.5W[32m DRAM power: 0.00W PCK power: 435.42W
	avg. CPUFreq: 2.57GHz avg. IMCFreq: 1.47GHz
	CPI: 0.375 VPI: 0.00, Mem. bwidth: 0.12GB/s GFLOPS: 0.00 I/O: 0.01MB/s No MPI  
	TPI 0.02 Cache miss rates: L1 0.60GB/s L2 0.00GB/s L3 0.00GB/s
	Total MPI calls 3
	IO DATA: rchar 4613 wchar 8844 syscr 51 syscw 27 read_bytes 0 write_bytes 360448
	Process OS info: (pid 514408 state R utime 1094 stime 1 cutime 0 cstime 0 CPU usage 98)
	CPU temperature (celsius): socket 0: 68 socket 1: 75[0m
EAR[514408](hratio_l30) at 2.60/1.47 in tcn361 MR[0] elapsed 13267 sec.: [32mLoop time: 1.108s DC Power: [35m472.7W[32m DRAM power: 0.00W PCK power: 435.25W
	avg. CPUFreq: 2.58GHz avg. IMCFreq: 1.47GHz
	CPI: 0.375 VPI: 0.00, Mem. bwidth: 0.09GB/s GFLOPS: 0.00 I/O: 0.01MB/s No MPI  
	TPI 0.01 Cache miss rates: L1 0.60GB/s L2 0.00GB/s L3 0.00GB/s
	Total MPI calls 3
	IO DATA: rchar 4613 wchar 8844 syscr 51 syscw 27 read_bytes 0 write_bytes 299008
	Process OS info: (pid 514408 state R utime 1093 stime 0 cutime 0 cstime 0 CPU usage 98)
	CPU temperature (celsius): socket 0: 68 socket 1: 75[0m
EAR[514408](hratio_l30) at 2.60/1.47 in tcn361 MR[0] elapsed 13279 sec.: [32mLoop time: 1.108s DC Power: [35m525.5W[32m DRAM power: 0.00W PCK power: 435.32W
	avg. CPUFreq: 2.57GHz avg. IMCFreq: 1.47GHz
	CPI: 0.375 VPI: 0.00, Mem. bwidth: 0.10GB/s GFLOPS: 0.00 I/O: 0.01MB/s No MPI  
	TPI 0.01 Cache miss rates: L1 0.60GB/s L2 0.00GB/s L3 0.00GB/s
	Total MPI calls 3
	IO DATA: rchar 4613 wchar 8844 syscr 51 syscw 27 read_bytes 0 write_bytes 294912
	Process OS info: (pid 514408 state R utime 1093 stime 1 cutime 0 cstime 0 CPU usage 98)
	CPU temperature (celsius): socket 0: 68 socket 1: 75[0m
EAR[514408](hratio_l30) at 2.60/1.47 in tcn361 MR[0] elapsed 13290 sec.: [32mLoop time: 1.108s DC Power: [35m524.7W[32m DRAM power: 0.00W PCK power: 435.38W
	avg. CPUFreq: 2.57GHz avg. IMCFreq: 1.47GHz
	CPI: 0.375 VPI: 0.00, Mem. bwidth: 0.14GB/s GFLOPS: 0.00 I/O: 0.01MB/s No MPI  
	TPI 0.02 Cache miss rates: L1 0.60GB/s L2 0.00GB/s L3 0.00GB/s
	Total MPI calls 3
	IO DATA: rchar 4613 wchar 8844 syscr 51 syscw 27 read_bytes 0 write_bytes 294912
	Process OS info: (pid 514408 state R utime 1094 stime 1 cutime 0 cstime 0 CPU usage 98)
	CPU temperature (celsius): socket 0: 68 socket 1: 75[0m
EAR[514408](hratio_l30) at 2.60/1.47 in tcn361 MR[0] elapsed 13301 sec.: [32mLoop time: 1.108s DC Power: [35m524.0W[32m DRAM power: 0.00W PCK power: 435.14W
	avg. CPUFreq: 2.57GHz avg. IMCFreq: 1.47GHz
	CPI: 0.375 VPI: 0.00, Mem. bwidth: 0.11GB/s GFLOPS: 0.00 I/O: 0.01MB/s No MPI  
	TPI 0.02 Cache miss rates: L1 0.59GB/s L2 0.00GB/s L3 0.00GB/s
	Total MPI calls 3
	IO DATA: rchar 4613 wchar 8844 syscr 51 syscw 27 read_bytes 0 write_bytes 303104
	Process OS info: (pid 514408 state R utime 1092 stime 0 cutime 0 cstime 0 CPU usage 98)
	CPU temperature (celsius): socket 0: 68 socket 1: 75[0m
EAR[514408](hratio_l30) at 2.60/1.47 in tcn361 MR[0] elapsed 13312 sec.: [32mLoop time: 1.107s DC Power: [35m471.3W[32m DRAM power: 0.00W PCK power: 435.30W
	avg. CPUFreq: 2.57GHz avg. IMCFreq: 1.47GHz
	CPI: 0.375 VPI: 0.00, Mem. bwidth: 0.13GB/s GFLOPS: 0.00 I/O: 0.01MB/s No MPI  
	TPI 0.02 Cache miss rates: L1 0.60GB/s L2 0.00GB/s L3 0.00GB/s
	Total MPI calls 3
	IO DATA: rchar 4613 wchar 8844 syscr 51 syscw 27 read_bytes 0 write_bytes 344064
	Process OS info: (pid 514408 state R utime 1093 stime 1 cutime 0 cstime 0 CPU usage 98)
	CPU temperature (celsius): socket 0: 68 socket 1: 75[0m
EAR[514408](hratio_l30) at 2.60/1.47 in tcn361 MR[0] elapsed 13323 sec.: [32mLoop time: 1.108s DC Power: [35m523.7W[32m DRAM power: 0.00W PCK power: 435.24W
	avg. CPUFreq: 2.57GHz avg. IMCFreq: 1.47GHz
	CPI: 0.375 VPI: 0.00, Mem. bwidth: 0.09GB/s GFLOPS: 0.00 I/O: 0.01MB/s No MPI  
	TPI 0.01 Cache miss rates: L1 0.60GB/s L2 0.00GB/s L3 0.00GB/s
	Total MPI calls 3
	IO DATA: rchar 4613 wchar 8844 syscr 51 syscw 27 read_bytes 0 write_bytes 323584
	Process OS info: (pid 514408 state R utime 1093 stime 1 cutime 0 cstime 0 CPU usage 98)
	CPU temperature (celsius): socket 0: 68 socket 1: 75[0m
EAR[514408](hratio_l30) at 2.60/1.47 in tcn361 MR[0] elapsed 13334 sec.: [32mLoop time: 1.108s DC Power: [35m523.6W[32m DRAM power: 0.00W PCK power: 435.10W
	avg. CPUFreq: 2.57GHz avg. IMCFreq: 1.47GHz
	CPI: 0.375 VPI: 0.00, Mem. bwidth: 0.09GB/s GFLOPS: 0.00 I/O: 0.01MB/s No MPI  
	TPI 0.01 Cache miss rates: L1 0.60GB/s L2 0.00GB/s L3 0.00GB/s
	Total MPI calls 3
	IO DATA: rchar 4613 wchar 8844 syscr 51 syscw 27 read_bytes 0 write_bytes 294912
	Process OS info: (pid 514408 state R utime 1093 stime 0 cutime 0 cstime 0 CPU usage 98)
	CPU temperature (celsius): socket 0: 68 socket 1: 75[0m
EAR[514408](hratio_l30) at 2.60/1.47 in tcn361 MR[0] elapsed 13345 sec.: [32mLoop time: 1.107s DC Power: [35m523.8W[32m DRAM power: 0.00W PCK power: 435.45W
	avg. CPUFreq: 2.57GHz avg. IMCFreq: 1.47GHz
	CPI: 0.375 VPI: 0.00, Mem. bwidth: 0.11GB/s GFLOPS: 0.00 I/O: 0.01MB/s No MPI  
	TPI 0.02 Cache miss rates: L1 0.66GB/s L2 0.00GB/s L3 0.00GB/s
	Total MPI calls 3
	IO DATA: rchar 4613 wchar 8844 syscr 51 syscw 27 read_bytes 0 write_bytes 294912
	Process OS info: (pid 514408 state R utime 1092 stime 1 cutime 0 cstime 0 CPU usage 98)
	CPU temperature (celsius): socket 0: 68 socket 1: 75[0m
EAR[514408](hratio_l30) at 2.60/1.47 in tcn361 MR[0] elapsed 13356 sec.: [32mLoop time: 1.107s DC Power: [35m471.5W[32m DRAM power: 0.00W PCK power: 435.27W
	avg. CPUFreq: 2.57GHz avg. IMCFreq: 1.47GHz
	CPI: 0.375 VPI: 0.00, Mem. bwidth: 0.10GB/s GFLOPS: 0.00 I/O: 0.01MB/s No MPI  
	TPI 0.01 Cache miss rates: L1 0.60GB/s L2 0.00GB/s L3 0.00GB/s
	Total MPI calls 3
	IO DATA: rchar 4613 wchar 8844 syscr 51 syscw 27 read_bytes 0 write_bytes 294912
	Process OS info: (pid 514408 state R utime 1093 stime 1 cutime 0 cstime 0 CPU usage 98)
	CPU temperature (celsius): socket 0: 68 socket 1: 75[0m
EAR[514408](hratio_l30) at 2.60/1.47 in tcn361 MR[0] elapsed 13367 sec.: [32mLoop time: 1.108s DC Power: [35m523.5W[32m DRAM power: 0.00W PCK power: 435.26W
	avg. CPUFreq: 2.57GHz avg. IMCFreq: 1.47GHz
	CPI: 0.375 VPI: 0.00, Mem. bwidth: 0.10GB/s GFLOPS: 0.00 I/O: 0.01MB/s No MPI  
	TPI 0.01 Cache miss rates: L1 0.61GB/s L2 0.00GB/s L3 0.00GB/s
	Total MPI calls 3
	IO DATA: rchar 4613 wchar 8844 syscr 51 syscw 27 read_bytes 0 write_bytes 294912
	Process OS info: (pid 514408 state R utime 1094 stime 0 cutime 0 cstime 0 CPU usage 98)
	CPU temperature (celsius): socket 0: 68 socket 1: 75[0m
EAR[514408](hratio_l30) at 2.60/1.47 in tcn361 MR[0] elapsed 13378 sec.: [32mLoop time: 1.108s DC Power: [35m471.3W[32m DRAM power: 0.00W PCK power: 435.35W
	avg. CPUFreq: 2.57GHz avg. IMCFreq: 1.47GHz
	CPI: 0.375 VPI: 0.00, Mem. bwidth: 0.16GB/s GFLOPS: 0.00 I/O: 0.01MB/s No MPI  
	TPI 0.02 Cache miss rates: L1 0.60GB/s L2 0.00GB/s L3 0.00GB/s
	Total MPI calls 3
	IO DATA: rchar 4613 wchar 8844 syscr 51 syscw 27 read_bytes 0 write_bytes 303104
	Process OS info: (pid 514408 state R utime 1092 stime 1 cutime 0 cstime 0 CPU usage 98)
	CPU temperature (celsius): socket 0: 68 socket 1: 75[0m
EAR[514408](hratio_l30) at 2.60/1.47 in tcn361 MR[0] elapsed 13389 sec.: [32mLoop time: 1.108s DC Power: [35m523.6W[32m DRAM power: 0.00W PCK power: 435.09W
	avg. CPUFreq: 2.57GHz avg. IMCFreq: 1.47GHz
	CPI: 0.375 VPI: 0.00, Mem. bwidth: 0.10GB/s GFLOPS: 0.00 I/O: 0.01MB/s No MPI  
	TPI 0.01 Cache miss rates: L1 0.60GB/s L2 0.00GB/s L3 0.00GB/s
	Total MPI calls 3
	IO DATA: rchar 4613 wchar 8844 syscr 51 syscw 27 read_bytes 0 write_bytes 417792
	Process OS info: (pid 514408 state R utime 1093 stime 0 cutime 0 cstime 0 CPU usage 98)
	CPU temperature (celsius): socket 0: 68 socket 1: 75[0m
EAR[514408](hratio_l30) at 2.60/1.47 in tcn361 MR[0] elapsed 13400 sec.: [32mLoop time: 1.108s DC Power: [35m471.2W[32m DRAM power: 0.00W PCK power: 435.23W
	avg. CPUFreq: 2.57GHz avg. IMCFreq: 1.47GHz
	CPI: 0.375 VPI: 0.00, Mem. bwidth: 0.08GB/s GFLOPS: 0.00 I/O: 0.01MB/s No MPI  
	TPI 0.01 Cache miss rates: L1 0.60GB/s L2 0.00GB/s L3 0.00GB/s
	Total MPI calls 3
	IO DATA: rchar 4613 wchar 8844 syscr 51 syscw 27 read_bytes 0 write_bytes 294912
	Process OS info: (pid 514408 state R utime 1093 stime 1 cutime 0 cstime 0 CPU usage 98)
	CPU temperature (celsius): socket 0: 68 socket 1: 74[0m
EAR[514408](hratio_l30) at 2.60/1.47 in tcn361 MR[0] elapsed 13411 sec.: [32mLoop time: 1.108s DC Power: [35m523.6W[32m DRAM power: 0.00W PCK power: 435.26W
	avg. CPUFreq: 2.57GHz avg. IMCFreq: 1.47GHz
	CPI: 0.375 VPI: 0.00, Mem. bwidth: 0.13GB/s GFLOPS: 0.00 I/O: 0.01MB/s No MPI  
	TPI 0.02 Cache miss rates: L1 0.60GB/s L2 0.00GB/s L3 0.00GB/s
	Total MPI calls 3
	IO DATA: rchar 4613 wchar 8844 syscr 51 syscw 27 read_bytes 0 write_bytes 294912
	Process OS info: (pid 514408 state R utime 1093 stime 1 cutime 0 cstime 0 CPU usage 98)
	CPU temperature (celsius): socket 0: 68 socket 1: 75[0m
EAR[514408](hratio_l30) at 2.60/1.47 in tcn361 MR[0] elapsed 13423 sec.: [32mLoop time: 1.108s DC Power: [35m524.0W[32m DRAM power: 0.00W PCK power: 435.29W
	avg. CPUFreq: 2.57GHz avg. IMCFreq: 1.47GHz
	CPI: 0.375 VPI: 0.00, Mem. bwidth: 0.10GB/s GFLOPS: 0.00 I/O: 0.01MB/s No MPI  
	TPI 0.01 Cache miss rates: L1 0.60GB/s L2 0.00GB/s L3 0.00GB/s
	Total MPI calls 3
	IO DATA: rchar 4613 wchar 8844 syscr 51 syscw 27 read_bytes 0 write_bytes 299008
	Process OS info: (pid 514408 state R utime 1092 stime 1 cutime 0 cstime 0 CPU usage 98)
	CPU temperature (celsius): socket 0: 68 socket 1: 75[0m
EAR[514408](hratio_l30) at 2.60/1.47 in tcn361 MR[0] elapsed 13434 sec.: [32mLoop time: 1.107s DC Power: [35m472.4W[32m DRAM power: 0.00W PCK power: 435.41W
	avg. CPUFreq: 2.57GHz avg. IMCFreq: 1.47GHz
	CPI: 0.375 VPI: 0.00, Mem. bwidth: 0.13GB/s GFLOPS: 0.00 I/O: 0.01MB/s No MPI  
	TPI 0.02 Cache miss rates: L1 0.61GB/s L2 0.00GB/s L3 0.00GB/s
	Total MPI calls 3
	IO DATA: rchar 4613 wchar 8844 syscr 51 syscw 27 read_bytes 0 write_bytes 303104
	Process OS info: (pid 514408 state R utime 1093 stime 0 cutime 0 cstime 0 CPU usage 98)
	CPU temperature (celsius): socket 0: 68 socket 1: 75[0m
EAR[514408](hratio_l30) at 2.60/1.47 in tcn361 MR[0] elapsed 13445 sec.: [32mLoop time: 1.107s DC Power: [35m473.0W[32m DRAM power: 0.00W PCK power: 435.33W
	avg. CPUFreq: 2.57GHz avg. IMCFreq: 1.47GHz
	CPI: 0.375 VPI: 0.00, Mem. bwidth: 0.09GB/s GFLOPS: 0.00 I/O: 0.01MB/s No MPI  
	TPI 0.01 Cache miss rates: L1 0.61GB/s L2 0.00GB/s L3 0.00GB/s
	Total MPI calls 3
	IO DATA: rchar 4613 wchar 8844 syscr 51 syscw 27 read_bytes 0 write_bytes 299008
	Process OS info: (pid 514408 state R utime 1093 stime 1 cutime 0 cstime 0 CPU usage 98)
	CPU temperature (celsius): socket 0: 68 socket 1: 75[0m
EAR[514408](hratio_l30) at 2.60/1.47 in tcn361 MR[0] elapsed 13456 sec.: [32mLoop time: 1.108s DC Power: [35m525.2W[32m DRAM power: 0.00W PCK power: 435.23W
	avg. CPUFreq: 2.57GHz avg. IMCFreq: 1.47GHz
	CPI: 0.375 VPI: 0.00, Mem. bwidth: 0.10GB/s GFLOPS: 0.00 I/O: 0.01MB/s No MPI  
	TPI 0.01 Cache miss rates: L1 0.61GB/s L2 0.00GB/s L3 0.00GB/s
	Total MPI calls 3
	IO DATA: rchar 4613 wchar 8844 syscr 51 syscw 27 read_bytes 0 write_bytes 413696
	Process OS info: (pid 514408 state R utime 1093 stime 1 cutime 0 cstime 0 CPU usage 98)
	CPU temperature (celsius): socket 0: 68 socket 1: 75[0m
EAR[514408](hratio_l30) at 2.60/1.47 in tcn361 MR[0] elapsed 13467 sec.: [32mLoop time: 1.108s DC Power: [35m524.6W[32m DRAM power: 0.00W PCK power: 435.39W
	avg. CPUFreq: 2.57GHz avg. IMCFreq: 1.47GHz
	CPI: 0.375 VPI: 0.00, Mem. bwidth: 0.12GB/s GFLOPS: 0.00 I/O: 0.01MB/s No MPI  
	TPI 0.02 Cache miss rates: L1 0.61GB/s L2 0.00GB/s L3 0.00GB/s
	Total MPI calls 3
	IO DATA: rchar 4613 wchar 8844 syscr 51 syscw 27 read_bytes 0 write_bytes 299008
	Process OS info: (pid 514408 state R utime 1092 stime 1 cutime 0 cstime 0 CPU usage 98)
	CPU temperature (celsius): socket 0: 68 socket 1: 75[0m
EAR[514408](hratio_l30) at 2.60/1.47 in tcn361 MR[0] elapsed 13478 sec.: [32mLoop time: 1.108s DC Power: [35m523.3W[32m DRAM power: 0.00W PCK power: 435.27W
	avg. CPUFreq: 2.57GHz avg. IMCFreq: 1.47GHz
	CPI: 0.375 VPI: 0.00, Mem. bwidth: 0.09GB/s GFLOPS: 0.00 I/O: 0.01MB/s No MPI  
	TPI 0.01 Cache miss rates: L1 0.60GB/s L2 0.00GB/s L3 0.00GB/s
	Total MPI calls 3
	IO DATA: rchar 4613 wchar 8844 syscr 51 syscw 27 read_bytes 0 write_bytes 286720
	Process OS info: (pid 514408 state R utime 1094 stime 0 cutime 0 cstime 0 CPU usage 98)
	CPU temperature (celsius): socket 0: 68 socket 1: 75[0m
EAR[514408](hratio_l30) at 2.60/1.47 in tcn361 MR[0] elapsed 13489 sec.: [32mLoop time: 1.108s DC Power: [35m471.1W[32m DRAM power: 0.00W PCK power: 435.66W
	avg. CPUFreq: 2.57GHz avg. IMCFreq: 1.47GHz
	CPI: 0.374 VPI: 0.00, Mem. bwidth: 0.09GB/s GFLOPS: 0.00 I/O: 0.01MB/s No MPI  
	TPI 0.01 Cache miss rates: L1 0.65GB/s L2 0.00GB/s L3 0.00GB/s
	Total MPI calls 3
	IO DATA: rchar 4613 wchar 8844 syscr 51 syscw 27 read_bytes 0 write_bytes 294912
	Process OS info: (pid 514408 state R utime 1093 stime 1 cutime 0 cstime 0 CPU usage 98)
	CPU temperature (celsius): socket 0: 68 socket 1: 75[0m
EAR[514408](hratio_l30) at 2.60/1.47 in tcn361 MR[0] elapsed 13500 sec.: [32mLoop time: 1.107s DC Power: [35m471.4W[32m DRAM power: 0.00W PCK power: 435.90W
	avg. CPUFreq: 2.57GHz avg. IMCFreq: 1.47GHz
	CPI: 0.374 VPI: 0.00, Mem. bwidth: 0.12GB/s GFLOPS: 0.00 I/O: 0.01MB/s No MPI  
	TPI 0.02 Cache miss rates: L1 0.60GB/s L2 0.00GB/s L3 0.00GB/s
	Total MPI calls 3
	IO DATA: rchar 4613 wchar 8844 syscr 51 syscw 27 read_bytes 0 write_bytes 294912
	Process OS info: (pid 514408 state R utime 1093 stime 1 cutime 0 cstime 0 CPU usage 98)
	CPU temperature (celsius): socket 0: 68 socket 1: 75[0m
EAR[514408](hratio_l30) at 2.60/1.47 in tcn361 MR[0] elapsed 13511 sec.: [32mLoop time: 1.108s DC Power: [35m523.6W[32m DRAM power: 0.00W PCK power: 435.73W
	avg. CPUFreq: 2.57GHz avg. IMCFreq: 1.47GHz
	CPI: 0.374 VPI: 0.00, Mem. bwidth: 0.09GB/s GFLOPS: 0.00 I/O: 0.01MB/s No MPI  
	TPI 0.01 Cache miss rates: L1 0.61GB/s L2 0.00GB/s L3 0.00GB/s
	Total MPI calls 3
	IO DATA: rchar 4613 wchar 8844 syscr 51 syscw 27 read_bytes 0 write_bytes 294912
	Process OS info: (pid 514408 state R utime 1094 stime 0 cutime 0 cstime 0 CPU usage 98)
	CPU temperature (celsius): socket 0: 68 socket 1: 75[0m
EAR[514408](hratio_l30) at 2.60/1.47 in tcn361 MR[0] elapsed 13522 sec.: [32mLoop time: 1.109s DC Power: [35m523.1W[32m DRAM power: 0.00W PCK power: 435.80W
	avg. CPUFreq: 2.57GHz avg. IMCFreq: 1.47GHz
	CPI: 0.374 VPI: 0.00, Mem. bwidth: 0.13GB/s GFLOPS: 0.00 I/O: 0.01MB/s No MPI  
	TPI 0.02 Cache miss rates: L1 0.60GB/s L2 0.00GB/s L3 0.00GB/s
	Total MPI calls 3
	IO DATA: rchar 4613 wchar 8844 syscr 51 syscw 27 read_bytes 0 write_bytes 294912
	Process OS info: (pid 514408 state R utime 1094 stime 1 cutime 0 cstime 0 CPU usage 98)
	CPU temperature (celsius): socket 0: 68 socket 1: 75[0m
EAR[514408](hratio_l30) at 2.60/1.47 in tcn361 MR[0] elapsed 13533 sec.: [32mLoop time: 1.108s DC Power: [35m471.2W[32m DRAM power: 0.00W PCK power: 435.70W
	avg. CPUFreq: 2.57GHz avg. IMCFreq: 1.47GHz
	CPI: 0.374 VPI: 0.00, Mem. bwidth: 0.09GB/s GFLOPS: 0.00 I/O: 0.01MB/s No MPI  
	TPI 0.01 Cache miss rates: L1 0.60GB/s L2 0.00GB/s L3 0.00GB/s
	Total MPI calls 3
	IO DATA: rchar 4613 wchar 8844 syscr 51 syscw 27 read_bytes 0 write_bytes 294912
	Process OS info: (pid 514408 state R utime 1094 stime 1 cutime 0 cstime 0 CPU usage 98)
	CPU temperature (celsius): socket 0: 68 socket 1: 75[0m
EAR[514408](hratio_l30) at 2.60/1.47 in tcn361 MR[0] elapsed 13544 sec.: [32mLoop time: 1.107s DC Power: [35m523.8W[32m DRAM power: 0.00W PCK power: 435.79W
	avg. CPUFreq: 2.57GHz avg. IMCFreq: 1.47GHz
	CPI: 0.374 VPI: 0.00, Mem. bwidth: 0.11GB/s GFLOPS: 0.00 I/O: 0.01MB/s No MPI  
	TPI 0.02 Cache miss rates: L1 0.61GB/s L2 0.00GB/s L3 0.00GB/s
	Total MPI calls 3
	IO DATA: rchar 4613 wchar 8844 syscr 51 syscw 27 read_bytes 0 write_bytes 294912
	Process OS info: (pid 514408 state R utime 1092 stime 0 cutime 0 cstime 0 CPU usage 98)
	CPU temperature (celsius): socket 0: 68 socket 1: 75[0m
EAR[514408](hratio_l30) at 2.60/1.47 in tcn361 MR[0] elapsed 13555 sec.: [32mLoop time: 1.107s DC Power: [35m471.4W[32m DRAM power: 0.00W PCK power: 435.85W
	avg. CPUFreq: 2.57GHz avg. IMCFreq: 1.47GHz
	CPI: 0.374 VPI: 0.00, Mem. bwidth: 0.12GB/s GFLOPS: 0.00 I/O: 0.01MB/s No MPI  
	TPI 0.02 Cache miss rates: L1 0.60GB/s L2 0.00GB/s L3 0.00GB/s
	Total MPI calls 3
	IO DATA: rchar 4613 wchar 8844 syscr 51 syscw 27 read_bytes 0 write_bytes 303104
	Process OS info: (pid 514408 state R utime 1093 stime 1 cutime 0 cstime 0 CPU usage 98)
	CPU temperature (celsius): socket 0: 68 socket 1: 75[0m
EAR[514408](hratio_l30) at 2.60/1.47 in tcn361 MR[0] elapsed 13567 sec.: [32mLoop time: 1.108s DC Power: [35m523.7W[32m DRAM power: 0.00W PCK power: 435.64W
	avg. CPUFreq: 2.57GHz avg. IMCFreq: 1.47GHz
	CPI: 0.374 VPI: 0.00, Mem. bwidth: 0.09GB/s GFLOPS: 0.00 I/O: 0.01MB/s No MPI  
	TPI 0.01 Cache miss rates: L1 0.61GB/s L2 0.00GB/s L3 0.00GB/s
	Total MPI calls 3
	IO DATA: rchar 4613 wchar 8844 syscr 51 syscw 27 read_bytes 0 write_bytes 303104
	Process OS info: (pid 514408 state R utime 1093 stime 0 cutime 0 cstime 0 CPU usage 98)
	CPU temperature (celsius): socket 0: 68 socket 1: 75[0m
EAR[514408](hratio_l30) at 2.60/1.47 in tcn361 MR[0] elapsed 13578 sec.: [32mLoop time: 1.107s DC Power: [35m471.3W[32m DRAM power: 0.00W PCK power: 435.68W
	avg. CPUFreq: 2.57GHz avg. IMCFreq: 1.47GHz
	CPI: 0.374 VPI: 0.00, Mem. bwidth: 0.09GB/s GFLOPS: 0.00 I/O: 0.01MB/s No MPI  
	TPI 0.01 Cache miss rates: L1 0.60GB/s L2 0.00GB/s L3 0.00GB/s
	Total MPI calls 3
	IO DATA: rchar 4613 wchar 8844 syscr 51 syscw 27 read_bytes 0 write_bytes 294912
	Process OS info: (pid 514408 state R utime 1093 stime 1 cutime 0 cstime 0 CPU usage 98)
	CPU temperature (celsius): socket 0: 68 socket 1: 75[0m
EAR[514408](hratio_l30) at 2.60/1.47 in tcn361 MR[0] elapsed 13589 sec.: [32mLoop time: 1.108s DC Power: [35m523.9W[32m DRAM power: 0.00W PCK power: 435.85W
	avg. CPUFreq: 2.57GHz avg. IMCFreq: 1.47GHz
	CPI: 0.374 VPI: 0.00, Mem. bwidth: 0.12GB/s GFLOPS: 0.00 I/O: 0.01MB/s No MPI  
	TPI 0.02 Cache miss rates: L1 0.61GB/s L2 0.00GB/s L3 0.00GB/s
	Total MPI calls 3
	IO DATA: rchar 4613 wchar 8844 syscr 51 syscw 27 read_bytes 0 write_bytes 409600
	Process OS info: (pid 514408 state R utime 1093 stime 1 cutime 0 cstime 0 CPU usage 98)
	CPU temperature (celsius): socket 0: 68 socket 1: 75[0m
EAR[514408](hratio_l30) at 2.60/1.47 in tcn361 MR[0] elapsed 13600 sec.: [32mLoop time: 1.107s DC Power: [35m524.7W[32m DRAM power: 0.00W PCK power: 435.67W
	avg. CPUFreq: 2.57GHz avg. IMCFreq: 1.47GHz
	CPI: 0.374 VPI: 0.00, Mem. bwidth: 0.11GB/s GFLOPS: 0.00 I/O: 0.01MB/s No MPI  
	TPI 0.02 Cache miss rates: L1 0.60GB/s L2 0.00GB/s L3 0.00GB/s
	Total MPI calls 3
	IO DATA: rchar 4613 wchar 8844 syscr 51 syscw 27 read_bytes 0 write_bytes 307200
	Process OS info: (pid 514408 state R utime 1093 stime 0 cutime 0 cstime 0 CPU usage 98)
	CPU temperature (celsius): socket 0: 68 socket 1: 75[0m
EAR[514408](hratio_l30) at 2.60/1.47 in tcn361 MR[0] elapsed 13611 sec.: [32mLoop time: 1.109s DC Power: [35m524.8W[32m DRAM power: 0.00W PCK power: 435.82W
	avg. CPUFreq: 2.57GHz avg. IMCFreq: 1.47GHz
	CPI: 0.374 VPI: 0.00, Mem. bwidth: 0.11GB/s GFLOPS: 0.00 I/O: 0.01MB/s No MPI  
	TPI 0.02 Cache miss rates: L1 0.61GB/s L2 0.00GB/s L3 0.00GB/s
	Total MPI calls 3
	IO DATA: rchar 4613 wchar 8844 syscr 51 syscw 27 read_bytes 0 write_bytes 294912
	Process OS info: (pid 514408 state R utime 1094 stime 1 cutime 0 cstime 0 CPU usage 98)
	CPU temperature (celsius): socket 0: 68 socket 1: 75[0m
EAR[514408](hratio_l30) at 2.60/1.47 in tcn361 MR[0] elapsed 13622 sec.: [32mLoop time: 1.107s DC Power: [35m420.5W[32m DRAM power: 0.00W PCK power: 435.64W
	avg. CPUFreq: 2.57GHz avg. IMCFreq: 1.47GHz
	CPI: 0.374 VPI: 0.00, Mem. bwidth: 0.14GB/s GFLOPS: 0.00 I/O: 0.01MB/s No MPI  
	TPI 0.02 Cache miss rates: L1 0.60GB/s L2 0.00GB/s L3 0.00GB/s
	Total MPI calls 3
	IO DATA: rchar 4613 wchar 8844 syscr 51 syscw 27 read_bytes 0 write_bytes 299008
	Process OS info: (pid 514408 state R utime 1085 stime 1 cutime 0 cstime 0 CPU usage 98)
	CPU temperature (celsius): socket 0: 68 socket 1: 75[0m
EAR[514408](hratio_l30) at 2.60/1.47 in tcn361 MR[0] elapsed 13633 sec.: [32mLoop time: 1.108s DC Power: [35m525.3W[32m DRAM power: 0.00W PCK power: 435.65W
	avg. CPUFreq: 2.57GHz avg. IMCFreq: 1.47GHz
	CPI: 0.374 VPI: 0.00, Mem. bwidth: 0.10GB/s GFLOPS: 0.00 I/O: 0.01MB/s No MPI  
	TPI 0.02 Cache miss rates: L1 0.66GB/s L2 0.00GB/s L3 0.00GB/s
	Total MPI calls 3
	IO DATA: rchar 4613 wchar 8844 syscr 51 syscw 27 read_bytes 0 write_bytes 294912
	Process OS info: (pid 514408 state R utime 1093 stime 0 cutime 0 cstime 0 CPU usage 98)
	CPU temperature (celsius): socket 0: 68 socket 1: 75[0m
EAR[514408](hratio_l30) at 2.60/1.47 in tcn361 MR[0] elapsed 13644 sec.: [32mLoop time: 1.108s DC Power: [35m524.5W[32m DRAM power: 0.00W PCK power: 435.85W
	avg. CPUFreq: 2.57GHz avg. IMCFreq: 1.47GHz
	CPI: 0.374 VPI: 0.00, Mem. bwidth: 0.12GB/s GFLOPS: 0.00 I/O: 0.01MB/s No MPI  
	TPI 0.02 Cache miss rates: L1 0.60GB/s L2 0.00GB/s L3 0.00GB/s
	Total MPI calls 3
	IO DATA: rchar 4613 wchar 8844 syscr 51 syscw 27 read_bytes 0 write_bytes 356352
	Process OS info: (pid 514408 state R utime 1093 stime 1 cutime 0 cstime 0 CPU usage 98)
	CPU temperature (celsius): socket 0: 68 socket 1: 75[0m
EAR[514408](hratio_l30) at 2.60/1.47 in tcn361 MR[0] elapsed 13655 sec.: [32mLoop time: 1.108s DC Power: [35m524.0W[32m DRAM power: 0.00W PCK power: 436.13W
	avg. CPUFreq: 2.57GHz avg. IMCFreq: 1.47GHz
	CPI: 0.373 VPI: 0.00, Mem. bwidth: 0.10GB/s GFLOPS: 0.00 I/O: 0.01MB/s No MPI  
	TPI 0.01 Cache miss rates: L1 0.60GB/s L2 0.00GB/s L3 0.00GB/s
	Total MPI calls 3
	IO DATA: rchar 4613 wchar 8844 syscr 51 syscw 27 read_bytes 0 write_bytes 294912
	Process OS info: (pid 514408 state R utime 1093 stime 1 cutime 0 cstime 0 CPU usage 98)
	CPU temperature (celsius): socket 0: 68 socket 1: 75[0m
EAR[514408](hratio_l30) at 2.60/1.47 in tcn361 MR[0] elapsed 13666 sec.: [32mLoop time: 1.108s DC Power: [35m471.2W[32m DRAM power: 0.00W PCK power: 436.20W
	avg. CPUFreq: 2.57GHz avg. IMCFreq: 1.47GHz
	CPI: 0.373 VPI: 0.00, Mem. bwidth: 0.10GB/s GFLOPS: 0.00 I/O: 0.01MB/s No MPI  
	TPI 0.01 Cache miss rates: L1 0.60GB/s L2 0.00GB/s L3 0.00GB/s
	Total MPI calls 3
	IO DATA: rchar 4613 wchar 8844 syscr 51 syscw 27 read_bytes 0 write_bytes 299008
	Process OS info: (pid 514408 state R utime 1094 stime 1 cutime 0 cstime 0 CPU usage 98)
	CPU temperature (celsius): socket 0: 68 socket 1: 75[0m
EAR[514408](hratio_l30) at 2.60/1.47 in tcn361 MR[0] elapsed 13677 sec.: [32mLoop time: 1.108s DC Power: [35m471.7W[32m DRAM power: 0.00W PCK power: 436.27W
	avg. CPUFreq: 2.57GHz avg. IMCFreq: 1.47GHz
	CPI: 0.373 VPI: 0.00, Mem. bwidth: 0.12GB/s GFLOPS: 0.00 I/O: 0.01MB/s No MPI  
	TPI 0.02 Cache miss rates: L1 0.60GB/s L2 0.00GB/s L3 0.00GB/s
	Total MPI calls 3
	IO DATA: rchar 4613 wchar 8844 syscr 51 syscw 27 read_bytes 0 write_bytes 299008
	Process OS info: (pid 514408 state R utime 1093 stime 0 cutime 0 cstime 0 CPU usage 98)
	CPU temperature (celsius): socket 0: 68 socket 1: 75[0m
EAR[514408](hratio_l30) at 2.60/1.47 in tcn361 MR[0] elapsed 13688 sec.: [32mLoop time: 1.107s DC Power: [35m524.7W[32m DRAM power: 0.00W PCK power: 436.18W
	avg. CPUFreq: 2.57GHz avg. IMCFreq: 1.47GHz
	CPI: 0.373 VPI: 0.00, Mem. bwidth: 0.09GB/s GFLOPS: 0.00 I/O: 0.01MB/s No MPI  
	TPI 0.01 Cache miss rates: L1 0.60GB/s L2 0.00GB/s L3 0.00GB/s
	Total MPI calls 3
	IO DATA: rchar 4613 wchar 8844 syscr 51 syscw 27 read_bytes 0 write_bytes 303104
	Process OS info: (pid 514408 state R utime 1092 stime 1 cutime 0 cstime 0 CPU usage 98)
	CPU temperature (celsius): socket 0: 68 socket 1: 75[0m
EAR[514408](hratio_l30) at 2.60/1.47 in tcn361 MR[0] elapsed 13699 sec.: [32mLoop time: 1.108s DC Power: [35m524.5W[32m DRAM power: 0.00W PCK power: 436.11W
	avg. CPUFreq: 2.57GHz avg. IMCFreq: 1.47GHz
	CPI: 0.373 VPI: 0.00, Mem. bwidth: 0.09GB/s GFLOPS: 0.00 I/O: 0.01MB/s No MPI  
	TPI 0.01 Cache miss rates: L1 0.60GB/s L2 0.00GB/s L3 0.00GB/s
	Total MPI calls 3
	IO DATA: rchar 4613 wchar 8844 syscr 51 syscw 27 read_bytes 0 write_bytes 360448
	Process OS info: (pid 514408 state R utime 1093 stime 1 cutime 0 cstime 0 CPU usage 98)
	CPU temperature (celsius): socket 0: 68 socket 1: 75[0m
EAR[514408](hratio_l30) at 2.60/1.47 in tcn361 MR[0] elapsed 13711 sec.: [32mLoop time: 1.108s DC Power: [35m472.1W[32m DRAM power: 0.00W PCK power: 436.44W
	avg. CPUFreq: 2.57GHz avg. IMCFreq: 1.47GHz
	CPI: 0.373 VPI: 0.00, Mem. bwidth: 0.12GB/s GFLOPS: 0.00 I/O: 0.01MB/s No MPI  
	TPI 0.02 Cache miss rates: L1 0.60GB/s L2 0.00GB/s L3 0.00GB/s
	Total MPI calls 3
	IO DATA: rchar 4613 wchar 8844 syscr 51 syscw 27 read_bytes 0 write_bytes 294912
	Process OS info: (pid 514408 state R utime 1093 stime 1 cutime 0 cstime 0 CPU usage 98)
	CPU temperature (celsius): socket 0: 68 socket 1: 75[0m
EAR[514408](hratio_l30) at 2.60/1.47 in tcn361 MR[0] elapsed 13722 sec.: [32mLoop time: 1.108s DC Power: [35m524.6W[32m DRAM power: 0.00W PCK power: 436.56W
	avg. CPUFreq: 2.57GHz avg. IMCFreq: 1.47GHz
	CPI: 0.372 VPI: 0.00, Mem. bwidth: 0.10GB/s GFLOPS: 0.00 I/O: 0.01MB/s No MPI  
	TPI 0.02 Cache miss rates: L1 0.60GB/s L2 0.00GB/s L3 0.00GB/s
	Total MPI calls 3
	IO DATA: rchar 4614 wchar 8844 syscr 51 syscw 27 read_bytes 0 write_bytes 303104
	Process OS info: (pid 514408 state R utime 1091 stime 0 cutime 0 cstime 0 CPU usage 98)
	CPU temperature (celsius): socket 0: 68 socket 1: 75[0m
EAR[514408](hratio_l30) at 2.60/1.47 in tcn361 MR[0] elapsed 13733 sec.: [32mLoop time: 1.108s DC Power: [35m524.3W[32m DRAM power: 0.00W PCK power: 436.58W
	avg. CPUFreq: 2.57GHz avg. IMCFreq: 1.47GHz
	CPI: 0.373 VPI: 0.00, Mem. bwidth: 0.13GB/s GFLOPS: 0.00 I/O: 0.01MB/s No MPI  
	TPI 0.02 Cache miss rates: L1 0.60GB/s L2 0.00GB/s L3 0.00GB/s
	Total MPI calls 3
	IO DATA: rchar 4614 wchar 8844 syscr 51 syscw 27 read_bytes 0 write_bytes 458752
	Process OS info: (pid 514408 state R utime 1093 stime 1 cutime 0 cstime 0 CPU usage 98)
	CPU temperature (celsius): socket 0: 68 socket 1: 75[0m
EAR[514408](hratio_l30) at 2.60/1.47 in tcn361 MR[0] elapsed 13744 sec.: [32mLoop time: 1.107s DC Power: [35m472.2W[32m DRAM power: 0.00W PCK power: 436.42W
	avg. CPUFreq: 2.57GHz avg. IMCFreq: 1.47GHz
	CPI: 0.373 VPI: 0.00, Mem. bwidth: 0.10GB/s GFLOPS: 0.00 I/O: 0.01MB/s No MPI  
	TPI 0.01 Cache miss rates: L1 0.60GB/s L2 0.00GB/s L3 0.00GB/s
	Total MPI calls 3
	IO DATA: rchar 4614 wchar 8844 syscr 51 syscw 27 read_bytes 0 write_bytes 303104
	Process OS info: (pid 514408 state R utime 1091 stime 1 cutime 0 cstime 0 CPU usage 98)
	CPU temperature (celsius): socket 0: 68 socket 1: 75[0m
EAR[514408](hratio_l30) at 2.60/1.47 in tcn361 MR[0] elapsed 13755 sec.: [32mLoop time: 1.107s DC Power: [35m472.1W[32m DRAM power: 0.00W PCK power: 436.49W
	avg. CPUFreq: 2.57GHz avg. IMCFreq: 1.47GHz
	CPI: 0.372 VPI: 0.00, Mem. bwidth: 0.09GB/s GFLOPS: 0.00 I/O: 0.01MB/s No MPI  
	TPI 0.01 Cache miss rates: L1 0.60GB/s L2 0.00GB/s L3 0.00GB/s
	Total MPI calls 3
	IO DATA: rchar 4614 wchar 8844 syscr 51 syscw 27 read_bytes 0 write_bytes 299008
	Process OS info: (pid 514408 state R utime 1093 stime 0 cutime 0 cstime 0 CPU usage 98)
	CPU temperature (celsius): socket 0: 68 socket 1: 75[0m
EAR[514408](hratio_l30) at 2.60/1.47 in tcn361 MR[0] elapsed 13766 sec.: [32mLoop time: 1.108s DC Power: [35m525.0W[32m DRAM power: 0.00W PCK power: 436.64W
	avg. CPUFreq: 2.57GHz avg. IMCFreq: 1.47GHz
	CPI: 0.373 VPI: 0.00, Mem. bwidth: 0.13GB/s GFLOPS: 0.00 I/O: 0.01MB/s No MPI  
	TPI 0.02 Cache miss rates: L1 0.60GB/s L2 0.00GB/s L3 0.00GB/s
	Total MPI calls 3
	IO DATA: rchar 4614 wchar 8844 syscr 51 syscw 27 read_bytes 0 write_bytes 294912
	Process OS info: (pid 514408 state R utime 1092 stime 1 cutime 0 cstime 0 CPU usage 98)
	CPU temperature (celsius): socket 0: 68 socket 1: 75[0m
EAR[514408](hratio_l30) at 2.60/1.47 in tcn361 MR[0] elapsed 13777 sec.: [32mLoop time: 1.108s DC Power: [35m526.0W[32m DRAM power: 0.00W PCK power: 436.54W
	avg. CPUFreq: 2.57GHz avg. IMCFreq: 1.47GHz
	CPI: 0.373 VPI: 0.00, Mem. bwidth: 0.10GB/s GFLOPS: 0.00 I/O: 0.01MB/s No MPI  
	TPI 0.01 Cache miss rates: L1 0.65GB/s L2 0.00GB/s L3 0.00GB/s
	Total MPI calls 3
	IO DATA: rchar 4614 wchar 8844 syscr 51 syscw 27 read_bytes 0 write_bytes 294912
	Process OS info: (pid 514408 state R utime 1093 stime 0 cutime 0 cstime 0 CPU usage 98)
	CPU temperature (celsius): socket 0: 68 socket 1: 75[0m
EAR[514408](hratio_l30) at 2.60/1.47 in tcn361 MR[0] elapsed 13788 sec.: [32mLoop time: 1.108s DC Power: [35m526.6W[32m DRAM power: 0.00W PCK power: 436.59W
	avg. CPUFreq: 2.57GHz avg. IMCFreq: 1.47GHz
	CPI: 0.373 VPI: 0.00, Mem. bwidth: 0.09GB/s GFLOPS: 0.00 I/O: 0.01MB/s No MPI  
	TPI 0.01 Cache miss rates: L1 0.60GB/s L2 0.00GB/s L3 0.00GB/s
	Total MPI calls 3
	IO DATA: rchar 4614 wchar 8844 syscr 51 syscw 27 read_bytes 0 write_bytes 294912
	Process OS info: (pid 514408 state R utime 1093 stime 1 cutime 0 cstime 0 CPU usage 98)
	CPU temperature (celsius): socket 0: 68 socket 1: 75[0m
EAR[514408](hratio_l30) at 2.60/1.47 in tcn361 MR[0] elapsed 13799 sec.: [32mLoop time: 1.108s DC Power: [35m421.3W[32m DRAM power: 0.00W PCK power: 436.65W
	avg. CPUFreq: 2.57GHz avg. IMCFreq: 1.47GHz
	CPI: 0.373 VPI: 0.00, Mem. bwidth: 0.12GB/s GFLOPS: 0.00 I/O: 0.01MB/s No MPI  
	TPI 0.02 Cache miss rates: L1 0.60GB/s L2 0.00GB/s L3 0.00GB/s
	Total MPI calls 3
	IO DATA: rchar 4614 wchar 8844 syscr 51 syscw 27 read_bytes 0 write_bytes 323584
	Process OS info: (pid 514408 state R utime 1094 stime 1 cutime 0 cstime 0 CPU usage 98)
	CPU temperature (celsius): socket 0: 68 socket 1: 75[0m
EAR[514408](hratio_l30) at 2.60/1.47 in tcn361 MR[0] elapsed 13810 sec.: [32mLoop time: 1.108s DC Power: [35m525.9W[32m DRAM power: 0.00W PCK power: 436.40W
	avg. CPUFreq: 2.57GHz avg. IMCFreq: 1.47GHz
	CPI: 0.373 VPI: 0.00, Mem. bwidth: 0.10GB/s GFLOPS: 0.00 I/O: 0.01MB/s No MPI  
	TPI 0.01 Cache miss rates: L1 0.60GB/s L2 0.00GB/s L3 0.00GB/s
	Total MPI calls 3
	IO DATA: rchar 4614 wchar 8844 syscr 51 syscw 27 read_bytes 0 write_bytes 299008
	Process OS info: (pid 514408 state R utime 1093 stime 0 cutime 0 cstime 0 CPU usage 98)
	CPU temperature (celsius): socket 0: 68 socket 1: 75[0m
EAR[514408](hratio_l30) at 2.60/1.47 in tcn361 MR[0] elapsed 13821 sec.: [32mLoop time: 1.108s DC Power: [35m525.1W[32m DRAM power: 0.00W PCK power: 436.63W
	avg. CPUFreq: 2.57GHz avg. IMCFreq: 1.47GHz
	CPI: 0.372 VPI: 0.00, Mem. bwidth: 0.11GB/s GFLOPS: 0.00 I/O: 0.01MB/s No MPI  
	TPI 0.02 Cache miss rates: L1 0.61GB/s L2 0.00GB/s L3 0.00GB/s
	Total MPI calls 3
	IO DATA: rchar 4614 wchar 8844 syscr 51 syscw 27 read_bytes 0 write_bytes 294912
	Process OS info: (pid 514408 state R utime 1093 stime 1 cutime 0 cstime 0 CPU usage 98)
	CPU temperature (celsius): socket 0: 68 socket 1: 75[0m
EAR[514408](hratio_l30) at 2.60/1.47 in tcn361 MR[0] elapsed 13832 sec.: [32mLoop time: 1.108s DC Power: [35m524.5W[32m DRAM power: 0.00W PCK power: 436.51W
	avg. CPUFreq: 2.57GHz avg. IMCFreq: 1.47GHz
	CPI: 0.372 VPI: 0.00, Mem. bwidth: 0.11GB/s GFLOPS: 0.00 I/O: 0.01MB/s No MPI  
	TPI 0.02 Cache miss rates: L1 0.60GB/s L2 0.00GB/s L3 0.00GB/s
	Total MPI calls 3
	IO DATA: rchar 4614 wchar 8844 syscr 51 syscw 27 read_bytes 0 write_bytes 385024
	Process OS info: (pid 514408 state R utime 1093 stime 1 cutime 0 cstime 0 CPU usage 98)
	CPU temperature (celsius): socket 0: 68 socket 1: 75[0m
EAR[514408](hratio_l30) at 2.60/1.47 in tcn361 MR[0] elapsed 13843 sec.: [32mLoop time: 1.107s DC Power: [35m472.2W[32m DRAM power: 0.00W PCK power: 436.65W
	avg. CPUFreq: 2.57GHz avg. IMCFreq: 1.47GHz
	CPI: 0.372 VPI: 0.00, Mem. bwidth: 0.10GB/s GFLOPS: 0.00 I/O: 0.01MB/s No MPI  
	TPI 0.01 Cache miss rates: L1 0.60GB/s L2 0.00GB/s L3 0.00GB/s
	Total MPI calls 3
	IO DATA: rchar 4614 wchar 8844 syscr 51 syscw 27 read_bytes 0 write_bytes 294912
	Process OS info: (pid 514408 state R utime 1092 stime 1 cutime 0 cstime 0 CPU usage 98)
	CPU temperature (celsius): socket 0: 68 socket 1: 75[0m
EAR[514408](hratio_l30) at 2.60/1.47 in tcn361 MR[0] elapsed 13855 sec.: [32mLoop time: 1.112s DC Power: [35m470.3W[32m DRAM power: 0.00W PCK power: 436.70W
	avg. CPUFreq: 2.57GHz avg. IMCFreq: 1.47GHz
	CPI: 0.372 VPI: 0.00, Mem. bwidth: 0.13GB/s GFLOPS: 0.00 I/O: 0.01MB/s No MPI  
	TPI 0.02 Cache miss rates: L1 0.60GB/s L2 0.00GB/s L3 0.00GB/s
	Total MPI calls 3
	IO DATA: rchar 4614 wchar 8844 syscr 51 syscw 27 read_bytes 0 write_bytes 303104
	Process OS info: (pid 514408 state R utime 1097 stime 1 cutime 0 cstime 0 CPU usage 98)
	CPU temperature (celsius): socket 0: 68 socket 1: 75[0m
EAR[514408](hratio_l30) at 2.60/1.47 in tcn361 MR[0] elapsed 13866 sec.: [32mLoop time: 1.108s DC Power: [35m524.3W[32m DRAM power: 0.00W PCK power: 436.37W
	avg. CPUFreq: 2.57GHz avg. IMCFreq: 1.47GHz
	CPI: 0.373 VPI: 0.00, Mem. bwidth: 0.13GB/s GFLOPS: 0.00 I/O: 0.01MB/s No MPI  
	TPI 0.02 Cache miss rates: L1 0.60GB/s L2 0.00GB/s L3 0.00GB/s
	Total MPI calls 3
	IO DATA: rchar 4614 wchar 8844 syscr 51 syscw 27 read_bytes 0 write_bytes 372736
	Process OS info: (pid 514408 state R utime 1094 stime 0 cutime 0 cstime 0 CPU usage 98)
	CPU temperature (celsius): socket 0: 69 socket 1: 75[0m
EAR[514408](hratio_l30) at 2.60/1.47 in tcn361 MR[0] elapsed 13877 sec.: [32mLoop time: 1.108s DC Power: [35m524.6W[32m DRAM power: 0.00W PCK power: 436.47W
	avg. CPUFreq: 2.57GHz avg. IMCFreq: 1.47GHz
	CPI: 0.373 VPI: 0.00, Mem. bwidth: 0.09GB/s GFLOPS: 0.00 I/O: 0.01MB/s No MPI  
	TPI 0.01 Cache miss rates: L1 0.60GB/s L2 0.00GB/s L3 0.00GB/s
	Total MPI calls 3
	IO DATA: rchar 4614 wchar 8844 syscr 51 syscw 27 read_bytes 0 write_bytes 299008
	Process OS info: (pid 514408 state R utime 1093 stime 1 cutime 0 cstime 0 CPU usage 98)
	CPU temperature (celsius): socket 0: 68 socket 1: 75[0m
EAR[514408](hratio_l30) at 2.60/1.47 in tcn361 MR[0] elapsed 13888 sec.: [32mLoop time: 1.108s DC Power: [35m472.1W[32m DRAM power: 0.00W PCK power: 436.58W
	avg. CPUFreq: 2.57GHz avg. IMCFreq: 1.47GHz
	CPI: 0.373 VPI: 0.00, Mem. bwidth: 0.12GB/s GFLOPS: 0.00 I/O: 0.01MB/s No MPI  
	TPI 0.02 Cache miss rates: L1 0.60GB/s L2 0.00GB/s L3 0.00GB/s
	Total MPI calls 3
	IO DATA: rchar 4614 wchar 8844 syscr 51 syscw 27 read_bytes 0 write_bytes 294912
	Process OS info: (pid 514408 state R utime 1093 stime 0 cutime 0 cstime 0 CPU usage 98)
	CPU temperature (celsius): socket 0: 68 socket 1: 75[0m
EAR[514408](hratio_l30) at 2.60/1.47 in tcn361 MR[0] elapsed 13899 sec.: [32mLoop time: 1.108s DC Power: [35m524.3W[32m DRAM power: 0.00W PCK power: 436.56W
	avg. CPUFreq: 2.57GHz avg. IMCFreq: 1.47GHz
	CPI: 0.372 VPI: 0.00, Mem. bwidth: 0.10GB/s GFLOPS: 0.00 I/O: 0.01MB/s No MPI  
	TPI 0.01 Cache miss rates: L1 0.60GB/s L2 0.00GB/s L3 0.00GB/s
	Total MPI calls 3
	IO DATA: rchar 4614 wchar 8844 syscr 51 syscw 27 read_bytes 0 write_bytes 294912
	Process OS info: (pid 514408 state R utime 1094 stime 1 cutime 0 cstime 0 CPU usage 98)
	CPU temperature (celsius): socket 0: 68 socket 1: 75[0m
EAR[514408](hratio_l30) at 2.60/1.47 in tcn361 MR[0] elapsed 13910 sec.: [32mLoop time: 1.108s DC Power: [35m524.4W[32m DRAM power: 0.00W PCK power: 436.58W
	avg. CPUFreq: 2.57GHz avg. IMCFreq: 1.47GHz
	CPI: 0.372 VPI: 0.00, Mem. bwidth: 0.10GB/s GFLOPS: 0.00 I/O: 0.01MB/s No MPI  
	TPI 0.01 Cache miss rates: L1 0.61GB/s L2 0.00GB/s L3 0.00GB/s
	Total MPI calls 3
	IO DATA: rchar 4614 wchar 8844 syscr 51 syscw 27 read_bytes 0 write_bytes 294912
	Process OS info: (pid 514408 state R utime 1093 stime 1 cutime 0 cstime 0 CPU usage 98)
	CPU temperature (celsius): socket 0: 68 socket 1: 75[0m
EAR[514408](hratio_l30) at 2.60/1.47 in tcn361 MR[0] elapsed 13921 sec.: [32mLoop time: 1.108s DC Power: [35m524.3W[32m DRAM power: 0.00W PCK power: 436.68W
	avg. CPUFreq: 2.57GHz avg. IMCFreq: 1.47GHz
	CPI: 0.372 VPI: 0.00, Mem. bwidth: 0.13GB/s GFLOPS: 0.00 I/O: 0.01MB/s No MPI  
	TPI 0.02 Cache miss rates: L1 0.65GB/s L2 0.00GB/s L3 0.00GB/s
	Total MPI calls 3
	IO DATA: rchar 4614 wchar 8844 syscr 51 syscw 27 read_bytes 0 write_bytes 294912
	Process OS info: (pid 514408 state R utime 1094 stime 1 cutime 0 cstime 0 CPU usage 98)
	CPU temperature (celsius): socket 0: 68 socket 1: 75[0m
EAR[514408](hratio_l30) at 2.60/1.47 in tcn361 MR[0] elapsed 13932 sec.: [32mLoop time: 1.108s DC Power: [35m472.2W[32m DRAM power: 0.00W PCK power: 436.51W
	avg. CPUFreq: 2.57GHz avg. IMCFreq: 1.47GHz
	CPI: 0.373 VPI: 0.00, Mem. bwidth: 0.10GB/s GFLOPS: 0.00 I/O: 0.01MB/s No MPI  
	TPI 0.01 Cache miss rates: L1 0.60GB/s L2 0.00GB/s L3 0.00GB/s
	Total MPI calls 3
	IO DATA: rchar 4614 wchar 8844 syscr 51 syscw 27 read_bytes 0 write_bytes 356352
	Process OS info: (pid 514408 state R utime 1093 stime 0 cutime 0 cstime 0 CPU usage 98)
	CPU temperature (celsius): socket 0: 68 socket 1: 75[0m
EAR[514408](hratio_l30) at 2.60/1.47 in tcn361 MR[0] elapsed 13943 sec.: [32mLoop time: 1.108s DC Power: [35m525.5W[32m DRAM power: 0.00W PCK power: 436.69W
	avg. CPUFreq: 2.57GHz avg. IMCFreq: 1.47GHz
	CPI: 0.372 VPI: 0.00, Mem. bwidth: 0.12GB/s GFLOPS: 0.00 I/O: 0.01MB/s No MPI  
	TPI 0.02 Cache miss rates: L1 0.60GB/s L2 0.00GB/s L3 0.00GB/s
	Total MPI calls 3
	IO DATA: rchar 4614 wchar 8844 syscr 51 syscw 27 read_bytes 0 write_bytes 495616
	Process OS info: (pid 514408 state R utime 1093 stime 1 cutime 0 cstime 0 CPU usage 98)
	CPU temperature (celsius): socket 0: 68 socket 1: 75[0m
EAR[514408](hratio_l30) at 2.60/1.47 in tcn361 MR[0] elapsed 13954 sec.: [32mLoop time: 1.107s DC Power: [35m526.6W[32m DRAM power: 0.00W PCK power: 436.54W
	avg. CPUFreq: 2.57GHz avg. IMCFreq: 1.47GHz
	CPI: 0.372 VPI: 0.00, Mem. bwidth: 0.10GB/s GFLOPS: 0.00 I/O: 0.01MB/s No MPI  
	TPI 0.01 Cache miss rates: L1 0.60GB/s L2 0.00GB/s L3 0.00GB/s
	Total MPI calls 3
	IO DATA: rchar 4614 wchar 8844 syscr 51 syscw 27 read_bytes 0 write_bytes 294912
	Process OS info: (pid 514408 state R utime 1093 stime 0 cutime 0 cstime 0 CPU usage 98)
	CPU temperature (celsius): socket 0: 68 socket 1: 75[0m
EAR[514408](hratio_l30) at 2.60/1.47 in tcn361 MR[0] elapsed 13965 sec.: [32mLoop time: 1.108s DC Power: [35m526.2W[32m DRAM power: 0.00W PCK power: 436.34W
	avg. CPUFreq: 2.57GHz avg. IMCFreq: 1.47GHz
	CPI: 0.373 VPI: 0.00, Mem. bwidth: 0.28GB/s GFLOPS: 0.00 I/O: 0.01MB/s No MPI  
	TPI 0.04 Cache miss rates: L1 0.60GB/s L2 0.00GB/s L3 0.00GB/s
	Total MPI calls 3
	IO DATA: rchar 4614 wchar 8844 syscr 51 syscw 27 read_bytes 0 write_bytes 294912
	Process OS info: (pid 514408 state R utime 1090 stime 1 cutime 0 cstime 0 CPU usage 98)
	CPU temperature (celsius): socket 0: 68 socket 1: 75[0m
EAR[514408](hratio_l30) at 2.60/1.47 in tcn361 MR[0] elapsed 13976 sec.: [32mLoop time: 1.110s DC Power: [35m472.3W[32m DRAM power: 0.00W PCK power: 436.58W
	avg. CPUFreq: 2.57GHz avg. IMCFreq: 1.47GHz
	CPI: 0.373 VPI: 0.00, Mem. bwidth: 0.40GB/s GFLOPS: 0.00 I/O: 0.01MB/s No MPI  
	TPI 0.06 Cache miss rates: L1 0.60GB/s L2 0.00GB/s L3 0.00GB/s
	Total MPI calls 3
	IO DATA: rchar 4614 wchar 8844 syscr 51 syscw 27 read_bytes 0 write_bytes 299008
	Process OS info: (pid 514408 state R utime 1057 stime 1 cutime 0 cstime 0 CPU usage 95)
	CPU temperature (celsius): socket 0: 68 socket 1: 75[0m
EAR[514408](hratio_l30) at 2.60/1.47 in tcn361 MR[0] elapsed 13988 sec.: [32mLoop time: 1.107s DC Power: [35m525.4W[32m DRAM power: 0.00W PCK power: 436.26W
	avg. CPUFreq: 2.57GHz avg. IMCFreq: 1.47GHz
	CPI: 0.372 VPI: 0.00, Mem. bwidth: 0.20GB/s GFLOPS: 0.00 I/O: 0.01MB/s No MPI  
	TPI 0.03 Cache miss rates: L1 0.60GB/s L2 0.00GB/s L3 0.00GB/s
	Total MPI calls 3
	IO DATA: rchar 4614 wchar 8844 syscr 51 syscw 27 read_bytes 0 write_bytes 303104
	Process OS info: (pid 514408 state R utime 1091 stime 1 cutime 0 cstime 0 CPU usage 98)
	CPU temperature (celsius): socket 0: 68 socket 1: 75[0m
EAR[514408](hratio_l30) at 2.60/1.47 in tcn361 MR[0] elapsed 13999 sec.: [32mLoop time: 1.108s DC Power: [35m524.4W[32m DRAM power: 0.00W PCK power: 437.02W
	avg. CPUFreq: 2.57GHz avg. IMCFreq: 1.47GHz
	CPI: 0.373 VPI: 0.00, Mem. bwidth: 0.40GB/s GFLOPS: 0.00 I/O: 0.01MB/s No MPI  
	TPI 0.06 Cache miss rates: L1 0.59GB/s L2 0.00GB/s L3 0.00GB/s
	Total MPI calls 3
	IO DATA: rchar 4614 wchar 8844 syscr 51 syscw 27 read_bytes 0 write_bytes 385024
	Process OS info: (pid 514408 state R utime 1085 stime 1 cutime 0 cstime 0 CPU usage 98)
	CPU temperature (celsius): socket 0: 68 socket 1: 75[0m
EAR[514408](hratio_l30) at 2.60/1.47 in tcn361 MR[0] elapsed 14010 sec.: [32mLoop time: 1.107s DC Power: [35m524.6W[32m DRAM power: 0.00W PCK power: 436.33W
	avg. CPUFreq: 2.57GHz avg. IMCFreq: 1.47GHz
	CPI: 0.373 VPI: 0.00, Mem. bwidth: 0.21GB/s GFLOPS: 0.00 I/O: 0.01MB/s No MPI  
	TPI 0.03 Cache miss rates: L1 0.60GB/s L2 0.00GB/s L3 0.00GB/s
	Total MPI calls 3
	IO DATA: rchar 4614 wchar 8844 syscr 51 syscw 27 read_bytes 0 write_bytes 294912
	Process OS info: (pid 514408 state R utime 1091 stime 0 cutime 0 cstime 0 CPU usage 98)
	CPU temperature (celsius): socket 0: 68 socket 1: 75[0m
EAR[514408](hratio_l30) at 2.60/1.47 in tcn361 MR[0] elapsed 14021 sec.: [32mLoop time: 1.107s DC Power: [35m472.3W[32m DRAM power: 0.00W PCK power: 436.37W
	avg. CPUFreq: 2.57GHz avg. IMCFreq: 1.47GHz
	CPI: 0.373 VPI: 0.00, Mem. bwidth: 0.10GB/s GFLOPS: 0.00 I/O: 0.01MB/s No MPI  
	TPI 0.01 Cache miss rates: L1 0.60GB/s L2 0.00GB/s L3 0.00GB/s
	Total MPI calls 3
	IO DATA: rchar 4614 wchar 8844 syscr 51 syscw 27 read_bytes 0 write_bytes 299008
	Process OS info: (pid 514408 state R utime 1092 stime 1 cutime 0 cstime 0 CPU usage 98)
	CPU temperature (celsius): socket 0: 68 socket 1: 75[0m
EAR[514408](hratio_l30) at 2.60/1.47 in tcn361 MR[0] elapsed 14032 sec.: [32mLoop time: 1.108s DC Power: [35m524.6W[32m DRAM power: 0.00W PCK power: 436.58W
	avg. CPUFreq: 2.57GHz avg. IMCFreq: 1.47GHz
	CPI: 0.372 VPI: 0.00, Mem. bwidth: 0.12GB/s GFLOPS: 0.00 I/O: 0.01MB/s No MPI  
	TPI 0.02 Cache miss rates: L1 0.60GB/s L2 0.00GB/s L3 0.00GB/s
	Total MPI calls 3
	IO DATA: rchar 4614 wchar 8844 syscr 51 syscw 27 read_bytes 0 write_bytes 294912
	Process OS info: (pid 514408 state R utime 1093 stime 1 cutime 0 cstime 0 CPU usage 98)
	CPU temperature (celsius): socket 0: 69 socket 1: 75[0m
EAR[514408](hratio_l30) at 2.60/1.47 in tcn361 MR[0] elapsed 14043 sec.: [32mLoop time: 1.108s DC Power: [35m472.1W[32m DRAM power: 0.00W PCK power: 436.54W
	avg. CPUFreq: 2.57GHz avg. IMCFreq: 1.47GHz
	CPI: 0.372 VPI: 0.00, Mem. bwidth: 0.08GB/s GFLOPS: 0.00 I/O: 0.01MB/s No MPI  
	TPI 0.01 Cache miss rates: L1 0.60GB/s L2 0.00GB/s L3 0.00GB/s
	Total MPI calls 3
	IO DATA: rchar 4614 wchar 8844 syscr 51 syscw 27 read_bytes 0 write_bytes 294912
	Process OS info: (pid 514408 state R utime 1093 stime 0 cutime 0 cstime 0 CPU usage 98)
	CPU temperature (celsius): socket 0: 68 socket 1: 75[0m
EAR[514408](hratio_l30) at 2.60/1.47 in tcn361 MR[0] elapsed 14054 sec.: [32mLoop time: 1.108s DC Power: [35m524.4W[32m DRAM power: 0.00W PCK power: 436.46W
	avg. CPUFreq: 2.57GHz avg. IMCFreq: 1.47GHz
	CPI: 0.372 VPI: 0.00, Mem. bwidth: 0.09GB/s GFLOPS: 0.00 I/O: 0.01MB/s No MPI  
	TPI 0.01 Cache miss rates: L1 0.60GB/s L2 0.00GB/s L3 0.00GB/s
	Total MPI calls 3
	IO DATA: rchar 4614 wchar 8844 syscr 51 syscw 27 read_bytes 0 write_bytes 299008
	Process OS info: (pid 514408 state R utime 1094 stime 1 cutime 0 cstime 0 CPU usage 98)
	CPU temperature (celsius): socket 0: 68 socket 1: 75[0m
EAR[514408](hratio_l30) at 2.60/1.47 in tcn361 MR[0] elapsed 14065 sec.: [32mLoop time: 1.107s DC Power: [35m472.1W[32m DRAM power: 0.00W PCK power: 436.61W
	avg. CPUFreq: 2.57GHz avg. IMCFreq: 1.47GHz
	CPI: 0.372 VPI: 0.00, Mem. bwidth: 0.12GB/s GFLOPS: 0.00 I/O: 0.01MB/s No MPI  
	TPI 0.02 Cache miss rates: L1 0.65GB/s L2 0.00GB/s L3 0.00GB/s
	Total MPI calls 3
	IO DATA: rchar 4614 wchar 8844 syscr 51 syscw 27 read_bytes 0 write_bytes 421888
	Process OS info: (pid 514408 state R utime 1093 stime 0 cutime 0 cstime 0 CPU usage 98)
	CPU temperature (celsius): socket 0: 68 socket 1: 75[0m
EAR[514408](hratio_l30) at 2.60/1.47 in tcn361 MR[0] elapsed 14076 sec.: [32mLoop time: 1.108s DC Power: [35m524.5W[32m DRAM power: 0.00W PCK power: 436.43W
	avg. CPUFreq: 2.57GHz avg. IMCFreq: 1.47GHz
	CPI: 0.372 VPI: 0.00, Mem. bwidth: 0.10GB/s GFLOPS: 0.00 I/O: 0.01MB/s No MPI  
	TPI 0.01 Cache miss rates: L1 0.60GB/s L2 0.00GB/s L3 0.00GB/s
	Total MPI calls 3
	IO DATA: rchar 4614 wchar 8844 syscr 51 syscw 27 read_bytes 0 write_bytes 294912
	Process OS info: (pid 514408 state R utime 1093 stime 1 cutime 0 cstime 0 CPU usage 98)
	CPU temperature (celsius): socket 0: 68 socket 1: 75[0m
EAR[514408](hratio_l30) at 2.60/1.47 in tcn361 MR[0] elapsed 14087 sec.: [32mLoop time: 1.108s DC Power: [35m524.4W[32m DRAM power: 0.00W PCK power: 436.49W
	avg. CPUFreq: 2.57GHz avg. IMCFreq: 1.47GHz
	CPI: 0.372 VPI: 0.00, Mem. bwidth: 0.10GB/s GFLOPS: 0.00 I/O: 0.01MB/s No MPI  
	TPI 0.01 Cache miss rates: L1 0.60GB/s L2 0.00GB/s L3 0.00GB/s
	Total MPI calls 3
	IO DATA: rchar 4614 wchar 8844 syscr 51 syscw 27 read_bytes 0 write_bytes 290816
	Process OS info: (pid 514408 state R utime 1094 stime 1 cutime 0 cstime 0 CPU usage 98)
	CPU temperature (celsius): socket 0: 68 socket 1: 75[0m
EAR[514408](hratio_l30) at 2.60/1.47 in tcn361 MR[0] elapsed 14098 sec.: [32mLoop time: 1.108s DC Power: [35m472.1W[32m DRAM power: 0.00W PCK power: 436.66W
	avg. CPUFreq: 2.57GHz avg. IMCFreq: 1.47GHz
	CPI: 0.372 VPI: 0.00, Mem. bwidth: 0.14GB/s GFLOPS: 0.00 I/O: 0.01MB/s No MPI  
	TPI 0.02 Cache miss rates: L1 0.60GB/s L2 0.00GB/s L3 0.00GB/s
	Total MPI calls 3
	IO DATA: rchar 4614 wchar 8844 syscr 51 syscw 27 read_bytes 0 write_bytes 294912
	Process OS info: (pid 514408 state R utime 1092 stime 0 cutime 0 cstime 0 CPU usage 98)
	CPU temperature (celsius): socket 0: 68 socket 1: 75[0m
EAR[514408](hratio_l30) at 2.60/1.47 in tcn361 MR[0] elapsed 14109 sec.: [32mLoop time: 1.108s DC Power: [35m472.4W[32m DRAM power: 0.00W PCK power: 436.43W
	avg. CPUFreq: 2.57GHz avg. IMCFreq: 1.47GHz
	CPI: 0.373 VPI: 0.00, Mem. bwidth: 0.10GB/s GFLOPS: 0.00 I/O: 0.01MB/s No MPI  
	TPI 0.01 Cache miss rates: L1 0.60GB/s L2 0.00GB/s L3 0.00GB/s
	Total MPI calls 3
	IO DATA: rchar 4614 wchar 8844 syscr 51 syscw 27 read_bytes 0 write_bytes 299008
	Process OS info: (pid 514408 state R utime 1091 stime 1 cutime 0 cstime 0 CPU usage 98)
	CPU temperature (celsius): socket 0: 68 socket 1: 75[0m
EAR[514408](hratio_l30) at 2.60/1.47 in tcn361 MR[0] elapsed 14120 sec.: [32mLoop time: 1.108s DC Power: [35m525.6W[32m DRAM power: 0.00W PCK power: 436.52W
	avg. CPUFreq: 2.57GHz avg. IMCFreq: 1.47GHz
	CPI: 0.373 VPI: 0.00, Mem. bwidth: 0.08GB/s GFLOPS: 0.00 I/O: 0.01MB/s No MPI  
	TPI 0.01 Cache miss rates: L1 0.60GB/s L2 0.00GB/s L3 0.00GB/s
	Total MPI calls 3
	IO DATA: rchar 4614 wchar 8844 syscr 51 syscw 27 read_bytes 0 write_bytes 299008
	Process OS info: (pid 514408 state R utime 1093 stime 1 cutime 0 cstime 0 CPU usage 98)
	CPU temperature (celsius): socket 0: 68 socket 1: 75[0m
EAR[514408](hratio_l30) at 2.60/1.47 in tcn361 MR[0] elapsed 14132 sec.: [32mLoop time: 1.108s DC Power: [35m526.4W[32m DRAM power: 0.00W PCK power: 436.62W
	avg. CPUFreq: 2.57GHz avg. IMCFreq: 1.47GHz
	CPI: 0.373 VPI: 0.00, Mem. bwidth: 0.13GB/s GFLOPS: 0.00 I/O: 0.01MB/s No MPI  
	TPI 0.02 Cache miss rates: L1 0.60GB/s L2 0.00GB/s L3 0.00GB/s
	Total MPI calls 3
	IO DATA: rchar 4614 wchar 8844 syscr 51 syscw 27 read_bytes 0 write_bytes 294912
	Process OS info: (pid 514408 state R utime 1093 stime 0 cutime 0 cstime 0 CPU usage 98)
	CPU temperature (celsius): socket 0: 68 socket 1: 75[0m
EAR[514408](hratio_l30) at 2.60/1.47 in tcn361 MR[0] elapsed 14143 sec.: [32mLoop time: 1.107s DC Power: [35m526.5W[32m DRAM power: 0.00W PCK power: 436.64W
	avg. CPUFreq: 2.57GHz avg. IMCFreq: 1.47GHz
	CPI: 0.372 VPI: 0.00, Mem. bwidth: 0.09GB/s GFLOPS: 0.00 I/O: 0.01MB/s No MPI  
	TPI 0.01 Cache miss rates: L1 0.60GB/s L2 0.00GB/s L3 0.00GB/s
	Total MPI calls 3
	IO DATA: rchar 4614 wchar 8844 syscr 51 syscw 27 read_bytes 0 write_bytes 294912
	Process OS info: (pid 514408 state R utime 1092 stime 1 cutime 0 cstime 0 CPU usage 98)
	CPU temperature (celsius): socket 0: 68 socket 1: 75[0m
EAR[514408](hratio_l30) at 2.60/1.47 in tcn361 MR[0] elapsed 14154 sec.: [32mLoop time: 1.108s DC Power: [35m473.1W[32m DRAM power: 0.00W PCK power: 436.55W
	avg. CPUFreq: 2.57GHz avg. IMCFreq: 1.47GHz
	CPI: 0.372 VPI: 0.00, Mem. bwidth: 0.12GB/s GFLOPS: 0.00 I/O: 0.01MB/s No MPI  
	TPI 0.02 Cache miss rates: L1 0.60GB/s L2 0.00GB/s L3 0.00GB/s
	Total MPI calls 3
	IO DATA: rchar 4614 wchar 8844 syscr 51 syscw 27 read_bytes 0 write_bytes 299008
	Process OS info: (pid 514408 state R utime 1093 stime 1 cutime 0 cstime 0 CPU usage 98)
	CPU temperature (celsius): socket 0: 68 socket 1: 75[0m
EAR[514408](hratio_l30) at 2.60/1.47 in tcn361 MR[0] elapsed 14165 sec.: [32mLoop time: 1.107s DC Power: [35m472.7W[32m DRAM power: 0.00W PCK power: 436.51W
	avg. CPUFreq: 2.57GHz avg. IMCFreq: 1.47GHz
	CPI: 0.372 VPI: 0.00, Mem. bwidth: 0.09GB/s GFLOPS: 0.00 I/O: 0.01MB/s No MPI  
	TPI 0.01 Cache miss rates: L1 0.60GB/s L2 0.00GB/s L3 0.00GB/s
	Total MPI calls 3
	IO DATA: rchar 4614 wchar 8844 syscr 51 syscw 27 read_bytes 0 write_bytes 303104
	Process OS info: (pid 514408 state R utime 1092 stime 1 cutime 0 cstime 0 CPU usage 98)
	CPU temperature (celsius): socket 0: 68 socket 1: 75[0m
EAR[514408](hratio_l30) at 2.60/1.47 in tcn361 MR[0] elapsed 14176 sec.: [32mLoop time: 1.108s DC Power: [35m524.5W[32m DRAM power: 0.00W PCK power: 436.31W
	avg. CPUFreq: 2.57GHz avg. IMCFreq: 1.47GHz
	CPI: 0.373 VPI: 0.00, Mem. bwidth: 0.10GB/s GFLOPS: 0.00 I/O: 0.01MB/s No MPI  
	TPI 0.01 Cache miss rates: L1 0.60GB/s L2 0.00GB/s L3 0.00GB/s
	Total MPI calls 3
	IO DATA: rchar 4614 wchar 8844 syscr 51 syscw 27 read_bytes 0 write_bytes 303104
	Process OS info: (pid 514408 state R utime 1093 stime 0 cutime 0 cstime 0 CPU usage 98)
	CPU temperature (celsius): socket 0: 68 socket 1: 75[0m
EAR[514408](hratio_l30) at 2.60/1.47 in tcn361 MR[0] elapsed 14187 sec.: [32mLoop time: 1.108s DC Power: [35m524.6W[32m DRAM power: 0.00W PCK power: 436.49W
	avg. CPUFreq: 2.57GHz avg. IMCFreq: 1.47GHz
	CPI: 0.373 VPI: 0.00, Mem. bwidth: 0.12GB/s GFLOPS: 0.00 I/O: 0.01MB/s No MPI  
	TPI 0.02 Cache miss rates: L1 0.60GB/s L2 0.00GB/s L3 0.00GB/s
	Total MPI calls 3
	IO DATA: rchar 4614 wchar 8844 syscr 51 syscw 27 read_bytes 0 write_bytes 294912
	Process OS info: (pid 514408 state R utime 1093 stime 1 cutime 0 cstime 0 CPU usage 98)
	CPU temperature (celsius): socket 0: 68 socket 1: 75[0m
EAR[514408](hratio_l30) at 2.60/1.47 in tcn361 MR[0] elapsed 14198 sec.: [32mLoop time: 1.108s DC Power: [35m471.9W[32m DRAM power: 0.00W PCK power: 436.35W
	avg. CPUFreq: 2.57GHz avg. IMCFreq: 1.47GHz
	CPI: 0.373 VPI: 0.00, Mem. bwidth: 0.09GB/s GFLOPS: 0.00 I/O: 0.01MB/s No MPI  
	TPI 0.01 Cache miss rates: L1 0.60GB/s L2 0.00GB/s L3 0.00GB/s
	Total MPI calls 3
	IO DATA: rchar 4614 wchar 8844 syscr 51 syscw 27 read_bytes 0 write_bytes 475136
	Process OS info: (pid 514408 state R utime 1093 stime 1 cutime 0 cstime 0 CPU usage 98)
	CPU temperature (celsius): socket 0: 68 socket 1: 75[0m
EAR[514408](hratio_l30) at 2.60/1.47 in tcn361 MR[0] elapsed 14209 sec.: [32mLoop time: 1.108s DC Power: [35m524.3W[32m DRAM power: 0.00W PCK power: 436.30W
	avg. CPUFreq: 2.57GHz avg. IMCFreq: 1.47GHz
	CPI: 0.373 VPI: 0.00, Mem. bwidth: 0.10GB/s GFLOPS: 0.00 I/O: 0.01MB/s No MPI  
	TPI 0.01 Cache miss rates: L1 0.65GB/s L2 0.00GB/s L3 0.00GB/s
	Total MPI calls 3
	IO DATA: rchar 4614 wchar 8844 syscr 51 syscw 27 read_bytes 0 write_bytes 438272
	Process OS info: (pid 514408 state R utime 1094 stime 1 cutime 0 cstime 0 CPU usage 98)
	CPU temperature (celsius): socket 0: 68 socket 1: 75[0m
EAR[514408](hratio_l30) at 2.60/1.47 in tcn361 MR[0] elapsed 14220 sec.: [32mLoop time: 1.107s DC Power: [35m472.2W[32m DRAM power: 0.00W PCK power: 436.54W
	avg. CPUFreq: 2.57GHz avg. IMCFreq: 1.47GHz
	CPI: 0.372 VPI: 0.00, Mem. bwidth: 0.12GB/s GFLOPS: 0.00 I/O: 0.01MB/s No MPI  
	TPI 0.02 Cache miss rates: L1 0.60GB/s L2 0.00GB/s L3 0.00GB/s
	Total MPI calls 3
	IO DATA: rchar 4614 wchar 8844 syscr 51 syscw 27 read_bytes 0 write_bytes 294912
	Process OS info: (pid 514408 state R utime 1093 stime 0 cutime 0 cstime 0 CPU usage 98)
	CPU temperature (celsius): socket 0: 68 socket 1: 75[0m
EAR[514408](hratio_l30) at 2.60/1.47 in tcn361 MR[0] elapsed 14231 sec.: [32mLoop time: 1.108s DC Power: [35m524.3W[32m DRAM power: 0.00W PCK power: 436.73W
	avg. CPUFreq: 2.57GHz avg. IMCFreq: 1.47GHz
	CPI: 0.372 VPI: 0.00, Mem. bwidth: 0.09GB/s GFLOPS: 0.00 I/O: 0.01MB/s No MPI  
	TPI 0.01 Cache miss rates: L1 0.60GB/s L2 0.00GB/s L3 0.00GB/s
	Total MPI calls 3
	IO DATA: rchar 4614 wchar 8844 syscr 51 syscw 27 read_bytes 0 write_bytes 294912
	Process OS info: (pid 514408 state R utime 1093 stime 1 cutime 0 cstime 0 CPU usage 98)
	CPU temperature (celsius): socket 0: 68 socket 1: 75[0m
EAR[514408](hratio_l30) at 2.60/1.47 in tcn361 MR[0] elapsed 14242 sec.: [32mLoop time: 1.108s DC Power: [35m472.1W[32m DRAM power: 0.00W PCK power: 436.79W
	avg. CPUFreq: 2.57GHz avg. IMCFreq: 1.47GHz
	CPI: 0.372 VPI: 0.00, Mem. bwidth: 0.12GB/s GFLOPS: 0.00 I/O: 0.01MB/s No MPI  
	TPI 0.02 Cache miss rates: L1 0.60GB/s L2 0.00GB/s L3 0.00GB/s
	Total MPI calls 3
	IO DATA: rchar 4614 wchar 8844 syscr 51 syscw 27 read_bytes 0 write_bytes 299008
	Process OS info: (pid 514408 state R utime 1093 stime 0 cutime 0 cstime 0 CPU usage 98)
	CPU temperature (celsius): socket 0: 68 socket 1: 75[0m
EAR[514408](hratio_l30) at 2.60/1.47 in tcn361 MR[0] elapsed 14253 sec.: [32mLoop time: 1.108s DC Power: [35m524.5W[32m DRAM power: 0.00W PCK power: 436.76W
	avg. CPUFreq: 2.57GHz avg. IMCFreq: 1.47GHz
	CPI: 0.372 VPI: 0.00, Mem. bwidth: 0.10GB/s GFLOPS: 0.00 I/O: 0.01MB/s No MPI  
	TPI 0.01 Cache miss rates: L1 0.60GB/s L2 0.00GB/s L3 0.00GB/s
	Total MPI calls 3
	IO DATA: rchar 4614 wchar 8844 syscr 51 syscw 27 read_bytes 0 write_bytes 294912
	Process OS info: (pid 514408 state R utime 1093 stime 1 cutime 0 cstime 0 CPU usage 98)
	CPU temperature (celsius): socket 0: 68 socket 1: 75[0m
EAR[514408](hratio_l30) at 2.60/1.47 in tcn361 MR[0] elapsed 14264 sec.: [32mLoop time: 1.108s DC Power: [35m524.4W[32m DRAM power: 0.00W PCK power: 436.78W
	avg. CPUFreq: 2.57GHz avg. IMCFreq: 1.47GHz
	CPI: 0.371 VPI: 0.00, Mem. bwidth: 0.11GB/s GFLOPS: 0.00 I/O: 0.01MB/s No MPI  
	TPI 0.02 Cache miss rates: L1 0.59GB/s L2 0.00GB/s L3 0.00GB/s
	Total MPI calls 3
	IO DATA: rchar 4614 wchar 8844 syscr 51 syscw 27 read_bytes 0 write_bytes 294912
	Process OS info: (pid 514408 state R utime 1093 stime 1 cutime 0 cstime 0 CPU usage 98)
	CPU temperature (celsius): socket 0: 68 socket 1: 75[0m
EAR[514408](hratio_l30) at 2.60/1.47 in tcn361 MR[0] elapsed 14276 sec.: [32mLoop time: 1.108s DC Power: [35m472.6W[32m DRAM power: 0.00W PCK power: 437.03W
	avg. CPUFreq: 2.57GHz avg. IMCFreq: 1.47GHz
	CPI: 0.371 VPI: 0.00, Mem. bwidth: 0.12GB/s GFLOPS: 0.00 I/O: 0.01MB/s No MPI  
	TPI 0.02 Cache miss rates: L1 0.60GB/s L2 0.00GB/s L3 0.00GB/s
	Total MPI calls 3
	IO DATA: rchar 4614 wchar 8844 syscr 51 syscw 27 read_bytes 0 write_bytes 311296
	Process OS info: (pid 514408 state R utime 1093 stime 0 cutime 0 cstime 0 CPU usage 98)
	CPU temperature (celsius): socket 0: 68 socket 1: 75[0m
EAR[514408](hratio_l30) at 2.60/1.47 in tcn361 MR[0] elapsed 14287 sec.: [32mLoop time: 1.108s DC Power: [35m473.1W[32m DRAM power: 0.00W PCK power: 437.01W
	avg. CPUFreq: 2.57GHz avg. IMCFreq: 1.47GHz
	CPI: 0.371 VPI: 0.00, Mem. bwidth: 0.09GB/s GFLOPS: 0.00 I/O: 0.01MB/s No MPI  
	TPI 0.01 Cache miss rates: L1 0.60GB/s L2 0.00GB/s L3 0.00GB/s
	Total MPI calls 3
	IO DATA: rchar 4614 wchar 8844 syscr 51 syscw 27 read_bytes 0 write_bytes 299008
	Process OS info: (pid 514408 state R utime 1093 stime 1 cutime 0 cstime 0 CPU usage 98)
	CPU temperature (celsius): socket 0: 68 socket 1: 75[0m
EAR[514408](hratio_l30) at 2.60/1.47 in tcn361 MR[0] elapsed 14298 sec.: [32mLoop time: 1.107s DC Power: [35m526.7W[32m DRAM power: 0.00W PCK power: 436.99W
	avg. CPUFreq: 2.57GHz avg. IMCFreq: 1.47GHz
	CPI: 0.372 VPI: 0.00, Mem. bwidth: 0.09GB/s GFLOPS: 0.00 I/O: 0.01MB/s No MPI  
	TPI 0.01 Cache miss rates: L1 0.60GB/s L2 0.00GB/s L3 0.00GB/s
	Total MPI calls 3
	IO DATA: rchar 4614 wchar 8844 syscr 51 syscw 27 read_bytes 0 write_bytes 303104
	Process OS info: (pid 514408 state R utime 1092 stime 1 cutime 0 cstime 0 CPU usage 98)
	CPU temperature (celsius): socket 0: 68 socket 1: 75[0m
EAR[514408](hratio_l30) at 2.60/1.47 in tcn361 MR[0] elapsed 14309 sec.: [32mLoop time: 1.107s DC Power: [35m527.4W[32m DRAM power: 0.00W PCK power: 437.10W
	avg. CPUFreq: 2.57GHz avg. IMCFreq: 1.47GHz
	CPI: 0.372 VPI: 0.00, Mem. bwidth: 0.12GB/s GFLOPS: 0.00 I/O: 0.01MB/s No MPI  
	TPI 0.02 Cache miss rates: L1 0.60GB/s L2 0.00GB/s L3 0.00GB/s
	Total MPI calls 3
	IO DATA: rchar 4614 wchar 8844 syscr 51 syscw 27 read_bytes 0 write_bytes 294912
	Process OS info: (pid 514408 state R utime 1093 stime 0 cutime 0 cstime 0 CPU usage 98)
	CPU temperature (celsius): socket 0: 69 socket 1: 75[0m
EAR[514408](hratio_l30) at 2.60/1.47 in tcn361 MR[0] elapsed 14320 sec.: [32mLoop time: 1.108s DC Power: [35m526.5W[32m DRAM power: 0.00W PCK power: 436.99W
	avg. CPUFreq: 2.57GHz avg. IMCFreq: 1.47GHz
	CPI: 0.371 VPI: 0.00, Mem. bwidth: 0.09GB/s GFLOPS: 0.00 I/O: 0.01MB/s No MPI  
	TPI 0.01 Cache miss rates: L1 0.60GB/s L2 0.00GB/s L3 0.00GB/s
	Total MPI calls 3
	IO DATA: rchar 4614 wchar 8844 syscr 51 syscw 27 read_bytes 0 write_bytes 299008
	Process OS info: (pid 514408 state R utime 1093 stime 1 cutime 0 cstime 0 CPU usage 98)
	CPU temperature (celsius): socket 0: 68 socket 1: 75[0m
EAR[514408](hratio_l30) at 2.60/1.47 in tcn361 MR[0] elapsed 14331 sec.: [32mLoop time: 1.108s DC Power: [35m473.2W[32m DRAM power: 0.00W PCK power: 437.11W
	avg. CPUFreq: 2.57GHz avg. IMCFreq: 1.47GHz
	CPI: 0.371 VPI: 0.00, Mem. bwidth: 0.11GB/s GFLOPS: 0.00 I/O: 0.01MB/s No MPI  
	TPI 0.02 Cache miss rates: L1 0.59GB/s L2 0.00GB/s L3 0.00GB/s
	Total MPI calls 3
	IO DATA: rchar 4614 wchar 8844 syscr 51 syscw 27 read_bytes 0 write_bytes 294912
	Process OS info: (pid 514408 state R utime 1094 stime 1 cutime 0 cstime 0 CPU usage 98)
	CPU temperature (celsius): socket 0: 68 socket 1: 75[0m
EAR[514408](hratio_l30) at 2.60/1.47 in tcn361 MR[0] elapsed 14342 sec.: [32mLoop time: 1.108s DC Power: [35m472.7W[32m DRAM power: 0.00W PCK power: 436.97W
	avg. CPUFreq: 2.57GHz avg. IMCFreq: 1.47GHz
	CPI: 0.371 VPI: 0.00, Mem. bwidth: 0.14GB/s GFLOPS: 0.00 I/O: 0.01MB/s No MPI  
	TPI 0.02 Cache miss rates: L1 0.60GB/s L2 0.00GB/s L3 0.00GB/s
	Total MPI calls 3
	IO DATA: rchar 4614 wchar 8844 syscr 51 syscw 27 read_bytes 0 write_bytes 303104
	Process OS info: (pid 514408 state R utime 1080 stime 1 cutime 0 cstime 0 CPU usage 97)
	CPU temperature (celsius): socket 0: 68 socket 1: 75[0m
EAR[514408](hratio_l30) at 2.60/1.47 in tcn361 MR[0] elapsed 14353 sec.: [32mLoop time: 1.108s DC Power: [35m525.5W[32m DRAM power: 0.00W PCK power: 436.90W
	avg. CPUFreq: 2.57GHz avg. IMCFreq: 1.47GHz
	CPI: 0.372 VPI: 0.00, Mem. bwidth: 0.10GB/s GFLOPS: 0.00 I/O: 0.01MB/s No MPI  
	TPI 0.01 Cache miss rates: L1 0.60GB/s L2 0.00GB/s L3 0.00GB/s
	Total MPI calls 3
	IO DATA: rchar 4614 wchar 8844 syscr 51 syscw 27 read_bytes 0 write_bytes 299008
	Process OS info: (pid 514408 state R utime 1092 stime 0 cutime 0 cstime 0 CPU usage 98)
	CPU temperature (celsius): socket 0: 68 socket 1: 75[0m
EAR[514408](hratio_l30) at 2.60/1.47 in tcn361 MR[0] elapsed 14364 sec.: [32mLoop time: 1.108s DC Power: [35m525.5W[32m DRAM power: 0.00W PCK power: 437.06W
	avg. CPUFreq: 2.57GHz avg. IMCFreq: 1.47GHz
	CPI: 0.371 VPI: 0.00, Mem. bwidth: 0.12GB/s GFLOPS: 0.00 I/O: 0.01MB/s No MPI  
	TPI 0.02 Cache miss rates: L1 0.65GB/s L2 0.00GB/s L3 0.00GB/s
	Total MPI calls 3
	IO DATA: rchar 4614 wchar 8844 syscr 51 syscw 27 read_bytes 0 write_bytes 294912
	Process OS info: (pid 514408 state R utime 1092 stime 1 cutime 0 cstime 0 CPU usage 98)
	CPU temperature (celsius): socket 0: 68 socket 1: 75[0m
EAR[514408](hratio_l30) at 2.60/1.47 in tcn361 MR[0] elapsed 14375 sec.: [32mLoop time: 1.108s DC Power: [35m472.7W[32m DRAM power: 0.00W PCK power: 436.94W
	avg. CPUFreq: 2.57GHz avg. IMCFreq: 1.47GHz
	CPI: 0.371 VPI: 0.00, Mem. bwidth: 0.10GB/s GFLOPS: 0.00 I/O: 0.01MB/s No MPI  
	TPI 0.01 Cache miss rates: L1 0.60GB/s L2 0.00GB/s L3 0.00GB/s
	Total MPI calls 3
	IO DATA: rchar 4614 wchar 8844 syscr 51 syscw 27 read_bytes 0 write_bytes 327680
	Process OS info: (pid 514408 state R utime 1093 stime 1 cutime 0 cstime 0 CPU usage 98)
	CPU temperature (celsius): socket 0: 68 socket 1: 75[0m
EAR[514408](hratio_l30) at 2.60/1.47 in tcn361 MR[0] elapsed 14386 sec.: [32mLoop time: 1.108s DC Power: [35m524.5W[32m DRAM power: 0.00W PCK power: 436.93W
	avg. CPUFreq: 2.57GHz avg. IMCFreq: 1.47GHz
	CPI: 0.371 VPI: 0.00, Mem. bwidth: 0.09GB/s GFLOPS: 0.00 I/O: 0.01MB/s No MPI  
	TPI 0.01 Cache miss rates: L1 0.60GB/s L2 0.00GB/s L3 0.00GB/s
	Total MPI calls 3
	IO DATA: rchar 4614 wchar 8844 syscr 51 syscw 27 read_bytes 0 write_bytes 294912
	Process OS info: (pid 514408 state R utime 1093 stime 0 cutime 0 cstime 0 CPU usage 98)
	CPU temperature (celsius): socket 0: 68 socket 1: 75[0m
EAR[514408](hratio_l30) at 2.60/1.47 in tcn361 MR[0] elapsed 14397 sec.: [32mLoop time: 1.108s DC Power: [35m472.1W[32m DRAM power: 0.00W PCK power: 437.01W
	avg. CPUFreq: 2.57GHz avg. IMCFreq: 1.47GHz
	CPI: 0.372 VPI: 0.00, Mem. bwidth: 0.13GB/s GFLOPS: 0.00 I/O: 0.01MB/s No MPI  
	TPI 0.02 Cache miss rates: L1 0.60GB/s L2 0.00GB/s L3 0.00GB/s
	Total MPI calls 3
	IO DATA: rchar 4614 wchar 8844 syscr 51 syscw 27 read_bytes 0 write_bytes 294912
	Process OS info: (pid 514408 state R utime 1093 stime 1 cutime 0 cstime 0 CPU usage 98)
	CPU temperature (celsius): socket 0: 68 socket 1: 75[0m
EAR[514408](hratio_l30) at 2.60/1.47 in tcn361 MR[0] elapsed 14408 sec.: [32mLoop time: 1.108s DC Power: [35m524.4W[32m DRAM power: 0.00W PCK power: 436.93W
	avg. CPUFreq: 2.57GHz avg. IMCFreq: 1.47GHz
	CPI: 0.372 VPI: 0.00, Mem. bwidth: 0.08GB/s GFLOPS: 0.00 I/O: 0.01MB/s No MPI  
	TPI 0.01 Cache miss rates: L1 0.60GB/s L2 0.00GB/s L3 0.00GB/s
	Total MPI calls 3
	IO DATA: rchar 4614 wchar 8844 syscr 51 syscw 27 read_bytes 0 write_bytes 339968
	Process OS info: (pid 514408 state R utime 1093 stime 1 cutime 0 cstime 0 CPU usage 98)
	CPU temperature (celsius): socket 0: 68 socket 1: 75[0m
EAR[514408](hratio_l30) at 2.60/1.47 in tcn361 MR[0] elapsed 14420 sec.: [32mLoop time: 1.108s DC Power: [35m471.8W[32m DRAM power: 0.00W PCK power: 436.94W
	avg. CPUFreq: 2.57GHz avg. IMCFreq: 1.47GHz
	CPI: 0.372 VPI: 0.00, Mem. bwidth: 0.09GB/s GFLOPS: 0.00 I/O: 0.01MB/s No MPI  
	TPI 0.01 Cache miss rates: L1 0.60GB/s L2 0.00GB/s L3 0.00GB/s
	Total MPI calls 3
	IO DATA: rchar 4614 wchar 8844 syscr 51 syscw 27 read_bytes 0 write_bytes 303104
	Process OS info: (pid 514408 state R utime 1094 stime 0 cutime 0 cstime 0 CPU usage 98)
	CPU temperature (celsius): socket 0: 69 socket 1: 75[0m
EAR[514408](hratio_l30) at 2.60/1.47 in tcn361 MR[0] elapsed 14431 sec.: [32mLoop time: 1.107s DC Power: [35m524.7W[32m DRAM power: 0.00W PCK power: 437.08W
	avg. CPUFreq: 2.57GHz avg. IMCFreq: 1.47GHz
	CPI: 0.372 VPI: 0.00, Mem. bwidth: 0.13GB/s GFLOPS: 0.00 I/O: 0.01MB/s No MPI  
	TPI 0.02 Cache miss rates: L1 0.60GB/s L2 0.00GB/s L3 0.00GB/s
	Total MPI calls 3
	IO DATA: rchar 4614 wchar 8844 syscr 51 syscw 27 read_bytes 0 write_bytes 294912
	Process OS info: (pid 514408 state R utime 1092 stime 1 cutime 0 cstime 0 CPU usage 98)
	CPU temperature (celsius): socket 0: 68 socket 1: 75[0m
EAR[514408](hratio_l30) at 2.60/1.47 in tcn361 MR[0] elapsed 14442 sec.: [32mLoop time: 1.107s DC Power: [35m524.9W[32m DRAM power: 0.00W PCK power: 436.92W
	avg. CPUFreq: 2.57GHz avg. IMCFreq: 1.47GHz
	CPI: 0.372 VPI: 0.00, Mem. bwidth: 0.10GB/s GFLOPS: 0.00 I/O: 0.01MB/s No MPI  
	TPI 0.01 Cache miss rates: L1 0.61GB/s L2 0.00GB/s L3 0.00GB/s
	Total MPI calls 3
	IO DATA: rchar 4614 wchar 8844 syscr 51 syscw 27 read_bytes 0 write_bytes 294912
	Process OS info: (pid 514408 state R utime 1093 stime 1 cutime 0 cstime 0 CPU usage 98)
	CPU temperature (celsius): socket 0: 69 socket 1: 75[0m
EAR[514408](hratio_l30) at 2.60/1.47 in tcn361 MR[0] elapsed 14453 sec.: [32mLoop time: 1.108s DC Power: [35m525.6W[32m DRAM power: 0.00W PCK power: 437.14W
	avg. CPUFreq: 2.57GHz avg. IMCFreq: 1.47GHz
	CPI: 0.371 VPI: 0.00, Mem. bwidth: 0.12GB/s GFLOPS: 0.00 I/O: 0.01MB/s No MPI  
	TPI 0.02 Cache miss rates: L1 0.60GB/s L2 0.00GB/s L3 0.00GB/s
	Total MPI calls 3
	IO DATA: rchar 4614 wchar 8844 syscr 51 syscw 27 read_bytes 0 write_bytes 299008
	Process OS info: (pid 514408 state R utime 1093 stime 0 cutime 0 cstime 0 CPU usage 98)
	CPU temperature (celsius): socket 0: 68 socket 1: 75[0m
EAR[514408](hratio_l30) at 2.60/1.47 in tcn361 MR[0] elapsed 14464 sec.: [32mLoop time: 1.108s DC Power: [35m473.5W[32m DRAM power: 0.00W PCK power: 437.09W
	avg. CPUFreq: 2.57GHz avg. IMCFreq: 1.47GHz
	CPI: 0.371 VPI: 0.00, Mem. bwidth: 0.09GB/s GFLOPS: 0.00 I/O: 0.01MB/s No MPI  
	TPI 0.01 Cache miss rates: L1 0.60GB/s L2 0.00GB/s L3 0.00GB/s
	Total MPI calls 3
	IO DATA: rchar 4614 wchar 8844 syscr 51 syscw 27 read_bytes 0 write_bytes 303104
	Process OS info: (pid 514408 state R utime 1094 stime 1 cutime 0 cstime 0 CPU usage 98)
	CPU temperature (celsius): socket 0: 68 socket 1: 75[0m
EAR[514408](hratio_l30) at 2.60/1.47 in tcn361 MR[0] elapsed 14475 sec.: [32mLoop time: 1.107s DC Power: [35m527.3W[32m DRAM power: 0.00W PCK power: 437.08W
	avg. CPUFreq: 2.57GHz avg. IMCFreq: 1.47GHz
	CPI: 0.371 VPI: 0.00, Mem. bwidth: 0.09GB/s GFLOPS: 0.00 I/O: 0.01MB/s No MPI  
	TPI 0.01 Cache miss rates: L1 0.60GB/s L2 0.00GB/s L3 0.00GB/s
	Total MPI calls 3
	IO DATA: rchar 4614 wchar 8844 syscr 51 syscw 27 read_bytes 0 write_bytes 335872
	Process OS info: (pid 514408 state R utime 1089 stime 0 cutime 0 cstime 0 CPU usage 98)
	CPU temperature (celsius): socket 0: 69 socket 1: 75[0m
EAR[514408](hratio_l30) at 2.60/1.47 in tcn361 MR[0] elapsed 14486 sec.: [32mLoop time: 1.107s DC Power: [35m527.3W[32m DRAM power: 0.00W PCK power: 437.25W
	avg. CPUFreq: 2.57GHz avg. IMCFreq: 1.47GHz
	CPI: 0.371 VPI: 0.00, Mem. bwidth: 0.13GB/s GFLOPS: 0.00 I/O: 0.01MB/s No MPI  
	TPI 0.02 Cache miss rates: L1 0.60GB/s L2 0.00GB/s L3 0.00GB/s
	Total MPI calls 3
	IO DATA: rchar 4614 wchar 8844 syscr 51 syscw 27 read_bytes 0 write_bytes 299008
	Process OS info: (pid 514408 state R utime 1091 stime 1 cutime 0 cstime 0 CPU usage 98)
	CPU temperature (celsius): socket 0: 69 socket 1: 75[0m
EAR[514408](hratio_l30) at 2.60/1.47 in tcn361 MR[0] elapsed 14497 sec.: [32mLoop time: 1.108s DC Power: [35m526.4W[32m DRAM power: 0.00W PCK power: 437.10W
	avg. CPUFreq: 2.57GHz avg. IMCFreq: 1.47GHz
	CPI: 0.371 VPI: 0.00, Mem. bwidth: 0.09GB/s GFLOPS: 0.00 I/O: 0.01MB/s No MPI  
	TPI 0.01 Cache miss rates: L1 0.60GB/s L2 0.00GB/s L3 0.00GB/s
	Total MPI calls 3
	IO DATA: rchar 4614 wchar 8844 syscr 51 syscw 27 read_bytes 0 write_bytes 294912
	Process OS info: (pid 514408 state R utime 1094 stime 1 cutime 0 cstime 0 CPU usage 98)
	CPU temperature (celsius): socket 0: 68 socket 1: 75[0m
EAR[514408](hratio_l30) at 2.60/1.47 in tcn361 MR[0] elapsed 14508 sec.: [32mLoop time: 1.108s DC Power: [35m472.8W[32m DRAM power: 0.00W PCK power: 437.09W
	avg. CPUFreq: 2.57GHz avg. IMCFreq: 1.47GHz
	CPI: 0.371 VPI: 0.00, Mem. bwidth: 0.11GB/s GFLOPS: 0.00 I/O: 0.01MB/s No MPI  
	TPI 0.02 Cache miss rates: L1 0.65GB/s L2 0.00GB/s L3 0.00GB/s
	Total MPI calls 3
	IO DATA: rchar 4614 wchar 8844 syscr 51 syscw 27 read_bytes 0 write_bytes 294912
	Process OS info: (pid 514408 state R utime 1093 stime 1 cutime 0 cstime 0 CPU usage 98)
	CPU temperature (celsius): socket 0: 68 socket 1: 75[0m
EAR[514408](hratio_l30) at 2.60/1.47 in tcn361 MR[0] elapsed 14519 sec.: [32mLoop time: 1.108s DC Power: [35m525.3W[32m DRAM power: 0.00W PCK power: 437.17W
	avg. CPUFreq: 2.57GHz avg. IMCFreq: 1.47GHz
	CPI: 0.371 VPI: 0.00, Mem. bwidth: 0.13GB/s GFLOPS: 0.00 I/O: 0.01MB/s No MPI  
	TPI 0.02 Cache miss rates: L1 0.60GB/s L2 0.00GB/s L3 0.00GB/s
	Total MPI calls 3
	IO DATA: rchar 4614 wchar 8844 syscr 51 syscw 27 read_bytes 0 write_bytes 290816
	Process OS info: (pid 514408 state R utime 1093 stime 0 cutime 0 cstime 0 CPU usage 98)
	CPU temperature (celsius): socket 0: 68 socket 1: 75[0m
EAR[514408](hratio_l30) at 2.60/1.47 in tcn361 MR[0] elapsed 14530 sec.: [32mLoop time: 1.108s DC Power: [35m525.3W[32m DRAM power: 0.00W PCK power: 436.90W
	avg. CPUFreq: 2.57GHz avg. IMCFreq: 1.47GHz
	CPI: 0.371 VPI: 0.00, Mem. bwidth: 0.10GB/s GFLOPS: 0.00 I/O: 0.01MB/s No MPI  
	TPI 0.01 Cache miss rates: L1 0.60GB/s L2 0.00GB/s L3 0.00GB/s
	Total MPI calls 3
	IO DATA: rchar 4614 wchar 8844 syscr 51 syscw 27 read_bytes 0 write_bytes 299008
	Process OS info: (pid 514408 state R utime 1093 stime 1 cutime 0 cstime 0 CPU usage 98)
	CPU temperature (celsius): socket 0: 68 socket 1: 75[0m
EAR[514408](hratio_l30) at 2.60/1.47 in tcn361 MR[0] elapsed 14541 sec.: [32mLoop time: 1.108s DC Power: [35m525.3W[32m DRAM power: 0.00W PCK power: 437.22W
	avg. CPUFreq: 2.57GHz avg. IMCFreq: 1.47GHz
	CPI: 0.371 VPI: 0.00, Mem. bwidth: 0.10GB/s GFLOPS: 0.00 I/O: 0.01MB/s No MPI  
	TPI 0.01 Cache miss rates: L1 0.60GB/s L2 0.00GB/s L3 0.00GB/s
	Total MPI calls 3
	IO DATA: rchar 4614 wchar 8844 syscr 51 syscw 27 read_bytes 0 write_bytes 368640
	Process OS info: (pid 514408 state R utime 1094 stime 0 cutime 0 cstime 0 CPU usage 98)
	CPU temperature (celsius): socket 0: 68 socket 1: 75[0m
EAR[514408](hratio_l30) at 2.60/1.47 in tcn361 MR[0] elapsed 14552 sec.: [32mLoop time: 1.108s DC Power: [35m472.6W[32m DRAM power: 0.00W PCK power: 437.08W
	avg. CPUFreq: 2.57GHz avg. IMCFreq: 1.47GHz
	CPI: 0.371 VPI: 0.00, Mem. bwidth: 0.10GB/s GFLOPS: 0.00 I/O: 0.01MB/s No MPI  
	TPI 0.01 Cache miss rates: L1 0.60GB/s L2 0.00GB/s L3 0.00GB/s
	Total MPI calls 3
	IO DATA: rchar 4614 wchar 8844 syscr 51 syscw 27 read_bytes 0 write_bytes 294912
	Process OS info: (pid 514408 state R utime 1094 stime 1 cutime 0 cstime 0 CPU usage 98)
	CPU temperature (celsius): socket 0: 68 socket 1: 75[0m
EAR[514408](hratio_l30) at 2.60/1.47 in tcn361 MR[0] elapsed 14564 sec.: [32mLoop time: 1.108s DC Power: [35m525.3W[32m DRAM power: 0.00W PCK power: 437.00W
	avg. CPUFreq: 2.57GHz avg. IMCFreq: 1.47GHz
	CPI: 0.371 VPI: 0.00, Mem. bwidth: 0.09GB/s GFLOPS: 0.00 I/O: 0.01MB/s No MPI  
	TPI 0.01 Cache miss rates: L1 0.60GB/s L2 0.00GB/s L3 0.00GB/s
	Total MPI calls 3
	IO DATA: rchar 4614 wchar 8844 syscr 51 syscw 27 read_bytes 0 write_bytes 294912
	Process OS info: (pid 514408 state R utime 1093 stime 1 cutime 0 cstime 0 CPU usage 98)
	CPU temperature (celsius): socket 0: 68 socket 1: 75[0m
EAR[514408](hratio_l30) at 2.60/1.47 in tcn361 MR[0] elapsed 14576 sec.: [32mLoop time: 1.108s DC Power: [35m525.1W[32m DRAM power: 0.00W PCK power: 437.03W
	avg. CPUFreq: 2.57GHz avg. IMCFreq: 1.47GHz
	CPI: 0.372 VPI: 0.00, Mem. bwidth: 0.13GB/s GFLOPS: 0.00 I/O: 0.01MB/s No MPI  
	TPI 0.02 Cache miss rates: L1 0.60GB/s L2 0.00GB/s L3 0.00GB/s
	Total MPI calls 3
	IO DATA: rchar 4614 wchar 8844 syscr 51 syscw 27 read_bytes 0 write_bytes 294912
	Process OS info: (pid 514408 state R utime 1094 stime 0 cutime 0 cstime 0 CPU usage 98)
	CPU temperature (celsius): socket 0: 68 socket 1: 75[0m
EAR[514408](hratio_l30) at 2.60/1.47 in tcn361 MR[0] elapsed 14587 sec.: [32mLoop time: 1.208s DC Power: [35m529.8W[32m DRAM power: 0.00W PCK power: 436.89W
	avg. CPUFreq: 2.57GHz avg. IMCFreq: 1.47GHz
	CPI: 0.371 VPI: 0.00, Mem. bwidth: 0.12GB/s GFLOPS: 0.00 I/O: 0.01MB/s No MPI  
	TPI 0.02 Cache miss rates: L1 0.60GB/s L2 0.00GB/s L3 0.00GB/s
	Total MPI calls 3
	IO DATA: rchar 4614 wchar 8844 syscr 51 syscw 27 read_bytes 0 write_bytes 307200
	Process OS info: (pid 514408 state R utime 1191 stime 1 cutime 0 cstime 0 CPU usage 98)
	CPU temperature (celsius): socket 0: 68 socket 1: 75[0m
EAR[514408](hratio_l30) at 2.60/1.47 in tcn361 MR[0] elapsed 14598 sec.: [32mLoop time: 1.108s DC Power: [35m524.9W[32m DRAM power: 0.00W PCK power: 436.97W
	avg. CPUFreq: 2.57GHz avg. IMCFreq: 1.47GHz
	CPI: 0.371 VPI: 0.00, Mem. bwidth: 0.09GB/s GFLOPS: 0.00 I/O: 0.01MB/s No MPI  
	TPI 0.01 Cache miss rates: L1 0.60GB/s L2 0.00GB/s L3 0.00GB/s
	Total MPI calls 3
	IO DATA: rchar 4614 wchar 8844 syscr 51 syscw 27 read_bytes 0 write_bytes 360448
	Process OS info: (pid 514408 state R utime 1093 stime 1 cutime 0 cstime 0 CPU usage 98)
	CPU temperature (celsius): socket 0: 68 socket 1: 75[0m
EAR[514408](hratio_l30) at 2.60/1.47 in tcn361 MR[0] elapsed 14609 sec.: [32mLoop time: 1.108s DC Power: [35m524.4W[32m DRAM power: 0.00W PCK power: 437.08W
	avg. CPUFreq: 2.57GHz avg. IMCFreq: 1.47GHz
	CPI: 0.371 VPI: 0.00, Mem. bwidth: 0.13GB/s GFLOPS: 0.00 I/O: 0.01MB/s No MPI  
	TPI 0.02 Cache miss rates: L1 0.60GB/s L2 0.00GB/s L3 0.00GB/s
	Total MPI calls 3
	IO DATA: rchar 4614 wchar 8844 syscr 51 syscw 27 read_bytes 0 write_bytes 299008
	Process OS info: (pid 514408 state R utime 1093 stime 1 cutime 0 cstime 0 CPU usage 98)
	CPU temperature (celsius): socket 0: 68 socket 1: 75[0m
EAR[514408](hratio_l30) at 2.60/1.47 in tcn361 MR[0] elapsed 14620 sec.: [32mLoop time: 1.108s DC Power: [35m525.1W[32m DRAM power: 0.00W PCK power: 437.03W
	avg. CPUFreq: 2.57GHz avg. IMCFreq: 1.47GHz
	CPI: 0.371 VPI: 0.00, Mem. bwidth: 0.10GB/s GFLOPS: 0.00 I/O: 0.01MB/s No MPI  
	TPI 0.01 Cache miss rates: L1 0.59GB/s L2 0.00GB/s L3 0.00GB/s
	Total MPI calls 3
	IO DATA: rchar 4614 wchar 8844 syscr 51 syscw 27 read_bytes 0 write_bytes 290816
	Process OS info: (pid 514408 state R utime 1093 stime 0 cutime 0 cstime 0 CPU usage 98)
	CPU temperature (celsius): socket 0: 69 socket 1: 75[0m
EAR[514408](hratio_l30) at 2.60/1.47 in tcn361 MR[0] elapsed 14631 sec.: [32mLoop time: 1.108s DC Power: [35m525.9W[32m DRAM power: 0.00W PCK power: 437.18W
	avg. CPUFreq: 2.57GHz avg. IMCFreq: 1.47GHz
	CPI: 0.371 VPI: 0.00, Mem. bwidth: 0.10GB/s GFLOPS: 0.00 I/O: 0.01MB/s No MPI  
	TPI 0.01 Cache miss rates: L1 0.60GB/s L2 0.00GB/s L3 0.00GB/s
	Total MPI calls 3
	IO DATA: rchar 4614 wchar 8844 syscr 51 syscw 27 read_bytes 0 write_bytes 294912
	Process OS info: (pid 514408 state R utime 1093 stime 1 cutime 0 cstime 0 CPU usage 98)
	CPU temperature (celsius): socket 0: 68 socket 1: 75[0m
EAR[514408](hratio_l30) at 2.60/1.47 in tcn361 MR[0] elapsed 14642 sec.: [32mLoop time: 1.108s DC Power: [35m421.4W[32m DRAM power: 0.00W PCK power: 437.08W
	avg. CPUFreq: 2.57GHz avg. IMCFreq: 1.47GHz
	CPI: 0.371 VPI: 0.00, Mem. bwidth: 0.10GB/s GFLOPS: 0.00 I/O: 0.01MB/s No MPI  
	TPI 0.01 Cache miss rates: L1 0.60GB/s L2 0.00GB/s L3 0.00GB/s
	Total MPI calls 3
	IO DATA: rchar 4614 wchar 8844 syscr 51 syscw 27 read_bytes 0 write_bytes 294912
	Process OS info: (pid 514408 state R utime 1094 stime 0 cutime 0 cstime 0 CPU usage 98)
	CPU temperature (celsius): socket 0: 68 socket 1: 75[0m
EAR[514408](hratio_l30) at 2.60/1.47 in tcn361 MR[0] elapsed 14653 sec.: [32mLoop time: 1.107s DC Power: [35m527.3W[32m DRAM power: 0.00W PCK power: 437.04W
	avg. CPUFreq: 2.57GHz avg. IMCFreq: 1.47GHz
	CPI: 0.371 VPI: 0.00, Mem. bwidth: 0.09GB/s GFLOPS: 0.00 I/O: 0.01MB/s No MPI  
	TPI 0.01 Cache miss rates: L1 0.64GB/s L2 0.00GB/s L3 0.00GB/s
	Total MPI calls 3
	IO DATA: rchar 4614 wchar 8844 syscr 51 syscw 27 read_bytes 0 write_bytes 294912
	Process OS info: (pid 514408 state R utime 1093 stime 1 cutime 0 cstime 0 CPU usage 98)
	CPU temperature (celsius): socket 0: 68 socket 1: 75[0m
EAR[514408](hratio_l30) at 2.60/1.47 in tcn361 MR[0] elapsed 14664 sec.: [32mLoop time: 1.108s DC Power: [35m526.4W[32m DRAM power: 0.00W PCK power: 437.21W
	avg. CPUFreq: 2.57GHz avg. IMCFreq: 1.47GHz
	CPI: 0.371 VPI: 0.00, Mem. bwidth: 0.11GB/s GFLOPS: 0.00 I/O: 0.01MB/s No MPI  
	TPI 0.02 Cache miss rates: L1 0.60GB/s L2 0.00GB/s L3 0.00GB/s
	Total MPI calls 3
	IO DATA: rchar 4614 wchar 8844 syscr 51 syscw 27 read_bytes 0 write_bytes 376832
	Process OS info: (pid 514408 state R utime 1093 stime 1 cutime 0 cstime 0 CPU usage 98)
	CPU temperature (celsius): socket 0: 68 socket 1: 75[0m
EAR[514408](hratio_l30) at 2.60/1.47 in tcn361 MR[0] elapsed 14675 sec.: [32mLoop time: 1.107s DC Power: [35m526.1W[32m DRAM power: 0.00W PCK power: 437.00W
	avg. CPUFreq: 2.57GHz avg. IMCFreq: 1.47GHz
	CPI: 0.371 VPI: 0.00, Mem. bwidth: 0.11GB/s GFLOPS: 0.00 I/O: 0.01MB/s No MPI  
	TPI 0.02 Cache miss rates: L1 0.60GB/s L2 0.00GB/s L3 0.00GB/s
	Total MPI calls 3
	IO DATA: rchar 4614 wchar 8844 syscr 51 syscw 27 read_bytes 0 write_bytes 294912
	Process OS info: (pid 514408 state R utime 1093 stime 0 cutime 0 cstime 0 CPU usage 98)
	CPU temperature (celsius): socket 0: 68 socket 1: 75[0m
EAR[514408](hratio_l30) at 2.60/1.47 in tcn361 MR[0] elapsed 14686 sec.: [32mLoop time: 1.108s DC Power: [35m472.8W[32m DRAM power: 0.00W PCK power: 436.99W
	avg. CPUFreq: 2.57GHz avg. IMCFreq: 1.47GHz
	CPI: 0.371 VPI: 0.00, Mem. bwidth: 0.09GB/s GFLOPS: 0.00 I/O: 0.01MB/s No MPI  
	TPI 0.01 Cache miss rates: L1 0.60GB/s L2 0.00GB/s L3 0.00GB/s
	Total MPI calls 3
	IO DATA: rchar 4614 wchar 8844 syscr 51 syscw 27 read_bytes 0 write_bytes 286720
	Process OS info: (pid 514408 state R utime 1093 stime 1 cutime 0 cstime 0 CPU usage 98)
	CPU temperature (celsius): socket 0: 68 socket 1: 75[0m
EAR[514408](hratio_l30) at 2.60/1.47 in tcn361 MR[0] elapsed 14697 sec.: [32mLoop time: 1.108s DC Power: [35m472.9W[32m DRAM power: 0.00W PCK power: 437.16W
	avg. CPUFreq: 2.57GHz avg. IMCFreq: 1.47GHz
	CPI: 0.371 VPI: 0.00, Mem. bwidth: 0.12GB/s GFLOPS: 0.00 I/O: 0.01MB/s No MPI  
	TPI 0.02 Cache miss rates: L1 0.60GB/s L2 0.00GB/s L3 0.00GB/s
	Total MPI calls 3
	IO DATA: rchar 4614 wchar 8844 syscr 51 syscw 27 read_bytes 0 write_bytes 495616
	Process OS info: (pid 514408 state R utime 1094 stime 0 cutime 0 cstime 0 CPU usage 98)
	CPU temperature (celsius): socket 0: 68 socket 1: 75[0m
EAR[514408](hratio_l30) at 2.60/1.47 in tcn361 MR[0] elapsed 14709 sec.: [32mLoop time: 1.108s DC Power: [35m525.3W[32m DRAM power: 0.00W PCK power: 437.12W
	avg. CPUFreq: 2.57GHz avg. IMCFreq: 1.47GHz
	CPI: 0.371 VPI: 0.00, Mem. bwidth: 0.08GB/s GFLOPS: 0.00 I/O: 0.01MB/s No MPI  
	TPI 0.01 Cache miss rates: L1 0.60GB/s L2 0.00GB/s L3 0.00GB/s
	Total MPI calls 3
	IO DATA: rchar 4614 wchar 8844 syscr 51 syscw 27 read_bytes 0 write_bytes 299008
	Process OS info: (pid 514408 state R utime 1093 stime 1 cutime 0 cstime 0 CPU usage 98)
	CPU temperature (celsius): socket 0: 68 socket 1: 75[0m
EAR[514408](hratio_l30) at 2.60/1.47 in tcn361 MR[0] elapsed 14720 sec.: [32mLoop time: 1.108s DC Power: [35m525.4W[32m DRAM power: 0.00W PCK power: 437.03W
	avg. CPUFreq: 2.57GHz avg. IMCFreq: 1.47GHz
	CPI: 0.371 VPI: 0.00, Mem. bwidth: 0.11GB/s GFLOPS: 0.00 I/O: 0.01MB/s No MPI  
	TPI 0.02 Cache miss rates: L1 0.60GB/s L2 0.00GB/s L3 0.00GB/s
	Total MPI calls 3
	IO DATA: rchar 4614 wchar 8844 syscr 51 syscw 27 read_bytes 0 write_bytes 303104
	Process OS info: (pid 514408 state R utime 1093 stime 1 cutime 0 cstime 0 CPU usage 98)
	CPU temperature (celsius): socket 0: 68 socket 1: 75[0m
EAR[514408](hratio_l30) at 2.60/1.47 in tcn361 MR[0] elapsed 14731 sec.: [32mLoop time: 1.107s DC Power: [35m473.0W[32m DRAM power: 0.00W PCK power: 437.15W
	avg. CPUFreq: 2.57GHz avg. IMCFreq: 1.47GHz
	CPI: 0.371 VPI: 0.00, Mem. bwidth: 0.12GB/s GFLOPS: 0.00 I/O: 0.01MB/s No MPI  
	TPI 0.02 Cache miss rates: L1 0.60GB/s L2 0.00GB/s L3 0.00GB/s
	Total MPI calls 3
	IO DATA: rchar 4614 wchar 8844 syscr 51 syscw 27 read_bytes 0 write_bytes 401408
	Process OS info: (pid 514408 state R utime 1091 stime 0 cutime 0 cstime 0 CPU usage 98)
	CPU temperature (celsius): socket 0: 68 socket 1: 75[0m
EAR[514408](hratio_l30) at 2.60/1.47 in tcn361 MR[0] elapsed 14742 sec.: [32mLoop time: 1.108s DC Power: [35m525.4W[32m DRAM power: 0.00W PCK power: 436.98W
	avg. CPUFreq: 2.57GHz avg. IMCFreq: 1.47GHz
	CPI: 0.371 VPI: 0.00, Mem. bwidth: 0.09GB/s GFLOPS: 0.00 I/O: 0.01MB/s No MPI  
	TPI 0.01 Cache miss rates: L1 0.60GB/s L2 0.00GB/s L3 0.00GB/s
	Total MPI calls 3
	IO DATA: rchar 4614 wchar 8844 syscr 51 syscw 27 read_bytes 0 write_bytes 294912
	Process OS info: (pid 514408 state R utime 1092 stime 1 cutime 0 cstime 0 CPU usage 98)
	CPU temperature (celsius): socket 0: 68 socket 1: 75[0m
EAR[514408](hratio_l30) at 2.60/1.47 in tcn361 MR[0] elapsed 14753 sec.: [32mLoop time: 1.107s DC Power: [35m525.5W[32m DRAM power: 0.00W PCK power: 437.13W
	avg. CPUFreq: 2.57GHz avg. IMCFreq: 1.47GHz
	CPI: 0.371 VPI: 0.00, Mem. bwidth: 0.12GB/s GFLOPS: 0.00 I/O: 0.01MB/s No MPI  
	TPI 0.02 Cache miss rates: L1 0.60GB/s L2 0.00GB/s L3 0.00GB/s
	Total MPI calls 3
	IO DATA: rchar 4614 wchar 8844 syscr 51 syscw 27 read_bytes 0 write_bytes 303104
	Process OS info: (pid 514408 state R utime 1092 stime 1 cutime 0 cstime 0 CPU usage 98)
	CPU temperature (celsius): socket 0: 68 socket 1: 75[0m
EAR[514408](hratio_l30) at 2.60/1.47 in tcn361 MR[0] elapsed 14764 sec.: [32mLoop time: 1.107s DC Power: [35m473.0W[32m DRAM power: 0.00W PCK power: 436.96W
	avg. CPUFreq: 2.57GHz avg. IMCFreq: 1.47GHz
	CPI: 0.372 VPI: 0.00, Mem. bwidth: 0.09GB/s GFLOPS: 0.00 I/O: 0.01MB/s No MPI  
	TPI 0.01 Cache miss rates: L1 0.60GB/s L2 0.00GB/s L3 0.00GB/s
	Total MPI calls 3
	IO DATA: rchar 4614 wchar 8844 syscr 51 syscw 27 read_bytes 0 write_bytes 294912
	Process OS info: (pid 514408 state R utime 1091 stime 0 cutime 0 cstime 0 CPU usage 98)
	CPU temperature (celsius): socket 0: 68 socket 1: 75[0m
EAR[514408](hratio_l30) at 2.60/1.47 in tcn361 MR[0] elapsed 14775 sec.: [32mLoop time: 1.107s DC Power: [35m473.0W[32m DRAM power: 0.00W PCK power: 436.94W
	avg. CPUFreq: 2.57GHz avg. IMCFreq: 1.47GHz
	CPI: 0.371 VPI: 0.00, Mem. bwidth: 0.09GB/s GFLOPS: 0.00 I/O: 0.01MB/s No MPI  
	TPI 0.01 Cache miss rates: L1 0.60GB/s L2 0.00GB/s L3 0.00GB/s
	Total MPI calls 3
	IO DATA: rchar 4614 wchar 8844 syscr 51 syscw 27 read_bytes 0 write_bytes 294912
	Process OS info: (pid 514408 state R utime 1092 stime 1 cutime 0 cstime 0 CPU usage 98)
	CPU temperature (celsius): socket 0: 68 socket 1: 75[0m
EAR[514408](hratio_l30) at 2.60/1.47 in tcn361 MR[0] elapsed 14786 sec.: [32mLoop time: 1.107s DC Power: [35m525.6W[32m DRAM power: 0.00W PCK power: 437.13W
	avg. CPUFreq: 2.57GHz avg. IMCFreq: 1.47GHz
	CPI: 0.371 VPI: 0.00, Mem. bwidth: 0.12GB/s GFLOPS: 0.00 I/O: 0.01MB/s No MPI  
	TPI 0.02 Cache miss rates: L1 0.60GB/s L2 0.00GB/s L3 0.00GB/s
	Total MPI calls 3
	IO DATA: rchar 4614 wchar 8844 syscr 51 syscw 27 read_bytes 0 write_bytes 299008
	Process OS info: (pid 514408 state R utime 1091 stime 1 cutime 0 cstime 0 CPU usage 98)
	CPU temperature (celsius): socket 0: 68 socket 1: 75[0m
EAR[514408](hratio_l30) at 2.60/1.47 in tcn361 MR[0] elapsed 14797 sec.: [32mLoop time: 1.107s DC Power: [35m525.7W[32m DRAM power: 0.00W PCK power: 437.07W
	avg. CPUFreq: 2.57GHz avg. IMCFreq: 1.47GHz
	CPI: 0.371 VPI: 0.00, Mem. bwidth: 0.09GB/s GFLOPS: 0.00 I/O: 0.01MB/s No MPI  
	TPI 0.01 Cache miss rates: L1 0.66GB/s L2 0.00GB/s L3 0.00GB/s
	Total MPI calls 3
	IO DATA: rchar 4614 wchar 8844 syscr 51 syscw 27 read_bytes 0 write_bytes 294912
	Process OS info: (pid 514408 state R utime 1091 stime 0 cutime 0 cstime 0 CPU usage 98)
	CPU temperature (celsius): socket 0: 69 socket 1: 75[0m
EAR[514408](hratio_l30) at 2.60/1.47 in tcn361 MR[0] elapsed 14808 sec.: [32mLoop time: 1.107s DC Power: [35m526.5W[32m DRAM power: 0.00W PCK power: 436.95W
	avg. CPUFreq: 2.57GHz avg. IMCFreq: 1.47GHz
	CPI: 0.372 VPI: 0.00, Mem. bwidth: 0.11GB/s GFLOPS: 0.00 I/O: 0.01MB/s No MPI  
	TPI 0.02 Cache miss rates: L1 0.60GB/s L2 0.00GB/s L3 0.00GB/s
	Total MPI calls 3
	IO DATA: rchar 4614 wchar 8844 syscr 51 syscw 27 read_bytes 0 write_bytes 294912
	Process OS info: (pid 514408 state R utime 1092 stime 1 cutime 0 cstime 0 CPU usage 98)
	CPU temperature (celsius): socket 0: 68 socket 1: 75[0m
EAR[514408](hratio_l30) at 2.60/1.47 in tcn361 MR[0] elapsed 14819 sec.: [32mLoop time: 1.107s DC Power: [35m421.7W[32m DRAM power: 0.00W PCK power: 437.12W
	avg. CPUFreq: 2.57GHz avg. IMCFreq: 1.47GHz
	CPI: 0.372 VPI: 0.00, Mem. bwidth: 0.15GB/s GFLOPS: 0.00 I/O: 0.01MB/s No MPI  
	TPI 0.02 Cache miss rates: L1 0.60GB/s L2 0.00GB/s L3 0.00GB/s
	Total MPI calls 3
	IO DATA: rchar 4614 wchar 8844 syscr 51 syscw 27 read_bytes 0 write_bytes 303104
	Process OS info: (pid 514408 state R utime 1091 stime 1 cutime 0 cstime 0 CPU usage 98)
	CPU temperature (celsius): socket 0: 69 socket 1: 75[0m
EAR[514408](hratio_l30) at 2.60/1.47 in tcn361 MR[0] elapsed 14830 sec.: [32mLoop time: 1.108s DC Power: [35m526.9W[32m DRAM power: 0.00W PCK power: 436.98W
	avg. CPUFreq: 2.57GHz avg. IMCFreq: 1.47GHz
	CPI: 0.372 VPI: 0.00, Mem. bwidth: 0.10GB/s GFLOPS: 0.00 I/O: 0.01MB/s No MPI  
	TPI 0.01 Cache miss rates: L1 0.60GB/s L2 0.00GB/s L3 0.00GB/s
	Total MPI calls 3
	IO DATA: rchar 4614 wchar 8844 syscr 51 syscw 27 read_bytes 0 write_bytes 294912
	Process OS info: (pid 514408 state R utime 1092 stime 0 cutime 0 cstime 0 CPU usage 98)
	CPU temperature (celsius): socket 0: 68 socket 1: 75[0m
EAR[514408](hratio_l30) at 2.60/1.47 in tcn361 MR[0] elapsed 14841 sec.: [32mLoop time: 1.108s DC Power: [35m526.3W[32m DRAM power: 0.00W PCK power: 437.09W
	avg. CPUFreq: 2.57GHz avg. IMCFreq: 1.47GHz
	CPI: 0.372 VPI: 0.00, Mem. bwidth: 0.11GB/s GFLOPS: 0.00 I/O: 0.01MB/s No MPI  
	TPI 0.02 Cache miss rates: L1 0.60GB/s L2 0.00GB/s L3 0.00GB/s
	Total MPI calls 3
	IO DATA: rchar 4614 wchar 8844 syscr 51 syscw 27 read_bytes 0 write_bytes 303104
	Process OS info: (pid 514408 state R utime 1091 stime 1 cutime 0 cstime 0 CPU usage 98)
	CPU temperature (celsius): socket 0: 68 socket 1: 75[0m
EAR[514408](hratio_l30) at 2.60/1.47 in tcn361 MR[0] elapsed 14853 sec.: [32mLoop time: 1.107s DC Power: [35m525.8W[32m DRAM power: 0.00W PCK power: 437.00W
	avg. CPUFreq: 2.57GHz avg. IMCFreq: 1.47GHz
	CPI: 0.371 VPI: 0.00, Mem. bwidth: 0.09GB/s GFLOPS: 0.00 I/O: 0.01MB/s No MPI  
	TPI 0.01 Cache miss rates: L1 0.60GB/s L2 0.00GB/s L3 0.00GB/s
	Total MPI calls 3
	IO DATA: rchar 4614 wchar 8844 syscr 51 syscw 27 read_bytes 0 write_bytes 299008
	Process OS info: (pid 514408 state R utime 1093 stime 0 cutime 0 cstime 0 CPU usage 98)
	CPU temperature (celsius): socket 0: 68 socket 1: 75[0m
EAR[514408](hratio_l30) at 2.60/1.47 in tcn361 MR[0] elapsed 14864 sec.: [32mLoop time: 1.108s DC Power: [35m525.3W[32m DRAM power: 0.00W PCK power: 437.05W
	avg. CPUFreq: 2.57GHz avg. IMCFreq: 1.47GHz
	CPI: 0.371 VPI: 0.00, Mem. bwidth: 0.09GB/s GFLOPS: 0.00 I/O: 0.01MB/s No MPI  
	TPI 0.01 Cache miss rates: L1 0.60GB/s L2 0.00GB/s L3 0.00GB/s
	Total MPI calls 3
	IO DATA: rchar 4614 wchar 8844 syscr 51 syscw 27 read_bytes 0 write_bytes 294912
	Process OS info: (pid 514408 state R utime 1093 stime 1 cutime 0 cstime 0 CPU usage 98)
	CPU temperature (celsius): socket 0: 68 socket 1: 75[0m
EAR[514408](hratio_l30) at 2.60/1.47 in tcn361 MR[0] elapsed 14875 sec.: [32mLoop time: 1.107s DC Power: [35m525.7W[32m DRAM power: 0.00W PCK power: 437.12W
	avg. CPUFreq: 2.57GHz avg. IMCFreq: 1.47GHz
	CPI: 0.372 VPI: 0.00, Mem. bwidth: 0.12GB/s GFLOPS: 0.00 I/O: 0.01MB/s No MPI  
	TPI 0.02 Cache miss rates: L1 0.60GB/s L2 0.00GB/s L3 0.00GB/s
	Total MPI calls 3
	IO DATA: rchar 4614 wchar 8844 syscr 51 syscw 27 read_bytes 0 write_bytes 299008
	Process OS info: (pid 514408 state R utime 1093 stime 1 cutime 0 cstime 0 CPU usage 98)
	CPU temperature (celsius): socket 0: 68 socket 1: 75[0m
EAR[514408](hratio_l30) at 2.60/1.47 in tcn361 MR[0] elapsed 14886 sec.: [32mLoop time: 1.107s DC Power: [35m525.5W[32m DRAM power: 0.00W PCK power: 437.06W
	avg. CPUFreq: 2.57GHz avg. IMCFreq: 1.47GHz
	CPI: 0.371 VPI: 0.00, Mem. bwidth: 0.09GB/s GFLOPS: 0.00 I/O: 0.01MB/s No MPI  
	TPI 0.01 Cache miss rates: L1 0.60GB/s L2 0.00GB/s L3 0.00GB/s
	Total MPI calls 3
	IO DATA: rchar 4614 wchar 8844 syscr 51 syscw 27 read_bytes 0 write_bytes 303104
	Process OS info: (pid 514408 state R utime 1093 stime 0 cutime 0 cstime 0 CPU usage 98)
	CPU temperature (celsius): socket 0: 68 socket 1: 75[0m
EAR[514408](hratio_l30) at 2.60/1.47 in tcn361 MR[0] elapsed 14897 sec.: [32mLoop time: 1.108s DC Power: [35m472.9W[32m DRAM power: 0.00W PCK power: 437.03W
	avg. CPUFreq: 2.57GHz avg. IMCFreq: 1.47GHz
	CPI: 0.371 VPI: 0.00, Mem. bwidth: 0.09GB/s GFLOPS: 0.00 I/O: 0.01MB/s No MPI  
	TPI 0.01 Cache miss rates: L1 0.60GB/s L2 0.00GB/s L3 0.00GB/s
	Total MPI calls 3
	IO DATA: rchar 4614 wchar 8844 syscr 51 syscw 27 read_bytes 0 write_bytes 303104
	Process OS info: (pid 514408 state R utime 1093 stime 1 cutime 0 cstime 0 CPU usage 98)
	CPU temperature (celsius): socket 0: 68 socket 1: 75[0m
EAR[514408](hratio_l30) at 2.60/1.47 in tcn361 MR[0] elapsed 14908 sec.: [32mLoop time: 1.108s DC Power: [35m525.1W[32m DRAM power: 0.00W PCK power: 437.13W
	avg. CPUFreq: 2.57GHz avg. IMCFreq: 1.47GHz
	CPI: 0.371 VPI: 0.00, Mem. bwidth: 0.15GB/s GFLOPS: 0.00 I/O: 0.01MB/s No MPI  
	TPI 0.02 Cache miss rates: L1 0.60GB/s L2 0.00GB/s L3 0.00GB/s
	Total MPI calls 3
	IO DATA: rchar 4614 wchar 8844 syscr 51 syscw 27 read_bytes 0 write_bytes 290816
	Process OS info: (pid 514408 state R utime 1092 stime 1 cutime 0 cstime 0 CPU usage 98)
	CPU temperature (celsius): socket 0: 69 socket 1: 75[0m
EAR[514408](hratio_l30) at 2.60/1.47 in tcn361 MR[0] elapsed 14919 sec.: [32mLoop time: 1.108s DC Power: [35m524.4W[32m DRAM power: 0.00W PCK power: 436.65W
	avg. CPUFreq: 2.57GHz avg. IMCFreq: 1.47GHz
	CPI: 0.372 VPI: 0.00, Mem. bwidth: 0.37GB/s GFLOPS: 0.00 I/O: 0.01MB/s No MPI  
	TPI 0.05 Cache miss rates: L1 0.60GB/s L2 0.00GB/s L3 0.00GB/s
	Total MPI calls 3
	IO DATA: rchar 4614 wchar 8844 syscr 51 syscw 27 read_bytes 0 write_bytes 294912
	Process OS info: (pid 514408 state R utime 1078 stime 1 cutime 0 cstime 0 CPU usage 97)
	CPU temperature (celsius): socket 0: 68 socket 1: 75[0m
EAR[514408](hratio_l30) at 2.60/1.47 in tcn361 MR[0] elapsed 14930 sec.: [32mLoop time: 1.108s DC Power: [35m524.5W[32m DRAM power: 0.00W PCK power: 436.79W
	avg. CPUFreq: 2.57GHz avg. IMCFreq: 1.47GHz
	CPI: 0.372 VPI: 0.00, Mem. bwidth: 0.26GB/s GFLOPS: 0.00 I/O: 0.01MB/s No MPI  
	TPI 0.04 Cache miss rates: L1 0.60GB/s L2 0.00GB/s L3 0.00GB/s
	Total MPI calls 3
	IO DATA: rchar 4614 wchar 8844 syscr 51 syscw 27 read_bytes 0 write_bytes 294912
	Process OS info: (pid 514408 state R utime 1078 stime 1 cutime 0 cstime 0 CPU usage 97)
	CPU temperature (celsius): socket 0: 68 socket 1: 75[0m
EAR[514408](hratio_l30) at 2.60/1.47 in tcn361 MR[0] elapsed 14941 sec.: [32mLoop time: 1.108s DC Power: [35m419.5W[32m DRAM power: 0.00W PCK power: 436.78W
	avg. CPUFreq: 2.57GHz avg. IMCFreq: 1.47GHz
	CPI: 0.372 VPI: 0.00, Mem. bwidth: 0.25GB/s GFLOPS: 0.00 I/O: 0.01MB/s No MPI  
	TPI 0.04 Cache miss rates: L1 0.65GB/s L2 0.00GB/s L3 0.00GB/s
	Total MPI calls 3
	IO DATA: rchar 4614 wchar 8844 syscr 51 syscw 27 read_bytes 0 write_bytes 294912
	Process OS info: (pid 514408 state R utime 1081 stime 1 cutime 0 cstime 0 CPU usage 97)
	CPU temperature (celsius): socket 0: 68 socket 1: 75[0m
EAR[514408](hratio_l30) at 2.60/1.47 in tcn361 MR[0] elapsed 14952 sec.: [32mLoop time: 1.108s DC Power: [35m524.2W[32m DRAM power: 0.00W PCK power: 436.67W
	avg. CPUFreq: 2.57GHz avg. IMCFreq: 1.47GHz
	CPI: 0.372 VPI: 0.00, Mem. bwidth: 0.21GB/s GFLOPS: 0.00 I/O: 0.01MB/s No MPI  
	TPI 0.03 Cache miss rates: L1 0.60GB/s L2 0.00GB/s L3 0.00GB/s
	Total MPI calls 3
	IO DATA: rchar 4614 wchar 8844 syscr 51 syscw 27 read_bytes 0 write_bytes 294912
	Process OS info: (pid 514408 state R utime 1090 stime 1 cutime 0 cstime 0 CPU usage 98)
	CPU temperature (celsius): socket 0: 68 socket 1: 75[0m
EAR[514408](hratio_l30) at 2.60/1.47 in tcn361 MR[0] elapsed 14963 sec.: [32mLoop time: 1.108s DC Power: [35m524.8W[32m DRAM power: 0.00W PCK power: 437.54W
	avg. CPUFreq: 2.57GHz avg. IMCFreq: 1.47GHz
	CPI: 0.372 VPI: 0.00, Mem. bwidth: 0.38GB/s GFLOPS: 0.00 I/O: 0.01MB/s No MPI  
	TPI 0.06 Cache miss rates: L1 0.60GB/s L2 0.00GB/s L3 0.00GB/s
	Total MPI calls 3
	IO DATA: rchar 4614 wchar 8844 syscr 51 syscw 27 read_bytes 0 write_bytes 299008
	Process OS info: (pid 514408 state R utime 1053 stime 1 cutime 0 cstime 0 CPU usage 95)
	CPU temperature (celsius): socket 0: 69 socket 1: 75[0m
EAR[514408](hratio_l30) at 2.60/1.47 in tcn361 MR[0] elapsed 14974 sec.: [32mLoop time: 1.108s DC Power: [35m525.3W[32m DRAM power: 0.00W PCK power: 436.99W
	avg. CPUFreq: 2.57GHz avg. IMCFreq: 1.47GHz
	CPI: 0.372 VPI: 0.00, Mem. bwidth: 0.11GB/s GFLOPS: 0.00 I/O: 0.01MB/s No MPI  
	TPI 0.02 Cache miss rates: L1 0.60GB/s L2 0.00GB/s L3 0.00GB/s
	Total MPI calls 3
	IO DATA: rchar 4614 wchar 8844 syscr 51 syscw 27 read_bytes 0 write_bytes 299008
	Process OS info: (pid 514408 state R utime 1094 stime 0 cutime 0 cstime 0 CPU usage 98)
	CPU temperature (celsius): socket 0: 69 socket 1: 75[0m
EAR[514408](hratio_l30) at 2.60/1.47 in tcn361 MR[0] elapsed 14985 sec.: [32mLoop time: 1.108s DC Power: [35m473.9W[32m DRAM power: 0.00W PCK power: 437.05W
	avg. CPUFreq: 2.57GHz avg. IMCFreq: 1.47GHz
	CPI: 0.372 VPI: 0.00, Mem. bwidth: 0.10GB/s GFLOPS: 0.00 I/O: 0.01MB/s No MPI  
	TPI 0.01 Cache miss rates: L1 0.59GB/s L2 0.00GB/s L3 0.00GB/s
	Total MPI calls 3
	IO DATA: rchar 4614 wchar 8844 syscr 51 syscw 27 read_bytes 0 write_bytes 294912
	Process OS info: (pid 514408 state R utime 1093 stime 1 cutime 0 cstime 0 CPU usage 98)
	CPU temperature (celsius): socket 0: 68 socket 1: 75[0m
EAR[514408](hratio_l30) at 2.60/1.47 in tcn361 MR[0] elapsed 14997 sec.: [32mLoop time: 1.107s DC Power: [35m527.5W[32m DRAM power: 0.00W PCK power: 437.20W
	avg. CPUFreq: 2.57GHz avg. IMCFreq: 1.47GHz
	CPI: 0.372 VPI: 0.00, Mem. bwidth: 0.12GB/s GFLOPS: 0.00 I/O: 0.01MB/s No MPI  
	TPI 0.02 Cache miss rates: L1 0.60GB/s L2 0.00GB/s L3 0.00GB/s
	Total MPI calls 3
	IO DATA: rchar 4614 wchar 8844 syscr 51 syscw 27 read_bytes 0 write_bytes 294912
	Process OS info: (pid 514408 state R utime 1093 stime 1 cutime 0 cstime 0 CPU usage 98)
	CPU temperature (celsius): socket 0: 69 socket 1: 75[0m
EAR[514408](hratio_l30) at 2.60/1.47 in tcn361 MR[0] elapsed 15008 sec.: [32mLoop time: 1.108s DC Power: [35m526.4W[32m DRAM power: 0.00W PCK power: 437.12W
	avg. CPUFreq: 2.57GHz avg. IMCFreq: 1.47GHz
	CPI: 0.371 VPI: 0.00, Mem. bwidth: 0.08GB/s GFLOPS: 0.00 I/O: 0.01MB/s No MPI  
	TPI 0.01 Cache miss rates: L1 0.60GB/s L2 0.00GB/s L3 0.00GB/s
	Total MPI calls 3
	IO DATA: rchar 4614 wchar 8844 syscr 51 syscw 27 read_bytes 0 write_bytes 327680
	Process OS info: (pid 514408 state R utime 1093 stime 0 cutime 0 cstime 0 CPU usage 98)
	CPU temperature (celsius): socket 0: 68 socket 1: 75[0m
EAR[514408](hratio_l30) at 2.60/1.47 in tcn361 MR[0] elapsed 15019 sec.: [32mLoop time: 1.108s DC Power: [35m525.6W[32m DRAM power: 0.00W PCK power: 436.81W
	avg. CPUFreq: 2.57GHz avg. IMCFreq: 1.47GHz
	CPI: 0.372 VPI: 0.00, Mem. bwidth: 0.10GB/s GFLOPS: 0.00 I/O: 0.01MB/s No MPI  
	TPI 0.01 Cache miss rates: L1 0.59GB/s L2 0.00GB/s L3 0.00GB/s
	Total MPI calls 3
	IO DATA: rchar 4614 wchar 8844 syscr 51 syscw 27 read_bytes 0 write_bytes 303104
	Process OS info: (pid 514408 state R utime 1093 stime 1 cutime 0 cstime 0 CPU usage 98)
	CPU temperature (celsius): socket 0: 68 socket 1: 75[0m
EAR[514408](hratio_l30) at 2.60/1.47 in tcn361 MR[0] elapsed 15030 sec.: [32mLoop time: 1.108s DC Power: [35m472.6W[32m DRAM power: 0.00W PCK power: 437.09W
	avg. CPUFreq: 2.57GHz avg. IMCFreq: 1.47GHz
	CPI: 0.372 VPI: 0.00, Mem. bwidth: 0.13GB/s GFLOPS: 0.00 I/O: 0.01MB/s No MPI  
	TPI 0.02 Cache miss rates: L1 0.60GB/s L2 0.00GB/s L3 0.00GB/s
	Total MPI calls 3
	IO DATA: rchar 4614 wchar 8844 syscr 51 syscw 27 read_bytes 0 write_bytes 299008
	Process OS info: (pid 514408 state R utime 1094 stime 1 cutime 0 cstime 0 CPU usage 98)
	CPU temperature (celsius): socket 0: 68 socket 1: 75[0m
EAR[514408](hratio_l30) at 2.60/1.47 in tcn361 MR[0] elapsed 15041 sec.: [32mLoop time: 1.108s DC Power: [35m524.4W[32m DRAM power: 0.00W PCK power: 436.98W
	avg. CPUFreq: 2.57GHz avg. IMCFreq: 1.47GHz
	CPI: 0.372 VPI: 0.00, Mem. bwidth: 0.09GB/s GFLOPS: 0.00 I/O: 0.01MB/s No MPI  
	TPI 0.01 Cache miss rates: L1 0.59GB/s L2 0.00GB/s L3 0.00GB/s
	Total MPI calls 3
	IO DATA: rchar 4614 wchar 8844 syscr 51 syscw 27 read_bytes 0 write_bytes 372736
	Process OS info: (pid 514408 state R utime 1093 stime 0 cutime 0 cstime 0 CPU usage 98)
	CPU temperature (celsius): socket 0: 69 socket 1: 75[0m
EAR[514408](hratio_l30) at 2.60/1.47 in tcn361 MR[0] elapsed 15052 sec.: [32mLoop time: 1.110s DC Power: [35m523.3W[32m DRAM power: 0.00W PCK power: 436.99W
	avg. CPUFreq: 2.57GHz avg. IMCFreq: 1.47GHz
	CPI: 0.372 VPI: 0.00, Mem. bwidth: 0.12GB/s GFLOPS: 0.00 I/O: 0.01MB/s No MPI  
	TPI 0.02 Cache miss rates: L1 0.60GB/s L2 0.00GB/s L3 0.00GB/s
	Total MPI calls 3
	IO DATA: rchar 4614 wchar 8844 syscr 51 syscw 27 read_bytes 0 write_bytes 294912
	Process OS info: (pid 514408 state R utime 1096 stime 1 cutime 0 cstime 0 CPU usage 98)
	CPU temperature (celsius): socket 0: 68 socket 1: 75[0m
EAR[514408](hratio_l30) at 2.60/1.47 in tcn361 MR[0] elapsed 15063 sec.: [32mLoop time: 1.108s DC Power: [35m472.1W[32m DRAM power: 0.00W PCK power: 436.88W
	avg. CPUFreq: 2.57GHz avg. IMCFreq: 1.47GHz
	CPI: 0.372 VPI: 0.00, Mem. bwidth: 0.12GB/s GFLOPS: 0.00 I/O: 0.01MB/s No MPI  
	TPI 0.02 Cache miss rates: L1 0.60GB/s L2 0.00GB/s L3 0.00GB/s
	Total MPI calls 3
	IO DATA: rchar 4614 wchar 8844 syscr 51 syscw 27 read_bytes 0 write_bytes 294912
	Process OS info: (pid 514408 state R utime 1092 stime 1 cutime 0 cstime 0 CPU usage 98)
	CPU temperature (celsius): socket 0: 68 socket 1: 75[0m
EAR[514408](hratio_l30) at 2.60/1.47 in tcn361 MR[0] elapsed 15074 sec.: [32mLoop time: 1.108s DC Power: [35m472.7W[32m DRAM power: 0.00W PCK power: 436.88W
	avg. CPUFreq: 2.57GHz avg. IMCFreq: 1.47GHz
	CPI: 0.372 VPI: 0.00, Mem. bwidth: 0.11GB/s GFLOPS: 0.00 I/O: 0.01MB/s No MPI  
	TPI 0.02 Cache miss rates: L1 0.60GB/s L2 0.00GB/s L3 0.00GB/s
	Total MPI calls 3
	IO DATA: rchar 4614 wchar 8844 syscr 51 syscw 27 read_bytes 0 write_bytes 303104
	Process OS info: (pid 514408 state R utime 1092 stime 0 cutime 0 cstime 0 CPU usage 98)
	CPU temperature (celsius): socket 0: 68 socket 1: 75[0m
EAR[514408](hratio_l30) at 2.60/1.47 in tcn361 MR[0] elapsed 15085 sec.: [32mLoop time: 1.108s DC Power: [35m525.4W[32m DRAM power: 0.00W PCK power: 437.10W
	avg. CPUFreq: 2.57GHz avg. IMCFreq: 1.47GHz
	CPI: 0.371 VPI: 0.00, Mem. bwidth: 0.11GB/s GFLOPS: 0.00 I/O: 0.01MB/s No MPI  
	TPI 0.02 Cache miss rates: L1 0.65GB/s L2 0.00GB/s L3 0.00GB/s
	Total MPI calls 3
	IO DATA: rchar 4614 wchar 8844 syscr 51 syscw 27 read_bytes 0 write_bytes 294912
	Process OS info: (pid 514408 state R utime 1093 stime 1 cutime 0 cstime 0 CPU usage 98)
	CPU temperature (celsius): socket 0: 68 socket 1: 75[0m
EAR[514408](hratio_l30) at 2.60/1.47 in tcn361 MR[0] elapsed 15096 sec.: [32mLoop time: 1.108s DC Power: [35m525.2W[32m DRAM power: 0.00W PCK power: 436.98W
	avg. CPUFreq: 2.57GHz avg. IMCFreq: 1.47GHz
	CPI: 0.371 VPI: 0.00, Mem. bwidth: 0.09GB/s GFLOPS: 0.00 I/O: 0.01MB/s No MPI  
	TPI 0.01 Cache miss rates: L1 0.60GB/s L2 0.00GB/s L3 0.00GB/s
	Total MPI calls 3
	IO DATA: rchar 4614 wchar 8844 syscr 51 syscw 27 read_bytes 0 write_bytes 299008
	Process OS info: (pid 514408 state R utime 1094 stime 0 cutime 0 cstime 0 CPU usage 98)
	CPU temperature (celsius): socket 0: 69 socket 1: 75[0m
EAR[514408](hratio_l30) at 2.60/1.47 in tcn361 MR[0] elapsed 15107 sec.: [32mLoop time: 1.107s DC Power: [35m524.9W[32m DRAM power: 0.00W PCK power: 436.97W
	avg. CPUFreq: 2.57GHz avg. IMCFreq: 1.47GHz
	CPI: 0.372 VPI: 0.00, Mem. bwidth: 0.10GB/s GFLOPS: 0.00 I/O: 0.01MB/s No MPI  
	TPI 0.02 Cache miss rates: L1 0.59GB/s L2 0.00GB/s L3 0.00GB/s
	Total MPI calls 3
	IO DATA: rchar 4614 wchar 8844 syscr 51 syscw 27 read_bytes 0 write_bytes 294912
	Process OS info: (pid 514408 state R utime 1093 stime 1 cutime 0 cstime 0 CPU usage 98)
	CPU temperature (celsius): socket 0: 68 socket 1: 75[0m
EAR[514408](hratio_l30) at 2.60/1.47 in tcn361 MR[0] elapsed 15118 sec.: [32mLoop time: 1.108s DC Power: [35m419.6W[32m DRAM power: 0.00W PCK power: 437.10W
	avg. CPUFreq: 2.57GHz avg. IMCFreq: 1.47GHz
	CPI: 0.371 VPI: 0.00, Mem. bwidth: 0.13GB/s GFLOPS: 0.00 I/O: 0.01MB/s No MPI  
	TPI 0.02 Cache miss rates: L1 0.60GB/s L2 0.00GB/s L3 0.00GB/s
	Total MPI calls 3
	IO DATA: rchar 4614 wchar 8844 syscr 51 syscw 27 read_bytes 0 write_bytes 294912
	Process OS info: (pid 514408 state R utime 1092 stime 1 cutime 0 cstime 0 CPU usage 98)
	CPU temperature (celsius): socket 0: 68 socket 1: 75[0m
EAR[514408](hratio_l30) at 2.60/1.47 in tcn361 MR[0] elapsed 15130 sec.: [32mLoop time: 1.108s DC Power: [35m524.4W[32m DRAM power: 0.00W PCK power: 437.04W
	avg. CPUFreq: 2.57GHz avg. IMCFreq: 1.47GHz
	CPI: 0.371 VPI: 0.00, Mem. bwidth: 0.09GB/s GFLOPS: 0.00 I/O: 0.01MB/s No MPI  
	TPI 0.01 Cache miss rates: L1 0.60GB/s L2 0.00GB/s L3 0.00GB/s
	Total MPI calls 3
	IO DATA: rchar 4614 wchar 8844 syscr 51 syscw 27 read_bytes 0 write_bytes 294912
	Process OS info: (pid 514408 state R utime 1094 stime 0 cutime 0 cstime 0 CPU usage 98)
	CPU temperature (celsius): socket 0: 69 socket 1: 75[0m
EAR[514408](hratio_l30) at 2.60/1.47 in tcn361 MR[0] elapsed 15141 sec.: [32mLoop time: 1.108s DC Power: [35m525.2W[32m DRAM power: 0.00W PCK power: 437.08W
	avg. CPUFreq: 2.57GHz avg. IMCFreq: 1.47GHz
	CPI: 0.371 VPI: 0.00, Mem. bwidth: 0.09GB/s GFLOPS: 0.00 I/O: 0.01MB/s No MPI  
	TPI 0.01 Cache miss rates: L1 0.60GB/s L2 0.00GB/s L3 0.00GB/s
	Total MPI calls 3
	IO DATA: rchar 4614 wchar 8844 syscr 51 syscw 27 read_bytes 0 write_bytes 339968
	Process OS info: (pid 514408 state R utime 1094 stime 1 cutime 0 cstime 0 CPU usage 98)
	CPU temperature (celsius): socket 0: 68 socket 1: 75[0m
EAR[514408](hratio_l30) at 2.60/1.47 in tcn361 MR[0] elapsed 15152 sec.: [32mLoop time: 1.108s DC Power: [35m526.1W[32m DRAM power: 0.00W PCK power: 437.13W
	avg. CPUFreq: 2.57GHz avg. IMCFreq: 1.47GHz
	CPI: 0.372 VPI: 0.00, Mem. bwidth: 0.12GB/s GFLOPS: 0.00 I/O: 0.01MB/s No MPI  
	TPI 0.02 Cache miss rates: L1 0.60GB/s L2 0.00GB/s L3 0.00GB/s
	Total MPI calls 3
	IO DATA: rchar 4614 wchar 8844 syscr 51 syscw 27 read_bytes 0 write_bytes 499712
	Process OS info: (pid 514408 state R utime 1093 stime 1 cutime 0 cstime 0 CPU usage 98)
	CPU temperature (celsius): socket 0: 69 socket 1: 75[0m
EAR[514408](hratio_l30) at 2.60/1.47 in tcn361 MR[0] elapsed 15163 sec.: [32mLoop time: 1.108s DC Power: [35m474.2W[32m DRAM power: 0.00W PCK power: 437.08W
	avg. CPUFreq: 2.57GHz avg. IMCFreq: 1.47GHz
	CPI: 0.371 VPI: 0.00, Mem. bwidth: 0.11GB/s GFLOPS: 0.00 I/O: 0.01MB/s No MPI  
	TPI 0.02 Cache miss rates: L1 0.60GB/s L2 0.00GB/s L3 0.00GB/s
	Total MPI calls 3
	IO DATA: rchar 4614 wchar 8844 syscr 51 syscw 27 read_bytes 0 write_bytes 458752
	Process OS info: (pid 514408 state R utime 1093 stime 1 cutime 0 cstime 0 CPU usage 98)
	CPU temperature (celsius): socket 0: 68 socket 1: 75[0m
EAR[514408](hratio_l30) at 2.60/1.47 in tcn361 MR[0] elapsed 15174 sec.: [32mLoop time: 1.108s DC Power: [35m527.2W[32m DRAM power: 0.00W PCK power: 437.21W
	avg. CPUFreq: 2.57GHz avg. IMCFreq: 1.47GHz
	CPI: 0.371 VPI: 0.00, Mem. bwidth: 0.12GB/s GFLOPS: 0.00 I/O: 0.01MB/s No MPI  
	TPI 0.02 Cache miss rates: L1 0.60GB/s L2 0.00GB/s L3 0.00GB/s
	Total MPI calls 3
	IO DATA: rchar 4614 wchar 8844 syscr 51 syscw 27 read_bytes 0 write_bytes 294912
	Process OS info: (pid 514408 state R utime 1093 stime 0 cutime 0 cstime 0 CPU usage 98)
	CPU temperature (celsius): socket 0: 69 socket 1: 75[0m
EAR[514408](hratio_l30) at 2.60/1.47 in tcn361 MR[0] elapsed 15185 sec.: [32mLoop time: 1.109s DC Power: [35m473.2W[32m DRAM power: 0.00W PCK power: 437.08W
	avg. CPUFreq: 2.57GHz avg. IMCFreq: 1.47GHz
	CPI: 0.371 VPI: 0.00, Mem. bwidth: 0.08GB/s GFLOPS: 0.00 I/O: 0.01MB/s No MPI  
	TPI 0.01 Cache miss rates: L1 0.60GB/s L2 0.00GB/s L3 0.00GB/s
	Total MPI calls 3
	IO DATA: rchar 4614 wchar 8844 syscr 51 syscw 27 read_bytes 0 write_bytes 303104
	Process OS info: (pid 514408 state R utime 1095 stime 1 cutime 0 cstime 0 CPU usage 98)
	CPU temperature (celsius): socket 0: 68 socket 1: 75[0m
EAR[514408](hratio_l30) at 2.60/1.47 in tcn361 MR[0] elapsed 15196 sec.: [32mLoop time: 1.108s DC Power: [35m525.6W[32m DRAM power: 0.00W PCK power: 436.91W
	avg. CPUFreq: 2.57GHz avg. IMCFreq: 1.47GHz
	CPI: 0.372 VPI: 0.00, Mem. bwidth: 0.09GB/s GFLOPS: 0.00 I/O: 0.01MB/s No MPI  
	TPI 0.01 Cache miss rates: L1 0.60GB/s L2 0.00GB/s L3 0.00GB/s
	Total MPI calls 3
	IO DATA: rchar 4614 wchar 8844 syscr 51 syscw 27 read_bytes 0 write_bytes 294912
	Process OS info: (pid 514408 state R utime 1093 stime 1 cutime 0 cstime 0 CPU usage 98)
	CPU temperature (celsius): socket 0: 68 socket 1: 75[0m
EAR[514408](hratio_l30) at 2.60/1.47 in tcn361 MR[0] elapsed 15207 sec.: [32mLoop time: 1.108s DC Power: [35m472.3W[32m DRAM power: 0.00W PCK power: 436.97W
	avg. CPUFreq: 2.57GHz avg. IMCFreq: 1.47GHz
	CPI: 0.372 VPI: 0.00, Mem. bwidth: 0.15GB/s GFLOPS: 0.00 I/O: 0.01MB/s No MPI  
	TPI 0.02 Cache miss rates: L1 0.60GB/s L2 0.00GB/s L3 0.00GB/s
	Total MPI calls 3
	IO DATA: rchar 4614 wchar 8844 syscr 51 syscw 27 read_bytes 0 write_bytes 311296
	Process OS info: (pid 514408 state R utime 1093 stime 0 cutime 0 cstime 0 CPU usage 98)
	CPU temperature (celsius): socket 0: 68 socket 1: 75[0m
EAR[514408](hratio_l30) at 2.60/1.47 in tcn361 MR[0] elapsed 15218 sec.: [32mLoop time: 1.107s DC Power: [35m524.6W[32m DRAM power: 0.00W PCK power: 436.84W
	avg. CPUFreq: 2.57GHz avg. IMCFreq: 1.47GHz
	CPI: 0.372 VPI: 0.00, Mem. bwidth: 0.10GB/s GFLOPS: 0.00 I/O: 0.01MB/s No MPI  
	TPI 0.02 Cache miss rates: L1 0.60GB/s L2 0.00GB/s L3 0.00GB/s
	Total MPI calls 3
	IO DATA: rchar 4614 wchar 8844 syscr 51 syscw 27 read_bytes 0 write_bytes 299008
	Process OS info: (pid 514408 state R utime 1093 stime 1 cutime 0 cstime 0 CPU usage 98)
	CPU temperature (celsius): socket 0: 68 socket 1: 75[0m
EAR[514408](hratio_l30) at 2.60/1.47 in tcn361 MR[0] elapsed 15229 sec.: [32mLoop time: 1.108s DC Power: [35m524.6W[32m DRAM power: 0.00W PCK power: 436.93W
	avg. CPUFreq: 2.57GHz avg. IMCFreq: 1.47GHz
	CPI: 0.371 VPI: 0.00, Mem. bwidth: 0.10GB/s GFLOPS: 0.00 I/O: 0.01MB/s No MPI  
	TPI 0.01 Cache miss rates: L1 0.65GB/s L2 0.00GB/s L3 0.00GB/s
	Total MPI calls 3
	IO DATA: rchar 4614 wchar 8844 syscr 51 syscw 27 read_bytes 0 write_bytes 294912
	Process OS info: (pid 514408 state R utime 1093 stime 0 cutime 0 cstime 0 CPU usage 98)
	CPU temperature (celsius): socket 0: 68 socket 1: 75[0m
EAR[514408](hratio_l30) at 2.60/1.47 in tcn361 MR[0] elapsed 15240 sec.: [32mLoop time: 1.108s DC Power: [35m472.1W[32m DRAM power: 0.00W PCK power: 437.09W
	avg. CPUFreq: 2.57GHz avg. IMCFreq: 1.47GHz
	CPI: 0.371 VPI: 0.00, Mem. bwidth: 0.13GB/s GFLOPS: 0.00 I/O: 0.01MB/s No MPI  
	TPI 0.02 Cache miss rates: L1 0.60GB/s L2 0.00GB/s L3 0.00GB/s
	Total MPI calls 3
	IO DATA: rchar 4614 wchar 8844 syscr 51 syscw 27 read_bytes 0 write_bytes 294912
	Process OS info: (pid 514408 state R utime 1093 stime 1 cutime 0 cstime 0 CPU usage 98)
	CPU temperature (celsius): socket 0: 68 socket 1: 75[0m
EAR[514408](hratio_l30) at 2.60/1.47 in tcn361 MR[0] elapsed 15251 sec.: [32mLoop time: 1.109s DC Power: [35m471.7W[32m DRAM power: 0.00W PCK power: 436.92W
	avg. CPUFreq: 2.57GHz avg. IMCFreq: 1.47GHz
	CPI: 0.371 VPI: 0.00, Mem. bwidth: 0.10GB/s GFLOPS: 0.00 I/O: 0.01MB/s No MPI  
	TPI 0.01 Cache miss rates: L1 0.60GB/s L2 0.00GB/s L3 0.00GB/s
	Total MPI calls 3
	IO DATA: rchar 4614 wchar 8844 syscr 51 syscw 27 read_bytes 0 write_bytes 294912
	Process OS info: (pid 514408 state R utime 1094 stime 1 cutime 0 cstime 0 CPU usage 98)
	CPU temperature (celsius): socket 0: 68 socket 1: 75[0m
EAR[514408](hratio_l30) at 2.60/1.47 in tcn361 MR[0] elapsed 15262 sec.: [32mLoop time: 1.108s DC Power: [35m524.6W[32m DRAM power: 0.00W PCK power: 437.00W
	avg. CPUFreq: 2.57GHz avg. IMCFreq: 1.47GHz
	CPI: 0.372 VPI: 0.00, Mem. bwidth: 0.12GB/s GFLOPS: 0.00 I/O: 0.01MB/s No MPI  
	TPI 0.02 Cache miss rates: L1 0.60GB/s L2 0.00GB/s L3 0.00GB/s
	Total MPI calls 3
	IO DATA: rchar 4614 wchar 8844 syscr 51 syscw 27 read_bytes 0 write_bytes 299008
	Process OS info: (pid 514408 state R utime 1093 stime 0 cutime 0 cstime 0 CPU usage 98)
	CPU temperature (celsius): socket 0: 68 socket 1: 75[0m
EAR[514408](hratio_l30) at 2.60/1.47 in tcn361 MR[0] elapsed 15274 sec.: [32mLoop time: 1.108s DC Power: [35m524.5W[32m DRAM power: 0.00W PCK power: 436.91W
	avg. CPUFreq: 2.57GHz avg. IMCFreq: 1.47GHz
	CPI: 0.371 VPI: 0.00, Mem. bwidth: 0.09GB/s GFLOPS: 0.00 I/O: 0.01MB/s No MPI  
	TPI 0.01 Cache miss rates: L1 0.59GB/s L2 0.00GB/s L3 0.00GB/s
	Total MPI calls 3
	IO DATA: rchar 4614 wchar 8844 syscr 51 syscw 27 read_bytes 0 write_bytes 405504
	Process OS info: (pid 514408 state R utime 1093 stime 1 cutime 0 cstime 0 CPU usage 98)
	CPU temperature (celsius): socket 0: 68 socket 1: 75[0m
EAR[514408](hratio_l30) at 2.60/1.47 in tcn361 MR[0] elapsed 15285 sec.: [32mLoop time: 1.108s DC Power: [35m524.4W[32m DRAM power: 0.00W PCK power: 436.89W
	avg. CPUFreq: 2.57GHz avg. IMCFreq: 1.47GHz
	CPI: 0.371 VPI: 0.00, Mem. bwidth: 0.10GB/s GFLOPS: 0.00 I/O: 0.01MB/s No MPI  
	TPI 0.01 Cache miss rates: L1 0.60GB/s L2 0.00GB/s L3 0.00GB/s
	Total MPI calls 3
	IO DATA: rchar 4614 wchar 8844 syscr 51 syscw 27 read_bytes 0 write_bytes 294912
	Process OS info: (pid 514408 state R utime 1093 stime 1 cutime 0 cstime 0 CPU usage 98)
	CPU temperature (celsius): socket 0: 68 socket 1: 75[0m
EAR[514408](hratio_l30) at 2.60/1.47 in tcn361 MR[0] elapsed 15296 sec.: [32mLoop time: 1.108s DC Power: [35m472.1W[32m DRAM power: 0.00W PCK power: 437.03W
	avg. CPUFreq: 2.57GHz avg. IMCFreq: 1.47GHz
	CPI: 0.372 VPI: 0.00, Mem. bwidth: 0.14GB/s GFLOPS: 0.00 I/O: 0.01MB/s No MPI  
	TPI 0.02 Cache miss rates: L1 0.60GB/s L2 0.00GB/s L3 0.00GB/s
	Total MPI calls 3
	IO DATA: rchar 4614 wchar 8844 syscr 51 syscw 27 read_bytes 0 write_bytes 294912
	Process OS info: (pid 514408 state R utime 1093 stime 0 cutime 0 cstime 0 CPU usage 98)
	CPU temperature (celsius): socket 0: 68 socket 1: 75[0m
EAR[514408](hratio_l30) at 2.60/1.47 in tcn361 MR[0] elapsed 15307 sec.: [32mLoop time: 1.108s DC Power: [35m525.0W[32m DRAM power: 0.00W PCK power: 436.96W
	avg. CPUFreq: 2.57GHz avg. IMCFreq: 1.47GHz
	CPI: 0.372 VPI: 0.00, Mem. bwidth: 0.10GB/s GFLOPS: 0.00 I/O: 0.01MB/s No MPI  
	TPI 0.01 Cache miss rates: L1 0.61GB/s L2 0.00GB/s L3 0.00GB/s
	Total MPI calls 3
	IO DATA: rchar 4614 wchar 8844 syscr 51 syscw 27 read_bytes 0 write_bytes 299008
	Process OS info: (pid 514408 state R utime 1094 stime 1 cutime 0 cstime 0 CPU usage 98)
	CPU temperature (celsius): socket 0: 68 socket 1: 75[0m
EAR[514408](hratio_l30) at 2.60/1.47 in tcn361 MR[0] elapsed 15318 sec.: [32mLoop time: 1.107s DC Power: [35m525.8W[32m DRAM power: 0.00W PCK power: 437.02W
	avg. CPUFreq: 2.57GHz avg. IMCFreq: 1.47GHz
	CPI: 0.371 VPI: 0.00, Mem. bwidth: 0.09GB/s GFLOPS: 0.00 I/O: 0.01MB/s No MPI  
	TPI 0.01 Cache miss rates: L1 0.60GB/s L2 0.00GB/s L3 0.00GB/s
	Total MPI calls 3
	IO DATA: rchar 4614 wchar 8844 syscr 51 syscw 27 read_bytes 0 write_bytes 303104
	Process OS info: (pid 514408 state R utime 1093 stime 1 cutime 0 cstime 0 CPU usage 98)
	CPU temperature (celsius): socket 0: 68 socket 1: 75[0m
EAR[514408](hratio_l30) at 2.60/1.47 in tcn361 MR[0] elapsed 15329 sec.: [32mLoop time: 1.108s DC Power: [35m526.0W[32m DRAM power: 0.00W PCK power: 437.23W
	avg. CPUFreq: 2.57GHz avg. IMCFreq: 1.47GHz
	CPI: 0.371 VPI: 0.00, Mem. bwidth: 0.13GB/s GFLOPS: 0.00 I/O: 0.01MB/s No MPI  
	TPI 0.02 Cache miss rates: L1 0.60GB/s L2 0.00GB/s L3 0.00GB/s
	Total MPI calls 3
	IO DATA: rchar 4614 wchar 8844 syscr 51 syscw 27 read_bytes 0 write_bytes 303104
	Process OS info: (pid 514408 state R utime 1093 stime 0 cutime 0 cstime 0 CPU usage 98)
	CPU temperature (celsius): socket 0: 68 socket 1: 75[0m
EAR[514408](hratio_l30) at 2.60/1.47 in tcn361 MR[0] elapsed 15340 sec.: [32mLoop time: 1.108s DC Power: [35m474.5W[32m DRAM power: 0.00W PCK power: 437.12W
	avg. CPUFreq: 2.57GHz avg. IMCFreq: 1.47GHz
	CPI: 0.371 VPI: 0.00, Mem. bwidth: 0.11GB/s GFLOPS: 0.00 I/O: 0.01MB/s No MPI  
	TPI 0.02 Cache miss rates: L1 0.60GB/s L2 0.00GB/s L3 0.00GB/s
	Total MPI calls 3
	IO DATA: rchar 4614 wchar 8844 syscr 51 syscw 27 read_bytes 0 write_bytes 389120
	Process OS info: (pid 514408 state R utime 1093 stime 1 cutime 0 cstime 0 CPU usage 98)
	CPU temperature (celsius): socket 0: 68 socket 1: 75[0m
EAR[514408](hratio_l30) at 2.60/1.47 in tcn361 MR[0] elapsed 15351 sec.: [32mLoop time: 1.108s DC Power: [35m526.5W[32m DRAM power: 0.00W PCK power: 437.12W
	avg. CPUFreq: 2.57GHz avg. IMCFreq: 1.47GHz
	CPI: 0.372 VPI: 0.00, Mem. bwidth: 0.11GB/s GFLOPS: 0.00 I/O: 0.01MB/s No MPI  
	TPI 0.02 Cache miss rates: L1 0.60GB/s L2 0.00GB/s L3 0.00GB/s
	Total MPI calls 3
	IO DATA: rchar 4614 wchar 8844 syscr 51 syscw 27 read_bytes 0 write_bytes 294912
	Process OS info: (pid 514408 state R utime 1093 stime 1 cutime 0 cstime 0 CPU usage 98)
	CPU temperature (celsius): socket 0: 68 socket 1: 75[0m
EAR[514408](hratio_l30) at 2.60/1.47 in tcn361 MR[0] elapsed 15362 sec.: [32mLoop time: 1.108s DC Power: [35m526.0W[32m DRAM power: 0.00W PCK power: 437.01W
	avg. CPUFreq: 2.57GHz avg. IMCFreq: 1.47GHz
	CPI: 0.372 VPI: 0.00, Mem. bwidth: 0.10GB/s GFLOPS: 0.00 I/O: 0.01MB/s No MPI  
	TPI 0.01 Cache miss rates: L1 0.60GB/s L2 0.00GB/s L3 0.00GB/s
	Total MPI calls 3
	IO DATA: rchar 4614 wchar 8844 syscr 51 syscw 27 read_bytes 0 write_bytes 294912
	Process OS info: (pid 514408 state R utime 1093 stime 0 cutime 0 cstime 0 CPU usage 98)
	CPU temperature (celsius): socket 0: 69 socket 1: 75[0m
EAR[514408](hratio_l30) at 2.60/1.47 in tcn361 MR[0] elapsed 15373 sec.: [32mLoop time: 1.107s DC Power: [35m525.5W[32m DRAM power: 0.00W PCK power: 436.90W
	avg. CPUFreq: 2.57GHz avg. IMCFreq: 1.47GHz
	CPI: 0.371 VPI: 0.00, Mem. bwidth: 0.09GB/s GFLOPS: 0.00 I/O: 0.01MB/s No MPI  
	TPI 0.01 Cache miss rates: L1 0.65GB/s L2 0.00GB/s L3 0.00GB/s
	Total MPI calls 3
	IO DATA: rchar 4614 wchar 8844 syscr 51 syscw 27 read_bytes 0 write_bytes 294912
	Process OS info: (pid 514408 state R utime 1093 stime 1 cutime 0 cstime 0 CPU usage 98)
	CPU temperature (celsius): socket 0: 69 socket 1: 75[0m
EAR[514408](hratio_l30) at 2.60/1.47 in tcn361 MR[0] elapsed 15384 sec.: [32mLoop time: 1.107s DC Power: [35m472.3W[32m DRAM power: 0.00W PCK power: 437.09W
	avg. CPUFreq: 2.57GHz avg. IMCFreq: 1.47GHz
	CPI: 0.371 VPI: 0.00, Mem. bwidth: 0.12GB/s GFLOPS: 0.00 I/O: 0.01MB/s No MPI  
	TPI 0.02 Cache miss rates: L1 0.60GB/s L2 0.00GB/s L3 0.00GB/s
	Total MPI calls 3
	IO DATA: rchar 4614 wchar 8844 syscr 51 syscw 27 read_bytes 0 write_bytes 294912
	Process OS info: (pid 514408 state R utime 1093 stime 1 cutime 0 cstime 0 CPU usage 98)
	CPU temperature (celsius): socket 0: 68 socket 1: 75[0m
EAR[514408](hratio_l30) at 2.60/1.47 in tcn361 MR[0] elapsed 15395 sec.: [32mLoop time: 1.108s DC Power: [35m524.2W[32m DRAM power: 0.00W PCK power: 437.04W
	avg. CPUFreq: 2.57GHz avg. IMCFreq: 1.47GHz
	CPI: 0.371 VPI: 0.00, Mem. bwidth: 0.10GB/s GFLOPS: 0.00 I/O: 0.01MB/s No MPI  
	TPI 0.01 Cache miss rates: L1 0.60GB/s L2 0.00GB/s L3 0.00GB/s
	Total MPI calls 3
	IO DATA: rchar 4614 wchar 8844 syscr 51 syscw 27 read_bytes 0 write_bytes 299008
	Process OS info: (pid 514408 state R utime 1094 stime 0 cutime 0 cstime 0 CPU usage 98)
	CPU temperature (celsius): socket 0: 68 socket 1: 75[0m
EAR[514408](hratio_l30) at 2.60/1.47 in tcn361 MR[0] elapsed 15406 sec.: [32mLoop time: 1.108s DC Power: [35m524.6W[32m DRAM power: 0.00W PCK power: 436.72W
	avg. CPUFreq: 2.57GHz avg. IMCFreq: 1.47GHz
	CPI: 0.372 VPI: 0.00, Mem. bwidth: 0.10GB/s GFLOPS: 0.00 I/O: 0.01MB/s No MPI  
	TPI 0.01 Cache miss rates: L1 0.60GB/s L2 0.00GB/s L3 0.00GB/s
	Total MPI calls 3
	IO DATA: rchar 4614 wchar 8844 syscr 51 syscw 27 read_bytes 0 write_bytes 438272
	Process OS info: (pid 514408 state R utime 1093 stime 1 cutime 0 cstime 0 CPU usage 98)
	CPU temperature (celsius): socket 0: 68 socket 1: 75[0m
EAR[514408](hratio_l30) at 2.60/1.47 in tcn361 MR[0] elapsed 15418 sec.: [32mLoop time: 1.108s DC Power: [35m472.0W[32m DRAM power: 0.00W PCK power: 437.00W
	avg. CPUFreq: 2.57GHz avg. IMCFreq: 1.47GHz
	CPI: 0.372 VPI: 0.00, Mem. bwidth: 0.13GB/s GFLOPS: 0.00 I/O: 0.01MB/s No MPI  
	TPI 0.02 Cache miss rates: L1 0.60GB/s L2 0.00GB/s L3 0.00GB/s
	Total MPI calls 3
	IO DATA: rchar 4614 wchar 8844 syscr 51 syscw 27 read_bytes 0 write_bytes 294912
	Process OS info: (pid 514408 state R utime 1093 stime 0 cutime 0 cstime 0 CPU usage 98)
	CPU temperature (celsius): socket 0: 68 socket 1: 75[0m
EAR[514408](hratio_l30) at 2.60/1.47 in tcn361 MR[0] elapsed 15429 sec.: [32mLoop time: 1.107s DC Power: [35m472.3W[32m DRAM power: 0.00W PCK power: 436.86W
	avg. CPUFreq: 2.57GHz avg. IMCFreq: 1.47GHz
	CPI: 0.371 VPI: 0.00, Mem. bwidth: 0.09GB/s GFLOPS: 0.00 I/O: 0.01MB/s No MPI  
	TPI 0.01 Cache miss rates: L1 0.60GB/s L2 0.00GB/s L3 0.00GB/s
	Total MPI calls 3
	IO DATA: rchar 4614 wchar 8844 syscr 51 syscw 27 read_bytes 0 write_bytes 294912
	Process OS info: (pid 514408 state R utime 1093 stime 1 cutime 0 cstime 0 CPU usage 98)
	CPU temperature (celsius): socket 0: 68 socket 1: 75[0m
EAR[514408](hratio_l30) at 2.60/1.47 in tcn361 MR[0] elapsed 15440 sec.: [32mLoop time: 1.108s DC Power: [35m524.4W[32m DRAM power: 0.00W PCK power: 436.92W
	avg. CPUFreq: 2.57GHz avg. IMCFreq: 1.47GHz
	CPI: 0.371 VPI: 0.00, Mem. bwidth: 0.11GB/s GFLOPS: 0.00 I/O: 0.01MB/s No MPI  
	TPI 0.02 Cache miss rates: L1 0.59GB/s L2 0.00GB/s L3 0.00GB/s
	Total MPI calls 3
	IO DATA: rchar 4614 wchar 8844 syscr 51 syscw 27 read_bytes 0 write_bytes 303104
	Process OS info: (pid 514408 state R utime 1093 stime 1 cutime 0 cstime 0 CPU usage 98)
	CPU temperature (celsius): socket 0: 69 socket 1: 75[0m
EAR[514408](hratio_l30) at 2.60/1.47 in tcn361 MR[0] elapsed 15451 sec.: [32mLoop time: 1.108s DC Power: [35m524.4W[32m DRAM power: 0.00W PCK power: 436.98W
	avg. CPUFreq: 2.57GHz avg. IMCFreq: 1.47GHz
	CPI: 0.372 VPI: 0.00, Mem. bwidth: 0.12GB/s GFLOPS: 0.00 I/O: 0.01MB/s No MPI  
	TPI 0.02 Cache miss rates: L1 0.59GB/s L2 0.00GB/s L3 0.00GB/s
	Total MPI calls 3
	IO DATA: rchar 4614 wchar 8844 syscr 51 syscw 27 read_bytes 0 write_bytes 303104
	Process OS info: (pid 514408 state R utime 1093 stime 0 cutime 0 cstime 0 CPU usage 98)
	CPU temperature (celsius): socket 0: 68 socket 1: 75[0m
EAR[514408](hratio_l30) at 2.60/1.47 in tcn361 MR[0] elapsed 15462 sec.: [32mLoop time: 1.108s DC Power: [35m524.6W[32m DRAM power: 0.00W PCK power: 436.77W
	avg. CPUFreq: 2.57GHz avg. IMCFreq: 1.47GHz
	CPI: 0.371 VPI: 0.00, Mem. bwidth: 0.10GB/s GFLOPS: 0.00 I/O: 0.01MB/s No MPI  
	TPI 0.01 Cache miss rates: L1 0.60GB/s L2 0.00GB/s L3 0.00GB/s
	Total MPI calls 3
	IO DATA: rchar 4614 wchar 8844 syscr 51 syscw 27 read_bytes 0 write_bytes 294912
	Process OS info: (pid 514408 state R utime 1093 stime 1 cutime 0 cstime 0 CPU usage 98)
	CPU temperature (celsius): socket 0: 68 socket 1: 75[0m
EAR[514408](hratio_l30) at 2.60/1.47 in tcn361 MR[0] elapsed 15473 sec.: [32mLoop time: 1.108s DC Power: [35m472.0W[32m DRAM power: 0.00W PCK power: 436.92W
	avg. CPUFreq: 2.57GHz avg. IMCFreq: 1.47GHz
	CPI: 0.371 VPI: 0.00, Mem. bwidth: 0.12GB/s GFLOPS: 0.00 I/O: 0.01MB/s No MPI  
	TPI 0.02 Cache miss rates: L1 0.60GB/s L2 0.00GB/s L3 0.00GB/s
	Total MPI calls 3
	IO DATA: rchar 4614 wchar 8844 syscr 51 syscw 27 read_bytes 0 write_bytes 294912
	Process OS info: (pid 514408 state R utime 1093 stime 1 cutime 0 cstime 0 CPU usage 98)
	CPU temperature (celsius): socket 0: 68 socket 1: 75[0m
EAR[514408](hratio_l30) at 2.60/1.47 in tcn361 MR[0] elapsed 15484 sec.: [32mLoop time: 1.108s DC Power: [35m472.7W[32m DRAM power: 0.00W PCK power: 436.92W
	avg. CPUFreq: 2.57GHz avg. IMCFreq: 1.47GHz
	CPI: 0.372 VPI: 0.00, Mem. bwidth: 0.09GB/s GFLOPS: 0.00 I/O: 0.01MB/s No MPI  
	TPI 0.01 Cache miss rates: L1 0.60GB/s L2 0.00GB/s L3 0.00GB/s
	Total MPI calls 3
	IO DATA: rchar 4614 wchar 8844 syscr 51 syscw 27 read_bytes 0 write_bytes 315392
	Process OS info: (pid 514408 state R utime 1093 stime 0 cutime 0 cstime 0 CPU usage 98)
	CPU temperature (celsius): socket 0: 68 socket 1: 75[0m
EAR[514408](hratio_l30) at 2.60/1.47 in tcn361 MR[0] elapsed 15495 sec.: [32mLoop time: 1.108s DC Power: [35m525.8W[32m DRAM power: 0.00W PCK power: 436.90W
	avg. CPUFreq: 2.57GHz avg. IMCFreq: 1.47GHz
	CPI: 0.372 VPI: 0.00, Mem. bwidth: 0.09GB/s GFLOPS: 0.00 I/O: 0.01MB/s No MPI  
	TPI 0.01 Cache miss rates: L1 0.59GB/s L2 0.00GB/s L3 0.00GB/s
	Total MPI calls 3
	IO DATA: rchar 4614 wchar 8844 syscr 51 syscw 27 read_bytes 0 write_bytes 294912
	Process OS info: (pid 514408 state R utime 1094 stime 1 cutime 0 cstime 0 CPU usage 98)
	CPU temperature (celsius): socket 0: 68 socket 1: 75[0m
EAR[514408](hratio_l30) at 2.60/1.47 in tcn361 MR[0] elapsed 15506 sec.: [32mLoop time: 1.108s DC Power: [35m526.7W[32m DRAM power: 0.00W PCK power: 437.12W
	avg. CPUFreq: 2.57GHz avg. IMCFreq: 1.47GHz
	CPI: 0.372 VPI: 0.00, Mem. bwidth: 0.12GB/s GFLOPS: 0.00 I/O: 0.01MB/s No MPI  
	TPI 0.02 Cache miss rates: L1 0.60GB/s L2 0.00GB/s L3 0.00GB/s
	Total MPI calls 3
	IO DATA: rchar 4614 wchar 8844 syscr 51 syscw 27 read_bytes 0 write_bytes 294912
	Process OS info: (pid 514408 state R utime 1093 stime 0 cutime 0 cstime 0 CPU usage 98)
	CPU temperature (celsius): socket 0: 68 socket 1: 75[0m
EAR[514408](hratio_l30) at 2.60/1.47 in tcn361 MR[0] elapsed 15517 sec.: [32mLoop time: 1.108s DC Power: [35m474.5W[32m DRAM power: 0.00W PCK power: 437.01W
	avg. CPUFreq: 2.57GHz avg. IMCFreq: 1.47GHz
	CPI: 0.371 VPI: 0.00, Mem. bwidth: 0.09GB/s GFLOPS: 0.00 I/O: 0.01MB/s No MPI  
	TPI 0.01 Cache miss rates: L1 0.65GB/s L2 0.00GB/s L3 0.00GB/s
	Total MPI calls 3
	IO DATA: rchar 4614 wchar 8844 syscr 51 syscw 27 read_bytes 0 write_bytes 299008
	Process OS info: (pid 514408 state R utime 1093 stime 1 cutime 0 cstime 0 CPU usage 98)
	CPU temperature (celsius): socket 0: 69 socket 1: 75[0m
EAR[514408](hratio_l30) at 2.60/1.47 in tcn361 MR[0] elapsed 15528 sec.: [32mLoop time: 1.107s DC Power: [35m526.5W[32m DRAM power: 0.00W PCK power: 436.92W
	avg. CPUFreq: 2.57GHz avg. IMCFreq: 1.47GHz
	CPI: 0.371 VPI: 0.00, Mem. bwidth: 0.10GB/s GFLOPS: 0.00 I/O: 0.01MB/s No MPI  
	TPI 0.01 Cache miss rates: L1 0.59GB/s L2 0.00GB/s L3 0.00GB/s
	Total MPI calls 3
	IO DATA: rchar 4614 wchar 8844 syscr 51 syscw 27 read_bytes 0 write_bytes 294912
	Process OS info: (pid 514408 state R utime 1093 stime 1 cutime 0 cstime 0 CPU usage 98)
	CPU temperature (celsius): socket 0: 68 socket 1: 75[0m
EAR[514408](hratio_l30) at 2.60/1.47 in tcn361 MR[0] elapsed 15539 sec.: [32mLoop time: 1.108s DC Power: [35m472.7W[32m DRAM power: 0.00W PCK power: 437.08W
	avg. CPUFreq: 2.57GHz avg. IMCFreq: 1.47GHz
	CPI: 0.371 VPI: 0.00, Mem. bwidth: 0.14GB/s GFLOPS: 0.00 I/O: 0.01MB/s No MPI  
	TPI 0.02 Cache miss rates: L1 0.60GB/s L2 0.00GB/s L3 0.00GB/s
	Total MPI calls 3
	IO DATA: rchar 4614 wchar 8844 syscr 51 syscw 27 read_bytes 0 write_bytes 294912
	Process OS info: (pid 514408 state R utime 1093 stime 0 cutime 0 cstime 0 CPU usage 98)
	CPU temperature (celsius): socket 0: 68 socket 1: 75[0m
EAR[514408](hratio_l30) at 2.60/1.47 in tcn361 MR[0] elapsed 15550 sec.: [32mLoop time: 1.107s DC Power: [35m524.9W[32m DRAM power: 0.00W PCK power: 436.86W
	avg. CPUFreq: 2.57GHz avg. IMCFreq: 1.47GHz
	CPI: 0.372 VPI: 0.00, Mem. bwidth: 0.10GB/s GFLOPS: 0.00 I/O: 0.01MB/s No MPI  
	TPI 0.01 Cache miss rates: L1 0.60GB/s L2 0.00GB/s L3 0.00GB/s
	Total MPI calls 3
	IO DATA: rchar 4614 wchar 8844 syscr 51 syscw 27 read_bytes 0 write_bytes 294912
	Process OS info: (pid 514408 state R utime 1086 stime 1 cutime 0 cstime 0 CPU usage 98)
	CPU temperature (celsius): socket 0: 68 socket 1: 75[0m
EAR[514408](hratio_l30) at 2.60/1.47 in tcn361 MR[0] elapsed 15562 sec.: [32mLoop time: 1.108s DC Power: [35m472.0W[32m DRAM power: 0.00W PCK power: 437.09W
	avg. CPUFreq: 2.57GHz avg. IMCFreq: 1.47GHz
	CPI: 0.371 VPI: 0.00, Mem. bwidth: 0.11GB/s GFLOPS: 0.00 I/O: 0.01MB/s No MPI  
	TPI 0.02 Cache miss rates: L1 0.60GB/s L2 0.00GB/s L3 0.00GB/s
	Total MPI calls 3
	IO DATA: rchar 4614 wchar 8844 syscr 51 syscw 27 read_bytes 0 write_bytes 299008
	Process OS info: (pid 514408 state R utime 1094 stime 0 cutime 0 cstime 0 CPU usage 98)
	CPU temperature (celsius): socket 0: 68 socket 1: 75[0m
EAR[514408](hratio_l30) at 2.60/1.47 in tcn361 MR[0] elapsed 15573 sec.: [32mLoop time: 1.108s DC Power: [35m524.6W[32m DRAM power: 0.00W PCK power: 436.79W
	avg. CPUFreq: 2.57GHz avg. IMCFreq: 1.47GHz
	CPI: 0.372 VPI: 0.00, Mem. bwidth: 0.10GB/s GFLOPS: 0.00 I/O: 0.01MB/s No MPI  
	TPI 0.01 Cache miss rates: L1 0.60GB/s L2 0.00GB/s L3 0.00GB/s
	Total MPI calls 3
	IO DATA: rchar 4614 wchar 8844 syscr 51 syscw 27 read_bytes 0 write_bytes 327680
	Process OS info: (pid 514408 state R utime 1093 stime 1 cutime 0 cstime 0 CPU usage 98)
	CPU temperature (celsius): socket 0: 68 socket 1: 75[0m
EAR[514408](hratio_l30) at 2.60/1.47 in tcn361 MR[0] elapsed 15584 sec.: [32mLoop time: 1.108s DC Power: [35m524.5W[32m DRAM power: 0.00W PCK power: 436.92W
	avg. CPUFreq: 2.57GHz avg. IMCFreq: 1.47GHz
	CPI: 0.371 VPI: 0.00, Mem. bwidth: 0.10GB/s GFLOPS: 0.00 I/O: 0.01MB/s No MPI  
	TPI 0.01 Cache miss rates: L1 0.58GB/s L2 0.00GB/s L3 0.00GB/s
	Total MPI calls 3
	IO DATA: rchar 4614 wchar 8844 syscr 51 syscw 27 read_bytes 0 write_bytes 299008
	Process OS info: (pid 514408 state R utime 1093 stime 1 cutime 0 cstime 0 CPU usage 98)
	CPU temperature (celsius): socket 0: 68 socket 1: 75[0m
EAR[514408](hratio_l30) at 2.60/1.47 in tcn361 MR[0] elapsed 15595 sec.: [32mLoop time: 1.108s DC Power: [35m524.5W[32m DRAM power: 0.00W PCK power: 436.97W
	avg. CPUFreq: 2.57GHz avg. IMCFreq: 1.47GHz
	CPI: 0.372 VPI: 0.00, Mem. bwidth: 0.12GB/s GFLOPS: 0.00 I/O: 0.01MB/s No MPI  
	TPI 0.02 Cache miss rates: L1 0.60GB/s L2 0.00GB/s L3 0.00GB/s
	Total MPI calls 3
	IO DATA: rchar 4614 wchar 8844 syscr 51 syscw 27 read_bytes 0 write_bytes 294912
	Process OS info: (pid 514408 state R utime 1093 stime 0 cutime 0 cstime 0 CPU usage 98)
	CPU temperature (celsius): socket 0: 68 socket 1: 75[0m
EAR[514408](hratio_l30) at 2.60/1.47 in tcn361 MR[0] elapsed 15606 sec.: [32mLoop time: 1.108s DC Power: [35m472.0W[32m DRAM power: 0.00W PCK power: 436.89W
	avg. CPUFreq: 2.57GHz avg. IMCFreq: 1.47GHz
	CPI: 0.372 VPI: 0.00, Mem. bwidth: 0.09GB/s GFLOPS: 0.00 I/O: 0.01MB/s No MPI  
	TPI 0.01 Cache miss rates: L1 0.60GB/s L2 0.00GB/s L3 0.00GB/s
	Total MPI calls 3
	IO DATA: rchar 4614 wchar 8844 syscr 51 syscw 27 read_bytes 0 write_bytes 299008
	Process OS info: (pid 514408 state R utime 1092 stime 1 cutime 0 cstime 0 CPU usage 98)
	CPU temperature (celsius): socket 0: 68 socket 1: 75[0m
EAR[514408](hratio_l30) at 2.60/1.47 in tcn361 MR[0] elapsed 15617 sec.: [32mLoop time: 1.107s DC Power: [35m524.7W[32m DRAM power: 0.00W PCK power: 436.85W
	avg. CPUFreq: 2.57GHz avg. IMCFreq: 1.47GHz
	CPI: 0.372 VPI: 0.00, Mem. bwidth: 0.10GB/s GFLOPS: 0.00 I/O: 0.01MB/s No MPI  
	TPI 0.01 Cache miss rates: L1 0.59GB/s L2 0.00GB/s L3 0.00GB/s
	Total MPI calls 3
	IO DATA: rchar 4614 wchar 8844 syscr 51 syscw 27 read_bytes 0 write_bytes 323584
	Process OS info: (pid 514408 state R utime 1091 stime 1 cutime 0 cstime 0 CPU usage 98)
	CPU temperature (celsius): socket 0: 68 socket 1: 74[0m
EAR[514408](hratio_l30) at 2.60/1.47 in tcn361 MR[0] elapsed 15628 sec.: [32mLoop time: 1.108s DC Power: [35m524.5W[32m DRAM power: 0.00W PCK power: 437.03W
	avg. CPUFreq: 2.57GHz avg. IMCFreq: 1.47GHz
	CPI: 0.371 VPI: 0.00, Mem. bwidth: 0.13GB/s GFLOPS: 0.00 I/O: 0.01MB/s No MPI  
	TPI 0.02 Cache miss rates: L1 0.60GB/s L2 0.00GB/s L3 0.00GB/s
	Total MPI calls 3
	IO DATA: rchar 4614 wchar 8844 syscr 51 syscw 27 read_bytes 0 write_bytes 303104
	Process OS info: (pid 514408 state R utime 1092 stime 0 cutime 0 cstime 0 CPU usage 98)
	CPU temperature (celsius): socket 0: 68 socket 1: 75[0m
EAR[514408](hratio_l30) at 2.60/1.47 in tcn361 MR[0] elapsed 15639 sec.: [32mLoop time: 1.108s DC Power: [35m524.5W[32m DRAM power: 0.00W PCK power: 436.90W
	avg. CPUFreq: 2.57GHz avg. IMCFreq: 1.47GHz
	CPI: 0.372 VPI: 0.00, Mem. bwidth: 0.09GB/s GFLOPS: 0.00 I/O: 0.01MB/s No MPI  
	TPI 0.01 Cache miss rates: L1 0.59GB/s L2 0.00GB/s L3 0.00GB/s
	Total MPI calls 3
	IO DATA: rchar 4614 wchar 8844 syscr 51 syscw 27 read_bytes 0 write_bytes 294912
	Process OS info: (pid 514408 state R utime 1092 stime 1 cutime 0 cstime 0 CPU usage 98)
	CPU temperature (celsius): socket 0: 68 socket 1: 75[0m
EAR[514408](hratio_l30) at 2.60/1.47 in tcn361 MR[0] elapsed 15650 sec.: [32mLoop time: 1.108s DC Power: [35m472.3W[32m DRAM power: 0.00W PCK power: 436.92W
	avg. CPUFreq: 2.57GHz avg. IMCFreq: 1.47GHz
	CPI: 0.372 VPI: 0.00, Mem. bwidth: 0.09GB/s GFLOPS: 0.00 I/O: 0.01MB/s No MPI  
	TPI 0.01 Cache miss rates: L1 0.60GB/s L2 0.00GB/s L3 0.00GB/s
	Total MPI calls 3
	IO DATA: rchar 4614 wchar 8844 syscr 51 syscw 27 read_bytes 0 write_bytes 294912
	Process OS info: (pid 514408 state R utime 1092 stime 1 cutime 0 cstime 0 CPU usage 98)
	CPU temperature (celsius): socket 0: 68 socket 1: 75[0m
EAR[514408](hratio_l30) at 2.60/1.47 in tcn361 MR[0] elapsed 15661 sec.: [32mLoop time: 1.108s DC Power: [35m473.1W[32m DRAM power: 0.00W PCK power: 437.10W
	avg. CPUFreq: 2.57GHz avg. IMCFreq: 1.47GHz
	CPI: 0.372 VPI: 0.00, Mem. bwidth: 0.12GB/s GFLOPS: 0.00 I/O: 0.01MB/s No MPI  
	TPI 0.02 Cache miss rates: L1 0.66GB/s L2 0.00GB/s L3 0.00GB/s
	Total MPI calls 3
	IO DATA: rchar 4614 wchar 8844 syscr 51 syscw 27 read_bytes 0 write_bytes 294912
	Process OS info: (pid 514408 state R utime 1092 stime 0 cutime 0 cstime 0 CPU usage 98)
	CPU temperature (celsius): socket 0: 69 socket 1: 75[0m
EAR[514408](hratio_l30) at 2.60/1.47 in tcn361 MR[0] elapsed 15672 sec.: [32mLoop time: 1.107s DC Power: [35m526.4W[32m DRAM power: 0.00W PCK power: 436.99W
	avg. CPUFreq: 2.57GHz avg. IMCFreq: 1.47GHz
	CPI: 0.371 VPI: 0.00, Mem. bwidth: 0.09GB/s GFLOPS: 0.00 I/O: 0.01MB/s No MPI  
	TPI 0.01 Cache miss rates: L1 0.61GB/s L2 0.00GB/s L3 0.00GB/s
	Total MPI calls 3
	IO DATA: rchar 4614 wchar 8844 syscr 51 syscw 27 read_bytes 0 write_bytes 294912
	Process OS info: (pid 514408 state R utime 1092 stime 1 cutime 0 cstime 0 CPU usage 98)
	CPU temperature (celsius): socket 0: 68 socket 1: 75[0m
EAR[514408](hratio_l30) at 2.60/1.47 in tcn361 MR[0] elapsed 15683 sec.: [32mLoop time: 1.108s DC Power: [35m527.1W[32m DRAM power: 0.00W PCK power: 437.11W
	avg. CPUFreq: 2.57GHz avg. IMCFreq: 1.47GHz
	CPI: 0.372 VPI: 0.00, Mem. bwidth: 0.12GB/s GFLOPS: 0.00 I/O: 0.01MB/s No MPI  
	TPI 0.02 Cache miss rates: L1 0.60GB/s L2 0.00GB/s L3 0.00GB/s
	Total MPI calls 3
	IO DATA: rchar 4614 wchar 8844 syscr 51 syscw 27 read_bytes 0 write_bytes 323584
	Process OS info: (pid 514408 state R utime 1092 stime 1 cutime 0 cstime 0 CPU usage 98)
	CPU temperature (celsius): socket 0: 69 socket 1: 75[0m
EAR[514408](hratio_l30) at 2.60/1.47 in tcn361 MR[0] elapsed 15694 sec.: [32mLoop time: 1.108s DC Power: [35m473.8W[32m DRAM power: 0.00W PCK power: 437.01W
	avg. CPUFreq: 2.57GHz avg. IMCFreq: 1.47GHz
	CPI: 0.371 VPI: 0.00, Mem. bwidth: 0.10GB/s GFLOPS: 0.00 I/O: 0.01MB/s No MPI  
	TPI 0.01 Cache miss rates: L1 0.60GB/s L2 0.00GB/s L3 0.00GB/s
	Total MPI calls 3
	IO DATA: rchar 4614 wchar 8844 syscr 51 syscw 27 read_bytes 0 write_bytes 303104
	Process OS info: (pid 514408 state R utime 1092 stime 0 cutime 0 cstime 0 CPU usage 98)
	CPU temperature (celsius): socket 0: 68 socket 1: 75[0m
EAR[514408](hratio_l30) at 2.60/1.47 in tcn361 MR[0] elapsed 15706 sec.: [32mLoop time: 1.107s DC Power: [35m526.2W[32m DRAM power: 0.00W PCK power: 436.97W
	avg. CPUFreq: 2.57GHz avg. IMCFreq: 1.47GHz
	CPI: 0.371 VPI: 0.00, Mem. bwidth: 0.12GB/s GFLOPS: 0.00 I/O: 0.01MB/s No MPI  
	TPI 0.02 Cache miss rates: L1 0.60GB/s L2 0.00GB/s L3 0.00GB/s
	Total MPI calls 3
	IO DATA: rchar 4614 wchar 8844 syscr 51 syscw 27 read_bytes 0 write_bytes 299008
	Process OS info: (pid 514408 state R utime 1091 stime 1 cutime 0 cstime 0 CPU usage 98)
	CPU temperature (celsius): socket 0: 68 socket 1: 75[0m
EAR[514408](hratio_l30) at 2.60/1.47 in tcn361 MR[0] elapsed 15717 sec.: [32mLoop time: 1.108s DC Power: [35m472.8W[32m DRAM power: 0.00W PCK power: 437.09W
	avg. CPUFreq: 2.57GHz avg. IMCFreq: 1.47GHz
	CPI: 0.371 VPI: 0.00, Mem. bwidth: 0.12GB/s GFLOPS: 0.00 I/O: 0.01MB/s No MPI  
	TPI 0.02 Cache miss rates: L1 0.60GB/s L2 0.00GB/s L3 0.00GB/s
	Total MPI calls 3
	IO DATA: rchar 4614 wchar 8844 syscr 51 syscw 27 read_bytes 0 write_bytes 294912
	Process OS info: (pid 514408 state R utime 1092 stime 1 cutime 0 cstime 0 CPU usage 98)
	CPU temperature (celsius): socket 0: 68 socket 1: 75[0m
EAR[514408](hratio_l30) at 2.60/1.47 in tcn361 MR[0] elapsed 15728 sec.: [32mLoop time: 1.107s DC Power: [35m524.7W[32m DRAM power: 0.00W PCK power: 436.99W
	avg. CPUFreq: 2.57GHz avg. IMCFreq: 1.47GHz
	CPI: 0.371 VPI: 0.00, Mem. bwidth: 0.08GB/s GFLOPS: 0.00 I/O: 0.01MB/s No MPI  
	TPI 0.01 Cache miss rates: L1 0.59GB/s L2 0.00GB/s L3 0.00GB/s
	Total MPI calls 3
	IO DATA: rchar 4614 wchar 8844 syscr 51 syscw 27 read_bytes 0 write_bytes 294912
	Process OS info: (pid 514408 state R utime 1091 stime 0 cutime 0 cstime 0 CPU usage 98)
	CPU temperature (celsius): socket 0: 68 socket 1: 75[0m
EAR[514408](hratio_l30) at 2.60/1.47 in tcn361 MR[0] elapsed 15739 sec.: [32mLoop time: 1.108s DC Power: [35m472.0W[32m DRAM power: 0.00W PCK power: 436.99W
	avg. CPUFreq: 2.57GHz avg. IMCFreq: 1.47GHz
	CPI: 0.371 VPI: 0.00, Mem. bwidth: 0.09GB/s GFLOPS: 0.00 I/O: 0.01MB/s No MPI  
	TPI 0.01 Cache miss rates: L1 0.60GB/s L2 0.00GB/s L3 0.00GB/s
	Total MPI calls 3
	IO DATA: rchar 4614 wchar 8844 syscr 51 syscw 27 read_bytes 0 write_bytes 303104
	Process OS info: (pid 514408 state R utime 1093 stime 1 cutime 0 cstime 0 CPU usage 98)
	CPU temperature (celsius): socket 0: 68 socket 1: 75[0m
EAR[514408](hratio_l30) at 2.60/1.47 in tcn361 MR[0] elapsed 15750 sec.: [32mLoop time: 1.108s DC Power: [35m524.5W[32m DRAM power: 0.00W PCK power: 436.93W
	avg. CPUFreq: 2.57GHz avg. IMCFreq: 1.47GHz
	CPI: 0.372 VPI: 0.00, Mem. bwidth: 0.13GB/s GFLOPS: 0.00 I/O: 0.01MB/s No MPI  
	TPI 0.02 Cache miss rates: L1 0.60GB/s L2 0.00GB/s L3 0.00GB/s
	Total MPI calls 3
	IO DATA: rchar 4614 wchar 8844 syscr 51 syscw 27 read_bytes 0 write_bytes 434176
	Process OS info: (pid 514408 state R utime 1093 stime 1 cutime 0 cstime 0 CPU usage 98)
	CPU temperature (celsius): socket 0: 68 socket 1: 75[0m
EAR[514408](hratio_l30) at 2.60/1.47 in tcn361 MR[0] elapsed 15761 sec.: [32mLoop time: 1.108s DC Power: [35m524.4W[32m DRAM power: 0.00W PCK power: 436.78W
	avg. CPUFreq: 2.57GHz avg. IMCFreq: 1.47GHz
	CPI: 0.372 VPI: 0.00, Mem. bwidth: 0.10GB/s GFLOPS: 0.00 I/O: 0.01MB/s No MPI  
	TPI 0.01 Cache miss rates: L1 0.60GB/s L2 0.00GB/s L3 0.00GB/s
	Total MPI calls 3
	IO DATA: rchar 4614 wchar 8844 syscr 51 syscw 27 read_bytes 0 write_bytes 299008
	Process OS info: (pid 514408 state R utime 1093 stime 1 cutime 0 cstime 0 CPU usage 98)
	CPU temperature (celsius): socket 0: 68 socket 1: 75[0m
EAR[514408](hratio_l30) at 2.60/1.47 in tcn361 MR[0] elapsed 15772 sec.: [32mLoop time: 1.108s DC Power: [35m524.4W[32m DRAM power: 0.00W PCK power: 436.89W
	avg. CPUFreq: 2.57GHz avg. IMCFreq: 1.47GHz
	CPI: 0.372 VPI: 0.00, Mem. bwidth: 0.13GB/s GFLOPS: 0.00 I/O: 0.01MB/s No MPI  
	TPI 0.02 Cache miss rates: L1 0.60GB/s L2 0.00GB/s L3 0.00GB/s
	Total MPI calls 3
	IO DATA: rchar 4614 wchar 8844 syscr 51 syscw 27 read_bytes 0 write_bytes 290816
	Process OS info: (pid 514408 state R utime 1094 stime 0 cutime 0 cstime 0 CPU usage 98)
	CPU temperature (celsius): socket 0: 68 socket 1: 75[0m
EAR[514408](hratio_l30) at 2.60/1.47 in tcn361 MR[0] elapsed 15783 sec.: [32mLoop time: 1.107s DC Power: [35m472.2W[32m DRAM power: 0.00W PCK power: 436.75W
	avg. CPUFreq: 2.57GHz avg. IMCFreq: 1.47GHz
	CPI: 0.372 VPI: 0.00, Mem. bwidth: 0.12GB/s GFLOPS: 0.00 I/O: 0.01MB/s No MPI  
	TPI 0.02 Cache miss rates: L1 0.60GB/s L2 0.00GB/s L3 0.00GB/s
	Total MPI calls 3
	IO DATA: rchar 4614 wchar 8844 syscr 51 syscw 27 read_bytes 0 write_bytes 294912
	Process OS info: (pid 514408 state R utime 1092 stime 1 cutime 0 cstime 0 CPU usage 98)
	CPU temperature (celsius): socket 0: 68 socket 1: 75[0m
EAR[514408](hratio_l30) at 2.60/1.47 in tcn361 MR[0] elapsed 15794 sec.: [32mLoop time: 1.108s DC Power: [35m524.3W[32m DRAM power: 0.00W PCK power: 436.83W
	avg. CPUFreq: 2.57GHz avg. IMCFreq: 1.47GHz
	CPI: 0.371 VPI: 0.00, Mem. bwidth: 0.10GB/s GFLOPS: 0.00 I/O: 0.01MB/s No MPI  
	TPI 0.01 Cache miss rates: L1 0.60GB/s L2 0.00GB/s L3 0.00GB/s
	Total MPI calls 3
	IO DATA: rchar 4614 wchar 8844 syscr 51 syscw 27 read_bytes 0 write_bytes 409600
	Process OS info: (pid 514408 state R utime 1093 stime 1 cutime 0 cstime 0 CPU usage 98)
	CPU temperature (celsius): socket 0: 68 socket 1: 75[0m
EAR[514408](hratio_l30) at 2.60/1.47 in tcn361 MR[0] elapsed 15805 sec.: [32mLoop time: 1.108s DC Power: [35m524.5W[32m DRAM power: 0.00W PCK power: 437.02W
	avg. CPUFreq: 2.57GHz avg. IMCFreq: 1.47GHz
	CPI: 0.371 VPI: 0.00, Mem. bwidth: 0.11GB/s GFLOPS: 0.00 I/O: 0.01MB/s No MPI  
	TPI 0.02 Cache miss rates: L1 0.65GB/s L2 0.00GB/s L3 0.00GB/s
	Total MPI calls 3
	IO DATA: rchar 4614 wchar 8844 syscr 51 syscw 27 read_bytes 0 write_bytes 294912
	Process OS info: (pid 514408 state R utime 1094 stime 0 cutime 0 cstime 0 CPU usage 98)
	CPU temperature (celsius): socket 0: 68 socket 1: 75[0m
EAR[514408](hratio_l30) at 2.60/1.47 in tcn361 MR[0] elapsed 15816 sec.: [32mLoop time: 1.108s DC Power: [35m524.3W[32m DRAM power: 0.00W PCK power: 436.81W
	avg. CPUFreq: 2.57GHz avg. IMCFreq: 1.47GHz
	CPI: 0.371 VPI: 0.00, Mem. bwidth: 0.10GB/s GFLOPS: 0.00 I/O: 0.01MB/s No MPI  
	TPI 0.01 Cache miss rates: L1 0.60GB/s L2 0.00GB/s L3 0.00GB/s
	Total MPI calls 3
	IO DATA: rchar 4614 wchar 8844 syscr 51 syscw 27 read_bytes 0 write_bytes 487424
	Process OS info: (pid 514408 state R utime 1093 stime 1 cutime 0 cstime 0 CPU usage 98)
	CPU temperature (celsius): socket 0: 68 socket 1: 75[0m
EAR[514408](hratio_l30) at 2.60/1.47 in tcn361 MR[0] elapsed 15827 sec.: [32mLoop time: 1.108s DC Power: [35m472.7W[32m DRAM power: 0.00W PCK power: 436.88W
	avg. CPUFreq: 2.57GHz avg. IMCFreq: 1.47GHz
	CPI: 0.371 VPI: 0.00, Mem. bwidth: 0.10GB/s GFLOPS: 0.00 I/O: 0.01MB/s No MPI  
	TPI 0.01 Cache miss rates: L1 0.60GB/s L2 0.00GB/s L3 0.00GB/s
	Total MPI calls 3
	IO DATA: rchar 4614 wchar 8844 syscr 51 syscw 27 read_bytes 0 write_bytes 294912
	Process OS info: (pid 514408 state R utime 1093 stime 1 cutime 0 cstime 0 CPU usage 98)
	CPU temperature (celsius): socket 0: 68 socket 1: 75[0m
EAR[514408](hratio_l30) at 2.60/1.47 in tcn361 MR[0] elapsed 15838 sec.: [32mLoop time: 1.108s DC Power: [35m473.4W[32m DRAM power: 0.00W PCK power: 437.05W
	avg. CPUFreq: 2.57GHz avg. IMCFreq: 1.47GHz
	CPI: 0.371 VPI: 0.00, Mem. bwidth: 0.13GB/s GFLOPS: 0.00 I/O: 0.01MB/s No MPI  
	TPI 0.02 Cache miss rates: L1 0.60GB/s L2 0.00GB/s L3 0.00GB/s
	Total MPI calls 3
	IO DATA: rchar 4614 wchar 8844 syscr 51 syscw 27 read_bytes 0 write_bytes 294912
	Process OS info: (pid 514408 state R utime 1093 stime 0 cutime 0 cstime 0 CPU usage 98)
	CPU temperature (celsius): socket 0: 68 socket 1: 75[0m
EAR[514408](hratio_l30) at 2.60/1.47 in tcn361 MR[0] elapsed 15850 sec.: [32mLoop time: 1.108s DC Power: [35m526.8W[32m DRAM power: 0.00W PCK power: 436.94W
	avg. CPUFreq: 2.57GHz avg. IMCFreq: 1.47GHz
	CPI: 0.371 VPI: 0.00, Mem. bwidth: 0.16GB/s GFLOPS: 0.00 I/O: 0.01MB/s No MPI  
	TPI 0.02 Cache miss rates: L1 0.60GB/s L2 0.00GB/s L3 0.00GB/s
	Total MPI calls 3
	IO DATA: rchar 4614 wchar 8844 syscr 51 syscw 27 read_bytes 0 write_bytes 290816
	Process OS info: (pid 514408 state R utime 1089 stime 1 cutime 0 cstime 0 CPU usage 98)
	CPU temperature (celsius): socket 0: 68 socket 1: 75[0m
EAR[514408](hratio_l30) at 2.60/1.47 in tcn361 MR[0] elapsed 15861 sec.: [32mLoop time: 1.107s DC Power: [35m527.3W[32m DRAM power: 0.00W PCK power: 436.76W
	avg. CPUFreq: 2.57GHz avg. IMCFreq: 1.47GHz
	CPI: 0.372 VPI: 0.00, Mem. bwidth: 0.26GB/s GFLOPS: 0.00 I/O: 0.01MB/s No MPI  
	TPI 0.04 Cache miss rates: L1 0.60GB/s L2 0.00GB/s L3 0.00GB/s
	Total MPI calls 3
	IO DATA: rchar 4614 wchar 8844 syscr 51 syscw 27 read_bytes 0 write_bytes 294912
	Process OS info: (pid 514408 state R utime 1082 stime 1 cutime 0 cstime 0 CPU usage 97)
	CPU temperature (celsius): socket 0: 68 socket 1: 75[0m
EAR[514408](hratio_l30) at 2.60/1.47 in tcn361 MR[0] elapsed 15872 sec.: [32mLoop time: 1.108s DC Power: [35m473.4W[32m DRAM power: 0.00W PCK power: 436.76W
	avg. CPUFreq: 2.57GHz avg. IMCFreq: 1.47GHz
	CPI: 0.372 VPI: 0.00, Mem. bwidth: 0.37GB/s GFLOPS: 0.00 I/O: 0.01MB/s No MPI  
	TPI 0.05 Cache miss rates: L1 0.60GB/s L2 0.00GB/s L3 0.00GB/s
	Total MPI calls 3
	IO DATA: rchar 4614 wchar 8844 syscr 51 syscw 27 read_bytes 0 write_bytes 360448
	Process OS info: (pid 514408 state R utime 1082 stime 1 cutime 0 cstime 0 CPU usage 97)
	CPU temperature (celsius): socket 0: 68 socket 1: 75[0m
EAR[514408](hratio_l30) at 2.60/1.47 in tcn361 MR[0] elapsed 15883 sec.: [32mLoop time: 1.108s DC Power: [35m525.0W[32m DRAM power: 0.00W PCK power: 436.58W
	avg. CPUFreq: 2.57GHz avg. IMCFreq: 1.47GHz
	CPI: 0.372 VPI: 0.00, Mem. bwidth: 0.22GB/s GFLOPS: 0.00 I/O: 0.01MB/s No MPI  
	TPI 0.03 Cache miss rates: L1 0.60GB/s L2 0.00GB/s L3 0.00GB/s
	Total MPI calls 3
	IO DATA: rchar 4614 wchar 8844 syscr 51 syscw 27 read_bytes 0 write_bytes 385024
	Process OS info: (pid 514408 state R utime 1083 stime 0 cutime 0 cstime 0 CPU usage 97)
	CPU temperature (celsius): socket 0: 68 socket 1: 75[0m
EAR[514408](hratio_l30) at 2.60/1.47 in tcn361 MR[0] elapsed 15894 sec.: [32mLoop time: 1.108s DC Power: [35m524.3W[32m DRAM power: 0.00W PCK power: 436.64W
	avg. CPUFreq: 2.57GHz avg. IMCFreq: 1.47GHz
	CPI: 0.372 VPI: 0.00, Mem. bwidth: 0.37GB/s GFLOPS: 0.00 I/O: 0.01MB/s No MPI  
	TPI 0.05 Cache miss rates: L1 0.60GB/s L2 0.00GB/s L3 0.00GB/s
	Total MPI calls 3
	IO DATA: rchar 4614 wchar 8844 syscr 51 syscw 27 read_bytes 0 write_bytes 446464
	Process OS info: (pid 514408 state R utime 1082 stime 1 cutime 0 cstime 0 CPU usage 97)
	CPU temperature (celsius): socket 0: 68 socket 1: 75[0m
EAR[514408](hratio_l30) at 2.60/1.47 in tcn361 MR[0] elapsed 15905 sec.: [32mLoop time: 1.108s DC Power: [35m471.9W[32m DRAM power: 0.00W PCK power: 436.69W
	avg. CPUFreq: 2.57GHz avg. IMCFreq: 1.47GHz
	CPI: 0.372 VPI: 0.00, Mem. bwidth: 0.28GB/s GFLOPS: 0.00 I/O: 0.01MB/s No MPI  
	TPI 0.04 Cache miss rates: L1 0.60GB/s L2 0.00GB/s L3 0.00GB/s
	Total MPI calls 3
	IO DATA: rchar 4614 wchar 8844 syscr 51 syscw 27 read_bytes 0 write_bytes 299008
	Process OS info: (pid 514408 state R utime 1080 stime 1 cutime 0 cstime 0 CPU usage 97)
	CPU temperature (celsius): socket 0: 68 socket 1: 75[0m
EAR[514408](hratio_l30) at 2.60/1.47 in tcn361 MR[0] elapsed 15916 sec.: [32mLoop time: 1.108s DC Power: [35m472.1W[32m DRAM power: 0.00W PCK power: 436.74W
	avg. CPUFreq: 2.57GHz avg. IMCFreq: 1.47GHz
	CPI: 0.372 VPI: 0.00, Mem. bwidth: 0.09GB/s GFLOPS: 0.00 I/O: 0.01MB/s No MPI  
	TPI 0.01 Cache miss rates: L1 0.60GB/s L2 0.00GB/s L3 0.00GB/s
	Total MPI calls 3
	IO DATA: rchar 4614 wchar 8844 syscr 51 syscw 27 read_bytes 0 write_bytes 303104
	Process OS info: (pid 514408 state R utime 1093 stime 1 cutime 0 cstime 0 CPU usage 98)
	CPU temperature (celsius): socket 0: 68 socket 1: 75[0m
EAR[514408](hratio_l30) at 2.60/1.47 in tcn361 MR[0] elapsed 15927 sec.: [32mLoop time: 1.110s DC Power: [35m523.4W[32m DRAM power: 0.00W PCK power: 436.82W
	avg. CPUFreq: 2.57GHz avg. IMCFreq: 1.47GHz
	CPI: 0.372 VPI: 0.00, Mem. bwidth: 0.13GB/s GFLOPS: 0.00 I/O: 0.01MB/s No MPI  
	TPI 0.02 Cache miss rates: L1 0.59GB/s L2 0.00GB/s L3 0.00GB/s
	Total MPI calls 3
	IO DATA: rchar 4614 wchar 8844 syscr 51 syscw 27 read_bytes 0 write_bytes 405504
	Process OS info: (pid 514408 state R utime 1095 stime 0 cutime 0 cstime 0 CPU usage 98)
	CPU temperature (celsius): socket 0: 68 socket 1: 75[0m
EAR[514408](hratio_l30) at 2.60/1.47 in tcn361 MR[0] elapsed 15938 sec.: [32mLoop time: 1.108s DC Power: [35m524.5W[32m DRAM power: 0.00W PCK power: 436.83W
	avg. CPUFreq: 2.57GHz avg. IMCFreq: 1.47GHz
	CPI: 0.372 VPI: 0.00, Mem. bwidth: 0.10GB/s GFLOPS: 0.00 I/O: 0.01MB/s No MPI  
	TPI 0.01 Cache miss rates: L1 0.60GB/s L2 0.00GB/s L3 0.00GB/s
	Total MPI calls 3
	IO DATA: rchar 4614 wchar 8844 syscr 51 syscw 27 read_bytes 0 write_bytes 307200
	Process OS info: (pid 514408 state R utime 1093 stime 1 cutime 0 cstime 0 CPU usage 98)
	CPU temperature (celsius): socket 0: 68 socket 1: 75[0m
EAR[514408](hratio_l30) at 2.60/1.47 in tcn361 MR[0] elapsed 15949 sec.: [32mLoop time: 1.107s DC Power: [35m524.6W[32m DRAM power: 0.00W PCK power: 436.82W
	avg. CPUFreq: 2.57GHz avg. IMCFreq: 1.47GHz
	CPI: 0.372 VPI: 0.00, Mem. bwidth: 0.09GB/s GFLOPS: 0.00 I/O: 0.01MB/s No MPI  
	TPI 0.01 Cache miss rates: L1 0.66GB/s L2 0.00GB/s L3 0.00GB/s
	Total MPI calls 3
	IO DATA: rchar 4614 wchar 8844 syscr 51 syscw 27 read_bytes 0 write_bytes 380928
	Process OS info: (pid 514408 state R utime 1093 stime 1 cutime 0 cstime 0 CPU usage 98)
	CPU temperature (celsius): socket 0: 68 socket 1: 75[0m
EAR[514408](hratio_l30) at 2.60/1.47 in tcn361 MR[0] elapsed 15960 sec.: [32mLoop time: 1.107s DC Power: [35m419.8W[32m DRAM power: 0.00W PCK power: 436.94W
	avg. CPUFreq: 2.57GHz avg. IMCFreq: 1.47GHz
	CPI: 0.372 VPI: 0.00, Mem. bwidth: 0.12GB/s GFLOPS: 0.00 I/O: 0.01MB/s No MPI  
	TPI 0.02 Cache miss rates: L1 0.60GB/s L2 0.00GB/s L3 0.00GB/s
	Total MPI calls 3
	IO DATA: rchar 4614 wchar 8844 syscr 51 syscw 27 read_bytes 0 write_bytes 294912
	Process OS info: (pid 514408 state R utime 1093 stime 0 cutime 0 cstime 0 CPU usage 98)
	CPU temperature (celsius): socket 0: 68 socket 1: 75[0m
EAR[514408](hratio_l30) at 2.60/1.47 in tcn361 MR[0] elapsed 15971 sec.: [32mLoop time: 1.108s DC Power: [35m524.6W[32m DRAM power: 0.00W PCK power: 436.73W
	avg. CPUFreq: 2.57GHz avg. IMCFreq: 1.47GHz
	CPI: 0.372 VPI: 0.00, Mem. bwidth: 0.10GB/s GFLOPS: 0.00 I/O: 0.01MB/s No MPI  
	TPI 0.02 Cache miss rates: L1 0.60GB/s L2 0.00GB/s L3 0.00GB/s
	Total MPI calls 3
	IO DATA: rchar 4614 wchar 8844 syscr 51 syscw 27 read_bytes 0 write_bytes 294912
	Process OS info: (pid 514408 state R utime 1093 stime 1 cutime 0 cstime 0 CPU usage 98)
	CPU temperature (celsius): socket 0: 68 socket 1: 75[0m
EAR[514408](hratio_l30) at 2.60/1.47 in tcn361 MR[0] elapsed 15983 sec.: [32mLoop time: 1.108s DC Power: [35m524.4W[32m DRAM power: 0.00W PCK power: 436.81W
	avg. CPUFreq: 2.57GHz avg. IMCFreq: 1.47GHz
	CPI: 0.372 VPI: 0.00, Mem. bwidth: 0.12GB/s GFLOPS: 0.00 I/O: 0.01MB/s No MPI  
	TPI 0.02 Cache miss rates: L1 0.60GB/s L2 0.00GB/s L3 0.00GB/s
	Total MPI calls 3
	IO DATA: rchar 4614 wchar 8844 syscr 51 syscw 27 read_bytes 0 write_bytes 294912
	Process OS info: (pid 514408 state R utime 1093 stime 1 cutime 0 cstime 0 CPU usage 98)
	CPU temperature (celsius): socket 0: 68 socket 1: 75[0m
EAR[514408](hratio_l30) at 2.60/1.47 in tcn361 MR[0] elapsed 15994 sec.: [32mLoop time: 1.108s DC Power: [35m524.6W[32m DRAM power: 0.00W PCK power: 436.76W
	avg. CPUFreq: 2.57GHz avg. IMCFreq: 1.47GHz
	CPI: 0.372 VPI: 0.00, Mem. bwidth: 0.11GB/s GFLOPS: 0.00 I/O: 0.01MB/s No MPI  
	TPI 0.02 Cache miss rates: L1 0.60GB/s L2 0.00GB/s L3 0.00GB/s
	Total MPI calls 3
	IO DATA: rchar 4614 wchar 8844 syscr 51 syscw 27 read_bytes 0 write_bytes 299008
	Process OS info: (pid 514408 state R utime 1093 stime 0 cutime 0 cstime 0 CPU usage 98)
	CPU temperature (celsius): socket 0: 68 socket 1: 75[0m
EAR[514408](hratio_l30) at 2.60/1.47 in tcn361 MR[0] elapsed 16005 sec.: [32mLoop time: 1.108s DC Power: [35m472.8W[32m DRAM power: 0.00W PCK power: 436.70W
	avg. CPUFreq: 2.57GHz avg. IMCFreq: 1.47GHz
	CPI: 0.372 VPI: 0.00, Mem. bwidth: 0.11GB/s GFLOPS: 0.00 I/O: 0.01MB/s No MPI  
	TPI 0.02 Cache miss rates: L1 0.60GB/s L2 0.00GB/s L3 0.00GB/s
	Total MPI calls 3
	IO DATA: rchar 4614 wchar 8844 syscr 51 syscw 27 read_bytes 0 write_bytes 299008
	Process OS info: (pid 514408 state R utime 1093 stime 1 cutime 0 cstime 0 CPU usage 98)
	CPU temperature (celsius): socket 0: 68 socket 1: 75[0m
EAR[514408](hratio_l30) at 2.60/1.47 in tcn361 MR[0] elapsed 16016 sec.: [32mLoop time: 1.108s DC Power: [35m526.0W[32m DRAM power: 0.00W PCK power: 436.91W
	avg. CPUFreq: 2.57GHz avg. IMCFreq: 1.47GHz
	CPI: 0.372 VPI: 0.00, Mem. bwidth: 0.15GB/s GFLOPS: 0.00 I/O: 0.01MB/s No MPI  
	TPI 0.02 Cache miss rates: L1 0.60GB/s L2 0.00GB/s L3 0.00GB/s
	Total MPI calls 3
	IO DATA: rchar 4614 wchar 8844 syscr 51 syscw 27 read_bytes 0 write_bytes 294912
	Process OS info: (pid 514408 state R utime 1093 stime 1 cutime 0 cstime 0 CPU usage 98)
	CPU temperature (celsius): socket 0: 68 socket 1: 75[0m
EAR[514408](hratio_l30) at 2.60/1.47 in tcn361 MR[0] elapsed 16027 sec.: [32mLoop time: 1.108s DC Power: [35m473.6W[32m DRAM power: 0.00W PCK power: 436.89W
	avg. CPUFreq: 2.57GHz avg. IMCFreq: 1.47GHz
	CPI: 0.372 VPI: 0.00, Mem. bwidth: 0.11GB/s GFLOPS: 0.00 I/O: 0.01MB/s No MPI  
	TPI 0.02 Cache miss rates: L1 0.60GB/s L2 0.00GB/s L3 0.00GB/s
	Total MPI calls 3
	IO DATA: rchar 4614 wchar 8844 syscr 51 syscw 27 read_bytes 0 write_bytes 294912
	Process OS info: (pid 514408 state R utime 1093 stime 0 cutime 0 cstime 0 CPU usage 98)
	CPU temperature (celsius): socket 0: 68 socket 1: 75[0m
EAR[514408](hratio_l30) at 2.60/1.47 in tcn361 MR[0] elapsed 16038 sec.: [32mLoop time: 1.108s DC Power: [35m526.3W[32m DRAM power: 0.00W PCK power: 436.93W
	avg. CPUFreq: 2.57GHz avg. IMCFreq: 1.47GHz
	CPI: 0.372 VPI: 0.00, Mem. bwidth: 0.10GB/s GFLOPS: 0.00 I/O: 0.01MB/s No MPI  
	TPI 0.01 Cache miss rates: L1 0.60GB/s L2 0.00GB/s L3 0.00GB/s
	Total MPI calls 3
	IO DATA: rchar 4614 wchar 8844 syscr 51 syscw 27 read_bytes 0 write_bytes 303104
	Process OS info: (pid 514408 state R utime 1093 stime 1 cutime 0 cstime 0 CPU usage 98)
	CPU temperature (celsius): socket 0: 69 socket 1: 75[0m
EAR[514408](hratio_l30) at 2.60/1.47 in tcn361 MR[0] elapsed 16049 sec.: [32mLoop time: 1.108s DC Power: [35m473.4W[32m DRAM power: 0.00W PCK power: 437.22W
	avg. CPUFreq: 2.57GHz avg. IMCFreq: 1.47GHz
	CPI: 0.371 VPI: 0.00, Mem. bwidth: 0.13GB/s GFLOPS: 0.00 I/O: 0.01MB/s No MPI  
	TPI 0.02 Cache miss rates: L1 0.60GB/s L2 0.00GB/s L3 0.00GB/s
	Total MPI calls 3
	IO DATA: rchar 4614 wchar 8844 syscr 51 syscw 27 read_bytes 0 write_bytes 303104
	Process OS info: (pid 514408 state R utime 1093 stime 1 cutime 0 cstime 0 CPU usage 98)
	CPU temperature (celsius): socket 0: 68 socket 1: 75[0m
EAR[514408](hratio_l30) at 2.60/1.47 in tcn361 MR[0] elapsed 16060 sec.: [32mLoop time: 1.109s DC Power: [35m524.8W[32m DRAM power: 0.00W PCK power: 437.17W
	avg. CPUFreq: 2.57GHz avg. IMCFreq: 1.47GHz
	CPI: 0.371 VPI: 0.00, Mem. bwidth: 0.10GB/s GFLOPS: 0.00 I/O: 0.01MB/s No MPI  
	TPI 0.01 Cache miss rates: L1 0.59GB/s L2 0.00GB/s L3 0.00GB/s
	Total MPI calls 3
	IO DATA: rchar 4614 wchar 8844 syscr 51 syscw 27 read_bytes 0 write_bytes 303104
	Process OS info: (pid 514408 state R utime 1094 stime 0 cutime 0 cstime 0 CPU usage 98)
	CPU temperature (celsius): socket 0: 69 socket 1: 75[0m
EAR[514408](hratio_l30) at 2.60/1.47 in tcn361 MR[0] elapsed 16071 sec.: [32mLoop time: 1.108s DC Power: [35m525.4W[32m DRAM power: 0.00W PCK power: 437.41W
	avg. CPUFreq: 2.57GHz avg. IMCFreq: 1.47GHz
	CPI: 0.371 VPI: 0.00, Mem. bwidth: 0.12GB/s GFLOPS: 0.00 I/O: 0.01MB/s No MPI  
	TPI 0.02 Cache miss rates: L1 0.60GB/s L2 0.00GB/s L3 0.00GB/s
	Total MPI calls 3
	IO DATA: rchar 4614 wchar 8844 syscr 51 syscw 27 read_bytes 0 write_bytes 294912
	Process OS info: (pid 514408 state R utime 1094 stime 1 cutime 0 cstime 0 CPU usage 98)
	CPU temperature (celsius): socket 0: 68 socket 1: 75[0m
EAR[514408](hratio_l30) at 2.60/1.47 in tcn361 MR[0] elapsed 16082 sec.: [32mLoop time: 1.108s DC Power: [35m472.8W[32m DRAM power: 0.00W PCK power: 437.26W
	avg. CPUFreq: 2.57GHz avg. IMCFreq: 1.47GHz
	CPI: 0.371 VPI: 0.00, Mem. bwidth: 0.10GB/s GFLOPS: 0.00 I/O: 0.01MB/s No MPI  
	TPI 0.02 Cache miss rates: L1 0.60GB/s L2 0.00GB/s L3 0.00GB/s
	Total MPI calls 3
	IO DATA: rchar 4614 wchar 8844 syscr 51 syscw 27 read_bytes 0 write_bytes 294912
	Process OS info: (pid 514408 state R utime 1093 stime 1 cutime 0 cstime 0 CPU usage 98)
	CPU temperature (celsius): socket 0: 68 socket 1: 75[0m
EAR[514408](hratio_l30) at 2.60/1.47 in tcn361 MR[0] elapsed 16093 sec.: [32mLoop time: 1.108s DC Power: [35m472.7W[32m DRAM power: 0.00W PCK power: 437.20W
	avg. CPUFreq: 2.57GHz avg. IMCFreq: 1.47GHz
	CPI: 0.371 VPI: 0.00, Mem. bwidth: 0.09GB/s GFLOPS: 0.00 I/O: 0.01MB/s No MPI  
	TPI 0.01 Cache miss rates: L1 0.66GB/s L2 0.00GB/s L3 0.00GB/s
	Total MPI calls 3
	IO DATA: rchar 4614 wchar 8844 syscr 51 syscw 27 read_bytes 0 write_bytes 294912
	Process OS info: (pid 514408 state R utime 1094 stime 0 cutime 0 cstime 0 CPU usage 98)
	CPU temperature (celsius): socket 0: 69 socket 1: 75[0m
EAR[514408](hratio_l30) at 2.60/1.47 in tcn361 MR[0] elapsed 16104 sec.: [32mLoop time: 1.108s DC Power: [35m525.4W[32m DRAM power: 0.00W PCK power: 437.37W
	avg. CPUFreq: 2.57GHz avg. IMCFreq: 1.47GHz
	CPI: 0.371 VPI: 0.00, Mem. bwidth: 0.11GB/s GFLOPS: 0.00 I/O: 0.01MB/s No MPI  
	TPI 0.02 Cache miss rates: L1 0.60GB/s L2 0.00GB/s L3 0.00GB/s
	Total MPI calls 3
	IO DATA: rchar 4614 wchar 8844 syscr 51 syscw 27 read_bytes 0 write_bytes 294912
	Process OS info: (pid 514408 state R utime 1094 stime 1 cutime 0 cstime 0 CPU usage 98)
	CPU temperature (celsius): socket 0: 68 socket 1: 75[0m
EAR[514408](hratio_l30) at 2.60/1.47 in tcn361 MR[0] elapsed 16115 sec.: [32mLoop time: 1.107s DC Power: [35m525.5W[32m DRAM power: 0.00W PCK power: 437.28W
	avg. CPUFreq: 2.57GHz avg. IMCFreq: 1.47GHz
	CPI: 0.371 VPI: 0.00, Mem. bwidth: 0.10GB/s GFLOPS: 0.00 I/O: 0.01MB/s No MPI  
	TPI 0.01 Cache miss rates: L1 0.60GB/s L2 0.00GB/s L3 0.00GB/s
	Total MPI calls 3
	IO DATA: rchar 4614 wchar 8844 syscr 51 syscw 27 read_bytes 0 write_bytes 294912
	Process OS info: (pid 514408 state R utime 1093 stime 0 cutime 0 cstime 0 CPU usage 98)
	CPU temperature (celsius): socket 0: 68 socket 1: 75[0m
EAR[514408](hratio_l30) at 2.60/1.47 in tcn361 MR[0] elapsed 16127 sec.: [32mLoop time: 1.108s DC Power: [35m525.2W[32m DRAM power: 0.00W PCK power: 437.24W
	avg. CPUFreq: 2.57GHz avg. IMCFreq: 1.47GHz
	CPI: 0.371 VPI: 0.00, Mem. bwidth: 0.10GB/s GFLOPS: 0.00 I/O: 0.01MB/s No MPI  
	TPI 0.01 Cache miss rates: L1 0.60GB/s L2 0.00GB/s L3 0.00GB/s
	Total MPI calls 3
	IO DATA: rchar 4614 wchar 8844 syscr 51 syscw 27 read_bytes 0 write_bytes 303104
	Process OS info: (pid 514408 state R utime 1093 stime 1 cutime 0 cstime 0 CPU usage 98)
	CPU temperature (celsius): socket 0: 68 socket 1: 75[0m
EAR[514408](hratio_l30) at 2.60/1.47 in tcn361 MR[0] elapsed 16138 sec.: [32mLoop time: 1.108s DC Power: [35m420.2W[32m DRAM power: 0.00W PCK power: 437.28W
	avg. CPUFreq: 2.57GHz avg. IMCFreq: 1.47GHz
	CPI: 0.371 VPI: 0.00, Mem. bwidth: 0.12GB/s GFLOPS: 0.00 I/O: 0.01MB/s No MPI  
	TPI 0.02 Cache miss rates: L1 0.60GB/s L2 0.00GB/s L3 0.00GB/s
	Total MPI calls 3
	IO DATA: rchar 4614 wchar 8844 syscr 51 syscw 27 read_bytes 0 write_bytes 294912
	Process OS info: (pid 514408 state R utime 1093 stime 1 cutime 0 cstime 0 CPU usage 98)
	CPU temperature (celsius): socket 0: 68 socket 1: 75[0m
EAR[514408](hratio_l30) at 2.60/1.47 in tcn361 MR[0] elapsed 16149 sec.: [32mLoop time: 1.108s DC Power: [35m525.2W[32m DRAM power: 0.00W PCK power: 437.24W
	avg. CPUFreq: 2.57GHz avg. IMCFreq: 1.47GHz
	CPI: 0.371 VPI: 0.00, Mem. bwidth: 0.08GB/s GFLOPS: 0.00 I/O: 0.01MB/s No MPI  
	TPI 0.01 Cache miss rates: L1 0.60GB/s L2 0.00GB/s L3 0.00GB/s
	Total MPI calls 3
	IO DATA: rchar 4614 wchar 8844 syscr 51 syscw 27 read_bytes 0 write_bytes 294912
	Process OS info: (pid 514408 state R utime 1094 stime 1 cutime 0 cstime 0 CPU usage 98)
	CPU temperature (celsius): socket 0: 68 socket 1: 75[0m
EAR[514408](hratio_l30) at 2.60/1.47 in tcn361 MR[0] elapsed 16160 sec.: [32mLoop time: 1.108s DC Power: [35m525.4W[32m DRAM power: 0.00W PCK power: 437.14W
	avg. CPUFreq: 2.57GHz avg. IMCFreq: 1.47GHz
	CPI: 0.371 VPI: 0.00, Mem. bwidth: 0.11GB/s GFLOPS: 0.00 I/O: 0.01MB/s No MPI  
	TPI 0.02 Cache miss rates: L1 0.60GB/s L2 0.00GB/s L3 0.00GB/s
	Total MPI calls 3
	IO DATA: rchar 4614 wchar 8844 syscr 51 syscw 27 read_bytes 0 write_bytes 303104
	Process OS info: (pid 514408 state R utime 1093 stime 1 cutime 0 cstime 0 CPU usage 98)
	CPU temperature (celsius): socket 0: 68 socket 1: 75[0m
EAR[514408](hratio_l30) at 2.60/1.47 in tcn361 MR[0] elapsed 16171 sec.: [32mLoop time: 1.108s DC Power: [35m525.4W[32m DRAM power: 0.00W PCK power: 437.44W
	avg. CPUFreq: 2.57GHz avg. IMCFreq: 1.47GHz
	CPI: 0.371 VPI: 0.00, Mem. bwidth: 0.13GB/s GFLOPS: 0.00 I/O: 0.01MB/s No MPI  
	TPI 0.02 Cache miss rates: L1 0.60GB/s L2 0.00GB/s L3 0.00GB/s
	Total MPI calls 3
	IO DATA: rchar 4614 wchar 8844 syscr 51 syscw 27 read_bytes 0 write_bytes 303104
	Process OS info: (pid 514408 state R utime 1093 stime 0 cutime 0 cstime 0 CPU usage 98)
	CPU temperature (celsius): socket 0: 68 socket 1: 75[0m
EAR[514408](hratio_l30) at 2.60/1.47 in tcn361 MR[0] elapsed 16182 sec.: [32mLoop time: 1.107s DC Power: [35m526.4W[32m DRAM power: 0.00W PCK power: 437.39W
	avg. CPUFreq: 2.57GHz avg. IMCFreq: 1.47GHz
	CPI: 0.371 VPI: 0.00, Mem. bwidth: 0.09GB/s GFLOPS: 0.00 I/O: 0.01MB/s No MPI  
	TPI 0.01 Cache miss rates: L1 0.60GB/s L2 0.00GB/s L3 0.00GB/s
	Total MPI calls 3
	IO DATA: rchar 4614 wchar 8844 syscr 51 syscw 27 read_bytes 0 write_bytes 303104
	Process OS info: (pid 514408 state R utime 1093 stime 1 cutime 0 cstime 0 CPU usage 98)
	CPU temperature (celsius): socket 0: 68 socket 1: 75[0m
EAR[514408](hratio_l30) at 2.60/1.47 in tcn361 MR[0] elapsed 16193 sec.: [32mLoop time: 1.108s DC Power: [35m527.1W[32m DRAM power: 0.00W PCK power: 437.55W
	avg. CPUFreq: 2.57GHz avg. IMCFreq: 1.47GHz
	CPI: 0.371 VPI: 0.00, Mem. bwidth: 0.12GB/s GFLOPS: 0.00 I/O: 0.01MB/s No MPI  
	TPI 0.02 Cache miss rates: L1 0.60GB/s L2 0.00GB/s L3 0.00GB/s
	Total MPI calls 3
	IO DATA: rchar 4614 wchar 8844 syscr 51 syscw 27 read_bytes 0 write_bytes 299008
	Process OS info: (pid 514408 state R utime 1094 stime 0 cutime 0 cstime 0 CPU usage 98)
	CPU temperature (celsius): socket 0: 68 socket 1: 75[0m
EAR[514408](hratio_l30) at 2.60/1.47 in tcn361 MR[0] elapsed 16204 sec.: [32mLoop time: 1.108s DC Power: [35m474.4W[32m DRAM power: 0.00W PCK power: 437.42W
	avg. CPUFreq: 2.57GHz avg. IMCFreq: 1.47GHz
	CPI: 0.370 VPI: 0.00, Mem. bwidth: 0.09GB/s GFLOPS: 0.00 I/O: 0.01MB/s No MPI  
	TPI 0.01 Cache miss rates: L1 0.60GB/s L2 0.00GB/s L3 0.00GB/s
	Total MPI calls 3
	IO DATA: rchar 4614 wchar 8844 syscr 51 syscw 27 read_bytes 0 write_bytes 294912
	Process OS info: (pid 514408 state R utime 1093 stime 1 cutime 0 cstime 0 CPU usage 98)
	CPU temperature (celsius): socket 0: 69 socket 1: 75[0m
EAR[514408](hratio_l30) at 2.60/1.47 in tcn361 MR[0] elapsed 16215 sec.: [32mLoop time: 1.107s DC Power: [35m527.2W[32m DRAM power: 0.00W PCK power: 437.28W
	avg. CPUFreq: 2.57GHz avg. IMCFreq: 1.47GHz
	CPI: 0.371 VPI: 0.00, Mem. bwidth: 0.09GB/s GFLOPS: 0.00 I/O: 0.01MB/s No MPI  
	TPI 0.01 Cache miss rates: L1 0.60GB/s L2 0.00GB/s L3 0.00GB/s
	Total MPI calls 3
	IO DATA: rchar 4614 wchar 8844 syscr 51 syscw 27 read_bytes 0 write_bytes 294912
	Process OS info: (pid 514408 state R utime 1093 stime 1 cutime 0 cstime 0 CPU usage 98)
	CPU temperature (celsius): socket 0: 68 socket 1: 75[0m
EAR[514408](hratio_l30) at 2.60/1.47 in tcn361 MR[0] elapsed 16226 sec.: [32mLoop time: 1.107s DC Power: [35m473.8W[32m DRAM power: 0.00W PCK power: 437.44W
	avg. CPUFreq: 2.57GHz avg. IMCFreq: 1.47GHz
	CPI: 0.371 VPI: 0.00, Mem. bwidth: 0.13GB/s GFLOPS: 0.00 I/O: 0.01MB/s No MPI  
	TPI 0.02 Cache miss rates: L1 0.60GB/s L2 0.00GB/s L3 0.00GB/s
	Total MPI calls 3
	IO DATA: rchar 4614 wchar 8844 syscr 51 syscw 27 read_bytes 0 write_bytes 299008
	Process OS info: (pid 514408 state R utime 1094 stime 0 cutime 0 cstime 0 CPU usage 98)
	CPU temperature (celsius): socket 0: 68 socket 1: 75[0m
EAR[514408](hratio_l30) at 2.60/1.47 in tcn361 MR[0] elapsed 16237 sec.: [32mLoop time: 1.108s DC Power: [35m525.6W[32m DRAM power: 0.00W PCK power: 437.32W
	avg. CPUFreq: 2.57GHz avg. IMCFreq: 1.47GHz
	CPI: 0.371 VPI: 0.00, Mem. bwidth: 0.09GB/s GFLOPS: 0.00 I/O: 0.01MB/s No MPI  
	TPI 0.01 Cache miss rates: L1 0.65GB/s L2 0.00GB/s L3 0.00GB/s
	Total MPI calls 3
	IO DATA: rchar 4614 wchar 8844 syscr 51 syscw 27 read_bytes 0 write_bytes 294912
	Process OS info: (pid 514408 state R utime 1093 stime 1 cutime 0 cstime 0 CPU usage 98)
	CPU temperature (celsius): socket 0: 68 socket 1: 75[0m
EAR[514408](hratio_l30) at 2.60/1.47 in tcn361 MR[0] elapsed 16248 sec.: [32mLoop time: 1.108s DC Power: [35m525.4W[32m DRAM power: 0.00W PCK power: 437.32W
	avg. CPUFreq: 2.57GHz avg. IMCFreq: 1.47GHz
	CPI: 0.371 VPI: 0.00, Mem. bwidth: 0.10GB/s GFLOPS: 0.00 I/O: 0.01MB/s No MPI  
	TPI 0.01 Cache miss rates: L1 0.60GB/s L2 0.00GB/s L3 0.00GB/s
	Total MPI calls 3
	IO DATA: rchar 4614 wchar 8844 syscr 51 syscw 27 read_bytes 0 write_bytes 299008
	Process OS info: (pid 514408 state R utime 1093 stime 0 cutime 0 cstime 0 CPU usage 98)
	CPU temperature (celsius): socket 0: 68 socket 1: 75[0m
EAR[514408](hratio_l30) at 2.60/1.47 in tcn361 MR[0] elapsed 16259 sec.: [32mLoop time: 1.108s DC Power: [35m472.6W[32m DRAM power: 0.00W PCK power: 437.29W
	avg. CPUFreq: 2.57GHz avg. IMCFreq: 1.47GHz
	CPI: 0.371 VPI: 0.00, Mem. bwidth: 0.15GB/s GFLOPS: 0.00 I/O: 0.01MB/s No MPI  
	TPI 0.02 Cache miss rates: L1 0.60GB/s L2 0.00GB/s L3 0.00GB/s
	Total MPI calls 3
	IO DATA: rchar 4614 wchar 8844 syscr 51 syscw 27 read_bytes 0 write_bytes 380928
	Process OS info: (pid 514408 state R utime 1093 stime 1 cutime 0 cstime 0 CPU usage 98)
	CPU temperature (celsius): socket 0: 68 socket 1: 75[0m
EAR[514408](hratio_l30) at 2.60/1.47 in tcn361 MR[0] elapsed 16271 sec.: [32mLoop time: 1.108s DC Power: [35m525.3W[32m DRAM power: 0.00W PCK power: 437.07W
	avg. CPUFreq: 2.57GHz avg. IMCFreq: 1.47GHz
	CPI: 0.371 VPI: 0.00, Mem. bwidth: 0.11GB/s GFLOPS: 0.00 I/O: 0.01MB/s No MPI  
	TPI 0.02 Cache miss rates: L1 0.60GB/s L2 0.00GB/s L3 0.00GB/s
	Total MPI calls 3
	IO DATA: rchar 4614 wchar 8844 syscr 51 syscw 27 read_bytes 0 write_bytes 294912
	Process OS info: (pid 514408 state R utime 1092 stime 1 cutime 0 cstime 0 CPU usage 98)
	CPU temperature (celsius): socket 0: 68 socket 1: 75[0m
EAR[514408](hratio_l30) at 2.60/1.47 in tcn361 MR[0] elapsed 16282 sec.: [32mLoop time: 1.110s DC Power: [35m524.5W[32m DRAM power: 0.00W PCK power: 437.33W
	avg. CPUFreq: 2.57GHz avg. IMCFreq: 1.47GHz
	CPI: 0.371 VPI: 0.00, Mem. bwidth: 0.11GB/s GFLOPS: 0.00 I/O: 0.01MB/s No MPI  
	TPI 0.02 Cache miss rates: L1 0.60GB/s L2 0.00GB/s L3 0.00GB/s
	Total MPI calls 3
	IO DATA: rchar 4614 wchar 8844 syscr 51 syscw 27 read_bytes 0 write_bytes 294912
	Process OS info: (pid 514408 state R utime 1094 stime 0 cutime 0 cstime 0 CPU usage 98)
	CPU temperature (celsius): socket 0: 68 socket 1: 75[0m
EAR[514408](hratio_l30) at 2.60/1.47 in tcn361 MR[0] elapsed 16293 sec.: [32mLoop time: 1.108s DC Power: [35m525.5W[32m DRAM power: 0.00W PCK power: 437.24W
	avg. CPUFreq: 2.57GHz avg. IMCFreq: 1.47GHz
	CPI: 0.371 VPI: 0.00, Mem. bwidth: 0.10GB/s GFLOPS: 0.00 I/O: 0.01MB/s No MPI  
	TPI 0.01 Cache miss rates: L1 0.60GB/s L2 0.00GB/s L3 0.00GB/s
	Total MPI calls 3
	IO DATA: rchar 4614 wchar 8844 syscr 51 syscw 27 read_bytes 0 write_bytes 319488
	Process OS info: (pid 514408 state R utime 1093 stime 1 cutime 0 cstime 0 CPU usage 98)
	CPU temperature (celsius): socket 0: 68 socket 1: 75[0m
[34m[tcn361][0][INFO] [0mWarning: Estimated power 508.44 W (DC vs CPU+GPU 1.17)
[34m[tcn361][0][INFO] [0mScope APP master 1 elapsed 0.000000
---------------------------------- Application Summary [tcn361] ----------------------------------
--- App id: hratio_l30 / user id: ovaneck2 / account: vusei12999 / job.step: 14236841.0.514408 ---


(mpi_sig) Wall time: 16301.849 s, nominal freq.: 2.60 GHz, avg. freq: 2.57 GHz, avg imc freq: 1.47 GHz
          Avg. mpi_time/exec_time 58.0 %

          tasks: 128

          CPI/TPI: 0.420/0.021, GB/s: 0.133, GFLOPS: 0.000, IO: 0.015 (MB/s)
          DC/DRAM/PCK power: 488.634/0.000/416.286 (W) GFlops/Watts 0.000


--------------------------------------------------------------------------------------------------
[59/128]	Finalized MPI..
[93/128]	Finalized MPI..
[47/128]	Finalized MPI..
[80/128]	Finalized MPI..
[127/128]	Finalized MPI..
[96/128]	Finalized MPI..
[57/128]	Finalized MPI..
[52/128]	Finalized MPI..
[91/128]	Finalized MPI..
[89/128]	Finalized MPI..
[74/128]	Finalized MPI..
[94/128]	Finalized MPI..
[126/128]	Finalized MPI..
[75/128]	Finalized MPI..
[112/128]	Finalized MPI..
[77/128]	Finalized MPI..
[92/128]	Finalized MPI..
[99/128]	Finalized MPI..
[122/128]	Finalized MPI..
[88/128]	Finalized MPI..
[81/128]	Finalized MPI..
[41/128]	Finalized MPI..
[73/128]	Finalized MPI..
[123/128]	Finalized MPI..
[10/128]	Finalized MPI..
[119/128]	Finalized MPI..
[35/128]	Finalized MPI..
[82/128]	Finalized MPI..
[26/128]	Finalized MPI..
[27/128]	Finalized MPI..
[50/128]	Finalized MPI..
[103/128]	Finalized MPI..
[121/128]	Finalized MPI..
[56/128]	Finalized MPI..
[98/128]	Finalized MPI..
[60/128]	Finalized MPI..
[40/128]	Finalized MPI..
[23/128]	Finalized MPI..
[90/128]	Finalized MPI..
[105/128]	Finalized MPI..
[61/128]	Finalized MPI..
[33/128]	Finalized MPI..
[106/128]	Finalized MPI..
[117/128]	Finalized MPI..
[68/128]	Finalized MPI..
[109/128]	Finalized MPI..
[104/128]	Finalized MPI..
[101/128]	Finalized MPI..
[5/128]	Finalized MPI..
[87/128]	Finalized MPI..
[62/128]	Finalized MPI..
[49/128]	Finalized MPI..
[43/128]	Finalized MPI..
[11/128]	Finalized MPI..
[25/128]	Finalized MPI..
[44/128]	Finalized MPI..
[36/128]	Finalized MPI..
[22/128]	Finalized MPI..
[124/128]	Finalized MPI..
[115/128]	Finalized MPI..
[70/128]	Finalized MPI..
[100/128]	Finalized MPI..
[114/128]	Finalized MPI..
[118/128]	Finalized MPI..
[1/128]	Finalized MPI..
[120/128]	Finalized MPI..
[9/128]	Finalized MPI..
[71/128]	Finalized MPI..
[78/128]	Finalized MPI..
[28/128]	Finalized MPI..
[32/128]	Finalized MPI..
[65/128]	Finalized MPI..
[30/128]	Finalized MPI..
[102/128]	Finalized MPI..
[6/128]	Finalized MPI..
[69/128]	Finalized MPI..
[113/128]	Finalized MPI..
[84/128]	Finalized MPI..
[42/128]	Finalized MPI..
[34/128]	Finalized MPI..
[125/128]	Finalized MPI..
[83/128]	Finalized MPI..
[58/128]	Finalized MPI..
[116/128]	Finalized MPI..
[95/128]	Finalized MPI..
[107/128]	Finalized MPI..
[86/128]	Finalized MPI..
[67/128]	Finalized MPI..
[24/128]	Finalized MPI..
[110/128]	Finalized MPI..
[63/128]	Finalized MPI..
[19/128]	Finalized MPI..
[64/128]	Finalized MPI..
[108/128]	Finalized MPI..
[111/128]	Finalized MPI..
[29/128]	Finalized MPI..
[38/128]	Finalized MPI..
[72/128]	Finalized MPI..
[51/128]	Finalized MPI..
[17/128]	Finalized MPI..
[18/128]	Finalized MPI..
[15/128]	Finalized MPI..
[20/128]	Finalized MPI..
[66/128]	Finalized MPI..
[4/128]	Finalized MPI..
[16/128]	Finalized MPI..
[31/128]	Finalized MPI..
[79/128]	Finalized MPI..
[2/128]	Finalized MPI..
[45/128]	Finalized MPI..
[12/128]	Finalized MPI..
[46/128]	Finalized MPI..
[39/128]	Finalized MPI..
[85/128]	Finalized MPI..
[8/128]	Finalized MPI..
[97/128]	Finalized MPI..
[55/128]	Finalized MPI..
[76/128]	Finalized MPI..
[128/128]	Finalized MPI..
[53/128]	Finalized MPI..
[14/128]	Finalized MPI..
[13/128]	Finalized MPI..
[48/128]	Finalized MPI..
[37/128]	Finalized MPI..
[54/128]	Finalized MPI..
[7/128]	Finalized MPI..
[21/128]	Finalized MPI..
[3/128]	Finalized MPI..
