[EARL][tcn273][2336949] --- EARL INIT [PID: 2336949] [MASTER: 1] ---
[34m[tcn273][0][INFO] [0mK-medoids & roofline strategies not available. Loading default model for the classification
--- EARL loaded APIs ---
MGT_CPUFREQ: EARD
MGT_IMCFREQ: EARD
MGT_PRIO   : DUMMY
MET_CPUFREQ: EARD
MET_IMCFREQ: EARD
MET_ENERGY : EARD
MET_TEMP:    AMD17
MET_BWIDTH : EARD
MET_FLOPS  : PERF
MET_CPI    : PERF
MGT_GPU    : DUMMY
MET_GPU    : DUMMY
L1D: loaded (event PERF_L1D_MISS_LD) 
L2 : loaded (event L2_MISS_FROM_DC) (also in LBW)
L2 : loaded (event L2_MISS_FROM_PF1) (also in LBW)
L2 : loaded (event L2_MISS_FROM_PF2) (also in LBW)

------------------------
Mapping frequencies from 128 processes to 128 CPUs...
[108/128]	I'm online..
[106/128]	I'm online..
[125/128]	I'm online..
[12/128]	I'm online..
[39/128]	I'm online..
[102/128]	I'm online..
[115/128]	I'm online..
[11/128]	I'm online..
[69/128]	I'm online..
[15/128]	I'm online..
[100/128]	I'm online..
[101/128]	I'm online..
[49/128]	I'm online..
[77/128]	I'm online..
[24/128]	I'm online..
[66/128]	I'm online..
[71/128]	I'm online..
[34/128]	I'm online..
[70/128]	I'm online..
[36/128]	I'm online..
[9/128]	I'm online..
[35/128]	I'm online..
[27/128]	I'm online..
[112/128]	I'm online..
[124/128]	I'm online..
[37/128]	I'm online..
[48/128]	I'm online..
[32/128]	I'm online..
[128/128]	I'm online..
[33/128]	I'm online..
[111/128]	I'm online..
[45/128]	I'm online..
[113/128]	I'm online..
[127/128]	I'm online..
[53/128]	I'm online..
[97/128]	I'm online..
[42/128]	I'm online..
[109/128]	I'm online..
[74/128]	I'm online..
[54/128]	I'm online..
[92/128]	I'm online..
[126/128]	I'm online..
[28/128]	I'm online..
[64/128]	I'm online..
[99/128]	I'm online..
[31/128]	I'm online..
[52/128]	I'm online..
[51/128]	I'm online..
[85/128]	I'm online..
[117/128]	I'm online..
[40/128]	I'm online..
[60/128]	I'm online..
[68/128]	I'm online..
[46/128]	I'm online..
[73/128]	I'm online..
[67/128]	I'm online..
[122/128]	I'm online..
[38/128]	I'm online..
[90/128]	I'm online..
[2/128]	I'm online..
[4/128]	I'm online..
[72/128]	I'm online..
[107/128]	I'm online..
[26/128]	I'm online..
[81/128]	I'm online..
[30/128]	I'm online..
[47/128]	I'm online..
[19/128]	I'm online..
[20/128]	I'm online..
[119/128]	I'm online..
[21/128]	I'm online..
[87/128]	I'm online..
[17/128]	I'm online..
[61/128]	I'm online..
[41/128]	I'm online..
[110/128]	I'm online..
[5/128]	I'm online..
[93/128]	I'm online..
[96/128]	I'm online..
[43/128]	I'm online..
[14/128]	I'm online..
[91/128]	I'm online..
[22/128]	I'm online..
[89/128]	I'm online..
[83/128]	I'm online..
[79/128]	I'm online..
[86/128]	I'm online..
[25/128]	I'm online..
[6/128]	I'm online..
[50/128]	I'm online..
[121/128]	I'm online..
[3/128]	I'm online..
[103/128]	I'm online..
[63/128]	I'm online..
[123/128]	I'm online..
[29/128]	I'm online..
[59/128]	I'm online..
[104/128]	I'm online..
[62/128]	I'm online..
[82/128]	I'm online..
[105/128]	I'm online..
[98/128]	I'm online..
[75/128]	I'm online..
[8/128]	I'm online..
[16/128]	I'm online..
[7/128]	I'm online..
[78/128]	I'm online..
[80/128]	I'm online..
[94/128]	I'm online..
[88/128]	I'm online..
[23/128]	I'm online..
[18/128]	I'm online..
[76/128]	I'm online..
[58/128]	I'm online..
[114/128]	I'm online..
[65/128]	I'm online..
[116/128]	I'm online..
[118/128]	I'm online..
[84/128]	I'm online..
[95/128]	I'm online..
[120/128]	I'm online..
[10/128]	I'm online..
[55/128]	I'm online..
[13/128]	I'm online..
[56/128]	I'm online..
[57/128]	I'm online..
[44/128]	I'm online..
---------------- EAR 5.1 MPI enabled ----------------
                   App/user id: 'hratio_l30'/'ovaneck2'
    Node/job id/step_id/app_id: 'tcn273'/'14322921'/'0'/'2336949'
     P_STATE/frequency (turbo): 0/2600000 (0)
    Tasks/nodes/ppn/node_ratio: 128/1/128/1.000
             Policy (learning): monitoring (0)
Policy threshold/Perf accuracy: 0.00/10000000.00
   DynAIS levels/window/AVX512: 10/200/2
                      VAR path: /var/ear
           EAR privileged user: 0
                       EARL on: 1 
                  Max CPU freq: 2600000
-------------------------------------------------------
EAR initialized successfully.
[1/128]	I'm online..
Warning, going to time guided because low number of MPI calls per second current 2.000000 
EAR[2336949](hratio_l30) at 2.60/1.47 in tcn273 MR[0] elapsed 34 sec.: [32mLoop time: 1.007s DC Power: [35m395.0W[32m DRAM power: 0.00W PCK power: 429.14W
	avg. CPUFreq: 2.57GHz avg. IMCFreq: 1.47GHz Next Frequency 2.60
	CPI: 0.396 VPI: 0.00, Mem. bwidth: 0.11GB/s GFLOPS: 0.00 I/O: 0.02MB/s No MPI  
	TPI 0.02 Cache miss rates: L1 3.31GB/s L2 0.01GB/s L3 0.00GB/s
	Total MPI calls 2
	IO DATA: rchar 4552 wchar 6440 syscr 50 syscw 5 read_bytes 0 write_bytes 12288
	Process OS info: (pid 2336949 state R utime 994 stime 0 cutime 0 cstime 0 CPU usage 98)
	CPU temperature (celsius): socket 0: 57 socket 1: 65[0m
EAR[2336949](hratio_l30) at 2.60/1.47 in tcn273 MR[0] elapsed 48 sec.: [32mLoop time: 1.006s DC Power: [35m428.3W[32m DRAM power: 0.00W PCK power: 429.55W
	avg. CPUFreq: 2.57GHz avg. IMCFreq: 1.47GHz Next Frequency 2.60
	CPI: 0.396 VPI: 0.00, Mem. bwidth: 0.10GB/s GFLOPS: 0.00 I/O: 0.01MB/s No MPI  
	TPI 0.02 Cache miss rates: L1 1.36GB/s L2 0.00GB/s L3 0.00GB/s
	Total MPI calls 2
	IO DATA: rchar 4552 wchar 6440 syscr 50 syscw 5 read_bytes 0 write_bytes 12288
	Process OS info: (pid 2336949 state R utime 992 stime 0 cutime 0 cstime 0 CPU usage 98)
	CPU temperature (celsius): socket 0: 59 socket 1: 68[0m
EAR[2336949](hratio_l30) at 2.60/1.47 in tcn273 MR[0] elapsed 61 sec.: [32mLoop time: 1.007s DC Power: [35m431.9W[32m DRAM power: 0.00W PCK power: 430.49W
	avg. CPUFreq: 2.57GHz avg. IMCFreq: 1.47GHz Next Frequency 2.60
	CPI: 0.396 VPI: 0.00, Mem. bwidth: 0.12GB/s GFLOPS: 0.00 I/O: 0.01MB/s No MPI  
	TPI 0.02 Cache miss rates: L1 1.47GB/s L2 0.00GB/s L3 0.00GB/s
	Total MPI calls 2
	IO DATA: rchar 4552 wchar 6440 syscr 50 syscw 5 read_bytes 0 write_bytes 8192
	Process OS info: (pid 2336949 state R utime 986 stime 0 cutime 0 cstime 0 CPU usage 97)
	CPU temperature (celsius): socket 0: 59 socket 1: 69[0m
EAR[2336949](hratio_l30) at 2.60/1.47 in tcn273 MR[0] elapsed 75 sec.: [32mLoop time: 1.007s DC Power: [35m437.0W[32m DRAM power: 0.00W PCK power: 430.45W
	avg. CPUFreq: 2.57GHz avg. IMCFreq: 1.47GHz Next Frequency 2.60
	CPI: 0.395 VPI: 0.00, Mem. bwidth: 0.15GB/s GFLOPS: 0.00 I/O: 0.01MB/s No MPI  
	TPI 0.03 Cache miss rates: L1 1.36GB/s L2 0.00GB/s L3 0.00GB/s
	Total MPI calls 2
	IO DATA: rchar 4553 wchar 6440 syscr 50 syscw 5 read_bytes 0 write_bytes 12288
	Process OS info: (pid 2336949 state R utime 992 stime 0 cutime 0 cstime 0 CPU usage 98)
	CPU temperature (celsius): socket 0: 60 socket 1: 69[0m
EAR[2336949](hratio_l30) at 2.60/1.47 in tcn273 MR[0] elapsed 88 sec.: [32mLoop time: 1.007s DC Power: [35m385.6W[32m DRAM power: 0.00W PCK power: 430.64W
	avg. CPUFreq: 2.57GHz avg. IMCFreq: 1.47GHz Next Frequency 2.60
	CPI: 0.395 VPI: 0.00, Mem. bwidth: 0.15GB/s GFLOPS: 0.00 I/O: 0.01MB/s No MPI  
	TPI 0.03 Cache miss rates: L1 1.36GB/s L2 0.00GB/s L3 0.00GB/s
	Total MPI calls 2
	IO DATA: rchar 4553 wchar 6440 syscr 50 syscw 5 read_bytes 0 write_bytes 8192
	Process OS info: (pid 2336949 state R utime 992 stime 1 cutime 0 cstime 0 CPU usage 98)
	CPU temperature (celsius): socket 0: 60 socket 1: 70[0m
EAR[2336949](hratio_l30) at 2.60/1.47 in tcn273 MR[0] elapsed 102 sec.: [32mLoop time: 1.007s DC Power: [35m441.0W[32m DRAM power: 0.00W PCK power: 430.23W
	avg. CPUFreq: 2.57GHz avg. IMCFreq: 1.47GHz Next Frequency 2.60
	CPI: 0.395 VPI: 0.00, Mem. bwidth: 0.09GB/s GFLOPS: 0.00 I/O: 0.01MB/s No MPI  
	TPI 0.02 Cache miss rates: L1 1.46GB/s L2 0.00GB/s L3 0.00GB/s
	Total MPI calls 2
	IO DATA: rchar 4553 wchar 6440 syscr 50 syscw 5 read_bytes 0 write_bytes 12288
	Process OS info: (pid 2336949 state R utime 993 stime 1 cutime 0 cstime 0 CPU usage 98)
	CPU temperature (celsius): socket 0: 60 socket 1: 70[0m
EAR[2336949](hratio_l30) at 2.60/1.47 in tcn273 MR[0] elapsed 115 sec.: [32mLoop time: 1.007s DC Power: [35m441.0W[32m DRAM power: 0.00W PCK power: 430.08W
	avg. CPUFreq: 2.57GHz avg. IMCFreq: 1.47GHz Next Frequency 2.60
	CPI: 0.396 VPI: 0.00, Mem. bwidth: 0.12GB/s GFLOPS: 0.00 I/O: 0.01MB/s No MPI  
	TPI 0.02 Cache miss rates: L1 1.36GB/s L2 0.00GB/s L3 0.00GB/s
	Total MPI calls 2
	IO DATA: rchar 4553 wchar 6440 syscr 50 syscw 5 read_bytes 0 write_bytes 12288
	Process OS info: (pid 2336949 state R utime 993 stime 0 cutime 0 cstime 0 CPU usage 98)
	CPU temperature (celsius): socket 0: 60 socket 1: 70[0m
EAR[2336949](hratio_l30) at 2.60/1.47 in tcn273 MR[0] elapsed 128 sec.: [32mLoop time: 1.007s DC Power: [35m441.0W[32m DRAM power: 0.00W PCK power: 430.08W
	avg. CPUFreq: 2.57GHz avg. IMCFreq: 1.47GHz Next Frequency 2.60
	CPI: 0.396 VPI: 0.00, Mem. bwidth: 0.12GB/s GFLOPS: 0.00 I/O: 0.01MB/s No MPI  
	TPI 0.02 Cache miss rates: L1 1.47GB/s L2 0.00GB/s L3 0.00GB/s
	Total MPI calls 2
	IO DATA: rchar 4554 wchar 6440 syscr 50 syscw 5 read_bytes 0 write_bytes 8192
	Process OS info: (pid 2336949 state R utime 993 stime 0 cutime 0 cstime 0 CPU usage 98)
	CPU temperature (celsius): socket 0: 60 socket 1: 71[0m
EAR[2336949](hratio_l30) at 2.60/1.47 in tcn273 MR[0] elapsed 142 sec.: [32mLoop time: 1.007s DC Power: [35m441.6W[32m DRAM power: 0.00W PCK power: 430.37W
	avg. CPUFreq: 2.57GHz avg. IMCFreq: 1.47GHz Next Frequency 2.60
	CPI: 0.396 VPI: 0.00, Mem. bwidth: 0.13GB/s GFLOPS: 0.00 I/O: 0.01MB/s No MPI  
	TPI 0.02 Cache miss rates: L1 1.36GB/s L2 0.00GB/s L3 0.00GB/s
	Total MPI calls 2
	IO DATA: rchar 4554 wchar 6440 syscr 50 syscw 5 read_bytes 0 write_bytes 12288
	Process OS info: (pid 2336949 state R utime 993 stime 1 cutime 0 cstime 0 CPU usage 98)
	CPU temperature (celsius): socket 0: 61 socket 1: 71[0m
EAR[2336949](hratio_l30) at 2.60/1.47 in tcn273 MR[0] elapsed 155 sec.: [32mLoop time: 1.011s DC Power: [35m495.8W[32m DRAM power: 0.00W PCK power: 430.52W
	avg. CPUFreq: 2.57GHz avg. IMCFreq: 1.47GHz Next Frequency 2.60
	CPI: 0.395 VPI: 0.00, Mem. bwidth: 0.11GB/s GFLOPS: 0.00 I/O: 0.01MB/s No MPI  
	TPI 0.02 Cache miss rates: L1 1.45GB/s L2 0.00GB/s L3 0.00GB/s
	Total MPI calls 2
	IO DATA: rchar 4554 wchar 6440 syscr 50 syscw 5 read_bytes 0 write_bytes 8192
	Process OS info: (pid 2336949 state R utime 993 stime 0 cutime 0 cstime 0 CPU usage 98)
	CPU temperature (celsius): socket 0: 61 socket 1: 71[0m
EAR[2336949](hratio_l30) at 2.60/1.47 in tcn273 MR[0] elapsed 169 sec.: [32mLoop time: 1.007s DC Power: [35m497.8W[32m DRAM power: 0.00W PCK power: 430.56W
	avg. CPUFreq: 2.57GHz avg. IMCFreq: 1.47GHz Next Frequency 2.60
	CPI: 0.396 VPI: 0.00, Mem. bwidth: 0.11GB/s GFLOPS: 0.00 I/O: 0.01MB/s No MPI  
	TPI 0.02 Cache miss rates: L1 1.35GB/s L2 0.00GB/s L3 0.00GB/s
	Total MPI calls 2
	IO DATA: rchar 4554 wchar 6440 syscr 50 syscw 5 read_bytes 0 write_bytes 12288
	Process OS info: (pid 2336949 state R utime 993 stime 0 cutime 0 cstime 0 CPU usage 98)
	CPU temperature (celsius): socket 0: 61 socket 1: 71[0m
EAR[2336949](hratio_l30) at 2.60/1.47 in tcn273 MR[0] elapsed 182 sec.: [32mLoop time: 1.007s DC Power: [35m497.6W[32m DRAM power: 0.00W PCK power: 430.56W
	avg. CPUFreq: 2.57GHz avg. IMCFreq: 1.47GHz Next Frequency 2.60
	CPI: 0.396 VPI: 0.00, Mem. bwidth: 0.11GB/s GFLOPS: 0.00 I/O: 0.01MB/s No MPI  
	TPI 0.02 Cache miss rates: L1 1.34GB/s L2 0.00GB/s L3 0.00GB/s
	Total MPI calls 2
	IO DATA: rchar 4554 wchar 6440 syscr 50 syscw 5 read_bytes 0 write_bytes 8192
	Process OS info: (pid 2336949 state R utime 993 stime 0 cutime 0 cstime 0 CPU usage 98)
	CPU temperature (celsius): socket 0: 61 socket 1: 71[0m
EAR[2336949](hratio_l30) at 2.60/1.47 in tcn273 MR[0] elapsed 195 sec.: [32mLoop time: 1.007s DC Power: [35m497.0W[32m DRAM power: 0.00W PCK power: 430.66W
	avg. CPUFreq: 2.57GHz avg. IMCFreq: 1.47GHz Next Frequency 2.60
	CPI: 0.396 VPI: 0.00, Mem. bwidth: 0.12GB/s GFLOPS: 0.00 I/O: 0.01MB/s No MPI  
	TPI 0.02 Cache miss rates: L1 1.44GB/s L2 0.00GB/s L3 0.00GB/s
	Total MPI calls 2
	IO DATA: rchar 4554 wchar 6440 syscr 50 syscw 5 read_bytes 0 write_bytes 8192
	Process OS info: (pid 2336949 state R utime 992 stime 0 cutime 0 cstime 0 CPU usage 98)
	CPU temperature (celsius): socket 0: 61 socket 1: 72[0m
EAR[2336949](hratio_l30) at 2.60/1.47 in tcn273 MR[0] elapsed 209 sec.: [32mLoop time: 1.006s DC Power: [35m442.0W[32m DRAM power: 0.00W PCK power: 430.89W
	avg. CPUFreq: 2.57GHz avg. IMCFreq: 1.47GHz Next Frequency 2.60
	CPI: 0.395 VPI: 0.00, Mem. bwidth: 0.15GB/s GFLOPS: 0.00 I/O: 0.01MB/s No MPI  
	TPI 0.03 Cache miss rates: L1 1.34GB/s L2 0.00GB/s L3 0.00GB/s
	Total MPI calls 2
	IO DATA: rchar 4554 wchar 6440 syscr 50 syscw 5 read_bytes 0 write_bytes 8192
	Process OS info: (pid 2336949 state R utime 993 stime 1 cutime 0 cstime 0 CPU usage 98)
	CPU temperature (celsius): socket 0: 61 socket 1: 72[0m
EAR[2336949](hratio_l30) at 2.60/1.47 in tcn273 MR[0] elapsed 222 sec.: [32mLoop time: 1.007s DC Power: [35m496.8W[32m DRAM power: 0.00W PCK power: 430.80W
	avg. CPUFreq: 2.57GHz avg. IMCFreq: 1.47GHz Next Frequency 2.60
	CPI: 0.395 VPI: 0.00, Mem. bwidth: 0.09GB/s GFLOPS: 0.00 I/O: 0.01MB/s No MPI  
	TPI 0.02 Cache miss rates: L1 1.44GB/s L2 0.00GB/s L3 0.00GB/s
	Total MPI calls 2
	IO DATA: rchar 4554 wchar 6440 syscr 50 syscw 5 read_bytes 0 write_bytes 4096
	Process OS info: (pid 2336949 state R utime 993 stime 0 cutime 0 cstime 0 CPU usage 98)
	CPU temperature (celsius): socket 0: 61 socket 1: 72[0m
EAR[2336949](hratio_l30) at 2.60/1.47 in tcn273 MR[0] elapsed 236 sec.: [32mLoop time: 1.007s DC Power: [35m497.1W[32m DRAM power: 0.00W PCK power: 431.04W
	avg. CPUFreq: 2.57GHz avg. IMCFreq: 1.47GHz Next Frequency 2.60
	CPI: 0.395 VPI: 0.00, Mem. bwidth: 0.12GB/s GFLOPS: 0.00 I/O: 0.01MB/s No MPI  
	TPI 0.02 Cache miss rates: L1 1.34GB/s L2 0.00GB/s L3 0.00GB/s
	Total MPI calls 2
	IO DATA: rchar 4554 wchar 6440 syscr 50 syscw 5 read_bytes 0 write_bytes 12288
	Process OS info: (pid 2336949 state R utime 986 stime 0 cutime 0 cstime 0 CPU usage 97)
	CPU temperature (celsius): socket 0: 61 socket 1: 72[0m
EAR[2336949](hratio_l30) at 2.60/1.47 in tcn273 MR[0] elapsed 249 sec.: [32mLoop time: 1.007s DC Power: [35m497.1W[32m DRAM power: 0.00W PCK power: 430.90W
	avg. CPUFreq: 2.57GHz avg. IMCFreq: 1.47GHz Next Frequency 2.60
	CPI: 0.395 VPI: 0.00, Mem. bwidth: 0.11GB/s GFLOPS: 0.00 I/O: 0.01MB/s No MPI  
	TPI 0.02 Cache miss rates: L1 1.34GB/s L2 0.00GB/s L3 0.00GB/s
	Total MPI calls 2
	IO DATA: rchar 4554 wchar 6440 syscr 50 syscw 5 read_bytes 0 write_bytes 12288
	Process OS info: (pid 2336949 state R utime 992 stime 0 cutime 0 cstime 0 CPU usage 98)
	CPU temperature (celsius): socket 0: 61 socket 1: 72[0m
EAR[2336949](hratio_l30) at 2.60/1.47 in tcn273 MR[0] elapsed 263 sec.: [32mLoop time: 1.006s DC Power: [35m442.0W[32m DRAM power: 0.00W PCK power: 430.98W
	avg. CPUFreq: 2.57GHz avg. IMCFreq: 1.47GHz Next Frequency 2.60
	CPI: 0.396 VPI: 0.00, Mem. bwidth: 0.15GB/s GFLOPS: 0.00 I/O: 0.01MB/s No MPI  
	TPI 0.03 Cache miss rates: L1 1.46GB/s L2 0.00GB/s L3 0.00GB/s
	Total MPI calls 2
	IO DATA: rchar 4554 wchar 6440 syscr 50 syscw 5 read_bytes 0 write_bytes 8192
	Process OS info: (pid 2336949 state R utime 987 stime 0 cutime 0 cstime 0 CPU usage 98)
	CPU temperature (celsius): socket 0: 61 socket 1: 72[0m
EAR[2336949](hratio_l30) at 2.60/1.47 in tcn273 MR[0] elapsed 276 sec.: [32mLoop time: 1.007s DC Power: [35m497.6W[32m DRAM power: 0.00W PCK power: 430.84W
	avg. CPUFreq: 2.57GHz avg. IMCFreq: 1.47GHz Next Frequency 2.60
	CPI: 0.396 VPI: 0.00, Mem. bwidth: 0.10GB/s GFLOPS: 0.00 I/O: 0.01MB/s No MPI  
	TPI 0.02 Cache miss rates: L1 1.34GB/s L2 0.00GB/s L3 0.00GB/s
	Total MPI calls 2
	IO DATA: rchar 4554 wchar 6440 syscr 50 syscw 5 read_bytes 0 write_bytes 8192
	Process OS info: (pid 2336949 state R utime 993 stime 0 cutime 0 cstime 0 CPU usage 98)
	CPU temperature (celsius): socket 0: 61 socket 1: 72[0m
EAR[2336949](hratio_l30) at 2.60/1.47 in tcn273 MR[0] elapsed 289 sec.: [32mLoop time: 1.007s DC Power: [35m497.9W[32m DRAM power: 0.00W PCK power: 430.85W
	avg. CPUFreq: 2.57GHz avg. IMCFreq: 1.47GHz Next Frequency 2.60
	CPI: 0.395 VPI: 0.00, Mem. bwidth: 0.10GB/s GFLOPS: 0.00 I/O: 0.01MB/s No MPI  
	TPI 0.02 Cache miss rates: L1 1.46GB/s L2 0.00GB/s L3 0.00GB/s
	Total MPI calls 2
	IO DATA: rchar 4554 wchar 6440 syscr 50 syscw 5 read_bytes 0 write_bytes 8192
	Process OS info: (pid 2336949 state R utime 994 stime 0 cutime 0 cstime 0 CPU usage 98)
	CPU temperature (celsius): socket 0: 61 socket 1: 72[0m
EAR[2336949](hratio_l30) at 2.60/1.47 in tcn273 MR[0] elapsed 303 sec.: [32mLoop time: 1.007s DC Power: [35m497.9W[32m DRAM power: 0.00W PCK power: 430.83W
	avg. CPUFreq: 2.57GHz avg. IMCFreq: 1.47GHz Next Frequency 2.60
	CPI: 0.396 VPI: 0.00, Mem. bwidth: 0.25GB/s GFLOPS: 0.00 I/O: 0.01MB/s No MPI  
	TPI 0.05 Cache miss rates: L1 1.36GB/s L2 0.00GB/s L3 0.00GB/s
	Total MPI calls 2
	IO DATA: rchar 4554 wchar 6440 syscr 50 syscw 5 read_bytes 0 write_bytes 8192
	Process OS info: (pid 2336949 state R utime 986 stime 1 cutime 0 cstime 0 CPU usage 98)
	CPU temperature (celsius): socket 0: 61 socket 1: 72[0m
EAR[2336949](hratio_l30) at 2.60/1.47 in tcn273 MR[0] elapsed 316 sec.: [32mLoop time: 1.007s DC Power: [35m498.3W[32m DRAM power: 0.00W PCK power: 430.99W
	avg. CPUFreq: 2.57GHz avg. IMCFreq: 1.47GHz Next Frequency 2.60
	CPI: 0.396 VPI: 0.00, Mem. bwidth: 0.53GB/s GFLOPS: 0.00 I/O: 0.01MB/s No MPI  
	TPI 0.11 Cache miss rates: L1 1.45GB/s L2 0.00GB/s L3 0.00GB/s
	Total MPI calls 2
	IO DATA: rchar 4554 wchar 6440 syscr 50 syscw 5 read_bytes 0 write_bytes 8192
	Process OS info: (pid 2336949 state R utime 939 stime 2 cutime 0 cstime 0 CPU usage 93)
	CPU temperature (celsius): socket 0: 62 socket 1: 72[0m
EAR[2336949](hratio_l30) at 2.60/1.47 in tcn273 MR[0] elapsed 330 sec.: [32mLoop time: 1.007s DC Power: [35m443.4W[32m DRAM power: 0.00W PCK power: 430.82W
	avg. CPUFreq: 2.57GHz avg. IMCFreq: 1.47GHz Next Frequency 2.60
	CPI: 0.396 VPI: 0.00, Mem. bwidth: 0.24GB/s GFLOPS: 0.00 I/O: 0.01MB/s No MPI  
	TPI 0.05 Cache miss rates: L1 1.34GB/s L2 0.00GB/s L3 0.00GB/s
	Total MPI calls 2
	IO DATA: rchar 4554 wchar 6440 syscr 50 syscw 5 read_bytes 0 write_bytes 8192
	Process OS info: (pid 2336949 state R utime 969 stime 0 cutime 0 cstime 0 CPU usage 96)
	CPU temperature (celsius): socket 0: 62 socket 1: 73[0m
EAR[2336949](hratio_l30) at 2.60/1.47 in tcn273 MR[0] elapsed 343 sec.: [32mLoop time: 1.007s DC Power: [35m498.6W[32m DRAM power: 0.00W PCK power: 431.69W
	avg. CPUFreq: 2.57GHz avg. IMCFreq: 1.47GHz Next Frequency 2.60
	CPI: 0.396 VPI: 0.00, Mem. bwidth: 0.32GB/s GFLOPS: 0.00 I/O: 0.01MB/s No MPI  
	TPI 0.07 Cache miss rates: L1 1.34GB/s L2 0.00GB/s L3 0.00GB/s
	Total MPI calls 2
	IO DATA: rchar 4554 wchar 6440 syscr 50 syscw 5 read_bytes 0 write_bytes 12288
	Process OS info: (pid 2336949 state R utime 982 stime 1 cutime 0 cstime 0 CPU usage 97)
	CPU temperature (celsius): socket 0: 61 socket 1: 72[0m
EAR[2336949](hratio_l30) at 2.60/1.47 in tcn273 MR[0] elapsed 357 sec.: [32mLoop time: 1.007s DC Power: [35m498.3W[32m DRAM power: 0.00W PCK power: 430.99W
	avg. CPUFreq: 2.57GHz avg. IMCFreq: 1.47GHz Next Frequency 2.60
	CPI: 0.396 VPI: 0.00, Mem. bwidth: 0.14GB/s GFLOPS: 0.00 I/O: 0.01MB/s No MPI  
	TPI 0.03 Cache miss rates: L1 1.44GB/s L2 0.00GB/s L3 0.00GB/s
	Total MPI calls 2
	IO DATA: rchar 4554 wchar 6440 syscr 50 syscw 5 read_bytes 0 write_bytes 16384
	Process OS info: (pid 2336949 state R utime 987 stime 0 cutime 0 cstime 0 CPU usage 98)
	CPU temperature (celsius): socket 0: 62 socket 1: 72[0m
EAR[2336949](hratio_l30) at 2.60/1.47 in tcn273 MR[0] elapsed 370 sec.: [32mLoop time: 1.007s DC Power: [35m497.4W[32m DRAM power: 0.00W PCK power: 430.79W
	avg. CPUFreq: 2.57GHz avg. IMCFreq: 1.47GHz Next Frequency 2.60
	CPI: 0.396 VPI: 0.00, Mem. bwidth: 0.14GB/s GFLOPS: 0.00 I/O: 0.01MB/s No MPI  
	TPI 0.03 Cache miss rates: L1 1.34GB/s L2 0.00GB/s L3 0.00GB/s
	Total MPI calls 2
	IO DATA: rchar 4554 wchar 6440 syscr 50 syscw 5 read_bytes 0 write_bytes 4096
	Process OS info: (pid 2336949 state R utime 994 stime 0 cutime 0 cstime 0 CPU usage 98)
	CPU temperature (celsius): socket 0: 61 socket 1: 72[0m
EAR[2336949](hratio_l30) at 2.60/1.47 in tcn273 MR[0] elapsed 384 sec.: [32mLoop time: 1.007s DC Power: [35m497.0W[32m DRAM power: 0.00W PCK power: 430.96W
	avg. CPUFreq: 2.57GHz avg. IMCFreq: 1.47GHz Next Frequency 2.60
	CPI: 0.396 VPI: 0.00, Mem. bwidth: 0.13GB/s GFLOPS: 0.00 I/O: 0.01MB/s No MPI  
	TPI 0.03 Cache miss rates: L1 1.45GB/s L2 0.00GB/s L3 0.00GB/s
	Total MPI calls 2
	IO DATA: rchar 4554 wchar 6440 syscr 50 syscw 5 read_bytes 0 write_bytes 12288
	Process OS info: (pid 2336949 state R utime 987 stime 1 cutime 0 cstime 0 CPU usage 98)
	CPU temperature (celsius): socket 0: 61 socket 1: 72[0m
EAR[2336949](hratio_l30) at 2.60/1.47 in tcn273 MR[0] elapsed 397 sec.: [32mLoop time: 1.007s DC Power: [35m497.1W[32m DRAM power: 0.00W PCK power: 430.75W
	avg. CPUFreq: 2.57GHz avg. IMCFreq: 1.47GHz Next Frequency 2.60
	CPI: 0.396 VPI: 0.00, Mem. bwidth: 0.10GB/s GFLOPS: 0.00 I/O: 0.01MB/s No MPI  
	TPI 0.02 Cache miss rates: L1 1.35GB/s L2 0.00GB/s L3 0.00GB/s
	Total MPI calls 2
	IO DATA: rchar 4554 wchar 6440 syscr 50 syscw 5 read_bytes 0 write_bytes 8192
	Process OS info: (pid 2336949 state R utime 994 stime 1 cutime 0 cstime 0 CPU usage 98)
	CPU temperature (celsius): socket 0: 61 socket 1: 72[0m
EAR[2336949](hratio_l30) at 2.60/1.47 in tcn273 MR[0] elapsed 410 sec.: [32mLoop time: 1.007s DC Power: [35m497.9W[32m DRAM power: 0.00W PCK power: 430.92W
	avg. CPUFreq: 2.57GHz avg. IMCFreq: 1.47GHz Next Frequency 2.60
	CPI: 0.396 VPI: 0.00, Mem. bwidth: 0.12GB/s GFLOPS: 0.00 I/O: 0.01MB/s No MPI  
	TPI 0.02 Cache miss rates: L1 1.45GB/s L2 0.00GB/s L3 0.00GB/s
	Total MPI calls 2
	IO DATA: rchar 4554 wchar 6440 syscr 50 syscw 5 read_bytes 0 write_bytes 4096
	Process OS info: (pid 2336949 state R utime 993 stime 1 cutime 0 cstime 0 CPU usage 98)
	CPU temperature (celsius): socket 0: 61 socket 1: 72[0m
EAR[2336949](hratio_l30) at 2.60/1.47 in tcn273 MR[0] elapsed 424 sec.: [32mLoop time: 1.007s DC Power: [35m442.4W[32m DRAM power: 0.00W PCK power: 430.78W
	avg. CPUFreq: 2.57GHz avg. IMCFreq: 1.47GHz Next Frequency 2.60
	CPI: 0.396 VPI: 0.00, Mem. bwidth: 0.12GB/s GFLOPS: 0.00 I/O: 0.01MB/s No MPI  
	TPI 0.02 Cache miss rates: L1 1.35GB/s L2 0.00GB/s L3 0.00GB/s
	Total MPI calls 2
	IO DATA: rchar 4554 wchar 6440 syscr 50 syscw 5 read_bytes 0 write_bytes 12288
	Process OS info: (pid 2336949 state R utime 995 stime 0 cutime 0 cstime 0 CPU usage 98)
	CPU temperature (celsius): socket 0: 61 socket 1: 72[0m
EAR[2336949](hratio_l30) at 2.60/1.47 in tcn273 MR[0] elapsed 437 sec.: [32mLoop time: 1.006s DC Power: [35m442.8W[32m DRAM power: 0.00W PCK power: 430.77W
	avg. CPUFreq: 2.57GHz avg. IMCFreq: 1.47GHz Next Frequency 2.60
	CPI: 0.396 VPI: 0.00, Mem. bwidth: 0.11GB/s GFLOPS: 0.00 I/O: 0.01MB/s No MPI  
	TPI 0.02 Cache miss rates: L1 1.34GB/s L2 0.00GB/s L3 0.00GB/s
	Total MPI calls 2
	IO DATA: rchar 4554 wchar 6440 syscr 50 syscw 5 read_bytes 0 write_bytes 12288
	Process OS info: (pid 2336949 state R utime 993 stime 0 cutime 0 cstime 0 CPU usage 98)
	CPU temperature (celsius): socket 0: 61 socket 1: 72[0m
EAR[2336949](hratio_l30) at 2.60/1.47 in tcn273 MR[0] elapsed 451 sec.: [32mLoop time: 1.007s DC Power: [35m387.3W[32m DRAM power: 0.00W PCK power: 430.87W
	avg. CPUFreq: 2.57GHz avg. IMCFreq: 1.47GHz Next Frequency 2.60
	CPI: 0.396 VPI: 0.00, Mem. bwidth: 0.14GB/s GFLOPS: 0.00 I/O: 0.01MB/s No MPI  
	TPI 0.03 Cache miss rates: L1 1.45GB/s L2 0.00GB/s L3 0.00GB/s
	Total MPI calls 2
	IO DATA: rchar 4554 wchar 6440 syscr 50 syscw 5 read_bytes 0 write_bytes 12288
	Process OS info: (pid 2336949 state R utime 994 stime 0 cutime 0 cstime 0 CPU usage 98)
	CPU temperature (celsius): socket 0: 61 socket 1: 72[0m
EAR[2336949](hratio_l30) at 2.60/1.47 in tcn273 MR[0] elapsed 464 sec.: [32mLoop time: 1.006s DC Power: [35m498.1W[32m DRAM power: 0.00W PCK power: 430.80W
	avg. CPUFreq: 2.57GHz avg. IMCFreq: 1.47GHz Next Frequency 2.60
	CPI: 0.396 VPI: 0.00, Mem. bwidth: 0.10GB/s GFLOPS: 0.00 I/O: 0.01MB/s No MPI  
	TPI 0.02 Cache miss rates: L1 1.35GB/s L2 0.00GB/s L3 0.00GB/s
	Total MPI calls 2
	IO DATA: rchar 4554 wchar 6440 syscr 50 syscw 5 read_bytes 0 write_bytes 8192
	Process OS info: (pid 2336949 state R utime 994 stime 0 cutime 0 cstime 0 CPU usage 98)
	CPU temperature (celsius): socket 0: 61 socket 1: 72[0m
EAR[2336949](hratio_l30) at 2.60/1.47 in tcn273 MR[0] elapsed 477 sec.: [32mLoop time: 1.007s DC Power: [35m497.8W[32m DRAM power: 0.00W PCK power: 430.90W
	avg. CPUFreq: 2.57GHz avg. IMCFreq: 1.47GHz Next Frequency 2.60
	CPI: 0.396 VPI: 0.00, Mem. bwidth: 0.14GB/s GFLOPS: 0.00 I/O: 0.01MB/s No MPI  
	TPI 0.03 Cache miss rates: L1 1.45GB/s L2 0.00GB/s L3 0.00GB/s
	Total MPI calls 2
	IO DATA: rchar 4554 wchar 6440 syscr 50 syscw 5 read_bytes 0 write_bytes 8192
	Process OS info: (pid 2336949 state R utime 994 stime 1 cutime 0 cstime 0 CPU usage 98)
	CPU temperature (celsius): socket 0: 62 socket 1: 73[0m
EAR[2336949](hratio_l30) at 2.60/1.47 in tcn273 MR[0] elapsed 491 sec.: [32mLoop time: 1.009s DC Power: [35m497.6W[32m DRAM power: 0.00W PCK power: 431.03W
	avg. CPUFreq: 2.57GHz avg. IMCFreq: 1.47GHz Next Frequency 2.60
	CPI: 0.396 VPI: 0.00, Mem. bwidth: 0.10GB/s GFLOPS: 0.00 I/O: 0.01MB/s No MPI  
	TPI 0.02 Cache miss rates: L1 1.35GB/s L2 0.00GB/s L3 0.00GB/s
	Total MPI calls 2
	IO DATA: rchar 4554 wchar 6440 syscr 50 syscw 5 read_bytes 0 write_bytes 8192
	Process OS info: (pid 2336949 state R utime 994 stime 0 cutime 0 cstime 0 CPU usage 98)
	CPU temperature (celsius): socket 0: 62 socket 1: 73[0m
EAR[2336949](hratio_l30) at 2.60/1.47 in tcn273 MR[0] elapsed 504 sec.: [32mLoop time: 1.007s DC Power: [35m444.0W[32m DRAM power: 0.00W PCK power: 431.17W
	avg. CPUFreq: 2.57GHz avg. IMCFreq: 1.47GHz Next Frequency 2.60
	CPI: 0.396 VPI: 0.00, Mem. bwidth: 0.11GB/s GFLOPS: 0.00 I/O: 0.01MB/s No MPI  
	TPI 0.02 Cache miss rates: L1 1.44GB/s L2 0.00GB/s L3 0.00GB/s
	Total MPI calls 2
	IO DATA: rchar 4554 wchar 6440 syscr 50 syscw 5 read_bytes 0 write_bytes 4096
	Process OS info: (pid 2336949 state R utime 989 stime 1 cutime 0 cstime 0 CPU usage 98)
	CPU temperature (celsius): socket 0: 62 socket 1: 73[0m
EAR[2336949](hratio_l30) at 2.60/1.47 in tcn273 MR[0] elapsed 518 sec.: [32mLoop time: 1.007s DC Power: [35m499.3W[32m DRAM power: 0.00W PCK power: 431.07W
	avg. CPUFreq: 2.57GHz avg. IMCFreq: 1.47GHz Next Frequency 2.60
	CPI: 0.396 VPI: 0.00, Mem. bwidth: 0.09GB/s GFLOPS: 0.00 I/O: 0.01MB/s No MPI  
	TPI 0.02 Cache miss rates: L1 1.35GB/s L2 0.00GB/s L3 0.00GB/s
	Total MPI calls 2
	IO DATA: rchar 4554 wchar 6440 syscr 50 syscw 5 read_bytes 0 write_bytes 12288
	Process OS info: (pid 2336949 state R utime 994 stime 0 cutime 0 cstime 0 CPU usage 98)
	CPU temperature (celsius): socket 0: 62 socket 1: 73[0m
EAR[2336949](hratio_l30) at 2.60/1.47 in tcn273 MR[0] elapsed 531 sec.: [32mLoop time: 1.007s DC Power: [35m498.9W[32m DRAM power: 0.00W PCK power: 431.23W
	avg. CPUFreq: 2.57GHz avg. IMCFreq: 1.47GHz Next Frequency 2.60
	CPI: 0.396 VPI: 0.00, Mem. bwidth: 0.12GB/s GFLOPS: 0.00 I/O: 0.01MB/s No MPI  
	TPI 0.02 Cache miss rates: L1 1.35GB/s L2 0.00GB/s L3 0.00GB/s
	Total MPI calls 2
	IO DATA: rchar 4554 wchar 6440 syscr 50 syscw 5 read_bytes 0 write_bytes 8192
	Process OS info: (pid 2336949 state R utime 993 stime 0 cutime 0 cstime 0 CPU usage 98)
	CPU temperature (celsius): socket 0: 62 socket 1: 73[0m
EAR[2336949](hratio_l30) at 2.60/1.47 in tcn273 MR[0] elapsed 545 sec.: [32mLoop time: 1.006s DC Power: [35m498.1W[32m DRAM power: 0.00W PCK power: 431.04W
	avg. CPUFreq: 2.57GHz avg. IMCFreq: 1.47GHz Next Frequency 2.60
	CPI: 0.395 VPI: 0.00, Mem. bwidth: 0.11GB/s GFLOPS: 0.00 I/O: 0.01MB/s No MPI  
	TPI 0.02 Cache miss rates: L1 1.45GB/s L2 0.00GB/s L3 0.00GB/s
	Total MPI calls 2
	IO DATA: rchar 4554 wchar 6440 syscr 50 syscw 5 read_bytes 0 write_bytes 12288
	Process OS info: (pid 2336949 state R utime 994 stime 0 cutime 0 cstime 0 CPU usage 98)
	CPU temperature (celsius): socket 0: 62 socket 1: 73[0m
EAR[2336949](hratio_l30) at 2.60/1.47 in tcn273 MR[0] elapsed 558 sec.: [32mLoop time: 1.007s DC Power: [35m497.7W[32m DRAM power: 0.00W PCK power: 430.87W
	avg. CPUFreq: 2.57GHz avg. IMCFreq: 1.47GHz Next Frequency 2.60
	CPI: 0.396 VPI: 0.00, Mem. bwidth: 0.15GB/s GFLOPS: 0.00 I/O: 0.01MB/s No MPI  
	TPI 0.03 Cache miss rates: L1 1.35GB/s L2 0.00GB/s L3 0.00GB/s
	Total MPI calls 2
	IO DATA: rchar 4554 wchar 6440 syscr 50 syscw 5 read_bytes 0 write_bytes 8192
	Process OS info: (pid 2336949 state R utime 994 stime 0 cutime 0 cstime 0 CPU usage 98)
	CPU temperature (celsius): socket 0: 62 socket 1: 73[0m
EAR[2336949](hratio_l30) at 2.60/1.47 in tcn273 MR[0] elapsed 571 sec.: [32mLoop time: 1.007s DC Power: [35m442.5W[32m DRAM power: 0.00W PCK power: 431.01W
	avg. CPUFreq: 2.57GHz avg. IMCFreq: 1.47GHz Next Frequency 2.60
	CPI: 0.396 VPI: 0.00, Mem. bwidth: 0.12GB/s GFLOPS: 0.00 I/O: 0.01MB/s No MPI  
	TPI 0.02 Cache miss rates: L1 1.45GB/s L2 0.00GB/s L3 0.00GB/s
	Total MPI calls 2
	IO DATA: rchar 4554 wchar 6440 syscr 50 syscw 5 read_bytes 0 write_bytes 8192
	Process OS info: (pid 2336949 state R utime 994 stime 1 cutime 0 cstime 0 CPU usage 98)
	CPU temperature (celsius): socket 0: 62 socket 1: 73[0m
EAR[2336949](hratio_l30) at 2.60/1.47 in tcn273 MR[0] elapsed 585 sec.: [32mLoop time: 1.006s DC Power: [35m498.1W[32m DRAM power: 0.00W PCK power: 430.98W
	avg. CPUFreq: 2.57GHz avg. IMCFreq: 1.47GHz Next Frequency 2.60
	CPI: 0.396 VPI: 0.00, Mem. bwidth: 0.10GB/s GFLOPS: 0.00 I/O: 0.01MB/s No MPI  
	TPI 0.02 Cache miss rates: L1 1.35GB/s L2 0.00GB/s L3 0.00GB/s
	Total MPI calls 2
	IO DATA: rchar 4554 wchar 6440 syscr 50 syscw 5 read_bytes 0 write_bytes 8192
	Process OS info: (pid 2336949 state R utime 994 stime 1 cutime 0 cstime 0 CPU usage 98)
	CPU temperature (celsius): socket 0: 62 socket 1: 73[0m
EAR[2336949](hratio_l30) at 2.60/1.47 in tcn273 MR[0] elapsed 598 sec.: [32mLoop time: 1.008s DC Power: [35m497.5W[32m DRAM power: 0.00W PCK power: 431.00W
	avg. CPUFreq: 2.57GHz avg. IMCFreq: 1.47GHz Next Frequency 2.60
	CPI: 0.396 VPI: 0.00, Mem. bwidth: 0.13GB/s GFLOPS: 0.00 I/O: 0.01MB/s No MPI  
	TPI 0.03 Cache miss rates: L1 1.44GB/s L2 0.00GB/s L3 0.00GB/s
	Total MPI calls 2
	IO DATA: rchar 4554 wchar 6440 syscr 50 syscw 5 read_bytes 0 write_bytes 98304
	Process OS info: (pid 2336949 state R utime 989 stime 1 cutime 0 cstime 0 CPU usage 98)
	CPU temperature (celsius): socket 0: 61 socket 1: 73[0m
EAR[2336949](hratio_l30) at 2.60/1.47 in tcn273 MR[0] elapsed 612 sec.: [32mLoop time: 1.007s DC Power: [35m497.8W[32m DRAM power: 0.00W PCK power: 431.07W
	avg. CPUFreq: 2.57GHz avg. IMCFreq: 1.47GHz Next Frequency 2.60
	CPI: 0.396 VPI: 0.00, Mem. bwidth: 0.09GB/s GFLOPS: 0.00 I/O: 0.01MB/s No MPI  
	TPI 0.02 Cache miss rates: L1 1.36GB/s L2 0.00GB/s L3 0.00GB/s
	Total MPI calls 2
	IO DATA: rchar 4554 wchar 6440 syscr 50 syscw 5 read_bytes 0 write_bytes 8192
	Process OS info: (pid 2336949 state R utime 994 stime 0 cutime 0 cstime 0 CPU usage 98)
	CPU temperature (celsius): socket 0: 61 socket 1: 73[0m
EAR[2336949](hratio_l30) at 2.60/1.47 in tcn273 MR[0] elapsed 625 sec.: [32mLoop time: 1.007s DC Power: [35m442.6W[32m DRAM power: 0.00W PCK power: 431.24W
	avg. CPUFreq: 2.57GHz avg. IMCFreq: 1.47GHz Next Frequency 2.60
	CPI: 0.396 VPI: 0.00, Mem. bwidth: 0.12GB/s GFLOPS: 0.00 I/O: 0.01MB/s No MPI  
	TPI 0.02 Cache miss rates: L1 1.35GB/s L2 0.00GB/s L3 0.00GB/s
	Total MPI calls 2
	IO DATA: rchar 4554 wchar 6440 syscr 50 syscw 5 read_bytes 0 write_bytes 8192
	Process OS info: (pid 2336949 state R utime 987 stime 1 cutime 0 cstime 0 CPU usage 98)
	CPU temperature (celsius): socket 0: 62 socket 1: 73[0m
EAR[2336949](hratio_l30) at 2.60/1.47 in tcn273 MR[0] elapsed 639 sec.: [32mLoop time: 1.007s DC Power: [35m497.8W[32m DRAM power: 0.00W PCK power: 431.11W
	avg. CPUFreq: 2.57GHz avg. IMCFreq: 1.47GHz Next Frequency 2.60
	CPI: 0.395 VPI: 0.00, Mem. bwidth: 0.09GB/s GFLOPS: 0.00 I/O: 0.01MB/s No MPI  
	TPI 0.02 Cache miss rates: L1 1.45GB/s L2 0.00GB/s L3 0.00GB/s
	Total MPI calls 2
	IO DATA: rchar 4554 wchar 6440 syscr 50 syscw 5 read_bytes 0 write_bytes 12288
	Process OS info: (pid 2336949 state R utime 994 stime 0 cutime 0 cstime 0 CPU usage 98)
	CPU temperature (celsius): socket 0: 62 socket 1: 73[0m
EAR[2336949](hratio_l30) at 2.60/1.47 in tcn273 MR[0] elapsed 652 sec.: [32mLoop time: 1.007s DC Power: [35m498.5W[32m DRAM power: 0.00W PCK power: 431.16W
	avg. CPUFreq: 2.57GHz avg. IMCFreq: 1.47GHz Next Frequency 2.60
	CPI: 0.396 VPI: 0.00, Mem. bwidth: 0.12GB/s GFLOPS: 0.00 I/O: 0.01MB/s No MPI  
	TPI 0.02 Cache miss rates: L1 1.34GB/s L2 0.00GB/s L3 0.00GB/s
	Total MPI calls 2
	IO DATA: rchar 4554 wchar 6440 syscr 50 syscw 5 read_bytes 0 write_bytes 8192
	Process OS info: (pid 2336949 state R utime 987 stime 0 cutime 0 cstime 0 CPU usage 97)
	CPU temperature (celsius): socket 0: 62 socket 1: 73[0m
EAR[2336949](hratio_l30) at 2.60/1.47 in tcn273 MR[0] elapsed 665 sec.: [32mLoop time: 1.007s DC Power: [35m499.5W[32m DRAM power: 0.00W PCK power: 431.08W
	avg. CPUFreq: 2.57GHz avg. IMCFreq: 1.47GHz Next Frequency 2.60
	CPI: 0.396 VPI: 0.00, Mem. bwidth: 0.11GB/s GFLOPS: 0.00 I/O: 0.01MB/s No MPI  
	TPI 0.02 Cache miss rates: L1 1.45GB/s L2 0.00GB/s L3 0.00GB/s
	Total MPI calls 2
	IO DATA: rchar 4554 wchar 6440 syscr 50 syscw 5 read_bytes 0 write_bytes 4096
	Process OS info: (pid 2336949 state R utime 994 stime 0 cutime 0 cstime 0 CPU usage 98)
	CPU temperature (celsius): socket 0: 62 socket 1: 73[0m
EAR[2336949](hratio_l30) at 2.60/1.47 in tcn273 MR[0] elapsed 679 sec.: [32mLoop time: 1.007s DC Power: [35m499.6W[32m DRAM power: 0.00W PCK power: 431.09W
	avg. CPUFreq: 2.57GHz avg. IMCFreq: 1.47GHz Next Frequency 2.60
	CPI: 0.396 VPI: 0.00, Mem. bwidth: 0.10GB/s GFLOPS: 0.00 I/O: 0.01MB/s No MPI  
	TPI 0.02 Cache miss rates: L1 1.35GB/s L2 0.00GB/s L3 0.00GB/s
	Total MPI calls 2
	IO DATA: rchar 4554 wchar 6440 syscr 50 syscw 5 read_bytes 0 write_bytes 16384
	Process OS info: (pid 2336949 state R utime 994 stime 0 cutime 0 cstime 0 CPU usage 98)
	CPU temperature (celsius): socket 0: 62 socket 1: 73[0m
EAR[2336949](hratio_l30) at 2.60/1.47 in tcn273 MR[0] elapsed 692 sec.: [32mLoop time: 1.007s DC Power: [35m499.5W[32m DRAM power: 0.00W PCK power: 431.15W
	avg. CPUFreq: 2.57GHz avg. IMCFreq: 1.47GHz Next Frequency 2.60
	CPI: 0.396 VPI: 0.00, Mem. bwidth: 0.11GB/s GFLOPS: 0.00 I/O: 0.01MB/s No MPI  
	TPI 0.02 Cache miss rates: L1 1.35GB/s L2 0.00GB/s L3 0.00GB/s
	Total MPI calls 2
	IO DATA: rchar 4554 wchar 6440 syscr 50 syscw 5 read_bytes 0 write_bytes 8192
	Process OS info: (pid 2336949 state R utime 993 stime 1 cutime 0 cstime 0 CPU usage 98)
	CPU temperature (celsius): socket 0: 62 socket 1: 73[0m
EAR[2336949](hratio_l30) at 2.60/1.47 in tcn273 MR[0] elapsed 706 sec.: [32mLoop time: 1.007s DC Power: [35m498.8W[32m DRAM power: 0.00W PCK power: 431.15W
	avg. CPUFreq: 2.57GHz avg. IMCFreq: 1.47GHz Next Frequency 2.60
	CPI: 0.396 VPI: 0.00, Mem. bwidth: 0.10GB/s GFLOPS: 0.00 I/O: 0.01MB/s No MPI  
	TPI 0.02 Cache miss rates: L1 1.45GB/s L2 0.00GB/s L3 0.00GB/s
	Total MPI calls 2
	IO DATA: rchar 4554 wchar 6440 syscr 50 syscw 5 read_bytes 0 write_bytes 8192
	Process OS info: (pid 2336949 state R utime 994 stime 1 cutime 0 cstime 0 CPU usage 98)
	CPU temperature (celsius): socket 0: 62 socket 1: 73[0m
EAR[2336949](hratio_l30) at 2.60/1.47 in tcn273 MR[0] elapsed 719 sec.: [32mLoop time: 1.007s DC Power: [35m498.0W[32m DRAM power: 0.00W PCK power: 431.17W
	avg. CPUFreq: 2.57GHz avg. IMCFreq: 1.47GHz Next Frequency 2.60
	CPI: 0.396 VPI: 0.00, Mem. bwidth: 0.14GB/s GFLOPS: 0.00 I/O: 0.01MB/s No MPI  
	TPI 0.03 Cache miss rates: L1 1.35GB/s L2 0.00GB/s L3 0.00GB/s
	Total MPI calls 2
	IO DATA: rchar 4554 wchar 6440 syscr 50 syscw 5 read_bytes 0 write_bytes 4096
	Process OS info: (pid 2336949 state R utime 994 stime 0 cutime 0 cstime 0 CPU usage 98)
	CPU temperature (celsius): socket 0: 62 socket 1: 73[0m
EAR[2336949](hratio_l30) at 2.60/1.47 in tcn273 MR[0] elapsed 733 sec.: [32mLoop time: 1.007s DC Power: [35m498.0W[32m DRAM power: 0.00W PCK power: 430.99W
	avg. CPUFreq: 2.57GHz avg. IMCFreq: 1.47GHz Next Frequency 2.60
	CPI: 0.396 VPI: 0.00, Mem. bwidth: 0.09GB/s GFLOPS: 0.00 I/O: 0.01MB/s No MPI  
	TPI 0.02 Cache miss rates: L1 1.45GB/s L2 0.00GB/s L3 0.00GB/s
	Total MPI calls 2
	IO DATA: rchar 4554 wchar 6440 syscr 50 syscw 5 read_bytes 0 write_bytes 4096
	Process OS info: (pid 2336949 state R utime 994 stime 0 cutime 0 cstime 0 CPU usage 98)
	CPU temperature (celsius): socket 0: 62 socket 1: 73[0m
EAR[2336949](hratio_l30) at 2.60/1.47 in tcn273 MR[0] elapsed 746 sec.: [32mLoop time: 1.007s DC Power: [35m387.3W[32m DRAM power: 0.00W PCK power: 431.11W
	avg. CPUFreq: 2.57GHz avg. IMCFreq: 1.47GHz Next Frequency 2.60
	CPI: 0.396 VPI: 0.00, Mem. bwidth: 0.13GB/s GFLOPS: 0.00 I/O: 0.01MB/s No MPI  
	TPI 0.03 Cache miss rates: L1 1.34GB/s L2 0.00GB/s L3 0.00GB/s
	Total MPI calls 2
	IO DATA: rchar 4554 wchar 6440 syscr 50 syscw 5 read_bytes 0 write_bytes 12288
	Process OS info: (pid 2336949 state R utime 993 stime 1 cutime 0 cstime 0 CPU usage 98)
	CPU temperature (celsius): socket 0: 61 socket 1: 73[0m
EAR[2336949](hratio_l30) at 2.60/1.47 in tcn273 MR[0] elapsed 759 sec.: [32mLoop time: 1.007s DC Power: [35m442.7W[32m DRAM power: 0.00W PCK power: 430.97W
	avg. CPUFreq: 2.57GHz avg. IMCFreq: 1.47GHz Next Frequency 2.60
	CPI: 0.395 VPI: 0.00, Mem. bwidth: 0.10GB/s GFLOPS: 0.00 I/O: 0.01MB/s No MPI  
	TPI 0.02 Cache miss rates: L1 1.45GB/s L2 0.00GB/s L3 0.00GB/s
	Total MPI calls 2
	IO DATA: rchar 4554 wchar 6440 syscr 50 syscw 5 read_bytes 0 write_bytes 8192
	Process OS info: (pid 2336949 state R utime 994 stime 0 cutime 0 cstime 0 CPU usage 98)
	CPU temperature (celsius): socket 0: 62 socket 1: 73[0m
EAR[2336949](hratio_l30) at 2.60/1.47 in tcn273 MR[0] elapsed 773 sec.: [32mLoop time: 1.006s DC Power: [35m442.7W[32m DRAM power: 0.00W PCK power: 431.22W
	avg. CPUFreq: 2.57GHz avg. IMCFreq: 1.47GHz Next Frequency 2.60
	CPI: 0.396 VPI: 0.00, Mem. bwidth: 0.12GB/s GFLOPS: 0.00 I/O: 0.01MB/s No MPI  
	TPI 0.02 Cache miss rates: L1 1.35GB/s L2 0.00GB/s L3 0.00GB/s
	Total MPI calls 2
	IO DATA: rchar 4554 wchar 6440 syscr 50 syscw 5 read_bytes 0 write_bytes 8192
	Process OS info: (pid 2336949 state R utime 987 stime 0 cutime 0 cstime 0 CPU usage 98)
	CPU temperature (celsius): socket 0: 62 socket 1: 73[0m
EAR[2336949](hratio_l30) at 2.60/1.47 in tcn273 MR[0] elapsed 786 sec.: [32mLoop time: 1.007s DC Power: [35m442.5W[32m DRAM power: 0.00W PCK power: 431.04W
	avg. CPUFreq: 2.57GHz avg. IMCFreq: 1.47GHz Next Frequency 2.60
	CPI: 0.395 VPI: 0.00, Mem. bwidth: 0.10GB/s GFLOPS: 0.00 I/O: 0.01MB/s No MPI  
	TPI 0.02 Cache miss rates: L1 1.35GB/s L2 0.00GB/s L3 0.00GB/s
	Total MPI calls 2
	IO DATA: rchar 4554 wchar 6440 syscr 50 syscw 5 read_bytes 0 write_bytes 8192
	Process OS info: (pid 2336949 state R utime 994 stime 0 cutime 0 cstime 0 CPU usage 98)
	CPU temperature (celsius): socket 0: 62 socket 1: 73[0m
EAR[2336949](hratio_l30) at 2.60/1.47 in tcn273 MR[0] elapsed 800 sec.: [32mLoop time: 1.007s DC Power: [35m498.0W[32m DRAM power: 0.00W PCK power: 431.07W
	avg. CPUFreq: 2.57GHz avg. IMCFreq: 1.47GHz Next Frequency 2.60
	CPI: 0.396 VPI: 0.00, Mem. bwidth: 0.16GB/s GFLOPS: 0.00 I/O: 0.01MB/s No MPI  
	TPI 0.03 Cache miss rates: L1 1.45GB/s L2 0.00GB/s L3 0.00GB/s
	Total MPI calls 2
	IO DATA: rchar 4554 wchar 6440 syscr 50 syscw 5 read_bytes 0 write_bytes 8192
	Process OS info: (pid 2336949 state R utime 993 stime 1 cutime 0 cstime 0 CPU usage 98)
	CPU temperature (celsius): socket 0: 62 socket 1: 73[0m
EAR[2336949](hratio_l30) at 2.60/1.47 in tcn273 MR[0] elapsed 813 sec.: [32mLoop time: 1.007s DC Power: [35m497.8W[32m DRAM power: 0.00W PCK power: 431.08W
	avg. CPUFreq: 2.57GHz avg. IMCFreq: 1.47GHz Next Frequency 2.60
	CPI: 0.395 VPI: 0.00, Mem. bwidth: 0.12GB/s GFLOPS: 0.00 I/O: 0.01MB/s No MPI  
	TPI 0.02 Cache miss rates: L1 1.34GB/s L2 0.00GB/s L3 0.00GB/s
	Total MPI calls 2
	IO DATA: rchar 4554 wchar 6440 syscr 50 syscw 5 read_bytes 0 write_bytes 12288
	Process OS info: (pid 2336949 state R utime 994 stime 1 cutime 0 cstime 0 CPU usage 98)
	CPU temperature (celsius): socket 0: 62 socket 1: 73[0m
EAR[2336949](hratio_l30) at 2.60/1.47 in tcn273 MR[0] elapsed 827 sec.: [32mLoop time: 1.013s DC Power: [35m495.8W[32m DRAM power: 0.00W PCK power: 431.10W
	avg. CPUFreq: 2.57GHz avg. IMCFreq: 1.47GHz Next Frequency 2.60
	CPI: 0.395 VPI: 0.00, Mem. bwidth: 0.10GB/s GFLOPS: 0.00 I/O: 0.01MB/s No MPI  
	TPI 0.02 Cache miss rates: L1 1.44GB/s L2 0.00GB/s L3 0.00GB/s
	Total MPI calls 2
	IO DATA: rchar 4554 wchar 6440 syscr 50 syscw 5 read_bytes 0 write_bytes 8192
	Process OS info: (pid 2336949 state R utime 994 stime 1 cutime 0 cstime 0 CPU usage 98)
	CPU temperature (celsius): socket 0: 62 socket 1: 73[0m
EAR[2336949](hratio_l30) at 2.60/1.47 in tcn273 MR[0] elapsed 840 sec.: [32mLoop time: 1.007s DC Power: [35m499.6W[32m DRAM power: 0.00W PCK power: 431.04W
	avg. CPUFreq: 2.57GHz avg. IMCFreq: 1.47GHz Next Frequency 2.60
	CPI: 0.396 VPI: 0.00, Mem. bwidth: 0.12GB/s GFLOPS: 0.00 I/O: 0.01MB/s No MPI  
	TPI 0.02 Cache miss rates: L1 1.35GB/s L2 0.00GB/s L3 0.00GB/s
	Total MPI calls 2
	IO DATA: rchar 4554 wchar 6440 syscr 50 syscw 5 read_bytes 0 write_bytes 8192
	Process OS info: (pid 2336949 state R utime 988 stime 0 cutime 0 cstime 0 CPU usage 98)
	CPU temperature (celsius): socket 0: 62 socket 1: 73[0m
EAR[2336949](hratio_l30) at 2.60/1.47 in tcn273 MR[0] elapsed 853 sec.: [32mLoop time: 1.007s DC Power: [35m499.6W[32m DRAM power: 0.00W PCK power: 431.05W
	avg. CPUFreq: 2.57GHz avg. IMCFreq: 1.47GHz Next Frequency 2.60
	CPI: 0.396 VPI: 0.00, Mem. bwidth: 0.10GB/s GFLOPS: 0.00 I/O: 0.01MB/s No MPI  
	TPI 0.02 Cache miss rates: L1 1.46GB/s L2 0.00GB/s L3 0.00GB/s
	Total MPI calls 2
	IO DATA: rchar 4554 wchar 6440 syscr 50 syscw 5 read_bytes 0 write_bytes 24576
	Process OS info: (pid 2336949 state R utime 994 stime 1 cutime 0 cstime 0 CPU usage 98)
	CPU temperature (celsius): socket 0: 62 socket 1: 73[0m
EAR[2336949](hratio_l30) at 2.60/1.47 in tcn273 MR[0] elapsed 867 sec.: [32mLoop time: 1.007s DC Power: [35m443.7W[32m DRAM power: 0.00W PCK power: 431.20W
	avg. CPUFreq: 2.57GHz avg. IMCFreq: 1.47GHz Next Frequency 2.60
	CPI: 0.396 VPI: 0.00, Mem. bwidth: 0.14GB/s GFLOPS: 0.00 I/O: 0.01MB/s No MPI  
	TPI 0.03 Cache miss rates: L1 1.35GB/s L2 0.00GB/s L3 0.00GB/s
	Total MPI calls 2
	IO DATA: rchar 4554 wchar 6440 syscr 50 syscw 5 read_bytes 0 write_bytes 8192
	Process OS info: (pid 2336949 state R utime 987 stime 1 cutime 0 cstime 0 CPU usage 98)
	CPU temperature (celsius): socket 0: 62 socket 1: 73[0m
EAR[2336949](hratio_l30) at 2.60/1.47 in tcn273 MR[0] elapsed 880 sec.: [32mLoop time: 1.007s DC Power: [35m498.3W[32m DRAM power: 0.00W PCK power: 431.13W
	avg. CPUFreq: 2.57GHz avg. IMCFreq: 1.47GHz Next Frequency 2.60
	CPI: 0.395 VPI: 0.00, Mem. bwidth: 0.10GB/s GFLOPS: 0.00 I/O: 0.01MB/s No MPI  
	TPI 0.02 Cache miss rates: L1 1.35GB/s L2 0.00GB/s L3 0.00GB/s
	Total MPI calls 2
	IO DATA: rchar 4554 wchar 6440 syscr 50 syscw 5 read_bytes 0 write_bytes 12288
	Process OS info: (pid 2336949 state R utime 994 stime 0 cutime 0 cstime 0 CPU usage 98)
	CPU temperature (celsius): socket 0: 62 socket 1: 73[0m
EAR[2336949](hratio_l30) at 2.60/1.47 in tcn273 MR[0] elapsed 894 sec.: [32mLoop time: 1.007s DC Power: [35m497.9W[32m DRAM power: 0.00W PCK power: 431.32W
	avg. CPUFreq: 2.57GHz avg. IMCFreq: 1.47GHz Next Frequency 2.60
	CPI: 0.396 VPI: 0.00, Mem. bwidth: 0.13GB/s GFLOPS: 0.00 I/O: 0.01MB/s No MPI  
	TPI 0.03 Cache miss rates: L1 1.45GB/s L2 0.00GB/s L3 0.00GB/s
	Total MPI calls 2
	IO DATA: rchar 4554 wchar 6440 syscr 50 syscw 5 read_bytes 0 write_bytes 8192
	Process OS info: (pid 2336949 state R utime 987 stime 1 cutime 0 cstime 0 CPU usage 98)
	CPU temperature (celsius): socket 0: 62 socket 1: 73[0m
EAR[2336949](hratio_l30) at 2.60/1.47 in tcn273 MR[0] elapsed 907 sec.: [32mLoop time: 1.007s DC Power: [35m497.8W[32m DRAM power: 0.00W PCK power: 431.08W
	avg. CPUFreq: 2.57GHz avg. IMCFreq: 1.47GHz Next Frequency 2.60
	CPI: 0.395 VPI: 0.00, Mem. bwidth: 0.12GB/s GFLOPS: 0.00 I/O: 0.01MB/s No MPI  
	TPI 0.02 Cache miss rates: L1 1.35GB/s L2 0.00GB/s L3 0.00GB/s
	Total MPI calls 2
	IO DATA: rchar 4554 wchar 6440 syscr 50 syscw 5 read_bytes 0 write_bytes 12288
	Process OS info: (pid 2336949 state R utime 994 stime 0 cutime 0 cstime 0 CPU usage 98)
	CPU temperature (celsius): socket 0: 62 socket 1: 73[0m
EAR[2336949](hratio_l30) at 2.60/1.47 in tcn273 MR[0] elapsed 921 sec.: [32mLoop time: 1.006s DC Power: [35m498.2W[32m DRAM power: 0.00W PCK power: 431.24W
	avg. CPUFreq: 2.57GHz avg. IMCFreq: 1.47GHz Next Frequency 2.60
	CPI: 0.396 VPI: 0.00, Mem. bwidth: 0.12GB/s GFLOPS: 0.00 I/O: 0.01MB/s No MPI  
	TPI 0.02 Cache miss rates: L1 1.45GB/s L2 0.00GB/s L3 0.00GB/s
	Total MPI calls 2
	IO DATA: rchar 4554 wchar 6440 syscr 50 syscw 5 read_bytes 0 write_bytes 8192
	Process OS info: (pid 2336949 state R utime 993 stime 1 cutime 0 cstime 0 CPU usage 98)
	CPU temperature (celsius): socket 0: 62 socket 1: 73[0m
EAR[2336949](hratio_l30) at 2.60/1.47 in tcn273 MR[0] elapsed 934 sec.: [32mLoop time: 1.006s DC Power: [35m498.1W[32m DRAM power: 0.00W PCK power: 431.06W
	avg. CPUFreq: 2.57GHz avg. IMCFreq: 1.47GHz Next Frequency 2.60
	CPI: 0.396 VPI: 0.00, Mem. bwidth: 0.13GB/s GFLOPS: 0.00 I/O: 0.01MB/s No MPI  
	TPI 0.03 Cache miss rates: L1 1.35GB/s L2 0.00GB/s L3 0.00GB/s
	Total MPI calls 2
	IO DATA: rchar 4554 wchar 6440 syscr 50 syscw 5 read_bytes 0 write_bytes 135168
	Process OS info: (pid 2336949 state R utime 993 stime 1 cutime 0 cstime 0 CPU usage 98)
	CPU temperature (celsius): socket 0: 62 socket 1: 73[0m
EAR[2336949](hratio_l30) at 2.60/1.47 in tcn273 MR[0] elapsed 947 sec.: [32mLoop time: 1.007s DC Power: [35m497.9W[32m DRAM power: 0.00W PCK power: 431.11W
	avg. CPUFreq: 2.57GHz avg. IMCFreq: 1.47GHz Next Frequency 2.60
	CPI: 0.395 VPI: 0.00, Mem. bwidth: 0.10GB/s GFLOPS: 0.00 I/O: 0.01MB/s No MPI  
	TPI 0.02 Cache miss rates: L1 1.44GB/s L2 0.00GB/s L3 0.00GB/s
	Total MPI calls 2
	IO DATA: rchar 4554 wchar 6440 syscr 50 syscw 5 read_bytes 0 write_bytes 4096
	Process OS info: (pid 2336949 state R utime 994 stime 0 cutime 0 cstime 0 CPU usage 98)
	CPU temperature (celsius): socket 0: 62 socket 1: 73[0m
EAR[2336949](hratio_l30) at 2.60/1.47 in tcn273 MR[0] elapsed 961 sec.: [32mLoop time: 1.007s DC Power: [35m497.8W[32m DRAM power: 0.00W PCK power: 431.10W
	avg. CPUFreq: 2.57GHz avg. IMCFreq: 1.47GHz Next Frequency 2.60
	CPI: 0.396 VPI: 0.00, Mem. bwidth: 0.11GB/s GFLOPS: 0.00 I/O: 0.01MB/s No MPI  
	TPI 0.02 Cache miss rates: L1 1.35GB/s L2 0.00GB/s L3 0.00GB/s
	Total MPI calls 2
	IO DATA: rchar 4554 wchar 6440 syscr 50 syscw 5 read_bytes 0 write_bytes 155648
	Process OS info: (pid 2336949 state R utime 988 stime 0 cutime 0 cstime 0 CPU usage 98)
	CPU temperature (celsius): socket 0: 62 socket 1: 73[0m
EAR[2336949](hratio_l30) at 2.60/1.47 in tcn273 MR[0] elapsed 974 sec.: [32mLoop time: 1.007s DC Power: [35m497.7W[32m DRAM power: 0.00W PCK power: 431.04W
	avg. CPUFreq: 2.57GHz avg. IMCFreq: 1.47GHz Next Frequency 2.60
	CPI: 0.395 VPI: 0.00, Mem. bwidth: 0.11GB/s GFLOPS: 0.00 I/O: 0.01MB/s No MPI  
	TPI 0.02 Cache miss rates: L1 1.35GB/s L2 0.00GB/s L3 0.00GB/s
	Total MPI calls 2
	IO DATA: rchar 4554 wchar 6440 syscr 50 syscw 5 read_bytes 0 write_bytes 8192
	Process OS info: (pid 2336949 state R utime 995 stime 0 cutime 0 cstime 0 CPU usage 98)
	CPU temperature (celsius): socket 0: 62 socket 1: 73[0m
EAR[2336949](hratio_l30) at 2.60/1.47 in tcn273 MR[0] elapsed 988 sec.: [32mLoop time: 1.008s DC Power: [35m442.6W[32m DRAM power: 0.00W PCK power: 431.11W
	avg. CPUFreq: 2.57GHz avg. IMCFreq: 1.47GHz Next Frequency 2.60
	CPI: 0.395 VPI: 0.00, Mem. bwidth: 0.13GB/s GFLOPS: 0.00 I/O: 0.01MB/s No MPI  
	TPI 0.03 Cache miss rates: L1 1.45GB/s L2 0.00GB/s L3 0.00GB/s
	Total MPI calls 2
	IO DATA: rchar 4554 wchar 6440 syscr 50 syscw 5 read_bytes 0 write_bytes 8192
	Process OS info: (pid 2336949 state R utime 988 stime 0 cutime 0 cstime 0 CPU usage 98)
	CPU temperature (celsius): socket 0: 62 socket 1: 73[0m
EAR[2336949](hratio_l30) at 2.60/1.47 in tcn273 MR[0] elapsed 1001 sec.: [32mLoop time: 1.007s DC Power: [35m498.9W[32m DRAM power: 0.00W PCK power: 431.13W
	avg. CPUFreq: 2.57GHz avg. IMCFreq: 1.47GHz Next Frequency 2.60
	CPI: 0.395 VPI: 0.00, Mem. bwidth: 0.09GB/s GFLOPS: 0.00 I/O: 0.01MB/s No MPI  
	TPI 0.02 Cache miss rates: L1 1.34GB/s L2 0.00GB/s L3 0.00GB/s
	Total MPI calls 2
	IO DATA: rchar 4554 wchar 6440 syscr 50 syscw 5 read_bytes 0 write_bytes 12288
	Process OS info: (pid 2336949 state R utime 994 stime 0 cutime 0 cstime 0 CPU usage 98)
	CPU temperature (celsius): socket 0: 62 socket 1: 73[0m
EAR[2336949](hratio_l30) at 2.60/1.47 in tcn273 MR[0] elapsed 1015 sec.: [32mLoop time: 1.007s DC Power: [35m499.6W[32m DRAM power: 0.00W PCK power: 431.38W
	avg. CPUFreq: 2.57GHz avg. IMCFreq: 1.47GHz Next Frequency 2.60
	CPI: 0.395 VPI: 0.00, Mem. bwidth: 0.11GB/s GFLOPS: 0.00 I/O: 0.01MB/s No MPI  
	TPI 0.02 Cache miss rates: L1 1.45GB/s L2 0.00GB/s L3 0.00GB/s
	Total MPI calls 2
	IO DATA: rchar 4554 wchar 6440 syscr 50 syscw 5 read_bytes 0 write_bytes 122880
	Process OS info: (pid 2336949 state R utime 988 stime 1 cutime 0 cstime 0 CPU usage 98)
	CPU temperature (celsius): socket 0: 62 socket 1: 73[0m
EAR[2336949](hratio_l30) at 2.60/1.47 in tcn273 MR[0] elapsed 1028 sec.: [32mLoop time: 1.008s DC Power: [35m499.2W[32m DRAM power: 0.00W PCK power: 431.14W
	avg. CPUFreq: 2.57GHz avg. IMCFreq: 1.47GHz Next Frequency 2.60
	CPI: 0.395 VPI: 0.00, Mem. bwidth: 0.10GB/s GFLOPS: 0.00 I/O: 0.01MB/s No MPI  
	TPI 0.02 Cache miss rates: L1 1.35GB/s L2 0.00GB/s L3 0.00GB/s
	Total MPI calls 2
	IO DATA: rchar 4554 wchar 6440 syscr 50 syscw 5 read_bytes 0 write_bytes 12288
	Process OS info: (pid 2336949 state R utime 995 stime 0 cutime 0 cstime 0 CPU usage 98)
	CPU temperature (celsius): socket 0: 62 socket 1: 73[0m
EAR[2336949](hratio_l30) at 2.60/1.47 in tcn273 MR[0] elapsed 1041 sec.: [32mLoop time: 1.007s DC Power: [35m499.2W[32m DRAM power: 0.00W PCK power: 431.31W
	avg. CPUFreq: 2.57GHz avg. IMCFreq: 1.47GHz Next Frequency 2.60
	CPI: 0.395 VPI: 0.00, Mem. bwidth: 0.14GB/s GFLOPS: 0.00 I/O: 0.01MB/s No MPI  
	TPI 0.03 Cache miss rates: L1 1.44GB/s L2 0.00GB/s L3 0.00GB/s
	Total MPI calls 2
	IO DATA: rchar 4555 wchar 6440 syscr 50 syscw 5 read_bytes 0 write_bytes 81920
	Process OS info: (pid 2336949 state R utime 993 stime 0 cutime 0 cstime 0 CPU usage 98)
	CPU temperature (celsius): socket 0: 62 socket 1: 73[0m
EAR[2336949](hratio_l30) at 2.60/1.47 in tcn273 MR[0] elapsed 1055 sec.: [32mLoop time: 1.007s DC Power: [35m498.6W[32m DRAM power: 0.00W PCK power: 431.23W
	avg. CPUFreq: 2.57GHz avg. IMCFreq: 1.47GHz Next Frequency 2.60
	CPI: 0.396 VPI: 0.00, Mem. bwidth: 0.10GB/s GFLOPS: 0.00 I/O: 0.01MB/s No MPI  
	TPI 0.02 Cache miss rates: L1 1.37GB/s L2 0.00GB/s L3 0.00GB/s
	Total MPI calls 2
	IO DATA: rchar 4555 wchar 6440 syscr 50 syscw 5 read_bytes 0 write_bytes 4096
	Process OS info: (pid 2336949 state R utime 994 stime 1 cutime 0 cstime 0 CPU usage 98)
	CPU temperature (celsius): socket 0: 62 socket 1: 73[0m
EAR[2336949](hratio_l30) at 2.60/1.47 in tcn273 MR[0] elapsed 1068 sec.: [32mLoop time: 1.007s DC Power: [35m498.2W[32m DRAM power: 0.00W PCK power: 431.18W
	avg. CPUFreq: 2.57GHz avg. IMCFreq: 1.47GHz Next Frequency 2.60
	CPI: 0.396 VPI: 0.00, Mem. bwidth: 0.09GB/s GFLOPS: 0.00 I/O: 0.01MB/s No MPI  
	TPI 0.02 Cache miss rates: L1 1.35GB/s L2 0.00GB/s L3 0.00GB/s
	Total MPI calls 2
	IO DATA: rchar 4555 wchar 6440 syscr 50 syscw 5 read_bytes 0 write_bytes 8192
	Process OS info: (pid 2336949 state R utime 995 stime 0 cutime 0 cstime 0 CPU usage 98)
	CPU temperature (celsius): socket 0: 62 socket 1: 73[0m
EAR[2336949](hratio_l30) at 2.60/1.47 in tcn273 MR[0] elapsed 1082 sec.: [32mLoop time: 1.007s DC Power: [35m442.5W[32m DRAM power: 0.00W PCK power: 431.14W
	avg. CPUFreq: 2.57GHz avg. IMCFreq: 1.47GHz Next Frequency 2.60
	CPI: 0.395 VPI: 0.00, Mem. bwidth: 0.13GB/s GFLOPS: 0.00 I/O: 0.01MB/s No MPI  
	TPI 0.03 Cache miss rates: L1 1.45GB/s L2 0.00GB/s L3 0.00GB/s
	Total MPI calls 2
	IO DATA: rchar 4555 wchar 6440 syscr 50 syscw 5 read_bytes 0 write_bytes 4096
	Process OS info: (pid 2336949 state R utime 993 stime 0 cutime 0 cstime 0 CPU usage 98)
	CPU temperature (celsius): socket 0: 62 socket 1: 73[0m
EAR[2336949](hratio_l30) at 2.60/1.47 in tcn273 MR[0] elapsed 1095 sec.: [32mLoop time: 1.007s DC Power: [35m442.9W[32m DRAM power: 0.00W PCK power: 431.19W
	avg. CPUFreq: 2.57GHz avg. IMCFreq: 1.47GHz Next Frequency 2.60
	CPI: 0.396 VPI: 0.00, Mem. bwidth: 0.10GB/s GFLOPS: 0.00 I/O: 0.01MB/s No MPI  
	TPI 0.02 Cache miss rates: L1 1.35GB/s L2 0.00GB/s L3 0.00GB/s
	Total MPI calls 2
	IO DATA: rchar 4555 wchar 6440 syscr 50 syscw 5 read_bytes 0 write_bytes 8192
	Process OS info: (pid 2336949 state R utime 994 stime 0 cutime 0 cstime 0 CPU usage 98)
	CPU temperature (celsius): socket 0: 62 socket 1: 73[0m
EAR[2336949](hratio_l30) at 2.60/1.47 in tcn273 MR[0] elapsed 1109 sec.: [32mLoop time: 1.007s DC Power: [35m388.0W[32m DRAM power: 0.00W PCK power: 431.26W
	avg. CPUFreq: 2.57GHz avg. IMCFreq: 1.47GHz Next Frequency 2.60
	CPI: 0.395 VPI: 0.00, Mem. bwidth: 0.14GB/s GFLOPS: 0.00 I/O: 0.01MB/s No MPI  
	TPI 0.03 Cache miss rates: L1 1.44GB/s L2 0.00GB/s L3 0.00GB/s
	Total MPI calls 2
	IO DATA: rchar 4555 wchar 6440 syscr 50 syscw 5 read_bytes 0 write_bytes 8192
	Process OS info: (pid 2336949 state R utime 987 stime 0 cutime 0 cstime 0 CPU usage 98)
	CPU temperature (celsius): socket 0: 62 socket 1: 73[0m
EAR[2336949](hratio_l30) at 2.60/1.47 in tcn273 MR[0] elapsed 1122 sec.: [32mLoop time: 1.007s DC Power: [35m443.0W[32m DRAM power: 0.00W PCK power: 431.17W
	avg. CPUFreq: 2.57GHz avg. IMCFreq: 1.47GHz Next Frequency 2.60
	CPI: 0.395 VPI: 0.00, Mem. bwidth: 0.09GB/s GFLOPS: 0.00 I/O: 0.01MB/s No MPI  
	TPI 0.02 Cache miss rates: L1 1.35GB/s L2 0.00GB/s L3 0.00GB/s
	Total MPI calls 2
	IO DATA: rchar 4555 wchar 6440 syscr 50 syscw 5 read_bytes 0 write_bytes 8192
	Process OS info: (pid 2336949 state R utime 994 stime 1 cutime 0 cstime 0 CPU usage 98)
	CPU temperature (celsius): socket 0: 62 socket 1: 73[0m
EAR[2336949](hratio_l30) at 2.60/1.47 in tcn273 MR[0] elapsed 1135 sec.: [32mLoop time: 1.006s DC Power: [35m499.1W[32m DRAM power: 0.00W PCK power: 431.41W
	avg. CPUFreq: 2.57GHz avg. IMCFreq: 1.47GHz Next Frequency 2.60
	CPI: 0.395 VPI: 0.00, Mem. bwidth: 0.10GB/s GFLOPS: 0.00 I/O: 0.01MB/s No MPI  
	TPI 0.02 Cache miss rates: L1 1.44GB/s L2 0.00GB/s L3 0.00GB/s
	Total MPI calls 2
	IO DATA: rchar 4555 wchar 6440 syscr 50 syscw 5 read_bytes 0 write_bytes 114688
	Process OS info: (pid 2336949 state R utime 987 stime 1 cutime 0 cstime 0 CPU usage 98)
	CPU temperature (celsius): socket 0: 62 socket 1: 73[0m
EAR[2336949](hratio_l30) at 2.60/1.47 in tcn273 MR[0] elapsed 1149 sec.: [32mLoop time: 1.007s DC Power: [35m498.0W[32m DRAM power: 0.00W PCK power: 431.20W
	avg. CPUFreq: 2.57GHz avg. IMCFreq: 1.47GHz Next Frequency 2.60
	CPI: 0.396 VPI: 0.00, Mem. bwidth: 0.11GB/s GFLOPS: 0.00 I/O: 0.01MB/s No MPI  
	TPI 0.02 Cache miss rates: L1 1.35GB/s L2 0.00GB/s L3 0.00GB/s
	Total MPI calls 2
	IO DATA: rchar 4555 wchar 6440 syscr 50 syscw 5 read_bytes 0 write_bytes 4096
	Process OS info: (pid 2336949 state R utime 994 stime 0 cutime 0 cstime 0 CPU usage 98)
	CPU temperature (celsius): socket 0: 62 socket 1: 73[0m
EAR[2336949](hratio_l30) at 2.60/1.47 in tcn273 MR[0] elapsed 1162 sec.: [32mLoop time: 1.010s DC Power: [35m497.0W[32m DRAM power: 0.00W PCK power: 431.19W
	avg. CPUFreq: 2.57GHz avg. IMCFreq: 1.47GHz Next Frequency 2.60
	CPI: 0.396 VPI: 0.00, Mem. bwidth: 0.14GB/s GFLOPS: 0.00 I/O: 0.01MB/s No MPI  
	TPI 0.03 Cache miss rates: L1 1.34GB/s L2 0.00GB/s L3 0.00GB/s
	Total MPI calls 2
	IO DATA: rchar 4555 wchar 6440 syscr 50 syscw 5 read_bytes 0 write_bytes 12288
	Process OS info: (pid 2336949 state R utime 994 stime 0 cutime 0 cstime 0 CPU usage 98)
	CPU temperature (celsius): socket 0: 62 socket 1: 73[0m
EAR[2336949](hratio_l30) at 2.60/1.47 in tcn273 MR[0] elapsed 1176 sec.: [32mLoop time: 1.007s DC Power: [35m498.9W[32m DRAM power: 0.00W PCK power: 431.37W
	avg. CPUFreq: 2.57GHz avg. IMCFreq: 1.47GHz Next Frequency 2.60
	CPI: 0.395 VPI: 0.00, Mem. bwidth: 0.11GB/s GFLOPS: 0.00 I/O: 0.01MB/s No MPI  
	TPI 0.02 Cache miss rates: L1 1.45GB/s L2 0.00GB/s L3 0.00GB/s
	Total MPI calls 2
	IO DATA: rchar 4555 wchar 6440 syscr 50 syscw 5 read_bytes 0 write_bytes 12288
	Process OS info: (pid 2336949 state R utime 994 stime 0 cutime 0 cstime 0 CPU usage 98)
	CPU temperature (celsius): socket 0: 62 socket 1: 73[0m
EAR[2336949](hratio_l30) at 2.60/1.47 in tcn273 MR[0] elapsed 1189 sec.: [32mLoop time: 1.007s DC Power: [35m499.9W[32m DRAM power: 0.00W PCK power: 431.60W
	avg. CPUFreq: 2.57GHz avg. IMCFreq: 1.47GHz Next Frequency 2.60
	CPI: 0.395 VPI: 0.00, Mem. bwidth: 0.09GB/s GFLOPS: 0.00 I/O: 0.01MB/s No MPI  
	TPI 0.02 Cache miss rates: L1 1.34GB/s L2 0.00GB/s L3 0.00GB/s
	Total MPI calls 2
	IO DATA: rchar 4555 wchar 6440 syscr 50 syscw 5 read_bytes 0 write_bytes 8192
	Process OS info: (pid 2336949 state R utime 994 stime 1 cutime 0 cstime 0 CPU usage 98)
	CPU temperature (celsius): socket 0: 62 socket 1: 73[0m
EAR[2336949](hratio_l30) at 2.60/1.47 in tcn273 MR[0] elapsed 1203 sec.: [32mLoop time: 1.007s DC Power: [35m500.6W[32m DRAM power: 0.00W PCK power: 431.98W
	avg. CPUFreq: 2.57GHz avg. IMCFreq: 1.47GHz Next Frequency 2.60
	CPI: 0.394 VPI: 0.00, Mem. bwidth: 0.11GB/s GFLOPS: 0.00 I/O: 0.01MB/s No MPI  
	TPI 0.02 Cache miss rates: L1 1.45GB/s L2 0.00GB/s L3 0.00GB/s
	Total MPI calls 2
	IO DATA: rchar 4555 wchar 6440 syscr 50 syscw 5 read_bytes 0 write_bytes 4096
	Process OS info: (pid 2336949 state R utime 994 stime 0 cutime 0 cstime 0 CPU usage 98)
	CPU temperature (celsius): socket 0: 62 socket 1: 73[0m
EAR[2336949](hratio_l30) at 2.60/1.47 in tcn273 MR[0] elapsed 1216 sec.: [32mLoop time: 1.006s DC Power: [35m499.9W[32m DRAM power: 0.00W PCK power: 432.07W
	avg. CPUFreq: 2.57GHz avg. IMCFreq: 1.47GHz Next Frequency 2.60
	CPI: 0.394 VPI: 0.00, Mem. bwidth: 0.10GB/s GFLOPS: 0.00 I/O: 0.01MB/s No MPI  
	TPI 0.02 Cache miss rates: L1 1.34GB/s L2 0.00GB/s L3 0.00GB/s
	Total MPI calls 2
	IO DATA: rchar 4555 wchar 6440 syscr 50 syscw 5 read_bytes 0 write_bytes 4096
	Process OS info: (pid 2336949 state R utime 993 stime 0 cutime 0 cstime 0 CPU usage 98)
	CPU temperature (celsius): socket 0: 62 socket 1: 73[0m
EAR[2336949](hratio_l30) at 2.60/1.47 in tcn273 MR[0] elapsed 1229 sec.: [32mLoop time: 1.006s DC Power: [35m443.9W[32m DRAM power: 0.00W PCK power: 432.52W
	avg. CPUFreq: 2.57GHz avg. IMCFreq: 1.47GHz Next Frequency 2.60
	CPI: 0.393 VPI: 0.00, Mem. bwidth: 0.14GB/s GFLOPS: 0.00 I/O: 0.01MB/s No MPI  
	TPI 0.03 Cache miss rates: L1 1.44GB/s L2 0.00GB/s L3 0.00GB/s
	Total MPI calls 2
	IO DATA: rchar 4555 wchar 6440 syscr 50 syscw 5 read_bytes 0 write_bytes 12288
	Process OS info: (pid 2336949 state R utime 987 stime 0 cutime 0 cstime 0 CPU usage 98)
	CPU temperature (celsius): socket 0: 62 socket 1: 73[0m
EAR[2336949](hratio_l30) at 2.60/1.47 in tcn273 MR[0] elapsed 1243 sec.: [32mLoop time: 1.006s DC Power: [35m499.6W[32m DRAM power: 0.00W PCK power: 432.76W
	avg. CPUFreq: 2.57GHz avg. IMCFreq: 1.47GHz Next Frequency 2.60
	CPI: 0.392 VPI: 0.00, Mem. bwidth: 0.09GB/s GFLOPS: 0.00 I/O: 0.01MB/s No MPI  
	TPI 0.02 Cache miss rates: L1 1.35GB/s L2 0.00GB/s L3 0.00GB/s
	Total MPI calls 2
	IO DATA: rchar 4555 wchar 6440 syscr 50 syscw 5 read_bytes 0 write_bytes 4096
	Process OS info: (pid 2336949 state R utime 988 stime 1 cutime 0 cstime 0 CPU usage 98)
	CPU temperature (celsius): socket 0: 62 socket 1: 73[0m
EAR[2336949](hratio_l30) at 2.60/1.47 in tcn273 MR[0] elapsed 1256 sec.: [32mLoop time: 1.009s DC Power: [35m498.8W[32m DRAM power: 0.00W PCK power: 433.00W
	avg. CPUFreq: 2.57GHz avg. IMCFreq: 1.47GHz Next Frequency 2.60
	CPI: 0.392 VPI: 0.00, Mem. bwidth: 0.25GB/s GFLOPS: 0.00 I/O: 0.01MB/s No MPI  
	TPI 0.06 Cache miss rates: L1 1.34GB/s L2 0.00GB/s L3 0.00GB/s
	Total MPI calls 2
	IO DATA: rchar 4555 wchar 6440 syscr 50 syscw 5 read_bytes 0 write_bytes 135168
	Process OS info: (pid 2336949 state R utime 894 stime 0 cutime 0 cstime 0 CPU usage 88)
	CPU temperature (celsius): socket 0: 62 socket 1: 73[0m
EAR[2336949](hratio_l30) at 2.60/1.47 in tcn273 MR[0] elapsed 1270 sec.: [32mLoop time: 1.009s DC Power: [35m498.8W[32m DRAM power: 0.00W PCK power: 433.02W
	avg. CPUFreq: 2.57GHz avg. IMCFreq: 1.47GHz Next Frequency 2.60
	CPI: 0.392 VPI: 0.00, Mem. bwidth: 0.36GB/s GFLOPS: 0.00 I/O: 0.01MB/s No MPI  
	TPI 0.08 Cache miss rates: L1 1.44GB/s L2 0.00GB/s L3 0.00GB/s
	Total MPI calls 2
	IO DATA: rchar 4555 wchar 6440 syscr 50 syscw 5 read_bytes 0 write_bytes 4096
	Process OS info: (pid 2336949 state R utime 889 stime 3 cutime 0 cstime 0 CPU usage 88)
	CPU temperature (celsius): socket 0: 62 socket 1: 73[0m
EAR[2336949](hratio_l30) at 2.60/1.47 in tcn273 MR[0] elapsed 1283 sec.: [32mLoop time: 1.007s DC Power: [35m499.6W[32m DRAM power: 0.00W PCK power: 432.70W
	avg. CPUFreq: 2.57GHz avg. IMCFreq: 1.47GHz Next Frequency 2.60
	CPI: 0.392 VPI: 0.00, Mem. bwidth: 0.26GB/s GFLOPS: 0.00 I/O: 0.01MB/s No MPI  
	TPI 0.05 Cache miss rates: L1 1.33GB/s L2 0.00GB/s L3 0.00GB/s
	Total MPI calls 2
	IO DATA: rchar 4555 wchar 6440 syscr 50 syscw 5 read_bytes 0 write_bytes 8192
	Process OS info: (pid 2336949 state R utime 984 stime 1 cutime 0 cstime 0 CPU usage 97)
	CPU temperature (celsius): socket 0: 62 socket 1: 73[0m
EAR[2336949](hratio_l30) at 2.60/1.47 in tcn273 MR[0] elapsed 1298 sec.: [32mLoop time: 1.007s DC Power: [35m499.7W[32m DRAM power: 0.00W PCK power: 433.17W
	avg. CPUFreq: 2.57GHz avg. IMCFreq: 1.47GHz Next Frequency 2.60
	CPI: 0.392 VPI: 0.00, Mem. bwidth: 0.39GB/s GFLOPS: 0.00 I/O: 0.01MB/s No MPI  
	TPI 0.08 Cache miss rates: L1 1.43GB/s L2 0.00GB/s L3 0.00GB/s
	Total MPI calls 2
	IO DATA: rchar 4555 wchar 6440 syscr 50 syscw 5 read_bytes 0 write_bytes 4096
	Process OS info: (pid 2336949 state R utime 994 stime 1 cutime 0 cstime 0 CPU usage 98)
	CPU temperature (celsius): socket 0: 62 socket 1: 73[0m
EAR[2336949](hratio_l30) at 2.60/1.47 in tcn273 MR[0] elapsed 1311 sec.: [32mLoop time: 1.007s DC Power: [35m499.5W[32m DRAM power: 0.00W PCK power: 432.83W
	avg. CPUFreq: 2.57GHz avg. IMCFreq: 1.47GHz Next Frequency 2.60
	CPI: 0.392 VPI: 0.00, Mem. bwidth: 0.11GB/s GFLOPS: 0.00 I/O: 0.01MB/s No MPI  
	TPI 0.02 Cache miss rates: L1 1.43GB/s L2 0.00GB/s L3 0.00GB/s
	Total MPI calls 2
	IO DATA: rchar 4555 wchar 6440 syscr 50 syscw 5 read_bytes 0 write_bytes 8192
	Process OS info: (pid 2336949 state R utime 994 stime 0 cutime 0 cstime 0 CPU usage 98)
	CPU temperature (celsius): socket 0: 62 socket 1: 73[0m
EAR[2336949](hratio_l30) at 2.60/1.47 in tcn273 MR[0] elapsed 1324 sec.: [32mLoop time: 1.006s DC Power: [35m499.9W[32m DRAM power: 0.00W PCK power: 432.79W
	avg. CPUFreq: 2.57GHz avg. IMCFreq: 1.47GHz Next Frequency 2.60
	CPI: 0.392 VPI: 0.00, Mem. bwidth: 0.11GB/s GFLOPS: 0.00 I/O: 0.01MB/s No MPI  
	TPI 0.02 Cache miss rates: L1 1.43GB/s L2 0.00GB/s L3 0.00GB/s
	Total MPI calls 2
	IO DATA: rchar 4555 wchar 6440 syscr 50 syscw 5 read_bytes 0 write_bytes 110592
	Process OS info: (pid 2336949 state R utime 993 stime 1 cutime 0 cstime 0 CPU usage 98)
	CPU temperature (celsius): socket 0: 62 socket 1: 73[0m
EAR[2336949](hratio_l30) at 2.60/1.47 in tcn273 MR[0] elapsed 1338 sec.: [32mLoop time: 1.007s DC Power: [35m499.9W[32m DRAM power: 0.00W PCK power: 433.18W
	avg. CPUFreq: 2.57GHz avg. IMCFreq: 1.47GHz Next Frequency 2.60
	CPI: 0.392 VPI: 0.00, Mem. bwidth: 0.11GB/s GFLOPS: 0.00 I/O: 0.01MB/s No MPI  
	TPI 0.02 Cache miss rates: L1 1.35GB/s L2 0.00GB/s L3 0.00GB/s
	Total MPI calls 2
	IO DATA: rchar 4555 wchar 6440 syscr 50 syscw 5 read_bytes 0 write_bytes 8192
	Process OS info: (pid 2336949 state R utime 994 stime 1 cutime 0 cstime 0 CPU usage 98)
	CPU temperature (celsius): socket 0: 62 socket 1: 73[0m
EAR[2336949](hratio_l30) at 2.60/1.47 in tcn273 MR[0] elapsed 1351 sec.: [32mLoop time: 1.007s DC Power: [35m445.5W[32m DRAM power: 0.00W PCK power: 433.27W
	avg. CPUFreq: 2.57GHz avg. IMCFreq: 1.47GHz Next Frequency 2.60
	CPI: 0.391 VPI: 0.00, Mem. bwidth: 0.14GB/s GFLOPS: 0.00 I/O: 0.01MB/s No MPI  
	TPI 0.03 Cache miss rates: L1 1.34GB/s L2 0.00GB/s L3 0.00GB/s
	Total MPI calls 2
	IO DATA: rchar 4555 wchar 6440 syscr 50 syscw 5 read_bytes 0 write_bytes 12288
	Process OS info: (pid 2336949 state R utime 994 stime 1 cutime 0 cstime 0 CPU usage 98)
	CPU temperature (celsius): socket 0: 62 socket 1: 73[0m
EAR[2336949](hratio_l30) at 2.60/1.47 in tcn273 MR[0] elapsed 1365 sec.: [32mLoop time: 1.007s DC Power: [35m501.4W[32m DRAM power: 0.00W PCK power: 433.27W
	avg. CPUFreq: 2.57GHz avg. IMCFreq: 1.47GHz Next Frequency 2.60
	CPI: 0.391 VPI: 0.00, Mem. bwidth: 0.09GB/s GFLOPS: 0.00 I/O: 0.01MB/s No MPI  
	TPI 0.02 Cache miss rates: L1 1.44GB/s L2 0.00GB/s L3 0.00GB/s
	Total MPI calls 2
	IO DATA: rchar 4555 wchar 6440 syscr 50 syscw 5 read_bytes 0 write_bytes 8192
	Process OS info: (pid 2336949 state R utime 994 stime 0 cutime 0 cstime 0 CPU usage 98)
	CPU temperature (celsius): socket 0: 62 socket 1: 73[0m
EAR[2336949](hratio_l30) at 2.60/1.47 in tcn273 MR[0] elapsed 1378 sec.: [32mLoop time: 1.007s DC Power: [35m501.5W[32m DRAM power: 0.00W PCK power: 433.47W
	avg. CPUFreq: 2.57GHz avg. IMCFreq: 1.47GHz Next Frequency 2.60
	CPI: 0.391 VPI: 0.00, Mem. bwidth: 0.15GB/s GFLOPS: 0.00 I/O: 0.01MB/s No MPI  
	TPI 0.03 Cache miss rates: L1 1.34GB/s L2 0.00GB/s L3 0.00GB/s
	Total MPI calls 2
	IO DATA: rchar 4555 wchar 6440 syscr 50 syscw 5 read_bytes 0 write_bytes 8192
	Process OS info: (pid 2336949 state R utime 981 stime 0 cutime 0 cstime 0 CPU usage 97)
	CPU temperature (celsius): socket 0: 62 socket 1: 73[0m
EAR[2336949](hratio_l30) at 2.60/1.47 in tcn273 MR[0] elapsed 1393 sec.: [32mLoop time: 1.007s DC Power: [35m500.6W[32m DRAM power: 0.00W PCK power: 433.17W
	avg. CPUFreq: 2.57GHz avg. IMCFreq: 1.47GHz Next Frequency 2.60
	CPI: 0.391 VPI: 0.00, Mem. bwidth: 0.11GB/s GFLOPS: 0.00 I/O: 0.01MB/s No MPI  
	TPI 0.02 Cache miss rates: L1 1.43GB/s L2 0.00GB/s L3 0.00GB/s
	Total MPI calls 2
	IO DATA: rchar 4555 wchar 6440 syscr 50 syscw 5 read_bytes 0 write_bytes 4096
	Process OS info: (pid 2336949 state R utime 994 stime 0 cutime 0 cstime 0 CPU usage 98)
	CPU temperature (celsius): socket 0: 62 socket 1: 73[0m
EAR[2336949](hratio_l30) at 2.60/1.47 in tcn273 MR[0] elapsed 1406 sec.: [32mLoop time: 1.007s DC Power: [35m444.1W[32m DRAM power: 0.00W PCK power: 433.36W
	avg. CPUFreq: 2.57GHz avg. IMCFreq: 1.47GHz Next Frequency 2.60
	CPI: 0.391 VPI: 0.00, Mem. bwidth: 0.14GB/s GFLOPS: 0.00 I/O: 0.00MB/s No MPI  
	TPI 0.03 Cache miss rates: L1 1.45GB/s L2 0.00GB/s L3 0.00GB/s
	Total MPI calls 2
	IO DATA: rchar 4555 wchar 6440 syscr 50 syscw 5 read_bytes 0 write_bytes 4096
	Process OS info: (pid 2336949 state R utime 981 stime 1 cutime 0 cstime 0 CPU usage 97)
	CPU temperature (celsius): socket 0: 62 socket 1: 73[0m
EAR[2336949](hratio_l30) at 2.60/1.47 in tcn273 MR[0] elapsed 1419 sec.: [32mLoop time: 1.006s DC Power: [35m499.9W[32m DRAM power: 0.00W PCK power: 433.19W
	avg. CPUFreq: 2.57GHz avg. IMCFreq: 1.47GHz Next Frequency 2.60
	CPI: 0.391 VPI: 0.00, Mem. bwidth: 0.09GB/s GFLOPS: 0.00 I/O: 0.01MB/s No MPI  
	TPI 0.02 Cache miss rates: L1 1.34GB/s L2 0.00GB/s L3 0.00GB/s
	Total MPI calls 2
	IO DATA: rchar 4555 wchar 6440 syscr 50 syscw 5 read_bytes 0 write_bytes 12288
	Process OS info: (pid 2336949 state R utime 994 stime 0 cutime 0 cstime 0 CPU usage 98)
	CPU temperature (celsius): socket 0: 62 socket 1: 73[0m
EAR[2336949](hratio_l30) at 2.60/1.47 in tcn273 MR[0] elapsed 1433 sec.: [32mLoop time: 1.007s DC Power: [35m499.6W[32m DRAM power: 0.00W PCK power: 433.22W
	avg. CPUFreq: 2.57GHz avg. IMCFreq: 1.47GHz Next Frequency 2.60
	CPI: 0.391 VPI: 0.00, Mem. bwidth: 0.15GB/s GFLOPS: 0.00 I/O: 0.01MB/s No MPI  
	TPI 0.03 Cache miss rates: L1 1.44GB/s L2 0.00GB/s L3 0.00GB/s
	Total MPI calls 2
	IO DATA: rchar 4555 wchar 6440 syscr 50 syscw 5 read_bytes 0 write_bytes 4096
	Process OS info: (pid 2336949 state R utime 994 stime 0 cutime 0 cstime 0 CPU usage 98)
	CPU temperature (celsius): socket 0: 62 socket 1: 73[0m
EAR[2336949](hratio_l30) at 2.60/1.47 in tcn273 MR[0] elapsed 1446 sec.: [32mLoop time: 1.007s DC Power: [35m499.8W[32m DRAM power: 0.00W PCK power: 433.04W
	avg. CPUFreq: 2.57GHz avg. IMCFreq: 1.47GHz Next Frequency 2.60
	CPI: 0.391 VPI: 0.00, Mem. bwidth: 0.09GB/s GFLOPS: 0.00 I/O: 0.01MB/s No MPI  
	TPI 0.02 Cache miss rates: L1 1.34GB/s L2 0.00GB/s L3 0.00GB/s
	Total MPI calls 2
	IO DATA: rchar 4555 wchar 6440 syscr 50 syscw 5 read_bytes 0 write_bytes 8192
	Process OS info: (pid 2336949 state R utime 994 stime 0 cutime 0 cstime 0 CPU usage 98)
	CPU temperature (celsius): socket 0: 62 socket 1: 73[0m
EAR[2336949](hratio_l30) at 2.60/1.47 in tcn273 MR[0] elapsed 1460 sec.: [32mLoop time: 1.007s DC Power: [35m499.4W[32m DRAM power: 0.00W PCK power: 433.17W
	avg. CPUFreq: 2.57GHz avg. IMCFreq: 1.47GHz Next Frequency 2.60
	CPI: 0.391 VPI: 0.00, Mem. bwidth: 0.12GB/s GFLOPS: 0.00 I/O: 0.01MB/s No MPI  
	TPI 0.02 Cache miss rates: L1 1.44GB/s L2 0.00GB/s L3 0.00GB/s
	Total MPI calls 2
	IO DATA: rchar 4555 wchar 6440 syscr 50 syscw 5 read_bytes 0 write_bytes 4096
	Process OS info: (pid 2336949 state R utime 995 stime 0 cutime 0 cstime 0 CPU usage 98)
	CPU temperature (celsius): socket 0: 62 socket 1: 73[0m
EAR[2336949](hratio_l30) at 2.60/1.47 in tcn273 MR[0] elapsed 1473 sec.: [32mLoop time: 1.007s DC Power: [35m444.2W[32m DRAM power: 0.00W PCK power: 433.08W
	avg. CPUFreq: 2.57GHz avg. IMCFreq: 1.47GHz Next Frequency 2.60
	CPI: 0.391 VPI: 0.00, Mem. bwidth: 0.11GB/s GFLOPS: 0.00 I/O: 0.01MB/s No MPI  
	TPI 0.02 Cache miss rates: L1 1.35GB/s L2 0.00GB/s L3 0.00GB/s
	Total MPI calls 2
	IO DATA: rchar 4555 wchar 6440 syscr 50 syscw 5 read_bytes 0 write_bytes 4096
	Process OS info: (pid 2336949 state R utime 994 stime 1 cutime 0 cstime 0 CPU usage 98)
	CPU temperature (celsius): socket 0: 62 socket 1: 73[0m
EAR[2336949](hratio_l30) at 2.60/1.47 in tcn273 MR[0] elapsed 1487 sec.: [32mLoop time: 1.007s DC Power: [35m444.2W[32m DRAM power: 0.00W PCK power: 433.20W
	avg. CPUFreq: 2.57GHz avg. IMCFreq: 1.47GHz Next Frequency 2.60
	CPI: 0.391 VPI: 0.00, Mem. bwidth: 0.09GB/s GFLOPS: 0.00 I/O: 0.01MB/s No MPI  
	TPI 0.02 Cache miss rates: L1 1.44GB/s L2 0.00GB/s L3 0.00GB/s
	Total MPI calls 2
	IO DATA: rchar 4555 wchar 6440 syscr 50 syscw 5 read_bytes 0 write_bytes 135168
	Process OS info: (pid 2336949 state R utime 994 stime 0 cutime 0 cstime 0 CPU usage 98)
	CPU temperature (celsius): socket 0: 62 socket 1: 73[0m
EAR[2336949](hratio_l30) at 2.60/1.47 in tcn273 MR[0] elapsed 1500 sec.: [32mLoop time: 1.007s DC Power: [35m444.3W[32m DRAM power: 0.00W PCK power: 433.29W
	avg. CPUFreq: 2.57GHz avg. IMCFreq: 1.47GHz Next Frequency 2.60
	CPI: 0.391 VPI: 0.00, Mem. bwidth: 0.13GB/s GFLOPS: 0.00 I/O: 0.01MB/s No MPI  
	TPI 0.03 Cache miss rates: L1 1.34GB/s L2 0.00GB/s L3 0.00GB/s
	Total MPI calls 2
	IO DATA: rchar 4555 wchar 6440 syscr 50 syscw 5 read_bytes 0 write_bytes 4096
	Process OS info: (pid 2336949 state R utime 994 stime 0 cutime 0 cstime 0 CPU usage 98)
	CPU temperature (celsius): socket 0: 62 socket 1: 73[0m
EAR[2336949](hratio_l30) at 2.60/1.47 in tcn273 MR[0] elapsed 1513 sec.: [32mLoop time: 1.007s DC Power: [35m444.9W[32m DRAM power: 0.00W PCK power: 433.57W
	avg. CPUFreq: 2.57GHz avg. IMCFreq: 1.47GHz Next Frequency 2.60
	CPI: 0.390 VPI: 0.00, Mem. bwidth: 0.11GB/s GFLOPS: 0.00 I/O: 0.01MB/s No MPI  
	TPI 0.02 Cache miss rates: L1 1.35GB/s L2 0.00GB/s L3 0.00GB/s
	Total MPI calls 2
	IO DATA: rchar 4555 wchar 6440 syscr 50 syscw 5 read_bytes 0 write_bytes 20480
	Process OS info: (pid 2336949 state R utime 994 stime 0 cutime 0 cstime 0 CPU usage 98)
	CPU temperature (celsius): socket 0: 62 socket 1: 73[0m
EAR[2336949](hratio_l30) at 2.60/1.47 in tcn273 MR[0] elapsed 1527 sec.: [32mLoop time: 1.007s DC Power: [35m390.1W[32m DRAM power: 0.00W PCK power: 433.71W
	avg. CPUFreq: 2.57GHz avg. IMCFreq: 1.47GHz Next Frequency 2.60
	CPI: 0.390 VPI: 0.00, Mem. bwidth: 0.15GB/s GFLOPS: 0.00 I/O: 0.01MB/s No MPI  
	TPI 0.03 Cache miss rates: L1 1.44GB/s L2 0.00GB/s L3 0.00GB/s
	Total MPI calls 2
	IO DATA: rchar 4555 wchar 6440 syscr 50 syscw 5 read_bytes 0 write_bytes 4096
	Process OS info: (pid 2336949 state R utime 993 stime 1 cutime 0 cstime 0 CPU usage 98)
	CPU temperature (celsius): socket 0: 62 socket 1: 73[0m
EAR[2336949](hratio_l30) at 2.60/1.47 in tcn273 MR[0] elapsed 1540 sec.: [32mLoop time: 1.007s DC Power: [35m446.7W[32m DRAM power: 0.00W PCK power: 433.62W
	avg. CPUFreq: 2.57GHz avg. IMCFreq: 1.47GHz Next Frequency 2.60
	CPI: 0.390 VPI: 0.00, Mem. bwidth: 0.09GB/s GFLOPS: 0.00 I/O: 0.01MB/s No MPI  
	TPI 0.02 Cache miss rates: L1 1.34GB/s L2 0.00GB/s L3 0.00GB/s
	Total MPI calls 2
	IO DATA: rchar 4555 wchar 6440 syscr 50 syscw 5 read_bytes 0 write_bytes 8192
	Process OS info: (pid 2336949 state R utime 994 stime 0 cutime 0 cstime 0 CPU usage 98)
	CPU temperature (celsius): socket 0: 62 socket 1: 73[0m
EAR[2336949](hratio_l30) at 2.60/1.47 in tcn273 MR[0] elapsed 1554 sec.: [32mLoop time: 1.006s DC Power: [35m501.8W[32m DRAM power: 0.00W PCK power: 433.65W
	avg. CPUFreq: 2.57GHz avg. IMCFreq: 1.47GHz Next Frequency 2.60
	CPI: 0.390 VPI: 0.00, Mem. bwidth: 0.13GB/s GFLOPS: 0.00 I/O: 0.01MB/s No MPI  
	TPI 0.03 Cache miss rates: L1 1.44GB/s L2 0.00GB/s L3 0.00GB/s
	Total MPI calls 2
	IO DATA: rchar 4555 wchar 6440 syscr 50 syscw 5 read_bytes 0 write_bytes 4096
	Process OS info: (pid 2336949 state R utime 994 stime 0 cutime 0 cstime 0 CPU usage 98)
	CPU temperature (celsius): socket 0: 62 socket 1: 73[0m
EAR[2336949](hratio_l30) at 2.60/1.47 in tcn273 MR[0] elapsed 1567 sec.: [32mLoop time: 1.007s DC Power: [35m500.5W[32m DRAM power: 0.00W PCK power: 433.55W
	avg. CPUFreq: 2.57GHz avg. IMCFreq: 1.47GHz Next Frequency 2.60
	CPI: 0.390 VPI: 0.00, Mem. bwidth: 0.10GB/s GFLOPS: 0.00 I/O: 0.01MB/s No MPI  
	TPI 0.02 Cache miss rates: L1 1.34GB/s L2 0.00GB/s L3 0.00GB/s
	Total MPI calls 2
	IO DATA: rchar 4555 wchar 6440 syscr 50 syscw 5 read_bytes 0 write_bytes 8192
	Process OS info: (pid 2336949 state R utime 994 stime 0 cutime 0 cstime 0 CPU usage 98)
	CPU temperature (celsius): socket 0: 62 socket 1: 73[0m
EAR[2336949](hratio_l30) at 2.60/1.47 in tcn273 MR[0] elapsed 1580 sec.: [32mLoop time: 1.006s DC Power: [35m500.2W[32m DRAM power: 0.00W PCK power: 433.60W
	avg. CPUFreq: 2.57GHz avg. IMCFreq: 1.47GHz Next Frequency 2.60
	CPI: 0.390 VPI: 0.00, Mem. bwidth: 0.11GB/s GFLOPS: 0.00 I/O: 0.01MB/s No MPI  
	TPI 0.02 Cache miss rates: L1 1.43GB/s L2 0.00GB/s L3 0.00GB/s
	Total MPI calls 2
	IO DATA: rchar 4555 wchar 6440 syscr 50 syscw 5 read_bytes 0 write_bytes 4096
	Process OS info: (pid 2336949 state R utime 993 stime 1 cutime 0 cstime 0 CPU usage 98)
	CPU temperature (celsius): socket 0: 62 socket 1: 73[0m
EAR[2336949](hratio_l30) at 2.60/1.47 in tcn273 MR[0] elapsed 1594 sec.: [32mLoop time: 1.007s DC Power: [35m444.4W[32m DRAM power: 0.00W PCK power: 433.43W
	avg. CPUFreq: 2.57GHz avg. IMCFreq: 1.47GHz Next Frequency 2.60
	CPI: 0.390 VPI: 0.00, Mem. bwidth: 0.11GB/s GFLOPS: 0.00 I/O: 0.01MB/s No MPI  
	TPI 0.02 Cache miss rates: L1 1.35GB/s L2 0.00GB/s L3 0.00GB/s
	Total MPI calls 2
	IO DATA: rchar 4555 wchar 6440 syscr 50 syscw 5 read_bytes 0 write_bytes 8192
	Process OS info: (pid 2336949 state R utime 993 stime 0 cutime 0 cstime 0 CPU usage 98)
	CPU temperature (celsius): socket 0: 62 socket 1: 73[0m
EAR[2336949](hratio_l30) at 2.60/1.47 in tcn273 MR[0] elapsed 1607 sec.: [32mLoop time: 1.013s DC Power: [35m497.1W[32m DRAM power: 0.00W PCK power: 433.52W
	avg. CPUFreq: 2.57GHz avg. IMCFreq: 1.47GHz Next Frequency 2.60
	CPI: 0.390 VPI: 0.00, Mem. bwidth: 0.09GB/s GFLOPS: 0.00 I/O: 0.01MB/s No MPI  
	TPI 0.02 Cache miss rates: L1 1.33GB/s L2 0.00GB/s L3 0.00GB/s
	Total MPI calls 2
	IO DATA: rchar 4555 wchar 6440 syscr 50 syscw 5 read_bytes 0 write_bytes 147456
	Process OS info: (pid 2336949 state R utime 1001 stime 1 cutime 0 cstime 0 CPU usage 98)
	CPU temperature (celsius): socket 0: 62 socket 1: 73[0m
EAR[2336949](hratio_l30) at 2.60/1.47 in tcn273 MR[0] elapsed 1621 sec.: [32mLoop time: 1.007s DC Power: [35m500.6W[32m DRAM power: 0.00W PCK power: 433.65W
	avg. CPUFreq: 2.57GHz avg. IMCFreq: 1.47GHz Next Frequency 2.60
	CPI: 0.390 VPI: 0.00, Mem. bwidth: 0.13GB/s GFLOPS: 0.00 I/O: 0.01MB/s No MPI  
	TPI 0.03 Cache miss rates: L1 1.44GB/s L2 0.00GB/s L3 0.00GB/s
	Total MPI calls 2
	IO DATA: rchar 4555 wchar 6440 syscr 50 syscw 5 read_bytes 0 write_bytes 8192
	Process OS info: (pid 2336949 state R utime 993 stime 1 cutime 0 cstime 0 CPU usage 98)
	CPU temperature (celsius): socket 0: 62 socket 1: 73[0m
EAR[2336949](hratio_l30) at 2.60/1.47 in tcn273 MR[0] elapsed 1634 sec.: [32mLoop time: 1.007s DC Power: [35m500.4W[32m DRAM power: 0.00W PCK power: 433.56W
	avg. CPUFreq: 2.57GHz avg. IMCFreq: 1.47GHz Next Frequency 2.60
	CPI: 0.390 VPI: 0.00, Mem. bwidth: 0.11GB/s GFLOPS: 0.00 I/O: 0.01MB/s No MPI  
	TPI 0.02 Cache miss rates: L1 1.33GB/s L2 0.00GB/s L3 0.00GB/s
	Total MPI calls 2
	IO DATA: rchar 4555 wchar 6440 syscr 50 syscw 5 read_bytes 0 write_bytes 12288
	Process OS info: (pid 2336949 state R utime 995 stime 1 cutime 0 cstime 0 CPU usage 98)
	CPU temperature (celsius): socket 0: 62 socket 1: 73[0m
EAR[2336949](hratio_l30) at 2.60/1.47 in tcn273 MR[0] elapsed 1648 sec.: [32mLoop time: 1.007s DC Power: [35m444.9W[32m DRAM power: 0.00W PCK power: 433.79W
	avg. CPUFreq: 2.57GHz avg. IMCFreq: 1.47GHz Next Frequency 2.60
	CPI: 0.390 VPI: 0.00, Mem. bwidth: 0.15GB/s GFLOPS: 0.00 I/O: 0.01MB/s No MPI  
	TPI 0.03 Cache miss rates: L1 1.44GB/s L2 0.00GB/s L3 0.00GB/s
	Total MPI calls 2
	IO DATA: rchar 4555 wchar 6440 syscr 50 syscw 5 read_bytes 0 write_bytes 8192
	Process OS info: (pid 2336949 state R utime 982 stime 0 cutime 0 cstime 0 CPU usage 97)
	CPU temperature (celsius): socket 0: 62 socket 1: 73[0m
EAR[2336949](hratio_l30) at 2.60/1.47 in tcn273 MR[0] elapsed 1661 sec.: [32mLoop time: 1.007s DC Power: [35m500.7W[32m DRAM power: 0.00W PCK power: 433.56W
	avg. CPUFreq: 2.57GHz avg. IMCFreq: 1.47GHz Next Frequency 2.60
	CPI: 0.390 VPI: 0.00, Mem. bwidth: 0.08GB/s GFLOPS: 0.00 I/O: 0.01MB/s No MPI  
	TPI 0.02 Cache miss rates: L1 1.34GB/s L2 0.00GB/s L3 0.00GB/s
	Total MPI calls 2
	IO DATA: rchar 4555 wchar 6440 syscr 50 syscw 5 read_bytes 0 write_bytes 12288
	Process OS info: (pid 2336949 state R utime 994 stime 0 cutime 0 cstime 0 CPU usage 98)
	CPU temperature (celsius): socket 0: 62 socket 1: 73[0m
EAR[2336949](hratio_l30) at 2.60/1.47 in tcn273 MR[0] elapsed 1674 sec.: [32mLoop time: 1.006s DC Power: [35m500.7W[32m DRAM power: 0.00W PCK power: 433.75W
	avg. CPUFreq: 2.57GHz avg. IMCFreq: 1.47GHz Next Frequency 2.60
	CPI: 0.390 VPI: 0.00, Mem. bwidth: 0.13GB/s GFLOPS: 0.00 I/O: 0.01MB/s No MPI  
	TPI 0.03 Cache miss rates: L1 1.44GB/s L2 0.00GB/s L3 0.00GB/s
	Total MPI calls 2
	IO DATA: rchar 4555 wchar 6440 syscr 50 syscw 5 read_bytes 0 write_bytes 4096
	Process OS info: (pid 2336949 state R utime 994 stime 0 cutime 0 cstime 0 CPU usage 98)
	CPU temperature (celsius): socket 0: 62 socket 1: 73[0m
EAR[2336949](hratio_l30) at 2.60/1.47 in tcn273 MR[0] elapsed 1688 sec.: [32mLoop time: 1.007s DC Power: [35m501.1W[32m DRAM power: 0.00W PCK power: 433.62W
	avg. CPUFreq: 2.57GHz avg. IMCFreq: 1.47GHz Next Frequency 2.60
	CPI: 0.390 VPI: 0.00, Mem. bwidth: 0.08GB/s GFLOPS: 0.00 I/O: 0.01MB/s No MPI  
	TPI 0.02 Cache miss rates: L1 1.35GB/s L2 0.00GB/s L3 0.00GB/s
	Total MPI calls 2
	IO DATA: rchar 4555 wchar 6440 syscr 50 syscw 5 read_bytes 0 write_bytes 4096
	Process OS info: (pid 2336949 state R utime 995 stime 0 cutime 0 cstime 0 CPU usage 98)
	CPU temperature (celsius): socket 0: 62 socket 1: 73[0m
EAR[2336949](hratio_l30) at 2.60/1.47 in tcn273 MR[0] elapsed 1701 sec.: [32mLoop time: 1.007s DC Power: [35m502.1W[32m DRAM power: 0.00W PCK power: 433.75W
	avg. CPUFreq: 2.57GHz avg. IMCFreq: 1.47GHz Next Frequency 2.60
	CPI: 0.390 VPI: 0.00, Mem. bwidth: 0.12GB/s GFLOPS: 0.00 I/O: 0.01MB/s No MPI  
	TPI 0.02 Cache miss rates: L1 1.34GB/s L2 0.00GB/s L3 0.00GB/s
	Total MPI calls 2
	IO DATA: rchar 4555 wchar 6440 syscr 50 syscw 5 read_bytes 0 write_bytes 8192
	Process OS info: (pid 2336949 state R utime 994 stime 0 cutime 0 cstime 0 CPU usage 98)
	CPU temperature (celsius): socket 0: 62 socket 1: 73[0m
EAR[2336949](hratio_l30) at 2.60/1.47 in tcn273 MR[0] elapsed 1715 sec.: [32mLoop time: 1.007s DC Power: [35m502.3W[32m DRAM power: 0.00W PCK power: 433.53W
	avg. CPUFreq: 2.57GHz avg. IMCFreq: 1.47GHz Next Frequency 2.60
	CPI: 0.390 VPI: 0.00, Mem. bwidth: 0.10GB/s GFLOPS: 0.00 I/O: 0.01MB/s No MPI  
	TPI 0.02 Cache miss rates: L1 1.45GB/s L2 0.00GB/s L3 0.00GB/s
	Total MPI calls 2
	IO DATA: rchar 4555 wchar 6440 syscr 50 syscw 5 read_bytes 0 write_bytes 8192
	Process OS info: (pid 2336949 state R utime 995 stime 1 cutime 0 cstime 0 CPU usage 98)
	CPU temperature (celsius): socket 0: 62 socket 1: 73[0m
EAR[2336949](hratio_l30) at 2.60/1.47 in tcn273 MR[0] elapsed 1728 sec.: [32mLoop time: 1.007s DC Power: [35m501.4W[32m DRAM power: 0.00W PCK power: 433.38W
	avg. CPUFreq: 2.57GHz avg. IMCFreq: 1.47GHz Next Frequency 2.60
	CPI: 0.390 VPI: 0.00, Mem. bwidth: 0.09GB/s GFLOPS: 0.00 I/O: 0.01MB/s No MPI  
	TPI 0.02 Cache miss rates: L1 1.34GB/s L2 0.00GB/s L3 0.00GB/s
	Total MPI calls 2
	IO DATA: rchar 4555 wchar 6440 syscr 50 syscw 5 read_bytes 0 write_bytes 16384
	Process OS info: (pid 2336949 state R utime 989 stime 1 cutime 0 cstime 0 CPU usage 98)
	CPU temperature (celsius): socket 0: 62 socket 1: 73[0m
EAR[2336949](hratio_l30) at 2.60/1.47 in tcn273 MR[0] elapsed 1743 sec.: [32mLoop time: 1.007s DC Power: [35m500.5W[32m DRAM power: 0.00W PCK power: 433.67W
	avg. CPUFreq: 2.57GHz avg. IMCFreq: 1.47GHz Next Frequency 2.60
	CPI: 0.390 VPI: 0.00, Mem. bwidth: 0.14GB/s GFLOPS: 0.00 I/O: 0.01MB/s No MPI  
	TPI 0.03 Cache miss rates: L1 1.44GB/s L2 0.00GB/s L3 0.00GB/s
	Total MPI calls 2
	IO DATA: rchar 4555 wchar 6440 syscr 50 syscw 5 read_bytes 0 write_bytes 4096
	Process OS info: (pid 2336949 state R utime 995 stime 0 cutime 0 cstime 0 CPU usage 98)
	CPU temperature (celsius): socket 0: 62 socket 1: 73[0m
EAR[2336949](hratio_l30) at 2.60/1.47 in tcn273 MR[0] elapsed 1756 sec.: [32mLoop time: 1.007s DC Power: [35m500.6W[32m DRAM power: 0.00W PCK power: 433.77W
	avg. CPUFreq: 2.57GHz avg. IMCFreq: 1.47GHz Next Frequency 2.60
	CPI: 0.389 VPI: 0.00, Mem. bwidth: 0.14GB/s GFLOPS: 0.00 I/O: 0.00MB/s No MPI  
	TPI 0.03 Cache miss rates: L1 1.45GB/s L2 0.00GB/s L3 0.00GB/s
	Total MPI calls 2
	IO DATA: rchar 4555 wchar 6440 syscr 50 syscw 5 read_bytes 0 write_bytes 4096
	Process OS info: (pid 2336949 state R utime 994 stime 0 cutime 0 cstime 0 CPU usage 98)
	CPU temperature (celsius): socket 0: 62 socket 1: 73[0m
EAR[2336949](hratio_l30) at 2.60/1.47 in tcn273 MR[0] elapsed 1769 sec.: [32mLoop time: 1.007s DC Power: [35m444.8W[32m DRAM power: 0.00W PCK power: 433.97W
	avg. CPUFreq: 2.57GHz avg. IMCFreq: 1.47GHz Next Frequency 2.60
	CPI: 0.389 VPI: 0.00, Mem. bwidth: 0.15GB/s GFLOPS: 0.00 I/O: 0.01MB/s No MPI  
	TPI 0.03 Cache miss rates: L1 1.43GB/s L2 0.00GB/s L3 0.00GB/s
	Total MPI calls 2
	IO DATA: rchar 4555 wchar 6440 syscr 50 syscw 5 read_bytes 0 write_bytes 8192
	Process OS info: (pid 2336949 state R utime 982 stime 1 cutime 0 cstime 0 CPU usage 97)
	CPU temperature (celsius): socket 0: 62 socket 1: 73[0m
EAR[2336949](hratio_l30) at 2.60/1.47 in tcn273 MR[0] elapsed 1783 sec.: [32mLoop time: 1.007s DC Power: [35m500.6W[32m DRAM power: 0.00W PCK power: 434.05W
	avg. CPUFreq: 2.57GHz avg. IMCFreq: 1.47GHz Next Frequency 2.60
	CPI: 0.389 VPI: 0.00, Mem. bwidth: 0.08GB/s GFLOPS: 0.00 I/O: 0.01MB/s No MPI  
	TPI 0.02 Cache miss rates: L1 1.35GB/s L2 0.00GB/s L3 0.00GB/s
	Total MPI calls 2
	IO DATA: rchar 4555 wchar 6440 syscr 50 syscw 5 read_bytes 0 write_bytes 4096
	Process OS info: (pid 2336949 state R utime 994 stime 0 cutime 0 cstime 0 CPU usage 98)
	CPU temperature (celsius): socket 0: 62 socket 1: 73[0m
EAR[2336949](hratio_l30) at 2.60/1.47 in tcn273 MR[0] elapsed 1796 sec.: [32mLoop time: 1.007s DC Power: [35m500.5W[32m DRAM power: 0.00W PCK power: 434.19W
	avg. CPUFreq: 2.57GHz avg. IMCFreq: 1.47GHz Next Frequency 2.60
	CPI: 0.389 VPI: 0.00, Mem. bwidth: 0.15GB/s GFLOPS: 0.00 I/O: 0.01MB/s No MPI  
	TPI 0.03 Cache miss rates: L1 1.34GB/s L2 0.00GB/s L3 0.00GB/s
	Total MPI calls 2
	IO DATA: rchar 4555 wchar 6440 syscr 50 syscw 5 read_bytes 0 write_bytes 143360
	Process OS info: (pid 2336949 state R utime 994 stime 0 cutime 0 cstime 0 CPU usage 98)
	CPU temperature (celsius): socket 0: 62 socket 1: 73[0m
EAR[2336949](hratio_l30) at 2.60/1.47 in tcn273 MR[0] elapsed 1810 sec.: [32mLoop time: 1.007s DC Power: [35m500.6W[32m DRAM power: 0.00W PCK power: 434.07W
	avg. CPUFreq: 2.57GHz avg. IMCFreq: 1.47GHz Next Frequency 2.60
	CPI: 0.389 VPI: 0.00, Mem. bwidth: 0.10GB/s GFLOPS: 0.00 I/O: 0.01MB/s No MPI  
	TPI 0.02 Cache miss rates: L1 1.44GB/s L2 0.00GB/s L3 0.00GB/s
	Total MPI calls 2
	IO DATA: rchar 4555 wchar 6440 syscr 50 syscw 5 read_bytes 0 write_bytes 4096
	Process OS info: (pid 2336949 state R utime 994 stime 0 cutime 0 cstime 0 CPU usage 98)
	CPU temperature (celsius): socket 0: 62 socket 1: 73[0m
EAR[2336949](hratio_l30) at 2.60/1.47 in tcn273 MR[0] elapsed 1823 sec.: [32mLoop time: 1.007s DC Power: [35m500.4W[32m DRAM power: 0.00W PCK power: 434.21W
	avg. CPUFreq: 2.57GHz avg. IMCFreq: 1.47GHz Next Frequency 2.60
	CPI: 0.389 VPI: 0.00, Mem. bwidth: 0.14GB/s GFLOPS: 0.00 I/O: 0.01MB/s No MPI  
	TPI 0.03 Cache miss rates: L1 1.34GB/s L2 0.00GB/s L3 0.00GB/s
	Total MPI calls 2
	IO DATA: rchar 4555 wchar 6440 syscr 50 syscw 5 read_bytes 0 write_bytes 12288
	Process OS info: (pid 2336949 state R utime 994 stime 0 cutime 0 cstime 0 CPU usage 98)
	CPU temperature (celsius): socket 0: 62 socket 1: 73[0m
EAR[2336949](hratio_l30) at 2.60/1.47 in tcn273 MR[0] elapsed 1837 sec.: [32mLoop time: 1.007s DC Power: [35m500.4W[32m DRAM power: 0.00W PCK power: 434.23W
	avg. CPUFreq: 2.57GHz avg. IMCFreq: 1.47GHz Next Frequency 2.60
	CPI: 0.389 VPI: 0.00, Mem. bwidth: 0.08GB/s GFLOPS: 0.00 I/O: 0.01MB/s No MPI  
	TPI 0.02 Cache miss rates: L1 1.42GB/s L2 0.00GB/s L3 0.00GB/s
	Total MPI calls 2
	IO DATA: rchar 4555 wchar 6440 syscr 50 syscw 5 read_bytes 0 write_bytes 8192
	Process OS info: (pid 2336949 state R utime 994 stime 0 cutime 0 cstime 0 CPU usage 98)
	CPU temperature (celsius): socket 0: 62 socket 1: 73[0m
EAR[2336949](hratio_l30) at 2.60/1.47 in tcn273 MR[0] elapsed 1850 sec.: [32mLoop time: 1.007s DC Power: [35m501.0W[32m DRAM power: 0.00W PCK power: 434.24W
	avg. CPUFreq: 2.57GHz avg. IMCFreq: 1.47GHz Next Frequency 2.60
	CPI: 0.389 VPI: 0.00, Mem. bwidth: 0.11GB/s GFLOPS: 0.00 I/O: 0.01MB/s No MPI  
	TPI 0.02 Cache miss rates: L1 1.35GB/s L2 0.00GB/s L3 0.00GB/s
	Total MPI calls 2
	IO DATA: rchar 4555 wchar 6440 syscr 50 syscw 5 read_bytes 0 write_bytes 8192
	Process OS info: (pid 2336949 state R utime 993 stime 1 cutime 0 cstime 0 CPU usage 98)
	CPU temperature (celsius): socket 0: 62 socket 1: 73[0m
EAR[2336949](hratio_l30) at 2.60/1.47 in tcn273 MR[0] elapsed 1863 sec.: [32mLoop time: 1.007s DC Power: [35m501.9W[32m DRAM power: 0.00W PCK power: 434.15W
	avg. CPUFreq: 2.57GHz avg. IMCFreq: 1.47GHz Next Frequency 2.60
	CPI: 0.389 VPI: 0.00, Mem. bwidth: 0.11GB/s GFLOPS: 0.00 I/O: 0.01MB/s No MPI  
	TPI 0.02 Cache miss rates: L1 1.34GB/s L2 0.00GB/s L3 0.00GB/s
	Total MPI calls 2
	IO DATA: rchar 4555 wchar 6440 syscr 50 syscw 5 read_bytes 0 write_bytes 4096
	Process OS info: (pid 2336949 state R utime 994 stime 0 cutime 0 cstime 0 CPU usage 98)
	CPU temperature (celsius): socket 0: 63 socket 1: 73[0m
EAR[2336949](hratio_l30) at 2.60/1.47 in tcn273 MR[0] elapsed 1877 sec.: [32mLoop time: 1.006s DC Power: [35m502.6W[32m DRAM power: 0.00W PCK power: 434.28W
	avg. CPUFreq: 2.57GHz avg. IMCFreq: 1.47GHz Next Frequency 2.60
	CPI: 0.389 VPI: 0.00, Mem. bwidth: 0.10GB/s GFLOPS: 0.00 I/O: 0.01MB/s No MPI  
	TPI 0.02 Cache miss rates: L1 1.44GB/s L2 0.00GB/s L3 0.00GB/s
	Total MPI calls 2
	IO DATA: rchar 4555 wchar 6440 syscr 50 syscw 5 read_bytes 0 write_bytes 4096
	Process OS info: (pid 2336949 state R utime 994 stime 0 cutime 0 cstime 0 CPU usage 98)
	CPU temperature (celsius): socket 0: 62 socket 1: 73[0m
EAR[2336949](hratio_l30) at 2.60/1.47 in tcn273 MR[0] elapsed 1890 sec.: [32mLoop time: 1.007s DC Power: [35m446.9W[32m DRAM power: 0.00W PCK power: 434.14W
	avg. CPUFreq: 2.57GHz avg. IMCFreq: 1.47GHz Next Frequency 2.60
	CPI: 0.389 VPI: 0.00, Mem. bwidth: 0.13GB/s GFLOPS: 0.00 I/O: 0.01MB/s No MPI  
	TPI 0.03 Cache miss rates: L1 1.34GB/s L2 0.00GB/s L3 0.00GB/s
	Total MPI calls 2
	IO DATA: rchar 4555 wchar 6440 syscr 50 syscw 5 read_bytes 0 write_bytes 12288
	Process OS info: (pid 2336949 state R utime 981 stime 0 cutime 0 cstime 0 CPU usage 97)
	CPU temperature (celsius): socket 0: 62 socket 1: 73[0m
EAR[2336949](hratio_l30) at 2.60/1.47 in tcn273 MR[0] elapsed 1904 sec.: [32mLoop time: 1.007s DC Power: [35m502.0W[32m DRAM power: 0.00W PCK power: 434.09W
	avg. CPUFreq: 2.57GHz avg. IMCFreq: 1.47GHz Next Frequency 2.60
	CPI: 0.389 VPI: 0.00, Mem. bwidth: 0.09GB/s GFLOPS: 0.00 I/O: 0.01MB/s No MPI  
	TPI 0.02 Cache miss rates: L1 1.44GB/s L2 0.00GB/s L3 0.00GB/s
	Total MPI calls 2
	IO DATA: rchar 4555 wchar 6440 syscr 50 syscw 5 read_bytes 0 write_bytes 4096
	Process OS info: (pid 2336949 state R utime 994 stime 1 cutime 0 cstime 0 CPU usage 98)
	CPU temperature (celsius): socket 0: 62 socket 1: 73[0m
EAR[2336949](hratio_l30) at 2.60/1.47 in tcn273 MR[0] elapsed 1917 sec.: [32mLoop time: 1.007s DC Power: [35m501.3W[32m DRAM power: 0.00W PCK power: 434.28W
	avg. CPUFreq: 2.57GHz avg. IMCFreq: 1.47GHz Next Frequency 2.60
	CPI: 0.389 VPI: 0.00, Mem. bwidth: 0.15GB/s GFLOPS: 0.00 I/O: 0.01MB/s No MPI  
	TPI 0.03 Cache miss rates: L1 1.33GB/s L2 0.00GB/s L3 0.00GB/s
	Total MPI calls 2
	IO DATA: rchar 4555 wchar 6440 syscr 50 syscw 5 read_bytes 0 write_bytes 20480
	Process OS info: (pid 2336949 state R utime 993 stime 0 cutime 0 cstime 0 CPU usage 98)
	CPU temperature (celsius): socket 0: 62 socket 1: 73[0m
EAR[2336949](hratio_l30) at 2.60/1.47 in tcn273 MR[0] elapsed 1931 sec.: [32mLoop time: 1.007s DC Power: [35m500.7W[32m DRAM power: 0.00W PCK power: 434.07W
	avg. CPUFreq: 2.57GHz avg. IMCFreq: 1.47GHz Next Frequency 2.60
	CPI: 0.389 VPI: 0.00, Mem. bwidth: 0.10GB/s GFLOPS: 0.00 I/O: 0.01MB/s No MPI  
	TPI 0.02 Cache miss rates: L1 1.43GB/s L2 0.00GB/s L3 0.00GB/s
	Total MPI calls 2
	IO DATA: rchar 4555 wchar 6440 syscr 50 syscw 5 read_bytes 0 write_bytes 4096
	Process OS info: (pid 2336949 state R utime 994 stime 0 cutime 0 cstime 0 CPU usage 98)
	CPU temperature (celsius): socket 0: 62 socket 1: 73[0m
EAR[2336949](hratio_l30) at 2.60/1.47 in tcn273 MR[0] elapsed 1944 sec.: [32mLoop time: 1.007s DC Power: [35m500.6W[32m DRAM power: 0.00W PCK power: 434.20W
	avg. CPUFreq: 2.57GHz avg. IMCFreq: 1.47GHz Next Frequency 2.60
	CPI: 0.389 VPI: 0.00, Mem. bwidth: 0.13GB/s GFLOPS: 0.00 I/O: 0.01MB/s No MPI  
	TPI 0.03 Cache miss rates: L1 1.35GB/s L2 0.00GB/s L3 0.00GB/s
	Total MPI calls 2
	IO DATA: rchar 4555 wchar 6440 syscr 50 syscw 5 read_bytes 0 write_bytes 8192
	Process OS info: (pid 2336949 state R utime 994 stime 0 cutime 0 cstime 0 CPU usage 98)
	CPU temperature (celsius): socket 0: 62 socket 1: 73[0m
EAR[2336949](hratio_l30) at 2.60/1.47 in tcn273 MR[0] elapsed 1957 sec.: [32mLoop time: 1.007s DC Power: [35m500.7W[32m DRAM power: 0.00W PCK power: 434.19W
	avg. CPUFreq: 2.57GHz avg. IMCFreq: 1.47GHz Next Frequency 2.60
	CPI: 0.389 VPI: 0.00, Mem. bwidth: 0.07GB/s GFLOPS: 0.00 I/O: 0.01MB/s No MPI  
	TPI 0.01 Cache miss rates: L1 1.34GB/s L2 0.00GB/s L3 0.00GB/s
	Total MPI calls 2
	IO DATA: rchar 4555 wchar 6440 syscr 50 syscw 5 read_bytes 0 write_bytes 8192
	Process OS info: (pid 2336949 state R utime 995 stime 0 cutime 0 cstime 0 CPU usage 98)
	CPU temperature (celsius): socket 0: 62 socket 1: 73[0m
EAR[2336949](hratio_l30) at 2.60/1.47 in tcn273 MR[0] elapsed 1971 sec.: [32mLoop time: 1.007s DC Power: [35m500.6W[32m DRAM power: 0.00W PCK power: 434.27W
	avg. CPUFreq: 2.57GHz avg. IMCFreq: 1.47GHz Next Frequency 2.60
	CPI: 0.389 VPI: 0.00, Mem. bwidth: 0.12GB/s GFLOPS: 0.00 I/O: 0.01MB/s No MPI  
	TPI 0.02 Cache miss rates: L1 1.44GB/s L2 0.00GB/s L3 0.00GB/s
	Total MPI calls 2
	IO DATA: rchar 4555 wchar 6440 syscr 50 syscw 5 read_bytes 0 write_bytes 12288
	Process OS info: (pid 2336949 state R utime 994 stime 0 cutime 0 cstime 0 CPU usage 98)
	CPU temperature (celsius): socket 0: 62 socket 1: 73[0m
EAR[2336949](hratio_l30) at 2.60/1.47 in tcn273 MR[0] elapsed 1984 sec.: [32mLoop time: 1.007s DC Power: [35m444.9W[32m DRAM power: 0.00W PCK power: 434.04W
	avg. CPUFreq: 2.57GHz avg. IMCFreq: 1.47GHz Next Frequency 2.60
	CPI: 0.389 VPI: 0.00, Mem. bwidth: 0.11GB/s GFLOPS: 0.00 I/O: 0.01MB/s No MPI  
	TPI 0.02 Cache miss rates: L1 1.34GB/s L2 0.00GB/s L3 0.00GB/s
	Total MPI calls 2
	IO DATA: rchar 4555 wchar 6440 syscr 50 syscw 5 read_bytes 0 write_bytes 8192
	Process OS info: (pid 2336949 state R utime 994 stime 0 cutime 0 cstime 0 CPU usage 98)
	CPU temperature (celsius): socket 0: 62 socket 1: 73[0m
EAR[2336949](hratio_l30) at 2.60/1.47 in tcn273 MR[0] elapsed 1998 sec.: [32mLoop time: 1.007s DC Power: [35m445.0W[32m DRAM power: 0.00W PCK power: 434.05W
	avg. CPUFreq: 2.57GHz avg. IMCFreq: 1.47GHz Next Frequency 2.60
	CPI: 0.389 VPI: 0.00, Mem. bwidth: 0.12GB/s GFLOPS: 0.00 I/O: 0.01MB/s No MPI  
	TPI 0.02 Cache miss rates: L1 1.43GB/s L2 0.00GB/s L3 0.00GB/s
	Total MPI calls 2
	IO DATA: rchar 4555 wchar 6440 syscr 50 syscw 5 read_bytes 0 write_bytes 4096
	Process OS info: (pid 2336949 state R utime 994 stime 1 cutime 0 cstime 0 CPU usage 98)
	CPU temperature (celsius): socket 0: 62 socket 1: 73[0m
EAR[2336949](hratio_l30) at 2.60/1.47 in tcn273 MR[0] elapsed 2011 sec.: [32mLoop time: 1.007s DC Power: [35m389.4W[32m DRAM power: 0.00W PCK power: 434.01W
	avg. CPUFreq: 2.57GHz avg. IMCFreq: 1.47GHz Next Frequency 2.60
	CPI: 0.389 VPI: 0.00, Mem. bwidth: 0.14GB/s GFLOPS: 0.00 I/O: 0.01MB/s No MPI  
	TPI 0.03 Cache miss rates: L1 1.34GB/s L2 0.00GB/s L3 0.00GB/s
	Total MPI calls 2
	IO DATA: rchar 4555 wchar 6440 syscr 50 syscw 5 read_bytes 0 write_bytes 147456
	Process OS info: (pid 2336949 state R utime 981 stime 0 cutime 0 cstime 0 CPU usage 97)
	CPU temperature (celsius): socket 0: 62 socket 1: 73[0m
EAR[2336949](hratio_l30) at 2.60/1.47 in tcn273 MR[0] elapsed 2025 sec.: [32mLoop time: 1.007s DC Power: [35m445.7W[32m DRAM power: 0.00W PCK power: 434.05W
	avg. CPUFreq: 2.57GHz avg. IMCFreq: 1.47GHz Next Frequency 2.60
	CPI: 0.389 VPI: 0.00, Mem. bwidth: 0.09GB/s GFLOPS: 0.00 I/O: 0.01MB/s No MPI  
	TPI 0.02 Cache miss rates: L1 1.43GB/s L2 0.00GB/s L3 0.00GB/s
	Total MPI calls 2
	IO DATA: rchar 4555 wchar 6440 syscr 50 syscw 5 read_bytes 0 write_bytes 4096
	Process OS info: (pid 2336949 state R utime 994 stime 0 cutime 0 cstime 0 CPU usage 98)
	CPU temperature (celsius): socket 0: 62 socket 1: 73[0m
EAR[2336949](hratio_l30) at 2.60/1.47 in tcn273 MR[0] elapsed 2038 sec.: [32mLoop time: 1.007s DC Power: [35m446.1W[32m DRAM power: 0.00W PCK power: 434.27W
	avg. CPUFreq: 2.57GHz avg. IMCFreq: 1.47GHz Next Frequency 2.60
	CPI: 0.389 VPI: 0.00, Mem. bwidth: 0.15GB/s GFLOPS: 0.00 I/O: 0.01MB/s No MPI  
	TPI 0.03 Cache miss rates: L1 1.35GB/s L2 0.00GB/s L3 0.00GB/s
	Total MPI calls 2
	IO DATA: rchar 4555 wchar 6440 syscr 50 syscw 5 read_bytes 0 write_bytes 12288
	Process OS info: (pid 2336949 state R utime 994 stime 0 cutime 0 cstime 0 CPU usage 98)
	CPU temperature (celsius): socket 0: 62 socket 1: 73[0m
EAR[2336949](hratio_l30) at 2.60/1.47 in tcn273 MR[0] elapsed 2051 sec.: [32mLoop time: 1.006s DC Power: [35m446.7W[32m DRAM power: 0.00W PCK power: 434.04W
	avg. CPUFreq: 2.57GHz avg. IMCFreq: 1.47GHz Next Frequency 2.60
	CPI: 0.389 VPI: 0.00, Mem. bwidth: 0.10GB/s GFLOPS: 0.00 I/O: 0.01MB/s No MPI  
	TPI 0.02 Cache miss rates: L1 1.34GB/s L2 0.00GB/s L3 0.00GB/s
	Total MPI calls 2
	IO DATA: rchar 4555 wchar 6440 syscr 50 syscw 5 read_bytes 0 write_bytes 8192
	Process OS info: (pid 2336949 state R utime 993 stime 0 cutime 0 cstime 0 CPU usage 98)
	CPU temperature (celsius): socket 0: 62 socket 1: 73[0m
EAR[2336949](hratio_l30) at 2.60/1.47 in tcn273 MR[0] elapsed 2065 sec.: [32mLoop time: 1.006s DC Power: [35m446.8W[32m DRAM power: 0.00W PCK power: 434.09W
	avg. CPUFreq: 2.57GHz avg. IMCFreq: 1.47GHz Next Frequency 2.60
	CPI: 0.389 VPI: 0.00, Mem. bwidth: 0.13GB/s GFLOPS: 0.00 I/O: 0.01MB/s No MPI  
	TPI 0.03 Cache miss rates: L1 1.45GB/s L2 0.00GB/s L3 0.00GB/s
	Total MPI calls 2
	IO DATA: rchar 4555 wchar 6440 syscr 50 syscw 5 read_bytes 0 write_bytes 8192
	Process OS info: (pid 2336949 state R utime 994 stime 0 cutime 0 cstime 0 CPU usage 98)
	CPU temperature (celsius): socket 0: 62 socket 1: 73[0m
EAR[2336949](hratio_l30) at 2.60/1.47 in tcn273 MR[0] elapsed 2078 sec.: [32mLoop time: 1.007s DC Power: [35m501.6W[32m DRAM power: 0.00W PCK power: 434.15W
	avg. CPUFreq: 2.57GHz avg. IMCFreq: 1.47GHz Next Frequency 2.60
	CPI: 0.389 VPI: 0.00, Mem. bwidth: 0.08GB/s GFLOPS: 0.00 I/O: 0.01MB/s No MPI  
	TPI 0.02 Cache miss rates: L1 1.34GB/s L2 0.00GB/s L3 0.00GB/s
	Total MPI calls 2
	IO DATA: rchar 4555 wchar 6440 syscr 50 syscw 5 read_bytes 0 write_bytes 4096
	Process OS info: (pid 2336949 state R utime 994 stime 0 cutime 0 cstime 0 CPU usage 98)
	CPU temperature (celsius): socket 0: 62 socket 1: 73[0m
EAR[2336949](hratio_l30) at 2.60/1.47 in tcn273 MR[0] elapsed 2092 sec.: [32mLoop time: 1.012s DC Power: [35m498.0W[32m DRAM power: 0.00W PCK power: 434.55W
	avg. CPUFreq: 2.57GHz avg. IMCFreq: 1.47GHz Next Frequency 2.60
	CPI: 0.388 VPI: 0.00, Mem. bwidth: 0.11GB/s GFLOPS: 0.00 I/O: 0.01MB/s No MPI  
	TPI 0.02 Cache miss rates: L1 1.43GB/s L2 0.00GB/s L3 0.00GB/s
	Total MPI calls 2
	IO DATA: rchar 4555 wchar 6440 syscr 50 syscw 5 read_bytes 0 write_bytes 8192
	Process OS info: (pid 2336949 state R utime 994 stime 0 cutime 0 cstime 0 CPU usage 98)
	CPU temperature (celsius): socket 0: 62 socket 1: 73[0m
EAR[2336949](hratio_l30) at 2.60/1.47 in tcn273 MR[0] elapsed 2105 sec.: [32mLoop time: 1.007s DC Power: [35m500.8W[32m DRAM power: 0.00W PCK power: 434.51W
	avg. CPUFreq: 2.57GHz avg. IMCFreq: 1.47GHz Next Frequency 2.60
	CPI: 0.388 VPI: 0.00, Mem. bwidth: 0.11GB/s GFLOPS: 0.00 I/O: 0.01MB/s No MPI  
	TPI 0.02 Cache miss rates: L1 1.35GB/s L2 0.00GB/s L3 0.00GB/s
	Total MPI calls 2
	IO DATA: rchar 4555 wchar 6440 syscr 50 syscw 5 read_bytes 0 write_bytes 12288
	Process OS info: (pid 2336949 state R utime 994 stime 0 cutime 0 cstime 0 CPU usage 98)
	CPU temperature (celsius): socket 0: 62 socket 1: 73[0m
EAR[2336949](hratio_l30) at 2.60/1.47 in tcn273 MR[0] elapsed 2119 sec.: [32mLoop time: 1.007s DC Power: [35m501.4W[32m DRAM power: 0.00W PCK power: 434.47W
	avg. CPUFreq: 2.57GHz avg. IMCFreq: 1.47GHz Next Frequency 2.60
	CPI: 0.388 VPI: 0.00, Mem. bwidth: 0.09GB/s GFLOPS: 0.00 I/O: 0.01MB/s No MPI  
	TPI 0.02 Cache miss rates: L1 1.43GB/s L2 0.00GB/s L3 0.00GB/s
	Total MPI calls 2
	IO DATA: rchar 4555 wchar 6440 syscr 50 syscw 5 read_bytes 0 write_bytes 4096
	Process OS info: (pid 2336949 state R utime 995 stime 0 cutime 0 cstime 0 CPU usage 98)
	CPU temperature (celsius): socket 0: 62 socket 1: 73[0m
EAR[2336949](hratio_l30) at 2.60/1.47 in tcn273 MR[0] elapsed 2132 sec.: [32mLoop time: 1.007s DC Power: [35m445.6W[32m DRAM power: 0.00W PCK power: 434.52W
	avg. CPUFreq: 2.57GHz avg. IMCFreq: 1.47GHz Next Frequency 2.60
	CPI: 0.388 VPI: 0.00, Mem. bwidth: 0.14GB/s GFLOPS: 0.00 I/O: 0.01MB/s No MPI  
	TPI 0.03 Cache miss rates: L1 1.34GB/s L2 0.00GB/s L3 0.00GB/s
	Total MPI calls 2
	IO DATA: rchar 4555 wchar 6440 syscr 50 syscw 5 read_bytes 0 write_bytes 16384
	Process OS info: (pid 2336949 state R utime 981 stime 0 cutime 0 cstime 0 CPU usage 97)
	CPU temperature (celsius): socket 0: 62 socket 1: 73[0m
EAR[2336949](hratio_l30) at 2.60/1.47 in tcn273 MR[0] elapsed 2145 sec.: [32mLoop time: 1.006s DC Power: [35m501.1W[32m DRAM power: 0.00W PCK power: 434.54W
	avg. CPUFreq: 2.57GHz avg. IMCFreq: 1.47GHz Next Frequency 2.60
	CPI: 0.388 VPI: 0.00, Mem. bwidth: 0.10GB/s GFLOPS: 0.00 I/O: 0.01MB/s No MPI  
	TPI 0.02 Cache miss rates: L1 1.34GB/s L2 0.00GB/s L3 0.00GB/s
	Total MPI calls 2
	IO DATA: rchar 4555 wchar 6440 syscr 50 syscw 5 read_bytes 0 write_bytes 8192
	Process OS info: (pid 2336949 state R utime 994 stime 0 cutime 0 cstime 0 CPU usage 98)
	CPU temperature (celsius): socket 0: 62 socket 1: 73[0m
EAR[2336949](hratio_l30) at 2.60/1.47 in tcn273 MR[0] elapsed 2159 sec.: [32mLoop time: 1.007s DC Power: [35m501.5W[32m DRAM power: 0.00W PCK power: 434.79W
	avg. CPUFreq: 2.57GHz avg. IMCFreq: 1.47GHz Next Frequency 2.60
	CPI: 0.388 VPI: 0.00, Mem. bwidth: 0.14GB/s GFLOPS: 0.00 I/O: 0.01MB/s No MPI  
	TPI 0.03 Cache miss rates: L1 1.44GB/s L2 0.00GB/s L3 0.00GB/s
	Total MPI calls 2
	IO DATA: rchar 4555 wchar 6440 syscr 50 syscw 5 read_bytes 0 write_bytes 12288
	Process OS info: (pid 2336949 state R utime 980 stime 0 cutime 0 cstime 0 CPU usage 97)
	CPU temperature (celsius): socket 0: 62 socket 1: 73[0m
EAR[2336949](hratio_l30) at 2.60/1.47 in tcn273 MR[0] elapsed 2172 sec.: [32mLoop time: 1.007s DC Power: [35m501.3W[32m DRAM power: 0.00W PCK power: 434.49W
	avg. CPUFreq: 2.57GHz avg. IMCFreq: 1.47GHz Next Frequency 2.60
	CPI: 0.388 VPI: 0.00, Mem. bwidth: 0.08GB/s GFLOPS: 0.00 I/O: 0.01MB/s No MPI  
	TPI 0.02 Cache miss rates: L1 1.34GB/s L2 0.00GB/s L3 0.00GB/s
	Total MPI calls 2
	IO DATA: rchar 4555 wchar 6440 syscr 50 syscw 5 read_bytes 0 write_bytes 8192
	Process OS info: (pid 2336949 state R utime 995 stime 0 cutime 0 cstime 0 CPU usage 98)
	CPU temperature (celsius): socket 0: 62 socket 1: 73[0m
EAR[2336949](hratio_l30) at 2.60/1.47 in tcn273 MR[0] elapsed 2186 sec.: [32mLoop time: 1.006s DC Power: [35m446.0W[32m DRAM power: 0.00W PCK power: 434.66W
	avg. CPUFreq: 2.57GHz avg. IMCFreq: 1.47GHz Next Frequency 2.60
	CPI: 0.388 VPI: 0.00, Mem. bwidth: 0.14GB/s GFLOPS: 0.00 I/O: 0.01MB/s No MPI  
	TPI 0.03 Cache miss rates: L1 1.43GB/s L2 0.00GB/s L3 0.00GB/s
	Total MPI calls 2
	IO DATA: rchar 4555 wchar 6440 syscr 50 syscw 5 read_bytes 0 write_bytes 8192
	Process OS info: (pid 2336949 state R utime 994 stime 0 cutime 0 cstime 0 CPU usage 98)
	CPU temperature (celsius): socket 0: 62 socket 1: 73[0m
EAR[2336949](hratio_l30) at 2.60/1.47 in tcn273 MR[0] elapsed 2199 sec.: [32mLoop time: 1.007s DC Power: [35m501.5W[32m DRAM power: 0.00W PCK power: 434.36W
	avg. CPUFreq: 2.57GHz avg. IMCFreq: 1.47GHz Next Frequency 2.60
	CPI: 0.388 VPI: 0.00, Mem. bwidth: 0.23GB/s GFLOPS: 0.00 I/O: 0.01MB/s No MPI  
	TPI 0.05 Cache miss rates: L1 1.34GB/s L2 0.00GB/s L3 0.00GB/s
	Total MPI calls 2
	IO DATA: rchar 4555 wchar 6440 syscr 50 syscw 5 read_bytes 0 write_bytes 8192
	Process OS info: (pid 2336949 state R utime 987 stime 1 cutime 0 cstime 0 CPU usage 98)
	CPU temperature (celsius): socket 0: 62 socket 1: 73[0m
EAR[2336949](hratio_l30) at 2.60/1.47 in tcn273 MR[0] elapsed 2212 sec.: [32mLoop time: 1.007s DC Power: [35m502.3W[32m DRAM power: 0.00W PCK power: 434.44W
	avg. CPUFreq: 2.57GHz avg. IMCFreq: 1.47GHz Next Frequency 2.60
	CPI: 0.388 VPI: 0.00, Mem. bwidth: 0.36GB/s GFLOPS: 0.00 I/O: 0.01MB/s No MPI  
	TPI 0.07 Cache miss rates: L1 1.33GB/s L2 0.00GB/s L3 0.00GB/s
	Total MPI calls 2
	IO DATA: rchar 4555 wchar 6440 syscr 50 syscw 5 read_bytes 0 write_bytes 8192
	Process OS info: (pid 2336949 state R utime 982 stime 0 cutime 0 cstime 0 CPU usage 97)
	CPU temperature (celsius): socket 0: 62 socket 1: 73[0m
EAR[2336949](hratio_l30) at 2.60/1.47 in tcn273 MR[0] elapsed 2226 sec.: [32mLoop time: 1.007s DC Power: [35m502.1W[32m DRAM power: 0.00W PCK power: 434.35W
	avg. CPUFreq: 2.57GHz avg. IMCFreq: 1.47GHz Next Frequency 2.60
	CPI: 0.388 VPI: 0.00, Mem. bwidth: 0.23GB/s GFLOPS: 0.00 I/O: 0.01MB/s No MPI  
	TPI 0.05 Cache miss rates: L1 1.44GB/s L2 0.00GB/s L3 0.00GB/s
	Total MPI calls 2
	IO DATA: rchar 4555 wchar 6440 syscr 50 syscw 5 read_bytes 0 write_bytes 151552
	Process OS info: (pid 2336949 state R utime 982 stime 0 cutime 0 cstime 0 CPU usage 97)
	CPU temperature (celsius): socket 0: 62 socket 1: 73[0m
EAR[2336949](hratio_l30) at 2.60/1.47 in tcn273 MR[0] elapsed 2239 sec.: [32mLoop time: 1.007s DC Power: [35m502.5W[32m DRAM power: 0.00W PCK power: 434.47W
	avg. CPUFreq: 2.57GHz avg. IMCFreq: 1.47GHz Next Frequency 2.60
	CPI: 0.388 VPI: 0.00, Mem. bwidth: 0.34GB/s GFLOPS: 0.00 I/O: 0.01MB/s No MPI  
	TPI 0.07 Cache miss rates: L1 1.34GB/s L2 0.00GB/s L3 0.00GB/s
	Total MPI calls 2
	IO DATA: rchar 4555 wchar 6440 syscr 50 syscw 5 read_bytes 0 write_bytes 12288
	Process OS info: (pid 2336949 state R utime 993 stime 0 cutime 0 cstime 0 CPU usage 98)
	CPU temperature (celsius): socket 0: 62 socket 1: 73[0m
EAR[2336949](hratio_l30) at 2.60/1.47 in tcn273 MR[0] elapsed 2253 sec.: [32mLoop time: 1.006s DC Power: [35m501.7W[32m DRAM power: 0.00W PCK power: 434.41W
	avg. CPUFreq: 2.57GHz avg. IMCFreq: 1.47GHz Next Frequency 2.60
	CPI: 0.388 VPI: 0.00, Mem. bwidth: 0.11GB/s GFLOPS: 0.00 I/O: 0.01MB/s No MPI  
	TPI 0.02 Cache miss rates: L1 1.44GB/s L2 0.00GB/s L3 0.00GB/s
	Total MPI calls 2
	IO DATA: rchar 4555 wchar 6440 syscr 50 syscw 5 read_bytes 0 write_bytes 8192
	Process OS info: (pid 2336949 state R utime 993 stime 0 cutime 0 cstime 0 CPU usage 98)
	CPU temperature (celsius): socket 0: 62 socket 1: 73[0m
EAR[2336949](hratio_l30) at 2.60/1.47 in tcn273 MR[0] elapsed 2266 sec.: [32mLoop time: 1.007s DC Power: [35m501.1W[32m DRAM power: 0.00W PCK power: 434.43W
	avg. CPUFreq: 2.57GHz avg. IMCFreq: 1.47GHz Next Frequency 2.60
	CPI: 0.388 VPI: 0.00, Mem. bwidth: 0.09GB/s GFLOPS: 0.00 I/O: 0.01MB/s No MPI  
	TPI 0.02 Cache miss rates: L1 1.34GB/s L2 0.00GB/s L3 0.00GB/s
	Total MPI calls 2
	IO DATA: rchar 4555 wchar 6440 syscr 50 syscw 5 read_bytes 0 write_bytes 8192
	Process OS info: (pid 2336949 state R utime 993 stime 0 cutime 0 cstime 0 CPU usage 98)
	CPU temperature (celsius): socket 0: 62 socket 1: 73[0m
EAR[2336949](hratio_l30) at 2.60/1.47 in tcn273 MR[0] elapsed 2280 sec.: [32mLoop time: 1.007s DC Power: [35m500.5W[32m DRAM power: 0.00W PCK power: 434.60W
	avg. CPUFreq: 2.57GHz avg. IMCFreq: 1.47GHz Next Frequency 2.60
	CPI: 0.388 VPI: 0.00, Mem. bwidth: 0.12GB/s GFLOPS: 0.00 I/O: 0.01MB/s No MPI  
	TPI 0.02 Cache miss rates: L1 1.43GB/s L2 0.00GB/s L3 0.00GB/s
	Total MPI calls 2
	IO DATA: rchar 4555 wchar 6440 syscr 50 syscw 5 read_bytes 0 write_bytes 8192
	Process OS info: (pid 2336949 state R utime 993 stime 0 cutime 0 cstime 0 CPU usage 98)
	CPU temperature (celsius): socket 0: 62 socket 1: 73[0m
EAR[2336949](hratio_l30) at 2.60/1.47 in tcn273 MR[0] elapsed 2293 sec.: [32mLoop time: 1.007s DC Power: [35m500.4W[32m DRAM power: 0.00W PCK power: 434.44W
	avg. CPUFreq: 2.57GHz avg. IMCFreq: 1.47GHz Next Frequency 2.60
	CPI: 0.388 VPI: 0.00, Mem. bwidth: 0.09GB/s GFLOPS: 0.00 I/O: 0.01MB/s No MPI  
	TPI 0.02 Cache miss rates: L1 1.35GB/s L2 0.00GB/s L3 0.00GB/s
	Total MPI calls 2
	IO DATA: rchar 4555 wchar 6440 syscr 50 syscw 5 read_bytes 0 write_bytes 4096
	Process OS info: (pid 2336949 state R utime 994 stime 0 cutime 0 cstime 0 CPU usage 98)
	CPU temperature (celsius): socket 0: 62 socket 1: 73[0m
EAR[2336949](hratio_l30) at 2.60/1.47 in tcn273 MR[0] elapsed 2306 sec.: [32mLoop time: 1.007s DC Power: [35m444.9W[32m DRAM power: 0.00W PCK power: 434.56W
	avg. CPUFreq: 2.57GHz avg. IMCFreq: 1.47GHz Next Frequency 2.60
	CPI: 0.388 VPI: 0.00, Mem. bwidth: 0.14GB/s GFLOPS: 0.00 I/O: 0.01MB/s No MPI  
	TPI 0.03 Cache miss rates: L1 1.33GB/s L2 0.00GB/s L3 0.00GB/s
	Total MPI calls 2
	IO DATA: rchar 4555 wchar 6440 syscr 50 syscw 5 read_bytes 0 write_bytes 8192
	Process OS info: (pid 2336949 state R utime 994 stime 0 cutime 0 cstime 0 CPU usage 98)
	CPU temperature (celsius): socket 0: 62 socket 1: 73[0m
EAR[2336949](hratio_l30) at 2.60/1.47 in tcn273 MR[0] elapsed 2320 sec.: [32mLoop time: 1.007s DC Power: [35m501.5W[32m DRAM power: 0.00W PCK power: 434.53W
	avg. CPUFreq: 2.57GHz avg. IMCFreq: 1.47GHz Next Frequency 2.60
	CPI: 0.388 VPI: 0.00, Mem. bwidth: 0.08GB/s GFLOPS: 0.00 I/O: 0.01MB/s No MPI  
	TPI 0.02 Cache miss rates: L1 1.44GB/s L2 0.00GB/s L3 0.00GB/s
	Total MPI calls 2
	IO DATA: rchar 4555 wchar 6440 syscr 50 syscw 5 read_bytes 0 write_bytes 8192
	Process OS info: (pid 2336949 state R utime 994 stime 1 cutime 0 cstime 0 CPU usage 98)
	CPU temperature (celsius): socket 0: 62 socket 1: 73[0m
EAR[2336949](hratio_l30) at 2.60/1.47 in tcn273 MR[0] elapsed 2333 sec.: [32mLoop time: 1.007s DC Power: [35m501.1W[32m DRAM power: 0.00W PCK power: 434.64W
	avg. CPUFreq: 2.57GHz avg. IMCFreq: 1.47GHz Next Frequency 2.60
	CPI: 0.388 VPI: 0.00, Mem. bwidth: 0.12GB/s GFLOPS: 0.00 I/O: 0.01MB/s No MPI  
	TPI 0.02 Cache miss rates: L1 1.34GB/s L2 0.00GB/s L3 0.00GB/s
	Total MPI calls 2
	IO DATA: rchar 4555 wchar 6440 syscr 50 syscw 5 read_bytes 0 write_bytes 4096
	Process OS info: (pid 2336949 state R utime 988 stime 0 cutime 0 cstime 0 CPU usage 98)
	CPU temperature (celsius): socket 0: 62 socket 1: 73[0m
EAR[2336949](hratio_l30) at 2.60/1.47 in tcn273 MR[0] elapsed 2347 sec.: [32mLoop time: 1.008s DC Power: [35m501.0W[32m DRAM power: 0.00W PCK power: 434.44W
	avg. CPUFreq: 2.57GHz avg. IMCFreq: 1.47GHz Next Frequency 2.60
	CPI: 0.388 VPI: 0.00, Mem. bwidth: 0.10GB/s GFLOPS: 0.00 I/O: 0.01MB/s No MPI  
	TPI 0.02 Cache miss rates: L1 1.43GB/s L2 0.00GB/s L3 0.00GB/s
	Total MPI calls 2
	IO DATA: rchar 4555 wchar 6440 syscr 50 syscw 5 read_bytes 0 write_bytes 131072
	Process OS info: (pid 2336949 state R utime 995 stime 1 cutime 0 cstime 0 CPU usage 98)
	CPU temperature (celsius): socket 0: 62 socket 1: 73[0m
EAR[2336949](hratio_l30) at 2.60/1.47 in tcn273 MR[0] elapsed 2360 sec.: [32mLoop time: 1.007s DC Power: [35m501.4W[32m DRAM power: 0.00W PCK power: 434.43W
	avg. CPUFreq: 2.57GHz avg. IMCFreq: 1.47GHz Next Frequency 2.60
	CPI: 0.389 VPI: 0.00, Mem. bwidth: 0.13GB/s GFLOPS: 0.00 I/O: 0.01MB/s No MPI  
	TPI 0.03 Cache miss rates: L1 1.35GB/s L2 0.00GB/s L3 0.00GB/s
	Total MPI calls 2
	IO DATA: rchar 4555 wchar 6440 syscr 50 syscw 5 read_bytes 0 write_bytes 4096
	Process OS info: (pid 2336949 state R utime 994 stime 0 cutime 0 cstime 0 CPU usage 98)
	CPU temperature (celsius): socket 0: 62 socket 1: 73[0m
EAR[2336949](hratio_l30) at 2.60/1.47 in tcn273 MR[0] elapsed 2374 sec.: [32mLoop time: 1.007s DC Power: [35m445.8W[32m DRAM power: 0.00W PCK power: 434.51W
	avg. CPUFreq: 2.57GHz avg. IMCFreq: 1.47GHz Next Frequency 2.60
	CPI: 0.388 VPI: 0.00, Mem. bwidth: 0.11GB/s GFLOPS: 0.00 I/O: 0.01MB/s No MPI  
	TPI 0.02 Cache miss rates: L1 1.43GB/s L2 0.00GB/s L3 0.00GB/s
	Total MPI calls 2
	IO DATA: rchar 4555 wchar 6440 syscr 50 syscw 5 read_bytes 0 write_bytes 32768
	Process OS info: (pid 2336949 state R utime 994 stime 0 cutime 0 cstime 0 CPU usage 98)
	CPU temperature (celsius): socket 0: 62 socket 1: 73[0m
EAR[2336949](hratio_l30) at 2.60/1.47 in tcn273 MR[0] elapsed 2387 sec.: [32mLoop time: 1.006s DC Power: [35m502.6W[32m DRAM power: 0.00W PCK power: 434.49W
	avg. CPUFreq: 2.57GHz avg. IMCFreq: 1.47GHz Next Frequency 2.60
	CPI: 0.388 VPI: 0.00, Mem. bwidth: 0.09GB/s GFLOPS: 0.00 I/O: 0.01MB/s No MPI  
	TPI 0.02 Cache miss rates: L1 1.35GB/s L2 0.00GB/s L3 0.00GB/s
	Total MPI calls 2
	IO DATA: rchar 4555 wchar 6440 syscr 50 syscw 5 read_bytes 0 write_bytes 4096
	Process OS info: (pid 2336949 state R utime 994 stime 0 cutime 0 cstime 0 CPU usage 98)
	CPU temperature (celsius): socket 0: 62 socket 1: 73[0m
EAR[2336949](hratio_l30) at 2.60/1.47 in tcn273 MR[0] elapsed 2400 sec.: [32mLoop time: 1.007s DC Power: [35m447.1W[32m DRAM power: 0.00W PCK power: 434.53W
	avg. CPUFreq: 2.57GHz avg. IMCFreq: 1.47GHz Next Frequency 2.60
	CPI: 0.388 VPI: 0.00, Mem. bwidth: 0.11GB/s GFLOPS: 0.00 I/O: 0.01MB/s No MPI  
	TPI 0.02 Cache miss rates: L1 1.33GB/s L2 0.00GB/s L3 0.00GB/s
	Total MPI calls 2
	IO DATA: rchar 4555 wchar 6440 syscr 50 syscw 5 read_bytes 0 write_bytes 12288
	Process OS info: (pid 2336949 state R utime 988 stime 0 cutime 0 cstime 0 CPU usage 98)
	CPU temperature (celsius): socket 0: 62 socket 1: 73[0m
EAR[2336949](hratio_l30) at 2.60/1.47 in tcn273 MR[0] elapsed 2414 sec.: [32mLoop time: 1.008s DC Power: [35m446.2W[32m DRAM power: 0.00W PCK power: 434.37W
	avg. CPUFreq: 2.57GHz avg. IMCFreq: 1.47GHz Next Frequency 2.60
	CPI: 0.388 VPI: 0.00, Mem. bwidth: 0.10GB/s GFLOPS: 0.00 I/O: 0.01MB/s No MPI  
	TPI 0.02 Cache miss rates: L1 1.44GB/s L2 0.00GB/s L3 0.00GB/s
	Total MPI calls 2
	IO DATA: rchar 4555 wchar 6440 syscr 50 syscw 5 read_bytes 0 write_bytes 4096
	Process OS info: (pid 2336949 state R utime 990 stime 1 cutime 0 cstime 0 CPU usage 98)
	CPU temperature (celsius): socket 0: 62 socket 1: 73[0m
EAR[2336949](hratio_l30) at 2.60/1.47 in tcn273 MR[0] elapsed 2427 sec.: [32mLoop time: 1.007s DC Power: [35m390.0W[32m DRAM power: 0.00W PCK power: 434.55W
	avg. CPUFreq: 2.57GHz avg. IMCFreq: 1.47GHz Next Frequency 2.60
	CPI: 0.388 VPI: 0.00, Mem. bwidth: 0.13GB/s GFLOPS: 0.00 I/O: 0.01MB/s No MPI  
	TPI 0.03 Cache miss rates: L1 1.34GB/s L2 0.00GB/s L3 0.00GB/s
	Total MPI calls 2
	IO DATA: rchar 4555 wchar 6440 syscr 50 syscw 5 read_bytes 0 write_bytes 8192
	Process OS info: (pid 2336949 state R utime 995 stime 1 cutime 0 cstime 0 CPU usage 98)
	CPU temperature (celsius): socket 0: 62 socket 1: 73[0m
EAR[2336949](hratio_l30) at 2.60/1.47 in tcn273 MR[0] elapsed 2441 sec.: [32mLoop time: 1.007s DC Power: [35m445.7W[32m DRAM power: 0.00W PCK power: 434.38W
	avg. CPUFreq: 2.57GHz avg. IMCFreq: 1.47GHz Next Frequency 2.60
	CPI: 0.388 VPI: 0.00, Mem. bwidth: 0.08GB/s GFLOPS: 0.00 I/O: 0.01MB/s No MPI  
	TPI 0.02 Cache miss rates: L1 1.43GB/s L2 0.00GB/s L3 0.00GB/s
	Total MPI calls 2
	IO DATA: rchar 4555 wchar 6440 syscr 50 syscw 5 read_bytes 0 write_bytes 8192
	Process OS info: (pid 2336949 state R utime 995 stime 0 cutime 0 cstime 0 CPU usage 98)
	CPU temperature (celsius): socket 0: 62 socket 1: 73[0m
EAR[2336949](hratio_l30) at 2.60/1.47 in tcn273 MR[0] elapsed 2454 sec.: [32mLoop time: 1.012s DC Power: [35m499.0W[32m DRAM power: 0.00W PCK power: 434.55W
	avg. CPUFreq: 2.57GHz avg. IMCFreq: 1.47GHz Next Frequency 2.60
	CPI: 0.388 VPI: 0.00, Mem. bwidth: 0.11GB/s GFLOPS: 0.00 I/O: 0.01MB/s No MPI  
	TPI 0.02 Cache miss rates: L1 1.34GB/s L2 0.00GB/s L3 0.00GB/s
	Total MPI calls 2
	IO DATA: rchar 4555 wchar 6440 syscr 50 syscw 5 read_bytes 0 write_bytes 12288
	Process OS info: (pid 2336949 state R utime 999 stime 0 cutime 0 cstime 0 CPU usage 98)
	CPU temperature (celsius): socket 0: 62 socket 1: 73[0m
EAR[2336949](hratio_l30) at 2.60/1.47 in tcn273 MR[0] elapsed 2468 sec.: [32mLoop time: 1.007s DC Power: [35m500.4W[32m DRAM power: 0.00W PCK power: 434.45W
	avg. CPUFreq: 2.57GHz avg. IMCFreq: 1.47GHz Next Frequency 2.60
	CPI: 0.388 VPI: 0.00, Mem. bwidth: 0.09GB/s GFLOPS: 0.00 I/O: 0.01MB/s No MPI  
	TPI 0.02 Cache miss rates: L1 1.43GB/s L2 0.00GB/s L3 0.00GB/s
	Total MPI calls 2
	IO DATA: rchar 4555 wchar 6440 syscr 50 syscw 5 read_bytes 0 write_bytes 53248
	Process OS info: (pid 2336949 state R utime 994 stime 0 cutime 0 cstime 0 CPU usage 98)
	CPU temperature (celsius): socket 0: 62 socket 1: 73[0m
EAR[2336949](hratio_l30) at 2.60/1.47 in tcn273 MR[0] elapsed 2481 sec.: [32mLoop time: 1.007s DC Power: [35m500.3W[32m DRAM power: 0.00W PCK power: 434.49W
	avg. CPUFreq: 2.57GHz avg. IMCFreq: 1.47GHz Next Frequency 2.60
	CPI: 0.389 VPI: 0.00, Mem. bwidth: 0.14GB/s GFLOPS: 0.00 I/O: 0.01MB/s No MPI  
	TPI 0.03 Cache miss rates: L1 1.35GB/s L2 0.00GB/s L3 0.00GB/s
	Total MPI calls 2
	IO DATA: rchar 4555 wchar 6440 syscr 50 syscw 5 read_bytes 0 write_bytes 4096
	Process OS info: (pid 2336949 state R utime 994 stime 0 cutime 0 cstime 0 CPU usage 98)
	CPU temperature (celsius): socket 0: 62 socket 1: 73[0m
EAR[2336949](hratio_l30) at 2.60/1.47 in tcn273 MR[0] elapsed 2494 sec.: [32mLoop time: 1.006s DC Power: [35m500.7W[32m DRAM power: 0.00W PCK power: 434.61W
	avg. CPUFreq: 2.57GHz avg. IMCFreq: 1.47GHz Next Frequency 2.60
	CPI: 0.388 VPI: 0.00, Mem. bwidth: 0.11GB/s GFLOPS: 0.00 I/O: 0.01MB/s No MPI  
	TPI 0.02 Cache miss rates: L1 1.34GB/s L2 0.00GB/s L3 0.00GB/s
	Total MPI calls 2
	IO DATA: rchar 4555 wchar 6440 syscr 50 syscw 5 read_bytes 0 write_bytes 16384
	Process OS info: (pid 2336949 state R utime 994 stime 0 cutime 0 cstime 0 CPU usage 98)
	CPU temperature (celsius): socket 0: 63 socket 1: 73[0m
EAR[2336949](hratio_l30) at 2.60/1.47 in tcn273 MR[0] elapsed 2508 sec.: [32mLoop time: 1.007s DC Power: [35m501.6W[32m DRAM power: 0.00W PCK power: 434.82W
	avg. CPUFreq: 2.57GHz avg. IMCFreq: 1.47GHz Next Frequency 2.60
	CPI: 0.387 VPI: 0.00, Mem. bwidth: 0.09GB/s GFLOPS: 0.00 I/O: 0.01MB/s No MPI  
	TPI 0.02 Cache miss rates: L1 1.44GB/s L2 0.00GB/s L3 0.00GB/s
	Total MPI calls 2
	IO DATA: rchar 4555 wchar 6440 syscr 50 syscw 5 read_bytes 0 write_bytes 8192
	Process OS info: (pid 2336949 state R utime 994 stime 1 cutime 0 cstime 0 CPU usage 98)
	CPU temperature (celsius): socket 0: 62 socket 1: 73[0m
EAR[2336949](hratio_l30) at 2.60/1.47 in tcn273 MR[0] elapsed 2521 sec.: [32mLoop time: 1.007s DC Power: [35m501.4W[32m DRAM power: 0.00W PCK power: 434.68W
	avg. CPUFreq: 2.57GHz avg. IMCFreq: 1.47GHz Next Frequency 2.60
	CPI: 0.387 VPI: 0.00, Mem. bwidth: 0.12GB/s GFLOPS: 0.00 I/O: 0.01MB/s No MPI  
	TPI 0.02 Cache miss rates: L1 1.34GB/s L2 0.00GB/s L3 0.00GB/s
	Total MPI calls 2
	IO DATA: rchar 4555 wchar 6440 syscr 50 syscw 5 read_bytes 0 write_bytes 12288
	Process OS info: (pid 2336949 state R utime 987 stime 0 cutime 0 cstime 0 CPU usage 98)
	CPU temperature (celsius): socket 0: 62 socket 1: 73[0m
EAR[2336949](hratio_l30) at 2.60/1.47 in tcn273 MR[0] elapsed 2535 sec.: [32mLoop time: 1.007s DC Power: [35m501.4W[32m DRAM power: 0.00W PCK power: 434.81W
	avg. CPUFreq: 2.57GHz avg. IMCFreq: 1.47GHz Next Frequency 2.60
	CPI: 0.387 VPI: 0.00, Mem. bwidth: 0.10GB/s GFLOPS: 0.00 I/O: 0.01MB/s No MPI  
	TPI 0.02 Cache miss rates: L1 1.43GB/s L2 0.00GB/s L3 0.00GB/s
	Total MPI calls 2
	IO DATA: rchar 4555 wchar 6440 syscr 50 syscw 5 read_bytes 0 write_bytes 36864
	Process OS info: (pid 2336949 state R utime 994 stime 0 cutime 0 cstime 0 CPU usage 98)
	CPU temperature (celsius): socket 0: 62 socket 1: 73[0m
EAR[2336949](hratio_l30) at 2.60/1.47 in tcn273 MR[0] elapsed 2548 sec.: [32mLoop time: 1.007s DC Power: [35m446.5W[32m DRAM power: 0.00W PCK power: 434.92W
	avg. CPUFreq: 2.57GHz avg. IMCFreq: 1.47GHz Next Frequency 2.60
	CPI: 0.388 VPI: 0.00, Mem. bwidth: 0.13GB/s GFLOPS: 0.00 I/O: 0.01MB/s No MPI  
	TPI 0.03 Cache miss rates: L1 1.35GB/s L2 0.00GB/s L3 0.00GB/s
	Total MPI calls 2
	IO DATA: rchar 4555 wchar 6440 syscr 50 syscw 5 read_bytes 0 write_bytes 4096
	Process OS info: (pid 2336949 state R utime 994 stime 0 cutime 0 cstime 0 CPU usage 98)
	CPU temperature (celsius): socket 0: 62 socket 1: 73[0m
EAR[2336949](hratio_l30) at 2.60/1.47 in tcn273 MR[0] elapsed 2562 sec.: [32mLoop time: 1.007s DC Power: [35m503.1W[32m DRAM power: 0.00W PCK power: 434.83W
	avg. CPUFreq: 2.57GHz avg. IMCFreq: 1.47GHz Next Frequency 2.60
	CPI: 0.387 VPI: 0.00, Mem. bwidth: 0.08GB/s GFLOPS: 0.00 I/O: 0.01MB/s No MPI  
	TPI 0.02 Cache miss rates: L1 1.44GB/s L2 0.00GB/s L3 0.00GB/s
	Total MPI calls 2
	IO DATA: rchar 4555 wchar 6440 syscr 50 syscw 5 read_bytes 0 write_bytes 12288
	Process OS info: (pid 2336949 state R utime 994 stime 0 cutime 0 cstime 0 CPU usage 98)
	CPU temperature (celsius): socket 0: 62 socket 1: 73[0m
EAR[2336949](hratio_l30) at 2.60/1.47 in tcn273 MR[0] elapsed 2575 sec.: [32mLoop time: 1.007s DC Power: [35m503.3W[32m DRAM power: 0.00W PCK power: 434.99W
	avg. CPUFreq: 2.57GHz avg. IMCFreq: 1.47GHz Next Frequency 2.60
	CPI: 0.388 VPI: 0.00, Mem. bwidth: 0.11GB/s GFLOPS: 0.00 I/O: 0.01MB/s No MPI  
	TPI 0.02 Cache miss rates: L1 1.35GB/s L2 0.00GB/s L3 0.00GB/s
	Total MPI calls 2
	IO DATA: rchar 4555 wchar 6440 syscr 50 syscw 5 read_bytes 0 write_bytes 4096
	Process OS info: (pid 2336949 state R utime 987 stime 0 cutime 0 cstime 0 CPU usage 98)
	CPU temperature (celsius): socket 0: 62 socket 1: 73[0m
EAR[2336949](hratio_l30) at 2.60/1.47 in tcn273 MR[0] elapsed 2588 sec.: [32mLoop time: 1.007s DC Power: [35m502.6W[32m DRAM power: 0.00W PCK power: 434.78W
	avg. CPUFreq: 2.57GHz avg. IMCFreq: 1.47GHz Next Frequency 2.60
	CPI: 0.387 VPI: 0.00, Mem. bwidth: 0.11GB/s GFLOPS: 0.00 I/O: 0.01MB/s No MPI  
	TPI 0.02 Cache miss rates: L1 1.34GB/s L2 0.00GB/s L3 0.00GB/s
	Total MPI calls 2
	IO DATA: rchar 4555 wchar 6440 syscr 50 syscw 5 read_bytes 0 write_bytes 12288
	Process OS info: (pid 2336949 state R utime 987 stime 1 cutime 0 cstime 0 CPU usage 98)
	CPU temperature (celsius): socket 0: 62 socket 1: 73[0m
EAR[2336949](hratio_l30) at 2.60/1.47 in tcn273 MR[0] elapsed 2602 sec.: [32mLoop time: 1.007s DC Power: [35m501.8W[32m DRAM power: 0.00W PCK power: 434.92W
	avg. CPUFreq: 2.57GHz avg. IMCFreq: 1.47GHz Next Frequency 2.60
	CPI: 0.387 VPI: 0.00, Mem. bwidth: 0.13GB/s GFLOPS: 0.00 I/O: 0.01MB/s No MPI  
	TPI 0.03 Cache miss rates: L1 1.44GB/s L2 0.00GB/s L3 0.00GB/s
	Total MPI calls 2
	IO DATA: rchar 4555 wchar 6440 syscr 50 syscw 5 read_bytes 0 write_bytes 4096
	Process OS info: (pid 2336949 state R utime 994 stime 0 cutime 0 cstime 0 CPU usage 98)
	CPU temperature (celsius): socket 0: 62 socket 1: 73[0m
EAR[2336949](hratio_l30) at 2.60/1.47 in tcn273 MR[0] elapsed 2615 sec.: [32mLoop time: 1.007s DC Power: [35m501.6W[32m DRAM power: 0.00W PCK power: 434.75W
	avg. CPUFreq: 2.57GHz avg. IMCFreq: 1.47GHz Next Frequency 2.60
	CPI: 0.387 VPI: 0.00, Mem. bwidth: 0.12GB/s GFLOPS: 0.00 I/O: 0.01MB/s No MPI  
	TPI 0.02 Cache miss rates: L1 1.34GB/s L2 0.00GB/s L3 0.00GB/s
	Total MPI calls 2
	IO DATA: rchar 4555 wchar 6440 syscr 50 syscw 5 read_bytes 0 write_bytes 4096
	Process OS info: (pid 2336949 state R utime 993 stime 0 cutime 0 cstime 0 CPU usage 98)
	CPU temperature (celsius): socket 0: 62 socket 1: 73[0m
EAR[2336949](hratio_l30) at 2.60/1.47 in tcn273 MR[0] elapsed 2629 sec.: [32mLoop time: 1.007s DC Power: [35m501.6W[32m DRAM power: 0.00W PCK power: 434.87W
	avg. CPUFreq: 2.57GHz avg. IMCFreq: 1.47GHz Next Frequency 2.60
	CPI: 0.387 VPI: 0.00, Mem. bwidth: 0.09GB/s GFLOPS: 0.00 I/O: 0.01MB/s No MPI  
	TPI 0.02 Cache miss rates: L1 1.43GB/s L2 0.00GB/s L3 0.00GB/s
	Total MPI calls 2
	IO DATA: rchar 4555 wchar 6440 syscr 50 syscw 5 read_bytes 0 write_bytes 40960
	Process OS info: (pid 2336949 state R utime 995 stime 1 cutime 0 cstime 0 CPU usage 98)
	CPU temperature (celsius): socket 0: 62 socket 1: 73[0m
EAR[2336949](hratio_l30) at 2.60/1.47 in tcn273 MR[0] elapsed 2642 sec.: [32mLoop time: 1.007s DC Power: [35m501.3W[32m DRAM power: 0.00W PCK power: 434.74W
	avg. CPUFreq: 2.57GHz avg. IMCFreq: 1.47GHz Next Frequency 2.60
	CPI: 0.387 VPI: 0.00, Mem. bwidth: 0.12GB/s GFLOPS: 0.00 I/O: 0.01MB/s No MPI  
	TPI 0.02 Cache miss rates: L1 1.34GB/s L2 0.00GB/s L3 0.00GB/s
	Total MPI calls 2
	IO DATA: rchar 4555 wchar 6440 syscr 50 syscw 5 read_bytes 0 write_bytes 8192
	Process OS info: (pid 2336949 state R utime 995 stime 1 cutime 0 cstime 0 CPU usage 98)
	CPU temperature (celsius): socket 0: 62 socket 1: 73[0m
EAR[2336949](hratio_l30) at 2.60/1.47 in tcn273 MR[0] elapsed 2656 sec.: [32mLoop time: 1.007s DC Power: [35m501.4W[32m DRAM power: 0.00W PCK power: 434.74W
	avg. CPUFreq: 2.57GHz avg. IMCFreq: 1.47GHz Next Frequency 2.60
	CPI: 0.387 VPI: 0.00, Mem. bwidth: 0.11GB/s GFLOPS: 0.00 I/O: 0.01MB/s No MPI  
	TPI 0.02 Cache miss rates: L1 1.43GB/s L2 0.00GB/s L3 0.00GB/s
	Total MPI calls 2
	IO DATA: rchar 4555 wchar 6440 syscr 50 syscw 5 read_bytes 0 write_bytes 86016
	Process OS info: (pid 2336949 state R utime 994 stime 1 cutime 0 cstime 0 CPU usage 98)
	CPU temperature (celsius): socket 0: 62 socket 1: 73[0m
EAR[2336949](hratio_l30) at 2.60/1.47 in tcn273 MR[0] elapsed 2669 sec.: [32mLoop time: 1.007s DC Power: [35m445.8W[32m DRAM power: 0.00W PCK power: 434.85W
	avg. CPUFreq: 2.57GHz avg. IMCFreq: 1.47GHz Next Frequency 2.60
	CPI: 0.388 VPI: 0.00, Mem. bwidth: 0.13GB/s GFLOPS: 0.00 I/O: 0.01MB/s No MPI  
	TPI 0.03 Cache miss rates: L1 1.35GB/s L2 0.00GB/s L3 0.00GB/s
	Total MPI calls 2
	IO DATA: rchar 4555 wchar 6440 syscr 50 syscw 5 read_bytes 0 write_bytes 4096
	Process OS info: (pid 2336949 state R utime 994 stime 0 cutime 0 cstime 0 CPU usage 98)
	CPU temperature (celsius): socket 0: 62 socket 1: 73[0m
EAR[2336949](hratio_l30) at 2.60/1.47 in tcn273 MR[0] elapsed 2682 sec.: [32mLoop time: 1.007s DC Power: [35m501.6W[32m DRAM power: 0.00W PCK power: 434.65W
	avg. CPUFreq: 2.57GHz avg. IMCFreq: 1.47GHz Next Frequency 2.60
	CPI: 0.387 VPI: 0.00, Mem. bwidth: 0.09GB/s GFLOPS: 0.00 I/O: 0.01MB/s No MPI  
	TPI 0.02 Cache miss rates: L1 1.34GB/s L2 0.00GB/s L3 0.00GB/s
	Total MPI calls 2
	IO DATA: rchar 4555 wchar 6440 syscr 50 syscw 5 read_bytes 0 write_bytes 12288
	Process OS info: (pid 2336949 state R utime 994 stime 0 cutime 0 cstime 0 CPU usage 98)
	CPU temperature (celsius): socket 0: 62 socket 1: 73[0m
EAR[2336949](hratio_l30) at 2.60/1.47 in tcn273 MR[0] elapsed 2696 sec.: [32mLoop time: 1.007s DC Power: [35m501.3W[32m DRAM power: 0.00W PCK power: 435.24W
	avg. CPUFreq: 2.57GHz avg. IMCFreq: 1.47GHz Next Frequency 2.60
	CPI: 0.387 VPI: 0.00, Mem. bwidth: 0.12GB/s GFLOPS: 0.00 I/O: 0.01MB/s No MPI  
	TPI 0.02 Cache miss rates: L1 1.44GB/s L2 0.00GB/s L3 0.00GB/s
	Total MPI calls 2
	IO DATA: rchar 4555 wchar 6440 syscr 50 syscw 5 read_bytes 0 write_bytes 4096
	Process OS info: (pid 2336949 state R utime 995 stime 0 cutime 0 cstime 0 CPU usage 98)
	CPU temperature (celsius): socket 0: 62 socket 1: 73[0m
EAR[2336949](hratio_l30) at 2.60/1.47 in tcn273 MR[0] elapsed 2709 sec.: [32mLoop time: 1.009s DC Power: [35m500.6W[32m DRAM power: 0.00W PCK power: 435.57W
	avg. CPUFreq: 2.57GHz avg. IMCFreq: 1.47GHz Next Frequency 2.60
	CPI: 0.386 VPI: 0.00, Mem. bwidth: 0.09GB/s GFLOPS: 0.00 I/O: 0.01MB/s No MPI  
	TPI 0.02 Cache miss rates: L1 1.34GB/s L2 0.00GB/s L3 0.00GB/s
	Total MPI calls 2
	IO DATA: rchar 4555 wchar 6440 syscr 50 syscw 5 read_bytes 0 write_bytes 12288
	Process OS info: (pid 2336949 state R utime 997 stime 0 cutime 0 cstime 0 CPU usage 98)
	CPU temperature (celsius): socket 0: 63 socket 1: 73[0m
EAR[2336949](hratio_l30) at 2.60/1.47 in tcn273 MR[0] elapsed 2723 sec.: [32mLoop time: 1.007s DC Power: [35m502.8W[32m DRAM power: 0.00W PCK power: 436.44W
	avg. CPUFreq: 2.57GHz avg. IMCFreq: 1.47GHz Next Frequency 2.60
	CPI: 0.384 VPI: 0.00, Mem. bwidth: 0.12GB/s GFLOPS: 0.00 I/O: 0.01MB/s No MPI  
	TPI 0.02 Cache miss rates: L1 1.43GB/s L2 0.00GB/s L3 0.00GB/s
	Total MPI calls 2
	IO DATA: rchar 4555 wchar 6440 syscr 50 syscw 5 read_bytes 0 write_bytes 8192
	Process OS info: (pid 2336949 state R utime 988 stime 1 cutime 0 cstime 0 CPU usage 98)
	CPU temperature (celsius): socket 0: 63 socket 1: 73[0m
EAR[2336949](hratio_l30) at 2.60/1.47 in tcn273 MR[0] elapsed 2736 sec.: [32mLoop time: 1.007s DC Power: [35m504.2W[32m DRAM power: 0.00W PCK power: 437.39W
	avg. CPUFreq: 2.57GHz avg. IMCFreq: 1.47GHz Next Frequency 2.60
	CPI: 0.382 VPI: 0.00, Mem. bwidth: 0.09GB/s GFLOPS: 0.00 I/O: 0.01MB/s No MPI  
	TPI 0.02 Cache miss rates: L1 1.35GB/s L2 0.00GB/s L3 0.00GB/s
	Total MPI calls 2
	IO DATA: rchar 4555 wchar 6440 syscr 50 syscw 5 read_bytes 0 write_bytes 8192
	Process OS info: (pid 2336949 state R utime 994 stime 0 cutime 0 cstime 0 CPU usage 98)
	CPU temperature (celsius): socket 0: 63 socket 1: 73[0m
EAR[2336949](hratio_l30) at 2.60/1.47 in tcn273 MR[0] elapsed 2750 sec.: [32mLoop time: 1.007s DC Power: [35m505.2W[32m DRAM power: 0.00W PCK power: 437.64W
	avg. CPUFreq: 2.57GHz avg. IMCFreq: 1.47GHz Next Frequency 2.60
	CPI: 0.381 VPI: 0.00, Mem. bwidth: 0.08GB/s GFLOPS: 0.00 I/O: 0.01MB/s No MPI  
	TPI 0.02 Cache miss rates: L1 1.43GB/s L2 0.00GB/s L3 0.00GB/s
	Total MPI calls 2
	IO DATA: rchar 4555 wchar 6440 syscr 50 syscw 5 read_bytes 0 write_bytes 106496
	Process OS info: (pid 2336949 state R utime 994 stime 1 cutime 0 cstime 0 CPU usage 98)
	CPU temperature (celsius): socket 0: 63 socket 1: 73[0m
EAR[2336949](hratio_l30) at 2.60/1.47 in tcn273 MR[0] elapsed 2763 sec.: [32mLoop time: 1.007s DC Power: [35m505.2W[32m DRAM power: 0.00W PCK power: 438.59W
	avg. CPUFreq: 2.57GHz avg. IMCFreq: 1.47GHz Next Frequency 2.60
	CPI: 0.379 VPI: 0.00, Mem. bwidth: 0.12GB/s GFLOPS: 0.00 I/O: 0.01MB/s No MPI  
	TPI 0.02 Cache miss rates: L1 1.34GB/s L2 0.00GB/s L3 0.00GB/s
	Total MPI calls 2
	IO DATA: rchar 4555 wchar 6440 syscr 50 syscw 5 read_bytes 0 write_bytes 4096
	Process OS info: (pid 2336949 state R utime 993 stime 0 cutime 0 cstime 0 CPU usage 98)
	CPU temperature (celsius): socket 0: 63 socket 1: 73[0m
EAR[2336949](hratio_l30) at 2.60/1.47 in tcn273 MR[0] elapsed 2776 sec.: [32mLoop time: 1.007s DC Power: [35m448.5W[32m DRAM power: 0.00W PCK power: 438.56W
	avg. CPUFreq: 2.57GHz avg. IMCFreq: 1.47GHz Next Frequency 2.60
	CPI: 0.379 VPI: 0.00, Mem. bwidth: 0.11GB/s GFLOPS: 0.00 I/O: 0.01MB/s No MPI  
	TPI 0.02 Cache miss rates: L1 1.32GB/s L2 0.00GB/s L3 0.00GB/s
	Total MPI calls 2
	IO DATA: rchar 4555 wchar 6440 syscr 50 syscw 5 read_bytes 0 write_bytes 16384
	Process OS info: (pid 2336949 state R utime 994 stime 0 cutime 0 cstime 0 CPU usage 98)
	CPU temperature (celsius): socket 0: 63 socket 1: 73[0m
EAR[2336949](hratio_l30) at 2.60/1.47 in tcn273 MR[0] elapsed 2790 sec.: [32mLoop time: 1.006s DC Power: [35m392.3W[32m DRAM power: 0.00W PCK power: 439.01W
	avg. CPUFreq: 2.57GHz avg. IMCFreq: 1.47GHz Next Frequency 2.60
	CPI: 0.377 VPI: 0.00, Mem. bwidth: 0.11GB/s GFLOPS: 0.00 I/O: 0.01MB/s No MPI  
	TPI 0.02 Cache miss rates: L1 1.42GB/s L2 0.00GB/s L3 0.00GB/s
	Total MPI calls 2
	IO DATA: rchar 4555 wchar 6440 syscr 50 syscw 5 read_bytes 0 write_bytes 8192
	Process OS info: (pid 2336949 state R utime 994 stime 0 cutime 0 cstime 0 CPU usage 98)
	CPU temperature (celsius): socket 0: 63 socket 1: 73[0m
EAR[2336949](hratio_l30) at 2.60/1.47 in tcn273 MR[0] elapsed 2803 sec.: [32mLoop time: 1.007s DC Power: [35m449.0W[32m DRAM power: 0.00W PCK power: 439.37W
	avg. CPUFreq: 2.57GHz avg. IMCFreq: 1.47GHz Next Frequency 2.60
	CPI: 0.376 VPI: 0.00, Mem. bwidth: 0.08GB/s GFLOPS: 0.00 I/O: 0.01MB/s No MPI  
	TPI 0.02 Cache miss rates: L1 1.31GB/s L2 0.00GB/s L3 0.00GB/s
	Total MPI calls 2
	IO DATA: rchar 4555 wchar 6440 syscr 50 syscw 5 read_bytes 0 write_bytes 8192
	Process OS info: (pid 2336949 state R utime 994 stime 0 cutime 0 cstime 0 CPU usage 98)
	CPU temperature (celsius): socket 0: 63 socket 1: 73[0m
EAR[2336949](hratio_l30) at 2.60/1.47 in tcn273 MR[0] elapsed 2817 sec.: [32mLoop time: 1.007s DC Power: [35m505.0W[32m DRAM power: 0.00W PCK power: 439.70W
	avg. CPUFreq: 2.57GHz avg. IMCFreq: 1.47GHz Next Frequency 2.60
	CPI: 0.376 VPI: 0.00, Mem. bwidth: 0.12GB/s GFLOPS: 0.00 I/O: 0.01MB/s No MPI  
	TPI 0.02 Cache miss rates: L1 1.42GB/s L2 0.00GB/s L3 0.00GB/s
	Total MPI calls 2
	IO DATA: rchar 4555 wchar 6440 syscr 50 syscw 5 read_bytes 0 write_bytes 4096
	Process OS info: (pid 2336949 state R utime 994 stime 0 cutime 0 cstime 0 CPU usage 98)
	CPU temperature (celsius): socket 0: 63 socket 1: 73[0m
EAR[2336949](hratio_l30) at 2.60/1.47 in tcn273 MR[0] elapsed 2830 sec.: [32mLoop time: 1.006s DC Power: [35m505.2W[32m DRAM power: 0.00W PCK power: 439.49W
	avg. CPUFreq: 2.57GHz avg. IMCFreq: 1.47GHz Next Frequency 2.60
	CPI: 0.376 VPI: 0.00, Mem. bwidth: 0.11GB/s GFLOPS: 0.00 I/O: 0.01MB/s No MPI  
	TPI 0.02 Cache miss rates: L1 1.33GB/s L2 0.00GB/s L3 0.00GB/s
	Total MPI calls 2
	IO DATA: rchar 4555 wchar 6440 syscr 50 syscw 5 read_bytes 0 write_bytes 4096
	Process OS info: (pid 2336949 state R utime 994 stime 0 cutime 0 cstime 0 CPU usage 98)
	CPU temperature (celsius): socket 0: 63 socket 1: 73[0m
EAR[2336949](hratio_l30) at 2.60/1.47 in tcn273 MR[0] elapsed 2844 sec.: [32mLoop time: 1.011s DC Power: [35m503.2W[32m DRAM power: 0.00W PCK power: 440.14W
	avg. CPUFreq: 2.57GHz avg. IMCFreq: 1.47GHz Next Frequency 2.60
	CPI: 0.375 VPI: 0.00, Mem. bwidth: 0.12GB/s GFLOPS: 0.00 I/O: 0.01MB/s No MPI  
	TPI 0.02 Cache miss rates: L1 1.42GB/s L2 0.00GB/s L3 0.00GB/s
	Total MPI calls 2
	IO DATA: rchar 4556 wchar 6440 syscr 50 syscw 5 read_bytes 0 write_bytes 122880
	Process OS info: (pid 2336949 state R utime 992 stime 0 cutime 0 cstime 0 CPU usage 98)
	CPU temperature (celsius): socket 0: 63 socket 1: 73[0m
EAR[2336949](hratio_l30) at 2.60/1.47 in tcn273 MR[0] elapsed 2857 sec.: [32mLoop time: 1.007s DC Power: [35m506.0W[32m DRAM power: 0.00W PCK power: 440.45W
	avg. CPUFreq: 2.57GHz avg. IMCFreq: 1.47GHz Next Frequency 2.60
	CPI: 0.374 VPI: 0.00, Mem. bwidth: 0.08GB/s GFLOPS: 0.00 I/O: 0.01MB/s No MPI  
	TPI 0.02 Cache miss rates: L1 1.34GB/s L2 0.00GB/s L3 0.00GB/s
	Total MPI calls 2
	IO DATA: rchar 4556 wchar 6440 syscr 50 syscw 5 read_bytes 0 write_bytes 4096
	Process OS info: (pid 2336949 state R utime 994 stime 0 cutime 0 cstime 0 CPU usage 98)
	CPU temperature (celsius): socket 0: 63 socket 1: 73[0m
EAR[2336949](hratio_l30) at 2.60/1.47 in tcn273 MR[0] elapsed 2870 sec.: [32mLoop time: 1.007s DC Power: [35m505.9W[32m DRAM power: 0.00W PCK power: 440.74W
	avg. CPUFreq: 2.57GHz avg. IMCFreq: 1.47GHz Next Frequency 2.60
	CPI: 0.374 VPI: 0.00, Mem. bwidth: 0.11GB/s GFLOPS: 0.00 I/O: 0.01MB/s No MPI  
	TPI 0.02 Cache miss rates: L1 1.32GB/s L2 0.00GB/s L3 0.00GB/s
	Total MPI calls 2
	IO DATA: rchar 4556 wchar 6440 syscr 50 syscw 5 read_bytes 0 write_bytes 12288
	Process OS info: (pid 2336949 state R utime 994 stime 1 cutime 0 cstime 0 CPU usage 98)
	CPU temperature (celsius): socket 0: 63 socket 1: 73[0m
EAR[2336949](hratio_l30) at 2.60/1.47 in tcn273 MR[0] elapsed 2884 sec.: [32mLoop time: 1.007s DC Power: [35m506.6W[32m DRAM power: 0.00W PCK power: 440.76W
	avg. CPUFreq: 2.57GHz avg. IMCFreq: 1.47GHz Next Frequency 2.60
	CPI: 0.374 VPI: 0.00, Mem. bwidth: 0.12GB/s GFLOPS: 0.00 I/O: 0.01MB/s No MPI  
	TPI 0.02 Cache miss rates: L1 1.42GB/s L2 0.00GB/s L3 0.00GB/s
	Total MPI calls 2
	IO DATA: rchar 4556 wchar 6440 syscr 50 syscw 5 read_bytes 0 write_bytes 4096
	Process OS info: (pid 2336949 state R utime 995 stime 0 cutime 0 cstime 0 CPU usage 98)
	CPU temperature (celsius): socket 0: 63 socket 1: 73[0m
EAR[2336949](hratio_l30) at 2.60/1.47 in tcn273 MR[0] elapsed 2897 sec.: [32mLoop time: 1.006s DC Power: [35m508.0W[32m DRAM power: 0.00W PCK power: 440.70W
	avg. CPUFreq: 2.57GHz avg. IMCFreq: 1.47GHz Next Frequency 2.60
	CPI: 0.374 VPI: 0.00, Mem. bwidth: 0.09GB/s GFLOPS: 0.00 I/O: 0.01MB/s No MPI  
	TPI 0.02 Cache miss rates: L1 1.33GB/s L2 0.00GB/s L3 0.00GB/s
	Total MPI calls 2
	IO DATA: rchar 4556 wchar 6440 syscr 50 syscw 5 read_bytes 0 write_bytes 8192
	Process OS info: (pid 2336949 state R utime 994 stime 0 cutime 0 cstime 0 CPU usage 98)
	CPU temperature (celsius): socket 0: 63 socket 1: 73[0m
EAR[2336949](hratio_l30) at 2.60/1.47 in tcn273 MR[0] elapsed 2911 sec.: [32mLoop time: 1.007s DC Power: [35m452.0W[32m DRAM power: 0.00W PCK power: 440.84W
	avg. CPUFreq: 2.57GHz avg. IMCFreq: 1.47GHz Next Frequency 2.60
	CPI: 0.374 VPI: 0.00, Mem. bwidth: 0.11GB/s GFLOPS: 0.00 I/O: 0.01MB/s No MPI  
	TPI 0.02 Cache miss rates: L1 1.42GB/s L2 0.00GB/s L3 0.00GB/s
	Total MPI calls 2
	IO DATA: rchar 4556 wchar 6440 syscr 50 syscw 5 read_bytes 0 write_bytes 8192
	Process OS info: (pid 2336949 state R utime 994 stime 0 cutime 0 cstime 0 CPU usage 98)
	CPU temperature (celsius): socket 0: 63 socket 1: 73[0m
EAR[2336949](hratio_l30) at 2.60/1.47 in tcn273 MR[0] elapsed 2924 sec.: [32mLoop time: 1.007s DC Power: [35m508.6W[32m DRAM power: 0.00W PCK power: 440.82W
	avg. CPUFreq: 2.57GHz avg. IMCFreq: 1.47GHz Next Frequency 2.60
	CPI: 0.374 VPI: 0.00, Mem. bwidth: 0.09GB/s GFLOPS: 0.00 I/O: 0.01MB/s No MPI  
	TPI 0.02 Cache miss rates: L1 1.33GB/s L2 0.00GB/s L3 0.00GB/s
	Total MPI calls 2
	IO DATA: rchar 4556 wchar 6440 syscr 50 syscw 5 read_bytes 0 write_bytes 8192
	Process OS info: (pid 2336949 state R utime 994 stime 0 cutime 0 cstime 0 CPU usage 98)
	CPU temperature (celsius): socket 0: 63 socket 1: 73[0m
EAR[2336949](hratio_l30) at 2.60/1.47 in tcn273 MR[0] elapsed 2938 sec.: [32mLoop time: 1.007s DC Power: [35m507.6W[32m DRAM power: 0.00W PCK power: 440.89W
	avg. CPUFreq: 2.57GHz avg. IMCFreq: 1.47GHz Next Frequency 2.60
	CPI: 0.374 VPI: 0.00, Mem. bwidth: 0.12GB/s GFLOPS: 0.00 I/O: 0.01MB/s No MPI  
	TPI 0.02 Cache miss rates: L1 1.32GB/s L2 0.00GB/s L3 0.00GB/s
	Total MPI calls 2
	IO DATA: rchar 4556 wchar 6440 syscr 50 syscw 5 read_bytes 0 write_bytes 16384
	Process OS info: (pid 2336949 state R utime 995 stime 0 cutime 0 cstime 0 CPU usage 98)
	CPU temperature (celsius): socket 0: 63 socket 1: 73[0m
EAR[2336949](hratio_l30) at 2.60/1.47 in tcn273 MR[0] elapsed 2951 sec.: [32mLoop time: 1.007s DC Power: [35m506.8W[32m DRAM power: 0.00W PCK power: 441.04W
	avg. CPUFreq: 2.57GHz avg. IMCFreq: 1.47GHz Next Frequency 2.60
	CPI: 0.374 VPI: 0.00, Mem. bwidth: 0.10GB/s GFLOPS: 0.00 I/O: 0.01MB/s No MPI  
	TPI 0.02 Cache miss rates: L1 1.41GB/s L2 0.00GB/s L3 0.00GB/s
	Total MPI calls 3
	IO DATA: rchar 4556 wchar 6583 syscr 50 syscw 35 read_bytes 0 write_bytes 4096
	Process OS info: (pid 2336949 state R utime 994 stime 1 cutime 0 cstime 0 CPU usage 98)
	CPU temperature (celsius): socket 0: 63 socket 1: 73[0m
EAR[2336949](hratio_l30) at 2.60/1.47 in tcn273 MR[0] elapsed 2962 sec.: [32mLoop time: 1.122s DC Power: [35m505.3W[32m DRAM power: 0.00W PCK power: 441.10W
	avg. CPUFreq: 2.57GHz avg. IMCFreq: 1.47GHz Next Frequency 2.60
	CPI: 0.373 VPI: 0.00, Mem. bwidth: 0.16GB/s GFLOPS: 0.00 I/O: 0.01MB/s No MPI  
	TPI 0.02 Cache miss rates: L1 1.00GB/s L2 0.00GB/s L3 0.00GB/s
	Total MPI calls 3
	IO DATA: rchar 5148 wchar 9430 syscr 72 syscw 30 read_bytes 0 write_bytes 577536
	Process OS info: (pid 2336949 state R utime 1107 stime 1 cutime 0 cstime 0 CPU usage 98)
	CPU temperature (celsius): socket 0: 63 socket 1: 73[0m
EAR[2336949](hratio_l30) at 2.60/1.47 in tcn273 MR[0] elapsed 2973 sec.: [32mLoop time: 1.122s DC Power: [35m455.0W[32m DRAM power: 0.00W PCK power: 441.14W
	avg. CPUFreq: 2.57GHz avg. IMCFreq: 1.47GHz Next Frequency 2.60
	CPI: 0.373 VPI: 0.00, Mem. bwidth: 0.11GB/s GFLOPS: 0.00 I/O: 0.01MB/s No MPI  
	TPI 0.02 Cache miss rates: L1 1.00GB/s L2 0.00GB/s L3 0.00GB/s
	Total MPI calls 3
	IO DATA: rchar 5196 wchar 9433 syscr 74 syscw 30 read_bytes 0 write_bytes 442368
	Process OS info: (pid 2336949 state R utime 1106 stime 1 cutime 0 cstime 0 CPU usage 98)
	CPU temperature (celsius): socket 0: 63 socket 1: 73[0m
EAR[2336949](hratio_l30) at 2.60/1.47 in tcn273 MR[0] elapsed 2985 sec.: [32mLoop time: 1.123s DC Power: [35m505.1W[32m DRAM power: 0.00W PCK power: 441.06W
	avg. CPUFreq: 2.57GHz avg. IMCFreq: 1.47GHz Next Frequency 2.60
	CPI: 0.373 VPI: 0.00, Mem. bwidth: 0.09GB/s GFLOPS: 0.00 I/O: 0.01MB/s No MPI  
	TPI 0.01 Cache miss rates: L1 1.08GB/s L2 0.00GB/s L3 0.00GB/s
	Total MPI calls 3
	IO DATA: rchar 5196 wchar 9433 syscr 74 syscw 30 read_bytes 0 write_bytes 552960
	Process OS info: (pid 2336949 state R utime 1106 stime 1 cutime 0 cstime 0 CPU usage 98)
	CPU temperature (celsius): socket 0: 63 socket 1: 73[0m
EAR[2336949](hratio_l30) at 2.60/1.47 in tcn273 MR[0] elapsed 2996 sec.: [32mLoop time: 1.122s DC Power: [35m505.4W[32m DRAM power: 0.00W PCK power: 441.20W
	avg. CPUFreq: 2.57GHz avg. IMCFreq: 1.47GHz Next Frequency 2.60
	CPI: 0.373 VPI: 0.00, Mem. bwidth: 0.12GB/s GFLOPS: 0.00 I/O: 0.01MB/s No MPI  
	TPI 0.02 Cache miss rates: L1 1.00GB/s L2 0.00GB/s L3 0.00GB/s
	Total MPI calls 3
	IO DATA: rchar 5196 wchar 9433 syscr 74 syscw 30 read_bytes 0 write_bytes 516096
	Process OS info: (pid 2336949 state R utime 1106 stime 2 cutime 0 cstime 0 CPU usage 98)
	CPU temperature (celsius): socket 0: 63 socket 1: 73[0m
EAR[2336949](hratio_l30) at 2.60/1.47 in tcn273 MR[0] elapsed 3007 sec.: [32mLoop time: 1.122s DC Power: [35m505.4W[32m DRAM power: 0.00W PCK power: 440.99W
	avg. CPUFreq: 2.57GHz avg. IMCFreq: 1.47GHz Next Frequency 2.60
	CPI: 0.373 VPI: 0.00, Mem. bwidth: 0.11GB/s GFLOPS: 0.00 I/O: 0.01MB/s No MPI  
	TPI 0.02 Cache miss rates: L1 1.01GB/s L2 0.00GB/s L3 0.00GB/s
	Total MPI calls 3
	IO DATA: rchar 5196 wchar 9433 syscr 74 syscw 30 read_bytes 0 write_bytes 430080
	Process OS info: (pid 2336949 state R utime 1093 stime 1 cutime 0 cstime 0 CPU usage 97)
	CPU temperature (celsius): socket 0: 63 socket 1: 73[0m
EAR[2336949](hratio_l30) at 2.60/1.47 in tcn273 MR[0] elapsed 3018 sec.: [32mLoop time: 1.122s DC Power: [35m505.5W[32m DRAM power: 0.00W PCK power: 441.13W
	avg. CPUFreq: 2.57GHz avg. IMCFreq: 1.47GHz Next Frequency 2.60
	CPI: 0.373 VPI: 0.00, Mem. bwidth: 0.11GB/s GFLOPS: 0.00 I/O: 0.01MB/s No MPI  
	TPI 0.02 Cache miss rates: L1 1.03GB/s L2 0.00GB/s L3 0.00GB/s
	Total MPI calls 3
	IO DATA: rchar 5196 wchar 9433 syscr 74 syscw 30 read_bytes 0 write_bytes 434176
	Process OS info: (pid 2336949 state R utime 1105 stime 1 cutime 0 cstime 0 CPU usage 98)
	CPU temperature (celsius): socket 0: 63 socket 1: 73[0m
EAR[2336949](hratio_l30) at 2.60/1.47 in tcn273 MR[0] elapsed 3030 sec.: [32mLoop time: 1.123s DC Power: [35m454.5W[32m DRAM power: 0.00W PCK power: 441.64W
	avg. CPUFreq: 2.57GHz avg. IMCFreq: 1.47GHz Next Frequency 2.60
	CPI: 0.372 VPI: 0.00, Mem. bwidth: 0.14GB/s GFLOPS: 0.00 I/O: 0.01MB/s No MPI  
	TPI 0.02 Cache miss rates: L1 1.08GB/s L2 0.00GB/s L3 0.00GB/s
	Total MPI calls 3
	IO DATA: rchar 5196 wchar 9433 syscr 74 syscw 30 read_bytes 0 write_bytes 573440
	Process OS info: (pid 2336949 state R utime 1106 stime 1 cutime 0 cstime 0 CPU usage 98)
	CPU temperature (celsius): socket 0: 63 socket 1: 73[0m
EAR[2336949](hratio_l30) at 2.60/1.47 in tcn273 MR[0] elapsed 3041 sec.: [32mLoop time: 1.123s DC Power: [35m505.1W[32m DRAM power: 0.00W PCK power: 441.47W
	avg. CPUFreq: 2.57GHz avg. IMCFreq: 1.47GHz Next Frequency 2.60
	CPI: 0.372 VPI: 0.00, Mem. bwidth: 0.10GB/s GFLOPS: 0.00 I/O: 0.01MB/s No MPI  
	TPI 0.01 Cache miss rates: L1 1.17GB/s L2 0.00GB/s L3 0.00GB/s
	Total MPI calls 3
	IO DATA: rchar 5196 wchar 9433 syscr 74 syscw 30 read_bytes 0 write_bytes 458752
	Process OS info: (pid 2336949 state R utime 1107 stime 1 cutime 0 cstime 0 CPU usage 98)
	CPU temperature (celsius): socket 0: 63 socket 1: 73[0m
EAR[2336949](hratio_l30) at 2.60/1.47 in tcn273 MR[0] elapsed 3052 sec.: [32mLoop time: 1.122s DC Power: [35m505.5W[32m DRAM power: 0.00W PCK power: 441.63W
	avg. CPUFreq: 2.57GHz avg. IMCFreq: 1.47GHz Next Frequency 2.60
	CPI: 0.372 VPI: 0.00, Mem. bwidth: 0.12GB/s GFLOPS: 0.00 I/O: 0.01MB/s No MPI  
	TPI 0.02 Cache miss rates: L1 1.10GB/s L2 0.00GB/s L3 0.00GB/s
	Total MPI calls 3
	IO DATA: rchar 5196 wchar 9433 syscr 74 syscw 30 read_bytes 0 write_bytes 544768
	Process OS info: (pid 2336949 state R utime 1106 stime 2 cutime 0 cstime 0 CPU usage 98)
	CPU temperature (celsius): socket 0: 63 socket 1: 73[0m
EAR[2336949](hratio_l30) at 2.60/1.47 in tcn273 MR[0] elapsed 3063 sec.: [32mLoop time: 1.122s DC Power: [35m506.6W[32m DRAM power: 0.00W PCK power: 441.49W
	avg. CPUFreq: 2.57GHz avg. IMCFreq: 1.47GHz Next Frequency 2.60
	CPI: 0.372 VPI: 0.00, Mem. bwidth: 0.13GB/s GFLOPS: 0.00 I/O: 0.01MB/s No MPI  
	TPI 0.02 Cache miss rates: L1 1.09GB/s L2 0.00GB/s L3 0.00GB/s
	Total MPI calls 3
	IO DATA: rchar 5196 wchar 9433 syscr 74 syscw 30 read_bytes 0 write_bytes 434176
	Process OS info: (pid 2336949 state R utime 1106 stime 1 cutime 0 cstime 0 CPU usage 98)
	CPU temperature (celsius): socket 0: 64 socket 1: 73[0m
EAR[2336949](hratio_l30) at 2.60/1.47 in tcn273 MR[0] elapsed 3074 sec.: [32mLoop time: 1.122s DC Power: [35m507.1W[32m DRAM power: 0.00W PCK power: 441.58W
	avg. CPUFreq: 2.57GHz avg. IMCFreq: 1.47GHz Next Frequency 2.60
	CPI: 0.372 VPI: 0.00, Mem. bwidth: 0.11GB/s GFLOPS: 0.00 I/O: 0.01MB/s No MPI  
	TPI 0.02 Cache miss rates: L1 1.08GB/s L2 0.00GB/s L3 0.00GB/s
	Total MPI calls 3
	IO DATA: rchar 5196 wchar 9433 syscr 74 syscw 30 read_bytes 0 write_bytes 442368
	Process OS info: (pid 2336949 state R utime 1107 stime 0 cutime 0 cstime 0 CPU usage 98)
	CPU temperature (celsius): socket 0: 63 socket 1: 73[0m
EAR[2336949](hratio_l30) at 2.60/1.47 in tcn273 MR[0] elapsed 3086 sec.: [32mLoop time: 1.122s DC Power: [35m457.3W[32m DRAM power: 0.00W PCK power: 441.76W
	avg. CPUFreq: 2.57GHz avg. IMCFreq: 1.47GHz Next Frequency 2.60
	CPI: 0.372 VPI: 0.00, Mem. bwidth: 0.11GB/s GFLOPS: 0.00 I/O: 0.01MB/s No MPI  
	TPI 0.02 Cache miss rates: L1 1.16GB/s L2 0.00GB/s L3 0.00GB/s
	Total MPI calls 3
	IO DATA: rchar 5196 wchar 9433 syscr 74 syscw 30 read_bytes 0 write_bytes 438272
	Process OS info: (pid 2336949 state R utime 1099 stime 2 cutime 0 cstime 0 CPU usage 98)
	CPU temperature (celsius): socket 0: 64 socket 1: 73[0m
EAR[2336949](hratio_l30) at 2.60/1.47 in tcn273 MR[0] elapsed 3097 sec.: [32mLoop time: 1.122s DC Power: [35m507.8W[32m DRAM power: 0.00W PCK power: 441.57W
	avg. CPUFreq: 2.57GHz avg. IMCFreq: 1.47GHz Next Frequency 2.60
	CPI: 0.372 VPI: 0.00, Mem. bwidth: 0.10GB/s GFLOPS: 0.00 I/O: 0.01MB/s No MPI  
	TPI 0.01 Cache miss rates: L1 1.09GB/s L2 0.00GB/s L3 0.00GB/s
	Total MPI calls 3
	IO DATA: rchar 5196 wchar 9433 syscr 74 syscw 30 read_bytes 0 write_bytes 434176
	Process OS info: (pid 2336949 state R utime 1107 stime 0 cutime 0 cstime 0 CPU usage 98)
	CPU temperature (celsius): socket 0: 64 socket 1: 73[0m
EAR[2336949](hratio_l30) at 2.60/1.47 in tcn273 MR[0] elapsed 3108 sec.: [32mLoop time: 1.122s DC Power: [35m456.5W[32m DRAM power: 0.00W PCK power: 441.59W
	avg. CPUFreq: 2.57GHz avg. IMCFreq: 1.47GHz Next Frequency 2.60
	CPI: 0.372 VPI: 0.00, Mem. bwidth: 0.09GB/s GFLOPS: 0.00 I/O: 0.01MB/s No MPI  
	TPI 0.01 Cache miss rates: L1 1.09GB/s L2 0.00GB/s L3 0.00GB/s
	Total MPI calls 3
	IO DATA: rchar 5196 wchar 9433 syscr 74 syscw 30 read_bytes 0 write_bytes 581632
	Process OS info: (pid 2336949 state R utime 1107 stime 2 cutime 0 cstime 0 CPU usage 98)
	CPU temperature (celsius): socket 0: 64 socket 1: 73[0m
EAR[2336949](hratio_l30) at 2.60/1.47 in tcn273 MR[0] elapsed 3119 sec.: [32mLoop time: 1.123s DC Power: [35m505.9W[32m DRAM power: 0.00W PCK power: 441.70W
	avg. CPUFreq: 2.57GHz avg. IMCFreq: 1.47GHz Next Frequency 2.60
	CPI: 0.372 VPI: 0.00, Mem. bwidth: 0.14GB/s GFLOPS: 0.00 I/O: 0.01MB/s No MPI  
	TPI 0.02 Cache miss rates: L1 1.08GB/s L2 0.00GB/s L3 0.00GB/s
	Total MPI calls 3
	IO DATA: rchar 5196 wchar 9433 syscr 74 syscw 30 read_bytes 0 write_bytes 303104
	Process OS info: (pid 2336949 state R utime 1083 stime 1 cutime 0 cstime 0 CPU usage 96)
	CPU temperature (celsius): socket 0: 63 socket 1: 73[0m
EAR[2336949](hratio_l30) at 2.60/1.47 in tcn273 MR[0] elapsed 3131 sec.: [32mLoop time: 1.122s DC Power: [35m505.1W[32m DRAM power: 0.00W PCK power: 441.20W
	avg. CPUFreq: 2.57GHz avg. IMCFreq: 1.47GHz Next Frequency 2.60
	CPI: 0.373 VPI: 0.00, Mem. bwidth: 0.30GB/s GFLOPS: 0.00 I/O: 0.01MB/s No MPI  
	TPI 0.05 Cache miss rates: L1 1.08GB/s L2 0.00GB/s L3 0.00GB/s
	Total MPI calls 3
	IO DATA: rchar 5196 wchar 9433 syscr 74 syscw 30 read_bytes 0 write_bytes 438272
	Process OS info: (pid 2336949 state R utime 1028 stime 1 cutime 0 cstime 0 CPU usage 91)
	CPU temperature (celsius): socket 0: 63 socket 1: 73[0m
EAR[2336949](hratio_l30) at 2.60/1.47 in tcn273 MR[0] elapsed 3142 sec.: [32mLoop time: 1.124s DC Power: [35m504.5W[32m DRAM power: 0.00W PCK power: 441.85W
	avg. CPUFreq: 2.57GHz avg. IMCFreq: 1.47GHz Next Frequency 2.60
	CPI: 0.372 VPI: 0.00, Mem. bwidth: 0.29GB/s GFLOPS: 0.00 I/O: 0.01MB/s No MPI  
	TPI 0.04 Cache miss rates: L1 1.16GB/s L2 0.00GB/s L3 0.00GB/s
	Total MPI calls 3
	IO DATA: rchar 5196 wchar 9433 syscr 74 syscw 30 read_bytes 0 write_bytes 434176
	Process OS info: (pid 2336949 state R utime 1096 stime 1 cutime 0 cstime 0 CPU usage 97)
	CPU temperature (celsius): socket 0: 63 socket 1: 73[0m
EAR[2336949](hratio_l30) at 2.60/1.47 in tcn273 MR[0] elapsed 3153 sec.: [32mLoop time: 1.123s DC Power: [35m454.6W[32m DRAM power: 0.00W PCK power: 441.59W
	avg. CPUFreq: 2.57GHz avg. IMCFreq: 1.47GHz Next Frequency 2.60
	CPI: 0.372 VPI: 0.00, Mem. bwidth: 0.25GB/s GFLOPS: 0.00 I/O: 0.01MB/s No MPI  
	TPI 0.04 Cache miss rates: L1 1.09GB/s L2 0.00GB/s L3 0.00GB/s
	Total MPI calls 3
	IO DATA: rchar 5196 wchar 9433 syscr 74 syscw 30 read_bytes 0 write_bytes 516096
	Process OS info: (pid 2336949 state R utime 1101 stime 1 cutime 0 cstime 0 CPU usage 98)
	CPU temperature (celsius): socket 0: 63 socket 1: 73[0m
EAR[2336949](hratio_l30) at 2.60/1.47 in tcn273 MR[0] elapsed 3164 sec.: [32mLoop time: 1.123s DC Power: [35m504.9W[32m DRAM power: 0.00W PCK power: 442.08W
	avg. CPUFreq: 2.57GHz avg. IMCFreq: 1.47GHz Next Frequency 2.60
	CPI: 0.372 VPI: 0.00, Mem. bwidth: 0.39GB/s GFLOPS: 0.00 I/O: 0.01MB/s No MPI  
	TPI 0.06 Cache miss rates: L1 1.08GB/s L2 0.00GB/s L3 0.00GB/s
	Total MPI calls 3
	IO DATA: rchar 5196 wchar 9433 syscr 74 syscw 30 read_bytes 0 write_bytes 438272
	Process OS info: (pid 2336949 state R utime 1096 stime 1 cutime 0 cstime 0 CPU usage 97)
	CPU temperature (celsius): socket 0: 63 socket 1: 73[0m
EAR[2336949](hratio_l30) at 2.60/1.47 in tcn273 MR[0] elapsed 3175 sec.: [32mLoop time: 1.122s DC Power: [35m505.4W[32m DRAM power: 0.00W PCK power: 442.08W
	avg. CPUFreq: 2.57GHz avg. IMCFreq: 1.47GHz Next Frequency 2.60
	CPI: 0.372 VPI: 0.00, Mem. bwidth: 0.11GB/s GFLOPS: 0.00 I/O: 0.01MB/s No MPI  
	TPI 0.02 Cache miss rates: L1 1.08GB/s L2 0.00GB/s L3 0.00GB/s
	Total MPI calls 3
	IO DATA: rchar 5196 wchar 9433 syscr 74 syscw 30 read_bytes 0 write_bytes 434176
	Process OS info: (pid 2336949 state R utime 1107 stime 1 cutime 0 cstime 0 CPU usage 98)
	CPU temperature (celsius): socket 0: 64 socket 1: 73[0m
EAR[2336949](hratio_l30) at 2.60/1.47 in tcn273 MR[0] elapsed 3187 sec.: [32mLoop time: 1.122s DC Power: [35m505.8W[32m DRAM power: 0.00W PCK power: 441.99W
	avg. CPUFreq: 2.57GHz avg. IMCFreq: 1.47GHz Next Frequency 2.60
	CPI: 0.371 VPI: 0.00, Mem. bwidth: 0.11GB/s GFLOPS: 0.00 I/O: 0.01MB/s No MPI  
	TPI 0.02 Cache miss rates: L1 1.17GB/s L2 0.00GB/s L3 0.00GB/s
	Total MPI calls 3
	IO DATA: rchar 5196 wchar 9433 syscr 74 syscw 30 read_bytes 0 write_bytes 430080
	Process OS info: (pid 2336949 state R utime 1107 stime 1 cutime 0 cstime 0 CPU usage 98)
	CPU temperature (celsius): socket 0: 64 socket 1: 73[0m
EAR[2336949](hratio_l30) at 2.60/1.47 in tcn273 MR[0] elapsed 3198 sec.: [32mLoop time: 1.122s DC Power: [35m506.3W[32m DRAM power: 0.00W PCK power: 441.95W
	avg. CPUFreq: 2.57GHz avg. IMCFreq: 1.47GHz Next Frequency 2.60
	CPI: 0.372 VPI: 0.00, Mem. bwidth: 0.12GB/s GFLOPS: 0.00 I/O: 0.01MB/s No MPI  
	TPI 0.02 Cache miss rates: L1 1.09GB/s L2 0.00GB/s L3 0.00GB/s
	Total MPI calls 3
	IO DATA: rchar 5196 wchar 9433 syscr 74 syscw 30 read_bytes 0 write_bytes 434176
	Process OS info: (pid 2336949 state R utime 1106 stime 2 cutime 0 cstime 0 CPU usage 98)
	CPU temperature (celsius): socket 0: 64 socket 1: 73[0m
EAR[2336949](hratio_l30) at 2.60/1.47 in tcn273 MR[0] elapsed 3209 sec.: [32mLoop time: 1.122s DC Power: [35m455.8W[32m DRAM power: 0.00W PCK power: 442.10W
	avg. CPUFreq: 2.57GHz avg. IMCFreq: 1.47GHz Next Frequency 2.60
	CPI: 0.372 VPI: 0.00, Mem. bwidth: 0.12GB/s GFLOPS: 0.00 I/O: 0.01MB/s No MPI  
	TPI 0.02 Cache miss rates: L1 1.09GB/s L2 0.00GB/s L3 0.00GB/s
	Total MPI calls 3
	IO DATA: rchar 5196 wchar 9433 syscr 74 syscw 30 read_bytes 0 write_bytes 438272
	Process OS info: (pid 2336949 state R utime 1108 stime 1 cutime 0 cstime 0 CPU usage 98)
	CPU temperature (celsius): socket 0: 64 socket 1: 73[0m
EAR[2336949](hratio_l30) at 2.60/1.47 in tcn273 MR[0] elapsed 3220 sec.: [32mLoop time: 1.122s DC Power: [35m506.4W[32m DRAM power: 0.00W PCK power: 442.04W
	avg. CPUFreq: 2.57GHz avg. IMCFreq: 1.47GHz Next Frequency 2.60
	CPI: 0.371 VPI: 0.00, Mem. bwidth: 0.08GB/s GFLOPS: 0.00 I/O: 0.01MB/s No MPI  
	TPI 0.01 Cache miss rates: L1 1.08GB/s L2 0.00GB/s L3 0.00GB/s
	Total MPI calls 3
	IO DATA: rchar 5196 wchar 9433 syscr 74 syscw 30 read_bytes 0 write_bytes 438272
	Process OS info: (pid 2336949 state R utime 1107 stime 1 cutime 0 cstime 0 CPU usage 98)
	CPU temperature (celsius): socket 0: 63 socket 1: 73[0m
EAR[2336949](hratio_l30) at 2.60/1.47 in tcn273 MR[0] elapsed 3232 sec.: [32mLoop time: 1.125s DC Power: [35m505.2W[32m DRAM power: 0.00W PCK power: 442.11W
	avg. CPUFreq: 2.57GHz avg. IMCFreq: 1.47GHz Next Frequency 2.60
	CPI: 0.372 VPI: 0.00, Mem. bwidth: 0.11GB/s GFLOPS: 0.00 I/O: 0.01MB/s No MPI  
	TPI 0.02 Cache miss rates: L1 1.08GB/s L2 0.00GB/s L3 0.00GB/s
	Total MPI calls 3
	IO DATA: rchar 5196 wchar 9433 syscr 74 syscw 30 read_bytes 0 write_bytes 299008
	Process OS info: (pid 2336949 state R utime 1110 stime 1 cutime 0 cstime 0 CPU usage 98)
	CPU temperature (celsius): socket 0: 63 socket 1: 73[0m
EAR[2336949](hratio_l30) at 2.60/1.47 in tcn273 MR[0] elapsed 3243 sec.: [32mLoop time: 1.122s DC Power: [35m507.8W[32m DRAM power: 0.00W PCK power: 441.98W
	avg. CPUFreq: 2.57GHz avg. IMCFreq: 1.47GHz Next Frequency 2.60
	CPI: 0.371 VPI: 0.00, Mem. bwidth: 0.13GB/s GFLOPS: 0.00 I/O: 0.01MB/s No MPI  
	TPI 0.02 Cache miss rates: L1 1.17GB/s L2 0.00GB/s L3 0.00GB/s
	Total MPI calls 3
	IO DATA: rchar 5196 wchar 9433 syscr 74 syscw 30 read_bytes 0 write_bytes 434176
	Process OS info: (pid 2336949 state R utime 1107 stime 1 cutime 0 cstime 0 CPU usage 98)
	CPU temperature (celsius): socket 0: 64 socket 1: 73[0m
EAR[2336949](hratio_l30) at 2.60/1.47 in tcn273 MR[0] elapsed 3254 sec.: [32mLoop time: 1.122s DC Power: [35m508.1W[32m DRAM power: 0.00W PCK power: 442.05W
	avg. CPUFreq: 2.57GHz avg. IMCFreq: 1.47GHz Next Frequency 2.60
	CPI: 0.372 VPI: 0.00, Mem. bwidth: 0.11GB/s GFLOPS: 0.00 I/O: 0.01MB/s No MPI  
	TPI 0.02 Cache miss rates: L1 1.10GB/s L2 0.00GB/s L3 0.00GB/s
	Total MPI calls 3
	IO DATA: rchar 5196 wchar 9433 syscr 74 syscw 30 read_bytes 0 write_bytes 552960
	Process OS info: (pid 2336949 state R utime 1106 stime 2 cutime 0 cstime 0 CPU usage 98)
	CPU temperature (celsius): socket 0: 63 socket 1: 73[0m
EAR[2336949](hratio_l30) at 2.60/1.47 in tcn273 MR[0] elapsed 3265 sec.: [32mLoop time: 1.126s DC Power: [35m506.2W[32m DRAM power: 0.00W PCK power: 442.18W
	avg. CPUFreq: 2.57GHz avg. IMCFreq: 1.47GHz Next Frequency 2.60
	CPI: 0.371 VPI: 0.00, Mem. bwidth: 0.11GB/s GFLOPS: 0.00 I/O: 0.01MB/s No MPI  
	TPI 0.02 Cache miss rates: L1 1.08GB/s L2 0.00GB/s L3 0.00GB/s
	Total MPI calls 3
	IO DATA: rchar 5196 wchar 9433 syscr 74 syscw 30 read_bytes 0 write_bytes 442368
	Process OS info: (pid 2336949 state R utime 1107 stime 1 cutime 0 cstime 0 CPU usage 98)
	CPU temperature (celsius): socket 0: 64 socket 1: 73[0m
EAR[2336949](hratio_l30) at 2.60/1.47 in tcn273 MR[0] elapsed 3276 sec.: [32mLoop time: 1.122s DC Power: [35m507.8W[32m DRAM power: 0.00W PCK power: 441.95W
	avg. CPUFreq: 2.57GHz avg. IMCFreq: 1.47GHz Next Frequency 2.60
	CPI: 0.372 VPI: 0.00, Mem. bwidth: 0.12GB/s GFLOPS: 0.00 I/O: 0.01MB/s No MPI  
	TPI 0.02 Cache miss rates: L1 1.09GB/s L2 0.00GB/s L3 0.00GB/s
	Total MPI calls 3
	IO DATA: rchar 5196 wchar 9433 syscr 74 syscw 30 read_bytes 0 write_bytes 294912
	Process OS info: (pid 2336949 state R utime 1107 stime 1 cutime 0 cstime 0 CPU usage 98)
	CPU temperature (celsius): socket 0: 64 socket 1: 73[0m
EAR[2336949](hratio_l30) at 2.60/1.47 in tcn273 MR[0] elapsed 3288 sec.: [32mLoop time: 1.122s DC Power: [35m506.9W[32m DRAM power: 0.00W PCK power: 441.96W
	avg. CPUFreq: 2.57GHz avg. IMCFreq: 1.47GHz Next Frequency 2.60
	CPI: 0.372 VPI: 0.00, Mem. bwidth: 0.09GB/s GFLOPS: 0.00 I/O: 0.01MB/s No MPI  
	TPI 0.01 Cache miss rates: L1 1.17GB/s L2 0.00GB/s L3 0.00GB/s
	Total MPI calls 3
	IO DATA: rchar 5196 wchar 9433 syscr 74 syscw 30 read_bytes 0 write_bytes 434176
	Process OS info: (pid 2336949 state R utime 1107 stime 1 cutime 0 cstime 0 CPU usage 98)
	CPU temperature (celsius): socket 0: 64 socket 1: 73[0m
EAR[2336949](hratio_l30) at 2.60/1.47 in tcn273 MR[0] elapsed 3299 sec.: [32mLoop time: 1.122s DC Power: [35m506.4W[32m DRAM power: 0.00W PCK power: 442.13W
	avg. CPUFreq: 2.57GHz avg. IMCFreq: 1.47GHz Next Frequency 2.60
	CPI: 0.372 VPI: 0.00, Mem. bwidth: 0.12GB/s GFLOPS: 0.00 I/O: 0.01MB/s No MPI  
	TPI 0.02 Cache miss rates: L1 1.10GB/s L2 0.00GB/s L3 0.00GB/s
	Total MPI calls 3
	IO DATA: rchar 5196 wchar 9433 syscr 74 syscw 30 read_bytes 0 write_bytes 438272
	Process OS info: (pid 2336949 state R utime 1107 stime 1 cutime 0 cstime 0 CPU usage 98)
	CPU temperature (celsius): socket 0: 64 socket 1: 73[0m
EAR[2336949](hratio_l30) at 2.60/1.47 in tcn273 MR[0] elapsed 3310 sec.: [32mLoop time: 1.122s DC Power: [35m506.3W[32m DRAM power: 0.00W PCK power: 442.00W
	avg. CPUFreq: 2.57GHz avg. IMCFreq: 1.47GHz Next Frequency 2.60
	CPI: 0.372 VPI: 0.00, Mem. bwidth: 0.10GB/s GFLOPS: 0.00 I/O: 0.01MB/s No MPI  
	TPI 0.01 Cache miss rates: L1 1.09GB/s L2 0.00GB/s L3 0.00GB/s
	Total MPI calls 3
	IO DATA: rchar 5196 wchar 9433 syscr 74 syscw 30 read_bytes 0 write_bytes 434176
	Process OS info: (pid 2336949 state R utime 1107 stime 1 cutime 0 cstime 0 CPU usage 98)
	CPU temperature (celsius): socket 0: 64 socket 1: 73[0m
EAR[2336949](hratio_l30) at 2.60/1.47 in tcn273 MR[0] elapsed 3321 sec.: [32mLoop time: 1.122s DC Power: [35m506.3W[32m DRAM power: 0.00W PCK power: 442.22W
	avg. CPUFreq: 2.57GHz avg. IMCFreq: 1.47GHz Next Frequency 2.60
	CPI: 0.371 VPI: 0.00, Mem. bwidth: 0.12GB/s GFLOPS: 0.00 I/O: 0.01MB/s No MPI  
	TPI 0.02 Cache miss rates: L1 1.08GB/s L2 0.00GB/s L3 0.00GB/s
	Total MPI calls 3
	IO DATA: rchar 5196 wchar 9433 syscr 74 syscw 30 read_bytes 0 write_bytes 552960
	Process OS info: (pid 2336949 state R utime 1107 stime 1 cutime 0 cstime 0 CPU usage 98)
	CPU temperature (celsius): socket 0: 63 socket 1: 73[0m
EAR[2336949](hratio_l30) at 2.60/1.47 in tcn273 MR[0] elapsed 3333 sec.: [32mLoop time: 1.122s DC Power: [35m455.6W[32m DRAM power: 0.00W PCK power: 442.07W
	avg. CPUFreq: 2.57GHz avg. IMCFreq: 1.47GHz Next Frequency 2.60
	CPI: 0.372 VPI: 0.00, Mem. bwidth: 0.11GB/s GFLOPS: 0.00 I/O: 0.01MB/s No MPI  
	TPI 0.02 Cache miss rates: L1 1.09GB/s L2 0.00GB/s L3 0.00GB/s
	Total MPI calls 3
	IO DATA: rchar 5196 wchar 9433 syscr 74 syscw 30 read_bytes 0 write_bytes 442368
	Process OS info: (pid 2336949 state R utime 1107 stime 1 cutime 0 cstime 0 CPU usage 98)
	CPU temperature (celsius): socket 0: 63 socket 1: 73[0m
EAR[2336949](hratio_l30) at 2.60/1.47 in tcn273 MR[0] elapsed 3344 sec.: [32mLoop time: 1.122s DC Power: [35m506.2W[32m DRAM power: 0.00W PCK power: 442.06W
	avg. CPUFreq: 2.57GHz avg. IMCFreq: 1.47GHz Next Frequency 2.60
	CPI: 0.372 VPI: 0.00, Mem. bwidth: 0.09GB/s GFLOPS: 0.00 I/O: 0.01MB/s No MPI  
	TPI 0.01 Cache miss rates: L1 1.17GB/s L2 0.00GB/s L3 0.00GB/s
	Total MPI calls 3
	IO DATA: rchar 5196 wchar 9433 syscr 74 syscw 30 read_bytes 0 write_bytes 499712
	Process OS info: (pid 2336949 state R utime 1108 stime 1 cutime 0 cstime 0 CPU usage 98)
	CPU temperature (celsius): socket 0: 63 socket 1: 73[0m
EAR[2336949](hratio_l30) at 2.60/1.47 in tcn273 MR[0] elapsed 3355 sec.: [32mLoop time: 1.122s DC Power: [35m506.2W[32m DRAM power: 0.00W PCK power: 442.21W
	avg. CPUFreq: 2.57GHz avg. IMCFreq: 1.47GHz Next Frequency 2.60
	CPI: 0.372 VPI: 0.00, Mem. bwidth: 0.11GB/s GFLOPS: 0.00 I/O: 0.01MB/s No MPI  
	TPI 0.02 Cache miss rates: L1 1.10GB/s L2 0.00GB/s L3 0.00GB/s
	Total MPI calls 3
	IO DATA: rchar 5197 wchar 9433 syscr 74 syscw 30 read_bytes 0 write_bytes 446464
	Process OS info: (pid 2336949 state R utime 1107 stime 1 cutime 0 cstime 0 CPU usage 98)
	CPU temperature (celsius): socket 0: 64 socket 1: 73[0m
EAR[2336949](hratio_l30) at 2.60/1.47 in tcn273 MR[0] elapsed 3366 sec.: [32mLoop time: 1.122s DC Power: [35m506.4W[32m DRAM power: 0.00W PCK power: 441.98W
	avg. CPUFreq: 2.57GHz avg. IMCFreq: 1.47GHz Next Frequency 2.60
	CPI: 0.371 VPI: 0.00, Mem. bwidth: 0.11GB/s GFLOPS: 0.00 I/O: 0.01MB/s No MPI  
	TPI 0.02 Cache miss rates: L1 1.08GB/s L2 0.00GB/s L3 0.00GB/s
	Total MPI calls 3
	IO DATA: rchar 5197 wchar 9433 syscr 74 syscw 30 read_bytes 0 write_bytes 434176
	Process OS info: (pid 2336949 state R utime 1107 stime 2 cutime 0 cstime 0 CPU usage 98)
	CPU temperature (celsius): socket 0: 63 socket 1: 73[0m
EAR[2336949](hratio_l30) at 2.60/1.47 in tcn273 MR[0] elapsed 3377 sec.: [32mLoop time: 1.122s DC Power: [35m506.2W[32m DRAM power: 0.00W PCK power: 441.96W
	avg. CPUFreq: 2.57GHz avg. IMCFreq: 1.47GHz Next Frequency 2.60
	CPI: 0.371 VPI: 0.00, Mem. bwidth: 0.09GB/s GFLOPS: 0.00 I/O: 0.01MB/s No MPI  
	TPI 0.01 Cache miss rates: L1 1.08GB/s L2 0.00GB/s L3 0.00GB/s
	Total MPI calls 3
	IO DATA: rchar 5197 wchar 9433 syscr 74 syscw 30 read_bytes 0 write_bytes 442368
	Process OS info: (pid 2336949 state R utime 1107 stime 1 cutime 0 cstime 0 CPU usage 98)
	CPU temperature (celsius): socket 0: 64 socket 1: 73[0m
EAR[2336949](hratio_l30) at 2.60/1.47 in tcn273 MR[0] elapsed 3389 sec.: [32mLoop time: 1.121s DC Power: [35m455.8W[32m DRAM power: 0.00W PCK power: 442.11W
	avg. CPUFreq: 2.57GHz avg. IMCFreq: 1.47GHz Next Frequency 2.60
	CPI: 0.371 VPI: 0.00, Mem. bwidth: 0.13GB/s GFLOPS: 0.00 I/O: 0.01MB/s No MPI  
	TPI 0.02 Cache miss rates: L1 1.16GB/s L2 0.00GB/s L3 0.00GB/s
	Total MPI calls 3
	IO DATA: rchar 5197 wchar 9433 syscr 74 syscw 30 read_bytes 0 write_bytes 438272
	Process OS info: (pid 2336949 state R utime 1106 stime 1 cutime 0 cstime 0 CPU usage 98)
	CPU temperature (celsius): socket 0: 64 socket 1: 73[0m
EAR[2336949](hratio_l30) at 2.60/1.47 in tcn273 MR[0] elapsed 3400 sec.: [32mLoop time: 1.122s DC Power: [35m506.6W[32m DRAM power: 0.00W PCK power: 442.11W
	avg. CPUFreq: 2.57GHz avg. IMCFreq: 1.47GHz Next Frequency 2.60
	CPI: 0.371 VPI: 0.00, Mem. bwidth: 0.09GB/s GFLOPS: 0.00 I/O: 0.01MB/s No MPI  
	TPI 0.01 Cache miss rates: L1 1.09GB/s L2 0.00GB/s L3 0.00GB/s
	Total MPI calls 3
	IO DATA: rchar 5197 wchar 9433 syscr 74 syscw 30 read_bytes 0 write_bytes 438272
	Process OS info: (pid 2336949 state R utime 1107 stime 2 cutime 0 cstime 0 CPU usage 98)
	CPU temperature (celsius): socket 0: 64 socket 1: 73[0m
EAR[2336949](hratio_l30) at 2.60/1.47 in tcn273 MR[0] elapsed 3411 sec.: [32mLoop time: 1.122s DC Power: [35m507.1W[32m DRAM power: 0.00W PCK power: 442.19W
	avg. CPUFreq: 2.57GHz avg. IMCFreq: 1.47GHz Next Frequency 2.60
	CPI: 0.372 VPI: 0.00, Mem. bwidth: 0.11GB/s GFLOPS: 0.00 I/O: 0.01MB/s No MPI  
	TPI 0.02 Cache miss rates: L1 1.09GB/s L2 0.00GB/s L3 0.00GB/s
	Total MPI calls 3
	IO DATA: rchar 5197 wchar 9433 syscr 74 syscw 30 read_bytes 0 write_bytes 434176
	Process OS info: (pid 2336949 state R utime 1108 stime 1 cutime 0 cstime 0 CPU usage 98)
	CPU temperature (celsius): socket 0: 64 socket 1: 73[0m
EAR[2336949](hratio_l30) at 2.60/1.47 in tcn273 MR[0] elapsed 3422 sec.: [32mLoop time: 1.121s DC Power: [35m508.3W[32m DRAM power: 0.00W PCK power: 442.10W
	avg. CPUFreq: 2.57GHz avg. IMCFreq: 1.47GHz Next Frequency 2.60
	CPI: 0.371 VPI: 0.00, Mem. bwidth: 0.11GB/s GFLOPS: 0.00 I/O: 0.01MB/s No MPI  
	TPI 0.02 Cache miss rates: L1 1.08GB/s L2 0.00GB/s L3 0.00GB/s
	Total MPI calls 3
	IO DATA: rchar 5197 wchar 9433 syscr 74 syscw 30 read_bytes 0 write_bytes 438272
	Process OS info: (pid 2336949 state R utime 1106 stime 1 cutime 0 cstime 0 CPU usage 98)
	CPU temperature (celsius): socket 0: 64 socket 1: 73[0m
EAR[2336949](hratio_l30) at 2.60/1.47 in tcn273 MR[0] elapsed 3434 sec.: [32mLoop time: 1.121s DC Power: [35m508.3W[32m DRAM power: 0.00W PCK power: 442.11W
	avg. CPUFreq: 2.57GHz avg. IMCFreq: 1.47GHz Next Frequency 2.60
	CPI: 0.372 VPI: 0.00, Mem. bwidth: 0.12GB/s GFLOPS: 0.00 I/O: 0.01MB/s No MPI  
	TPI 0.02 Cache miss rates: L1 1.08GB/s L2 0.00GB/s L3 0.00GB/s
	Total MPI calls 3
	IO DATA: rchar 5197 wchar 9433 syscr 74 syscw 30 read_bytes 0 write_bytes 294912
	Process OS info: (pid 2336949 state R utime 1107 stime 1 cutime 0 cstime 0 CPU usage 98)
	CPU temperature (celsius): socket 0: 64 socket 1: 73[0m
EAR[2336949](hratio_l30) at 2.60/1.47 in tcn273 MR[0] elapsed 3445 sec.: [32mLoop time: 1.122s DC Power: [35m507.9W[32m DRAM power: 0.00W PCK power: 442.12W
	avg. CPUFreq: 2.57GHz avg. IMCFreq: 1.47GHz Next Frequency 2.60
	CPI: 0.372 VPI: 0.00, Mem. bwidth: 0.12GB/s GFLOPS: 0.00 I/O: 0.01MB/s No MPI  
	TPI 0.02 Cache miss rates: L1 1.17GB/s L2 0.00GB/s L3 0.00GB/s
	Total MPI calls 3
	IO DATA: rchar 5197 wchar 9433 syscr 74 syscw 30 read_bytes 0 write_bytes 430080
	Process OS info: (pid 2336949 state R utime 1107 stime 1 cutime 0 cstime 0 CPU usage 98)
	CPU temperature (celsius): socket 0: 63 socket 1: 73[0m
EAR[2336949](hratio_l30) at 2.60/1.47 in tcn273 MR[0] elapsed 3456 sec.: [32mLoop time: 1.121s DC Power: [35m456.7W[32m DRAM power: 0.00W PCK power: 441.95W
	avg. CPUFreq: 2.57GHz avg. IMCFreq: 1.47GHz Next Frequency 2.60
	CPI: 0.372 VPI: 0.00, Mem. bwidth: 0.12GB/s GFLOPS: 0.00 I/O: 0.01MB/s No MPI  
	TPI 0.02 Cache miss rates: L1 1.10GB/s L2 0.00GB/s L3 0.00GB/s
	Total MPI calls 3
	IO DATA: rchar 5197 wchar 9433 syscr 74 syscw 30 read_bytes 0 write_bytes 434176
	Process OS info: (pid 2336949 state R utime 1106 stime 1 cutime 0 cstime 0 CPU usage 98)
	CPU temperature (celsius): socket 0: 64 socket 1: 73[0m
EAR[2336949](hratio_l30) at 2.60/1.47 in tcn273 MR[0] elapsed 3467 sec.: [32mLoop time: 1.122s DC Power: [35m506.3W[32m DRAM power: 0.00W PCK power: 442.05W
	avg. CPUFreq: 2.57GHz avg. IMCFreq: 1.47GHz Next Frequency 2.60
	CPI: 0.372 VPI: 0.00, Mem. bwidth: 0.10GB/s GFLOPS: 0.00 I/O: 0.01MB/s No MPI  
	TPI 0.01 Cache miss rates: L1 1.08GB/s L2 0.00GB/s L3 0.00GB/s
	Total MPI calls 3
	IO DATA: rchar 5197 wchar 9433 syscr 74 syscw 30 read_bytes 0 write_bytes 434176
	Process OS info: (pid 2336949 state R utime 1107 stime 1 cutime 0 cstime 0 CPU usage 98)
	CPU temperature (celsius): socket 0: 64 socket 1: 73[0m
EAR[2336949](hratio_l30) at 2.60/1.47 in tcn273 MR[0] elapsed 3478 sec.: [32mLoop time: 1.122s DC Power: [35m506.4W[32m DRAM power: 0.00W PCK power: 442.34W
	avg. CPUFreq: 2.57GHz avg. IMCFreq: 1.47GHz Next Frequency 2.60
	CPI: 0.371 VPI: 0.00, Mem. bwidth: 0.12GB/s GFLOPS: 0.00 I/O: 0.01MB/s No MPI  
	TPI 0.02 Cache miss rates: L1 1.09GB/s L2 0.00GB/s L3 0.00GB/s
	Total MPI calls 3
	IO DATA: rchar 5197 wchar 9433 syscr 74 syscw 30 read_bytes 0 write_bytes 573440
	Process OS info: (pid 2336949 state R utime 1108 stime 1 cutime 0 cstime 0 CPU usage 98)
	CPU temperature (celsius): socket 0: 64 socket 1: 73[0m
EAR[2336949](hratio_l30) at 2.60/1.47 in tcn273 MR[0] elapsed 3490 sec.: [32mLoop time: 1.122s DC Power: [35m506.4W[32m DRAM power: 0.00W PCK power: 442.23W
	avg. CPUFreq: 2.57GHz avg. IMCFreq: 1.47GHz Next Frequency 2.60
	CPI: 0.371 VPI: 0.00, Mem. bwidth: 0.10GB/s GFLOPS: 0.00 I/O: 0.01MB/s No MPI  
	TPI 0.01 Cache miss rates: L1 1.12GB/s L2 0.00GB/s L3 0.00GB/s
	Total MPI calls 3
	IO DATA: rchar 5197 wchar 9433 syscr 74 syscw 30 read_bytes 0 write_bytes 442368
	Process OS info: (pid 2336949 state R utime 1107 stime 2 cutime 0 cstime 0 CPU usage 98)
	CPU temperature (celsius): socket 0: 63 socket 1: 73[0m
EAR[2336949](hratio_l30) at 2.60/1.47 in tcn273 MR[0] elapsed 3501 sec.: [32mLoop time: 1.122s DC Power: [35m506.2W[32m DRAM power: 0.00W PCK power: 442.20W
	avg. CPUFreq: 2.57GHz avg. IMCFreq: 1.47GHz Next Frequency 2.60
	CPI: 0.371 VPI: 0.00, Mem. bwidth: 0.13GB/s GFLOPS: 0.00 I/O: 0.01MB/s No MPI  
	TPI 0.02 Cache miss rates: L1 1.12GB/s L2 0.00GB/s L3 0.00GB/s
	Total MPI calls 3
	IO DATA: rchar 5197 wchar 9433 syscr 74 syscw 30 read_bytes 0 write_bytes 434176
	Process OS info: (pid 2336949 state R utime 1107 stime 0 cutime 0 cstime 0 CPU usage 98)
	CPU temperature (celsius): socket 0: 64 socket 1: 73[0m
EAR[2336949](hratio_l30) at 2.60/1.47 in tcn273 MR[0] elapsed 3512 sec.: [32mLoop time: 1.122s DC Power: [35m455.7W[32m DRAM power: 0.00W PCK power: 442.07W
	avg. CPUFreq: 2.57GHz avg. IMCFreq: 1.47GHz Next Frequency 2.60
	CPI: 0.372 VPI: 0.00, Mem. bwidth: 0.12GB/s GFLOPS: 0.00 I/O: 0.01MB/s No MPI  
	TPI 0.02 Cache miss rates: L1 1.10GB/s L2 0.00GB/s L3 0.00GB/s
	Total MPI calls 3
	IO DATA: rchar 5197 wchar 9433 syscr 74 syscw 30 read_bytes 0 write_bytes 438272
	Process OS info: (pid 2336949 state R utime 1107 stime 2 cutime 0 cstime 0 CPU usage 98)
	CPU temperature (celsius): socket 0: 64 socket 1: 73[0m
EAR[2336949](hratio_l30) at 2.60/1.47 in tcn273 MR[0] elapsed 3523 sec.: [32mLoop time: 1.122s DC Power: [35m506.3W[32m DRAM power: 0.00W PCK power: 442.10W
	avg. CPUFreq: 2.57GHz avg. IMCFreq: 1.47GHz Next Frequency 2.60
	CPI: 0.372 VPI: 0.00, Mem. bwidth: 0.08GB/s GFLOPS: 0.00 I/O: 0.01MB/s No MPI  
	TPI 0.01 Cache miss rates: L1 1.08GB/s L2 0.00GB/s L3 0.00GB/s
	Total MPI calls 3
	IO DATA: rchar 5197 wchar 9433 syscr 74 syscw 30 read_bytes 0 write_bytes 536576
	Process OS info: (pid 2336949 state R utime 1107 stime 1 cutime 0 cstime 0 CPU usage 98)
	CPU temperature (celsius): socket 0: 64 socket 1: 73[0m
EAR[2336949](hratio_l30) at 2.60/1.47 in tcn273 MR[0] elapsed 3534 sec.: [32mLoop time: 1.121s DC Power: [35m506.5W[32m DRAM power: 0.00W PCK power: 442.30W
	avg. CPUFreq: 2.57GHz avg. IMCFreq: 1.47GHz Next Frequency 2.60
	CPI: 0.371 VPI: 0.00, Mem. bwidth: 0.11GB/s GFLOPS: 0.00 I/O: 0.01MB/s No MPI  
	TPI 0.02 Cache miss rates: L1 1.08GB/s L2 0.00GB/s L3 0.00GB/s
	Total MPI calls 3
	IO DATA: rchar 5197 wchar 9433 syscr 74 syscw 30 read_bytes 0 write_bytes 294912
	Process OS info: (pid 2336949 state R utime 1107 stime 1 cutime 0 cstime 0 CPU usage 98)
	CPU temperature (celsius): socket 0: 63 socket 1: 73[0m
EAR[2336949](hratio_l30) at 2.60/1.47 in tcn273 MR[0] elapsed 3546 sec.: [32mLoop time: 1.127s DC Power: [35m504.0W[32m DRAM power: 0.00W PCK power: 442.06W
	avg. CPUFreq: 2.57GHz avg. IMCFreq: 1.47GHz Next Frequency 2.60
	CPI: 0.371 VPI: 0.00, Mem. bwidth: 0.11GB/s GFLOPS: 0.00 I/O: 0.01MB/s No MPI  
	TPI 0.02 Cache miss rates: L1 1.16GB/s L2 0.00GB/s L3 0.00GB/s
	Total MPI calls 3
	IO DATA: rchar 5197 wchar 9433 syscr 74 syscw 30 read_bytes 0 write_bytes 581632
	Process OS info: (pid 2336949 state R utime 1107 stime 1 cutime 0 cstime 0 CPU usage 98)
	CPU temperature (celsius): socket 0: 64 socket 1: 73[0m
EAR[2336949](hratio_l30) at 2.60/1.47 in tcn273 MR[0] elapsed 3557 sec.: [32mLoop time: 1.122s DC Power: [35m506.1W[32m DRAM power: 0.00W PCK power: 441.93W
	avg. CPUFreq: 2.57GHz avg. IMCFreq: 1.47GHz Next Frequency 2.60
	CPI: 0.372 VPI: 0.00, Mem. bwidth: 0.12GB/s GFLOPS: 0.00 I/O: 0.01MB/s No MPI  
	TPI 0.02 Cache miss rates: L1 1.09GB/s L2 0.00GB/s L3 0.00GB/s
	Total MPI calls 3
	IO DATA: rchar 5197 wchar 9433 syscr 74 syscw 30 read_bytes 0 write_bytes 434176
	Process OS info: (pid 2336949 state R utime 1106 stime 1 cutime 0 cstime 0 CPU usage 98)
	CPU temperature (celsius): socket 0: 63 socket 1: 73[0m
EAR[2336949](hratio_l30) at 2.60/1.47 in tcn273 MR[0] elapsed 3568 sec.: [32mLoop time: 1.122s DC Power: [35m455.5W[32m DRAM power: 0.00W PCK power: 442.17W
	avg. CPUFreq: 2.57GHz avg. IMCFreq: 1.47GHz Next Frequency 2.60
	CPI: 0.372 VPI: 0.00, Mem. bwidth: 0.13GB/s GFLOPS: 0.00 I/O: 0.01MB/s No MPI  
	TPI 0.02 Cache miss rates: L1 1.08GB/s L2 0.00GB/s L3 0.00GB/s
	Total MPI calls 3
	IO DATA: rchar 5197 wchar 9433 syscr 74 syscw 30 read_bytes 0 write_bytes 438272
	Process OS info: (pid 2336949 state R utime 1108 stime 2 cutime 0 cstime 0 CPU usage 98)
	CPU temperature (celsius): socket 0: 64 socket 1: 73[0m
EAR[2336949](hratio_l30) at 2.60/1.47 in tcn273 MR[0] elapsed 3579 sec.: [32mLoop time: 1.122s DC Power: [35m507.0W[32m DRAM power: 0.00W PCK power: 442.09W
	avg. CPUFreq: 2.57GHz avg. IMCFreq: 1.47GHz Next Frequency 2.60
	CPI: 0.372 VPI: 0.00, Mem. bwidth: 0.08GB/s GFLOPS: 0.00 I/O: 0.01MB/s No MPI  
	TPI 0.01 Cache miss rates: L1 1.08GB/s L2 0.00GB/s L3 0.00GB/s
	Total MPI calls 3
	IO DATA: rchar 5197 wchar 9433 syscr 74 syscw 30 read_bytes 0 write_bytes 438272
	Process OS info: (pid 2336949 state R utime 1107 stime 1 cutime 0 cstime 0 CPU usage 98)
	CPU temperature (celsius): socket 0: 64 socket 1: 73[0m
EAR[2336949](hratio_l30) at 2.60/1.47 in tcn273 MR[0] elapsed 3591 sec.: [32mLoop time: 1.122s DC Power: [35m507.6W[32m DRAM power: 0.00W PCK power: 442.18W
	avg. CPUFreq: 2.57GHz avg. IMCFreq: 1.47GHz Next Frequency 2.60
	CPI: 0.372 VPI: 0.00, Mem. bwidth: 0.11GB/s GFLOPS: 0.00 I/O: 0.01MB/s No MPI  
	TPI 0.02 Cache miss rates: L1 1.16GB/s L2 0.00GB/s L3 0.00GB/s
	Total MPI calls 3
	IO DATA: rchar 5197 wchar 9433 syscr 74 syscw 30 read_bytes 0 write_bytes 434176
	Process OS info: (pid 2336949 state R utime 1106 stime 1 cutime 0 cstime 0 CPU usage 98)
	CPU temperature (celsius): socket 0: 63 socket 1: 73[0m
EAR[2336949](hratio_l30) at 2.60/1.47 in tcn273 MR[0] elapsed 3602 sec.: [32mLoop time: 1.123s DC Power: [35m507.8W[32m DRAM power: 0.00W PCK power: 442.01W
	avg. CPUFreq: 2.57GHz avg. IMCFreq: 1.47GHz Next Frequency 2.60
	CPI: 0.372 VPI: 0.00, Mem. bwidth: 0.12GB/s GFLOPS: 0.00 I/O: 0.01MB/s No MPI  
	TPI 0.02 Cache miss rates: L1 1.09GB/s L2 0.00GB/s L3 0.00GB/s
	Total MPI calls 3
	IO DATA: rchar 5197 wchar 9433 syscr 74 syscw 30 read_bytes 0 write_bytes 446464
	Process OS info: (pid 2336949 state R utime 1106 stime 2 cutime 0 cstime 0 CPU usage 98)
	CPU temperature (celsius): socket 0: 64 socket 1: 73[0m
EAR[2336949](hratio_l30) at 2.60/1.47 in tcn273 MR[0] elapsed 3613 sec.: [32mLoop time: 1.121s DC Power: [35m508.3W[32m DRAM power: 0.00W PCK power: 442.07W
	avg. CPUFreq: 2.57GHz avg. IMCFreq: 1.47GHz Next Frequency 2.60
	CPI: 0.372 VPI: 0.00, Mem. bwidth: 0.09GB/s GFLOPS: 0.00 I/O: 0.01MB/s No MPI  
	TPI 0.01 Cache miss rates: L1 1.09GB/s L2 0.00GB/s L3 0.00GB/s
	Total MPI calls 3
	IO DATA: rchar 5197 wchar 9433 syscr 74 syscw 30 read_bytes 0 write_bytes 528384
	Process OS info: (pid 2336949 state R utime 1106 stime 1 cutime 0 cstime 0 CPU usage 98)
	CPU temperature (celsius): socket 0: 63 socket 1: 73[0m
EAR[2336949](hratio_l30) at 2.60/1.47 in tcn273 MR[0] elapsed 3624 sec.: [32mLoop time: 1.122s DC Power: [35m507.7W[32m DRAM power: 0.00W PCK power: 442.15W
	avg. CPUFreq: 2.57GHz avg. IMCFreq: 1.47GHz Next Frequency 2.60
	CPI: 0.372 VPI: 0.00, Mem. bwidth: 0.11GB/s GFLOPS: 0.00 I/O: 0.01MB/s No MPI  
	TPI 0.02 Cache miss rates: L1 1.08GB/s L2 0.00GB/s L3 0.00GB/s
	Total MPI calls 3
	IO DATA: rchar 5197 wchar 9433 syscr 74 syscw 30 read_bytes 0 write_bytes 434176
	Process OS info: (pid 2336949 state R utime 1106 stime 1 cutime 0 cstime 0 CPU usage 98)
	CPU temperature (celsius): socket 0: 64 socket 1: 73[0m
EAR[2336949](hratio_l30) at 2.60/1.47 in tcn273 MR[0] elapsed 3636 sec.: [32mLoop time: 1.122s DC Power: [35m506.7W[32m DRAM power: 0.00W PCK power: 442.04W
	avg. CPUFreq: 2.57GHz avg. IMCFreq: 1.47GHz Next Frequency 2.60
	CPI: 0.371 VPI: 0.00, Mem. bwidth: 0.10GB/s GFLOPS: 0.00 I/O: 0.01MB/s No MPI  
	TPI 0.02 Cache miss rates: L1 1.08GB/s L2 0.00GB/s L3 0.00GB/s
	Total MPI calls 3
	IO DATA: rchar 5197 wchar 9433 syscr 74 syscw 30 read_bytes 0 write_bytes 299008
	Process OS info: (pid 2336949 state R utime 1107 stime 1 cutime 0 cstime 0 CPU usage 98)
	CPU temperature (celsius): socket 0: 64 socket 1: 73[0m
EAR[2336949](hratio_l30) at 2.60/1.47 in tcn273 MR[0] elapsed 3647 sec.: [32mLoop time: 1.121s DC Power: [35m506.5W[32m DRAM power: 0.00W PCK power: 441.99W
	avg. CPUFreq: 2.57GHz avg. IMCFreq: 1.47GHz Next Frequency 2.60
	CPI: 0.371 VPI: 0.00, Mem. bwidth: 0.09GB/s GFLOPS: 0.00 I/O: 0.01MB/s No MPI  
	TPI 0.01 Cache miss rates: L1 1.17GB/s L2 0.00GB/s L3 0.00GB/s
	Total MPI calls 3
	IO DATA: rchar 5197 wchar 9433 syscr 74 syscw 30 read_bytes 0 write_bytes 434176
	Process OS info: (pid 2336949 state R utime 1107 stime 1 cutime 0 cstime 0 CPU usage 98)
	CPU temperature (celsius): socket 0: 63 socket 1: 73[0m
EAR[2336949](hratio_l30) at 2.60/1.47 in tcn273 MR[0] elapsed 3658 sec.: [32mLoop time: 1.123s DC Power: [35m505.6W[32m DRAM power: 0.00W PCK power: 442.10W
	avg. CPUFreq: 2.57GHz avg. IMCFreq: 1.47GHz Next Frequency 2.60
	CPI: 0.371 VPI: 0.00, Mem. bwidth: 0.13GB/s GFLOPS: 0.00 I/O: 0.01MB/s No MPI  
	TPI 0.02 Cache miss rates: L1 1.10GB/s L2 0.00GB/s L3 0.00GB/s
	Total MPI calls 3
	IO DATA: rchar 5197 wchar 9433 syscr 74 syscw 30 read_bytes 0 write_bytes 434176
	Process OS info: (pid 2336949 state R utime 1109 stime 1 cutime 0 cstime 0 CPU usage 98)
	CPU temperature (celsius): socket 0: 64 socket 1: 73[0m
EAR[2336949](hratio_l30) at 2.60/1.47 in tcn273 MR[0] elapsed 3669 sec.: [32mLoop time: 1.127s DC Power: [35m504.0W[32m DRAM power: 0.00W PCK power: 441.93W
	avg. CPUFreq: 2.57GHz avg. IMCFreq: 1.47GHz Next Frequency 2.60
	CPI: 0.371 VPI: 0.00, Mem. bwidth: 0.10GB/s GFLOPS: 0.00 I/O: 0.01MB/s No MPI  
	TPI 0.02 Cache miss rates: L1 1.08GB/s L2 0.00GB/s L3 0.00GB/s
	Total MPI calls 3
	IO DATA: rchar 5197 wchar 9433 syscr 74 syscw 30 read_bytes 0 write_bytes 577536
	Process OS info: (pid 2336949 state R utime 1112 stime 1 cutime 0 cstime 0 CPU usage 98)
	CPU temperature (celsius): socket 0: 64 socket 1: 73[0m
EAR[2336949](hratio_l30) at 2.60/1.47 in tcn273 MR[0] elapsed 3680 sec.: [32mLoop time: 1.122s DC Power: [35m506.2W[32m DRAM power: 0.00W PCK power: 442.09W
	avg. CPUFreq: 2.57GHz avg. IMCFreq: 1.47GHz Next Frequency 2.60
	CPI: 0.372 VPI: 0.00, Mem. bwidth: 0.15GB/s GFLOPS: 0.00 I/O: 0.01MB/s No MPI  
	TPI 0.02 Cache miss rates: L1 1.08GB/s L2 0.00GB/s L3 0.00GB/s
	Total MPI calls 3
	IO DATA: rchar 5197 wchar 9433 syscr 74 syscw 30 read_bytes 0 write_bytes 442368
	Process OS info: (pid 2336949 state R utime 1106 stime 1 cutime 0 cstime 0 CPU usage 98)
	CPU temperature (celsius): socket 0: 64 socket 1: 73[0m
EAR[2336949](hratio_l30) at 2.60/1.47 in tcn273 MR[0] elapsed 3692 sec.: [32mLoop time: 1.122s DC Power: [35m455.8W[32m DRAM power: 0.00W PCK power: 441.96W
	avg. CPUFreq: 2.57GHz avg. IMCFreq: 1.47GHz Next Frequency 2.60
	CPI: 0.372 VPI: 0.00, Mem. bwidth: 0.12GB/s GFLOPS: 0.00 I/O: 0.01MB/s No MPI  
	TPI 0.02 Cache miss rates: L1 1.17GB/s L2 0.00GB/s L3 0.00GB/s
	Total MPI calls 3
	IO DATA: rchar 5197 wchar 9433 syscr 74 syscw 30 read_bytes 0 write_bytes 442368
	Process OS info: (pid 2336949 state R utime 1106 stime 1 cutime 0 cstime 0 CPU usage 98)
	CPU temperature (celsius): socket 0: 64 socket 1: 73[0m
EAR[2336949](hratio_l30) at 2.60/1.47 in tcn273 MR[0] elapsed 3703 sec.: [32mLoop time: 1.122s DC Power: [35m506.2W[32m DRAM power: 0.00W PCK power: 441.98W
	avg. CPUFreq: 2.57GHz avg. IMCFreq: 1.47GHz Next Frequency 2.60
	CPI: 0.371 VPI: 0.00, Mem. bwidth: 0.10GB/s GFLOPS: 0.00 I/O: 0.01MB/s No MPI  
	TPI 0.01 Cache miss rates: L1 1.09GB/s L2 0.00GB/s L3 0.00GB/s
	Total MPI calls 3
	IO DATA: rchar 5197 wchar 9433 syscr 74 syscw 30 read_bytes 0 write_bytes 438272
	Process OS info: (pid 2336949 state R utime 1107 stime 1 cutime 0 cstime 0 CPU usage 98)
	CPU temperature (celsius): socket 0: 64 socket 1: 73[0m
EAR[2336949](hratio_l30) at 2.60/1.47 in tcn273 MR[0] elapsed 3714 sec.: [32mLoop time: 1.122s DC Power: [35m506.3W[32m DRAM power: 0.00W PCK power: 442.10W
	avg. CPUFreq: 2.57GHz avg. IMCFreq: 1.47GHz Next Frequency 2.60
	CPI: 0.372 VPI: 0.00, Mem. bwidth: 0.12GB/s GFLOPS: 0.00 I/O: 0.01MB/s No MPI  
	TPI 0.02 Cache miss rates: L1 1.09GB/s L2 0.00GB/s L3 0.00GB/s
	Total MPI calls 3
	IO DATA: rchar 5197 wchar 9433 syscr 74 syscw 30 read_bytes 0 write_bytes 434176
	Process OS info: (pid 2336949 state R utime 1107 stime 1 cutime 0 cstime 0 CPU usage 98)
	CPU temperature (celsius): socket 0: 63 socket 1: 73[0m
EAR[2336949](hratio_l30) at 2.60/1.47 in tcn273 MR[0] elapsed 3725 sec.: [32mLoop time: 1.121s DC Power: [35m506.5W[32m DRAM power: 0.00W PCK power: 442.05W
	avg. CPUFreq: 2.57GHz avg. IMCFreq: 1.47GHz Next Frequency 2.60
	CPI: 0.371 VPI: 0.00, Mem. bwidth: 0.12GB/s GFLOPS: 0.00 I/O: 0.01MB/s No MPI  
	TPI 0.02 Cache miss rates: L1 1.08GB/s L2 0.00GB/s L3 0.00GB/s
	Total MPI calls 3
	IO DATA: rchar 5197 wchar 9433 syscr 74 syscw 30 read_bytes 0 write_bytes 434176
	Process OS info: (pid 2336949 state R utime 1107 stime 2 cutime 0 cstime 0 CPU usage 98)
	CPU temperature (celsius): socket 0: 63 socket 1: 73[0m
EAR[2336949](hratio_l30) at 2.60/1.47 in tcn273 MR[0] elapsed 3737 sec.: [32mLoop time: 1.122s DC Power: [35m506.2W[32m DRAM power: 0.00W PCK power: 441.96W
	avg. CPUFreq: 2.57GHz avg. IMCFreq: 1.47GHz Next Frequency 2.60
	CPI: 0.371 VPI: 0.00, Mem. bwidth: 0.10GB/s GFLOPS: 0.00 I/O: 0.01MB/s No MPI  
	TPI 0.01 Cache miss rates: L1 1.08GB/s L2 0.00GB/s L3 0.00GB/s
	Total MPI calls 3
	IO DATA: rchar 5197 wchar 9433 syscr 74 syscw 30 read_bytes 0 write_bytes 434176
	Process OS info: (pid 2336949 state R utime 1107 stime 1 cutime 0 cstime 0 CPU usage 98)
	CPU temperature (celsius): socket 0: 64 socket 1: 73[0m
EAR[2336949](hratio_l30) at 2.60/1.47 in tcn273 MR[0] elapsed 3748 sec.: [32mLoop time: 1.123s DC Power: [35m455.3W[32m DRAM power: 0.00W PCK power: 442.13W
	avg. CPUFreq: 2.57GHz avg. IMCFreq: 1.47GHz Next Frequency 2.60
	CPI: 0.372 VPI: 0.00, Mem. bwidth: 0.13GB/s GFLOPS: 0.00 I/O: 0.01MB/s No MPI  
	TPI 0.02 Cache miss rates: L1 1.17GB/s L2 0.00GB/s L3 0.00GB/s
	Total MPI calls 3
	IO DATA: rchar 5197 wchar 9433 syscr 74 syscw 30 read_bytes 0 write_bytes 462848
	Process OS info: (pid 2336949 state R utime 1108 stime 1 cutime 0 cstime 0 CPU usage 98)
	CPU temperature (celsius): socket 0: 64 socket 1: 73[0m
EAR[2336949](hratio_l30) at 2.60/1.47 in tcn273 MR[0] elapsed 3759 sec.: [32mLoop time: 1.121s DC Power: [35m507.5W[32m DRAM power: 0.00W PCK power: 442.09W
	avg. CPUFreq: 2.57GHz avg. IMCFreq: 1.47GHz Next Frequency 2.60
	CPI: 0.371 VPI: 0.00, Mem. bwidth: 0.08GB/s GFLOPS: 0.00 I/O: 0.01MB/s No MPI  
	TPI 0.01 Cache miss rates: L1 1.10GB/s L2 0.00GB/s L3 0.00GB/s
	Total MPI calls 3
	IO DATA: rchar 5197 wchar 9433 syscr 74 syscw 30 read_bytes 0 write_bytes 434176
	Process OS info: (pid 2336949 state R utime 1107 stime 1 cutime 0 cstime 0 CPU usage 98)
	CPU temperature (celsius): socket 0: 64 socket 1: 73[0m
EAR[2336949](hratio_l30) at 2.60/1.47 in tcn273 MR[0] elapsed 3770 sec.: [32mLoop time: 1.122s DC Power: [35m508.1W[32m DRAM power: 0.00W PCK power: 442.21W
	avg. CPUFreq: 2.57GHz avg. IMCFreq: 1.47GHz Next Frequency 2.60
	CPI: 0.372 VPI: 0.00, Mem. bwidth: 0.11GB/s GFLOPS: 0.00 I/O: 0.01MB/s No MPI  
	TPI 0.02 Cache miss rates: L1 1.08GB/s L2 0.00GB/s L3 0.00GB/s
	Total MPI calls 3
	IO DATA: rchar 5197 wchar 9433 syscr 74 syscw 30 read_bytes 0 write_bytes 434176
	Process OS info: (pid 2336949 state R utime 1106 stime 1 cutime 0 cstime 0 CPU usage 98)
	CPU temperature (celsius): socket 0: 64 socket 1: 74[0m
EAR[2336949](hratio_l30) at 2.60/1.47 in tcn273 MR[0] elapsed 3781 sec.: [32mLoop time: 1.122s DC Power: [35m508.1W[32m DRAM power: 0.00W PCK power: 442.12W
	avg. CPUFreq: 2.57GHz avg. IMCFreq: 1.47GHz Next Frequency 2.60
	CPI: 0.372 VPI: 0.00, Mem. bwidth: 0.11GB/s GFLOPS: 0.00 I/O: 0.01MB/s No MPI  
	TPI 0.02 Cache miss rates: L1 1.08GB/s L2 0.00GB/s L3 0.00GB/s
	Total MPI calls 3
	IO DATA: rchar 5197 wchar 9433 syscr 74 syscw 30 read_bytes 0 write_bytes 442368
	Process OS info: (pid 2336949 state R utime 1107 stime 1 cutime 0 cstime 0 CPU usage 98)
	CPU temperature (celsius): socket 0: 64 socket 1: 73[0m
EAR[2336949](hratio_l30) at 2.60/1.47 in tcn273 MR[0] elapsed 3793 sec.: [32mLoop time: 1.122s DC Power: [35m507.9W[32m DRAM power: 0.00W PCK power: 442.13W
	avg. CPUFreq: 2.57GHz avg. IMCFreq: 1.47GHz Next Frequency 2.60
	CPI: 0.371 VPI: 0.00, Mem. bwidth: 0.11GB/s GFLOPS: 0.00 I/O: 0.01MB/s No MPI  
	TPI 0.02 Cache miss rates: L1 1.08GB/s L2 0.00GB/s L3 0.00GB/s
	Total MPI calls 3
	IO DATA: rchar 5197 wchar 9433 syscr 74 syscw 30 read_bytes 0 write_bytes 442368
	Process OS info: (pid 2336949 state R utime 1107 stime 1 cutime 0 cstime 0 CPU usage 98)
	CPU temperature (celsius): socket 0: 64 socket 1: 73[0m
EAR[2336949](hratio_l30) at 2.60/1.47 in tcn273 MR[0] elapsed 3804 sec.: [32mLoop time: 1.122s DC Power: [35m506.9W[32m DRAM power: 0.00W PCK power: 442.32W
	avg. CPUFreq: 2.57GHz avg. IMCFreq: 1.47GHz Next Frequency 2.60
	CPI: 0.371 VPI: 0.00, Mem. bwidth: 0.11GB/s GFLOPS: 0.00 I/O: 0.01MB/s No MPI  
	TPI 0.02 Cache miss rates: L1 1.17GB/s L2 0.00GB/s L3 0.00GB/s
	Total MPI calls 3
	IO DATA: rchar 5197 wchar 9433 syscr 74 syscw 30 read_bytes 0 write_bytes 696320
	Process OS info: (pid 2336949 state R utime 1106 stime 2 cutime 0 cstime 0 CPU usage 98)
	CPU temperature (celsius): socket 0: 64 socket 1: 73[0m
EAR[2336949](hratio_l30) at 2.60/1.47 in tcn273 MR[0] elapsed 3815 sec.: [32mLoop time: 1.122s DC Power: [35m455.5W[32m DRAM power: 0.00W PCK power: 442.16W
	avg. CPUFreq: 2.57GHz avg. IMCFreq: 1.47GHz Next Frequency 2.60
	CPI: 0.371 VPI: 0.00, Mem. bwidth: 0.10GB/s GFLOPS: 0.00 I/O: 0.01MB/s No MPI  
	TPI 0.02 Cache miss rates: L1 1.09GB/s L2 0.00GB/s L3 0.00GB/s
	Total MPI calls 3
	IO DATA: rchar 5197 wchar 9433 syscr 74 syscw 30 read_bytes 0 write_bytes 630784
	Process OS info: (pid 2336949 state R utime 1107 stime 1 cutime 0 cstime 0 CPU usage 98)
	CPU temperature (celsius): socket 0: 64 socket 1: 73[0m
EAR[2336949](hratio_l30) at 2.60/1.47 in tcn273 MR[0] elapsed 3826 sec.: [32mLoop time: 1.122s DC Power: [35m506.3W[32m DRAM power: 0.00W PCK power: 442.11W
	avg. CPUFreq: 2.57GHz avg. IMCFreq: 1.47GHz Next Frequency 2.60
	CPI: 0.372 VPI: 0.00, Mem. bwidth: 0.09GB/s GFLOPS: 0.00 I/O: 0.01MB/s No MPI  
	TPI 0.01 Cache miss rates: L1 1.08GB/s L2 0.00GB/s L3 0.00GB/s
	Total MPI calls 3
	IO DATA: rchar 5197 wchar 9433 syscr 74 syscw 30 read_bytes 0 write_bytes 438272
	Process OS info: (pid 2336949 state R utime 1101 stime 1 cutime 0 cstime 0 CPU usage 98)
	CPU temperature (celsius): socket 0: 64 socket 1: 73[0m
EAR[2336949](hratio_l30) at 2.60/1.47 in tcn273 MR[0] elapsed 3838 sec.: [32mLoop time: 1.122s DC Power: [35m506.2W[32m DRAM power: 0.00W PCK power: 442.20W
	avg. CPUFreq: 2.57GHz avg. IMCFreq: 1.47GHz Next Frequency 2.60
	CPI: 0.372 VPI: 0.00, Mem. bwidth: 0.12GB/s GFLOPS: 0.00 I/O: 0.01MB/s No MPI  
	TPI 0.02 Cache miss rates: L1 1.08GB/s L2 0.00GB/s L3 0.00GB/s
	Total MPI calls 3
	IO DATA: rchar 5197 wchar 9433 syscr 74 syscw 30 read_bytes 0 write_bytes 294912
	Process OS info: (pid 2336949 state R utime 1106 stime 1 cutime 0 cstime 0 CPU usage 98)
	CPU temperature (celsius): socket 0: 64 socket 1: 73[0m
EAR[2336949](hratio_l30) at 2.60/1.47 in tcn273 MR[0] elapsed 3849 sec.: [32mLoop time: 1.122s DC Power: [35m506.3W[32m DRAM power: 0.00W PCK power: 442.14W
	avg. CPUFreq: 2.57GHz avg. IMCFreq: 1.47GHz Next Frequency 2.60
	CPI: 0.371 VPI: 0.00, Mem. bwidth: 0.09GB/s GFLOPS: 0.00 I/O: 0.01MB/s No MPI  
	TPI 0.01 Cache miss rates: L1 1.17GB/s L2 0.00GB/s L3 0.00GB/s
	Total MPI calls 3
	IO DATA: rchar 5197 wchar 9433 syscr 74 syscw 30 read_bytes 0 write_bytes 438272
	Process OS info: (pid 2336949 state R utime 1106 stime 1 cutime 0 cstime 0 CPU usage 98)
	CPU temperature (celsius): socket 0: 63 socket 1: 73[0m
EAR[2336949](hratio_l30) at 2.60/1.47 in tcn273 MR[0] elapsed 3860 sec.: [32mLoop time: 1.122s DC Power: [35m506.2W[32m DRAM power: 0.00W PCK power: 442.17W
	avg. CPUFreq: 2.57GHz avg. IMCFreq: 1.47GHz Next Frequency 2.60
	CPI: 0.372 VPI: 0.00, Mem. bwidth: 0.14GB/s GFLOPS: 0.00 I/O: 0.01MB/s No MPI  
	TPI 0.02 Cache miss rates: L1 1.10GB/s L2 0.00GB/s L3 0.00GB/s
	Total MPI calls 3
	IO DATA: rchar 5197 wchar 9433 syscr 74 syscw 30 read_bytes 0 write_bytes 434176
	Process OS info: (pid 2336949 state R utime 1107 stime 1 cutime 0 cstime 0 CPU usage 98)
	CPU temperature (celsius): socket 0: 64 socket 1: 73[0m
EAR[2336949](hratio_l30) at 2.60/1.47 in tcn273 MR[0] elapsed 3871 sec.: [32mLoop time: 1.123s DC Power: [35m455.2W[32m DRAM power: 0.00W PCK power: 441.97W
	avg. CPUFreq: 2.57GHz avg. IMCFreq: 1.47GHz Next Frequency 2.60
	CPI: 0.372 VPI: 0.00, Mem. bwidth: 0.11GB/s GFLOPS: 0.00 I/O: 0.01MB/s No MPI  
	TPI 0.02 Cache miss rates: L1 1.08GB/s L2 0.00GB/s L3 0.00GB/s
	Total MPI calls 3
	IO DATA: rchar 5197 wchar 9433 syscr 74 syscw 30 read_bytes 0 write_bytes 438272
	Process OS info: (pid 2336949 state R utime 1107 stime 1 cutime 0 cstime 0 CPU usage 98)
	CPU temperature (celsius): socket 0: 63 socket 1: 73[0m
EAR[2336949](hratio_l30) at 2.60/1.47 in tcn273 MR[0] elapsed 3882 sec.: [32mLoop time: 1.122s DC Power: [35m506.4W[32m DRAM power: 0.00W PCK power: 442.07W
	avg. CPUFreq: 2.57GHz avg. IMCFreq: 1.47GHz Next Frequency 2.60
	CPI: 0.372 VPI: 0.00, Mem. bwidth: 0.08GB/s GFLOPS: 0.00 I/O: 0.01MB/s No MPI  
	TPI 0.01 Cache miss rates: L1 1.09GB/s L2 0.00GB/s L3 0.00GB/s
	Total MPI calls 3
	IO DATA: rchar 5197 wchar 9433 syscr 74 syscw 30 read_bytes 0 write_bytes 438272
	Process OS info: (pid 2336949 state R utime 1105 stime 2 cutime 0 cstime 0 CPU usage 98)
	CPU temperature (celsius): socket 0: 64 socket 1: 73[0m
EAR[2336949](hratio_l30) at 2.60/1.47 in tcn273 MR[0] elapsed 3894 sec.: [32mLoop time: 1.122s DC Power: [35m506.3W[32m DRAM power: 0.00W PCK power: 442.15W
	avg. CPUFreq: 2.57GHz avg. IMCFreq: 1.47GHz Next Frequency 2.60
	CPI: 0.372 VPI: 0.00, Mem. bwidth: 0.11GB/s GFLOPS: 0.00 I/O: 0.01MB/s No MPI  
	TPI 0.02 Cache miss rates: L1 1.08GB/s L2 0.00GB/s L3 0.00GB/s
	Total MPI calls 3
	IO DATA: rchar 5197 wchar 9433 syscr 74 syscw 30 read_bytes 0 write_bytes 442368
	Process OS info: (pid 2336949 state R utime 1107 stime 1 cutime 0 cstime 0 CPU usage 98)
	CPU temperature (celsius): socket 0: 64 socket 1: 74[0m
EAR[2336949](hratio_l30) at 2.60/1.47 in tcn273 MR[0] elapsed 3905 sec.: [32mLoop time: 1.121s DC Power: [35m506.5W[32m DRAM power: 0.00W PCK power: 441.97W
	avg. CPUFreq: 2.57GHz avg. IMCFreq: 1.47GHz Next Frequency 2.60
	CPI: 0.372 VPI: 0.00, Mem. bwidth: 0.11GB/s GFLOPS: 0.00 I/O: 0.01MB/s No MPI  
	TPI 0.02 Cache miss rates: L1 1.17GB/s L2 0.00GB/s L3 0.00GB/s
	Total MPI calls 3
	IO DATA: rchar 5197 wchar 9433 syscr 74 syscw 30 read_bytes 0 write_bytes 434176
	Process OS info: (pid 2336949 state R utime 1107 stime 1 cutime 0 cstime 0 CPU usage 98)
	CPU temperature (celsius): socket 0: 64 socket 1: 73[0m
EAR[2336949](hratio_l30) at 2.60/1.47 in tcn273 MR[0] elapsed 3916 sec.: [32mLoop time: 1.122s DC Power: [35m506.5W[32m DRAM power: 0.00W PCK power: 442.00W
	avg. CPUFreq: 2.57GHz avg. IMCFreq: 1.47GHz Next Frequency 2.60
	CPI: 0.372 VPI: 0.00, Mem. bwidth: 0.12GB/s GFLOPS: 0.00 I/O: 0.01MB/s No MPI  
	TPI 0.02 Cache miss rates: L1 1.10GB/s L2 0.00GB/s L3 0.00GB/s
	Total MPI calls 3
	IO DATA: rchar 5197 wchar 9433 syscr 74 syscw 30 read_bytes 0 write_bytes 434176
	Process OS info: (pid 2336949 state R utime 1107 stime 1 cutime 0 cstime 0 CPU usage 98)
	CPU temperature (celsius): socket 0: 64 socket 1: 73[0m
EAR[2336949](hratio_l30) at 2.60/1.47 in tcn273 MR[0] elapsed 3927 sec.: [32mLoop time: 1.122s DC Power: [35m456.2W[32m DRAM power: 0.00W PCK power: 442.20W
	avg. CPUFreq: 2.57GHz avg. IMCFreq: 1.47GHz Next Frequency 2.60
	CPI: 0.372 VPI: 0.00, Mem. bwidth: 0.13GB/s GFLOPS: 0.00 I/O: 0.01MB/s No MPI  
	TPI 0.02 Cache miss rates: L1 1.08GB/s L2 0.00GB/s L3 0.00GB/s
	Total MPI calls 3
	IO DATA: rchar 5197 wchar 9433 syscr 74 syscw 30 read_bytes 0 write_bytes 438272
	Process OS info: (pid 2336949 state R utime 1107 stime 2 cutime 0 cstime 0 CPU usage 98)
	CPU temperature (celsius): socket 0: 64 socket 1: 73[0m
EAR[2336949](hratio_l30) at 2.60/1.47 in tcn273 MR[0] elapsed 3939 sec.: [32mLoop time: 1.122s DC Power: [35m508.0W[32m DRAM power: 0.00W PCK power: 442.09W
	avg. CPUFreq: 2.57GHz avg. IMCFreq: 1.47GHz Next Frequency 2.60
	CPI: 0.372 VPI: 0.00, Mem. bwidth: 0.09GB/s GFLOPS: 0.00 I/O: 0.01MB/s No MPI  
	TPI 0.01 Cache miss rates: L1 1.08GB/s L2 0.00GB/s L3 0.00GB/s
	Total MPI calls 3
	IO DATA: rchar 5197 wchar 9433 syscr 74 syscw 30 read_bytes 0 write_bytes 581632
	Process OS info: (pid 2336949 state R utime 1108 stime 1 cutime 0 cstime 0 CPU usage 98)
	CPU temperature (celsius): socket 0: 64 socket 1: 73[0m
EAR[2336949](hratio_l30) at 2.60/1.47 in tcn273 MR[0] elapsed 3950 sec.: [32mLoop time: 1.122s DC Power: [35m508.4W[32m DRAM power: 0.00W PCK power: 442.23W
	avg. CPUFreq: 2.57GHz avg. IMCFreq: 1.47GHz Next Frequency 2.60
	CPI: 0.372 VPI: 0.00, Mem. bwidth: 0.11GB/s GFLOPS: 0.00 I/O: 0.01MB/s No MPI  
	TPI 0.02 Cache miss rates: L1 1.17GB/s L2 0.00GB/s L3 0.00GB/s
	Total MPI calls 3
	IO DATA: rchar 5197 wchar 9433 syscr 74 syscw 30 read_bytes 0 write_bytes 442368
	Process OS info: (pid 2336949 state R utime 1107 stime 1 cutime 0 cstime 0 CPU usage 98)
	CPU temperature (celsius): socket 0: 64 socket 1: 73[0m
EAR[2336949](hratio_l30) at 2.60/1.47 in tcn273 MR[0] elapsed 3961 sec.: [32mLoop time: 1.124s DC Power: [35m506.9W[32m DRAM power: 0.00W PCK power: 442.03W
	avg. CPUFreq: 2.57GHz avg. IMCFreq: 1.47GHz Next Frequency 2.60
	CPI: 0.372 VPI: 0.00, Mem. bwidth: 0.11GB/s GFLOPS: 0.00 I/O: 0.01MB/s No MPI  
	TPI 0.02 Cache miss rates: L1 1.09GB/s L2 0.00GB/s L3 0.00GB/s
	Total MPI calls 3
	IO DATA: rchar 5197 wchar 9433 syscr 74 syscw 30 read_bytes 0 write_bytes 483328
	Process OS info: (pid 2336949 state R utime 1108 stime 2 cutime 0 cstime 0 CPU usage 98)
	CPU temperature (celsius): socket 0: 63 socket 1: 73[0m
EAR[2336949](hratio_l30) at 2.60/1.47 in tcn273 MR[0] elapsed 3972 sec.: [32mLoop time: 1.122s DC Power: [35m507.2W[32m DRAM power: 0.00W PCK power: 442.08W
	avg. CPUFreq: 2.57GHz avg. IMCFreq: 1.47GHz Next Frequency 2.60
	CPI: 0.372 VPI: 0.00, Mem. bwidth: 0.10GB/s GFLOPS: 0.00 I/O: 0.01MB/s No MPI  
	TPI 0.01 Cache miss rates: L1 1.09GB/s L2 0.00GB/s L3 0.00GB/s
	Total MPI calls 3
	IO DATA: rchar 5197 wchar 9433 syscr 74 syscw 30 read_bytes 0 write_bytes 434176
	Process OS info: (pid 2336949 state R utime 1107 stime 1 cutime 0 cstime 0 CPU usage 98)
	CPU temperature (celsius): socket 0: 64 socket 1: 73[0m
EAR[2336949](hratio_l30) at 2.60/1.47 in tcn273 MR[0] elapsed 3983 sec.: [32mLoop time: 1.122s DC Power: [35m506.4W[32m DRAM power: 0.00W PCK power: 442.22W
	avg. CPUFreq: 2.57GHz avg. IMCFreq: 1.47GHz Next Frequency 2.60
	CPI: 0.372 VPI: 0.00, Mem. bwidth: 0.11GB/s GFLOPS: 0.00 I/O: 0.01MB/s No MPI  
	TPI 0.02 Cache miss rates: L1 1.08GB/s L2 0.00GB/s L3 0.00GB/s
	Total MPI calls 3
	IO DATA: rchar 5197 wchar 9433 syscr 74 syscw 30 read_bytes 0 write_bytes 438272
	Process OS info: (pid 2336949 state R utime 1106 stime 2 cutime 0 cstime 0 CPU usage 98)
	CPU temperature (celsius): socket 0: 63 socket 1: 73[0m
EAR[2336949](hratio_l30) at 2.60/1.47 in tcn273 MR[0] elapsed 3995 sec.: [32mLoop time: 1.126s DC Power: [35m453.9W[32m DRAM power: 0.00W PCK power: 442.17W
	avg. CPUFreq: 2.57GHz avg. IMCFreq: 1.47GHz Next Frequency 2.60
	CPI: 0.371 VPI: 0.00, Mem. bwidth: 0.10GB/s GFLOPS: 0.00 I/O: 0.01MB/s No MPI  
	TPI 0.02 Cache miss rates: L1 1.08GB/s L2 0.00GB/s L3 0.00GB/s
	Total MPI calls 3
	IO DATA: rchar 5197 wchar 9433 syscr 74 syscw 30 read_bytes 0 write_bytes 438272
	Process OS info: (pid 2336949 state R utime 1107 stime 1 cutime 0 cstime 0 CPU usage 98)
	CPU temperature (celsius): socket 0: 63 socket 1: 73[0m
EAR[2336949](hratio_l30) at 2.60/1.47 in tcn273 MR[0] elapsed 4006 sec.: [32mLoop time: 1.122s DC Power: [35m455.7W[32m DRAM power: 0.00W PCK power: 442.12W
	avg. CPUFreq: 2.57GHz avg. IMCFreq: 1.47GHz Next Frequency 2.60
	CPI: 0.371 VPI: 0.00, Mem. bwidth: 0.08GB/s GFLOPS: 0.00 I/O: 0.01MB/s No MPI  
	TPI 0.01 Cache miss rates: L1 1.17GB/s L2 0.00GB/s L3 0.00GB/s
	Total MPI calls 3
	IO DATA: rchar 5197 wchar 9433 syscr 74 syscw 30 read_bytes 0 write_bytes 434176
	Process OS info: (pid 2336949 state R utime 1106 stime 2 cutime 0 cstime 0 CPU usage 98)
	CPU temperature (celsius): socket 0: 64 socket 1: 73[0m
EAR[2336949](hratio_l30) at 2.60/1.47 in tcn273 MR[0] elapsed 4017 sec.: [32mLoop time: 1.122s DC Power: [35m506.0W[32m DRAM power: 0.00W PCK power: 442.19W
	avg. CPUFreq: 2.57GHz avg. IMCFreq: 1.47GHz Next Frequency 2.60
	CPI: 0.372 VPI: 0.00, Mem. bwidth: 0.12GB/s GFLOPS: 0.00 I/O: 0.01MB/s No MPI  
	TPI 0.02 Cache miss rates: L1 1.10GB/s L2 0.00GB/s L3 0.00GB/s
	Total MPI calls 3
	IO DATA: rchar 5197 wchar 9433 syscr 74 syscw 30 read_bytes 0 write_bytes 626688
	Process OS info: (pid 2336949 state R utime 1108 stime 1 cutime 0 cstime 0 CPU usage 98)
	CPU temperature (celsius): socket 0: 64 socket 1: 73[0m
EAR[2336949](hratio_l30) at 2.60/1.47 in tcn273 MR[0] elapsed 4028 sec.: [32mLoop time: 1.122s DC Power: [35m506.4W[32m DRAM power: 0.00W PCK power: 442.04W
	avg. CPUFreq: 2.57GHz avg. IMCFreq: 1.47GHz Next Frequency 2.60
	CPI: 0.372 VPI: 0.00, Mem. bwidth: 0.10GB/s GFLOPS: 0.00 I/O: 0.01MB/s No MPI  
	TPI 0.02 Cache miss rates: L1 1.08GB/s L2 0.00GB/s L3 0.00GB/s
	Total MPI calls 3
	IO DATA: rchar 5197 wchar 9433 syscr 74 syscw 30 read_bytes 0 write_bytes 434176
	Process OS info: (pid 2336949 state R utime 1107 stime 1 cutime 0 cstime 0 CPU usage 98)
	CPU temperature (celsius): socket 0: 64 socket 1: 73[0m
EAR[2336949](hratio_l30) at 2.60/1.47 in tcn273 MR[0] elapsed 4040 sec.: [32mLoop time: 1.122s DC Power: [35m506.1W[32m DRAM power: 0.00W PCK power: 442.00W
	avg. CPUFreq: 2.57GHz avg. IMCFreq: 1.47GHz Next Frequency 2.60
	CPI: 0.371 VPI: 0.00, Mem. bwidth: 0.10GB/s GFLOPS: 0.00 I/O: 0.01MB/s No MPI  
	TPI 0.01 Cache miss rates: L1 1.08GB/s L2 0.00GB/s L3 0.00GB/s
	Total MPI calls 3
	IO DATA: rchar 5197 wchar 9433 syscr 74 syscw 30 read_bytes 0 write_bytes 299008
	Process OS info: (pid 2336949 state R utime 1107 stime 1 cutime 0 cstime 0 CPU usage 98)
	CPU temperature (celsius): socket 0: 64 socket 1: 73[0m
EAR[2336949](hratio_l30) at 2.60/1.47 in tcn273 MR[0] elapsed 4051 sec.: [32mLoop time: 1.122s DC Power: [35m455.7W[32m DRAM power: 0.00W PCK power: 442.24W
	avg. CPUFreq: 2.57GHz avg. IMCFreq: 1.47GHz Next Frequency 2.60
	CPI: 0.371 VPI: 0.00, Mem. bwidth: 0.12GB/s GFLOPS: 0.00 I/O: 0.01MB/s No MPI  
	TPI 0.02 Cache miss rates: L1 1.17GB/s L2 0.00GB/s L3 0.00GB/s
	Total MPI calls 3
	IO DATA: rchar 5197 wchar 9433 syscr 74 syscw 30 read_bytes 0 write_bytes 434176
	Process OS info: (pid 2336949 state R utime 1108 stime 1 cutime 0 cstime 0 CPU usage 98)
	CPU temperature (celsius): socket 0: 64 socket 1: 73[0m
EAR[2336949](hratio_l30) at 2.60/1.47 in tcn273 MR[0] elapsed 4062 sec.: [32mLoop time: 1.122s DC Power: [35m506.4W[32m DRAM power: 0.00W PCK power: 441.86W
	avg. CPUFreq: 2.57GHz avg. IMCFreq: 1.47GHz Next Frequency 2.60
	CPI: 0.372 VPI: 0.00, Mem. bwidth: 0.19GB/s GFLOPS: 0.00 I/O: 0.01MB/s No MPI  
	TPI 0.03 Cache miss rates: L1 1.09GB/s L2 0.00GB/s L3 0.00GB/s
	Total MPI calls 3
	IO DATA: rchar 5197 wchar 9433 syscr 74 syscw 30 read_bytes 0 write_bytes 438272
	Process OS info: (pid 2336949 state R utime 1098 stime 1 cutime 0 cstime 0 CPU usage 97)
	CPU temperature (celsius): socket 0: 64 socket 1: 73[0m
EAR[2336949](hratio_l30) at 2.60/1.47 in tcn273 MR[0] elapsed 4073 sec.: [32mLoop time: 1.123s DC Power: [35m505.7W[32m DRAM power: 0.00W PCK power: 442.18W
	avg. CPUFreq: 2.57GHz avg. IMCFreq: 1.47GHz Next Frequency 2.60
	CPI: 0.372 VPI: 0.00, Mem. bwidth: 0.39GB/s GFLOPS: 0.00 I/O: 0.01MB/s No MPI  
	TPI 0.06 Cache miss rates: L1 1.09GB/s L2 0.00GB/s L3 0.00GB/s
	Total MPI calls 3
	IO DATA: rchar 5197 wchar 9433 syscr 74 syscw 30 read_bytes 0 write_bytes 434176
	Process OS info: (pid 2336949 state R utime 1096 stime 1 cutime 0 cstime 0 CPU usage 97)
	CPU temperature (celsius): socket 0: 64 socket 1: 73[0m
EAR[2336949](hratio_l30) at 2.60/1.47 in tcn273 MR[0] elapsed 4084 sec.: [32mLoop time: 1.122s DC Power: [35m506.2W[32m DRAM power: 0.00W PCK power: 441.74W
	avg. CPUFreq: 2.57GHz avg. IMCFreq: 1.47GHz Next Frequency 2.60
	CPI: 0.372 VPI: 0.00, Mem. bwidth: 0.21GB/s GFLOPS: 0.00 I/O: 0.01MB/s No MPI  
	TPI 0.03 Cache miss rates: L1 1.09GB/s L2 0.00GB/s L3 0.00GB/s
	Total MPI calls 3
	IO DATA: rchar 5197 wchar 9433 syscr 74 syscw 30 read_bytes 0 write_bytes 585728
	Process OS info: (pid 2336949 state R utime 1099 stime 2 cutime 0 cstime 0 CPU usage 98)
	CPU temperature (celsius): socket 0: 64 socket 1: 73[0m
EAR[2336949](hratio_l30) at 2.60/1.47 in tcn273 MR[0] elapsed 4096 sec.: [32mLoop time: 1.122s DC Power: [35m506.5W[32m DRAM power: 0.00W PCK power: 442.55W
	avg. CPUFreq: 2.57GHz avg. IMCFreq: 1.47GHz Next Frequency 2.60
	CPI: 0.372 VPI: 0.00, Mem. bwidth: 0.40GB/s GFLOPS: 0.00 I/O: 0.01MB/s No MPI  
	TPI 0.06 Cache miss rates: L1 1.08GB/s L2 0.00GB/s L3 0.00GB/s
	Total MPI calls 3
	IO DATA: rchar 5197 wchar 9433 syscr 74 syscw 30 read_bytes 0 write_bytes 442368
	Process OS info: (pid 2336949 state R utime 1079 stime 1 cutime 0 cstime 0 CPU usage 96)
	CPU temperature (celsius): socket 0: 64 socket 1: 73[0m
EAR[2336949](hratio_l30) at 2.60/1.47 in tcn273 MR[0] elapsed 4107 sec.: [32mLoop time: 1.122s DC Power: [35m456.9W[32m DRAM power: 0.00W PCK power: 442.23W
	avg. CPUFreq: 2.57GHz avg. IMCFreq: 1.47GHz Next Frequency 2.60
	CPI: 0.372 VPI: 0.00, Mem. bwidth: 0.17GB/s GFLOPS: 0.00 I/O: 0.01MB/s No MPI  
	TPI 0.02 Cache miss rates: L1 1.17GB/s L2 0.00GB/s L3 0.00GB/s
	Total MPI calls 3
	IO DATA: rchar 5197 wchar 9433 syscr 74 syscw 30 read_bytes 0 write_bytes 438272
	Process OS info: (pid 2336949 state R utime 1107 stime 1 cutime 0 cstime 0 CPU usage 98)
	CPU temperature (celsius): socket 0: 64 socket 1: 73[0m
EAR[2336949](hratio_l30) at 2.60/1.47 in tcn273 MR[0] elapsed 4118 sec.: [32mLoop time: 1.122s DC Power: [35m508.9W[32m DRAM power: 0.00W PCK power: 442.20W
	avg. CPUFreq: 2.57GHz avg. IMCFreq: 1.47GHz Next Frequency 2.60
	CPI: 0.372 VPI: 0.00, Mem. bwidth: 0.09GB/s GFLOPS: 0.00 I/O: 0.01MB/s No MPI  
	TPI 0.01 Cache miss rates: L1 1.10GB/s L2 0.00GB/s L3 0.00GB/s
	Total MPI calls 3
	IO DATA: rchar 5197 wchar 9433 syscr 74 syscw 30 read_bytes 0 write_bytes 442368
	Process OS info: (pid 2336949 state R utime 1107 stime 1 cutime 0 cstime 0 CPU usage 98)
	CPU temperature (celsius): socket 0: 64 socket 1: 73[0m
EAR[2336949](hratio_l30) at 2.60/1.47 in tcn273 MR[0] elapsed 4129 sec.: [32mLoop time: 1.122s DC Power: [35m508.7W[32m DRAM power: 0.00W PCK power: 442.18W
	avg. CPUFreq: 2.57GHz avg. IMCFreq: 1.47GHz Next Frequency 2.60
	CPI: 0.371 VPI: 0.00, Mem. bwidth: 0.09GB/s GFLOPS: 0.00 I/O: 0.01MB/s No MPI  
	TPI 0.01 Cache miss rates: L1 1.08GB/s L2 0.00GB/s L3 0.00GB/s
	Total MPI calls 3
	IO DATA: rchar 5197 wchar 9433 syscr 74 syscw 30 read_bytes 0 write_bytes 438272
	Process OS info: (pid 2336949 state R utime 1108 stime 1 cutime 0 cstime 0 CPU usage 98)
	CPU temperature (celsius): socket 0: 64 socket 1: 73[0m
EAR[2336949](hratio_l30) at 2.60/1.47 in tcn273 MR[0] elapsed 4141 sec.: [32mLoop time: 1.122s DC Power: [35m507.6W[32m DRAM power: 0.00W PCK power: 442.24W
	avg. CPUFreq: 2.57GHz avg. IMCFreq: 1.47GHz Next Frequency 2.60
	CPI: 0.371 VPI: 0.00, Mem. bwidth: 0.12GB/s GFLOPS: 0.00 I/O: 0.01MB/s No MPI  
	TPI 0.02 Cache miss rates: L1 1.09GB/s L2 0.00GB/s L3 0.00GB/s
	Total MPI calls 3
	IO DATA: rchar 5197 wchar 9433 syscr 74 syscw 30 read_bytes 0 write_bytes 434176
	Process OS info: (pid 2336949 state R utime 1107 stime 1 cutime 0 cstime 0 CPU usage 98)
	CPU temperature (celsius): socket 0: 64 socket 1: 73[0m
EAR[2336949](hratio_l30) at 2.60/1.47 in tcn273 MR[0] elapsed 4152 sec.: [32mLoop time: 1.122s DC Power: [35m506.7W[32m DRAM power: 0.00W PCK power: 442.15W
	avg. CPUFreq: 2.57GHz avg. IMCFreq: 1.47GHz Next Frequency 2.60
	CPI: 0.372 VPI: 0.00, Mem. bwidth: 0.10GB/s GFLOPS: 0.00 I/O: 0.01MB/s No MPI  
	TPI 0.02 Cache miss rates: L1 1.17GB/s L2 0.00GB/s L3 0.00GB/s
	Total MPI calls 3
	IO DATA: rchar 5197 wchar 9433 syscr 74 syscw 30 read_bytes 0 write_bytes 430080
	Process OS info: (pid 2336949 state R utime 1107 stime 1 cutime 0 cstime 0 CPU usage 98)
	CPU temperature (celsius): socket 0: 64 socket 1: 73[0m
EAR[2336949](hratio_l30) at 2.60/1.47 in tcn273 MR[0] elapsed 4163 sec.: [32mLoop time: 1.122s DC Power: [35m506.3W[32m DRAM power: 0.00W PCK power: 442.14W
	avg. CPUFreq: 2.57GHz avg. IMCFreq: 1.47GHz Next Frequency 2.60
	CPI: 0.372 VPI: 0.00, Mem. bwidth: 0.14GB/s GFLOPS: 0.00 I/O: 0.01MB/s No MPI  
	TPI 0.02 Cache miss rates: L1 1.08GB/s L2 0.00GB/s L3 0.00GB/s
	Total MPI calls 3
	IO DATA: rchar 5197 wchar 9433 syscr 74 syscw 30 read_bytes 0 write_bytes 434176
	Process OS info: (pid 2336949 state R utime 1100 stime 1 cutime 0 cstime 0 CPU usage 98)
	CPU temperature (celsius): socket 0: 64 socket 1: 73[0m
EAR[2336949](hratio_l30) at 2.60/1.47 in tcn273 MR[0] elapsed 4174 sec.: [32mLoop time: 1.122s DC Power: [35m455.6W[32m DRAM power: 0.00W PCK power: 442.13W
	avg. CPUFreq: 2.57GHz avg. IMCFreq: 1.47GHz Next Frequency 2.60
	CPI: 0.372 VPI: 0.00, Mem. bwidth: 0.10GB/s GFLOPS: 0.00 I/O: 0.01MB/s No MPI  
	TPI 0.01 Cache miss rates: L1 1.10GB/s L2 0.00GB/s L3 0.00GB/s
	Total MPI calls 3
	IO DATA: rchar 5197 wchar 9433 syscr 74 syscw 30 read_bytes 0 write_bytes 634880
	Process OS info: (pid 2336949 state R utime 1108 stime 1 cutime 0 cstime 0 CPU usage 98)
	CPU temperature (celsius): socket 0: 64 socket 1: 73[0m
EAR[2336949](hratio_l30) at 2.60/1.47 in tcn273 MR[0] elapsed 4185 sec.: [32mLoop time: 1.122s DC Power: [35m506.3W[32m DRAM power: 0.00W PCK power: 442.09W
	avg. CPUFreq: 2.57GHz avg. IMCFreq: 1.47GHz Next Frequency 2.60
	CPI: 0.372 VPI: 0.00, Mem. bwidth: 0.09GB/s GFLOPS: 0.00 I/O: 0.01MB/s No MPI  
	TPI 0.01 Cache miss rates: L1 1.08GB/s L2 0.00GB/s L3 0.00GB/s
	Total MPI calls 3
	IO DATA: rchar 5197 wchar 9433 syscr 74 syscw 30 read_bytes 0 write_bytes 438272
	Process OS info: (pid 2336949 state R utime 1107 stime 1 cutime 0 cstime 0 CPU usage 98)
	CPU temperature (celsius): socket 0: 64 socket 1: 73[0m
EAR[2336949](hratio_l30) at 2.60/1.47 in tcn273 MR[0] elapsed 4197 sec.: [32mLoop time: 1.122s DC Power: [35m506.4W[32m DRAM power: 0.00W PCK power: 442.22W
	avg. CPUFreq: 2.57GHz avg. IMCFreq: 1.47GHz Next Frequency 2.60
	CPI: 0.372 VPI: 0.00, Mem. bwidth: 0.12GB/s GFLOPS: 0.00 I/O: 0.01MB/s No MPI  
	TPI 0.02 Cache miss rates: L1 1.09GB/s L2 0.00GB/s L3 0.00GB/s
	Total MPI calls 3
	IO DATA: rchar 5197 wchar 9433 syscr 74 syscw 30 read_bytes 0 write_bytes 299008
	Process OS info: (pid 2336949 state R utime 1107 stime 1 cutime 0 cstime 0 CPU usage 98)
	CPU temperature (celsius): socket 0: 64 socket 1: 73[0m
EAR[2336949](hratio_l30) at 2.60/1.47 in tcn273 MR[0] elapsed 4208 sec.: [32mLoop time: 1.122s DC Power: [35m506.2W[32m DRAM power: 0.00W PCK power: 442.28W
	avg. CPUFreq: 2.57GHz avg. IMCFreq: 1.47GHz Next Frequency 2.60
	CPI: 0.371 VPI: 0.00, Mem. bwidth: 0.10GB/s GFLOPS: 0.00 I/O: 0.01MB/s No MPI  
	TPI 0.02 Cache miss rates: L1 1.17GB/s L2 0.00GB/s L3 0.00GB/s
	Total MPI calls 3
	IO DATA: rchar 5197 wchar 9433 syscr 74 syscw 30 read_bytes 0 write_bytes 430080
	Process OS info: (pid 2336949 state R utime 1105 stime 2 cutime 0 cstime 0 CPU usage 98)
	CPU temperature (celsius): socket 0: 64 socket 1: 73[0m
EAR[2336949](hratio_l30) at 2.60/1.47 in tcn273 MR[0] elapsed 4219 sec.: [32mLoop time: 1.123s DC Power: [35m506.0W[32m DRAM power: 0.00W PCK power: 442.17W
	avg. CPUFreq: 2.57GHz avg. IMCFreq: 1.47GHz Next Frequency 2.60
	CPI: 0.371 VPI: 0.00, Mem. bwidth: 0.11GB/s GFLOPS: 0.00 I/O: 0.01MB/s No MPI  
	TPI 0.02 Cache miss rates: L1 1.10GB/s L2 0.00GB/s L3 0.00GB/s
	Total MPI calls 3
	IO DATA: rchar 5197 wchar 9433 syscr 74 syscw 30 read_bytes 0 write_bytes 569344
	Process OS info: (pid 2336949 state R utime 1108 stime 1 cutime 0 cstime 0 CPU usage 98)
	CPU temperature (celsius): socket 0: 64 socket 1: 73[0m
EAR[2336949](hratio_l30) at 2.60/1.47 in tcn273 MR[0] elapsed 4230 sec.: [32mLoop time: 1.122s DC Power: [35m506.2W[32m DRAM power: 0.00W PCK power: 442.43W
	avg. CPUFreq: 2.57GHz avg. IMCFreq: 1.47GHz Next Frequency 2.60
	CPI: 0.371 VPI: 0.00, Mem. bwidth: 0.13GB/s GFLOPS: 0.00 I/O: 0.01MB/s No MPI  
	TPI 0.02 Cache miss rates: L1 1.08GB/s L2 0.00GB/s L3 0.00GB/s
	Total MPI calls 3
	IO DATA: rchar 5197 wchar 9433 syscr 74 syscw 30 read_bytes 0 write_bytes 438272
	Process OS info: (pid 2336949 state R utime 1106 stime 1 cutime 0 cstime 0 CPU usage 98)
	CPU temperature (celsius): socket 0: 64 socket 1: 73[0m
EAR[2336949](hratio_l30) at 2.60/1.47 in tcn273 MR[0] elapsed 4242 sec.: [32mLoop time: 1.122s DC Power: [35m506.4W[32m DRAM power: 0.00W PCK power: 442.42W
	avg. CPUFreq: 2.57GHz avg. IMCFreq: 1.47GHz Next Frequency 2.60
	CPI: 0.371 VPI: 0.00, Mem. bwidth: 0.08GB/s GFLOPS: 0.00 I/O: 0.01MB/s No MPI  
	TPI 0.01 Cache miss rates: L1 1.09GB/s L2 0.00GB/s L3 0.00GB/s
	Total MPI calls 3
	IO DATA: rchar 5197 wchar 9433 syscr 74 syscw 30 read_bytes 0 write_bytes 438272
	Process OS info: (pid 2336949 state R utime 1107 stime 1 cutime 0 cstime 0 CPU usage 98)
	CPU temperature (celsius): socket 0: 64 socket 1: 73[0m
EAR[2336949](hratio_l30) at 2.60/1.47 in tcn273 MR[0] elapsed 4253 sec.: [32mLoop time: 1.122s DC Power: [35m506.2W[32m DRAM power: 0.00W PCK power: 442.58W
	avg. CPUFreq: 2.57GHz avg. IMCFreq: 1.47GHz Next Frequency 2.60
	CPI: 0.371 VPI: 0.00, Mem. bwidth: 0.11GB/s GFLOPS: 0.00 I/O: 0.01MB/s No MPI  
	TPI 0.02 Cache miss rates: L1 1.17GB/s L2 0.00GB/s L3 0.00GB/s
	Total MPI calls 3
	IO DATA: rchar 5197 wchar 9433 syscr 74 syscw 30 read_bytes 0 write_bytes 442368
	Process OS info: (pid 2336949 state R utime 1107 stime 2 cutime 0 cstime 0 CPU usage 98)
	CPU temperature (celsius): socket 0: 64 socket 1: 73[0m
EAR[2336949](hratio_l30) at 2.60/1.47 in tcn273 MR[0] elapsed 4264 sec.: [32mLoop time: 1.122s DC Power: [35m506.9W[32m DRAM power: 0.00W PCK power: 442.40W
	avg. CPUFreq: 2.57GHz avg. IMCFreq: 1.47GHz Next Frequency 2.60
	CPI: 0.371 VPI: 0.00, Mem. bwidth: 0.10GB/s GFLOPS: 0.00 I/O: 0.01MB/s No MPI  
	TPI 0.01 Cache miss rates: L1 1.08GB/s L2 0.00GB/s L3 0.00GB/s
	Total MPI calls 3
	IO DATA: rchar 5197 wchar 9433 syscr 74 syscw 30 read_bytes 0 write_bytes 434176
	Process OS info: (pid 2336949 state R utime 1107 stime 1 cutime 0 cstime 0 CPU usage 98)
	CPU temperature (celsius): socket 0: 63 socket 1: 73[0m
EAR[2336949](hratio_l30) at 2.60/1.47 in tcn273 MR[0] elapsed 4275 sec.: [32mLoop time: 1.122s DC Power: [35m507.7W[32m DRAM power: 0.00W PCK power: 442.41W
	avg. CPUFreq: 2.57GHz avg. IMCFreq: 1.47GHz Next Frequency 2.60
	CPI: 0.371 VPI: 0.00, Mem. bwidth: 0.10GB/s GFLOPS: 0.00 I/O: 0.01MB/s No MPI  
	TPI 0.02 Cache miss rates: L1 1.10GB/s L2 0.00GB/s L3 0.00GB/s
	Total MPI calls 3
	IO DATA: rchar 5197 wchar 9433 syscr 74 syscw 30 read_bytes 0 write_bytes 438272
	Process OS info: (pid 2336949 state R utime 1107 stime 1 cutime 0 cstime 0 CPU usage 98)
	CPU temperature (celsius): socket 0: 64 socket 1: 73[0m
EAR[2336949](hratio_l30) at 2.60/1.47 in tcn273 MR[0] elapsed 4286 sec.: [32mLoop time: 1.122s DC Power: [35m508.7W[32m DRAM power: 0.00W PCK power: 442.57W
	avg. CPUFreq: 2.57GHz avg. IMCFreq: 1.47GHz Next Frequency 2.60
	CPI: 0.371 VPI: 0.00, Mem. bwidth: 0.12GB/s GFLOPS: 0.00 I/O: 0.01MB/s No MPI  
	TPI 0.02 Cache miss rates: L1 1.08GB/s L2 0.00GB/s L3 0.00GB/s
	Total MPI calls 3
	IO DATA: rchar 5197 wchar 9433 syscr 74 syscw 30 read_bytes 0 write_bytes 434176
	Process OS info: (pid 2336949 state R utime 1101 stime 1 cutime 0 cstime 0 CPU usage 98)
	CPU temperature (celsius): socket 0: 64 socket 1: 73[0m
EAR[2336949](hratio_l30) at 2.60/1.47 in tcn273 MR[0] elapsed 4298 sec.: [32mLoop time: 1.122s DC Power: [35m508.5W[32m DRAM power: 0.00W PCK power: 442.53W
	avg. CPUFreq: 2.57GHz avg. IMCFreq: 1.47GHz Next Frequency 2.60
	CPI: 0.371 VPI: 0.00, Mem. bwidth: 0.09GB/s GFLOPS: 0.00 I/O: 0.01MB/s No MPI  
	TPI 0.01 Cache miss rates: L1 1.08GB/s L2 0.00GB/s L3 0.00GB/s
	Total MPI calls 3
	IO DATA: rchar 5197 wchar 9433 syscr 74 syscw 30 read_bytes 0 write_bytes 434176
	Process OS info: (pid 2336949 state R utime 1107 stime 1 cutime 0 cstime 0 CPU usage 98)
	CPU temperature (celsius): socket 0: 64 socket 1: 73[0m
EAR[2336949](hratio_l30) at 2.60/1.47 in tcn273 MR[0] elapsed 4309 sec.: [32mLoop time: 1.121s DC Power: [35m508.2W[32m DRAM power: 0.00W PCK power: 442.39W
	avg. CPUFreq: 2.57GHz avg. IMCFreq: 1.47GHz Next Frequency 2.60
	CPI: 0.371 VPI: 0.00, Mem. bwidth: 0.09GB/s GFLOPS: 0.00 I/O: 0.01MB/s No MPI  
	TPI 0.01 Cache miss rates: L1 1.17GB/s L2 0.00GB/s L3 0.00GB/s
	Total MPI calls 3
	IO DATA: rchar 5197 wchar 9433 syscr 74 syscw 30 read_bytes 0 write_bytes 471040
	Process OS info: (pid 2336949 state R utime 1107 stime 1 cutime 0 cstime 0 CPU usage 98)
	CPU temperature (celsius): socket 0: 64 socket 1: 73[0m
EAR[2336949](hratio_l30) at 2.60/1.47 in tcn273 MR[0] elapsed 4320 sec.: [32mLoop time: 1.124s DC Power: [35m506.1W[32m DRAM power: 0.00W PCK power: 442.46W
	avg. CPUFreq: 2.57GHz avg. IMCFreq: 1.47GHz Next Frequency 2.60
	CPI: 0.371 VPI: 0.00, Mem. bwidth: 0.12GB/s GFLOPS: 0.00 I/O: 0.01MB/s No MPI  
	TPI 0.02 Cache miss rates: L1 1.09GB/s L2 0.00GB/s L3 0.00GB/s
	Total MPI calls 3
	IO DATA: rchar 5197 wchar 9433 syscr 74 syscw 30 read_bytes 0 write_bytes 434176
	Process OS info: (pid 2336949 state R utime 1108 stime 3 cutime 0 cstime 0 CPU usage 98)
	CPU temperature (celsius): socket 0: 64 socket 1: 73[0m
EAR[2336949](hratio_l30) at 2.60/1.47 in tcn273 MR[0] elapsed 4331 sec.: [32mLoop time: 1.122s DC Power: [35m506.3W[32m DRAM power: 0.00W PCK power: 442.35W
	avg. CPUFreq: 2.57GHz avg. IMCFreq: 1.47GHz Next Frequency 2.60
	CPI: 0.371 VPI: 0.00, Mem. bwidth: 0.09GB/s GFLOPS: 0.00 I/O: 0.01MB/s No MPI  
	TPI 0.01 Cache miss rates: L1 1.08GB/s L2 0.00GB/s L3 0.00GB/s
	Total MPI calls 3
	IO DATA: rchar 5197 wchar 9433 syscr 74 syscw 30 read_bytes 0 write_bytes 434176
	Process OS info: (pid 2336949 state R utime 1107 stime 1 cutime 0 cstime 0 CPU usage 98)
	CPU temperature (celsius): socket 0: 64 socket 1: 73[0m
EAR[2336949](hratio_l30) at 2.60/1.47 in tcn273 MR[0] elapsed 4343 sec.: [32mLoop time: 1.122s DC Power: [35m506.2W[32m DRAM power: 0.00W PCK power: 442.50W
	avg. CPUFreq: 2.57GHz avg. IMCFreq: 1.47GHz Next Frequency 2.60
	CPI: 0.371 VPI: 0.00, Mem. bwidth: 0.12GB/s GFLOPS: 0.00 I/O: 0.01MB/s No MPI  
	TPI 0.02 Cache miss rates: L1 1.08GB/s L2 0.00GB/s L3 0.00GB/s
	Total MPI calls 3
	IO DATA: rchar 5197 wchar 9433 syscr 74 syscw 30 read_bytes 0 write_bytes 446464
	Process OS info: (pid 2336949 state R utime 1107 stime 1 cutime 0 cstime 0 CPU usage 98)
	CPU temperature (celsius): socket 0: 63 socket 1: 73[0m
EAR[2336949](hratio_l30) at 2.60/1.47 in tcn273 MR[0] elapsed 4354 sec.: [32mLoop time: 1.121s DC Power: [35m455.8W[32m DRAM power: 0.00W PCK power: 442.49W
	avg. CPUFreq: 2.57GHz avg. IMCFreq: 1.47GHz Next Frequency 2.60
	CPI: 0.371 VPI: 0.00, Mem. bwidth: 0.10GB/s GFLOPS: 0.00 I/O: 0.01MB/s No MPI  
	TPI 0.01 Cache miss rates: L1 1.12GB/s L2 0.00GB/s L3 0.00GB/s
	Total MPI calls 3
	IO DATA: rchar 5197 wchar 9433 syscr 74 syscw 30 read_bytes 0 write_bytes 438272
	Process OS info: (pid 2336949 state R utime 1107 stime 1 cutime 0 cstime 0 CPU usage 98)
	CPU temperature (celsius): socket 0: 64 socket 1: 73[0m
EAR[2336949](hratio_l30) at 2.60/1.47 in tcn273 MR[0] elapsed 4365 sec.: [32mLoop time: 1.122s DC Power: [35m506.3W[32m DRAM power: 0.00W PCK power: 442.46W
	avg. CPUFreq: 2.57GHz avg. IMCFreq: 1.47GHz Next Frequency 2.60
	CPI: 0.371 VPI: 0.00, Mem. bwidth: 0.09GB/s GFLOPS: 0.00 I/O: 0.01MB/s No MPI  
	TPI 0.01 Cache miss rates: L1 1.13GB/s L2 0.00GB/s L3 0.00GB/s
	Total MPI calls 3
	IO DATA: rchar 5197 wchar 9433 syscr 74 syscw 30 read_bytes 0 write_bytes 434176
	Process OS info: (pid 2336949 state R utime 1107 stime 1 cutime 0 cstime 0 CPU usage 98)
	CPU temperature (celsius): socket 0: 64 socket 1: 73[0m
EAR[2336949](hratio_l30) at 2.60/1.47 in tcn273 MR[0] elapsed 4376 sec.: [32mLoop time: 1.122s DC Power: [35m506.2W[32m DRAM power: 0.00W PCK power: 442.54W
	avg. CPUFreq: 2.57GHz avg. IMCFreq: 1.47GHz Next Frequency 2.60
	CPI: 0.371 VPI: 0.00, Mem. bwidth: 0.12GB/s GFLOPS: 0.00 I/O: 0.01MB/s No MPI  
	TPI 0.02 Cache miss rates: L1 1.10GB/s L2 0.00GB/s L3 0.00GB/s
	Total MPI calls 3
	IO DATA: rchar 5197 wchar 9433 syscr 74 syscw 30 read_bytes 0 write_bytes 450560
	Process OS info: (pid 2336949 state R utime 1108 stime 1 cutime 0 cstime 0 CPU usage 98)
	CPU temperature (celsius): socket 0: 64 socket 1: 73[0m
EAR[2336949](hratio_l30) at 2.60/1.47 in tcn273 MR[0] elapsed 4387 sec.: [32mLoop time: 1.124s DC Power: [35m505.5W[32m DRAM power: 0.00W PCK power: 442.46W
	avg. CPUFreq: 2.57GHz avg. IMCFreq: 1.47GHz Next Frequency 2.60
	CPI: 0.371 VPI: 0.00, Mem. bwidth: 0.10GB/s GFLOPS: 0.00 I/O: 0.01MB/s No MPI  
	TPI 0.01 Cache miss rates: L1 1.08GB/s L2 0.00GB/s L3 0.00GB/s
	Total MPI calls 3
	IO DATA: rchar 5197 wchar 9433 syscr 74 syscw 30 read_bytes 0 write_bytes 438272
	Process OS info: (pid 2336949 state R utime 1108 stime 1 cutime 0 cstime 0 CPU usage 98)
	CPU temperature (celsius): socket 0: 64 socket 1: 73[0m
EAR[2336949](hratio_l30) at 2.60/1.47 in tcn273 MR[0] elapsed 4399 sec.: [32mLoop time: 1.122s DC Power: [35m506.3W[32m DRAM power: 0.00W PCK power: 442.36W
	avg. CPUFreq: 2.57GHz avg. IMCFreq: 1.47GHz Next Frequency 2.60
	CPI: 0.371 VPI: 0.00, Mem. bwidth: 0.12GB/s GFLOPS: 0.00 I/O: 0.01MB/s No MPI  
	TPI 0.02 Cache miss rates: L1 1.09GB/s L2 0.00GB/s L3 0.00GB/s
	Total MPI calls 3
	IO DATA: rchar 5197 wchar 9433 syscr 74 syscw 30 read_bytes 0 write_bytes 294912
	Process OS info: (pid 2336949 state R utime 1107 stime 1 cutime 0 cstime 0 CPU usage 98)
	CPU temperature (celsius): socket 0: 64 socket 1: 73[0m
EAR[2336949](hratio_l30) at 2.60/1.47 in tcn273 MR[0] elapsed 4410 sec.: [32mLoop time: 1.122s DC Power: [35m455.7W[32m DRAM power: 0.00W PCK power: 442.47W
	avg. CPUFreq: 2.57GHz avg. IMCFreq: 1.47GHz Next Frequency 2.60
	CPI: 0.371 VPI: 0.00, Mem. bwidth: 0.13GB/s GFLOPS: 0.00 I/O: 0.01MB/s No MPI  
	TPI 0.02 Cache miss rates: L1 1.16GB/s L2 0.00GB/s L3 0.00GB/s
	Total MPI calls 3
	IO DATA: rchar 5197 wchar 9433 syscr 74 syscw 30 read_bytes 0 write_bytes 434176
	Process OS info: (pid 2336949 state R utime 1100 stime 2 cutime 0 cstime 0 CPU usage 98)
	CPU temperature (celsius): socket 0: 64 socket 1: 73[0m
EAR[2336949](hratio_l30) at 2.60/1.47 in tcn273 MR[0] elapsed 4421 sec.: [32mLoop time: 1.122s DC Power: [35m506.4W[32m DRAM power: 0.00W PCK power: 442.40W
	avg. CPUFreq: 2.57GHz avg. IMCFreq: 1.47GHz Next Frequency 2.60
	CPI: 0.371 VPI: 0.00, Mem. bwidth: 0.08GB/s GFLOPS: 0.00 I/O: 0.01MB/s No MPI  
	TPI 0.01 Cache miss rates: L1 1.09GB/s L2 0.00GB/s L3 0.00GB/s
	Total MPI calls 3
	IO DATA: rchar 5197 wchar 9433 syscr 74 syscw 30 read_bytes 0 write_bytes 434176
	Process OS info: (pid 2336949 state R utime 1108 stime 0 cutime 0 cstime 0 CPU usage 98)
	CPU temperature (celsius): socket 0: 64 socket 1: 73[0m
EAR[2336949](hratio_l30) at 2.60/1.47 in tcn273 MR[0] elapsed 4432 sec.: [32mLoop time: 1.122s DC Power: [35m506.9W[32m DRAM power: 0.00W PCK power: 442.67W
	avg. CPUFreq: 2.57GHz avg. IMCFreq: 1.47GHz Next Frequency 2.60
	CPI: 0.371 VPI: 0.00, Mem. bwidth: 0.11GB/s GFLOPS: 0.00 I/O: 0.01MB/s No MPI  
	TPI 0.02 Cache miss rates: L1 1.10GB/s L2 0.00GB/s L3 0.00GB/s
	Total MPI calls 3
	IO DATA: rchar 5197 wchar 9433 syscr 74 syscw 30 read_bytes 0 write_bytes 434176
	Process OS info: (pid 2336949 state R utime 1107 stime 1 cutime 0 cstime 0 CPU usage 98)
	CPU temperature (celsius): socket 0: 64 socket 1: 73[0m
EAR[2336949](hratio_l30) at 2.60/1.47 in tcn273 MR[0] elapsed 4443 sec.: [32mLoop time: 1.122s DC Power: [35m507.8W[32m DRAM power: 0.00W PCK power: 442.50W
	avg. CPUFreq: 2.57GHz avg. IMCFreq: 1.47GHz Next Frequency 2.60
	CPI: 0.371 VPI: 0.00, Mem. bwidth: 0.11GB/s GFLOPS: 0.00 I/O: 0.01MB/s No MPI  
	TPI 0.02 Cache miss rates: L1 1.08GB/s L2 0.00GB/s L3 0.00GB/s
	Total MPI calls 3
	IO DATA: rchar 5197 wchar 9433 syscr 74 syscw 30 read_bytes 0 write_bytes 438272
	Process OS info: (pid 2336949 state R utime 1107 stime 2 cutime 0 cstime 0 CPU usage 98)
	CPU temperature (celsius): socket 0: 64 socket 1: 73[0m
EAR[2336949](hratio_l30) at 2.60/1.47 in tcn273 MR[0] elapsed 4455 sec.: [32mLoop time: 1.121s DC Power: [35m508.7W[32m DRAM power: 0.00W PCK power: 442.45W
	avg. CPUFreq: 2.57GHz avg. IMCFreq: 1.47GHz Next Frequency 2.60
	CPI: 0.371 VPI: 0.00, Mem. bwidth: 0.11GB/s GFLOPS: 0.00 I/O: 0.01MB/s No MPI  
	TPI 0.02 Cache miss rates: L1 1.08GB/s L2 0.00GB/s L3 0.00GB/s
	Total MPI calls 3
	IO DATA: rchar 5197 wchar 9433 syscr 74 syscw 30 read_bytes 0 write_bytes 294912
	Process OS info: (pid 2336949 state R utime 1106 stime 1 cutime 0 cstime 0 CPU usage 98)
	CPU temperature (celsius): socket 0: 64 socket 1: 73[0m
EAR[2336949](hratio_l30) at 2.60/1.47 in tcn273 MR[0] elapsed 4466 sec.: [32mLoop time: 1.122s DC Power: [35m508.8W[32m DRAM power: 0.00W PCK power: 442.74W
	avg. CPUFreq: 2.57GHz avg. IMCFreq: 1.47GHz Next Frequency 2.60
	CPI: 0.371 VPI: 0.00, Mem. bwidth: 0.12GB/s GFLOPS: 0.00 I/O: 0.01MB/s No MPI  
	TPI 0.02 Cache miss rates: L1 1.17GB/s L2 0.00GB/s L3 0.00GB/s
	Total MPI calls 3
	IO DATA: rchar 5197 wchar 9433 syscr 74 syscw 30 read_bytes 0 write_bytes 450560
	Process OS info: (pid 2336949 state R utime 1106 stime 1 cutime 0 cstime 0 CPU usage 98)
	CPU temperature (celsius): socket 0: 64 socket 1: 73[0m
EAR[2336949](hratio_l30) at 2.60/1.47 in tcn273 MR[0] elapsed 4477 sec.: [32mLoop time: 1.121s DC Power: [35m457.7W[32m DRAM power: 0.00W PCK power: 442.58W
	avg. CPUFreq: 2.57GHz avg. IMCFreq: 1.47GHz Next Frequency 2.60
	CPI: 0.371 VPI: 0.00, Mem. bwidth: 0.09GB/s GFLOPS: 0.00 I/O: 0.01MB/s No MPI  
	TPI 0.01 Cache miss rates: L1 1.10GB/s L2 0.00GB/s L3 0.00GB/s
	Total MPI calls 3
	IO DATA: rchar 5197 wchar 9433 syscr 74 syscw 30 read_bytes 0 write_bytes 442368
	Process OS info: (pid 2336949 state R utime 1106 stime 1 cutime 0 cstime 0 CPU usage 98)
	CPU temperature (celsius): socket 0: 64 socket 1: 73[0m
EAR[2336949](hratio_l30) at 2.60/1.47 in tcn273 MR[0] elapsed 4488 sec.: [32mLoop time: 1.122s DC Power: [35m507.9W[32m DRAM power: 0.00W PCK power: 442.58W
	avg. CPUFreq: 2.57GHz avg. IMCFreq: 1.47GHz Next Frequency 2.60
	CPI: 0.371 VPI: 0.00, Mem. bwidth: 0.10GB/s GFLOPS: 0.00 I/O: 0.01MB/s No MPI  
	TPI 0.01 Cache miss rates: L1 1.08GB/s L2 0.00GB/s L3 0.00GB/s
	Total MPI calls 3
	IO DATA: rchar 5197 wchar 9433 syscr 74 syscw 30 read_bytes 0 write_bytes 442368
	Process OS info: (pid 2336949 state R utime 1106 stime 2 cutime 0 cstime 0 CPU usage 98)
	CPU temperature (celsius): socket 0: 64 socket 1: 73[0m
EAR[2336949](hratio_l30) at 2.60/1.47 in tcn273 MR[0] elapsed 4500 sec.: [32mLoop time: 1.122s DC Power: [35m507.0W[32m DRAM power: 0.00W PCK power: 442.65W
	avg. CPUFreq: 2.57GHz avg. IMCFreq: 1.47GHz Next Frequency 2.60
	CPI: 0.371 VPI: 0.00, Mem. bwidth: 0.14GB/s GFLOPS: 0.00 I/O: 0.01MB/s No MPI  
	TPI 0.02 Cache miss rates: L1 1.08GB/s L2 0.00GB/s L3 0.00GB/s
	Total MPI calls 3
	IO DATA: rchar 5197 wchar 9433 syscr 74 syscw 30 read_bytes 0 write_bytes 438272
	Process OS info: (pid 2336949 state R utime 1107 stime 1 cutime 0 cstime 0 CPU usage 98)
	CPU temperature (celsius): socket 0: 64 socket 1: 73[0m
EAR[2336949](hratio_l30) at 2.60/1.47 in tcn273 MR[0] elapsed 4511 sec.: [32mLoop time: 1.122s DC Power: [35m506.4W[32m DRAM power: 0.00W PCK power: 442.53W
	avg. CPUFreq: 2.57GHz avg. IMCFreq: 1.47GHz Next Frequency 2.60
	CPI: 0.371 VPI: 0.00, Mem. bwidth: 0.11GB/s GFLOPS: 0.00 I/O: 0.01MB/s No MPI  
	TPI 0.02 Cache miss rates: L1 1.17GB/s L2 0.00GB/s L3 0.00GB/s
	Total MPI calls 3
	IO DATA: rchar 5197 wchar 9433 syscr 74 syscw 30 read_bytes 0 write_bytes 438272
	Process OS info: (pid 2336949 state R utime 1107 stime 1 cutime 0 cstime 0 CPU usage 98)
	CPU temperature (celsius): socket 0: 64 socket 1: 73[0m
EAR[2336949](hratio_l30) at 2.60/1.47 in tcn273 MR[0] elapsed 4522 sec.: [32mLoop time: 1.122s DC Power: [35m506.2W[32m DRAM power: 0.00W PCK power: 442.55W
	avg. CPUFreq: 2.57GHz avg. IMCFreq: 1.47GHz Next Frequency 2.60
	CPI: 0.371 VPI: 0.00, Mem. bwidth: 0.12GB/s GFLOPS: 0.00 I/O: 0.01MB/s No MPI  
	TPI 0.02 Cache miss rates: L1 1.08GB/s L2 0.00GB/s L3 0.00GB/s
	Total MPI calls 3
	IO DATA: rchar 5197 wchar 9433 syscr 74 syscw 30 read_bytes 0 write_bytes 434176
	Process OS info: (pid 2336949 state R utime 1107 stime 1 cutime 0 cstime 0 CPU usage 98)
	CPU temperature (celsius): socket 0: 64 socket 1: 73[0m
EAR[2336949](hratio_l30) at 2.60/1.47 in tcn273 MR[0] elapsed 4533 sec.: [32mLoop time: 1.122s DC Power: [35m455.5W[32m DRAM power: 0.00W PCK power: 442.33W
	avg. CPUFreq: 2.57GHz avg. IMCFreq: 1.47GHz Next Frequency 2.60
	CPI: 0.371 VPI: 0.00, Mem. bwidth: 0.11GB/s GFLOPS: 0.00 I/O: 0.01MB/s No MPI  
	TPI 0.02 Cache miss rates: L1 1.10GB/s L2 0.00GB/s L3 0.00GB/s
	Total MPI calls 3
	IO DATA: rchar 5197 wchar 9433 syscr 74 syscw 30 read_bytes 0 write_bytes 434176
	Process OS info: (pid 2336949 state R utime 1101 stime 1 cutime 0 cstime 0 CPU usage 98)
	CPU temperature (celsius): socket 0: 64 socket 1: 73[0m
EAR[2336949](hratio_l30) at 2.60/1.47 in tcn273 MR[0] elapsed 4544 sec.: [32mLoop time: 1.122s DC Power: [35m506.3W[32m DRAM power: 0.00W PCK power: 442.44W
	avg. CPUFreq: 2.57GHz avg. IMCFreq: 1.47GHz Next Frequency 2.60
	CPI: 0.371 VPI: 0.00, Mem. bwidth: 0.09GB/s GFLOPS: 0.00 I/O: 0.01MB/s No MPI  
	TPI 0.01 Cache miss rates: L1 1.08GB/s L2 0.00GB/s L3 0.00GB/s
	Total MPI calls 3
	IO DATA: rchar 5197 wchar 9433 syscr 74 syscw 30 read_bytes 0 write_bytes 552960
	Process OS info: (pid 2336949 state R utime 1107 stime 1 cutime 0 cstime 0 CPU usage 98)
	CPU temperature (celsius): socket 0: 64 socket 1: 73[0m
EAR[2336949](hratio_l30) at 2.60/1.47 in tcn273 MR[0] elapsed 4556 sec.: [32mLoop time: 1.122s DC Power: [35m506.3W[32m DRAM power: 0.00W PCK power: 442.46W
	avg. CPUFreq: 2.57GHz avg. IMCFreq: 1.47GHz Next Frequency 2.60
	CPI: 0.371 VPI: 0.00, Mem. bwidth: 0.11GB/s GFLOPS: 0.00 I/O: 0.01MB/s No MPI  
	TPI 0.02 Cache miss rates: L1 1.08GB/s L2 0.00GB/s L3 0.00GB/s
	Total MPI calls 3
	IO DATA: rchar 5197 wchar 9433 syscr 74 syscw 30 read_bytes 0 write_bytes 299008
	Process OS info: (pid 2336949 state R utime 1107 stime 2 cutime 0 cstime 0 CPU usage 98)
	CPU temperature (celsius): socket 0: 64 socket 1: 73[0m
EAR[2336949](hratio_l30) at 2.60/1.47 in tcn273 MR[0] elapsed 4567 sec.: [32mLoop time: 1.122s DC Power: [35m506.3W[32m DRAM power: 0.00W PCK power: 442.30W
	avg. CPUFreq: 2.57GHz avg. IMCFreq: 1.47GHz Next Frequency 2.60
	CPI: 0.371 VPI: 0.00, Mem. bwidth: 0.10GB/s GFLOPS: 0.00 I/O: 0.01MB/s No MPI  
	TPI 0.01 Cache miss rates: L1 1.17GB/s L2 0.00GB/s L3 0.00GB/s
	Total MPI calls 3
	IO DATA: rchar 5197 wchar 9433 syscr 74 syscw 30 read_bytes 0 write_bytes 430080
	Process OS info: (pid 2336949 state R utime 1107 stime 1 cutime 0 cstime 0 CPU usage 98)
	CPU temperature (celsius): socket 0: 64 socket 1: 73[0m
EAR[2336949](hratio_l30) at 2.60/1.47 in tcn273 MR[0] elapsed 4578 sec.: [32mLoop time: 1.122s DC Power: [35m506.3W[32m DRAM power: 0.00W PCK power: 442.31W
	avg. CPUFreq: 2.57GHz avg. IMCFreq: 1.47GHz Next Frequency 2.60
	CPI: 0.371 VPI: 0.00, Mem. bwidth: 0.11GB/s GFLOPS: 0.00 I/O: 0.01MB/s No MPI  
	TPI 0.02 Cache miss rates: L1 1.10GB/s L2 0.00GB/s L3 0.00GB/s
	Total MPI calls 3
	IO DATA: rchar 5197 wchar 9433 syscr 74 syscw 30 read_bytes 0 write_bytes 434176
	Process OS info: (pid 2336949 state R utime 1107 stime 1 cutime 0 cstime 0 CPU usage 98)
	CPU temperature (celsius): socket 0: 64 socket 1: 73[0m
EAR[2336949](hratio_l30) at 2.60/1.47 in tcn273 MR[0] elapsed 4589 sec.: [32mLoop time: 1.122s DC Power: [35m455.7W[32m DRAM power: 0.00W PCK power: 442.47W
	avg. CPUFreq: 2.57GHz avg. IMCFreq: 1.47GHz Next Frequency 2.60
	CPI: 0.371 VPI: 0.00, Mem. bwidth: 0.13GB/s GFLOPS: 0.00 I/O: 0.01MB/s No MPI  
	TPI 0.02 Cache miss rates: L1 1.09GB/s L2 0.00GB/s L3 0.00GB/s
	Total MPI calls 3
	IO DATA: rchar 5197 wchar 9433 syscr 74 syscw 30 read_bytes 0 write_bytes 434176
	Process OS info: (pid 2336949 state R utime 1107 stime 1 cutime 0 cstime 0 CPU usage 98)
	CPU temperature (celsius): socket 0: 64 socket 1: 73[0m
EAR[2336949](hratio_l30) at 2.60/1.47 in tcn273 MR[0] elapsed 4601 sec.: [32mLoop time: 1.122s DC Power: [35m506.3W[32m DRAM power: 0.00W PCK power: 442.39W
	avg. CPUFreq: 2.57GHz avg. IMCFreq: 1.47GHz Next Frequency 2.60
	CPI: 0.371 VPI: 0.00, Mem. bwidth: 0.08GB/s GFLOPS: 0.00 I/O: 0.01MB/s No MPI  
	TPI 0.01 Cache miss rates: L1 1.09GB/s L2 0.00GB/s L3 0.00GB/s
	Total MPI calls 3
	IO DATA: rchar 5197 wchar 9433 syscr 74 syscw 30 read_bytes 0 write_bytes 442368
	Process OS info: (pid 2336949 state R utime 1108 stime 1 cutime 0 cstime 0 CPU usage 98)
	CPU temperature (celsius): socket 0: 63 socket 1: 73[0m
EAR[2336949](hratio_l30) at 2.60/1.47 in tcn273 MR[0] elapsed 4612 sec.: [32mLoop time: 1.123s DC Power: [35m506.5W[32m DRAM power: 0.00W PCK power: 442.55W
	avg. CPUFreq: 2.57GHz avg. IMCFreq: 1.47GHz Next Frequency 2.60
	CPI: 0.371 VPI: 0.00, Mem. bwidth: 0.11GB/s GFLOPS: 0.00 I/O: 0.01MB/s No MPI  
	TPI 0.02 Cache miss rates: L1 1.16GB/s L2 0.00GB/s L3 0.00GB/s
	Total MPI calls 3
	IO DATA: rchar 5197 wchar 9433 syscr 74 syscw 30 read_bytes 0 write_bytes 970752
	Process OS info: (pid 2336949 state R utime 1108 stime 1 cutime 0 cstime 0 CPU usage 98)
	CPU temperature (celsius): socket 0: 64 socket 1: 73[0m
EAR[2336949](hratio_l30) at 2.60/1.47 in tcn273 MR[0] elapsed 4623 sec.: [32mLoop time: 1.122s DC Power: [35m508.1W[32m DRAM power: 0.00W PCK power: 442.39W
	avg. CPUFreq: 2.57GHz avg. IMCFreq: 1.47GHz Next Frequency 2.60
	CPI: 0.371 VPI: 0.00, Mem. bwidth: 0.11GB/s GFLOPS: 0.00 I/O: 0.01MB/s No MPI  
	TPI 0.02 Cache miss rates: L1 1.08GB/s L2 0.00GB/s L3 0.00GB/s
	Total MPI calls 3
	IO DATA: rchar 5197 wchar 9433 syscr 74 syscw 30 read_bytes 0 write_bytes 495616
	Process OS info: (pid 2336949 state R utime 1107 stime 2 cutime 0 cstime 0 CPU usage 98)
	CPU temperature (celsius): socket 0: 64 socket 1: 73[0m
EAR[2336949](hratio_l30) at 2.60/1.47 in tcn273 MR[0] elapsed 4634 sec.: [32mLoop time: 1.122s DC Power: [35m508.9W[32m DRAM power: 0.00W PCK power: 442.38W
	avg. CPUFreq: 2.57GHz avg. IMCFreq: 1.47GHz Next Frequency 2.60
	CPI: 0.371 VPI: 0.00, Mem. bwidth: 0.12GB/s GFLOPS: 0.00 I/O: 0.01MB/s No MPI  
	TPI 0.02 Cache miss rates: L1 1.10GB/s L2 0.00GB/s L3 0.00GB/s
	Total MPI calls 3
	IO DATA: rchar 5197 wchar 9433 syscr 74 syscw 30 read_bytes 0 write_bytes 548864
	Process OS info: (pid 2336949 state R utime 1102 stime 1 cutime 0 cstime 0 CPU usage 98)
	CPU temperature (celsius): socket 0: 64 socket 1: 73[0m
EAR[2336949](hratio_l30) at 2.60/1.47 in tcn273 MR[0] elapsed 4645 sec.: [32mLoop time: 1.121s DC Power: [35m509.2W[32m DRAM power: 0.00W PCK power: 442.71W
	avg. CPUFreq: 2.57GHz avg. IMCFreq: 1.47GHz Next Frequency 2.60
	CPI: 0.371 VPI: 0.00, Mem. bwidth: 0.10GB/s GFLOPS: 0.00 I/O: 0.01MB/s No MPI  
	TPI 0.02 Cache miss rates: L1 1.08GB/s L2 0.00GB/s L3 0.00GB/s
	Total MPI calls 3
	IO DATA: rchar 5197 wchar 9433 syscr 74 syscw 30 read_bytes 0 write_bytes 438272
	Process OS info: (pid 2336949 state R utime 1100 stime 1 cutime 0 cstime 0 CPU usage 98)
	CPU temperature (celsius): socket 0: 64 socket 1: 73[0m
EAR[2336949](hratio_l30) at 2.60/1.47 in tcn273 MR[0] elapsed 4657 sec.: [32mLoop time: 1.121s DC Power: [35m508.3W[32m DRAM power: 0.00W PCK power: 442.49W
	avg. CPUFreq: 2.57GHz avg. IMCFreq: 1.47GHz Next Frequency 2.60
	CPI: 0.371 VPI: 0.00, Mem. bwidth: 0.10GB/s GFLOPS: 0.00 I/O: 0.01MB/s No MPI  
	TPI 0.01 Cache miss rates: L1 1.08GB/s L2 0.00GB/s L3 0.00GB/s
	Total MPI calls 3
	IO DATA: rchar 5197 wchar 9433 syscr 74 syscw 30 read_bytes 0 write_bytes 294912
	Process OS info: (pid 2336949 state R utime 1107 stime 1 cutime 0 cstime 0 CPU usage 98)
	CPU temperature (celsius): socket 0: 64 socket 1: 73[0m
EAR[2336949](hratio_l30) at 2.60/1.47 in tcn273 MR[0] elapsed 4668 sec.: [32mLoop time: 1.121s DC Power: [35m507.4W[32m DRAM power: 0.00W PCK power: 442.46W
	avg. CPUFreq: 2.57GHz avg. IMCFreq: 1.47GHz Next Frequency 2.60
	CPI: 0.371 VPI: 0.00, Mem. bwidth: 0.10GB/s GFLOPS: 0.00 I/O: 0.01MB/s No MPI  
	TPI 0.01 Cache miss rates: L1 1.17GB/s L2 0.00GB/s L3 0.00GB/s
	Total MPI calls 3
	IO DATA: rchar 5197 wchar 9433 syscr 74 syscw 30 read_bytes 0 write_bytes 438272
	Process OS info: (pid 2336949 state R utime 1107 stime 1 cutime 0 cstime 0 CPU usage 98)
	CPU temperature (celsius): socket 0: 64 socket 1: 73[0m
EAR[2336949](hratio_l30) at 2.60/1.47 in tcn273 MR[0] elapsed 4679 sec.: [32mLoop time: 1.122s DC Power: [35m506.3W[32m DRAM power: 0.00W PCK power: 442.56W
	avg. CPUFreq: 2.57GHz avg. IMCFreq: 1.47GHz Next Frequency 2.60
	CPI: 0.371 VPI: 0.00, Mem. bwidth: 0.12GB/s GFLOPS: 0.00 I/O: 0.01MB/s No MPI  
	TPI 0.02 Cache miss rates: L1 1.09GB/s L2 0.00GB/s L3 0.00GB/s
	Total MPI calls 3
	IO DATA: rchar 5197 wchar 9433 syscr 74 syscw 30 read_bytes 0 write_bytes 438272
	Process OS info: (pid 2336949 state R utime 1107 stime 1 cutime 0 cstime 0 CPU usage 98)
	CPU temperature (celsius): socket 0: 64 socket 1: 73[0m
EAR[2336949](hratio_l30) at 2.60/1.47 in tcn273 MR[0] elapsed 4690 sec.: [32mLoop time: 1.122s DC Power: [35m506.2W[32m DRAM power: 0.00W PCK power: 442.51W
	avg. CPUFreq: 2.57GHz avg. IMCFreq: 1.47GHz Next Frequency 2.60
	CPI: 0.371 VPI: 0.00, Mem. bwidth: 0.11GB/s GFLOPS: 0.00 I/O: 0.01MB/s No MPI  
	TPI 0.02 Cache miss rates: L1 1.09GB/s L2 0.00GB/s L3 0.00GB/s
	Total MPI calls 3
	IO DATA: rchar 5197 wchar 9433 syscr 74 syscw 30 read_bytes 0 write_bytes 524288
	Process OS info: (pid 2336949 state R utime 1107 stime 2 cutime 0 cstime 0 CPU usage 98)
	CPU temperature (celsius): socket 0: 64 socket 1: 73[0m
EAR[2336949](hratio_l30) at 2.60/1.47 in tcn273 MR[0] elapsed 4702 sec.: [32mLoop time: 1.122s DC Power: [35m506.1W[32m DRAM power: 0.00W PCK power: 442.54W
	avg. CPUFreq: 2.57GHz avg. IMCFreq: 1.47GHz Next Frequency 2.60
	CPI: 0.371 VPI: 0.00, Mem. bwidth: 0.11GB/s GFLOPS: 0.00 I/O: 0.01MB/s No MPI  
	TPI 0.02 Cache miss rates: L1 1.08GB/s L2 0.00GB/s L3 0.00GB/s
	Total MPI calls 3
	IO DATA: rchar 5197 wchar 9433 syscr 74 syscw 30 read_bytes 0 write_bytes 438272
	Process OS info: (pid 2336949 state R utime 1108 stime 0 cutime 0 cstime 0 CPU usage 98)
	CPU temperature (celsius): socket 0: 64 socket 1: 73[0m
EAR[2336949](hratio_l30) at 2.60/1.47 in tcn273 MR[0] elapsed 4713 sec.: [32mLoop time: 1.122s DC Power: [35m455.6W[32m DRAM power: 0.00W PCK power: 442.39W
	avg. CPUFreq: 2.57GHz avg. IMCFreq: 1.47GHz Next Frequency 2.60
	CPI: 0.371 VPI: 0.00, Mem. bwidth: 0.11GB/s GFLOPS: 0.00 I/O: 0.01MB/s No MPI  
	TPI 0.02 Cache miss rates: L1 1.12GB/s L2 0.00GB/s L3 0.00GB/s
	Total MPI calls 3
	IO DATA: rchar 5197 wchar 9433 syscr 74 syscw 30 read_bytes 0 write_bytes 438272
	Process OS info: (pid 2336949 state R utime 1107 stime 2 cutime 0 cstime 0 CPU usage 98)
	CPU temperature (celsius): socket 0: 64 socket 1: 73[0m
EAR[2336949](hratio_l30) at 2.60/1.47 in tcn273 MR[0] elapsed 4724 sec.: [32mLoop time: 1.123s DC Power: [35m505.9W[32m DRAM power: 0.00W PCK power: 442.37W
	avg. CPUFreq: 2.57GHz avg. IMCFreq: 1.47GHz Next Frequency 2.60
	CPI: 0.371 VPI: 0.00, Mem. bwidth: 0.08GB/s GFLOPS: 0.00 I/O: 0.01MB/s No MPI  
	TPI 0.01 Cache miss rates: L1 1.13GB/s L2 0.00GB/s L3 0.00GB/s
	Total MPI calls 3
	IO DATA: rchar 5197 wchar 9433 syscr 74 syscw 30 read_bytes 0 write_bytes 434176
	Process OS info: (pid 2336949 state R utime 1106 stime 1 cutime 0 cstime 0 CPU usage 98)
	CPU temperature (celsius): socket 0: 64 socket 1: 73[0m
EAR[2336949](hratio_l30) at 2.60/1.47 in tcn273 MR[0] elapsed 4735 sec.: [32mLoop time: 1.122s DC Power: [35m506.2W[32m DRAM power: 0.00W PCK power: 442.48W
	avg. CPUFreq: 2.57GHz avg. IMCFreq: 1.47GHz Next Frequency 2.60
	CPI: 0.371 VPI: 0.00, Mem. bwidth: 0.10GB/s GFLOPS: 0.00 I/O: 0.01MB/s No MPI  
	TPI 0.02 Cache miss rates: L1 1.09GB/s L2 0.00GB/s L3 0.00GB/s
	Total MPI calls 3
	IO DATA: rchar 5197 wchar 9433 syscr 74 syscw 30 read_bytes 0 write_bytes 430080
	Process OS info: (pid 2336949 state R utime 1108 stime 1 cutime 0 cstime 0 CPU usage 98)
	CPU temperature (celsius): socket 0: 64 socket 1: 73[0m
EAR[2336949](hratio_l30) at 2.60/1.47 in tcn273 MR[0] elapsed 4746 sec.: [32mLoop time: 1.123s DC Power: [35m506.0W[32m DRAM power: 0.00W PCK power: 442.34W
	avg. CPUFreq: 2.57GHz avg. IMCFreq: 1.47GHz Next Frequency 2.60
	CPI: 0.371 VPI: 0.00, Mem. bwidth: 0.10GB/s GFLOPS: 0.00 I/O: 0.01MB/s No MPI  
	TPI 0.01 Cache miss rates: L1 1.08GB/s L2 0.00GB/s L3 0.00GB/s
	Total MPI calls 3
	IO DATA: rchar 5197 wchar 9433 syscr 74 syscw 30 read_bytes 0 write_bytes 438272
	Process OS info: (pid 2336949 state R utime 1107 stime 2 cutime 0 cstime 0 CPU usage 98)
	CPU temperature (celsius): socket 0: 64 socket 1: 73[0m
EAR[2336949](hratio_l30) at 2.60/1.47 in tcn273 MR[0] elapsed 4758 sec.: [32mLoop time: 1.122s DC Power: [35m506.2W[32m DRAM power: 0.00W PCK power: 442.31W
	avg. CPUFreq: 2.57GHz avg. IMCFreq: 1.47GHz Next Frequency 2.60
	CPI: 0.371 VPI: 0.00, Mem. bwidth: 0.13GB/s GFLOPS: 0.00 I/O: 0.01MB/s No MPI  
	TPI 0.02 Cache miss rates: L1 1.08GB/s L2 0.00GB/s L3 0.00GB/s
	Total MPI calls 3
	IO DATA: rchar 5197 wchar 9433 syscr 74 syscw 30 read_bytes 0 write_bytes 294912
	Process OS info: (pid 2336949 state R utime 1107 stime 1 cutime 0 cstime 0 CPU usage 98)
	CPU temperature (celsius): socket 0: 63 socket 1: 73[0m
EAR[2336949](hratio_l30) at 2.60/1.47 in tcn273 MR[0] elapsed 4769 sec.: [32mLoop time: 1.122s DC Power: [35m455.5W[32m DRAM power: 0.00W PCK power: 442.51W
	avg. CPUFreq: 2.57GHz avg. IMCFreq: 1.47GHz Next Frequency 2.60
	CPI: 0.371 VPI: 0.00, Mem. bwidth: 0.13GB/s GFLOPS: 0.00 I/O: 0.01MB/s No MPI  
	TPI 0.02 Cache miss rates: L1 1.16GB/s L2 0.00GB/s L3 0.00GB/s
	Total MPI calls 3
	IO DATA: rchar 5197 wchar 9433 syscr 74 syscw 30 read_bytes 0 write_bytes 585728
	Process OS info: (pid 2336949 state R utime 1100 stime 1 cutime 0 cstime 0 CPU usage 98)
	CPU temperature (celsius): socket 0: 63 socket 1: 73[0m
EAR[2336949](hratio_l30) at 2.60/1.47 in tcn273 MR[0] elapsed 4780 sec.: [32mLoop time: 1.122s DC Power: [35m456.3W[32m DRAM power: 0.00W PCK power: 442.41W
	avg. CPUFreq: 2.57GHz avg. IMCFreq: 1.47GHz Next Frequency 2.60
	CPI: 0.371 VPI: 0.00, Mem. bwidth: 0.09GB/s GFLOPS: 0.00 I/O: 0.01MB/s No MPI  
	TPI 0.01 Cache miss rates: L1 1.09GB/s L2 0.00GB/s L3 0.00GB/s
	Total MPI calls 3
	IO DATA: rchar 5197 wchar 9433 syscr 74 syscw 30 read_bytes 0 write_bytes 438272
	Process OS info: (pid 2336949 state R utime 1106 stime 2 cutime 0 cstime 0 CPU usage 98)
	CPU temperature (celsius): socket 0: 63 socket 1: 73[0m
EAR[2336949](hratio_l30) at 2.60/1.47 in tcn273 MR[0] elapsed 4791 sec.: [32mLoop time: 1.122s DC Power: [35m507.5W[32m DRAM power: 0.00W PCK power: 442.59W
	avg. CPUFreq: 2.57GHz avg. IMCFreq: 1.47GHz Next Frequency 2.60
	CPI: 0.371 VPI: 0.00, Mem. bwidth: 0.10GB/s GFLOPS: 0.00 I/O: 0.01MB/s No MPI  
	TPI 0.01 Cache miss rates: L1 1.09GB/s L2 0.00GB/s L3 0.00GB/s
	Total MPI calls 3
	IO DATA: rchar 5197 wchar 9433 syscr 74 syscw 30 read_bytes 0 write_bytes 438272
	Process OS info: (pid 2336949 state R utime 1108 stime 1 cutime 0 cstime 0 CPU usage 98)
	CPU temperature (celsius): socket 0: 64 socket 1: 73[0m
EAR[2336949](hratio_l30) at 2.60/1.47 in tcn273 MR[0] elapsed 4803 sec.: [32mLoop time: 1.122s DC Power: [35m508.5W[32m DRAM power: 0.00W PCK power: 442.52W
	avg. CPUFreq: 2.57GHz avg. IMCFreq: 1.47GHz Next Frequency 2.60
	CPI: 0.371 VPI: 0.00, Mem. bwidth: 0.11GB/s GFLOPS: 0.00 I/O: 0.01MB/s No MPI  
	TPI 0.02 Cache miss rates: L1 1.08GB/s L2 0.00GB/s L3 0.00GB/s
	Total MPI calls 3
	IO DATA: rchar 5197 wchar 9433 syscr 74 syscw 30 read_bytes 0 write_bytes 434176
	Process OS info: (pid 2336949 state R utime 1107 stime 1 cutime 0 cstime 0 CPU usage 98)
	CPU temperature (celsius): socket 0: 64 socket 1: 73[0m
EAR[2336949](hratio_l30) at 2.60/1.47 in tcn273 MR[0] elapsed 4814 sec.: [32mLoop time: 1.122s DC Power: [35m508.9W[32m DRAM power: 0.00W PCK power: 442.63W
	avg. CPUFreq: 2.57GHz avg. IMCFreq: 1.47GHz Next Frequency 2.60
	CPI: 0.371 VPI: 0.00, Mem. bwidth: 0.09GB/s GFLOPS: 0.00 I/O: 0.01MB/s No MPI  
	TPI 0.01 Cache miss rates: L1 1.08GB/s L2 0.00GB/s L3 0.00GB/s
	Total MPI calls 3
	IO DATA: rchar 5197 wchar 9433 syscr 74 syscw 30 read_bytes 0 write_bytes 299008
	Process OS info: (pid 2336949 state R utime 1107 stime 1 cutime 0 cstime 0 CPU usage 98)
	CPU temperature (celsius): socket 0: 63 socket 1: 73[0m
EAR[2336949](hratio_l30) at 2.60/1.47 in tcn273 MR[0] elapsed 4825 sec.: [32mLoop time: 1.124s DC Power: [35m507.1W[32m DRAM power: 0.00W PCK power: 442.75W
	avg. CPUFreq: 2.57GHz avg. IMCFreq: 1.47GHz Next Frequency 2.60
	CPI: 0.371 VPI: 0.00, Mem. bwidth: 0.11GB/s GFLOPS: 0.00 I/O: 0.01MB/s No MPI  
	TPI 0.02 Cache miss rates: L1 1.16GB/s L2 0.00GB/s L3 0.00GB/s
	Total MPI calls 3
	IO DATA: rchar 5197 wchar 9433 syscr 74 syscw 30 read_bytes 0 write_bytes 536576
	Process OS info: (pid 2336949 state R utime 1110 stime 1 cutime 0 cstime 0 CPU usage 98)
	CPU temperature (celsius): socket 0: 64 socket 1: 74[0m
EAR[2336949](hratio_l30) at 2.60/1.47 in tcn273 MR[0] elapsed 4836 sec.: [32mLoop time: 1.122s DC Power: [35m456.6W[32m DRAM power: 0.00W PCK power: 442.57W
	avg. CPUFreq: 2.57GHz avg. IMCFreq: 1.47GHz Next Frequency 2.60
	CPI: 0.371 VPI: 0.00, Mem. bwidth: 0.11GB/s GFLOPS: 0.00 I/O: 0.01MB/s No MPI  
	TPI 0.02 Cache miss rates: L1 1.10GB/s L2 0.00GB/s L3 0.00GB/s
	Total MPI calls 3
	IO DATA: rchar 5197 wchar 9433 syscr 74 syscw 30 read_bytes 0 write_bytes 462848
	Process OS info: (pid 2336949 state R utime 1101 stime 1 cutime 0 cstime 0 CPU usage 98)
	CPU temperature (celsius): socket 0: 64 socket 1: 73[0m
EAR[2336949](hratio_l30) at 2.60/1.47 in tcn273 MR[0] elapsed 4847 sec.: [32mLoop time: 1.122s DC Power: [35m506.7W[32m DRAM power: 0.00W PCK power: 442.55W
	avg. CPUFreq: 2.57GHz avg. IMCFreq: 1.47GHz Next Frequency 2.60
	CPI: 0.371 VPI: 0.00, Mem. bwidth: 0.10GB/s GFLOPS: 0.00 I/O: 0.01MB/s No MPI  
	TPI 0.01 Cache miss rates: L1 1.08GB/s L2 0.00GB/s L3 0.00GB/s
	Total MPI calls 3
	IO DATA: rchar 5197 wchar 9433 syscr 74 syscw 30 read_bytes 0 write_bytes 434176
	Process OS info: (pid 2336949 state R utime 1107 stime 1 cutime 0 cstime 0 CPU usage 98)
	CPU temperature (celsius): socket 0: 64 socket 1: 73[0m
EAR[2336949](hratio_l30) at 2.60/1.47 in tcn273 MR[0] elapsed 4859 sec.: [32mLoop time: 1.122s DC Power: [35m506.5W[32m DRAM power: 0.00W PCK power: 442.72W
	avg. CPUFreq: 2.57GHz avg. IMCFreq: 1.47GHz Next Frequency 2.60
	CPI: 0.371 VPI: 0.00, Mem. bwidth: 0.12GB/s GFLOPS: 0.00 I/O: 0.01MB/s No MPI  
	TPI 0.02 Cache miss rates: L1 1.09GB/s L2 0.00GB/s L3 0.00GB/s
	Total MPI calls 3
	IO DATA: rchar 5197 wchar 9433 syscr 74 syscw 30 read_bytes 0 write_bytes 299008
	Process OS info: (pid 2336949 state R utime 1107 stime 1 cutime 0 cstime 0 CPU usage 98)
	CPU temperature (celsius): socket 0: 63 socket 1: 73[0m
EAR[2336949](hratio_l30) at 2.60/1.47 in tcn273 MR[0] elapsed 4870 sec.: [32mLoop time: 1.123s DC Power: [35m506.4W[32m DRAM power: 0.00W PCK power: 442.44W
	avg. CPUFreq: 2.57GHz avg. IMCFreq: 1.47GHz Next Frequency 2.60
	CPI: 0.371 VPI: 0.00, Mem. bwidth: 0.11GB/s GFLOPS: 0.00 I/O: 0.01MB/s No MPI  
	TPI 0.02 Cache miss rates: L1 1.16GB/s L2 0.00GB/s L3 0.00GB/s
	Total MPI calls 3
	IO DATA: rchar 5197 wchar 9433 syscr 74 syscw 30 read_bytes 0 write_bytes 434176
	Process OS info: (pid 2336949 state R utime 1107 stime 1 cutime 0 cstime 0 CPU usage 98)
	CPU temperature (celsius): socket 0: 64 socket 1: 73[0m
EAR[2336949](hratio_l30) at 2.60/1.47 in tcn273 MR[0] elapsed 4881 sec.: [32mLoop time: 1.122s DC Power: [35m506.6W[32m DRAM power: 0.00W PCK power: 442.42W
	avg. CPUFreq: 2.57GHz avg. IMCFreq: 1.47GHz Next Frequency 2.60
	CPI: 0.371 VPI: 0.00, Mem. bwidth: 0.14GB/s GFLOPS: 0.00 I/O: 0.01MB/s No MPI  
	TPI 0.02 Cache miss rates: L1 1.09GB/s L2 0.00GB/s L3 0.00GB/s
	Total MPI calls 3
	IO DATA: rchar 5197 wchar 9433 syscr 74 syscw 30 read_bytes 0 write_bytes 434176
	Process OS info: (pid 2336949 state R utime 1108 stime 1 cutime 0 cstime 0 CPU usage 98)
	CPU temperature (celsius): socket 0: 63 socket 1: 73[0m
EAR[2336949](hratio_l30) at 2.60/1.47 in tcn273 MR[0] elapsed 4892 sec.: [32mLoop time: 1.122s DC Power: [35m405.0W[32m DRAM power: 0.00W PCK power: 442.37W
	avg. CPUFreq: 2.57GHz avg. IMCFreq: 1.47GHz Next Frequency 2.60
	CPI: 0.371 VPI: 0.00, Mem. bwidth: 0.12GB/s GFLOPS: 0.00 I/O: 0.01MB/s No MPI  
	TPI 0.02 Cache miss rates: L1 1.09GB/s L2 0.00GB/s L3 0.00GB/s
	Total MPI calls 3
	IO DATA: rchar 5197 wchar 9433 syscr 74 syscw 30 read_bytes 0 write_bytes 442368
	Process OS info: (pid 2336949 state R utime 1107 stime 1 cutime 0 cstime 0 CPU usage 98)
	CPU temperature (celsius): socket 0: 64 socket 1: 73[0m
EAR[2336949](hratio_l30) at 2.60/1.47 in tcn273 MR[0] elapsed 4904 sec.: [32mLoop time: 1.122s DC Power: [35m506.3W[32m DRAM power: 0.00W PCK power: 442.47W
	avg. CPUFreq: 2.57GHz avg. IMCFreq: 1.47GHz Next Frequency 2.60
	CPI: 0.371 VPI: 0.00, Mem. bwidth: 0.08GB/s GFLOPS: 0.00 I/O: 0.01MB/s No MPI  
	TPI 0.01 Cache miss rates: L1 1.09GB/s L2 0.00GB/s L3 0.00GB/s
	Total MPI calls 3
	IO DATA: rchar 5197 wchar 9433 syscr 74 syscw 30 read_bytes 0 write_bytes 438272
	Process OS info: (pid 2336949 state R utime 1107 stime 1 cutime 0 cstime 0 CPU usage 98)
	CPU temperature (celsius): socket 0: 64 socket 1: 73[0m
EAR[2336949](hratio_l30) at 2.60/1.47 in tcn273 MR[0] elapsed 4915 sec.: [32mLoop time: 1.122s DC Power: [35m506.2W[32m DRAM power: 0.00W PCK power: 442.66W
	avg. CPUFreq: 2.57GHz avg. IMCFreq: 1.47GHz Next Frequency 2.60
	CPI: 0.371 VPI: 0.00, Mem. bwidth: 0.10GB/s GFLOPS: 0.00 I/O: 0.01MB/s No MPI  
	TPI 0.01 Cache miss rates: L1 1.08GB/s L2 0.00GB/s L3 0.00GB/s
	Total MPI calls 3
	IO DATA: rchar 5197 wchar 9433 syscr 74 syscw 30 read_bytes 0 write_bytes 417792
	Process OS info: (pid 2336949 state R utime 1107 stime 1 cutime 0 cstime 0 CPU usage 98)
	CPU temperature (celsius): socket 0: 64 socket 1: 73[0m
EAR[2336949](hratio_l30) at 2.60/1.47 in tcn273 MR[0] elapsed 4926 sec.: [32mLoop time: 1.122s DC Power: [35m506.4W[32m DRAM power: 0.00W PCK power: 442.32W
	avg. CPUFreq: 2.57GHz avg. IMCFreq: 1.47GHz Next Frequency 2.60
	CPI: 0.371 VPI: 0.00, Mem. bwidth: 0.12GB/s GFLOPS: 0.00 I/O: 0.01MB/s No MPI  
	TPI 0.02 Cache miss rates: L1 1.16GB/s L2 0.00GB/s L3 0.00GB/s
	Total MPI calls 3
	IO DATA: rchar 5197 wchar 9433 syscr 74 syscw 30 read_bytes 0 write_bytes 479232
	Process OS info: (pid 2336949 state R utime 1107 stime 2 cutime 0 cstime 0 CPU usage 98)
	CPU temperature (celsius): socket 0: 64 socket 1: 74[0m
EAR[2336949](hratio_l30) at 2.60/1.47 in tcn273 MR[0] elapsed 4937 sec.: [32mLoop time: 1.122s DC Power: [35m506.2W[32m DRAM power: 0.00W PCK power: 442.32W
	avg. CPUFreq: 2.57GHz avg. IMCFreq: 1.47GHz Next Frequency 2.60
	CPI: 0.371 VPI: 0.00, Mem. bwidth: 0.10GB/s GFLOPS: 0.00 I/O: 0.01MB/s No MPI  
	TPI 0.02 Cache miss rates: L1 1.10GB/s L2 0.00GB/s L3 0.00GB/s
	Total MPI calls 3
	IO DATA: rchar 5197 wchar 9433 syscr 74 syscw 30 read_bytes 0 write_bytes 516096
	Process OS info: (pid 2336949 state R utime 1107 stime 1 cutime 0 cstime 0 CPU usage 98)
	CPU temperature (celsius): socket 0: 64 socket 1: 73[0m
EAR[2336949](hratio_l30) at 2.60/1.47 in tcn273 MR[0] elapsed 4948 sec.: [32mLoop time: 1.122s DC Power: [35m456.2W[32m DRAM power: 0.00W PCK power: 442.54W
	avg. CPUFreq: 2.57GHz avg. IMCFreq: 1.47GHz Next Frequency 2.60
	CPI: 0.371 VPI: 0.00, Mem. bwidth: 0.13GB/s GFLOPS: 0.00 I/O: 0.01MB/s No MPI  
	TPI 0.02 Cache miss rates: L1 1.08GB/s L2 0.00GB/s L3 0.00GB/s
	Total MPI calls 3
	IO DATA: rchar 5197 wchar 9433 syscr 74 syscw 30 read_bytes 0 write_bytes 434176
	Process OS info: (pid 2336949 state R utime 1108 stime 1 cutime 0 cstime 0 CPU usage 98)
	CPU temperature (celsius): socket 0: 64 socket 1: 73[0m
[34m[tcn273][0][INFO] [0mScope APP master 1 elapsed 0.000000
----------------------------------- Application Summary [tcn273] -----------------------------------
--- App id: hratio_l30 / user id: ovaneck2 / account: vusei12999 / job.step: 14322921.0.2336949 ---


(mpi_sig) Wall time: 4951.650 s, nominal freq.: 2.60 GHz, avg. freq: 2.57 GHz, avg imc freq: 1.47 GHz
          Avg. mpi_time/exec_time 88.0 %

          tasks: 128

          CPI/TPI: 0.383/0.022, GB/s: 0.125, GFLOPS: 0.000, IO: 0.014 (MB/s)
          DC/DRAM/PCK power: 489.155/0.000/436.756 (W) GFlops/Watts 0.000


----------------------------------------------------------------------------------------------------
[123/128]	Finalized MPI..
[21/128]	Finalized MPI..
[85/128]	Finalized MPI..
[86/128]	Finalized MPI..
[31/128]	Finalized MPI..
[87/128]	Finalized MPI..
[69/128]	Finalized MPI..
[52/128]	Finalized MPI..
[83/128]	Finalized MPI..
[95/128]	Finalized MPI..
[65/128]	Finalized MPI..
[100/128]	Finalized MPI..
[17/128]	Finalized MPI..
[110/128]	Finalized MPI..
[18/128]	Finalized MPI..
[93/128]	Finalized MPI..
[19/128]	Finalized MPI..
[77/128]	Finalized MPI..
[120/128]	Finalized MPI..
[57/128]	Finalized MPI..
[53/128]	Finalized MPI..
[40/128]	Finalized MPI..
[71/128]	Finalized MPI..
[70/128]	Finalized MPI..
[126/128]	Finalized MPI..
[128/128]	Finalized MPI..
[33/128]	Finalized MPI..
[124/128]	Finalized MPI..
[112/128]	Finalized MPI..
[50/128]	Finalized MPI..
[47/128]	Finalized MPI..
[94/128]	Finalized MPI..
[90/128]	Finalized MPI..
[111/128]	Finalized MPI..
[122/128]	Finalized MPI..
[14/128]	Finalized MPI..
[46/128]	Finalized MPI..
[109/128]	Finalized MPI..
[55/128]	Finalized MPI..
[88/128]	Finalized MPI..
[121/128]	Finalized MPI..
[64/128]	Finalized MPI..
[96/128]	Finalized MPI..
[58/128]	Finalized MPI..
[125/128]	Finalized MPI..
[108/128]	Finalized MPI..
[44/128]	Finalized MPI..
[106/128]	Finalized MPI..
[99/128]	Finalized MPI..
[98/128]	Finalized MPI..
[9/128]	Finalized MPI..
[127/128]	Finalized MPI..
[62/128]	Finalized MPI..
[63/128]	Finalized MPI..
[104/128]	Finalized MPI..
[26/128]	Finalized MPI..
[107/128]	Finalized MPI..
[78/128]	Finalized MPI..
[28/128]	Finalized MPI..
[119/128]	Finalized MPI..
[1/128]	Finalized MPI..
[25/128]	Finalized MPI..
[72/128]	Finalized MPI..
[3/128]	Finalized MPI..
[8/128]	Finalized MPI..
[54/128]	Finalized MPI..
[11/128]	Finalized MPI..
[34/128]	Finalized MPI..
[81/128]	Finalized MPI..
[103/128]	Finalized MPI..
[101/128]	Finalized MPI..
[102/128]	Finalized MPI..
[61/128]	Finalized MPI..
[37/128]	Finalized MPI..
[75/128]	Finalized MPI..
[20/128]	Finalized MPI..
[45/128]	Finalized MPI..
[48/128]	Finalized MPI..
[97/128]	Finalized MPI..
[12/128]	Finalized MPI..
[23/128]	Finalized MPI..
[24/128]	Finalized MPI..
[16/128]	Finalized MPI..
[22/128]	Finalized MPI..
[7/128]	Finalized MPI..
[29/128]	Finalized MPI..
[68/128]	Finalized MPI..
[116/128]	Finalized MPI..
[51/128]	Finalized MPI..
[113/128]	Finalized MPI..
[13/128]	Finalized MPI..
[32/128]	Finalized MPI..
[35/128]	Finalized MPI..
[84/128]	Finalized MPI..
[36/128]	Finalized MPI..
[89/128]	Finalized MPI..
[92/128]	Finalized MPI..
[115/128]	Finalized MPI..
[91/128]	Finalized MPI..
[114/128]	Finalized MPI..
[30/128]	Finalized MPI..
[67/128]	Finalized MPI..
[66/128]	Finalized MPI..
[117/128]	Finalized MPI..
[76/128]	Finalized MPI..
[27/128]	Finalized MPI..
[118/128]	Finalized MPI..
[49/128]	Finalized MPI..
[6/128]	Finalized MPI..
[79/128]	Finalized MPI..
[74/128]	Finalized MPI..
[73/128]	Finalized MPI..
[10/128]	Finalized MPI..
[82/128]	Finalized MPI..
[43/128]	Finalized MPI..
[60/128]	Finalized MPI..
[59/128]	Finalized MPI..
[80/128]	Finalized MPI..
[105/128]	Finalized MPI..
[41/128]	Finalized MPI..
[4/128]	Finalized MPI..
[5/128]	Finalized MPI..
[38/128]	Finalized MPI..
[42/128]	Finalized MPI..
[15/128]	Finalized MPI..
[56/128]	Finalized MPI..
[39/128]	Finalized MPI..
[2/128]	Finalized MPI..
