[EARL][tcn9][3581920] --- EARL INIT [PID: 3581920] [MASTER: 1] ---
[34m[tcn9][0][INFO] [0mK-medoids & roofline strategies not available. Loading default model for the classification
--- EARL loaded APIs ---
MGT_CPUFREQ: EARD
MGT_IMCFREQ: EARD
MGT_PRIO   : DUMMY
MET_CPUFREQ: EARD
MET_IMCFREQ: EARD
MET_ENERGY : EARD
MET_TEMP:    AMD17
MET_BWIDTH : EARD
MET_FLOPS  : PERF
MET_CPI    : PERF
MGT_GPU    : DUMMY
MET_GPU    : DUMMY
L1D: loaded (event PERF_L1D_MISS_LD) 
L2 : loaded (event L2_MISS_FROM_DC) (also in LBW)
L2 : loaded (event L2_MISS_FROM_PF1) (also in LBW)
L2 : loaded (event L2_MISS_FROM_PF2) (also in LBW)

------------------------
[35/128]	I'm online..
[56/128]	I'm online..
[78/128]	I'm online..
[12/128]	I'm online..
[36/128]	I'm online..
[57/128]	I'm online..
[71/128]	I'm online..
[80/128]	I'm online..
[103/128]	I'm online..
[24/128]	I'm online..
[29/128]	I'm online..
[108/128]	I'm online..
[94/128]	I'm online..
Mapping frequencies from 128 processes to 128 CPUs...
[30/128]	I'm online..
[45/128]	I'm online..
[43/128]	I'm online..
[106/128]	I'm online..
[34/128]	I'm online..
[69/128]	I'm online..
[83/128]	I'm online..
[15/128]	I'm online..
[11/128]	I'm online..
[54/128]	I'm online..
[68/128]	I'm online..
[48/128]	I'm online..
[17/128]	I'm online..
[116/128]	I'm online..
[28/128]	I'm online..
[19/128]	I'm online..
[38/128]	I'm online..
[70/128]	I'm online..
[85/128]	I'm online..
[82/128]	I'm online..
[66/128]	I'm online..
[117/128]	I'm online..
[40/128]	I'm online..
[14/128]	I'm online..
[122/128]	I'm online..
[123/128]	I'm online..
[105/128]	I'm online..
[10/128]	I'm online..
[41/128]	I'm online..
[72/128]	I'm online..
[46/128]	I'm online..
[95/128]	I'm online..
[9/128]	I'm online..
[44/128]	I'm online..
[20/128]	I'm online..
[27/128]	I'm online..
[31/128]	I'm online..
[55/128]	I'm online..
[91/128]	I'm online..
[53/128]	I'm online..
[125/128]	I'm online..
[33/128]	I'm online..
[99/128]	I'm online..
[60/128]	I'm online..
[62/128]	I'm online..
[120/128]	I'm online..
[39/128]	I'm online..
[65/128]	I'm online..
[97/128]	I'm online..
[115/128]	I'm online..
[8/128]	I'm online..
[90/128]	I'm online..
[50/128]	I'm online..
[104/128]	I'm online..
[112/128]	I'm online..
[52/128]	I'm online..
[58/128]	I'm online..
[96/128]	I'm online..
[89/128]	I'm online..
[110/128]	I'm online..
[49/128]	I'm online..
[61/128]	I'm online..
[126/128]	I'm online..
[81/128]	I'm online..
[4/128]	I'm online..
[5/128]	I'm online..
[128/128]	I'm online..
[64/128]	I'm online..
[100/128]	I'm online..
[13/128]	I'm online..
[22/128]	I'm online..
[67/128]	I'm online..
[77/128]	I'm online..
[42/128]	I'm online..
[16/128]	I'm online..
[21/128]	I'm online..
[25/128]	I'm online..
[51/128]	I'm online..
[118/128]	I'm online..
[7/128]	I'm online..
[74/128]	I'm online..
[2/128]	I'm online..
[124/128]	I'm online..
[59/128]	I'm online..
[79/128]	I'm online..
[86/128]	I'm online..
[18/128]	I'm online..
[73/128]	I'm online..
[75/128]	I'm online..
[87/128]	I'm online..
[88/128]	I'm online..
[101/128]	I'm online..
[107/128]	I'm online..
[109/128]	I'm online..
[114/128]	I'm online..
[121/128]	I'm online..
[84/128]	I'm online..
[102/128]	I'm online..
[113/128]	I'm online..
[37/128]	I'm online..
[98/128]	I'm online..
[3/128]	I'm online..
[63/128]	I'm online..
[32/128]	I'm online..
[6/128]	I'm online..
[47/128]	I'm online..
[127/128]	I'm online..
[26/128]	I'm online..
[76/128]	I'm online..
[92/128]	I'm online..
[93/128]	I'm online..
[119/128]	I'm online..
[23/128]	I'm online..
[111/128]	I'm online..
---------------- EAR 5.1 MPI enabled ----------------
                   App/user id: 'hratio_l20'/'ovaneck2'
    Node/job id/step_id/app_id: 'tcn9'/'11500501'/'0'/'3581920'
     P_STATE/frequency (turbo): 0/2600000 (0)
    Tasks/nodes/ppn/node_ratio: 128/1/128/1.000
             Policy (learning): monitoring (0)
Policy threshold/Perf accuracy: 0.00/10000000.00
   DynAIS levels/window/AVX512: 10/200/2
                      VAR path: /var/ear
           EAR privileged user: 0
                       EARL on: 1 
                  Max CPU freq: 2600000
-------------------------------------------------------
EAR initialized successfully.
[1/128]	I'm online..
[34m[tcn9][0][INFO] [0mWarning: Estimated power 236.55 W (DC vs CPU+GPU 1.00)
[34m[tcn9][0][INFO] [0mScope APP master 1 elapsed 0.000000
------------------------------------ Application Summary [tcn9] ------------------------------------
--- App id: hratio_l20 / user id: ovaneck2 / account: vusei12999 / job.step: 11500501.0.3581920 ---


(mpi_sig) Wall time: 0.310 s, nominal freq.: 2.60 GHz, avg. freq: 2.57 GHz, avg imc freq: 1.47 GHz
          Avg. mpi_time/exec_time 30.6 %

          tasks: 128

          CPI/TPI: 0.369/106.023, GB/s: 4.475, GFLOPS: 0.000, IO: 8.769 (MB/s)
          DC/DRAM/PCK power: 236.551/0.000/236.552 (W) GFlops/Watts 0.000


----------------------------------------------------------------------------------------------------
[83/128]	Finalized MPI..
[71/128]	Finalized MPI..
[114/128]	Finalized MPI..
[118/128]	Finalized MPI..
[53/128]	Finalized MPI..
[90/128]	Finalized MPI..
[48/128]	Finalized MPI..
[91/128]	Finalized MPI..
[74/128]	Finalized MPI..
[88/128]	Finalized MPI..
[78/128]	Finalized MPI..
[29/128]	Finalized MPI..
[84/128]	Finalized MPI..
[39/128]	Finalized MPI..
[72/128]	Finalized MPI..
[67/128]	Finalized MPI..
[101/128]	Finalized MPI..
[52/128]	Finalized MPI..
[112/128]	Finalized MPI..
[76/128]	Finalized MPI..
[89/128]	Finalized MPI..
[64/128]	Finalized MPI..
[68/128]	Finalized MPI..
[58/128]	Finalized MPI..
[82/128]	Finalized MPI..
[87/128]	Finalized MPI..
[11/128]	Finalized MPI..
[12/128]	Finalized MPI..
[100/128]	Finalized MPI..
[99/128]	Finalized MPI..
[69/128]	Finalized MPI..
[18/128]	Finalized MPI..
[42/128]	Finalized MPI..
[97/128]	Finalized MPI..
[34/128]	Finalized MPI..
[81/128]	Finalized MPI..
[119/128]	Finalized MPI..
[44/128]	Finalized MPI..
[31/128]	Finalized MPI..
[77/128]	Finalized MPI..
[92/128]	Finalized MPI..
[50/128]	Finalized MPI..
[79/128]	Finalized MPI..
[111/128]	Finalized MPI..
[106/128]	Finalized MPI..
[4/128]	Finalized MPI..
[86/128]	Finalized MPI..
[123/128]	Finalized MPI..
[47/128]	Finalized MPI..
[25/128]	Finalized MPI..
[121/128]	Finalized MPI..
[107/128]	Finalized MPI..
[65/128]	Finalized MPI..
[73/128]	Finalized MPI..
[115/128]	Finalized MPI..
[116/128]	Finalized MPI..
[113/128]	Finalized MPI..
[22/128]	Finalized MPI..
[75/128]	Finalized MPI..
[15/128]	Finalized MPI..
[85/128]	Finalized MPI..
[24/128]	Finalized MPI..
[98/128]	Finalized MPI..
[27/128]	Finalized MPI..
[109/128]	Finalized MPI..
[19/128]	Finalized MPI..
[14/128]	Finalized MPI..
[120/128]	Finalized MPI..
[17/128]	Finalized MPI..
[56/128]	Finalized MPI..
[122/128]	Finalized MPI..
[8/128]	Finalized MPI..
[13/128]	Finalized MPI..
[117/128]	Finalized MPI..
[70/128]	Finalized MPI..
[36/128]	Finalized MPI..
[10/128]	Finalized MPI..
[96/128]	Finalized MPI..
[94/128]	Finalized MPI..
[51/128]	Finalized MPI..
[128/128]	Finalized MPI..
[30/128]	Finalized MPI..
[126/128]	Finalized MPI..
[23/128]	Finalized MPI..
[28/128]	Finalized MPI..
[108/128]	Finalized MPI..
[105/128]	Finalized MPI..
[35/128]	Finalized MPI..
[124/128]	Finalized MPI..
[21/128]	Finalized MPI..
[93/128]	Finalized MPI..
[127/128]	Finalized MPI..
[16/128]	Finalized MPI..
[103/128]	Finalized MPI..
[102/128]	Finalized MPI..
[3/128]	Finalized MPI..
[6/128]	Finalized MPI..
[1/128]	Finalized MPI..
[45/128]	Finalized MPI..
[60/128]	Finalized MPI..
[5/128]	Finalized MPI..
[9/128]	Finalized MPI..
[41/128]	Finalized MPI..
[33/128]	Finalized MPI..
[55/128]	Finalized MPI..
[32/128]	Finalized MPI..
[40/128]	Finalized MPI..
[37/128]	Finalized MPI..
[62/128]	Finalized MPI..
[63/128]	Finalized MPI..
[26/128]	Finalized MPI..
[2/128]	Finalized MPI..
[43/128]	Finalized MPI..
[80/128]	Finalized MPI..
[104/128]	Finalized MPI..
[61/128]	Finalized MPI..
[54/128]	Finalized MPI..
[49/128]	Finalized MPI..
[46/128]	Finalized MPI..
[95/128]	Finalized MPI..
[110/128]	Finalized MPI..
[125/128]	Finalized MPI..
[66/128]	Finalized MPI..
[59/128]	Finalized MPI..
[20/128]	Finalized MPI..
[57/128]	Finalized MPI..
[7/128]	Finalized MPI..
[38/128]	Finalized MPI..
[EARL][tcn9][3583778] --- EARL INIT [PID: 3583778] [MASTER: 1] ---
[34m[tcn9][0][INFO] [0mK-medoids & roofline strategies not available. Loading default model for the classification
--- EARL loaded APIs ---
MGT_CPUFREQ: EARD
MGT_IMCFREQ: EARD
MGT_PRIO   : DUMMY
MET_CPUFREQ: EARD
MET_IMCFREQ: EARD
MET_ENERGY : EARD
MET_TEMP:    AMD17
MET_BWIDTH : EARD
MET_FLOPS  : PERF
MET_CPI    : PERF
MGT_GPU    : DUMMY
MET_GPU    : DUMMY
L1D: loaded (event PERF_L1D_MISS_LD) 
L2 : loaded (event L2_MISS_FROM_DC) (also in LBW)
L2 : loaded (event L2_MISS_FROM_PF1) (also in LBW)
L2 : loaded (event L2_MISS_FROM_PF2) (also in LBW)

------------------------
[66/128]	I'm online..
[20/128]	I'm online..
[54/128]	I'm online..
[55/128]	I'm online..
[56/128]	I'm online..
[60/128]	I'm online..
[67/128]	I'm online..
[73/128]	I'm online..
[91/128]	I'm online..
[112/128]	I'm online..
[114/128]	I'm online..
[126/128]	I'm online..
[23/128]	I'm online..
[32/128]	I'm online..
[84/128]	I'm online..
[122/128]	I'm online..
[65/128]	I'm online..
[19/128]	I'm online..
[46/128]	I'm online..
[6/128]	I'm online..
[83/128]	I'm online..
[96/128]	I'm online..
[102/128]	I'm online..
[35/128]	I'm online..
[120/128]	I'm online..
[104/128]	I'm online..
[47/128]	I'm online..
[16/128]	I'm online..
[21/128]	I'm online..
[59/128]	I'm online..
[63/128]	I'm online..
Mapping frequencies from 128 processes to 128 CPUs...
[75/128]	I'm online..
[11/128]	I'm online..
[78/128]	I'm online..
[51/128]	I'm online..
[15/128]	I'm online..
[76/128]	I'm online..
[10/128]	I'm online..
[17/128]	I'm online..
[22/128]	I'm online..
[41/128]	I'm online..
[45/128]	I'm online..
[74/128]	I'm online..
[77/128]	I'm online..
[90/128]	I'm online..
[94/128]	I'm online..
[2/128]	I'm online..
[4/128]	I'm online..
[5/128]	I'm online..
[26/128]	I'm online..
[33/128]	I'm online..
[48/128]	I'm online..
[50/128]	I'm online..
[69/128]	I'm online..
[71/128]	I'm online..
[85/128]	I'm online..
[88/128]	I'm online..
[93/128]	I'm online..
[108/128]	I'm online..
[117/128]	I'm online..
[25/128]	I'm online..
[13/128]	I'm online..
[61/128]	I'm online..
[34/128]	I'm online..
[37/128]	I'm online..
[52/128]	I'm online..
[7/128]	I'm online..
[43/128]	I'm online..
[53/128]	I'm online..
[111/128]	I'm online..
[68/128]	I'm online..
[8/128]	I'm online..
[12/128]	I'm online..
[70/128]	I'm online..
[110/128]	I'm online..
[30/128]	I'm online..
[124/128]	I'm online..
[64/128]	I'm online..
[97/128]	I'm online..
[79/128]	I'm online..
[121/128]	I'm online..
[38/128]	I'm online..
[82/128]	I'm online..
[40/128]	I'm online..
[80/128]	I'm online..
[123/128]	I'm online..
[87/128]	I'm online..
[18/128]	I'm online..
[49/128]	I'm online..
[9/128]	I'm online..
[44/128]	I'm online..
[115/128]	I'm online..
[86/128]	I'm online..
[92/128]	I'm online..
[127/128]	I'm online..
[81/128]	I'm online..
[100/128]	I'm online..
[28/128]	I'm online..
[119/128]	I'm online..
[116/128]	I'm online..
[58/128]	I'm online..
[62/128]	I'm online..
[98/128]	I'm online..
[118/128]	I'm online..
[95/128]	I'm online..
[27/128]	I'm online..
[89/128]	I'm online..
[14/128]	I'm online..
[31/128]	I'm online..
[24/128]	I'm online..
[39/128]	I'm online..
[57/128]	I'm online..
[3/128]	I'm online..
[29/128]	I'm online..
[36/128]	I'm online..
[42/128]	I'm online..
[72/128]	I'm online..
[99/128]	I'm online..
[101/128]	I'm online..
[103/128]	I'm online..
[105/128]	I'm online..
[106/128]	I'm online..
[107/128]	I'm online..
[109/128]	I'm online..
[113/128]	I'm online..
[125/128]	I'm online..
[128/128]	I'm online..
---------------- EAR 5.1 MPI enabled ----------------
                   App/user id: 'hratio_l20'/'ovaneck2'
    Node/job id/step_id/app_id: 'tcn9'/'11500501'/'1'/'3583778'
     P_STATE/frequency (turbo): 0/2600000 (0)
    Tasks/nodes/ppn/node_ratio: 128/1/128/1.000
             Policy (learning): monitoring (0)
Policy threshold/Perf accuracy: 0.00/10000000.00
   DynAIS levels/window/AVX512: 10/200/2
                      VAR path: /var/ear
           EAR privileged user: 0
                       EARL on: 1 
                  Max CPU freq: 2600000
-------------------------------------------------------
EAR initialized successfully.
[1/128]	I'm online..
[34m[tcn9][0][INFO] [0mWarning: Estimated power 249.78 W (DC vs CPU+GPU 1.00)
[34m[tcn9][0][INFO] [0mScope APP master 1 elapsed 0.000000
------------------------------------ Application Summary [tcn9] ------------------------------------
--- App id: hratio_l20 / user id: ovaneck2 / account: vusei12999 / job.step: 11500501.1.3583778 ---


(mpi_sig) Wall time: 0.199 s, nominal freq.: 2.60 GHz, avg. freq: 2.57 GHz, avg imc freq: 1.47 GHz
          Avg. mpi_time/exec_time 26.7 %

          tasks: 128

          CPI/TPI: 0.381/44.876, GB/s: 5.261, GFLOPS: 0.000, IO: 8.293 (MB/s)
          DC/DRAM/PCK power: 249.778/0.000/249.782 (W) GFlops/Watts 0.000


----------------------------------------------------------------------------------------------------
[30/128]	Finalized MPI..
[66/128]	Finalized MPI..
[92/128]	Finalized MPI..
[53/128]	Finalized MPI..
[126/128]	Finalized MPI..
[2/128]	Finalized MPI..
[36/128]	Finalized MPI..
[55/128]	Finalized MPI..
[23/128]	Finalized MPI..
[3/128]	Finalized MPI..
[125/128]	Finalized MPI..
[63/128]	Finalized MPI..
[102/128]	Finalized MPI..
[121/128]	Finalized MPI..
[111/128]	Finalized MPI..
[116/128]	Finalized MPI..
[112/128]	Finalized MPI..
[38/128]	Finalized MPI..
[76/128]	Finalized MPI..
[78/128]	Finalized MPI..
[128/128]	Finalized MPI..
[26/128]	Finalized MPI..
[57/128]	Finalized MPI..
[86/128]	Finalized MPI..
[85/128]	Finalized MPI..
[59/128]	Finalized MPI..
[106/128]	Finalized MPI..
[34/128]	Finalized MPI..
[71/128]	Finalized MPI..
[95/128]	Finalized MPI..
[79/128]	Finalized MPI..
[122/128]	Finalized MPI..
[115/128]	Finalized MPI..
[77/128]	Finalized MPI..
[105/128]	Finalized MPI..
[58/128]	Finalized MPI..
[7/128]	Finalized MPI..
[119/128]	Finalized MPI..
[73/128]	Finalized MPI..
[61/128]	Finalized MPI..
[104/128]	Finalized MPI..
[101/128]	Finalized MPI..
[118/128]	Finalized MPI..
[117/128]	Finalized MPI..
[41/128]	Finalized MPI..
[56/128]	Finalized MPI..
[84/128]	Finalized MPI..
[51/128]	Finalized MPI..
[49/128]	Finalized MPI..
[35/128]	Finalized MPI..
[33/128]	Finalized MPI..
[32/128]	Finalized MPI..
[6/128]	Finalized MPI..
[114/128]	Finalized MPI..
[72/128]	Finalized MPI..
[70/128]	Finalized MPI..
[109/128]	Finalized MPI..
[96/128]	Finalized MPI..
[91/128]	Finalized MPI..
[39/128]	Finalized MPI..
[15/128]	Finalized MPI..
[99/128]	Finalized MPI..
[108/128]	Finalized MPI..
[60/128]	Finalized MPI..
[19/128]	Finalized MPI..
[13/128]	Finalized MPI..
[120/128]	Finalized MPI..
[43/128]	Finalized MPI..
[1/128]	Finalized MPI..
[110/128]	Finalized MPI..
[31/128]	Finalized MPI..
[103/128]	Finalized MPI..
[50/128]	Finalized MPI..
[14/128]	Finalized MPI..
[47/128]	Finalized MPI..
[75/128]	Finalized MPI..
[40/128]	Finalized MPI..
[123/128]	Finalized MPI..
[45/128]	Finalized MPI..
[127/128]	Finalized MPI..
[98/128]	Finalized MPI..
[22/128]	Finalized MPI..
[4/128]	Finalized MPI..
[107/128]	Finalized MPI..
[52/128]	Finalized MPI..
[37/128]	Finalized MPI..
[124/128]	Finalized MPI..
[20/128]	Finalized MPI..
[69/128]	Finalized MPI..
[90/128]	Finalized MPI..
[100/128]	Finalized MPI..
[88/128]	Finalized MPI..
[113/128]	Finalized MPI..
[67/128]	Finalized MPI..
[11/128]	Finalized MPI..
[48/128]	Finalized MPI..
[87/128]	Finalized MPI..
[18/128]	Finalized MPI..
[24/128]	Finalized MPI..
[74/128]	Finalized MPI..
[8/128]	Finalized MPI..
[17/128]	Finalized MPI..
[81/128]	Finalized MPI..
[62/128]	Finalized MPI..
[80/128]	Finalized MPI..
[25/128]	Finalized MPI..
[28/128]	Finalized MPI..
[54/128]	Finalized MPI..
[12/128]	Finalized MPI..
[83/128]	Finalized MPI..
[64/128]	Finalized MPI..
[44/128]	Finalized MPI..
[5/128]	Finalized MPI..
[89/128]	Finalized MPI..
[29/128]	Finalized MPI..
[93/128]	Finalized MPI..
[82/128]	Finalized MPI..
[21/128]	Finalized MPI..
[46/128]	Finalized MPI..
[16/128]	Finalized MPI..
[27/128]	Finalized MPI..
[97/128]	Finalized MPI..
[9/128]	Finalized MPI..
[94/128]	Finalized MPI..
[65/128]	Finalized MPI..
[68/128]	Finalized MPI..
[42/128]	Finalized MPI..
[10/128]	Finalized MPI..
[EARL][tcn9][3585654] --- EARL INIT [PID: 3585654] [MASTER: 1] ---
[34m[tcn9][0][INFO] [0mK-medoids & roofline strategies not available. Loading default model for the classification
--- EARL loaded APIs ---
MGT_CPUFREQ: EARD
MGT_IMCFREQ: EARD
MGT_PRIO   : DUMMY
MET_CPUFREQ: EARD
MET_IMCFREQ: EARD
MET_ENERGY : EARD
MET_TEMP:    AMD17
MET_BWIDTH : EARD
MET_FLOPS  : PERF
MET_CPI    : PERF
MGT_GPU    : DUMMY
MET_GPU    : DUMMY
L1D: loaded (event PERF_L1D_MISS_LD) 
L2 : loaded (event L2_MISS_FROM_DC) (also in LBW)
L2 : loaded (event L2_MISS_FROM_PF1) (also in LBW)
L2 : loaded (event L2_MISS_FROM_PF2) (also in LBW)

------------------------
[20/128]	I'm online..
[62/128]	I'm online..
[72/128]	I'm online..
[100/128]	I'm online..
[116/128]	I'm online..
[12/128]	I'm online..
[13/128]	I'm online..
[15/128]	I'm online..
[21/128]	I'm online..
[77/128]	I'm online..
[83/128]	I'm online..
[119/128]	I'm online..
[125/128]	I'm online..
[7/128]	I'm online..
[8/128]	I'm online..
[109/128]	I'm online..
[23/128]	I'm online..
[29/128]	I'm online..
[22/128]	I'm online..
[26/128]	I'm online..
[85/128]	I'm online..
[128/128]	I'm online..
[9/128]	I'm online..
[98/128]	I'm online..
[71/128]	I'm online..
[101/128]	I'm online..
[40/128]	I'm online..
[107/128]	I'm online..
[114/128]	I'm online..
[122/128]	I'm online..
[106/128]	I'm online..
[19/128]	I'm online..
[38/128]	I'm online..
[102/128]	I'm online..
[121/128]	I'm online..
[52/128]	I'm online..
Mapping frequencies from 128 processes to 128 CPUs...
[82/128]	I'm online..
[31/128]	I'm online..
[65/128]	I'm online..
[67/128]	I'm online..
[2/128]	I'm online..
[24/128]	I'm online..
[90/128]	I'm online..
[88/128]	I'm online..
[37/128]	I'm online..
[18/128]	I'm online..
[64/128]	I'm online..
[78/128]	I'm online..
[50/128]	I'm online..
[63/128]	I'm online..
[66/128]	I'm online..
[28/128]	I'm online..
[111/128]	I'm online..
[126/128]	I'm online..
[14/128]	I'm online..
[124/128]	I'm online..
[41/128]	I'm online..
[55/128]	I'm online..
[56/128]	I'm online..
[96/128]	I'm online..
[10/128]	I'm online..
[16/128]	I'm online..
[25/128]	I'm online..
[47/128]	I'm online..
[48/128]	I'm online..
[84/128]	I'm online..
[36/128]	I'm online..
[58/128]	I'm online..
[59/128]	I'm online..
[5/128]	I'm online..
[86/128]	I'm online..
[95/128]	I'm online..
[44/128]	I'm online..
[46/128]	I'm online..
[54/128]	I'm online..
[68/128]	I'm online..
[81/128]	I'm online..
[89/128]	I'm online..
[99/128]	I'm online..
[113/128]	I'm online..
[32/128]	I'm online..
[35/128]	I'm online..
[75/128]	I'm online..
[97/128]	I'm online..
[115/128]	I'm online..
[123/128]	I'm online..
[120/128]	I'm online..
[11/128]	I'm online..
[51/128]	I'm online..
[110/128]	I'm online..
[27/128]	I'm online..
[49/128]	I'm online..
[6/128]	I'm online..
[42/128]	I'm online..
[94/128]	I'm online..
[17/128]	I'm online..
[127/128]	I'm online..
[43/128]	I'm online..
[60/128]	I'm online..
[74/128]	I'm online..
[79/128]	I'm online..
[4/128]	I'm online..
[80/128]	I'm online..
[118/128]	I'm online..
[103/128]	I'm online..
[112/128]	I'm online..
[105/128]	I'm online..
[3/128]	I'm online..
[87/128]	I'm online..
[61/128]	I'm online..
[39/128]	I'm online..
[93/128]	I'm online..
[70/128]	I'm online..
[91/128]	I'm online..
[33/128]	I'm online..
[34/128]	I'm online..
[53/128]	I'm online..
[73/128]	I'm online..
[30/128]	I'm online..
[45/128]	I'm online..
[57/128]	I'm online..
[76/128]	I'm online..
[92/128]	I'm online..
[104/128]	I'm online..
[108/128]	I'm online..
[117/128]	I'm online..
[69/128]	I'm online..
---------------- EAR 5.1 MPI enabled ----------------
                   App/user id: 'hratio_l20'/'ovaneck2'
    Node/job id/step_id/app_id: 'tcn9'/'11500501'/'2'/'3585654'
     P_STATE/frequency (turbo): 0/2600000 (0)
    Tasks/nodes/ppn/node_ratio: 128/1/128/1.000
             Policy (learning): monitoring (0)
Policy threshold/Perf accuracy: 0.00/10000000.00
   DynAIS levels/window/AVX512: 10/200/2
                      VAR path: /var/ear
           EAR privileged user: 0
                       EARL on: 1 
                  Max CPU freq: 2600000
-------------------------------------------------------
EAR initialized successfully.
[1/128]	I'm online..
Warning, going to time guided because low number of MPI calls per second current 0.250000 
EAR[3585654](hratio_l20) at 2.60/1.47 in tcn9 MR[0] elapsed 34 sec.: [32mLoop time: 1.008s DC Power: [35m437.9W[32m DRAM power: 0.00W PCK power: 442.14W
	avg. CPUFreq: 2.57GHz avg. IMCFreq: 1.47GHz Next Frequency 2.60
	CPI: 0.411 VPI: 0.00, Mem. bwidth: 0.13GB/s GFLOPS: 0.00 I/O: 0.11MB/s No MPI  
	TPI 0.02 Cache miss rates: L1 0.20GB/s L2 0.01GB/s L3 0.00GB/s
	Total MPI calls 3
	IO DATA: rchar 4552 wchar 6440 syscr 50 syscw 5 read_bytes 0 write_bytes 151552
	Process OS info: (pid 3585654 state R utime 996 stime 0 cutime 0 cstime 0 CPU usage 98)
	CPU temperature (celsius): socket 0: 59 socket 1: 67[0m
EAR[3585654](hratio_l20) at 2.60/1.47 in tcn9 MR[0] elapsed 46 sec.: [32mLoop time: 1.121s DC Power: [35m485.1W[32m DRAM power: 0.00W PCK power: 448.68W
	avg. CPUFreq: 2.57GHz avg. IMCFreq: 1.47GHz
	CPI: 0.350 VPI: 0.00, Mem. bwidth: 0.13GB/s GFLOPS: 0.00 I/O: 0.01MB/s No MPI  
	TPI 0.02 Cache miss rates: L1 0.01GB/s L2 0.00GB/s L3 0.00GB/s
	Total MPI calls 3
	IO DATA: rchar 4664 wchar 9427 syscr 52 syscw 30 read_bytes 0 write_bytes 290816
	Process OS info: (pid 3585654 state R utime 1107 stime 0 cutime 0 cstime 0 CPU usage 98)
	CPU temperature (celsius): socket 0: 61 socket 1: 69[0m
[34m[tcn9][0][INFO] [0mScope APP master 1 elapsed 0.000000
------------------------------------ Application Summary [tcn9] ------------------------------------
--- App id: hratio_l20 / user id: ovaneck2 / account: vusei12999 / job.step: 11500501.2.3585654 ---


(mpi_sig) Wall time: 51.617 s, nominal freq.: 2.60 GHz, avg. freq: 2.57 GHz, avg imc freq: 1.47 GHz
          Avg. mpi_time/exec_time 69.0 %

          tasks: 128

          CPI/TPI: 0.385/0.023, GB/s: 0.158, GFLOPS: 0.000, IO: 0.172 (MB/s)
          DC/DRAM/PCK power: 473.833/0.000/430.910 (W) GFlops/Watts 0.000


----------------------------------------------------------------------------------------------------
[94/128]	Finalized MPI..
[106/128]	Finalized MPI..
[56/128]	Finalized MPI..
[47/128]	Finalized MPI..
[35/128]	Finalized MPI..
[127/128]	Finalized MPI..
[49/128]	Finalized MPI..
[45/128]	Finalized MPI..
[81/128]	Finalized MPI..
[41/128]	Finalized MPI..
[88/128]	Finalized MPI..
[37/128]	Finalized MPI..
[48/128]	Finalized MPI..
[36/128]	Finalized MPI..
[102/128]	Finalized MPI..
[40/128]	Finalized MPI..
[101/128]	Finalized MPI..
[110/128]	Finalized MPI..
[107/128]	Finalized MPI..
[11/128]	Finalized MPI..
[115/128]	Finalized MPI..
[46/128]	Finalized MPI..
[4/128]	Finalized MPI..
[16/128]	Finalized MPI..
[39/128]	Finalized MPI..
[18/128]	Finalized MPI..
[8/128]	Finalized MPI..
[98/128]	Finalized MPI..
[44/128]	Finalized MPI..
[116/128]	Finalized MPI..
[19/128]	Finalized MPI..
[26/128]	Finalized MPI..
[66/128]	Finalized MPI..
[111/128]	Finalized MPI..
[64/128]	Finalized MPI..
[97/128]	Finalized MPI..
[69/128]	Finalized MPI..
[43/128]	Finalized MPI..
[93/128]	Finalized MPI..
[99/128]	Finalized MPI..
[122/128]	Finalized MPI..
[112/128]	Finalized MPI..
[31/128]	Finalized MPI..
[61/128]	Finalized MPI..
[83/128]	Finalized MPI..
[109/128]	Finalized MPI..
[7/128]	Finalized MPI..
[9/128]	Finalized MPI..
[22/128]	Finalized MPI..
[72/128]	Finalized MPI..
[63/128]	Finalized MPI..
[27/128]	Finalized MPI..
[53/128]	Finalized MPI..
[100/128]	Finalized MPI..
[95/128]	Finalized MPI..
[32/128]	Finalized MPI..
[113/128]	Finalized MPI..
[78/128]	Finalized MPI..
[125/128]	Finalized MPI..
[128/128]	Finalized MPI..
[55/128]	Finalized MPI..
[73/128]	Finalized MPI..
[126/128]	Finalized MPI..
[108/128]	Finalized MPI..
[38/128]	Finalized MPI..
[77/128]	Finalized MPI..
[34/128]	Finalized MPI..
[52/128]	Finalized MPI..
[21/128]	Finalized MPI..
[15/128]	Finalized MPI..
[54/128]	Finalized MPI..
[65/128]	Finalized MPI..
[74/128]	Finalized MPI..
[118/128]	Finalized MPI..
[84/128]	Finalized MPI..
[91/128]	Finalized MPI..
[92/128]	Finalized MPI..
[82/128]	Finalized MPI..
[119/128]	Finalized MPI..
[28/128]	Finalized MPI..
[25/128]	Finalized MPI..
[67/128]	Finalized MPI..
[121/128]	Finalized MPI..
[123/128]	Finalized MPI..
[117/128]	Finalized MPI..
[89/128]	Finalized MPI..
[120/128]	Finalized MPI..
[70/128]	Finalized MPI..
[103/128]	Finalized MPI..
[29/128]	Finalized MPI..
[124/128]	Finalized MPI..
[50/128]	Finalized MPI..
[86/128]	Finalized MPI..
[75/128]	Finalized MPI..
[42/128]	Finalized MPI..
[13/128]	Finalized MPI..
[62/128]	Finalized MPI..
[14/128]	Finalized MPI..
[57/128]	Finalized MPI..
[114/128]	Finalized MPI..
[58/128]	Finalized MPI..
[90/128]	Finalized MPI..
[12/128]	Finalized MPI..
[24/128]	Finalized MPI..
[10/128]	Finalized MPI..
[68/128]	Finalized MPI..
[105/128]	Finalized MPI..
[79/128]	Finalized MPI..
[3/128]	Finalized MPI..
[59/128]	Finalized MPI..
[60/128]	Finalized MPI..
[5/128]	Finalized MPI..
[17/128]	Finalized MPI..
[1/128]	Finalized MPI..
[51/128]	Finalized MPI..
[96/128]	Finalized MPI..
[6/128]	Finalized MPI..
[23/128]	Finalized MPI..
[33/128]	Finalized MPI..
[20/128]	Finalized MPI..
[80/128]	Finalized MPI..
[30/128]	Finalized MPI..
[71/128]	Finalized MPI..
[76/128]	Finalized MPI..
[87/128]	Finalized MPI..
[2/128]	Finalized MPI..
[104/128]	Finalized MPI..
[85/128]	Finalized MPI..
[EARL][tcn9][3587594] --- EARL INIT [PID: 3587594] [MASTER: 1] ---
[34m[tcn9][0][INFO] [0mK-medoids & roofline strategies not available. Loading default model for the classification
--- EARL loaded APIs ---
MGT_CPUFREQ: EARD
MGT_IMCFREQ: EARD
MGT_PRIO   : DUMMY
MET_CPUFREQ: EARD
MET_IMCFREQ: EARD
MET_ENERGY : EARD
MET_TEMP:    AMD17
MET_BWIDTH : EARD
MET_FLOPS  : PERF
MET_CPI    : PERF
MGT_GPU    : DUMMY
MET_GPU    : DUMMY
L1D: loaded (event PERF_L1D_MISS_LD) 
L2 : loaded (event L2_MISS_FROM_DC) (also in LBW)
L2 : loaded (event L2_MISS_FROM_PF1) (also in LBW)
L2 : loaded (event L2_MISS_FROM_PF2) (also in LBW)

------------------------
[66/128]	I'm online..
[91/128]	I'm online..
[109/128]	I'm online..
[111/128]	I'm online..
[115/128]	I'm online..
[128/128]	I'm online..
[10/128]	I'm online..
[21/128]	I'm online..
[30/128]	I'm online..
[56/128]	I'm online..
[82/128]	I'm online..
[85/128]	I'm online..
[81/128]	I'm online..
[28/128]	I'm online..
[35/128]	I'm online..
[37/128]	I'm online..
[68/128]	I'm online..
[9/128]	I'm online..
[94/128]	I'm online..
[41/128]	I'm online..
[17/128]	I'm online..
[18/128]	I'm online..
[40/128]	I'm online..
[121/128]	I'm online..
[46/128]	I'm online..
[34/128]	I'm online..
[38/128]	I'm online..
[116/128]	I'm online..
[31/128]	I'm online..
[54/128]	I'm online..
[96/128]	I'm online..
Mapping frequencies from 128 processes to 128 CPUs...
[25/128]	I'm online..
[24/128]	I'm online..
[39/128]	I'm online..
[44/128]	I'm online..
[76/128]	I'm online..
[90/128]	I'm online..
[63/128]	I'm online..
[88/128]	I'm online..
[97/128]	I'm online..
[27/128]	I'm online..
[47/128]	I'm online..
[69/128]	I'm online..
[12/128]	I'm online..
[5/128]	I'm online..
[6/128]	I'm online..
[73/128]	I'm online..
[43/128]	I'm online..
[98/128]	I'm online..
[61/128]	I'm online..
[86/128]	I'm online..
[19/128]	I'm online..
[22/128]	I'm online..
[42/128]	I'm online..
[114/128]	I'm online..
[112/128]	I'm online..
[80/128]	I'm online..
[48/128]	I'm online..
[93/128]	I'm online..
[14/128]	I'm online..
[33/128]	I'm online..
[53/128]	I'm online..
[7/128]	I'm online..
[127/128]	I'm online..
[123/128]	I'm online..
[78/128]	I'm online..
[26/128]	I'm online..
[64/128]	I'm online..
[51/128]	I'm online..
[2/128]	I'm online..
[45/128]	I'm online..
[32/128]	I'm online..
[83/128]	I'm online..
[118/128]	I'm online..
[15/128]	I'm online..
[23/128]	I'm online..
[95/128]	I'm online..
[99/128]	I'm online..
[110/128]	I'm online..
[20/128]	I'm online..
[71/128]	I'm online..
[101/128]	I'm online..
[104/128]	I'm online..
[113/128]	I'm online..
[60/128]	I'm online..
[92/128]	I'm online..
[117/128]	I'm online..
[55/128]	I'm online..
[65/128]	I'm online..
[79/128]	I'm online..
[36/128]	I'm online..
[106/128]	I'm online..
[4/128]	I'm online..
[29/128]	I'm online..
[74/128]	I'm online..
[16/128]	I'm online..
[52/128]	I'm online..
[8/128]	I'm online..
[13/128]	I'm online..
[50/128]	I'm online..
[84/128]	I'm online..
[59/128]	I'm online..
[11/128]	I'm online..
[49/128]	I'm online..
[3/128]	I'm online..
[62/128]	I'm online..
[103/128]	I'm online..
[58/128]	I'm online..
[105/128]	I'm online..
[108/128]	I'm online..
[77/128]	I'm online..
[87/128]	I'm online..
[72/128]	I'm online..
[75/128]	I'm online..
[89/128]	I'm online..
[70/128]	I'm online..
[107/128]	I'm online..
[120/128]	I'm online..
[67/128]	I'm online..
[100/128]	I'm online..
[102/128]	I'm online..
[119/128]	I'm online..
[122/128]	I'm online..
[124/128]	I'm online..
[125/128]	I'm online..
[126/128]	I'm online..
[57/128]	I'm online..
---------------- EAR 5.1 MPI enabled ----------------
                   App/user id: 'hratio_l20'/'ovaneck2'
    Node/job id/step_id/app_id: 'tcn9'/'11500501'/'3'/'3587594'
     P_STATE/frequency (turbo): 0/2600000 (0)
    Tasks/nodes/ppn/node_ratio: 128/1/128/1.000
             Policy (learning): monitoring (0)
Policy threshold/Perf accuracy: 0.00/10000000.00
   DynAIS levels/window/AVX512: 10/200/2
                      VAR path: /var/ear
           EAR privileged user: 0
                       EARL on: 1 
                  Max CPU freq: 2600000
-------------------------------------------------------
EAR initialized successfully.
[1/128]	I'm online..
Warning, going to time guided because low number of MPI calls per second current 0.222222 
EAR[3587594](hratio_l20) at 2.60/1.47 in tcn9 MR[0] elapsed 34 sec.: [32mLoop time: 1.007s DC Power: [35m458.7W[32m DRAM power: 0.00W PCK power: 445.75W
	avg. CPUFreq: 2.57GHz avg. IMCFreq: 1.47GHz Next Frequency 2.60
	CPI: 0.404 VPI: 0.00, Mem. bwidth: 0.12GB/s GFLOPS: 0.00 I/O: 0.11MB/s No MPI  
	TPI 0.02 Cache miss rates: L1 2.91GB/s L2 0.01GB/s L3 0.00GB/s
	Total MPI calls 3
	IO DATA: rchar 4553 wchar 6440 syscr 50 syscw 5 read_bytes 0 write_bytes 8192
	Process OS info: (pid 3587594 state R utime 985 stime 0 cutime 0 cstime 0 CPU usage 97)
	CPU temperature (celsius): socket 0: 60 socket 1: 69[0m
EAR[3587594](hratio_l20) at 2.60/1.47 in tcn9 MR[0] elapsed 45 sec.: [32mLoop time: 1.122s DC Power: [35m449.7W[32m DRAM power: 0.00W PCK power: 451.32W
	avg. CPUFreq: 2.57GHz avg. IMCFreq: 1.47GHz
	CPI: 0.347 VPI: 0.00, Mem. bwidth: 0.09GB/s GFLOPS: 0.00 I/O: 0.01MB/s No MPI  
	TPI 0.01 Cache miss rates: L1 1.34GB/s L2 0.00GB/s L3 0.00GB/s
	Total MPI calls 3
	IO DATA: rchar 4665 wchar 9425 syscr 52 syscw 30 read_bytes 0 write_bytes 290816
	Process OS info: (pid 3587594 state R utime 1107 stime 1 cutime 0 cstime 0 CPU usage 98)
	CPU temperature (celsius): socket 0: 61 socket 1: 70[0m
[34m[tcn9][0][INFO] [0mScope APP master 1 elapsed 0.000000
------------------------------------ Application Summary [tcn9] ------------------------------------
--- App id: hratio_l20 / user id: ovaneck2 / account: vusei12999 / job.step: 11500501.3.3587594 ---


(mpi_sig) Wall time: 46.670 s, nominal freq.: 2.60 GHz, avg. freq: 2.57 GHz, avg imc freq: 1.47 GHz
          Avg. mpi_time/exec_time 68.9 %

          tasks: 128

          CPI/TPI: 0.386/0.046, GB/s: 0.287, GFLOPS: 0.000, IO: 0.489 (MB/s)
          DC/DRAM/PCK power: 455.387/0.000/424.255 (W) GFlops/Watts 0.000


----------------------------------------------------------------------------------------------------
[68/128]	Finalized MPI..
[33/128]	Finalized MPI..
[73/128]	Finalized MPI..
[56/128]	Finalized MPI..
[112/128]	Finalized MPI..
[85/128]	Finalized MPI..
[113/128]	Finalized MPI..
[26/128]	Finalized MPI..
[17/128]	Finalized MPI..
[78/128]	Finalized MPI..
[46/128]	Finalized MPI..
[125/128]	Finalized MPI..
[88/128]	Finalized MPI..
[120/128]	Finalized MPI..
[123/128]	Finalized MPI..
[16/128]	Finalized MPI..
[124/128]	Finalized MPI..
[121/128]	Finalized MPI..
[7/128]	Finalized MPI..
[2/128]	Finalized MPI..
[65/128]	Finalized MPI..
[98/128]	Finalized MPI..
[102/128]	Finalized MPI..
[122/128]	Finalized MPI..
[36/128]	Finalized MPI..
[70/128]	Finalized MPI..
[97/128]	Finalized MPI..
[72/128]	Finalized MPI..
[53/128]	Finalized MPI..
[41/128]	Finalized MPI..
[21/128]	Finalized MPI..
[9/128]	Finalized MPI..
[63/128]	Finalized MPI..
[25/128]	Finalized MPI..
[27/128]	Finalized MPI..
[80/128]	Finalized MPI..
[76/128]	Finalized MPI..
[45/128]	Finalized MPI..
[105/128]	Finalized MPI..
[48/128]	Finalized MPI..
[30/128]	Finalized MPI..
[23/128]	Finalized MPI..
[128/128]	Finalized MPI..
[75/128]	Finalized MPI..
[103/128]	Finalized MPI..
[104/128]	Finalized MPI..
[59/128]	Finalized MPI..
[109/128]	Finalized MPI..
[37/128]	Finalized MPI..
[100/128]	Finalized MPI..
[67/128]	Finalized MPI..
[69/128]	Finalized MPI..
[31/128]	Finalized MPI..
[101/128]	Finalized MPI..
[44/128]	Finalized MPI..
[87/128]	Finalized MPI..
[82/128]	Finalized MPI..
[110/128]	Finalized MPI..
[117/128]	Finalized MPI..
[79/128]	Finalized MPI..
[47/128]	Finalized MPI..
[86/128]	Finalized MPI..
[81/128]	Finalized MPI..
[126/128]	Finalized MPI..
[50/128]	Finalized MPI..
[20/128]	Finalized MPI..
[71/128]	Finalized MPI..
[92/128]	Finalized MPI..
[93/128]	Finalized MPI..
[119/128]	Finalized MPI..
[94/128]	Finalized MPI..
[22/128]	Finalized MPI..
[83/128]	Finalized MPI..
[84/128]	Finalized MPI..
[35/128]	Finalized MPI..
[60/128]	Finalized MPI..
[96/128]	Finalized MPI..
[77/128]	Finalized MPI..
[58/128]	Finalized MPI..
[43/128]	Finalized MPI..
[39/128]	Finalized MPI..
[3/128]	Finalized MPI..
[4/128]	Finalized MPI..
[91/128]	Finalized MPI..
[62/128]	Finalized MPI..
[90/128]	Finalized MPI..
[89/128]	Finalized MPI..
[57/128]	Finalized MPI..
[34/128]	Finalized MPI..
[42/128]	Finalized MPI..
[106/128]	Finalized MPI..
[29/128]	Finalized MPI..
[66/128]	Finalized MPI..
[28/128]	Finalized MPI..
[114/128]	Finalized MPI..
[38/128]	Finalized MPI..
[52/128]	Finalized MPI..
[61/128]	Finalized MPI..
[116/128]	Finalized MPI..
[115/128]	Finalized MPI..
[8/128]	Finalized MPI..
[19/128]	Finalized MPI..
[18/128]	Finalized MPI..
[11/128]	Finalized MPI..
[111/128]	Finalized MPI..
[13/128]	Finalized MPI..
[108/128]	Finalized MPI..
[6/128]	Finalized MPI..
[5/128]	Finalized MPI..
[49/128]	Finalized MPI..
[15/128]	Finalized MPI..
[12/128]	Finalized MPI..
[99/128]	Finalized MPI..
[107/128]	Finalized MPI..
[118/128]	Finalized MPI..
[95/128]	Finalized MPI..
[14/128]	Finalized MPI..
[40/128]	Finalized MPI..
[10/128]	Finalized MPI..
[74/128]	Finalized MPI..
[64/128]	Finalized MPI..
[32/128]	Finalized MPI..
[54/128]	Finalized MPI..
[24/128]	Finalized MPI..
[55/128]	Finalized MPI..
[127/128]	Finalized MPI..
[51/128]	Finalized MPI..
[1/128]	Finalized MPI..
[EARL][tcn9][3589494] --- EARL INIT [PID: 3589494] [MASTER: 1] ---
[34m[tcn9][0][INFO] [0mK-medoids & roofline strategies not available. Loading default model for the classification
--- EARL loaded APIs ---
MGT_CPUFREQ: EARD
MGT_IMCFREQ: EARD
MGT_PRIO   : DUMMY
MET_CPUFREQ: EARD
MET_IMCFREQ: EARD
MET_ENERGY : EARD
MET_TEMP:    AMD17
MET_BWIDTH : EARD
MET_FLOPS  : PERF
MET_CPI    : PERF
MGT_GPU    : DUMMY
MET_GPU    : DUMMY
L1D: loaded (event PERF_L1D_MISS_LD) 
L2 : loaded (event L2_MISS_FROM_DC) (also in LBW)
L2 : loaded (event L2_MISS_FROM_PF1) (also in LBW)
L2 : loaded (event L2_MISS_FROM_PF2) (also in LBW)

------------------------
[60/128]	I'm online..
[69/128]	I'm online..
[72/128]	I'm online..
[98/128]	I'm online..
[7/128]	I'm online..
[19/128]	I'm online..
[29/128]	I'm online..
[30/128]	I'm online..
[71/128]	I'm online..
[104/128]	I'm online..
[101/128]	I'm online..
[74/128]	I'm online..
[76/128]	I'm online..
[106/128]	I'm online..
[70/128]	I'm online..
[20/128]	I'm online..
[102/128]	I'm online..
[23/128]	I'm online..
[55/128]	I'm online..
[33/128]	I'm online..
[50/128]	I'm online..
[90/128]	I'm online..
[49/128]	I'm online..
[58/128]	I'm online..
[59/128]	I'm online..
[61/128]	I'm online..
[85/128]	I'm online..
[79/128]	I'm online..
[43/128]	I'm online..
[62/128]	I'm online..
[125/128]	I'm online..
[2/128]	I'm online..
[25/128]	I'm online..
[4/128]	I'm online..
[63/128]	I'm online..
[97/128]	I'm online..
[119/128]	I'm online..
[65/128]	I'm online..
[81/128]	I'm online..
[87/128]	I'm online..
[114/128]	I'm online..
[109/128]	I'm online..
[128/128]	I'm online..
[45/128]	I'm online..
[35/128]	I'm online..
[24/128]	I'm online..
[68/128]	I'm online..
[39/128]	I'm online..
[67/128]	I'm online..
[112/128]	I'm online..
[66/128]	I'm online..
[52/128]	I'm online..
[26/128]	I'm online..
[82/128]	I'm online..
[36/128]	I'm online..
[40/128]	I'm online..
[118/128]	I'm online..
[94/128]	I'm online..
[3/128]	I'm online..
[18/128]	I'm online..
[32/128]	I'm online..
[91/128]	I'm online..
[6/128]	I'm online..
[84/128]	I'm online..
[100/128]	I'm online..
[22/128]	I'm online..
[41/128]	I'm online..
[113/128]	I'm online..
[117/128]	I'm online..
[9/128]	I'm online..
[14/128]	I'm online..
[83/128]	I'm online..
[15/128]	I'm online..
[95/128]	I'm online..
[105/128]	I'm online..
[37/128]	I'm online..
[93/128]	I'm online..
[38/128]	I'm online..
[53/128]	I'm online..
[46/128]	I'm online..
[77/128]	I'm online..
[124/128]	I'm online..
[28/128]	I'm online..
[92/128]	I'm online..
[10/128]	I'm online..
[111/128]	I'm online..
[120/128]	I'm online..
[126/128]	I'm online..
[57/128]	I'm online..
[75/128]	I'm online..
[13/128]	I'm online..
[27/128]	I'm online..
[31/128]	I'm online..
[8/128]	I'm online..
[34/128]	I'm online..
[47/128]	I'm online..
[42/128]	I'm online..
[89/128]	I'm online..
[17/128]	I'm online..
[16/128]	I'm online..
[56/128]	I'm online..
[54/128]	I'm online..
[96/128]	I'm online..
[64/128]	I'm online..
[5/128]	I'm online..
[21/128]	I'm online..
[44/128]	I'm online..
[108/128]	I'm online..
[11/128]	I'm online..
[121/128]	I'm online..
[12/128]	I'm online..
[123/128]	I'm online..
[51/128]	I'm online..
[107/128]	I'm online..
[115/128]	I'm online..
[116/128]	I'm online..
[122/128]	I'm online..
[48/128]	I'm online..
[73/128]	I'm online..
[78/128]	I'm online..
[80/128]	I'm online..
[88/128]	I'm online..
[99/128]	I'm online..
[103/128]	I'm online..
[127/128]	I'm online..
[86/128]	I'm online..
[110/128]	I'm online..
Mapping frequencies from 128 processes to 128 CPUs...
---------------- EAR 5.1 MPI enabled ----------------
                   App/user id: 'hratio_l20'/'ovaneck2'
    Node/job id/step_id/app_id: 'tcn9'/'11500501'/'4'/'3589494'
     P_STATE/frequency (turbo): 0/2600000 (0)
    Tasks/nodes/ppn/node_ratio: 128/1/128/1.000
             Policy (learning): monitoring (0)
Policy threshold/Perf accuracy: 0.00/10000000.00
   DynAIS levels/window/AVX512: 10/200/2
                      VAR path: /var/ear
           EAR privileged user: 0
                       EARL on: 1 
                  Max CPU freq: 2600000
-------------------------------------------------------
EAR initialized successfully.
[1/128]	I'm online..
Warning, going to time guided because low number of MPI calls per second current 2.000000 
EAR[3589494](hratio_l20) at 2.60/1.47 in tcn9 MR[0] elapsed 34 sec.: [32mLoop time: 1.007s DC Power: [35m462.6W[32m DRAM power: 0.00W PCK power: 446.87W
	avg. CPUFreq: 2.57GHz avg. IMCFreq: 1.47GHz Next Frequency 2.60
	CPI: 0.407 VPI: 0.00, Mem. bwidth: 0.10GB/s GFLOPS: 0.00 I/O: 0.11MB/s No MPI  
	TPI 0.02 Cache miss rates: L1 5.00GB/s L2 0.01GB/s L3 0.00GB/s
	Total MPI calls 3
	IO DATA: rchar 4551 wchar 6650 syscr 50 syscw 45 read_bytes 0 write_bytes 12288
	Process OS info: (pid 3589494 state R utime 994 stime 0 cutime 0 cstime 0 CPU usage 98)
	CPU temperature (celsius): socket 0: 61 socket 1: 69[0m
[34m[tcn9][0][INFO] [0mScope APP master 1 elapsed 0.000000
------------------------------------ Application Summary [tcn9] ------------------------------------
--- App id: hratio_l20 / user id: ovaneck2 / account: vusei12999 / job.step: 11500501.4.3589494 ---


(mpi_sig) Wall time: 40.821 s, nominal freq.: 2.60 GHz, avg. freq: 2.57 GHz, avg imc freq: 1.47 GHz
          Avg. mpi_time/exec_time 62.2 %

          tasks: 128

          CPI/TPI: 0.395/0.066, GB/s: 0.357, GFLOPS: 0.000, IO: 0.828 (MB/s)
          DC/DRAM/PCK power: 431.422/0.000/416.292 (W) GFlops/Watts 0.000


----------------------------------------------------------------------------------------------------
[71/128]	Finalized MPI..
[68/128]	Finalized MPI..
[105/128]	Finalized MPI..
[28/128]	Finalized MPI..
[75/128]	Finalized MPI..
[87/128]	Finalized MPI..
[64/128]	Finalized MPI..
[78/128]	Finalized MPI..
[84/128]	Finalized MPI..
[52/128]	Finalized MPI..
[103/128]	Finalized MPI..
[117/128]	Finalized MPI..
[120/128]	Finalized MPI..
[48/128]	Finalized MPI..
[69/128]	Finalized MPI..
[83/128]	Finalized MPI..
[104/128]	Finalized MPI..
[38/128]	Finalized MPI..
[5/128]	Finalized MPI..
[67/128]	Finalized MPI..
[110/128]	Finalized MPI..
[118/128]	Finalized MPI..
[80/128]	Finalized MPI..
[95/128]	Finalized MPI..
[124/128]	Finalized MPI..
[119/128]	Finalized MPI..
[56/128]	Finalized MPI..
[49/128]	Finalized MPI..
[125/128]	Finalized MPI..
[126/128]	Finalized MPI..
[93/128]	Finalized MPI..
[127/128]	Finalized MPI..
[25/128]	Finalized MPI..
[107/128]	Finalized MPI..
[21/128]	Finalized MPI..
[10/128]	Finalized MPI..
[46/128]	Finalized MPI..
[7/128]	Finalized MPI..
[54/128]	Finalized MPI..
[47/128]	Finalized MPI..
[86/128]	Finalized MPI..
[2/128]	Finalized MPI..
[106/128]	Finalized MPI..
[123/128]	Finalized MPI..
[65/128]	Finalized MPI..
[11/128]	Finalized MPI..
[77/128]	Finalized MPI..
[91/128]	Finalized MPI..
[109/128]	Finalized MPI..
[59/128]	Finalized MPI..
[82/128]	Finalized MPI..
[72/128]	Finalized MPI..
[33/128]	Finalized MPI..
[90/128]	Finalized MPI..
[51/128]	Finalized MPI..
[100/128]	Finalized MPI..
[34/128]	Finalized MPI..
[39/128]	Finalized MPI..
[94/128]	Finalized MPI..
[92/128]	Finalized MPI..
[89/128]	Finalized MPI..
[63/128]	Finalized MPI..
[62/128]	Finalized MPI..
[115/128]	Finalized MPI..
[8/128]	Finalized MPI..
[44/128]	Finalized MPI..
[74/128]	Finalized MPI..
[55/128]	Finalized MPI..
[88/128]	Finalized MPI..
[66/128]	Finalized MPI..
[70/128]	Finalized MPI..
[102/128]	Finalized MPI..
[26/128]	Finalized MPI..
[116/128]	Finalized MPI..
[30/128]	Finalized MPI..
[37/128]	Finalized MPI..
[128/128]	Finalized MPI..
[41/128]	Finalized MPI..
[101/128]	Finalized MPI..
[98/128]	Finalized MPI..
[99/128]	Finalized MPI..
[122/128]	Finalized MPI..
[57/128]	Finalized MPI..
[27/128]	Finalized MPI..
[96/128]	Finalized MPI..
[60/128]	Finalized MPI..
[4/128]	Finalized MPI..
[36/128]	Finalized MPI..
[79/128]	Finalized MPI..
[35/128]	Finalized MPI..
[43/128]	Finalized MPI..
[31/128]	Finalized MPI..
[50/128]	Finalized MPI..
[61/128]	Finalized MPI..
[85/128]	Finalized MPI..
[121/128]	Finalized MPI..
[76/128]	Finalized MPI..
[13/128]	Finalized MPI..
[108/128]	Finalized MPI..
[1/128]	Finalized MPI..
[45/128]	Finalized MPI..
[6/128]	Finalized MPI..
[19/128]	Finalized MPI..
[113/128]	Finalized MPI..
[81/128]	Finalized MPI..
[24/128]	Finalized MPI..
[14/128]	Finalized MPI..
[22/128]	Finalized MPI..
[97/128]	Finalized MPI..
[42/128]	Finalized MPI..
[18/128]	Finalized MPI..
[112/128]	Finalized MPI..
[111/128]	Finalized MPI..
[15/128]	Finalized MPI..
[9/128]	Finalized MPI..
[20/128]	Finalized MPI..
[3/128]	Finalized MPI..
[23/128]	Finalized MPI..
[40/128]	Finalized MPI..
[12/128]	Finalized MPI..
[29/128]	Finalized MPI..
[53/128]	Finalized MPI..
[17/128]	Finalized MPI..
[58/128]	Finalized MPI..
[114/128]	Finalized MPI..
[73/128]	Finalized MPI..
[32/128]	Finalized MPI..
[16/128]	Finalized MPI..
[EARL][tcn9][3591386] --- EARL INIT [PID: 3591386] [MASTER: 1] ---
[34m[tcn9][0][INFO] [0mK-medoids & roofline strategies not available. Loading default model for the classification
--- EARL loaded APIs ---
MGT_CPUFREQ: EARD
MGT_IMCFREQ: EARD
MGT_PRIO   : DUMMY
MET_CPUFREQ: EARD
MET_IMCFREQ: EARD
MET_ENERGY : EARD
MET_TEMP:    AMD17
MET_BWIDTH : EARD
MET_FLOPS  : PERF
MET_CPI    : PERF
MGT_GPU    : DUMMY
MET_GPU    : DUMMY
L1D: loaded (event PERF_L1D_MISS_LD) 
L2 : loaded (event L2_MISS_FROM_DC) (also in LBW)
L2 : loaded (event L2_MISS_FROM_PF1) (also in LBW)
L2 : loaded (event L2_MISS_FROM_PF2) (also in LBW)

------------------------
[61/128]	I'm online..
[14/128]	I'm online..
[17/128]	I'm online..
[42/128]	I'm online..
[44/128]	I'm online..
[51/128]	I'm online..
[54/128]	I'm online..
[72/128]	I'm online..
[80/128]	I'm online..
[85/128]	I'm online..
[104/128]	I'm online..
[123/128]	I'm online..
[118/128]	I'm online..
[41/128]	I'm online..
[109/128]	I'm online..
[87/128]	I'm online..
[117/128]	I'm online..
[102/128]	I'm online..
[62/128]	I'm online..
[83/128]	I'm online..
[111/128]	I'm online..
[34/128]	I'm online..
[125/128]	I'm online..
[36/128]	I'm online..
[79/128]	I'm online..
[81/128]	I'm online..
[43/128]	I'm online..
[35/128]	I'm online..
[45/128]	I'm online..
[57/128]	I'm online..
[60/128]	I'm online..
[128/128]	I'm online..
[6/128]	I'm online..
[48/128]	I'm online..
[67/128]	I'm online..
[78/128]	I'm online..
[31/128]	I'm online..
[25/128]	I'm online..
[93/128]	I'm online..
[26/128]	I'm online..
[8/128]	I'm online..
[13/128]	I'm online..
[55/128]	I'm online..
[110/128]	I'm online..
[126/128]	I'm online..
[100/128]	I'm online..
[38/128]	I'm online..
[39/128]	I'm online..
[19/128]	I'm online..
[52/128]	I'm online..
[7/128]	I'm online..
[16/128]	I'm online..
[105/128]	I'm online..
[106/128]	I'm online..
[23/128]	I'm online..
[88/128]	I'm online..
[4/128]	I'm online..
[29/128]	I'm online..
[114/128]	I'm online..
[73/128]	I'm online..
[75/128]	I'm online..
[74/128]	I'm online..
[127/128]	I'm online..
[47/128]	I'm online..
[84/128]	I'm online..
Mapping frequencies from 128 processes to 128 CPUs...
[5/128]	I'm online..
[99/128]	I'm online..
[108/128]	I'm online..
[21/128]	I'm online..
[56/128]	I'm online..
[64/128]	I'm online..
[66/128]	I'm online..
[49/128]	I'm online..
[94/128]	I'm online..
[20/128]	I'm online..
[53/128]	I'm online..
[82/128]	I'm online..
[10/128]	I'm online..
[12/128]	I'm online..
[59/128]	I'm online..
[24/128]	I'm online..
[115/128]	I'm online..
[68/128]	I'm online..
[22/128]	I'm online..
[11/128]	I'm online..
[18/128]	I'm online..
[40/128]	I'm online..
[122/128]	I'm online..
[76/128]	I'm online..
[95/128]	I'm online..
[37/128]	I'm online..
[101/128]	I'm online..
[124/128]	I'm online..
[2/128]	I'm online..
[27/128]	I'm online..
[50/128]	I'm online..
[58/128]	I'm online..
[121/128]	I'm online..
[92/128]	I'm online..
[3/128]	I'm online..
[65/128]	I'm online..
[30/128]	I'm online..
[113/128]	I'm online..
[63/128]	I'm online..
[15/128]	I'm online..
[28/128]	I'm online..
[86/128]	I'm online..
[90/128]	I'm online..
[32/128]	I'm online..
[46/128]	I'm online..
[89/128]	I'm online..
[96/128]	I'm online..
[97/128]	I'm online..
[103/128]	I'm online..
[119/128]	I'm online..
[120/128]	I'm online..
[9/128]	I'm online..
[69/128]	I'm online..
[70/128]	I'm online..
[71/128]	I'm online..
[77/128]	I'm online..
[98/128]	I'm online..
[107/128]	I'm online..
[112/128]	I'm online..
[116/128]	I'm online..
[91/128]	I'm online..
[33/128]	I'm online..
---------------- EAR 5.1 MPI enabled ----------------
                   App/user id: 'hratio_l20'/'ovaneck2'
    Node/job id/step_id/app_id: 'tcn9'/'11500501'/'5'/'3591386'
     P_STATE/frequency (turbo): 0/2600000 (0)
    Tasks/nodes/ppn/node_ratio: 128/1/128/1.000
             Policy (learning): monitoring (0)
Policy threshold/Perf accuracy: 0.00/10000000.00
   DynAIS levels/window/AVX512: 10/200/2
                      VAR path: /var/ear
           EAR privileged user: 0
                       EARL on: 1 
                  Max CPU freq: 2600000
-------------------------------------------------------
EAR initialized successfully.
[1/128]	I'm online..
Warning, going to time guided because low number of MPI calls per second current 2.000000 
[34m[tcn9][0][INFO] [0mWarning: Estimated power 454.72 W (DC vs CPU+GPU 1.01)
[34m[tcn9][0][INFO] [0mScope APP master 1 elapsed 0.000000
------------------------------------ Application Summary [tcn9] ------------------------------------
--- App id: hratio_l20 / user id: ovaneck2 / account: vusei12999 / job.step: 11500501.5.3591386 ---


(mpi_sig) Wall time: 33.001 s, nominal freq.: 2.60 GHz, avg. freq: 2.57 GHz, avg imc freq: 1.47 GHz
          Avg. mpi_time/exec_time 58.1 %

          tasks: 128

          CPI/TPI: 0.402/0.035, GB/s: 0.210, GFLOPS: 0.000, IO: 0.355 (MB/s)
          DC/DRAM/PCK power: 455.813/0.000/419.895 (W) GFlops/Watts 0.000


----------------------------------------------------------------------------------------------------
[46/128]	Finalized MPI..
[96/128]	Finalized MPI..
[67/128]	Finalized MPI..
[107/128]	Finalized MPI..
[53/128]	Finalized MPI..
[34/128]	Finalized MPI..
[41/128]	Finalized MPI..
[91/128]	Finalized MPI..
[42/128]	Finalized MPI..
[38/128]	Finalized MPI..
[19/128]	Finalized MPI..
[98/128]	Finalized MPI..
[83/128]	Finalized MPI..
[69/128]	Finalized MPI..
[29/128]	Finalized MPI..
[26/128]	Finalized MPI..
[44/128]	Finalized MPI..
[33/128]	Finalized MPI..
[45/128]	Finalized MPI..
[40/128]	Finalized MPI..
[119/128]	Finalized MPI..
[61/128]	Finalized MPI..
[1/128]	Finalized MPI..
[82/128]	Finalized MPI..
[7/128]	Finalized MPI..
[122/128]	Finalized MPI..
[65/128]	Finalized MPI..
[118/128]	Finalized MPI..
[37/128]	Finalized MPI..
[58/128]	Finalized MPI..
[77/128]	Finalized MPI..
[115/128]	Finalized MPI..
[3/128]	Finalized MPI..
[126/128]	Finalized MPI..
[103/128]	Finalized MPI..
[109/128]	Finalized MPI..
[52/128]	Finalized MPI..
[70/128]	Finalized MPI..
[71/128]	Finalized MPI..
[93/128]	Finalized MPI..
[90/128]	Finalized MPI..
[47/128]	Finalized MPI..
[84/128]	Finalized MPI..
[27/128]	Finalized MPI..
[92/128]	Finalized MPI..
[81/128]	Finalized MPI..
[104/128]	Finalized MPI..
[74/128]	Finalized MPI..
[87/128]	Finalized MPI..
[56/128]	Finalized MPI..
[51/128]	Finalized MPI..
[48/128]	Finalized MPI..
[23/128]	Finalized MPI..
[4/128]	Finalized MPI..
[127/128]	Finalized MPI..
[55/128]	Finalized MPI..
[50/128]	Finalized MPI..
[43/128]	Finalized MPI..
[86/128]	Finalized MPI..
[60/128]	Finalized MPI..
[21/128]	Finalized MPI..
[35/128]	Finalized MPI..
[39/128]	Finalized MPI..
[2/128]	Finalized MPI..
[111/128]	Finalized MPI..
[117/128]	Finalized MPI..
[112/128]	Finalized MPI..
[113/128]	Finalized MPI..
[89/128]	Finalized MPI..
[114/128]	Finalized MPI..
[116/128]	Finalized MPI..
[80/128]	Finalized MPI..
[95/128]	Finalized MPI..
[125/128]	Finalized MPI..
[59/128]	Finalized MPI..
[15/128]	Finalized MPI..
[28/128]	Finalized MPI..
[20/128]	Finalized MPI..
[68/128]	Finalized MPI..
[63/128]	Finalized MPI..
[72/128]	Finalized MPI..
[108/128]	Finalized MPI..
[105/128]	Finalized MPI..
[75/128]	Finalized MPI..
[79/128]	Finalized MPI..
[128/128]	Finalized MPI..
[110/128]	Finalized MPI..
[85/128]	Finalized MPI..
[102/128]	Finalized MPI..
[124/128]	Finalized MPI..
[121/128]	Finalized MPI..
[64/128]	Finalized MPI..
[36/128]	Finalized MPI..
[101/128]	Finalized MPI..
[94/128]	Finalized MPI..
[17/128]	Finalized MPI..
[76/128]	Finalized MPI..
[99/128]	Finalized MPI..
[100/128]	Finalized MPI..
[22/128]	Finalized MPI..
[24/128]	Finalized MPI..
[88/128]	Finalized MPI..
[49/128]	Finalized MPI..
[97/128]	Finalized MPI..
[25/128]	Finalized MPI..
[73/128]	Finalized MPI..
[120/128]	Finalized MPI..
[54/128]	Finalized MPI..
[14/128]	Finalized MPI..
[62/128]	Finalized MPI..
[5/128]	Finalized MPI..
[106/128]	Finalized MPI..
[78/128]	Finalized MPI..
[66/128]	Finalized MPI..
[57/128]	Finalized MPI..
[31/128]	Finalized MPI..
[16/128]	Finalized MPI..
[6/128]	Finalized MPI..
[30/128]	Finalized MPI..
[32/128]	Finalized MPI..
[9/128]	Finalized MPI..
[123/128]	Finalized MPI..
[10/128]	Finalized MPI..
[11/128]	Finalized MPI..
[12/128]	Finalized MPI..
[18/128]	Finalized MPI..
[8/128]	Finalized MPI..
[13/128]	Finalized MPI..
[EARL][tcn9][3593276] --- EARL INIT [PID: 3593276] [MASTER: 1] ---
[34m[tcn9][0][INFO] [0mK-medoids & roofline strategies not available. Loading default model for the classification
--- EARL loaded APIs ---
MGT_CPUFREQ: EARD
MGT_IMCFREQ: EARD
MGT_PRIO   : DUMMY
MET_CPUFREQ: EARD
MET_IMCFREQ: EARD
MET_ENERGY : EARD
MET_TEMP:    AMD17
MET_BWIDTH : EARD
MET_FLOPS  : PERF
MET_CPI    : PERF
MGT_GPU    : DUMMY
MET_GPU    : DUMMY
L1D: loaded (event PERF_L1D_MISS_LD) 
L2 : loaded (event L2_MISS_FROM_DC) (also in LBW)
L2 : loaded (event L2_MISS_FROM_PF1) (also in LBW)
L2 : loaded (event L2_MISS_FROM_PF2) (also in LBW)

------------------------
[7/128]	I'm online..
[119/128]	I'm online..
[2/128]	I'm online..
[8/128]	I'm online..
[9/128]	I'm online..
[14/128]	I'm online..
[16/128]	I'm online..
[26/128]	I'm online..
[29/128]	I'm online..
[30/128]	I'm online..
[127/128]	I'm online..
[27/128]	I'm online..
[103/128]	I'm online..
[76/128]	I'm online..
[17/128]	I'm online..
[32/128]	I'm online..
[33/128]	I'm online..
[35/128]	I'm online..
[39/128]	I'm online..
[59/128]	I'm online..
[60/128]	I'm online..
[128/128]	I'm online..
[102/128]	I'm online..
[13/128]	I'm online..
[48/128]	I'm online..
[62/128]	I'm online..
[93/128]	I'm online..
[63/128]	I'm online..
[83/128]	I'm online..
[113/128]	I'm online..
[64/128]	I'm online..
[73/128]	I'm online..
[47/128]	I'm online..
[105/128]	I'm online..
[107/128]	I'm online..
[104/128]	I'm online..
[49/128]	I'm online..
[120/128]	I'm online..
[81/128]	I'm online..
[92/128]	I'm online..
[117/128]	I'm online..
[67/128]	I'm online..
[68/128]	I'm online..
[54/128]	I'm online..
[86/128]	I'm online..
[116/128]	I'm online..
[61/128]	I'm online..
[31/128]	I'm online..
[70/128]	I'm online..
[18/128]	I'm online..
[23/128]	I'm online..
[45/128]	I'm online..
[58/128]	I'm online..
[91/128]	I'm online..
[111/128]	I'm online..
[24/128]	I'm online..
[95/128]	I'm online..
[28/128]	I'm online..
[10/128]	I'm online..
[43/128]	I'm online..
[6/128]	I'm online..
[52/128]	I'm online..
[110/128]	I'm online..
[66/128]	I'm online..
[85/128]	I'm online..
[40/128]	I'm online..
[3/128]	I'm online..
[57/128]	I'm online..
[46/128]	I'm online..
[50/128]	I'm online..
[115/128]	I'm online..
[36/128]	I'm online..
[121/128]	I'm online..
[126/128]	I'm online..
[11/128]	I'm online..
[56/128]	I'm online..
[72/128]	I'm online..
[15/128]	I'm online..
[21/128]	I'm online..
[106/128]	I'm online..
[65/128]	I'm online..
[99/128]	I'm online..
[12/128]	I'm online..
[44/128]	I'm online..
[87/128]	I'm online..
[5/128]	I'm online..
[41/128]	I'm online..
[84/128]	I'm online..
[100/128]	I'm online..
[122/128]	I'm online..
[38/128]	I'm online..
[4/128]	I'm online..
[25/128]	I'm online..
[37/128]	I'm online..
[82/128]	I'm online..
[53/128]	I'm online..
[20/128]	I'm online..
[51/128]	I'm online..
[79/128]	I'm online..
[90/128]	I'm online..
[94/128]	I'm online..
[34/128]	I'm online..
[69/128]	I'm online..
[97/128]	I'm online..
[114/128]	I'm online..
[55/128]	I'm online..
[42/128]	I'm online..
[71/128]	I'm online..
[109/128]	I'm online..
[19/128]	I'm online..
[118/128]	I'm online..
[22/128]	I'm online..
[75/128]	I'm online..
[77/128]	I'm online..
[88/128]	I'm online..
[89/128]	I'm online..
[96/128]	I'm online..
[98/128]	I'm online..
[101/128]	I'm online..
[123/128]	I'm online..
[125/128]	I'm online..
[74/128]	I'm online..
[78/128]	I'm online..
[80/128]	I'm online..
[108/128]	I'm online..
[112/128]	I'm online..
[124/128]	I'm online..
Mapping frequencies from 128 processes to 128 CPUs...
---------------- EAR 5.1 MPI enabled ----------------
                   App/user id: 'hratio_l20'/'ovaneck2'
    Node/job id/step_id/app_id: 'tcn9'/'11500501'/'6'/'3593276'
     P_STATE/frequency (turbo): 0/2600000 (0)
    Tasks/nodes/ppn/node_ratio: 128/1/128/1.000
             Policy (learning): monitoring (0)
Policy threshold/Perf accuracy: 0.00/10000000.00
   DynAIS levels/window/AVX512: 10/200/2
                      VAR path: /var/ear
           EAR privileged user: 0
                       EARL on: 1 
                  Max CPU freq: 2600000
-------------------------------------------------------
EAR initialized successfully.
[1/128]	I'm online..
Warning, going to time guided because low number of MPI calls per second current 2.000000 
[34m[tcn9][0][INFO] [0mScope APP master 1 elapsed 0.000000
------------------------------------ Application Summary [tcn9] ------------------------------------
--- App id: hratio_l20 / user id: ovaneck2 / account: vusei12999 / job.step: 11500501.6.3593276 ---


(mpi_sig) Wall time: 29.414 s, nominal freq.: 2.60 GHz, avg. freq: 2.57 GHz, avg imc freq: 1.47 GHz
          Avg. mpi_time/exec_time 54.0 %

          tasks: 128

          CPI/TPI: 0.408/0.085, GB/s: 0.429, GFLOPS: 0.000, IO: 1.098 (MB/s)
          DC/DRAM/PCK power: 409.271/0.000/408.201 (W) GFlops/Watts 0.000


----------------------------------------------------------------------------------------------------
[53/128]	Finalized MPI..
[50/128]	Finalized MPI..
[68/128]	Finalized MPI..
[51/128]	Finalized MPI..
[33/128]	Finalized MPI..
[36/128]	Finalized MPI..
[46/128]	Finalized MPI..
[14/128]	Finalized MPI..
[107/128]	Finalized MPI..
[84/128]	Finalized MPI..
[16/128]	Finalized MPI..
[128/128]	Finalized MPI..
[32/128]	Finalized MPI..
[93/128]	Finalized MPI..
[96/128]	Finalized MPI..
[59/128]	Finalized MPI..
[116/128]	Finalized MPI..
[38/128]	Finalized MPI..
[74/128]	Finalized MPI..
[94/128]	Finalized MPI..
[110/128]	Finalized MPI..
[44/128]	Finalized MPI..
[64/128]	Finalized MPI..
[81/128]	Finalized MPI..
[89/128]	Finalized MPI..
[18/128]	Finalized MPI..
[117/128]	Finalized MPI..
[71/128]	Finalized MPI..
[85/128]	Finalized MPI..
[113/128]	Finalized MPI..
[62/128]	Finalized MPI..
[15/128]	Finalized MPI..
[114/128]	Finalized MPI..
[13/128]	Finalized MPI..
[112/128]	Finalized MPI..
[66/128]	Finalized MPI..
[47/128]	Finalized MPI..
[21/128]	Finalized MPI..
[58/128]	Finalized MPI..
[48/128]	Finalized MPI..
[125/128]	Finalized MPI..
[35/128]	Finalized MPI..
[5/128]	Finalized MPI..
[39/128]	Finalized MPI..
[57/128]	Finalized MPI..
[109/128]	Finalized MPI..
[79/128]	Finalized MPI..
[75/128]	Finalized MPI..
[28/128]	Finalized MPI..
[42/128]	Finalized MPI..
[25/128]	Finalized MPI..
[78/128]	Finalized MPI..
[61/128]	Finalized MPI..
[9/128]	Finalized MPI..
[67/128]	Finalized MPI..
[127/128]	Finalized MPI..
[83/128]	Finalized MPI..
[27/128]	Finalized MPI..
[77/128]	Finalized MPI..
[115/128]	Finalized MPI..
[54/128]	Finalized MPI..
[91/128]	Finalized MPI..
[43/128]	Finalized MPI..
[31/128]	Finalized MPI..
[80/128]	Finalized MPI..
[17/128]	Finalized MPI..
[72/128]	Finalized MPI..
[34/128]	Finalized MPI..
[87/128]	Finalized MPI..
[86/128]	Finalized MPI..
[121/128]	Finalized MPI..
[63/128]	Finalized MPI..
[10/128]	Finalized MPI..
[111/128]	Finalized MPI..
[88/128]	Finalized MPI..
[45/128]	Finalized MPI..
[29/128]	Finalized MPI..
[76/128]	Finalized MPI..
[73/128]	Finalized MPI..
[119/128]	Finalized MPI..
[23/128]	Finalized MPI..
[56/128]	Finalized MPI..
[105/128]	Finalized MPI..
[4/128]	Finalized MPI..
[106/128]	Finalized MPI..
[95/128]	Finalized MPI..
[2/128]	Finalized MPI..
[82/128]	Finalized MPI..
[70/128]	Finalized MPI..
[30/128]	Finalized MPI..
[126/128]	Finalized MPI..
[101/128]	Finalized MPI..
[41/128]	Finalized MPI..
[37/128]	Finalized MPI..
[69/128]	Finalized MPI..
[98/128]	Finalized MPI..
[100/128]	Finalized MPI..
[26/128]	Finalized MPI..
[90/128]	Finalized MPI..
[124/128]	Finalized MPI..
[118/128]	Finalized MPI..
[120/128]	Finalized MPI..
[1/128]	Finalized MPI..
[108/128]	Finalized MPI..
[65/128]	Finalized MPI..
[123/128]	Finalized MPI..
[3/128]	Finalized MPI..
[8/128]	Finalized MPI..
[60/128]	Finalized MPI..
[6/128]	Finalized MPI..
[49/128]	Finalized MPI..
[20/128]	Finalized MPI..
[103/128]	Finalized MPI..
[12/128]	Finalized MPI..
[92/128]	Finalized MPI..
[102/128]	Finalized MPI..
[99/128]	Finalized MPI..
[97/128]	Finalized MPI..
[104/128]	Finalized MPI..
[122/128]	Finalized MPI..
[22/128]	Finalized MPI..
[24/128]	Finalized MPI..
[52/128]	Finalized MPI..
[55/128]	Finalized MPI..
[40/128]	Finalized MPI..
[19/128]	Finalized MPI..
[11/128]	Finalized MPI..
[7/128]	Finalized MPI..
[EARL][tcn9][3595144] --- EARL INIT [PID: 3595144] [MASTER: 1] ---
[34m[tcn9][0][INFO] [0mK-medoids & roofline strategies not available. Loading default model for the classification
--- EARL loaded APIs ---
MGT_CPUFREQ: EARD
MGT_IMCFREQ: EARD
MGT_PRIO   : DUMMY
MET_CPUFREQ: EARD
MET_IMCFREQ: EARD
MET_ENERGY : EARD
MET_TEMP:    AMD17
MET_BWIDTH : EARD
MET_FLOPS  : PERF
MET_CPI    : PERF
MGT_GPU    : DUMMY
MET_GPU    : DUMMY
L1D: loaded (event PERF_L1D_MISS_LD) 
L2 : loaded (event L2_MISS_FROM_DC) (also in LBW)
L2 : loaded (event L2_MISS_FROM_PF1) (also in LBW)
L2 : loaded (event L2_MISS_FROM_PF2) (also in LBW)

------------------------
[89/128]	I'm online..
[92/128]	I'm online..
[101/128]	I'm online..
[109/128]	I'm online..
[8/128]	I'm online..
[18/128]	I'm online..
[28/128]	I'm online..
[33/128]	I'm online..
[56/128]	I'm online..
[86/128]	I'm online..
[37/128]	I'm online..
[128/128]	I'm online..
[9/128]	I'm online..
[58/128]	I'm online..
[78/128]	I'm online..
[114/128]	I'm online..
[47/128]	I'm online..
[120/128]	I'm online..
[84/128]	I'm online..
[80/128]	I'm online..
[42/128]	I'm online..
[91/128]	I'm online..
[113/128]	I'm online..
[7/128]	I'm online..
[108/128]	I'm online..
[38/128]	I'm online..
[36/128]	I'm online..
[126/128]	I'm online..
[16/128]	I'm online..
[48/128]	I'm online..
[41/128]	I'm online..
[106/128]	I'm online..
[27/128]	I'm online..
[65/128]	I'm online..
[63/128]	I'm online..
[88/128]	I'm online..
[54/128]	I'm online..
[10/128]	I'm online..
[34/128]	I'm online..
[82/128]	I'm online..
[52/128]	I'm online..
[21/128]	I'm online..
[117/128]	I'm online..
[2/128]	I'm online..
[43/128]	I'm online..
[81/128]	I'm online..
[24/128]	I'm online..
[39/128]	I'm online..
[100/128]	I'm online..
[11/128]	I'm online..
[102/128]	I'm online..
[13/128]	I'm online..
[55/128]	I'm online..
[72/128]	I'm online..
[44/128]	I'm online..
[119/128]	I'm online..
[12/128]	I'm online..
[31/128]	I'm online..
[96/128]	I'm online..
[50/128]	I'm online..
[17/128]	I'm online..
[93/128]	I'm online..
[40/128]	I'm online..
[22/128]	I'm online..
[19/128]	I'm online..
[35/128]	I'm online..
[6/128]	I'm online..
[53/128]	I'm online..
[110/128]	I'm online..
[15/128]	I'm online..
[83/128]	I'm online..
[59/128]	I'm online..
[4/128]	I'm online..
[32/128]	I'm online..
[70/128]	I'm online..
[107/128]	I'm online..
[73/128]	I'm online..
[75/128]	I'm online..
[68/128]	I'm online..
[76/128]	I'm online..
[94/128]	I'm online..
[71/128]	I'm online..
[90/128]	I'm online..
[98/128]	I'm online..
[79/128]	I'm online..
[127/128]	I'm online..
[97/128]	I'm online..
[112/128]	I'm online..
[103/128]	I'm online..
[66/128]	I'm online..
[57/128]	I'm online..
[61/128]	I'm online..
[46/128]	I'm online..
[95/128]	I'm online..
[5/128]	I'm online..
[29/128]	I'm online..
[60/128]	I'm online..
[125/128]	I'm online..
[49/128]	I'm online..
[115/128]	I'm online..
[87/128]	I'm online..
[23/128]	I'm online..
[51/128]	I'm online..
[14/128]	I'm online..
[26/128]	I'm online..
[69/128]	I'm online..
[67/128]	I'm online..
[104/128]	I'm online..
[116/128]	I'm online..
[25/128]	I'm online..
[45/128]	I'm online..
[62/128]	I'm online..
[20/128]	I'm online..
[3/128]	I'm online..
[30/128]	I'm online..
[64/128]	I'm online..
[74/128]	I'm online..
[77/128]	I'm online..
[99/128]	I'm online..
[105/128]	I'm online..
[111/128]	I'm online..
[118/128]	I'm online..
[121/128]	I'm online..
[122/128]	I'm online..
[123/128]	I'm online..
[124/128]	I'm online..
Mapping frequencies from 128 processes to 128 CPUs...
[85/128]	I'm online..
---------------- EAR 5.1 MPI enabled ----------------
                   App/user id: 'hratio_l20'/'ovaneck2'
    Node/job id/step_id/app_id: 'tcn9'/'11500501'/'7'/'3595144'
     P_STATE/frequency (turbo): 0/2600000 (0)
    Tasks/nodes/ppn/node_ratio: 128/1/128/1.000
             Policy (learning): monitoring (0)
Policy threshold/Perf accuracy: 0.00/10000000.00
   DynAIS levels/window/AVX512: 10/200/2
                      VAR path: /var/ear
           EAR privileged user: 0
                       EARL on: 1 
                  Max CPU freq: 2600000
-------------------------------------------------------
EAR initialized successfully.
[1/128]	I'm online..
Warning, going to time guided because low number of MPI calls per second current 2.000000 
EAR[3595144](hratio_l20) at 2.60/1.47 in tcn9 MR[0] elapsed 35 sec.: [32mLoop time: 1.007s DC Power: [35m450.9W[32m DRAM power: 0.00W PCK power: 450.68W
	avg. CPUFreq: 2.57GHz avg. IMCFreq: 1.47GHz Next Frequency 2.60
	CPI: 0.406 VPI: 0.00, Mem. bwidth: 0.11GB/s GFLOPS: 0.00 I/O: 0.11MB/s No MPI  
	TPI 0.01 Cache miss rates: L1 3.64GB/s L2 0.01GB/s L3 0.00GB/s
	Total MPI calls 3
	IO DATA: rchar 4552 wchar 6440 syscr 50 syscw 5 read_bytes 0 write_bytes 12288
	Process OS info: (pid 3595144 state R utime 994 stime 0 cutime 0 cstime 0 CPU usage 98)
	CPU temperature (celsius): socket 0: 62 socket 1: 70[0m
[34m[tcn9][0][INFO] [0mScope APP master 1 elapsed 0.000000
------------------------------------ Application Summary [tcn9] ------------------------------------
--- App id: hratio_l20 / user id: ovaneck2 / account: vusei12999 / job.step: 11500501.7.3595144 ---


(mpi_sig) Wall time: 33.250 s, nominal freq.: 2.60 GHz, avg. freq: 2.57 GHz, avg imc freq: 1.47 GHz
          Avg. mpi_time/exec_time 57.1 %

          tasks: 128

          CPI/TPI: 0.404/0.035, GB/s: 0.204, GFLOPS: 0.000, IO: 0.262 (MB/s)
          DC/DRAM/PCK power: 434.143/0.000/423.701 (W) GFlops/Watts 0.000


----------------------------------------------------------------------------------------------------
[68/128]	Finalized MPI..
[53/128]	Finalized MPI..
[109/128]	Finalized MPI..
[51/128]	Finalized MPI..
[82/128]	Finalized MPI..
[61/128]	Finalized MPI..
[41/128]	Finalized MPI..
[49/128]	Finalized MPI..
[120/128]	Finalized MPI..
[64/128]	Finalized MPI..
[71/128]	Finalized MPI..
[88/128]	Finalized MPI..
[106/128]	Finalized MPI..
[117/128]	Finalized MPI..
[93/128]	Finalized MPI..
[23/128]	Finalized MPI..
[94/128]	Finalized MPI..
[7/128]	Finalized MPI..
[52/128]	Finalized MPI..
[40/128]	Finalized MPI..
[73/128]	Finalized MPI..
[1/128]	Finalized MPI..
[4/128]	Finalized MPI..
[9/128]	Finalized MPI..
[101/128]	Finalized MPI..
[104/128]	Finalized MPI..
[121/128]	Finalized MPI..
[65/128]	Finalized MPI..
[87/128]	Finalized MPI..
[118/128]	Finalized MPI..
[54/128]	Finalized MPI..
[47/128]	Finalized MPI..
[126/128]	Finalized MPI..
[128/128]	Finalized MPI..
[33/128]	Finalized MPI..
[46/128]	Finalized MPI..
[79/128]	Finalized MPI..
[85/128]	Finalized MPI..
[108/128]	Finalized MPI..
[8/128]	Finalized MPI..
[112/128]	Finalized MPI..
[124/128]	Finalized MPI..
[20/128]	Finalized MPI..
[95/128]	Finalized MPI..
[103/128]	Finalized MPI..
[37/128]	Finalized MPI..
[97/128]	Finalized MPI..
[16/128]	Finalized MPI..
[13/128]	Finalized MPI..
[105/128]	Finalized MPI..
[83/128]	Finalized MPI..
[115/128]	Finalized MPI..
[56/128]	Finalized MPI..
[96/128]	Finalized MPI..
[36/128]	Finalized MPI..
[62/128]	Finalized MPI..
[44/128]	Finalized MPI..
[39/128]	Finalized MPI..
[45/128]	Finalized MPI..
[58/128]	Finalized MPI..
[66/128]	Finalized MPI..
[55/128]	Finalized MPI..
[77/128]	Finalized MPI..
[80/128]	Finalized MPI..
[122/128]	Finalized MPI..
[15/128]	Finalized MPI..
[78/128]	Finalized MPI..
[6/128]	Finalized MPI..
[99/128]	Finalized MPI..
[17/128]	Finalized MPI..
[67/128]	Finalized MPI..
[2/128]	Finalized MPI..
[100/128]	Finalized MPI..
[107/128]	Finalized MPI..
[18/128]	Finalized MPI..
[19/128]	Finalized MPI..
[102/128]	Finalized MPI..
[21/128]	Finalized MPI..
[31/128]	Finalized MPI..
[111/128]	Finalized MPI..
[74/128]	Finalized MPI..
[76/128]	Finalized MPI..
[34/128]	Finalized MPI..
[59/128]	Finalized MPI..
[119/128]	Finalized MPI..
[91/128]	Finalized MPI..
[98/128]	Finalized MPI..
[26/128]	Finalized MPI..
[48/128]	Finalized MPI..
[116/128]	Finalized MPI..
[127/128]	Finalized MPI..
[125/128]	Finalized MPI..
[63/128]	Finalized MPI..
[38/128]	Finalized MPI..
[60/128]	Finalized MPI..
[92/128]	Finalized MPI..
[114/128]	Finalized MPI..
[22/128]	Finalized MPI..
[123/128]	Finalized MPI..
[24/128]	Finalized MPI..
[27/128]	Finalized MPI..
[69/128]	Finalized MPI..
[89/128]	Finalized MPI..
[28/128]	Finalized MPI..
[5/128]	Finalized MPI..
[113/128]	Finalized MPI..
[57/128]	Finalized MPI..
[25/128]	Finalized MPI..
[86/128]	Finalized MPI..
[84/128]	Finalized MPI..
[29/128]	Finalized MPI..
[110/128]	Finalized MPI..
[70/128]	Finalized MPI..
[72/128]	Finalized MPI..
[10/128]	Finalized MPI..
[43/128]	Finalized MPI..
[30/128]	Finalized MPI..
[42/128]	Finalized MPI..
[50/128]	Finalized MPI..
[14/128]	Finalized MPI..
[3/128]	Finalized MPI..
[90/128]	Finalized MPI..
[75/128]	Finalized MPI..
[32/128]	Finalized MPI..
[35/128]	Finalized MPI..
[11/128]	Finalized MPI..
[12/128]	Finalized MPI..
[81/128]	Finalized MPI..
[EARL][tcn9][3597027] --- EARL INIT [PID: 3597027] [MASTER: 1] ---
[34m[tcn9][0][INFO] [0mK-medoids & roofline strategies not available. Loading default model for the classification
--- EARL loaded APIs ---
MGT_CPUFREQ: EARD
MGT_IMCFREQ: EARD
MGT_PRIO   : DUMMY
MET_CPUFREQ: EARD
MET_IMCFREQ: EARD
MET_ENERGY : EARD
MET_TEMP:    AMD17
MET_BWIDTH : EARD
MET_FLOPS  : PERF
MET_CPI    : PERF
MGT_GPU    : DUMMY
MET_GPU    : DUMMY
L1D: loaded (event PERF_L1D_MISS_LD) 
L2 : loaded (event L2_MISS_FROM_DC) (also in LBW)
L2 : loaded (event L2_MISS_FROM_PF1) (also in LBW)
L2 : loaded (event L2_MISS_FROM_PF2) (also in LBW)

------------------------
[48/128]	I'm online..
[57/128]	I'm online..
[62/128]	I'm online..
[8/128]	I'm online..
[18/128]	I'm online..
[47/128]	I'm online..
[77/128]	I'm online..
[101/128]	I'm online..
[111/128]	I'm online..
[10/128]	I'm online..
[60/128]	I'm online..
[67/128]	I'm online..
[89/128]	I'm online..
[93/128]	I'm online..
[95/128]	I'm online..
[13/128]	I'm online..
[81/128]	I'm online..
[88/128]	I'm online..
[121/128]	I'm online..
[41/128]	I'm online..
[44/128]	I'm online..
[70/128]	I'm online..
[78/128]	I'm online..
[110/128]	I'm online..
[56/128]	I'm online..
[103/128]	I'm online..
[120/128]	I'm online..
[109/128]	I'm online..
[33/128]	I'm online..
[65/128]	I'm online..
[125/128]	I'm online..
[29/128]	I'm online..
[114/128]	I'm online..
[116/128]	I'm online..
[2/128]	I'm online..
[39/128]	I'm online..
[5/128]	I'm online..
[40/128]	I'm online..
[15/128]	I'm online..
[16/128]	I'm online..
[31/128]	I'm online..
[73/128]	I'm online..
[74/128]	I'm online..
[118/128]	I'm online..
[123/128]	I'm online..
[97/128]	I'm online..
[58/128]	I'm online..
[99/128]	I'm online..
[106/128]	I'm online..
[63/128]	I'm online..
[87/128]	I'm online..
[119/128]	I'm online..
[83/128]	I'm online..
[94/128]	I'm online..
[100/128]	I'm online..
[107/128]	I'm online..
[28/128]	I'm online..
[49/128]	I'm online..
[50/128]	I'm online..
[23/128]	I'm online..
[84/128]	I'm online..
[34/128]	I'm online..
[27/128]	I'm online..
[72/128]	I'm online..
[7/128]	I'm online..
[117/128]	I'm online..
[37/128]	I'm online..
[59/128]	I'm online..
[71/128]	I'm online..
[32/128]	I'm online..
[105/128]	I'm online..
[82/128]	I'm online..
[122/128]	I'm online..
[12/128]	I'm online..
[35/128]	I'm online..
[124/128]	I'm online..
[128/128]	I'm online..
[14/128]	I'm online..
[4/128]	I'm online..
[20/128]	I'm online..
[26/128]	I'm online..
[127/128]	I'm online..
[61/128]	I'm online..
[68/128]	I'm online..
[86/128]	I'm online..
[22/128]	I'm online..
[25/128]	I'm online..
[51/128]	I'm online..
[53/128]	I'm online..
[66/128]	I'm online..
[45/128]	I'm online..
[54/128]	I'm online..
[79/128]	I'm online..
[52/128]	I'm online..
[46/128]	I'm online..
[43/128]	I'm online..
[17/128]	I'm online..
[85/128]	I'm online..
[92/128]	I'm online..
[11/128]	I'm online..
[55/128]	I'm online..
[21/128]	I'm online..
[98/128]	I'm online..
[42/128]	I'm online..
[6/128]	I'm online..
[80/128]	I'm online..
[64/128]	I'm online..
Mapping frequencies from 128 processes to 128 CPUs...
[30/128]	I'm online..
[91/128]	I'm online..
[36/128]	I'm online..
[3/128]	I'm online..
[69/128]	I'm online..
[96/128]	I'm online..
[108/128]	I'm online..
[9/128]	I'm online..
[38/128]	I'm online..
[75/128]	I'm online..
[112/128]	I'm online..
[113/128]	I'm online..
[126/128]	I'm online..
[19/128]	I'm online..
[24/128]	I'm online..
[76/128]	I'm online..
[90/128]	I'm online..
[102/128]	I'm online..
[104/128]	I'm online..
[115/128]	I'm online..
---------------- EAR 5.1 MPI enabled ----------------
                   App/user id: 'hratio_l20'/'ovaneck2'
    Node/job id/step_id/app_id: 'tcn9'/'11500501'/'8'/'3597027'
     P_STATE/frequency (turbo): 0/2600000 (0)
    Tasks/nodes/ppn/node_ratio: 128/1/128/1.000
             Policy (learning): monitoring (0)
Policy threshold/Perf accuracy: 0.00/10000000.00
   DynAIS levels/window/AVX512: 10/200/2
                      VAR path: /var/ear
           EAR privileged user: 0
                       EARL on: 1 
                  Max CPU freq: 2600000
-------------------------------------------------------
EAR initialized successfully.
[1/128]	I'm online..
Warning, going to time guided because low number of MPI calls per second current 2.000000 
[34m[tcn9][0][INFO] [0mScope APP master 1 elapsed 0.000000
------------------------------------ Application Summary [tcn9] ------------------------------------
--- App id: hratio_l20 / user id: ovaneck2 / account: vusei12999 / job.step: 11500501.8.3597027 ---


(mpi_sig) Wall time: 27.884 s, nominal freq.: 2.60 GHz, avg. freq: 2.57 GHz, avg imc freq: 1.47 GHz
          Avg. mpi_time/exec_time 44.4 %

          tasks: 128

          CPI/TPI: 0.423/0.035, GB/s: 0.196, GFLOPS: 0.000, IO: 0.263 (MB/s)
          DC/DRAM/PCK power: 366.455/0.000/416.650 (W) GFlops/Watts 0.000


----------------------------------------------------------------------------------------------------
[10/128]	Finalized MPI..
[102/128]	Finalized MPI..
[53/128]	Finalized MPI..
[111/128]	Finalized MPI..
[75/128]	Finalized MPI..
[112/128]	Finalized MPI..
[44/128]	Finalized MPI..
[82/128]	Finalized MPI..
[119/128]	Finalized MPI..
[73/128]	Finalized MPI..
[86/128]	Finalized MPI..
[51/128]	Finalized MPI..
[35/128]	Finalized MPI..
[93/128]	Finalized MPI..
[117/128]	Finalized MPI..
[81/128]	Finalized MPI..
[121/128]	Finalized MPI..
[83/128]	Finalized MPI..
[128/128]	Finalized MPI..
[49/128]	Finalized MPI..
[41/128]	Finalized MPI..
[12/128]	Finalized MPI..
[88/128]	Finalized MPI..
[22/128]	Finalized MPI..
[116/128]	Finalized MPI..
[103/128]	Finalized MPI..
[47/128]	Finalized MPI..
[109/128]	Finalized MPI..
[74/128]	Finalized MPI..
[95/128]	Finalized MPI..
[62/128]	Finalized MPI..
[101/128]	Finalized MPI..
[45/128]	Finalized MPI..
[33/128]	Finalized MPI..
[21/128]	Finalized MPI..
[34/128]	Finalized MPI..
[76/128]	Finalized MPI..
[98/128]	Finalized MPI..
[77/128]	Finalized MPI..
[92/128]	Finalized MPI..
[13/128]	Finalized MPI..
[56/128]	Finalized MPI..
[114/128]	Finalized MPI..
[126/128]	Finalized MPI..
[36/128]	Finalized MPI..
[94/128]	Finalized MPI..
[110/128]	Finalized MPI..
[15/128]	Finalized MPI..
[78/128]	Finalized MPI..
[1/128]	Finalized MPI..
[68/128]	Finalized MPI..
[65/128]	Finalized MPI..
[46/128]	Finalized MPI..
[120/128]	Finalized MPI..
[16/128]	Finalized MPI..
[11/128]	Finalized MPI..
[127/128]	Finalized MPI..
[4/128]	Finalized MPI..
[108/128]	Finalized MPI..
[58/128]	Finalized MPI..
[29/128]	Finalized MPI..
[8/128]	Finalized MPI..
[104/128]	Finalized MPI..
[54/128]	Finalized MPI..
[125/128]	Finalized MPI..
[18/128]	Finalized MPI..
[72/128]	Finalized MPI..
[105/128]	Finalized MPI..
[17/128]	Finalized MPI..
[84/128]	Finalized MPI..
[85/128]	Finalized MPI..
[30/128]	Finalized MPI..
[107/128]	Finalized MPI..
[59/128]	Finalized MPI..
[50/128]	Finalized MPI..
[106/128]	Finalized MPI..
[42/128]	Finalized MPI..
[6/128]	Finalized MPI..
[37/128]	Finalized MPI..
[40/128]	Finalized MPI..
[7/128]	Finalized MPI..
[25/128]	Finalized MPI..
[26/128]	Finalized MPI..
[97/128]	Finalized MPI..
[67/128]	Finalized MPI..
[70/128]	Finalized MPI..
[55/128]	Finalized MPI..
[87/128]	Finalized MPI..
[80/128]	Finalized MPI..
[91/128]	Finalized MPI..
[14/128]	Finalized MPI..
[3/128]	Finalized MPI..
[52/128]	Finalized MPI..
[39/128]	Finalized MPI..
[24/128]	Finalized MPI..
[28/128]	Finalized MPI..
[9/128]	Finalized MPI..
[43/128]	Finalized MPI..
[23/128]	Finalized MPI..
[2/128]	Finalized MPI..
[122/128]	Finalized MPI..
[20/128]	Finalized MPI..
[19/128]	Finalized MPI..
[48/128]	Finalized MPI..
[32/128]	Finalized MPI..
[69/128]	Finalized MPI..
[89/128]	Finalized MPI..
[66/128]	Finalized MPI..
[99/128]	Finalized MPI..
[71/128]	Finalized MPI..
[31/128]	Finalized MPI..
[60/128]	Finalized MPI..
[61/128]	Finalized MPI..
[90/128]	Finalized MPI..
[79/128]	Finalized MPI..
[100/128]	Finalized MPI..
[38/128]	Finalized MPI..
[27/128]	Finalized MPI..
[115/128]	Finalized MPI..
[96/128]	Finalized MPI..
[5/128]	Finalized MPI..
[113/128]	Finalized MPI..
[118/128]	Finalized MPI..
[57/128]	Finalized MPI..
[64/128]	Finalized MPI..
[63/128]	Finalized MPI..
[123/128]	Finalized MPI..
[124/128]	Finalized MPI..
[EARL][tcn9][3599428] --- EARL INIT [PID: 3599428] [MASTER: 1] ---
[34m[tcn9][0][INFO] [0mK-medoids & roofline strategies not available. Loading default model for the classification
--- EARL loaded APIs ---
MGT_CPUFREQ: EARD
MGT_IMCFREQ: EARD
MGT_PRIO   : DUMMY
MET_CPUFREQ: EARD
MET_IMCFREQ: EARD
MET_ENERGY : EARD
MET_TEMP:    AMD17
MET_BWIDTH : EARD
MET_FLOPS  : PERF
MET_CPI    : PERF
MGT_GPU    : DUMMY
MET_GPU    : DUMMY
L1D: loaded (event PERF_L1D_MISS_LD) 
L2 : loaded (event L2_MISS_FROM_DC) (also in LBW)
L2 : loaded (event L2_MISS_FROM_PF1) (also in LBW)
L2 : loaded (event L2_MISS_FROM_PF2) (also in LBW)

------------------------
[91/128]	I'm online..
[97/128]	I'm online..
[118/128]	I'm online..
[122/128]	I'm online..
[78/128]	I'm online..
[79/128]	I'm online..
[85/128]	I'm online..
[113/128]	I'm online..
[71/128]	I'm online..
[117/128]	I'm online..
[126/128]	I'm online..
[127/128]	I'm online..
[67/128]	I'm online..
[88/128]	I'm online..
[3/128]	I'm online..
[7/128]	I'm online..
[75/128]	I'm online..
[46/128]	I'm online..
[16/128]	I'm online..
[25/128]	I'm online..
[47/128]	I'm online..
[8/128]	I'm online..
[57/128]	I'm online..
[102/128]	I'm online..
[116/128]	I'm online..
[45/128]	I'm online..
[54/128]	I'm online..
[68/128]	I'm online..
[80/128]	I'm online..
[17/128]	I'm online..
[61/128]	I'm online..
[73/128]	I'm online..
[123/128]	I'm online..
[30/128]	I'm online..
[87/128]	I'm online..
[24/128]	I'm online..
[119/128]	I'm online..
Mapping frequencies from 128 processes to 128 CPUs...
[51/128]	I'm online..
[31/128]	I'm online..
[65/128]	I'm online..
[22/128]	I'm online..
[101/128]	I'm online..
[59/128]	I'm online..
[62/128]	I'm online..
[63/128]	I'm online..
[121/128]	I'm online..
[44/128]	I'm online..
[19/128]	I'm online..
[50/128]	I'm online..
[15/128]	I'm online..
[38/128]	I'm online..
[41/128]	I'm online..
[108/128]	I'm online..
[27/128]	I'm online..
[64/128]	I'm online..
[29/128]	I'm online..
[39/128]	I'm online..
[110/128]	I'm online..
[86/128]	I'm online..
[26/128]	I'm online..
[32/128]	I'm online..
[49/128]	I'm online..
[53/128]	I'm online..
[83/128]	I'm online..
[36/128]	I'm online..
[55/128]	I'm online..
[66/128]	I'm online..
[6/128]	I'm online..
[18/128]	I'm online..
[35/128]	I'm online..
[40/128]	I'm online..
[69/128]	I'm online..
[93/128]	I'm online..
[94/128]	I'm online..
[60/128]	I'm online..
[103/128]	I'm online..
[52/128]	I'm online..
[2/128]	I'm online..
[43/128]	I'm online..
[77/128]	I'm online..
[14/128]	I'm online..
[98/128]	I'm online..
[56/128]	I'm online..
[96/128]	I'm online..
[37/128]	I'm online..
[20/128]	I'm online..
[89/128]	I'm online..
[10/128]	I'm online..
[28/128]	I'm online..
[13/128]	I'm online..
[72/128]	I'm online..
[12/128]	I'm online..
[33/128]	I'm online..
[95/128]	I'm online..
[105/128]	I'm online..
[9/128]	I'm online..
[84/128]	I'm online..
[125/128]	I'm online..
[11/128]	I'm online..
[81/128]	I'm online..
[42/128]	I'm online..
[48/128]	I'm online..
[5/128]	I'm online..
[100/128]	I'm online..
[124/128]	I'm online..
[21/128]	I'm online..
[23/128]	I'm online..
[58/128]	I'm online..
[82/128]	I'm online..
[92/128]	I'm online..
[99/128]	I'm online..
[106/128]	I'm online..
[114/128]	I'm online..
[115/128]	I'm online..
[4/128]	I'm online..
[34/128]	I'm online..
[70/128]	I'm online..
[74/128]	I'm online..
[76/128]	I'm online..
[90/128]	I'm online..
[104/128]	I'm online..
[107/128]	I'm online..
[109/128]	I'm online..
[111/128]	I'm online..
[112/128]	I'm online..
[120/128]	I'm online..
[128/128]	I'm online..
---------------- EAR 5.1 MPI enabled ----------------
                   App/user id: 'hratio_l20'/'ovaneck2'
    Node/job id/step_id/app_id: 'tcn9'/'11500501'/'9'/'3599428'
     P_STATE/frequency (turbo): 0/2600000 (0)
    Tasks/nodes/ppn/node_ratio: 128/1/128/1.000
             Policy (learning): monitoring (0)
Policy threshold/Perf accuracy: 0.00/10000000.00
   DynAIS levels/window/AVX512: 10/200/2
                      VAR path: /var/ear
           EAR privileged user: 0
                       EARL on: 1 
                  Max CPU freq: 2600000
-------------------------------------------------------
EAR initialized successfully.
[1/128]	I'm online..
Warning, going to time guided because low number of MPI calls per second current 2.000000 
[34m[tcn9][0][INFO] [0mScope APP master 1 elapsed 0.000000
------------------------------------ Application Summary [tcn9] ------------------------------------
--- App id: hratio_l20 / user id: ovaneck2 / account: vusei12999 / job.step: 11500501.9.3599428 ---


(mpi_sig) Wall time: 31.306 s, nominal freq.: 2.60 GHz, avg. freq: 2.57 GHz, avg imc freq: 1.47 GHz
          Avg. mpi_time/exec_time 37.6 %

          tasks: 128

          CPI/TPI: 0.436/0.112, GB/s: 0.580, GFLOPS: 0.000, IO: 1.050 (MB/s)
          DC/DRAM/PCK power: 440.147/0.000/399.670 (W) GFlops/Watts 0.000


----------------------------------------------------------------------------------------------------
[96/128]	Finalized MPI..
[45/128]	Finalized MPI..
[78/128]	Finalized MPI..
[122/128]	Finalized MPI..
[49/128]	Finalized MPI..
[123/128]	Finalized MPI..
[46/128]	Finalized MPI..
[16/128]	Finalized MPI..
[52/128]	Finalized MPI..
[69/128]	Finalized MPI..
[43/128]	Finalized MPI..
[110/128]	Finalized MPI..
[68/128]	Finalized MPI..
[90/128]	Finalized MPI..
[23/128]	Finalized MPI..
[22/128]	Finalized MPI..
[79/128]	Finalized MPI..
[98/128]	Finalized MPI..
[15/128]	Finalized MPI..
[95/128]	Finalized MPI..
[112/128]	Finalized MPI..
[109/128]	Finalized MPI..
[20/128]	Finalized MPI..
[61/128]	Finalized MPI..
[66/128]	Finalized MPI..
[56/128]	Finalized MPI..
[47/128]	Finalized MPI..
[118/128]	Finalized MPI..
[88/128]	Finalized MPI..
[54/128]	Finalized MPI..
[25/128]	Finalized MPI..
[14/128]	Finalized MPI..
[100/128]	Finalized MPI..
[34/128]	Finalized MPI..
[58/128]	Finalized MPI..
[111/128]	Finalized MPI..
[35/128]	Finalized MPI..
[106/128]	Finalized MPI..
[94/128]	Finalized MPI..
[107/128]	Finalized MPI..
[105/128]	Finalized MPI..
[77/128]	Finalized MPI..
[93/128]	Finalized MPI..
[48/128]	Finalized MPI..
[9/128]	Finalized MPI..
[37/128]	Finalized MPI..
[108/128]	Finalized MPI..
[85/128]	Finalized MPI..
[87/128]	Finalized MPI..
[65/128]	Finalized MPI..
[6/128]	Finalized MPI..
[7/128]	Finalized MPI..
[4/128]	Finalized MPI..
[64/128]	Finalized MPI..
[83/128]	Finalized MPI..
[63/128]	Finalized MPI..
[81/128]	Finalized MPI..
[33/128]	Finalized MPI..
[99/128]	Finalized MPI..
[104/128]	Finalized MPI..
[113/128]	Finalized MPI..
[51/128]	Finalized MPI..
[92/128]	Finalized MPI..
[28/128]	Finalized MPI..
[91/128]	Finalized MPI..
[103/128]	Finalized MPI..
[53/128]	Finalized MPI..
[73/128]	Finalized MPI..
[41/128]	Finalized MPI..
[72/128]	Finalized MPI..
[117/128]	Finalized MPI..
[125/128]	Finalized MPI..
[31/128]	Finalized MPI..
[44/128]	Finalized MPI..
[76/128]	Finalized MPI..
[75/128]	Finalized MPI..
[119/128]	Finalized MPI..
[80/128]	Finalized MPI..
[32/128]	Finalized MPI..
[120/128]	Finalized MPI..
[13/128]	Finalized MPI..
[39/128]	Finalized MPI..
[121/128]	Finalized MPI..
[115/128]	Finalized MPI..
[1/128]	Finalized MPI..
[62/128]	Finalized MPI..
[86/128]	Finalized MPI..
[84/128]	Finalized MPI..
[12/128]	Finalized MPI..
[30/128]	Finalized MPI..
[127/128]	Finalized MPI..
[89/128]	Finalized MPI..
[97/128]	Finalized MPI..
[114/128]	Finalized MPI..
[101/128]	Finalized MPI..
[5/128]	Finalized MPI..
[126/128]	Finalized MPI..
[26/128]	Finalized MPI..
[102/128]	Finalized MPI..
[128/128]	Finalized MPI..
[36/128]	Finalized MPI..
[55/128]	Finalized MPI..
[18/128]	Finalized MPI..
[19/128]	Finalized MPI..
[116/128]	Finalized MPI..
[124/128]	Finalized MPI..
[10/128]	Finalized MPI..
[11/128]	Finalized MPI..
[2/128]	Finalized MPI..
[82/128]	Finalized MPI..
[60/128]	Finalized MPI..
[59/128]	Finalized MPI..
[27/128]	Finalized MPI..
[57/128]	Finalized MPI..
[24/128]	Finalized MPI..
[21/128]	Finalized MPI..
[67/128]	Finalized MPI..
[42/128]	Finalized MPI..
[70/128]	Finalized MPI..
[29/128]	Finalized MPI..
[71/128]	Finalized MPI..
[74/128]	Finalized MPI..
[38/128]	Finalized MPI..
[40/128]	Finalized MPI..
[50/128]	Finalized MPI..
[8/128]	Finalized MPI..
[17/128]	Finalized MPI..
[3/128]	Finalized MPI..
[EARL][tcn9][3602847] --- EARL INIT [PID: 3602847] [MASTER: 1] ---
[34m[tcn9][0][INFO] [0mK-medoids & roofline strategies not available. Loading default model for the classification
--- EARL loaded APIs ---
MGT_CPUFREQ: EARD
MGT_IMCFREQ: EARD
MGT_PRIO   : DUMMY
MET_CPUFREQ: EARD
MET_IMCFREQ: EARD
MET_ENERGY : EARD
MET_TEMP:    AMD17
MET_BWIDTH : EARD
MET_FLOPS  : PERF
MET_CPI    : PERF
MGT_GPU    : DUMMY
MET_GPU    : DUMMY
L1D: loaded (event PERF_L1D_MISS_LD) 
L2 : loaded (event L2_MISS_FROM_DC) (also in LBW)
L2 : loaded (event L2_MISS_FROM_PF1) (also in LBW)
L2 : loaded (event L2_MISS_FROM_PF2) (also in LBW)

------------------------
[25/128]	I'm online..
[49/128]	I'm online..
[74/128]	I'm online..
[100/128]	I'm online..
[5/128]	I'm online..
[6/128]	I'm online..
[11/128]	I'm online..
[24/128]	I'm online..
[77/128]	I'm online..
[78/128]	I'm online..
[117/128]	I'm online..
[119/128]	I'm online..
[122/128]	I'm online..
[124/128]	I'm online..
[45/128]	I'm online..
[114/128]	I'm online..
[30/128]	I'm online..
[90/128]	I'm online..
[38/128]	I'm online..
[3/128]	I'm online..
[104/128]	I'm online..
[59/128]	I'm online..
[62/128]	I'm online..
[58/128]	I'm online..
[67/128]	I'm online..
[29/128]	I'm online..
[98/128]	I'm online..
[107/128]	I'm online..
[108/128]	I'm online..
[57/128]	I'm online..
[91/128]	I'm online..
[116/128]	I'm online..
[66/128]	I'm online..
[128/128]	I'm online..
[10/128]	I'm online..
[115/128]	I'm online..
[36/128]	I'm online..
[14/128]	I'm online..
[32/128]	I'm online..
[61/128]	I'm online..
[63/128]	I'm online..
[79/128]	I'm online..
[4/128]	I'm online..
[8/128]	I'm online..
[97/128]	I'm online..
[112/128]	I'm online..
[19/128]	I'm online..
[20/128]	I'm online..
[37/128]	I'm online..
[65/128]	I'm online..
[21/128]	I'm online..
[80/128]	I'm online..
[7/128]	I'm online..
[33/128]	I'm online..
[68/128]	I'm online..
[99/128]	I'm online..
[127/128]	I'm online..
[13/128]	I'm online..
[40/128]	I'm online..
[64/128]	I'm online..
[75/128]	I'm online..
[76/128]	I'm online..
[92/128]	I'm online..
[105/128]	I'm online..
[125/128]	I'm online..
[73/128]	I'm online..
[111/128]	I'm online..
[31/128]	I'm online..
[84/128]	I'm online..
[18/128]	I'm online..
[23/128]	I'm online..
[43/128]	I'm online..
[53/128]	I'm online..
[54/128]	I'm online..
[48/128]	I'm online..
[88/128]	I'm online..
[16/128]	I'm online..
[39/128]	I'm online..
[52/128]	I'm online..
[110/128]	I'm online..
[81/128]	I'm online..
[82/128]	I'm online..
[85/128]	I'm online..
[44/128]	I'm online..
[89/128]	I'm online..
[93/128]	I'm online..
[126/128]	I'm online..
[12/128]	I'm online..
[34/128]	I'm online..
[51/128]	I'm online..
[94/128]	I'm online..
[95/128]	I'm online..
[102/128]	I'm online..
Mapping frequencies from 128 processes to 128 CPUs...
[47/128]	I'm online..
[86/128]	I'm online..
[22/128]	I'm online..
[96/128]	I'm online..
[28/128]	I'm online..
[60/128]	I'm online..
[70/128]	I'm online..
[55/128]	I'm online..
[109/128]	I'm online..
[118/128]	I'm online..
[50/128]	I'm online..
[71/128]	I'm online..
[113/128]	I'm online..
[46/128]	I'm online..
[103/128]	I'm online..
[121/128]	I'm online..
[56/128]	I'm online..
[123/128]	I'm online..
[9/128]	I'm online..
[42/128]	I'm online..
[15/128]	I'm online..
[17/128]	I'm online..
[83/128]	I'm online..
[35/128]	I'm online..
[41/128]	I'm online..
[87/128]	I'm online..
[120/128]	I'm online..
[72/128]	I'm online..
[106/128]	I'm online..
[2/128]	I'm online..
[69/128]	I'm online..
[101/128]	I'm online..
[27/128]	I'm online..
[26/128]	I'm online..
---------------- EAR 5.1 MPI enabled ----------------
                   App/user id: 'hratio_l20'/'ovaneck2'
    Node/job id/step_id/app_id: 'tcn9'/'11500501'/'10'/'3602847'
     P_STATE/frequency (turbo): 0/2600000 (0)
    Tasks/nodes/ppn/node_ratio: 128/1/128/1.000
             Policy (learning): monitoring (0)
Policy threshold/Perf accuracy: 0.00/10000000.00
   DynAIS levels/window/AVX512: 10/200/2
                      VAR path: /var/ear
           EAR privileged user: 0
                       EARL on: 1 
                  Max CPU freq: 2600000
-------------------------------------------------------
EAR initialized successfully.
[1/128]	I'm online..
[34m[tcn9][0][INFO] [0mScope APP master 1 elapsed 0.000000
------------------------------------ Application Summary [tcn9] ------------------------------------
--- App id: hratio_l20 / user id: ovaneck2 / account: vusei12999 / job.step: 11500501.10.3602847 ---


(mpi_sig) Wall time: 9.619 s, nominal freq.: 2.60 GHz, avg. freq: 2.57 GHz, avg imc freq: 1.47 GHz
          Avg. mpi_time/exec_time 60.8 %

          tasks: 128

          CPI/TPI: 0.397/0.044, GB/s: 0.274, GFLOPS: 0.000, IO: 0.238 (MB/s)
          DC/DRAM/PCK power: 386.838/0.000/425.006 (W) GFlops/Watts 0.000


----------------------------------------------------------------------------------------------------
[80/128]	Finalized MPI..
[59/128]	Finalized MPI..
[47/128]	Finalized MPI..
[11/128]	Finalized MPI..
[37/128]	Finalized MPI..
[126/128]	Finalized MPI..
[127/128]	Finalized MPI..
[119/128]	Finalized MPI..
[86/128]	Finalized MPI..
[117/128]	Finalized MPI..
[65/128]	Finalized MPI..
[52/128]	Finalized MPI..
[13/128]	Finalized MPI..
[78/128]	Finalized MPI..
[74/128]	Finalized MPI..
[67/128]	Finalized MPI..
[10/128]	Finalized MPI..
[36/128]	Finalized MPI..
[33/128]	Finalized MPI..
[23/128]	Finalized MPI..
[79/128]	Finalized MPI..
[87/128]	Finalized MPI..
[77/128]	Finalized MPI..
[85/128]	Finalized MPI..
[113/128]	Finalized MPI..
[12/128]	Finalized MPI..
[84/128]	Finalized MPI..
[20/128]	Finalized MPI..
[25/128]	Finalized MPI..
[46/128]	Finalized MPI..
[54/128]	Finalized MPI..
[53/128]	Finalized MPI..
[112/128]	Finalized MPI..
[32/128]	Finalized MPI..
[44/128]	Finalized MPI..
[91/128]	Finalized MPI..
[123/128]	Finalized MPI..
[92/128]	Finalized MPI..
[43/128]	Finalized MPI..
[110/128]	Finalized MPI..
[8/128]	Finalized MPI..
[99/128]	Finalized MPI..
[95/128]	Finalized MPI..
[70/128]	Finalized MPI..
[51/128]	Finalized MPI..
[69/128]	Finalized MPI..
[73/128]	Finalized MPI..
[114/128]	Finalized MPI..
[81/128]	Finalized MPI..
[75/128]	Finalized MPI..
[62/128]	Finalized MPI..
[89/128]	Finalized MPI..
[18/128]	Finalized MPI..
[106/128]	Finalized MPI..
[19/128]	Finalized MPI..
[108/128]	Finalized MPI..
[107/128]	Finalized MPI..
[105/128]	Finalized MPI..
[88/128]	Finalized MPI..
[118/128]	Finalized MPI..
[14/128]	Finalized MPI..
[42/128]	Finalized MPI..
[68/128]	Finalized MPI..
[125/128]	Finalized MPI..
[128/128]	Finalized MPI..
[38/128]	Finalized MPI..
[61/128]	Finalized MPI..
[66/128]	Finalized MPI..
[116/128]	Finalized MPI..
[120/128]	Finalized MPI..
[100/128]	Finalized MPI..
[94/128]	Finalized MPI..
[96/128]	Finalized MPI..
[5/128]	Finalized MPI..
[97/128]	Finalized MPI..
[122/128]	Finalized MPI..
[101/128]	Finalized MPI..
[102/128]	Finalized MPI..
[103/128]	Finalized MPI..
[111/128]	Finalized MPI..
[98/128]	Finalized MPI..
[104/128]	Finalized MPI..
[90/128]	Finalized MPI..
[72/128]	Finalized MPI..
[82/128]	Finalized MPI..
[124/128]	Finalized MPI..
[76/128]	Finalized MPI..
[71/128]	Finalized MPI..
[39/128]	Finalized MPI..
[109/128]	Finalized MPI..
[29/128]	Finalized MPI..
[28/128]	Finalized MPI..
[56/128]	Finalized MPI..
[27/128]	Finalized MPI..
[9/128]	Finalized MPI..
[31/128]	Finalized MPI..
[50/128]	Finalized MPI..
[6/128]	Finalized MPI..
[60/128]	Finalized MPI..
[4/128]	Finalized MPI..
[1/128]	Finalized MPI..
[83/128]	Finalized MPI..
[15/128]	Finalized MPI..
[115/128]	Finalized MPI..
[7/128]	Finalized MPI..
[57/128]	Finalized MPI..
[22/128]	Finalized MPI..
[121/128]	Finalized MPI..
[41/128]	Finalized MPI..
[21/128]	Finalized MPI..
[63/128]	Finalized MPI..
[49/128]	Finalized MPI..
[64/128]	Finalized MPI..
[2/128]	Finalized MPI..
[58/128]	Finalized MPI..
[3/128]	Finalized MPI..
[30/128]	Finalized MPI..
[17/128]	Finalized MPI..
[93/128]	Finalized MPI..
[55/128]	Finalized MPI..
[34/128]	Finalized MPI..
[26/128]	Finalized MPI..
[48/128]	Finalized MPI..
[35/128]	Finalized MPI..
[40/128]	Finalized MPI..
[24/128]	Finalized MPI..
[16/128]	Finalized MPI..
[45/128]	Finalized MPI..
[EARL][tcn9][3604704] --- EARL INIT [PID: 3604704] [MASTER: 1] ---
[34m[tcn9][0][INFO] [0mK-medoids & roofline strategies not available. Loading default model for the classification
--- EARL loaded APIs ---
MGT_CPUFREQ: EARD
MGT_IMCFREQ: EARD
MGT_PRIO   : DUMMY
MET_CPUFREQ: EARD
MET_IMCFREQ: EARD
MET_ENERGY : EARD
MET_TEMP:    AMD17
MET_BWIDTH : EARD
MET_FLOPS  : PERF
MET_CPI    : PERF
MGT_GPU    : DUMMY
MET_GPU    : DUMMY
L1D: loaded (event PERF_L1D_MISS_LD) 
L2 : loaded (event L2_MISS_FROM_DC) (also in LBW)
L2 : loaded (event L2_MISS_FROM_PF1) (also in LBW)
L2 : loaded (event L2_MISS_FROM_PF2) (also in LBW)

------------------------
[4/128]	I'm online..
[60/128]	I'm online..
[125/128]	I'm online..
[11/128]	I'm online..
[17/128]	I'm online..
[41/128]	I'm online..
[50/128]	I'm online..
[77/128]	I'm online..
[108/128]	I'm online..
[84/128]	I'm online..
[87/128]	I'm online..
[22/128]	I'm online..
[65/128]	I'm online..
[61/128]	I'm online..
[112/128]	I'm online..
[115/128]	I'm online..
[19/128]	I'm online..
Mapping frequencies from 128 processes to 128 CPUs...
[120/128]	I'm online..
[126/128]	I'm online..
[73/128]	I'm online..
[74/128]	I'm online..
[70/128]	I'm online..
[95/128]	I'm online..
[27/128]	I'm online..
[100/128]	I'm online..
[23/128]	I'm online..
[48/128]	I'm online..
[5/128]	I'm online..
[85/128]	I'm online..
[121/128]	I'm online..
[44/128]	I'm online..
[35/128]	I'm online..
[103/128]	I'm online..
[104/128]	I'm online..
[25/128]	I'm online..
[47/128]	I'm online..
[107/128]	I'm online..
[46/128]	I'm online..
[16/128]	I'm online..
[33/128]	I'm online..
[32/128]	I'm online..
[117/128]	I'm online..
[81/128]	I'm online..
[54/128]	I'm online..
[21/128]	I'm online..
[62/128]	I'm online..
[49/128]	I'm online..
[7/128]	I'm online..
[37/128]	I'm online..
[118/128]	I'm online..
[10/128]	I'm online..
[127/128]	I'm online..
[94/128]	I'm online..
[58/128]	I'm online..
[6/128]	I'm online..
[8/128]	I'm online..
[106/128]	I'm online..
[30/128]	I'm online..
[52/128]	I'm online..
[114/128]	I'm online..
[116/128]	I'm online..
[14/128]	I'm online..
[42/128]	I'm online..
[63/128]	I'm online..
[80/128]	I'm online..
[93/128]	I'm online..
[110/128]	I'm online..
[45/128]	I'm online..
[55/128]	I'm online..
[67/128]	I'm online..
[71/128]	I'm online..
[86/128]	I'm online..
[96/128]	I'm online..
[109/128]	I'm online..
[40/128]	I'm online..
[9/128]	I'm online..
[43/128]	I'm online..
[53/128]	I'm online..
[29/128]	I'm online..
[36/128]	I'm online..
[128/128]	I'm online..
[24/128]	I'm online..
[119/128]	I'm online..
[79/128]	I'm online..
[26/128]	I'm online..
[64/128]	I'm online..
[99/128]	I'm online..
[3/128]	I'm online..
[31/128]	I'm online..
[56/128]	I'm online..
[34/128]	I'm online..
[68/128]	I'm online..
[18/128]	I'm online..
[12/128]	I'm online..
[13/128]	I'm online..
[20/128]	I'm online..
[57/128]	I'm online..
[39/128]	I'm online..
[105/128]	I'm online..
[83/128]	I'm online..
[15/128]	I'm online..
[66/128]	I'm online..
[28/128]	I'm online..
[88/128]	I'm online..
[75/128]	I'm online..
[123/128]	I'm online..
[51/128]	I'm online..
[78/128]	I'm online..
[97/128]	I'm online..
[113/128]	I'm online..
[2/128]	I'm online..
[38/128]	I'm online..
[69/128]	I'm online..
[72/128]	I'm online..
[76/128]	I'm online..
[102/128]	I'm online..
[111/128]	I'm online..
[122/128]	I'm online..
[82/128]	I'm online..
[89/128]	I'm online..
[90/128]	I'm online..
[91/128]	I'm online..
[92/128]	I'm online..
[98/128]	I'm online..
[101/128]	I'm online..
[124/128]	I'm online..
[59/128]	I'm online..
---------------- EAR 5.1 MPI enabled ----------------
                   App/user id: 'hratio_l20'/'ovaneck2'
    Node/job id/step_id/app_id: 'tcn9'/'11500501'/'11'/'3604704'
     P_STATE/frequency (turbo): 0/2600000 (0)
    Tasks/nodes/ppn/node_ratio: 128/1/128/1.000
             Policy (learning): monitoring (0)
Policy threshold/Perf accuracy: 0.00/10000000.00
   DynAIS levels/window/AVX512: 10/200/2
                      VAR path: /var/ear
           EAR privileged user: 0
                       EARL on: 1 
                  Max CPU freq: 2600000
-------------------------------------------------------
EAR initialized successfully.
[1/128]	I'm online..
[34m[tcn9][0][INFO] [0mScope APP master 1 elapsed 0.000000
------------------------------------ Application Summary [tcn9] ------------------------------------
--- App id: hratio_l20 / user id: ovaneck2 / account: vusei12999 / job.step: 11500501.11.3604704 ---


(mpi_sig) Wall time: 7.675 s, nominal freq.: 2.60 GHz, avg. freq: 2.57 GHz, avg imc freq: 1.47 GHz
          Avg. mpi_time/exec_time 90.1 %

          tasks: 128

          CPI/TPI: 0.355/0.329, GB/s: 1.329, GFLOPS: 0.000, IO: 3.515 (MB/s)
          DC/DRAM/PCK power: 365.993/0.000/380.784 (W) GFlops/Watts 0.000


----------------------------------------------------------------------------------------------------
[86/128]	Finalized MPI..
[78/128]	Finalized MPI..
[23/128]	Finalized MPI..
[117/128]	Finalized MPI..
[70/128]	Finalized MPI..
[116/128]	Finalized MPI..
[26/128]	Finalized MPI..
[55/128]	Finalized MPI..
[65/128]	Finalized MPI..
[46/128]	Finalized MPI..
[90/128]	Finalized MPI..
[118/128]	Finalized MPI..
[100/128]	Finalized MPI..
[91/128]	Finalized MPI..
[107/128]	Finalized MPI..
[79/128]	Finalized MPI..
[68/128]	Finalized MPI..
[126/128]	Finalized MPI..
[104/128]	Finalized MPI..
[106/128]	Finalized MPI..
[77/128]	Finalized MPI..
[42/128]	Finalized MPI..
[80/128]	Finalized MPI..
[43/128]	Finalized MPI..
[109/128]	Finalized MPI..
[66/128]	Finalized MPI..
[112/128]	Finalized MPI..
[69/128]	Finalized MPI..
[39/128]	Finalized MPI..
[122/128]	Finalized MPI..
[51/128]	Finalized MPI..
[89/128]	Finalized MPI..
[124/128]	Finalized MPI..
[92/128]	Finalized MPI..
[93/128]	Finalized MPI..
[108/128]	Finalized MPI..
[34/128]	Finalized MPI..
[127/128]	Finalized MPI..
[67/128]	Finalized MPI..
[17/128]	Finalized MPI..
[44/128]	Finalized MPI..
[41/128]	Finalized MPI..
[60/128]	Finalized MPI..
[31/128]	Finalized MPI..
[84/128]	Finalized MPI..
[53/128]	Finalized MPI..
[2/128]	Finalized MPI..
[105/128]	Finalized MPI..
[5/128]	Finalized MPI..
[45/128]	Finalized MPI..
[85/128]	Finalized MPI..
[102/128]	Finalized MPI..
[103/128]	Finalized MPI..
[87/128]	Finalized MPI..
[63/128]	Finalized MPI..
[98/128]	Finalized MPI..
[33/128]	Finalized MPI..
[125/128]	Finalized MPI..
[74/128]	Finalized MPI..
[19/128]	Finalized MPI..
[128/128]	Finalized MPI..
[6/128]	Finalized MPI..
[71/128]	Finalized MPI..
[120/128]	Finalized MPI..
[50/128]	Finalized MPI..
[123/128]	Finalized MPI..
[94/128]	Finalized MPI..
[12/128]	Finalized MPI..
[76/128]	Finalized MPI..
[82/128]	Finalized MPI..
[83/128]	Finalized MPI..
[101/128]	Finalized MPI..
[81/128]	Finalized MPI..
[99/128]	Finalized MPI..
[115/128]	Finalized MPI..
[75/128]	Finalized MPI..
[59/128]	Finalized MPI..
[72/128]	Finalized MPI..
[96/128]	Finalized MPI..
[121/128]	Finalized MPI..
[18/128]	Finalized MPI..
[29/128]	Finalized MPI..
[49/128]	Finalized MPI..
[113/128]	Finalized MPI..
[97/128]	Finalized MPI..
[36/128]	Finalized MPI..
[22/128]	Finalized MPI..
[73/128]	Finalized MPI..
[20/128]	Finalized MPI..
[95/128]	Finalized MPI..
[35/128]	Finalized MPI..
[24/128]	Finalized MPI..
[21/128]	Finalized MPI..
[56/128]	Finalized MPI..
[54/128]	Finalized MPI..
[8/128]	Finalized MPI..
[88/128]	Finalized MPI..
[119/128]	Finalized MPI..
[10/128]	Finalized MPI..
[15/128]	Finalized MPI..
[52/128]	Finalized MPI..
[14/128]	Finalized MPI..
[47/128]	Finalized MPI..
[25/128]	Finalized MPI..
[38/128]	Finalized MPI..
[110/128]	Finalized MPI..
[28/128]	Finalized MPI..
[40/128]	Finalized MPI..
[111/128]	Finalized MPI..
[114/128]	Finalized MPI..
[30/128]	Finalized MPI..
[32/128]	Finalized MPI..
[7/128]	Finalized MPI..
[13/128]	Finalized MPI..
[4/128]	Finalized MPI..
[1/128]	Finalized MPI..
[11/128]	Finalized MPI..
[62/128]	Finalized MPI..
[48/128]	Finalized MPI..
[64/128]	Finalized MPI..
[57/128]	Finalized MPI..
[61/128]	Finalized MPI..
[3/128]	Finalized MPI..
[58/128]	Finalized MPI..
[27/128]	Finalized MPI..
[16/128]	Finalized MPI..
[37/128]	Finalized MPI..
[9/128]	Finalized MPI..
[EARL][tcn9][3606562] --- EARL INIT [PID: 3606562] [MASTER: 1] ---
[34m[tcn9][0][INFO] [0mK-medoids & roofline strategies not available. Loading default model for the classification
--- EARL loaded APIs ---
MGT_CPUFREQ: EARD
MGT_IMCFREQ: EARD
MGT_PRIO   : DUMMY
MET_CPUFREQ: EARD
MET_IMCFREQ: EARD
MET_ENERGY : EARD
MET_TEMP:    AMD17
MET_BWIDTH : EARD
MET_FLOPS  : PERF
MET_CPI    : PERF
MGT_GPU    : DUMMY
MET_GPU    : DUMMY
L1D: loaded (event PERF_L1D_MISS_LD) 
L2 : loaded (event L2_MISS_FROM_DC) (also in LBW)
L2 : loaded (event L2_MISS_FROM_PF1) (also in LBW)
L2 : loaded (event L2_MISS_FROM_PF2) (also in LBW)

------------------------
[6/128]	I'm online..
[8/128]	I'm online..
[77/128]	I'm online..
[81/128]	I'm online..
[11/128]	I'm online..
[34/128]	I'm online..
[54/128]	I'm online..
[102/128]	I'm online..
[17/128]	I'm online..
[52/128]	I'm online..
[36/128]	I'm online..
[39/128]	I'm online..
[75/128]	I'm online..
[26/128]	I'm online..
[28/128]	I'm online..
[45/128]	I'm online..
[69/128]	I'm online..
[72/128]	I'm online..
[25/128]	I'm online..
[125/128]	I'm online..
[127/128]	I'm online..
[117/128]	I'm online..
[120/128]	I'm online..
[13/128]	I'm online..
[90/128]	I'm online..
[85/128]	I'm online..
[108/128]	I'm online..
[88/128]	I'm online..
[116/128]	I'm online..
[61/128]	I'm online..
[83/128]	I'm online..
[92/128]	I'm online..
[43/128]	I'm online..
[124/128]	I'm online..
[118/128]	I'm online..
[42/128]	I'm online..
[78/128]	I'm online..
[89/128]	I'm online..
[119/128]	I'm online..
[21/128]	I'm online..
[76/128]	I'm online..
[55/128]	I'm online..
[74/128]	I'm online..
[126/128]	I'm online..
[15/128]	I'm online..
[19/128]	I'm online..
[80/128]	I'm online..
[103/128]	I'm online..
[105/128]	I'm online..
[106/128]	I'm online..
[107/128]	I'm online..
[112/128]	I'm online..
[57/128]	I'm online..
[9/128]	I'm online..
[58/128]	I'm online..
[65/128]	I'm online..
[66/128]	I'm online..
[98/128]	I'm online..
[5/128]	I'm online..
[7/128]	I'm online..
[30/128]	I'm online..
[68/128]	I'm online..
[23/128]	I'm online..
[27/128]	I'm online..
Mapping frequencies from 128 processes to 128 CPUs...
[115/128]	I'm online..
[93/128]	I'm online..
[95/128]	I'm online..
[114/128]	I'm online..
[100/128]	I'm online..
[122/128]	I'm online..
[59/128]	I'm online..
[79/128]	I'm online..
[31/128]	I'm online..
[47/128]	I'm online..
[51/128]	I'm online..
[63/128]	I'm online..
[46/128]	I'm online..
[37/128]	I'm online..
[40/128]	I'm online..
[44/128]	I'm online..
[62/128]	I'm online..
[38/128]	I'm online..
[32/128]	I'm online..
[22/128]	I'm online..
[60/128]	I'm online..
[128/128]	I'm online..
[49/128]	I'm online..
[64/128]	I'm online..
[86/128]	I'm online..
[110/128]	I'm online..
[50/128]	I'm online..
[2/128]	I'm online..
[4/128]	I'm online..
[96/128]	I'm online..
[3/128]	I'm online..
[111/128]	I'm online..
[73/128]	I'm online..
[123/128]	I'm online..
[99/128]	I'm online..
[16/128]	I'm online..
[56/128]	I'm online..
[82/128]	I'm online..
[10/128]	I'm online..
[12/128]	I'm online..
[35/128]	I'm online..
[48/128]	I'm online..
[53/128]	I'm online..
[67/128]	I'm online..
[20/128]	I'm online..
[18/128]	I'm online..
[41/128]	I'm online..
[71/128]	I'm online..
[29/128]	I'm online..
[14/128]	I'm online..
[33/128]	I'm online..
[94/128]	I'm online..
[24/128]	I'm online..
[84/128]	I'm online..
[87/128]	I'm online..
[113/128]	I'm online..
[121/128]	I'm online..
[91/128]	I'm online..
[97/128]	I'm online..
[101/128]	I'm online..
[104/128]	I'm online..
[109/128]	I'm online..
[70/128]	I'm online..
---------------- EAR 5.1 MPI enabled ----------------
                   App/user id: 'hratio_l20'/'ovaneck2'
    Node/job id/step_id/app_id: 'tcn9'/'11500501'/'12'/'3606562'
     P_STATE/frequency (turbo): 0/2600000 (0)
    Tasks/nodes/ppn/node_ratio: 128/1/128/1.000
             Policy (learning): monitoring (0)
Policy threshold/Perf accuracy: 0.00/10000000.00
   DynAIS levels/window/AVX512: 10/200/2
                      VAR path: /var/ear
           EAR privileged user: 0
                       EARL on: 1 
                  Max CPU freq: 2600000
-------------------------------------------------------
EAR initialized successfully.
[1/128]	I'm online..
[34m[tcn9][0][INFO] [0mWarning: Estimated power 232.11 W (DC vs CPU+GPU 1.00)
[34m[tcn9][0][INFO] [0mScope APP master 1 elapsed 0.000000
------------------------------------ Application Summary [tcn9] ------------------------------------
--- App id: hratio_l20 / user id: ovaneck2 / account: vusei12999 / job.step: 11500501.12.3606562 ---


(mpi_sig) Wall time: 0.879 s, nominal freq.: 2.60 GHz, avg. freq: 2.57 GHz, avg imc freq: 1.47 GHz
          Avg. mpi_time/exec_time 38.2 %

          tasks: 128

          CPI/TPI: 0.361/197.386, GB/s: 2.932, GFLOPS: 0.000, IO: 10.607 (MB/s)
          DC/DRAM/PCK power: 232.111/0.000/232.111 (W) GFlops/Watts 0.000


----------------------------------------------------------------------------------------------------
[76/128]	Finalized MPI..
[61/128]	Finalized MPI..
[46/128]	Finalized MPI..
[20/128]	Finalized MPI..
[89/128]	Finalized MPI..
[78/128]	Finalized MPI..
[67/128]	Finalized MPI..
[30/128]	Finalized MPI..
[85/128]	Finalized MPI..
[47/128]	Finalized MPI..
[74/128]	Finalized MPI..
[69/128]	Finalized MPI..
[81/128]	Finalized MPI..
[127/128]	Finalized MPI..
[43/128]	Finalized MPI..
[50/128]	Finalized MPI..
[62/128]	Finalized MPI..
[15/128]	Finalized MPI..
[53/128]	Finalized MPI..
[65/128]	Finalized MPI..
[48/128]	Finalized MPI..
[116/128]	Finalized MPI..
[36/128]	Finalized MPI..
[64/128]	Finalized MPI..
[33/128]	Finalized MPI..
[86/128]	Finalized MPI..
[38/128]	Finalized MPI..
[120/128]	Finalized MPI..
[79/128]	Finalized MPI..
[125/128]	Finalized MPI..
[42/128]	Finalized MPI..
[31/128]	Finalized MPI..
[70/128]	Finalized MPI..
[113/128]	Finalized MPI..
[63/128]	Finalized MPI..
[106/128]	Finalized MPI..
[13/128]	Finalized MPI..
[40/128]	Finalized MPI..
[104/128]	Finalized MPI..
[105/128]	Finalized MPI..
[107/128]	Finalized MPI..
[56/128]	Finalized MPI..
[14/128]	Finalized MPI..
[55/128]	Finalized MPI..
[57/128]	Finalized MPI..
[82/128]	Finalized MPI..
[73/128]	Finalized MPI..
[99/128]	Finalized MPI..
[75/128]	Finalized MPI..
[23/128]	Finalized MPI..
[115/128]	Finalized MPI..
[26/128]	Finalized MPI..
[2/128]	Finalized MPI..
[16/128]	Finalized MPI..
[6/128]	Finalized MPI..
[37/128]	Finalized MPI..
[39/128]	Finalized MPI..
[118/128]	Finalized MPI..
[102/128]	Finalized MPI..
[72/128]	Finalized MPI..
[96/128]	Finalized MPI..
[7/128]	Finalized MPI..
[68/128]	Finalized MPI..
[1/128]	Finalized MPI..
[29/128]	Finalized MPI..
[94/128]	Finalized MPI..
[128/128]	Finalized MPI..
[95/128]	Finalized MPI..
[83/128]	Finalized MPI..
[84/128]	Finalized MPI..
[93/128]	Finalized MPI..
[117/128]	Finalized MPI..
[114/128]	Finalized MPI..
[80/128]	Finalized MPI..
[112/128]	Finalized MPI..
[11/128]	Finalized MPI..
[110/128]	Finalized MPI..
[19/128]	Finalized MPI..
[54/128]	Finalized MPI..
[108/128]	Finalized MPI..
[121/128]	Finalized MPI..
[122/128]	Finalized MPI..
[60/128]	Finalized MPI..
[101/128]	Finalized MPI..
[45/128]	Finalized MPI..
[92/128]	Finalized MPI..
[21/128]	Finalized MPI..
[35/128]	Finalized MPI..
[111/128]	Finalized MPI..
[103/128]	Finalized MPI..
[8/128]	Finalized MPI..
[41/128]	Finalized MPI..
[88/128]	Finalized MPI..
[32/128]	Finalized MPI..
[51/128]	Finalized MPI..
[34/128]	Finalized MPI..
[71/128]	Finalized MPI..
[97/128]	Finalized MPI..
[66/128]	Finalized MPI..
[100/128]	Finalized MPI..
[98/128]	Finalized MPI..
[87/128]	Finalized MPI..
[126/128]	Finalized MPI..
[44/128]	Finalized MPI..
[119/128]	Finalized MPI..
[10/128]	Finalized MPI..
[4/128]	Finalized MPI..
[25/128]	Finalized MPI..
[59/128]	Finalized MPI..
[17/128]	Finalized MPI..
[3/128]	Finalized MPI..
[5/128]	Finalized MPI..
[52/128]	Finalized MPI..
[49/128]	Finalized MPI..
[58/128]	Finalized MPI..
[124/128]	Finalized MPI..
[27/128]	Finalized MPI..
[109/128]	Finalized MPI..
[28/128]	Finalized MPI..
[77/128]	Finalized MPI..
[123/128]	Finalized MPI..
[18/128]	Finalized MPI..
[24/128]	Finalized MPI..
[91/128]	Finalized MPI..
[90/128]	Finalized MPI..
[22/128]	Finalized MPI..
[9/128]	Finalized MPI..
[12/128]	Finalized MPI..
[EARL][tcn9][3608405] --- EARL INIT [PID: 3608405] [MASTER: 1] ---
[34m[tcn9][0][INFO] [0mK-medoids & roofline strategies not available. Loading default model for the classification
--- EARL loaded APIs ---
MGT_CPUFREQ: EARD
MGT_IMCFREQ: EARD
MGT_PRIO   : DUMMY
MET_CPUFREQ: EARD
MET_IMCFREQ: EARD
MET_ENERGY : EARD
MET_TEMP:    AMD17
MET_BWIDTH : EARD
MET_FLOPS  : PERF
MET_CPI    : PERF
MGT_GPU    : DUMMY
MET_GPU    : DUMMY
L1D: loaded (event PERF_L1D_MISS_LD) 
L2 : loaded (event L2_MISS_FROM_DC) (also in LBW)
L2 : loaded (event L2_MISS_FROM_PF1) (also in LBW)
L2 : loaded (event L2_MISS_FROM_PF2) (also in LBW)

------------------------
[38/128]	I'm online..
[117/128]	I'm online..
[118/128]	I'm online..
[119/128]	I'm online..
[124/128]	I'm online..
[125/128]	I'm online..
[128/128]	I'm online..
[61/128]	I'm online..
[121/128]	I'm online..
[50/128]	I'm online..
[51/128]	I'm online..
[52/128]	I'm online..
[54/128]	I'm online..
[60/128]	I'm online..
[103/128]	I'm online..
[79/128]	I'm online..
[39/128]	I'm online..
[33/128]	I'm online..
[72/128]	I'm online..
[102/128]	I'm online..
[77/128]	I'm online..
[94/128]	I'm online..
[83/128]	I'm online..
[114/128]	I'm online..
[105/128]	I'm online..
[126/128]	I'm online..
[28/128]	I'm online..
[11/128]	I'm online..
[66/128]	I'm online..
[67/128]	I'm online..
[116/128]	I'm online..
[88/128]	I'm online..
[81/128]	I'm online..
[18/128]	I'm online..
[26/128]	I'm online..
[46/128]	I'm online..
[75/128]	I'm online..
[62/128]	I'm online..
[13/128]	I'm online..
[16/128]	I'm online..
[15/128]	I'm online..
[25/128]	I'm online..
[112/128]	I'm online..
[63/128]	I'm online..
[32/128]	I'm online..
[89/128]	I'm online..
[91/128]	I'm online..
[93/128]	I'm online..
Mapping frequencies from 128 processes to 128 CPUs...
[4/128]	I'm online..
[123/128]	I'm online..
[78/128]	I'm online..
[48/128]	I'm online..
[101/128]	I'm online..
[69/128]	I'm online..
[14/128]	I'm online..
[58/128]	I'm online..
[120/128]	I'm online..
[100/128]	I'm online..
[122/128]	I'm online..
[27/128]	I'm online..
[42/128]	I'm online..
[97/128]	I'm online..
[55/128]	I'm online..
[37/128]	I'm online..
[59/128]	I'm online..
[7/128]	I'm online..
[21/128]	I'm online..
[24/128]	I'm online..
[47/128]	I'm online..
[31/128]	I'm online..
[111/128]	I'm online..
[5/128]	I'm online..
[22/128]	I'm online..
[106/128]	I'm online..
[56/128]	I'm online..
[115/128]	I'm online..
[68/128]	I'm online..
[43/128]	I'm online..
[45/128]	I'm online..
[70/128]	I'm online..
[36/128]	I'm online..
[104/128]	I'm online..
[65/128]	I'm online..
[113/128]	I'm online..
[64/128]	I'm online..
[20/128]	I'm online..
[29/128]	I'm online..
[10/128]	I'm online..
[80/128]	I'm online..
[12/128]	I'm online..
[30/128]	I'm online..
[35/128]	I'm online..
[71/128]	I'm online..
[74/128]	I'm online..
[96/128]	I'm online..
[41/128]	I'm online..
[57/128]	I'm online..
[99/128]	I'm online..
[9/128]	I'm online..
[40/128]	I'm online..
[90/128]	I'm online..
[6/128]	I'm online..
[82/128]	I'm online..
[49/128]	I'm online..
[8/128]	I'm online..
[17/128]	I'm online..
[19/128]	I'm online..
[23/128]	I'm online..
[44/128]	I'm online..
[2/128]	I'm online..
[92/128]	I'm online..
[127/128]	I'm online..
[3/128]	I'm online..
[73/128]	I'm online..
[76/128]	I'm online..
[84/128]	I'm online..
[85/128]	I'm online..
[86/128]	I'm online..
[87/128]	I'm online..
[95/128]	I'm online..
[98/128]	I'm online..
[107/128]	I'm online..
[108/128]	I'm online..
[109/128]	I'm online..
[53/128]	I'm online..
[34/128]	I'm online..
[110/128]	I'm online..
---------------- EAR 5.1 MPI enabled ----------------
                   App/user id: 'hratio_l20'/'ovaneck2'
    Node/job id/step_id/app_id: 'tcn9'/'11500501'/'13'/'3608405'
     P_STATE/frequency (turbo): 0/2600000 (0)
    Tasks/nodes/ppn/node_ratio: 128/1/128/1.000
             Policy (learning): monitoring (0)
Policy threshold/Perf accuracy: 0.00/10000000.00
   DynAIS levels/window/AVX512: 10/200/2
                      VAR path: /var/ear
           EAR privileged user: 0
                       EARL on: 1 
                  Max CPU freq: 2600000
-------------------------------------------------------
EAR initialized successfully.
[1/128]	I'm online..
[34m[tcn9][0][INFO] [0mScope APP master 1 elapsed 0.000000
------------------------------------ Application Summary [tcn9] ------------------------------------
--- App id: hratio_l20 / user id: ovaneck2 / account: vusei12999 / job.step: 11500501.13.3608405 ---


(mpi_sig) Wall time: 6.388 s, nominal freq.: 2.60 GHz, avg. freq: 2.57 GHz, avg imc freq: 1.47 GHz
          Avg. mpi_time/exec_time 96.7 %

          tasks: 128

          CPI/TPI: 0.346/0.507, GB/s: 1.565, GFLOPS: 0.000, IO: 4.206 (MB/s)
          DC/DRAM/PCK power: 254.852/0.000/369.540 (W) GFlops/Watts 0.000


----------------------------------------------------------------------------------------------------
[96/128]	Finalized MPI..
[54/128]	Finalized MPI..
[3/128]	Finalized MPI..
[52/128]	Finalized MPI..
[127/128]	Finalized MPI..
[58/128]	Finalized MPI..
[102/128]	Finalized MPI..
[33/128]	Finalized MPI..
[106/128]	Finalized MPI..
[79/128]	Finalized MPI..
[25/128]	Finalized MPI..
[34/128]	Finalized MPI..
[47/128]	Finalized MPI..
[70/128]	Finalized MPI..
[118/128]	Finalized MPI..
[42/128]	Finalized MPI..
[55/128]	Finalized MPI..
[17/128]	Finalized MPI..
[126/128]	Finalized MPI..
[74/128]	Finalized MPI..
[53/128]	Finalized MPI..
[93/128]	Finalized MPI..
[78/128]	Finalized MPI..
[43/128]	Finalized MPI..
[77/128]	Finalized MPI..
[5/128]	Finalized MPI..
[89/128]	Finalized MPI..
[107/128]	Finalized MPI..
[51/128]	Finalized MPI..
[98/128]	Finalized MPI..
[8/128]	Finalized MPI..
[66/128]	Finalized MPI..
[45/128]	Finalized MPI..
[24/128]	Finalized MPI..
[71/128]	Finalized MPI..
[20/128]	Finalized MPI..
[21/128]	Finalized MPI..
[86/128]	Finalized MPI..
[101/128]	Finalized MPI..
[123/128]	Finalized MPI..
[88/128]	Finalized MPI..
[10/128]	Finalized MPI..
[119/128]	Finalized MPI..
[110/128]	Finalized MPI..
[124/128]	Finalized MPI..
[30/128]	Finalized MPI..
[75/128]	Finalized MPI..
[37/128]	Finalized MPI..
[85/128]	Finalized MPI..
[35/128]	Finalized MPI..
[44/128]	Finalized MPI..
[120/128]	Finalized MPI..
[112/128]	Finalized MPI..
[104/128]	Finalized MPI..
[122/128]	Finalized MPI..
[82/128]	Finalized MPI..
[95/128]	Finalized MPI..
[80/128]	Finalized MPI..
[91/128]	Finalized MPI..
[63/128]	Finalized MPI..
[111/128]	Finalized MPI..
[49/128]	Finalized MPI..
[14/128]	Finalized MPI..
[12/128]	Finalized MPI..
[87/128]	Finalized MPI..
[117/128]	Finalized MPI..
[36/128]	Finalized MPI..
[28/128]	Finalized MPI..
[109/128]	Finalized MPI..
[69/128]	Finalized MPI..
[41/128]	Finalized MPI..
[108/128]	Finalized MPI..
[105/128]	Finalized MPI..
[103/128]	Finalized MPI..
[84/128]	Finalized MPI..
[38/128]	Finalized MPI..
[57/128]	Finalized MPI..
[50/128]	Finalized MPI..
[59/128]	Finalized MPI..
[23/128]	Finalized MPI..
[76/128]	Finalized MPI..
[40/128]	Finalized MPI..
[81/128]	Finalized MPI..
[13/128]	Finalized MPI..
[31/128]	Finalized MPI..
[92/128]	Finalized MPI..
[60/128]	Finalized MPI..
[1/128]	Finalized MPI..
[100/128]	Finalized MPI..
[99/128]	Finalized MPI..
[97/128]	Finalized MPI..
[65/128]	Finalized MPI..
[115/128]	Finalized MPI..
[61/128]	Finalized MPI..
[48/128]	Finalized MPI..
[46/128]	Finalized MPI..
[56/128]	Finalized MPI..
[68/128]	Finalized MPI..
[11/128]	Finalized MPI..
[29/128]	Finalized MPI..
[64/128]	Finalized MPI..
[18/128]	Finalized MPI..
[32/128]	Finalized MPI..
[7/128]	Finalized MPI..
[19/128]	Finalized MPI..
[72/128]	Finalized MPI..
[83/128]	Finalized MPI..
[90/128]	Finalized MPI..
[6/128]	Finalized MPI..
[27/128]	Finalized MPI..
[94/128]	Finalized MPI..
[2/128]	Finalized MPI..
[16/128]	Finalized MPI..
[73/128]	Finalized MPI..
[67/128]	Finalized MPI..
[128/128]	Finalized MPI..
[125/128]	Finalized MPI..
[116/128]	Finalized MPI..
[113/128]	Finalized MPI..
[4/128]	Finalized MPI..
[9/128]	Finalized MPI..
[121/128]	Finalized MPI..
[26/128]	Finalized MPI..
[114/128]	Finalized MPI..
[62/128]	Finalized MPI..
[39/128]	Finalized MPI..
[15/128]	Finalized MPI..
[22/128]	Finalized MPI..
[EARL][tcn9][3610250] --- EARL INIT [PID: 3610250] [MASTER: 1] ---
[34m[tcn9][0][INFO] [0mK-medoids & roofline strategies not available. Loading default model for the classification
--- EARL loaded APIs ---
MGT_CPUFREQ: EARD
MGT_IMCFREQ: EARD
MGT_PRIO   : DUMMY
MET_CPUFREQ: EARD
MET_IMCFREQ: EARD
MET_ENERGY : EARD
MET_TEMP:    AMD17
MET_BWIDTH : EARD
MET_FLOPS  : PERF
MET_CPI    : PERF
MGT_GPU    : DUMMY
MET_GPU    : DUMMY
L1D: loaded (event PERF_L1D_MISS_LD) 
L2 : loaded (event L2_MISS_FROM_DC) (also in LBW)
L2 : loaded (event L2_MISS_FROM_PF1) (also in LBW)
L2 : loaded (event L2_MISS_FROM_PF2) (also in LBW)

------------------------
[13/128]	I'm online..
[92/128]	I'm online..
[122/128]	I'm online..
[55/128]	I'm online..
[68/128]	I'm online..
[127/128]	I'm online..
[86/128]	I'm online..
[116/128]	I'm online..
[27/128]	I'm online..
[61/128]	I'm online..
[126/128]	I'm online..
[29/128]	I'm online..
[105/128]	I'm online..
[112/128]	I'm online..
[74/128]	I'm online..
[76/128]	I'm online..
[115/128]	I'm online..
[44/128]	I'm online..
[40/128]	I'm online..
[82/128]	I'm online..
Mapping frequencies from 128 processes to 128 CPUs...
[2/128]	I'm online..
[59/128]	I'm online..
[73/128]	I'm online..
[101/128]	I'm online..
[4/128]	I'm online..
[97/128]	I'm online..
[8/128]	I'm online..
[21/128]	I'm online..
[7/128]	I'm online..
[114/128]	I'm online..
[36/128]	I'm online..
[107/128]	I'm online..
[125/128]	I'm online..
[23/128]	I'm online..
[77/128]	I'm online..
[26/128]	I'm online..
[48/128]	I'm online..
[57/128]	I'm online..
[45/128]	I'm online..
[67/128]	I'm online..
[41/128]	I'm online..
[16/128]	I'm online..
[46/128]	I'm online..
[65/128]	I'm online..
[69/128]	I'm online..
[6/128]	I'm online..
[123/128]	I'm online..
[128/128]	I'm online..
[49/128]	I'm online..
[52/128]	I'm online..
[110/128]	I'm online..
[119/128]	I'm online..
[12/128]	I'm online..
[117/128]	I'm online..
[9/128]	I'm online..
[19/128]	I'm online..
[17/128]	I'm online..
[10/128]	I'm online..
[96/128]	I'm online..
[24/128]	I'm online..
[30/128]	I'm online..
[34/128]	I'm online..
[35/128]	I'm online..
[37/128]	I'm online..
[39/128]	I'm online..
[106/128]	I'm online..
[42/128]	I'm online..
[43/128]	I'm online..
[47/128]	I'm online..
[50/128]	I'm online..
[64/128]	I'm online..
[60/128]	I'm online..
[62/128]	I'm online..
[70/128]	I'm online..
[90/128]	I'm online..
[66/128]	I'm online..
[79/128]	I'm online..
[91/128]	I'm online..
[100/128]	I'm online..
[109/128]	I'm online..
[3/128]	I'm online..
[31/128]	I'm online..
[54/128]	I'm online..
[58/128]	I'm online..
[81/128]	I'm online..
[5/128]	I'm online..
[104/128]	I'm online..
[18/128]	I'm online..
[118/128]	I'm online..
[94/128]	I'm online..
[102/128]	I'm online..
[20/128]	I'm online..
[63/128]	I'm online..
[72/128]	I'm online..
[80/128]	I'm online..
[83/128]	I'm online..
[84/128]	I'm online..
[103/128]	I'm online..
[108/128]	I'm online..
[88/128]	I'm online..
[113/128]	I'm online..
[120/128]	I'm online..
[15/128]	I'm online..
[87/128]	I'm online..
[89/128]	I'm online..
[93/128]	I'm online..
[95/128]	I'm online..
[98/128]	I'm online..
[99/128]	I'm online..
[111/128]	I'm online..
[124/128]	I'm online..
[11/128]	I'm online..
[22/128]	I'm online..
[25/128]	I'm online..
[28/128]	I'm online..
[32/128]	I'm online..
[33/128]	I'm online..
[38/128]	I'm online..
[53/128]	I'm online..
[56/128]	I'm online..
[71/128]	I'm online..
[75/128]	I'm online..
[78/128]	I'm online..
[121/128]	I'm online..
[85/128]	I'm online..
[14/128]	I'm online..
[51/128]	I'm online..
---------------- EAR 5.1 MPI enabled ----------------
                   App/user id: 'hratio_l20'/'ovaneck2'
    Node/job id/step_id/app_id: 'tcn9'/'11500501'/'14'/'3610250'
     P_STATE/frequency (turbo): 0/2600000 (0)
    Tasks/nodes/ppn/node_ratio: 128/1/128/1.000
             Policy (learning): monitoring (0)
Policy threshold/Perf accuracy: 0.00/10000000.00
   DynAIS levels/window/AVX512: 10/200/2
                      VAR path: /var/ear
           EAR privileged user: 0
                       EARL on: 1 
                  Max CPU freq: 2600000
-------------------------------------------------------
EAR initialized successfully.
[1/128]	I'm online..
Warning, going to time guided because low number of MPI calls per second current 1.000000 
EAR[3610250](hratio_l20) at 2.60/1.47 in tcn9 MR[0] elapsed 34 sec.: [32mLoop time: 1.007s DC Power: [35m473.3W[32m DRAM power: 0.00W PCK power: 451.93W
	avg. CPUFreq: 2.57GHz avg. IMCFreq: 1.47GHz Next Frequency 2.60
	CPI: 0.347 VPI: 0.00, Mem. bwidth: 0.14GB/s GFLOPS: 0.00 I/O: 0.11MB/s No MPI  
	TPI 0.02 Cache miss rates: L1 0.89GB/s L2 0.01GB/s L3 0.00GB/s
	Total MPI calls 3
	IO DATA: rchar 4552 wchar 6440 syscr 50 syscw 5 read_bytes 0 write_bytes 8192
	Process OS info: (pid 3610250 state R utime 993 stime 0 cutime 0 cstime 0 CPU usage 98)
	CPU temperature (celsius): socket 0: 62 socket 1: 70[0m
EAR[3610250](hratio_l20) at 2.60/1.47 in tcn9 MR[0] elapsed 46 sec.: [32mLoop time: 1.125s DC Power: [35m505.8W[32m DRAM power: 0.00W PCK power: 452.75W
	avg. CPUFreq: 2.57GHz avg. IMCFreq: 1.47GHz Next Frequency 2.60
	CPI: 0.344 VPI: 0.00, Mem. bwidth: 0.11GB/s GFLOPS: 0.00 I/O: 0.01MB/s No MPI  
	TPI 0.01 Cache miss rates: L1 0.22GB/s L2 0.00GB/s L3 0.00GB/s
	Total MPI calls 3
	IO DATA: rchar 5144 wchar 9425 syscr 72 syscw 30 read_bytes 0 write_bytes 438272
	Process OS info: (pid 3610250 state R utime 1098 stime 1 cutime 0 cstime 0 CPU usage 97)
	CPU temperature (celsius): socket 0: 63 socket 1: 72[0m
EAR[3610250](hratio_l20) at 2.60/1.47 in tcn9 MR[0] elapsed 57 sec.: [32mLoop time: 1.122s DC Power: [35m459.5W[32m DRAM power: 0.00W PCK power: 453.40W
	avg. CPUFreq: 2.57GHz avg. IMCFreq: 1.47GHz Next Frequency 2.60
	CPI: 0.344 VPI: 0.00, Mem. bwidth: 0.12GB/s GFLOPS: 0.00 I/O: 0.01MB/s No MPI  
	TPI 0.02 Cache miss rates: L1 0.22GB/s L2 0.00GB/s L3 0.00GB/s
	Total MPI calls 3
	IO DATA: rchar 5192 wchar 9429 syscr 74 syscw 30 read_bytes 0 write_bytes 434176
	Process OS info: (pid 3610250 state R utime 1105 stime 0 cutime 0 cstime 0 CPU usage 98)
	CPU temperature (celsius): socket 0: 64 socket 1: 72[0m
EAR[3610250](hratio_l20) at 2.60/1.47 in tcn9 MR[0] elapsed 68 sec.: [32mLoop time: 1.122s DC Power: [35m515.8W[32m DRAM power: 0.00W PCK power: 453.72W
	avg. CPUFreq: 2.57GHz avg. IMCFreq: 1.47GHz Next Frequency 2.60
	CPI: 0.344 VPI: 0.00, Mem. bwidth: 0.12GB/s GFLOPS: 0.00 I/O: 0.01MB/s No MPI  
	TPI 0.02 Cache miss rates: L1 0.22GB/s L2 0.00GB/s L3 0.00GB/s
	Total MPI calls 3
	IO DATA: rchar 5192 wchar 9429 syscr 74 syscw 30 read_bytes 0 write_bytes 434176
	Process OS info: (pid 3610250 state R utime 1105 stime 1 cutime 0 cstime 0 CPU usage 98)
	CPU temperature (celsius): socket 0: 64 socket 1: 73[0m
[34m[tcn9][0][INFO] [0mScope APP master 1 elapsed 0.000000
------------------------------------ Application Summary [tcn9] ------------------------------------
--- App id: hratio_l20 / user id: ovaneck2 / account: vusei12999 / job.step: 11500501.14.3610250 ---


(mpi_sig) Wall time: 71.374 s, nominal freq.: 2.60 GHz, avg. freq: 2.57 GHz, avg imc freq: 1.47 GHz
          Avg. mpi_time/exec_time 98.2 %

          tasks: 128

          CPI/TPI: 0.346/0.036, GB/s: 0.258, GFLOPS: 0.000, IO: 0.476 (MB/s)
          DC/DRAM/PCK power: 483.289/0.000/444.338 (W) GFlops/Watts 0.000


----------------------------------------------------------------------------------------------------
[98/128]	Finalized MPI..
[53/128]	Finalized MPI..
[51/128]	Finalized MPI..
[99/128]	Finalized MPI..
[116/128]	Finalized MPI..
[79/128]	Finalized MPI..
[45/128]	Finalized MPI..
[105/128]	Finalized MPI..
[88/128]	Finalized MPI..
[91/128]	Finalized MPI..
[70/128]	Finalized MPI..
[84/128]	Finalized MPI..
[73/128]	Finalized MPI..
[92/128]	Finalized MPI..
[90/128]	Finalized MPI..
[72/128]	Finalized MPI..
[123/128]	Finalized MPI..
[103/128]	Finalized MPI..
[101/128]	Finalized MPI..
[106/128]	Finalized MPI..
[128/128]	Finalized MPI..
[74/128]	Finalized MPI..
[33/128]	Finalized MPI..
[124/128]	Finalized MPI..
[115/128]	Finalized MPI..
[111/128]	Finalized MPI..
[97/128]	Finalized MPI..
[109/128]	Finalized MPI..
[7/128]	Finalized MPI..
[46/128]	Finalized MPI..
[62/128]	Finalized MPI..
[44/128]	Finalized MPI..
[89/128]	Finalized MPI..
[112/128]	Finalized MPI..
[110/128]	Finalized MPI..
[19/128]	Finalized MPI..
[71/128]	Finalized MPI..
[82/128]	Finalized MPI..
[65/128]	Finalized MPI..
[76/128]	Finalized MPI..
[125/128]	Finalized MPI..
[2/128]	Finalized MPI..
[64/128]	Finalized MPI..
[107/128]	Finalized MPI..
[108/128]	Finalized MPI..
[78/128]	Finalized MPI..
[104/128]	Finalized MPI..
[13/128]	Finalized MPI..
[31/128]	Finalized MPI..
[96/128]	Finalized MPI..
[100/128]	Finalized MPI..
[32/128]	Finalized MPI..
[49/128]	Finalized MPI..
[68/128]	Finalized MPI..
[81/128]	Finalized MPI..
[66/128]	Finalized MPI..
[114/128]	Finalized MPI..
[59/128]	Finalized MPI..
[30/128]	Finalized MPI..
[23/128]	Finalized MPI..
[83/128]	Finalized MPI..
[94/128]	Finalized MPI..
[127/128]	Finalized MPI..
[77/128]	Finalized MPI..
[63/128]	Finalized MPI..
[75/128]	Finalized MPI..
[42/128]	Finalized MPI..
[3/128]	Finalized MPI..
[58/128]	Finalized MPI..
[67/128]	Finalized MPI..
[47/128]	Finalized MPI..
[120/128]	Finalized MPI..
[117/128]	Finalized MPI..
[10/128]	Finalized MPI..
[16/128]	Finalized MPI..
[119/128]	Finalized MPI..
[85/128]	Finalized MPI..
[35/128]	Finalized MPI..
[9/128]	Finalized MPI..
[52/128]	Finalized MPI..
[41/128]	Finalized MPI..
[60/128]	Finalized MPI..
[87/128]	Finalized MPI..
[69/128]	Finalized MPI..
[29/128]	Finalized MPI..
[122/128]	Finalized MPI..
[40/128]	Finalized MPI..
[39/128]	Finalized MPI..
[93/128]	Finalized MPI..
[26/128]	Finalized MPI..
[12/128]	Finalized MPI..
[38/128]	Finalized MPI..
[95/128]	Finalized MPI..
[126/128]	Finalized MPI..
[55/128]	Finalized MPI..
[54/128]	Finalized MPI..
[57/128]	Finalized MPI..
[121/128]	Finalized MPI..
[86/128]	Finalized MPI..
[18/128]	Finalized MPI..
[15/128]	Finalized MPI..
[14/128]	Finalized MPI..
[34/128]	Finalized MPI..
[50/128]	Finalized MPI..
[80/128]	Finalized MPI..
[20/128]	Finalized MPI..
[61/128]	Finalized MPI..
[118/128]	Finalized MPI..
[25/128]	Finalized MPI..
[24/128]	Finalized MPI..
[36/128]	Finalized MPI..
[1/128]	Finalized MPI..
[43/128]	Finalized MPI..
[102/128]	Finalized MPI..
[28/128]	Finalized MPI..
[11/128]	Finalized MPI..
[48/128]	Finalized MPI..
[17/128]	Finalized MPI..
[113/128]	Finalized MPI..
[56/128]	Finalized MPI..
[37/128]	Finalized MPI..
[6/128]	Finalized MPI..
[8/128]	Finalized MPI..
[5/128]	Finalized MPI..
[21/128]	Finalized MPI..
[22/128]	Finalized MPI..
[27/128]	Finalized MPI..
[4/128]	Finalized MPI..
[EARL][tcn9][3612203] --- EARL INIT [PID: 3612203] [MASTER: 1] ---
[34m[tcn9][0][INFO] [0mK-medoids & roofline strategies not available. Loading default model for the classification
--- EARL loaded APIs ---
MGT_CPUFREQ: EARD
MGT_IMCFREQ: EARD
MGT_PRIO   : DUMMY
MET_CPUFREQ: EARD
MET_IMCFREQ: EARD
MET_ENERGY : EARD
MET_TEMP:    AMD17
MET_BWIDTH : EARD
MET_FLOPS  : PERF
MET_CPI    : PERF
MGT_GPU    : DUMMY
MET_GPU    : DUMMY
L1D: loaded (event PERF_L1D_MISS_LD) 
L2 : loaded (event L2_MISS_FROM_DC) (also in LBW)
L2 : loaded (event L2_MISS_FROM_PF1) (also in LBW)
L2 : loaded (event L2_MISS_FROM_PF2) (also in LBW)

------------------------
[74/128]	I'm online..
[76/128]	I'm online..
[109/128]	I'm online..
[117/128]	I'm online..
[120/128]	I'm online..
[75/128]	I'm online..
[92/128]	I'm online..
[119/128]	I'm online..
[73/128]	I'm online..
[77/128]	I'm online..
[71/128]	I'm online..
[98/128]	I'm online..
[97/128]	I'm online..
[103/128]	I'm online..
[12/128]	I'm online..
[118/128]	I'm online..
[125/128]	I'm online..
[31/128]	I'm online..
[85/128]	I'm online..
[121/128]	I'm online..
[60/128]	I'm online..
[63/128]	I'm online..
[64/128]	I'm online..
[57/128]	I'm online..
[61/128]	I'm online..
[5/128]	I'm online..
[65/128]	I'm online..
[25/128]	I'm online..
[112/128]	I'm online..
[19/128]	I'm online..
[29/128]	I'm online..
[16/128]	I'm online..
[66/128]	I'm online..
[127/128]	I'm online..
[69/128]	I'm online..
[47/128]	I'm online..
Mapping frequencies from 128 processes to 128 CPUs...
[8/128]	I'm online..
[43/128]	I'm online..
[13/128]	I'm online..
[101/128]	I'm online..
[113/128]	I'm online..
[79/128]	I'm online..
[87/128]	I'm online..
[24/128]	I'm online..
[56/128]	I'm online..
[128/128]	I'm online..
[32/128]	I'm online..
[50/128]	I'm online..
[91/128]	I'm online..
[3/128]	I'm online..
[34/128]	I'm online..
[36/128]	I'm online..
[39/128]	I'm online..
[40/128]	I'm online..
[80/128]	I'm online..
[88/128]	I'm online..
[67/128]	I'm online..
[53/128]	I'm online..
[94/128]	I'm online..
[45/128]	I'm online..
[106/128]	I'm online..
[107/128]	I'm online..
[86/128]	I'm online..
[95/128]	I'm online..
[44/128]	I'm online..
[49/128]	I'm online..
[108/128]	I'm online..
[111/128]	I'm online..
[41/128]	I'm online..
[26/128]	I'm online..
[15/128]	I'm online..
[23/128]	I'm online..
[96/128]	I'm online..
[93/128]	I'm online..
[11/128]	I'm online..
[28/128]	I'm online..
[102/128]	I'm online..
[4/128]	I'm online..
[38/128]	I'm online..
[100/128]	I'm online..
[6/128]	I'm online..
[58/128]	I'm online..
[14/128]	I'm online..
[10/128]	I'm online..
[55/128]	I'm online..
[21/128]	I'm online..
[33/128]	I'm online..
[83/128]	I'm online..
[20/128]	I'm online..
[122/128]	I'm online..
[30/128]	I'm online..
[18/128]	I'm online..
[115/128]	I'm online..
[110/128]	I'm online..
[22/128]	I'm online..
[126/128]	I'm online..
[42/128]	I'm online..
[51/128]	I'm online..
[37/128]	I'm online..
[62/128]	I'm online..
[104/128]	I'm online..
[52/128]	I'm online..
[116/128]	I'm online..
[82/128]	I'm online..
[9/128]	I'm online..
[46/128]	I'm online..
[48/128]	I'm online..
[54/128]	I'm online..
[2/128]	I'm online..
[7/128]	I'm online..
[84/128]	I'm online..
[17/128]	I'm online..
[27/128]	I'm online..
[59/128]	I'm online..
[78/128]	I'm online..
[70/128]	I'm online..
[81/128]	I'm online..
[89/128]	I'm online..
[90/128]	I'm online..
[105/128]	I'm online..
[123/128]	I'm online..
[35/128]	I'm online..
[72/128]	I'm online..
[99/128]	I'm online..
[114/128]	I'm online..
[68/128]	I'm online..
[124/128]	I'm online..
---------------- EAR 5.1 MPI enabled ----------------
                   App/user id: 'hratio_l20'/'ovaneck2'
    Node/job id/step_id/app_id: 'tcn9'/'11500501'/'15'/'3612203'
     P_STATE/frequency (turbo): 0/2600000 (0)
    Tasks/nodes/ppn/node_ratio: 128/1/128/1.000
             Policy (learning): monitoring (0)
Policy threshold/Perf accuracy: 0.00/10000000.00
   DynAIS levels/window/AVX512: 10/200/2
                      VAR path: /var/ear
           EAR privileged user: 0
                       EARL on: 1 
                  Max CPU freq: 2600000
-------------------------------------------------------
EAR initialized successfully.
[1/128]	I'm online..
Warning, going to time guided because low number of MPI calls per second current 2.000000 
EAR[3612203](hratio_l20) at 2.60/1.47 in tcn9 MR[0] elapsed 34 sec.: [32mLoop time: 1.007s DC Power: [35m415.4W[32m DRAM power: 0.00W PCK power: 451.17W
	avg. CPUFreq: 2.57GHz avg. IMCFreq: 1.47GHz Next Frequency 2.60
	CPI: 0.362 VPI: 0.00, Mem. bwidth: 0.09GB/s GFLOPS: 0.00 I/O: 0.11MB/s No MPI  
	TPI 0.01 Cache miss rates: L1 2.88GB/s L2 0.01GB/s L3 0.00GB/s
	Total MPI calls 3
	IO DATA: rchar 4552 wchar 6440 syscr 50 syscw 5 read_bytes 0 write_bytes 8192
	Process OS info: (pid 3612203 state R utime 994 stime 0 cutime 0 cstime 0 CPU usage 98)
	CPU temperature (celsius): socket 0: 63 socket 1: 72[0m
EAR[3612203](hratio_l20) at 2.60/1.47 in tcn9 MR[0] elapsed 46 sec.: [32mLoop time: 1.122s DC Power: [35m502.5W[32m DRAM power: 0.00W PCK power: 452.70W
	avg. CPUFreq: 2.57GHz avg. IMCFreq: 1.47GHz Next Frequency 2.60
	CPI: 0.347 VPI: 0.00, Mem. bwidth: 0.10GB/s GFLOPS: 0.00 I/O: 0.01MB/s No MPI  
	TPI 0.01 Cache miss rates: L1 0.95GB/s L2 0.00GB/s L3 0.00GB/s
	Total MPI calls 3
	IO DATA: rchar 5144 wchar 9425 syscr 72 syscw 30 read_bytes 0 write_bytes 294912
	Process OS info: (pid 3612203 state R utime 1108 stime 0 cutime 0 cstime 0 CPU usage 98)
	CPU temperature (celsius): socket 0: 64 socket 1: 73[0m
EAR[3612203](hratio_l20) at 2.60/1.47 in tcn9 MR[0] elapsed 57 sec.: [32mLoop time: 1.122s DC Power: [35m510.7W[32m DRAM power: 0.00W PCK power: 453.67W
	avg. CPUFreq: 2.57GHz avg. IMCFreq: 1.47GHz Next Frequency 2.60
	CPI: 0.346 VPI: 0.00, Mem. bwidth: 0.14GB/s GFLOPS: 0.00 I/O: 0.01MB/s No MPI  
	TPI 0.02 Cache miss rates: L1 0.95GB/s L2 0.00GB/s L3 0.00GB/s
	Total MPI calls 3
	IO DATA: rchar 5192 wchar 9429 syscr 74 syscw 30 read_bytes 0 write_bytes 294912
	Process OS info: (pid 3612203 state R utime 1099 stime 0 cutime 0 cstime 0 CPU usage 97)
	CPU temperature (celsius): socket 0: 64 socket 1: 73[0m
EAR[3612203](hratio_l20) at 2.60/1.47 in tcn9 MR[0] elapsed 68 sec.: [32mLoop time: 1.122s DC Power: [35m518.0W[32m DRAM power: 0.00W PCK power: 453.78W
	avg. CPUFreq: 2.57GHz avg. IMCFreq: 1.47GHz Next Frequency 2.60
	CPI: 0.346 VPI: 0.00, Mem. bwidth: 0.10GB/s GFLOPS: 0.00 I/O: 0.01MB/s No MPI  
	TPI 0.01 Cache miss rates: L1 0.96GB/s L2 0.00GB/s L3 0.00GB/s
	Total MPI calls 3
	IO DATA: rchar 5192 wchar 9429 syscr 74 syscw 30 read_bytes 0 write_bytes 294912
	Process OS info: (pid 3612203 state R utime 1107 stime 1 cutime 0 cstime 0 CPU usage 98)
	CPU temperature (celsius): socket 0: 65 socket 1: 74[0m
EAR[3612203](hratio_l20) at 2.60/1.47 in tcn9 MR[0] elapsed 79 sec.: [32mLoop time: 1.122s DC Power: [35m470.0W[32m DRAM power: 0.00W PCK power: 453.72W
	avg. CPUFreq: 2.57GHz avg. IMCFreq: 1.47GHz Next Frequency 2.60
	CPI: 0.346 VPI: 0.00, Mem. bwidth: 0.11GB/s GFLOPS: 0.00 I/O: 0.01MB/s No MPI  
	TPI 0.01 Cache miss rates: L1 1.04GB/s L2 0.00GB/s L3 0.00GB/s
	Total MPI calls 3
	IO DATA: rchar 5193 wchar 9429 syscr 74 syscw 30 read_bytes 0 write_bytes 434176
	Process OS info: (pid 3612203 state R utime 1106 stime 1 cutime 0 cstime 0 CPU usage 98)
	CPU temperature (celsius): socket 0: 65 socket 1: 74[0m
EAR[3612203](hratio_l20) at 2.60/1.47 in tcn9 MR[0] elapsed 91 sec.: [32mLoop time: 1.122s DC Power: [35m522.1W[32m DRAM power: 0.00W PCK power: 453.99W
	avg. CPUFreq: 2.57GHz avg. IMCFreq: 1.47GHz Next Frequency 2.60
	CPI: 0.346 VPI: 0.00, Mem. bwidth: 0.13GB/s GFLOPS: 0.00 I/O: 0.01MB/s No MPI  
	TPI 0.02 Cache miss rates: L1 0.96GB/s L2 0.00GB/s L3 0.00GB/s
	Total MPI calls 3
	IO DATA: rchar 5193 wchar 9429 syscr 74 syscw 30 read_bytes 0 write_bytes 294912
	Process OS info: (pid 3612203 state R utime 1107 stime 0 cutime 0 cstime 0 CPU usage 98)
	CPU temperature (celsius): socket 0: 64 socket 1: 74[0m
[34m[tcn9][0][INFO] [0mScope APP master 1 elapsed 0.000000
------------------------------------ Application Summary [tcn9] ------------------------------------
--- App id: hratio_l20 / user id: ovaneck2 / account: vusei12999 / job.step: 11500501.15.3612203 ---


(mpi_sig) Wall time: 89.902 s, nominal freq.: 2.60 GHz, avg. freq: 2.57 GHz, avg imc freq: 1.47 GHz
          Avg. mpi_time/exec_time 94.3 %

          tasks: 128

          CPI/TPI: 0.352/0.018, GB/s: 0.136, GFLOPS: 0.000, IO: 0.102 (MB/s)
          DC/DRAM/PCK power: 482.254/0.000/449.564 (W) GFlops/Watts 0.000


----------------------------------------------------------------------------------------------------
[39/128]	Finalized MPI..
[13/128]	Finalized MPI..
[92/128]	Finalized MPI..
[72/128]	Finalized MPI..
[53/128]	Finalized MPI..
[111/128]	Finalized MPI..
[84/128]	Finalized MPI..
[96/128]	Finalized MPI..
[67/128]	Finalized MPI..
[51/128]	Finalized MPI..
[38/128]	Finalized MPI..
[55/128]	Finalized MPI..
[60/128]	Finalized MPI..
[33/128]	Finalized MPI..
[54/128]	Finalized MPI..
[125/128]	Finalized MPI..
[76/128]	Finalized MPI..
[113/128]	Finalized MPI..
[41/128]	Finalized MPI..
[94/128]	Finalized MPI..
[124/128]	Finalized MPI..
[42/128]	Finalized MPI..
[93/128]	Finalized MPI..
[64/128]	Finalized MPI..
[21/128]	Finalized MPI..
[69/128]	Finalized MPI..
[46/128]	Finalized MPI..
[71/128]	Finalized MPI..
[75/128]	Finalized MPI..
[66/128]	Finalized MPI..
[127/128]	Finalized MPI..
[70/128]	Finalized MPI..
[6/128]	Finalized MPI..
[87/128]	Finalized MPI..
[110/128]	Finalized MPI..
[44/128]	Finalized MPI..
[114/128]	Finalized MPI..
[4/128]	Finalized MPI..
[116/128]	Finalized MPI..
[50/128]	Finalized MPI..
[62/128]	Finalized MPI..
[49/128]	Finalized MPI..
[90/128]	Finalized MPI..
[121/128]	Finalized MPI..
[58/128]	Finalized MPI..
[57/128]	Finalized MPI..
[77/128]	Finalized MPI..
[3/128]	Finalized MPI..
[61/128]	Finalized MPI..
[106/128]	Finalized MPI..
[91/128]	Finalized MPI..
[48/128]	Finalized MPI..
[22/128]	Finalized MPI..
[7/128]	Finalized MPI..
[45/128]	Finalized MPI..
[56/128]	Finalized MPI..
[15/128]	Finalized MPI..
[35/128]	Finalized MPI..
[1/128]	Finalized MPI..
[34/128]	Finalized MPI..
[101/128]	Finalized MPI..
[63/128]	Finalized MPI..
[128/128]	Finalized MPI..
[103/128]	Finalized MPI..
[89/128]	Finalized MPI..
[19/128]	Finalized MPI..
[109/128]	Finalized MPI..
[112/128]	Finalized MPI..
[65/128]	Finalized MPI..
[95/128]	Finalized MPI..
[73/128]	Finalized MPI..
[122/128]	Finalized MPI..
[82/128]	Finalized MPI..
[16/128]	Finalized MPI..
[25/128]	Finalized MPI..
[115/128]	Finalized MPI..
[52/128]	Finalized MPI..
[123/128]	Finalized MPI..
[85/128]	Finalized MPI..
[79/128]	Finalized MPI..
[86/128]	Finalized MPI..
[17/128]	Finalized MPI..
[88/128]	Finalized MPI..
[27/128]	Finalized MPI..
[28/128]	Finalized MPI..
[47/128]	Finalized MPI..
[37/128]	Finalized MPI..
[8/128]	Finalized MPI..
[117/128]	Finalized MPI..
[20/128]	Finalized MPI..
[78/128]	Finalized MPI..
[24/128]	Finalized MPI..
[5/128]	Finalized MPI..
[97/128]	Finalized MPI..
[104/128]	Finalized MPI..
[99/128]	Finalized MPI..
[102/128]	Finalized MPI..
[18/128]	Finalized MPI..
[98/128]	Finalized MPI..
[74/128]	Finalized MPI..
[36/128]	Finalized MPI..
[119/128]	Finalized MPI..
[26/128]	Finalized MPI..
[100/128]	Finalized MPI..
[2/128]	Finalized MPI..
[9/128]	Finalized MPI..
[12/128]	Finalized MPI..
[68/128]	Finalized MPI..
[126/128]	Finalized MPI..
[30/128]	Finalized MPI..
[83/128]	Finalized MPI..
[59/128]	Finalized MPI..
[81/128]	Finalized MPI..
[10/128]	Finalized MPI..
[14/128]	Finalized MPI..
[105/128]	Finalized MPI..
[108/128]	Finalized MPI..
[107/128]	Finalized MPI..
[80/128]	Finalized MPI..
[120/128]	Finalized MPI..
[23/128]	Finalized MPI..
[118/128]	Finalized MPI..
[11/128]	Finalized MPI..
[40/128]	Finalized MPI..
[32/128]	Finalized MPI..
[31/128]	Finalized MPI..
[29/128]	Finalized MPI..
[43/128]	Finalized MPI..
[EARL][tcn9][3614180] --- EARL INIT [PID: 3614180] [MASTER: 1] ---
[34m[tcn9][0][INFO] [0mK-medoids & roofline strategies not available. Loading default model for the classification
--- EARL loaded APIs ---
MGT_CPUFREQ: EARD
MGT_IMCFREQ: EARD
MGT_PRIO   : DUMMY
MET_CPUFREQ: EARD
MET_IMCFREQ: EARD
MET_ENERGY : EARD
MET_TEMP:    AMD17
MET_BWIDTH : EARD
MET_FLOPS  : PERF
MET_CPI    : PERF
MGT_GPU    : DUMMY
MET_GPU    : DUMMY
L1D: loaded (event PERF_L1D_MISS_LD) 
L2 : loaded (event L2_MISS_FROM_DC) (also in LBW)
L2 : loaded (event L2_MISS_FROM_PF1) (also in LBW)
L2 : loaded (event L2_MISS_FROM_PF2) (also in LBW)

------------------------
[39/128]	I'm online..
[46/128]	I'm online..
[47/128]	I'm online..
[83/128]	I'm online..
[93/128]	I'm online..
[128/128]	I'm online..
[3/128]	I'm online..
[11/128]	I'm online..
[24/128]	I'm online..
[26/128]	I'm online..
[43/128]	I'm online..
[49/128]	I'm online..
[50/128]	I'm online..
[51/128]	I'm online..
[81/128]	I'm online..
[85/128]	I'm online..
[88/128]	I'm online..
[117/128]	I'm online..
[17/128]	I'm online..
[35/128]	I'm online..
[115/128]	I'm online..
[98/128]	I'm online..
[112/128]	I'm online..
[34/128]	I'm online..
[75/128]	I'm online..
[31/128]	I'm online..
[102/128]	I'm online..
[69/128]	I'm online..
[77/128]	I'm online..
[92/128]	I'm online..
[40/128]	I'm online..
[36/128]	I'm online..
[70/128]	I'm online..
[87/128]	I'm online..
[99/128]	I'm online..
[56/128]	I'm online..
[32/128]	I'm online..
[61/128]	I'm online..
[7/128]	I'm online..
[68/128]	I'm online..
[107/128]	I'm online..
[59/128]	I'm online..
[60/128]	I'm online..
[42/128]	I'm online..
[62/128]	I'm online..
[5/128]	I'm online..
[58/128]	I'm online..
[14/128]	I'm online..
[16/128]	I'm online..
[80/128]	I'm online..
[33/128]	I'm online..
[95/128]	I'm online..
[57/128]	I'm online..
[27/128]	I'm online..
[21/128]	I'm online..
[44/128]	I'm online..
[52/128]	I'm online..
[78/128]	I'm online..
[86/128]	I'm online..
[127/128]	I'm online..
[123/128]	I'm online..
[63/128]	I'm online..
[105/128]	I'm online..
[122/128]	I'm online..
[106/128]	I'm online..
[8/128]	I'm online..
[90/128]	I'm online..
[55/128]	I'm online..
[53/128]	I'm online..
[94/128]	I'm online..
Mapping frequencies from 128 processes to 128 CPUs...
[54/128]	I'm online..
[101/128]	I'm online..
[73/128]	I'm online..
[120/128]	I'm online..
[119/128]	I'm online..
[113/128]	I'm online..
[114/128]	I'm online..
[116/128]	I'm online..
[118/128]	I'm online..
[9/128]	I'm online..
[121/128]	I'm online..
[124/128]	I'm online..
[6/128]	I'm online..
[126/128]	I'm online..
[2/128]	I'm online..
[10/128]	I'm online..
[13/128]	I'm online..
[12/128]	I'm online..
[15/128]	I'm online..
[19/128]	I'm online..
[18/128]	I'm online..
[20/128]	I'm online..
[23/128]	I'm online..
[22/128]	I'm online..
[25/128]	I'm online..
[28/128]	I'm online..
[29/128]	I'm online..
[30/128]	I'm online..
[37/128]	I'm online..
[41/128]	I'm online..
[48/128]	I'm online..
[64/128]	I'm online..
[71/128]	I'm online..
[65/128]	I'm online..
[72/128]	I'm online..
[45/128]	I'm online..
[66/128]	I'm online..
[67/128]	I'm online..
[74/128]	I'm online..
[76/128]	I'm online..
[79/128]	I'm online..
[82/128]	I'm online..
[89/128]	I'm online..
[84/128]	I'm online..
[91/128]	I'm online..
[96/128]	I'm online..
[97/128]	I'm online..
[100/128]	I'm online..
[103/128]	I'm online..
[104/128]	I'm online..
[108/128]	I'm online..
[109/128]	I'm online..
[110/128]	I'm online..
[111/128]	I'm online..
[125/128]	I'm online..
[4/128]	I'm online..
[38/128]	I'm online..
---------------- EAR 5.1 MPI enabled ----------------
                   App/user id: 'hratio_l20'/'ovaneck2'
    Node/job id/step_id/app_id: 'tcn9'/'11500501'/'16'/'3614180'
     P_STATE/frequency (turbo): 0/2600000 (0)
    Tasks/nodes/ppn/node_ratio: 128/1/128/1.000
             Policy (learning): monitoring (0)
Policy threshold/Perf accuracy: 0.00/10000000.00
   DynAIS levels/window/AVX512: 10/200/2
                      VAR path: /var/ear
           EAR privileged user: 0
                       EARL on: 1 
                  Max CPU freq: 2600000
-------------------------------------------------------
EAR initialized successfully.
[1/128]	I'm online..
Warning, going to time guided because low number of MPI calls per second current 0.666667 
EAR[3614180](hratio_l20) at 2.60/1.47 in tcn9 MR[0] elapsed 34 sec.: [32mLoop time: 1.012s DC Power: [35m472.5W[32m DRAM power: 0.00W PCK power: 449.74W
	avg. CPUFreq: 2.57GHz avg. IMCFreq: 1.47GHz Next Frequency 2.60
	CPI: 0.376 VPI: 0.00, Mem. bwidth: 0.13GB/s GFLOPS: 0.00 I/O: 0.11MB/s No MPI  
	TPI 0.02 Cache miss rates: L1 1.82GB/s L2 0.01GB/s L3 0.00GB/s
	Total MPI calls 3
	IO DATA: rchar 4552 wchar 6440 syscr 50 syscw 5 read_bytes 0 write_bytes 8192
	Process OS info: (pid 3614180 state R utime 995 stime 0 cutime 0 cstime 0 CPU usage 98)
	CPU temperature (celsius): socket 0: 63 socket 1: 72[0m
EAR[3614180](hratio_l20) at 2.60/1.47 in tcn9 MR[0] elapsed 46 sec.: [32mLoop time: 1.122s DC Power: [35m455.3W[32m DRAM power: 0.00W PCK power: 451.70W
	avg. CPUFreq: 2.57GHz avg. IMCFreq: 1.47GHz Next Frequency 2.60
	CPI: 0.348 VPI: 0.00, Mem. bwidth: 0.13GB/s GFLOPS: 0.00 I/O: 0.01MB/s No MPI  
	TPI 0.02 Cache miss rates: L1 0.74GB/s L2 0.00GB/s L3 0.00GB/s
	Total MPI calls 3
	IO DATA: rchar 5144 wchar 9425 syscr 72 syscw 30 read_bytes 0 write_bytes 294912
	Process OS info: (pid 3614180 state R utime 1106 stime 1 cutime 0 cstime 0 CPU usage 98)
	CPU temperature (celsius): socket 0: 64 socket 1: 73[0m
EAR[3614180](hratio_l20) at 2.60/1.47 in tcn9 MR[0] elapsed 57 sec.: [32mLoop time: 1.122s DC Power: [35m508.1W[32m DRAM power: 0.00W PCK power: 453.40W
	avg. CPUFreq: 2.57GHz avg. IMCFreq: 1.47GHz Next Frequency 2.60
	CPI: 0.347 VPI: 0.00, Mem. bwidth: 0.12GB/s GFLOPS: 0.00 I/O: 0.01MB/s No MPI  
	TPI 0.02 Cache miss rates: L1 0.74GB/s L2 0.00GB/s L3 0.00GB/s
	Total MPI calls 3
	IO DATA: rchar 5192 wchar 9429 syscr 74 syscw 30 read_bytes 0 write_bytes 294912
	Process OS info: (pid 3614180 state R utime 1107 stime 1 cutime 0 cstime 0 CPU usage 98)
	CPU temperature (celsius): socket 0: 65 socket 1: 74[0m
EAR[3614180](hratio_l20) at 2.60/1.47 in tcn9 MR[0] elapsed 68 sec.: [32mLoop time: 1.122s DC Power: [35m512.5W[32m DRAM power: 0.00W PCK power: 454.85W
	avg. CPUFreq: 2.57GHz avg. IMCFreq: 1.47GHz Next Frequency 2.60
	CPI: 0.345 VPI: 0.00, Mem. bwidth: 0.12GB/s GFLOPS: 0.00 I/O: 0.01MB/s No MPI  
	TPI 0.02 Cache miss rates: L1 0.74GB/s L2 0.00GB/s L3 0.00GB/s
	Total MPI calls 3
	IO DATA: rchar 5192 wchar 9429 syscr 74 syscw 30 read_bytes 0 write_bytes 438272
	Process OS info: (pid 3614180 state R utime 1098 stime 1 cutime 0 cstime 0 CPU usage 97)
	CPU temperature (celsius): socket 0: 65 socket 1: 75[0m
[34m[tcn9][0][INFO] [0mScope APP master 1 elapsed 0.000000
------------------------------------ Application Summary [tcn9] ------------------------------------
--- App id: hratio_l20 / user id: ovaneck2 / account: vusei12999 / job.step: 11500501.16.3614180 ---


(mpi_sig) Wall time: 69.649 s, nominal freq.: 2.60 GHz, avg. freq: 2.57 GHz, avg imc freq: 1.47 GHz
          Avg. mpi_time/exec_time 87.1 %

          tasks: 128

          CPI/TPI: 0.360/0.038, GB/s: 0.265, GFLOPS: 0.000, IO: 0.485 (MB/s)
          DC/DRAM/PCK power: 487.740/0.000/438.479 (W) GFlops/Watts 0.000


----------------------------------------------------------------------------------------------------
[33/128]	Finalized MPI..
[91/128]	Finalized MPI..
[46/128]	Finalized MPI..
[85/128]	Finalized MPI..
[123/128]	Finalized MPI..
[31/128]	Finalized MPI..
[93/128]	Finalized MPI..
[62/128]	Finalized MPI..
[117/128]	Finalized MPI..
[122/128]	Finalized MPI..
[37/128]	Finalized MPI..
[55/128]	Finalized MPI..
[110/128]	Finalized MPI..
[25/128]	Finalized MPI..
[67/128]	Finalized MPI..
[87/128]	Finalized MPI..
[112/128]	Finalized MPI..
[116/128]	Finalized MPI..
[125/128]	Finalized MPI..
[5/128]	Finalized MPI..
[15/128]	Finalized MPI..
[44/128]	Finalized MPI..
[22/128]	Finalized MPI..
[74/128]	Finalized MPI..
[94/128]	Finalized MPI..
[34/128]	Finalized MPI..
[86/128]	Finalized MPI..
[118/128]	Finalized MPI..
[52/128]	Finalized MPI..
[120/128]	Finalized MPI..
[20/128]	Finalized MPI..
[43/128]	Finalized MPI..
[95/128]	Finalized MPI..
[29/128]	Finalized MPI..
[81/128]	Finalized MPI..
[121/128]	Finalized MPI..
[66/128]	Finalized MPI..
[64/128]	Finalized MPI..
[4/128]	Finalized MPI..
[75/128]	Finalized MPI..
[88/128]	Finalized MPI..
[89/128]	Finalized MPI..
[72/128]	Finalized MPI..
[82/128]	Finalized MPI..
[69/128]	Finalized MPI..
[108/128]	Finalized MPI..
[127/128]	Finalized MPI..
[104/128]	Finalized MPI..
[49/128]	Finalized MPI..
[119/128]	Finalized MPI..
[90/128]	Finalized MPI..
[23/128]	Finalized MPI..
[54/128]	Finalized MPI..
[51/128]	Finalized MPI..
[27/128]	Finalized MPI..
[36/128]	Finalized MPI..
[65/128]	Finalized MPI..
[16/128]	Finalized MPI..
[12/128]	Finalized MPI..
[83/128]	Finalized MPI..
[96/128]	Finalized MPI..
[10/128]	Finalized MPI..
[126/128]	Finalized MPI..
[28/128]	Finalized MPI..
[35/128]	Finalized MPI..
[14/128]	Finalized MPI..
[114/128]	Finalized MPI..
[59/128]	Finalized MPI..
[41/128]	Finalized MPI..
[111/128]	Finalized MPI..
[53/128]	Finalized MPI..
[40/128]	Finalized MPI..
[63/128]	Finalized MPI..
[61/128]	Finalized MPI..
[56/128]	Finalized MPI..
[103/128]	Finalized MPI..
[105/128]	Finalized MPI..
[39/128]	Finalized MPI..
[73/128]	Finalized MPI..
[18/128]	Finalized MPI..
[68/128]	Finalized MPI..
[101/128]	Finalized MPI..
[32/128]	Finalized MPI..
[71/128]	Finalized MPI..
[113/128]	Finalized MPI..
[70/128]	Finalized MPI..
[107/128]	Finalized MPI..
[45/128]	Finalized MPI..
[47/128]	Finalized MPI..
[21/128]	Finalized MPI..
[48/128]	Finalized MPI..
[97/128]	Finalized MPI..
[3/128]	Finalized MPI..
[124/128]	Finalized MPI..
[109/128]	Finalized MPI..
[1/128]	Finalized MPI..
[99/128]	Finalized MPI..
[30/128]	Finalized MPI..
[98/128]	Finalized MPI..
[57/128]	Finalized MPI..
[8/128]	Finalized MPI..
[13/128]	Finalized MPI..
[102/128]	Finalized MPI..
[50/128]	Finalized MPI..
[26/128]	Finalized MPI..
[92/128]	Finalized MPI..
[128/128]	Finalized MPI..
[106/128]	Finalized MPI..
[38/128]	Finalized MPI..
[17/128]	Finalized MPI..
[2/128]	Finalized MPI..
[76/128]	Finalized MPI..
[78/128]	Finalized MPI..
[79/128]	Finalized MPI..
[77/128]	Finalized MPI..
[84/128]	Finalized MPI..
[6/128]	Finalized MPI..
[80/128]	Finalized MPI..
[19/128]	Finalized MPI..
[42/128]	Finalized MPI..
[58/128]	Finalized MPI..
[24/128]	Finalized MPI..
[115/128]	Finalized MPI..
[100/128]	Finalized MPI..
[60/128]	Finalized MPI..
[7/128]	Finalized MPI..
[9/128]	Finalized MPI..
[11/128]	Finalized MPI..
[EARL][tcn9][3616093] --- EARL INIT [PID: 3616093] [MASTER: 1] ---
[34m[tcn9][0][INFO] [0mK-medoids & roofline strategies not available. Loading default model for the classification
--- EARL loaded APIs ---
MGT_CPUFREQ: EARD
MGT_IMCFREQ: EARD
MGT_PRIO   : DUMMY
MET_CPUFREQ: EARD
MET_IMCFREQ: EARD
MET_ENERGY : EARD
MET_TEMP:    AMD17
MET_BWIDTH : EARD
MET_FLOPS  : PERF
MET_CPI    : PERF
MGT_GPU    : DUMMY
MET_GPU    : DUMMY
L1D: loaded (event PERF_L1D_MISS_LD) 
L2 : loaded (event L2_MISS_FROM_DC) (also in LBW)
L2 : loaded (event L2_MISS_FROM_PF1) (also in LBW)
L2 : loaded (event L2_MISS_FROM_PF2) (also in LBW)

------------------------
[5/128]	I'm online..
[60/128]	I'm online..
[83/128]	I'm online..
[85/128]	I'm online..
[95/128]	I'm online..
[106/128]	I'm online..
[23/128]	I'm online..
[31/128]	I'm online..
[45/128]	I'm online..
[75/128]	I'm online..
[86/128]	I'm online..
[91/128]	I'm online..
[102/128]	I'm online..
[105/128]	I'm online..
[61/128]	I'm online..
[34/128]	I'm online..
[51/128]	I'm online..
[76/128]	I'm online..
[27/128]	I'm online..
[62/128]	I'm online..
[123/128]	I'm online..
[44/128]	I'm online..
[93/128]	I'm online..
[58/128]	I'm online..
[53/128]	I'm online..
[55/128]	I'm online..
[35/128]	I'm online..
[37/128]	I'm online..
[38/128]	I'm online..
[18/128]	I'm online..
[20/128]	I'm online..
[98/128]	I'm online..
[99/128]	I'm online..
[21/128]	I'm online..
[125/128]	I'm online..
[2/128]	I'm online..
[126/128]	I'm online..
[56/128]	I'm online..
[24/128]	I'm online..
[122/128]	I'm online..
[16/128]	I'm online..
[104/128]	I'm online..
[9/128]	I'm online..
[41/128]	I'm online..
[115/128]	I'm online..
[63/128]	I'm online..
[82/128]	I'm online..
[67/128]	I'm online..
[33/128]	I'm online..
[97/128]	I'm online..
[108/128]	I'm online..
[127/128]	I'm online..
[79/128]	I'm online..
[22/128]	I'm online..
[11/128]	I'm online..
[47/128]	I'm online..
[70/128]	I'm online..
[128/128]	I'm online..
[88/128]	I'm online..
[59/128]	I'm online..
[111/128]	I'm online..
[14/128]	I'm online..
[43/128]	I'm online..
[25/128]	I'm online..
[87/128]	I'm online..
[118/128]	I'm online..
[17/128]	I'm online..
[90/128]	I'm online..
[113/128]	I'm online..
[46/128]	I'm online..
[69/128]	I'm online..
[30/128]	I'm online..
[6/128]	I'm online..
[119/128]	I'm online..
[32/128]	I'm online..
[28/128]	I'm online..
[40/128]	I'm online..
[109/128]	I'm online..
[72/128]	I'm online..
[77/128]	I'm online..
[116/128]	I'm online..
[65/128]	I'm online..
[3/128]	I'm online..
[12/128]	I'm online..
[29/128]	I'm online..
[100/128]	I'm online..
[15/128]	I'm online..
[80/128]	I'm online..
[96/128]	I'm online..
[13/128]	I'm online..
[112/128]	I'm online..
[8/128]	I'm online..
[39/128]	I'm online..
[114/128]	I'm online..
[10/128]	I'm online..
[48/128]	I'm online..
Mapping frequencies from 128 processes to 128 CPUs...
[57/128]	I'm online..
[7/128]	I'm online..
[42/128]	I'm online..
[92/128]	I'm online..
[74/128]	I'm online..
[50/128]	I'm online..
[64/128]	I'm online..
[120/128]	I'm online..
[4/128]	I'm online..
[26/128]	I'm online..
[89/128]	I'm online..
[19/128]	I'm online..
[49/128]	I'm online..
[107/128]	I'm online..
[101/128]	I'm online..
[36/128]	I'm online..
[54/128]	I'm online..
[52/128]	I'm online..
[73/128]	I'm online..
[78/128]	I'm online..
[81/128]	I'm online..
[66/128]	I'm online..
[71/128]	I'm online..
[84/128]	I'm online..
[94/128]	I'm online..
[103/128]	I'm online..
[110/128]	I'm online..
[117/128]	I'm online..
[121/128]	I'm online..
[124/128]	I'm online..
[68/128]	I'm online..
---------------- EAR 5.1 MPI enabled ----------------
                   App/user id: 'hratio_l20'/'ovaneck2'
    Node/job id/step_id/app_id: 'tcn9'/'11500501'/'17'/'3616093'
     P_STATE/frequency (turbo): 0/2600000 (0)
    Tasks/nodes/ppn/node_ratio: 128/1/128/1.000
             Policy (learning): monitoring (0)
Policy threshold/Perf accuracy: 0.00/10000000.00
   DynAIS levels/window/AVX512: 10/200/2
                      VAR path: /var/ear
           EAR privileged user: 0
                       EARL on: 1 
                  Max CPU freq: 2600000
-------------------------------------------------------
EAR initialized successfully.
[1/128]	I'm online..
Warning, going to time guided because low number of MPI calls per second current 0.222222 
EAR[3616093](hratio_l20) at 2.60/1.47 in tcn9 MR[0] elapsed 34 sec.: [32mLoop time: 1.007s DC Power: [35m462.1W[32m DRAM power: 0.00W PCK power: 445.78W
	avg. CPUFreq: 2.57GHz avg. IMCFreq: 1.47GHz Next Frequency 2.60
	CPI: 0.395 VPI: 0.00, Mem. bwidth: 0.11GB/s GFLOPS: 0.00 I/O: 0.11MB/s No MPI  
	TPI 0.01 Cache miss rates: L1 5.76GB/s L2 0.01GB/s L3 0.00GB/s
	Total MPI calls 3
	IO DATA: rchar 4551 wchar 6440 syscr 50 syscw 5 read_bytes 0 write_bytes 12288
	Process OS info: (pid 3616093 state R utime 994 stime 1 cutime 0 cstime 0 CPU usage 98)
	CPU temperature (celsius): socket 0: 63 socket 1: 71[0m
EAR[3616093](hratio_l20) at 2.60/1.47 in tcn9 MR[0] elapsed 46 sec.: [32mLoop time: 1.122s DC Power: [35m503.1W[32m DRAM power: 0.00W PCK power: 451.66W
	avg. CPUFreq: 2.57GHz avg. IMCFreq: 1.47GHz Next Frequency 2.60
	CPI: 0.349 VPI: 0.00, Mem. bwidth: 0.13GB/s GFLOPS: 0.00 I/O: 0.01MB/s No MPI  
	TPI 0.02 Cache miss rates: L1 2.47GB/s L2 0.00GB/s L3 0.00GB/s
	Total MPI calls 3
	IO DATA: rchar 5143 wchar 9426 syscr 72 syscw 30 read_bytes 0 write_bytes 294912
	Process OS info: (pid 3616093 state R utime 1105 stime 1 cutime 0 cstime 0 CPU usage 98)
	CPU temperature (celsius): socket 0: 64 socket 1: 73[0m
[34m[tcn9][0][INFO] [0mScope APP master 1 elapsed 0.000000
------------------------------------ Application Summary [tcn9] ------------------------------------
--- App id: hratio_l20 / user id: ovaneck2 / account: vusei12999 / job.step: 11500501.17.3616093 ---


(mpi_sig) Wall time: 50.701 s, nominal freq.: 2.60 GHz, avg. freq: 2.57 GHz, avg imc freq: 1.47 GHz
          Avg. mpi_time/exec_time 74.2 %

          tasks: 128

          CPI/TPI: 0.378/0.047, GB/s: 0.309, GFLOPS: 0.000, IO: 0.664 (MB/s)
          DC/DRAM/PCK power: 483.456/0.000/426.939 (W) GFlops/Watts 0.000


----------------------------------------------------------------------------------------------------
[72/128]	Finalized MPI..
[82/128]	Finalized MPI..
[56/128]	Finalized MPI..
[70/128]	Finalized MPI..
[1/128]	Finalized MPI..
[104/128]	Finalized MPI..
[53/128]	Finalized MPI..
[3/128]	Finalized MPI..
[128/128]	Finalized MPI..
[48/128]	Finalized MPI..
[37/128]	Finalized MPI..
[46/128]	Finalized MPI..
[13/128]	Finalized MPI..
[73/128]	Finalized MPI..
[78/128]	Finalized MPI..
[102/128]	Finalized MPI..
[61/128]	Finalized MPI..
[88/128]	Finalized MPI..
[39/128]	Finalized MPI..
[91/128]	Finalized MPI..
[34/128]	Finalized MPI..
[69/128]	Finalized MPI..
[18/128]	Finalized MPI..
[52/128]	Finalized MPI..
[83/128]	Finalized MPI..
[45/128]	Finalized MPI..
[31/128]	Finalized MPI..
[29/128]	Finalized MPI..
[111/128]	Finalized MPI..
[44/128]	Finalized MPI..
[2/128]	Finalized MPI..
[9/128]	Finalized MPI..
[124/128]	Finalized MPI..
[79/128]	Finalized MPI..
[103/128]	Finalized MPI..
[54/128]	Finalized MPI..
[117/128]	Finalized MPI..
[116/128]	Finalized MPI..
[127/128]	Finalized MPI..
[125/128]	Finalized MPI..
[86/128]	Finalized MPI..
[65/128]	Finalized MPI..
[66/128]	Finalized MPI..
[57/128]	Finalized MPI..
[41/128]	Finalized MPI..
[43/128]	Finalized MPI..
[112/128]	Finalized MPI..
[40/128]	Finalized MPI..
[99/128]	Finalized MPI..
[23/128]	Finalized MPI..
[16/128]	Finalized MPI..
[107/128]	Finalized MPI..
[71/128]	Finalized MPI..
[109/128]	Finalized MPI..
[98/128]	Finalized MPI..
[122/128]	Finalized MPI..
[60/128]	Finalized MPI..
[17/128]	Finalized MPI..
[59/128]	Finalized MPI..
[10/128]	Finalized MPI..
[121/128]	Finalized MPI..
[100/128]	Finalized MPI..
[74/128]	Finalized MPI..
[115/128]	Finalized MPI..
[81/128]	Finalized MPI..
[25/128]	Finalized MPI..
[92/128]	Finalized MPI..
[55/128]	Finalized MPI..
[47/128]	Finalized MPI..
[64/128]	Finalized MPI..
[108/128]	Finalized MPI..
[105/128]	Finalized MPI..
[36/128]	Finalized MPI..
[94/128]	Finalized MPI..
[101/128]	Finalized MPI..
[33/128]	Finalized MPI..
[85/128]	Finalized MPI..
[118/128]	Finalized MPI..
[67/128]	Finalized MPI..
[49/128]	Finalized MPI..
[97/128]	Finalized MPI..
[30/128]	Finalized MPI..
[32/128]	Finalized MPI..
[19/128]	Finalized MPI..
[22/128]	Finalized MPI..
[76/128]	Finalized MPI..
[35/128]	Finalized MPI..
[24/128]	Finalized MPI..
[114/128]	Finalized MPI..
[126/128]	Finalized MPI..
[62/128]	Finalized MPI..
[106/128]	Finalized MPI..
[68/128]	Finalized MPI..
[123/128]	Finalized MPI..
[113/128]	Finalized MPI..
[28/128]	Finalized MPI..
[93/128]	Finalized MPI..
[12/128]	Finalized MPI..
[96/128]	Finalized MPI..
[84/128]	Finalized MPI..
[42/128]	Finalized MPI..
[63/128]	Finalized MPI..
[75/128]	Finalized MPI..
[27/128]	Finalized MPI..
[8/128]	Finalized MPI..
[14/128]	Finalized MPI..
[15/128]	Finalized MPI..
[90/128]	Finalized MPI..
[26/128]	Finalized MPI..
[89/128]	Finalized MPI..
[119/128]	Finalized MPI..
[80/128]	Finalized MPI..
[58/128]	Finalized MPI..
[51/128]	Finalized MPI..
[120/128]	Finalized MPI..
[50/128]	Finalized MPI..
[87/128]	Finalized MPI..
[95/128]	Finalized MPI..
[77/128]	Finalized MPI..
[20/128]	Finalized MPI..
[21/128]	Finalized MPI..
[38/128]	Finalized MPI..
[5/128]	Finalized MPI..
[11/128]	Finalized MPI..
[110/128]	Finalized MPI..
[7/128]	Finalized MPI..
[6/128]	Finalized MPI..
[4/128]	Finalized MPI..
[EARL][tcn9][3618011] --- EARL INIT [PID: 3618011] [MASTER: 1] ---
[34m[tcn9][0][INFO] [0mK-medoids & roofline strategies not available. Loading default model for the classification
--- EARL loaded APIs ---
MGT_CPUFREQ: EARD
MGT_IMCFREQ: EARD
MGT_PRIO   : DUMMY
MET_CPUFREQ: EARD
MET_IMCFREQ: EARD
MET_ENERGY : EARD
MET_TEMP:    AMD17
MET_BWIDTH : EARD
MET_FLOPS  : PERF
MET_CPI    : PERF
MGT_GPU    : DUMMY
MET_GPU    : DUMMY
L1D: loaded (event PERF_L1D_MISS_LD) 
L2 : loaded (event L2_MISS_FROM_DC) (also in LBW)
L2 : loaded (event L2_MISS_FROM_PF1) (also in LBW)
L2 : loaded (event L2_MISS_FROM_PF2) (also in LBW)

------------------------
[62/128]	I'm online..
[81/128]	I'm online..
[91/128]	I'm online..
[95/128]	I'm online..
[104/128]	I'm online..
[106/128]	I'm online..
[119/128]	I'm online..
[35/128]	I'm online..
[43/128]	I'm online..
[48/128]	I'm online..
[96/128]	I'm online..
[113/128]	I'm online..
[115/128]	I'm online..
[127/128]	I'm online..
[40/128]	I'm online..
[44/128]	I'm online..
[74/128]	I'm online..
[75/128]	I'm online..
[103/128]	I'm online..
[111/128]	I'm online..
[73/128]	I'm online..
[77/128]	I'm online..
[19/128]	I'm online..
[34/128]	I'm online..
[45/128]	I'm online..
[61/128]	I'm online..
[107/128]	I'm online..
[92/128]	I'm online..
[14/128]	I'm online..
[47/128]	I'm online..
[42/128]	I'm online..
[57/128]	I'm online..
[105/128]	I'm online..
[17/128]	I'm online..
[69/128]	I'm online..
[25/128]	I'm online..
[50/128]	I'm online..
[41/128]	I'm online..
[85/128]	I'm online..
[87/128]	I'm online..
[88/128]	I'm online..
[79/128]	I'm online..
[110/128]	I'm online..
[86/128]	I'm online..
Mapping frequencies from 128 processes to 128 CPUs...
[11/128]	I'm online..
[112/128]	I'm online..
[23/128]	I'm online..
[60/128]	I'm online..
[7/128]	I'm online..
[120/128]	I'm online..
[128/128]	I'm online..
[4/128]	I'm online..
[31/128]	I'm online..
[118/128]	I'm online..
[53/128]	I'm online..
[6/128]	I'm online..
[8/128]	I'm online..
[97/128]	I'm online..
[55/128]	I'm online..
[114/128]	I'm online..
[124/128]	I'm online..
[49/128]	I'm online..
[63/128]	I'm online..
[123/128]	I'm online..
[26/128]	I'm online..
[15/128]	I'm online..
[71/128]	I'm online..
[65/128]	I'm online..
[20/128]	I'm online..
[30/128]	I'm online..
[90/128]	I'm online..
[32/128]	I'm online..
[28/128]	I'm online..
[109/128]	I'm online..
[2/128]	I'm online..
[13/128]	I'm online..
[80/128]	I'm online..
[76/128]	I'm online..
[101/128]	I'm online..
[37/128]	I'm online..
[84/128]	I'm online..
[116/128]	I'm online..
[52/128]	I'm online..
[3/128]	I'm online..
[21/128]	I'm online..
[22/128]	I'm online..
[18/128]	I'm online..
[78/128]	I'm online..
[89/128]	I'm online..
[38/128]	I'm online..
[121/128]	I'm online..
[46/128]	I'm online..
[29/128]	I'm online..
[59/128]	I'm online..
[100/128]	I'm online..
[9/128]	I'm online..
[10/128]	I'm online..
[98/128]	I'm online..
[126/128]	I'm online..
[93/128]	I'm online..
[94/128]	I'm online..
[58/128]	I'm online..
[64/128]	I'm online..
[33/128]	I'm online..
[39/128]	I'm online..
[5/128]	I'm online..
[82/128]	I'm online..
[16/128]	I'm online..
[36/128]	I'm online..
[27/128]	I'm online..
[51/128]	I'm online..
[68/128]	I'm online..
[24/128]	I'm online..
[83/128]	I'm online..
[54/128]	I'm online..
[66/128]	I'm online..
[67/128]	I'm online..
[70/128]	I'm online..
[72/128]	I'm online..
[102/128]	I'm online..
[108/128]	I'm online..
[117/128]	I'm online..
[122/128]	I'm online..
[125/128]	I'm online..
[12/128]	I'm online..
[99/128]	I'm online..
[56/128]	I'm online..
---------------- EAR 5.1 MPI enabled ----------------
                   App/user id: 'hratio_l20'/'ovaneck2'
    Node/job id/step_id/app_id: 'tcn9'/'11500501'/'18'/'3618011'
     P_STATE/frequency (turbo): 0/2600000 (0)
    Tasks/nodes/ppn/node_ratio: 128/1/128/1.000
             Policy (learning): monitoring (0)
Policy threshold/Perf accuracy: 0.00/10000000.00
   DynAIS levels/window/AVX512: 10/200/2
                      VAR path: /var/ear
           EAR privileged user: 0
                       EARL on: 1 
                  Max CPU freq: 2600000
-------------------------------------------------------
EAR initialized successfully.
[1/128]	I'm online..
Warning, going to time guided because low number of MPI calls per second current 0.333333 
EAR[3618011](hratio_l20) at 2.60/1.47 in tcn9 MR[0] elapsed 34 sec.: [32mLoop time: 1.007s DC Power: [35m452.5W[32m DRAM power: 0.00W PCK power: 438.98W
	avg. CPUFreq: 2.57GHz avg. IMCFreq: 1.47GHz Next Frequency 2.60
	CPI: 0.415 VPI: 0.00, Mem. bwidth: 0.15GB/s GFLOPS: 0.00 I/O: 0.11MB/s No MPI  
	TPI 0.02 Cache miss rates: L1 2.37GB/s L2 0.01GB/s L3 0.00GB/s
	Total MPI calls 3
	IO DATA: rchar 4550 wchar 6440 syscr 50 syscw 5 read_bytes 0 write_bytes 12288
	Process OS info: (pid 3618011 state R utime 984 stime 0 cutime 0 cstime 0 CPU usage 97)
	CPU temperature (celsius): socket 0: 63 socket 1: 72[0m
EAR[3618011](hratio_l20) at 2.60/1.47 in tcn9 MR[0] elapsed 46 sec.: [32mLoop time: 1.122s DC Power: [35m491.2W[32m DRAM power: 0.00W PCK power: 444.77W
	avg. CPUFreq: 2.57GHz avg. IMCFreq: 1.47GHz
	CPI: 0.361 VPI: 0.00, Mem. bwidth: 0.10GB/s GFLOPS: 0.00 I/O: 0.01MB/s No MPI  
	TPI 0.01 Cache miss rates: L1 0.93GB/s L2 0.00GB/s L3 0.00GB/s
	Total MPI calls 3
	IO DATA: rchar 4662 wchar 9426 syscr 52 syscw 30 read_bytes 0 write_bytes 290816
	Process OS info: (pid 3618011 state R utime 1106 stime 1 cutime 0 cstime 0 CPU usage 98)
	CPU temperature (celsius): socket 0: 64 socket 1: 73[0m
EAR[3618011](hratio_l20) at 2.60/1.47 in tcn9 MR[0] elapsed 57 sec.: [32mLoop time: 1.108s DC Power: [35m455.8W[32m DRAM power: 0.00W PCK power: 449.34W
	avg. CPUFreq: 2.57GHz avg. IMCFreq: 1.47GHz
	CPI: 0.354 VPI: 0.00, Mem. bwidth: 0.18GB/s GFLOPS: 0.00 I/O: 0.01MB/s No MPI  
	TPI 0.02 Cache miss rates: L1 1.03GB/s L2 0.00GB/s L3 0.00GB/s
	Total MPI calls 3
	IO DATA: rchar 4606 wchar 8841 syscr 51 syscw 27 read_bytes 0 write_bytes 299008
	Process OS info: (pid 3618011 state R utime 1092 stime 1 cutime 0 cstime 0 CPU usage 98)
	CPU temperature (celsius): socket 0: 65 socket 1: 74[0m
EAR[3618011](hratio_l20) at 2.60/1.47 in tcn9 MR[0] elapsed 68 sec.: [32mLoop time: 1.107s DC Power: [35m515.1W[32m DRAM power: 0.00W PCK power: 451.14W
	avg. CPUFreq: 2.57GHz avg. IMCFreq: 1.47GHz
	CPI: 0.351 VPI: 0.00, Mem. bwidth: 0.12GB/s GFLOPS: 0.00 I/O: 0.01MB/s No MPI  
	TPI 0.02 Cache miss rates: L1 1.12GB/s L2 0.00GB/s L3 0.00GB/s
	Total MPI calls 3
	IO DATA: rchar 4606 wchar 8841 syscr 51 syscw 27 read_bytes 0 write_bytes 299008
	Process OS info: (pid 3618011 state R utime 1091 stime 1 cutime 0 cstime 0 CPU usage 98)
	CPU temperature (celsius): socket 0: 65 socket 1: 74[0m
EAR[3618011](hratio_l20) at 2.60/1.47 in tcn9 MR[0] elapsed 79 sec.: [32mLoop time: 1.107s DC Power: [35m522.0W[32m DRAM power: 0.00W PCK power: 453.52W
	avg. CPUFreq: 2.57GHz avg. IMCFreq: 1.47GHz
	CPI: 0.347 VPI: 0.00, Mem. bwidth: 0.10GB/s GFLOPS: 0.00 I/O: 0.01MB/s No MPI  
	TPI 0.01 Cache miss rates: L1 1.12GB/s L2 0.00GB/s L3 0.00GB/s
	Total MPI calls 3
	IO DATA: rchar 4607 wchar 8841 syscr 51 syscw 27 read_bytes 0 write_bytes 299008
	Process OS info: (pid 3618011 state R utime 1092 stime 0 cutime 0 cstime 0 CPU usage 98)
	CPU temperature (celsius): socket 0: 65 socket 1: 74[0m
EAR[3618011](hratio_l20) at 2.60/1.47 in tcn9 MR[0] elapsed 90 sec.: [32mLoop time: 1.107s DC Power: [35m526.6W[32m DRAM power: 0.00W PCK power: 454.76W
	avg. CPUFreq: 2.57GHz avg. IMCFreq: 1.47GHz
	CPI: 0.345 VPI: 0.00, Mem. bwidth: 0.14GB/s GFLOPS: 0.00 I/O: 0.01MB/s No MPI  
	TPI 0.02 Cache miss rates: L1 1.12GB/s L2 0.00GB/s L3 0.00GB/s
	Total MPI calls 3
	IO DATA: rchar 4607 wchar 8841 syscr 51 syscw 27 read_bytes 0 write_bytes 299008
	Process OS info: (pid 3618011 state R utime 1092 stime 1 cutime 0 cstime 0 CPU usage 98)
	CPU temperature (celsius): socket 0: 65 socket 1: 74[0m
EAR[3618011](hratio_l20) at 2.60/1.47 in tcn9 MR[0] elapsed 101 sec.: [32mLoop time: 1.107s DC Power: [35m528.6W[32m DRAM power: 0.00W PCK power: 454.69W
	avg. CPUFreq: 2.57GHz avg. IMCFreq: 1.47GHz
	CPI: 0.345 VPI: 0.00, Mem. bwidth: 0.10GB/s GFLOPS: 0.00 I/O: 0.01MB/s No MPI  
	TPI 0.01 Cache miss rates: L1 1.13GB/s L2 0.00GB/s L3 0.00GB/s
	Total MPI calls 3
	IO DATA: rchar 4607 wchar 8841 syscr 51 syscw 27 read_bytes 0 write_bytes 303104
	Process OS info: (pid 3618011 state R utime 1091 stime 1 cutime 0 cstime 0 CPU usage 98)
	CPU temperature (celsius): socket 0: 65 socket 1: 75[0m
EAR[3618011](hratio_l20) at 2.60/1.47 in tcn9 MR[0] elapsed 112 sec.: [32mLoop time: 1.108s DC Power: [35m476.8W[32m DRAM power: 0.00W PCK power: 454.64W
	avg. CPUFreq: 2.57GHz avg. IMCFreq: 1.47GHz
	CPI: 0.345 VPI: 0.00, Mem. bwidth: 0.12GB/s GFLOPS: 0.00 I/O: 0.01MB/s No MPI  
	TPI 0.02 Cache miss rates: L1 1.12GB/s L2 0.00GB/s L3 0.00GB/s
	Total MPI calls 3
	IO DATA: rchar 4607 wchar 8842 syscr 51 syscw 27 read_bytes 0 write_bytes 299008
	Process OS info: (pid 3618011 state R utime 1092 stime 0 cutime 0 cstime 0 CPU usage 98)
	CPU temperature (celsius): socket 0: 65 socket 1: 75[0m
[34m[tcn9][0][INFO] [0mScope APP master 1 elapsed 0.000000
------------------------------------ Application Summary [tcn9] ------------------------------------
--- App id: hratio_l20 / user id: ovaneck2 / account: vusei12999 / job.step: 11500501.18.3618011 ---


(mpi_sig) Wall time: 110.851 s, nominal freq.: 2.60 GHz, avg. freq: 2.57 GHz, avg imc freq: 1.47 GHz
          Avg. mpi_time/exec_time 82.4 %

          tasks: 128

          CPI/TPI: 0.366/0.019, GB/s: 0.137, GFLOPS: 0.000, IO: 0.078 (MB/s)
          DC/DRAM/PCK power: 492.899/0.000/442.735 (W) GFlops/Watts 0.000


----------------------------------------------------------------------------------------------------
[27/128]	Finalized MPI..
[87/128]	Finalized MPI..
[60/128]	Finalized MPI..
[70/128]	Finalized MPI..
[118/128]	Finalized MPI..
[74/128]	Finalized MPI..
[51/128]	Finalized MPI..
[71/128]	Finalized MPI..
[36/128]	Finalized MPI..
[121/128]	Finalized MPI..
[127/128]	Finalized MPI..
[88/128]	Finalized MPI..
[102/128]	Finalized MPI..
[81/128]	Finalized MPI..
[63/128]	Finalized MPI..
[41/128]	Finalized MPI..
[104/128]	Finalized MPI..
[18/128]	Finalized MPI..
[125/128]	Finalized MPI..
[40/128]	Finalized MPI..
[97/128]	Finalized MPI..
[52/128]	Finalized MPI..
[76/128]	Finalized MPI..
[79/128]	Finalized MPI..
[75/128]	Finalized MPI..
[42/128]	Finalized MPI..
[83/128]	Finalized MPI..
[58/128]	Finalized MPI..
[39/128]	Finalized MPI..
[65/128]	Finalized MPI..
[68/128]	Finalized MPI..
[1/128]	Finalized MPI..
[122/128]	Finalized MPI..
[33/128]	Finalized MPI..
[46/128]	Finalized MPI..
[67/128]	Finalized MPI..
[34/128]	Finalized MPI..
[13/128]	Finalized MPI..
[119/128]	Finalized MPI..
[32/128]	Finalized MPI..
[123/128]	Finalized MPI..
[90/128]	Finalized MPI..
[126/128]	Finalized MPI..
[5/128]	Finalized MPI..
[84/128]	Finalized MPI..
[37/128]	Finalized MPI..
[56/128]	Finalized MPI..
[120/128]	Finalized MPI..
[94/128]	Finalized MPI..
[110/128]	Finalized MPI..
[59/128]	Finalized MPI..
[19/128]	Finalized MPI..
[115/128]	Finalized MPI..
[114/128]	Finalized MPI..
[35/128]	Finalized MPI..
[128/128]	Finalized MPI..
[43/128]	Finalized MPI..
[64/128]	Finalized MPI..
[8/128]	Finalized MPI..
[12/128]	Finalized MPI..
[112/128]	Finalized MPI..
[80/128]	Finalized MPI..
[105/128]	Finalized MPI..
[101/128]	Finalized MPI..
[108/128]	Finalized MPI..
[14/128]	Finalized MPI..
[17/128]	Finalized MPI..
[78/128]	Finalized MPI..
[49/128]	Finalized MPI..
[72/128]	Finalized MPI..
[38/128]	Finalized MPI..
[54/128]	Finalized MPI..
[124/128]	Finalized MPI..
[22/128]	Finalized MPI..
[23/128]	Finalized MPI..
[57/128]	Finalized MPI..
[44/128]	Finalized MPI..
[95/128]	Finalized MPI..
[91/128]	Finalized MPI..
[66/128]	Finalized MPI..
[11/128]	Finalized MPI..
[98/128]	Finalized MPI..
[50/128]	Finalized MPI..
[86/128]	Finalized MPI..
[6/128]	Finalized MPI..
[7/128]	Finalized MPI..
[2/128]	Finalized MPI..
[117/128]	Finalized MPI..
[85/128]	Finalized MPI..
[61/128]	Finalized MPI..
[3/128]	Finalized MPI..
[69/128]	Finalized MPI..
[53/128]	Finalized MPI..
[55/128]	Finalized MPI..
[107/128]	Finalized MPI..
[30/128]	Finalized MPI..
[116/128]	Finalized MPI..
[77/128]	Finalized MPI..
[103/128]	Finalized MPI..
[62/128]	Finalized MPI..
[89/128]	Finalized MPI..
[16/128]	Finalized MPI..
[4/128]	Finalized MPI..
[106/128]	Finalized MPI..
[47/128]	Finalized MPI..
[92/128]	Finalized MPI..
[100/128]	Finalized MPI..
[10/128]	Finalized MPI..
[73/128]	Finalized MPI..
[96/128]	Finalized MPI..
[82/128]	Finalized MPI..
[21/128]	Finalized MPI..
[24/128]	Finalized MPI..
[25/128]	Finalized MPI..
[109/128]	Finalized MPI..
[26/128]	Finalized MPI..
[113/128]	Finalized MPI..
[111/128]	Finalized MPI..
[20/128]	Finalized MPI..
[29/128]	Finalized MPI..
[99/128]	Finalized MPI..
[93/128]	Finalized MPI..
[45/128]	Finalized MPI..
[48/128]	Finalized MPI..
[15/128]	Finalized MPI..
[31/128]	Finalized MPI..
[9/128]	Finalized MPI..
[28/128]	Finalized MPI..
[EARL][tcn9][3620023] --- EARL INIT [PID: 3620023] [MASTER: 1] ---
[34m[tcn9][0][INFO] [0mK-medoids & roofline strategies not available. Loading default model for the classification
--- EARL loaded APIs ---
MGT_CPUFREQ: EARD
MGT_IMCFREQ: EARD
MGT_PRIO   : DUMMY
MET_CPUFREQ: EARD
MET_IMCFREQ: EARD
MET_ENERGY : EARD
MET_TEMP:    AMD17
MET_BWIDTH : EARD
MET_FLOPS  : PERF
MET_CPI    : PERF
MGT_GPU    : DUMMY
MET_GPU    : DUMMY
L1D: loaded (event PERF_L1D_MISS_LD) 
L2 : loaded (event L2_MISS_FROM_DC) (also in LBW)
L2 : loaded (event L2_MISS_FROM_PF1) (also in LBW)
L2 : loaded (event L2_MISS_FROM_PF2) (also in LBW)

------------------------
[71/128]	I'm online..
[124/128]	I'm online..
[50/128]	I'm online..
[72/128]	I'm online..
[90/128]	I'm online..
[116/128]	I'm online..
[120/128]	I'm online..
[126/128]	I'm online..
[9/128]	I'm online..
[62/128]	I'm online..
[23/128]	I'm online..
[45/128]	I'm online..
[78/128]	I'm online..
[106/128]	I'm online..
[2/128]	I'm online..
[128/128]	I'm online..
[41/128]	I'm online..
[86/128]	I'm online..
[107/128]	I'm online..
[114/128]	I'm online..
[22/128]	I'm online..
[66/128]	I'm online..
[96/128]	I'm online..
[14/128]	I'm online..
[21/128]	I'm online..
[108/128]	I'm online..
[6/128]	I'm online..
[57/128]	I'm online..
[79/128]	I'm online..
[13/128]	I'm online..
[55/128]	I'm online..
[56/128]	I'm online..
[48/128]	I'm online..
[19/128]	I'm online..
[28/128]	I'm online..
[121/128]	I'm online..
[33/128]	I'm online..
[16/128]	I'm online..
[25/128]	I'm online..
[49/128]	I'm online..
[51/128]	I'm online..
[37/128]	I'm online..
[39/128]	I'm online..
[70/128]	I'm online..
[109/128]	I'm online..
[27/128]	I'm online..
[30/128]	I'm online..
[95/128]	I'm online..
[42/128]	I'm online..
[94/128]	I'm online..
[115/128]	I'm online..
[122/128]	I'm online..
[92/128]	I'm online..
[102/128]	I'm online..
[123/128]	I'm online..
[61/128]	I'm online..
[99/128]	I'm online..
[112/128]	I'm online..
[20/128]	I'm online..
[125/128]	I'm online..
Mapping frequencies from 128 processes to 128 CPUs...
[52/128]	I'm online..
[117/128]	I'm online..
[10/128]	I'm online..
[40/128]	I'm online..
[44/128]	I'm online..
[47/128]	I'm online..
[58/128]	I'm online..
[69/128]	I'm online..
[81/128]	I'm online..
[93/128]	I'm online..
[8/128]	I'm online..
[32/128]	I'm online..
[36/128]	I'm online..
[46/128]	I'm online..
[54/128]	I'm online..
[68/128]	I'm online..
[73/128]	I'm online..
[74/128]	I'm online..
[75/128]	I'm online..
[83/128]	I'm online..
[84/128]	I'm online..
[100/128]	I'm online..
[101/128]	I'm online..
[127/128]	I'm online..
[64/128]	I'm online..
[67/128]	I'm online..
[87/128]	I'm online..
[17/128]	I'm online..
[18/128]	I'm online..
[82/128]	I'm online..
[26/128]	I'm online..
[63/128]	I'm online..
[7/128]	I'm online..
[35/128]	I'm online..
[89/128]	I'm online..
[43/128]	I'm online..
[80/128]	I'm online..
[12/128]	I'm online..
[38/128]	I'm online..
[85/128]	I'm online..
[111/128]	I'm online..
[29/128]	I'm online..
[53/128]	I'm online..
[24/128]	I'm online..
[113/128]	I'm online..
[4/128]	I'm online..
[34/128]	I'm online..
[15/128]	I'm online..
[59/128]	I'm online..
[65/128]	I'm online..
[119/128]	I'm online..
[5/128]	I'm online..
[11/128]	I'm online..
[77/128]	I'm online..
[88/128]	I'm online..
[31/128]	I'm online..
[76/128]	I'm online..
[91/128]	I'm online..
[98/128]	I'm online..
[103/128]	I'm online..
[118/128]	I'm online..
[3/128]	I'm online..
[97/128]	I'm online..
[104/128]	I'm online..
[105/128]	I'm online..
[110/128]	I'm online..
[60/128]	I'm online..
---------------- EAR 5.1 MPI enabled ----------------
                   App/user id: 'hratio_l20'/'ovaneck2'
    Node/job id/step_id/app_id: 'tcn9'/'11500501'/'19'/'3620023'
     P_STATE/frequency (turbo): 0/2600000 (0)
    Tasks/nodes/ppn/node_ratio: 128/1/128/1.000
             Policy (learning): monitoring (0)
Policy threshold/Perf accuracy: 0.00/10000000.00
   DynAIS levels/window/AVX512: 10/200/2
                      VAR path: /var/ear
           EAR privileged user: 0
                       EARL on: 1 
                  Max CPU freq: 2600000
-------------------------------------------------------
EAR initialized successfully.
[1/128]	I'm online..
Warning, going to time guided because low number of MPI calls per second current 0.250000 
EAR[3620023](hratio_l20) at 2.60/1.47 in tcn9 MR[0] elapsed 34 sec.: [32mLoop time: 1.007s DC Power: [35m452.0W[32m DRAM power: 0.00W PCK power: 440.20W
	avg. CPUFreq: 2.57GHz avg. IMCFreq: 1.47GHz Next Frequency 2.60
	CPI: 0.419 VPI: 0.00, Mem. bwidth: 0.10GB/s GFLOPS: 0.00 I/O: 0.11MB/s No MPI  
	TPI 0.01 Cache miss rates: L1 3.76GB/s L2 0.01GB/s L3 0.00GB/s
	Total MPI calls 3
	IO DATA: rchar 4548 wchar 6440 syscr 50 syscw 5 read_bytes 0 write_bytes 12288
	Process OS info: (pid 3620023 state R utime 994 stime 0 cutime 0 cstime 0 CPU usage 98)
	CPU temperature (celsius): socket 0: 63 socket 1: 72[0m
EAR[3620023](hratio_l20) at 2.60/1.47 in tcn9 MR[0] elapsed 45 sec.: [32mLoop time: 1.122s DC Power: [35m439.9W[32m DRAM power: 0.00W PCK power: 447.51W
	avg. CPUFreq: 2.57GHz avg. IMCFreq: 1.47GHz
	CPI: 0.357 VPI: 0.00, Mem. bwidth: 0.12GB/s GFLOPS: 0.00 I/O: 0.01MB/s No MPI  
	TPI 0.02 Cache miss rates: L1 1.15GB/s L2 0.00GB/s L3 0.00GB/s
	Total MPI calls 3
	IO DATA: rchar 4660 wchar 9426 syscr 52 syscw 30 read_bytes 0 write_bytes 290816
	Process OS info: (pid 3620023 state R utime 1107 stime 0 cutime 0 cstime 0 CPU usage 98)
	CPU temperature (celsius): socket 0: 65 socket 1: 74[0m
EAR[3620023](hratio_l20) at 2.60/1.47 in tcn9 MR[0] elapsed 57 sec.: [32mLoop time: 1.107s DC Power: [35m509.2W[32m DRAM power: 0.00W PCK power: 452.39W
	avg. CPUFreq: 2.57GHz avg. IMCFreq: 1.47GHz
	CPI: 0.350 VPI: 0.00, Mem. bwidth: 0.13GB/s GFLOPS: 0.00 I/O: 0.01MB/s No MPI  
	TPI 0.02 Cache miss rates: L1 1.16GB/s L2 0.00GB/s L3 0.00GB/s
	Total MPI calls 3
	IO DATA: rchar 4604 wchar 8841 syscr 51 syscw 27 read_bytes 0 write_bytes 303104
	Process OS info: (pid 3620023 state R utime 1094 stime 0 cutime 0 cstime 0 CPU usage 98)
	CPU temperature (celsius): socket 0: 65 socket 1: 74[0m
EAR[3620023](hratio_l20) at 2.60/1.47 in tcn9 MR[0] elapsed 68 sec.: [32mLoop time: 1.108s DC Power: [35m518.8W[32m DRAM power: 0.00W PCK power: 454.06W
	avg. CPUFreq: 2.57GHz avg. IMCFreq: 1.47GHz
	CPI: 0.347 VPI: 0.00, Mem. bwidth: 0.11GB/s GFLOPS: 0.00 I/O: 0.01MB/s No MPI  
	TPI 0.01 Cache miss rates: L1 1.02GB/s L2 0.00GB/s L3 0.00GB/s
	Total MPI calls 3
	IO DATA: rchar 4604 wchar 8841 syscr 51 syscw 27 read_bytes 0 write_bytes 299008
	Process OS info: (pid 3620023 state R utime 1094 stime 0 cutime 0 cstime 0 CPU usage 98)
	CPU temperature (celsius): socket 0: 65 socket 1: 74[0m
[34m[tcn9][0][INFO] [0mScope APP master 1 elapsed 0.000000
------------------------------------ Application Summary [tcn9] ------------------------------------
--- App id: hratio_l20 / user id: ovaneck2 / account: vusei12999 / job.step: 11500501.19.3620023 ---


(mpi_sig) Wall time: 68.268 s, nominal freq.: 2.60 GHz, avg. freq: 2.57 GHz, avg imc freq: 1.47 GHz
          Avg. mpi_time/exec_time 73.2 %

          tasks: 128

          CPI/TPI: 0.380/0.020, GB/s: 0.142, GFLOPS: 0.000, IO: 0.117 (MB/s)
          DC/DRAM/PCK power: 480.611/0.000/436.212 (W) GFlops/Watts 0.000


----------------------------------------------------------------------------------------------------
[37/128]	Finalized MPI..
[40/128]	Finalized MPI..
[89/128]	Finalized MPI..
[54/128]	Finalized MPI..
[116/128]	Finalized MPI..
[119/128]	Finalized MPI..
[114/128]	Finalized MPI..
[55/128]	Finalized MPI..
[58/128]	Finalized MPI..
[97/128]	Finalized MPI..
[74/128]	Finalized MPI..
[21/128]	Finalized MPI..
[83/128]	Finalized MPI..
[126/128]	Finalized MPI..
[79/128]	Finalized MPI..
[36/128]	Finalized MPI..
[4/128]	Finalized MPI..
[46/128]	Finalized MPI..
[48/128]	Finalized MPI..
[96/128]	Finalized MPI..
[118/128]	Finalized MPI..
[25/128]	Finalized MPI..
[104/128]	Finalized MPI..
[38/128]	Finalized MPI..
[100/128]	Finalized MPI..
[69/128]	Finalized MPI..
[102/128]	Finalized MPI..
[95/128]	Finalized MPI..
[73/128]	Finalized MPI..
[52/128]	Finalized MPI..
[56/128]	Finalized MPI..
[67/128]	Finalized MPI..
[113/128]	Finalized MPI..
[99/128]	Finalized MPI..
[94/128]	Finalized MPI..
[127/128]	Finalized MPI..
[53/128]	Finalized MPI..
[20/128]	Finalized MPI..
[60/128]	Finalized MPI..
[15/128]	Finalized MPI..
[44/128]	Finalized MPI..
[3/128]	Finalized MPI..
[122/128]	Finalized MPI..
[27/128]	Finalized MPI..
[125/128]	Finalized MPI..
[124/128]	Finalized MPI..
[128/128]	Finalized MPI..
[5/128]	Finalized MPI..
[14/128]	Finalized MPI..
[65/128]	Finalized MPI..
[84/128]	Finalized MPI..
[71/128]	Finalized MPI..
[87/128]	Finalized MPI..
[11/128]	Finalized MPI..
[45/128]	Finalized MPI..
[39/128]	Finalized MPI..
[33/128]	Finalized MPI..
[123/128]	Finalized MPI..
[121/128]	Finalized MPI..
[82/128]	Finalized MPI..
[93/128]	Finalized MPI..
[32/128]	Finalized MPI..
[108/128]	Finalized MPI..
[63/128]	Finalized MPI..
[49/128]	Finalized MPI..
[35/128]	Finalized MPI..
[70/128]	Finalized MPI..
[12/128]	Finalized MPI..
[92/128]	Finalized MPI..
[80/128]	Finalized MPI..
[51/128]	Finalized MPI..
[64/128]	Finalized MPI..
[112/128]	Finalized MPI..
[18/128]	Finalized MPI..
[75/128]	Finalized MPI..
[57/128]	Finalized MPI..
[115/128]	Finalized MPI..
[90/128]	Finalized MPI..
[29/128]	Finalized MPI..
[1/128]	Finalized MPI..
[111/128]	Finalized MPI..
[23/128]	Finalized MPI..
[109/128]	Finalized MPI..
[43/128]	Finalized MPI..
[110/128]	Finalized MPI..
[107/128]	Finalized MPI..
[120/128]	Finalized MPI..
[81/128]	Finalized MPI..
[76/128]	Finalized MPI..
[68/128]	Finalized MPI..
[106/128]	Finalized MPI..
[91/128]	Finalized MPI..
[28/128]	Finalized MPI..
[6/128]	Finalized MPI..
[7/128]	Finalized MPI..
[9/128]	Finalized MPI..
[72/128]	Finalized MPI..
[47/128]	Finalized MPI..
[105/128]	Finalized MPI..
[22/128]	Finalized MPI..
[10/128]	Finalized MPI..
[50/128]	Finalized MPI..
[88/128]	Finalized MPI..
[61/128]	Finalized MPI..
[8/128]	Finalized MPI..
[19/128]	Finalized MPI..
[34/128]	Finalized MPI..
[86/128]	Finalized MPI..
[85/128]	Finalized MPI..
[62/128]	Finalized MPI..
[42/128]	Finalized MPI..
[17/128]	Finalized MPI..
[2/128]	Finalized MPI..
[31/128]	Finalized MPI..
[41/128]	Finalized MPI..
[30/128]	Finalized MPI..
[77/128]	Finalized MPI..
[103/128]	Finalized MPI..
[101/128]	Finalized MPI..
[98/128]	Finalized MPI..
[59/128]	Finalized MPI..
[117/128]	Finalized MPI..
[16/128]	Finalized MPI..
[13/128]	Finalized MPI..
[78/128]	Finalized MPI..
[66/128]	Finalized MPI..
[26/128]	Finalized MPI..
[24/128]	Finalized MPI..
[EARL][tcn9][3621948] --- EARL INIT [PID: 3621948] [MASTER: 1] ---
[34m[tcn9][0][INFO] [0mK-medoids & roofline strategies not available. Loading default model for the classification
--- EARL loaded APIs ---
MGT_CPUFREQ: EARD
MGT_IMCFREQ: EARD
MGT_PRIO   : DUMMY
MET_CPUFREQ: EARD
MET_IMCFREQ: EARD
MET_ENERGY : EARD
MET_TEMP:    AMD17
MET_BWIDTH : EARD
MET_FLOPS  : PERF
MET_CPI    : PERF
MGT_GPU    : DUMMY
MET_GPU    : DUMMY
L1D: loaded (event PERF_L1D_MISS_LD) 
L2 : loaded (event L2_MISS_FROM_DC) (also in LBW)
L2 : loaded (event L2_MISS_FROM_PF1) (also in LBW)
L2 : loaded (event L2_MISS_FROM_PF2) (also in LBW)

------------------------
[49/128]	I'm online..
[120/128]	I'm online..
[82/128]	I'm online..
[14/128]	I'm online..
[33/128]	I'm online..
[55/128]	I'm online..
[76/128]	I'm online..
[77/128]	I'm online..
[86/128]	I'm online..
[103/128]	I'm online..
[126/128]	I'm online..
[25/128]	I'm online..
[45/128]	I'm online..
[73/128]	I'm online..
[74/128]	I'm online..
[7/128]	I'm online..
[83/128]	I'm online..
[104/128]	I'm online..
[41/128]	I'm online..
[43/128]	I'm online..
[44/128]	I'm online..
[72/128]	I'm online..
[97/128]	I'm online..
[92/128]	I'm online..
[53/128]	I'm online..
[32/128]	I'm online..
[121/128]	I'm online..
[66/128]	I'm online..
[39/128]	I'm online..
[65/128]	I'm online..
[118/128]	I'm online..
[91/128]	I'm online..
Mapping frequencies from 128 processes to 128 CPUs...
[106/128]	I'm online..
[12/128]	I'm online..
[10/128]	I'm online..
[19/128]	I'm online..
[22/128]	I'm online..
[24/128]	I'm online..
[36/128]	I'm online..
[16/128]	I'm online..
[109/128]	I'm online..
[50/128]	I'm online..
[93/128]	I'm online..
[23/128]	I'm online..
[64/128]	I'm online..
[115/128]	I'm online..
[85/128]	I'm online..
[31/128]	I'm online..
[62/128]	I'm online..
[71/128]	I'm online..
[27/128]	I'm online..
[56/128]	I'm online..
[101/128]	I'm online..
[35/128]	I'm online..
[81/128]	I'm online..
[21/128]	I'm online..
[38/128]	I'm online..
[4/128]	I'm online..
[125/128]	I'm online..
[99/128]	I'm online..
[40/128]	I'm online..
[34/128]	I'm online..
[46/128]	I'm online..
[51/128]	I'm online..
[88/128]	I'm online..
[6/128]	I'm online..
[61/128]	I'm online..
[78/128]	I'm online..
[54/128]	I'm online..
[15/128]	I'm online..
[63/128]	I'm online..
[20/128]	I'm online..
[42/128]	I'm online..
[59/128]	I'm online..
[94/128]	I'm online..
[2/128]	I'm online..
[84/128]	I'm online..
[128/128]	I'm online..
[70/128]	I'm online..
[68/128]	I'm online..
[80/128]	I'm online..
[89/128]	I'm online..
[107/128]	I'm online..
[111/128]	I'm online..
[114/128]	I'm online..
[3/128]	I'm online..
[18/128]	I'm online..
[98/128]	I'm online..
[108/128]	I'm online..
[127/128]	I'm online..
[13/128]	I'm online..
[28/128]	I'm online..
[30/128]	I'm online..
[26/128]	I'm online..
[5/128]	I'm online..
[8/128]	I'm online..
[79/128]	I'm online..
[75/128]	I'm online..
[95/128]	I'm online..
[116/128]	I'm online..
[60/128]	I'm online..
[47/128]	I'm online..
[112/128]	I'm online..
[52/128]	I'm online..
[57/128]	I'm online..
[90/128]	I'm online..
[87/128]	I'm online..
[117/128]	I'm online..
[11/128]	I'm online..
[48/128]	I'm online..
[110/128]	I'm online..
[124/128]	I'm online..
[9/128]	I'm online..
[37/128]	I'm online..
[17/128]	I'm online..
[29/128]	I'm online..
[58/128]	I'm online..
[67/128]	I'm online..
[69/128]	I'm online..
[100/128]	I'm online..
[122/128]	I'm online..
[96/128]	I'm online..
[102/128]	I'm online..
[105/128]	I'm online..
[113/128]	I'm online..
[119/128]	I'm online..
[123/128]	I'm online..
---------------- EAR 5.1 MPI enabled ----------------
                   App/user id: 'hratio_l20'/'ovaneck2'
    Node/job id/step_id/app_id: 'tcn9'/'11500501'/'20'/'3621948'
     P_STATE/frequency (turbo): 0/2600000 (0)
    Tasks/nodes/ppn/node_ratio: 128/1/128/1.000
             Policy (learning): monitoring (0)
Policy threshold/Perf accuracy: 0.00/10000000.00
   DynAIS levels/window/AVX512: 10/200/2
                      VAR path: /var/ear
           EAR privileged user: 0
                       EARL on: 1 
                  Max CPU freq: 2600000
-------------------------------------------------------
EAR initialized successfully.
[1/128]	I'm online..
Warning, going to time guided because low number of MPI calls per second current 2.000000 
EAR[3621948](hratio_l20) at 2.60/1.47 in tcn9 MR[0] elapsed 34 sec.: [32mLoop time: 1.007s DC Power: [35m457.6W[32m DRAM power: 0.00W PCK power: 436.40W
	avg. CPUFreq: 2.57GHz avg. IMCFreq: 1.47GHz Next Frequency 2.60
	CPI: 0.424 VPI: 0.00, Mem. bwidth: 0.11GB/s GFLOPS: 0.00 I/O: 0.11MB/s No MPI  
	TPI 0.01 Cache miss rates: L1 0.72GB/s L2 0.01GB/s L3 0.00GB/s
	Total MPI calls 3
	IO DATA: rchar 4553 wchar 6440 syscr 50 syscw 5 read_bytes 0 write_bytes 8192
	Process OS info: (pid 3621948 state R utime 994 stime 1 cutime 0 cstime 0 CPU usage 98)
	CPU temperature (celsius): socket 0: 63 socket 1: 71[0m
EAR[3621948](hratio_l20) at 2.60/1.47 in tcn9 MR[0] elapsed 45 sec.: [32mLoop time: 1.122s DC Power: [35m488.1W[32m DRAM power: 0.00W PCK power: 445.24W
	avg. CPUFreq: 2.57GHz avg. IMCFreq: 1.47GHz
	CPI: 0.360 VPI: 0.00, Mem. bwidth: 0.10GB/s GFLOPS: 0.00 I/O: 0.01MB/s No MPI  
	TPI 0.01 Cache miss rates: L1 0.02GB/s L2 0.00GB/s L3 0.00GB/s
	Total MPI calls 3
	IO DATA: rchar 4665 wchar 9425 syscr 52 syscw 30 read_bytes 0 write_bytes 286720
	Process OS info: (pid 3621948 state R utime 1107 stime 0 cutime 0 cstime 0 CPU usage 98)
	CPU temperature (celsius): socket 0: 65 socket 1: 73[0m
EAR[3621948](hratio_l20) at 2.60/1.47 in tcn9 MR[0] elapsed 57 sec.: [32mLoop time: 1.108s DC Power: [35m505.9W[32m DRAM power: 0.00W PCK power: 451.25W
	avg. CPUFreq: 2.57GHz avg. IMCFreq: 1.47GHz
	CPI: 0.351 VPI: 0.00, Mem. bwidth: 0.15GB/s GFLOPS: 0.00 I/O: 0.01MB/s No MPI  
	TPI 0.02 Cache miss rates: L1 0.01GB/s L2 0.00GB/s L3 0.00GB/s
	Total MPI calls 3
	IO DATA: rchar 4609 wchar 8841 syscr 51 syscw 27 read_bytes 0 write_bytes 299008
	Process OS info: (pid 3621948 state R utime 1085 stime 1 cutime 0 cstime 0 CPU usage 98)
	CPU temperature (celsius): socket 0: 65 socket 1: 74[0m
EAR[3621948](hratio_l20) at 2.60/1.47 in tcn9 MR[0] elapsed 68 sec.: [32mLoop time: 1.108s DC Power: [35m466.5W[32m DRAM power: 0.00W PCK power: 453.99W
	avg. CPUFreq: 2.57GHz avg. IMCFreq: 1.47GHz
	CPI: 0.346 VPI: 0.00, Mem. bwidth: 0.09GB/s GFLOPS: 0.00 I/O: 0.01MB/s No MPI  
	TPI 0.01 Cache miss rates: L1 0.00GB/s L2 0.00GB/s L3 0.00GB/s
	Total MPI calls 3
	IO DATA: rchar 4609 wchar 8841 syscr 51 syscw 27 read_bytes 0 write_bytes 299008
	Process OS info: (pid 3621948 state R utime 1093 stime 1 cutime 0 cstime 0 CPU usage 98)
	CPU temperature (celsius): socket 0: 65 socket 1: 74[0m
[34m[tcn9][0][INFO] [0mScope APP master 1 elapsed 0.000000
------------------------------------ Application Summary [tcn9] ------------------------------------
--- App id: hratio_l20 / user id: ovaneck2 / account: vusei12999 / job.step: 11500501.20.3621948 ---


(mpi_sig) Wall time: 74.975 s, nominal freq.: 2.60 GHz, avg. freq: 2.57 GHz, avg imc freq: 1.47 GHz
          Avg. mpi_time/exec_time 73.2 %

          tasks: 128

          CPI/TPI: 0.379/0.022, GB/s: 0.154, GFLOPS: 0.000, IO: 0.130 (MB/s)
          DC/DRAM/PCK power: 477.340/0.000/435.712 (W) GFlops/Watts 0.000


----------------------------------------------------------------------------------------------------
[41/128]	Finalized MPI..
[65/128]	Finalized MPI..
[89/128]	Finalized MPI..
[76/128]	Finalized MPI..
[125/128]	Finalized MPI..
[95/128]	Finalized MPI..
[42/128]	Finalized MPI..
[108/128]	Finalized MPI..
[48/128]	Finalized MPI..
[55/128]	Finalized MPI..
[83/128]	Finalized MPI..
[44/128]	Finalized MPI..
[56/128]	Finalized MPI..
[70/128]	Finalized MPI..
[109/128]	Finalized MPI..
[111/128]	Finalized MPI..
[90/128]	Finalized MPI..
[126/128]	Finalized MPI..
[92/128]	Finalized MPI..
[3/128]	Finalized MPI..
[43/128]	Finalized MPI..
[35/128]	Finalized MPI..
[104/128]	Finalized MPI..
[37/128]	Finalized MPI..
[49/128]	Finalized MPI..
[82/128]	Finalized MPI..
[88/128]	Finalized MPI..
[38/128]	Finalized MPI..
[74/128]	Finalized MPI..
[91/128]	Finalized MPI..
[40/128]	Finalized MPI..
[118/128]	Finalized MPI..
[123/128]	Finalized MPI..
[53/128]	Finalized MPI..
[80/128]	Finalized MPI..
[68/128]	Finalized MPI..
[122/128]	Finalized MPI..
[60/128]	Finalized MPI..
[33/128]	Finalized MPI..
[94/128]	Finalized MPI..
[93/128]	Finalized MPI..
[105/128]	Finalized MPI..
[64/128]	Finalized MPI..
[46/128]	Finalized MPI..
[66/128]	Finalized MPI..
[120/128]	Finalized MPI..
[52/128]	Finalized MPI..
[101/128]	Finalized MPI..
[106/128]	Finalized MPI..
[1/128]	Finalized MPI..
[28/128]	Finalized MPI..
[4/128]	Finalized MPI..
[81/128]	Finalized MPI..
[77/128]	Finalized MPI..
[112/128]	Finalized MPI..
[67/128]	Finalized MPI..
[72/128]	Finalized MPI..
[13/128]	Finalized MPI..
[63/128]	Finalized MPI..
[71/128]	Finalized MPI..
[2/128]	Finalized MPI..
[69/128]	Finalized MPI..
[45/128]	Finalized MPI..
[107/128]	Finalized MPI..
[75/128]	Finalized MPI..
[54/128]	Finalized MPI..
[47/128]	Finalized MPI..
[127/128]	Finalized MPI..
[26/128]	Finalized MPI..
[34/128]	Finalized MPI..
[110/128]	Finalized MPI..
[100/128]	Finalized MPI..
[98/128]	Finalized MPI..
[39/128]	Finalized MPI..
[99/128]	Finalized MPI..
[97/128]	Finalized MPI..
[14/128]	Finalized MPI..
[6/128]	Finalized MPI..
[5/128]	Finalized MPI..
[124/128]	Finalized MPI..
[128/128]	Finalized MPI..
[17/128]	Finalized MPI..
[117/128]	Finalized MPI..
[85/128]	Finalized MPI..
[86/128]	Finalized MPI..
[7/128]	Finalized MPI..
[73/128]	Finalized MPI..
[20/128]	Finalized MPI..
[87/128]	Finalized MPI..
[119/128]	Finalized MPI..
[9/128]	Finalized MPI..
[121/128]	Finalized MPI..
[29/128]	Finalized MPI..
[84/128]	Finalized MPI..
[114/128]	Finalized MPI..
[58/128]	Finalized MPI..
[57/128]	Finalized MPI..
[115/128]	Finalized MPI..
[113/128]	Finalized MPI..
[59/128]	Finalized MPI..
[116/128]	Finalized MPI..
[21/128]	Finalized MPI..
[25/128]	Finalized MPI..
[79/128]	Finalized MPI..
[61/128]	Finalized MPI..
[30/128]	Finalized MPI..
[24/128]	Finalized MPI..
[32/128]	Finalized MPI..
[96/128]	Finalized MPI..
[19/128]	Finalized MPI..
[36/128]	Finalized MPI..
[78/128]	Finalized MPI..
[103/128]	Finalized MPI..
[12/128]	Finalized MPI..
[15/128]	Finalized MPI..
[8/128]	Finalized MPI..
[102/128]	Finalized MPI..
[16/128]	Finalized MPI..
[50/128]	Finalized MPI..
[18/128]	Finalized MPI..
[51/128]	Finalized MPI..
[11/128]	Finalized MPI..
[31/128]	Finalized MPI..
[62/128]	Finalized MPI..
[10/128]	Finalized MPI..
[27/128]	Finalized MPI..
[23/128]	Finalized MPI..
[22/128]	Finalized MPI..
