[EARL][tcn367][1652664] --- EARL INIT [PID: 1652664] [MASTER: 1] ---
[34m[tcn367][0][INFO] [0mK-medoids & roofline strategies not available. Loading default model for the classification
--- EARL loaded APIs ---
MGT_CPUFREQ: EARD
MGT_IMCFREQ: EARD
MGT_PRIO   : DUMMY
MET_CPUFREQ: EARD
MET_IMCFREQ: EARD
MET_ENERGY : EARD
MET_TEMP:    AMD17
MET_BWIDTH : EARD
MET_FLOPS  : PERF
MET_CPI    : PERF
MGT_GPU    : DUMMY
MET_GPU    : DUMMY
L1D: loaded (event PERF_L1D_MISS_LD) 
L2 : loaded (event L2_MISS_FROM_DC) (also in LBW)
L2 : loaded (event L2_MISS_FROM_PF1) (also in LBW)
L2 : loaded (event L2_MISS_FROM_PF2) (also in LBW)

------------------------
Mapping frequencies from 128 processes to 128 CPUs...
[106/128]	I'm online..
[86/128]	I'm online..
[110/128]	I'm online..
[89/128]	I'm online..
[16/128]	I'm online..
[15/128]	I'm online..
[4/128]	I'm online..
[2/128]	I'm online..
[25/128]	I'm online..
[29/128]	I'm online..
[81/128]	I'm online..
[95/128]	I'm online..
[116/128]	I'm online..
[42/128]	I'm online..
[75/128]	I'm online..
[111/128]	I'm online..
[76/128]	I'm online..
[96/128]	I'm online..
[120/128]	I'm online..
[17/128]	I'm online..
[18/128]	I'm online..
[22/128]	I'm online..
[61/128]	I'm online..
[31/128]	I'm online..
[113/128]	I'm online..
[100/128]	I'm online..
[105/128]	I'm online..
[11/128]	I'm online..
[48/128]	I'm online..
[71/128]	I'm online..
[122/128]	I'm online..
[57/128]	I'm online..
[77/128]	I'm online..
[43/128]	I'm online..
[74/128]	I'm online..
[8/128]	I'm online..
[112/128]	I'm online..
[38/128]	I'm online..
[117/128]	I'm online..
[85/128]	I'm online..
[67/128]	I'm online..
[68/128]	I'm online..
[3/128]	I'm online..
[12/128]	I'm online..
[78/128]	I'm online..
[124/128]	I'm online..
[82/128]	I'm online..
[88/128]	I'm online..
[72/128]	I'm online..
[58/128]	I'm online..
[101/128]	I'm online..
[13/128]	I'm online..
[60/128]	I'm online..
[103/128]	I'm online..
[92/128]	I'm online..
[30/128]	I'm online..
[41/128]	I'm online..
[49/128]	I'm online..
[63/128]	I'm online..
[7/128]	I'm online..
[107/128]	I'm online..
[121/128]	I'm online..
[123/128]	I'm online..
[20/128]	I'm online..
[21/128]	I'm online..
[32/128]	I'm online..
[37/128]	I'm online..
[87/128]	I'm online..
[44/128]	I'm online..
[46/128]	I'm online..
[108/128]	I'm online..
[5/128]	I'm online..
[109/128]	I'm online..
[69/128]	I'm online..
[59/128]	I'm online..
[98/128]	I'm online..
[102/128]	I'm online..
[47/128]	I'm online..
[90/128]	I'm online..
[119/128]	I'm online..
[52/128]	I'm online..
[28/128]	I'm online..
[34/128]	I'm online..
[104/128]	I'm online..
[9/128]	I'm online..
[14/128]	I'm online..
[55/128]	I'm online..
[54/128]	I'm online..
[66/128]	I'm online..
[79/128]	I'm online..
[83/128]	I'm online..
[6/128]	I'm online..
[26/128]	I'm online..
[62/128]	I'm online..
[64/128]	I'm online..
[50/128]	I'm online..
[84/128]	I'm online..
[39/128]	I'm online..
[99/128]	I'm online..
[40/128]	I'm online..
[97/128]	I'm online..
[33/128]	I'm online..
[24/128]	I'm online..
[35/128]	I'm online..
[73/128]	I'm online..
[94/128]	I'm online..
[10/128]	I'm online..
[36/128]	I'm online..
[19/128]	I'm online..
[93/128]	I'm online..
[128/128]	I'm online..
[53/128]	I'm online..
[118/128]	I'm online..
[125/128]	I'm online..
[91/128]	I'm online..
[27/128]	I'm online..
[45/128]	I'm online..
[70/128]	I'm online..
[114/128]	I'm online..
[80/128]	I'm online..
[23/128]	I'm online..
[127/128]	I'm online..
[65/128]	I'm online..
[56/128]	I'm online..
[115/128]	I'm online..
[126/128]	I'm online..
[51/128]	I'm online..
---------------- EAR 5.1 MPI enabled ----------------
                   App/user id: 'hratio_l30'/'ovaneck2'
    Node/job id/step_id/app_id: 'tcn367'/'14236854'/'0'/'1652664'
     P_STATE/frequency (turbo): 0/2600000 (0)
    Tasks/nodes/ppn/node_ratio: 128/1/128/1.000
             Policy (learning): monitoring (0)
Policy threshold/Perf accuracy: 0.00/10000000.00
   DynAIS levels/window/AVX512: 10/200/2
                      VAR path: /var/ear
           EAR privileged user: 0
                       EARL on: 1 
                  Max CPU freq: 2600000
-------------------------------------------------------
EAR initialized successfully.
[1/128]	I'm online..
Warning, going to time guided because low number of MPI calls per second current 2.000000 
EAR[1652664](hratio_l30) at 2.60/1.47 in tcn367 MR[0] elapsed 34 sec.: [32mLoop time: 1.009s DC Power: [35m443.5W[32m DRAM power: 0.00W PCK power: 422.07W
	avg. CPUFreq: 2.57GHz avg. IMCFreq: 1.47GHz Next Frequency 2.60
	CPI: 0.396 VPI: 0.00, Mem. bwidth: 0.16GB/s GFLOPS: 0.00 I/O: 0.02MB/s No MPI  
	TPI 0.03 Cache miss rates: L1 2.12GB/s L2 0.01GB/s L3 0.00GB/s
	Total MPI calls 2
	IO DATA: rchar 4552 wchar 6440 syscr 50 syscw 5 read_bytes 0 write_bytes 8192
	Process OS info: (pid 1652664 state R utime 996 stime 0 cutime 0 cstime 0 CPU usage 98)
	CPU temperature (celsius): socket 0: 56 socket 1: 66[0m
EAR[1652664](hratio_l30) at 2.60/1.47 in tcn367 MR[0] elapsed 48 sec.: [32mLoop time: 1.008s DC Power: [35m484.7W[32m DRAM power: 0.00W PCK power: 423.44W
	avg. CPUFreq: 2.57GHz avg. IMCFreq: 1.47GHz Next Frequency 2.60
	CPI: 0.396 VPI: 0.00, Mem. bwidth: 0.14GB/s GFLOPS: 0.00 I/O: 0.01MB/s No MPI  
	TPI 0.03 Cache miss rates: L1 0.87GB/s L2 0.00GB/s L3 0.00GB/s
	Total MPI calls 2
	IO DATA: rchar 4552 wchar 6440 syscr 50 syscw 5 read_bytes 0 write_bytes 12288
	Process OS info: (pid 1652664 state R utime 982 stime 0 cutime 0 cstime 0 CPU usage 97)
	CPU temperature (celsius): socket 0: 57 socket 1: 68[0m
EAR[1652664](hratio_l30) at 2.60/1.47 in tcn367 MR[0] elapsed 61 sec.: [32mLoop time: 1.007s DC Power: [35m491.8W[32m DRAM power: 0.00W PCK power: 424.01W
	avg. CPUFreq: 2.57GHz avg. IMCFreq: 1.47GHz Next Frequency 2.60
	CPI: 0.397 VPI: 0.00, Mem. bwidth: 0.32GB/s GFLOPS: 0.00 I/O: 0.01MB/s No MPI  
	TPI 0.06 Cache miss rates: L1 0.93GB/s L2 0.00GB/s L3 0.00GB/s
	Total MPI calls 2
	IO DATA: rchar 4552 wchar 6440 syscr 50 syscw 5 read_bytes 0 write_bytes 4096
	Process OS info: (pid 1652664 state R utime 989 stime 0 cutime 0 cstime 0 CPU usage 98)
	CPU temperature (celsius): socket 0: 58 socket 1: 69[0m
EAR[1652664](hratio_l30) at 2.60/1.47 in tcn367 MR[0] elapsed 75 sec.: [32mLoop time: 1.006s DC Power: [35m496.7W[32m DRAM power: 0.00W PCK power: 424.30W
	avg. CPUFreq: 2.57GHz avg. IMCFreq: 1.47GHz Next Frequency 2.60
	CPI: 0.397 VPI: 0.00, Mem. bwidth: 0.15GB/s GFLOPS: 0.00 I/O: 0.01MB/s No MPI  
	TPI 0.03 Cache miss rates: L1 0.87GB/s L2 0.00GB/s L3 0.00GB/s
	Total MPI calls 2
	IO DATA: rchar 4553 wchar 6440 syscr 50 syscw 5 read_bytes 0 write_bytes 12288
	Process OS info: (pid 1652664 state R utime 986 stime 0 cutime 0 cstime 0 CPU usage 97)
	CPU temperature (celsius): socket 0: 58 socket 1: 70[0m
EAR[1652664](hratio_l30) at 2.60/1.47 in tcn367 MR[0] elapsed 88 sec.: [32mLoop time: 1.007s DC Power: [35m496.9W[32m DRAM power: 0.00W PCK power: 424.79W
	avg. CPUFreq: 2.57GHz avg. IMCFreq: 1.47GHz Next Frequency 2.60
	CPI: 0.396 VPI: 0.00, Mem. bwidth: 0.31GB/s GFLOPS: 0.00 I/O: 0.01MB/s No MPI  
	TPI 0.06 Cache miss rates: L1 0.88GB/s L2 0.00GB/s L3 0.00GB/s
	Total MPI calls 2
	IO DATA: rchar 4553 wchar 6440 syscr 50 syscw 5 read_bytes 0 write_bytes 12288
	Process OS info: (pid 1652664 state R utime 980 stime 1 cutime 0 cstime 0 CPU usage 97)
	CPU temperature (celsius): socket 0: 59 socket 1: 70[0m
EAR[1652664](hratio_l30) at 2.60/1.47 in tcn367 MR[0] elapsed 102 sec.: [32mLoop time: 1.007s DC Power: [35m498.2W[32m DRAM power: 0.00W PCK power: 425.45W
	avg. CPUFreq: 2.57GHz avg. IMCFreq: 1.47GHz Next Frequency 2.60
	CPI: 0.396 VPI: 0.00, Mem. bwidth: 0.24GB/s GFLOPS: 0.00 I/O: 0.01MB/s No MPI  
	TPI 0.05 Cache miss rates: L1 0.98GB/s L2 0.00GB/s L3 0.00GB/s
	Total MPI calls 2
	IO DATA: rchar 4553 wchar 6440 syscr 50 syscw 5 read_bytes 0 write_bytes 12288
	Process OS info: (pid 1652664 state R utime 982 stime 0 cutime 0 cstime 0 CPU usage 97)
	CPU temperature (celsius): socket 0: 59 socket 1: 71[0m
EAR[1652664](hratio_l30) at 2.60/1.47 in tcn367 MR[0] elapsed 115 sec.: [32mLoop time: 1.007s DC Power: [35m498.9W[32m DRAM power: 0.00W PCK power: 425.77W
	avg. CPUFreq: 2.57GHz avg. IMCFreq: 1.47GHz Next Frequency 2.60
	CPI: 0.396 VPI: 0.00, Mem. bwidth: 0.10GB/s GFLOPS: 0.00 I/O: 0.01MB/s No MPI  
	TPI 0.02 Cache miss rates: L1 0.88GB/s L2 0.00GB/s L3 0.00GB/s
	Total MPI calls 2
	IO DATA: rchar 4553 wchar 6440 syscr 50 syscw 5 read_bytes 0 write_bytes 8192
	Process OS info: (pid 1652664 state R utime 994 stime 1 cutime 0 cstime 0 CPU usage 98)
	CPU temperature (celsius): socket 0: 60 socket 1: 71[0m
EAR[1652664](hratio_l30) at 2.60/1.47 in tcn367 MR[0] elapsed 128 sec.: [32mLoop time: 1.007s DC Power: [35m443.9W[32m DRAM power: 0.00W PCK power: 425.77W
	avg. CPUFreq: 2.57GHz avg. IMCFreq: 1.47GHz Next Frequency 2.60
	CPI: 0.396 VPI: 0.00, Mem. bwidth: 0.15GB/s GFLOPS: 0.00 I/O: 0.01MB/s No MPI  
	TPI 0.03 Cache miss rates: L1 0.94GB/s L2 0.00GB/s L3 0.00GB/s
	Total MPI calls 2
	IO DATA: rchar 4554 wchar 6440 syscr 50 syscw 5 read_bytes 0 write_bytes 8192
	Process OS info: (pid 1652664 state R utime 988 stime 1 cutime 0 cstime 0 CPU usage 98)
	CPU temperature (celsius): socket 0: 60 socket 1: 72[0m
EAR[1652664](hratio_l30) at 2.60/1.47 in tcn367 MR[0] elapsed 142 sec.: [32mLoop time: 1.007s DC Power: [35m499.8W[32m DRAM power: 0.00W PCK power: 426.04W
	avg. CPUFreq: 2.57GHz avg. IMCFreq: 1.47GHz Next Frequency 2.60
	CPI: 0.396 VPI: 0.00, Mem. bwidth: 0.11GB/s GFLOPS: 0.00 I/O: 0.01MB/s No MPI  
	TPI 0.02 Cache miss rates: L1 0.87GB/s L2 0.00GB/s L3 0.00GB/s
	Total MPI calls 2
	IO DATA: rchar 4554 wchar 6440 syscr 50 syscw 5 read_bytes 0 write_bytes 12288
	Process OS info: (pid 1652664 state R utime 992 stime 1 cutime 0 cstime 0 CPU usage 98)
	CPU temperature (celsius): socket 0: 60 socket 1: 72[0m
EAR[1652664](hratio_l30) at 2.60/1.47 in tcn367 MR[0] elapsed 155 sec.: [32mLoop time: 1.007s DC Power: [35m500.4W[32m DRAM power: 0.00W PCK power: 425.78W
	avg. CPUFreq: 2.57GHz avg. IMCFreq: 1.47GHz Next Frequency 2.60
	CPI: 0.396 VPI: 0.00, Mem. bwidth: 0.14GB/s GFLOPS: 0.00 I/O: 0.01MB/s No MPI  
	TPI 0.03 Cache miss rates: L1 0.88GB/s L2 0.00GB/s L3 0.00GB/s
	Total MPI calls 2
	IO DATA: rchar 4554 wchar 6440 syscr 50 syscw 5 read_bytes 0 write_bytes 8192
	Process OS info: (pid 1652664 state R utime 986 stime 1 cutime 0 cstime 0 CPU usage 98)
	CPU temperature (celsius): socket 0: 60 socket 1: 72[0m
EAR[1652664](hratio_l30) at 2.60/1.47 in tcn367 MR[0] elapsed 169 sec.: [32mLoop time: 1.010s DC Power: [35m500.2W[32m DRAM power: 0.00W PCK power: 426.13W
	avg. CPUFreq: 2.57GHz avg. IMCFreq: 1.47GHz Next Frequency 2.60
	CPI: 0.396 VPI: 0.00, Mem. bwidth: 0.10GB/s GFLOPS: 0.00 I/O: 0.01MB/s No MPI  
	TPI 0.02 Cache miss rates: L1 0.96GB/s L2 0.00GB/s L3 0.00GB/s
	Total MPI calls 2
	IO DATA: rchar 4554 wchar 6440 syscr 50 syscw 5 read_bytes 0 write_bytes 12288
	Process OS info: (pid 1652664 state R utime 996 stime 0 cutime 0 cstime 0 CPU usage 98)
	CPU temperature (celsius): socket 0: 60 socket 1: 73[0m
EAR[1652664](hratio_l30) at 2.60/1.47 in tcn367 MR[0] elapsed 182 sec.: [32mLoop time: 1.007s DC Power: [35m502.3W[32m DRAM power: 0.00W PCK power: 426.51W
	avg. CPUFreq: 2.57GHz avg. IMCFreq: 1.47GHz Next Frequency 2.60
	CPI: 0.396 VPI: 0.00, Mem. bwidth: 0.08GB/s GFLOPS: 0.00 I/O: 0.01MB/s No MPI  
	TPI 0.02 Cache miss rates: L1 0.92GB/s L2 0.00GB/s L3 0.00GB/s
	Total MPI calls 2
	IO DATA: rchar 4554 wchar 6440 syscr 50 syscw 5 read_bytes 0 write_bytes 12288
	Process OS info: (pid 1652664 state R utime 994 stime 0 cutime 0 cstime 0 CPU usage 98)
	CPU temperature (celsius): socket 0: 61 socket 1: 73[0m
EAR[1652664](hratio_l30) at 2.60/1.47 in tcn367 MR[0] elapsed 196 sec.: [32mLoop time: 1.007s DC Power: [35m502.6W[32m DRAM power: 0.00W PCK power: 426.75W
	avg. CPUFreq: 2.57GHz avg. IMCFreq: 1.47GHz Next Frequency 2.60
	CPI: 0.396 VPI: 0.00, Mem. bwidth: 0.09GB/s GFLOPS: 0.00 I/O: 0.01MB/s No MPI  
	TPI 0.02 Cache miss rates: L1 0.96GB/s L2 0.00GB/s L3 0.00GB/s
	Total MPI calls 2
	IO DATA: rchar 4554 wchar 6440 syscr 50 syscw 5 read_bytes 0 write_bytes 16384
	Process OS info: (pid 1652664 state R utime 994 stime 0 cutime 0 cstime 0 CPU usage 98)
	CPU temperature (celsius): socket 0: 61 socket 1: 73[0m
EAR[1652664](hratio_l30) at 2.60/1.47 in tcn367 MR[0] elapsed 209 sec.: [32mLoop time: 1.008s DC Power: [35m501.9W[32m DRAM power: 0.00W PCK power: 427.00W
	avg. CPUFreq: 2.57GHz avg. IMCFreq: 1.47GHz Next Frequency 2.60
	CPI: 0.396 VPI: 0.00, Mem. bwidth: 0.10GB/s GFLOPS: 0.00 I/O: 0.01MB/s No MPI  
	TPI 0.02 Cache miss rates: L1 0.90GB/s L2 0.00GB/s L3 0.00GB/s
	Total MPI calls 2
	IO DATA: rchar 4554 wchar 6440 syscr 50 syscw 5 read_bytes 0 write_bytes 12288
	Process OS info: (pid 1652664 state R utime 995 stime 0 cutime 0 cstime 0 CPU usage 98)
	CPU temperature (celsius): socket 0: 61 socket 1: 73[0m
EAR[1652664](hratio_l30) at 2.60/1.47 in tcn367 MR[0] elapsed 222 sec.: [32mLoop time: 1.007s DC Power: [35m501.4W[32m DRAM power: 0.00W PCK power: 426.73W
	avg. CPUFreq: 2.57GHz avg. IMCFreq: 1.47GHz Next Frequency 2.60
	CPI: 0.396 VPI: 0.00, Mem. bwidth: 0.12GB/s GFLOPS: 0.00 I/O: 0.01MB/s No MPI  
	TPI 0.02 Cache miss rates: L1 0.93GB/s L2 0.00GB/s L3 0.00GB/s
	Total MPI calls 2
	IO DATA: rchar 4554 wchar 6440 syscr 50 syscw 5 read_bytes 0 write_bytes 12288
	Process OS info: (pid 1652664 state R utime 994 stime 0 cutime 0 cstime 0 CPU usage 98)
	CPU temperature (celsius): socket 0: 61 socket 1: 73[0m
EAR[1652664](hratio_l30) at 2.60/1.47 in tcn367 MR[0] elapsed 236 sec.: [32mLoop time: 1.007s DC Power: [35m502.0W[32m DRAM power: 0.00W PCK power: 426.96W
	avg. CPUFreq: 2.57GHz avg. IMCFreq: 1.47GHz Next Frequency 2.60
	CPI: 0.396 VPI: 0.00, Mem. bwidth: 0.10GB/s GFLOPS: 0.00 I/O: 0.01MB/s No MPI  
	TPI 0.02 Cache miss rates: L1 0.88GB/s L2 0.00GB/s L3 0.00GB/s
	Total MPI calls 2
	IO DATA: rchar 4554 wchar 6440 syscr 50 syscw 5 read_bytes 0 write_bytes 8192
	Process OS info: (pid 1652664 state R utime 994 stime 0 cutime 0 cstime 0 CPU usage 98)
	CPU temperature (celsius): socket 0: 61 socket 1: 73[0m
EAR[1652664](hratio_l30) at 2.60/1.47 in tcn367 MR[0] elapsed 249 sec.: [32mLoop time: 1.007s DC Power: [35m446.5W[32m DRAM power: 0.00W PCK power: 426.75W
	avg. CPUFreq: 2.57GHz avg. IMCFreq: 1.47GHz Next Frequency 2.60
	CPI: 0.396 VPI: 0.00, Mem. bwidth: 0.13GB/s GFLOPS: 0.00 I/O: 0.01MB/s No MPI  
	TPI 0.03 Cache miss rates: L1 0.89GB/s L2 0.00GB/s L3 0.00GB/s
	Total MPI calls 2
	IO DATA: rchar 4554 wchar 6440 syscr 50 syscw 5 read_bytes 0 write_bytes 16384
	Process OS info: (pid 1652664 state R utime 994 stime 0 cutime 0 cstime 0 CPU usage 98)
	CPU temperature (celsius): socket 0: 61 socket 1: 73[0m
EAR[1652664](hratio_l30) at 2.60/1.47 in tcn367 MR[0] elapsed 263 sec.: [32mLoop time: 1.007s DC Power: [35m502.1W[32m DRAM power: 0.00W PCK power: 427.10W
	avg. CPUFreq: 2.57GHz avg. IMCFreq: 1.47GHz Next Frequency 2.60
	CPI: 0.396 VPI: 0.00, Mem. bwidth: 0.10GB/s GFLOPS: 0.00 I/O: 0.01MB/s No MPI  
	TPI 0.02 Cache miss rates: L1 0.94GB/s L2 0.00GB/s L3 0.00GB/s
	Total MPI calls 2
	IO DATA: rchar 4554 wchar 6440 syscr 50 syscw 5 read_bytes 0 write_bytes 4096
	Process OS info: (pid 1652664 state R utime 995 stime 0 cutime 0 cstime 0 CPU usage 98)
	CPU temperature (celsius): socket 0: 61 socket 1: 74[0m
EAR[1652664](hratio_l30) at 2.60/1.47 in tcn367 MR[0] elapsed 276 sec.: [32mLoop time: 1.007s DC Power: [35m502.2W[32m DRAM power: 0.00W PCK power: 426.90W
	avg. CPUFreq: 2.57GHz avg. IMCFreq: 1.47GHz Next Frequency 2.60
	CPI: 0.396 VPI: 0.00, Mem. bwidth: 0.12GB/s GFLOPS: 0.00 I/O: 0.01MB/s No MPI  
	TPI 0.02 Cache miss rates: L1 0.88GB/s L2 0.00GB/s L3 0.00GB/s
	Total MPI calls 2
	IO DATA: rchar 4554 wchar 6440 syscr 50 syscw 5 read_bytes 0 write_bytes 12288
	Process OS info: (pid 1652664 state R utime 994 stime 0 cutime 0 cstime 0 CPU usage 98)
	CPU temperature (celsius): socket 0: 61 socket 1: 74[0m
EAR[1652664](hratio_l30) at 2.60/1.47 in tcn367 MR[0] elapsed 289 sec.: [32mLoop time: 1.007s DC Power: [35m502.3W[32m DRAM power: 0.00W PCK power: 427.00W
	avg. CPUFreq: 2.57GHz avg. IMCFreq: 1.47GHz Next Frequency 2.60
	CPI: 0.396 VPI: 0.00, Mem. bwidth: 0.13GB/s GFLOPS: 0.00 I/O: 0.01MB/s No MPI  
	TPI 0.03 Cache miss rates: L1 0.95GB/s L2 0.00GB/s L3 0.00GB/s
	Total MPI calls 2
	IO DATA: rchar 4554 wchar 6440 syscr 50 syscw 5 read_bytes 0 write_bytes 12288
	Process OS info: (pid 1652664 state R utime 992 stime 1 cutime 0 cstime 0 CPU usage 98)
	CPU temperature (celsius): socket 0: 61 socket 1: 73[0m
EAR[1652664](hratio_l30) at 2.60/1.47 in tcn367 MR[0] elapsed 303 sec.: [32mLoop time: 1.007s DC Power: [35m502.1W[32m DRAM power: 0.00W PCK power: 426.88W
	avg. CPUFreq: 2.57GHz avg. IMCFreq: 1.47GHz Next Frequency 2.60
	CPI: 0.396 VPI: 0.00, Mem. bwidth: 0.11GB/s GFLOPS: 0.00 I/O: 0.01MB/s No MPI  
	TPI 0.02 Cache miss rates: L1 0.88GB/s L2 0.00GB/s L3 0.00GB/s
	Total MPI calls 2
	IO DATA: rchar 4554 wchar 6440 syscr 50 syscw 5 read_bytes 0 write_bytes 12288
	Process OS info: (pid 1652664 state R utime 994 stime 1 cutime 0 cstime 0 CPU usage 98)
	CPU temperature (celsius): socket 0: 61 socket 1: 74[0m
EAR[1652664](hratio_l30) at 2.60/1.47 in tcn367 MR[0] elapsed 316 sec.: [32mLoop time: 1.007s DC Power: [35m502.4W[32m DRAM power: 0.00W PCK power: 426.95W
	avg. CPUFreq: 2.57GHz avg. IMCFreq: 1.47GHz Next Frequency 2.60
	CPI: 0.396 VPI: 0.00, Mem. bwidth: 0.08GB/s GFLOPS: 0.00 I/O: 0.01MB/s No MPI  
	TPI 0.02 Cache miss rates: L1 0.97GB/s L2 0.00GB/s L3 0.00GB/s
	Total MPI calls 2
	IO DATA: rchar 4554 wchar 6440 syscr 50 syscw 5 read_bytes 0 write_bytes 40960
	Process OS info: (pid 1652664 state R utime 994 stime 0 cutime 0 cstime 0 CPU usage 98)
	CPU temperature (celsius): socket 0: 61 socket 1: 74[0m
EAR[1652664](hratio_l30) at 2.60/1.47 in tcn367 MR[0] elapsed 330 sec.: [32mLoop time: 1.007s DC Power: [35m502.4W[32m DRAM power: 0.00W PCK power: 426.94W
	avg. CPUFreq: 2.57GHz avg. IMCFreq: 1.47GHz Next Frequency 2.60
	CPI: 0.396 VPI: 0.00, Mem. bwidth: 0.13GB/s GFLOPS: 0.00 I/O: 0.01MB/s No MPI  
	TPI 0.03 Cache miss rates: L1 0.90GB/s L2 0.00GB/s L3 0.00GB/s
	Total MPI calls 2
	IO DATA: rchar 4554 wchar 6440 syscr 50 syscw 5 read_bytes 0 write_bytes 8192
	Process OS info: (pid 1652664 state R utime 990 stime 1 cutime 0 cstime 0 CPU usage 98)
	CPU temperature (celsius): socket 0: 61 socket 1: 73[0m
EAR[1652664](hratio_l30) at 2.60/1.47 in tcn367 MR[0] elapsed 343 sec.: [32mLoop time: 1.007s DC Power: [35m503.3W[32m DRAM power: 0.00W PCK power: 426.79W
	avg. CPUFreq: 2.57GHz avg. IMCFreq: 1.47GHz Next Frequency 2.60
	CPI: 0.396 VPI: 0.00, Mem. bwidth: 0.11GB/s GFLOPS: 0.00 I/O: 0.01MB/s No MPI  
	TPI 0.02 Cache miss rates: L1 0.83GB/s L2 0.00GB/s L3 0.00GB/s
	Total MPI calls 2
	IO DATA: rchar 4554 wchar 6440 syscr 50 syscw 5 read_bytes 0 write_bytes 16384
	Process OS info: (pid 1652664 state R utime 994 stime 1 cutime 0 cstime 0 CPU usage 98)
	CPU temperature (celsius): socket 0: 61 socket 1: 74[0m
EAR[1652664](hratio_l30) at 2.60/1.47 in tcn367 MR[0] elapsed 357 sec.: [32mLoop time: 1.007s DC Power: [35m504.0W[32m DRAM power: 0.00W PCK power: 426.71W
	avg. CPUFreq: 2.57GHz avg. IMCFreq: 1.47GHz Next Frequency 2.60
	CPI: 0.396 VPI: 0.00, Mem. bwidth: 0.10GB/s GFLOPS: 0.00 I/O: 0.01MB/s No MPI  
	TPI 0.02 Cache miss rates: L1 0.93GB/s L2 0.00GB/s L3 0.00GB/s
	Total MPI calls 2
	IO DATA: rchar 4554 wchar 6440 syscr 50 syscw 5 read_bytes 0 write_bytes 12288
	Process OS info: (pid 1652664 state R utime 994 stime 0 cutime 0 cstime 0 CPU usage 98)
	CPU temperature (celsius): socket 0: 61 socket 1: 74[0m
EAR[1652664](hratio_l30) at 2.60/1.47 in tcn367 MR[0] elapsed 370 sec.: [32mLoop time: 1.007s DC Power: [35m447.6W[32m DRAM power: 0.00W PCK power: 426.54W
	avg. CPUFreq: 2.57GHz avg. IMCFreq: 1.47GHz Next Frequency 2.60
	CPI: 0.397 VPI: 0.00, Mem. bwidth: 0.13GB/s GFLOPS: 0.00 I/O: 0.01MB/s No MPI  
	TPI 0.03 Cache miss rates: L1 0.85GB/s L2 0.00GB/s L3 0.00GB/s
	Total MPI calls 2
	IO DATA: rchar 4554 wchar 6440 syscr 50 syscw 5 read_bytes 0 write_bytes 12288
	Process OS info: (pid 1652664 state R utime 993 stime 0 cutime 0 cstime 0 CPU usage 98)
	CPU temperature (celsius): socket 0: 61 socket 1: 74[0m
EAR[1652664](hratio_l30) at 2.60/1.47 in tcn367 MR[0] elapsed 384 sec.: [32mLoop time: 1.007s DC Power: [35m446.9W[32m DRAM power: 0.00W PCK power: 426.82W
	avg. CPUFreq: 2.57GHz avg. IMCFreq: 1.47GHz Next Frequency 2.60
	CPI: 0.396 VPI: 0.00, Mem. bwidth: 0.11GB/s GFLOPS: 0.00 I/O: 0.01MB/s No MPI  
	TPI 0.02 Cache miss rates: L1 0.93GB/s L2 0.00GB/s L3 0.00GB/s
	Total MPI calls 2
	IO DATA: rchar 4554 wchar 6440 syscr 50 syscw 5 read_bytes 0 write_bytes 4096
	Process OS info: (pid 1652664 state R utime 995 stime 1 cutime 0 cstime 0 CPU usage 98)
	CPU temperature (celsius): socket 0: 61 socket 1: 74[0m
EAR[1652664](hratio_l30) at 2.60/1.47 in tcn367 MR[0] elapsed 397 sec.: [32mLoop time: 1.007s DC Power: [35m446.6W[32m DRAM power: 0.00W PCK power: 426.68W
	avg. CPUFreq: 2.57GHz avg. IMCFreq: 1.47GHz Next Frequency 2.60
	CPI: 0.397 VPI: 0.00, Mem. bwidth: 0.15GB/s GFLOPS: 0.00 I/O: 0.01MB/s No MPI  
	TPI 0.03 Cache miss rates: L1 0.87GB/s L2 0.00GB/s L3 0.00GB/s
	Total MPI calls 2
	IO DATA: rchar 4554 wchar 6440 syscr 50 syscw 5 read_bytes 0 write_bytes 12288
	Process OS info: (pid 1652664 state R utime 994 stime 1 cutime 0 cstime 0 CPU usage 98)
	CPU temperature (celsius): socket 0: 61 socket 1: 74[0m
EAR[1652664](hratio_l30) at 2.60/1.47 in tcn367 MR[0] elapsed 410 sec.: [32mLoop time: 1.007s DC Power: [35m446.5W[32m DRAM power: 0.00W PCK power: 426.60W
	avg. CPUFreq: 2.57GHz avg. IMCFreq: 1.47GHz Next Frequency 2.60
	CPI: 0.396 VPI: 0.00, Mem. bwidth: 0.12GB/s GFLOPS: 0.00 I/O: 0.01MB/s No MPI  
	TPI 0.02 Cache miss rates: L1 0.93GB/s L2 0.00GB/s L3 0.00GB/s
	Total MPI calls 2
	IO DATA: rchar 4554 wchar 6440 syscr 50 syscw 5 read_bytes 0 write_bytes 8192
	Process OS info: (pid 1652664 state R utime 994 stime 0 cutime 0 cstime 0 CPU usage 98)
	CPU temperature (celsius): socket 0: 61 socket 1: 74[0m
EAR[1652664](hratio_l30) at 2.60/1.47 in tcn367 MR[0] elapsed 424 sec.: [32mLoop time: 1.013s DC Power: [35m444.0W[32m DRAM power: 0.00W PCK power: 426.57W
	avg. CPUFreq: 2.57GHz avg. IMCFreq: 1.47GHz Next Frequency 2.60
	CPI: 0.397 VPI: 0.00, Mem. bwidth: 0.11GB/s GFLOPS: 0.00 I/O: 0.01MB/s No MPI  
	TPI 0.02 Cache miss rates: L1 0.87GB/s L2 0.00GB/s L3 0.00GB/s
	Total MPI calls 2
	IO DATA: rchar 4554 wchar 6440 syscr 50 syscw 5 read_bytes 0 write_bytes 12288
	Process OS info: (pid 1652664 state R utime 999 stime 0 cutime 0 cstime 0 CPU usage 98)
	CPU temperature (celsius): socket 0: 61 socket 1: 74[0m
EAR[1652664](hratio_l30) at 2.60/1.47 in tcn367 MR[0] elapsed 437 sec.: [32mLoop time: 1.007s DC Power: [35m502.0W[32m DRAM power: 0.00W PCK power: 426.74W
	avg. CPUFreq: 2.57GHz avg. IMCFreq: 1.47GHz Next Frequency 2.60
	CPI: 0.396 VPI: 0.00, Mem. bwidth: 0.09GB/s GFLOPS: 0.00 I/O: 0.01MB/s No MPI  
	TPI 0.02 Cache miss rates: L1 0.85GB/s L2 0.00GB/s L3 0.00GB/s
	Total MPI calls 2
	IO DATA: rchar 4554 wchar 6440 syscr 50 syscw 5 read_bytes 0 write_bytes 131072
	Process OS info: (pid 1652664 state R utime 994 stime 1 cutime 0 cstime 0 CPU usage 98)
	CPU temperature (celsius): socket 0: 61 socket 1: 74[0m
EAR[1652664](hratio_l30) at 2.60/1.47 in tcn367 MR[0] elapsed 451 sec.: [32mLoop time: 1.012s DC Power: [35m499.9W[32m DRAM power: 0.00W PCK power: 426.68W
	avg. CPUFreq: 2.57GHz avg. IMCFreq: 1.47GHz Next Frequency 2.60
	CPI: 0.396 VPI: 0.00, Mem. bwidth: 0.10GB/s GFLOPS: 0.00 I/O: 0.01MB/s No MPI  
	TPI 0.02 Cache miss rates: L1 0.94GB/s L2 0.00GB/s L3 0.00GB/s
	Total MPI calls 2
	IO DATA: rchar 4554 wchar 6440 syscr 50 syscw 5 read_bytes 0 write_bytes 8192
	Process OS info: (pid 1652664 state R utime 994 stime 0 cutime 0 cstime 0 CPU usage 98)
	CPU temperature (celsius): socket 0: 61 socket 1: 74[0m
EAR[1652664](hratio_l30) at 2.60/1.47 in tcn367 MR[0] elapsed 464 sec.: [32mLoop time: 1.007s DC Power: [35m502.4W[32m DRAM power: 0.00W PCK power: 426.56W
	avg. CPUFreq: 2.57GHz avg. IMCFreq: 1.47GHz Next Frequency 2.60
	CPI: 0.396 VPI: 0.00, Mem. bwidth: 0.10GB/s GFLOPS: 0.00 I/O: 0.01MB/s No MPI  
	TPI 0.02 Cache miss rates: L1 0.89GB/s L2 0.00GB/s L3 0.00GB/s
	Total MPI calls 2
	IO DATA: rchar 4554 wchar 6440 syscr 50 syscw 5 read_bytes 0 write_bytes 16384
	Process OS info: (pid 1652664 state R utime 994 stime 0 cutime 0 cstime 0 CPU usage 98)
	CPU temperature (celsius): socket 0: 61 socket 1: 74[0m
EAR[1652664](hratio_l30) at 2.60/1.47 in tcn367 MR[0] elapsed 478 sec.: [32mLoop time: 1.007s DC Power: [35m502.2W[32m DRAM power: 0.00W PCK power: 426.70W
	avg. CPUFreq: 2.57GHz avg. IMCFreq: 1.47GHz Next Frequency 2.60
	CPI: 0.396 VPI: 0.00, Mem. bwidth: 0.10GB/s GFLOPS: 0.00 I/O: 0.01MB/s No MPI  
	TPI 0.02 Cache miss rates: L1 0.97GB/s L2 0.00GB/s L3 0.00GB/s
	Total MPI calls 2
	IO DATA: rchar 4554 wchar 6440 syscr 50 syscw 5 read_bytes 0 write_bytes 4096
	Process OS info: (pid 1652664 state R utime 994 stime 0 cutime 0 cstime 0 CPU usage 98)
	CPU temperature (celsius): socket 0: 61 socket 1: 74[0m
EAR[1652664](hratio_l30) at 2.60/1.47 in tcn367 MR[0] elapsed 491 sec.: [32mLoop time: 1.007s DC Power: [35m446.5W[32m DRAM power: 0.00W PCK power: 426.49W
	avg. CPUFreq: 2.57GHz avg. IMCFreq: 1.47GHz Next Frequency 2.60
	CPI: 0.396 VPI: 0.00, Mem. bwidth: 0.14GB/s GFLOPS: 0.00 I/O: 0.01MB/s No MPI  
	TPI 0.03 Cache miss rates: L1 0.87GB/s L2 0.00GB/s L3 0.00GB/s
	Total MPI calls 2
	IO DATA: rchar 4554 wchar 6440 syscr 50 syscw 5 read_bytes 0 write_bytes 12288
	Process OS info: (pid 1652664 state R utime 987 stime 1 cutime 0 cstime 0 CPU usage 98)
	CPU temperature (celsius): socket 0: 61 socket 1: 74[0m
EAR[1652664](hratio_l30) at 2.60/1.47 in tcn367 MR[0] elapsed 504 sec.: [32mLoop time: 1.006s DC Power: [35m503.2W[32m DRAM power: 0.00W PCK power: 426.67W
	avg. CPUFreq: 2.57GHz avg. IMCFreq: 1.47GHz Next Frequency 2.60
	CPI: 0.396 VPI: 0.00, Mem. bwidth: 0.09GB/s GFLOPS: 0.00 I/O: 0.01MB/s No MPI  
	TPI 0.02 Cache miss rates: L1 0.92GB/s L2 0.00GB/s L3 0.00GB/s
	Total MPI calls 2
	IO DATA: rchar 4554 wchar 6440 syscr 50 syscw 5 read_bytes 0 write_bytes 8192
	Process OS info: (pid 1652664 state R utime 994 stime 1 cutime 0 cstime 0 CPU usage 98)
	CPU temperature (celsius): socket 0: 61 socket 1: 74[0m
EAR[1652664](hratio_l30) at 2.60/1.47 in tcn367 MR[0] elapsed 518 sec.: [32mLoop time: 1.007s DC Power: [35m503.4W[32m DRAM power: 0.00W PCK power: 426.39W
	avg. CPUFreq: 2.57GHz avg. IMCFreq: 1.47GHz Next Frequency 2.60
	CPI: 0.396 VPI: 0.00, Mem. bwidth: 0.12GB/s GFLOPS: 0.00 I/O: 0.01MB/s No MPI  
	TPI 0.02 Cache miss rates: L1 0.88GB/s L2 0.00GB/s L3 0.00GB/s
	Total MPI calls 2
	IO DATA: rchar 4554 wchar 6440 syscr 50 syscw 5 read_bytes 0 write_bytes 12288
	Process OS info: (pid 1652664 state R utime 988 stime 0 cutime 0 cstime 0 CPU usage 98)
	CPU temperature (celsius): socket 0: 61 socket 1: 74[0m
EAR[1652664](hratio_l30) at 2.60/1.47 in tcn367 MR[0] elapsed 531 sec.: [32mLoop time: 1.007s DC Power: [35m504.2W[32m DRAM power: 0.00W PCK power: 426.33W
	avg. CPUFreq: 2.57GHz avg. IMCFreq: 1.47GHz Next Frequency 2.60
	CPI: 0.397 VPI: 0.00, Mem. bwidth: 0.12GB/s GFLOPS: 0.00 I/O: 0.01MB/s No MPI  
	TPI 0.02 Cache miss rates: L1 0.89GB/s L2 0.00GB/s L3 0.00GB/s
	Total MPI calls 2
	IO DATA: rchar 4554 wchar 6440 syscr 50 syscw 5 read_bytes 0 write_bytes 147456
	Process OS info: (pid 1652664 state R utime 994 stime 1 cutime 0 cstime 0 CPU usage 98)
	CPU temperature (celsius): socket 0: 61 socket 1: 74[0m
EAR[1652664](hratio_l30) at 2.60/1.47 in tcn367 MR[0] elapsed 545 sec.: [32mLoop time: 1.007s DC Power: [35m447.4W[32m DRAM power: 0.00W PCK power: 426.20W
	avg. CPUFreq: 2.57GHz avg. IMCFreq: 1.47GHz Next Frequency 2.60
	CPI: 0.396 VPI: 0.00, Mem. bwidth: 0.14GB/s GFLOPS: 0.00 I/O: 0.01MB/s No MPI  
	TPI 0.03 Cache miss rates: L1 0.95GB/s L2 0.00GB/s L3 0.00GB/s
	Total MPI calls 2
	IO DATA: rchar 4554 wchar 6440 syscr 50 syscw 5 read_bytes 0 write_bytes 8192
	Process OS info: (pid 1652664 state R utime 993 stime 1 cutime 0 cstime 0 CPU usage 98)
	CPU temperature (celsius): socket 0: 61 socket 1: 74[0m
EAR[1652664](hratio_l30) at 2.60/1.47 in tcn367 MR[0] elapsed 558 sec.: [32mLoop time: 1.007s DC Power: [35m502.3W[32m DRAM power: 0.00W PCK power: 426.29W
	avg. CPUFreq: 2.57GHz avg. IMCFreq: 1.47GHz Next Frequency 2.60
	CPI: 0.396 VPI: 0.00, Mem. bwidth: 0.09GB/s GFLOPS: 0.00 I/O: 0.01MB/s No MPI  
	TPI 0.02 Cache miss rates: L1 0.88GB/s L2 0.00GB/s L3 0.00GB/s
	Total MPI calls 2
	IO DATA: rchar 4554 wchar 6440 syscr 50 syscw 5 read_bytes 0 write_bytes 16384
	Process OS info: (pid 1652664 state R utime 994 stime 0 cutime 0 cstime 0 CPU usage 98)
	CPU temperature (celsius): socket 0: 61 socket 1: 74[0m
EAR[1652664](hratio_l30) at 2.60/1.47 in tcn367 MR[0] elapsed 572 sec.: [32mLoop time: 1.007s DC Power: [35m502.2W[32m DRAM power: 0.00W PCK power: 426.29W
	avg. CPUFreq: 2.57GHz avg. IMCFreq: 1.47GHz Next Frequency 2.60
	CPI: 0.396 VPI: 0.00, Mem. bwidth: 0.09GB/s GFLOPS: 0.00 I/O: 0.01MB/s No MPI  
	TPI 0.02 Cache miss rates: L1 0.95GB/s L2 0.00GB/s L3 0.00GB/s
	Total MPI calls 2
	IO DATA: rchar 4554 wchar 6440 syscr 50 syscw 5 read_bytes 0 write_bytes 8192
	Process OS info: (pid 1652664 state R utime 994 stime 0 cutime 0 cstime 0 CPU usage 98)
	CPU temperature (celsius): socket 0: 61 socket 1: 74[0m
EAR[1652664](hratio_l30) at 2.60/1.47 in tcn367 MR[0] elapsed 585 sec.: [32mLoop time: 1.007s DC Power: [35m502.2W[32m DRAM power: 0.00W PCK power: 426.16W
	avg. CPUFreq: 2.57GHz avg. IMCFreq: 1.47GHz Next Frequency 2.60
	CPI: 0.397 VPI: 0.00, Mem. bwidth: 0.10GB/s GFLOPS: 0.00 I/O: 0.01MB/s No MPI  
	TPI 0.02 Cache miss rates: L1 0.90GB/s L2 0.00GB/s L3 0.00GB/s
	Total MPI calls 2
	IO DATA: rchar 4554 wchar 6440 syscr 50 syscw 5 read_bytes 0 write_bytes 12288
	Process OS info: (pid 1652664 state R utime 991 stime 1 cutime 0 cstime 0 CPU usage 98)
	CPU temperature (celsius): socket 0: 62 socket 1: 74[0m
EAR[1652664](hratio_l30) at 2.60/1.47 in tcn367 MR[0] elapsed 598 sec.: [32mLoop time: 1.007s DC Power: [35m502.4W[32m DRAM power: 0.00W PCK power: 426.40W
	avg. CPUFreq: 2.57GHz avg. IMCFreq: 1.47GHz Next Frequency 2.60
	CPI: 0.396 VPI: 0.00, Mem. bwidth: 0.10GB/s GFLOPS: 0.00 I/O: 0.01MB/s No MPI  
	TPI 0.02 Cache miss rates: L1 0.91GB/s L2 0.00GB/s L3 0.00GB/s
	Total MPI calls 2
	IO DATA: rchar 4554 wchar 6440 syscr 50 syscw 5 read_bytes 0 write_bytes 4096
	Process OS info: (pid 1652664 state R utime 994 stime 1 cutime 0 cstime 0 CPU usage 98)
	CPU temperature (celsius): socket 0: 61 socket 1: 74[0m
EAR[1652664](hratio_l30) at 2.60/1.47 in tcn367 MR[0] elapsed 612 sec.: [32mLoop time: 1.007s DC Power: [35m446.5W[32m DRAM power: 0.00W PCK power: 426.25W
	avg. CPUFreq: 2.57GHz avg. IMCFreq: 1.47GHz Next Frequency 2.60
	CPI: 0.397 VPI: 0.00, Mem. bwidth: 0.13GB/s GFLOPS: 0.00 I/O: 0.01MB/s No MPI  
	TPI 0.03 Cache miss rates: L1 0.92GB/s L2 0.00GB/s L3 0.00GB/s
	Total MPI calls 2
	IO DATA: rchar 4554 wchar 6440 syscr 50 syscw 5 read_bytes 0 write_bytes 12288
	Process OS info: (pid 1652664 state R utime 988 stime 0 cutime 0 cstime 0 CPU usage 98)
	CPU temperature (celsius): socket 0: 61 socket 1: 74[0m
EAR[1652664](hratio_l30) at 2.60/1.47 in tcn367 MR[0] elapsed 625 sec.: [32mLoop time: 1.007s DC Power: [35m502.2W[32m DRAM power: 0.00W PCK power: 426.36W
	avg. CPUFreq: 2.57GHz avg. IMCFreq: 1.47GHz Next Frequency 2.60
	CPI: 0.396 VPI: 0.00, Mem. bwidth: 0.10GB/s GFLOPS: 0.00 I/O: 0.01MB/s No MPI  
	TPI 0.02 Cache miss rates: L1 0.87GB/s L2 0.00GB/s L3 0.00GB/s
	Total MPI calls 2
	IO DATA: rchar 4554 wchar 6440 syscr 50 syscw 5 read_bytes 0 write_bytes 12288
	Process OS info: (pid 1652664 state R utime 994 stime 0 cutime 0 cstime 0 CPU usage 98)
	CPU temperature (celsius): socket 0: 61 socket 1: 74[0m
EAR[1652664](hratio_l30) at 2.60/1.47 in tcn367 MR[0] elapsed 639 sec.: [32mLoop time: 1.007s DC Power: [35m502.3W[32m DRAM power: 0.00W PCK power: 426.26W
	avg. CPUFreq: 2.57GHz avg. IMCFreq: 1.47GHz Next Frequency 2.60
	CPI: 0.396 VPI: 0.00, Mem. bwidth: 0.13GB/s GFLOPS: 0.00 I/O: 0.01MB/s No MPI  
	TPI 0.03 Cache miss rates: L1 0.94GB/s L2 0.00GB/s L3 0.00GB/s
	Total MPI calls 2
	IO DATA: rchar 4554 wchar 6440 syscr 50 syscw 5 read_bytes 0 write_bytes 8192
	Process OS info: (pid 1652664 state R utime 994 stime 0 cutime 0 cstime 0 CPU usage 98)
	CPU temperature (celsius): socket 0: 61 socket 1: 74[0m
EAR[1652664](hratio_l30) at 2.60/1.47 in tcn367 MR[0] elapsed 652 sec.: [32mLoop time: 1.008s DC Power: [35m501.5W[32m DRAM power: 0.00W PCK power: 426.45W
	avg. CPUFreq: 2.57GHz avg. IMCFreq: 1.47GHz Next Frequency 2.60
	CPI: 0.396 VPI: 0.00, Mem. bwidth: 0.14GB/s GFLOPS: 0.00 I/O: 0.01MB/s No MPI  
	TPI 0.03 Cache miss rates: L1 0.89GB/s L2 0.00GB/s L3 0.00GB/s
	Total MPI calls 2
	IO DATA: rchar 4554 wchar 6440 syscr 50 syscw 5 read_bytes 0 write_bytes 135168
	Process OS info: (pid 1652664 state R utime 996 stime 0 cutime 0 cstime 0 CPU usage 98)
	CPU temperature (celsius): socket 0: 61 socket 1: 74[0m
EAR[1652664](hratio_l30) at 2.60/1.47 in tcn367 MR[0] elapsed 665 sec.: [32mLoop time: 1.007s DC Power: [35m446.4W[32m DRAM power: 0.00W PCK power: 426.24W
	avg. CPUFreq: 2.57GHz avg. IMCFreq: 1.47GHz Next Frequency 2.60
	CPI: 0.396 VPI: 0.00, Mem. bwidth: 0.16GB/s GFLOPS: 0.00 I/O: 0.01MB/s No MPI  
	TPI 0.03 Cache miss rates: L1 0.94GB/s L2 0.00GB/s L3 0.00GB/s
	Total MPI calls 2
	IO DATA: rchar 4554 wchar 6440 syscr 50 syscw 5 read_bytes 0 write_bytes 4096
	Process OS info: (pid 1652664 state R utime 994 stime 0 cutime 0 cstime 0 CPU usage 98)
	CPU temperature (celsius): socket 0: 61 socket 1: 74[0m
EAR[1652664](hratio_l30) at 2.60/1.47 in tcn367 MR[0] elapsed 679 sec.: [32mLoop time: 1.007s DC Power: [35m502.9W[32m DRAM power: 0.00W PCK power: 426.26W
	avg. CPUFreq: 2.57GHz avg. IMCFreq: 1.47GHz Next Frequency 2.60
	CPI: 0.397 VPI: 0.00, Mem. bwidth: 0.08GB/s GFLOPS: 0.00 I/O: 0.01MB/s No MPI  
	TPI 0.02 Cache miss rates: L1 0.88GB/s L2 0.00GB/s L3 0.00GB/s
	Total MPI calls 2
	IO DATA: rchar 4554 wchar 6440 syscr 50 syscw 5 read_bytes 0 write_bytes 16384
	Process OS info: (pid 1652664 state R utime 994 stime 0 cutime 0 cstime 0 CPU usage 98)
	CPU temperature (celsius): socket 0: 61 socket 1: 74[0m
EAR[1652664](hratio_l30) at 2.60/1.47 in tcn367 MR[0] elapsed 692 sec.: [32mLoop time: 1.007s DC Power: [35m503.4W[32m DRAM power: 0.00W PCK power: 426.24W
	avg. CPUFreq: 2.57GHz avg. IMCFreq: 1.47GHz Next Frequency 2.60
	CPI: 0.397 VPI: 0.00, Mem. bwidth: 0.09GB/s GFLOPS: 0.00 I/O: 0.01MB/s No MPI  
	TPI 0.02 Cache miss rates: L1 0.87GB/s L2 0.00GB/s L3 0.00GB/s
	Total MPI calls 2
	IO DATA: rchar 4554 wchar 6440 syscr 50 syscw 5 read_bytes 0 write_bytes 4096
	Process OS info: (pid 1652664 state R utime 994 stime 0 cutime 0 cstime 0 CPU usage 98)
	CPU temperature (celsius): socket 0: 61 socket 1: 74[0m
EAR[1652664](hratio_l30) at 2.60/1.47 in tcn367 MR[0] elapsed 706 sec.: [32mLoop time: 1.007s DC Power: [35m504.1W[32m DRAM power: 0.00W PCK power: 426.16W
	avg. CPUFreq: 2.57GHz avg. IMCFreq: 1.47GHz Next Frequency 2.60
	CPI: 0.397 VPI: 0.00, Mem. bwidth: 0.10GB/s GFLOPS: 0.00 I/O: 0.01MB/s No MPI  
	TPI 0.02 Cache miss rates: L1 0.95GB/s L2 0.00GB/s L3 0.00GB/s
	Total MPI calls 2
	IO DATA: rchar 4554 wchar 6440 syscr 50 syscw 5 read_bytes 0 write_bytes 12288
	Process OS info: (pid 1652664 state R utime 994 stime 1 cutime 0 cstime 0 CPU usage 98)
	CPU temperature (celsius): socket 0: 62 socket 1: 74[0m
EAR[1652664](hratio_l30) at 2.60/1.47 in tcn367 MR[0] elapsed 719 sec.: [32mLoop time: 1.006s DC Power: [35m503.6W[32m DRAM power: 0.00W PCK power: 426.44W
	avg. CPUFreq: 2.57GHz avg. IMCFreq: 1.47GHz Next Frequency 2.60
	CPI: 0.397 VPI: 0.00, Mem. bwidth: 0.10GB/s GFLOPS: 0.00 I/O: 0.01MB/s No MPI  
	TPI 0.02 Cache miss rates: L1 0.87GB/s L2 0.00GB/s L3 0.00GB/s
	Total MPI calls 2
	IO DATA: rchar 4554 wchar 6440 syscr 50 syscw 5 read_bytes 0 write_bytes 12288
	Process OS info: (pid 1652664 state R utime 994 stime 0 cutime 0 cstime 0 CPU usage 98)
	CPU temperature (celsius): socket 0: 61 socket 1: 74[0m
EAR[1652664](hratio_l30) at 2.60/1.47 in tcn367 MR[0] elapsed 733 sec.: [32mLoop time: 1.007s DC Power: [35m446.6W[32m DRAM power: 0.00W PCK power: 426.31W
	avg. CPUFreq: 2.57GHz avg. IMCFreq: 1.47GHz Next Frequency 2.60
	CPI: 0.396 VPI: 0.00, Mem. bwidth: 0.11GB/s GFLOPS: 0.00 I/O: 0.01MB/s No MPI  
	TPI 0.02 Cache miss rates: L1 0.95GB/s L2 0.00GB/s L3 0.00GB/s
	Total MPI calls 2
	IO DATA: rchar 4554 wchar 6440 syscr 50 syscw 5 read_bytes 0 write_bytes 4096
	Process OS info: (pid 1652664 state R utime 987 stime 0 cutime 0 cstime 0 CPU usage 98)
	CPU temperature (celsius): socket 0: 61 socket 1: 74[0m
EAR[1652664](hratio_l30) at 2.60/1.47 in tcn367 MR[0] elapsed 746 sec.: [32mLoop time: 1.007s DC Power: [35m502.1W[32m DRAM power: 0.00W PCK power: 426.42W
	avg. CPUFreq: 2.57GHz avg. IMCFreq: 1.47GHz Next Frequency 2.60
	CPI: 0.396 VPI: 0.00, Mem. bwidth: 0.10GB/s GFLOPS: 0.00 I/O: 0.01MB/s No MPI  
	TPI 0.02 Cache miss rates: L1 0.89GB/s L2 0.00GB/s L3 0.00GB/s
	Total MPI calls 2
	IO DATA: rchar 4554 wchar 6440 syscr 50 syscw 5 read_bytes 0 write_bytes 147456
	Process OS info: (pid 1652664 state R utime 995 stime 0 cutime 0 cstime 0 CPU usage 98)
	CPU temperature (celsius): socket 0: 61 socket 1: 74[0m
EAR[1652664](hratio_l30) at 2.60/1.47 in tcn367 MR[0] elapsed 759 sec.: [32mLoop time: 1.007s DC Power: [35m502.3W[32m DRAM power: 0.00W PCK power: 426.36W
	avg. CPUFreq: 2.57GHz avg. IMCFreq: 1.47GHz Next Frequency 2.60
	CPI: 0.396 VPI: 0.00, Mem. bwidth: 0.14GB/s GFLOPS: 0.00 I/O: 0.01MB/s No MPI  
	TPI 0.03 Cache miss rates: L1 0.96GB/s L2 0.00GB/s L3 0.00GB/s
	Total MPI calls 2
	IO DATA: rchar 4554 wchar 6440 syscr 50 syscw 5 read_bytes 0 write_bytes 4096
	Process OS info: (pid 1652664 state R utime 988 stime 0 cutime 0 cstime 0 CPU usage 98)
	CPU temperature (celsius): socket 0: 61 socket 1: 74[0m
EAR[1652664](hratio_l30) at 2.60/1.47 in tcn367 MR[0] elapsed 773 sec.: [32mLoop time: 1.007s DC Power: [35m502.4W[32m DRAM power: 0.00W PCK power: 426.63W
	avg. CPUFreq: 2.57GHz avg. IMCFreq: 1.47GHz Next Frequency 2.60
	CPI: 0.396 VPI: 0.00, Mem. bwidth: 0.10GB/s GFLOPS: 0.00 I/O: 0.01MB/s No MPI  
	TPI 0.02 Cache miss rates: L1 0.87GB/s L2 0.00GB/s L3 0.00GB/s
	Total MPI calls 2
	IO DATA: rchar 4554 wchar 6440 syscr 50 syscw 5 read_bytes 0 write_bytes 16384
	Process OS info: (pid 1652664 state R utime 994 stime 0 cutime 0 cstime 0 CPU usage 98)
	CPU temperature (celsius): socket 0: 61 socket 1: 74[0m
EAR[1652664](hratio_l30) at 2.60/1.47 in tcn367 MR[0] elapsed 786 sec.: [32mLoop time: 1.007s DC Power: [35m446.7W[32m DRAM power: 0.00W PCK power: 426.26W
	avg. CPUFreq: 2.57GHz avg. IMCFreq: 1.47GHz Next Frequency 2.60
	CPI: 0.396 VPI: 0.00, Mem. bwidth: 0.13GB/s GFLOPS: 0.00 I/O: 0.01MB/s No MPI  
	TPI 0.03 Cache miss rates: L1 0.91GB/s L2 0.00GB/s L3 0.00GB/s
	Total MPI calls 2
	IO DATA: rchar 4554 wchar 6440 syscr 50 syscw 5 read_bytes 0 write_bytes 12288
	Process OS info: (pid 1652664 state R utime 987 stime 0 cutime 0 cstime 0 CPU usage 98)
	CPU temperature (celsius): socket 0: 61 socket 1: 74[0m
EAR[1652664](hratio_l30) at 2.60/1.47 in tcn367 MR[0] elapsed 800 sec.: [32mLoop time: 1.007s DC Power: [35m502.2W[32m DRAM power: 0.00W PCK power: 426.32W
	avg. CPUFreq: 2.57GHz avg. IMCFreq: 1.47GHz Next Frequency 2.60
	CPI: 0.396 VPI: 0.00, Mem. bwidth: 0.10GB/s GFLOPS: 0.00 I/O: 0.01MB/s No MPI  
	TPI 0.02 Cache miss rates: L1 0.97GB/s L2 0.00GB/s L3 0.00GB/s
	Total MPI calls 2
	IO DATA: rchar 4554 wchar 6440 syscr 50 syscw 5 read_bytes 0 write_bytes 12288
	Process OS info: (pid 1652664 state R utime 994 stime 0 cutime 0 cstime 0 CPU usage 98)
	CPU temperature (celsius): socket 0: 61 socket 1: 74[0m
EAR[1652664](hratio_l30) at 2.60/1.47 in tcn367 MR[0] elapsed 813 sec.: [32mLoop time: 1.007s DC Power: [35m502.4W[32m DRAM power: 0.00W PCK power: 426.27W
	avg. CPUFreq: 2.57GHz avg. IMCFreq: 1.47GHz Next Frequency 2.60
	CPI: 0.396 VPI: 0.00, Mem. bwidth: 0.11GB/s GFLOPS: 0.00 I/O: 0.01MB/s No MPI  
	TPI 0.02 Cache miss rates: L1 0.91GB/s L2 0.00GB/s L3 0.00GB/s
	Total MPI calls 2
	IO DATA: rchar 4554 wchar 6440 syscr 50 syscw 5 read_bytes 0 write_bytes 12288
	Process OS info: (pid 1652664 state R utime 994 stime 0 cutime 0 cstime 0 CPU usage 98)
	CPU temperature (celsius): socket 0: 61 socket 1: 74[0m
EAR[1652664](hratio_l30) at 2.60/1.47 in tcn367 MR[0] elapsed 827 sec.: [32mLoop time: 1.007s DC Power: [35m502.3W[32m DRAM power: 0.00W PCK power: 426.33W
	avg. CPUFreq: 2.57GHz avg. IMCFreq: 1.47GHz Next Frequency 2.60
	CPI: 0.396 VPI: 0.00, Mem. bwidth: 0.09GB/s GFLOPS: 0.00 I/O: 0.01MB/s No MPI  
	TPI 0.02 Cache miss rates: L1 0.95GB/s L2 0.00GB/s L3 0.00GB/s
	Total MPI calls 2
	IO DATA: rchar 4554 wchar 6440 syscr 50 syscw 5 read_bytes 0 write_bytes 8192
	Process OS info: (pid 1652664 state R utime 994 stime 0 cutime 0 cstime 0 CPU usage 98)
	CPU temperature (celsius): socket 0: 61 socket 1: 74[0m
EAR[1652664](hratio_l30) at 2.60/1.47 in tcn367 MR[0] elapsed 840 sec.: [32mLoop time: 1.007s DC Power: [35m502.1W[32m DRAM power: 0.00W PCK power: 426.42W
	avg. CPUFreq: 2.57GHz avg. IMCFreq: 1.47GHz Next Frequency 2.60
	CPI: 0.396 VPI: 0.00, Mem. bwidth: 0.11GB/s GFLOPS: 0.00 I/O: 0.01MB/s No MPI  
	TPI 0.02 Cache miss rates: L1 0.88GB/s L2 0.00GB/s L3 0.00GB/s
	Total MPI calls 2
	IO DATA: rchar 4554 wchar 6440 syscr 50 syscw 5 read_bytes 0 write_bytes 12288
	Process OS info: (pid 1652664 state R utime 995 stime 0 cutime 0 cstime 0 CPU usage 98)
	CPU temperature (celsius): socket 0: 62 socket 1: 74[0m
EAR[1652664](hratio_l30) at 2.60/1.47 in tcn367 MR[0] elapsed 853 sec.: [32mLoop time: 1.007s DC Power: [35m447.4W[32m DRAM power: 0.00W PCK power: 426.29W
	avg. CPUFreq: 2.57GHz avg. IMCFreq: 1.47GHz Next Frequency 2.60
	CPI: 0.396 VPI: 0.00, Mem. bwidth: 0.11GB/s GFLOPS: 0.00 I/O: 0.01MB/s No MPI  
	TPI 0.02 Cache miss rates: L1 0.88GB/s L2 0.00GB/s L3 0.00GB/s
	Total MPI calls 2
	IO DATA: rchar 4554 wchar 6440 syscr 50 syscw 5 read_bytes 0 write_bytes 4096
	Process OS info: (pid 1652664 state R utime 994 stime 0 cutime 0 cstime 0 CPU usage 98)
	CPU temperature (celsius): socket 0: 61 socket 1: 74[0m
EAR[1652664](hratio_l30) at 2.60/1.47 in tcn367 MR[0] elapsed 867 sec.: [32mLoop time: 1.007s DC Power: [35m447.5W[32m DRAM power: 0.00W PCK power: 426.56W
	avg. CPUFreq: 2.57GHz avg. IMCFreq: 1.47GHz Next Frequency 2.60
	CPI: 0.396 VPI: 0.00, Mem. bwidth: 0.10GB/s GFLOPS: 0.00 I/O: 0.01MB/s No MPI  
	TPI 0.02 Cache miss rates: L1 0.92GB/s L2 0.00GB/s L3 0.00GB/s
	Total MPI calls 2
	IO DATA: rchar 4554 wchar 6440 syscr 50 syscw 5 read_bytes 0 write_bytes 139264
	Process OS info: (pid 1652664 state R utime 994 stime 0 cutime 0 cstime 0 CPU usage 98)
	CPU temperature (celsius): socket 0: 61 socket 1: 74[0m
EAR[1652664](hratio_l30) at 2.60/1.47 in tcn367 MR[0] elapsed 880 sec.: [32mLoop time: 1.007s DC Power: [35m448.0W[32m DRAM power: 0.00W PCK power: 426.23W
	avg. CPUFreq: 2.57GHz avg. IMCFreq: 1.47GHz Next Frequency 2.60
	CPI: 0.397 VPI: 0.00, Mem. bwidth: 0.12GB/s GFLOPS: 0.00 I/O: 0.01MB/s No MPI  
	TPI 0.02 Cache miss rates: L1 0.89GB/s L2 0.00GB/s L3 0.00GB/s
	Total MPI calls 2
	IO DATA: rchar 4554 wchar 6440 syscr 50 syscw 5 read_bytes 0 write_bytes 12288
	Process OS info: (pid 1652664 state R utime 987 stime 0 cutime 0 cstime 0 CPU usage 98)
	CPU temperature (celsius): socket 0: 62 socket 1: 75[0m
EAR[1652664](hratio_l30) at 2.60/1.47 in tcn367 MR[0] elapsed 894 sec.: [32mLoop time: 1.007s DC Power: [35m447.4W[32m DRAM power: 0.00W PCK power: 426.47W
	avg. CPUFreq: 2.57GHz avg. IMCFreq: 1.47GHz Next Frequency 2.60
	CPI: 0.396 VPI: 0.00, Mem. bwidth: 0.14GB/s GFLOPS: 0.00 I/O: 0.01MB/s No MPI  
	TPI 0.03 Cache miss rates: L1 0.96GB/s L2 0.00GB/s L3 0.00GB/s
	Total MPI calls 2
	IO DATA: rchar 4554 wchar 6440 syscr 50 syscw 5 read_bytes 0 write_bytes 16384
	Process OS info: (pid 1652664 state R utime 993 stime 1 cutime 0 cstime 0 CPU usage 98)
	CPU temperature (celsius): socket 0: 62 socket 1: 75[0m
EAR[1652664](hratio_l30) at 2.60/1.47 in tcn367 MR[0] elapsed 907 sec.: [32mLoop time: 1.007s DC Power: [35m390.6W[32m DRAM power: 0.00W PCK power: 426.20W
	avg. CPUFreq: 2.57GHz avg. IMCFreq: 1.47GHz Next Frequency 2.60
	CPI: 0.396 VPI: 0.00, Mem. bwidth: 0.13GB/s GFLOPS: 0.00 I/O: 0.01MB/s No MPI  
	TPI 0.03 Cache miss rates: L1 0.88GB/s L2 0.00GB/s L3 0.00GB/s
	Total MPI calls 2
	IO DATA: rchar 4554 wchar 6440 syscr 50 syscw 5 read_bytes 0 write_bytes 12288
	Process OS info: (pid 1652664 state R utime 987 stime 0 cutime 0 cstime 0 CPU usage 98)
	CPU temperature (celsius): socket 0: 61 socket 1: 74[0m
EAR[1652664](hratio_l30) at 2.60/1.47 in tcn367 MR[0] elapsed 921 sec.: [32mLoop time: 1.007s DC Power: [35m446.3W[32m DRAM power: 0.00W PCK power: 426.20W
	avg. CPUFreq: 2.57GHz avg. IMCFreq: 1.47GHz Next Frequency 2.60
	CPI: 0.396 VPI: 0.00, Mem. bwidth: 0.09GB/s GFLOPS: 0.00 I/O: 0.01MB/s No MPI  
	TPI 0.02 Cache miss rates: L1 0.95GB/s L2 0.00GB/s L3 0.00GB/s
	Total MPI calls 2
	IO DATA: rchar 4554 wchar 6440 syscr 50 syscw 5 read_bytes 0 write_bytes 8192
	Process OS info: (pid 1652664 state R utime 994 stime 0 cutime 0 cstime 0 CPU usage 98)
	CPU temperature (celsius): socket 0: 61 socket 1: 74[0m
EAR[1652664](hratio_l30) at 2.60/1.47 in tcn367 MR[0] elapsed 934 sec.: [32mLoop time: 1.007s DC Power: [35m446.7W[32m DRAM power: 0.00W PCK power: 426.15W
	avg. CPUFreq: 2.57GHz avg. IMCFreq: 1.47GHz Next Frequency 2.60
	CPI: 0.397 VPI: 0.00, Mem. bwidth: 0.12GB/s GFLOPS: 0.00 I/O: 0.01MB/s No MPI  
	TPI 0.02 Cache miss rates: L1 0.87GB/s L2 0.00GB/s L3 0.00GB/s
	Total MPI calls 2
	IO DATA: rchar 4554 wchar 6440 syscr 50 syscw 5 read_bytes 0 write_bytes 8192
	Process OS info: (pid 1652664 state R utime 987 stime 1 cutime 0 cstime 0 CPU usage 98)
	CPU temperature (celsius): socket 0: 62 socket 1: 74[0m
EAR[1652664](hratio_l30) at 2.60/1.47 in tcn367 MR[0] elapsed 947 sec.: [32mLoop time: 1.007s DC Power: [35m502.2W[32m DRAM power: 0.00W PCK power: 426.11W
	avg. CPUFreq: 2.57GHz avg. IMCFreq: 1.47GHz Next Frequency 2.60
	CPI: 0.396 VPI: 0.00, Mem. bwidth: 0.10GB/s GFLOPS: 0.00 I/O: 0.01MB/s No MPI  
	TPI 0.02 Cache miss rates: L1 0.90GB/s L2 0.00GB/s L3 0.00GB/s
	Total MPI calls 2
	IO DATA: rchar 4554 wchar 6440 syscr 50 syscw 5 read_bytes 0 write_bytes 4096
	Process OS info: (pid 1652664 state R utime 993 stime 0 cutime 0 cstime 0 CPU usage 98)
	CPU temperature (celsius): socket 0: 62 socket 1: 74[0m
EAR[1652664](hratio_l30) at 2.60/1.47 in tcn367 MR[0] elapsed 961 sec.: [32mLoop time: 1.007s DC Power: [35m446.4W[32m DRAM power: 0.00W PCK power: 426.53W
	avg. CPUFreq: 2.57GHz avg. IMCFreq: 1.47GHz Next Frequency 2.60
	CPI: 0.396 VPI: 0.00, Mem. bwidth: 0.10GB/s GFLOPS: 0.00 I/O: 0.01MB/s No MPI  
	TPI 0.02 Cache miss rates: L1 0.90GB/s L2 0.00GB/s L3 0.00GB/s
	Total MPI calls 2
	IO DATA: rchar 4554 wchar 6440 syscr 50 syscw 5 read_bytes 0 write_bytes 151552
	Process OS info: (pid 1652664 state R utime 994 stime 0 cutime 0 cstime 0 CPU usage 98)
	CPU temperature (celsius): socket 0: 61 socket 1: 74[0m
EAR[1652664](hratio_l30) at 2.60/1.47 in tcn367 MR[0] elapsed 974 sec.: [32mLoop time: 1.007s DC Power: [35m502.2W[32m DRAM power: 0.00W PCK power: 426.00W
	avg. CPUFreq: 2.57GHz avg. IMCFreq: 1.47GHz Next Frequency 2.60
	CPI: 0.397 VPI: 0.00, Mem. bwidth: 0.23GB/s GFLOPS: 0.00 I/O: 0.01MB/s No MPI  
	TPI 0.05 Cache miss rates: L1 0.84GB/s L2 0.00GB/s L3 0.00GB/s
	Total MPI calls 2
	IO DATA: rchar 4554 wchar 6440 syscr 50 syscw 5 read_bytes 0 write_bytes 12288
	Process OS info: (pid 1652664 state R utime 952 stime 0 cutime 0 cstime 0 CPU usage 94)
	CPU temperature (celsius): socket 0: 61 socket 1: 74[0m
EAR[1652664](hratio_l30) at 2.60/1.47 in tcn367 MR[0] elapsed 988 sec.: [32mLoop time: 1.007s DC Power: [35m446.5W[32m DRAM power: 0.00W PCK power: 426.47W
	avg. CPUFreq: 2.57GHz avg. IMCFreq: 1.47GHz Next Frequency 2.60
	CPI: 0.397 VPI: 0.00, Mem. bwidth: 0.30GB/s GFLOPS: 0.00 I/O: 0.01MB/s No MPI  
	TPI 0.06 Cache miss rates: L1 0.90GB/s L2 0.00GB/s L3 0.00GB/s
	Total MPI calls 2
	IO DATA: rchar 4554 wchar 6440 syscr 50 syscw 5 read_bytes 0 write_bytes 8192
	Process OS info: (pid 1652664 state R utime 989 stime 0 cutime 0 cstime 0 CPU usage 98)
	CPU temperature (celsius): socket 0: 61 socket 1: 74[0m
EAR[1652664](hratio_l30) at 2.60/1.47 in tcn367 MR[0] elapsed 1001 sec.: [32mLoop time: 1.007s DC Power: [35m502.0W[32m DRAM power: 0.00W PCK power: 426.18W
	avg. CPUFreq: 2.57GHz avg. IMCFreq: 1.47GHz Next Frequency 2.60
	CPI: 0.397 VPI: 0.00, Mem. bwidth: 0.29GB/s GFLOPS: 0.00 I/O: 0.01MB/s No MPI  
	TPI 0.06 Cache miss rates: L1 0.82GB/s L2 0.00GB/s L3 0.00GB/s
	Total MPI calls 2
	IO DATA: rchar 4554 wchar 6440 syscr 50 syscw 5 read_bytes 0 write_bytes 12288
	Process OS info: (pid 1652664 state R utime 980 stime 0 cutime 0 cstime 0 CPU usage 97)
	CPU temperature (celsius): socket 0: 62 socket 1: 74[0m
EAR[1652664](hratio_l30) at 2.60/1.47 in tcn367 MR[0] elapsed 1015 sec.: [32mLoop time: 1.007s DC Power: [35m502.2W[32m DRAM power: 0.00W PCK power: 427.27W
	avg. CPUFreq: 2.57GHz avg. IMCFreq: 1.47GHz Next Frequency 2.60
	CPI: 0.396 VPI: 0.00, Mem. bwidth: 0.39GB/s GFLOPS: 0.00 I/O: 0.01MB/s No MPI  
	TPI 0.08 Cache miss rates: L1 0.90GB/s L2 0.00GB/s L3 0.00GB/s
	Total MPI calls 2
	IO DATA: rchar 4554 wchar 6440 syscr 50 syscw 5 read_bytes 0 write_bytes 8192
	Process OS info: (pid 1652664 state R utime 993 stime 0 cutime 0 cstime 0 CPU usage 98)
	CPU temperature (celsius): socket 0: 61 socket 1: 74[0m
EAR[1652664](hratio_l30) at 2.60/1.47 in tcn367 MR[0] elapsed 1028 sec.: [32mLoop time: 1.013s DC Power: [35m444.8W[32m DRAM power: 0.00W PCK power: 426.18W
	avg. CPUFreq: 2.57GHz avg. IMCFreq: 1.47GHz Next Frequency 2.60
	CPI: 0.396 VPI: 0.00, Mem. bwidth: 0.14GB/s GFLOPS: 0.00 I/O: 0.01MB/s No MPI  
	TPI 0.03 Cache miss rates: L1 0.86GB/s L2 0.00GB/s L3 0.00GB/s
	Total MPI calls 2
	IO DATA: rchar 4554 wchar 6440 syscr 50 syscw 5 read_bytes 0 write_bytes 12288
	Process OS info: (pid 1652664 state R utime 995 stime 0 cutime 0 cstime 0 CPU usage 98)
	CPU temperature (celsius): socket 0: 62 socket 1: 74[0m
EAR[1652664](hratio_l30) at 2.60/1.47 in tcn367 MR[0] elapsed 1041 sec.: [32mLoop time: 1.007s DC Power: [35m504.1W[32m DRAM power: 0.00W PCK power: 426.39W
	avg. CPUFreq: 2.57GHz avg. IMCFreq: 1.47GHz Next Frequency 2.60
	CPI: 0.396 VPI: 0.00, Mem. bwidth: 0.11GB/s GFLOPS: 0.00 I/O: 0.01MB/s No MPI  
	TPI 0.02 Cache miss rates: L1 0.87GB/s L2 0.00GB/s L3 0.00GB/s
	Total MPI calls 2
	IO DATA: rchar 4555 wchar 6440 syscr 50 syscw 5 read_bytes 0 write_bytes 4096
	Process OS info: (pid 1652664 state R utime 994 stime 0 cutime 0 cstime 0 CPU usage 98)
	CPU temperature (celsius): socket 0: 61 socket 1: 75[0m
EAR[1652664](hratio_l30) at 2.60/1.47 in tcn367 MR[0] elapsed 1055 sec.: [32mLoop time: 1.007s DC Power: [35m503.5W[32m DRAM power: 0.00W PCK power: 426.35W
	avg. CPUFreq: 2.57GHz avg. IMCFreq: 1.47GHz Next Frequency 2.60
	CPI: 0.396 VPI: 0.00, Mem. bwidth: 0.11GB/s GFLOPS: 0.00 I/O: 0.01MB/s No MPI  
	TPI 0.02 Cache miss rates: L1 0.89GB/s L2 0.00GB/s L3 0.00GB/s
	Total MPI calls 2
	IO DATA: rchar 4555 wchar 6440 syscr 50 syscw 5 read_bytes 0 write_bytes 12288
	Process OS info: (pid 1652664 state R utime 994 stime 0 cutime 0 cstime 0 CPU usage 98)
	CPU temperature (celsius): socket 0: 62 socket 1: 74[0m
EAR[1652664](hratio_l30) at 2.60/1.47 in tcn367 MR[0] elapsed 1068 sec.: [32mLoop time: 1.007s DC Power: [35m503.3W[32m DRAM power: 0.00W PCK power: 426.33W
	avg. CPUFreq: 2.57GHz avg. IMCFreq: 1.47GHz Next Frequency 2.60
	CPI: 0.396 VPI: 0.00, Mem. bwidth: 0.10GB/s GFLOPS: 0.00 I/O: 0.01MB/s No MPI  
	TPI 0.02 Cache miss rates: L1 0.82GB/s L2 0.00GB/s L3 0.00GB/s
	Total MPI calls 2
	IO DATA: rchar 4555 wchar 6440 syscr 50 syscw 5 read_bytes 0 write_bytes 12288
	Process OS info: (pid 1652664 state R utime 994 stime 0 cutime 0 cstime 0 CPU usage 98)
	CPU temperature (celsius): socket 0: 61 socket 1: 74[0m
EAR[1652664](hratio_l30) at 2.60/1.47 in tcn367 MR[0] elapsed 1082 sec.: [32mLoop time: 1.007s DC Power: [35m502.2W[32m DRAM power: 0.00W PCK power: 426.13W
	avg. CPUFreq: 2.57GHz avg. IMCFreq: 1.47GHz Next Frequency 2.60
	CPI: 0.396 VPI: 0.00, Mem. bwidth: 0.09GB/s GFLOPS: 0.00 I/O: 0.01MB/s No MPI  
	TPI 0.02 Cache miss rates: L1 0.92GB/s L2 0.00GB/s L3 0.00GB/s
	Total MPI calls 2
	IO DATA: rchar 4555 wchar 6440 syscr 50 syscw 5 read_bytes 0 write_bytes 151552
	Process OS info: (pid 1652664 state R utime 994 stime 1 cutime 0 cstime 0 CPU usage 98)
	CPU temperature (celsius): socket 0: 62 socket 1: 74[0m
EAR[1652664](hratio_l30) at 2.60/1.47 in tcn367 MR[0] elapsed 1095 sec.: [32mLoop time: 1.007s DC Power: [35m502.2W[32m DRAM power: 0.00W PCK power: 426.11W
	avg. CPUFreq: 2.57GHz avg. IMCFreq: 1.47GHz Next Frequency 2.60
	CPI: 0.396 VPI: 0.00, Mem. bwidth: 0.08GB/s GFLOPS: 0.00 I/O: 0.01MB/s No MPI  
	TPI 0.02 Cache miss rates: L1 0.87GB/s L2 0.00GB/s L3 0.00GB/s
	Total MPI calls 2
	IO DATA: rchar 4555 wchar 6440 syscr 50 syscw 5 read_bytes 0 write_bytes 12288
	Process OS info: (pid 1652664 state R utime 994 stime 0 cutime 0 cstime 0 CPU usage 98)
	CPU temperature (celsius): socket 0: 61 socket 1: 74[0m
EAR[1652664](hratio_l30) at 2.60/1.47 in tcn367 MR[0] elapsed 1109 sec.: [32mLoop time: 1.006s DC Power: [35m502.6W[32m DRAM power: 0.00W PCK power: 426.39W
	avg. CPUFreq: 2.57GHz avg. IMCFreq: 1.47GHz Next Frequency 2.60
	CPI: 0.396 VPI: 0.00, Mem. bwidth: 0.09GB/s GFLOPS: 0.00 I/O: 0.01MB/s No MPI  
	TPI 0.02 Cache miss rates: L1 0.95GB/s L2 0.00GB/s L3 0.00GB/s
	Total MPI calls 2
	IO DATA: rchar 4555 wchar 6440 syscr 50 syscw 5 read_bytes 0 write_bytes 8192
	Process OS info: (pid 1652664 state R utime 993 stime 0 cutime 0 cstime 0 CPU usage 98)
	CPU temperature (celsius): socket 0: 61 socket 1: 74[0m
EAR[1652664](hratio_l30) at 2.60/1.47 in tcn367 MR[0] elapsed 1122 sec.: [32mLoop time: 1.007s DC Power: [35m502.3W[32m DRAM power: 0.00W PCK power: 426.13W
	avg. CPUFreq: 2.57GHz avg. IMCFreq: 1.47GHz Next Frequency 2.60
	CPI: 0.396 VPI: 0.00, Mem. bwidth: 0.12GB/s GFLOPS: 0.00 I/O: 0.01MB/s No MPI  
	TPI 0.02 Cache miss rates: L1 0.90GB/s L2 0.00GB/s L3 0.00GB/s
	Total MPI calls 2
	IO DATA: rchar 4555 wchar 6440 syscr 50 syscw 5 read_bytes 0 write_bytes 4096
	Process OS info: (pid 1652664 state R utime 994 stime 1 cutime 0 cstime 0 CPU usage 98)
	CPU temperature (celsius): socket 0: 61 socket 1: 74[0m
EAR[1652664](hratio_l30) at 2.60/1.47 in tcn367 MR[0] elapsed 1135 sec.: [32mLoop time: 1.007s DC Power: [35m502.0W[32m DRAM power: 0.00W PCK power: 426.42W
	avg. CPUFreq: 2.57GHz avg. IMCFreq: 1.47GHz Next Frequency 2.60
	CPI: 0.396 VPI: 0.00, Mem. bwidth: 0.13GB/s GFLOPS: 0.00 I/O: 0.01MB/s No MPI  
	TPI 0.03 Cache miss rates: L1 0.92GB/s L2 0.00GB/s L3 0.00GB/s
	Total MPI calls 2
	IO DATA: rchar 4555 wchar 6440 syscr 50 syscw 5 read_bytes 0 write_bytes 8192
	Process OS info: (pid 1652664 state R utime 994 stime 0 cutime 0 cstime 0 CPU usage 98)
	CPU temperature (celsius): socket 0: 61 socket 1: 74[0m
EAR[1652664](hratio_l30) at 2.60/1.47 in tcn367 MR[0] elapsed 1149 sec.: [32mLoop time: 1.007s DC Power: [35m446.7W[32m DRAM power: 0.00W PCK power: 426.25W
	avg. CPUFreq: 2.57GHz avg. IMCFreq: 1.47GHz Next Frequency 2.60
	CPI: 0.396 VPI: 0.00, Mem. bwidth: 0.12GB/s GFLOPS: 0.00 I/O: 0.01MB/s No MPI  
	TPI 0.02 Cache miss rates: L1 0.95GB/s L2 0.00GB/s L3 0.00GB/s
	Total MPI calls 2
	IO DATA: rchar 4555 wchar 6440 syscr 50 syscw 5 read_bytes 0 write_bytes 8192
	Process OS info: (pid 1652664 state R utime 994 stime 0 cutime 0 cstime 0 CPU usage 98)
	CPU temperature (celsius): socket 0: 62 socket 1: 74[0m
EAR[1652664](hratio_l30) at 2.60/1.47 in tcn367 MR[0] elapsed 1162 sec.: [32mLoop time: 1.007s DC Power: [35m502.1W[32m DRAM power: 0.00W PCK power: 426.32W
	avg. CPUFreq: 2.57GHz avg. IMCFreq: 1.47GHz Next Frequency 2.60
	CPI: 0.396 VPI: 0.00, Mem. bwidth: 0.10GB/s GFLOPS: 0.00 I/O: 0.01MB/s No MPI  
	TPI 0.02 Cache miss rates: L1 0.90GB/s L2 0.00GB/s L3 0.00GB/s
	Total MPI calls 2
	IO DATA: rchar 4555 wchar 6440 syscr 50 syscw 5 read_bytes 0 write_bytes 12288
	Process OS info: (pid 1652664 state R utime 994 stime 0 cutime 0 cstime 0 CPU usage 98)
	CPU temperature (celsius): socket 0: 62 socket 1: 74[0m
EAR[1652664](hratio_l30) at 2.60/1.47 in tcn367 MR[0] elapsed 1176 sec.: [32mLoop time: 1.007s DC Power: [35m502.2W[32m DRAM power: 0.00W PCK power: 426.24W
	avg. CPUFreq: 2.57GHz avg. IMCFreq: 1.47GHz Next Frequency 2.60
	CPI: 0.396 VPI: 0.00, Mem. bwidth: 0.11GB/s GFLOPS: 0.00 I/O: 0.01MB/s No MPI  
	TPI 0.02 Cache miss rates: L1 0.97GB/s L2 0.00GB/s L3 0.00GB/s
	Total MPI calls 2
	IO DATA: rchar 4555 wchar 6440 syscr 50 syscw 5 read_bytes 0 write_bytes 12288
	Process OS info: (pid 1652664 state R utime 990 stime 0 cutime 0 cstime 0 CPU usage 98)
	CPU temperature (celsius): socket 0: 61 socket 1: 74[0m
EAR[1652664](hratio_l30) at 2.60/1.47 in tcn367 MR[0] elapsed 1189 sec.: [32mLoop time: 1.007s DC Power: [35m502.3W[32m DRAM power: 0.00W PCK power: 426.24W
	avg. CPUFreq: 2.57GHz avg. IMCFreq: 1.47GHz Next Frequency 2.60
	CPI: 0.396 VPI: 0.00, Mem. bwidth: 0.10GB/s GFLOPS: 0.00 I/O: 0.01MB/s No MPI  
	TPI 0.02 Cache miss rates: L1 0.90GB/s L2 0.00GB/s L3 0.00GB/s
	Total MPI calls 2
	IO DATA: rchar 4555 wchar 6440 syscr 50 syscw 5 read_bytes 0 write_bytes 8192
	Process OS info: (pid 1652664 state R utime 994 stime 1 cutime 0 cstime 0 CPU usage 98)
	CPU temperature (celsius): socket 0: 62 socket 1: 75[0m
EAR[1652664](hratio_l30) at 2.60/1.47 in tcn367 MR[0] elapsed 1203 sec.: [32mLoop time: 1.007s DC Power: [35m503.2W[32m DRAM power: 0.00W PCK power: 426.83W
	avg. CPUFreq: 2.57GHz avg. IMCFreq: 1.47GHz Next Frequency 2.60
	CPI: 0.395 VPI: 0.00, Mem. bwidth: 0.10GB/s GFLOPS: 0.00 I/O: 0.01MB/s No MPI  
	TPI 0.02 Cache miss rates: L1 0.95GB/s L2 0.00GB/s L3 0.00GB/s
	Total MPI calls 2
	IO DATA: rchar 4555 wchar 6440 syscr 50 syscw 5 read_bytes 0 write_bytes 12288
	Process OS info: (pid 1652664 state R utime 994 stime 0 cutime 0 cstime 0 CPU usage 98)
	CPU temperature (celsius): socket 0: 62 socket 1: 74[0m
EAR[1652664](hratio_l30) at 2.60/1.47 in tcn367 MR[0] elapsed 1216 sec.: [32mLoop time: 1.007s DC Power: [35m504.2W[32m DRAM power: 0.00W PCK power: 426.89W
	avg. CPUFreq: 2.57GHz avg. IMCFreq: 1.47GHz Next Frequency 2.60
	CPI: 0.395 VPI: 0.00, Mem. bwidth: 0.09GB/s GFLOPS: 0.00 I/O: 0.01MB/s No MPI  
	TPI 0.02 Cache miss rates: L1 0.88GB/s L2 0.00GB/s L3 0.00GB/s
	Total MPI calls 2
	IO DATA: rchar 4555 wchar 6440 syscr 50 syscw 5 read_bytes 0 write_bytes 8192
	Process OS info: (pid 1652664 state R utime 994 stime 0 cutime 0 cstime 0 CPU usage 98)
	CPU temperature (celsius): socket 0: 62 socket 1: 74[0m
EAR[1652664](hratio_l30) at 2.60/1.47 in tcn367 MR[0] elapsed 1229 sec.: [32mLoop time: 1.007s DC Power: [35m504.1W[32m DRAM power: 0.00W PCK power: 427.34W
	avg. CPUFreq: 2.57GHz avg. IMCFreq: 1.47GHz Next Frequency 2.60
	CPI: 0.393 VPI: 0.00, Mem. bwidth: 0.10GB/s GFLOPS: 0.00 I/O: 0.01MB/s No MPI  
	TPI 0.02 Cache miss rates: L1 0.87GB/s L2 0.00GB/s L3 0.00GB/s
	Total MPI calls 2
	IO DATA: rchar 4555 wchar 6440 syscr 50 syscw 5 read_bytes 0 write_bytes 8192
	Process OS info: (pid 1652664 state R utime 994 stime 0 cutime 0 cstime 0 CPU usage 98)
	CPU temperature (celsius): socket 0: 61 socket 1: 74[0m
EAR[1652664](hratio_l30) at 2.60/1.47 in tcn367 MR[0] elapsed 1243 sec.: [32mLoop time: 1.007s DC Power: [35m503.8W[32m DRAM power: 0.00W PCK power: 427.36W
	avg. CPUFreq: 2.57GHz avg. IMCFreq: 1.47GHz Next Frequency 2.60
	CPI: 0.393 VPI: 0.00, Mem. bwidth: 0.11GB/s GFLOPS: 0.00 I/O: 0.01MB/s No MPI  
	TPI 0.02 Cache miss rates: L1 0.95GB/s L2 0.00GB/s L3 0.00GB/s
	Total MPI calls 2
	IO DATA: rchar 4555 wchar 6440 syscr 50 syscw 5 read_bytes 0 write_bytes 12288
	Process OS info: (pid 1652664 state R utime 995 stime 0 cutime 0 cstime 0 CPU usage 98)
	CPU temperature (celsius): socket 0: 62 socket 1: 74[0m
EAR[1652664](hratio_l30) at 2.60/1.47 in tcn367 MR[0] elapsed 1256 sec.: [32mLoop time: 1.006s DC Power: [35m503.5W[32m DRAM power: 0.00W PCK power: 427.57W
	avg. CPUFreq: 2.57GHz avg. IMCFreq: 1.47GHz Next Frequency 2.60
	CPI: 0.392 VPI: 0.00, Mem. bwidth: 0.10GB/s GFLOPS: 0.00 I/O: 0.01MB/s No MPI  
	TPI 0.02 Cache miss rates: L1 0.87GB/s L2 0.00GB/s L3 0.00GB/s
	Total MPI calls 2
	IO DATA: rchar 4555 wchar 6440 syscr 50 syscw 5 read_bytes 0 write_bytes 12288
	Process OS info: (pid 1652664 state R utime 993 stime 0 cutime 0 cstime 0 CPU usage 98)
	CPU temperature (celsius): socket 0: 62 socket 1: 74[0m
EAR[1652664](hratio_l30) at 2.60/1.47 in tcn367 MR[0] elapsed 1270 sec.: [32mLoop time: 1.007s DC Power: [35m447.3W[32m DRAM power: 0.00W PCK power: 427.42W
	avg. CPUFreq: 2.57GHz avg. IMCFreq: 1.47GHz Next Frequency 2.60
	CPI: 0.392 VPI: 0.00, Mem. bwidth: 0.13GB/s GFLOPS: 0.00 I/O: 0.01MB/s No MPI  
	TPI 0.03 Cache miss rates: L1 0.95GB/s L2 0.00GB/s L3 0.00GB/s
	Total MPI calls 2
	IO DATA: rchar 4555 wchar 6440 syscr 50 syscw 5 read_bytes 0 write_bytes 4096
	Process OS info: (pid 1652664 state R utime 994 stime 0 cutime 0 cstime 0 CPU usage 98)
	CPU temperature (celsius): socket 0: 62 socket 1: 74[0m
EAR[1652664](hratio_l30) at 2.60/1.47 in tcn367 MR[0] elapsed 1283 sec.: [32mLoop time: 1.007s DC Power: [35m503.0W[32m DRAM power: 0.00W PCK power: 427.64W
	avg. CPUFreq: 2.57GHz avg. IMCFreq: 1.47GHz Next Frequency 2.60
	CPI: 0.393 VPI: 0.00, Mem. bwidth: 0.10GB/s GFLOPS: 0.00 I/O: 0.01MB/s No MPI  
	TPI 0.02 Cache miss rates: L1 0.87GB/s L2 0.00GB/s L3 0.00GB/s
	Total MPI calls 2
	IO DATA: rchar 4555 wchar 6440 syscr 50 syscw 5 read_bytes 0 write_bytes 12288
	Process OS info: (pid 1652664 state R utime 994 stime 0 cutime 0 cstime 0 CPU usage 98)
	CPU temperature (celsius): socket 0: 62 socket 1: 74[0m
EAR[1652664](hratio_l30) at 2.60/1.47 in tcn367 MR[0] elapsed 1297 sec.: [32mLoop time: 1.007s DC Power: [35m503.2W[32m DRAM power: 0.00W PCK power: 427.40W
	avg. CPUFreq: 2.57GHz avg. IMCFreq: 1.47GHz Next Frequency 2.60
	CPI: 0.393 VPI: 0.00, Mem. bwidth: 0.14GB/s GFLOPS: 0.00 I/O: 0.01MB/s No MPI  
	TPI 0.03 Cache miss rates: L1 0.91GB/s L2 0.00GB/s L3 0.00GB/s
	Total MPI calls 2
	IO DATA: rchar 4555 wchar 6440 syscr 50 syscw 5 read_bytes 0 write_bytes 8192
	Process OS info: (pid 1652664 state R utime 994 stime 0 cutime 0 cstime 0 CPU usage 98)
	CPU temperature (celsius): socket 0: 62 socket 1: 74[0m
EAR[1652664](hratio_l30) at 2.60/1.47 in tcn367 MR[0] elapsed 1310 sec.: [32mLoop time: 1.007s DC Power: [35m503.2W[32m DRAM power: 0.00W PCK power: 427.62W
	avg. CPUFreq: 2.57GHz avg. IMCFreq: 1.47GHz Next Frequency 2.60
	CPI: 0.393 VPI: 0.00, Mem. bwidth: 0.10GB/s GFLOPS: 0.00 I/O: 0.01MB/s No MPI  
	TPI 0.02 Cache miss rates: L1 0.92GB/s L2 0.00GB/s L3 0.00GB/s
	Total MPI calls 2
	IO DATA: rchar 4555 wchar 6440 syscr 50 syscw 5 read_bytes 0 write_bytes 12288
	Process OS info: (pid 1652664 state R utime 995 stime 0 cutime 0 cstime 0 CPU usage 98)
	CPU temperature (celsius): socket 0: 62 socket 1: 74[0m
EAR[1652664](hratio_l30) at 2.60/1.47 in tcn367 MR[0] elapsed 1323 sec.: [32mLoop time: 1.007s DC Power: [35m503.3W[32m DRAM power: 0.00W PCK power: 427.52W
	avg. CPUFreq: 2.57GHz avg. IMCFreq: 1.47GHz Next Frequency 2.60
	CPI: 0.392 VPI: 0.00, Mem. bwidth: 0.11GB/s GFLOPS: 0.00 I/O: 0.01MB/s No MPI  
	TPI 0.02 Cache miss rates: L1 0.87GB/s L2 0.00GB/s L3 0.00GB/s
	Total MPI calls 2
	IO DATA: rchar 4555 wchar 6440 syscr 50 syscw 5 read_bytes 0 write_bytes 131072
	Process OS info: (pid 1652664 state R utime 994 stime 0 cutime 0 cstime 0 CPU usage 98)
	CPU temperature (celsius): socket 0: 62 socket 1: 75[0m
EAR[1652664](hratio_l30) at 2.60/1.47 in tcn367 MR[0] elapsed 1337 sec.: [32mLoop time: 1.007s DC Power: [35m503.2W[32m DRAM power: 0.00W PCK power: 427.81W
	avg. CPUFreq: 2.57GHz avg. IMCFreq: 1.47GHz Next Frequency 2.60
	CPI: 0.392 VPI: 0.00, Mem. bwidth: 0.09GB/s GFLOPS: 0.00 I/O: 0.01MB/s No MPI  
	TPI 0.02 Cache miss rates: L1 0.94GB/s L2 0.00GB/s L3 0.00GB/s
	Total MPI calls 2
	IO DATA: rchar 4555 wchar 6440 syscr 50 syscw 5 read_bytes 0 write_bytes 4096
	Process OS info: (pid 1652664 state R utime 994 stime 0 cutime 0 cstime 0 CPU usage 98)
	CPU temperature (celsius): socket 0: 62 socket 1: 75[0m
EAR[1652664](hratio_l30) at 2.60/1.47 in tcn367 MR[0] elapsed 1350 sec.: [32mLoop time: 1.007s DC Power: [35m503.2W[32m DRAM power: 0.00W PCK power: 427.93W
	avg. CPUFreq: 2.57GHz avg. IMCFreq: 1.47GHz Next Frequency 2.60
	CPI: 0.392 VPI: 0.00, Mem. bwidth: 0.12GB/s GFLOPS: 0.00 I/O: 0.01MB/s No MPI  
	TPI 0.02 Cache miss rates: L1 0.90GB/s L2 0.00GB/s L3 0.00GB/s
	Total MPI calls 2
	IO DATA: rchar 4555 wchar 6440 syscr 50 syscw 5 read_bytes 0 write_bytes 16384
	Process OS info: (pid 1652664 state R utime 994 stime 0 cutime 0 cstime 0 CPU usage 98)
	CPU temperature (celsius): socket 0: 62 socket 1: 75[0m
EAR[1652664](hratio_l30) at 2.60/1.47 in tcn367 MR[0] elapsed 1364 sec.: [32mLoop time: 1.006s DC Power: [35m504.5W[32m DRAM power: 0.00W PCK power: 427.86W
	avg. CPUFreq: 2.57GHz avg. IMCFreq: 1.47GHz Next Frequency 2.60
	CPI: 0.392 VPI: 0.00, Mem. bwidth: 0.11GB/s GFLOPS: 0.00 I/O: 0.01MB/s No MPI  
	TPI 0.02 Cache miss rates: L1 0.93GB/s L2 0.00GB/s L3 0.00GB/s
	Total MPI calls 2
	IO DATA: rchar 4555 wchar 6440 syscr 50 syscw 5 read_bytes 0 write_bytes 8192
	Process OS info: (pid 1652664 state R utime 992 stime 0 cutime 0 cstime 0 CPU usage 98)
	CPU temperature (celsius): socket 0: 62 socket 1: 75[0m
EAR[1652664](hratio_l30) at 2.60/1.47 in tcn367 MR[0] elapsed 1377 sec.: [32mLoop time: 1.006s DC Power: [35m449.2W[32m DRAM power: 0.00W PCK power: 427.96W
	avg. CPUFreq: 2.57GHz avg. IMCFreq: 1.47GHz Next Frequency 2.60
	CPI: 0.392 VPI: 0.00, Mem. bwidth: 0.12GB/s GFLOPS: 0.00 I/O: 0.01MB/s No MPI  
	TPI 0.02 Cache miss rates: L1 0.87GB/s L2 0.00GB/s L3 0.00GB/s
	Total MPI calls 2
	IO DATA: rchar 4555 wchar 6440 syscr 50 syscw 5 read_bytes 0 write_bytes 12288
	Process OS info: (pid 1652664 state R utime 993 stime 1 cutime 0 cstime 0 CPU usage 98)
	CPU temperature (celsius): socket 0: 62 socket 1: 74[0m
EAR[1652664](hratio_l30) at 2.60/1.47 in tcn367 MR[0] elapsed 1391 sec.: [32mLoop time: 1.007s DC Power: [35m392.8W[32m DRAM power: 0.00W PCK power: 427.79W
	avg. CPUFreq: 2.57GHz avg. IMCFreq: 1.47GHz Next Frequency 2.60
	CPI: 0.392 VPI: 0.00, Mem. bwidth: 0.14GB/s GFLOPS: 0.00 I/O: 0.01MB/s No MPI  
	TPI 0.03 Cache miss rates: L1 0.92GB/s L2 0.00GB/s L3 0.00GB/s
	Total MPI calls 2
	IO DATA: rchar 4555 wchar 6440 syscr 50 syscw 5 read_bytes 0 write_bytes 4096
	Process OS info: (pid 1652664 state R utime 994 stime 1 cutime 0 cstime 0 CPU usage 98)
	CPU temperature (celsius): socket 0: 62 socket 1: 75[0m
EAR[1652664](hratio_l30) at 2.60/1.47 in tcn367 MR[0] elapsed 1404 sec.: [32mLoop time: 1.007s DC Power: [35m448.7W[32m DRAM power: 0.00W PCK power: 428.04W
	avg. CPUFreq: 2.57GHz avg. IMCFreq: 1.47GHz Next Frequency 2.60
	CPI: 0.392 VPI: 0.00, Mem. bwidth: 0.10GB/s GFLOPS: 0.00 I/O: 0.01MB/s No MPI  
	TPI 0.02 Cache miss rates: L1 0.93GB/s L2 0.00GB/s L3 0.00GB/s
	Total MPI calls 2
	IO DATA: rchar 4555 wchar 6440 syscr 50 syscw 5 read_bytes 0 write_bytes 4096
	Process OS info: (pid 1652664 state R utime 995 stime 0 cutime 0 cstime 0 CPU usage 98)
	CPU temperature (celsius): socket 0: 62 socket 1: 74[0m
EAR[1652664](hratio_l30) at 2.60/1.47 in tcn367 MR[0] elapsed 1417 sec.: [32mLoop time: 1.007s DC Power: [35m504.2W[32m DRAM power: 0.00W PCK power: 427.73W
	avg. CPUFreq: 2.57GHz avg. IMCFreq: 1.47GHz Next Frequency 2.60
	CPI: 0.392 VPI: 0.00, Mem. bwidth: 0.11GB/s GFLOPS: 0.00 I/O: 0.01MB/s No MPI  
	TPI 0.02 Cache miss rates: L1 0.86GB/s L2 0.00GB/s L3 0.00GB/s
	Total MPI calls 2
	IO DATA: rchar 4555 wchar 6440 syscr 50 syscw 5 read_bytes 0 write_bytes 139264
	Process OS info: (pid 1652664 state R utime 994 stime 0 cutime 0 cstime 0 CPU usage 98)
	CPU temperature (celsius): socket 0: 62 socket 1: 74[0m
EAR[1652664](hratio_l30) at 2.60/1.47 in tcn367 MR[0] elapsed 1431 sec.: [32mLoop time: 1.007s DC Power: [35m502.9W[32m DRAM power: 0.00W PCK power: 427.84W
	avg. CPUFreq: 2.57GHz avg. IMCFreq: 1.47GHz Next Frequency 2.60
	CPI: 0.392 VPI: 0.00, Mem. bwidth: 0.11GB/s GFLOPS: 0.00 I/O: 0.01MB/s No MPI  
	TPI 0.02 Cache miss rates: L1 0.92GB/s L2 0.00GB/s L3 0.00GB/s
	Total MPI calls 2
	IO DATA: rchar 4555 wchar 6440 syscr 50 syscw 5 read_bytes 0 write_bytes 8192
	Process OS info: (pid 1652664 state R utime 995 stime 0 cutime 0 cstime 0 CPU usage 98)
	CPU temperature (celsius): socket 0: 62 socket 1: 74[0m
EAR[1652664](hratio_l30) at 2.60/1.47 in tcn367 MR[0] elapsed 1444 sec.: [32mLoop time: 1.012s DC Power: [35m500.7W[32m DRAM power: 0.00W PCK power: 427.63W
	avg. CPUFreq: 2.57GHz avg. IMCFreq: 1.47GHz Next Frequency 2.60
	CPI: 0.392 VPI: 0.00, Mem. bwidth: 0.14GB/s GFLOPS: 0.00 I/O: 0.01MB/s No MPI  
	TPI 0.03 Cache miss rates: L1 0.86GB/s L2 0.00GB/s L3 0.00GB/s
	Total MPI calls 2
	IO DATA: rchar 4555 wchar 6440 syscr 50 syscw 5 read_bytes 0 write_bytes 20480
	Process OS info: (pid 1652664 state R utime 998 stime 0 cutime 0 cstime 0 CPU usage 98)
	CPU temperature (celsius): socket 0: 62 socket 1: 75[0m
EAR[1652664](hratio_l30) at 2.60/1.47 in tcn367 MR[0] elapsed 1458 sec.: [32mLoop time: 1.007s DC Power: [35m503.4W[32m DRAM power: 0.00W PCK power: 427.77W
	avg. CPUFreq: 2.57GHz avg. IMCFreq: 1.47GHz Next Frequency 2.60
	CPI: 0.391 VPI: 0.00, Mem. bwidth: 0.09GB/s GFLOPS: 0.00 I/O: 0.01MB/s No MPI  
	TPI 0.02 Cache miss rates: L1 0.92GB/s L2 0.00GB/s L3 0.00GB/s
	Total MPI calls 2
	IO DATA: rchar 4555 wchar 6440 syscr 50 syscw 5 read_bytes 0 write_bytes 4096
	Process OS info: (pid 1652664 state R utime 994 stime 0 cutime 0 cstime 0 CPU usage 98)
	CPU temperature (celsius): socket 0: 62 socket 1: 75[0m
EAR[1652664](hratio_l30) at 2.60/1.47 in tcn367 MR[0] elapsed 1471 sec.: [32mLoop time: 1.007s DC Power: [35m503.0W[32m DRAM power: 0.00W PCK power: 427.74W
	avg. CPUFreq: 2.57GHz avg. IMCFreq: 1.47GHz Next Frequency 2.60
	CPI: 0.392 VPI: 0.00, Mem. bwidth: 0.10GB/s GFLOPS: 0.00 I/O: 0.01MB/s No MPI  
	TPI 0.02 Cache miss rates: L1 0.86GB/s L2 0.00GB/s L3 0.00GB/s
	Total MPI calls 2
	IO DATA: rchar 4555 wchar 6440 syscr 50 syscw 5 read_bytes 0 write_bytes 12288
	Process OS info: (pid 1652664 state R utime 994 stime 1 cutime 0 cstime 0 CPU usage 98)
	CPU temperature (celsius): socket 0: 62 socket 1: 75[0m
EAR[1652664](hratio_l30) at 2.60/1.47 in tcn367 MR[0] elapsed 1485 sec.: [32mLoop time: 1.007s DC Power: [35m503.0W[32m DRAM power: 0.00W PCK power: 427.98W
	avg. CPUFreq: 2.57GHz avg. IMCFreq: 1.47GHz Next Frequency 2.60
	CPI: 0.391 VPI: 0.00, Mem. bwidth: 0.10GB/s GFLOPS: 0.00 I/O: 0.01MB/s No MPI  
	TPI 0.02 Cache miss rates: L1 0.90GB/s L2 0.00GB/s L3 0.00GB/s
	Total MPI calls 2
	IO DATA: rchar 4555 wchar 6440 syscr 50 syscw 5 read_bytes 0 write_bytes 4096
	Process OS info: (pid 1652664 state R utime 994 stime 0 cutime 0 cstime 0 CPU usage 98)
	CPU temperature (celsius): socket 0: 62 socket 1: 74[0m
EAR[1652664](hratio_l30) at 2.60/1.47 in tcn367 MR[0] elapsed 1498 sec.: [32mLoop time: 1.007s DC Power: [35m503.2W[32m DRAM power: 0.00W PCK power: 428.29W
	avg. CPUFreq: 2.57GHz avg. IMCFreq: 1.47GHz Next Frequency 2.60
	CPI: 0.391 VPI: 0.00, Mem. bwidth: 0.11GB/s GFLOPS: 0.00 I/O: 0.01MB/s No MPI  
	TPI 0.02 Cache miss rates: L1 0.85GB/s L2 0.00GB/s L3 0.00GB/s
	Total MPI calls 2
	IO DATA: rchar 4555 wchar 6440 syscr 50 syscw 5 read_bytes 0 write_bytes 12288
	Process OS info: (pid 1652664 state R utime 994 stime 0 cutime 0 cstime 0 CPU usage 98)
	CPU temperature (celsius): socket 0: 62 socket 1: 75[0m
EAR[1652664](hratio_l30) at 2.60/1.47 in tcn367 MR[0] elapsed 1511 sec.: [32mLoop time: 1.007s DC Power: [35m448.2W[32m DRAM power: 0.00W PCK power: 428.14W
	avg. CPUFreq: 2.57GHz avg. IMCFreq: 1.47GHz Next Frequency 2.60
	CPI: 0.391 VPI: 0.00, Mem. bwidth: 0.13GB/s GFLOPS: 0.00 I/O: 0.01MB/s No MPI  
	TPI 0.03 Cache miss rates: L1 0.86GB/s L2 0.00GB/s L3 0.00GB/s
	Total MPI calls 2
	IO DATA: rchar 4555 wchar 6440 syscr 50 syscw 5 read_bytes 0 write_bytes 8192
	Process OS info: (pid 1652664 state R utime 994 stime 0 cutime 0 cstime 0 CPU usage 98)
	CPU temperature (celsius): socket 0: 62 socket 1: 74[0m
EAR[1652664](hratio_l30) at 2.60/1.47 in tcn367 MR[0] elapsed 1525 sec.: [32mLoop time: 1.007s DC Power: [35m504.1W[32m DRAM power: 0.00W PCK power: 428.52W
	avg. CPUFreq: 2.57GHz avg. IMCFreq: 1.47GHz Next Frequency 2.60
	CPI: 0.390 VPI: 0.00, Mem. bwidth: 0.10GB/s GFLOPS: 0.00 I/O: 0.01MB/s No MPI  
	TPI 0.02 Cache miss rates: L1 0.93GB/s L2 0.00GB/s L3 0.00GB/s
	Total MPI calls 2
	IO DATA: rchar 4555 wchar 6440 syscr 50 syscw 5 read_bytes 0 write_bytes 8192
	Process OS info: (pid 1652664 state R utime 993 stime 0 cutime 0 cstime 0 CPU usage 98)
	CPU temperature (celsius): socket 0: 62 socket 1: 74[0m
EAR[1652664](hratio_l30) at 2.60/1.47 in tcn367 MR[0] elapsed 1538 sec.: [32mLoop time: 1.007s DC Power: [35m504.7W[32m DRAM power: 0.00W PCK power: 428.15W
	avg. CPUFreq: 2.57GHz avg. IMCFreq: 1.47GHz Next Frequency 2.60
	CPI: 0.391 VPI: 0.00, Mem. bwidth: 0.12GB/s GFLOPS: 0.00 I/O: 0.01MB/s No MPI  
	TPI 0.02 Cache miss rates: L1 0.88GB/s L2 0.00GB/s L3 0.00GB/s
	Total MPI calls 2
	IO DATA: rchar 4555 wchar 6440 syscr 50 syscw 5 read_bytes 0 write_bytes 12288
	Process OS info: (pid 1652664 state R utime 993 stime 0 cutime 0 cstime 0 CPU usage 98)
	CPU temperature (celsius): socket 0: 62 socket 1: 74[0m
EAR[1652664](hratio_l30) at 2.60/1.47 in tcn367 MR[0] elapsed 1552 sec.: [32mLoop time: 1.007s DC Power: [35m505.3W[32m DRAM power: 0.00W PCK power: 428.41W
	avg. CPUFreq: 2.57GHz avg. IMCFreq: 1.47GHz Next Frequency 2.60
	CPI: 0.391 VPI: 0.00, Mem. bwidth: 0.11GB/s GFLOPS: 0.00 I/O: 0.01MB/s No MPI  
	TPI 0.02 Cache miss rates: L1 0.96GB/s L2 0.00GB/s L3 0.00GB/s
	Total MPI calls 2
	IO DATA: rchar 4555 wchar 6440 syscr 50 syscw 5 read_bytes 0 write_bytes 4096
	Process OS info: (pid 1652664 state R utime 994 stime 1 cutime 0 cstime 0 CPU usage 98)
	CPU temperature (celsius): socket 0: 62 socket 1: 75[0m
EAR[1652664](hratio_l30) at 2.60/1.47 in tcn367 MR[0] elapsed 1565 sec.: [32mLoop time: 1.007s DC Power: [35m505.9W[32m DRAM power: 0.00W PCK power: 428.19W
	avg. CPUFreq: 2.57GHz avg. IMCFreq: 1.47GHz Next Frequency 2.60
	CPI: 0.390 VPI: 0.00, Mem. bwidth: 0.14GB/s GFLOPS: 0.00 I/O: 0.01MB/s No MPI  
	TPI 0.03 Cache miss rates: L1 0.88GB/s L2 0.00GB/s L3 0.00GB/s
	Total MPI calls 2
	IO DATA: rchar 4555 wchar 6440 syscr 50 syscw 5 read_bytes 0 write_bytes 12288
	Process OS info: (pid 1652664 state R utime 994 stime 0 cutime 0 cstime 0 CPU usage 98)
	CPU temperature (celsius): socket 0: 62 socket 1: 75[0m
EAR[1652664](hratio_l30) at 2.60/1.47 in tcn367 MR[0] elapsed 1579 sec.: [32mLoop time: 1.007s DC Power: [35m504.9W[32m DRAM power: 0.00W PCK power: 428.25W
	avg. CPUFreq: 2.57GHz avg. IMCFreq: 1.47GHz Next Frequency 2.60
	CPI: 0.390 VPI: 0.00, Mem. bwidth: 0.09GB/s GFLOPS: 0.00 I/O: 0.01MB/s No MPI  
	TPI 0.02 Cache miss rates: L1 0.90GB/s L2 0.00GB/s L3 0.00GB/s
	Total MPI calls 2
	IO DATA: rchar 4555 wchar 6440 syscr 50 syscw 5 read_bytes 0 write_bytes 8192
	Process OS info: (pid 1652664 state R utime 995 stime 0 cutime 0 cstime 0 CPU usage 98)
	CPU temperature (celsius): socket 0: 62 socket 1: 74[0m
EAR[1652664](hratio_l30) at 2.60/1.47 in tcn367 MR[0] elapsed 1592 sec.: [32mLoop time: 1.007s DC Power: [35m504.2W[32m DRAM power: 0.00W PCK power: 428.13W
	avg. CPUFreq: 2.57GHz avg. IMCFreq: 1.47GHz Next Frequency 2.60
	CPI: 0.391 VPI: 0.00, Mem. bwidth: 0.10GB/s GFLOPS: 0.00 I/O: 0.01MB/s No MPI  
	TPI 0.02 Cache miss rates: L1 0.94GB/s L2 0.00GB/s L3 0.00GB/s
	Total MPI calls 2
	IO DATA: rchar 4555 wchar 6440 syscr 50 syscw 5 read_bytes 0 write_bytes 8192
	Process OS info: (pid 1652664 state R utime 994 stime 0 cutime 0 cstime 0 CPU usage 98)
	CPU temperature (celsius): socket 0: 62 socket 1: 75[0m
EAR[1652664](hratio_l30) at 2.60/1.47 in tcn367 MR[0] elapsed 1605 sec.: [32mLoop time: 1.009s DC Power: [35m503.1W[32m DRAM power: 0.00W PCK power: 428.25W
	avg. CPUFreq: 2.57GHz avg. IMCFreq: 1.47GHz Next Frequency 2.60
	CPI: 0.391 VPI: 0.00, Mem. bwidth: 0.09GB/s GFLOPS: 0.00 I/O: 0.01MB/s No MPI  
	TPI 0.02 Cache miss rates: L1 0.88GB/s L2 0.00GB/s L3 0.00GB/s
	Total MPI calls 2
	IO DATA: rchar 4555 wchar 6440 syscr 50 syscw 5 read_bytes 0 write_bytes 135168
	Process OS info: (pid 1652664 state R utime 996 stime 0 cutime 0 cstime 0 CPU usage 98)
	CPU temperature (celsius): socket 0: 62 socket 1: 74[0m
EAR[1652664](hratio_l30) at 2.60/1.47 in tcn367 MR[0] elapsed 1619 sec.: [32mLoop time: 1.007s DC Power: [35m504.1W[32m DRAM power: 0.00W PCK power: 428.44W
	avg. CPUFreq: 2.57GHz avg. IMCFreq: 1.47GHz Next Frequency 2.60
	CPI: 0.391 VPI: 0.00, Mem. bwidth: 0.12GB/s GFLOPS: 0.00 I/O: 0.01MB/s No MPI  
	TPI 0.02 Cache miss rates: L1 0.96GB/s L2 0.00GB/s L3 0.00GB/s
	Total MPI calls 2
	IO DATA: rchar 4555 wchar 6440 syscr 50 syscw 5 read_bytes 0 write_bytes 4096
	Process OS info: (pid 1652664 state R utime 994 stime 0 cutime 0 cstime 0 CPU usage 98)
	CPU temperature (celsius): socket 0: 62 socket 1: 74[0m
EAR[1652664](hratio_l30) at 2.60/1.47 in tcn367 MR[0] elapsed 1632 sec.: [32mLoop time: 1.007s DC Power: [35m448.0W[32m DRAM power: 0.00W PCK power: 427.98W
	avg. CPUFreq: 2.57GHz avg. IMCFreq: 1.47GHz Next Frequency 2.60
	CPI: 0.391 VPI: 0.00, Mem. bwidth: 0.12GB/s GFLOPS: 0.00 I/O: 0.01MB/s No MPI  
	TPI 0.03 Cache miss rates: L1 0.89GB/s L2 0.00GB/s L3 0.00GB/s
	Total MPI calls 2
	IO DATA: rchar 4555 wchar 6440 syscr 50 syscw 5 read_bytes 0 write_bytes 16384
	Process OS info: (pid 1652664 state R utime 994 stime 0 cutime 0 cstime 0 CPU usage 98)
	CPU temperature (celsius): socket 0: 62 socket 1: 74[0m
EAR[1652664](hratio_l30) at 2.60/1.47 in tcn367 MR[0] elapsed 1646 sec.: [32mLoop time: 1.007s DC Power: [35m503.5W[32m DRAM power: 0.00W PCK power: 428.30W
	avg. CPUFreq: 2.57GHz avg. IMCFreq: 1.47GHz Next Frequency 2.60
	CPI: 0.391 VPI: 0.00, Mem. bwidth: 0.11GB/s GFLOPS: 0.00 I/O: 0.01MB/s No MPI  
	TPI 0.02 Cache miss rates: L1 0.96GB/s L2 0.00GB/s L3 0.00GB/s
	Total MPI calls 2
	IO DATA: rchar 4555 wchar 6440 syscr 50 syscw 5 read_bytes 0 write_bytes 4096
	Process OS info: (pid 1652664 state R utime 994 stime 0 cutime 0 cstime 0 CPU usage 98)
	CPU temperature (celsius): socket 0: 62 socket 1: 74[0m
EAR[1652664](hratio_l30) at 2.60/1.47 in tcn367 MR[0] elapsed 1659 sec.: [32mLoop time: 1.007s DC Power: [35m503.1W[32m DRAM power: 0.00W PCK power: 428.14W
	avg. CPUFreq: 2.57GHz avg. IMCFreq: 1.47GHz Next Frequency 2.60
	CPI: 0.391 VPI: 0.00, Mem. bwidth: 0.12GB/s GFLOPS: 0.00 I/O: 0.01MB/s No MPI  
	TPI 0.02 Cache miss rates: L1 0.90GB/s L2 0.00GB/s L3 0.00GB/s
	Total MPI calls 2
	IO DATA: rchar 4555 wchar 6440 syscr 50 syscw 5 read_bytes 0 write_bytes 12288
	Process OS info: (pid 1652664 state R utime 994 stime 0 cutime 0 cstime 0 CPU usage 98)
	CPU temperature (celsius): socket 0: 62 socket 1: 74[0m
EAR[1652664](hratio_l30) at 2.60/1.47 in tcn367 MR[0] elapsed 1673 sec.: [32mLoop time: 1.007s DC Power: [35m503.7W[32m DRAM power: 0.00W PCK power: 428.26W
	avg. CPUFreq: 2.57GHz avg. IMCFreq: 1.47GHz Next Frequency 2.60
	CPI: 0.391 VPI: 0.00, Mem. bwidth: 0.11GB/s GFLOPS: 0.00 I/O: 0.01MB/s No MPI  
	TPI 0.02 Cache miss rates: L1 0.91GB/s L2 0.00GB/s L3 0.00GB/s
	Total MPI calls 2
	IO DATA: rchar 4555 wchar 6440 syscr 50 syscw 5 read_bytes 0 write_bytes 8192
	Process OS info: (pid 1652664 state R utime 994 stime 0 cutime 0 cstime 0 CPU usage 98)
	CPU temperature (celsius): socket 0: 62 socket 1: 74[0m
EAR[1652664](hratio_l30) at 2.60/1.47 in tcn367 MR[0] elapsed 1686 sec.: [32mLoop time: 1.007s DC Power: [35m504.1W[32m DRAM power: 0.00W PCK power: 428.07W
	avg. CPUFreq: 2.57GHz avg. IMCFreq: 1.47GHz Next Frequency 2.60
	CPI: 0.391 VPI: 0.00, Mem. bwidth: 0.13GB/s GFLOPS: 0.00 I/O: 0.01MB/s No MPI  
	TPI 0.03 Cache miss rates: L1 0.90GB/s L2 0.00GB/s L3 0.00GB/s
	Total MPI calls 2
	IO DATA: rchar 4555 wchar 6440 syscr 50 syscw 5 read_bytes 0 write_bytes 8192
	Process OS info: (pid 1652664 state R utime 994 stime 0 cutime 0 cstime 0 CPU usage 98)
	CPU temperature (celsius): socket 0: 62 socket 1: 74[0m
EAR[1652664](hratio_l30) at 2.60/1.47 in tcn367 MR[0] elapsed 1699 sec.: [32mLoop time: 1.007s DC Power: [35m504.2W[32m DRAM power: 0.00W PCK power: 428.26W
	avg. CPUFreq: 2.57GHz avg. IMCFreq: 1.47GHz Next Frequency 2.60
	CPI: 0.390 VPI: 0.00, Mem. bwidth: 0.08GB/s GFLOPS: 0.00 I/O: 0.01MB/s No MPI  
	TPI 0.02 Cache miss rates: L1 0.86GB/s L2 0.00GB/s L3 0.00GB/s
	Total MPI calls 2
	IO DATA: rchar 4555 wchar 6440 syscr 50 syscw 5 read_bytes 0 write_bytes 155648
	Process OS info: (pid 1652664 state R utime 994 stime 0 cutime 0 cstime 0 CPU usage 98)
	CPU temperature (celsius): socket 0: 62 socket 1: 74[0m
EAR[1652664](hratio_l30) at 2.60/1.47 in tcn367 MR[0] elapsed 1713 sec.: [32mLoop time: 1.008s DC Power: [35m504.1W[32m DRAM power: 0.00W PCK power: 428.11W
	avg. CPUFreq: 2.57GHz avg. IMCFreq: 1.47GHz Next Frequency 2.60
	CPI: 0.391 VPI: 0.00, Mem. bwidth: 0.11GB/s GFLOPS: 0.00 I/O: 0.01MB/s No MPI  
	TPI 0.02 Cache miss rates: L1 0.89GB/s L2 0.00GB/s L3 0.00GB/s
	Total MPI calls 2
	IO DATA: rchar 4555 wchar 6440 syscr 50 syscw 5 read_bytes 0 write_bytes 8192
	Process OS info: (pid 1652664 state R utime 982 stime 1 cutime 0 cstime 0 CPU usage 97)
	CPU temperature (celsius): socket 0: 62 socket 1: 74[0m
EAR[1652664](hratio_l30) at 2.60/1.47 in tcn367 MR[0] elapsed 1726 sec.: [32mLoop time: 1.007s DC Power: [35m505.2W[32m DRAM power: 0.00W PCK power: 428.40W
	avg. CPUFreq: 2.57GHz avg. IMCFreq: 1.47GHz Next Frequency 2.60
	CPI: 0.390 VPI: 0.00, Mem. bwidth: 0.10GB/s GFLOPS: 0.00 I/O: 0.01MB/s No MPI  
	TPI 0.02 Cache miss rates: L1 0.83GB/s L2 0.00GB/s L3 0.00GB/s
	Total MPI calls 2
	IO DATA: rchar 4555 wchar 6440 syscr 50 syscw 5 read_bytes 0 write_bytes 94208
	Process OS info: (pid 1652664 state R utime 993 stime 0 cutime 0 cstime 0 CPU usage 98)
	CPU temperature (celsius): socket 0: 62 socket 1: 75[0m
EAR[1652664](hratio_l30) at 2.60/1.47 in tcn367 MR[0] elapsed 1740 sec.: [32mLoop time: 1.007s DC Power: [35m505.9W[32m DRAM power: 0.00W PCK power: 428.62W
	avg. CPUFreq: 2.57GHz avg. IMCFreq: 1.47GHz Next Frequency 2.60
	CPI: 0.390 VPI: 0.00, Mem. bwidth: 0.10GB/s GFLOPS: 0.00 I/O: 0.01MB/s No MPI  
	TPI 0.02 Cache miss rates: L1 0.86GB/s L2 0.00GB/s L3 0.00GB/s
	Total MPI calls 2
	IO DATA: rchar 4555 wchar 6440 syscr 50 syscw 5 read_bytes 0 write_bytes 4096
	Process OS info: (pid 1652664 state R utime 994 stime 0 cutime 0 cstime 0 CPU usage 98)
	CPU temperature (celsius): socket 0: 62 socket 1: 74[0m
EAR[1652664](hratio_l30) at 2.60/1.47 in tcn367 MR[0] elapsed 1753 sec.: [32mLoop time: 1.007s DC Power: [35m448.9W[32m DRAM power: 0.00W PCK power: 428.41W
	avg. CPUFreq: 2.57GHz avg. IMCFreq: 1.47GHz Next Frequency 2.60
	CPI: 0.390 VPI: 0.00, Mem. bwidth: 0.11GB/s GFLOPS: 0.00 I/O: 0.01MB/s No MPI  
	TPI 0.02 Cache miss rates: L1 0.85GB/s L2 0.00GB/s L3 0.00GB/s
	Total MPI calls 2
	IO DATA: rchar 4555 wchar 6440 syscr 50 syscw 5 read_bytes 0 write_bytes 12288
	Process OS info: (pid 1652664 state R utime 994 stime 0 cutime 0 cstime 0 CPU usage 98)
	CPU temperature (celsius): socket 0: 62 socket 1: 74[0m
EAR[1652664](hratio_l30) at 2.60/1.47 in tcn367 MR[0] elapsed 1766 sec.: [32mLoop time: 1.007s DC Power: [35m504.1W[32m DRAM power: 0.00W PCK power: 428.59W
	avg. CPUFreq: 2.57GHz avg. IMCFreq: 1.47GHz Next Frequency 2.60
	CPI: 0.390 VPI: 0.00, Mem. bwidth: 0.10GB/s GFLOPS: 0.00 I/O: 0.01MB/s No MPI  
	TPI 0.02 Cache miss rates: L1 0.84GB/s L2 0.00GB/s L3 0.00GB/s
	Total MPI calls 2
	IO DATA: rchar 4555 wchar 6440 syscr 50 syscw 5 read_bytes 0 write_bytes 4096
	Process OS info: (pid 1652664 state R utime 995 stime 0 cutime 0 cstime 0 CPU usage 98)
	CPU temperature (celsius): socket 0: 62 socket 1: 74[0m
EAR[1652664](hratio_l30) at 2.60/1.47 in tcn367 MR[0] elapsed 1780 sec.: [32mLoop time: 1.007s DC Power: [35m448.1W[32m DRAM power: 0.00W PCK power: 428.42W
	avg. CPUFreq: 2.57GHz avg. IMCFreq: 1.47GHz Next Frequency 2.60
	CPI: 0.390 VPI: 0.00, Mem. bwidth: 0.11GB/s GFLOPS: 0.00 I/O: 0.01MB/s No MPI  
	TPI 0.02 Cache miss rates: L1 0.88GB/s L2 0.00GB/s L3 0.00GB/s
	Total MPI calls 2
	IO DATA: rchar 4555 wchar 6440 syscr 50 syscw 5 read_bytes 0 write_bytes 12288
	Process OS info: (pid 1652664 state R utime 994 stime 0 cutime 0 cstime 0 CPU usage 98)
	CPU temperature (celsius): socket 0: 62 socket 1: 74[0m
EAR[1652664](hratio_l30) at 2.60/1.47 in tcn367 MR[0] elapsed 1793 sec.: [32mLoop time: 1.007s DC Power: [35m448.2W[32m DRAM power: 0.00W PCK power: 428.62W
	avg. CPUFreq: 2.57GHz avg. IMCFreq: 1.47GHz Next Frequency 2.60
	CPI: 0.390 VPI: 0.00, Mem. bwidth: 0.10GB/s GFLOPS: 0.00 I/O: 0.01MB/s No MPI  
	TPI 0.02 Cache miss rates: L1 0.85GB/s L2 0.00GB/s L3 0.00GB/s
	Total MPI calls 2
	IO DATA: rchar 4555 wchar 6440 syscr 50 syscw 5 read_bytes 0 write_bytes 8192
	Process OS info: (pid 1652664 state R utime 992 stime 0 cutime 0 cstime 0 CPU usage 98)
	CPU temperature (celsius): socket 0: 62 socket 1: 74[0m
EAR[1652664](hratio_l30) at 2.60/1.47 in tcn367 MR[0] elapsed 1807 sec.: [32mLoop time: 1.006s DC Power: [35m448.3W[32m DRAM power: 0.00W PCK power: 428.47W
	avg. CPUFreq: 2.57GHz avg. IMCFreq: 1.47GHz Next Frequency 2.60
	CPI: 0.390 VPI: 0.00, Mem. bwidth: 0.13GB/s GFLOPS: 0.00 I/O: 0.01MB/s No MPI  
	TPI 0.03 Cache miss rates: L1 0.90GB/s L2 0.00GB/s L3 0.00GB/s
	Total MPI calls 2
	IO DATA: rchar 4555 wchar 6440 syscr 50 syscw 5 read_bytes 0 write_bytes 4096
	Process OS info: (pid 1652664 state R utime 993 stime 1 cutime 0 cstime 0 CPU usage 98)
	CPU temperature (celsius): socket 0: 62 socket 1: 74[0m
EAR[1652664](hratio_l30) at 2.60/1.47 in tcn367 MR[0] elapsed 1820 sec.: [32mLoop time: 1.006s DC Power: [35m448.4W[32m DRAM power: 0.00W PCK power: 428.54W
	avg. CPUFreq: 2.57GHz avg. IMCFreq: 1.47GHz Next Frequency 2.60
	CPI: 0.390 VPI: 0.00, Mem. bwidth: 0.08GB/s GFLOPS: 0.00 I/O: 0.01MB/s No MPI  
	TPI 0.02 Cache miss rates: L1 0.86GB/s L2 0.00GB/s L3 0.00GB/s
	Total MPI calls 2
	IO DATA: rchar 4555 wchar 6440 syscr 50 syscw 5 read_bytes 0 write_bytes 139264
	Process OS info: (pid 1652664 state R utime 994 stime 1 cutime 0 cstime 0 CPU usage 98)
	CPU temperature (celsius): socket 0: 62 socket 1: 74[0m
EAR[1652664](hratio_l30) at 2.60/1.47 in tcn367 MR[0] elapsed 1834 sec.: [32mLoop time: 1.007s DC Power: [35m504.2W[32m DRAM power: 0.00W PCK power: 428.33W
	avg. CPUFreq: 2.57GHz avg. IMCFreq: 1.47GHz Next Frequency 2.60
	CPI: 0.390 VPI: 0.00, Mem. bwidth: 0.12GB/s GFLOPS: 0.00 I/O: 0.01MB/s No MPI  
	TPI 0.02 Cache miss rates: L1 0.91GB/s L2 0.00GB/s L3 0.00GB/s
	Total MPI calls 2
	IO DATA: rchar 4555 wchar 6440 syscr 50 syscw 5 read_bytes 0 write_bytes 4096
	Process OS info: (pid 1652664 state R utime 994 stime 1 cutime 0 cstime 0 CPU usage 98)
	CPU temperature (celsius): socket 0: 62 socket 1: 74[0m
EAR[1652664](hratio_l30) at 2.60/1.47 in tcn367 MR[0] elapsed 1847 sec.: [32mLoop time: 1.012s DC Power: [35m501.5W[32m DRAM power: 0.00W PCK power: 428.40W
	avg. CPUFreq: 2.57GHz avg. IMCFreq: 1.47GHz Next Frequency 2.60
	CPI: 0.390 VPI: 0.00, Mem. bwidth: 0.10GB/s GFLOPS: 0.00 I/O: 0.01MB/s No MPI  
	TPI 0.02 Cache miss rates: L1 0.84GB/s L2 0.00GB/s L3 0.00GB/s
	Total MPI calls 2
	IO DATA: rchar 4555 wchar 6440 syscr 50 syscw 5 read_bytes 0 write_bytes 16384
	Process OS info: (pid 1652664 state R utime 999 stime 0 cutime 0 cstime 0 CPU usage 98)
	CPU temperature (celsius): socket 0: 62 socket 1: 74[0m
EAR[1652664](hratio_l30) at 2.60/1.47 in tcn367 MR[0] elapsed 1861 sec.: [32mLoop time: 1.008s DC Power: [35m503.4W[32m DRAM power: 0.00W PCK power: 428.58W
	avg. CPUFreq: 2.57GHz avg. IMCFreq: 1.47GHz Next Frequency 2.60
	CPI: 0.390 VPI: 0.00, Mem. bwidth: 0.10GB/s GFLOPS: 0.00 I/O: 0.01MB/s No MPI  
	TPI 0.02 Cache miss rates: L1 0.84GB/s L2 0.00GB/s L3 0.00GB/s
	Total MPI calls 2
	IO DATA: rchar 4555 wchar 6440 syscr 50 syscw 5 read_bytes 0 write_bytes 4096
	Process OS info: (pid 1652664 state R utime 979 stime 0 cutime 0 cstime 0 CPU usage 97)
	CPU temperature (celsius): socket 0: 62 socket 1: 74[0m
EAR[1652664](hratio_l30) at 2.60/1.47 in tcn367 MR[0] elapsed 1874 sec.: [32mLoop time: 1.007s DC Power: [35m448.1W[32m DRAM power: 0.00W PCK power: 428.42W
	avg. CPUFreq: 2.57GHz avg. IMCFreq: 1.47GHz Next Frequency 2.60
	CPI: 0.390 VPI: 0.00, Mem. bwidth: 0.09GB/s GFLOPS: 0.00 I/O: 0.01MB/s No MPI  
	TPI 0.02 Cache miss rates: L1 0.87GB/s L2 0.00GB/s L3 0.00GB/s
	Total MPI calls 2
	IO DATA: rchar 4555 wchar 6440 syscr 50 syscw 5 read_bytes 0 write_bytes 8192
	Process OS info: (pid 1652664 state R utime 995 stime 1 cutime 0 cstime 0 CPU usage 98)
	CPU temperature (celsius): socket 0: 62 socket 1: 74[0m
EAR[1652664](hratio_l30) at 2.60/1.47 in tcn367 MR[0] elapsed 1887 sec.: [32mLoop time: 1.007s DC Power: [35m504.9W[32m DRAM power: 0.00W PCK power: 428.60W
	avg. CPUFreq: 2.57GHz avg. IMCFreq: 1.47GHz Next Frequency 2.60
	CPI: 0.390 VPI: 0.00, Mem. bwidth: 0.10GB/s GFLOPS: 0.00 I/O: 0.01MB/s No MPI  
	TPI 0.02 Cache miss rates: L1 0.84GB/s L2 0.00GB/s L3 0.00GB/s
	Total MPI calls 2
	IO DATA: rchar 4555 wchar 6440 syscr 50 syscw 5 read_bytes 0 write_bytes 8192
	Process OS info: (pid 1652664 state R utime 978 stime 0 cutime 0 cstime 0 CPU usage 97)
	CPU temperature (celsius): socket 0: 62 socket 1: 74[0m
EAR[1652664](hratio_l30) at 2.60/1.47 in tcn367 MR[0] elapsed 1901 sec.: [32mLoop time: 1.007s DC Power: [35m505.8W[32m DRAM power: 0.00W PCK power: 428.42W
	avg. CPUFreq: 2.57GHz avg. IMCFreq: 1.47GHz Next Frequency 2.60
	CPI: 0.390 VPI: 0.00, Mem. bwidth: 0.13GB/s GFLOPS: 0.00 I/O: 0.01MB/s No MPI  
	TPI 0.03 Cache miss rates: L1 0.89GB/s L2 0.00GB/s L3 0.00GB/s
	Total MPI calls 2
	IO DATA: rchar 4555 wchar 6440 syscr 50 syscw 5 read_bytes 0 write_bytes 8192
	Process OS info: (pid 1652664 state R utime 994 stime 0 cutime 0 cstime 0 CPU usage 98)
	CPU temperature (celsius): socket 0: 62 socket 1: 74[0m
EAR[1652664](hratio_l30) at 2.60/1.47 in tcn367 MR[0] elapsed 1914 sec.: [32mLoop time: 1.007s DC Power: [35m505.5W[32m DRAM power: 0.00W PCK power: 428.44W
	avg. CPUFreq: 2.57GHz avg. IMCFreq: 1.47GHz Next Frequency 2.60
	CPI: 0.390 VPI: 0.00, Mem. bwidth: 0.20GB/s GFLOPS: 0.00 I/O: 0.01MB/s No MPI  
	TPI 0.04 Cache miss rates: L1 0.82GB/s L2 0.00GB/s L3 0.00GB/s
	Total MPI calls 2
	IO DATA: rchar 4555 wchar 6440 syscr 50 syscw 5 read_bytes 0 write_bytes 155648
	Process OS info: (pid 1652664 state R utime 975 stime 0 cutime 0 cstime 0 CPU usage 96)
	CPU temperature (celsius): socket 0: 62 socket 1: 74[0m
EAR[1652664](hratio_l30) at 2.60/1.47 in tcn367 MR[0] elapsed 1928 sec.: [32mLoop time: 1.007s DC Power: [35m448.8W[32m DRAM power: 0.00W PCK power: 428.53W
	avg. CPUFreq: 2.57GHz avg. IMCFreq: 1.47GHz Next Frequency 2.60
	CPI: 0.390 VPI: 0.00, Mem. bwidth: 0.31GB/s GFLOPS: 0.00 I/O: 0.01MB/s No MPI  
	TPI 0.06 Cache miss rates: L1 0.90GB/s L2 0.00GB/s L3 0.00GB/s
	Total MPI calls 2
	IO DATA: rchar 4555 wchar 6440 syscr 50 syscw 5 read_bytes 0 write_bytes 4096
	Process OS info: (pid 1652664 state R utime 953 stime 1 cutime 0 cstime 0 CPU usage 94)
	CPU temperature (celsius): socket 0: 62 socket 1: 74[0m
EAR[1652664](hratio_l30) at 2.60/1.47 in tcn367 MR[0] elapsed 1941 sec.: [32mLoop time: 1.007s DC Power: [35m504.0W[32m DRAM power: 0.00W PCK power: 428.45W
	avg. CPUFreq: 2.57GHz avg. IMCFreq: 1.47GHz Next Frequency 2.60
	CPI: 0.390 VPI: 0.00, Mem. bwidth: 0.17GB/s GFLOPS: 0.00 I/O: 0.01MB/s No MPI  
	TPI 0.04 Cache miss rates: L1 0.84GB/s L2 0.00GB/s L3 0.00GB/s
	Total MPI calls 2
	IO DATA: rchar 4555 wchar 6440 syscr 50 syscw 5 read_bytes 0 write_bytes 86016
	Process OS info: (pid 1652664 state R utime 978 stime 0 cutime 0 cstime 0 CPU usage 97)
	CPU temperature (celsius): socket 0: 62 socket 1: 74[0m
EAR[1652664](hratio_l30) at 2.60/1.47 in tcn367 MR[0] elapsed 1955 sec.: [32mLoop time: 1.007s DC Power: [35m504.2W[32m DRAM power: 0.00W PCK power: 428.19W
	avg. CPUFreq: 2.57GHz avg. IMCFreq: 1.47GHz Next Frequency 2.60
	CPI: 0.390 VPI: 0.00, Mem. bwidth: 0.24GB/s GFLOPS: 0.00 I/O: 0.01MB/s No MPI  
	TPI 0.05 Cache miss rates: L1 0.85GB/s L2 0.00GB/s L3 0.00GB/s
	Total MPI calls 2
	IO DATA: rchar 4555 wchar 6440 syscr 50 syscw 5 read_bytes 0 write_bytes 4096
	Process OS info: (pid 1652664 state R utime 975 stime 0 cutime 0 cstime 0 CPU usage 96)
	CPU temperature (celsius): socket 0: 62 socket 1: 74[0m
EAR[1652664](hratio_l30) at 2.60/1.47 in tcn367 MR[0] elapsed 1968 sec.: [32mLoop time: 1.007s DC Power: [35m504.2W[32m DRAM power: 0.00W PCK power: 428.70W
	avg. CPUFreq: 2.57GHz avg. IMCFreq: 1.47GHz Next Frequency 2.60
	CPI: 0.390 VPI: 0.00, Mem. bwidth: 0.26GB/s GFLOPS: 0.00 I/O: 0.01MB/s No MPI  
	TPI 0.05 Cache miss rates: L1 0.88GB/s L2 0.00GB/s L3 0.00GB/s
	Total MPI calls 2
	IO DATA: rchar 4556 wchar 6440 syscr 50 syscw 5 read_bytes 0 write_bytes 12288
	Process OS info: (pid 1652664 state R utime 992 stime 0 cutime 0 cstime 0 CPU usage 98)
	CPU temperature (celsius): socket 0: 62 socket 1: 75[0m
EAR[1652664](hratio_l30) at 2.60/1.47 in tcn367 MR[0] elapsed 1981 sec.: [32mLoop time: 1.006s DC Power: [35m504.3W[32m DRAM power: 0.00W PCK power: 428.35W
	avg. CPUFreq: 2.57GHz avg. IMCFreq: 1.47GHz Next Frequency 2.60
	CPI: 0.390 VPI: 0.00, Mem. bwidth: 0.08GB/s GFLOPS: 0.00 I/O: 0.01MB/s No MPI  
	TPI 0.02 Cache miss rates: L1 0.82GB/s L2 0.00GB/s L3 0.00GB/s
	Total MPI calls 2
	IO DATA: rchar 4556 wchar 6440 syscr 50 syscw 5 read_bytes 0 write_bytes 12288
	Process OS info: (pid 1652664 state R utime 994 stime 0 cutime 0 cstime 0 CPU usage 98)
	CPU temperature (celsius): socket 0: 62 socket 1: 75[0m
EAR[1652664](hratio_l30) at 2.60/1.47 in tcn367 MR[0] elapsed 1995 sec.: [32mLoop time: 1.007s DC Power: [35m504.2W[32m DRAM power: 0.00W PCK power: 428.43W
	avg. CPUFreq: 2.57GHz avg. IMCFreq: 1.47GHz Next Frequency 2.60
	CPI: 0.390 VPI: 0.00, Mem. bwidth: 0.08GB/s GFLOPS: 0.00 I/O: 0.01MB/s No MPI  
	TPI 0.02 Cache miss rates: L1 0.86GB/s L2 0.00GB/s L3 0.00GB/s
	Total MPI calls 2
	IO DATA: rchar 4556 wchar 6440 syscr 50 syscw 5 read_bytes 0 write_bytes 8192
	Process OS info: (pid 1652664 state R utime 994 stime 0 cutime 0 cstime 0 CPU usage 98)
	CPU temperature (celsius): socket 0: 62 socket 1: 74[0m
EAR[1652664](hratio_l30) at 2.60/1.47 in tcn367 MR[0] elapsed 2008 sec.: [32mLoop time: 1.007s DC Power: [35m504.2W[32m DRAM power: 0.00W PCK power: 428.62W
	avg. CPUFreq: 2.57GHz avg. IMCFreq: 1.47GHz Next Frequency 2.60
	CPI: 0.390 VPI: 0.00, Mem. bwidth: 0.10GB/s GFLOPS: 0.00 I/O: 0.01MB/s No MPI  
	TPI 0.02 Cache miss rates: L1 0.80GB/s L2 0.00GB/s L3 0.00GB/s
	Total MPI calls 2
	IO DATA: rchar 4556 wchar 6440 syscr 50 syscw 5 read_bytes 0 write_bytes 8192
	Process OS info: (pid 1652664 state R utime 978 stime 0 cutime 0 cstime 0 CPU usage 97)
	CPU temperature (celsius): socket 0: 62 socket 1: 74[0m
EAR[1652664](hratio_l30) at 2.60/1.47 in tcn367 MR[0] elapsed 2022 sec.: [32mLoop time: 1.006s DC Power: [35m504.5W[32m DRAM power: 0.00W PCK power: 428.31W
	avg. CPUFreq: 2.57GHz avg. IMCFreq: 1.47GHz Next Frequency 2.60
	CPI: 0.390 VPI: 0.00, Mem. bwidth: 0.13GB/s GFLOPS: 0.00 I/O: 0.01MB/s No MPI  
	TPI 0.03 Cache miss rates: L1 0.82GB/s L2 0.00GB/s L3 0.00GB/s
	Total MPI calls 2
	IO DATA: rchar 4556 wchar 6440 syscr 50 syscw 5 read_bytes 0 write_bytes 4096
	Process OS info: (pid 1652664 state R utime 993 stime 0 cutime 0 cstime 0 CPU usage 98)
	CPU temperature (celsius): socket 0: 62 socket 1: 74[0m
EAR[1652664](hratio_l30) at 2.60/1.47 in tcn367 MR[0] elapsed 2035 sec.: [32mLoop time: 1.007s DC Power: [35m504.2W[32m DRAM power: 0.00W PCK power: 428.50W
	avg. CPUFreq: 2.57GHz avg. IMCFreq: 1.47GHz Next Frequency 2.60
	CPI: 0.390 VPI: 0.00, Mem. bwidth: 0.10GB/s GFLOPS: 0.00 I/O: 0.01MB/s No MPI  
	TPI 0.02 Cache miss rates: L1 0.85GB/s L2 0.00GB/s L3 0.00GB/s
	Total MPI calls 2
	IO DATA: rchar 4556 wchar 6440 syscr 50 syscw 5 read_bytes 0 write_bytes 143360
	Process OS info: (pid 1652664 state R utime 978 stime 1 cutime 0 cstime 0 CPU usage 97)
	CPU temperature (celsius): socket 0: 62 socket 1: 74[0m
EAR[1652664](hratio_l30) at 2.60/1.47 in tcn367 MR[0] elapsed 2048 sec.: [32mLoop time: 1.007s DC Power: [35m448.2W[32m DRAM power: 0.00W PCK power: 428.31W
	avg. CPUFreq: 2.57GHz avg. IMCFreq: 1.47GHz Next Frequency 2.60
	CPI: 0.390 VPI: 0.00, Mem. bwidth: 0.13GB/s GFLOPS: 0.00 I/O: 0.01MB/s No MPI  
	TPI 0.03 Cache miss rates: L1 0.80GB/s L2 0.00GB/s L3 0.00GB/s
	Total MPI calls 2
	IO DATA: rchar 4556 wchar 6440 syscr 50 syscw 5 read_bytes 0 write_bytes 4096
	Process OS info: (pid 1652664 state R utime 994 stime 0 cutime 0 cstime 0 CPU usage 98)
	CPU temperature (celsius): socket 0: 62 socket 1: 74[0m
EAR[1652664](hratio_l30) at 2.60/1.47 in tcn367 MR[0] elapsed 2062 sec.: [32mLoop time: 1.015s DC Power: [35m501.0W[32m DRAM power: 0.00W PCK power: 428.50W
	avg. CPUFreq: 2.57GHz avg. IMCFreq: 1.47GHz Next Frequency 2.60
	CPI: 0.390 VPI: 0.00, Mem. bwidth: 0.10GB/s GFLOPS: 0.00 I/O: 0.01MB/s No MPI  
	TPI 0.02 Cache miss rates: L1 0.86GB/s L2 0.00GB/s L3 0.00GB/s
	Total MPI calls 2
	IO DATA: rchar 4556 wchar 6440 syscr 50 syscw 5 read_bytes 0 write_bytes 8192
	Process OS info: (pid 1652664 state R utime 986 stime 1 cutime 0 cstime 0 CPU usage 97)
	CPU temperature (celsius): socket 0: 62 socket 1: 74[0m
EAR[1652664](hratio_l30) at 2.60/1.47 in tcn367 MR[0] elapsed 2075 sec.: [32mLoop time: 1.007s DC Power: [35m505.9W[32m DRAM power: 0.00W PCK power: 428.36W
	avg. CPUFreq: 2.57GHz avg. IMCFreq: 1.47GHz Next Frequency 2.60
	CPI: 0.390 VPI: 0.00, Mem. bwidth: 0.13GB/s GFLOPS: 0.00 I/O: 0.01MB/s No MPI  
	TPI 0.03 Cache miss rates: L1 0.82GB/s L2 0.00GB/s L3 0.00GB/s
	Total MPI calls 2
	IO DATA: rchar 4556 wchar 6440 syscr 50 syscw 5 read_bytes 0 write_bytes 4096
	Process OS info: (pid 1652664 state R utime 987 stime 0 cutime 0 cstime 0 CPU usage 98)
	CPU temperature (celsius): socket 0: 62 socket 1: 75[0m
EAR[1652664](hratio_l30) at 2.60/1.47 in tcn367 MR[0] elapsed 2090 sec.: [32mLoop time: 1.007s DC Power: [35m505.2W[32m DRAM power: 0.00W PCK power: 428.30W
	avg. CPUFreq: 2.57GHz avg. IMCFreq: 1.47GHz Next Frequency 2.60
	CPI: 0.390 VPI: 0.00, Mem. bwidth: 0.10GB/s GFLOPS: 0.00 I/O: 0.01MB/s No MPI  
	TPI 0.02 Cache miss rates: L1 0.88GB/s L2 0.00GB/s L3 0.00GB/s
	Total MPI calls 2
	IO DATA: rchar 4556 wchar 6440 syscr 50 syscw 5 read_bytes 0 write_bytes 8192
	Process OS info: (pid 1652664 state R utime 995 stime 0 cutime 0 cstime 0 CPU usage 98)
	CPU temperature (celsius): socket 0: 62 socket 1: 74[0m
EAR[1652664](hratio_l30) at 2.60/1.47 in tcn367 MR[0] elapsed 2103 sec.: [32mLoop time: 1.007s DC Power: [35m504.6W[32m DRAM power: 0.00W PCK power: 428.55W
	avg. CPUFreq: 2.57GHz avg. IMCFreq: 1.47GHz Next Frequency 2.60
	CPI: 0.390 VPI: 0.00, Mem. bwidth: 0.12GB/s GFLOPS: 0.00 I/O: 0.01MB/s No MPI  
	TPI 0.02 Cache miss rates: L1 0.87GB/s L2 0.00GB/s L3 0.00GB/s
	Total MPI calls 2
	IO DATA: rchar 4556 wchar 6440 syscr 50 syscw 5 read_bytes 0 write_bytes 151552
	Process OS info: (pid 1652664 state R utime 989 stime 1 cutime 0 cstime 0 CPU usage 98)
	CPU temperature (celsius): socket 0: 62 socket 1: 74[0m
EAR[1652664](hratio_l30) at 2.60/1.47 in tcn367 MR[0] elapsed 2117 sec.: [32mLoop time: 1.007s DC Power: [35m504.3W[32m DRAM power: 0.00W PCK power: 428.41W
	avg. CPUFreq: 2.57GHz avg. IMCFreq: 1.47GHz Next Frequency 2.60
	CPI: 0.390 VPI: 0.00, Mem. bwidth: 0.09GB/s GFLOPS: 0.00 I/O: 0.01MB/s No MPI  
	TPI 0.02 Cache miss rates: L1 0.87GB/s L2 0.00GB/s L3 0.00GB/s
	Total MPI calls 2
	IO DATA: rchar 4556 wchar 6440 syscr 50 syscw 5 read_bytes 0 write_bytes 4096
	Process OS info: (pid 1652664 state R utime 994 stime 0 cutime 0 cstime 0 CPU usage 98)
	CPU temperature (celsius): socket 0: 62 socket 1: 74[0m
EAR[1652664](hratio_l30) at 2.60/1.47 in tcn367 MR[0] elapsed 2130 sec.: [32mLoop time: 1.007s DC Power: [35m504.0W[32m DRAM power: 0.00W PCK power: 428.87W
	avg. CPUFreq: 2.57GHz avg. IMCFreq: 1.47GHz Next Frequency 2.60
	CPI: 0.389 VPI: 0.00, Mem. bwidth: 0.10GB/s GFLOPS: 0.00 I/O: 0.01MB/s No MPI  
	TPI 0.02 Cache miss rates: L1 0.82GB/s L2 0.00GB/s L3 0.00GB/s
	Total MPI calls 2
	IO DATA: rchar 4556 wchar 6440 syscr 50 syscw 5 read_bytes 0 write_bytes 12288
	Process OS info: (pid 1652664 state R utime 979 stime 0 cutime 0 cstime 0 CPU usage 97)
	CPU temperature (celsius): socket 0: 62 socket 1: 74[0m
EAR[1652664](hratio_l30) at 2.60/1.47 in tcn367 MR[0] elapsed 2144 sec.: [32mLoop time: 1.007s DC Power: [35m504.3W[32m DRAM power: 0.00W PCK power: 428.67W
	avg. CPUFreq: 2.57GHz avg. IMCFreq: 1.47GHz Next Frequency 2.60
	CPI: 0.389 VPI: 0.00, Mem. bwidth: 0.10GB/s GFLOPS: 0.00 I/O: 0.01MB/s No MPI  
	TPI 0.02 Cache miss rates: L1 0.86GB/s L2 0.00GB/s L3 0.00GB/s
	Total MPI calls 2
	IO DATA: rchar 4556 wchar 6440 syscr 50 syscw 5 read_bytes 0 write_bytes 4096
	Process OS info: (pid 1652664 state R utime 993 stime 0 cutime 0 cstime 0 CPU usage 98)
	CPU temperature (celsius): socket 0: 62 socket 1: 74[0m
EAR[1652664](hratio_l30) at 2.60/1.47 in tcn367 MR[0] elapsed 2157 sec.: [32mLoop time: 1.007s DC Power: [35m504.1W[32m DRAM power: 0.00W PCK power: 429.04W
	avg. CPUFreq: 2.57GHz avg. IMCFreq: 1.47GHz Next Frequency 2.60
	CPI: 0.389 VPI: 0.00, Mem. bwidth: 0.09GB/s GFLOPS: 0.00 I/O: 0.01MB/s No MPI  
	TPI 0.02 Cache miss rates: L1 0.89GB/s L2 0.00GB/s L3 0.00GB/s
	Total MPI calls 2
	IO DATA: rchar 4556 wchar 6440 syscr 50 syscw 5 read_bytes 0 write_bytes 8192
	Process OS info: (pid 1652664 state R utime 978 stime 0 cutime 0 cstime 0 CPU usage 97)
	CPU temperature (celsius): socket 0: 62 socket 1: 74[0m
EAR[1652664](hratio_l30) at 2.60/1.47 in tcn367 MR[0] elapsed 2170 sec.: [32mLoop time: 1.007s DC Power: [35m448.0W[32m DRAM power: 0.00W PCK power: 428.81W
	avg. CPUFreq: 2.57GHz avg. IMCFreq: 1.47GHz Next Frequency 2.60
	CPI: 0.389 VPI: 0.00, Mem. bwidth: 0.12GB/s GFLOPS: 0.00 I/O: 0.01MB/s No MPI  
	TPI 0.02 Cache miss rates: L1 0.85GB/s L2 0.00GB/s L3 0.00GB/s
	Total MPI calls 2
	IO DATA: rchar 4556 wchar 6440 syscr 50 syscw 5 read_bytes 0 write_bytes 12288
	Process OS info: (pid 1652664 state R utime 994 stime 0 cutime 0 cstime 0 CPU usage 98)
	CPU temperature (celsius): socket 0: 62 socket 1: 74[0m
EAR[1652664](hratio_l30) at 2.60/1.47 in tcn367 MR[0] elapsed 2184 sec.: [32mLoop time: 1.020s DC Power: [35m497.7W[32m DRAM power: 0.00W PCK power: 428.97W
	avg. CPUFreq: 2.57GHz avg. IMCFreq: 1.47GHz Next Frequency 2.60
	CPI: 0.389 VPI: 0.00, Mem. bwidth: 0.10GB/s GFLOPS: 0.00 I/O: 0.01MB/s No MPI  
	TPI 0.02 Cache miss rates: L1 0.90GB/s L2 0.00GB/s L3 0.00GB/s
	Total MPI calls 2
	IO DATA: rchar 4556 wchar 6440 syscr 50 syscw 5 read_bytes 0 write_bytes 12288
	Process OS info: (pid 1652664 state R utime 990 stime 0 cutime 0 cstime 0 CPU usage 97)
	CPU temperature (celsius): socket 0: 62 socket 1: 74[0m
EAR[1652664](hratio_l30) at 2.60/1.47 in tcn367 MR[0] elapsed 2197 sec.: [32mLoop time: 1.007s DC Power: [35m448.1W[32m DRAM power: 0.00W PCK power: 428.69W
	avg. CPUFreq: 2.57GHz avg. IMCFreq: 1.47GHz Next Frequency 2.60
	CPI: 0.389 VPI: 0.00, Mem. bwidth: 0.14GB/s GFLOPS: 0.00 I/O: 0.01MB/s No MPI  
	TPI 0.03 Cache miss rates: L1 0.86GB/s L2 0.00GB/s L3 0.00GB/s
	Total MPI calls 2
	IO DATA: rchar 4556 wchar 6440 syscr 50 syscw 5 read_bytes 0 write_bytes 12288
	Process OS info: (pid 1652664 state R utime 988 stime 1 cutime 0 cstime 0 CPU usage 98)
	CPU temperature (celsius): socket 0: 62 socket 1: 74[0m
EAR[1652664](hratio_l30) at 2.60/1.47 in tcn367 MR[0] elapsed 2211 sec.: [32mLoop time: 1.016s DC Power: [35m444.0W[32m DRAM power: 0.00W PCK power: 428.94W
	avg. CPUFreq: 2.57GHz avg. IMCFreq: 1.47GHz Next Frequency 2.60
	CPI: 0.389 VPI: 0.00, Mem. bwidth: 0.10GB/s GFLOPS: 0.00 I/O: 0.01MB/s No MPI  
	TPI 0.02 Cache miss rates: L1 0.92GB/s L2 0.00GB/s L3 0.00GB/s
	Total MPI calls 2
	IO DATA: rchar 4556 wchar 6440 syscr 50 syscw 5 read_bytes 0 write_bytes 4096
	Process OS info: (pid 1652664 state R utime 987 stime 0 cutime 0 cstime 0 CPU usage 97)
	CPU temperature (celsius): socket 0: 62 socket 1: 74[0m
EAR[1652664](hratio_l30) at 2.60/1.47 in tcn367 MR[0] elapsed 2224 sec.: [32mLoop time: 1.008s DC Power: [35m504.4W[32m DRAM power: 0.00W PCK power: 428.86W
	avg. CPUFreq: 2.57GHz avg. IMCFreq: 1.47GHz Next Frequency 2.60
	CPI: 0.389 VPI: 0.00, Mem. bwidth: 0.13GB/s GFLOPS: 0.00 I/O: 0.01MB/s No MPI  
	TPI 0.03 Cache miss rates: L1 0.85GB/s L2 0.00GB/s L3 0.00GB/s
	Total MPI calls 2
	IO DATA: rchar 4556 wchar 6440 syscr 50 syscw 5 read_bytes 0 write_bytes 126976
	Process OS info: (pid 1652664 state R utime 990 stime 0 cutime 0 cstime 0 CPU usage 98)
	CPU temperature (celsius): socket 0: 62 socket 1: 74[0m
EAR[1652664](hratio_l30) at 2.60/1.47 in tcn367 MR[0] elapsed 2238 sec.: [32mLoop time: 1.007s DC Power: [35m505.7W[32m DRAM power: 0.00W PCK power: 428.86W
	avg. CPUFreq: 2.57GHz avg. IMCFreq: 1.47GHz Next Frequency 2.60
	CPI: 0.389 VPI: 0.00, Mem. bwidth: 0.08GB/s GFLOPS: 0.00 I/O: 0.01MB/s No MPI  
	TPI 0.02 Cache miss rates: L1 0.91GB/s L2 0.00GB/s L3 0.00GB/s
	Total MPI calls 2
	IO DATA: rchar 4556 wchar 6440 syscr 50 syscw 5 read_bytes 0 write_bytes 4096
	Process OS info: (pid 1652664 state R utime 994 stime 0 cutime 0 cstime 0 CPU usage 98)
	CPU temperature (celsius): socket 0: 62 socket 1: 74[0m
EAR[1652664](hratio_l30) at 2.60/1.47 in tcn367 MR[0] elapsed 2251 sec.: [32mLoop time: 1.007s DC Power: [35m505.9W[32m DRAM power: 0.00W PCK power: 428.87W
	avg. CPUFreq: 2.57GHz avg. IMCFreq: 1.47GHz Next Frequency 2.60
	CPI: 0.389 VPI: 0.00, Mem. bwidth: 0.08GB/s GFLOPS: 0.00 I/O: 0.01MB/s No MPI  
	TPI 0.02 Cache miss rates: L1 0.85GB/s L2 0.00GB/s L3 0.00GB/s
	Total MPI calls 2
	IO DATA: rchar 4556 wchar 6440 syscr 50 syscw 5 read_bytes 0 write_bytes 12288
	Process OS info: (pid 1652664 state R utime 994 stime 0 cutime 0 cstime 0 CPU usage 98)
	CPU temperature (celsius): socket 0: 62 socket 1: 75[0m
EAR[1652664](hratio_l30) at 2.60/1.47 in tcn367 MR[0] elapsed 2265 sec.: [32mLoop time: 1.007s DC Power: [35m505.6W[32m DRAM power: 0.00W PCK power: 428.89W
	avg. CPUFreq: 2.57GHz avg. IMCFreq: 1.47GHz Next Frequency 2.60
	CPI: 0.389 VPI: 0.00, Mem. bwidth: 0.10GB/s GFLOPS: 0.00 I/O: 0.01MB/s No MPI  
	TPI 0.02 Cache miss rates: L1 0.86GB/s L2 0.00GB/s L3 0.00GB/s
	Total MPI calls 2
	IO DATA: rchar 4556 wchar 6440 syscr 50 syscw 5 read_bytes 0 write_bytes 4096
	Process OS info: (pid 1652664 state R utime 995 stime 0 cutime 0 cstime 0 CPU usage 98)
	CPU temperature (celsius): socket 0: 62 socket 1: 74[0m
EAR[1652664](hratio_l30) at 2.60/1.47 in tcn367 MR[0] elapsed 2278 sec.: [32mLoop time: 1.007s DC Power: [35m504.8W[32m DRAM power: 0.00W PCK power: 429.01W
	avg. CPUFreq: 2.57GHz avg. IMCFreq: 1.47GHz Next Frequency 2.60
	CPI: 0.389 VPI: 0.00, Mem. bwidth: 0.10GB/s GFLOPS: 0.00 I/O: 0.01MB/s No MPI  
	TPI 0.02 Cache miss rates: L1 0.87GB/s L2 0.00GB/s L3 0.00GB/s
	Total MPI calls 2
	IO DATA: rchar 4556 wchar 6440 syscr 50 syscw 5 read_bytes 0 write_bytes 12288
	Process OS info: (pid 1652664 state R utime 978 stime 1 cutime 0 cstime 0 CPU usage 97)
	CPU temperature (celsius): socket 0: 62 socket 1: 74[0m
EAR[1652664](hratio_l30) at 2.60/1.47 in tcn367 MR[0] elapsed 2291 sec.: [32mLoop time: 1.007s DC Power: [35m448.1W[32m DRAM power: 0.00W PCK power: 428.74W
	avg. CPUFreq: 2.57GHz avg. IMCFreq: 1.47GHz Next Frequency 2.60
	CPI: 0.389 VPI: 0.00, Mem. bwidth: 0.14GB/s GFLOPS: 0.00 I/O: 0.01MB/s No MPI  
	TPI 0.03 Cache miss rates: L1 0.83GB/s L2 0.00GB/s L3 0.00GB/s
	Total MPI calls 2
	IO DATA: rchar 4556 wchar 6440 syscr 50 syscw 5 read_bytes 0 write_bytes 4096
	Process OS info: (pid 1652664 state R utime 988 stime 0 cutime 0 cstime 0 CPU usage 98)
	CPU temperature (celsius): socket 0: 62 socket 1: 74[0m
EAR[1652664](hratio_l30) at 2.60/1.47 in tcn367 MR[0] elapsed 2305 sec.: [32mLoop time: 1.013s DC Power: [35m500.9W[32m DRAM power: 0.00W PCK power: 429.04W
	avg. CPUFreq: 2.57GHz avg. IMCFreq: 1.47GHz Next Frequency 2.60
	CPI: 0.389 VPI: 0.00, Mem. bwidth: 0.10GB/s GFLOPS: 0.00 I/O: 0.01MB/s No MPI  
	TPI 0.02 Cache miss rates: L1 0.88GB/s L2 0.00GB/s L3 0.00GB/s
	Total MPI calls 2
	IO DATA: rchar 4556 wchar 6440 syscr 50 syscw 5 read_bytes 0 write_bytes 4096
	Process OS info: (pid 1652664 state R utime 984 stime 1 cutime 0 cstime 0 CPU usage 97)
	CPU temperature (celsius): socket 0: 62 socket 1: 74[0m
EAR[1652664](hratio_l30) at 2.60/1.47 in tcn367 MR[0] elapsed 2318 sec.: [32mLoop time: 1.007s DC Power: [35m504.2W[32m DRAM power: 0.00W PCK power: 428.82W
	avg. CPUFreq: 2.57GHz avg. IMCFreq: 1.47GHz Next Frequency 2.60
	CPI: 0.389 VPI: 0.00, Mem. bwidth: 0.13GB/s GFLOPS: 0.00 I/O: 0.01MB/s No MPI  
	TPI 0.03 Cache miss rates: L1 0.85GB/s L2 0.00GB/s L3 0.00GB/s
	Total MPI calls 2
	IO DATA: rchar 4556 wchar 6440 syscr 50 syscw 5 read_bytes 0 write_bytes 151552
	Process OS info: (pid 1652664 state R utime 994 stime 0 cutime 0 cstime 0 CPU usage 98)
	CPU temperature (celsius): socket 0: 62 socket 1: 74[0m
EAR[1652664](hratio_l30) at 2.60/1.47 in tcn367 MR[0] elapsed 2332 sec.: [32mLoop time: 1.008s DC Power: [35m503.6W[32m DRAM power: 0.00W PCK power: 429.09W
	avg. CPUFreq: 2.57GHz avg. IMCFreq: 1.47GHz Next Frequency 2.60
	CPI: 0.389 VPI: 0.00, Mem. bwidth: 0.14GB/s GFLOPS: 0.00 I/O: 0.01MB/s No MPI  
	TPI 0.03 Cache miss rates: L1 0.91GB/s L2 0.00GB/s L3 0.00GB/s
	Total MPI calls 2
	IO DATA: rchar 4556 wchar 6440 syscr 50 syscw 5 read_bytes 0 write_bytes 4096
	Process OS info: (pid 1652664 state R utime 978 stime 1 cutime 0 cstime 0 CPU usage 97)
	CPU temperature (celsius): socket 0: 62 socket 1: 74[0m
EAR[1652664](hratio_l30) at 2.60/1.47 in tcn367 MR[0] elapsed 2345 sec.: [32mLoop time: 1.007s DC Power: [35m504.2W[32m DRAM power: 0.00W PCK power: 428.89W
	avg. CPUFreq: 2.57GHz avg. IMCFreq: 1.47GHz Next Frequency 2.60
	CPI: 0.389 VPI: 0.00, Mem. bwidth: 0.13GB/s GFLOPS: 0.00 I/O: 0.01MB/s No MPI  
	TPI 0.03 Cache miss rates: L1 0.84GB/s L2 0.00GB/s L3 0.00GB/s
	Total MPI calls 2
	IO DATA: rchar 4556 wchar 6440 syscr 50 syscw 5 read_bytes 0 write_bytes 16384
	Process OS info: (pid 1652664 state R utime 994 stime 1 cutime 0 cstime 0 CPU usage 98)
	CPU temperature (celsius): socket 0: 62 socket 1: 74[0m
EAR[1652664](hratio_l30) at 2.60/1.47 in tcn367 MR[0] elapsed 2359 sec.: [32mLoop time: 1.007s DC Power: [35m504.2W[32m DRAM power: 0.00W PCK power: 428.89W
	avg. CPUFreq: 2.57GHz avg. IMCFreq: 1.47GHz Next Frequency 2.60
	CPI: 0.389 VPI: 0.00, Mem. bwidth: 0.08GB/s GFLOPS: 0.00 I/O: 0.01MB/s No MPI  
	TPI 0.02 Cache miss rates: L1 0.86GB/s L2 0.00GB/s L3 0.00GB/s
	Total MPI calls 2
	IO DATA: rchar 4556 wchar 6440 syscr 50 syscw 5 read_bytes 0 write_bytes 4096
	Process OS info: (pid 1652664 state R utime 994 stime 1 cutime 0 cstime 0 CPU usage 98)
	CPU temperature (celsius): socket 0: 62 socket 1: 74[0m
EAR[1652664](hratio_l30) at 2.60/1.47 in tcn367 MR[0] elapsed 2372 sec.: [32mLoop time: 1.007s DC Power: [35m504.1W[32m DRAM power: 0.00W PCK power: 428.95W
	avg. CPUFreq: 2.57GHz avg. IMCFreq: 1.47GHz Next Frequency 2.60
	CPI: 0.389 VPI: 0.00, Mem. bwidth: 0.08GB/s GFLOPS: 0.00 I/O: 0.01MB/s No MPI  
	TPI 0.02 Cache miss rates: L1 0.90GB/s L2 0.00GB/s L3 0.00GB/s
	Total MPI calls 2
	IO DATA: rchar 4556 wchar 6440 syscr 50 syscw 5 read_bytes 0 write_bytes 8192
	Process OS info: (pid 1652664 state R utime 994 stime 1 cutime 0 cstime 0 CPU usage 98)
	CPU temperature (celsius): socket 0: 62 socket 1: 74[0m
EAR[1652664](hratio_l30) at 2.60/1.47 in tcn367 MR[0] elapsed 2386 sec.: [32mLoop time: 1.007s DC Power: [35m504.2W[32m DRAM power: 0.00W PCK power: 428.86W
	avg. CPUFreq: 2.57GHz avg. IMCFreq: 1.47GHz Next Frequency 2.60
	CPI: 0.389 VPI: 0.00, Mem. bwidth: 0.10GB/s GFLOPS: 0.00 I/O: 0.01MB/s No MPI  
	TPI 0.02 Cache miss rates: L1 0.87GB/s L2 0.00GB/s L3 0.00GB/s
	Total MPI calls 2
	IO DATA: rchar 4556 wchar 6440 syscr 50 syscw 5 read_bytes 0 write_bytes 4096
	Process OS info: (pid 1652664 state R utime 994 stime 1 cutime 0 cstime 0 CPU usage 98)
	CPU temperature (celsius): socket 0: 62 socket 1: 74[0m
EAR[1652664](hratio_l30) at 2.60/1.47 in tcn367 MR[0] elapsed 2399 sec.: [32mLoop time: 1.007s DC Power: [35m504.9W[32m DRAM power: 0.00W PCK power: 429.07W
	avg. CPUFreq: 2.57GHz avg. IMCFreq: 1.47GHz Next Frequency 2.60
	CPI: 0.389 VPI: 0.00, Mem. bwidth: 0.11GB/s GFLOPS: 0.00 I/O: 0.01MB/s No MPI  
	TPI 0.02 Cache miss rates: L1 0.90GB/s L2 0.00GB/s L3 0.00GB/s
	Total MPI calls 2
	IO DATA: rchar 4556 wchar 6440 syscr 50 syscw 5 read_bytes 0 write_bytes 4096
	Process OS info: (pid 1652664 state R utime 979 stime 0 cutime 0 cstime 0 CPU usage 97)
	CPU temperature (celsius): socket 0: 62 socket 1: 74[0m
EAR[1652664](hratio_l30) at 2.60/1.47 in tcn367 MR[0] elapsed 2412 sec.: [32mLoop time: 1.007s DC Power: [35m449.7W[32m DRAM power: 0.00W PCK power: 428.85W
	avg. CPUFreq: 2.57GHz avg. IMCFreq: 1.47GHz Next Frequency 2.60
	CPI: 0.389 VPI: 0.00, Mem. bwidth: 0.12GB/s GFLOPS: 0.00 I/O: 0.01MB/s No MPI  
	TPI 0.02 Cache miss rates: L1 0.86GB/s L2 0.00GB/s L3 0.00GB/s
	Total MPI calls 2
	IO DATA: rchar 4556 wchar 6440 syscr 50 syscw 5 read_bytes 0 write_bytes 12288
	Process OS info: (pid 1652664 state R utime 994 stime 0 cutime 0 cstime 0 CPU usage 98)
	CPU temperature (celsius): socket 0: 62 socket 1: 74[0m
EAR[1652664](hratio_l30) at 2.60/1.47 in tcn367 MR[0] elapsed 2426 sec.: [32mLoop time: 1.018s DC Power: [35m500.2W[32m DRAM power: 0.00W PCK power: 429.05W
	avg. CPUFreq: 2.57GHz avg. IMCFreq: 1.47GHz Next Frequency 2.60
	CPI: 0.389 VPI: 0.00, Mem. bwidth: 0.10GB/s GFLOPS: 0.00 I/O: 0.01MB/s No MPI  
	TPI 0.02 Cache miss rates: L1 0.89GB/s L2 0.00GB/s L3 0.00GB/s
	Total MPI calls 2
	IO DATA: rchar 4556 wchar 6440 syscr 50 syscw 5 read_bytes 0 write_bytes 4096
	Process OS info: (pid 1652664 state R utime 989 stime 0 cutime 0 cstime 0 CPU usage 97)
	CPU temperature (celsius): socket 0: 62 socket 1: 74[0m
EAR[1652664](hratio_l30) at 2.60/1.47 in tcn367 MR[0] elapsed 2439 sec.: [32mLoop time: 1.007s DC Power: [35m505.8W[32m DRAM power: 0.00W PCK power: 428.78W
	avg. CPUFreq: 2.57GHz avg. IMCFreq: 1.47GHz Next Frequency 2.60
	CPI: 0.389 VPI: 0.00, Mem. bwidth: 0.13GB/s GFLOPS: 0.00 I/O: 0.01MB/s No MPI  
	TPI 0.03 Cache miss rates: L1 0.86GB/s L2 0.00GB/s L3 0.00GB/s
	Total MPI calls 2
	IO DATA: rchar 4556 wchar 6440 syscr 50 syscw 5 read_bytes 0 write_bytes 12288
	Process OS info: (pid 1652664 state R utime 993 stime 1 cutime 0 cstime 0 CPU usage 98)
	CPU temperature (celsius): socket 0: 62 socket 1: 74[0m
EAR[1652664](hratio_l30) at 2.60/1.47 in tcn367 MR[0] elapsed 2453 sec.: [32mLoop time: 1.009s DC Power: [35m504.0W[32m DRAM power: 0.00W PCK power: 429.06W
	avg. CPUFreq: 2.57GHz avg. IMCFreq: 1.47GHz Next Frequency 2.60
	CPI: 0.389 VPI: 0.00, Mem. bwidth: 0.11GB/s GFLOPS: 0.00 I/O: 0.01MB/s No MPI  
	TPI 0.02 Cache miss rates: L1 0.93GB/s L2 0.00GB/s L3 0.00GB/s
	Total MPI calls 2
	IO DATA: rchar 4556 wchar 6440 syscr 50 syscw 5 read_bytes 0 write_bytes 8192
	Process OS info: (pid 1652664 state R utime 980 stime 0 cutime 0 cstime 0 CPU usage 97)
	CPU temperature (celsius): socket 0: 62 socket 1: 74[0m
EAR[1652664](hratio_l30) at 2.60/1.47 in tcn367 MR[0] elapsed 2466 sec.: [32mLoop time: 1.007s DC Power: [35m448.1W[32m DRAM power: 0.00W PCK power: 429.14W
	avg. CPUFreq: 2.57GHz avg. IMCFreq: 1.47GHz Next Frequency 2.60
	CPI: 0.388 VPI: 0.00, Mem. bwidth: 0.14GB/s GFLOPS: 0.00 I/O: 0.01MB/s No MPI  
	TPI 0.03 Cache miss rates: L1 0.86GB/s L2 0.00GB/s L3 0.00GB/s
	Total MPI calls 2
	IO DATA: rchar 4556 wchar 6440 syscr 50 syscw 5 read_bytes 0 write_bytes 8192
	Process OS info: (pid 1652664 state R utime 994 stime 0 cutime 0 cstime 0 CPU usage 98)
	CPU temperature (celsius): socket 0: 62 socket 1: 75[0m
EAR[1652664](hratio_l30) at 2.60/1.47 in tcn367 MR[0] elapsed 2480 sec.: [32mLoop time: 1.007s DC Power: [35m448.8W[32m DRAM power: 0.00W PCK power: 429.30W
	avg. CPUFreq: 2.57GHz avg. IMCFreq: 1.47GHz Next Frequency 2.60
	CPI: 0.388 VPI: 0.00, Mem. bwidth: 0.08GB/s GFLOPS: 0.00 I/O: 0.01MB/s No MPI  
	TPI 0.02 Cache miss rates: L1 0.91GB/s L2 0.00GB/s L3 0.00GB/s
	Total MPI calls 2
	IO DATA: rchar 4556 wchar 6440 syscr 50 syscw 5 read_bytes 0 write_bytes 8192
	Process OS info: (pid 1652664 state R utime 995 stime 0 cutime 0 cstime 0 CPU usage 98)
	CPU temperature (celsius): socket 0: 62 socket 1: 74[0m
EAR[1652664](hratio_l30) at 2.60/1.47 in tcn367 MR[0] elapsed 2493 sec.: [32mLoop time: 1.007s DC Power: [35m505.0W[32m DRAM power: 0.00W PCK power: 429.15W
	avg. CPUFreq: 2.57GHz avg. IMCFreq: 1.47GHz Next Frequency 2.60
	CPI: 0.388 VPI: 0.00, Mem. bwidth: 0.10GB/s GFLOPS: 0.00 I/O: 0.01MB/s No MPI  
	TPI 0.02 Cache miss rates: L1 0.86GB/s L2 0.00GB/s L3 0.00GB/s
	Total MPI calls 2
	IO DATA: rchar 4556 wchar 6440 syscr 50 syscw 5 read_bytes 0 write_bytes 12288
	Process OS info: (pid 1652664 state R utime 994 stime 0 cutime 0 cstime 0 CPU usage 98)
	CPU temperature (celsius): socket 0: 62 socket 1: 74[0m
EAR[1652664](hratio_l30) at 2.60/1.47 in tcn367 MR[0] elapsed 2507 sec.: [32mLoop time: 1.007s DC Power: [35m449.0W[32m DRAM power: 0.00W PCK power: 429.16W
	avg. CPUFreq: 2.57GHz avg. IMCFreq: 1.47GHz Next Frequency 2.60
	CPI: 0.388 VPI: 0.00, Mem. bwidth: 0.09GB/s GFLOPS: 0.00 I/O: 0.01MB/s No MPI  
	TPI 0.02 Cache miss rates: L1 0.86GB/s L2 0.00GB/s L3 0.00GB/s
	Total MPI calls 2
	IO DATA: rchar 4556 wchar 6440 syscr 50 syscw 5 read_bytes 0 write_bytes 61440
	Process OS info: (pid 1652664 state R utime 993 stime 0 cutime 0 cstime 0 CPU usage 98)
	CPU temperature (celsius): socket 0: 62 socket 1: 74[0m
EAR[1652664](hratio_l30) at 2.60/1.47 in tcn367 MR[0] elapsed 2520 sec.: [32mLoop time: 1.013s DC Power: [35m502.0W[32m DRAM power: 0.00W PCK power: 429.37W
	avg. CPUFreq: 2.57GHz avg. IMCFreq: 1.47GHz Next Frequency 2.60
	CPI: 0.388 VPI: 0.00, Mem. bwidth: 0.10GB/s GFLOPS: 0.00 I/O: 0.01MB/s No MPI  
	TPI 0.02 Cache miss rates: L1 0.89GB/s L2 0.00GB/s L3 0.00GB/s
	Total MPI calls 2
	IO DATA: rchar 4556 wchar 6440 syscr 50 syscw 5 read_bytes 0 write_bytes 4096
	Process OS info: (pid 1652664 state R utime 984 stime 0 cutime 0 cstime 0 CPU usage 97)
	CPU temperature (celsius): socket 0: 62 socket 1: 74[0m
EAR[1652664](hratio_l30) at 2.60/1.47 in tcn367 MR[0] elapsed 2534 sec.: [32mLoop time: 1.007s DC Power: [35m449.0W[32m DRAM power: 0.00W PCK power: 429.15W
	avg. CPUFreq: 2.57GHz avg. IMCFreq: 1.47GHz Next Frequency 2.60
	CPI: 0.388 VPI: 0.00, Mem. bwidth: 0.10GB/s GFLOPS: 0.00 I/O: 0.01MB/s No MPI  
	TPI 0.02 Cache miss rates: L1 0.85GB/s L2 0.00GB/s L3 0.00GB/s
	Total MPI calls 2
	IO DATA: rchar 4556 wchar 6440 syscr 50 syscw 5 read_bytes 0 write_bytes 16384
	Process OS info: (pid 1652664 state R utime 994 stime 0 cutime 0 cstime 0 CPU usage 98)
	CPU temperature (celsius): socket 0: 62 socket 1: 74[0m
EAR[1652664](hratio_l30) at 2.60/1.47 in tcn367 MR[0] elapsed 2547 sec.: [32mLoop time: 1.011s DC Power: [35m502.9W[32m DRAM power: 0.00W PCK power: 429.27W
	avg. CPUFreq: 2.57GHz avg. IMCFreq: 1.47GHz Next Frequency 2.60
	CPI: 0.388 VPI: 0.00, Mem. bwidth: 0.10GB/s GFLOPS: 0.00 I/O: 0.01MB/s No MPI  
	TPI 0.02 Cache miss rates: L1 0.92GB/s L2 0.00GB/s L3 0.00GB/s
	Total MPI calls 2
	IO DATA: rchar 4556 wchar 6440 syscr 50 syscw 5 read_bytes 0 write_bytes 8192
	Process OS info: (pid 1652664 state R utime 982 stime 0 cutime 0 cstime 0 CPU usage 97)
	CPU temperature (celsius): socket 0: 62 socket 1: 74[0m
EAR[1652664](hratio_l30) at 2.60/1.47 in tcn367 MR[0] elapsed 2560 sec.: [32mLoop time: 1.007s DC Power: [35m504.8W[32m DRAM power: 0.00W PCK power: 429.09W
	avg. CPUFreq: 2.57GHz avg. IMCFreq: 1.47GHz Next Frequency 2.60
	CPI: 0.388 VPI: 0.00, Mem. bwidth: 0.13GB/s GFLOPS: 0.00 I/O: 0.01MB/s No MPI  
	TPI 0.03 Cache miss rates: L1 0.84GB/s L2 0.00GB/s L3 0.00GB/s
	Total MPI calls 2
	IO DATA: rchar 4556 wchar 6440 syscr 50 syscw 5 read_bytes 0 write_bytes 12288
	Process OS info: (pid 1652664 state R utime 989 stime 0 cutime 0 cstime 0 CPU usage 98)
	CPU temperature (celsius): socket 0: 62 socket 1: 74[0m
EAR[1652664](hratio_l30) at 2.60/1.47 in tcn367 MR[0] elapsed 2574 sec.: [32mLoop time: 1.009s DC Power: [35m504.5W[32m DRAM power: 0.00W PCK power: 429.27W
	avg. CPUFreq: 2.57GHz avg. IMCFreq: 1.47GHz Next Frequency 2.60
	CPI: 0.388 VPI: 0.00, Mem. bwidth: 0.14GB/s GFLOPS: 0.00 I/O: 0.01MB/s No MPI  
	TPI 0.03 Cache miss rates: L1 0.91GB/s L2 0.00GB/s L3 0.00GB/s
	Total MPI calls 2
	IO DATA: rchar 4556 wchar 6440 syscr 50 syscw 5 read_bytes 0 write_bytes 4096
	Process OS info: (pid 1652664 state R utime 979 stime 0 cutime 0 cstime 0 CPU usage 97)
	CPU temperature (celsius): socket 0: 62 socket 1: 75[0m
EAR[1652664](hratio_l30) at 2.60/1.47 in tcn367 MR[0] elapsed 2587 sec.: [32mLoop time: 1.007s DC Power: [35m449.8W[32m DRAM power: 0.00W PCK power: 429.09W
	avg. CPUFreq: 2.57GHz avg. IMCFreq: 1.47GHz Next Frequency 2.60
	CPI: 0.388 VPI: 0.00, Mem. bwidth: 0.14GB/s GFLOPS: 0.00 I/O: 0.01MB/s No MPI  
	TPI 0.03 Cache miss rates: L1 0.86GB/s L2 0.00GB/s L3 0.00GB/s
	Total MPI calls 2
	IO DATA: rchar 4556 wchar 6440 syscr 50 syscw 5 read_bytes 0 write_bytes 8192
	Process OS info: (pid 1652664 state R utime 988 stime 1 cutime 0 cstime 0 CPU usage 98)
	CPU temperature (celsius): socket 0: 62 socket 1: 74[0m
EAR[1652664](hratio_l30) at 2.60/1.47 in tcn367 MR[0] elapsed 2601 sec.: [32mLoop time: 1.007s DC Power: [35m506.6W[32m DRAM power: 0.00W PCK power: 429.15W
	avg. CPUFreq: 2.57GHz avg. IMCFreq: 1.47GHz Next Frequency 2.60
	CPI: 0.388 VPI: 0.00, Mem. bwidth: 0.09GB/s GFLOPS: 0.00 I/O: 0.01MB/s No MPI  
	TPI 0.02 Cache miss rates: L1 0.87GB/s L2 0.00GB/s L3 0.00GB/s
	Total MPI calls 2
	IO DATA: rchar 4556 wchar 6440 syscr 50 syscw 5 read_bytes 0 write_bytes 40960
	Process OS info: (pid 1652664 state R utime 994 stime 1 cutime 0 cstime 0 CPU usage 98)
	CPU temperature (celsius): socket 0: 62 socket 1: 74[0m
EAR[1652664](hratio_l30) at 2.60/1.47 in tcn367 MR[0] elapsed 2614 sec.: [32mLoop time: 1.007s DC Power: [35m505.9W[32m DRAM power: 0.00W PCK power: 429.05W
	avg. CPUFreq: 2.57GHz avg. IMCFreq: 1.47GHz Next Frequency 2.60
	CPI: 0.388 VPI: 0.00, Mem. bwidth: 0.12GB/s GFLOPS: 0.00 I/O: 0.01MB/s No MPI  
	TPI 0.02 Cache miss rates: L1 0.88GB/s L2 0.00GB/s L3 0.00GB/s
	Total MPI calls 2
	IO DATA: rchar 4556 wchar 6440 syscr 50 syscw 5 read_bytes 0 write_bytes 4096
	Process OS info: (pid 1652664 state R utime 988 stime 0 cutime 0 cstime 0 CPU usage 98)
	CPU temperature (celsius): socket 0: 62 socket 1: 74[0m
EAR[1652664](hratio_l30) at 2.60/1.47 in tcn367 MR[0] elapsed 2628 sec.: [32mLoop time: 1.007s DC Power: [35m505.0W[32m DRAM power: 0.00W PCK power: 429.19W
	avg. CPUFreq: 2.57GHz avg. IMCFreq: 1.47GHz Next Frequency 2.60
	CPI: 0.388 VPI: 0.00, Mem. bwidth: 0.09GB/s GFLOPS: 0.00 I/O: 0.01MB/s No MPI  
	TPI 0.02 Cache miss rates: L1 0.89GB/s L2 0.00GB/s L3 0.00GB/s
	Total MPI calls 2
	IO DATA: rchar 4556 wchar 6440 syscr 50 syscw 5 read_bytes 0 write_bytes 32768
	Process OS info: (pid 1652664 state R utime 994 stime 0 cutime 0 cstime 0 CPU usage 98)
	CPU temperature (celsius): socket 0: 62 socket 1: 74[0m
EAR[1652664](hratio_l30) at 2.60/1.47 in tcn367 MR[0] elapsed 2641 sec.: [32mLoop time: 1.007s DC Power: [35m505.1W[32m DRAM power: 0.00W PCK power: 429.21W
	avg. CPUFreq: 2.57GHz avg. IMCFreq: 1.47GHz Next Frequency 2.60
	CPI: 0.388 VPI: 0.00, Mem. bwidth: 0.09GB/s GFLOPS: 0.00 I/O: 0.01MB/s No MPI  
	TPI 0.02 Cache miss rates: L1 0.92GB/s L2 0.00GB/s L3 0.00GB/s
	Total MPI calls 2
	IO DATA: rchar 4556 wchar 6440 syscr 50 syscw 5 read_bytes 0 write_bytes 4096
	Process OS info: (pid 1652664 state R utime 994 stime 0 cutime 0 cstime 0 CPU usage 98)
	CPU temperature (celsius): socket 0: 62 socket 1: 74[0m
EAR[1652664](hratio_l30) at 2.60/1.47 in tcn367 MR[0] elapsed 2654 sec.: [32mLoop time: 1.007s DC Power: [35m449.0W[32m DRAM power: 0.00W PCK power: 429.11W
	avg. CPUFreq: 2.57GHz avg. IMCFreq: 1.47GHz Next Frequency 2.60
	CPI: 0.388 VPI: 0.00, Mem. bwidth: 0.09GB/s GFLOPS: 0.00 I/O: 0.01MB/s No MPI  
	TPI 0.02 Cache miss rates: L1 0.87GB/s L2 0.00GB/s L3 0.00GB/s
	Total MPI calls 2
	IO DATA: rchar 4556 wchar 6440 syscr 50 syscw 5 read_bytes 0 write_bytes 12288
	Process OS info: (pid 1652664 state R utime 985 stime 1 cutime 0 cstime 0 CPU usage 97)
	CPU temperature (celsius): socket 0: 62 socket 1: 75[0m
EAR[1652664](hratio_l30) at 2.60/1.47 in tcn367 MR[0] elapsed 2668 sec.: [32mLoop time: 1.016s DC Power: [35m500.4W[32m DRAM power: 0.00W PCK power: 429.25W
	avg. CPUFreq: 2.57GHz avg. IMCFreq: 1.47GHz Next Frequency 2.60
	CPI: 0.388 VPI: 0.00, Mem. bwidth: 0.11GB/s GFLOPS: 0.00 I/O: 0.01MB/s No MPI  
	TPI 0.02 Cache miss rates: L1 0.94GB/s L2 0.00GB/s L3 0.00GB/s
	Total MPI calls 2
	IO DATA: rchar 4556 wchar 6440 syscr 50 syscw 5 read_bytes 0 write_bytes 4096
	Process OS info: (pid 1652664 state R utime 987 stime 0 cutime 0 cstime 0 CPU usage 97)
	CPU temperature (celsius): socket 0: 62 socket 1: 74[0m
EAR[1652664](hratio_l30) at 2.60/1.47 in tcn367 MR[0] elapsed 2681 sec.: [32mLoop time: 1.007s DC Power: [35m504.9W[32m DRAM power: 0.00W PCK power: 429.11W
	avg. CPUFreq: 2.57GHz avg. IMCFreq: 1.47GHz Next Frequency 2.60
	CPI: 0.388 VPI: 0.00, Mem. bwidth: 0.12GB/s GFLOPS: 0.00 I/O: 0.01MB/s No MPI  
	TPI 0.02 Cache miss rates: L1 0.88GB/s L2 0.00GB/s L3 0.00GB/s
	Total MPI calls 2
	IO DATA: rchar 4556 wchar 6440 syscr 50 syscw 5 read_bytes 0 write_bytes 8192
	Process OS info: (pid 1652664 state R utime 994 stime 0 cutime 0 cstime 0 CPU usage 98)
	CPU temperature (celsius): socket 0: 62 socket 1: 74[0m
EAR[1652664](hratio_l30) at 2.60/1.47 in tcn367 MR[0] elapsed 2695 sec.: [32mLoop time: 1.022s DC Power: [35m497.5W[32m DRAM power: 0.00W PCK power: 429.57W
	avg. CPUFreq: 2.57GHz avg. IMCFreq: 1.47GHz Next Frequency 2.60
	CPI: 0.388 VPI: 0.00, Mem. bwidth: 0.10GB/s GFLOPS: 0.00 I/O: 0.01MB/s No MPI  
	TPI 0.02 Cache miss rates: L1 0.88GB/s L2 0.00GB/s L3 0.00GB/s
	Total MPI calls 2
	IO DATA: rchar 4556 wchar 6440 syscr 50 syscw 5 read_bytes 0 write_bytes 143360
	Process OS info: (pid 1652664 state R utime 994 stime 1 cutime 0 cstime 0 CPU usage 97)
	CPU temperature (celsius): socket 0: 62 socket 1: 74[0m
EAR[1652664](hratio_l30) at 2.60/1.47 in tcn367 MR[0] elapsed 2708 sec.: [32mLoop time: 1.007s DC Power: [35m392.8W[32m DRAM power: 0.00W PCK power: 429.62W
	avg. CPUFreq: 2.57GHz avg. IMCFreq: 1.47GHz Next Frequency 2.60
	CPI: 0.387 VPI: 0.00, Mem. bwidth: 0.13GB/s GFLOPS: 0.00 I/O: 0.01MB/s No MPI  
	TPI 0.03 Cache miss rates: L1 0.80GB/s L2 0.00GB/s L3 0.00GB/s
	Total MPI calls 2
	IO DATA: rchar 4556 wchar 6440 syscr 50 syscw 5 read_bytes 0 write_bytes 12288
	Process OS info: (pid 1652664 state R utime 995 stime 0 cutime 0 cstime 0 CPU usage 98)
	CPU temperature (celsius): socket 0: 62 socket 1: 74[0m
EAR[1652664](hratio_l30) at 2.60/1.47 in tcn367 MR[0] elapsed 2722 sec.: [32mLoop time: 1.009s DC Power: [35m503.9W[32m DRAM power: 0.00W PCK power: 430.70W
	avg. CPUFreq: 2.57GHz avg. IMCFreq: 1.47GHz Next Frequency 2.60
	CPI: 0.385 VPI: 0.00, Mem. bwidth: 0.10GB/s GFLOPS: 0.00 I/O: 0.01MB/s No MPI  
	TPI 0.02 Cache miss rates: L1 0.87GB/s L2 0.00GB/s L3 0.00GB/s
	Total MPI calls 2
	IO DATA: rchar 4556 wchar 6440 syscr 50 syscw 5 read_bytes 0 write_bytes 12288
	Process OS info: (pid 1652664 state R utime 980 stime 0 cutime 0 cstime 0 CPU usage 97)
	CPU temperature (celsius): socket 0: 62 socket 1: 74[0m
EAR[1652664](hratio_l30) at 2.60/1.47 in tcn367 MR[0] elapsed 2735 sec.: [32mLoop time: 1.007s DC Power: [35m505.7W[32m DRAM power: 0.00W PCK power: 431.12W
	avg. CPUFreq: 2.57GHz avg. IMCFreq: 1.47GHz Next Frequency 2.60
	CPI: 0.384 VPI: 0.00, Mem. bwidth: 0.13GB/s GFLOPS: 0.00 I/O: 0.01MB/s No MPI  
	TPI 0.03 Cache miss rates: L1 0.81GB/s L2 0.00GB/s L3 0.00GB/s
	Total MPI calls 2
	IO DATA: rchar 4556 wchar 6440 syscr 50 syscw 5 read_bytes 0 write_bytes 8192
	Process OS info: (pid 1652664 state R utime 994 stime 0 cutime 0 cstime 0 CPU usage 98)
	CPU temperature (celsius): socket 0: 62 socket 1: 75[0m
EAR[1652664](hratio_l30) at 2.60/1.47 in tcn367 MR[0] elapsed 2749 sec.: [32mLoop time: 1.012s DC Power: [35m504.5W[32m DRAM power: 0.00W PCK power: 431.25W
	avg. CPUFreq: 2.57GHz avg. IMCFreq: 1.47GHz Next Frequency 2.60
	CPI: 0.384 VPI: 0.00, Mem. bwidth: 0.09GB/s GFLOPS: 0.00 I/O: 0.01MB/s No MPI  
	TPI 0.02 Cache miss rates: L1 0.81GB/s L2 0.00GB/s L3 0.00GB/s
	Total MPI calls 2
	IO DATA: rchar 4556 wchar 6440 syscr 50 syscw 5 read_bytes 0 write_bytes 8192
	Process OS info: (pid 1652664 state R utime 1000 stime 0 cutime 0 cstime 0 CPU usage 98)
	CPU temperature (celsius): socket 0: 62 socket 1: 74[0m
EAR[1652664](hratio_l30) at 2.60/1.47 in tcn367 MR[0] elapsed 2762 sec.: [32mLoop time: 1.007s DC Power: [35m508.4W[32m DRAM power: 0.00W PCK power: 431.57W
	avg. CPUFreq: 2.57GHz avg. IMCFreq: 1.47GHz Next Frequency 2.60
	CPI: 0.383 VPI: 0.00, Mem. bwidth: 0.09GB/s GFLOPS: 0.00 I/O: 0.01MB/s No MPI  
	TPI 0.02 Cache miss rates: L1 0.75GB/s L2 0.00GB/s L3 0.00GB/s
	Total MPI calls 2
	IO DATA: rchar 4556 wchar 6440 syscr 50 syscw 5 read_bytes 0 write_bytes 4096
	Process OS info: (pid 1652664 state R utime 995 stime 0 cutime 0 cstime 0 CPU usage 98)
	CPU temperature (celsius): socket 0: 62 socket 1: 75[0m
EAR[1652664](hratio_l30) at 2.60/1.47 in tcn367 MR[0] elapsed 2776 sec.: [32mLoop time: 1.007s DC Power: [35m508.5W[32m DRAM power: 0.00W PCK power: 432.10W
	avg. CPUFreq: 2.57GHz avg. IMCFreq: 1.47GHz Next Frequency 2.60
	CPI: 0.382 VPI: 0.00, Mem. bwidth: 0.08GB/s GFLOPS: 0.00 I/O: 0.01MB/s No MPI  
	TPI 0.02 Cache miss rates: L1 0.77GB/s L2 0.00GB/s L3 0.00GB/s
	Total MPI calls 2
	IO DATA: rchar 4556 wchar 6440 syscr 50 syscw 5 read_bytes 0 write_bytes 4096
	Process OS info: (pid 1652664 state R utime 994 stime 0 cutime 0 cstime 0 CPU usage 98)
	CPU temperature (celsius): socket 0: 63 socket 1: 75[0m
EAR[1652664](hratio_l30) at 2.60/1.47 in tcn367 MR[0] elapsed 2789 sec.: [32mLoop time: 1.007s DC Power: [35m507.8W[32m DRAM power: 0.00W PCK power: 432.67W
	avg. CPUFreq: 2.57GHz avg. IMCFreq: 1.47GHz Next Frequency 2.60
	CPI: 0.381 VPI: 0.00, Mem. bwidth: 0.10GB/s GFLOPS: 0.00 I/O: 0.01MB/s No MPI  
	TPI 0.02 Cache miss rates: L1 0.80GB/s L2 0.00GB/s L3 0.00GB/s
	Total MPI calls 2
	IO DATA: rchar 4556 wchar 6440 syscr 50 syscw 5 read_bytes 0 write_bytes 12288
	Process OS info: (pid 1652664 state R utime 978 stime 0 cutime 0 cstime 0 CPU usage 97)
	CPU temperature (celsius): socket 0: 63 socket 1: 75[0m
EAR[1652664](hratio_l30) at 2.60/1.47 in tcn367 MR[0] elapsed 2802 sec.: [32mLoop time: 1.006s DC Power: [35m507.9W[32m DRAM power: 0.00W PCK power: 433.50W
	avg. CPUFreq: 2.57GHz avg. IMCFreq: 1.47GHz Next Frequency 2.60
	CPI: 0.379 VPI: 0.00, Mem. bwidth: 0.13GB/s GFLOPS: 0.00 I/O: 0.01MB/s No MPI  
	TPI 0.03 Cache miss rates: L1 0.69GB/s L2 0.00GB/s L3 0.00GB/s
	Total MPI calls 2
	IO DATA: rchar 4556 wchar 6440 syscr 50 syscw 5 read_bytes 0 write_bytes 8192
	Process OS info: (pid 1652664 state R utime 987 stime 0 cutime 0 cstime 0 CPU usage 98)
	CPU temperature (celsius): socket 0: 62 socket 1: 75[0m
EAR[1652664](hratio_l30) at 2.60/1.47 in tcn367 MR[0] elapsed 2816 sec.: [32mLoop time: 1.019s DC Power: [35m502.0W[32m DRAM power: 0.00W PCK power: 434.21W
	avg. CPUFreq: 2.57GHz avg. IMCFreq: 1.47GHz Next Frequency 2.60
	CPI: 0.377 VPI: 0.00, Mem. bwidth: 0.12GB/s GFLOPS: 0.00 I/O: 0.01MB/s No MPI  
	TPI 0.03 Cache miss rates: L1 0.75GB/s L2 0.00GB/s L3 0.00GB/s
	Total MPI calls 2
	IO DATA: rchar 4556 wchar 6440 syscr 50 syscw 5 read_bytes 0 write_bytes 8192
	Process OS info: (pid 1652664 state R utime 990 stime 0 cutime 0 cstime 0 CPU usage 97)
	CPU temperature (celsius): socket 0: 62 socket 1: 75[0m
EAR[1652664](hratio_l30) at 2.60/1.47 in tcn367 MR[0] elapsed 2829 sec.: [32mLoop time: 1.007s DC Power: [35m452.1W[32m DRAM power: 0.00W PCK power: 434.52W
	avg. CPUFreq: 2.57GHz avg. IMCFreq: 1.47GHz Next Frequency 2.60
	CPI: 0.377 VPI: 0.00, Mem. bwidth: 0.13GB/s GFLOPS: 0.00 I/O: 0.01MB/s No MPI  
	TPI 0.03 Cache miss rates: L1 0.68GB/s L2 0.00GB/s L3 0.00GB/s
	Total MPI calls 2
	IO DATA: rchar 4556 wchar 6440 syscr 50 syscw 5 read_bytes 0 write_bytes 4096
	Process OS info: (pid 1652664 state R utime 988 stime 0 cutime 0 cstime 0 CPU usage 98)
	CPU temperature (celsius): socket 0: 63 socket 1: 75[0m
EAR[1652664](hratio_l30) at 2.60/1.47 in tcn367 MR[0] elapsed 2843 sec.: [32mLoop time: 1.007s DC Power: [35m509.0W[32m DRAM power: 0.00W PCK power: 435.84W
	avg. CPUFreq: 2.57GHz avg. IMCFreq: 1.47GHz Next Frequency 2.60
	CPI: 0.375 VPI: 0.00, Mem. bwidth: 0.09GB/s GFLOPS: 0.00 I/O: 0.01MB/s No MPI  
	TPI 0.02 Cache miss rates: L1 0.70GB/s L2 0.00GB/s L3 0.00GB/s
	Total MPI calls 2
	IO DATA: rchar 4556 wchar 6440 syscr 50 syscw 5 read_bytes 0 write_bytes 12288
	Process OS info: (pid 1652664 state R utime 978 stime 0 cutime 0 cstime 0 CPU usage 97)
	CPU temperature (celsius): socket 0: 63 socket 1: 75[0m
EAR[1652664](hratio_l30) at 2.60/1.47 in tcn367 MR[0] elapsed 2856 sec.: [32mLoop time: 1.007s DC Power: [35m509.6W[32m DRAM power: 0.00W PCK power: 435.50W
	avg. CPUFreq: 2.57GHz avg. IMCFreq: 1.47GHz Next Frequency 2.60
	CPI: 0.375 VPI: 0.00, Mem. bwidth: 0.23GB/s GFLOPS: 0.00 I/O: 0.01MB/s No MPI  
	TPI 0.05 Cache miss rates: L1 0.65GB/s L2 0.00GB/s L3 0.00GB/s
	Total MPI calls 2
	IO DATA: rchar 4556 wchar 6440 syscr 50 syscw 5 read_bytes 0 write_bytes 8192
	Process OS info: (pid 1652664 state R utime 993 stime 1 cutime 0 cstime 0 CPU usage 98)
	CPU temperature (celsius): socket 0: 63 socket 1: 74[0m
EAR[1652664](hratio_l30) at 2.60/1.47 in tcn367 MR[0] elapsed 2870 sec.: [32mLoop time: 1.007s DC Power: [35m510.4W[32m DRAM power: 0.00W PCK power: 436.45W
	avg. CPUFreq: 2.57GHz avg. IMCFreq: 1.47GHz Next Frequency 2.60
	CPI: 0.374 VPI: 0.00, Mem. bwidth: 0.33GB/s GFLOPS: 0.00 I/O: 0.01MB/s No MPI  
	TPI 0.07 Cache miss rates: L1 0.66GB/s L2 0.00GB/s L3 0.00GB/s
	Total MPI calls 2
	IO DATA: rchar 4556 wchar 6440 syscr 50 syscw 5 read_bytes 0 write_bytes 4096
	Process OS info: (pid 1652664 state R utime 993 stime 1 cutime 0 cstime 0 CPU usage 98)
	CPU temperature (celsius): socket 0: 63 socket 1: 74[0m
EAR[1652664](hratio_l30) at 2.60/1.47 in tcn367 MR[0] elapsed 2883 sec.: [32mLoop time: 1.008s DC Power: [35m509.9W[32m DRAM power: 0.00W PCK power: 435.82W
	avg. CPUFreq: 2.57GHz avg. IMCFreq: 1.47GHz Next Frequency 2.60
	CPI: 0.374 VPI: 0.00, Mem. bwidth: 0.21GB/s GFLOPS: 0.00 I/O: 0.01MB/s No MPI  
	TPI 0.04 Cache miss rates: L1 0.70GB/s L2 0.00GB/s L3 0.00GB/s
	Total MPI calls 2
	IO DATA: rchar 4556 wchar 6440 syscr 50 syscw 5 read_bytes 0 write_bytes 8192
	Process OS info: (pid 1652664 state R utime 968 stime 0 cutime 0 cstime 0 CPU usage 96)
	CPU temperature (celsius): socket 0: 63 socket 1: 74[0m
EAR[1652664](hratio_l30) at 2.60/1.47 in tcn367 MR[0] elapsed 2897 sec.: [32mLoop time: 1.007s DC Power: [35m454.0W[32m DRAM power: 0.00W PCK power: 436.76W
	avg. CPUFreq: 2.57GHz avg. IMCFreq: 1.47GHz Next Frequency 2.60
	CPI: 0.374 VPI: 0.00, Mem. bwidth: 0.37GB/s GFLOPS: 0.00 I/O: 0.01MB/s No MPI  
	TPI 0.07 Cache miss rates: L1 0.65GB/s L2 0.00GB/s L3 0.00GB/s
	Total MPI calls 2
	IO DATA: rchar 4556 wchar 6440 syscr 50 syscw 5 read_bytes 0 write_bytes 4096
	Process OS info: (pid 1652664 state R utime 994 stime 0 cutime 0 cstime 0 CPU usage 98)
	CPU temperature (celsius): socket 0: 63 socket 1: 75[0m
EAR[1652664](hratio_l30) at 2.60/1.47 in tcn367 MR[0] elapsed 2910 sec.: [32mLoop time: 1.006s DC Power: [35m511.6W[32m DRAM power: 0.00W PCK power: 436.46W
	avg. CPUFreq: 2.57GHz avg. IMCFreq: 1.47GHz Next Frequency 2.60
	CPI: 0.374 VPI: 0.00, Mem. bwidth: 0.10GB/s GFLOPS: 0.00 I/O: 0.01MB/s No MPI  
	TPI 0.02 Cache miss rates: L1 0.71GB/s L2 0.00GB/s L3 0.00GB/s
	Total MPI calls 2
	IO DATA: rchar 4556 wchar 6440 syscr 50 syscw 5 read_bytes 0 write_bytes 135168
	Process OS info: (pid 1652664 state R utime 978 stime 0 cutime 0 cstime 0 CPU usage 97)
	CPU temperature (celsius): socket 0: 63 socket 1: 75[0m
EAR[1652664](hratio_l30) at 2.60/1.47 in tcn367 MR[0] elapsed 2923 sec.: [32mLoop time: 1.007s DC Power: [35m512.2W[32m DRAM power: 0.00W PCK power: 436.46W
	avg. CPUFreq: 2.57GHz avg. IMCFreq: 1.47GHz Next Frequency 2.60
	CPI: 0.374 VPI: 0.00, Mem. bwidth: 0.10GB/s GFLOPS: 0.00 I/O: 0.01MB/s No MPI  
	TPI 0.02 Cache miss rates: L1 0.66GB/s L2 0.00GB/s L3 0.00GB/s
	Total MPI calls 2
	IO DATA: rchar 4556 wchar 6440 syscr 50 syscw 5 read_bytes 0 write_bytes 12288
	Process OS info: (pid 1652664 state R utime 995 stime 0 cutime 0 cstime 0 CPU usage 98)
	CPU temperature (celsius): socket 0: 63 socket 1: 74[0m
EAR[1652664](hratio_l30) at 2.60/1.47 in tcn367 MR[0] elapsed 2937 sec.: [32mLoop time: 1.017s DC Power: [35m507.9W[32m DRAM power: 0.00W PCK power: 436.71W
	avg. CPUFreq: 2.57GHz avg. IMCFreq: 1.47GHz Next Frequency 2.60
	CPI: 0.374 VPI: 0.00, Mem. bwidth: 0.10GB/s GFLOPS: 0.00 I/O: 0.01MB/s No MPI  
	TPI 0.02 Cache miss rates: L1 0.70GB/s L2 0.00GB/s L3 0.00GB/s
	Total MPI calls 2
	IO DATA: rchar 4556 wchar 6440 syscr 50 syscw 5 read_bytes 0 write_bytes 12288
	Process OS info: (pid 1652664 state R utime 988 stime 0 cutime 0 cstime 0 CPU usage 97)
	CPU temperature (celsius): socket 0: 63 socket 1: 75[0m
EAR[1652664](hratio_l30) at 2.60/1.47 in tcn367 MR[0] elapsed 2950 sec.: [32mLoop time: 1.007s DC Power: [35m398.8W[32m DRAM power: 0.00W PCK power: 436.32W
	avg. CPUFreq: 2.57GHz avg. IMCFreq: 1.47GHz Next Frequency 2.60
	CPI: 0.374 VPI: 0.00, Mem. bwidth: 0.13GB/s GFLOPS: 0.00 I/O: 0.01MB/s No MPI  
	TPI 0.03 Cache miss rates: L1 0.66GB/s L2 0.00GB/s L3 0.00GB/s
	Total MPI calls 2
	IO DATA: rchar 4556 wchar 6440 syscr 50 syscw 5 read_bytes 0 write_bytes 12288
	Process OS info: (pid 1652664 state R utime 994 stime 0 cutime 0 cstime 0 CPU usage 98)
	CPU temperature (celsius): socket 0: 63 socket 1: 75[0m
EAR[1652664](hratio_l30) at 2.60/1.47 in tcn367 MR[0] elapsed 2964 sec.: [32mLoop time: 1.008s DC Power: [35m454.4W[32m DRAM power: 0.00W PCK power: 436.63W
	avg. CPUFreq: 2.57GHz avg. IMCFreq: 1.47GHz Next Frequency 2.60
	CPI: 0.374 VPI: 0.00, Mem. bwidth: 0.09GB/s GFLOPS: 0.00 I/O: 0.01MB/s No MPI  
	TPI 0.02 Cache miss rates: L1 0.71GB/s L2 0.00GB/s L3 0.00GB/s
	Total MPI calls 2
	IO DATA: rchar 4556 wchar 6440 syscr 50 syscw 5 read_bytes 0 write_bytes 8192
	Process OS info: (pid 1652664 state R utime 980 stime 1 cutime 0 cstime 0 CPU usage 97)
	CPU temperature (celsius): socket 0: 63 socket 1: 74[0m
EAR[1652664](hratio_l30) at 2.60/1.47 in tcn367 MR[0] elapsed 2977 sec.: [32mLoop time: 1.007s DC Power: [35m454.5W[32m DRAM power: 0.00W PCK power: 436.66W
	avg. CPUFreq: 2.57GHz avg. IMCFreq: 1.47GHz Next Frequency 2.60
	CPI: 0.374 VPI: 0.00, Mem. bwidth: 0.11GB/s GFLOPS: 0.00 I/O: 0.01MB/s No MPI  
	TPI 0.02 Cache miss rates: L1 0.65GB/s L2 0.00GB/s L3 0.00GB/s
	Total MPI calls 3
	IO DATA: rchar 4556 wchar 6583 syscr 50 syscw 35 read_bytes 0 write_bytes 122880
	Process OS info: (pid 1652664 state R utime 994 stime 1 cutime 0 cstime 0 CPU usage 98)
	CPU temperature (celsius): socket 0: 63 socket 1: 75[0m
EAR[1652664](hratio_l30) at 2.60/1.47 in tcn367 MR[0] elapsed 2988 sec.: [32mLoop time: 1.122s DC Power: [35m509.9W[32m DRAM power: 0.00W PCK power: 436.83W
	avg. CPUFreq: 2.57GHz avg. IMCFreq: 1.47GHz Next Frequency 2.60
	CPI: 0.374 VPI: 0.00, Mem. bwidth: 0.10GB/s GFLOPS: 0.00 I/O: 0.01MB/s No MPI  
	TPI 0.01 Cache miss rates: L1 0.50GB/s L2 0.00GB/s L3 0.00GB/s
	Total MPI calls 3
	IO DATA: rchar 5148 wchar 9432 syscr 72 syscw 30 read_bytes 0 write_bytes 299008
	Process OS info: (pid 1652664 state R utime 1107 stime 1 cutime 0 cstime 0 CPU usage 98)
	CPU temperature (celsius): socket 0: 63 socket 1: 75[0m
EAR[1652664](hratio_l30) at 2.60/1.47 in tcn367 MR[0] elapsed 3000 sec.: [32mLoop time: 1.121s DC Power: [35m510.0W[32m DRAM power: 0.00W PCK power: 436.99W
	avg. CPUFreq: 2.57GHz avg. IMCFreq: 1.47GHz Next Frequency 2.60
	CPI: 0.374 VPI: 0.00, Mem. bwidth: 0.10GB/s GFLOPS: 0.00 I/O: 0.01MB/s No MPI  
	TPI 0.01 Cache miss rates: L1 0.51GB/s L2 0.00GB/s L3 0.00GB/s
	Total MPI calls 3
	IO DATA: rchar 5196 wchar 9433 syscr 74 syscw 30 read_bytes 0 write_bytes 434176
	Process OS info: (pid 1652664 state R utime 1090 stime 1 cutime 0 cstime 0 CPU usage 97)
	CPU temperature (celsius): socket 0: 63 socket 1: 74[0m
EAR[1652664](hratio_l30) at 2.60/1.47 in tcn367 MR[0] elapsed 3011 sec.: [32mLoop time: 1.122s DC Power: [35m458.8W[32m DRAM power: 0.00W PCK power: 436.68W
	avg. CPUFreq: 2.57GHz avg. IMCFreq: 1.47GHz Next Frequency 2.60
	CPI: 0.374 VPI: 0.00, Mem. bwidth: 0.14GB/s GFLOPS: 0.00 I/O: 0.01MB/s No MPI  
	TPI 0.02 Cache miss rates: L1 0.53GB/s L2 0.00GB/s L3 0.00GB/s
	Total MPI calls 3
	IO DATA: rchar 5196 wchar 9433 syscr 74 syscw 30 read_bytes 0 write_bytes 430080
	Process OS info: (pid 1652664 state R utime 1107 stime 1 cutime 0 cstime 0 CPU usage 98)
	CPU temperature (celsius): socket 0: 63 socket 1: 74[0m
EAR[1652664](hratio_l30) at 2.60/1.47 in tcn367 MR[0] elapsed 3022 sec.: [32mLoop time: 1.122s DC Power: [35m509.9W[32m DRAM power: 0.00W PCK power: 437.04W
	avg. CPUFreq: 2.57GHz avg. IMCFreq: 1.47GHz Next Frequency 2.60
	CPI: 0.374 VPI: 0.00, Mem. bwidth: 0.10GB/s GFLOPS: 0.00 I/O: 0.01MB/s No MPI  
	TPI 0.01 Cache miss rates: L1 0.49GB/s L2 0.00GB/s L3 0.00GB/s
	Total MPI calls 3
	IO DATA: rchar 5196 wchar 9433 syscr 74 syscw 30 read_bytes 0 write_bytes 434176
	Process OS info: (pid 1652664 state R utime 1092 stime 1 cutime 0 cstime 0 CPU usage 97)
	CPU temperature (celsius): socket 0: 63 socket 1: 74[0m
EAR[1652664](hratio_l30) at 2.60/1.47 in tcn367 MR[0] elapsed 3033 sec.: [32mLoop time: 1.122s DC Power: [35m509.9W[32m DRAM power: 0.00W PCK power: 436.64W
	avg. CPUFreq: 2.57GHz avg. IMCFreq: 1.47GHz Next Frequency 2.60
	CPI: 0.374 VPI: 0.00, Mem. bwidth: 0.12GB/s GFLOPS: 0.00 I/O: 0.01MB/s No MPI  
	TPI 0.02 Cache miss rates: L1 0.51GB/s L2 0.00GB/s L3 0.00GB/s
	Total MPI calls 3
	IO DATA: rchar 5196 wchar 9433 syscr 74 syscw 30 read_bytes 0 write_bytes 442368
	Process OS info: (pid 1652664 state R utime 1107 stime 1 cutime 0 cstime 0 CPU usage 98)
	CPU temperature (celsius): socket 0: 63 socket 1: 75[0m
EAR[1652664](hratio_l30) at 2.60/1.47 in tcn367 MR[0] elapsed 3045 sec.: [32mLoop time: 1.122s DC Power: [35m509.8W[32m DRAM power: 0.00W PCK power: 436.72W
	avg. CPUFreq: 2.57GHz avg. IMCFreq: 1.47GHz Next Frequency 2.60
	CPI: 0.374 VPI: 0.00, Mem. bwidth: 0.10GB/s GFLOPS: 0.00 I/O: 0.01MB/s No MPI  
	TPI 0.01 Cache miss rates: L1 0.51GB/s L2 0.00GB/s L3 0.00GB/s
	Total MPI calls 3
	IO DATA: rchar 5196 wchar 9433 syscr 74 syscw 30 read_bytes 0 write_bytes 442368
	Process OS info: (pid 1652664 state R utime 1107 stime 1 cutime 0 cstime 0 CPU usage 98)
	CPU temperature (celsius): socket 0: 63 socket 1: 74[0m
EAR[1652664](hratio_l30) at 2.60/1.47 in tcn367 MR[0] elapsed 3056 sec.: [32mLoop time: 1.122s DC Power: [35m509.9W[32m DRAM power: 0.00W PCK power: 436.95W
	avg. CPUFreq: 2.57GHz avg. IMCFreq: 1.47GHz Next Frequency 2.60
	CPI: 0.374 VPI: 0.00, Mem. bwidth: 0.12GB/s GFLOPS: 0.00 I/O: 0.01MB/s No MPI  
	TPI 0.02 Cache miss rates: L1 0.54GB/s L2 0.00GB/s L3 0.00GB/s
	Total MPI calls 3
	IO DATA: rchar 5196 wchar 9433 syscr 74 syscw 30 read_bytes 0 write_bytes 565248
	Process OS info: (pid 1652664 state R utime 1092 stime 1 cutime 0 cstime 0 CPU usage 97)
	CPU temperature (celsius): socket 0: 63 socket 1: 75[0m
EAR[1652664](hratio_l30) at 2.60/1.47 in tcn367 MR[0] elapsed 3067 sec.: [32mLoop time: 1.122s DC Power: [35m458.9W[32m DRAM power: 0.00W PCK power: 436.78W
	avg. CPUFreq: 2.57GHz avg. IMCFreq: 1.47GHz Next Frequency 2.60
	CPI: 0.374 VPI: 0.00, Mem. bwidth: 0.12GB/s GFLOPS: 0.00 I/O: 0.01MB/s No MPI  
	TPI 0.02 Cache miss rates: L1 0.49GB/s L2 0.00GB/s L3 0.00GB/s
	Total MPI calls 3
	IO DATA: rchar 5196 wchar 9433 syscr 74 syscw 30 read_bytes 0 write_bytes 438272
	Process OS info: (pid 1652664 state R utime 1106 stime 2 cutime 0 cstime 0 CPU usage 98)
	CPU temperature (celsius): socket 0: 63 socket 1: 74[0m
EAR[1652664](hratio_l30) at 2.60/1.47 in tcn367 MR[0] elapsed 3078 sec.: [32mLoop time: 1.122s DC Power: [35m510.3W[32m DRAM power: 0.00W PCK power: 436.80W
	avg. CPUFreq: 2.57GHz avg. IMCFreq: 1.47GHz Next Frequency 2.60
	CPI: 0.374 VPI: 0.00, Mem. bwidth: 0.09GB/s GFLOPS: 0.00 I/O: 0.01MB/s No MPI  
	TPI 0.01 Cache miss rates: L1 0.49GB/s L2 0.00GB/s L3 0.00GB/s
	Total MPI calls 3
	IO DATA: rchar 5196 wchar 9433 syscr 74 syscw 30 read_bytes 0 write_bytes 438272
	Process OS info: (pid 1652664 state R utime 1108 stime 1 cutime 0 cstime 0 CPU usage 98)
	CPU temperature (celsius): socket 0: 63 socket 1: 74[0m
EAR[1652664](hratio_l30) at 2.60/1.47 in tcn367 MR[0] elapsed 3089 sec.: [32mLoop time: 1.122s DC Power: [35m511.0W[32m DRAM power: 0.00W PCK power: 437.41W
	avg. CPUFreq: 2.57GHz avg. IMCFreq: 1.47GHz Next Frequency 2.60
	CPI: 0.373 VPI: 0.00, Mem. bwidth: 0.11GB/s GFLOPS: 0.00 I/O: 0.01MB/s No MPI  
	TPI 0.02 Cache miss rates: L1 0.46GB/s L2 0.00GB/s L3 0.00GB/s
	Total MPI calls 3
	IO DATA: rchar 5196 wchar 9433 syscr 74 syscw 30 read_bytes 0 write_bytes 438272
	Process OS info: (pid 1652664 state R utime 1091 stime 1 cutime 0 cstime 0 CPU usage 97)
	CPU temperature (celsius): socket 0: 63 socket 1: 74[0m
EAR[1652664](hratio_l30) at 2.60/1.47 in tcn367 MR[0] elapsed 3101 sec.: [32mLoop time: 1.121s DC Power: [35m512.1W[32m DRAM power: 0.00W PCK power: 437.34W
	avg. CPUFreq: 2.57GHz avg. IMCFreq: 1.47GHz Next Frequency 2.60
	CPI: 0.373 VPI: 0.00, Mem. bwidth: 0.13GB/s GFLOPS: 0.00 I/O: 0.01MB/s No MPI  
	TPI 0.02 Cache miss rates: L1 0.46GB/s L2 0.00GB/s L3 0.00GB/s
	Total MPI calls 3
	IO DATA: rchar 5196 wchar 9433 syscr 74 syscw 30 read_bytes 0 write_bytes 434176
	Process OS info: (pid 1652664 state R utime 1106 stime 1 cutime 0 cstime 0 CPU usage 98)
	CPU temperature (celsius): socket 0: 63 socket 1: 75[0m
EAR[1652664](hratio_l30) at 2.60/1.47 in tcn367 MR[0] elapsed 3112 sec.: [32mLoop time: 1.131s DC Power: [35m508.4W[32m DRAM power: 0.00W PCK power: 437.54W
	avg. CPUFreq: 2.57GHz avg. IMCFreq: 1.47GHz Next Frequency 2.60
	CPI: 0.373 VPI: 0.00, Mem. bwidth: 0.11GB/s GFLOPS: 0.00 I/O: 0.01MB/s No MPI  
	TPI 0.02 Cache miss rates: L1 0.49GB/s L2 0.00GB/s L3 0.00GB/s
	Total MPI calls 3
	IO DATA: rchar 5196 wchar 9433 syscr 74 syscw 30 read_bytes 0 write_bytes 577536
	Process OS info: (pid 1652664 state R utime 1100 stime 1 cutime 0 cstime 0 CPU usage 97)
	CPU temperature (celsius): socket 0: 63 socket 1: 75[0m
EAR[1652664](hratio_l30) at 2.60/1.47 in tcn367 MR[0] elapsed 3123 sec.: [32mLoop time: 1.122s DC Power: [35m512.1W[32m DRAM power: 0.00W PCK power: 437.25W
	avg. CPUFreq: 2.57GHz avg. IMCFreq: 1.47GHz Next Frequency 2.60
	CPI: 0.373 VPI: 0.00, Mem. bwidth: 0.11GB/s GFLOPS: 0.00 I/O: 0.01MB/s No MPI  
	TPI 0.02 Cache miss rates: L1 0.46GB/s L2 0.00GB/s L3 0.00GB/s
	Total MPI calls 3
	IO DATA: rchar 5196 wchar 9433 syscr 74 syscw 30 read_bytes 0 write_bytes 536576
	Process OS info: (pid 1652664 state R utime 1108 stime 1 cutime 0 cstime 0 CPU usage 98)
	CPU temperature (celsius): socket 0: 64 socket 1: 75[0m
EAR[1652664](hratio_l30) at 2.60/1.47 in tcn367 MR[0] elapsed 3134 sec.: [32mLoop time: 1.122s DC Power: [35m460.6W[32m DRAM power: 0.00W PCK power: 437.51W
	avg. CPUFreq: 2.57GHz avg. IMCFreq: 1.47GHz Next Frequency 2.60
	CPI: 0.372 VPI: 0.00, Mem. bwidth: 0.10GB/s GFLOPS: 0.00 I/O: 0.01MB/s No MPI  
	TPI 0.01 Cache miss rates: L1 0.44GB/s L2 0.00GB/s L3 0.00GB/s
	Total MPI calls 3
	IO DATA: rchar 5196 wchar 9433 syscr 74 syscw 30 read_bytes 0 write_bytes 442368
	Process OS info: (pid 1652664 state R utime 1107 stime 1 cutime 0 cstime 0 CPU usage 98)
	CPU temperature (celsius): socket 0: 63 socket 1: 74[0m
EAR[1652664](hratio_l30) at 2.60/1.47 in tcn367 MR[0] elapsed 3146 sec.: [32mLoop time: 1.122s DC Power: [35m510.7W[32m DRAM power: 0.00W PCK power: 437.73W
	avg. CPUFreq: 2.57GHz avg. IMCFreq: 1.47GHz Next Frequency 2.60
	CPI: 0.372 VPI: 0.00, Mem. bwidth: 0.10GB/s GFLOPS: 0.00 I/O: 0.01MB/s No MPI  
	TPI 0.01 Cache miss rates: L1 0.43GB/s L2 0.00GB/s L3 0.00GB/s
	Total MPI calls 3
	IO DATA: rchar 5196 wchar 9433 syscr 74 syscw 30 read_bytes 0 write_bytes 434176
	Process OS info: (pid 1652664 state R utime 1091 stime 1 cutime 0 cstime 0 CPU usage 97)
	CPU temperature (celsius): socket 0: 63 socket 1: 75[0m
EAR[1652664](hratio_l30) at 2.60/1.47 in tcn367 MR[0] elapsed 3157 sec.: [32mLoop time: 1.123s DC Power: [35m510.1W[32m DRAM power: 0.00W PCK power: 437.63W
	avg. CPUFreq: 2.57GHz avg. IMCFreq: 1.47GHz Next Frequency 2.60
	CPI: 0.372 VPI: 0.00, Mem. bwidth: 0.12GB/s GFLOPS: 0.00 I/O: 0.01MB/s No MPI  
	TPI 0.02 Cache miss rates: L1 0.46GB/s L2 0.00GB/s L3 0.00GB/s
	Total MPI calls 3
	IO DATA: rchar 5196 wchar 9433 syscr 74 syscw 30 read_bytes 0 write_bytes 434176
	Process OS info: (pid 1652664 state R utime 1108 stime 1 cutime 0 cstime 0 CPU usage 98)
	CPU temperature (celsius): socket 0: 63 socket 1: 74[0m
EAR[1652664](hratio_l30) at 2.60/1.47 in tcn367 MR[0] elapsed 3168 sec.: [32mLoop time: 1.122s DC Power: [35m510.5W[32m DRAM power: 0.00W PCK power: 437.70W
	avg. CPUFreq: 2.57GHz avg. IMCFreq: 1.47GHz Next Frequency 2.60
	CPI: 0.372 VPI: 0.00, Mem. bwidth: 0.09GB/s GFLOPS: 0.00 I/O: 0.01MB/s No MPI  
	TPI 0.01 Cache miss rates: L1 0.43GB/s L2 0.00GB/s L3 0.00GB/s
	Total MPI calls 3
	IO DATA: rchar 5196 wchar 9433 syscr 74 syscw 30 read_bytes 0 write_bytes 495616
	Process OS info: (pid 1652664 state R utime 1108 stime 1 cutime 0 cstime 0 CPU usage 98)
	CPU temperature (celsius): socket 0: 63 socket 1: 75[0m
EAR[1652664](hratio_l30) at 2.60/1.47 in tcn367 MR[0] elapsed 3179 sec.: [32mLoop time: 1.127s DC Power: [35m508.3W[32m DRAM power: 0.00W PCK power: 437.87W
	avg. CPUFreq: 2.57GHz avg. IMCFreq: 1.47GHz Next Frequency 2.60
	CPI: 0.372 VPI: 0.00, Mem. bwidth: 0.10GB/s GFLOPS: 0.00 I/O: 0.01MB/s No MPI  
	TPI 0.01 Cache miss rates: L1 0.42GB/s L2 0.00GB/s L3 0.00GB/s
	Total MPI calls 3
	IO DATA: rchar 5196 wchar 9433 syscr 74 syscw 30 read_bytes 0 write_bytes 438272
	Process OS info: (pid 1652664 state R utime 1096 stime 1 cutime 0 cstime 0 CPU usage 97)
	CPU temperature (celsius): socket 0: 63 socket 1: 74[0m
EAR[1652664](hratio_l30) at 2.60/1.47 in tcn367 MR[0] elapsed 3191 sec.: [32mLoop time: 1.122s DC Power: [35m459.5W[32m DRAM power: 0.00W PCK power: 437.59W
	avg. CPUFreq: 2.57GHz avg. IMCFreq: 1.47GHz Next Frequency 2.60
	CPI: 0.372 VPI: 0.00, Mem. bwidth: 0.13GB/s GFLOPS: 0.00 I/O: 0.01MB/s No MPI  
	TPI 0.02 Cache miss rates: L1 0.43GB/s L2 0.00GB/s L3 0.00GB/s
	Total MPI calls 3
	IO DATA: rchar 5196 wchar 9433 syscr 74 syscw 30 read_bytes 0 write_bytes 438272
	Process OS info: (pid 1652664 state R utime 1108 stime 1 cutime 0 cstime 0 CPU usage 98)
	CPU temperature (celsius): socket 0: 63 socket 1: 74[0m
EAR[1652664](hratio_l30) at 2.60/1.47 in tcn367 MR[0] elapsed 3202 sec.: [32mLoop time: 1.122s DC Power: [35m510.7W[32m DRAM power: 0.00W PCK power: 437.68W
	avg. CPUFreq: 2.57GHz avg. IMCFreq: 1.47GHz Next Frequency 2.60
	CPI: 0.372 VPI: 0.00, Mem. bwidth: 0.10GB/s GFLOPS: 0.00 I/O: 0.01MB/s No MPI  
	TPI 0.01 Cache miss rates: L1 0.46GB/s L2 0.00GB/s L3 0.00GB/s
	Total MPI calls 3
	IO DATA: rchar 5196 wchar 9433 syscr 74 syscw 30 read_bytes 0 write_bytes 466944
	Process OS info: (pid 1652664 state R utime 1090 stime 1 cutime 0 cstime 0 CPU usage 97)
	CPU temperature (celsius): socket 0: 63 socket 1: 74[0m
EAR[1652664](hratio_l30) at 2.60/1.47 in tcn367 MR[0] elapsed 3213 sec.: [32mLoop time: 1.122s DC Power: [35m510.7W[32m DRAM power: 0.00W PCK power: 437.65W
	avg. CPUFreq: 2.57GHz avg. IMCFreq: 1.47GHz Next Frequency 2.60
	CPI: 0.372 VPI: 0.00, Mem. bwidth: 0.10GB/s GFLOPS: 0.00 I/O: 0.01MB/s No MPI  
	TPI 0.01 Cache miss rates: L1 0.43GB/s L2 0.00GB/s L3 0.00GB/s
	Total MPI calls 3
	IO DATA: rchar 5196 wchar 9433 syscr 74 syscw 30 read_bytes 0 write_bytes 434176
	Process OS info: (pid 1652664 state R utime 1107 stime 2 cutime 0 cstime 0 CPU usage 98)
	CPU temperature (celsius): socket 0: 64 socket 1: 75[0m
EAR[1652664](hratio_l30) at 2.60/1.47 in tcn367 MR[0] elapsed 3224 sec.: [32mLoop time: 1.122s DC Power: [35m510.7W[32m DRAM power: 0.00W PCK power: 437.77W
	avg. CPUFreq: 2.57GHz avg. IMCFreq: 1.47GHz Next Frequency 2.60
	CPI: 0.372 VPI: 0.00, Mem. bwidth: 0.11GB/s GFLOPS: 0.00 I/O: 0.01MB/s No MPI  
	TPI 0.02 Cache miss rates: L1 0.43GB/s L2 0.00GB/s L3 0.00GB/s
	Total MPI calls 3
	IO DATA: rchar 5196 wchar 9433 syscr 74 syscw 30 read_bytes 0 write_bytes 438272
	Process OS info: (pid 1652664 state R utime 1107 stime 1 cutime 0 cstime 0 CPU usage 98)
	CPU temperature (celsius): socket 0: 63 socket 1: 75[0m
EAR[1652664](hratio_l30) at 2.60/1.47 in tcn367 MR[0] elapsed 3235 sec.: [32mLoop time: 1.122s DC Power: [35m510.7W[32m DRAM power: 0.00W PCK power: 437.89W
	avg. CPUFreq: 2.57GHz avg. IMCFreq: 1.47GHz Next Frequency 2.60
	CPI: 0.372 VPI: 0.00, Mem. bwidth: 0.10GB/s GFLOPS: 0.00 I/O: 0.01MB/s No MPI  
	TPI 0.01 Cache miss rates: L1 0.43GB/s L2 0.00GB/s L3 0.00GB/s
	Total MPI calls 3
	IO DATA: rchar 5196 wchar 9433 syscr 74 syscw 30 read_bytes 0 write_bytes 438272
	Process OS info: (pid 1652664 state R utime 1092 stime 0 cutime 0 cstime 0 CPU usage 97)
	CPU temperature (celsius): socket 0: 63 socket 1: 75[0m
EAR[1652664](hratio_l30) at 2.60/1.47 in tcn367 MR[0] elapsed 3247 sec.: [32mLoop time: 1.122s DC Power: [35m510.8W[32m DRAM power: 0.00W PCK power: 437.75W
	avg. CPUFreq: 2.57GHz avg. IMCFreq: 1.47GHz Next Frequency 2.60
	CPI: 0.372 VPI: 0.00, Mem. bwidth: 0.12GB/s GFLOPS: 0.00 I/O: 0.01MB/s No MPI  
	TPI 0.02 Cache miss rates: L1 0.43GB/s L2 0.00GB/s L3 0.00GB/s
	Total MPI calls 3
	IO DATA: rchar 5196 wchar 9433 syscr 74 syscw 30 read_bytes 0 write_bytes 438272
	Process OS info: (pid 1652664 state R utime 1107 stime 2 cutime 0 cstime 0 CPU usage 98)
	CPU temperature (celsius): socket 0: 64 socket 1: 75[0m
EAR[1652664](hratio_l30) at 2.60/1.47 in tcn367 MR[0] elapsed 3258 sec.: [32mLoop time: 1.122s DC Power: [35m460.5W[32m DRAM power: 0.00W PCK power: 438.00W
	avg. CPUFreq: 2.57GHz avg. IMCFreq: 1.47GHz Next Frequency 2.60
	CPI: 0.372 VPI: 0.00, Mem. bwidth: 0.08GB/s GFLOPS: 0.00 I/O: 0.01MB/s No MPI  
	TPI 0.01 Cache miss rates: L1 0.46GB/s L2 0.00GB/s L3 0.00GB/s
	Total MPI calls 3
	IO DATA: rchar 5196 wchar 9433 syscr 74 syscw 30 read_bytes 0 write_bytes 434176
	Process OS info: (pid 1652664 state R utime 1107 stime 1 cutime 0 cstime 0 CPU usage 98)
	CPU temperature (celsius): socket 0: 63 socket 1: 75[0m
EAR[1652664](hratio_l30) at 2.60/1.47 in tcn367 MR[0] elapsed 3269 sec.: [32mLoop time: 1.122s DC Power: [35m512.4W[32m DRAM power: 0.00W PCK power: 438.04W
	avg. CPUFreq: 2.57GHz avg. IMCFreq: 1.47GHz Next Frequency 2.60
	CPI: 0.372 VPI: 0.00, Mem. bwidth: 0.10GB/s GFLOPS: 0.00 I/O: 0.01MB/s No MPI  
	TPI 0.02 Cache miss rates: L1 0.43GB/s L2 0.00GB/s L3 0.00GB/s
	Total MPI calls 3
	IO DATA: rchar 5196 wchar 9433 syscr 74 syscw 30 read_bytes 0 write_bytes 434176
	Process OS info: (pid 1652664 state R utime 1091 stime 1 cutime 0 cstime 0 CPU usage 97)
	CPU temperature (celsius): socket 0: 63 socket 1: 75[0m
EAR[1652664](hratio_l30) at 2.60/1.47 in tcn367 MR[0] elapsed 3280 sec.: [32mLoop time: 1.122s DC Power: [35m513.3W[32m DRAM power: 0.00W PCK power: 437.78W
	avg. CPUFreq: 2.57GHz avg. IMCFreq: 1.47GHz Next Frequency 2.60
	CPI: 0.372 VPI: 0.00, Mem. bwidth: 0.13GB/s GFLOPS: 0.00 I/O: 0.01MB/s No MPI  
	TPI 0.02 Cache miss rates: L1 0.43GB/s L2 0.00GB/s L3 0.00GB/s
	Total MPI calls 3
	IO DATA: rchar 5196 wchar 9433 syscr 74 syscw 30 read_bytes 0 write_bytes 438272
	Process OS info: (pid 1652664 state R utime 1107 stime 1 cutime 0 cstime 0 CPU usage 98)
	CPU temperature (celsius): socket 0: 64 socket 1: 75[0m
EAR[1652664](hratio_l30) at 2.60/1.47 in tcn367 MR[0] elapsed 3292 sec.: [32mLoop time: 1.121s DC Power: [35m513.3W[32m DRAM power: 0.00W PCK power: 437.97W
	avg. CPUFreq: 2.57GHz avg. IMCFreq: 1.47GHz Next Frequency 2.60
	CPI: 0.372 VPI: 0.00, Mem. bwidth: 0.13GB/s GFLOPS: 0.00 I/O: 0.01MB/s No MPI  
	TPI 0.02 Cache miss rates: L1 0.43GB/s L2 0.00GB/s L3 0.00GB/s
	Total MPI calls 3
	IO DATA: rchar 5196 wchar 9433 syscr 74 syscw 30 read_bytes 0 write_bytes 299008
	Process OS info: (pid 1652664 state R utime 1091 stime 1 cutime 0 cstime 0 CPU usage 97)
	CPU temperature (celsius): socket 0: 63 socket 1: 75[0m
EAR[1652664](hratio_l30) at 2.60/1.47 in tcn367 MR[0] elapsed 3303 sec.: [32mLoop time: 1.125s DC Power: [35m511.2W[32m DRAM power: 0.00W PCK power: 437.79W
	avg. CPUFreq: 2.57GHz avg. IMCFreq: 1.47GHz Next Frequency 2.60
	CPI: 0.372 VPI: 0.00, Mem. bwidth: 0.10GB/s GFLOPS: 0.00 I/O: 0.01MB/s No MPI  
	TPI 0.01 Cache miss rates: L1 0.47GB/s L2 0.00GB/s L3 0.00GB/s
	Total MPI calls 3
	IO DATA: rchar 5196 wchar 9433 syscr 74 syscw 30 read_bytes 0 write_bytes 430080
	Process OS info: (pid 1652664 state R utime 1110 stime 0 cutime 0 cstime 0 CPU usage 98)
	CPU temperature (celsius): socket 0: 63 socket 1: 74[0m
EAR[1652664](hratio_l30) at 2.60/1.47 in tcn367 MR[0] elapsed 3314 sec.: [32mLoop time: 1.122s DC Power: [35m460.5W[32m DRAM power: 0.00W PCK power: 437.86W
	avg. CPUFreq: 2.57GHz avg. IMCFreq: 1.47GHz Next Frequency 2.60
	CPI: 0.372 VPI: 0.00, Mem. bwidth: 0.11GB/s GFLOPS: 0.00 I/O: 0.01MB/s No MPI  
	TPI 0.02 Cache miss rates: L1 0.43GB/s L2 0.00GB/s L3 0.00GB/s
	Total MPI calls 3
	IO DATA: rchar 5196 wchar 9433 syscr 74 syscw 30 read_bytes 0 write_bytes 425984
	Process OS info: (pid 1652664 state R utime 1107 stime 1 cutime 0 cstime 0 CPU usage 98)
	CPU temperature (celsius): socket 0: 63 socket 1: 75[0m
EAR[1652664](hratio_l30) at 2.60/1.47 in tcn367 MR[0] elapsed 3325 sec.: [32mLoop time: 1.122s DC Power: [35m510.7W[32m DRAM power: 0.00W PCK power: 437.94W
	avg. CPUFreq: 2.57GHz avg. IMCFreq: 1.47GHz Next Frequency 2.60
	CPI: 0.372 VPI: 0.00, Mem. bwidth: 0.10GB/s GFLOPS: 0.00 I/O: 0.01MB/s No MPI  
	TPI 0.01 Cache miss rates: L1 0.43GB/s L2 0.00GB/s L3 0.00GB/s
	Total MPI calls 3
	IO DATA: rchar 5196 wchar 9433 syscr 74 syscw 30 read_bytes 0 write_bytes 458752
	Process OS info: (pid 1652664 state R utime 1092 stime 1 cutime 0 cstime 0 CPU usage 97)
	CPU temperature (celsius): socket 0: 63 socket 1: 75[0m
EAR[1652664](hratio_l30) at 2.60/1.47 in tcn367 MR[0] elapsed 3336 sec.: [32mLoop time: 1.122s DC Power: [35m510.7W[32m DRAM power: 0.00W PCK power: 437.79W
	avg. CPUFreq: 2.57GHz avg. IMCFreq: 1.47GHz Next Frequency 2.60
	CPI: 0.372 VPI: 0.00, Mem. bwidth: 0.11GB/s GFLOPS: 0.00 I/O: 0.01MB/s No MPI  
	TPI 0.02 Cache miss rates: L1 0.43GB/s L2 0.00GB/s L3 0.00GB/s
	Total MPI calls 3
	IO DATA: rchar 5196 wchar 9433 syscr 74 syscw 30 read_bytes 0 write_bytes 442368
	Process OS info: (pid 1652664 state R utime 1107 stime 2 cutime 0 cstime 0 CPU usage 98)
	CPU temperature (celsius): socket 0: 64 socket 1: 75[0m
EAR[1652664](hratio_l30) at 2.60/1.47 in tcn367 MR[0] elapsed 3348 sec.: [32mLoop time: 1.122s DC Power: [35m510.8W[32m DRAM power: 0.00W PCK power: 437.91W
	avg. CPUFreq: 2.57GHz avg. IMCFreq: 1.47GHz Next Frequency 2.60
	CPI: 0.372 VPI: 0.00, Mem. bwidth: 0.09GB/s GFLOPS: 0.00 I/O: 0.01MB/s No MPI  
	TPI 0.01 Cache miss rates: L1 0.43GB/s L2 0.00GB/s L3 0.00GB/s
	Total MPI calls 3
	IO DATA: rchar 5196 wchar 9433 syscr 74 syscw 30 read_bytes 0 write_bytes 581632
	Process OS info: (pid 1652664 state R utime 1107 stime 1 cutime 0 cstime 0 CPU usage 98)
	CPU temperature (celsius): socket 0: 64 socket 1: 75[0m
EAR[1652664](hratio_l30) at 2.60/1.47 in tcn367 MR[0] elapsed 3359 sec.: [32mLoop time: 1.130s DC Power: [35m507.0W[32m DRAM power: 0.00W PCK power: 438.01W
	avg. CPUFreq: 2.57GHz avg. IMCFreq: 1.47GHz Next Frequency 2.60
	CPI: 0.372 VPI: 0.00, Mem. bwidth: 0.10GB/s GFLOPS: 0.00 I/O: 0.01MB/s No MPI  
	TPI 0.01 Cache miss rates: L1 0.46GB/s L2 0.00GB/s L3 0.00GB/s
	Total MPI calls 3
	IO DATA: rchar 5197 wchar 9433 syscr 74 syscw 30 read_bytes 0 write_bytes 442368
	Process OS info: (pid 1652664 state R utime 1100 stime 1 cutime 0 cstime 0 CPU usage 97)
	CPU temperature (celsius): socket 0: 64 socket 1: 75[0m
EAR[1652664](hratio_l30) at 2.60/1.47 in tcn367 MR[0] elapsed 3370 sec.: [32mLoop time: 1.122s DC Power: [35m459.5W[32m DRAM power: 0.00W PCK power: 437.85W
	avg. CPUFreq: 2.57GHz avg. IMCFreq: 1.47GHz Next Frequency 2.60
	CPI: 0.372 VPI: 0.00, Mem. bwidth: 0.13GB/s GFLOPS: 0.00 I/O: 0.01MB/s No MPI  
	TPI 0.02 Cache miss rates: L1 0.43GB/s L2 0.00GB/s L3 0.00GB/s
	Total MPI calls 3
	IO DATA: rchar 5197 wchar 9433 syscr 74 syscw 30 read_bytes 0 write_bytes 438272
	Process OS info: (pid 1652664 state R utime 1107 stime 1 cutime 0 cstime 0 CPU usage 98)
	CPU temperature (celsius): socket 0: 64 socket 1: 75[0m
EAR[1652664](hratio_l30) at 2.60/1.47 in tcn367 MR[0] elapsed 3381 sec.: [32mLoop time: 1.122s DC Power: [35m510.6W[32m DRAM power: 0.00W PCK power: 438.05W
	avg. CPUFreq: 2.57GHz avg. IMCFreq: 1.47GHz Next Frequency 2.60
	CPI: 0.372 VPI: 0.00, Mem. bwidth: 0.10GB/s GFLOPS: 0.00 I/O: 0.01MB/s No MPI  
	TPI 0.01 Cache miss rates: L1 0.43GB/s L2 0.00GB/s L3 0.00GB/s
	Total MPI calls 3
	IO DATA: rchar 5197 wchar 9433 syscr 74 syscw 30 read_bytes 0 write_bytes 438272
	Process OS info: (pid 1652664 state R utime 1092 stime 1 cutime 0 cstime 0 CPU usage 97)
	CPU temperature (celsius): socket 0: 63 socket 1: 74[0m
EAR[1652664](hratio_l30) at 2.60/1.47 in tcn367 MR[0] elapsed 3393 sec.: [32mLoop time: 1.122s DC Power: [35m510.8W[32m DRAM power: 0.00W PCK power: 437.78W
	avg. CPUFreq: 2.57GHz avg. IMCFreq: 1.47GHz Next Frequency 2.60
	CPI: 0.372 VPI: 0.00, Mem. bwidth: 0.11GB/s GFLOPS: 0.00 I/O: 0.01MB/s No MPI  
	TPI 0.02 Cache miss rates: L1 0.43GB/s L2 0.00GB/s L3 0.00GB/s
	Total MPI calls 3
	IO DATA: rchar 5197 wchar 9433 syscr 74 syscw 30 read_bytes 0 write_bytes 434176
	Process OS info: (pid 1652664 state R utime 1107 stime 1 cutime 0 cstime 0 CPU usage 98)
	CPU temperature (celsius): socket 0: 64 socket 1: 74[0m
EAR[1652664](hratio_l30) at 2.60/1.47 in tcn367 MR[0] elapsed 3404 sec.: [32mLoop time: 1.126s DC Power: [35m508.8W[32m DRAM power: 0.00W PCK power: 437.77W
	avg. CPUFreq: 2.57GHz avg. IMCFreq: 1.47GHz Next Frequency 2.60
	CPI: 0.372 VPI: 0.00, Mem. bwidth: 0.12GB/s GFLOPS: 0.00 I/O: 0.01MB/s No MPI  
	TPI 0.02 Cache miss rates: L1 0.46GB/s L2 0.00GB/s L3 0.00GB/s
	Total MPI calls 3
	IO DATA: rchar 5197 wchar 9433 syscr 74 syscw 30 read_bytes 0 write_bytes 434176
	Process OS info: (pid 1652664 state R utime 1108 stime 1 cutime 0 cstime 0 CPU usage 98)
	CPU temperature (celsius): socket 0: 63 socket 1: 74[0m
EAR[1652664](hratio_l30) at 2.60/1.47 in tcn367 MR[0] elapsed 3415 sec.: [32mLoop time: 1.122s DC Power: [35m459.6W[32m DRAM power: 0.00W PCK power: 437.97W
	avg. CPUFreq: 2.57GHz avg. IMCFreq: 1.47GHz Next Frequency 2.60
	CPI: 0.372 VPI: 0.00, Mem. bwidth: 0.10GB/s GFLOPS: 0.00 I/O: 0.01MB/s No MPI  
	TPI 0.01 Cache miss rates: L1 0.43GB/s L2 0.00GB/s L3 0.00GB/s
	Total MPI calls 3
	IO DATA: rchar 5197 wchar 9433 syscr 74 syscw 30 read_bytes 0 write_bytes 434176
	Process OS info: (pid 1652664 state R utime 1089 stime 1 cutime 0 cstime 0 CPU usage 97)
	CPU temperature (celsius): socket 0: 63 socket 1: 74[0m
EAR[1652664](hratio_l30) at 2.60/1.47 in tcn367 MR[0] elapsed 3426 sec.: [32mLoop time: 1.122s DC Power: [35m511.3W[32m DRAM power: 0.00W PCK power: 437.86W
	avg. CPUFreq: 2.57GHz avg. IMCFreq: 1.47GHz Next Frequency 2.60
	CPI: 0.372 VPI: 0.00, Mem. bwidth: 0.12GB/s GFLOPS: 0.00 I/O: 0.01MB/s No MPI  
	TPI 0.02 Cache miss rates: L1 0.43GB/s L2 0.00GB/s L3 0.00GB/s
	Total MPI calls 3
	IO DATA: rchar 5197 wchar 9433 syscr 74 syscw 30 read_bytes 0 write_bytes 524288
	Process OS info: (pid 1652664 state R utime 1107 stime 1 cutime 0 cstime 0 CPU usage 98)
	CPU temperature (celsius): socket 0: 64 socket 1: 75[0m
EAR[1652664](hratio_l30) at 2.60/1.47 in tcn367 MR[0] elapsed 3438 sec.: [32mLoop time: 1.122s DC Power: [35m511.9W[32m DRAM power: 0.00W PCK power: 437.78W
	avg. CPUFreq: 2.57GHz avg. IMCFreq: 1.47GHz Next Frequency 2.60
	CPI: 0.372 VPI: 0.00, Mem. bwidth: 0.08GB/s GFLOPS: 0.00 I/O: 0.01MB/s No MPI  
	TPI 0.01 Cache miss rates: L1 0.43GB/s L2 0.00GB/s L3 0.00GB/s
	Total MPI calls 3
	IO DATA: rchar 5197 wchar 9433 syscr 74 syscw 30 read_bytes 0 write_bytes 299008
	Process OS info: (pid 1652664 state R utime 1107 stime 1 cutime 0 cstime 0 CPU usage 98)
	CPU temperature (celsius): socket 0: 64 socket 1: 75[0m
EAR[1652664](hratio_l30) at 2.60/1.47 in tcn367 MR[0] elapsed 3449 sec.: [32mLoop time: 1.122s DC Power: [35m512.9W[32m DRAM power: 0.00W PCK power: 437.98W
	avg. CPUFreq: 2.57GHz avg. IMCFreq: 1.47GHz Next Frequency 2.60
	CPI: 0.372 VPI: 0.00, Mem. bwidth: 0.10GB/s GFLOPS: 0.00 I/O: 0.01MB/s No MPI  
	TPI 0.01 Cache miss rates: L1 0.44GB/s L2 0.00GB/s L3 0.00GB/s
	Total MPI calls 3
	IO DATA: rchar 5197 wchar 9433 syscr 74 syscw 30 read_bytes 0 write_bytes 434176
	Process OS info: (pid 1652664 state R utime 1092 stime 1 cutime 0 cstime 0 CPU usage 97)
	CPU temperature (celsius): socket 0: 64 socket 1: 75[0m
EAR[1652664](hratio_l30) at 2.60/1.47 in tcn367 MR[0] elapsed 3460 sec.: [32mLoop time: 1.122s DC Power: [35m513.1W[32m DRAM power: 0.00W PCK power: 437.84W
	avg. CPUFreq: 2.57GHz avg. IMCFreq: 1.47GHz Next Frequency 2.60
	CPI: 0.372 VPI: 0.00, Mem. bwidth: 0.12GB/s GFLOPS: 0.00 I/O: 0.01MB/s No MPI  
	TPI 0.02 Cache miss rates: L1 0.46GB/s L2 0.00GB/s L3 0.00GB/s
	Total MPI calls 3
	IO DATA: rchar 5197 wchar 9433 syscr 74 syscw 30 read_bytes 0 write_bytes 618496
	Process OS info: (pid 1652664 state R utime 1107 stime 1 cutime 0 cstime 0 CPU usage 98)
	CPU temperature (celsius): socket 0: 64 socket 1: 75[0m
EAR[1652664](hratio_l30) at 2.60/1.47 in tcn367 MR[0] elapsed 3471 sec.: [32mLoop time: 1.122s DC Power: [35m512.5W[32m DRAM power: 0.00W PCK power: 438.00W
	avg. CPUFreq: 2.57GHz avg. IMCFreq: 1.47GHz Next Frequency 2.60
	CPI: 0.372 VPI: 0.00, Mem. bwidth: 0.10GB/s GFLOPS: 0.00 I/O: 0.01MB/s No MPI  
	TPI 0.02 Cache miss rates: L1 0.43GB/s L2 0.00GB/s L3 0.00GB/s
	Total MPI calls 3
	IO DATA: rchar 5197 wchar 9433 syscr 74 syscw 30 read_bytes 0 write_bytes 434176
	Process OS info: (pid 1652664 state R utime 1092 stime 1 cutime 0 cstime 0 CPU usage 97)
	CPU temperature (celsius): socket 0: 63 socket 1: 75[0m
EAR[1652664](hratio_l30) at 2.60/1.47 in tcn367 MR[0] elapsed 3482 sec.: [32mLoop time: 1.122s DC Power: [35m511.7W[32m DRAM power: 0.00W PCK power: 437.83W
	avg. CPUFreq: 2.57GHz avg. IMCFreq: 1.47GHz Next Frequency 2.60
	CPI: 0.372 VPI: 0.00, Mem. bwidth: 0.09GB/s GFLOPS: 0.00 I/O: 0.01MB/s No MPI  
	TPI 0.01 Cache miss rates: L1 0.43GB/s L2 0.00GB/s L3 0.00GB/s
	Total MPI calls 3
	IO DATA: rchar 5197 wchar 9433 syscr 74 syscw 30 read_bytes 0 write_bytes 581632
	Process OS info: (pid 1652664 state R utime 1108 stime 1 cutime 0 cstime 0 CPU usage 98)
	CPU temperature (celsius): socket 0: 64 socket 1: 75[0m
EAR[1652664](hratio_l30) at 2.60/1.47 in tcn367 MR[0] elapsed 3494 sec.: [32mLoop time: 1.122s DC Power: [35m460.0W[32m DRAM power: 0.00W PCK power: 437.85W
	avg. CPUFreq: 2.57GHz avg. IMCFreq: 1.47GHz Next Frequency 2.60
	CPI: 0.372 VPI: 0.00, Mem. bwidth: 0.12GB/s GFLOPS: 0.00 I/O: 0.01MB/s No MPI  
	TPI 0.02 Cache miss rates: L1 0.43GB/s L2 0.00GB/s L3 0.00GB/s
	Total MPI calls 3
	IO DATA: rchar 5197 wchar 9433 syscr 74 syscw 30 read_bytes 0 write_bytes 434176
	Process OS info: (pid 1652664 state R utime 1106 stime 1 cutime 0 cstime 0 CPU usage 98)
	CPU temperature (celsius): socket 0: 63 socket 1: 75[0m
EAR[1652664](hratio_l30) at 2.60/1.47 in tcn367 MR[0] elapsed 3505 sec.: [32mLoop time: 1.130s DC Power: [35m507.1W[32m DRAM power: 0.00W PCK power: 438.02W
	avg. CPUFreq: 2.57GHz avg. IMCFreq: 1.47GHz Next Frequency 2.60
	CPI: 0.372 VPI: 0.00, Mem. bwidth: 0.10GB/s GFLOPS: 0.00 I/O: 0.01MB/s No MPI  
	TPI 0.01 Cache miss rates: L1 0.46GB/s L2 0.00GB/s L3 0.00GB/s
	Total MPI calls 3
	IO DATA: rchar 5197 wchar 9433 syscr 74 syscw 30 read_bytes 0 write_bytes 442368
	Process OS info: (pid 1652664 state R utime 1099 stime 2 cutime 0 cstime 0 CPU usage 97)
	CPU temperature (celsius): socket 0: 63 socket 1: 75[0m
EAR[1652664](hratio_l30) at 2.60/1.47 in tcn367 MR[0] elapsed 3516 sec.: [32mLoop time: 1.122s DC Power: [35m510.7W[32m DRAM power: 0.00W PCK power: 437.83W
	avg. CPUFreq: 2.57GHz avg. IMCFreq: 1.47GHz Next Frequency 2.60
	CPI: 0.372 VPI: 0.00, Mem. bwidth: 0.12GB/s GFLOPS: 0.00 I/O: 0.01MB/s No MPI  
	TPI 0.02 Cache miss rates: L1 0.43GB/s L2 0.00GB/s L3 0.00GB/s
	Total MPI calls 3
	IO DATA: rchar 5197 wchar 9433 syscr 74 syscw 30 read_bytes 0 write_bytes 430080
	Process OS info: (pid 1652664 state R utime 1107 stime 1 cutime 0 cstime 0 CPU usage 98)
	CPU temperature (celsius): socket 0: 64 socket 1: 75[0m
EAR[1652664](hratio_l30) at 2.60/1.47 in tcn367 MR[0] elapsed 3527 sec.: [32mLoop time: 1.123s DC Power: [35m510.9W[32m DRAM power: 0.00W PCK power: 437.90W
	avg. CPUFreq: 2.57GHz avg. IMCFreq: 1.47GHz Next Frequency 2.60
	CPI: 0.372 VPI: 0.00, Mem. bwidth: 0.10GB/s GFLOPS: 0.00 I/O: 0.01MB/s No MPI  
	TPI 0.01 Cache miss rates: L1 0.43GB/s L2 0.00GB/s L3 0.00GB/s
	Total MPI calls 3
	IO DATA: rchar 5197 wchar 9433 syscr 74 syscw 30 read_bytes 0 write_bytes 442368
	Process OS info: (pid 1652664 state R utime 1108 stime 0 cutime 0 cstime 0 CPU usage 98)
	CPU temperature (celsius): socket 0: 63 socket 1: 75[0m
EAR[1652664](hratio_l30) at 2.60/1.47 in tcn367 MR[0] elapsed 3539 sec.: [32mLoop time: 1.122s DC Power: [35m511.8W[32m DRAM power: 0.00W PCK power: 437.90W
	avg. CPUFreq: 2.57GHz avg. IMCFreq: 1.47GHz Next Frequency 2.60
	CPI: 0.372 VPI: 0.00, Mem. bwidth: 0.12GB/s GFLOPS: 0.00 I/O: 0.01MB/s No MPI  
	TPI 0.02 Cache miss rates: L1 0.43GB/s L2 0.00GB/s L3 0.00GB/s
	Total MPI calls 3
	IO DATA: rchar 5197 wchar 9433 syscr 74 syscw 30 read_bytes 0 write_bytes 442368
	Process OS info: (pid 1652664 state R utime 1090 stime 1 cutime 0 cstime 0 CPU usage 97)
	CPU temperature (celsius): socket 0: 63 socket 1: 75[0m
EAR[1652664](hratio_l30) at 2.60/1.47 in tcn367 MR[0] elapsed 3550 sec.: [32mLoop time: 1.122s DC Power: [35m460.6W[32m DRAM power: 0.00W PCK power: 437.80W
	avg. CPUFreq: 2.57GHz avg. IMCFreq: 1.47GHz Next Frequency 2.60
	CPI: 0.372 VPI: 0.00, Mem. bwidth: 0.14GB/s GFLOPS: 0.00 I/O: 0.01MB/s No MPI  
	TPI 0.02 Cache miss rates: L1 0.47GB/s L2 0.00GB/s L3 0.00GB/s
	Total MPI calls 3
	IO DATA: rchar 5197 wchar 9433 syscr 74 syscw 30 read_bytes 0 write_bytes 454656
	Process OS info: (pid 1652664 state R utime 1107 stime 1 cutime 0 cstime 0 CPU usage 98)
	CPU temperature (celsius): socket 0: 64 socket 1: 74[0m
EAR[1652664](hratio_l30) at 2.60/1.47 in tcn367 MR[0] elapsed 3561 sec.: [32mLoop time: 1.122s DC Power: [35m511.7W[32m DRAM power: 0.00W PCK power: 437.98W
	avg. CPUFreq: 2.57GHz avg. IMCFreq: 1.47GHz Next Frequency 2.60
	CPI: 0.372 VPI: 0.00, Mem. bwidth: 0.10GB/s GFLOPS: 0.00 I/O: 0.01MB/s No MPI  
	TPI 0.02 Cache miss rates: L1 0.43GB/s L2 0.00GB/s L3 0.00GB/s
	Total MPI calls 3
	IO DATA: rchar 5197 wchar 9433 syscr 74 syscw 30 read_bytes 0 write_bytes 434176
	Process OS info: (pid 1652664 state R utime 1091 stime 1 cutime 0 cstime 0 CPU usage 97)
	CPU temperature (celsius): socket 0: 63 socket 1: 74[0m
EAR[1652664](hratio_l30) at 2.60/1.47 in tcn367 MR[0] elapsed 3572 sec.: [32mLoop time: 1.121s DC Power: [35m511.0W[32m DRAM power: 0.00W PCK power: 437.83W
	avg. CPUFreq: 2.57GHz avg. IMCFreq: 1.47GHz Next Frequency 2.60
	CPI: 0.372 VPI: 0.00, Mem. bwidth: 0.09GB/s GFLOPS: 0.00 I/O: 0.01MB/s No MPI  
	TPI 0.01 Cache miss rates: L1 0.43GB/s L2 0.00GB/s L3 0.00GB/s
	Total MPI calls 3
	IO DATA: rchar 5197 wchar 9433 syscr 74 syscw 30 read_bytes 0 write_bytes 434176
	Process OS info: (pid 1652664 state R utime 1107 stime 2 cutime 0 cstime 0 CPU usage 98)
	CPU temperature (celsius): socket 0: 63 socket 1: 74[0m
EAR[1652664](hratio_l30) at 2.60/1.47 in tcn367 MR[0] elapsed 3583 sec.: [32mLoop time: 1.122s DC Power: [35m510.6W[32m DRAM power: 0.00W PCK power: 437.81W
	avg. CPUFreq: 2.57GHz avg. IMCFreq: 1.47GHz Next Frequency 2.60
	CPI: 0.372 VPI: 0.00, Mem. bwidth: 0.11GB/s GFLOPS: 0.00 I/O: 0.01MB/s No MPI  
	TPI 0.02 Cache miss rates: L1 0.43GB/s L2 0.00GB/s L3 0.00GB/s
	Total MPI calls 3
	IO DATA: rchar 5197 wchar 9433 syscr 74 syscw 30 read_bytes 0 write_bytes 438272
	Process OS info: (pid 1652664 state R utime 1108 stime 1 cutime 0 cstime 0 CPU usage 98)
	CPU temperature (celsius): socket 0: 63 socket 1: 75[0m
EAR[1652664](hratio_l30) at 2.60/1.47 in tcn367 MR[0] elapsed 3595 sec.: [32mLoop time: 1.122s DC Power: [35m510.9W[32m DRAM power: 0.00W PCK power: 437.99W
	avg. CPUFreq: 2.57GHz avg. IMCFreq: 1.47GHz Next Frequency 2.60
	CPI: 0.372 VPI: 0.00, Mem. bwidth: 0.10GB/s GFLOPS: 0.00 I/O: 0.01MB/s No MPI  
	TPI 0.01 Cache miss rates: L1 0.43GB/s L2 0.00GB/s L3 0.00GB/s
	Total MPI calls 3
	IO DATA: rchar 5197 wchar 9433 syscr 74 syscw 30 read_bytes 0 write_bytes 434176
	Process OS info: (pid 1652664 state R utime 1091 stime 1 cutime 0 cstime 0 CPU usage 97)
	CPU temperature (celsius): socket 0: 64 socket 1: 75[0m
EAR[1652664](hratio_l30) at 2.60/1.47 in tcn367 MR[0] elapsed 3606 sec.: [32mLoop time: 1.122s DC Power: [35m511.8W[32m DRAM power: 0.00W PCK power: 437.78W
	avg. CPUFreq: 2.57GHz avg. IMCFreq: 1.47GHz Next Frequency 2.60
	CPI: 0.372 VPI: 0.00, Mem. bwidth: 0.12GB/s GFLOPS: 0.00 I/O: 0.01MB/s No MPI  
	TPI 0.02 Cache miss rates: L1 0.47GB/s L2 0.00GB/s L3 0.00GB/s
	Total MPI calls 3
	IO DATA: rchar 5197 wchar 9433 syscr 74 syscw 30 read_bytes 0 write_bytes 552960
	Process OS info: (pid 1652664 state R utime 1107 stime 1 cutime 0 cstime 0 CPU usage 98)
	CPU temperature (celsius): socket 0: 64 socket 1: 75[0m
EAR[1652664](hratio_l30) at 2.60/1.47 in tcn367 MR[0] elapsed 3617 sec.: [32mLoop time: 1.122s DC Power: [35m512.6W[32m DRAM power: 0.00W PCK power: 437.87W
	avg. CPUFreq: 2.57GHz avg. IMCFreq: 1.47GHz Next Frequency 2.60
	CPI: 0.372 VPI: 0.00, Mem. bwidth: 0.08GB/s GFLOPS: 0.00 I/O: 0.01MB/s No MPI  
	TPI 0.01 Cache miss rates: L1 0.43GB/s L2 0.00GB/s L3 0.00GB/s
	Total MPI calls 3
	IO DATA: rchar 5197 wchar 9433 syscr 74 syscw 30 read_bytes 0 write_bytes 548864
	Process OS info: (pid 1652664 state R utime 1107 stime 1 cutime 0 cstime 0 CPU usage 98)
	CPU temperature (celsius): socket 0: 64 socket 1: 75[0m
EAR[1652664](hratio_l30) at 2.60/1.47 in tcn367 MR[0] elapsed 3628 sec.: [32mLoop time: 1.122s DC Power: [35m513.5W[32m DRAM power: 0.00W PCK power: 438.00W
	avg. CPUFreq: 2.57GHz avg. IMCFreq: 1.47GHz Next Frequency 2.60
	CPI: 0.372 VPI: 0.00, Mem. bwidth: 0.10GB/s GFLOPS: 0.00 I/O: 0.01MB/s No MPI  
	TPI 0.01 Cache miss rates: L1 0.43GB/s L2 0.00GB/s L3 0.00GB/s
	Total MPI calls 3
	IO DATA: rchar 5197 wchar 9433 syscr 74 syscw 30 read_bytes 0 write_bytes 442368
	Process OS info: (pid 1652664 state R utime 1091 stime 1 cutime 0 cstime 0 CPU usage 97)
	CPU temperature (celsius): socket 0: 63 socket 1: 75[0m
EAR[1652664](hratio_l30) at 2.60/1.47 in tcn367 MR[0] elapsed 3640 sec.: [32mLoop time: 1.122s DC Power: [35m512.8W[32m DRAM power: 0.00W PCK power: 437.83W
	avg. CPUFreq: 2.57GHz avg. IMCFreq: 1.47GHz Next Frequency 2.60
	CPI: 0.372 VPI: 0.00, Mem. bwidth: 0.13GB/s GFLOPS: 0.00 I/O: 0.01MB/s No MPI  
	TPI 0.02 Cache miss rates: L1 0.43GB/s L2 0.00GB/s L3 0.00GB/s
	Total MPI calls 3
	IO DATA: rchar 5197 wchar 9433 syscr 74 syscw 30 read_bytes 0 write_bytes 294912
	Process OS info: (pid 1652664 state R utime 1107 stime 1 cutime 0 cstime 0 CPU usage 98)
	CPU temperature (celsius): socket 0: 63 socket 1: 75[0m
EAR[1652664](hratio_l30) at 2.60/1.47 in tcn367 MR[0] elapsed 3651 sec.: [32mLoop time: 1.133s DC Power: [35m507.2W[32m DRAM power: 0.00W PCK power: 437.90W
	avg. CPUFreq: 2.57GHz avg. IMCFreq: 1.47GHz Next Frequency 2.60
	CPI: 0.372 VPI: 0.00, Mem. bwidth: 0.11GB/s GFLOPS: 0.00 I/O: 0.01MB/s No MPI  
	TPI 0.02 Cache miss rates: L1 0.46GB/s L2 0.00GB/s L3 0.00GB/s
	Total MPI calls 3
	IO DATA: rchar 5197 wchar 9433 syscr 74 syscw 30 read_bytes 0 write_bytes 434176
	Process OS info: (pid 1652664 state R utime 1102 stime 1 cutime 0 cstime 0 CPU usage 97)
	CPU temperature (celsius): socket 0: 63 socket 1: 75[0m
EAR[1652664](hratio_l30) at 2.60/1.47 in tcn367 MR[0] elapsed 3662 sec.: [32mLoop time: 1.123s DC Power: [35m511.3W[32m DRAM power: 0.00W PCK power: 437.92W
	avg. CPUFreq: 2.57GHz avg. IMCFreq: 1.47GHz Next Frequency 2.60
	CPI: 0.372 VPI: 0.00, Mem. bwidth: 0.09GB/s GFLOPS: 0.00 I/O: 0.01MB/s No MPI  
	TPI 0.01 Cache miss rates: L1 0.43GB/s L2 0.00GB/s L3 0.00GB/s
	Total MPI calls 3
	IO DATA: rchar 5197 wchar 9433 syscr 74 syscw 30 read_bytes 0 write_bytes 434176
	Process OS info: (pid 1652664 state R utime 1108 stime 1 cutime 0 cstime 0 CPU usage 98)
	CPU temperature (celsius): socket 0: 63 socket 1: 74[0m
EAR[1652664](hratio_l30) at 2.60/1.47 in tcn367 MR[0] elapsed 3673 sec.: [32mLoop time: 1.122s DC Power: [35m460.1W[32m DRAM power: 0.00W PCK power: 437.77W
	avg. CPUFreq: 2.57GHz avg. IMCFreq: 1.47GHz Next Frequency 2.60
	CPI: 0.372 VPI: 0.00, Mem. bwidth: 0.12GB/s GFLOPS: 0.00 I/O: 0.01MB/s No MPI  
	TPI 0.02 Cache miss rates: L1 0.43GB/s L2 0.00GB/s L3 0.00GB/s
	Total MPI calls 3
	IO DATA: rchar 5197 wchar 9433 syscr 74 syscw 30 read_bytes 0 write_bytes 434176
	Process OS info: (pid 1652664 state R utime 1106 stime 2 cutime 0 cstime 0 CPU usage 98)
	CPU temperature (celsius): socket 0: 64 socket 1: 75[0m
EAR[1652664](hratio_l30) at 2.60/1.47 in tcn367 MR[0] elapsed 3685 sec.: [32mLoop time: 1.124s DC Power: [35m510.0W[32m DRAM power: 0.00W PCK power: 437.97W
	avg. CPUFreq: 2.57GHz avg. IMCFreq: 1.47GHz Next Frequency 2.60
	CPI: 0.372 VPI: 0.00, Mem. bwidth: 0.10GB/s GFLOPS: 0.00 I/O: 0.01MB/s No MPI  
	TPI 0.01 Cache miss rates: L1 0.43GB/s L2 0.00GB/s L3 0.00GB/s
	Total MPI calls 3
	IO DATA: rchar 5197 wchar 9433 syscr 74 syscw 30 read_bytes 0 write_bytes 405504
	Process OS info: (pid 1652664 state R utime 1093 stime 1 cutime 0 cstime 0 CPU usage 97)
	CPU temperature (celsius): socket 0: 63 socket 1: 75[0m
EAR[1652664](hratio_l30) at 2.60/1.47 in tcn367 MR[0] elapsed 3696 sec.: [32mLoop time: 1.123s DC Power: [35m510.2W[32m DRAM power: 0.00W PCK power: 437.84W
	avg. CPUFreq: 2.57GHz avg. IMCFreq: 1.47GHz Next Frequency 2.60
	CPI: 0.372 VPI: 0.00, Mem. bwidth: 0.12GB/s GFLOPS: 0.00 I/O: 0.01MB/s No MPI  
	TPI 0.02 Cache miss rates: L1 0.47GB/s L2 0.00GB/s L3 0.00GB/s
	Total MPI calls 3
	IO DATA: rchar 5197 wchar 9433 syscr 74 syscw 30 read_bytes 0 write_bytes 421888
	Process OS info: (pid 1652664 state R utime 1108 stime 1 cutime 0 cstime 0 CPU usage 98)
	CPU temperature (celsius): socket 0: 63 socket 1: 74[0m
EAR[1652664](hratio_l30) at 2.60/1.47 in tcn367 MR[0] elapsed 3707 sec.: [32mLoop time: 1.122s DC Power: [35m510.7W[32m DRAM power: 0.00W PCK power: 437.92W
	avg. CPUFreq: 2.57GHz avg. IMCFreq: 1.47GHz Next Frequency 2.60
	CPI: 0.372 VPI: 0.00, Mem. bwidth: 0.09GB/s GFLOPS: 0.00 I/O: 0.01MB/s No MPI  
	TPI 0.01 Cache miss rates: L1 0.43GB/s L2 0.00GB/s L3 0.00GB/s
	Total MPI calls 3
	IO DATA: rchar 5197 wchar 9433 syscr 74 syscw 30 read_bytes 0 write_bytes 434176
	Process OS info: (pid 1652664 state R utime 1107 stime 1 cutime 0 cstime 0 CPU usage 98)
	CPU temperature (celsius): socket 0: 63 socket 1: 75[0m
EAR[1652664](hratio_l30) at 2.60/1.47 in tcn367 MR[0] elapsed 3718 sec.: [32mLoop time: 1.122s DC Power: [35m510.7W[32m DRAM power: 0.00W PCK power: 438.05W
	avg. CPUFreq: 2.57GHz avg. IMCFreq: 1.47GHz Next Frequency 2.60
	CPI: 0.372 VPI: 0.00, Mem. bwidth: 0.09GB/s GFLOPS: 0.00 I/O: 0.01MB/s No MPI  
	TPI 0.01 Cache miss rates: L1 0.43GB/s L2 0.00GB/s L3 0.00GB/s
	Total MPI calls 3
	IO DATA: rchar 5197 wchar 9433 syscr 74 syscw 30 read_bytes 0 write_bytes 438272
	Process OS info: (pid 1652664 state R utime 1091 stime 1 cutime 0 cstime 0 CPU usage 97)
	CPU temperature (celsius): socket 0: 63 socket 1: 75[0m
EAR[1652664](hratio_l30) at 2.60/1.47 in tcn367 MR[0] elapsed 3730 sec.: [32mLoop time: 1.125s DC Power: [35m458.3W[32m DRAM power: 0.00W PCK power: 437.78W
	avg. CPUFreq: 2.57GHz avg. IMCFreq: 1.47GHz Next Frequency 2.60
	CPI: 0.372 VPI: 0.00, Mem. bwidth: 0.13GB/s GFLOPS: 0.00 I/O: 0.01MB/s No MPI  
	TPI 0.02 Cache miss rates: L1 0.43GB/s L2 0.00GB/s L3 0.00GB/s
	Total MPI calls 3
	IO DATA: rchar 5197 wchar 9433 syscr 74 syscw 30 read_bytes 0 write_bytes 438272
	Process OS info: (pid 1652664 state R utime 1109 stime 3 cutime 0 cstime 0 CPU usage 98)
	CPU temperature (celsius): socket 0: 63 socket 1: 75[0m
EAR[1652664](hratio_l30) at 2.60/1.47 in tcn367 MR[0] elapsed 3741 sec.: [32mLoop time: 1.121s DC Power: [35m511.1W[32m DRAM power: 0.00W PCK power: 437.76W
	avg. CPUFreq: 2.57GHz avg. IMCFreq: 1.47GHz Next Frequency 2.60
	CPI: 0.372 VPI: 0.00, Mem. bwidth: 0.09GB/s GFLOPS: 0.00 I/O: 0.01MB/s No MPI  
	TPI 0.01 Cache miss rates: L1 0.43GB/s L2 0.00GB/s L3 0.00GB/s
	Total MPI calls 3
	IO DATA: rchar 5197 wchar 9433 syscr 74 syscw 30 read_bytes 0 write_bytes 434176
	Process OS info: (pid 1652664 state R utime 1107 stime 1 cutime 0 cstime 0 CPU usage 98)
	CPU temperature (celsius): socket 0: 64 socket 1: 75[0m
EAR[1652664](hratio_l30) at 2.60/1.47 in tcn367 MR[0] elapsed 3752 sec.: [32mLoop time: 1.122s DC Power: [35m510.8W[32m DRAM power: 0.00W PCK power: 437.98W
	avg. CPUFreq: 2.57GHz avg. IMCFreq: 1.47GHz Next Frequency 2.60
	CPI: 0.372 VPI: 0.00, Mem. bwidth: 0.11GB/s GFLOPS: 0.00 I/O: 0.01MB/s No MPI  
	TPI 0.02 Cache miss rates: L1 0.47GB/s L2 0.00GB/s L3 0.00GB/s
	Total MPI calls 3
	IO DATA: rchar 5197 wchar 9433 syscr 74 syscw 30 read_bytes 0 write_bytes 438272
	Process OS info: (pid 1652664 state R utime 1091 stime 1 cutime 0 cstime 0 CPU usage 97)
	CPU temperature (celsius): socket 0: 64 socket 1: 75[0m
EAR[1652664](hratio_l30) at 2.60/1.47 in tcn367 MR[0] elapsed 3763 sec.: [32mLoop time: 1.122s DC Power: [35m510.7W[32m DRAM power: 0.00W PCK power: 437.67W
	avg. CPUFreq: 2.57GHz avg. IMCFreq: 1.47GHz Next Frequency 2.60
	CPI: 0.372 VPI: 0.00, Mem. bwidth: 0.12GB/s GFLOPS: 0.00 I/O: 0.01MB/s No MPI  
	TPI 0.02 Cache miss rates: L1 0.43GB/s L2 0.00GB/s L3 0.00GB/s
	Total MPI calls 3
	IO DATA: rchar 5197 wchar 9433 syscr 74 syscw 30 read_bytes 0 write_bytes 434176
	Process OS info: (pid 1652664 state R utime 1107 stime 1 cutime 0 cstime 0 CPU usage 98)
	CPU temperature (celsius): socket 0: 63 socket 1: 75[0m
EAR[1652664](hratio_l30) at 2.60/1.47 in tcn367 MR[0] elapsed 3774 sec.: [32mLoop time: 1.122s DC Power: [35m511.6W[32m DRAM power: 0.00W PCK power: 437.66W
	avg. CPUFreq: 2.57GHz avg. IMCFreq: 1.47GHz Next Frequency 2.60
	CPI: 0.372 VPI: 0.00, Mem. bwidth: 0.25GB/s GFLOPS: 0.00 I/O: 0.01MB/s No MPI  
	TPI 0.04 Cache miss rates: L1 0.43GB/s L2 0.00GB/s L3 0.00GB/s
	Total MPI calls 3
	IO DATA: rchar 5197 wchar 9433 syscr 74 syscw 30 read_bytes 0 write_bytes 438272
	Process OS info: (pid 1652664 state R utime 1080 stime 2 cutime 0 cstime 0 CPU usage 96)
	CPU temperature (celsius): socket 0: 64 socket 1: 75[0m
EAR[1652664](hratio_l30) at 2.60/1.47 in tcn367 MR[0] elapsed 3786 sec.: [32mLoop time: 1.122s DC Power: [35m512.2W[32m DRAM power: 0.00W PCK power: 437.88W
	avg. CPUFreq: 2.57GHz avg. IMCFreq: 1.47GHz Next Frequency 2.60
	CPI: 0.372 VPI: 0.00, Mem. bwidth: 0.37GB/s GFLOPS: 0.00 I/O: 0.01MB/s No MPI  
	TPI 0.05 Cache miss rates: L1 0.43GB/s L2 0.00GB/s L3 0.00GB/s
	Total MPI calls 3
	IO DATA: rchar 5197 wchar 9433 syscr 74 syscw 30 read_bytes 0 write_bytes 290816
	Process OS info: (pid 1652664 state R utime 1102 stime 1 cutime 0 cstime 0 CPU usage 98)
	CPU temperature (celsius): socket 0: 63 socket 1: 74[0m
EAR[1652664](hratio_l30) at 2.60/1.47 in tcn367 MR[0] elapsed 3797 sec.: [32mLoop time: 1.122s DC Power: [35m461.3W[32m DRAM power: 0.00W PCK power: 437.74W
	avg. CPUFreq: 2.57GHz avg. IMCFreq: 1.47GHz Next Frequency 2.60
	CPI: 0.372 VPI: 0.00, Mem. bwidth: 0.15GB/s GFLOPS: 0.00 I/O: 0.01MB/s No MPI  
	TPI 0.02 Cache miss rates: L1 0.43GB/s L2 0.00GB/s L3 0.00GB/s
	Total MPI calls 3
	IO DATA: rchar 5197 wchar 9433 syscr 74 syscw 30 read_bytes 0 write_bytes 438272
	Process OS info: (pid 1652664 state R utime 1105 stime 1 cutime 0 cstime 0 CPU usage 98)
	CPU temperature (celsius): socket 0: 64 socket 1: 75[0m
EAR[1652664](hratio_l30) at 2.60/1.47 in tcn367 MR[0] elapsed 3808 sec.: [32mLoop time: 1.122s DC Power: [35m512.3W[32m DRAM power: 0.00W PCK power: 438.29W
	avg. CPUFreq: 2.57GHz avg. IMCFreq: 1.47GHz Next Frequency 2.60
	CPI: 0.372 VPI: 0.00, Mem. bwidth: 0.32GB/s GFLOPS: 0.00 I/O: 0.01MB/s No MPI  
	TPI 0.05 Cache miss rates: L1 0.46GB/s L2 0.00GB/s L3 0.00GB/s
	Total MPI calls 3
	IO DATA: rchar 5197 wchar 9433 syscr 74 syscw 30 read_bytes 0 write_bytes 434176
	Process OS info: (pid 1652664 state R utime 1087 stime 1 cutime 0 cstime 0 CPU usage 96)
	CPU temperature (celsius): socket 0: 63 socket 1: 75[0m
EAR[1652664](hratio_l30) at 2.60/1.47 in tcn367 MR[0] elapsed 3819 sec.: [32mLoop time: 1.122s DC Power: [35m511.9W[32m DRAM power: 0.00W PCK power: 437.75W
	avg. CPUFreq: 2.57GHz avg. IMCFreq: 1.47GHz Next Frequency 2.60
	CPI: 0.372 VPI: 0.00, Mem. bwidth: 0.28GB/s GFLOPS: 0.00 I/O: 0.01MB/s No MPI  
	TPI 0.04 Cache miss rates: L1 0.43GB/s L2 0.00GB/s L3 0.00GB/s
	Total MPI calls 3
	IO DATA: rchar 5197 wchar 9433 syscr 74 syscw 30 read_bytes 0 write_bytes 438272
	Process OS info: (pid 1652664 state R utime 1106 stime 2 cutime 0 cstime 0 CPU usage 98)
	CPU temperature (celsius): socket 0: 63 socket 1: 75[0m
EAR[1652664](hratio_l30) at 2.60/1.47 in tcn367 MR[0] elapsed 3830 sec.: [32mLoop time: 1.122s DC Power: [35m511.8W[32m DRAM power: 0.00W PCK power: 437.81W
	avg. CPUFreq: 2.57GHz avg. IMCFreq: 1.47GHz Next Frequency 2.60
	CPI: 0.372 VPI: 0.00, Mem. bwidth: 0.09GB/s GFLOPS: 0.00 I/O: 0.01MB/s No MPI  
	TPI 0.01 Cache miss rates: L1 0.43GB/s L2 0.00GB/s L3 0.00GB/s
	Total MPI calls 3
	IO DATA: rchar 5197 wchar 9433 syscr 74 syscw 30 read_bytes 0 write_bytes 434176
	Process OS info: (pid 1652664 state R utime 1107 stime 1 cutime 0 cstime 0 CPU usage 98)
	CPU temperature (celsius): socket 0: 63 socket 1: 74[0m
EAR[1652664](hratio_l30) at 2.60/1.47 in tcn367 MR[0] elapsed 3842 sec.: [32mLoop time: 1.122s DC Power: [35m510.8W[32m DRAM power: 0.00W PCK power: 437.93W
	avg. CPUFreq: 2.57GHz avg. IMCFreq: 1.47GHz Next Frequency 2.60
	CPI: 0.372 VPI: 0.00, Mem. bwidth: 0.10GB/s GFLOPS: 0.00 I/O: 0.01MB/s No MPI  
	TPI 0.02 Cache miss rates: L1 0.43GB/s L2 0.00GB/s L3 0.00GB/s
	Total MPI calls 3
	IO DATA: rchar 5197 wchar 9433 syscr 74 syscw 30 read_bytes 0 write_bytes 434176
	Process OS info: (pid 1652664 state R utime 1092 stime 1 cutime 0 cstime 0 CPU usage 97)
	CPU temperature (celsius): socket 0: 64 socket 1: 75[0m
EAR[1652664](hratio_l30) at 2.60/1.47 in tcn367 MR[0] elapsed 3853 sec.: [32mLoop time: 1.121s DC Power: [35m408.7W[32m DRAM power: 0.00W PCK power: 437.69W
	avg. CPUFreq: 2.57GHz avg. IMCFreq: 1.47GHz Next Frequency 2.60
	CPI: 0.372 VPI: 0.00, Mem. bwidth: 0.12GB/s GFLOPS: 0.00 I/O: 0.01MB/s No MPI  
	TPI 0.02 Cache miss rates: L1 0.47GB/s L2 0.00GB/s L3 0.00GB/s
	Total MPI calls 3
	IO DATA: rchar 5197 wchar 9433 syscr 74 syscw 30 read_bytes 0 write_bytes 434176
	Process OS info: (pid 1652664 state R utime 1107 stime 1 cutime 0 cstime 0 CPU usage 98)
	CPU temperature (celsius): socket 0: 63 socket 1: 75[0m
EAR[1652664](hratio_l30) at 2.60/1.47 in tcn367 MR[0] elapsed 3864 sec.: [32mLoop time: 1.122s DC Power: [35m510.6W[32m DRAM power: 0.00W PCK power: 437.75W
	avg. CPUFreq: 2.57GHz avg. IMCFreq: 1.47GHz Next Frequency 2.60
	CPI: 0.372 VPI: 0.00, Mem. bwidth: 0.11GB/s GFLOPS: 0.00 I/O: 0.01MB/s No MPI  
	TPI 0.02 Cache miss rates: L1 0.43GB/s L2 0.00GB/s L3 0.00GB/s
	Total MPI calls 3
	IO DATA: rchar 5197 wchar 9433 syscr 74 syscw 30 read_bytes 0 write_bytes 430080
	Process OS info: (pid 1652664 state R utime 1091 stime 1 cutime 0 cstime 0 CPU usage 97)
	CPU temperature (celsius): socket 0: 63 socket 1: 74[0m
EAR[1652664](hratio_l30) at 2.60/1.47 in tcn367 MR[0] elapsed 3875 sec.: [32mLoop time: 1.122s DC Power: [35m510.8W[32m DRAM power: 0.00W PCK power: 437.54W
	avg. CPUFreq: 2.57GHz avg. IMCFreq: 1.47GHz Next Frequency 2.60
	CPI: 0.372 VPI: 0.00, Mem. bwidth: 0.13GB/s GFLOPS: 0.00 I/O: 0.01MB/s No MPI  
	TPI 0.02 Cache miss rates: L1 0.43GB/s L2 0.00GB/s L3 0.00GB/s
	Total MPI calls 3
	IO DATA: rchar 5197 wchar 9433 syscr 74 syscw 30 read_bytes 0 write_bytes 434176
	Process OS info: (pid 1652664 state R utime 1094 stime 1 cutime 0 cstime 0 CPU usage 97)
	CPU temperature (celsius): socket 0: 63 socket 1: 74[0m
EAR[1652664](hratio_l30) at 2.60/1.47 in tcn367 MR[0] elapsed 3887 sec.: [32mLoop time: 1.122s DC Power: [35m510.6W[32m DRAM power: 0.00W PCK power: 437.72W
	avg. CPUFreq: 2.57GHz avg. IMCFreq: 1.47GHz Next Frequency 2.60
	CPI: 0.372 VPI: 0.00, Mem. bwidth: 0.10GB/s GFLOPS: 0.00 I/O: 0.01MB/s No MPI  
	TPI 0.01 Cache miss rates: L1 0.43GB/s L2 0.00GB/s L3 0.00GB/s
	Total MPI calls 3
	IO DATA: rchar 5197 wchar 9433 syscr 74 syscw 30 read_bytes 0 write_bytes 573440
	Process OS info: (pid 1652664 state R utime 1108 stime 1 cutime 0 cstime 0 CPU usage 98)
	CPU temperature (celsius): socket 0: 63 socket 1: 74[0m
EAR[1652664](hratio_l30) at 2.60/1.47 in tcn367 MR[0] elapsed 3898 sec.: [32mLoop time: 1.122s DC Power: [35m510.7W[32m DRAM power: 0.00W PCK power: 437.91W
	avg. CPUFreq: 2.57GHz avg. IMCFreq: 1.47GHz Next Frequency 2.60
	CPI: 0.372 VPI: 0.00, Mem. bwidth: 0.10GB/s GFLOPS: 0.00 I/O: 0.01MB/s No MPI  
	TPI 0.01 Cache miss rates: L1 0.43GB/s L2 0.00GB/s L3 0.00GB/s
	Total MPI calls 3
	IO DATA: rchar 5197 wchar 9433 syscr 74 syscw 30 read_bytes 0 write_bytes 503808
	Process OS info: (pid 1652664 state R utime 1091 stime 1 cutime 0 cstime 0 CPU usage 97)
	CPU temperature (celsius): socket 0: 63 socket 1: 74[0m
EAR[1652664](hratio_l30) at 2.60/1.47 in tcn367 MR[0] elapsed 3909 sec.: [32mLoop time: 1.122s DC Power: [35m459.6W[32m DRAM power: 0.00W PCK power: 437.67W
	avg. CPUFreq: 2.57GHz avg. IMCFreq: 1.47GHz Next Frequency 2.60
	CPI: 0.372 VPI: 0.00, Mem. bwidth: 0.13GB/s GFLOPS: 0.00 I/O: 0.01MB/s No MPI  
	TPI 0.02 Cache miss rates: L1 0.46GB/s L2 0.00GB/s L3 0.00GB/s
	Total MPI calls 3
	IO DATA: rchar 5197 wchar 9433 syscr 74 syscw 30 read_bytes 0 write_bytes 483328
	Process OS info: (pid 1652664 state R utime 1107 stime 1 cutime 0 cstime 0 CPU usage 98)
	CPU temperature (celsius): socket 0: 63 socket 1: 74[0m
EAR[1652664](hratio_l30) at 2.60/1.47 in tcn367 MR[0] elapsed 3920 sec.: [32mLoop time: 1.123s DC Power: [35m510.3W[32m DRAM power: 0.00W PCK power: 437.70W
	avg. CPUFreq: 2.57GHz avg. IMCFreq: 1.47GHz Next Frequency 2.60
	CPI: 0.372 VPI: 0.00, Mem. bwidth: 0.09GB/s GFLOPS: 0.00 I/O: 0.01MB/s No MPI  
	TPI 0.01 Cache miss rates: L1 0.43GB/s L2 0.00GB/s L3 0.00GB/s
	Total MPI calls 3
	IO DATA: rchar 5197 wchar 9433 syscr 74 syscw 30 read_bytes 0 write_bytes 434176
	Process OS info: (pid 1652664 state R utime 1108 stime 1 cutime 0 cstime 0 CPU usage 98)
	CPU temperature (celsius): socket 0: 64 socket 1: 75[0m
EAR[1652664](hratio_l30) at 2.60/1.47 in tcn367 MR[0] elapsed 3931 sec.: [32mLoop time: 1.122s DC Power: [35m510.8W[32m DRAM power: 0.00W PCK power: 437.81W
	avg. CPUFreq: 2.57GHz avg. IMCFreq: 1.47GHz Next Frequency 2.60
	CPI: 0.372 VPI: 0.00, Mem. bwidth: 0.10GB/s GFLOPS: 0.00 I/O: 0.01MB/s No MPI  
	TPI 0.01 Cache miss rates: L1 0.43GB/s L2 0.00GB/s L3 0.00GB/s
	Total MPI calls 3
	IO DATA: rchar 5197 wchar 9433 syscr 74 syscw 30 read_bytes 0 write_bytes 434176
	Process OS info: (pid 1652664 state R utime 1092 stime 1 cutime 0 cstime 0 CPU usage 97)
	CPU temperature (celsius): socket 0: 63 socket 1: 74[0m
EAR[1652664](hratio_l30) at 2.60/1.47 in tcn367 MR[0] elapsed 3943 sec.: [32mLoop time: 1.122s DC Power: [35m511.4W[32m DRAM power: 0.00W PCK power: 437.72W
	avg. CPUFreq: 2.57GHz avg. IMCFreq: 1.47GHz Next Frequency 2.60
	CPI: 0.372 VPI: 0.00, Mem. bwidth: 0.11GB/s GFLOPS: 0.00 I/O: 0.01MB/s No MPI  
	TPI 0.02 Cache miss rates: L1 0.43GB/s L2 0.00GB/s L3 0.00GB/s
	Total MPI calls 3
	IO DATA: rchar 5197 wchar 9433 syscr 74 syscw 30 read_bytes 0 write_bytes 434176
	Process OS info: (pid 1652664 state R utime 1107 stime 1 cutime 0 cstime 0 CPU usage 98)
	CPU temperature (celsius): socket 0: 64 socket 1: 74[0m
EAR[1652664](hratio_l30) at 2.60/1.47 in tcn367 MR[0] elapsed 3954 sec.: [32mLoop time: 1.131s DC Power: [35m508.0W[32m DRAM power: 0.00W PCK power: 437.87W
	avg. CPUFreq: 2.57GHz avg. IMCFreq: 1.47GHz Next Frequency 2.60
	CPI: 0.372 VPI: 0.00, Mem. bwidth: 0.11GB/s GFLOPS: 0.00 I/O: 0.01MB/s No MPI  
	TPI 0.02 Cache miss rates: L1 0.46GB/s L2 0.00GB/s L3 0.00GB/s
	Total MPI calls 3
	IO DATA: rchar 5197 wchar 9433 syscr 74 syscw 30 read_bytes 0 write_bytes 438272
	Process OS info: (pid 1652664 state R utime 1099 stime 1 cutime 0 cstime 0 CPU usage 97)
	CPU temperature (celsius): socket 0: 63 socket 1: 74[0m
EAR[1652664](hratio_l30) at 2.60/1.47 in tcn367 MR[0] elapsed 3965 sec.: [32mLoop time: 1.122s DC Power: [35m461.2W[32m DRAM power: 0.00W PCK power: 437.74W
	avg. CPUFreq: 2.57GHz avg. IMCFreq: 1.47GHz Next Frequency 2.60
	CPI: 0.372 VPI: 0.00, Mem. bwidth: 0.12GB/s GFLOPS: 0.00 I/O: 0.01MB/s No MPI  
	TPI 0.02 Cache miss rates: L1 0.43GB/s L2 0.00GB/s L3 0.00GB/s
	Total MPI calls 3
	IO DATA: rchar 5197 wchar 9433 syscr 74 syscw 30 read_bytes 0 write_bytes 430080
	Process OS info: (pid 1652664 state R utime 1106 stime 1 cutime 0 cstime 0 CPU usage 98)
	CPU temperature (celsius): socket 0: 64 socket 1: 75[0m
EAR[1652664](hratio_l30) at 2.60/1.47 in tcn367 MR[0] elapsed 3976 sec.: [32mLoop time: 1.122s DC Power: [35m461.9W[32m DRAM power: 0.00W PCK power: 437.90W
	avg. CPUFreq: 2.57GHz avg. IMCFreq: 1.47GHz Next Frequency 2.60
	CPI: 0.372 VPI: 0.00, Mem. bwidth: 0.08GB/s GFLOPS: 0.00 I/O: 0.01MB/s No MPI  
	TPI 0.01 Cache miss rates: L1 0.43GB/s L2 0.00GB/s L3 0.00GB/s
	Total MPI calls 3
	IO DATA: rchar 5197 wchar 9433 syscr 74 syscw 30 read_bytes 0 write_bytes 442368
	Process OS info: (pid 1652664 state R utime 1107 stime 1 cutime 0 cstime 0 CPU usage 98)
	CPU temperature (celsius): socket 0: 63 socket 1: 74[0m
EAR[1652664](hratio_l30) at 2.60/1.47 in tcn367 MR[0] elapsed 3988 sec.: [32mLoop time: 1.121s DC Power: [35m512.8W[32m DRAM power: 0.00W PCK power: 437.96W
	avg. CPUFreq: 2.57GHz avg. IMCFreq: 1.47GHz Next Frequency 2.60
	CPI: 0.372 VPI: 0.00, Mem. bwidth: 0.10GB/s GFLOPS: 0.00 I/O: 0.01MB/s No MPI  
	TPI 0.01 Cache miss rates: L1 0.43GB/s L2 0.00GB/s L3 0.00GB/s
	Total MPI calls 3
	IO DATA: rchar 5197 wchar 9433 syscr 74 syscw 30 read_bytes 0 write_bytes 294912
	Process OS info: (pid 1652664 state R utime 1091 stime 1 cutime 0 cstime 0 CPU usage 97)
	CPU temperature (celsius): socket 0: 64 socket 1: 75[0m
EAR[1652664](hratio_l30) at 2.60/1.47 in tcn367 MR[0] elapsed 3999 sec.: [32mLoop time: 1.122s DC Power: [35m511.6W[32m DRAM power: 0.00W PCK power: 437.82W
	avg. CPUFreq: 2.57GHz avg. IMCFreq: 1.47GHz Next Frequency 2.60
	CPI: 0.372 VPI: 0.00, Mem. bwidth: 0.14GB/s GFLOPS: 0.00 I/O: 0.01MB/s No MPI  
	TPI 0.02 Cache miss rates: L1 0.47GB/s L2 0.00GB/s L3 0.00GB/s
	Total MPI calls 3
	IO DATA: rchar 5197 wchar 9433 syscr 74 syscw 30 read_bytes 0 write_bytes 483328
	Process OS info: (pid 1652664 state R utime 1107 stime 1 cutime 0 cstime 0 CPU usage 98)
	CPU temperature (celsius): socket 0: 64 socket 1: 75[0m
EAR[1652664](hratio_l30) at 2.60/1.47 in tcn367 MR[0] elapsed 4010 sec.: [32mLoop time: 1.122s DC Power: [35m511.1W[32m DRAM power: 0.00W PCK power: 437.82W
	avg. CPUFreq: 2.57GHz avg. IMCFreq: 1.47GHz Next Frequency 2.60
	CPI: 0.372 VPI: 0.00, Mem. bwidth: 0.12GB/s GFLOPS: 0.00 I/O: 0.01MB/s No MPI  
	TPI 0.02 Cache miss rates: L1 0.43GB/s L2 0.00GB/s L3 0.00GB/s
	Total MPI calls 3
	IO DATA: rchar 5197 wchar 9433 syscr 74 syscw 30 read_bytes 0 write_bytes 634880
	Process OS info: (pid 1652664 state R utime 1107 stime 1 cutime 0 cstime 0 CPU usage 98)
	CPU temperature (celsius): socket 0: 63 socket 1: 75[0m
EAR[1652664](hratio_l30) at 2.60/1.47 in tcn367 MR[0] elapsed 4021 sec.: [32mLoop time: 1.122s DC Power: [35m510.7W[32m DRAM power: 0.00W PCK power: 437.94W
	avg. CPUFreq: 2.57GHz avg. IMCFreq: 1.47GHz Next Frequency 2.60
	CPI: 0.372 VPI: 0.00, Mem. bwidth: 0.10GB/s GFLOPS: 0.00 I/O: 0.01MB/s No MPI  
	TPI 0.01 Cache miss rates: L1 0.43GB/s L2 0.00GB/s L3 0.00GB/s
	Total MPI calls 3
	IO DATA: rchar 5197 wchar 9433 syscr 74 syscw 30 read_bytes 0 write_bytes 434176
	Process OS info: (pid 1652664 state R utime 1091 stime 2 cutime 0 cstime 0 CPU usage 97)
	CPU temperature (celsius): socket 0: 63 socket 1: 75[0m
EAR[1652664](hratio_l30) at 2.60/1.47 in tcn367 MR[0] elapsed 4033 sec.: [32mLoop time: 1.122s DC Power: [35m459.8W[32m DRAM power: 0.00W PCK power: 437.69W
	avg. CPUFreq: 2.57GHz avg. IMCFreq: 1.47GHz Next Frequency 2.60
	CPI: 0.372 VPI: 0.00, Mem. bwidth: 0.12GB/s GFLOPS: 0.00 I/O: 0.01MB/s No MPI  
	TPI 0.02 Cache miss rates: L1 0.43GB/s L2 0.00GB/s L3 0.00GB/s
	Total MPI calls 3
	IO DATA: rchar 5197 wchar 9433 syscr 74 syscw 30 read_bytes 0 write_bytes 561152
	Process OS info: (pid 1652664 state R utime 1107 stime 1 cutime 0 cstime 0 CPU usage 98)
	CPU temperature (celsius): socket 0: 63 socket 1: 74[0m
EAR[1652664](hratio_l30) at 2.60/1.47 in tcn367 MR[0] elapsed 4044 sec.: [32mLoop time: 1.122s DC Power: [35m510.7W[32m DRAM power: 0.00W PCK power: 437.86W
	avg. CPUFreq: 2.57GHz avg. IMCFreq: 1.47GHz Next Frequency 2.60
	CPI: 0.372 VPI: 0.00, Mem. bwidth: 0.11GB/s GFLOPS: 0.00 I/O: 0.01MB/s No MPI  
	TPI 0.02 Cache miss rates: L1 0.43GB/s L2 0.00GB/s L3 0.00GB/s
	Total MPI calls 3
	IO DATA: rchar 5197 wchar 9433 syscr 74 syscw 30 read_bytes 0 write_bytes 434176
	Process OS info: (pid 1652664 state R utime 1091 stime 1 cutime 0 cstime 0 CPU usage 97)
	CPU temperature (celsius): socket 0: 63 socket 1: 74[0m
EAR[1652664](hratio_l30) at 2.60/1.47 in tcn367 MR[0] elapsed 4055 sec.: [32mLoop time: 1.122s DC Power: [35m510.9W[32m DRAM power: 0.00W PCK power: 437.76W
	avg. CPUFreq: 2.57GHz avg. IMCFreq: 1.47GHz Next Frequency 2.60
	CPI: 0.372 VPI: 0.00, Mem. bwidth: 0.11GB/s GFLOPS: 0.00 I/O: 0.01MB/s No MPI  
	TPI 0.02 Cache miss rates: L1 0.47GB/s L2 0.00GB/s L3 0.00GB/s
	Total MPI calls 3
	IO DATA: rchar 5197 wchar 9433 syscr 74 syscw 30 read_bytes 0 write_bytes 434176
	Process OS info: (pid 1652664 state R utime 1106 stime 1 cutime 0 cstime 0 CPU usage 98)
	CPU temperature (celsius): socket 0: 64 socket 1: 75[0m
EAR[1652664](hratio_l30) at 2.60/1.47 in tcn367 MR[0] elapsed 4066 sec.: [32mLoop time: 1.124s DC Power: [35m509.8W[32m DRAM power: 0.00W PCK power: 437.88W
	avg. CPUFreq: 2.57GHz avg. IMCFreq: 1.47GHz Next Frequency 2.60
	CPI: 0.372 VPI: 0.00, Mem. bwidth: 0.09GB/s GFLOPS: 0.00 I/O: 0.01MB/s No MPI  
	TPI 0.01 Cache miss rates: L1 0.43GB/s L2 0.00GB/s L3 0.00GB/s
	Total MPI calls 3
	IO DATA: rchar 5197 wchar 9433 syscr 74 syscw 30 read_bytes 0 write_bytes 434176
	Process OS info: (pid 1652664 state R utime 1110 stime 1 cutime 0 cstime 0 CPU usage 98)
	CPU temperature (celsius): socket 0: 64 socket 1: 75[0m
EAR[1652664](hratio_l30) at 2.60/1.47 in tcn367 MR[0] elapsed 4077 sec.: [32mLoop time: 1.122s DC Power: [35m510.8W[32m DRAM power: 0.00W PCK power: 438.00W
	avg. CPUFreq: 2.57GHz avg. IMCFreq: 1.47GHz Next Frequency 2.60
	CPI: 0.372 VPI: 0.00, Mem. bwidth: 0.10GB/s GFLOPS: 0.00 I/O: 0.01MB/s No MPI  
	TPI 0.01 Cache miss rates: L1 0.43GB/s L2 0.00GB/s L3 0.00GB/s
	Total MPI calls 3
	IO DATA: rchar 5197 wchar 9433 syscr 74 syscw 30 read_bytes 0 write_bytes 438272
	Process OS info: (pid 1652664 state R utime 1092 stime 0 cutime 0 cstime 0 CPU usage 97)
	CPU temperature (celsius): socket 0: 64 socket 1: 75[0m
EAR[1652664](hratio_l30) at 2.60/1.47 in tcn367 MR[0] elapsed 4089 sec.: [32mLoop time: 1.122s DC Power: [35m510.9W[32m DRAM power: 0.00W PCK power: 437.73W
	avg. CPUFreq: 2.57GHz avg. IMCFreq: 1.47GHz Next Frequency 2.60
	CPI: 0.372 VPI: 0.00, Mem. bwidth: 0.13GB/s GFLOPS: 0.00 I/O: 0.01MB/s No MPI  
	TPI 0.02 Cache miss rates: L1 0.43GB/s L2 0.00GB/s L3 0.00GB/s
	Total MPI calls 3
	IO DATA: rchar 5197 wchar 9433 syscr 74 syscw 30 read_bytes 0 write_bytes 299008
	Process OS info: (pid 1652664 state R utime 1107 stime 2 cutime 0 cstime 0 CPU usage 98)
	CPU temperature (celsius): socket 0: 64 socket 1: 75[0m
EAR[1652664](hratio_l30) at 2.60/1.47 in tcn367 MR[0] elapsed 4100 sec.: [32mLoop time: 1.121s DC Power: [35m511.0W[32m DRAM power: 0.00W PCK power: 437.81W
	avg. CPUFreq: 2.57GHz avg. IMCFreq: 1.47GHz Next Frequency 2.60
	CPI: 0.372 VPI: 0.00, Mem. bwidth: 0.08GB/s GFLOPS: 0.00 I/O: 0.01MB/s No MPI  
	TPI 0.01 Cache miss rates: L1 0.44GB/s L2 0.00GB/s L3 0.00GB/s
	Total MPI calls 3
	IO DATA: rchar 5197 wchar 9433 syscr 74 syscw 30 read_bytes 0 write_bytes 434176
	Process OS info: (pid 1652664 state R utime 1106 stime 1 cutime 0 cstime 0 CPU usage 98)
	CPU temperature (celsius): socket 0: 64 socket 1: 74[0m
EAR[1652664](hratio_l30) at 2.60/1.47 in tcn367 MR[0] elapsed 4111 sec.: [32mLoop time: 1.127s DC Power: [35m508.8W[32m DRAM power: 0.00W PCK power: 437.85W
	avg. CPUFreq: 2.57GHz avg. IMCFreq: 1.47GHz Next Frequency 2.60
	CPI: 0.372 VPI: 0.00, Mem. bwidth: 0.11GB/s GFLOPS: 0.00 I/O: 0.01MB/s No MPI  
	TPI 0.02 Cache miss rates: L1 0.46GB/s L2 0.00GB/s L3 0.00GB/s
	Total MPI calls 3
	IO DATA: rchar 5197 wchar 9433 syscr 74 syscw 30 read_bytes 0 write_bytes 438272
	Process OS info: (pid 1652664 state R utime 1097 stime 1 cutime 0 cstime 0 CPU usage 97)
	CPU temperature (celsius): socket 0: 64 socket 1: 75[0m
EAR[1652664](hratio_l30) at 2.60/1.47 in tcn367 MR[0] elapsed 4122 sec.: [32mLoop time: 1.121s DC Power: [35m511.9W[32m DRAM power: 0.00W PCK power: 437.81W
	avg. CPUFreq: 2.57GHz avg. IMCFreq: 1.47GHz Next Frequency 2.60
	CPI: 0.372 VPI: 0.00, Mem. bwidth: 0.12GB/s GFLOPS: 0.00 I/O: 0.01MB/s No MPI  
	TPI 0.02 Cache miss rates: L1 0.43GB/s L2 0.00GB/s L3 0.00GB/s
	Total MPI calls 3
	IO DATA: rchar 5197 wchar 9433 syscr 74 syscw 30 read_bytes 0 write_bytes 434176
	Process OS info: (pid 1652664 state R utime 1107 stime 1 cutime 0 cstime 0 CPU usage 98)
	CPU temperature (celsius): socket 0: 64 socket 1: 75[0m
EAR[1652664](hratio_l30) at 2.60/1.47 in tcn367 MR[0] elapsed 4134 sec.: [32mLoop time: 1.122s DC Power: [35m512.7W[32m DRAM power: 0.00W PCK power: 437.90W
	avg. CPUFreq: 2.57GHz avg. IMCFreq: 1.47GHz Next Frequency 2.60
	CPI: 0.372 VPI: 0.00, Mem. bwidth: 0.11GB/s GFLOPS: 0.00 I/O: 0.01MB/s No MPI  
	TPI 0.02 Cache miss rates: L1 0.43GB/s L2 0.00GB/s L3 0.00GB/s
	Total MPI calls 3
	IO DATA: rchar 5197 wchar 9433 syscr 74 syscw 30 read_bytes 0 write_bytes 434176
	Process OS info: (pid 1652664 state R utime 1091 stime 0 cutime 0 cstime 0 CPU usage 97)
	CPU temperature (celsius): socket 0: 64 socket 1: 75[0m
EAR[1652664](hratio_l30) at 2.60/1.47 in tcn367 MR[0] elapsed 4145 sec.: [32mLoop time: 1.122s DC Power: [35m513.5W[32m DRAM power: 0.00W PCK power: 437.72W
	avg. CPUFreq: 2.57GHz avg. IMCFreq: 1.47GHz Next Frequency 2.60
	CPI: 0.372 VPI: 0.00, Mem. bwidth: 0.13GB/s GFLOPS: 0.00 I/O: 0.01MB/s No MPI  
	TPI 0.02 Cache miss rates: L1 0.43GB/s L2 0.00GB/s L3 0.00GB/s
	Total MPI calls 3
	IO DATA: rchar 5197 wchar 9433 syscr 74 syscw 30 read_bytes 0 write_bytes 434176
	Process OS info: (pid 1652664 state R utime 1107 stime 1 cutime 0 cstime 0 CPU usage 98)
	CPU temperature (celsius): socket 0: 64 socket 1: 75[0m
EAR[1652664](hratio_l30) at 2.60/1.47 in tcn367 MR[0] elapsed 4156 sec.: [32mLoop time: 1.122s DC Power: [35m461.5W[32m DRAM power: 0.00W PCK power: 437.89W
	avg. CPUFreq: 2.57GHz avg. IMCFreq: 1.47GHz Next Frequency 2.60
	CPI: 0.372 VPI: 0.00, Mem. bwidth: 0.09GB/s GFLOPS: 0.00 I/O: 0.01MB/s No MPI  
	TPI 0.01 Cache miss rates: L1 0.46GB/s L2 0.00GB/s L3 0.00GB/s
	Total MPI calls 3
	IO DATA: rchar 5197 wchar 9433 syscr 74 syscw 30 read_bytes 0 write_bytes 434176
	Process OS info: (pid 1652664 state R utime 1107 stime 1 cutime 0 cstime 0 CPU usage 98)
	CPU temperature (celsius): socket 0: 64 socket 1: 75[0m
EAR[1652664](hratio_l30) at 2.60/1.47 in tcn367 MR[0] elapsed 4167 sec.: [32mLoop time: 1.122s DC Power: [35m511.9W[32m DRAM power: 0.00W PCK power: 437.92W
	avg. CPUFreq: 2.57GHz avg. IMCFreq: 1.47GHz Next Frequency 2.60
	CPI: 0.372 VPI: 0.00, Mem. bwidth: 0.11GB/s GFLOPS: 0.00 I/O: 0.01MB/s No MPI  
	TPI 0.02 Cache miss rates: L1 0.43GB/s L2 0.00GB/s L3 0.00GB/s
	Total MPI calls 3
	IO DATA: rchar 5197 wchar 9433 syscr 74 syscw 30 read_bytes 0 write_bytes 503808
	Process OS info: (pid 1652664 state R utime 1091 stime 1 cutime 0 cstime 0 CPU usage 97)
	CPU temperature (celsius): socket 0: 64 socket 1: 75[0m
EAR[1652664](hratio_l30) at 2.60/1.47 in tcn367 MR[0] elapsed 4178 sec.: [32mLoop time: 1.126s DC Power: [35m509.6W[32m DRAM power: 0.00W PCK power: 437.80W
	avg. CPUFreq: 2.57GHz avg. IMCFreq: 1.47GHz Next Frequency 2.60
	CPI: 0.372 VPI: 0.00, Mem. bwidth: 0.14GB/s GFLOPS: 0.00 I/O: 0.01MB/s No MPI  
	TPI 0.02 Cache miss rates: L1 0.43GB/s L2 0.00GB/s L3 0.00GB/s
	Total MPI calls 3
	IO DATA: rchar 5197 wchar 9433 syscr 74 syscw 30 read_bytes 0 write_bytes 552960
	Process OS info: (pid 1652664 state R utime 1111 stime 1 cutime 0 cstime 0 CPU usage 98)
	CPU temperature (celsius): socket 0: 64 socket 1: 75[0m
EAR[1652664](hratio_l30) at 2.60/1.47 in tcn367 MR[0] elapsed 4190 sec.: [32mLoop time: 1.122s DC Power: [35m459.7W[32m DRAM power: 0.00W PCK power: 437.98W
	avg. CPUFreq: 2.57GHz avg. IMCFreq: 1.47GHz Next Frequency 2.60
	CPI: 0.372 VPI: 0.00, Mem. bwidth: 0.11GB/s GFLOPS: 0.00 I/O: 0.01MB/s No MPI  
	TPI 0.02 Cache miss rates: L1 0.43GB/s L2 0.00GB/s L3 0.00GB/s
	Total MPI calls 3
	IO DATA: rchar 5197 wchar 9433 syscr 74 syscw 30 read_bytes 0 write_bytes 299008
	Process OS info: (pid 1652664 state R utime 1107 stime 1 cutime 0 cstime 0 CPU usage 98)
	CPU temperature (celsius): socket 0: 64 socket 1: 74[0m
EAR[1652664](hratio_l30) at 2.60/1.47 in tcn367 MR[0] elapsed 4201 sec.: [32mLoop time: 1.130s DC Power: [35m506.9W[32m DRAM power: 0.00W PCK power: 438.39W
	avg. CPUFreq: 2.57GHz avg. IMCFreq: 1.47GHz Next Frequency 2.60
	CPI: 0.371 VPI: 0.00, Mem. bwidth: 0.11GB/s GFLOPS: 0.00 I/O: 0.01MB/s No MPI  
	TPI 0.02 Cache miss rates: L1 0.46GB/s L2 0.00GB/s L3 0.00GB/s
	Total MPI calls 3
	IO DATA: rchar 5197 wchar 9433 syscr 74 syscw 30 read_bytes 0 write_bytes 450560
	Process OS info: (pid 1652664 state R utime 1100 stime 1 cutime 0 cstime 0 CPU usage 97)
	CPU temperature (celsius): socket 0: 64 socket 1: 75[0m
EAR[1652664](hratio_l30) at 2.60/1.47 in tcn367 MR[0] elapsed 4212 sec.: [32mLoop time: 1.122s DC Power: [35m459.6W[32m DRAM power: 0.00W PCK power: 438.19W
	avg. CPUFreq: 2.57GHz avg. IMCFreq: 1.47GHz Next Frequency 2.60
	CPI: 0.371 VPI: 0.00, Mem. bwidth: 0.13GB/s GFLOPS: 0.00 I/O: 0.01MB/s No MPI  
	TPI 0.02 Cache miss rates: L1 0.43GB/s L2 0.00GB/s L3 0.00GB/s
	Total MPI calls 3
	IO DATA: rchar 5197 wchar 9433 syscr 74 syscw 30 read_bytes 0 write_bytes 434176
	Process OS info: (pid 1652664 state R utime 1107 stime 1 cutime 0 cstime 0 CPU usage 98)
	CPU temperature (celsius): socket 0: 63 socket 1: 75[0m
EAR[1652664](hratio_l30) at 2.60/1.47 in tcn367 MR[0] elapsed 4223 sec.: [32mLoop time: 1.122s DC Power: [35m511.6W[32m DRAM power: 0.00W PCK power: 438.32W
	avg. CPUFreq: 2.57GHz avg. IMCFreq: 1.47GHz Next Frequency 2.60
	CPI: 0.371 VPI: 0.00, Mem. bwidth: 0.11GB/s GFLOPS: 0.00 I/O: 0.01MB/s No MPI  
	TPI 0.02 Cache miss rates: L1 0.43GB/s L2 0.00GB/s L3 0.00GB/s
	Total MPI calls 3
	IO DATA: rchar 5197 wchar 9433 syscr 74 syscw 30 read_bytes 0 write_bytes 434176
	Process OS info: (pid 1652664 state R utime 1092 stime 1 cutime 0 cstime 0 CPU usage 97)
	CPU temperature (celsius): socket 0: 64 socket 1: 75[0m
EAR[1652664](hratio_l30) at 2.60/1.47 in tcn367 MR[0] elapsed 4235 sec.: [32mLoop time: 1.122s DC Power: [35m511.5W[32m DRAM power: 0.00W PCK power: 438.16W
	avg. CPUFreq: 2.57GHz avg. IMCFreq: 1.47GHz Next Frequency 2.60
	CPI: 0.371 VPI: 0.00, Mem. bwidth: 0.13GB/s GFLOPS: 0.00 I/O: 0.01MB/s No MPI  
	TPI 0.02 Cache miss rates: L1 0.43GB/s L2 0.00GB/s L3 0.00GB/s
	Total MPI calls 3
	IO DATA: rchar 5197 wchar 9433 syscr 74 syscw 30 read_bytes 0 write_bytes 442368
	Process OS info: (pid 1652664 state R utime 1095 stime 2 cutime 0 cstime 0 CPU usage 97)
	CPU temperature (celsius): socket 0: 64 socket 1: 75[0m
EAR[1652664](hratio_l30) at 2.60/1.47 in tcn367 MR[0] elapsed 4246 sec.: [32mLoop time: 1.123s DC Power: [35m511.0W[32m DRAM power: 0.00W PCK power: 438.10W
	avg. CPUFreq: 2.57GHz avg. IMCFreq: 1.47GHz Next Frequency 2.60
	CPI: 0.371 VPI: 0.00, Mem. bwidth: 0.11GB/s GFLOPS: 0.00 I/O: 0.01MB/s No MPI  
	TPI 0.02 Cache miss rates: L1 0.43GB/s L2 0.00GB/s L3 0.00GB/s
	Total MPI calls 3
	IO DATA: rchar 5197 wchar 9433 syscr 74 syscw 30 read_bytes 0 write_bytes 434176
	Process OS info: (pid 1652664 state R utime 1108 stime 0 cutime 0 cstime 0 CPU usage 98)
	CPU temperature (celsius): socket 0: 63 socket 1: 74[0m
EAR[1652664](hratio_l30) at 2.60/1.47 in tcn367 MR[0] elapsed 4257 sec.: [32mLoop time: 1.122s DC Power: [35m511.3W[32m DRAM power: 0.00W PCK power: 438.34W
	avg. CPUFreq: 2.57GHz avg. IMCFreq: 1.47GHz Next Frequency 2.60
	CPI: 0.371 VPI: 0.00, Mem. bwidth: 0.12GB/s GFLOPS: 0.00 I/O: 0.01MB/s No MPI  
	TPI 0.02 Cache miss rates: L1 0.46GB/s L2 0.00GB/s L3 0.00GB/s
	Total MPI calls 3
	IO DATA: rchar 5197 wchar 9433 syscr 74 syscw 30 read_bytes 0 write_bytes 430080
	Process OS info: (pid 1652664 state R utime 1092 stime 1 cutime 0 cstime 0 CPU usage 97)
	CPU temperature (celsius): socket 0: 64 socket 1: 75[0m
EAR[1652664](hratio_l30) at 2.60/1.47 in tcn367 MR[0] elapsed 4268 sec.: [32mLoop time: 1.122s DC Power: [35m511.5W[32m DRAM power: 0.00W PCK power: 438.16W
	avg. CPUFreq: 2.57GHz avg. IMCFreq: 1.47GHz Next Frequency 2.60
	CPI: 0.371 VPI: 0.00, Mem. bwidth: 0.14GB/s GFLOPS: 0.00 I/O: 0.01MB/s No MPI  
	TPI 0.02 Cache miss rates: L1 0.43GB/s L2 0.00GB/s L3 0.00GB/s
	Total MPI calls 3
	IO DATA: rchar 5197 wchar 9433 syscr 74 syscw 30 read_bytes 0 write_bytes 438272
	Process OS info: (pid 1652664 state R utime 1107 stime 1 cutime 0 cstime 0 CPU usage 98)
	CPU temperature (celsius): socket 0: 64 socket 1: 74[0m
EAR[1652664](hratio_l30) at 2.60/1.47 in tcn367 MR[0] elapsed 4280 sec.: [32mLoop time: 1.122s DC Power: [35m511.7W[32m DRAM power: 0.00W PCK power: 438.16W
	avg. CPUFreq: 2.57GHz avg. IMCFreq: 1.47GHz Next Frequency 2.60
	CPI: 0.371 VPI: 0.00, Mem. bwidth: 0.09GB/s GFLOPS: 0.00 I/O: 0.01MB/s No MPI  
	TPI 0.01 Cache miss rates: L1 0.43GB/s L2 0.00GB/s L3 0.00GB/s
	Total MPI calls 3
	IO DATA: rchar 5197 wchar 9433 syscr 74 syscw 30 read_bytes 0 write_bytes 442368
	Process OS info: (pid 1652664 state R utime 1107 stime 1 cutime 0 cstime 0 CPU usage 98)
	CPU temperature (celsius): socket 0: 64 socket 1: 75[0m
EAR[1652664](hratio_l30) at 2.60/1.47 in tcn367 MR[0] elapsed 4291 sec.: [32mLoop time: 1.122s DC Power: [35m512.1W[32m DRAM power: 0.00W PCK power: 438.32W
	avg. CPUFreq: 2.57GHz avg. IMCFreq: 1.47GHz Next Frequency 2.60
	CPI: 0.371 VPI: 0.00, Mem. bwidth: 0.11GB/s GFLOPS: 0.00 I/O: 0.01MB/s No MPI  
	TPI 0.02 Cache miss rates: L1 0.43GB/s L2 0.00GB/s L3 0.00GB/s
	Total MPI calls 3
	IO DATA: rchar 5197 wchar 9433 syscr 74 syscw 30 read_bytes 0 write_bytes 438272
	Process OS info: (pid 1652664 state R utime 1090 stime 1 cutime 0 cstime 0 CPU usage 97)
	CPU temperature (celsius): socket 0: 64 socket 1: 75[0m
EAR[1652664](hratio_l30) at 2.60/1.47 in tcn367 MR[0] elapsed 4302 sec.: [32mLoop time: 1.122s DC Power: [35m512.6W[32m DRAM power: 0.00W PCK power: 438.18W
	avg. CPUFreq: 2.57GHz avg. IMCFreq: 1.47GHz Next Frequency 2.60
	CPI: 0.371 VPI: 0.00, Mem. bwidth: 0.12GB/s GFLOPS: 0.00 I/O: 0.01MB/s No MPI  
	TPI 0.02 Cache miss rates: L1 0.47GB/s L2 0.00GB/s L3 0.00GB/s
	Total MPI calls 3
	IO DATA: rchar 5197 wchar 9433 syscr 74 syscw 30 read_bytes 0 write_bytes 434176
	Process OS info: (pid 1652664 state R utime 1107 stime 1 cutime 0 cstime 0 CPU usage 98)
	CPU temperature (celsius): socket 0: 64 socket 1: 74[0m
EAR[1652664](hratio_l30) at 2.60/1.47 in tcn367 MR[0] elapsed 4313 sec.: [32mLoop time: 1.122s DC Power: [35m513.4W[32m DRAM power: 0.00W PCK power: 438.32W
	avg. CPUFreq: 2.57GHz avg. IMCFreq: 1.47GHz Next Frequency 2.60
	CPI: 0.371 VPI: 0.00, Mem. bwidth: 0.11GB/s GFLOPS: 0.00 I/O: 0.01MB/s No MPI  
	TPI 0.02 Cache miss rates: L1 0.43GB/s L2 0.00GB/s L3 0.00GB/s
	Total MPI calls 3
	IO DATA: rchar 5197 wchar 9433 syscr 74 syscw 30 read_bytes 0 write_bytes 434176
	Process OS info: (pid 1652664 state R utime 1091 stime 1 cutime 0 cstime 0 CPU usage 97)
	CPU temperature (celsius): socket 0: 63 socket 1: 74[0m
EAR[1652664](hratio_l30) at 2.60/1.47 in tcn367 MR[0] elapsed 4324 sec.: [32mLoop time: 1.121s DC Power: [35m513.6W[32m DRAM power: 0.00W PCK power: 438.16W
	avg. CPUFreq: 2.57GHz avg. IMCFreq: 1.47GHz Next Frequency 2.60
	CPI: 0.371 VPI: 0.00, Mem. bwidth: 0.13GB/s GFLOPS: 0.00 I/O: 0.01MB/s No MPI  
	TPI 0.02 Cache miss rates: L1 0.43GB/s L2 0.00GB/s L3 0.00GB/s
	Total MPI calls 3
	IO DATA: rchar 5197 wchar 9433 syscr 74 syscw 30 read_bytes 0 write_bytes 434176
	Process OS info: (pid 1652664 state R utime 1106 stime 1 cutime 0 cstime 0 CPU usage 98)
	CPU temperature (celsius): socket 0: 64 socket 1: 75[0m
EAR[1652664](hratio_l30) at 2.60/1.47 in tcn367 MR[0] elapsed 4336 sec.: [32mLoop time: 1.122s DC Power: [35m461.4W[32m DRAM power: 0.00W PCK power: 438.16W
	avg. CPUFreq: 2.57GHz avg. IMCFreq: 1.47GHz Next Frequency 2.60
	CPI: 0.371 VPI: 0.00, Mem. bwidth: 0.09GB/s GFLOPS: 0.00 I/O: 0.01MB/s No MPI  
	TPI 0.01 Cache miss rates: L1 0.43GB/s L2 0.00GB/s L3 0.00GB/s
	Total MPI calls 3
	IO DATA: rchar 5197 wchar 9433 syscr 74 syscw 30 read_bytes 0 write_bytes 438272
	Process OS info: (pid 1652664 state R utime 1107 stime 2 cutime 0 cstime 0 CPU usage 98)
	CPU temperature (celsius): socket 0: 64 socket 1: 75[0m
EAR[1652664](hratio_l30) at 2.60/1.47 in tcn367 MR[0] elapsed 4347 sec.: [32mLoop time: 1.135s DC Power: [35m505.9W[32m DRAM power: 0.00W PCK power: 438.40W
	avg. CPUFreq: 2.57GHz avg. IMCFreq: 1.47GHz Next Frequency 2.60
	CPI: 0.371 VPI: 0.00, Mem. bwidth: 0.10GB/s GFLOPS: 0.00 I/O: 0.01MB/s No MPI  
	TPI 0.01 Cache miss rates: L1 0.46GB/s L2 0.00GB/s L3 0.00GB/s
	Total MPI calls 3
	IO DATA: rchar 5197 wchar 9433 syscr 74 syscw 30 read_bytes 0 write_bytes 434176
	Process OS info: (pid 1652664 state R utime 1104 stime 1 cutime 0 cstime 0 CPU usage 97)
	CPU temperature (celsius): socket 0: 64 socket 1: 75[0m
EAR[1652664](hratio_l30) at 2.60/1.47 in tcn367 MR[0] elapsed 4358 sec.: [32mLoop time: 1.122s DC Power: [35m511.6W[32m DRAM power: 0.00W PCK power: 438.26W
	avg. CPUFreq: 2.57GHz avg. IMCFreq: 1.47GHz Next Frequency 2.60
	CPI: 0.371 VPI: 0.00, Mem. bwidth: 0.13GB/s GFLOPS: 0.00 I/O: 0.01MB/s No MPI  
	TPI 0.02 Cache miss rates: L1 0.43GB/s L2 0.00GB/s L3 0.00GB/s
	Total MPI calls 3
	IO DATA: rchar 5197 wchar 9433 syscr 74 syscw 30 read_bytes 0 write_bytes 430080
	Process OS info: (pid 1652664 state R utime 1107 stime 1 cutime 0 cstime 0 CPU usage 98)
	CPU temperature (celsius): socket 0: 64 socket 1: 75[0m
EAR[1652664](hratio_l30) at 2.60/1.47 in tcn367 MR[0] elapsed 4369 sec.: [32mLoop time: 1.122s DC Power: [35m511.5W[32m DRAM power: 0.00W PCK power: 438.16W
	avg. CPUFreq: 2.57GHz avg. IMCFreq: 1.47GHz Next Frequency 2.60
	CPI: 0.371 VPI: 0.00, Mem. bwidth: 0.10GB/s GFLOPS: 0.00 I/O: 0.01MB/s No MPI  
	TPI 0.01 Cache miss rates: L1 0.43GB/s L2 0.00GB/s L3 0.00GB/s
	Total MPI calls 3
	IO DATA: rchar 5197 wchar 9433 syscr 74 syscw 30 read_bytes 0 write_bytes 434176
	Process OS info: (pid 1652664 state R utime 1107 stime 2 cutime 0 cstime 0 CPU usage 98)
	CPU temperature (celsius): socket 0: 64 socket 1: 74[0m
EAR[1652664](hratio_l30) at 2.60/1.47 in tcn367 MR[0] elapsed 4381 sec.: [32mLoop time: 1.122s DC Power: [35m511.7W[32m DRAM power: 0.00W PCK power: 438.34W
	avg. CPUFreq: 2.57GHz avg. IMCFreq: 1.47GHz Next Frequency 2.60
	CPI: 0.371 VPI: 0.00, Mem. bwidth: 0.10GB/s GFLOPS: 0.00 I/O: 0.01MB/s No MPI  
	TPI 0.02 Cache miss rates: L1 0.43GB/s L2 0.00GB/s L3 0.00GB/s
	Total MPI calls 3
	IO DATA: rchar 5197 wchar 9433 syscr 74 syscw 30 read_bytes 0 write_bytes 438272
	Process OS info: (pid 1652664 state R utime 1090 stime 1 cutime 0 cstime 0 CPU usage 97)
	CPU temperature (celsius): socket 0: 63 socket 1: 74[0m
EAR[1652664](hratio_l30) at 2.60/1.47 in tcn367 MR[0] elapsed 4392 sec.: [32mLoop time: 1.122s DC Power: [35m460.5W[32m DRAM power: 0.00W PCK power: 438.16W
	avg. CPUFreq: 2.57GHz avg. IMCFreq: 1.47GHz Next Frequency 2.60
	CPI: 0.371 VPI: 0.00, Mem. bwidth: 0.13GB/s GFLOPS: 0.00 I/O: 0.01MB/s No MPI  
	TPI 0.02 Cache miss rates: L1 0.43GB/s L2 0.00GB/s L3 0.00GB/s
	Total MPI calls 3
	IO DATA: rchar 5197 wchar 9433 syscr 74 syscw 30 read_bytes 0 write_bytes 434176
	Process OS info: (pid 1652664 state R utime 1108 stime 1 cutime 0 cstime 0 CPU usage 98)
	CPU temperature (celsius): socket 0: 64 socket 1: 75[0m
EAR[1652664](hratio_l30) at 2.60/1.47 in tcn367 MR[0] elapsed 4403 sec.: [32mLoop time: 1.128s DC Power: [35m508.9W[32m DRAM power: 0.00W PCK power: 438.45W
	avg. CPUFreq: 2.57GHz avg. IMCFreq: 1.47GHz Next Frequency 2.60
	CPI: 0.371 VPI: 0.00, Mem. bwidth: 0.10GB/s GFLOPS: 0.00 I/O: 0.01MB/s No MPI  
	TPI 0.01 Cache miss rates: L1 0.46GB/s L2 0.00GB/s L3 0.00GB/s
	Total MPI calls 3
	IO DATA: rchar 5197 wchar 9433 syscr 74 syscw 30 read_bytes 0 write_bytes 438272
	Process OS info: (pid 1652664 state R utime 1092 stime 1 cutime 0 cstime 0 CPU usage 96)
	CPU temperature (celsius): socket 0: 64 socket 1: 74[0m
EAR[1652664](hratio_l30) at 2.60/1.47 in tcn367 MR[0] elapsed 4414 sec.: [32mLoop time: 1.122s DC Power: [35m460.5W[32m DRAM power: 0.00W PCK power: 438.19W
	avg. CPUFreq: 2.57GHz avg. IMCFreq: 1.47GHz Next Frequency 2.60
	CPI: 0.371 VPI: 0.00, Mem. bwidth: 0.12GB/s GFLOPS: 0.00 I/O: 0.01MB/s No MPI  
	TPI 0.02 Cache miss rates: L1 0.43GB/s L2 0.00GB/s L3 0.00GB/s
	Total MPI calls 3
	IO DATA: rchar 5197 wchar 9433 syscr 74 syscw 30 read_bytes 0 write_bytes 434176
	Process OS info: (pid 1652664 state R utime 1106 stime 1 cutime 0 cstime 0 CPU usage 98)
	CPU temperature (celsius): socket 0: 64 socket 1: 75[0m
EAR[1652664](hratio_l30) at 2.60/1.47 in tcn367 MR[0] elapsed 4426 sec.: [32mLoop time: 1.122s DC Power: [35m511.5W[32m DRAM power: 0.00W PCK power: 438.20W
	avg. CPUFreq: 2.57GHz avg. IMCFreq: 1.47GHz Next Frequency 2.60
	CPI: 0.371 VPI: 0.00, Mem. bwidth: 0.10GB/s GFLOPS: 0.00 I/O: 0.01MB/s No MPI  
	TPI 0.01 Cache miss rates: L1 0.43GB/s L2 0.00GB/s L3 0.00GB/s
	Total MPI calls 3
	IO DATA: rchar 5197 wchar 9433 syscr 74 syscw 30 read_bytes 0 write_bytes 442368
	Process OS info: (pid 1652664 state R utime 1108 stime 1 cutime 0 cstime 0 CPU usage 98)
	CPU temperature (celsius): socket 0: 64 socket 1: 75[0m
EAR[1652664](hratio_l30) at 2.60/1.47 in tcn367 MR[0] elapsed 4437 sec.: [32mLoop time: 1.122s DC Power: [35m511.5W[32m DRAM power: 0.00W PCK power: 438.33W
	avg. CPUFreq: 2.57GHz avg. IMCFreq: 1.47GHz Next Frequency 2.60
	CPI: 0.371 VPI: 0.00, Mem. bwidth: 0.10GB/s GFLOPS: 0.00 I/O: 0.01MB/s No MPI  
	TPI 0.01 Cache miss rates: L1 0.43GB/s L2 0.00GB/s L3 0.00GB/s
	Total MPI calls 3
	IO DATA: rchar 5197 wchar 9433 syscr 74 syscw 30 read_bytes 0 write_bytes 434176
	Process OS info: (pid 1652664 state R utime 1091 stime 2 cutime 0 cstime 0 CPU usage 97)
	CPU temperature (celsius): socket 0: 64 socket 1: 74[0m
EAR[1652664](hratio_l30) at 2.60/1.47 in tcn367 MR[0] elapsed 4448 sec.: [32mLoop time: 1.122s DC Power: [35m511.5W[32m DRAM power: 0.00W PCK power: 438.15W
	avg. CPUFreq: 2.57GHz avg. IMCFreq: 1.47GHz Next Frequency 2.60
	CPI: 0.371 VPI: 0.00, Mem. bwidth: 0.13GB/s GFLOPS: 0.00 I/O: 0.01MB/s No MPI  
	TPI 0.02 Cache miss rates: L1 0.46GB/s L2 0.00GB/s L3 0.00GB/s
	Total MPI calls 3
	IO DATA: rchar 5197 wchar 9433 syscr 74 syscw 30 read_bytes 0 write_bytes 430080
	Process OS info: (pid 1652664 state R utime 1107 stime 1 cutime 0 cstime 0 CPU usage 98)
	CPU temperature (celsius): socket 0: 64 socket 1: 74[0m
EAR[1652664](hratio_l30) at 2.60/1.47 in tcn367 MR[0] elapsed 4459 sec.: [32mLoop time: 1.122s DC Power: [35m460.5W[32m DRAM power: 0.00W PCK power: 438.21W
	avg. CPUFreq: 2.57GHz avg. IMCFreq: 1.47GHz Next Frequency 2.60
	CPI: 0.371 VPI: 0.00, Mem. bwidth: 0.09GB/s GFLOPS: 0.00 I/O: 0.01MB/s No MPI  
	TPI 0.01 Cache miss rates: L1 0.43GB/s L2 0.00GB/s L3 0.00GB/s
	Total MPI calls 3
	IO DATA: rchar 5197 wchar 9433 syscr 74 syscw 30 read_bytes 0 write_bytes 438272
	Process OS info: (pid 1652664 state R utime 1107 stime 1 cutime 0 cstime 0 CPU usage 98)
	CPU temperature (celsius): socket 0: 64 socket 1: 75[0m
EAR[1652664](hratio_l30) at 2.60/1.47 in tcn367 MR[0] elapsed 4470 sec.: [32mLoop time: 1.122s DC Power: [35m512.5W[32m DRAM power: 0.00W PCK power: 438.36W
	avg. CPUFreq: 2.57GHz avg. IMCFreq: 1.47GHz Next Frequency 2.60
	CPI: 0.371 VPI: 0.00, Mem. bwidth: 0.11GB/s GFLOPS: 0.00 I/O: 0.01MB/s No MPI  
	TPI 0.02 Cache miss rates: L1 0.43GB/s L2 0.00GB/s L3 0.00GB/s
	Total MPI calls 3
	IO DATA: rchar 5197 wchar 9433 syscr 74 syscw 30 read_bytes 0 write_bytes 442368
	Process OS info: (pid 1652664 state R utime 1091 stime 1 cutime 0 cstime 0 CPU usage 97)
	CPU temperature (celsius): socket 0: 64 socket 1: 75[0m
EAR[1652664](hratio_l30) at 2.60/1.47 in tcn367 MR[0] elapsed 4482 sec.: [32mLoop time: 1.122s DC Power: [35m513.2W[32m DRAM power: 0.00W PCK power: 438.19W
	avg. CPUFreq: 2.57GHz avg. IMCFreq: 1.47GHz Next Frequency 2.60
	CPI: 0.371 VPI: 0.00, Mem. bwidth: 0.12GB/s GFLOPS: 0.00 I/O: 0.01MB/s No MPI  
	TPI 0.02 Cache miss rates: L1 0.43GB/s L2 0.00GB/s L3 0.00GB/s
	Total MPI calls 3
	IO DATA: rchar 5197 wchar 9433 syscr 74 syscw 30 read_bytes 0 write_bytes 561152
	Process OS info: (pid 1652664 state R utime 1107 stime 1 cutime 0 cstime 0 CPU usage 98)
	CPU temperature (celsius): socket 0: 64 socket 1: 75[0m
EAR[1652664](hratio_l30) at 2.60/1.47 in tcn367 MR[0] elapsed 4493 sec.: [32mLoop time: 1.131s DC Power: [35m509.2W[32m DRAM power: 0.00W PCK power: 438.28W
	avg. CPUFreq: 2.57GHz avg. IMCFreq: 1.47GHz Next Frequency 2.60
	CPI: 0.371 VPI: 0.00, Mem. bwidth: 0.14GB/s GFLOPS: 0.00 I/O: 0.01MB/s No MPI  
	TPI 0.02 Cache miss rates: L1 0.46GB/s L2 0.00GB/s L3 0.00GB/s
	Total MPI calls 3
	IO DATA: rchar 5197 wchar 9433 syscr 74 syscw 30 read_bytes 0 write_bytes 434176
	Process OS info: (pid 1652664 state R utime 1099 stime 1 cutime 0 cstime 0 CPU usage 97)
	CPU temperature (celsius): socket 0: 64 socket 1: 75[0m
EAR[1652664](hratio_l30) at 2.60/1.47 in tcn367 MR[0] elapsed 4504 sec.: [32mLoop time: 1.122s DC Power: [35m512.7W[32m DRAM power: 0.00W PCK power: 438.06W
	avg. CPUFreq: 2.57GHz avg. IMCFreq: 1.47GHz Next Frequency 2.60
	CPI: 0.371 VPI: 0.00, Mem. bwidth: 0.13GB/s GFLOPS: 0.00 I/O: 0.01MB/s No MPI  
	TPI 0.02 Cache miss rates: L1 0.43GB/s L2 0.00GB/s L3 0.00GB/s
	Total MPI calls 3
	IO DATA: rchar 5197 wchar 9433 syscr 74 syscw 30 read_bytes 0 write_bytes 434176
	Process OS info: (pid 1652664 state R utime 1107 stime 2 cutime 0 cstime 0 CPU usage 98)
	CPU temperature (celsius): socket 0: 63 socket 1: 75[0m
EAR[1652664](hratio_l30) at 2.60/1.47 in tcn367 MR[0] elapsed 4515 sec.: [32mLoop time: 1.122s DC Power: [35m460.7W[32m DRAM power: 0.00W PCK power: 438.12W
	avg. CPUFreq: 2.57GHz avg. IMCFreq: 1.47GHz Next Frequency 2.60
	CPI: 0.372 VPI: 0.00, Mem. bwidth: 0.09GB/s GFLOPS: 0.00 I/O: 0.01MB/s No MPI  
	TPI 0.01 Cache miss rates: L1 0.43GB/s L2 0.00GB/s L3 0.00GB/s
	Total MPI calls 3
	IO DATA: rchar 5197 wchar 9433 syscr 74 syscw 30 read_bytes 0 write_bytes 438272
	Process OS info: (pid 1652664 state R utime 1108 stime 1 cutime 0 cstime 0 CPU usage 98)
	CPU temperature (celsius): socket 0: 64 socket 1: 75[0m
EAR[1652664](hratio_l30) at 2.60/1.47 in tcn367 MR[0] elapsed 4527 sec.: [32mLoop time: 1.122s DC Power: [35m511.6W[32m DRAM power: 0.00W PCK power: 438.30W
	avg. CPUFreq: 2.57GHz avg. IMCFreq: 1.47GHz Next Frequency 2.60
	CPI: 0.371 VPI: 0.00, Mem. bwidth: 0.10GB/s GFLOPS: 0.00 I/O: 0.01MB/s No MPI  
	TPI 0.01 Cache miss rates: L1 0.43GB/s L2 0.00GB/s L3 0.00GB/s
	Total MPI calls 3
	IO DATA: rchar 5197 wchar 9433 syscr 74 syscw 30 read_bytes 0 write_bytes 434176
	Process OS info: (pid 1652664 state R utime 1091 stime 1 cutime 0 cstime 0 CPU usage 97)
	CPU temperature (celsius): socket 0: 63 socket 1: 75[0m
EAR[1652664](hratio_l30) at 2.60/1.47 in tcn367 MR[0] elapsed 4538 sec.: [32mLoop time: 1.122s DC Power: [35m511.7W[32m DRAM power: 0.00W PCK power: 438.13W
	avg. CPUFreq: 2.57GHz avg. IMCFreq: 1.47GHz Next Frequency 2.60
	CPI: 0.371 VPI: 0.00, Mem. bwidth: 0.12GB/s GFLOPS: 0.00 I/O: 0.01MB/s No MPI  
	TPI 0.02 Cache miss rates: L1 0.43GB/s L2 0.00GB/s L3 0.00GB/s
	Total MPI calls 3
	IO DATA: rchar 5197 wchar 9433 syscr 74 syscw 30 read_bytes 0 write_bytes 434176
	Process OS info: (pid 1652664 state R utime 1107 stime 1 cutime 0 cstime 0 CPU usage 98)
	CPU temperature (celsius): socket 0: 63 socket 1: 74[0m
EAR[1652664](hratio_l30) at 2.60/1.47 in tcn367 MR[0] elapsed 4549 sec.: [32mLoop time: 1.122s DC Power: [35m511.5W[32m DRAM power: 0.00W PCK power: 438.22W
	avg. CPUFreq: 2.57GHz avg. IMCFreq: 1.47GHz Next Frequency 2.60
	CPI: 0.371 VPI: 0.00, Mem. bwidth: 0.10GB/s GFLOPS: 0.00 I/O: 0.01MB/s No MPI  
	TPI 0.01 Cache miss rates: L1 0.46GB/s L2 0.00GB/s L3 0.00GB/s
	Total MPI calls 3
	IO DATA: rchar 5197 wchar 9433 syscr 74 syscw 30 read_bytes 0 write_bytes 430080
	Process OS info: (pid 1652664 state R utime 1108 stime 1 cutime 0 cstime 0 CPU usage 98)
	CPU temperature (celsius): socket 0: 64 socket 1: 75[0m
EAR[1652664](hratio_l30) at 2.60/1.47 in tcn367 MR[0] elapsed 4560 sec.: [32mLoop time: 1.122s DC Power: [35m511.6W[32m DRAM power: 0.00W PCK power: 438.43W
	avg. CPUFreq: 2.57GHz avg. IMCFreq: 1.47GHz Next Frequency 2.60
	CPI: 0.371 VPI: 0.00, Mem. bwidth: 0.11GB/s GFLOPS: 0.00 I/O: 0.01MB/s No MPI  
	TPI 0.02 Cache miss rates: L1 0.43GB/s L2 0.00GB/s L3 0.00GB/s
	Total MPI calls 3
	IO DATA: rchar 5197 wchar 9433 syscr 74 syscw 30 read_bytes 0 write_bytes 438272
	Process OS info: (pid 1652664 state R utime 1091 stime 1 cutime 0 cstime 0 CPU usage 97)
	CPU temperature (celsius): socket 0: 64 socket 1: 75[0m
EAR[1652664](hratio_l30) at 2.60/1.47 in tcn367 MR[0] elapsed 4572 sec.: [32mLoop time: 1.121s DC Power: [35m460.6W[32m DRAM power: 0.00W PCK power: 438.13W
	avg. CPUFreq: 2.57GHz avg. IMCFreq: 1.47GHz Next Frequency 2.60
	CPI: 0.371 VPI: 0.00, Mem. bwidth: 0.13GB/s GFLOPS: 0.00 I/O: 0.01MB/s No MPI  
	TPI 0.02 Cache miss rates: L1 0.43GB/s L2 0.00GB/s L3 0.00GB/s
	Total MPI calls 3
	IO DATA: rchar 5197 wchar 9433 syscr 74 syscw 30 read_bytes 0 write_bytes 438272
	Process OS info: (pid 1652664 state R utime 1106 stime 1 cutime 0 cstime 0 CPU usage 98)
	CPU temperature (celsius): socket 0: 64 socket 1: 75[0m
EAR[1652664](hratio_l30) at 2.60/1.47 in tcn367 MR[0] elapsed 4583 sec.: [32mLoop time: 1.122s DC Power: [35m511.7W[32m DRAM power: 0.00W PCK power: 438.29W
	avg. CPUFreq: 2.57GHz avg. IMCFreq: 1.47GHz Next Frequency 2.60
	CPI: 0.371 VPI: 0.00, Mem. bwidth: 0.10GB/s GFLOPS: 0.00 I/O: 0.01MB/s No MPI  
	TPI 0.01 Cache miss rates: L1 0.43GB/s L2 0.00GB/s L3 0.00GB/s
	Total MPI calls 3
	IO DATA: rchar 5197 wchar 9433 syscr 74 syscw 30 read_bytes 0 write_bytes 299008
	Process OS info: (pid 1652664 state R utime 1091 stime 1 cutime 0 cstime 0 CPU usage 97)
	CPU temperature (celsius): socket 0: 64 socket 1: 75[0m
EAR[1652664](hratio_l30) at 2.60/1.47 in tcn367 MR[0] elapsed 4594 sec.: [32mLoop time: 1.123s DC Power: [35m511.1W[32m DRAM power: 0.00W PCK power: 438.08W
	avg. CPUFreq: 2.57GHz avg. IMCFreq: 1.47GHz Next Frequency 2.60
	CPI: 0.371 VPI: 0.00, Mem. bwidth: 0.13GB/s GFLOPS: 0.00 I/O: 0.01MB/s No MPI  
	TPI 0.02 Cache miss rates: L1 0.46GB/s L2 0.00GB/s L3 0.00GB/s
	Total MPI calls 3
	IO DATA: rchar 5197 wchar 9433 syscr 74 syscw 30 read_bytes 0 write_bytes 438272
	Process OS info: (pid 1652664 state R utime 1108 stime 0 cutime 0 cstime 0 CPU usage 98)
	CPU temperature (celsius): socket 0: 64 socket 1: 75[0m
EAR[1652664](hratio_l30) at 2.60/1.47 in tcn367 MR[0] elapsed 4605 sec.: [32mLoop time: 1.122s DC Power: [35m511.6W[32m DRAM power: 0.00W PCK power: 438.17W
	avg. CPUFreq: 2.57GHz avg. IMCFreq: 1.47GHz Next Frequency 2.60
	CPI: 0.371 VPI: 0.00, Mem. bwidth: 0.12GB/s GFLOPS: 0.00 I/O: 0.01MB/s No MPI  
	TPI 0.02 Cache miss rates: L1 0.43GB/s L2 0.00GB/s L3 0.00GB/s
	Total MPI calls 3
	IO DATA: rchar 5197 wchar 9433 syscr 74 syscw 30 read_bytes 0 write_bytes 442368
	Process OS info: (pid 1652664 state R utime 1108 stime 1 cutime 0 cstime 0 CPU usage 98)
	CPU temperature (celsius): socket 0: 64 socket 1: 75[0m
EAR[1652664](hratio_l30) at 2.60/1.47 in tcn367 MR[0] elapsed 4616 sec.: [32mLoop time: 1.121s DC Power: [35m511.8W[32m DRAM power: 0.00W PCK power: 438.31W
	avg. CPUFreq: 2.57GHz avg. IMCFreq: 1.47GHz Next Frequency 2.60
	CPI: 0.371 VPI: 0.00, Mem. bwidth: 0.11GB/s GFLOPS: 0.00 I/O: 0.01MB/s No MPI  
	TPI 0.02 Cache miss rates: L1 0.43GB/s L2 0.00GB/s L3 0.00GB/s
	Total MPI calls 3
	IO DATA: rchar 5197 wchar 9433 syscr 74 syscw 30 read_bytes 0 write_bytes 438272
	Process OS info: (pid 1652664 state R utime 1090 stime 1 cutime 0 cstime 0 CPU usage 97)
	CPU temperature (celsius): socket 0: 64 socket 1: 74[0m
EAR[1652664](hratio_l30) at 2.60/1.47 in tcn367 MR[0] elapsed 4628 sec.: [32mLoop time: 1.122s DC Power: [35m460.5W[32m DRAM power: 0.00W PCK power: 438.14W
	avg. CPUFreq: 2.57GHz avg. IMCFreq: 1.47GHz Next Frequency 2.60
	CPI: 0.371 VPI: 0.00, Mem. bwidth: 0.13GB/s GFLOPS: 0.00 I/O: 0.01MB/s No MPI  
	TPI 0.02 Cache miss rates: L1 0.43GB/s L2 0.00GB/s L3 0.00GB/s
	Total MPI calls 3
	IO DATA: rchar 5197 wchar 9433 syscr 74 syscw 30 read_bytes 0 write_bytes 589824
	Process OS info: (pid 1652664 state R utime 1107 stime 1 cutime 0 cstime 0 CPU usage 98)
	CPU temperature (celsius): socket 0: 64 socket 1: 75[0m
EAR[1652664](hratio_l30) at 2.60/1.47 in tcn367 MR[0] elapsed 4639 sec.: [32mLoop time: 1.122s DC Power: [35m461.0W[32m DRAM power: 0.00W PCK power: 438.19W
	avg. CPUFreq: 2.57GHz avg. IMCFreq: 1.47GHz Next Frequency 2.60
	CPI: 0.371 VPI: 0.00, Mem. bwidth: 0.09GB/s GFLOPS: 0.00 I/O: 0.01MB/s No MPI  
	TPI 0.01 Cache miss rates: L1 0.43GB/s L2 0.00GB/s L3 0.00GB/s
	Total MPI calls 3
	IO DATA: rchar 5197 wchar 9433 syscr 74 syscw 30 read_bytes 0 write_bytes 438272
	Process OS info: (pid 1652664 state R utime 1107 stime 1 cutime 0 cstime 0 CPU usage 98)
	CPU temperature (celsius): socket 0: 64 socket 1: 75[0m
EAR[1652664](hratio_l30) at 2.60/1.47 in tcn367 MR[0] elapsed 4650 sec.: [32mLoop time: 1.122s DC Power: [35m513.0W[32m DRAM power: 0.00W PCK power: 438.31W
	avg. CPUFreq: 2.57GHz avg. IMCFreq: 1.47GHz Next Frequency 2.60
	CPI: 0.371 VPI: 0.00, Mem. bwidth: 0.11GB/s GFLOPS: 0.00 I/O: 0.01MB/s No MPI  
	TPI 0.02 Cache miss rates: L1 0.46GB/s L2 0.00GB/s L3 0.00GB/s
	Total MPI calls 3
	IO DATA: rchar 5197 wchar 9433 syscr 74 syscw 30 read_bytes 0 write_bytes 434176
	Process OS info: (pid 1652664 state R utime 1091 stime 2 cutime 0 cstime 0 CPU usage 97)
	CPU temperature (celsius): socket 0: 64 socket 1: 75[0m
EAR[1652664](hratio_l30) at 2.60/1.47 in tcn367 MR[0] elapsed 4661 sec.: [32mLoop time: 1.122s DC Power: [35m513.4W[32m DRAM power: 0.00W PCK power: 438.16W
	avg. CPUFreq: 2.57GHz avg. IMCFreq: 1.47GHz Next Frequency 2.60
	CPI: 0.371 VPI: 0.00, Mem. bwidth: 0.12GB/s GFLOPS: 0.00 I/O: 0.01MB/s No MPI  
	TPI 0.02 Cache miss rates: L1 0.43GB/s L2 0.00GB/s L3 0.00GB/s
	Total MPI calls 3
	IO DATA: rchar 5197 wchar 9433 syscr 74 syscw 30 read_bytes 0 write_bytes 430080
	Process OS info: (pid 1652664 state R utime 1108 stime 1 cutime 0 cstime 0 CPU usage 98)
	CPU temperature (celsius): socket 0: 64 socket 1: 75[0m
EAR[1652664](hratio_l30) at 2.60/1.47 in tcn367 MR[0] elapsed 4672 sec.: [32mLoop time: 1.121s DC Power: [35m513.2W[32m DRAM power: 0.00W PCK power: 438.21W
	avg. CPUFreq: 2.57GHz avg. IMCFreq: 1.47GHz Next Frequency 2.60
	CPI: 0.371 VPI: 0.00, Mem. bwidth: 0.18GB/s GFLOPS: 0.00 I/O: 0.01MB/s No MPI  
	TPI 0.03 Cache miss rates: L1 0.43GB/s L2 0.00GB/s L3 0.00GB/s
	Total MPI calls 3
	IO DATA: rchar 5197 wchar 9433 syscr 74 syscw 30 read_bytes 0 write_bytes 434176
	Process OS info: (pid 1652664 state R utime 1087 stime 1 cutime 0 cstime 0 CPU usage 97)
	CPU temperature (celsius): socket 0: 64 socket 1: 75[0m
EAR[1652664](hratio_l30) at 2.60/1.47 in tcn367 MR[0] elapsed 4684 sec.: [32mLoop time: 1.122s DC Power: [35m512.0W[32m DRAM power: 0.00W PCK power: 438.10W
	avg. CPUFreq: 2.57GHz avg. IMCFreq: 1.47GHz Next Frequency 2.60
	CPI: 0.371 VPI: 0.00, Mem. bwidth: 0.35GB/s GFLOPS: 0.00 I/O: 0.01MB/s No MPI  
	TPI 0.05 Cache miss rates: L1 0.43GB/s L2 0.00GB/s L3 0.00GB/s
	Total MPI calls 3
	IO DATA: rchar 5197 wchar 9433 syscr 74 syscw 30 read_bytes 0 write_bytes 577536
	Process OS info: (pid 1652664 state R utime 1096 stime 1 cutime 0 cstime 0 CPU usage 97)
	CPU temperature (celsius): socket 0: 64 socket 1: 75[0m
EAR[1652664](hratio_l30) at 2.60/1.47 in tcn367 MR[0] elapsed 4695 sec.: [32mLoop time: 1.123s DC Power: [35m459.9W[32m DRAM power: 0.00W PCK power: 438.15W
	avg. CPUFreq: 2.57GHz avg. IMCFreq: 1.47GHz Next Frequency 2.60
	CPI: 0.371 VPI: 0.00, Mem. bwidth: 0.22GB/s GFLOPS: 0.00 I/O: 0.01MB/s No MPI  
	TPI 0.03 Cache miss rates: L1 0.44GB/s L2 0.00GB/s L3 0.00GB/s
	Total MPI calls 3
	IO DATA: rchar 5197 wchar 9433 syscr 74 syscw 30 read_bytes 0 write_bytes 466944
	Process OS info: (pid 1652664 state R utime 1100 stime 1 cutime 0 cstime 0 CPU usage 98)
	CPU temperature (celsius): socket 0: 64 socket 1: 75[0m
EAR[1652664](hratio_l30) at 2.60/1.47 in tcn367 MR[0] elapsed 4706 sec.: [32mLoop time: 1.122s DC Power: [35m510.6W[32m DRAM power: 0.00W PCK power: 438.36W
	avg. CPUFreq: 2.57GHz avg. IMCFreq: 1.47GHz Next Frequency 2.60
	CPI: 0.371 VPI: 0.00, Mem. bwidth: 0.22GB/s GFLOPS: 0.00 I/O: 0.01MB/s No MPI  
	TPI 0.03 Cache miss rates: L1 0.46GB/s L2 0.00GB/s L3 0.00GB/s
	Total MPI calls 3
	IO DATA: rchar 5197 wchar 9433 syscr 74 syscw 30 read_bytes 0 write_bytes 577536
	Process OS info: (pid 1652664 state R utime 1078 stime 1 cutime 0 cstime 0 CPU usage 96)
	CPU temperature (celsius): socket 0: 63 socket 1: 75[0m
EAR[1652664](hratio_l30) at 2.60/1.47 in tcn367 MR[0] elapsed 4717 sec.: [32mLoop time: 1.122s DC Power: [35m511.1W[32m DRAM power: 0.00W PCK power: 438.95W
	avg. CPUFreq: 2.57GHz avg. IMCFreq: 1.47GHz Next Frequency 2.60
	CPI: 0.371 VPI: 0.00, Mem. bwidth: 0.41GB/s GFLOPS: 0.00 I/O: 0.01MB/s No MPI  
	TPI 0.06 Cache miss rates: L1 0.43GB/s L2 0.00GB/s L3 0.00GB/s
	Total MPI calls 3
	IO DATA: rchar 5197 wchar 9433 syscr 74 syscw 30 read_bytes 0 write_bytes 434176
	Process OS info: (pid 1652664 state R utime 1104 stime 2 cutime 0 cstime 0 CPU usage 98)
	CPU temperature (celsius): socket 0: 64 socket 1: 74[0m
EAR[1652664](hratio_l30) at 2.60/1.47 in tcn367 MR[0] elapsed 4729 sec.: [32mLoop time: 1.124s DC Power: [35m459.8W[32m DRAM power: 0.00W PCK power: 438.42W
	avg. CPUFreq: 2.57GHz avg. IMCFreq: 1.47GHz Next Frequency 2.60
	CPI: 0.371 VPI: 0.00, Mem. bwidth: 0.12GB/s GFLOPS: 0.00 I/O: 0.01MB/s No MPI  
	TPI 0.02 Cache miss rates: L1 0.43GB/s L2 0.00GB/s L3 0.00GB/s
	Total MPI calls 3
	IO DATA: rchar 5197 wchar 9433 syscr 74 syscw 30 read_bytes 0 write_bytes 434176
	Process OS info: (pid 1652664 state R utime 1109 stime 1 cutime 0 cstime 0 CPU usage 98)
	CPU temperature (celsius): socket 0: 63 socket 1: 75[0m
EAR[1652664](hratio_l30) at 2.60/1.47 in tcn367 MR[0] elapsed 4740 sec.: [32mLoop time: 1.136s DC Power: [35m505.4W[32m DRAM power: 0.00W PCK power: 438.50W
	avg. CPUFreq: 2.57GHz avg. IMCFreq: 1.47GHz Next Frequency 2.60
	CPI: 0.371 VPI: 0.00, Mem. bwidth: 0.13GB/s GFLOPS: 0.00 I/O: 0.01MB/s No MPI  
	TPI 0.02 Cache miss rates: L1 0.46GB/s L2 0.00GB/s L3 0.00GB/s
	Total MPI calls 3
	IO DATA: rchar 5197 wchar 9433 syscr 74 syscw 30 read_bytes 0 write_bytes 434176
	Process OS info: (pid 1652664 state R utime 1105 stime 1 cutime 0 cstime 0 CPU usage 97)
	CPU temperature (celsius): socket 0: 63 socket 1: 74[0m
EAR[1652664](hratio_l30) at 2.60/1.47 in tcn367 MR[0] elapsed 4751 sec.: [32mLoop time: 1.122s DC Power: [35m460.6W[32m DRAM power: 0.00W PCK power: 438.25W
	avg. CPUFreq: 2.57GHz avg. IMCFreq: 1.47GHz Next Frequency 2.60
	CPI: 0.371 VPI: 0.00, Mem. bwidth: 0.14GB/s GFLOPS: 0.00 I/O: 0.01MB/s No MPI  
	TPI 0.02 Cache miss rates: L1 0.43GB/s L2 0.00GB/s L3 0.00GB/s
	Total MPI calls 3
	IO DATA: rchar 5197 wchar 9433 syscr 74 syscw 30 read_bytes 0 write_bytes 434176
	Process OS info: (pid 1652664 state R utime 1106 stime 1 cutime 0 cstime 0 CPU usage 98)
	CPU temperature (celsius): socket 0: 63 socket 1: 75[0m
EAR[1652664](hratio_l30) at 2.60/1.47 in tcn367 MR[0] elapsed 4762 sec.: [32mLoop time: 1.122s DC Power: [35m511.5W[32m DRAM power: 0.00W PCK power: 438.41W
	avg. CPUFreq: 2.57GHz avg. IMCFreq: 1.47GHz Next Frequency 2.60
	CPI: 0.371 VPI: 0.00, Mem. bwidth: 0.11GB/s GFLOPS: 0.00 I/O: 0.01MB/s No MPI  
	TPI 0.02 Cache miss rates: L1 0.43GB/s L2 0.00GB/s L3 0.00GB/s
	Total MPI calls 3
	IO DATA: rchar 5197 wchar 9433 syscr 74 syscw 30 read_bytes 0 write_bytes 548864
	Process OS info: (pid 1652664 state R utime 1092 stime 1 cutime 0 cstime 0 CPU usage 97)
	CPU temperature (celsius): socket 0: 63 socket 1: 74[0m
EAR[1652664](hratio_l30) at 2.60/1.47 in tcn367 MR[0] elapsed 4774 sec.: [32mLoop time: 1.122s DC Power: [35m511.6W[32m DRAM power: 0.00W PCK power: 438.29W
	avg. CPUFreq: 2.57GHz avg. IMCFreq: 1.47GHz Next Frequency 2.60
	CPI: 0.371 VPI: 0.00, Mem. bwidth: 0.11GB/s GFLOPS: 0.00 I/O: 0.01MB/s No MPI  
	TPI 0.02 Cache miss rates: L1 0.43GB/s L2 0.00GB/s L3 0.00GB/s
	Total MPI calls 3
	IO DATA: rchar 5197 wchar 9433 syscr 74 syscw 30 read_bytes 0 write_bytes 434176
	Process OS info: (pid 1652664 state R utime 1107 stime 1 cutime 0 cstime 0 CPU usage 98)
	CPU temperature (celsius): socket 0: 64 socket 1: 74[0m
EAR[1652664](hratio_l30) at 2.60/1.47 in tcn367 MR[0] elapsed 4785 sec.: [32mLoop time: 1.122s DC Power: [35m511.6W[32m DRAM power: 0.00W PCK power: 438.25W
	avg. CPUFreq: 2.57GHz avg. IMCFreq: 1.47GHz Next Frequency 2.60
	CPI: 0.371 VPI: 0.00, Mem. bwidth: 0.11GB/s GFLOPS: 0.00 I/O: 0.01MB/s No MPI  
	TPI 0.02 Cache miss rates: L1 0.43GB/s L2 0.00GB/s L3 0.00GB/s
	Total MPI calls 3
	IO DATA: rchar 5197 wchar 9433 syscr 74 syscw 30 read_bytes 0 write_bytes 434176
	Process OS info: (pid 1652664 state R utime 1107 stime 1 cutime 0 cstime 0 CPU usage 98)
	CPU temperature (celsius): socket 0: 64 socket 1: 75[0m
EAR[1652664](hratio_l30) at 2.60/1.47 in tcn367 MR[0] elapsed 4796 sec.: [32mLoop time: 1.122s DC Power: [35m511.6W[32m DRAM power: 0.00W PCK power: 438.36W
	avg. CPUFreq: 2.57GHz avg. IMCFreq: 1.47GHz Next Frequency 2.60
	CPI: 0.371 VPI: 0.00, Mem. bwidth: 0.11GB/s GFLOPS: 0.00 I/O: 0.01MB/s No MPI  
	TPI 0.02 Cache miss rates: L1 0.46GB/s L2 0.00GB/s L3 0.00GB/s
	Total MPI calls 3
	IO DATA: rchar 5197 wchar 9433 syscr 74 syscw 30 read_bytes 0 write_bytes 434176
	Process OS info: (pid 1652664 state R utime 1092 stime 1 cutime 0 cstime 0 CPU usage 97)
	CPU temperature (celsius): socket 0: 63 socket 1: 74[0m
EAR[1652664](hratio_l30) at 2.60/1.47 in tcn367 MR[0] elapsed 4807 sec.: [32mLoop time: 1.122s DC Power: [35m511.9W[32m DRAM power: 0.00W PCK power: 438.16W
	avg. CPUFreq: 2.57GHz avg. IMCFreq: 1.47GHz Next Frequency 2.60
	CPI: 0.371 VPI: 0.00, Mem. bwidth: 0.14GB/s GFLOPS: 0.00 I/O: 0.01MB/s No MPI  
	TPI 0.02 Cache miss rates: L1 0.43GB/s L2 0.00GB/s L3 0.00GB/s
	Total MPI calls 3
	IO DATA: rchar 5197 wchar 9433 syscr 74 syscw 30 read_bytes 0 write_bytes 638976
	Process OS info: (pid 1652664 state R utime 1108 stime 1 cutime 0 cstime 0 CPU usage 98)
	CPU temperature (celsius): socket 0: 64 socket 1: 74[0m
EAR[1652664](hratio_l30) at 2.60/1.47 in tcn367 MR[0] elapsed 4818 sec.: [32mLoop time: 1.122s DC Power: [35m461.4W[32m DRAM power: 0.00W PCK power: 438.24W
	avg. CPUFreq: 2.57GHz avg. IMCFreq: 1.47GHz Next Frequency 2.60
	CPI: 0.371 VPI: 0.00, Mem. bwidth: 0.09GB/s GFLOPS: 0.00 I/O: 0.01MB/s No MPI  
	TPI 0.01 Cache miss rates: L1 0.43GB/s L2 0.00GB/s L3 0.00GB/s
	Total MPI calls 3
	IO DATA: rchar 5197 wchar 9433 syscr 74 syscw 30 read_bytes 0 write_bytes 434176
	Process OS info: (pid 1652664 state R utime 1106 stime 1 cutime 0 cstime 0 CPU usage 98)
	CPU temperature (celsius): socket 0: 64 socket 1: 75[0m
EAR[1652664](hratio_l30) at 2.60/1.47 in tcn367 MR[0] elapsed 4830 sec.: [32mLoop time: 1.124s DC Power: [35m512.5W[32m DRAM power: 0.00W PCK power: 438.43W
	avg. CPUFreq: 2.57GHz avg. IMCFreq: 1.47GHz Next Frequency 2.60
	CPI: 0.371 VPI: 0.00, Mem. bwidth: 0.11GB/s GFLOPS: 0.00 I/O: 0.01MB/s No MPI  
	TPI 0.02 Cache miss rates: L1 0.43GB/s L2 0.00GB/s L3 0.00GB/s
	Total MPI calls 3
	IO DATA: rchar 5197 wchar 9433 syscr 74 syscw 30 read_bytes 0 write_bytes 438272
	Process OS info: (pid 1652664 state R utime 1092 stime 1 cutime 0 cstime 0 CPU usage 97)
	CPU temperature (celsius): socket 0: 64 socket 1: 75[0m
EAR[1652664](hratio_l30) at 2.60/1.47 in tcn367 MR[0] elapsed 4841 sec.: [32mLoop time: 1.122s DC Power: [35m513.2W[32m DRAM power: 0.00W PCK power: 438.24W
	avg. CPUFreq: 2.57GHz avg. IMCFreq: 1.47GHz Next Frequency 2.60
	CPI: 0.371 VPI: 0.00, Mem. bwidth: 0.13GB/s GFLOPS: 0.00 I/O: 0.01MB/s No MPI  
	TPI 0.02 Cache miss rates: L1 0.46GB/s L2 0.00GB/s L3 0.00GB/s
	Total MPI calls 3
	IO DATA: rchar 5197 wchar 9433 syscr 74 syscw 30 read_bytes 0 write_bytes 430080
	Process OS info: (pid 1652664 state R utime 1106 stime 2 cutime 0 cstime 0 CPU usage 98)
	CPU temperature (celsius): socket 0: 64 socket 1: 75[0m
EAR[1652664](hratio_l30) at 2.60/1.47 in tcn367 MR[0] elapsed 4852 sec.: [32mLoop time: 1.122s DC Power: [35m512.4W[32m DRAM power: 0.00W PCK power: 438.49W
	avg. CPUFreq: 2.57GHz avg. IMCFreq: 1.47GHz Next Frequency 2.60
	CPI: 0.371 VPI: 0.00, Mem. bwidth: 0.11GB/s GFLOPS: 0.00 I/O: 0.01MB/s No MPI  
	TPI 0.02 Cache miss rates: L1 0.43GB/s L2 0.00GB/s L3 0.00GB/s
	Total MPI calls 3
	IO DATA: rchar 5197 wchar 9433 syscr 74 syscw 30 read_bytes 0 write_bytes 434176
	Process OS info: (pid 1652664 state R utime 1091 stime 1 cutime 0 cstime 0 CPU usage 97)
	CPU temperature (celsius): socket 0: 63 socket 1: 75[0m
EAR[1652664](hratio_l30) at 2.60/1.47 in tcn367 MR[0] elapsed 4863 sec.: [32mLoop time: 1.122s DC Power: [35m511.8W[32m DRAM power: 0.00W PCK power: 438.28W
	avg. CPUFreq: 2.57GHz avg. IMCFreq: 1.47GHz Next Frequency 2.60
	CPI: 0.371 VPI: 0.00, Mem. bwidth: 0.12GB/s GFLOPS: 0.00 I/O: 0.01MB/s No MPI  
	TPI 0.02 Cache miss rates: L1 0.43GB/s L2 0.00GB/s L3 0.00GB/s
	Total MPI calls 3
	IO DATA: rchar 5197 wchar 9433 syscr 74 syscw 30 read_bytes 0 write_bytes 434176
	Process OS info: (pid 1652664 state R utime 1107 stime 1 cutime 0 cstime 0 CPU usage 98)
	CPU temperature (celsius): socket 0: 64 socket 1: 75[0m
EAR[1652664](hratio_l30) at 2.60/1.47 in tcn367 MR[0] elapsed 4875 sec.: [32mLoop time: 1.121s DC Power: [35m460.6W[32m DRAM power: 0.00W PCK power: 438.22W
	avg. CPUFreq: 2.57GHz avg. IMCFreq: 1.47GHz Next Frequency 2.60
	CPI: 0.371 VPI: 0.00, Mem. bwidth: 0.10GB/s GFLOPS: 0.00 I/O: 0.01MB/s No MPI  
	TPI 0.01 Cache miss rates: L1 0.43GB/s L2 0.00GB/s L3 0.00GB/s
	Total MPI calls 3
	IO DATA: rchar 5197 wchar 9433 syscr 74 syscw 30 read_bytes 0 write_bytes 434176
	Process OS info: (pid 1652664 state R utime 1107 stime 1 cutime 0 cstime 0 CPU usage 98)
	CPU temperature (celsius): socket 0: 63 socket 1: 74[0m
EAR[1652664](hratio_l30) at 2.60/1.47 in tcn367 MR[0] elapsed 4886 sec.: [32mLoop time: 1.135s DC Power: [35m505.8W[32m DRAM power: 0.00W PCK power: 438.36W
	avg. CPUFreq: 2.57GHz avg. IMCFreq: 1.47GHz Next Frequency 2.60
	CPI: 0.371 VPI: 0.00, Mem. bwidth: 0.11GB/s GFLOPS: 0.00 I/O: 0.01MB/s No MPI  
	TPI 0.02 Cache miss rates: L1 0.46GB/s L2 0.00GB/s L3 0.00GB/s
	Total MPI calls 3
	IO DATA: rchar 5197 wchar 9433 syscr 74 syscw 30 read_bytes 0 write_bytes 462848
	Process OS info: (pid 1652664 state R utime 1104 stime 1 cutime 0 cstime 0 CPU usage 97)
	CPU temperature (celsius): socket 0: 63 socket 1: 75[0m
EAR[1652664](hratio_l30) at 2.60/1.47 in tcn367 MR[0] elapsed 4897 sec.: [32mLoop time: 1.122s DC Power: [35m511.6W[32m DRAM power: 0.00W PCK power: 438.21W
	avg. CPUFreq: 2.57GHz avg. IMCFreq: 1.47GHz Next Frequency 2.60
	CPI: 0.371 VPI: 0.00, Mem. bwidth: 0.14GB/s GFLOPS: 0.00 I/O: 0.01MB/s No MPI  
	TPI 0.02 Cache miss rates: L1 0.43GB/s L2 0.00GB/s L3 0.00GB/s
	Total MPI calls 3
	IO DATA: rchar 5197 wchar 9433 syscr 74 syscw 30 read_bytes 0 write_bytes 471040
	Process OS info: (pid 1652664 state R utime 1106 stime 1 cutime 0 cstime 0 CPU usage 98)
	CPU temperature (celsius): socket 0: 64 socket 1: 75[0m
EAR[1652664](hratio_l30) at 2.60/1.47 in tcn367 MR[0] elapsed 4908 sec.: [32mLoop time: 1.122s DC Power: [35m511.7W[32m DRAM power: 0.00W PCK power: 438.38W
	avg. CPUFreq: 2.57GHz avg. IMCFreq: 1.47GHz Next Frequency 2.60
	CPI: 0.371 VPI: 0.00, Mem. bwidth: 0.09GB/s GFLOPS: 0.00 I/O: 0.01MB/s No MPI  
	TPI 0.01 Cache miss rates: L1 0.43GB/s L2 0.00GB/s L3 0.00GB/s
	Total MPI calls 3
	IO DATA: rchar 5197 wchar 9433 syscr 74 syscw 30 read_bytes 0 write_bytes 434176
	Process OS info: (pid 1652664 state R utime 1108 stime 1 cutime 0 cstime 0 CPU usage 98)
	CPU temperature (celsius): socket 0: 63 socket 1: 75[0m
EAR[1652664](hratio_l30) at 2.60/1.47 in tcn367 MR[0] elapsed 4920 sec.: [32mLoop time: 1.122s DC Power: [35m511.6W[32m DRAM power: 0.00W PCK power: 438.48W
	avg. CPUFreq: 2.57GHz avg. IMCFreq: 1.47GHz Next Frequency 2.60
	CPI: 0.371 VPI: 0.00, Mem. bwidth: 0.10GB/s GFLOPS: 0.00 I/O: 0.01MB/s No MPI  
	TPI 0.02 Cache miss rates: L1 0.43GB/s L2 0.00GB/s L3 0.00GB/s
	Total MPI calls 3
	IO DATA: rchar 5197 wchar 9433 syscr 74 syscw 30 read_bytes 0 write_bytes 434176
	Process OS info: (pid 1652664 state R utime 1091 stime 1 cutime 0 cstime 0 CPU usage 97)
	CPU temperature (celsius): socket 0: 63 socket 1: 74[0m
EAR[1652664](hratio_l30) at 2.60/1.47 in tcn367 MR[0] elapsed 4931 sec.: [32mLoop time: 1.122s DC Power: [35m460.4W[32m DRAM power: 0.00W PCK power: 438.28W
	avg. CPUFreq: 2.57GHz avg. IMCFreq: 1.47GHz Next Frequency 2.60
	CPI: 0.371 VPI: 0.00, Mem. bwidth: 0.13GB/s GFLOPS: 0.00 I/O: 0.01MB/s No MPI  
	TPI 0.02 Cache miss rates: L1 0.43GB/s L2 0.00GB/s L3 0.00GB/s
	Total MPI calls 3
	IO DATA: rchar 5197 wchar 9433 syscr 74 syscw 30 read_bytes 0 write_bytes 430080
	Process OS info: (pid 1652664 state R utime 1107 stime 1 cutime 0 cstime 0 CPU usage 98)
	CPU temperature (celsius): socket 0: 63 socket 1: 74[0m
EAR[1652664](hratio_l30) at 2.60/1.47 in tcn367 MR[0] elapsed 4942 sec.: [32mLoop time: 1.122s DC Power: [35m460.4W[32m DRAM power: 0.00W PCK power: 438.47W
	avg. CPUFreq: 2.57GHz avg. IMCFreq: 1.47GHz Next Frequency 2.60
	CPI: 0.371 VPI: 0.00, Mem. bwidth: 0.11GB/s GFLOPS: 0.00 I/O: 0.01MB/s No MPI  
	TPI 0.02 Cache miss rates: L1 0.47GB/s L2 0.00GB/s L3 0.00GB/s
	Total MPI calls 3
	IO DATA: rchar 5197 wchar 9433 syscr 74 syscw 30 read_bytes 0 write_bytes 438272
	Process OS info: (pid 1652664 state R utime 1092 stime 2 cutime 0 cstime 0 CPU usage 97)
	CPU temperature (celsius): socket 0: 64 socket 1: 75[0m
EAR[1652664](hratio_l30) at 2.60/1.47 in tcn367 MR[0] elapsed 4953 sec.: [32mLoop time: 1.122s DC Power: [35m511.5W[32m DRAM power: 0.00W PCK power: 438.33W
	avg. CPUFreq: 2.57GHz avg. IMCFreq: 1.47GHz Next Frequency 2.60
	CPI: 0.371 VPI: 0.00, Mem. bwidth: 0.11GB/s GFLOPS: 0.00 I/O: 0.01MB/s No MPI  
	TPI 0.02 Cache miss rates: L1 0.43GB/s L2 0.00GB/s L3 0.00GB/s
	Total MPI calls 3
	IO DATA: rchar 5197 wchar 9433 syscr 74 syscw 30 read_bytes 0 write_bytes 425984
	Process OS info: (pid 1652664 state R utime 1108 stime 1 cutime 0 cstime 0 CPU usage 98)
	CPU temperature (celsius): socket 0: 63 socket 1: 74[0m
EAR[1652664](hratio_l30) at 2.60/1.47 in tcn367 MR[0] elapsed 4965 sec.: [32mLoop time: 1.124s DC Power: [35m510.6W[32m DRAM power: 0.00W PCK power: 438.32W
	avg. CPUFreq: 2.57GHz avg. IMCFreq: 1.47GHz Next Frequency 2.60
	CPI: 0.371 VPI: 0.00, Mem. bwidth: 0.11GB/s GFLOPS: 0.00 I/O: 0.01MB/s No MPI  
	TPI 0.02 Cache miss rates: L1 0.43GB/s L2 0.00GB/s L3 0.00GB/s
	Total MPI calls 3
	IO DATA: rchar 5197 wchar 9433 syscr 74 syscw 30 read_bytes 0 write_bytes 438272
	Process OS info: (pid 1652664 state R utime 1109 stime 1 cutime 0 cstime 0 CPU usage 98)
	CPU temperature (celsius): socket 0: 63 socket 1: 74[0m
EAR[1652664](hratio_l30) at 2.60/1.47 in tcn367 MR[0] elapsed 4976 sec.: [32mLoop time: 1.121s DC Power: [35m511.9W[32m DRAM power: 0.00W PCK power: 438.40W
	avg. CPUFreq: 2.57GHz avg. IMCFreq: 1.47GHz Next Frequency 2.60
	CPI: 0.371 VPI: 0.00, Mem. bwidth: 0.13GB/s GFLOPS: 0.00 I/O: 0.01MB/s No MPI  
	TPI 0.02 Cache miss rates: L1 0.43GB/s L2 0.00GB/s L3 0.00GB/s
	Total MPI calls 3
	IO DATA: rchar 5197 wchar 9433 syscr 74 syscw 30 read_bytes 0 write_bytes 438272
	Process OS info: (pid 1652664 state R utime 1091 stime 1 cutime 0 cstime 0 CPU usage 97)
	CPU temperature (celsius): socket 0: 64 socket 1: 75[0m
EAR[1652664](hratio_l30) at 2.60/1.47 in tcn367 MR[0] elapsed 4987 sec.: [32mLoop time: 1.122s DC Power: [35m512.5W[32m DRAM power: 0.00W PCK power: 438.19W
	avg. CPUFreq: 2.57GHz avg. IMCFreq: 1.47GHz Next Frequency 2.60
	CPI: 0.371 VPI: 0.00, Mem. bwidth: 0.14GB/s GFLOPS: 0.00 I/O: 0.01MB/s No MPI  
	TPI 0.02 Cache miss rates: L1 0.44GB/s L2 0.00GB/s L3 0.00GB/s
	Total MPI calls 3
	IO DATA: rchar 5197 wchar 9433 syscr 74 syscw 30 read_bytes 0 write_bytes 438272
	Process OS info: (pid 1652664 state R utime 1108 stime 1 cutime 0 cstime 0 CPU usage 98)
	CPU temperature (celsius): socket 0: 64 socket 1: 75[0m
EAR[1652664](hratio_l30) at 2.60/1.47 in tcn367 MR[0] elapsed 4998 sec.: [32mLoop time: 1.122s DC Power: [35m462.0W[32m DRAM power: 0.00W PCK power: 438.38W
	avg. CPUFreq: 2.57GHz avg. IMCFreq: 1.47GHz Next Frequency 2.60
	CPI: 0.371 VPI: 0.00, Mem. bwidth: 0.08GB/s GFLOPS: 0.00 I/O: 0.01MB/s No MPI  
	TPI 0.01 Cache miss rates: L1 0.46GB/s L2 0.00GB/s L3 0.00GB/s
	Total MPI calls 3
	IO DATA: rchar 5197 wchar 9433 syscr 74 syscw 30 read_bytes 0 write_bytes 438272
	Process OS info: (pid 1652664 state R utime 1106 stime 1 cutime 0 cstime 0 CPU usage 98)
	CPU temperature (celsius): socket 0: 64 socket 1: 75[0m
EAR[1652664](hratio_l30) at 2.60/1.47 in tcn367 MR[0] elapsed 5009 sec.: [32mLoop time: 1.122s DC Power: [35m513.5W[32m DRAM power: 0.00W PCK power: 438.44W
	avg. CPUFreq: 2.57GHz avg. IMCFreq: 1.47GHz Next Frequency 2.60
	CPI: 0.371 VPI: 0.00, Mem. bwidth: 0.10GB/s GFLOPS: 0.00 I/O: 0.01MB/s No MPI  
	TPI 0.02 Cache miss rates: L1 0.43GB/s L2 0.00GB/s L3 0.00GB/s
	Total MPI calls 3
	IO DATA: rchar 5197 wchar 9433 syscr 74 syscw 30 read_bytes 0 write_bytes 524288
	Process OS info: (pid 1652664 state R utime 1091 stime 1 cutime 0 cstime 0 CPU usage 97)
	CPU temperature (celsius): socket 0: 64 socket 1: 75[0m
EAR[1652664](hratio_l30) at 2.60/1.47 in tcn367 MR[0] elapsed 5021 sec.: [32mLoop time: 1.122s DC Power: [35m512.7W[32m DRAM power: 0.00W PCK power: 438.25W
	avg. CPUFreq: 2.57GHz avg. IMCFreq: 1.47GHz Next Frequency 2.60
	CPI: 0.371 VPI: 0.00, Mem. bwidth: 0.12GB/s GFLOPS: 0.00 I/O: 0.01MB/s No MPI  
	TPI 0.02 Cache miss rates: L1 0.43GB/s L2 0.00GB/s L3 0.00GB/s
	Total MPI calls 3
	IO DATA: rchar 5197 wchar 9433 syscr 74 syscw 30 read_bytes 0 write_bytes 434176
	Process OS info: (pid 1652664 state R utime 1107 stime 1 cutime 0 cstime 0 CPU usage 98)
	CPU temperature (celsius): socket 0: 64 socket 1: 75[0m
[34m[tcn367][0][INFO] [0mScope APP master 1 elapsed 0.000000
----------------------------------- Application Summary [tcn367] -----------------------------------
--- App id: hratio_l30 / user id: ovaneck2 / account: vusei12999 / job.step: 14236854.0.1652664 ---


(mpi_sig) Wall time: 5024.788 s, nominal freq.: 2.60 GHz, avg. freq: 2.57 GHz, avg imc freq: 1.47 GHz
          Avg. mpi_time/exec_time 88.1 %

          tasks: 128

          CPI/TPI: 0.383/0.022, GB/s: 0.126, GFLOPS: 0.000, IO: 0.020 (MB/s)
          DC/DRAM/PCK power: 494.104/0.000/431.983 (W) GFlops/Watts 0.000


----------------------------------------------------------------------------------------------------
free(): invalid next size (fast)
[tcn367:1652666] *** Process received signal ***
[tcn367:1652666] Signal: Aborted (6)
[tcn367:1652666] Signal code:  (-6)
[tcn367:1652666] [ 0] /lib64/libc.so.6(+0x3e6f0)[0x149d684db6f0]
[tcn367:1652666] [ 1] /lib64/libc.so.6(+0x8b94c)[0x149d6852894c]
[tcn367:1652666] [ 2] /lib64/libc.so.6(raise+0x16)[0x149d684db646]
[tcn367:1652666] [ 3] /lib64/libc.so.6(abort+0xd3)[0x149d684c57f3]
[tcn367:1652666] [ 4] /lib64/libc.so.6(+0x29130)[0x149d684c6130]
[tcn367:1652666] [ 5] /lib64/libc.so.6(+0x959f7)[0x149d685329f7]
[tcn367:1652666] [ 6] /lib64/libc.so.6(+0x97303)[0x149d68534303]
[tcn367:1652666] [ 7] /lib64/libc.so.6(free+0x55)[0x149d68536d35]
[tcn367:1652666] [ 8] /sw/arch/RHEL9/EB_production/2024/software/UCX/1.16.0-GCCcore-13.3.0/lib64/libucp.so.0(ucp_ep_cleanup_lanes+0x291)[0x149d67ad8171]
[tcn367:1652666] [ 9] /sw/arch/RHEL9/EB_production/2024/software/UCX/1.16.0-GCCcore-13.3.0/lib64/libucp.so.0(ucp_ep_destroy_internal+0x19)[0x149d67ad8269]
[tcn367:1652666] [10] /sw/arch/RHEL9/EB_production/2024/software/UCX/1.16.0-GCCcore-13.3.0/lib64/libucp.so.0(ucp_ep_close_nbx+0x2aa)[0x149d67add80a]
[tcn367:1652666] [11] /sw/arch/RHEL9/EB_production/2024/software/UCX/1.16.0-GCCcore-13.3.0/lib64/libucp.so.0(ucp_ep_close_nb+0x35)[0x149d67add885]
[tcn367:1652666] [12] /sw/arch/RHEL9/EB_production/2024/software/OpenMPI/5.0.3-GCC-13.3.0/lib/libopen-pal.so.80(opal_common_ucx_del_procs_nofence+0x65)[0x149d681d9e65]
[tcn367:1652666] [13] /sw/arch/RHEL9/EB_production/2024/software/OpenMPI/5.0.3-GCC-13.3.0/lib/libopen-pal.so.80(opal_common_ucx_del_procs+0x9)[0x149d681d9fb9]
[tcn367:1652666] [14] /sw/arch/RHEL9/EB_production/2024/software/OpenMPI/5.0.3-GCC-13.3.0/lib/libmpi.so.40(mca_pml_ucx_del_procs+0x91)[0x149d68cbcdd1]
[tcn367:1652666] [15] /sw/arch/RHEL9/EB_production/2024/software/OpenMPI/5.0.3-GCC-13.3.0/lib/libmpi.so.40(+0xa4f7d)[0x149d68ac1f7d]
[tcn367:1652666] [16] /sw/arch/RHEL9/EB_production/2024/software/OpenMPI/5.0.3-GCC-13.3.0/lib/libopen-pal.so.80(opal_finalize_cleanup_domain+0x4a)[0x149d68127aba]
[tcn367:1652666] [17] /sw/arch/RHEL9/EB_production/2024/software/OpenMPI/5.0.3-GCC-13.3.0/lib/libopen-pal.so.80(opal_finalize+0x2f)[0x149d6811a37f]
[tcn367:1652666] [18] /sw/arch/RHEL9/EB_production/2024/software/OpenMPI/5.0.3-GCC-13.3.0/lib/libmpi.so.40(ompi_rte_finalize+0x14b)[0x149d68abac3b]
[tcn367:1652666] [19] /sw/arch/RHEL9/EB_production/2024/software/OpenMPI/5.0.3-GCC-13.3.0/lib/libmpi.so.40(+0xa602b)[0x149d68ac302b]
[tcn367:1652666] [20] /sw/arch/RHEL9/EB_production/2024/software/OpenMPI/5.0.3-GCC-13.3.0/lib/libmpi.so.40(ompi_mpi_instance_finalize+0xb5)[0x149d68ac4615]
[tcn367:1652666] [21] /sw/arch/RHEL9/EB_production/2024/software/OpenMPI/5.0.3-GCC-13.3.0/lib/libmpi.so.40(ompi_mpi_finalize+0x20f)[0x149d68ab6fcf]
[tcn367:1652666] [22] /opt/ear/current/lib/libear.ompi.so(ear_mpic_Finalize+0x1b)[0x149d66c2f55d]
[tcn367:1652666] [23] /opt/ear/current/lib/libearld.so(MPI_Finalize+0x14)[0x149d68e227dd]
[tcn367:1652666] [24] /home/ovaneck2/ComplexityContesters/paper_PF_hardness/code/experiments/dfs_bnb_mpi[0x40773f]
[tcn367:1652666] [25] /lib64/libc.so.6(+0x29590)[0x149d684c6590]
[tcn367:1652666] [26] /lib64/libc.so.6(__libc_start_main+0x80)[0x149d684c6640]
[tcn367:1652666] [27] /home/ovaneck2/ComplexityContesters/paper_PF_hardness/code/experiments/dfs_bnb_mpi[0x408165]
[tcn367:1652666] *** End of error message ***
srun: error: tcn367: task 2: Aborted
srun: Terminating StepId=14236854.0
[2025-08-23T13:25:03.044] error: *** STEP 14236854.0 ON tcn367 CANCELLED AT 2025-08-23T13:25:03 DUE TO TASK FAILURE ***
[2025-08-23T13:25:03.743] error:  mpi/pmix_v3: _errhandler: tcn367 [0]: pmixp_client_v2.c:211: Error handler invoked: status = -25, source = [slurm.pmix.14236854.0:2]
srun: Job step aborted: Waiting up to 32 seconds for job step to finish.
[2025-08-23T13:25:34.630] error:  mpi/pmix_v3: _errhandler: tcn367 [0]: pmixp_client_v2.c:211: Error handler invoked: status = -25, source = [slurm.pmix.14236854.0:123]
srun: error: Timed out waiting for job step to complete
