Job folder (/var/ear/1814915500) doesn't exist (No such file or directory), creating it...
Job folder (/var/ear/1814915500) doesn't exist (No such file or directory), creating it...
Job folder (/var/ear/1814915500) doesn't exist (No such file or directory), creating it...
[EARL][tcn175][1890052] --- EARL INIT [PID: 1890052] [MASTER: 1] ---
tcn175:some EARD is not running (connected nodes 0 expected 1)

[34m[tcn175][0][INFO] [0mK-medoids & roofline strategies not available. Loading default model for the classification
--- EARL loaded APIs ---
MGT_CPUFREQ: DUMMY
MGT_IMCFREQ: DUMMY
MGT_PRIO   : DUMMY
MET_CPUFREQ: DUMMY
MET_IMCFREQ: DUMMY
MET_ENERGY : CPUMODEL
MET_TEMP:    AMD17
MET_BWIDTH : DUMMY
MET_FLOPS  : PERF
MET_CPI    : PERF
MGT_GPU    : DUMMY
MET_GPU    : DUMMY
L1D: loaded (event PERF_L1D_MISS_LD) 
L2 : loaded (event L2_MISS_FROM_DC) (also in LBW)
L2 : loaded (event L2_MISS_FROM_PF1) (also in LBW)
L2 : loaded (event L2_MISS_FROM_PF2) (also in LBW)

------------------------
Mapping frequencies from 24 processes to 128 CPUs...
[2/24]	I'm online..
[5/24]	I'm online..
[14/24]	I'm online..
[15/24]	I'm online..
[11/24]	I'm online..
[12/24]	I'm online..
[17/24]	I'm online..
[20/24]	I'm online..
[23/24]	I'm online..
Error in reports API load 
Error in reports API initialization 
---------------- EAR 5.2 MPI enabled ----------------
                   App/user id: 'hratio_solve_remaining_l30'/'ovaneck2'
    Node/job id/step_id/app_id: 'tcn175'/'18149155'/'0'/'1890052'
     P_STATE/frequency (turbo): 0/2600000 (0)
    Tasks/nodes/ppn/node_ratio: 24/1/24/1.000
             Policy (learning): monitoring (0)
Policy threshold/Perf accuracy: 0.00/10000000.00
   DynAIS levels/window/AVX512: 10/200/2
                      VAR path: /var/ear
           EAR privileged user: 1
                       EARL on: 1 
                  Max CPU freq: 2600000
-------------------------------------------------------
EAR initialized successfully.
[24/24]	I'm online..
[18/24]	I'm online..
[7/24]	I'm online..
[22/24]	I'm online..
[3/24]	I'm online..
[6/24]	I'm online..
[9/24]	I'm online..
[8/24]	I'm online..
[4/24]	I'm online..
[16/24]	I'm online..
[19/24]	I'm online..
[10/24]	I'm online..
[1/24]	I'm online..
[21/24]	I'm online..
[13/24]	I'm online..
EAR[1890052](hratio_solve_remaining_l30) at 2.60/1.00 in tcn175 MR[0] elapsed 14 sec.: [32mLoop time: 1.000s DC Power: [35m99.7W[32m DRAM power: 0.00W PCK power: 99.68W
	avg. CPUFreq: 0.00GHz avg. IMCFreq: 0.00GHz Next Frequency 2.60
	CPI: 0.517 VPI: 0.00, Mem. bwidth: 0.00GB/s GFLOPS: 0.00 I/O: 0.01MB/s No MPI  
	TPI 0.00 Cache miss rates: L1 0.04GB/s L2 0.00GB/s L3 0.00GB/s
	Total MPI calls 0
	IO DATA: rchar 744 wchar 0 syscr 44 syscw 0 read_bytes 0 write_bytes 8192
	Aggregated application's node CPU util.: 2352
	CPU temperature (celsius): socket 0: 45 socket 1: 51[0m
EAR[1890052](hratio_solve_remaining_l30) at 2.60/1.00 in tcn175 MR[0] elapsed 25 sec.: [32mLoop time: 1.100s DC Power: [35m104.2W[32m DRAM power: 0.00W PCK power: 104.23W
	avg. CPUFreq: 0.00GHz avg. IMCFreq: 0.00GHz
	CPI: 0.518 VPI: 0.00, Mem. bwidth: 0.00GB/s GFLOPS: 0.00 I/O: 0.00MB/s No MPI  
	TPI 0.00 Cache miss rates: L1 0.03GB/s L2 0.00GB/s L3 0.00GB/s
	Total MPI calls 0
	IO DATA: rchar 50963 wchar 581 syscr 95 syscw 21 read_bytes 0 write_bytes 32768
	Aggregated application's node CPU util.: 2351
	CPU temperature (celsius): socket 0: 45 socket 1: 51[0m
EAR[1890052](hratio_solve_remaining_l30) at 2.60/1.00 in tcn175 MR[0] elapsed 36 sec.: [32mLoop time: 1.100s DC Power: [35m108.1W[32m DRAM power: 0.00W PCK power: 108.10W
	avg. CPUFreq: 0.00GHz avg. IMCFreq: 0.00GHz
	CPI: 0.518 VPI: 0.00, Mem. bwidth: 0.00GB/s GFLOPS: 0.00 I/O: 0.00MB/s No MPI  
	TPI 0.00 Cache miss rates: L1 0.03GB/s L2 0.00GB/s L3 0.00GB/s
	Total MPI calls 0
	IO DATA: rchar 748 wchar 569 syscr 44 syscw 20 read_bytes 0 write_bytes 65536
	Aggregated application's node CPU util.: 2352
	CPU temperature (celsius): socket 0: 45 socket 1: 51[0m
EAR[1890052](hratio_solve_remaining_l30) at 2.60/1.00 in tcn175 MR[0] elapsed 47 sec.: [32mLoop time: 1.100s DC Power: [35m111.4W[32m DRAM power: 0.00W PCK power: 111.36W
	avg. CPUFreq: 0.00GHz avg. IMCFreq: 0.00GHz
	CPI: 0.518 VPI: 0.00, Mem. bwidth: 0.00GB/s GFLOPS: 0.00 I/O: 0.00MB/s No MPI  
	TPI 0.00 Cache miss rates: L1 0.03GB/s L2 0.00GB/s L3 0.00GB/s
	Total MPI calls 0
	IO DATA: rchar 750 wchar 567 syscr 44 syscw 20 read_bytes 0 write_bytes 65536
	Aggregated application's node CPU util.: 2352
	CPU temperature (celsius): socket 0: 46 socket 1: 52[0m
EAR[1890052](hratio_solve_remaining_l30) at 2.60/1.00 in tcn175 MR[0] elapsed 58 sec.: [32mLoop time: 1.100s DC Power: [35m114.1W[32m DRAM power: 0.00W PCK power: 114.15W
	avg. CPUFreq: 0.00GHz avg. IMCFreq: 0.00GHz
	CPI: 0.519 VPI: 0.00, Mem. bwidth: 0.00GB/s GFLOPS: 0.00 I/O: 0.00MB/s No MPI  
	TPI 0.00 Cache miss rates: L1 0.03GB/s L2 0.00GB/s L3 0.00GB/s
	Total MPI calls 0
	IO DATA: rchar 750 wchar 567 syscr 44 syscw 20 read_bytes 0 write_bytes 65536
	Aggregated application's node CPU util.: 2352
	CPU temperature (celsius): socket 0: 46 socket 1: 52[0m
EAR[1890052](hratio_solve_remaining_l30) at 2.60/1.00 in tcn175 MR[0] elapsed 69 sec.: [32mLoop time: 1.100s DC Power: [35m117.5W[32m DRAM power: 0.00W PCK power: 117.50W
	avg. CPUFreq: 0.00GHz avg. IMCFreq: 0.00GHz
	CPI: 0.519 VPI: 0.00, Mem. bwidth: 0.00GB/s GFLOPS: 0.00 I/O: 0.00MB/s No MPI  
	TPI 0.00 Cache miss rates: L1 0.02GB/s L2 0.00GB/s L3 0.00GB/s
	Total MPI calls 0
	IO DATA: rchar 750 wchar 567 syscr 44 syscw 20 read_bytes 0 write_bytes 65536
	Aggregated application's node CPU util.: 2352
	CPU temperature (celsius): socket 0: 46 socket 1: 52[0m
EAR[1890052](hratio_solve_remaining_l30) at 2.60/1.00 in tcn175 MR[0] elapsed 80 sec.: [32mLoop time: 1.100s DC Power: [35m119.3W[32m DRAM power: 0.00W PCK power: 119.32W
	avg. CPUFreq: 0.00GHz avg. IMCFreq: 0.00GHz
	CPI: 0.519 VPI: 0.00, Mem. bwidth: 0.00GB/s GFLOPS: 0.00 I/O: 0.00MB/s No MPI  
	TPI 0.00 Cache miss rates: L1 0.02GB/s L2 0.00GB/s L3 0.00GB/s
	Total MPI calls 0
	IO DATA: rchar 750 wchar 567 syscr 44 syscw 20 read_bytes 0 write_bytes 65536
	Aggregated application's node CPU util.: 2352
	CPU temperature (celsius): socket 0: 46 socket 1: 52[0m
EAR[1890052](hratio_solve_remaining_l30) at 2.60/1.00 in tcn175 MR[0] elapsed 91 sec.: [32mLoop time: 1.100s DC Power: [35m120.9W[32m DRAM power: 0.00W PCK power: 120.86W
	avg. CPUFreq: 0.00GHz avg. IMCFreq: 0.00GHz
	CPI: 0.519 VPI: 0.00, Mem. bwidth: 0.00GB/s GFLOPS: 0.00 I/O: 0.00MB/s No MPI  
	TPI 0.00 Cache miss rates: L1 0.02GB/s L2 0.00GB/s L3 0.00GB/s
	Total MPI calls 0
	IO DATA: rchar 750 wchar 567 syscr 44 syscw 20 read_bytes 0 write_bytes 65536
	Aggregated application's node CPU util.: 2352
	CPU temperature (celsius): socket 0: 46 socket 1: 52[0m
EAR[1890052](hratio_solve_remaining_l30) at 2.60/1.00 in tcn175 MR[0] elapsed 102 sec.: [32mLoop time: 1.100s DC Power: [35m122.2W[32m DRAM power: 0.00W PCK power: 122.18W
	avg. CPUFreq: 0.00GHz avg. IMCFreq: 0.00GHz
	CPI: 0.518 VPI: 0.00, Mem. bwidth: 0.00GB/s GFLOPS: 0.00 I/O: 0.00MB/s No MPI  
	TPI 0.00 Cache miss rates: L1 0.02GB/s L2 0.00GB/s L3 0.00GB/s
	Total MPI calls 0
	IO DATA: rchar 750 wchar 567 syscr 44 syscw 20 read_bytes 0 write_bytes 65536
	Aggregated application's node CPU util.: 2352
	CPU temperature (celsius): socket 0: 47 socket 1: 52[0m
EAR[1890052](hratio_solve_remaining_l30) at 2.60/1.00 in tcn175 MR[0] elapsed 113 sec.: [32mLoop time: 1.100s DC Power: [35m123.3W[32m DRAM power: 0.00W PCK power: 123.27W
	avg. CPUFreq: 0.00GHz avg. IMCFreq: 0.00GHz
	CPI: 0.519 VPI: 0.00, Mem. bwidth: 0.00GB/s GFLOPS: 0.00 I/O: 0.00MB/s No MPI  
	TPI 0.00 Cache miss rates: L1 0.03GB/s L2 0.00GB/s L3 0.00GB/s
	Total MPI calls 0
	IO DATA: rchar 750 wchar 568 syscr 44 syscw 20 read_bytes 0 write_bytes 65536
	Aggregated application's node CPU util.: 2352
	CPU temperature (celsius): socket 0: 46 socket 1: 52[0m
EAR[1890052](hratio_solve_remaining_l30) at 2.60/1.00 in tcn175 MR[0] elapsed 124 sec.: [32mLoop time: 1.100s DC Power: [35m124.6W[32m DRAM power: 0.00W PCK power: 124.62W
	avg. CPUFreq: 0.00GHz avg. IMCFreq: 0.00GHz
	CPI: 0.519 VPI: 0.00, Mem. bwidth: 0.00GB/s GFLOPS: 0.00 I/O: 0.00MB/s No MPI  
	TPI 0.00 Cache miss rates: L1 0.03GB/s L2 0.00GB/s L3 0.00GB/s
	Total MPI calls 0
	IO DATA: rchar 751 wchar 568 syscr 44 syscw 20 read_bytes 0 write_bytes 65536
	Aggregated application's node CPU util.: 2352
	CPU temperature (celsius): socket 0: 46 socket 1: 52[0m
EAR[1890052](hratio_solve_remaining_l30) at 2.60/1.00 in tcn175 MR[0] elapsed 135 sec.: [32mLoop time: 1.100s DC Power: [35m125.3W[32m DRAM power: 0.00W PCK power: 125.34W
	avg. CPUFreq: 0.00GHz avg. IMCFreq: 0.00GHz
	CPI: 0.519 VPI: 0.00, Mem. bwidth: 0.00GB/s GFLOPS: 0.00 I/O: 0.00MB/s No MPI  
	TPI 0.00 Cache miss rates: L1 0.03GB/s L2 0.00GB/s L3 0.00GB/s
	Total MPI calls 0
	IO DATA: rchar 751 wchar 568 syscr 44 syscw 20 read_bytes 0 write_bytes 65536
	Aggregated application's node CPU util.: 2352
	CPU temperature (celsius): socket 0: 46 socket 1: 52[0m
EAR[1890052](hratio_solve_remaining_l30) at 2.60/1.00 in tcn175 MR[0] elapsed 146 sec.: [32mLoop time: 1.100s DC Power: [35m126.0W[32m DRAM power: 0.00W PCK power: 125.96W
	avg. CPUFreq: 0.00GHz avg. IMCFreq: 0.00GHz
	CPI: 0.519 VPI: 0.00, Mem. bwidth: 0.00GB/s GFLOPS: 0.00 I/O: 0.00MB/s No MPI  
	TPI 0.00 Cache miss rates: L1 0.03GB/s L2 0.00GB/s L3 0.00GB/s
	Total MPI calls 0
	IO DATA: rchar 751 wchar 568 syscr 44 syscw 20 read_bytes 0 write_bytes 65536
	Aggregated application's node CPU util.: 2352
	CPU temperature (celsius): socket 0: 46 socket 1: 52[0m
EAR[1890052](hratio_solve_remaining_l30) at 2.60/1.00 in tcn175 MR[0] elapsed 157 sec.: [32mLoop time: 1.100s DC Power: [35m126.5W[32m DRAM power: 0.00W PCK power: 126.50W
	avg. CPUFreq: 0.00GHz avg. IMCFreq: 0.00GHz
	CPI: 0.518 VPI: 0.00, Mem. bwidth: 0.00GB/s GFLOPS: 0.00 I/O: 0.00MB/s No MPI  
	TPI 0.00 Cache miss rates: L1 0.03GB/s L2 0.00GB/s L3 0.00GB/s
	Total MPI calls 0
	IO DATA: rchar 751 wchar 568 syscr 44 syscw 20 read_bytes 0 write_bytes 65536
	Aggregated application's node CPU util.: 2352
	CPU temperature (celsius): socket 0: 46 socket 1: 52[0m
EAR[1890052](hratio_solve_remaining_l30) at 2.60/1.00 in tcn175 MR[0] elapsed 168 sec.: [32mLoop time: 1.100s DC Power: [35m126.9W[32m DRAM power: 0.00W PCK power: 126.89W
	avg. CPUFreq: 0.00GHz avg. IMCFreq: 0.00GHz
	CPI: 0.519 VPI: 0.00, Mem. bwidth: 0.00GB/s GFLOPS: 0.00 I/O: 0.00MB/s No MPI  
	TPI 0.00 Cache miss rates: L1 0.03GB/s L2 0.00GB/s L3 0.00GB/s
	Total MPI calls 0
	IO DATA: rchar 752 wchar 568 syscr 44 syscw 20 read_bytes 0 write_bytes 65536
	Aggregated application's node CPU util.: 2352
	CPU temperature (celsius): socket 0: 46 socket 1: 52[0m
EAR[1890052](hratio_solve_remaining_l30) at 2.60/1.00 in tcn175 MR[0] elapsed 179 sec.: [32mLoop time: 1.100s DC Power: [35m127.6W[32m DRAM power: 0.00W PCK power: 127.58W
	avg. CPUFreq: 0.00GHz avg. IMCFreq: 0.00GHz
	CPI: 0.519 VPI: 0.00, Mem. bwidth: 0.00GB/s GFLOPS: 0.00 I/O: 0.00MB/s No MPI  
	TPI 0.00 Cache miss rates: L1 0.02GB/s L2 0.00GB/s L3 0.00GB/s
	Total MPI calls 0
	IO DATA: rchar 752 wchar 568 syscr 44 syscw 20 read_bytes 0 write_bytes 65536
	Aggregated application's node CPU util.: 2352
	CPU temperature (celsius): socket 0: 46 socket 1: 52[0m
EAR[1890052](hratio_solve_remaining_l30) at 2.60/1.00 in tcn175 MR[0] elapsed 190 sec.: [32mLoop time: 1.100s DC Power: [35m127.8W[32m DRAM power: 0.00W PCK power: 127.85W
	avg. CPUFreq: 0.00GHz avg. IMCFreq: 0.00GHz
	CPI: 0.519 VPI: 0.00, Mem. bwidth: 0.00GB/s GFLOPS: 0.00 I/O: 0.00MB/s No MPI  
	TPI 0.00 Cache miss rates: L1 0.02GB/s L2 0.00GB/s L3 0.00GB/s
	Total MPI calls 0
	IO DATA: rchar 752 wchar 568 syscr 44 syscw 20 read_bytes 0 write_bytes 65536
	Aggregated application's node CPU util.: 2352
	CPU temperature (celsius): socket 0: 46 socket 1: 52[0m
EAR[1890052](hratio_solve_remaining_l30) at 2.60/1.00 in tcn175 MR[0] elapsed 201 sec.: [32mLoop time: 1.100s DC Power: [35m128.1W[32m DRAM power: 0.00W PCK power: 128.09W
	avg. CPUFreq: 0.00GHz avg. IMCFreq: 0.00GHz
	CPI: 0.519 VPI: 0.00, Mem. bwidth: 0.00GB/s GFLOPS: 0.00 I/O: 0.00MB/s No MPI  
	TPI 0.00 Cache miss rates: L1 0.03GB/s L2 0.00GB/s L3 0.00GB/s
	Total MPI calls 0
	IO DATA: rchar 752 wchar 568 syscr 44 syscw 20 read_bytes 0 write_bytes 69632
	Aggregated application's node CPU util.: 2352
	CPU temperature (celsius): socket 0: 46 socket 1: 52[0m
EAR[1890052](hratio_solve_remaining_l30) at 2.60/1.00 in tcn175 MR[0] elapsed 212 sec.: [32mLoop time: 1.100s DC Power: [35m128.3W[32m DRAM power: 0.00W PCK power: 128.27W
	avg. CPUFreq: 0.00GHz avg. IMCFreq: 0.00GHz
	CPI: 0.519 VPI: 0.00, Mem. bwidth: 0.00GB/s GFLOPS: 0.00 I/O: 0.00MB/s No MPI  
	TPI 0.00 Cache miss rates: L1 0.03GB/s L2 0.00GB/s L3 0.00GB/s
	Total MPI calls 0
	IO DATA: rchar 753 wchar 568 syscr 44 syscw 20 read_bytes 0 write_bytes 65536
	Aggregated application's node CPU util.: 2352
	CPU temperature (celsius): socket 0: 46 socket 1: 52[0m
EAR[1890052](hratio_solve_remaining_l30) at 2.60/1.00 in tcn175 MR[0] elapsed 223 sec.: [32mLoop time: 1.100s DC Power: [35m128.4W[32m DRAM power: 0.00W PCK power: 128.44W
	avg. CPUFreq: 0.00GHz avg. IMCFreq: 0.00GHz
	CPI: 0.519 VPI: 0.00, Mem. bwidth: 0.00GB/s GFLOPS: 0.00 I/O: 0.00MB/s No MPI  
	TPI 0.00 Cache miss rates: L1 0.02GB/s L2 0.00GB/s L3 0.00GB/s
	Total MPI calls 0
	IO DATA: rchar 754 wchar 568 syscr 44 syscw 20 read_bytes 0 write_bytes 65536
	Aggregated application's node CPU util.: 2352
	CPU temperature (celsius): socket 0: 46 socket 1: 52[0m
EAR[1890052](hratio_solve_remaining_l30) at 2.60/1.00 in tcn175 MR[0] elapsed 234 sec.: [32mLoop time: 1.100s DC Power: [35m128.6W[32m DRAM power: 0.00W PCK power: 128.65W
	avg. CPUFreq: 0.00GHz avg. IMCFreq: 0.00GHz
	CPI: 0.519 VPI: 0.00, Mem. bwidth: 0.00GB/s GFLOPS: 0.00 I/O: 0.00MB/s No MPI  
	TPI 0.00 Cache miss rates: L1 0.03GB/s L2 0.00GB/s L3 0.00GB/s
	Total MPI calls 0
	IO DATA: rchar 754 wchar 568 syscr 44 syscw 20 read_bytes 0 write_bytes 65536
	Aggregated application's node CPU util.: 2352
	CPU temperature (celsius): socket 0: 46 socket 1: 52[0m
EAR[1890052](hratio_solve_remaining_l30) at 2.60/1.00 in tcn175 MR[0] elapsed 245 sec.: [32mLoop time: 1.100s DC Power: [35m128.7W[32m DRAM power: 0.00W PCK power: 128.75W
	avg. CPUFreq: 0.00GHz avg. IMCFreq: 0.00GHz
	CPI: 0.519 VPI: 0.00, Mem. bwidth: 0.00GB/s GFLOPS: 0.00 I/O: 0.00MB/s No MPI  
	TPI 0.00 Cache miss rates: L1 0.03GB/s L2 0.00GB/s L3 0.00GB/s
	Total MPI calls 0
	IO DATA: rchar 754 wchar 568 syscr 44 syscw 20 read_bytes 0 write_bytes 65536
	Aggregated application's node CPU util.: 2352
	CPU temperature (celsius): socket 0: 46 socket 1: 52[0m
EAR[1890052](hratio_solve_remaining_l30) at 2.60/1.00 in tcn175 MR[0] elapsed 256 sec.: [32mLoop time: 1.100s DC Power: [35m128.8W[32m DRAM power: 0.00W PCK power: 128.83W
	avg. CPUFreq: 0.00GHz avg. IMCFreq: 0.00GHz
	CPI: 0.519 VPI: 0.00, Mem. bwidth: 0.00GB/s GFLOPS: 0.00 I/O: 0.00MB/s No MPI  
	TPI 0.00 Cache miss rates: L1 0.03GB/s L2 0.00GB/s L3 0.00GB/s
	Total MPI calls 0
	IO DATA: rchar 754 wchar 568 syscr 44 syscw 20 read_bytes 0 write_bytes 65536
	Aggregated application's node CPU util.: 2352
	CPU temperature (celsius): socket 0: 46 socket 1: 52[0m
EAR[1890052](hratio_solve_remaining_l30) at 2.60/1.00 in tcn175 MR[0] elapsed 267 sec.: [32mLoop time: 1.100s DC Power: [35m128.9W[32m DRAM power: 0.00W PCK power: 128.91W
	avg. CPUFreq: 0.00GHz avg. IMCFreq: 0.00GHz
	CPI: 0.519 VPI: 0.00, Mem. bwidth: 0.00GB/s GFLOPS: 0.00 I/O: 0.00MB/s No MPI  
	TPI 0.00 Cache miss rates: L1 0.03GB/s L2 0.00GB/s L3 0.00GB/s
	Total MPI calls 0
	IO DATA: rchar 754 wchar 568 syscr 44 syscw 20 read_bytes 0 write_bytes 69632
	Aggregated application's node CPU util.: 2352
	CPU temperature (celsius): socket 0: 46 socket 1: 52[0m
EAR[1890052](hratio_solve_remaining_l30) at 2.60/1.00 in tcn175 MR[0] elapsed 278 sec.: [32mLoop time: 1.100s DC Power: [35m129.0W[32m DRAM power: 0.00W PCK power: 128.99W
	avg. CPUFreq: 0.00GHz avg. IMCFreq: 0.00GHz
	CPI: 0.519 VPI: 0.00, Mem. bwidth: 0.00GB/s GFLOPS: 0.00 I/O: 0.00MB/s No MPI  
	TPI 0.00 Cache miss rates: L1 0.02GB/s L2 0.00GB/s L3 0.00GB/s
	Total MPI calls 0
	IO DATA: rchar 754 wchar 568 syscr 44 syscw 20 read_bytes 0 write_bytes 65536
	Aggregated application's node CPU util.: 2352
	CPU temperature (celsius): socket 0: 46 socket 1: 52[0m
EAR[1890052](hratio_solve_remaining_l30) at 2.60/1.00 in tcn175 MR[0] elapsed 289 sec.: [32mLoop time: 1.100s DC Power: [35m129.1W[32m DRAM power: 0.00W PCK power: 129.07W
	avg. CPUFreq: 0.00GHz avg. IMCFreq: 0.00GHz
	CPI: 0.520 VPI: 0.00, Mem. bwidth: 0.00GB/s GFLOPS: 0.00 I/O: 0.00MB/s No MPI  
	TPI 0.00 Cache miss rates: L1 0.03GB/s L2 0.00GB/s L3 0.00GB/s
	Total MPI calls 0
	IO DATA: rchar 754 wchar 568 syscr 44 syscw 20 read_bytes 0 write_bytes 65536
	Aggregated application's node CPU util.: 2352
	CPU temperature (celsius): socket 0: 46 socket 1: 52[0m
EAR[1890052](hratio_solve_remaining_l30) at 2.60/1.00 in tcn175 MR[0] elapsed 300 sec.: [32mLoop time: 1.100s DC Power: [35m129.1W[32m DRAM power: 0.00W PCK power: 129.10W
	avg. CPUFreq: 0.00GHz avg. IMCFreq: 0.00GHz
	CPI: 0.519 VPI: 0.00, Mem. bwidth: 0.00GB/s GFLOPS: 0.00 I/O: 0.00MB/s No MPI  
	TPI 0.00 Cache miss rates: L1 0.03GB/s L2 0.00GB/s L3 0.00GB/s
	Total MPI calls 0
	IO DATA: rchar 754 wchar 568 syscr 44 syscw 20 read_bytes 0 write_bytes 65536
	Aggregated application's node CPU util.: 2352
	CPU temperature (celsius): socket 0: 46 socket 1: 52[0m
EAR[1890052](hratio_solve_remaining_l30) at 2.60/1.00 in tcn175 MR[0] elapsed 311 sec.: [32mLoop time: 1.100s DC Power: [35m129.1W[32m DRAM power: 0.00W PCK power: 129.14W
	avg. CPUFreq: 0.00GHz avg. IMCFreq: 0.00GHz
	CPI: 0.520 VPI: 0.00, Mem. bwidth: 0.00GB/s GFLOPS: 0.00 I/O: 0.00MB/s No MPI  
	TPI 0.00 Cache miss rates: L1 0.02GB/s L2 0.00GB/s L3 0.00GB/s
	Total MPI calls 0
	IO DATA: rchar 754 wchar 568 syscr 44 syscw 20 read_bytes 0 write_bytes 65536
	Aggregated application's node CPU util.: 2352
	CPU temperature (celsius): socket 0: 46 socket 1: 52[0m
EAR[1890052](hratio_solve_remaining_l30) at 2.60/1.00 in tcn175 MR[0] elapsed 322 sec.: [32mLoop time: 1.100s DC Power: [35m129.2W[32m DRAM power: 0.00W PCK power: 129.19W
	avg. CPUFreq: 0.00GHz avg. IMCFreq: 0.00GHz
	CPI: 0.520 VPI: 0.00, Mem. bwidth: 0.00GB/s GFLOPS: 0.00 I/O: 0.00MB/s No MPI  
	TPI 0.00 Cache miss rates: L1 0.02GB/s L2 0.00GB/s L3 0.00GB/s
	Total MPI calls 0
	IO DATA: rchar 754 wchar 568 syscr 44 syscw 20 read_bytes 0 write_bytes 65536
	Aggregated application's node CPU util.: 2351
	CPU temperature (celsius): socket 0: 46 socket 1: 52[0m
EAR[1890052](hratio_solve_remaining_l30) at 2.60/1.00 in tcn175 MR[0] elapsed 333 sec.: [32mLoop time: 1.100s DC Power: [35m129.2W[32m DRAM power: 0.00W PCK power: 129.19W
	avg. CPUFreq: 0.00GHz avg. IMCFreq: 0.00GHz
	CPI: 0.520 VPI: 0.00, Mem. bwidth: 0.00GB/s GFLOPS: 0.00 I/O: 0.00MB/s No MPI  
	TPI 0.00 Cache miss rates: L1 0.02GB/s L2 0.00GB/s L3 0.00GB/s
	Total MPI calls 0
	IO DATA: rchar 754 wchar 568 syscr 44 syscw 20 read_bytes 0 write_bytes 69632
	Aggregated application's node CPU util.: 2352
	CPU temperature (celsius): socket 0: 46 socket 1: 52[0m
EAR[1890052](hratio_solve_remaining_l30) at 2.60/1.00 in tcn175 MR[0] elapsed 344 sec.: [32mLoop time: 1.100s DC Power: [35m129.2W[32m DRAM power: 0.00W PCK power: 129.23W
	avg. CPUFreq: 0.00GHz avg. IMCFreq: 0.00GHz
	CPI: 0.519 VPI: 0.00, Mem. bwidth: 0.00GB/s GFLOPS: 0.00 I/O: 0.00MB/s No MPI  
	TPI 0.00 Cache miss rates: L1 0.03GB/s L2 0.00GB/s L3 0.00GB/s
	Total MPI calls 0
	IO DATA: rchar 754 wchar 568 syscr 44 syscw 20 read_bytes 0 write_bytes 65536
	Aggregated application's node CPU util.: 2352
	CPU temperature (celsius): socket 0: 46 socket 1: 52[0m
EAR[1890052](hratio_solve_remaining_l30) at 2.60/1.00 in tcn175 MR[0] elapsed 355 sec.: [32mLoop time: 1.100s DC Power: [35m129.3W[32m DRAM power: 0.00W PCK power: 129.25W
	avg. CPUFreq: 0.00GHz avg. IMCFreq: 0.00GHz
	CPI: 0.519 VPI: 0.00, Mem. bwidth: 0.00GB/s GFLOPS: 0.00 I/O: 0.00MB/s No MPI  
	TPI 0.00 Cache miss rates: L1 0.02GB/s L2 0.00GB/s L3 0.00GB/s
	Total MPI calls 0
	IO DATA: rchar 754 wchar 568 syscr 44 syscw 20 read_bytes 0 write_bytes 65536
	Aggregated application's node CPU util.: 2352
	CPU temperature (celsius): socket 0: 46 socket 1: 52[0m
EAR[1890052](hratio_solve_remaining_l30) at 2.60/1.00 in tcn175 MR[0] elapsed 366 sec.: [32mLoop time: 1.100s DC Power: [35m129.3W[32m DRAM power: 0.00W PCK power: 129.26W
	avg. CPUFreq: 0.00GHz avg. IMCFreq: 0.00GHz
	CPI: 0.519 VPI: 0.00, Mem. bwidth: 0.00GB/s GFLOPS: 0.00 I/O: 0.00MB/s No MPI  
	TPI 0.00 Cache miss rates: L1 0.03GB/s L2 0.00GB/s L3 0.00GB/s
	Total MPI calls 0
	IO DATA: rchar 754 wchar 568 syscr 44 syscw 20 read_bytes 0 write_bytes 65536
	Aggregated application's node CPU util.: 2352
	CPU temperature (celsius): socket 0: 46 socket 1: 52[0m
EAR[1890052](hratio_solve_remaining_l30) at 2.60/1.00 in tcn175 MR[0] elapsed 377 sec.: [32mLoop time: 1.100s DC Power: [35m129.3W[32m DRAM power: 0.00W PCK power: 129.29W
	avg. CPUFreq: 0.00GHz avg. IMCFreq: 0.00GHz
	CPI: 0.519 VPI: 0.00, Mem. bwidth: 0.00GB/s GFLOPS: 0.00 I/O: 0.00MB/s No MPI  
	TPI 0.00 Cache miss rates: L1 0.03GB/s L2 0.00GB/s L3 0.00GB/s
	Total MPI calls 0
	IO DATA: rchar 754 wchar 568 syscr 44 syscw 20 read_bytes 0 write_bytes 65536
	Aggregated application's node CPU util.: 2352
	CPU temperature (celsius): socket 0: 46 socket 1: 52[0m
EAR[1890052](hratio_solve_remaining_l30) at 2.60/1.00 in tcn175 MR[0] elapsed 388 sec.: [32mLoop time: 1.100s DC Power: [35m129.3W[32m DRAM power: 0.00W PCK power: 129.28W
	avg. CPUFreq: 0.00GHz avg. IMCFreq: 0.00GHz
	CPI: 0.519 VPI: 0.00, Mem. bwidth: 0.00GB/s GFLOPS: 0.00 I/O: 0.00MB/s No MPI  
	TPI 0.00 Cache miss rates: L1 0.03GB/s L2 0.00GB/s L3 0.00GB/s
	Total MPI calls 0
	IO DATA: rchar 755 wchar 568 syscr 44 syscw 20 read_bytes 0 write_bytes 65536
	Aggregated application's node CPU util.: 2352
	CPU temperature (celsius): socket 0: 46 socket 1: 52[0m
EAR[1890052](hratio_solve_remaining_l30) at 2.60/1.00 in tcn175 MR[0] elapsed 399 sec.: [32mLoop time: 1.100s DC Power: [35m129.4W[32m DRAM power: 0.00W PCK power: 129.42W
	avg. CPUFreq: 0.00GHz avg. IMCFreq: 0.00GHz
	CPI: 0.519 VPI: 0.00, Mem. bwidth: 0.00GB/s GFLOPS: 0.00 I/O: 0.00MB/s No MPI  
	TPI 0.00 Cache miss rates: L1 0.03GB/s L2 0.00GB/s L3 0.00GB/s
	Total MPI calls 0
	IO DATA: rchar 755 wchar 568 syscr 44 syscw 20 read_bytes 0 write_bytes 69632
	Aggregated application's node CPU util.: 2352
	CPU temperature (celsius): socket 0: 46 socket 1: 52[0m
EAR[1890052](hratio_solve_remaining_l30) at 2.60/1.00 in tcn175 MR[0] elapsed 410 sec.: [32mLoop time: 1.100s DC Power: [35m129.5W[32m DRAM power: 0.00W PCK power: 129.52W
	avg. CPUFreq: 0.00GHz avg. IMCFreq: 0.00GHz
	CPI: 0.520 VPI: 0.00, Mem. bwidth: 0.00GB/s GFLOPS: 0.00 I/O: 0.00MB/s No MPI  
	TPI 0.00 Cache miss rates: L1 0.03GB/s L2 0.00GB/s L3 0.00GB/s
	Total MPI calls 0
	IO DATA: rchar 755 wchar 568 syscr 44 syscw 20 read_bytes 0 write_bytes 65536
	Aggregated application's node CPU util.: 2352
	CPU temperature (celsius): socket 0: 46 socket 1: 52[0m
EAR[1890052](hratio_solve_remaining_l30) at 2.60/1.00 in tcn175 MR[0] elapsed 421 sec.: [32mLoop time: 1.100s DC Power: [35m129.6W[32m DRAM power: 0.00W PCK power: 129.64W
	avg. CPUFreq: 0.00GHz avg. IMCFreq: 0.00GHz
	CPI: 0.519 VPI: 0.00, Mem. bwidth: 0.00GB/s GFLOPS: 0.00 I/O: 0.00MB/s No MPI  
	TPI 0.00 Cache miss rates: L1 0.03GB/s L2 0.00GB/s L3 0.00GB/s
	Total MPI calls 0
	IO DATA: rchar 755 wchar 568 syscr 44 syscw 20 read_bytes 0 write_bytes 65536
	Aggregated application's node CPU util.: 2352
	CPU temperature (celsius): socket 0: 46 socket 1: 52[0m
[2/24]	Finished my work in:	421.829260 us.
EAR[1890052](hratio_solve_remaining_l30) at 2.60/1.00 in tcn175 MR[0] elapsed 432 sec.: [32mLoop time: 1.100s DC Power: [35m129.7W[32m DRAM power: 0.00W PCK power: 129.72W
	avg. CPUFreq: 0.00GHz avg. IMCFreq: 0.00GHz
	CPI: 0.503 VPI: 0.00, Mem. bwidth: 0.00GB/s GFLOPS: 0.00 I/O: 0.00MB/s No MPI  
	TPI 0.00 Cache miss rates: L1 0.03GB/s L2 0.00GB/s L3 0.00GB/s
	Total MPI calls 0
	IO DATA: rchar 755 wchar 568 syscr 44 syscw 20 read_bytes 0 write_bytes 65536
	Aggregated application's node CPU util.: 2352
	CPU temperature (celsius): socket 0: 46 socket 1: 52[0m
EAR[1890052](hratio_solve_remaining_l30) at 2.60/1.00 in tcn175 MR[0] elapsed 443 sec.: [32mLoop time: 1.100s DC Power: [35m129.7W[32m DRAM power: 0.00W PCK power: 129.66W
	avg. CPUFreq: 0.00GHz avg. IMCFreq: 0.00GHz
	CPI: 0.501 VPI: 0.00, Mem. bwidth: 0.00GB/s GFLOPS: 0.00 I/O: 0.00MB/s No MPI  
	TPI 0.00 Cache miss rates: L1 0.03GB/s L2 0.00GB/s L3 0.00GB/s
	Total MPI calls 0
	IO DATA: rchar 755 wchar 568 syscr 44 syscw 20 read_bytes 0 write_bytes 65536
	Aggregated application's node CPU util.: 2352
	CPU temperature (celsius): socket 0: 46 socket 1: 52[0m
EAR[1890052](hratio_solve_remaining_l30) at 2.60/1.00 in tcn175 MR[0] elapsed 454 sec.: [32mLoop time: 1.100s DC Power: [35m129.7W[32m DRAM power: 0.00W PCK power: 129.72W
	avg. CPUFreq: 0.00GHz avg. IMCFreq: 0.00GHz
	CPI: 0.501 VPI: 0.00, Mem. bwidth: 0.00GB/s GFLOPS: 0.00 I/O: 0.00MB/s No MPI  
	TPI 0.00 Cache miss rates: L1 0.03GB/s L2 0.00GB/s L3 0.00GB/s
	Total MPI calls 0
	IO DATA: rchar 755 wchar 568 syscr 44 syscw 20 read_bytes 0 write_bytes 65536
	Aggregated application's node CPU util.: 2352
	CPU temperature (celsius): socket 0: 46 socket 1: 52[0m
EAR[1890052](hratio_solve_remaining_l30) at 2.60/1.00 in tcn175 MR[0] elapsed 465 sec.: [32mLoop time: 1.100s DC Power: [35m129.7W[32m DRAM power: 0.00W PCK power: 129.66W
	avg. CPUFreq: 0.00GHz avg. IMCFreq: 0.00GHz
	CPI: 0.502 VPI: 0.00, Mem. bwidth: 0.00GB/s GFLOPS: 0.00 I/O: 0.00MB/s No MPI  
	TPI 0.00 Cache miss rates: L1 0.03GB/s L2 0.00GB/s L3 0.00GB/s
	Total MPI calls 0
	IO DATA: rchar 755 wchar 568 syscr 44 syscw 20 read_bytes 0 write_bytes 69632
	Aggregated application's node CPU util.: 2352
	CPU temperature (celsius): socket 0: 46 socket 1: 52[0m
EAR[1890052](hratio_solve_remaining_l30) at 2.60/1.00 in tcn175 MR[0] elapsed 476 sec.: [32mLoop time: 1.100s DC Power: [35m129.6W[32m DRAM power: 0.00W PCK power: 129.60W
	avg. CPUFreq: 0.00GHz avg. IMCFreq: 0.00GHz
	CPI: 0.501 VPI: 0.00, Mem. bwidth: 0.00GB/s GFLOPS: 0.00 I/O: 0.00MB/s No MPI  
	TPI 0.00 Cache miss rates: L1 0.02GB/s L2 0.00GB/s L3 0.00GB/s
	Total MPI calls 0
	IO DATA: rchar 755 wchar 568 syscr 44 syscw 20 read_bytes 0 write_bytes 65536
	Aggregated application's node CPU util.: 2352
	CPU temperature (celsius): socket 0: 46 socket 1: 52[0m
EAR[1890052](hratio_solve_remaining_l30) at 2.60/1.00 in tcn175 MR[0] elapsed 487 sec.: [32mLoop time: 1.100s DC Power: [35m129.6W[32m DRAM power: 0.00W PCK power: 129.58W
	avg. CPUFreq: 0.00GHz avg. IMCFreq: 0.00GHz
	CPI: 0.502 VPI: 0.00, Mem. bwidth: 0.00GB/s GFLOPS: 0.00 I/O: 0.00MB/s No MPI  
	TPI 0.00 Cache miss rates: L1 0.02GB/s L2 0.00GB/s L3 0.00GB/s
	Total MPI calls 0
	IO DATA: rchar 755 wchar 568 syscr 44 syscw 20 read_bytes 0 write_bytes 65536
	Aggregated application's node CPU util.: 2352
	CPU temperature (celsius): socket 0: 46 socket 1: 52[0m
EAR[1890052](hratio_solve_remaining_l30) at 2.60/1.00 in tcn175 MR[0] elapsed 498 sec.: [32mLoop time: 1.100s DC Power: [35m129.5W[32m DRAM power: 0.00W PCK power: 129.53W
	avg. CPUFreq: 0.00GHz avg. IMCFreq: 0.00GHz
	CPI: 0.501 VPI: 0.00, Mem. bwidth: 0.00GB/s GFLOPS: 0.00 I/O: 0.00MB/s No MPI  
	TPI 0.00 Cache miss rates: L1 0.02GB/s L2 0.00GB/s L3 0.00GB/s
	Total MPI calls 0
	IO DATA: rchar 755 wchar 568 syscr 44 syscw 20 read_bytes 0 write_bytes 65536
	Aggregated application's node CPU util.: 2352
	CPU temperature (celsius): socket 0: 46 socket 1: 53[0m
[18/24]	Finished my work in:	501.363768 us.
EAR[1890052](hratio_solve_remaining_l30) at 2.60/1.00 in tcn175 MR[0] elapsed 509 sec.: [32mLoop time: 1.100s DC Power: [35m129.6W[32m DRAM power: 0.00W PCK power: 129.63W
	avg. CPUFreq: 0.00GHz avg. IMCFreq: 0.00GHz
	CPI: 0.502 VPI: 0.00, Mem. bwidth: 0.00GB/s GFLOPS: 0.00 I/O: 0.00MB/s No MPI  
	TPI 0.00 Cache miss rates: L1 0.02GB/s L2 0.00GB/s L3 0.00GB/s
	Total MPI calls 0
	IO DATA: rchar 755 wchar 568 syscr 44 syscw 20 read_bytes 0 write_bytes 65536
	Aggregated application's node CPU util.: 2352
	CPU temperature (celsius): socket 0: 46 socket 1: 52[0m
EAR[1890052](hratio_solve_remaining_l30) at 2.60/1.00 in tcn175 MR[0] elapsed 520 sec.: [32mLoop time: 1.100s DC Power: [35m129.6W[32m DRAM power: 0.00W PCK power: 129.58W
	avg. CPUFreq: 0.00GHz avg. IMCFreq: 0.00GHz
	CPI: 0.503 VPI: 0.00, Mem. bwidth: 0.00GB/s GFLOPS: 0.00 I/O: 0.00MB/s No MPI  
	TPI 0.00 Cache miss rates: L1 0.03GB/s L2 0.00GB/s L3 0.00GB/s
	Total MPI calls 0
	IO DATA: rchar 755 wchar 568 syscr 44 syscw 20 read_bytes 0 write_bytes 69632
	Aggregated application's node CPU util.: 2352
	CPU temperature (celsius): socket 0: 46 socket 1: 53[0m
[5/24]	Finished my work in:	526.335835 us.
EAR[1890052](hratio_solve_remaining_l30) at 2.60/1.00 in tcn175 MR[0] elapsed 531 sec.: [32mLoop time: 1.100s DC Power: [35m129.6W[32m DRAM power: 0.00W PCK power: 129.56W
	avg. CPUFreq: 0.00GHz avg. IMCFreq: 0.00GHz
	CPI: 0.495 VPI: 0.00, Mem. bwidth: 0.00GB/s GFLOPS: 0.00 I/O: 0.00MB/s No MPI  
	TPI 0.00 Cache miss rates: L1 0.02GB/s L2 0.00GB/s L3 0.00GB/s
	Total MPI calls 0
	IO DATA: rchar 755 wchar 568 syscr 44 syscw 20 read_bytes 0 write_bytes 90112
	Aggregated application's node CPU util.: 2352
	CPU temperature (celsius): socket 0: 46 socket 1: 52[0m
[22/24]	Finished my work in:	536.404944 us.
EAR[1890052](hratio_solve_remaining_l30) at 2.60/1.00 in tcn175 MR[0] elapsed 542 sec.: [32mLoop time: 1.100s DC Power: [35m129.5W[32m DRAM power: 0.00W PCK power: 129.52W
	avg. CPUFreq: 0.00GHz avg. IMCFreq: 0.00GHz
	CPI: 0.483 VPI: 0.00, Mem. bwidth: 0.00GB/s GFLOPS: 0.00 I/O: 0.00MB/s No MPI  
	TPI 0.00 Cache miss rates: L1 0.03GB/s L2 0.00GB/s L3 0.00GB/s
	Total MPI calls 0
	IO DATA: rchar 755 wchar 568 syscr 44 syscw 20 read_bytes 0 write_bytes 65536
	Aggregated application's node CPU util.: 2352
	CPU temperature (celsius): socket 0: 46 socket 1: 53[0m
EAR[1890052](hratio_solve_remaining_l30) at 2.60/1.00 in tcn175 MR[0] elapsed 553 sec.: [32mLoop time: 1.100s DC Power: [35m129.5W[32m DRAM power: 0.00W PCK power: 129.48W
	avg. CPUFreq: 0.00GHz avg. IMCFreq: 0.00GHz
	CPI: 0.479 VPI: 0.00, Mem. bwidth: 0.00GB/s GFLOPS: 0.00 I/O: 0.00MB/s No MPI  
	TPI 0.00 Cache miss rates: L1 0.02GB/s L2 0.00GB/s L3 0.00GB/s
	Total MPI calls 0
	IO DATA: rchar 755 wchar 568 syscr 44 syscw 20 read_bytes 0 write_bytes 65536
	Aggregated application's node CPU util.: 2352
	CPU temperature (celsius): socket 0: 46 socket 1: 53[0m
EAR[1890052](hratio_solve_remaining_l30) at 2.60/1.00 in tcn175 MR[0] elapsed 564 sec.: [32mLoop time: 1.100s DC Power: [35m129.5W[32m DRAM power: 0.00W PCK power: 129.47W
	avg. CPUFreq: 0.00GHz avg. IMCFreq: 0.00GHz
	CPI: 0.479 VPI: 0.00, Mem. bwidth: 0.00GB/s GFLOPS: 0.00 I/O: 0.00MB/s No MPI  
	TPI 0.00 Cache miss rates: L1 0.02GB/s L2 0.00GB/s L3 0.00GB/s
	Total MPI calls 0
	IO DATA: rchar 755 wchar 568 syscr 44 syscw 20 read_bytes 0 write_bytes 69632
	Aggregated application's node CPU util.: 2352
	CPU temperature (celsius): socket 0: 47 socket 1: 53[0m
[1/24]	Finished my work in:	573.476825 us.
EAR[1890052](hratio_solve_remaining_l30) at 2.60/1.00 in tcn175 MR[0] elapsed 575 sec.: [32mLoop time: 1.100s DC Power: [35m129.6W[32m DRAM power: 0.00W PCK power: 129.58W
	avg. CPUFreq: 0.00GHz avg. IMCFreq: 0.00GHz
	CPI: 0.478 VPI: 0.00, Mem. bwidth: 0.00GB/s GFLOPS: 0.00 I/O: 0.00MB/s No MPI  
	TPI 0.00 Cache miss rates: L1 0.02GB/s L2 0.00GB/s L3 0.00GB/s
	Total MPI calls 0
	IO DATA: rchar 1455 wchar 1638 syscr 48 syscw 85 read_bytes 0 write_bytes 65536
	Aggregated application's node CPU util.: 2352
	CPU temperature (celsius): socket 0: 47 socket 1: 53[0m
[3/24]	Finished my work in:	576.431553 us.
[10/24]	Finished my work in:	582.133761 us.
EAR[1890052](hratio_solve_remaining_l30) at 2.60/1.00 in tcn175 MR[0] elapsed 586 sec.: [32mLoop time: 1.100s DC Power: [35m129.5W[32m DRAM power: 0.00W PCK power: 129.53W
	avg. CPUFreq: 0.00GHz avg. IMCFreq: 0.00GHz
	CPI: 0.450 VPI: 0.00, Mem. bwidth: 0.00GB/s GFLOPS: 0.00 I/O: 0.00MB/s No MPI  
	TPI 0.00 Cache miss rates: L1 0.02GB/s L2 0.00GB/s L3 0.00GB/s
	Total MPI calls 0
	IO DATA: rchar 755 wchar 570 syscr 44 syscw 20 read_bytes 0 write_bytes 69632
	Aggregated application's node CPU util.: 2352
	CPU temperature (celsius): socket 0: 47 socket 1: 53[0m
[16/24]	Finished my work in:	597.019751 us.
EAR[1890052](hratio_solve_remaining_l30) at 2.60/1.00 in tcn175 MR[0] elapsed 597 sec.: [32mLoop time: 1.100s DC Power: [35m129.5W[32m DRAM power: 0.00W PCK power: 129.50W
	avg. CPUFreq: 0.00GHz avg. IMCFreq: 0.00GHz
	CPI: 0.443 VPI: 0.00, Mem. bwidth: 0.00GB/s GFLOPS: 0.00 I/O: 0.00MB/s No MPI  
	TPI 0.00 Cache miss rates: L1 0.02GB/s L2 0.00GB/s L3 0.00GB/s
	Total MPI calls 0
	IO DATA: rchar 755 wchar 568 syscr 44 syscw 20 read_bytes 0 write_bytes 65536
	Aggregated application's node CPU util.: 2352
	CPU temperature (celsius): socket 0: 47 socket 1: 53[0m
EAR[1890052](hratio_solve_remaining_l30) at 2.60/1.00 in tcn175 MR[0] elapsed 608 sec.: [32mLoop time: 1.100s DC Power: [35m129.5W[32m DRAM power: 0.00W PCK power: 129.48W
	avg. CPUFreq: 0.00GHz avg. IMCFreq: 0.00GHz
	CPI: 0.437 VPI: 0.00, Mem. bwidth: 0.00GB/s GFLOPS: 0.00 I/O: 0.00MB/s No MPI  
	TPI 0.00 Cache miss rates: L1 0.02GB/s L2 0.00GB/s L3 0.00GB/s
	Total MPI calls 0
	IO DATA: rchar 755 wchar 568 syscr 44 syscw 20 read_bytes 0 write_bytes 65536
	Aggregated application's node CPU util.: 2352
	CPU temperature (celsius): socket 0: 47 socket 1: 53[0m
EAR[1890052](hratio_solve_remaining_l30) at 2.60/1.00 in tcn175 MR[0] elapsed 619 sec.: [32mLoop time: 1.100s DC Power: [35m129.5W[32m DRAM power: 0.00W PCK power: 129.45W
	avg. CPUFreq: 0.00GHz avg. IMCFreq: 0.00GHz
	CPI: 0.437 VPI: 0.00, Mem. bwidth: 0.00GB/s GFLOPS: 0.00 I/O: 0.00MB/s No MPI  
	TPI 0.00 Cache miss rates: L1 0.02GB/s L2 0.00GB/s L3 0.00GB/s
	Total MPI calls 0
	IO DATA: rchar 755 wchar 568 syscr 44 syscw 20 read_bytes 0 write_bytes 65536
	Aggregated application's node CPU util.: 2351
	CPU temperature (celsius): socket 0: 47 socket 1: 53[0m
EAR[1890052](hratio_solve_remaining_l30) at 2.60/1.00 in tcn175 MR[0] elapsed 630 sec.: [32mLoop time: 1.100s DC Power: [35m129.7W[32m DRAM power: 0.00W PCK power: 129.68W
	avg. CPUFreq: 0.00GHz avg. IMCFreq: 0.00GHz
	CPI: 0.437 VPI: 0.00, Mem. bwidth: 0.00GB/s GFLOPS: 0.00 I/O: 0.00MB/s No MPI  
	TPI 0.00 Cache miss rates: L1 0.02GB/s L2 0.00GB/s L3 0.00GB/s
	Total MPI calls 0
	IO DATA: rchar 755 wchar 568 syscr 44 syscw 20 read_bytes 0 write_bytes 69632
	Aggregated application's node CPU util.: 2352
	CPU temperature (celsius): socket 0: 47 socket 1: 53[0m
EAR[1890052](hratio_solve_remaining_l30) at 2.60/1.00 in tcn175 MR[0] elapsed 641 sec.: [32mLoop time: 1.100s DC Power: [35m129.6W[32m DRAM power: 0.00W PCK power: 129.64W
	avg. CPUFreq: 0.00GHz avg. IMCFreq: 0.00GHz
	CPI: 0.437 VPI: 0.00, Mem. bwidth: 0.00GB/s GFLOPS: 0.00 I/O: 0.00MB/s No MPI  
	TPI 0.00 Cache miss rates: L1 0.02GB/s L2 0.00GB/s L3 0.00GB/s
	Total MPI calls 0
	IO DATA: rchar 755 wchar 568 syscr 44 syscw 20 read_bytes 0 write_bytes 65536
	Aggregated application's node CPU util.: 2352
	CPU temperature (celsius): socket 0: 47 socket 1: 53[0m
EAR[1890052](hratio_solve_remaining_l30) at 2.60/1.00 in tcn175 MR[0] elapsed 652 sec.: [32mLoop time: 1.100s DC Power: [35m129.6W[32m DRAM power: 0.00W PCK power: 129.59W
	avg. CPUFreq: 0.00GHz avg. IMCFreq: 0.00GHz
	CPI: 0.437 VPI: 0.00, Mem. bwidth: 0.00GB/s GFLOPS: 0.00 I/O: 0.00MB/s No MPI  
	TPI 0.00 Cache miss rates: L1 0.02GB/s L2 0.00GB/s L3 0.00GB/s
	Total MPI calls 0
	IO DATA: rchar 755 wchar 568 syscr 44 syscw 20 read_bytes 0 write_bytes 69632
	Aggregated application's node CPU util.: 2352
	CPU temperature (celsius): socket 0: 47 socket 1: 53[0m
EAR[1890052](hratio_solve_remaining_l30) at 2.60/1.00 in tcn175 MR[0] elapsed 663 sec.: [32mLoop time: 1.100s DC Power: [35m129.6W[32m DRAM power: 0.00W PCK power: 129.56W
	avg. CPUFreq: 0.00GHz avg. IMCFreq: 0.00GHz
	CPI: 0.437 VPI: 0.00, Mem. bwidth: 0.00GB/s GFLOPS: 0.00 I/O: 0.00MB/s No MPI  
	TPI 0.00 Cache miss rates: L1 0.02GB/s L2 0.00GB/s L3 0.00GB/s
	Total MPI calls 0
	IO DATA: rchar 755 wchar 568 syscr 44 syscw 20 read_bytes 0 write_bytes 65536
	Aggregated application's node CPU util.: 2352
	CPU temperature (celsius): socket 0: 47 socket 1: 53[0m
EAR[1890052](hratio_solve_remaining_l30) at 2.60/1.00 in tcn175 MR[0] elapsed 674 sec.: [32mLoop time: 1.100s DC Power: [35m129.5W[32m DRAM power: 0.00W PCK power: 129.50W
	avg. CPUFreq: 0.00GHz avg. IMCFreq: 0.00GHz
	CPI: 0.437 VPI: 0.00, Mem. bwidth: 0.00GB/s GFLOPS: 0.00 I/O: 0.00MB/s No MPI  
	TPI 0.00 Cache miss rates: L1 0.02GB/s L2 0.00GB/s L3 0.00GB/s
	Total MPI calls 0
	IO DATA: rchar 755 wchar 568 syscr 44 syscw 20 read_bytes 0 write_bytes 69632
	Aggregated application's node CPU util.: 2352
	CPU temperature (celsius): socket 0: 47 socket 1: 53[0m
EAR[1890052](hratio_solve_remaining_l30) at 2.60/1.00 in tcn175 MR[0] elapsed 685 sec.: [32mLoop time: 1.100s DC Power: [35m129.5W[32m DRAM power: 0.00W PCK power: 129.47W
	avg. CPUFreq: 0.00GHz avg. IMCFreq: 0.00GHz
	CPI: 0.437 VPI: 0.00, Mem. bwidth: 0.00GB/s GFLOPS: 0.00 I/O: 0.00MB/s No MPI  
	TPI 0.00 Cache miss rates: L1 0.02GB/s L2 0.00GB/s L3 0.00GB/s
	Total MPI calls 0
	IO DATA: rchar 755 wchar 568 syscr 44 syscw 20 read_bytes 0 write_bytes 65536
	Aggregated application's node CPU util.: 2353
	CPU temperature (celsius): socket 0: 47 socket 1: 53[0m
EAR[1890052](hratio_solve_remaining_l30) at 2.60/1.00 in tcn175 MR[0] elapsed 696 sec.: [32mLoop time: 1.100s DC Power: [35m129.8W[32m DRAM power: 0.00W PCK power: 129.80W
	avg. CPUFreq: 0.00GHz avg. IMCFreq: 0.00GHz
	CPI: 0.437 VPI: 0.00, Mem. bwidth: 0.00GB/s GFLOPS: 0.00 I/O: 0.00MB/s No MPI  
	TPI 0.00 Cache miss rates: L1 0.02GB/s L2 0.00GB/s L3 0.00GB/s
	Total MPI calls 0
	IO DATA: rchar 755 wchar 568 syscr 44 syscw 20 read_bytes 0 write_bytes 65536
	Aggregated application's node CPU util.: 2352
	CPU temperature (celsius): socket 0: 47 socket 1: 53[0m
EAR[1890052](hratio_solve_remaining_l30) at 2.60/1.00 in tcn175 MR[0] elapsed 707 sec.: [32mLoop time: 1.100s DC Power: [35m129.8W[32m DRAM power: 0.00W PCK power: 129.76W
	avg. CPUFreq: 0.00GHz avg. IMCFreq: 0.00GHz
	CPI: 0.437 VPI: 0.00, Mem. bwidth: 0.00GB/s GFLOPS: 0.00 I/O: 0.00MB/s No MPI  
	TPI 0.00 Cache miss rates: L1 0.02GB/s L2 0.00GB/s L3 0.00GB/s
	Total MPI calls 0
	IO DATA: rchar 755 wchar 568 syscr 44 syscw 20 read_bytes 0 write_bytes 65536
	Aggregated application's node CPU util.: 2352
	CPU temperature (celsius): socket 0: 47 socket 1: 53[0m
EAR[1890052](hratio_solve_remaining_l30) at 2.60/1.00 in tcn175 MR[0] elapsed 718 sec.: [32mLoop time: 1.100s DC Power: [35m129.7W[32m DRAM power: 0.00W PCK power: 129.68W
	avg. CPUFreq: 0.00GHz avg. IMCFreq: 0.00GHz
	CPI: 0.437 VPI: 0.00, Mem. bwidth: 0.00GB/s GFLOPS: 0.00 I/O: 0.00MB/s No MPI  
	TPI 0.00 Cache miss rates: L1 0.02GB/s L2 0.00GB/s L3 0.00GB/s
	Total MPI calls 0
	IO DATA: rchar 755 wchar 568 syscr 44 syscw 20 read_bytes 0 write_bytes 69632
	Aggregated application's node CPU util.: 2352
	CPU temperature (celsius): socket 0: 47 socket 1: 53[0m
[19/24]	Finished my work in:	719.729167 us.
EAR[1890052](hratio_solve_remaining_l30) at 2.60/1.00 in tcn175 MR[0] elapsed 729 sec.: [32mLoop time: 1.100s DC Power: [35m129.6W[32m DRAM power: 0.00W PCK power: 129.60W
	avg. CPUFreq: 0.00GHz avg. IMCFreq: 0.00GHz
	CPI: 0.437 VPI: 0.00, Mem. bwidth: 0.00GB/s GFLOPS: 0.00 I/O: 0.00MB/s No MPI  
	TPI 0.00 Cache miss rates: L1 0.02GB/s L2 0.00GB/s L3 0.00GB/s
	Total MPI calls 0
	IO DATA: rchar 755 wchar 568 syscr 44 syscw 20 read_bytes 0 write_bytes 65536
	Aggregated application's node CPU util.: 2353
	CPU temperature (celsius): socket 0: 47 socket 1: 53[0m
[9/24]	Finished my work in:	731.183936 us.
EAR[1890052](hratio_solve_remaining_l30) at 2.60/1.00 in tcn175 MR[0] elapsed 740 sec.: [32mLoop time: 1.100s DC Power: [35m129.6W[32m DRAM power: 0.00W PCK power: 129.57W
	avg. CPUFreq: 0.00GHz avg. IMCFreq: 0.00GHz
	CPI: 0.432 VPI: 0.00, Mem. bwidth: 0.00GB/s GFLOPS: 0.00 I/O: 0.00MB/s No MPI  
	TPI 0.00 Cache miss rates: L1 0.02GB/s L2 0.00GB/s L3 0.00GB/s
	Total MPI calls 0
	IO DATA: rchar 755 wchar 568 syscr 44 syscw 20 read_bytes 0 write_bytes 69632
	Aggregated application's node CPU util.: 2352
	CPU temperature (celsius): socket 0: 47 socket 1: 53[0m
EAR[1890052](hratio_solve_remaining_l30) at 2.60/1.00 in tcn175 MR[0] elapsed 751 sec.: [32mLoop time: 1.100s DC Power: [35m129.7W[32m DRAM power: 0.00W PCK power: 129.68W
	avg. CPUFreq: 0.00GHz avg. IMCFreq: 0.00GHz
	CPI: 0.431 VPI: 0.00, Mem. bwidth: 0.00GB/s GFLOPS: 0.00 I/O: 0.00MB/s No MPI  
	TPI 0.00 Cache miss rates: L1 0.02GB/s L2 0.00GB/s L3 0.00GB/s
	Total MPI calls 0
	IO DATA: rchar 755 wchar 568 syscr 44 syscw 20 read_bytes 0 write_bytes 65536
	Aggregated application's node CPU util.: 2352
	CPU temperature (celsius): socket 0: 47 socket 1: 53[0m
EAR[1890052](hratio_solve_remaining_l30) at 2.60/1.00 in tcn175 MR[0] elapsed 762 sec.: [32mLoop time: 1.100s DC Power: [35m129.6W[32m DRAM power: 0.00W PCK power: 129.61W
	avg. CPUFreq: 0.00GHz avg. IMCFreq: 0.00GHz
	CPI: 0.431 VPI: 0.00, Mem. bwidth: 0.00GB/s GFLOPS: 0.00 I/O: 0.00MB/s No MPI  
	TPI 0.00 Cache miss rates: L1 0.02GB/s L2 0.00GB/s L3 0.00GB/s
	Total MPI calls 0
	IO DATA: rchar 755 wchar 568 syscr 44 syscw 20 read_bytes 0 write_bytes 65536
	Aggregated application's node CPU util.: 2352
	CPU temperature (celsius): socket 0: 47 socket 1: 53[0m
EAR[1890052](hratio_solve_remaining_l30) at 2.60/1.00 in tcn175 MR[0] elapsed 773 sec.: [32mLoop time: 1.100s DC Power: [35m129.6W[32m DRAM power: 0.00W PCK power: 129.57W
	avg. CPUFreq: 0.00GHz avg. IMCFreq: 0.00GHz
	CPI: 0.431 VPI: 0.00, Mem. bwidth: 0.00GB/s GFLOPS: 0.00 I/O: 0.00MB/s No MPI  
	TPI 0.00 Cache miss rates: L1 0.02GB/s L2 0.00GB/s L3 0.00GB/s
	Total MPI calls 0
	IO DATA: rchar 755 wchar 568 syscr 44 syscw 20 read_bytes 0 write_bytes 65536
	Aggregated application's node CPU util.: 2352
	CPU temperature (celsius): socket 0: 47 socket 1: 53[0m
EAR[1890052](hratio_solve_remaining_l30) at 2.60/1.00 in tcn175 MR[0] elapsed 784 sec.: [32mLoop time: 1.100s DC Power: [35m129.5W[32m DRAM power: 0.00W PCK power: 129.54W
	avg. CPUFreq: 0.00GHz avg. IMCFreq: 0.00GHz
	CPI: 0.431 VPI: 0.00, Mem. bwidth: 0.00GB/s GFLOPS: 0.00 I/O: 0.00MB/s No MPI  
	TPI 0.00 Cache miss rates: L1 0.02GB/s L2 0.00GB/s L3 0.00GB/s
	Total MPI calls 0
	IO DATA: rchar 755 wchar 568 syscr 44 syscw 20 read_bytes 0 write_bytes 69632
	Aggregated application's node CPU util.: 2352
	CPU temperature (celsius): socket 0: 47 socket 1: 53[0m
EAR[1890052](hratio_solve_remaining_l30) at 2.60/1.00 in tcn175 MR[0] elapsed 795 sec.: [32mLoop time: 1.100s DC Power: [35m129.5W[32m DRAM power: 0.00W PCK power: 129.50W
	avg. CPUFreq: 0.00GHz avg. IMCFreq: 0.00GHz
	CPI: 0.430 VPI: 0.00, Mem. bwidth: 0.00GB/s GFLOPS: 0.00 I/O: 0.00MB/s No MPI  
	TPI 0.00 Cache miss rates: L1 0.02GB/s L2 0.00GB/s L3 0.00GB/s
	Total MPI calls 0
	IO DATA: rchar 755 wchar 568 syscr 44 syscw 20 read_bytes 0 write_bytes 65536
	Aggregated application's node CPU util.: 2352
	CPU temperature (celsius): socket 0: 47 socket 1: 53[0m
EAR[1890052](hratio_solve_remaining_l30) at 2.60/1.00 in tcn175 MR[0] elapsed 806 sec.: [32mLoop time: 1.100s DC Power: [35m129.5W[32m DRAM power: 0.00W PCK power: 129.49W
	avg. CPUFreq: 0.00GHz avg. IMCFreq: 0.00GHz
	CPI: 0.431 VPI: 0.00, Mem. bwidth: 0.00GB/s GFLOPS: 0.00 I/O: 0.00MB/s No MPI  
	TPI 0.00 Cache miss rates: L1 0.02GB/s L2 0.00GB/s L3 0.00GB/s
	Total MPI calls 0
	IO DATA: rchar 755 wchar 568 syscr 44 syscw 20 read_bytes 0 write_bytes 69632
	Aggregated application's node CPU util.: 2352
	CPU temperature (celsius): socket 0: 47 socket 1: 53[0m
EAR[1890052](hratio_solve_remaining_l30) at 2.60/1.00 in tcn175 MR[0] elapsed 817 sec.: [32mLoop time: 1.100s DC Power: [35m129.6W[32m DRAM power: 0.00W PCK power: 129.56W
	avg. CPUFreq: 0.00GHz avg. IMCFreq: 0.00GHz
	CPI: 0.430 VPI: 0.00, Mem. bwidth: 0.00GB/s GFLOPS: 0.00 I/O: 0.00MB/s No MPI  
	TPI 0.00 Cache miss rates: L1 0.02GB/s L2 0.00GB/s L3 0.00GB/s
	Total MPI calls 0
	IO DATA: rchar 755 wchar 568 syscr 44 syscw 20 read_bytes 0 write_bytes 65536
	Aggregated application's node CPU util.: 2352
	CPU temperature (celsius): socket 0: 47 socket 1: 53[0m
EAR[1890052](hratio_solve_remaining_l30) at 2.60/1.00 in tcn175 MR[0] elapsed 828 sec.: [32mLoop time: 1.100s DC Power: [35m129.6W[32m DRAM power: 0.00W PCK power: 129.56W
	avg. CPUFreq: 0.00GHz avg. IMCFreq: 0.00GHz
	CPI: 0.431 VPI: 0.00, Mem. bwidth: 0.00GB/s GFLOPS: 0.00 I/O: 0.00MB/s No MPI  
	TPI 0.00 Cache miss rates: L1 0.02GB/s L2 0.00GB/s L3 0.00GB/s
	Total MPI calls 0
	IO DATA: rchar 755 wchar 568 syscr 44 syscw 20 read_bytes 0 write_bytes 69632
	Aggregated application's node CPU util.: 2352
	CPU temperature (celsius): socket 0: 47 socket 1: 53[0m
EAR[1890052](hratio_solve_remaining_l30) at 2.60/1.00 in tcn175 MR[0] elapsed 839 sec.: [32mLoop time: 1.100s DC Power: [35m129.5W[32m DRAM power: 0.00W PCK power: 129.50W
	avg. CPUFreq: 0.00GHz avg. IMCFreq: 0.00GHz
	CPI: 0.431 VPI: 0.00, Mem. bwidth: 0.00GB/s GFLOPS: 0.00 I/O: 0.00MB/s No MPI  
	TPI 0.00 Cache miss rates: L1 0.02GB/s L2 0.00GB/s L3 0.00GB/s
	Total MPI calls 0
	IO DATA: rchar 755 wchar 568 syscr 44 syscw 20 read_bytes 0 write_bytes 65536
	Aggregated application's node CPU util.: 2352
	CPU temperature (celsius): socket 0: 47 socket 1: 53[0m
EAR[1890052](hratio_solve_remaining_l30) at 2.60/1.00 in tcn175 MR[0] elapsed 850 sec.: [32mLoop time: 1.100s DC Power: [35m129.5W[32m DRAM power: 0.00W PCK power: 129.49W
	avg. CPUFreq: 0.00GHz avg. IMCFreq: 0.00GHz
	CPI: 0.431 VPI: 0.00, Mem. bwidth: 0.00GB/s GFLOPS: 0.00 I/O: 0.00MB/s No MPI  
	TPI 0.00 Cache miss rates: L1 0.02GB/s L2 0.00GB/s L3 0.00GB/s
	Total MPI calls 0
	IO DATA: rchar 755 wchar 568 syscr 44 syscw 20 read_bytes 0 write_bytes 69632
	Aggregated application's node CPU util.: 2352
	CPU temperature (celsius): socket 0: 47 socket 1: 53[0m
EAR[1890052](hratio_solve_remaining_l30) at 2.60/1.00 in tcn175 MR[0] elapsed 861 sec.: [32mLoop time: 1.100s DC Power: [35m129.5W[32m DRAM power: 0.00W PCK power: 129.45W
	avg. CPUFreq: 0.00GHz avg. IMCFreq: 0.00GHz
	CPI: 0.431 VPI: 0.00, Mem. bwidth: 0.00GB/s GFLOPS: 0.00 I/O: 0.00MB/s No MPI  
	TPI 0.00 Cache miss rates: L1 0.02GB/s L2 0.00GB/s L3 0.00GB/s
	Total MPI calls 0
	IO DATA: rchar 755 wchar 568 syscr 44 syscw 20 read_bytes 0 write_bytes 65536
	Aggregated application's node CPU util.: 2352
	CPU temperature (celsius): socket 0: 47 socket 1: 53[0m
EAR[1890052](hratio_solve_remaining_l30) at 2.60/1.00 in tcn175 MR[0] elapsed 872 sec.: [32mLoop time: 1.100s DC Power: [35m129.6W[32m DRAM power: 0.00W PCK power: 129.56W
	avg. CPUFreq: 0.00GHz avg. IMCFreq: 0.00GHz
	CPI: 0.431 VPI: 0.00, Mem. bwidth: 0.00GB/s GFLOPS: 0.00 I/O: 0.00MB/s No MPI  
	TPI 0.00 Cache miss rates: L1 0.02GB/s L2 0.00GB/s L3 0.00GB/s
	Total MPI calls 0
	IO DATA: rchar 755 wchar 568 syscr 44 syscw 20 read_bytes 0 write_bytes 69632
	Aggregated application's node CPU util.: 2352
	CPU temperature (celsius): socket 0: 47 socket 1: 53[0m
[15/24]	Finished my work in:	875.041139 us.
EAR[1890052](hratio_solve_remaining_l30) at 2.60/1.00 in tcn175 MR[0] elapsed 883 sec.: [32mLoop time: 1.100s DC Power: [35m129.5W[32m DRAM power: 0.00W PCK power: 129.54W
	avg. CPUFreq: 0.00GHz avg. IMCFreq: 0.00GHz
	CPI: 0.426 VPI: 0.00, Mem. bwidth: 0.00GB/s GFLOPS: 0.00 I/O: 0.00MB/s No MPI  
	TPI 0.00 Cache miss rates: L1 0.02GB/s L2 0.00GB/s L3 0.00GB/s
	Total MPI calls 0
	IO DATA: rchar 755 wchar 568 syscr 44 syscw 20 read_bytes 0 write_bytes 65536
	Aggregated application's node CPU util.: 2352
	CPU temperature (celsius): socket 0: 47 socket 1: 53[0m
EAR[1890052](hratio_solve_remaining_l30) at 2.60/1.00 in tcn175 MR[0] elapsed 894 sec.: [32mLoop time: 1.100s DC Power: [35m129.5W[32m DRAM power: 0.00W PCK power: 129.49W
	avg. CPUFreq: 0.00GHz avg. IMCFreq: 0.00GHz
	CPI: 0.424 VPI: 0.00, Mem. bwidth: 0.00GB/s GFLOPS: 0.00 I/O: 0.00MB/s No MPI  
	TPI 0.00 Cache miss rates: L1 0.02GB/s L2 0.00GB/s L3 0.00GB/s
	Total MPI calls 0
	IO DATA: rchar 755 wchar 568 syscr 44 syscw 20 read_bytes 0 write_bytes 69632
	Aggregated application's node CPU util.: 2352
	CPU temperature (celsius): socket 0: 47 socket 1: 53[0m
EAR[1890052](hratio_solve_remaining_l30) at 2.60/1.00 in tcn175 MR[0] elapsed 905 sec.: [32mLoop time: 1.100s DC Power: [35m129.5W[32m DRAM power: 0.00W PCK power: 129.45W
	avg. CPUFreq: 0.00GHz avg. IMCFreq: 0.00GHz
	CPI: 0.424 VPI: 0.00, Mem. bwidth: 0.00GB/s GFLOPS: 0.00 I/O: 0.00MB/s No MPI  
	TPI 0.00 Cache miss rates: L1 0.02GB/s L2 0.00GB/s L3 0.00GB/s
	Total MPI calls 0
	IO DATA: rchar 755 wchar 568 syscr 44 syscw 20 read_bytes 0 write_bytes 65536
	Aggregated application's node CPU util.: 2353
	CPU temperature (celsius): socket 0: 47 socket 1: 53[0m
[17/24]	Finished my work in:	911.390245 us.
EAR[1890052](hratio_solve_remaining_l30) at 2.60/1.00 in tcn175 MR[0] elapsed 916 sec.: [32mLoop time: 1.100s DC Power: [35m129.6W[32m DRAM power: 0.00W PCK power: 129.57W
	avg. CPUFreq: 0.00GHz avg. IMCFreq: 0.00GHz
	CPI: 0.424 VPI: 0.00, Mem. bwidth: 0.00GB/s GFLOPS: 0.00 I/O: 0.00MB/s No MPI  
	TPI 0.00 Cache miss rates: L1 0.02GB/s L2 0.00GB/s L3 0.00GB/s
	Total MPI calls 0
	IO DATA: rchar 755 wchar 568 syscr 44 syscw 20 read_bytes 0 write_bytes 69632
	Aggregated application's node CPU util.: 2351
	CPU temperature (celsius): socket 0: 47 socket 1: 53[0m
EAR[1890052](hratio_solve_remaining_l30) at 2.60/1.00 in tcn175 MR[0] elapsed 927 sec.: [32mLoop time: 1.100s DC Power: [35m129.5W[32m DRAM power: 0.00W PCK power: 129.53W
	avg. CPUFreq: 0.00GHz avg. IMCFreq: 0.00GHz
	CPI: 0.425 VPI: 0.00, Mem. bwidth: 0.00GB/s GFLOPS: 0.00 I/O: 0.00MB/s No MPI  
	TPI 0.00 Cache miss rates: L1 0.01GB/s L2 0.00GB/s L3 0.00GB/s
	Total MPI calls 0
	IO DATA: rchar 755 wchar 568 syscr 44 syscw 20 read_bytes 0 write_bytes 69632
	Aggregated application's node CPU util.: 2352
	CPU temperature (celsius): socket 0: 47 socket 1: 53[0m
EAR[1890052](hratio_solve_remaining_l30) at 2.60/1.00 in tcn175 MR[0] elapsed 938 sec.: [32mLoop time: 1.100s DC Power: [35m129.6W[32m DRAM power: 0.00W PCK power: 129.62W
	avg. CPUFreq: 0.00GHz avg. IMCFreq: 0.00GHz
	CPI: 0.425 VPI: 0.00, Mem. bwidth: 0.00GB/s GFLOPS: 0.00 I/O: 0.00MB/s No MPI  
	TPI 0.00 Cache miss rates: L1 0.01GB/s L2 0.00GB/s L3 0.00GB/s
	Total MPI calls 0
	IO DATA: rchar 755 wchar 568 syscr 44 syscw 20 read_bytes 0 write_bytes 65536
	Aggregated application's node CPU util.: 2352
	CPU temperature (celsius): socket 0: 47 socket 1: 53[0m
EAR[1890052](hratio_solve_remaining_l30) at 2.60/1.00 in tcn175 MR[0] elapsed 949 sec.: [32mLoop time: 1.100s DC Power: [35m129.6W[32m DRAM power: 0.00W PCK power: 129.55W
	avg. CPUFreq: 0.00GHz avg. IMCFreq: 0.00GHz
	CPI: 0.425 VPI: 0.00, Mem. bwidth: 0.00GB/s GFLOPS: 0.00 I/O: 0.00MB/s No MPI  
	TPI 0.00 Cache miss rates: L1 0.00GB/s L2 0.00GB/s L3 0.00GB/s
	Total MPI calls 0
	IO DATA: rchar 755 wchar 568 syscr 44 syscw 20 read_bytes 0 write_bytes 69632
	Aggregated application's node CPU util.: 2352
	CPU temperature (celsius): socket 0: 47 socket 1: 53[0m
EAR[1890052](hratio_solve_remaining_l30) at 2.60/1.00 in tcn175 MR[0] elapsed 960 sec.: [32mLoop time: 1.100s DC Power: [35m129.5W[32m DRAM power: 0.00W PCK power: 129.52W
	avg. CPUFreq: 0.00GHz avg. IMCFreq: 0.00GHz
	CPI: 0.425 VPI: 0.00, Mem. bwidth: 0.00GB/s GFLOPS: 0.00 I/O: 0.00MB/s No MPI  
	TPI 0.00 Cache miss rates: L1 0.01GB/s L2 0.00GB/s L3 0.00GB/s
	Total MPI calls 0
	IO DATA: rchar 755 wchar 568 syscr 44 syscw 20 read_bytes 0 write_bytes 65536
	Aggregated application's node CPU util.: 2352
	CPU temperature (celsius): socket 0: 47 socket 1: 53[0m
EAR[1890052](hratio_solve_remaining_l30) at 2.60/1.00 in tcn175 MR[0] elapsed 971 sec.: [32mLoop time: 1.100s DC Power: [35m129.5W[32m DRAM power: 0.00W PCK power: 129.50W
	avg. CPUFreq: 0.00GHz avg. IMCFreq: 0.00GHz
	CPI: 0.425 VPI: 0.00, Mem. bwidth: 0.00GB/s GFLOPS: 0.00 I/O: 0.00MB/s No MPI  
	TPI 0.00 Cache miss rates: L1 0.01GB/s L2 0.00GB/s L3 0.00GB/s
	Total MPI calls 0
	IO DATA: rchar 755 wchar 568 syscr 44 syscw 20 read_bytes 0 write_bytes 69632
	Aggregated application's node CPU util.: 2352
	CPU temperature (celsius): socket 0: 47 socket 1: 54[0m
EAR[1890052](hratio_solve_remaining_l30) at 2.60/1.00 in tcn175 MR[0] elapsed 982 sec.: [32mLoop time: 1.100s DC Power: [35m129.5W[32m DRAM power: 0.00W PCK power: 129.47W
	avg. CPUFreq: 0.00GHz avg. IMCFreq: 0.00GHz
	CPI: 0.425 VPI: 0.00, Mem. bwidth: 0.00GB/s GFLOPS: 0.00 I/O: 0.00MB/s No MPI  
	TPI 0.00 Cache miss rates: L1 0.01GB/s L2 0.00GB/s L3 0.00GB/s
	Total MPI calls 0
	IO DATA: rchar 755 wchar 568 syscr 44 syscw 20 read_bytes 0 write_bytes 90112
	Aggregated application's node CPU util.: 2352
	CPU temperature (celsius): socket 0: 47 socket 1: 53[0m
EAR[1890052](hratio_solve_remaining_l30) at 2.60/1.00 in tcn175 MR[0] elapsed 993 sec.: [32mLoop time: 1.100s DC Power: [35m129.6W[32m DRAM power: 0.00W PCK power: 129.60W
	avg. CPUFreq: 0.00GHz avg. IMCFreq: 0.00GHz
	CPI: 0.425 VPI: 0.00, Mem. bwidth: 0.00GB/s GFLOPS: 0.00 I/O: 0.00MB/s No MPI  
	TPI 0.00 Cache miss rates: L1 0.01GB/s L2 0.00GB/s L3 0.00GB/s
	Total MPI calls 0
	IO DATA: rchar 755 wchar 568 syscr 44 syscw 20 read_bytes 0 write_bytes 65536
	Aggregated application's node CPU util.: 2352
	CPU temperature (celsius): socket 0: 47 socket 1: 53[0m
EAR[1890052](hratio_solve_remaining_l30) at 2.60/1.00 in tcn175 MR[0] elapsed 1004 sec.: [32mLoop time: 1.100s DC Power: [35m129.5W[32m DRAM power: 0.00W PCK power: 129.52W
	avg. CPUFreq: 0.00GHz avg. IMCFreq: 0.00GHz
	CPI: 0.424 VPI: 0.00, Mem. bwidth: 0.00GB/s GFLOPS: 0.00 I/O: 0.00MB/s No MPI  
	TPI 0.00 Cache miss rates: L1 0.00GB/s L2 0.00GB/s L3 0.00GB/s
	Total MPI calls 0
	IO DATA: rchar 755 wchar 568 syscr 44 syscw 20 read_bytes 0 write_bytes 69632
	Aggregated application's node CPU util.: 2352
	CPU temperature (celsius): socket 0: 47 socket 1: 53[0m
[8/24]	Finished my work in:	1015.186029 us.
EAR[1890052](hratio_solve_remaining_l30) at 2.60/1.00 in tcn175 MR[0] elapsed 1015 sec.: [32mLoop time: 1.100s DC Power: [35m129.5W[32m DRAM power: 0.00W PCK power: 129.52W
	avg. CPUFreq: 0.00GHz avg. IMCFreq: 0.00GHz
	CPI: 0.425 VPI: 0.00, Mem. bwidth: 0.00GB/s GFLOPS: 0.00 I/O: 0.00MB/s No MPI  
	TPI 0.00 Cache miss rates: L1 0.01GB/s L2 0.00GB/s L3 0.00GB/s
	Total MPI calls 0
	IO DATA: rchar 755 wchar 569 syscr 44 syscw 20 read_bytes 0 write_bytes 69632
	Aggregated application's node CPU util.: 2352
	CPU temperature (celsius): socket 0: 47 socket 1: 54[0m
EAR[1890052](hratio_solve_remaining_l30) at 2.60/1.00 in tcn175 MR[0] elapsed 1026 sec.: [32mLoop time: 1.100s DC Power: [35m129.5W[32m DRAM power: 0.00W PCK power: 129.46W
	avg. CPUFreq: 0.00GHz avg. IMCFreq: 0.00GHz
	CPI: 0.413 VPI: 0.00, Mem. bwidth: 0.00GB/s GFLOPS: 0.00 I/O: 0.00MB/s No MPI  
	TPI 0.00 Cache miss rates: L1 0.00GB/s L2 0.00GB/s L3 0.00GB/s
	Total MPI calls 0
	IO DATA: rchar 756 wchar 569 syscr 44 syscw 20 read_bytes 0 write_bytes 65536
	Aggregated application's node CPU util.: 2352
	CPU temperature (celsius): socket 0: 47 socket 1: 53[0m
EAR[1890052](hratio_solve_remaining_l30) at 2.60/1.00 in tcn175 MR[0] elapsed 1037 sec.: [32mLoop time: 1.100s DC Power: [35m129.5W[32m DRAM power: 0.00W PCK power: 129.47W
	avg. CPUFreq: 0.00GHz avg. IMCFreq: 0.00GHz
	CPI: 0.413 VPI: 0.00, Mem. bwidth: 0.00GB/s GFLOPS: 0.00 I/O: 0.00MB/s No MPI  
	TPI 0.00 Cache miss rates: L1 0.00GB/s L2 0.00GB/s L3 0.00GB/s
	Total MPI calls 0
	IO DATA: rchar 756 wchar 569 syscr 44 syscw 20 read_bytes 0 write_bytes 69632
	Aggregated application's node CPU util.: 2352
	CPU temperature (celsius): socket 0: 47 socket 1: 53[0m
EAR[1890052](hratio_solve_remaining_l30) at 2.60/1.00 in tcn175 MR[0] elapsed 1048 sec.: [32mLoop time: 1.100s DC Power: [35m129.4W[32m DRAM power: 0.00W PCK power: 129.44W
	avg. CPUFreq: 0.00GHz avg. IMCFreq: 0.00GHz
	CPI: 0.413 VPI: 0.00, Mem. bwidth: 0.00GB/s GFLOPS: 0.00 I/O: 0.00MB/s No MPI  
	TPI 0.00 Cache miss rates: L1 0.00GB/s L2 0.00GB/s L3 0.00GB/s
	Total MPI calls 0
	IO DATA: rchar 756 wchar 569 syscr 44 syscw 20 read_bytes 0 write_bytes 65536
	Aggregated application's node CPU util.: 2352
	CPU temperature (celsius): socket 0: 47 socket 1: 53[0m
EAR[1890052](hratio_solve_remaining_l30) at 2.60/1.00 in tcn175 MR[0] elapsed 1059 sec.: [32mLoop time: 1.100s DC Power: [35m129.5W[32m DRAM power: 0.00W PCK power: 129.52W
	avg. CPUFreq: 0.00GHz avg. IMCFreq: 0.00GHz
	CPI: 0.413 VPI: 0.00, Mem. bwidth: 0.00GB/s GFLOPS: 0.00 I/O: 0.00MB/s No MPI  
	TPI 0.00 Cache miss rates: L1 0.00GB/s L2 0.00GB/s L3 0.00GB/s
	Total MPI calls 0
	IO DATA: rchar 756 wchar 569 syscr 44 syscw 20 read_bytes 0 write_bytes 69632
	Aggregated application's node CPU util.: 2352
	CPU temperature (celsius): socket 0: 47 socket 1: 54[0m
EAR[1890052](hratio_solve_remaining_l30) at 2.60/1.00 in tcn175 MR[0] elapsed 1070 sec.: [32mLoop time: 1.100s DC Power: [35m129.5W[32m DRAM power: 0.00W PCK power: 129.49W
	avg. CPUFreq: 0.00GHz avg. IMCFreq: 0.00GHz
	CPI: 0.413 VPI: 0.00, Mem. bwidth: 0.00GB/s GFLOPS: 0.00 I/O: 0.00MB/s No MPI  
	TPI 0.00 Cache miss rates: L1 0.00GB/s L2 0.00GB/s L3 0.00GB/s
	Total MPI calls 0
	IO DATA: rchar 756 wchar 569 syscr 44 syscw 20 read_bytes 0 write_bytes 65536
	Aggregated application's node CPU util.: 2352
	CPU temperature (celsius): socket 0: 47 socket 1: 53[0m
EAR[1890052](hratio_solve_remaining_l30) at 2.60/1.00 in tcn175 MR[0] elapsed 1081 sec.: [32mLoop time: 1.100s DC Power: [35m129.5W[32m DRAM power: 0.00W PCK power: 129.47W
	avg. CPUFreq: 0.00GHz avg. IMCFreq: 0.00GHz
	CPI: 0.413 VPI: 0.00, Mem. bwidth: 0.00GB/s GFLOPS: 0.00 I/O: 0.00MB/s No MPI  
	TPI 0.00 Cache miss rates: L1 0.00GB/s L2 0.00GB/s L3 0.00GB/s
	Total MPI calls 0
	IO DATA: rchar 756 wchar 569 syscr 44 syscw 20 read_bytes 0 write_bytes 69632
	Aggregated application's node CPU util.: 2352
	CPU temperature (celsius): socket 0: 47 socket 1: 53[0m
EAR[1890052](hratio_solve_remaining_l30) at 2.60/1.00 in tcn175 MR[0] elapsed 1092 sec.: [32mLoop time: 1.100s DC Power: [35m129.5W[32m DRAM power: 0.00W PCK power: 129.47W
	avg. CPUFreq: 0.00GHz avg. IMCFreq: 0.00GHz
	CPI: 0.413 VPI: 0.00, Mem. bwidth: 0.00GB/s GFLOPS: 0.00 I/O: 0.00MB/s No MPI  
	TPI 0.00 Cache miss rates: L1 0.00GB/s L2 0.00GB/s L3 0.00GB/s
	Total MPI calls 0
	IO DATA: rchar 756 wchar 569 syscr 44 syscw 20 read_bytes 0 write_bytes 65536
	Aggregated application's node CPU util.: 2352
	CPU temperature (celsius): socket 0: 47 socket 1: 54[0m
EAR[1890052](hratio_solve_remaining_l30) at 2.60/1.00 in tcn175 MR[0] elapsed 1103 sec.: [32mLoop time: 1.100s DC Power: [35m129.4W[32m DRAM power: 0.00W PCK power: 129.44W
	avg. CPUFreq: 0.00GHz avg. IMCFreq: 0.00GHz
	CPI: 0.413 VPI: 0.00, Mem. bwidth: 0.00GB/s GFLOPS: 0.00 I/O: 0.00MB/s No MPI  
	TPI 0.00 Cache miss rates: L1 0.00GB/s L2 0.00GB/s L3 0.00GB/s
	Total MPI calls 0
	IO DATA: rchar 756 wchar 569 syscr 44 syscw 20 read_bytes 0 write_bytes 69632
	Aggregated application's node CPU util.: 2352
	CPU temperature (celsius): socket 0: 47 socket 1: 54[0m
EAR[1890052](hratio_solve_remaining_l30) at 2.60/1.00 in tcn175 MR[0] elapsed 1114 sec.: [32mLoop time: 1.100s DC Power: [35m129.5W[32m DRAM power: 0.00W PCK power: 129.54W
	avg. CPUFreq: 0.00GHz avg. IMCFreq: 0.00GHz
	CPI: 0.413 VPI: 0.00, Mem. bwidth: 0.00GB/s GFLOPS: 0.00 I/O: 0.00MB/s No MPI  
	TPI 0.00 Cache miss rates: L1 0.00GB/s L2 0.00GB/s L3 0.00GB/s
	Total MPI calls 0
	IO DATA: rchar 756 wchar 569 syscr 44 syscw 20 read_bytes 0 write_bytes 65536
	Aggregated application's node CPU util.: 2352
	CPU temperature (celsius): socket 0: 47 socket 1: 54[0m
EAR[1890052](hratio_solve_remaining_l30) at 2.60/1.00 in tcn175 MR[0] elapsed 1125 sec.: [32mLoop time: 1.100s DC Power: [35m129.5W[32m DRAM power: 0.00W PCK power: 129.50W
	avg. CPUFreq: 0.00GHz avg. IMCFreq: 0.00GHz
	CPI: 0.414 VPI: 0.00, Mem. bwidth: 0.00GB/s GFLOPS: 0.00 I/O: 0.00MB/s No MPI  
	TPI 0.00 Cache miss rates: L1 0.00GB/s L2 0.00GB/s L3 0.00GB/s
	Total MPI calls 0
	IO DATA: rchar 756 wchar 569 syscr 44 syscw 20 read_bytes 0 write_bytes 69632
	Aggregated application's node CPU util.: 2352
	CPU temperature (celsius): socket 0: 48 socket 1: 54[0m
EAR[1890052](hratio_solve_remaining_l30) at 2.60/1.00 in tcn175 MR[0] elapsed 1136 sec.: [32mLoop time: 1.100s DC Power: [35m129.5W[32m DRAM power: 0.00W PCK power: 129.48W
	avg. CPUFreq: 0.00GHz avg. IMCFreq: 0.00GHz
	CPI: 0.413 VPI: 0.00, Mem. bwidth: 0.00GB/s GFLOPS: 0.00 I/O: 0.00MB/s No MPI  
	TPI 0.00 Cache miss rates: L1 0.00GB/s L2 0.00GB/s L3 0.00GB/s
	Total MPI calls 0
	IO DATA: rchar 756 wchar 569 syscr 44 syscw 20 read_bytes 0 write_bytes 65536
	Aggregated application's node CPU util.: 2352
	CPU temperature (celsius): socket 0: 47 socket 1: 53[0m
EAR[1890052](hratio_solve_remaining_l30) at 2.60/1.00 in tcn175 MR[0] elapsed 1147 sec.: [32mLoop time: 1.100s DC Power: [35m129.5W[32m DRAM power: 0.00W PCK power: 129.45W
	avg. CPUFreq: 0.00GHz avg. IMCFreq: 0.00GHz
	CPI: 0.413 VPI: 0.00, Mem. bwidth: 0.00GB/s GFLOPS: 0.00 I/O: 0.00MB/s No MPI  
	TPI 0.00 Cache miss rates: L1 0.00GB/s L2 0.00GB/s L3 0.00GB/s
	Total MPI calls 0
	IO DATA: rchar 756 wchar 569 syscr 44 syscw 20 read_bytes 0 write_bytes 69632
	Aggregated application's node CPU util.: 2352
	CPU temperature (celsius): socket 0: 47 socket 1: 53[0m
EAR[1890052](hratio_solve_remaining_l30) at 2.60/1.00 in tcn175 MR[0] elapsed 1158 sec.: [32mLoop time: 1.100s DC Power: [35m129.4W[32m DRAM power: 0.00W PCK power: 129.44W
	avg. CPUFreq: 0.00GHz avg. IMCFreq: 0.00GHz
	CPI: 0.413 VPI: 0.00, Mem. bwidth: 0.00GB/s GFLOPS: 0.00 I/O: 0.00MB/s No MPI  
	TPI 0.00 Cache miss rates: L1 0.00GB/s L2 0.00GB/s L3 0.00GB/s
	Total MPI calls 0
	IO DATA: rchar 756 wchar 569 syscr 44 syscw 20 read_bytes 0 write_bytes 65536
	Aggregated application's node CPU util.: 2352
	CPU temperature (celsius): socket 0: 47 socket 1: 53[0m
EAR[1890052](hratio_solve_remaining_l30) at 2.60/1.00 in tcn175 MR[0] elapsed 1169 sec.: [32mLoop time: 1.100s DC Power: [35m129.5W[32m DRAM power: 0.00W PCK power: 129.54W
	avg. CPUFreq: 0.00GHz avg. IMCFreq: 0.00GHz
	CPI: 0.413 VPI: 0.00, Mem. bwidth: 0.00GB/s GFLOPS: 0.00 I/O: 0.00MB/s No MPI  
	TPI 0.00 Cache miss rates: L1 0.00GB/s L2 0.00GB/s L3 0.00GB/s
	Total MPI calls 0
	IO DATA: rchar 756 wchar 569 syscr 44 syscw 20 read_bytes 0 write_bytes 69632
	Aggregated application's node CPU util.: 2352
	CPU temperature (celsius): socket 0: 47 socket 1: 53[0m
EAR[1890052](hratio_solve_remaining_l30) at 2.60/1.00 in tcn175 MR[0] elapsed 1180 sec.: [32mLoop time: 1.100s DC Power: [35m129.5W[32m DRAM power: 0.00W PCK power: 129.53W
	avg. CPUFreq: 0.00GHz avg. IMCFreq: 0.00GHz
	CPI: 0.413 VPI: 0.00, Mem. bwidth: 0.00GB/s GFLOPS: 0.00 I/O: 0.00MB/s No MPI  
	TPI 0.00 Cache miss rates: L1 0.00GB/s L2 0.00GB/s L3 0.00GB/s
	Total MPI calls 0
	IO DATA: rchar 756 wchar 569 syscr 44 syscw 20 read_bytes 0 write_bytes 65536
	Aggregated application's node CPU util.: 2352
	CPU temperature (celsius): socket 0: 47 socket 1: 53[0m
EAR[1890052](hratio_solve_remaining_l30) at 2.60/1.00 in tcn175 MR[0] elapsed 1191 sec.: [32mLoop time: 1.100s DC Power: [35m129.5W[32m DRAM power: 0.00W PCK power: 129.49W
	avg. CPUFreq: 0.00GHz avg. IMCFreq: 0.00GHz
	CPI: 0.413 VPI: 0.00, Mem. bwidth: 0.00GB/s GFLOPS: 0.00 I/O: 0.00MB/s No MPI  
	TPI 0.00 Cache miss rates: L1 0.00GB/s L2 0.00GB/s L3 0.00GB/s
	Total MPI calls 0
	IO DATA: rchar 756 wchar 569 syscr 44 syscw 20 read_bytes 0 write_bytes 69632
	Aggregated application's node CPU util.: 2352
	CPU temperature (celsius): socket 0: 47 socket 1: 53[0m
[14/24]	Finished my work in:	1197.967423 us.
EAR[1890052](hratio_solve_remaining_l30) at 2.60/1.00 in tcn175 MR[0] elapsed 1202 sec.: [32mLoop time: 1.100s DC Power: [35m129.5W[32m DRAM power: 0.00W PCK power: 129.45W
	avg. CPUFreq: 0.00GHz avg. IMCFreq: 0.00GHz
	CPI: 0.411 VPI: 0.00, Mem. bwidth: 0.00GB/s GFLOPS: 0.00 I/O: 0.00MB/s No MPI  
	TPI 0.00 Cache miss rates: L1 0.00GB/s L2 0.00GB/s L3 0.00GB/s
	Total MPI calls 0
	IO DATA: rchar 756 wchar 569 syscr 44 syscw 20 read_bytes 0 write_bytes 65536
	Aggregated application's node CPU util.: 2352
	CPU temperature (celsius): socket 0: 47 socket 1: 53[0m
EAR[1890052](hratio_solve_remaining_l30) at 2.60/1.00 in tcn175 MR[0] elapsed 1213 sec.: [32mLoop time: 1.100s DC Power: [35m129.5W[32m DRAM power: 0.00W PCK power: 129.45W
	avg. CPUFreq: 0.00GHz avg. IMCFreq: 0.00GHz
	CPI: 0.408 VPI: 0.00, Mem. bwidth: 0.00GB/s GFLOPS: 0.00 I/O: 0.00MB/s No MPI  
	TPI 0.00 Cache miss rates: L1 0.00GB/s L2 0.00GB/s L3 0.00GB/s
	Total MPI calls 0
	IO DATA: rchar 756 wchar 569 syscr 44 syscw 20 read_bytes 0 write_bytes 69632
	Aggregated application's node CPU util.: 2352
	CPU temperature (celsius): socket 0: 47 socket 1: 53[0m
[20/24]	Finished my work in:	1217.554780 us.
EAR[1890052](hratio_solve_remaining_l30) at 2.60/1.00 in tcn175 MR[0] elapsed 1224 sec.: [32mLoop time: 1.100s DC Power: [35m129.4W[32m DRAM power: 0.00W PCK power: 129.41W
	avg. CPUFreq: 0.00GHz avg. IMCFreq: 0.00GHz
	CPI: 0.405 VPI: 0.00, Mem. bwidth: 0.00GB/s GFLOPS: 0.00 I/O: 0.00MB/s No MPI  
	TPI 0.00 Cache miss rates: L1 0.00GB/s L2 0.00GB/s L3 0.00GB/s
	Total MPI calls 0
	IO DATA: rchar 756 wchar 569 syscr 44 syscw 20 read_bytes 0 write_bytes 65536
	Aggregated application's node CPU util.: 2351
	CPU temperature (celsius): socket 0: 47 socket 1: 53[0m
[13/24]	Finished my work in:	1234.482614 us.
EAR[1890052](hratio_solve_remaining_l30) at 2.60/1.00 in tcn175 MR[0] elapsed 1235 sec.: [32mLoop time: 1.100s DC Power: [35m129.5W[32m DRAM power: 0.00W PCK power: 129.52W
	avg. CPUFreq: 0.00GHz avg. IMCFreq: 0.00GHz
	CPI: 0.402 VPI: 0.00, Mem. bwidth: 0.00GB/s GFLOPS: 0.00 I/O: 0.00MB/s No MPI  
	TPI 0.00 Cache miss rates: L1 0.00GB/s L2 0.00GB/s L3 0.00GB/s
	Total MPI calls 0
	IO DATA: rchar 756 wchar 569 syscr 44 syscw 20 read_bytes 0 write_bytes 69632
	Aggregated application's node CPU util.: 2352
	CPU temperature (celsius): socket 0: 47 socket 1: 53[0m
EAR[1890052](hratio_solve_remaining_l30) at 2.60/1.00 in tcn175 MR[0] elapsed 1246 sec.: [32mLoop time: 1.100s DC Power: [35m129.5W[32m DRAM power: 0.00W PCK power: 129.52W
	avg. CPUFreq: 0.00GHz avg. IMCFreq: 0.00GHz
	CPI: 0.397 VPI: 0.00, Mem. bwidth: 0.00GB/s GFLOPS: 0.00 I/O: 0.00MB/s No MPI  
	TPI 0.00 Cache miss rates: L1 0.00GB/s L2 0.00GB/s L3 0.00GB/s
	Total MPI calls 0
	IO DATA: rchar 756 wchar 569 syscr 44 syscw 20 read_bytes 0 write_bytes 65536
	Aggregated application's node CPU util.: 2352
	CPU temperature (celsius): socket 0: 47 socket 1: 53[0m
EAR[1890052](hratio_solve_remaining_l30) at 2.60/1.00 in tcn175 MR[0] elapsed 1257 sec.: [32mLoop time: 1.100s DC Power: [35m129.5W[32m DRAM power: 0.00W PCK power: 129.47W
	avg. CPUFreq: 0.00GHz avg. IMCFreq: 0.00GHz
	CPI: 0.397 VPI: 0.00, Mem. bwidth: 0.00GB/s GFLOPS: 0.00 I/O: 0.00MB/s No MPI  
	TPI 0.00 Cache miss rates: L1 0.00GB/s L2 0.00GB/s L3 0.00GB/s
	Total MPI calls 0
	IO DATA: rchar 756 wchar 569 syscr 44 syscw 20 read_bytes 0 write_bytes 69632
	Aggregated application's node CPU util.: 2352
	CPU temperature (celsius): socket 0: 47 socket 1: 53[0m
[11/24]	Finished my work in:	1260.799806 us.
EAR[1890052](hratio_solve_remaining_l30) at 2.60/1.00 in tcn175 MR[0] elapsed 1268 sec.: [32mLoop time: 1.100s DC Power: [35m129.5W[32m DRAM power: 0.00W PCK power: 129.47W
	avg. CPUFreq: 0.00GHz avg. IMCFreq: 0.00GHz
	CPI: 0.394 VPI: 0.00, Mem. bwidth: 0.00GB/s GFLOPS: 0.00 I/O: 0.00MB/s No MPI  
	TPI 0.00 Cache miss rates: L1 0.00GB/s L2 0.00GB/s L3 0.00GB/s
	Total MPI calls 0
	IO DATA: rchar 756 wchar 569 syscr 44 syscw 20 read_bytes 0 write_bytes 69632
	Aggregated application's node CPU util.: 2352
	CPU temperature (celsius): socket 0: 47 socket 1: 53[0m
EAR[1890052](hratio_solve_remaining_l30) at 2.60/1.00 in tcn175 MR[0] elapsed 1279 sec.: [32mLoop time: 1.100s DC Power: [35m129.4W[32m DRAM power: 0.00W PCK power: 129.41W
	avg. CPUFreq: 0.00GHz avg. IMCFreq: 0.00GHz
	CPI: 0.392 VPI: 0.00, Mem. bwidth: 0.00GB/s GFLOPS: 0.00 I/O: 0.00MB/s No MPI  
	TPI 0.00 Cache miss rates: L1 0.00GB/s L2 0.00GB/s L3 0.00GB/s
	Total MPI calls 0
	IO DATA: rchar 756 wchar 569 syscr 44 syscw 20 read_bytes 0 write_bytes 90112
	Aggregated application's node CPU util.: 2353
	CPU temperature (celsius): socket 0: 47 socket 1: 53[0m
EAR[1890052](hratio_solve_remaining_l30) at 2.60/1.00 in tcn175 MR[0] elapsed 1290 sec.: [32mLoop time: 1.100s DC Power: [35m129.4W[32m DRAM power: 0.00W PCK power: 129.42W
	avg. CPUFreq: 0.00GHz avg. IMCFreq: 0.00GHz
	CPI: 0.392 VPI: 0.00, Mem. bwidth: 0.00GB/s GFLOPS: 0.00 I/O: 0.00MB/s No MPI  
	TPI 0.00 Cache miss rates: L1 0.00GB/s L2 0.00GB/s L3 0.00GB/s
	Total MPI calls 0
	IO DATA: rchar 756 wchar 569 syscr 44 syscw 20 read_bytes 0 write_bytes 65536
	Aggregated application's node CPU util.: 2352
	CPU temperature (celsius): socket 0: 47 socket 1: 53[0m
EAR[1890052](hratio_solve_remaining_l30) at 2.60/1.00 in tcn175 MR[0] elapsed 1301 sec.: [32mLoop time: 1.100s DC Power: [35m129.5W[32m DRAM power: 0.00W PCK power: 129.54W
	avg. CPUFreq: 0.00GHz avg. IMCFreq: 0.00GHz
	CPI: 0.392 VPI: 0.00, Mem. bwidth: 0.00GB/s GFLOPS: 0.00 I/O: 0.00MB/s No MPI  
	TPI 0.00 Cache miss rates: L1 0.00GB/s L2 0.00GB/s L3 0.00GB/s
	Total MPI calls 0
	IO DATA: rchar 756 wchar 569 syscr 44 syscw 20 read_bytes 0 write_bytes 69632
	Aggregated application's node CPU util.: 2352
	CPU temperature (celsius): socket 0: 47 socket 1: 53[0m
EAR[1890052](hratio_solve_remaining_l30) at 2.60/1.00 in tcn175 MR[0] elapsed 1312 sec.: [32mLoop time: 1.100s DC Power: [35m129.6W[32m DRAM power: 0.00W PCK power: 129.63W
	avg. CPUFreq: 0.00GHz avg. IMCFreq: 0.00GHz
	CPI: 0.392 VPI: 0.00, Mem. bwidth: 0.00GB/s GFLOPS: 0.00 I/O: 0.00MB/s No MPI  
	TPI 0.00 Cache miss rates: L1 0.00GB/s L2 0.00GB/s L3 0.00GB/s
	Total MPI calls 0
	IO DATA: rchar 756 wchar 569 syscr 44 syscw 20 read_bytes 0 write_bytes 65536
	Aggregated application's node CPU util.: 2352
	CPU temperature (celsius): socket 0: 47 socket 1: 53[0m
[21/24]	Finished my work in:	1319.300983 us.
EAR[1890052](hratio_solve_remaining_l30) at 2.60/1.00 in tcn175 MR[0] elapsed 1323 sec.: [32mLoop time: 1.100s DC Power: [35m129.8W[32m DRAM power: 0.00W PCK power: 129.84W
	avg. CPUFreq: 0.00GHz avg. IMCFreq: 0.00GHz
	CPI: 0.392 VPI: 0.00, Mem. bwidth: 0.00GB/s GFLOPS: 0.00 I/O: 0.00MB/s No MPI  
	TPI 0.00 Cache miss rates: L1 0.00GB/s L2 0.00GB/s L3 0.00GB/s
	Total MPI calls 0
	IO DATA: rchar 756 wchar 569 syscr 44 syscw 20 read_bytes 0 write_bytes 69632
	Aggregated application's node CPU util.: 2352
	CPU temperature (celsius): socket 0: 47 socket 1: 53[0m
EAR[1890052](hratio_solve_remaining_l30) at 2.60/1.00 in tcn175 MR[0] elapsed 1334 sec.: [32mLoop time: 1.100s DC Power: [35m129.8W[32m DRAM power: 0.00W PCK power: 129.83W
	avg. CPUFreq: 0.00GHz avg. IMCFreq: 0.00GHz
	CPI: 0.393 VPI: 0.00, Mem. bwidth: 0.00GB/s GFLOPS: 0.00 I/O: 0.00MB/s No MPI  
	TPI 0.00 Cache miss rates: L1 0.00GB/s L2 0.00GB/s L3 0.00GB/s
	Total MPI calls 0
	IO DATA: rchar 756 wchar 569 syscr 44 syscw 20 read_bytes 0 write_bytes 65536
	Aggregated application's node CPU util.: 2353
	CPU temperature (celsius): socket 0: 47 socket 1: 53[0m
EAR[1890052](hratio_solve_remaining_l30) at 2.60/1.00 in tcn175 MR[0] elapsed 1345 sec.: [32mLoop time: 1.100s DC Power: [35m129.7W[32m DRAM power: 0.00W PCK power: 129.75W
	avg. CPUFreq: 0.00GHz avg. IMCFreq: 0.00GHz
	CPI: 0.393 VPI: 0.00, Mem. bwidth: 0.00GB/s GFLOPS: 0.00 I/O: 0.00MB/s No MPI  
	TPI 0.00 Cache miss rates: L1 0.00GB/s L2 0.00GB/s L3 0.00GB/s
	Total MPI calls 0
	IO DATA: rchar 756 wchar 569 syscr 44 syscw 20 read_bytes 0 write_bytes 69632
	Aggregated application's node CPU util.: 2353
	CPU temperature (celsius): socket 0: 47 socket 1: 53[0m
[23/24]	Finished my work in:	1346.985586 us.
EAR[1890052](hratio_solve_remaining_l30) at 2.60/1.00 in tcn175 MR[0] elapsed 1356 sec.: [32mLoop time: 1.100s DC Power: [35m129.7W[32m DRAM power: 0.00W PCK power: 129.70W
	avg. CPUFreq: 0.00GHz avg. IMCFreq: 0.00GHz
	CPI: 0.389 VPI: 0.00, Mem. bwidth: 0.00GB/s GFLOPS: 0.00 I/O: 0.00MB/s No MPI  
	TPI 0.00 Cache miss rates: L1 0.00GB/s L2 0.00GB/s L3 0.00GB/s
	Total MPI calls 0
	IO DATA: rchar 756 wchar 569 syscr 44 syscw 20 read_bytes 0 write_bytes 69632
	Aggregated application's node CPU util.: 2352
	CPU temperature (celsius): socket 0: 47 socket 1: 53[0m
[12/24]	Finished my work in:	1363.481974 us.
EAR[1890052](hratio_solve_remaining_l30) at 2.60/1.00 in tcn175 MR[0] elapsed 1367 sec.: [32mLoop time: 1.100s DC Power: [35m129.6W[32m DRAM power: 0.00W PCK power: 129.64W
	avg. CPUFreq: 0.00GHz avg. IMCFreq: 0.00GHz
	CPI: 0.386 VPI: 0.00, Mem. bwidth: 0.00GB/s GFLOPS: 0.00 I/O: 0.00MB/s No MPI  
	TPI 0.00 Cache miss rates: L1 0.00GB/s L2 0.00GB/s L3 0.00GB/s
	Total MPI calls 0
	IO DATA: rchar 756 wchar 569 syscr 44 syscw 20 read_bytes 0 write_bytes 65536
	Aggregated application's node CPU util.: 2353
	CPU temperature (celsius): socket 0: 47 socket 1: 53[0m
EAR[1890052](hratio_solve_remaining_l30) at 2.60/1.00 in tcn175 MR[0] elapsed 1378 sec.: [32mLoop time: 1.100s DC Power: [35m129.6W[32m DRAM power: 0.00W PCK power: 129.59W
	avg. CPUFreq: 0.00GHz avg. IMCFreq: 0.00GHz
	CPI: 0.383 VPI: 0.00, Mem. bwidth: 0.00GB/s GFLOPS: 0.00 I/O: 0.00MB/s No MPI  
	TPI 0.00 Cache miss rates: L1 0.00GB/s L2 0.00GB/s L3 0.00GB/s
	Total MPI calls 0
	IO DATA: rchar 756 wchar 569 syscr 44 syscw 20 read_bytes 0 write_bytes 69632
	Aggregated application's node CPU util.: 2352
	CPU temperature (celsius): socket 0: 47 socket 1: 53[0m
EAR[1890052](hratio_solve_remaining_l30) at 2.60/1.00 in tcn175 MR[0] elapsed 1389 sec.: [32mLoop time: 1.100s DC Power: [35m129.5W[32m DRAM power: 0.00W PCK power: 129.55W
	avg. CPUFreq: 0.00GHz avg. IMCFreq: 0.00GHz
	CPI: 0.383 VPI: 0.00, Mem. bwidth: 0.00GB/s GFLOPS: 0.00 I/O: 0.00MB/s No MPI  
	TPI 0.00 Cache miss rates: L1 0.00GB/s L2 0.00GB/s L3 0.00GB/s
	Total MPI calls 0
	IO DATA: rchar 756 wchar 569 syscr 44 syscw 20 read_bytes 0 write_bytes 65536
	Aggregated application's node CPU util.: 2352
	CPU temperature (celsius): socket 0: 47 socket 1: 53[0m
EAR[1890052](hratio_solve_remaining_l30) at 2.60/1.00 in tcn175 MR[0] elapsed 1400 sec.: [32mLoop time: 1.100s DC Power: [35m129.5W[32m DRAM power: 0.00W PCK power: 129.50W
	avg. CPUFreq: 0.00GHz avg. IMCFreq: 0.00GHz
	CPI: 0.383 VPI: 0.00, Mem. bwidth: 0.00GB/s GFLOPS: 0.00 I/O: 0.00MB/s No MPI  
	TPI 0.00 Cache miss rates: L1 0.00GB/s L2 0.00GB/s L3 0.00GB/s
	Total MPI calls 0
	IO DATA: rchar 756 wchar 569 syscr 44 syscw 20 read_bytes 0 write_bytes 69632
	Aggregated application's node CPU util.: 2352
	CPU temperature (celsius): socket 0: 47 socket 1: 53[0m
EAR[1890052](hratio_solve_remaining_l30) at 2.60/1.00 in tcn175 MR[0] elapsed 1411 sec.: [32mLoop time: 1.100s DC Power: [35m129.5W[32m DRAM power: 0.00W PCK power: 129.47W
	avg. CPUFreq: 0.00GHz avg. IMCFreq: 0.00GHz
	CPI: 0.383 VPI: 0.00, Mem. bwidth: 0.00GB/s GFLOPS: 0.00 I/O: 0.00MB/s No MPI  
	TPI 0.00 Cache miss rates: L1 0.00GB/s L2 0.00GB/s L3 0.00GB/s
	Total MPI calls 0
	IO DATA: rchar 756 wchar 569 syscr 44 syscw 20 read_bytes 0 write_bytes 90112
	Aggregated application's node CPU util.: 2352
	CPU temperature (celsius): socket 0: 47 socket 1: 53[0m
EAR[1890052](hratio_solve_remaining_l30) at 2.60/1.00 in tcn175 MR[0] elapsed 1422 sec.: [32mLoop time: 1.100s DC Power: [35m129.5W[32m DRAM power: 0.00W PCK power: 129.47W
	avg. CPUFreq: 0.00GHz avg. IMCFreq: 0.00GHz
	CPI: 0.383 VPI: 0.00, Mem. bwidth: 0.00GB/s GFLOPS: 0.00 I/O: 0.00MB/s No MPI  
	TPI 0.00 Cache miss rates: L1 0.00GB/s L2 0.00GB/s L3 0.00GB/s
	Total MPI calls 0
	IO DATA: rchar 756 wchar 569 syscr 44 syscw 20 read_bytes 0 write_bytes 69632
	Aggregated application's node CPU util.: 2352
	CPU temperature (celsius): socket 0: 47 socket 1: 53[0m
EAR[1890052](hratio_solve_remaining_l30) at 2.60/1.00 in tcn175 MR[0] elapsed 1433 sec.: [32mLoop time: 1.100s DC Power: [35m129.4W[32m DRAM power: 0.00W PCK power: 129.44W
	avg. CPUFreq: 0.00GHz avg. IMCFreq: 0.00GHz
	CPI: 0.383 VPI: 0.00, Mem. bwidth: 0.00GB/s GFLOPS: 0.00 I/O: 0.00MB/s No MPI  
	TPI 0.00 Cache miss rates: L1 0.00GB/s L2 0.00GB/s L3 0.00GB/s
	Total MPI calls 0
	IO DATA: rchar 756 wchar 569 syscr 44 syscw 20 read_bytes 0 write_bytes 90112
	Aggregated application's node CPU util.: 2352
	CPU temperature (celsius): socket 0: 47 socket 1: 53[0m
EAR[1890052](hratio_solve_remaining_l30) at 2.60/1.00 in tcn175 MR[0] elapsed 1444 sec.: [32mLoop time: 1.100s DC Power: [35m129.4W[32m DRAM power: 0.00W PCK power: 129.42W
	avg. CPUFreq: 0.00GHz avg. IMCFreq: 0.00GHz
	CPI: 0.383 VPI: 0.00, Mem. bwidth: 0.00GB/s GFLOPS: 0.00 I/O: 0.00MB/s No MPI  
	TPI 0.00 Cache miss rates: L1 0.00GB/s L2 0.00GB/s L3 0.00GB/s
	Total MPI calls 0
	IO DATA: rchar 756 wchar 569 syscr 44 syscw 20 read_bytes 0 write_bytes 69632
	Aggregated application's node CPU util.: 2352
	CPU temperature (celsius): socket 0: 47 socket 1: 53[0m
EAR[1890052](hratio_solve_remaining_l30) at 2.60/1.00 in tcn175 MR[0] elapsed 1455 sec.: [32mLoop time: 1.100s DC Power: [35m129.4W[32m DRAM power: 0.00W PCK power: 129.42W
	avg. CPUFreq: 0.00GHz avg. IMCFreq: 0.00GHz
	CPI: 0.383 VPI: 0.00, Mem. bwidth: 0.00GB/s GFLOPS: 0.00 I/O: 0.00MB/s No MPI  
	TPI 0.00 Cache miss rates: L1 0.00GB/s L2 0.00GB/s L3 0.00GB/s
	Total MPI calls 0
	IO DATA: rchar 756 wchar 569 syscr 44 syscw 20 read_bytes 0 write_bytes 65536
	Aggregated application's node CPU util.: 2353
	CPU temperature (celsius): socket 0: 47 socket 1: 53[0m
EAR[1890052](hratio_solve_remaining_l30) at 2.60/1.00 in tcn175 MR[0] elapsed 1466 sec.: [32mLoop time: 1.100s DC Power: [35m129.4W[32m DRAM power: 0.00W PCK power: 129.39W
	avg. CPUFreq: 0.00GHz avg. IMCFreq: 0.00GHz
	CPI: 0.383 VPI: 0.00, Mem. bwidth: 0.00GB/s GFLOPS: 0.00 I/O: 0.00MB/s No MPI  
	TPI 0.00 Cache miss rates: L1 0.00GB/s L2 0.00GB/s L3 0.00GB/s
	Total MPI calls 0
	IO DATA: rchar 756 wchar 569 syscr 44 syscw 20 read_bytes 0 write_bytes 69632
	Aggregated application's node CPU util.: 2352
	CPU temperature (celsius): socket 0: 47 socket 1: 53[0m
EAR[1890052](hratio_solve_remaining_l30) at 2.60/1.00 in tcn175 MR[0] elapsed 1477 sec.: [32mLoop time: 1.100s DC Power: [35m129.4W[32m DRAM power: 0.00W PCK power: 129.40W
	avg. CPUFreq: 0.00GHz avg. IMCFreq: 0.00GHz
	CPI: 0.383 VPI: 0.00, Mem. bwidth: 0.00GB/s GFLOPS: 0.00 I/O: 0.00MB/s No MPI  
	TPI 0.00 Cache miss rates: L1 0.00GB/s L2 0.00GB/s L3 0.00GB/s
	Total MPI calls 0
	IO DATA: rchar 756 wchar 569 syscr 44 syscw 20 read_bytes 0 write_bytes 65536
	Aggregated application's node CPU util.: 2352
	CPU temperature (celsius): socket 0: 47 socket 1: 53[0m
EAR[1890052](hratio_solve_remaining_l30) at 2.60/1.00 in tcn175 MR[0] elapsed 1488 sec.: [32mLoop time: 1.100s DC Power: [35m129.4W[32m DRAM power: 0.00W PCK power: 129.37W
	avg. CPUFreq: 0.00GHz avg. IMCFreq: 0.00GHz
	CPI: 0.383 VPI: 0.00, Mem. bwidth: 0.00GB/s GFLOPS: 0.00 I/O: 0.00MB/s No MPI  
	TPI 0.00 Cache miss rates: L1 0.00GB/s L2 0.00GB/s L3 0.00GB/s
	Total MPI calls 0
	IO DATA: rchar 756 wchar 569 syscr 44 syscw 20 read_bytes 0 write_bytes 69632
	Aggregated application's node CPU util.: 2352
	CPU temperature (celsius): socket 0: 47 socket 1: 53[0m
EAR[1890052](hratio_solve_remaining_l30) at 2.60/1.00 in tcn175 MR[0] elapsed 1499 sec.: [32mLoop time: 1.100s DC Power: [35m129.4W[32m DRAM power: 0.00W PCK power: 129.37W
	avg. CPUFreq: 0.00GHz avg. IMCFreq: 0.00GHz
	CPI: 0.383 VPI: 0.00, Mem. bwidth: 0.00GB/s GFLOPS: 0.00 I/O: 0.00MB/s No MPI  
	TPI 0.00 Cache miss rates: L1 0.00GB/s L2 0.00GB/s L3 0.00GB/s
	Total MPI calls 0
	IO DATA: rchar 756 wchar 569 syscr 44 syscw 20 read_bytes 0 write_bytes 65536
	Aggregated application's node CPU util.: 2353
	CPU temperature (celsius): socket 0: 47 socket 1: 53[0m
EAR[1890052](hratio_solve_remaining_l30) at 2.60/1.00 in tcn175 MR[0] elapsed 1510 sec.: [32mLoop time: 1.100s DC Power: [35m129.5W[32m DRAM power: 0.00W PCK power: 129.50W
	avg. CPUFreq: 0.00GHz avg. IMCFreq: 0.00GHz
	CPI: 0.383 VPI: 0.00, Mem. bwidth: 0.00GB/s GFLOPS: 0.00 I/O: 0.00MB/s No MPI  
	TPI 0.00 Cache miss rates: L1 0.00GB/s L2 0.00GB/s L3 0.00GB/s
	Total MPI calls 0
	IO DATA: rchar 756 wchar 569 syscr 44 syscw 20 read_bytes 0 write_bytes 69632
	Aggregated application's node CPU util.: 2352
	CPU temperature (celsius): socket 0: 47 socket 1: 53[0m
EAR[1890052](hratio_solve_remaining_l30) at 2.60/1.00 in tcn175 MR[0] elapsed 1521 sec.: [32mLoop time: 1.100s DC Power: [35m129.5W[32m DRAM power: 0.00W PCK power: 129.47W
	avg. CPUFreq: 0.00GHz avg. IMCFreq: 0.00GHz
	CPI: 0.383 VPI: 0.00, Mem. bwidth: 0.00GB/s GFLOPS: 0.00 I/O: 0.00MB/s No MPI  
	TPI 0.00 Cache miss rates: L1 0.00GB/s L2 0.00GB/s L3 0.00GB/s
	Total MPI calls 0
	IO DATA: rchar 756 wchar 569 syscr 44 syscw 20 read_bytes 0 write_bytes 65536
	Aggregated application's node CPU util.: 2352
	CPU temperature (celsius): socket 0: 47 socket 1: 53[0m
EAR[1890052](hratio_solve_remaining_l30) at 2.60/1.00 in tcn175 MR[0] elapsed 1532 sec.: [32mLoop time: 1.100s DC Power: [35m129.6W[32m DRAM power: 0.00W PCK power: 129.60W
	avg. CPUFreq: 0.00GHz avg. IMCFreq: 0.00GHz
	CPI: 0.383 VPI: 0.00, Mem. bwidth: 0.00GB/s GFLOPS: 0.00 I/O: 0.00MB/s No MPI  
	TPI 0.00 Cache miss rates: L1 0.00GB/s L2 0.00GB/s L3 0.00GB/s
	Total MPI calls 0
	IO DATA: rchar 756 wchar 569 syscr 44 syscw 20 read_bytes 0 write_bytes 69632
	Aggregated application's node CPU util.: 2352
	CPU temperature (celsius): socket 0: 47 socket 1: 53[0m
EAR[1890052](hratio_solve_remaining_l30) at 2.60/1.00 in tcn175 MR[0] elapsed 1543 sec.: [32mLoop time: 1.100s DC Power: [35m129.5W[32m DRAM power: 0.00W PCK power: 129.54W
	avg. CPUFreq: 0.00GHz avg. IMCFreq: 0.00GHz
	CPI: 0.383 VPI: 0.00, Mem. bwidth: 0.00GB/s GFLOPS: 0.00 I/O: 0.00MB/s No MPI  
	TPI 0.00 Cache miss rates: L1 0.00GB/s L2 0.00GB/s L3 0.00GB/s
	Total MPI calls 0
	IO DATA: rchar 756 wchar 569 syscr 44 syscw 20 read_bytes 0 write_bytes 65536
	Aggregated application's node CPU util.: 2352
	CPU temperature (celsius): socket 0: 47 socket 1: 53[0m
EAR[1890052](hratio_solve_remaining_l30) at 2.60/1.00 in tcn175 MR[0] elapsed 1554 sec.: [32mLoop time: 1.100s DC Power: [35m129.5W[32m DRAM power: 0.00W PCK power: 129.52W
	avg. CPUFreq: 0.00GHz avg. IMCFreq: 0.00GHz
	CPI: 0.383 VPI: 0.00, Mem. bwidth: 0.00GB/s GFLOPS: 0.00 I/O: 0.00MB/s No MPI  
	TPI 0.00 Cache miss rates: L1 0.00GB/s L2 0.00GB/s L3 0.00GB/s
	Total MPI calls 0
	IO DATA: rchar 756 wchar 569 syscr 44 syscw 20 read_bytes 0 write_bytes 69632
	Aggregated application's node CPU util.: 2352
	CPU temperature (celsius): socket 0: 47 socket 1: 53[0m
EAR[1890052](hratio_solve_remaining_l30) at 2.60/1.00 in tcn175 MR[0] elapsed 1565 sec.: [32mLoop time: 1.100s DC Power: [35m129.7W[32m DRAM power: 0.00W PCK power: 129.72W
	avg. CPUFreq: 0.00GHz avg. IMCFreq: 0.00GHz
	CPI: 0.383 VPI: 0.00, Mem. bwidth: 0.00GB/s GFLOPS: 0.00 I/O: 0.00MB/s No MPI  
	TPI 0.00 Cache miss rates: L1 0.00GB/s L2 0.00GB/s L3 0.00GB/s
	Total MPI calls 0
	IO DATA: rchar 756 wchar 569 syscr 44 syscw 20 read_bytes 0 write_bytes 65536
	Aggregated application's node CPU util.: 2352
	CPU temperature (celsius): socket 0: 47 socket 1: 53[0m
EAR[1890052](hratio_solve_remaining_l30) at 2.60/1.00 in tcn175 MR[0] elapsed 1576 sec.: [32mLoop time: 1.100s DC Power: [35m129.7W[32m DRAM power: 0.00W PCK power: 129.66W
	avg. CPUFreq: 0.00GHz avg. IMCFreq: 0.00GHz
	CPI: 0.383 VPI: 0.00, Mem. bwidth: 0.00GB/s GFLOPS: 0.00 I/O: 0.00MB/s No MPI  
	TPI 0.00 Cache miss rates: L1 0.00GB/s L2 0.00GB/s L3 0.00GB/s
	Total MPI calls 0
	IO DATA: rchar 756 wchar 569 syscr 44 syscw 20 read_bytes 0 write_bytes 69632
	Aggregated application's node CPU util.: 2352
	CPU temperature (celsius): socket 0: 47 socket 1: 53[0m
EAR[1890052](hratio_solve_remaining_l30) at 2.60/1.00 in tcn175 MR[0] elapsed 1587 sec.: [32mLoop time: 1.100s DC Power: [35m129.6W[32m DRAM power: 0.00W PCK power: 129.60W
	avg. CPUFreq: 0.00GHz avg. IMCFreq: 0.00GHz
	CPI: 0.383 VPI: 0.00, Mem. bwidth: 0.00GB/s GFLOPS: 0.00 I/O: 0.00MB/s No MPI  
	TPI 0.00 Cache miss rates: L1 0.00GB/s L2 0.00GB/s L3 0.00GB/s
	Total MPI calls 0
	IO DATA: rchar 756 wchar 569 syscr 44 syscw 20 read_bytes 0 write_bytes 65536
	Aggregated application's node CPU util.: 2352
	CPU temperature (celsius): socket 0: 47 socket 1: 53[0m
EAR[1890052](hratio_solve_remaining_l30) at 2.60/1.00 in tcn175 MR[0] elapsed 1598 sec.: [32mLoop time: 1.100s DC Power: [35m129.8W[32m DRAM power: 0.00W PCK power: 129.83W
	avg. CPUFreq: 0.00GHz avg. IMCFreq: 0.00GHz
	CPI: 0.383 VPI: 0.00, Mem. bwidth: 0.00GB/s GFLOPS: 0.00 I/O: 0.00MB/s No MPI  
	TPI 0.00 Cache miss rates: L1 0.00GB/s L2 0.00GB/s L3 0.00GB/s
	Total MPI calls 0
	IO DATA: rchar 756 wchar 569 syscr 44 syscw 20 read_bytes 0 write_bytes 69632
	Aggregated application's node CPU util.: 2353
	CPU temperature (celsius): socket 0: 47 socket 1: 53[0m
EAR[1890052](hratio_solve_remaining_l30) at 2.60/1.00 in tcn175 MR[0] elapsed 1609 sec.: [32mLoop time: 1.100s DC Power: [35m129.7W[32m DRAM power: 0.00W PCK power: 129.70W
	avg. CPUFreq: 0.00GHz avg. IMCFreq: 0.00GHz
	CPI: 0.383 VPI: 0.00, Mem. bwidth: 0.00GB/s GFLOPS: 0.00 I/O: 0.00MB/s No MPI  
	TPI 0.00 Cache miss rates: L1 0.00GB/s L2 0.00GB/s L3 0.00GB/s
	Total MPI calls 0
	IO DATA: rchar 756 wchar 569 syscr 44 syscw 20 read_bytes 0 write_bytes 65536
	Aggregated application's node CPU util.: 2352
	CPU temperature (celsius): socket 0: 47 socket 1: 53[0m
EAR[1890052](hratio_solve_remaining_l30) at 2.60/1.00 in tcn175 MR[0] elapsed 1620 sec.: [32mLoop time: 1.100s DC Power: [35m129.9W[32m DRAM power: 0.00W PCK power: 129.91W
	avg. CPUFreq: 0.00GHz avg. IMCFreq: 0.00GHz
	CPI: 0.383 VPI: 0.00, Mem. bwidth: 0.00GB/s GFLOPS: 0.00 I/O: 0.00MB/s No MPI  
	TPI 0.00 Cache miss rates: L1 0.00GB/s L2 0.00GB/s L3 0.00GB/s
	Total MPI calls 0
	IO DATA: rchar 757 wchar 569 syscr 44 syscw 20 read_bytes 0 write_bytes 69632
	Aggregated application's node CPU util.: 2352
	CPU temperature (celsius): socket 0: 47 socket 1: 53[0m
EAR[1890052](hratio_solve_remaining_l30) at 2.60/1.00 in tcn175 MR[0] elapsed 1631 sec.: [32mLoop time: 1.100s DC Power: [35m130.0W[32m DRAM power: 0.00W PCK power: 129.96W
	avg. CPUFreq: 0.00GHz avg. IMCFreq: 0.00GHz
	CPI: 0.383 VPI: 0.00, Mem. bwidth: 0.00GB/s GFLOPS: 0.00 I/O: 0.00MB/s No MPI  
	TPI 0.00 Cache miss rates: L1 0.00GB/s L2 0.00GB/s L3 0.00GB/s
	Total MPI calls 0
	IO DATA: rchar 757 wchar 569 syscr 44 syscw 20 read_bytes 0 write_bytes 65536
	Aggregated application's node CPU util.: 2353
	CPU temperature (celsius): socket 0: 47 socket 1: 53[0m
EAR[1890052](hratio_solve_remaining_l30) at 2.60/1.00 in tcn175 MR[0] elapsed 1642 sec.: [32mLoop time: 1.100s DC Power: [35m129.9W[32m DRAM power: 0.00W PCK power: 129.86W
	avg. CPUFreq: 0.00GHz avg. IMCFreq: 0.00GHz
	CPI: 0.383 VPI: 0.00, Mem. bwidth: 0.00GB/s GFLOPS: 0.00 I/O: 0.00MB/s No MPI  
	TPI 0.00 Cache miss rates: L1 0.00GB/s L2 0.00GB/s L3 0.00GB/s
	Total MPI calls 0
	IO DATA: rchar 757 wchar 569 syscr 44 syscw 20 read_bytes 0 write_bytes 69632
	Aggregated application's node CPU util.: 2353
	CPU temperature (celsius): socket 0: 47 socket 1: 53[0m
EAR[1890052](hratio_solve_remaining_l30) at 2.60/1.00 in tcn175 MR[0] elapsed 1653 sec.: [32mLoop time: 1.100s DC Power: [35m130.0W[32m DRAM power: 0.00W PCK power: 130.05W
	avg. CPUFreq: 0.00GHz avg. IMCFreq: 0.00GHz
	CPI: 0.383 VPI: 0.00, Mem. bwidth: 0.00GB/s GFLOPS: 0.00 I/O: 0.00MB/s No MPI  
	TPI 0.00 Cache miss rates: L1 0.00GB/s L2 0.00GB/s L3 0.00GB/s
	Total MPI calls 0
	IO DATA: rchar 757 wchar 569 syscr 44 syscw 20 read_bytes 0 write_bytes 65536
	Aggregated application's node CPU util.: 2352
	CPU temperature (celsius): socket 0: 47 socket 1: 53[0m
EAR[1890052](hratio_solve_remaining_l30) at 2.60/1.00 in tcn175 MR[0] elapsed 1664 sec.: [32mLoop time: 1.100s DC Power: [35m129.9W[32m DRAM power: 0.00W PCK power: 129.89W
	avg. CPUFreq: 0.00GHz avg. IMCFreq: 0.00GHz
	CPI: 0.383 VPI: 0.00, Mem. bwidth: 0.00GB/s GFLOPS: 0.00 I/O: 0.00MB/s No MPI  
	TPI 0.00 Cache miss rates: L1 0.00GB/s L2 0.00GB/s L3 0.00GB/s
	Total MPI calls 0
	IO DATA: rchar 757 wchar 569 syscr 44 syscw 20 read_bytes 0 write_bytes 69632
	Aggregated application's node CPU util.: 2352
	CPU temperature (celsius): socket 0: 47 socket 1: 53[0m
EAR[1890052](hratio_solve_remaining_l30) at 2.60/1.00 in tcn175 MR[0] elapsed 1675 sec.: [32mLoop time: 1.100s DC Power: [35m129.8W[32m DRAM power: 0.00W PCK power: 129.80W
	avg. CPUFreq: 0.00GHz avg. IMCFreq: 0.00GHz
	CPI: 0.383 VPI: 0.00, Mem. bwidth: 0.00GB/s GFLOPS: 0.00 I/O: 0.00MB/s No MPI  
	TPI 0.00 Cache miss rates: L1 0.00GB/s L2 0.00GB/s L3 0.00GB/s
	Total MPI calls 0
	IO DATA: rchar 757 wchar 569 syscr 44 syscw 20 read_bytes 0 write_bytes 65536
	Aggregated application's node CPU util.: 2352
	CPU temperature (celsius): socket 0: 47 socket 1: 53[0m
EAR[1890052](hratio_solve_remaining_l30) at 2.60/1.00 in tcn175 MR[0] elapsed 1686 sec.: [32mLoop time: 1.100s DC Power: [35m130.0W[32m DRAM power: 0.00W PCK power: 129.98W
	avg. CPUFreq: 0.00GHz avg. IMCFreq: 0.00GHz
	CPI: 0.383 VPI: 0.00, Mem. bwidth: 0.00GB/s GFLOPS: 0.00 I/O: 0.00MB/s No MPI  
	TPI 0.00 Cache miss rates: L1 0.00GB/s L2 0.00GB/s L3 0.00GB/s
	Total MPI calls 0
	IO DATA: rchar 757 wchar 569 syscr 44 syscw 20 read_bytes 0 write_bytes 69632
	Aggregated application's node CPU util.: 2352
	CPU temperature (celsius): socket 0: 47 socket 1: 53[0m
EAR[1890052](hratio_solve_remaining_l30) at 2.60/1.00 in tcn175 MR[0] elapsed 1697 sec.: [32mLoop time: 1.100s DC Power: [35m129.9W[32m DRAM power: 0.00W PCK power: 129.88W
	avg. CPUFreq: 0.00GHz avg. IMCFreq: 0.00GHz
	CPI: 0.383 VPI: 0.00, Mem. bwidth: 0.00GB/s GFLOPS: 0.00 I/O: 0.00MB/s No MPI  
	TPI 0.00 Cache miss rates: L1 0.00GB/s L2 0.00GB/s L3 0.00GB/s
	Total MPI calls 0
	IO DATA: rchar 757 wchar 569 syscr 44 syscw 20 read_bytes 0 write_bytes 69632
	Aggregated application's node CPU util.: 2352
	CPU temperature (celsius): socket 0: 47 socket 1: 53[0m
EAR[1890052](hratio_solve_remaining_l30) at 2.60/1.00 in tcn175 MR[0] elapsed 1708 sec.: [32mLoop time: 1.100s DC Power: [35m129.8W[32m DRAM power: 0.00W PCK power: 129.78W
	avg. CPUFreq: 0.00GHz avg. IMCFreq: 0.00GHz
	CPI: 0.383 VPI: 0.00, Mem. bwidth: 0.00GB/s GFLOPS: 0.00 I/O: 0.00MB/s No MPI  
	TPI 0.00 Cache miss rates: L1 0.00GB/s L2 0.00GB/s L3 0.00GB/s
	Total MPI calls 0
	IO DATA: rchar 757 wchar 569 syscr 44 syscw 20 read_bytes 0 write_bytes 65536
	Aggregated application's node CPU util.: 2352
	CPU temperature (celsius): socket 0: 47 socket 1: 53[0m
EAR[1890052](hratio_solve_remaining_l30) at 2.60/1.00 in tcn175 MR[0] elapsed 1719 sec.: [32mLoop time: 1.100s DC Power: [35m129.9W[32m DRAM power: 0.00W PCK power: 129.93W
	avg. CPUFreq: 0.00GHz avg. IMCFreq: 0.00GHz
	CPI: 0.383 VPI: 0.00, Mem. bwidth: 0.00GB/s GFLOPS: 0.00 I/O: 0.00MB/s No MPI  
	TPI 0.00 Cache miss rates: L1 0.00GB/s L2 0.00GB/s L3 0.00GB/s
	Total MPI calls 0
	IO DATA: rchar 757 wchar 569 syscr 44 syscw 20 read_bytes 0 write_bytes 69632
	Aggregated application's node CPU util.: 2352
	CPU temperature (celsius): socket 0: 47 socket 1: 53[0m
EAR[1890052](hratio_solve_remaining_l30) at 2.60/1.00 in tcn175 MR[0] elapsed 1730 sec.: [32mLoop time: 1.100s DC Power: [35m129.8W[32m DRAM power: 0.00W PCK power: 129.82W
	avg. CPUFreq: 0.00GHz avg. IMCFreq: 0.00GHz
	CPI: 0.383 VPI: 0.00, Mem. bwidth: 0.00GB/s GFLOPS: 0.00 I/O: 0.00MB/s No MPI  
	TPI 0.00 Cache miss rates: L1 0.00GB/s L2 0.00GB/s L3 0.00GB/s
	Total MPI calls 0
	IO DATA: rchar 757 wchar 569 syscr 44 syscw 20 read_bytes 0 write_bytes 90112
	Aggregated application's node CPU util.: 2352
	CPU temperature (celsius): socket 0: 47 socket 1: 53[0m
EAR[1890052](hratio_solve_remaining_l30) at 2.60/1.00 in tcn175 MR[0] elapsed 1741 sec.: [32mLoop time: 1.100s DC Power: [35m130.0W[32m DRAM power: 0.00W PCK power: 130.01W
	avg. CPUFreq: 0.00GHz avg. IMCFreq: 0.00GHz
	CPI: 0.383 VPI: 0.00, Mem. bwidth: 0.00GB/s GFLOPS: 0.00 I/O: 0.00MB/s No MPI  
	TPI 0.00 Cache miss rates: L1 0.00GB/s L2 0.00GB/s L3 0.00GB/s
	Total MPI calls 0
	IO DATA: rchar 757 wchar 569 syscr 44 syscw 20 read_bytes 0 write_bytes 65536
	Aggregated application's node CPU util.: 2352
	CPU temperature (celsius): socket 0: 47 socket 1: 53[0m
EAR[1890052](hratio_solve_remaining_l30) at 2.60/1.00 in tcn175 MR[0] elapsed 1752 sec.: [32mLoop time: 1.100s DC Power: [35m129.9W[32m DRAM power: 0.00W PCK power: 129.91W
	avg. CPUFreq: 0.00GHz avg. IMCFreq: 0.00GHz
	CPI: 0.383 VPI: 0.00, Mem. bwidth: 0.00GB/s GFLOPS: 0.00 I/O: 0.00MB/s No MPI  
	TPI 0.00 Cache miss rates: L1 0.00GB/s L2 0.00GB/s L3 0.00GB/s
	Total MPI calls 0
	IO DATA: rchar 757 wchar 569 syscr 44 syscw 20 read_bytes 0 write_bytes 69632
	Aggregated application's node CPU util.: 2352
	CPU temperature (celsius): socket 0: 47 socket 1: 53[0m
EAR[1890052](hratio_solve_remaining_l30) at 2.60/1.00 in tcn175 MR[0] elapsed 1763 sec.: [32mLoop time: 1.100s DC Power: [35m129.8W[32m DRAM power: 0.00W PCK power: 129.83W
	avg. CPUFreq: 0.00GHz avg. IMCFreq: 0.00GHz
	CPI: 0.383 VPI: 0.00, Mem. bwidth: 0.00GB/s GFLOPS: 0.00 I/O: 0.00MB/s No MPI  
	TPI 0.00 Cache miss rates: L1 0.00GB/s L2 0.00GB/s L3 0.00GB/s
	Total MPI calls 0
	IO DATA: rchar 757 wchar 569 syscr 44 syscw 20 read_bytes 0 write_bytes 65536
	Aggregated application's node CPU util.: 2352
	CPU temperature (celsius): socket 0: 47 socket 1: 53[0m
EAR[1890052](hratio_solve_remaining_l30) at 2.60/1.00 in tcn175 MR[0] elapsed 1774 sec.: [32mLoop time: 1.100s DC Power: [35m129.9W[32m DRAM power: 0.00W PCK power: 129.95W
	avg. CPUFreq: 0.00GHz avg. IMCFreq: 0.00GHz
	CPI: 0.383 VPI: 0.00, Mem. bwidth: 0.00GB/s GFLOPS: 0.00 I/O: 0.00MB/s No MPI  
	TPI 0.00 Cache miss rates: L1 0.00GB/s L2 0.00GB/s L3 0.00GB/s
	Total MPI calls 0
	IO DATA: rchar 757 wchar 569 syscr 44 syscw 20 read_bytes 0 write_bytes 69632
	Aggregated application's node CPU util.: 2353
	CPU temperature (celsius): socket 0: 47 socket 1: 53[0m
EAR[1890052](hratio_solve_remaining_l30) at 2.60/1.00 in tcn175 MR[0] elapsed 1785 sec.: [32mLoop time: 1.100s DC Power: [35m129.9W[32m DRAM power: 0.00W PCK power: 129.88W
	avg. CPUFreq: 0.00GHz avg. IMCFreq: 0.00GHz
	CPI: 0.383 VPI: 0.00, Mem. bwidth: 0.00GB/s GFLOPS: 0.00 I/O: 0.00MB/s No MPI  
	TPI 0.00 Cache miss rates: L1 0.00GB/s L2 0.00GB/s L3 0.00GB/s
	Total MPI calls 0
	IO DATA: rchar 757 wchar 569 syscr 44 syscw 20 read_bytes 0 write_bytes 69632
	Aggregated application's node CPU util.: 2352
	CPU temperature (celsius): socket 0: 47 socket 1: 53[0m
EAR[1890052](hratio_solve_remaining_l30) at 2.60/1.00 in tcn175 MR[0] elapsed 1796 sec.: [32mLoop time: 1.100s DC Power: [35m129.8W[32m DRAM power: 0.00W PCK power: 129.78W
	avg. CPUFreq: 0.00GHz avg. IMCFreq: 0.00GHz
	CPI: 0.383 VPI: 0.00, Mem. bwidth: 0.00GB/s GFLOPS: 0.00 I/O: 0.00MB/s No MPI  
	TPI 0.00 Cache miss rates: L1 0.00GB/s L2 0.00GB/s L3 0.00GB/s
	Total MPI calls 0
	IO DATA: rchar 757 wchar 569 syscr 44 syscw 20 read_bytes 0 write_bytes 65536
	Aggregated application's node CPU util.: 2353
	CPU temperature (celsius): socket 0: 47 socket 1: 53[0m
EAR[1890052](hratio_solve_remaining_l30) at 2.60/1.00 in tcn175 MR[0] elapsed 1807 sec.: [32mLoop time: 1.100s DC Power: [35m130.0W[32m DRAM power: 0.00W PCK power: 129.96W
	avg. CPUFreq: 0.00GHz avg. IMCFreq: 0.00GHz
	CPI: 0.383 VPI: 0.00, Mem. bwidth: 0.00GB/s GFLOPS: 0.00 I/O: 0.00MB/s No MPI  
	TPI 0.00 Cache miss rates: L1 0.00GB/s L2 0.00GB/s L3 0.00GB/s
	Total MPI calls 0
	IO DATA: rchar 757 wchar 569 syscr 44 syscw 20 read_bytes 0 write_bytes 69632
	Aggregated application's node CPU util.: 2352
	CPU temperature (celsius): socket 0: 47 socket 1: 53[0m
EAR[1890052](hratio_solve_remaining_l30) at 2.60/1.00 in tcn175 MR[0] elapsed 1818 sec.: [32mLoop time: 1.100s DC Power: [35m129.9W[32m DRAM power: 0.00W PCK power: 129.86W
	avg. CPUFreq: 0.00GHz avg. IMCFreq: 0.00GHz
	CPI: 0.383 VPI: 0.00, Mem. bwidth: 0.00GB/s GFLOPS: 0.00 I/O: 0.00MB/s No MPI  
	TPI 0.00 Cache miss rates: L1 0.00GB/s L2 0.00GB/s L3 0.00GB/s
	Total MPI calls 0
	IO DATA: rchar 757 wchar 569 syscr 44 syscw 20 read_bytes 0 write_bytes 65536
	Aggregated application's node CPU util.: 2351
	CPU temperature (celsius): socket 0: 47 socket 1: 53[0m
EAR[1890052](hratio_solve_remaining_l30) at 2.60/1.00 in tcn175 MR[0] elapsed 1829 sec.: [32mLoop time: 1.100s DC Power: [35m130.0W[32m DRAM power: 0.00W PCK power: 130.02W
	avg. CPUFreq: 0.00GHz avg. IMCFreq: 0.00GHz
	CPI: 0.383 VPI: 0.00, Mem. bwidth: 0.00GB/s GFLOPS: 0.00 I/O: 0.00MB/s No MPI  
	TPI 0.00 Cache miss rates: L1 0.00GB/s L2 0.00GB/s L3 0.00GB/s
	Total MPI calls 0
	IO DATA: rchar 757 wchar 569 syscr 44 syscw 20 read_bytes 0 write_bytes 69632
	Aggregated application's node CPU util.: 2352
	CPU temperature (celsius): socket 0: 47 socket 1: 53[0m
EAR[1890052](hratio_solve_remaining_l30) at 2.60/1.00 in tcn175 MR[0] elapsed 1840 sec.: [32mLoop time: 1.100s DC Power: [35m129.9W[32m DRAM power: 0.00W PCK power: 129.91W
	avg. CPUFreq: 0.00GHz avg. IMCFreq: 0.00GHz
	CPI: 0.383 VPI: 0.00, Mem. bwidth: 0.00GB/s GFLOPS: 0.00 I/O: 0.00MB/s No MPI  
	TPI 0.00 Cache miss rates: L1 0.00GB/s L2 0.00GB/s L3 0.00GB/s
	Total MPI calls 0
	IO DATA: rchar 757 wchar 569 syscr 44 syscw 20 read_bytes 0 write_bytes 65536
	Aggregated application's node CPU util.: 2353
	CPU temperature (celsius): socket 0: 47 socket 1: 53[0m
EAR[1890052](hratio_solve_remaining_l30) at 2.60/1.00 in tcn175 MR[0] elapsed 1851 sec.: [32mLoop time: 1.100s DC Power: [35m129.9W[32m DRAM power: 0.00W PCK power: 129.95W
	avg. CPUFreq: 0.00GHz avg. IMCFreq: 0.00GHz
	CPI: 0.383 VPI: 0.00, Mem. bwidth: 0.00GB/s GFLOPS: 0.00 I/O: 0.00MB/s No MPI  
	TPI 0.00 Cache miss rates: L1 0.00GB/s L2 0.00GB/s L3 0.00GB/s
	Total MPI calls 0
	IO DATA: rchar 757 wchar 569 syscr 44 syscw 20 read_bytes 0 write_bytes 69632
	Aggregated application's node CPU util.: 2352
	CPU temperature (celsius): socket 0: 47 socket 1: 53[0m
EAR[1890052](hratio_solve_remaining_l30) at 2.60/1.00 in tcn175 MR[0] elapsed 1862 sec.: [32mLoop time: 1.100s DC Power: [35m130.1W[32m DRAM power: 0.00W PCK power: 130.12W
	avg. CPUFreq: 0.00GHz avg. IMCFreq: 0.00GHz
	CPI: 0.383 VPI: 0.00, Mem. bwidth: 0.00GB/s GFLOPS: 0.00 I/O: 0.00MB/s No MPI  
	TPI 0.00 Cache miss rates: L1 0.00GB/s L2 0.00GB/s L3 0.00GB/s
	Total MPI calls 0
	IO DATA: rchar 757 wchar 569 syscr 44 syscw 20 read_bytes 0 write_bytes 90112
	Aggregated application's node CPU util.: 2352
	CPU temperature (celsius): socket 0: 47 socket 1: 53[0m
EAR[1890052](hratio_solve_remaining_l30) at 2.60/1.00 in tcn175 MR[0] elapsed 1873 sec.: [32mLoop time: 1.100s DC Power: [35m130.0W[32m DRAM power: 0.00W PCK power: 130.00W
	avg. CPUFreq: 0.00GHz avg. IMCFreq: 0.00GHz
	CPI: 0.383 VPI: 0.00, Mem. bwidth: 0.00GB/s GFLOPS: 0.00 I/O: 0.00MB/s No MPI  
	TPI 0.00 Cache miss rates: L1 0.00GB/s L2 0.00GB/s L3 0.00GB/s
	Total MPI calls 0
	IO DATA: rchar 757 wchar 569 syscr 44 syscw 20 read_bytes 0 write_bytes 69632
	Aggregated application's node CPU util.: 2352
	CPU temperature (celsius): socket 0: 47 socket 1: 53[0m
EAR[1890052](hratio_solve_remaining_l30) at 2.60/1.00 in tcn175 MR[0] elapsed 1884 sec.: [32mLoop time: 1.100s DC Power: [35m129.9W[32m DRAM power: 0.00W PCK power: 129.86W
	avg. CPUFreq: 0.00GHz avg. IMCFreq: 0.00GHz
	CPI: 0.383 VPI: 0.00, Mem. bwidth: 0.00GB/s GFLOPS: 0.00 I/O: 0.00MB/s No MPI  
	TPI 0.00 Cache miss rates: L1 0.00GB/s L2 0.00GB/s L3 0.00GB/s
	Total MPI calls 0
	IO DATA: rchar 757 wchar 569 syscr 44 syscw 20 read_bytes 0 write_bytes 65536
	Aggregated application's node CPU util.: 2352
	CPU temperature (celsius): socket 0: 47 socket 1: 53[0m
EAR[1890052](hratio_solve_remaining_l30) at 2.60/1.00 in tcn175 MR[0] elapsed 1895 sec.: [32mLoop time: 1.100s DC Power: [35m130.0W[32m DRAM power: 0.00W PCK power: 130.01W
	avg. CPUFreq: 0.00GHz avg. IMCFreq: 0.00GHz
	CPI: 0.383 VPI: 0.00, Mem. bwidth: 0.00GB/s GFLOPS: 0.00 I/O: 0.00MB/s No MPI  
	TPI 0.00 Cache miss rates: L1 0.00GB/s L2 0.00GB/s L3 0.00GB/s
	Total MPI calls 0
	IO DATA: rchar 757 wchar 569 syscr 44 syscw 20 read_bytes 0 write_bytes 69632
	Aggregated application's node CPU util.: 2352
	CPU temperature (celsius): socket 0: 47 socket 1: 53[0m
EAR[1890052](hratio_solve_remaining_l30) at 2.60/1.00 in tcn175 MR[0] elapsed 1906 sec.: [32mLoop time: 1.100s DC Power: [35m129.9W[32m DRAM power: 0.00W PCK power: 129.93W
	avg. CPUFreq: 0.00GHz avg. IMCFreq: 0.00GHz
	CPI: 0.383 VPI: 0.00, Mem. bwidth: 0.00GB/s GFLOPS: 0.00 I/O: 0.00MB/s No MPI  
	TPI 0.00 Cache miss rates: L1 0.00GB/s L2 0.00GB/s L3 0.00GB/s
	Total MPI calls 0
	IO DATA: rchar 757 wchar 569 syscr 44 syscw 20 read_bytes 0 write_bytes 65536
	Aggregated application's node CPU util.: 2352
	CPU temperature (celsius): socket 0: 47 socket 1: 53[0m
EAR[1890052](hratio_solve_remaining_l30) at 2.60/1.00 in tcn175 MR[0] elapsed 1917 sec.: [32mLoop time: 1.100s DC Power: [35m129.8W[32m DRAM power: 0.00W PCK power: 129.83W
	avg. CPUFreq: 0.00GHz avg. IMCFreq: 0.00GHz
	CPI: 0.383 VPI: 0.00, Mem. bwidth: 0.00GB/s GFLOPS: 0.00 I/O: 0.00MB/s No MPI  
	TPI 0.00 Cache miss rates: L1 0.00GB/s L2 0.00GB/s L3 0.00GB/s
	Total MPI calls 0
	IO DATA: rchar 757 wchar 569 syscr 44 syscw 20 read_bytes 0 write_bytes 69632
	Aggregated application's node CPU util.: 2352
	CPU temperature (celsius): socket 0: 47 socket 1: 53[0m
EAR[1890052](hratio_solve_remaining_l30) at 2.60/1.00 in tcn175 MR[0] elapsed 1928 sec.: [32mLoop time: 1.100s DC Power: [35m130.0W[32m DRAM power: 0.00W PCK power: 129.98W
	avg. CPUFreq: 0.00GHz avg. IMCFreq: 0.00GHz
	CPI: 0.383 VPI: 0.00, Mem. bwidth: 0.00GB/s GFLOPS: 0.00 I/O: 0.00MB/s No MPI  
	TPI 0.00 Cache miss rates: L1 0.00GB/s L2 0.00GB/s L3 0.00GB/s
	Total MPI calls 0
	IO DATA: rchar 757 wchar 569 syscr 44 syscw 20 read_bytes 0 write_bytes 65536
	Aggregated application's node CPU util.: 2352
	CPU temperature (celsius): socket 0: 47 socket 1: 53[0m
EAR[1890052](hratio_solve_remaining_l30) at 2.60/1.00 in tcn175 MR[0] elapsed 1939 sec.: [32mLoop time: 1.100s DC Power: [35m129.8W[32m DRAM power: 0.00W PCK power: 129.85W
	avg. CPUFreq: 0.00GHz avg. IMCFreq: 0.00GHz
	CPI: 0.383 VPI: 0.00, Mem. bwidth: 0.00GB/s GFLOPS: 0.00 I/O: 0.00MB/s No MPI  
	TPI 0.00 Cache miss rates: L1 0.00GB/s L2 0.00GB/s L3 0.00GB/s
	Total MPI calls 0
	IO DATA: rchar 757 wchar 569 syscr 44 syscw 20 read_bytes 0 write_bytes 69632
	Aggregated application's node CPU util.: 2352
	CPU temperature (celsius): socket 0: 47 socket 1: 53[0m
EAR[1890052](hratio_solve_remaining_l30) at 2.60/1.00 in tcn175 MR[0] elapsed 1950 sec.: [32mLoop time: 1.100s DC Power: [35m129.9W[32m DRAM power: 0.00W PCK power: 129.91W
	avg. CPUFreq: 0.00GHz avg. IMCFreq: 0.00GHz
	CPI: 0.383 VPI: 0.00, Mem. bwidth: 0.00GB/s GFLOPS: 0.00 I/O: 0.00MB/s No MPI  
	TPI 0.00 Cache miss rates: L1 0.00GB/s L2 0.00GB/s L3 0.00GB/s
	Total MPI calls 0
	IO DATA: rchar 757 wchar 569 syscr 44 syscw 20 read_bytes 0 write_bytes 65536
	Aggregated application's node CPU util.: 2352
	CPU temperature (celsius): socket 0: 47 socket 1: 53[0m
EAR[1890052](hratio_solve_remaining_l30) at 2.60/1.00 in tcn175 MR[0] elapsed 1961 sec.: [32mLoop time: 1.100s DC Power: [35m129.8W[32m DRAM power: 0.00W PCK power: 129.82W
	avg. CPUFreq: 0.00GHz avg. IMCFreq: 0.00GHz
	CPI: 0.383 VPI: 0.00, Mem. bwidth: 0.00GB/s GFLOPS: 0.00 I/O: 0.00MB/s No MPI  
	TPI 0.00 Cache miss rates: L1 0.00GB/s L2 0.00GB/s L3 0.00GB/s
	Total MPI calls 0
	IO DATA: rchar 757 wchar 569 syscr 44 syscw 20 read_bytes 0 write_bytes 69632
	Aggregated application's node CPU util.: 2352
	CPU temperature (celsius): socket 0: 47 socket 1: 53[0m
EAR[1890052](hratio_solve_remaining_l30) at 2.60/1.00 in tcn175 MR[0] elapsed 1972 sec.: [32mLoop time: 1.100s DC Power: [35m129.7W[32m DRAM power: 0.00W PCK power: 129.75W
	avg. CPUFreq: 0.00GHz avg. IMCFreq: 0.00GHz
	CPI: 0.383 VPI: 0.00, Mem. bwidth: 0.00GB/s GFLOPS: 0.00 I/O: 0.00MB/s No MPI  
	TPI 0.00 Cache miss rates: L1 0.00GB/s L2 0.00GB/s L3 0.00GB/s
	Total MPI calls 0
	IO DATA: rchar 757 wchar 569 syscr 44 syscw 20 read_bytes 0 write_bytes 65536
	Aggregated application's node CPU util.: 2352
	CPU temperature (celsius): socket 0: 46 socket 1: 53[0m
EAR[1890052](hratio_solve_remaining_l30) at 2.60/1.00 in tcn175 MR[0] elapsed 1983 sec.: [32mLoop time: 1.100s DC Power: [35m129.7W[32m DRAM power: 0.00W PCK power: 129.68W
	avg. CPUFreq: 0.00GHz avg. IMCFreq: 0.00GHz
	CPI: 0.383 VPI: 0.00, Mem. bwidth: 0.00GB/s GFLOPS: 0.00 I/O: 0.00MB/s No MPI  
	TPI 0.00 Cache miss rates: L1 0.00GB/s L2 0.00GB/s L3 0.00GB/s
	Total MPI calls 0
	IO DATA: rchar 757 wchar 569 syscr 44 syscw 20 read_bytes 0 write_bytes 69632
	Aggregated application's node CPU util.: 2352
	CPU temperature (celsius): socket 0: 47 socket 1: 53[0m
EAR[1890052](hratio_solve_remaining_l30) at 2.60/1.00 in tcn175 MR[0] elapsed 1994 sec.: [32mLoop time: 1.100s DC Power: [35m129.6W[32m DRAM power: 0.00W PCK power: 129.60W
	avg. CPUFreq: 0.00GHz avg. IMCFreq: 0.00GHz
	CPI: 0.383 VPI: 0.00, Mem. bwidth: 0.00GB/s GFLOPS: 0.00 I/O: 0.00MB/s No MPI  
	TPI 0.00 Cache miss rates: L1 0.00GB/s L2 0.00GB/s L3 0.00GB/s
	Total MPI calls 0
	IO DATA: rchar 757 wchar 569 syscr 44 syscw 20 read_bytes 0 write_bytes 65536
	Aggregated application's node CPU util.: 2352
	CPU temperature (celsius): socket 0: 47 socket 1: 53[0m
EAR[1890052](hratio_solve_remaining_l30) at 2.60/1.00 in tcn175 MR[0] elapsed 2005 sec.: [32mLoop time: 1.100s DC Power: [35m129.6W[32m DRAM power: 0.00W PCK power: 129.56W
	avg. CPUFreq: 0.00GHz avg. IMCFreq: 0.00GHz
	CPI: 0.383 VPI: 0.00, Mem. bwidth: 0.00GB/s GFLOPS: 0.00 I/O: 0.00MB/s No MPI  
	TPI 0.00 Cache miss rates: L1 0.00GB/s L2 0.00GB/s L3 0.00GB/s
	Total MPI calls 0
	IO DATA: rchar 757 wchar 569 syscr 44 syscw 20 read_bytes 0 write_bytes 69632
	Aggregated application's node CPU util.: 2353
	CPU temperature (celsius): socket 0: 47 socket 1: 53[0m
EAR[1890052](hratio_solve_remaining_l30) at 2.60/1.00 in tcn175 MR[0] elapsed 2016 sec.: [32mLoop time: 1.100s DC Power: [35m129.5W[32m DRAM power: 0.00W PCK power: 129.52W
	avg. CPUFreq: 0.00GHz avg. IMCFreq: 0.00GHz
	CPI: 0.383 VPI: 0.00, Mem. bwidth: 0.00GB/s GFLOPS: 0.00 I/O: 0.00MB/s No MPI  
	TPI 0.00 Cache miss rates: L1 0.00GB/s L2 0.00GB/s L3 0.00GB/s
	Total MPI calls 0
	IO DATA: rchar 757 wchar 569 syscr 44 syscw 20 read_bytes 0 write_bytes 65536
	Aggregated application's node CPU util.: 2352
	CPU temperature (celsius): socket 0: 47 socket 1: 53[0m
EAR[1890052](hratio_solve_remaining_l30) at 2.60/1.00 in tcn175 MR[0] elapsed 2027 sec.: [32mLoop time: 1.100s DC Power: [35m129.5W[32m DRAM power: 0.00W PCK power: 129.50W
	avg. CPUFreq: 0.00GHz avg. IMCFreq: 0.00GHz
	CPI: 0.383 VPI: 0.00, Mem. bwidth: 0.00GB/s GFLOPS: 0.00 I/O: 0.00MB/s No MPI  
	TPI 0.00 Cache miss rates: L1 0.00GB/s L2 0.00GB/s L3 0.00GB/s
	Total MPI calls 0
	IO DATA: rchar 757 wchar 569 syscr 44 syscw 20 read_bytes 0 write_bytes 69632
	Aggregated application's node CPU util.: 2352
	CPU temperature (celsius): socket 0: 47 socket 1: 53[0m
EAR[1890052](hratio_solve_remaining_l30) at 2.60/1.00 in tcn175 MR[0] elapsed 2038 sec.: [32mLoop time: 1.100s DC Power: [35m129.5W[32m DRAM power: 0.00W PCK power: 129.48W
	avg. CPUFreq: 0.00GHz avg. IMCFreq: 0.00GHz
	CPI: 0.383 VPI: 0.00, Mem. bwidth: 0.00GB/s GFLOPS: 0.00 I/O: 0.00MB/s No MPI  
	TPI 0.00 Cache miss rates: L1 0.00GB/s L2 0.00GB/s L3 0.00GB/s
	Total MPI calls 0
	IO DATA: rchar 757 wchar 569 syscr 44 syscw 20 read_bytes 0 write_bytes 65536
	Aggregated application's node CPU util.: 2352
	CPU temperature (celsius): socket 0: 47 socket 1: 53[0m
EAR[1890052](hratio_solve_remaining_l30) at 2.60/1.00 in tcn175 MR[0] elapsed 2049 sec.: [32mLoop time: 1.100s DC Power: [35m129.4W[32m DRAM power: 0.00W PCK power: 129.44W
	avg. CPUFreq: 0.00GHz avg. IMCFreq: 0.00GHz
	CPI: 0.383 VPI: 0.00, Mem. bwidth: 0.00GB/s GFLOPS: 0.00 I/O: 0.00MB/s No MPI  
	TPI 0.00 Cache miss rates: L1 0.00GB/s L2 0.00GB/s L3 0.00GB/s
	Total MPI calls 0
	IO DATA: rchar 757 wchar 569 syscr 44 syscw 20 read_bytes 0 write_bytes 69632
	Aggregated application's node CPU util.: 2352
	CPU temperature (celsius): socket 0: 47 socket 1: 53[0m
EAR[1890052](hratio_solve_remaining_l30) at 2.60/1.00 in tcn175 MR[0] elapsed 2060 sec.: [32mLoop time: 1.100s DC Power: [35m129.4W[32m DRAM power: 0.00W PCK power: 129.43W
	avg. CPUFreq: 0.00GHz avg. IMCFreq: 0.00GHz
	CPI: 0.383 VPI: 0.00, Mem. bwidth: 0.00GB/s GFLOPS: 0.00 I/O: 0.00MB/s No MPI  
	TPI 0.00 Cache miss rates: L1 0.00GB/s L2 0.00GB/s L3 0.00GB/s
	Total MPI calls 0
	IO DATA: rchar 757 wchar 569 syscr 44 syscw 20 read_bytes 0 write_bytes 65536
	Aggregated application's node CPU util.: 2353
	CPU temperature (celsius): socket 0: 47 socket 1: 53[0m
EAR[1890052](hratio_solve_remaining_l30) at 2.60/1.00 in tcn175 MR[0] elapsed 2071 sec.: [32mLoop time: 1.100s DC Power: [35m129.4W[32m DRAM power: 0.00W PCK power: 129.41W
	avg. CPUFreq: 0.00GHz avg. IMCFreq: 0.00GHz
	CPI: 0.383 VPI: 0.00, Mem. bwidth: 0.00GB/s GFLOPS: 0.00 I/O: 0.00MB/s No MPI  
	TPI 0.00 Cache miss rates: L1 0.00GB/s L2 0.00GB/s L3 0.00GB/s
	Total MPI calls 0
	IO DATA: rchar 757 wchar 569 syscr 44 syscw 20 read_bytes 0 write_bytes 69632
	Aggregated application's node CPU util.: 2352
	CPU temperature (celsius): socket 0: 47 socket 1: 53[0m
EAR[1890052](hratio_solve_remaining_l30) at 2.60/1.00 in tcn175 MR[0] elapsed 2082 sec.: [32mLoop time: 1.100s DC Power: [35m129.4W[32m DRAM power: 0.00W PCK power: 129.42W
	avg. CPUFreq: 0.00GHz avg. IMCFreq: 0.00GHz
	CPI: 0.383 VPI: 0.00, Mem. bwidth: 0.00GB/s GFLOPS: 0.00 I/O: 0.00MB/s No MPI  
	TPI 0.00 Cache miss rates: L1 0.00GB/s L2 0.00GB/s L3 0.00GB/s
	Total MPI calls 0
	IO DATA: rchar 757 wchar 569 syscr 44 syscw 20 read_bytes 0 write_bytes 65536
	Aggregated application's node CPU util.: 2352
	CPU temperature (celsius): socket 0: 47 socket 1: 53[0m
EAR[1890052](hratio_solve_remaining_l30) at 2.60/1.00 in tcn175 MR[0] elapsed 2093 sec.: [32mLoop time: 1.100s DC Power: [35m129.4W[32m DRAM power: 0.00W PCK power: 129.39W
	avg. CPUFreq: 0.00GHz avg. IMCFreq: 0.00GHz
	CPI: 0.383 VPI: 0.00, Mem. bwidth: 0.00GB/s GFLOPS: 0.00 I/O: 0.00MB/s No MPI  
	TPI 0.00 Cache miss rates: L1 0.00GB/s L2 0.00GB/s L3 0.00GB/s
	Total MPI calls 0
	IO DATA: rchar 757 wchar 569 syscr 44 syscw 20 read_bytes 0 write_bytes 69632
	Aggregated application's node CPU util.: 2352
	CPU temperature (celsius): socket 0: 47 socket 1: 53[0m
EAR[1890052](hratio_solve_remaining_l30) at 2.60/1.00 in tcn175 MR[0] elapsed 2104 sec.: [32mLoop time: 1.100s DC Power: [35m129.4W[32m DRAM power: 0.00W PCK power: 129.38W
	avg. CPUFreq: 0.00GHz avg. IMCFreq: 0.00GHz
	CPI: 0.383 VPI: 0.00, Mem. bwidth: 0.00GB/s GFLOPS: 0.00 I/O: 0.00MB/s No MPI  
	TPI 0.00 Cache miss rates: L1 0.00GB/s L2 0.00GB/s L3 0.00GB/s
	Total MPI calls 0
	IO DATA: rchar 757 wchar 569 syscr 44 syscw 20 read_bytes 0 write_bytes 65536
	Aggregated application's node CPU util.: 2352
	CPU temperature (celsius): socket 0: 47 socket 1: 53[0m
EAR[1890052](hratio_solve_remaining_l30) at 2.60/1.00 in tcn175 MR[0] elapsed 2115 sec.: [32mLoop time: 1.100s DC Power: [35m129.5W[32m DRAM power: 0.00W PCK power: 129.49W
	avg. CPUFreq: 0.00GHz avg. IMCFreq: 0.00GHz
	CPI: 0.383 VPI: 0.00, Mem. bwidth: 0.00GB/s GFLOPS: 0.00 I/O: 0.00MB/s No MPI  
	TPI 0.00 Cache miss rates: L1 0.00GB/s L2 0.00GB/s L3 0.00GB/s
	Total MPI calls 0
	IO DATA: rchar 757 wchar 569 syscr 44 syscw 20 read_bytes 0 write_bytes 69632
	Aggregated application's node CPU util.: 2352
	CPU temperature (celsius): socket 0: 47 socket 1: 53[0m
EAR[1890052](hratio_solve_remaining_l30) at 2.60/1.00 in tcn175 MR[0] elapsed 2126 sec.: [32mLoop time: 1.100s DC Power: [35m129.5W[32m DRAM power: 0.00W PCK power: 129.48W
	avg. CPUFreq: 0.00GHz avg. IMCFreq: 0.00GHz
	CPI: 0.383 VPI: 0.00, Mem. bwidth: 0.00GB/s GFLOPS: 0.00 I/O: 0.00MB/s No MPI  
	TPI 0.00 Cache miss rates: L1 0.00GB/s L2 0.00GB/s L3 0.00GB/s
	Total MPI calls 0
	IO DATA: rchar 757 wchar 569 syscr 44 syscw 20 read_bytes 0 write_bytes 65536
	Aggregated application's node CPU util.: 2352
	CPU temperature (celsius): socket 0: 47 socket 1: 53[0m
EAR[1890052](hratio_solve_remaining_l30) at 2.60/1.00 in tcn175 MR[0] elapsed 2137 sec.: [32mLoop time: 1.100s DC Power: [35m129.5W[32m DRAM power: 0.00W PCK power: 129.47W
	avg. CPUFreq: 0.00GHz avg. IMCFreq: 0.00GHz
	CPI: 0.383 VPI: 0.00, Mem. bwidth: 0.00GB/s GFLOPS: 0.00 I/O: 0.00MB/s No MPI  
	TPI 0.00 Cache miss rates: L1 0.00GB/s L2 0.00GB/s L3 0.00GB/s
	Total MPI calls 0
	IO DATA: rchar 757 wchar 569 syscr 44 syscw 20 read_bytes 0 write_bytes 69632
	Aggregated application's node CPU util.: 2352
	CPU temperature (celsius): socket 0: 47 socket 1: 53[0m
EAR[1890052](hratio_solve_remaining_l30) at 2.60/1.00 in tcn175 MR[0] elapsed 2148 sec.: [32mLoop time: 1.100s DC Power: [35m129.5W[32m DRAM power: 0.00W PCK power: 129.46W
	avg. CPUFreq: 0.00GHz avg. IMCFreq: 0.00GHz
	CPI: 0.383 VPI: 0.00, Mem. bwidth: 0.00GB/s GFLOPS: 0.00 I/O: 0.00MB/s No MPI  
	TPI 0.00 Cache miss rates: L1 0.00GB/s L2 0.00GB/s L3 0.00GB/s
	Total MPI calls 0
	IO DATA: rchar 757 wchar 569 syscr 44 syscw 20 read_bytes 0 write_bytes 69632
	Aggregated application's node CPU util.: 2353
	CPU temperature (celsius): socket 0: 47 socket 1: 53[0m
EAR[1890052](hratio_solve_remaining_l30) at 2.60/1.00 in tcn175 MR[0] elapsed 2159 sec.: [32mLoop time: 1.100s DC Power: [35m129.4W[32m DRAM power: 0.00W PCK power: 129.42W
	avg. CPUFreq: 0.00GHz avg. IMCFreq: 0.00GHz
	CPI: 0.383 VPI: 0.00, Mem. bwidth: 0.00GB/s GFLOPS: 0.00 I/O: 0.00MB/s No MPI  
	TPI 0.00 Cache miss rates: L1 0.00GB/s L2 0.00GB/s L3 0.00GB/s
	Total MPI calls 0
	IO DATA: rchar 757 wchar 569 syscr 44 syscw 20 read_bytes 0 write_bytes 69632
	Aggregated application's node CPU util.: 2352
	CPU temperature (celsius): socket 0: 47 socket 1: 53[0m
[24/24]	Finished my work in:	2163.151164 us.
EAR[1890052](hratio_solve_remaining_l30) at 2.60/1.00 in tcn175 MR[0] elapsed 2170 sec.: [32mLoop time: 1.100s DC Power: [35m129.4W[32m DRAM power: 0.00W PCK power: 129.42W
	avg. CPUFreq: 0.00GHz avg. IMCFreq: 0.00GHz
	CPI: 0.383 VPI: 0.00, Mem. bwidth: 0.00GB/s GFLOPS: 0.00 I/O: 0.00MB/s No MPI  
	TPI 0.00 Cache miss rates: L1 0.00GB/s L2 0.00GB/s L3 0.00GB/s
	Total MPI calls 0
	IO DATA: rchar 757 wchar 569 syscr 44 syscw 20 read_bytes 0 write_bytes 69632
	Aggregated application's node CPU util.: 2352
	CPU temperature (celsius): socket 0: 47 socket 1: 53[0m
[7/24]	Finished my work in:	2177.208860 us.
[6/24]	Finished my work in:	2179.566205 us.
EAR[1890052](hratio_solve_remaining_l30) at 2.60/1.00 in tcn175 MR[0] elapsed 2181 sec.: [32mLoop time: 1.100s DC Power: [35m129.4W[32m DRAM power: 0.00W PCK power: 129.40W
	avg. CPUFreq: 0.00GHz avg. IMCFreq: 0.00GHz
	CPI: 0.381 VPI: 0.00, Mem. bwidth: 0.00GB/s GFLOPS: 0.00 I/O: 0.00MB/s No MPI  
	TPI 0.00 Cache miss rates: L1 0.00GB/s L2 0.00GB/s L3 0.00GB/s
	Total MPI calls 0
	IO DATA: rchar 757 wchar 569 syscr 44 syscw 20 read_bytes 0 write_bytes 69632
	Aggregated application's node CPU util.: 2352
	CPU temperature (celsius): socket 0: 47 socket 1: 53[0m
EAR[1890052](hratio_solve_remaining_l30) at 2.60/1.00 in tcn175 MR[0] elapsed 2192 sec.: [32mLoop time: 1.100s DC Power: [35m129.4W[32m DRAM power: 0.00W PCK power: 129.37W
	avg. CPUFreq: 0.00GHz avg. IMCFreq: 0.00GHz
	CPI: 0.374 VPI: 0.00, Mem. bwidth: 0.00GB/s GFLOPS: 0.00 I/O: 0.00MB/s No MPI  
	TPI 0.00 Cache miss rates: L1 0.00GB/s L2 0.00GB/s L3 0.00GB/s
	Total MPI calls 0
	IO DATA: rchar 757 wchar 569 syscr 44 syscw 20 read_bytes 0 write_bytes 69632
	Aggregated application's node CPU util.: 2352
	CPU temperature (celsius): socket 0: 47 socket 1: 53[0m
EAR[1890052](hratio_solve_remaining_l30) at 2.60/1.00 in tcn175 MR[0] elapsed 2203 sec.: [32mLoop time: 1.100s DC Power: [35m129.4W[32m DRAM power: 0.00W PCK power: 129.38W
	avg. CPUFreq: 0.00GHz avg. IMCFreq: 0.00GHz
	CPI: 0.374 VPI: 0.00, Mem. bwidth: 0.00GB/s GFLOPS: 0.00 I/O: 0.00MB/s No MPI  
	TPI 0.00 Cache miss rates: L1 0.00GB/s L2 0.00GB/s L3 0.00GB/s
	Total MPI calls 0
	IO DATA: rchar 757 wchar 569 syscr 44 syscw 20 read_bytes 0 write_bytes 65536
	Aggregated application's node CPU util.: 2352
	CPU temperature (celsius): socket 0: 47 socket 1: 53[0m
[4/24]	Finished my work in:	2203.884887 us.
[34m[tcn175][0][INFO] [0mScope APP master 1 elapsed 0.000000
------------------------------------------- Application Summary [tcn175] -------------------------------------------
--- App id: hratio_solve_remaining_l30 / user id: ovaneck2 / account: vusei12999 / job.step: 18149155.0.1890052 ---


(Appl. sign.) Wall time: 2203.927 s, CPU util.: 2352 %, nominal freq.: 2.60 GHz, avg. freq: 0.00 GHz, avg imc freq: 0.00 GHz
              Avg. mpi_time/exec_time 0.0 %

              tasks: 24

              CPI/TPI: 0.424/0.000, GB/s: 0.000, GFLOPS: 0.000, IO: 0.003 (MB/s)
              DC/DRAM/PCK power: 128.646/0.000/128.599 (W) GFlops/Watts 0.000


--------------------------------------------------------------------------------------------------------------------
[10/24]	Finalized MPI..
[14/24]	Finalized MPI..
[11/24]	Finalized MPI..
[20/24]	Finalized MPI..
[13/24]	Finalized MPI..
[19/24]	Finalized MPI..
[23/24]	Finalized MPI..
[17/24]	Finalized MPI..
[16/24]	Finalized MPI..
[12/24]	Finalized MPI..
[15/24]	Finalized MPI..
[24/24]	Finalized MPI..
[22/24]	Finalized MPI..
[7/24]	Finalized MPI..
[9/24]	Finalized MPI..
[21/24]	Finalized MPI..
[4/24]	Finalized MPI..
[18/24]	Finalized MPI..
[6/24]	Finalized MPI..
[5/24]	Finalized MPI..
[3/24]	Finalized MPI..
[1/24]	Finalized MPI..
[1/24]	Merging results..
[2/24]	Finalized MPI..
[8/24]	Finalized MPI..
