protein_id,algorithm,time,score,checked,placed,hash
0,dfs_bnb_mpi,1571.18,-19,20,377143532,"[-1, -2, 1, 1, 2, 2, 1, 1, 1, -2, -1, -1, -2, 1, 1, -2, -1, -1, -1, -1, -1, -2, -2, 1, 2, 1, 1, 1, 1]"
1,dfs_bnb_mpi,3068.27,-19,20,658673629,"[-1, -1, 2, 2, 2, 2, 2, 1, 2, 1, 1, 1, -2, -2, -2, -1, -2, -2, -1, -1, 2, 1, 2, -1, 2, 1, 2, 1, -2]"
2,dfs_bnb_mpi,2422.41,-19,20,559743038,"[-1, -1, 2, 2, 2, 2, 1, 1, 2, -1, 2, 1, 1, -2, 1, -2, -1, -2, 1, -2, -2, -1, 2, -1, 2, -1, -2, -2, 1]"
3,dfs_bnb_mpi,1757.28,-20,21,404335892,"[-1, -1, 2, 1, 1, 1, -2, -2, -1, -1, -1, -2, -2, 1, 2, 1, -2, 1, 1, 1, 2, 2, 2, 2, -1, -2, -2, -2, -1]"
4,dfs_bnb_mpi,1284,-19,20,279323003,"[-1, -1, 2, 2, 2, 2, 2, 1, 2, 1, -2, 1, -2, -1, -1, -2, 1, -2, -1, -2, 1, 1, 2, 2, 1, -2, -2, -2, -1]"
5,dfs_bnb_mpi,1499.31,-19,20,334719041,"[-1, -1, 2, 2, 2, 2, 2, 2, 1, 1, 1, -2, 1, -2, -1, -1, 2, -1, -2, -2, 1, 1, 1, -2, -1, -1, -1, -2, 1]"
6,dfs_bnb_mpi,373.336,-20,21,85031988,"[-1, -1, 2, 2, 2, 1, -2, -2, 1, 2, 2, 1, 1, -2, -1, -2, 1, -2, -1, -2, 1, -2, -1, -1, 2, -1, -1, -2, 1]"
7,dfs_bnb_mpi,1345.49,-20,21,314626982,"[-1, -1, 2, 2, 2, 2, -1, -2, -2, -2, -2, -2, 1, 1, 1, 1, 2, 2, 2, 2, 2, -1, -1, -2, 1, -2, -1, -2, 1]"
8,dfs_bnb_mpi,2713.5,-19,20,641355801,"[-1, -1, 2, 1, 2, 2, -1, -2, -1, 2, -1, -2, -1, 2, -1, -2, -2, 1, -2, -1, -2, 1, 1, 2, 2, 1, -2, -2, 1]"
9,dfs_bnb_mpi,1691.98,-19,20,374396708,"[-1, -1, 2, -1, -1, -1, -1, -2, 1, 1, 1, -2, 1, 1, -2, -2, -1, 2, -1, -2, -1, 2, 2, -1, -1, -2, -2, 1, 2]"
10,dfs_bnb_mpi,1225.64,-19,20,288312503,"[-1, -1, 2, 2, 2, 2, 2, 1, 1, -2, -1, -2, -2, -2, 1, 1, 1, 1, 2, -1, -1, -1, 2, 1, 2, 2, 1, -2, -2]"
11,dfs_bnb_mpi,4168.77,-19,20,917014073,"[-1, -2, 1, 1, 2, 2, 1, 1, 1, -2, -2, -1, -2, 1, 1, -2, -1, -1, -1, -1, -1, -1, 2, 1, 1, 1, 2, 2, 1]"
12,dfs_bnb_mpi,703.882,-20,21,157183872,"[-1, -1, 2, 1, 2, 2, -1, -2, -1, 2, -1, -2, -2, 1, -2, -1, -2, 1, 1, 1, 1, 1, 2, 2, -1, 2, 2, 1, -2]"
13,dfs_bnb_mpi,2773.25,-19,20,622806923,"[-1, -1, 2, 2, 2, 2, 1, 1, 1, -2, 1, 2, 1, -2, -2, -1, -2, 1, -2, -1, -1, 2, 2, -1, 2, -1, -2, -2, 1]"
14,dfs_bnb_mpi,1617.76,-20,21,356824926,"[-1, -1, 2, 2, 2, 1, 1, 1, 1, -2, -2, -2, -2, -2, -1, -1, -1, -1, 2, 1, 1, 1, 2, 2, 2, -1, -1, -2, 1]"
15,dfs_bnb_mpi,520.292,-19,20,115864819,"[-1, -1, 2, 2, 2, 2, 2, 1, -2, 1, 2, 1, -2, 1, -2, -1, -1, -1, -2, -2, 1, 2, 1, 1, -2, -1, -2, -2, -1]"
16,dfs_bnb_mpi,1372.77,-19,20,301476647,"[-1, -1, 2, 2, 2, 2, 2, 1, 1, 1, 1, -2, -1, -1, -1, -2, 1, 1, 1, -2, -1, -1, -1, -2, 1, 1, 1, -2, -1]"
17,dfs_bnb_mpi,1641.62,-20,21,388403045,"[-1, -1, -1, -1, 2, 2, 2, 2, 2, 1, 1, -2, -1, -2, 1, -2, 1, 2, 2, 2, 1, -2, -2, -2, -2, -1, -1, -1, 2]"
18,dfs_bnb_mpi,2823.3,-19,20,617397154,"[-1, -1, 2, 2, 2, 2, 2, 2, 2, 1, -2, -2, -2, 1, 2, 2, 1, -2, -2, -2, -1, -1, -2, -2, 1, 2, 1, -2, -2]"
19,dfs_bnb_mpi,1271.82,-19,20,283210942,"[-1, -1, 2, 2, 2, 2, 1, 1, 1, 1, 1, -2, -1, -1, -1, -1, -2, -2, 1, 2, 1, 1, 1, -2, -2, -1, 2, -1, -2]"
20,dfs_bnb_mpi,1245.08,-19,20,279060972,"[-1, -1, 2, 2, 2, 2, -1, -2, -2, -2, -1, -2, 1, -2, 1, 1, 1, 1, 2, 2, -1, -1, 2, 2, 2, 1, -2, -2, 1]"
21,dfs_bnb_mpi,1927.82,-20,21,425859659,"[-1, -2, -2, -2, -2, -2, 1, 2, 2, 2, 2, 1, 2, 1, 1, -2, -1, -2, -1, -2, 1, -2, -1, -2, 1, 1, 2, 2, 2]"
22,dfs_bnb_mpi,1511.91,-19,20,342397798,"[-1, -1, 2, 2, 2, 2, 1, 2, 2, 1, 1, -2, -1, -2, -2, -1, -2, -2, 1, 2, 1, 2, 2, 1, -2, -2, -2, -1, -2]"
23,dfs_bnb_mpi,1272.03,-19,20,283438121,"[-1, -1, 2, 2, 1, -2, 1, 2, 2, -1, -1, 2, -1, -2, -2, -2, -2, -1, 2, 2, 2, 2, 2, 1, 1, 1, 1, -2, -1]"
24,dfs_bnb_mpi,334.629,-19,20,78279837,"[-1, -1, 2, 2, 2, 2, 2, 2, 1, -2, -2, -2, -2, -2, 1, 2, 2, 2, 2, 2, 1, -2, -2, -2, -2, 1, -2, -1, -2]"
25,dfs_bnb_mpi,1118.11,-20,21,259104523,"[-1, -2, 1, 1, 2, 1, 1, -2, -1, -2, -2, -1, 2, -1, -1, -2, 1, -2, -1, -2, 1, 1, 2, 1, -2, 1, 2, 2, 2]"
26,dfs_bnb_mpi,669.574,-20,20,145228800,"[-1, -1, 2, 2, 2, 2, 2, 1, 1, 1, 1, -2, -1, -1, -1, -2, 1, 1, -2, -1, -1, -2, 1, 1, -2, 1, 2, 2, 2]"
27,dfs_bnb_mpi,1869.02,-19,20,424237304,"[-1, -1, -1, 2, 2, 2, 2, 2, 1, 1, -2, -1, -2, 1, -2, -1, -2, 1, 1, 2, 2, 2, 2, 1, -2, -2, -2, -2, -2]"
28,dfs_bnb_mpi,702.899,-19,20,158791960,"[-1, -1, 2, 2, 2, 1, 2, 1, -2, 1, -2, -1, -1, -2, 1, 1, -2, -2, -1, -1, -1, -1, 2, 2, 2, 2, 2, 1, 2]"
29,dfs_bnb_mpi,880.956,-19,20,207286570,"[-1, -1, 2, 2, 2, 2, 1, -2, -2, -2, 1, 2, 1, 2, -1, 2, 2, -1, -1, -1, -1, -2, 1, -2, -1, -2, -2, 1, 2]"
30,dfs_bnb_mpi,2784.65,-19,20,653307195,"[-1, -1, 2, 2, 2, 2, 1, 2, -1, 2, 1, 1, -2, -2, 1, 2, 2, 1, -2, -2, -2, -1, -1, -1, -2, -2, 1, 2, 1]"
31,dfs_bnb_mpi,5402.82,-18,19,1164484261,"[-1, -1, 2, 2, 2, 1, 1, 1, 1, 1, -2, -1, -1, -1, -1, -2, 1, 1, 1, 1, -2, -2, -1, 2, -1, -2, -1, -1, -1]"
32,dfs_bnb_mpi,713.739,-20,21,168085623,"[-1, -1, 2, 2, 1, -2, 1, 2, 1, 1, -2, -1, -2, 1, -2, -1, -2, 1, -2, -1, -1, 2, -1, -2, -1, 2, 2, 1, 1]"
33,dfs_bnb_mpi,781.774,-19,20,172953567,"[-1, -1, 2, 1, 1, 1, 1, 1, -2, -1, -1, -2, 1, 1, -2, -1, -1, -1, 2, -1, -1, -2, 1, -2, 1, 1, 1, 1, 1]"
34,dfs_bnb_mpi,699.803,-19,20,154229532,"[-1, -1, 2, 2, 2, 2, 1, 2, 1, 1, 1, -2, -1, -1, -2, -1, -2, -2, 1, 2, 1, 2, 1, -2, -2, -1, -2, 1, 1]"
35,dfs_bnb_mpi,3194.92,-19,19,699703427,"[-1, -1, 2, 2, 2, 2, 1, 1, 1, 1, 1, -2, -1, -1, -1, -1, -2, -2, 1, 2, 1, 1, 1, -2, -1, -1, -2, 1, 1]"
36,dfs_bnb_mpi,819.231,-20,21,180005641,"[-1, -1, -1, 2, 1, 1, 1, 1, 1, -2, -1, -2, -1, -1, -1, -1, -2, -2, 1, 2, 1, -2, 1, 2, 1, -2, 1, 2, 2]"
37,dfs_bnb_mpi,3114.17,-19,20,692940809,"[-1, -1, 2, 2, 2, 2, 1, 2, -1, 2, 1, 1, -2, 1, 2, 1, -2, -2, -2, -1, 2, -1, -2, -1, -2, -2, 1, 2, 1]"
38,dfs_bnb_mpi,1394.74,-19,20,310735416,"[-1, -1, 2, 2, 1, -2, 1, 1, -2, 1, 2, 2, 2, 2, 2, -1, -2, -2, -2, -1, 2, 2, 2, -1, -1, -2, 1, -2, -1]"
39,dfs_bnb_mpi,2009.16,-19,20,496987493,"[-1, -1, 2, 2, 1, -2, 1, 2, 2, 1, 1, 1, -2, -1, -1, -2, 1, 1, -2, -2, -2, -1, 2, 2, -1, -2, -1, -1, -1]"
40,dfs_bnb_mpi,1505.53,-19,20,349539689,"[-1, -1, 2, 2, 2, 2, 1, 1, -2, -1, -2, -2, 1, 2, 1, 2, 2, 2, -1, 2, -1, -2, -1, -1, -2, -2, -2, -2, -2]"
41,dfs_bnb_mpi,689.622,-20,21,158861486,"[-1, -1, 2, 2, 2, 1, 1, -2, -1, -2, 1, 1, -2, -2, -1, -1, -1, -2, 1, 1, 1, 1, 2, 2, 2, 2, 2, -1, -2]"
42,dfs_bnb_mpi,1010.93,-20,21,240579523,"[-1, -1, 2, 2, 2, 1, 2, -1, 2, 1, 1, -2, -2, 1, 2, 2, 1, -2, -2, -2, -2, -2, -1, 2, 2, -1, -1, -2, 1]"
43,dfs_bnb_mpi,2072.83,-19,20,499481066,"[-1, -1, 2, 2, 2, 2, 2, 1, 1, -2, -1, -2, 1, 1, 2, 1, -2, 1, -2, -1, -2, -2, -1, 2, 2, -1, -1, -2, 1]"
44,dfs_bnb_mpi,2604,-19,19,621744412,"[-1, -1, 2, 2, 2, 2, 2, 1, 2, 1, -2, 1, 1, -2, -1, -1, -2, 1, 1, -2, -2, -1, 2, -1, -2, -1, 2, 2, 2]"
45,dfs_bnb_mpi,366.347,-20,21,85494108,"[-1, -1, 2, 2, 2, -1, 2, 1, 1, 1, 1, -2, -1, -1, -2, -2, 1, 2, 1, -2, -2, -2, -1, -1, -1, -1, 2, 2, 2]"
46,dfs_bnb_mpi,930.479,-19,20,225773831,"[-1, -1, 2, 2, 2, 2, 1, -2, 1, -2, -1, -2, 1, 1, 1, 2, -1, 2, 1, 2, 2, -1, 2, -1, -1, -2, 1, -2, 1]"
47,dfs_bnb_mpi,3016.4,-19,20,671073455,"[-1, -1, 2, 2, 1, -2, 1, 2, 2, 1, 1, 1, -2, -2, -2, -2, -2, -1, 2, 2, 2, 2, -1, -2, -2, -2, -1, -1, -1]"
48,dfs_bnb_mpi,2040.63,-19,20,486601680,"[-1, -1, 2, 2, 2, 1, -2, -2, 1, 2, 2, 2, 2, -1, -1, -1, -1, -2, -2, -2, -2, -2, 1, 2, 2, 2, 2, 1, 1]"
49,dfs_bnb_mpi,1773.04,-20,21,393477592,"[-1, -1, 2, 2, 1, -2, 1, 2, 1, 1, -2, -1, -2, 1, -2, -2, -2, -1, 2, 2, -1, -1, -1, -2, 1, 1, -2, -1, -1]"
50,dfs_bnb_mpi,3141.66,-19,20,690189132,"[-1, -1, 2, 2, 1, -2, 1, 2, 2, 1, 1, 1, -2, 1, -2, -1, -1, 2, -1, -2, -2, 1, 1, -2, -1, -1, -1, -1, -1]"
51,dfs_bnb_mpi,1178.28,-19,20,262632033,"[-1, -1, 2, 2, 2, 2, 2, 2, 1, -2, 1, 1, -2, 1, -2, -1, -1, 2, -1, -2, -2, -2, 1, 2, 1, 1, -2, -1, -2]"
52,dfs_bnb_mpi,1737.07,-19,20,408178567,"[-1, -1, 2, 2, 2, 2, 1, 1, 1, 1, -2, -1, -1, -1, -2, -2, 1, 2, 1, -2, -2, 1, 1, 2, -1, 2, 1, 2, 2]"
53,dfs_bnb_mpi,742.135,-20,21,165296864,"[-1, -1, 2, 2, 2, 2, 2, 1, 1, 1, 1, -2, -1, -1, -1, -2, 1, 1, 1, -2, -1, -1, -1, -2, 1, 1, 1, -2, -1]"
54,dfs_bnb_mpi,500.908,-19,20,112100267,"[-1, -1, 2, 2, 2, 2, 2, 1, 1, 1, -2, -1, -1, -2, 1, 1, 1, -2, -1, -1, -1, -2, 1, 1, 1, -2, -2, -1, 2]"
55,dfs_bnb_mpi,3001.05,-19,20,664966976,"[-1, -1, 2, 2, 2, 1, 2, 2, 1, 1, 2, 1, -2, -2, -1, -1, -2, 1, 1, -2, -1, -1, -1, -2, 1, 1, 1, -2, -1]"
56,dfs_bnb_mpi,709.627,-20,21,157334338,"[-1, -1, 2, 2, -1, -2, -2, -1, 2, 2, 2, 2, 2, 1, 1, -2, -1, -2, 1, 1, -2, -2, 1, 2, 2, 2, 2, -1, -2]"
57,dfs_bnb_mpi,2823.23,-19,20,622589624,"[-1, -1, 2, 2, 2, 2, 2, 1, 1, 1, 2, 1, -2, -2, -2, -2, -2, -1, 2, 2, 2, -1, -1, -2, 1, -2, -1, -2, 1]"
58,dfs_bnb_mpi,5081.44,-18,19,1115791897,"[-1, -1, 2, 2, 2, 2, 1, 2, 1, 1, 1, -2, 1, -2, -1, -1, 2, -1, -2, -1, -2, -2, 1, 2, 1, -2, 1, 2, 1]"
59,dfs_bnb_mpi,2985,-19,20,657641739,"[-1, -1, 2, 2, 2, 1, 1, 1, 1, -2, -2, -2, -2, -2, -1, -1, -1, -1, 2, 1, 1, 1, 2, 2, 2, -1, -1, -2, 1]"
60,dfs_bnb_mpi,2786.91,-19,20,613680265,"[-1, -1, 2, 2, 2, 2, 2, 2, 1, -2, 1, 1, -2, -2, 1, -2, -1, -1, 2, 2, -1, -2, -2, -2, 1, 1, 1, -2, -1]"
61,dfs_bnb_mpi,1852.68,-20,21,409523371,"[-1, -2, -2, -2, -2, -2, 1, 2, 2, 1, 2, -1, 2, 1, 2, 1, 1, -2, -1, -2, 1, -2, -1, -2, -1, -2, 1, 1, 2]"
62,dfs_bnb_mpi,1048.17,-20,21,233057329,"[-1, -2, 1, 1, -2, -1, -1, -2, -2, 1, 2, 1, -2, 1, 2, 2, 2, 1, -2, -2, -2, 1, 2, 2, 2, 2, -1, -1, -1]"
63,dfs_bnb_mpi,1838.83,-20,21,406495014,"[-1, -1, 2, 2, 2, 2, 1, 1, 1, 1, 1, -2, -2, -1, -2, 1, -2, -1, -1, 2, 2, -1, -2, -1, 2, 2, 1, 1, 1]"
64,dfs_bnb_mpi,697.622,-19,20,156516918,"[-1, -1, 2, 2, 2, 1, 1, 1, -2, -1, -1, -2, 1, 1, -2, -2, -2, -1, 2, -1, -2, -1, 2, -1, 2, 2, 2, 2, 2]"
65,dfs_bnb_mpi,1685.83,-20,21,373863851,"[-1, -1, 2, 2, -1, -2, -2, -2, 1, -2, -1, -2, 1, 1, 1, 1, 2, -1, -1, 2, 1, 1, 2, 2, 2, -1, -1, -2, 1]"
66,dfs_bnb_mpi,756.487,-19,20,169067299,"[-1, -2, 1, 1, 2, 2, 2, 1, 1, -2, -1, -2, 1, -2, -1, -2, 1, -2, -2, -1, 2, -1, 2, -1, -1, -2, 1, -2, 1]"
67,dfs_bnb_mpi,2983.98,-19,20,659511881,"[-1, -1, 2, 2, -1, -2, -2, -1, 2, 2, 2, 2, 2, 1, 1, 1, 1, -2, -1, -1, -1, -2, 1, 1, 1, -2, -1, -2, 1]"
68,dfs_bnb_mpi,1667.74,-19,20,422738876,"[-1, -1, 2, 2, 2, 2, 2, 1, 1, -2, -1, -2, 1, 1, 2, 2, 1, -2, 1, -2, -1, -2, -2, -1, 2, -1, -1, -2, 1]"
69,dfs_bnb_mpi,1468.62,-20,21,350689647,"[-1, -1, -1, 2, 2, 1, -2, 1, 2, 1, 1, 1, -2, -2, -2, -2, -1, -1, -1, -1, -1, 2, 1, 1, 1, 1, 2, 2, -1]"
70,dfs_bnb_mpi,5034.35,-18,19,1113180834,"[-1, -1, 2, 2, 2, 2, 2, 1, 2, 1, 1, -2, -2, -2, -2, 1, -2, -2, -1, 2, -1, -1, 2, 1, 2, -1, 2, 1, 2]"
71,dfs_bnb_mpi,2983.33,-19,19,660262391,"[-1, -1, 2, 2, 2, 2, 2, 1, 1, -2, 1, 1, -2, 1, -2, -1, -2, -2, -1, 2, 2, 2, -1, -2, -2, -1, 2, 2, 2]"
72,dfs_bnb_mpi,3015.33,-19,20,653957146,"[-1, -1, 2, 2, 2, 2, 1, 1, 1, -2, 1, 2, 1, -2, -2, -1, -1, -1, 2, -1, -2, -2, 1, 1, 1, 1, -2, -1, -1]"
73,dfs_bnb_mpi,1349.52,-19,20,295402384,"[-1, -1, 2, 2, 2, 2, 2, 1, 2, -1, 2, 1, 1, 1, -2, -1, -2, 1, -2, -1, -1, -2, 1, 1, -2, -1, -1, -2, 1]"
74,dfs_bnb_mpi,2561.73,-19,20,598141233,"[-1, -1, 2, 2, 2, 1, -2, -2, 1, 2, 2, 2, -1, -1, -1, -1, -1, -2, -2, -2, -2, 1, 2, 2, 2, 1, -2, -2, -2]"
75,dfs_bnb_mpi,1161.06,-19,20,281260357,"[-1, -1, 2, 2, 2, 2, 2, 1, 2, 1, -2, 1, -2, -1, -1, -2, 1, -2, 1, 2, 1, -2, -2, -2, -1, 2, -1, -1, 2]"
76,dfs_bnb_mpi,3269.76,-19,20,723989755,"[-1, -1, 2, 2, 2, 2, 1, 1, 1, -2, 1, 2, 1, -2, -2, -1, -2, 1, -2, -1, -1, 2, 2, -1, 2, -1, -2, -2, 1]"
77,dfs_bnb_mpi,2840.17,-19,20,615949834,"[-1, -1, 2, 2, 2, 2, 2, 1, 2, 1, 1, 1, -2, -1, -2, 1, -2, -2, -1, 2, -1, -2, -2, -1, 2, 2, 2, 1, 2]"
78,dfs_bnb_mpi,2184.24,-19,20,511866462,"[-1, -1, 2, 2, 2, 2, 2, 1, 2, 1, -2, 1, 1, -2, -1, -1, -1, -2, 1, 1, 1, -2, -1, -1, -1, -2, 1, 1, -2]"
79,dfs_bnb_mpi,2959.21,-19,19,675354780,"[-1, -1, 2, 2, 2, 2, 2, 2, 1, 1, 1, -2, 1, -2, -2, -1, -1, -2, 1, -2, -1, -1, 2, 2, 2, 2, 1, -2, 1]"
80,dfs_bnb_mpi,1619.8,-19,20,405257375,"[-1, -1, 2, 2, 2, 2, 2, 2, 1, 1, 1, 1, -2, -1, -1, -1, -2, 1, 1, 1, -2, -1, -2, -1, 2, -1, -2, -2, 1]"
81,dfs_bnb_mpi,530.17,-19,20,131607581,"[-1, -1, 2, 2, 2, 2, 2, 2, 1, -2, -2, -2, -2, -2, 1, 2, 2, 2, 2, 1, -2, -2, 1, -2, -1, -2, 1, -2, -1]"
82,dfs_bnb_mpi,1158.07,-19,20,257680206,"[-1, -1, 2, 2, 2, 2, 2, 1, 2, 1, 1, 1, -2, -1, -1, -2, -1, -2, -2, -2, 1, 2, 2, 1, -2, 1, 2, 2, -1]"
83,dfs_bnb_mpi,2435.79,-19,20,590828875,"[-1, -1, 2, 2, 2, 2, 2, 2, 1, -2, 1, 2, 1, -2, -2, -1, -2, 1, 1, -2, -2, -1, 2, -1, -2, -1, 2, 2, 2]"
84,dfs_bnb_mpi,594.699,-18,19,137081709,"[-1, -1, 2, 2, 2, 2, 2, 1, -2, -2, -2, -2, 1, 2, 1, 2, -1, 2, 2, 2, -1, -1, -1, -2, -2, -2, -2, -2, -1]"
85,dfs_bnb_mpi,1471.71,-20,21,351341497,"[-1, -1, 2, 2, 2, 2, 1, 1, 1, -2, -1, -1, -2, -2, 1, 2, 1, 1, 2, 2, 1, -2, -2, -2, -1, -1, -2, 1, 1]"
86,dfs_bnb_mpi,769.683,-20,21,170640727,"[-1, -1, -1, 2, 2, 1, -2, 1, 2, 1, -2, 1, 2, 1, -2, -2, -1, -2, -1, -1, -1, -1, -2, 1, 1, 1, 1, 1, 2]"
87,dfs_bnb_mpi,1491.65,-20,21,354438069,"[-1, -1, 2, 2, 2, 1, 2, -1, 2, 1, 1, 1, 1, -2, -2, -1, -2, 1, -2, -2, -1, 2, -1, -1, 2, 1, 2, 2, 1]"
88,dfs_bnb_mpi,1637.8,-20,21,388615569,"[-1, -1, 2, 2, 1, -2, 1, 2, 1, 1, 1, -2, -2, -2, -2, -1, -1, -1, -1, -1, 2, 1, 1, 1, 2, 2, 1, -2, -2]"
89,dfs_bnb_mpi,461.501,-19,20,109850328,"[-1, -1, 2, 2, 2, 2, 2, 1, 1, 1, -2, -1, -1, -2, -2, -2, 1, 1, 1, 2, -1, -1, 2, 1, 1, 2, 1, 2, -1]"
90,dfs_bnb_mpi,1219.45,-19,19,271510311,"[-1, -1, 2, 2, 1, -2, 1, 2, 2, 2, 2, -1, -1, -2, 1, -2, -1, -1, -2, -2, -2, -1, 2, 2, 2, 2, 2, 1, -2]"
91,dfs_bnb_mpi,734.278,-19,20,174051488,"[-1, -1, 2, 2, 2, 2, 1, -2, 1, -2, -1, -2, 1, 1, 2, 1, -2, -2, -1, -2, 1, -2, -1, -1, 2, -1, -1, -2, 1]"
92,dfs_bnb_mpi,4918.2,-18,18,1088747143,"[-1, -1, 2, 2, 2, 2, 2, 2, 1, 1, 1, -2, -2, -2, 1, -2, -2, -1, 2, -1, 2, 2, 2, -1, -2, -2, -2, -2, 1]"
93,dfs_bnb_mpi,2772.7,-19,20,648334587,"[-1, -1, 2, 2, 2, 2, 2, 1, 1, 1, 1, -2, -1, -1, -2, 1, 1, -2, -2, -2, -1, 2, 2, -1, -2, -1, 2, 2, 2]"
94,dfs_bnb_mpi,2944.9,-19,20,647307286,"[-1, -1, 2, 2, 1, -2, 1, 2, 2, 2, 2, -1, -1, -1, -1, -2, 1, 1, 1, -2, -1, -1, -1, -2, 1, -2, -1, -2, 1]"
95,dfs_bnb_mpi,2859.5,-19,19,634147012,"[-1, -1, 2, 2, 2, 1, 2, 2, 2, 1, -2, -2, 1, 2, 1, -2, -2, -1, -1, -2, 1, 1, -2, -2, -1, 2, -1, -1, 2]"
96,dfs_bnb_mpi,334.217,-19,20,79669664,"[-1, -1, 2, 2, 2, 2, 2, 2, 1, -2, -2, -2, -2, -2, 1, 2, 2, 2, 2, 2, 1, -2, -2, -2, 1, -2, -2, -1, 2]"
97,dfs_bnb_mpi,2425.11,-19,20,595132930,"[-1, -1, 2, 2, 2, 2, 2, 2, 1, 1, 1, -2, -1, -1, -2, -2, 1, 2, 1, 1, -2, -1, -2, -1, -1, -2, 1, 1, -2]"
98,dfs_bnb_mpi,2883.53,-19,20,634743604,"[-1, -1, 2, 2, 2, 1, 1, 1, 1, 1, -2, -2, -2, -2, -1, 2, 2, 2, -1, -1, -1, -2, 1, 1, -2, -2, -1, -1, -1]"
99,dfs_bnb_mpi,3018.67,-19,20,662278762,"[-1, -1, 2, 1, 2, 2, 2, -1, 2, -1, -2, -2, -1, 2, 2, -1, -2, -2, -2, 1, -2, -1, -2, 1, 1, 2, 2, 1, 2]"
100,dfs_bnb_mpi,3387.22,-19,20,745868182,"[-1, -1, 2, 2, 2, 2, 2, 1, 1, -2, -2, 1, 2, 2, 1, -2, -2, -2, -2, -2, -1, 2, 2, -1, -2, -1, 2, 2, 2]"
101,dfs_bnb_mpi,388.049,-20,21,92387259,"[-1, -1, 2, 2, 2, 1, -2, -2, 1, 2, 2, 1, 2, -1, -1, -1, -1, -2, -2, -2, -2, -2, 1, 1, 1, 1, 2, 2, 2]"
102,dfs_bnb_mpi,1542.6,-19,20,342686529,"[-1, -1, -1, 2, 2, 2, 2, 1, 1, 1, 1, 1, -2, -1, -1, -1, -1, -2, -2, 1, 2, 1, 1, 1, -2, -2, -1, 2, -1]"
103,dfs_bnb_mpi,795.206,-20,21,176606703,"[-1, -1, 2, 1, 1, 1, -2, 1, 2, 1, -2, -2, -2, -2, -1, 2, 2, -1, -1, -2, 1, -2, -1, -1, -1, 2, 2, 1, -2]"
104,dfs_bnb_mpi,908.22,-19,20,236306802,"[-1, -1, 2, 2, 2, 2, 2, 1, 1, 1, -2, -1, -1, -2, 1, -2, 1, 2, 1, -2, 1, -2, -1, -2, -1, 2, -1, -1, 2]"
105,dfs_bnb_mpi,409.108,-19,20,98344570,"[-1, -1, 2, 2, 2, 2, 2, 1, 2, 1, -2, 1, -2, -1, -1, -2, -2, -2, 1, 1, 2, -1, 2, 1, 1, 2, 2, 2, -1]"
106,dfs_bnb_mpi,5646.86,-18,19,1255588030,"[-1, -1, 2, 2, 2, 2, 2, 2, -1, -1, -1, -2, -2, 1, -2, -1, -2, -2, -2, 1, 1, 2, -1, 2, 1, 2, 2, 2, -1]"
107,dfs_bnb_mpi,3904.38,-19,20,862924869,"[-1, -1, 2, -1, -1, -1, -1, -2, 1, -2, -1, -2, -2, 1, 2, 1, 2, 2, 1, -2, 1, 1, -2, -2, -1, 2, -1, -2, -1]"
108,dfs_bnb_mpi,3367.83,-19,20,737692425,"[-1, -1, 2, 2, 2, 2, 2, 1, 1, 1, 1, -2, -1, -1, -1, -2, 1, 1, 1, -2, -1, -1, -1, -2, 1, 1, 1, -2, -1]"
109,dfs_bnb_mpi,2835.8,-19,20,627640412,"[-1, -1, 2, 2, 2, 2, 1, 2, 1, 1, 1, -2, 1, -2, -1, -1, 2, -1, -2, -1, -2, -2, 1, 2, 1, 1, -2, -1, -2]"
110,dfs_bnb_mpi,3971.02,-19,20,876909557,"[-1, -1, 2, -1, -1, -2, -1, 2, -1, -2, -2, 1, 1, -2, -1, -1, -2, 1, 1, 1, 2, 1, -2, 1, 2, 2, -1, -1, 2]"
111,dfs_bnb_mpi,1270.8,-19,20,282138360,"[-1, -1, 2, 2, 2, 2, 2, 1, 1, -2, -1, -2, 1, 1, -2, -1, -1, -2, 1, 1, -2, 1, 2, 2, 2, 2, 2, -1, -2]"
112,dfs_bnb_mpi,1579.96,-19,20,368903884,"[-1, -1, 2, 2, 2, 2, 2, 1, -2, -2, 1, 2, 2, 2, 1, -2, 1, -2, -1, -2, 1, -2, -2, -1, 2, -1, -1, -2, 1]"
113,dfs_bnb_mpi,1808.7,-19,20,430622962,"[-1, -1, 2, 2, 2, 2, 2, 1, -2, 1, 2, 2, -1, -1, 2, 1, 1, 1, -2, -2, -2, -2, -2, -1, 2, -1, -2, -2, 1]"
114,dfs_bnb_mpi,3048.52,-19,19,672921611,"[-1, -1, 2, 2, 2, 2, 2, 1, 1, -2, -2, 1, 2, 1, -2, 1, -2, -1, -2, -2, -1, 2, 2, -1, -2, -1, 2, 2, 2]"
115,dfs_bnb_mpi,1124.42,-20,21,267466469,"[-1, -1, 2, 2, 1, -2, 1, 2, 1, 1, 1, -2, -2, -1, -2, 1, -2, -1, -1, -1, -1, -1, 2, 1, 1, 1, 2, 2, 1]"
116,dfs_bnb_mpi,1217.5,-19,20,303343769,"[-1, -1, 2, 2, 2, 2, 2, 1, 1, 1, 1, -2, -1, -1, -1, -2, 1, 1, 1, -2, -2, -2, -1, 2, 2, -1, -1, -2, 1]"
117,dfs_bnb_mpi,2909.43,-19,20,642807379,"[-1, -1, 2, 2, 2, 2, 2, 1, 2, 1, 1, -2, -2, 1, -2, -1, -1, -2, 1, 1, -2, -1, -1, -1, 2, 2, 2, 1, 2]"
118,dfs_bnb_mpi,1143.28,-18,19,252612056,"[-1, -1, 2, 2, 2, 2, 2, 1, 2, 1, 1, 1, -2, -1, -1, -2, -1, -2, 1, -2, -1, -2, 1, 1, 2, 2, 2, 1, 1]"
119,dfs_bnb_mpi,871.901,-20,21,196744485,"[-1, -1, -1, 2, 2, 2, 2, 1, -2, -2, -2, 1, 2, 2, 2, 1, 1, 1, -2, -1, -1, -2, -2, 1, 2, 1, -2, -2, -1]"
120,dfs_bnb_mpi,2770.88,-19,20,623723682,"[-1, -1, 2, 2, 2, 1, 2, 2, 2, 1, 1, 1, -2, -1, -2, 1, -2, -2, -2, -1, -1, -1, 2, 1, 1, 2, -1, 2, 2]"
121,dfs_bnb_mpi,1318.81,-19,20,320170143,"[-1, -1, 2, 2, 2, 2, 1, 1, 1, -2, -1, -1, -2, -2, 1, 2, 1, 1, 2, 1, -2, -2, 1, -2, -1, -1, 2, -1, -2]"
122,dfs_bnb_mpi,2943,-19,20,649264788,"[-1, -1, 2, 2, 2, 1, 2, 2, 1, 1, 1, -2, 1, -2, -2, -2, -1, 2, 2, -1, 2, -1, -2, -2, 1, -2, -1, -1, 2]"
123,dfs_bnb_mpi,504.823,-19,20,112592386,"[-1, -1, 2, 2, 2, 2, 2, 1, 1, 1, 1, -2, -2, -2, -1, 2, 2, -1, -1, -2, 1, -2, -1, -2, 1, 1, 1, -2, -1]"
124,dfs_bnb_mpi,2973.99,-19,20,656542929,"[-1, -1, 2, 2, 2, 1, 2, 2, 1, 1, 1, 1, -2, -2, -2, -1, 2, 2, -1, -1, -2, 1, -2, -1, -1, -2, 1, 1, 1]"
125,dfs_bnb_mpi,870.455,-19,20,211909264,"[-1, -1, 2, 2, 2, 2, 2, 2, 1, -2, -2, -2, -2, -2, 1, 2, 2, 2, 2, 2, 1, -2, 1, -2, -1, -2, -2, -2, -2]"
126,dfs_bnb_mpi,1289.1,-19,20,287394731,"[-1, -1, 2, 2, 2, 1, 2, 2, 1, 2, 1, -2, 1, -2, -1, -1, -2, 1, -2, -1, -1, -2, 1, 1, -2, 1, 2, 2, 2]"
127,dfs_bnb_mpi,1009.98,-20,21,234130559,"[-1, -1, 2, 1, 2, -1, 2, 2, 1, -2, 1, 2, 1, 1, -2, -1, -2, -1, -2, 1, -2, 1, 1, 2, -1, 2, 1, 2, 2]"
128,dfs_bnb_mpi,313.689,-20,21,70647440,"[-1, -1, 2, 2, 2, 1, 2, -1, 2, 1, 1, -2, -2, -2, -1, -2, 1, 1, 2, 2, 2, 2, 1, -2, -2, -2, -2, -2, -1]"
129,dfs_bnb_mpi,1101.92,-19,20,265790453,"[-1, -1, 2, 2, 2, 2, 2, 1, 1, -2, -1, -2, -2, -2, 1, 1, -2, 1, 2, 1, 2, -1, -1, -1, 2, 1, 2, 1, -2]"
130,dfs_bnb_mpi,1215.87,-18,19,281584260,"[-1, -1, 2, 2, 2, 2, -1, -2, -1, -2, 1, -2, -2, -1, 2, -1, 2, 2, 2, 1, 2, 1, 1, 1, -2, -2, -2, -2, 1]"
131,dfs_bnb_mpi,3372.11,-19,20,744787450,"[-1, -1, 2, 2, 2, 2, 2, 1, 1, 1, 1, -2, -1, -2, 1, -2, -2, -2, -1, 2, 2, -1, 2, 2, -1, -2, -2, -2, 1]"
132,dfs_bnb_mpi,684.183,-19,19,151780834,"[-1, -1, 2, 2, 2, 2, -1, -2, -2, -2, -2, -2, 1, 1, 1, 1, 2, 2, 2, 2, -1, -2, -2, -1, 2, 2, 2, 1, 2]"
133,dfs_bnb_mpi,1748.53,-19,20,408675224,"[-1, -1, 2, 2, 2, 1, 2, 2, 1, 1, 1, 1, -2, -1, -1, -1, -2, 1, 1, 1, -2, -1, -2, -1, 2, -1, -1, -2, 1]"
134,dfs_bnb_mpi,649.628,-20,21,154761872,"[-1, -1, 2, -1, -2, -2, 1, 1, 1, 1, 1, 2, -1, 2, -1, -1, 2, -1, -1, 2, 1, 1, 1, -2, 1, 2, 1, -2, -2]"
135,dfs_bnb_mpi,1289.58,-19,20,286235860,"[-1, -1, 2, 2, 2, 2, 2, 1, -2, -2, 1, 2, 2, 2, 1, -2, 1, -2, -1, -2, -2, -1, -1, -2, 1, 1, 1, 2, 2]"
136,dfs_bnb_mpi,1044.07,-20,21,243909631,"[-1, -1, -1, 2, 1, 1, 1, 1, -2, -2, -2, -1, -2, 1, -2, -1, -1, 2, 2, -1, -2, -2, -1, 2, 2, 2, 1, 1, 1]"
137,dfs_bnb_mpi,3287.62,-19,20,725278711,"[-1, -1, 2, 1, 2, 2, 1, 2, 2, 1, -2, 1, 2, 1, -2, -2, -1, -1, -2, -1, -2, 1, 1, 2, 1, -2, -2, -1, -1]"
138,dfs_bnb_mpi,1047.17,-20,21,234668490,"[-1, -2, -1, 2, 2, 1, 1, 1, -2, 1, 2, 1, -2, -2, -1, -1, -1, -2, -1, -1, -2, 1, 1, 1, 1, 1, 2, -1, -1]"
139,dfs_bnb_mpi,853.419,-19,20,205224214,"[-1, -1, 2, 2, 2, 2, 1, -2, 1, 2, 1, -2, -2, -1, -1, -2, 1, 1, -2, 1, 1, 2, -1, 2, 2, 2, 1, -2, -2]"
140,dfs_bnb_mpi,1089.36,-19,20,260698775,"[-1, -1, 2, 2, 2, 2, 1, -2, 1, -2, -1, -2, 1, 1, -2, -2, -1, -1, -1, -1, 2, 2, 2, 2, 2, -1, -2, -2, -2]"
141,dfs_bnb_mpi,780.076,-19,20,174833276,"[-1, -2, 1, 1, 2, 2, 2, 1, 1, -2, -1, -2, -2, 1, -2, -1, -1, -1, -1, -2, 1, 1, 1, 1, 1, 2, 2, 2, -1]"
142,dfs_bnb_mpi,2867.55,-19,20,636653731,"[-1, -1, 2, 2, 2, 1, 1, -2, 1, 2, 1, -2, -2, -2, -2, -2, -1, -1, -1, -1, 2, 1, 1, 1, 2, 2, -1, -1, 2]"
143,dfs_bnb_mpi,1192.98,-19,20,266773104,"[-1, -1, 2, 2, 2, 2, 2, 1, -2, 1, 2, 1, -2, 1, 1, -2, -1, -1, -1, -1, -2, -2, 1, 2, 1, 1, -2, -1, -2]"
144,dfs_bnb_mpi,570.681,-19,20,136486412,"[-1, -1, 2, 2, 2, 2, 1, -2, -2, -2, 1, 2, 2, 2, 2, -1, -1, -1, -2, -1, -2, 1, -2, -1, -2, 1, -2, -1, -1]"
145,dfs_bnb_mpi,3618.48,-19,20,807567381,"[-1, -1, -1, -1, -1, 2, 2, 1, -2, 1, 2, 1, 1, 2, -1, -1, -1, -1, 2, 1, 1, 1, 1, 1, -2, -2, -2, -1, -1]"
146,dfs_bnb_mpi,803.281,-20,21,184508957,"[-1, -1, 2, 1, 1, 1, 1, 1, -2, -1, -1, -2, -2, 1, 2, 1, -2, -2, -1, -1, -1, 2, -1, -2, -1, 2, 2, 1, 1]"
147,dfs_bnb_mpi,3075.26,-19,19,679481243,"[-1, -1, 2, 2, 2, 2, 2, 1, 1, -2, -2, 1, 2, 1, -2, -2, 1, -2, -1, -2, -1, 2, 2, -1, -2, -1, 2, 2, 2]"
148,dfs_bnb_mpi,767.999,-19,20,171345285,"[-1, -1, 2, 2, 2, 2, 1, -2, -2, -2, 1, 2, 2, 2, 1, 1, 1, -2, -1, -1, -2, 1, 1, -2, -1, -1, -2, 1, 1]"
149,dfs_bnb_mpi,3157.08,-19,20,732449356,"[-1, -1, 2, 2, 2, 2, 2, 1, 2, 1, 1, -2, 1, -2, -1, -2, 1, -2, -1, -2, -1, -1, 2, 1, 2, -1, 2, 1, 2]"
150,dfs_bnb_mpi,2858.82,-19,19,662700810,"[-1, -1, 2, 2, 2, 2, 2, 2, 1, 1, 1, -2, 1, -2, -2, -1, -1, -2, 1, -2, -1, -1, 2, 2, 2, 2, 1, -2, 1]"
151,dfs_bnb_mpi,547.367,-19,20,122293951,"[-1, -1, 2, 2, 1, -2, 1, 2, 2, 2, 1, -2, -2, -2, -2, 1, 2, 1, 2, -1, 2, 2, 1, -2, 1, -2, -2, -2, -1]"
152,dfs_bnb_mpi,3166,-19,19,702310738,"[-1, -1, 2, 2, 2, 2, 2, 1, 1, 1, 1, -2, -1, -1, -1, -2, 1, 1, 1, -2, -1, -1, -1, -2, 1, 1, 1, -2, -1]"
153,dfs_bnb_mpi,2161.1,-19,20,532851760,"[-1, -1, 2, 2, 2, 1, 2, 2, 1, 1, 1, -2, -1, -1, -2, 1, 1, 1, -2, -1, -2, -2, -1, 2, 2, -1, -1, -2, 1]"
154,dfs_bnb_mpi,1411.49,-19,20,346783063,"[-1, -1, 2, 2, 2, 2, 2, 1, -2, 1, -2, -1, -2, -2, 1, 2, 1, -2, -2, -2, -1, -1, -1, -1, 2, 2, 2, 2, 2]"
155,dfs_bnb_mpi,1287.65,-19,20,291984114,"[-1, -1, 2, 2, 2, 2, 1, -2, -2, -2, 1, 2, 2, 2, 1, 1, 1, -2, -1, -1, -2, 1, 1, -2, -2, -1, 2, -1, -2]"
156,dfs_bnb_mpi,2780.54,-19,20,667233926,"[-1, -1, 2, 2, 2, 2, 1, 1, -2, -1, -2, -2, 1, 2, 1, 2, 2, 2, 1, -2, 1, -2, -1, -2, 1, -2, -1, -1, -2]"
157,dfs_bnb_mpi,1233.55,-19,20,278526643,"[-1, -1, 2, 2, 2, 2, 1, -2, 1, -2, -1, -2, 1, 1, 1, 2, 1, 2, -1, 2, 1, 2, -1, -1, -1, -2, 1, -2, -2]"
158,dfs_bnb_mpi,1187.59,-19,20,294733879,"[-1, -1, 2, 2, 2, 2, 2, 1, -2, -2, -2, -2, 1, 1, -2, 1, 2, 1, 2, -1, 2, -1, 2, 2, -1, -2, -2, -2, 1]"
159,dfs_bnb_mpi,779.633,-20,21,174675776,"[-1, -1, -1, 2, 1, 2, -1, 2, 2, 1, -2, 1, 2, 1, 1, 1, -2, -1, -1, -2, -1, -2, 1, 1, -2, 1, 2, 2, -1]"
160,dfs_bnb_mpi,2983.33,-19,20,649415336,"[-1, -1, 2, 2, 2, 1, 2, 2, 2, 1, 1, 1, -2, -1, -1, -2, 1, 1, -2, -1, -1, -2, 1, 1, -2, -1, -1, -1, 2]"
161,dfs_bnb_mpi,1861.58,-20,21,431299445,"[-1, -1, 2, 1, 1, 1, 1, -2, -2, -2, -2, -2, -1, 2, 2, -1, -2, -2, -1, -1, 2, 1, 2, -1, 2, 1, 1, 1, 2]"
162,dfs_bnb_mpi,771.966,-20,21,169457187,"[-1, -1, 2, 2, 2, 2, 2, 1, 1, 1, 1, -2, -1, -1, -1, -2, 1, 1, -2, -1, -1, -2, 1, 1, -2, 1, 2, 2, 2]"
163,dfs_bnb_mpi,1039,-20,21,228038361,"[-1, -2, 1, 1, 2, 1, -2, -2, -1, -2, -1, 2, -1, -2, -2, 1, 1, 1, 2, 1, -2, 1, 2, 2, 2, 2, -1, -2, -2]"
164,dfs_bnb_mpi,1212.14,-20,21,266545349,"[-1, -2, 1, 1, 2, 1, 1, -2, -1, -2, 1, -2, -2, -2, -1, 2, 2, -1, 2, -1, -1, -2, 1, -2, -1, -2, 1, 1, 2]"
165,dfs_bnb_mpi,3387.13,-19,20,737596110,"[-1, -1, 2, 2, 2, 2, 2, 1, 2, 2, 1, 1, -2, -1, -2, 1, -2, -1, -1, -2, 1, 1, -2, -1, -1, -2, 1, 1, -2]"
166,dfs_bnb_mpi,530.04,-19,20,121943545,"[-1, -1, 2, 2, 2, 2, 2, 1, -2, -2, -2, -2, 1, 2, 2, 2, 2, 1, -2, 1, -2, -1, -2, 1, -2, -1, -2, -2, -1]"
167,dfs_bnb_mpi,708.221,-20,21,155320621,"[-1, -1, 2, 2, -1, -2, -2, -2, 1, 1, 1, 1, 2, 2, 2, 2, 2, -1, -2, -2, -2, -1, 2, 2, 2, -1, -1, -2, 1]"
168,dfs_bnb_mpi,2429.71,-19,20,574841905,"[-1, -1, 2, 2, 2, 2, 2, 1, 2, 1, -2, 1, 1, -2, -1, -1, -2, 1, 1, -2, -2, -1, 2, -1, -2, -1, 2, 2, 2]"
169,dfs_bnb_mpi,2967.28,-19,20,703698322,"[-1, -1, 2, 1, 2, 2, 2, 2, 1, 1, 1, -2, -1, -1, -2, 1, 1, 1, -2, -2, -2, -1, 2, 2, -1, -1, -2, 1, -2]"
170,dfs_bnb_mpi,1470.77,-19,20,334717674,"[-1, -1, 2, 2, -1, 2, -1, -2, -2, 1, -2, -1, -1, 2, 2, 2, 2, 1, 1, 1, -2, 1, 2, 1, -2, -2, -1, -2, 1]"
171,dfs_bnb_mpi,1631.03,-20,21,386376663,"[-1, -1, -1, 2, 1, 1, 1, 1, -2, -2, -1, -1, -1, -1, -2, 1, 1, 1, 1, -2, -2, -1, 2, -1, -1, -1, -2, 1, 1]"
172,dfs_bnb_mpi,1370.26,-19,20,318996274,"[-1, -1, 2, 2, 2, 2, 2, 1, -2, -2, 1, -2, -1, -2, 1, 1, 2, 2, 2, -1, 2, 2, -1, -1, -1, -2, -2, -2, -2]"
173,dfs_bnb_mpi,1249.21,-19,20,293600776,"[-1, -1, 2, 2, 2, 2, 2, 1, -2, -2, 1, -2, -1, -2, 1, 1, -2, -2, 1, 2, 2, 2, -1, 2, 1, 2, -1, -1, 2]"
174,dfs_bnb_mpi,1303.86,-19,20,286852778,"[-1, -1, 2, 2, 2, 2, 2, 1, 1, 1, 1, -2, -1, -1, -1, -2, 1, 1, 1, -2, -1, -1, -1, -2, 1, 1, 1, -2, -1]"
175,dfs_bnb_mpi,2857.56,-19,20,626292025,"[-1, -1, 2, 2, 2, 2, 1, 1, 1, 1, 2, 1, -2, -2, -2, -2, -1, 2, 2, -1, -1, -1, -2, -2, 1, 2, 1, -2, -2]"
176,dfs_bnb_mpi,821.79,-20,21,189852358,"[-1, -1, 2, 1, 1, 1, 1, -2, -1, -2, -1, -2, -1, 2, -1, -2, -2, -2, 1, 2, 1, -2, 1, 1, 2, -1, 2, 1, 2]"
177,dfs_bnb_mpi,3629.47,-19,20,797564164,"[-1, -1, -1, 2, 2, 2, 2, 2, 1, 1, -2, -1, -2, 1, 1, 2, 2, 1, -2, -2, -2, -1, -1, -1, -2, 1, 1, 1, -2]"
178,dfs_bnb_mpi,618.196,-20,21,143310229,"[-1, -2, 1, 1, 2, 1, 1, 1, -2, -1, -1, -2, -1, -1, -2, 1, 1, 1, 2, 1, -2, -2, -1, -1, -1, -1, -1, 2, 2]"
179,dfs_bnb_mpi,1186.82,-18,19,260292490,"[-1, -1, 2, 2, 2, 2, 2, 2, 2, 1, -2, -2, -2, 1, 2, 2, 1, -2, -2, -2, -1, -1, -2, -2, 1, 2, 1, -2, 1]"
180,dfs_bnb_mpi,933.817,-20,21,224619688,"[-1, -1, 2, 2, 2, 2, 1, 1, -2, -1, -2, -2, 1, 2, 1, 2, 2, 1, 1, -2, -2, -2, -2, -1, -1, 2, 1, 2, 2]"
181,dfs_bnb_mpi,123.531,-19,20,27568819,"[-1, -1, 2, 2, 2, 2, 1, -2, 1, 1, -2, -1, -1, -2, 1, 1, -2, 1, 1, 2, -1, 2, 1, 2, -1, 2, -1, -1, 2]"
182,dfs_bnb_mpi,1212.7,-20,21,268882404,"[-1, -2, 1, 1, 2, 1, 1, -2, -1, -2, 1, -2, -1, -2, 1, -2, -1, -1, 2, 2, 2, -1, -1, -2, -2, -2, 1, 2, 2]"
183,dfs_bnb_mpi,1985.34,-20,21,435670826,"[-1, -1, 2, 1, 1, 1, 1, 1, -2, -1, -1, -2, 1, 1, -2, -2, -1, 2, -1, -2, -1, 2, 2, -1, -1, -2, 1, -2, -1]"
184,dfs_bnb_mpi,2727.73,-19,20,650572461,"[-1, -1, -1, 2, 2, 2, 2, 2, 1, 1, -2, -1, -2, -2, -2, 1, 2, 2, 1, 2, 2, 1, -2, -2, -2, -1, -2, 1, -2]"
185,dfs_bnb_mpi,1830.07,-19,19,460299460,"[-1, -1, 2, 2, 2, 2, 2, 1, 1, -2, 1, 1, -2, -1, -1, -2, 1, 1, -2, -2, -2, -1, 2, 2, -1, -1, 2, 2, 2]"
186,dfs_bnb_mpi,2650.7,-19,19,588203332,"[-1, -1, 2, 2, 2, 1, 2, 2, 1, 2, 1, -2, 1, -2, -1, -1, -2, 1, 1, -2, -1, -1, -1, -2, 1, 1, 1, -2, -1]"
187,dfs_bnb_mpi,2076.43,-20,21,500377138,"[-1, -2, 1, 1, 2, 1, 1, -2, -1, -2, 1, -2, -1, -1, -2, 1, 1, -2, -1, -1, -1, -1, 2, 1, 2, -1, 2, 1, 1]"
188,dfs_bnb_mpi,1378.12,-19,20,308362727,"[-1, -1, 2, 2, 2, 2, 2, 1, 1, 1, 1, -2, -1, -1, -1, -2, 1, 1, -2, -1, -1, -2, 1, 1, -2, 1, 2, 2, 2]"
189,dfs_bnb_mpi,3059.25,-19,20,678504757,"[-1, -1, 2, 1, 2, 1, 2, 2, 1, 1, 1, 1, -2, -1, -1, -1, -2, 1, 1, 1, -2, -2, -1, 2, -1, -2, -1, 2, -1]"
190,dfs_bnb_mpi,2832.5,-19,20,627954372,"[-1, -1, 2, 2, 2, 2, 1, 2, 1, 1, 2, 1, -2, -2, -1, -1, -2, -1, -2, -2, 1, 2, 1, 2, 1, -2, -2, -1, -2]"
191,dfs_bnb_mpi,2164.76,-19,20,519906902,"[-1, -1, 2, 2, 2, 2, 1, -2, 1, 1, 2, -1, 2, 1, 2, 1, -2, -2, -2, -2, -2, -2, -1, 2, 2, -1, -1, -2, 1]"
192,dfs_bnb_mpi,498.736,-19,20,110696349,"[-1, -1, 2, 2, 2, 2, 2, 1, 1, 1, 1, -2, -1, -1, -1, -2, 1, 1, -2, -1, -1, -2, 1, 1, -2, 1, 2, 2, 2]"
193,dfs_bnb_mpi,1806.74,-19,20,450584598,"[-1, -1, 2, 2, 2, 2, 2, 1, 1, -2, -1, -2, 1, 1, 2, 2, 1, -2, 1, -2, -1, -2, -2, -1, 2, -1, -1, -2, 1]"
194,dfs_bnb_mpi,740.64,-19,20,174931171,"[-1, -1, 2, 2, 2, 2, 2, 1, 2, 1, -2, -2, -1, -2, 1, -2, -1, -2, 1, 1, -2, 1, 2, 2, 2, 2, -1, -2, -2]"
195,dfs_bnb_mpi,2886.52,-19,20,636518847,"[-1, -1, 2, 2, 2, 2, 1, -2, 1, 1, 1, 1, -2, -1, -1, -1, -1, -2, 1, 1, 1, 1, -2, -1, -1, -2, -1, -1, -1]"
196,dfs_bnb_mpi,724.975,-20,21,163343192,"[-1, -1, 2, 2, 2, 1, -2, -2, 1, 2, 2, 2, -1, -1, -1, -1, -1, -2, 1, 1, -2, -1, -1, -2, -2, 1, 2, 1, -2]"
197,dfs_bnb_mpi,1298.25,-19,20,290864412,"[-1, -1, 2, 2, -1, 2, -1, -2, -2, 1, -2, -1, -1, 2, 2, 2, 2, 1, 1, 1, 1, 1, -2, -2, -2, -1, 2, 2, -1]"
198,dfs_bnb_mpi,1400.72,-20,21,333873967,"[-1, -1, 2, 2, 1, -2, 1, 2, 1, 1, -2, -1, -2, 1, -2, -1, -1, -1, -1, -2, -2, 1, 2, 1, 1, 1, -2, -1, -1]"
199,dfs_bnb_mpi,1249.34,-19,20,277025917,"[-1, -1, 2, 2, 2, 2, 2, 1, 1, 1, -2, -2, 1, -2, -1, -1, 2, 2, -1, -2, -2, -2, 1, 1, 1, -2, -1, -2, 1]"
200,dfs_bnb_mpi,1791.59,-19,19,451496623,"[-1, -1, 2, 2, 2, 2, 2, 2, 1, -2, 1, 2, 1, -2, -2, -1, -1, -2, 1, 1, 1, -2, -1, -1, -1, -2, 1, 1, -2]"
201,dfs_bnb_mpi,1505.02,-19,20,353779804,"[-1, -1, 2, 2, 2, 2, -1, -2, -2, -2, -1, 2, 2, 2, 2, 1, 1, 1, 1, -2, -2, 1, -2, -1, -2, -1, 2, 2, 2]"
202,dfs_bnb_mpi,2869.12,-19,20,688993617,"[-1, -1, 2, 2, -1, -2, -2, -1, -1, 2, 2, 2, 2, 1, 1, 1, 1, 1, -2, -2, -2, -1, 2, 2, -1, -1, -1, -2, -2]"
203,dfs_bnb_mpi,1353.66,-20,21,318285824,"[-1, -2, 1, 1, 2, 1, 1, 1, -2, -1, -2, 1, -2, -2, -1, 2, -1, -2, -1, 2, -1, -2, -1, 2, 2, 1, 1, 1, 2]"
204,dfs_bnb_mpi,489.892,-18,18,109946417,"[-1, -1, 2, 2, 2, 2, 2, 1, 1, -2, -1, -2, 1, 1, 2, 1, -2, -2, -1, -1, -1, -2, 1, 1, 1, -2, -1, -2, 1]"
205,dfs_bnb_mpi,2915.31,-19,20,647684372,"[-1, -1, 2, 2, 2, 2, 1, 1, 1, 1, -2, -1, -1, -1, -2, -2, 1, 2, 1, 1, -2, -1, -2, 1, -2, -1, -1, -1, -1]"
206,dfs_bnb_mpi,1351.14,-19,20,308896980,"[-1, -1, 2, 1, 2, 2, 2, -1, -1, -2, 1, -2, -1, -1, 2, 2, -1, -1, -2, 1, -2, -1, -2, 1, -2, 1, 2, 1, -2]"
207,dfs_bnb_mpi,1153.84,-18,19,270060987,"[-1, -1, 2, 2, 2, 2, 2, 2, 1, 1, 1, -2, -1, -1, -2, 1, 1, 1, -2, -1, -1, -1, -2, -2, 1, 2, 1, -2, 1]"
208,dfs_bnb_mpi,1241.83,-19,20,280083583,"[-1, -1, 2, 2, 2, 2, 1, 1, 1, -2, -1, -1, -2, -2, 1, 2, 1, 1, -2, -1, -2, 1, -2, -1, -1, -1, -1, -1, 2]"
209,dfs_bnb_mpi,3184.38,-19,20,702390199,"[-1, -1, 2, 2, 2, 2, 1, 2, 1, 2, 1, -2, 1, -2, -1, -1, -2, -1, -2, -2, 1, 2, 1, 2, 1, -2, -2, -1, -2]"
210,dfs_bnb_mpi,1258.1,-19,20,278848010,"[-1, -1, 2, 2, 2, 2, 2, 2, 1, -2, 1, 1, -2, -2, 1, -2, -1, -1, 2, 2, -1, -2, -2, -2, 1, 1, 1, -2, -1]"
211,dfs_bnb_mpi,374.914,-20,21,84979421,"[-1, -1, -1, 2, 2, 1, -2, 1, 2, 1, -2, 1, 2, 2, -1, -1, -1, -1, -1, -2, -2, -2, -2, 1, 1, 1, 1, 1, 2]"
212,dfs_bnb_mpi,1659.48,-19,20,388565275,"[-1, -1, 2, 2, 2, 2, 1, -2, 1, -2, -1, -2, 1, 1, -2, -2, -1, -1, -1, -1, 2, 2, -1, 2, 2, 2, 1, -2, -2]"
213,dfs_bnb_mpi,1440.74,-19,20,329894750,"[-1, -1, 2, 2, 2, 1, -2, -2, 1, 2, 2, 1, 1, 1, -2, -1, -1, -2, -2, 1, 2, 1, -2, -2, -1, -1, -1, -1, -1]"
214,dfs_bnb_mpi,3072.32,-19,20,693247912,"[-1, -1, 2, 2, 1, -2, 1, 2, 2, 1, 1, -2, -1, -2, 1, -2, -2, 1, -2, -1, -1, -1, -1, -1, 2, 1, 1, 1, 2]"
215,dfs_bnb_mpi,3151.22,-19,20,695499551,"[-1, -1, 2, 1, 2, -1, 2, -1, -1, -1, -2, -2, -2, -2, -2, 1, 2, 2, 2, 2, 1, -2, -2, -2, 1, 1, -2, -1, -1]"
216,dfs_bnb_mpi,726.731,-20,21,162209715,"[-1, -1, 2, 2, -1, -2, -2, -1, 2, 2, 2, 2, 2, 1, -2, -2, 1, 1, -2, -2, 1, 2, 2, 2, 2, -1, -1, -2, 1]"
217,dfs_bnb_mpi,2865.9,-19,20,632999071,"[-1, -1, 2, 2, 2, 2, 2, 1, 2, 1, 1, 1, -2, -1, -2, 1, -2, -1, -1, -2, 1, -2, -1, -1, 2, 2, 2, 1, 2]"
218,dfs_bnb_mpi,1303.28,-19,20,290082757,"[-1, -1, 2, 2, 2, 2, 1, -2, -2, -2, 1, 2, 2, 2, 1, 1, 1, -2, -1, -1, -2, 1, -2, -1, -2, 1, 1, 2, 2]"
219,dfs_bnb_mpi,1906.78,-20,21,448568245,"[-1, -2, -2, -2, -2, -2, 1, 2, 2, 1, 1, -2, -1, -2, 1, 1, 2, 2, 2, -1, 2, 1, 2, -1, -1, -2, -1, -2, 1]"
220,dfs_bnb_mpi,2895.06,-19,20,650261184,"[-1, -1, 2, 2, 2, 2, 1, -2, -2, -2, 1, 2, 2, 2, 2, -1, -1, -1, -1, -2, 1, -2, -1, -2, 1, -2, -1, -2, 1]"
221,dfs_bnb_mpi,1848.79,-19,19,461547915,"[-1, -1, 2, 2, 2, 2, 2, 2, 1, 1, 1, -2, -1, -1, -2, -2, 1, 2, 1, -2, 1, -2, -1, -1, -1, -2, 1, 1, -2]"
222,dfs_bnb_mpi,1478.41,-20,21,352260583,"[-1, -1, 2, 1, 1, 1, 1, 1, -2, -2, -2, -2, -1, 2, -1, -2, -1, 2, -1, -2, -1, 2, 2, 1, 1, 1, 2, 1, -2]"
223,dfs_bnb_mpi,1802.29,-19,20,447491092,"[-1, -1, 2, 1, 2, 2, 2, 2, 1, 1, -2, -1, -2, 1, -2, -1, -2, 1, -2, 1, 2, 2, 1, 2, 2, 2, -1, -2, -2]"
224,dfs_bnb_mpi,2858.84,-19,20,663657894,"[-1, -1, 2, 2, 2, 1, 2, 2, 1, 1, 1, -2, -1, -1, -2, 1, 1, 1, -2, -2, -1, 2, -1, -1, -1, -2, 1, 1, -2]"
225,dfs_bnb_mpi,384.369,-20,21,88887749,"[-1, -1, 2, 1, 2, -1, 2, 1, 1, 1, 1, -2, -1, -1, -2, 1, 1, -2, -1, -2, 1, -2, -1, -1, 2, -1, -1, -2, 1]"
226,dfs_bnb_mpi,2251.06,-19,20,525630191,"[-1, -1, -1, -1, 2, 2, 2, 2, 2, 1, 1, 1, 1, -2, -1, -1, -1, -2, 1, 1, 1, -2, -2, -1, 2, -1, -1, -2, 1]"
227,dfs_bnb_mpi,618.952,-20,21,147194925,"[-1, -1, 2, 2, 1, -2, 1, 2, 1, 1, 1, -2, -1, -1, -2, -2, -1, -1, -1, -2, 1, 1, 1, 1, 1, 2, 2, -1, -2]"
228,dfs_bnb_mpi,3016.64,-19,20,657344323,"[-1, -1, 2, 2, 2, 2, 1, 1, 1, 1, 1, -2, -2, -1, -2, 1, -2, -1, -1, 2, 2, -1, -2, -1, 2, 2, 1, 1, 1]"
229,dfs_bnb_mpi,1368.25,-19,20,303678268,"[-1, -1, 2, 2, 2, 2, 2, 2, 1, -2, 1, -2, -1, -2, 1, 1, 2, 1, -2, -2, -1, -1, -1, -2, 1, 1, 1, -2, -1]"
230,dfs_bnb_mpi,1577.59,-18,19,346133862,"[-1, -1, 2, -1, -1, -1, -1, -2, 1, 1, 1, -2, 1, 1, -2, -1, -1, -1, 2, -1, -1, -2, 1, -2, 1, 1, 1, 1, 1]"
231,dfs_bnb_mpi,744.171,-19,20,173677769,"[-1, -1, 2, 2, 2, 1, -2, -2, 1, 2, 2, 2, 2, -1, -2, -1, -1, -2, -2, -2, -2, -1, 2, 2, 2, 2, 2, 1, 1]"
232,dfs_bnb_mpi,3191.86,-19,20,742714819,"[-1, -1, 2, 2, 1, -2, 1, 2, 2, 2, 1, 1, -2, -1, -2, 1, 1, -2, -2, -2, -1, 2, 2, -1, -2, -2, -1, -1, -1]"
233,dfs_bnb_mpi,1330.95,-19,20,300631942,"[-1, -1, 2, 2, 2, 1, 2, -1, 2, 1, 1, -2, -2, -2, -1, -2, 1, 1, -2, 1, 2, 2, 2, 2, 2, -1, -2, -2, -2]"
234,dfs_bnb_mpi,709.891,-20,21,159124731,"[-1, -1, 2, 2, 1, -2, 1, 2, 1, -2, 1, 2, 1, -2, -2, -1, -1, -2, 1, 1, -2, -1, -1, -1, -1, -1, 2, 1, 1]"
235,dfs_bnb_mpi,235.656,-19,19,54494387,"[-1, -1, 2, 2, 2, 2, 2, 1, 1, 1, -2, -1, -1, -2, 1, -2, -1, -2, 1, 1, 2, 2, 1, 1, -2, -1, -2, -2, -1]"
236,dfs_bnb_mpi,2904.58,-19,20,645280893,"[-1, -1, 2, 2, 2, 1, 2, 2, 2, 1, 1, -2, -2, 1, -2, -1, -2, 1, -2, -2, -1, 2, -1, -1, 2, 1, 2, 2, 2]"
237,dfs_bnb_mpi,2799.67,-19,20,621775814,"[-1, -1, 2, 2, 2, 1, 2, 2, 1, -2, 1, 1, -2, 1, -2, -1, -1, 2, -1, -2, -1, -2, 1, 1, 1, 1, -2, -1, -1]"
238,dfs_bnb_mpi,1262.43,-18,19,281524644,"[-1, -1, 2, 2, 2, 2, 1, 2, 1, -2, 1, 2, 1, -2, -2, -1, -1, -1, -2, -2, 1, 2, 1, 1, -2, -1, -2, 1, 1]"
239,dfs_bnb_mpi,2961.62,-19,20,659786762,"[-1, -1, 2, 2, 2, 2, 2, 2, 1, -2, 1, 1, -2, -2, 1, -2, -2, -2, -1, 2, 2, -1, 2, 2, -1, -2, -2, -2, 1]"
240,dfs_bnb_mpi,593.166,-18,19,135219195,"[-1, -1, 2, 2, 2, 2, 2, 1, 2, 1, -2, 1, -2, -1, -1, -2, 1, -2, -1, -2, 1, 1, 1, 2, -1, 2, 1, 2, 2]"
241,dfs_bnb_mpi,3041.28,-19,19,670312766,"[-1, -1, 2, 2, 2, 2, 2, 2, 1, 1, 1, -2, 1, -2, -2, -2, -1, 2, 2, -1, 2, -1, -2, -2, 1, -2, -1, -2, 1]"
242,dfs_bnb_mpi,2185.48,-18,19,482958343,"[-1, -1, 2, 2, 2, 2, 2, 1, 2, 1, -2, 1, 2, 1, -2, -2, -1, -1, -1, -2, 1, -2, -1, -2, 1, 1, 2, 2, 1]"
243,dfs_bnb_mpi,2468.73,-19,20,605200008,"[-1, -1, 2, 2, 2, 2, 2, 1, 1, 1, -2, -1, -1, -2, 1, 1, 1, -2, -2, 1, -2, -1, -1, 2, 2, -1, -1, -2, 1]"
244,dfs_bnb_mpi,941.028,-19,20,228803893,"[-1, -1, 2, 2, 2, 2, 2, 2, 1, -2, -2, -2, -2, -2, 1, 2, 1, 2, -1, 2, 2, 1, -2, 1, -2, -2, -2, -1, -2]"
245,dfs_bnb_mpi,216.151,-18,19,47908856,"[-1, -1, 2, 2, 2, 2, 2, 1, 1, 1, -2, -1, -1, -2, 1, 1, 1, -2, -1, -1, -1, -2, 1, 1, 1, -2, -1, -2, 1]"
246,dfs_bnb_mpi,1771.31,-20,21,405044017,"[-1, -1, 2, 2, 1, -2, 1, 2, 1, 1, 1, -2, -1, -1, -2, 1, 1, -2, -2, -1, 2, -1, -1, -1, -1, -2, 1, 1, 1]"
247,dfs_bnb_mpi,702.148,-20,21,158132035,"[-1, -1, 2, 2, 2, 2, 2, 1, 1, 1, 1, -2, -1, -1, -1, -2, 1, -2, 1, 2, 1, -2, -2, -2, -1, 2, -1, -1, 2]"
248,dfs_bnb_mpi,3030.96,-19,19,662976104,"[-1, -1, 2, 2, 2, 2, 1, 1, 1, 1, 1, -2, -1, -1, -1, -1, -2, -2, 1, 2, 1, 1, 1, -2, -1, -1, -2, 1, 1]"
249,dfs_bnb_mpi,634.503,-20,21,152571301,"[-1, -1, 2, 1, 1, 1, 1, 1, -2, -1, -1, -2, -1, -2, 1, 1, 2, 1, -2, -2, -1, -1, -1, -1, -1, 2, 2, 1, -2]"
250,dfs_bnb_mpi,2373.87,-18,19,524958716,"[-1, -1, 2, 2, 2, 2, 2, -1, -1, -1, -1, -2, 1, 1, 1, -2, -1, -1, -1, -2, -2, 1, 2, 1, 1, -2, -1, -2, 1]"
251,dfs_bnb_mpi,1377.94,-19,20,312007754,"[-1, -1, 2, 2, 2, 2, 2, 1, 1, 1, 1, -2, -1, -1, -1, -2, 1, -2, 1, 2, 1, -2, -2, -2, -1, 2, -1, -1, 2]"
252,dfs_bnb_mpi,995.635,-19,20,243442981,"[-1, -1, 2, 2, 2, 2, 1, 1, 2, 1, -2, -2, -1, -1, -2, -2, 1, 2, 1, -2, -2, 1, 2, 1, 2, -1, 2, 2, 2]"
253,dfs_bnb_mpi,965.75,-20,21,223986355,"[-1, -1, 2, -1, -2, -1, 2, 2, 2, 2, 2, 1, 1, -2, -1, -2, -2, 1, 2, 1, 2, 2, 1, -2, -2, -2, -1, -2, 1]"
254,dfs_bnb_mpi,1519.24,-19,20,347716582,"[-1, -1, 2, 2, -1, -1, -2, 1, -2, -1, -1, -2, 1, 1, 1, 1, 1, -2, -1, -1, -1, -1, -1, -2, 1, 1, 1, 1, 1]"
255,dfs_bnb_mpi,4907.78,-18,19,1079991542,"[-1, -1, 2, 2, 2, 2, 2, 1, 2, 1, 1, 1, -2, -2, -2, -2, -1, 2, 2, 2, -1, -2, -1, -2, 1, -2, -1, -2, 1]"
256,dfs_bnb_mpi,1049.21,-19,20,230491556,"[-1, -2, 1, 1, 2, 1, 1, 1, -2, -1, -1, -2, 1, 1, -2, -1, -1, -1, 2, -1, -1, -2, 1, -2, 1, 1, 1, 1, 1]"
257,dfs_bnb_mpi,1084.92,-18,18,262840683,"[-1, -1, 2, 2, 2, 2, 2, 2, 1, 1, 1, -2, -1, -1, -2, 1, 1, -2, 1, -2, -1, -1, 2, -1, -2, -2, 1, 1, 1]"
258,dfs_bnb_mpi,2894.72,-19,19,635013038,"[-1, -1, 2, 1, 2, 2, 2, 2, 1, 1, 1, -2, 1, -2, -1, -1, 2, -1, -2, -2, 1, 1, 1, -2, -1, -2, -1, 2, -1]"
259,dfs_bnb_mpi,1177.66,-19,20,259860708,"[-1, -1, 2, 2, 2, 2, 2, 1, 1, 1, 2, 1, -2, -2, -1, -1, -1, -2, 1, 1, -2, -1, -1, -2, 1, 1, 1, 2, 2]"
260,dfs_bnb_mpi,508.854,-19,20,113719543,"[-1, -1, 2, 2, 2, 2, 2, 1, 1, 1, 1, -2, -1, -1, -1, -2, 1, 1, -2, -1, -1, -2, 1, 1, 1, 2, 1, 2, -1]"
261,dfs_bnb_mpi,4079.82,-19,20,895025732,"[-1, -1, 2, -1, -2, -2, 1, 1, -2, -2, -1, 2, -1, -2, -1, 2, 2, 2, 2, -1, -1, -2, 1, -2, -1, -2, 1, -2, -1]"
262,dfs_bnb_mpi,826.862,-20,21,186486491,"[-1, -1, 2, 2, 2, 1, 2, -1, 2, 1, 1, 1, 1, -2, -1, -1, -2, -2, 1, 2, 1, -2, -2, -2, -1, 2, -1, -1, 2]"
263,dfs_bnb_mpi,1509.84,-19,20,332871851,"[-1, -1, -1, 2, 2, 2, 2, 1, 1, 1, 1, 1, -2, -1, -1, -1, -1, -2, -2, 1, 2, 1, -2, 1, 2, 1, -2, -2, -1]"
264,dfs_bnb_mpi,2728.01,-19,20,655182604,"[-1, -1, 2, 2, 2, 2, 1, -2, -2, -2, 1, 1, 2, -1, 2, 1, 1, 2, -1, -1, 2, -1, -1, -1, -2, -2, -2, -2, -2]"
265,dfs_bnb_mpi,1008.13,-19,19,248073166,"[-1, -1, 2, 2, 2, 2, 2, 2, 1, -2, -2, -2, -2, -2, 1, 2, 2, 2, 2, 2, 1, -2, 1, -2, -1, -2, -2, -2, -2]"
266,dfs_bnb_mpi,2790.41,-19,19,683403462,"[-1, -1, 2, 2, 2, 2, 2, 2, 1, 1, 1, -2, -1, -1, -2, -2, 1, 2, 1, 1, -2, -1, -2, -1, -1, -2, 1, 1, -2]"
267,dfs_bnb_mpi,3005.03,-19,20,666941092,"[-1, -1, 2, 2, 2, 2, 1, 2, 2, 1, -2, 1, 1, -2, -1, -1, -2, -1, -2, -2, 1, 2, 1, 2, 1, -2, -2, -1, -2]"
268,dfs_bnb_mpi,1998.93,-19,20,478367703,"[-1, -1, 2, 2, 2, 2, 1, -2, 1, -2, -1, -2, 1, 1, -2, -2, -1, -1, -1, -1, 2, -1, 2, 1, 2, -1, 2, 1, 2]"
269,dfs_bnb_mpi,1364.37,-19,20,304872597,"[-1, -1, 2, 2, 2, 2, 2, 1, 1, -2, -1, -2, 1, 1, -2, -1, -1, -2, 1, 1, -2, 1, 2, 2, 2, 2, 2, -1, -2]"
270,dfs_bnb_mpi,2956.6,-19,20,672468789,"[-1, -1, 2, 2, 2, 2, 1, 1, 2, 1, 1, -2, -1, -2, 1, -2, -2, 1, -2, -1, -1, 2, 2, -1, 2, -1, -2, -2, 1]"
271,dfs_bnb_mpi,721.005,-20,21,163535793,"[-1, -1, 2, 2, 2, 2, 1, -2, -2, -2, 1, 2, 2, 2, 1, 1, 1, -2, -1, -1, -2, 1, 1, -2, -2, -1, 2, -1, -2]"
272,dfs_bnb_mpi,979.74,-19,20,234157841,"[-1, -1, 2, 2, 2, 2, -1, -2, -2, -2, -2, -1, 2, 2, 2, 2, 2, 1, 1, 1, 1, -2, -2, -2, -2, -1, 2, 2, 2]"
273,dfs_bnb_mpi,1299.81,-19,20,286731772,"[-1, -1, 2, 2, 2, 2, 1, -2, -2, -2, 1, 2, 1, -2, -2, -2, -1, -1, -1, -1, 2, 2, 2, 2, 2, -1, -2, -2, -2]"
274,dfs_bnb_mpi,2955.41,-19,20,649686926,"[-1, -1, 2, 2, 2, 1, 1, 1, 1, -2, -1, -1, -1, -2, 1, 1, 1, -2, -1, -2, 1, -2, -1, -1, 2, -1, -1, -2, 1]"
275,dfs_bnb_mpi,751.409,-20,21,166857513,"[-1, -1, 2, 1, 1, 1, -2, 1, 2, 2, -1, -1, -1, -1, -1, -2, -2, -2, -2, 1, 2, 1, 1, 1, 1, -2, -1, -1, -1]"
276,dfs_bnb_mpi,2487.79,-19,19,608058839,"[-1, -1, 2, 2, 2, 2, 2, 2, 1, 1, 1, -2, -1, -1, -2, -2, 1, 2, 1, 1, -2, -1, -2, -1, -1, -2, 1, 1, -2]"
277,dfs_bnb_mpi,2352.77,-19,20,563869813,"[-1, -1, 2, 2, 2, 2, 2, 2, 1, -2, 1, -2, -1, -2, 1, 1, 2, 1, -2, -2, -2, -2, -1, 2, 2, -1, -1, -2, 1]"
278,dfs_bnb_mpi,1345.79,-19,20,298090982,"[-1, -1, 2, 2, 2, 2, 1, 1, 1, 1, 1, -2, -1, -1, -1, -1, -2, -2, 1, 2, 1, 1, -2, -1, -2, 1, 1, 2, 2]"
279,dfs_bnb_mpi,2962.81,-19,19,653270851,"[-1, -1, 2, 2, 2, 2, 1, -2, 1, 2, 2, 1, -2, 1, -2, -1, -2, -1, -1, -2, 1, 1, 1, 2, 1, -2, -2, -1, -1]"
280,dfs_bnb_mpi,2780.21,-19,20,613018971,"[-1, -1, 2, 2, 2, 1, 2, 2, 1, 1, 1, 1, -2, -1, -1, -1, -2, 1, 1, -2, -1, -1, -1, -2, 1, 1, 1, -2, -1]"
281,dfs_bnb_mpi,2805.56,-19,20,619639833,"[-1, -1, 2, 2, 2, 2, 2, 1, 1, -2, 1, 2, 1, -2, -2, -1, -1, -2, 1, 1, -2, -2, -1, 2, -1, -1, 2, 2, 2]"
282,dfs_bnb_mpi,3126.7,-19,20,699107739,"[-1, -1, 2, 2, 2, 2, 2, 1, 1, -2, -1, -2, 1, -2, 1, 2, 2, 2, 1, -2, -2, -2, -2, -2, -1, 2, -1, -1, 2]"
283,dfs_bnb_mpi,951.769,-20,21,218546105,"[-1, -1, 2, 2, 2, 2, 1, -2, -2, -2, 1, 1, -2, 1, 2, 2, -1, -1, 2, 1, 1, 2, 2, -1, -2, -1, 2, -1, -1]"
284,dfs_bnb_mpi,1661.52,-20,21,368102533,"[-1, -1, 2, 2, 2, 1, -2, -2, 1, 2, 2, 1, 1, -2, -2, -2, -2, -2, -1, -1, -1, -1, 2, 1, 1, 1, 2, 2, 2]"
285,dfs_bnb_mpi,2020.28,-19,20,500676257,"[-1, -1, 2, 2, 2, 2, 1, 1, 1, -2, -1, -1, -2, -2, 1, 2, 1, 1, 2, 1, -2, 1, -2, -1, -1, -1, -2, 1, 1]"
286,dfs_bnb_mpi,668.306,-19,20,154668817,"[-1, -1, 2, 2, 2, 2, 1, 1, 1, -2, -1, -1, -2, -2, 1, 2, 1, 1, -2, -1, -2, 1, 1, 2, 2, 2, 2, -1, -2]"
287,dfs_bnb_mpi,799.458,-20,21,177855177,"[-1, -1, -1, 2, -1, -2, -2, -2, -2, 1, 1, 1, 1, 1, 2, -1, -1, -1, -1, 2, 1, 1, 1, 1, 2, 2, -1, -1, -1]"
288,dfs_bnb_mpi,713.9,-20,21,162092276,"[-1, -1, 2, 2, 2, 2, 2, 1, -2, -2, 1, -2, -1, -2, 1, 1, -2, 1, 2, 2, -1, 2, 1, 2, 2, -1, -1, -2, 1]"
289,dfs_bnb_mpi,5342.88,-18,19,1158405042,"[-1, -1, 2, 2, -1, 2, 2, -1, -1, -1, -2, 1, 1, -2, -1, -1, -2, 1, 1, 1, -2, -1, -1, -1, -2, 1, 1, 1, 1]"
290,dfs_bnb_mpi,1389.63,-19,19,311746841,"[-1, -1, 2, 2, 2, 2, 1, 1, 1, -2, 1, 1, -2, -1, -1, -1, 2, -1, -2, -2, 1, 1, 1, -2, -1, -2, -1, -1, -1]"
291,dfs_bnb_mpi,527.806,-19,20,116474585,"[-1, -1, 2, 2, 2, 2, 2, 1, 1, 1, -2, -1, -1, -2, 1, 1, 1, -2, -1, -1, -1, -2, 1, 1, 1, -2, -1, -2, -1]"
292,dfs_bnb_mpi,1319.12,-19,20,323514686,"[-1, -1, 2, 2, 2, 2, 2, 2, 1, 1, 1, -2, -1, -1, -2, -2, 1, 2, 1, -2, 1, -2, -2, -1, 2, -1, -1, -2, 1]"
293,dfs_bnb_mpi,2123.53,-19,20,496812843,"[-1, -1, 2, 2, 2, 1, -2, -2, 1, 2, 2, 1, 1, 1, -2, -1, -1, -2, 1, 1, -2, -2, -1, 2, -1, -2, -1, -1, -1]"
294,dfs_bnb_mpi,298.307,-19,20,65949349,"[-1, -1, 2, 2, 2, 2, 1, -2, 1, 2, 1, 1, 1, -2, -1, -1, -2, -1, -1, -2, 1, 1, -2, 1, 2, 2, 1, -2, 1]"
295,dfs_bnb_mpi,3139.51,-19,18,696672926,"[-1, -1, 2, 2, 2, 2, 2, 2, 1, -2, -2, 1, 2, 2, 1, -2, -2, 1, -2, -1, -1, -1, -2, -2, 1, 2, 1, -2, -2]"
296,dfs_bnb_mpi,3001.94,-19,20,664899658,"[-1, -1, 2, 1, 2, 2, 2, -1, 2, -1, -1, -1, -2, 1, 1, -2, 1, -2, -1, -1, 2, -1, -2, -2, 1, 1, -2, -1, -1]"
297,dfs_bnb_mpi,2946.54,-19,20,653014675,"[-1, -1, 2, 2, 2, 2, 2, 1, 2, 1, -2, 1, -2, 1, -2, -1, -1, 2, -1, -2, -2, -2, 1, 2, 1, 1, -2, -1, -2]"
298,dfs_bnb_mpi,1346.45,-20,21,300346055,"[-1, -2, -2, -2, -2, -2, 1, 2, 2, 2, 2, 1, 1, -2, -1, -2, 1, -2, -1, -2, 1, 1, 2, 2, 2, 2, 2, -1, -1]"
299,dfs_bnb_mpi,1950.63,-20,21,433305683,"[-1, -1, 2, 1, 1, 1, 1, 1, -2, -2, -2, -2, -1, 2, 2, 2, -1, -2, -1, -1, -1, -2, 1, 1, 1, -2, -1, -1, -1]"
300,dfs_bnb_mpi,3414.44,-19,20,756093719,"[-1, -1, 2, 1, 1, 2, 2, 2, -1, -1, -1, -1, -1, -2, 1, 1, 1, 1, -2, -1, -1, -1, -1, -2, 1, 1, -2, -1, -1]"
301,dfs_bnb_mpi,2985.85,-19,20,664778082,"[-1, -1, 2, 2, 2, 2, 2, 2, 1, 1, 1, -2, 1, -2, -2, -1, -2, -2, -1, -1, 2, 1, 2, -1, 2, 2, 1, -2, 1]"
302,dfs_bnb_mpi,375.033,-20,21,87859186,"[-1, -1, 2, 1, 2, 2, -1, -2, -1, 2, -1, -2, -2, 1, -2, -1, -2, 1, 1, 1, 1, 1, 2, 2, -1, 2, 2, 1, -2]"
303,dfs_bnb_mpi,1159.81,-19,20,279045900,"[-1, -1, 2, 2, 2, 1, -2, -2, 1, 2, 2, 2, -1, -1, -1, -2, -2, -2, -2, -1, 2, 2, 2, 2, 2, 1, 1, 1, 1]"
304,dfs_bnb_mpi,517.268,-18,19,115709127,"[-1, -1, 2, 2, 2, 2, 2, 2, 1, -2, -2, -2, 1, 2, 2, 2, 1, -2, -2, -2, -2, -1, -1, -2, 1, 1, -2, 1, 2]"
305,dfs_bnb_mpi,1218.21,-20,21,287869984,"[-1, -1, -1, 2, 2, 1, 1, 2, -1, -1, 2, 1, 1, 1, -2, 1, 2, 1, -2, -2, -2, -2, -1, 2, 2, -1, -2, -1, -1]"
306,dfs_bnb_mpi,1308.5,-19,20,292285711,"[-1, -1, 2, 2, 1, -2, 1, 2, 2, -1, -1, -1, -2, -2, -2, -1, 2, 2, 2, 2, 2, 1, 1, 1, 1, -2, -1, -1, -1]"
307,dfs_bnb_mpi,1048.91,-20,21,231625193,"[-1, -2, 1, 1, 2, 1, -2, 1, 2, 1, -2, -2, -1, -1, -1, -1, -2, 1, 1, 1, 1, -2, -1, -1, -1, -1, -1, 2, 2]"
308,dfs_bnb_mpi,1906.99,-19,20,473917020,"[-1, -1, 2, 2, 2, 2, 1, 2, 1, -2, -2, -1, -2, -2, 1, 2, 1, 2, 2, 2, 2, 1, -2, -2, -2, -2, -2, -1, -2]"
309,dfs_bnb_mpi,1202.06,-19,20,266950239,"[-1, -1, 2, 2, 2, 2, 2, 1, 1, 1, -2, -2, 1, -2, -1, -1, 2, 2, -1, -2, -2, -2, 1, 1, -2, -2, -1, -1, -1]"
310,dfs_bnb_mpi,719.124,-20,21,160197727,"[-1, -1, 2, 2, -1, -2, -2, -1, 2, 2, 2, 2, 1, -2, 1, 2, 1, -2, -2, -2, 1, 2, 2, 2, 1, -2, -2, -2, -2]"
311,dfs_bnb_mpi,1503.12,-19,20,337427883,"[-1, -1, 2, 2, 2, 2, 2, 1, 1, -2, -1, -2, 1, -2, -1, -2, 1, 1, -2, 1, 2, 2, 2, 2, 2, -1, -2, -2, -2]"
312,dfs_bnb_mpi,1003.06,-20,21,222218174,"[-1, -2, 1, 1, 2, 1, 1, -2, -1, -2, 1, -2, -1, -1, 2, -1, -1, -2, 1, -2, 1, 1, 1, -2, -1, -1, -1, -1, 2]"
313,dfs_bnb_mpi,880.753,-19,20,210651876,"[-1, -1, 2, 2, 2, 2, 1, -2, 1, -2, -1, -2, 1, 1, 1, 2, -1, 2, 1, 2, 2, -1, -2, -1, 2, 2, -1, -2, -1]"
314,dfs_bnb_mpi,1232.7,-19,20,278752672,"[-1, -1, 2, 2, 2, 2, 2, 1, 1, -2, -1, -2, 1, 1, 2, 2, 1, -2, -2, -2, -1, -1, -1, -2, 1, 1, 1, -2, -1]"
315,dfs_bnb_mpi,5355.31,-18,19,1178312880,"[-1, -1, 2, 2, -1, 2, -1, -1, -1, -2, 1, 1, -2, 1, -2, -2, 1, -2, -1, -1, 2, 2, -1, 2, -1, -2, -2, 1, -2]"
316,dfs_bnb_mpi,1482.21,-19,20,329194028,"[-1, -1, 2, 2, 2, 2, 2, 1, 1, 1, 1, -2, -1, -1, -1, -2, 1, 1, -2, -1, -1, -2, 1, 1, -2, 1, 2, 2, 2]"
317,dfs_bnb_mpi,3154.24,-19,20,696681221,"[-1, -1, 2, 2, 2, 2, 2, 1, 2, 1, 1, -2, -2, -2, -2, 1, -2, -2, -1, 2, -1, -1, 2, 1, 2, -1, 2, 1, 2]"
318,dfs_bnb_mpi,1314.39,-19,20,299038870,"[-1, -1, 2, 2, 2, 2, 2, 2, 2, 1, 1, -2, -1, -2, 1, -2, -1, -2, 1, -2, -1, -2, 1, 1, 2, 2, 2, 2, 2]"
319,dfs_bnb_mpi,1483.58,-20,21,352316214,"[-1, -1, 2, 2, 2, 1, 1, -2, 1, 2, 1, -2, -2, -2, -2, -2, -1, -1, -1, -1, 2, 1, 1, 1, 2, 2, -1, -1, 2]"
320,dfs_bnb_mpi,1796.04,-20,21,392213553,"[-1, -1, 2, 2, 2, 2, 1, 1, 1, -2, 1, 2, 1, -2, -2, -2, -2, -1, 2, 2, -1, -1, 2, -1, -2, -2, 1, 1, -2]"
321,dfs_bnb_mpi,1015.64,-20,21,222598977,"[-1, -2, 1, 1, 2, 1, -2, -2, -1, -1, -1, -2, -2, 1, 2, 1, -2, 1, 2, 1, 2, 2, 2, 1, -2, -2, -2, -2, -1]"
322,dfs_bnb_mpi,5460.17,-18,19,1255236607,"[-1, -1, 2, 2, 2, 2, 2, 2, -1, -1, -1, -2, 1, 1, -2, -1, -1, -2, -2, -2, -2, 1, 2, 2, 2, 1, -2, -2, -2]"
323,dfs_bnb_mpi,2657.28,-18,19,605312380,"[-1, -1, 2, 2, 2, 2, 2, 1, 2, 1, 1, 1, -2, -1, -1, -2, 1, 1, -2, -1, -1, -2, 1, -2, -1, -1, 2, 2, 2]"
324,dfs_bnb_mpi,831.932,-20,21,200964589,"[-1, -1, 2, 2, 1, -2, 1, 2, 2, 2, -1, -2, -1, 2, -1, -2, -1, 2, -1, -2, -2, -2, -2, 1, 2, 2, 1, -2, -2]"
325,dfs_bnb_mpi,728.108,-20,21,161264081,"[-1, -1, 2, 2, -1, -2, -2, -2, 1, 1, 1, 1, 2, 2, 2, 2, 2, -1, -2, -2, -2, -1, 2, 2, 2, -1, -1, -2, 1]"
326,dfs_bnb_mpi,719.599,-20,21,159419899,"[-1, -1, 2, 2, 2, 2, 1, 1, 1, 1, 1, -2, -1, -1, -1, -1, -2, -2, 1, 2, 1, 1, 1, -2, -2, -1, 2, -1, -2]"
327,dfs_bnb_mpi,542.106,-19,20,121869482,"[-1, -1, 2, 2, 2, 1, 2, 2, 1, 1, 1, -2, -1, -1, -2, 1, -2, -1, -1, -2, 1, 1, -2, 1, 1, 2, -1, 2, 2]"
328,dfs_bnb_mpi,403.475,-20,21,94450103,"[-1, -1, 2, 1, 2, -1, -1, -2, -1, 2, 2, 1, 1, 1, 1, 1, -2, -1, -2, 1, -2, -2, -1, -1, -1, -1, -1, 2, 1]"
329,dfs_bnb_mpi,4470.55,-19,20,982788149,"[-1, -2, 1, 1, 2, 2, 1, 2, 1, 1, 1, -2, -1, -1, -2, -1, -2, 1, 1, 2, 1, -2, -2, -1, -1, -1, -1, -1, -1]"
330,dfs_bnb_mpi,648.066,-20,21,156915479,"[-1, -1, 2, 1, 2, -1, 2, 1, 1, 1, 1, -2, -1, -1, -2, 1, 1, -2, -2, -2, -1, -1, -1, -1, 2, 1, 1, 1, 2]"
331,dfs_bnb_mpi,2461.29,-19,19,602677726,"[-1, -1, 2, 2, 2, 2, 2, 1, 1, -2, 1, 2, 1, -2, -2, -1, -2, 1, -2, -2, -1, 2, -1, -1, 2, 1, 2, -1, 2]"
332,dfs_bnb_mpi,516.775,-19,20,114901888,"[-1, -1, 2, 2, 2, 2, 2, 2, 1, 1, 1, -2, -1, -1, -2, 1, 1, -2, -1, -1, -2, -2, 1, 2, 1, 1, -2, -1, -2]"
333,dfs_bnb_mpi,4247.78,-19,20,934070473,"[-1, -2, 1, 1, 2, 2, 2, 2, 1, -2, 1, -2, -1, -2, -2, 1, 2, 1, 2, 2, 2, -1, 2, -1, -1, -1, -2, -2, -2]"
334,dfs_bnb_mpi,2949.58,-19,20,662018415,"[-1, -1, 2, 2, 2, 1, -2, -2, 1, 2, 2, 2, -1, -1, -1, -2, -1, 2, -1, -2, -2, 1, 1, -2, -1, -1, -2, 1, 1]"
335,dfs_bnb_mpi,300.53,-19,20,67511029,"[-1, -1, 2, 2, 2, 1, 1, 1, -2, -1, -1, -2, 1, 1, -2, -2, -1, -1, -1, -2, 1, 1, 1, 1, 2, 2, 2, 2, 2]"
336,dfs_bnb_mpi,958.156,-19,20,235154643,"[-1, -1, 2, 1, 2, 2, 1, 1, 1, 1, -2, -1, -1, -1, -2, 1, -2, 1, 2, 1, -2, -2, -2, -1, 2, -1, -1, -1, -1]"
337,dfs_bnb_mpi,2824.98,-19,20,670812453,"[-1, -1, 2, 2, 2, 2, 1, 1, 1, -2, -1, -1, -2, -2, 1, 2, 1, 1, 2, 2, 1, -2, -2, -2, -1, -1, -2, 1, 1]"
338,dfs_bnb_mpi,1634.26,-20,20,365875577,"[-1, -1, 2, 2, 2, 1, 2, -1, 2, 1, 1, 1, 1, -2, -2, -2, -2, -2, -1, 2, 2, 2, 2, -1, -2, -2, -1, -2, 1]"
339,dfs_bnb_mpi,735.224,-20,21,175889297,"[-1, -2, 1, 1, 2, 1, 1, 1, -2, -2, -1, 2, -1, -2, -1, -2, -1, 2, -1, -2, -2, 1, 1, 1, 2, 1, 1, -2, -1]"
340,dfs_bnb_mpi,1603.86,-19,20,366503827,"[-1, -1, 2, 2, 2, 2, 2, 1, 1, 1, 1, -2, -1, -1, -1, -2, 1, -2, 1, 2, 1, -2, -2, -2, -1, 2, -1, -1, 2]"
341,dfs_bnb_mpi,3907.32,-19,20,934582696,"[-1, -2, 1, 1, 2, 2, 2, 1, 1, -2, -1, -2, -2, 1, 2, 1, 2, 2, 2, -1, 2, -1, -2, -1, 2, -1, -2, -2, -2]"
342,dfs_bnb_mpi,1387.63,-20,21,319680917,"[-1, -2, 1, 1, 2, 1, 1, -2, -1, -2, 1, -2, -1, -2, 1, -2, -1, -1, 2, 2, -1, -2, -2, -1, 2, 2, 2, 1, 1]"
343,dfs_bnb_mpi,861.73,-20,21,196473768,"[-1, -1, 2, 1, 1, 1, -2, 1, 2, 1, -2, -2, -1, -1, -1, -1, -1, -2, 1, 1, 1, 1, 1, -2, -1, -1, -1, -1, -1]"
344,dfs_bnb_mpi,288.367,-19,20,68198798,"[-1, -1, 2, 2, 2, 2, 2, 2, 1, 1, -2, -1, -2, -2, -2, -2, 1, 2, 1, -2, -2, 1, 2, 2, 2, -1, 2, -1, -2]"
345,dfs_bnb_mpi,2651.18,-19,20,626821152,"[-1, -1, 2, 2, 2, 2, 2, 1, 1, -2, -1, -2, -2, -2, 1, 2, 2, 1, 2, 2, 1, -2, -2, -2, -1, -2, 1, -2, -1]"
346,dfs_bnb_mpi,3138.56,-19,20,694784101,"[-1, -1, 2, 2, 2, 2, 1, 1, 1, 1, 1, -2, -2, -2, -2, -1, 2, 2, 2, -1, -1, -1, -2, -2, 1, 2, 1, -2, -2]"
347,dfs_bnb_mpi,1446.21,-20,21,347703694,"[-1, -1, 2, 2, 2, 2, 1, -2, -2, -2, 1, 2, 2, 2, 1, 1, 1, -2, -2, -2, -2, -1, 2, 2, 2, -1, -2, -2, -2]"
348,dfs_bnb_mpi,2984.46,-19,19,659673038,"[-1, -1, 2, 2, 2, 2, 2, 1, 1, 1, 1, -2, 1, -2, -1, -2, -1, 2, 2, -1, -1, -2, 1, -2, -1, -2, 1, 1, -2]"
349,dfs_bnb_mpi,2807.81,-19,20,620693391,"[-1, -1, 2, 2, 2, 2, 1, -2, -2, -2, 1, 2, 2, 2, 2, -1, -1, -1, -1, -2, 1, -2, -1, -2, 1, -2, -1, -2, 1]"
350,dfs_bnb_mpi,1011.92,-20,21,240382258,"[-1, -1, 2, 2, 2, 2, 2, 1, 1, -2, -1, -2, 1, 1, 2, 2, 1, -2, -2, -2, -2, -2, -1, 2, 2, -1, -1, -2, 1]"
351,dfs_bnb_mpi,2384.29,-19,20,562983541,"[-1, -1, 2, 1, 2, -1, -1, -1, -1, -2, 1, 1, -2, -1, -1, -2, 1, 1, 1, 1, -2, -2, -1, 2, -1, -2, -1, 2, -1]"
352,dfs_bnb_mpi,705.017,-20,21,156724092,"[-1, -1, 2, 2, 1, -2, 1, 1, -2, 1, -2, -1, -1, -1, -1, -1, 2, 2, 2, 2, 1, 1, 1, -2, 1, 2, 1, -2, -2]"
353,dfs_bnb_mpi,859.545,-20,21,200326690,"[-1, -1, 2, 2, 2, 1, -2, -2, 1, 2, 2, 2, -1, -1, -1, -1, -1, -2, -2, 1, -2, -1, -2, 1, 1, 2, 2, 2, -1]"
354,dfs_bnb_mpi,2937,-19,20,650086562,"[-1, -1, 2, 2, 1, -2, 1, 2, 2, 1, 1, 1, -2, 1, -2, -1, -1, 2, -1, -2, -2, 1, 1, -2, -1, -1, -1, -1, -1]"
355,dfs_bnb_mpi,3066.38,-19,20,688323588,"[-1, -1, 2, 2, 2, 2, 1, -2, 1, 2, 1, -2, 1, 2, 1, -2, -2, -2, -2, -1, 2, 2, -1, -1, -1, -2, 1, 1, -2]"
356,dfs_bnb_mpi,1182.62,-20,21,280467076,"[-1, -1, 2, 1, 1, 1, -2, -2, -1, -2, -1, 2, -1, -2, -2, 1, 1, 1, 2, 1, -2, 1, 2, 2, 2, 2, -1, -2, -2]"
357,dfs_bnb_mpi,543.848,-19,19,123658877,"[-1, -1, 2, 2, 2, 2, 2, 1, 1, 1, -2, 1, -2, -1, -1, 2, -1, -2, -2, -2, 1, 2, 1, 1, 1, -2, -1, -1, -2]"
358,dfs_bnb_mpi,3038.23,-19,20,683708162,"[-1, -1, 2, 1, 2, 2, 2, 2, 1, -2, -2, -2, 1, 2, 2, 2, 1, -2, 1, -2, -1, -2, 1, -2, -1, -2, -1, 2, -1]"
359,dfs_bnb_mpi,292.555,-19,20,66925492,"[-1, -1, 2, 2, 2, 2, 1, -2, -2, -2, 1, 2, 2, 2, 1, 1, 1, -2, -2, -1, 2, -1, -2, -2, -2, 1, 2, 1, 1]"
360,dfs_bnb_mpi,1229.11,-19,20,271369944,"[-1, -1, 2, 2, 2, 2, 1, -2, -2, -2, 1, 2, 2, 2, 2, -1, -1, -1, -1, -2, 1, -2, -1, -2, -2, -2, 1, 2, 2]"
361,dfs_bnb_mpi,679.042,-20,21,151029904,"[-1, -1, 2, 2, 2, 1, 2, -1, 2, 1, 1, -2, -2, 1, 2, 2, 1, -2, -2, -2, -1, -1, -1, -2, 1, 1, 1, -2, -1]"
362,dfs_bnb_mpi,2967.37,-19,20,650582447,"[-1, -1, 2, 2, 1, -2, 1, 2, 2, 2, 1, -2, 1, 2, 1, -2, 1, -2, -1, -1, -1, -2, 1, 1, 1, -2, -1, -1, -1]"
363,dfs_bnb_mpi,567.648,-18,19,137793791,"[-1, -1, 2, 2, 2, 2, 2, 1, -2, -2, 1, 1, -2, -1, -1, -2, 1, 1, 1, 2, 2, 2, 2, -1, -2, -1, 2, 2, 2]"
364,dfs_bnb_mpi,1605.6,-19,20,374665612,"[-1, -1, 2, 2, 2, 2, 2, 1, 1, -2, 1, 2, 1, 1, -2, -1, -2, -1, -1, -2, 1, 1, -2, -1, -1, -1, 2, 2, 2]"
365,dfs_bnb_mpi,534.46,-19,19,120321074,"[-1, -1, 2, 2, 2, 2, 2, 1, 1, -2, -1, -2, 1, 1, -2, -1, -1, -2, 1, 1, -2, 1, 2, 2, 1, 2, -1, 2, -1]"
366,dfs_bnb_mpi,363.203,-20,21,82491964,"[-1, -1, 2, 2, 2, 2, 1, 1, 1, -2, -1, -1, -2, -2, 1, 2, 1, 1, -2, -1, -2, 1, 1, 2, 2, 2, 2, -1, -2]"
367,dfs_bnb_mpi,1333.65,-19,20,297887944,"[-1, -1, 2, 2, 2, 2, 2, 2, 1, 1, 1, -2, -1, -1, -2, 1, -2, -1, -2, -2, 1, 2, 1, -2, 1, 2, 2, -1, 2]"
368,dfs_bnb_mpi,571.678,-19,20,130407644,"[-1, -1, 2, 2, 2, 2, 2, 1, 1, -2, -1, -2, 1, 1, 1, -2, -1, -1, -1, -2, 1, 1, 1, -2, -1, -2, -1, -1, -1]"
369,dfs_bnb_mpi,2828.14,-19,20,623506506,"[-1, -1, 2, 2, 2, 1, 2, 2, 1, 1, 1, -2, -2, -2, -2, 1, -2, -1, -1, 2, 2, 2, 2, -1, -2, -2, -1, -2, 1]"
370,dfs_bnb_mpi,591.026,-20,21,141346321,"[-1, -1, 2, 1, 2, -1, -1, -2, -2, -2, -2, -2, 1, 2, 2, 1, -2, -2, 1, 1, 2, -1, 2, 1, 2, 2, 2, -1, -2]"
371,dfs_bnb_mpi,761.627,-19,20,168509515,"[-1, -1, 2, 1, 1, 1, 1, -2, -1, -2, -1, -1, -1, -2, 1, -2, 1, 2, 1, -2, 1, 1, 2, -1, 2, 1, 2, 2, 2]"
372,dfs_bnb_mpi,358.918,-19,20,86647892,"[-1, -1, 2, 2, 2, 2, 2, 2, 1, -2, -2, -2, -2, -2, 1, 2, 2, 2, 2, 2, 1, -2, -2, -2, 1, -2, -1, -2, -2]"
373,dfs_bnb_mpi,1334.42,-19,20,297038318,"[-1, -1, 2, 2, 2, 2, 2, 2, 1, -2, 1, 1, -2, -1, -1, -2, 1, 1, -2, -1, -1, -2, 1, 1, -2, 1, 2, 2, 2]"
374,dfs_bnb_mpi,511.337,-19,20,114145521,"[-1, -1, 2, 2, 2, 2, 2, 1, 1, 1, -2, -1, -1, -2, 1, 1, 1, -2, -1, -1, -1, -2, 1, 1, 1, 1, -2, -1, -1]"
375,dfs_bnb_mpi,5294.59,-18,19,1164008341,"[-1, -1, 2, 2, -1, 2, -1, -1, -1, -2, -1, -2, 1, -2, -1, -2, 1, 1, 2, 2, 2, 1, -2, 1, -2, -1, -2, 1, 1]"
376,dfs_bnb_mpi,3049.73,-19,20,677365772,"[-1, -1, 2, 2, 2, 2, 2, 1, 2, 1, -2, 1, 1, -2, -1, -2, 1, -2, -2, -1, 2, -1, 2, 2, -1, -2, -2, -2, 1]"
377,dfs_bnb_mpi,1746.16,-20,21,388100155,"[-1, -1, 2, 2, -1, -2, -2, -2, -2, -2, 1, 2, 2, 1, -2, -2, 1, 1, 2, -1, 2, 1, 2, 2, 2, -1, -1, -2, 1]"
378,dfs_bnb_mpi,1177.79,-19,20,261560388,"[-1, -1, 2, 2, 2, 2, 2, 1, 1, 1, -2, -1, -1, -2, 1, 1, 1, -2, -1, -1, -1, -2, 1, 1, 1, 1, -2, -1, -1]"
379,dfs_bnb_mpi,2824.61,-19,20,666026779,"[-1, -1, 2, 2, 2, 2, 2, 1, 1, 1, 1, -2, -1, -1, -2, 1, 1, -2, 1, -2, -1, -1, 2, -1, -2, -1, 2, 2, 2]"
380,dfs_bnb_mpi,2799.15,-19,19,615462172,"[-1, -1, 2, 2, 2, 2, 2, 2, 2, 1, -2, -2, 1, 2, 1, -2, -2, -1, -1, -2, 1, 1, -2, -1, -1, -2, 1, 1, -2]"
381,dfs_bnb_mpi,2574.58,-19,20,610602666,"[-1, -1, 2, 2, 2, 2, 2, 1, 1, -2, -2, 1, 2, 2, 1, 1, -2, -1, -2, -2, -2, -1, 2, -1, -2, -1, 2, 2, 2]"
382,dfs_bnb_mpi,2751.91,-19,20,617128787,"[-1, -1, 2, 2, 2, 2, 2, 2, 1, -2, 1, 1, 1, -2, -1, -2, 1, -2, -2, -1, 2, -1, 2, 2, -1, -2, -2, -2, 1]"
383,dfs_bnb_mpi,2911.79,-19,20,638957248,"[-1, -1, 2, 2, 1, -2, 1, 2, 2, 2, 2, -1, -1, -2, -1, 2, -1, -2, -2, -2, -2, -2, 1, 2, 2, 2, 1, 1, 2]"
384,dfs_bnb_mpi,2885.04,-19,20,638267848,"[-1, -1, 2, 2, 2, 1, 1, -2, -1, -2, 1, 1, 2, 2, 1, -2, -2, -2, -1, -2, 1, -2, -1, -1, 2, -1, -1, -2, 1]"
385,dfs_bnb_mpi,2130.37,-19,20,509022273,"[-1, -1, 2, 2, 2, 2, 2, 1, 2, 1, 1, 1, -2, -1, -2, 1, -2, -1, -1, -2, 1, -2, -1, -1, 2, 2, 2, 1, 2]"
386,dfs_bnb_mpi,3289.35,-19,19,727451288,"[-1, -1, 2, 2, 2, 2, 2, 2, 1, 1, 1, -2, 1, -2, -2, -2, -1, 2, 2, -1, 2, -1, -2, -2, 1, -2, -1, -2, 1]"
387,dfs_bnb_mpi,1732.4,-19,20,386475672,"[-1, -1, 2, -1, -1, -1, -1, -2, 1, 1, 1, -2, -1, -1, -1, -2, -2, 1, 2, 1, 1, 1, 2, 1, -2, -2, -1, -1, -1]"
388,dfs_bnb_mpi,1736.17,-20,21,415112928,"[-1, -2, 1, 1, 2, 1, 1, 1, -2, -1, -1, -2, -1, -1, -1, -2, -2, 1, 1, 1, 1, 1, 2, 2, -1, -2, -1, -1, -1]"
389,dfs_bnb_mpi,569.183,-20,21,137052915,"[-1, -1, 2, 2, 2, 1, -2, -2, 1, 1, -2, -2, -1, -1, -1, -2, 1, 1, 1, 1, 2, 2, 2, 2, 2, -1, -1, -2, 1]"
390,dfs_bnb_mpi,2408.19,-19,20,589013276,"[-1, -1, 2, 2, 2, 2, 1, 1, 2, 1, 1, 1, -2, -1, -1, -2, 1, 1, -2, -1, -2, -1, 2, -1, 2, -1, -2, -2, 1]"
391,dfs_bnb_mpi,1152.43,-18,19,255804607,"[-1, -1, 2, 2, 2, 2, 1, 2, 1, -2, 1, 2, 1, -2, -2, -1, -1, -1, -2, -2, 1, 2, 1, 1, -2, -1, -2, 1, 1]"
392,dfs_bnb_mpi,3049.21,-19,20,682592095,"[-1, -1, 2, 2, 2, 2, 2, 1, 2, 1, 1, -2, -1, -2, 1, 1, -2, -2, -2, -1, 2, 2, -1, -2, -2, -1, 2, 2, 2]"
393,dfs_bnb_mpi,1165.14,-18,19,270104334,"[-1, -1, 2, 2, 2, 2, 2, 1, 2, 1, -2, -2, -1, -2, 1, 1, 2, 2, 1, -2, -2, -2, -1, -1, -1, -2, 1, 1, 1]"
394,dfs_bnb_mpi,3939.57,-19,20,866023209,"[-1, -1, 2, -1, -1, -1, -1, -2, 1, 1, -2, -1, -1, -2, -2, 1, 2, 1, -2, 1, 2, 1, -2, 1, 2, 2, -1, -1, 2]"
395,dfs_bnb_mpi,884.914,-20,20,203730146,"[-1, -1, -1, 2, 1, 2, 1, -2, 1, 2, 2, -1, -1, -1, -2, -1, 2, -1, -2, -2, 1, -2, -1, -2, 1, 1, 1, 1, 1]"
396,dfs_bnb_mpi,841.461,-19,20,207298474,"[-1, -1, 2, 2, 2, 2, 1, 1, -2, -1, -2, -2, 1, 2, 1, 2, 2, 2, -1, -1, -1, -1, -2, -1, -2, 1, -2, -2, -2]"
397,dfs_bnb_mpi,2799.29,-19,19,615569212,"[-1, -1, 2, 2, 2, 2, 2, 1, 1, 2, 1, -2, -2, -2, 1, -2, -1, -1, 2, 2, -1, -2, -2, -2, 1, 1, 1, -2, -1]"
398,dfs_bnb_mpi,789.241,-19,20,177209265,"[-1, -2, 1, 1, 2, 2, 2, 1, 2, 1, -2, -2, -1, -2, -2, 1, 2, 1, 2, 2, 2, 2, -1, -1, -1, -2, -1, -2, -2]"
399,dfs_bnb_mpi,716.808,-20,21,158643872,"[-1, -1, 2, 1, 2, -1, -1, -2, -2, -2, 1, -2, -1, -2, 1, 1, 2, 2, 1, -2, -2, 1, 2, 2, 2, 2, 2, -1, -2]"
400,dfs_bnb_mpi,457.252,-20,21,111100938,"[-1, -1, 2, 2, 2, 1, -2, -2, 1, 2, 2, 1, 2, -1, -1, -1, 2, 1, 1, 1, 1, -2, -2, -2, -2, -2, -1, 2, 2]"
401,dfs_bnb_mpi,3024.98,-19,20,679445558,"[-1, -1, 2, 2, 1, -2, 1, 2, 1, 1, 1, -2, -1, -1, -2, 1, 1, -2, -2, -1, 2, -1, -1, -1, -1, -2, 1, 1, 1]"
402,dfs_bnb_mpi,1188.06,-19,20,263528710,"[-1, -1, 2, 2, 2, 2, 2, 2, 1, -2, -2, 1, 2, 1, -2, -2, 1, -2, -1, -1, 2, -1, -2, -2, 1, 1, 1, -2, -1]"
403,dfs_bnb_mpi,1185.43,-18,18,263210341,"[-1, -1, 2, 2, 2, 2, 2, 2, 1, 1, 1, -2, -2, 1, -2, -1, -1, 2, 2, -1, -2, -2, -2, -2, 1, 2, 1, -2, 1]"
404,dfs_bnb_mpi,3278.03,-19,20,724551601,"[-1, -1, 2, 2, 2, 2, 2, 1, 1, -2, -2, 1, 2, 2, 1, -2, -2, -2, -2, -2, -1, 2, 2, -1, -2, -1, 2, 2, 2]"
405,dfs_bnb_mpi,1527.46,-19,20,356248255,"[-1, -1, 2, 2, 2, 1, 2, 2, 2, 1, 1, 1, -2, -1, -1, -2, 1, 1, -2, -1, -2, 1, -2, -1, -1, -1, 2, 1, 2]"
406,dfs_bnb_mpi,1501.17,-18,19,332589043,"[-1, -1, -1, 2, 2, 2, 2, 2, 1, 1, 1, 1, -2, -1, -1, -1, -2, 1, 1, 1, -2, -1, -1, -1, -2, 1, 1, 1, 1]"
407,dfs_bnb_mpi,920.709,-18,19,203277719,"[-1, -1, 2, 2, 2, 2, 2, -1, -2, -1, -2, 1, -2, -1, -2, 1, -2, -1, -1, 2, -1, 2, 1, 2, -1, 2, 1, 2, 1]"
408,dfs_bnb_mpi,837.003,-19,19,203447181,"[-1, -1, 2, 2, 2, 2, 2, 1, -2, -2, -2, -2, 1, 1, 1, 2, 2, -1, 2, 1, 2, -1, 2, -1, -2, -2, -2, -2, 1]"
409,dfs_bnb_mpi,1225.39,-19,20,270185180,"[-1, -1, 2, 2, 2, 1, 1, -2, -1, -2, 1, 1, -2, -2, -1, -1, -1, -2, 1, 1, 1, 1, 2, 2, 2, 2, 2, -1, -2]"
410,dfs_bnb_mpi,439.801,-19,20,108909611,"[-1, -1, 2, 2, 2, 2, 2, 2, 1, -2, -2, 1, -2, -1, -2, -2, 1, 2, 1, -2, 1, 2, 2, -1, 2, 2, 2, -1, -2]"
411,dfs_bnb_mpi,2396.31,-20,21,559795471,"[-1, -2, 1, 1, 2, 1, 1, -2, -1, -2, 1, -2, -2, -2, -1, 2, -1, -2, -1, -1, 2, 1, 2, -1, 2, 1, 1, -2, 1]"
412,dfs_bnb_mpi,763.39,-20,21,179461039,"[-1, -1, -1, 2, 2, 1, -2, 1, 2, 1, -2, 1, 2, 2, -1, -1, -1, -1, -1, -2, -2, -2, -2, 1, 1, 1, 1, 1, 2]"
413,dfs_bnb_mpi,2921.39,-19,20,678356064,"[-1, -1, 2, 2, 2, 1, 1, 1, 1, -2, -1, -1, -1, -2, 1, 1, 1, -2, -2, -2, -1, -1, -1, -1, 2, 1, 1, 1, 2]"
414,dfs_bnb_mpi,505.165,-19,20,113585057,"[-1, -1, 2, 2, 2, 2, 2, 2, 1, 1, 1, -2, -1, -1, -2, 1, -2, -1, -2, -2, 1, 2, 1, -2, 1, 2, 2, -1, 2]"
415,dfs_bnb_mpi,2689.16,-19,20,594927001,"[-1, -1, 2, 2, 2, 1, 2, 2, 1, -2, 1, 2, 1, -2, 1, -2, -1, -1, -1, -2, 1, 1, 1, -2, -1, -1, -1, -1, 2]"
416,dfs_bnb_mpi,1227.62,-19,20,277215467,"[-1, -1, 2, 2, 2, 2, 2, 1, 1, 1, 2, 1, -2, -2, -1, -1, -1, -2, 1, -2, 1, 2, 1, -2, -2, -1, -1, -1, 2]"
417,dfs_bnb_mpi,2595.68,-19,20,618804129,"[-1, -1, 2, 2, 1, -2, 1, 2, 2, 2, 2, -1, -1, -2, 1, -2, -1, -1, 2, 2, -1, -2, -2, -2, 1, -2, -1, -2, 1]"
418,dfs_bnb_mpi,2674.89,-19,20,593394510,"[-1, -1, 2, 2, 2, 2, 2, 1, 2, 1, 1, -2, -2, 1, -2, -2, -2, -1, 2, 2, -1, -2, -2, -1, 2, 2, 2, 1, 2]"
419,dfs_bnb_mpi,1187.92,-19,19,266169106,"[-1, -1, 2, 2, 2, 2, 2, 1, 1, 2, 1, -2, 1, -2, -1, -1, -1, -2, -2, -2, 1, 2, 2, 1, 1, -2, -1, -2, -2]"
420,dfs_bnb_mpi,2681.3,-19,20,641109044,"[-1, -1, 2, 2, 1, -2, 1, 2, 2, 2, 2, -1, -1, -2, 1, -2, -1, -1, 2, 2, -1, -2, -2, -2, 1, -2, -1, -2, 1]"
421,dfs_bnb_mpi,1226.86,-19,20,277665994,"[-1, -1, 2, 2, 2, 2, 2, 1, 2, 1, -2, 1, 1, -2, -1, -1, -1, -2, 1, -2, 1, 2, 1, -2, -2, -1, -1, -1, 2]"
422,dfs_bnb_mpi,2837.8,-19,20,664619839,"[-1, -1, 2, 2, 2, 1, 1, 1, 1, -2, -1, -1, -1, -2, 1, 1, 1, -2, -2, -2, -1, -1, -1, -1, 2, 1, 1, 1, 2]"
423,dfs_bnb_mpi,673.883,-20,21,161720173,"[-1, -1, -1, 2, 1, 1, 1, 1, 1, -2, -1, -2, -1, -1, -2, -1, 2, -1, -2, -2, 1, 1, 1, 2, 1, -2, 1, 2, 2]"
424,dfs_bnb_mpi,1471.84,-20,21,343911764,"[-1, -2, 1, 1, 2, 1, 1, 1, -2, -1, -1, -2, 1, 1, -2, -2, -1, 2, -1, -2, -1, -1, -1, 2, 2, 1, 1, -2, -1]"
425,dfs_bnb_mpi,2835.76,-19,20,636483137,"[-1, -1, 2, 2, 2, 2, 2, 1, 1, 1, -2, -2, 1, 2, 1, -2, -2, -1, -2, -1, 2, -1, 2, 2, -1, -2, -2, -2, 1]"
426,dfs_bnb_mpi,1251.63,-19,20,279103844,"[-1, -1, 2, 2, 2, 2, 1, -2, -2, -2, 1, 2, 2, 2, 1, 1, 1, -2, -1, -1, -2, 1, 1, -2, -2, -1, 2, -1, -2]"
427,dfs_bnb_mpi,5208.82,-18,19,1171455487,"[-1, -1, 2, 2, 2, 2, 1, 1, 1, -2, -1, -1, -2, -2, 1, 2, 1, -2, 1, 1, 2, -1, 2, 1, 2, -1, 2, -1, -1]"
428,dfs_bnb_mpi,2657.27,-19,20,586221943,"[-1, -1, 2, 2, 2, 2, 2, 1, 2, 1, 1, 1, -2, -2, -2, -1, 2, 2, -1, -2, -1, -2, 1, -2, 1, -2, -1, -1, 2]"
429,dfs_bnb_mpi,3000.62,-19,19,660374351,"[-1, -1, 2, 2, 2, 2, 2, 2, 1, 2, 1, -2, 1, -2, -1, -1, -2, 1, 1, -2, -1, -1, -2, -2, 1, 2, 1, -2, -2]"
430,dfs_bnb_mpi,1668.07,-19,20,404384796,"[-1, -1, 2, 2, 2, 1, 2, -1, -1, -2, -2, -2, -2, -1, 2, 2, 2, 2, 2, 1, 1, 1, 1, -2, -2, -2, -1, -2, 1]"
431,dfs_bnb_mpi,2850.98,-19,20,628855187,"[-1, -1, 2, 2, 2, 2, 2, 2, 1, 1, 1, 1, -2, -2, -2, -1, -2, -1, 2, 2, 1, 2, -1, -1, -2, -2, -2, -2, 1]"
432,dfs_bnb_mpi,3041.47,-19,20,663433561,"[-1, -1, 2, 1, 2, 2, 2, -1, -1, -1, -1, -2, -1, -2, -2, -2, 1, 2, 2, 1, 2, 1, 1, -2, -1, -2, -1, -2, 1]"
433,dfs_bnb_mpi,802.947,-20,21,177947372,"[-1, -1, 2, 2, 1, -2, 1, 1, -2, 1, 2, 2, 2, 2, 2, -1, -2, -2, -2, -1, 2, 2, 2, -1, -1, -2, 1, -2, -1]"
434,dfs_bnb_mpi,2811.63,-19,19,616056074,"[-1, -1, 2, 2, 2, 2, 2, 1, 1, -2, 1, 1, -2, 1, -2, -1, -2, -2, -1, 2, 2, 2, -1, -2, -2, -1, 2, 2, 2]"
435,dfs_bnb_mpi,1802.73,-20,21,394850922,"[-1, -1, 2, 1, 1, 2, -1, -1, -1, -1, -2, 1, -2, -1, -2, -2, -2, 1, 2, 2, 1, 1, 1, -2, -1, -1, -2, 1, 1]"
436,dfs_bnb_mpi,497.949,-18,19,109960673,"[-1, -1, 2, 2, 2, 2, 2, 2, 1, 1, 1, -2, -1, -1, -2, 1, 1, -2, -1, -1, -2, -2, 1, 2, 1, 1, -2, -1, -2]"
437,dfs_bnb_mpi,583.799,-19,20,132713223,"[-1, -1, 2, 2, 2, 2, 1, -2, -2, -2, 1, 2, 2, 2, 2, 1, -2, -2, 1, -2, -1, -2, 1, -2, -1, -2, -1, -1, -1]"
438,dfs_bnb_mpi,2809.24,-19,20,614079451,"[-1, -1, 2, 2, 2, 2, 2, 1, 1, -2, -2, 1, 2, 2, 1, -2, -2, -2, -2, -2, -1, 2, 2, -1, -2, -1, 2, 2, 2]"
439,dfs_bnb_mpi,1320.47,-19,20,290363344,"[-1, -1, 2, 2, 2, 2, 2, 2, 1, -2, 1, 1, -2, -1, -1, -2, 1, 1, 1, -2, -1, -1, -1, -2, 1, 1, 1, -2, -1]"
440,dfs_bnb_mpi,865.979,-20,21,201456750,"[-1, -1, 2, 2, 2, 2, 1, -2, -2, -2, 1, 2, 2, 2, 1, 1, 1, -2, -2, -1, -2, 1, -2, -1, -1, 2, 2, 2, 1]"
441,dfs_bnb_mpi,656.073,-20,21,145619367,"[-1, -1, 2, 2, 2, 1, 2, -1, 2, 1, 1, 1, 1, -2, -1, -1, -2, 1, 1, -2, -1, -1, -1, -2, 1, 1, 1, -2, -1]"
442,dfs_bnb_mpi,1174.81,-18,19,260690652,"[-1, -1, 2, 2, 2, 2, 2, 1, 1, 1, -2, 1, -2, -1, -1, 2, -1, -2, -2, -2, 1, 2, 1, 1, -2, -1, -2, 1, 1]"
443,dfs_bnb_mpi,2607.69,-19,20,620124724,"[-1, -1, 2, 2, 2, 2, 2, 2, 2, 1, 1, 1, -2, -1, -1, -2, 1, 1, -2, -2, -2, -1, 2, 2, -1, -2, -2, -2, 1]"
444,dfs_bnb_mpi,724.232,-19,19,160697969,"[-1, -1, 2, 2, 2, 2, 1, 1, 1, -2, 1, 2, 1, -2, -2, -2, -1, 2, -1, -1, 2, -1, -2, -2, 1, 1, -2, 1, 1]"
445,dfs_bnb_mpi,1720.77,-20,21,405255378,"[-1, -1, 2, 2, 2, 2, 2, 1, 1, 1, 1, -2, -1, -1, -2, 1, 1, -2, -2, -2, -1, 2, 2, -1, -2, -1, 2, 2, 2]"
446,dfs_bnb_mpi,2802.36,-19,20,618541061,"[-1, -1, 2, 2, 2, 2, 2, 2, 1, -2, 1, 1, 1, -2, -2, -2, -2, -1, 2, 2, 2, -1, -1, -2, 1, -2, -1, -2, 1]"
447,dfs_bnb_mpi,3027.44,-19,19,679704820,"[-1, -1, 2, 2, 2, 2, 2, 2, 2, 1, 1, 1, -2, -1, -2, 1, -2, -2, -2, -1, -2, -1, 2, 2, 1, 2, -1, 2, 2]"
448,dfs_bnb_mpi,3173.58,-19,20,698397015,"[-1, -1, 2, 2, 2, 2, 2, 1, 1, 1, 1, -2, -1, -1, -1, -2, 1, 1, 1, -2, -1, -1, -1, -2, 1, 1, 1, -2, -1]"
449,dfs_bnb_mpi,1601.66,-19,20,406431841,"[-1, -1, 2, 2, 2, 2, 2, 2, 1, 1, -2, -1, -2, 1, 1, 2, 2, 1, -2, -2, -2, -1, -2, -1, 2, -1, -2, -2, 1]"
450,dfs_bnb_mpi,1314.89,-19,20,291510245,"[-1, -1, 2, 2, 2, 2, 2, 2, 1, -2, -2, 1, 2, 1, -2, -2, 1, -2, -1, -1, 2, -1, -2, -2, 1, 1, 1, -2, -1]"
451,dfs_bnb_mpi,513.196,-18,19,114378324,"[-1, -1, 2, 2, 2, 2, 2, 1, 1, 1, 1, -2, -1, -2, 1, -2, -1, -1, 2, 2, -1, -2, -2, -2, 1, 1, -2, 1, 2]"
452,dfs_bnb_mpi,831.825,-19,20,201405302,"[-1, -1, 2, 2, 2, 2, 2, 1, 1, 1, 1, -2, -1, -1, -1, -2, 1, -2, 1, 2, 1, -2, 1, -2, -1, -1, -1, -1, 2]"
453,dfs_bnb_mpi,1219.01,-19,20,265675985,"[-1, -1, 2, 2, 2, 2, 1, -2, 1, -2, -1, -2, 1, 1, -2, -2, -1, -1, -1, -1, 2, 2, -1, 2, 1, 2, 2, -1, -2]"
454,dfs_bnb_mpi,271.264,-18,19,62829642,"[-1, -1, 2, 2, 2, 2, 2, 1, 1, 1, -2, -1, -1, -2, 1, -2, -1, -2, 1, 1, -2, 1, 2, 2, -1, 2, 1, 2, 2]"
455,dfs_bnb_mpi,1960.39,-19,20,463702837,"[-1, -1, 2, 2, 2, 2, 2, 1, 2, 1, -2, 1, 1, -2, -1, -1, -1, -2, 1, 1, 1, -2, -1, -1, -1, -2, 1, 1, -2]"
456,dfs_bnb_mpi,1812.75,-20,21,419676147,"[-1, -2, -2, -2, -2, 1, 2, 2, 2, 1, 2, 1, 1, 1, -2, -1, -1, -2, -1, -2, -2, 1, 1, 1, 2, 2, -1, -2, -1]"
457,dfs_bnb_mpi,1278.99,-20,21,300144367,"[-1, -2, 1, 1, 1, 1, 2, -1, 2, 1, 2, 2, 2, -1, -1, -2, 1, -2, -1, -1, 2, 2, -1, -2, -2, -2, 1, 1, -2]"
458,dfs_bnb_mpi,3476.78,-20,21,772451038,"[-1, -2, -2, -2, -2, -2, 1, 2, 1, -2, 1, 1, 2, -1, 2, 1, 2, 2, 2, -1, -1, -2, 1, -2, -1, -2, -1, 2, 2]"
459,dfs_bnb_mpi,647.079,-20,21,144763879,"[-1, -1, 2, 2, 2, 2, 2, 1, -2, 1, 2, 1, 1, -2, -1, -2, 1, -2, -1, -1, 2, -1, -2, -2, 1, 1, 1, -2, -1]"
460,dfs_bnb_mpi,631.968,-19,19,148652959,"[-1, -1, 2, 2, 2, 2, 2, 1, -2, -2, -2, -2, 1, 1, 1, 2, 2, -1, -2, -1, 2, 2, 2, 2, 1, -2, 1, -2, -1]"
461,dfs_bnb_mpi,1023.67,-20,21,237523799,"[-1, -1, 2, 1, 1, 1, -2, 1, 2, 1, -2, -2, -1, -1, -2, 1, 1, -2, -1, -1, -1, -1, -1, 2, 2, 1, 1, -2, -1]"
462,dfs_bnb_mpi,725.972,-19,20,160974868,"[-1, -1, 2, 2, 1, -2, 1, 2, 1, -2, -2, -2, -1, -1, -1, -2, 1, 1, 1, -2, -1, -1, -1, -1, 2, 2, 2, 2, 2]"
463,dfs_bnb_mpi,3096,-19,20,731280476,"[-1, -1, 2, 2, 2, 2, 2, 2, 1, -2, -2, -2, 1, 2, 2, 2, 1, -2, 1, -2, -1, -2, -2, -1, -1, -2, 1, 1, -2]"
464,dfs_bnb_mpi,767.876,-20,21,170909548,"[-1, -1, 2, 1, 1, 1, 1, 1, -2, -2, -2, -2, -1, 2, 2, 2, -1, -2, -1, -1, -2, 1, 1, -2, -1, -1, -1, 2, 2]"
465,dfs_bnb_mpi,500.09,-19,20,111942230,"[-1, -1, 2, 2, 2, 2, 2, 1, 1, 1, 1, -2, -1, -1, -1, -2, 1, 1, -2, -1, -1, -2, 1, 1, 1, 1, 2, -1, 2]"
466,dfs_bnb_mpi,1172.61,-20,21,260468635,"[-1, -2, 1, 1, 2, 1, 1, -2, -1, -2, 1, -2, -2, -2, -1, 2, 2, -1, 2, -1, -1, -2, 1, -2, 1, -2, -1, -1, 2]"
467,dfs_bnb_mpi,1238.41,-19,20,292442714,"[-1, -1, 2, 2, 2, 2, 2, 1, -2, -2, -2, -2, 1, 2, 1, -2, 1, 2, 1, 2, -1, -1, 2, 1, 2, -1, -1, -2, -2]"
468,dfs_bnb_mpi,855.541,-19,19,208576070,"[-1, -1, 2, 2, 2, 2, 2, 1, -2, 1, 2, 1, -2, -2, -1, -1, -2, -2, 1, 2, 1, -2, 1, -2, -1, -2, -1, -1, -1]"
469,dfs_bnb_mpi,2665.48,-19,20,633339573,"[-1, -1, 2, 2, 2, 2, 1, 2, 2, 1, -2, -2, -2, -1, -2, -2, 1, 2, 1, -2, 1, 2, 2, -1, 2, 1, 2, -1, 2]"
470,dfs_bnb_mpi,858.4,-19,19,209141317,"[-1, -1, 2, 2, 2, 2, 2, 1, 1, 1, -2, -1, -1, -2, 1, 1, -2, -1, -1, -2, 1, 1, 1, -2, -1, -2, -1, -1, -1]"
471,dfs_bnb_mpi,286.488,-19,20,63723869,"[-1, -1, 2, 2, 2, 2, 2, 1, 1, 1, -2, 1, -2, -1, -1, 2, -1, -2, -2, -2, 1, 2, 1, -2, -2, 1, 2, 2, 1]"
472,dfs_bnb_mpi,755.35,-20,21,170815962,"[-1, -1, 2, 1, 2, -1, 2, 1, 1, -2, -2, 1, 2, 2, 1, -2, -2, -2, -1, -2, -1, -1, -1, -2, 1, 1, 1, 1, 2]"
473,dfs_bnb_mpi,467.288,-19,20,117980746,"[-1, -1, 2, 2, 2, 2, 2, 1, 1, 1, -2, -1, -1, -2, 1, -2, -1, -2, 1, 1, -2, 1, 2, 1, 2, -1, 2, -1, -2]"
474,dfs_bnb_mpi,2872.83,-19,20,634486740,"[-1, -1, 2, 2, 2, 2, 1, 2, 1, 1, 2, 1, -2, -2, -1, -1, -2, -1, -2, -2, 1, 2, 1, 2, 1, -2, -2, -1, -2]"
475,dfs_bnb_mpi,732.25,-19,20,163438727,"[-1, -1, 2, 2, 1, -2, 1, 2, 1, 1, -2, -1, -2, 1, -2, -2, -2, -1, 2, 2, -1, -1, -1, -2, 1, 1, -2, -1, -1]"
476,dfs_bnb_mpi,913.518,-19,20,230118805,"[-1, -1, 2, 2, 2, 2, 2, 1, 1, 1, -2, -1, -1, -2, -2, -2, 1, 1, -2, -2, 1, 2, 2, 2, 2, -1, -1, -2, 1]"
477,dfs_bnb_mpi,1200.76,-20,21,285485241,"[-1, -1, 2, 2, 2, 2, 2, 1, 1, -2, -1, -2, 1, 1, 2, 2, 1, -2, -2, -2, -2, -2, -1, 2, 2, -1, -1, -2, 1]"
478,dfs_bnb_mpi,2720.58,-19,20,600161312,"[-1, -1, 2, 2, 2, 2, 1, 1, 1, -2, 1, 2, 1, -2, -2, -2, -2, -1, 2, 2, -1, -1, 2, -1, -2, -2, 1, 1, -2]"
479,dfs_bnb_mpi,1156.37,-18,19,255582917,"[-1, -1, 2, 2, 2, 2, 2, 1, 1, 1, 1, -2, -2, 1, -2, -1, -1, 2, 2, -1, -1, -2, 1, -2, -1, -2, 1, 1, 1]"
480,dfs_bnb_mpi,1503.4,-19,20,348579268,"[-1, -1, 2, 2, 1, -2, 1, 2, 2, 1, 1, -2, -1, -2, 1, -2, 1, -2, -1, -2, -1, -1, -1, -1, 2, 1, 1, 1, 2]"
481,dfs_bnb_mpi,1920.81,-19,20,481641708,"[-1, -1, 2, 2, 2, 2, 2, 2, 1, -2, -2, -2, 1, 2, 2, 2, 1, -2, -2, -2, 1, -2, -1, -1, -1, -2, 1, 1, -2]"
482,dfs_bnb_mpi,1183.7,-19,20,282349370,"[-1, -1, 2, 2, 2, 2, 2, 1, 1, -2, -1, -2, 1, 1, 2, 2, 1, -2, -2, -2, -1, -1, -1, -2, 1, 1, 1, -2, -1]"
483,dfs_bnb_mpi,5042.68,-18,19,1108538403,"[-1, -1, 2, 2, 2, 2, -1, -1, -1, -1, -2, 1, 1, 1, -2, -1, -1, -1, -1, -2, 1, 1, 1, 1, -2, -1, -1, -1, -1]"
484,dfs_bnb_mpi,515.821,-19,20,115147125,"[-1, -1, 2, 2, 2, 2, 2, 1, 1, -2, -1, -2, 1, 1, 2, 1, -2, -2, -1, -1, -1, -2, 1, 1, 1, -2, -1, -2, -1]"
485,dfs_bnb_mpi,4043.14,-19,20,889797413,"[-1, -2, 1, 1, 2, 2, 1, 1, 1, 1, -2, -2, -2, -1, -2, -1, 2, 2, 1, 2, -1, -1, -2, -2, -1, -1, -2, 1, 1]"
486,dfs_bnb_mpi,2011.98,-20,21,441065729,"[-1, -1, -1, 2, 2, 1, 2, -1, 2, 1, 1, -2, 1, 2, 1, 1, -2, -1, -2, 1, -2, -2, -1, 2, -1, 2, -1, -2, -1]"
487,dfs_bnb_mpi,877.224,-20,21,198532381,"[-1, -1, 2, 2, 1, -2, 1, 1, -2, 1, 1, 2, -1, 2, 1, 2, 2, -1, -2, -1, 2, -1, -1, -1, -2, 1, 1, -2, 1]"
488,dfs_bnb_mpi,4397.59,-19,20,960109852,"[-1, -2, 1, 1, 2, 2, 2, 1, 1, 1, 1, -2, -2, -2, -1, -2, -1, 2, 2, 1, 2, -1, -1, -2, -2, -2, -1, -1, -1]"
489,dfs_bnb_mpi,1295.91,-20,19,308880883,"[-1, -1, 2, 2, 2, -1, -2, -2, -2, -1, 2, 2, 2, 2, 1, 1, 1, -2, 1, 2, 1, -2, -2, -1, -1, -2, 1, 1, -2]"
490,dfs_bnb_mpi,1664.77,-20,21,381694691,"[-1, -1, 2, 2, 2, 2, 1, 1, 1, -2, 1, 2, 1, -2, -2, -1, -2, 1, -2, -1, -1, 2, 2, -1, 2, -1, -2, -2, 1]"
491,dfs_bnb_mpi,691.993,-20,21,163499707,"[-1, -1, 2, 2, 1, -2, 1, 2, 1, 1, 1, -2, -1, -1, -2, 1, 1, -2, -2, -1, 2, -1, -1, -1, -1, -2, 1, 1, 1]"
492,dfs_bnb_mpi,536.639,-19,20,119783644,"[-1, -1, 2, 2, -1, 2, -1, -2, -2, 1, -2, -1, -1, 2, 2, 2, 2, 1, 1, 1, -2, 1, -2, -2, 1, 2, 2, 2, -1]"
493,dfs_bnb_mpi,3076.82,-19,20,677365030,"[-1, -1, 2, 2, 2, 2, 1, 2, 2, 1, -2, 1, 2, 1, -2, -2, -2, -1, 2, -1, -2, -1, -2, -2, 1, 2, 1, -2, -2]"
494,dfs_bnb_mpi,1696.85,-20,21,375018682,"[-1, -1, 2, 2, 1, -2, 1, 2, 1, 1, 1, -2, -2, -1, -2, 1, -2, -1, -1, -1, -1, -1, 2, 1, 1, 1, 2, 2, 1]"
495,dfs_bnb_mpi,589.355,-19,20,135034909,"[-1, -1, 2, 2, 2, 2, 1, 2, 1, -2, 1, -2, 1, -2, -1, -1, 2, -1, -2, -2, 1, 1, 1, -2, -1, -2, -1, -1, -1]"
496,dfs_bnb_mpi,773.066,-20,21,175987136,"[-1, -1, 2, 1, 2, -1, 2, 1, 1, 1, 1, 1, -2, -1, -1, -1, -2, 1, -2, 1, 2, 1, -2, -2, -1, -1, -1, -1, -1]"
497,dfs_bnb_mpi,4640.17,-18,19,1104443215,"[-1, -1, 2, 2, 2, 2, 2, 2, 2, 1, 1, -2, 1, -2, -1, -2, 1, -2, -1, -2, 1, -2, -1, -1, 2, 2, 2, 2, 2]"
498,dfs_bnb_mpi,1793.53,-20,21,412757865,"[-1, -1, 2, 2, 2, 2, 1, -2, 1, 2, 1, -2, 1, 2, 1, -2, -2, -2, -2, -1, 2, 2, -1, -1, -1, -2, 1, 1, -2]"
499,dfs_bnb_mpi,1036.99,-19,20,255573089,"[-1, -1, 2, 2, 1, -2, 1, 2, 2, 1, 1, 1, 1, -2, -1, -1, -1, -2, 1, 1, 1, -2, -1, -2, -1, 2, -1, -2, -1]"
500,dfs_bnb_mpi,2990.78,-19,20,665262154,"[-1, -1, 2, 2, 2, 2, 2, 1, 1, -2, 1, 2, 1, -2, -2, -1, -1, -2, 1, 1, -2, -2, -1, 2, -1, -1, 2, 2, 2]"
501,dfs_bnb_mpi,1229.51,-19,20,293674043,"[-1, -1, 2, 2, 2, 2, 2, 2, 1, -2, -2, -2, 1, -2, -1, -2, 1, 1, -2, 1, 2, 2, -1, 2, 1, 2, -1, -1, 2]"
502,dfs_bnb_mpi,755.522,-20,21,169363144,"[-1, -1, 2, 1, 1, 1, -2, -2, -1, -2, -1, 2, -1, -2, -2, 1, 1, 1, 2, 1, -2, 1, 2, 2, 2, 2, -1, -2, -2]"
503,dfs_bnb_mpi,2875.86,-19,20,650536239,"[-1, -1, 2, 2, 2, 2, 2, 1, 1, -2, -1, -2, 1, -2, 1, 2, 2, 2, 1, -2, -2, -2, -2, -2, -1, 2, -1, -1, 2]"
504,dfs_bnb_mpi,2761.92,-19,20,621203072,"[-1, -1, 2, 2, 2, 2, 2, 2, 1, -2, 1, -2, 1, 2, 1, -2, -2, -2, -2, -1, 2, 2, -1, -2, -2, -1, 2, 2, 2]"
505,dfs_bnb_mpi,2145.22,-19,19,535191916,"[-1, -1, 2, 2, 2, 2, 2, 2, 1, 1, 1, -2, -1, -1, -2, -2, 1, 2, 1, -2, 1, -2, -1, -1, -1, -2, 1, 1, -2]"
506,dfs_bnb_mpi,1136.33,-19,20,252762299,"[-1, -1, 2, 2, 2, 2, 2, 1, 2, 1, 1, 1, -2, -1, -1, -2, -1, -2, -2, -2, 1, 2, 2, 1, 2, 1, -2, -2, -1]"
507,dfs_bnb_mpi,456.756,-20,21,108784402,"[-1, -1, 2, 1, 1, 2, 2, 2, 2, -1, -1, -2, 1, -2, -2, -1, 2, -1, 2, 2, -1, -2, -2, -2, 1, -2, -1, -2, 1]"
508,dfs_bnb_mpi,2703.85,-19,20,597643568,"[-1, -1, 2, 2, 2, 2, 1, 1, 1, 1, 1, -2, -2, -1, -2, 1, -2, -1, -1, 2, 2, -1, -2, -1, 2, 2, 1, 1, 1]"
509,dfs_bnb_mpi,681.04,-20,21,161107458,"[-1, -1, 2, 1, 2, 2, 1, 1, -2, -1, -2, 1, -2, -2, -1, -1, -1, -1, -1, 2, 1, 2, 2, 1, 2, -1, -1, -2, -2]"
510,dfs_bnb_mpi,2876,-19,20,636703408,"[-1, -1, 2, 2, 2, 2, 1, 1, 2, 1, 2, 1, -2, -2, -2, -2, -2, -2, -1, 2, 2, -1, -2, -1, 2, 2, 1, 1, 2]"
511,dfs_bnb_mpi,363.474,-20,21,84832338,"[-1, -1, 2, 2, 2, 1, 1, 1, 1, -2, -1, -1, -1, -2, 1, 1, 1, -2, -1, -2, 1, -2, -1, -1, -1, -1, 2, 1, 1]"
512,dfs_bnb_mpi,2038.16,-19,20,484036277,"[-1, -1, 2, 2, 2, 2, 1, -2, 1, 2, 2, 1, 2, 1, -2, -2, -1, -2, 1, -2, -2, -2, -1, 2, 2, -1, -1, -2, 1]"
513,dfs_bnb_mpi,2844.92,-19,20,622583705,"[-1, -1, 2, 2, 2, 2, 1, 1, 1, 1, 1, -2, -2, -1, -2, 1, -2, -1, -1, 2, 2, -1, -2, -1, 2, 2, 1, 1, 1]"
514,dfs_bnb_mpi,1349.96,-18,19,296261195,"[-1, -1, 2, 2, -1, -1, -1, -1, -2, 1, 1, 1, -2, -1, -1, -1, -2, 1, 1, 1, 1, 1, -2, -1, -1, -1, -1, -1, -1]"
515,dfs_bnb_mpi,1240.53,-18,18,278356990,"[-1, -1, 2, 2, 2, 2, 2, 2, 1, -2, 1, 2, 1, -2, -2, -2, 1, -2, -1, -1, 2, 2, -1, -2, -2, -2, 1, 1, 1]"
516,dfs_bnb_mpi,1326.15,-19,20,294994340,"[-1, -1, 2, 2, 2, 2, 2, 1, 2, 1, -2, 1, 1, -2, -1, -1, -1, -2, 1, -2, 1, 2, 1, -2, -2, -1, -1, -1, 2]"
517,dfs_bnb_mpi,1180.69,-18,19,272615337,"[-1, -1, 2, 2, 2, 2, 1, 1, -2, -1, -2, -2, 1, 2, 1, 2, 2, 1, 1, -2, -1, -2, 1, -2, -1, -1, -2, 1, 1]"
518,dfs_bnb_mpi,361.432,-20,21,82753142,"[-1, -1, 2, 1, 1, 1, -2, 1, 2, 1, -2, -2, -1, -2, -1, 2, -1, -2, -1, 2, -1, -2, -2, 1, 1, 1, 1, 1, 2]"
519,dfs_bnb_mpi,3763.66,-19,20,824550923,"[-1, -1, 2, -1, 2, 1, 2, 2, 2, 2, 1, 1, 1, -2, -1, -1, -2, 1, 1, -2, -1, -1, -2, -2, 1, 2, 1, -2, -2]"
520,dfs_bnb_mpi,1435.94,-20,21,342588077,"[-1, -1, 2, 2, 2, 2, 2, 1, 1, -2, -1, -2, -2, -2, 1, 2, 2, 1, 2, 2, 1, -2, -2, -2, -1, -2, 1, -2, -1]"
521,dfs_bnb_mpi,565.336,-19,20,134731196,"[-1, -1, 2, 2, 2, 2, 1, 2, 1, -2, -2, -1, -2, -2, 1, 2, 1, -2, -2, 1, 2, 2, 2, -1, 2, 2, 1, -2, 1]"
522,dfs_bnb_mpi,303.626,-19,20,67555542,"[-1, -1, 2, 2, 1, -2, 1, 2, 1, 1, 1, -2, -1, -1, -2, 1, 1, -2, -1, -2, -1, 2, -1, -1, -1, -2, 1, 1, -2]"
523,dfs_bnb_mpi,716.188,-19,20,158523708,"[-1, -1, 2, 2, 2, 2, 1, 2, 1, 1, 1, -2, -1, -1, -2, -1, -2, -2, 1, 2, 1, 2, 1, -2, -2, -1, -2, 1, 1]"
524,dfs_bnb_mpi,2461.79,-20,21,543240459,"[-1, -2, 1, 1, 2, 1, -2, 1, 2, 1, -2, -2, -2, -2, -1, 2, 2, -1, -1, -1, -1, -2, 1, 1, 1, -2, -1, -1, -1]"
525,dfs_bnb_mpi,399.63,-19,20,95529653,"[-1, -1, 2, 2, 2, 2, 2, 1, 1, -2, -1, -2, 1, -2, -1, -2, 1, 1, -2, 1, 2, 2, -1, 2, 2, 1, -2, 1, -2]"
526,dfs_bnb_mpi,2788.05,-19,20,627551572,"[-1, -1, 2, 2, 2, 2, 2, 2, 1, 1, 1, -2, -2, -1, -2, 1, 1, -2, -2, -1, 2, -1, -2, -1, 2, 2, 2, 2, 1]"
527,dfs_bnb_mpi,494.609,-18,18,109964358,"[-1, -1, 2, 2, 2, 2, 2, 2, 1, 1, 1, -2, -1, -1, -2, 1, 1, -2, -1, -1, -2, -2, 1, 2, 1, -2, -2, 1, 2]"
528,dfs_bnb_mpi,1946.7,-20,21,433895196,"[-1, -1, 2, 1, 1, 1, 1, -2, -2, -2, -2, -2, -1, 2, -1, -2, -1, -1, 2, 1, 2, -1, 2, 1, 1, -2, 1, 2, 2]"
529,dfs_bnb_mpi,2990.44,-19,20,662619050,"[-1, -1, 2, 2, 2, 2, 2, 1, 2, 1, -2, 1, 1, -2, -1, -2, 1, -2, -1, -1, 2, 2, -1, -2, -2, -2, 1, 1, -2]"
530,dfs_bnb_mpi,425.861,-20,21,99678227,"[-1, -1, 2, 1, 1, 1, 1, 1, -2, -1, -1, -2, -1, -1, -2, 1, 1, 1, 2, 1, -2, -2, -1, -1, -1, -1, -1, 2, 2]"
531,dfs_bnb_mpi,2831.66,-20,21,655988951,"[-1, -2, 1, 1, 2, 1, -2, 1, 2, 1, -2, -2, -1, -1, -1, -2, 1, 1, 1, -2, -1, -1, -1, -1, 2, 2, -1, -2, -2]"
532,dfs_bnb_mpi,1467.95,-19,20,335917032,"[-1, -1, 2, 2, 2, 1, 2, 2, 1, -2, 1, 2, 1, -2, 1, -2, -1, -1, -1, -2, 1, 1, -2, -2, -1, 2, -1, -1, 2]"
533,dfs_bnb_mpi,2215.38,-19,20,544369676,"[-1, -1, 2, 2, 2, 2, 2, 1, -2, -2, 1, 2, 2, 2, 1, -2, -2, -2, 1, -2, -2, -2, -1, 2, 2, -1, -1, -2, 1]"
534,dfs_bnb_mpi,2755.32,-19,20,678887423,"[-1, -1, 2, 2, 2, 2, 2, 1, 1, -2, -1, -2, 1, -2, 1, 2, 2, 1, -2, 1, -2, -1, -2, -2, -1, 2, -1, -1, 2]"
535,dfs_bnb_mpi,5612.84,-18,19,1238297740,"[-1, -1, 2, 2, 2, 2, 2, -1, -1, -1, -1, -2, 1, 1, -2, -1, -1, -2, 1, 1, -2, -1, -2, 1, 1, 2, 2, 2, 2]"
536,dfs_bnb_mpi,2477.58,-19,19,605525810,"[-1, -1, 2, 2, 2, 2, 2, 1, 1, -2, 1, 1, -2, -1, -1, -2, 1, 1, -2, 1, -2, -1, -1, 2, -1, -1, 2, 2, 2]"
537,dfs_bnb_mpi,1184.87,-19,20,261893796,"[-1, -1, 2, 2, 2, 2, 2, 1, 2, 1, -2, 1, -2, 1, -2, -1, -1, 2, -1, -2, -2, -2, 1, 2, 1, 1, -2, -1, -2]"
538,dfs_bnb_mpi,3051.17,-19,20,664159956,"[-1, -1, 2, 1, 2, 2, 1, 1, 1, 1, -2, -2, -2, -2, -2, -1, 2, 2, 2, 2, -1, -1, -2, 1, -2, -2, -1, -1, -1]"
539,dfs_bnb_mpi,3405.36,-19,20,739197763,"[-1, -1, 2, 1, 2, 1, -2, 1, 1, 1, 1, -2, -1, -1, -1, -2, 1, 1, 1, -2, -1, -1, -1, -1, 2, -1, -1, -2, 1]"
540,dfs_bnb_mpi,1619.04,-20,21,380964531,"[-1, -1, 2, 2, -1, -2, -2, -2, -2, -2, 1, 2, 2, 1, 1, -2, -1, -2, 1, 1, 2, 2, 2, 2, 2, -1, -1, -2, 1]"
541,dfs_bnb_mpi,734.12,-19,20,167226060,"[-1, -1, 2, 2, 1, -2, 1, 2, 1, 1, 1, -2, -1, -1, -2, 1, 1, -2, -1, -1, -1, -1, -1, -2, 1, 1, 1, 1, 1]"
542,dfs_bnb_mpi,1241.31,-19,20,278302622,"[-1, -1, 2, 2, 2, 2, 2, 1, 1, 2, 1, -2, 1, -2, -1, -1, -1, -2, 1, -2, 1, 2, 1, -2, -2, -1, -1, -1, 2]"
543,dfs_bnb_mpi,4291.25,-19,20,1008231789,"[-1, -2, 1, 1, 2, 2, 2, 2, 1, -2, 1, -2, -1, -2, -2, 1, 2, 1, 2, 2, 2, -1, 2, -1, -1, -1, -2, -2, -2]"
544,dfs_bnb_mpi,1367.43,-20,21,301002341,"[-1, -2, -2, 1, 2, 1, 2, 1, -2, 1, 2, 1, -2, -2, -1, -1, -1, -2, -1, -1, -2, 1, 1, 1, 2, 1, 1, -2, -1]"
545,dfs_bnb_mpi,2504.32,-19,20,587534708,"[-1, -1, 2, 2, 2, 2, 2, 1, 1, -2, -1, -2, -2, -2, 1, 2, 2, 1, 2, 2, 1, -2, -2, -2, -1, -2, 1, -2, -1]"
546,dfs_bnb_mpi,1288.94,-19,20,284803807,"[-1, -1, 2, 2, 2, 2, 1, -2, 1, 2, 1, -2, 1, 2, 1, -2, -2, -1, -1, -1, -1, -2, 1, 1, 1, 1, -2, -1, -1]"
547,dfs_bnb_mpi,5024.39,-18,19,1101270767,"[-1, -1, 2, 2, 2, 2, 1, 1, 2, 1, -2, 1, 2, 1, -2, -2, -1, -1, -1, -1, -2, -2, 1, 2, 1, -2, 1, 2, 1]"
548,dfs_bnb_mpi,846.436,-19,20,210227932,"[-1, -1, 2, 2, 2, 2, 2, 1, 1, -2, -1, -2, 1, -2, -1, -2, 1, 1, 1, 1, 2, -1, -1, 2, 2, 2, 1, -2, -2]"
549,dfs_bnb_mpi,3294.28,-19,20,722433319,"[-1, -1, 2, 2, 2, 2, 1, 1, 1, 1, 1, -2, -1, -1, -1, -1, -2, -2, 1, 2, 1, 1, 1, -2, -1, -1, -2, 1, 1]"
550,dfs_bnb_mpi,296.596,-19,20,65940205,"[-1, -1, 2, 2, 2, 2, 1, 1, 1, 1, -2, -1, -1, -1, -2, -2, 1, 2, 1, 1, -2, -1, -2, 1, 1, 2, 2, 2, 2]"
551,dfs_bnb_mpi,405.438,-20,21,94391958,"[-1, -1, 2, 1, 1, 1, -2, 1, 2, 1, -2, -2, -1, -1, -1, -1, -2, 1, 1, 1, 1, -2, -1, -1, -1, -1, -1, 2, 2]"
552,dfs_bnb_mpi,1100.57,-19,20,265611186,"[-1, -1, 2, 1, 2, 2, 2, 2, 1, 1, 1, -2, -1, -1, -2, 1, -2, -1, -2, 1, -2, 1, 2, 1, 2, -1, 2, 1, 2]"
553,dfs_bnb_mpi,1416.6,-19,20,317324689,"[-1, -1, 2, 2, 2, 2, 1, -2, -2, -2, 1, 2, 2, 2, 2, -1, -1, -1, -1, -2, -2, -2, -2, -2, 1, 2, 2, 2, 2]"
554,dfs_bnb_mpi,3150.27,-18,19,722196591,"[-1, -1, 2, 2, 2, 2, 2, 2, 2, 1, 1, -2, -1, -2, 1, -2, -1, -2, 1, -2, -1, -2, 1, 1, 2, 2, 2, 2, 2]"
555,dfs_bnb_mpi,1381.95,-19,20,344664284,"[-1, -1, 2, 2, 2, 2, 2, 2, 1, -2, -2, -2, 1, 2, 2, 2, 1, -2, -2, -2, 1, -2, -2, -1, 2, -1, -1, -2, 1]"
556,dfs_bnb_mpi,716.357,-20,21,161920406,"[-1, -1, 2, 2, 2, 1, -2, -2, 1, 2, 2, 2, 1, -2, -2, -2, -2, -2, -1, -1, -1, -1, 2, 2, 2, 2, 2, 1, 1]"
557,dfs_bnb_mpi,2965.05,-19,20,685574964,"[-1, -1, 2, 2, 2, 2, 2, 1, 1, -2, -1, -2, -2, -2, 1, 2, 2, 1, 2, 2, 1, -2, -2, -2, -1, -2, 1, -2, -1]"
558,dfs_bnb_mpi,1825.03,-20,21,395343113,"[-1, -1, 2, 2, 2, 1, 2, -1, 2, 1, 1, -2, -2, 1, 2, 2, 1, -2, -2, -2, -1, -1, -1, -2, 1, 1, 1, -2, -1]"
559,dfs_bnb_mpi,630.035,-19,20,140356959,"[-1, -1, 2, 2, 2, 2, 2, 2, 1, 1, 1, -2, -2, -1, 2, -1, -2, -2, 1, -2, -1, -2, 1, 1, 2, 2, 1, 2, 2]"
560,dfs_bnb_mpi,1570.23,-19,20,357946080,"[-1, -1, 2, 2, 2, 2, 2, 1, 2, 1, -2, -2, 1, 2, 2, 1, -2, -2, -2, -1, -1, -2, 1, -2, -1, -1, 2, 2, 2]"
561,dfs_bnb_mpi,3545.49,-20,21,815556822,"[-1, -2, -2, -2, -2, -2, 1, 2, 2, 2, 2, 1, 2, 1, 1, -2, -2, -2, -2, -2, -1, -1, 2, 1, 2, -1, 2, 1, 2]"
562,dfs_bnb_mpi,1219.27,-20,21,288200907,"[-1, -1, 2, -1, -2, -2, 1, 1, 1, 1, 1, 2, 2, 2, 2, -1, -2, -1, 2, -1, -1, -1, -2, 1, 1, -2, 1, 1, -2]"
563,dfs_bnb_mpi,711.657,-19,20,157951078,"[-1, -1, 2, 2, 1, -2, 1, 2, 1, -2, 1, 2, 1, -2, -2, -1, -1, -2, -1, -1, -1, -2, 1, 1, 1, 1, 2, 1, 1]"
564,dfs_bnb_mpi,1076.24,-19,20,255416077,"[-1, -1, 2, 2, 2, 2, 1, -2, 1, -2, -1, -2, 1, 1, -2, -2, -1, -1, -1, -1, 2, 2, -1, 2, 1, 2, 2, -1, -2]"
565,dfs_bnb_mpi,4068.19,-19,20,888140378,"[-1, -1, -1, -1, 2, 2, 2, 2, 2, 1, 1, 1, 1, -2, -1, -1, -1, -2, 1, 1, 1, -2, -1, -1, -1, -2, 1, 1, 1]"
566,dfs_bnb_mpi,442.288,-20,21,104901423,"[-1, -1, 2, 2, 1, -2, 1, 2, 2, 2, 2, -1, -1, -2, 1, -2, -1, -1, 2, 2, -1, -2, -2, -2, -2, -2, 1, 2, 2]"
567,dfs_bnb_mpi,832.988,-20,21,189193880,"[-1, -1, 2, 1, 1, 1, -2, -2, -1, -1, -1, -2, -2, 1, 2, 1, -2, 1, 2, 1, 2, 2, 2, 1, -2, -2, -2, -2, -1]"
568,dfs_bnb_mpi,670.297,-19,18,149555430,"[-1, -1, 2, 2, 2, 2, 2, 1, -2, 1, 2, 1, -2, 1, -2, -1, -1, -1, -2, -2, 1, 2, 1, 1, -2, -1, -2, 1, 1]"
569,dfs_bnb_mpi,2516.14,-19,20,618721939,"[-1, -1, 2, 2, 2, 2, 1, 1, 1, -2, -1, -1, -2, -2, 1, 2, 1, 1, 2, 2, 1, -2, -2, -2, -1, -1, -2, 1, 1]"
570,dfs_bnb_mpi,3012.72,-19,20,668041073,"[-1, -1, 2, 2, 2, 2, 2, 2, 1, -2, -2, 1, 2, 1, -2, -2, 1, -2, -1, -1, 2, -1, -2, -2, 1, 1, 1, -2, -1]"
571,dfs_bnb_mpi,1743.94,-20,20,387054099,"[-1, -1, 2, 2, 2, 2, 1, 1, 1, 1, 1, -2, -2, -2, -2, -1, 2, 2, 2, -1, -1, -1, -2, -2, 1, 2, 1, -2, -2]"
572,dfs_bnb_mpi,3025.98,-19,20,671679314,"[-1, -1, 2, 2, -1, -2, -2, -1, -1, 2, 2, 2, 2, 1, 1, 1, 1, 1, -2, -2, -2, -1, 2, 2, -1, -1, -1, -2, -2]"
573,dfs_bnb_mpi,3965.61,-19,20,877471902,"[-1, -1, -1, -1, 2, 2, 1, -2, 1, 2, 2, -1, -1, 2, 1, 1, 1, 1, 1, -2, -1, -1, -2, -2, 1, 2, 1, -2, -2]"
574,dfs_bnb_mpi,3064.68,-19,20,681928024,"[-1, -1, 2, 2, 2, 2, 1, 2, 2, 1, 1, -2, -2, -2, 1, -2, -2, -2, -1, 2, 2, -1, -2, -1, 2, 2, 1, 2, 2]"
575,dfs_bnb_mpi,1423.66,-19,20,332619117,"[-1, -1, 2, 2, 2, 2, 2, 1, -2, -2, -2, -2, 1, 1, -2, 1, 1, 2, -1, 2, 2, -1, 2, 2, -1, -2, -2, -2, 1]"
576,dfs_bnb_mpi,725.024,-20,21,165759585,"[-1, -1, 2, 2, 2, 1, -2, -2, 1, 2, 1, -2, -2, 1, 2, 2, 2, 2, -1, -2, -1, 2, -1, -1, -1, -2, -2, -2, -2]"
577,dfs_bnb_mpi,727.409,-20,21,169275360,"[-1, -1, 2, 1, 1, 1, -2, 1, 2, 2, -1, -1, -1, -1, -1, -2, -2, -2, -2, 1, 2, 1, 1, 1, 1, -2, -1, -1, -1]"
578,dfs_bnb_mpi,818.428,-19,20,195517863,"[-1, -1, 2, 2, 2, 2, 2, 2, 1, 1, -2, -1, -2, -2, -2, -2, 1, 2, 1, -2, -2, 1, 2, 2, 2, -1, 2, -1, -2]"
579,dfs_bnb_mpi,567.424,-19,20,128767997,"[-1, -1, 2, 2, 2, 2, 2, 1, 1, 1, 1, -2, -2, -1, 2, -1, -1, -2, -2, -2, 1, 1, -2, 1, 2, 2, -1, -1, 2]"
580,dfs_bnb_mpi,2937.48,-19,20,676927913,"[-1, -1, 2, 2, 1, -2, 1, 2, 2, 2, 2, -1, -1, -1, -1, -2, -2, -2, -2, -2, 1, 2, 2, 2, 2, 1, 1, -2, -1]"
581,dfs_bnb_mpi,2212.24,-19,19,554156285,"[-1, -1, 2, 2, 2, 2, 2, 1, 1, 1, -2, -1, -1, -2, 1, 1, 1, -2, 1, -2, -1, -2, -1, 2, 2, -1, -1, -2, 1]"
582,dfs_bnb_mpi,862.194,-20,21,190466135,"[-1, -1, -1, 2, 2, 2, 2, 1, 1, 1, 1, 1, -2, -1, -1, -1, -1, -2, -2, 1, 2, 1, 1, 1, -2, -2, -1, 2, -1]"
583,dfs_bnb_mpi,3426.08,-19,20,749473461,"[-1, -1, 2, 2, 2, 2, 1, 2, 2, 1, 1, 1, -2, -1, -1, -2, 1, 1, -2, -1, -1, -1, -2, -2, 1, 2, 1, -2, -2]"
584,dfs_bnb_mpi,2828.71,-19,20,624162190,"[-1, -1, 2, 2, 2, 1, 1, -2, -1, -2, 1, 1, 2, 2, 1, -2, -2, -2, -1, -2, 1, -2, -1, -1, 2, -1, -1, -2, 1]"
585,dfs_bnb_mpi,511.525,-19,20,121696602,"[-1, -1, 2, 2, 2, 2, 1, 2, 1, -2, -2, -1, -2, -2, 1, 2, 1, 2, 2, 2, 1, -2, -2, -2, -2, -1, -2, 1, 1]"
586,dfs_bnb_mpi,2996.39,-19,20,660826399,"[-1, -1, 2, 1, 2, 1, 2, 1, -2, 1, -2, 1, -2, -1, -2, 1, -2, -1, -1, -1, -1, -1, 2, 1, 1, 1, 2, 2, -1]"
587,dfs_bnb_mpi,340.851,-20,21,77986272,"[-1, -1, 2, 2, 1, -2, 1, 2, 1, 1, -2, -1, -2, 1, -2, -1, -1, -1, -2, 1, 1, 1, -2, -1, -1, -1, -1, 2, 2]"
588,dfs_bnb_mpi,817.737,-20,21,194119126,"[-1, -1, 2, 1, 1, 1, 1, 1, -2, -1, -1, -2, -1, -2, -1, 2, -1, -2, -2, 1, 1, 1, 1, 1, 2, 2, -1, -2, -1]"
589,dfs_bnb_mpi,2935.48,-19,20,676358024,"[-1, -1, 2, 2, 2, 2, 2, 2, 1, 1, -2, -1, -2, 1, 1, -2, 1, -2, -2, -2, -1, 2, 2, -1, 2, -1, -2, -2, 1]"
590,dfs_bnb_mpi,1100.58,-20,21,260725628,"[-1, -1, 2, 1, 2, -1, -1, -2, -1, 2, 2, 1, 1, 1, 1, 1, -2, -1, -2, 1, -2, -2, -1, -1, -1, -1, 2, -1, -2]"
591,dfs_bnb_mpi,745.772,-20,21,177035911,"[-1, -1, 2, 2, 2, 2, 1, 1, -2, -1, -2, -2, 1, 2, 1, 2, 2, 1, 1, -2, -1, -2, 1, -2, -2, -1, 2, -1, -2]"
592,dfs_bnb_mpi,1145.78,-19,20,253351007,"[-1, -1, 2, 2, 2, 2, 2, 1, 2, 1, 1, 1, -2, -1, -1, -2, -1, -2, 1, -2, -1, -2, 1, 1, 2, 2, 1, 2, -1]"
593,dfs_bnb_mpi,473.886,-18,19,112529092,"[-1, -1, 2, 2, 2, 2, 2, 1, 1, -2, -1, -2, 1, -2, -1, -2, 1, 1, 1, 2, -1, 2, 2, 2, 2, -1, -1, -1, 2]"
594,dfs_bnb_mpi,3087.09,-19,20,713546827,"[-1, -1, 2, 2, 2, 2, 2, 1, 1, 1, 1, -2, -1, -1, -2, 1, 1, -2, -2, -2, -1, 2, 2, -1, -2, -1, 2, 2, 2]"
595,dfs_bnb_mpi,4518.97,-19,19,982368343,"[-1, -2, 1, 1, 2, 2, 2, 2, 1, 1, 1, -2, -1, -1, -2, 1, 1, -2, -1, -1, -2, 1, 1, -2, -1, -1, -1, -1, -1]"
596,dfs_bnb_mpi,2857.92,-19,20,628019437,"[-1, -1, 2, 2, 2, 2, 2, 1, 1, -2, -1, -2, 1, 1, 2, 2, 1, -2, -2, -2, -1, -1, -1, -2, 1, 1, 1, -2, -1]"
597,dfs_bnb_mpi,2120.85,-19,20,503106713,"[-1, -1, 2, 2, 2, 2, 2, 2, 1, 1, -2, -1, -2, -2, 1, 2, 1, -2, 1, -2, -2, -2, -1, 2, 2, -1, -1, -2, 1]"
598,dfs_bnb_mpi,2200.77,-19,20,516778204,"[-1, -1, -1, 2, 2, 1, -2, 1, 2, 1, -2, 1, -2, 1, 2, 2, 2, 2, -1, -1, -1, -1, -1, -2, 1, 1, 1, 1, -2]"
599,dfs_bnb_mpi,807.289,-20,21,177143375,"[-1, -1, 2, 1, 1, 1, -2, 1, 2, 1, -2, -2, -1, -1, -1, -1, -2, 1, 1, 1, 1, -2, -1, -1, -1, -1, -1, 2, 2]"
600,dfs_bnb_mpi,1974.67,-19,20,488131341,"[-1, -1, 2, 2, 2, 2, 2, 2, 1, -2, -2, -2, -2, -2, 1, 2, 2, 2, 2, 1, -2, 1, -2, -1, -2, 1, -2, -1, -2]"
601,dfs_bnb_mpi,751.981,-20,21,167067286,"[-1, -1, 2, 2, 2, 2, 2, 1, -2, -2, 1, 2, 2, 1, 1, -2, -1, -2, 1, -2, -1, -1, -1, -2, 1, 1, 1, -2, -1]"
602,dfs_bnb_mpi,2006,-18,18,442882069,"[-1, -2, -1, 2, 2, 2, 2, 2, -1, -2, -2, -2, -2, -2, -1, 2, 2, 2, 2, 2, 2, 1, 1, 1, -2, -2, -2, -2, 1]"
603,dfs_bnb_mpi,2987.03,-19,20,657536867,"[-1, -1, 2, 2, 2, 2, 1, 1, 1, 1, 1, -2, -2, -1, -2, 1, -2, -1, -1, 2, 2, -1, -2, -1, 2, 2, 1, 1, 1]"
604,dfs_bnb_mpi,1625.11,-19,20,378485985,"[-1, -1, 2, 2, 2, 1, 2, -1, 2, 1, 1, -2, -2, -2, -1, -2, 1, 1, 2, 2, 2, 2, 1, -2, -2, -2, -2, -2, -1]"
605,dfs_bnb_mpi,1627.51,-19,20,402162460,"[-1, -1, 2, 2, 2, 2, 1, -2, -2, -2, 1, 1, 2, -1, 2, 2, 2, -1, -1, 2, 1, 1, 1, -2, 1, -2, -1, -2, 1]"
606,dfs_bnb_mpi,1704.17,-20,20,389141567,"[-1, -1, 2, 2, 2, -1, -2, -2, -2, -1, 2, 2, 2, 2, 1, 1, 1, 1, 1, -2, -1, -1, -2, -2, 1, 2, 1, -2, -2]"
607,dfs_bnb_mpi,3351.6,-19,20,739023855,"[-1, -1, 2, 2, 1, -2, 1, 1, -2, 1, 2, 2, 2, 2, 2, -1, -1, -1, -1, -2, 1, 1, 1, -2, -2, -1, 2, -1, -1]"
608,dfs_bnb_mpi,765.592,-20,21,175723072,"[-1, -1, 2, 2, 2, 2, 2, 1, 1, -2, -1, -2, -2, -2, 1, 1, -2, 1, 2, 2, -1, -1, 2, 1, 2, 2, 1, -2, -2]"
609,dfs_bnb_mpi,276.769,-19,20,64994251,"[-1, -1, 2, 2, 2, 2, 2, 1, 1, -2, -1, -2, 1, 1, -2, -1, -1, -2, 1, 1, -2, 1, 2, 2, 2, 2, 2, -1, -2]"
610,dfs_bnb_mpi,1454.37,-19,20,334140424,"[-1, -1, 2, 2, 2, 1, 1, 1, 1, 1, -2, -1, -1, -1, -1, -2, 1, 1, -2, 1, 2, 1, -2, -2, -1, -1, -1, -1, -1]"
611,dfs_bnb_mpi,3053.54,-19,20,675117463,"[-1, -1, 2, 1, 2, 2, -1, -2, -1, 2, -1, -1, -1, -2, -2, -2, -2, 1, 2, 2, 2, 1, -2, 1, -2, -1, -2, 1, 1]"
612,dfs_bnb_mpi,4346.71,-19,20,961297807,"[-1, -1, 2, -1, -1, -1, -2, 1, 1, -2, 1, 1, -2, -1, -1, -1, 2, -1, -2, -2, 1, 1, 1, 1, -2, -1, -1, -1, -1]"
613,dfs_bnb_mpi,1293.97,-19,20,300691517,"[-1, -1, 2, 2, 2, 2, 1, 1, -2, -1, -2, -2, 1, 2, 1, 2, 2, 1, 1, -2, -1, -2, -2, -1, -2, 1, 1, 2, 2]"
614,dfs_bnb_mpi,622.606,-19,19,146311532,"[-1, -1, 2, 2, 2, 2, 2, 2, 1, 1, 1, -2, -1, -1, -2, -2, -2, -2, 1, 2, 2, 2, 1, 1, -2, -1, -2, -2, -2]"
615,dfs_bnb_mpi,2927.03,-19,20,682467560,"[-1, -1, 2, 2, 1, -2, 1, 2, 2, 1, 2, 1, 1, 1, -2, -1, -2, 1, -2, -2, -1, 2, -1, -2, -1, 2, 2, 1, 2]"
616,dfs_bnb_mpi,5673.22,-18,19,1237475559,"[-1, -1, 2, 2, 2, 2, 2, 2, 2, 1, 1, -2, 1, -2, -2, -2, -2, -2, -1, -1, 2, 1, 2, -1, 2, 1, 2, -1, 2]"
617,dfs_bnb_mpi,1414.2,-19,20,324412053,"[-1, -1, 2, 2, 2, 2, 2, -1, -2, -2, -2, -2, -2, -2, 1, 1, 1, 1, 2, 2, 2, -1, 2, 2, -1, -2, -2, -2, 1]"
618,dfs_bnb_mpi,3487.24,-19,20,778287709,"[-1, -1, 2, 2, 2, 2, 2, 1, 1, -2, -1, -2, 1, -2, 1, 2, 2, 2, 1, -2, -2, -2, -2, -2, -1, 2, -1, -1, 2]"
619,dfs_bnb_mpi,3062.08,-19,20,673317049,"[-1, -1, 2, 1, 2, 2, 2, 1, 1, 2, 1, 1, -2, -1, -2, 1, -2, -1, -1, 2, -1, -2, -2, 1, 1, 1, -2, -1, -1]"
620,dfs_bnb_mpi,1457.78,-19,20,327930426,"[-1, -1, 2, 2, 2, 2, 2, 1, 1, -2, -1, -2, 1, -2, -1, -2, 1, 1, -2, 1, 2, 2, 2, 2, 2, -1, -2, -2, -2]"
621,dfs_bnb_mpi,1971.06,-19,20,467607000,"[-1, -1, 2, 2, 2, 2, 2, 1, 2, 1, -2, -2, 1, 1, -2, -1, -1, -2, 1, 1, -2, -2, -1, 2, -1, -1, 2, 2, 2]"
622,dfs_bnb_mpi,1229.39,-19,20,286103024,"[-1, -1, 2, 2, 2, 2, 1, -2, 1, 2, 1, -2, -2, -1, -1, -2, 1, 1, 1, -2, -1, -2, -1, -1, -2, 1, 1, 1, 2]"
623,dfs_bnb_mpi,1619.01,-20,21,382379343,"[-1, -1, 2, 1, 2, -1, -1, -1, 2, 1, 1, 1, 1, 1, -2, -1, -2, 1, -2, -2, -1, -1, -1, -1, 2, 2, -1, -2, -2]"
624,dfs_bnb_mpi,852.503,-20,21,201552737,"[-1, -1, 2, 2, 2, 1, 2, -1, -1, -2, -2, -2, -2, -2, 1, 1, 1, 1, 2, 2, 2, 2, 2, -1, -2, -2, -1, -2, 1]"
625,dfs_bnb_mpi,1573.99,-19,20,380254275,"[-1, -1, 2, 2, 2, 2, 1, -2, -2, -2, 1, 1, 1, 2, 2, -1, 2, 1, 2, -1, 2, -1, -1, -2, 1, -2, -2, -2, 1]"
626,dfs_bnb_mpi,1569.21,-19,20,355154910,"[-1, -1, 2, 2, 1, -2, 1, 2, 1, 1, 1, -2, -1, -1, -2, 1, 1, -2, -1, -1, -1, -1, -1, -2, 1, 1, 1, 1, 1]"
627,dfs_bnb_mpi,1320.1,-19,20,290841995,"[-1, -1, 2, 2, 2, 2, 2, 2, 1, 1, -2, -1, -2, 1, 1, -2, 1, -2, -1, -1, 2, -1, -2, -2, 1, 1, 1, -2, -1]"
628,dfs_bnb_mpi,2129.38,-18,19,524258143,"[-1, -1, 2, 2, 2, 2, 2, 1, 2, 1, 1, -2, -1, -2, -1, -2, 1, -2, -1, -2, 1, 1, 2, 1, 2, -1, 2, 1, 2]"
629,dfs_bnb_mpi,2672.8,-19,20,631949737,"[-1, -1, 2, 2, 2, 2, 1, -2, 1, 2, 1, -2, 1, 2, 1, -2, -2, -1, -2, 1, -2, -1, -1, 2, 2, -1, -1, -2, 1]"
630,dfs_bnb_mpi,5369.98,-18,19,1174258333,"[-1, -1, 2, 2, -1, 2, -1, -1, -2, 1, -2, 1, -2, -1, -1, 2, -1, -2, -2, 1, 1, 1, 1, 1, -2, -1, -1, -1, -1]"
631,dfs_bnb_mpi,704.728,-19,20,154462413,"[-1, -1, 2, 2, 2, 2, 1, -2, 1, 2, 1, -2, 1, 2, 1, -2, -2, -1, -1, -1, -1, -2, 1, 1, -2, 1, 2, 1, 1]"
632,dfs_bnb_mpi,692.348,-20,21,155407383,"[-1, -1, 2, 2, 1, -2, 1, 2, 2, 1, 2, -1, -1, -2, -1, 2, -1, -2, -2, -2, -2, -2, 1, 1, 1, 1, 2, 2, 2]"
633,dfs_bnb_mpi,2251.61,-19,20,536480095,"[-1, -1, 2, 2, 2, 2, 2, 2, 1, -2, 1, 1, -2, -1, -1, -2, 1, 1, 1, -2, -2, -2, -1, 2, 2, -1, -1, -2, 1]"
634,dfs_bnb_mpi,2929.27,-19,20,646687694,"[-1, -1, 2, 2, 2, 2, 2, 1, 1, -2, 1, 2, 1, -2, -2, -1, -1, -2, 1, 1, -2, -2, -1, 2, -1, -1, 2, 2, 2]"
635,dfs_bnb_mpi,3063.26,-19,18,677806635,"[-1, -1, 2, 2, 2, 2, 2, 2, 1, -2, -2, 1, 2, 2, 1, -2, 1, -2, -1, -2, -1, -1, -2, -2, 1, 2, 1, -2, -2]"
636,dfs_bnb_mpi,1905.44,-20,21,421815369,"[-1, -1, 2, 1, 2, -1, 2, 2, 1, -2, 1, 2, 1, -2, 1, 2, 1, -2, -2, -1, -1, -1, -2, 1, 1, 1, -2, -1, -1]"
637,dfs_bnb_mpi,1203.82,-19,20,270440624,"[-1, -1, 2, 2, 2, 2, 2, 1, 1, -2, -1, -2, 1, -2, -1, -2, 1, 1, -2, 1, 2, 2, 2, 2, 2, -1, -2, -2, -2]"
638,dfs_bnb_mpi,1924.78,-20,21,439469087,"[-1, -1, 2, 1, 1, 1, -2, 1, 2, 1, -2, -2, -1, -1, -1, -1, -1, -2, -2, 1, 2, 1, 1, 1, 1, -2, -1, -1, -1]"
639,dfs_bnb_mpi,716.489,-19,20,175551057,"[-1, -1, 2, 2, 2, 2, 2, 2, 1, -2, -2, -2, 1, 2, 2, 2, 1, 1, -2, -1, -2, 1, -2, -1, -2, -1, -1, -2, 1]"
640,dfs_bnb_mpi,745.786,-20,21,165609723,"[-1, -1, 2, 1, 1, 2, -1, -1, -1, -2, -1, 2, -1, -2, -2, 1, 1, -2, -1, -1, -2, 1, 1, 1, 1, 1, 2, -1, -1]"
641,dfs_bnb_mpi,651.304,-19,20,162081155,"[-1, -1, 2, 2, 2, 2, 2, 1, 1, -2, -1, -2, 1, -2, -1, -2, 1, 1, -2, 1, 2, 1, 2, -1, -1, 2, 2, 1, -2]"
642,dfs_bnb_mpi,3018.79,-19,20,665177541,"[-1, -1, 2, 2, 1, -2, 1, 1, 1, 1, -2, -2, -1, 2, -1, -2, -1, -1, -1, -2, 1, 1, 1, 1, -2, -1, -1, -1, -1]"
643,dfs_bnb_mpi,2326.32,-19,20,554346413,"[-1, -1, 2, 2, 2, 2, 2, 2, 1, -2, 1, 1, 1, -2, -1, -1, -2, 1, 1, -2, -2, -1, 2, -1, -2, -1, 2, 2, 2]"
644,dfs_bnb_mpi,733.595,-20,21,164762039,"[-1, -1, 2, 2, 1, -2, 1, 2, 2, 2, -1, -2, -1, 2, -1, -1, -1, -2, 1, 1, -2, -1, -1, -2, -2, 1, 2, 1, -2]"
645,dfs_bnb_mpi,3177.1,-19,20,785205501,"[-1, -2, 1, 1, 2, 2, 1, 1, 1, -2, -1, -1, -2, 1, 1, -2, -2, -1, -1, -1, -2, -1, 2, -1, 2, 1, 1, 1, 1]"
646,dfs_bnb_mpi,2494.43,-19,20,592303888,"[-1, -1, 2, 2, 2, 2, 1, -2, 1, 2, 1, -2, 1, 2, 1, -2, -2, -1, -2, 1, -2, -1, -1, 2, 2, -1, -1, -2, 1]"
647,dfs_bnb_mpi,3147.4,-19,20,704416020,"[-1, -1, 2, 2, 2, 2, 2, 1, -2, 1, 1, 2, -1, 2, 1, 1, -2, -2, -2, -1, -1, -1, -2, -2, 1, 2, 1, -2, -2]"
648,dfs_bnb_mpi,1962.43,-19,20,485658332,"[-1, -1, 2, 2, 2, 2, 2, 1, -2, -2, 1, 2, 2, 1, -2, -2, 1, -2, 1, -2, -1, -2, -1, 2, 2, -1, -1, -2, 1]"
649,dfs_bnb_mpi,714.03,-20,21,169669648,"[-1, -1, 2, 2, 1, -2, 1, 2, 2, 2, 2, -1, -2, -2, -1, 2, 2, -1, -1, -2, -2, -2, -2, -2, 1, 2, 2, 2, 2]"
650,dfs_bnb_mpi,672.976,-19,20,157389787,"[-1, -1, 2, 2, 2, 2, 2, 1, -2, -2, -2, -2, 1, 1, 1, 2, -1, -1, 2, 2, 2, 2, 1, -2, 1, -2, -1, -2, 1]"
651,dfs_bnb_mpi,1254.98,-18,19,276722286,"[-1, -1, 2, 2, 1, -2, 1, 2, 2, 2, 2, -1, -1, -1, -2, 1, 1, -2, -1, -1, -2, -2, -2, -1, 2, 2, 2, 2, 2]"
652,dfs_bnb_mpi,4849.94,-18,19,1065674528,"[-1, -1, 2, 2, 2, 2, 2, 2, 1, -2, 1, 1, 1, -2, -1, -1, -1, -2, 1, 1, 1, -2, -1, -1, -1, -2, 1, 1, 1]"
653,dfs_bnb_mpi,1059.99,-19,20,255279769,"[-1, -1, 2, 2, 2, 2, 1, 1, 1, -2, -1, -1, -2, -2, 1, 2, 1, 1, 2, 2, 1, -2, -2, -2, -2, -1, 2, -1, -2]"
654,dfs_bnb_mpi,296.273,-19,20,66571660,"[-1, -1, 2, 2, 2, 2, 2, 1, -2, 1, 2, 1, -2, -2, -1, -1, -2, -2, 1, 2, 1, -2, -2, 1, 2, 2, 2, 2, 2]"
655,dfs_bnb_mpi,1227.71,-20,21,277205116,"[-1, -2, 1, 1, 2, 1, 1, -2, -1, -2, -1, -1, -1, -2, 1, -2, -1, -2, 1, 1, 2, 2, 1, -2, -2, 1, 2, 2, 2]"
656,dfs_bnb_mpi,718.867,-20,21,159397511,"[-1, -1, 2, 1, 2, -1, 2, 1, 1, 1, -2, -1, -2, 1, -2, -2, -1, -1, -1, -1, -1, 2, 1, 2, 2, 2, -1, -2, -2]"
657,dfs_bnb_mpi,1145.78,-19,20,270665926,"[-1, -1, 2, 2, 1, -2, 1, 2, 2, 1, 1, 1, -2, -1, -1, -2, 1, 1, -2, -2, -1, 2, -1, -2, -1, -1, -1, -1, 2]"
658,dfs_bnb_mpi,521.248,-19,20,116429857,"[-1, -1, 2, 2, 2, 2, 2, 1, 1, -2, -1, -2, 1, 1, 2, 1, -2, -2, -1, -1, -1, -2, 1, 1, 1, 1, -2, -1, -1]"
659,dfs_bnb_mpi,866.401,-20,21,196278856,"[-1, -1, 2, 1, 1, 1, 1, -2, -1, -2, 1, -2, -1, -2, 1, -2, -1, -1, 2, 2, -1, -2, -2, -1, 2, 2, 2, 1, 1]"
660,dfs_bnb_mpi,377.952,-19,20,91840339,"[-1, -1, 2, 2, 2, 2, 2, 1, 1, -2, -1, -2, 1, 1, -2, -1, -1, -2, 1, 1, 1, 2, 2, 2, -1, 2, 2, -1, -1]"
661,dfs_bnb_mpi,2926.67,-19,20,643556052,"[-1, -1, 2, 2, 2, 2, 2, 1, 2, 1, -2, 1, 1, -2, -1, -1, -1, -2, 1, 1, 1, -2, -1, -1, -1, -2, 1, 1, 1]"
662,dfs_bnb_mpi,858.173,-20,21,194605754,"[-1, -1, 2, 1, 1, 1, 1, -2, -1, -2, 1, -2, -2, -2, -1, 2, 2, -1, 2, -1, -1, -2, -2, -2, 1, 1, 2, -1, 2]"
663,dfs_bnb_mpi,648.685,-20,21,154788375,"[-1, -1, -1, 2, 2, 1, -2, 1, 2, 1, -2, 1, 2, 1, -2, -2, -1, -2, 1, -2, -1, -1, 2, -1, -1, -1, -2, 1, 1]"
664,dfs_bnb_mpi,364.122,-19,19,88536822,"[-1, -1, 2, 2, 2, 2, 2, 1, -2, -2, -2, -2, 1, 2, 1, -2, -2, 1, 2, 2, 2, 2, -1, -2, -1, 2, 2, 1, 2]"
665,dfs_bnb_mpi,3940.01,-19,20,868323033,"[-1, -1, 2, -1, -1, -1, -2, 1, 1, -2, 1, 1, -2, -2, -1, 2, -1, -2, -1, 2, 2, -1, -2, -2, -1, 2, 2, 2, 2]"
666,dfs_bnb_mpi,2844.64,-19,19,673530711,"[-1, -1, 2, 2, 2, 2, 2, 1, 1, -2, 1, 2, 1, -2, -2, -1, -2, 1, 1, -2, -1, -1, -1, -1, 2, 1, 2, -1, 2]"
667,dfs_bnb_mpi,2975.51,-19,20,657528758,"[-1, -1, 2, 2, 1, -2, 1, 2, 2, 1, 2, 1, -2, 1, -2, -2, -2, -2, -1, 2, 2, 2, -1, -2, -2, -2, -1, -1, -1]"
668,dfs_bnb_mpi,1090.58,-20,21,241478718,"[-1, -2, 1, 1, 2, 1, 1, 1, -2, -1, -1, -2, 1, 1, -2, -2, -1, 2, -1, -2, -1, 2, 2, -1, -1, -2, -2, 1, 2]"
669,dfs_bnb_mpi,722.864,-20,21,165292046,"[-1, -1, 2, 2, -1, -2, -2, -2, -2, 1, 2, 1, -2, 1, 2, 1, -2, 1, 2, 2, -1, 2, -1, -1, 2, 1, 1, 1, -2]"
670,dfs_bnb_mpi,2656.8,-19,20,644569327,"[-1, -1, 2, 2, 1, -2, 1, 2, 2, 2, 1, 1, 1, 1, -2, -1, -2, 1, -2, -1, -2, -1, 2, 2, 2, -1, -2, -2, -2]"
671,dfs_bnb_mpi,2040.23,-20,21,485108966,"[-1, -2, 1, 1, 2, 1, 1, -2, -1, -2, 1, -2, -1, -2, 1, -2, -1, -1, 2, -1, -2, -1, 2, 2, 2, 1, 1, -2, -1]"
672,dfs_bnb_mpi,1180.31,-19,20,261790417,"[-1, -1, 2, 2, 2, 2, 2, 1, 1, 1, -2, -2, 1, 1, -2, -1, -1, -1, 2, 2, -1, -2, -2, -2, 1, 1, 1, -2, -1]"
673,dfs_bnb_mpi,772.272,-20,21,173063159,"[-1, -1, 2, 2, 2, 2, 1, -2, -2, -2, 1, 1, -2, 1, 2, 2, 2, -1, -2, -1, 2, 2, 1, 1, 2, -1, -1, -1, -1]"
674,dfs_bnb_mpi,5077.19,-18,19,1119715631,"[-1, -1, 2, 2, 2, 2, 2, 1, 1, 1, 1, -2, -1, -2, 1, -2, 1, -2, -1, -1, 2, -1, 2, 2, -1, -2, -2, -2, 1]"
675,dfs_bnb_mpi,657.053,-20,21,146137704,"[-1, -1, 2, 2, 2, 1, 2, -1, 2, 1, 1, 1, 1, -2, -1, -1, -2, 1, -2, -1, -1, -2, 1, 1, -2, 1, 2, 2, 2]"
676,dfs_bnb_mpi,829.267,-20,21,189062764,"[-1, -1, 2, 1, 1, 1, 1, 2, -1, -1, -1, -1, -1, -2, -2, -2, -2, 1, 2, 1, -2, 1, 1, 1, 2, 2, -1, -2, -1]"
677,dfs_bnb_mpi,2964.94,-19,20,653711603,"[-1, -1, 2, 1, 2, 1, 2, 1, 1, 1, -2, -2, -2, -2, -1, -2, -1, -1, -1, 2, 1, 1, 2, 1, 2, 2, -1, -2, -1]"
678,dfs_bnb_mpi,3079.4,-19,18,680532443,"[-1, -1, 2, 2, 2, 2, 2, 2, 1, 2, 1, -2, 1, -2, -1, -1, -2, 1, 1, -2, -1, -1, -2, -2, 1, 2, 1, -2, -2]"
679,dfs_bnb_mpi,841.642,-20,21,191159965,"[-1, -1, 2, 1, 1, 1, -2, 1, -2, -1, -1, -1, -1, -2, -2, 1, 2, 1, -2, 1, 2, 1, -2, 1, 2, 2, 2, 2, -1]"
680,dfs_bnb_mpi,2042.76,-19,20,489843858,"[-1, -1, 2, 2, 2, 2, 2, 1, 2, 1, -2, -2, -1, -2, 1, 1, 2, 1, -2, -2, -2, -2, -1, 2, 2, -1, -1, -2, 1]"
681,dfs_bnb_mpi,3244.63,-19,19,716743813,"[-1, -1, 2, 1, 2, 2, 2, 2, 1, 1, 1, -2, 1, -2, -1, -1, 2, -1, -2, -2, 1, 1, 1, -2, -1, -2, -1, 2, -1]"
682,dfs_bnb_mpi,2088.75,-19,20,526880937,"[-1, -1, 2, 2, 2, 2, 2, 1, 1, -2, -1, -2, 1, -2, 1, 2, 2, 1, -2, -2, 1, -2, -1, -2, -1, 2, -1, -1, 2]"
683,dfs_bnb_mpi,1589.28,-19,20,394000413,"[-1, -1, 2, 2, 2, 2, 2, 1, 2, 1, 1, -2, -1, -2, -1, -2, 1, 1, 2, 1, -2, -2, -2, -1, 2, -1, -1, -2, 1]"
684,dfs_bnb_mpi,1265.65,-19,20,280776656,"[-1, -1, 2, 2, 2, 2, 1, 1, 1, -2, 1, 2, 1, -2, 1, -2, -1, -1, -1, -1, 2, -1, -2, -2, 1, 1, 1, -2, -1]"
685,dfs_bnb_mpi,467.894,-20,21,111958443,"[-1, -1, 2, 2, 2, 1, -2, -2, 1, 2, 2, 2, -1, -1, -1, -2, -2, -1, 2, 2, -1, -2, -2, -2, -2, 1, 2, 1, -2]"
686,dfs_bnb_mpi,708.284,-19,19,157402817,"[-1, -1, 2, 2, 2, 1, 2, -1, 2, 1, 1, 1, -2, -1, -2, 1, -2, -1, -1, -2, 1, 1, -2, 1, 2, 2, 2, 2, 2]"
687,dfs_bnb_mpi,1278.29,-18,19,283375938,"[-1, -1, 2, 1, 2, 2, -1, -2, -1, 2, 2, 1, 2, -1, -1, -1, -2, 1, -2, -1, -2, 1, -2, 1, -2, -1, -1, 2, -1]"
688,dfs_bnb_mpi,342.93,-20,21,78514094,"[-1, -1, 2, 1, 1, 1, 2, -1, -1, -1, 2, 1, 2, -1, 2, 1, 1, -2, -2, 1, 2, 2, 1, -2, -2, -2, -2, -2, -1]"
689,dfs_bnb_mpi,681.869,-20,21,162471563,"[-1, -1, -1, 2, 2, 1, -2, 1, 2, 1, -2, 1, -2, 1, 2, 2, -1, 2, 1, 2, -1, -1, -2, -1, 2, -1, -1, -2, 1]"
690,dfs_bnb_mpi,2950.37,-19,20,686034118,"[-1, -1, 2, 2, 2, 2, 2, 2, 1, -2, 1, 1, -2, -1, -2, 1, 1, -2, -2, -2, -1, 2, 2, -1, -2, -1, 2, 2, 2]"
691,dfs_bnb_mpi,866.452,-19,19,209837776,"[-1, -1, 2, 2, 2, 2, 2, 1, -2, -2, 1, 2, 2, 1, -2, -2, -2, -1, -1, -2, 1, 1, 1, -2, -1, -2, -1, -1, -1]"
692,dfs_bnb_mpi,2671.89,-19,20,590809891,"[-1, -1, 2, 2, 2, 2, 1, 1, 1, 1, 1, -2, -2, -2, -2, -1, 2, 2, 2, -1, -1, -1, -2, -2, 1, 2, 1, -2, -2]"
693,dfs_bnb_mpi,955.678,-20,21,222231044,"[-1, -1, 2, 2, 2, 2, 2, 1, -2, -2, -2, -2, 1, 1, -2, 1, 2, 2, 2, -1, 2, 1, 2, -1, -1, -2, -2, -2, 1]"
694,dfs_bnb_mpi,2702.58,-19,20,642681649,"[-1, -1, 2, 2, 1, -2, 1, 2, 2, -1, 2, 1, 2, -1, -1, -2, -2, -1, 2, 2, -1, -2, -2, -2, 1, -2, -1, -2, 1]"
695,dfs_bnb_mpi,1219.2,-19,20,282886933,"[-1, -1, 2, 2, 2, 1, 2, -1, -1, -2, -2, -2, -2, -1, 2, 2, 2, 2, 2, 1, 1, 1, 1, -2, -2, -2, -2, -1, 2]"
696,dfs_bnb_mpi,4875.73,-18,18,1073628363,"[-1, -1, 2, 2, 2, 2, 2, 1, 2, 1, 1, 1, -2, -2, -1, 2, -1, -2, -1, -2, 1, 1, -2, -1, -1, -2, 1, 1, -2]"
697,dfs_bnb_mpi,546.322,-18,19,123452995,"[-1, -1, 2, 2, 2, 2, 1, -2, -2, -2, 1, 2, 2, 2, 2, -1, -1, -1, -2, -2, -2, -2, -2, -1, 2, 2, 2, 2, 2]"
698,dfs_bnb_mpi,2646.17,-19,20,627282304,"[-1, -1, 2, 1, 2, 1, 2, 1, -2, 1, 2, 1, -2, -2, -2, -2, -1, -2, -1, -1, -1, 2, 1, 1, 2, 1, 2, -1, -1]"
699,dfs_bnb_mpi,894.877,-20,21,204271317,"[-1, -1, -1, -1, -1, 2, 2, 1, -2, 1, 1, 2, -1, 2, -1, -1, 2, 1, 1, 1, -2, 1, 2, 1, -2, -2, -1, -2, 1]"
700,dfs_bnb_mpi,3045.4,-19,20,670606157,"[-1, -1, 2, 2, 1, -2, 1, 2, 1, 1, 1, -2, -2, -2, -2, -1, 2, 2, 2, -1, -2, -2, -1, -1, -1, -2, 1, 1, 1]"
701,dfs_bnb_mpi,869.077,-20,21,211250243,"[-1, -1, 2, 2, 1, -2, 1, 2, 1, 1, -2, -1, -2, 1, -2, -1, -2, 1, -2, -1, -1, -1, -1, 2, 2, 1, 1, -2, -1]"
702,dfs_bnb_mpi,2983.82,-19,20,659530800,"[-1, -1, 2, 2, 2, 2, 2, 2, 1, -2, 1, 2, 1, -2, -2, 1, -2, -1, -1, 2, -1, -2, -2, -2, 1, 2, 1, -2, -2]"
703,dfs_bnb_mpi,5502.36,-18,19,1213392524,"[-1, -1, 2, 2, 2, 2, 2, 2, 2, 1, 1, 1, -2, -1, -1, -2, 1, 1, -2, -1, -1, -2, 1, 1, -2, -1, -1, -2, 1]"
704,dfs_bnb_mpi,2241.44,-18,19,494672207,"[-1, -1, 2, 2, 2, 2, 1, 1, 2, 1, 1, -2, -1, -2, 1, -2, -1, -1, 2, -1, -2, -2, 1, 1, 1, 1, 2, 2, 2]"
705,dfs_bnb_mpi,754.045,-20,21,172542736,"[-1, -1, 2, 1, 1, 1, 2, -1, -1, -1, -1, -2, -2, -2, 1, -2, -1, -2, 1, 1, 2, 2, 1, -2, -2, 1, 2, 2, 2]"
706,dfs_bnb_mpi,690.777,-20,20,153384827,"[-1, -1, 2, 2, 2, 1, 1, 1, -2, -1, -1, -2, 1, 1, -2, -2, -1, -1, -1, -1, -1, 2, 1, 2, 2, 2, -1, -2, -2]"
707,dfs_bnb_mpi,2162.06,-19,20,512227460,"[-1, -1, 2, 2, 1, -2, 1, 2, 1, 1, 1, -2, -1, -1, -2, 1, -2, -1, -1, -1, -1, -2, 1, 1, 1, 1, 1, 2, 2]"
708,dfs_bnb_mpi,1892.04,-19,20,442813955,"[-1, -1, 2, 1, 2, -1, 2, -1, -1, -1, -2, 1, 1, -2, -1, -1, -2, 1, 1, -2, 1, 1, -2, -1, -1, -1, 2, -1, -2]"
709,dfs_bnb_mpi,3121.36,-19,20,716588234,"[-1, -1, 2, 2, 2, 2, 2, 2, 1, -2, 1, 1, -2, -1, -2, 1, 1, -2, -2, -2, -1, 2, 2, -1, -2, -1, 2, 2, 2]"
710,dfs_bnb_mpi,2763.65,-19,20,604391838,"[-1, -1, 2, 2, 2, 2, 2, 1, 1, 1, 1, -2, 1, -2, -1, -1, 2, -1, -1, -2, 1, -2, 1, 1, -2, -1, -1, -1, 2]"
711,dfs_bnb_mpi,5598.16,-19,20,1229919028,"[-1, -2, -1, -1, -1, 2, 2, 2, 2, 1, 1, -2, -1, -2, -2, 1, 2, 1, 2, 2, 2, -1, -1, -1, -1, -2, -2, -2, -2]"
712,dfs_bnb_mpi,579.177,-19,20,130580434,"[-1, -1, 2, 2, 2, 2, 2, 1, -2, 1, 2, 1, -2, -2, -1, -1, -2, -2, 1, 2, 1, 1, 2, 1, -2, -2, -1, -1, -2]"
713,dfs_bnb_mpi,739.572,-20,21,164000675,"[-1, -1, 2, 1, 1, 1, 2, -1, -1, -1, -1, -2, -2, -2, -2, -2, 1, 2, 2, 1, 1, -2, -1, -2, 1, 1, 2, 2, 2]"
714,dfs_bnb_mpi,3139.79,-19,20,690780570,"[-1, -1, 2, 2, 2, 2, 2, 2, 1, -2, 1, 1, -2, -2, 1, -2, -2, -2, -1, 2, 2, -1, 2, 2, -1, -2, -2, -2, 1]"
715,dfs_bnb_mpi,516.061,-19,20,114449052,"[-1, -1, 2, 2, 2, 2, 2, 1, 1, 1, 1, -2, -1, -2, 1, -2, -1, -1, 2, 2, -1, -2, -2, -2, 1, 1, 1, -2, -1]"
716,dfs_bnb_mpi,1087.68,-19,20,257917285,"[-1, -2, 1, 1, 2, 2, 1, 1, 1, -2, -1, -1, -2, 1, 1, -2, -1, -1, -1, -1, -1, -2, 1, -2, 1, 2, 1, 1, 1]"
717,dfs_bnb_mpi,2809.6,-19,19,615241641,"[-1, -1, 2, 2, 2, 2, 2, 1, 2, 1, -2, 1, 1, -2, -2, -2, -1, 2, 2, -1, -1, -2, 1, -2, -1, -2, 1, 1, -2]"
718,dfs_bnb_mpi,1760.45,-20,21,409243898,"[-1, -1, -1, 2, 2, 1, -2, 1, 2, 1, -2, 1, 2, 1, -2, -2, -1, -2, 1, -2, -1, -1, 2, -1, -1, -1, -2, 1, 1]"
719,dfs_bnb_mpi,2144.4,-19,20,502385708,"[-1, -1, 2, 2, 2, 2, 2, 1, 2, 1, -2, 1, 1, -2, -1, -1, -1, -2, 1, 1, 1, -2, -1, -1, -1, -2, 1, 1, -2]"
720,dfs_bnb_mpi,4705.72,-19,20,1041263524,"[-1, -2, -1, 2, 2, 1, 2, 2, 2, -1, -1, -2, -1, 2, -1, -2, -2, 1, -2, -1, -2, 1, -2, 1, 2, 2, 2, 1, 2]"
721,dfs_bnb_mpi,2975.8,-19,19,656145939,"[-1, -1, 2, 2, 2, 2, 2, 1, 1, 1, -2, 1, -2, -1, -1, 2, -1, -2, -2, -2, 1, 2, 1, -2, -2, -2, -1, -1, -1]"
722,dfs_bnb_mpi,661.402,-20,21,156985054,"[-1, -1, 2, 1, 2, -1, 2, 2, 2, 1, 1, -2, -1, -2, 1, 1, 2, 2, 1, -2, -2, -2, -1, -1, -2, 1, 1, -2, -1]"
723,dfs_bnb_mpi,640.324,-19,19,150795151,"[-1, -1, 2, 2, 2, 2, 2, 1, 1, 1, -2, -1, -1, -2, 1, 1, -2, -1, -1, -2, 1, 1, -2, 1, -2, -1, -1, -1, -1]"
724,dfs_bnb_mpi,2665.17,-20,21,590622535,"[-1, -2, 1, 1, 2, 1, 1, 1, -2, -1, -1, -2, 1, 1, -2, -2, -1, 2, -1, -2, -1, 2, 2, -1, -1, -2, 1, -2, -1]"
725,dfs_bnb_mpi,751.612,-20,21,170487278,"[-1, -1, 2, 2, 2, 1, 1, 1, 1, 1, -2, -1, -1, -1, -1, -2, 1, 1, -2, 1, 2, 1, -2, -2, -1, -1, -1, -1, -1]"
726,dfs_bnb_mpi,1960.13,-19,20,487313326,"[-1, -1, 2, 2, 2, 1, 2, 2, 1, 1, 1, -2, -1, -1, -2, 1, 1, -2, 1, -2, -1, -2, -1, 2, 2, -1, -1, -2, 1]"
727,dfs_bnb_mpi,980.589,-20,21,232012625,"[-1, -1, 2, 2, 2, 2, 2, 1, -2, -2, 1, 2, 2, 1, 1, -2, -1, -2, 1, -2, -2, -2, -1, 2, 2, -1, -1, -2, 1]"
728,dfs_bnb_mpi,1321.49,-19,20,295771882,"[-1, -1, 2, 2, 2, 1, -2, -2, 1, 1, -2, -2, -1, -1, -1, -2, 1, 1, 1, 1, 2, 2, 2, 2, 2, -1, -1, -2, 1]"
729,dfs_bnb_mpi,5710.88,-18,19,1246466866,"[-1, -1, 2, 2, 2, 2, 2, 2, -1, -1, -1, -2, 1, 1, -2, -1, -1, -2, 1, 1, -2, -1, -1, -2, 1, 1, -2, -1, -1]"
730,dfs_bnb_mpi,2823.37,-19,19,616664844,"[-1, -1, 2, 2, 2, 2, -1, -2, -2, -2, -2, -2, 1, 1, 1, 1, 2, 2, 2, 2, 2, -1, -1, -2, 1, -2, -1, -2, 1]"
731,dfs_bnb_mpi,557.15,-19,20,123121710,"[-1, -1, 2, 1, 2, 2, 1, 1, 1, 1, -2, -1, -1, -1, -2, 1, 1, 1, -2, -2, -1, 2, -1, -2, -1, -2, -1, 2, -1]"
732,dfs_bnb_mpi,2013.45,-19,20,496471104,"[-1, -1, 2, 2, 2, 2, 2, 1, 1, 1, 1, -2, -2, -1, 2, -1, -2, -2, 1, 1, -2, -2, -1, 2, -1, -1, 2, 2, 2]"
733,dfs_bnb_mpi,3056.86,-19,19,668907987,"[-1, -1, 2, 2, 2, 2, 2, 2, 1, 1, 1, -2, 1, -2, -2, -2, -1, 2, 2, -1, 2, -1, -2, -2, 1, -2, -1, -2, 1]"
734,dfs_bnb_mpi,2132.68,-20,21,502071879,"[-1, -2, 1, 1, 2, 1, -2, 1, 2, 1, -2, -2, -1, -1, -1, -1, -2, 1, 1, 1, 1, -2, -1, -1, -1, -1, -1, 2, 2]"
735,dfs_bnb_mpi,737.479,-20,21,163721706,"[-1, -1, 2, 2, 1, -2, 1, 2, 1, 1, -2, -1, -2, 1, -2, -2, -2, -1, 2, 2, -1, -1, -2, 1, -2, -1, -1, 2, 2]"
736,dfs_bnb_mpi,1720.88,-20,21,379529577,"[-1, -1, 2, 2, -1, -2, -2, -2, 1, 1, 1, 1, 2, 2, 2, 2, 2, -1, -1, -1, -1, -2, 1, 1, 1, -2, -1, -2, 1]"
737,dfs_bnb_mpi,728.566,-20,21,162776113,"[-1, -1, 2, 2, -1, -2, -2, -2, 1, -2, -1, -2, 1, 1, 2, 2, 1, -2, -2, 1, 2, 2, 2, 2, 2, -1, -1, -2, 1]"
738,dfs_bnb_mpi,3691.76,-19,20,867373299,"[-1, -1, -1, -1, 2, 2, 2, 2, 2, 1, 1, -2, -1, -2, 1, -2, 1, 2, 2, 2, 1, -2, -2, -2, -2, -1, -1, -1, 2]"
739,dfs_bnb_mpi,2783.95,-19,19,612695201,"[-1, -1, 2, 2, 2, 2, 2, 1, 1, 1, -2, -2, 1, 1, -2, -2, -1, 2, -1, -1, 2, 2, -1, -2, -2, -2, 1, 1, -2]"
740,dfs_bnb_mpi,217.341,-19,20,48609662,"[-1, -1, 2, 2, 2, 2, 2, 1, 1, 1, -2, -1, -1, -2, 1, -2, -1, -2, 1, 1, 2, 2, 1, -2, 1, -2, -1, -2, -1]"
741,dfs_bnb_mpi,1215.51,-18,19,266235177,"[-1, -1, 2, 2, 2, 2, 1, 2, 1, 1, 1, -2, -1, -1, -2, -1, -2, -2, 1, 2, 1, 2, 1, -2, -2, -1, -2, 1, 1]"
742,dfs_bnb_mpi,578.554,-19,20,132081274,"[-1, -1, 2, 2, 2, 2, 2, 1, -2, 1, 1, -2, 1, -2, -1, -1, 2, -1, -2, -2, 1, 1, 1, -2, -1, -2, -1, -1, -1]"
743,dfs_bnb_mpi,818.022,-20,21,188771613,"[-1, -1, 2, 1, 2, -1, -1, -1, -2, 1, -2, -1, -2, 1, 1, 1, 1, 1, 2, 2, -1, 2, 1, 2, -1, -1, -1, -1, -1]"
744,dfs_bnb_mpi,3617.44,-20,21,825447923,"[-1, -2, -2, -2, -2, 1, 2, 2, 2, 1, 2, 1, 1, 1, -2, -1, -2, 1, -2, -2, -1, 2, -1, -2, -1, 2, 2, 1, 2]"
745,dfs_bnb_mpi,2130.49,-18,19,464957139,"[-1, -1, 2, 2, 2, 2, 2, -1, -1, -1, -2, 1, 1, -2, -1, -1, -1, -2, 1, 1, 1, -2, -2, -1, 2, -1, -1, -2, 1]"
746,dfs_bnb_mpi,1351.26,-19,20,299875163,"[-1, -1, 2, 2, 2, 2, 1, 1, 1, 1, 1, -2, -1, -1, -1, -1, -2, -2, 1, 2, 1, 1, 1, -2, -2, -1, 2, -1, -2]"
747,dfs_bnb_mpi,1462.44,-20,20,344723885,"[-1, -1, 2, 1, 1, 1, -2, -2, -1, -1, -2, 1, 1, -2, -1, -1, -1, 2, -1, -2, -1, 2, 2, 2, 2, 1, -2, -2, 1]"
748,dfs_bnb_mpi,1073.27,-20,21,247176498,"[-1, -1, -1, -1, 2, 2, 1, -2, 1, 1, 2, -1, 2, -1, -1, 2, 1, 1, 1, -2, 1, 2, 1, -2, -2, -1, -2, 1, -2]"
749,dfs_bnb_mpi,1720.35,-19,20,401295332,"[-1, -1, 2, 1, 2, 2, 2, 2, 1, -2, -2, 1, 2, 2, 1, -2, -2, 1, -2, -1, -2, 1, -2, -1, -1, 2, 2, -1, -2]"
750,dfs_bnb_mpi,2881.53,-19,20,666313782,"[-1, -1, 2, 2, 2, 2, 2, 1, 1, -2, 1, -2, -2, 1, 2, 1, -2, -2, -1, -2, -1, 2, -1, -1, 2, 1, 2, -1, 2]"
751,dfs_bnb_mpi,582.72,-20,21,139248015,"[-1, -1, 2, 2, 2, 1, 1, -2, -1, -2, 1, 1, -2, 1, 2, 2, -1, 2, 1, 2, -1, -1, -1, -1, -1, -2, -2, -2, -2]"
752,dfs_bnb_mpi,1366.92,-19,20,304395045,"[-1, -1, 2, 1, 2, -1, 2, -1, -2, -2, -2, -1, -2, 1, 1, 1, -2, -1, -1, -1, -1, 2, 2, 2, 2, 2, 1, -2, -2]"
753,dfs_bnb_mpi,1249.27,-19,20,281704270,"[-1, -1, 2, 2, 2, 2, 2, 1, 1, -2, -1, -2, 1, 1, 2, 1, -2, -2, -1, -1, -1, -2, 1, 1, -2, -2, -1, -1, -1]"
754,dfs_bnb_mpi,739.992,-20,21,164708448,"[-1, -1, 2, 1, 1, 2, -1, -1, -1, -1, -1, -2, 1, 1, -2, -1, -1, -2, -2, 1, 2, 1, -2, 1, 2, 1, 1, -2, -1]"
755,dfs_bnb_mpi,560.63,-19,19,126779040,"[-1, -1, 2, 2, 2, 2, 1, 1, 2, 1, 1, -2, -1, -2, -1, -1, -2, -2, 1, 2, 1, -2, -2, 1, 2, 2, 2, 1, 2]"
756,dfs_bnb_mpi,3072.9,-19,19,679575884,"[-1, -1, 2, 2, 2, 2, 2, 1, 2, 1, 1, 1, -2, -2, -2, -2, -1, 2, 2, 2, -1, -2, -1, -2, 1, -2, -1, -2, 1]"
757,dfs_bnb_mpi,3171,-19,20,698814135,"[-1, -1, 2, 1, 2, -1, 2, -1, -2, -2, -1, 2, 2, -1, -2, -2, -2, 1, 1, -2, 1, 1, -2, -1, -1, -1, 2, -1, -2]"
758,dfs_bnb_mpi,713.162,-20,21,159537417,"[-1, -1, 2, 2, 1, -2, 1, 2, 2, 2, -1, -2, -1, 2, -1, -1, -2, 1, -2, -1, -2, 1, -2, -1, -2, 1, 1, 1, 1]"
759,dfs_bnb_mpi,2931.12,-19,20,681455530,"[-1, -1, 2, 2, 1, -2, 1, 2, 2, 2, 1, 1, -2, -1, -2, 1, 1, -2, -2, -2, -1, 2, 2, -1, -2, -2, -1, -1, -1]"
760,dfs_bnb_mpi,5497.87,-18,19,1218380847,"[-1, -1, 2, 2, 2, 2, 2, -1, -1, -1, -1, -2, -2, -2, 1, 2, 2, 1, 1, -2, -1, -2, 1, -2, -1, -1, -2, 1, 1]"
761,dfs_bnb_mpi,539.017,-20,21,128946474,"[-1, -1, -1, -1, 2, 1, 1, 1, 1, 1, -2, -2, -1, -1, -1, -2, -1, 2, -1, -2, -2, 1, 1, 1, 1, 1, 2, -1, -1]"
762,dfs_bnb_mpi,4926.46,-18,18,1090926512,"[-1, -1, 2, 2, 2, 2, 2, 1, 1, 2, 1, -2, 1, -2, -1, -1, -1, -2, 1, 1, 1, -2, -1, -1, -1, -2, 1, 1, 1]"
763,dfs_bnb_mpi,1799.62,-20,21,413795932,"[-1, -1, 2, 2, 2, 1, 2, -1, 2, 1, 1, -2, -2, -2, 1, 2, 2, 2, 1, -2, -2, -2, -2, -2, -1, 2, -1, -1, 2]"
764,dfs_bnb_mpi,493.16,-19,20,110842909,"[-1, -1, 2, 2, 2, 2, 2, 1, 1, 1, 1, -2, -1, -1, -1, -2, 1, 1, -2, -1, -1, -2, 1, 1, -2, 1, 2, 2, 2]"
765,dfs_bnb_mpi,841.064,-20,21,189556527,"[-1, -1, -1, -1, 2, 2, 1, -2, 1, 2, 2, -1, -1, 2, 1, 1, 1, -2, -2, -2, 1, 2, 2, 2, 1, -2, -2, -2, -2]"
766,dfs_bnb_mpi,291.575,-19,20,65815483,"[-1, -1, 2, 2, 2, 2, 2, 1, -2, -2, 1, 2, 2, 1, -2, 1, -2, -1, -2, -1, -1, -2, 1, 1, -2, 1, 2, 2, 1]"
767,dfs_bnb_mpi,201.743,-19,20,48284097,"[-1, -1, 2, 2, 2, 2, 1, 1, 1, -2, -1, -1, -2, -2, 1, 2, 1, -2, -2, 1, 2, 2, 2, 2, 2, -1, -1, -1, 2]"
768,dfs_bnb_mpi,500.082,-19,20,112072540,"[-1, -1, 2, 2, 2, 2, 2, 2, 1, -2, -2, 1, 2, 2, 1, -2, -2, -2, -1, -1, -2, -2, 1, 2, 1, -2, 1, -2, -1]"
769,dfs_bnb_mpi,1915.17,-20,21,424289843,"[-1, -1, -1, -1, 2, 1, 1, 1, 1, 1, -2, -2, -1, -2, 1, -2, -1, -1, 2, 2, -1, -1, -1, -2, 1, 1, -2, -1, -1]"
770,dfs_bnb_mpi,2428.17,-19,20,597283481,"[-1, -1, 2, 2, 2, 1, 2, 2, 1, 1, 1, -2, -1, -1, -2, 1, 1, -2, -2, 1, -2, -1, -1, 2, 2, -1, -1, -2, 1]"
771,dfs_bnb_mpi,768.57,-20,21,175289866,"[-1, -1, 2, 1, 2, -1, 2, 2, 2, 1, -2, -2, 1, 2, 2, 1, 1, -2, -1, -2, 1, -2, -2, -2, -1, 2, 2, -1, -2]"
772,dfs_bnb_mpi,858.823,-19,20,196897609,"[-1, -2, 1, 1, 2, 2, 2, 1, 1, 1, -2, -1, -1, -2, -2, -2, -1, -1, -1, -2, 1, 1, 1, 1, 2, 2, 1, 2, -1]"
773,dfs_bnb_mpi,272.304,-19,20,63591183,"[-1, -1, 2, 2, 2, 2, 2, 1, 1, -2, -1, -2, 1, 1, -2, -1, -1, -2, 1, 1, -2, 1, 2, 2, 1, 2, -1, 2, -1]"
774,dfs_bnb_mpi,741.386,-19,20,174762372,"[-1, -1, 2, 2, 2, 2, 2, 1, -2, 1, 2, 1, -2, -2, -1, -1, -2, -2, 1, 2, 1, 1, -2, -1, -2, -2, -1, -1, -1]"
775,dfs_bnb_mpi,1414.32,-19,20,328829983,"[-1, -1, 2, 2, 2, 2, 2, 2, 1, -2, -2, -2, -2, -2, 1, 1, -2, 1, 2, 2, 2, -1, 2, 2, -1, -2, -2, -2, 1]"
776,dfs_bnb_mpi,1986.62,-19,20,494712828,"[-1, -1, 2, 2, 2, 2, 2, 1, 1, -2, -1, -2, 1, 1, 2, 1, -2, -2, 1, -2, -1, -2, -1, 2, 2, -1, -1, -2, 1]"
777,dfs_bnb_mpi,695.077,-19,20,152562209,"[-1, -1, 2, 2, 2, 2, 1, 1, 1, 1, -2, -1, -1, -1, -2, -2, 1, 2, 1, 1, -2, -1, -2, 1, 1, 2, 2, 2, 2]"
778,dfs_bnb_mpi,3977.99,-18,19,945142443,"[-1, -1, 2, 2, 2, 2, 2, 1, 2, 1, -2, 1, 2, 1, -2, -2, -1, -1, -2, 1, 1, -2, -1, -1, -2, -1, 2, 2, 2]"
779,dfs_bnb_mpi,2863.21,-20,21,678192046,"[-1, -2, -2, -2, -2, -2, 1, 2, 2, 1, 1, -2, -1, -2, 1, 1, 2, 2, 2, 2, 2, -1, -1, -2, 1, -2, -1, -1, 2]"
780,dfs_bnb_mpi,2568.51,-19,20,606957226,"[-1, -1, 2, 2, 2, 2, 2, 1, 2, 1, 1, -2, -1, -2, 1, 1, -2, -1, -2, 1, -2, -1, -1, -1, 2, 1, 2, -1, 2]"
781,dfs_bnb_mpi,1200.38,-19,20,267210377,"[-1, -1, 2, 2, 2, 2, 2, 1, 2, 1, 1, -2, -1, -2, -1, -2, 1, 1, -2, -1, -1, -2, 1, 1, 1, 2, 2, 2, -1]"
782,dfs_bnb_mpi,2842.09,-19,19,627438117,"[-1, -1, 2, 2, 2, 2, 1, 1, 1, 1, 1, -2, -1, -1, -1, -1, -2, -2, 1, 2, 1, 1, 1, -2, -1, -1, -2, 1, 1]"
783,dfs_bnb_mpi,2814.34,-19,19,617438535,"[-1, -1, 2, 2, 2, 2, 2, 2, 1, 1, 1, -2, -2, -2, 1, -2, -1, -1, 2, 2, 2, -1, -2, -2, -2, -2, 1, 1, -2]"
784,dfs_bnb_mpi,2877.7,-19,19,650360879,"[-1, -1, 2, 2, 2, 2, 2, 1, 1, -2, 1, 1, -2, -1, -2, 1, -2, 1, -2, -1, -1, 2, -1, -1, 2, 1, 2, -1, 2]"
785,dfs_bnb_mpi,831.173,-19,19,201425326,"[-1, -1, 2, 2, 2, 2, 1, -2, -2, -2, 1, 2, 1, 2, -1, 2, 1, 2, -1, -1, -1, -1, -1, -2, 1, -2, -2, -2, -2]"
786,dfs_bnb_mpi,2859.08,-19,20,630848038,"[-1, -1, 2, 2, 2, 2, 1, 2, 1, 2, 1, -2, 1, -2, -1, -1, -2, -1, -2, -2, 1, 2, 1, 2, 1, -2, -2, -1, -2]"
787,dfs_bnb_mpi,3200.48,-19,20,706129252,"[-1, -1, 2, -1, 2, -1, 2, 2, 1, -2, 1, -2, 1, -2, 1, 2, 2, -1, 2, -1, 2, 1, 1, -2, 1, -2, -2, -2, -2]"
788,dfs_bnb_mpi,2754.41,-19,19,658781829,"[-1, -1, 2, 2, 2, 2, 2, 1, 1, -2, -2, 1, 2, 2, 1, -2, 1, -2, -1, -2, -2, -1, 2, -1, -2, -1, 2, 2, 2]"
789,dfs_bnb_mpi,743.883,-20,21,179138304,"[-1, -1, 2, 1, 1, 1, 1, -2, -1, -2, 1, -2, -1, -1, 2, -1, -1, -2, -2, -2, 1, 1, 1, 1, 2, -1, -1, -1, 2]"
790,dfs_bnb_mpi,2501.12,-19,20,590522391,"[-1, -1, 2, 2, 2, 2, 2, 2, 1, 1, -2, -1, -2, -2, 1, 2, 1, 2, 1, -2, -2, -1, -2, -1, -1, -2, 1, 1, -2]"
791,dfs_bnb_mpi,1879.78,-20,21,426921517,"[-1, -1, 2, 1, 1, 1, 1, 1, -2, -2, -2, -2, -1, 2, -1, -2, -1, -1, -1, 2, 2, 1, -2, 1, 2, 1, 2, 1, -2]"
792,dfs_bnb_mpi,672.294,-19,20,159068400,"[-1, -1, 2, 2, 2, 1, 2, 2, 1, 1, 1, 1, -2, -1, -1, -1, -2, -2, 1, 2, 1, 1, -2, -1, -2, -1, -1, -1, 2]"
793,dfs_bnb_mpi,833.245,-20,21,190790870,"[-1, -1, 2, 1, 1, 1, 1, -2, -1, -2, -1, -1, -1, -2, 1, -2, -1, -2, 1, 1, 2, 2, 1, -2, -2, 1, 2, 2, 2]"
794,dfs_bnb_mpi,2810.89,-19,20,654765639,"[-1, -1, 2, 2, 2, 2, 2, 2, 1, -2, 1, -2, -2, 1, 2, 1, -2, -2, -2, -2, -1, 2, 2, -1, -2, -1, 2, 2, 2]"
795,dfs_bnb_mpi,2955.89,-19,18,669722664,"[-1, -1, 2, 2, 2, 2, 2, 1, 1, -2, -2, 1, 2, 1, -2, -2, -2, 1, -2, -1, -1, 2, 2, -1, -2, -1, 2, 2, 2]"
796,dfs_bnb_mpi,2116.02,-18,19,499514479,"[-1, -1, 2, 2, 2, 2, 2, 1, 2, 1, -2, -2, -1, -2, 1, -2, -1, -2, 1, 1, 2, 2, 2, 2, 2, 1, -2, -2, -2]"
797,dfs_bnb_mpi,1659.8,-19,20,388782184,"[-1, -1, 2, 2, -1, 2, 1, 1, -2, -2, 1, 2, 2, 2, -1, -1, -1, -1, -1, -2, -2, -2, -2, 1, 1, 2, -1, 2, 2]"
798,dfs_bnb_mpi,3063.38,-19,20,712127940,"[-1, -1, 2, 2, 1, -2, 1, 2, 1, 1, 1, -2, -1, -1, -2, -2, -1, -1, -1, -2, 1, 1, 1, 1, 2, 2, 1, -2, -2]"
799,dfs_bnb_mpi,794.988,-20,21,184088302,"[-1, -1, 2, 2, -1, -2, -2, -2, -2, 1, 2, 1, -2, 1, 2, 1, -2, 1, 2, 2, -1, 2, 1, 2, -1, -1, -1, -2, 1]"
800,dfs_bnb_mpi,556.931,-18,18,124813038,"[-1, -1, 2, 2, 2, 2, 2, 2, 1, 1, 1, -2, -1, -1, -2, 1, 1, -2, -1, -1, -2, -2, 1, 2, 1, -2, -2, 1, 2]"
801,dfs_bnb_mpi,2627.57,-19,19,627757613,"[-1, -1, 2, 2, 2, 2, 2, 1, 2, 1, 1, -2, -2, 1, -2, -1, -1, -2, 1, 1, -2, -1, -1, -1, 2, 2, 2, 1, 2]"
802,dfs_bnb_mpi,767.272,-20,21,171314403,"[-1, -1, -1, -1, -1, 2, 1, 2, -1, 2, 2, 1, -2, 1, 2, 1, -2, 1, -2, -1, -1, -2, 1, 1, 1, 2, 2, 2, -1]"
803,dfs_bnb_mpi,718.795,-20,21,160583544,"[-1, -1, 2, 1, 2, 1, -2, 1, -2, -2, -1, -1, -1, -1, -1, 2, 1, 2, -1, 2, 2, 1, -2, 1, 2, 1, 1, 1, -2]"
804,dfs_bnb_mpi,2929.06,-19,20,649882571,"[-1, -1, 2, 2, 2, 2, 1, -2, -2, -2, 1, 2, 2, 2, 1, 1, -2, -1, -2, 1, -2, -1, -2, 1, -2, -1, -1, -1, -1]"
805,dfs_bnb_mpi,2825.58,-19,20,626892260,"[-1, -1, 2, 2, 2, 2, 2, 1, 1, 1, 1, -2, -1, -2, 1, 1, -2, -1, -1, -1, 2, 2, -1, -2, -2, -2, 1, 1, 1]"
806,dfs_bnb_mpi,3563.34,-19,20,790220735,"[-1, -1, 2, 2, 2, 1, 2, 2, 1, 2, 1, -2, 1, -2, -1, -1, -2, 1, 1, -2, -1, -1, -1, -2, 1, 1, 1, -2, -1]"
807,dfs_bnb_mpi,1269.13,-19,20,285988484,"[-1, -1, 2, 2, 2, 1, -2, -2, 1, 2, 2, 2, -1, -1, -1, -1, -1, -2, 1, 1, -2, -1, -1, -2, -2, 1, 2, 1, -2]"
808,dfs_bnb_mpi,3092.45,-19,20,682306442,"[-1, -1, 2, 1, 2, 2, 1, 1, 1, -2, -1, -1, -2, 1, 1, -2, 1, -2, -1, -2, -1, -1, -1, -1, 2, 1, 1, 1, 2]"
809,dfs_bnb_mpi,3102.59,-19,19,680323635,"[-1, -1, 2, 2, 2, 2, 2, 2, 1, -2, -2, 1, 2, 1, -2, 1, -2, -1, -1, -1, -2, -2, 1, 2, 1, 1, -2, -1, -2]"
810,dfs_bnb_mpi,2801.62,-19,20,628027307,"[-1, -1, 2, 2, 2, 2, 1, -2, 1, 2, 1, -2, 1, 2, 1, -2, -2, -2, -2, -1, 2, 2, -1, -1, -1, -2, 1, 1, -2]"
811,dfs_bnb_mpi,3030.76,-19,19,666493810,"[-1, -1, 2, 2, 2, 2, 2, 1, 2, 1, -2, 1, -2, -2, 1, -2, -1, -1, 2, 2, -1, -2, -2, -2, 1, 1, 1, -2, -1]"
812,dfs_bnb_mpi,2006.2,-19,20,476252712,"[-1, -1, 2, 2, 2, 2, -1, -2, -2, -2, -2, -1, 2, 2, 2, -1, 2, 1, 2, 1, 1, 1, -2, -2, 1, -2, -1, -2, 1]"
813,dfs_bnb_mpi,1539.29,-20,21,363583086,"[-1, -1, 2, 2, 2, 1, 1, -2, -1, -2, 1, 1, 2, 2, 1, -2, -2, -2, -2, -2, -1, -1, -1, -1, 2, 1, 1, 1, 2]"
814,dfs_bnb_mpi,715.146,-19,19,158027516,"[-1, -1, 2, 2, 2, 2, 1, 1, 1, 1, 1, -2, -2, -2, -1, 2, 2, -1, -1, -1, -2, -2, 1, 2, 1, -2, -2, 1, 1]"
815,dfs_bnb_mpi,1268.99,-19,20,281159734,"[-1, -1, 2, 2, 2, 2, 2, 1, 1, 2, -1, -1, 2, 1, 1, 1, -2, -2, -2, -1, -1, -2, -2, -2, 1, 2, 1, 2, -1]"
816,dfs_bnb_mpi,1151.85,-19,20,256038167,"[-1, -1, 2, 2, 2, 1, 2, 2, 2, 1, 1, 1, -2, -1, -1, -2, 1, 1, -2, -1, -1, -2, -1, -2, 1, 1, 1, 2, -1]"
817,dfs_bnb_mpi,524.36,-19,20,119288631,"[-1, -1, 2, 2, 2, 2, 2, 1, 1, -2, -1, -2, -2, -2, 1, 1, 1, 2, -1, -1, 2, 1, 2, 2, 1, -2, 1, -2, -1]"
818,dfs_bnb_mpi,1267.23,-18,19,280768629,"[-1, -1, 2, 2, 2, 2, 1, 2, 1, 1, 1, -2, -1, -1, -2, -1, -2, -2, 1, 2, 1, 2, 1, -2, -2, -1, -2, 1, 1]"
819,dfs_bnb_mpi,1304.54,-19,20,325654232,"[-1, -1, 2, 2, 2, 2, 2, 1, 1, -2, -1, -2, 1, -2, 1, 2, 2, 2, 1, -2, -2, -2, -2, -2, -1, 2, -1, -1, 2]"
820,dfs_bnb_mpi,917.128,-20,21,213068385,"[-1, -1, 2, 2, 1, -2, 1, 2, 1, 1, -2, -1, -2, 1, -2, -1, -1, -1, -2, 1, 1, 1, -2, -1, -1, -1, -1, 2, 2]"
821,dfs_bnb_mpi,2515.89,-20,21,558578994,"[-1, -2, 1, 1, -2, -1, -1, -2, -2, 1, 2, 1, -2, 1, 2, 1, -2, 1, 2, 2, 2, 2, -1, -2, -2, -1, 2, 2, -1]"
822,dfs_bnb_mpi,453.667,-19,20,108084840,"[-1, -1, 2, 2, 2, 2, 1, -2, -2, -2, 1, 1, -2, 1, 2, 1, 2, -1, 2, 1, 2, -1, -1, -2, -2, -1, 2, 2, 2]"
823,dfs_bnb_mpi,517.214,-19,20,116386534,"[-1, -1, 2, 2, 2, 2, 2, 2, 1, 1, 1, 1, -2, -1, -1, -1, -2, 1, -2, -1, -2, -2, 1, 2, 1, 2, 1, 2, -1]"
824,dfs_bnb_mpi,2848.97,-19,20,628569132,"[-1, -1, 2, 2, 2, 2, 1, 2, 1, 1, 1, 1, -2, -1, -1, -1, -2, -1, -2, -2, 1, 2, 1, 2, 1, -2, -2, -1, -2]"
825,dfs_bnb_mpi,2396.52,-19,20,571127444,"[-1, -1, 2, 2, 2, 2, -1, -2, -2, -2, -1, 2, 2, 2, 2, 2, 1, -2, 1, 1, 1, -2, -1, -2, 1, -2, -1, -2, 1]"
826,dfs_bnb_mpi,682.598,-19,19,151311571,"[-1, -1, 2, 2, 2, 1, 2, -1, -1, -2, -2, -2, -2, -2, 1, 1, 1, 1, 2, 2, -1, -1, 2, 1, 1, 2, -1, 2, 2]"
827,dfs_bnb_mpi,3015.1,-19,19,664253743,"[-1, -1, 2, 1, 2, 2, 1, 1, 1, 2, 1, -2, -2, -1, -1, -1, -2, 1, 1, 1, -2, -2, -1, 2, -1, -2, -1, -1, -1]"
828,dfs_bnb_mpi,2090.97,-20,21,496503052,"[-1, -2, 1, 1, 2, 1, 1, 1, -2, -2, -2, -2, -1, 2, -1, -2, -1, 2, -1, -2, -1, 2, 2, 1, 1, 1, 2, 1, -2]"
829,dfs_bnb_mpi,5600.35,-19,20,1233662559,"[-1, -2, 1, -2, 1, 2, 2, 2, 2, 2, 1, -2, -2, -2, -2, -2, 1, 2, 2, 2, 2, 2, 2, -1, -1, -1, -2, -2, -2]"
830,dfs_bnb_mpi,364.597,-19,20,84717530,"[-1, -1, 2, 2, 2, 2, -1, -2, -2, -2, -2, -1, 2, 2, 2, 2, 2, 1, 1, 1, -2, 1, -2, -1, -2, -2, 1, 2, 1]"
831,dfs_bnb_mpi,2834.94,-19,20,625052284,"[-1, -1, 2, 2, 2, 2, 1, 1, 1, -2, 1, 2, 1, -2, -2, -2, -2, -1, 2, 2, -1, -1, 2, -1, -2, -2, 1, 1, -2]"
832,dfs_bnb_mpi,363.147,-20,21,82432239,"[-1, -1, -1, 2, 2, 1, -2, 1, 2, 1, -2, 1, 2, 1, -2, -2, -1, -2, -1, -1, -1, -1, -2, 1, 1, 1, 1, 1, 2]"
833,dfs_bnb_mpi,1397.63,-19,20,317929029,"[-1, -1, 2, 2, 2, 2, 2, 1, -2, -2, -2, -2, 1, 2, 2, 1, -2, -2, -2, -2, -1, -1, -1, -1, 2, 2, 2, 2, 2]"
834,dfs_bnb_mpi,332.415,-19,20,79037690,"[-1, -1, 2, 2, 2, 2, 2, 1, -2, 1, 1, -2, -1, -1, -2, -2, 1, 2, 1, -2, 1, 2, 2, 2, 2, -1, 2, -1, -2]"
835,dfs_bnb_mpi,2960.18,-19,20,648943569,"[-1, -1, 2, 2, 2, 2, 2, 1, 2, 1, 1, 1, -2, -1, -1, -2, 1, 1, -2, -1, -1, -2, 1, -2, -1, -1, 2, 2, 2]"
836,dfs_bnb_mpi,291.707,-19,20,65090320,"[-1, -1, 2, 2, 2, 1, 1, 1, -2, -1, -1, -2, 1, 1, -2, -2, -1, -1, -1, -1, 2, 2, 2, 2, 2, 1, 1, 1, 2]"
837,dfs_bnb_mpi,5197.92,-19,20,1135730191,"[-1, -2, 1, 1, -2, 1, 1, -2, -1, -1, -1, 2, -1, -2, -2, 1, 1, 1, 1, -2, -1, -1, -1, -1, -1, 2, 2, 2, 2]"
838,dfs_bnb_mpi,3175.73,-19,19,694880992,"[-1, -1, 2, 2, 2, 2, 2, 1, 2, 1, 1, -2, -2, 1, -2, -2, -2, -1, 2, 2, -1, -2, -2, -1, 2, 2, 2, 1, 2]"
839,dfs_bnb_mpi,3106.28,-19,19,679742691,"[-1, -1, 2, 2, 2, 2, 2, 2, 1, 1, -2, -1, -2, 1, 1, 1, -2, -1, -1, -1, -2, -2, 1, 2, 1, 1, -2, -1, -2]"
840,dfs_bnb_mpi,3187.58,-19,20,696617557,"[-1, -1, 2, 2, 2, 2, 2, 2, 1, 1, 1, -2, 1, -2, -1, -1, 2, -1, -2, -2, 1, 1, -2, -1, -1, -2, 1, 1, -2]"
841,dfs_bnb_mpi,574.929,-19,20,128210133,"[-1, -1, 2, 2, 2, 2, 1, 2, 2, 1, 1, -2, -1, -2, -2, -1, -2, -2, 1, 2, 1, 2, 2, 1, -2, -2, -2, -1, -2]"
842,dfs_bnb_mpi,821.856,-20,21,179386344,"[-1, -1, 2, 1, 1, 1, 1, -2, -1, -2, 1, -2, -2, -2, -1, 2, 2, -1, 2, -1, -1, -2, 1, -2, 1, -2, -1, -1, 2]"
843,dfs_bnb_mpi,1351.87,-18,19,296683092,"[-1, -1, 2, 1, 2, -1, 2, 2, -1, -1, -1, -1, -2, 1, 1, 1, -2, -1, -1, -1, -2, 1, 1, 1, -2, -1, -1, -1, -1]"
844,dfs_bnb_mpi,1395.62,-19,20,345386131,"[-1, -1, 2, 2, 2, 2, 2, 2, 1, 1, 1, 1, -2, -1, -1, -1, -2, 1, 1, 1, -2, -1, -2, -1, 2, -1, -2, -2, 1]"
845,dfs_bnb_mpi,564.306,-19,20,139532386,"[-1, -1, 2, 2, 2, 2, 2, 2, 1, -2, -2, -2, -2, -2, 1, 2, 2, 2, 2, 1, -2, -2, 1, -2, -2, -2, -1, 2, 2]"
846,dfs_bnb_mpi,2851.67,-19,19,632180901,"[-1, -1, 2, 2, 2, 2, 2, 2, 2, 1, 1, -2, 1, -2, -2, -2, -2, -2, -1, -1, 2, 1, 2, -1, 2, 1, 2, -1, 2]"
847,dfs_bnb_mpi,543.637,-19,20,121328829,"[-1, -1, 2, 1, 2, 2, 2, 2, 1, 1, 1, -2, 1, -2, -1, -1, 2, -1, -2, -2, -2, 1, 2, 1, 1, -2, -1, -2, -1]"
848,dfs_bnb_mpi,511.252,-20,21,121596214,"[-1, -1, 2, 2, 2, 2, 2, 1, 1, -2, -1, -2, -2, -2, 1, 2, 2, 1, 2, 2, 1, -2, -2, -2, -1, -2, 1, -2, -1]"
849,dfs_bnb_mpi,2126.41,-20,21,505726542,"[-1, -2, 1, 1, 2, 1, -2, 1, 2, 1, -2, -2, -1, -1, -1, -2, -1, 2, -1, -2, -2, 1, 1, 1, 2, 1, 1, -2, -1]"
850,dfs_bnb_mpi,546.624,-19,19,130688739,"[-1, -1, 2, 2, 2, 2, 1, -2, 1, 2, 1, -2, -2, -1, -1, -2, 1, 1, -2, -2, -1, -1, -1, -1, 2, 2, 2, 2, 2]"
851,dfs_bnb_mpi,1075.68,-20,21,241198604,"[-1, -2, 1, 1, 2, 1, 1, 1, -2, -2, -2, -2, -1, 2, 2, 2, -1, -2, -1, -2, 1, -2, -1, -1, -1, 2, 2, 1, -2]"
852,dfs_bnb_mpi,729.572,-20,21,168102841,"[-1, -1, 2, 2, 1, -2, 1, 1, -2, 1, 2, 2, -1, -1, 2, 1, 1, 2, -1, -1, -1, -2, -1, 2, -1, -2, -2, -2, -2]"
853,dfs_bnb_mpi,2475.7,-19,20,587890513,"[-1, -1, 2, 1, 2, 2, 1, 2, 2, 1, -2, -2, -2, -1, -2, 1, 1, 2, 2, 2, 2, 1, -2, -2, -2, -2, -2, -1, -1]"
854,dfs_bnb_mpi,1760.27,-20,21,412359062,"[-1, -1, 2, 1, 1, 1, -2, -2, -1, -2, -1, 2, -1, -2, -2, 1, 1, 1, 1, 1, 2, 2, 2, 2, -1, -2, -2, -2, -1]"
855,dfs_bnb_mpi,1492.6,-19,20,348720754,"[-1, -1, 2, 2, 2, 2, 2, 2, 1, -2, 1, 1, 1, -2, -1, -1, -1, -2, 1, 1, 1, -2, -2, -1, 2, -1, -1, -2, 1]"
856,dfs_bnb_mpi,2627.96,-19,20,642562312,"[-1, -1, 2, 2, 1, -2, 1, 2, 2, 1, 1, 1, -2, -1, -1, -2, 1, 1, -2, 1, -2, -1, -1, 2, -1, -2, -1, -1, -1]"
857,dfs_bnb_mpi,367.25,-20,21,89463606,"[-1, -1, 2, 2, 2, 1, 1, 2, 1, -2, -2, -1, -1, -2, 1, 1, -2, -2, -1, -1, -1, -1, 2, 2, 2, 2, 2, 1, 1]"
858,dfs_bnb_mpi,2790.28,-19,19,613412469,"[-1, -1, 2, 2, 2, 2, 1, 2, -1, 2, 1, 1, -2, -2, 1, 1, -2, -1, -1, -1, -2, -2, 1, 2, 1, 1, -2, -1, -2]"
859,dfs_bnb_mpi,1179.16,-20,20,279002626,"[-1, -1, -1, 2, 2, 1, 2, -1, 2, 1, 1, -2, 1, 2, 1, 1, -2, -1, -2, 1, -2, -2, -1, 2, -1, 2, -1, -2, -1]"
860,dfs_bnb_mpi,5225.17,-18,19,1155152244,"[-1, -1, 2, 2, -1, 2, 2, -1, -2, -2, -1, 2, 2, -1, -2, -2, -2, 1, 1, 1, -2, -1, -1, -1, -2, 1, 1, 1, 1]"
861,dfs_bnb_mpi,2972.19,-19,20,659656877,"[-1, -1, 2, 1, 2, 2, 1, 1, 1, 1, -2, 1, -2, -1, -1, 2, -1, -1, -2, 1, -2, 1, 1, -2, -1, -1, -1, -1, -1]"
862,dfs_bnb_mpi,3052.01,-19,20,676831212,"[-1, -1, 2, 1, 2, 2, 1, 2, 1, -2, 1, 1, -2, -1, -1, -1, -2, 1, 1, 1, -2, -2, -1, 2, -1, -2, -1, -1, -1]"
863,dfs_bnb_mpi,2893.53,-19,20,643269191,"[-1, -1, 2, 2, 2, 2, 1, 1, 2, 1, 1, -2, -1, -2, 1, 1, -2, -2, -1, 2, -1, -1, 2, -1, -2, -2, 1, 1, -2]"
864,dfs_bnb_mpi,2995.03,-19,20,698384016,"[-1, -1, 2, 2, 2, 1, 2, 2, 1, 2, 1, -2, 1, -2, -2, -1, -2, 1, -2, -2, -1, 2, -1, -1, 2, 1, 2, 2, 1]"
865,dfs_bnb_mpi,1021.32,-19,20,227381238,"[-1, -2, 1, 1, 2, 1, -2, 1, 2, 1, -2, -2, -1, -1, -1, -1, -1, -2, 1, 1, 1, 1, 1, -2, -1, -1, -1, -1, -1]"
866,dfs_bnb_mpi,1439.47,-19,20,320970717,"[-1, -1, 2, 2, 2, 2, 2, 1, 1, 1, 1, -2, -1, -1, -1, -2, 1, 1, 1, -2, -1, -1, -1, -2, 1, 1, 1, -2, -1]"
867,dfs_bnb_mpi,588.945,-19,20,135923560,"[-1, -1, 2, 2, 2, 2, 1, -2, 1, 2, 1, -2, -2, -1, -1, -2, 1, 1, 1, 2, 2, 2, 1, -2, -2, -2, -2, -1, -1]"
868,dfs_bnb_mpi,3145.97,-19,19,694445905,"[-1, -1, 2, 2, 2, 2, 2, 2, 2, 1, 1, -2, -1, -2, 1, 1, -2, -1, -1, -2, 1, 1, -2, -1, -1, -2, 1, 1, -2]"
869,dfs_bnb_mpi,784.859,-20,21,177988103,"[-1, -1, 2, 2, 1, -2, 1, 2, 1, -2, 1, 2, 1, -2, -2, -1, -2, 1, -2, -1, -1, -1, -1, -1, 2, 1, 1, 1, 2]"
870,dfs_bnb_mpi,985.012,-19,20,240917844,"[-1, -1, 2, 2, 2, 2, 2, 2, 1, -2, -2, -2, 1, -2, -1, -2, 1, 1, 2, 2, 1, 2, -1, -1, 2, 2, 1, -2, 1]"
871,dfs_bnb_mpi,2857.71,-19,19,642189834,"[-1, -1, 2, 2, 2, 2, 2, 1, 1, 1, 1, 1, -2, -1, -1, -2, 1, -2, -2, -1, 2, -1, 2, 2, -1, -2, -2, -2, 1]"
872,dfs_bnb_mpi,692.132,-19,20,158633485,"[-1, -1, 2, 2, 2, 1, 1, 1, -2, -1, -1, -2, 1, 1, 1, 2, 2, 1, -2, -2, -2, -2, -1, 2, -1, -2, -1, -1, -1]"
873,dfs_bnb_mpi,1315,-19,20,298951668,"[-1, -1, 2, 2, 2, 2, 2, 1, 2, 1, 1, 1, -2, -1, -1, -2, 1, 1, -2, -1, -1, -2, 1, -2, -1, -1, 2, 2, 2]"
874,dfs_bnb_mpi,1234.95,-19,20,273502960,"[-1, -1, 2, 2, 2, -1, 2, 1, 1, -2, -2, -2, 1, 2, 2, 2, 2, -1, -1, -1, -1, -2, -2, -2, 1, -2, -1, -2, 1]"
875,dfs_bnb_mpi,3394.04,-19,20,751836541,"[-1, -1, 2, -1, 2, -1, 2, 1, 2, 2, 1, 1, 1, -2, 1, -2, -1, -1, 2, -1, -2, -2, 1, -2, 1, 2, 1, -2, -2]"
876,dfs_bnb_mpi,506.725,-19,20,114103323,"[-1, -1, 2, 2, 2, 2, 2, 1, -2, 1, 2, 1, -2, -2, 1, -2, -1, -1, 2, -1, -2, -2, 1, 1, 1, 1, -2, -1, -1]"
877,dfs_bnb_mpi,2896.39,-19,20,638074858,"[-1, -1, 2, 2, 2, 2, 2, 1, 2, 1, -2, 1, -2, -1, -2, 1, 1, -2, -2, -2, -1, 2, 2, -1, -2, -1, 2, 2, 2]"
878,dfs_bnb_mpi,685.57,-19,20,153160324,"[-1, -1, 2, 2, 2, 2, 1, 1, 1, 1, 1, -2, -2, -2, -1, 2, 2, -1, -1, -1, -2, -2, 1, 2, 1, -2, -2, 1, 1]"
879,dfs_bnb_mpi,1629.54,-19,20,383730995,"[-1, -1, 2, 2, 2, 2, 2, 1, 1, -2, 1, 2, 1, -2, 1, -2, -1, -1, -1, -2, 1, 1, -2, -1, -1, -1, 2, 2, 2]"
880,dfs_bnb_mpi,2253.76,-19,20,539257431,"[-1, -1, 2, 2, 2, 2, 2, 2, 1, -2, 1, -2, 1, 1, -2, -1, -1, -2, 1, 1, -2, -2, -1, 2, -1, -1, 2, 2, 2]"
881,dfs_bnb_mpi,1725.9,-20,21,410011758,"[-1, -2, 1, 1, -2, -2, -1, 2, -1, -2, -2, 1, 1, 1, 2, 2, 2, 1, -2, -2, -2, 1, 2, 2, 2, 2, -1, -1, -1]"
882,dfs_bnb_mpi,1419.59,-19,20,312508647,"[-1, -1, 2, 2, 2, 2, 2, 1, 1, -2, -1, -2, 1, 1, -2, -1, -1, -2, 1, 1, -2, 1, 2, 2, 2, 2, 2, -1, -2]"
883,dfs_bnb_mpi,1189.21,-19,20,281552893,"[-1, -1, 2, 2, 2, 2, 2, 1, 1, -2, -1, -2, 1, 1, 2, 2, 1, -2, -2, -2, -1, -1, -1, -2, 1, 1, 1, -2, -1]"
884,dfs_bnb_mpi,864.97,-20,21,199208601,"[-1, -1, 2, 2, -1, -2, -2, -1, 2, 2, 2, 2, 2, 1, 1, -2, -1, -2, 1, 1, 2, 2, 1, -2, -2, -2, -1, -2, 1]"
885,dfs_bnb_mpi,732.961,-20,21,163468663,"[-1, -1, 2, 2, 1, -2, 1, 2, 1, 1, -2, -1, -2, 1, -2, -1, -1, -1, -1, -2, -2, 1, 2, 1, 1, 1, -2, -1, -1]"
886,dfs_bnb_mpi,3003.23,-19,20,699637233,"[-1, -1, 2, 2, 2, 1, 2, 2, 1, 1, 1, -2, -2, -1, -2, 1, 1, -2, -1, -2, -1, 2, -1, -1, 2, 1, 2, 2, 1]"
887,dfs_bnb_mpi,688.442,-19,19,176112699,"[-1, -1, 2, 2, 2, 2, 2, 1, 1, 1, -2, -1, -1, -2, -2, -2, 1, 1, -2, 1, 1, 2, -1, 2, 2, -1, -1, -2, 1]"
888,dfs_bnb_mpi,1207.93,-20,21,287501579,"[-1, -1, 2, 1, 1, 1, 1, 1, -2, -1, -1, -2, -1, -1, -1, -2, -2, 1, 1, 1, 1, 1, 2, 2, -1, -2, -1, -1, -1]"
889,dfs_bnb_mpi,2975.8,-19,20,656964177,"[-1, -1, 2, 1, 2, 2, 1, 1, 1, 1, -2, -2, 1, -2, -1, -2, -1, 2, 2, 2, -1, -1, -2, 1, -2, -2, -1, -1, -1]"
890,dfs_bnb_mpi,2914.65,-19,20,639707123,"[-1, -1, 2, 2, 2, 2, 1, 1, -2, -1, -2, -2, 1, 2, 1, 2, 2, 1, -2, -2, -2, -1, -2, 1, -2, -1, -1, -1, -1]"
891,dfs_bnb_mpi,280.351,-19,20,65865268,"[-1, -1, 2, 2, 2, 2, 2, 1, 1, -2, -1, -2, -2, -2, 1, 1, -2, 1, 2, 2, -1, -1, 2, 1, 1, 2, -1, 2, 2]"
892,dfs_bnb_mpi,2956.96,-19,20,652703046,"[-1, -1, 2, 2, 2, 2, 1, 1, 1, 1, 1, -2, -2, -2, -2, -1, 2, 2, 2, -1, -1, -1, -2, -2, 1, 2, 1, -2, -2]"
893,dfs_bnb_mpi,3433.91,-19,20,751046650,"[-1, -1, 2, 2, 2, 2, 1, -2, -2, -2, 1, 1, -2, 1, 2, 2, 2, 2, 2, -1, -2, -2, -2, -1, 2, 2, 2, -1, -1]"
894,dfs_bnb_mpi,1380.04,-19,20,312152814,"[-1, -1, 2, 2, 2, 2, 2, 2, 1, -2, 1, 1, -2, -1, -1, -2, 1, -2, 1, 2, 1, -2, -2, -2, -1, 2, -1, -1, 2]"
895,dfs_bnb_mpi,1172.8,-19,20,260935958,"[-1, -1, 2, 2, 2, 2, 2, 1, 1, 2, 1, -2, 1, -2, -1, -1, -1, -2, 1, 1, -2, -1, -1, -2, 1, 1, 1, 2, 2]"
896,dfs_bnb_mpi,2991.03,-19,20,660209125,"[-1, -1, 2, 2, 2, 2, 1, 2, 2, 1, 1, 1, -2, -2, -2, -1, 2, 2, -1, -2, -2, -1, -2, -2, 1, 2, 1, -2, -2]"
897,dfs_bnb_mpi,588.667,-18,19,135516853,"[-1, -1, 2, 2, 2, 2, 2, 2, 1, -2, 1, 2, 1, -2, -2, -1, -1, -2, -2, -2, 1, 1, 1, 2, -1, -1, 2, 1, 1]"
898,dfs_bnb_mpi,2676.34,-19,20,641651671,"[-1, -1, 2, 2, 2, 2, 2, 2, 1, -2, -2, -2, -2, -2, 1, 1, -2, 1, 2, 2, 2, -1, 2, 2, -1, -2, -2, -2, 1]"
899,dfs_bnb_mpi,767.224,-19,20,180489641,"[-1, -1, 2, 2, 2, 1, 1, 1, 1, -2, -1, -1, -1, -2, 1, 1, 1, -2, -1, -2, 1, -2, -1, -1, 2, -1, -1, -2, 1]"
900,dfs_bnb_mpi,1500.94,-19,20,349569904,"[-1, -1, 2, 2, 2, 2, 2, 1, 2, 1, 1, -2, -1, -2, 1, 1, -2, -1, -1, -2, 1, 1, -2, -1, -1, -1, 2, 2, 2]"
901,dfs_bnb_mpi,1033.5,-20,21,229115083,"[-1, -2, 1, 1, 2, 1, -2, 1, 2, 1, -2, -2, -2, -2, -1, 2, 2, -1, -1, -1, -2, 1, 1, -2, -1, -1, -1, 2, 2]"
902,dfs_bnb_mpi,1710.03,-19,20,400002482,"[-1, -1, 2, 2, 1, -2, 1, 2, 2, 2, -1, -2, -1, 2, -1, -1, -1, -2, -2, 1, -2, -1, -2, 1, 1, 2, 2, 2, -1]"
903,dfs_bnb_mpi,2995.94,-19,19,655251682,"[-1, -1, 2, 2, 2, 2, 2, 1, 2, 1, 1, 1, -2, -2, -2, -2, -1, 2, 2, 2, -1, -2, -1, -2, 1, -2, -1, -2, 1]"
904,dfs_bnb_mpi,867.69,-19,20,211354311,"[-1, -1, 2, 2, 2, 2, 2, 1, -2, -2, 1, -2, -1, -2, 1, 1, 1, 2, 2, 2, 2, -1, 2, -1, -2, -2, 1, -2, -2]"
905,dfs_bnb_mpi,550.239,-19,19,124211332,"[-1, -1, 2, 2, 2, 2, 2, 2, 1, -2, 1, -2, -1, -2, 1, 1, -2, -1, -1, -2, 1, 1, -2, 1, 2, 2, 2, 2, -1]"
906,dfs_bnb_mpi,1199.89,-19,20,266001100,"[-1, -1, 2, 2, 2, 2, 2, 2, 1, -2, -2, 1, 2, 1, -2, 1, -2, -1, -1, -1, -2, -2, 1, 2, 1, 1, -2, -1, -2]"
907,dfs_bnb_mpi,2869.3,-19,20,633918236,"[-1, -1, 2, 2, 2, 2, 2, 1, 2, 1, 1, -2, -2, -2, -2, 1, -2, -2, -1, 2, -1, -1, 2, 1, 2, -1, 2, 1, 2]"
908,dfs_bnb_mpi,2447.54,-20,21,539692519,"[-1, -2, 1, 1, 2, 1, 1, -2, -2, -2, -2, -2, -1, -1, -1, -1, 2, 2, 2, 1, 1, -2, -1, -2, 1, 1, 2, 2, 2]"
909,dfs_bnb_mpi,2952.39,-19,20,651741909,"[-1, -1, 2, 2, 1, -2, 1, 2, 1, 1, -2, -1, -2, 1, -2, -1, -1, -1, -1, -2, 1, 1, 1, 1, -2, -1, -1, -1, -1]"
910,dfs_bnb_mpi,1819.03,-20,21,403442910,"[-1, -1, 2, 2, 2, 2, 1, 1, 1, -2, 1, 2, 1, -2, -2, -1, -1, -1, 2, -1, -2, -2, 1, 1, 1, 1, -2, -1, -1]"
911,dfs_bnb_mpi,579.979,-20,21,138860926,"[-1, -1, 2, 1, 2, -1, -1, -2, -2, -2, -2, 1, 2, 1, -2, 1, 2, 1, -2, 1, 2, 2, -1, 2, -1, 2, 1, 1, -2]"
912,dfs_bnb_mpi,695.521,-19,20,159935787,"[-1, -1, 2, 2, 2, 1, 2, 1, -2, 1, -2, -1, -1, -2, 1, 1, -2, -2, -1, -1, -1, -1, 2, 2, 2, 2, 2, 1, 2]"
913,dfs_bnb_mpi,1414.72,-20,21,329379411,"[-1, -2, 1, 1, 2, 1, 1, -2, -1, -2, -1, -2, -1, 2, -1, -2, -2, -2, 1, 2, 1, -2, 1, 1, 2, -1, 2, 1, 2]"
914,dfs_bnb_mpi,2851.72,-19,19,629756681,"[-1, -1, 2, 2, 2, 2, 2, 1, 1, 1, -2, -2, 1, -2, 1, -2, -1, -2, -1, 2, 2, -1, 2, 2, -1, -2, -2, -2, 1]"
915,dfs_bnb_mpi,2612.96,-19,20,620477929,"[-1, -1, 2, 2, 1, -2, 1, 2, 1, 1, 1, -2, -1, -1, -2, -2, 1, 2, 1, -2, -2, -1, -1, -1, 2, -1, -1, -2, 1]"
916,dfs_bnb_mpi,855.12,-19,20,220153873,"[-1, -1, 2, 2, 2, 2, 2, 1, 1, 1, -2, -1, -1, -2, -2, -2, 1, 1, -2, 1, 2, 2, 1, 2, -1, -1, -1, -2, 1]"
917,dfs_bnb_mpi,1840.36,-20,21,405361817,"[-1, -1, 2, 1, 1, 1, -2, 1, 2, 1, -2, -2, -2, -2, -1, 2, 2, -1, -1, -1, -1, -2, 1, 1, 1, -2, -1, -1, -1]"
918,dfs_bnb_mpi,339.697,-20,20,76487792,"[-1, -1, 2, 1, 1, 1, 1, -2, -1, -2, 1, -2, -1, -1, 2, -1, -1, -2, 1, -2, 1, 1, 1, -2, -1, -1, -1, -1, 2]"
919,dfs_bnb_mpi,2794.48,-18,19,720673378,"[-1, -1, 2, 2, 2, 2, 2, 2, 1, 1, 1, -2, -1, -1, -2, -2, 1, 2, 1, -2, 1, -2, -2, -1, 2, -1, -1, -2, 1]"
920,dfs_bnb_mpi,211.218,-19,20,50443476,"[-1, -1, 2, 2, 2, 2, 2, 1, -2, -2, 1, 1, -2, -1, -1, -2, 1, 1, -2, 1, 2, 2, 2, 2, -1, -1, 2, 1, 2]"
921,dfs_bnb_mpi,5595.81,-18,19,1227823265,"[-1, -1, 2, 2, 2, 2, 2, -1, -1, -1, -2, 1, 1, -2, -1, -1, -1, -2, 1, 1, 1, -2, -1, -1, -1, -2, 1, 1, 1]"
922,dfs_bnb_mpi,1707.46,-20,21,405010692,"[-1, -2, 1, 1, 2, 1, -2, -2, -1, -2, -1, 2, -1, -2, -2, 1, 1, 1, 2, 1, -2, 1, 2, 2, 2, 2, -1, -2, -2]"
923,dfs_bnb_mpi,3612.89,-19,20,785957570,"[-1, -1, -1, 2, 2, 2, 2, 2, 1, -2, -2, 1, 2, 2, 1, 1, -2, -1, -2, 1, -2, -1, -1, -1, -2, 1, 1, 1, -2]"
924,dfs_bnb_mpi,4357.75,-20,21,951177548,"[-1, -2, -2, -2, -2, 1, 1, 1, 1, 1, 2, 2, 2, 2, -1, -1, -1, -2, 1, 1, -2, -2, -1, 2, -1, -2, -1, 2, 2]"
925,dfs_bnb_mpi,2854.05,-19,20,623243245,"[-1, -1, 2, 2, 2, 2, 2, 2, 1, -2, 1, 1, 1, -2, -2, -2, -1, 2, 2, -1, -1, -2, 1, -2, -1, -2, 1, 1, -2]"
926,dfs_bnb_mpi,305.091,-19,20,69827121,"[-1, -1, 2, 2, 2, 2, 1, -2, -2, -2, 1, 2, 2, 2, 1, 1, 1, -2, -1, -1, -2, 1, 1, -2, -1, -1, -2, 1, 1]"
927,dfs_bnb_mpi,2839.39,-19,19,618573091,"[-1, -1, 2, 2, 2, 1, 2, 2, 1, 2, 1, -2, 1, -2, -1, -1, -2, 1, 1, -2, -1, -1, -1, -2, 1, 1, 1, -2, -1]"
928,dfs_bnb_mpi,733.573,-20,21,160236140,"[-1, -1, 2, -1, 2, 1, 1, -2, 1, 2, 1, -2, -2, -2, -1, -1, -1, -2, 1, 1, 1, -2, -1, -1, -1, -1, 2, 2, 2]"
929,dfs_bnb_mpi,1230.26,-20,21,295779249,"[-1, -1, 2, 1, 1, 1, 1, -2, -1, -2, 1, -2, -1, -1, -2, 1, 1, -2, -1, -1, -1, -1, 2, 1, 2, -1, 2, 1, 1]"
930,dfs_bnb_mpi,5701.49,-18,19,1290143468,"[-1, -1, 2, 2, 2, 2, 2, -1, -1, -1, -1, -2, 1, 1, 1, -2, -1, -1, -1, -2, 1, 1, 1, -2, -1, -1, -2, 1, 1]"
931,dfs_bnb_mpi,1733.37,-20,21,386296280,"[-1, -1, 2, 1, 2, -1, -1, -2, -2, -2, 1, -2, -1, -2, 1, 1, 1, 1, 2, -1, -1, 2, 1, 1, 2, 2, 2, -1, -2]"
932,dfs_bnb_mpi,292.471,-19,20,65588244,"[-1, -1, 2, 2, 2, 2, 1, 1, 1, 1, 1, -2, -1, -1, -1, -1, -2, -2, 1, 2, 1, 1, 1, -2, -1, -1, -2, 1, 1]"
933,dfs_bnb_mpi,1076.41,-20,21,253748164,"[-1, -1, 2, 2, 1, -2, 1, 2, 1, 1, 1, -2, -1, -1, -2, 1, -2, -1, -1, -1, -1, -2, 1, 1, 1, 1, 1, 2, 2]"
934,dfs_bnb_mpi,462.68,-18,19,109777774,"[-1, -1, 2, 2, 2, 2, 2, 2, 1, -2, 1, -2, -1, -2, -2, -2, 1, 1, 1, 2, -1, -1, 2, 1, 2, 2, 2, -1, 2]"
935,dfs_bnb_mpi,2279.63,-19,20,546978792,"[-1, -1, 2, 2, 2, 2, 1, 1, -2, -1, -2, -2, 1, 2, 1, 2, 2, 2, -1, -1, 2, -1, -2, -1, -2, -2, -2, -2, -2]"
936,dfs_bnb_mpi,1503.08,-20,21,357990543,"[-1, -1, 2, 1, 1, 1, -2, 1, 2, 1, -2, -2, -1, -2, 1, -2, -1, -1, -1, -1, -1, 2, 2, 1, 1, 1, -2, -1, -1]"
937,dfs_bnb_mpi,3146.6,-19,20,744175489,"[-1, -1, 2, -1, -1, -1, -1, -2, 1, 1, 1, -2, -1, -1, -1, -2, -2, 1, 1, 1, 1, 1, 2, 2, -1, -2, -1, -1, -1]"
938,dfs_bnb_mpi,2525.99,-19,20,594221793,"[-1, -1, -1, -1, 2, 2, 2, 2, 2, 1, 1, -2, -1, -2, -2, -2, 1, 2, 2, 1, 2, 2, 1, -2, -2, -2, -1, -2, 1]"
939,dfs_bnb_mpi,506.643,-18,19,112618789,"[-1, -1, 2, 2, 2, 2, 2, 2, 2, 1, -2, -2, -2, -2, -2, -2, 1, 1, 2, -1, 2, 2, 2, 2, 1, -2, -2, -2, 1]"
940,dfs_bnb_mpi,2341.24,-20,21,539616269,"[-1, -2, -2, -2, -2, -2, 1, 2, 2, 2, 2, 1, 2, 1, 1, -2, -1, -2, 1, -2, -1, -2, 1, -2, -1, -1, 2, 2, 2]"
941,dfs_bnb_mpi,1585.12,-19,20,392126760,"[-1, -1, 2, 2, 2, 2, 2, 2, 1, -2, -2, -2, -2, -2, 1, 2, 2, 2, 2, 1, -2, -2, 1, -2, -1, -2, 1, -2, -1]"
942,dfs_bnb_mpi,1265.67,-19,20,284025839,"[-1, -1, 2, 2, 2, 2, 2, 1, -2, -2, -2, -2, 1, 1, -2, 1, 2, 2, -1, -1, 2, 2, 2, 1, 1, -2, -1, -2, 1]"
943,dfs_bnb_mpi,862.338,-19,20,215609326,"[-1, -1, 2, 2, 2, 2, 2, 1, 1, -2, -1, -2, 1, -2, -1, -2, 1, 1, -2, -2, 1, 2, 2, 2, 2, 2, -1, -2, -2]"
944,dfs_bnb_mpi,373.904,-20,20,86998310,"[-1, -1, 2, 2, 2, 1, 1, -2, -1, -2, 1, 1, 2, 2, 1, -2, -2, -2, -1, -2, 1, -2, -1, -1, 2, -1, -1, -2, 1]"
945,dfs_bnb_mpi,292.73,-19,20,65258742,"[-1, -1, 2, 2, 2, 2, 1, 2, 1, -2, 1, -2, -1, -1, -2, -2, 1, 2, 1, -2, -2, 1, 2, 2, 2, 2, 2, -1, 2]"
946,dfs_bnb_mpi,1758.56,-19,20,415427026,"[-1, -1, 2, 2, 1, -2, 1, 2, 2, 2, -1, -2, -1, -1, -2, -2, -2, -1, 2, 2, 2, 2, 2, 1, -2, 1, 2, 1, 1]"
947,dfs_bnb_mpi,2819.6,-19,20,623535802,"[-1, -1, 2, 2, 2, 2, 2, 1, 2, 1, -2, 1, -2, -2, 1, -2, -2, -2, -1, 2, 2, -1, 2, 2, -1, -2, -2, -2, 1]"
948,dfs_bnb_mpi,738.134,-20,21,163912156,"[-1, -1, 2, 1, 1, 2, -1, -1, -1, -2, -1, 2, -1, -2, -2, 1, 1, -2, -1, -1, -2, 1, 1, 1, 2, 1, 1, -2, -1]"
949,dfs_bnb_mpi,3257.59,-19,20,718888847,"[-1, -1, 2, 2, 2, 1, -2, -2, 1, 1, -2, 1, 2, 2, 2, 2, 2, -1, -1, -1, -1, -2, 1, 1, 1, -2, -1, -2, 1]"
950,dfs_bnb_mpi,1207.55,-19,20,266957798,"[-1, -1, 2, 2, 2, 2, 1, -2, -2, -2, 1, 2, 2, 2, 2, -1, -1, -1, -1, -2, 1, -2, -1, -2, 1, -2, -1, -2, 1]"
951,dfs_bnb_mpi,2332.49,-19,20,573177828,"[-1, -1, 2, 2, -1, -2, -2, -1, -1, 2, 1, 2, 2, 1, 1, 1, -2, -2, 1, 2, 2, 2, -1, -1, -1, -1, -1, -2, -2]"
952,dfs_bnb_mpi,236.373,-18,18,54335859,"[-1, -1, 2, 2, 2, 2, 2, 2, 1, 1, 1, -2, -1, -1, -2, -2, -2, -2, 1, 2, 2, 2, 1, 1, -2, -1, -2, -2, 1]"
953,dfs_bnb_mpi,1065.25,-20,21,253046349,"[-1, -1, 2, 1, 2, -1, -1, -2, -2, -2, 1, -2, -1, -2, 1, 1, 2, 2, 1, -2, -2, 1, 2, 2, 2, 2, 2, -1, -2]"
954,dfs_bnb_mpi,2527.82,-19,20,602855901,"[-1, -1, 2, 2, 2, 2, -1, -2, -2, -2, -2, -1, 2, 2, 2, 2, 2, 1, 1, 1, 1, -2, -1, -2, 1, -2, -1, -2, 1]"
955,dfs_bnb_mpi,1023.99,-20,21,242595274,"[-1, -1, 2, 2, 2, 1, 1, 1, 1, 1, -2, -1, -1, -1, -1, -2, 1, 1, 1, 1, -2, -2, -1, 2, -1, -2, -1, -1, -1]"
956,dfs_bnb_mpi,1595.1,-20,21,354085366,"[-1, -1, 2, 2, 2, 2, 2, 1, 1, 1, 1, -2, -2, -2, -2, -2, -1, 2, 2, 2, 2, -1, -1, -2, 1, -2, -1, -2, 1]"
957,dfs_bnb_mpi,1086.86,-20,21,250057011,"[-1, -2, 1, 1, 2, 1, 1, 1, -2, -1, -1, -2, -2, 1, 2, 1, -2, -2, -1, -1, -1, 2, -1, -2, -1, 2, 2, 1, 1]"
958,dfs_bnb_mpi,3010.42,-19,20,679918212,"[-1, -1, 2, 2, 1, -2, 1, 2, 2, 2, 1, 1, 1, 1, -2, -2, -2, -1, -2, -1, 2, 2, 1, 2, -1, -1, -2, -2, -2]"
959,dfs_bnb_mpi,2821.14,-19,19,629350004,"[-1, -1, 2, 2, 2, 2, 2, 1, 1, 1, 1, -2, -1, -2, 1, -2, 1, -2, -1, -1, 2, -1, 2, 2, -1, -2, -2, -2, 1]"
960,dfs_bnb_mpi,896.314,-18,19,216164478,"[-1, -1, 2, 2, 2, 2, 2, 2, 1, -2, -2, -2, 1, 2, 2, 2, 1, -2, -2, 1, -2, -1, -2, -1, -1, -2, 1, 1, 1]"
961,dfs_bnb_mpi,1101.21,-19,20,269085565,"[-1, -1, 2, 2, 2, 2, 2, 1, -2, -2, 1, -2, -1, -2, 1, 1, -2, 1, 1, 2, -1, 2, -1, 2, 1, 2, -1, -1, 2]"
962,dfs_bnb_mpi,1583.84,-19,20,370533659,"[-1, -1, 2, 2, 2, 2, 1, -2, -2, -2, 1, 2, 2, 2, 1, 1, 1, -2, -2, -1, -2, 1, -2, -1, -1, 2, 2, 2, 1]"
963,dfs_bnb_mpi,4947.66,-18,19,1095643699,"[-1, -1, 2, 2, 2, 2, 2, 1, 2, 1, -2, 1, 2, 1, -2, -2, -2, -2, -1, 2, 2, -1, -1, -2, 1, -2, -1, -2, 1]"
964,dfs_bnb_mpi,1006.62,-20,21,227643170,"[-1, -2, 1, 1, -2, -2, 1, 2, 2, 2, -1, 2, 1, 2, -1, -1, -2, -1, 2, -1, -2, -2, -2, -2, -2, 1, 2, 1, -2]"
965,dfs_bnb_mpi,820.173,-19,20,195106629,"[-1, -1, 2, 2, 2, 2, 2, 2, 1, -2, 1, 1, -2, -1, -1, -2, -2, -2, 1, 1, -2, 1, 2, 2, 2, -1, -1, -2, 1]"
966,dfs_bnb_mpi,1634.12,-20,20,385075741,"[-1, -1, -1, -1, 2, 2, 1, -2, 1, 2, 2, -1, -1, 2, 1, 1, 1, -2, 1, 2, 1, -2, -2, -1, -1, -2, 1, 1, -2]"
967,dfs_bnb_mpi,2932.14,-19,20,691304857,"[-1, -1, 2, 2, 1, -2, 1, 2, 2, 2, 1, -2, -2, -2, -2, 1, 1, 1, 2, 2, 2, -1, 2, -1, -2, -2, 1, -2, -1]"
968,dfs_bnb_mpi,1193.64,-19,20,261709700,"[-1, -1, 2, 2, 2, 2, 2, 1, 1, 1, 1, 1, -2, -1, -1, -1, -1, -2, 1, 1, -2, -1, -1, -2, 1, 1, 1, 2, 2]"
969,dfs_bnb_mpi,1253.25,-19,20,274682288,"[-1, -1, 2, 2, 2, 2, 2, 2, 1, -2, 1, 1, -2, -1, -1, -2, 1, 1, 1, -2, -1, -1, -1, -2, 1, 1, 1, -2, -1]"
970,dfs_bnb_mpi,3538.2,-20,21,772207427,"[-1, -2, -2, -2, -2, -2, 1, 2, 2, 1, -2, -2, 1, 1, 2, -1, 2, 1, 2, 2, 2, -1, -1, -2, 1, -2, -1, -1, 2]"
971,dfs_bnb_mpi,3176.13,-19,20,692651691,"[-1, -1, 2, 2, 1, -2, 1, 2, 2, 2, 1, 1, 1, -2, -2, -2, -1, 2, 2, -1, -2, -2, -2, 1, -2, -1, -1, -1, -1]"
972,dfs_bnb_mpi,759.773,-20,21,182586214,"[-1, -1, 2, 2, 1, -2, 1, 2, 1, 1, 1, -2, -1, -1, -2, 1, 1, -2, -2, -1, -1, -1, -1, -1, 2, 1, 1, 1, 1]"
973,dfs_bnb_mpi,478.58,-20,21,110682204,"[-1, -2, 1, 1, 2, 2, -1, 2, -1, -2, -1, 2, -1, -2, -2, 1, -2, -1, -1, 2, 2, 2, 2, 1, 1, 1, 1, 1, -2]"
974,dfs_bnb_mpi,3007.87,-19,20,667802103,"[-1, -1, 2, 2, 1, -2, 1, 2, 1, -2, 1, 2, 1, -2, -2, -1, -1, -2, 1, 1, -2, -1, -1, -1, 2, -1, -1, -2, 1]"
975,dfs_bnb_mpi,511.312,-19,20,119188690,"[-1, -1, 2, 2, 2, 2, 2, 1, 1, -2, -1, -2, -2, -2, 1, 1, -2, 1, 2, 2, -1, -1, 2, 1, 2, 1, -2, 1, -2]"
976,dfs_bnb_mpi,5055.12,-18,19,1153944119,"[-1, -1, 2, 2, 2, 2, 2, 2, 1, 1, 1, -2, 1, -2, -1, -1, -2, 1, 1, -2, -1, -1, -2, -1, 2, 2, 2, 2, 1]"
977,dfs_bnb_mpi,1269.61,-19,19,284450958,"[-1, -1, 2, 2, 2, 2, 2, 2, 1, 1, 1, -2, 1, -2, -1, -1, 2, -1, -2, -2, 1, -2, -1, -2, 1, 1, 2, 2, 1]"
978,dfs_bnb_mpi,1533.45,-19,20,353275102,"[-1, -1, 2, 2, 2, 2, 2, 2, 1, -2, 1, 1, -2, -1, -1, -2, 1, -2, 1, 2, 1, -2, -2, -2, -1, 2, -1, -1, 2]"
979,dfs_bnb_mpi,1376.97,-19,20,303576622,"[-1, -1, 2, 2, 2, 2, 2, 1, 1, 1, 1, -2, -1, -1, -1, -2, 1, 1, 1, -2, -1, -1, -1, -2, 1, 1, 1, -2, -1]"
980,dfs_bnb_mpi,618.731,-19,20,142002857,"[-1, -1, 2, 2, 2, 2, 2, 1, 2, 1, 1, -2, -1, -2, -1, -2, 1, -2, -1, -2, 1, 1, 1, 2, 2, 2, -1, -2, -2]"
981,dfs_bnb_mpi,987.219,-20,21,232486466,"[-1, -1, 2, 2, 2, 2, 2, 1, 1, -2, -1, -2, -2, -2, 1, 1, -2, 1, 2, 2, 2, 2, 2, -1, -2, -2, -1, -2, 1]"
982,dfs_bnb_mpi,3292.22,-19,20,726428650,"[-1, -1, 2, 2, 2, 2, 2, 1, 1, -2, 1, 2, 1, -2, 1, -2, -1, -2, -2, -1, 2, 2, -1, -2, -2, -1, 2, 2, 2]"
983,dfs_bnb_mpi,344.307,-20,21,77542630,"[-1, -1, 2, 1, 1, 1, 2, -1, -1, -1, 2, 2, 2, 1, 1, -2, -1, -2, 1, 1, 2, 2, 1, -2, -2, -2, -2, -2, -1]"
984,dfs_bnb_mpi,947.284,-20,20,216390654,"[-1, -1, 2, 1, 1, 1, 1, 1, -2, -1, -1, -2, 1, 1, -2, -2, -1, 2, -1, -2, -1, -1, -1, 2, 2, 1, 1, -2, -1]"
985,dfs_bnb_mpi,3282.31,-20,21,711034940,"[-1, -2, -2, 1, 2, 1, 2, 1, 1, -2, -2, -2, -2, -2, -1, -1, -1, -1, 2, 2, 1, -2, 1, 1, 2, -1, 2, 1, 2]"
986,dfs_bnb_mpi,2867.13,-19,19,637775325,"[-1, -1, 2, 2, 2, 2, 2, 1, 1, 1, 1, 1, -2, -1, -1, -2, 1, -2, -1, -1, 2, 2, -1, -2, -2, -2, 1, 1, -2]"
987,dfs_bnb_mpi,3142.96,-19,20,689775499,"[-1, -1, 2, 1, 2, 2, 2, -1, -1, -1, -1, -1, -2, -2, -2, 1, 2, 2, 1, 1, 1, -2, -1, -1, -2, 1, -2, -1, -1]"
988,dfs_bnb_mpi,760.768,-20,21,180091153,"[-1, -1, -1, -1, 2, 1, 1, 1, 1, 1, -2, -2, -1, -1, -1, -1, -1, -2, -2, 1, 2, 1, 1, 1, 1, -2, -1, -1, -1]"
989,dfs_bnb_mpi,3021.24,-19,20,679852916,"[-1, -1, 2, 2, 2, 2, 2, 2, 1, 1, 1, -2, -1, -1, -2, 1, 1, 1, -2, -1, -1, -1, -2, -2, 1, 2, 1, -2, -2]"
990,dfs_bnb_mpi,2882.83,-19,20,638711647,"[-1, -1, 2, 1, 2, 2, 2, 1, 2, 1, 1, 1, -2, -1, -1, -2, -1, -2, 1, 1, 2, 1, -2, -2, -1, -2, -1, 2, -1]"
991,dfs_bnb_mpi,1138.63,-20,21,260314236,"[-1, -2, 1, 1, 2, 1, 1, -2, -1, -2, 1, -2, -1, -1, 2, -1, -1, -2, 1, -2, 1, 1, 1, -2, -1, -1, -1, -1, 2]"
992,dfs_bnb_mpi,722.222,-20,21,166699686,"[-1, -1, 2, 2, -1, 2, -1, -2, -2, 1, -2, -1, -2, 1, 1, 1, 1, 1, 2, 2, -1, -1, 2, 1, 1, 2, -1, -1, -1]"
993,dfs_bnb_mpi,1289.97,-19,20,286288159,"[-1, -1, 2, 2, 1, -2, 1, 2, 2, 1, 2, 1, -2, 1, 2, 1, -2, -2, -1, -1, -1, -2, 1, 1, 1, -2, -1, -1, -1]"
994,dfs_bnb_mpi,542.289,-20,20,122874084,"[-1, -2, 1, 1, 2, 1, 1, -2, -1, -2, 1, -2, -1, -1, 2, -1, -1, -2, 1, -2, 1, 1, 1, -2, -1, -1, -1, -1, 2]"
995,dfs_bnb_mpi,4834.23,-19,20,1061570773,"[-1, -2, -1, 2, 2, 1, 2, 2, 2, -1, -1, -1, -1, -2, 1, 1, 1, -2, -1, -1, -1, -2, 1, 1, -2, -2, -1, 2, -1]"
996,dfs_bnb_mpi,1453.9,-19,20,322106041,"[-1, -1, 2, 2, 2, 2, 2, 1, 1, -2, -1, -2, 1, 1, -2, -1, -1, -2, 1, 1, -2, 1, 2, 2, 2, 2, 2, -1, -2]"
997,dfs_bnb_mpi,360.304,-20,21,83578177,"[-1, -1, 2, 2, 2, 1, 2, -1, 2, 1, 1, -2, -2, 1, -2, -1, -1, -2, 1, 1, -2, 1, 2, 2, 2, 2, 2, -1, -2]"
998,dfs_bnb_mpi,958.249,-20,21,225555972,"[-1, -1, 2, 2, 2, 2, 2, 1, 1, -2, 1, 2, 1, -2, -2, -1, -1, -2, 1, 1, -2, -2, -1, 2, -1, -1, 2, 2, 2]"
999,dfs_bnb_mpi,746.792,-19,20,184445964,"[-1, -1, 2, 2, 2, 2, 1, -2, 1, -2, -1, -2, 1, 1, 2, 2, 2, -1, 2, 1, 2, 1, -2, -2, -2, -2, -2, -2, -1]"
