protein_id,algorithm,time,score,checked,placed,hash
0,dfs_bnb_mpi,0.564663,-10,11,151511,"[-1, -2, -1, 2, 2, 1, 1, 1, -2, -2, -1, -2, 1, 1, 1, 2, -1, 2, 2]"
1,dfs_bnb_mpi,7.05753,-9,10,1635737,"[-1, -1, 2, 2, -1, -1, -1, -2, -2, -1, -2, 1, 1, 2, 2, 1, -2, -2, 1]"
2,dfs_bnb_mpi,5.40024,-9,10,1396789,"[-1, -1, 2, 2, 2, 2, 1, -2, -2, -2, 1, 2, 2, 1, -2, 1, -2, -1, -2]"
3,dfs_bnb_mpi,2.33929,-9,10,596605,"[-1, -1, 2, 2, -1, 2, 1, 2, -1, -1, -2, -1, -2, 1, -2, 1, -2, -2, 1]"
4,dfs_bnb_mpi,0.121551,-10,11,34495,"[-1, -1, 2, 1, 2, 1, -2, 1, 2, 1, 2, -1, 2, -1, -2, -1, -1, -2, -1]"
5,dfs_bnb_mpi,0.391898,-10,11,103850,"[-1, -2, -1, 2, 2, 1, 1, 2, -1, -1, -1, -1, -2, 1, -2, -1, -2, 1, -2]"
6,dfs_bnb_mpi,0.142818,-10,11,41681,"[-1, -1, 2, 2, 1, -2, 1, 2, 2, 1, 1, -2, -1, -2, 1, -2, -2, -1, 2]"
7,dfs_bnb_mpi,6.62911,-10,11,1528773,"[-1, -2, -1, 2, -1, -1, 2, 1, 2, 2, 1, 1, 1, -2, -1, -1, -2, 1, 1]"
8,dfs_bnb_mpi,2.74331,-9,10,658795,"[-1, -1, 2, 2, 2, 1, 2, 1, 2, 1, -2, -2, -1, -2, 1, -2, -1, -1, 2]"
9,dfs_bnb_mpi,1.9847,-10,11,527016,"[-1, -1, 2, -1, -1, -1, -2, 1, -2, -1, -2, 1, -2, 1, 2, 1, 2, -1, 2]"
10,dfs_bnb_mpi,0.092705,-10,11,24645,"[-1, -1, -1, 2, 1, 2, 1, -2, 1, 2, 2, -1, 2, -1, -2, -1, -1, -2, 1]"
11,dfs_bnb_mpi,0.390659,-10,10,113454,"[-1, -1, 2, 1, 2, -1, 2, 1, 1, 2, 2, 1, -2, 1, -2, -1, -2, -1, -2]"
12,dfs_bnb_mpi,0.511907,-9,10,136500,"[-1, -1, 2, 2, 1, -2, 1, 2, 1, -2, 1, -2, -1, -2, -1, -1, -1, -1, 2]"
13,dfs_bnb_mpi,0.754101,-9,10,193038,"[-1, -2, 1, 1, 2, 2, 2, 1, 1, -2, -1, -2, -2, 1, 2, 1, 2, 2, 2]"
14,dfs_bnb_mpi,1.58698,-10,11,372182,"[-1, -1, 2, 1, 2, 1, -2, 1, 2, 1, -2, -2, -1, -2, -1, -1, -1, -1, 2]"
15,dfs_bnb_mpi,1.17938,-9,10,292611,"[-1, -1, 2, -1, 2, -1, -1, -1, -2, 1, 1, -2, 1, -2, -1, -1, 2, -1, -1]"
16,dfs_bnb_mpi,0.474499,-8,9,111676,"[-1, -1, 2, 2, -1, 2, -1, -1, -2, 1, -2, 1, -2, -1, -1, 2, -1, 2, 2]"
17,dfs_bnb_mpi,0.403425,-10,11,110392,"[-1, -2, 1, 1, 2, 1, -2, -2, -1, -1, -1, -2, -1, -2, 1, 1, 2, 1, 1]"
18,dfs_bnb_mpi,0.126835,-9,10,31664,"[-1, -1, 2, 2, 1, -2, 1, 1, 2, -1, 2, -1, 2, 1, 1, -2, 1, -2, 1]"
19,dfs_bnb_mpi,1.51296,-10,11,392280,"[-1, -2, 1, 1, 2, 2, 2, 1, 1, 1, -2, -1, -2, -2, -2, -1, 2, 2, 2]"
20,dfs_bnb_mpi,5.90259,-10,11,1589458,"[-1, -2, -2, -1, -2, 1, 1, 2, 2, 1, 2, 1, -2, 1, -2, -1, -1, -2, 1]"
21,dfs_bnb_mpi,1.97337,-10,11,448747,"[-1, -2, -1, 2, 2, 1, 2, -1, 2, -1, -1, -2, 1, -2, -1, -2, -2, 1, 2]"
22,dfs_bnb_mpi,0.597811,-10,11,155583,"[-1, -1, 2, -1, 2, 1, 2, 2, -1, -2, -1, 2, -1, -2, -2, 1, -2, -2, 1]"
23,dfs_bnb_mpi,0.463921,-10,11,105388,"[-1, -2, 1, 1, 2, 2, 1, -2, -2, 1, -2, -2, -1, 2, -1, -1, -2, 1, -2]"
24,dfs_bnb_mpi,0.635746,-10,11,158115,"[-1, -1, 2, 2, -1, -1, 2, 1, 1, 2, 1, -2, -2, -2, 1, 1, 2, -1, 2]"
25,dfs_bnb_mpi,0.438242,-10,11,102471,"[-1, -1, -1, 2, -1, -1, 2, 2, 1, -2, 1, 1, -2, 1, 2, 2, -1, -1, 2]"
26,dfs_bnb_mpi,1.44895,-11,12,338055,"[-1, -2, -2, -2, 1, -2, 1, 2, 1, 1, 2, -1, -1, -1, 2, 1, 2, 1, -2]"
27,dfs_bnb_mpi,1.48021,-9,10,338593,"[-1, -1, 2, 2, 2, 2, 1, 1, 1, -2, -1, -1, -2, -2, 1, 2, 1, -2, 1]"
28,dfs_bnb_mpi,4.70517,-11,12,1193493,"[-1, -2, -2, -2, -2, 1, 2, 1, 1, 1, 2, -1, 2, 2, -1, -2, -1, -2, 1]"
29,dfs_bnb_mpi,1.18154,-10,11,314191,"[-1, -1, 2, -1, -1, -2, 1, -2, -1, -1, -2, 1, 1, 1, -2, 1, 2, 2, -1]"
30,dfs_bnb_mpi,0.427015,-10,11,120467,"[-1, -1, 2, 1, 1, 1, 2, -1, -1, 2, -1, -2, -1, -2, -1, -2, 1, -2, 1]"
31,dfs_bnb_mpi,1.84439,-10,11,513966,"[-1, -1, 2, 1, 2, -1, 2, -1, -1, -1, -2, 1, -2, -1, -2, 1, 1, 2, 2]"
32,dfs_bnb_mpi,0.688696,-9,10,194602,"[-1, -1, 2, 2, 2, 1, -2, -2, 1, 1, -2, 1, 2, 2, -1, -1, 2, 1, 2]"
33,dfs_bnb_mpi,1.21822,-9,10,317429,"[-1, -1, 2, 2, -1, 2, 1, 2, -1, -1, -2, -1, -2, 1, -2, 1, -2, -2, 1]"
34,dfs_bnb_mpi,0.120465,-10,11,27809,"[-1, -1, 2, 2, 2, 2, 2, 1, -2, -2, -2, -2, 1, 2, 2, 1, 2, -1, 2]"
35,dfs_bnb_mpi,0.425087,-10,10,108203,"[-1, -1, 2, 2, -1, 2, 2, 1, -2, 1, -2, -2, 1, 1, 2, -1, 2, 2, -1]"
36,dfs_bnb_mpi,0.067205,-10,11,18720,"[-1, -1, 2, 1, 2, 1, -2, 1, 2, 1, 2, -1, 2, -1, -2, -1, -1, -2, -1]"
37,dfs_bnb_mpi,3.4866,-9,10,848135,"[-1, -1, 2, 2, 2, 1, 1, 1, 1, -2, -2, -2, -1, 2, -1, -1, 2, 1, 1]"
38,dfs_bnb_mpi,0.479983,-10,11,114907,"[-1, -2, -1, 2, 2, 1, 2, -1, -1, 2, -1, -2, -2, 1, -2, -1, -2, 1, -2]"
39,dfs_bnb_mpi,0.624217,-10,11,170509,"[-1, -1, 2, 2, 1, -2, 1, 1, -2, -2, -2, -1, 2, -1, -2, -1, 2, -1, 2]"
40,dfs_bnb_mpi,0.32439,-10,11,88777,"[-1, -1, 2, 1, 2, 1, -2, 1, 1, 2, -1, 2, -1, 2, -1, -2, -1, -2, -1]"
41,dfs_bnb_mpi,2.90011,-10,11,707454,"[-1, -2, 1, 1, -2, -1, -1, -1, -1, -2, -1, -2, 1, 1, 1, 1, 2, -1, -1]"
42,dfs_bnb_mpi,0.199383,-9,9,55213,"[-1, -1, 2, 2, 1, -2, 1, 2, 2, 2, -1, -2, -1, -1, -1, -2, 1, -2, -1]"
43,dfs_bnb_mpi,0.891501,-10,11,216956,"[-1, -1, -1, -1, 2, 2, 1, -2, 1, 2, 2, 1, -2, -2, 1, 1, 2, -1, 2]"
44,dfs_bnb_mpi,0.998985,-11,12,262482,"[-1, -1, -1, 2, 1, 2, 1, -2, 1, 1, -2, -2, -2, -1, -1, -1, 2, 1, 1]"
45,dfs_bnb_mpi,0.811785,-10,10,240775,"[-1, -1, 2, 2, 1, -2, 1, 2, 2, 1, -2, 1, -2, -1, -2, -2, -1, -1, -1]"
46,dfs_bnb_mpi,1.4236,-10,10,360948,"[-1, -1, 2, -1, -2, -2, 1, -2, 1, 2, 1, -2, 1, -2, -1, -1, -1, -1, 2]"
47,dfs_bnb_mpi,1.24445,-10,11,315853,"[-1, -1, 2, -1, 2, -1, -1, -1, -2, 1, 1, -2, 1, -2, -1, -1, -1, 2, 1]"
48,dfs_bnb_mpi,6.86963,-9,10,1707511,"[-1, -1, 2, -1, 2, -1, -1, -2, -2, -2, 1, -2, 1, 1, 2, -1, 2, -1, 2]"
49,dfs_bnb_mpi,3.16203,-11,12,839251,"[-1, -2, 1, 1, 1, 2, 1, 2, -1, 2, -1, -1, 2, -1, -2, -2, 1, 1, -2]"
50,dfs_bnb_mpi,3.97315,-10,11,950021,"[-1, -1, 2, -1, 2, 1, 2, 2, 1, 1, 1, -2, -2, -1, 2, -1, -2, -2, 1]"
51,dfs_bnb_mpi,2.1462,-11,12,568095,"[-1, -1, 2, 1, 2, 2, 1, 1, 1, -2, 1, -2, -1, -2, -1, 2, 2, -1, -2]"
52,dfs_bnb_mpi,0.342796,-9,10,103201,"[-1, -1, 2, 2, 1, -2, 1, 2, 2, 1, -2, -2, 1, 1, -2, -1, -1, -2, -1]"
53,dfs_bnb_mpi,1.60762,-10,11,369294,"[-1, -1, 2, 2, 2, 2, 1, 1, 1, -2, -1, -1, -2, -2, 1, 2, 1, -2, -2]"
54,dfs_bnb_mpi,0.506565,-9,10,117181,"[-1, -1, 2, 2, 2, 1, 2, 1, 1, -2, -1, -2, -1, -2, 1, 1, 2, 1, 2]"
55,dfs_bnb_mpi,0.46043,-10,11,120375,"[-1, -1, 2, -1, -2, -2, 1, 1, 1, 1, -2, -1, -2, -1, 2, -1, -1, -2, 1]"
56,dfs_bnb_mpi,1.15924,-10,11,269382,"[-1, -2, -1, -1, -2, -2, 1, 2, 1, -2, 1, 2, 2, 1, 2, 1, -2, -2, -1]"
57,dfs_bnb_mpi,1.95664,-10,11,518022,"[-1, -1, 2, 1, 2, 1, 2, 1, -2, 1, -2, 1, -2, -2, -1, 2, -1, 2, -1]"
58,dfs_bnb_mpi,2.03628,-11,12,507106,"[-1, -1, 2, 1, 1, 2, 1, -2, 1, -2, -1, -2, 1, -2, -1, -1, 2, -1, -2]"
59,dfs_bnb_mpi,1.85417,-9,10,411443,"[-1, -1, 2, -1, 2, -1, -2, -1, -2, 1, 1, -2, 1, -2, -1, -1, 2, -1, -1]"
60,dfs_bnb_mpi,0.328563,-10,11,73482,"[-1, -1, 2, -1, 2, -1, 2, 2, 1, -2, 1, -2, 1, -2, 1, 2, 2, -1, 2]"
61,dfs_bnb_mpi,0.593722,-10,11,147230,"[-1, -2, -2, -1, -2, 1, 1, 2, 2, 1, 2, 1, -2, -2, -1, -2, -2, -1, -1]"
62,dfs_bnb_mpi,0.370538,-10,11,83307,"[-1, -1, 2, -1, -2, -1, -2, -2, -2, 1, 2, 2, 1, -2, -2, 1, 2, 2, 1]"
63,dfs_bnb_mpi,0.567923,-10,11,135334,"[-1, -1, 2, 2, -1, 2, 1, 1, 1, 1, -2, -1, -1, -2, 1, 1, -2, -2, -1]"
64,dfs_bnb_mpi,0.964701,-10,11,264376,"[-1, -1, 2, 1, 2, 1, -2, 1, -2, 1, -2, -1, -2, -1, 2, -1, -1, -1, 2]"
65,dfs_bnb_mpi,1.27927,-9,10,352787,"[-1, -1, 2, 1, 2, 2, -1, -2, -1, 2, 2, -1, -2, -2, -2, 1, -2, -1, -1]"
66,dfs_bnb_mpi,1.51219,-10,11,348705,"[-1, -1, 2, 2, 2, 1, -2, -2, 1, 2, 1, -2, -2, -2, -1, -1, -2, 1, 1]"
67,dfs_bnb_mpi,6.60632,-10,11,1492000,"[-1, -2, -1, -2, 1, -2, 1, 1, 1, 1, 2, -1, 2, 2, -1, -2, -1, -2, 1]"
68,dfs_bnb_mpi,0.626403,-10,11,144145,"[-1, -1, -1, 2, -1, 2, 2, 2, 1, -2, -2, 1, -2, 1, 1, 2, -1, 2, -1]"
69,dfs_bnb_mpi,0.298804,-10,11,80301,"[-1, -1, 2, 1, 1, 1, -2, 1, -2, -2, -2, -1, 2, 2, -1, -1, -2, 1, -2]"
70,dfs_bnb_mpi,1.00806,-10,11,247462,"[-1, -2, 1, -2, 1, 2, 1, 2, -1, 2, 2, -1, -2, -1, -1, 2, 2, 1, -2]"
71,dfs_bnb_mpi,0.249062,-9,10,57020,"[-1, -1, 2, -1, -1, -1, -2, 1, 1, -2, -1, -1, -2, 1, 1, 1, 2, 1, 1]"
72,dfs_bnb_mpi,0.38442,-11,12,91814,"[-1, -1, 2, 1, 1, 1, 2, -1, 2, -1, -2, -1, 2, -1, -1, -2, -2, 1, 2]"
73,dfs_bnb_mpi,0.751131,-10,11,180367,"[-1, -1, 2, -1, 2, 2, 2, 1, 1, -2, -1, -2, 1, -2, 1, 2, 2, 1, -2]"
74,dfs_bnb_mpi,6.08183,-10,11,1536414,"[-1, -2, -2, -2, 1, 1, 1, 2, 2, 2, 2, 2, -1, -2, -2, -2, -1, -2, 1]"
75,dfs_bnb_mpi,0.345442,-9,10,99320,"[-1, -1, 2, 2, 1, -2, 1, 2, 2, 1, -2, -2, 1, -2, -1, -2, -1, -1, -1]"
76,dfs_bnb_mpi,0.119874,-10,11,32952,"[-1, -1, 2, 1, 1, 1, -2, -2, -1, -1, -2, 1, 1, -2, -1, -1, -1, 2, 2]"
77,dfs_bnb_mpi,0.11699,-9,10,33513,"[-1, -1, 2, 2, 1, -2, 1, 2, 2, -1, -1, 2, -1, -2, -2, -1, -2, 1, -2]"
78,dfs_bnb_mpi,4.93575,-9,10,1407627,"[-1, -1, 2, 2, 1, -2, 1, 2, 2, -1, 2, 2, 1, 1, -2, -2, -2, -2, -2]"
79,dfs_bnb_mpi,3.54855,-11,12,934188,"[-1, -2, -1, -2, -2, 1, 2, 1, -2, 1, 2, 1, 1, 2, -1, 2, -1, -2, -1]"
80,dfs_bnb_mpi,0.167129,-9,10,44409,"[-1, -1, 2, 2, 1, -2, 1, 2, 2, -1, -1, -1, 2, -1, -2, -2, 1, -2, -1]"
81,dfs_bnb_mpi,0.330416,-9,10,85659,"[-1, -1, 2, 2, 1, -2, 1, 2, 1, -2, -2, 1, -2, -1, -1, -1, -1, -1, 2]"
82,dfs_bnb_mpi,2.4265,-10,11,576142,"[-1, -2, 1, 1, 2, 2, 1, 2, 1, -2, 1, -2, -1, -1, -2, 1, -2, -1, -1]"
83,dfs_bnb_mpi,0.277392,-11,12,79200,"[-1, -2, 1, 1, 1, 1, 2, -1, -1, 2, 1, 2, -1, 2, -1, -2, -1, -2, 1]"
84,dfs_bnb_mpi,0.315335,-9,10,85476,"[-1, -2, -1, 2, 2, 1, 2, -1, -1, -2, -2, -2, -2, -1, 2, 2, 2, 2, 2]"
85,dfs_bnb_mpi,4.38224,-9,10,1295450,"[-1, -1, 2, 2, 2, 1, 1, -2, 1, 2, 2, 1, -2, -2, -2, -1, -1, -1, 2]"
86,dfs_bnb_mpi,1.06522,-10,11,277153,"[-1, -2, 1, 1, 2, 1, 1, -2, -1, -2, -2, -1, -1, -1, -1, 2, 1, 1, 1]"
87,dfs_bnb_mpi,0.134849,-10,11,32421,"[-1, -1, 2, -1, 2, 2, 2, 1, -2, -2, 1, -2, 1, 1, 2, -1, 2, -1, 2]"
88,dfs_bnb_mpi,4.86128,-10,11,1153095,"[-1, -2, 1, 1, 2, 2, 2, 2, 2, -1, -2, -1, -1, -2, 1, 1, -2, -1, -1]"
89,dfs_bnb_mpi,1.05142,-10,11,270734,"[-1, -1, 2, 1, 2, 2, 2, 1, -2, -2, 1, 2, 2, 1, -2, -2, -2, -1, -1]"
90,dfs_bnb_mpi,0.60769,-10,11,152222,"[-1, -2, -1, -2, -1, 2, 2, 1, 2, 1, 2, -1, -1, -2, -1, -2, -2, -2, -1]"
91,dfs_bnb_mpi,3.60982,-10,11,1053099,"[-1, -2, -1, -1, -1, 2, 1, 1, 2, 1, 2, -1, 2, -1, -1, -2, 1, -2, -1]"
92,dfs_bnb_mpi,1.55783,-10,11,365281,"[-1, -1, 2, -1, -2, -2, -2, -1, -2, 1, 1, 2, 2, 1, 1, -2, -2, -1, 2]"
93,dfs_bnb_mpi,0.189768,-10,11,50597,"[-1, -1, 2, 1, 2, 2, 1, -2, -2, 1, 2, 2, 2, -1, -1, -1, -2, -2, -1]"
94,dfs_bnb_mpi,4.91799,-10,11,1252481,"[-1, -2, 1, 1, 1, 1, 2, 2, 2, 2, -1, -2, -1, -1, -2, 1, 1, -2, -1]"
95,dfs_bnb_mpi,1.46968,-10,11,387625,"[-1, -1, 2, 1, 1, 2, -1, 2, -1, -2, -1, -2, -1, -2, 1, -2, 1, 1, 1]"
96,dfs_bnb_mpi,0.489647,-10,11,114427,"[-1, -2, 1, 1, 2, 1, 1, 1, 2, 2, -1, -2, -1, -1, -1, 2, 1, 1, 2]"
97,dfs_bnb_mpi,0.896508,-9,10,234352,"[-1, -2, 1, 1, 2, 2, 2, 1, -2, -2, 1, -2, -1, -2, -2, -1, 2, -1, -1]"
98,dfs_bnb_mpi,0.685256,-10,11,178833,"[-1, -1, -1, 2, 1, 1, 1, 2, -1, -1, -1, -1, -2, -2, -2, -2, 1, 2, 1]"
99,dfs_bnb_mpi,0.071384,-10,10,18627,"[-1, -1, 2, 2, 1, -2, 1, 2, 2, 1, -2, -2, 1, -2, -1, -2, -1, -1, -1]"
100,dfs_bnb_mpi,6.3794,-9,10,1643749,"[-1, -1, 2, 2, 2, 1, 2, 2, 1, 1, -2, -1, -2, 1, -2, -1, -1, -2, 1]"
101,dfs_bnb_mpi,0.204511,-9,10,55380,"[-1, -1, 2, 2, 2, 2, 1, -2, 1, 1, -2, -1, -1, -2, 1, 1, -2, 1, 2]"
102,dfs_bnb_mpi,2.57778,-9,10,630787,"[-1, -1, 2, 2, 2, 2, 2, 1, -2, -2, -2, 1, 1, 2, -1, 2, 2, 1, -2]"
103,dfs_bnb_mpi,1.58167,-10,11,379847,"[-1, -1, 2, 2, 2, 1, -2, -2, 1, 1, 1, 2, -1, -1, 2, 1, 2, -1, -1]"
104,dfs_bnb_mpi,0.878878,-10,10,216784,"[-1, -1, 2, 2, 1, -2, 1, 1, -2, 1, -2, -2, -1, 2, -1, -1, -2, 1, -2]"
105,dfs_bnb_mpi,0.471021,-10,11,129439,"[-1, -1, 2, 1, 2, 2, 1, -2, 1, 2, 1, -2, 1, -2, -1, -2, -1, 2, -1]"
106,dfs_bnb_mpi,3.6904,-10,11,946048,"[-1, -1, 2, -1, -1, -2, -2, -2, 1, -2, 1, 2, 1, 1, 2, -1, -1, -1, 2]"
107,dfs_bnb_mpi,0.352463,-10,11,94922,"[-1, -1, 2, 2, -1, 2, 1, 1, -2, -2, 1, 2, 2, 2, -1, 2, -1, -2, -1]"
108,dfs_bnb_mpi,1.07282,-10,11,268954,"[-1, -1, 2, 2, -1, -1, 2, 1, 2, 1, -2, 1, 2, 1, -2, -2, -2, -1, 2]"
109,dfs_bnb_mpi,0.825142,-10,11,211870,"[-1, -2, 1, 1, 2, 1, 1, -2, -1, -2, 1, -2, -1, -1, -1, -1, 2, 1, 1]"
110,dfs_bnb_mpi,0.252561,-11,12,63387,"[-1, -2, 1, 1, 2, 2, 1, 2, -1, -1, -2, -1, 2, -1, -2, -1, -2, 1, -2]"
111,dfs_bnb_mpi,0.292264,-11,12,78922,"[-1, -1, 2, 1, 2, -1, -1, -2, -2, -2, -2, 1, 2, 1, 1, 1, 2, 2, -1]"
112,dfs_bnb_mpi,0.82985,-9,10,239508,"[-1, -1, 2, 1, 1, 1, -2, -2, -1, -2, 1, -2, -1, -1, 2, 2, -1, -2, -1]"
113,dfs_bnb_mpi,4.47244,-10,10,1008734,"[-1, -1, 2, 1, 1, 2, 1, -2, 1, -2, -1, -2, -1, -1, -1, -2, 1, 1, 1]"
114,dfs_bnb_mpi,1.42476,-11,12,358028,"[-1, -1, 2, 1, 1, 1, -2, 1, -2, -1, -2, -1, -1, -1, -1, 2, 1, 1, 1]"
115,dfs_bnb_mpi,0.254236,-9,10,59180,"[-1, -1, -1, 2, -1, 2, 1, 2, 1, -2, -2, 1, 2, 2, 1, -2, -2, 1, 2]"
116,dfs_bnb_mpi,0.945224,-10,11,215145,"[-1, -2, -1, -2, 1, -2, 1, 2, 2, 1, 2, 1, -2, -2, -1, -2, 1, 1, 2]"
117,dfs_bnb_mpi,4.50509,-10,11,1127915,"[-1, -1, 2, -1, -1, -1, -2, -2, -2, -2, 1, 2, 1, 1, 2, -1, 2, -1, -2]"
118,dfs_bnb_mpi,0.785912,-10,11,203486,"[-1, -1, -1, 2, 1, 1, 2, 1, -2, 1, -2, -2, -1, -1, -2, -1, 2, -1, -2]"
119,dfs_bnb_mpi,0.556263,-9,9,146095,"[-1, -1, 2, 1, 2, 2, 1, 2, 1, -2, 1, -2, -1, -1, -2, 1, -2, 1, 2]"
120,dfs_bnb_mpi,0.166014,-9,10,43200,"[-1, -1, 2, 2, 2, 1, 1, -2, -1, -2, 1, 1, -2, -2, -2, -1, 2, -1, -1]"
121,dfs_bnb_mpi,0.326524,-11,12,89051,"[-1, -1, 2, 1, 1, 2, -1, -1, -1, -2, -1, -2, 1, -2, 1, 1, -2, 1, 2]"
122,dfs_bnb_mpi,0.338888,-9,10,92290,"[-1, -1, 2, 2, 2, 2, 1, -2, -2, -2, 1, 2, 1, 2, -1, 2, 2, -1, 2]"
123,dfs_bnb_mpi,4.92589,-10,11,1119685,"[-1, -1, 2, -1, 2, 1, 2, 1, 2, 1, -2, 1, -2, -1, -1, -2, 1, 1, -2]"
124,dfs_bnb_mpi,3.96985,-10,11,904957,"[-1, -1, 2, -1, -2, -2, -1, -2, -2, 1, 1, 1, 2, 1, 2, -1, -1, -2, -1]"
125,dfs_bnb_mpi,2.77576,-9,10,632778,"[-1, -1, 2, 2, -1, 2, 2, -1, -2, -2, -1, -2, 1, 1, -2, -1, -1, -1, 2]"
126,dfs_bnb_mpi,1.15883,-10,11,315374,"[-1, -1, 2, 1, 2, -1, 2, 1, 2, 1, 2, 1, -2, -2, -1, -2, 1, -2, -1]"
127,dfs_bnb_mpi,0.35901,-10,10,94467,"[-1, -2, -1, -2, 1, -2, 1, 2, 2, 1, 2, 2, 2, -1, -2, -1, -1, -2, -1]"
128,dfs_bnb_mpi,2.87915,-9,10,710739,"[-1, -1, 2, 2, 2, 1, 2, 1, 2, 1, -2, -2, -1, -2, 1, -2, -1, -1, 2]"
129,dfs_bnb_mpi,0.076584,-10,11,19669,"[-1, -1, 2, -1, 2, 2, 1, -2, 1, -2, 1, 1, 2, -1, 2, -1, 2, -1, 2]"
130,dfs_bnb_mpi,0.442416,-10,11,122077,"[-1, -1, 2, 1, 1, 2, 1, -2, 1, -2, -1, -2, -1, -2, -1, 2, -1, -2, -1]"
131,dfs_bnb_mpi,0.78527,-10,11,199973,"[-1, -1, 2, 2, 1, -2, 1, 2, 1, -2, 1, -2, -1, -2, -2, -1, 2, -1, -1]"
132,dfs_bnb_mpi,0.594207,-9,10,165527,"[-1, -1, 2, 2, 2, -1, -2, -1, 2, 2, 2, 1, -2, 1, 1, -2, -2, -2, 1]"
133,dfs_bnb_mpi,0.75335,-9,10,205023,"[-1, -1, 2, 2, -1, -1, -1, -2, 1, 1, -2, -1, -1, -2, -2, 1, 1, 2, -1]"
134,dfs_bnb_mpi,6.46024,-9,10,1499957,"[-1, -1, -1, 2, 2, 2, 1, 2, 2, 1, -2, -2, 1, -2, -1, -1, -2, 1, 1]"
135,dfs_bnb_mpi,0.211075,-10,11,60753,"[-1, -1, 2, 2, 1, -2, 1, 2, 2, 1, -2, -2, -2, -2, -1, -1, -2, -1, 2]"
136,dfs_bnb_mpi,1.59288,-10,11,410302,"[-1, -1, 2, 2, 1, -2, 1, 1, -2, 1, 2, 2, 1, 2, -1, -1, -1, -2, 1]"
137,dfs_bnb_mpi,1.6415,-10,11,388239,"[-1, -1, 2, 1, 1, 1, 2, -1, 2, 2, -1, -2, -2, -1, 2, -1, -2, -2, -2]"
138,dfs_bnb_mpi,3.31994,-10,11,917119,"[-1, -1, 2, 2, 1, -2, 1, 2, 2, 1, 1, -2, 1, -2, -1, -2, -1, 2, 2]"
139,dfs_bnb_mpi,0.660096,-10,11,159634,"[-1, -1, 2, 2, 1, -2, 1, 2, 2, 2, 2, -1, -2, -2, -1, -1, 2, 1, 2]"
140,dfs_bnb_mpi,1.17005,-10,11,306621,"[-1, -2, 1, 1, 2, 1, 2, -1, -1, 2, -1, -2, -1, -2, -2, -2, 1, 1, 1]"
141,dfs_bnb_mpi,0.712898,-10,11,173098,"[-1, -1, 2, 2, 1, -2, 1, 2, 2, 1, -2, -2, 1, 2, 1, -2, -2, -1, -1]"
142,dfs_bnb_mpi,3.37127,-9,10,827355,"[-1, -1, 2, 2, 1, 2, 1, -2, 1, 2, 2, 1, -2, -2, -2, -2, -1, 2, -1]"
143,dfs_bnb_mpi,6.05702,-9,10,1591305,"[-1, -1, 2, 2, 1, -2, 1, 2, 2, -1, 2, 1, 1, -2, 1, -2, -1, -2, 1]"
144,dfs_bnb_mpi,0.339119,-10,11,77472,"[-1, -1, 2, 1, 1, 2, 1, -2, 1, -2, -1, -2, 1, -2, -1, -1, 2, -1, -1]"
145,dfs_bnb_mpi,2.23663,-10,11,508068,"[-1, -2, -1, 2, 2, 2, 2, 1, 2, 1, 1, -2, -1, -2, -1, -2, 1, 1, 2]"
146,dfs_bnb_mpi,0.138032,-10,11,32133,"[-1, -1, -1, -1, 2, -1, 2, 2, 1, -2, 1, -2, 1, 1, 2, -1, 2, -1, 2]"
147,dfs_bnb_mpi,0.070288,-9,9,18379,"[-1, -1, 2, 1, 1, 1, 2, -1, -1, -1, 2, 1, 1, 2, 2, 1, -2, -2, 1]"
148,dfs_bnb_mpi,4.35437,-10,10,992306,"[-1, -1, -1, -1, 2, -1, 2, 1, 2, 1, 2, 1, -2, -2, 1, -2, -1, -1, 2]"
149,dfs_bnb_mpi,0.130983,-10,11,35186,"[-1, -1, -1, 2, 1, 1, 2, -1, -1, -1, 2, 1, 1, 1, 1, -2, -2, 1, 2]"
150,dfs_bnb_mpi,1.9077,-10,11,437369,"[-1, -1, 2, -1, -2, -1, -1, -2, -1, -2, 1, 1, 2, 1, 1, 1, -2, -1, -1]"
151,dfs_bnb_mpi,0.287929,-11,12,75161,"[-1, -2, -2, -2, 1, 2, 2, 1, -2, -2, 1, 2, 2, 2, 1, 2, -1, -1, -2]"
152,dfs_bnb_mpi,0.419074,-11,12,103048,"[-1, -2, -2, -2, 1, 1, 1, 2, -1, -1, 2, 1, 2, 1, 2, 1, -2, -2, -1]"
153,dfs_bnb_mpi,2.12313,-10,11,556971,"[-1, -1, 2, -1, 2, 2, -1, -2, -2, -1, 2, 2, -1, -2, -2, -2, 1, 1, 1]"
154,dfs_bnb_mpi,1.63308,-10,11,454554,"[-1, -1, 2, 1, 2, 2, 1, -2, 1, 2, 2, 1, -2, -2, -2, -2, -1, 2, -1]"
155,dfs_bnb_mpi,0.324332,-8,9,75566,"[-1, -1, 2, 2, 2, 2, 2, 1, -2, 1, -2, -1, -2, -2, 1, 2, 1, 2, 2]"
156,dfs_bnb_mpi,0.990893,-10,11,267717,"[-1, -1, 2, 2, 2, 1, -2, -2, 1, 2, 2, 1, -2, 1, -2, -1, -2, -2, -1]"
157,dfs_bnb_mpi,0.480022,-9,10,147168,"[-1, -1, 2, 2, 1, -2, 1, 2, 2, -1, 2, 1, 1, -2, 1, -2, -2, -1, 2]"
158,dfs_bnb_mpi,0.258747,-10,11,61121,"[-1, -1, -1, 2, -1, 2, 1, 2, 1, -2, -2, 1, 2, 2, 1, -2, 1, -2, -1]"
159,dfs_bnb_mpi,1.37496,-10,11,363336,"[-1, -1, 2, 1, 2, -1, -1, -2, -2, -1, -2, 1, -2, 1, 2, 1, 1, -2, -1]"
160,dfs_bnb_mpi,6.10945,-9,10,1551017,"[-1, -1, 2, 2, -1, 2, 2, -1, -1, -2, 1, -2, -1, -2, -2, 1, 2, 1, -2]"
161,dfs_bnb_mpi,1.57361,-9,10,351269,"[-1, -1, 2, 2, -1, 2, 2, -1, -2, -1, -2, 1, -2, 1, -2, -1, -1, 2, -1]"
162,dfs_bnb_mpi,1.97134,-10,11,504646,"[-1, -1, 2, 2, -1, -2, -1, -1, -2, 1, -2, -1, -2, 1, 1, 1, 2, -1, 2]"
163,dfs_bnb_mpi,0.605309,-11,12,144047,"[-1, -2, 1, 1, -2, 1, 2, 1, 2, 2, -1, -2, -1, 2, 2, -1, -1, -2, 1]"
164,dfs_bnb_mpi,2.75007,-10,11,675083,"[-1, -1, 2, -1, 2, 2, -1, 2, 1, 1, 1, -2, 1, -2, -2, -1, 2, -1, 2]"
165,dfs_bnb_mpi,1.59497,-10,11,359126,"[-1, -1, 2, 2, 1, -2, 1, 2, 1, 2, 1, -2, -2, -1, -2, 1, 1, 2, 2]"
166,dfs_bnb_mpi,1.50161,-10,11,374903,"[-1, -1, 2, 2, 2, 1, 1, 2, 2, 1, -2, -2, -2, -1, -1, -2, 1, 1, -2]"
167,dfs_bnb_mpi,1.09465,-10,11,285332,"[-1, -1, 2, 1, 2, 2, 1, 2, -1, 2, 1, 1, -2, -2, 1, -2, -1, -1, -2]"
168,dfs_bnb_mpi,0.993824,-9,10,246897,"[-1, -2, 1, 1, 2, 2, 1, -2, 1, 1, -2, -1, -1, -2, -2, -1, 2, -1, -1]"
169,dfs_bnb_mpi,4.19874,-10,11,967886,"[-1, -1, 2, -1, 2, 1, 2, 1, 2, 1, -2, 1, -2, -1, -1, -2, 1, 1, -2]"
170,dfs_bnb_mpi,0.648647,-10,11,155269,"[-1, -1, 2, 2, 2, 2, -1, -2, -2, -1, -2, 1, -2, -1, -1, 2, 2, 2, 1]"
171,dfs_bnb_mpi,0.635892,-10,11,155471,"[-1, -1, 2, 2, 2, -1, -2, -2, -2, -1, -1, 2, 1, 2, 2, 2, -1, -2, -2]"
172,dfs_bnb_mpi,4.81063,-10,11,1102096,"[-1, -2, 1, 1, 1, -2, -2, -1, -2, -2, -1, -1, 2, 1, 2, -1, 2, 1, 1]"
173,dfs_bnb_mpi,0.055215,-9,10,13330,"[-1, -2, -1, 2, -1, -2, -2, -2, 1, 2, 1, -2, 1, 2, 2, 1, 2, 2, 2]"
174,dfs_bnb_mpi,3.18611,-10,11,808984,"[-1, -1, 2, -1, 2, -1, -1, -1, -2, 1, 1, -2, -1, -1, -2, 1, 1, 1, 2]"
175,dfs_bnb_mpi,4.11123,-10,11,977428,"[-1, -1, 2, 2, 1, -2, 1, 2, 2, 1, 2, -1, 2, -1, -1, -2, 1, -2, -1]"
176,dfs_bnb_mpi,0.395825,-8,9,106710,"[-1, -1, 2, 2, 2, 2, -1, -1, -2, 1, -2, -1, -1, -2, 1, 1, -2, -1, -1]"
177,dfs_bnb_mpi,0.150604,-10,11,34880,"[-1, -1, -1, -1, 2, 2, 2, 1, 1, -2, -1, -2, 1, 1, 2, 1, 2, -1, 2]"
178,dfs_bnb_mpi,0.378503,-10,11,98627,"[-1, -1, 2, 1, 1, 2, -1, 2, 1, 1, -2, -2, 1, 1, -2, -2, -1, 2, -1]"
179,dfs_bnb_mpi,3.23064,-9,10,778618,"[-1, -1, 2, 2, -1, 2, -1, -2, -1, -2, -1, -2, 1, 1, -2, 1, 2, 2, -1]"
180,dfs_bnb_mpi,0.258059,-11,11,68605,"[-1, -1, 2, -1, -2, -2, 1, 1, 1, 1, 2, 2, 2, 2, -1, -2, -1, -2, 1]"
181,dfs_bnb_mpi,0.346763,-10,11,87113,"[-1, -1, 2, 1, 2, 1, -2, 1, 2, 1, -2, -2, -1, -2, -2, -1, -1, 2, 1]"
182,dfs_bnb_mpi,0.407566,-11,12,105886,"[-1, -2, -1, 2, 2, 1, 2, 1, -2, 1, 2, 1, -2, -2, -1, -2, -2, -1, 2]"
183,dfs_bnb_mpi,7.19042,-9,10,1624246,"[-1, -1, 2, 1, 2, -1, 2, 1, 2, 2, -1, -2, -1, -2, -1, -2, 1, -2, -1]"
184,dfs_bnb_mpi,2.1858,-11,12,596573,"[-1, -2, 1, 1, 2, 1, -2, -2, -2, -2, -1, -1, -1, 2, 2, 1, 1, -2, -1]"
185,dfs_bnb_mpi,0.134182,-10,11,34789,"[-1, -1, 2, 1, 2, -1, 2, 1, 2, 1, -2, -2, -2, 1, 2, 2, 1, -2, 1]"
186,dfs_bnb_mpi,2.77602,-9,10,692048,"[-1, -1, 2, 2, 2, 2, 1, 1, -2, -1, -2, -2, 1, 2, 1, 2, 1, 2, -1]"
187,dfs_bnb_mpi,0.124001,-10,10,31262,"[-1, -1, 2, -1, -2, -1, 2, 2, 1, 2, 1, -2, 1, -2, 1, 2, 2, -1, 2]"
188,dfs_bnb_mpi,1.07109,-10,11,276437,"[-1, -1, 2, 2, 2, 1, 2, 1, -2, -2, -1, -2, 1, 1, 2, 2, 1, 2, -1]"
189,dfs_bnb_mpi,1.96817,-10,11,501269,"[-1, -1, 2, -1, 2, 1, 2, 1, 2, 1, 1, -2, -1, -2, 1, -2, -1, -1, 2]"
190,dfs_bnb_mpi,1.70227,-10,11,414278,"[-1, -1, 2, -1, -2, -1, -2, 1, 1, 1, 1, -2, -1, -1, -1, -1, -1, 2, 2]"
191,dfs_bnb_mpi,0.417817,-8,9,97180,"[-1, -1, 2, 2, 2, -1, -2, -1, -2, 1, -2, -1, -1, 2, 2, 2, 1, 2, 2]"
192,dfs_bnb_mpi,0.115514,-10,11,32101,"[-1, -1, 2, 2, 1, -2, 1, 2, 1, 1, -2, -1, -2, -2, -1, -2, -1, 2, -1]"
193,dfs_bnb_mpi,0.12925,-10,11,32336,"[-1, -1, 2, 1, 2, 1, -2, 1, 2, 1, -2, -2, -1, -2, -2, -1, 2, -1, -1]"
194,dfs_bnb_mpi,0.22111,-9,10,51956,"[-1, -1, 2, 2, 2, 2, 1, -2, 1, 1, -2, -1, -1, -2, 1, 1, 1, 2, 2]"
195,dfs_bnb_mpi,1.80976,-10,11,467676,"[-1, -1, 2, 2, -1, -1, -2, 1, -2, -1, -1, -2, -2, 1, 1, 1, 2, -1, -1]"
196,dfs_bnb_mpi,1.63465,-9,10,364108,"[-1, -1, 2, -1, -1, 2, -1, -2, -1, -2, 1, -2, 1, 2, 1, -2, 1, 1, 1]"
197,dfs_bnb_mpi,0.475858,-9,10,128719,"[-1, -1, -1, 2, 1, 2, 1, -2, 1, 2, 2, -1, -1, 2, -1, -2, -2, -1, 2]"
198,dfs_bnb_mpi,0.415833,-10,11,108486,"[-1, -1, -1, 2, 1, 2, 2, -1, -2, -1, 2, 2, 1, 1, 1, -2, -2, -2, 1]"
199,dfs_bnb_mpi,0.402836,-10,10,103338,"[-1, -2, 1, 1, 2, 2, 2, 1, -2, 1, -2, -1, -2, -2, -1, -1, -2, -1, 2]"
200,dfs_bnb_mpi,2.39184,-10,11,584654,"[-1, -2, 1, 1, 2, 1, -2, -2, 1, -2, -1, -2, -1, 2, -1, -1, 2, 1, 1]"
201,dfs_bnb_mpi,0.741576,-9,10,190971,"[-1, -2, -1, -2, 1, 1, 2, 1, 2, 1, -2, 1, -2, -1, -1, -2, -1, -1, -1]"
202,dfs_bnb_mpi,0.237898,-9,10,56117,"[-1, -1, 2, 1, 1, 1, 2, 1, 2, -1, -1, -2, -1, 2, -1, -2, -1, -2, -1]"
203,dfs_bnb_mpi,1.626,-10,11,383952,"[-1, -1, 2, 1, 2, 2, 1, 2, 1, -2, 1, -2, -1, -1, -2, 1, 1, -2, -1]"
204,dfs_bnb_mpi,1.27458,-11,12,302948,"[-1, -2, -1, 2, 2, 1, 2, 2, 2, 1, -2, 1, -2, -1, -2, 1, -2, -2, -1]"
205,dfs_bnb_mpi,1.71414,-10,11,387013,"[-1, -1, 2, 1, 2, 2, 2, 1, 1, 1, -2, -1, -1, -2, 1, 1, -2, -1, -1]"
206,dfs_bnb_mpi,0.297921,-10,10,70702,"[-1, -1, 2, 2, 1, -2, 1, 2, 1, 2, -1, -1, -1, 2, 1, 1, 2, 1, -2]"
207,dfs_bnb_mpi,1.37854,-8,9,338649,"[-1, -1, 2, -1, 2, 2, -1, -2, -2, -1, -2, 1, 1, -2, -2, 1, 2, 1, 1]"
208,dfs_bnb_mpi,0.214508,-8,9,53572,"[-1, -1, 2, 2, 2, 2, -1, -2, -1, -2, 1, -2, -1, -1, -2, 1, 1, -2, 1]"
209,dfs_bnb_mpi,0.148982,-10,11,37494,"[-1, -1, 2, 1, 2, 1, -2, 1, 2, 1, -2, -2, -1, -2, -1, -1, -2, 1, 1]"
210,dfs_bnb_mpi,1.01127,-11,12,262286,"[-1, -2, -1, 2, 2, 1, 2, 1, -2, 1, -2, -2, -2, -2, -1, -1, 2, 1, 2]"
211,dfs_bnb_mpi,1.27052,-9,10,330794,"[-1, -1, 2, 1, 2, 2, 2, -1, -2, -2, -1, 2, -1, -2, -2, 1, -2, -1, -1]"
212,dfs_bnb_mpi,1.66169,-10,11,435509,"[-1, -1, 2, -1, -2, -2, 1, 1, 1, -2, -2, -2, -1, 2, 2, -1, -1, -2, 1]"
213,dfs_bnb_mpi,0.280744,-9,10,67570,"[-1, -1, 2, 2, 2, 2, -1, -2, -1, -2, 1, -2, -2, -1, 2, -1, 2, 2, 2]"
214,dfs_bnb_mpi,1.05968,-9,10,269125,"[-1, -1, 2, 1, 1, 2, -1, 2, -1, -2, -1, -1, -2, 1, -2, -1, -2, 1, 1]"
215,dfs_bnb_mpi,0.696382,-9,10,189767,"[-1, -1, 2, 1, 2, 1, -2, 1, 1, -2, -1, -2, 1, -2, -1, -1, 2, -1, -1]"
216,dfs_bnb_mpi,0.556971,-9,10,134432,"[-1, -1, 2, 1, 2, -1, 2, 1, 2, 1, 1, -2, -1, -2, -2, 1, 2, 1, 2]"
217,dfs_bnb_mpi,2.24609,-10,11,558964,"[-1, -1, 2, 2, 2, 2, 1, 1, 2, 1, -2, -2, -2, -1, -2, -1, 2, 2, 1]"
218,dfs_bnb_mpi,1.52341,-9,10,385706,"[-1, -1, 2, 2, -1, 2, 1, 2, -1, -1, -2, -1, -2, 1, -2, 1, -2, -1, -1]"
219,dfs_bnb_mpi,4.08556,-10,11,1148136,"[-1, -2, -1, -1, -2, -2, 1, 2, 1, -2, 1, 2, 1, 1, 2, 2, -1, -2, -1]"
220,dfs_bnb_mpi,0.128643,-11,12,33300,"[-1, -1, 2, 1, 1, 1, -2, -2, -1, -1, -1, -2, 1, 1, -2, 1, 2, 1, 2]"
221,dfs_bnb_mpi,4.95287,-10,11,1259850,"[-1, -1, 2, -1, -1, -1, -2, 1, 1, -2, 1, -2, -2, -1, 2, -1, 2, -1, -2]"
222,dfs_bnb_mpi,0.711115,-10,11,172700,"[-1, -1, 2, 1, 2, -1, -1, 2, 1, 2, 1, -2, 1, 1, -2, -1, -2, 1, -2]"
223,dfs_bnb_mpi,0.141477,-9,10,35128,"[-1, -1, 2, 1, 1, 2, -1, 2, -1, -2, -1, -2, -1, 2, 2, 1, 2, 1, 2]"
224,dfs_bnb_mpi,0.77501,-9,9,212511,"[-1, -1, 2, 1, 2, 2, -1, -2, -1, -2, -2, -1, -1, -2, 1, 1, 1, 1, 1]"
225,dfs_bnb_mpi,4.29997,-10,11,1002120,"[-1, -1, 2, -1, -2, -1, -2, 1, 1, 1, 1, -2, -2, -1, 2, -1, -1, -2, 1]"
226,dfs_bnb_mpi,1.76157,-10,11,466035,"[-1, -2, 1, 1, 2, 1, -2, -2, -1, -1, -1, -1, -2, -1, -2, 1, 1, 2, 1]"
227,dfs_bnb_mpi,0.293539,-10,11,82274,"[-1, -1, 2, 1, 1, 1, 1, 2, -1, -1, 2, 1, 2, -1, -1, -2, -1, -2, 1]"
228,dfs_bnb_mpi,0.87902,-10,11,248247,"[-1, -1, 2, 1, 2, 1, -2, 1, 2, 1, -2, -2, -1, -2, -2, -1, 2, -1, -1]"
229,dfs_bnb_mpi,6.25153,-9,10,1546548,"[-1, -1, 2, 2, 2, -1, 2, -1, -1, -2, 1, -2, -1, -2, 1, -2, 1, 2, 2]"
230,dfs_bnb_mpi,0.28702,-10,11,80467,"[-1, -1, 2, 1, 2, 1, -2, 1, 2, 1, 2, 1, -2, -2, -1, -2, -1, -2, -1]"
231,dfs_bnb_mpi,0.387822,-10,11,99511,"[-1, -1, 2, 1, 1, 1, -2, -2, -1, -1, -1, -1, 2, -1, 2, 1, 2, 1, 1]"
232,dfs_bnb_mpi,1.60536,-10,11,366737,"[-1, -1, 2, 2, 2, 1, 2, 1, 2, 1, -2, -2, -1, -2, -1, -2, 1, 1, 2]"
233,dfs_bnb_mpi,9.32389,-9,10,2124129,"[-1, -2, 1, 1, 1, 2, 2, 1, 2, 2, -1, -2, -1, 2, -1, -2, -2, 1, -2]"
234,dfs_bnb_mpi,4.06958,-10,9,933631,"[-1, -1, 2, 2, 2, 2, 1, 2, 1, -2, 1, -2, -1, -1, -2, -2, 1, 2, 1]"
235,dfs_bnb_mpi,1.91445,-10,11,525601,"[-1, -1, 2, -1, 2, -1, -1, -2, 1, -2, -1, -2, 1, -2, 1, 1, 2, -1, 2]"
236,dfs_bnb_mpi,0.992227,-11,12,245023,"[-1, -2, -2, -2, 1, 2, 2, 1, 2, 2, 1, -2, -2, -2, -2, -2, -1, 2, 2]"
237,dfs_bnb_mpi,0.629294,-11,12,151567,"[-1, -2, 1, 1, 2, 2, 1, -2, 1, -2, -1, -2, -1, -1, -2, 1, 1, 1, 2]"
238,dfs_bnb_mpi,1.82685,-9,10,480662,"[-1, -1, 2, 2, -1, -1, -2, 1, -2, -1, -2, 1, 1, 1, 1, -2, -1, -1, -1]"
239,dfs_bnb_mpi,0.488041,-10,11,137457,"[-1, -1, 2, -1, -2, -2, 1, 1, -2, -1, -2, -2, 1, 2, 1, 2, 2, 1, 2]"
240,dfs_bnb_mpi,3.21828,-10,11,888566,"[-1, -2, 1, 1, 2, 1, -2, -2, -2, -2, -1, 2, -1, -2, -1, 2, 2, 1, 1]"
241,dfs_bnb_mpi,0.850835,-9,10,205486,"[-1, -1, -1, 2, 1, 1, 2, -1, 2, 1, 1, -2, -2, 1, 1, 2, -1, 2, 2]"
242,dfs_bnb_mpi,4.13823,-10,11,1091973,"[-1, -1, -1, -1, 2, 1, 2, -1, -1, 2, 1, 1, 2, 1, -2, -2, 1, -2, -1]"
243,dfs_bnb_mpi,0.554686,-10,10,147791,"[-1, -1, 2, 1, 1, 2, 2, -1, -2, -1, 2, 2, -1, -2, -1, -2, -2, 1, 2]"
244,dfs_bnb_mpi,4.11148,-10,11,968839,"[-1, -1, 2, 2, 2, 2, 1, 1, 1, 1, -2, -1, -2, -1, 2, -1, -2, -2, 1]"
245,dfs_bnb_mpi,1.95395,-10,10,557469,"[-1, -2, -2, -1, 2, 2, 2, 1, 1, 1, 2, 1, -2, -2, -1, -2, -2, -1, 2]"
246,dfs_bnb_mpi,4.57425,-10,11,1146402,"[-1, -1, 2, -1, -1, -2, -1, -2, 1, -2, 1, 1, 1, 1, 2, -1, -1, -1, 2]"
247,dfs_bnb_mpi,0.823981,-11,11,213703,"[-1, -2, 1, 1, 1, 2, -1, 2, -1, -1, -1, -2, -2, -2, 1, 1, 1, -2, -1]"
248,dfs_bnb_mpi,0.942813,-10,11,218167,"[-1, -2, -1, -2, -1, 2, 2, 1, 2, 1, 2, -1, -1, -2, -1, -2, -1, -2, 1]"
249,dfs_bnb_mpi,0.17098,-11,12,47426,"[-1, -2, -2, -1, 2, 2, 2, 1, 1, 1, -2, -2, -1, -2, -2, -1, -2, -1, 2]"
250,dfs_bnb_mpi,2.90505,-9,10,827437,"[-1, -1, 2, -1, -2, -2, 1, 1, 1, -2, -1, -1, -1, -1, -2, 1, 1, 1, 1]"
251,dfs_bnb_mpi,0.869539,-10,10,246228,"[-1, -1, 2, 1, 2, -1, -1, -2, -1, 2, 2, -1, -1, -2, 1, -2, -2, 1, 1]"
252,dfs_bnb_mpi,0.518404,-10,10,143873,"[-1, -1, 2, 1, 2, 2, -1, -2, -1, -2, -1, 2, 2, 1, 2, 1, 2, 1, -2]"
253,dfs_bnb_mpi,1.64759,-10,11,474336,"[-1, -1, 2, 1, 1, 2, 1, -2, -2, -2, -1, -2, -2, -1, -1, 2, 2, 1, -2]"
254,dfs_bnb_mpi,1.9712,-10,11,462016,"[-1, -1, 2, -1, -2, -1, 2, -1, -2, -2, -1, -2, 1, 1, 2, 1, 1, -2, -1]"
255,dfs_bnb_mpi,0.789242,-10,11,196880,"[-1, -2, -2, -2, 1, 2, 2, 1, 2, 1, -2, 1, -2, -1, -1, -2, 1, 1, 1]"
256,dfs_bnb_mpi,2.1846,-10,11,526730,"[-1, -2, -1, -2, 1, -2, -2, 1, 2, 1, 1, 2, -1, -1, 2, 1, 1, 2, -1]"
257,dfs_bnb_mpi,0.317372,-11,12,80595,"[-1, -1, 2, 1, 2, 1, -2, 1, -2, -2, -2, -1, 2, -1, -1, -2, -2, 1, 2]"
258,dfs_bnb_mpi,2.21634,-10,11,569394,"[-1, -1, 2, 1, 1, 1, -2, 1, 1, -2, -2, -1, -1, -1, -1, 2, 1, 1, 1]"
259,dfs_bnb_mpi,0.376064,-11,11,87661,"[-1, -1, 2, -1, 2, 1, 2, 1, 1, 1, -2, -1, -1, -2, 1, 1, 1, -2, -1]"
260,dfs_bnb_mpi,0.296373,-10,11,81283,"[-1, -2, 1, 1, 2, 1, -2, -2, -1, -1, -1, -1, -2, 1, 1, 1, 1, 1, 2]"
261,dfs_bnb_mpi,0.158052,-10,11,43704,"[-1, -2, -1, -2, 1, -2, 1, 2, 2, 1, 2, 2, -1, 2, -1, -2, -1, -2, -1]"
262,dfs_bnb_mpi,1.00594,-11,12,270205,"[-1, -2, 1, -2, 1, 2, 2, 2, -1, -1, 2, 1, 2, 1, -2, 1, -2, -2, -2]"
263,dfs_bnb_mpi,6.05836,-9,10,1425356,"[-1, -1, 2, 2, 1, -2, 1, 2, 2, -1, -1, -1, -1, -2, 1, -2, -1, -2, 1]"
264,dfs_bnb_mpi,0.977879,-10,11,264952,"[-1, -2, 1, 1, 2, 1, -2, 1, -2, -1, -1, -1, -2, 1, -2, 1, 2, 1, -2]"
265,dfs_bnb_mpi,0.209057,-9,10,56376,"[-1, -1, 2, 2, 1, -2, 1, 2, 2, 2, -1, -2, -1, -1, -2, -1, -2, 1, -2]"
266,dfs_bnb_mpi,1.09194,-10,11,285403,"[-1, -2, -1, 2, 2, 1, 2, -1, -1, -1, -1, -2, -2, 1, 2, 1, -2, -2, -1]"
267,dfs_bnb_mpi,0.23404,-9,10,61422,"[-1, -1, -1, 2, 2, 1, -2, 1, 1, 1, 2, -1, -1, 2, -1, -1, 2, 2, 2]"
268,dfs_bnb_mpi,7.85729,-9,10,1773387,"[-1, -1, 2, 2, -1, -1, 2, -1, -2, -2, 1, 1, -2, -1, -1, -2, 1, 1, 1]"
269,dfs_bnb_mpi,8.5347,-8,9,2261157,"[-1, -1, 2, 2, 2, 1, 2, 1, -2, -2, -1, -2, 1, 1, 2, 1, 2, -1, 2]"
270,dfs_bnb_mpi,0.302264,-9,10,72547,"[-1, -1, 2, -1, -2, -1, 2, -1, -2, -2, 1, 1, 1, -2, -1, -1, -1, -1, 2]"
271,dfs_bnb_mpi,1.74137,-9,9,395855,"[-1, -1, 2, -1, 2, 2, -1, 2, 1, 1, 1, -2, -1, -2, 1, -2, 1, 2, 2]"
272,dfs_bnb_mpi,1.0745,-10,11,291840,"[-1, -1, 2, 1, 1, 2, -1, -1, 2, 1, 2, 1, -2, 1, -2, -2, 1, -2, -1]"
273,dfs_bnb_mpi,0.582254,-10,11,134419,"[-1, -2, -2, 1, 2, 1, 2, 2, 2, -1, -2, -1, 2, -1, -2, -1, -2, 1, -2]"
274,dfs_bnb_mpi,0.226782,-9,10,53185,"[-1, -1, 2, 2, 2, 2, 2, 1, -2, -2, -2, -2, 1, 2, 1, 2, -1, 2, 2]"
275,dfs_bnb_mpi,1.04628,-10,10,268463,"[-1, -1, 2, 1, 1, 2, -1, 2, 1, 1, -2, -2, -2, -2, -1, -1, -1, -1, 2]"
276,dfs_bnb_mpi,0.232561,-9,10,55028,"[-1, -1, 2, 2, 1, -2, 1, 1, 1, 2, -1, -1, 2, 1, 2, -1, -1, -2, -1]"
277,dfs_bnb_mpi,1.6033,-10,11,380555,"[-1, -1, 2, 1, 2, -1, -1, 2, 1, 1, 1, 1, -2, -1, -2, 1, 1, -2, -1]"
278,dfs_bnb_mpi,2.21852,-10,11,557168,"[-1, -1, 2, 2, 1, -2, 1, 1, 1, 2, 2, -1, 2, -1, -1, -2, 1, -2, 1]"
279,dfs_bnb_mpi,1.8182,-10,11,433379,"[-1, -1, 2, 1, 2, 2, 1, -2, 1, 2, 2, 1, -2, -2, -2, -2, -1, 2, -1]"
280,dfs_bnb_mpi,5.3998,-9,9,1355829,"[-1, -1, 2, 2, 2, 2, 2, 1, 1, -2, -2, -2, 1, -2, -1, -1, 2, 2, 2]"
281,dfs_bnb_mpi,4.67666,-10,11,1040643,"[-1, -1, 2, -1, 2, 1, 2, 1, -2, -2, 1, 1, 2, -1, 2, 1, 2, -1, -1]"
282,dfs_bnb_mpi,0.429698,-10,11,116525,"[-1, -1, 2, 2, 2, 2, 1, -2, -2, -2, 1, 2, 2, 1, 2, -1, 2, -1, -1]"
283,dfs_bnb_mpi,0.215298,-11,11,50878,"[-1, -2, -1, 2, 2, 1, 1, 1, 1, -2, -1, -2, -1, -2, 1, 1, 1, 2, -1]"
284,dfs_bnb_mpi,1.60644,-10,11,359799,"[-1, -1, -1, 2, -1, 2, 1, 2, 2, 1, -2, -2, -2, 1, 2, 2, 1, -2, -2]"
285,dfs_bnb_mpi,0.464834,-11,12,111505,"[-1, -1, 2, 1, 1, 1, 1, -2, -1, -2, -1, -1, -1, -2, -2, 1, 1, 2, -1]"
286,dfs_bnb_mpi,1.16717,-10,11,312045,"[-1, -2, 1, 1, 2, 2, 1, -2, 1, 1, 2, -1, 2, -1, 2, -1, -2, -1, -2]"
287,dfs_bnb_mpi,1.65593,-9,10,419756,"[-1, -1, 2, 1, 2, 2, 2, -1, -2, -2, -1, 2, -1, -2, -1, -2, 1, 1, -2]"
288,dfs_bnb_mpi,0.059518,-10,11,14499,"[-1, -1, 2, 1, 1, 2, 2, -1, -2, -1, -1, -2, -1, 2, 2, 1, 1, 2, 2]"
289,dfs_bnb_mpi,0.177429,-10,11,40831,"[-1, -2, 1, 1, 2, 2, 1, 1, -2, -1, -2, 1, -2, -1, -1, -2, -1, 2, -1]"
290,dfs_bnb_mpi,0.80755,-9,10,235017,"[-1, -1, 2, 2, 1, -2, 1, 2, 2, 1, 1, 1, -2, -2, -1, 2, -1, -2, -2]"
291,dfs_bnb_mpi,0.150547,-11,11,39718,"[-1, -1, -1, 2, 1, 2, 1, -2, 1, 2, 1, -2, -2, -2, -1, -1, -2, -1, 2]"
292,dfs_bnb_mpi,0.542507,-11,12,140940,"[-1, -2, -2, -1, 2, 2, -1, 2, 1, 1, 1, 1, -2, -2, -1, -2, -2, 1, 2]"
293,dfs_bnb_mpi,0.438853,-10,10,122726,"[-1, -1, -1, 2, 1, 2, 1, -2, 1, 1, 2, -1, 2, 2, -1, -2, -1, -1, -2]"
294,dfs_bnb_mpi,0.351111,-10,9,90443,"[-1, -1, 2, 1, 2, 2, -1, -2, -1, -2, -2, -2, 1, -2, 1, 2, 1, 1, 2]"
295,dfs_bnb_mpi,0.159887,-11,12,40808,"[-1, -1, 2, 1, 2, -1, -1, -2, -2, -2, 1, 1, 1, 1, 1, 2, -1, 2, -1]"
296,dfs_bnb_mpi,1.91037,-9,9,497306,"[-1, -1, 2, 2, 1, 2, -1, 2, -1, -2, -2, -2, -2, -1, 2, 2, 2, -1, -2]"
297,dfs_bnb_mpi,6.99741,-9,10,1589998,"[-1, -1, -1, 2, 2, 1, 2, 1, 1, 2, 1, -2, -2, -2, -1, 2, -1, -2, -1]"
298,dfs_bnb_mpi,4.86373,-9,10,1343868,"[-1, -1, 2, 2, 2, 2, 2, 1, -2, 1, 1, -2, -2, -1, -2, -1, 2, 2, 1]"
299,dfs_bnb_mpi,0.839178,-10,11,211417,"[-1, -1, -1, 2, 1, 2, 1, -2, 1, 2, 1, -2, -2, -2, -2, -1, -1, 2, 1]"
300,dfs_bnb_mpi,0.445006,-10,11,116010,"[-1, -2, 1, 1, 2, 1, -2, -2, -1, -1, -1, -2, 1, 1, 1, 1, 2, 2, 2]"
301,dfs_bnb_mpi,0.270528,-10,11,72167,"[-1, -2, -2, 1, 2, 1, -2, 1, 2, 1, 2, -1, -1, 2, -1, 2, -1, -2, -1]"
302,dfs_bnb_mpi,1.93845,-10,11,459508,"[-1, -1, -1, 2, 1, 2, -1, -1, 2, -1, -2, -2, 1, -2, -1, -2, 1, 1, 1]"
303,dfs_bnb_mpi,0.081982,-11,12,22558,"[-1, -2, -1, -2, 1, 1, 2, 1, -2, 1, 2, 2, -1, 2, -1, -1, -1, -2, -1]"
304,dfs_bnb_mpi,0.141742,-8,9,41055,"[-1, -1, 2, 2, 1, -2, 1, 2, 2, -1, 2, 1, 1, -2, -2, -2, 1, 2, 2]"
305,dfs_bnb_mpi,0.599311,-10,11,153666,"[-1, -1, 2, 1, 2, 1, -2, 1, -2, -2, -2, -1, 2, -1, -2, -1, 2, -1, 2]"
306,dfs_bnb_mpi,2.7247,-10,11,745471,"[-1, -2, 1, 1, 2, 2, -1, 2, -1, -2, -1, 2, -1, -1, -2, 1, -2, 1, -2]"
307,dfs_bnb_mpi,0.631677,-9,10,148868,"[-1, -1, 2, -1, -2, -1, -2, -1, -2, 1, -2, 1, 2, 2, 1, 1, -2, -1, -2]"
308,dfs_bnb_mpi,0.181392,-10,11,45445,"[-1, -1, 2, -1, -2, -2, 1, -2, 1, 2, 1, 1, 2, 1, 2, -1, -1, -1, 2]"
309,dfs_bnb_mpi,0.929279,-10,11,255254,"[-1, -1, 2, 2, 1, -2, 1, 2, 2, 2, 1, -2, 1, -2, -1, -2, 1, -2, -1]"
310,dfs_bnb_mpi,0.471002,-10,11,112405,"[-1, -2, 1, 1, 2, 2, -1, 2, -1, -2, -1, -2, -2, -2, 1, 1, -2, -1, -1]"
311,dfs_bnb_mpi,0.202097,-10,11,50645,"[-1, -1, 2, 1, 1, 1, 2, -1, 2, -1, -2, -1, 2, 2, -1, -2, -2, -2, -1]"
312,dfs_bnb_mpi,2.59253,-9,10,631404,"[-1, -1, 2, 2, 2, -1, 2, 2, -1, -2, -2, -1, -2, 1, 1, -2, -1, -2, 1]"
313,dfs_bnb_mpi,1.02901,-10,11,289500,"[-1, -1, 2, 1, 1, 1, 2, -1, 2, 1, 2, -1, 2, -1, -2, -2, -1, -2, 1]"
314,dfs_bnb_mpi,2.9666,-9,10,718331,"[-1, -1, 2, 2, 2, 1, 2, -1, 2, 2, 1, -2, 1, -2, -2, -2, -2, -1, 2]"
315,dfs_bnb_mpi,1.90311,-11,12,535434,"[-1, -2, -2, -2, -1, 2, 2, 2, 2, 1, 1, 1, -2, 1, -2, -1, -1, -2, 1]"
316,dfs_bnb_mpi,2.08744,-10,11,493742,"[-1, -1, 2, -1, -2, -2, 1, 1, 1, 1, -2, -1, -1, -1, -1, -2, 1, 1, 1]"
317,dfs_bnb_mpi,0.681938,-10,11,155785,"[-1, -1, 2, -1, -2, -2, 1, 1, 1, -2, -1, -1, -1, -1, 2, 2, -1, 2, 1]"
318,dfs_bnb_mpi,0.761908,-10,11,199138,"[-1, -1, 2, 1, 2, -1, -1, -1, -2, 1, -2, -1, -2, 1, -2, 1, 1, 2, -1]"
319,dfs_bnb_mpi,0.757434,-11,11,207532,"[-1, -2, -1, 2, -1, 2, 2, 2, 1, -2, 1, 2, 1, -2, 1, -2, -1, -1, -1]"
320,dfs_bnb_mpi,0.166826,-8,9,45801,"[-1, -1, 2, 2, 2, 1, -2, -2, 1, 2, 2, 1, 1, -2, -1, -2, 1, 1, 2]"
321,dfs_bnb_mpi,0.286039,-10,10,75132,"[-1, -1, 2, 2, -1, 2, 2, 1, -2, 1, 2, 1, -2, -2, -1, -2, 1, 1, 2]"
322,dfs_bnb_mpi,0.162121,-10,11,42804,"[-1, -2, 1, 1, 2, 1, -2, -2, -1, -1, -1, -2, 1, -2, 1, 2, 1, -2, 1]"
323,dfs_bnb_mpi,0.977798,-10,11,252382,"[-1, -1, 2, 2, 2, -1, 2, 2, 1, -2, 1, -2, 1, -2, 1, -2, -1, -1, 2]"
324,dfs_bnb_mpi,2.82794,-9,10,643347,"[-1, -1, 2, 2, 1, 2, 2, 2, -1, -1, -1, -2, 1, 1, -2, -1, -1, -2, 1]"
325,dfs_bnb_mpi,3.5835,-10,11,814025,"[-1, -2, -1, -2, 1, -2, -2, 1, 2, 2, 2, 1, -2, -2, 1, 2, 2, 2, -1]"
326,dfs_bnb_mpi,3.23551,-9,10,779343,"[-1, -1, 2, 2, 2, 1, 2, 2, 1, -2, 1, -2, -1, -2, 1, -2, -1, -1, 2]"
327,dfs_bnb_mpi,0.146934,-10,11,38064,"[-1, -1, 2, 1, 1, 1, -2, -2, -2, -1, 2, -1, -1, -2, 1, -2, -2, 1, 2]"
328,dfs_bnb_mpi,4.8723,-9,10,1362002,"[-1, -1, 2, 2, 2, 1, 2, 1, -2, -2, 1, 1, -2, -2, -1, 2, -1, -1, 2]"
329,dfs_bnb_mpi,0.57158,-9,10,146608,"[-1, -1, 2, 2, -1, -2, -1, 2, 2, 1, 1, 1, -2, -2, 1, 2, 1, -2, 1]"
330,dfs_bnb_mpi,0.7331,-9,10,207234,"[-1, -1, 2, 1, 1, 1, -2, -2, -1, -2, 1, -2, -1, -1, 2, 2, -1, -2, -1]"
331,dfs_bnb_mpi,4.33074,-10,11,994620,"[-1, -1, 2, -1, -2, -2, -1, -2, 1, -2, 1, 1, 1, 2, 2, -1, -1, -2, 1]"
332,dfs_bnb_mpi,4.18525,-10,11,951503,"[-1, -1, 2, 2, 2, 1, 2, 1, 1, -2, 1, -2, -1, -2, -1, -1, 2, 1, 2]"
333,dfs_bnb_mpi,0.238459,-10,11,58981,"[-1, -1, 2, 1, 2, -1, -1, -2, -1, -2, 1, -2, 1, 1, 1, 1, 2, 2, -1]"
334,dfs_bnb_mpi,0.919114,-10,11,233328,"[-1, -1, 2, 1, 1, 1, -2, -2, 1, -2, -1, -1, -1, -1, -1, 2, 1, 1, 1]"
335,dfs_bnb_mpi,0.378521,-10,11,97536,"[-1, -1, 2, 1, 2, -1, 2, 1, 2, 1, -2, -2, 1, 2, 1, -2, -2, -1, -1]"
336,dfs_bnb_mpi,0.204273,-9,10,46740,"[-1, -1, 2, 2, 2, 1, -2, -2, 1, 2, 1, 1, -2, -1, -2, -2, 1, 2, 1]"
337,dfs_bnb_mpi,0.948977,-11,12,242393,"[-1, -2, -1, 2, 2, 1, 2, 1, -2, 1, -2, -2, -2, -2, -1, -1, 2, 1, 2]"
338,dfs_bnb_mpi,0.544583,-9,10,140480,"[-1, -2, 1, 1, 2, 2, 2, 1, 1, -2, -1, -2, 1, -2, -1, -2, -1, -1, -1]"
339,dfs_bnb_mpi,1.70675,-10,11,399231,"[-1, -1, 2, 1, 2, 1, -2, 1, -2, 1, -2, -2, -1, 2, -1, -1, -1, -1, 2]"
340,dfs_bnb_mpi,0.592073,-11,12,149667,"[-1, -1, 2, 1, 2, -1, 2, 1, 2, 1, -2, -2, 1, 1, -2, -2, -1, 2, -1]"
341,dfs_bnb_mpi,0.77035,-10,11,188560,"[-1, -1, 2, 2, 1, -2, 1, 2, 2, 1, -2, -2, 1, 2, 1, -2, -2, -1, -1]"
342,dfs_bnb_mpi,4.03233,-9,10,1163182,"[-1, -1, 2, 2, 2, 1, 2, 1, -2, 1, 2, 1, -2, -2, -1, -1, -1, -2, 1]"
343,dfs_bnb_mpi,0.45254,-10,11,115208,"[-1, -1, 2, -1, -2, -2, 1, 1, 1, -2, -1, -1, -1, -1, 2, -1, 2, 1, 2]"
344,dfs_bnb_mpi,0.863309,-11,12,198813,"[-1, -1, 2, -1, 2, 1, 2, 1, 2, 1, 1, -2, -1, -2, -1, -2, 1, 1, 2]"
345,dfs_bnb_mpi,1.46133,-10,11,368841,"[-1, -1, 2, 1, 2, 2, 2, 1, -2, -2, -2, 1, 1, 2, -1, 2, 2, 1, -2]"
346,dfs_bnb_mpi,0.103234,-9,10,27926,"[-1, -1, 2, 2, 1, -2, 1, 2, 2, 1, -2, -2, 1, 2, 1, 2, 2, -1, -2]"
347,dfs_bnb_mpi,1.70154,-10,11,455980,"[-1, -1, 2, 2, 2, -1, -2, -2, -2, -1, -1, -1, 2, 1, 2, 2, 1, -2, -2]"
348,dfs_bnb_mpi,0.93472,-8,9,210813,"[-1, -1, 2, 2, 2, 2, -1, -1, -1, -2, 1, 1, -2, -1, -2, 1, -2, -1, -1]"
349,dfs_bnb_mpi,0.285424,-10,10,71089,"[-1, -2, 1, 1, 1, -2, -2, -2, -1, 2, 2, -1, -1, -1, -2, 1, 1, -2, -1]"
350,dfs_bnb_mpi,0.371903,-9,10,83468,"[-1, -2, -2, -2, -2, 1, 2, 2, 2, 1, 2, 1, -2, -2, -1, -2, 1, 1, 2]"
351,dfs_bnb_mpi,1.74882,-10,11,437016,"[-1, -1, 2, -1, -1, 2, 1, 1, 1, -2, 1, 2, 2, -1, 2, -1, -1, -2, 1]"
352,dfs_bnb_mpi,0.808034,-9,10,191346,"[-1, -1, 2, 2, -1, -2, -1, 2, -1, -2, -2, 1, 1, -2, -2, -1, 2, -1, -1]"
353,dfs_bnb_mpi,1.86319,-11,12,458303,"[-1, -2, 1, 1, 2, 2, 1, -2, -2, -2, 1, -2, -1, -1, -1, -1, 2, 1, 1]"
354,dfs_bnb_mpi,0.948225,-11,12,236193,"[-1, -1, 2, 1, 2, -1, 2, 1, 2, 1, 2, 1, -2, -2, -2, -2, -1, 2, 2]"
355,dfs_bnb_mpi,4.87314,-10,11,1239571,"[-1, -2, -1, 2, -1, -1, 2, 1, 2, 2, 1, 1, 1, -2, -2, -1, 2, -1, -2]"
356,dfs_bnb_mpi,6.25868,-9,9,1406937,"[-1, -1, 2, 2, 2, 1, -2, -2, 1, 1, -2, -2, -1, -1, -1, -2, 1, 1, 1]"
357,dfs_bnb_mpi,7.0929,-10,11,1580370,"[-1, -2, -1, -1, -2, -1, -2, 1, -2, 1, 2, 2, 1, -2, -2, 1, 2, 2, 2]"
358,dfs_bnb_mpi,4.48274,-10,11,1104163,"[-1, -1, 2, -1, -1, -2, -2, -2, 1, -2, 1, 2, 1, 1, 2, -1, -1, -1, 2]"
359,dfs_bnb_mpi,0.823422,-10,11,193529,"[-1, -2, 1, 1, 2, 1, -2, 1, -2, -1, -2, -1, 2, -1, -1, -2, 1, -2, 1]"
360,dfs_bnb_mpi,0.567636,-10,11,133214,"[-1, -1, 2, 1, 2, -1, 2, 1, 2, 1, 1, -2, -1, -2, -2, 1, 1, 2, -1]"
361,dfs_bnb_mpi,0.384573,-10,11,88199,"[-1, -1, 2, -1, 2, 1, 2, 1, 2, 1, -2, -2, -1, -2, 1, 1, 2, 2, 2]"
362,dfs_bnb_mpi,2.67634,-9,10,646451,"[-1, -1, 2, 2, 2, 1, 2, 2, 1, 2, 1, -2, -2, -1, -2, -2, -2, -1, 2]"
363,dfs_bnb_mpi,0.785901,-11,12,199114,"[-1, -1, 2, 1, 2, 1, -2, 1, 2, 1, -2, -2, -2, -2, -1, -1, 2, 1, 2]"
364,dfs_bnb_mpi,0.414404,-10,11,95580,"[-1, -1, -1, 2, 1, 1, 2, 1, -2, 1, -2, -2, -1, -1, -2, -1, 2, -1, -1]"
365,dfs_bnb_mpi,0.961637,-10,11,234933,"[-1, -1, 2, 2, 1, -2, 1, 1, -2, -2, -1, -1, -1, -2, 1, 1, -2, 1, 2]"
366,dfs_bnb_mpi,0.314917,-10,11,85406,"[-1, -1, 2, -1, -2, -1, -2, 1, 1, 1, 1, 1, 2, 2, 2, -1, -1, -2, 1]"
367,dfs_bnb_mpi,3.29095,-9,10,885019,"[-1, -1, 2, 2, 2, 1, 1, -2, -1, -2, 1, 1, 2, 2, 2, 2, -1, -2, -1]"
368,dfs_bnb_mpi,0.99284,-9,9,239130,"[-1, -1, 2, 2, 2, 1, 2, 1, -2, -2, -1, -2, 1, 1, 2, 1, 2, -1, 2]"
369,dfs_bnb_mpi,0.059881,-10,10,15962,"[-1, -2, 1, 1, -2, -1, -1, -2, 1, 1, 1, 2, 1, 2, -1, 2, -1, 2, 2]"
370,dfs_bnb_mpi,0.454652,-11,12,111482,"[-1, -1, -1, 2, 1, 2, 1, -2, 1, 1, -2, -2, -1, -1, -2, -1, -1, 2, 1]"
371,dfs_bnb_mpi,2.82696,-8,9,647341,"[-1, -1, 2, -1, -2, -2, -1, -2, 1, 1, 2, 1, 1, -2, -1, -2, -1, -1, -1]"
372,dfs_bnb_mpi,0.31667,-11,12,87661,"[-1, -1, 2, 1, 1, 2, -1, -1, 2, 1, 2, 1, -2, 1, -2, -2, 1, -2, -1]"
373,dfs_bnb_mpi,0.632622,-10,11,151036,"[-1, -1, 2, 2, 2, 2, -1, 2, 1, 1, -2, -2, -2, -2, 1, 1, 2, -1, 2]"
374,dfs_bnb_mpi,0.32075,-10,11,82949,"[-1, -2, -1, 2, -1, 2, 2, 2, 1, -2, -2, 1, 1, 1, 2, -1, -1, 2, 2]"
375,dfs_bnb_mpi,1.4761,-9,10,351776,"[-1, -1, 2, 2, 1, -2, 1, 1, -2, 1, -2, -2, -1, 2, -1, -1, -2, 1, -2]"
376,dfs_bnb_mpi,0.240817,-10,11,56817,"[-1, -2, -1, -2, 1, -2, 1, 1, 2, -1, 2, 1, 2, 1, 1, -2, -1, -2, 1]"
377,dfs_bnb_mpi,3.12628,-9,10,765265,"[-1, -1, 2, 2, -1, 2, -1, -2, -2, 1, -2, -1, -1, 2, 2, 2, 2, 1, 1]"
378,dfs_bnb_mpi,1.29605,-9,10,336335,"[-1, -1, 2, -1, 2, 1, 2, 1, 2, 1, -2, 1, -2, -1, -1, -2, 1, 1, 1]"
379,dfs_bnb_mpi,0.349515,-11,12,89391,"[-1, -2, 1, -2, 1, 2, 1, 2, -1, 2, -1, -1, 2, 1, 2, 1, -2, 1, -2]"
380,dfs_bnb_mpi,3.5273,-11,11,930305,"[-1, -2, -1, -2, 1, -2, 1, 1, 1, 2, 2, 2, 2, -1, -2, -2, -1, -2, 1]"
381,dfs_bnb_mpi,0.633262,-10,11,166988,"[-1, -1, -1, -1, 2, 2, 1, -2, 1, 1, 1, 2, -1, -1, 2, -1, 2, -1, -2]"
382,dfs_bnb_mpi,0.154357,-10,10,36615,"[-1, -1, 2, -1, 2, 1, 2, 1, 1, -2, -1, -2, 1, 1, 2, 2, 2, -1, 2]"
383,dfs_bnb_mpi,0.284695,-10,11,74619,"[-1, -1, 2, -1, -2, -2, 1, -2, 1, 2, 1, -2, -2, -1, -2, -1, 2, -1, 2]"
384,dfs_bnb_mpi,3.89809,-10,11,926438,"[-1, -1, 2, -1, 2, -1, 2, 1, 2, 1, 1, -2, 1, -2, -2, -1, 2, -1, 2]"
385,dfs_bnb_mpi,0.262111,-10,10,67084,"[-1, -2, 1, 1, -2, -1, -1, -2, -1, 2, 2, 2, 2, 1, 1, 1, -2, 1, 2]"
386,dfs_bnb_mpi,1.04509,-10,11,270314,"[-1, -2, -1, 2, -1, -1, 2, 1, 2, -1, 2, 1, 1, 1, -2, -1, -2, 1, 1]"
387,dfs_bnb_mpi,2.62834,-10,11,663068,"[-1, -2, -2, -2, 1, 2, 2, 1, 2, 2, 2, 1, -2, -2, -2, -2, -2, -1, 2]"
388,dfs_bnb_mpi,1.09205,-10,11,296892,"[-1, -1, 2, 1, 2, 2, 1, 1, -2, -1, -2, 1, -2, -2, -1, -1, -2, -1, 2]"
389,dfs_bnb_mpi,0.383476,-10,11,106283,"[-1, -1, 2, 2, 1, -2, 1, 1, 2, -1, 2, 2, 1, -2, 1, -2, -2, -2, -1]"
390,dfs_bnb_mpi,2.33618,-9,10,573105,"[-1, -1, 2, 2, 2, 2, 2, -1, -2, -2, -1, -1, -2, 1, 1, -2, -1, -2, 1]"
391,dfs_bnb_mpi,1.00578,-9,10,283340,"[-1, -1, 2, -1, -1, -2, 1, -2, 1, 1, -2, -1, -1, -1, 2, -1, 2, 2, 2]"
392,dfs_bnb_mpi,0.60989,-10,11,160882,"[-1, -2, -2, -2, 1, 2, 2, 1, 1, 2, -1, 2, -1, -1, -1, -2, -2, -2, -1]"
393,dfs_bnb_mpi,5.70698,-9,10,1415106,"[-1, -1, 2, 2, 2, 1, 2, 1, 1, -2, 1, -2, -1, -2, -1, -1, 2, 1, 2]"
394,dfs_bnb_mpi,0.625052,-10,10,166372,"[-1, -1, 2, 2, 2, 1, 1, 2, -1, 2, 1, 1, -2, -2, -2, -1, -2, -1, 2]"
395,dfs_bnb_mpi,0.834665,-10,11,239067,"[-1, -1, 2, 1, 1, 1, 1, -2, -1, -2, 1, -2, -1, -1, -1, -1, 2, 1, 1]"
396,dfs_bnb_mpi,0.724868,-9,10,185946,"[-1, -2, 1, 1, 1, 2, -1, 2, 1, 2, 2, -1, -2, -1, -2, -1, 2, 2, 2]"
397,dfs_bnb_mpi,2.21464,-9,10,501634,"[-1, -2, -1, 2, 2, 2, -1, 2, 1, 2, 1, 1, -2, -1, -2, -2, 1, 2, 1]"
398,dfs_bnb_mpi,3.35067,-10,11,862641,"[-1, -2, 1, 1, 2, 1, -2, 1, -2, -1, -2, -1, -1, -1, -1, 2, 1, 1, 1]"
399,dfs_bnb_mpi,3.33704,-10,11,863981,"[-1, -1, 2, -1, 2, -1, -2, -2, -1, -2, 1, -2, 1, 1, 1, 2, -1, -1, 2]"
400,dfs_bnb_mpi,0.91848,-9,10,235343,"[-1, -1, 2, 2, -1, 2, 1, 2, 1, -2, -2, -2, 1, 1, 2, -1, 2, 1, 2]"
401,dfs_bnb_mpi,3.99202,-10,11,928206,"[-1, -1, 2, 1, 2, 2, 1, 1, 2, 1, -2, -2, -1, -1, -2, 1, 1, -2, -1]"
402,dfs_bnb_mpi,0.102883,-9,10,25716,"[-1, -1, 2, 2, 2, 1, -2, -2, 1, 2, 1, -2, 1, 2, 2, -1, -1, 2, 2]"
403,dfs_bnb_mpi,2.85353,-10,11,759241,"[-1, -1, 2, -1, -2, -2, -2, -2, 1, 1, -2, 1, 2, 2, 2, -1, -1, -2, 1]"
404,dfs_bnb_mpi,0.675921,-9,9,163391,"[-1, -2, 1, 1, 2, 1, -2, 1, -2, -1, -2, -1, 2, -1, -1, -2, 1, -2, 1]"
405,dfs_bnb_mpi,10.536,-8,9,2443973,"[-1, -1, 2, 2, 2, 2, -1, -1, 2, -1, -2, -2, 1, 1, -2, -1, -2, 1, -2]"
406,dfs_bnb_mpi,0.307346,-10,11,79108,"[-1, -2, -1, -1, 2, 1, 2, 2, 1, -2, 1, 2, 1, -2, -2, -2, -1, -2, 1]"
407,dfs_bnb_mpi,1.81792,-10,11,505546,"[-1, -1, 2, 2, -1, -1, -2, 1, -2, -1, -2, 1, -2, -2, 1, 2, 2, 1, -2]"
408,dfs_bnb_mpi,0.189509,-10,11,44512,"[-1, -2, 1, -2, 1, 1, 1, 2, 2, -1, -2, -1, 2, 2, 1, 2, 1, -2, 1]"
409,dfs_bnb_mpi,0.4045,-10,11,106174,"[-1, -2, 1, 1, 2, 1, 1, -2, -1, -2, -1, -2, -1, 2, -1, -1, -2, 1, -2]"
410,dfs_bnb_mpi,0.988166,-11,12,261993,"[-1, -2, -2, -1, -1, 2, 1, 2, 2, 1, 2, 1, -2, 1, -2, -2, -2, -1, 2]"
411,dfs_bnb_mpi,2.6273,-10,11,649988,"[-1, -2, 1, 1, 2, 2, 2, 1, 2, 1, -2, 1, -2, -1, -2, -2, -1, 2, 2]"
412,dfs_bnb_mpi,2.18352,-9,9,505068,"[-1, -1, 2, 2, 2, 2, -1, -1, -1, -2, -2, 1, 2, 1, -2, -2, -1, -2, 1]"
413,dfs_bnb_mpi,0.227558,-9,10,54588,"[-1, -1, 2, 2, 2, 2, 1, -2, 1, -2, -1, -2, 1, 1, 2, 1, 2, -1, 2]"
414,dfs_bnb_mpi,0.31046,-11,12,87930,"[-1, -1, 2, 2, 1, -2, 1, 2, 2, -1, 2, -1, -2, -1, -1, -2, -2, 1, 2]"
415,dfs_bnb_mpi,0.542767,-9,10,126380,"[-1, -1, 2, 2, 1, -2, 1, 2, 1, -2, -2, -2, -1, -1, -1, -2, 1, 1, 1]"
416,dfs_bnb_mpi,6.4175,-10,11,1487327,"[-1, -2, -2, -1, -2, 1, 1, 1, 1, 2, 2, 2, 2, -1, -2, -2, -1, -2, 1]"
417,dfs_bnb_mpi,1.11447,-9,10,262727,"[-1, -1, 2, 2, 2, 1, -2, -2, 1, 1, 2, -1, 2, 1, 2, 2, -1, -2, -1]"
418,dfs_bnb_mpi,0.539032,-9,10,122751,"[-1, -1, 2, 2, 2, 1, -2, -2, 1, 1, -2, -2, -1, -1, -1, -1, 2, 2, 2]"
419,dfs_bnb_mpi,1.03231,-11,12,272109,"[-1, -2, 1, 1, 1, 2, 1, -2, 1, 2, 2, -1, -1, 2, -1, -1, -2, 1, -2]"
420,dfs_bnb_mpi,1.39084,-10,11,358474,"[-1, -1, 2, 2, -1, -2, -1, 2, 2, 1, 1, 1, 1, -2, -1, -2, 1, 1, 2]"
421,dfs_bnb_mpi,0.687575,-9,9,181088,"[-1, -1, 2, 1, 2, 2, -1, -2, -1, -2, -1, -2, 1, -2, -2, 1, 2, 1, 1]"
422,dfs_bnb_mpi,2.52409,-9,9,673024,"[-1, -1, 2, 2, 1, 2, -1, 2, -1, -2, -1, -2, -1, -2, 1, -2, 1, 2, 2]"
423,dfs_bnb_mpi,0.269338,-9,10,74317,"[-1, -1, 2, 2, -1, -2, -2, -1, 2, 2, 2, 1, 1, 2, 1, -2, -2, -2, 1]"
424,dfs_bnb_mpi,3.73006,-10,11,1027310,"[-1, -2, 1, 1, 2, 2, -1, 2, 1, 2, 1, -2, 1, 1, -2, -1, -1, -2, 1]"
425,dfs_bnb_mpi,0.644814,-9,10,157942,"[-1, -1, 2, -1, 2, 1, 1, -2, 1, 2, 1, -2, -2, 1, -2, -1, -1, -1, -1]"
426,dfs_bnb_mpi,0.034482,-10,10,9837,"[-1, -1, 2, -1, 2, 1, 1, -2, 1, 1, 2, -1, 2, -1, 2, -1, -2, -1, 2]"
427,dfs_bnb_mpi,0.175517,-10,11,48489,"[-1, -2, 1, 1, 1, 2, -1, 2, 1, 1, 2, -1, -1, -1, -2, -1, -1, -2, -1]"
428,dfs_bnb_mpi,0.227846,-9,10,53044,"[-1, -1, 2, -1, -2, -2, 1, -2, 1, 2, 1, 1, 2, 2, -1, -1, 2, 2, 2]"
429,dfs_bnb_mpi,1.34619,-10,11,351254,"[-1, -1, -1, 2, 2, 1, -2, 1, 2, 2, 2, 1, 1, -2, -1, -2, 1, -2, -1]"
430,dfs_bnb_mpi,0.656949,-10,11,164110,"[-1, -2, 1, 1, 2, 2, 1, -2, 1, -2, -1, -2, -1, -2, -1, 2, -1, -2, -1]"
431,dfs_bnb_mpi,0.201441,-10,11,52279,"[-1, -2, 1, 1, -2, -1, -1, -2, 1, 1, -2, -1, -1, -1, -1, 2, 1, 2, 2]"
432,dfs_bnb_mpi,0.179673,-11,12,50858,"[-1, -1, 2, 2, 1, -2, 1, 2, 1, -2, -2, -2, -1, -2, -1, 2, -1, -1, 2]"
433,dfs_bnb_mpi,5.95054,-9,9,1476618,"[-1, -1, 2, 2, 2, 1, 2, 2, 1, 1, -2, -2, -2, -2, -1, -1, 2, 1, 2]"
434,dfs_bnb_mpi,0.286078,-9,9,73677,"[-1, -1, 2, 1, 2, -1, 2, -1, -1, -2, 1, -2, -1, -2, 1, -2, 1, 1, 1]"
435,dfs_bnb_mpi,1.3685,-9,10,359648,"[-1, -1, 2, 2, 2, 1, 1, -2, -1, -2, 1, 1, 2, 2, 2, -1, 2, -1, -2]"
436,dfs_bnb_mpi,2.50036,-11,12,618432,"[-1, -1, 2, 1, 1, 2, -1, 2, 1, 2, 1, -2, 1, -2, -1, -2, 1, -2, -1]"
437,dfs_bnb_mpi,4.74265,-10,11,1210050,"[-1, -1, 2, -1, -1, -1, -2, -2, -2, 1, -2, 1, 2, 1, 2, -1, 2, -1, -2]"
438,dfs_bnb_mpi,1.65492,-10,11,386170,"[-1, -1, -1, 2, 1, 1, 1, 1, -2, -2, -2, -1, 2, -1, -1, -1, -2, 1, 1]"
439,dfs_bnb_mpi,0.696202,-9,10,173019,"[-1, -1, 2, 1, 1, 2, 2, 1, -2, 1, -2, -1, -2, 1, -2, -1, -1, -1, -1]"
440,dfs_bnb_mpi,0.263815,-9,10,69382,"[-1, -1, 2, 2, 2, 1, 1, -2, -1, -2, 1, 1, 2, 1, -2, 1, -2, -1, -1]"
441,dfs_bnb_mpi,0.189176,-10,11,50626,"[-1, -2, -1, 2, 2, -1, -2, -2, -1, 2, -1, 2, 1, 2, 1, 1, 1, -2, 1]"
442,dfs_bnb_mpi,6.85986,-9,10,1588102,"[-1, -1, 2, -1, 2, 2, -1, -2, -1, -1, -2, -1, -2, 1, 1, 2, 1, -2, 1]"
443,dfs_bnb_mpi,1.92475,-10,11,454023,"[-1, -2, 1, 1, 2, 1, 2, 1, 2, -1, 2, -1, -2, -2, -1, 2, -1, -2, -1]"
444,dfs_bnb_mpi,5.14971,-9,10,1453779,"[-1, -1, 2, 2, 1, -2, 1, 2, 2, 1, 2, -1, 2, -1, -1, -2, 1, -2, -1]"
445,dfs_bnb_mpi,1.65131,-10,11,376083,"[-1, -1, 2, -1, 2, -1, 2, 1, 2, 1, 1, -2, -1, -2, 1, -2, 1, 2, 2]"
446,dfs_bnb_mpi,0.426672,-10,10,106688,"[-1, -2, 1, 1, 2, 2, 1, 1, 1, -2, -1, -1, -2, -2, -1, -1, -2, -1, 2]"
447,dfs_bnb_mpi,0.545045,-10,9,160282,"[-1, -2, 1, 1, 1, 2, -1, 2, -1, -1, 2, 2, 2, 1, -2, -2, 1, 1, -2]"
448,dfs_bnb_mpi,0.729761,-11,11,194645,"[-1, -1, 2, 1, 1, 2, -1, 2, 1, 1, 1, 1, -2, -1, -1, -2, 1, -2, -1]"
449,dfs_bnb_mpi,2.3349,-9,10,575403,"[-1, -1, 2, 1, 2, 2, 1, -2, -2, 1, 2, 2, 1, -2, -2, 1, -2, -1, -1]"
450,dfs_bnb_mpi,1.56624,-10,11,352111,"[-1, -1, 2, 2, 2, -1, -1, 2, -1, -2, -2, 1, 1, -2, -1, -1, -2, 1, 1]"
451,dfs_bnb_mpi,1.4703,-10,10,349398,"[-1, -1, 2, 2, 2, 1, 2, 1, -2, 1, 1, -2, -1, -1, -1, -2, 1, 1, -2]"
452,dfs_bnb_mpi,1.62688,-9,10,401945,"[-1, -1, 2, 2, 2, 2, 2, 1, -2, 1, -2, -1, -2, 1, 1, 2, 2, 2, -1]"
453,dfs_bnb_mpi,0.236879,-10,11,56532,"[-1, -2, -1, -2, -1, -2, 1, 1, 2, 1, 2, 1, -2, -2, -1, -2, -1, -1, -1]"
454,dfs_bnb_mpi,3.10459,-9,10,753029,"[-1, -1, 2, 2, 2, -1, 2, -1, 2, -1, -2, -2, 1, -2, -2, -2, 1, 2, 2]"
455,dfs_bnb_mpi,0.912528,-10,11,208065,"[-1, -2, 1, 1, 2, 1, 2, 2, 2, 2, -1, -2, -2, -2, -1, 2, -1, 2, 1]"
456,dfs_bnb_mpi,0.151326,-11,11,40791,"[-1, -1, 2, 1, 1, 2, -1, 2, -1, -2, -1, -2, -2, -2, 1, 1, -2, 1, 2]"
457,dfs_bnb_mpi,3.7467,-10,11,1017368,"[-1, -1, -1, 2, 2, 1, 2, 1, 2, 1, -2, 1, -2, -2, -1, 2, -1, -2, -1]"
458,dfs_bnb_mpi,3.85621,-10,10,1025898,"[-1, -1, 2, -1, 2, 2, 2, 1, 1, -2, 1, -2, 1, -2, -1, -1, 2, -1, 2]"
459,dfs_bnb_mpi,1.25942,-10,11,299976,"[-1, -2, 1, 1, 2, 2, 2, 1, 1, 1, -2, -2, -1, 2, -1, -2, -2, 1, 1]"
460,dfs_bnb_mpi,1.32279,-9,10,342312,"[-1, -1, 2, 1, 2, -1, -1, -2, -2, -2, 1, 1, -2, -1, -1, -1, 2, 2, 2]"
461,dfs_bnb_mpi,0.907848,-11,12,238752,"[-1, -2, 1, 1, 2, 1, -2, -2, -1, -1, -1, -1, -2, 1, -2, 1, 1, 2, -1]"
462,dfs_bnb_mpi,0.53824,-9,10,138267,"[-1, -2, 1, 1, 2, 2, 2, 1, -2, 1, 1, -2, -2, -1, 2, -1, -2, -2, 1]"
463,dfs_bnb_mpi,3.58316,-9,10,876065,"[-1, -2, 1, 1, 2, 1, -2, 1, 1, -2, -1, -2, -1, 2, -1, -1, -2, -1, 2]"
464,dfs_bnb_mpi,2.08754,-10,11,590351,"[-1, -2, -1, -1, -1, 2, 1, 1, 2, 1, 1, 1, -2, -2, -1, -2, -1, -1, -1]"
465,dfs_bnb_mpi,0.999112,-9,10,226671,"[-1, -1, 2, 2, 2, 2, -1, -2, -1, -1, -2, 1, 1, -2, -1, -1, -2, 1, 1]"
466,dfs_bnb_mpi,0.70514,-10,11,165485,"[-1, -2, -1, -2, 1, 1, 2, 1, -2, 1, -2, -1, -1, -1, -2, 1, 1, 1, 1]"
467,dfs_bnb_mpi,1.39579,-10,11,315895,"[-1, -1, 2, -1, 2, 1, 2, 1, 2, 1, 1, -2, -1, -2, -1, -2, 1, 1, 2]"
468,dfs_bnb_mpi,1.51501,-11,12,338389,"[-1, -2, -1, -2, 1, -2, 1, -2, 1, 2, 1, 2, -1, -1, 2, 1, 2, 1, -2]"
469,dfs_bnb_mpi,0.915933,-11,12,229216,"[-1, -2, -2, -2, 1, 2, 2, 1, -2, -2, -2, 1, 2, 2, 2, 2, -1, 2, -1]"
470,dfs_bnb_mpi,2.25419,-9,10,643872,"[-1, -1, 2, 2, 2, 1, -2, -2, 1, 2, 2, 1, -2, 1, 1, -2, -1, -1, -2]"
471,dfs_bnb_mpi,0.644322,-10,11,146596,"[-1, -1, 2, 2, 2, 1, 2, 2, 1, -2, -2, -2, -1, -2, 1, 1, 2, 2, 2]"
472,dfs_bnb_mpi,0.989278,-11,12,241621,"[-1, -1, -1, 2, 1, 1, 1, 1, -2, 1, -2, -2, -1, 2, -1, -2, -1, 2, -1]"
473,dfs_bnb_mpi,0.226684,-9,10,52661,"[-1, -1, 2, 2, -1, 2, -1, -1, -2, 1, -2, 1, -2, -1, -2, -1, 2, 2, -1]"
474,dfs_bnb_mpi,1.99199,-8,9,480523,"[-1, -1, 2, 2, -1, -2, -1, 2, 2, -1, -2, -1, -2, 1, -2, 1, 1, -2, 1]"
475,dfs_bnb_mpi,2.4734,-10,11,611607,"[-1, -1, -1, 2, -1, 2, 2, 1, 2, 1, -2, 1, -2, 1, -2, -1, -1, 2, -1]"
476,dfs_bnb_mpi,0.312345,-10,11,73453,"[-1, -1, 2, -1, -1, -1, -2, 1, 1, -2, -1, -1, -2, 1, -2, 1, 2, 1, 2]"
477,dfs_bnb_mpi,0.284598,-11,12,71429,"[-1, -2, 1, 1, 1, 1, 2, 2, -1, -2, -1, 2, -1, 2, 1, 2, 1, -2, 1]"
478,dfs_bnb_mpi,0.69757,-9,8,210330,"[-1, -1, 2, 2, 2, 1, -2, -2, 1, 2, 2, 2, 1, -2, -2, 1, -2, -1, -2]"
479,dfs_bnb_mpi,1.9265,-10,11,478027,"[-1, -2, 1, 1, 2, 1, 2, 2, -1, -2, -1, 2, 2, -1, -1, -2, -2, 1, 2]"
480,dfs_bnb_mpi,0.234452,-9,10,60010,"[-1, -1, 2, 2, 2, 1, -2, -2, 1, 2, 1, -2, -2, 1, -2, -1, -1, -1, -1]"
481,dfs_bnb_mpi,0.24939,-10,11,74112,"[-1, -1, 2, 2, 1, -2, 1, 2, 2, -1, -1, -1, -2, -1, -1, -2, 1, 1, -2]"
482,dfs_bnb_mpi,2.31606,-10,11,575561,"[-1, -2, -1, 2, 2, 1, 2, -1, 2, -1, -1, -1, -2, 1, 1, -2, -1, -2, 1]"
483,dfs_bnb_mpi,0.076981,-10,10,19802,"[-1, -1, 2, 2, 1, -2, 1, 2, 1, -2, -2, -2, -2, -1, 2, -1, -1, -1, 2]"
484,dfs_bnb_mpi,1.33146,-11,12,318911,"[-1, -2, -1, 2, -1, -2, -1, -2, 1, -2, -2, 1, 2, 2, 1, -2, 1, 2, 2]"
485,dfs_bnb_mpi,0.101187,-9,10,23438,"[-1, -1, 2, -1, -1, -1, -2, -2, 1, 2, 1, -2, 1, -2, -1, -2, -1, 2, -1]"
486,dfs_bnb_mpi,0.161551,-10,11,46020,"[-1, -1, 2, 2, 1, -2, 1, 2, 1, 2, 1, -2, -2, -1, -2, -2, -1, -1, -1]"
487,dfs_bnb_mpi,0.905398,-11,12,247467,"[-1, -2, 1, 1, 1, -2, -1, -1, -2, 1, 1, 1, 2, 2, 1, 2, -1, -1, -1]"
488,dfs_bnb_mpi,6.22893,-10,11,1484222,"[-1, -2, -1, 2, -1, 2, -1, 2, 2, 2, 1, -2, 1, 1, -2, -2, -1, 2, -1]"
489,dfs_bnb_mpi,1.43185,-10,11,389665,"[-1, -1, 2, -1, 2, -1, -2, -2, 1, -2, -1, -2, 1, 1, -2, 1, 2, 2, -1]"
490,dfs_bnb_mpi,1.09076,-10,10,273390,"[-1, -1, 2, 1, 1, 2, -1, -1, -1, 2, 1, 1, 1, 1, -2, -2, 1, -2, -1]"
491,dfs_bnb_mpi,0.138431,-10,11,31447,"[-1, -1, 2, 1, 1, 2, -1, 2, 1, 1, 1, -2, -1, -2, 1, -2, -1, -2, 1]"
492,dfs_bnb_mpi,0.400856,-11,12,92368,"[-1, -1, 2, 2, -1, 2, 1, 2, 1, -2, -2, -2, 1, 2, 1, 2, 2, -1, -2]"
493,dfs_bnb_mpi,1.95324,-9,10,495755,"[-1, -2, 1, 1, 2, 2, 2, 2, -1, 2, -1, -2, -1, -2, 1, 1, -2, -1, -1]"
494,dfs_bnb_mpi,2.17516,-10,11,506745,"[-1, -2, 1, 1, 1, -2, -1, -1, -1, -1, -1, 2, 1, 2, -1, 2, 1, 1, 1]"
495,dfs_bnb_mpi,2.1243,-11,12,526562,"[-1, -2, -1, 2, -1, 2, 1, 2, -1, -1, 2, 1, 1, 1, 1, -2, -1, -2, 1]"
496,dfs_bnb_mpi,5.88459,-10,11,1360129,"[-1, -2, -1, -1, 2, 1, 2, 1, 1, 2, -1, 2, -1, -2, -1, -2, -1, -2, -2]"
497,dfs_bnb_mpi,0.675982,-10,11,186227,"[-1, -2, -2, -1, 2, -1, 2, 1, 2, 1, 1, 1, 1, -2, -1, -2, -1, -2, 1]"
498,dfs_bnb_mpi,0.108337,-10,10,28906,"[-1, -1, 2, 2, 1, -2, 1, 1, -2, -2, -1, -1, -1, -1, 2, 2, -1, 2, 1]"
499,dfs_bnb_mpi,0.141831,-10,11,34004,"[-1, -1, 2, -1, -2, -2, 1, -2, 1, 2, 1, 1, 2, 2, 2, -1, -2, -1, 2]"
500,dfs_bnb_mpi,4.64144,-9,10,1316681,"[-1, -1, 2, 2, 1, -2, 1, 1, 1, 2, 2, -1, 2, -1, -1, -2, 1, -2, 1]"
501,dfs_bnb_mpi,2.8872,-9,10,703415,"[-1, -1, 2, 2, 2, -1, 2, -1, -2, -1, -1, -2, 1, 1, -2, -2, 1, 2, 2]"
502,dfs_bnb_mpi,0.532911,-9,10,121565,"[-1, -1, 2, 2, -1, -2, -1, -1, -2, -2, 1, 2, 1, -2, 1, -2, 1, 2, 1]"
503,dfs_bnb_mpi,5.84891,-9,10,1439034,"[-1, -1, 2, 2, -1, -1, -1, -2, -2, 1, -2, -2, 1, 1, 2, -1, 2, 2, -1]"
504,dfs_bnb_mpi,6.33143,-9,10,1401202,"[-1, -1, 2, 2, -1, -1, 2, -1, -2, -1, -2, -2, 1, 2, 1, 1, -2, -1, -2]"
505,dfs_bnb_mpi,0.997742,-10,11,232772,"[-1, -2, 1, 1, 2, 2, 1, 1, 2, -1, 2, -1, -2, -1, 2, -1, -2, -2, 1]"
506,dfs_bnb_mpi,0.309232,-10,11,83065,"[-1, -1, 2, 2, 2, 1, -2, -2, 1, 1, 2, -1, 2, 2, 2, -1, -1, -2, 1]"
507,dfs_bnb_mpi,0.652994,-10,10,171714,"[-1, -1, 2, -1, -2, -1, -1, -2, 1, 1, 1, 1, -2, -1, -2, -1, -1, 2, 1]"
508,dfs_bnb_mpi,0.082088,-10,10,20813,"[-1, -1, 2, 1, 1, 2, -1, -1, 2, 1, 1, 1, 1, -2, -1, -2, -2, 1, 2]"
509,dfs_bnb_mpi,1.21931,-10,11,303710,"[-1, -1, 2, 2, -1, -2, -1, -1, -2, 1, 1, -2, 1, -2, -1, -1, -1, 2, 1]"
510,dfs_bnb_mpi,0.227832,-10,11,51794,"[-1, -1, 2, 2, -1, -1, -2, 1, -2, -1, -2, 1, 1, 1, -2, -1, -2, -1, 2]"
511,dfs_bnb_mpi,6.00558,-10,11,1339000,"[-1, -2, -2, -2, -2, 1, 2, 1, 1, 1, 2, -1, 2, 2, -1, -2, -1, -2, 1]"
512,dfs_bnb_mpi,0.930712,-10,11,226818,"[-1, -1, -1, -1, 2, 2, 2, 1, -2, -2, 1, 1, 2, -1, 2, 1, 1, -2, -2]"
513,dfs_bnb_mpi,0.953054,-10,10,244001,"[-1, -1, 2, 2, 2, -1, -2, -2, -2, -2, 1, 1, 1, 1, 2, 2, -1, -1, 2]"
514,dfs_bnb_mpi,1.66274,-10,11,379738,"[-1, -1, 2, -1, -2, -1, -2, 1, -2, -2, 1, 2, 2, 1, 1, -2, -2, -1, 2]"
515,dfs_bnb_mpi,0.992351,-9,10,241942,"[-1, -1, 2, 2, 2, 1, -2, -2, 1, 2, 2, 2, 1, -2, 1, -2, -2, -1, 2]"
516,dfs_bnb_mpi,1.76982,-10,10,417252,"[-1, -1, 2, 2, 1, -2, 1, 2, 2, 1, -2, 1, -2, -1, -2, 1, -2, -1, -1]"
517,dfs_bnb_mpi,3.35467,-11,12,764856,"[-1, -2, 1, 1, 2, 2, 1, -2, 1, -2, -2, -2, -1, -1, -1, 2, 1, 1, 2]"
518,dfs_bnb_mpi,0.350032,-11,12,81349,"[-1, -1, 2, 2, -1, 2, 1, 1, 1, 1, -2, -1, -1, -2, 1, 1, 1, -2, -1]"
519,dfs_bnb_mpi,1.44051,-10,10,397377,"[-1, -1, 2, 1, 2, 1, 1, 2, -1, 2, 1, 1, -2, -2, -2, -2, -1, 2, -1]"
520,dfs_bnb_mpi,0.681603,-10,11,164632,"[-1, -1, 2, 2, 1, -2, 1, 2, 1, 1, -2, -1, -2, 1, -2, -1, -1, -2, 1]"
521,dfs_bnb_mpi,3.85438,-10,10,924750,"[-1, -1, 2, 2, 2, 2, 2, 1, 1, -2, -2, 1, -2, -1, -2, -1, 2, 2, 2]"
522,dfs_bnb_mpi,0.271744,-10,11,74161,"[-1, -1, 2, 1, 1, 1, 2, 1, -2, -2, -1, -2, -1, -1, -1, -1, 2, 2, 2]"
523,dfs_bnb_mpi,1.45192,-11,12,345636,"[-1, -2, 1, -2, 1, 2, 1, 2, -1, 2, 1, 2, -1, -1, -2, -1, 2, 2, 1]"
524,dfs_bnb_mpi,0.575283,-10,10,151975,"[-1, -1, 2, -1, -2, -2, 1, -2, 1, 2, 1, -2, -2, -2, -1, 2, -1, -1, 2]"
525,dfs_bnb_mpi,4.50242,-10,11,1032443,"[-1, -1, 2, 1, 1, 2, 2, 2, -1, -1, 2, -1, -2, -2, 1, 1, -2, -1, -1]"
526,dfs_bnb_mpi,0.175589,-10,11,48924,"[-1, -2, -1, 2, 2, 2, 1, -2, 1, 1, -2, -2, -1, -2, -1, -1, -1, 2, 2]"
527,dfs_bnb_mpi,1.13197,-10,11,313340,"[-1, -1, -1, 2, 1, 1, 2, -1, 2, -1, -2, -1, -2, -2, -1, -2, 1, 1, 1]"
528,dfs_bnb_mpi,1.19132,-10,11,267558,"[-1, -2, 1, 1, 2, 2, 1, 2, 1, 1, -2, -1, -2, -1, -2, 1, 1, 2, 1]"
529,dfs_bnb_mpi,1.06807,-11,12,283521,"[-1, -2, -1, 2, -1, -1, -2, 1, -2, 1, -2, 1, 1, 1, 2, 2, -1, -2, -1]"
530,dfs_bnb_mpi,1.53896,-10,11,422210,"[-1, -2, 1, 1, 2, 2, 1, -2, 1, -2, -1, -2, -1, -1, -2, -1, 2, -1, 2]"
531,dfs_bnb_mpi,0.078375,-10,10,19599,"[-1, -1, 2, -1, -1, -2, 1, -2, 1, 1, 1, -2, -1, -1, -1, -1, 2, -1, 2]"
532,dfs_bnb_mpi,1.80071,-10,11,456395,"[-1, -1, 2, -1, 2, 1, 1, -2, 1, 1, -2, 1, -2, -1, -1, -1, -2, 1, 1]"
533,dfs_bnb_mpi,7.02597,-9,10,1579042,"[-1, -1, 2, 2, 2, -1, -1, -1, -2, -2, -1, -2, 1, 1, 2, 2, 1, -2, -2]"
534,dfs_bnb_mpi,2.82884,-11,12,762776,"[-1, -2, 1, 1, -2, -1, -2, -1, -1, -1, 2, 2, -1, 2, 1, 1, -2, -2, 1]"
535,dfs_bnb_mpi,0.201417,-9,10,52426,"[-1, -1, 2, 2, 1, -2, 1, 2, 2, 2, 2, -1, -2, -2, -1, -1, 2, 1, 2]"
536,dfs_bnb_mpi,5.43056,-9,10,1441552,"[-1, -1, 2, 2, 1, -2, 1, 2, 2, -1, 2, 1, 1, -2, 1, -2, -1, -2, 1]"
537,dfs_bnb_mpi,1.53894,-8,9,405930,"[-1, -1, 2, 2, 1, 2, 1, 2, -1, -1, -2, -1, -2, -1, 2, 2, 1, 2, 1]"
538,dfs_bnb_mpi,3.91885,-10,11,1004161,"[-1, -1, 2, 1, 2, 2, 1, 1, 1, 1, -2, -1, -2, -2, -1, 2, 2, -1, -2]"
539,dfs_bnb_mpi,0.321181,-10,11,85930,"[-1, -1, 2, -1, -2, -2, 1, -2, 1, 2, 1, 1, 2, 2, 2, -1, -2, -1, 2]"
540,dfs_bnb_mpi,0.62554,-11,12,164079,"[-1, -1, 2, 2, 1, -2, 1, 1, 1, -2, -1, -2, -2, -1, 2, -1, -1, -2, 1]"
541,dfs_bnb_mpi,0.05222,-11,12,14337,"[-1, -1, 2, 2, 1, -2, 1, 1, 2, -1, 2, 1, 1, -2, 1, -2, -1, -2, -1]"
542,dfs_bnb_mpi,1.19743,-10,10,309777,"[-1, -1, 2, -1, -2, -1, 2, -1, -2, -2, 1, 1, 1, 1, 1, -2, -1, -1, -1]"
543,dfs_bnb_mpi,2.61113,-11,12,671737,"[-1, -2, -1, -2, -2, 1, 2, 1, -2, 1, 2, 1, 2, 2, 2, -1, -2, -2, -1]"
544,dfs_bnb_mpi,0.932433,-11,11,238075,"[-1, -2, -1, -2, -2, -1, 2, 2, 2, 1, 2, 1, 1, 1, -2, -2, -1, -2, -1]"
545,dfs_bnb_mpi,0.33931,-11,12,94014,"[-1, -2, 1, 1, -2, -1, -1, -1, 2, -1, 2, 1, 2, 1, 1, 1, 1, -2, -1]"
546,dfs_bnb_mpi,1.10222,-10,11,274782,"[-1, -2, 1, 1, 2, 2, 2, 2, -1, -2, -2, -1, 2, -1, -1, -2, 1, -2, -2]"
547,dfs_bnb_mpi,0.979565,-10,11,238785,"[-1, -2, 1, 1, 1, -2, -1, -1, -1, -1, -2, 1, 1, 1, -2, -1, -1, -2, 1]"
548,dfs_bnb_mpi,1.24032,-9,10,297251,"[-1, -1, 2, 2, 2, -1, -1, -1, -2, 1, 1, -2, -1, -1, -2, -2, 1, 2, 1]"
549,dfs_bnb_mpi,0.730524,-9,10,171079,"[-1, -1, 2, 2, 2, 1, -2, -2, 1, 2, 2, 2, -1, -1, -1, -2, -2, -2, -1]"
550,dfs_bnb_mpi,0.329371,-9,10,95387,"[-1, -1, 2, 1, 1, 2, -1, -1, 2, 1, 2, -1, 2, -1, -2, -2, -2, -2, -1]"
551,dfs_bnb_mpi,0.170103,-10,11,40812,"[-1, -2, 1, 1, 1, -2, -1, -1, -1, -1, 2, 2, 2, 1, 1, 1, -2, 1, 2]"
552,dfs_bnb_mpi,6.3267,-9,10,1420535,"[-1, -1, 2, 2, 2, 1, 2, 1, 2, 1, -2, -2, -1, -2, 1, -2, -1, -1, 2]"
553,dfs_bnb_mpi,1.23901,-10,11,294607,"[-1, -2, 1, 1, 1, -2, -1, -2, -2, -1, -1, -1, 2, 1, 1, 2, -1, -1, 2]"
554,dfs_bnb_mpi,0.612961,-10,11,141424,"[-1, -1, 2, 1, 1, 1, -2, -2, 1, -2, -1, -1, 2, -1, -1, -2, -2, 1, 2]"
555,dfs_bnb_mpi,0.885897,-11,12,229619,"[-1, -1, 2, 1, 1, 2, 1, 1, -2, -1, -2, -2, -2, -1, -1, -1, 2, 1, 1]"
556,dfs_bnb_mpi,6.03048,-9,10,1371412,"[-1, -1, 2, 2, 2, 2, 2, -1, -2, -1, -1, -2, 1, 1, -2, -1, -2, 1, -2]"
557,dfs_bnb_mpi,0.308951,-11,12,79123,"[-1, -2, -1, 2, 2, 1, 1, 2, 2, -1, -2, -1, 2, -1, -2, -1, -2, 1, -2]"
558,dfs_bnb_mpi,1.95429,-9,10,568904,"[-1, -1, 2, 2, 1, -2, 1, 2, 1, -2, 1, -2, -1, -2, -2, -1, 2, -1, -1]"
559,dfs_bnb_mpi,1.72437,-10,11,451115,"[-1, -1, 2, 2, 1, -2, 1, 1, -2, 1, -2, -1, -2, -1, -1, -1, 2, 1, 1]"
560,dfs_bnb_mpi,3.97141,-10,11,901083,"[-1, -1, 2, 2, -1, 2, 1, 1, 2, 1, -2, 1, -2, -1, -1, -2, 1, 1, -2]"
561,dfs_bnb_mpi,0.619673,-10,11,143202,"[-1, -1, 2, 2, -1, -1, -1, -2, -2, 1, 2, 1, -2, -2, 1, -2, -1, -1, 2]"
562,dfs_bnb_mpi,3.72691,-10,11,838940,"[-1, -1, 2, 2, 2, 1, 2, 2, 1, -2, -2, 1, -2, -1, -1, -2, 1, 1, -2]"
563,dfs_bnb_mpi,11.6647,-8,9,2719106,"[-1, -1, 2, 2, 2, 2, 1, 1, 2, 1, -2, -2, 1, -2, -1, -1, 2, -1, -2]"
564,dfs_bnb_mpi,0.360033,-9,10,97060,"[-1, -1, 2, 2, -1, -1, -2, 1, -2, -1, -2, 1, -2, 1, 2, 1, -2, 1, 2]"
565,dfs_bnb_mpi,0.502347,-10,10,141988,"[-1, -2, 1, 1, 2, 2, 1, 1, -2, -1, -2, 1, 1, -2, -1, -2, -1, 2, -1]"
566,dfs_bnb_mpi,1.24229,-10,11,295171,"[-1, -2, 1, 1, 2, 2, 1, -2, 1, -2, -1, -2, -1, -1, -1, -2, 1, 1, 1]"
567,dfs_bnb_mpi,0.465786,-9,10,117243,"[-1, -1, 2, 2, 2, 2, 1, -2, 1, 1, -2, -1, -1, -2, 1, 1, 1, 2, 2]"
568,dfs_bnb_mpi,0.299024,-10,11,72360,"[-1, -1, -1, 2, -1, -1, 2, 1, 2, 1, -2, 1, -2, 1, 1, 2, -1, 2, -1]"
569,dfs_bnb_mpi,0.257768,-10,10,71352,"[-1, -1, 2, 2, 1, -2, 1, 2, 2, 1, 1, -2, 1, -2, -1, -2, -1, 2, 2]"
570,dfs_bnb_mpi,1.91735,-10,11,481667,"[-1, -2, 1, 1, 2, 2, 2, 2, -1, -2, -2, -1, -1, 2, 1, 2, 2, -1, -2]"
571,dfs_bnb_mpi,2.5738,-10,10,726858,"[-1, -1, 2, 1, 2, 2, -1, -2, -1, -2, -2, -1, -2, 1, -2, 1, 2, 1, -2]"
572,dfs_bnb_mpi,1.72091,-10,11,473705,"[-1, -1, 2, -1, 2, -1, -1, -2, 1, -2, -1, -2, 1, -2, 1, 1, 2, -1, 2]"
573,dfs_bnb_mpi,2.55387,-9,10,607584,"[-1, -1, 2, 2, 1, -2, 1, 2, 2, 2, 1, 2, -1, -1, -1, -2, -2, 1, 2]"
574,dfs_bnb_mpi,1.53743,-9,10,386674,"[-1, -1, 2, 1, 2, -1, 2, 1, 1, 1, 1, -2, -1, -1, -2, 1, 1, -2, -1]"
575,dfs_bnb_mpi,1.551,-9,10,397291,"[-1, -1, 2, 1, 2, 2, 1, 2, 2, 1, -2, 1, -2, -1, -2, -1, -2, 1, 1]"
576,dfs_bnb_mpi,1.48898,-9,10,338239,"[-1, -1, 2, 2, 2, 2, -1, 2, -1, -2, -2, 1, -2, -1, -2, 1, -2, -1, -1]"
577,dfs_bnb_mpi,6.10032,-9,10,1511909,"[-1, -1, 2, 2, 1, -2, 1, 1, -2, 1, 1, -2, -1, -2, -1, 2, -1, -1, -1]"
578,dfs_bnb_mpi,0.605648,-10,11,162454,"[-1, -1, 2, 2, 1, -2, 1, 2, 2, 1, -2, -2, 1, -2, 1, -2, -1, -1, 2]"
579,dfs_bnb_mpi,0.151451,-8,9,35102,"[-1, -1, 2, 2, 2, 2, -1, -2, -2, -2, -2, -1, 2, 2, -1, 2, 1, 2, 2]"
580,dfs_bnb_mpi,0.839419,-9,10,209382,"[-1, -1, 2, 1, 1, 2, 2, 1, 1, -2, -1, -2, 1, -2, -1, -2, -1, -1, -1]"
581,dfs_bnb_mpi,1.54753,-10,10,368064,"[-1, -1, 2, 2, 2, 1, 2, -1, 2, 1, 2, 1, -2, -2, -2, -2, -2, -1, 2]"
582,dfs_bnb_mpi,0.269123,-10,11,76894,"[-1, -1, 2, 2, 1, -2, 1, 2, 2, -1, 2, -1, -2, -1, -2, -1, -2, 1, -2]"
583,dfs_bnb_mpi,1.32384,-9,10,341979,"[-1, -1, 2, 2, 1, -2, 1, 2, 1, -2, 1, 1, -2, -1, -1, -2, -1, -1, -1]"
584,dfs_bnb_mpi,0.321001,-10,11,78558,"[-1, -1, -1, 2, -1, 2, 2, 2, 1, -2, -2, 1, -2, 1, 1, 2, -1, 2, -1]"
585,dfs_bnb_mpi,2.34845,-11,12,607101,"[-1, -1, 2, -1, -2, -2, -1, -2, -2, 1, 1, 1, 2, 1, 2, -1, -1, -2, -1]"
586,dfs_bnb_mpi,1.63742,-10,11,374685,"[-1, -1, -1, 2, -1, 2, -1, 2, 1, 2, 1, -2, -2, 1, -2, 1, 2, 2, -1]"
587,dfs_bnb_mpi,7.42931,-9,10,1675396,"[-1, -1, 2, 2, -1, 2, -1, -2, -1, -2, 1, 1, -2, -1, -1, -2, 1, 1, 1]"
588,dfs_bnb_mpi,1.36319,-10,11,369349,"[-1, -1, 2, 2, 2, -1, 2, 1, 1, -2, 1, 1, -2, -1, -1, -2, 1, 1, -2]"
589,dfs_bnb_mpi,4.94552,-10,11,1127346,"[-1, -2, 1, 1, 2, 1, 2, 1, -2, 1, -2, -2, -1, 2, -1, -2, -1, -1, -1]"
590,dfs_bnb_mpi,1.05688,-10,11,270989,"[-1, -1, 2, 1, 1, 1, -2, 1, -2, -1, -1, -1, -1, -2, 1, 1, -2, 1, 2]"
591,dfs_bnb_mpi,1.10008,-9,10,270704,"[-1, -1, 2, 2, 2, 2, 1, -2, 1, -2, -1, -2, 1, 1, 1, 2, 2, -1, -2]"
592,dfs_bnb_mpi,0.103537,-10,11,26101,"[-1, -1, 2, 2, 2, 1, -2, -2, 1, 2, 1, -2, 1, 2, 2, -1, 2, -1, -2]"
593,dfs_bnb_mpi,1.2968,-10,11,347058,"[-1, -1, 2, 2, 2, 1, -2, -2, 1, 1, -2, -2, -2, -1, 2, -1, -1, -2, 1]"
594,dfs_bnb_mpi,0.786813,-11,12,217770,"[-1, -1, 2, 1, 1, 1, 1, -2, -1, -2, -2, -2, -1, 2, -1, -1, 2, 1, 1]"
595,dfs_bnb_mpi,1.26016,-10,11,296031,"[-1, -2, 1, 1, 2, 1, -2, 1, -2, 1, -2, -1, -1, 2, -1, -1, -2, 1, -2]"
596,dfs_bnb_mpi,3.07845,-10,11,847690,"[-1, -1, -1, -1, 2, 2, 2, 1, -2, -2, 1, 2, 2, 1, 1, -2, -1, -2, 1]"
597,dfs_bnb_mpi,0.217719,-9,10,57290,"[-1, -1, 2, 2, 1, -2, 1, 2, 2, -1, 2, 1, 1, -2, -2, -2, 1, 2, 2]"
598,dfs_bnb_mpi,0.780175,-9,10,190313,"[-1, -1, -1, 2, -1, 2, 1, 2, 1, -2, -2, 1, 2, 2, 1, -2, -2, 1, 2]"
599,dfs_bnb_mpi,2.47097,-8,9,568880,"[-1, -1, 2, 2, -1, -2, -1, 2, -1, -2, -2, -2, 1, 2, 1, -2, 1, 1, 1]"
600,dfs_bnb_mpi,1.06762,-9,10,243739,"[-1, -2, -1, -1, -2, -2, 1, 2, 1, -2, 1, 1, 2, -1, 2, 1, 2, 2, 2]"
601,dfs_bnb_mpi,0.853357,-9,10,212348,"[-1, -1, 2, 2, -1, -1, -1, -1, -2, 1, 1, 1, -2, -2, -1, 2, -1, -2, -1]"
602,dfs_bnb_mpi,0.280362,-10,10,67749,"[-1, -1, 2, 2, -1, 2, 1, 1, -2, -2, 1, 2, 2, 1, -2, -2, 1, -2, -1]"
603,dfs_bnb_mpi,3.42681,-10,11,935801,"[-1, -2, 1, 1, 2, 2, 1, 1, 2, 1, -2, -2, -2, -2, -1, 2, 2, -1, -2]"
604,dfs_bnb_mpi,2.5427,-9,10,624224,"[-1, -1, 2, 1, 2, -1, -1, -2, -1, 2, 2, 1, 2, 1, -2, 1, 1, -2, -2]"
605,dfs_bnb_mpi,1.03589,-9,10,237821,"[-1, -1, 2, 2, -1, 2, -1, -2, -1, -2, 1, 1, -2, -1, -1, -2, 1, 1, 1]"
606,dfs_bnb_mpi,3.31285,-11,11,791505,"[-1, -2, 1, -2, 1, 2, 1, 2, 2, 2, -1, 2, -1, -2, -1, -2, 1, 1, -2]"
607,dfs_bnb_mpi,0.138828,-9,10,36868,"[-1, -1, 2, 1, 2, 1, -2, 1, 2, 2, -1, 2, -1, -2, -1, -2, -1, -2, -1]"
608,dfs_bnb_mpi,1.16059,-9,10,293656,"[-1, -1, 2, 2, 1, -2, 1, 2, 2, 1, -2, -2, -2, -2, -2, -1, -1, 2, 1]"
609,dfs_bnb_mpi,3.90125,-10,10,924277,"[-1, -1, 2, -1, 2, 2, 2, 1, 1, -2, 1, 1, -2, -1, -2, -1, 2, -1, 2]"
610,dfs_bnb_mpi,5.07827,-10,11,1175068,"[-1, -1, 2, -1, -2, -1, -1, -2, 1, 1, 1, -2, -2, -1, 2, -1, -1, -2, 1]"
611,dfs_bnb_mpi,3.38047,-9,10,779346,"[-1, -1, 2, 2, 1, 2, 2, 2, -1, -2, -2, -1, -2, -1, 2, 2, 2, 1, -2]"
612,dfs_bnb_mpi,0.734185,-10,11,176439,"[-1, -1, 2, 1, 1, 1, -2, 1, 2, 2, -1, -1, -1, -1, 2, 1, 2, 1, -2]"
613,dfs_bnb_mpi,0.433489,-10,11,113053,"[-1, -2, -2, -1, 2, 2, -1, -2, -2, -1, 2, 2, 2, 2, 1, -2, 1, 1, 2]"
614,dfs_bnb_mpi,0.461235,-10,10,121195,"[-1, -1, 2, 2, 2, 1, 1, -2, -1, -2, 1, 1, -2, -2, -2, -1, -1, 2, 1]"
615,dfs_bnb_mpi,0.711836,-10,10,194341,"[-1, -1, 2, 2, -1, -1, -1, -2, 1, 1, -2, -1, -2, 1, -2, 1, 2, 1, 1]"
616,dfs_bnb_mpi,1.26193,-11,12,331685,"[-1, -2, -2, 1, 2, 1, 2, 1, 2, 1, -2, -2, -2, -2, -1, -1, 2, 1, 2]"
617,dfs_bnb_mpi,2.89468,-9,10,758055,"[-1, -1, 2, 2, -1, -2, -1, -1, -2, 1, -2, -1, -2, 1, 1, 1, 2, -1, 2]"
618,dfs_bnb_mpi,3.45621,-10,11,903137,"[-1, -2, 1, 1, 2, 2, 1, -2, 1, -2, -2, -2, -1, -1, -1, 2, 1, 1, 2]"
619,dfs_bnb_mpi,0.110291,-10,11,27124,"[-1, -1, 2, 2, 2, 2, 1, 1, -2, -1, -2, -2, 1, 2, 1, 2, 1, 2, -1]"
620,dfs_bnb_mpi,1.1935,-9,10,302457,"[-1, -1, -1, 2, 2, 2, 1, -2, -2, 1, 2, 2, 1, 1, -2, -1, -2, 1, 1]"
621,dfs_bnb_mpi,0.626172,-9,10,171000,"[-1, -2, -1, 2, 2, 1, 2, -1, -1, -2, -1, -1, -2, 1, 1, -2, -1, -1, -1]"
622,dfs_bnb_mpi,1.26165,-10,11,290846,"[-1, -2, -1, 2, 2, 1, 1, 1, 2, -1, 2, -1, -2, -1, 2, -1, -2, -2, -1]"
623,dfs_bnb_mpi,0.617513,-10,11,164329,"[-1, -1, 2, 1, 2, 1, -2, 1, -2, -2, -2, -1, 2, -1, -2, -1, 2, -1, 2]"
624,dfs_bnb_mpi,2.01822,-9,10,463325,"[-1, -2, 1, 1, 2, 1, 2, 2, 2, 2, -1, -1, -2, 1, -2, -2, -1, 2, -1]"
625,dfs_bnb_mpi,0.058971,-10,11,14210,"[-1, -1, 2, 2, 2, 1, 1, -2, -1, -2, 1, 1, -2, 1, 2, 2, -1, 2, 2]"
626,dfs_bnb_mpi,0.154375,-11,12,36428,"[-1, -1, -1, 2, 2, -1, 2, 1, 1, -2, -2, 1, 2, 2, 1, -2, 1, -2, -1]"
627,dfs_bnb_mpi,2.65322,-10,11,613567,"[-1, -2, -1, 2, 2, -1, 2, 2, 2, 1, 1, -2, -1, -2, 1, -2, 1, 2, 2]"
628,dfs_bnb_mpi,4.82375,-9,10,1409554,"[-1, -2, 1, 1, 2, 1, 1, -2, -1, -2, 1, 1, -2, -1, -1, -1, 2, -1, -1]"
629,dfs_bnb_mpi,6.56402,-9,10,1491909,"[-1, -1, 2, 2, 2, 2, 2, 1, -2, 1, -2, -1, -2, -2, 1, 2, 1, -2, -2]"
630,dfs_bnb_mpi,0.224444,-9,10,57505,"[-1, -1, 2, 1, 2, -1, 2, 1, 1, 2, 1, -2, -2, -1, -2, 1, 1, 2, 2]"
631,dfs_bnb_mpi,1.10583,-10,11,302203,"[-1, -1, 2, -1, -1, -2, 1, -2, 1, 1, 1, -2, -1, -2, -1, 2, -1, -1, 2]"
632,dfs_bnb_mpi,0.075174,-11,11,18395,"[-1, -1, 2, 2, 2, 1, -2, -2, 1, 2, 2, 1, 1, -2, -1, -2, 1, -2, -1]"
633,dfs_bnb_mpi,0.362373,-11,12,87774,"[-1, -1, 2, 1, 2, 1, -2, 1, -2, -2, -2, -1, 2, -1, -1, -2, -2, 1, 2]"
634,dfs_bnb_mpi,0.07975,-8,9,18895,"[-1, -1, -1, 2, 2, 2, 1, -2, -2, 1, 2, 2, 1, -2, -2, 1, 2, 2, 2]"
635,dfs_bnb_mpi,0.880355,-9,10,249005,"[-1, -1, 2, 2, 1, -2, 1, 2, 2, 1, -2, 1, 1, -2, -1, -1, -2, -2, -1]"
636,dfs_bnb_mpi,1.15616,-11,12,314957,"[-1, -1, 2, 1, 2, 1, -2, 1, -2, -2, -2, -1, -1, -2, -1, 2, 2, 1, 1]"
637,dfs_bnb_mpi,6.88407,-9,10,1557287,"[-1, -1, 2, 2, 2, 2, 1, 1, 2, 1, -2, -2, -2, -1, 2, -1, -2, -2, 1]"
638,dfs_bnb_mpi,2.72767,-8,9,608752,"[-1, -1, 2, 1, 2, -1, -1, -2, -1, -1, -2, -2, 1, 2, 1, -2, 1, 1, 1]"
639,dfs_bnb_mpi,2.54888,-10,11,643721,"[-1, -1, 2, 2, 2, 1, 1, -2, -1, -2, 1, 1, -2, -2, -2, -1, 2, -1, -2]"
640,dfs_bnb_mpi,3.85087,-10,11,878523,"[-1, -1, 2, 2, 2, -1, 2, -1, -1, -2, -2, -2, 1, -2, 1, 2, 2, -1, 2]"
641,dfs_bnb_mpi,0.299022,-11,11,76192,"[-1, -2, 1, 1, -2, 1, 2, 2, -1, 2, -1, -1, 2, 2, 1, -2, 1, 1, -2]"
642,dfs_bnb_mpi,0.348971,-9,10,98251,"[-1, -1, 2, 2, 2, 1, -2, -2, 1, 2, 2, 2, 1, -2, 1, -2, -1, -2, 1]"
643,dfs_bnb_mpi,0.175711,-10,11,49692,"[-1, -2, -1, 2, 2, 1, 1, 1, 2, 1, -2, -2, -1, -2, -1, -2, -1, -1, -1]"
644,dfs_bnb_mpi,2.27038,-10,11,610176,"[-1, -2, 1, 1, 2, 2, 2, -1, -2, -1, 2, -1, -1, -2, -2, -2, 1, 2, 2]"
645,dfs_bnb_mpi,1.6171,-10,11,414565,"[-1, -1, 2, -1, 2, 1, 1, -2, 1, 1, -2, 1, -2, -1, -1, -1, -2, 1, 1]"
646,dfs_bnb_mpi,1.62443,-9,10,384481,"[-1, -1, 2, -1, -1, -1, -2, -1, -2, 1, -2, 1, 2, 2, 1, -2, 1, 1, 1]"
647,dfs_bnb_mpi,0.944068,-10,10,257971,"[-1, -1, 2, 1, 1, 2, -1, -1, 2, 1, 1, 1, 1, -2, -1, -2, 1, -2, -1]"
648,dfs_bnb_mpi,1.55456,-10,10,357277,"[-1, -1, 2, 2, -1, 2, 1, 2, 2, 1, 1, -2, -1, -2, 1, -2, -2, -1, 2]"
649,dfs_bnb_mpi,0.596867,-9,10,153492,"[-1, -1, 2, 1, 2, 2, -1, -2, -1, -2, -1, -1, -2, 1, 1, -2, 1, 1, 1]"
650,dfs_bnb_mpi,0.87941,-10,11,240197,"[-1, -2, 1, 1, 2, 2, 1, -2, 1, -2, -1, -2, -2, -2, -1, 2, -1, 2, 1]"
651,dfs_bnb_mpi,0.506844,-10,11,117576,"[-1, -2, -1, 2, 2, 2, 2, 1, 1, 1, -2, -1, -1, -2, 1, 1, -2, 1, 2]"
652,dfs_bnb_mpi,0.902673,-11,12,239660,"[-1, -1, 2, -1, 2, 1, 1, -2, 1, 1, -2, -2, -2, -1, -1, -1, 2, 1, 1]"
653,dfs_bnb_mpi,2.01841,-9,9,518648,"[-1, -1, 2, 2, 1, -2, 1, 1, -2, -2, -1, -1, -1, -2, 1, 1, 1, 1, 2]"
654,dfs_bnb_mpi,1.68971,-10,11,391390,"[-1, -1, -1, 2, -1, -2, -1, -2, -2, -2, 1, 2, 2, 1, 1, 1, -2, -1, -1]"
655,dfs_bnb_mpi,1.91931,-10,11,486673,"[-1, -1, 2, -1, -1, -2, 1, -2, -1, -1, -2, 1, -2, 1, 2, 1, 1, 2, -1]"
656,dfs_bnb_mpi,1.03505,-10,11,280596,"[-1, -1, 2, 2, 2, -1, -2, -2, -1, 2, 2, -1, -2, -2, -1, -2, 1, 1, 1]"
657,dfs_bnb_mpi,0.876439,-9,10,202224,"[-1, -1, 2, 2, 2, 2, 2, 1, 1, -2, -1, -2, -2, -2, 1, 2, 1, 2, -1]"
658,dfs_bnb_mpi,0.030189,-9,9,7909,"[-1, -1, 2, 1, 2, -1, -1, -2, -2, -2, 1, 1, 1, 1, 2, 2, -1, 2, 2]"
659,dfs_bnb_mpi,1.53851,-9,10,439324,"[-1, -1, 2, 2, 1, -2, 1, 1, -2, -2, -1, -1, -1, -1, -1, 2, 1, 2, 2]"
660,dfs_bnb_mpi,0.248973,-9,10,56833,"[-1, -1, 2, 2, 2, 1, 2, 1, -2, 1, -2, -1, -1, -2, 1, 1, 1, 2, 2]"
661,dfs_bnb_mpi,3.13665,-10,11,837106,"[-1, -1, 2, -1, -2, -1, -2, 1, -2, -2, 1, 1, 1, 2, 2, -1, -1, -2, 1]"
662,dfs_bnb_mpi,0.077846,-10,10,19889,"[-1, -1, 2, -1, -2, -2, -2, 1, 2, 1, 1, 1, 2, 2, 2, -1, -2, -1, 2]"
663,dfs_bnb_mpi,0.286507,-10,11,76919,"[-1, -2, 1, 1, 2, 1, -2, -2, -2, -1, 2, -1, -1, -1, -2, 1, 1, -2, 1]"
664,dfs_bnb_mpi,0.628791,-10,11,169169,"[-1, -2, -1, 2, 2, 1, 2, 1, -2, 1, 2, 1, -2, -2, -1, -2, -1, -2, 1]"
665,dfs_bnb_mpi,1.93998,-11,12,523447,"[-1, -1, 2, 1, 2, 2, 1, 1, 1, -2, 1, -2, -1, -2, -1, 2, 2, -1, -2]"
666,dfs_bnb_mpi,0.471767,-9,10,113047,"[-1, -1, 2, 2, 2, -1, -1, -1, -2, 1, 1, -2, -1, -1, -2, 1, -2, 1, 2]"
667,dfs_bnb_mpi,1.5091,-11,12,372575,"[-1, -2, 1, 1, 2, 2, -1, 2, 1, 1, 2, 1, -2, -2, -2, -2, -1, 2, 2]"
668,dfs_bnb_mpi,1.15176,-10,11,295365,"[-1, -1, 2, 2, 1, -2, 1, 2, 2, 1, 1, -2, -2, -2, -2, -1, 2, 2, 2]"
669,dfs_bnb_mpi,0.156233,-10,10,38110,"[-1, -1, 2, 2, 2, 1, 1, -2, -1, -2, 1, 1, -2, 1, -2, -1, -1, -1, -1]"
670,dfs_bnb_mpi,1.02393,-10,11,239447,"[-1, -2, 1, 1, 2, 2, 1, 2, 2, 2, -1, -2, -2, -1, 2, -1, -2, -2, 1]"
671,dfs_bnb_mpi,4.36353,-10,11,1024092,"[-1, -1, 2, -1, -1, -1, -1, -2, 1, 1, -2, -1, -2, 1, 1, 1, 2, -1, 2]"
672,dfs_bnb_mpi,0.478588,-10,10,115798,"[-1, -2, 1, 1, 2, 2, 1, 1, 1, -2, -2, -1, 2, -1, -2, -2, -1, -1, -1]"
673,dfs_bnb_mpi,0.222277,-9,10,54006,"[-1, -1, 2, 1, 2, -1, -1, -1, -1, -2, 1, 1, -2, -1, -2, 1, 1, 1, 1]"
674,dfs_bnb_mpi,0.698843,-11,11,174177,"[-1, -2, 1, 1, 2, 1, 2, -1, 2, -1, -2, -1, 2, -1, -1, -2, 1, -2, -2]"
675,dfs_bnb_mpi,0.668729,-10,11,156854,"[-1, -1, 2, 2, 2, 2, 1, 1, -2, -1, -2, -2, 1, 2, 1, 1, -2, -1, -2]"
676,dfs_bnb_mpi,2.51803,-9,10,667101,"[-1, -1, 2, 2, 2, 2, 1, -2, -2, -2, 1, 2, 2, 2, 2, 1, -2, -2, -2]"
677,dfs_bnb_mpi,0.502866,-10,11,133751,"[-1, -1, 2, 2, 1, -2, 1, 2, 2, 2, 1, 1, -2, -1, -2, 1, -2, -1, -2]"
678,dfs_bnb_mpi,0.215216,-10,11,54079,"[-1, -1, -1, 2, 1, 2, 2, 1, -2, -2, 1, 2, 2, 2, 1, -2, -2, -2, 1]"
679,dfs_bnb_mpi,0.619762,-10,11,140743,"[-1, -1, 2, 2, -1, -1, -1, -2, -2, -2, 1, 2, 2, 1, -2, -2, -2, 1, 2]"
680,dfs_bnb_mpi,5.87561,-10,11,1552152,"[-1, -2, -1, -2, 1, 1, 2, 1, 1, 2, 2, 2, -1, 2, -1, -2, -2, 1, -2]"
681,dfs_bnb_mpi,1.59378,-10,11,385503,"[-1, -1, -1, 2, -1, -2, -2, 1, 1, 1, 1, -2, -1, -1, -1, -1, -1, 2, 2]"
682,dfs_bnb_mpi,0.474498,-10,11,118644,"[-1, -2, 1, 1, 2, 2, -1, 2, -1, -2, -1, -2, -2, -1, -2, 1, 1, 1, 1]"
683,dfs_bnb_mpi,1.08972,-10,11,280742,"[-1, -1, 2, 2, -1, -1, -2, 1, -2, -1, -2, 1, 1, -2, -1, -1, -1, 2, 2]"
684,dfs_bnb_mpi,0.415589,-10,11,109685,"[-1, -1, 2, 2, 1, -2, 1, 2, 2, -1, -1, -1, -1, -1, -2, 1, -2, 1, 2]"
685,dfs_bnb_mpi,7.1847,-9,10,1650838,"[-1, -1, 2, -1, -1, 2, -1, -2, -2, -2, -2, 1, 2, 2, 1, -2, 1, -2, -1]"
686,dfs_bnb_mpi,0.138943,-9,9,40091,"[-1, -1, 2, -1, 2, 1, 1, -2, 1, 1, -2, -2, -1, -1, -1, -1, 2, -1, 2]"
687,dfs_bnb_mpi,0.084191,-10,11,21675,"[-1, -1, 2, -1, 2, 2, 1, -2, 1, -2, 1, 1, 2, -1, 2, -1, 2, -1, 2]"
688,dfs_bnb_mpi,0.743159,-10,10,180879,"[-1, -1, -1, 2, 1, 1, 1, 1, 2, -1, 2, -1, -2, -1, -1, 2, 2, 1, -2]"
689,dfs_bnb_mpi,4.65359,-10,11,1173729,"[-1, -2, 1, 1, -2, -1, -1, -1, -2, -1, -2, 1, -2, 1, 1, 2, 2, -1, -2]"
690,dfs_bnb_mpi,1.65046,-10,10,414907,"[-1, -2, 1, 1, -2, -1, -2, 1, -2, -1, -2, -1, -1, 2, 1, 2, 2, -1, -2]"
691,dfs_bnb_mpi,0.362399,-8,9,81252,"[-1, -1, 2, 2, 1, -2, 1, 1, 2, -1, 2, 1, 2, -1, -1, -2, -1, 2, 2]"
692,dfs_bnb_mpi,3.37618,-9,10,796072,"[-1, -1, 2, 2, -1, 2, 2, -1, -2, -2, -1, -2, 1, 1, -2, -2, -1, 2, -1]"
693,dfs_bnb_mpi,0.45155,-10,11,112762,"[-1, -2, -1, -2, 1, -2, 1, 2, 2, 1, -2, -2, 1, 2, 2, 2, -1, 2, 2]"
694,dfs_bnb_mpi,0.063622,-9,9,17670,"[-1, -1, 2, 2, 1, -2, 1, 2, 2, -1, -1, -1, 2, -1, -2, -2, 1, -2, -1]"
695,dfs_bnb_mpi,0.232944,-9,9,53257,"[-1, -1, 2, 1, 1, 2, -1, 2, 2, -1, -2, -2, -1, 2, -1, -2, -2, 1, -2]"
696,dfs_bnb_mpi,1.35172,-10,11,370782,"[-1, -1, -1, 2, 1, 2, -1, 2, 1, 1, 2, 1, -2, 1, -2, -1, -2, -1, 2]"
697,dfs_bnb_mpi,0.402071,-10,11,107806,"[-1, -2, 1, 1, 1, -2, -1, -1, -1, -1, -2, -2, 1, 2, 1, 1, -2, -1, -2]"
698,dfs_bnb_mpi,1.3686,-9,10,358839,"[-1, -1, 2, -1, -2, -1, 2, 2, -1, -1, -2, 1, -2, -2, 1, 1, 1, 1, 1]"
699,dfs_bnb_mpi,0.882658,-10,11,225135,"[-1, -1, 2, 1, 2, -1, -1, -2, -1, -2, 1, -2, -1, -2, 1, 1, 1, 2, -1]"
700,dfs_bnb_mpi,2.23337,-8,8,518419,"[-1, -1, 2, 2, -1, -2, -1, 2, 2, 2, 1, -2, 1, 1, -2, -2, 1, 2, 2]"
701,dfs_bnb_mpi,0.871927,-10,10,242013,"[-1, -1, 2, 2, 1, -2, 1, 2, 2, 1, -2, 1, 1, -2, -1, -1, -2, -2, -1]"
702,dfs_bnb_mpi,1.93425,-8,9,470395,"[-1, -1, 2, 2, 1, 2, 1, 2, -1, 2, -1, -2, -2, -1, 2, -1, -2, -2, 1]"
703,dfs_bnb_mpi,0.18094,-10,11,42993,"[-1, -2, 1, 1, 2, 1, -2, 1, -2, -2, -1, 2, -1, -2, -1, 2, -1, -1, 2]"
704,dfs_bnb_mpi,0.922522,-10,11,236279,"[-1, -2, 1, 1, -2, -1, -1, -1, -2, 1, 1, -2, -1, -1, -1, 2, 2, 2, 1]"
705,dfs_bnb_mpi,0.13338,-9,9,34714,"[-1, -1, 2, 1, 2, 2, 2, -1, -2, -2, -1, 2, 2, -1, -2, -2, -2, 1, -2]"
706,dfs_bnb_mpi,2.29742,-8,9,532380,"[-1, -1, 2, 2, 2, 1, -2, -2, 1, 1, -2, -2, -1, -1, -1, -2, 1, 1, 1]"
707,dfs_bnb_mpi,0.532251,-10,11,123981,"[-1, -2, -1, -2, -1, 2, -1, 2, 2, 2, 1, -2, -2, 1, 2, 2, 1, -2, 1]"
708,dfs_bnb_mpi,1.04272,-10,11,269885,"[-1, -1, 2, 1, 2, 2, 1, -2, -2, 1, 2, 1, -2, -2, -1, -2, -1, -1, -1]"
709,dfs_bnb_mpi,0.196381,-10,11,58124,"[-1, -1, 2, 2, 1, -2, 1, 2, 1, -2, -2, 1, -2, -1, -2, -1, -1, 2, 1]"
710,dfs_bnb_mpi,1.65432,-10,11,392510,"[-1, -1, 2, 2, 2, -1, 2, 1, 2, 1, 1, -2, -1, -2, 1, -2, -1, -2, 1]"
711,dfs_bnb_mpi,0.357543,-11,12,96480,"[-1, -2, 1, 1, -2, -1, -2, -1, 2, -1, 2, 2, 2, 1, 1, 2, 1, -2, -2]"
712,dfs_bnb_mpi,0.415477,-9,9,112120,"[-1, -1, 2, -1, -1, -2, 1, -2, 1, 1, 1, -2, -1, -1, -1, -1, -1, 2, 1]"
713,dfs_bnb_mpi,0.806242,-10,11,192551,"[-1, -1, 2, 1, 1, 2, -1, 2, 2, -1, -2, -2, -1, 2, -1, -2, -2, 1, -2]"
714,dfs_bnb_mpi,0.660625,-10,10,152299,"[-1, -1, 2, 2, 2, 2, 2, 1, 1, -2, -1, -2, -2, -2, 1, 1, 2, -1, 2]"
715,dfs_bnb_mpi,0.653288,-9,10,179570,"[-1, -1, 2, 2, -1, -1, -2, 1, -2, -1, -1, -2, 1, 1, -2, 1, 1, 2, -1]"
716,dfs_bnb_mpi,2.29322,-10,11,561002,"[-1, -2, -1, 2, 2, 1, 2, 2, -1, -2, -1, -2, -1, -2, 1, -2, -2, -1, 2]"
717,dfs_bnb_mpi,0.918233,-9,10,204466,"[-1, -2, -1, -1, 2, 1, 2, 1, 2, 2, -1, -2, -1, -2, -1, 2, 2, 1, 2]"
718,dfs_bnb_mpi,0.541081,-10,11,145115,"[-1, -2, 1, 1, 2, 1, -2, 1, -2, -1, -1, -2, -2, -1, 2, 2, -1, -2, -1]"
719,dfs_bnb_mpi,3.71468,-10,11,936763,"[-1, -1, 2, -1, -1, -2, -2, -2, -2, 1, 2, 1, 1, 1, 2, -1, -1, -1, 2]"
720,dfs_bnb_mpi,0.780197,-10,11,179890,"[-1, -2, -2, -2, 1, 1, 1, 1, 2, 2, -1, -2, -1, -1, 2, 1, 2, 2, 2]"
721,dfs_bnb_mpi,3.13755,-10,11,798065,"[-1, -1, 2, 1, 2, -1, 2, -1, -1, -1, -2, 1, -2, -1, -2, 1, 1, 2, 2]"
722,dfs_bnb_mpi,0.430544,-10,10,113330,"[-1, -1, 2, 2, 2, 1, -2, -2, 1, 1, 2, -1, 2, 1, 2, -1, 2, -1, -2]"
723,dfs_bnb_mpi,0.214406,-10,11,58780,"[-1, -1, 2, 2, 1, -2, 1, 1, -2, 1, 2, 2, -1, -1, 2, -1, -1, -1, -2]"
724,dfs_bnb_mpi,2.01945,-10,11,582486,"[-1, -2, 1, 1, -2, -1, -1, -2, 1, 1, -2, -1, -1, -1, -1, 2, 1, 2, 2]"
725,dfs_bnb_mpi,11.9745,-8,9,2701945,"[-1, -1, 2, 2, 2, 1, 2, 2, 1, 1, -2, -1, -2, 1, -2, -1, -1, -2, 1]"
726,dfs_bnb_mpi,2.04912,-11,12,544443,"[-1, -1, 2, 2, -1, 2, 1, 1, 1, -2, 1, 1, -2, -2, -1, 2, -1, -1, 2]"
727,dfs_bnb_mpi,0.489417,-10,11,126214,"[-1, -1, 2, 2, 1, -2, 1, 1, -2, -2, -1, -1, -2, 1, -2, 1, 2, 1, 2]"
728,dfs_bnb_mpi,0.684747,-10,11,185800,"[-1, -2, 1, 1, 2, 2, 2, -1, -2, -1, -1, -2, -1, -2, 1, -2, -1, -1, 2]"
729,dfs_bnb_mpi,1.32222,-11,12,347471,"[-1, -2, -1, -2, 1, -2, -2, 1, 2, 2, 1, -2, 1, 2, 2, 2, -1, -2, -1]"
730,dfs_bnb_mpi,1.0523,-9,10,246698,"[-1, -1, 2, 2, 1, 2, -1, 2, -1, -2, -1, -2, 1, -2, -1, -2, 1, -2, 1]"
731,dfs_bnb_mpi,0.844305,-10,11,245561,"[-1, -1, 2, 1, 2, -1, 2, -1, -1, -2, -2, -1, -2, 1, -2, 1, 2, 2, 2]"
732,dfs_bnb_mpi,0.756774,-10,11,181145,"[-1, -2, -2, -1, -2, -1, 2, -1, 2, 1, 1, 2, -1, -1, 2, 1, 1, 1, 2]"
733,dfs_bnb_mpi,1.78702,-10,10,419688,"[-1, -1, 2, 2, 2, 1, 2, 2, 1, -2, 1, -2, -1, -2, 1, -2, -1, -1, 2]"
734,dfs_bnb_mpi,0.216892,-10,10,57198,"[-1, -2, 1, -2, 1, 2, 2, 2, -1, -1, 2, 1, 1, 1, -2, -2, -2, 1, 2]"
735,dfs_bnb_mpi,0.26068,-9,10,70823,"[-1, -1, 2, 2, 2, 1, -2, -2, 1, 2, 2, 2, 1, -2, -2, -2, -2, 1, 2]"
736,dfs_bnb_mpi,1.35596,-10,11,323007,"[-1, -2, 1, 1, -2, 1, -2, -1, -2, -1, -1, -1, 2, 1, 1, 2, -1, -1, 2]"
737,dfs_bnb_mpi,1.99888,-10,11,543003,"[-1, -1, 2, -1, 2, -1, -2, -2, -2, -2, 1, 1, 1, 1, 2, -1, -1, -1, 2]"
738,dfs_bnb_mpi,0.222343,-11,12,55272,"[-1, -2, 1, 1, 1, 2, -1, 2, 1, 2, -1, -1, -2, -1, -1, 2, 1, 2, 1]"
739,dfs_bnb_mpi,1.53069,-10,10,396642,"[-1, -2, 1, 1, -2, -1, -1, -2, -2, 1, 2, 1, -2, 1, 2, 2, 2, 2, -1]"
740,dfs_bnb_mpi,4.26997,-9,10,1040834,"[-1, -1, -1, 2, 2, 2, 1, -2, -2, 1, 1, 2, -1, 2, 1, 2, -1, -1, -1]"
741,dfs_bnb_mpi,1.34744,-10,11,311405,"[-1, -2, 1, -2, 1, 2, 2, 2, 1, 2, 1, -2, -2, -1, -2, 1, -2, -1, -2]"
742,dfs_bnb_mpi,0.603988,-10,10,164372,"[-1, -1, 2, 2, 2, 1, -2, -2, 1, 1, -2, 1, -2, -1, -2, -1, -1, 2, 1]"
743,dfs_bnb_mpi,0.761842,-10,10,202148,"[-1, -2, 1, 1, 2, 2, 1, 2, 2, -1, -2, -1, 2, 2, -1, -2, -2, -2, 1]"
744,dfs_bnb_mpi,0.520042,-9,9,123471,"[-1, -1, 2, 2, 2, 1, 2, 2, 1, -2, -2, -2, -1, -2, 1, 1, 2, 2, 2]"
745,dfs_bnb_mpi,0.237505,-9,10,57702,"[-1, -1, 2, 1, 2, -1, 2, 1, 1, 1, -2, -1, -2, 1, 1, -2, -1, -2, 1]"
746,dfs_bnb_mpi,1.57609,-10,11,420270,"[-1, -1, 2, -1, -1, -2, 1, -2, 1, 1, 1, 1, -2, -1, -1, -1, -1, -1, 2]"
747,dfs_bnb_mpi,0.545902,-11,12,154779,"[-1, -2, -2, -2, 1, 2, 2, 1, 2, 1, -2, 1, -2, -1, -2, -2, -1, 2, 2]"
748,dfs_bnb_mpi,0.541925,-10,11,131077,"[-1, -2, 1, 1, 2, 2, 1, 2, -1, 2, -1, -2, -2, -1, -1, 2, 1, 2, 2]"
749,dfs_bnb_mpi,3.59076,-11,12,861393,"[-1, -2, -1, 2, -1, 2, -1, 2, 1, 2, 1, 1, 1, -2, -1, -1, -2, 1, 1]"
750,dfs_bnb_mpi,0.701538,-9,10,168540,"[-1, -2, 1, 1, 2, 1, 1, -2, -1, -2, -2, -1, 2, -1, -1, -2, 1, -2, 1]"
751,dfs_bnb_mpi,3.87531,-11,12,998988,"[-1, -2, -1, -2, 1, 1, 1, 1, 1, 2, 2, 2, -1, -1, -2, 1, -2, -1, -1]"
752,dfs_bnb_mpi,0.781761,-8,9,196872,"[-1, -1, 2, 2, 2, -1, 2, -1, -2, -1, -2, 1, 1, -2, -1, -1, -2, 1, 1]"
753,dfs_bnb_mpi,6.5367,-9,10,1506391,"[-1, -1, 2, 2, 2, -1, -1, 2, -1, -2, -2, 1, 1, -2, -1, -1, -2, 1, 1]"
754,dfs_bnb_mpi,0.209079,-10,11,56604,"[-1, -1, 2, 2, 1, -2, 1, 2, 1, -2, -2, -2, -1, -1, -2, -1, 2, -1, 2]"
755,dfs_bnb_mpi,0.375812,-10,11,96692,"[-1, -1, 2, 1, 1, 2, -1, -1, 2, 1, 2, -1, -1, -2, -2, -2, -1, -2, 1]"
756,dfs_bnb_mpi,0.219119,-9,10,59923,"[-1, -1, 2, 1, 2, 1, -2, 1, -2, 1, -2, -1, -1, -1, -2, 1, 1, 1, 1]"
757,dfs_bnb_mpi,3.66209,-11,12,946981,"[-1, -2, 1, -2, 1, 1, 1, 2, 2, -1, 2, 2, -1, -1, -2, 1, -2, -2, 1]"
758,dfs_bnb_mpi,0.386685,-8,9,98308,"[-1, -1, 2, 2, 1, -2, 1, 1, 2, -1, 2, -1, -1, 2, -1, -2, -2, -2, -1]"
759,dfs_bnb_mpi,2.09724,-9,10,553966,"[-1, -1, 2, 2, 2, -1, -2, -2, -2, -2, -1, 2, -1, -1, 2, 1, 2, 1, -2]"
760,dfs_bnb_mpi,2.80448,-10,11,719535,"[-1, -1, 2, 1, 2, 2, 1, 1, 2, 1, -2, 1, -2, -1, -2, -1, 2, -1, -2]"
761,dfs_bnb_mpi,1.03886,-10,11,295025,"[-1, -1, 2, 2, 1, -2, 1, 1, -2, -2, -1, -1, -2, -1, 2, -1, 2, 2, 2]"
762,dfs_bnb_mpi,0.546978,-11,12,148573,"[-1, -1, 2, 1, 1, 1, -2, -2, -1, -1, -1, -2, -1, -2, 1, 1, 1, 2, -1]"
763,dfs_bnb_mpi,4.50459,-10,11,1174394,"[-1, -2, 1, 1, 2, 1, 1, 2, 2, -1, 2, -1, -2, -1, -1, -2, 1, 1, 1]"
764,dfs_bnb_mpi,11.102,-8,8,2541688,"[-1, -1, 2, 2, 2, 2, 1, 2, 1, 1, -2, -2, -2, -1, 2, -1, -2, -2, 1]"
765,dfs_bnb_mpi,0.55561,-10,11,126648,"[-1, -2, -1, 2, 2, -1, -2, -1, 2, 2, 2, 1, -2, 1, 2, 1, -2, -2, 1]"
766,dfs_bnb_mpi,0.084749,-9,10,24030,"[-1, -1, 2, 1, 2, -1, -1, -2, -1, 2, 2, 1, 1, 1, 1, -2, -2, 1, 2]"
767,dfs_bnb_mpi,2.36804,-10,11,595111,"[-1, -1, 2, 2, 1, -2, 1, 1, 2, -1, 2, -1, -1, -1, -1, -2, 1, -2, -1]"
768,dfs_bnb_mpi,2.47857,-10,11,709326,"[-1, -1, -1, 2, 2, 1, -2, 1, 1, 2, -1, 2, -1, 2, -1, -2, -1, -2, -2]"
769,dfs_bnb_mpi,0.319867,-10,11,87946,"[-1, -2, 1, 1, 2, 1, -2, -2, -1, -1, -2, 1, 1, -2, 1, 2, 2, 2, 2]"
770,dfs_bnb_mpi,0.494587,-10,10,124926,"[-1, -2, 1, 1, 2, 1, 2, -1, -1, 2, 1, 1, 2, 1, -2, -2, 1, -2, -1]"
771,dfs_bnb_mpi,0.736019,-10,11,186247,"[-1, -1, 2, 2, 2, 1, 2, 2, 1, -2, 1, -2, -1, -2, 1, -2, -1, -1, 2]"
772,dfs_bnb_mpi,5.08051,-10,11,1271192,"[-1, -2, 1, 1, 2, 1, -2, -2, 1, -2, -2, -1, -1, -1, 2, 2, 1, -2, 1]"
773,dfs_bnb_mpi,0.225595,-9,10,52100,"[-1, -1, 2, 2, 1, -2, 1, 2, 2, -1, 2, 1, 1, -2, -2, 1, -2, -1, -2]"
774,dfs_bnb_mpi,4.87071,-10,11,1111858,"[-1, -1, 2, -1, 2, 2, -1, -1, -1, -2, -2, -2, 1, 2, 2, 1, -2, -2, 1]"
775,dfs_bnb_mpi,0.195324,-10,11,48206,"[-1, -2, 1, 1, 2, 2, -1, 2, 1, 1, -2, -2, -2, 1, 1, 2, -1, 2, 2]"
776,dfs_bnb_mpi,0.852813,-10,11,244728,"[-1, -1, 2, 1, 1, 1, -2, -2, -1, -1, -1, -1, -1, 2, 1, 2, 2, 1, 1]"
777,dfs_bnb_mpi,3.49686,-10,11,954069,"[-1, -1, 2, 1, 2, 1, 1, 1, -2, -2, -2, -2, -1, -1, 2, 1, 2, 2, -1]"
778,dfs_bnb_mpi,0.858886,-10,11,223845,"[-1, -2, 1, 1, 1, 2, -1, 2, 1, 2, 2, -1, -2, -1, -1, -1, -2, 1, 1]"
779,dfs_bnb_mpi,0.917696,-9,10,232711,"[-1, -1, 2, 2, 2, 2, 2, 1, -2, -2, -2, -2, 1, 2, 2, 2, 1, 2, -1]"
780,dfs_bnb_mpi,0.525677,-10,11,147780,"[-1, -2, 1, 1, 2, 2, 2, -1, -2, -1, -1, -2, -1, 2, 2, 1, 2, 1, -2]"
781,dfs_bnb_mpi,0.33092,-10,11,96505,"[-1, -1, 2, 1, 2, -1, 2, 1, 1, 2, 1, -2, 1, -2, -1, -1, -2, 1, 1]"
782,dfs_bnb_mpi,0.955932,-10,11,260318,"[-1, -2, -2, -1, -1, -1, 2, 1, 1, 2, -1, -1, -1, 2, 1, 1, 1, 1, 2]"
783,dfs_bnb_mpi,0.95851,-10,11,240016,"[-1, -1, 2, 1, 1, 1, -2, -2, -1, -1, -2, 1, 1, -2, -1, -1, -1, 2, 2]"
784,dfs_bnb_mpi,0.487249,-11,11,135463,"[-1, -2, -2, 1, 2, 1, 2, 2, 2, -1, -2, -1, -1, -2, -1, -2, -2, 1, 2]"
785,dfs_bnb_mpi,2.48033,-10,11,584595,"[-1, -2, -1, 2, -1, -1, -2, 1, -2, -1, -2, 1, 1, 2, 1, -2, 1, 2, 2]"
786,dfs_bnb_mpi,1.59956,-11,12,445646,"[-1, -2, 1, -2, 1, 2, 2, 1, 2, 2, 2, -1, -1, -2, -1, -2, 1, 1, 2]"
787,dfs_bnb_mpi,0.318733,-10,11,74436,"[-1, -1, 2, -1, 2, -1, 2, 2, 1, -2, 1, -2, 1, -2, 1, 2, 2, -1, 2]"
788,dfs_bnb_mpi,0.342234,-10,10,88705,"[-1, -2, -1, -1, -1, 2, 2, 1, -2, 1, 2, 1, 2, 2, -1, -2, -1, -1, 2]"
789,dfs_bnb_mpi,3.40873,-10,11,888867,"[-1, -2, 1, 1, 2, 1, 1, 2, 2, 1, 2, -1, -1, -2, -1, -1, -2, 1, 1]"
790,dfs_bnb_mpi,0.569764,-10,11,148798,"[-1, -2, 1, 1, -2, -1, -2, 1, -2, 1, 2, 2, 1, 2, -1, 2, -1, 2, -1]"
791,dfs_bnb_mpi,0.109354,-11,12,30882,"[-1, -2, 1, 1, -2, -1, -1, -1, -1, 2, 1, 2, 2, 1, 2, 1, -2, 1, -2]"
792,dfs_bnb_mpi,3.178,-10,11,798837,"[-1, -1, 2, -1, -2, -1, -2, 1, -2, -2, 1, 2, 2, 1, 1, -2, -1, -2, 1]"
793,dfs_bnb_mpi,0.968172,-11,10,227147,"[-1, -1, 2, 2, 2, 1, 2, 2, 1, -2, 1, -2, -1, -2, 1, -2, -1, -1, 2]"
794,dfs_bnb_mpi,0.695341,-10,11,188340,"[-1, -2, 1, 1, 2, 2, 1, -2, 1, -2, -1, -2, -1, -2, -1, 2, -1, -2, -1]"
795,dfs_bnb_mpi,2.10573,-10,11,497108,"[-1, -2, 1, 1, 2, 2, 1, -2, -2, 1, -2, -2, -1, 2, -1, -2, -1, 2, -1]"
796,dfs_bnb_mpi,0.318787,-11,12,81757,"[-1, -2, 1, 1, -2, -1, -2, -1, 2, -1, 2, 2, 2, 1, 1, 2, 1, -2, -2]"
797,dfs_bnb_mpi,0.797386,-10,11,194166,"[-1, -1, -1, -1, 2, 1, 1, 1, 1, 2, 2, -1, -2, -1, 2, 2, -1, -2, -2]"
798,dfs_bnb_mpi,1.03008,-9,10,247061,"[-1, -2, 1, 1, 2, 2, 2, 1, 2, -1, -1, -2, -2, -1, -1, 2, 1, 2, 2]"
799,dfs_bnb_mpi,4.42969,-10,11,997815,"[-1, -1, 2, -1, -1, 2, 1, 1, 2, 1, 1, 1, -2, -1, -1, -2, 1, 1, -2]"
800,dfs_bnb_mpi,0.742964,-10,11,193483,"[-1, -1, 2, 2, 1, -2, 1, 2, 2, 1, 1, -2, -1, -2, 1, -2, -1, -2, 1]"
801,dfs_bnb_mpi,0.575171,-11,12,151437,"[-1, -2, 1, 1, 1, -2, -1, -1, -2, -1, 2, -1, 2, 2, 2, 1, 1, 1, -2]"
802,dfs_bnb_mpi,1.54268,-10,11,347710,"[-1, -1, 2, 1, 1, 1, 1, -2, -1, -2, -2, -1, 2, -1, -1, -1, -2, 1, 1]"
803,dfs_bnb_mpi,0.340573,-11,11,84052,"[-1, -2, 1, 1, 2, 2, -1, 2, 1, 1, -2, -2, -2, -2, -1, -1, -2, -1, 2]"
804,dfs_bnb_mpi,2.63528,-10,10,720276,"[-1, -1, 2, 1, 1, 1, -2, -2, -1, -1, -1, -1, -2, 1, -2, 1, 2, 1, -2]"
805,dfs_bnb_mpi,0.653329,-11,11,177805,"[-1, -2, 1, 1, -2, -1, -1, -1, -2, 1, 1, 1, 1, 2, 1, 2, -1, 2, -1]"
806,dfs_bnb_mpi,0.482286,-10,11,137912,"[-1, -1, 2, 1, 1, 2, 1, -2, -2, 1, 2, 2, 2, 2, -1, -2, -1, -1, -2]"
807,dfs_bnb_mpi,0.76233,-11,12,204381,"[-1, -2, 1, -2, -2, 1, 2, 2, 1, -2, -2, 1, 1, 2, -1, 2, 2, -1, -1]"
808,dfs_bnb_mpi,2.39884,-9,10,534977,"[-1, -1, 2, 2, -1, -1, 2, -1, -2, -1, -2, 1, 1, 1, -2, -1, -1, -2, 1]"
809,dfs_bnb_mpi,0.085601,-11,11,22675,"[-1, -2, -2, -2, 1, 2, 2, 1, -2, -2, 1, 2, 2, 1, 2, -1, 2, -1, -2]"
810,dfs_bnb_mpi,1.8752,-11,12,455227,"[-1, -2, 1, 1, 2, 1, 1, -2, 1, -2, -1, -2, -1, -1, -1, 2, 1, 1, 2]"
811,dfs_bnb_mpi,2.21232,-9,9,557735,"[-1, -1, 2, 1, 2, -1, 2, -1, 2, 2, -1, -2, -2, -2, 1, -2, -1, -2, 1]"
812,dfs_bnb_mpi,1.29353,-10,11,339543,"[-1, -1, 2, 2, 1, -2, 1, 2, 1, 1, -2, -1, -2, -2, -1, -2, -1, 2, -1]"
813,dfs_bnb_mpi,0.772362,-9,10,178821,"[-1, -1, 2, 1, 2, 2, 1, 2, 1, -2, -2, -1, -2, 1, 1, 2, 2, 2, 2]"
814,dfs_bnb_mpi,0.57956,-9,10,146499,"[-1, -1, 2, 2, 2, 2, 1, -2, -2, -2, 1, 1, 2, -1, 2, 2, 1, -2, 1]"
815,dfs_bnb_mpi,6.01573,-11,12,1339326,"[-1, -2, -1, -2, 1, -2, -2, 1, 2, 1, 1, 2, 2, 2, -1, -2, -1, -2, 1]"
816,dfs_bnb_mpi,0.610122,-10,11,164708,"[-1, -1, 2, 2, 2, 1, -2, -2, 1, 1, -2, 1, 2, 2, 2, -1, -1, -2, 1]"
817,dfs_bnb_mpi,0.704889,-10,11,164163,"[-1, -1, 2, 1, 2, 2, 1, 1, 1, -2, -1, -1, -2, 1, 1, -2, -1, -2, -1]"
818,dfs_bnb_mpi,0.612218,-10,11,147759,"[-1, -1, 2, 2, 1, -2, 1, 1, -2, -2, -2, -1, 2, -1, -1, -1, -2, 1, 1]"
819,dfs_bnb_mpi,5.80752,-9,9,1471065,"[-1, -1, 2, 2, 2, 1, 2, 1, -2, 1, 2, 1, -2, -2, -1, -1, -1, -2, 1]"
820,dfs_bnb_mpi,0.333381,-10,11,82438,"[-1, -1, 2, 2, 1, -2, 1, 2, 2, 1, -2, -2, -2, 1, 2, 1, 2, -1, 2]"
821,dfs_bnb_mpi,2.66478,-9,10,600064,"[-1, -1, 2, 2, -1, 2, 2, 1, -2, 1, 2, 1, -2, -2, -1, -2, 1, 1, 2]"
822,dfs_bnb_mpi,3.84768,-9,10,935330,"[-1, -1, 2, 2, -1, 2, 2, 2, -1, -2, -1, -2, 1, -2, -1, -2, 1, 1, -2]"
823,dfs_bnb_mpi,0.281415,-10,11,66975,"[-1, -1, 2, -1, -2, -1, -1, 2, 1, 2, 1, 1, 2, -1, 2, -1, -2, -1, -2]"
824,dfs_bnb_mpi,0.636764,-10,11,167274,"[-1, -1, 2, 1, 1, 2, 1, 1, -2, -1, -2, -2, -1, -1, -2, -1, 2, -1, 2]"
825,dfs_bnb_mpi,0.055907,-10,11,14408,"[-1, -1, 2, 1, 1, 1, -2, -2, -2, -1, 2, -1, -1, -1, -2, 1, 1, -2, 1]"
826,dfs_bnb_mpi,1.65209,-9,10,382635,"[-1, -1, 2, 2, -1, -1, -1, -1, -2, -1, -2, 1, 1, 2, 1, 1, -2, -1, -2]"
827,dfs_bnb_mpi,2.9793,-8,9,687805,"[-1, -1, 2, 2, 2, 2, 1, 2, 1, 1, -2, -1, -2, -1, -2, 1, 1, 2, 1]"
828,dfs_bnb_mpi,1.44383,-10,11,394931,"[-1, -1, 2, 1, 2, -1, -1, 2, 1, 2, 2, 2, 1, -2, -2, -2, 1, -2, -2]"
829,dfs_bnb_mpi,0.577693,-9,10,140675,"[-1, -1, 2, 1, 2, -1, 2, 1, 1, 2, 1, -2, -2, -1, -2, 1, 1, 2, 2]"
830,dfs_bnb_mpi,6.30345,-9,10,1451988,"[-1, -1, 2, 2, 2, 1, 2, 2, 1, -2, 1, -2, -1, -2, 1, -2, -1, -1, 2]"
831,dfs_bnb_mpi,0.230614,-10,10,63309,"[-1, -1, 2, 2, 1, -2, 1, 2, 1, -2, 1, -2, -1, -2, -1, -1, -2, -1, 2]"
832,dfs_bnb_mpi,0.120963,-10,11,33107,"[-1, -1, 2, 2, 1, -2, 1, 1, 2, -1, 2, -1, 2, -1, -2, -1, -2, -2, -1]"
833,dfs_bnb_mpi,1.1064,-9,10,280775,"[-1, -1, 2, 2, -1, -1, 2, -1, 2, 1, 1, -2, 1, 1, -2, -2, 1, 2, 2]"
834,dfs_bnb_mpi,0.424223,-10,11,117417,"[-1, -1, 2, 1, 2, -1, -1, -2, -2, -1, 2, -1, 2, 1, 2, 2, 1, -2, 1]"
835,dfs_bnb_mpi,0.151072,-10,11,34847,"[-1, -1, 2, 2, 2, 1, 1, -2, -1, -2, 1, 1, -2, 1, 2, 2, -1, 2, 2]"
836,dfs_bnb_mpi,3.78504,-10,11,962079,"[-1, -1, 2, 2, -1, 2, 1, 1, 1, -2, 1, 1, -2, -2, -1, 2, -1, -1, 2]"
837,dfs_bnb_mpi,0.876607,-11,11,247661,"[-1, -2, 1, 1, 2, 2, -1, 2, 1, 1, 1, -2, 1, -2, -1, -2, -1, 2, 2]"
838,dfs_bnb_mpi,1.97562,-10,11,528690,"[-1, -1, 2, 2, -1, 2, 1, 2, 1, 1, 1, -2, -2, -1, -2, -1, 2, 2, 1]"
839,dfs_bnb_mpi,0.528361,-11,12,127484,"[-1, -2, 1, 1, 2, 1, 2, 2, 2, -1, -2, -2, -1, -1, 2, 1, 2, 2, 1]"
840,dfs_bnb_mpi,0.190851,-10,11,53981,"[-1, -1, 2, 1, 2, -1, -1, -2, -2, -2, 1, 1, 1, 1, 1, 2, -1, 2, -1]"
841,dfs_bnb_mpi,0.702294,-10,11,175841,"[-1, -1, 2, 1, 1, 2, 2, -1, -2, -1, -1, -2, -2, -2, -2, 1, 1, 2, -1]"
842,dfs_bnb_mpi,1.45043,-9,10,378325,"[-1, -1, 2, 1, 1, 2, -1, 2, 2, 2, -1, -2, -1, -2, 1, -2, -1, -2, -1]"
843,dfs_bnb_mpi,0.261708,-10,11,64440,"[-1, -1, 2, 2, 2, 2, 1, 1, -2, -1, -2, -2, 1, 2, 1, -2, -2, -2, -1]"
844,dfs_bnb_mpi,6.07481,-8,9,1729719,"[-1, -1, 2, 2, 2, 2, -1, -2, -1, -2, -1, -1, -2, 1, 1, -2, 1, 2, 2]"
845,dfs_bnb_mpi,1.47496,-11,12,390984,"[-1, -1, 2, 1, 1, 1, 1, -2, 1, -2, -1, -2, -1, -1, -1, 2, 1, 1, 2]"
846,dfs_bnb_mpi,0.124597,-11,12,33914,"[-1, -1, 2, 2, 1, -2, 1, 2, 1, -2, -2, -2, -1, -1, -2, -1, 2, -1, 2]"
847,dfs_bnb_mpi,0.841957,-11,12,218431,"[-1, -1, 2, 1, 2, 1, -2, 1, 1, -2, -1, -2, -2, -1, 2, -1, -1, -2, 1]"
848,dfs_bnb_mpi,1.19626,-9,10,289323,"[-1, -1, 2, 2, 2, 2, -1, -2, -1, -1, -2, 1, 1, -2, -1, -1, -2, 1, 1]"
849,dfs_bnb_mpi,4.5198,-9,10,1231941,"[-1, -1, 2, 2, 2, 2, -1, -2, -1, -1, -2, 1, -2, -1, -2, 1, 1, 2, 2]"
850,dfs_bnb_mpi,1.57725,-10,11,374112,"[-1, -1, -1, 2, 2, 1, 1, 2, 2, 1, 1, -2, -1, -2, 1, -2, -1, -1, -1]"
851,dfs_bnb_mpi,0.20692,-10,10,54367,"[-1, -1, 2, 1, 2, 1, -2, 1, -2, -2, -1, -1, -1, -1, -2, 1, 1, 1, 1]"
852,dfs_bnb_mpi,0.347111,-9,10,81706,"[-1, -2, 1, 1, 2, 2, 1, -2, 1, 2, 2, -1, -1, 2, -1, -2, -2, -1, 2]"
853,dfs_bnb_mpi,0.655692,-9,10,165759,"[-1, -2, 1, 1, 2, 2, -1, -1, -1, -2, -2, -1, 2, 2, 2, 1, 1, 2, 2]"
854,dfs_bnb_mpi,0.490476,-10,11,130633,"[-1, -1, 2, 1, 2, 2, 1, -2, -2, 1, -2, -2, -2, -2, -1, 2, -1, 2, 1]"
855,dfs_bnb_mpi,3.08345,-9,10,739648,"[-1, -1, 2, 2, 2, -1, 2, 1, 2, 1, -2, -2, 1, -2, 1, -2, -1, -1, 2]"
856,dfs_bnb_mpi,0.716134,-9,10,204575,"[-1, -1, 2, 2, 1, -2, 1, 1, -2, -2, -1, -2, -2, -1, 2, 2, -1, -2, -1]"
857,dfs_bnb_mpi,1.64047,-10,10,422282,"[-1, -2, -1, -2, 1, 1, 2, 1, 2, 1, -2, -2, -1, -2, -1, -1, -1, -1, 2]"
858,dfs_bnb_mpi,0.734498,-10,11,198225,"[-1, -2, -1, 2, 2, 1, 1, 2, 1, -2, 1, 2, 1, -2, -2, -1, -1, -2, -1]"
859,dfs_bnb_mpi,3.58032,-10,10,936391,"[-1, -1, 2, 2, 2, 1, 2, 1, 1, -2, 1, -2, -1, -2, -1, -1, 2, 1, 2]"
860,dfs_bnb_mpi,0.195958,-10,11,52620,"[-1, -1, 2, 1, 2, -1, -1, -1, -2, 1, -2, -1, -2, 1, -2, 1, 1, 2, -1]"
861,dfs_bnb_mpi,0.821172,-10,11,204541,"[-1, -1, 2, -1, -2, -1, 2, 2, 1, 1, 2, -1, -1, -1, -1, -2, -2, 1, 2]"
862,dfs_bnb_mpi,1.47712,-11,12,392031,"[-1, -2, -2, -1, 2, 2, -1, 2, 1, 1, 1, 2, 1, -2, -2, -2, -2, -1, 2]"
863,dfs_bnb_mpi,0.131346,-9,10,31154,"[-1, -2, 1, 1, 2, 2, -1, 2, 1, 1, -2, -2, -2, 1, 2, 2, 2, 2, 2]"
864,dfs_bnb_mpi,0.243502,-9,10,58476,"[-1, -1, 2, 2, 2, 2, 1, -2, -2, -2, 1, 1, -2, 1, 2, 2, -1, -1, 2]"
865,dfs_bnb_mpi,0.10627,-10,10,29080,"[-1, -1, 2, 2, 1, -2, 1, 2, 2, 1, -2, -2, 1, 1, -2, -1, -2, -1, 2]"
866,dfs_bnb_mpi,1.04863,-10,11,273710,"[-1, -1, 2, 1, 1, 2, -1, -1, 2, 2, 1, -2, 1, 1, 1, -2, -1, -2, -2]"
867,dfs_bnb_mpi,0.547807,-9,10,124013,"[-1, -1, 2, 2, 2, 2, 2, 1, -2, 1, -2, -1, -2, -2, 1, 2, 1, 2, 2]"
868,dfs_bnb_mpi,10.3952,-8,9,2338500,"[-1, -1, 2, -1, -1, -1, -2, -2, -2, -2, 1, 1, 2, -1, 2, 2, 1, -2, 1]"
869,dfs_bnb_mpi,0.230657,-9,10,54568,"[-1, -1, 2, 2, 2, 2, 1, -2, 1, 1, -2, -1, -1, -2, 1, 1, -2, 1, 2]"
870,dfs_bnb_mpi,2.44098,-10,11,548741,"[-1, -2, -1, 2, 2, 1, 2, -1, 2, 2, -1, -2, -1, -2, 1, -2, -1, -2, 1]"
871,dfs_bnb_mpi,1.58264,-11,11,452020,"[-1, -2, 1, 1, 1, 2, 2, 2, -1, -1, 2, -1, -2, -1, -2, 1, 1, 1, -2]"
872,dfs_bnb_mpi,4.39878,-9,10,1123702,"[-1, -1, -1, 2, 2, 2, 2, 1, -2, -2, -2, 1, 1, 2, 2, 2, -1, -2, -2]"
873,dfs_bnb_mpi,0.138643,-11,12,34561,"[-1, -1, 2, 2, 2, 1, -2, -2, 1, 1, 2, -1, 2, 1, 2, -1, 2, -1, -2]"
874,dfs_bnb_mpi,4.14494,-11,12,974693,"[-1, -2, -1, -2, -1, -2, 1, -2, 1, 2, 1, -2, 1, 2, 2, 2, -1, -2, -1]"
875,dfs_bnb_mpi,0.967475,-10,11,233173,"[-1, -2, 1, 1, 2, 2, 1, 1, 2, 1, -2, -2, -1, -1, -2, -2, 1, 2, 1]"
876,dfs_bnb_mpi,0.315986,-10,11,91217,"[-1, -1, 2, 1, 1, 2, -1, -1, 2, -1, -2, -2, -1, -2, 1, -2, 1, 1, 1]"
877,dfs_bnb_mpi,0.648324,-10,11,173374,"[-1, -1, 2, -1, -2, -2, -2, -2, 1, 2, 2, 1, 1, 1, -2, -1, -2, -1, 2]"
878,dfs_bnb_mpi,3.88412,-9,10,1055730,"[-1, -1, 2, 2, 2, 1, -2, -2, 1, 1, 1, 2, 2, -1, 2, -1, -2, -2, 1]"
879,dfs_bnb_mpi,0.382603,-10,11,93635,"[-1, -1, 2, 1, 2, 1, -2, 1, 2, 2, 2, -1, -2, -1, 2, -1, -2, -2, -1]"
880,dfs_bnb_mpi,0.799851,-10,10,216930,"[-1, -1, 2, 1, 1, 2, -1, 2, -1, -2, -1, 2, 2, -1, -2, -2, -2, 1, -2]"
881,dfs_bnb_mpi,0.114899,-10,11,30579,"[-1, -1, 2, 1, 1, 2, -1, -1, -1, -2, -1, -2, 1, -2, 1, 1, 1, 1, 2]"
882,dfs_bnb_mpi,0.355911,-10,11,89497,"[-1, -2, -1, -2, 1, -2, 1, 2, 2, 1, -2, -2, 1, 2, 2, 2, -1, 2, 2]"
883,dfs_bnb_mpi,6.2756,-10,11,1414856,"[-1, -2, -1, 2, 2, -1, 2, 2, 2, 1, 1, -2, 1, -2, -2, -1, 2, -1, 2]"
884,dfs_bnb_mpi,0.247782,-9,10,66012,"[-1, -1, 2, 2, 1, -2, 1, 2, 2, -1, 2, -1, -2, -1, -2, -2, -2, -1, 2]"
885,dfs_bnb_mpi,2.28341,-10,11,615044,"[-1, -1, 2, 2, 2, 2, -1, -1, -2, 1, -2, -1, -1, -2, -2, 1, 2, 1, -2]"
886,dfs_bnb_mpi,0.629369,-9,10,162000,"[-1, -1, 2, 2, -1, -1, -2, 1, -2, -2, 1, 1, -2, 1, 2, 1, 2, 2, -1]"
887,dfs_bnb_mpi,1.20371,-10,10,317642,"[-1, -2, -1, 2, 2, 1, 1, 2, -1, -1, 2, -1, -2, -2, -1, -2, -2, 1, 2]"
888,dfs_bnb_mpi,0.289561,-11,12,79809,"[-1, -2, 1, 1, -2, -1, -1, -1, 2, 2, 2, 2, 1, -2, 1, 1, -2, 1, -2]"
889,dfs_bnb_mpi,0.161157,-9,9,42266,"[-1, -1, 2, 2, 1, -2, 1, 2, 1, -2, -2, -2, -2, -1, 2, -1, -1, -1, 2]"
890,dfs_bnb_mpi,1.60698,-10,11,422226,"[-1, -1, 2, 2, 1, -2, 1, 2, 2, -1, -1, -1, -1, -2, -1, -2, 1, 1, 2]"
891,dfs_bnb_mpi,0.93419,-9,10,246626,"[-1, -1, 2, 2, 1, -2, 1, 2, 2, 2, 1, -2, -2, 1, -2, -1, -2, 1, 1]"
892,dfs_bnb_mpi,0.601176,-10,11,139643,"[-1, -1, 2, 1, 2, 2, -1, -2, -1, -2, -1, -2, 1, -2, 1, -2, -1, -1, 2]"
893,dfs_bnb_mpi,0.177307,-9,10,42399,"[-1, -2, -2, -1, 2, -1, -2, -1, 2, 2, 1, 1, 2, 1, 2, -1, -1, -2, -1]"
894,dfs_bnb_mpi,2.80368,-10,11,760827,"[-1, -2, 1, 1, 2, 2, 2, -1, -2, -1, -1, 2, 2, 2, 1, 1, -2, -1, -2]"
895,dfs_bnb_mpi,0.404152,-10,11,109011,"[-1, -2, -2, 1, 2, 1, 2, 1, 2, -1, -1, 2, -1, -2, -1, -2, -2, -2, -1]"
896,dfs_bnb_mpi,1.80808,-9,9,475507,"[-1, -1, 2, 2, 2, 1, -2, -2, 1, 2, 1, -2, -2, -2, -1, -1, -1, -1, 2]"
897,dfs_bnb_mpi,3.71632,-10,11,904977,"[-1, -1, 2, 2, 2, 2, 1, 2, 1, -2, 1, -2, -2, -1, 2, -1, -2, -2, 1]"
898,dfs_bnb_mpi,6.99704,-9,10,1621840,"[-1, -1, -1, 2, 2, -1, 2, 2, 1, -2, 1, 1, 1, -2, -1, -1, -2, 1, 1]"
899,dfs_bnb_mpi,0.207247,-11,12,58468,"[-1, -1, 2, 1, 1, 1, -2, -2, -1, -1, -1, -1, -2, 1, 1, -2, 1, 2, 1]"
900,dfs_bnb_mpi,1.17587,-10,11,331333,"[-1, -1, 2, 1, 1, 2, -1, -1, 2, 1, 2, 1, -2, 1, -2, -2, 1, -2, -1]"
901,dfs_bnb_mpi,1.55366,-10,11,380689,"[-1, -1, 2, 1, 2, 2, 2, 1, -2, 1, 1, -2, -1, -1, -2, 1, 1, -2, -1]"
902,dfs_bnb_mpi,0.034596,-10,10,8964,"[-1, -1, 2, 1, 2, 1, -2, 1, 2, 2, -1, 2, -1, -2, -1, -2, -1, -2, -1]"
903,dfs_bnb_mpi,2.50146,-11,12,613431,"[-1, -1, 2, -1, 2, 1, 2, 2, 1, 1, 1, -2, -2, -1, 2, -1, -2, -2, 1]"
904,dfs_bnb_mpi,0.25427,-10,11,67756,"[-1, -1, 2, 2, 1, -2, 1, 1, -2, 1, -2, -2, -1, 2, -1, -1, -2, 1, -2]"
905,dfs_bnb_mpi,0.846497,-8,9,199048,"[-1, -1, 2, 2, 1, -2, 1, 2, 2, 1, -2, -2, -2, -2, -1, -1, -2, 1, 1]"
906,dfs_bnb_mpi,1.21517,-11,11,292085,"[-1, -2, 1, 1, -2, -1, -1, -2, -1, 2, -1, 2, 1, 2, 2, 1, 1, 1, -2]"
907,dfs_bnb_mpi,0.272133,-10,11,71565,"[-1, -1, 2, 2, 1, -2, 1, 2, 1, -2, -2, -2, -1, -1, -1, -1, 2, 2, 2]"
908,dfs_bnb_mpi,0.058906,-10,10,13756,"[-1, -1, -1, -1, 2, 1, 2, 1, -2, 1, 2, 2, -1, 2, -1, -2, -1, -2, -1]"
909,dfs_bnb_mpi,0.035347,-9,10,8494,"[-1, -1, 2, 2, 1, -2, 1, 1, 2, -1, 2, -1, -1, 2, 1, 1, 1, -2, 1]"
910,dfs_bnb_mpi,0.248164,-11,12,62662,"[-1, -2, 1, 1, 2, 2, 2, 2, -1, -2, -2, -1, 2, -1, -2, -1, -2, 1, -2]"
911,dfs_bnb_mpi,0.990697,-10,11,245330,"[-1, -1, 2, 1, 1, 2, -1, -1, 2, -1, -1, -2, -2, -2, -2, 1, 2, 2, 2]"
912,dfs_bnb_mpi,1.4999,-10,11,349644,"[-1, -1, 2, 1, 2, -1, 2, -1, 2, -1, -1, -2, 1, -2, 1, -2, -1, -2, 1]"
913,dfs_bnb_mpi,0.461708,-10,11,110147,"[-1, -1, 2, 1, 1, 2, 1, -2, 1, -2, -1, -2, 1, -2, -1, -1, 2, -1, -1]"
914,dfs_bnb_mpi,1.49281,-10,11,385042,"[-1, -1, 2, 1, 2, -1, 2, 1, 2, 1, -2, -2, 1, 1, -2, -2, -1, 2, -1]"
915,dfs_bnb_mpi,1.96839,-11,12,521387,"[-1, -2, 1, 1, 2, 1, 2, 2, 2, 2, -1, -2, -1, -2, -1, -2, 1, 1, 2]"
916,dfs_bnb_mpi,0.232758,-10,11,62166,"[-1, -2, -2, 1, 2, 1, 2, 2, -1, 2, 1, 1, -2, -2, -2, -2, -1, -2, 1]"
917,dfs_bnb_mpi,0.661048,-10,11,155432,"[-1, -1, 2, 2, 2, 1, 2, 1, -2, 1, -2, -1, -1, -2, 1, 1, 1, 2, 2]"
918,dfs_bnb_mpi,4.22262,-10,11,1116981,"[-1, -1, 2, 1, 2, 1, -2, 1, 2, 1, 2, -1, 2, -1, -2, -1, -1, -2, -1]"
919,dfs_bnb_mpi,1.43912,-9,10,370552,"[-1, -1, 2, -1, -2, -2, 1, 1, 1, -2, -1, -1, -2, 1, 1, 1, 2, 2, 2]"
920,dfs_bnb_mpi,1.15426,-10,11,297385,"[-1, -1, 2, 1, 2, 2, 1, 1, -2, -1, -2, 1, -2, 1, 1, 2, -1, 2, 2]"
921,dfs_bnb_mpi,2.56334,-10,11,594861,"[-1, -2, 1, 1, 2, 2, 1, 2, 2, 2, -1, -1, -2, 1, -2, -1, -1, -2, 1]"
922,dfs_bnb_mpi,0.276394,-10,10,66239,"[-1, -1, 2, 2, -1, -1, -1, -2, 1, 1, -2, -1, -1, -2, 1, 1, -2, 1, 2]"
923,dfs_bnb_mpi,0.186753,-10,11,50116,"[-1, -1, 2, 2, 1, -2, 1, 2, 2, 1, -2, 1, -2, -1, -2, -2, -1, -1, -1]"
924,dfs_bnb_mpi,0.957586,-9,10,278914,"[-1, -1, 2, 1, 1, 2, -1, 2, -1, -2, -1, 2, -1, -2, -2, 1, -2, -1, -1]"
925,dfs_bnb_mpi,0.590645,-10,11,170133,"[-1, -1, 2, 2, 1, -2, 1, 2, 2, 2, 2, -1, -1, -2, -1, -2, 1, 1, 2]"
926,dfs_bnb_mpi,1.08395,-10,11,300357,"[-1, -1, 2, 1, 2, 1, 2, 2, 1, -2, -2, 1, -2, -2, -2, -1, 2, 2, -1]"
927,dfs_bnb_mpi,1.30525,-10,10,339276,"[-1, -1, -1, 2, 1, 1, 2, 1, -2, 1, 1, -2, -1, -2, -1, -1, -1, -2, 1]"
928,dfs_bnb_mpi,1.52753,-10,11,356309,"[-1, -1, 2, -1, 2, 1, 2, 1, 1, 1, -2, -1, -1, -2, 1, 1, 1, -2, -1]"
929,dfs_bnb_mpi,1.47284,-10,11,335175,"[-1, -1, 2, 1, 2, 2, 2, 1, 1, -2, -1, -2, -2, 1, 2, 1, -2, -2, -1]"
930,dfs_bnb_mpi,1.28735,-11,12,344890,"[-1, -2, 1, 1, 2, 2, -1, -1, 2, 1, 1, 1, 1, -2, -2, -2, -1, 2, 2]"
931,dfs_bnb_mpi,4.02557,-9,10,1056242,"[-1, -1, 2, 1, 2, 2, 1, -2, 1, 2, 1, -2, -2, 1, -2, -1, -1, 2, -1]"
932,dfs_bnb_mpi,0.426639,-9,10,103490,"[-1, -1, 2, 2, 1, -2, 1, 2, 2, 1, 1, -2, -1, -2, 1, 1, -2, -1, -1]"
933,dfs_bnb_mpi,1.00168,-9,10,239396,"[-1, -1, 2, 2, 2, 1, 2, 2, 1, -2, -2, -2, -1, -2, 1, 1, 2, 2, 2]"
934,dfs_bnb_mpi,0.989864,-9,10,270354,"[-1, -1, 2, -1, -1, -1, -2, 1, 1, -2, 1, -2, -1, -1, -1, -1, 2, 1, 1]"
935,dfs_bnb_mpi,0.26194,-9,10,64736,"[-1, -1, 2, 2, 1, -2, 1, 2, 2, 2, -1, -2, -1, -1, 2, 1, 2, 1, 2]"
936,dfs_bnb_mpi,0.482637,-9,10,134270,"[-1, -1, 2, 2, 2, 1, -2, -2, 1, 1, 1, 2, -1, -1, 2, 2, 1, -2, 1]"
937,dfs_bnb_mpi,0.475284,-11,12,122078,"[-1, -2, 1, 1, 2, 1, 1, -2, -1, -2, 1, -2, -1, -1, 2, -1, -1, -2, 1]"
938,dfs_bnb_mpi,0.309669,-10,11,84161,"[-1, -2, 1, 1, 2, 2, 1, -2, 1, 2, 1, -2, -2, -1, -1, -2, -1, -1, -1]"
939,dfs_bnb_mpi,0.60889,-10,11,156864,"[-1, -1, 2, 1, 2, 1, -2, 1, 1, -2, -1, -2, -1, -1, -2, -1, 2, -1, 2]"
940,dfs_bnb_mpi,2.13048,-10,11,528188,"[-1, -1, 2, 2, 2, 2, 1, 2, 1, -2, 1, -2, -2, -1, -2, -1, 2, 2, 1]"
941,dfs_bnb_mpi,0.186027,-10,11,43428,"[-1, -2, 1, 1, 2, 2, -1, 2, 2, -1, -1, -2, 1, -2, -1, -1, -2, 1, -2]"
942,dfs_bnb_mpi,0.365613,-11,12,101707,"[-1, -1, 2, 1, 1, 1, -2, 1, 2, 2, -1, -1, 2, -1, 2, -1, -2, -2, 1]"
943,dfs_bnb_mpi,1.88159,-10,11,428127,"[-1, -1, -1, 2, 1, 1, 1, 2, -1, 2, -1, -2, -1, 2, -1, -2, -1, -2, 1]"
944,dfs_bnb_mpi,0.3652,-10,11,101091,"[-1, -1, -1, 2, 2, 1, -2, 1, 1, 1, 2, -1, -1, 2, 2, -1, -1, -2, 1]"
945,dfs_bnb_mpi,1.52805,-9,10,348318,"[-1, -1, 2, 1, 1, 2, 2, 1, 1, -2, -1, -2, 1, -2, -1, -2, -1, -1, -1]"
946,dfs_bnb_mpi,0.824427,-9,10,204604,"[-1, -2, -1, -2, 1, -2, 1, 2, 2, 1, 2, 2, 1, -2, -2, -2, -1, -2, 1]"
947,dfs_bnb_mpi,0.084689,-10,11,24307,"[-1, -1, 2, 2, 1, -2, 1, 2, 2, -1, 2, -1, 2, -1, -1, -2, 1, -2, 1]"
948,dfs_bnb_mpi,1.4353,-9,10,372021,"[-1, -1, 2, 2, 1, -2, 1, 1, -2, -2, -1, -2, -2, -1, 2, 2, -1, -2, -1]"
949,dfs_bnb_mpi,0.347011,-9,10,87702,"[-1, -1, 2, 2, -1, -1, -2, 1, -2, -1, -2, 1, -2, 1, 2, 1, -2, 1, 2]"
950,dfs_bnb_mpi,0.343269,-8,8,80976,"[-1, -1, 2, 2, 2, 2, 2, 1, -2, 1, -2, -1, -2, -2, 1, 2, 1, 2, 2]"
951,dfs_bnb_mpi,3.62428,-9,10,896890,"[-1, -1, 2, 1, 2, -1, -1, -2, -2, -2, 1, 1, -2, -1, -1, -1, 2, 2, 2]"
952,dfs_bnb_mpi,0.854053,-8,9,213765,"[-1, -1, 2, 2, -1, 2, 1, 2, 1, -2, 1, 1, -2, -1, -1, -2, 1, 1, 1]"
953,dfs_bnb_mpi,0.734904,-11,11,213832,"[-1, -2, -2, -1, -1, 2, 1, 2, 2, 1, 1, 1, -2, 1, -2, -1, -2, -1, 2]"
954,dfs_bnb_mpi,1.99268,-10,11,555668,"[-1, -2, -1, -1, -1, 2, 1, 1, 2, 1, 1, 2, -1, -1, 2, -1, -2, -2, -1]"
955,dfs_bnb_mpi,4.16668,-10,11,988827,"[-1, -1, 2, -1, 2, -1, 2, 1, 2, 1, 1, -2, 1, -2, -2, -1, 2, -1, 2]"
956,dfs_bnb_mpi,0.145466,-9,10,37174,"[-1, -1, -1, -1, 2, 2, 2, 1, -2, -2, 1, 2, 2, 2, 1, -2, -2, -2, 1]"
957,dfs_bnb_mpi,4.90743,-10,11,1167261,"[-1, -2, 1, 1, 2, 2, 2, 2, -1, -1, -1, -1, -2, 1, 1, 1, -2, -1, -1]"
958,dfs_bnb_mpi,1.33969,-10,11,345069,"[-1, -2, 1, 1, 1, -2, 1, -2, -2, -1, 2, -1, -2, -1, 2, -1, 2, 1, 1]"
959,dfs_bnb_mpi,0.940642,-11,12,261492,"[-1, -1, 2, 1, 1, 2, 1, -2, -2, -2, -2, -1, -1, -2, -1, 2, 2, 1, 1]"
960,dfs_bnb_mpi,1.7223,-10,11,419735,"[-1, -1, 2, 2, 1, -2, 1, 1, -2, -2, 1, -2, -1, -1, -1, -1, 2, 1, 1]"
961,dfs_bnb_mpi,0.662407,-10,11,183839,"[-1, -1, 2, 2, 1, -2, 1, 2, 1, -2, 1, -2, -1, -2, -2, -1, -1, 2, 1]"
962,dfs_bnb_mpi,1.49889,-10,11,343713,"[-1, -1, 2, 2, 2, -1, 2, 1, 2, 1, 1, -2, -1, -2, 1, -2, -2, -1, 2]"
963,dfs_bnb_mpi,0.469396,-11,12,114500,"[-1, -2, -1, -2, -1, 2, 2, 1, 2, 1, 2, 1, -2, 1, -2, -2, -1, -2, -1]"
964,dfs_bnb_mpi,0.578223,-11,12,146660,"[-1, -1, -1, 2, 2, 1, 2, 2, 1, 1, -2, -1, -2, 1, 1, -2, -1, -1, -1]"
965,dfs_bnb_mpi,13.8899,-8,9,3069567,"[-1, -1, 2, 2, 2, 2, 2, 1, -2, 1, 2, 1, -2, -2, -1, -1, -2, 1, 1]"
966,dfs_bnb_mpi,0.048046,-9,10,10974,"[-1, -2, 1, 1, 2, 1, -2, -2, -1, -1, -1, -2, 1, -2, 1, 2, 1, 1, 2]"
967,dfs_bnb_mpi,5.8338,-9,10,1458411,"[-1, -1, 2, 2, -1, -2, -1, -1, -2, 1, 1, -2, 1, 1, -2, -1, -1, -1, 2]"
968,dfs_bnb_mpi,0.235728,-9,10,59467,"[-1, -1, 2, 2, 2, 1, 1, 1, -2, -1, -1, -2, 1, 1, 1, 1, -2, -1, -1]"
969,dfs_bnb_mpi,0.933162,-10,11,216992,"[-1, -2, 1, 1, 2, 2, 1, 2, 2, 2, -1, -2, -2, -1, 2, -1, -2, -2, 1]"
970,dfs_bnb_mpi,1.07198,-10,10,273759,"[-1, -1, 2, 2, 1, -2, 1, 1, 2, -1, 2, -1, -1, -1, -2, -2, -1, -2, 1]"
971,dfs_bnb_mpi,0.318418,-10,10,77908,"[-1, -1, -1, 2, 1, 2, 1, -2, 1, 2, 1, -2, -2, -2, -1, -1, -2, -1, 2]"
972,dfs_bnb_mpi,2.01775,-10,11,509613,"[-1, -2, 1, 1, 2, 2, -1, 2, 2, 1, 2, -1, -1, -2, -1, -2, -2, 1, 2]"
973,dfs_bnb_mpi,1.63631,-10,11,433888,"[-1, -1, 2, -1, 2, -1, -2, -2, 1, -2, -1, -1, -2, 1, 1, 1, 1, 2, -1]"
974,dfs_bnb_mpi,4.05688,-10,11,963320,"[-1, -1, 2, 1, 2, 2, 1, -2, 1, 2, 1, 1, -2, -1, -2, -2, -1, 2, -1]"
975,dfs_bnb_mpi,2.37113,-10,11,615852,"[-1, -1, -1, 2, 1, 1, 1, 2, 2, 1, 2, -1, -1, -2, -1, -1, -2, 1, 1]"
976,dfs_bnb_mpi,0.100382,-10,11,26145,"[-1, -2, -1, 2, 2, 1, 1, 1, 2, -1, -1, -1, -1, -2, -1, -2, 1, -2, -1]"
977,dfs_bnb_mpi,1.64785,-11,12,453454,"[-1, -2, 1, 1, -2, -1, -1, -2, -1, -1, -1, 2, 2, 1, 2, 1, -2, -2, -1]"
978,dfs_bnb_mpi,1.00636,-9,10,275017,"[-1, -1, 2, -1, -1, -1, -2, 1, 1, -2, 1, -2, -2, -1, 2, -1, 2, -1, -1]"
979,dfs_bnb_mpi,2.10101,-10,11,478969,"[-1, -2, 1, 1, 2, 2, 1, -2, -2, 1, -2, -1, -2, -1, 2, -1, -1, -2, 1]"
980,dfs_bnb_mpi,0.9005,-10,11,226386,"[-1, -2, 1, 1, 2, 1, -2, -2, -1, -1, -1, -2, 1, 1, -2, 1, 2, 1, 2]"
981,dfs_bnb_mpi,0.568146,-10,11,134562,"[-1, -2, 1, 1, -2, -1, -1, -1, -2, -1, -2, 1, 1, 2, 1, 1, -2, -1, -2]"
982,dfs_bnb_mpi,0.057162,-9,10,15869,"[-1, -2, -1, 2, 2, 1, 2, 1, -2, 1, 2, 1, -2, -2, -1, -2, -1, -2, 1]"
983,dfs_bnb_mpi,0.103881,-9,9,24220,"[-1, -1, -1, -1, 2, 2, 2, 1, -2, -2, 1, 2, 2, 1, -2, -2, 1, 2, 2]"
984,dfs_bnb_mpi,4.0976,-10,10,957790,"[-1, -1, 2, 1, 1, 2, -1, 2, 1, 2, -1, -1, -1, -2, 1, -2, -1, -2, -2]"
985,dfs_bnb_mpi,1.54045,-10,11,349575,"[-1, -1, 2, -1, -2, -1, -2, -1, -2, 1, 1, 2, 1, 1, -2, -1, -2, -1, -1]"
986,dfs_bnb_mpi,0.347669,-11,12,92673,"[-1, -2, 1, 1, 1, -2, -1, -1, -1, -1, 2, 2, 2, 1, 2, 1, -2, 1, -2]"
987,dfs_bnb_mpi,0.456289,-9,10,112066,"[-1, -1, 2, 1, 2, -1, 2, -1, 2, -1, -2, -2, 1, -2, -1, -1, -2, 1, 1]"
988,dfs_bnb_mpi,1.14399,-10,11,286853,"[-1, -2, 1, 1, 2, 1, 2, -1, -1, -1, 2, 1, 1, 1, 2, -1, 2, -1, -2]"
989,dfs_bnb_mpi,2.74215,-9,10,790365,"[-1, -1, 2, 2, -1, -2, -2, -1, 2, 2, 2, 1, 2, 1, -2, 1, -2, -2, 1]"
990,dfs_bnb_mpi,3.86669,-10,11,896540,"[-1, -1, 2, 1, 1, 2, 1, -2, 1, 1, -2, -2, -1, 2, -1, -2, -1, -1, -1]"
991,dfs_bnb_mpi,3.6635,-9,10,989535,"[-1, -1, 2, 1, 2, 2, 1, 1, -2, -1, -2, 1, -2, 1, 2, 1, 2, -1, 2]"
992,dfs_bnb_mpi,1.46641,-10,11,351149,"[-1, -1, 2, 1, 2, -1, -1, -2, -2, -1, -2, -2, 1, 2, 1, -2, 1, 2, 1]"
993,dfs_bnb_mpi,0.372289,-10,10,88582,"[-1, -1, 2, 1, 2, -1, 2, -1, -2, -1, -2, 1, -2, -1, -2, 1, 1, 1, 1]"
994,dfs_bnb_mpi,5.97357,-9,10,1467434,"[-1, -1, 2, 2, -1, -1, -1, -2, -1, -2, -2, 1, 1, 1, 2, 2, -1, -2, -1]"
995,dfs_bnb_mpi,2.39614,-9,10,556092,"[-1, -1, 2, 1, 2, 2, 1, -2, -2, 1, -2, 1, -2, -1, -1, -1, -1, -1, 2]"
996,dfs_bnb_mpi,1.9284,-10,11,452060,"[-1, -1, 2, 1, 1, 1, -2, 1, -2, -2, -1, 2, -1, -1, -1, -2, 1, 1, -2]"
997,dfs_bnb_mpi,0.18209,-10,11,46569,"[-1, -2, 1, 1, 2, 1, -2, -2, -1, -2, -2, -1, 2, 2, -1, -1, -2, 1, -2]"
998,dfs_bnb_mpi,0.281456,-10,11,73443,"[-1, -1, 2, 1, 2, 1, -2, 1, -2, -2, -1, -1, -2, -1, 2, -1, 2, 2, 2]"
999,dfs_bnb_mpi,0.282068,-10,11,71829,"[-1, -1, 2, -1, 2, 1, 2, -1, 2, 1, 1, 1, -2, -1, -2, -2, 1, 2, 1]"
