protein_id,algorithm,time,score,checked,placed,hash
0,dfs_bnb_mpi,0.002956,-6,7,863,"[-1, -2, 1, 1, 2, 2, -1, 2, -1, -2, -1, -2, -1, 2]"
1,dfs_bnb_mpi,0.004277,-4,5,1349,"[-1, -2, 1, -2, 1, 2, 1, 1, 2, -1, -1, 2, 2, 2]"
2,dfs_bnb_mpi,0.075451,-4,5,21972,"[-1, -1, 2, 2, 2, 1, 1, 1, -2, -2, -1, -1, 2, 1]"
3,dfs_bnb_mpi,0.037022,-6,7,9738,"[-1, -2, 1, 1, 2, 2, -1, -1, 2, -1, -2, -2, -2, -1]"
4,dfs_bnb_mpi,0.150245,-3,4,33501,"[-1, -1, 2, 2, 2, 2, 1, 1, -2, -2, -1, -2, 1, 1]"
5,dfs_bnb_mpi,0.008555,-5,5,2368,"[-1, -1, -1, 2, 1, 2, 2, 1, -2, -2, 1, 2, 2, 2]"
6,dfs_bnb_mpi,0.144951,-5,6,43532,"[-1, -1, 2, 2, 2, 1, -2, 1, 2, 1, -2, -2, -1, -1]"
7,dfs_bnb_mpi,0.074348,-6,7,21757,"[-1, -1, -1, 2, 1, 2, 1, 2, 1, -2, 1, -2, -1, -1]"
8,dfs_bnb_mpi,0.034529,-8,9,8954,"[-1, -1, 2, 2, 1, -2, 1, 2, 2, -1, -1, -1, -2, -2]"
9,dfs_bnb_mpi,0.023185,-5,6,5204,"[-1, -1, 2, 2, 2, 1, -2, -2, 1, 2, 1, 1, -2, -1]"
10,dfs_bnb_mpi,0.027433,-4,5,8310,"[-1, -1, 2, 2, 2, 1, 1, 2, -1, 2, -1, -2, -1, -2]"
11,dfs_bnb_mpi,0.00961,-3,4,3006,"[-1, -1, 2, 2, -1, -2, -2, -2, -1, -2, 1, 1, 2, 1]"
12,dfs_bnb_mpi,0.008746,-2,3,2339,"[-1, -1, 2, 2, 2, 2, 1, -2, -2, 1, 1, -2, -1, -1]"
13,dfs_bnb_mpi,0.040316,-5,5,11218,"[-1, -1, 2, 1, 1, 2, 2, -1, -2, -1, 2, -1, -2, -2]"
14,dfs_bnb_mpi,0.00792,-6,7,2254,"[-1, -2, 1, 1, 2, 1, 2, 1, -2, -2, -1, -2, -1, -1]"
15,dfs_bnb_mpi,0.085717,-4,5,21456,"[-1, -1, 2, 2, 1, -2, 1, 2, 2, 2, 1, -2, -2, 1]"
16,dfs_bnb_mpi,0.02733,-4,5,7195,"[-1, -1, 2, 2, -1, -2, -2, -2, -1, 2, 2, 2, 2, 2]"
17,dfs_bnb_mpi,0.112497,-3,3,27052,"[-1, -1, 2, 2, 2, 2, 2, 2, 2, 1, -2, 1, -2, -1]"
18,dfs_bnb_mpi,0.009485,-5,6,2088,"[-1, -1, 2, 1, 1, 1, -2, -2, -1, -1, -1, -1, 2, 2]"
19,dfs_bnb_mpi,0.065882,-7,8,17353,"[-1, -2, -1, 2, 2, 1, 2, -1, -1, -1, -2, -2, 1, 2]"
20,dfs_bnb_mpi,0.006345,-6,6,1635,"[-1, -1, 2, 1, 1, 2, 1, -2, -2, -2, -1, -1, -1, -1]"
21,dfs_bnb_mpi,0.000511,-4,5,143,"[-1, -1, 2, 2, 2, 1, 2, -1, -1, -2, -1, -2, 1, -2]"
22,dfs_bnb_mpi,0.033569,-5,6,9163,"[-1, -2, -1, 2, 2, -1, 2, 1, 2, 1, -2, 1, -2, -1]"
23,dfs_bnb_mpi,0.203254,-4,5,45079,"[-1, -1, 2, 2, 2, 2, -1, -2, -2, -1, -2, 1, -2, -1]"
24,dfs_bnb_mpi,0.007984,-4,5,1859,"[-1, -1, 2, 2, 2, 1, -2, -2, 1, 2, 1, -2, 1, 2]"
25,dfs_bnb_mpi,0.067632,-5,6,15635,"[-1, -1, 2, -1, 2, -1, 2, -1, -2, -2, 1, -2, 1, -2]"
26,dfs_bnb_mpi,0.041006,-6,7,11295,"[-1, -2, 1, 1, 2, 1, -2, -2, -2, -1, 2, -1, -1, -1]"
27,dfs_bnb_mpi,0.001857,-2,3,574,"[-1, -1, 2, 2, 2, 1, -2, -2, 1, 1, -2, -2, -1, -1]"
28,dfs_bnb_mpi,0.040584,-2,3,11617,"[-1, -1, 2, 2, 1, -2, 1, 2, 1, -2, -2, -2, -1, -1]"
29,dfs_bnb_mpi,0.015405,-4,5,4112,"[-1, -1, 2, -1, -2, -1, -2, 1, 1, 1, 1, -2, -1, -1]"
30,dfs_bnb_mpi,0.056885,-4,5,12834,"[-1, -1, 2, 2, 2, 2, 1, -2, -2, -2, 1, 2, 1, -2]"
31,dfs_bnb_mpi,0.007844,-4,5,2318,"[-1, -1, 2, 2, 1, 2, 1, -2, 1, 1, -2, -1, -1, -1]"
32,dfs_bnb_mpi,0.001541,-4,5,468,"[-1, -1, 2, 2, 1, -2, 1, 2, 1, -2, 1, -2, -1, -2]"
33,dfs_bnb_mpi,0.002593,-3,3,830,"[-1, -1, 2, -1, -1, 2, 1, 1, 2, 1, -2, -2, 1, 2]"
34,dfs_bnb_mpi,6.5e-05,-1,2,22,"[-1, -1, 2, 2, 2, 2, 2, 1, -2, 1, 2, 2, 2, 2]"
35,dfs_bnb_mpi,0.079997,-6,6,21317,"[-1, -1, 2, -1, 2, -1, -2, -1, -2, -2, 1, 1, 2, -1]"
36,dfs_bnb_mpi,0.004884,-4,5,1348,"[-1, -1, 2, 1, 1, 2, 1, -2, -2, 1, -2, -1, -1, -1]"
37,dfs_bnb_mpi,0.001234,-4,5,364,"[-1, -1, 2, -1, -2, -1, -2, 1, -2, 1, 2, 1, 1, 1]"
38,dfs_bnb_mpi,0.178111,-5,6,47187,"[-1, -1, 2, 2, 1, 1, 2, 1, 1, -2, -1, -2, -1, -1]"
39,dfs_bnb_mpi,0.064283,-5,6,15444,"[-1, -1, 2, 2, 2, 1, 2, 1, 1, -2, -1, -2, -1, -2]"
40,dfs_bnb_mpi,0.043602,-5,6,13051,"[-1, -1, 2, 2, 1, -2, 1, 1, 2, -1, 2, 2, -1, -2]"
41,dfs_bnb_mpi,0.018453,-3,4,5728,"[-1, -2, 1, 1, 2, 2, 2, 2, 1, -2, -2, -2, 1, 2]"
42,dfs_bnb_mpi,0.008144,-5,6,1901,"[-1, -1, 2, 2, 2, -1, -1, -2, 1, -2, -2, -1, 2, -1]"
43,dfs_bnb_mpi,0.013642,-3,4,3572,"[-1, -1, 2, 2, 2, 2, 1, -2, 1, 1, -2, -1, -1, -2]"
44,dfs_bnb_mpi,0.052925,-5,6,14683,"[-1, -2, -1, 2, -1, 2, 1, 2, 1, 2, 1, -2, -2, -1]"
45,dfs_bnb_mpi,0.099485,-6,7,26799,"[-1, -2, -1, 2, 2, -1, 2, 1, 2, 1, 1, -2, -1, -2]"
46,dfs_bnb_mpi,0.038474,-2,3,11981,"[-1, -1, 2, 2, 2, 2, 1, -2, -2, -2, 1, 2, 1, -2]"
47,dfs_bnb_mpi,0.151062,-4,5,45625,"[-1, -1, 2, 2, 1, -2, 1, 2, 2, 2, 2, -1, -2, -2]"
48,dfs_bnb_mpi,0.019446,-5,6,5893,"[-1, -2, 1, 1, 2, 2, 2, 2, 2, -1, -2, -2, -2, -1]"
49,dfs_bnb_mpi,0.062394,-4,5,17027,"[-1, -1, 2, 2, 2, 2, -1, -2, -2, -1, -2, -2, 1, 2]"
50,dfs_bnb_mpi,0.008914,-6,7,2152,"[-1, -1, 2, 1, 2, 2, 1, -2, -2, 1, 2, 2, 2, 2]"
51,dfs_bnb_mpi,0.015621,-4,5,3932,"[-1, -1, 2, 2, 2, 2, 1, -2, -2, 1, 1, -2, -1, -1]"
52,dfs_bnb_mpi,0.111367,-5,6,25439,"[-1, -1, 2, 2, -1, -1, -1, -2, 1, 1, -2, -1, -2, 1]"
53,dfs_bnb_mpi,0.051428,-6,6,14987,"[-1, -2, 1, -2, 1, 2, 2, 2, -1, 2, -1, -2, -1, -2]"
54,dfs_bnb_mpi,0.025144,-7,8,5634,"[-1, -1, 2, -1, 2, 1, 2, 1, 1, -2, -1, -2, 1, 1]"
55,dfs_bnb_mpi,0.024045,-7,8,5619,"[-1, -2, 1, 1, 2, 2, 1, -2, -2, -2, -1, -2, -1, 2]"
56,dfs_bnb_mpi,0.108588,-5,6,31938,"[-1, -1, 2, 2, 2, 1, 2, 1, -2, 1, -2, -1, -1, -2]"
57,dfs_bnb_mpi,0.002452,-4,5,747,"[-1, -1, 2, 2, 2, 1, -2, -2, 1, 1, 1, -2, -1, -2]"
58,dfs_bnb_mpi,0.007786,-4,5,1995,"[-1, -2, -2, -1, 2, 2, -1, 2, 1, 2, 1, -2, 1, 2]"
59,dfs_bnb_mpi,0.046682,-4,5,13651,"[-1, -1, 2, 2, -1, 2, -1, -1, -2, 1, -2, -2, 1, 2]"
60,dfs_bnb_mpi,0.204984,-6,7,44763,"[-1, -1, 2, -1, 2, -1, -2, -1, -2, 1, 1, -2, -1, -1]"
61,dfs_bnb_mpi,0.000176,-2,3,44,"[-1, -1, 2, 2, 2, 2, 1, 1, -2, -1, -2, 1, 1, 2]"
62,dfs_bnb_mpi,0.057569,-3,4,12663,"[-1, -1, 2, 2, 2, 2, 1, -2, 1, -2, -1, -2, 1, 1]"
63,dfs_bnb_mpi,0.016203,-4,5,4216,"[-1, -2, 1, -2, -2, 1, 2, 2, 1, 2, -1, 2, 2, 2]"
64,dfs_bnb_mpi,0.004373,-6,7,1255,"[-1, -2, 1, 1, 2, 2, 1, 2, 2, -1, -2, -1, -2, -1]"
65,dfs_bnb_mpi,0.019153,-4,5,5197,"[-1, -1, 2, -1, -2, -1, -1, -2, 1, -2, 1, 2, 1, 1]"
66,dfs_bnb_mpi,0.027303,-7,8,6614,"[-1, -2, -1, -2, 1, 1, 2, 1, -2, -2, -1, -2, -1, 2]"
67,dfs_bnb_mpi,0.140901,-7,8,31476,"[-1, -2, 1, 1, 2, 2, 1, -2, 1, -2, -1, -2, -1, -1]"
68,dfs_bnb_mpi,0.027264,-7,8,6877,"[-1, -1, -1, 2, 1, 2, 2, 1, -2, 1, 1, -2, -1, -1]"
69,dfs_bnb_mpi,0.124189,-5,6,35848,"[-1, -1, 2, 1, 2, 2, 1, 1, -2, 1, -2, -1, -1, 2]"
70,dfs_bnb_mpi,0.056897,-6,7,14522,"[-1, -2, -1, 2, 2, -1, 2, 1, 1, 2, 1, -2, -2, -1]"
71,dfs_bnb_mpi,0.065192,-6,6,15387,"[-1, -1, 2, 2, -1, -2, -2, -2, -1, 2, 2, 2, 2, 1]"
72,dfs_bnb_mpi,0.027515,-6,7,6602,"[-1, -1, 2, 2, 1, -2, 1, 1, 2, -1, 2, 2, 1, -2]"
73,dfs_bnb_mpi,0.01113,-4,5,3340,"[-1, -2, -2, 1, 2, 1, 2, 2, 1, -2, -2, -2, -1, -2]"
74,dfs_bnb_mpi,0.013784,-4,5,3848,"[-1, -2, 1, -2, -1, -2, -1, 2, 2, 2, 2, 1, 2, 2]"
75,dfs_bnb_mpi,0.034537,-5,6,10083,"[-1, -1, 2, -1, 2, 1, 1, -2, 1, 1, 2, 2, -1, -2]"
76,dfs_bnb_mpi,0.012816,-5,6,2989,"[-1, -1, 2, 2, 2, 1, 1, -2, -1, -2, 1, 1, 2, 2]"
77,dfs_bnb_mpi,0.051605,-4,5,12342,"[-1, -1, 2, 1, 2, 2, 2, 1, -2, -2, -2, 1, 2, 2]"
78,dfs_bnb_mpi,0.00042,-3,4,117,"[-1, -2, -1, 2, -1, 2, 1, 1, 2, 2, 2, 2, 2, 2]"
79,dfs_bnb_mpi,0.011597,-4,5,3214,"[-1, -1, 2, -1, -1, 2, 1, 1, 2, 1, -2, -2, 1, 2]"
80,dfs_bnb_mpi,0.000351,-2,3,110,"[-1, -1, 2, 2, 2, 2, 1, -2, -2, -2, 1, 2, 1, -2]"
81,dfs_bnb_mpi,0.009829,-5,6,2708,"[-1, -1, 2, 1, 2, 2, 1, -2, -2, 1, 1, -2, -1, -2]"
82,dfs_bnb_mpi,0.001361,-3,4,416,"[-1, -2, 1, 1, 1, 2, -1, 2, 2, 2, -1, -2, -2, -1]"
83,dfs_bnb_mpi,0.002492,-6,7,608,"[-1, -1, 2, 2, 1, -2, 1, 2, 1, -2, 1, -2, -1, -2]"
84,dfs_bnb_mpi,0.002592,-6,6,703,"[-1, -2, 1, 1, 2, 2, -1, -1, 2, 1, 2, 1, -2, 1]"
85,dfs_bnb_mpi,0.093976,-5,6,23758,"[-1, -1, 2, 2, -1, 2, -1, -2, -1, -2, 1, 1, -2, -1]"
86,dfs_bnb_mpi,0.010266,-7,7,2411,"[-1, -1, -1, 2, 2, 2, 1, -2, -2, 1, 2, 1, -2, 1]"
87,dfs_bnb_mpi,0.033668,-6,7,8542,"[-1, -1, 2, 1, 2, 2, 1, 2, 1, -2, -2, -1, -2, 1]"
88,dfs_bnb_mpi,0.078597,-5,6,18322,"[-1, -1, 2, 2, -1, -2, -2, -1, -2, 1, 1, 1, -2, -1]"
89,dfs_bnb_mpi,0.019299,-6,7,5593,"[-1, -2, 1, 1, -2, -2, -1, 2, -1, -1, -1, -2, 1, 1]"
90,dfs_bnb_mpi,0.014518,-6,7,3223,"[-1, -1, 2, 2, 1, -2, 1, 1, -2, -2, -1, -1, -1, -1]"
91,dfs_bnb_mpi,0.090882,-4,4,27866,"[-1, -2, -1, -2, -1, 2, 2, 2, 2, 1, 1, -2, -1, -2]"
92,dfs_bnb_mpi,0.049098,-7,8,11610,"[-1, -1, 2, 2, 2, 2, 2, 1, -2, -2, -2, 1, -2, -1]"
93,dfs_bnb_mpi,0.03255,-5,6,7764,"[-1, -1, 2, 2, 2, 2, 1, -2, -2, -2, 1, 2, 2, 2]"
94,dfs_bnb_mpi,0.303897,-4,5,74231,"[-1, -2, -1, -1, 2, 2, 2, 1, 2, 1, -2, -2, -1, -2]"
95,dfs_bnb_mpi,0.019864,-4,5,4767,"[-1, -1, 2, 2, 2, 2, 1, -2, -2, -2, 1, 1, 2, -1]"
96,dfs_bnb_mpi,0.036478,-4,5,10855,"[-1, -1, 2, 1, 2, 1, 2, -1, 2, -1, -2, -2, -1, -2]"
97,dfs_bnb_mpi,0.001879,-2,3,619,"[-1, -1, 2, 2, 2, 1, -2, -2, 1, 2, 2, 2, 2, 2]"
98,dfs_bnb_mpi,0.013953,-5,6,3161,"[-1, -1, 2, -1, -1, -2, 1, -2, 1, -2, -1, -1, 2, -1]"
99,dfs_bnb_mpi,0.053924,-5,6,13948,"[-1, -1, 2, 2, 2, 2, -1, -2, -1, -2, 1, -2, -2, -1]"
100,dfs_bnb_mpi,0.00836,-7,8,2220,"[-1, -1, 2, 1, 2, -1, -1, -2, -2, -2, 1, -2, 1, 2]"
101,dfs_bnb_mpi,0.049091,-6,7,11778,"[-1, -2, 1, 1, 2, 1, 2, 1, 2, -1, -1, -2, -1, 2]"
102,dfs_bnb_mpi,0.005639,-4,5,1709,"[-1, -1, 2, 1, 2, -1, 2, 2, -1, -2, -2, -1, -2, 1]"
103,dfs_bnb_mpi,0.206034,-6,7,45186,"[-1, -1, 2, -1, -2, -1, -2, -1, -2, 1, 1, 2, 1, -2]"
104,dfs_bnb_mpi,0.00747,-5,6,2089,"[-1, -1, 2, 1, 1, 1, -2, -2, -1, -1, -1, -1, 2, 2]"
105,dfs_bnb_mpi,0.111801,-5,6,29451,"[-1, -1, 2, 2, -1, -2, -2, -1, -2, -2, 1, 1, 2, -1]"
106,dfs_bnb_mpi,0.012823,-7,8,3405,"[-1, -1, 2, 1, 1, 1, -2, -2, -2, -1, 2, -1, -1, -1]"
107,dfs_bnb_mpi,0.002171,-4,5,648,"[-1, -1, 2, -1, -2, -1, -2, 1, -2, 1, 2, 1, 1, 1]"
108,dfs_bnb_mpi,0.144497,-5,6,35537,"[-1, -1, 2, 2, 2, 2, 2, 1, -2, 1, -2, -2, -1, 2]"
109,dfs_bnb_mpi,0.002068,-4,5,565,"[-1, -1, 2, 2, 2, 1, 2, 1, -2, -2, -1, -2, 1, 1]"
110,dfs_bnb_mpi,0.001003,-5,6,289,"[-1, -1, 2, 2, -1, -2, -2, -2, 1, -2, 1, 2, 1, 1]"
111,dfs_bnb_mpi,0.014482,-6,7,4214,"[-1, -1, -1, 2, 1, 2, 1, 2, 1, -2, 1, -2, -1, -1]"
112,dfs_bnb_mpi,0.077272,-7,8,20465,"[-1, -1, 2, 1, 1, 1, -2, 1, -2, -1, -2, -1, 2, -1]"
113,dfs_bnb_mpi,0.001365,-2,3,415,"[-1, -1, 2, -1, 2, -1, -2, -2, 1, -2, 1, 1, 1, 1]"
114,dfs_bnb_mpi,0.009586,-6,6,2589,"[-1, -1, -1, -1, 2, 1, 1, 2, 2, 1, -2, 1, -2, -1]"
115,dfs_bnb_mpi,0.062328,-3,4,14742,"[-1, -1, 2, 2, 2, 2, 2, 1, -2, -2, -2, 1, -2, -1]"
116,dfs_bnb_mpi,0.038167,-7,8,10233,"[-1, -2, 1, 1, 2, 1, 2, 2, -1, -1, -1, -2, 1, 1]"
117,dfs_bnb_mpi,0.037157,-4,5,9303,"[-1, -1, 2, 2, 2, 1, 1, 1, -2, -2, -1, -1, 2, 1]"
118,dfs_bnb_mpi,0.017266,-3,4,5375,"[-1, -1, -1, 2, 1, 2, 2, 2, 1, -2, -2, -2, 1, 2]"
119,dfs_bnb_mpi,0.097094,-7,8,23520,"[-1, -1, 2, 2, 1, 2, 1, -2, 1, 1, -2, -1, -1, -1]"
120,dfs_bnb_mpi,0.045463,-4,5,13075,"[-1, -1, 2, 2, 2, 2, 2, 1, 1, -2, -1, -2, -2, 1]"
121,dfs_bnb_mpi,0.158323,-5,6,37046,"[-1, -1, 2, 2, 2, 2, 1, 1, -2, 1, -2, -1, -1, 2]"
122,dfs_bnb_mpi,0.066949,-4,5,19615,"[-1, -1, 2, 2, 1, -2, 1, 1, 2, -1, 2, 2, -1, -2]"
123,dfs_bnb_mpi,0.035751,-4,5,10246,"[-1, -1, 2, 1, 2, 2, -1, -2, -1, 2, -1, -2, -2, 1]"
124,dfs_bnb_mpi,0.054519,-4,5,13149,"[-1, -1, 2, -1, -2, -1, -1, -2, 1, 1, 1, 1, -2, -1]"
125,dfs_bnb_mpi,0.014475,-5,6,4003,"[-1, -2, 1, 1, 2, 1, 1, -2, -1, -2, -1, -1, -1, -1]"
126,dfs_bnb_mpi,0.061835,-5,6,13613,"[-1, -1, 2, 2, 2, 2, 1, -2, 1, -2, -1, -2, 1, 1]"
127,dfs_bnb_mpi,0.024537,-4,5,7128,"[-1, -2, 1, 1, -2, -2, 1, 2, 1, 2, -1, 2, -1, 2]"
128,dfs_bnb_mpi,0.043047,-6,6,9566,"[-1, -1, -1, -1, 2, 1, 2, 2, 1, -2, -2, 1, 2, 2]"
129,dfs_bnb_mpi,0.047598,-4,5,13725,"[-1, -1, 2, 1, 1, 2, -1, -1, 2, -1, -2, -1, -2, 1]"
130,dfs_bnb_mpi,0.027581,-6,7,7031,"[-1, -1, 2, -1, -2, -2, 1, -2, 1, -2, 1, 2, 2, -1]"
131,dfs_bnb_mpi,0.002577,-5,5,779,"[-1, -2, 1, 1, 2, 2, 1, -2, 1, 1, -2, -1, -1, -2]"
132,dfs_bnb_mpi,0.024424,-6,7,7036,"[-1, -1, 2, -1, -2, -2, 1, -2, 1, -2, 1, 2, 2, -1]"
133,dfs_bnb_mpi,0.000905,-2,3,267,"[-1, -1, 2, 2, -1, -2, -2, -1, -2, 1, 1, 1, 1, 1]"
134,dfs_bnb_mpi,0.064508,-6,7,15301,"[-1, -2, 1, 1, 2, 2, 1, 2, 1, -2, -2, -1, -2, 1]"
135,dfs_bnb_mpi,0.03844,-4,5,11008,"[-1, -1, 2, 1, 2, 1, 2, 2, -1, -2, -1, -2, -1, -2]"
136,dfs_bnb_mpi,0.258868,-6,7,64538,"[-1, -2, -2, -1, 2, -1, 2, 2, 2, 1, 1, -2, -1, -2]"
137,dfs_bnb_mpi,0.04305,-7,8,11117,"[-1, -2, 1, -2, 1, -2, 1, 2, 2, 2, 2, -1, -2, -2]"
138,dfs_bnb_mpi,0.000511,-2,3,152,"[-1, -1, 2, 2, 2, -1, -2, -2, -2, -2, 1, 1, 1, 1]"
139,dfs_bnb_mpi,0.077384,-4,5,22328,"[-1, -1, 2, 2, 2, 1, 1, 1, -2, -2, -1, 2, -1, -2]"
140,dfs_bnb_mpi,0.020713,-6,7,5190,"[-1, -2, 1, 1, -2, -1, -1, -1, -2, 1, 1, 1, 1, 2]"
141,dfs_bnb_mpi,0.15706,-6,6,36851,"[-1, -1, 2, 2, 2, -1, 2, 1, 2, 1, -2, -2, -2, -2]"
142,dfs_bnb_mpi,0.01219,-4,5,3747,"[-1, -2, 1, -2, -1, -2, 1, 1, 2, 2, 1, 2, -1, 2]"
143,dfs_bnb_mpi,0.005241,-5,6,1310,"[-1, -1, 2, -1, -2, -2, 1, 1, -2, -1, -1, -1, 2, 2]"
144,dfs_bnb_mpi,0.060887,-4,5,18154,"[-1, -1, 2, 2, -1, -1, -2, -2, -1, -2, 1, 1, 2, 2]"
145,dfs_bnb_mpi,0.158519,-3,4,37447,"[-1, -1, 2, -1, -2, -2, 1, -2, 1, 1, 1, 2, -1, -1]"
146,dfs_bnb_mpi,0.049691,-7,8,12901,"[-1, -2, -2, 1, 2, 1, -2, -2, -1, -2, -1, 2, -1, 2]"
147,dfs_bnb_mpi,0.024493,-6,7,6117,"[-1, -2, -1, -2, -1, -2, 1, -2, 1, 2, 2, 1, 2, 1]"
148,dfs_bnb_mpi,0.07077,-6,7,19955,"[-1, -1, 2, 2, 1, 1, 2, 1, 1, -2, -1, -2, -1, -1]"
149,dfs_bnb_mpi,0.006578,-7,8,1679,"[-1, -1, 2, 2, 2, 1, -2, -2, 1, 1, 2, 2, -1, -2]"
150,dfs_bnb_mpi,0.010278,-2,3,2279,"[-1, -1, 2, 2, 2, 2, 1, 1, -2, -1, -2, 1, 1, 2]"
151,dfs_bnb_mpi,0.025331,-3,3,7273,"[-1, -1, 2, 2, 2, 2, 2, 1, -2, 1, 1, -2, -1, -1]"
152,dfs_bnb_mpi,0.004701,-5,6,1375,"[-1, -1, 2, 1, 2, -1, -1, -2, -1, -2, 1, -2, 1, 1]"
153,dfs_bnb_mpi,4.4e-05,0,1,15,"[-1, -1, 2, 2, 2, 2, 2, 2, 2, 2, 2, 2, 2, 2]"
154,dfs_bnb_mpi,0.048351,-7,8,13812,"[-1, -2, 1, 1, 2, 1, -2, 1, -2, -1, -2, -1, 2, -1]"
155,dfs_bnb_mpi,0.092093,-6,7,25848,"[-1, -2, 1, 1, 2, 1, 2, 2, -1, 2, -1, -2, -2, 1]"
156,dfs_bnb_mpi,0.009221,-5,6,2360,"[-1, -1, 2, 1, 2, -1, 2, -1, -2, -2, -2, -1, 2, 2]"
157,dfs_bnb_mpi,0.000722,-1,2,212,"[-1, -1, 2, 2, 2, 2, 2, 2, 1, -2, -2, -2, -2, -2]"
158,dfs_bnb_mpi,0.09819,-7,8,24421,"[-1, -1, -1, -1, -1, 2, 1, 2, 1, 1, 1, -2, -1, -1]"
159,dfs_bnb_mpi,0.020734,-5,6,5505,"[-1, -1, 2, -1, -2, -1, -1, -2, 1, 1, -2, 1, 2, 1]"
160,dfs_bnb_mpi,0.102384,-7,8,23234,"[-1, -1, 2, 1, 2, 2, 1, 2, 1, -2, -2, -1, -2, 1]"
161,dfs_bnb_mpi,0.067206,-6,7,18492,"[-1, -2, -2, -1, 2, -1, 2, 1, 2, 1, 2, -1, -1, -2]"
162,dfs_bnb_mpi,0.044467,-5,6,11453,"[-1, -1, 2, 2, 1, 2, 2, 1, -2, 1, -2, -1, -2, -1]"
163,dfs_bnb_mpi,0.02446,-3,4,6275,"[-1, -1, 2, 2, -1, -2, -1, -1, -2, 1, 1, -2, 1, 1]"
164,dfs_bnb_mpi,0.00634,-2,3,1979,"[-1, -1, 2, 1, 1, 2, 2, 2, 2, 1, -2, -2, -2, -2]"
165,dfs_bnb_mpi,0.101392,-4,5,27251,"[-1, -2, -1, -1, 2, 2, 2, 2, 1, -2, 1, -2, -1, -2]"
166,dfs_bnb_mpi,0.055747,-7,8,13875,"[-1, -1, 2, 2, 1, -2, 1, 2, 1, -2, -2, -2, -1, -1]"
167,dfs_bnb_mpi,0.019677,-5,6,5653,"[-1, -1, 2, -1, 2, 1, 2, 2, 1, -2, -2, 1, -2, -1]"
168,dfs_bnb_mpi,0.000175,-2,3,53,"[-1, -1, 2, 1, 2, 1, -2, 1, 2, 2, 2, 2, 2, 2]"
169,dfs_bnb_mpi,0.059494,-5,5,13291,"[-1, -1, 2, 2, 2, 2, 1, 1, -2, -2, -1, -2, 1, 1]"
170,dfs_bnb_mpi,0.236953,-5,6,53818,"[-1, -1, 2, 2, -1, -2, -1, -2, 1, -2, 1, 1, -2, -1]"
171,dfs_bnb_mpi,0.028438,-4,5,7877,"[-1, -1, 2, -1, 2, 2, -1, -2, -2, -1, -2, 1, 1, -2]"
172,dfs_bnb_mpi,0.005942,-4,5,1679,"[-1, -2, -2, -1, 2, 2, -1, 2, 1, 2, 1, -2, 1, 2]"
173,dfs_bnb_mpi,0.000496,-2,3,152,"[-1, -1, 2, 2, 2, 1, 2, 1, -2, -2, -1, -2, 1, 1]"
174,dfs_bnb_mpi,0.281706,-5,6,63467,"[-1, -1, 2, 2, 2, 2, 2, 1, -2, 1, -2, -1, -2, 1]"
175,dfs_bnb_mpi,0.05739,-4,5,13666,"[-1, -1, 2, 2, 1, 1, 2, 1, 1, -2, -1, -2, -1, -1]"
176,dfs_bnb_mpi,0.127556,-6,7,30824,"[-1, -1, 2, 2, 2, 2, 1, 1, -2, -1, -2, -2, 1, 2]"
177,dfs_bnb_mpi,0.064368,-6,7,19017,"[-1, -1, 2, 2, 1, 1, 2, 1, -2, 1, -2, -1, -1, -1]"
178,dfs_bnb_mpi,0.063037,-6,6,17006,"[-1, -1, 2, 2, 1, -2, 1, 2, 1, 1, -2, -2, -1, 2]"
179,dfs_bnb_mpi,0.05353,-4,5,12697,"[-1, -1, 2, 2, -1, -2, -1, 2, -1, -2, -2, 1, 1, -2]"
180,dfs_bnb_mpi,4.2e-05,0,1,15,"[-1, -1, 2, 2, 2, 2, 2, 2, 2, 2, 2, 2, 2, 2]"
181,dfs_bnb_mpi,0.0263,-6,7,6131,"[-1, -1, 2, 2, -1, 2, -1, -2, -2, 1, -2, -2, -1, 2]"
182,dfs_bnb_mpi,0.294956,-3,3,89175,"[-1, -1, 2, 2, 2, 2, 2, 2, 1, -2, -2, -2, -2, -2]"
183,dfs_bnb_mpi,0.026191,-4,5,6946,"[-1, -1, 2, 2, 1, -2, 1, 1, 2, -1, 2, -1, 2, 2]"
184,dfs_bnb_mpi,0.019108,-6,6,4205,"[-1, -1, 2, 2, 2, 2, 1, -2, -2, -2, 1, 2, 2, 2]"
185,dfs_bnb_mpi,0.06625,-5,6,14822,"[-1, -1, 2, -1, -1, -1, -2, -2, 1, 2, 1, -2, 1, 1]"
186,dfs_bnb_mpi,4.4e-05,0,1,15,"[-1, -1, 2, 2, 2, 2, 2, 2, 2, 2, 2, 2, 2, 2]"
187,dfs_bnb_mpi,0.014315,-5,6,4161,"[-1, -1, 2, 2, 2, 1, -2, -2, 1, 1, 2, 2, -1, -2]"
188,dfs_bnb_mpi,0.049733,-3,4,13203,"[-1, -1, 2, 2, 2, 2, 2, 1, 1, -2, -1, -2, 1, 1]"
189,dfs_bnb_mpi,0.090811,-4,5,24814,"[-1, -2, 1, 1, 2, 1, -2, -2, -1, -1, -2, -1, 2, -1]"
190,dfs_bnb_mpi,0.002673,-5,6,773,"[-1, -1, 2, 1, 2, -1, -1, -2, -1, -2, 1, -2, 1, 1]"
191,dfs_bnb_mpi,0.075905,-5,6,20730,"[-1, -1, 2, 2, 2, -1, -2, -1, -2, -2, -2, 1, 2, 2]"
192,dfs_bnb_mpi,0.086154,-3,4,24031,"[-1, -1, 2, 2, 2, 2, 2, 1, 2, 1, -2, -2, -1, -2]"
193,dfs_bnb_mpi,0.040032,-3,3,12256,"[-1, -1, 2, 2, 2, 2, 2, 1, -2, -2, -2, -2, 1, 2]"
194,dfs_bnb_mpi,0.148256,-2,3,32543,"[-1, -1, 2, 2, 2, 2, 1, 1, -2, -2, -1, -2, 1, 1]"
195,dfs_bnb_mpi,0.25988,-3,4,66524,"[-1, -1, 2, 2, 1, 2, 2, 2, 1, -2, -2, -2, -2, -1]"
196,dfs_bnb_mpi,0.189985,-2,3,57859,"[-1, -1, 2, 2, 1, 2, 2, 2, 1, -2, -2, -2, -2, -1]"
197,dfs_bnb_mpi,0.050837,-2,3,12299,"[-1, -1, 2, 2, 2, 2, 2, 1, -2, -2, -2, 1, -2, -1]"
198,dfs_bnb_mpi,0.003156,-3,4,958,"[-1, -1, 2, 2, 2, -1, -2, -1, -1, -2, 1, 1, -2, -1]"
199,dfs_bnb_mpi,4e-05,0,1,15,"[-1, -1, 2, 2, 2, 2, 2, 2, 2, 2, 2, 2, 2, 2]"
200,dfs_bnb_mpi,0.021177,-4,5,5949,"[-1, -2, -1, -1, -2, 1, 1, 1, 2, 1, -2, -2, -1, -1]"
201,dfs_bnb_mpi,0.000456,-4,5,128,"[-1, -1, 2, -1, -2, -1, -1, -2, 1, 1, -2, 1, 2, 1]"
202,dfs_bnb_mpi,0.01051,-4,5,2373,"[-1, -1, 2, 2, 2, -1, -2, -1, -2, 1, -2, -1, -1, 2]"
203,dfs_bnb_mpi,0.162511,-2,3,44795,"[-1, -1, 2, 2, 2, 2, 2, 2, 2, 2, 1, -2, -2, 1]"
204,dfs_bnb_mpi,0.00044,-2,3,128,"[-1, -1, 2, 2, -1, -2, -2, -2, 1, 1, 1, 1, 2, 2]"
205,dfs_bnb_mpi,0.049548,-3,4,14401,"[-1, -1, 2, 2, 1, 2, -1, -1, 2, -1, -2, -2, 1, -2]"
206,dfs_bnb_mpi,0.000754,-4,5,228,"[-1, -2, 1, 1, 1, 2, -1, 2, -1, 2, 2, 2, 2, 2]"
207,dfs_bnb_mpi,0.005568,-5,6,1330,"[-1, -1, 2, 2, -1, -1, -2, 1, -2, -1, -1, 2, 2, 2]"
208,dfs_bnb_mpi,0.061682,-4,5,17417,"[-1, -1, 2, 2, 1, 1, 2, 1, -2, 1, -2, -1, -1, -1]"
209,dfs_bnb_mpi,0.036067,-6,6,9395,"[-1, -2, 1, 1, 2, 2, 1, 2, 1, -2, -2, -2, -1, 2]"
210,dfs_bnb_mpi,0.11255,-4,5,33450,"[-1, -2, -1, 2, 2, 1, 2, 2, 2, -1, -2, -2, -1, -2]"
211,dfs_bnb_mpi,0.02891,-5,5,8624,"[-1, -1, 2, 1, 1, 2, 2, 1, -2, 1, 1, -2, -1, -1]"
212,dfs_bnb_mpi,0.007649,-3,4,2235,"[-1, -1, 2, 2, 2, 1, 1, 1, -2, -1, -2, 1, -2, 1]"
213,dfs_bnb_mpi,6.5e-05,0,1,15,"[-1, -1, 2, 2, 2, 2, 2, 2, 2, 2, 2, 2, 2, 2]"
214,dfs_bnb_mpi,0.143782,-4,4,34999,"[-1, -1, 2, 2, 1, 2, 2, 2, 1, -2, -2, -2, -2, -1]"
215,dfs_bnb_mpi,0.033606,-5,6,9930,"[-1, -1, 2, -1, 2, 1, 2, 1, -2, 1, 1, -2, -1, -1]"
216,dfs_bnb_mpi,0.034558,-5,6,10355,"[-1, -1, 2, 1, 1, 2, 1, 2, 1, -2, 1, -2, -1, -1]"
217,dfs_bnb_mpi,0.117415,-3,4,32696,"[-1, -1, 2, 2, 2, 2, 2, 1, -2, -2, 1, -2, -1, -2]"
218,dfs_bnb_mpi,0.002285,-4,5,528,"[-1, -1, 2, 2, 2, 1, 1, -2, -1, -2, 1, 1, 2, 2]"
219,dfs_bnb_mpi,0.273053,-5,6,59548,"[-1, -1, 2, 2, 1, 2, 1, -2, 1, 1, -2, -1, -1, -1]"
220,dfs_bnb_mpi,0.068097,-4,5,19855,"[-1, -1, 2, 2, 2, 1, 1, 1, -2, -2, -1, 2, -1, -2]"
221,dfs_bnb_mpi,0.010964,-6,7,2790,"[-1, -2, -1, -1, -2, -2, 1, 2, 1, 1, 2, 1, 2, 2]"
222,dfs_bnb_mpi,0.001879,-5,6,568,"[-1, -1, 2, 1, 1, 2, 2, 1, -2, -2, 1, -2, -1, -2]"
223,dfs_bnb_mpi,0.013037,-6,7,3033,"[-1, -1, 2, -1, 2, 2, 1, -2, 1, -2, 1, 1, -2, 1]"
224,dfs_bnb_mpi,0.011689,-3,4,3145,"[-1, -1, 2, 2, 2, 2, 2, 1, -2, 1, -2, -1, -2, 1]"
225,dfs_bnb_mpi,0.002647,-6,7,743,"[-1, -2, 1, 1, -2, -1, -2, 1, 1, 2, 2, 2, -1, 2]"
226,dfs_bnb_mpi,0.005612,-5,6,1461,"[-1, -1, 2, -1, 2, 1, 2, 1, 1, -2, -1, -2, 1, 1]"
227,dfs_bnb_mpi,0.012478,-3,4,3648,"[-1, -1, 2, 2, 1, -2, 1, 2, 2, 2, 1, -2, -2, 1]"
228,dfs_bnb_mpi,0.081164,-6,7,21583,"[-1, -1, 2, 1, 1, 2, 2, 1, -2, 1, -2, -2, -1, 2]"
229,dfs_bnb_mpi,0.03104,-4,4,8017,"[-1, -1, 2, 2, 2, -1, -2, -1, -1, -2, 1, -2, 1, 2]"
230,dfs_bnb_mpi,0.028532,-7,7,7129,"[-1, -1, 2, 2, 2, 2, 1, -2, 1, -2, -1, -2, 1, 1]"
231,dfs_bnb_mpi,0.06676,-6,7,17114,"[-1, -1, 2, 2, -1, -1, -2, -1, -2, -2, 1, 2, 1, 2]"
232,dfs_bnb_mpi,0.045061,-4,5,11860,"[-1, -1, 2, 1, 2, 2, -1, -1, -1, -2, -2, 1, 2, 1]"
233,dfs_bnb_mpi,0.010148,-6,7,2903,"[-1, -2, -1, 2, 2, 1, 1, 2, 1, -2, -2, -2, -1, -2]"
234,dfs_bnb_mpi,0.240206,-3,4,62060,"[-1, -2, 1, 1, 2, 2, 2, -1, -1, -2, -1, -1, -2, 1]"
235,dfs_bnb_mpi,0.000722,-1,2,212,"[-1, -1, 2, 2, 2, 2, 2, 2, 1, -2, -2, -2, -2, -2]"
236,dfs_bnb_mpi,0.009659,-5,6,2406,"[-1, -1, 2, 2, -1, -2, -1, -2, 1, -2, -1, -1, 2, 2]"
237,dfs_bnb_mpi,0.048769,-2,3,14011,"[-1, -1, 2, 2, 2, 1, 2, 2, 2, -1, -2, -2, -1, -2]"
238,dfs_bnb_mpi,0.139972,-7,8,35769,"[-1, -2, 1, -2, 1, 2, 2, 2, 1, -2, 1, -2, -1, -2]"
239,dfs_bnb_mpi,0.010953,-5,6,2933,"[-1, -1, 2, -1, -2, -2, 1, -2, -1, -1, 2, 2, 2, 2]"
240,dfs_bnb_mpi,0.023328,-6,7,6622,"[-1, -1, 2, 2, 1, 2, 1, -2, 1, 1, -2, -1, -1, -1]"
241,dfs_bnb_mpi,4.3e-05,0,1,15,"[-1, -1, 2, 2, 2, 2, 2, 2, 2, 2, 2, 2, 2, 2]"
242,dfs_bnb_mpi,0.018918,-5,6,5526,"[-1, -1, 2, 2, 1, -2, 1, 1, 2, -1, 2, 2, -1, -2]"
243,dfs_bnb_mpi,0.009055,-6,7,2552,"[-1, -1, 2, 1, 1, 1, -2, -2, -1, -2, -1, 2, -1, -1]"
244,dfs_bnb_mpi,0.003162,-5,6,858,"[-1, -2, 1, 1, 2, 2, 1, -2, 1, 1, -2, -1, -1, -2]"
245,dfs_bnb_mpi,0.023837,-6,7,6972,"[-1, -2, 1, 1, -2, 1, -2, -1, -2, -1, 2, -1, 2, 1]"
246,dfs_bnb_mpi,0.030697,-7,7,8716,"[-1, -1, 2, 1, 1, 1, -2, 1, -2, -1, -2, -1, 2, -1]"
247,dfs_bnb_mpi,0.014628,-4,5,4179,"[-1, -1, 2, 2, -1, -2, -2, -1, -2, -1, 2, 2, 1, 2]"
248,dfs_bnb_mpi,0.159985,-6,7,37111,"[-1, -1, 2, 1, 2, 2, 1, -2, -2, 1, -2, -2, -1, -1]"
249,dfs_bnb_mpi,0.010276,-2,3,3012,"[-1, -1, 2, 1, 2, 2, 2, -1, -2, -2, -1, -1, -2, 1]"
250,dfs_bnb_mpi,0.027637,-3,3,8536,"[-1, -1, 2, 1, 2, 2, 2, 2, 1, -2, -2, -2, -2, 1]"
251,dfs_bnb_mpi,0.020558,-5,6,5337,"[-1, -1, 2, 2, 1, -2, 1, 1, -2, -2, -2, -1, 2, -1]"
252,dfs_bnb_mpi,0.153937,-6,7,42563,"[-1, -1, 2, 2, 1, 2, 1, -2, 1, 1, -2, -1, -1, -1]"
253,dfs_bnb_mpi,0.189529,-4,5,45414,"[-1, -1, 2, 2, 2, 2, 1, -2, -2, 1, 2, 2, 2, -1]"
254,dfs_bnb_mpi,0.158154,-3,4,45184,"[-1, -1, 2, 2, 2, -1, -2, -1, -2, 1, -2, -1, -1, 2]"
255,dfs_bnb_mpi,0.003288,-5,6,894,"[-1, -1, 2, 1, 2, -1, -1, -2, -1, -2, 1, -2, 1, 1]"
256,dfs_bnb_mpi,0.013884,-4,5,3868,"[-1, -1, 2, 1, 1, 2, 2, 1, -2, 1, -2, -1, -2, 1]"
257,dfs_bnb_mpi,0.087348,-6,6,23641,"[-1, -2, -1, -2, -2, -1, 2, -1, 2, 1, 2, 1, 2, 1]"
258,dfs_bnb_mpi,0.002501,-3,4,748,"[-1, -1, 2, 2, 2, 1, 1, 1, -2, -2, -1, 2, -1, -2]"
259,dfs_bnb_mpi,0.00946,-5,6,2149,"[-1, -1, 2, 2, 2, 1, -2, -2, 1, 2, 1, -2, 1, 2]"
260,dfs_bnb_mpi,0.023708,-7,8,6399,"[-1, -2, 1, -2, 1, 1, 2, -1, 2, 2, 1, -2, 1, -2]"
261,dfs_bnb_mpi,0.004477,-5,6,1241,"[-1, -1, -1, 2, 1, 2, -1, 2, 1, 1, -2, 1, -2, -1]"
262,dfs_bnb_mpi,0.071583,-3,4,21810,"[-1, -2, 1, 1, 2, 2, 1, -2, -2, -2, -1, -1, -1, -1]"
263,dfs_bnb_mpi,0.004341,-4,5,1312,"[-1, -2, 1, 1, 2, 2, 1, -2, -2, -2, -1, -1, -1, -1]"
264,dfs_bnb_mpi,0.032504,-7,8,7962,"[-1, -2, 1, 1, -2, -2, -2, -1, -1, 2, 1, 2, -1, -1]"
265,dfs_bnb_mpi,0.000895,-2,3,243,"[-1, -1, 2, 2, 2, 1, 2, -1, -1, -2, -1, 2, 2, 2]"
266,dfs_bnb_mpi,0.089102,-7,8,22922,"[-1, -1, 2, 2, 2, 2, 1, 1, -2, -2, -2, -1, 2, 2]"
267,dfs_bnb_mpi,0.041291,-3,4,12251,"[-1, -1, 2, 2, 2, -1, -2, -2, -1, -2, 1, -2, 1, 1]"
268,dfs_bnb_mpi,0.003026,-4,5,777,"[-1, -1, 2, 1, 2, 1, -2, 1, 2, 2, -1, 2, 2, 2]"
269,dfs_bnb_mpi,0.001139,-4,4,317,"[-1, -1, 2, 2, -1, 2, 1, 2, 1, -2, -2, -2, 1, 2]"
270,dfs_bnb_mpi,0.090427,-4,5,26918,"[-1, -2, -1, 2, 2, 2, 1, 2, 2, 1, -2, -2, -2, -1]"
271,dfs_bnb_mpi,0.038698,-8,7,10301,"[-1, -2, -1, 2, 2, 1, 1, 1, -2, -2, -1, -2, -1, -1]"
272,dfs_bnb_mpi,0.007746,-3,4,1843,"[-1, -1, 2, 2, 2, 2, 1, -2, -2, -2, 1, 2, 2, 2]"
273,dfs_bnb_mpi,0.020774,-5,6,5884,"[-1, -1, 2, 2, 1, -2, 1, 1, -2, -2, -1, -2, -1, 2]"
274,dfs_bnb_mpi,0.032172,-6,7,8869,"[-1, -2, -1, -1, 2, 1, 2, 1, 2, 2, -1, -2, -1, -2]"
275,dfs_bnb_mpi,0.008518,-5,6,1923,"[-1, -1, 2, 2, 2, 1, -2, -2, 1, 2, 1, 2, -1, 2]"
276,dfs_bnb_mpi,0.000593,-2,3,182,"[-1, -1, 2, -1, -2, -1, -1, -2, 1, 1, 1, 1, 1, 1]"
277,dfs_bnb_mpi,0.004239,-4,5,1024,"[-1, -1, 2, 2, 2, 1, -2, -2, 1, 2, 2, 1, -2, 1]"
278,dfs_bnb_mpi,0.205876,-4,5,46993,"[-1, -1, 2, 2, 2, -1, -2, -1, -2, 1, -2, -1, -1, 2]"
279,dfs_bnb_mpi,0.026347,-7,7,5924,"[-1, -1, 2, 1, 1, 2, 1, -2, -2, -2, -1, -1, -1, -1]"
280,dfs_bnb_mpi,0.125444,-5,5,30983,"[-1, -2, 1, 1, 2, 2, -1, 2, 2, -1, -2, -1, -2, 1]"
281,dfs_bnb_mpi,0.069975,-6,7,16285,"[-1, -2, 1, 1, 2, 2, -1, 2, -1, -2, -1, -1, -2, 1]"
282,dfs_bnb_mpi,0.042298,-4,5,12489,"[-1, -1, 2, 2, 1, -2, 1, 1, -2, 1, -2, -1, -1, -1]"
283,dfs_bnb_mpi,0.030915,-5,6,7333,"[-1, -1, 2, 2, 1, -2, 1, 2, 1, 1, -2, -1, -2, 1]"
284,dfs_bnb_mpi,4.2e-05,0,1,15,"[-1, -1, 2, 2, 2, 2, 2, 2, 2, 2, 2, 2, 2, 2]"
285,dfs_bnb_mpi,0.003133,-3,4,936,"[-1, -1, 2, 1, 1, 2, 2, 2, 2, -1, -2, -2, -2, -1]"
286,dfs_bnb_mpi,0.066657,-5,6,17894,"[-1, -2, -1, -2, 1, 1, 2, 1, 1, 2, -1, 2, -1, 2]"
287,dfs_bnb_mpi,0.004622,-7,8,1188,"[-1, -1, -1, 2, 2, 1, -2, 1, 2, 2, 1, -2, -2, 1]"
288,dfs_bnb_mpi,0.107843,-5,6,25154,"[-1, -1, 2, 1, 1, 2, -1, -1, 2, -1, -2, -1, -2, 1]"
289,dfs_bnb_mpi,0.092469,-4,5,24211,"[-1, -2, 1, 1, 2, 2, -1, -1, -1, 2, -1, -2, -2, 1]"
290,dfs_bnb_mpi,0.000364,-2,2,86,"[-1, -1, 2, 2, 2, 2, 2, 1, -2, -2, -2, -2, 1, 2]"
291,dfs_bnb_mpi,0.000624,-2,3,150,"[-1, -1, 2, 2, 2, 2, 1, 2, 1, -2, -2, -1, -2, 1]"
292,dfs_bnb_mpi,0.222506,-4,5,48543,"[-1, -1, 2, 2, 2, 2, 1, 1, 1, -2, -1, -1, -2, 1]"
293,dfs_bnb_mpi,0.022786,-5,6,6121,"[-1, -1, 2, 2, 2, 2, 1, -2, -2, -2, 1, 1, 2, -1]"
294,dfs_bnb_mpi,0.02064,-3,4,6242,"[-1, -1, 2, -1, -2, -2, 1, 1, 1, 1, 2, 2, -1, -1]"
295,dfs_bnb_mpi,0.233654,-4,5,57195,"[-1, -1, 2, 2, 2, 2, 2, 1, 1, 1, -2, -1, -1, -2]"
296,dfs_bnb_mpi,0.287826,-2,3,87662,"[-1, -1, 2, 2, 2, 2, 2, 2, 2, 1, -2, -2, -2, -2]"
297,dfs_bnb_mpi,0.017295,-4,5,5032,"[-1, -2, -1, -1, 2, 1, 2, -1, 2, 1, 2, 1, -2, -2]"
298,dfs_bnb_mpi,0.032892,-5,5,8733,"[-1, -1, 2, 2, 1, -2, 1, 2, 2, 1, -2, 1, -2, -1]"
299,dfs_bnb_mpi,0.067566,-5,6,18216,"[-1, -1, 2, 2, 1, 2, 1, 2, 1, -2, -2, -1, -2, -1]"
300,dfs_bnb_mpi,0.072671,-3,4,19150,"[-1, -1, 2, 2, -1, -1, 2, -1, -2, -2, 1, 1, -2, -1]"
301,dfs_bnb_mpi,0.008393,-5,5,2521,"[-1, -1, 2, 1, 2, 1, -2, 1, -2, -2, -1, -1, -1, -1]"
302,dfs_bnb_mpi,0.01267,-6,7,3528,"[-1, -1, 2, -1, -2, -1, 2, 2, 1, 1, 2, 1, -2, -2]"
303,dfs_bnb_mpi,0.164041,-6,7,37599,"[-1, -1, 2, 2, 1, 2, 2, 1, -2, -2, 1, -2, -1, -1]"
304,dfs_bnb_mpi,0.015118,-3,4,4413,"[-1, -1, 2, 2, 2, 2, 2, 1, -2, 1, -2, -2, -1, 2]"
305,dfs_bnb_mpi,0.050996,-4,4,13796,"[-1, -1, 2, 2, 1, 2, 2, 1, -2, -2, 1, -2, -1, -1]"
306,dfs_bnb_mpi,0.023901,-5,6,6537,"[-1, -1, 2, 2, 2, 1, -2, -2, 1, 2, 2, 1, -2, 1]"
307,dfs_bnb_mpi,0.020436,-5,5,6073,"[-1, -1, 2, 1, 2, -1, -1, 2, -1, -2, -1, -2, 1, 1]"
308,dfs_bnb_mpi,0.026682,-6,7,7639,"[-1, -2, 1, 1, 2, 1, -2, -2, -1, -1, -1, -2, 1, 1]"
309,dfs_bnb_mpi,0.23231,-5,6,54203,"[-1, -1, 2, 1, 2, -1, -1, -2, -2, -1, -2, 1, 1, 1]"
310,dfs_bnb_mpi,0.00477,-4,4,1129,"[-1, -1, 2, 1, 2, 2, 1, -2, -2, 1, 2, 2, 2, 2]"
311,dfs_bnb_mpi,0.004991,-6,7,1340,"[-1, -2, 1, -2, 1, 2, 2, 2, 2, -1, -2, -1, 2, 2]"
312,dfs_bnb_mpi,0.044186,-4,5,13368,"[-1, -2, 1, 1, 2, 2, 1, -2, -2, -2, -1, -1, -1, -1]"
313,dfs_bnb_mpi,0.003234,-2,3,850,"[-1, -1, 2, 2, 2, 2, 2, 2, 1, 2, -1, -1, -2, -1]"
314,dfs_bnb_mpi,0.118869,-5,6,35124,"[-1, -1, 2, 2, -1, -1, 2, 1, 1, 2, 1, -2, -2, -2]"
315,dfs_bnb_mpi,0.006512,-6,6,1536,"[-1, -1, 2, 1, 1, 2, -1, -1, -1, -2, -2, -1, 2, 2]"
316,dfs_bnb_mpi,0.099742,-4,5,27868,"[-1, -2, -1, -1, 2, -1, 2, 1, 2, 1, 1, -2, -1, -2]"
317,dfs_bnb_mpi,0.074596,-4,5,20082,"[-1, -1, 2, 2, 2, -1, -2, -1, -2, -2, -2, 1, 2, 2]"
318,dfs_bnb_mpi,0.058365,-5,5,16569,"[-1, -1, 2, 2, 1, 2, 2, 2, 1, -2, -2, -2, -2, -1]"
319,dfs_bnb_mpi,0.051924,-6,7,12592,"[-1, -2, -2, 1, 2, 1, 2, 2, 1, -2, -2, -2, -1, -2]"
320,dfs_bnb_mpi,0.004655,-5,6,1115,"[-1, -1, 2, 2, 2, 1, -2, -2, 1, 2, 1, -2, 1, 2]"
321,dfs_bnb_mpi,0.099452,-4,5,26351,"[-1, -2, 1, 1, 2, 2, -1, -1, 2, -1, -1, -2, 1, -2]"
322,dfs_bnb_mpi,0.002905,-4,5,863,"[-1, -2, 1, 1, 2, 1, -2, -2, -2, -1, 2, -1, -1, -1]"
323,dfs_bnb_mpi,0.120528,-5,6,31231,"[-1, -2, 1, 1, 2, 2, 1, -2, -2, -2, -1, -1, -2, 1]"
324,dfs_bnb_mpi,0.313864,-4,5,91615,"[-1, -1, 2, 2, -1, -2, -2, -1, -2, -2, 1, 1, 2, -1]"
325,dfs_bnb_mpi,0.019448,-6,6,4946,"[-1, -2, 1, 1, 2, 2, 2, -1, -2, -1, -1, -2, -2, -1]"
326,dfs_bnb_mpi,0.009901,-3,3,2483,"[-1, -1, 2, 2, 2, 2, 1, -2, -2, -2, 1, 2, 2, 2]"
327,dfs_bnb_mpi,0.102117,-5,6,23138,"[-1, -1, 2, -1, -2, -2, -1, -2, -2, 1, 2, 1, 2, 1]"
328,dfs_bnb_mpi,0.040006,-5,6,9604,"[-1, -1, 2, 2, -1, -2, -1, -2, 1, -2, 1, -2, 1, 2]"
329,dfs_bnb_mpi,0.127399,-5,6,34058,"[-1, -2, 1, 1, 2, 2, 1, 1, -2, 1, -2, -1, -1, 2]"
330,dfs_bnb_mpi,0.089311,-6,7,25014,"[-1, -2, -1, -1, 2, 1, 2, 1, 2, -1, 2, -1, -2, -2]"
331,dfs_bnb_mpi,0.305344,-5,6,77867,"[-1, -2, -1, 2, 2, -1, 2, 1, 2, 1, 1, -2, -1, -2]"
332,dfs_bnb_mpi,0.019834,-5,6,5118,"[-1, -2, -1, -2, 1, -2, 1, 2, 2, 1, 2, 2, 2, 2]"
333,dfs_bnb_mpi,0.020646,-4,5,5837,"[-1, -2, 1, 1, 2, 1, 2, 2, -1, -2, -1, -1, 2, 2]"
334,dfs_bnb_mpi,0.010724,-3,4,3104,"[-1, -1, 2, -1, 2, -1, -2, -1, -2, 1, 1, -2, 1, 1]"
335,dfs_bnb_mpi,0.261742,-6,7,63214,"[-1, -2, -1, 2, -1, 2, 2, 2, 1, 1, -2, -1, -2, 1]"
336,dfs_bnb_mpi,0.010112,-5,6,2692,"[-1, -1, 2, 1, 2, 1, -2, 1, 2, 2, -1, -1, 2, 2]"
337,dfs_bnb_mpi,0.051996,-3,4,12366,"[-1, -1, 2, 2, 2, 2, 2, 1, -2, -2, -2, -2, 1, 2]"
338,dfs_bnb_mpi,0.044131,-6,7,9983,"[-1, -1, 2, -1, -1, -1, -2, -2, 1, 2, 1, -2, 1, 1]"
339,dfs_bnb_mpi,0.007893,-2,3,2521,"[-1, -2, 1, 1, 2, 2, 2, -1, -1, -2, -1, -2, -1, 2]"
340,dfs_bnb_mpi,0.083946,-5,6,21527,"[-1, -1, 2, 2, 2, 1, 2, 1, 1, -2, -1, -2, -1, -2]"
341,dfs_bnb_mpi,0.100885,-3,4,28540,"[-1, -2, -1, 2, -1, 2, 2, 2, 2, 1, -2, -2, -2, 1]"
342,dfs_bnb_mpi,0.004485,-4,5,1259,"[-1, -1, 2, 1, 2, -1, -1, 2, -1, -2, -2, 1, -2, -1]"
343,dfs_bnb_mpi,0.016022,-6,7,4092,"[-1, -1, 2, -1, -1, 2, 2, 1, -2, 1, 1, -2, 1, 2]"
344,dfs_bnb_mpi,0.015399,-6,7,3664,"[-1, -1, 2, -1, 2, 1, 2, 1, -2, -2, 1, 2, 2, 2]"
345,dfs_bnb_mpi,0.017778,-5,6,5122,"[-1, -1, 2, 1, 2, -1, 2, 1, 1, -2, -2, 1, 2, 2]"
346,dfs_bnb_mpi,0.007042,-4,5,2003,"[-1, -1, 2, 2, 2, 1, 2, -1, 2, -1, -1, -2, 1, -2]"
347,dfs_bnb_mpi,0.00272,-5,6,795,"[-1, -1, 2, 1, 2, 2, 1, 1, -2, -1, -2, 1, 1, 2]"
348,dfs_bnb_mpi,0.000334,-3,3,109,"[-1, -1, 2, 2, 1, -2, 1, 2, 2, 2, 2, 2, 2, 2]"
349,dfs_bnb_mpi,0.01982,-4,5,4816,"[-1, -1, 2, 2, -1, 2, -1, -2, -2, 1, -2, -2, 1, 1]"
350,dfs_bnb_mpi,0.048841,-5,6,14566,"[-1, -1, 2, -1, 2, 1, 1, 2, 2, 1, -2, -2, -2, -1]"
351,dfs_bnb_mpi,0.008828,-5,5,1954,"[-1, -1, 2, 2, 2, 1, 1, -2, -1, -2, 1, 1, 2, 2]"
352,dfs_bnb_mpi,0.014865,-7,8,3479,"[-1, -1, 2, 1, 1, 1, -2, -2, -1, -1, -2, 1, 1, 1]"
353,dfs_bnb_mpi,0.020821,-3,4,6053,"[-1, -1, 2, 2, 2, 2, 1, 2, 1, -2, 1, -2, -1, -1]"
354,dfs_bnb_mpi,0.17091,-4,5,40789,"[-1, -1, 2, 2, 2, 1, 1, 1, -2, -2, -1, 2, -1, -2]"
355,dfs_bnb_mpi,0.067981,-6,6,19068,"[-1, -1, 2, 2, 2, 1, 2, 1, 1, -2, -1, -2, -1, -2]"
356,dfs_bnb_mpi,0.084594,-2,3,25906,"[-1, -1, 2, 1, 2, 2, 2, 2, 1, -2, -2, -2, -2, 1]"
357,dfs_bnb_mpi,0.028682,-6,5,7514,"[-1, -1, 2, 2, 2, 2, 1, 1, -2, -1, -2, 1, -2, -1]"
358,dfs_bnb_mpi,0.002244,-2,3,651,"[-1, -1, 2, 2, 2, -1, -2, -2, -2, -1, -2, 1, 1, 1]"
359,dfs_bnb_mpi,0.000339,-2,3,95,"[-1, -1, 2, 1, 2, 2, -1, -2, -1, -2, -1, 2, 2, 2]"
360,dfs_bnb_mpi,0.083689,-3,4,19323,"[-1, -1, 2, 2, -1, -1, 2, -1, -2, -2, 1, 1, -2, -1]"
361,dfs_bnb_mpi,0.005857,-4,4,1347,"[-1, -1, 2, 2, 2, 2, 1, -2, -2, -2, 1, 2, 2, 2]"
362,dfs_bnb_mpi,0.050231,-3,4,14411,"[-1, -2, 1, 1, 2, 1, 2, -1, -1, 2, 2, -1, -2, -2]"
363,dfs_bnb_mpi,0.014446,-3,4,4329,"[-1, -1, 2, 2, 2, 1, -2, 1, 2, 1, -2, -2, -1, -1]"
364,dfs_bnb_mpi,0.020378,-5,6,5703,"[-1, -1, 2, -1, 2, 1, 2, 1, -2, -2, 1, 1, -2, 1]"
365,dfs_bnb_mpi,0.010587,-6,7,2998,"[-1, -1, 2, 1, 2, 2, 1, 2, 1, -2, -2, -1, -2, 1]"
366,dfs_bnb_mpi,0.028315,-5,6,7438,"[-1, -1, -1, 2, 1, 2, 2, 1, 1, -2, -1, -2, 1, 1]"
367,dfs_bnb_mpi,0.020829,-2,3,5015,"[-1, -1, 2, 2, 2, 2, 1, -2, -2, -2, 1, 2, 2, 2]"
368,dfs_bnb_mpi,0.071976,-4,5,19628,"[-1, -2, -2, 1, 2, 1, 2, 1, 2, -1, -1, 2, -1, -2]"
369,dfs_bnb_mpi,0.013974,-6,7,3277,"[-1, -1, 2, -1, -2, -1, -2, 1, 1, 1, -2, -1, -1, -1]"
370,dfs_bnb_mpi,0.055253,-4,5,16538,"[-1, -1, 2, 1, 2, -1, -1, 2, 2, -1, -2, -2, -2, 1]"
371,dfs_bnb_mpi,0.010614,-7,7,2520,"[-1, -2, -1, -2, 1, 1, 2, 1, 2, 1, -2, -2, -1, -2]"
372,dfs_bnb_mpi,0.012168,-6,7,3366,"[-1, -1, 2, 2, 1, -2, 1, 1, 2, -1, 2, -1, -1, 2]"
373,dfs_bnb_mpi,0.005902,-5,6,1478,"[-1, -1, 2, 2, 2, 1, -2, -2, 1, 1, -2, -2, -1, -1]"
374,dfs_bnb_mpi,0.151998,-6,7,41416,"[-1, -1, 2, 1, 2, 2, 1, 1, -2, 1, -2, -1, -1, 2]"
375,dfs_bnb_mpi,0.165594,-6,6,45091,"[-1, -1, 2, 2, 1, 2, 1, -2, 1, 1, -2, -1, -1, -1]"
376,dfs_bnb_mpi,0.014511,-4,4,4255,"[-1, -1, 2, 2, 2, 1, 2, 1, -2, -2, -1, -2, 1, 1]"
377,dfs_bnb_mpi,0.030553,-4,5,8943,"[-1, -2, 1, -2, 1, 2, 2, 2, 2, 1, -2, -2, 1, 2]"
378,dfs_bnb_mpi,0.146145,-5,6,37968,"[-1, -1, 2, 2, -1, -1, -1, -2, 1, -2, -2, 1, 2, 2]"
379,dfs_bnb_mpi,0.019669,-4,5,5522,"[-1, -2, -1, 2, 2, 2, 2, 1, -2, 1, 1, -2, -1, -1]"
380,dfs_bnb_mpi,0.021101,-5,6,5781,"[-1, -1, 2, -1, 2, -1, 2, 1, 1, -2, 1, -2, 1, 2]"
381,dfs_bnb_mpi,0.04282,-5,6,11822,"[-1, -2, 1, 1, 2, 1, -2, -2, -1, -1, -1, -2, 1, 1]"
382,dfs_bnb_mpi,0.030849,-6,7,7373,"[-1, -2, -1, 2, 2, 2, 2, 1, -2, -2, 1, 1, 2, -1]"
383,dfs_bnb_mpi,0.049968,-4,5,12791,"[-1, -1, 2, 1, 2, 2, -1, -2, -1, 2, -1, -2, -2, 1]"
384,dfs_bnb_mpi,0.065539,-4,5,17622,"[-1, -1, 2, 1, 2, -1, 2, 1, 2, -1, -1, -2, -2, -2]"
385,dfs_bnb_mpi,0.000248,-2,3,73,"[-1, -1, 2, 1, 1, 2, 2, 2, 1, -2, -2, -2, 1, 2]"
386,dfs_bnb_mpi,0.009155,-6,7,2434,"[-1, -1, 2, 1, 1, 1, -2, 1, -2, -2, -1, -1, 2, 1]"
387,dfs_bnb_mpi,0.086832,-6,7,20320,"[-1, -2, 1, 1, -2, -1, -1, -1, -2, 1, 1, 1, -2, -1]"
388,dfs_bnb_mpi,0.038193,-2,3,10702,"[-1, -1, 2, 2, 2, 2, 2, 1, 2, 2, -1, -2, -1, -2]"
389,dfs_bnb_mpi,0.011502,-4,5,3017,"[-1, -1, 2, 2, 1, 1, 1, 1, -2, -2, -1, 2, -1, -1]"
390,dfs_bnb_mpi,7.6e-05,-1,2,27,"[-1, -1, 2, -1, -2, -1, 2, 2, 2, 2, 2, 2, 2, 2]"
391,dfs_bnb_mpi,0.002877,-6,7,782,"[-1, -2, -2, 1, 2, 1, 2, 1, 2, -1, 2, -1, -2, -1]"
392,dfs_bnb_mpi,0.007796,-4,5,2144,"[-1, -1, 2, -1, -2, -1, -2, 1, -2, 1, 2, 1, 1, 1]"
393,dfs_bnb_mpi,0.008522,-6,7,2007,"[-1, -2, 1, 1, 1, -2, -1, -1, -1, -2, 1, 1, 1, 1]"
394,dfs_bnb_mpi,0.011327,-6,7,2984,"[-1, -1, 2, 2, 1, 2, -1, 2, 1, 1, -2, -2, -2, -1]"
395,dfs_bnb_mpi,0.00668,-6,7,1933,"[-1, -2, 1, 1, 2, 1, 2, -1, 2, -1, -2, -1, 2, 2]"
396,dfs_bnb_mpi,0.000363,-4,5,104,"[-1, -1, 2, 1, 1, 2, 2, -1, -2, -1, 2, 2, 2, 2]"
397,dfs_bnb_mpi,0.016344,-6,7,3680,"[-1, -1, 2, -1, -2, -2, -2, 1, 2, 1, 1, -2, -1, -2]"
398,dfs_bnb_mpi,0.058731,-7,7,13854,"[-1, -2, 1, 1, 1, 2, -1, 2, 2, -1, -2, -1, -1, -2]"
399,dfs_bnb_mpi,0.000859,-5,6,233,"[-1, -1, 2, 1, 2, -1, 2, 1, 1, -2, -2, 1, 2, 2]"
400,dfs_bnb_mpi,0.013161,-5,6,3774,"[-1, -1, 2, 2, 1, -2, 1, 1, 2, -1, 2, 2, -1, -2]"
401,dfs_bnb_mpi,0.020027,-4,5,5887,"[-1, -2, 1, 1, 2, 2, 2, 1, -2, -2, -2, -2, -1, -1]"
402,dfs_bnb_mpi,0.045096,-5,5,12978,"[-1, -1, 2, -1, 2, -1, 2, 2, 1, -2, 1, -2, 1, -2]"
403,dfs_bnb_mpi,0.013151,-5,6,3063,"[-1, -1, 2, -1, -2, -2, -2, 1, 2, 1, 1, -2, -1, -2]"
404,dfs_bnb_mpi,0.067539,-6,7,17383,"[-1, -1, 2, 2, 1, 2, 2, 1, 1, -2, -1, -2, -2, -1]"
405,dfs_bnb_mpi,0.022199,-5,6,6106,"[-1, -2, 1, 1, 2, 2, 2, 2, -1, -2, -2, -1, 2, 2]"
406,dfs_bnb_mpi,0.009044,-4,5,2213,"[-1, -1, 2, 1, 1, 2, 1, -2, -2, 1, -2, -1, -1, -1]"
407,dfs_bnb_mpi,0.026231,-5,6,6114,"[-1, -1, 2, 2, 2, 2, 1, -2, -2, -2, 1, 2, 2, 2]"
408,dfs_bnb_mpi,4.9e-05,0,1,15,"[-1, -1, 2, 2, 2, 2, 2, 2, 2, 2, 2, 2, 2, 2]"
409,dfs_bnb_mpi,0.016202,-3,4,4464,"[-1, -1, 2, 2, 2, 1, 1, -2, -1, -2, 1, 1, 2, 2]"
410,dfs_bnb_mpi,0.003938,-4,5,1179,"[-1, -2, -1, 2, 2, 1, 2, 2, 2, 1, -2, -2, -2, 1]"
411,dfs_bnb_mpi,0.004268,-4,5,1014,"[-1, -2, -1, -1, 2, 1, 2, 1, 2, 1, -2, 1, 2, 2]"
412,dfs_bnb_mpi,0.000558,-3,3,140,"[-1, -1, 2, 2, 1, -2, 1, 2, 2, 2, 2, 2, 2, 2]"
413,dfs_bnb_mpi,0.002506,-4,5,631,"[-1, -2, -1, -1, 2, 1, 2, 1, 2, 1, -2, 1, 2, 2]"
414,dfs_bnb_mpi,0.011955,-4,5,3149,"[-1, -2, -1, 2, 2, 1, 1, 1, -2, 1, -2, -1, -1, -2]"
415,dfs_bnb_mpi,0.002735,-3,4,762,"[-1, -1, 2, 2, 1, -2, 1, 2, 2, 1, -2, 1, 2, 2]"
416,dfs_bnb_mpi,0.043005,-4,5,12344,"[-1, -1, 2, 2, 2, 1, 2, 1, -2, 1, -2, -1, -1, -2]"
417,dfs_bnb_mpi,0.032485,-4,4,7703,"[-1, -1, 2, 2, 2, 2, -1, -2, -2, -2, -1, -2, 1, -2]"
418,dfs_bnb_mpi,0.005312,-4,5,1481,"[-1, -1, 2, 2, -1, -2, -1, -2, 1, -2, -1, -1, 2, 2]"
419,dfs_bnb_mpi,0.037599,-4,5,9768,"[-1, -1, 2, 2, 2, 1, -2, -2, 1, 2, 2, 1, -2, -2]"
420,dfs_bnb_mpi,0.070057,-6,6,19007,"[-1, -2, -1, 2, 2, 1, 2, -1, -1, -2, -2, -2, -2, 1]"
421,dfs_bnb_mpi,0.00026,-2,3,76,"[-1, -1, 2, 2, 1, -2, 1, 2, 2, 2, 2, 2, 2, 2]"
422,dfs_bnb_mpi,0.018628,-5,6,4975,"[-1, -2, 1, -2, 1, 2, 1, 1, 2, -1, -1, 2, 1, 2]"
423,dfs_bnb_mpi,0.005891,-5,5,1700,"[-1, -2, 1, 1, 2, 2, 1, -2, 1, 1, -2, -1, -1, -2]"
424,dfs_bnb_mpi,0.000143,-1,2,38,"[-1, -1, 2, 2, 2, 2, 2, 2, 2, 2, 1, -2, -2, -2]"
425,dfs_bnb_mpi,0.039757,-7,8,8992,"[-1, -1, 2, 1, 1, 2, 1, -2, -2, -2, -1, -1, -2, 1]"
426,dfs_bnb_mpi,0.00965,-2,3,2732,"[-1, -1, 2, 2, 2, 1, 2, 2, -1, -2, -1, -1, -2, 1]"
427,dfs_bnb_mpi,0.014936,-4,5,4336,"[-1, -1, 2, 1, 2, 1, 2, -1, -1, -2, -1, -1, -2, 1]"
428,dfs_bnb_mpi,0.036545,-5,6,10772,"[-1, -1, 2, 1, 1, 1, -2, -2, -1, -1, -1, -2, 1, 1]"
429,dfs_bnb_mpi,0.044699,-7,7,11050,"[-1, -1, 2, 2, 1, -2, 1, 1, 2, -1, 2, 2, -1, -2]"
430,dfs_bnb_mpi,0.032524,-2,3,7774,"[-1, -2, -1, 2, 2, 1, 1, 1, -2, -2, -1, -2, 1, 1]"
431,dfs_bnb_mpi,0.00199,-5,6,503,"[-1, -1, 2, 2, 1, -2, 1, 2, 2, 2, -1, -2, -1, 2]"
432,dfs_bnb_mpi,0.004638,-3,4,1356,"[-1, -1, 2, 1, 1, 2, -1, -1, -1, -2, -2, -1, 2, 2]"
433,dfs_bnb_mpi,0.011602,-6,7,3055,"[-1, -2, 1, 1, 2, 1, 2, -1, 2, 2, -1, -2, -2, -1]"
434,dfs_bnb_mpi,0.006427,-5,5,1819,"[-1, -1, 2, 2, 2, 2, 1, -2, 1, -2, -1, -2, 1, 1]"
435,dfs_bnb_mpi,0.052349,-4,5,12650,"[-1, -1, 2, 2, 1, -2, 1, 1, -2, -2, -1, -1, -2, 1]"
436,dfs_bnb_mpi,0.002559,-5,6,734,"[-1, -1, 2, -1, 2, 1, 1, -2, 1, 1, -2, 1, 2, 2]"
437,dfs_bnb_mpi,0.000575,-2,3,178,"[-1, -1, 2, 1, 2, 2, -1, -2, -1, -1, -2, 1, -2, -1]"
438,dfs_bnb_mpi,0.023818,-5,6,6987,"[-1, -1, 2, 2, 1, -2, 1, 1, -2, -2, -2, -1, 2, -1]"
439,dfs_bnb_mpi,0.018774,-3,4,5763,"[-1, -1, 2, 2, 2, 2, 1, -2, -2, -2, 1, 2, 1, -2]"
440,dfs_bnb_mpi,0.174716,-4,5,41278,"[-1, -1, 2, 2, 1, 2, 2, 2, 1, -2, -2, -2, -2, -1]"
441,dfs_bnb_mpi,0.009279,-3,4,2086,"[-1, -1, 2, 2, 1, 1, -2, 1, 1, -2, -1, -2, 1, 1]"
442,dfs_bnb_mpi,0.05156,-6,7,13397,"[-1, -1, 2, 1, 2, -1, -1, -1, -2, -2, -2, 1, 2, 2]"
443,dfs_bnb_mpi,0.24172,-5,6,54896,"[-1, -1, 2, 2, -1, -2, -1, -1, -2, -2, 1, 2, 1, -2]"
444,dfs_bnb_mpi,0.108001,-4,5,29721,"[-1, -2, -1, 2, -1, -1, 2, 1, 2, 2, 1, -2, -2, 1]"
445,dfs_bnb_mpi,0.028829,-4,5,7547,"[-1, -1, 2, 2, 1, -2, 1, 1, 2, -1, 2, -1, 2, 2]"
446,dfs_bnb_mpi,0.000628,-2,3,190,"[-1, -1, 2, 2, 2, 1, 2, 2, -1, -2, -1, -1, -2, 1]"
447,dfs_bnb_mpi,0.066786,-5,6,18020,"[-1, -1, 2, 2, 1, 2, 1, 2, 1, -2, -2, -1, -2, -1]"
448,dfs_bnb_mpi,0.067045,-8,8,16969,"[-1, -1, 2, 2, 2, 1, 1, 1, -2, -2, -1, 2, -1, -2]"
449,dfs_bnb_mpi,0.092871,-3,4,28768,"[-1, -2, -1, 2, 2, 2, 2, 2, 2, 1, -2, -2, -2, -2]"
450,dfs_bnb_mpi,0.03406,-4,5,10514,"[-1, -1, 2, 1, 2, 2, 2, 2, 1, -2, -2, -2, -2, 1]"
451,dfs_bnb_mpi,0.001801,-6,7,472,"[-1, -1, 2, 2, 2, 1, -2, -2, 1, 1, 2, -1, 2, 2]"
452,dfs_bnb_mpi,0.098326,-5,5,22892,"[-1, -1, 2, -1, -2, -1, -1, -2, 1, 1, 1, 1, -2, -1]"
453,dfs_bnb_mpi,0.008562,-3,4,2384,"[-1, -1, 2, 2, 2, 2, 2, 1, -2, -2, -2, 1, 2, 2]"
454,dfs_bnb_mpi,0.034525,-6,7,8629,"[-1, -1, 2, -1, 2, 1, 1, 2, 1, 1, -2, -1, -2, -1]"
455,dfs_bnb_mpi,0.110495,-3,4,25878,"[-1, -1, 2, 2, 2, 2, 2, 1, -2, 1, 2, 2, 1, -2]"
456,dfs_bnb_mpi,0.03335,-3,4,7638,"[-1, -1, 2, 2, 2, 2, 2, 2, 1, -2, -2, -2, 1, 2]"
457,dfs_bnb_mpi,0.068934,-6,7,18143,"[-1, -1, 2, -1, -1, -1, -2, 1, 1, -2, -2, -1, 2, -1]"
458,dfs_bnb_mpi,0.000357,-4,5,91,"[-1, -1, 2, 2, 2, 1, 1, -2, -1, -2, 1, 1, 2, 2]"
459,dfs_bnb_mpi,0.035909,-7,8,9342,"[-1, -1, -1, 2, 1, 2, -1, 2, 1, 1, -2, 1, -2, -1]"
460,dfs_bnb_mpi,0.005148,-6,7,1436,"[-1, -2, -1, 2, 2, 1, 2, 1, -2, 1, -2, -2, -1, -2]"
461,dfs_bnb_mpi,0.107958,-7,7,27873,"[-1, -1, 2, 2, 1, 2, 1, 2, 1, -2, -2, -1, -2, -1]"
462,dfs_bnb_mpi,0.08167,-5,6,18465,"[-1, -1, 2, 2, 2, 2, 1, 1, -2, -1, -2, 1, -2, -1]"
463,dfs_bnb_mpi,0.081716,-7,8,20513,"[-1, -1, 2, -1, -2, -1, -2, -2, 1, 1, 1, 2, -1, -1]"
464,dfs_bnb_mpi,0.104752,-4,5,30174,"[-1, -1, 2, 2, 2, 1, -2, -2, 1, 2, 2, 2, -1, -1]"
465,dfs_bnb_mpi,0.004308,-4,5,1268,"[-1, -1, 2, 1, 2, 2, -1, -2, -1, -1, -2, 1, -2, -1]"
466,dfs_bnb_mpi,0.034685,-5,5,9303,"[-1, -1, 2, -1, -2, -1, -1, -2, 1, 1, 1, -2, 1, 2]"
467,dfs_bnb_mpi,0.034125,-7,8,9483,"[-1, -1, 2, 1, 1, 1, -2, 1, -2, -1, -2, -1, 2, -1]"
468,dfs_bnb_mpi,0.0021,-2,3,635,"[-1, -1, 2, 2, 2, 1, 2, 2, -1, -2, -1, -1, -2, 1]"
469,dfs_bnb_mpi,0.047071,-5,6,13461,"[-1, -1, 2, -1, -1, 2, 1, 1, 2, 1, -2, -2, 1, 2]"
470,dfs_bnb_mpi,0.016517,-4,5,4532,"[-1, -1, 2, 2, 1, -2, 1, 2, 2, 1, -2, -2, 1, 2]"
471,dfs_bnb_mpi,0.068909,-6,7,15543,"[-1, -1, 2, -1, 2, 1, 2, 1, -2, -2, 1, 2, 1, -2]"
472,dfs_bnb_mpi,0.007004,-3,4,1982,"[-1, -1, 2, 2, 1, -2, 1, 1, 1, 2, -1, -1, 2, 2]"
473,dfs_bnb_mpi,0.009612,-5,6,2258,"[-1, -1, 2, 2, 2, 1, 1, -2, -1, -2, 1, 1, 2, 2]"
474,dfs_bnb_mpi,0.078364,-5,6,20461,"[-1, -1, 2, 2, -1, -2, -2, -1, -2, 1, -2, -1, -1, 2]"
475,dfs_bnb_mpi,0.003533,-6,7,985,"[-1, -2, -1, 2, 2, 1, 1, 1, 1, -2, -1, -2, -1, -2]"
476,dfs_bnb_mpi,0.003163,-5,6,868,"[-1, -1, 2, -1, 2, 1, 1, -2, 1, 1, -2, 1, 2, 2]"
477,dfs_bnb_mpi,0.004759,-4,5,1205,"[-1, -1, 2, 2, -1, -1, -2, 1, -2, -2, 1, 1, 1, 1]"
478,dfs_bnb_mpi,0.016405,-5,6,4337,"[-1, -2, -1, 2, -1, 2, 2, 1, -2, 1, 2, 1, -2, 1]"
479,dfs_bnb_mpi,0.008857,-6,7,2080,"[-1, -1, 2, -1, 2, 2, 1, -2, 1, 2, 1, -2, -2, -1]"
480,dfs_bnb_mpi,0.022614,-5,6,6528,"[-1, -1, 2, 2, 1, -2, 1, 1, 2, -1, 2, 2, -1, -2]"
481,dfs_bnb_mpi,0.053397,-6,7,11643,"[-1, -2, 1, 1, -2, -2, -1, 2, -1, -2, -1, 2, 2, 2]"
482,dfs_bnb_mpi,0.053923,-3,4,16375,"[-1, -1, 2, 1, 2, 2, 2, 2, 1, -2, -2, -2, -2, 1]"
483,dfs_bnb_mpi,0.009834,-6,7,2504,"[-1, -2, 1, 1, 2, 2, -1, -1, -1, -1, -2, 1, -2, -1]"
484,dfs_bnb_mpi,0.026267,-6,7,7375,"[-1, -2, -1, -2, -1, 2, 2, 1, 2, 1, 2, 1, -2, 1]"
485,dfs_bnb_mpi,0.000756,-3,4,218,"[-1, -2, 1, 1, 2, 2, 1, -2, 1, 2, 2, 2, 2, 2]"
486,dfs_bnb_mpi,0.004816,-6,6,1252,"[-1, -1, 2, 1, 2, -1, -1, -2, -2, -2, 1, 1, 1, 1]"
487,dfs_bnb_mpi,0.063349,-5,6,14308,"[-1, -1, 2, 2, 2, 1, 2, 1, -2, -2, -1, -2, 1, 1]"
488,dfs_bnb_mpi,0.058169,-6,7,15125,"[-1, -2, -1, 2, 2, 2, 1, 2, 1, 1, -2, -1, -2, -1]"
489,dfs_bnb_mpi,0.000616,-2,3,148,"[-1, -1, 2, 2, 2, 2, 2, 1, 2, 1, -2, -2, -1, -2]"
490,dfs_bnb_mpi,0.0322,-4,5,7406,"[-1, -1, 2, 2, -1, -2, -1, -2, 1, -2, 1, 1, 1, 1]"
491,dfs_bnb_mpi,0.001316,-2,3,357,"[-1, -1, 2, 2, 2, 2, 1, 2, -1, 2, -1, -2, -2, -1]"
492,dfs_bnb_mpi,0.003195,-4,5,883,"[-1, -1, 2, 2, 1, 2, -1, -1, -2, -1, -2, 1, -2, -1]"
493,dfs_bnb_mpi,0.095907,-5,6,27465,"[-1, -1, 2, 2, 1, 2, -1, 2, -1, -2, -1, -2, 1, -2]"
494,dfs_bnb_mpi,0.003343,-5,5,847,"[-1, -1, 2, 1, 1, 2, 2, -1, -2, -1, 2, 2, 2, 2]"
495,dfs_bnb_mpi,0.188118,-6,7,44114,"[-1, -2, 1, 1, 2, 2, 1, 2, 1, -2, -2, -1, -2, 1]"
496,dfs_bnb_mpi,0.000308,-2,3,95,"[-1, -1, 2, 1, 2, -1, 2, -1, -2, -2, -1, 2, 2, 2]"
497,dfs_bnb_mpi,0.001018,-2,3,318,"[-1, -1, 2, 2, 1, -2, 1, 2, 2, 2, 1, -2, -2, -2]"
498,dfs_bnb_mpi,0.062821,-5,6,14171,"[-1, -2, 1, 1, 2, 2, 1, -2, -2, -2, -1, -1, -1, -1]"
499,dfs_bnb_mpi,0.187962,-6,7,43231,"[-1, -1, 2, -1, -1, -1, -2, -2, -2, 1, 2, 2, 1, -2]"
500,dfs_bnb_mpi,0.006453,-4,5,1823,"[-1, -1, 2, 2, 1, -2, 1, 1, -2, -2, -2, -1, 2, -1]"
501,dfs_bnb_mpi,0.030689,-5,6,9097,"[-1, -2, 1, 1, -2, -1, -2, -2, -1, 2, 2, -1, 2, 2]"
502,dfs_bnb_mpi,0.001907,-3,4,459,"[-1, -1, 2, -1, 2, -1, -2, -2, 1, -2, 1, 1, 1, 1]"
503,dfs_bnb_mpi,0.022932,-5,6,5976,"[-1, -1, 2, 2, -1, 2, -1, -2, -1, -2, 1, -2, 1, 2]"
504,dfs_bnb_mpi,0.131053,-5,6,36492,"[-1, -1, 2, 2, -1, -1, 2, -1, -2, -2, 1, -2, 1, 2]"
505,dfs_bnb_mpi,4.2e-05,0,1,15,"[-1, -1, 2, 2, 2, 2, 2, 2, 2, 2, 2, 2, 2, 2]"
506,dfs_bnb_mpi,0.000131,-2,3,38,"[-1, -1, 2, 2, 2, 2, 2, 2, 2, 1, 1, -2, -1, -2]"
507,dfs_bnb_mpi,0.011857,-4,5,3286,"[-1, -1, 2, 2, 2, 1, -2, 1, 2, 1, -2, -2, -1, -1]"
508,dfs_bnb_mpi,0.130506,-5,6,36766,"[-1, -1, 2, -1, 2, 2, 1, -2, 1, 2, 1, -2, -2, -1]"
509,dfs_bnb_mpi,0.132999,-3,4,35695,"[-1, -1, 2, -1, 2, 2, 1, -2, 1, 2, 1, -2, -2, -1]"
510,dfs_bnb_mpi,0.006746,-3,4,1846,"[-1, -1, 2, 2, 2, -1, -2, -1, -2, 1, -2, -1, -1, 2]"
511,dfs_bnb_mpi,0.035103,-2,3,9315,"[-1, -1, 2, 2, 2, 2, 2, 2, 2, 1, 2, -1, -1, -2]"
512,dfs_bnb_mpi,0.015118,-4,5,3753,"[-1, -2, -1, 2, 2, 2, 2, 1, -2, -2, 1, 2, 2, 2]"
513,dfs_bnb_mpi,0.12271,-5,6,35323,"[-1, -1, 2, 2, 2, 1, 2, 1, -2, 1, -2, -1, -1, -2]"
514,dfs_bnb_mpi,0.00291,-5,6,781,"[-1, -1, 2, -1, -2, -2, 1, -2, 1, 2, 1, 1, 2, 2]"
515,dfs_bnb_mpi,0.054783,-5,6,16311,"[-1, -2, -1, 2, 2, 2, 2, 1, 2, 1, -2, -2, -1, -2]"
516,dfs_bnb_mpi,0.02713,-2,3,7968,"[-1, -1, 2, 2, 2, 1, -2, -2, 1, 1, -2, -2, -1, -1]"
517,dfs_bnb_mpi,0.045971,-5,6,12880,"[-1, -1, 2, 2, 1, 2, 1, 2, 1, -2, -2, -1, -2, -1]"
518,dfs_bnb_mpi,0.14633,-5,6,35041,"[-1, -2, -1, -1, -2, 1, 1, -2, 1, 1, 2, 2, -1, -2]"
519,dfs_bnb_mpi,0.00346,-6,7,947,"[-1, -2, -1, -2, -1, 2, 2, 1, 2, 1, 2, 1, -2, 1]"
520,dfs_bnb_mpi,0.001046,-3,4,309,"[-1, -1, 2, 2, 2, 1, 1, -2, -1, -2, 1, 1, 2, 2]"
521,dfs_bnb_mpi,0.002177,-2,3,664,"[-1, -1, 2, 2, 2, 1, 2, 2, -1, -2, -1, -2, -1, 2]"
522,dfs_bnb_mpi,0.089683,-6,7,26146,"[-1, -2, 1, -2, 1, 2, 2, 1, 2, 1, -2, -2, -1, -2]"
523,dfs_bnb_mpi,0.048072,-2,3,14011,"[-1, -1, 2, 2, 2, 1, 2, 2, 2, -1, -2, -2, -1, -2]"
524,dfs_bnb_mpi,0.028103,-2,3,6178,"[-1, -1, 2, 2, 2, 2, 2, 1, 1, -2, -1, -2, 1, 1]"
525,dfs_bnb_mpi,0.058366,-7,8,13525,"[-1, -1, 2, -1, -2, -1, -2, 1, 1, 1, 1, -2, -1, -1]"
526,dfs_bnb_mpi,0.00973,-5,5,2305,"[-1, -1, 2, -1, -2, -1, -2, 1, 1, 1, -2, -1, -1, -1]"
527,dfs_bnb_mpi,0.233399,-3,4,62414,"[-1, -1, 2, 2, 2, 2, 2, 2, 2, 1, -2, 1, -2, -1]"
528,dfs_bnb_mpi,0.045439,-5,6,13477,"[-1, -2, -1, 2, -1, 2, 1, 2, 2, 1, -2, 1, -2, -1]"
529,dfs_bnb_mpi,0.049938,-5,6,13997,"[-1, -1, 2, 2, 1, -2, 1, 2, 2, 1, -2, -2, -2, 1]"
530,dfs_bnb_mpi,0.019766,-4,5,5166,"[-1, -1, 2, 2, 1, 1, 2, -1, 2, -1, -2, -1, -2, -1]"
531,dfs_bnb_mpi,0.044727,-2,3,12038,"[-1, -1, 2, 2, 2, 2, 1, -2, -2, -2, 1, 2, 2, 2]"
532,dfs_bnb_mpi,0.003703,-3,4,1124,"[-1, -1, 2, -1, -2, -2, 1, 1, 1, -2, -1, -1, -1, -1]"
533,dfs_bnb_mpi,0.017589,-5,6,4569,"[-1, -1, 2, -1, 2, 2, -1, -2, -2, -1, -2, 1, 1, -2]"
534,dfs_bnb_mpi,0.01232,-2,3,2935,"[-1, -1, 2, 2, 1, 1, 2, 2, 1, -2, -2, -2, -1, -1]"
535,dfs_bnb_mpi,0.00591,-4,5,1418,"[-1, -2, -1, 2, 2, 1, 1, 1, -2, -2, -1, -2, 1, 1]"
536,dfs_bnb_mpi,0.029708,-5,6,6972,"[-1, -1, 2, 2, -1, -1, -2, 1, -2, -1, -1, 2, 2, 2]"
537,dfs_bnb_mpi,0.004395,-2,3,1331,"[-1, -1, 2, 1, 2, 1, 1, -2, -2, -2, -1, -1, -1, -1]"
538,dfs_bnb_mpi,0.022131,-7,8,5827,"[-1, -2, 1, 1, 2, 2, -1, 2, 1, 1, -2, -2, -2, 1]"
539,dfs_bnb_mpi,0.007301,-2,3,2201,"[-1, -1, 2, 2, 2, 2, -1, -2, -2, -2, -2, -2, 1, 1]"
540,dfs_bnb_mpi,0.169552,-7,8,39131,"[-1, -2, -2, -1, -2, 1, -2, 1, 2, 1, 2, 2, -1, -2]"
541,dfs_bnb_mpi,0.069476,-4,5,19991,"[-1, -1, 2, 2, 1, 2, 2, 2, 1, -2, -2, -2, -2, -1]"
542,dfs_bnb_mpi,0.000799,-3,4,224,"[-1, -1, 2, 2, -1, -2, -1, -2, 1, -2, 1, 1, 1, 1]"
543,dfs_bnb_mpi,0.162912,-6,7,38090,"[-1, -1, 2, 2, 2, 1, -2, 1, 2, 1, -2, -2, -1, -1]"
544,dfs_bnb_mpi,0.005138,-5,6,1271,"[-1, -1, 2, 2, 1, -2, 1, 2, 2, 1, 1, -2, -1, -2]"
545,dfs_bnb_mpi,0.059369,-5,6,15314,"[-1, -1, 2, 2, 1, -2, 1, 2, 2, 2, -1, -2, -1, 2]"
546,dfs_bnb_mpi,0.018521,-4,5,4767,"[-1, -1, 2, 2, 2, 2, 1, -2, -2, -2, 1, 1, 2, -1]"
547,dfs_bnb_mpi,0.055749,-6,7,15706,"[-1, -1, 2, 2, 1, -2, 1, 1, -2, -2, -1, -1, -2, 1]"
548,dfs_bnb_mpi,0.005129,-5,6,1177,"[-1, -2, 1, 1, 2, 1, -2, -2, -1, -1, -1, -1, 2, 2]"
549,dfs_bnb_mpi,0.004289,-4,5,1319,"[-1, -2, 1, -2, 1, 2, 2, 2, 2, 1, -2, -2, 1, 2]"
550,dfs_bnb_mpi,0.040688,-2,3,12208,"[-1, -1, 2, 2, 2, 1, 2, 1, -2, -2, -1, -2, 1, 1]"
551,dfs_bnb_mpi,0.077665,-6,7,21039,"[-1, -1, 2, -1, 2, -1, -1, -2, 1, -2, 1, -2, 1, 1]"
552,dfs_bnb_mpi,0.058044,-4,5,12710,"[-1, -1, 2, 2, 2, -1, -1, -2, 1, -2, -1, -2, 1, -2]"
553,dfs_bnb_mpi,0.036147,-4,5,9519,"[-1, -2, -1, 2, -1, -1, 2, 1, 2, 1, -2, 1, 2, 2]"
554,dfs_bnb_mpi,0.072527,-7,8,20071,"[-1, -2, -1, -2, 1, 1, 2, 1, 1, -2, -1, -2, -1, -1]"
555,dfs_bnb_mpi,0.08424,-6,7,19578,"[-1, -1, 2, 2, 2, 2, 1, -2, -2, 1, 1, -2, -1, -1]"
556,dfs_bnb_mpi,0.020087,-5,6,5537,"[-1, -2, -2, 1, 2, 1, 2, 1, -2, -2, -1, -2, 1, 1]"
557,dfs_bnb_mpi,0.0005,-4,5,146,"[-1, -1, 2, 2, 2, -1, -1, -2, 1, -2, -1, -2, 1, -2]"
558,dfs_bnb_mpi,0.016641,-4,5,4437,"[-1, -1, 2, 2, 1, 1, -2, 1, 1, 1, -2, -1, -1, -2]"
559,dfs_bnb_mpi,0.093649,-6,7,23207,"[-1, -1, 2, 2, -1, 2, -1, -1, -2, 1, -2, -2, 1, 2]"
560,dfs_bnb_mpi,0.005702,-4,5,1482,"[-1, -1, 2, 2, -1, 2, -1, -2, -2, 1, -2, -1, -1, 2]"
561,dfs_bnb_mpi,0.407753,-2,3,87797,"[-1, -1, 2, 2, 2, 2, -1, -1, -2, -2, -2, 1, -2, -1]"
562,dfs_bnb_mpi,0.001892,-5,6,547,"[-1, -1, 2, 1, 2, 1, -2, 1, -2, -2, -1, -1, -1, -1]"
563,dfs_bnb_mpi,0.025861,-4,5,7865,"[-1, -1, 2, 1, 2, 2, 1, 2, 1, -2, -2, -1, -2, 1]"
564,dfs_bnb_mpi,0.000675,-2,3,150,"[-1, -1, 2, 2, 2, 2, 1, 2, 1, -2, -2, -1, -2, 1]"
565,dfs_bnb_mpi,0.021347,-3,4,4849,"[-1, -1, 2, 2, 2, 1, -2, -2, 1, 2, 2, 1, -2, 1]"
566,dfs_bnb_mpi,0.073583,-7,8,16437,"[-1, -2, -1, 2, 2, -1, -2, -1, 2, 2, 1, 1, 1, -2]"
567,dfs_bnb_mpi,0.002154,-4,5,660,"[-1, -1, 2, 1, 2, 2, 1, -2, -2, 1, -2, 1, 2, 2]"
568,dfs_bnb_mpi,0.001894,-6,6,484,"[-1, -1, 2, 1, 1, 1, 2, -1, -1, 2, -1, -2, -1, 2]"
569,dfs_bnb_mpi,0.004934,-4,5,1557,"[-1, -1, 2, 1, 1, 2, 1, 2, 1, -2, -2, -1, -2, 1]"
570,dfs_bnb_mpi,0.00027,-1,2,86,"[-1, -1, 2, 2, 2, 2, 2, 1, -2, -2, -2, -2, 1, 2]"
571,dfs_bnb_mpi,0.050668,-5,5,14215,"[-1, -1, 2, 2, 2, 2, 1, -2, 1, -2, -1, -2, 1, 1]"
572,dfs_bnb_mpi,0.068627,-6,7,16253,"[-1, -1, 2, 1, 1, 2, 1, -2, 1, -2, -1, -2, -1, -1]"
573,dfs_bnb_mpi,0.00502,-5,5,1220,"[-1, -2, 1, 1, 2, 2, 1, -2, 1, -2, -1, -2, 1, 1]"
574,dfs_bnb_mpi,0.002916,-3,4,862,"[-1, -1, 2, 2, 2, -1, -2, -2, -2, -2, -2, 1, 2, 1]"
575,dfs_bnb_mpi,0.008131,-6,7,2069,"[-1, -2, 1, 1, -2, -1, -2, -1, 2, -1, 2, 2, 2, 2]"
576,dfs_bnb_mpi,0.025753,-5,6,7979,"[-1, -1, 2, 1, 2, 1, -2, 1, 2, 2, 2, 1, -2, -2]"
577,dfs_bnb_mpi,0.141545,-5,6,41057,"[-1, -2, 1, 1, 2, 1, -2, 1, 1, -2, -1, -1, -1, -1]"
578,dfs_bnb_mpi,0.082958,-5,5,19965,"[-1, -1, 2, 1, 1, 1, 2, 2, -1, -2, -1, 2, -1, -2]"
579,dfs_bnb_mpi,0.324822,-5,6,74929,"[-1, -2, 1, 1, 2, 2, 2, 1, 1, -2, -2, -1, -2, 1]"
580,dfs_bnb_mpi,0.068165,-5,6,19794,"[-1, -2, -1, 2, -1, 2, 2, 1, -2, 1, 2, 2, -1, -1]"
581,dfs_bnb_mpi,0.007849,-7,8,2027,"[-1, -1, 2, 1, 2, 1, -2, 1, -2, -2, -1, -2, -1, 2]"
582,dfs_bnb_mpi,0.002737,-2,3,847,"[-1, -1, 2, 2, 2, 1, 2, -1, 2, -1, -2, -2, -1, 2]"
583,dfs_bnb_mpi,0.167329,-6,6,38180,"[-1, -1, 2, 1, 2, -1, 2, -1, -2, -2, -2, -2, 1, 1]"
584,dfs_bnb_mpi,0.006826,-4,5,1916,"[-1, -1, 2, -1, 2, -1, -2, -1, -1, -2, 1, 1, 1, -2]"
585,dfs_bnb_mpi,0.0711,-5,6,19172,"[-1, -1, 2, 2, 1, 2, 2, 1, -2, 1, -2, -1, -2, -1]"
586,dfs_bnb_mpi,0.145401,-4,5,42109,"[-1, -1, 2, 2, -1, -2, -2, -1, -1, -2, 1, 1, 1, 1]"
587,dfs_bnb_mpi,0.007712,-4,5,2163,"[-1, -1, 2, 2, 1, 1, -2, 1, -2, -2, -2, -1, 2, -1]"
588,dfs_bnb_mpi,0.007594,-5,6,1789,"[-1, -2, 1, -2, 1, 1, 2, -1, 2, 2, 1, -2, 1, 2]"
589,dfs_bnb_mpi,0.699052,-3,4,153885,"[-1, -1, 2, 2, 2, 2, 2, 2, 2, 2, 1, -2, -2, -2]"
590,dfs_bnb_mpi,0.025985,-4,5,6781,"[-1, -1, 2, 2, 1, 2, -1, -1, 2, -1, -2, -2, 1, -2]"
591,dfs_bnb_mpi,0.121501,-7,8,27047,"[-1, -1, 2, 2, 2, 1, 1, 1, -2, -1, -1, -2, 1, 1]"
592,dfs_bnb_mpi,0.001464,-6,6,408,"[-1, -1, 2, 1, 1, 2, -1, -1, 2, 1, 2, 1, -2, 1]"
593,dfs_bnb_mpi,0.021296,-4,5,6530,"[-1, -2, -1, -2, 1, 1, 2, 1, 2, 2, 2, -1, -2, -1]"
594,dfs_bnb_mpi,0.052868,-4,5,14819,"[-1, -1, 2, 1, 2, 1, 2, 2, -1, -2, -1, -2, -1, -2]"
595,dfs_bnb_mpi,0.009545,-4,5,2673,"[-1, -1, 2, 1, 2, 1, 2, -1, -1, -2, -1, -2, -1, 2]"
596,dfs_bnb_mpi,0.010923,-5,6,2542,"[-1, -2, -1, 2, 2, 1, 2, -1, -1, -2, -2, -1, 2, 2]"
597,dfs_bnb_mpi,0.049119,-5,6,13383,"[-1, -1, 2, -1, 2, -1, -2, -1, -2, -2, 1, 2, 1, -2]"
598,dfs_bnb_mpi,0.205617,-4,5,53509,"[-1, -2, -1, 2, 2, 2, 2, 2, 1, -2, -2, 1, -2, -1]"
599,dfs_bnb_mpi,0.148238,-7,7,33045,"[-1, -1, 2, 2, 1, -2, 1, 2, 2, 2, -1, -1, -2, 1]"
600,dfs_bnb_mpi,0.006363,-2,3,1943,"[-1, -1, 2, 2, 1, -2, 1, 2, 2, -1, -1, -1, -2, -2]"
601,dfs_bnb_mpi,0.003118,-6,7,890,"[-1, -2, 1, 1, 1, 2, -1, 2, 1, 2, -1, -1, -2, -1]"
602,dfs_bnb_mpi,0.023815,-6,6,5837,"[-1, -1, 2, 2, 2, 2, 2, 1, -2, -2, -2, 1, -2, -1]"
603,dfs_bnb_mpi,0.038181,-7,8,10717,"[-1, -1, 2, 1, 2, 2, 1, 1, 1, -2, -1, -2, -1, 2]"
604,dfs_bnb_mpi,3.7e-05,0,1,15,"[-1, -1, 2, 2, 2, 2, 2, 2, 2, 2, 2, 2, 2, 2]"
605,dfs_bnb_mpi,0.063545,-3,4,14563,"[-1, -1, 2, 2, 2, 2, 2, 1, 2, 1, -2, -2, -1, -2]"
606,dfs_bnb_mpi,0.007973,-5,5,2153,"[-1, -1, 2, 1, 2, 1, -2, 1, 2, 2, 2, -1, -2, -1]"
607,dfs_bnb_mpi,0.041915,-4,5,12816,"[-1, -1, 2, 2, 2, 1, -2, 1, 2, 1, -2, -2, -1, -1]"
608,dfs_bnb_mpi,0.228584,-6,7,51136,"[-1, -1, 2, 2, 2, 2, 1, 1, -2, -1, -2, 1, -2, -1]"
609,dfs_bnb_mpi,0.005396,-6,6,1591,"[-1, -1, 2, 2, 2, 2, 1, 1, -2, -1, -2, 1, -2, -1]"
610,dfs_bnb_mpi,0.010692,-7,8,2431,"[-1, -1, 2, 1, 2, 1, -2, 1, 2, 1, -2, -2, -1, -2]"
611,dfs_bnb_mpi,0.042883,-5,6,11937,"[-1, -2, -1, 2, 2, 1, 2, -1, -1, -2, -1, -2, 1, -2]"
612,dfs_bnb_mpi,0.010202,-3,4,2384,"[-1, -1, 2, 2, 2, 1, 1, -2, -1, -2, 1, 1, 2, 2]"
613,dfs_bnb_mpi,0.069186,-3,4,16546,"[-1, -1, 2, 2, 2, 2, 1, -2, 1, -2, -1, -2, 1, 1]"
614,dfs_bnb_mpi,0.015454,-2,3,4281,"[-1, -1, 2, 2, 2, 2, -1, -2, -2, -2, -2, -2, 1, 1]"
615,dfs_bnb_mpi,0.053185,-7,8,14546,"[-1, -2, 1, -2, -2, 1, 2, 1, 2, 2, 2, -1, -2, -2]"
616,dfs_bnb_mpi,0.004137,-4,5,1266,"[-1, -1, 2, 2, -1, -2, -2, -1, -2, -2, 1, 2, 1, 1]"
617,dfs_bnb_mpi,0.085146,-7,8,19870,"[-1, -2, -1, -2, 1, 1, 2, 1, -2, -2, -1, -1, -2, 1]"
618,dfs_bnb_mpi,0.064317,-4,5,17782,"[-1, -1, 2, 1, 1, 2, 1, -2, -2, -2, -1, -1, -1, -1]"
619,dfs_bnb_mpi,0.336726,-4,5,89954,"[-1, -1, 2, 2, 2, 2, 1, -2, -2, 1, 1, -2, -1, -1]"
620,dfs_bnb_mpi,0.002377,-4,4,670,"[-1, -1, 2, 2, -1, 2, 1, 1, -2, -2, 1, 2, 2, 2]"
621,dfs_bnb_mpi,0.000702,-3,4,195,"[-1, -1, 2, 2, 2, -1, -2, -1, -2, 1, -2, -1, -1, 2]"
622,dfs_bnb_mpi,0.073568,-5,6,19541,"[-1, -1, 2, 2, 1, -2, 1, 2, 1, 2, 1, -2, -2, -1]"
623,dfs_bnb_mpi,0.019887,-4,5,4855,"[-1, -1, 2, 2, 1, 1, -2, 1, -2, -2, -1, -2, 1, 1]"
624,dfs_bnb_mpi,4.5e-05,0,1,15,"[-1, -1, 2, 2, 2, 2, 2, 2, 2, 2, 2, 2, 2, 2]"
625,dfs_bnb_mpi,0.013373,-5,6,3961,"[-1, -2, -1, -2, 1, 1, 2, 1, -2, -2, -1, -1, -1, -1]"
626,dfs_bnb_mpi,0.015951,-4,4,4606,"[-1, -2, 1, 1, 2, 1, -2, -2, -1, -2, -1, -1, 2, 1]"
627,dfs_bnb_mpi,0.048771,-5,6,14374,"[-1, -1, 2, -1, -2, -2, -1, -2, 1, 1, 2, 1, 1, 1]"
628,dfs_bnb_mpi,0.00232,-6,7,591,"[-1, -1, 2, 2, 1, -2, 1, 2, 1, -2, 1, -2, -1, -2]"
629,dfs_bnb_mpi,0.037396,-5,6,11023,"[-1, -1, 2, -1, -2, -1, -2, -2, 1, -2, 1, 2, 2, -1]"
630,dfs_bnb_mpi,0.035152,-4,5,7948,"[-1, -1, 2, 2, 2, 2, 1, 1, -2, -1, -2, 1, 1, 2]"
631,dfs_bnb_mpi,0.128769,-5,6,34856,"[-1, -1, 2, 2, 1, 1, 2, 1, -2, 1, -2, -1, -1, -1]"
632,dfs_bnb_mpi,0.009802,-4,5,2518,"[-1, -1, 2, -1, -2, -2, -1, -2, 1, -2, 1, 2, 2, 1]"
633,dfs_bnb_mpi,0.034677,-3,4,10148,"[-1, -2, -1, 2, 2, 2, 2, 2, 1, -2, -2, -2, 1, 2]"
634,dfs_bnb_mpi,0.073444,-5,6,17362,"[-1, -1, 2, 2, -1, -2, -2, -1, -2, 1, 1, 1, -2, -1]"
635,dfs_bnb_mpi,0.039735,-4,5,11836,"[-1, -1, 2, 1, 2, -1, 2, -1, -2, -1, -1, -2, 1, 1]"
636,dfs_bnb_mpi,4.2e-05,0,1,15,"[-1, -1, 2, 2, 2, 2, 2, 2, 2, 2, 2, 2, 2, 2]"
637,dfs_bnb_mpi,0.017906,-6,7,4643,"[-1, -2, 1, 1, 2, 1, 2, -1, 2, -1, -2, -1, 2, 2]"
638,dfs_bnb_mpi,0.021739,-6,7,5252,"[-1, -2, 1, 1, 2, 2, 2, -1, -2, -1, -1, 2, 1, 2]"
639,dfs_bnb_mpi,0.049613,-6,7,11994,"[-1, -1, 2, -1, 2, 2, 1, -2, 1, 1, 1, -2, -1, -1]"
640,dfs_bnb_mpi,0.101983,-7,8,23473,"[-1, -1, 2, 2, 1, 2, 1, 2, 1, -2, -2, -1, -2, -1]"
641,dfs_bnb_mpi,0.054098,-5,6,12951,"[-1, -1, 2, 2, 2, 2, 1, -2, 1, -2, -1, -2, 1, 1]"
642,dfs_bnb_mpi,0.332787,-3,4,90584,"[-1, -1, 2, 2, 2, 2, 1, 1, -2, 1, -2, -2, -1, 2]"
643,dfs_bnb_mpi,0.030244,-3,4,8537,"[-1, -2, -1, 2, 2, 1, 1, 1, -2, -2, -1, -2, 1, 1]"
644,dfs_bnb_mpi,0.102003,-7,8,25046,"[-1, -1, 2, 2, 2, 1, 1, 1, -2, -2, -1, 2, -1, -2]"
645,dfs_bnb_mpi,0.136187,-7,7,30343,"[-1, -1, 2, 2, 2, 2, 1, 1, -2, -1, -2, 1, -2, -1]"
646,dfs_bnb_mpi,4.9e-05,0,1,15,"[-1, -1, 2, 2, 2, 2, 2, 2, 2, 2, 2, 2, 2, 2]"
647,dfs_bnb_mpi,0.066221,-6,7,16958,"[-1, -2, -1, 2, -1, 2, 1, 2, 1, 2, 1, -2, -2, -1]"
648,dfs_bnb_mpi,0.071768,-4,5,21849,"[-1, -2, 1, 1, 2, 1, 2, -1, 2, -1, -1, -2, -1, -2]"
649,dfs_bnb_mpi,0.126359,-6,7,33943,"[-1, -2, -1, 2, -1, 2, 1, 2, 2, 1, -2, 1, -2, -1]"
650,dfs_bnb_mpi,0.007928,-6,7,2001,"[-1, -2, -1, 2, 2, 1, 2, 1, -2, 1, -2, -2, -1, -2]"
651,dfs_bnb_mpi,0.018655,-5,6,5490,"[-1, -1, 2, 2, 1, 2, -1, 2, -1, -2, -2, -1, -2, 1]"
652,dfs_bnb_mpi,0.043341,-4,5,10204,"[-1, -2, -1, -1, -2, 1, 1, 1, 2, 1, 2, 2, 1, -2]"
653,dfs_bnb_mpi,0.005063,-4,5,1330,"[-1, -1, 2, 2, 1, 1, -2, 1, 2, 1, -2, -2, -1, -2]"
654,dfs_bnb_mpi,0.001904,-5,6,514,"[-1, -1, 2, 2, 1, -2, 1, 1, -2, -2, -1, -1, -1, -1]"
655,dfs_bnb_mpi,0.023939,-4,5,6199,"[-1, -1, 2, 2, 1, -2, 1, 2, 1, 2, -1, -1, 2, 2]"
656,dfs_bnb_mpi,0.1979,-4,5,61231,"[-1, -2, 1, 1, 2, 2, 1, 2, 2, 1, -2, -2, -2, -1]"
657,dfs_bnb_mpi,0.006007,-2,3,1823,"[-1, -1, 2, 2, 2, -1, -2, -2, -2, -2, 1, 1, 1, 1]"
658,dfs_bnb_mpi,0.042817,-6,7,12224,"[-1, -1, 2, 1, 2, 2, 1, -2, -2, 1, -2, -2, -1, -1]"
659,dfs_bnb_mpi,0.014367,-6,7,4214,"[-1, -1, 2, 1, 1, 1, -2, -2, -1, -2, -1, -1, 2, 1]"
660,dfs_bnb_mpi,0.008035,-4,5,2273,"[-1, -1, 2, 2, 2, 1, -2, 1, 2, 1, -2, -2, -1, -1]"
661,dfs_bnb_mpi,0.002349,-3,4,562,"[-1, -1, 2, 2, 2, 2, 2, 1, -2, -2, -2, 1, -2, -1]"
662,dfs_bnb_mpi,0.015554,-6,7,4601,"[-1, -2, 1, 1, 2, 2, -1, -1, 2, -1, -2, -1, -2, 1]"
663,dfs_bnb_mpi,0.054049,-5,6,15709,"[-1, -1, 2, 2, 1, -2, 1, 1, 2, 1, 2, -1, -1, -2]"
664,dfs_bnb_mpi,0.045897,-4,5,13208,"[-1, -1, 2, -1, -2, -1, -1, -2, 1, 1, -2, 1, 2, 1]"
665,dfs_bnb_mpi,0.002049,-4,5,553,"[-1, -1, 2, 1, 1, 2, -1, 2, -1, -2, -1, 2, 2, 2]"
666,dfs_bnb_mpi,0.008143,-3,4,2514,"[-1, -1, 2, 2, 1, -2, 1, 1, -2, -2, -1, -1, -1, -1]"
667,dfs_bnb_mpi,0.033803,-4,5,9178,"[-1, -1, 2, 2, 2, 1, 2, -1, 2, -1, -1, -2, 1, -2]"
668,dfs_bnb_mpi,0.044146,-7,7,11041,"[-1, -1, 2, -1, -2, -1, 2, -1, 2, 1, 1, 1, 1, -2]"
669,dfs_bnb_mpi,0.193786,-6,7,43795,"[-1, -2, 1, -2, 1, -2, 1, 1, 2, -1, 2, 2, -1, -2]"
670,dfs_bnb_mpi,0.007323,-6,6,2043,"[-1, -1, 2, 2, 1, -2, 1, 2, 1, -2, 1, -2, -1, -2]"
671,dfs_bnb_mpi,0.126437,-6,7,33064,"[-1, -2, -1, -2, 1, -2, 1, 2, 2, 1, 1, 2, -1, 2]"
672,dfs_bnb_mpi,0.039395,-7,8,10024,"[-1, -1, 2, 1, 1, 2, -1, 2, -1, -2, -1, -1, -2, 1]"
673,dfs_bnb_mpi,0.15014,-4,4,42438,"[-1, -1, 2, 2, 2, 2, 1, -2, 1, 1, -2, -1, -1, -2]"
674,dfs_bnb_mpi,5.7e-05,0,1,15,"[-1, -1, 2, 2, 2, 2, 2, 2, 2, 2, 2, 2, 2, 2]"
675,dfs_bnb_mpi,0.063929,-6,7,18610,"[-1, -2, 1, 1, -2, 1, 2, 1, 2, 2, -1, -1, -2, 1]"
676,dfs_bnb_mpi,0.038624,-6,5,11750,"[-1, -1, 2, 2, 1, 2, 1, -2, 1, 1, -2, -1, -1, -1]"
677,dfs_bnb_mpi,0.011028,-3,4,3084,"[-1, -1, 2, 2, -1, -2, -1, -2, 1, -2, -1, -1, 2, 2]"
678,dfs_bnb_mpi,0.16272,-6,7,39129,"[-1, -1, 2, 2, 2, 1, 1, 1, -2, -2, -1, 2, -1, -2]"
679,dfs_bnb_mpi,0.00059,-2,3,163,"[-1, -1, 2, 2, 1, -2, 1, 2, 2, 2, 2, 2, 2, 2]"
680,dfs_bnb_mpi,0.172289,-6,7,45167,"[-1, -1, 2, -1, -2, -1, -2, -1, -2, 1, 1, 2, 1, 1]"
681,dfs_bnb_mpi,0.004472,-4,5,1256,"[-1, -1, 2, 2, 1, -2, 1, 1, 2, -1, 2, -1, 2, 2]"
682,dfs_bnb_mpi,0.002655,-5,6,739,"[-1, -1, 2, 1, 2, 2, 1, 1, -2, -1, -2, 1, 1, 2]"
683,dfs_bnb_mpi,0.05822,-7,8,14857,"[-1, -1, 2, 2, 2, 2, 1, 1, -2, -1, -2, 1, -2, -1]"
684,dfs_bnb_mpi,0.035277,-7,8,8240,"[-1, -2, 1, 1, 2, 2, -1, 2, 1, 1, -2, -2, -2, 1]"
685,dfs_bnb_mpi,0.001234,-5,6,354,"[-1, -2, 1, 1, 2, 1, 2, -1, 2, -1, -2, -1, 2, 2]"
686,dfs_bnb_mpi,0.000159,-2,3,38,"[-1, -1, 2, 2, 2, 2, 2, 2, 2, 1, 1, -2, -1, -2]"
687,dfs_bnb_mpi,0.007835,-5,6,2072,"[-1, -1, 2, 1, 2, 1, -2, 1, 2, 2, -1, 2, 2, 2]"
688,dfs_bnb_mpi,0.022155,-7,7,6325,"[-1, -1, 2, 1, 2, -1, -1, -2, -1, -2, 1, -2, 1, 1]"
689,dfs_bnb_mpi,0.05127,-7,8,11847,"[-1, -1, 2, 1, 1, 2, 1, -2, -2, -2, -1, -1, -2, 1]"
690,dfs_bnb_mpi,0.011068,-7,8,2934,"[-1, -1, 2, 1, 1, 1, -2, -2, -1, -1, -2, -1, 2, -1]"
691,dfs_bnb_mpi,0.032779,-4,5,9168,"[-1, -1, 2, 2, 2, 2, 1, -2, 1, 1, -2, -1, -1, -2]"
692,dfs_bnb_mpi,0.034938,-5,6,8865,"[-1, -1, 2, 2, 1, -2, 1, 1, 2, -1, 2, 1, 2, 2]"
693,dfs_bnb_mpi,0.002703,-2,3,798,"[-1, -1, 2, 2, 2, 1, 1, -2, -1, -2, 1, 1, 2, 2]"
694,dfs_bnb_mpi,0.109717,-3,4,32735,"[-1, -1, 2, 2, 2, 2, 1, -2, 1, 1, -2, -1, -1, -2]"
695,dfs_bnb_mpi,0.028457,-4,5,8695,"[-1, -2, -2, -1, 2, 2, -1, -1, 2, 1, 2, 1, -2, 1]"
696,dfs_bnb_mpi,0.186007,-4,5,44354,"[-1, -1, 2, 1, 2, 2, -1, -1, -2, -2, -2, -2, 1, 1]"
697,dfs_bnb_mpi,0.287064,-2,3,87615,"[-1, -1, 2, 2, 2, 2, 2, 1, -2, 1, -2, -2, -1, 2]"
698,dfs_bnb_mpi,0.002397,-4,5,692,"[-1, -1, 2, -1, -2, -2, -1, -2, 1, 1, 2, 1, 1, 1]"
699,dfs_bnb_mpi,0.304859,-5,6,69123,"[-1, -1, 2, 2, 2, 1, 1, 1, -2, -2, -1, 2, -1, -2]"
700,dfs_bnb_mpi,0.002877,-4,5,831,"[-1, -1, 2, 2, 1, -2, 1, 2, 2, 2, -1, -2, -1, 2]"
701,dfs_bnb_mpi,0.024626,-4,5,6703,"[-1, -1, 2, 2, 1, -2, 1, 1, 2, -1, 2, -1, 2, 2]"
702,dfs_bnb_mpi,0.045996,-4,5,13485,"[-1, -1, 2, 2, 2, 1, 2, -1, 2, -1, -2, -1, -2, 1]"
703,dfs_bnb_mpi,0.001394,-4,5,371,"[-1, -1, 2, -1, -2, -1, -2, 1, -2, 1, 2, 1, 1, 1]"
704,dfs_bnb_mpi,0.042208,-4,5,11231,"[-1, -1, 2, 2, 1, 2, 2, 1, -2, -2, 1, -2, -1, -1]"
705,dfs_bnb_mpi,4.4e-05,0,1,15,"[-1, -1, 2, 2, 2, 2, 2, 2, 2, 2, 2, 2, 2, 2]"
706,dfs_bnb_mpi,0.002161,-5,6,632,"[-1, -2, 1, -2, 1, 1, 2, -1, 2, 2, 2, -1, -2, -1]"
707,dfs_bnb_mpi,0.035717,-4,5,10745,"[-1, -1, 2, 1, 2, -1, -1, 2, 2, -1, -2, -2, -2, 1]"
708,dfs_bnb_mpi,0.002013,-3,3,658,"[-1, -1, 2, -1, 2, 2, 1, -2, 1, -2, 1, 2, 2, 2]"
709,dfs_bnb_mpi,0.012108,-6,7,3054,"[-1, -1, 2, 1, 2, 2, 1, 1, -2, -1, -2, 1, 1, 2]"
710,dfs_bnb_mpi,0.003377,-6,7,918,"[-1, -2, 1, 1, 1, 2, -1, 2, 2, 1, -2, 1, -2, 1]"
711,dfs_bnb_mpi,0.132991,-3,4,38203,"[-1, -1, 2, 2, 2, 2, 2, 2, 2, 1, -2, 1, -2, -1]"
712,dfs_bnb_mpi,0.070373,-5,5,19433,"[-1, -1, 2, 2, 1, 2, 2, 2, 1, -2, -2, -2, -2, -1]"
713,dfs_bnb_mpi,0.053092,-3,4,13028,"[-1, -1, 2, 2, 2, 2, 1, 1, -2, -2, -1, -2, 1, 1]"
714,dfs_bnb_mpi,0.104258,-7,8,29286,"[-1, -2, 1, 1, 1, -2, -1, -1, -1, -1, -2, 1, 1, 1]"
715,dfs_bnb_mpi,0.000735,-4,5,238,"[-1, -2, 1, 1, 2, 2, -1, 2, -1, -2, -1, 2, 2, 2]"
716,dfs_bnb_mpi,0.001011,-2,3,267,"[-1, -1, 2, 2, 2, 1, -2, -2, 1, 2, 2, 2, 2, 2]"
717,dfs_bnb_mpi,0.088804,-6,7,21433,"[-1, -1, 2, 2, 2, 1, 1, -2, -1, -2, 1, 1, 2, 2]"
718,dfs_bnb_mpi,0.105895,-6,7,25324,"[-1, -2, 1, 1, -2, 1, 1, -2, -2, -1, 2, -1, -1, 2]"
719,dfs_bnb_mpi,0.011425,-6,7,2915,"[-1, -1, 2, 1, 1, 1, -2, 1, -2, -1, -1, -1, -1, -1]"
720,dfs_bnb_mpi,0.010649,-6,7,2927,"[-1, -1, 2, 2, 1, -2, 1, 1, -2, -2, -1, -2, -1, 2]"
721,dfs_bnb_mpi,0.000925,-4,5,288,"[-1, -1, 2, 1, 2, -1, -1, -2, -1, -2, 1, -2, 1, 1]"
722,dfs_bnb_mpi,0.002222,-2,3,705,"[-1, -1, 2, 1, 2, 1, 1, -2, -2, -2, -1, -1, -1, -1]"
723,dfs_bnb_mpi,0.001292,-4,5,361,"[-1, -1, 2, 1, 2, 2, 1, -2, -2, 1, 2, 2, 2, 2]"
724,dfs_bnb_mpi,0.091771,-5,6,25799,"[-1, -2, -2, -1, 2, 2, -1, 2, -1, 2, 1, 1, -2, 1]"
725,dfs_bnb_mpi,0.015122,-5,6,4678,"[-1, -1, 2, 1, 2, -1, 2, 1, 2, 1, -2, -2, -2, 1]"
726,dfs_bnb_mpi,0.013388,-6,6,3547,"[-1, -1, 2, 2, 1, 2, 1, 1, 1, -2, -1, -1, -2, -1]"
727,dfs_bnb_mpi,0.004534,-5,6,1239,"[-1, -2, 1, -2, 1, 2, 2, 1, 2, -1, 2, -1, -2, -1]"
728,dfs_bnb_mpi,0.077661,-4,5,18131,"[-1, -1, 2, 2, 2, 2, 2, 2, 1, -2, -2, -2, -2, 1]"
729,dfs_bnb_mpi,6.9e-05,-1,2,17,"[-1, -1, 2, 2, 2, 2, 2, 2, 2, 2, 2, 2, 1, -2]"
730,dfs_bnb_mpi,0.047765,-6,6,13991,"[-1, -1, 2, 2, -1, -1, -2, -1, -2, 1, -2, 1, 2, 2]"
731,dfs_bnb_mpi,0.088616,-4,5,25206,"[-1, -2, 1, 1, 2, 1, 2, 2, -1, -2, -1, -1, -1, -2]"
732,dfs_bnb_mpi,0.037857,-2,3,10575,"[-1, -1, 2, 2, 2, 2, 2, 2, 2, 1, 2, -1, -1, -2]"
733,dfs_bnb_mpi,0.007178,-4,5,2124,"[-1, -1, 2, 2, 2, 1, 2, 1, -2, 1, -2, -1, -1, -2]"
734,dfs_bnb_mpi,0.015818,-7,8,3741,"[-1, -1, 2, 2, 1, -2, 1, 1, -2, -2, -1, -2, -1, 2]"
735,dfs_bnb_mpi,0.00799,-4,5,2004,"[-1, -1, 2, 2, 1, 1, 2, 1, -2, 1, -2, -1, -1, -1]"
736,dfs_bnb_mpi,0.025725,-2,3,7280,"[-1, -1, 2, 2, 2, 2, 2, 2, 2, 1, 2, -1, -1, -2]"
737,dfs_bnb_mpi,0.011047,-4,5,3173,"[-1, -1, 2, 2, 2, 1, -2, 1, 2, 1, -2, -2, -1, -1]"
738,dfs_bnb_mpi,0.005688,-5,6,1668,"[-1, -1, 2, 2, -1, 2, -1, -2, -1, -2, 1, -2, 1, 2]"
739,dfs_bnb_mpi,0.003769,-4,5,1118,"[-1, -1, 2, 1, 1, 1, -2, -2, -1, -2, -1, 2, -1, -1]"
740,dfs_bnb_mpi,0.024825,-6,7,7485,"[-1, -2, 1, 1, 2, 2, -1, 2, -1, -2, -1, -1, -2, 1]"
741,dfs_bnb_mpi,0.037862,-2,3,10575,"[-1, -1, 2, 2, 2, 2, 2, 2, 2, 1, 2, -1, -1, -2]"
742,dfs_bnb_mpi,0.015283,-7,7,3940,"[-1, -1, 2, 1, 1, 2, 1, -2, -2, -2, -1, -1, -1, -1]"
743,dfs_bnb_mpi,0.016064,-4,5,4099,"[-1, -2, 1, 1, 2, 2, 2, 1, -2, 1, -2, -1, -2, 1]"
744,dfs_bnb_mpi,0.073795,-4,5,19499,"[-1, -1, 2, 2, 2, 2, 1, 2, 1, -2, 1, -2, -1, -1]"
745,dfs_bnb_mpi,0.012988,-7,8,3125,"[-1, -1, 2, 2, 2, 1, -2, -2, 1, 2, 1, -2, -2, 1]"
746,dfs_bnb_mpi,0.170796,-6,6,39982,"[-1, -1, 2, 2, 2, 2, 1, -2, 1, 1, -2, -1, -1, -2]"
747,dfs_bnb_mpi,0.006499,-6,7,1640,"[-1, -1, 2, 1, 2, 2, 1, -2, -2, 1, -2, -2, -1, -1]"
748,dfs_bnb_mpi,0.030138,-6,7,7075,"[-1, -1, 2, -1, -2, -1, -2, 1, 1, 1, -2, -2, -1, 2]"
749,dfs_bnb_mpi,0.023043,-5,6,5204,"[-1, -1, 2, -1, -1, -2, 1, -2, 1, -2, -1, -1, 2, -1]"
750,dfs_bnb_mpi,0.176088,-7,8,40028,"[-1, -2, -2, -1, -2, 1, 1, -2, 1, 2, 2, 2, -1, -2]"
751,dfs_bnb_mpi,0.003027,-5,6,713,"[-1, -1, 2, 2, -1, -2, -2, -2, 1, -2, 1, 2, 1, 1]"
752,dfs_bnb_mpi,0.440239,-3,4,98710,"[-1, -1, 2, 2, 2, 2, 2, 2, 2, 1, -2, -2, -2, -2]"
753,dfs_bnb_mpi,0.094787,-7,8,24014,"[-1, -1, 2, 1, 2, 2, 1, 1, -2, 1, -2, -1, -1, 2]"
754,dfs_bnb_mpi,0.015471,-6,6,4611,"[-1, -2, 1, 1, 1, 1, 2, -1, -1, 2, -1, 2, -1, -2]"
755,dfs_bnb_mpi,0.071297,-6,7,18329,"[-1, -1, 2, 2, 2, 2, 1, 1, -2, -2, -2, -1, 2, 2]"
756,dfs_bnb_mpi,0.006012,-2,3,1690,"[-1, -1, 2, 2, 2, 1, 2, 2, -1, -2, -1, -2, -1, 2]"
757,dfs_bnb_mpi,0.112237,-5,6,28850,"[-1, -1, 2, 2, -1, -2, -2, -1, -2, 1, 1, -2, 1, 2]"
758,dfs_bnb_mpi,0.052861,-5,6,13703,"[-1, -1, 2, 1, 2, 2, -1, -2, -1, 2, -1, -2, -2, 1]"
759,dfs_bnb_mpi,0.053836,-7,8,13459,"[-1, -1, 2, 1, 2, 2, -1, -2, -1, -2, -2, -2, 1, 1]"
760,dfs_bnb_mpi,0.006184,-2,3,1979,"[-1, -1, 2, 1, 1, 2, 2, 2, 2, 1, -2, -2, -2, -2]"
761,dfs_bnb_mpi,0.002142,-2,3,651,"[-1, -1, 2, 2, 2, -1, -2, -2, -2, -1, -2, 1, 1, 1]"
762,dfs_bnb_mpi,0.006032,-5,6,1648,"[-1, -1, 2, -1, -2, -2, 1, -2, 1, -2, -1, -1, 2, -1]"
763,dfs_bnb_mpi,0.01382,-3,4,4226,"[-1, -1, 2, -1, -2, -1, 2, -1, -2, -2, 1, -2, 1, 2]"
764,dfs_bnb_mpi,0.00037,-3,3,119,"[-1, -1, 2, -1, 2, 1, 1, -2, 1, 2, 2, 2, 2, 2]"
765,dfs_bnb_mpi,0.123425,-7,8,34135,"[-1, -2, 1, 1, 2, 2, -1, 2, 1, 2, 1, -2, -2, -2]"
766,dfs_bnb_mpi,0.025082,-6,7,6948,"[-1, -1, 2, 1, 1, 1, 2, -1, -1, 2, -1, -2, -1, -2]"
767,dfs_bnb_mpi,0.050122,-5,6,14234,"[-1, -1, 2, 2, 1, -2, 1, 2, 1, 2, -1, -1, 2, 2]"
768,dfs_bnb_mpi,0.018382,-5,6,5035,"[-1, -1, 2, 2, 2, 1, 1, -2, -1, -2, 1, 1, 2, 2]"
769,dfs_bnb_mpi,0.000142,-2,3,38,"[-1, -1, 2, 2, 2, 2, 2, 2, 2, 1, 1, -2, -1, -2]"
770,dfs_bnb_mpi,0.030786,-7,8,8628,"[-1, -1, 2, 1, 1, 1, 2, -1, 2, -1, -2, -1, -1, -2]"
771,dfs_bnb_mpi,0.013528,-6,7,3691,"[-1, -1, 2, -1, -1, -2, 1, -2, -1, -1, 2, -1, 2, 1]"
772,dfs_bnb_mpi,0.042908,-2,3,13024,"[-1, -1, 2, 2, 2, 2, 2, 2, 2, 1, -2, 1, -2, -1]"
773,dfs_bnb_mpi,0.105892,-4,5,30775,"[-1, -2, -1, -1, -2, 1, 1, -2, 1, 1, 2, 2, -1, -2]"
774,dfs_bnb_mpi,0.018263,-6,7,4757,"[-1, -2, 1, 1, 2, 1, -2, 1, -2, -1, -1, -1, -1, -1]"
775,dfs_bnb_mpi,0.035009,-7,8,7924,"[-1, -2, 1, 1, -2, -1, -2, 1, 1, 2, 2, 2, -1, 2]"
776,dfs_bnb_mpi,0.108014,-4,5,33989,"[-1, -1, 2, 2, 1, 2, 1, 2, 1, -2, -2, -1, -2, -1]"
777,dfs_bnb_mpi,0.11392,-3,4,32541,"[-1, -1, 2, 2, 2, 2, 1, 1, -2, -2, -1, -2, 1, 1]"
778,dfs_bnb_mpi,0.209219,-5,6,62302,"[-1, -2, 1, -2, 1, 2, 2, 2, -1, 2, 1, 1, -2, -2]"
779,dfs_bnb_mpi,0.007127,-5,6,2088,"[-1, -1, 2, -1, 2, 1, 2, 1, -2, -2, 1, 2, 2, 2]"
780,dfs_bnb_mpi,0.019078,-3,4,5147,"[-1, -1, 2, 2, 2, 1, -2, -2, 1, 2, 2, 2, 2, 2]"
781,dfs_bnb_mpi,0.001346,-6,7,365,"[-1, -1, 2, 1, 1, 1, -2, -2, -1, -2, -1, 2, -1, -1]"
782,dfs_bnb_mpi,0.101569,-6,7,29283,"[-1, -2, 1, -2, 1, 1, 1, 1, 2, -1, -1, 2, -1, -2]"
783,dfs_bnb_mpi,0.041077,-4,5,10976,"[-1, -1, 2, 1, 2, -1, 2, -1, 2, -1, -2, -2, 1, -2]"
784,dfs_bnb_mpi,0.029568,-5,6,7442,"[-1, -1, 2, 2, 2, -1, -1, -2, 1, -2, -1, -2, 1, -2]"
785,dfs_bnb_mpi,0.170159,-5,6,39786,"[-1, -1, 2, 2, 1, 2, 1, 1, 1, -2, -1, -1, -2, -1]"
786,dfs_bnb_mpi,0.004857,-4,5,1456,"[-1, -2, 1, 1, 2, 2, 1, -2, -2, -2, -1, -1, -1, -1]"
787,dfs_bnb_mpi,0.001252,-4,4,333,"[-1, -1, 2, -1, 2, 1, 1, -2, 1, 2, 2, 2, 2, 2]"
788,dfs_bnb_mpi,0.039987,-2,3,12417,"[-1, -1, 2, 2, 2, 2, 2, -1, -2, -2, -2, -2, -2, -1]"
789,dfs_bnb_mpi,0.156141,-5,6,39501,"[-1, -1, 2, 2, -1, -2, -2, -1, -2, 1, 1, -2, 1, 2]"
790,dfs_bnb_mpi,0.112341,-4,5,27951,"[-1, -1, 2, 2, -1, -1, 2, -1, -2, -2, 1, 1, -2, -1]"
791,dfs_bnb_mpi,0.023183,-5,6,5272,"[-1, -1, 2, -1, -2, -1, -2, 1, 1, 1, -2, -1, -1, -1]"
792,dfs_bnb_mpi,0.000372,-2,3,115,"[-1, -1, 2, -1, -2, -1, 2, -1, -2, -2, 1, 1, 1, 1]"
793,dfs_bnb_mpi,0.105598,-5,6,30508,"[-1, -1, 2, 1, 2, 2, 2, 1, 1, -2, -2, -2, -1, 2]"
794,dfs_bnb_mpi,0.000775,-3,4,216,"[-1, -2, 1, 1, 2, 2, 1, -2, 1, 2, 2, 2, 2, 2]"
795,dfs_bnb_mpi,0.073855,-5,6,16582,"[-1, -1, 2, 2, -1, -1, -1, -2, 1, 1, -2, -1, -1, -1]"
796,dfs_bnb_mpi,0.064408,-6,6,17701,"[-1, -1, 2, 1, 2, -1, -1, 2, 2, -1, -2, -2, -2, 1]"
797,dfs_bnb_mpi,0.037762,-4,4,11959,"[-1, -1, 2, 2, 2, 1, -2, 1, 2, 1, -2, -2, -1, -1]"
798,dfs_bnb_mpi,0.002114,-6,7,526,"[-1, -1, 2, 2, 2, 1, -2, -2, 1, 1, 2, -1, 2, 2]"
799,dfs_bnb_mpi,0.018609,-5,5,5509,"[-1, -1, 2, -1, -2, -1, -2, 1, 1, -2, 1, 1, 2, -1]"
800,dfs_bnb_mpi,0.018489,-3,4,5672,"[-1, -1, 2, 2, 1, -2, 1, 2, 2, 2, 2, -1, -2, -2]"
801,dfs_bnb_mpi,0.063247,-4,5,18117,"[-1, -1, 2, 1, 2, 1, 2, 2, -1, -2, -1, -2, -1, -2]"
802,dfs_bnb_mpi,0.141785,-4,5,35115,"[-1, -1, 2, 2, 1, 2, 2, 2, 1, -2, -2, -2, -2, -1]"
803,dfs_bnb_mpi,0.037969,-6,7,10120,"[-1, -1, 2, 2, -1, -1, -2, -1, -2, 1, -2, 1, 2, 2]"
804,dfs_bnb_mpi,0.010385,-4,5,3228,"[-1, -1, 2, 1, 2, -1, 2, -1, -2, -1, -1, -2, 1, 1]"
805,dfs_bnb_mpi,0.003714,-4,5,1085,"[-1, -1, 2, 1, 1, 2, -1, -1, 2, -1, -2, -1, -2, 1]"
806,dfs_bnb_mpi,0.031337,-6,7,7484,"[-1, -1, 2, 2, -1, 2, -1, -2, -2, 1, -2, -2, -1, 2]"
807,dfs_bnb_mpi,0.046631,-4,5,13778,"[-1, -1, 2, 1, 1, 2, -1, -1, 2, -1, -2, -1, -2, 1]"
808,dfs_bnb_mpi,0.03769,-4,4,10915,"[-1, -1, 2, -1, 2, 2, 1, -2, 1, 2, 1, -2, -2, -1]"
809,dfs_bnb_mpi,0.012147,-5,6,2872,"[-1, -2, 1, 1, 2, 2, 2, -1, -2, -1, 2, 2, 2, 2]"
810,dfs_bnb_mpi,0.037595,-4,5,9484,"[-1, -2, 1, 1, 2, 2, -1, -1, 2, -1, -2, -1, -2, 1]"
811,dfs_bnb_mpi,0.002521,-6,7,618,"[-1, -1, 2, 1, 1, 1, -2, -2, -1, -2, -1, 2, -1, -1]"
812,dfs_bnb_mpi,0.01917,-6,6,4664,"[-1, -2, 1, 1, -2, -1, -1, -1, -2, 1, 1, -2, -1, -1]"
813,dfs_bnb_mpi,0.024638,-4,5,6441,"[-1, -1, 2, 2, 2, 1, 2, 1, 1, -2, -1, -2, -1, -2]"
814,dfs_bnb_mpi,0.307306,-4,5,89745,"[-1, -1, 2, 2, 2, 2, 2, 1, -2, -2, 1, -2, -1, -2]"
815,dfs_bnb_mpi,0.00231,-6,6,651,"[-1, -2, -2, 1, 2, 1, 2, 2, 1, -2, 1, -2, -1, -2]"
816,dfs_bnb_mpi,0.002325,-3,4,702,"[-1, -1, 2, -1, 2, -1, -2, -1, -2, 1, 1, -2, 1, 1]"
817,dfs_bnb_mpi,0.000122,-3,3,45,"[-1, -1, 2, 1, 2, 1, -2, 1, 2, 2, 2, 2, 2, 2]"
818,dfs_bnb_mpi,0.136133,-5,6,38592,"[-1, -1, 2, 2, 2, 1, -2, 1, 2, 1, -2, -2, -1, -1]"
819,dfs_bnb_mpi,0.002914,-4,5,849,"[-1, -1, 2, 2, -1, -2, -1, -2, 1, -2, 1, 1, 1, 1]"
820,dfs_bnb_mpi,0.054024,-6,7,15644,"[-1, -1, 2, 1, 2, 1, -2, 1, -2, -2, -1, -1, -2, 1]"
821,dfs_bnb_mpi,0.00472,-6,6,1272,"[-1, -1, 2, 2, 1, -2, 1, 1, -2, -2, -1, -1, -1, -1]"
822,dfs_bnb_mpi,0.00647,-4,5,1913,"[-1, -1, 2, 2, 1, -2, 1, 1, 2, -1, 2, -1, 2, 2]"
823,dfs_bnb_mpi,0.168374,-6,7,43906,"[-1, -1, 2, -1, -2, -1, -2, -2, 1, 1, 1, 2, -1, -1]"
824,dfs_bnb_mpi,0.025612,-4,5,6275,"[-1, -1, 2, 2, 2, 1, -2, -2, 1, 2, 1, -2, -2, 1]"
825,dfs_bnb_mpi,0.07185,-7,7,17341,"[-1, -2, 1, 1, 2, 1, -2, 1, -2, -1, -1, -1, -2, 1]"
826,dfs_bnb_mpi,0.01373,-4,5,4068,"[-1, -1, 2, 2, 2, 1, 2, -1, 2, -1, -2, -1, -2, 1]"
827,dfs_bnb_mpi,0.044038,-4,4,12926,"[-1, -1, 2, 2, 2, -1, -2, -1, -1, -2, 1, 1, -2, -1]"
828,dfs_bnb_mpi,0.044642,-3,4,13787,"[-1, -1, 2, 2, 2, 2, -1, -1, -2, -2, -2, -2, 1, 2]"
829,dfs_bnb_mpi,0.134183,-5,6,36455,"[-1, -1, 2, 1, 2, 2, -1, -1, -1, -2, -2, 1, 2, 1]"
830,dfs_bnb_mpi,0.000144,-2,3,46,"[-1, -1, 2, 2, 2, 1, 1, -2, -1, -2, 1, 1, 2, 2]"
831,dfs_bnb_mpi,0.000185,-2,3,66,"[-1, -1, 2, 2, 2, 1, -2, -2, 1, 1, 2, -1, 2, 2]"
832,dfs_bnb_mpi,0.045914,-7,8,11012,"[-1, -1, 2, 1, 2, 2, 1, 2, 1, -2, -2, -2, -1, 2]"
833,dfs_bnb_mpi,0.065794,-7,8,18087,"[-1, -1, 2, 1, 2, 2, 1, 1, -2, 1, -2, -1, -1, 2]"
834,dfs_bnb_mpi,0.037816,-8,9,8901,"[-1, -1, 2, 1, 2, 1, -2, 1, 2, 2, -1, -1, -1, -2]"
835,dfs_bnb_mpi,0.092304,-6,7,27157,"[-1, -2, 1, 1, -2, 1, 2, 1, 2, 2, -1, -1, -2, 1]"
836,dfs_bnb_mpi,0.017424,-6,6,5196,"[-1, -1, 2, 2, 1, 2, 2, 1, -2, 1, -2, -1, -2, -1]"
837,dfs_bnb_mpi,0.025046,-5,6,7186,"[-1, -1, 2, -1, 2, -1, -2, -1, -2, -2, 1, 1, 2, -1]"
838,dfs_bnb_mpi,0.002789,-5,6,834,"[-1, -1, 2, 1, 1, 2, -1, 2, -1, -2, -1, -2, -2, -1]"
839,dfs_bnb_mpi,0.000224,-2,3,61,"[-1, -1, 2, 2, 2, -1, -2, -2, -2, -1, -2, 1, 1, 1]"
840,dfs_bnb_mpi,0.092556,-4,5,25387,"[-1, -2, 1, 1, 1, -2, -1, -2, -1, 2, -1, -2, -2, 1]"
841,dfs_bnb_mpi,0.073336,-7,8,17741,"[-1, -2, 1, 1, 2, 2, 2, 1, -2, 1, -2, -2, -1, 2]"
842,dfs_bnb_mpi,0.00191,-5,5,566,"[-1, -1, 2, 2, -1, -2, -2, -1, -2, 1, -2, 1, 2, 1]"
843,dfs_bnb_mpi,0.00012,-2,3,36,"[-1, -1, 2, 2, 2, 2, 2, 2, 2, 2, 1, 1, -2, -1]"
844,dfs_bnb_mpi,0.004436,-5,6,1325,"[-1, -2, -1, -1, 2, 1, 2, 1, 2, 1, -2, 1, -2, 1]"
845,dfs_bnb_mpi,0.034093,-6,7,7999,"[-1, -1, 2, 1, 2, 2, 1, 1, -2, -1, -2, 1, -2, 1]"
846,dfs_bnb_mpi,0.012769,-7,8,3433,"[-1, -1, 2, -1, -2, -1, 2, 2, 1, 2, 1, -2, 1, -2]"
847,dfs_bnb_mpi,0.085121,-5,6,23510,"[-1, -2, -1, 2, -1, -1, 2, 1, 1, 2, 1, 1, -2, -1]"
848,dfs_bnb_mpi,0.003171,-3,4,1009,"[-1, -1, 2, 1, 2, -1, -1, -2, -1, -2, 1, -2, 1, 1]"
849,dfs_bnb_mpi,0.055844,-5,6,15397,"[-1, -1, 2, -1, 2, -1, 2, -1, -2, -2, 1, -2, 1, -2]"
850,dfs_bnb_mpi,0.033057,-4,5,9454,"[-1, -1, 2, 2, 2, 1, 2, 1, 2, -1, -1, -2, -1, -2]"
851,dfs_bnb_mpi,0.010017,-6,7,2707,"[-1, -1, 2, -1, 2, 2, 1, -2, 1, -2, 1, 1, -2, 1]"
852,dfs_bnb_mpi,0.171141,-6,7,38457,"[-1, -1, 2, -1, -2, -1, -2, -2, 1, 2, 1, 1, -2, -1]"
853,dfs_bnb_mpi,0.002877,-5,5,872,"[-1, -1, 2, -1, 2, -1, 2, 1, 1, -2, 1, -2, 1, 2]"
854,dfs_bnb_mpi,0.083669,-6,7,19597,"[-1, -2, -1, 2, 2, 2, 2, 1, 1, -2, -1, -2, 1, 1]"
855,dfs_bnb_mpi,0.013685,-5,6,3542,"[-1, -1, 2, 1, 1, 1, 1, -2, -1, -2, -1, -1, -1, -1]"
856,dfs_bnb_mpi,0.027879,-4,5,8683,"[-1, -1, 2, -1, 2, 1, 1, 2, 2, 1, -2, -2, -2, -1]"
857,dfs_bnb_mpi,0.065169,-7,8,18059,"[-1, -1, -1, -1, 2, 2, 1, 1, 1, 1, -2, -1, -1, -1]"
858,dfs_bnb_mpi,0.042735,-7,8,10138,"[-1, -1, 2, 1, 2, 2, 1, -2, -2, 1, -2, -2, -1, -1]"
859,dfs_bnb_mpi,0.091462,-8,9,21233,"[-1, -1, 2, 2, 1, -2, 1, 2, 1, -2, -2, -2, -1, -1]"
860,dfs_bnb_mpi,0.032733,-5,6,9149,"[-1, -1, 2, 2, 2, 1, 1, -2, -1, -2, 1, 1, 2, 2]"
861,dfs_bnb_mpi,0.046244,-4,5,13358,"[-1, -1, 2, 2, 1, 1, 2, 1, 1, -2, -1, -2, -1, -1]"
862,dfs_bnb_mpi,0.014656,-4,5,4245,"[-1, -1, 2, 1, 2, 2, 1, 1, -2, -1, -2, 1, 1, 2]"
863,dfs_bnb_mpi,0.017235,-6,7,5064,"[-1, -2, 1, 1, 2, 1, 2, -1, -1, 2, -1, -1, -2, 1]"
864,dfs_bnb_mpi,0.006692,-5,6,1983,"[-1, -1, 2, 1, 1, 2, 2, -1, -2, -1, -1, -2, -1, 2]"
865,dfs_bnb_mpi,0.069924,-6,7,18483,"[-1, -1, 2, 1, 1, 1, 1, -2, -1, -2, -1, -1, -2, 1]"
866,dfs_bnb_mpi,0.00119,-4,5,334,"[-1, -1, 2, 1, 1, 2, 1, -2, -2, 1, -2, -1, -1, -1]"
867,dfs_bnb_mpi,0.051422,-5,6,14359,"[-1, -2, 1, 1, 2, 2, 1, -2, -2, -2, -1, -2, -1, 2]"
868,dfs_bnb_mpi,0.004386,-5,6,1271,"[-1, -2, -1, 2, 2, 1, 1, 1, 1, -2, -1, -2, -1, -2]"
869,dfs_bnb_mpi,0.018126,-2,3,4532,"[-1, -1, 2, 2, 2, 2, 2, 1, -2, -2, 1, -2, -1, -2]"
870,dfs_bnb_mpi,0.0131,-4,5,3421,"[-1, -1, 2, 2, 2, 1, -2, -2, 1, 2, 2, 1, -2, -2]"
871,dfs_bnb_mpi,0.00638,-3,4,1741,"[-1, -1, 2, 2, -1, -2, -2, -1, 2, 2, 2, 2, 2, 2]"
872,dfs_bnb_mpi,0.000818,-4,5,239,"[-1, -1, 2, 1, 2, -1, -1, -2, -1, -1, -2, 1, 1, -2]"
873,dfs_bnb_mpi,0.067622,-5,6,19041,"[-1, -1, 2, 2, 2, 2, 1, -2, -2, 1, 1, -2, -1, -1]"
874,dfs_bnb_mpi,0.003523,-5,5,911,"[-1, -1, 2, 1, 1, 2, 2, -1, -2, -1, 2, 2, 2, 2]"
875,dfs_bnb_mpi,0.036636,-4,5,10523,"[-1, -1, 2, 2, 1, -2, 1, 1, -2, -2, -2, -1, 2, -1]"
876,dfs_bnb_mpi,0.077198,-4,5,18179,"[-1, -1, 2, 2, 2, 2, 1, -2, 1, -2, -1, -2, 1, 1]"
877,dfs_bnb_mpi,0.263938,-4,5,64115,"[-1, -1, 2, 2, 2, 2, 1, 1, -2, -1, -2, 1, 1, 2]"
878,dfs_bnb_mpi,0.181097,-6,7,46524,"[-1, -1, 2, -1, -2, -1, -2, -2, 1, 1, 1, 2, -1, -1]"
879,dfs_bnb_mpi,0.10788,-7,7,25040,"[-1, -1, 2, 1, 2, -1, -1, 2, -1, -2, -2, 1, -2, -1]"
880,dfs_bnb_mpi,0.025832,-5,6,7027,"[-1, -1, 2, -1, 2, -1, 2, 1, 1, -2, 1, -2, 1, 2]"
881,dfs_bnb_mpi,0.020762,-5,6,5531,"[-1, -1, 2, 2, -1, 2, -1, -2, -2, -2, -2, 1, 2, 2]"
882,dfs_bnb_mpi,0.045597,-3,4,12697,"[-1, -1, 2, 2, 2, 2, -1, -2, -2, -1, -2, 1, -2, -1]"
883,dfs_bnb_mpi,0.06615,-5,6,18603,"[-1, -1, 2, 2, 2, 2, 1, -2, -2, 1, 1, -2, -1, -1]"
884,dfs_bnb_mpi,0.138236,-5,6,36925,"[-1, -1, 2, -1, 2, 2, 1, -2, 1, 2, 1, -2, -2, -1]"
885,dfs_bnb_mpi,0.00515,-4,5,1208,"[-1, -1, -1, 2, 1, 2, 1, -2, 1, 2, 2, 2, 2, 2]"
886,dfs_bnb_mpi,0.004802,-3,4,1434,"[-1, -1, 2, 2, 2, -1, -2, -1, -1, -2, 1, 1, -2, -1]"
887,dfs_bnb_mpi,0.209611,-5,4,49631,"[-1, -1, 2, 2, 2, 2, 2, 1, -2, -2, -2, 1, -2, -1]"
888,dfs_bnb_mpi,0.009491,-6,7,2347,"[-1, -2, 1, 1, 2, 2, -1, 2, 1, 1, -2, -2, 1, 2]"
889,dfs_bnb_mpi,5.3e-05,0,1,15,"[-1, -1, 2, 2, 2, 2, 2, 2, 2, 2, 2, 2, 2, 2]"
890,dfs_bnb_mpi,0.126948,-5,5,31990,"[-1, -2, 1, 1, 2, 2, -1, 2, 2, -1, -2, -1, -2, 1]"
891,dfs_bnb_mpi,0.079459,-5,6,21935,"[-1, -1, 2, 2, 2, 2, 1, -2, -2, 1, 1, -2, -1, -1]"
892,dfs_bnb_mpi,0.006601,-2,3,2099,"[-1, -1, 2, 2, 2, -1, -2, -2, -1, -1, -2, 1, 1, -2]"
893,dfs_bnb_mpi,0.002892,-4,5,842,"[-1, -1, 2, 1, 1, 2, 2, -1, -2, -1, 2, 2, 2, 2]"
894,dfs_bnb_mpi,0.055597,-4,5,15901,"[-1, -1, 2, 2, 2, 1, 2, 1, 2, -1, -1, -2, -1, -2]"
895,dfs_bnb_mpi,0.000729,-2,3,212,"[-1, -1, 2, 2, 2, 2, 2, 1, -2, -2, 1, -2, -1, -2]"
896,dfs_bnb_mpi,0.033846,-6,7,8414,"[-1, -1, 2, 2, -1, 2, 1, 1, 1, -2, -1, -2, 1, 1]"
897,dfs_bnb_mpi,0.128596,-4,5,36140,"[-1, -2, -1, -2, 1, -2, 1, 1, 2, 1, 2, -1, -1, -2]"
898,dfs_bnb_mpi,0.010923,-3,4,3221,"[-1, -1, 2, -1, 2, 2, -1, -2, -2, -2, 1, -2, 1, 1]"
899,dfs_bnb_mpi,0.003761,-4,5,1152,"[-1, -1, 2, 1, 2, -1, 2, 2, 1, 1, -2, -2, -2, 1]"
900,dfs_bnb_mpi,0.012527,-4,4,3049,"[-1, -1, 2, 2, 1, -2, 1, 2, 2, 2, -1, -2, -1, 2]"
901,dfs_bnb_mpi,0.208112,-5,6,52999,"[-1, -1, 2, 2, 2, 2, 1, 1, -2, -2, -2, -1, 2, 2]"
902,dfs_bnb_mpi,0.000165,-2,3,40,"[-1, -1, 2, 2, 2, 2, 2, 2, 1, 1, -2, -1, -2, 1]"
903,dfs_bnb_mpi,0.211871,-5,6,53436,"[-1, -1, 2, 2, -1, 2, -1, -2, -2, -1, -2, 1, 1, 2]"
904,dfs_bnb_mpi,0.000801,-3,3,248,"[-1, -1, 2, 2, 2, 1, -2, -2, 1, 2, 2, 2, 2, 2]"
905,dfs_bnb_mpi,0.004242,-6,7,1185,"[-1, -1, 2, 1, 1, 1, -2, -2, -2, -1, 2, -1, -1, -1]"
906,dfs_bnb_mpi,0.014699,-4,5,3962,"[-1, -1, 2, 2, 2, -1, -2, -2, -1, -1, -2, 1, 1, -2]"
907,dfs_bnb_mpi,0.022551,-6,7,6380,"[-1, -1, 2, 1, 2, 1, -2, 1, -2, -2, -1, -1, -1, -1]"
908,dfs_bnb_mpi,0.057901,-4,5,16625,"[-1, -1, 2, -1, 2, -1, -2, -2, 1, -2, 1, 1, -2, -1]"
909,dfs_bnb_mpi,0.00831,-4,5,2470,"[-1, -1, 2, 2, 2, 1, 2, -1, 2, -1, -2, -1, -2, 1]"
910,dfs_bnb_mpi,0.056806,-6,7,15707,"[-1, -1, 2, 2, 1, 2, -1, -1, -2, -1, -2, -2, 1, 2]"
911,dfs_bnb_mpi,0.005153,-4,5,1524,"[-1, -1, 2, 2, -1, -2, -1, -2, 1, -2, -2, 1, 2, 1]"
912,dfs_bnb_mpi,0.101038,-5,6,27444,"[-1, -1, 2, 2, 2, -1, -2, -2, -1, -2, 1, -2, 1, 1]"
913,dfs_bnb_mpi,0.011834,-6,7,3053,"[-1, -1, 2, 2, -1, 2, 1, 1, -2, -2, 1, 2, 2, 2]"
914,dfs_bnb_mpi,0.094302,-7,8,24531,"[-1, -1, 2, -1, -2, -1, -2, -2, 1, 1, 1, 2, -1, -1]"
915,dfs_bnb_mpi,0.009287,-4,5,2592,"[-1, -1, 2, -1, -2, -1, -2, 1, 1, 1, 1, -2, -1, -1]"
916,dfs_bnb_mpi,0.010253,-5,6,2382,"[-1, -1, 2, 2, 2, 1, -2, -2, 1, 2, 1, -2, 1, 2]"
917,dfs_bnb_mpi,0.040897,-6,7,10863,"[-1, -1, 2, 2, 1, -2, 1, 1, -2, -2, -2, -1, 2, -1]"
918,dfs_bnb_mpi,0.015402,-7,8,4038,"[-1, -1, -1, 2, 1, 1, 1, 1, -2, -2, -1, -1, -1, -1]"
919,dfs_bnb_mpi,0.060057,-3,4,15882,"[-1, -1, 2, 2, 2, 1, -2, -2, 1, 1, 2, -1, 2, 2]"
920,dfs_bnb_mpi,0.024812,-5,6,7243,"[-1, -1, 2, 2, 1, -2, 1, 2, 2, -1, -1, -1, -2, -2]"
921,dfs_bnb_mpi,0.00698,-6,7,1847,"[-1, -1, 2, 1, 1, 2, -1, -1, -1, -1, -2, 1, -2, -1]"
922,dfs_bnb_mpi,0.178019,-6,7,39938,"[-1, -1, 2, 1, 1, 2, 1, -2, 1, -2, -1, -2, -1, -1]"
923,dfs_bnb_mpi,0.090025,-6,7,22749,"[-1, -1, 2, 2, 1, 1, 2, 1, 1, -2, -1, -2, -1, -1]"
924,dfs_bnb_mpi,0.051679,-5,6,14876,"[-1, -1, 2, 2, -1, -2, -2, -2, 1, -2, 1, 1, 2, -1]"
925,dfs_bnb_mpi,0.003678,-4,5,985,"[-1, -1, 2, 2, 1, 1, 1, 2, 1, -2, -2, -1, -1, -1]"
926,dfs_bnb_mpi,0.137689,-7,8,30706,"[-1, -1, 2, 2, 2, 1, 1, 1, -2, -1, -1, -2, 1, 1]"
927,dfs_bnb_mpi,0.083778,-6,7,20128,"[-1, -1, 2, 2, 1, -2, 1, 2, 1, 1, -2, -2, -1, 2]"
928,dfs_bnb_mpi,0.001855,-5,5,535,"[-1, -1, 2, 2, -1, -2, -2, -1, -2, 1, -2, 1, 2, 1]"
929,dfs_bnb_mpi,0.045153,-5,6,12054,"[-1, -1, 2, 2, 1, 2, 2, 1, -2, 1, -2, -1, -2, -1]"
930,dfs_bnb_mpi,0.015888,-6,7,4784,"[-1, -1, 2, 1, 1, 2, 1, -2, 1, -2, -1, -2, -1, -1]"
931,dfs_bnb_mpi,0.003677,-5,6,1066,"[-1, -1, 2, 1, 1, 2, 1, 2, 1, -2, -2, -1, -2, 1]"
932,dfs_bnb_mpi,0.014066,-7,8,3185,"[-1, -2, 1, 1, 2, 2, -1, -1, -1, -2, -1, -2, 1, -2]"
933,dfs_bnb_mpi,0.170945,-4,5,39281,"[-1, -1, 2, 2, 2, 2, 1, -2, -2, -2, 1, 2, 1, -2]"
934,dfs_bnb_mpi,0.059187,-7,8,14475,"[-1, -2, 1, -2, 1, 2, 2, 1, 2, -1, -1, 2, -1, -2]"
935,dfs_bnb_mpi,0.001151,-4,4,299,"[-1, -1, 2, 1, 2, 2, 1, -2, -2, 1, 2, 2, 2, 2]"
936,dfs_bnb_mpi,0.003271,-4,5,996,"[-1, -1, 2, 1, 1, 2, 2, 1, -2, 1, -2, -1, -2, 1]"
937,dfs_bnb_mpi,0.054662,-3,4,12370,"[-1, -1, 2, 2, 2, -1, -1, -2, 1, -2, -1, -2, 1, -2]"
938,dfs_bnb_mpi,0.02696,-5,6,6918,"[-1, -2, 1, 1, 2, 2, 1, 2, 1, -2, -2, -1, -2, 1]"
939,dfs_bnb_mpi,0.022276,-6,7,4996,"[-1, -2, 1, -2, -2, 1, 2, 2, 2, 1, -2, -2, 1, 2]"
940,dfs_bnb_mpi,0.007389,-6,7,1848,"[-1, -1, 2, 2, 2, 1, -2, -2, 1, 1, -2, -2, -1, -1]"
941,dfs_bnb_mpi,0.054686,-4,5,14653,"[-1, -1, 2, 2, 1, -2, 1, 1, -2, 1, -2, -1, -1, -1]"
942,dfs_bnb_mpi,0.201947,-6,7,44987,"[-1, -1, 2, 1, 2, 2, 2, 1, -2, 1, -2, -1, -2, 1]"
943,dfs_bnb_mpi,0.111122,-2,3,34479,"[-1, -1, 2, 2, 2, 2, 2, 2, 1, -2, -2, -2, -2, 1]"
944,dfs_bnb_mpi,0.000538,-3,4,152,"[-1, -1, 2, 2, 1, 1, -2, 1, -2, -2, -1, -1, -1, -1]"
945,dfs_bnb_mpi,0.00283,-4,5,877,"[-1, -1, 2, -1, -2, -1, -2, 1, -2, -2, 1, 2, 2, 1]"
946,dfs_bnb_mpi,0.016263,-5,6,3786,"[-1, -1, 2, -1, 2, 1, 2, 1, -2, -2, 1, 2, 2, 2]"
947,dfs_bnb_mpi,0.018394,-7,8,5367,"[-1, -1, -1, 2, 1, 2, 1, 2, 1, -2, 1, -2, -1, -1]"
948,dfs_bnb_mpi,0.002385,-2,3,768,"[-1, -1, 2, 2, 2, -1, -2, -1, -1, -2, 1, 1, -2, -1]"
949,dfs_bnb_mpi,0.071158,-3,4,20633,"[-1, -1, 2, 2, 2, 2, 2, 1, -2, 1, -2, -2, -1, 2]"
950,dfs_bnb_mpi,0.000212,-2,3,66,"[-1, -1, 2, 2, 2, 1, -2, -2, 1, 1, 2, -1, 2, 2]"
951,dfs_bnb_mpi,0.000179,-2,3,58,"[-1, -1, 2, 2, -1, -2, -2, -1, -1, -2, 1, 1, 1, 1]"
952,dfs_bnb_mpi,0.004329,-6,7,1096,"[-1, -2, -1, -1, 2, 1, 2, 1, 2, -1, -1, -2, -1, 2]"
953,dfs_bnb_mpi,0.057448,-6,7,14621,"[-1, -1, 2, 2, -1, -1, -2, 1, -2, -2, -1, 2, -1, 2]"
954,dfs_bnb_mpi,0.064466,-4,5,17580,"[-1, -1, 2, 2, 2, 2, 1, 1, -2, -2, -2, -1, 2, 2]"
955,dfs_bnb_mpi,0.000942,-5,6,286,"[-1, -2, -1, -1, 2, 1, 2, 1, 2, 1, -2, 1, 2, 2]"
956,dfs_bnb_mpi,0.021906,-5,6,5734,"[-1, -2, -1, -2, 1, -2, 1, 2, 2, 1, 2, 2, 2, 2]"
957,dfs_bnb_mpi,0.094288,-4,5,27463,"[-1, -1, 2, 2, 2, 1, -2, -2, 1, 2, 2, 2, -1, -1]"
958,dfs_bnb_mpi,0.02459,-3,3,6922,"[-1, -1, 2, 2, 2, 2, 2, 2, 1, -2, 1, -2, -1, -2]"
959,dfs_bnb_mpi,0.137813,-6,7,39375,"[-1, -1, 2, 2, 2, -1, -2, -1, -2, -1, -2, 1, 1, 2]"
960,dfs_bnb_mpi,0.001787,-4,5,418,"[-1, -1, 2, -1, -2, -2, 1, 1, 1, 1, 2, 2, 2, 2]"
961,dfs_bnb_mpi,0.179036,-6,7,40559,"[-1, -1, 2, 1, 1, 2, 1, 2, 1, -2, -2, -1, -2, 1]"
962,dfs_bnb_mpi,0.237664,-5,6,61189,"[-1, -1, 2, 2, 2, 2, 2, 1, -2, 1, -2, -1, -2, -2]"
963,dfs_bnb_mpi,0.00733,-4,5,2120,"[-1, -2, 1, 1, 1, -2, -1, -1, -1, -2, 1, 1, 1, 1]"
964,dfs_bnb_mpi,0.004983,-6,7,1137,"[-1, -1, 2, 2, 2, 1, -2, -2, 1, 2, 1, 2, -1, 2]"
965,dfs_bnb_mpi,0.009338,-3,4,2444,"[-1, -1, 2, 1, 2, 2, 1, -2, -2, 1, 1, 2, -1, 2]"
966,dfs_bnb_mpi,0.063885,-6,7,17389,"[-1, -1, 2, 1, 2, 1, -2, 1, -2, -2, -2, -1, 2, -1]"
967,dfs_bnb_mpi,0.006542,-7,8,1709,"[-1, -1, 2, 1, 1, 2, -1, -1, -1, -1, -2, 1, -2, -1]"
968,dfs_bnb_mpi,0.023451,-5,6,6529,"[-1, -1, 2, 1, 2, -1, 2, -1, -2, -1, -2, -2, 1, 2]"
969,dfs_bnb_mpi,0.031951,-5,5,9346,"[-1, -1, 2, 1, 1, 2, -1, 2, -1, -2, -1, -1, -2, 1]"
970,dfs_bnb_mpi,0.122162,-7,8,29629,"[-1, -1, 2, 2, 1, 1, 1, 1, -2, -2, -1, 2, -1, -1]"
971,dfs_bnb_mpi,0.058274,-4,5,17558,"[-1, -1, 2, 1, 2, -1, -1, 2, 2, -1, -2, -2, -2, 1]"
972,dfs_bnb_mpi,0.176873,-7,8,39134,"[-1, -2, -1, -2, -1, 2, -1, 2, 2, 1, -2, 1, 2, 1]"
973,dfs_bnb_mpi,0.080861,-6,7,22245,"[-1, -2, 1, 1, -2, 1, -2, 1, -2, -1, -1, 2, -1, 2]"
974,dfs_bnb_mpi,0.084859,-7,8,22696,"[-1, -2, -1, -2, 1, -2, 1, 2, 2, 1, -2, 1, -2, -1]"
975,dfs_bnb_mpi,0.054414,-6,7,12276,"[-1, -2, -1, -2, -1, -2, 1, 1, 2, 1, 2, 1, 2, 2]"
976,dfs_bnb_mpi,0.03716,-6,7,10581,"[-1, -1, 2, 2, 1, 2, 1, 2, 1, -2, -2, -1, -2, -1]"
977,dfs_bnb_mpi,0.026941,-4,5,7543,"[-1, -2, 1, 1, 2, 2, -1, -1, 2, -1, -2, -1, -2, 1]"
978,dfs_bnb_mpi,0.024517,-5,6,7299,"[-1, -1, 2, 1, 1, 2, 1, 1, -2, 1, -2, -1, -1, 2]"
979,dfs_bnb_mpi,0.101328,-7,8,24969,"[-1, -1, 2, -1, -2, -2, 1, 1, 1, 1, 2, 2, -1, -1]"
980,dfs_bnb_mpi,0.055773,-4,4,15655,"[-1, -1, 2, 1, 2, 2, -1, -2, -1, -2, -2, -2, 1, 1]"
981,dfs_bnb_mpi,0.001688,-2,3,508,"[-1, -1, 2, 2, 2, 2, 1, 2, -1, -1, -2, -1, 2, 2]"
982,dfs_bnb_mpi,0.013121,-4,4,3977,"[-1, -1, 2, 2, 2, 2, 1, -2, 1, -2, -1, -2, 1, 1]"
983,dfs_bnb_mpi,0.018632,-5,6,5063,"[-1, -1, 2, 2, 2, -1, -2, -1, -2, 1, -2, -2, 1, 1]"
984,dfs_bnb_mpi,0.047338,-6,7,12304,"[-1, -2, -1, 2, -1, 2, 1, 1, 2, 2, -1, -2, -1, 2]"
985,dfs_bnb_mpi,0.002882,-6,7,759,"[-1, -1, 2, 1, 1, 2, -1, 2, -1, -2, -1, -2, -1, 2]"
986,dfs_bnb_mpi,0.011559,-5,6,3505,"[-1, -1, 2, 1, 2, -1, 2, -1, -2, -1, -1, -2, 1, 1]"
987,dfs_bnb_mpi,0.021525,-4,4,6043,"[-1, -1, 2, 2, 2, 1, 1, 1, -2, -1, -1, -2, 1, 1]"
988,dfs_bnb_mpi,0.001185,-5,6,343,"[-1, -2, -2, -1, 2, 2, 2, 1, 2, 1, -2, 1, 2, 2]"
989,dfs_bnb_mpi,0.040209,-4,5,10012,"[-1, -1, 2, 2, 2, 2, 1, -2, -2, -2, 1, 2, 2, 2]"
990,dfs_bnb_mpi,0.060851,-6,7,17747,"[-1, -2, 1, 1, 2, 1, -2, -2, -1, -2, -1, -1, 2, 1]"
991,dfs_bnb_mpi,0.013185,-6,7,3323,"[-1, -1, 2, -1, 2, -1, -2, -2, 1, -2, 1, -2, 1, 2]"
992,dfs_bnb_mpi,0.003364,-4,5,1000,"[-1, -1, 2, 2, -1, 2, -1, -1, -2, 1, -2, 1, -2, -1]"
993,dfs_bnb_mpi,0.00126,-4,5,365,"[-1, -1, 2, 1, 2, -1, 2, 1, 1, -2, -2, 1, 2, 2]"
994,dfs_bnb_mpi,0.034485,-6,7,8758,"[-1, -1, 2, -1, -2, -2, 1, 1, 1, -2, -1, -1, -1, -1]"
995,dfs_bnb_mpi,0.002096,-4,5,575,"[-1, -1, 2, -1, -2, -1, -2, 1, -2, 1, 2, 1, 1, 1]"
996,dfs_bnb_mpi,0.330505,-3,4,89017,"[-1, -1, 2, 2, 2, 2, 2, 1, 1, -2, -2, -2, -1, 2]"
997,dfs_bnb_mpi,0.034201,-4,5,9262,"[-1, -1, 2, 2, 2, 1, 2, -1, 2, -1, -1, -2, 1, -2]"
998,dfs_bnb_mpi,0.00024,-3,4,66,"[-1, -1, 2, 2, 2, 1, 1, -2, -2, 1, 1, 2, -1, 2]"
999,dfs_bnb_mpi,0.002103,-5,6,561,"[-1, -1, 2, 1, 1, 2, -1, 2, -1, -2, -1, 2, 2, 2]"
1000,dfs_bnb_mpi,0.00251,-2,3,798,"[-1, -1, 2, 2, 2, 1, 1, -2, -1, -2, 1, 1, 2, 2]"
1001,dfs_bnb_mpi,0.028844,-4,5,8645,"[-1, -1, 2, 2, 1, -2, 1, 2, 2, 2, -1, -2, -1, 2]"
1002,dfs_bnb_mpi,0.078715,-5,6,20352,"[-1, -1, 2, 2, 1, 2, 2, 1, -2, 1, -2, -1, -2, -1]"
1003,dfs_bnb_mpi,0.008055,-7,7,2208,"[-1, -2, 1, 1, -2, -1, -2, 1, 1, 2, 2, 2, -1, 2]"
1004,dfs_bnb_mpi,0.090333,-5,5,21544,"[-1, -1, 2, -1, -2, -1, -1, -2, 1, 1, 1, 1, -2, -1]"
1005,dfs_bnb_mpi,0.19578,-5,6,50887,"[-1, -1, -1, 2, 2, 2, 1, -2, -2, 1, 2, 1, 2, -1]"
1006,dfs_bnb_mpi,0.032279,-2,3,7897,"[-1, -1, 2, 2, 2, 2, 2, 2, 1, 1, -2, -1, -2, 1]"
1007,dfs_bnb_mpi,0.001798,-6,7,441,"[-1, -2, 1, -2, 1, 2, 2, 2, 1, -2, 1, -2, -1, -2]"
1008,dfs_bnb_mpi,0.086534,-5,6,22262,"[-1, -1, 2, 1, 2, 2, 1, 1, -2, -1, -2, 1, 1, 2]"
1009,dfs_bnb_mpi,0.028278,-2,3,8394,"[-1, -1, 2, 2, 2, 1, 2, 2, -1, -2, -1, -1, -2, 1]"
1010,dfs_bnb_mpi,0.000676,-2,3,148,"[-1, -1, 2, 2, 2, 2, 2, 1, 2, 1, -2, -2, -1, -2]"
1011,dfs_bnb_mpi,0.008584,-6,7,2308,"[-1, -1, 2, 1, 2, 2, -1, -2, -1, -1, -2, 1, -2, -1]"
1012,dfs_bnb_mpi,0.216046,-5,6,50903,"[-1, -1, 2, -1, -2, -1, 2, -1, -2, -2, 1, 1, 1, 1]"
1013,dfs_bnb_mpi,0.013725,-6,7,3781,"[-1, -2, -1, 2, 2, 1, 2, -1, -1, -2, -1, -2, 1, -2]"
1014,dfs_bnb_mpi,0.231693,-4,5,52065,"[-1, -1, 2, 2, -1, -1, 2, -1, -2, -2, 1, 1, -2, -1]"
1015,dfs_bnb_mpi,0.024683,-5,6,5800,"[-1, -1, 2, 2, -1, -1, -2, 1, -2, -1, -2, 1, 1, 1]"
1016,dfs_bnb_mpi,0.007162,-4,5,2150,"[-1, -2, -2, -1, 2, -1, 2, 1, 2, 2, 1, -2, 1, 2]"
1017,dfs_bnb_mpi,0.048355,-7,7,13348,"[-1, -2, 1, 1, 2, 2, 2, 1, -2, 1, -2, -2, -1, 2]"
1018,dfs_bnb_mpi,0.002402,-4,5,732,"[-1, -1, 2, 1, 2, 2, -1, -2, -1, -1, -2, 1, -2, -1]"
1019,dfs_bnb_mpi,0.210013,-4,5,55106,"[-1, -1, 2, 2, 2, 2, 2, 1, 1, 1, -2, -1, -1, -2]"
1020,dfs_bnb_mpi,0.023456,-7,8,6773,"[-1, -1, 2, -1, 2, 1, 1, 2, 1, -2, 1, -2, -1, -1]"
1021,dfs_bnb_mpi,0.001706,-3,3,531,"[-1, -1, 2, 2, 2, 2, 2, 1, -2, 1, 1, -2, -1, -1]"
1022,dfs_bnb_mpi,0.031095,-3,3,9759,"[-1, -1, 2, 2, 1, -2, 1, 2, 2, -1, -1, -1, -2, -2]"
1023,dfs_bnb_mpi,4.8e-05,0,1,15,"[-1, -1, 2, 2, 2, 2, 2, 2, 2, 2, 2, 2, 2, 2]"
1024,dfs_bnb_mpi,0.039741,-7,8,10386,"[-1, -1, 2, 2, 2, 1, -2, 1, 2, 1, -2, -2, -1, -1]"
1025,dfs_bnb_mpi,0.105518,-3,4,33388,"[-1, -1, 2, -1, 2, 1, 1, 2, 2, 1, -2, -2, -2, -1]"
1026,dfs_bnb_mpi,0.004265,-6,5,1109,"[-1, -1, 2, 2, 2, 1, 1, -2, -1, -2, 1, 1, 2, 2]"
1027,dfs_bnb_mpi,0.013306,-5,5,3442,"[-1, -2, 1, 1, 1, 1, 2, -1, -1, 2, -1, -1, 2, 2]"
1028,dfs_bnb_mpi,0.130883,-5,6,35219,"[-1, -1, 2, 2, 1, 1, 2, 1, -2, 1, -2, -1, -1, -1]"
1029,dfs_bnb_mpi,0.00794,-6,7,2327,"[-1, -1, 2, 2, 1, -2, 1, 2, 1, 2, -1, 2, -1, -2]"
1030,dfs_bnb_mpi,0.167337,-6,7,39821,"[-1, -1, 2, 1, 1, 2, 1, 1, 1, -2, -1, -1, -2, 1]"
1031,dfs_bnb_mpi,0.002555,-3,4,776,"[-1, -1, 2, 2, 2, 1, 1, -2, -1, -2, 1, 1, 2, 2]"
1032,dfs_bnb_mpi,0.013168,-4,5,3791,"[-1, -1, 2, 2, -1, 2, 1, 2, 1, -2, -2, -2, 1, 2]"
1033,dfs_bnb_mpi,0.051227,-5,6,14999,"[-1, -2, 1, 1, 2, 1, -2, -2, -1, -1, -1, -2, 1, 1]"
1034,dfs_bnb_mpi,0.002394,-3,4,696,"[-1, -1, 2, 2, -1, -1, -2, 1, -2, -1, -1, 2, 2, 2]"
1035,dfs_bnb_mpi,0.02915,-5,6,8138,"[-1, -1, 2, -1, 2, -1, 2, 1, 1, -2, 1, -2, 1, 2]"
1036,dfs_bnb_mpi,0.037755,-7,7,10669,"[-1, -1, 2, -1, -2, -2, 1, 1, 1, 1, 2, 2, -1, -1]"
1037,dfs_bnb_mpi,0.007581,-5,6,2174,"[-1, -1, 2, -1, -2, -1, -1, -2, 1, 1, -2, 1, 2, 1]"
1038,dfs_bnb_mpi,0.412988,-4,5,90932,"[-1, -1, 2, 2, 2, 2, 2, 1, -2, -2, 1, -2, -1, -2]"
1039,dfs_bnb_mpi,0.002367,-3,4,724,"[-1, -1, 2, 2, -1, 2, -1, -2, -2, 1, -2, -1, -1, 2]"
1040,dfs_bnb_mpi,0.010572,-6,6,3270,"[-1, -2, 1, 1, 1, 2, -1, 2, -1, 2, 2, -1, -2, -2]"
1041,dfs_bnb_mpi,0.043131,-7,8,11251,"[-1, -1, 2, 2, 2, 2, 1, 1, -2, -1, -2, 1, -2, -1]"
1042,dfs_bnb_mpi,0.1084,-6,7,25299,"[-1, -2, -1, -2, -2, 1, 2, 1, 2, 1, 2, 2, 1, -2]"
1043,dfs_bnb_mpi,0.003624,-5,6,876,"[-1, -1, 2, 2, 1, -2, 1, 2, 2, 1, -2, 1, 2, 2]"
1044,dfs_bnb_mpi,0.08567,-4,4,25069,"[-1, -1, 2, 2, 2, 2, 2, 2, 1, -2, 1, -2, -1, -2]"
1045,dfs_bnb_mpi,0.002471,-5,5,774,"[-1, -1, 2, 1, 1, 2, 2, 1, -2, -2, 1, -2, -1, -2]"
1046,dfs_bnb_mpi,0.023653,-6,7,6420,"[-1, -1, 2, 2, 1, -2, 1, 2, 1, 2, -1, 2, -1, -2]"
1047,dfs_bnb_mpi,0.024115,-4,4,6690,"[-1, -1, 2, 2, -1, -2, -1, -1, -2, 1, 1, -2, 1, 1]"
1048,dfs_bnb_mpi,0.007155,-3,4,2303,"[-1, -1, 2, 1, 1, 1, -2, -2, -1, -2, -1, -1, 2, 1]"
1049,dfs_bnb_mpi,0.057076,-6,7,15050,"[-1, -1, 2, 1, 1, 2, 1, -2, -2, 1, 2, 2, 2, -1]"
1050,dfs_bnb_mpi,0.158876,-5,6,37382,"[-1, -1, 2, 2, 1, 2, 1, -2, 1, 1, -2, -1, -1, -1]"
1051,dfs_bnb_mpi,0.011775,-5,6,3479,"[-1, -1, 2, 2, 1, -2, 1, 2, 2, 2, -1, -2, -1, 2]"
1052,dfs_bnb_mpi,0.019308,-5,6,5408,"[-1, -1, 2, -1, -2, -1, -2, -2, 1, 1, 1, 2, -1, -1]"
1053,dfs_bnb_mpi,0.002321,-2,3,692,"[-1, -1, 2, 2, 2, 1, -2, -2, 1, 1, -2, -2, -1, -1]"
1054,dfs_bnb_mpi,0.004025,-4,4,1284,"[-1, -1, 2, -1, 2, 2, 2, 1, -2, -2, 1, -2, 1, 2]"
1055,dfs_bnb_mpi,0.02386,-4,5,6620,"[-1, -1, 2, 2, -1, -2, -2, -1, -2, 1, 1, 1, -2, -1]"
1056,dfs_bnb_mpi,0.020268,-6,7,5402,"[-1, -1, 2, 2, 1, 2, 2, 1, -2, 1, -2, -1, -2, -1]"
1057,dfs_bnb_mpi,0.071165,-7,8,16317,"[-1, -2, -1, 2, 2, 1, 2, -1, -1, -2, -2, -1, -2, 1]"
1058,dfs_bnb_mpi,0.204046,-7,8,48358,"[-1, -2, -2, -2, 1, 1, 2, 1, 2, 2, -1, -2, -1, -2]"
1059,dfs_bnb_mpi,0.001369,-5,6,388,"[-1, -1, 2, 1, 1, 2, 2, -1, -2, -1, 2, 2, 2, 2]"
1060,dfs_bnb_mpi,0.007901,-4,5,1972,"[-1, -1, 2, 2, 2, 1, 2, 1, -2, 1, -2, -1, -1, -2]"
1061,dfs_bnb_mpi,0.062576,-4,5,18464,"[-1, -1, 2, 2, -1, -2, -1, -1, -2, -2, 1, 1, 2, -1]"
1062,dfs_bnb_mpi,0.196438,-4,5,52214,"[-1, -1, 2, 2, 2, 1, -2, 1, 2, 1, -2, -2, -1, -1]"
1063,dfs_bnb_mpi,6.7e-05,-1,2,25,"[-1, -1, 2, 2, 1, -2, 1, 2, 2, 2, 2, 2, 2, 2]"
1064,dfs_bnb_mpi,0.211437,-5,6,47708,"[-1, -1, 2, 2, 2, 2, 1, 1, -2, -1, -2, 1, -2, -1]"
1065,dfs_bnb_mpi,0.004837,-4,4,1262,"[-1, -1, 2, 2, 1, -2, 1, 2, 2, 2, -1, -2, -1, 2]"
1066,dfs_bnb_mpi,0.000626,-2,3,150,"[-1, -1, 2, 2, 2, 2, 1, 2, 1, -2, -2, -1, -2, 1]"
1067,dfs_bnb_mpi,0.06207,-6,7,14938,"[-1, -1, 2, 2, -1, 2, 1, 2, 1, -2, -2, 1, -2, -1]"
1068,dfs_bnb_mpi,0.038036,-2,3,10523,"[-1, -1, 2, 2, 2, 2, 2, 1, 2, 2, -1, -2, -1, -2]"
1069,dfs_bnb_mpi,0.028963,-4,5,7400,"[-1, -1, 2, 2, -1, -2, -1, -1, -2, 1, 1, -2, 1, 1]"
1070,dfs_bnb_mpi,0.07947,-4,5,22433,"[-1, -1, 2, 2, -1, -1, -2, 1, -2, -1, -1, -1, 2, 1]"
1071,dfs_bnb_mpi,0.167648,-4,5,46325,"[-1, -1, 2, 2, 2, -1, -2, -1, -2, -1, -2, 1, 1, 2]"
1072,dfs_bnb_mpi,0.010819,-4,5,2870,"[-1, -1, 2, 2, 2, -1, -1, -2, 1, -2, -2, -1, 2, -1]"
1073,dfs_bnb_mpi,0.003655,-4,5,1062,"[-1, -1, 2, 2, -1, -2, -1, -2, 1, -2, -2, 1, 2, 1]"
1074,dfs_bnb_mpi,0.145614,-6,7,39037,"[-1, -1, 2, 1, 2, 2, -1, -1, -1, -2, -2, 1, 2, 1]"
1075,dfs_bnb_mpi,0.07184,-6,7,18503,"[-1, -1, 2, 2, 2, 1, 1, 1, -2, -2, -1, 2, -1, -2]"
1076,dfs_bnb_mpi,0.221945,-5,6,50037,"[-1, -1, 2, 2, 1, 2, -1, 2, -1, -2, -1, -2, 1, -2]"
1077,dfs_bnb_mpi,0.058656,-3,4,13533,"[-1, -1, 2, 2, 2, 2, 1, -2, -2, -2, 1, 1, 2, -1]"
1078,dfs_bnb_mpi,0.001893,-2,3,559,"[-1, -1, 2, 1, 2, 2, -1, -2, -1, 2, -1, -2, -2, 1]"
1079,dfs_bnb_mpi,0.005621,-4,5,1571,"[-1, -1, 2, -1, 2, -1, -2, -2, 1, -2, -1, -1, 2, 2]"
1080,dfs_bnb_mpi,0.07333,-5,6,19633,"[-1, -1, 2, 2, 1, 1, 2, 1, 1, -2, -1, -2, -1, -1]"
1081,dfs_bnb_mpi,0.330055,-4,5,88812,"[-1, -1, 2, 2, 2, 2, -1, -2, -2, -2, -2, -2, 1, 1]"
1082,dfs_bnb_mpi,0.01886,-6,7,4596,"[-1, -2, 1, 1, 2, 2, 1, 2, -1, -1, -2, -1, 2, 2]"
1083,dfs_bnb_mpi,0.002462,-2,3,751,"[-1, -1, 2, 2, 2, -1, -2, -2, -2, -1, -2, 1, 1, 1]"
1084,dfs_bnb_mpi,0.108584,-2,3,33758,"[-1, -1, 2, 2, 2, 2, 2, 2, 1, -2, -2, -2, -2, 1]"
1085,dfs_bnb_mpi,0.008608,-7,8,2470,"[-1, -1, 2, 1, 1, 1, 1, -2, -1, -2, -1, -2, -1, 2]"
1086,dfs_bnb_mpi,0.008826,-5,6,2315,"[-1, -1, -1, 2, 1, 1, 1, 2, -1, 2, -1, -2, -1, 2]"
1087,dfs_bnb_mpi,0.001256,-1,2,307,"[-1, -1, 2, 2, 2, 2, 2, -1, -2, -2, -2, -2, -2, -1]"
1088,dfs_bnb_mpi,0.006524,-5,6,1857,"[-1, -1, 2, 2, 1, -2, 1, 2, 2, -1, -1, -1, -2, -1]"
1089,dfs_bnb_mpi,0.011791,-5,6,3216,"[-1, -1, -1, 2, 2, 1, -2, 1, 2, 2, 1, -2, -2, 1]"
1090,dfs_bnb_mpi,0.182056,-6,7,43370,"[-1, -1, -1, 2, 2, 2, 1, 2, 1, -2, -2, -1, -2, 1]"
1091,dfs_bnb_mpi,0.033953,-7,8,9715,"[-1, -1, 2, 1, 2, -1, -1, -2, -1, -2, 1, -2, 1, 1]"
1092,dfs_bnb_mpi,0.190596,-4,5,45653,"[-1, -1, 2, 2, 2, 2, -1, -2, -2, -1, -2, 1, -2, -1]"
1093,dfs_bnb_mpi,0.068385,-7,8,19041,"[-1, -1, 2, 2, 1, 2, 1, 2, 1, -2, -2, -1, -2, -1]"
1094,dfs_bnb_mpi,0.051288,-3,4,13747,"[-1, -1, 2, 2, 2, 2, 2, 1, 1, -2, -1, -2, 1, 1]"
1095,dfs_bnb_mpi,0.002165,-3,3,568,"[-1, -1, 2, 2, 2, 1, -2, -2, 1, 2, 2, 2, 2, 2]"
1096,dfs_bnb_mpi,0.00058,-3,4,166,"[-1, -1, 2, 2, 1, 1, -2, 1, -2, -2, -1, -1, -1, -1]"
1097,dfs_bnb_mpi,0.056495,-5,6,15045,"[-1, -1, 2, -1, 2, -1, -2, -1, -2, -2, 1, 2, 1, -2]"
1098,dfs_bnb_mpi,0.099526,-5,6,23345,"[-1, -1, 2, 2, 1, 2, 2, 1, 1, -2, -1, -2, -2, -1]"
1099,dfs_bnb_mpi,0.087116,-4,5,26235,"[-1, -1, 2, 2, -1, -1, -2, 1, -2, -2, -1, -1, 2, 1]"
1100,dfs_bnb_mpi,0.039736,-5,6,11674,"[-1, -1, 2, -1, -2, -2, 1, -2, 1, -2, 1, 2, 2, -1]"
1101,dfs_bnb_mpi,0.006577,-4,5,1577,"[-1, -1, 2, -1, 2, -1, 2, -1, -2, -2, 1, -2, 1, -2]"
1102,dfs_bnb_mpi,0.002886,-4,5,764,"[-1, -1, 2, 1, 2, 2, 1, 1, -2, -1, -2, 1, 1, 2]"
1103,dfs_bnb_mpi,0.006379,-4,5,1942,"[-1, -1, 2, -1, -2, -1, -2, 1, 1, 1, -2, -1, -1, -1]"
1104,dfs_bnb_mpi,0.006421,-2,3,1918,"[-1, -1, 2, 1, 2, 2, 2, -1, -2, -2, -1, -1, -2, 1]"
1105,dfs_bnb_mpi,0.08891,-4,4,27461,"[-1, -1, 2, 2, 2, 1, -2, 1, 2, 1, -2, -2, -1, -1]"
1106,dfs_bnb_mpi,0.086954,-4,5,26371,"[-1, -1, 2, 2, 2, 1, -2, 1, 2, 1, -2, -2, -1, -1]"
1107,dfs_bnb_mpi,0.011998,-6,7,3477,"[-1, -1, -1, 2, 1, 1, 2, 1, 2, -1, -1, -2, -1, 2]"
1108,dfs_bnb_mpi,0.13996,-5,6,34347,"[-1, -1, 2, 2, 1, 2, 2, 2, 1, -2, -2, -2, -2, -1]"
1109,dfs_bnb_mpi,0.007092,-6,7,1844,"[-1, -1, -1, 2, 2, 1, -2, 1, 2, 2, 1, -2, -2, 1]"
1110,dfs_bnb_mpi,4.1e-05,0,1,15,"[-1, -1, 2, 2, 2, 2, 2, 2, 2, 2, 2, 2, 2, 2]"
1111,dfs_bnb_mpi,0.046582,-5,6,13522,"[-1, -1, -1, 2, 1, 1, 1, 2, -1, 2, 2, -1, -2, -2]"
1112,dfs_bnb_mpi,0.020524,-2,3,6125,"[-1, -1, 2, 2, 2, 2, 2, 1, 2, 2, -1, -2, -1, -2]"
1113,dfs_bnb_mpi,0.015878,-4,5,4702,"[-1, -1, 2, 2, 2, 1, 1, 1, -2, -1, -1, -2, 1, 1]"
1114,dfs_bnb_mpi,0.010466,-5,5,2866,"[-1, -2, -1, -2, 1, 1, 2, 1, 2, 2, 2, -1, -2, -1]"
1115,dfs_bnb_mpi,0.001389,-3,4,314,"[-1, -1, 2, 2, 2, 2, 1, -2, 1, -2, -1, -2, 1, 1]"
1116,dfs_bnb_mpi,0.008347,-4,5,2239,"[-1, -1, 2, 2, 1, -2, 1, 1, 2, -1, 2, -1, 2, 2]"
1117,dfs_bnb_mpi,0.050743,-4,5,13331,"[-1, -1, 2, 2, -1, -1, -2, 1, -2, -1, -1, 2, 2, 2]"
1118,dfs_bnb_mpi,0.014716,-6,7,4172,"[-1, -1, 2, 1, 1, 2, 2, -1, -2, -1, 2, -1, -2, -2]"
1119,dfs_bnb_mpi,0.000913,-2,3,290,"[-1, -2, 1, 1, 2, 2, 1, -2, -2, -2, -1, -1, -1, -1]"
1120,dfs_bnb_mpi,0.021826,-5,6,5747,"[-1, -1, 2, 1, 2, -1, 2, 1, 1, -2, -2, 1, 2, 2]"
1121,dfs_bnb_mpi,0.078054,-6,7,17712,"[-1, -1, 2, -1, 2, -1, -2, -2, 1, -2, 1, 1, -2, -1]"
1122,dfs_bnb_mpi,0.000449,-3,3,133,"[-1, -1, 2, 1, 2, -1, -1, -2, -1, 2, 2, 2, 2, 2]"
1123,dfs_bnb_mpi,0.003623,-3,4,1163,"[-1, -1, 2, 1, 1, 1, 2, 1, -2, -2, -1, -2, 1, 1]"
1124,dfs_bnb_mpi,0.012952,-6,7,3739,"[-1, -2, 1, 1, 2, 1, -2, -2, -1, -2, -1, 2, -1, -1]"
1125,dfs_bnb_mpi,0.005878,-4,5,1844,"[-1, -2, -2, 1, 2, 1, 2, 2, -1, 2, -1, -2, -1, 2]"
1126,dfs_bnb_mpi,0.031012,-3,4,9646,"[-1, -2, -1, -2, 1, -2, 1, 1, 2, -1, 2, 1, 2, 2]"
1127,dfs_bnb_mpi,0.022256,-5,6,6706,"[-1, -1, 2, 2, 1, -2, 1, 1, 2, -1, 2, 2, -1, -2]"
1128,dfs_bnb_mpi,0.011227,-4,4,2754,"[-1, -1, 2, 2, 2, 2, 1, -2, -2, -2, 1, 2, 2, 2]"
1129,dfs_bnb_mpi,0.157389,-6,7,37806,"[-1, -1, 2, 2, 1, 2, 1, 1, 1, -2, -1, -1, -2, -1]"
1130,dfs_bnb_mpi,0.046918,-4,5,13836,"[-1, -1, 2, -1, 2, 2, -1, -2, -1, -2, 1, -2, 1, -2]"
1131,dfs_bnb_mpi,0.001427,-4,5,396,"[-1, -2, 1, 1, 2, 2, 1, 1, -2, -1, -2, 1, 1, 2]"
1132,dfs_bnb_mpi,0.01591,-5,6,4572,"[-1, -1, 2, 2, -1, -2, -1, 2, -1, -2, -2, 1, 1, -2]"
1133,dfs_bnb_mpi,0.013898,-2,3,4225,"[-1, -1, 2, 2, 2, 2, 2, 1, 2, 2, -1, -2, -1, -2]"
1134,dfs_bnb_mpi,0.152647,-2,3,38472,"[-1, -1, 2, 2, 2, 2, 2, 2, 1, -2, -2, 1, -2, -1]"
1135,dfs_bnb_mpi,0.014154,-4,5,4439,"[-1, -2, -2, -1, 2, 2, -1, 2, 1, 2, 2, 1, -2, -2]"
1136,dfs_bnb_mpi,0.012807,-6,7,3119,"[-1, -1, 2, 1, 2, 2, 1, -2, -2, 1, 1, 2, -1, 2]"
1137,dfs_bnb_mpi,0.009477,-4,5,2561,"[-1, -1, 2, 1, 2, -1, -1, 2, -1, -2, -2, 1, -2, -1]"
1138,dfs_bnb_mpi,0.00864,-4,5,2311,"[-1, -1, 2, 1, 2, -1, 2, 1, 1, -2, -2, 1, 2, 2]"
1139,dfs_bnb_mpi,0.146213,-6,7,39011,"[-1, -1, 2, -1, 2, 2, 1, 1, 1, -2, -2, -1, 2, -1]"
1140,dfs_bnb_mpi,0.028074,-7,8,8197,"[-1, -1, 2, 1, 1, 1, -2, 1, -2, -1, -2, -1, 2, -1]"
1141,dfs_bnb_mpi,0.002922,-4,5,859,"[-1, -1, 2, 2, 1, -2, 1, 2, 2, 2, 1, -2, -2, 1]"
1142,dfs_bnb_mpi,0.086894,-6,7,24360,"[-1, -1, 2, 2, 2, 1, 2, 1, 1, -2, -1, -2, -1, -2]"
1143,dfs_bnb_mpi,0.193037,-6,7,45377,"[-1, -2, 1, -2, 1, 1, 2, 2, 1, 2, -1, -1, -2, -2]"
1144,dfs_bnb_mpi,0.016596,-3,4,4734,"[-1, -1, 2, 2, 2, 1, 1, -2, -1, -2, 1, 1, 2, 2]"
1145,dfs_bnb_mpi,0.003092,-4,5,935,"[-1, -2, 1, 1, -2, -1, -1, -2, -1, -2, 1, 1, 2, 1]"
1146,dfs_bnb_mpi,0.008178,-5,5,2018,"[-1, -1, 2, 2, 2, 2, 1, -2, -2, -2, 1, 2, 2, 2]"
1147,dfs_bnb_mpi,0.090909,-4,4,28279,"[-1, -2, -1, 2, 2, 1, 2, -1, -1, -2, -2, -2, -2, 1]"
1148,dfs_bnb_mpi,0.040177,-4,5,11239,"[-1, -1, 2, 2, -1, -1, -2, -1, -2, 1, -2, 1, 2, 2]"
1149,dfs_bnb_mpi,0.005305,-6,7,1484,"[-1, -2, 1, 1, 1, 2, -1, 2, -1, 2, -1, -2, -1, 2]"
1150,dfs_bnb_mpi,0.416234,-3,4,92936,"[-1, -1, 2, 2, 2, 2, 2, 2, 1, -2, 1, -2, -1, -2]"
1151,dfs_bnb_mpi,0.009195,-5,6,2490,"[-1, -2, -1, -2, 1, 1, 2, 1, 2, 2, 1, -2, 1, 2]"
1152,dfs_bnb_mpi,0.022334,-5,5,6947,"[-1, -1, 2, 2, 1, 2, 2, 1, -2, -2, 1, -2, -1, -1]"
1153,dfs_bnb_mpi,0.01231,-4,4,3564,"[-1, -1, 2, -1, -2, -1, -1, -2, 1, -2, 1, 1, 2, -1]"
1154,dfs_bnb_mpi,0.013928,-6,7,4237,"[-1, -1, 2, 1, 2, 1, -2, 1, -2, -2, -1, -2, -1, 2]"
1155,dfs_bnb_mpi,0.07036,-6,7,18691,"[-1, -2, -1, -2, -2, 1, 2, 1, 2, 1, 2, 2, 1, -2]"
1156,dfs_bnb_mpi,0.078023,-7,8,22149,"[-1, -1, 2, 1, 2, 2, 1, 1, -2, 1, -2, -1, -1, 2]"
1157,dfs_bnb_mpi,0.007028,-4,5,1953,"[-1, -1, 2, 2, -1, -1, -2, 1, -2, -1, -2, 1, 1, 1]"
1158,dfs_bnb_mpi,0.004872,-4,5,1527,"[-1, -1, 2, 1, 1, 2, 1, -2, 1, 1, -2, -1, -1, -2]"
1159,dfs_bnb_mpi,0.047578,-5,6,12556,"[-1, -1, 2, 2, 2, -1, -2, -2, -2, -2, -2, 1, 2, 1]"
1160,dfs_bnb_mpi,0.104016,-7,7,25805,"[-1, -1, 2, 1, 2, -1, 2, -1, -2, -1, -2, 1, -2, -1]"
1161,dfs_bnb_mpi,0.174856,-6,6,41143,"[-1, -1, 2, 2, 2, 1, 1, 1, -2, -2, -1, 2, -1, -2]"
1162,dfs_bnb_mpi,0.179272,-4,5,55688,"[-1, -2, -1, 2, 2, 2, 1, 2, 2, 1, -2, -2, -2, -1]"
1163,dfs_bnb_mpi,0.077327,-7,8,18436,"[-1, -2, 1, 1, 2, 1, -2, -2, -1, -1, -1, -2, 1, 1]"
1164,dfs_bnb_mpi,0.019115,-5,6,5412,"[-1, -1, 2, 2, 2, 1, 1, 1, -2, -1, -1, -2, 1, 1]"
1165,dfs_bnb_mpi,0.15709,-4,4,36892,"[-1, -1, 2, 2, 2, 2, 2, 1, -2, -2, -2, 1, -2, -1]"
1166,dfs_bnb_mpi,0.052982,-4,5,16880,"[-1, -1, 2, 1, 2, 1, -2, 1, 2, 2, -1, -1, -1, -2]"
1167,dfs_bnb_mpi,0.024585,-5,6,5646,"[-1, -1, 2, 2, 1, -2, 1, 2, 2, 2, -1, -2, -1, 2]"
1168,dfs_bnb_mpi,0.013842,-3,4,4010,"[-1, -1, 2, 1, 1, 1, 2, 1, -2, -2, -1, -2, 1, 1]"
1169,dfs_bnb_mpi,0.051277,-2,3,14893,"[-1, -1, 2, 2, 2, 2, 2, 2, 1, 1, -2, -1, -2, 1]"
1170,dfs_bnb_mpi,0.005379,-2,3,1742,"[-1, -1, 2, 2, 2, 2, 1, -2, -2, 1, 1, -2, -1, -1]"
1171,dfs_bnb_mpi,0.000163,-2,3,38,"[-1, -1, 2, 2, 2, 2, 2, 2, 2, 1, 1, -2, -1, -2]"
1172,dfs_bnb_mpi,0.003664,-5,5,992,"[-1, -2, 1, 1, 2, 1, 2, -1, -1, -1, 2, 2, 2, 2]"
1173,dfs_bnb_mpi,0.159257,-4,5,44658,"[-1, -1, 2, 2, 2, 1, -2, 1, 2, 1, -2, -2, -1, -1]"
1174,dfs_bnb_mpi,0.042027,-7,7,11702,"[-1, -2, 1, 1, 2, 2, -1, 2, 2, -1, -2, -1, -2, 1]"
1175,dfs_bnb_mpi,0.011132,-5,6,2792,"[-1, -1, 2, 2, 1, -2, 1, 2, 2, 2, -1, -2, -1, 2]"
1176,dfs_bnb_mpi,0.001574,-6,6,461,"[-1, -1, 2, 2, 1, -2, 1, 2, 1, -2, 1, -2, -1, -2]"
1177,dfs_bnb_mpi,0.005425,-6,6,1446,"[-1, -1, 2, 2, 1, -2, 1, 2, 2, 1, -2, -2, 1, 2]"
1178,dfs_bnb_mpi,0.000637,-2,3,190,"[-1, -1, 2, 2, 2, 1, 2, 2, -1, -2, -1, -1, -2, 1]"
1179,dfs_bnb_mpi,0.024737,-3,4,7532,"[-1, -1, 2, 2, 2, 1, -2, -2, 1, 1, 2, 2, -1, -2]"
1180,dfs_bnb_mpi,0.026864,-7,7,6616,"[-1, -1, 2, 2, 2, 2, 1, -2, -2, -2, 1, 1, 2, -1]"
1181,dfs_bnb_mpi,0.067513,-6,6,18698,"[-1, -2, 1, 1, 2, 2, 2, 2, -1, -2, -2, -1, -1, -2]"
1182,dfs_bnb_mpi,0.197706,-6,7,44397,"[-1, -1, 2, 2, 2, 1, 1, 1, -2, -1, -1, -2, 1, 1]"
1183,dfs_bnb_mpi,0.007672,-4,5,1854,"[-1, -1, 2, 1, 1, 2, 2, 1, -2, -2, -2, 1, 2, 2]"
1184,dfs_bnb_mpi,0.021541,-4,5,6213,"[-1, -1, 2, 1, 1, 2, 2, 1, -2, -2, -2, 1, -2, -1]"
1185,dfs_bnb_mpi,0.050824,-5,6,14512,"[-1, -2, -1, 2, 2, 2, 1, 2, 1, -2, 1, -2, -1, -1]"
1186,dfs_bnb_mpi,0.001096,-4,4,326,"[-1, -1, 2, 1, 2, 2, -1, -2, -1, -2, -2, -1, 2, 2]"
1187,dfs_bnb_mpi,0.00053,-2,3,148,"[-1, -1, 2, 2, 2, 2, 2, 1, 2, 1, -2, -2, -1, -2]"
1188,dfs_bnb_mpi,0.002665,-2,3,813,"[-1, -1, 2, 2, 2, 2, -1, -2, -2, -2, -1, -2, 1, -2]"
1189,dfs_bnb_mpi,0.000823,-2,3,237,"[-1, -1, 2, 2, 2, 2, 1, 1, -2, -2, -2, 1, -2, 1]"
1190,dfs_bnb_mpi,0.006087,-4,5,1792,"[-1, -1, 2, 2, 1, 2, 1, -2, 1, 1, -2, -1, -1, -1]"
1191,dfs_bnb_mpi,0.020666,-3,4,4680,"[-1, -1, 2, 2, -1, -2, -2, -1, -2, 1, 1, 1, 1, 1]"
1192,dfs_bnb_mpi,0.001042,-2,3,330,"[-1, -1, 2, 2, 1, -2, 1, 1, -2, -2, -1, -1, -1, -1]"
1193,dfs_bnb_mpi,0.040756,-4,5,12601,"[-1, -1, 2, 2, 1, -2, 1, 1, -2, -2, -1, -1, -2, 1]"
1194,dfs_bnb_mpi,0.040636,-5,6,12556,"[-1, -2, 1, 1, 2, 2, 1, -2, -2, -2, -1, -2, -1, 2]"
1195,dfs_bnb_mpi,0.008972,-4,5,2378,"[-1, -2, -1, 2, 2, 1, 1, 1, -2, -2, -1, -2, 1, 1]"
1196,dfs_bnb_mpi,0.021235,-7,7,5714,"[-1, -1, 2, 2, 1, 2, 2, 1, -2, -2, 1, -2, -1, -1]"
1197,dfs_bnb_mpi,0.100508,-6,7,24753,"[-1, -1, 2, 1, 1, 2, 2, 2, -1, -1, -2, -2, 1, 2]"
1198,dfs_bnb_mpi,0.016663,-2,3,4948,"[-1, -1, 2, 2, 2, 1, 2, 2, 2, -1, -2, -2, -1, -2]"
1199,dfs_bnb_mpi,0.000179,-3,4,57,"[-1, -1, 2, 2, 1, -2, 1, 1, 2, -1, 2, 2, 2, 2]"
1200,dfs_bnb_mpi,0.027082,-4,4,7568,"[-1, -1, 2, 1, 1, 2, 2, 2, 1, -2, -2, 1, -2, -1]"
1201,dfs_bnb_mpi,0.039896,-3,4,12506,"[-1, -1, 2, 2, -1, -2, -1, -1, -2, 1, 1, -2, 1, 1]"
1202,dfs_bnb_mpi,0.094613,-7,8,24641,"[-1, -1, 2, 1, 2, 2, 1, 1, -2, 1, -2, -1, -1, 2]"
1203,dfs_bnb_mpi,0.008708,-5,6,2272,"[-1, -1, 2, 2, 1, -2, 1, 2, 1, -2, -2, 1, 2, 2]"
1204,dfs_bnb_mpi,0.006968,-6,7,1903,"[-1, -1, -1, 2, 1, 1, 2, 1, -2, 1, -2, -2, -1, -1]"
1205,dfs_bnb_mpi,0.162697,-7,8,37171,"[-1, -2, -1, -2, 1, -2, 1, -2, 1, 2, 2, 2, -1, -2]"
1206,dfs_bnb_mpi,0.06372,-5,6,14390,"[-1, -1, 2, 2, 1, 1, 1, 1, -2, -2, -1, 2, -1, -1]"
1207,dfs_bnb_mpi,0.023057,-4,5,6125,"[-1, -1, 2, 2, 2, 1, 1, -2, -1, -2, 1, 1, 2, 2]"
1208,dfs_bnb_mpi,0.09712,-5,5,23086,"[-1, -1, 2, 2, 1, -2, 1, 1, 2, -1, 2, 2, -1, -2]"
1209,dfs_bnb_mpi,0.000199,-3,4,64,"[-1, -1, 2, 1, 2, 1, -2, 1, 2, 2, 2, 2, 2, 2]"
1210,dfs_bnb_mpi,0.003787,-4,5,1024,"[-1, -1, 2, 2, 2, 1, -2, -2, 1, 2, 2, 1, -2, 1]"
1211,dfs_bnb_mpi,0.013757,-4,5,4332,"[-1, -1, -1, 2, 1, 1, 2, 2, 2, 1, -2, -2, -2, 1]"
1212,dfs_bnb_mpi,0.014825,-4,5,4373,"[-1, -1, 2, 1, 2, -1, 2, 2, -1, -2, -1, -2, 1, -2]"
1213,dfs_bnb_mpi,5e-05,0,1,15,"[-1, -1, 2, 2, 2, 2, 2, 2, 2, 2, 2, 2, 2, 2]"
1214,dfs_bnb_mpi,0.059115,-5,5,17774,"[-1, -1, 2, -1, 2, -1, 2, 1, 2, 1, -2, -2, 1, -2]"
1215,dfs_bnb_mpi,0.018878,-4,5,4639,"[-1, -1, 2, 1, 1, 2, 1, 1, -2, -1, -2, 1, 1, 2]"
1216,dfs_bnb_mpi,0.009305,-6,6,2543,"[-1, -1, 2, 1, 2, -1, -1, -1, -1, -2, 1, -2, 1, 2]"
1217,dfs_bnb_mpi,0.043156,-4,4,13099,"[-1, -1, 2, 1, 2, -1, -1, -2, -1, -2, 1, -2, 1, 1]"
1218,dfs_bnb_mpi,0.001044,-2,3,338,"[-1, -1, 2, 2, 1, -2, 1, 2, 2, 1, -2, -2, 1, 2]"
1219,dfs_bnb_mpi,7.1e-05,-1,2,24,"[-1, -1, 2, 2, 2, 2, 2, 2, 2, 1, -2, -2, 1, 2]"
1220,dfs_bnb_mpi,0.110106,-6,7,29851,"[-1, -2, -1, 2, -1, 2, 1, 2, 2, 1, 1, -2, -1, -2]"
1221,dfs_bnb_mpi,0.000174,-3,4,59,"[-1, -1, -1, 2, 1, 2, 1, -2, 1, 2, 2, 2, 2, 2]"
1222,dfs_bnb_mpi,0.165896,-6,7,39612,"[-1, -1, 2, 1, 2, 2, 1, 1, 1, -2, -1, -1, -2, 1]"
1223,dfs_bnb_mpi,0.052108,-5,6,14149,"[-1, -1, 2, -1, -2, -1, 2, -1, -2, -2, 1, 1, 1, 1]"
1224,dfs_bnb_mpi,0.006246,-3,4,1849,"[-1, -1, 2, 2, 1, -2, 1, 2, 2, 2, -1, -2, -1, 2]"
1225,dfs_bnb_mpi,0.055115,-4,5,15891,"[-1, -1, 2, 2, 2, 1, -2, 1, 2, 1, -2, -2, -1, -1]"
1226,dfs_bnb_mpi,0.050225,-6,7,11647,"[-1, -2, -1, -2, 1, -2, 1, 1, 2, -1, 2, 1, 2, 2]"
1227,dfs_bnb_mpi,0.015482,-4,5,4541,"[-1, -1, 2, 2, 2, 1, 2, -1, 2, -1, -1, -2, 1, -2]"
1228,dfs_bnb_mpi,0.173566,-5,6,45423,"[-1, -2, -1, -1, -1, 2, 1, 2, 2, 1, 1, -2, -1, -2]"
1229,dfs_bnb_mpi,0.010061,-4,4,2487,"[-1, -1, 2, 1, 1, 2, 2, 1, -2, 1, -2, -1, -2, 1]"
1230,dfs_bnb_mpi,0.040039,-3,4,10160,"[-1, -1, -1, 2, 2, 2, 2, 1, -2, -2, -2, 1, 2, 2]"
1231,dfs_bnb_mpi,0.065951,-6,6,17875,"[-1, -2, 1, -2, 1, 2, 2, 2, -1, 2, -1, -2, -1, -2]"
1232,dfs_bnb_mpi,0.006538,-2,3,1645,"[-1, -1, 2, 2, 2, 1, -2, -2, 1, 2, 2, 2, 2, 2]"
1233,dfs_bnb_mpi,0.002179,-3,4,610,"[-1, -1, 2, -1, 2, -1, -2, -2, 1, -2, 1, 1, 1, 1]"
1234,dfs_bnb_mpi,0.006062,-4,5,1888,"[-1, -2, 1, 1, 1, -2, -1, -1, -2, -2, -1, 2, 2, -1]"
1235,dfs_bnb_mpi,0.020684,-5,6,5782,"[-1, -1, -1, 2, 1, 1, 1, 1, 2, -1, -1, -1, 2, 2]"
1236,dfs_bnb_mpi,0.021204,-4,5,5110,"[-1, -1, 2, 2, 1, 2, -1, 2, -1, -2, -1, -2, 1, -2]"
1237,dfs_bnb_mpi,0.000783,-2,3,243,"[-1, -1, 2, 1, 2, 2, 1, -2, -2, 1, 2, 2, 2, 2]"
1238,dfs_bnb_mpi,0.078262,-6,7,22745,"[-1, -1, 2, -1, -2, -2, 1, 1, 1, 1, 2, 2, -1, -1]"
1239,dfs_bnb_mpi,0.012456,-4,5,3504,"[-1, -2, 1, 1, 2, 1, 2, -1, -1, -1, -1, -2, -1, 2]"
1240,dfs_bnb_mpi,0.005671,-3,4,1747,"[-1, -1, -1, 2, 1, 1, 1, 1, 2, -1, 2, -1, -2, -1]"
1241,dfs_bnb_mpi,0.069044,-5,6,17163,"[-1, -1, 2, -1, -1, 2, 1, 1, 2, 1, -2, 1, -2, -1]"
1242,dfs_bnb_mpi,0.007471,-4,5,2313,"[-1, -2, 1, 1, 2, 1, -2, -2, -1, -1, -2, -1, 2, -1]"
1243,dfs_bnb_mpi,0.065788,-6,7,17607,"[-1, -1, 2, 2, 2, -1, -2, -1, -1, -2, 1, -2, 1, 2]"
1244,dfs_bnb_mpi,0.003423,-5,6,846,"[-1, -1, -1, 2, 1, 2, 1, -2, 1, 2, 2, 2, 2, 2]"
1245,dfs_bnb_mpi,0.058167,-6,6,17664,"[-1, -1, 2, 2, 1, 2, 1, -2, 1, 1, -2, -1, -1, -1]"
1246,dfs_bnb_mpi,0.159115,-4,5,37086,"[-1, -1, 2, 1, 2, -1, -1, 2, -1, -2, -2, 1, -2, -1]"
1247,dfs_bnb_mpi,0.123356,-5,6,36238,"[-1, -1, 2, -1, 2, 2, 1, -2, 1, 2, 1, -2, -2, -1]"
1248,dfs_bnb_mpi,3.9e-05,0,1,15,"[-1, -1, 2, 2, 2, 2, 2, 2, 2, 2, 2, 2, 2, 2]"
1249,dfs_bnb_mpi,0.020406,-4,4,5881,"[-1, -1, 2, 1, 2, 2, 2, 1, -2, -2, -2, 1, 2, 2]"
1250,dfs_bnb_mpi,0.033327,-6,7,8304,"[-1, -1, 2, -1, 2, 2, 1, -2, 1, 1, 1, -2, -1, -1]"
1251,dfs_bnb_mpi,0.010093,-4,5,2431,"[-1, -1, 2, 1, 1, 2, 1, -2, 1, -2, -1, -2, 1, 1]"
1252,dfs_bnb_mpi,0.049232,-5,6,13399,"[-1, -1, 2, 1, 1, 2, 1, -2, -2, -2, -1, -1, -1, -1]"
1253,dfs_bnb_mpi,0.051914,-4,5,14638,"[-1, -1, 2, 1, 2, -1, 2, 2, -1, -2, -1, -2, 1, -2]"
1254,dfs_bnb_mpi,0.026288,-4,4,8248,"[-1, -2, 1, 1, 2, 2, 1, -2, -2, -2, -1, -2, -1, 2]"
1255,dfs_bnb_mpi,0.030135,-4,5,8275,"[-1, -1, 2, 2, 1, 1, 2, 1, -2, 1, -2, -1, -1, -1]"
1256,dfs_bnb_mpi,0.057424,-3,4,13836,"[-1, -1, 2, 2, 2, 2, 2, 1, 2, 1, -2, -2, -1, -2]"
1257,dfs_bnb_mpi,0.052975,-4,4,15251,"[-1, -1, 2, 2, 2, -1, -2, -1, -1, -2, 1, 1, -2, -1]"
1258,dfs_bnb_mpi,0.174511,-4,5,47596,"[-1, -1, 2, 2, 1, 2, 1, -2, 1, 1, -2, -1, -1, -1]"
1259,dfs_bnb_mpi,0.026258,-6,7,6261,"[-1, -1, 2, 2, -1, 2, -1, -2, -2, 1, -2, -2, -1, 2]"
1260,dfs_bnb_mpi,0.059753,-6,7,16705,"[-1, -1, 2, 1, 1, 2, 1, -2, 1, -2, -1, -2, -1, -1]"
1261,dfs_bnb_mpi,0.009136,-5,6,2739,"[-1, -1, 2, 1, 2, 2, 1, -2, -2, 1, -2, -2, -1, -1]"
1262,dfs_bnb_mpi,0.007962,-2,3,2420,"[-1, -1, 2, 1, 2, 2, 2, 2, -1, -2, -2, -2, -1, -2]"
1263,dfs_bnb_mpi,0.121526,-5,6,34206,"[-1, -1, 2, 2, 2, 2, 1, 1, -2, -2, -2, -1, 2, 2]"
1264,dfs_bnb_mpi,0.129048,-5,6,30461,"[-1, -1, 2, 2, -1, 2, -1, -2, -2, 1, -2, -1, -1, 2]"
1265,dfs_bnb_mpi,0.003104,-5,5,849,"[-1, -1, 2, 2, 2, 1, 1, -2, -1, -2, 1, 1, 2, 2]"
1266,dfs_bnb_mpi,0.071973,-6,6,17077,"[-1, -1, 2, -1, -2, -1, -2, -2, 1, 2, 1, 1, -2, -1]"
1267,dfs_bnb_mpi,0.004565,-4,4,1395,"[-1, -1, 2, 1, 2, 2, 1, -2, -2, 1, 1, 2, -1, 2]"
1268,dfs_bnb_mpi,0.056358,-7,8,14808,"[-1, -2, 1, 1, 2, 2, 1, -2, -2, -2, -1, -1, -2, 1]"
1269,dfs_bnb_mpi,0.025601,-7,8,6964,"[-1, -1, 2, 2, 1, 2, -1, 2, 1, 1, -2, -2, -2, -1]"
1270,dfs_bnb_mpi,0.024949,-6,6,6948,"[-1, -1, 2, 2, 2, 2, 1, -2, 1, -2, -1, -2, 1, 1]"
1271,dfs_bnb_mpi,0.014531,-3,4,4563,"[-1, -1, 2, 2, -1, 2, 2, -1, -2, -2, -2, 1, -2, -1]"
1272,dfs_bnb_mpi,0.064758,-6,7,16945,"[-1, -1, 2, -1, -1, -1, -2, 1, 1, -2, -1, -1, -1, 2]"
1273,dfs_bnb_mpi,0.000558,-3,4,178,"[-1, -1, 2, 2, -1, -2, -1, -2, 1, -2, 1, 1, 1, 1]"
1274,dfs_bnb_mpi,0.016635,-2,3,4948,"[-1, -1, 2, 2, 2, 1, 2, 2, 2, -1, -2, -2, -1, -2]"
1275,dfs_bnb_mpi,0.023238,-6,7,6450,"[-1, -1, 2, 1, 2, -1, 2, -1, -2, -1, -2, 1, -2, -1]"
1276,dfs_bnb_mpi,0.005413,-3,4,1622,"[-1, -1, 2, 2, 1, -2, 1, 2, 2, 2, -1, -2, -1, 2]"
1277,dfs_bnb_mpi,0.110872,-6,7,31539,"[-1, -2, -1, -2, 1, -2, 1, 1, 2, 1, 2, -1, -1, -2]"
1278,dfs_bnb_mpi,0.017434,-3,4,4801,"[-1, -1, 2, 2, 2, -1, -1, -2, -2, -2, -2, 1, 2, 2]"
1279,dfs_bnb_mpi,0.056567,-4,5,13067,"[-1, -1, 2, 2, 1, 2, 2, -1, -2, -1, -2, -1, -2, 1]"
1280,dfs_bnb_mpi,0.000285,-2,3,78,"[-1, -1, 2, 2, 2, -1, -2, -2, -2, -1, -1, -2, 1, 1]"
1281,dfs_bnb_mpi,0.052795,-7,8,13740,"[-1, -1, 2, 2, 2, 2, 1, 1, -2, -1, -2, 1, -2, -1]"
1282,dfs_bnb_mpi,0.173638,-7,8,38888,"[-1, -1, 2, -1, -1, -1, -2, -2, 1, 2, 1, -2, 1, 1]"
1283,dfs_bnb_mpi,0.02045,-5,5,6138,"[-1, -1, -1, 2, 1, 2, 2, 2, 1, -2, -2, 1, -2, -1]"
1284,dfs_bnb_mpi,0.006376,-3,4,1847,"[-1, -1, 2, 2, 1, 2, -1, -1, 2, -1, -2, -2, 1, -2]"
1285,dfs_bnb_mpi,0.001651,-6,7,438,"[-1, -2, -1, 2, -1, 2, 1, 1, 2, -1, 2, -1, -2, -1]"
1286,dfs_bnb_mpi,0.028098,-5,6,6330,"[-1, -1, 2, -1, -2, -1, -1, -2, 1, 1, 1, 1, 1, 1]"
1287,dfs_bnb_mpi,0.081946,-4,5,25216,"[-1, -1, 2, 2, 1, 2, 2, 1, -2, -2, 1, -2, -1, -1]"
1288,dfs_bnb_mpi,0.008914,-7,8,2459,"[-1, -1, 2, 1, 1, 2, 1, -2, -2, -2, -1, -2, -1, 2]"
1289,dfs_bnb_mpi,0.032003,-4,5,9081,"[-1, -1, 2, -1, 2, 2, 1, 1, 1, -2, -2, -1, 2, -1]"
1290,dfs_bnb_mpi,0.052313,-4,5,13824,"[-1, -1, -1, 2, 2, 2, 2, 1, -2, -2, -2, 1, 2, 2]"
1291,dfs_bnb_mpi,0.057304,-4,5,16095,"[-1, -1, 2, 2, 1, 2, -1, 2, -1, -1, -2, 1, -2, -1]"
1292,dfs_bnb_mpi,0.157137,-3,4,39979,"[-1, -1, 2, 2, 2, 2, 2, 1, -2, -2, -2, 1, -2, -1]"
1293,dfs_bnb_mpi,0.073251,-7,8,17061,"[-1, -2, 1, -2, 1, 1, 1, 2, -1, -1, 2, 2, 1, -2]"
1294,dfs_bnb_mpi,0.008663,-4,5,2538,"[-1, -1, 2, 1, 2, -1, 2, 2, -1, -2, -1, -2, 1, -2]"
1295,dfs_bnb_mpi,0.002707,-6,7,657,"[-1, -2, 1, -2, 1, 2, 2, 1, -2, 1, -2, -1, -2, 1]"
1296,dfs_bnb_mpi,0.157282,-6,6,37966,"[-1, -1, 2, 2, 2, 1, 1, 1, -2, -2, -1, 2, -1, -2]"
1297,dfs_bnb_mpi,0.027757,-6,7,6932,"[-1, -1, 2, 1, 2, -1, -1, -1, -2, 1, -2, -2, -1, 2]"
1298,dfs_bnb_mpi,0.027783,-4,4,7285,"[-1, -1, 2, 2, 2, -1, -2, -1, -1, -2, 1, -2, 1, 2]"
1299,dfs_bnb_mpi,0.006419,-3,4,1773,"[-1, -1, 2, 2, 1, -2, 1, 2, 2, 2, 1, -2, -2, 1]"
1300,dfs_bnb_mpi,0.009361,-6,7,2702,"[-1, -1, 2, 1, 1, 1, -2, -2, -1, -2, -1, 2, -1, -1]"
1301,dfs_bnb_mpi,0.113025,-7,8,27694,"[-1, -1, 2, 2, 2, 1, 1, 1, -2, -2, -1, 2, -1, -2]"
1302,dfs_bnb_mpi,0.019808,-7,8,5283,"[-1, -1, 2, -1, 2, 1, 2, 1, -2, 1, 1, -2, -1, -1]"
1303,dfs_bnb_mpi,0.025976,-5,6,7825,"[-1, -1, -1, 2, 1, 2, 1, 2, 1, -2, 1, -2, -1, -1]"
1304,dfs_bnb_mpi,0.015402,-4,5,4376,"[-1, -1, 2, 2, 2, 1, 2, 1, -2, -2, -1, -2, 1, 1]"
1305,dfs_bnb_mpi,0.001669,-2,3,503,"[-1, -1, 2, 2, 2, 2, 1, 1, -2, -2, 1, -2, -1, -1]"
1306,dfs_bnb_mpi,0.263682,-5,6,72487,"[-1, -2, -1, -1, 2, 1, 2, 2, 2, 1, -2, 1, -2, -1]"
1307,dfs_bnb_mpi,0.114378,-4,5,33008,"[-1, -1, 2, 2, -1, -2, -2, -1, 2, 2, 2, 2, 1, -2]"
1308,dfs_bnb_mpi,0.02827,-5,6,6820,"[-1, -1, -1, 2, 1, 2, 2, 1, -2, -2, 1, 2, 2, 2]"
1309,dfs_bnb_mpi,0.00261,-4,5,751,"[-1, -2, -2, -1, 2, -1, 2, 1, 2, 1, 2, 2, 2, 2]"
1310,dfs_bnb_mpi,0.018628,-3,4,5387,"[-1, -1, 2, 2, 2, 2, 1, -2, 1, -2, -1, -2, 1, 1]"
1311,dfs_bnb_mpi,0.022653,-5,6,6107,"[-1, -1, 2, 2, 2, 1, -2, -2, 1, 2, 1, 2, -1, 2]"
1312,dfs_bnb_mpi,0.002183,-2,3,695,"[-1, -1, 2, 1, 2, -1, 2, 2, -1, -2, -2, -2, -1, 2]"
1313,dfs_bnb_mpi,0.040598,-6,7,11777,"[-1, -2, -1, 2, -1, 2, -1, 2, 2, 1, -2, 1, -2, 1]"
1314,dfs_bnb_mpi,0.024513,-6,7,6656,"[-1, -2, 1, 1, 2, 1, 2, -1, -1, 2, 2, -1, -2, -2]"
1315,dfs_bnb_mpi,0.075868,-6,7,18183,"[-1, -1, 2, 1, 2, 2, 2, 1, -2, 1, -2, -2, -1, 2]"
1316,dfs_bnb_mpi,0.000896,-2,3,212,"[-1, -1, 2, 2, 2, 2, 2, 1, -2, -2, 1, -2, -1, -2]"
1317,dfs_bnb_mpi,0.033254,-6,7,8583,"[-1, -1, 2, -1, 2, 1, 2, 1, 1, -2, -1, -2, 1, 1]"
1318,dfs_bnb_mpi,0.053064,-2,3,13326,"[-1, -1, 2, 2, 2, 2, 2, 1, -2, -2, 1, -2, -1, -2]"
1319,dfs_bnb_mpi,0.000866,-2,3,220,"[-1, -1, 2, -1, 2, -1, -2, -2, 1, -2, 1, 1, 1, 1]"
1320,dfs_bnb_mpi,0.021659,-5,6,5690,"[-1, -1, 2, 2, 2, 1, 1, 1, -2, -1, -1, -2, 1, 1]"
1321,dfs_bnb_mpi,0.007249,-6,7,2004,"[-1, -1, 2, 1, 2, 1, -2, 1, -2, -2, -1, -1, -1, -1]"
1322,dfs_bnb_mpi,0.000494,-2,3,125,"[-1, -1, 2, 2, 2, 2, -1, -2, -2, -2, -2, -1, -2, 1]"
1323,dfs_bnb_mpi,0.002163,-4,5,674,"[-1, -1, 2, 1, 1, 1, -2, -2, -1, -1, -2, -1, 2, -1]"
1324,dfs_bnb_mpi,0.050077,-7,8,14379,"[-1, -1, -1, 2, 1, 2, -1, 2, 1, 1, -2, 1, -2, -1]"
1325,dfs_bnb_mpi,0.011055,-5,6,2869,"[-1, -2, 1, 1, -2, -1, -1, -1, 2, 2, -1, -2, -1, 2]"
1326,dfs_bnb_mpi,0.008013,-5,6,2230,"[-1, -1, 2, -1, 2, 1, 2, 1, -2, -2, 1, 2, 2, 2]"
1327,dfs_bnb_mpi,0.082621,-3,4,21770,"[-1, -1, 2, -1, 2, 2, 2, -1, -2, -2, -2, -2, 1, -2]"
1328,dfs_bnb_mpi,0.139877,-5,6,42421,"[-1, -1, 2, 1, 2, -1, -1, 2, -1, -2, -2, -2, 1, 2]"
1329,dfs_bnb_mpi,0.099718,-4,5,26447,"[-1, -1, 2, 2, 2, 1, -2, 1, 2, 1, -2, -2, -1, -1]"
1330,dfs_bnb_mpi,0.002994,-5,6,689,"[-1, -1, 2, 2, 1, -2, 1, 2, 2, 2, -1, -2, -1, 2]"
1331,dfs_bnb_mpi,0.139368,-4,5,40605,"[-1, -1, 2, 2, 1, 1, 1, 2, 1, -2, -2, -1, -1, -1]"
1332,dfs_bnb_mpi,0.103472,-4,5,28820,"[-1, -1, 2, 2, 2, 1, 1, 1, -2, -1, -1, -2, 1, 1]"
1333,dfs_bnb_mpi,0.000651,-4,5,185,"[-1, -1, 2, 1, 2, 1, -2, 1, -2, 1, 2, 2, 2, 2]"
1334,dfs_bnb_mpi,0.152879,-6,7,42534,"[-1, -1, 2, 2, 1, 2, 2, 1, -2, 1, -2, -1, -2, -1]"
1335,dfs_bnb_mpi,0.011949,-3,4,3697,"[-1, -2, 1, 1, 2, 2, 2, -1, -1, -2, -1, -1, -2, 1]"
1336,dfs_bnb_mpi,0.011355,-5,6,3061,"[-1, -1, 2, 2, -1, -2, -1, -2, 1, -2, 1, -2, -1, -1]"
1337,dfs_bnb_mpi,0.030053,-7,8,8646,"[-1, -1, 2, 1, 1, 2, 1, -2, 1, -2, -1, -2, -1, -1]"
1338,dfs_bnb_mpi,0.006865,-4,5,2117,"[-1, -1, 2, 1, 1, 2, -1, -1, 2, -1, -2, -1, -2, 1]"
1339,dfs_bnb_mpi,0.195961,-4,5,44343,"[-1, -1, 2, 2, -1, 2, 2, -1, -2, -2, -2, 1, -2, -1]"
1340,dfs_bnb_mpi,0.093349,-4,5,28621,"[-1, -1, 2, 1, 1, 2, 2, 2, -1, -1, -2, -2, 1, 2]"
1341,dfs_bnb_mpi,0.013571,-4,5,4222,"[-1, -2, 1, 1, 2, 2, -1, 2, 1, 1, -2, -2, -2, 1]"
1342,dfs_bnb_mpi,0.018651,-7,8,4855,"[-1, -2, -2, 1, 2, 1, 2, 2, 1, -2, -2, -2, -1, -2]"
1343,dfs_bnb_mpi,0.053938,-6,7,15272,"[-1, -1, 2, 1, 2, 1, 2, -1, 2, -1, -2, -1, -2, 1]"
1344,dfs_bnb_mpi,0.000849,-4,5,255,"[-1, -1, 2, 1, 2, -1, -1, -2, -1, -1, -2, 1, 1, -2]"
1345,dfs_bnb_mpi,4.9e-05,0,1,15,"[-1, -1, 2, 2, 2, 2, 2, 2, 2, 2, 2, 2, 2, 2]"
1346,dfs_bnb_mpi,0.041664,-7,8,10881,"[-1, -1, 2, 1, 1, 2, 1, -2, 1, -2, -1, -2, -1, -1]"
1347,dfs_bnb_mpi,0.005008,-4,5,1505,"[-1, -1, 2, -1, -2, -2, -1, -2, 1, -2, 1, 2, 2, 1]"
1348,dfs_bnb_mpi,0.001849,-5,6,545,"[-1, -1, 2, 1, 1, 1, -2, 1, -2, -2, -1, 2, -1, -1]"
1349,dfs_bnb_mpi,0.004759,-5,6,1415,"[-1, -1, 2, 1, 2, 1, -2, 1, -2, 1, -2, -1, -1, -1]"
1350,dfs_bnb_mpi,0.027938,-4,5,6717,"[-1, -2, -1, -1, 2, 1, 2, 2, 1, -2, 1, 2, 2, 2]"
1351,dfs_bnb_mpi,0.223522,-4,5,56119,"[-1, -1, 2, 2, 2, 2, 1, -2, -2, 1, 2, 2, 2, -1]"
1352,dfs_bnb_mpi,0.060226,-5,6,13588,"[-1, -1, 2, 1, 1, 2, 1, -2, 1, 1, -2, -1, -1, -2]"
1353,dfs_bnb_mpi,0.007198,-3,4,2138,"[-1, -1, 2, 2, 2, 1, -2, -2, 1, 1, 2, -1, 2, 2]"
1354,dfs_bnb_mpi,0.038191,-7,8,8640,"[-1, -2, 1, 1, 1, 2, -1, 2, 1, 2, -1, -1, -2, -1]"
1355,dfs_bnb_mpi,0.068029,-4,5,18228,"[-1, -1, 2, 1, 2, 2, -1, -2, -1, 2, -1, -2, -2, 1]"
1356,dfs_bnb_mpi,0.040383,-4,5,11496,"[-1, -1, 2, 2, 1, 2, 2, 1, -2, -2, 1, -2, -1, -1]"
1357,dfs_bnb_mpi,0.002087,-4,5,606,"[-1, -1, 2, -1, -2, -1, -1, -2, -2, 1, 2, 1, 1, 1]"
1358,dfs_bnb_mpi,0.009435,-3,4,2255,"[-1, -1, 2, 2, -1, -1, -2, 1, -2, -1, -1, 2, 2, 2]"
1359,dfs_bnb_mpi,0.113671,-5,6,28231,"[-1, -1, 2, 2, 1, 2, 2, 1, -2, -2, 1, -2, -1, -1]"
1360,dfs_bnb_mpi,0.058183,-6,7,16607,"[-1, -1, 2, 2, 2, -1, -2, -1, -1, -2, 1, -2, 1, 2]"
1361,dfs_bnb_mpi,0.050821,-4,5,14857,"[-1, -2, 1, -2, 1, 1, 1, 1, 2, -1, -1, 2, -1, -2]"
1362,dfs_bnb_mpi,0.085631,-6,7,21514,"[-1, -1, 2, 1, 2, -1, -1, 2, -1, -2, -2, -2, 1, 2]"
1363,dfs_bnb_mpi,0.006861,-5,6,1826,"[-1, -1, 2, 1, 2, -1, -1, -2, -1, -2, 1, -2, 1, 1]"
1364,dfs_bnb_mpi,0.173809,-3,4,44006,"[-1, -1, 2, 2, 2, 1, 1, 1, -2, -2, -1, 2, -1, -2]"
1365,dfs_bnb_mpi,0.016059,-3,4,5127,"[-1, -2, 1, 1, 2, 2, 2, 2, 1, -2, -2, -2, 1, 2]"
1366,dfs_bnb_mpi,0.073471,-6,5,19848,"[-1, -1, 2, 2, 2, 1, 1, 1, -2, -2, -1, -1, 2, 1]"
1367,dfs_bnb_mpi,0.009738,-2,3,2917,"[-1, -1, 2, 2, 2, 2, 2, 1, -2, 1, 1, -2, -1, -1]"
1368,dfs_bnb_mpi,0.193486,-6,6,45995,"[-1, -2, 1, 1, -2, -1, -1, -1, -2, -2, 1, 2, 1, -2]"
1369,dfs_bnb_mpi,0.420751,-3,4,94298,"[-1, -1, 2, 2, 2, 2, 1, 1, -2, 1, -2, -1, -2, 1]"
1370,dfs_bnb_mpi,0.003046,-5,6,953,"[-1, -2, 1, 1, 2, 1, 1, 2, -1, -1, 2, -1, -2, -1]"
1371,dfs_bnb_mpi,0.018605,-5,6,5688,"[-1, -2, 1, 1, 2, 2, 1, 2, 1, -2, -2, -2, -1, 2]"
1372,dfs_bnb_mpi,0.057221,-3,4,12990,"[-1, -1, 2, 2, 2, 1, 1, 1, -2, -1, -2, 1, 1, 2]"
1373,dfs_bnb_mpi,0.174713,-7,8,41187,"[-1, -2, -1, 2, 2, 1, 2, -1, -1, -1, -2, 1, -2, -1]"
1374,dfs_bnb_mpi,0.156735,-4,5,39667,"[-1, -1, 2, -1, -2, -1, -1, -2, 1, 1, 1, 1, -2, -1]"
1375,dfs_bnb_mpi,4.6e-05,0,1,15,"[-1, -1, 2, 2, 2, 2, 2, 2, 2, 2, 2, 2, 2, 2]"
1376,dfs_bnb_mpi,0.154339,-6,7,40264,"[-1, -1, 2, 2, -1, 2, -1, -2, -2, -1, -2, 1, 1, 2]"
1377,dfs_bnb_mpi,0.002815,-3,4,856,"[-1, -1, 2, 2, 2, 1, -2, -2, 1, 1, -2, 1, 2, 2]"
1378,dfs_bnb_mpi,0.019788,-4,5,5313,"[-1, -1, 2, 2, 1, 2, -1, 2, -1, -1, -2, 1, -2, -1]"
1379,dfs_bnb_mpi,0.022318,-3,4,5104,"[-1, -1, 2, 2, 2, 1, 1, -2, -1, -2, 1, 1, 2, 2]"
1380,dfs_bnb_mpi,0.109762,-6,7,30119,"[-1, -2, -1, -2, -1, 2, 2, 2, 2, 1, 1, -2, -1, -2]"
1381,dfs_bnb_mpi,0.008577,-2,3,2633,"[-1, -1, 2, 2, 1, -2, 1, 2, 1, -2, -2, -2, -1, -1]"
1382,dfs_bnb_mpi,0.015872,-4,5,4806,"[-1, -2, -1, 2, -1, 2, 2, 2, 1, 1, -2, -2, -1, 2]"
1383,dfs_bnb_mpi,0.047056,-3,4,13009,"[-1, -1, 2, 2, 2, 1, 1, 1, -2, -1, -2, 1, -2, 1]"
1384,dfs_bnb_mpi,0.047863,-4,5,14322,"[-1, -1, 2, 2, 2, 1, -2, -2, 1, 1, 2, 2, -1, -2]"
1385,dfs_bnb_mpi,0.016126,-6,7,4512,"[-1, -2, -1, 2, 2, 1, 2, -1, -1, -2, -1, -2, 1, -2]"
1386,dfs_bnb_mpi,0.019531,-4,5,4587,"[-1, -1, 2, 2, 2, 1, 1, -2, -1, -2, 1, 1, 2, 2]"
1387,dfs_bnb_mpi,0.001449,-4,5,418,"[-1, -1, 2, 2, 1, 2, -1, 2, -1, -2, -1, -2, 1, -2]"
1388,dfs_bnb_mpi,0.123117,-5,6,36371,"[-1, -1, 2, -1, -2, -1, -2, 1, -2, -2, 1, 2, 2, 1]"
1389,dfs_bnb_mpi,0.176274,-7,8,44520,"[-1, -2, -1, -2, 1, 1, 2, 1, -2, 1, -2, -1, -1, -1]"
1390,dfs_bnb_mpi,4.6e-05,0,1,15,"[-1, -1, 2, 2, 2, 2, 2, 2, 2, 2, 2, 2, 2, 2]"
1391,dfs_bnb_mpi,0.022538,-6,7,5468,"[-1, -2, 1, 1, 2, 1, 2, -1, 2, 2, -1, -2, -2, -1]"
1392,dfs_bnb_mpi,0.009181,-5,6,2312,"[-1, -1, -1, 2, 2, 1, -2, 1, 2, 1, -2, 1, -2, 1]"
1393,dfs_bnb_mpi,0.021264,-7,8,5713,"[-1, -1, 2, -1, 2, 1, 2, 1, -2, 1, 1, -2, -1, -1]"
1394,dfs_bnb_mpi,0.006411,-4,5,1696,"[-1, -1, 2, 1, 1, 2, -1, 2, -1, -2, -1, -2, -1, 2]"
1395,dfs_bnb_mpi,0.156423,-5,6,40729,"[-1, -1, 2, 2, -1, 2, -1, -2, -2, -1, -2, 1, 1, 2]"
1396,dfs_bnb_mpi,0.016083,-4,5,4830,"[-1, -1, 2, 1, 2, -1, 2, -1, -2, -1, -1, -2, 1, 1]"
1397,dfs_bnb_mpi,0.008423,-5,6,2462,"[-1, -1, 2, -1, -2, -2, -1, -2, -2, 1, 2, 1, 2, 1]"
1398,dfs_bnb_mpi,8.7e-05,-2,3,28,"[-1, -1, 2, 2, 2, 2, 2, 1, -2, 1, -2, -1, -2, 1]"
1399,dfs_bnb_mpi,0.070395,-4,5,21875,"[-1, -2, 1, 1, 1, -2, -1, -2, -2, -1, 2, 2, -1, -1]"
1400,dfs_bnb_mpi,0.029323,-7,8,8269,"[-1, -1, -1, 2, 1, 2, 1, 2, 1, -2, 1, -2, -1, -1]"
1401,dfs_bnb_mpi,0.173563,-4,5,40016,"[-1, -1, 2, 2, 2, 2, 2, 1, -2, 1, -2, -1, -2, 1]"
1402,dfs_bnb_mpi,0.00364,-7,8,885,"[-1, -2, -1, -2, -2, 1, 2, 1, 2, 1, -2, -2, -1, -2]"
1403,dfs_bnb_mpi,0.019098,-7,8,4561,"[-1, -1, 2, 2, 1, -2, 1, 2, 2, 2, -1, -1, -2, 1]"
1404,dfs_bnb_mpi,0.059506,-5,6,15620,"[-1, -1, 2, 2, 2, -1, -2, -1, -2, 1, -2, -1, -1, 2]"
1405,dfs_bnb_mpi,0.214594,-4,5,51004,"[-1, -1, 2, 2, 2, 1, 1, 1, -2, -1, -2, 1, 1, 2]"
1406,dfs_bnb_mpi,0.182765,-6,6,49726,"[-1, -2, -1, 2, 2, 1, 2, -1, 2, -1, -2, -2, -2, -2]"
1407,dfs_bnb_mpi,0.045834,-3,4,12519,"[-1, -1, 2, 2, 2, 2, 1, -2, 1, -2, -1, -2, 1, 1]"
1408,dfs_bnb_mpi,0.02503,-5,6,7524,"[-1, -2, 1, 1, 2, 2, 1, 2, -1, 2, -1, -2, -2, -1]"
1409,dfs_bnb_mpi,4.5e-05,0,1,15,"[-1, -1, 2, 2, 2, 2, 2, 2, 2, 2, 2, 2, 2, 2]"
1410,dfs_bnb_mpi,0.054819,-7,7,12512,"[-1, -2, -2, -1, -2, 1, 1, 1, 2, -1, 2, 1, 2, 2]"
1411,dfs_bnb_mpi,0.025198,-3,4,6245,"[-1, -1, 2, 2, 2, 2, 2, 1, -2, 1, -2, -1, -2, 1]"
1412,dfs_bnb_mpi,0.008406,-4,5,2623,"[-1, -1, 2, 1, 2, -1, 2, -1, -2, -1, -1, -2, 1, 1]"
1413,dfs_bnb_mpi,0.107688,-7,8,26247,"[-1, -1, -1, 2, 2, 2, 1, 1, -2, 1, -2, -1, -1, 2]"
1414,dfs_bnb_mpi,6.7e-05,-1,2,23,"[-1, -1, 2, 2, 2, 2, 1, -2, 1, 2, 2, 2, 2, 2]"
1415,dfs_bnb_mpi,0.008345,-4,4,2554,"[-1, -2, -1, 2, -1, -1, 2, 1, 1, 2, 2, 1, -2, -2]"
1416,dfs_bnb_mpi,0.138319,-5,6,35560,"[-1, -1, 2, -1, -1, 2, 2, 1, -2, 1, 2, 1, -2, -2]"
1417,dfs_bnb_mpi,0.000314,-2,3,99,"[-1, -1, 2, 2, 1, 2, -1, 2, -1, -2, -2, -1, 2, 2]"
1418,dfs_bnb_mpi,0.005151,-4,5,1599,"[-1, -2, 1, 1, -2, -1, -1, -1, -1, -2, 1, 1, 1, 1]"
1419,dfs_bnb_mpi,0.047513,-7,8,11416,"[-1, -1, 2, 2, 1, -2, 1, 2, 1, 1, -2, -2, -1, 2]"
1420,dfs_bnb_mpi,0.027924,-8,8,6618,"[-1, -1, 2, 1, 1, 1, 2, 2, -1, -2, -1, 2, -1, -2]"
1421,dfs_bnb_mpi,0.000154,-1,2,39,"[-1, -1, 2, 2, 2, 2, 2, 2, 2, 1, -2, -2, -2, 1]"
1422,dfs_bnb_mpi,0.171119,-6,7,40398,"[-1, -1, 2, 2, 2, 1, 1, 1, -2, -2, -1, 2, -1, -2]"
1423,dfs_bnb_mpi,0.026337,-2,3,7904,"[-1, -1, 2, 2, 2, 1, 2, 2, 2, -1, -2, -2, -1, -2]"
1424,dfs_bnb_mpi,0.065776,-4,5,15064,"[-1, -1, 2, 2, 1, 2, 1, 1, -2, -1, -2, 1, -2, 1]"
1425,dfs_bnb_mpi,0.008178,-3,4,2530,"[-1, -1, 2, 2, 1, 1, 1, 2, 1, -2, -2, -1, -1, -1]"
1426,dfs_bnb_mpi,0.015409,-2,3,4892,"[-1, -1, 2, 2, 2, 2, 1, 1, -2, -2, -1, -2, 1, 1]"
1427,dfs_bnb_mpi,0.000131,-1,2,42,"[-1, -1, 2, 2, 2, 2, 1, -2, -2, -2, 1, 2, 2, 2]"
1428,dfs_bnb_mpi,0.029148,-5,6,8139,"[-1, -1, 2, -1, -1, 2, -1, -2, -2, -2, 1, 1, 2, -1]"
1429,dfs_bnb_mpi,0.427562,-4,5,96062,"[-1, -1, 2, 2, 2, 2, 2, 2, 2, 1, -2, -2, -2, -2]"
1430,dfs_bnb_mpi,0.018905,-5,6,5334,"[-1, -1, 2, 2, 1, 2, 2, 1, -2, -2, 1, -2, -1, -1]"
1431,dfs_bnb_mpi,0.018781,-7,8,5006,"[-1, -1, 2, -1, 2, 1, 2, 1, -2, 1, 1, -2, -1, -1]"
1432,dfs_bnb_mpi,0.007509,-6,7,1954,"[-1, -1, 2, 1, 2, 1, -2, 1, 1, 1, -2, -1, -1, -2]"
1433,dfs_bnb_mpi,0.015149,-5,6,3824,"[-1, -1, 2, 2, 2, -1, -1, -2, 1, -2, -1, -2, 1, -2]"
1434,dfs_bnb_mpi,0.003652,-4,4,1134,"[-1, -2, 1, 1, 2, 2, -1, 2, 2, -1, -2, -2, -1, 2]"
1435,dfs_bnb_mpi,0.022619,-5,6,5166,"[-1, -1, 2, -1, -2, -2, -2, 1, 2, 1, 1, -2, -1, -2]"
1436,dfs_bnb_mpi,0.028231,-4,5,7435,"[-1, -1, 2, 2, 2, 2, 1, -2, -2, 1, 1, -2, -1, -1]"
1437,dfs_bnb_mpi,0.0132,-4,5,4076,"[-1, -1, 2, 1, 1, 1, -2, -2, 1, -2, -1, -1, 2, -1]"
1438,dfs_bnb_mpi,0.002796,-3,4,673,"[-1, -1, 2, 2, 1, -2, 1, 2, 2, -1, 2, 2, 2, 2]"
1439,dfs_bnb_mpi,0.032808,-4,5,9244,"[-1, -2, 1, 1, 2, 2, 2, 1, -2, 1, -2, -1, -2, 1]"
1440,dfs_bnb_mpi,0.003924,-5,6,1096,"[-1, -2, -2, 1, 2, 1, 2, 1, -2, -2, -1, -2, 1, 1]"
1441,dfs_bnb_mpi,0.004772,-5,6,1348,"[-1, -2, -1, 2, 2, 1, 1, 1, 1, -2, -1, -2, -1, -2]"
1442,dfs_bnb_mpi,4.7e-05,0,1,15,"[-1, -1, 2, 2, 2, 2, 2, 2, 2, 2, 2, 2, 2, 2]"
1443,dfs_bnb_mpi,0.131413,-7,8,31664,"[-1, -1, 2, -1, -2, -2, 1, 1, -2, -2, -1, 2, -1, -2]"
1444,dfs_bnb_mpi,0.002331,-2,3,561,"[-1, -1, 2, 2, 2, 2, 2, 1, -2, -2, -2, 1, -2, -1]"
1445,dfs_bnb_mpi,0.114746,-4,5,32798,"[-1, -1, 2, 2, -1, -1, -2, 1, -2, -1, -1, -1, 2, 1]"
1446,dfs_bnb_mpi,0.049583,-6,7,11307,"[-1, -2, 1, 1, 1, 1, 2, 2, -1, -2, -1, 2, -1, 2]"
1447,dfs_bnb_mpi,0.012363,-4,5,3665,"[-1, -1, 2, 1, 2, -1, 2, 2, -1, -2, -2, -1, -2, 1]"
1448,dfs_bnb_mpi,0.005078,-5,6,1276,"[-1, -1, 2, 2, 1, -2, 1, 2, 2, -1, -1, 2, 2, 2]"
1449,dfs_bnb_mpi,0.00308,-5,5,961,"[-1, -1, 2, 1, 1, 2, 2, 1, -2, -2, 1, -2, -1, -2]"
1450,dfs_bnb_mpi,0.005251,-6,6,1482,"[-1, -2, 1, 1, 2, 2, 2, -1, -2, -1, -1, -2, -1, 2]"
1451,dfs_bnb_mpi,0.149578,-6,6,42333,"[-1, -1, 2, 2, 1, 2, 1, -2, 1, 1, -2, -1, -1, -1]"
1452,dfs_bnb_mpi,0.049549,-5,6,14045,"[-1, -1, 2, 2, 2, -1, -2, -2, -2, -1, 2, 2, 2, 2]"
1453,dfs_bnb_mpi,0.058863,-4,5,17143,"[-1, -1, 2, 2, 1, 1, 2, 2, 1, -2, -2, -2, -1, -1]"
1454,dfs_bnb_mpi,0.417958,-4,5,108531,"[-1, -1, 2, 2, 2, 2, 2, 1, 2, 1, -2, -2, -1, -2]"
1455,dfs_bnb_mpi,0.03194,-8,9,8212,"[-1, -2, -1, -2, 1, 1, 2, 1, 2, 2, -1, -1, -1, -2]"
1456,dfs_bnb_mpi,0.008843,-5,6,2416,"[-1, -1, 2, -1, 2, 1, 2, 1, 1, -2, -1, -2, 1, 1]"
1457,dfs_bnb_mpi,0.035007,-4,5,10420,"[-1, -1, 2, 2, 2, 1, 1, 2, -1, 2, -1, -2, -1, -2]"
1458,dfs_bnb_mpi,0.002411,-2,3,766,"[-1, -2, 1, 1, 2, 2, 2, 1, -2, -2, -2, -2, -1, -1]"
1459,dfs_bnb_mpi,0.005255,-3,4,1657,"[-1, -1, 2, -1, -2, -1, 2, -1, -2, -2, 1, 1, 1, 1]"
1460,dfs_bnb_mpi,0.145814,-7,8,32996,"[-1, -1, -1, 2, 2, 2, 1, 2, 1, -2, -2, -1, -2, 1]"
1461,dfs_bnb_mpi,0.001787,-4,5,426,"[-1, -2, -1, -2, 1, 1, 2, 1, 2, 2, 2, 2, 2, 2]"
1462,dfs_bnb_mpi,0.072181,-7,7,19956,"[-1, -1, 2, 1, 2, 2, 1, 1, -2, 1, -2, -1, -1, 2]"
1463,dfs_bnb_mpi,0.060422,-7,8,15328,"[-1, -1, 2, 1, 2, 2, 1, 2, 1, -2, -2, -2, -1, 2]"
1464,dfs_bnb_mpi,0.022422,-6,7,5421,"[-1, -2, -1, -2, 1, 1, 2, 1, 2, 2, 2, -1, -2, -1]"
1465,dfs_bnb_mpi,0.073814,-6,7,17702,"[-1, -1, 2, 1, 2, -1, -1, -2, -1, -2, 1, -2, 1, 1]"
1466,dfs_bnb_mpi,0.009967,-3,4,3109,"[-1, -2, 1, 1, 2, 1, -2, -2, -1, -1, -1, -1, 2, 2]"
1467,dfs_bnb_mpi,0.054812,-5,6,15572,"[-1, -1, -1, 2, 1, 1, 1, 2, 2, -1, -2, -1, -1, 2]"
1468,dfs_bnb_mpi,0.065346,-6,7,17988,"[-1, -2, -1, 2, 2, -1, -2, -1, 2, 2, 1, 1, 1, -2]"
1469,dfs_bnb_mpi,0.02628,-6,6,6930,"[-1, -1, 2, 2, -1, -1, -2, 1, -2, -2, 1, 1, 1, 1]"
1470,dfs_bnb_mpi,0.056576,-4,5,15157,"[-1, -1, 2, 1, 1, 1, 1, -2, -1, -2, 1, 1, -2, -1]"
1471,dfs_bnb_mpi,0.022988,-4,5,6056,"[-1, -1, 2, 2, 2, 1, 1, -2, -1, -2, 1, 1, 2, 2]"
1472,dfs_bnb_mpi,5.1e-05,0,1,15,"[-1, -1, 2, 2, 2, 2, 2, 2, 2, 2, 2, 2, 2, 2]"
1473,dfs_bnb_mpi,0.060868,-4,5,18861,"[-1, -1, 2, 1, 2, -1, -1, -2, -2, -2, 1, -2, 1, 2]"
1474,dfs_bnb_mpi,0.000816,-3,4,192,"[-1, -1, 2, 2, 2, 2, 2, 2, 1, 1, -2, -2, -1, 2]"
1475,dfs_bnb_mpi,0.168892,-6,7,40538,"[-1, -1, 2, 1, 1, 1, 2, 1, -2, -2, -1, -2, -1, -1]"
1476,dfs_bnb_mpi,0.00516,-5,5,1620,"[-1, -1, 2, 2, -1, 2, 1, 1, -2, 1, 1, -2, -1, -1]"
1477,dfs_bnb_mpi,0.001938,-3,4,562,"[-1, -1, 2, 2, 2, 2, 2, 1, -2, -2, -2, 1, -2, -1]"
1478,dfs_bnb_mpi,0.014203,-2,3,3952,"[-1, -1, 2, 2, 2, 2, 1, 2, 2, -1, -2, -1, -2, -1]"
1479,dfs_bnb_mpi,0.041296,-5,5,12579,"[-1, -2, 1, -2, -1, -2, 1, 1, 2, 1, 2, 2, -1, -2]"
1480,dfs_bnb_mpi,0.015472,-4,5,4502,"[-1, -1, 2, -1, 2, 2, -1, -2, -2, -2, 1, -2, 1, 1]"
1481,dfs_bnb_mpi,0.020302,-3,4,4999,"[-1, -1, 2, 2, 2, -1, -2, -2, -2, -2, 1, 1, 1, 1]"
1482,dfs_bnb_mpi,0.214018,-3,4,61885,"[-1, -1, 2, 2, 2, 2, 2, 2, 2, 1, -2, 1, -2, -1]"
1483,dfs_bnb_mpi,0.014592,-4,4,3515,"[-1, -1, 2, 2, 1, -2, 1, 2, 2, 2, -1, -2, -1, 2]"
1484,dfs_bnb_mpi,0.013727,-6,7,3192,"[-1, -1, 2, 1, 1, 2, 1, -2, -2, -2, -1, -1, -1, -1]"
1485,dfs_bnb_mpi,0.001858,-5,6,571,"[-1, -2, 1, 1, 2, 1, 2, -1, -1, 2, -1, -2, -1, 2]"
1486,dfs_bnb_mpi,0.002352,-3,4,562,"[-1, -1, 2, 2, 2, 2, 2, 1, -2, -2, -2, 1, -2, -1]"
1487,dfs_bnb_mpi,0.053913,-4,5,12727,"[-1, -1, 2, 2, 2, 2, 1, -2, 1, -2, -1, -2, 1, 1]"
1488,dfs_bnb_mpi,0.02099,-4,5,5808,"[-1, -1, 2, 2, 2, 1, -2, -2, 1, 1, -2, -2, -1, -1]"
1489,dfs_bnb_mpi,0.066974,-6,6,18553,"[-1, -2, -1, -2, -2, -1, 2, -1, 2, 1, 2, 1, 2, 1]"
1490,dfs_bnb_mpi,0.107342,-4,5,33271,"[-1, -1, 2, 2, 1, 2, -1, 2, 2, -1, -2, -2, -2, -2]"
1491,dfs_bnb_mpi,0.180088,-5,6,45884,"[-1, -1, -1, 2, 1, 1, 2, 2, 1, 1, -2, -2, -1, 2]"
1492,dfs_bnb_mpi,0.124715,-5,6,37932,"[-1, -1, 2, -1, -2, -2, 1, 1, 1, 1, 2, 2, -1, -1]"
1493,dfs_bnb_mpi,0.00529,-4,4,1637,"[-1, -1, 2, -1, 2, 1, 2, 1, -2, -2, 1, 2, 2, 2]"
1494,dfs_bnb_mpi,0.000685,-4,5,197,"[-1, -1, 2, 2, 2, 1, 2, -1, -1, -2, -1, -2, 1, -2]"
1495,dfs_bnb_mpi,0.081591,-6,7,21882,"[-1, -1, 2, 2, 1, -2, 1, 2, 2, 2, -1, -1, -2, 1]"
1496,dfs_bnb_mpi,0.173158,-5,6,43727,"[-1, -1, 2, 2, -1, 2, -1, -1, -2, 1, -2, -2, 1, 2]"
1497,dfs_bnb_mpi,0.005375,-2,3,1310,"[-1, -1, 2, 2, 2, 1, 1, -2, 1, 1, -2, -1, -1, -1]"
1498,dfs_bnb_mpi,4.1e-05,0,1,15,"[-1, -1, 2, 2, 2, 2, 2, 2, 2, 2, 2, 2, 2, 2]"
1499,dfs_bnb_mpi,0.009522,-5,6,2277,"[-1, -2, 1, 1, 2, 2, 2, -1, -2, -1, 2, 2, 2, 2]"
1500,dfs_bnb_mpi,0.145186,-4,4,36027,"[-1, -1, 2, 2, 1, 2, 2, 2, 1, -2, -2, -2, -2, -1]"
1501,dfs_bnb_mpi,0.052246,-3,4,13955,"[-1, -1, 2, 2, 2, 2, 1, -2, -2, 1, 2, 2, 2, 2]"
1502,dfs_bnb_mpi,0.003765,-2,3,1103,"[-1, -1, 2, 2, 1, -2, 1, 1, -2, -2, -1, -1, -1, -1]"
1503,dfs_bnb_mpi,0.136841,-6,7,37315,"[-1, -1, 2, -1, 2, 1, 1, 2, 1, -2, 1, -2, -1, -1]"
1504,dfs_bnb_mpi,0.061826,-4,5,18452,"[-1, -1, 2, 2, 1, 2, 2, 1, -2, -2, 1, -2, -1, -1]"
1505,dfs_bnb_mpi,0.009475,-4,5,2964,"[-1, -2, 1, 1, 1, 2, -1, 2, 2, 2, -1, -2, -2, -1]"
1506,dfs_bnb_mpi,0.056994,-6,7,16705,"[-1, -1, 2, 1, 1, 1, -2, -2, 1, -2, -1, -1, 2, -1]"
1507,dfs_bnb_mpi,0.038232,-4,5,11227,"[-1, -1, 2, 1, 2, 1, 2, 2, -1, -2, -1, -2, -1, -2]"
1508,dfs_bnb_mpi,0.035279,-4,4,8320,"[-1, -1, 2, 2, 2, 2, 2, 1, -2, -2, 1, -2, -1, -2]"
1509,dfs_bnb_mpi,0.123076,-7,7,31885,"[-1, -2, -1, -1, 2, -1, 2, 1, 2, 1, 1, -2, -1, -2]"
1510,dfs_bnb_mpi,0.19239,-4,5,45951,"[-1, -1, 2, 2, 2, 2, 1, 1, -2, -1, -2, 1, -2, -1]"
1511,dfs_bnb_mpi,0.000167,-2,3,49,"[-1, -1, 2, 2, 2, 2, 1, -2, 1, 1, -2, -1, -1, -2]"
1512,dfs_bnb_mpi,0.026325,-5,6,7639,"[-1, -1, 2, 2, -1, 2, -1, -2, -2, -1, -2, 1, 1, 2]"
1513,dfs_bnb_mpi,0.009652,-4,4,2981,"[-1, -1, 2, 2, 2, 1, 2, 1, -2, -2, -1, -2, 1, 1]"
1514,dfs_bnb_mpi,0.012869,-5,6,3861,"[-1, -1, 2, -1, -1, 2, 1, 1, 2, 1, -2, 1, -2, -1]"
1515,dfs_bnb_mpi,0.09274,-5,6,21864,"[-1, -1, 2, 2, 2, 2, 1, -2, 1, -2, -1, -2, 1, 1]"
1516,dfs_bnb_mpi,0.39868,-3,4,95068,"[-1, -1, 2, 2, 2, 2, 2, 2, 2, 2, 1, -2, -2, -2]"
1517,dfs_bnb_mpi,0.003367,-5,6,958,"[-1, -1, 2, -1, -2, -1, -2, 1, 1, -2, 1, 2, 1, 1]"
1518,dfs_bnb_mpi,0.005303,-6,6,1454,"[-1, -1, 2, 1, 1, 2, 1, -2, -2, -2, -1, -1, -1, -1]"
1519,dfs_bnb_mpi,0.016114,-4,5,4585,"[-1, -1, 2, 2, 1, -2, 1, 1, 2, -1, 2, 2, -1, -2]"
1520,dfs_bnb_mpi,0.085142,-8,9,21287,"[-1, -1, 2, 2, 1, 1, 1, 1, -2, -2, -1, 2, -1, -1]"
1521,dfs_bnb_mpi,0.00106,-4,5,314,"[-1, -2, -1, 2, -1, 2, 1, 2, 1, -2, 1, 2, 2, 2]"
1522,dfs_bnb_mpi,0.01031,-5,6,2415,"[-1, -1, -1, 2, 1, 2, 1, -2, 1, 2, 2, -1, 2, 2]"
1523,dfs_bnb_mpi,0.017236,-3,4,5304,"[-1, -1, 2, 2, 1, -2, 1, 2, 2, -1, 2, -1, -2, -1]"
1524,dfs_bnb_mpi,0.014424,-7,7,3703,"[-1, -1, 2, 1, 2, -1, -1, -2, -2, -2, 1, 1, 1, 1]"
1525,dfs_bnb_mpi,0.032367,-6,6,8148,"[-1, -1, 2, -1, -2, -1, -2, 1, -2, 1, 2, 1, 1, 1]"
1526,dfs_bnb_mpi,0.032669,-4,5,7657,"[-1, -1, 2, 2, 2, 2, 1, 1, -2, -1, -2, 1, 1, 2]"
1527,dfs_bnb_mpi,0.114274,-4,5,29434,"[-1, -1, 2, 2, 2, 2, 1, 2, 1, -2, -2, -2, -1, 2]"
1528,dfs_bnb_mpi,0.023976,-7,8,6731,"[-1, -1, 2, 2, 1, -2, 1, 1, 1, -2, -1, -2, -1, -1]"
1529,dfs_bnb_mpi,0.003706,-5,6,923,"[-1, -1, 2, 2, 2, 1, -2, -2, 1, 2, 1, 2, -1, 2]"
1530,dfs_bnb_mpi,0.045829,-5,6,13368,"[-1, -2, 1, 1, 2, 2, -1, 2, -1, -2, -1, -1, -2, 1]"
1531,dfs_bnb_mpi,0.025158,-6,7,6512,"[-1, -2, -1, -2, -1, -2, 1, -2, 1, 2, 2, 1, 2, 1]"
1532,dfs_bnb_mpi,0.054551,-6,7,15531,"[-1, -2, -2, 1, 2, 1, 2, 1, 2, -1, -1, -1, -1, -2]"
1533,dfs_bnb_mpi,0.015569,-3,4,4778,"[-1, -1, 2, 1, 2, -1, -1, 2, -1, -2, -2, 1, -2, -1]"
1534,dfs_bnb_mpi,0.059891,-6,7,17281,"[-1, -1, 2, 2, 2, 1, -2, 1, 2, 1, -2, -2, -1, -1]"
1535,dfs_bnb_mpi,0.000153,-2,3,47,"[-1, -1, 2, 2, 2, 2, 2, 1, -2, 1, 1, -2, -1, -1]"
1536,dfs_bnb_mpi,0.240971,-5,6,53642,"[-1, -1, 2, 2, -1, -2, -2, -1, -1, -2, 1, 1, 1, 1]"
1537,dfs_bnb_mpi,0.073174,-6,7,19019,"[-1, -2, 1, 1, 1, -2, -1, -1, -1, -2, 1, 1, -2, -1]"
1538,dfs_bnb_mpi,0.000309,-2,3,88,"[-1, -1, 2, 2, 2, 2, 1, -2, 1, -2, -1, -2, 1, 1]"
1539,dfs_bnb_mpi,0.028865,-6,7,8273,"[-1, -2, -2, 1, 2, 1, 2, 2, -1, 2, 2, -1, -2, -2]"
1540,dfs_bnb_mpi,0.00081,-4,5,244,"[-1, -1, 2, 1, 2, -1, 2, 1, 1, -2, -2, 1, 2, 2]"
1541,dfs_bnb_mpi,0.081359,-5,6,21394,"[-1, -1, 2, -1, 2, -1, -2, -1, -2, -2, 1, 2, 1, -2]"
1542,dfs_bnb_mpi,0.000764,-2,3,210,"[-1, -1, 2, 2, 2, 2, 2, 2, 1, -2, -2, 1, -2, -1]"
1543,dfs_bnb_mpi,0.053823,-6,7,13490,"[-1, -2, 1, 1, 1, -2, 1, -2, -2, -1, 2, -1, 2, -1]"
1544,dfs_bnb_mpi,0.036459,-6,7,8593,"[-1, -1, 2, 2, 1, 2, 2, 1, -2, 1, -2, -1, -2, -1]"
1545,dfs_bnb_mpi,0.036072,-5,5,10141,"[-1, -1, 2, 1, 1, 2, 2, -1, -2, -1, 2, -1, -2, -2]"
1546,dfs_bnb_mpi,0.006135,-6,7,1688,"[-1, -1, 2, 1, 2, 2, -1, -2, -1, -1, -2, 1, -2, -1]"
1547,dfs_bnb_mpi,0.072063,-5,6,18759,"[-1, -1, 2, -1, 2, 2, 1, -2, 1, 2, 1, -2, -2, -1]"
1548,dfs_bnb_mpi,0.062469,-5,6,16658,"[-1, -1, 2, 1, 1, 2, 1, -2, -2, -2, -1, -1, -2, 1]"
1549,dfs_bnb_mpi,0.002997,-6,7,805,"[-1, -2, 1, 1, 2, 2, -1, -1, 2, 1, 2, 1, -2, 1]"
1550,dfs_bnb_mpi,0.014668,-3,4,4597,"[-1, -1, 2, 2, -1, 2, -1, -2, -2, 1, -2, -1, -1, 2]"
1551,dfs_bnb_mpi,0.131192,-6,7,36229,"[-1, -1, 2, 2, 1, 2, 2, 1, -2, -2, 1, -2, -1, -1]"
1552,dfs_bnb_mpi,0.02221,-5,6,6338,"[-1, -1, 2, 1, 1, 1, -2, -2, -1, -1, -1, -2, 1, 1]"
1553,dfs_bnb_mpi,0.011104,-6,7,2883,"[-1, -1, 2, 2, 2, 1, -2, -2, 1, 2, 2, 2, -1, 2]"
1554,dfs_bnb_mpi,0.001022,-4,4,292,"[-1, -1, 2, 1, 2, 2, -1, -2, -1, -2, -1, 2, 2, 2]"
1555,dfs_bnb_mpi,0.001927,-2,3,638,"[-1, -1, 2, 2, 2, 1, -2, -2, 1, 2, 2, 2, 2, 2]"
1556,dfs_bnb_mpi,3.9e-05,0,1,15,"[-1, -1, 2, 2, 2, 2, 2, 2, 2, 2, 2, 2, 2, 2]"
1557,dfs_bnb_mpi,0.107595,-6,7,29169,"[-1, -2, -1, 2, -1, 2, 1, 2, 2, 1, 1, -2, -1, -2]"
1558,dfs_bnb_mpi,0.111443,-5,6,27792,"[-1, -1, 2, 2, 1, -2, 1, 2, 1, 1, -2, -2, -1, 2]"
1559,dfs_bnb_mpi,0.149853,-4,5,36341,"[-1, -1, 2, 2, 2, 1, 1, 1, -2, -2, -1, 2, -1, -2]"
1560,dfs_bnb_mpi,0.034616,-7,7,9740,"[-1, -1, 2, 2, 2, 1, -2, 1, 2, 1, -2, -2, -1, -1]"
1561,dfs_bnb_mpi,0.002211,-4,5,508,"[-1, -1, 2, 2, 1, 1, 2, 1, 1, -2, -1, -2, -1, -1]"
1562,dfs_bnb_mpi,0.003416,-5,6,957,"[-1, -2, 1, 1, 2, 2, -1, 2, 2, 2, 1, -2, -2, 1]"
1563,dfs_bnb_mpi,0.060889,-3,4,18628,"[-1, -2, 1, 1, 2, 2, -1, -1, 2, 2, -1, -2, -2, -2]"
1564,dfs_bnb_mpi,0.091701,-8,8,22709,"[-1, -1, 2, 1, 2, -1, 2, 1, 1, 1, -2, -1, -2, 1]"
1565,dfs_bnb_mpi,0.001358,-2,3,421,"[-1, -1, 2, 2, 1, 2, 2, 2, -1, -2, -2, -1, -2, -1]"
1566,dfs_bnb_mpi,0.090073,-5,6,22730,"[-1, -1, -1, 2, 2, -1, 2, 1, 1, 1, -2, -1, -2, 1]"
1567,dfs_bnb_mpi,0.007452,-4,5,2173,"[-1, -1, 2, 1, 2, 1, -2, 1, -2, -2, -1, -1, -1, -1]"
1568,dfs_bnb_mpi,0.001921,-4,4,475,"[-1, -1, 2, 2, 2, 1, -2, -2, 1, 2, 2, 2, 2, 2]"
1569,dfs_bnb_mpi,0.019823,-2,3,5015,"[-1, -1, 2, 2, 2, 2, 1, -2, -2, -2, 1, 2, 2, 2]"
1570,dfs_bnb_mpi,0.002856,-3,4,833,"[-1, -1, 2, 1, 2, 2, 1, -2, -2, 1, 2, 2, 2, 2]"
1571,dfs_bnb_mpi,0.009673,-5,6,2845,"[-1, -1, 2, 1, 2, 2, 1, -2, -2, 1, -2, -2, -1, -1]"
1572,dfs_bnb_mpi,0.004654,-6,7,1082,"[-1, -1, 2, 2, 2, 1, -2, -2, 1, 2, 1, 2, -1, 2]"
1573,dfs_bnb_mpi,0.053345,-4,5,13063,"[-1, -1, 2, 2, 1, -2, 1, 2, 1, -2, -2, 1, -2, -1]"
1574,dfs_bnb_mpi,0.061023,-6,7,14140,"[-1, -2, -1, 2, -1, -1, 2, 2, 1, -2, 1, 2, 1, -2]"
1575,dfs_bnb_mpi,0.123146,-7,8,29707,"[-1, -1, 2, -1, -2, -1, -2, 1, 1, -2, 1, 2, 1, -2]"
1576,dfs_bnb_mpi,0.023488,-4,5,6258,"[-1, -1, 2, 2, 1, 1, -2, 1, 2, 1, -2, -2, -1, -2]"
1577,dfs_bnb_mpi,0.141815,-5,6,41545,"[-1, -1, 2, 1, 2, 2, 1, 2, 1, -2, -2, -2, -1, 2]"
1578,dfs_bnb_mpi,0.000357,-3,4,108,"[-1, -2, 1, 1, 2, 2, 1, -2, 1, 2, 2, 2, 2, 2]"
1579,dfs_bnb_mpi,0.04251,-3,3,12057,"[-1, -1, 2, 2, 2, 2, 2, 1, -2, 1, 1, -2, -1, -1]"
1580,dfs_bnb_mpi,0.008976,-6,6,2638,"[-1, -1, 2, 2, 2, 1, -2, -2, 1, 1, 2, 2, -1, -2]"
1581,dfs_bnb_mpi,0.055338,-4,5,12738,"[-1, -1, 2, 2, -1, -1, -1, -2, 1, 1, -2, -1, -2, 1]"
1582,dfs_bnb_mpi,0.034947,-5,6,9550,"[-1, -1, 2, -1, -2, -1, 2, -1, -2, -2, 1, -2, 1, 2]"
1583,dfs_bnb_mpi,0.011038,-7,8,2618,"[-1, -1, 2, -1, -2, -2, -2, 1, 2, 1, 1, -2, -1, -2]"
1584,dfs_bnb_mpi,0.136742,-7,8,30695,"[-1, -1, 2, 2, 2, 1, 1, 1, -2, -1, -1, -2, 1, 1]"
1585,dfs_bnb_mpi,0.025419,-6,7,6027,"[-1, -1, 2, 2, -1, -2, -1, -2, 1, -2, 1, -2, 1, 2]"
1586,dfs_bnb_mpi,0.112449,-7,8,27327,"[-1, -1, -1, -1, 2, 2, 1, 1, 2, 1, -2, -2, -1, -1]"
1587,dfs_bnb_mpi,0.069751,-4,5,21091,"[-1, -1, 2, 2, -1, -2, -2, -1, 2, -1, 2, 2, 1, -2]"
1588,dfs_bnb_mpi,0.024477,-6,6,6102,"[-1, -1, 2, 2, 2, 2, 1, -2, -2, -2, 1, 1, 2, -1]"
1589,dfs_bnb_mpi,0.115422,-4,5,34320,"[-1, -1, 2, 2, 2, 1, 1, 1, -2, 1, -2, -1, -1, 2]"
1590,dfs_bnb_mpi,0.02935,-7,7,6874,"[-1, -1, 2, 2, 1, -2, 1, 1, -2, -2, -1, -1, -1, -1]"
1591,dfs_bnb_mpi,7.4e-05,-1,2,28,"[-1, -2, 1, 1, 2, 2, 2, 2, 2, 2, 2, 2, 2, 2]"
1592,dfs_bnb_mpi,0.076131,-6,7,21494,"[-1, -2, -1, 2, 2, 1, 2, 1, 2, -1, -1, -2, -1, -2]"
1593,dfs_bnb_mpi,0.053658,-5,6,14338,"[-1, -1, 2, 2, -1, -1, 2, -1, -2, -2, 1, 1, -2, -1]"
1594,dfs_bnb_mpi,0.031704,-6,7,7952,"[-1, -1, 2, 2, 1, -2, 1, 2, 2, 1, -2, -2, -2, 1]"
1595,dfs_bnb_mpi,0.002314,-2,3,739,"[-1, -1, 2, 2, -1, -2, -1, -1, -2, 1, 1, -2, 1, 1]"
1596,dfs_bnb_mpi,4.7e-05,0,1,15,"[-1, -1, 2, 2, 2, 2, 2, 2, 2, 2, 2, 2, 2, 2]"
1597,dfs_bnb_mpi,0.000772,-2,2,247,"[-1, -1, 2, 2, 2, 1, -2, -2, 1, 2, 2, 2, 2, 2]"
1598,dfs_bnb_mpi,0.008958,-6,7,2433,"[-1, -1, 2, 2, 1, -2, 1, 2, 2, 2, -1, -1, -2, 1]"
1599,dfs_bnb_mpi,0.063751,-6,7,15415,"[-1, -1, 2, 1, 2, 1, -2, 1, -2, -2, -1, -1, -2, 1]"
1600,dfs_bnb_mpi,0.023463,-5,6,7025,"[-1, -1, -1, 2, 1, 1, 2, -1, 2, 1, 1, -2, -2, 1]"
1601,dfs_bnb_mpi,0.003652,-2,3,895,"[-1, -1, 2, 2, 2, 2, 1, 2, 2, 1, -2, -2, -2, -1]"
1602,dfs_bnb_mpi,0.012168,-4,5,2828,"[-1, -1, 2, 2, 2, 1, -2, -2, 1, 2, 1, -2, 1, 2]"
1603,dfs_bnb_mpi,0.108711,-3,4,33852,"[-1, -2, 1, 1, 2, 2, 2, 2, 2, 1, -2, -2, -2, -2]"
1604,dfs_bnb_mpi,0.033552,-5,6,8786,"[-1, -1, 2, 2, -1, 2, -1, -2, -1, -2, 1, -2, 1, 2]"
1605,dfs_bnb_mpi,0.036423,-5,6,9731,"[-1, -1, 2, 2, -1, 2, 1, 2, 1, -2, -2, 1, -2, -1]"
1606,dfs_bnb_mpi,0.05253,-5,6,14900,"[-1, -1, 2, 2, 1, 2, 2, 1, -2, 1, -2, -1, -2, -1]"
1607,dfs_bnb_mpi,0.064736,-7,8,15427,"[-1, -1, 2, 2, 2, 1, 1, -2, -1, -2, 1, 1, 2, 2]"
1608,dfs_bnb_mpi,0.016193,-4,4,4922,"[-1, -2, 1, 1, -2, -1, -1, -1, 2, 2, 2, 2, 1, -2]"
1609,dfs_bnb_mpi,0.026064,-4,5,6299,"[-1, -1, 2, 2, 2, 2, -1, -2, -2, -2, -1, -2, 1, -2]"
1610,dfs_bnb_mpi,0.002628,-4,5,779,"[-1, -2, 1, 1, 2, 2, 2, 2, -1, -2, -2, -1, 2, 2]"
1611,dfs_bnb_mpi,0.08896,-4,4,25203,"[-1, -1, 2, 2, 1, 2, 2, 1, -2, -2, 1, -2, -1, -1]"
1612,dfs_bnb_mpi,0.014518,-4,4,4169,"[-1, -2, -1, -2, -1, -1, 2, 1, 2, 1, 2, 1, 2, 2]"
1613,dfs_bnb_mpi,0.087347,-6,7,25484,"[-1, -2, 1, 1, -2, -1, -1, -1, -2, -2, 1, 1, 2, -1]"
1614,dfs_bnb_mpi,0.027545,-5,6,8467,"[-1, -2, 1, 1, 2, 1, 2, -1, -1, 2, 2, -1, -2, -2]"
1615,dfs_bnb_mpi,0.001723,-4,5,413,"[-1, -1, 2, 1, 2, 2, 1, -2, -2, 1, 2, 2, 2, 2]"
1616,dfs_bnb_mpi,0.024479,-5,6,6409,"[-1, -1, 2, 2, 1, 2, 2, 1, -2, -2, 1, -2, -1, -1]"
1617,dfs_bnb_mpi,0.084057,-6,7,21835,"[-1, -2, 1, 1, 2, 1, 1, -2, -1, -2, -1, -1, -2, 1]"
1618,dfs_bnb_mpi,0.041578,-7,8,10898,"[-1, -2, 1, -2, 1, 2, 2, 1, -2, 1, -2, -1, -2, -1]"
1619,dfs_bnb_mpi,0.012672,-6,6,3209,"[-1, -2, -1, -2, -1, -2, 1, 1, 2, 1, 2, 1, 2, 2]"
1620,dfs_bnb_mpi,0.158917,-5,6,46227,"[-1, -1, 2, 1, 2, 2, 1, 1, -2, 1, -2, -1, -1, 2]"
1621,dfs_bnb_mpi,0.012145,-3,4,3470,"[-1, -1, 2, 2, -1, -2, -1, -2, 1, -2, -2, 1, 2, 1]"
1622,dfs_bnb_mpi,0.054705,-6,6,16327,"[-1, -1, 2, 2, -1, 2, 1, 2, 1, -2, -2, 1, -2, -1]"
1623,dfs_bnb_mpi,0.131222,-6,7,32697,"[-1, -1, 2, -1, -2, -1, -1, -2, 1, 1, 1, -2, -1, -1]"
1624,dfs_bnb_mpi,0.145347,-4,5,36228,"[-1, -1, 2, 2, 2, 1, 1, 1, -2, -2, -1, 2, -1, -2]"
1625,dfs_bnb_mpi,0.156396,-6,7,36963,"[-1, -1, 2, 2, 2, 2, 1, 1, -2, -1, -2, 1, -2, -1]"
1626,dfs_bnb_mpi,0.007536,-5,6,1763,"[-1, -2, 1, 1, 1, 2, -1, 2, -1, 2, 2, 1, -2, 1]"
1627,dfs_bnb_mpi,0.003021,-6,7,865,"[-1, -2, -1, -2, -1, 2, 2, 1, 2, 1, 2, 1, -2, 1]"
1628,dfs_bnb_mpi,0.124701,-5,6,34624,"[-1, -1, 2, 2, 1, -2, 1, 1, -2, -2, -2, -1, 2, -1]"
1629,dfs_bnb_mpi,0.019527,-5,6,5318,"[-1, -1, 2, -1, -2, -1, -2, 1, -2, 1, 2, 1, -2, 1]"
1630,dfs_bnb_mpi,0.244497,-5,6,56422,"[-1, -1, 2, 2, 2, 1, 2, 1, 1, -2, -1, -2, -1, -2]"
1631,dfs_bnb_mpi,0.063265,-6,7,16561,"[-1, -1, 2, -1, 2, -1, -2, -2, 1, -2, 1, 1, -2, -1]"
1632,dfs_bnb_mpi,0.080917,-6,7,18656,"[-1, -1, 2, -1, 2, 1, 2, 1, -2, -2, 1, 2, 1, -2]"
1633,dfs_bnb_mpi,0.338589,-4,5,89779,"[-1, -1, 2, 2, 2, 2, 1, -2, -2, 1, 1, -2, -1, -1]"
1634,dfs_bnb_mpi,0.04666,-7,8,11162,"[-1, -1, 2, 2, -1, 2, 2, 1, -2, 1, -2, 1, -2, -1]"
1635,dfs_bnb_mpi,0.004473,-5,6,1175,"[-1, -1, 2, -1, -2, -2, 1, 1, -2, 1, 2, 1, 2, 2]"
1636,dfs_bnb_mpi,0.108317,-5,6,29967,"[-1, -1, 2, 2, -1, 2, -1, -2, -1, -2, -2, 1, 2, 1]"
1637,dfs_bnb_mpi,0.00472,-4,5,1440,"[-1, -2, 1, 1, 1, -2, -1, -1, -2, -2, -1, 2, 2, -1]"
1638,dfs_bnb_mpi,0.034912,-4,4,9035,"[-1, -1, 2, 2, 2, 2, 2, 1, -2, 1, -2, -1, -2, 1]"
1639,dfs_bnb_mpi,0.085901,-4,5,26560,"[-1, -2, 1, 1, -2, 1, 2, 1, -2, -2, -1, -1, -1, 2]"
1640,dfs_bnb_mpi,0.002317,-3,4,601,"[-1, -1, 2, 2, 2, 1, -2, 1, 1, 2, -1, 2, 2, 2]"
1641,dfs_bnb_mpi,0.003965,-5,5,964,"[-1, -1, 2, 2, 2, 1, -2, -2, 1, 2, 2, 2, 2, 2]"
1642,dfs_bnb_mpi,0.011453,-4,5,3585,"[-1, -2, 1, 1, -2, 1, 1, -2, -1, -1, -1, 2, -1, -1]"
1643,dfs_bnb_mpi,0.104405,-4,5,25988,"[-1, -1, 2, 2, 2, 1, 2, 1, -2, 1, -2, -2, -1, 2]"
1644,dfs_bnb_mpi,0.046581,-5,6,12870,"[-1, -2, 1, -2, 1, 1, 2, -1, 2, 2, 2, 1, -2, -2]"
1645,dfs_bnb_mpi,0.02817,-7,7,6651,"[-1, -2, 1, 1, 2, 2, 1, 2, -1, -1, -2, -1, 2, 2]"
1646,dfs_bnb_mpi,0.075745,-6,6,20421,"[-1, -2, 1, -2, 1, 2, 2, 2, 2, 1, -2, 1, -2, -1]"
1647,dfs_bnb_mpi,0.01382,-6,6,3916,"[-1, -1, 2, 2, 1, -2, 1, 2, 2, 1, -2, 1, -2, -1]"
1648,dfs_bnb_mpi,0.000231,-4,5,59,"[-1, -1, 2, 2, 2, 1, -2, -2, 1, 1, 2, -1, 2, 2]"
1649,dfs_bnb_mpi,0.106883,-4,5,31480,"[-1, -2, -1, 2, 2, 2, 2, 1, -2, 1, 1, -2, -1, -1]"
1650,dfs_bnb_mpi,0.082267,-6,7,21123,"[-1, -1, -1, 2, 1, 2, 2, 2, 1, -2, -2, 1, -2, -1]"
1651,dfs_bnb_mpi,0.049296,-6,7,11263,"[-1, -2, 1, 1, 2, 2, 1, 2, -1, 2, -1, -2, -2, -1]"
1652,dfs_bnb_mpi,0.037664,-5,6,10091,"[-1, -1, 2, 2, 1, -2, 1, 2, 1, 2, -1, 2, -1, -2]"
1653,dfs_bnb_mpi,0.034453,-4,5,10408,"[-1, -2, -1, -2, 1, 1, 2, 1, 2, 2, -1, 2, -1, -2]"
1654,dfs_bnb_mpi,0.002008,-5,6,557,"[-1, -1, 2, 2, 1, -2, 1, 1, 2, 1, -2, -2, -1, -2]"
1655,dfs_bnb_mpi,0.208856,-5,5,55424,"[-1, -1, 2, 2, 2, 2, 1, 2, 1, -2, -2, -1, -2, -2]"
1656,dfs_bnb_mpi,0.019256,-4,5,4718,"[-1, -1, 2, 2, 2, 1, 1, 1, -2, -1, -1, -2, 1, 1]"
1657,dfs_bnb_mpi,0.008438,-4,5,2007,"[-1, -1, 2, -1, -1, -2, 1, -2, 1, 1, -2, -1, -1, -1]"
1658,dfs_bnb_mpi,0.170095,-6,7,38598,"[-1, -1, 2, 2, -1, -2, -1, -1, -2, 1, 1, -2, 1, 1]"
1659,dfs_bnb_mpi,0.000787,-4,5,241,"[-1, -1, 2, -1, -2, -1, -2, 1, 1, -2, 1, 2, 1, 1]"
1660,dfs_bnb_mpi,0.020517,-3,4,5653,"[-1, -1, 2, 2, 2, 2, 1, 2, 1, -2, -2, -1, -2, 1]"
1661,dfs_bnb_mpi,0.044718,-7,8,10268,"[-1, -1, 2, 1, 1, 2, 1, -2, -2, -2, -1, -1, -2, 1]"
1662,dfs_bnb_mpi,0.159687,-3,4,37579,"[-1, -1, 2, -1, -2, -2, 1, -2, -2, 1, 2, 1, 2, -1]"
1663,dfs_bnb_mpi,0.138776,-6,7,39555,"[-1, -1, 2, 1, 1, 2, 1, 1, -2, 1, -2, -1, -1, 2]"
1664,dfs_bnb_mpi,0.13708,-5,6,34058,"[-1, -2, 1, 1, 2, 2, 1, -2, -2, -2, -1, -1, -2, 1]"
1665,dfs_bnb_mpi,0.004961,-5,6,1487,"[-1, -2, 1, 1, 2, 1, 2, -1, 2, 2, -1, -2, -2, -1]"
1666,dfs_bnb_mpi,0.321557,-5,6,71722,"[-1, -1, 2, 2, 2, 1, 1, 1, -2, -1, -1, -2, 1, 1]"
1667,dfs_bnb_mpi,0.014621,-5,6,4190,"[-1, -2, -1, 2, 2, 1, 2, 2, 1, -2, -2, 1, 2, 2]"
1668,dfs_bnb_mpi,0.008054,-6,7,2037,"[-1, -2, 1, 1, -2, 1, 1, 2, -1, 2, -1, 2, -1, 2]"
1669,dfs_bnb_mpi,0.026431,-4,5,7075,"[-1, -1, 2, 1, 2, 2, -1, -2, -1, -2, -2, -1, -2, 1]"
1670,dfs_bnb_mpi,0.076326,-6,7,18344,"[-1, -1, 2, 2, -1, -2, -2, -2, 1, 1, 1, -2, -1, -1]"
1671,dfs_bnb_mpi,0.162529,-6,6,44493,"[-1, -1, 2, 2, 2, 1, 2, 1, -2, 1, -2, -1, -1, -2]"
1672,dfs_bnb_mpi,0.02273,-7,7,6020,"[-1, -2, -1, 2, 2, 1, 2, -1, -1, -2, -2, -1, -2, 1]"
1673,dfs_bnb_mpi,0.034595,-6,6,9042,"[-1, -2, -1, 2, 2, 2, 1, -2, 1, 2, 2, 2, -1, -2]"
1674,dfs_bnb_mpi,0.024579,-4,5,6822,"[-1, -2, -1, 2, 2, 2, 2, 1, -2, 1, 1, -2, -1, -1]"
1675,dfs_bnb_mpi,0.100508,-7,8,28495,"[-1, -2, 1, 1, 1, -2, -1, -2, -1, -2, -1, 2, 2, 1]"
1676,dfs_bnb_mpi,0.133804,-5,6,33483,"[-1, -1, 2, 2, 2, 2, 1, 2, 1, -2, -2, -2, -1, 2]"
1677,dfs_bnb_mpi,0.003402,-4,5,991,"[-1, -1, 2, 2, -1, -2, -1, -1, -2, -2, 1, 2, 1, -2]"
1678,dfs_bnb_mpi,0.181301,-4,5,42286,"[-1, -1, 2, 2, 2, 2, 2, 1, -2, 1, -2, -1, -2, 1]"
1679,dfs_bnb_mpi,0.003339,-3,4,997,"[-1, -1, 2, 2, -1, -1, -2, 1, -2, -2, -1, -1, 2, 1]"
1680,dfs_bnb_mpi,9.3e-05,-1,2,23,"[-1, -1, 2, 2, 2, 2, 2, 2, 2, 2, 1, -2, -2, 1]"
1681,dfs_bnb_mpi,0.011058,-5,5,3295,"[-1, -2, 1, 1, 2, 1, 2, 2, -1, -2, -1, -1, 2, 2]"
1682,dfs_bnb_mpi,0.054962,-5,5,14382,"[-1, -1, 2, -1, -2, -1, 2, 2, 2, -1, -2, -1, -2, 1]"
1683,dfs_bnb_mpi,0.146539,-4,5,42218,"[-1, -1, 2, 2, -1, -2, -2, -1, -1, -2, 1, 1, 1, 1]"
1684,dfs_bnb_mpi,4.8e-05,0,1,15,"[-1, -1, 2, 2, 2, 2, 2, 2, 2, 2, 2, 2, 2, 2]"
1685,dfs_bnb_mpi,0.077457,-4,5,24392,"[-1, -2, -1, 2, 2, -1, 2, 2, 2, 1, -2, -2, 1, -2]"
1686,dfs_bnb_mpi,0.035485,-7,8,8955,"[-1, -2, 1, -2, 1, 1, 2, -1, 2, 2, 1, -2, 1, -2]"
1687,dfs_bnb_mpi,0.050949,-7,8,12060,"[-1, -1, 2, 1, 1, 2, 2, -1, -2, -1, -1, -1, -2, 1]"
1688,dfs_bnb_mpi,0.005033,-6,6,1474,"[-1, -2, 1, 1, 2, 2, 2, 1, -2, -2, 1, -2, -1, -2]"
1689,dfs_bnb_mpi,0.044479,-7,8,10091,"[-1, -1, 2, -1, 2, 2, 1, -2, 1, 2, 1, -2, -2, -1]"
1690,dfs_bnb_mpi,0.01577,-7,8,3838,"[-1, -1, 2, 1, 2, -1, -1, -2, -2, -2, 1, -2, 1, 2]"
1691,dfs_bnb_mpi,0.040523,-3,4,12456,"[-1, -1, 2, 2, 1, 1, 2, 2, 1, -2, -2, -2, -1, -1]"
1692,dfs_bnb_mpi,0.003574,-3,4,1130,"[-1, -1, 2, 2, -1, -2, -1, 2, -1, -2, -2, 1, 1, -2]"
1693,dfs_bnb_mpi,0.013491,-7,8,3557,"[-1, -1, 2, -1, 2, 1, 2, 1, -2, -2, 1, 1, 2, -1]"
1694,dfs_bnb_mpi,0.119994,-5,6,33456,"[-1, -1, 2, 2, -1, -2, -2, -2, -1, -2, 1, 1, 2, 1]"
1695,dfs_bnb_mpi,0.036049,-5,5,9723,"[-1, -1, 2, 2, 2, 2, 1, 1, -2, -1, -2, 1, -2, -1]"
1696,dfs_bnb_mpi,0.01692,-5,5,5008,"[-1, -1, 2, 2, 1, -2, 1, 2, 1, -2, -2, -2, -1, -1]"
1697,dfs_bnb_mpi,0.002436,-4,5,703,"[-1, -1, 2, 1, 1, 2, 1, 2, -1, -1, -2, -1, 2, 2]"
1698,dfs_bnb_mpi,0.125018,-4,5,38558,"[-1, -1, 2, -1, -2, -2, 1, 1, 1, 1, 2, 2, -1, -1]"
1699,dfs_bnb_mpi,0.016096,-2,3,5132,"[-1, -1, 2, -1, -2, -2, 1, -2, -2, 1, 2, 2, 1, 1]"
1700,dfs_bnb_mpi,0.146805,-6,7,39328,"[-1, -1, 2, -1, 2, 2, 1, 1, 1, -2, -2, -1, 2, -1]"
1701,dfs_bnb_mpi,0.035087,-7,7,9671,"[-1, -1, 2, 2, 1, -2, 1, 2, 2, 1, -2, 1, -2, -1]"
1702,dfs_bnb_mpi,0.213675,-4,5,48227,"[-1, -1, 2, -1, 2, 2, 2, 1, -2, -2, 1, 1, -2, -1]"
1703,dfs_bnb_mpi,0.08044,-6,7,19446,"[-1, -1, 2, 2, 2, 2, 2, 1, -2, -2, -2, 1, -2, -1]"
1704,dfs_bnb_mpi,0.029644,-6,7,7285,"[-1, -1, 2, -1, -1, -2, 1, -2, -1, -1, 2, -1, 2, 1]"
1705,dfs_bnb_mpi,0.010547,-2,3,3353,"[-1, -2, 1, 1, 2, 2, 2, -1, -1, -2, -1, -1, -2, 1]"
1706,dfs_bnb_mpi,0.051905,-2,3,14207,"[-1, -1, 2, 2, 2, 2, 2, 1, 2, 2, -1, -2, -1, -2]"
1707,dfs_bnb_mpi,0.011646,-5,6,3659,"[-1, -1, 2, 1, 2, 1, -2, 1, -2, 1, 1, -2, -1, -1]"
1708,dfs_bnb_mpi,0.00362,-3,4,1108,"[-1, -1, 2, -1, 2, 1, 2, 1, -2, -2, 1, 2, 2, 2]"
1709,dfs_bnb_mpi,0.001461,-5,6,415,"[-1, -2, 1, 1, -2, 1, 1, 2, -1, 2, -1, 2, 2, 2]"
1710,dfs_bnb_mpi,0.001441,-3,4,451,"[-1, -1, 2, 2, 1, 1, -2, 1, 1, -2, -1, -2, 1, 1]"
1711,dfs_bnb_mpi,0.023056,-7,7,6097,"[-1, -2, 1, 1, 2, 1, 2, -1, 2, -1, -2, -1, 2, 2]"
1712,dfs_bnb_mpi,0.029756,-6,6,7910,"[-1, -1, 2, 2, -1, -2, -2, -2, -1, 2, 2, -1, 2, 1]"
1713,dfs_bnb_mpi,0.21368,-4,5,50098,"[-1, -1, 2, 2, 2, 2, 2, 1, -2, 1, -2, -1, -2, 1]"
1714,dfs_bnb_mpi,0.000925,-4,5,274,"[-1, -2, -1, 2, 2, 1, 1, 2, 2, -1, -2, -1, 2, 2]"
1715,dfs_bnb_mpi,0.000372,-3,3,113,"[-1, -1, 2, 2, 1, -2, 1, 2, 2, 2, 2, 2, 2, 2]"
1716,dfs_bnb_mpi,0.036985,-2,3,11865,"[-1, -1, 2, 2, 2, 2, 2, 2, 1, -2, -2, 1, -2, -1]"
1717,dfs_bnb_mpi,0.000699,-3,3,175,"[-1, -1, 2, 2, 1, -2, 1, 2, 2, 2, 2, 2, 2, 2]"
1718,dfs_bnb_mpi,0.158093,-5,6,42817,"[-1, -1, 2, 2, 2, 1, 2, 1, 1, -2, -1, -2, -1, -2]"
1719,dfs_bnb_mpi,0.020723,-5,6,6052,"[-1, -1, 2, -1, -2, -1, -2, -1, -2, 1, 1, 1, 2, -1]"
1720,dfs_bnb_mpi,0.00056,-2,3,139,"[-1, -1, -1, 2, 1, 2, 1, -2, 1, 2, 2, 2, 2, 2]"
1721,dfs_bnb_mpi,0.018445,-5,6,5125,"[-1, -1, 2, 2, 1, -2, 1, 2, 2, 1, 1, -2, -1, -2]"
1722,dfs_bnb_mpi,0.03819,-2,3,10702,"[-1, -1, 2, 2, 2, 2, 2, 1, 2, 2, -1, -2, -1, -2]"
1723,dfs_bnb_mpi,0.026776,-5,6,6861,"[-1, -2, -1, 2, -1, 2, 1, 2, 2, 1, -2, -2, 1, 2]"
1724,dfs_bnb_mpi,0.000142,-2,3,40,"[-1, -1, 2, 2, 2, 2, 2, 2, 1, 1, -2, -1, -2, 1]"
1725,dfs_bnb_mpi,0.012928,-5,6,3237,"[-1, -1, 2, -1, -1, -2, 1, -2, 1, -2, -1, -1, 2, -1]"
1726,dfs_bnb_mpi,0.009493,-4,5,2359,"[-1, -1, 2, 1, 1, 1, 1, -2, -1, -2, -1, -1, -1, -1]"
1727,dfs_bnb_mpi,9.7e-05,-2,3,38,"[-1, -1, 2, 1, 1, 2, 2, 2, 2, 2, 2, 2, 2, 2]"
1728,dfs_bnb_mpi,0.112067,-7,8,25660,"[-1, -1, -1, 2, 1, 2, 2, 1, -2, 1, 1, -2, -1, -1]"
1729,dfs_bnb_mpi,0.029634,-6,7,7895,"[-1, -1, 2, -1, 2, 1, 2, 1, 1, -2, -1, -2, 1, 1]"
1730,dfs_bnb_mpi,0.068529,-4,5,16981,"[-1, -1, 2, 1, 2, 2, 2, -1, -1, -2, 1, -2, -1, -2]"
1731,dfs_bnb_mpi,0.000514,-3,4,154,"[-1, -1, 2, 1, 2, 2, 1, -2, -2, 1, 2, 2, 2, 2]"
1732,dfs_bnb_mpi,0.172729,-6,7,38882,"[-1, -1, 2, 2, 2, 1, 2, 1, -2, -2, -1, -2, 1, 1]"
1733,dfs_bnb_mpi,0.012251,-4,5,3313,"[-1, -1, 2, 2, -1, -2, -2, -1, -2, -2, 1, 2, 1, 1]"
1734,dfs_bnb_mpi,0.015367,-4,5,4385,"[-1, -2, 1, -2, 1, 1, 2, -1, 2, 2, 2, 1, -2, -2]"
1735,dfs_bnb_mpi,0.000154,-2,3,42,"[-1, -1, 2, 2, 2, 2, 2, 1, 1, -2, -1, -2, 1, 1]"
1736,dfs_bnb_mpi,0.101822,-5,6,23788,"[-1, -1, 2, 2, 2, -1, -1, -2, 1, -2, -1, -1, -2, 1]"
1737,dfs_bnb_mpi,0.046259,-2,3,12956,"[-1, -1, 2, 2, 2, 1, 2, 2, 2, -1, -2, -2, -1, -2]"
1738,dfs_bnb_mpi,0.004506,-6,7,1100,"[-1, -1, 2, 1, 2, 1, -2, 1, -2, 1, 1, 2, -1, 2]"
1739,dfs_bnb_mpi,0.073052,-4,5,20589,"[-1, -1, 2, 2, -1, -2, -2, -2, 1, -2, 1, 1, 2, -1]"
1740,dfs_bnb_mpi,0.004763,-5,6,1370,"[-1, -1, 2, 2, 1, -2, 1, 1, -2, 1, -2, -1, -1, -1]"
1741,dfs_bnb_mpi,0.000412,-2,3,110,"[-1, -1, 2, 2, 2, 2, 1, -2, -2, -2, 1, 2, 1, -2]"
1742,dfs_bnb_mpi,0.009743,-4,5,2416,"[-1, -1, 2, 2, 2, 2, 1, -2, -2, 1, 1, 2, -1, 2]"
1743,dfs_bnb_mpi,0.014885,-7,6,3973,"[-1, -1, 2, 1, 1, 2, -1, 2, 2, -1, -2, -1, -2, 1]"
1744,dfs_bnb_mpi,0.002953,-5,6,835,"[-1, -1, -1, 2, 2, 1, -2, 1, 1, 1, 2, -1, -1, 2]"
1745,dfs_bnb_mpi,0.010499,-5,5,2907,"[-1, -1, 2, 2, 2, 1, 2, 1, -2, -2, -1, -2, 1, 1]"
1746,dfs_bnb_mpi,0.002809,-4,5,755,"[-1, -1, 2, 2, 2, 1, 1, -2, -1, -2, 1, 1, 2, 2]"
1747,dfs_bnb_mpi,0.059618,-4,5,16093,"[-1, -1, 2, 1, 2, -1, -1, -2, -2, -1, -2, 1, 1, 1]"
1748,dfs_bnb_mpi,0.048296,-4,5,14042,"[-1, -1, 2, 1, 2, 1, 2, 2, -1, -2, -1, -2, -1, -2]"
1749,dfs_bnb_mpi,0.008916,-2,3,2648,"[-1, -1, 2, 2, 2, 2, 2, 1, 2, -1, 2, -1, -2, -2]"
1750,dfs_bnb_mpi,0.006046,-2,3,1871,"[-1, -1, 2, 2, 2, 2, 2, 1, -2, 1, 1, -2, -1, -1]"
1751,dfs_bnb_mpi,0.000683,-2,3,211,"[-1, -1, 2, 1, 1, 1, -2, -2, -1, -1, -1, -1, 2, 2]"
1752,dfs_bnb_mpi,0.061825,-6,7,16219,"[-1, -2, 1, 1, 1, -2, -1, -1, -1, -1, -2, 1, 1, 1]"
1753,dfs_bnb_mpi,0.073613,-5,6,16795,"[-1, -1, 2, 2, 2, -1, -2, -1, -2, 1, -2, -1, -1, 2]"
1754,dfs_bnb_mpi,0.015001,-4,5,4670,"[-1, -2, -1, 2, 2, -1, 2, 2, 1, -2, 1, -2, 1, 2]"
1755,dfs_bnb_mpi,0.050598,-5,6,15724,"[-1, -2, 1, 1, -2, -1, -1, -1, 2, 2, 2, -1, -2, -2]"
1756,dfs_bnb_mpi,0.152792,-7,8,39549,"[-1, -2, 1, 1, 2, 2, -1, 2, 1, 2, 1, -2, -2, -2]"
1757,dfs_bnb_mpi,0.014772,-4,4,4424,"[-1, -1, 2, 2, 2, 1, 2, 1, -2, -2, -1, -2, 1, 1]"
1758,dfs_bnb_mpi,0.057411,-6,7,13539,"[-1, -1, 2, -1, -2, -1, -2, -2, 1, 2, 1, 1, -2, -1]"
1759,dfs_bnb_mpi,0.024704,-7,7,5678,"[-1, -1, 2, 2, 2, 1, 2, 1, -2, -2, -1, -2, 1, 1]"
1760,dfs_bnb_mpi,0.101315,-7,8,25991,"[-1, -1, 2, 1, 2, 2, 1, 1, 1, -2, -1, -1, -2, 1]"
1761,dfs_bnb_mpi,0.005024,-5,6,1453,"[-1, -1, 2, 2, 1, -2, 1, 2, 1, -2, -2, -2, -1, -1]"
1762,dfs_bnb_mpi,0.008242,-6,7,2124,"[-1, -1, 2, 1, 2, -1, -1, -2, -2, -2, 1, 1, 1, 1]"
1763,dfs_bnb_mpi,0.001039,-2,3,337,"[-1, -1, 2, 1, 1, 2, 2, 2, 1, -2, -2, -2, 1, 2]"
1764,dfs_bnb_mpi,0.003176,-4,5,836,"[-1, -1, 2, -1, -1, -2, 1, -2, 1, 1, 1, 1, 2, 2]"
1765,dfs_bnb_mpi,0.000294,-4,5,78,"[-1, -1, 2, 2, 2, 2, 1, 1, -2, -1, -2, -2, 1, 2]"
1766,dfs_bnb_mpi,0.01849,-4,5,4840,"[-1, -2, -1, -1, -2, 1, 1, -2, 1, 2, 2, 1, 2, 2]"
1767,dfs_bnb_mpi,0.033027,-4,5,9463,"[-1, -1, 2, 2, 2, 1, 2, -1, -1, 2, -1, -2, -2, 1]"
1768,dfs_bnb_mpi,0.002207,-3,3,708,"[-1, -1, 2, 1, 2, 2, -1, -2, -1, -2, -1, 2, 2, 2]"
1769,dfs_bnb_mpi,0.012066,-4,5,3149,"[-1, -2, -1, 2, 2, 1, 1, 1, -2, 1, -2, -1, -1, -2]"
1770,dfs_bnb_mpi,0.055015,-6,7,14946,"[-1, -1, 2, -1, 2, -1, -2, -2, 1, -2, 1, 1, -2, -1]"
1771,dfs_bnb_mpi,0.002534,-3,4,736,"[-1, -1, 2, 2, 2, 2, 1, 1, -2, -1, -2, 1, 1, 2]"
1772,dfs_bnb_mpi,0.013465,-4,5,3489,"[-1, -1, 2, -1, 2, 2, -1, -2, -2, -2, 1, -2, 1, 1]"
1773,dfs_bnb_mpi,0.260452,-6,7,58876,"[-1, -2, -2, -1, 2, -1, -1, 2, 2, 1, -2, 1, 2, 1]"
1774,dfs_bnb_mpi,0.033812,-4,5,10536,"[-1, -2, -1, -2, 1, -2, 1, 1, 2, -1, 2, 1, 2, 2]"
1775,dfs_bnb_mpi,0.204059,-4,5,63259,"[-1, -2, -1, -1, 2, 1, 2, 2, 2, 2, 1, -2, -2, -2]"
1776,dfs_bnb_mpi,0.001157,-3,4,355,"[-1, -1, 2, -1, 2, -1, -2, -2, 1, -2, 1, 1, 1, 1]"
1777,dfs_bnb_mpi,4.3e-05,0,1,15,"[-1, -1, 2, 2, 2, 2, 2, 2, 2, 2, 2, 2, 2, 2]"
1778,dfs_bnb_mpi,0.010568,-3,4,2609,"[-1, -1, 2, 2, 2, 1, -2, -2, 1, 2, 1, -2, 1, 2]"
1779,dfs_bnb_mpi,0.179962,-6,7,46594,"[-1, -1, 2, -1, -2, -1, -2, 1, 1, 1, -2, -1, -1, -1]"
1780,dfs_bnb_mpi,0.092303,-5,5,22054,"[-1, -1, 2, -1, 2, 1, 1, 2, 2, 1, -2, -2, -2, -1]"
1781,dfs_bnb_mpi,0.003649,-5,5,995,"[-1, -1, 2, 1, 1, 1, 2, -1, -1, 2, -1, -2, -1, 2]"
1782,dfs_bnb_mpi,0.009091,-5,6,2454,"[-1, -1, 2, 2, -1, -1, -2, 1, -2, -1, -2, 1, 1, 1]"
1783,dfs_bnb_mpi,0.012168,-6,7,3747,"[-1, -2, 1, 1, 2, 1, 2, -1, -1, 2, 2, -1, -2, -2]"
1784,dfs_bnb_mpi,0.069188,-6,7,20360,"[-1, -1, 2, 2, 2, 1, 1, 1, -2, -2, -1, 2, -1, -2]"
1785,dfs_bnb_mpi,0.005209,-4,5,1542,"[-1, -1, 2, 1, 1, 2, 2, -1, -2, -1, -1, -2, -2, -1]"
1786,dfs_bnb_mpi,0.043038,-7,8,11432,"[-1, -1, 2, 2, 1, -2, 1, 2, 1, 1, -2, -2, -1, 2]"
1787,dfs_bnb_mpi,0.015248,-2,3,4754,"[-1, -1, 2, 2, 2, 2, 2, 1, -2, -2, -2, 1, 2, 2]"
1788,dfs_bnb_mpi,0.07961,-7,8,20547,"[-1, -1, 2, 1, 1, 2, 1, -2, -2, 1, -2, -1, -1, -1]"
1789,dfs_bnb_mpi,0.00079,-4,5,234,"[-1, -1, 2, 1, 1, 2, 1, -2, 1, -2, -1, -2, 1, 1]"
1790,dfs_bnb_mpi,0.004757,-5,6,1386,"[-1, -1, 2, 1, 2, 1, -2, 1, -2, -2, -1, -1, -1, -1]"
1791,dfs_bnb_mpi,0.121902,-7,8,27467,"[-1, -1, 2, 2, 2, 1, 1, 1, -2, -1, -1, -2, 1, 1]"
1792,dfs_bnb_mpi,0.004143,-4,5,1131,"[-1, -1, 2, 1, 2, 2, 1, -2, -2, 1, 2, 2, 2, 2]"
1793,dfs_bnb_mpi,0.162358,-7,7,36617,"[-1, -2, -1, -1, 2, -1, 2, 1, 2, 1, 1, -2, -1, -2]"
1794,dfs_bnb_mpi,0.189521,-6,7,42617,"[-1, -1, 2, 1, 2, -1, 2, 1, 1, 1, -2, -1, -2, 1]"
1795,dfs_bnb_mpi,0.000475,-2,3,135,"[-1, -1, 2, 2, 1, -2, 1, 2, 2, 2, 2, 2, 2, 2]"
1796,dfs_bnb_mpi,0.02956,-6,7,7638,"[-1, -1, -1, -1, 2, 1, 1, 1, 2, 2, -1, -2, -1, 2]"
1797,dfs_bnb_mpi,0.004756,-3,4,1347,"[-1, -2, -1, -1, -2, 1, 1, 1, 2, 1, 2, 2, 2, 2]"
1798,dfs_bnb_mpi,0.014316,-6,7,4263,"[-1, -2, -2, 1, 2, 1, 2, 2, 1, -2, -2, -2, -1, -2]"
1799,dfs_bnb_mpi,0.050048,-5,5,12430,"[-1, -1, 2, 2, 2, 2, 1, 1, -2, -2, -1, -2, 1, 1]"
1800,dfs_bnb_mpi,0.018861,-4,5,5682,"[-1, -1, 2, 2, 2, 1, -2, -2, 1, 1, 2, 2, -1, -2]"
1801,dfs_bnb_mpi,0.069272,-8,9,18013,"[-1, -1, 2, 1, 1, 1, -2, -2, -1, -2, -1, 2, -1, -2]"
1802,dfs_bnb_mpi,0.046882,-7,7,11487,"[-1, -1, 2, -1, -2, -1, 2, 2, 2, 1, -2, 1, 1, -2]"
1803,dfs_bnb_mpi,0.156145,-3,4,38411,"[-1, -1, 2, 2, 2, 2, 2, 2, 1, 1, -2, -1, -2, 1]"
1804,dfs_bnb_mpi,0.006762,-6,7,1735,"[-1, -2, 1, 1, 2, 1, 2, -1, -1, 2, -1, -2, -1, 2]"
1805,dfs_bnb_mpi,0.009421,-4,5,2787,"[-1, -1, 2, 1, 2, -1, -1, 2, -1, -2, -1, -2, 1, 1]"
1806,dfs_bnb_mpi,0.03287,-4,5,8803,"[-1, -1, 2, 1, 2, -1, 2, 2, -1, -2, -2, -1, -2, 1]"
1807,dfs_bnb_mpi,0.001252,-2,3,389,"[-1, -1, 2, 2, 2, 1, 2, 2, -1, -2, -1, -2, -1, 2]"
1808,dfs_bnb_mpi,0.006642,-4,5,1909,"[-1, -1, 2, 1, 2, 2, -1, -2, -1, -2, -1, 2, 2, 2]"
1809,dfs_bnb_mpi,0.062654,-5,6,19102,"[-1, -2, 1, 1, 2, 1, -2, 1, -2, -1, -1, -2, -1, 2]"
1810,dfs_bnb_mpi,0.070194,-4,5,16628,"[-1, -1, 2, 2, 2, 1, 1, 1, -2, -1, -1, -2, 1, 1]"
1811,dfs_bnb_mpi,0.10767,-6,7,28876,"[-1, -2, -1, 2, -1, 2, -1, 2, 1, 2, 1, -2, -2, 1]"
1812,dfs_bnb_mpi,0.006428,-2,3,1620,"[-1, -1, 2, 2, 2, 2, 1, -2, -2, -2, 1, 2, 2, 2]"
1813,dfs_bnb_mpi,0.100814,-4,5,22695,"[-1, -1, 2, 2, 2, 1, 2, 2, 1, -2, -2, -2, -1, -2]"
1814,dfs_bnb_mpi,0.001077,-4,5,313,"[-1, -1, 2, 1, 2, 2, -1, -2, -1, -2, -1, -2, 1, -2]"
1815,dfs_bnb_mpi,4.6e-05,0,1,15,"[-1, -1, 2, 2, 2, 2, 2, 2, 2, 2, 2, 2, 2, 2]"
1816,dfs_bnb_mpi,0.009904,-6,7,2716,"[-1, -1, 2, 1, 1, 2, -1, 2, -1, -2, -1, -2, -2, -1]"
1817,dfs_bnb_mpi,0.007748,-7,8,2188,"[-1, -1, 2, -1, -2, -1, 2, 2, 1, 2, 1, -2, 1, -2]"
1818,dfs_bnb_mpi,0.038223,-4,5,9655,"[-1, -1, 2, 2, 2, 1, 2, -1, -1, 2, -1, -2, -2, 1]"
1819,dfs_bnb_mpi,0.007843,-4,5,1831,"[-1, -1, 2, 1, 2, 1, -2, 1, 1, -2, -1, -2, 1, 1]"
1820,dfs_bnb_mpi,0.412305,-3,4,93532,"[-1, -1, 2, 2, 2, 2, 2, 2, 2, 1, -2, 1, -2, -1]"
1821,dfs_bnb_mpi,0.249372,-4,5,56260,"[-1, -1, 2, 2, 2, 2, 1, 1, -2, -1, -2, 1, -2, -1]"
1822,dfs_bnb_mpi,0.016464,-6,7,4303,"[-1, -1, 2, 2, -1, -2, -2, -1, 2, 2, 2, 1, 1, 2]"
1823,dfs_bnb_mpi,0.009371,-4,5,2862,"[-1, -1, 2, 2, -1, -2, -1, -1, -2, 1, 1, -2, 1, 1]"
1824,dfs_bnb_mpi,0.016487,-5,6,4831,"[-1, -1, 2, 2, 2, 1, -2, -2, 1, 1, 2, -1, 2, 2]"
1825,dfs_bnb_mpi,0.063038,-3,4,14873,"[-1, -1, 2, 2, -1, -2, -2, -2, 1, -2, 1, 1, 2, -1]"
1826,dfs_bnb_mpi,0.111167,-5,6,33075,"[-1, -1, 2, 2, 1, -2, 1, 2, 2, 2, -1, -1, -2, 1]"
1827,dfs_bnb_mpi,4.5e-05,0,1,15,"[-1, -1, 2, 2, 2, 2, 2, 2, 2, 2, 2, 2, 2, 2]"
1828,dfs_bnb_mpi,0.205833,-6,7,46624,"[-1, -1, 2, -1, 2, -1, -2, -1, -2, 1, 1, -2, 1, 1]"
1829,dfs_bnb_mpi,0.087334,-4,5,27259,"[-1, -1, 2, -1, -2, -2, 1, 1, 1, 1, 2, 2, -1, -1]"
1830,dfs_bnb_mpi,0.027644,-5,6,6701,"[-1, -1, 2, 1, 2, -1, 2, -1, -2, -2, -1, 2, 2, 2]"
1831,dfs_bnb_mpi,0.063304,-6,7,17515,"[-1, -1, 2, 1, 1, 1, -2, 1, -2, -2, -1, -1, 2, 1]"
1832,dfs_bnb_mpi,0.024367,-4,5,6994,"[-1, -1, 2, 1, 2, 2, 1, 1, -2, 1, -2, -1, -1, 2]"
1833,dfs_bnb_mpi,0.3492,-2,3,95185,"[-1, -1, 2, 2, 2, 2, 2, 2, 2, 1, 1, -2, -1, -2]"
1834,dfs_bnb_mpi,0.288781,-4,5,70581,"[-1, -2, 1, 1, 2, 2, -1, -1, 2, 2, -1, -2, -2, -2]"
1835,dfs_bnb_mpi,0.055618,-5,6,16218,"[-1, -1, 2, -1, -2, -2, -1, -2, -2, 1, 2, 1, 2, 1]"
1836,dfs_bnb_mpi,0.208113,-4,5,47540,"[-1, -1, 2, 2, -1, -2, -2, -2, 1, 1, 1, -2, -1, -1]"
1837,dfs_bnb_mpi,0.098168,-4,5,27169,"[-1, -1, 2, 2, -1, -1, 2, -1, -2, -2, 1, 1, -2, -1]"
1838,dfs_bnb_mpi,0.103969,-6,7,25597,"[-1, -1, 2, 1, 2, 2, 1, 2, 1, -2, -2, -2, -1, 2]"
1839,dfs_bnb_mpi,0.167309,-6,7,43882,"[-1, -1, 2, 1, 1, 2, 1, 1, -2, 1, -2, -1, -1, 2]"
1840,dfs_bnb_mpi,0.000602,-3,4,172,"[-1, -2, 1, 1, 2, 2, 1, -2, 1, 2, 2, 2, 2, 2]"
1841,dfs_bnb_mpi,0.009625,-4,5,3007,"[-1, -1, 2, 1, 1, 2, 2, 1, -2, -2, -2, -2, -1, -1]"
1842,dfs_bnb_mpi,0.105966,-2,3,33519,"[-1, -1, 2, 2, 2, 2, 2, 1, 1, -2, -2, -2, -2, -1]"
1843,dfs_bnb_mpi,0.000153,-2,3,43,"[-1, -1, 2, 2, 2, -1, -2, -2, -1, -2, 1, -2, 1, 1]"
1844,dfs_bnb_mpi,0.031364,-5,5,9558,"[-1, -2, 1, 1, 2, 2, -1, 2, -1, -2, -1, -1, -2, 1]"
1845,dfs_bnb_mpi,0.005255,-5,6,1618,"[-1, -2, -1, -2, 1, -2, 1, 2, 2, 1, 1, 2, -1, 2]"
1846,dfs_bnb_mpi,0.070439,-7,8,19542,"[-1, -1, 2, -1, 2, 1, 1, 2, 1, -2, 1, -2, -1, -1]"
1847,dfs_bnb_mpi,0.017617,-3,3,5631,"[-1, -1, 2, -1, 2, 2, 2, 1, -2, -2, 1, 1, -2, -1]"
1848,dfs_bnb_mpi,0.133648,-5,6,39051,"[-1, -1, 2, -1, -2, -1, -2, 1, -2, -2, 1, 2, 2, 1]"
1849,dfs_bnb_mpi,0.010281,-2,3,2369,"[-1, -1, 2, 2, 2, 2, 2, 1, -2, -2, 1, 2, 2, 2]"
1850,dfs_bnb_mpi,0.020591,-5,6,5545,"[-1, -1, 2, 2, 2, 1, -2, -2, 1, 2, 2, 2, -1, 2]"
1851,dfs_bnb_mpi,0.014724,-4,5,3366,"[-1, -1, 2, -1, 2, 2, -1, -2, -2, -2, 1, -2, 1, 1]"
1852,dfs_bnb_mpi,0.064179,-4,5,18247,"[-1, -1, 2, 2, 1, -2, 1, 2, 1, -2, -2, -2, -1, -1]"
1853,dfs_bnb_mpi,0.192334,-6,7,45326,"[-1, -1, -1, 2, -1, 2, 1, 2, 1, 1, -2, -1, -2, 1]"
1854,dfs_bnb_mpi,0.070991,-5,6,18828,"[-1, -1, 2, 2, 1, 2, 2, 1, -2, 1, -2, -1, -2, -1]"
1855,dfs_bnb_mpi,0.01212,-3,4,3845,"[-1, -1, 2, 2, -1, -2, -2, -2, 1, -2, 1, 1, 2, -1]"
1856,dfs_bnb_mpi,0.069039,-4,5,19043,"[-1, -1, 2, 2, 2, 1, 1, 1, -2, -1, -1, -2, 1, 1]"
1857,dfs_bnb_mpi,0.137436,-7,8,36142,"[-1, -2, 1, 1, 2, 1, -2, 1, -2, -1, -2, -1, 2, -1]"
1858,dfs_bnb_mpi,0.016371,-5,6,4032,"[-1, -2, 1, -2, 1, 2, 2, 1, 2, -1, 2, -1, -2, -1]"
1859,dfs_bnb_mpi,0.133735,-5,5,40255,"[-1, -1, 2, 2, 2, 2, 1, -2, 1, 1, -2, -1, -1, -2]"
1860,dfs_bnb_mpi,0.011707,-6,6,3430,"[-1, -2, -1, 2, 2, 1, 1, 2, 1, -2, -2, -2, -1, -2]"
1861,dfs_bnb_mpi,0.028576,-6,5,7959,"[-1, -2, -1, 2, 2, 1, 2, -1, -1, -2, -2, -1, -2, 1]"
1862,dfs_bnb_mpi,0.002713,-5,6,826,"[-1, -1, 2, 1, 1, 1, 2, -1, -1, 2, -1, -2, -1, 2]"
1863,dfs_bnb_mpi,0.034825,-5,6,9835,"[-1, -2, 1, 1, 1, -2, -1, -2, -1, -1, -1, 2, 1, 1]"
1864,dfs_bnb_mpi,0.003668,-6,7,1061,"[-1, -2, -2, 1, 2, 1, -2, 1, 1, 2, -1, 2, -1, 2]"
1865,dfs_bnb_mpi,0.161081,-5,6,42757,"[-1, -2, 1, 1, 1, -2, -1, -2, -1, -1, -1, 2, 1, 1]"
1866,dfs_bnb_mpi,0.038029,-2,3,11916,"[-1, -1, 2, 2, 2, 1, 1, 1, -2, -2, -1, 2, -1, -2]"
1867,dfs_bnb_mpi,0.005164,-4,5,1461,"[-1, -1, 2, 2, 2, 1, -2, -2, 1, 1, 2, -1, 2, 2]"
1868,dfs_bnb_mpi,0.023423,-5,6,5344,"[-1, -1, 2, -1, 2, 1, 2, 2, 1, -2, -2, -2, 1, 2]"
1869,dfs_bnb_mpi,0.021679,-4,5,5889,"[-1, -1, -1, 2, 2, 2, 1, -2, -2, 1, 2, 1, -2, 1]"
1870,dfs_bnb_mpi,0.021383,-5,6,5000,"[-1, -1, 2, 2, -1, 2, -1, -2, -2, 1, -2, -2, 1, 1]"
1871,dfs_bnb_mpi,0.001359,-4,4,404,"[-1, -1, 2, 2, -1, 2, 2, 1, -2, 1, -2, -2, 1, 2]"
1872,dfs_bnb_mpi,0.007528,-4,5,2098,"[-1, -1, 2, 2, 1, 2, -1, 2, -1, -2, -1, -2, 1, -2]"
1873,dfs_bnb_mpi,0.021433,-4,4,6710,"[-1, -1, 2, 2, 2, 2, 1, -2, -2, 1, 1, -2, -1, -1]"
1874,dfs_bnb_mpi,0.002553,-5,6,671,"[-1, -2, -1, -2, -1, -2, 1, 1, 2, 1, 2, 1, 2, 2]"
1875,dfs_bnb_mpi,0.024431,-5,6,5623,"[-1, -1, 2, 2, -1, 2, -1, -2, -2, 1, -2, -1, -1, 2]"
1876,dfs_bnb_mpi,0.020923,-3,4,5909,"[-1, -1, 2, 2, 2, -1, -2, -1, -1, -2, 1, -2, 1, 2]"
1877,dfs_bnb_mpi,0.003078,-4,5,864,"[-1, -1, 2, 2, 1, 2, -1, 2, -1, -2, -1, -2, 1, -2]"
1878,dfs_bnb_mpi,0.045758,-4,5,12363,"[-1, -1, 2, -1, 2, 2, -1, -2, -2, -1, -2, 1, 1, -2]"
1879,dfs_bnb_mpi,0.012222,-5,6,3006,"[-1, -1, 2, 2, 1, -2, 1, 2, 2, 2, -1, -2, -1, 2]"
1880,dfs_bnb_mpi,0.023185,-6,7,5576,"[-1, -1, 2, -1, -1, -2, 1, -2, 1, 1, -2, -1, -1, -1]"
1881,dfs_bnb_mpi,0.000205,-2,3,60,"[-1, -1, 2, 2, -1, -1, -2, 1, -2, -1, -1, 2, 2, 2]"
1882,dfs_bnb_mpi,0.071961,-7,8,19599,"[-1, -1, 2, -1, 2, 2, 1, 1, 1, -2, -2, -1, 2, -1]"
1883,dfs_bnb_mpi,0.007164,-3,4,2000,"[-1, -1, 2, 2, 2, 1, 2, 1, -2, -2, -1, -2, 1, 1]"
1884,dfs_bnb_mpi,0.016427,-6,7,4134,"[-1, -2, -1, -2, 1, -2, 1, 2, 2, 1, 1, 2, -1, 2]"
1885,dfs_bnb_mpi,0.00957,-5,6,2248,"[-1, -1, 2, 2, 2, 1, 1, -2, -1, -2, 1, 1, 2, 2]"
1886,dfs_bnb_mpi,0.024641,-5,6,6830,"[-1, -2, 1, 1, 2, 2, 2, 2, -1, -2, -2, -1, 2, 2]"
1887,dfs_bnb_mpi,0.019651,-5,6,5244,"[-1, -1, 2, 2, -1, 2, 1, 2, 1, -2, -2, -2, 1, 2]"
1888,dfs_bnb_mpi,0.000477,-2,3,150,"[-1, -1, 2, 2, 2, 2, 1, 2, 1, -2, -2, -1, -2, 1]"
1889,dfs_bnb_mpi,0.080293,-7,8,18847,"[-1, -2, -1, -2, 1, -2, 1, 2, 2, 1, -2, 1, -2, -1]"
1890,dfs_bnb_mpi,0.005662,-6,7,1412,"[-1, -1, 2, 2, 2, 1, -2, -2, 1, 1, 2, -1, 2, 2]"
1891,dfs_bnb_mpi,0.006173,-7,8,1588,"[-1, -1, 2, 2, 2, 1, -2, -2, 1, 1, 2, -1, 2, 2]"
1892,dfs_bnb_mpi,0.003007,-4,5,858,"[-1, -1, 2, 2, 2, 2, 1, -2, -2, 1, 1, 2, -1, 2]"
1893,dfs_bnb_mpi,0.008076,-7,8,2156,"[-1, -2, 1, 1, 2, 2, -1, 2, -1, -2, -1, -1, 2, 1]"
1894,dfs_bnb_mpi,0.034219,-5,5,10654,"[-1, -2, 1, 1, 2, 2, 2, 2, 1, -2, -2, 1, -2, -1]"
1895,dfs_bnb_mpi,0.08647,-8,9,19673,"[-1, -1, 2, 2, 2, 1, 1, 1, -2, -1, -1, -2, 1, 1]"
1896,dfs_bnb_mpi,0.02736,-4,5,6342,"[-1, -1, 2, 2, 2, 1, -2, -2, 1, 2, 1, -2, 1, 2]"
1897,dfs_bnb_mpi,0.000896,-3,4,255,"[-1, -1, 2, 2, 1, 1, -2, 1, 1, -2, -1, -2, -1, -1]"
1898,dfs_bnb_mpi,0.005384,-4,5,1686,"[-1, -1, 2, 1, 1, 2, -1, 2, 2, -1, -2, -2, -1, 2]"
1899,dfs_bnb_mpi,0.001464,-5,6,413,"[-1, -2, 1, 1, 2, 2, -1, 2, -1, -2, -1, 2, 2, 2]"
1900,dfs_bnb_mpi,0.049652,-3,4,12410,"[-1, -1, 2, 2, 2, 2, -1, -2, -2, -2, -1, -2, 1, -2]"
1901,dfs_bnb_mpi,0.335027,-3,4,97296,"[-1, -1, 2, 2, 2, 2, 2, 2, 2, 1, 1, -2, -1, -2]"
1902,dfs_bnb_mpi,0.04217,-4,5,10698,"[-1, -2, 1, 1, 2, 2, 2, 2, 1, -2, -2, -2, 1, 2]"
1903,dfs_bnb_mpi,0.053638,-5,6,12915,"[-1, -1, 2, 2, 2, 2, 1, -2, 1, -2, -1, -2, 1, 1]"
1904,dfs_bnb_mpi,0.009963,-4,4,2743,"[-1, -1, -1, 2, 1, 2, 2, 1, -2, -2, 1, 2, 2, 2]"
1905,dfs_bnb_mpi,0.001084,-3,4,343,"[-1, -1, 2, 1, 2, 2, 1, -2, -2, 1, 2, 2, 2, 2]"
1906,dfs_bnb_mpi,0.004681,-4,5,1426,"[-1, -1, 2, 1, 1, 2, 1, -2, -2, 1, 1, -2, -1, -1]"
1907,dfs_bnb_mpi,0.000722,-2,2,212,"[-1, -1, 2, 2, 2, 2, 2, 2, 1, -2, -2, -2, -2, -2]"
1908,dfs_bnb_mpi,0.043647,-4,5,12616,"[-1, -1, 2, -1, -1, 2, 2, -1, -2, -2, -2, 1, 1, -2]"
1909,dfs_bnb_mpi,0.003107,-5,6,880,"[-1, -1, 2, 2, 1, 2, -1, 2, 1, 1, -2, -2, -2, -1]"
1910,dfs_bnb_mpi,0.00191,-2,3,565,"[-1, -1, 2, 2, 1, 2, 2, -1, -2, -1, -2, -1, 2, 2]"
1911,dfs_bnb_mpi,0.000134,-1,2,41,"[-1, -1, 2, 2, 2, 2, 2, 1, -2, -2, -2, 1, 2, 2]"
1912,dfs_bnb_mpi,0.001677,-5,6,513,"[-1, -1, 2, 1, 1, 2, -1, 2, -1, -2, -1, -2, -1, 2]"
1913,dfs_bnb_mpi,0.039284,-5,5,10358,"[-1, -1, 2, 2, -1, -2, -2, -2, -1, 2, 2, -1, 2, 1]"
1914,dfs_bnb_mpi,0.032977,-2,3,10642,"[-1, -1, 2, 1, 2, 2, 2, 2, 1, -2, -2, -2, -2, 1]"
1915,dfs_bnb_mpi,0.023084,-5,6,6452,"[-1, -1, 2, 2, -1, 2, 2, 1, -2, 1, 1, -2, -1, -2]"
1916,dfs_bnb_mpi,0.064081,-5,6,15008,"[-1, -1, 2, 2, 2, 2, 1, 1, -2, -1, -2, 1, -2, -1]"
1917,dfs_bnb_mpi,0.059478,-7,8,14353,"[-1, -1, 2, 2, 2, 1, 1, -2, -1, -2, 1, 1, 2, 2]"
1918,dfs_bnb_mpi,0.000933,-2,3,247,"[-1, -1, 2, 2, 1, -2, 1, 2, 1, -2, 1, 2, 2, 2]"
1919,dfs_bnb_mpi,0.001674,-4,5,452,"[-1, -1, 2, 1, 2, 2, 1, -2, -2, 1, 2, 2, 2, 2]"
1920,dfs_bnb_mpi,0.125491,-5,6,36946,"[-1, -1, 2, 1, 2, 2, 1, 1, -2, 1, -2, -1, -1, 2]"
1921,dfs_bnb_mpi,4.9e-05,0,1,15,"[-1, -1, 2, 2, 2, 2, 2, 2, 2, 2, 2, 2, 2, 2]"
1922,dfs_bnb_mpi,0.058168,-4,4,14062,"[-1, -1, 2, 2, 1, -2, 1, 2, 2, 1, -2, 1, -2, -1]"
1923,dfs_bnb_mpi,0.077769,-6,7,18861,"[-1, -2, 1, 1, 2, 1, 2, 2, -1, -2, -1, 2, -1, -2]"
1924,dfs_bnb_mpi,0.002119,-2,3,683,"[-1, -1, 2, 2, 2, 2, 1, -2, 1, -2, -1, -2, 1, 1]"
1925,dfs_bnb_mpi,0.076881,-4,5,22275,"[-1, -1, 2, 2, 2, 2, 1, 2, 1, -2, -2, -2, -1, 2]"
1926,dfs_bnb_mpi,0.001082,-5,6,303,"[-1, -1, 2, 1, 1, 2, 1, -2, -2, 1, 1, 2, -1, 2]"
1927,dfs_bnb_mpi,0.039311,-4,5,12281,"[-1, -1, 2, 1, 2, 2, 2, 1, -2, -2, -2, 1, -2, 1]"
1928,dfs_bnb_mpi,0.013096,-4,5,4214,"[-1, -1, 2, 2, 1, -2, 1, 1, 1, 2, -1, -1, 2, -1]"
1929,dfs_bnb_mpi,0.017656,-4,5,5129,"[-1, -1, 2, 2, -1, 2, -1, -1, -2, 1, -2, 1, -2, -1]"
1930,dfs_bnb_mpi,0.039464,-3,4,12226,"[-1, -1, 2, 2, 2, 1, -2, 1, 2, 2, -1, -1, 2, 2]"
1931,dfs_bnb_mpi,0.039895,-4,5,10196,"[-1, -2, 1, 1, 2, 2, 2, 2, 1, -2, -2, -2, 1, 2]"
1932,dfs_bnb_mpi,0.145387,-5,6,40952,"[-1, -1, 2, 1, 2, -1, 2, 2, -1, -2, -1, -2, 1, -2]"
1933,dfs_bnb_mpi,0.020345,-1,2,5594,"[-1, -1, 2, 2, 2, 2, 2, 2, 2, 1, -2, 1, 2, 2]"
1934,dfs_bnb_mpi,0.009066,-6,7,2200,"[-1, -2, 1, 1, 1, 2, -1, 2, 1, 2, -1, -1, -2, -1]"
1935,dfs_bnb_mpi,0.012947,-4,5,4072,"[-1, -1, 2, 1, 1, 1, -2, -2, 1, -2, -1, -1, 2, -1]"
1936,dfs_bnb_mpi,0.007261,-6,7,1939,"[-1, -2, 1, 1, 2, 1, -2, -2, -1, -1, -2, 1, 1, 1]"
1937,dfs_bnb_mpi,0.216937,-5,6,51538,"[-1, -1, 2, 2, 2, 2, 1, 1, -2, -1, -2, 1, -2, -1]"
1938,dfs_bnb_mpi,0.01637,-6,7,3809,"[-1, -1, -1, 2, -1, 2, 1, 1, -2, 1, 2, 2, -1, 2]"
1939,dfs_bnb_mpi,0.086148,-4,4,27063,"[-1, -2, -1, -2, -2, -1, 2, 2, -1, 2, 1, 1, 2, 1]"
1940,dfs_bnb_mpi,0.065028,-6,7,18769,"[-1, -1, -1, 2, 1, 1, 1, 2, -1, 2, -1, -1, -2, 1]"
1941,dfs_bnb_mpi,0.008086,-3,4,1867,"[-1, -1, 2, 2, -1, -1, -2, 1, -2, -1, -1, 2, 2, 2]"
1942,dfs_bnb_mpi,0.00536,-4,4,1637,"[-1, -1, 2, -1, 2, 1, 2, 1, -2, -2, 1, 2, 2, 2]"
1943,dfs_bnb_mpi,0.000368,-3,3,119,"[-1, -1, 2, -1, 2, 1, 1, -2, 1, 2, 2, 2, 2, 2]"
1944,dfs_bnb_mpi,0.018306,-6,7,4747,"[-1, -2, 1, 1, 1, 2, -1, 2, 2, -1, -2, -1, 2, 2]"
1945,dfs_bnb_mpi,0.002448,-4,5,599,"[-1, -2, 1, 1, 2, 2, 2, -1, -2, -1, 2, 2, 2, 2]"
1946,dfs_bnb_mpi,0.000135,-2,3,42,"[-1, -1, 2, 2, 2, 2, 2, 1, 1, -2, -1, -2, 1, 1]"
1947,dfs_bnb_mpi,0.001266,-2,3,385,"[-1, -1, 2, 2, 1, -2, 1, 2, 2, -1, 2, 2, 2, 2]"
1948,dfs_bnb_mpi,0.089224,-6,7,21052,"[-1, -2, -1, -2, -1, -2, 1, -2, 1, 2, 2, 1, 2, 1]"
1949,dfs_bnb_mpi,0.107371,-7,7,24271,"[-1, -1, 2, 2, 2, 2, 1, 1, -2, -1, -2, 1, -2, -1]"
1950,dfs_bnb_mpi,0.040318,-7,7,11398,"[-1, -2, -1, -1, 2, 1, 2, 1, 1, 2, -1, -1, -1, -2]"
1951,dfs_bnb_mpi,0.146077,-5,6,35127,"[-1, -1, 2, 2, 1, 2, 2, 1, -2, 1, -2, -1, -2, -1]"
1952,dfs_bnb_mpi,0.001294,-6,6,378,"[-1, -1, 2, 1, 2, 2, -1, -2, -1, -2, -1, -2, 1, -2]"
1953,dfs_bnb_mpi,0.205135,-5,6,48485,"[-1, -2, -1, 2, -1, 2, 2, 2, 1, 1, -2, -1, -2, 1]"
1954,dfs_bnb_mpi,0.043812,-8,9,11295,"[-1, -2, 1, 1, 2, 2, -1, -1, -1, -2, -2, -2, 1, 1]"
1955,dfs_bnb_mpi,0.002744,-5,6,838,"[-1, -1, 2, 1, 2, 1, -2, 1, -2, -2, -2, -1, 2, -1]"
1956,dfs_bnb_mpi,0.000739,-2,3,226,"[-1, -1, 2, 2, 1, 1, -2, 1, 2, 1, -2, -2, -1, -2]"
1957,dfs_bnb_mpi,0.097837,-7,8,24435,"[-1, -1, 2, 1, 2, 1, -2, 1, 1, -2, -1, -2, -1, -1]"
1958,dfs_bnb_mpi,0.082591,-5,6,21470,"[-1, -1, 2, 2, 2, -1, -2, -2, -2, -1, 2, 2, -1, -2]"
1959,dfs_bnb_mpi,0.027958,-5,6,7899,"[-1, -1, -1, 2, 1, 1, 2, -1, -1, 2, 2, 1, -2, 1]"
1960,dfs_bnb_mpi,0.00817,-2,3,2548,"[-1, -1, 2, 2, 2, 2, 2, 1, -2, 1, -2, -1, -2, 1]"
1961,dfs_bnb_mpi,0.049287,-4,5,14113,"[-1, -1, 2, 2, 2, 1, 1, 2, 1, -2, -2, -1, -1, -2]"
1962,dfs_bnb_mpi,0.028114,-6,7,7120,"[-1, -1, -1, 2, 1, 2, 2, 1, -2, -2, 1, 1, 2, -1]"
1963,dfs_bnb_mpi,0.037301,-5,6,9206,"[-1, -1, 2, 2, -1, -1, -1, -2, 1, 1, -2, -2, -1, 2]"
1964,dfs_bnb_mpi,0.008491,-3,3,2516,"[-1, -1, 2, 2, 2, 2, 1, -2, 1, 1, -2, -1, -1, -2]"
1965,dfs_bnb_mpi,0.023754,-3,4,6613,"[-1, -2, 1, 1, 2, 2, -1, -1, -1, 2, -1, -2, -2, 1]"
1966,dfs_bnb_mpi,0.045457,-4,5,13130,"[-1, -1, 2, 2, 1, -2, 1, 2, 2, 2, 1, -2, -2, 1]"
1967,dfs_bnb_mpi,0.051998,-5,6,14507,"[-1, -2, 1, 1, -2, -2, -1, 2, -1, -1, -1, -2, 1, 1]"
1968,dfs_bnb_mpi,0.020179,-4,5,4866,"[-1, -1, 2, 2, 2, -1, -2, -1, -2, 1, -2, -2, 1, 1]"
1969,dfs_bnb_mpi,0.032659,-5,6,8517,"[-1, -1, 2, 2, 2, 1, 1, 1, -2, -1, -1, -2, 1, 1]"
1970,dfs_bnb_mpi,0.107791,-4,5,33293,"[-1, -1, 2, -1, 2, 2, 1, 1, 1, -2, -2, -1, 2, -1]"
1971,dfs_bnb_mpi,0.010876,-4,5,3082,"[-1, -1, 2, 1, 2, -1, 2, -1, -1, -2, 1, -2, -1, -1]"
1972,dfs_bnb_mpi,0.004632,-3,4,1472,"[-1, -1, 2, 2, 2, 2, 1, -2, -2, 1, 1, -2, -1, -1]"
1973,dfs_bnb_mpi,0.138509,-4,4,34829,"[-1, -1, 2, 2, 2, 2, 2, 1, -2, -2, -2, 1, -2, -1]"
1974,dfs_bnb_mpi,0.266083,-5,6,60061,"[-1, -1, 2, 2, 2, 2, 2, 1, -2, 1, -2, -1, -2, 1]"
1975,dfs_bnb_mpi,0.080631,-6,7,21747,"[-1, -2, 1, 1, 1, -2, -1, -2, -1, 2, -1, -2, -2, 1]"
1976,dfs_bnb_mpi,0.001901,-4,5,516,"[-1, -1, 2, -1, -2, -2, 1, 1, -2, -1, -1, -1, 2, 2]"
1977,dfs_bnb_mpi,0.034945,-4,5,10979,"[-1, -2, -1, 2, -1, -1, 2, 1, 2, 2, 1, -2, -2, 1]"
1978,dfs_bnb_mpi,0.001002,-3,4,299,"[-1, -1, 2, -1, -2, -2, 1, 1, -2, 1, 2, 1, 2, 2]"
1979,dfs_bnb_mpi,0.019512,-3,4,6072,"[-1, -1, 2, 2, 1, 2, 2, 1, -2, -2, 1, -2, -1, -1]"
1980,dfs_bnb_mpi,0.08531,-5,6,22169,"[-1, -1, 2, 2, 2, 2, 1, -2, -2, -2, 1, 2, 1, -2]"
1981,dfs_bnb_mpi,0.050514,-4,5,13011,"[-1, -1, 2, 2, 2, 1, 2, -1, -1, 2, -1, -2, -2, 1]"
1982,dfs_bnb_mpi,0.102456,-3,4,32709,"[-1, -1, 2, 2, 1, 2, 2, 2, 1, -2, -2, -2, -2, -1]"
1983,dfs_bnb_mpi,0.00181,-4,5,491,"[-1, -1, 2, -1, -2, -2, 1, 1, -2, -1, -1, -1, 2, 2]"
1984,dfs_bnb_mpi,0.009261,-5,5,2560,"[-1, -1, 2, 2, 2, 2, 1, -2, 1, -2, -1, -2, 1, 1]"
1985,dfs_bnb_mpi,0.000236,-3,4,63,"[-1, -1, 2, 2, -1, -2, -2, -1, -1, 2, 1, 2, 2, 2]"
1986,dfs_bnb_mpi,0.004085,-2,3,1250,"[-1, -1, 2, 2, 2, 2, 2, 1, 2, 2, -1, -2, -1, -2]"
1987,dfs_bnb_mpi,0.007451,-5,6,2010,"[-1, -1, 2, 2, -1, -2, -2, -1, 2, 2, 2, 1, 2, 2]"
1988,dfs_bnb_mpi,0.046425,-4,5,11979,"[-1, -1, 2, 2, 1, -2, 1, 2, 1, 2, 1, -2, -2, -1]"
1989,dfs_bnb_mpi,0.008369,-3,4,2446,"[-1, -1, 2, 2, 2, 1, 2, -1, 2, -1, -2, -2, -1, 2]"
1990,dfs_bnb_mpi,0.063711,-6,7,16096,"[-1, -1, 2, -1, -2, -1, -2, -1, -2, 1, 1, 1, 2, -1]"
1991,dfs_bnb_mpi,0.003005,-4,5,873,"[-1, -1, 2, 2, 1, 2, -1, 2, -1, -1, -2, 1, -2, -1]"
1992,dfs_bnb_mpi,0.006404,-4,4,1928,"[-1, -1, 2, 1, 1, 2, 2, 1, -2, 1, -2, -1, -2, 1]"
1993,dfs_bnb_mpi,0.002324,-5,6,632,"[-1, -2, -1, -1, 2, 1, 2, 1, 2, -1, -1, -2, -1, 2]"
1994,dfs_bnb_mpi,4.9e-05,0,1,15,"[-1, -1, 2, 2, 2, 2, 2, 2, 2, 2, 2, 2, 2, 2]"
1995,dfs_bnb_mpi,0.079081,-7,8,19356,"[-1, -2, 1, 1, -2, 1, -2, -1, -1, 2, -1, -1, -2, 1]"
1996,dfs_bnb_mpi,0.012278,-6,7,3166,"[-1, -1, 2, 2, -1, 2, 1, 1, -2, -2, 1, 1, -2, 1]"
1997,dfs_bnb_mpi,0.069041,-6,7,19122,"[-1, -2, 1, 1, -2, 1, -2, 1, -2, -1, -1, 2, -1, 2]"
1998,dfs_bnb_mpi,0.301635,-4,5,91198,"[-1, -1, 2, 2, -1, -2, -1, -1, -2, -2, 1, 1, 2, -1]"
1999,dfs_bnb_mpi,0.033474,-3,4,10269,"[-1, -1, 2, 2, 2, 1, -2, -2, 1, 1, 2, 2, -1, -2]"
2000,dfs_bnb_mpi,0.00052,-2,3,135,"[-1, -1, 2, 2, 1, -2, 1, 2, 2, 2, 2, 2, 2, 2]"
2001,dfs_bnb_mpi,0.009658,-7,8,2534,"[-1, -2, 1, 1, 2, 1, -2, -2, -1, -2, -1, 2, -1, -1]"
2002,dfs_bnb_mpi,0.02366,-6,7,5620,"[-1, -1, 2, 2, 2, 2, 1, -2, -2, -2, 1, 1, 2, -1]"
2003,dfs_bnb_mpi,0.005144,-6,7,1318,"[-1, -2, -1, -1, 2, 1, 2, 1, 2, -1, -1, -2, -1, 2]"
2004,dfs_bnb_mpi,0.055552,-6,7,16148,"[-1, -2, 1, 1, 2, 2, 1, -2, -2, 1, -2, -1, -1, -1]"
2005,dfs_bnb_mpi,0.031902,-6,7,8123,"[-1, -1, 2, 1, 1, 1, -2, -2, -2, -1, 2, -1, -2, -1]"
2006,dfs_bnb_mpi,0.014838,-5,6,3714,"[-1, -1, 2, 1, 2, 2, 1, -2, -2, 1, 1, 2, -1, 2]"
2007,dfs_bnb_mpi,0.071998,-6,7,19539,"[-1, -1, 2, -1, 2, 1, 1, 2, 1, -2, 1, -2, -1, -1]"
2008,dfs_bnb_mpi,0.078375,-4,5,21698,"[-1, -1, 2, 2, 2, 1, 2, 1, 2, -1, -1, -2, -1, -2]"
2009,dfs_bnb_mpi,0.006265,-4,5,1869,"[-1, -1, 2, 2, 1, 2, 2, 1, -2, -2, 1, -2, -1, -1]"
2010,dfs_bnb_mpi,0.136251,-5,6,37147,"[-1, -1, 2, 2, -1, -2, -2, -1, -2, 1, -2, 1, 2, 1]"
2011,dfs_bnb_mpi,0.03499,-8,9,8263,"[-1, -2, 1, 1, 2, 1, 2, 2, -1, -2, -1, 2, -1, -2]"
2012,dfs_bnb_mpi,0.045168,-4,5,11979,"[-1, -1, 2, 2, 1, -2, 1, 2, 1, 2, 1, -2, -2, -1]"
2013,dfs_bnb_mpi,0.013874,-4,5,3968,"[-1, -2, 1, -2, -1, -1, 2, 2, 2, 1, 2, 1, -2, 1]"
2014,dfs_bnb_mpi,0.028471,-4,5,8645,"[-1, -2, 1, 1, -2, -2, -1, -2, -1, 2, -1, 2, 1, 1]"
2015,dfs_bnb_mpi,0.069904,-7,8,18020,"[-1, -1, 2, -1, 2, 2, 1, -2, 1, 2, 1, -2, -2, -1]"
2016,dfs_bnb_mpi,0.007975,-5,6,2427,"[-1, -1, 2, 1, 2, 1, -2, 1, 1, -2, -1, -2, -1, -1]"
2017,dfs_bnb_mpi,0.008106,-5,6,2192,"[-1, -1, 2, 2, -1, 2, 1, 1, -2, -2, 1, 2, 2, 2]"
2018,dfs_bnb_mpi,0.009244,-2,3,2935,"[-1, -1, 2, 2, 1, 1, 2, 2, 1, -2, -2, -2, -1, -1]"
2019,dfs_bnb_mpi,0.088584,-3,4,20743,"[-1, -1, 2, 2, 2, 2, 2, 2, 2, 1, -2, -2, -2, 1]"
2020,dfs_bnb_mpi,0.064247,-6,7,17114,"[-1, -2, 1, 1, 1, 1, 2, -1, -1, 2, -1, 2, -1, -2]"
2021,dfs_bnb_mpi,0.041317,-4,5,10920,"[-1, -1, 2, 2, 1, -2, 1, 1, -2, 1, -2, -1, -1, -1]"
2022,dfs_bnb_mpi,0.00641,-4,5,1813,"[-1, -1, 2, 1, 1, 2, 1, -2, 1, 1, -2, -1, -1, -2]"
2023,dfs_bnb_mpi,0.005723,-5,6,1531,"[-1, -1, 2, 1, 1, 1, -2, -2, -2, -1, 2, -1, -1, -1]"
2024,dfs_bnb_mpi,0.0401,-4,5,11401,"[-1, -1, 2, 2, 2, 1, -2, -2, 1, 1, 2, 2, -1, -2]"
2025,dfs_bnb_mpi,0.023488,-5,5,6187,"[-1, -1, 2, 2, 2, 2, 1, -2, 1, -2, -1, -2, 1, 1]"
2026,dfs_bnb_mpi,0.000161,-2,3,46,"[-1, -1, 2, -1, -2, -2, 1, 1, 1, 1, 2, 2, 2, 2]"
2027,dfs_bnb_mpi,0.037666,-4,5,11027,"[-1, -1, 2, 2, -1, -2, -2, -2, 1, -2, 1, 1, 2, -1]"
2028,dfs_bnb_mpi,0.0819,-7,8,19938,"[-1, -1, 2, -1, -1, -2, 1, -2, -1, -2, 1, 1, 2, 1]"
2029,dfs_bnb_mpi,0.103029,-3,3,32820,"[-1, -1, 2, -1, 2, 2, 2, 2, 1, -2, -2, -2, 1, -2]"
2030,dfs_bnb_mpi,0.023327,-6,5,6287,"[-1, -1, 2, 2, 2, 2, 1, 1, -2, -1, -2, 1, -2, -1]"
2031,dfs_bnb_mpi,0.000376,-4,5,89,"[-1, -1, 2, 2, 2, -1, -1, -2, 1, -2, -1, -2, 1, -2]"
2032,dfs_bnb_mpi,0.000787,-5,6,217,"[-1, -1, 2, 1, 2, -1, -1, -2, -1, -2, 1, -2, 1, 1]"
2033,dfs_bnb_mpi,0.079541,-5,6,21386,"[-1, -1, 2, 1, 1, 2, -1, -1, 2, -1, -2, -1, -2, 1]"
2034,dfs_bnb_mpi,0.078426,-6,6,21091,"[-1, -2, 1, 1, -2, -1, -1, -1, -1, -2, 1, 1, -2, -1]"
2035,dfs_bnb_mpi,0.051325,-6,7,13220,"[-1, -2, 1, 1, 2, 1, 2, -1, -1, 2, -1, -2, -1, -2]"
2036,dfs_bnb_mpi,0.095661,-5,6,24921,"[-1, -1, 2, 2, 1, 2, 2, 1, 1, -2, -1, -2, -2, -1]"
2037,dfs_bnb_mpi,0.099439,-7,8,25223,"[-1, -1, 2, 2, 2, 1, -2, 1, 2, 1, -2, -2, -1, -1]"
2038,dfs_bnb_mpi,0.040194,-7,7,10987,"[-1, -1, 2, 2, 1, -2, 1, 2, 1, 1, -2, -2, -1, 2]"
2039,dfs_bnb_mpi,0.008819,-6,7,2449,"[-1, -1, 2, 2, 1, -2, 1, 1, 2, -1, 2, -1, 2, 2]"
2040,dfs_bnb_mpi,0.01249,-5,6,3321,"[-1, -1, 2, 1, 2, 2, 2, 1, -2, 1, -2, -1, -2, 1]"
2041,dfs_bnb_mpi,0.170708,-3,4,42978,"[-1, -1, 2, 2, 2, 2, 1, 2, 2, 1, -2, -2, -2, -1]"
2042,dfs_bnb_mpi,5.1e-05,0,1,15,"[-1, -1, 2, 2, 2, 2, 2, 2, 2, 2, 2, 2, 2, 2]"
2043,dfs_bnb_mpi,0.007181,-4,5,1879,"[-1, -2, -1, 2, -1, 2, 1, 2, 1, -2, 1, 2, 2, 2]"
2044,dfs_bnb_mpi,0.005383,-3,3,1675,"[-1, -1, 2, 2, 2, 2, 1, -2, -2, -2, 1, 2, 2, 2]"
2045,dfs_bnb_mpi,0.027571,-6,7,6470,"[-1, -1, 2, 2, 2, 1, -2, -2, 1, 2, 1, 1, -2, -1]"
2046,dfs_bnb_mpi,0.042826,-4,5,12179,"[-1, -1, 2, 2, 2, 1, 2, 1, 2, -1, -1, -2, -1, -2]"
2047,dfs_bnb_mpi,0.022856,-3,4,5553,"[-1, -1, 2, 2, 2, -1, -2, -1, -2, -1, -2, 1, 1, 2]"
2048,dfs_bnb_mpi,0.040725,-4,5,10373,"[-1, -2, 1, 1, 2, 2, -1, -1, 2, -1, -2, -1, -2, 1]"
2049,dfs_bnb_mpi,0.031234,-7,8,7070,"[-1, -1, -1, 2, 1, 2, 1, -2, 1, 2, 1, -2, -2, 1]"
2050,dfs_bnb_mpi,0.001356,-5,5,405,"[-1, -1, -1, 2, 1, 1, 1, 2, -1, 2, -1, -2, -1, 2]"
2051,dfs_bnb_mpi,0.01597,-4,5,4577,"[-1, -1, 2, 2, 1, -2, 1, 2, 1, -2, -2, -2, -1, -1]"
2052,dfs_bnb_mpi,0.184621,-6,7,41254,"[-1, -1, 2, -1, -1, -1, -2, -2, 1, 2, 1, -2, 1, 1]"
2053,dfs_bnb_mpi,0.17348,-6,7,41120,"[-1, -1, 2, -1, 2, 1, 1, 2, 2, 1, -2, -2, -2, -1]"
2054,dfs_bnb_mpi,0.000362,-2,3,84,"[-1, -1, 2, 2, 2, 2, 2, 2, 1, -2, 1, -2, -1, -2]"
2055,dfs_bnb_mpi,0.101503,-7,8,25944,"[-1, -1, 2, 2, 1, 2, 2, 1, -2, 1, -2, -1, -2, -1]"
2056,dfs_bnb_mpi,0.108477,-2,3,33935,"[-1, -1, 2, 2, 2, 2, 2, 2, 2, 1, -2, -2, -2, -2]"
2057,dfs_bnb_mpi,0.005438,-4,5,1634,"[-1, -2, 1, 1, 2, 2, 2, 2, 2, -1, -2, -2, -2, -1]"
2058,dfs_bnb_mpi,0.026345,-5,5,7135,"[-1, -1, 2, 2, 1, -2, 1, 2, 1, 1, -2, -2, -1, 2]"
2059,dfs_bnb_mpi,0.091048,-5,6,23405,"[-1, -1, 2, -1, -2, -2, 1, 1, 1, -2, -1, -1, -2, 1]"
2060,dfs_bnb_mpi,0.051875,-2,3,12481,"[-1, -1, 2, 2, 2, 2, 2, 2, 2, 1, -2, 1, -2, -1]"
2061,dfs_bnb_mpi,0.078982,-5,6,20459,"[-1, -1, 2, 1, 2, -1, 2, -1, -2, -1, -2, 1, -2, -1]"
2062,dfs_bnb_mpi,0.064519,-5,6,15154,"[-1, -1, 2, 2, -1, -1, -1, -2, -2, 1, 2, 1, -2, -2]"
2063,dfs_bnb_mpi,0.068984,-6,7,16394,"[-1, -1, 2, -1, -2, -1, -2, -2, 1, 2, 1, 1, -2, -1]"
2064,dfs_bnb_mpi,0.007357,-2,3,2219,"[-1, -1, 2, 2, 2, 2, 2, 2, 2, 1, 2, -1, -1, -2]"
2065,dfs_bnb_mpi,0.000342,-1,2,86,"[-1, -1, 2, 2, 2, 2, 2, 1, -2, -2, -2, -2, 1, 2]"
2066,dfs_bnb_mpi,0.456781,-4,5,101712,"[-1, -1, 2, 2, 2, 2, 2, 2, 1, 1, -2, -1, -2, 1]"
2067,dfs_bnb_mpi,0.016089,-6,7,4652,"[-1, -1, 2, 1, 2, -1, -1, -2, -2, -2, -2, 1, 2, 1]"
2068,dfs_bnb_mpi,0.000207,-2,3,67,"[-1, -1, 2, -1, -2, -2, 1, 1, 1, 1, 2, 2, 2, 2]"
2069,dfs_bnb_mpi,0.068234,-6,7,15702,"[-1, -1, 2, 2, 2, 2, 2, 1, -2, -2, -2, 1, -2, -1]"
2070,dfs_bnb_mpi,0.062224,-6,7,17166,"[-1, -1, 2, 2, -1, 2, 2, 1, -2, 1, -2, 1, -2, -1]"
2071,dfs_bnb_mpi,0.015451,-5,6,4218,"[-1, -2, -1, 2, 2, 2, 1, -2, 1, 1, -2, -2, -1, -2]"
2072,dfs_bnb_mpi,0.128116,-5,6,35508,"[-1, -1, 2, 2, 1, 2, 2, 1, -2, -2, 1, -2, -1, -1]"
2073,dfs_bnb_mpi,0.006229,-6,7,1735,"[-1, -1, -1, 2, 1, 1, 2, 1, -2, 1, -2, -2, -1, -1]"
2074,dfs_bnb_mpi,0.210268,-6,7,47097,"[-1, -1, 2, 2, 2, 1, 1, 1, -2, -1, -1, -2, 1, 1]"
2075,dfs_bnb_mpi,0.011469,-2,3,2914,"[-1, -1, 2, 2, 2, 2, 2, 1, 1, -2, -1, -2, 1, 1]"
2076,dfs_bnb_mpi,0.016009,-7,7,3942,"[-1, -1, 2, 2, 2, 1, -2, -2, 1, 1, 2, -1, 2, 2]"
2077,dfs_bnb_mpi,0.062167,-6,7,15224,"[-1, -1, 2, -1, 2, 2, 1, -2, 1, 2, 1, -2, -2, -1]"
2078,dfs_bnb_mpi,0.001389,-3,4,366,"[-1, -2, -1, -1, -2, 1, 1, 1, 2, 1, 2, 2, 2, 2]"
2079,dfs_bnb_mpi,0.012621,-7,8,3597,"[-1, -2, 1, 1, 2, 1, 1, -2, -1, -2, -1, -2, -1, 2]"
2080,dfs_bnb_mpi,0.030157,-7,8,7293,"[-1, -2, 1, 1, 1, -2, -1, -1, -1, -2, 1, -2, 1, 2]"
2081,dfs_bnb_mpi,0.19861,-5,6,50177,"[-1, -1, 2, 2, 2, 2, 2, 1, -2, 1, -2, -2, -1, 2]"
2082,dfs_bnb_mpi,0.013976,-2,3,4035,"[-1, -1, 2, 2, 2, 1, 2, 2, -1, -2, -1, -1, -2, 1]"
2083,dfs_bnb_mpi,0.013807,-6,7,4038,"[-1, -2, -1, -2, 1, -2, -2, 1, 1, 2, -1, 2, 2, 1]"
2084,dfs_bnb_mpi,0.00475,-4,5,1457,"[-1, -2, 1, 1, 1, -2, 1, -2, -1, -1, 2, -1, -1, -1]"
2085,dfs_bnb_mpi,0.018556,-3,4,5583,"[-1, -1, 2, 2, 2, 2, -1, -2, -2, -1, -2, -2, 1, 2]"
2086,dfs_bnb_mpi,0.003018,-4,5,859,"[-1, -1, 2, 2, 1, -2, 1, 2, 1, -2, -2, 1, -2, -1]"
2087,dfs_bnb_mpi,0.011335,-6,7,2881,"[-1, -1, 2, 1, 2, 1, -2, 1, -2, -2, -1, -1, -1, -1]"
2088,dfs_bnb_mpi,0.017839,-3,4,5116,"[-1, -1, 2, 2, 2, 1, 2, 1, -2, 1, -2, -1, -1, -2]"
2089,dfs_bnb_mpi,0.03441,-2,3,9782,"[-1, -1, 2, 2, 2, 1, -2, -2, 1, 1, -2, -2, -1, -1]"
2090,dfs_bnb_mpi,0.008184,-6,7,2005,"[-1, -1, 2, -1, -2, -2, -2, 1, 2, 1, 1, -2, -1, -2]"
2091,dfs_bnb_mpi,0.146907,-6,7,38894,"[-1, -1, 2, -1, 2, 2, 1, 1, 1, -2, -2, -1, 2, -1]"
2092,dfs_bnb_mpi,0.000158,-2,3,40,"[-1, -1, 2, 2, 2, 2, 2, 2, 1, 1, -2, -1, -2, 1]"
2093,dfs_bnb_mpi,0.267076,-5,6,61477,"[-1, -1, 2, 2, -1, -2, -1, -1, -2, -2, 1, 2, 1, -2]"
2094,dfs_bnb_mpi,0.00783,-5,6,2150,"[-1, -1, 2, 1, 1, 2, 1, -2, -2, -2, -1, -1, -1, -1]"
2095,dfs_bnb_mpi,0.186731,-6,7,43204,"[-1, -1, 2, 1, 2, -1, 2, -1, -2, -1, -2, 1, -2, -1]"
2096,dfs_bnb_mpi,0.002431,-2,3,619,"[-1, -1, 2, 2, 2, 1, -2, -2, 1, 2, 2, 2, 2, 2]"
2097,dfs_bnb_mpi,0.004464,-6,7,1163,"[-1, -1, 2, 1, 1, 1, -2, -2, -1, -1, -1, -1, 2, 2]"
2098,dfs_bnb_mpi,0.038353,-4,5,9732,"[-1, -2, 1, 1, 2, 2, -1, -1, 2, -1, -2, -1, -2, 1]"
2099,dfs_bnb_mpi,0.050498,-5,6,14237,"[-1, -1, 2, 1, 2, 2, 1, 1, 1, -2, -1, -1, -2, 1]"
2100,dfs_bnb_mpi,0.156613,-5,6,40832,"[-1, -1, 2, 2, -1, 2, 1, 2, 1, -2, 1, -2, -1, -2]"
2101,dfs_bnb_mpi,0.006971,-3,4,2111,"[-1, -1, 2, 2, 1, 1, -2, 1, 2, 1, -2, -2, -1, -2]"
2102,dfs_bnb_mpi,0.027682,-4,5,8168,"[-1, -1, 2, 2, -1, -1, -2, 1, -2, -2, -1, 2, -1, 2]"
2103,dfs_bnb_mpi,0.005751,-4,5,1718,"[-1, -1, 2, 1, 1, 2, -1, -1, 2, -1, -1, -2, 1, -2]"
2104,dfs_bnb_mpi,0.038823,-3,3,12106,"[-1, -1, 2, 2, 2, 2, 2, 1, -2, -2, -2, -2, 1, 2]"
2105,dfs_bnb_mpi,0.035541,-6,7,9030,"[-1, -1, 2, -1, -2, -2, -2, -2, 1, 2, 2, 1, -2, 1]"
2106,dfs_bnb_mpi,0.040754,-4,4,12877,"[-1, -1, 2, -1, -2, -1, 2, 2, 1, 1, 1, -2, 1, 2]"
2107,dfs_bnb_mpi,0.044479,-6,7,11994,"[-1, -2, -1, -2, -1, 2, 2, 1, 2, 1, 1, 2, 1, -2]"
2108,dfs_bnb_mpi,0.012442,-7,7,3338,"[-1, -2, 1, 1, 2, 2, 2, -1, -2, -1, -1, -2, -2, -1]"
2109,dfs_bnb_mpi,0.173632,-6,7,39131,"[-1, -1, 2, 2, -1, 2, 1, 2, 1, -2, -2, 1, -2, -1]"
2110,dfs_bnb_mpi,0.076293,-6,7,17985,"[-1, -1, 2, 1, 2, 2, 1, -2, -2, 1, -2, -2, -1, -1]"
2111,dfs_bnb_mpi,0.00217,-2,3,676,"[-1, -1, 2, 2, 2, 1, -2, -2, 1, 2, 2, 2, 2, 2]"
2112,dfs_bnb_mpi,0.088327,-5,6,26090,"[-1, -2, 1, 1, 2, 2, -1, 2, -1, 2, -1, -2, -2, 1]"
2113,dfs_bnb_mpi,0.027138,-5,6,7233,"[-1, -1, 2, -1, 2, 1, 2, 1, 1, -2, -1, -2, 1, 1]"
2114,dfs_bnb_mpi,0.027582,-7,8,6815,"[-1, -2, 1, 1, 2, 2, -1, 2, 1, 1, -2, 1, -2, -1]"
2115,dfs_bnb_mpi,0.000523,-3,4,149,"[-1, -1, 2, -1, -2, -1, -2, 1, 1, 1, 1, 1, 2, 2]"
2116,dfs_bnb_mpi,0.049089,-6,6,11729,"[-1, -2, 1, 1, 2, 1, 2, -1, 2, -1, -2, -1, 2, 2]"
2117,dfs_bnb_mpi,0.005441,-5,6,1566,"[-1, -2, -1, -1, -2, 1, 1, 1, 2, 1, 1, 2, -1, 2]"
2118,dfs_bnb_mpi,0.100305,-4,5,28315,"[-1, -1, 2, 2, 2, 2, 1, -2, -2, 1, 2, 1, 2, -1]"
2119,dfs_bnb_mpi,0.137484,-4,4,34052,"[-1, -1, 2, 2, 2, 2, 2, 1, -2, -2, -2, 1, -2, -1]"
2120,dfs_bnb_mpi,0.268477,-6,7,59913,"[-1, -2, -1, -1, 2, 2, 2, 1, 2, 1, -2, -2, -1, -2]"
2121,dfs_bnb_mpi,0.004076,-2,3,1072,"[-1, -1, 2, 2, 2, 2, 2, 2, 1, 2, -1, -1, -2, -1]"
2122,dfs_bnb_mpi,0.04718,-7,8,12042,"[-1, -2, -1, 2, 2, 2, 1, -2, 1, 1, 2, -1, 2, -1]"
2123,dfs_bnb_mpi,0.070543,-5,6,18536,"[-1, -1, 2, 1, 2, 2, 1, 1, -2, -1, -2, 1, 1, 2]"
2124,dfs_bnb_mpi,0.000126,-2,3,38,"[-1, -1, 2, 2, 2, 2, 2, 2, 2, 1, 1, -2, -1, -2]"
2125,dfs_bnb_mpi,0.009528,-4,5,2890,"[-1, -1, 2, 2, 1, 2, 2, 1, -2, -2, 1, -2, -1, -1]"
2126,dfs_bnb_mpi,0.021974,-5,6,6404,"[-1, -1, 2, 2, 1, -2, 1, 2, 1, 2, -1, 2, -1, -2]"
2127,dfs_bnb_mpi,0.005568,-4,5,1436,"[-1, -1, 2, 2, -1, -2, -1, -1, -2, 1, 1, -2, 1, 1]"
2128,dfs_bnb_mpi,0.038777,-4,5,10007,"[-1, -1, 2, 2, 2, 1, 1, 1, -2, -1, -1, -2, 1, 1]"
2129,dfs_bnb_mpi,0.005038,-5,6,1427,"[-1, -1, 2, 1, 2, 1, -2, 1, 2, 2, 2, -1, -2, -1]"
2130,dfs_bnb_mpi,0.00352,-4,5,1027,"[-1, -1, 2, -1, -2, -1, -1, -2, 1, -2, 1, 2, 1, 1]"
2131,dfs_bnb_mpi,0.061765,-6,7,16260,"[-1, -1, 2, -1, -1, -2, 1, -2, -1, -1, 2, 2, 2, 1]"
2132,dfs_bnb_mpi,0.001763,-5,6,530,"[-1, -2, 1, -2, 1, 2, 1, 2, -1, 2, -1, 2, 2, 2]"
2133,dfs_bnb_mpi,0.010146,-3,3,2850,"[-1, -1, 2, 2, 2, 2, 2, 1, -2, 1, -2, -1, -2, 1]"
2134,dfs_bnb_mpi,0.06005,-5,6,17358,"[-1, -1, 2, 2, -1, 2, -1, -2, -1, -2, 1, -2, 1, 2]"
2135,dfs_bnb_mpi,0.021798,-4,5,6092,"[-1, -1, 2, 2, 1, -2, 1, 2, 2, -1, 2, -1, -2, -1]"
2136,dfs_bnb_mpi,0.002117,-4,5,566,"[-1, -1, 2, 2, -1, -2, -2, -2, 1, 1, 1, 1, 2, 2]"
2137,dfs_bnb_mpi,0.007012,-5,6,2023,"[-1, -1, 2, -1, -2, -1, -2, 1, -2, 1, 2, 1, 1, 1]"
2138,dfs_bnb_mpi,0.00185,-4,4,462,"[-1, -1, 2, 2, 2, 1, -2, -2, 1, 2, 2, 2, 2, 2]"
2139,dfs_bnb_mpi,0.032668,-4,5,8215,"[-1, -1, 2, 2, 2, -1, -2, -1, -2, 1, -2, -2, -1, 2]"
2140,dfs_bnb_mpi,0.091768,-5,6,21901,"[-1, -1, 2, 1, 2, 2, -1, -2, -1, -2, -2, -1, -2, 1]"
2141,dfs_bnb_mpi,0.000918,-2,2,212,"[-1, -1, 2, 2, 2, 2, 2, 2, 1, -2, -2, -2, -2, -2]"
2142,dfs_bnb_mpi,0.057423,-5,6,16783,"[-1, -1, 2, 2, 1, -2, 1, 1, 1, 2, -1, -1, 2, -1]"
2143,dfs_bnb_mpi,0.084076,-5,5,19921,"[-1, -1, 2, 2, 1, 2, 2, 2, 1, -2, -2, -2, -2, -1]"
2144,dfs_bnb_mpi,0.079193,-6,7,21154,"[-1, -2, -1, 2, -1, 2, 1, 2, 1, 2, 1, -2, -2, -1]"
2145,dfs_bnb_mpi,0.005195,-4,5,1504,"[-1, -1, 2, 2, 1, 2, -1, 2, -1, -1, -2, 1, -2, -1]"
2146,dfs_bnb_mpi,0.000365,-2,3,112,"[-1, -1, 2, 1, 1, 2, 2, 1, -2, -2, -2, 1, 2, 2]"
2147,dfs_bnb_mpi,0.00374,-3,3,1194,"[-1, -1, 2, 1, 2, 2, 2, 1, -2, -2, -2, 1, 2, 2]"
2148,dfs_bnb_mpi,0.067844,-6,7,18647,"[-1, -1, 2, 1, 1, 1, 2, -1, 2, -1, -2, -1, -1, -2]"
2149,dfs_bnb_mpi,0.018297,-2,3,4400,"[-1, -1, 2, 2, 2, 2, 2, 2, 1, -2, 1, -2, -1, -2]"
2150,dfs_bnb_mpi,0.005602,-4,5,1622,"[-1, -1, 2, 1, 2, 1, 2, -1, -1, -2, -1, -2, -1, 2]"
2151,dfs_bnb_mpi,0.070329,-4,5,20321,"[-1, -1, 2, 2, -1, -2, -1, -2, 1, -2, -2, 1, 2, 1]"
2152,dfs_bnb_mpi,0.00721,-3,4,2162,"[-1, -1, 2, 2, 2, 2, -1, -2, -2, -1, -2, -2, 1, 2]"
2153,dfs_bnb_mpi,0.024653,-3,4,7522,"[-1, -1, 2, 2, 1, 2, 2, 1, -2, -2, 1, -2, -1, -1]"
2154,dfs_bnb_mpi,0.013657,-6,7,3937,"[-1, -2, -1, 2, -1, -2, -1, -2, 1, 1, 1, 1, 2, 1]"
2155,dfs_bnb_mpi,0.02365,-6,7,5988,"[-1, -2, -1, -2, -1, -2, 1, -2, 1, 2, 2, 1, 2, 1]"
2156,dfs_bnb_mpi,0.007449,-4,5,1790,"[-1, -1, 2, 1, 2, 2, 1, -2, -2, 1, 2, 2, 2, 2]"
2157,dfs_bnb_mpi,0.004303,-5,6,1244,"[-1, -1, 2, 1, 1, 2, 1, -2, 1, -2, -1, -2, -1, -1]"
2158,dfs_bnb_mpi,0.018071,-3,4,5116,"[-1, -1, 2, 2, 2, 1, 2, 1, -2, 1, -2, -1, -1, -2]"
2159,dfs_bnb_mpi,0.003301,-4,5,954,"[-1, -1, 2, -1, -2, -2, -2, 1, 2, 1, 1, -2, -1, -2]"
2160,dfs_bnb_mpi,0.038413,-6,6,10148,"[-1, -2, 1, 1, 2, 1, 2, -1, 2, 2, -1, -2, -2, -1]"
2161,dfs_bnb_mpi,0.033555,-5,6,9099,"[-1, -1, 2, 1, 2, 2, 1, 2, 1, -2, -2, -1, -2, 1]"
2162,dfs_bnb_mpi,0.003549,-4,5,920,"[-1, -1, 2, -1, 2, -1, -1, -2, 1, -2, 1, -2, 1, 1]"
2163,dfs_bnb_mpi,0.069269,-6,7,19075,"[-1, -1, 2, -1, 2, -1, -2, -1, -2, -2, 1, 1, 2, -1]"
2164,dfs_bnb_mpi,0.046503,-2,3,13781,"[-1, -1, 2, 2, 2, 2, 2, 2, 2, 1, -2, 1, -2, -1]"
2165,dfs_bnb_mpi,0.021194,-4,5,6419,"[-1, -2, 1, 1, 2, 2, 2, 1, -2, -2, -2, -2, -1, -1]"
2166,dfs_bnb_mpi,0.066508,-6,7,18143,"[-1, -1, 2, -1, 2, -1, -2, -1, -2, -2, 1, 1, 2, -1]"
2167,dfs_bnb_mpi,0.046397,-4,5,11610,"[-1, -2, 1, -2, 1, 1, 1, 2, 2, -1, -2, -1, 2, 2]"
2168,dfs_bnb_mpi,0.028182,-6,7,6613,"[-1, -1, 2, 1, 2, 2, 1, -2, -2, 1, 2, 1, 2, -1]"
2169,dfs_bnb_mpi,0.072931,-4,5,20101,"[-1, -1, 2, 1, 1, 2, -1, 2, 2, -1, -2, -2, -1, -2]"
2170,dfs_bnb_mpi,0.071133,-6,7,16141,"[-1, -1, 2, 2, 2, 2, 1, 1, -2, -1, -2, 1, -2, -1]"
2171,dfs_bnb_mpi,0.011044,-6,7,3267,"[-1, -1, -1, 2, 1, 2, -1, 2, 1, 1, -2, 1, -2, -1]"
2172,dfs_bnb_mpi,0.000944,-6,7,253,"[-1, -2, 1, 1, 2, 2, -1, -1, 2, 2, 1, -2, 1, 2]"
2173,dfs_bnb_mpi,0.002071,-4,5,563,"[-1, -1, 2, 2, 2, 1, 2, 1, -2, -2, -1, -2, 1, 1]"
2174,dfs_bnb_mpi,0.030229,-5,6,9318,"[-1, -2, -1, -1, 2, 1, 2, 1, 2, 2, 1, -2, -2, 1]"
2175,dfs_bnb_mpi,0.0092,-2,3,2667,"[-1, -1, 2, 2, 2, 2, 2, 1, 2, 2, -1, -2, -1, -2]"
2176,dfs_bnb_mpi,0.001034,-4,5,316,"[-1, -1, 2, 1, 2, 2, 1, -2, -2, 1, 2, 2, 2, 2]"
2177,dfs_bnb_mpi,0.035385,-3,4,9040,"[-1, -1, 2, 2, 2, 2, 1, 2, 1, -2, -2, -1, -2, 1]"
2178,dfs_bnb_mpi,0.032839,-4,5,9803,"[-1, -1, 2, -1, -2, -2, -2, -2, 1, 1, 2, 2, -1, -2]"
2179,dfs_bnb_mpi,0.080787,-6,7,21727,"[-1, -1, 2, 1, 2, -1, 2, 1, 1, 1, -2, -2, -1, 2]"
2180,dfs_bnb_mpi,0.004157,-2,3,1249,"[-1, -1, 2, 2, -1, -2, -1, -1, -2, 1, 1, -2, 1, 1]"
2181,dfs_bnb_mpi,0.031549,-7,8,7871,"[-1, -2, 1, 1, 2, 2, -1, 2, -1, -2, -1, -2, -2, -1]"
2182,dfs_bnb_mpi,0.00928,-4,5,2634,"[-1, -1, 2, 2, 2, 1, 2, -1, -1, -2, -1, -2, 1, -2]"
2183,dfs_bnb_mpi,0.022585,-4,5,6967,"[-1, -1, 2, 2, 1, 2, 2, 1, -2, -2, 1, -2, -1, -1]"
2184,dfs_bnb_mpi,0.004022,-5,6,1061,"[-1, -2, 1, 1, 2, 2, 2, -1, -2, -1, 2, 2, 2, 2]"
2185,dfs_bnb_mpi,0.005525,-6,7,1532,"[-1, -2, -1, -2, 1, 1, 2, 1, 1, 2, -1, 2, -1, 2]"
2186,dfs_bnb_mpi,0.121433,-5,6,35398,"[-1, -1, 2, 2, 2, 1, 2, 1, -2, 1, -2, -1, -1, -2]"
2187,dfs_bnb_mpi,0.15917,-6,7,36186,"[-1, -1, 2, 2, 1, 2, 1, 2, 1, -2, -2, -1, -2, -1]"
2188,dfs_bnb_mpi,0.064359,-5,6,14405,"[-1, -1, 2, 1, 2, -1, 2, -1, -1, -2, 1, -2, -1, -1]"
2189,dfs_bnb_mpi,0.035294,-4,4,9593,"[-1, -1, 2, 2, 2, -1, -2, -1, -1, -2, 1, -2, 1, 2]"
2190,dfs_bnb_mpi,0.048504,-6,6,11064,"[-1, -2, 1, -2, 1, 2, 1, 2, -1, 2, 2, -1, -2, -1]"
2191,dfs_bnb_mpi,0.02233,-4,5,6364,"[-1, -1, 2, 2, 1, -2, 1, 1, -2, -2, -1, -2, -1, 2]"
2192,dfs_bnb_mpi,0.005375,-3,4,1420,"[-1, -1, 2, 2, 2, 1, 2, -1, -1, -1, -2, 1, -2, -1]"
2193,dfs_bnb_mpi,0.147678,-2,3,33006,"[-1, -1, 2, 2, 2, 2, 2, 1, 1, -2, -1, -2, 1, 1]"
2194,dfs_bnb_mpi,0.008896,-4,5,2697,"[-1, -1, 2, 2, 1, 2, 1, -2, 1, 1, -2, -1, -1, -1]"
2195,dfs_bnb_mpi,0.155847,-5,6,36633,"[-1, -1, 2, -1, 2, 2, 1, -2, 1, 2, 1, -2, -2, -1]"
2196,dfs_bnb_mpi,0.158868,-7,8,36034,"[-1, -2, -1, -2, 1, -2, 1, -2, 1, 2, 2, 2, -1, -2]"
2197,dfs_bnb_mpi,0.019069,-3,4,5959,"[-1, -1, 2, 2, 2, 2, 1, -2, -2, 1, 1, -2, -1, -1]"
2198,dfs_bnb_mpi,0.078083,-5,6,18791,"[-1, -2, -1, -2, -1, -1, -2, 1, 1, 1, 2, 1, 2, 1]"
2199,dfs_bnb_mpi,0.019506,-5,6,5280,"[-1, -1, 2, 1, 2, -1, 2, -1, -1, -2, 1, -2, -1, -1]"
2200,dfs_bnb_mpi,0.099895,-7,8,23069,"[-1, -1, -1, -1, 2, 2, 1, 2, 1, -2, 1, -2, -1, -1]"
2201,dfs_bnb_mpi,0.011011,-5,6,2466,"[-1, -1, 2, -1, -2, -2, 1, 1, -2, -1, -1, -1, 2, 2]"
2202,dfs_bnb_mpi,0.01134,-3,4,3182,"[-1, -1, 2, 2, 1, -2, 1, 1, -2, -2, -1, -1, -1, -1]"
2203,dfs_bnb_mpi,0.117708,-5,6,34524,"[-1, -1, 2, -1, -2, -1, -2, 1, 1, -2, 1, 1, 2, -1]"
2204,dfs_bnb_mpi,0.068484,-5,6,19355,"[-1, -1, 2, 2, 2, -1, -2, -1, -2, -1, -2, 1, 1, 2]"
2205,dfs_bnb_mpi,0.072674,-5,6,22170,"[-1, -2, -1, -2, 1, 1, 2, 1, 1, -2, -1, -2, -1, -1]"
2206,dfs_bnb_mpi,0.094307,-7,8,23948,"[-1, -1, 2, 1, 2, 1, -2, 1, -2, 1, -2, -1, -1, -1]"
2207,dfs_bnb_mpi,0.335277,-4,5,74271,"[-1, -2, -1, -1, 2, 2, 2, 2, 1, -2, 1, -2, -1, -2]"
2208,dfs_bnb_mpi,0.143903,-7,8,34314,"[-1, -1, 2, -1, -1, -2, 1, -2, -1, -2, 1, 1, 2, 1]"
2209,dfs_bnb_mpi,0.040646,-2,3,11446,"[-1, -1, 2, 2, 2, 2, 1, -2, -2, 1, 1, -2, -1, -1]"
2210,dfs_bnb_mpi,0.044289,-6,6,12555,"[-1, -2, 1, 1, -2, -1, -1, -1, 2, -1, 2, 1, 2, 1]"
2211,dfs_bnb_mpi,0.000192,-3,4,56,"[-1, -1, 2, 2, 2, 1, -2, -2, 1, 1, 2, -1, 2, 2]"
2212,dfs_bnb_mpi,0.002271,-5,5,622,"[-1, -1, 2, 1, 1, 2, -1, -1, 2, 1, 2, 1, -2, 1]"
2213,dfs_bnb_mpi,0.000403,-3,4,117,"[-1, -1, 2, 1, 1, 2, 1, -2, -2, -2, -1, -1, -1, -1]"
2214,dfs_bnb_mpi,0.003804,-4,5,1097,"[-1, -2, 1, 1, 2, 2, 2, 2, -1, -2, -2, -1, 2, 2]"
2215,dfs_bnb_mpi,0.02223,-4,5,6912,"[-1, -2, -1, -2, 1, -2, 1, 1, 1, 2, -1, -1, 2, 1]"
2216,dfs_bnb_mpi,0.012691,-7,7,3307,"[-1, -1, 2, 2, 1, -2, 1, 2, 2, 1, -2, 1, -2, -1]"
2217,dfs_bnb_mpi,0.012635,-6,7,3280,"[-1, -1, 2, 2, 2, 1, 1, -2, -1, -2, 1, 1, -2, 1]"
2218,dfs_bnb_mpi,0.083686,-4,5,24512,"[-1, -1, 2, 2, 2, 1, 2, 1, -2, 1, -2, -1, -1, -2]"
2219,dfs_bnb_mpi,0.005159,-6,7,1266,"[-1, -1, 2, 2, 2, 1, -2, -2, 1, 1, 2, -1, 2, 2]"
2220,dfs_bnb_mpi,0.003809,-4,5,1098,"[-1, -2, 1, 1, 2, 2, -1, -1, -1, -2, -2, -1, 2, 2]"
2221,dfs_bnb_mpi,0.002586,-5,6,744,"[-1, -1, 2, 1, 2, -1, -1, 2, -1, -2, -2, 1, -2, -1]"
2222,dfs_bnb_mpi,3.7e-05,0,1,15,"[-1, -1, 2, 2, 2, 2, 2, 2, 2, 2, 2, 2, 2, 2]"
2223,dfs_bnb_mpi,0.011938,-5,6,3300,"[-1, -1, 2, 1, 2, 1, -2, 1, 2, 1, -2, -2, -1, -2]"
2224,dfs_bnb_mpi,0.038825,-5,6,9303,"[-1, -1, 2, 2, 2, 1, -2, -2, 1, 2, 1, 1, -2, -1]"
2225,dfs_bnb_mpi,0.023918,-4,5,6658,"[-1, -1, 2, 2, 1, -2, 1, 2, 1, -2, -2, 1, -2, -1]"
2226,dfs_bnb_mpi,0.040828,-5,6,10173,"[-1, -2, -1, 2, -1, 2, 2, 2, 1, -2, -2, 1, 2, 2]"
2227,dfs_bnb_mpi,0.000269,-4,5,86,"[-1, -1, 2, 1, 1, 2, -1, 2, -1, -2, -1, 2, 2, 2]"
2228,dfs_bnb_mpi,0.006392,-5,6,1651,"[-1, -1, 2, 1, 1, 1, -2, 1, -2, -2, -1, 2, -1, -1]"
2229,dfs_bnb_mpi,0.021969,-5,6,5188,"[-1, -1, 2, 1, 2, 2, 1, 1, -2, -1, -2, 1, 1, 2]"
2230,dfs_bnb_mpi,0.075352,-5,5,20412,"[-1, -1, 2, 2, 1, -2, 1, 2, 2, 1, -2, 1, -2, -1]"
2231,dfs_bnb_mpi,0.008109,-2,3,2047,"[-1, -1, 2, 2, 2, 2, 2, 1, -2, 1, -2, -1, -2, 1]"
2232,dfs_bnb_mpi,0.063006,-3,4,14119,"[-1, -1, 2, 2, 2, 2, 2, 1, 1, -2, -1, -2, 1, 1]"
2233,dfs_bnb_mpi,0.165517,-3,4,43664,"[-1, -1, 2, 2, 2, 2, 1, 1, -2, -2, -2, -1, 2, 2]"
2234,dfs_bnb_mpi,0.044337,-7,8,11096,"[-1, -2, 1, 1, 2, 2, 1, 1, -2, -1, -2, -2, 1, 2]"
2235,dfs_bnb_mpi,0.009182,-4,5,2670,"[-1, -1, 2, 1, 1, 1, -2, -2, -1, -1, -2, -1, 2, -1]"
2236,dfs_bnb_mpi,0.020129,-4,5,4800,"[-1, -1, 2, 2, 2, 2, 1, 1, -2, -1, -2, 1, 1, 2]"
2237,dfs_bnb_mpi,0.015069,-4,5,3789,"[-1, -2, 1, 1, 2, 2, -1, 2, -1, -2, -1, 2, 2, 2]"
2238,dfs_bnb_mpi,0.014247,-4,5,4135,"[-1, -2, 1, 1, 2, 2, -1, -1, 2, -1, -1, -2, 1, -2]"
2239,dfs_bnb_mpi,0.327299,-5,6,74598,"[-1, -2, 1, 1, 2, 2, -1, -1, -1, -2, -2, -2, 1, 1]"
2240,dfs_bnb_mpi,0.005167,-5,6,1516,"[-1, -1, 2, 1, 1, 2, 1, -2, 1, -2, -1, -2, -1, -1]"
2241,dfs_bnb_mpi,0.056285,-7,7,14288,"[-1, -1, 2, 2, 2, 1, -2, 1, 2, 1, -2, -2, -1, -1]"
2242,dfs_bnb_mpi,0.016527,-5,6,4997,"[-1, -1, 2, 1, 2, 2, 2, 1, -2, 1, -2, -1, -2, 1]"
2243,dfs_bnb_mpi,0.016497,-5,6,4904,"[-1, -1, 2, 2, 1, -2, 1, 1, -2, 1, -2, -1, -1, -1]"
2244,dfs_bnb_mpi,0.055729,-5,6,16377,"[-1, -1, 2, -1, -1, 2, 1, 1, 2, 1, -2, 1, -2, -1]"
2245,dfs_bnb_mpi,0.001131,-5,5,321,"[-1, -1, 2, 1, 2, -1, 2, -1, -2, -1, -2, 1, -2, -1]"
2246,dfs_bnb_mpi,0.028648,-4,5,6692,"[-1, -1, 2, 2, 2, 2, 2, 1, -2, -2, -2, -2, 1, 2]"
2247,dfs_bnb_mpi,0.019537,-3,4,5930,"[-1, -1, 2, 2, 2, 1, 1, 2, -1, -1, 2, -1, -2, -2]"
2248,dfs_bnb_mpi,0.003276,-4,5,968,"[-1, -2, -1, 2, -1, 2, 1, 1, 2, 1, -2, 1, 2, 2]"
2249,dfs_bnb_mpi,0.047467,-3,4,13156,"[-1, -1, 2, 2, 2, 2, -1, -2, -2, -1, -2, 1, -2, -1]"
2250,dfs_bnb_mpi,0.006511,-4,5,1948,"[-1, -1, 2, 1, 2, -1, 2, 2, -1, -2, -1, -2, 1, -2]"
2251,dfs_bnb_mpi,0.011401,-4,5,3531,"[-1, -1, 2, 2, 1, -2, 1, 2, 2, -1, -1, -1, -2, -1]"
2252,dfs_bnb_mpi,0.003987,-5,6,812,"[-1, -2, 1, 1, 2, 1, -2, -2, -1, -1, -1, -1, 2, 2]"
2253,dfs_bnb_mpi,0.000776,-3,4,233,"[-1, -1, 2, -1, 2, 1, 1, -2, 1, 2, 2, 2, 2, 2]"
2254,dfs_bnb_mpi,0.119754,-6,7,28052,"[-1, -2, -1, 2, -1, 2, 2, 2, 1, -2, -2, 1, 2, 2]"
2255,dfs_bnb_mpi,0.002078,-4,5,514,"[-1, -1, 2, 2, 1, -2, 1, 2, 2, -1, 2, 2, 2, 2]"
2256,dfs_bnb_mpi,0.000338,-2,3,95,"[-1, -1, 2, 1, 2, 2, -1, -2, -1, -2, -1, 2, 2, 2]"
2257,dfs_bnb_mpi,0.038764,-4,5,8562,"[-1, -1, 2, 2, 1, -2, 1, 2, 2, 2, -1, -2, -1, 2]"
2258,dfs_bnb_mpi,0.012249,-4,5,3740,"[-1, -1, 2, 1, 2, -1, 2, -1, 2, -1, -2, -2, 1, -2]"
2259,dfs_bnb_mpi,0.008179,-2,3,2370,"[-1, -1, 2, 2, 1, 2, 2, -1, -2, -1, -1, -2, 1, -2]"
2260,dfs_bnb_mpi,0.011037,-5,6,2510,"[-1, -1, 2, 2, 2, 1, 1, -2, -1, -2, 1, 1, 2, 2]"
2261,dfs_bnb_mpi,0.002479,-2,3,751,"[-1, -1, 2, 2, 2, -1, -2, -2, -2, -1, -2, 1, 1, 1]"
2262,dfs_bnb_mpi,0.019126,-6,7,5174,"[-1, -2, -1, 2, 2, 1, 2, -1, 2, 1, 1, -2, -2, 1]"
2263,dfs_bnb_mpi,0.123051,-5,6,36439,"[-1, -1, 2, 1, 1, 2, 2, 2, -1, -1, -2, -2, 1, 2]"
2264,dfs_bnb_mpi,0.091627,-6,7,24477,"[-1, -1, 2, 2, 2, 1, 1, 1, -2, -2, -1, -1, 2, 1]"
2265,dfs_bnb_mpi,0.058551,-4,5,15459,"[-1, -1, 2, 2, 2, -1, -2, -1, -2, 1, -2, -1, -1, 2]"
2266,dfs_bnb_mpi,0.107767,-3,4,33111,"[-1, -1, 2, 2, 2, 2, 1, 1, -2, -2, -2, -1, 2, 2]"
2267,dfs_bnb_mpi,0.00377,-5,6,988,"[-1, -1, 2, 2, 2, 1, -2, -2, 1, 2, 2, 1, -2, 1]"
2268,dfs_bnb_mpi,0.009588,-2,3,2669,"[-1, -1, 2, 2, 2, 2, 2, 2, 1, 2, -1, -1, -2, -1]"
2269,dfs_bnb_mpi,0.166087,-6,7,39423,"[-1, -1, 2, 2, 1, 2, 2, 1, 1, -2, -1, -2, -2, -1]"
2270,dfs_bnb_mpi,0.008088,-5,5,2347,"[-1, -1, 2, 2, 2, 1, 2, 1, -2, -2, -1, -2, 1, 1]"
2271,dfs_bnb_mpi,0.288834,-5,6,70142,"[-1, -1, 2, 2, 2, 2, 1, 1, -2, 1, -2, -1, -1, 2]"
2272,dfs_bnb_mpi,0.076957,-6,7,18349,"[-1, -1, 2, 2, -1, -2, -2, -2, 1, 1, 1, -2, -1, -1]"
2273,dfs_bnb_mpi,0.032908,-6,7,7439,"[-1, -1, -1, 2, 2, 2, 1, -2, -2, 1, 2, 1, -2, 1]"
2274,dfs_bnb_mpi,0.044371,-3,4,12341,"[-1, -1, 2, 2, 2, 2, 2, 1, -2, 1, -2, -1, -2, 1]"
2275,dfs_bnb_mpi,0.126065,-5,6,36559,"[-1, -1, 2, -1, -2, -2, -1, -2, 1, -2, 1, 2, 2, 1]"
2276,dfs_bnb_mpi,0.027585,-5,6,7578,"[-1, -1, 2, 2, -1, -2, -2, -1, -2, -2, 1, 1, 2, -1]"
2277,dfs_bnb_mpi,0.047638,-5,6,13579,"[-1, -1, 2, 2, 1, 2, 1, 2, 1, -2, -2, -1, -2, -1]"
2278,dfs_bnb_mpi,0.004818,-5,6,1237,"[-1, -1, 2, -1, 2, 2, 1, -2, 1, -2, 1, 2, 2, 2]"
2279,dfs_bnb_mpi,0.018506,-7,7,4529,"[-1, -1, 2, 2, 2, 2, 1, -2, -2, -2, 1, 1, 2, -1]"
2280,dfs_bnb_mpi,0.144305,-5,6,36600,"[-1, -1, 2, -1, -1, 2, -1, -2, -2, 1, 1, -2, -1, -1]"
2281,dfs_bnb_mpi,0.036028,-6,7,9421,"[-1, -1, 2, 1, 1, 1, 2, -1, -1, 2, -1, -2, -1, -2]"
2282,dfs_bnb_mpi,0.071379,-6,7,16405,"[-1, -1, 2, -1, -2, -1, -2, -2, 1, 2, 1, 1, -2, -1]"
2283,dfs_bnb_mpi,0.044684,-7,8,10068,"[-1, -2, -1, -2, 1, 1, 2, 1, 2, 1, -2, -2, -1, -2]"
2284,dfs_bnb_mpi,0.008177,-6,7,2271,"[-1, -1, 2, -1, -2, -2, 1, -2, 1, 2, 1, 1, 2, 2]"
2285,dfs_bnb_mpi,0.120755,-5,5,35752,"[-1, -1, 2, 2, 2, 1, -2, 1, 2, 1, -2, -2, -1, -1]"
2286,dfs_bnb_mpi,0.00924,-5,5,2255,"[-1, -1, 2, 1, 1, 2, 2, 1, -2, 1, -2, -1, -2, 1]"
2287,dfs_bnb_mpi,0.009335,-4,5,2350,"[-1, -2, 1, 1, 2, 2, 2, -1, -2, -1, -1, -2, -1, 2]"
2288,dfs_bnb_mpi,0.000387,-2,3,88,"[-1, -1, 2, 2, 2, 2, 1, -2, 1, -2, -1, -2, 1, 1]"
2289,dfs_bnb_mpi,0.000134,-2,2,42,"[-1, -1, 2, 2, 2, 2, 1, -2, -2, -2, 1, 2, 2, 2]"
2290,dfs_bnb_mpi,0.030267,-5,6,8269,"[-1, -1, 2, 2, -1, -2, -1, -2, 1, -2, 1, 1, -2, -1]"
2291,dfs_bnb_mpi,0.003896,-5,6,1072,"[-1, -2, -1, -1, 2, 1, 2, 1, 2, -1, -1, -2, -1, 2]"
2292,dfs_bnb_mpi,0.042325,-4,4,9838,"[-1, -1, 2, 2, 2, 2, 2, 1, -2, -2, 1, -2, -1, -2]"
2293,dfs_bnb_mpi,0.023202,-5,6,6089,"[-1, -1, 2, 2, 2, 1, -2, -2, 1, 2, 2, 1, -2, -2]"
2294,dfs_bnb_mpi,0.006719,-5,6,1944,"[-1, -1, 2, 2, -1, -2, -1, -2, 1, -2, -2, 1, 2, 1]"
2295,dfs_bnb_mpi,0.000139,-2,3,38,"[-1, -1, 2, 2, 2, 2, 2, 2, 2, 1, 1, -2, -1, -2]"
2296,dfs_bnb_mpi,0.116387,-6,7,30307,"[-1, -1, 2, 2, 2, 2, -1, -2, -2, -1, -2, -2, 1, 2]"
2297,dfs_bnb_mpi,0.020958,-4,5,5850,"[-1, -2, 1, -2, -1, -1, 2, 2, 2, 1, 2, 1, -2, 1]"
2298,dfs_bnb_mpi,0.023431,-7,8,6597,"[-1, -2, 1, 1, 1, 2, -1, 2, -1, 2, -1, -2, -1, -2]"
2299,dfs_bnb_mpi,0.017745,-6,7,4338,"[-1, -2, 1, 1, 2, 2, -1, 2, -1, -2, -1, -2, -2, -1]"
2300,dfs_bnb_mpi,0.000419,-3,3,125,"[-1, -1, 2, -1, 2, 1, 1, -2, 1, 2, 2, 2, 2, 2]"
2301,dfs_bnb_mpi,0.007383,-4,5,1912,"[-1, -1, 2, 1, 1, 1, -2, -2, -2, -1, 2, -1, -1, -1]"
2302,dfs_bnb_mpi,0.017849,-5,6,4898,"[-1, -1, 2, -1, -2, -1, 2, 2, 1, 1, 2, 1, -2, -2]"
2303,dfs_bnb_mpi,0.069748,-3,4,18394,"[-1, -1, 2, -1, -2, -2, 1, 1, 1, -2, -1, -1, -1, -1]"
2304,dfs_bnb_mpi,0.103635,-4,4,28902,"[-1, -2, -1, -2, 1, -2, -1, -1, 2, 2, 2, 1, 2, 1]"
2305,dfs_bnb_mpi,0.048706,-4,5,14071,"[-1, -1, 2, 2, 2, 1, 2, -1, 2, -1, -2, -1, -2, 1]"
2306,dfs_bnb_mpi,0.41438,-3,4,89229,"[-1, -1, 2, 2, 2, 2, -1, -1, -2, -2, -2, 1, -2, -1]"
2307,dfs_bnb_mpi,0.002063,-5,5,541,"[-1, -1, 2, 1, 1, 2, -1, -1, 2, 1, 2, 1, -2, 1]"
2308,dfs_bnb_mpi,0.002236,-4,5,673,"[-1, -1, 2, 1, 1, 1, 2, -1, -1, 2, -1, -2, -1, 2]"
2309,dfs_bnb_mpi,0.001244,-4,4,354,"[-1, -2, -1, 2, -1, 2, 1, 2, 1, -2, 1, 2, 2, 2]"
2310,dfs_bnb_mpi,0.232354,-5,6,56871,"[-1, -1, 2, 2, 1, 2, 2, 1, -2, 1, -2, -1, -2, -1]"
2311,dfs_bnb_mpi,0.018954,-5,6,5467,"[-1, -1, 2, 2, 1, -2, 1, 2, 1, -2, 1, -2, -1, -2]"
2312,dfs_bnb_mpi,0.015609,-6,6,3559,"[-1, -1, -1, 2, 2, 2, 1, -2, -2, 1, 2, 1, -2, 1]"
2313,dfs_bnb_mpi,0.005171,-5,6,1486,"[-1, -1, 2, 1, 1, 2, 1, 2, 2, -1, -2, -1, -2, -1]"
2314,dfs_bnb_mpi,0.030573,-6,7,7359,"[-1, -2, 1, 1, 2, 1, 2, 2, -1, -2, -1, -1, 2, 1]"
2315,dfs_bnb_mpi,0.014964,-6,7,4347,"[-1, -1, 2, 1, 2, 1, -2, 1, -2, -2, -2, -1, 2, -1]"
2316,dfs_bnb_mpi,0.026816,-6,7,7238,"[-1, -1, 2, 1, 1, 2, 1, -2, 1, -2, -1, -2, -1, -1]"
2317,dfs_bnb_mpi,0.003235,-5,6,782,"[-1, -1, 2, 1, 1, 1, -2, -2, -1, -1, -1, -1, 2, 2]"
2318,dfs_bnb_mpi,0.004651,-4,5,1417,"[-1, -1, 2, -1, -2, -1, -2, -1, -2, 1, 1, 2, 1, 1]"
2319,dfs_bnb_mpi,0.005896,-6,7,1307,"[-1, -1, 2, 2, 2, 1, -2, -2, 1, 2, 1, 2, -1, 2]"
2320,dfs_bnb_mpi,0.002891,-2,3,779,"[-1, -1, 2, 2, 2, 2, 2, 1, 2, -1, 2, -1, -2, -2]"
2321,dfs_bnb_mpi,0.012871,-4,5,2865,"[-1, -1, 2, 2, 2, 2, 1, -2, -2, -2, 1, 2, 2, 2]"
2322,dfs_bnb_mpi,0.050789,-3,3,12215,"[-1, -1, 2, 2, 2, 2, 1, 1, -2, -2, -2, -1, 2, 2]"
2323,dfs_bnb_mpi,0.275818,-5,6,62027,"[-1, -1, 2, 2, 2, 2, 2, 1, 1, -2, -1, -2, -2, -2]"
2324,dfs_bnb_mpi,0.005238,-6,7,1265,"[-1, -1, 2, 2, 1, -2, 1, 2, 2, -1, 2, -1, -2, -1]"
2325,dfs_bnb_mpi,0.014617,-3,4,4535,"[-1, -1, 2, 1, 2, 2, -1, -1, -2, -2, -2, -1, 2, 2]"
2326,dfs_bnb_mpi,0.043193,-6,7,10556,"[-1, -1, -1, 2, 1, 2, 1, -2, 1, 1, 2, -1, 2, -1]"
2327,dfs_bnb_mpi,0.045147,-5,6,12705,"[-1, -2, -1, -1, 2, 1, 2, 1, 2, -1, 2, -1, -2, -2]"
2328,dfs_bnb_mpi,0.016067,-3,4,4719,"[-1, -1, 2, 2, 2, 1, -2, -2, 1, 1, 2, 2, -1, -2]"
2329,dfs_bnb_mpi,0.000155,-2,3,46,"[-1, -1, 2, 2, 2, 1, 1, -2, -1, -2, 1, 1, 2, 2]"
2330,dfs_bnb_mpi,0.01145,-4,5,3212,"[-1, -1, 2, 2, 1, -2, 1, 2, 2, 1, -2, -2, 1, 2]"
2331,dfs_bnb_mpi,0.005704,-5,6,1709,"[-1, -1, 2, -1, 2, 1, 2, 2, 1, -2, -2, 1, -2, -1]"
2332,dfs_bnb_mpi,0.023018,-7,8,6183,"[-1, -2, 1, 1, -2, -2, -1, 2, -1, -1, -2, 1, -2, 1]"
2333,dfs_bnb_mpi,0.239093,-5,6,58045,"[-1, -1, 2, 2, 2, 2, 1, 1, -2, -2, -2, -1, 2, 2]"
2334,dfs_bnb_mpi,0.008409,-4,5,2255,"[-1, -1, 2, 2, 1, 1, -2, 1, 2, 1, -2, -2, -1, -2]"
2335,dfs_bnb_mpi,0.012525,-5,6,2963,"[-1, -1, 2, 2, -1, -1, -2, 1, -2, -2, -1, 2, -1, 2]"
2336,dfs_bnb_mpi,0.072315,-6,7,15965,"[-1, -1, 2, -1, -2, -2, 1, 1, 1, -2, -1, -1, -2, 1]"
2337,dfs_bnb_mpi,0.023649,-4,5,6337,"[-1, -1, 2, 2, 2, 1, 2, -1, 2, -1, -2, -1, -2, 1]"
2338,dfs_bnb_mpi,0.011135,-6,7,3259,"[-1, -1, 2, 1, 2, -1, -1, -2, -1, -2, 1, -2, 1, 1]"
2339,dfs_bnb_mpi,0.0178,-6,7,5165,"[-1, -2, 1, 1, 2, 1, 2, 1, 2, -1, -1, -2, -1, 2]"
2340,dfs_bnb_mpi,0.132551,-6,6,38002,"[-1, -1, 2, 2, 2, 2, 1, -2, 1, 1, -2, -1, -1, -2]"
2341,dfs_bnb_mpi,0.025811,-4,4,6260,"[-1, -1, 2, 1, 2, 2, 2, 1, -2, -2, -2, 1, 2, 2]"
2342,dfs_bnb_mpi,0.00202,-5,5,586,"[-1, -2, 1, 1, 1, 2, -1, 2, -1, -1, 2, 2, 2, 2]"
2343,dfs_bnb_mpi,0.108399,-3,4,32851,"[-1, -1, 2, 2, 2, 2, 1, 1, -2, 1, -2, -1, -1, 2]"
2344,dfs_bnb_mpi,0.032631,-4,5,9822,"[-1, -2, 1, -2, 1, 2, 2, 1, 2, 2, -1, -1, -2, 1]"
2345,dfs_bnb_mpi,0.005489,-7,8,1321,"[-1, -2, 1, 1, 1, 2, -1, 2, 1, 2, -1, -1, -2, -1]"
2346,dfs_bnb_mpi,0.029635,-3,4,8582,"[-1, -1, 2, 2, 2, 1, 1, 1, -2, -1, -1, -2, 1, 1]"
2347,dfs_bnb_mpi,0.028052,-4,5,7263,"[-1, -1, 2, 2, 1, -2, 1, 2, 2, 1, 1, -2, -1, -2]"
2348,dfs_bnb_mpi,0.048283,-5,6,14465,"[-1, -1, 2, 2, 2, 1, 1, 1, -2, -2, -1, -1, 2, 1]"
2349,dfs_bnb_mpi,0.053219,-6,6,15016,"[-1, -1, 2, 1, 1, 2, -1, 2, 2, -1, -2, -1, -2, 1]"
2350,dfs_bnb_mpi,0.056894,-6,6,17036,"[-1, -1, 2, 2, 2, 1, 1, 1, -2, -2, -1, 2, -1, -2]"
2351,dfs_bnb_mpi,0.094125,-5,6,26184,"[-1, -1, 2, 2, 2, 2, -1, -2, -2, -1, -2, -2, 1, 2]"
2352,dfs_bnb_mpi,0.000215,-2,3,58,"[-1, -1, 2, -1, -1, -2, 1, -2, 1, 1, 1, 1, 2, 2]"
2353,dfs_bnb_mpi,0.137996,-6,7,34542,"[-1, -2, 1, -2, 1, 2, 2, 2, -1, 2, 1, 1, -2, -2]"
2354,dfs_bnb_mpi,0.02558,-6,6,6205,"[-1, -1, 2, 2, 2, 2, 1, -2, -2, -2, 1, 2, 2, 2]"
2355,dfs_bnb_mpi,0.122821,-5,6,35326,"[-1, -1, 2, 1, 2, 2, 1, 1, -2, 1, -2, -1, -1, 2]"
2356,dfs_bnb_mpi,0.000288,-2,3,88,"[-1, -1, 2, 2, 2, 2, 1, -2, 1, -2, -1, -2, 1, 1]"
2357,dfs_bnb_mpi,0.001856,-4,4,481,"[-1, -2, -1, 2, -1, 2, 1, 2, 1, -2, 1, 2, 2, 2]"
2358,dfs_bnb_mpi,0.046474,-6,7,12229,"[-1, -2, -1, -2, 1, 1, 2, 1, 2, 1, 2, -1, -1, 2]"
2359,dfs_bnb_mpi,0.014646,-4,5,4049,"[-1, -2, 1, 1, 1, -2, 1, -2, -1, -1, 2, -1, -1, -1]"
2360,dfs_bnb_mpi,0.078782,-4,5,21247,"[-1, -1, 2, 2, -1, -1, -2, 1, -2, -1, -1, -1, 2, 1]"
2361,dfs_bnb_mpi,0.012707,-4,5,3646,"[-1, -1, 2, 2, 2, 1, 2, -1, 2, -1, -2, -1, -2, 1]"
2362,dfs_bnb_mpi,0.048808,-7,7,14005,"[-1, -2, 1, -2, 1, 2, 2, 2, 1, -2, 1, -2, -1, -2]"
2363,dfs_bnb_mpi,0.007646,-5,6,2021,"[-1, -2, 1, 1, 2, 2, 1, 2, 1, -2, -2, -1, -2, 1]"
2364,dfs_bnb_mpi,0.015383,-4,5,3543,"[-1, -2, -1, 2, 2, -1, 2, 1, 1, -2, 1, 2, 2, 2]"
2365,dfs_bnb_mpi,0.213594,-6,7,46293,"[-1, -1, 2, 2, 1, -2, 1, 2, 2, 2, -1, -1, -2, 1]"
2366,dfs_bnb_mpi,0.002359,-4,4,568,"[-1, -1, 2, 2, 2, 1, -2, -2, 1, 2, 2, 2, 2, 2]"
2367,dfs_bnb_mpi,0.009859,-5,6,2485,"[-1, -2, 1, -2, 1, 2, 2, 2, 1, -2, -2, 1, 2, 2]"
2368,dfs_bnb_mpi,0.040891,-7,8,10199,"[-1, -2, 1, 1, -2, -2, -1, 2, -1, -1, -2, 1, -2, 1]"
2369,dfs_bnb_mpi,0.055273,-7,8,12299,"[-1, -1, 2, -1, 2, 2, 1, -2, 1, 2, 1, -2, -2, -1]"
2370,dfs_bnb_mpi,0.049712,-6,7,14241,"[-1, -1, 2, 2, 1, 2, -1, 2, 1, 1, -2, -2, -2, -1]"
2371,dfs_bnb_mpi,0.014096,-6,7,3429,"[-1, -1, 2, -1, -2, -2, 1, -2, 1, 2, 1, -2, 1, 2]"
2372,dfs_bnb_mpi,0.059933,-8,9,14060,"[-1, -1, 2, 2, 2, 1, 1, -2, -1, -2, 1, 1, 2, 2]"
2373,dfs_bnb_mpi,0.002873,-4,5,658,"[-1, -2, 1, 1, 2, 2, 2, -1, -2, -1, 2, 2, 2, 2]"
2374,dfs_bnb_mpi,0.053607,-6,7,15083,"[-1, -1, 2, -1, -1, -2, 1, -2, -1, -2, 1, 1, 2, 1]"
2375,dfs_bnb_mpi,0.04874,-5,5,12726,"[-1, -1, 2, 2, 1, -2, 1, 2, 2, 1, -2, 1, -2, -1]"
2376,dfs_bnb_mpi,0.102816,-7,8,26117,"[-1, -1, 2, 2, -1, -1, -2, 1, -2, -1, -2, 1, 1, 1]"
2377,dfs_bnb_mpi,0.118175,-5,6,29824,"[-1, -2, 1, 1, 2, 1, -2, 1, -2, -1, -1, -1, -2, 1]"
2378,dfs_bnb_mpi,0.04088,-5,6,12455,"[-1, -1, 2, 2, 1, -2, 1, 2, 2, 2, 2, -1, -2, -2]"
2379,dfs_bnb_mpi,0.000845,-4,5,238,"[-1, -1, 2, 1, 2, -1, 2, 1, 1, -2, -2, 1, 2, 2]"
2380,dfs_bnb_mpi,0.072887,-4,5,22213,"[-1, -2, 1, 1, 1, 2, -1, 2, 2, 2, -1, -2, -2, -1]"
2381,dfs_bnb_mpi,0.015973,-6,7,4429,"[-1, -1, 2, -1, 2, 1, 1, 2, 1, 1, -2, -1, -2, -1]"
2382,dfs_bnb_mpi,0.009781,-7,7,2809,"[-1, -1, 2, 1, 2, -1, 2, 1, 2, 1, -2, -2, -2, 1]"
2383,dfs_bnb_mpi,0.002329,-2,3,735,"[-1, -1, 2, 2, -1, -2, -1, -1, -2, 1, 1, -2, 1, 1]"
2384,dfs_bnb_mpi,0.10214,-6,6,29835,"[-1, -2, -1, 2, 2, 2, 2, 2, 1, -2, 1, -2, -1, -2]"
2385,dfs_bnb_mpi,0.044974,-7,8,11510,"[-1, -1, 2, 1, 2, 1, -2, 1, 1, -2, -1, -2, -1, -1]"
2386,dfs_bnb_mpi,0.009937,-4,5,2336,"[-1, -1, 2, -1, -1, -2, 1, -2, 1, 1, -2, -1, -1, -1]"
2387,dfs_bnb_mpi,0.015302,-5,6,3810,"[-1, -2, -1, -2, -1, -2, 1, 1, 2, 1, 2, 1, 2, 2]"
2388,dfs_bnb_mpi,0.005525,-4,5,1591,"[-1, -1, 2, -1, -2, -1, -2, -2, 1, 2, 1, 1, 1, 1]"
2389,dfs_bnb_mpi,0.082092,-4,5,18564,"[-1, -1, 2, 2, 2, 1, 2, 1, -2, -2, -1, -2, 1, 1]"
2390,dfs_bnb_mpi,0.003509,-3,4,1104,"[-1, -1, 2, -1, -2, -2, -1, -2, 1, 1, 2, 1, 1, 1]"
2391,dfs_bnb_mpi,0.029525,-3,4,7159,"[-1, -1, 2, 2, 2, 2, 2, 1, -2, -2, 1, -2, -1, -2]"
2392,dfs_bnb_mpi,0.206664,-6,7,46094,"[-1, -1, 2, 2, 2, 2, 1, 1, -2, -1, -2, 1, -2, -1]"
2393,dfs_bnb_mpi,0.010351,-5,6,3151,"[-1, -1, 2, -1, 2, 1, 2, 1, -2, 1, 1, -2, -1, -1]"
2394,dfs_bnb_mpi,0.005862,-4,5,1697,"[-1, -1, 2, -1, -2, -1, -1, -2, 1, 1, 1, 1, -2, -1]"
2395,dfs_bnb_mpi,0.0073,-3,4,2270,"[-1, -1, 2, 1, 2, 2, 2, 1, -2, -2, -2, 1, 2, 2]"
2396,dfs_bnb_mpi,0.049338,-3,4,12012,"[-1, -1, 2, 2, 2, 2, 1, 1, -2, -2, -1, -2, 1, 1]"
2397,dfs_bnb_mpi,0.026393,-3,4,6340,"[-1, -1, 2, 2, 2, 1, 1, 1, -2, -1, -2, 1, 1, 2]"
2398,dfs_bnb_mpi,0.029562,-4,5,6941,"[-1, -1, 2, 2, 2, -1, -2, -1, -2, 1, -2, -1, -1, 2]"
2399,dfs_bnb_mpi,0.010572,-4,5,3091,"[-1, -2, 1, 1, 2, 2, -1, 2, -1, -2, -1, -2, -1, 2]"
2400,dfs_bnb_mpi,0.013914,-6,7,3125,"[-1, -1, 2, -1, 2, 2, 1, -2, 1, -2, 1, 2, 2, 2]"
2401,dfs_bnb_mpi,0.109657,-6,7,26544,"[-1, -1, 2, -1, -2, -1, -2, 1, 1, -2, -1, -2, -1, 2]"
2402,dfs_bnb_mpi,0.007018,-5,6,1943,"[-1, -1, 2, 2, 2, 1, -2, -2, 1, 1, -2, -2, -1, -1]"
2403,dfs_bnb_mpi,0.063983,-6,7,14948,"[-1, -1, 2, 1, 2, 2, 1, -2, -2, 1, -2, -2, -1, -1]"
2404,dfs_bnb_mpi,0.181636,-6,6,43251,"[-1, -1, 2, 2, 2, 1, 1, 1, -2, -2, -1, 2, -1, -2]"
2405,dfs_bnb_mpi,0.005541,-5,6,1474,"[-1, -1, 2, 2, 1, -2, 1, 2, 2, 1, -2, -2, 1, 2]"
2406,dfs_bnb_mpi,0.036638,-3,4,9337,"[-1, -2, 1, 1, 2, 2, 1, -2, -2, -2, -1, -1, -1, -1]"
2407,dfs_bnb_mpi,0.00024,-2,3,72,"[-1, -1, 2, 2, -1, -2, -2, -2, 1, 1, 1, 1, 2, 2]"
2408,dfs_bnb_mpi,0.099373,-5,6,27766,"[-1, -1, 2, 2, 2, -1, -2, -1, -1, -2, 1, -2, 1, 2]"
2409,dfs_bnb_mpi,0.113412,-5,6,34043,"[-1, -1, 2, 2, -1, -1, -2, -2, -1, -2, 1, 1, 2, 2]"
2410,dfs_bnb_mpi,0.000608,-3,4,175,"[-1, -2, -2, -1, 2, 2, -1, 2, 1, 1, 2, 2, 2, 2]"
2411,dfs_bnb_mpi,0.012541,-5,6,3202,"[-1, -1, 2, 2, -1, -2, -1, -2, 1, -2, -1, -1, 2, 2]"
2412,dfs_bnb_mpi,0.125512,-5,6,36021,"[-1, -1, 2, 2, 1, 1, 1, 1, -2, -2, -1, 2, -1, -1]"
2413,dfs_bnb_mpi,0.107756,-3,3,33897,"[-1, -1, 2, 1, 2, 2, 2, 2, -1, -2, -2, -2, -1, -2]"
2414,dfs_bnb_mpi,0.000422,-2,3,125,"[-1, -1, 2, 2, 2, 2, -1, -2, -2, -2, -2, -1, -2, 1]"
2415,dfs_bnb_mpi,0.225999,-5,6,58682,"[-1, -1, 2, 2, -1, -1, -2, -1, -1, -2, 1, 1, 1, 2]"
2416,dfs_bnb_mpi,0.032577,-7,8,8351,"[-1, -1, 2, 1, 2, 1, -2, 1, -2, -2, -1, -1, -2, 1]"
2417,dfs_bnb_mpi,0.049849,-4,5,13428,"[-1, -1, 2, 2, 2, 1, 1, -2, -1, -2, 1, 1, 2, 2]"
2418,dfs_bnb_mpi,0.00288,-5,6,774,"[-1, -1, 2, 2, -1, 2, 1, 1, -2, -2, 1, 2, 2, 2]"
2419,dfs_bnb_mpi,0.058597,-5,6,16459,"[-1, -2, 1, 1, 2, 1, 2, -1, -1, 2, 2, -1, -2, -2]"
2420,dfs_bnb_mpi,0.009032,-5,6,2574,"[-1, -1, 2, 1, 1, 2, -1, -1, 2, 2, 1, 1, -2, -1]"
2421,dfs_bnb_mpi,0.200918,-5,6,46526,"[-1, -1, 2, 2, -1, -2, -2, -1, -1, -2, 1, 1, 1, 1]"
2422,dfs_bnb_mpi,0.001751,-5,6,469,"[-1, -1, 2, 1, 1, 2, 1, 2, 2, -1, -2, -1, -2, -1]"
2423,dfs_bnb_mpi,0.031227,-4,5,9146,"[-1, -2, -2, 1, 2, 1, 2, 2, -1, 2, 2, -1, -2, -2]"
2424,dfs_bnb_mpi,0.085652,-6,6,20079,"[-1, -1, 2, -1, -2, -1, -2, -2, 1, 2, 1, 1, -2, -1]"
2425,dfs_bnb_mpi,0.079508,-7,7,20856,"[-1, -1, 2, 1, 1, 1, 2, 2, -1, -1, -1, -2, 1, 1]"
2426,dfs_bnb_mpi,0.096429,-4,5,26058,"[-1, -2, -1, -1, 2, 2, -1, 2, 1, 1, 1, -2, -1, -2]"
2427,dfs_bnb_mpi,0.017392,-5,6,5325,"[-1, -1, 2, 1, 2, 2, 1, 2, 1, -2, -2, -1, -2, 1]"
2428,dfs_bnb_mpi,0.00544,-7,8,1555,"[-1, -1, 2, 1, 1, 2, -1, 2, -1, -2, -1, -2, -2, -1]"
2429,dfs_bnb_mpi,0.05297,-4,5,14195,"[-1, -1, 2, 2, -1, -1, -1, -2, 1, 1, -2, -1, -2, 1]"
2430,dfs_bnb_mpi,0.112717,-3,4,34857,"[-1, -1, 2, 2, 1, -2, 1, 1, 2, 2, 2, -1, -2, -2]"
2431,dfs_bnb_mpi,0.130687,-7,8,33549,"[-1, -2, 1, -2, -2, 1, 2, 2, 2, 2, 1, -2, -2, -2]"
2432,dfs_bnb_mpi,0.001791,-4,5,510,"[-1, -1, 2, 2, 1, 1, 2, 1, 1, -2, -1, -2, -1, -1]"
2433,dfs_bnb_mpi,0.140251,-5,6,37061,"[-1, -1, 2, 2, -1, -1, -2, -1, -2, 1, -2, 1, 2, 2]"
2434,dfs_bnb_mpi,0.005871,-3,4,1762,"[-1, -1, 2, 1, 2, 2, 1, -2, -2, 1, -2, 1, 2, 2]"
2435,dfs_bnb_mpi,0.000805,-2,3,243,"[-1, -1, 2, 2, 2, 1, 2, -1, -1, -2, -1, 2, 2, 2]"
2436,dfs_bnb_mpi,0.014822,-2,3,4381,"[-1, -1, 2, 2, 2, 2, 2, 1, 2, -1, 2, -1, -2, -2]"
2437,dfs_bnb_mpi,0.028868,-6,7,6612,"[-1, -1, 2, 2, 2, 1, -2, -2, 1, 2, 1, 1, -2, -1]"
2438,dfs_bnb_mpi,0.005645,-6,7,1594,"[-1, -2, 1, -2, 1, 2, 1, 2, -1, 2, 2, -1, -2, -1]"
2439,dfs_bnb_mpi,4.1e-05,0,1,15,"[-1, -1, 2, 2, 2, 2, 2, 2, 2, 2, 2, 2, 2, 2]"
2440,dfs_bnb_mpi,0.096892,-5,6,22299,"[-1, -1, 2, 2, 2, -1, -2, -1, -2, 1, -2, -1, -2, 1]"
2441,dfs_bnb_mpi,0.025208,-6,7,7083,"[-1, -1, 2, 1, 1, 2, -1, 2, 1, 1, -2, -2, -2, 1]"
2442,dfs_bnb_mpi,0.085902,-5,6,22076,"[-1, -1, 2, 2, 2, -1, -2, -1, -2, 1, -2, -1, -1, 2]"
2443,dfs_bnb_mpi,0.056371,-4,5,14891,"[-1, -1, 2, 2, 2, 1, 2, -1, 2, -1, -1, -2, 1, -2]"
2444,dfs_bnb_mpi,0.321218,-3,4,93600,"[-1, -1, 2, 2, 2, 2, 2, 1, -2, 1, -2, -2, -1, 2]"
2445,dfs_bnb_mpi,0.012242,-5,6,3057,"[-1, -1, 2, 1, 2, -1, 2, -1, 2, -1, -2, -2, 1, -2]"
2446,dfs_bnb_mpi,0.016164,-6,7,4708,"[-1, -2, -1, -2, 1, 1, 2, 1, -2, -2, -1, -2, -1, 2]"
2447,dfs_bnb_mpi,0.035615,-7,8,9742,"[-1, -1, 2, 1, 1, 1, 2, -1, 2, -1, -2, -1, -1, -2]"
2448,dfs_bnb_mpi,0.029796,-6,7,7391,"[-1, -1, 2, 2, 2, 1, -2, -2, 1, 1, 2, -1, 2, 2]"
2449,dfs_bnb_mpi,0.004995,-5,6,1361,"[-1, -1, 2, -1, -1, -2, 1, -2, 1, -2, -1, -1, 2, -1]"
2450,dfs_bnb_mpi,0.004245,-3,4,1035,"[-1, -1, 2, 2, 2, 1, -2, -2, 1, 2, 2, 2, 2, 2]"
2451,dfs_bnb_mpi,0.007149,-5,6,1922,"[-1, -1, 2, 2, 1, -2, 1, 2, 1, -2, -2, 1, 2, 2]"
2452,dfs_bnb_mpi,0.031795,-4,5,9376,"[-1, -1, 2, 2, 2, 1, -2, 1, 2, 1, -2, -2, -1, -1]"
2453,dfs_bnb_mpi,0.053299,-2,3,12693,"[-1, -1, 2, 2, 2, 2, 2, 2, 2, 1, -2, -2, 1, 2]"
2454,dfs_bnb_mpi,0.003078,-5,6,770,"[-1, -1, 2, -1, -2, -1, 2, 2, -1, -2, -1, -2, 1, -2]"
2455,dfs_bnb_mpi,0.098195,-5,6,24861,"[-1, -1, 2, 1, 2, -1, 2, -1, -2, -1, -2, 1, -2, -1]"
2456,dfs_bnb_mpi,0.014241,-6,7,3294,"[-1, -1, 2, 2, 2, -1, -1, -2, 1, -2, -1, -2, 1, -2]"
2457,dfs_bnb_mpi,4.2e-05,0,1,15,"[-1, -1, 2, 2, 2, 2, 2, 2, 2, 2, 2, 2, 2, 2]"
2458,dfs_bnb_mpi,0.01592,-6,7,4290,"[-1, -2, 1, 1, 1, -2, -1, -1, -1, -1, 2, -1, 2, 1]"
2459,dfs_bnb_mpi,0.002362,-4,5,637,"[-1, -1, 2, 1, 1, 2, 1, 1, -2, -1, -2, 1, 1, 2]"
2460,dfs_bnb_mpi,0.082034,-7,8,22321,"[-1, -1, 2, 2, 1, 2, 1, 2, 1, -2, -2, -1, -2, -1]"
2461,dfs_bnb_mpi,0.003965,-4,4,1183,"[-1, -1, 2, -1, -2, -1, -1, -2, 1, -2, 1, 1, 2, -1]"
2462,dfs_bnb_mpi,0.003029,-6,6,852,"[-1, -1, 2, 1, 1, 1, 2, -1, 2, -1, -2, -1, 2, 2]"
2463,dfs_bnb_mpi,0.007464,-6,7,2058,"[-1, -1, 2, 1, 2, -1, 2, 1, 1, 1, -2, -1, -2, 1]"
2464,dfs_bnb_mpi,0.013789,-6,6,4085,"[-1, -1, 2, 1, 1, 1, 2, -1, -1, 2, 2, -1, -2, -2]"
2465,dfs_bnb_mpi,0.036441,-7,8,9361,"[-1, -1, 2, -1, -2, -1, 2, 2, 2, 1, -2, 1, 1, -2]"
2466,dfs_bnb_mpi,0.047316,-4,5,14658,"[-1, -1, 2, 1, 1, 2, 1, 2, 1, -2, -2, -2, -1, 2]"
2467,dfs_bnb_mpi,0.003582,-3,4,943,"[-1, -1, 2, 2, 2, 1, -2, -2, 1, 1, -2, 1, 2, 2]"
2468,dfs_bnb_mpi,0.069587,-7,8,19132,"[-1, -1, 2, 2, 1, 2, 1, 2, 1, -2, -2, -1, -2, -1]"
2469,dfs_bnb_mpi,0.055383,-6,7,16487,"[-1, -1, 2, -1, 2, 1, 2, 2, 1, -2, -2, 1, -2, -1]"
2470,dfs_bnb_mpi,0.00262,-4,5,802,"[-1, -1, 2, -1, -2, -1, -2, 1, 1, -2, 1, 2, 1, 1]"
2471,dfs_bnb_mpi,0.068126,-4,5,19794,"[-1, -1, 2, 2, 1, 1, 2, 2, 1, -2, -2, -2, -1, -1]"
2472,dfs_bnb_mpi,0.005547,-5,6,1631,"[-1, -1, 2, 1, 2, 1, -2, 1, -2, -2, -1, -1, -1, -1]"
2473,dfs_bnb_mpi,0.024219,-2,3,7517,"[-1, -1, 2, 2, 2, 1, 2, 2, 2, -1, -2, -2, -1, -2]"
2474,dfs_bnb_mpi,0.021302,-5,6,5426,"[-1, -1, 2, -1, -2, -1, -2, 1, 1, 1, -2, -1, -1, -1]"
2475,dfs_bnb_mpi,0.014495,-6,7,3794,"[-1, -2, 1, -2, 1, 1, 2, -1, 2, 2, 1, 1, -2, -1]"
2476,dfs_bnb_mpi,0.054124,-6,7,14811,"[-1, -1, 2, 2, -1, 2, 2, 1, -2, 1, -2, 1, -2, -1]"
2477,dfs_bnb_mpi,0.002554,-5,6,797,"[-1, -1, 2, 1, 2, 2, -1, -2, -1, -2, -1, -2, 1, -2]"
2478,dfs_bnb_mpi,0.200243,-4,4,53656,"[-1, -1, 2, 2, 2, 1, 2, 2, 1, -2, -2, -2, -1, -2]"
2479,dfs_bnb_mpi,0.057523,-5,6,16655,"[-1, -1, 2, 1, 2, -1, 2, -1, 2, -1, -2, -2, 1, -2]"
2480,dfs_bnb_mpi,0.021821,-4,5,5820,"[-1, -1, -1, 2, 1, 1, 2, 2, 1, 1, -2, -1, -2, 1]"
2481,dfs_bnb_mpi,0.005839,-5,6,1622,"[-1, -2, 1, 1, 2, 2, 2, -1, -2, -1, -1, -2, -1, 2]"
2482,dfs_bnb_mpi,0.067827,-6,7,19258,"[-1, -1, 2, 1, 2, 2, 1, 1, 1, -2, -1, -2, -1, 2]"
2483,dfs_bnb_mpi,0.032431,-6,7,7678,"[-1, -1, 2, -1, -2, -1, -2, 1, 1, -2, -1, -2, -1, 2]"
2484,dfs_bnb_mpi,0.006899,-5,6,1893,"[-1, -1, 2, 1, 1, 2, 1, -2, 1, -2, -1, -2, -1, -1]"
2485,dfs_bnb_mpi,0.000919,-4,5,244,"[-1, -1, 2, -1, -2, -2, 1, -2, 1, 2, 1, 1, 2, 2]"
2486,dfs_bnb_mpi,0.138784,-4,5,37981,"[-1, -1, 2, 2, 1, 2, 2, 1, -2, 1, -2, -1, -2, -1]"
2487,dfs_bnb_mpi,0.028416,-5,6,8525,"[-1, -1, 2, 1, 2, -1, 2, -1, -2, -1, -2, -2, 1, 2]"
2488,dfs_bnb_mpi,0.037086,-2,3,10383,"[-1, -1, 2, 2, 2, 2, 2, 2, 2, 1, 2, -1, -1, -2]"
2489,dfs_bnb_mpi,0.057183,-7,8,13099,"[-1, -1, 2, 2, 2, 1, 1, -2, -1, -2, 1, 1, 2, 2]"
2490,dfs_bnb_mpi,0.133884,-4,5,36868,"[-1, -1, 2, 2, 2, 2, 2, 1, -2, -2, 1, -2, -1, -2]"
2491,dfs_bnb_mpi,0.014696,-4,5,4141,"[-1, -2, -1, 2, -1, 2, 2, 2, 1, -2, -2, 1, 2, 2]"
2492,dfs_bnb_mpi,0.137283,-3,4,42120,"[-1, -1, 2, 2, -1, 2, -1, -2, -2, -1, -2, 1, 1, 2]"
2493,dfs_bnb_mpi,0.073682,-4,5,16710,"[-1, -1, 2, 2, 2, 2, 2, 1, -2, -2, -2, -2, 1, 2]"
2494,dfs_bnb_mpi,0.008716,-6,7,2145,"[-1, -2, 1, 1, 2, 2, 1, -2, -2, 1, 2, 2, 2, 2]"
2495,dfs_bnb_mpi,0.074658,-6,7,19516,"[-1, -2, 1, 1, 2, 1, 1, -2, -1, -2, -1, -1, -2, 1]"
2496,dfs_bnb_mpi,0.014444,-5,6,3659,"[-1, -2, 1, 1, 2, 2, 2, -1, -2, -1, -1, -2, -1, 2]"
2497,dfs_bnb_mpi,0.011718,-3,3,3364,"[-1, -1, 2, 2, 2, -1, -2, -2, -1, -1, -2, 1, 1, -2]"
2498,dfs_bnb_mpi,0.002996,-4,5,906,"[-1, -1, 2, 1, 2, 2, 1, 2, 1, -2, -2, -1, -2, 1]"
2499,dfs_bnb_mpi,0.089239,-6,7,22707,"[-1, -2, -2, -1, -1, 2, 1, 2, -1, 2, 1, 2, 1, -2]"
2500,dfs_bnb_mpi,0.044339,-4,5,13235,"[-1, -1, 2, 1, 2, -1, -1, 2, 2, -1, -2, -2, -2, 1]"
2501,dfs_bnb_mpi,0.030119,-6,7,8397,"[-1, -1, 2, 1, 1, 2, 1, -2, -2, 1, -2, -1, -1, -1]"
2502,dfs_bnb_mpi,0.058191,-5,6,16380,"[-1, -1, 2, 2, 2, 1, 1, 1, -2, -2, -1, 2, -1, -2]"
2503,dfs_bnb_mpi,0.026011,-6,7,7295,"[-1, -2, -1, -2, 1, 1, 2, 1, 2, 2, 1, 1, -2, -1]"
2504,dfs_bnb_mpi,0.016389,-7,8,4408,"[-1, -1, 2, 1, 2, 1, -2, 1, -2, -2, -1, -1, -1, -1]"
2505,dfs_bnb_mpi,0.004253,-4,5,1258,"[-1, -1, 2, 2, -1, -2, -2, -1, -2, -2, 1, 2, 1, 1]"
2506,dfs_bnb_mpi,0.000822,-4,5,222,"[-1, -1, 2, 1, 2, 1, -2, 1, -2, 1, 2, 2, 2, 2]"
2507,dfs_bnb_mpi,0.054299,-4,5,14511,"[-1, -1, 2, 2, 2, 1, -2, 1, 2, 1, -2, -2, -1, -1]"
2508,dfs_bnb_mpi,0.0359,-8,8,9781,"[-1, -2, -1, -2, 1, 1, 2, 1, 2, 2, -1, -1, -1, -2]"
2509,dfs_bnb_mpi,0.008395,-6,6,2363,"[-1, -1, 2, 1, 1, 2, -1, 2, -1, -2, -1, -2, -1, 2]"
2510,dfs_bnb_mpi,0.012833,-6,6,3029,"[-1, -1, 2, 2, 2, 1, 1, -2, -1, -2, 1, 1, 2, 2]"
2511,dfs_bnb_mpi,0.001863,-4,5,566,"[-1, -2, -1, 2, 2, -1, 2, 1, 1, -2, 1, 2, 2, 2]"
2512,dfs_bnb_mpi,0.043716,-4,4,13099,"[-1, -1, 2, 1, 2, -1, -1, -2, -1, -2, 1, -2, 1, 1]"
2513,dfs_bnb_mpi,0.005154,-4,5,1472,"[-1, -1, 2, 1, 1, 1, 2, 1, -2, 1, -2, -1, -1, -2]"
2514,dfs_bnb_mpi,0.016556,-6,7,4383,"[-1, -1, 2, 2, 2, 1, -2, -2, 1, 2, 1, 2, -1, 2]"
2515,dfs_bnb_mpi,0.001694,-4,5,485,"[-1, -1, 2, 1, 2, -1, 2, -1, -1, -2, 1, -2, -1, -1]"
2516,dfs_bnb_mpi,0.002558,-5,6,765,"[-1, -2, 1, 1, 1, 2, -1, 2, 2, 2, -1, -2, -2, -1]"
2517,dfs_bnb_mpi,0.065757,-6,6,15720,"[-1, -1, 2, 2, 2, 2, 1, 1, -2, -1, -2, 1, -2, -1]"
2518,dfs_bnb_mpi,0.01558,-4,5,4145,"[-1, -1, 2, -1, -1, -1, -1, -2, 1, -2, 1, 1, 2, -1]"
2519,dfs_bnb_mpi,0.009272,-4,5,2449,"[-1, -1, 2, 1, 2, 1, -2, 1, -2, -2, -1, -1, -1, -1]"
2520,dfs_bnb_mpi,0.043094,-5,6,10658,"[-1, -1, -1, 2, -1, 2, 1, 2, 1, -2, -2, 1, 2, 2]"
2521,dfs_bnb_mpi,0.063107,-5,6,16296,"[-1, -1, 2, 2, 2, 1, -2, -2, 1, 1, 2, -1, 2, 2]"
2522,dfs_bnb_mpi,0.050967,-3,3,15248,"[-1, -1, 2, 2, 2, 2, 2, 2, 1, -2, -2, 1, -2, -1]"
2523,dfs_bnb_mpi,0.013589,-4,5,3930,"[-1, -1, 2, 1, 2, -1, 2, -1, -2, -1, -1, -2, 1, 1]"
2524,dfs_bnb_mpi,0.009684,-3,4,3071,"[-1, -2, 1, 1, 2, 2, 2, 2, 1, -2, -2, -2, 1, 2]"
2525,dfs_bnb_mpi,0.010873,-5,6,2982,"[-1, -1, -1, 2, 1, 1, 2, 1, -2, 1, -2, -2, -1, -1]"
2526,dfs_bnb_mpi,0.002303,-2,3,747,"[-1, -1, 2, 2, 2, 1, -2, -2, 1, 2, 2, 2, 2, 2]"
2527,dfs_bnb_mpi,0.000371,-3,4,110,"[-1, -1, 2, 1, 2, 2, -1, -2, -1, 2, 2, 2, 2, 2]"
2528,dfs_bnb_mpi,0.038189,-6,7,8821,"[-1, -1, 2, -1, 2, 2, 1, -2, 1, 2, 1, -2, -2, -1]"
2529,dfs_bnb_mpi,7.9e-05,-1,2,22,"[-1, -1, 2, 2, 2, 2, 2, 2, 2, 2, 2, 1, -2, -2]"
2530,dfs_bnb_mpi,0.020939,-6,7,5776,"[-1, -1, 2, 1, 1, 1, -2, -2, -2, -1, 2, -1, -1, -1]"
2531,dfs_bnb_mpi,0.013535,-5,6,3430,"[-1, -1, 2, 1, 1, 1, 1, -2, -1, -2, -1, -1, -1, -1]"
2532,dfs_bnb_mpi,0.209012,-6,7,46444,"[-1, -1, 2, 2, -1, 2, -1, -1, -2, 1, -2, 1, -2, -1]"
2533,dfs_bnb_mpi,0.092227,-5,6,24229,"[-1, -1, 2, 1, 1, 2, -1, -1, 2, -1, -2, -1, -2, 1]"
2534,dfs_bnb_mpi,0.004893,-6,7,1250,"[-1, -1, 2, 1, 1, 1, -2, -2, -1, -1, -2, 1, 1, 1]"
2535,dfs_bnb_mpi,0.000433,-2,3,128,"[-1, -1, 2, 2, -1, -2, -2, -2, 1, 1, 1, 1, 2, 2]"
2536,dfs_bnb_mpi,0.006541,-4,4,2046,"[-1, -1, 2, 1, 1, 2, 2, 2, 1, -2, -2, 1, -2, -1]"
2537,dfs_bnb_mpi,0.062787,-7,8,15179,"[-1, -2, -1, 2, 2, 1, 2, -1, -1, -2, -2, -1, -2, 1]"
2538,dfs_bnb_mpi,0.008422,-4,5,2013,"[-1, -1, 2, -1, 2, 2, -1, -2, -2, -2, 1, -2, 1, 1]"
2539,dfs_bnb_mpi,0.008506,-3,4,2260,"[-1, -1, 2, 2, 1, -2, 1, 1, 2, -1, 2, 2, 2, 2]"
2540,dfs_bnb_mpi,0.145148,-5,6,38199,"[-1, -1, 2, 2, 2, 2, 1, 1, -2, -2, -2, -1, 2, 2]"
2541,dfs_bnb_mpi,0.07188,-4,5,19615,"[-1, -1, 2, 1, 2, 2, -1, -2, -1, 2, -1, -2, -2, 1]"
2542,dfs_bnb_mpi,0.0008,-2,3,248,"[-1, -1, -1, 2, 1, 1, 2, 2, 2, 1, -2, -2, -2, 1]"
2543,dfs_bnb_mpi,0.001474,-4,5,403,"[-1, -2, 1, 1, 1, -2, -1, -2, -1, 2, -1, -1, 2, 2]"
2544,dfs_bnb_mpi,0.001036,-5,6,269,"[-1, -2, 1, 1, -2, -1, -1, -1, -1, 2, 1, 2, 2, 2]"
2545,dfs_bnb_mpi,0.012197,-5,6,3344,"[-1, -2, -1, 2, -1, 2, 1, 2, 2, 1, -2, -2, 1, 2]"
2546,dfs_bnb_mpi,0.005315,-4,5,1224,"[-1, -1, 2, 1, 2, 2, 1, -2, -2, 1, 2, 2, 2, 2]"
2547,dfs_bnb_mpi,0.000884,-2,3,203,"[-1, -1, 2, 2, 2, 2, 2, 1, -2, -2, -2, -2, 1, 2]"
2548,dfs_bnb_mpi,0.001794,-4,5,504,"[-1, -1, 2, 2, 1, 2, -1, 2, -1, -2, -1, -2, 1, -2]"
2549,dfs_bnb_mpi,0.002877,-5,6,767,"[-1, -1, 2, 2, -1, 2, 1, 1, -2, -2, 1, 2, 2, 2]"
2550,dfs_bnb_mpi,0.085143,-4,5,23909,"[-1, -1, 2, 2, 2, -1, -2, -1, -1, -2, 1, -2, 1, 2]"
2551,dfs_bnb_mpi,0.003488,-3,4,1057,"[-1, -2, 1, 1, 2, 2, -1, -1, -1, -1, -2, 1, -2, -1]"
2552,dfs_bnb_mpi,0.024728,-5,6,6621,"[-1, -1, 2, 1, 1, 2, 1, 2, 1, -2, -2, -2, -1, 2]"
2553,dfs_bnb_mpi,0.023618,-5,6,7015,"[-1, -1, 2, 2, 1, -2, 1, 1, -2, -2, -2, -1, 2, -1]"
2554,dfs_bnb_mpi,0.094679,-5,6,21252,"[-1, -1, 2, 2, -1, -1, -1, -2, 1, 1, -2, -1, -2, 1]"
2555,dfs_bnb_mpi,0.00719,-5,6,2058,"[-1, -1, 2, 1, 1, 2, 1, -2, 1, -2, -1, -2, -1, -1]"
2556,dfs_bnb_mpi,0.000174,-2,3,38,"[-1, -1, 2, 2, 2, 2, 2, 2, 2, 1, 1, -2, -1, -2]"
2557,dfs_bnb_mpi,0.132919,-3,4,36156,"[-1, -1, 2, 2, 2, 2, 1, 2, 1, -2, -2, -1, -2, -2]"
2558,dfs_bnb_mpi,0.005743,-4,5,1504,"[-1, -1, 2, -1, -2, -2, 1, 1, -2, -2, -1, 2, -1, -1]"
2559,dfs_bnb_mpi,0.045123,-6,7,11900,"[-1, -1, 2, 1, 1, 2, 1, 1, -2, -2, -2, -1, 2, 2]"
2560,dfs_bnb_mpi,0.020006,-4,5,6053,"[-1, -1, 2, 2, -1, -2, -1, 2, -1, -2, -2, 1, 1, -2]"
2561,dfs_bnb_mpi,0.000126,-2,3,36,"[-1, -1, 2, 2, 2, 2, 2, 2, 2, 1, 2, -1, -1, -2]"
2562,dfs_bnb_mpi,0.048303,-4,5,13067,"[-1, -1, 2, 2, 1, 2, 2, -1, -2, -1, -2, -1, -2, 1]"
2563,dfs_bnb_mpi,0.010253,-4,5,2619,"[-1, -1, 2, 1, 1, 2, 2, 1, -2, -2, -2, 1, 2, 2]"
2564,dfs_bnb_mpi,0.005238,-5,6,1472,"[-1, -1, 2, -1, -2, -1, -2, 1, 1, -2, 1, 1, 2, -1]"
2565,dfs_bnb_mpi,0.010011,-6,7,2824,"[-1, -1, 2, 2, 2, 1, -2, -2, 1, 1, 2, 2, -1, -2]"
2566,dfs_bnb_mpi,0.01195,-5,6,3393,"[-1, -2, 1, -2, 1, 2, 2, 1, 2, -1, 2, -1, -2, -1]"
2567,dfs_bnb_mpi,0.017286,-3,4,5195,"[-1, -1, 2, -1, -2, -1, 2, 2, 1, 2, 2, 1, -2, -2]"
2568,dfs_bnb_mpi,0.029052,-5,6,7529,"[-1, -1, 2, -1, 2, -1, -1, -1, -2, 1, 1, -2, 1, -2]"
2569,dfs_bnb_mpi,0.004885,-3,4,1504,"[-1, -1, 2, 2, -1, -2, -2, -2, -2, 1, 2, 1, 1, 1]"
2570,dfs_bnb_mpi,0.000136,-2,3,46,"[-1, -1, 2, 1, 1, 2, 2, 2, 2, 2, 2, 2, 2, 2]"
2571,dfs_bnb_mpi,0.020898,-4,5,6238,"[-1, -2, -1, 2, -1, 2, 1, 1, 2, 2, 1, -2, -2, 1]"
2572,dfs_bnb_mpi,0.054286,-5,5,13999,"[-1, -1, 2, 2, 2, 2, 1, 1, -2, -1, -2, 1, -2, -1]"
2573,dfs_bnb_mpi,0.082744,-4,5,22745,"[-1, -1, 2, 1, 2, -1, 2, 1, 2, -1, -1, -2, -2, -2]"
2574,dfs_bnb_mpi,0.135585,-7,8,31897,"[-1, -2, 1, 1, 2, 2, 1, 1, -2, 1, -2, -1, -1, 2]"
2575,dfs_bnb_mpi,0.133416,-5,5,34748,"[-1, -1, 2, 2, 2, 2, 2, 1, -2, -2, -2, 1, -2, -1]"
2576,dfs_bnb_mpi,0.097951,-5,6,22805,"[-1, -1, 2, 1, 2, -1, 2, -1, -2, -1, -2, 1, -2, -1]"
2577,dfs_bnb_mpi,0.003216,-5,6,921,"[-1, -1, 2, 1, 2, 2, -1, -2, -1, -2, -1, -2, 1, -2]"
2578,dfs_bnb_mpi,0.011557,-4,5,2630,"[-1, -1, 2, 2, 2, 1, -2, -2, 1, 2, 1, 2, -1, 2]"
2579,dfs_bnb_mpi,0.185998,-6,7,42774,"[-1, -1, 2, 1, 2, 2, 2, 1, -2, 1, -2, -1, -2, 1]"
2580,dfs_bnb_mpi,0.125912,-5,6,36168,"[-1, -1, 2, 2, 2, 1, -2, 1, 1, 1, -2, -1, -1, -1]"
2581,dfs_bnb_mpi,0.017545,-7,8,4751,"[-1, -1, 2, 1, 1, 2, -1, 2, -1, 2, -1, -2, -2, 1]"
2582,dfs_bnb_mpi,0.07005,-6,7,19245,"[-1, -2, -1, -2, 1, 1, 2, 1, 2, 2, -1, 2, -1, -2]"
2583,dfs_bnb_mpi,0.004809,-4,5,1128,"[-1, -1, 2, 2, 1, -2, 1, 2, 2, -1, 2, 2, 2, 2]"
2584,dfs_bnb_mpi,0.008804,-5,6,2638,"[-1, -2, 1, 1, 2, 2, 1, 2, 2, -1, -2, -1, -2, -1]"
2585,dfs_bnb_mpi,0.151029,-5,6,39519,"[-1, -1, 2, -1, -2, -1, -1, -2, 1, 1, 1, -2, 1, 2]"
2586,dfs_bnb_mpi,0.00492,-5,6,1240,"[-1, -1, 2, 1, 2, 2, -1, -2, -1, 2, 2, 1, 2, 2]"
2587,dfs_bnb_mpi,0.088317,-5,6,25724,"[-1, -1, 2, 2, 2, 1, -2, 1, 2, 1, -2, -2, -1, -1]"
2588,dfs_bnb_mpi,0.081767,-6,7,23596,"[-1, -1, 2, 2, 2, 1, 1, 1, -2, -2, -1, 2, -1, -2]"
2589,dfs_bnb_mpi,0.0306,-5,6,9081,"[-1, -2, 1, 1, 2, 1, 1, 2, -1, -1, 2, -1, -2, -1]"
2590,dfs_bnb_mpi,0.038839,-2,3,12130,"[-1, -1, 2, -1, 2, 2, -1, -2, -2, -2, 1, -2, 1, 1]"
2591,dfs_bnb_mpi,0.014741,-3,4,4404,"[-1, -1, 2, 2, 2, 1, 1, 1, -2, -2, -1, -1, 2, 1]"
2592,dfs_bnb_mpi,0.064154,-4,5,16820,"[-1, -1, 2, 2, 2, -1, -2, -2, -1, -1, -2, 1, 1, -2]"
2593,dfs_bnb_mpi,0.011785,-4,5,3167,"[-1, -2, -2, -1, 2, 2, -1, 2, 1, 2, 1, -2, 1, 2]"
2594,dfs_bnb_mpi,0.065973,-3,4,20667,"[-1, -1, 2, 1, 1, 2, 2, 2, 2, 1, -2, -2, -2, -2]"
2595,dfs_bnb_mpi,0.104884,-4,5,29700,"[-1, -2, -1, 2, 2, 2, 2, 1, 2, 1, -2, -2, -1, -2]"
2596,dfs_bnb_mpi,0.009025,-3,4,2717,"[-1, -1, 2, 2, -1, -2, -2, -2, 1, 1, -2, -1, -1, -1]"
2597,dfs_bnb_mpi,0.019633,-5,6,5670,"[-1, -1, 2, -1, 2, -1, -2, -1, -2, -2, 1, 2, 1, -2]"
2598,dfs_bnb_mpi,0.050335,-5,5,15204,"[-1, -1, 2, 1, 2, 1, 2, -1, 2, -1, -2, -2, -1, -2]"
2599,dfs_bnb_mpi,0.003238,-4,5,891,"[-1, -1, 2, 2, 1, -2, 1, 2, 1, -2, -2, 1, 2, 2]"
2600,dfs_bnb_mpi,0.01164,-7,8,2658,"[-1, -1, 2, 2, 1, -2, 1, 2, 1, -2, 1, -2, -1, -2]"
2601,dfs_bnb_mpi,0.000863,-4,5,244,"[-1, -1, 2, 2, 1, -2, 1, 2, 1, -2, 1, 2, 2, 2]"
2602,dfs_bnb_mpi,0.029363,-5,6,8422,"[-1, -1, 2, -1, -2, -1, -1, -2, 1, 1, 1, -2, 1, 2]"
2603,dfs_bnb_mpi,0.249192,-3,4,76818,"[-1, -1, 2, 2, 2, 1, -2, 1, 2, 1, -2, -2, -1, -1]"
2604,dfs_bnb_mpi,0.000135,-2,3,38,"[-1, -1, 2, 2, 2, 2, 2, 2, 1, 2, -1, -1, -2, -1]"
2605,dfs_bnb_mpi,0.033823,-7,8,8346,"[-1, -2, 1, 1, 2, 1, -2, -2, -2, -1, 2, -1, -2, -1]"
2606,dfs_bnb_mpi,0.009661,-5,6,2366,"[-1, -1, 2, 1, 2, -1, 2, -1, -2, -1, -2, 1, -2, -1]"
2607,dfs_bnb_mpi,0.017939,-2,3,5503,"[-1, -1, 2, 2, 2, 2, 2, 1, 1, -2, -1, -2, 1, 1]"
2608,dfs_bnb_mpi,0.022029,-7,8,6239,"[-1, -2, 1, -2, 1, 2, 2, 1, -2, 1, -2, -1, -2, -1]"
2609,dfs_bnb_mpi,0.113606,-5,6,28241,"[-1, -1, 2, 2, 2, 2, -1, -2, -2, -1, -2, -2, 1, 2]"
2610,dfs_bnb_mpi,0.10616,-6,7,24665,"[-1, -2, -1, -2, 1, -2, 1, 2, 2, 1, 2, 2, 1, -2]"
2611,dfs_bnb_mpi,0.074336,-5,6,20300,"[-1, -1, 2, 1, 2, -1, 2, 2, -1, -2, -2, -1, -2, 1]"
2612,dfs_bnb_mpi,0.039408,-6,7,8839,"[-1, -1, -1, 2, 1, 2, 2, 1, 1, -2, -1, -2, 1, 1]"
2613,dfs_bnb_mpi,0.108258,-5,6,24928,"[-1, -1, 2, -1, 2, -1, -1, -1, -2, 1, 1, -2, 1, -2]"
2614,dfs_bnb_mpi,0.007692,-3,4,1905,"[-1, -1, 2, 2, 2, 1, 2, 1, -2, -2, -1, -2, 1, 1]"
2615,dfs_bnb_mpi,0.022697,-5,6,6693,"[-1, -1, 2, 1, 1, 1, -2, 1, -2, -1, -1, -2, -1, 2]"
2616,dfs_bnb_mpi,0.00022,-3,4,72,"[-1, -2, 1, 1, 2, 2, 2, -1, -2, -1, 2, 2, 2, 2]"
2617,dfs_bnb_mpi,0.001497,-2,3,401,"[-1, -1, 2, 1, 1, 1, -2, -2, -1, -1, -1, -1, 2, 2]"
2618,dfs_bnb_mpi,0.117185,-4,5,34530,"[-1, -1, 2, 2, -1, -1, 2, 1, 1, 2, 1, -2, -2, -2]"
2619,dfs_bnb_mpi,0.023361,-6,7,5901,"[-1, -1, 2, 1, 2, 1, -2, 1, 2, 1, -2, -2, -1, -2]"
2620,dfs_bnb_mpi,0.024809,-6,7,6469,"[-1, -1, 2, 1, 1, 2, -1, 2, -1, 2, -1, -2, -2, 1]"
2621,dfs_bnb_mpi,0.006663,-4,5,2052,"[-1, -2, 1, -2, -2, 1, 2, 2, 1, 1, 2, -1, -1, 2]"
2622,dfs_bnb_mpi,0.014486,-7,7,3788,"[-1, -1, 2, 1, 1, 1, -2, 1, -2, -1, -1, -2, -1, 2]"
2623,dfs_bnb_mpi,0.050242,-3,4,14873,"[-1, -1, 2, 2, -1, -2, -2, -2, 1, -2, 1, 1, 2, -1]"
2624,dfs_bnb_mpi,0.011003,-6,7,3232,"[-1, -2, 1, 1, 2, 2, -1, 2, -1, 2, -1, -2, -2, 1]"
2625,dfs_bnb_mpi,0.009221,-2,3,2819,"[-1, -1, 2, 2, 2, 1, -2, 1, 2, 1, -2, -2, -1, -1]"
2626,dfs_bnb_mpi,0.013565,-2,3,3905,"[-1, -1, 2, 2, 1, 2, 2, 2, -1, -2, -2, -1, -2, -1]"
2627,dfs_bnb_mpi,0.235078,-2,3,58283,"[-1, -1, 2, 2, 2, 2, 2, 2, 2, 2, 1, 1, -2, -1]"
2628,dfs_bnb_mpi,0.166111,-3,4,37041,"[-1, -1, 2, 2, 2, 2, 2, 2, 1, 1, -2, -1, -2, 1]"
2629,dfs_bnb_mpi,0.001821,-4,4,562,"[-1, -1, 2, 1, 1, 2, 1, -2, 1, 1, -2, -1, -1, -2]"
2630,dfs_bnb_mpi,0.068794,-6,7,15637,"[-1, -1, 2, -1, -1, -1, -2, -2, 1, 2, 1, -2, -2, -1]"
2631,dfs_bnb_mpi,0.036576,-4,5,11221,"[-1, -1, 2, 2, 2, -1, -2, -1, -1, -2, 1, 1, -2, -1]"
2632,dfs_bnb_mpi,0.036093,-7,8,10384,"[-1, -1, 2, 1, 1, 1, -2, -2, -1, -2, -1, -1, 2, 1]"
2633,dfs_bnb_mpi,0.104783,-6,7,28267,"[-1, -2, 1, 1, 2, 1, -2, 1, -2, -1, -2, -1, 2, -1]"
2634,dfs_bnb_mpi,0.020278,-5,6,5919,"[-1, -1, 2, -1, -2, -2, 1, 1, 1, -2, -1, -1, -1, -1]"
2635,dfs_bnb_mpi,0.067684,-7,7,17845,"[-1, -1, 2, 1, 1, 1, 2, 2, -1, -1, -1, -2, 1, 1]"
2636,dfs_bnb_mpi,0.004749,-4,4,1192,"[-1, -1, 2, 2, 2, 2, 1, -2, -2, -2, 1, 2, 2, 2]"
2637,dfs_bnb_mpi,0.060264,-3,4,14239,"[-1, -1, 2, 2, 2, 2, 2, 2, 1, -2, -2, -2, 1, 2]"
2638,dfs_bnb_mpi,0.049589,-4,5,14192,"[-1, -1, 2, -1, -2, -1, -2, 1, -2, -2, 1, 2, 2, 1]"
2639,dfs_bnb_mpi,0.083828,-4,5,25322,"[-1, -2, 1, 1, -2, -2, -1, 2, -1, -1, -2, 1, -2, 1]"
2640,dfs_bnb_mpi,0.003099,-4,5,890,"[-1, -1, 2, -1, 2, -1, -2, -2, 1, -2, 1, 1, 1, 1]"
2641,dfs_bnb_mpi,0.020763,-6,7,5899,"[-1, -2, -1, 2, 2, 1, 2, -1, 2, -1, -1, -2, 1, -2]"
2642,dfs_bnb_mpi,0.065229,-3,4,17601,"[-1, -1, 2, 2, 2, 2, 1, 1, 1, -2, -1, -1, -2, 1]"
2643,dfs_bnb_mpi,0.016775,-4,5,4411,"[-1, -1, 2, 1, 1, 2, 1, -2, 1, -2, -1, -2, 1, 1]"
2644,dfs_bnb_mpi,0.022335,-5,5,6666,"[-1, -1, 2, -1, 2, 2, 2, 1, -2, -2, 1, -2, 1, 2]"
2645,dfs_bnb_mpi,0.000235,-2,3,73,"[-1, -1, 2, 1, 1, 2, 2, 2, 1, -2, -2, -2, 1, 2]"
2646,dfs_bnb_mpi,0.047879,-4,5,13925,"[-1, -1, 2, 1, 2, 1, 1, -2, 1, -2, -1, -2, -1, -1]"
2647,dfs_bnb_mpi,0.088885,-6,7,22086,"[-1, -1, 2, -1, 2, 1, 2, 2, 1, -2, 1, -2, -1, -2]"
2648,dfs_bnb_mpi,0.101966,-7,7,25848,"[-1, -1, 2, 2, 2, 2, 1, -2, -2, 1, 1, -2, -1, -1]"
2649,dfs_bnb_mpi,0.018118,-6,7,4629,"[-1, -1, 2, 1, 2, -1, 2, -1, -2, -1, -2, 1, -2, -1]"
2650,dfs_bnb_mpi,0.04397,-7,8,10449,"[-1, -1, 2, -1, 2, 1, 2, 1, -2, 1, 1, -2, -1, -1]"
2651,dfs_bnb_mpi,0.030762,-4,5,8267,"[-1, -1, 2, 2, 1, 1, 2, 1, -2, 1, -2, -1, -1, -1]"
2652,dfs_bnb_mpi,0.005584,-5,6,1584,"[-1, -1, 2, 1, 2, 1, -2, 1, 1, -2, -1, -2, 1, 1]"
2653,dfs_bnb_mpi,0.033676,-6,7,8294,"[-1, -2, -1, -2, -2, 1, 2, 1, 2, 1, 2, 2, 1, -2]"
2654,dfs_bnb_mpi,0.110537,-3,4,32851,"[-1, -1, 2, 2, 2, 2, 1, 1, -2, 1, -2, -1, -1, 2]"
2655,dfs_bnb_mpi,0.023063,-4,5,6107,"[-1, -1, 2, 2, 2, 1, 1, -2, -1, -2, 1, 1, 2, 2]"
2656,dfs_bnb_mpi,0.001418,-4,5,386,"[-1, -1, 2, 2, 2, 1, -2, -2, 1, 2, 2, 2, 2, 2]"
2657,dfs_bnb_mpi,0.002495,-3,4,610,"[-1, -1, 2, -1, 2, -1, -2, -2, 1, -2, 1, 1, 1, 1]"
2658,dfs_bnb_mpi,0.009748,-7,8,2273,"[-1, -1, 2, 2, 2, 1, -2, -2, 1, 2, 1, -2, -2, 1]"
2659,dfs_bnb_mpi,0.021462,-4,5,5952,"[-1, -1, 2, 2, 1, -2, 1, 2, 1, 2, 1, -2, -2, -1]"
2660,dfs_bnb_mpi,4.2e-05,0,1,15,"[-1, -1, 2, 2, 2, 2, 2, 2, 2, 2, 2, 2, 2, 2]"
2661,dfs_bnb_mpi,0.066578,-6,7,19055,"[-1, -1, 2, 1, 2, -1, 2, 1, 1, 1, -2, -2, -1, 2]"
2662,dfs_bnb_mpi,0.145899,-5,6,38959,"[-1, -1, 2, 2, 1, 2, 1, 2, 1, -2, -2, -1, -2, -1]"
2663,dfs_bnb_mpi,0.049436,-7,8,12759,"[-1, -2, 1, 1, 2, 2, 1, -2, -2, 1, 2, 2, 2, -1]"
2664,dfs_bnb_mpi,0.001291,-2,3,389,"[-1, -1, 2, 2, 2, 1, 2, 2, -1, -2, -1, -2, -1, 2]"
2665,dfs_bnb_mpi,0.016476,-4,5,4309,"[-1, -1, 2, 1, 2, 2, 1, 1, -2, -1, -2, 1, 1, 2]"
2666,dfs_bnb_mpi,0.012088,-2,3,3594,"[-1, -1, 2, 2, 2, 1, -2, -2, 1, 1, -2, -2, -1, -1]"
2667,dfs_bnb_mpi,0.06634,-5,6,15043,"[-1, -1, 2, -1, -1, -1, -2, -2, 1, 2, 1, -2, 1, 1]"
2668,dfs_bnb_mpi,0.008803,-4,4,2562,"[-1, -1, 2, 1, 2, 2, -1, -2, -1, -2, -2, -2, 1, 1]"
2669,dfs_bnb_mpi,0.00534,-6,7,1512,"[-1, -2, 1, 1, 2, 2, 1, 2, 2, -1, -2, -1, -2, -1]"
2670,dfs_bnb_mpi,0.005318,-4,5,1226,"[-1, -1, 2, 2, -1, -1, -2, 1, -2, -1, -1, 2, 2, 2]"
2671,dfs_bnb_mpi,0.000383,-1,2,121,"[-1, -1, 2, 2, 2, 2, -1, -2, -2, -2, -2, -1, 2, 2]"
2672,dfs_bnb_mpi,0.227918,-6,7,50651,"[-1, -2, 1, 1, 2, 1, -2, -2, -1, -1, -1, -2, 1, 1]"
2673,dfs_bnb_mpi,0.019643,-4,5,4845,"[-1, -1, 2, 1, 1, 2, 2, 1, -2, -2, 1, -2, -1, -2]"
2674,dfs_bnb_mpi,0.02845,-4,5,8753,"[-1, -2, -1, 2, 2, 1, 1, 2, 1, -2, -2, -2, -1, -2]"
2675,dfs_bnb_mpi,0.032056,-7,7,8347,"[-1, -1, 2, 2, 2, 1, -2, 1, 2, 1, -2, -2, -1, -1]"
2676,dfs_bnb_mpi,0.065238,-3,4,14540,"[-1, -1, 2, 2, 2, 2, 2, 2, 1, -2, -2, -2, 1, 2]"
2677,dfs_bnb_mpi,0.07359,-3,4,21770,"[-1, -1, 2, -1, 2, 2, 2, -1, -2, -2, -2, -2, 1, -2]"
2678,dfs_bnb_mpi,0.020088,-4,5,6106,"[-1, -2, 1, 1, 2, 2, 1, -2, 1, -2, -1, -2, -1, -1]"
2679,dfs_bnb_mpi,4e-05,0,1,15,"[-1, -1, 2, 2, 2, 2, 2, 2, 2, 2, 2, 2, 2, 2]"
2680,dfs_bnb_mpi,0.003554,-4,5,980,"[-1, -1, 2, 1, 1, 2, 1, 1, -2, -1, -2, 1, 1, 2]"
2681,dfs_bnb_mpi,0.045359,-6,6,12940,"[-1, -2, -1, -2, -1, 2, 2, 1, 2, -1, 2, 1, 1, -2]"
2682,dfs_bnb_mpi,0.009937,-5,6,3097,"[-1, -1, 2, 2, 1, -2, 1, 2, 2, 1, -2, -2, -2, 1]"
2683,dfs_bnb_mpi,0.018104,-6,7,4910,"[-1, -2, 1, 1, 1, 1, 2, -1, -1, 2, -1, 2, -1, -2]"
2684,dfs_bnb_mpi,0.017675,-6,7,5283,"[-1, -1, 2, 1, 1, 1, -2, -2, -1, -2, -1, -1, 2, 1]"
2685,dfs_bnb_mpi,0.004706,-5,6,1356,"[-1, -2, -1, 2, 2, 1, 2, 1, -2, 1, -2, 1, 2, 2]"
2686,dfs_bnb_mpi,0.077364,-7,8,17640,"[-1, -2, -1, -1, -1, 2, 2, 1, -2, 1, 2, 2, 1, -2]"
2687,dfs_bnb_mpi,0.004659,-5,6,1112,"[-1, -2, 1, 1, 2, 2, 2, -1, -2, -1, 2, 2, 2, 2]"
2688,dfs_bnb_mpi,0.021221,-6,7,6070,"[-1, -1, 2, -1, -2, -1, 2, -1, 2, 1, 1, 2, 1, -2]"
2689,dfs_bnb_mpi,0.006874,-3,4,2177,"[-1, -1, 2, -1, -2, -2, 1, -2, -2, 1, 2, 2, 1, 1]"
2690,dfs_bnb_mpi,0.179339,-6,7,48800,"[-1, -2, 1, 1, -2, -2, -1, -2, -1, -1, 2, 1, 2, 1]"
2691,dfs_bnb_mpi,0.013462,-5,6,3683,"[-1, -2, -1, -2, -1, -2, 1, 1, 2, 1, 2, 1, 2, 2]"
2692,dfs_bnb_mpi,0.000623,-4,5,186,"[-1, -2, -1, 2, -1, 2, 1, 2, 1, -2, 1, 2, 2, 2]"
2693,dfs_bnb_mpi,0.060986,-4,4,18508,"[-1, -1, 2, 2, 2, 1, -2, 1, 2, 1, -2, -2, -1, -1]"
2694,dfs_bnb_mpi,0.067539,-6,7,19253,"[-1, -1, 2, 1, 2, 2, 1, 1, 1, -2, -1, -2, -1, 2]"
2695,dfs_bnb_mpi,0.27135,-5,6,61920,"[-1, -1, 2, 2, -1, 2, -1, -2, -1, -2, 1, 1, -2, -1]"
2696,dfs_bnb_mpi,0.089953,-7,8,22768,"[-1, -2, -2, -1, -2, 1, 1, -2, 1, 2, 2, 2, -1, -2]"
2697,dfs_bnb_mpi,0.00124,-2,3,304,"[-1, -1, 2, 2, 2, -1, -2, -2, -1, -2, 1, -2, 1, 1]"
2698,dfs_bnb_mpi,0.170318,-6,7,44349,"[-1, -1, 2, 2, 2, -1, -2, -1, -2, -1, -2, 1, 1, 2]"
2699,dfs_bnb_mpi,0.017589,-3,4,4844,"[-1, -1, 2, 2, 2, 2, 1, -2, 1, -2, -1, -2, 1, 1]"
2700,dfs_bnb_mpi,0.01909,-4,5,5476,"[-1, -1, 2, 1, 2, -1, -1, 2, -1, -2, -1, -2, 1, 1]"
2701,dfs_bnb_mpi,0.00185,-4,5,520,"[-1, -2, 1, 1, 2, 2, 2, -1, -2, -1, 2, 2, 2, 2]"
2702,dfs_bnb_mpi,0.197748,-5,6,52736,"[-1, -1, 2, 2, -1, 2, -1, -2, -2, -1, -2, 1, 1, 2]"
2703,dfs_bnb_mpi,0.33371,-4,5,97408,"[-1, -1, 2, 2, 2, 1, -2, 1, 2, 1, -2, -2, -1, -1]"
2704,dfs_bnb_mpi,0.006145,-4,5,1817,"[-1, -2, -1, 2, -1, -1, 2, 1, 2, 1, -2, 1, 2, 2]"
2705,dfs_bnb_mpi,0.002006,-4,5,564,"[-1, -1, 2, 2, 2, 1, 2, 1, -2, -2, -1, -2, 1, 1]"
2706,dfs_bnb_mpi,0.016147,-3,4,5136,"[-1, -1, 2, 2, -1, 2, 2, -1, -2, -2, -2, 1, -2, -1]"
2707,dfs_bnb_mpi,0.023173,-6,6,6560,"[-1, -2, 1, 1, 2, 2, 1, -2, -2, -2, -2, -1, 2, -1]"
2708,dfs_bnb_mpi,0.01186,-5,6,3300,"[-1, -1, 2, -1, 2, 1, 1, -2, 1, 2, 2, -1, -1, 2]"
2709,dfs_bnb_mpi,0.047561,-5,6,14213,"[-1, -2, -1, 2, 2, 2, 1, 2, 1, -2, 1, -2, -1, -1]"
2710,dfs_bnb_mpi,0.091464,-8,8,20360,"[-1, -1, 2, -1, 2, 2, 1, 1, 1, -2, -2, -1, 2, -1]"
2711,dfs_bnb_mpi,0.052125,-4,5,15676,"[-1, -1, 2, 1, 2, 1, 2, -1, 2, -1, -2, -2, -1, -2]"
2712,dfs_bnb_mpi,0.087762,-5,5,22863,"[-1, -1, 2, 2, 1, 2, 1, 1, 1, -2, -1, -1, -2, -1]"
2713,dfs_bnb_mpi,0.031274,-7,7,8428,"[-1, -1, 2, 1, 1, 2, -1, 2, 2, -1, -2, -1, -2, 1]"
2714,dfs_bnb_mpi,0.133061,-5,6,33927,"[-1, -1, 2, -1, 2, 1, 2, 2, 1, -2, 1, -2, -1, -2]"
2715,dfs_bnb_mpi,0.003811,-4,5,1132,"[-1, -1, 2, 1, 2, 2, 2, 1, -2, -2, -2, 1, 2, 2]"
2716,dfs_bnb_mpi,0.024191,-7,7,6571,"[-1, -1, 2, 2, 2, 1, -2, 1, 2, 1, -2, -2, -1, -1]"
2717,dfs_bnb_mpi,0.081562,-4,5,24505,"[-1, -2, -1, -1, 2, 1, 2, -1, 2, 2, 1, -2, 1, -2]"
2718,dfs_bnb_mpi,0.007384,-5,6,1976,"[-1, -1, 2, -1, -2, -1, 2, 2, 1, 2, 1, -2, 1, 2]"
2719,dfs_bnb_mpi,0.049534,-7,8,11721,"[-1, -1, 2, 1, 1, 1, -2, -2, -1, -1, -1, -1, 2, 2]"
2720,dfs_bnb_mpi,0.068112,-6,5,18090,"[-1, -1, 2, 2, 2, 1, 1, 1, -2, -2, -1, -1, 2, 1]"
2721,dfs_bnb_mpi,0.006851,-3,4,1862,"[-1, -1, 2, 2, -1, -2, -1, -2, 1, -2, 1, 1, 1, 1]"
2722,dfs_bnb_mpi,0.006794,-4,5,1776,"[-1, -1, 2, 1, 1, 2, -1, 2, -1, -2, -1, -2, -1, 2]"
2723,dfs_bnb_mpi,0.137894,-7,8,32025,"[-1, -2, 1, -2, 1, 2, 1, 2, -1, 2, -1, 2, -1, -2]"
2724,dfs_bnb_mpi,0.001373,-4,5,409,"[-1, -2, 1, 1, 1, 2, -1, 2, 2, -1, -2, -1, 2, 2]"
2725,dfs_bnb_mpi,0.177652,-6,7,40749,"[-1, -1, 2, 2, 1, 2, 1, 1, 1, -2, -1, -1, -2, -1]"
2726,dfs_bnb_mpi,0.061175,-5,5,15797,"[-1, -2, 1, 1, 2, 2, 2, 2, 1, -2, -2, 1, -2, -1]"
2727,dfs_bnb_mpi,0.051992,-7,7,14731,"[-1, -2, 1, 1, 2, 1, -2, 1, -2, -1, -2, -1, 2, -1]"
2728,dfs_bnb_mpi,0.011193,-6,7,3267,"[-1, -1, 2, 1, 1, 1, -2, -2, -1, -2, -1, 2, -1, -1]"
2729,dfs_bnb_mpi,0.024027,-5,5,6368,"[-1, -1, 2, 1, 2, 2, 1, -2, -2, 1, -2, -2, -1, -1]"
2730,dfs_bnb_mpi,0.013422,-4,5,4064,"[-1, -2, -1, 2, 2, 1, 2, 2, 2, 1, -2, -2, -2, 1]"
2731,dfs_bnb_mpi,0.00917,-5,6,2414,"[-1, -1, 2, 2, 1, -2, 1, 1, -2, -2, -1, -1, -1, -1]"
2732,dfs_bnb_mpi,0.289101,-5,6,63027,"[-1, -1, 2, 2, 1, 2, -1, 2, -1, -1, -2, 1, -2, -1]"
2733,dfs_bnb_mpi,0.00584,-5,6,1721,"[-1, -1, 2, 2, 2, 1, -2, -2, 1, 2, 1, -2, -2, 1]"
2734,dfs_bnb_mpi,0.034112,-2,3,10098,"[-1, -1, 2, 2, 2, 1, 2, 2, 2, -1, -2, -2, -1, -2]"
2735,dfs_bnb_mpi,0.011126,-4,5,2914,"[-1, -2, 1, 1, -2, -2, 1, 2, 2, 1, 2, -1, -1, 2]"
2736,dfs_bnb_mpi,0.026112,-5,6,6143,"[-1, -1, 2, 2, -1, -2, -2, -2, 1, 1, -2, -1, -1, -1]"
2737,dfs_bnb_mpi,0.059041,-6,7,13584,"[-1, -1, 2, 2, 2, 2, 1, -2, -2, -2, 1, 2, 1, -2]"
2738,dfs_bnb_mpi,0.003048,-2,3,739,"[-1, -1, 2, 2, -1, -2, -1, -1, -2, 1, 1, -2, 1, 1]"
2739,dfs_bnb_mpi,0.002699,-4,5,700,"[-1, -2, 1, -2, 1, 2, 1, 2, -1, 2, 2, 2, 2, 2]"
2740,dfs_bnb_mpi,0.00029,-2,3,84,"[-1, -1, 2, 2, 2, 2, 2, 2, 1, -2, 1, -2, -1, -2]"
2741,dfs_bnb_mpi,0.148253,-5,6,42377,"[-1, -2, -1, -1, 2, 2, 2, 2, 1, 1, -2, -2, -1, -2]"
2742,dfs_bnb_mpi,0.194408,-3,4,56597,"[-1, -1, 2, 2, 2, 2, 2, 1, -2, 1, 1, -2, -1, -1]"
2743,dfs_bnb_mpi,0.061993,-4,5,18140,"[-1, -1, 2, 2, -1, 2, -1, -2, -2, -1, -2, 1, 1, 2]"
2744,dfs_bnb_mpi,0.028388,-2,3,8394,"[-1, -1, 2, 2, 2, 1, 2, 2, -1, -2, -1, -1, -2, 1]"
2745,dfs_bnb_mpi,0.002435,-5,5,647,"[-1, -1, 2, 2, -1, -2, -2, -1, -2, 1, -2, 1, 2, 1]"
2746,dfs_bnb_mpi,0.05874,-7,8,14884,"[-1, -1, 2, -1, -2, -2, 1, 1, -2, -1, -1, -1, 2, 2]"
2747,dfs_bnb_mpi,0.015341,-5,6,3843,"[-1, -1, 2, -1, 2, 1, 2, 1, -2, -2, 1, 2, 2, 2]"
2748,dfs_bnb_mpi,0.000135,-2,3,46,"[-1, -1, 2, -1, -2, -2, 1, 1, 1, 1, 2, 2, 2, 2]"
2749,dfs_bnb_mpi,0.189856,-7,8,43912,"[-1, -2, -2, -1, -2, 1, -2, 1, 2, 1, 2, 2, -1, -2]"
2750,dfs_bnb_mpi,0.012474,-4,5,2910,"[-1, -1, 2, 2, 2, 1, 1, -2, -1, -2, 1, 1, 2, 2]"
2751,dfs_bnb_mpi,0.019334,-5,6,4848,"[-1, -1, 2, 1, 2, 2, 2, 1, -2, 1, -2, -1, -2, 1]"
2752,dfs_bnb_mpi,0.000152,-2,3,45,"[-1, -1, 2, 1, 2, 1, -2, 1, 2, 2, 2, 2, 2, 2]"
2753,dfs_bnb_mpi,0.003677,-6,7,965,"[-1, -2, 1, 1, 2, 1, -2, 1, -2, -1, -2, -1, 2, -1]"
2754,dfs_bnb_mpi,0.001018,-4,4,310,"[-1, -1, 2, -1, 2, 2, 1, -2, 1, -2, 1, 2, 2, 2]"
2755,dfs_bnb_mpi,0.005934,-5,6,1709,"[-1, -1, 2, -1, 2, 1, 2, 1, 1, -2, -1, -2, 1, 1]"
2756,dfs_bnb_mpi,0.055894,-4,5,16946,"[-1, -1, 2, 2, 2, 1, -2, -2, 1, 1, 2, 2, -1, -2]"
2757,dfs_bnb_mpi,0.088365,-3,4,21265,"[-1, -2, 1, 1, 2, 2, 2, -1, -1, -2, -1, -1, -2, 1]"
2758,dfs_bnb_mpi,0.022605,-4,5,6993,"[-1, -1, 2, 1, 1, 2, -1, 2, 2, -1, -2, -2, -1, -2]"
2759,dfs_bnb_mpi,0.119482,-3,4,32658,"[-1, -1, 2, 2, 2, 2, 1, 1, -2, -2, -1, -2, 1, 1]"
2760,dfs_bnb_mpi,0.002038,-6,5,572,"[-1, -2, 1, 1, -2, -1, -1, -1, -2, 1, -2, 1, 2, 1]"
2761,dfs_bnb_mpi,0.131804,-5,6,36152,"[-1, -1, 2, -1, -2, -1, -1, -2, 1, 1, -2, 1, 2, 1]"
2762,dfs_bnb_mpi,0.01565,-4,5,4289,"[-1, -2, 1, -2, -1, -1, 2, -1, 2, 1, 2, 1, 2, 2]"
2763,dfs_bnb_mpi,0.00043,-3,4,128,"[-1, -1, -1, 2, 1, 2, 1, -2, 1, 2, 2, 2, 2, 2]"
2764,dfs_bnb_mpi,0.024497,-4,5,6307,"[-1, -1, -1, 2, 1, 2, 2, 1, -2, -2, 1, 1, 2, -1]"
2765,dfs_bnb_mpi,0.10733,-5,4,32787,"[-1, -1, 2, 2, 2, 1, -2, 1, 2, 1, -2, -2, -1, -1]"
2766,dfs_bnb_mpi,0.009744,-4,4,2969,"[-1, -1, 2, 1, 2, -1, 2, -1, -2, -2, -2, -2, 1, 1]"
2767,dfs_bnb_mpi,0.003689,-2,3,1160,"[-1, -1, 2, 2, 2, 1, -2, -2, 1, 1, -2, -2, -1, -1]"
2768,dfs_bnb_mpi,0.002711,-6,7,818,"[-1, -2, -1, 2, 2, 1, 2, 1, -2, 1, -2, -2, -1, -2]"
2769,dfs_bnb_mpi,0.048081,-4,5,13277,"[-1, -1, 2, -1, -2, -2, -1, -2, 1, -2, 1, 2, 2, 1]"
2770,dfs_bnb_mpi,0.021323,-5,6,5305,"[-1, -1, -1, 2, 2, 1, -2, 1, 2, 2, 1, -2, -2, 1]"
2771,dfs_bnb_mpi,0.022306,-5,6,5928,"[-1, -1, 2, -1, -2, -1, -2, 1, -2, 1, 2, 1, -2, 1]"
2772,dfs_bnb_mpi,0.023573,-6,7,5539,"[-1, -2, -1, -2, 1, 1, 2, 1, -2, -2, -1, -1, -1, -1]"
2773,dfs_bnb_mpi,0.083842,-6,7,20808,"[-1, -1, 2, 2, -1, 2, -1, -2, -1, -2, 1, -2, 1, 2]"
2774,dfs_bnb_mpi,0.002287,-4,5,581,"[-1, -2, 1, 1, 2, 1, 2, -1, -1, 2, 2, 2, 2, 2]"
2775,dfs_bnb_mpi,0.012509,-6,7,3385,"[-1, -1, 2, 2, 1, -2, 1, 2, 2, -1, 2, -1, -2, -1]"
2776,dfs_bnb_mpi,0.023112,-3,4,7027,"[-1, -1, 2, -1, -2, -2, 1, 1, 1, 1, 2, 2, -1, -1]"
2777,dfs_bnb_mpi,0.159062,-5,5,37025,"[-1, -2, -1, -1, 2, 1, 2, 2, 2, 1, -2, 1, -2, -1]"
2778,dfs_bnb_mpi,0.004227,-3,4,1244,"[-1, -2, 1, 1, 1, 1, 2, -1, -1, 2, -1, 2, 2, 2]"
2779,dfs_bnb_mpi,0.006423,-5,6,1542,"[-1, -1, 2, -1, -2, -1, -2, 1, 1, -2, -2, -1, 2, -1]"
2780,dfs_bnb_mpi,0.145414,-5,6,35126,"[-1, -1, 2, -1, 2, 1, 2, 2, 1, -2, -2, 1, -2, -1]"
2781,dfs_bnb_mpi,0.084184,-5,6,21813,"[-1, -1, 2, 1, 2, 2, 1, 1, 1, -2, -1, -1, -2, 1]"
2782,dfs_bnb_mpi,0.024573,-2,3,7517,"[-1, -1, 2, 2, 2, 1, 2, 2, 2, -1, -2, -2, -1, -2]"
2783,dfs_bnb_mpi,0.000655,-2,3,211,"[-1, -1, 2, 1, 1, 1, -2, -2, -1, -1, -1, -1, 2, 2]"
2784,dfs_bnb_mpi,0.038145,-2,3,11871,"[-1, -1, 2, 2, 2, 2, 2, 2, 1, -2, -2, 1, -2, -1]"
2785,dfs_bnb_mpi,0.000144,-3,3,47,"[-1, -1, 2, 1, 2, 1, -2, 1, 2, 2, 2, 2, 2, 2]"
2786,dfs_bnb_mpi,0.025578,-6,6,6723,"[-1, -2, 1, 1, 2, 2, -1, 2, 2, -1, -2, -1, -2, 1]"
2787,dfs_bnb_mpi,0.024511,-3,4,6892,"[-1, -1, 2, 1, 2, 2, 2, 1, -2, -2, -2, 1, 2, 2]"
2788,dfs_bnb_mpi,0.015622,-5,6,4502,"[-1, -1, 2, -1, -2, -2, 1, 1, 1, -2, -1, -1, -1, -1]"
2789,dfs_bnb_mpi,0.052255,-2,3,12481,"[-1, -1, 2, 2, 2, 2, 2, 2, 2, 1, -2, 1, -2, -1]"
2790,dfs_bnb_mpi,0.160037,-4,5,46993,"[-1, -1, 2, 2, 1, 2, 1, 2, 1, -2, -2, -1, -2, -1]"
2791,dfs_bnb_mpi,0.065282,-5,6,14433,"[-1, -1, -1, 2, 2, 2, 1, -2, -2, 1, 2, 1, -2, 1]"
2792,dfs_bnb_mpi,0.226234,-6,7,56517,"[-1, -2, -1, 2, 2, 2, 2, 2, 1, -2, 1, -2, -1, -2]"
2793,dfs_bnb_mpi,0.021912,-5,6,5786,"[-1, -1, 2, -1, 2, 2, -1, -1, -2, 1, -2, -2, 1, -2]"
2794,dfs_bnb_mpi,0.000665,-3,3,203,"[-1, -1, 2, -1, 2, 1, 2, 1, -2, -2, 1, 2, 2, 2]"
2795,dfs_bnb_mpi,0.038959,-2,3,12128,"[-1, -1, 2, 2, 2, 2, 2, 2, 1, -2, -2, 1, -2, -1]"
2796,dfs_bnb_mpi,0.015719,-4,5,4505,"[-1, -1, 2, 2, 2, 2, 2, 1, -2, 1, -2, -2, -1, 2]"
2797,dfs_bnb_mpi,0.050817,-3,4,12074,"[-1, -1, 2, 2, 2, 2, 1, -2, 1, -2, -1, -2, 1, 1]"
2798,dfs_bnb_mpi,0.068887,-4,5,21465,"[-1, -2, 1, 1, 2, 2, 2, 2, 1, -2, -2, -2, -2, 1]"
2799,dfs_bnb_mpi,0.012535,-6,7,3855,"[-1, -1, 2, 1, 1, 1, -2, -2, -1, -2, -1, -1, 2, 1]"
2800,dfs_bnb_mpi,4.4e-05,0,1,15,"[-1, -1, 2, 2, 2, 2, 2, 2, 2, 2, 2, 2, 2, 2]"
2801,dfs_bnb_mpi,0.002095,-4,5,591,"[-1, -1, 2, 2, -1, -1, 2, -1, -2, -2, 1, 1, -2, -1]"
2802,dfs_bnb_mpi,0.100442,-6,7,24346,"[-1, -1, 2, 2, 1, 2, 2, 1, -2, -2, 1, -2, -1, -1]"
2803,dfs_bnb_mpi,0.022586,-5,6,5101,"[-1, -1, 2, 2, -1, -2, -2, -2, 1, 1, 1, 1, 2, 2]"
2804,dfs_bnb_mpi,0.04522,-7,8,11917,"[-1, -1, 2, -1, -2, -1, -2, 1, 1, -2, 1, 1, 2, -1]"
2805,dfs_bnb_mpi,0.024518,-5,6,6643,"[-1, -1, 2, 1, 2, -1, -1, -2, -2, -2, 1, -2, 1, 2]"
2806,dfs_bnb_mpi,0.020404,-5,6,6149,"[-1, -2, 1, 1, 2, 2, 2, 1, -2, 1, -2, -1, -2, 1]"
2807,dfs_bnb_mpi,0.040001,-4,5,12277,"[-1, -1, 2, -1, -2, -2, 1, 1, 1, 1, 2, 2, -1, -1]"
2808,dfs_bnb_mpi,0.023656,-7,8,6011,"[-1, -1, 2, -1, 2, 2, 1, -2, 1, 1, 1, -2, -1, -1]"
2809,dfs_bnb_mpi,0.023372,-6,6,5173,"[-1, -2, -1, -1, -1, 2, 2, 1, -2, 1, 2, 1, 2, 2]"
2810,dfs_bnb_mpi,0.193052,-3,4,59735,"[-1, -1, 2, 2, 1, 2, 2, 2, 1, -2, -2, -2, -2, -1]"
2811,dfs_bnb_mpi,0.021589,-5,6,5946,"[-1, -1, 2, 1, 2, -1, 2, -1, -2, -1, -2, -2, 1, 2]"
2812,dfs_bnb_mpi,0.044763,-5,5,12977,"[-1, -1, 2, 2, 1, -2, 1, 2, 1, -2, -2, -2, -1, -1]"
2813,dfs_bnb_mpi,0.021652,-4,5,5264,"[-1, -1, 2, 2, -1, -2, -2, -1, 2, 2, 2, -1, -2, -1]"
2814,dfs_bnb_mpi,0.010562,-6,7,2435,"[-1, -1, -1, 2, -1, 2, 1, 1, -2, 1, 2, 1, -2, 1]"
2815,dfs_bnb_mpi,0.007309,-3,4,2232,"[-1, -1, 2, 1, 2, 1, -2, 1, 2, 2, 2, -1, -2, -1]"
2816,dfs_bnb_mpi,0.024272,-4,5,7098,"[-1, -1, 2, 2, 2, 2, 1, 1, -2, -1, -2, 1, -2, -1]"
2817,dfs_bnb_mpi,0.010733,-6,7,2865,"[-1, -2, -1, -2, 1, 1, 2, 1, 2, 1, -2, -2, -1, -2]"
2818,dfs_bnb_mpi,0.122982,-5,6,31396,"[-1, -2, 1, 1, 2, 1, -2, 1, -2, -1, -1, -1, -2, 1]"
2819,dfs_bnb_mpi,0.058661,-6,7,13681,"[-1, -2, -1, -2, 1, 1, 2, 1, 1, 2, -1, 2, 1, 2]"
2820,dfs_bnb_mpi,0.018782,-7,8,5091,"[-1, -1, 2, -1, -2, -2, 1, 1, 1, 1, 2, 2, -1, -1]"
2821,dfs_bnb_mpi,0.004772,-5,6,1396,"[-1, -2, 1, 1, 2, 1, 2, 2, -1, -2, -1, 2, 2, 2]"
2822,dfs_bnb_mpi,0.230182,-5,6,52895,"[-1, -1, 2, 2, 2, 1, -2, -2, 1, 1, -2, -2, -1, -1]"
2823,dfs_bnb_mpi,0.067418,-7,7,19244,"[-1, -2, -1, 2, 2, 1, 2, -1, -1, -2, -1, -2, 1, -2]"
2824,dfs_bnb_mpi,0.056959,-7,8,16068,"[-1, -2, 1, 1, -2, 1, -2, -1, -2, -1, 2, -1, 2, 1]"
2825,dfs_bnb_mpi,0.102937,-4,5,31595,"[-1, -1, 2, 2, 1, 2, 1, -2, 1, 1, -2, -1, -1, -1]"
2826,dfs_bnb_mpi,0.235323,-5,6,52672,"[-1, -1, 2, 2, 2, -1, -2, -1, -2, 1, -2, -1, -1, 2]"
2827,dfs_bnb_mpi,0.010856,-6,7,2663,"[-1, -1, 2, 2, 2, 1, -2, -2, 1, 1, 2, -1, 2, 2]"
2828,dfs_bnb_mpi,0.096869,-4,5,29465,"[-1, -1, 2, 2, 2, 2, 1, -2, 1, 1, -2, -1, -1, -2]"
2829,dfs_bnb_mpi,0.200781,-6,7,44932,"[-1, -1, -1, 2, -1, 2, 1, 2, 1, 1, -2, -1, -2, 1]"
2830,dfs_bnb_mpi,0.006209,-2,3,1947,"[-1, -1, 2, 2, 1, 2, 2, 2, -1, -2, -2, -1, -2, -1]"
2831,dfs_bnb_mpi,0.018886,-6,7,5222,"[-1, -1, 2, 1, 2, 1, -2, 1, -2, -2, -1, -1, -1, -1]"
2832,dfs_bnb_mpi,0.000487,-2,3,148,"[-1, -1, 2, 2, 2, 2, 2, 1, 2, 1, -2, -2, -1, -2]"
2833,dfs_bnb_mpi,0.006159,-6,7,1504,"[-1, -1, 2, 2, 2, 1, -2, -2, 1, 1, -2, -2, -1, -1]"
2834,dfs_bnb_mpi,0.044323,-6,7,11123,"[-1, -1, 2, 1, 2, 1, -2, 1, -2, 1, -2, -1, -1, -1]"
2835,dfs_bnb_mpi,0.025353,-5,6,7005,"[-1, -1, 2, 2, 1, 2, -1, 2, 1, 1, -2, -2, -2, -1]"
2836,dfs_bnb_mpi,0.166278,-6,7,39281,"[-1, -1, 2, 1, 2, -1, -1, -1, -1, -2, 1, 1, -2, -1]"
2837,dfs_bnb_mpi,0.019601,-4,5,5327,"[-1, -2, -1, -2, 1, -2, 1, 1, 2, -1, 2, 1, 2, 2]"
2838,dfs_bnb_mpi,0.065738,-6,7,16428,"[-1, -2, -1, -2, 1, -2, 1, 1, 1, 2, -1, 2, -1, -2]"
2839,dfs_bnb_mpi,0.031281,-5,6,9311,"[-1, -2, -1, -2, 1, -2, -2, 1, 2, 1, 2, -1, 2, 1]"
2840,dfs_bnb_mpi,0.001689,-4,5,438,"[-1, -1, 2, 1, 2, 1, -2, 1, 1, 2, -1, 2, 2, 2]"
2841,dfs_bnb_mpi,0.183775,-3,4,43721,"[-1, -1, 2, 2, 2, 2, -1, -2, -2, -1, -2, 1, -2, -1]"
2842,dfs_bnb_mpi,0.073158,-5,6,18867,"[-1, -1, 2, 2, 1, -2, 1, 2, 2, 1, 2, -1, -1, -2]"
2843,dfs_bnb_mpi,0.003817,-4,4,925,"[-1, -1, 2, 2, 2, -1, -2, -2, -1, -2, 1, -2, 1, 1]"
2844,dfs_bnb_mpi,0.01491,-2,3,4389,"[-1, -1, 2, 2, 2, 2, 1, -2, 1, 1, -2, -1, -1, -2]"
2845,dfs_bnb_mpi,0.010542,-4,5,2798,"[-1, -1, 2, 2, 2, 1, 1, -2, -1, -2, 1, 1, 2, 2]"
2846,dfs_bnb_mpi,0.208221,-6,7,47993,"[-1, -2, -1, -1, 2, 2, 2, 1, 2, 1, -2, -2, -1, -2]"
2847,dfs_bnb_mpi,0.062932,-4,5,16214,"[-1, -1, 2, 2, 2, 1, 2, -1, -1, 2, -1, -2, -2, 1]"
2848,dfs_bnb_mpi,0.083296,-5,6,19175,"[-1, -1, 2, 2, 2, -1, -2, -2, -2, -2, 1, 1, -2, -1]"
2849,dfs_bnb_mpi,0.062884,-5,6,16345,"[-1, -2, 1, 1, 1, -2, -1, -1, -1, -1, -2, 1, 1, 1]"
2850,dfs_bnb_mpi,0.142594,-3,4,34892,"[-1, -1, 2, 2, 2, 2, -1, -1, -2, -2, -2, 1, -2, -1]"
2851,dfs_bnb_mpi,0.002339,-6,6,680,"[-1, -1, 2, 1, 1, 1, 2, -1, 2, -1, -2, -1, 2, 2]"
2852,dfs_bnb_mpi,0.000336,-3,4,108,"[-1, -2, 1, 1, 2, 2, 1, -2, 1, 2, 2, 2, 2, 2]"
2853,dfs_bnb_mpi,0.149441,-5,6,39095,"[-1, -1, 2, 2, -1, 2, -1, -2, -2, -1, -2, 1, 1, 2]"
2854,dfs_bnb_mpi,0.049098,-7,8,13378,"[-1, -2, 1, 1, 2, 2, 1, 1, -2, -2, -2, -1, 2, 2]"
2855,dfs_bnb_mpi,0.025938,-7,8,6401,"[-1, -1, 2, 1, 2, 2, -1, -2, -1, 2, -1, -2, -2, 1]"
2856,dfs_bnb_mpi,0.011911,-6,7,3037,"[-1, -1, 2, 2, -1, 2, 2, 1, -2, 1, -2, 1, -2, -1]"
2857,dfs_bnb_mpi,0.077376,-4,5,22275,"[-1, -1, 2, 2, 2, 2, 1, 2, 1, -2, -2, -2, -1, 2]"
2858,dfs_bnb_mpi,0.015663,-2,3,4826,"[-1, -1, 2, 2, 1, -2, 1, 2, 2, 2, -1, -2, -1, 2]"
2859,dfs_bnb_mpi,0.159895,-6,6,38176,"[-1, -1, 2, 1, 2, 1, -2, 1, 1, -2, -1, -2, -1, -1]"
2860,dfs_bnb_mpi,0.011811,-5,6,3435,"[-1, -1, 2, 1, 1, 2, 1, 2, 2, -1, -2, -1, -2, -1]"
2861,dfs_bnb_mpi,0.050372,-5,6,12872,"[-1, -1, 2, 1, 2, 2, -1, -2, -1, 2, -1, -2, -2, 1]"
2862,dfs_bnb_mpi,0.041139,-7,8,9322,"[-1, -1, 2, -1, 2, 2, 1, -2, 1, -2, 1, 2, 2, -1]"
2863,dfs_bnb_mpi,0.120464,-7,7,29792,"[-1, -1, 2, 2, 1, 2, 2, 1, 1, -2, -1, -2, -2, -1]"
2864,dfs_bnb_mpi,0.046156,-6,7,12049,"[-1, -2, 1, -2, 1, 2, 1, 2, -1, 2, 1, 1, -2, 1]"
2865,dfs_bnb_mpi,0.055846,-7,8,14645,"[-1, -1, 2, -1, -1, -2, 1, -2, -1, -2, 1, 1, 2, 1]"
2866,dfs_bnb_mpi,0.164296,-6,6,39613,"[-1, -1, 2, 2, 2, 2, 1, 1, -2, -2, -2, -1, 2, 2]"
2867,dfs_bnb_mpi,0.011079,-5,6,2700,"[-1, -1, 2, -1, 2, -1, -2, -2, 1, -2, 1, 1, 1, 1]"
2868,dfs_bnb_mpi,0.03127,-7,8,8134,"[-1, -2, 1, -2, 1, 2, 2, 2, -1, 2, -1, -2, -1, -2]"
2869,dfs_bnb_mpi,0.00094,-4,5,282,"[-1, -2, -1, 2, 2, 1, 2, 1, -2, 1, 2, 2, 2, 2]"
2870,dfs_bnb_mpi,0.05777,-6,7,14970,"[-1, -1, 2, 2, 1, 2, 2, 1, -2, -2, 1, -2, -1, -1]"
2871,dfs_bnb_mpi,0.075451,-3,4,22793,"[-1, -2, 1, 1, 1, 1, 2, 2, 2, -1, -1, -2, -2, 1]"
2872,dfs_bnb_mpi,0.046049,-3,4,13490,"[-1, -1, 2, 2, 2, 1, 2, 1, -2, 1, -2, -2, -1, 2]"
2873,dfs_bnb_mpi,0.025683,-3,4,5961,"[-1, -1, 2, 2, 2, 2, 2, 1, -2, 1, -2, -1, -2, 1]"
2874,dfs_bnb_mpi,0.01108,-2,3,3129,"[-1, -1, 2, 2, 2, 2, 2, 1, -2, 1, -2, -1, -2, 1]"
2875,dfs_bnb_mpi,0.193353,-4,5,45069,"[-1, -1, 2, 2, 1, 2, 2, 2, 1, -2, -2, -2, -2, -1]"
2876,dfs_bnb_mpi,0.008965,-5,6,2429,"[-1, -2, 1, 1, 2, 1, -2, -2, -2, -1, 2, -1, -1, -1]"
2877,dfs_bnb_mpi,0.011111,-5,6,2833,"[-1, -1, 2, 1, 1, 2, 1, 1, -2, -1, -2, -2, -1, -1]"
2878,dfs_bnb_mpi,0.006923,-5,5,1795,"[-1, -1, 2, 2, 2, 2, 1, -2, 1, -2, -1, -2, 1, 1]"
2879,dfs_bnb_mpi,0.002089,-4,4,555,"[-1, -1, 2, 1, 1, 2, -1, -1, 2, -1, -2, -1, 2, 2]"
2880,dfs_bnb_mpi,0.109259,-5,6,29942,"[-1, -1, 2, 2, -1, -2, -2, -2, 1, -2, 1, 1, 2, -1]"
2881,dfs_bnb_mpi,0.371388,-3,4,89339,"[-1, -1, 2, 2, 2, 2, 2, 2, 1, -2, -2, -2, -2, -2]"
2882,dfs_bnb_mpi,0.180212,-6,7,48638,"[-1, -2, 1, -2, 1, 1, 2, 2, 2, 2, -1, -2, -2, -2]"
2883,dfs_bnb_mpi,9.9e-05,-2,2,28,"[-1, -1, 2, 2, 2, 1, -2, -2, 1, 2, 2, 2, 2, 2]"
2884,dfs_bnb_mpi,0.014196,-6,7,3865,"[-1, -2, -1, 2, -1, -2, -2, 1, 1, -2, 1, 2, 2, 1]"
2885,dfs_bnb_mpi,0.04224,-4,5,12676,"[-1, -1, -1, 2, 1, 1, 2, 2, 1, -2, -2, 1, -2, 1]"
2886,dfs_bnb_mpi,0.055674,-4,4,16697,"[-1, -1, 2, 1, 2, -1, -1, -2, -1, -2, 1, -2, 1, 1]"
2887,dfs_bnb_mpi,0.000688,-5,5,201,"[-1, -2, 1, 1, 2, 2, 1, -2, 1, -2, -1, -2, 1, 1]"
2888,dfs_bnb_mpi,0.051323,-4,4,15288,"[-1, -1, 2, 2, 2, 2, 1, -2, -2, 1, 1, -2, -1, -1]"
2889,dfs_bnb_mpi,0.041482,-7,8,9620,"[-1, -1, 2, 2, 1, 2, 2, 1, -2, -2, 1, -2, -1, -1]"
2890,dfs_bnb_mpi,0.019585,-6,7,5571,"[-1, -1, 2, -1, 2, 1, 2, 1, 1, -2, -1, -2, 1, 1]"
2891,dfs_bnb_mpi,0.060473,-2,3,14752,"[-1, -1, 2, 2, 2, 2, 2, 2, 2, 1, -2, 1, -2, -1]"
2892,dfs_bnb_mpi,0.06836,-3,3,18753,"[-1, -1, 2, 2, 2, 2, 2, 2, 2, 1, -2, 1, -2, -1]"
2893,dfs_bnb_mpi,0.032603,-7,8,9059,"[-1, -1, 2, 1, 1, 1, -2, -2, -1, -2, -1, -1, 2, 1]"
2894,dfs_bnb_mpi,0.021641,-5,5,5010,"[-1, -1, 2, 2, 2, 2, 1, -2, 1, -2, -1, -2, 1, 1]"
2895,dfs_bnb_mpi,0.037609,-6,7,9205,"[-1, -1, 2, -1, 2, 1, 2, 1, 1, -2, -1, -2, 1, 1]"
2896,dfs_bnb_mpi,0.000107,-1,2,28,"[-1, -1, 2, 2, 1, 1, -2, 1, 2, 2, 2, 2, 2, 2]"
2897,dfs_bnb_mpi,0.019381,-5,6,4349,"[-1, -1, -1, 2, 2, 1, -2, 1, 2, 1, -2, 1, 2, 2]"
2898,dfs_bnb_mpi,0.017951,-7,8,4225,"[-1, -1, 2, 1, 2, 1, -2, 1, -2, -2, -1, -2, -1, 2]"
2899,dfs_bnb_mpi,0.021396,-4,5,5174,"[-1, -1, 2, 2, 1, 2, -1, 2, -1, -2, -1, -2, 1, -2]"
2900,dfs_bnb_mpi,0.061144,-6,7,17266,"[-1, -2, -1, 2, 2, -1, 2, -1, 2, 1, 1, -2, 1, -2]"
2901,dfs_bnb_mpi,0.070977,-6,7,20569,"[-1, -1, 2, 1, 2, 2, 1, 2, 1, -2, -2, -2, -1, 2]"
2902,dfs_bnb_mpi,0.012069,-4,5,2969,"[-1, -2, 1, -2, -1, -1, -1, 2, 1, 2, 2, 1, 2, 2]"
2903,dfs_bnb_mpi,0.001879,-5,6,477,"[-1, -1, 2, 2, 1, -2, 1, 1, 2, -1, 2, 2, 2, 2]"
2904,dfs_bnb_mpi,0.061076,-6,7,16178,"[-1, -1, 2, 1, 2, -1, -1, -2, -2, -2, 1, 1, -2, -1]"
2905,dfs_bnb_mpi,0.016138,-6,7,4609,"[-1, -1, 2, 1, 1, 2, -1, 2, -1, -2, -1, -1, -2, 1]"
2906,dfs_bnb_mpi,0.014657,-4,5,4121,"[-1, -1, 2, 2, -1, 2, -1, -2, -1, -2, 1, 1, -2, -1]"
2907,dfs_bnb_mpi,0.004245,-5,6,1203,"[-1, -1, 2, 1, 2, 2, -1, -2, -1, -2, -1, -2, 1, -2]"
2908,dfs_bnb_mpi,4.5e-05,0,1,15,"[-1, -1, 2, 2, 2, 2, 2, 2, 2, 2, 2, 2, 2, 2]"
2909,dfs_bnb_mpi,0.008477,-4,5,2319,"[-1, -1, 2, -1, -2, -1, -2, 1, -2, -1, -1, 2, 2, 2]"
2910,dfs_bnb_mpi,0.005483,-5,5,1636,"[-1, -1, 2, 1, 1, 2, 1, -2, 1, -2, -1, -2, 1, 1]"
2911,dfs_bnb_mpi,0.032584,-7,8,7249,"[-1, -2, 1, 1, 2, 1, 2, -1, 2, -1, -2, -1, 2, 2]"
2912,dfs_bnb_mpi,0.008622,-5,6,2314,"[-1, -1, 2, 2, 1, -2, 1, 1, -2, -2, -1, -1, -1, -1]"
2913,dfs_bnb_mpi,0.063545,-5,6,18129,"[-1, -2, -1, -2, 1, 1, 2, 1, 2, 2, 2, 1, -2, -2]"
2914,dfs_bnb_mpi,0.044884,-7,8,10347,"[-1, -1, 2, -1, -2, -1, -2, -2, 1, 2, 1, 1, -2, -1]"
2915,dfs_bnb_mpi,0.036626,-4,5,10935,"[-1, -1, 2, 2, 1, -2, 1, 1, 1, 2, -1, -1, 2, -1]"
2916,dfs_bnb_mpi,0.079145,-6,7,22109,"[-1, -2, 1, 1, 2, 1, 2, 2, -1, -1, -1, -2, 1, 1]"
2917,dfs_bnb_mpi,0.010787,-5,6,3072,"[-1, -1, 2, 2, 1, 2, -1, -1, -2, -1, -2, 1, -2, -1]"
2918,dfs_bnb_mpi,0.030226,-5,6,6817,"[-1, -2, -1, 2, -1, 2, 1, 2, 2, 1, -2, -2, 1, 2]"
2919,dfs_bnb_mpi,0.089873,-6,6,23716,"[-1, -2, -1, -2, 1, 1, 2, 1, 1, -2, -1, -2, -1, -1]"
2920,dfs_bnb_mpi,0.051823,-7,8,13834,"[-1, -2, -2, 1, 2, 1, 1, 2, -1, 2, -1, 2, -1, -2]"
2921,dfs_bnb_mpi,0.051931,-4,5,15444,"[-1, -1, -1, 2, 2, 1, -2, 1, 1, 1, -2, -2, -1, -1]"
2922,dfs_bnb_mpi,0.069619,-5,6,18241,"[-1, -1, 2, 1, 2, 2, -1, -2, -1, 2, -1, -2, -2, 1]"
2923,dfs_bnb_mpi,0.013418,-5,6,3642,"[-1, -1, 2, 1, 2, -1, 2, -1, -2, -2, -2, -2, 1, 1]"
2924,dfs_bnb_mpi,0.002418,-4,5,681,"[-1, -2, -1, 2, 2, 1, 2, -1, -1, -2, -1, 2, 2, 2]"
2925,dfs_bnb_mpi,0.036546,-7,8,10175,"[-1, -1, -1, 2, 1, 2, 1, 2, 1, -2, 1, -2, -1, -1]"
2926,dfs_bnb_mpi,0.028628,-3,4,7329,"[-1, -1, 2, -1, 2, 1, 1, -2, 1, 2, 2, -1, 2, 2]"
2927,dfs_bnb_mpi,0.001625,-6,7,473,"[-1, -2, -2, 1, 2, 1, 2, 2, -1, 2, -1, -2, -1, 2]"
2928,dfs_bnb_mpi,0.000255,-3,4,75,"[-1, -2, 1, 1, 2, 2, -1, 2, 2, 2, 2, 2, 2, 2]"
2929,dfs_bnb_mpi,0.013868,-5,6,3908,"[-1, -2, 1, 1, 2, 2, 1, 1, 1, -2, -1, -1, -2, 1]"
2930,dfs_bnb_mpi,0.129347,-5,6,35796,"[-1, -1, 2, 2, 1, 1, 2, 1, 1, -2, -1, -2, -1, -1]"
2931,dfs_bnb_mpi,0.127382,-3,4,35366,"[-1, -1, 2, 2, 2, 2, 2, 1, -2, -2, 1, -2, -1, -2]"
2932,dfs_bnb_mpi,0.016364,-3,3,4925,"[-1, -1, 2, 2, 2, 2, 2, 2, 1, -2, -2, 1, -2, -1]"
2933,dfs_bnb_mpi,0.000761,-3,4,216,"[-1, -2, 1, 1, 2, 2, 1, -2, 1, 2, 2, 2, 2, 2]"
2934,dfs_bnb_mpi,0.006358,-2,3,1988,"[-1, -1, 2, 2, 2, 2, 1, -2, -2, 1, 1, -2, -1, -1]"
2935,dfs_bnb_mpi,0.196563,-7,8,43773,"[-1, -2, -1, -2, 1, -2, 1, 1, 1, 2, -1, 2, -1, -2]"
2936,dfs_bnb_mpi,0.043488,-5,6,12691,"[-1, -1, 2, 1, 2, -1, -1, 2, -1, -1, -2, 1, -2, 1]"
2937,dfs_bnb_mpi,0.002494,-6,7,630,"[-1, -1, 2, -1, -2, -2, 1, 1, -2, -1, -2, -1, 2, -1]"
2938,dfs_bnb_mpi,0.076179,-6,7,20300,"[-1, -1, 2, -1, -1, -2, 1, -2, -1, -2, 1, 1, 2, 1]"
2939,dfs_bnb_mpi,0.005274,-3,4,1469,"[-1, -1, 2, 2, -1, -2, -2, -1, -1, 2, 1, 2, 2, 2]"
2940,dfs_bnb_mpi,0.0042,-4,5,1212,"[-1, -2, 1, 1, 2, 2, -1, 2, -1, -2, -1, 2, 2, 2]"
2941,dfs_bnb_mpi,0.149244,-6,7,39532,"[-1, -1, 2, 2, 2, -1, -2, -1, -2, -1, -2, 1, 1, 2]"
2942,dfs_bnb_mpi,0.002782,-5,6,802,"[-1, -1, 2, 1, 1, 2, 1, 2, 2, -1, -2, -1, -2, -1]"
2943,dfs_bnb_mpi,0.008789,-7,8,2337,"[-1, -1, 2, 1, 1, 2, -1, 2, -1, -2, -1, -2, -2, -1]"
2944,dfs_bnb_mpi,0.033565,-6,7,8514,"[-1, -1, 2, -1, -1, -2, 1, -2, 1, -2, -1, -1, 2, -1]"
2945,dfs_bnb_mpi,0.054655,-4,5,13013,"[-1, -1, 2, 2, 2, -1, -2, -1, -2, 1, -2, -1, -2, 1]"
2946,dfs_bnb_mpi,0.135111,-5,6,34707,"[-1, -1, 2, 2, 1, 1, 2, 2, 1, -2, -2, -2, -1, -1]"
2947,dfs_bnb_mpi,0.097237,-6,7,24259,"[-1, -1, 2, 2, 1, 1, 2, 1, 1, -2, -1, -2, -1, -1]"
2948,dfs_bnb_mpi,0.013476,-4,4,3544,"[-1, -1, 2, 2, 2, 2, 2, 1, -2, -2, 1, -2, -1, -2]"
2949,dfs_bnb_mpi,0.023779,-7,7,6236,"[-1, -1, 2, -1, 2, 1, 2, 1, 1, -2, -1, -2, 1, 1]"
2950,dfs_bnb_mpi,0.166661,-6,7,45178,"[-1, -1, 2, 1, 2, 2, 1, 1, -2, 1, -2, -1, -1, 2]"
2951,dfs_bnb_mpi,0.028557,-5,6,7262,"[-1, -2, 1, 1, 2, 1, -2, 1, -2, -1, -1, -1, -1, -1]"
2952,dfs_bnb_mpi,0.029075,-6,7,7681,"[-1, -2, 1, 1, 2, 1, 2, 1, 2, -1, -1, -2, -1, 2]"
2953,dfs_bnb_mpi,0.008468,-5,6,2078,"[-1, -1, 2, -1, 2, 1, 2, 1, -2, -2, 1, 2, 2, 2]"
2954,dfs_bnb_mpi,0.082719,-5,6,21887,"[-1, -1, 2, -1, -1, 2, 1, 1, 2, 1, -2, 1, -2, -1]"
2955,dfs_bnb_mpi,0.000373,-2,3,111,"[-1, -1, 2, 2, 2, 1, -2, 1, 2, 1, -2, -2, -1, -1]"
2956,dfs_bnb_mpi,0.010647,-4,5,3233,"[-1, -1, 2, 1, 2, -1, -1, -2, -1, -2, 1, -2, 1, 1]"
2957,dfs_bnb_mpi,0.095446,-6,7,27509,"[-1, -2, -1, 2, -1, 2, -1, 2, 1, 2, 1, -2, -2, 1]"
2958,dfs_bnb_mpi,0.014949,-6,7,3658,"[-1, -1, 2, 1, 2, -1, 2, -1, -2, -2, -1, 2, 2, 2]"
2959,dfs_bnb_mpi,0.020591,-6,6,5180,"[-1, -2, -1, 2, 2, 1, 1, 2, -1, -1, -1, -2, -2, -1]"
2960,dfs_bnb_mpi,0.002811,-2,3,747,"[-1, -1, 2, 2, 2, 1, -2, -2, 1, 2, 2, 2, 2, 2]"
2961,dfs_bnb_mpi,0.008078,-5,5,2176,"[-1, -1, 2, 2, 2, -1, -1, -2, 1, -2, -1, -2, 1, -2]"
2962,dfs_bnb_mpi,0.051472,-3,4,12483,"[-1, -1, 2, 2, 1, -2, 1, 1, 2, -1, 2, -1, 2, 2]"
2963,dfs_bnb_mpi,0.00359,-4,5,1036,"[-1, -1, 2, -1, -2, -1, -1, 2, 1, 2, 2, 1, -2, 1]"
2964,dfs_bnb_mpi,0.053087,-4,5,12782,"[-1, -1, 2, 2, -1, -1, -1, -2, -2, 1, 2, 1, -2, -2]"
2965,dfs_bnb_mpi,0.129802,-5,6,30264,"[-1, -1, 2, 2, 2, 2, 2, 1, -2, -2, -2, 1, -2, -1]"
2966,dfs_bnb_mpi,0.037909,-6,6,10997,"[-1, -1, 2, 2, 2, 1, -2, 1, 2, 1, -2, -2, -1, -1]"
2967,dfs_bnb_mpi,0.000391,-3,4,114,"[-1, -1, -1, 2, 1, 2, 1, -2, 1, 2, 2, 2, 2, 2]"
2968,dfs_bnb_mpi,0.069058,-6,6,18650,"[-1, -2, -1, -1, 2, 1, 2, 1, 1, 2, -1, -1, -1, -2]"
2969,dfs_bnb_mpi,0.193264,-6,7,44547,"[-1, -1, 2, -1, 2, -1, -1, -2, 1, -2, 1, -2, 1, 1]"
2970,dfs_bnb_mpi,0.042807,-5,5,12414,"[-1, -2, 1, 1, 2, 2, -1, 2, -1, -2, -1, -1, -2, 1]"
2971,dfs_bnb_mpi,0.009311,-4,5,2640,"[-1, -1, 2, 2, 2, -1, -2, -1, -1, -2, -2, 1, 2, 1]"
2972,dfs_bnb_mpi,0.030832,-3,4,9570,"[-1, -1, 2, 2, 1, -2, 1, 2, 2, 2, 2, -1, -2, -2]"
2973,dfs_bnb_mpi,0.002875,-5,6,744,"[-1, -2, 1, 1, -2, -1, -1, -2, 1, 1, 1, 2, 2, 2]"
2974,dfs_bnb_mpi,0.018923,-4,5,5635,"[-1, -2, 1, -2, -1, -1, -1, 2, 1, 2, 2, 2, 1, -2]"
2975,dfs_bnb_mpi,0.005903,-4,5,1351,"[-1, -1, -1, 2, 1, 2, 1, -2, 1, 2, 2, 2, 2, 2]"
2976,dfs_bnb_mpi,0.010346,-7,8,2353,"[-1, -1, 2, 2, 1, -2, 1, 2, 1, -2, 1, -2, -1, -2]"
2977,dfs_bnb_mpi,0.076756,-6,7,19485,"[-1, -1, 2, 1, 2, 2, 1, 1, -2, 1, -2, -1, -1, 2]"
2978,dfs_bnb_mpi,0.073674,-6,7,19940,"[-1, -1, 2, -1, 2, -1, -2, -2, 1, -2, -2, 1, 2, 1]"
2979,dfs_bnb_mpi,0.00694,-5,6,1979,"[-1, -1, 2, 2, 1, 2, -1, -1, -2, -2, -1, -2, 1, -2]"
2980,dfs_bnb_mpi,0.010991,-6,6,3099,"[-1, -1, 2, 1, 2, -1, -1, -1, -1, -2, 1, -2, 1, 2]"
2981,dfs_bnb_mpi,0.051374,-6,7,13858,"[-1, -1, 2, 2, 1, -2, 1, 1, 2, 1, 2, -1, -1, -2]"
2982,dfs_bnb_mpi,0.016447,-4,5,4255,"[-1, -1, 2, 2, 2, -1, -1, -2, 1, -2, -2, -1, -2, 1]"
2983,dfs_bnb_mpi,0.060971,-5,6,17198,"[-1, -1, 2, 2, 1, 2, 1, 2, 1, -2, -2, -1, -2, -1]"
2984,dfs_bnb_mpi,0.008217,-3,4,2249,"[-1, -1, 2, 2, 2, 2, 1, 1, 1, -2, -1, -1, -2, 1]"
2985,dfs_bnb_mpi,0.066856,-8,9,17333,"[-1, -1, 2, 2, 1, 1, 1, 1, -2, -2, -1, 2, -1, -1]"
2986,dfs_bnb_mpi,0.030313,-6,7,8500,"[-1, -2, -1, -2, 1, -2, -2, 1, 2, 1, 2, 2, -1, -2]"
2987,dfs_bnb_mpi,0.04337,-5,5,13657,"[-1, -1, 2, 2, 1, -2, 1, 1, 2, 2, 2, -1, -2, -2]"
2988,dfs_bnb_mpi,0.35526,-4,5,93773,"[-1, -1, 2, 2, 2, 2, 2, 2, 1, -2, 1, -2, -1, -2]"
2989,dfs_bnb_mpi,0.062044,-4,5,14049,"[-1, -1, 2, 2, 2, 2, -1, -2, -2, -1, -2, 1, -2, -1]"
2990,dfs_bnb_mpi,0.033369,-5,6,8429,"[-1, -1, 2, 2, -1, -2, -2, -1, 2, 2, 2, 1, 1, 2]"
2991,dfs_bnb_mpi,0.000657,-2,3,180,"[-1, -1, 2, 2, 1, -2, 1, 2, 2, 2, 2, 2, 2, 2]"
2992,dfs_bnb_mpi,0.035269,-4,5,10985,"[-1, -2, -1, 2, -1, -1, 2, 1, 2, 2, 1, -2, -2, 1]"
2993,dfs_bnb_mpi,0.008022,-5,6,2362,"[-1, -1, -1, 2, 1, 1, 2, 2, 1, -2, -2, 1, -2, 1]"
2994,dfs_bnb_mpi,0.096674,-7,7,23824,"[-1, -1, 2, 2, 2, 1, 1, 1, -2, -2, -1, 2, -1, -2]"
2995,dfs_bnb_mpi,0.005012,-5,6,1238,"[-1, -1, 2, 2, 1, -2, 1, 2, 2, 1, -2, -2, 1, 2]"
2996,dfs_bnb_mpi,0.042596,-7,8,12027,"[-1, -1, 2, 2, 1, 1, 2, 1, 1, -2, -1, -2, -1, -1]"
2997,dfs_bnb_mpi,0.021439,-5,6,6141,"[-1, -1, 2, 2, -1, -1, -2, 1, -2, -2, -1, -1, 2, 1]"
2998,dfs_bnb_mpi,0.041949,-4,4,12960,"[-1, -1, 2, 2, 2, 2, 2, 1, -2, -2, -2, 1, -2, -1]"
2999,dfs_bnb_mpi,0.046034,-4,5,12587,"[-1, -1, 2, 2, 1, 1, 2, 1, -2, 1, -2, -1, -1, -1]"
3000,dfs_bnb_mpi,0.024492,-5,5,6139,"[-1, -1, 2, -1, 2, 2, 2, 1, -2, -2, 1, -2, 1, 2]"
3001,dfs_bnb_mpi,0.001775,-6,7,455,"[-1, -2, 1, 1, 1, 2, -1, 2, -1, 2, -1, -2, -1, 2]"
3002,dfs_bnb_mpi,0.230453,-5,6,53462,"[-1, -1, 2, 2, 2, 1, 1, 1, -2, -2, -1, 2, -1, -2]"
3003,dfs_bnb_mpi,0.00992,-4,5,2963,"[-1, -1, 2, 2, 1, -2, 1, 1, 1, 2, -1, 2, -1, -2]"
3004,dfs_bnb_mpi,0.008379,-5,6,2153,"[-1, -1, 2, 1, 1, 1, -2, -2, -1, -1, -1, -1, 2, 2]"
3005,dfs_bnb_mpi,0.020819,-3,3,5656,"[-1, -1, 2, 2, 2, 2, 2, 2, 2, 1, -2, 1, -2, -1]"
3006,dfs_bnb_mpi,0.00015,-2,3,42,"[-1, -1, 2, 2, 2, 2, 2, 1, 1, -2, -1, -2, 1, 1]"
3007,dfs_bnb_mpi,0.167916,-5,6,46188,"[-1, -2, -1, 2, -1, 2, 2, 2, 2, 1, -2, -2, -2, 1]"
3008,dfs_bnb_mpi,0.05438,-6,7,15743,"[-1, -1, 2, 1, 2, 1, -2, 1, -2, -2, -1, -1, -2, 1]"
3009,dfs_bnb_mpi,0.04015,-3,4,11991,"[-1, -2, -2, -1, 2, 2, -1, 2, 2, 1, -2, 1, 2, 2]"
3010,dfs_bnb_mpi,0.004103,-5,6,971,"[-1, -2, -2, 1, 2, 1, 2, 1, -2, -2, -1, -2, 1, 1]"
3011,dfs_bnb_mpi,0.172657,-5,6,46014,"[-1, -1, 2, 2, 2, 1, -2, 1, 2, 1, -2, -2, -1, -1]"
3012,dfs_bnb_mpi,0.022044,-5,6,6520,"[-1, -1, 2, 2, 1, -2, 1, 2, 2, -1, 2, -1, -2, -1]"
3013,dfs_bnb_mpi,0.06886,-5,5,20409,"[-1, -1, 2, 1, 2, 1, 2, -1, 2, -1, -2, -2, -1, -2]"
3014,dfs_bnb_mpi,0.03072,-5,6,8368,"[-1, -1, 2, 2, 2, 2, -1, -2, -2, -1, -2, -2, 1, 2]"
3015,dfs_bnb_mpi,0.013015,-4,5,2985,"[-1, -1, 2, 2, 1, -2, 1, 2, 2, 2, -1, -2, -1, 2]"
3016,dfs_bnb_mpi,0.017507,-5,6,4673,"[-1, -2, 1, 1, 2, 1, 1, -2, -1, -2, -1, -1, -1, -1]"
3017,dfs_bnb_mpi,0.105785,-4,5,26531,"[-1, -1, 2, 2, 2, 1, 1, -2, -1, -2, 1, 1, 2, 2]"
3018,dfs_bnb_mpi,0.130845,-5,6,35306,"[-1, -1, 2, 2, -1, -2, -2, -1, -2, 1, -2, 1, 2, 1]"
3019,dfs_bnb_mpi,0.000608,-2,3,177,"[-1, -1, 2, 1, 2, 2, -1, -2, -1, -2, -1, 2, 2, 2]"
3020,dfs_bnb_mpi,0.026645,-6,7,6769,"[-1, -2, 1, 1, 2, 1, -2, -2, -1, -1, -2, -1, 2, -1]"
3021,dfs_bnb_mpi,0.018943,-5,6,5026,"[-1, -1, 2, 2, 2, 1, -2, -2, 1, 2, 2, 2, -1, 2]"
3022,dfs_bnb_mpi,0.24797,-6,7,54969,"[-1, -2, 1, -2, -1, -1, -1, 2, 1, 2, -1, 2, 1, 1]"
3023,dfs_bnb_mpi,0.054112,-4,5,14795,"[-1, -1, 2, 2, 2, 2, -1, -2, -2, -1, -2, -2, 1, 2]"
3024,dfs_bnb_mpi,0.000303,-2,3,93,"[-1, -1, 2, 2, 1, 2, -1, -1, -2, -1, 2, 2, 2, 2]"
3025,dfs_bnb_mpi,0.074416,-6,7,19915,"[-1, -1, 2, -1, -1, 2, -1, -2, -2, -2, 1, 1, 2, -1]"
3026,dfs_bnb_mpi,0.076135,-5,6,22729,"[-1, -2, -2, -1, -1, -2, 1, 1, 1, 1, 2, 2, -1, -2]"
3027,dfs_bnb_mpi,0.001031,-5,6,291,"[-1, -2, 1, 1, 2, 1, 2, -1, 2, -1, -2, -1, 2, 2]"
3028,dfs_bnb_mpi,0.078979,-6,7,21057,"[-1, -1, 2, 2, -1, -2, -1, -1, -2, -2, 1, 1, 2, -1]"
3029,dfs_bnb_mpi,0.001897,-4,5,466,"[-1, -1, 2, 2, 2, 1, -2, -2, 1, 2, 2, 2, 2, 2]"
3030,dfs_bnb_mpi,0.177465,-6,7,39712,"[-1, -1, 2, 2, 2, -1, -2, -1, -1, -2, 1, 1, -2, -1]"
3031,dfs_bnb_mpi,0.006164,-4,4,1951,"[-1, -1, 2, 1, 1, 2, 2, 2, 1, -2, -2, 1, -2, -1]"
3032,dfs_bnb_mpi,0.005381,-3,4,1653,"[-1, -1, 2, 1, 2, -1, 2, 2, 2, -1, -2, -2, -2, -2]"
3033,dfs_bnb_mpi,0.18194,-6,7,40854,"[-1, -1, 2, -1, 2, -1, -2, -1, -2, 1, 1, -2, 1, 1]"
3034,dfs_bnb_mpi,0.036198,-7,8,8195,"[-1, -2, 1, 1, 1, 2, -1, 2, 1, 2, -1, -1, -2, -1]"
3035,dfs_bnb_mpi,0.003275,-4,5,866,"[-1, -1, 2, 1, 2, 1, -2, 1, 2, 2, -1, 2, 2, 2]"
3036,dfs_bnb_mpi,0.018403,-4,5,5324,"[-1, -2, -1, -1, -2, 1, 1, 1, 2, 1, -2, -2, -1, -1]"
3037,dfs_bnb_mpi,0.016757,-6,7,4424,"[-1, -1, 2, -1, 2, 1, 2, 1, -2, 1, 1, -2, -1, -1]"
3038,dfs_bnb_mpi,0.058352,-3,4,12872,"[-1, -1, 2, 2, 2, 2, 1, 1, -2, -1, -2, 1, 1, 2]"
3039,dfs_bnb_mpi,0.005856,-2,3,1838,"[-1, -1, 2, 2, 2, -1, -2, -1, -1, -2, 1, 1, -2, -1]"
3040,dfs_bnb_mpi,0.102748,-3,4,23302,"[-1, -1, 2, 2, 2, 2, 1, -2, 1, -2, -1, -2, 1, 1]"
3041,dfs_bnb_mpi,0.009254,-4,5,2648,"[-1, -1, 2, 1, 2, -1, -1, 2, -1, -2, -2, 1, -2, -1]"
3042,dfs_bnb_mpi,0.008465,-2,3,2099,"[-1, -1, 2, 2, 2, -1, -2, -2, -1, -1, -2, 1, 1, -2]"
3043,dfs_bnb_mpi,0.05838,-6,7,16471,"[-1, -1, 2, -1, -2, -2, 1, 1, -2, -2, -1, -1, 2, 1]"
3044,dfs_bnb_mpi,0.131813,-4,5,34141,"[-1, -1, 2, 2, 2, -1, -2, -1, -1, -2, 1, -2, 1, 2]"
3045,dfs_bnb_mpi,0.079069,-7,8,20072,"[-1, -2, -1, -2, 1, -2, 1, -2, 1, 2, 2, 2, -1, -2]"
3046,dfs_bnb_mpi,0.006104,-2,3,1979,"[-1, -1, 2, 1, 1, 2, 2, 2, 2, 1, -2, -2, -2, -2]"
3047,dfs_bnb_mpi,0.017719,-4,5,4210,"[-1, -1, 2, 2, -1, -1, -1, -2, 1, 1, -2, -2, -1, 2]"
3048,dfs_bnb_mpi,0.115834,-5,6,28928,"[-1, -1, 2, 2, -1, -2, -2, -1, -2, 1, 1, -2, -1, -1]"
3049,dfs_bnb_mpi,0.113508,-7,8,25965,"[-1, -1, 2, 1, 1, 2, 1, -2, 1, -2, -1, -2, -1, -1]"
3050,dfs_bnb_mpi,0.021863,-3,4,6429,"[-1, -2, 1, 1, 2, 2, -1, 2, -1, -2, -1, -2, -1, 2]"
3051,dfs_bnb_mpi,0.038987,-6,7,8708,"[-1, -1, 2, -1, 2, 1, 2, 1, 1, -2, -1, -2, 1, 1]"
3052,dfs_bnb_mpi,0.104983,-5,6,28091,"[-1, -1, 2, 2, 2, 1, -2, 1, 2, 1, -2, -2, -1, -1]"
3053,dfs_bnb_mpi,0.156509,-6,6,37820,"[-1, -1, 2, 2, 2, 1, 1, 1, -2, -2, -1, 2, -1, -2]"
3054,dfs_bnb_mpi,0.007951,-4,5,2004,"[-1, -1, 2, 2, 1, 1, 2, 1, -2, 1, -2, -1, -1, -1]"
3055,dfs_bnb_mpi,0.016227,-5,6,4705,"[-1, -1, 2, -1, -2, -1, -2, 1, 1, -2, 1, 1, 2, -1]"
3056,dfs_bnb_mpi,0.004431,-5,6,1227,"[-1, -2, 1, 1, 1, -2, -1, -2, -1, 2, -1, -1, 2, 2]"
3057,dfs_bnb_mpi,0.005804,-5,6,1617,"[-1, -2, -1, -2, -2, 1, 2, 1, 2, 1, 2, 2, -1, 2]"
3058,dfs_bnb_mpi,0.023652,-2,3,7119,"[-1, -1, 2, 2, 1, -2, 1, 2, 1, -2, -2, -2, -1, -1]"
3059,dfs_bnb_mpi,0.098221,-5,6,25115,"[-1, -1, -1, 2, 1, 2, 2, 2, 1, -2, -2, 1, -2, -1]"
3060,dfs_bnb_mpi,0.045591,-4,5,13678,"[-1, -1, 2, 2, -1, -2, -1, -2, 1, -2, -1, -1, 2, 2]"
3061,dfs_bnb_mpi,0.077724,-4,5,22646,"[-1, -2, 1, 1, 2, 2, -1, -1, -1, 2, -1, -2, -2, 1]"
3062,dfs_bnb_mpi,0.087475,-5,6,26497,"[-1, -2, 1, 1, 2, 2, -1, 2, 2, -1, -2, -2, -1, -2]"
3063,dfs_bnb_mpi,0.109046,-5,6,24965,"[-1, -1, 2, 2, 2, 1, -2, -2, 1, 2, 2, 2, 1, -2]"
3064,dfs_bnb_mpi,0.006205,-4,5,1871,"[-1, -1, 2, -1, -2, -2, 1, 1, -2, -2, 1, 2, 2, 1]"
3065,dfs_bnb_mpi,0.003,-5,6,811,"[-1, -1, 2, -1, -2, -2, 1, 1, -2, -2, 1, 2, 2, 1]"
3066,dfs_bnb_mpi,0.056215,-5,6,16037,"[-1, -1, 2, 2, 2, 1, 1, 1, -2, -2, -1, -1, 2, 1]"
3067,dfs_bnb_mpi,0.15187,-6,7,42429,"[-1, -1, -1, 2, 1, 2, 1, 2, 2, 1, -2, -2, -2, -1]"
3068,dfs_bnb_mpi,0.023269,-5,5,7004,"[-1, -1, 2, 2, 1, 2, 1, -2, 1, 1, -2, -1, -1, -1]"
3069,dfs_bnb_mpi,0.008178,-4,5,2226,"[-1, -1, 2, 1, 2, -1, 2, -1, -1, -2, 1, -2, -1, -1]"
3070,dfs_bnb_mpi,0.041634,-5,6,11883,"[-1, -1, 2, 2, 1, -2, 1, 2, 2, 1, 1, -2, -1, -2]"
3071,dfs_bnb_mpi,0.051202,-6,7,12945,"[-1, -1, 2, -1, 2, 1, 1, -2, 1, 1, 2, -1, 2, -1]"
3072,dfs_bnb_mpi,0.018398,-4,5,4658,"[-1, -1, 2, 2, 2, 2, 1, -2, -2, -2, 1, 1, 2, -1]"
3073,dfs_bnb_mpi,0.000803,-5,5,222,"[-1, -1, 2, 1, 1, 2, 1, -2, 1, -2, -1, -2, 1, 1]"
3074,dfs_bnb_mpi,0.04562,-4,5,13152,"[-1, -1, 2, 2, 2, 1, 2, 1, 1, -2, -1, -2, -1, -2]"
3075,dfs_bnb_mpi,0.058448,-7,8,13506,"[-1, -2, 1, 1, 2, 1, 1, -2, -1, -2, -1, -1, -2, 1]"
3076,dfs_bnb_mpi,0.165411,-4,5,40158,"[-1, -1, 2, 2, 2, 1, -2, -2, 1, 1, 2, 2, -1, -2]"
3077,dfs_bnb_mpi,0.011366,-6,7,2859,"[-1, -1, 2, -1, 2, 2, 1, -2, 1, 2, 1, -2, -2, -1]"
3078,dfs_bnb_mpi,0.043793,-2,3,12135,"[-1, -1, 2, 2, 2, 2, 2, 1, 2, 2, -1, -2, -1, -2]"
3079,dfs_bnb_mpi,0.087389,-7,8,22649,"[-1, -1, 2, 2, 1, -2, 1, 1, -2, 1, -2, -1, -1, -1]"
3080,dfs_bnb_mpi,0.020193,-5,6,4704,"[-1, -1, 2, 2, 2, 1, 1, -2, -1, -2, 1, 1, 2, 2]"
3081,dfs_bnb_mpi,0.001133,-2,3,337,"[-1, -1, 2, 1, 1, 2, 2, 2, 1, -2, -2, -2, 1, 2]"
3082,dfs_bnb_mpi,0.015157,-4,5,4552,"[-1, -1, 2, 2, 1, 1, 1, -2, -2, -2, -1, -2, -1, 2]"
3083,dfs_bnb_mpi,0.008149,-4,5,2353,"[-1, -1, 2, -1, -2, -1, -2, -1, -2, 1, 1, 1, 2, -1]"
3084,dfs_bnb_mpi,0.00013,-3,3,45,"[-1, -1, 2, 1, 2, 1, -2, 1, 2, 2, 2, 2, 2, 2]"
3085,dfs_bnb_mpi,0.074954,-5,4,22692,"[-1, -1, 2, 2, 2, 2, 1, -2, 1, 1, -2, -1, -1, -2]"
3086,dfs_bnb_mpi,0.184262,-4,4,49856,"[-1, -1, 2, 2, 2, 2, 1, -2, 1, 1, -2, -1, -1, -2]"
3087,dfs_bnb_mpi,0.014698,-7,7,4058,"[-1, -1, 2, 2, 1, -2, 1, 1, 2, -1, 2, 2, -1, -2]"
3088,dfs_bnb_mpi,0.014561,-6,7,3976,"[-1, -2, 1, 1, 2, 2, 1, 2, -1, 2, -1, -2, -2, -1]"
3089,dfs_bnb_mpi,0.00351,-5,6,913,"[-1, -1, -1, 2, 1, 1, 2, -1, 2, -1, -2, -1, 2, 2]"
3090,dfs_bnb_mpi,0.00246,-5,6,637,"[-1, -2, 1, 1, 2, 1, -2, -2, -1, -1, -1, -1, 2, 2]"
3091,dfs_bnb_mpi,0.016046,-4,5,4252,"[-1, -2, -1, 2, -1, -1, 2, 1, 2, 1, -2, 1, 2, 2]"
3092,dfs_bnb_mpi,0.009549,-6,7,2197,"[-1, -2, 1, 1, 2, 1, -2, -2, -1, -1, -2, 1, 1, 1]"
3093,dfs_bnb_mpi,0.040549,-3,4,12328,"[-1, -1, 2, 2, -1, -2, -1, -1, -2, 1, 1, -2, 1, 1]"
3094,dfs_bnb_mpi,0.018802,-2,3,5503,"[-1, -1, 2, 2, 2, 2, 2, 1, 1, -2, -1, -2, 1, 1]"
3095,dfs_bnb_mpi,0.026601,-7,8,6253,"[-1, -2, 1, 1, 2, 2, -1, 2, 1, 1, -2, 1, -2, -1]"
3096,dfs_bnb_mpi,0.002928,-4,5,770,"[-1, -1, 2, 2, 2, 1, -2, -2, 1, 1, 2, -1, 2, 2]"
3097,dfs_bnb_mpi,0.113741,-7,8,27556,"[-1, -1, 2, 2, 2, 1, 1, 1, -2, -2, -1, 2, -1, -2]"
3098,dfs_bnb_mpi,0.20148,-4,5,45559,"[-1, -1, 2, 2, 2, 2, 1, 1, -2, -1, -2, 1, -2, -1]"
3099,dfs_bnb_mpi,0.027277,-4,4,7470,"[-1, -1, 2, 2, -1, 2, -1, -2, -2, 1, -2, -2, 1, 1]"
3100,dfs_bnb_mpi,0.304519,-4,5,81567,"[-1, -2, -2, -1, 2, 2, -1, -1, 2, 1, 2, 1, -2, 1]"
3101,dfs_bnb_mpi,0.000137,-2,3,38,"[-1, -1, 2, 2, 2, 2, 2, 2, 2, 1, 1, -2, -1, -2]"
3102,dfs_bnb_mpi,0.015734,-5,6,3684,"[-1, -1, 2, 2, 2, -1, -1, -2, 1, -2, -1, -2, 1, -2]"
3103,dfs_bnb_mpi,0.002454,-3,4,753,"[-1, -1, 2, -1, -2, -1, -2, -1, -2, 1, 1, 2, 1, 1]"
3104,dfs_bnb_mpi,0.06871,-7,8,16665,"[-1, -2, 1, 1, 2, 1, -2, -2, -1, -1, -1, -2, 1, 1]"
3105,dfs_bnb_mpi,0.041486,-4,4,11711,"[-1, -1, 2, 1, 2, 2, -1, -2, -1, -2, -2, -2, 1, 1]"
3106,dfs_bnb_mpi,0.003841,-4,5,1169,"[-1, -2, 1, 1, 2, 1, -2, -2, -1, -1, -1, -1, 2, 2]"
3107,dfs_bnb_mpi,0.001062,-4,5,294,"[-1, -1, 2, 2, 1, -2, 1, 1, 2, -1, 2, 2, 2, 2]"
3108,dfs_bnb_mpi,0.039544,-7,7,11161,"[-1, -2, 1, -2, 1, 2, 2, 2, 2, -1, -2, -1, -1, -2]"
3109,dfs_bnb_mpi,0.143322,-6,6,40892,"[-1, -1, 2, 2, 1, 2, 1, -2, 1, 1, -2, -1, -1, -1]"
3110,dfs_bnb_mpi,0.151216,-4,4,35041,"[-1, -1, 2, 2, 2, 2, 2, 1, -2, -2, -2, 1, -2, -1]"
3111,dfs_bnb_mpi,6e-05,0,1,15,"[-1, -1, 2, 2, 2, 2, 2, 2, 2, 2, 2, 2, 2, 2]"
3112,dfs_bnb_mpi,0.023273,-5,6,6948,"[-1, -2, 1, 1, -2, -1, -1, -1, -1, -1, 2, 1, 1, 2]"
3113,dfs_bnb_mpi,0.019504,-6,7,5596,"[-1, -2, -1, -2, 1, 1, 2, 1, 2, 1, 2, -1, -1, 2]"
3114,dfs_bnb_mpi,0.006159,-5,6,1667,"[-1, -2, 1, 1, 1, 2, -1, 2, -1, -1, 2, -1, -2, -1]"
3115,dfs_bnb_mpi,0.001172,-4,5,345,"[-1, -2, 1, 1, 2, 2, 2, -1, -2, -1, 2, 2, 2, 2]"
3116,dfs_bnb_mpi,0.051438,-3,4,14017,"[-1, -1, 2, 2, 2, -1, -1, -2, -2, 1, -2, -1, -1, 2]"
3117,dfs_bnb_mpi,0.009282,-2,3,2648,"[-1, -1, 2, 2, 2, 2, 2, 1, 2, -1, 2, -1, -2, -2]"
3118,dfs_bnb_mpi,0.032054,-7,8,7759,"[-1, -2, 1, 1, 2, 2, 1, 1, -2, -1, -2, -2, 1, 2]"
3119,dfs_bnb_mpi,0.017346,-4,5,5172,"[-1, -1, 2, 1, 2, -1, -1, 2, -1, -2, -1, -2, 1, 1]"
3120,dfs_bnb_mpi,0.003788,-3,4,1141,"[-1, -1, 2, 2, 2, -1, -2, -2, -2, -1, -2, 1, 1, 1]"
3121,dfs_bnb_mpi,0.000286,-2,3,88,"[-1, -1, 2, 2, 2, 2, 1, -2, 1, -2, -1, -2, 1, 1]"
3122,dfs_bnb_mpi,0.002897,-3,4,712,"[-1, -1, 2, 1, 2, 2, 1, -2, -2, 1, 2, 2, 2, 2]"
3123,dfs_bnb_mpi,0.03418,-4,5,9110,"[-1, -2, 1, 1, 1, -2, -1, -1, -1, -1, 2, 2, 2, 2]"
3124,dfs_bnb_mpi,0.000312,-2,3,100,"[-1, -2, -1, -1, 2, 1, 2, 1, 2, 2, 2, 2, 2, 2]"
3125,dfs_bnb_mpi,0.003862,-5,5,1021,"[-1, -2, 1, 1, 2, 2, 2, 1, -2, 1, -2, -1, -2, 1]"
3126,dfs_bnb_mpi,0.059023,-6,6,16592,"[-1, -2, 1, 1, 2, 2, 2, 2, -1, -2, -2, -1, -1, -2]"
3127,dfs_bnb_mpi,0.217554,-6,7,54559,"[-1, -2, -1, 2, 2, 2, 1, 2, 1, -2, 1, -2, -1, -1]"
3128,dfs_bnb_mpi,0.087445,-6,7,22643,"[-1, -1, 2, 2, 2, 2, 2, 1, -2, -2, -2, 1, -2, -1]"
3129,dfs_bnb_mpi,0.08838,-5,6,25677,"[-1, -1, 2, 2, 1, 1, 2, 2, 1, -2, -2, -2, -1, -1]"
3130,dfs_bnb_mpi,0.027986,-5,6,8745,"[-1, -1, 2, 2, 1, 2, 1, 2, 1, -2, -2, -1, -2, -1]"
3131,dfs_bnb_mpi,0.100361,-7,7,27304,"[-1, -1, 2, 1, 2, -1, -1, -1, -2, -1, -2, 1, 1, 2]"
3132,dfs_bnb_mpi,0.000145,-2,3,44,"[-1, -1, 2, 2, 2, 1, 2, -1, -1, -2, -1, 2, 2, 2]"
3133,dfs_bnb_mpi,0.037759,-4,5,11249,"[-1, -1, 2, 2, 1, -2, 1, 2, 2, 2, 2, -1, -2, -2]"
3134,dfs_bnb_mpi,0.001869,-4,5,581,"[-1, -2, 1, 1, 2, 2, 2, 1, -2, 1, -2, -1, -2, 1]"
3135,dfs_bnb_mpi,0.015178,-4,4,4337,"[-1, -2, -1, -2, -1, -1, 2, 1, 2, 1, 2, 1, 2, 2]"
3136,dfs_bnb_mpi,0.006327,-6,7,1734,"[-1, -1, -1, 2, 1, 2, 1, -2, 1, 1, -2, -2, -1, -1]"
3137,dfs_bnb_mpi,0.01461,-6,7,3498,"[-1, -1, 2, -1, 2, 1, 2, 1, -2, -2, 1, 2, 2, 2]"
3138,dfs_bnb_mpi,0.024563,-4,5,5954,"[-1, -2, -2, -1, 2, 2, -1, 2, 1, 1, 2, 1, -2, 1]"
3139,dfs_bnb_mpi,0.092092,-7,7,23084,"[-1, -1, 2, 2, 2, 1, 1, 1, -2, -2, -1, 2, -1, -2]"
3140,dfs_bnb_mpi,0.000309,-2,3,95,"[-1, -1, 2, 1, 2, 2, -1, -2, -1, -2, -1, 2, 2, 2]"
3141,dfs_bnb_mpi,0.007727,-3,4,1794,"[-1, -1, 2, 2, 2, 1, -2, -2, 1, 2, 2, 2, 2, 2]"
3142,dfs_bnb_mpi,0.387092,-5,6,86832,"[-1, -2, -1, -1, -1, 2, 1, 2, 2, 1, 1, -2, -1, -2]"
3143,dfs_bnb_mpi,6.6e-05,-1,2,25,"[-1, -1, 2, 2, 1, -2, 1, 2, 2, 2, 2, 2, 2, 2]"
3144,dfs_bnb_mpi,0.06681,-5,6,16089,"[-1, -2, 1, 1, 2, 2, 2, 1, -2, -2, 1, -2, -1, -2]"
3145,dfs_bnb_mpi,0.105124,-3,4,32838,"[-1, -1, 2, 2, 1, 2, 2, 2, 1, -2, -2, -2, -2, -1]"
3146,dfs_bnb_mpi,0.021094,-4,5,5640,"[-1, -1, 2, 2, -1, -1, -2, 1, -2, -1, -1, -2, 1, 1]"
3147,dfs_bnb_mpi,0.112022,-5,6,27164,"[-1, -1, 2, 2, 2, 1, -2, -2, 1, 1, -2, -2, -1, -1]"
3148,dfs_bnb_mpi,0.002064,-5,6,588,"[-1, -2, 1, 1, -2, 1, 1, 2, -1, 2, -1, 2, 2, 2]"
3149,dfs_bnb_mpi,0.09903,-4,4,28064,"[-1, -2, -1, -2, 1, -2, -1, -1, 2, 2, 2, 1, 2, 1]"
3150,dfs_bnb_mpi,0.078805,-4,5,22830,"[-1, -1, 2, 2, -1, 2, -1, -1, -2, 1, -2, -2, 1, 2]"
3151,dfs_bnb_mpi,0.006694,-4,5,2031,"[-1, -2, 1, 1, 1, 1, 2, -1, -1, 2, 2, -1, -2, -1]"
3152,dfs_bnb_mpi,0.100337,-5,6,30487,"[-1, -1, 2, 2, 1, 1, 2, 2, 1, -2, -2, -2, -1, -1]"
3153,dfs_bnb_mpi,0.258334,-3,4,64842,"[-1, -1, 2, 2, 2, 2, 1, 1, -2, -1, -2, 1, -2, -1]"
3154,dfs_bnb_mpi,0.043299,-7,8,11463,"[-1, -1, 2, 2, -1, -1, 2, 1, 1, 1, -2, 1, -2, -1]"
3155,dfs_bnb_mpi,0.000474,-2,3,146,"[-1, -1, 2, 2, 2, 2, 2, 2, 1, 2, 1, -2, -2, -1]"
3156,dfs_bnb_mpi,0.040994,-7,8,9306,"[-1, -1, 2, -1, 2, 2, 1, -2, 1, 2, 1, -2, -2, -1]"
3157,dfs_bnb_mpi,0.006974,-4,5,2092,"[-1, -2, -1, 2, -1, 2, 1, 1, 2, 2, 1, -2, -2, 1]"
3158,dfs_bnb_mpi,0.000777,-1,2,247,"[-1, -1, 2, 2, 2, 1, -2, -2, 1, 2, 2, 2, 2, 2]"
3159,dfs_bnb_mpi,0.053284,-5,6,14566,"[-1, -2, -2, -1, 2, -1, 2, 1, 2, 1, 2, 1, -2, 1]"
3160,dfs_bnb_mpi,0.011212,-6,7,3226,"[-1, -1, -1, 2, 1, 1, 2, -1, 2, 1, 1, -2, -2, 1]"
3161,dfs_bnb_mpi,0.007774,-5,6,2264,"[-1, -1, 2, 1, 1, 1, -2, -2, -1, -1, -2, -1, 2, -1]"
3162,dfs_bnb_mpi,0.005382,-6,7,1462,"[-1, -2, -1, -2, 1, 1, 2, 1, 2, 1, -2, -2, -1, -2]"
3163,dfs_bnb_mpi,0.111352,-5,6,27682,"[-1, -1, 2, 2, 2, 2, 1, -2, -2, 1, 1, -2, -1, -1]"
3164,dfs_bnb_mpi,0.024756,-6,7,7001,"[-1, -2, -2, -1, 2, -1, 2, 1, 2, 1, 2, 1, -2, 1]"
3165,dfs_bnb_mpi,0.005555,-6,7,1484,"[-1, -1, 2, 1, 2, 2, 1, -2, -2, 1, -2, -2, -1, -1]"
3166,dfs_bnb_mpi,0.012423,-5,6,2961,"[-1, -1, 2, 1, 2, 2, 1, -2, -2, 1, 2, 2, 2, 2]"
3167,dfs_bnb_mpi,0.023402,-7,7,6177,"[-1, -2, 1, -2, 1, 2, 2, 2, 1, -2, -2, 1, -2, -1]"
3168,dfs_bnb_mpi,0.00809,-2,3,2369,"[-1, -1, 2, 2, 2, 2, 1, 2, 2, -1, -2, -1, -2, -1]"
3169,dfs_bnb_mpi,0.005087,-4,5,1479,"[-1, -1, 2, 2, 1, -2, 1, 2, 2, -1, 2, -1, -2, -1]"
3170,dfs_bnb_mpi,0.049721,-4,5,14215,"[-1, -1, 2, 1, 2, -1, -1, -2, -2, -1, -2, 1, 1, 1]"
3171,dfs_bnb_mpi,0.170958,-5,6,46744,"[-1, -1, 2, 2, 2, -1, -2, -2, -2, -1, -2, 1, 1, 1]"
3172,dfs_bnb_mpi,0.070322,-4,5,18033,"[-1, -1, 2, 2, 2, 1, 2, 1, -2, 1, -2, -1, -1, -2]"
3173,dfs_bnb_mpi,0.017483,-4,5,4902,"[-1, -1, 2, -1, -2, -1, -1, -2, 1, -2, 1, 2, 1, 1]"
3174,dfs_bnb_mpi,0.053464,-6,7,14477,"[-1, -1, 2, -1, -2, -1, -2, -2, 1, 1, 1, 2, -1, -1]"
3175,dfs_bnb_mpi,0.041757,-2,3,11770,"[-1, -1, 2, 2, 2, 1, -2, -2, 1, 1, -2, -2, -1, -1]"
3176,dfs_bnb_mpi,0.035382,-5,5,9810,"[-1, -1, 2, 1, 1, 1, 2, -1, -1, 2, 2, -1, -2, -2]"
3177,dfs_bnb_mpi,0.018222,-6,7,4459,"[-1, -2, 1, 1, 2, 1, 1, -2, -1, -2, -1, -1, -1, -1]"
3178,dfs_bnb_mpi,0.029932,-7,8,7544,"[-1, -2, -1, 2, 2, 1, 1, 2, 1, -2, -2, -2, -1, -2]"
3179,dfs_bnb_mpi,0.014147,-6,7,3810,"[-1, -1, 2, -1, -2, -2, -1, 2, 2, 2, 1, 2, 1, -2]"
3180,dfs_bnb_mpi,0.135397,-5,6,31911,"[-1, -2, 1, 1, 1, -2, -1, -2, -1, 2, -1, -1, -2, 1]"
3181,dfs_bnb_mpi,0.032395,-4,5,9139,"[-1, -2, -1, 2, 2, 2, 1, 1, -2, 1, -2, -2, -1, -2]"
3182,dfs_bnb_mpi,0.028677,-6,7,8137,"[-1, -2, 1, 1, 2, 2, 1, -2, -2, -2, -2, -1, 2, -1]"
3183,dfs_bnb_mpi,0.056133,-7,8,14921,"[-1, -2, 1, -2, -2, 1, 2, 2, 2, 1, 1, -2, -1, -2]"
3184,dfs_bnb_mpi,0.046376,-6,7,10788,"[-1, -1, 2, -1, 2, 1, 2, 2, 1, -2, -2, 1, -2, -1]"
3185,dfs_bnb_mpi,0.015037,-5,6,3820,"[-1, -1, 2, 2, 2, 1, 1, -2, -1, -2, 1, 1, 2, 2]"
3186,dfs_bnb_mpi,0.001922,-2,3,565,"[-1, -1, 2, 2, 1, 2, 2, -1, -2, -1, -2, -1, 2, 2]"
3187,dfs_bnb_mpi,0.030027,-4,5,9114,"[-1, -1, 2, 1, 2, 2, 1, -2, -2, 1, -2, -2, -1, -1]"
3188,dfs_bnb_mpi,0.125052,-5,6,35178,"[-1, -1, 2, 2, 1, 2, 2, 1, -2, -2, 1, -2, -1, -1]"
3189,dfs_bnb_mpi,0.003666,-4,5,1026,"[-1, -1, 2, 2, -1, -2, -1, -1, -2, -2, 1, 2, 1, -2]"
3190,dfs_bnb_mpi,0.018102,-4,5,5415,"[-1, -1, 2, 1, 1, 2, 2, 1, -2, -2, -2, -2, -1, -1]"
3191,dfs_bnb_mpi,0.013958,-6,7,4191,"[-1, -2, 1, 1, 2, 2, -1, 2, 2, -1, -2, -1, -2, 1]"
3192,dfs_bnb_mpi,0.021859,-2,3,6131,"[-1, -1, 2, 2, 2, 2, 1, 2, 2, -1, -2, -1, -2, -1]"
3193,dfs_bnb_mpi,0.000925,-4,5,274,"[-1, -2, -1, 2, 2, 1, 1, 2, 2, -1, -2, -1, 2, 2]"
3194,dfs_bnb_mpi,0.072824,-5,6,20679,"[-1, -2, -1, 2, -1, 2, 2, 1, -2, 1, 2, 2, -1, -1]"
3195,dfs_bnb_mpi,0.000914,-3,4,258,"[-1, -1, 2, 2, 2, 1, 1, -2, -2, 1, -2, -2, -1, -1]"
3196,dfs_bnb_mpi,0.018424,-7,8,4739,"[-1, -2, -2, -1, -1, 2, 1, 2, -1, 2, 1, 2, 1, -2]"
3197,dfs_bnb_mpi,0.04659,-2,3,13934,"[-1, -1, 2, 2, 1, -2, 1, 2, 2, -1, -1, -1, -2, -2]"
3198,dfs_bnb_mpi,0.009616,-4,5,2429,"[-1, -1, 2, 2, 2, 1, -2, -2, 1, 1, -2, -2, -1, -1]"
3199,dfs_bnb_mpi,0.013813,-5,6,3376,"[-1, -1, 2, 2, 2, -1, -2, -2, -1, -2, 1, -2, 1, 1]"
3200,dfs_bnb_mpi,0.005638,-5,5,1553,"[-1, -1, 2, 2, 2, 2, 1, -2, 1, -2, -1, -2, 1, 1]"
3201,dfs_bnb_mpi,0.023399,-3,4,6157,"[-1, -1, 2, 2, 1, 1, -2, 1, 1, 2, -1, 2, 2, 2]"
3202,dfs_bnb_mpi,0.001459,-6,6,407,"[-1, -1, 2, 2, 1, -2, 1, 2, 1, -2, 1, -2, -1, -2]"
3203,dfs_bnb_mpi,0.071723,-7,8,16394,"[-1, -2, -1, -2, 1, 1, 2, 1, -2, -2, -1, -1, -2, 1]"
3204,dfs_bnb_mpi,0.242522,-5,6,67350,"[-1, -2, 1, 1, 2, 2, 2, 1, 1, -2, -2, -2, -1, 2]"
3205,dfs_bnb_mpi,0.138461,-7,8,32888,"[-1, -2, -1, -2, 1, 1, 2, 1, 2, 2, -1, -1, -1, -2]"
3206,dfs_bnb_mpi,0.024666,-3,4,6610,"[-1, -1, 2, 2, 2, 1, 1, -2, -1, -2, 1, 1, 2, 2]"
3207,dfs_bnb_mpi,0.020399,-6,7,5480,"[-1, -1, 2, 1, 2, 1, -2, 1, -2, 1, -2, -1, -1, -1]"
3208,dfs_bnb_mpi,0.048758,-4,5,12514,"[-1, -1, 2, 1, 2, 2, 1, -2, -2, 1, -2, -2, -1, -1]"
3209,dfs_bnb_mpi,0.025293,-7,8,6657,"[-1, -2, -1, -2, 1, 1, 2, 1, -2, -2, -1, -1, -1, -1]"
3210,dfs_bnb_mpi,0.025825,-3,4,7646,"[-1, -1, 2, -1, 2, 1, 1, 2, 1, -2, 1, -2, -1, -1]"
3211,dfs_bnb_mpi,0.061111,-5,6,17934,"[-1, -1, 2, 2, 1, -2, 1, 2, 2, -1, -1, -1, -2, -2]"
3212,dfs_bnb_mpi,0.004549,-4,5,1014,"[-1, -1, 2, 2, 2, 1, -2, -2, 1, 2, 2, 2, 2, 2]"
3213,dfs_bnb_mpi,0.031099,-4,5,9511,"[-1, -1, 2, -1, -2, -1, -2, -1, -2, 1, 1, 2, 1, 1]"
3214,dfs_bnb_mpi,0.013035,-4,5,3863,"[-1, -1, 2, 2, 1, -2, 1, 1, 1, -2, -1, -2, -1, -1]"
3215,dfs_bnb_mpi,0.04596,-2,3,13685,"[-1, -1, 2, 2, 2, 2, 2, 1, -2, -2, -2, 1, -2, -1]"
3216,dfs_bnb_mpi,0.002235,-3,4,683,"[-1, -1, 2, 1, 2, 1, -2, 1, 1, -2, -1, -2, 1, 1]"
3217,dfs_bnb_mpi,0.019732,-5,6,5133,"[-1, -1, 2, 2, -1, 2, 1, 2, 1, -2, -2, -2, 1, 2]"
3218,dfs_bnb_mpi,0.011045,-5,6,3213,"[-1, -2, 1, 1, -2, -1, -2, -2, -1, 2, 2, -1, 2, 2]"
3219,dfs_bnb_mpi,0.087346,-3,4,25605,"[-1, -2, 1, -2, 1, 1, 2, 2, 2, 2, -1, -2, -2, -2]"
3220,dfs_bnb_mpi,0.011398,-6,7,3281,"[-1, -1, 2, -1, 2, 1, 1, -2, 1, 1, 2, 2, -1, -2]"
3221,dfs_bnb_mpi,0.148333,-7,8,35133,"[-1, -2, -1, 2, 2, -1, -2, -1, 2, 2, 1, 1, 1, -2]"
3222,dfs_bnb_mpi,0.00464,-4,4,1374,"[-1, -1, 2, 2, -1, -2, -2, -1, -1, -2, 1, -2, 1, 2]"
3223,dfs_bnb_mpi,0.001666,-4,5,459,"[-1, -1, 2, -1, -2, -2, 1, 1, -2, -1, -1, -1, 2, 2]"
3224,dfs_bnb_mpi,0.037011,-7,7,10037,"[-1, -1, -1, 2, 1, 1, 1, 2, -1, 2, -1, -1, -2, 1]"
3225,dfs_bnb_mpi,0.007276,-5,6,1966,"[-1, -1, 2, 1, 2, 1, -2, 1, -2, -2, -1, -1, -1, -1]"
3226,dfs_bnb_mpi,0.112674,-7,7,25192,"[-1, -1, 2, 2, 2, 2, 1, 1, -2, -1, -2, 1, -2, -1]"
3227,dfs_bnb_mpi,0.033213,-3,4,9139,"[-1, -2, 1, 1, 2, 1, 2, 2, -1, -2, -1, 2, 2, 2]"
3228,dfs_bnb_mpi,0.106462,-6,6,26466,"[-1, -1, 2, 2, 2, 1, 2, 2, 1, -2, -2, -2, -1, -2]"
3229,dfs_bnb_mpi,0.013932,-7,8,3563,"[-1, -1, 2, 1, 2, 1, -2, 1, -2, -2, -1, -2, -1, 2]"
3230,dfs_bnb_mpi,0.071572,-5,5,19174,"[-1, -1, 2, 2, 1, 2, 1, 1, 1, -2, -1, -1, -2, -1]"
3231,dfs_bnb_mpi,0.16538,-4,4,49783,"[-1, -1, 2, 2, 1, 2, 2, 2, 1, -2, -2, -2, -2, -1]"
3232,dfs_bnb_mpi,0.007649,-4,5,2150,"[-1, -1, 2, 1, 1, 2, 1, -2, 1, 1, -2, -1, -1, -2]"
3233,dfs_bnb_mpi,0.012347,-6,7,3610,"[-1, -2, 1, 1, -2, -1, -2, 1, 1, 2, 2, 2, -1, 2]"
3234,dfs_bnb_mpi,0.012016,-3,4,3060,"[-1, -1, 2, 2, 2, 2, 2, 1, -2, 1, -2, -1, -2, 1]"
3235,dfs_bnb_mpi,0.006736,-4,5,1799,"[-1, -1, 2, 1, 1, 2, 2, 1, 1, -2, -1, -2, 1, 1]"
3236,dfs_bnb_mpi,0.012364,-6,7,2933,"[-1, -1, 2, -1, 2, 2, 1, -2, 1, -2, 1, 2, 2, 2]"
3237,dfs_bnb_mpi,0.110096,-4,5,28210,"[-1, -1, 2, 2, 2, 1, 1, 1, -2, -2, -1, -1, 2, 1]"
3238,dfs_bnb_mpi,0.073838,-6,7,16905,"[-1, -1, 2, 2, 2, 2, 1, 1, -2, -1, -2, 1, -2, -1]"
3239,dfs_bnb_mpi,0.190745,-4,5,51139,"[-1, -1, 2, 2, 2, 1, -2, 1, 1, 1, -2, -1, -1, -1]"
3240,dfs_bnb_mpi,0.006021,-4,5,1787,"[-1, -2, 1, 1, 1, 1, 2, -1, -1, 2, 2, -1, -2, -1]"
3241,dfs_bnb_mpi,0.007132,-5,6,2004,"[-1, -1, 2, 2, -1, -2, -2, -2, 1, 1, -2, 1, 2, 1]"
3242,dfs_bnb_mpi,0.244506,-3,4,73601,"[-1, -1, 2, 2, 2, 2, 2, 1, -2, 1, 1, -2, -1, -1]"
3243,dfs_bnb_mpi,0.148719,-4,5,34363,"[-1, -1, 2, 2, -1, 2, 2, -1, -2, -2, -2, 1, -2, -1]"
3244,dfs_bnb_mpi,0.069277,-4,5,17842,"[-1, -1, 2, 2, -1, -2, -1, -1, -2, -2, 1, 2, 1, -2]"
3245,dfs_bnb_mpi,0.028826,-4,5,8702,"[-1, -2, 1, -2, -2, 1, 2, 2, 1, 1, 2, -1, -1, 2]"
3246,dfs_bnb_mpi,0.000756,-3,3,212,"[-1, -1, 2, 2, 2, 2, 2, 1, -2, -2, 1, -2, -1, -2]"
3247,dfs_bnb_mpi,0.124681,-5,6,36226,"[-1, -1, 2, 2, 2, -1, -2, -1, -2, -1, -2, 1, 1, 2]"
3248,dfs_bnb_mpi,0.237926,-6,7,52500,"[-1, -2, -1, -1, 2, -1, 2, 1, 2, 1, 1, -2, -1, -2]"
3249,dfs_bnb_mpi,0.011089,-4,4,3365,"[-1, -2, 1, 1, -2, -1, -1, -1, 2, 2, 2, 1, 2, 2]"
3250,dfs_bnb_mpi,0.013115,-4,5,2928,"[-1, -1, -1, 2, -1, 2, 1, 1, -2, 1, 2, 2, 2, 2]"
3251,dfs_bnb_mpi,0.124632,-5,5,31493,"[-1, -2, 1, 1, 2, 2, 2, 2, 1, -2, -2, 1, -2, -1]"
3252,dfs_bnb_mpi,0.122535,-5,6,34556,"[-1, -1, 2, 2, 2, -1, -2, -1, -1, -2, 1, -2, 1, 2]"
3253,dfs_bnb_mpi,0.075389,-6,7,17238,"[-1, -1, 2, -1, -2, -1, -1, -2, 1, 1, 1, 1, -2, -1]"
3254,dfs_bnb_mpi,0.026022,-6,7,7270,"[-1, -1, 2, 2, 1, -2, 1, 2, 2, 1, -2, -2, -2, 1]"
3255,dfs_bnb_mpi,0.024565,-4,5,5640,"[-1, -1, 2, 2, -1, -1, -2, 1, -2, -1, -1, -2, 1, 1]"
3256,dfs_bnb_mpi,0.005473,-5,6,1553,"[-1, -1, -1, 2, 1, 1, 2, 1, -2, 1, 1, -2, -1, -2]"
3257,dfs_bnb_mpi,0.236328,-4,5,52425,"[-1, -1, 2, 2, 2, -1, -2, -1, -1, -2, 1, 1, -2, -1]"
3258,dfs_bnb_mpi,0.004348,-4,5,1281,"[-1, -2, -1, 2, -1, 2, 1, 2, 2, 1, -2, -2, 1, 2]"
3259,dfs_bnb_mpi,0.027554,-5,6,6916,"[-1, -1, 2, -1, 2, 1, 1, 2, 1, -2, 1, -2, -1, -1]"
3260,dfs_bnb_mpi,0.069672,-6,7,15858,"[-1, -1, 2, -1, 2, -1, -2, -2, 1, -2, 1, 1, -2, -1]"
3261,dfs_bnb_mpi,0.102009,-4,5,28774,"[-1, -1, 2, 2, 2, 1, 1, -2, -1, -2, 1, 1, 2, 2]"
3262,dfs_bnb_mpi,0.000879,-2,3,278,"[-1, -1, 2, 2, -1, -2, -1, 2, -1, -2, -2, 1, 1, -2]"
3263,dfs_bnb_mpi,0.137603,-6,7,38865,"[-1, -1, 2, 2, 1, 2, 1, -2, 1, 1, -2, -1, -1, -1]"
3264,dfs_bnb_mpi,0.043158,-7,8,10889,"[-1, -1, 2, 2, 1, -2, 1, 2, 2, 1, 2, -1, -1, -2]"
3265,dfs_bnb_mpi,0.089111,-6,7,20533,"[-1, -1, -1, 2, 1, 2, 2, 1, -2, -2, 1, 2, 1, -2]"
3266,dfs_bnb_mpi,0.035985,-4,4,9390,"[-1, -1, 2, 2, 2, 1, -2, -2, 1, 2, 2, 2, 1, -2]"
3267,dfs_bnb_mpi,0.203454,-5,6,51105,"[-1, -1, 2, 2, 2, 2, 1, 2, 1, -2, -2, -2, -1, 2]"
3268,dfs_bnb_mpi,0.107205,-4,5,27958,"[-1, -2, 1, 1, 2, 2, -1, -1, 2, -1, -1, -2, 1, -2]"
3269,dfs_bnb_mpi,0.019738,-5,6,5920,"[-1, -1, 2, -1, 2, 1, 2, 1, 2, 1, -2, -2, -1, -2]"
3270,dfs_bnb_mpi,0.001075,-4,5,314,"[-1, -2, 1, 1, 2, 2, 1, 1, -2, -1, -2, 1, 1, 2]"
3271,dfs_bnb_mpi,0.00186,-5,5,526,"[-1, -2, 1, 1, 2, 1, 2, -1, -1, -1, 2, 2, 2, 2]"
3272,dfs_bnb_mpi,0.006999,-3,4,1742,"[-1, -1, 2, -1, 2, 2, -1, -2, -2, -2, 1, -2, 1, 1]"
3273,dfs_bnb_mpi,0.008713,-1,2,2054,"[-1, -1, 2, 2, 2, 2, 2, 2, 1, -2, 1, 2, 2, 2]"
3274,dfs_bnb_mpi,0.024598,-6,6,6707,"[-1, -1, 2, 2, 1, 2, 1, 2, 1, -2, -2, -1, -2, -1]"
3275,dfs_bnb_mpi,0.002537,-4,5,757,"[-1, -1, 2, 1, 1, 2, 1, -2, 1, -2, -1, -2, 1, 1]"
3276,dfs_bnb_mpi,0.066695,-6,7,19218,"[-1, -1, 2, 1, 2, -1, -1, -2, -1, -2, 1, -2, 1, 1]"
3277,dfs_bnb_mpi,0.116198,-4,5,33316,"[-1, -1, 2, 2, 2, 2, 2, 2, 1, -2, 1, -2, -1, -2]"
3278,dfs_bnb_mpi,0.011569,-3,4,3292,"[-1, -1, 2, 2, 1, 1, -2, 1, 2, 1, -2, -2, -1, -2]"
3279,dfs_bnb_mpi,0.050014,-3,4,15641,"[-1, -1, -1, 2, 1, 2, 2, 2, 2, 1, -2, -2, -2, -2]"
3280,dfs_bnb_mpi,0.001339,-3,4,402,"[-1, -1, 2, 1, 2, 2, 2, -1, -2, -2, -1, 2, 2, 2]"
3281,dfs_bnb_mpi,0.002472,-4,5,630,"[-1, -1, 2, 1, 1, 2, 1, 1, -2, -1, -2, 1, 1, 2]"
3282,dfs_bnb_mpi,0.010597,-4,5,2755,"[-1, -1, 2, -1, -2, -1, -2, 1, -2, -1, -1, 2, 2, 2]"
3283,dfs_bnb_mpi,0.02642,-6,7,7523,"[-1, -1, 2, 1, 1, 1, -2, -2, -1, -1, -1, -2, 1, 1]"
3284,dfs_bnb_mpi,0.085177,-3,4,22006,"[-1, -1, 2, -1, 2, 2, 2, -1, -2, -2, -2, -2, 1, -2]"
3285,dfs_bnb_mpi,6.6e-05,-1,2,25,"[-1, -1, 2, 2, 1, -2, 1, 2, 2, 2, 2, 2, 2, 2]"
3286,dfs_bnb_mpi,0.069091,-5,6,16082,"[-1, -1, 2, 2, 2, 2, 1, -2, 1, -2, -1, -2, 1, 1]"
3287,dfs_bnb_mpi,0.092681,-5,6,24927,"[-1, -2, 1, 1, 2, 1, 2, -1, -1, 2, -1, -2, -1, -2]"
3288,dfs_bnb_mpi,0.189001,-4,5,41614,"[-1, -1, 2, 2, 2, 2, 1, -2, 1, -2, -1, -2, 1, 1]"
3289,dfs_bnb_mpi,0.047818,-4,5,13610,"[-1, -1, 2, 2, 1, 1, 2, 1, 1, -2, -1, -2, -1, -1]"
3290,dfs_bnb_mpi,4.5e-05,0,1,15,"[-1, -1, 2, 2, 2, 2, 2, 2, 2, 2, 2, 2, 2, 2]"
3291,dfs_bnb_mpi,0.008564,-4,5,2103,"[-1, -1, 2, 1, 2, -1, 2, -1, -2, -1, -2, 1, -2, -1]"
3292,dfs_bnb_mpi,0.002925,-5,6,852,"[-1, -1, 2, 1, 1, 1, -2, 1, -2, -2, -1, 2, -1, -1]"
3293,dfs_bnb_mpi,0.189267,-6,7,43588,"[-1, -1, 2, 2, 2, 1, 1, 1, -2, -2, -1, 2, -1, -2]"
3294,dfs_bnb_mpi,0.003067,-2,3,987,"[-1, -1, 2, 2, 1, -2, 1, 2, 2, 2, 1, -2, -2, -2]"
3295,dfs_bnb_mpi,0.032084,-4,5,9956,"[-1, -2, 1, 1, -2, -1, -1, -1, 2, -1, -2, -2, 1, 1]"
3296,dfs_bnb_mpi,0.002289,-4,4,682,"[-1, -1, 2, 2, 2, 2, 1, -2, -2, -2, 1, 2, 2, 2]"
3297,dfs_bnb_mpi,0.134494,-5,5,31617,"[-1, -2, 1, 1, 2, 2, 2, 2, 1, -2, -2, 1, -2, -1]"
3298,dfs_bnb_mpi,8.9e-05,-2,3,25,"[-1, -1, 2, 2, 2, 2, 2, 2, 2, 2, 1, -2, -2, 1]"
3299,dfs_bnb_mpi,0.003137,-5,6,850,"[-1, -1, 2, 2, -1, -1, 2, -1, -2, -2, 1, -2, 1, 2]"
3300,dfs_bnb_mpi,0.035647,-4,5,8040,"[-1, -1, 2, 2, 2, 1, 1, -2, -1, -2, 1, 1, 2, 2]"
3301,dfs_bnb_mpi,0.011149,-5,6,3286,"[-1, -2, -1, -2, 1, 1, 2, 1, -2, -2, -1, -1, -1, -1]"
3302,dfs_bnb_mpi,0.023467,-6,7,6508,"[-1, -1, 2, -1, -2, -1, -2, -2, 1, 2, 1, -2, 1, 2]"
3303,dfs_bnb_mpi,0.034861,-3,4,10532,"[-1, -1, 2, -1, -2, -1, -2, 1, 1, 1, -2, -1, -1, -1]"
3304,dfs_bnb_mpi,0.001671,-5,6,393,"[-1, -1, 2, 2, 2, 2, 1, 1, -2, -2, -2, -1, 2, 2]"
3305,dfs_bnb_mpi,0.011406,-4,4,3380,"[-1, -1, 2, 2, 2, 2, -1, -2, -2, -1, -2, 1, -2, -1]"
3306,dfs_bnb_mpi,0.002454,-4,5,659,"[-1, -1, 2, 2, 1, 1, -2, 1, 2, 1, -2, -2, -1, -2]"
3307,dfs_bnb_mpi,0.122935,-7,8,33678,"[-1, -2, 1, 1, 1, -2, -1, -2, -1, -2, -1, 2, 2, 1]"
3308,dfs_bnb_mpi,0.023903,-5,6,5406,"[-1, -1, 2, 1, 1, 2, 1, 1, -2, -1, -2, 1, 1, 2]"
3309,dfs_bnb_mpi,0.030478,-6,6,8140,"[-1, -1, -1, 2, 1, 1, 1, 1, 2, -1, -1, 2, -1, -2]"
3310,dfs_bnb_mpi,0.0437,-4,5,9703,"[-1, -1, 2, 2, 2, 2, 2, 1, -2, -2, -2, -2, 1, 2]"
3311,dfs_bnb_mpi,0.008055,-4,5,2301,"[-1, -1, 2, 1, 1, 1, 1, -2, -1, -2, -1, -1, -1, -1]"
3312,dfs_bnb_mpi,0.05861,-4,5,17991,"[-1, -2, -1, -2, 1, -2, 1, 1, 2, 1, 2, -1, -1, -2]"
3313,dfs_bnb_mpi,0.055707,-5,5,14070,"[-1, -2, 1, 1, 2, 2, -1, 2, 2, -1, -2, -1, -2, 1]"
3314,dfs_bnb_mpi,0.010531,-6,7,2948,"[-1, -1, 2, 1, 1, 2, -1, 2, -1, -2, -1, -2, -2, -1]"
3315,dfs_bnb_mpi,0.085639,-4,5,19171,"[-1, -1, 2, 2, 2, 2, 1, -2, 1, -2, -1, -2, 1, 1]"
3316,dfs_bnb_mpi,0.015099,-7,8,3864,"[-1, -2, 1, -2, 1, 2, 2, 1, -2, -2, -2, -1, -1, -1]"
3317,dfs_bnb_mpi,0.019753,-5,6,5743,"[-1, -1, 2, 1, 2, -1, 2, -1, -2, -1, -2, -2, 1, 2]"
3318,dfs_bnb_mpi,0.001149,-4,5,278,"[-1, -1, 2, 2, 2, 1, -2, -2, 1, 2, 1, 2, -1, 2]"
3319,dfs_bnb_mpi,0.012593,-6,7,2844,"[-1, -1, 2, 1, 2, 1, -2, 1, -2, -2, -1, -1, -1, -1]"
3320,dfs_bnb_mpi,0.019282,-5,6,4687,"[-1, -1, 2, -1, 2, -1, 2, -1, -2, -2, 1, -2, 1, -2]"
3321,dfs_bnb_mpi,0.115526,-5,6,34246,"[-1, -1, 2, 2, -1, -1, -1, -2, 1, -2, -2, 1, 2, 2]"
3322,dfs_bnb_mpi,0.047494,-3,4,13204,"[-1, -1, 2, 2, 2, -1, 2, -1, -2, -2, 1, -2, -2, -1]"
3323,dfs_bnb_mpi,0.026616,-4,5,7183,"[-1, -1, 2, 2, 1, 2, 1, 2, -1, -1, -2, -1, -2, -1]"
3324,dfs_bnb_mpi,0.110011,-5,5,30359,"[-1, -2, 1, 1, 2, 2, -1, 2, 2, -1, -2, -2, -1, -2]"
3325,dfs_bnb_mpi,0.134292,-5,6,34034,"[-1, -2, 1, 1, 2, 1, -2, 1, -2, -1, -1, -1, -2, 1]"
3326,dfs_bnb_mpi,0.010123,-4,5,3156,"[-1, -1, 2, 1, 2, -1, 2, -1, -2, -1, -1, -2, 1, 1]"
3327,dfs_bnb_mpi,0.058377,-5,6,16743,"[-1, -1, 2, 2, 2, -1, -2, -1, -2, -1, -2, 1, 1, 2]"
3328,dfs_bnb_mpi,0.000169,-2,3,46,"[-1, -1, 2, 2, 2, 1, 1, -2, -1, -2, 1, 1, 2, 2]"
3329,dfs_bnb_mpi,0.186245,-6,7,47538,"[-1, -2, -1, 2, -1, -1, 2, 2, 1, 1, 1, -2, -1, -1]"
3330,dfs_bnb_mpi,0.060729,-3,4,18981,"[-1, -2, 1, 1, 2, 2, 2, 2, 2, -1, -2, -2, -2, -1]"
3331,dfs_bnb_mpi,0.000417,-2,3,88,"[-1, -1, 2, 2, 2, 2, 1, -2, 1, -2, -1, -2, 1, 1]"
3332,dfs_bnb_mpi,0.002465,-5,6,672,"[-1, -2, 1, 1, 1, 2, -1, 2, 1, 1, -2, 1, 2, 2]"
3333,dfs_bnb_mpi,0.028097,-4,5,7135,"[-1, -1, 2, 2, 2, -1, -1, -2, -2, 1, -2, -2, -1, 2]"
3334,dfs_bnb_mpi,0.032694,-4,5,9573,"[-1, -1, 2, 2, 2, 2, 1, 1, -2, -2, -2, -1, 2, 2]"
3335,dfs_bnb_mpi,0.018977,-3,4,5745,"[-1, -1, 2, 2, 1, 2, 2, 1, -2, -2, 1, -2, -1, -1]"
3336,dfs_bnb_mpi,0.007678,-2,3,2387,"[-1, -1, 2, 2, 2, 1, 2, 2, 2, -1, -2, -2, -1, -2]"
3337,dfs_bnb_mpi,0.0701,-6,7,17370,"[-1, -2, -1, -2, -1, -2, 1, -2, 1, 2, 2, 1, 2, 1]"
3338,dfs_bnb_mpi,0.092433,-5,6,28036,"[-1, -2, -1, 2, 2, 2, 1, 2, 2, 1, -2, -2, -2, -1]"
3339,dfs_bnb_mpi,5e-05,0,1,15,"[-1, -1, 2, 2, 2, 2, 2, 2, 2, 2, 2, 2, 2, 2]"
3340,dfs_bnb_mpi,0.050214,-4,5,15098,"[-1, -1, 2, 2, 1, 2, 2, 1, -2, -2, 1, -2, -1, -1]"
3341,dfs_bnb_mpi,0.12648,-7,8,33309,"[-1, -2, 1, 1, 2, 1, -2, 1, -2, -1, -2, -1, 2, -1]"
3342,dfs_bnb_mpi,0.062619,-2,3,15324,"[-1, -1, 2, 2, 2, 2, 2, 2, 2, 1, -2, 1, -2, -1]"
3343,dfs_bnb_mpi,0.017486,-5,6,4790,"[-1, -1, 2, 2, 2, 1, -2, 1, 2, 1, -2, -2, -1, -1]"
3344,dfs_bnb_mpi,0.017944,-3,3,5631,"[-1, -1, 2, -1, 2, 2, 2, 1, -2, -2, 1, 1, -2, -1]"
3345,dfs_bnb_mpi,0.003341,-6,7,870,"[-1, -1, 2, 1, 1, 2, -1, 2, -1, -2, -1, -2, -1, 2]"
3346,dfs_bnb_mpi,0.022318,-3,4,5021,"[-1, -1, 2, 2, 2, 2, 1, 1, -2, -1, -2, 1, 1, 2]"
3347,dfs_bnb_mpi,0.000376,-3,4,117,"[-1, -1, 2, 1, 1, 1, -2, 1, -2, -1, -1, -1, -1, -1]"
3348,dfs_bnb_mpi,0.200738,-7,8,44089,"[-1, -2, -1, -2, 1, -2, -2, 1, 2, 2, 2, 1, -2, -2]"
3349,dfs_bnb_mpi,0.139167,-5,6,39056,"[-1, -1, 2, 2, -1, 2, -1, -2, -2, -1, -2, 1, 1, 2]"
3350,dfs_bnb_mpi,0.028721,-4,5,8941,"[-1, -1, 2, 2, 1, -2, 1, 1, -2, -2, -1, -1, -1, -1]"
3351,dfs_bnb_mpi,0.104642,-4,5,32508,"[-1, -2, -2, -1, 2, -1, 2, 2, 2, 1, 1, -2, -1, -2]"
3352,dfs_bnb_mpi,0.003606,-4,5,1066,"[-1, -2, 1, 1, -2, -1, -1, -1, -2, 1, -2, 1, 2, 1]"
3353,dfs_bnb_mpi,0.157757,-5,6,43000,"[-1, -1, 2, -1, -1, 2, 1, 1, 2, 1, -2, 1, -2, -1]"
3354,dfs_bnb_mpi,0.044092,-4,4,13464,"[-1, -1, 2, -1, 2, 1, 1, -2, 1, 1, -2, -2, -1, -1]"
3355,dfs_bnb_mpi,0.006558,-3,4,1816,"[-1, -1, 2, -1, 2, -1, -2, -2, 1, -2, 1, 1, 1, 1]"
3356,dfs_bnb_mpi,0.000216,-2,3,72,"[-1, -1, 2, 1, 2, 1, -2, 1, 2, 2, 2, 2, 2, 2]"
3357,dfs_bnb_mpi,0.029104,-5,6,8382,"[-1, -1, 2, 1, 1, 2, -1, -1, 2, -1, -1, -2, 1, -2]"
3358,dfs_bnb_mpi,0.011911,-6,7,3357,"[-1, -1, 2, 1, 2, 2, -1, -2, -1, 2, -1, -2, -2, 1]"
3359,dfs_bnb_mpi,0.003094,-4,5,933,"[-1, -2, 1, -2, 1, 1, 2, -1, 2, 2, 1, -2, 1, 2]"
3360,dfs_bnb_mpi,0.047784,-4,5,12542,"[-1, -1, 2, 2, 2, -1, -2, -1, -2, 1, -2, -1, -1, 2]"
3361,dfs_bnb_mpi,0.010573,-7,8,2475,"[-1, -1, -1, 2, -1, 2, 1, 1, -2, 1, 2, 1, -2, 1]"
3362,dfs_bnb_mpi,0.080907,-5,6,20951,"[-1, -1, 2, 2, -1, 2, 2, 1, -2, 1, -2, 1, -2, -1]"
3363,dfs_bnb_mpi,0.02426,-6,7,7080,"[-1, -1, 2, 1, 2, 1, -2, 1, -2, 1, -2, -1, -1, -1]"
3364,dfs_bnb_mpi,0.000143,-2,3,38,"[-1, -1, 2, 2, 2, 2, 2, 2, 2, 1, 1, -2, -1, -2]"
3365,dfs_bnb_mpi,0.198449,-4,5,46335,"[-1, -1, 2, 2, 2, 2, 1, 1, 1, -2, -1, -1, -2, 1]"
3366,dfs_bnb_mpi,0.081606,-6,7,18691,"[-1, -1, 2, 1, 2, 2, -1, -2, -1, 2, -1, -2, -2, 1]"
3367,dfs_bnb_mpi,0.170324,-6,7,39973,"[-1, -1, 2, 2, 1, 2, 2, 1, 1, -2, -1, -2, -2, -1]"
3368,dfs_bnb_mpi,0.20944,-4,4,49109,"[-1, -1, 2, 2, 2, 2, 2, 2, 1, -2, -2, 1, -2, -1]"
3369,dfs_bnb_mpi,0.0544,-5,6,14205,"[-1, -1, 2, 2, 2, 1, -2, -2, 1, 1, 2, -1, 2, 2]"
3370,dfs_bnb_mpi,0.002058,-5,6,583,"[-1, -2, 1, 1, 2, 1, 2, -1, -1, 2, -1, -2, -1, 2]"
3371,dfs_bnb_mpi,0.058397,-5,6,15313,"[-1, -1, 2, 2, 1, 2, 2, 1, -2, 1, -2, -1, -2, -1]"
3372,dfs_bnb_mpi,0.065598,-6,7,18328,"[-1, -1, 2, 2, -1, -1, -2, -1, -2, 1, -2, 1, 2, 2]"
3373,dfs_bnb_mpi,0.054997,-6,6,15194,"[-1, -1, 2, -1, -2, -2, 1, 1, 1, -2, -1, -1, -2, 1]"
3374,dfs_bnb_mpi,0.062887,-5,6,17389,"[-1, -1, 2, 2, 1, 2, 1, 2, 1, -2, -2, -1, -2, -1]"
3375,dfs_bnb_mpi,0.061168,-8,9,14411,"[-1, -2, 1, 1, 2, 1, -2, -2, -1, -1, -1, -2, 1, 1]"
3376,dfs_bnb_mpi,0.093643,-5,6,21224,"[-1, -1, 2, 2, -1, 2, 2, 1, -2, 1, -2, 1, -2, -1]"
3377,dfs_bnb_mpi,4.9e-05,0,1,15,"[-1, -1, 2, 2, 2, 2, 2, 2, 2, 2, 2, 2, 2, 2]"
3378,dfs_bnb_mpi,0.056035,-7,8,12577,"[-1, -2, 1, 1, 2, 2, 1, -2, -2, -2, -1, -1, -2, 1]"
3379,dfs_bnb_mpi,0.017958,-4,5,5358,"[-1, -1, 2, 1, 1, 2, 2, 2, -1, -2, -2, -1, 2, 2]"
3380,dfs_bnb_mpi,0.029372,-5,6,8792,"[-1, -2, -1, 2, 2, 1, 2, 2, 1, -2, -2, 1, -2, 1]"
3381,dfs_bnb_mpi,0.142817,-6,7,40542,"[-1, -1, -1, 2, 1, 2, 1, 2, 2, 1, -2, -2, -2, -1]"
3382,dfs_bnb_mpi,0.000702,-3,4,214,"[-1, -1, 2, 2, 1, 1, -2, 1, 1, -2, -1, -2, 1, 1]"
3383,dfs_bnb_mpi,4.6e-05,0,1,15,"[-1, -1, 2, 2, 2, 2, 2, 2, 2, 2, 2, 2, 2, 2]"
3384,dfs_bnb_mpi,0.007078,-4,5,2168,"[-1, -2, 1, 1, -2, -1, -2, -2, -1, 2, 2, -1, 2, 2]"
3385,dfs_bnb_mpi,0.026184,-4,5,8024,"[-1, -1, 2, 2, 2, 1, 1, 1, -2, -2, -1, -1, 2, 1]"
3386,dfs_bnb_mpi,0.240336,-5,6,54376,"[-1, -1, 2, 2, 2, 2, 1, 1, 1, -2, -1, -1, -2, 1]"
3387,dfs_bnb_mpi,0.088454,-6,7,22421,"[-1, -1, 2, 1, 1, 2, 2, 1, -2, -2, -2, -2, -1, -1]"
3388,dfs_bnb_mpi,0.002345,-4,5,589,"[-1, -1, 2, -1, -2, -1, -2, 1, 1, -2, -1, -1, -1, 2]"
3389,dfs_bnb_mpi,0.020226,-4,5,5361,"[-1, -1, -1, 2, 2, 2, 1, -2, -2, 1, 2, 2, 2, 2]"
3390,dfs_bnb_mpi,0.076768,-7,7,19375,"[-1, -1, 2, 1, 2, -1, -1, -2, -2, -1, -2, 1, 1, 1]"
3391,dfs_bnb_mpi,0.126464,-7,8,30684,"[-1, -1, 2, 2, 2, 1, -2, 1, 2, 1, -2, -2, -1, -1]"
3392,dfs_bnb_mpi,0.003238,-4,5,935,"[-1, -2, 1, 1, -2, -1, -1, -2, -1, -2, 1, 1, 2, 1]"
3393,dfs_bnb_mpi,0.046343,-6,7,12233,"[-1, -1, 2, 1, 1, 2, 1, 1, -2, -2, -2, -1, 2, 2]"
3394,dfs_bnb_mpi,0.003765,-4,5,998,"[-1, -1, 2, 2, -1, -2, -1, -2, 1, -2, 1, 1, 1, 1]"
3395,dfs_bnb_mpi,0.014603,-5,6,3314,"[-1, -1, 2, -1, 2, -1, -2, -1, -2, 1, 1, -2, 1, 1]"
3396,dfs_bnb_mpi,0.007818,-7,8,1833,"[-1, -2, -2, -2, 1, 1, 2, -1, 2, 1, 1, 2, -1, 2]"
3397,dfs_bnb_mpi,0.081155,-6,7,18771,"[-1, -1, 2, 2, -1, 2, -1, -2, -1, -2, 1, -2, 1, 2]"
3398,dfs_bnb_mpi,0.182892,-7,7,40202,"[-1, -1, 2, 2, 2, 2, 1, 1, -2, -1, -2, 1, -2, -1]"
3399,dfs_bnb_mpi,0.022659,-6,7,6059,"[-1, -2, 1, 1, 2, 2, 1, 2, 1, -2, -2, -1, -2, 1]"
3400,dfs_bnb_mpi,0.168229,-3,4,43370,"[-1, -1, 2, 2, 2, 2, 1, 1, -2, 1, -2, -1, -1, 2]"
3401,dfs_bnb_mpi,0.037919,-5,6,8825,"[-1, -1, 2, 2, 2, 1, -2, -2, 1, 2, 1, 1, -2, -1]"
3402,dfs_bnb_mpi,0.003398,-2,3,1001,"[-1, -1, 2, 2, 2, 2, 2, 1, 2, -1, -1, -2, -1, 2]"
3403,dfs_bnb_mpi,0.438148,-3,4,94724,"[-1, -1, 2, 2, 2, 2, 2, 2, 1, 1, -2, -1, -2, 1]"
3404,dfs_bnb_mpi,0.011892,-4,5,3074,"[-1, -1, 2, 2, 1, 2, -1, 2, -1, -2, -1, -2, 1, -2]"
3405,dfs_bnb_mpi,0.026091,-6,7,7138,"[-1, -2, 1, 1, 2, 1, -2, 1, -2, -1, -1, -2, -1, 2]"
3406,dfs_bnb_mpi,0.061493,-4,5,16647,"[-1, -1, 2, 2, 2, 1, -2, -2, 1, 2, 2, 1, -2, -2]"
3407,dfs_bnb_mpi,0.09014,-4,5,24499,"[-1, -1, 2, 2, 2, 2, 2, 1, -2, 1, 1, -2, -1, -1]"
3408,dfs_bnb_mpi,4.8e-05,0,1,15,"[-1, -1, 2, 2, 2, 2, 2, 2, 2, 2, 2, 2, 2, 2]"
3409,dfs_bnb_mpi,0.305949,-5,6,67572,"[-1, -1, 2, 2, 2, 1, 1, 1, -2, -1, -1, -2, 1, 1]"
3410,dfs_bnb_mpi,0.00014,-2,3,42,"[-1, -1, 2, 2, 2, 2, 1, 2, -1, -1, -2, -1, 2, 2]"
3411,dfs_bnb_mpi,0.012935,-6,7,2997,"[-1, -1, 2, 2, 2, 1, -2, -2, 1, 2, 1, -2, -2, 1]"
3412,dfs_bnb_mpi,0.005739,-4,5,1656,"[-1, -1, 2, 2, 1, 2, 2, 1, -2, -2, 1, -2, -1, -1]"
3413,dfs_bnb_mpi,0.106463,-2,3,32415,"[-1, -1, 2, 2, 2, 1, -2, -2, 1, 1, 2, -1, 2, 2]"
3414,dfs_bnb_mpi,0.002141,-5,6,634,"[-1, -2, 1, 1, 2, 2, -1, 2, -1, -2, -1, -2, -1, 2]"
3415,dfs_bnb_mpi,0.050956,-4,5,15018,"[-1, -1, 2, -1, -1, -2, 1, -2, -1, -1, 2, 2, 2, 1]"
3416,dfs_bnb_mpi,0.01388,-6,7,3626,"[-1, -1, 2, 2, 2, 1, -2, -2, 1, 2, 1, 2, -1, 2]"
3417,dfs_bnb_mpi,0.138999,-5,6,38569,"[-1, -1, 2, 2, 2, -1, -2, -1, -2, -1, -2, 1, 1, 2]"
3418,dfs_bnb_mpi,0.047579,-4,5,12651,"[-1, -2, -1, 2, 2, -1, 2, 1, 2, 1, -2, -2, 1, 2]"
3419,dfs_bnb_mpi,0.128068,-3,4,34204,"[-1, -1, 2, 2, 2, 2, 2, 1, -2, 1, -2, -1, -2, 1]"
3420,dfs_bnb_mpi,0.366605,-2,3,87959,"[-1, -1, 2, 2, 2, 2, 2, 1, 1, -2, -2, -2, -2, -1]"
3421,dfs_bnb_mpi,0.083862,-2,3,26096,"[-1, -1, 2, 2, 1, 2, 2, 2, 1, -2, -2, -2, -2, -1]"
3422,dfs_bnb_mpi,0.003228,-5,6,940,"[-1, -1, 2, 1, 1, 2, 1, -2, -2, 1, -2, -1, -1, -1]"
3423,dfs_bnb_mpi,0.023193,-2,3,5654,"[-1, -1, 2, 1, 2, 2, 2, 2, 1, -2, -2, -2, -2, 1]"
3424,dfs_bnb_mpi,0.038974,-7,8,9807,"[-1, -1, 2, 1, 2, 2, 1, -2, -2, 1, 2, 2, 2, -1]"
3425,dfs_bnb_mpi,0.013292,-4,5,3231,"[-1, -1, 2, 2, 2, -1, -1, -2, 1, -2, -2, -1, 2, -1]"
3426,dfs_bnb_mpi,0.122033,-5,6,36280,"[-1, -1, 2, 2, -1, -1, -2, -1, -1, -2, 1, 1, 1, 2]"
3427,dfs_bnb_mpi,0.009497,-5,6,2356,"[-1, -1, 2, 1, 1, 2, 1, -2, 1, -2, -1, -2, -1, -1]"
3428,dfs_bnb_mpi,0.0058,-3,4,1706,"[-1, -1, 2, 2, 2, 1, 1, -2, -1, -2, 1, 1, 2, 2]"
3429,dfs_bnb_mpi,0.018118,-4,5,4924,"[-1, -1, 2, 2, 2, 1, 2, 1, -2, -2, -1, -2, 1, 1]"
3430,dfs_bnb_mpi,0.044911,-4,5,13236,"[-1, -1, 2, -1, 2, -1, 2, -1, -2, -2, 1, -2, 1, -2]"
3431,dfs_bnb_mpi,0.00287,-4,5,846,"[-1, -1, 2, 1, 2, -1, 2, -1, -2, -1, -2, 1, -2, -1]"
3432,dfs_bnb_mpi,0.000518,-2,3,159,"[-1, -2, 1, 1, 2, 2, -1, 2, 2, 2, 2, 2, 2, 2]"
3433,dfs_bnb_mpi,0.086841,-8,9,21677,"[-1, -1, 2, 1, 1, 1, 2, 2, -1, -1, -1, -2, 1, 1]"
3434,dfs_bnb_mpi,0.076262,-6,7,19509,"[-1, -1, 2, 1, 1, 2, 2, 1, -2, -2, -2, -2, -1, -1]"
3435,dfs_bnb_mpi,0.004404,-6,6,1147,"[-1, -1, 2, 1, 2, -1, 2, -1, -2, -2, -1, -2, 1, -2]"
3436,dfs_bnb_mpi,0.025088,-5,6,6937,"[-1, -1, 2, 2, 1, -2, 1, 2, 1, -2, 1, -2, -1, -2]"
3437,dfs_bnb_mpi,0.052046,-3,4,16343,"[-1, -1, 2, 1, 2, 2, -1, -1, -2, -2, -2, -2, 1, 1]"
3438,dfs_bnb_mpi,4.5e-05,0,1,15,"[-1, -1, 2, 2, 2, 2, 2, 2, 2, 2, 2, 2, 2, 2]"
3439,dfs_bnb_mpi,0.024898,-5,6,7551,"[-1, -1, 2, -1, -2, -1, -2, 1, -2, -2, 1, 2, 2, 1]"
3440,dfs_bnb_mpi,0.000228,-2,2,61,"[-1, -1, 2, 2, 1, -2, 1, 2, 2, 2, 2, 2, 2, 2]"
3441,dfs_bnb_mpi,0.031514,-5,6,9020,"[-1, -1, 2, 1, 2, -1, 2, -1, -2, -1, -1, -2, 1, 1]"
3442,dfs_bnb_mpi,0.041316,-6,7,9299,"[-1, -1, 2, 2, 2, 2, 1, -2, 1, -2, -1, -2, 1, 1]"
3443,dfs_bnb_mpi,0.057173,-7,8,15868,"[-1, -2, 1, 1, 2, 1, 1, 2, -1, 2, -1, -1, -2, 1]"
3444,dfs_bnb_mpi,0.036981,-5,6,11305,"[-1, -1, 2, 2, 1, -2, 1, 1, 1, 2, -1, -1, 2, -1]"
3445,dfs_bnb_mpi,0.154179,-4,5,43423,"[-1, -1, 2, 2, 2, 1, 1, -2, 1, 1, -2, -1, -1, -1]"
3446,dfs_bnb_mpi,0.3671,-3,4,89649,"[-1, -1, 2, 2, 1, 2, 2, 2, 1, -2, -2, -2, -2, -1]"
3447,dfs_bnb_mpi,0.002111,-3,4,644,"[-1, -1, 2, -1, -2, -1, 2, 2, 1, 2, 1, -2, 1, 2]"
3448,dfs_bnb_mpi,0.04675,-6,7,13859,"[-1, -1, 2, 2, 1, -2, 1, 1, -2, -2, -1, -1, -2, 1]"
3449,dfs_bnb_mpi,0.000632,-2,3,178,"[-1, -1, 2, 1, 2, 2, -1, -2, -1, -1, -2, 1, -2, -1]"
3450,dfs_bnb_mpi,0.051506,-4,5,15321,"[-1, -1, 2, 2, 1, -2, 1, 1, 2, -1, 2, 2, -1, -2]"
3451,dfs_bnb_mpi,0.04806,-6,7,10781,"[-1, -1, 2, 2, -1, -1, -1, -2, 1, 1, -2, -1, -1, -1]"
3452,dfs_bnb_mpi,0.006014,-4,5,1706,"[-1, -1, 2, 1, 2, -1, 2, -1, -2, -1, -1, -2, 1, 1]"
3453,dfs_bnb_mpi,0.010671,-7,8,2717,"[-1, -2, 1, 1, 2, 2, 1, -2, -2, 1, 2, 1, 2, -1]"
3454,dfs_bnb_mpi,0.060282,-4,5,18971,"[-1, -1, 2, 2, 1, -2, 1, 1, 2, 2, 2, -1, -2, -2]"
3455,dfs_bnb_mpi,0.101495,-4,5,26485,"[-1, -1, 2, 2, 2, 1, 2, 2, 1, -2, -2, -2, -1, -2]"
3456,dfs_bnb_mpi,0.101945,-4,5,28464,"[-1, -2, 1, 1, 1, 1, -2, 1, -2, -1, -1, 2, -1, -1]"
3457,dfs_bnb_mpi,0.027786,-3,3,8664,"[-1, -1, 2, 2, 2, 1, -2, 1, 2, 1, -2, -2, -1, -1]"
3458,dfs_bnb_mpi,0.024615,-3,4,7611,"[-1, -1, -1, 2, 1, 1, 2, 2, 2, 1, -2, -2, -2, 1]"
3459,dfs_bnb_mpi,0.01741,-5,6,5386,"[-1, -1, 2, 1, 2, 2, 1, 2, 1, -2, -2, -1, -2, 1]"
3460,dfs_bnb_mpi,0.208611,-6,7,47034,"[-1, -2, 1, -2, -1, -2, 1, 1, 2, 2, 2, 1, -2, -2]"
3461,dfs_bnb_mpi,0.023583,-2,3,7110,"[-1, -1, 2, 2, 1, -2, 1, 2, 2, -1, -1, -1, -2, -2]"
3462,dfs_bnb_mpi,0.013075,-4,5,3384,"[-1, -1, 2, 2, -1, -2, -2, -1, 2, 2, 2, 1, 2, 2]"
3463,dfs_bnb_mpi,0.147638,-7,8,35153,"[-1, -2, 1, -2, 1, -2, 1, 2, 2, 1, 2, -1, -1, -2]"
3464,dfs_bnb_mpi,0.023522,-4,5,6920,"[-1, -2, -2, 1, 2, 1, 2, 2, -1, 2, 2, -1, -2, -2]"
3465,dfs_bnb_mpi,0.0235,-5,6,6461,"[-1, -1, 2, 2, 1, -2, 1, 2, 2, 1, 1, -2, -1, -2]"
3466,dfs_bnb_mpi,0.134623,-6,6,36190,"[-1, -1, 2, 2, 2, 2, 1, 1, -2, -2, -2, -1, 2, 2]"
3467,dfs_bnb_mpi,0.000379,-2,3,94,"[-1, -1, 2, 2, 2, 1, 2, 2, -1, -2, -1, -2, -1, 2]"
3468,dfs_bnb_mpi,0.017854,-5,6,5181,"[-1, -1, 2, -1, -2, -1, -1, -2, -2, 1, 2, 1, 1, 1]"
3469,dfs_bnb_mpi,0.041683,-7,8,10929,"[-1, -1, 2, 2, 2, 1, -2, 1, 2, 1, -2, -2, -1, -1]"
3470,dfs_bnb_mpi,0.027379,-5,6,6268,"[-1, -2, -1, 2, 2, -1, 2, 1, 2, 1, -2, -2, 1, 2]"
3471,dfs_bnb_mpi,0.049556,-5,6,14746,"[-1, -2, 1, -2, -1, -1, 2, 2, -1, 2, 1, 2, 1, -2]"
3472,dfs_bnb_mpi,0.025356,-4,5,6716,"[-1, -1, 2, -1, 2, 2, -1, -2, -2, -2, 1, -2, 1, 1]"
3473,dfs_bnb_mpi,0.002747,-5,6,865,"[-1, -2, 1, 1, 2, 2, -1, -1, -1, -2, -1, -2, 1, -2]"
3474,dfs_bnb_mpi,0.094308,-5,6,22210,"[-1, -1, 2, 2, 2, 1, 2, 1, 1, -2, -1, -2, -1, -2]"
3475,dfs_bnb_mpi,0.016524,-6,7,4382,"[-1, -2, -1, -1, 2, 1, 2, 1, 2, -1, -1, -2, -1, 2]"
3476,dfs_bnb_mpi,0.064538,-4,5,15806,"[-1, -2, 1, 1, 2, 2, -1, -1, 2, -1, -2, -1, -2, 1]"
3477,dfs_bnb_mpi,0.557731,-4,5,124058,"[-1, -2, 1, 1, 2, 2, 2, -1, -2, -1, 2, -1, -2, -2]"
3478,dfs_bnb_mpi,0.031245,-4,5,9233,"[-1, -2, -1, 2, 2, 2, 1, 2, 1, -2, 1, -2, -1, -1]"
3479,dfs_bnb_mpi,0.015358,-6,6,4051,"[-1, -1, 2, 1, 2, 2, 2, -1, -2, -2, -1, -2, -2, -1]"
3480,dfs_bnb_mpi,0.056273,-5,6,14721,"[-1, -1, 2, 2, 2, -1, -2, -2, -2, -1, 2, 2, 2, 2]"
3481,dfs_bnb_mpi,0.013299,-5,6,3755,"[-1, -1, 2, -1, -2, -1, -2, 1, 1, 1, -2, -1, -1, -1]"
3482,dfs_bnb_mpi,0.028379,-5,6,6519,"[-1, -2, -1, -2, 1, -2, 1, 2, 2, 1, 2, 2, 2, 2]"
3483,dfs_bnb_mpi,0.022729,-6,7,6272,"[-1, -1, 2, 1, 1, 1, -2, -2, -1, -1, -1, -2, 1, 1]"
3484,dfs_bnb_mpi,0.095697,-5,6,22219,"[-1, -1, 2, 2, -1, -2, -2, -1, -2, 1, 1, 1, -2, -1]"
3485,dfs_bnb_mpi,0.014303,-2,3,3880,"[-1, -1, 2, 2, 2, 2, 2, 2, 2, 1, 2, -1, -1, -2]"
3486,dfs_bnb_mpi,0.001068,-4,4,300,"[-1, -1, 2, 2, 1, -2, 1, 2, 2, -1, 2, 2, 2, 2]"
3487,dfs_bnb_mpi,0.010512,-4,5,2722,"[-1, -1, 2, 2, 1, 2, -1, 2, -1, -2, -1, -2, 1, -2]"
3488,dfs_bnb_mpi,0.00063,-4,5,187,"[-1, -1, 2, -1, 2, 1, 2, 1, -2, -2, 1, 2, 2, 2]"
3489,dfs_bnb_mpi,0.084357,-4,5,25642,"[-1, -1, 2, 2, -1, -1, -2, -2, -1, -2, 1, 1, 2, 2]"
3490,dfs_bnb_mpi,0.042915,-3,4,12657,"[-1, -1, 2, 2, 2, 2, 2, 1, 2, 1, -2, -2, -1, -2]"
3491,dfs_bnb_mpi,0.021745,-2,3,5449,"[-1, -1, 2, 2, 2, 2, 2, 2, 1, -2, 1, -2, -1, -2]"
3492,dfs_bnb_mpi,0.027367,-6,6,7926,"[-1, -2, -2, 1, 2, 1, 2, 2, 2, 1, -2, 1, -2, -1]"
3493,dfs_bnb_mpi,0.133431,-5,5,31894,"[-1, -1, 2, 2, 2, 2, 1, 1, -2, -1, -2, 1, -2, -1]"
3494,dfs_bnb_mpi,0.003381,-4,4,1023,"[-1, -1, 2, 1, 2, 2, 2, 1, -2, -2, -2, 1, 2, 2]"
3495,dfs_bnb_mpi,0.024781,-5,6,7389,"[-1, -2, 1, 1, -2, -2, 1, 2, 1, 2, -1, 2, -1, 2]"
3496,dfs_bnb_mpi,0.005937,-6,7,1407,"[-1, -1, -1, 2, 1, 2, 1, -2, 1, 2, 2, -1, 2, 2]"
3497,dfs_bnb_mpi,0.015955,-5,6,4582,"[-1, -1, 2, 2, 1, -2, 1, 1, -2, -2, -2, -1, 2, -1]"
3498,dfs_bnb_mpi,0.054764,-6,6,15387,"[-1, -1, 2, 2, 2, 1, -2, 1, 2, 1, -2, -2, -1, -1]"
3499,dfs_bnb_mpi,0.000172,-2,3,57,"[-1, -1, 2, 1, 1, 2, 1, -2, -2, 1, 2, 2, 2, 2]"
3500,dfs_bnb_mpi,0.036292,-6,7,10187,"[-1, -1, 2, 1, 1, 1, -2, -2, -1, -1, -1, -2, 1, 1]"
3501,dfs_bnb_mpi,0.01167,-2,3,3541,"[-1, -1, 2, 2, 2, 2, 2, 1, -2, 1, 1, -2, -1, -1]"
3502,dfs_bnb_mpi,0.107842,-5,6,26875,"[-1, -1, 2, 2, 2, -1, -2, -1, -2, 1, -2, -2, 1, 1]"
3503,dfs_bnb_mpi,0.000141,-2,3,42,"[-1, -1, 2, 2, 2, 2, 2, 1, 1, -2, -1, -2, 1, 1]"
3504,dfs_bnb_mpi,0.005814,-6,6,1593,"[-1, -2, 1, 1, 1, 2, -1, 2, 1, 1, 1, -2, -1, -2]"
3505,dfs_bnb_mpi,0.146091,-6,7,41176,"[-1, -1, 2, 2, 1, 2, 2, 1, -2, 1, -2, -1, -2, -1]"
3506,dfs_bnb_mpi,0.007283,-4,5,1808,"[-1, -2, -1, 2, -1, 2, 2, 1, -2, 1, 2, 2, 2, 2]"
3507,dfs_bnb_mpi,0.047657,-6,7,13843,"[-1, -2, 1, 1, -2, -1, -1, -1, -2, -1, -2, 1, 1, 2]"
3508,dfs_bnb_mpi,0.016418,-5,6,4896,"[-1, -1, 2, 2, -1, -2, -2, -2, -1, 2, 2, -1, 2, 1]"
3509,dfs_bnb_mpi,0.01841,-4,5,4939,"[-1, -1, 2, -1, 2, -1, -2, -2, 1, -2, -1, -1, 2, 2]"
3510,dfs_bnb_mpi,0.024371,-5,5,7518,"[-1, -1, 2, 1, 1, 2, 1, -2, -2, -2, -1, -2, -1, 2]"
3511,dfs_bnb_mpi,4.5e-05,0,1,15,"[-1, -1, 2, 2, 2, 2, 2, 2, 2, 2, 2, 2, 2, 2]"
3512,dfs_bnb_mpi,0.003774,-6,7,1071,"[-1, -1, 2, 1, 1, 1, 2, 1, -2, -2, -1, -2, -1, -1]"
3513,dfs_bnb_mpi,0.00019,-2,3,63,"[-1, -1, 2, 2, 1, -2, 1, 2, 2, 2, 2, 2, 2, 2]"
3514,dfs_bnb_mpi,0.188029,-4,5,42803,"[-1, -1, 2, 2, 2, 2, 2, 1, -2, -2, -2, 1, -2, -1]"
3515,dfs_bnb_mpi,0.015804,-4,5,4947,"[-1, -2, -2, 1, 2, 1, 2, 2, -1, 2, 2, -1, -2, -2]"
3516,dfs_bnb_mpi,0.031021,-4,5,9401,"[-1, -1, 2, 2, -1, -2, -2, -2, 1, -2, 1, 1, 2, -1]"
3517,dfs_bnb_mpi,0.01061,-3,4,3373,"[-1, -1, 2, 2, 2, 1, -2, -2, 1, 2, 2, 1, -2, -2]"
3518,dfs_bnb_mpi,0.0169,-3,4,4815,"[-1, -1, 2, 2, 2, -1, 2, 1, 1, -2, -2, -2, 1, 2]"
3519,dfs_bnb_mpi,0.026969,-6,6,7183,"[-1, -1, 2, -1, -2, -1, 2, -1, 2, 1, 1, 2, 1, -2]"
3520,dfs_bnb_mpi,0.076373,-6,7,21276,"[-1, -2, 1, 1, 1, -2, -1, -2, -1, -1, -1, 2, 1, 1]"
3521,dfs_bnb_mpi,0.01798,-5,6,5234,"[-1, -1, 2, 2, 2, 1, -2, -2, 1, 1, 2, 2, -1, -2]"
3522,dfs_bnb_mpi,0.040165,-4,5,11593,"[-1, -1, 2, 2, 1, 2, 1, -2, 1, 1, -2, -1, -1, -1]"
3523,dfs_bnb_mpi,0.116414,-4,5,30314,"[-1, -1, 2, 2, -1, 2, 2, -1, -2, -2, -2, -2, 1, 2]"
3524,dfs_bnb_mpi,0.005964,-2,3,1723,"[-1, -1, 2, 2, 1, -2, 1, 1, -2, -2, -1, -1, -1, -1]"
3525,dfs_bnb_mpi,0.097636,-7,8,26329,"[-1, -1, 2, 1, 2, 2, 1, 1, -2, 1, -2, -1, -1, 2]"
3526,dfs_bnb_mpi,0.037629,-2,3,9217,"[-1, -1, 2, -1, 2, 2, 2, -1, -2, -2, -2, -2, 1, -2]"
3527,dfs_bnb_mpi,0.026349,-7,8,7209,"[-1, -2, -2, 1, 2, 1, 2, 1, 1, -2, -1, -2, -1, -2]"
3528,dfs_bnb_mpi,0.196328,-6,7,43992,"[-1, -1, 2, 1, 2, 2, 1, 2, 1, -2, -2, -1, -2, 1]"
3529,dfs_bnb_mpi,0.021364,-4,5,6601,"[-1, -1, 2, 2, 1, 2, 2, 1, -2, -2, 1, -2, -1, -1]"
3530,dfs_bnb_mpi,0.0034,-4,5,879,"[-1, -2, -1, -1, 2, 1, 2, 1, 2, -1, -1, -2, -1, 2]"
3531,dfs_bnb_mpi,0.048669,-5,6,14003,"[-1, -1, 2, -1, 2, 1, 2, 1, 1, -2, -1, -2, 1, 1]"
3532,dfs_bnb_mpi,0.055175,-4,5,15606,"[-1, -1, 2, 2, 2, 1, 2, 1, 2, -1, -1, -2, -1, -2]"
3533,dfs_bnb_mpi,8.9e-05,-1,2,25,"[-1, -1, 2, 2, 2, 2, 2, 2, 1, -2, -2, 1, 2, 2]"
3534,dfs_bnb_mpi,0.084437,-6,7,24104,"[-1, -1, 2, 1, 2, -1, -1, 2, -1, -2, -2, -2, 1, 2]"
3535,dfs_bnb_mpi,0.018718,-2,3,5937,"[-1, -1, 2, 2, 1, -2, 1, 1, -2, -2, -1, -1, -1, -1]"
3536,dfs_bnb_mpi,0.014671,-4,5,4461,"[-1, -2, -1, 2, 2, -1, 2, 2, 1, -2, 1, -2, 1, 2]"
3537,dfs_bnb_mpi,0.000682,-4,5,200,"[-1, -1, 2, 1, 2, 2, 1, 1, -2, -1, -2, 1, 1, 2]"
3538,dfs_bnb_mpi,0.003237,-4,5,843,"[-1, -2, -1, -2, 1, -2, 1, 2, 2, 1, 2, 2, 2, 2]"
3539,dfs_bnb_mpi,0.007646,-4,5,2213,"[-1, -1, 2, 1, 1, 1, 1, -2, -1, -2, -1, -1, -1, -1]"
3540,dfs_bnb_mpi,0.011268,-6,7,2897,"[-1, -2, 1, 1, 2, 1, -2, -2, -1, -2, -1, 2, -1, -1]"
3541,dfs_bnb_mpi,0.197723,-6,7,46459,"[-1, -2, 1, 1, -2, 1, 2, 1, 2, 2, -1, -1, -2, 1]"
3542,dfs_bnb_mpi,0.046164,-4,4,13507,"[-1, -1, 2, 2, 2, -1, -2, -1, -1, -2, 1, 1, -2, -1]"
3543,dfs_bnb_mpi,0.066532,-5,6,19027,"[-1, -1, 2, 2, 2, -1, -2, -1, -2, -1, -2, 1, 1, 2]"
3544,dfs_bnb_mpi,0.048672,-5,6,14029,"[-1, -1, 2, 2, 1, -2, 1, 2, 1, 2, -1, -1, -1, 2]"
3545,dfs_bnb_mpi,0.00016,-2,3,38,"[-1, -1, 2, 2, 2, 2, 2, 2, 2, 1, 1, -2, -1, -2]"
3546,dfs_bnb_mpi,0.007405,-5,6,1992,"[-1, -1, 2, 2, 1, -2, 1, 1, 2, -1, 2, 1, 2, 2]"
3547,dfs_bnb_mpi,0.001264,-5,6,357,"[-1, -1, 2, 1, 1, 1, -2, -2, -1, -2, -1, 2, -1, -1]"
3548,dfs_bnb_mpi,0.08405,-6,7,22355,"[-1, -2, 1, -2, -2, -1, 2, -1, 2, -1, 2, 1, 2, 1]"
3549,dfs_bnb_mpi,0.012573,-5,6,2988,"[-1, -1, 2, 2, 2, -1, -1, -2, 1, -2, -1, -2, 1, -2]"
3550,dfs_bnb_mpi,0.001005,-2,3,289,"[-1, -1, 2, 2, 2, 1, 1, -2, -1, -2, 1, 1, 2, 2]"
3551,dfs_bnb_mpi,4.7e-05,0,1,15,"[-1, -1, 2, 2, 2, 2, 2, 2, 2, 2, 2, 2, 2, 2]"
3552,dfs_bnb_mpi,0.054217,-6,7,15892,"[-1, -2, -1, -1, 2, 1, 2, 1, 2, 2, -1, -2, -1, -2]"
3553,dfs_bnb_mpi,0.003857,-4,4,1148,"[-1, -1, 2, 1, 1, 2, 2, 1, -2, 1, 1, -2, -1, -1]"
3554,dfs_bnb_mpi,0.22255,-6,7,49551,"[-1, -1, 2, 2, 2, 2, -1, -2, -2, -1, -2, 1, -2, -1]"
3555,dfs_bnb_mpi,0.007714,-5,6,1992,"[-1, -1, 2, -1, 2, -1, -2, -1, -2, 1, 1, -2, 1, 1]"
3556,dfs_bnb_mpi,0.001148,-1,2,285,"[-1, -1, 2, 2, 2, 2, 1, -2, 1, 2, 2, 2, 2, 2]"
3557,dfs_bnb_mpi,0.006873,-4,5,1996,"[-1, -1, 2, -1, -2, -1, -1, -2, 1, 1, 1, 1, 1, 1]"
3558,dfs_bnb_mpi,0.006557,-5,6,1804,"[-1, -1, 2, -1, -2, -1, -2, 1, -2, 1, 2, 1, 1, 1]"
3559,dfs_bnb_mpi,0.024511,-5,6,6763,"[-1, -1, 2, 1, 2, 2, 1, 2, 1, -2, -2, -1, -2, 1]"
3560,dfs_bnb_mpi,0.108182,-3,4,33557,"[-1, -1, 2, 2, -1, -1, -2, 1, -2, -2, -1, 2, -1, 2]"
3561,dfs_bnb_mpi,0.167958,-6,7,37669,"[-1, -1, 2, 1, 2, 2, 1, -2, -2, 1, -2, -2, -1, -1]"
3562,dfs_bnb_mpi,0.077127,-5,6,17775,"[-1, -1, 2, 1, 2, 2, 1, 1, -2, -1, -2, 1, 1, 2]"
3563,dfs_bnb_mpi,0.000131,-1,2,42,"[-1, -1, 2, 2, 2, 2, 1, -2, -2, -2, 1, 2, 2, 2]"
3564,dfs_bnb_mpi,3.4e-05,0,1,15,"[-1, -1, 2, 2, 2, 2, 2, 2, 2, 2, 2, 2, 2, 2]"
3565,dfs_bnb_mpi,0.031672,-5,6,7630,"[-1, -1, 2, 2, 2, 2, 1, -2, -2, -2, 1, 1, 2, -1]"
3566,dfs_bnb_mpi,0.000541,-2,3,185,"[-1, -2, -1, -2, 1, 1, 2, 1, 2, 2, 2, 2, 2, 2]"
3567,dfs_bnb_mpi,0.002964,-4,5,856,"[-1, -1, 2, 2, 1, -2, 1, 1, 2, -1, 2, -1, 2, 2]"
3568,dfs_bnb_mpi,0.010971,-3,4,3226,"[-1, -1, 2, 1, 2, 2, -1, -2, -1, 2, -1, -2, -2, 1]"
3569,dfs_bnb_mpi,0.081954,-8,9,18446,"[-1, -1, 2, 2, 2, 1, 1, 1, -2, -1, -1, -2, 1, 1]"
3570,dfs_bnb_mpi,0.01568,-6,7,3617,"[-1, -2, -1, -2, -1, -2, -2, 1, 2, 1, 2, 1, 2, 1]"
3571,dfs_bnb_mpi,0.008706,-3,4,2105,"[-1, -1, 2, 2, -1, -1, -2, 1, -2, -2, -1, 2, -1, 2]"
3572,dfs_bnb_mpi,0.015128,-6,7,3844,"[-1, -1, 2, 1, 2, 2, 1, -2, -2, 1, 2, 1, 2, -1]"
3573,dfs_bnb_mpi,0.040011,-7,8,10159,"[-1, -2, 1, -2, 1, 1, 2, -1, 2, 2, 1, -2, 1, -2]"
3574,dfs_bnb_mpi,0.154504,-7,8,37306,"[-1, -2, 1, 1, 2, 2, 1, 1, 1, -2, -1, -1, -2, 1]"
3575,dfs_bnb_mpi,0.064762,-6,7,14849,"[-1, -1, 2, 2, 1, -2, 1, 1, -2, -2, -1, -1, -2, 1]"
3576,dfs_bnb_mpi,0.168552,-7,8,37915,"[-1, -2, -1, -2, 1, -2, -2, 1, 2, 2, 2, 1, -2, -2]"
3577,dfs_bnb_mpi,0.025152,-5,6,7567,"[-1, -1, 2, 2, 1, 2, 2, 1, -2, 1, -2, -1, -2, -1]"
3578,dfs_bnb_mpi,0.037511,-5,6,10019,"[-1, -1, 2, 1, 1, 2, -1, -1, 2, -1, -2, -1, -2, 1]"
3579,dfs_bnb_mpi,0.009988,-6,7,2720,"[-1, -2, 1, 1, -2, 1, 1, 2, -1, 2, -1, 2, 1, 2]"
3580,dfs_bnb_mpi,0.008208,-4,5,2229,"[-1, -1, 2, 2, 2, -1, -2, -1, -2, 1, -2, -1, -1, 2]"
3581,dfs_bnb_mpi,0.011536,-4,5,3618,"[-1, -1, 2, 2, 1, -2, 1, 2, 2, 1, -2, -2, -2, 1]"
3582,dfs_bnb_mpi,0.01645,-7,8,4170,"[-1, -1, 2, 1, 2, 1, -2, 1, -2, -2, -1, -2, -1, 2]"
3583,dfs_bnb_mpi,0.016998,-5,6,3955,"[-1, -1, -1, 2, -1, 2, 2, 1, -2, 1, -2, 1, 2, 2]"
3584,dfs_bnb_mpi,0.04171,-6,7,11797,"[-1, -1, 2, 2, -1, 2, 1, 2, 1, -2, 1, -2, -1, -2]"
3585,dfs_bnb_mpi,0.10224,-7,8,25263,"[-1, -1, 2, -1, -2, -2, -2, -2, 1, 1, 2, 2, -1, -2]"
3586,dfs_bnb_mpi,0.015023,-5,6,4399,"[-1, -2, 1, 1, 2, 2, 2, 1, 1, -2, -1, -2, 1, 1]"
3587,dfs_bnb_mpi,0.002554,-5,6,693,"[-1, -2, -1, -2, -1, -2, 1, 1, 2, 1, 2, 1, 2, 2]"
3588,dfs_bnb_mpi,0.001475,-4,5,417,"[-1, -1, 2, 1, 2, 2, -1, -2, -1, -2, -1, -2, 1, -2]"
3589,dfs_bnb_mpi,0.002099,-2,3,635,"[-1, -1, 2, 2, 2, 1, 2, 2, -1, -2, -1, -1, -2, 1]"
3590,dfs_bnb_mpi,0.07296,-7,8,17707,"[-1, -2, 1, 1, 2, 2, 2, 2, -1, -1, -2, -2, 1, 2]"
3591,dfs_bnb_mpi,0.022982,-6,6,6642,"[-1, -1, 2, 2, 2, 2, 1, -2, 1, -2, -1, -2, 1, 1]"
3592,dfs_bnb_mpi,0.111568,-4,5,31096,"[-1, -2, 1, 1, -2, -1, -2, 1, -2, -1, -1, 2, 2, -1]"
3593,dfs_bnb_mpi,0.042851,-5,5,12998,"[-1, -1, 2, -1, 2, -1, 2, 1, 2, 1, -2, -2, 1, -2]"
3594,dfs_bnb_mpi,0.000698,-2,3,197,"[-1, -1, 2, 2, 2, 1, 1, -2, -1, -2, 1, 1, 2, 2]"
3595,dfs_bnb_mpi,0.063622,-4,5,17681,"[-1, -2, -1, -2, 1, -2, 1, 1, 2, -1, 2, 1, 2, 2]"
3596,dfs_bnb_mpi,0.051965,-7,8,13482,"[-1, -1, 2, 2, 2, 2, 1, 1, -2, -1, -2, 1, -2, -1]"
3597,dfs_bnb_mpi,0.035397,-5,6,10386,"[-1, -1, 2, 2, -1, 2, 1, 2, 1, -2, 1, -2, -1, -2]"
3598,dfs_bnb_mpi,0.125434,-4,5,33303,"[-1, -1, 2, 2, 2, 1, 2, -1, 2, -1, -2, -1, -2, 1]"
3599,dfs_bnb_mpi,0.057537,-8,9,14934,"[-1, -2, 1, 1, 2, 1, 2, 2, -1, -1, -1, -2, 1, 1]"
3600,dfs_bnb_mpi,0.065095,-7,8,16874,"[-1, -2, -1, -2, 1, 1, 2, 1, -2, -2, -1, -1, -2, 1]"
3601,dfs_bnb_mpi,0.043189,-4,5,10884,"[-1, -1, 2, 2, -1, -1, -2, 1, -2, -2, -1, 2, -1, 2]"
3602,dfs_bnb_mpi,0.001743,-2,3,529,"[-1, -1, 2, 2, 1, 2, 2, -1, -2, -1, -1, -2, 1, -2]"
3603,dfs_bnb_mpi,0.003407,-2,3,1056,"[-1, -1, 2, 2, 2, 1, 2, 2, -1, -2, -1, -1, -2, 1]"
3604,dfs_bnb_mpi,0.016069,-5,6,4908,"[-1, -1, 2, -1, -2, -2, 1, -2, -2, 1, 2, 2, 1, 1]"
3605,dfs_bnb_mpi,0.02375,-3,4,5961,"[-1, -1, 2, 2, 2, 2, -1, -2, -2, -2, -1, -2, 1, -2]"
3606,dfs_bnb_mpi,0.009175,-4,5,2219,"[-1, -1, 2, 2, 2, 1, -2, -2, 1, 2, 1, -2, 1, 2]"
3607,dfs_bnb_mpi,0.016753,-4,5,4708,"[-1, -1, 2, 1, 1, 2, -1, -1, 2, -1, -2, -1, -2, 1]"
3608,dfs_bnb_mpi,0.144232,-7,8,33013,"[-1, -1, 2, -1, -2, -2, 1, 1, -2, -1, -1, -1, 2, 2]"
3609,dfs_bnb_mpi,0.016507,-5,6,4486,"[-1, -1, 2, 2, 2, 2, -1, -2, -2, -1, -2, 1, -2, -1]"
3610,dfs_bnb_mpi,0.020654,-5,6,6131,"[-1, -1, 2, -1, 2, 1, 1, 1, 2, 1, -2, -2, -1, -1]"
3611,dfs_bnb_mpi,0.071999,-4,5,21384,"[-1, -1, 2, 2, 2, 1, 1, 1, -2, -2, -1, -1, 2, 1]"
3612,dfs_bnb_mpi,0.03864,-6,6,9842,"[-1, -1, 2, 2, 2, 2, 1, -2, -2, 1, 1, -2, -1, -1]"
3613,dfs_bnb_mpi,0.000594,-2,3,148,"[-1, -1, 2, 2, 2, 2, 2, 1, 2, 1, -2, -2, -1, -2]"
3614,dfs_bnb_mpi,0.008457,-6,6,2225,"[-1, -1, -1, -1, 2, 1, 1, 1, 2, 2, -1, -2, -1, 2]"
3615,dfs_bnb_mpi,0.080287,-4,5,17992,"[-1, -1, 2, 2, 1, 2, -1, 2, -1, -1, -2, 1, -2, -1]"
3616,dfs_bnb_mpi,0.054401,-5,6,15789,"[-1, -1, 2, 1, 2, 2, -1, -2, -1, 2, -1, -2, -2, 1]"
3617,dfs_bnb_mpi,0.152801,-7,8,34427,"[-1, -1, 2, -1, 2, 2, 1, 1, 1, -2, -2, -1, 2, -1]"
3618,dfs_bnb_mpi,0.008111,-4,5,2013,"[-1, -1, 2, 2, -1, -2, -1, -2, 1, -2, -2, 1, 2, 1]"
3619,dfs_bnb_mpi,0.015727,-3,4,4847,"[-1, -1, 2, 2, 1, -2, 1, 2, 2, 2, -1, -1, -2, 1]"
3620,dfs_bnb_mpi,0.000138,-2,3,40,"[-1, -1, 2, 2, 2, 2, 2, 2, 1, 1, -2, -1, -2, 1]"
3621,dfs_bnb_mpi,0.003357,-5,6,967,"[-1, -1, 2, 1, 2, 2, 1, 1, -2, -1, -2, 1, 1, 2]"
3622,dfs_bnb_mpi,0.031689,-7,8,7161,"[-1, -1, -1, 2, 1, 2, 1, -2, 1, 2, 1, -2, -2, 1]"
3623,dfs_bnb_mpi,0.054379,-7,8,13305,"[-1, -2, 1, 1, 2, 1, 2, -1, 2, -1, -2, -1, -1, -2]"
3624,dfs_bnb_mpi,0.017602,-3,4,5490,"[-1, -1, 2, 2, 1, 1, 2, 2, 1, -2, -2, -2, -1, -1]"
3625,dfs_bnb_mpi,0.061935,-5,6,14880,"[-1, -1, -1, 2, 2, 2, 2, 1, -2, -2, -2, 1, 2, 2]"
3626,dfs_bnb_mpi,0.019698,-5,5,5560,"[-1, -1, 2, -1, -2, -2, 1, 1, -2, -1, -1, -1, 2, 2]"
3627,dfs_bnb_mpi,0.079333,-4,5,20674,"[-1, -1, 2, 2, 2, 2, 2, 1, 1, -2, -1, -2, -2, 1]"
3628,dfs_bnb_mpi,0.00151,-5,6,413,"[-1, -1, 2, 2, 1, -2, 1, 1, 2, -1, 2, -1, 2, 2]"
3629,dfs_bnb_mpi,0.019462,-5,6,5267,"[-1, -1, 2, -1, 2, 1, 2, 1, 1, -2, -1, -2, 1, 1]"
3630,dfs_bnb_mpi,0.016287,-5,6,4534,"[-1, -2, -1, 2, 2, 1, 1, 1, -2, -2, -1, -2, -1, -1]"
3631,dfs_bnb_mpi,0.02674,-3,4,7101,"[-1, -1, 2, 2, 2, 1, 1, -2, -1, -2, 1, 1, 2, 2]"
3632,dfs_bnb_mpi,0.006238,-5,6,1916,"[-1, -1, 2, 1, 2, 2, 1, -2, -2, 1, 1, -2, -1, -2]"
3633,dfs_bnb_mpi,0.107745,-6,7,28926,"[-1, -2, 1, 1, 1, -2, -1, -1, -1, -2, 1, -2, 1, 2]"
3634,dfs_bnb_mpi,0.02069,-4,5,5109,"[-1, -1, 2, -1, -2, -1, -1, -2, 1, 1, 1, -2, -1, -1]"
3635,dfs_bnb_mpi,0.091275,-6,7,23481,"[-1, -2, -1, -2, 1, -2, 1, 1, 1, 2, -1, 2, -1, -2]"
3636,dfs_bnb_mpi,0.058813,-6,7,15968,"[-1, -1, 2, 1, 1, 2, 1, -2, -2, -2, -1, -1, -2, 1]"
3637,dfs_bnb_mpi,0.0072,-4,5,2164,"[-1, -1, 2, 1, 2, -1, 2, -1, 2, -1, -2, -2, 1, -2]"
3638,dfs_bnb_mpi,0.039648,-6,7,10109,"[-1, -1, 2, 2, 2, 1, -2, -2, 1, 1, 2, -1, 2, 2]"
3639,dfs_bnb_mpi,0.036228,-6,6,9753,"[-1, -2, 1, -2, 1, 2, 2, 2, 2, 1, -2, 1, -2, -1]"
3640,dfs_bnb_mpi,0.073827,-7,8,19621,"[-1, -1, 2, -1, 2, 1, 2, 1, -2, 1, 1, -2, -1, -1]"
3641,dfs_bnb_mpi,0.010842,-6,7,3003,"[-1, -1, 2, 1, 2, 2, 1, 1, -2, -1, -2, 1, -2, 1]"
3642,dfs_bnb_mpi,0.103857,-7,8,26292,"[-1, -1, 2, 1, 1, 2, 1, -2, 1, -2, -1, -2, -1, -1]"
3643,dfs_bnb_mpi,0.003271,-3,4,879,"[-1, -1, 2, 2, 2, -1, -2, -2, -1, -2, 1, -2, 1, 1]"
3644,dfs_bnb_mpi,0.023722,-4,5,6665,"[-1, -1, 2, 2, 2, -1, -2, -1, -2, -1, -2, 1, 1, 2]"
3645,dfs_bnb_mpi,0.015332,-5,6,4607,"[-1, -1, 2, 1, 2, -1, -1, -2, -1, -2, 1, -2, 1, 1]"
3646,dfs_bnb_mpi,0.016751,-3,4,4750,"[-1, -1, 2, 2, 2, 1, 1, -2, -1, -2, 1, 1, 2, 2]"
3647,dfs_bnb_mpi,0.022202,-5,6,6718,"[-1, -1, 2, 2, 1, -2, 1, 1, 1, -2, -1, -2, -1, -1]"
3648,dfs_bnb_mpi,0.121973,-3,4,36501,"[-1, -1, 2, 2, 2, 2, 2, 2, 1, 2, 1, -2, -2, -1]"
3649,dfs_bnb_mpi,0.008727,-5,6,2307,"[-1, -2, 1, 1, 2, 2, 1, 1, -2, -1, -2, 1, 1, 2]"
3650,dfs_bnb_mpi,0.049639,-5,5,14522,"[-1, -1, 2, -1, 2, -1, 2, 2, 1, -2, 1, -2, 1, -2]"
3651,dfs_bnb_mpi,0.005899,-4,5,1698,"[-1, -1, 2, -1, 2, -1, -2, -1, -2, 1, 1, -2, 1, 1]"
3652,dfs_bnb_mpi,0.005268,-4,5,1618,"[-1, -2, -1, -2, 1, -2, 1, 2, 2, 1, 2, 2, 2, 2]"
3653,dfs_bnb_mpi,0.136554,-7,8,32774,"[-1, -2, 1, 1, 2, 1, 1, 2, -1, 2, -1, -1, -2, 1]"
3654,dfs_bnb_mpi,0.083711,-6,7,19395,"[-1, -1, 2, -1, 2, 2, 1, -2, 1, -2, 1, 2, 2, -1]"
3655,dfs_bnb_mpi,0.008071,-6,7,1857,"[-1, -2, 1, -2, 1, 2, 2, 1, -2, 1, -2, -1, -2, 1]"
3656,dfs_bnb_mpi,0.075189,-5,6,22316,"[-1, -1, 2, 2, 1, -2, 1, 1, 1, 2, -1, -1, 2, -1]"
3657,dfs_bnb_mpi,0.003723,-5,5,1072,"[-1, -1, 2, 1, 2, 1, -2, 1, 2, 1, -2, -2, -1, -2]"
3658,dfs_bnb_mpi,0.006821,-6,7,1964,"[-1, -1, 2, 2, 1, -2, 1, 2, 1, -2, 1, -2, -1, -2]"
3659,dfs_bnb_mpi,0.013055,-4,5,4021,"[-1, -1, 2, -1, 2, -1, -2, -1, -2, -2, 1, 1, 2, -1]"
3660,dfs_bnb_mpi,0.011566,-6,7,3003,"[-1, -1, -1, 2, 1, 2, 2, 1, 1, -2, -1, -2, 1, 1]"
3661,dfs_bnb_mpi,0.051803,-6,7,14859,"[-1, -1, 2, 1, 2, -1, 2, 1, 1, 1, -2, -2, -1, 2]"
3662,dfs_bnb_mpi,0.232616,-5,6,59985,"[-1, -1, 2, 2, 1, 2, 2, 1, -2, 1, -2, -1, -2, -1]"
3663,dfs_bnb_mpi,0.048602,-2,3,11871,"[-1, -1, 2, 2, 2, 2, 2, 2, 1, -2, -2, 1, -2, -1]"
3664,dfs_bnb_mpi,0.357119,-6,7,79678,"[-1, -2, -1, -1, 2, -1, 2, 1, 2, 1, 1, -2, -1, -2]"
3665,dfs_bnb_mpi,0.01272,-7,8,3433,"[-1, -2, 1, 1, 2, 1, 2, -1, -1, 2, -1, -1, -2, 1]"
3666,dfs_bnb_mpi,0.016703,-6,7,4427,"[-1, -2, 1, 1, 2, 2, 2, -1, -2, -1, -1, -1, -2, 1]"
3667,dfs_bnb_mpi,0.049139,-5,6,13352,"[-1, -1, 2, 1, 1, 2, 2, 1, -2, 1, -2, -1, -2, 1]"
3668,dfs_bnb_mpi,0.0643,-6,7,16000,"[-1, -2, -1, -2, 1, -2, 1, 1, 1, 2, -1, 2, -1, -2]"
3669,dfs_bnb_mpi,0.006634,-3,4,2001,"[-1, -1, 2, 2, 1, -2, 1, 1, 1, 2, -1, -1, 2, 2]"
3670,dfs_bnb_mpi,0.027279,-4,5,8147,"[-1, -2, -1, 2, 2, 1, 1, 1, 1, -2, -1, -2, -1, -2]"
3671,dfs_bnb_mpi,0.277233,-5,6,63391,"[-1, -1, 2, 2, 2, 1, 1, 1, -2, -2, -1, 2, -1, -2]"
3672,dfs_bnb_mpi,0.024564,-5,6,6606,"[-1, -1, 2, 2, 1, 2, 2, 1, -2, -2, 1, -2, -1, -1]"
3673,dfs_bnb_mpi,0.006177,-5,6,1736,"[-1, -1, 2, -1, 2, -1, 2, 1, 1, -2, 1, -2, 1, 2]"
3674,dfs_bnb_mpi,0.030682,-5,6,7728,"[-1, -1, 2, 2, 1, -2, 1, 1, 2, -1, 2, -1, -1, 2]"
3675,dfs_bnb_mpi,0.0547,-4,4,15352,"[-1, -1, 2, 2, 1, 2, 2, 1, -2, -2, 1, -2, -1, -1]"
3676,dfs_bnb_mpi,0.002125,-4,5,623,"[-1, -1, 2, 2, 1, 1, -2, 1, -2, -2, -2, -1, 2, -1]"
3677,dfs_bnb_mpi,0.00029,-2,3,84,"[-1, -1, 2, 2, 2, 2, 2, 2, 1, -2, 1, -2, -1, -2]"
3678,dfs_bnb_mpi,0.006788,-3,4,2083,"[-1, -2, -1, 2, 2, 1, 1, 1, -2, -2, -1, -2, 1, 1]"
3679,dfs_bnb_mpi,0.136329,-5,6,36613,"[-1, -1, 2, 2, 1, 2, 2, 1, -2, 1, -2, -1, -2, -1]"
3680,dfs_bnb_mpi,0.002298,-5,6,601,"[-1, -1, 2, 2, 1, -2, 1, 1, 2, -1, 2, 2, 2, 2]"
3681,dfs_bnb_mpi,0.067158,-4,5,18841,"[-1, -1, 2, 2, 1, -2, 1, 2, 2, -1, -1, -1, -2, -2]"
3682,dfs_bnb_mpi,0.014731,-7,7,3958,"[-1, -1, 2, 2, 1, -2, 1, 1, -2, -2, -1, -1, -1, -1]"
3683,dfs_bnb_mpi,0.08238,-5,5,24735,"[-1, -1, 2, 2, 1, 2, 1, -2, 1, 1, -2, -1, -1, -1]"
3684,dfs_bnb_mpi,0.010134,-6,7,2653,"[-1, -1, 2, -1, -2, -2, 1, 1, -2, -2, -1, 2, -1, -1]"
3685,dfs_bnb_mpi,0.02799,-3,4,8189,"[-1, -1, 2, 2, 2, 2, 1, 1, -2, -2, -2, -1, 2, 2]"
3686,dfs_bnb_mpi,0.19841,-4,5,50750,"[-1, -1, 2, 2, 2, 1, 1, 1, -2, 1, -2, -1, -1, 2]"
3687,dfs_bnb_mpi,0.037113,-4,4,10269,"[-1, -1, 2, 2, 2, 2, 1, -2, -2, 1, 1, -2, -1, -1]"
3688,dfs_bnb_mpi,0.066197,-4,5,18527,"[-1, -1, 2, 2, 2, 2, 1, -2, -2, 1, 2, 2, 1, -2]"
3689,dfs_bnb_mpi,0.01329,-5,6,3443,"[-1, -1, 2, 1, 1, 2, 1, 2, -1, -1, -2, -1, 2, 2]"
3690,dfs_bnb_mpi,0.011374,-7,8,3048,"[-1, -2, -2, 1, 2, 1, 2, 1, -2, -2, -1, -2, -1, -1]"
3691,dfs_bnb_mpi,0.005307,-5,6,1570,"[-1, -2, -1, -2, 1, -2, 1, 1, 2, -1, 2, 1, 2, 2]"
3692,dfs_bnb_mpi,0.039839,-4,5,11600,"[-1, -1, 2, 2, 2, 2, 1, 1, -2, -2, -2, -1, 2, 2]"
3693,dfs_bnb_mpi,0.010523,-4,5,3152,"[-1, -2, -1, 2, 2, -1, 2, 2, 1, -2, 1, -2, 1, 2]"
3694,dfs_bnb_mpi,0.003872,-4,5,1190,"[-1, -1, 2, 1, 1, 2, 2, 2, 2, -1, -2, -2, -2, -1]"
3695,dfs_bnb_mpi,0.116097,-5,6,34939,"[-1, -1, 2, -1, 2, 2, 1, 1, 1, -2, -2, -1, 2, -1]"
3696,dfs_bnb_mpi,0.002583,-2,3,725,"[-1, -1, 2, 2, 2, 2, 1, 1, -2, -1, -2, 1, 1, 2]"
3697,dfs_bnb_mpi,0.06298,-7,8,16232,"[-1, -2, -1, -2, 1, -2, 1, 2, 2, 1, -2, 1, -2, -1]"
3698,dfs_bnb_mpi,0.018819,-6,7,4656,"[-1, -1, 2, -1, -2, -1, -2, 1, 1, 1, -2, -1, -1, -1]"
3699,dfs_bnb_mpi,0.007802,-4,5,2401,"[-1, -1, 2, 2, 2, 2, 1, -2, -2, 1, 1, -2, -1, -1]"
3700,dfs_bnb_mpi,0.014849,-3,4,4651,"[-1, -1, 2, 2, -1, 2, 2, -1, -2, -2, -2, 1, -2, -1]"
3701,dfs_bnb_mpi,0.006053,-7,8,1719,"[-1, -1, 2, 1, 1, 1, 1, -2, -1, -2, -1, -2, -1, 2]"
3702,dfs_bnb_mpi,0.001383,-2,3,421,"[-1, -1, 2, 2, 1, 2, 2, 2, -1, -2, -2, -1, -2, -1]"
3703,dfs_bnb_mpi,0.064079,-4,5,18554,"[-1, -1, 2, 2, 2, -1, -2, -1, -1, -2, -2, 1, 2, 1]"
3704,dfs_bnb_mpi,0.004695,-7,8,1214,"[-1, -2, 1, 1, 2, 2, 2, -1, -2, -1, -1, 2, 1, 2]"
3705,dfs_bnb_mpi,0.009914,-4,5,2986,"[-1, -2, 1, -2, 1, 1, 2, -1, 2, 2, 2, 1, -2, -2]"
3706,dfs_bnb_mpi,0.002573,-4,5,753,"[-1, -1, 2, 2, 1, -2, 1, 1, 1, 2, -1, -1, 2, 2]"
3707,dfs_bnb_mpi,0.001164,-4,4,330,"[-1, -1, 2, -1, -1, -2, 1, -2, -2, 1, 2, 1, 1, 1]"
3708,dfs_bnb_mpi,0.079927,-5,6,23525,"[-1, -1, 2, 2, 1, 1, 2, 1, -2, 1, -2, -1, -1, -1]"
3709,dfs_bnb_mpi,0.028695,-5,6,8918,"[-1, -1, 2, 1, 1, 1, -2, -2, -1, -2, -1, -1, 2, 1]"
3710,dfs_bnb_mpi,0.024083,-7,7,6909,"[-1, -1, 2, -1, 2, 1, 1, 2, 1, -2, 1, -2, -1, -1]"
3711,dfs_bnb_mpi,0.004261,-5,6,1224,"[-1, -2, -1, 2, 2, -1, 2, 2, 1, -2, 1, -2, 1, 2]"
3712,dfs_bnb_mpi,0.127178,-6,7,34489,"[-1, -2, 1, -2, 1, 2, 1, 2, -1, 2, -1, 2, -1, -2]"
3713,dfs_bnb_mpi,0.017071,-6,7,5006,"[-1, -2, 1, 1, -2, -1, -2, 1, -2, -1, -1, 2, 2, -1]"
3714,dfs_bnb_mpi,0.055507,-5,6,13824,"[-1, -1, 2, -1, -2, -2, 1, 1, 1, -2, -1, -2, -1, 2]"
3715,dfs_bnb_mpi,0.010641,-5,6,2968,"[-1, -1, 2, 1, 2, 2, 1, -2, -2, 1, -2, -2, -1, -1]"
3716,dfs_bnb_mpi,0.027468,-6,7,7880,"[-1, -2, 1, -2, 1, 1, 2, 1, 2, -1, 2, -1, -2, -2]"
3717,dfs_bnb_mpi,0.008825,-2,3,2667,"[-1, -1, 2, 2, 2, 2, 2, 1, 2, 2, -1, -2, -1, -2]"
3718,dfs_bnb_mpi,0.122574,-6,7,34489,"[-1, -2, -1, 2, 2, -1, 2, 1, 2, 1, -2, 1, -2, -1]"
3719,dfs_bnb_mpi,0.029699,-4,4,7025,"[-1, -1, 2, 2, 2, 1, 2, 1, -2, -2, -1, -2, 1, 1]"
3720,dfs_bnb_mpi,0.009019,-5,6,2678,"[-1, -2, 1, 1, -2, -1, -2, -2, -1, 2, 2, -1, 2, 2]"
3721,dfs_bnb_mpi,0.003585,-4,5,1124,"[-1, -2, 1, 1, 2, 2, 1, 2, 1, -2, -2, -1, -2, 1]"
3722,dfs_bnb_mpi,0.000356,-2,3,86,"[-1, -1, 2, 2, 2, 2, 2, 1, -2, 1, -2, -1, -2, 1]"
3723,dfs_bnb_mpi,0.097313,-7,7,25387,"[-1, -1, -1, -1, 2, 2, 2, 1, -2, 1, 1, -2, -1, -1]"
3724,dfs_bnb_mpi,0.005678,-6,7,1497,"[-1, -2, 1, 1, 2, 2, 1, 2, 2, -1, -2, -1, -2, -1]"
3725,dfs_bnb_mpi,0.025652,-4,5,6854,"[-1, -1, 2, 1, 2, -1, 2, 2, -1, -2, -2, -1, -2, 1]"
3726,dfs_bnb_mpi,0.04132,-5,6,12173,"[-1, -1, 2, -1, -2, -1, -2, -1, -2, -2, 1, 2, 1, 2]"
3727,dfs_bnb_mpi,0.003296,-5,5,967,"[-1, -1, 2, 1, 2, 1, 2, -1, -1, -2, -1, -2, -1, 2]"
3728,dfs_bnb_mpi,0.008092,-6,7,2046,"[-1, -2, 1, -2, 1, 2, 1, 2, -1, 2, -1, -1, 2, 2]"
3729,dfs_bnb_mpi,0.015282,-6,7,3493,"[-1, -1, 2, -1, -1, -2, 1, -2, 1, -2, -1, -1, 2, -1]"
3730,dfs_bnb_mpi,0.01859,-4,5,5079,"[-1, -1, 2, 2, 2, -1, -1, -2, 1, -2, -1, -2, 1, -2]"
3731,dfs_bnb_mpi,0.00649,-4,5,1817,"[-1, -2, 1, 1, 2, 2, 1, 2, 1, -2, -2, -1, -2, 1]"
3732,dfs_bnb_mpi,0.000158,-2,3,49,"[-1, -2, 1, 1, 2, 2, 2, 2, 2, 2, 2, 2, 2, 2]"
3733,dfs_bnb_mpi,0.094624,-6,7,25409,"[-1, -1, 2, 2, -1, 2, -1, -2, -1, -2, 1, -2, 1, 2]"
3734,dfs_bnb_mpi,0.001295,-3,4,394,"[-1, -1, -1, 2, 1, 2, 2, 1, -2, -2, 1, 2, 2, 2]"
3735,dfs_bnb_mpi,0.002013,-5,6,504,"[-1, -1, 2, 2, -1, -2, -2, -1, -2, 1, -2, 1, 2, 1]"
3736,dfs_bnb_mpi,0.052005,-5,6,15508,"[-1, -1, 2, 2, 2, 1, 1, 1, -2, -2, -1, -1, 2, 1]"
3737,dfs_bnb_mpi,0.009723,-4,4,2380,"[-1, -1, 2, -1, -2, -1, -1, -2, 1, 1, -2, -1, -1, -1]"
3738,dfs_bnb_mpi,0.003243,-5,6,879,"[-1, -1, 2, 1, 2, 1, -2, 1, 1, -2, -1, -2, 1, 1]"
3739,dfs_bnb_mpi,0.090433,-5,6,20884,"[-1, -1, 2, -1, -2, -1, -2, -2, 1, 2, 1, 1, -2, -1]"
3740,dfs_bnb_mpi,0.004795,-4,5,1161,"[-1, -1, -1, 2, 1, 2, 1, -2, 1, 2, 2, 2, 2, 2]"
3741,dfs_bnb_mpi,0.075189,-6,7,17892,"[-1, -1, 2, 2, -1, 2, 2, 1, -2, 1, -2, 1, -2, -1]"
3742,dfs_bnb_mpi,0.18924,-3,4,48339,"[-1, -1, 2, 2, 2, 2, 2, 1, 1, 1, -2, -1, -1, -2]"
3743,dfs_bnb_mpi,0.002227,-2,3,705,"[-1, -1, 2, 1, 2, 1, 1, -2, -2, -2, -1, -1, -1, -1]"
3744,dfs_bnb_mpi,0.053908,-5,6,16489,"[-1, -2, -1, -2, 1, 1, 2, 1, 2, 2, -1, 2, -1, -2]"
3745,dfs_bnb_mpi,0.172312,-4,5,47135,"[-1, -1, 2, 2, 1, 2, 1, 2, 1, -2, -2, -1, -2, -1]"
3746,dfs_bnb_mpi,0.00859,-5,6,2067,"[-1, -1, 2, 1, 2, -1, 2, -1, -2, -1, -2, 1, -2, -1]"
3747,dfs_bnb_mpi,0.134186,-4,5,38112,"[-1, -1, 2, -1, 2, 1, 1, 2, 1, 1, -2, -1, -2, -1]"
3748,dfs_bnb_mpi,0.007052,-5,6,2037,"[-1, -2, 1, 1, 2, 1, 2, -1, 2, 2, -1, -2, -2, -1]"
3749,dfs_bnb_mpi,0.016313,-5,6,4475,"[-1, -1, 2, -1, -2, -1, -2, 1, 1, 1, -2, -1, -1, -1]"
3750,dfs_bnb_mpi,0.091602,-6,7,25530,"[-1, -1, 2, 2, 2, -1, -2, -1, -1, -2, 1, -2, 1, 2]"
3751,dfs_bnb_mpi,0.159469,-6,7,37919,"[-1, -1, 2, -1, -2, -2, 1, -2, -2, 1, 2, 2, 1, -2]"
3752,dfs_bnb_mpi,0.045821,-4,5,13062,"[-1, -1, 2, 2, 2, 1, 2, 1, 2, -1, -1, -2, -1, -2]"
3753,dfs_bnb_mpi,0.015519,-4,4,4605,"[-1, -1, 2, 2, -1, 2, 1, 2, 1, -2, -2, -2, 1, 2]"
3754,dfs_bnb_mpi,0.028411,-4,5,7971,"[-1, -1, 2, 1, 2, 2, -1, -1, -1, -2, -2, 1, 2, 1]"
3755,dfs_bnb_mpi,0.079567,-5,6,20459,"[-1, -1, 2, 1, 2, -1, 2, -1, -2, -1, -2, 1, -2, -1]"
3756,dfs_bnb_mpi,0.196637,-7,8,43863,"[-1, -2, -1, -2, 1, -2, 1, 2, 2, 1, 1, -2, -1, -2]"
3757,dfs_bnb_mpi,0.043944,-2,3,12815,"[-1, -1, 2, 2, 2, 1, 2, 2, 2, -1, -2, -2, -1, -2]"
3758,dfs_bnb_mpi,0.013539,-4,5,4086,"[-1, -1, 2, 1, 2, -1, 2, -1, 2, -1, -2, -2, 1, -2]"
3759,dfs_bnb_mpi,0.008492,-7,8,2206,"[-1, -1, 2, 1, 2, 1, -2, 1, -2, -2, -1, -2, -1, 2]"
3760,dfs_bnb_mpi,0.036638,-7,8,10333,"[-1, -1, 2, 1, 1, 2, 1, -2, 1, -2, -1, -2, -1, -1]"
3761,dfs_bnb_mpi,0.001278,-2,3,308,"[-1, -1, 2, 2, 2, 2, -1, -2, -2, -1, -2, 1, -2, -1]"
3762,dfs_bnb_mpi,0.032536,-6,7,8085,"[-1, -1, 2, 2, -1, -1, -1, -2, -2, 1, 2, 1, -2, -2]"
3763,dfs_bnb_mpi,0.005637,-3,3,1756,"[-1, -2, 1, 1, 2, 2, 2, -1, -2, -1, 2, 2, 2, 2]"
3764,dfs_bnb_mpi,0.007745,-5,6,1770,"[-1, -1, 2, 2, 2, 1, -2, -2, 1, 2, 1, 2, -1, 2]"
3765,dfs_bnb_mpi,0.001191,-2,3,364,"[-1, -1, 2, 2, 2, 1, -2, -2, 1, 1, 2, -1, 2, 2]"
3766,dfs_bnb_mpi,0.011901,-6,7,3265,"[-1, -1, 2, 1, 2, 1, -2, 1, 2, 2, -1, 2, -1, -2]"
3767,dfs_bnb_mpi,0.071756,-5,6,20860,"[-1, -1, 2, 2, 1, 2, 1, -2, 1, 1, -2, -1, -1, -1]"
3768,dfs_bnb_mpi,0.002908,-4,5,861,"[-1, -1, 2, 1, 1, 1, -2, -2, -2, -1, 2, -1, -1, -1]"
3769,dfs_bnb_mpi,0.00041,-2,3,89,"[-1, -1, 2, 2, 2, 2, 2, 1, -2, -2, -2, -2, 1, 2]"
3770,dfs_bnb_mpi,0.002251,-4,5,585,"[-1, -1, 2, 2, -1, -2, -2, -1, 2, -1, 2, 1, 2, 2]"
3771,dfs_bnb_mpi,0.034035,-7,8,8838,"[-1, -1, 2, 1, 2, -1, -1, -1, -2, -2, -2, 1, 2, 2]"
3772,dfs_bnb_mpi,0.187791,-4,5,42582,"[-1, -1, 2, 2, 2, 2, 2, 1, -2, -2, -2, 1, -2, -1]"
3773,dfs_bnb_mpi,0.06274,-5,6,18221,"[-1, -1, 2, 2, 1, 1, 2, 1, 1, -2, -1, -2, -1, -1]"
3774,dfs_bnb_mpi,0.114437,-7,8,27796,"[-1, -1, 2, 2, 2, 1, 1, 1, -2, -2, -1, 2, -1, -2]"
3775,dfs_bnb_mpi,0.076839,-7,8,19619,"[-1, -2, 1, -2, 1, -2, 1, 2, 1, 2, -1, 2, -1, -2]"
3776,dfs_bnb_mpi,0.155533,-6,7,40724,"[-1, -1, 2, 2, 2, -1, -2, -1, -2, -1, -2, 1, 1, 2]"
3777,dfs_bnb_mpi,0.010879,-4,4,3365,"[-1, -2, 1, 1, -2, -1, -1, -1, 2, 2, 2, 1, 2, 2]"
3778,dfs_bnb_mpi,0.005355,-2,3,1310,"[-1, -1, 2, 2, 2, 1, 1, -2, 1, 1, -2, -1, -1, -1]"
3779,dfs_bnb_mpi,0.075452,-7,8,18959,"[-1, -2, 1, 1, 2, 1, 2, 2, 2, -1, -2, -1, -2, 1]"
3780,dfs_bnb_mpi,0.038176,-7,8,9632,"[-1, -2, -1, -2, -1, 2, 2, 1, 2, 1, 2, -1, -1, -2]"
3781,dfs_bnb_mpi,0.008502,-6,7,1967,"[-1, -2, 1, -2, 1, 1, 2, -1, 2, 2, 1, -2, 1, 2]"
3782,dfs_bnb_mpi,0.008355,-5,6,2139,"[-1, -1, 2, 1, 2, 2, 1, -2, -2, 1, -2, -2, -1, -1]"
3783,dfs_bnb_mpi,0.000795,-2,3,247,"[-1, -1, 2, 2, 1, -2, 1, 2, 1, -2, 1, 2, 2, 2]"
3784,dfs_bnb_mpi,0.04972,-2,3,12311,"[-1, -1, 2, 2, 2, 2, 2, 2, 1, -2, -2, 1, -2, -1]"
3785,dfs_bnb_mpi,0.046595,-4,4,13499,"[-1, -1, 2, 2, 2, -1, -2, -1, -1, -2, 1, 1, -2, -1]"
3786,dfs_bnb_mpi,0.011079,-4,5,3252,"[-1, -2, -1, 2, 2, 1, 1, 1, -2, 1, -2, -1, -1, -2]"
3787,dfs_bnb_mpi,0.000144,-2,3,42,"[-1, -1, 2, 2, 2, 2, 2, 1, 1, -2, -1, -2, 1, 1]"
3788,dfs_bnb_mpi,0.048291,-4,5,14074,"[-1, -1, 2, 1, 2, 2, 2, -1, -1, -2, 1, -2, -1, -2]"
3789,dfs_bnb_mpi,0.146576,-6,7,38852,"[-1, -1, 2, 1, 2, 2, 1, 1, -2, 1, -2, -1, -1, 2]"
3790,dfs_bnb_mpi,0.180781,-6,7,49015,"[-1, -2, 1, 1, 2, 1, -2, 1, 1, -2, -1, -1, -1, -1]"
3791,dfs_bnb_mpi,0.06887,-7,8,19464,"[-1, -2, 1, 1, -2, 1, -2, -1, -2, -1, 2, -1, 2, 1]"
3792,dfs_bnb_mpi,0.125181,-7,8,32839,"[-1, -2, -1, 2, -1, -1, 2, 2, 1, 1, 1, -2, -1, -1]"
3793,dfs_bnb_mpi,0.000131,-1,2,40,"[-1, -1, 2, 2, 2, 2, 2, 2, 1, -2, -2, -2, 1, 2]"
3794,dfs_bnb_mpi,0.144152,-7,8,34971,"[-1, -1, 2, 2, 2, 1, 1, 1, -2, -2, -1, 2, -1, -2]"
3795,dfs_bnb_mpi,0.004694,-2,3,1159,"[-1, -1, 2, 1, 1, 1, 2, 1, -2, -2, -1, -2, 1, 1]"
3796,dfs_bnb_mpi,0.04938,-6,6,14512,"[-1, -1, 2, 1, 2, 1, -2, 1, -2, -2, -1, -1, -2, 1]"
3797,dfs_bnb_mpi,0.067809,-7,8,17218,"[-1, -1, 2, 1, 1, 2, 1, -2, -2, 1, -2, -1, -1, -1]"
3798,dfs_bnb_mpi,0.019597,-5,6,5979,"[-1, -1, 2, 2, 1, -2, 1, 1, -2, -2, -1, -2, -1, 2]"
3799,dfs_bnb_mpi,0.005245,-5,6,1356,"[-1, -1, 2, 2, -1, -2, -2, -1, -2, -1, 2, 2, 1, 2]"
3800,dfs_bnb_mpi,0.025426,-7,8,6542,"[-1, -1, 2, 1, 2, 1, -2, 1, -2, -2, -1, -1, -2, 1]"
3801,dfs_bnb_mpi,0.007485,-2,3,2387,"[-1, -1, 2, 2, 2, 1, 2, 2, 2, -1, -2, -2, -1, -2]"
3802,dfs_bnb_mpi,0.301634,-4,5,90228,"[-1, -1, 2, 2, 2, 1, -2, 1, 2, 1, -2, -2, -1, -1]"
3803,dfs_bnb_mpi,0.019638,-5,6,5446,"[-1, -1, 2, 1, 2, 1, -2, 1, -2, -2, -1, -1, -1, -1]"
3804,dfs_bnb_mpi,0.001876,-5,6,555,"[-1, -1, 2, 1, 1, 2, 1, -2, 1, 1, -2, -1, -1, -2]"
3805,dfs_bnb_mpi,0.000939,-2,3,212,"[-1, -1, 2, 2, 2, 2, 2, 1, -2, -2, 1, -2, -1, -2]"
3806,dfs_bnb_mpi,0.090843,-2,3,27311,"[-1, -1, 2, 2, 2, 2, 2, 2, 1, 2, 1, -2, -2, -1]"
3807,dfs_bnb_mpi,0.055707,-3,4,16132,"[-1, -1, 2, 2, 2, 1, 1, 1, -2, -2, -1, 2, -1, -2]"
3808,dfs_bnb_mpi,0.003251,-5,6,891,"[-1, -1, 2, 2, 1, -2, 1, 2, 1, -2, -2, 1, 2, 2]"
3809,dfs_bnb_mpi,0.00876,-5,5,2702,"[-1, -1, 2, 2, 2, 2, 1, -2, -2, 1, 1, -2, -1, -1]"
3810,dfs_bnb_mpi,0.076866,-6,7,18916,"[-1, -1, 2, 2, 1, -2, 1, 2, 1, -2, -2, -2, -1, -1]"
3811,dfs_bnb_mpi,4.8e-05,0,1,15,"[-1, -1, 2, 2, 2, 2, 2, 2, 2, 2, 2, 2, 2, 2]"
3812,dfs_bnb_mpi,0.002283,-4,5,605,"[-1, -1, 2, 2, 1, -2, 1, 1, -2, -2, -1, -1, -1, -1]"
3813,dfs_bnb_mpi,0.070365,-5,6,15703,"[-1, -2, -1, 2, 2, 1, 1, 2, 1, -2, -2, -2, -1, -2]"
3814,dfs_bnb_mpi,0.001103,-3,4,343,"[-1, -1, 2, 1, 2, 2, 1, -2, -2, 1, 2, 2, 2, 2]"
3815,dfs_bnb_mpi,0.040673,-7,8,9338,"[-1, -2, 1, 1, 2, 2, -1, 2, 1, 1, -2, -2, -2, 1]"
3816,dfs_bnb_mpi,0.080168,-4,5,23595,"[-1, -1, 2, 1, 2, 2, 2, 1, 1, -2, -2, -2, -1, 2]"
3817,dfs_bnb_mpi,0.01947,-4,5,5062,"[-1, -1, 2, 2, -1, -2, -1, -2, 1, -2, 1, 1, 1, 1]"
3818,dfs_bnb_mpi,0.009177,-2,3,2542,"[-1, -1, 2, 2, 2, 1, 2, 2, -1, -2, -1, -2, -1, 2]"
3819,dfs_bnb_mpi,0.026064,-5,6,6179,"[-1, -2, 1, 1, 2, 2, 1, 1, -2, -1, -2, 1, 1, 2]"
3820,dfs_bnb_mpi,0.049223,-7,8,11696,"[-1, -1, 2, 1, 2, -1, 2, -1, -2, -1, -2, -2, 1, 2]"
3821,dfs_bnb_mpi,0.024937,-3,4,7045,"[-1, -1, 2, 2, 1, -2, 1, 2, 2, 2, 2, 1, -2, 1]"
3822,dfs_bnb_mpi,0.008812,-5,6,2176,"[-1, -1, 2, -1, 2, -1, 2, -1, -2, -2, 1, -2, 1, -2]"
3823,dfs_bnb_mpi,0.006407,-5,5,1714,"[-1, -1, 2, 2, 2, 2, 1, -2, 1, -2, -1, -2, 1, 1]"
3824,dfs_bnb_mpi,0.101472,-4,4,28902,"[-1, -2, -1, -2, 1, -2, -1, -1, 2, 2, 2, 1, 2, 1]"
3825,dfs_bnb_mpi,0.320229,-4,5,89039,"[-1, -1, 2, 2, 2, 2, 2, 1, -2, -2, -2, 1, -2, -1]"
3826,dfs_bnb_mpi,0.014302,-2,3,4532,"[-1, -1, 2, 2, 2, 2, 2, 1, -2, -2, 1, -2, -1, -2]"
3827,dfs_bnb_mpi,0.233735,-5,6,60783,"[-1, -1, 2, -1, -2, -1, 2, -1, -2, -2, 1, 1, 1, 1]"
3828,dfs_bnb_mpi,0.015446,-3,4,4722,"[-1, -1, 2, 2, 1, -2, 1, 2, 2, -1, -1, 2, 2, 2]"
3829,dfs_bnb_mpi,0.098244,-7,8,24419,"[-1, -1, 2, 2, 2, 1, 1, 1, -2, -2, -1, 2, -1, -2]"
3830,dfs_bnb_mpi,0.015966,-4,5,4345,"[-1, -2, -1, 2, 2, 2, 1, -2, 1, 2, 2, -1, 2, 2]"
3831,dfs_bnb_mpi,0.004924,-4,5,1539,"[-1, -2, -1, -2, 1, 1, 2, 1, 1, 1, 2, -1, -1, 2]"
3832,dfs_bnb_mpi,0.000204,-1,2,55,"[-1, -1, 2, 2, 2, -1, -2, -2, -2, -1, 2, 2, 2, 2]"
3833,dfs_bnb_mpi,0.018394,-6,7,4713,"[-1, -1, 2, 2, 1, -2, 1, 2, 1, 1, -2, -1, -2, 1]"
3834,dfs_bnb_mpi,0.22963,-5,6,51735,"[-1, -1, 2, -1, -2, -1, -1, -2, 1, 1, 1, 1, -2, -1]"
3835,dfs_bnb_mpi,0.030412,-3,4,9643,"[-1, -2, 1, 1, 2, 2, -1, 2, 2, 2, -1, -2, -2, -2]"
3836,dfs_bnb_mpi,0.112715,-4,5,29398,"[-1, -1, 2, 1, 2, -1, 2, 2, -1, -2, -1, -2, 1, -2]"
3837,dfs_bnb_mpi,0.058628,-4,5,17150,"[-1, -2, -1, 2, -1, 2, 2, 2, 1, 1, -2, -1, -2, 1]"
3838,dfs_bnb_mpi,0.052029,-6,7,15182,"[-1, -1, -1, 2, 1, 2, 1, 2, 1, -2, 1, -2, -1, -1]"
3839,dfs_bnb_mpi,0.004757,-4,5,1363,"[-1, -1, 2, 2, 1, -2, 1, 1, 2, -1, 2, 2, -1, -2]"
3840,dfs_bnb_mpi,0.047364,-5,6,13015,"[-1, -1, 2, 2, 1, 1, -2, 1, -2, -2, -1, -1, -1, -1]"
3841,dfs_bnb_mpi,0.094108,-6,6,22327,"[-1, -2, 1, -2, -2, -1, 2, -1, -1, 2, 1, 2, 2, 1]"
3842,dfs_bnb_mpi,0.006666,-5,6,1790,"[-1, -2, -1, 2, -1, 2, 1, 1, 2, -1, 2, -1, -2, -1]"
3843,dfs_bnb_mpi,0.152538,-4,4,35071,"[-1, -1, 2, 2, 1, 2, 2, 2, 1, -2, -2, -2, -2, -1]"
3844,dfs_bnb_mpi,0.010017,-5,6,2744,"[-1, -1, 2, -1, 2, -1, 2, -1, -2, -2, 1, -2, 1, -2]"
3845,dfs_bnb_mpi,0.000521,-4,5,165,"[-1, -2, 1, -2, 1, 2, 1, 2, -1, 2, 2, 2, 2, 2]"
3846,dfs_bnb_mpi,0.125112,-4,5,38820,"[-1, -1, 2, -1, -2, -2, 1, -2, 1, 1, 1, 2, -1, -1]"
3847,dfs_bnb_mpi,0.014805,-3,4,3634,"[-1, -1, 2, 2, 2, 1, -2, 1, 2, 2, 1, -2, 1, 2]"
3848,dfs_bnb_mpi,0.016915,-7,8,4558,"[-1, -2, -2, 1, 2, 1, 1, 2, -1, 2, -1, 2, -1, -2]"
3849,dfs_bnb_mpi,0.000391,-2,3,104,"[-1, -1, 2, 2, 2, 2, -1, -2, -2, -2, -2, -1, 2, 2]"
3850,dfs_bnb_mpi,0.012143,-7,7,3343,"[-1, -1, 2, 1, 1, 1, -2, 1, -2, -1, -1, -2, -1, 2]"
3851,dfs_bnb_mpi,0.003268,-5,6,789,"[-1, -1, 2, -1, 2, 2, 1, -2, 1, -2, 1, 2, 2, 2]"
3852,dfs_bnb_mpi,0.068615,-3,4,18298,"[-1, -1, 2, 2, 2, 2, 1, -2, -2, -2, 1, 2, 1, -2]"
3853,dfs_bnb_mpi,0.091207,-6,7,23373,"[-1, -2, -1, -2, 1, -2, 1, 1, 1, 2, -1, 2, -1, -2]"
3854,dfs_bnb_mpi,0.013099,-4,5,3909,"[-1, -1, 2, -1, -2, -2, -1, -2, 1, 1, 2, 1, 1, 1]"
3855,dfs_bnb_mpi,0.05265,-6,7,14219,"[-1, -1, 2, 1, 1, 2, -1, 2, -1, 2, -1, -2, -2, 1]"
3856,dfs_bnb_mpi,0.063355,-3,4,16739,"[-1, -1, 2, 2, 2, 2, 1, -2, -2, -2, 1, 2, 2, 2]"
3857,dfs_bnb_mpi,0.021161,-7,8,5842,"[-1, -1, 2, 1, 1, 1, 1, -2, -1, -2, -2, -1, 2, -1]"
3858,dfs_bnb_mpi,0.03682,-6,6,9088,"[-1, -1, 2, 2, 1, 2, 1, 2, 1, -2, -2, -1, -2, -1]"
3859,dfs_bnb_mpi,0.037689,-4,5,11307,"[-1, -1, 2, -1, -2, -1, -2, -2, 1, -2, 1, 2, 2, -1]"
3860,dfs_bnb_mpi,0.118118,-5,6,35711,"[-1, -1, 2, 2, 1, 2, 1, 2, 1, -2, -2, -1, -2, -1]"
3861,dfs_bnb_mpi,0.065344,-5,6,19096,"[-1, -1, 2, 2, 2, 1, -2, -2, 1, 1, -2, -2, -1, -1]"
3862,dfs_bnb_mpi,0.053161,-6,7,14475,"[-1, -2, 1, 1, 2, 1, 2, 2, -1, -1, -1, -2, 1, 1]"
3863,dfs_bnb_mpi,0.00157,-4,5,481,"[-1, -2, 1, 1, 1, 2, -1, 2, 2, -1, -2, -1, 2, 2]"
3864,dfs_bnb_mpi,0.008395,-4,4,2503,"[-1, -1, 2, 2, 2, 2, 1, -2, 1, -2, -1, -2, 1, 1]"
3865,dfs_bnb_mpi,0.158552,-5,6,37518,"[-1, -1, 2, 2, 1, 2, 2, 1, -2, 1, -2, -1, -2, -1]"
3866,dfs_bnb_mpi,0.023509,-4,5,6469,"[-1, -1, 2, -1, 2, 1, 2, 2, 1, -2, -2, -2, 1, 2]"
3867,dfs_bnb_mpi,0.076453,-4,5,17814,"[-1, -1, 2, 2, 2, 2, 1, 2, 1, -2, -2, -1, -2, 1]"
3868,dfs_bnb_mpi,0.002567,-3,4,756,"[-1, -2, 1, 1, 2, 2, 2, 1, -2, -2, 1, 2, 2, 2]"
3869,dfs_bnb_mpi,0.018718,-4,5,5410,"[-1, -1, 2, 2, 2, 1, 2, 1, -2, -2, -1, -2, 1, 1]"
3870,dfs_bnb_mpi,0.050286,-5,6,12084,"[-1, -2, -2, -1, 2, 2, -1, 2, 2, 1, -2, 1, 2, 2]"
3871,dfs_bnb_mpi,0.021078,-7,7,5584,"[-1, -1, 2, 2, -1, 2, 1, 1, -2, 1, 1, -2, -1, -1]"
3872,dfs_bnb_mpi,0.001973,-5,6,573,"[-1, -2, 1, 1, 2, 2, 1, -2, 1, 1, -2, -1, -1, -2]"
3873,dfs_bnb_mpi,0.023502,-4,5,6789,"[-1, -1, 2, 1, 2, -1, -1, 2, -1, -2, -1, -2, 1, 1]"
3874,dfs_bnb_mpi,0.005813,-5,6,1643,"[-1, -2, 1, 1, 2, 2, 1, -2, 1, -2, -1, -2, 1, 1]"
3875,dfs_bnb_mpi,0.001141,-3,4,332,"[-1, -1, 2, -1, 2, -1, -2, -2, 1, -2, 1, 1, 1, 1]"
3876,dfs_bnb_mpi,0.036043,-6,7,9263,"[-1, -1, -1, 2, 1, 1, 2, -1, 2, 2, -1, -2, -2, -1]"
3877,dfs_bnb_mpi,0.191957,-4,5,48810,"[-1, -2, -1, -1, 2, 1, 2, 2, 2, 1, -2, 1, -2, -1]"
3878,dfs_bnb_mpi,6e-05,-1,2,20,"[-1, -1, 2, 2, 2, 2, 2, 2, 2, 1, -2, 1, 2, 2]"
3879,dfs_bnb_mpi,0.033563,-6,7,9418,"[-1, -1, 2, 1, 1, 2, 1, -2, -2, 1, -2, -1, -1, -1]"
3880,dfs_bnb_mpi,0.012333,-6,7,3445,"[-1, -2, 1, 1, 1, 2, -1, 2, -1, 2, -1, -1, -2, 1]"
3881,dfs_bnb_mpi,0.000699,-3,4,204,"[-1, -1, 2, 1, 1, 2, -1, -1, 2, -1, -2, -2, -1, 2]"
3882,dfs_bnb_mpi,0.009003,-6,6,2632,"[-1, -1, 2, 2, -1, 2, 2, 1, -2, 1, -2, 1, -2, -1]"
3883,dfs_bnb_mpi,0.009514,-4,5,2533,"[-1, -1, 2, 2, 2, 1, -2, -2, 1, 2, 1, 2, -1, 2]"
3884,dfs_bnb_mpi,0.01452,-6,6,3435,"[-1, -1, 2, 2, 2, 2, 1, -2, -2, -2, 1, 2, 2, 2]"
3885,dfs_bnb_mpi,0.011816,-5,5,3141,"[-1, -1, 2, 2, 2, 1, -2, 1, 2, 1, -2, -2, -1, -1]"
3886,dfs_bnb_mpi,0.002918,-4,5,882,"[-1, -2, -1, 2, 2, 1, 2, 2, 1, -2, -2, 1, 2, 2]"
3887,dfs_bnb_mpi,0.03737,-4,5,9594,"[-1, -2, 1, 1, 1, 1, 2, 2, -1, -2, -1, 2, -1, 2]"
3888,dfs_bnb_mpi,0.025772,-7,8,6251,"[-1, -1, 2, 1, 2, 2, 1, -2, -2, 1, 2, 1, 2, -1]"
3889,dfs_bnb_mpi,0.036796,-7,7,10021,"[-1, -1, 2, 1, 2, -1, 2, -1, -2, -1, -2, -2, 1, 2]"
3890,dfs_bnb_mpi,0.180598,-6,7,40742,"[-1, -1, 2, 1, 2, -1, -1, 2, -1, -2, -2, 1, -2, -1]"
3891,dfs_bnb_mpi,0.017059,-5,6,5027,"[-1, -1, 2, 1, 2, -1, -1, -2, -2, -2, 1, -2, 1, 2]"
3892,dfs_bnb_mpi,0.014081,-6,7,3240,"[-1, -1, 2, 1, 2, 1, -2, 1, 2, 1, -2, -2, -1, -2]"
3893,dfs_bnb_mpi,0.018554,-4,5,5695,"[-1, -2, -1, -1, -2, 1, 1, -2, 1, 1, 2, 2, -1, -2]"
3894,dfs_bnb_mpi,0.038193,-4,5,11789,"[-1, -1, 2, -1, -1, -2, 1, -2, -1, -1, 2, 2, 2, 1]"
3895,dfs_bnb_mpi,0.075123,-7,8,18143,"[-1, -2, -1, -2, 1, -2, 1, -2, 1, 2, 2, 2, -1, -2]"
3896,dfs_bnb_mpi,0.211471,-5,6,55464,"[-1, -1, 2, 2, -1, -2, -2, -1, -2, -2, 1, 2, 1, 1]"
3897,dfs_bnb_mpi,0.140043,-7,8,36711,"[-1, -2, -1, -1, 2, -1, 2, 1, 2, 1, 1, -2, -1, -2]"
3898,dfs_bnb_mpi,0.07298,-5,6,19182,"[-1, -1, 2, 2, -1, -2, -1, -2, 1, -2, 1, 1, -2, -1]"
3899,dfs_bnb_mpi,0.079252,-5,6,23517,"[-1, -1, 2, 1, 2, -1, -1, 2, 2, -1, -2, -2, -2, 1]"
3900,dfs_bnb_mpi,0.009222,-2,3,2648,"[-1, -1, 2, 2, 2, 2, 2, 1, 2, -1, 2, -1, -2, -2]"
3901,dfs_bnb_mpi,0.003471,-2,3,1104,"[-1, -1, 2, 2, -1, -2, -1, -1, -2, 1, 1, -2, 1, 1]"
3902,dfs_bnb_mpi,0.004546,-5,6,1380,"[-1, -2, 1, 1, 2, 2, -1, -1, -1, -2, -1, -2, 1, -2]"
3903,dfs_bnb_mpi,4.2e-05,0,1,15,"[-1, -1, 2, 2, 2, 2, 2, 2, 2, 2, 2, 2, 2, 2]"
3904,dfs_bnb_mpi,0.020487,-5,6,5594,"[-1, -1, 2, 2, 1, 2, -1, 2, -1, -1, -2, -2, 1, 2]"
3905,dfs_bnb_mpi,0.001461,-6,7,384,"[-1, -1, 2, 2, 1, -2, 1, 1, 2, -1, 2, -1, 2, 2]"
3906,dfs_bnb_mpi,0.073319,-6,7,19133,"[-1, -1, -1, 2, 1, 2, 2, 1, -2, 1, 1, -2, -1, -1]"
3907,dfs_bnb_mpi,0.004752,-4,5,1230,"[-1, -1, 2, -1, -2, -1, -2, 1, 1, -2, -1, -1, -1, 2]"
3908,dfs_bnb_mpi,0.228049,-5,6,53355,"[-1, -1, 2, -1, -2, -1, -2, -1, -2, 1, 1, 2, 1, -2]"
3909,dfs_bnb_mpi,0.00366,-3,4,893,"[-1, -1, 2, 2, 1, -2, 1, 2, 2, -1, 2, 2, 2, 2]"
3910,dfs_bnb_mpi,0.018557,-6,7,5103,"[-1, -1, 2, 1, 2, 1, -2, 1, 2, 1, -2, -2, -1, -2]"
3911,dfs_bnb_mpi,0.060143,-6,7,16937,"[-1, -2, -1, -2, 1, 1, 2, 1, 2, 2, -1, -1, -1, -2]"
3912,dfs_bnb_mpi,0.022928,-4,5,6948,"[-1, -1, 2, 2, 2, 1, -2, -2, 1, 1, 2, 2, -1, -2]"
3913,dfs_bnb_mpi,0.087191,-5,6,20746,"[-1, -1, 2, 2, 1, 2, 2, 1, 1, -2, -1, -2, -2, -1]"
3914,dfs_bnb_mpi,4.6e-05,0,1,15,"[-1, -1, 2, 2, 2, 2, 2, 2, 2, 2, 2, 2, 2, 2]"
3915,dfs_bnb_mpi,0.162281,-6,7,42653,"[-1, -1, 2, -1, 2, 1, 2, 2, 1, 1, -2, -1, -2, -2]"
3916,dfs_bnb_mpi,0.002827,-4,5,769,"[-1, -2, 1, 1, 2, 2, -1, 2, 2, -1, -2, -2, -1, 2]"
3917,dfs_bnb_mpi,0.099384,-7,8,25590,"[-1, -1, 2, 1, 1, 1, 2, 2, -1, -1, -1, -2, 1, 1]"
3918,dfs_bnb_mpi,0.060497,-7,8,16649,"[-1, -2, 1, 1, 2, 1, 1, 2, -1, 2, -1, -1, -2, 1]"
3919,dfs_bnb_mpi,0.00348,-2,3,1042,"[-1, -1, 2, 2, 2, 2, 1, 2, -1, 2, -1, -2, -2, -1]"
3920,dfs_bnb_mpi,0.054062,-4,5,13140,"[-1, -1, 2, 1, 1, 2, 2, 1, -2, -2, -2, 1, -2, -1]"
3921,dfs_bnb_mpi,0.012177,-5,6,2963,"[-1, -1, 2, 1, 2, 2, 1, -2, -2, 1, 2, 2, 2, 2]"
3922,dfs_bnb_mpi,0.013775,-4,5,3409,"[-1, -1, 2, 2, 2, -1, -1, -2, 1, -2, -2, -1, 2, -1]"
3923,dfs_bnb_mpi,0.028144,-6,7,7887,"[-1, -2, -1, -2, -2, 1, 2, 1, 2, 1, 2, 2, 1, -2]"
3924,dfs_bnb_mpi,0.075624,-4,5,22378,"[-1, -1, 2, 2, 1, 1, 2, 2, 1, -2, -2, -2, -1, -1]"
3925,dfs_bnb_mpi,0.013834,-3,4,4300,"[-1, -1, 2, 2, 1, -2, 1, 2, 2, 2, -1, -2, -1, 2]"
3926,dfs_bnb_mpi,0.002126,-5,6,559,"[-1, -1, 2, 2, 1, -2, 1, 2, 2, 2, -1, -2, -1, 2]"
3927,dfs_bnb_mpi,0.18774,-3,4,44749,"[-1, -1, 2, 2, 2, 2, 1, 1, -2, 1, -2, -1, -2, 1]"
3928,dfs_bnb_mpi,0.012244,-6,7,3423,"[-1, -1, 2, 2, 1, -2, 1, 1, -2, -2, -1, -2, -1, 2]"
3929,dfs_bnb_mpi,0.00663,-5,6,1754,"[-1, -2, -1, -2, 1, 1, 2, 1, 1, 2, -1, 2, 2, 2]"
3930,dfs_bnb_mpi,0.022344,-7,8,6580,"[-1, -1, 2, 1, 1, 1, -2, 1, -2, -1, -2, -1, 2, -1]"
3931,dfs_bnb_mpi,0.016996,-3,4,5197,"[-1, -1, 2, 2, 2, 2, 1, 1, -2, -2, -2, -1, 2, 2]"
3932,dfs_bnb_mpi,0.059317,-5,6,17230,"[-1, -2, -1, 2, 2, 2, 1, 2, 1, -2, 1, -2, -1, -1]"
3933,dfs_bnb_mpi,0.066321,-4,5,15624,"[-1, -1, 2, 2, 2, 1, 1, 1, -2, -1, -1, -2, 1, 1]"
3934,dfs_bnb_mpi,0.065505,-5,6,16114,"[-1, -1, 2, 1, 2, 2, 1, 1, 1, -2, -1, -1, -2, 1]"
3935,dfs_bnb_mpi,0.131013,-4,5,34059,"[-1, -1, 2, 2, 2, 2, 2, 2, 1, -2, -2, 1, -2, -1]"
3936,dfs_bnb_mpi,4.8e-05,0,1,15,"[-1, -1, 2, 2, 2, 2, 2, 2, 2, 2, 2, 2, 2, 2]"
3937,dfs_bnb_mpi,0.005681,-5,6,1474,"[-1, -2, 1, 1, 2, 1, 2, 2, -1, -2, -1, 2, 2, 2]"
3938,dfs_bnb_mpi,0.025419,-4,4,6712,"[-1, -1, 2, 2, 1, -2, 1, 2, 2, 1, -2, 1, -2, -1]"
3939,dfs_bnb_mpi,0.003191,-4,5,980,"[-1, -1, 2, 1, 2, 1, -2, 1, 2, 2, -1, -1, 2, 2]"
3940,dfs_bnb_mpi,0.157297,-5,6,41332,"[-1, -1, 2, 2, 2, 1, -2, 1, 2, 1, -2, -2, -1, -1]"
3941,dfs_bnb_mpi,0.013736,-6,7,3599,"[-1, -2, -1, 2, 2, 1, 2, -1, -1, -1, -2, 1, -2, -1]"
3942,dfs_bnb_mpi,0.124417,-4,5,32617,"[-1, -1, 2, 1, 2, 2, -1, -2, -1, -1, -2, -2, 1, 2]"
3943,dfs_bnb_mpi,0.230144,-5,6,63759,"[-1, -2, 1, 1, 2, 2, -1, -1, -1, -2, -2, -2, 1, 1]"
3944,dfs_bnb_mpi,0.003525,-6,7,1012,"[-1, -1, -1, 2, 1, 1, 2, -1, 2, -1, -2, -1, -2, -1]"
3945,dfs_bnb_mpi,0.035015,-4,5,10509,"[-1, -1, 2, -1, -2, -1, -2, -2, 1, -2, 1, 2, 2, -1]"
3946,dfs_bnb_mpi,0.00238,-4,5,662,"[-1, -2, -2, 1, 2, 1, 2, 2, 1, -2, 1, 2, 2, 2]"
3947,dfs_bnb_mpi,0.011449,-4,4,3507,"[-1, -1, 2, 1, 2, -1, 2, -1, -2, -2, -2, -2, 1, 1]"
3948,dfs_bnb_mpi,0.075844,-4,5,23418,"[-1, -2, 1, 1, 2, 2, 2, 2, 2, -1, -2, -2, -2, -1]"
3949,dfs_bnb_mpi,0.020931,-5,6,5579,"[-1, -1, 2, -1, 2, -1, 2, 1, 1, -2, 1, -2, 1, 2]"
3950,dfs_bnb_mpi,0.024205,-2,3,7609,"[-1, -2, 1, 1, 2, 2, 2, 2, -1, -2, -2, -1, 2, 2]"
3951,dfs_bnb_mpi,0.19071,-6,7,44780,"[-1, -1, 2, -1, -2, -2, -2, -2, 1, 1, 2, 2, -1, -2]"
3952,dfs_bnb_mpi,0.007581,-4,5,1823,"[-1, -1, 2, 2, -1, -2, -1, -2, 1, -2, 1, 1, 1, 1]"
3953,dfs_bnb_mpi,0.022885,-4,5,6455,"[-1, -1, 2, 1, 1, 1, -2, -2, -1, -1, -1, -1, 2, 2]"
3954,dfs_bnb_mpi,0.056118,-3,4,17719,"[-1, -2, 1, 1, 2, 2, 2, 2, 2, 1, -2, -2, -2, -2]"
3955,dfs_bnb_mpi,0.076753,-7,8,18371,"[-1, -1, 2, -1, -2, -2, 1, 1, -2, -1, -1, -1, 2, 2]"
3956,dfs_bnb_mpi,0.003169,-6,7,760,"[-1, -2, -1, 2, 2, 1, 2, -1, -1, -2, -1, -2, 1, -2]"
3957,dfs_bnb_mpi,0.051519,-4,4,15790,"[-1, -1, 2, 2, -1, -1, 2, -1, -2, -2, 1, -2, 1, 2]"
3958,dfs_bnb_mpi,0.071313,-6,7,17947,"[-1, -1, 2, -1, 2, 1, 2, 2, 1, -2, -2, 1, -2, -1]"
3959,dfs_bnb_mpi,0.009647,-5,6,2332,"[-1, -1, 2, 2, -1, -1, -2, -1, -2, -2, 1, 2, 1, 2]"
3960,dfs_bnb_mpi,0.05512,-4,5,15838,"[-1, -2, 1, 1, 2, 2, -1, -1, 2, -1, -2, -1, -2, 1]"
3961,dfs_bnb_mpi,0.001494,-4,5,403,"[-1, -1, 2, 2, -1, -1, -2, 1, -2, -2, -1, 2, -1, 2]"
3962,dfs_bnb_mpi,0.007021,-5,6,1940,"[-1, -1, 2, 1, 2, 1, -2, 1, -2, 1, -2, -1, -1, -1]"
3963,dfs_bnb_mpi,0.047493,-6,7,11647,"[-1, -1, 2, 2, -1, 2, -1, -1, -2, 1, -2, -2, 1, 2]"
3964,dfs_bnb_mpi,0.013638,-4,5,4113,"[-1, -2, 1, 1, -2, 1, 1, -2, -1, -1, -1, 2, -1, -1]"
3965,dfs_bnb_mpi,0.04467,-3,4,13846,"[-1, -2, -1, 2, 2, 2, 1, 1, 1, -2, -2, -2, -1, -2]"
3966,dfs_bnb_mpi,0.082542,-5,6,22743,"[-1, -2, -1, 2, 2, 1, 2, 1, -2, 1, -2, -2, -1, -2]"
3967,dfs_bnb_mpi,0.044098,-2,3,12558,"[-1, -1, 2, 1, 2, 2, 2, 2, -1, -2, -2, -2, -1, -2]"
3968,dfs_bnb_mpi,0.002514,-4,4,754,"[-1, -1, 2, 1, 2, -1, -1, -2, -2, -2, 1, 1, 1, 1]"
3969,dfs_bnb_mpi,0.004596,-4,5,1341,"[-1, -1, 2, 2, 2, -1, -2, -1, -2, 1, -2, -1, -1, 2]"
3970,dfs_bnb_mpi,0.000371,-3,4,102,"[-1, -2, -1, -2, 1, 1, 2, 1, 2, 2, 2, 2, 2, 2]"
3971,dfs_bnb_mpi,0.022777,-4,5,6452,"[-1, -2, 1, -2, -1, -1, 2, 2, 2, 1, 2, 1, -2, 1]"
3972,dfs_bnb_mpi,0.001829,-2,3,556,"[-1, -1, 2, 2, 1, -2, 1, 1, -2, -2, -1, -1, -1, -1]"
3973,dfs_bnb_mpi,0.018038,-6,6,4270,"[-1, -2, -1, 2, 2, 1, 2, 1, -2, 1, -2, -2, -1, -2]"
3974,dfs_bnb_mpi,0.000988,-2,3,306,"[-1, -1, 2, 2, 1, -2, 1, 1, -2, -2, -1, -1, -1, -1]"
3975,dfs_bnb_mpi,0.293402,-5,6,65406,"[-1, -1, 2, 2, -1, 2, -1, -2, -1, -2, 1, 1, -2, -1]"
3976,dfs_bnb_mpi,0.12356,-5,6,35926,"[-1, -1, 2, -1, -2, -1, -2, 1, 1, 1, -2, -1, -1, -1]"
3977,dfs_bnb_mpi,0.004697,-5,6,1188,"[-1, -1, 2, 2, 1, -2, 1, 1, 2, -1, 2, -1, 2, 2]"
3978,dfs_bnb_mpi,0.035333,-4,5,10470,"[-1, -1, 2, 2, -1, 2, -1, -2, -1, -2, 1, 1, -2, -1]"
3979,dfs_bnb_mpi,0.032653,-4,5,10010,"[-1, -2, 1, 1, 1, -2, 1, 1, -2, -1, -1, -1, 2, -1]"
3980,dfs_bnb_mpi,0.027398,-7,6,6245,"[-1, -1, 2, 2, 2, 2, 1, -2, 1, -2, -1, -2, 1, 1]"
3981,dfs_bnb_mpi,0.159645,-6,6,43816,"[-1, -1, 2, 2, 1, 2, 2, 1, -2, 1, -2, -1, -2, -1]"
3982,dfs_bnb_mpi,0.02874,-6,7,6986,"[-1, -1, 2, 2, 1, -2, 1, 1, 2, -1, 2, 2, 1, -2]"
3983,dfs_bnb_mpi,0.263149,-5,6,60215,"[-1, -1, 2, 2, 2, 1, 1, 1, -2, -2, -1, 2, -1, -2]"
3984,dfs_bnb_mpi,0.024639,-5,6,6826,"[-1, -1, 2, 2, -1, -1, -1, -2, 1, -2, -2, 1, 2, 2]"
3985,dfs_bnb_mpi,0.067827,-5,6,20832,"[-1, -2, 1, 1, 2, 2, -1, 2, 2, -1, -2, -2, -1, -2]"
3986,dfs_bnb_mpi,0.039914,-4,5,10860,"[-1, -1, 2, 2, 2, -1, -2, -1, -2, 1, -2, -1, -1, 2]"
3987,dfs_bnb_mpi,0.068282,-6,7,17781,"[-1, -1, 2, 2, 1, 2, -1, 2, 1, 1, -2, -2, -2, -1]"
3988,dfs_bnb_mpi,0.020746,-4,4,5836,"[-1, -1, 2, -1, -2, -1, -1, -2, 1, 1, 1, 1, 1, 1]"
3989,dfs_bnb_mpi,0.017701,-4,5,5280,"[-1, -1, 2, 1, 2, -1, 2, -1, -2, -1, -1, -2, 1, 1]"
3990,dfs_bnb_mpi,0.01139,-3,4,3529,"[-1, -1, 2, 1, 2, 1, -2, 1, 2, 1, -2, -2, -1, -2]"
3991,dfs_bnb_mpi,0.008006,-4,5,2266,"[-1, -1, 2, 1, 2, 1, 2, -1, -1, -2, -1, -2, -1, 2]"
3992,dfs_bnb_mpi,0.010993,-4,5,3277,"[-1, -1, 2, 1, 2, -1, 2, -1, -2, -1, -1, -2, 1, 1]"
3993,dfs_bnb_mpi,0.103209,-3,3,32552,"[-1, -1, 2, 2, 2, 2, 2, 1, -2, -2, -2, -2, 1, 2]"
3994,dfs_bnb_mpi,0.01214,-5,6,3457,"[-1, -1, 2, 1, 1, 1, 2, 1, -2, -2, -1, -2, -1, -1]"
3995,dfs_bnb_mpi,0.015735,-4,5,4825,"[-1, -1, 2, 2, 1, -2, 1, 2, 2, 1, -2, -2, -2, 1]"
3996,dfs_bnb_mpi,0.033129,-4,5,8341,"[-1, -1, 2, 2, 2, 1, 2, 1, -2, 1, -2, -1, -1, -2]"
3997,dfs_bnb_mpi,0.025834,-5,5,7808,"[-1, -2, 1, 1, 2, 2, 1, -2, -2, -2, -1, -1, -1, -1]"
3998,dfs_bnb_mpi,0.190717,-4,5,51038,"[-1, -1, 2, 2, -1, -1, -2, -1, -1, -2, 1, 1, 1, 2]"
3999,dfs_bnb_mpi,0.011228,-6,7,2719,"[-1, -2, 1, 1, 2, 2, 1, -2, -2, 1, 2, 2, 2, 2]"
4000,dfs_bnb_mpi,0.004661,-3,4,1361,"[-1, -1, 2, 2, -1, 2, -1, -2, -2, 1, -2, -1, -1, 2]"
4001,dfs_bnb_mpi,0.022134,-5,6,6403,"[-1, -1, 2, 1, 1, 2, 1, 2, 1, -2, -2, -1, -2, 1]"
4002,dfs_bnb_mpi,0.153065,-4,5,43411,"[-1, -1, 2, 2, 1, -2, 1, 1, -2, -2, -1, -1, -1, -1]"
4003,dfs_bnb_mpi,0.004005,-3,4,1158,"[-1, -1, 2, 2, 1, -2, 1, 2, 2, 2, -1, -2, -1, 2]"
4004,dfs_bnb_mpi,0.002229,-2,3,532,"[-1, -1, 2, 2, 2, 2, 1, -2, 1, 1, -2, -1, -1, -2]"
4005,dfs_bnb_mpi,5.8e-05,0,1,15,"[-1, -1, 2, 2, 2, 2, 2, 2, 2, 2, 2, 2, 2, 2]"
4006,dfs_bnb_mpi,0.000643,-4,5,170,"[-1, -1, -1, 2, 1, 2, 1, -2, 1, 1, 2, -1, 2, 2]"
4007,dfs_bnb_mpi,0.002914,-5,6,746,"[-1, -2, 1, 1, 1, 2, -1, 2, 2, -1, -2, -1, 2, 2]"
4008,dfs_bnb_mpi,0.006356,-4,5,1964,"[-1, -2, -2, -1, 2, -1, 2, 1, 2, 2, 1, -2, 1, 2]"
4009,dfs_bnb_mpi,0.000862,-4,4,259,"[-1, -1, 2, 1, 2, 2, -1, -2, -1, -2, -1, 2, 2, 2]"
4010,dfs_bnb_mpi,0.023032,-5,6,6205,"[-1, -1, 2, -1, -1, 2, 1, 1, 2, 1, -2, 1, -2, -1]"
4011,dfs_bnb_mpi,0.001354,-4,5,337,"[-1, -2, 1, 1, 2, 2, 2, -1, -2, -1, 2, 2, 2, 2]"
4012,dfs_bnb_mpi,0.140793,-4,5,40090,"[-1, -2, 1, 1, 2, 2, -1, -1, 2, 2, -1, -2, -2, -2]"
4013,dfs_bnb_mpi,0.027825,-7,8,6242,"[-1, -1, 2, 2, 1, -2, 1, 1, -2, -2, -1, -1, -1, -1]"
4014,dfs_bnb_mpi,0.01945,-4,5,5602,"[-1, -1, 2, -1, 2, 2, -1, -2, -2, -2, 1, -2, 1, 1]"
4015,dfs_bnb_mpi,0.189352,-4,5,44902,"[-1, -1, 2, 2, 2, 2, 1, 2, 1, -2, -2, -1, -2, 1]"
4016,dfs_bnb_mpi,0.039967,-7,7,10484,"[-1, -1, 2, 2, 2, 2, 1, -2, -2, 1, 1, -2, -1, -1]"
4017,dfs_bnb_mpi,0.00733,-4,5,1920,"[-1, -1, 2, 1, 2, -1, -1, 2, -1, -2, -2, 1, -2, -1]"
4018,dfs_bnb_mpi,0.025753,-5,5,6409,"[-1, -1, 2, 2, 2, -1, -1, -2, 1, -2, -1, -2, 1, -2]"
4019,dfs_bnb_mpi,0.01755,-6,7,5206,"[-1, -2, -1, 2, 2, 1, 2, 1, -2, 1, -2, -2, -1, -2]"
4020,dfs_bnb_mpi,0.008977,-4,4,2795,"[-1, -1, 2, 1, 2, -1, -1, -2, -2, -2, 1, -2, 1, 2]"
4021,dfs_bnb_mpi,0.067959,-6,7,16291,"[-1, -1, 2, 2, 1, 2, 2, 1, 1, -2, -1, -2, -2, -1]"
4022,dfs_bnb_mpi,0.127886,-7,8,28849,"[-1, -1, 2, -1, -2, -1, -2, -2, 1, 2, 1, 1, -2, -1]"
4023,dfs_bnb_mpi,0.046808,-5,6,14032,"[-1, -1, 2, 1, 1, 2, -1, 2, 2, -1, -2, -2, -1, -2]"
4024,dfs_bnb_mpi,0.103221,-7,8,29153,"[-1, -2, 1, 1, 2, 2, 1, 1, -2, 1, -2, -1, -1, 2]"
4025,dfs_bnb_mpi,0.006401,-6,7,1849,"[-1, -1, 2, -1, -2, -1, -2, -2, 1, 2, 1, -2, 1, 2]"
4026,dfs_bnb_mpi,0.045431,-2,3,14300,"[-1, -1, 2, 2, 2, 2, 2, 1, -2, -2, -2, 1, -2, -1]"
4027,dfs_bnb_mpi,0.00021,-2,3,65,"[-1, -2, 1, 1, 2, 2, 2, 2, 2, 2, 2, 2, 2, 2]"
4028,dfs_bnb_mpi,0.00593,-5,6,1597,"[-1, -1, 2, 1, 1, 2, -1, 2, -1, -2, -1, -2, -1, 2]"
4029,dfs_bnb_mpi,0.021575,-5,6,6406,"[-1, -1, 2, 1, 1, 2, -1, -1, 2, -1, -2, -2, -2, -1]"
4030,dfs_bnb_mpi,0.001229,-2,3,367,"[-1, -1, 2, 2, 2, -1, -2, -2, -2, -2, 1, 1, 1, 1]"
4031,dfs_bnb_mpi,0.024964,-5,6,7130,"[-1, -1, 2, -1, 2, 1, 2, 1, -2, 1, 1, -2, -1, -1]"
4032,dfs_bnb_mpi,0.012336,-6,7,3625,"[-1, -1, 2, 1, 1, 2, -1, 2, -1, -2, -1, -1, -2, 1]"
4033,dfs_bnb_mpi,0.001314,-2,3,379,"[-1, -1, 2, 2, 1, 2, -1, 2, 2, -1, -2, -2, -2, -1]"
4034,dfs_bnb_mpi,0.021889,-6,7,5663,"[-1, -2, 1, 1, 2, 2, 1, 2, -1, 2, -1, -2, -2, -1]"
4035,dfs_bnb_mpi,0.034013,-4,5,9790,"[-1, -1, 2, 1, 2, -1, -1, -2, -2, -1, -2, 1, 1, 1]"
4036,dfs_bnb_mpi,0.008424,-7,8,2094,"[-1, -2, -1, -1, 2, 1, 2, 1, 1, 1, -2, -2, -1, -2]"
4037,dfs_bnb_mpi,0.00651,-6,7,1611,"[-1, -2, 1, 1, 2, 1, 2, -1, -1, 2, 2, 1, -2, 1]"
4038,dfs_bnb_mpi,0.002449,-6,7,692,"[-1, -2, -1, 2, 2, 1, 2, -1, -1, -2, -1, -2, 1, -2]"
4039,dfs_bnb_mpi,0.049943,-5,6,13662,"[-1, -1, 2, 2, -1, 2, 2, 1, -2, 1, -2, -2, 1, 2]"
4040,dfs_bnb_mpi,0.01075,-3,4,3117,"[-1, -1, 2, 2, 2, 1, 2, 1, -2, 1, -2, -1, -1, -2]"
4041,dfs_bnb_mpi,0.140098,-4,5,34369,"[-1, -1, 2, 2, 1, 2, 1, 2, 1, -2, -2, -1, -2, -1]"
4042,dfs_bnb_mpi,0.003152,-4,5,889,"[-1, -1, 2, -1, 2, -1, -2, -2, 1, -2, 1, 1, 1, 1]"
4043,dfs_bnb_mpi,0.15577,-4,5,35503,"[-1, -1, 2, 2, 2, 2, 1, 1, -2, -1, -2, 1, -2, -1]"
4044,dfs_bnb_mpi,0.112185,-6,7,27597,"[-1, -1, 2, -1, -2, -1, -2, 1, 1, 1, 1, -2, -1, -1]"
4045,dfs_bnb_mpi,0.020015,-6,7,5879,"[-1, -2, 1, 1, 2, 2, 1, 2, 1, 1, -2, -1, -2, -1]"
4046,dfs_bnb_mpi,0.006713,-4,5,2006,"[-1, -2, 1, 1, 2, 2, -1, -1, 2, 2, -1, -2, -2, -1]"
4047,dfs_bnb_mpi,0.024797,-6,6,6872,"[-1, -1, 2, 1, 1, 2, 1, -2, 1, -2, -1, -2, -1, -1]"
4048,dfs_bnb_mpi,0.002116,-4,5,572,"[-1, -1, 2, 2, 2, 1, -2, -2, 1, 1, 2, -1, 2, 2]"
4049,dfs_bnb_mpi,0.096091,-7,8,24690,"[-1, -1, -1, 2, -1, -2, -2, 1, 1, 1, -2, -1, -1, -1]"
4050,dfs_bnb_mpi,0.033766,-5,6,9211,"[-1, -1, -1, 2, 1, 2, 1, 1, 2, 1, -2, -2, -1, -1]"
4051,dfs_bnb_mpi,0.000873,-2,3,276,"[-1, -1, 2, 2, 2, 1, -2, -2, 1, 1, -2, -2, -1, -1]"
4052,dfs_bnb_mpi,0.00611,-6,7,1399,"[-1, -1, -1, 2, 1, 1, 1, 2, -1, -1, 2, -1, -2, -1]"
4053,dfs_bnb_mpi,0.162471,-6,6,38725,"[-1, -1, 2, 2, 2, -1, 2, 1, 2, 1, -2, -2, -2, -2]"
4054,dfs_bnb_mpi,0.07782,-6,7,21904,"[-1, -1, 2, -1, -2, -1, -2, -2, -2, 1, 2, 1, 2, -1]"
4055,dfs_bnb_mpi,0.097228,-5,6,23294,"[-1, -1, 2, 2, 1, -2, 1, 1, -2, -2, -1, -1, -2, 1]"
4056,dfs_bnb_mpi,0.082941,-5,6,21335,"[-1, -1, 2, 1, 2, -1, -1, -2, -2, -2, 1, 1, -2, -1]"
4057,dfs_bnb_mpi,0.040195,-7,8,9021,"[-1, -2, 1, 1, 2, 2, 1, -2, -2, -2, -1, -1, -1, -1]"
4058,dfs_bnb_mpi,0.001451,-3,4,396,"[-1, -1, 2, 1, 2, 2, 1, -2, -2, 1, 2, 2, 2, 2]"
4059,dfs_bnb_mpi,0.028921,-5,6,8557,"[-1, -2, 1, 1, -2, -2, 1, 2, 1, 2, -1, 2, -1, 2]"
4060,dfs_bnb_mpi,0.006071,-4,4,1765,"[-1, -2, -1, 2, -1, -1, 2, 1, 1, 2, 1, -2, 1, 2]"
4061,dfs_bnb_mpi,0.130768,-5,6,30352,"[-1, -2, 1, 1, 1, -2, -1, -2, -1, 2, -1, -1, -2, 1]"
4062,dfs_bnb_mpi,0.011437,-6,7,3159,"[-1, -2, 1, 1, 2, 2, -1, 2, 2, -1, -2, -1, -2, 1]"
4063,dfs_bnb_mpi,0.02114,-2,3,5361,"[-1, -1, 2, 2, 2, 2, 2, 1, -2, 1, -2, -1, -2, 1]"
4064,dfs_bnb_mpi,0.148491,-5,5,34915,"[-1, -2, 1, 1, 2, 2, -1, 2, 2, -1, -2, -1, -2, 1]"
4065,dfs_bnb_mpi,0.000382,-2,3,110,"[-1, -1, 2, 2, 2, 2, 1, -2, -2, -2, 1, 2, 1, -2]"
4066,dfs_bnb_mpi,0.02669,-5,6,6329,"[-1, -2, -1, -2, -1, -2, 1, 1, 2, 1, 2, 1, 2, 2]"
4067,dfs_bnb_mpi,0.003477,-6,6,902,"[-1, -2, 1, 1, 2, 2, -1, -1, -1, -2, -2, -1, 2, 2]"
4068,dfs_bnb_mpi,0.01295,-6,7,3354,"[-1, -1, 2, -1, -2, -2, -2, 1, 2, 1, 1, 1, 2, 2]"
4069,dfs_bnb_mpi,0.007572,-2,3,2420,"[-1, -1, 2, 1, 2, 2, 2, 2, -1, -2, -2, -2, -1, -2]"
4070,dfs_bnb_mpi,0.000615,-2,3,150,"[-1, -1, 2, 2, 2, 2, 1, 2, 1, -2, -2, -1, -2, 1]"
4071,dfs_bnb_mpi,0.015323,-4,4,4603,"[-1, -2, -1, -2, -1, 2, -1, 2, 1, 1, 2, 1, 2, 2]"
4072,dfs_bnb_mpi,0.069995,-6,7,18486,"[-1, -1, -1, 2, 1, 2, 2, 1, -2, 1, 1, -2, -1, -1]"
4073,dfs_bnb_mpi,0.176649,-4,4,53258,"[-1, -1, 2, 2, 1, 2, 2, 2, 1, -2, -2, -2, -2, -1]"
4074,dfs_bnb_mpi,0.024151,-2,3,7517,"[-1, -1, 2, 2, 2, 1, 2, 2, 2, -1, -2, -2, -1, -2]"
4075,dfs_bnb_mpi,0.00346,-2,3,1073,"[-1, -1, 2, 1, 2, 2, -1, -2, -1, 2, -1, -2, -2, 1]"
4076,dfs_bnb_mpi,0.066019,-6,7,15310,"[-1, -1, 2, 2, -1, -2, -1, -2, 1, -2, 1, 1, -2, -1]"
4077,dfs_bnb_mpi,0.06034,-6,7,16252,"[-1, -2, -2, 1, 2, 1, 2, 2, -1, 2, -1, -2, -1, -2]"
4078,dfs_bnb_mpi,0.001201,-4,5,368,"[-1, -2, 1, 1, -2, -1, -2, -1, 2, -1, 2, 2, 2, 2]"
4079,dfs_bnb_mpi,0.00208,-3,3,642,"[-1, -1, 2, -1, 2, 2, 1, -2, 1, -2, 1, 2, 2, 2]"
4080,dfs_bnb_mpi,0.023113,-3,3,6529,"[-1, -1, 2, 2, 2, 2, 1, -2, -2, 1, 1, -2, -1, -1]"
4081,dfs_bnb_mpi,0.030205,-5,6,9009,"[-1, -1, 2, -1, -2, -1, -1, -2, 1, -2, 1, 1, 2, -1]"
4082,dfs_bnb_mpi,5.3e-05,0,1,15,"[-1, -1, 2, 2, 2, 2, 2, 2, 2, 2, 2, 2, 2, 2]"
4083,dfs_bnb_mpi,3.9e-05,0,1,15,"[-1, -1, 2, 2, 2, 2, 2, 2, 2, 2, 2, 2, 2, 2]"
4084,dfs_bnb_mpi,0.129223,-5,6,37675,"[-1, -1, 2, 2, 2, 1, -2, 1, 2, 1, -2, -2, -1, -1]"
4085,dfs_bnb_mpi,0.030153,-5,6,8341,"[-1, -1, 2, 2, 2, -1, -2, -1, -2, -1, -2, 1, 1, 2]"
4086,dfs_bnb_mpi,0.169571,-4,5,44844,"[-1, -1, 2, 2, 2, 2, 1, -2, -2, 1, 1, -2, -1, -1]"
4087,dfs_bnb_mpi,0.010331,-4,5,3206,"[-1, -2, 1, 1, 2, 1, 2, 2, -1, -2, -1, 2, 2, 2]"
4088,dfs_bnb_mpi,0.027146,-5,6,6980,"[-1, -1, 2, 2, 2, 1, 1, 1, -2, -1, -1, -2, 1, 1]"
4089,dfs_bnb_mpi,0.059026,-3,4,14551,"[-1, -1, 2, 2, 2, 2, 2, 1, -2, -2, -2, 1, -2, -1]"
4090,dfs_bnb_mpi,0.00115,-3,3,282,"[-1, -1, 2, 2, 1, -2, 1, 2, 2, 2, 2, 2, 2, 2]"
4091,dfs_bnb_mpi,0.011054,-3,4,3370,"[-1, -1, 2, -1, 2, 2, -1, -2, -2, -1, -2, 1, 1, -2]"
4092,dfs_bnb_mpi,0.016755,-5,6,3866,"[-1, -1, 2, 2, 2, -1, -1, -2, 1, -2, -1, -2, 1, -2]"
4093,dfs_bnb_mpi,0.000385,-4,4,107,"[-1, -1, 2, 2, -1, -2, -2, -1, -2, 1, -2, 1, 2, 1]"
4094,dfs_bnb_mpi,0.00607,-4,5,1754,"[-1, -1, 2, 2, 1, -2, 1, 2, 1, -2, 1, -2, -1, -2]"
4095,dfs_bnb_mpi,0.07054,-5,6,17490,"[-1, -1, 2, -1, -1, 2, 1, 1, 2, 1, -2, 1, -2, -1]"
4096,dfs_bnb_mpi,0.054598,-4,5,13430,"[-1, -2, 1, 1, 2, 1, -2, -2, -1, -1, -1, -1, 2, 2]"
4097,dfs_bnb_mpi,0.000535,-2,3,164,"[-1, -1, 2, 1, 2, 2, 2, 2, 1, -2, -2, -2, -2, 1]"
4098,dfs_bnb_mpi,0.000172,-2,3,47,"[-1, -1, 2, 2, 2, 2, 1, -2, -2, -2, 1, 2, 2, 2]"
4099,dfs_bnb_mpi,0.100858,-4,5,25566,"[-1, -1, 2, 2, 2, 2, 2, 1, -2, 1, -2, -2, -1, 2]"
4100,dfs_bnb_mpi,0.061497,-4,5,15074,"[-1, -1, 2, 2, 2, 1, -2, -2, 1, 2, 2, 2, 1, -2]"
4101,dfs_bnb_mpi,0.005053,-4,5,1455,"[-1, -1, 2, 1, 2, 1, -2, 1, 2, 1, -2, -2, -1, -2]"
4102,dfs_bnb_mpi,0.012468,-4,5,3708,"[-1, -1, 2, 1, 2, -1, 2, 2, -1, -2, -1, -2, 1, -2]"
4103,dfs_bnb_mpi,0.075746,-6,7,17801,"[-1, -1, 2, 2, 2, 1, -2, -2, 1, 1, -2, -2, -1, -1]"
4104,dfs_bnb_mpi,0.042637,-6,7,10548,"[-1, -2, -1, 2, -1, 2, 1, 2, 1, -2, 1, 1, 2, -1]"
4105,dfs_bnb_mpi,0.015772,-5,6,3982,"[-1, -1, 2, -1, 2, 1, 2, 1, -2, -2, 1, 2, 2, 2]"
4106,dfs_bnb_mpi,0.184286,-4,5,46949,"[-1, -1, 2, -1, -1, -2, 1, -2, -1, -1, 2, 2, 2, 1]"
4107,dfs_bnb_mpi,0.002267,-6,6,637,"[-1, -2, 1, 1, 2, 1, 2, -1, -1, 2, -1, -2, -1, 2]"
4108,dfs_bnb_mpi,0.004899,-5,6,1141,"[-1, -1, 2, 2, 1, 2, 2, 1, -2, 1, -2, -1, -2, -1]"
4109,dfs_bnb_mpi,0.000622,-2,3,176,"[-1, -1, 2, 2, 1, -2, 1, 2, 2, 2, 2, 2, 2, 2]"
4110,dfs_bnb_mpi,0.019701,-6,7,4702,"[-1, -2, 1, 1, 2, 2, -1, 2, 1, 1, -2, -2, 1, 2]"
4111,dfs_bnb_mpi,0.077569,-6,7,20804,"[-1, -1, 2, 1, 2, 2, 1, -2, -2, 1, 1, 2, -1, 2]"
4112,dfs_bnb_mpi,0.112694,-6,7,27486,"[-1, -1, 2, -1, -2, -1, -1, -2, 1, 1, 1, -2, -1, -1]"
4113,dfs_bnb_mpi,0.026433,-2,3,7968,"[-1, -1, 2, 2, 2, 1, -2, -2, 1, 1, -2, -2, -1, -1]"
4114,dfs_bnb_mpi,0.01058,-4,5,2423,"[-1, -1, 2, 2, 1, -2, 1, 2, 1, -2, -2, 1, 2, 2]"
4115,dfs_bnb_mpi,0.003347,-5,6,788,"[-1, -1, 2, 2, 1, -2, 1, 2, 2, -1, 2, 2, 2, 2]"
4116,dfs_bnb_mpi,0.011945,-4,5,3199,"[-1, -1, 2, 2, 2, 1, -2, -2, 1, 2, 2, 2, -1, 2]"
4117,dfs_bnb_mpi,0.000285,-2,3,86,"[-1, -1, 2, 2, 2, 2, 2, 1, -2, 1, -2, -1, -2, 1]"
4118,dfs_bnb_mpi,0.057519,-5,6,15099,"[-1, -1, 2, 1, 2, 1, -2, 1, 2, 1, 2, -1, -1, 2]"
4119,dfs_bnb_mpi,0.005281,-3,4,1402,"[-1, -1, 2, 2, -1, 2, -1, -2, -2, 1, -2, -1, -1, 2]"
4120,dfs_bnb_mpi,0.001649,-4,5,528,"[-1, -2, 1, -2, -1, -1, 2, 2, 2, 1, 2, 1, -2, 1]"
4121,dfs_bnb_mpi,0.000135,-2,3,42,"[-1, -1, 2, 2, 2, 2, 2, 1, 1, -2, -1, -2, 1, 1]"
4122,dfs_bnb_mpi,0.051588,-5,6,15163,"[-1, -2, -1, 2, 2, 2, 2, 1, -2, 1, 1, -2, -1, -1]"
4123,dfs_bnb_mpi,0.126277,-5,6,36574,"[-1, -1, 2, 2, 1, 2, 2, 1, -2, 1, -2, -1, -2, -1]"
4124,dfs_bnb_mpi,0.022505,-7,8,5179,"[-1, -2, -2, -2, 1, 1, 2, -1, 2, 1, 2, 2, -1, 2]"
4125,dfs_bnb_mpi,0.005736,-6,5,1322,"[-1, -1, 2, 2, 2, 1, 1, -2, -1, -2, 1, 1, 2, 2]"
4126,dfs_bnb_mpi,0.005449,-7,8,1286,"[-1, -1, 2, 1, 2, 1, -2, 1, 2, 1, -2, -2, -1, -2]"
4127,dfs_bnb_mpi,0.000614,-2,3,152,"[-1, -1, 2, 2, 2, 1, 2, 1, -2, -2, -1, -2, 1, 1]"
4128,dfs_bnb_mpi,0.095199,-7,8,23050,"[-1, -2, 1, -2, -1, -1, -1, 2, 1, 2, -1, 2, 1, 1]"
4129,dfs_bnb_mpi,0.04326,-5,6,9995,"[-1, -1, 2, -1, -1, -1, -2, -2, 1, 2, 1, -2, 1, 1]"
4130,dfs_bnb_mpi,0.012184,-4,5,2800,"[-1, -1, 2, 2, 1, -2, 1, 2, 1, -2, -2, 1, 2, 2]"
4131,dfs_bnb_mpi,0.00746,-5,6,2116,"[-1, -2, 1, 1, 2, 2, 2, -1, -2, -1, 2, 2, 1, 2]"
4132,dfs_bnb_mpi,0.007194,-3,4,2000,"[-1, -1, 2, 2, 2, 1, 2, 1, -2, -2, -1, -2, 1, 1]"
4133,dfs_bnb_mpi,0.166082,-4,5,41806,"[-1, -1, 2, 2, 1, -2, 1, 1, 1, 2, -1, 2, -1, -2]"
4134,dfs_bnb_mpi,0.022223,-4,4,6313,"[-1, -1, 2, 1, 1, 2, 2, 2, 1, -2, -2, 1, -2, -1]"
4135,dfs_bnb_mpi,0.018345,-4,5,4744,"[-1, -1, 2, 2, 2, 1, 2, 1, -2, -2, -1, -2, 1, 1]"
4136,dfs_bnb_mpi,0.004255,-4,5,1306,"[-1, -2, 1, 1, 1, -2, -1, -1, -2, -1, 2, -1, 2, 2]"
4137,dfs_bnb_mpi,0.001478,-3,4,397,"[-1, -1, 2, 2, 1, -2, 1, 1, 2, -1, 2, 2, 2, 2]"
4138,dfs_bnb_mpi,0.146187,-5,6,38628,"[-1, -1, 2, -1, -2, -1, -2, -2, 1, 1, 1, 2, -1, -1]"
4139,dfs_bnb_mpi,0.033478,-4,5,7575,"[-1, -1, 2, 2, 2, 2, 1, 1, -2, -1, -2, 1, 1, 2]"
4140,dfs_bnb_mpi,0.111115,-4,5,34044,"[-1, -1, 2, 2, -1, -1, -2, -1, -1, -2, 1, 1, 1, 2]"
4141,dfs_bnb_mpi,0.000453,-4,5,140,"[-1, -2, 1, 1, -2, -1, -2, -1, 2, -1, 2, 2, 2, 2]"
4142,dfs_bnb_mpi,0.314787,-4,5,94750,"[-1, -1, 2, 2, 1, 2, 2, 2, 1, -2, -2, -2, -2, -1]"
4143,dfs_bnb_mpi,0.014891,-5,6,3759,"[-1, -1, 2, 2, 2, 1, 2, 1, -2, -2, -1, -2, 1, 1]"
4144,dfs_bnb_mpi,0.011802,-5,6,3272,"[-1, -2, -1, 2, 2, 1, 1, 1, -2, -2, -1, -2, -1, -1]"
4145,dfs_bnb_mpi,0.11278,-6,7,27601,"[-1, -1, 2, 2, 2, -1, -2, -1, -2, 1, -2, -2, -1, 2]"
4146,dfs_bnb_mpi,0.003418,-4,5,944,"[-1, -1, 2, 1, 2, -1, 2, -1, -2, -1, -2, 1, -2, -1]"
4147,dfs_bnb_mpi,0.001926,-2,3,615,"[-1, -1, 2, 2, 2, 2, 1, -2, 1, -2, -1, -2, 1, 1]"
4148,dfs_bnb_mpi,0.098823,-5,6,25085,"[-1, -1, 2, -1, -2, -2, 1, -2, -2, 1, 2, 2, 1, -2]"
4149,dfs_bnb_mpi,0.003762,-5,6,1005,"[-1, -1, 2, 1, 1, 2, 2, 1, -2, -2, 1, -2, -1, -2]"
4150,dfs_bnb_mpi,0.001954,-2,3,615,"[-1, -1, 2, 2, 2, 2, 1, -2, 1, -2, -1, -2, 1, 1]"
4151,dfs_bnb_mpi,0.109979,-3,4,33217,"[-1, -1, 2, 2, 2, 2, 1, 1, -2, 1, -2, -1, -1, 2]"
4152,dfs_bnb_mpi,0.021236,-4,5,5997,"[-1, -1, 2, 2, -1, -2, -1, -1, -2, 1, 1, -2, 1, 1]"
4153,dfs_bnb_mpi,0.004182,-4,5,1213,"[-1, -1, 2, 2, 1, -2, 1, 2, 2, 1, 1, -2, -1, -2]"
4154,dfs_bnb_mpi,0.00175,-4,5,464,"[-1, -1, 2, -1, -2, -1, -2, 1, -2, 1, 2, 1, 1, 1]"
4155,dfs_bnb_mpi,0.001055,-4,5,295,"[-1, -1, 2, 1, 1, 1, 2, -1, 2, -1, -2, -1, 2, 2]"
4156,dfs_bnb_mpi,0.031838,-4,5,8849,"[-1, -2, -1, 2, 2, 1, 1, 1, -2, -2, -1, -2, 1, 1]"
4157,dfs_bnb_mpi,0.005525,-5,6,1586,"[-1, -2, 1, 1, 2, 2, 2, 2, -1, -2, -2, -1, 2, 2]"
4158,dfs_bnb_mpi,0.014606,-5,6,3611,"[-1, -1, 2, 2, 2, -1, -2, -2, -2, -1, 2, 2, 2, 2]"
4159,dfs_bnb_mpi,0.077693,-6,7,19194,"[-1, -1, 2, 2, -1, 2, -1, -2, -1, -2, 1, -2, 1, 2]"
4160,dfs_bnb_mpi,0.019885,-5,6,5397,"[-1, -1, 2, 1, 2, -1, 2, 1, 1, -2, -2, 1, 2, 2]"
4161,dfs_bnb_mpi,0.035873,-4,5,8908,"[-1, -1, 2, 2, -1, -2, -2, -1, -1, 2, 1, 2, 2, 2]"
4162,dfs_bnb_mpi,0.00904,-4,4,2199,"[-1, -1, 2, 1, 1, 2, 2, 1, -2, 1, -2, -1, -2, 1]"
4163,dfs_bnb_mpi,0.011746,-6,7,3353,"[-1, -1, 2, -1, -2, -1, -1, 2, 1, 2, 1, 2, 1, -2]"
4164,dfs_bnb_mpi,0.009961,-4,5,3019,"[-1, -1, 2, 2, 2, 2, -1, -2, -2, -1, -2, -2, 1, 2]"
4165,dfs_bnb_mpi,0.139249,-7,7,31152,"[-1, -1, 2, 2, 2, 2, 1, 1, -2, -1, -2, 1, -2, -1]"
4166,dfs_bnb_mpi,0.008514,-4,5,2581,"[-1, -1, 2, 1, 1, 1, 2, 2, 1, -2, -2, -2, -1, -2]"
4167,dfs_bnb_mpi,0.008169,-5,6,2470,"[-1, -1, 2, 1, 1, 2, 1, -2, 1, -2, -1, -2, -1, -1]"
4168,dfs_bnb_mpi,0.014641,-7,8,3792,"[-1, -2, 1, -2, -2, 1, 2, 2, 2, 1, -2, 1, -2, -1]"
4169,dfs_bnb_mpi,0.091676,-5,6,21211,"[-1, -1, 2, 1, 1, 2, 2, 1, -2, 1, -2, -1, -2, 1]"
4170,dfs_bnb_mpi,0.020968,-5,6,6101,"[-1, -1, 2, 2, 1, -2, 1, 1, 2, -1, 2, -1, -1, 2]"
4171,dfs_bnb_mpi,0.053902,-5,6,14243,"[-1, -1, 2, -1, 2, 2, -1, -2, -1, -2, 1, -2, 1, -2]"
4172,dfs_bnb_mpi,0.293416,-4,5,89172,"[-1, -1, 2, 2, 2, 2, 1, -2, -2, 1, 1, -2, -1, -1]"
4173,dfs_bnb_mpi,0.028928,-5,6,6486,"[-1, -1, 2, -1, -1, -1, -2, 1, 1, -2, -1, -1, -1, 2]"
4174,dfs_bnb_mpi,0.052868,-6,7,14392,"[-1, -1, 2, 2, 1, 2, 2, 1, -2, 1, -2, -1, -2, -1]"
4175,dfs_bnb_mpi,0.088856,-4,4,27866,"[-1, -2, -1, -2, -1, 2, 2, 2, 2, 1, 1, -2, -1, -2]"
4176,dfs_bnb_mpi,0.027284,-2,3,8052,"[-1, -1, 2, 2, 2, 2, 2, 2, 2, 1, 2, -1, -1, -2]"
4177,dfs_bnb_mpi,0.005691,-4,5,1496,"[-1, -1, 2, -1, -2, -2, 1, 1, -2, 1, 2, 1, 2, 2]"
4178,dfs_bnb_mpi,0.011974,-4,5,3490,"[-1, -2, 1, -2, -1, -1, 2, 2, 2, 1, 2, 1, -2, 1]"
4179,dfs_bnb_mpi,0.098456,-4,5,28332,"[-1, -1, 2, 1, 2, 2, 2, 1, 1, -2, -2, -2, -1, 2]"
4180,dfs_bnb_mpi,0.063351,-5,6,14283,"[-1, -1, 2, 2, -1, -2, -1, 2, -1, -2, -2, 1, 1, -2]"
4181,dfs_bnb_mpi,0.020453,-3,4,6286,"[-1, -1, 2, -1, -2, -2, 1, 1, -2, -2, 1, 2, 2, 1]"
4182,dfs_bnb_mpi,0.076712,-7,8,19622,"[-1, -1, 2, 2, -1, -1, -2, 1, -2, -1, -2, 1, 1, 1]"
4183,dfs_bnb_mpi,0.00075,-5,6,218,"[-1, -1, 2, 1, 1, 2, 1, -2, 1, -2, -1, -2, 1, 1]"
4184,dfs_bnb_mpi,0.022167,-7,8,5612,"[-1, -2, 1, 1, 2, 1, 1, -2, -1, -2, -1, -2, -1, 2]"
4185,dfs_bnb_mpi,0.15372,-5,6,36252,"[-1, -1, 2, 2, 1, 2, -1, 2, -1, -1, -2, 1, -2, -1]"
4186,dfs_bnb_mpi,0.0318,-6,6,9279,"[-1, -1, 2, 2, -1, 2, 1, 1, -2, 1, 1, -2, -1, -1]"
4187,dfs_bnb_mpi,0.00229,-3,4,543,"[-1, -1, 2, 2, 2, 2, 2, 1, -2, 1, -2, -2, -1, 2]"
4188,dfs_bnb_mpi,0.005475,-4,5,1449,"[-1, -2, 1, 1, 1, 1, 2, -1, -1, 2, 1, 2, 2, 2]"
4189,dfs_bnb_mpi,0.064324,-7,8,15284,"[-1, -1, 2, 1, 2, 2, 2, 1, -2, 1, -2, -2, -1, 2]"
4190,dfs_bnb_mpi,0.00257,-3,4,705,"[-1, -1, 2, 2, -1, -2, -1, -1, -2, 1, 1, -2, 1, 1]"
4191,dfs_bnb_mpi,0.025289,-6,7,6417,"[-1, -2, -1, -2, 1, 1, 2, 1, 2, 2, 2, -1, -2, -1]"
4192,dfs_bnb_mpi,0.023369,-5,5,6917,"[-1, -1, 2, 1, 2, -1, -1, 2, -1, -2, -1, -2, 1, 1]"
4193,dfs_bnb_mpi,0.026814,-4,5,7941,"[-1, -1, 2, 2, 1, -2, 1, 1, 1, 2, -1, -1, 2, -1]"
4194,dfs_bnb_mpi,0.059119,-6,7,13421,"[-1, -2, -1, -2, -1, -2, 1, 1, 2, 1, 2, 1, 2, 2]"
4195,dfs_bnb_mpi,0.016263,-4,5,4993,"[-1, -1, 2, 2, 2, 1, -2, -2, 1, 2, 2, 1, -2, -2]"
4196,dfs_bnb_mpi,0.001155,-3,4,350,"[-1, -2, 1, 1, 1, 1, 2, -1, -1, 2, 2, -1, -2, -1]"
4197,dfs_bnb_mpi,0.000278,-2,3,84,"[-1, -1, 2, 2, 2, 2, 2, 2, 1, -2, 1, -2, -1, -2]"
4198,dfs_bnb_mpi,0.059091,-5,6,15144,"[-1, -1, 2, 2, 2, -1, -2, -1, -2, 1, -2, -1, -1, 2]"
4199,dfs_bnb_mpi,6.9e-05,-1,2,25,"[-1, -1, 2, 2, 1, -2, 1, 2, 2, 2, 2, 2, 2, 2]"
4200,dfs_bnb_mpi,0.003444,-3,4,1044,"[-1, -2, 1, 1, 2, 2, -1, -1, -1, -2, -1, 2, 2, 2]"
4201,dfs_bnb_mpi,0.009374,-4,5,2520,"[-1, -1, 2, 2, -1, -2, -2, -1, -2, 1, -2, 1, 2, 1]"
4202,dfs_bnb_mpi,0.04048,-7,7,9468,"[-1, -1, 2, 2, -1, 2, 1, 1, -2, -2, 1, 2, 1, -2]"
4203,dfs_bnb_mpi,0.022697,-5,6,5362,"[-1, -1, -1, 2, -1, -2, -2, 1, 1, 1, -2, -1, -1, -1]"
4204,dfs_bnb_mpi,0.051607,-4,5,12335,"[-1, -1, 2, 1, 1, 2, 2, 2, 1, -2, -2, -2, -2, 1]"
4205,dfs_bnb_mpi,0.11403,-6,7,27882,"[-1, -2, -1, -1, -2, 1, 1, -2, 1, 2, 2, 1, -2, -2]"
4206,dfs_bnb_mpi,0.04447,-2,3,12014,"[-1, -1, 2, 2, 2, -1, -1, -2, -2, 1, -2, -1, -1, 2]"
4207,dfs_bnb_mpi,0.024994,-5,6,6210,"[-1, -1, 2, 2, 1, 2, 2, 1, -2, -2, 1, -2, -1, -1]"
4208,dfs_bnb_mpi,0.044747,-4,5,11231,"[-1, -1, 2, 2, 1, 2, 2, 1, -2, -2, 1, -2, -1, -1]"
4209,dfs_bnb_mpi,0.002056,-4,5,589,"[-1, -1, 2, 2, 2, 1, 2, 1, -2, -2, -1, -2, 1, 1]"
4210,dfs_bnb_mpi,0.020036,-7,8,5042,"[-1, -1, 2, 2, 2, 1, -2, -2, 1, 1, 2, -1, 2, 2]"
4211,dfs_bnb_mpi,0.00373,-4,5,1106,"[-1, -1, 2, 1, 1, 1, -2, -2, -1, -2, -1, 2, -1, -1]"
4212,dfs_bnb_mpi,0.004597,-3,3,1434,"[-1, -1, 2, 2, 1, -2, 1, 1, -2, -2, -1, -1, -1, -1]"
4213,dfs_bnb_mpi,0.101848,-2,3,31441,"[-1, -1, 2, 2, 1, 2, 2, 2, 1, -2, -2, -2, -2, -1]"
4214,dfs_bnb_mpi,0.015747,-4,5,3944,"[-1, -1, 2, 2, 1, 2, -1, -1, 2, -1, -2, -2, 1, -2]"
4215,dfs_bnb_mpi,0.016133,-6,7,4582,"[-1, -1, 2, -1, 2, 1, 1, 2, 1, -2, 1, -2, -1, -1]"
4216,dfs_bnb_mpi,0.000335,-2,3,96,"[-1, -1, 2, 2, 1, 2, 2, -1, -2, -1, -2, -1, 2, 2]"
4217,dfs_bnb_mpi,0.092577,-4,5,26090,"[-1, -1, 2, 2, 1, 1, 2, 2, 1, -2, -2, -2, -1, -1]"
4218,dfs_bnb_mpi,0.084172,-4,5,18760,"[-1, -1, 2, 2, 2, 2, 1, -2, 1, -2, -1, -2, 1, 1]"
4219,dfs_bnb_mpi,0.026388,-6,7,7333,"[-1, -1, -1, 2, 1, 2, 1, -2, 1, 2, 2, 2, -1, -2]"
4220,dfs_bnb_mpi,0.156431,-6,7,37260,"[-1, -1, 2, -1, 2, 1, 2, 1, 2, 1, -2, -2, -1, -2]"
4221,dfs_bnb_mpi,0.030593,-6,7,8986,"[-1, -1, 2, 2, 1, 2, 2, 1, -2, 1, -2, -1, -2, -1]"
4222,dfs_bnb_mpi,0.038916,-2,3,10702,"[-1, -1, 2, 2, 2, 2, 2, 1, 2, 2, -1, -2, -1, -2]"
4223,dfs_bnb_mpi,0.021119,-6,6,5707,"[-1, -1, 2, 2, -1, 2, 1, 2, 1, -2, -2, 1, -2, -1]"
4224,dfs_bnb_mpi,0.023081,-5,6,6754,"[-1, -2, 1, 1, 2, 1, 2, 2, 2, -1, -2, -2, -1, 2]"
4225,dfs_bnb_mpi,0.016407,-4,5,4857,"[-1, -1, 2, 1, 2, -1, 2, -1, -2, -1, -1, -2, 1, 1]"
4226,dfs_bnb_mpi,0.010243,-4,5,2899,"[-1, -2, 1, 1, 2, 2, 2, 1, -2, 1, -2, -1, -2, 1]"
4227,dfs_bnb_mpi,0.000386,-2,3,111,"[-1, -1, 2, 2, 2, 1, -2, 1, 2, 1, -2, -2, -1, -1]"
4228,dfs_bnb_mpi,0.017751,-6,6,5270,"[-1, -1, 2, 1, 1, 1, 2, -1, -1, 2, 2, -1, -2, -2]"
4229,dfs_bnb_mpi,0.225416,-5,6,56817,"[-1, -1, 2, 2, 2, 2, 1, 2, 1, -2, -2, -1, -2, -2]"
4230,dfs_bnb_mpi,0.019032,-6,7,5170,"[-1, -2, 1, 1, 1, -2, -1, -1, -2, 1, -2, 1, 2, 1]"
4231,dfs_bnb_mpi,0.006938,-2,3,2026,"[-1, -1, 2, 2, 2, 1, 2, 2, -1, -2, -1, -2, -1, 2]"
4232,dfs_bnb_mpi,0.018291,-6,7,5323,"[-1, -2, -1, 2, 2, 1, 2, -1, 2, 1, 1, -2, -2, 1]"
4233,dfs_bnb_mpi,0.003469,-5,6,969,"[-1, -1, 2, 2, 1, -2, 1, 2, 2, -1, -1, 2, 2, 2]"
4234,dfs_bnb_mpi,0.00427,-4,5,1005,"[-1, -1, 2, 2, 2, 2, -1, -2, -2, -1, -2, 1, -2, -1]"
4235,dfs_bnb_mpi,0.225562,-6,7,50267,"[-1, -1, 2, -1, 2, -1, -2, -1, -2, 1, 1, -2, -1, -1]"
4236,dfs_bnb_mpi,0.003469,-5,6,939,"[-1, -2, 1, 1, 2, 2, 2, -1, -2, -1, 2, 2, 2, 2]"
4237,dfs_bnb_mpi,0.019011,-5,6,5789,"[-1, -2, 1, 1, 2, 2, -1, 2, -1, 2, -1, -2, -2, 1]"
4238,dfs_bnb_mpi,0.019739,-6,7,5742,"[-1, -1, 2, 1, 1, 2, -1, 2, -1, 2, -1, -2, -2, 1]"
4239,dfs_bnb_mpi,0.035708,-5,6,9952,"[-1, -2, -1, 2, 2, 1, 2, -1, -1, -2, -1, -2, 1, -2]"
4240,dfs_bnb_mpi,0.067288,-5,6,14942,"[-1, -1, 2, 2, 2, 2, 1, -2, 1, -2, -1, -2, 1, 1]"
4241,dfs_bnb_mpi,0.035195,-7,8,8026,"[-1, -2, 1, 1, 2, 1, -2, -2, -1, -1, -2, 1, 1, 1]"
4242,dfs_bnb_mpi,0.013181,-3,4,4127,"[-1, -1, 2, 1, 2, 1, -2, 1, 2, 1, -2, -2, -1, -2]"
4243,dfs_bnb_mpi,0.00606,-3,4,1966,"[-1, -1, 2, -1, -2, -1, 2, 2, 1, 1, 1, -2, 1, 2]"
4244,dfs_bnb_mpi,0.03005,-5,6,8210,"[-1, -1, 2, -1, -1, 2, -1, -1, -2, 1, -2, 1, 1, -2]"
4245,dfs_bnb_mpi,0.00232,-2,3,698,"[-1, -1, 2, 1, 2, 2, -1, -2, -1, -1, -2, 1, -2, -1]"
4246,dfs_bnb_mpi,0.041795,-4,5,12740,"[-1, -1, 2, 1, 1, 2, 2, 2, 1, -2, -2, -2, -2, 1]"
4247,dfs_bnb_mpi,0.016483,-4,5,4504,"[-1, -2, 1, 1, -2, -1, -2, -2, -1, 2, 2, -1, 2, 2]"
4248,dfs_bnb_mpi,0.073349,-6,7,16916,"[-1, -1, 2, -1, 2, 1, 2, 1, -2, -2, 1, 2, 1, -2]"
4249,dfs_bnb_mpi,0.075802,-6,7,21558,"[-1, -1, 2, 2, 1, 1, 2, 1, 1, -2, -1, -2, -1, -1]"
4250,dfs_bnb_mpi,0.164968,-4,5,37465,"[-1, -1, 2, 2, 2, -1, -2, -2, -2, -2, 1, 1, -2, -1]"
4251,dfs_bnb_mpi,0.000435,-2,3,135,"[-1, -1, 2, 1, 2, 2, 1, -2, -2, 1, 2, 2, 2, 2]"
4252,dfs_bnb_mpi,0.000151,-2,3,38,"[-1, -1, 2, 2, 2, 2, 2, 2, 2, 1, 1, -2, -1, -2]"
4253,dfs_bnb_mpi,0.057393,-4,5,13588,"[-1, -1, 2, 2, -1, -1, -1, -2, -2, 1, 2, 1, -2, -2]"
4254,dfs_bnb_mpi,0.203223,-6,7,45572,"[-1, -2, 1, 1, 2, 1, 2, 2, -1, 2, -1, -2, -2, 1]"
4255,dfs_bnb_mpi,0.010257,-5,6,2730,"[-1, -1, 2, 2, -1, -1, -2, 1, -2, -1, -2, 1, 1, 1]"
4256,dfs_bnb_mpi,0.200958,-5,6,47570,"[-1, -1, 2, 2, -1, -2, -1, -1, -2, -2, 1, 2, 1, -2]"
4257,dfs_bnb_mpi,0.047598,-5,5,13663,"[-1, -1, 2, -1, 2, -1, 2, 2, 1, -2, 1, -2, 1, -2]"
4258,dfs_bnb_mpi,0.018697,-6,7,5249,"[-1, -1, 2, -1, -2, -2, 1, 1, -2, 1, -2, -1, -1, 2]"
4259,dfs_bnb_mpi,0.013732,-7,8,3831,"[-1, -1, 2, 1, 1, 1, 2, -1, -1, 2, -1, -2, -1, -2]"
4260,dfs_bnb_mpi,0.064948,-3,4,16951,"[-1, -1, 2, 2, 2, 2, 1, -2, 1, 1, -2, -1, -1, -2]"
4261,dfs_bnb_mpi,0.068385,-6,7,18861,"[-1, -1, -1, 2, 1, 2, 1, 2, 1, -2, 1, -2, -1, -1]"
4262,dfs_bnb_mpi,0.050505,-3,4,15976,"[-1, -1, 2, 2, 1, -2, 1, 1, 2, 2, 2, -1, -2, -2]"
4263,dfs_bnb_mpi,0.009331,-4,5,2893,"[-1, -1, 2, 1, 2, 1, -2, 1, 2, 1, -2, -2, -1, -2]"
4264,dfs_bnb_mpi,0.000607,-2,3,148,"[-1, -1, 2, 2, 2, 2, 2, 1, 2, 1, -2, -2, -1, -2]"
4265,dfs_bnb_mpi,0.060086,-5,6,14199,"[-1, -1, 2, 2, -1, -1, -1, -2, -2, 1, 2, 1, -2, -2]"
4266,dfs_bnb_mpi,0.014938,-6,7,3980,"[-1, -2, -1, -2, 1, 1, 2, 1, 2, 2, 1, -2, -2, 1]"
4267,dfs_bnb_mpi,0.005367,-4,5,1671,"[-1, -2, -1, -1, -2, 1, 1, 1, 2, 1, 1, 2, -1, 2]"
4268,dfs_bnb_mpi,0.015256,-7,8,4170,"[-1, -1, 2, -1, 2, 1, 1, -2, 1, 1, 2, -1, 2, -1]"
4269,dfs_bnb_mpi,0.013615,-6,7,3170,"[-1, -1, 2, 1, 1, 2, -1, -1, -1, -2, -1, -2, 1, -2]"
4270,dfs_bnb_mpi,0.058092,-5,6,13708,"[-1, -1, 2, 2, 2, 1, 1, 1, -2, -1, -1, -2, 1, 1]"
4271,dfs_bnb_mpi,0.016015,-3,4,4248,"[-1, -1, 2, 2, 2, 1, -2, -2, 1, 2, 2, 1, -2, -2]"
4272,dfs_bnb_mpi,4.4e-05,0,1,15,"[-1, -1, 2, 2, 2, 2, 2, 2, 2, 2, 2, 2, 2, 2]"
4273,dfs_bnb_mpi,0.000341,-2,3,100,"[-1, -1, 2, 2, 2, 2, 1, 2, -1, 2, -1, -2, -2, -1]"
4274,dfs_bnb_mpi,0.018655,-6,7,5364,"[-1, -1, 2, 2, 1, 2, 1, 2, 1, -2, -2, -1, -2, -1]"
4275,dfs_bnb_mpi,0.000952,-5,6,252,"[-1, -2, 1, 1, 2, 2, 1, -2, 1, -2, -1, -2, 1, 1]"
4276,dfs_bnb_mpi,0.019564,-4,5,6078,"[-1, -2, -1, -2, 1, 1, 2, 1, 2, 2, 2, -1, -2, -1]"
4277,dfs_bnb_mpi,0.038222,-6,7,9875,"[-1, -1, 2, -1, -2, -1, 2, 2, 1, 2, 1, -2, 1, -2]"
4278,dfs_bnb_mpi,0.007598,-7,8,1902,"[-1, -1, 2, 1, 2, -1, -1, -2, -2, -1, 2, -1, 2, 1]"
4279,dfs_bnb_mpi,0.071811,-5,6,19622,"[-1, -1, 2, -1, -2, -2, 1, -2, -2, 1, 2, 2, 1, -2]"
4280,dfs_bnb_mpi,0.207116,-6,7,52209,"[-1, -1, 2, -1, -1, -1, -2, 1, 1, -2, -2, -1, 2, -1]"
4281,dfs_bnb_mpi,0.091416,-4,5,25665,"[-1, -1, 2, 2, 2, -1, -2, -1, -1, -2, 1, -2, 1, 2]"
4282,dfs_bnb_mpi,0.034056,-4,4,9145,"[-1, -1, 2, 2, 2, 2, 1, -2, -2, 1, 1, -2, -1, -1]"
4283,dfs_bnb_mpi,0.098066,-6,7,25141,"[-1, -2, -1, 2, -1, 2, 1, 2, 2, 1, -2, 1, -2, -1]"
4284,dfs_bnb_mpi,0.002557,-3,4,767,"[-1, -1, 2, -1, -2, -1, -1, -2, 1, -2, 1, 2, 1, 1]"
4285,dfs_bnb_mpi,0.048211,-5,5,14564,"[-1, -2, -1, 2, 2, -1, -1, 2, 1, 1, 2, 1, -2, -2]"
4286,dfs_bnb_mpi,0.066157,-4,4,16905,"[-1, -1, 2, 2, 1, -2, 1, 1, 2, -1, 2, 2, -1, -2]"
4287,dfs_bnb_mpi,0.056587,-7,8,15385,"[-1, -2, -1, -2, 1, 1, 2, 1, -2, -2, -2, -1, 2, -1]"
4288,dfs_bnb_mpi,0.177067,-6,7,46176,"[-1, -2, -1, 2, 2, 1, 2, 2, -1, -2, -1, -2, -2, -2]"
4289,dfs_bnb_mpi,0.074632,-4,5,21640,"[-1, -1, 2, 2, -1, -2, -1, -1, -2, -2, 1, 1, 2, -1]"
4290,dfs_bnb_mpi,0.000116,-2,3,39,"[-1, -1, 2, 2, -1, -2, -1, -2, 1, -2, 1, 1, 1, 1]"
4291,dfs_bnb_mpi,0.013438,-6,7,3802,"[-1, -1, 2, 1, 1, 2, 1, -2, -2, -2, -2, -1, 2, -1]"
4292,dfs_bnb_mpi,0.011428,-6,7,2983,"[-1, -1, 2, -1, -2, -2, 1, 1, -2, -1, -1, -1, 2, 2]"
4293,dfs_bnb_mpi,0.012602,-4,4,3877,"[-1, -2, -1, -2, -1, 2, -1, 2, 1, 1, 2, 1, 2, 2]"
4294,dfs_bnb_mpi,0.002302,-4,5,664,"[-1, -1, 2, 2, 2, 1, -2, -2, 1, 1, 2, -1, 2, 2]"
4295,dfs_bnb_mpi,0.09401,-4,5,27832,"[-1, -1, 2, 2, 1, 2, 2, 1, -2, -2, 1, -2, -1, -1]"
4296,dfs_bnb_mpi,0.003425,-5,6,983,"[-1, -1, 2, 1, 1, 2, -1, 2, -1, -2, -1, -2, -1, 2]"
4297,dfs_bnb_mpi,0.17892,-6,7,41412,"[-1, -1, 2, 2, 2, 1, 1, 1, -2, -2, -1, 2, -1, -2]"
4298,dfs_bnb_mpi,0.154722,-3,4,43234,"[-1, -1, 2, 2, 2, -1, -1, -2, -2, -1, -2, 1, 1, 2]"
4299,dfs_bnb_mpi,0.112059,-4,5,31350,"[-1, -1, 2, 2, 2, 2, 2, 1, 2, 1, -2, -2, -1, -2]"
4300,dfs_bnb_mpi,0.075678,-5,5,22399,"[-1, -1, 2, 1, 2, 1, 2, -1, 2, -1, -2, -2, -1, -2]"
4301,dfs_bnb_mpi,0.092313,-5,6,23684,"[-1, -1, 2, -1, -1, 2, 1, 1, 2, 1, -2, 1, -2, -1]"
4302,dfs_bnb_mpi,0.001936,-2,3,617,"[-1, -1, 2, 2, 2, 1, -2, -2, 1, 1, 2, -1, 2, 2]"
4303,dfs_bnb_mpi,0.000181,-3,4,57,"[-1, -1, 2, 2, 1, -2, 1, 1, 2, -1, 2, 2, 2, 2]"
4304,dfs_bnb_mpi,0.000314,-3,4,92,"[-1, -1, -1, 2, 1, 1, 1, 2, 2, 2, 2, 2, 2, 2]"
4305,dfs_bnb_mpi,0.167105,-4,5,39131,"[-1, -1, -1, 2, 2, 2, 1, 2, 1, -2, -2, -1, -2, 1]"
4306,dfs_bnb_mpi,0.003479,-3,3,991,"[-1, -1, 2, 2, 2, 2, 1, -2, 1, -2, -1, -2, 1, 1]"
4307,dfs_bnb_mpi,0.012977,-6,7,3116,"[-1, -2, -1, -2, 1, -2, 1, 2, 2, 1, 2, 2, -1, 2]"
4308,dfs_bnb_mpi,0.039783,-3,4,11683,"[-1, -1, 2, 2, 2, 2, 2, 1, -2, 1, 1, -2, -1, -1]"
4309,dfs_bnb_mpi,0.067842,-6,7,16025,"[-1, -1, 2, 2, 2, 2, 1, -2, -2, 1, 1, -2, -1, -1]"
4310,dfs_bnb_mpi,0.002271,-5,6,660,"[-1, -1, 2, -1, 2, 2, -1, -2, -1, -2, 1, -2, 1, -2]"
4311,dfs_bnb_mpi,0.13326,-6,7,34191,"[-1, -2, 1, 1, 1, -2, -1, -2, -2, -1, 2, -1, 2, 1]"
4312,dfs_bnb_mpi,0.003006,-6,7,824,"[-1, -1, 2, 1, 2, -1, 2, 1, 2, 1, -2, -2, -2, 1]"
4313,dfs_bnb_mpi,0.040305,-4,5,11035,"[-1, -1, 2, 2, 2, 2, 1, 2, 1, -2, -2, -2, -1, 2]"
4314,dfs_bnb_mpi,0.072089,-4,5,18499,"[-1, -1, 2, 2, 2, 2, 2, 1, -2, 1, -2, -1, -2, 1]"
4315,dfs_bnb_mpi,0.072454,-6,7,18999,"[-1, -2, 1, -2, -1, -2, -1, 2, 2, -1, 2, 1, 2, 1]"
4316,dfs_bnb_mpi,0.034945,-5,6,10323,"[-1, -1, 2, 2, -1, 2, 1, 2, 1, -2, 1, -2, -1, -2]"
4317,dfs_bnb_mpi,0.467947,-3,4,104015,"[-1, -1, 2, 2, 2, 2, 2, 2, 2, 1, 1, -2, -1, -2]"
4318,dfs_bnb_mpi,0.044838,-4,5,13574,"[-1, -1, 2, 2, 2, -1, -2, -1, -1, -2, 1, -2, 1, 2]"
4319,dfs_bnb_mpi,0.010646,-3,4,3255,"[-1, -1, 2, -1, -2, -1, 2, 2, 1, 1, 1, -2, 1, 2]"
4320,dfs_bnb_mpi,0.035831,-5,6,9896,"[-1, -1, 2, 1, 2, -1, 2, -1, -2, -1, -1, -2, 1, 1]"
4321,dfs_bnb_mpi,0.010151,-5,6,2974,"[-1, -1, 2, 1, 1, 2, 1, -2, -2, -2, -1, -1, -1, -1]"
4322,dfs_bnb_mpi,0.011471,-4,5,3078,"[-1, -1, 2, 2, 1, -2, 1, 1, 2, -1, 2, -1, 2, 2]"
4323,dfs_bnb_mpi,4.1e-05,0,1,15,"[-1, -1, 2, 2, 2, 2, 2, 2, 2, 2, 2, 2, 2, 2]"
4324,dfs_bnb_mpi,0.012305,-7,8,2811,"[-1, -1, 2, 1, 1, 2, -1, -1, -1, -2, -1, -2, 1, -2]"
4325,dfs_bnb_mpi,0.021832,-4,5,6083,"[-1, -1, 2, 1, 2, 2, 2, 1, -2, -2, -2, 1, 2, 2]"
4326,dfs_bnb_mpi,0.005261,-3,4,1410,"[-1, -1, 2, 2, 2, 1, 1, -2, -2, 1, -2, -2, -1, -1]"
4327,dfs_bnb_mpi,0.006764,-4,5,1916,"[-1, -1, 2, -1, 2, -1, -2, -1, -1, -2, 1, 1, 1, -2]"
4328,dfs_bnb_mpi,0.004164,-5,6,1173,"[-1, -2, 1, 1, 2, 1, 2, -1, -1, 2, -1, -2, -1, 2]"
4329,dfs_bnb_mpi,0.00133,-6,7,338,"[-1, -1, -1, 2, 1, 1, 1, 2, -1, 2, -1, -2, -1, 2]"
4330,dfs_bnb_mpi,0.044302,-7,8,11960,"[-1, -2, -1, -2, 1, 1, 2, 1, 2, 2, -1, 2, -1, -2]"
4331,dfs_bnb_mpi,0.172268,-6,7,40538,"[-1, -1, 2, -1, 2, -1, -2, -1, -2, -2, 1, 2, 1, -2]"
4332,dfs_bnb_mpi,0.008375,-6,7,2226,"[-1, -1, 2, -1, 2, 1, 1, -2, 1, 2, 1, -2, -2, 1]"
4333,dfs_bnb_mpi,0.007092,-4,5,2021,"[-1, -1, 2, 1, 1, 2, -1, -1, 2, 2, -1, -2, -2, -1]"
4334,dfs_bnb_mpi,0.000534,-2,3,185,"[-1, -2, -1, -2, 1, 1, 2, 1, 2, 2, 2, 2, 2, 2]"
4335,dfs_bnb_mpi,0.024332,-5,6,5526,"[-1, -1, 2, 2, 2, -1, -1, -2, 1, -2, -1, -2, 1, -2]"
4336,dfs_bnb_mpi,0.084682,-7,8,22590,"[-1, -1, 2, 2, 1, 2, 1, 2, 1, -2, -2, -1, -2, -1]"
4337,dfs_bnb_mpi,0.000627,-3,4,172,"[-1, -2, 1, 1, 2, 2, 1, -2, 1, 2, 2, 2, 2, 2]"
4338,dfs_bnb_mpi,0.028204,-5,6,7977,"[-1, -2, 1, -2, -1, -1, 2, 2, 2, 1, 2, 1, -2, 1]"
4339,dfs_bnb_mpi,0.021554,-4,5,5724,"[-1, -2, -1, 2, 2, -1, 2, 1, 2, 1, -2, -2, 1, 2]"
4340,dfs_bnb_mpi,0.000897,-2,3,212,"[-1, -1, 2, 2, 2, 2, 2, 1, -2, -2, 1, -2, -1, -2]"
4341,dfs_bnb_mpi,0.010297,-5,6,2752,"[-1, -1, 2, -1, 2, 2, 2, 1, -2, -2, 1, -2, 1, 2]"
4342,dfs_bnb_mpi,0.049658,-7,7,12201,"[-1, -1, -1, 2, 1, 1, 1, 1, 2, -1, -1, 2, -1, -2]"
4343,dfs_bnb_mpi,0.002232,-4,5,561,"[-1, -1, 2, 2, 2, -1, -2, -2, -1, -1, -2, 1, 1, -2]"
4344,dfs_bnb_mpi,0.000365,-2,3,89,"[-1, -1, 2, 2, 2, 2, 2, 1, -2, -2, -2, -2, 1, 2]"
4345,dfs_bnb_mpi,0.085727,-4,5,26668,"[-1, -2, -1, 2, 2, 1, 2, 2, 2, -1, -2, -2, -1, -2]"
4346,dfs_bnb_mpi,0.023872,-3,4,5347,"[-1, -1, 2, 2, 2, 2, 2, 1, -2, -2, -2, 1, 2, 2]"
4347,dfs_bnb_mpi,0.002538,-6,7,752,"[-1, -2, 1, 1, 2, 1, -2, 1, -2, -1, -2, -1, 2, -1]"
4348,dfs_bnb_mpi,0.006478,-2,3,1943,"[-1, -1, 2, 2, 2, 2, 2, 1, -2, 1, -2, -1, -2, 1]"
4349,dfs_bnb_mpi,0.000505,-2,3,142,"[-1, -1, 2, 2, 1, -2, 1, 2, 2, 2, 2, 2, 2, 2]"
4350,dfs_bnb_mpi,0.010358,-7,7,2895,"[-1, -1, 2, -1, -2, -1, 2, 2, 1, 2, 1, -2, 1, -2]"
4351,dfs_bnb_mpi,0.024114,-5,6,6128,"[-1, -2, -1, 2, -1, -1, 2, 1, 1, 2, 1, 1, -2, -1]"
4352,dfs_bnb_mpi,0.014157,-6,7,3659,"[-1, -1, 2, 1, 2, 2, 1, 2, 1, -2, -2, -1, -2, 1]"
4353,dfs_bnb_mpi,0.156077,-7,8,39379,"[-1, -2, 1, 1, 1, -2, -1, -1, -1, -1, -2, 1, 1, 1]"
4354,dfs_bnb_mpi,0.000686,-2,3,148,"[-1, -1, 2, 2, 2, 2, 2, 1, 2, 1, -2, -2, -1, -2]"
4355,dfs_bnb_mpi,0.012652,-7,8,2998,"[-1, -1, 2, 2, 2, 1, -2, -2, 1, 2, 1, 2, -1, 2]"
4356,dfs_bnb_mpi,0.134354,-4,5,35625,"[-1, -1, 2, 2, -1, -1, 2, -1, -2, -2, 1, 1, -2, -1]"
4357,dfs_bnb_mpi,0.058708,-6,7,15411,"[-1, -1, 2, 2, 1, -2, 1, 1, -2, -2, -1, -1, -2, 1]"
4358,dfs_bnb_mpi,0.0266,-4,5,6466,"[-1, -1, 2, 2, 2, 2, 1, -2, -2, -2, 1, 2, 2, 2]"
4359,dfs_bnb_mpi,0.000172,-2,3,47,"[-1, -1, 2, 2, 2, 2, 1, -2, -2, -2, 1, 2, 2, 2]"
4360,dfs_bnb_mpi,0.005914,-2,3,1666,"[-1, -1, 2, 2, -1, -1, -2, 1, -2, -1, -1, 2, 2, 2]"
4361,dfs_bnb_mpi,0.003026,-4,5,868,"[-1, -1, 2, -1, -2, -1, -2, 1, 1, -2, 1, 2, 1, 1]"
4362,dfs_bnb_mpi,0.01817,-6,7,5304,"[-1, -2, -1, -2, 1, -2, -2, 1, 2, 1, 2, 2, -1, -2]"
4363,dfs_bnb_mpi,0.038638,-6,7,10660,"[-1, -2, 1, 1, -2, -1, -1, -1, -1, -2, 1, 1, 1, 1]"
4364,dfs_bnb_mpi,0.013653,-4,5,4170,"[-1, -1, 2, 1, 2, 2, 2, 1, -2, -2, -2, 1, -2, 1]"
4365,dfs_bnb_mpi,0.000449,-3,4,116,"[-1, -2, 1, 1, 2, 2, -1, 2, 2, 2, 2, 2, 2, 2]"
4366,dfs_bnb_mpi,0.004166,-4,5,1265,"[-1, -1, 2, 2, -1, -2, -2, -1, -2, 1, -2, 1, 2, 1]"
4367,dfs_bnb_mpi,0.00776,-4,5,2010,"[-1, -1, 2, 2, -1, 2, -1, -2, -2, 1, -2, -1, -1, 2]"
4368,dfs_bnb_mpi,0.131633,-6,7,36913,"[-1, -2, -1, -2, 1, -2, 1, 1, 1, 2, -1, 2, -1, -2]"
4369,dfs_bnb_mpi,0.044835,-6,7,11918,"[-1, -1, 2, -1, -2, -2, 1, -2, 1, 1, 1, 2, -1, -1]"
4370,dfs_bnb_mpi,0.025777,-4,4,7015,"[-1, -1, 2, 1, 1, 2, 2, 2, 1, -2, -2, 1, -2, -1]"
4371,dfs_bnb_mpi,0.054135,-7,7,13646,"[-1, -1, 2, 1, 2, -1, -1, 2, -1, -2, -2, -2, 1, 2]"
4372,dfs_bnb_mpi,0.039659,-2,3,11617,"[-1, -1, 2, 2, 1, -2, 1, 2, 1, -2, -2, -2, -1, -1]"
4373,dfs_bnb_mpi,0.043019,-6,7,10386,"[-1, -1, 2, -1, -1, -2, 1, -2, -2, 1, 2, 1, -2, 1]"
4374,dfs_bnb_mpi,0.027005,-6,7,7767,"[-1, -1, 2, 1, 2, -1, -1, 2, -1, -1, -2, 1, -2, 1]"
4375,dfs_bnb_mpi,0.073096,-5,6,18999,"[-1, -1, 2, 2, 1, 2, 2, 1, -2, 1, -2, -1, -2, -1]"
4376,dfs_bnb_mpi,0.062739,-7,8,18004,"[-1, -1, 2, -1, -2, -1, 2, 2, 1, 2, 1, -2, 1, -2]"
4377,dfs_bnb_mpi,0.020356,-5,5,5656,"[-1, -1, 2, 2, 2, -1, -2, -1, -2, 1, -2, -2, 1, 1]"
4378,dfs_bnb_mpi,0.001262,-4,5,383,"[-1, -2, 1, -2, 1, 2, 1, 1, 2, -1, -1, 2, 2, 2]"
4379,dfs_bnb_mpi,0.025551,-7,8,6056,"[-1, -1, 2, 1, 1, 1, 1, -2, -1, -2, -1, -1, -1, -1]"
4380,dfs_bnb_mpi,0.053817,-4,4,15139,"[-1, -1, 2, 1, 2, 2, -1, -2, -1, -2, -2, -2, 1, 1]"
4381,dfs_bnb_mpi,0.002618,-6,7,710,"[-1, -2, -1, 2, 2, 1, 2, 1, -2, 1, 1, 2, -1, 2]"
4382,dfs_bnb_mpi,0.131099,-4,5,40441,"[-1, -2, 1, 1, 2, 2, 1, 2, 2, 1, -2, -2, -2, -1]"
4383,dfs_bnb_mpi,0.002045,-6,6,498,"[-1, -1, 2, 2, 1, -2, 1, 2, 1, -2, -2, 1, 2, 2]"
4384,dfs_bnb_mpi,0.036573,-6,7,9136,"[-1, -1, -1, 2, -1, 2, 1, 2, 1, -2, -2, 1, 2, 2]"
4385,dfs_bnb_mpi,0.010374,-5,6,2614,"[-1, -1, 2, -1, -2, -1, -2, -2, 1, 2, 1, -2, 1, 2]"
4386,dfs_bnb_mpi,0.052054,-5,5,14840,"[-1, -1, 2, 1, 1, 1, -2, 1, -2, -1, -1, -1, -1, -1]"
4387,dfs_bnb_mpi,0.114252,-8,8,25466,"[-1, -1, 2, 2, 2, 2, 1, 1, -2, -1, -2, 1, -2, -1]"
4388,dfs_bnb_mpi,0.150989,-6,7,41954,"[-1, -1, 2, 1, 2, 2, 1, 1, -2, 1, -2, -1, -1, 2]"
4389,dfs_bnb_mpi,0.122106,-3,4,34349,"[-1, -1, 2, 2, 2, 2, 1, 2, 1, -2, -2, -1, -2, -2]"
4390,dfs_bnb_mpi,0.062381,-5,6,18338,"[-1, -1, 2, 2, 2, 1, -2, -2, 1, 1, -2, -2, -1, -1]"
4391,dfs_bnb_mpi,0.006976,-3,4,2200,"[-1, -1, 2, 2, -1, -2, -2, -2, 1, -2, 1, 2, 1, 1]"
4392,dfs_bnb_mpi,0.008056,-2,3,2369,"[-1, -1, 2, 2, 2, 2, 1, 2, 2, -1, -2, -1, -2, -1]"
4393,dfs_bnb_mpi,0.018427,-5,5,5026,"[-1, -1, 2, 2, 2, 2, 1, -2, 1, -2, -1, -2, 1, 1]"
4394,dfs_bnb_mpi,0.001177,-3,4,364,"[-1, -2, -1, -1, -2, 1, 1, 1, 2, 1, 2, 2, 2, 2]"
4395,dfs_bnb_mpi,0.026601,-4,5,7941,"[-1, -1, 2, 2, -1, 2, -1, -2, -2, -1, -2, 1, 1, 2]"
4396,dfs_bnb_mpi,0.004621,-4,4,1380,"[-1, -1, 2, 2, 1, -2, 1, 1, 2, -1, 2, -1, 2, 2]"
4397,dfs_bnb_mpi,0.012853,-6,6,3732,"[-1, -2, 1, 1, 2, 2, -1, -1, 2, -1, -2, -2, -2, -1]"
4398,dfs_bnb_mpi,0.023508,-5,6,6095,"[-1, -1, 2, 2, 2, -1, -1, -2, 1, -2, -1, -2, 1, -2]"
4399,dfs_bnb_mpi,0.008646,-4,5,2271,"[-1, -1, 2, 2, -1, 2, -1, -1, -2, 1, -2, 1, -2, -1]"
4400,dfs_bnb_mpi,0.005092,-6,7,1499,"[-1, -2, 1, -2, 1, 2, 1, 2, -1, 2, 2, -1, -2, -1]"
4401,dfs_bnb_mpi,0.025074,-4,5,7471,"[-1, -1, 2, -1, -2, -2, 1, 1, 1, -2, -1, -1, -1, -1]"
4402,dfs_bnb_mpi,0.0387,-6,7,8871,"[-1, -1, 2, -1, -1, -1, -2, -2, 1, 2, 1, -2, 1, 1]"
4403,dfs_bnb_mpi,0.040517,-5,6,9424,"[-1, -1, 2, 2, 2, 2, 1, 1, -2, -1, -2, 1, -2, -1]"
4404,dfs_bnb_mpi,0.001964,-4,4,588,"[-1, -1, 2, 1, 1, 2, 1, -2, 1, 1, -2, -1, -1, -2]"
4405,dfs_bnb_mpi,0.010162,-3,4,3109,"[-1, -2, 1, 1, 2, 1, -2, -2, -1, -1, -1, -1, 2, 2]"
4406,dfs_bnb_mpi,0.02981,-4,5,9104,"[-1, -1, 2, 2, 1, 2, 2, 1, -2, -2, 1, -2, -1, -1]"
4407,dfs_bnb_mpi,0.015121,-5,5,4310,"[-1, -1, 2, 2, 1, -2, 1, 2, 2, 1, -2, 1, -2, -1]"
4408,dfs_bnb_mpi,0.003262,-2,3,929,"[-1, -1, 2, 2, 2, 2, -1, -2, -2, -2, -2, -2, 1, 1]"
4409,dfs_bnb_mpi,0.038846,-3,4,11958,"[-1, -1, 2, -1, -1, -2, 1, -2, -1, -1, 2, 2, 2, 1]"
4410,dfs_bnb_mpi,0.18672,-6,7,42078,"[-1, -1, 2, -1, -1, -1, -2, -1, -2, 1, 1, 2, 1, -2]"
4411,dfs_bnb_mpi,0.00904,-6,6,2302,"[-1, -2, 1, -2, 1, 2, 1, 2, -1, 2, -1, -1, 2, 2]"
4412,dfs_bnb_mpi,0.030383,-5,5,8187,"[-1, -1, 2, 1, 2, 2, 1, -2, -2, 1, -2, -2, -1, -1]"
4413,dfs_bnb_mpi,0.002843,-5,5,839,"[-1, -1, 2, 1, 2, 2, 1, -2, -2, 1, 2, 2, 2, 2]"
4414,dfs_bnb_mpi,0.167697,-7,8,40147,"[-1, -2, -2, -2, 1, 1, 2, 1, 2, 2, -1, -2, -1, -2]"
4415,dfs_bnb_mpi,0.000992,-4,5,259,"[-1, -2, -1, -2, -2, 1, 2, 1, 2, 1, 2, 2, 2, 2]"
4416,dfs_bnb_mpi,0.00734,-5,6,2024,"[-1, -1, 2, 2, -1, -2, -2, -2, 1, 1, -2, 1, 2, 1]"
4417,dfs_bnb_mpi,0.014421,-2,3,4400,"[-1, -1, 2, 2, 2, 2, 2, 2, 1, -2, 1, -2, -1, -2]"
4418,dfs_bnb_mpi,0.157792,-7,7,35732,"[-1, -2, -1, 2, 2, 1, 2, 2, -1, -2, -1, -2, -2, -2]"
4419,dfs_bnb_mpi,0.147828,-4,5,36412,"[-1, -1, 2, 2, 1, 2, 2, 2, 1, -2, -2, -2, -2, -1]"
4420,dfs_bnb_mpi,0.022957,-6,7,6280,"[-1, -1, 2, 1, 2, -1, 2, -1, -1, -2, 1, -2, -2, -1]"
4421,dfs_bnb_mpi,0.004944,-4,5,1444,"[-1, -1, 2, 1, 2, -1, 2, -1, -2, -2, -1, -2, 1, -2]"
4422,dfs_bnb_mpi,0.013165,-4,5,3573,"[-1, -2, 1, -2, -1, -1, 2, -1, 2, 1, 2, 1, 2, 2]"
4423,dfs_bnb_mpi,0.051632,-5,6,13891,"[-1, -1, 2, 1, 1, 2, 1, 2, -1, 2, -1, -2, -2, -1]"
4424,dfs_bnb_mpi,0.012711,-4,5,3919,"[-1, -2, -1, -2, 1, -2, 1, 2, 2, 1, 2, 2, -1, 2]"
4425,dfs_bnb_mpi,0.069757,-6,7,17400,"[-1, -1, 2, 2, 1, 2, 2, 1, -2, -2, 1, -2, -1, -1]"
4426,dfs_bnb_mpi,0.000803,-2,3,250,"[-1, -1, 2, 2, 2, 1, -2, -2, 1, 2, 2, 2, 2, 2]"
4427,dfs_bnb_mpi,0.021717,-5,6,5764,"[-1, -1, 2, 1, 2, -1, 2, 1, 1, 1, -2, -1, -2, 1]"
4428,dfs_bnb_mpi,0.113663,-5,5,29645,"[-1, -1, 2, 1, 2, 2, -1, -1, -2, -2, -2, -2, 1, 1]"
4429,dfs_bnb_mpi,0.004069,-5,6,1059,"[-1, -1, 2, 2, 1, -2, 1, 2, 1, -2, 1, -2, -1, -2]"
4430,dfs_bnb_mpi,0.323797,-5,6,71995,"[-1, -1, 2, 2, 2, 1, 1, 1, -2, -1, -1, -2, 1, 1]"
4431,dfs_bnb_mpi,0.001996,-6,7,496,"[-1, -1, -1, 2, 1, 2, 1, -2, 1, 1, 2, -1, 2, 2]"
4432,dfs_bnb_mpi,0.018144,-5,5,5179,"[-1, -1, 2, 2, -1, -2, -1, -1, -2, 1, 1, -2, 1, 1]"
4433,dfs_bnb_mpi,0.036623,-6,7,9638,"[-1, -1, 2, -1, 2, 1, 1, 2, 1, -2, 1, -2, -1, -1]"
4434,dfs_bnb_mpi,0.105953,-4,5,29947,"[-1, -2, -1, 2, -1, 2, 2, 2, 2, 1, -2, -2, -2, 1]"
4435,dfs_bnb_mpi,0.041034,-3,4,12689,"[-1, -1, 2, -1, 2, 2, 2, -1, -2, -2, -2, -2, 1, -2]"
4436,dfs_bnb_mpi,0.026073,-7,8,6601,"[-1, -1, 2, -1, 2, 1, 2, 1, -2, 1, 1, -2, -1, -1]"
4437,dfs_bnb_mpi,0.000274,-4,5,71,"[-1, -1, 2, 2, 2, 1, 2, -1, -1, -2, -1, -2, 1, -2]"
4438,dfs_bnb_mpi,0.029977,-4,5,7890,"[-1, -1, 2, 2, 2, 1, 2, -1, 2, -1, -2, -1, -2, 1]"
4439,dfs_bnb_mpi,0.030253,-7,8,7890,"[-1, -1, 2, 1, 2, 1, -2, 1, 1, -2, -1, -2, -1, -1]"
4440,dfs_bnb_mpi,0.154065,-5,6,36936,"[-1, -1, 2, 2, 1, 2, 1, 1, 1, -2, -1, -1, -2, -1]"
4441,dfs_bnb_mpi,0.000159,-1,2,42,"[-1, -1, 2, 2, 2, 2, 1, -2, -2, -2, 1, 2, 2, 2]"
4442,dfs_bnb_mpi,0.044493,-5,6,11351,"[-1, -1, 2, -1, 2, 2, 1, -2, 1, 2, 1, -2, -2, -1]"
4443,dfs_bnb_mpi,0.002242,-2,3,728,"[-1, -1, 2, 2, 2, 1, 1, -2, -1, -2, 1, 1, 2, 2]"
4444,dfs_bnb_mpi,0.00633,-6,7,1664,"[-1, -1, 2, -1, 2, 1, 1, -2, 1, 1, -2, -2, -1, -1]"
4445,dfs_bnb_mpi,0.007458,-4,5,2119,"[-1, -1, 2, -1, 2, -1, -2, -2, 1, -2, -2, 1, 2, 1]"
4446,dfs_bnb_mpi,0.010839,-4,5,2964,"[-1, -1, 2, 2, -1, -2, -2, -1, 2, 2, 2, -1, -2, -1]"
4447,dfs_bnb_mpi,0.178577,-6,7,41676,"[-1, -1, 2, -1, 2, -1, -2, -1, -2, -2, 1, 2, 1, -2]"
4448,dfs_bnb_mpi,0.077329,-4,5,21479,"[-1, -1, 2, 2, 1, -2, 1, 2, 2, -1, -1, -1, -2, -2]"
4449,dfs_bnb_mpi,0.011388,-6,7,2926,"[-1, -1, 2, 2, 1, -2, 1, 1, 2, -1, 2, 2, 1, -2]"
4450,dfs_bnb_mpi,0.020123,-6,7,4749,"[-1, -2, -1, 2, -1, -1, 2, 1, 1, 1, 2, -1, -1, 2]"
4451,dfs_bnb_mpi,4.2e-05,0,1,15,"[-1, -1, 2, 2, 2, 2, 2, 2, 2, 2, 2, 2, 2, 2]"
4452,dfs_bnb_mpi,0.115922,-5,5,27128,"[-1, -2, 1, 1, 2, 2, 2, 2, -1, -2, -2, -1, -1, -2]"
4453,dfs_bnb_mpi,0.003339,-5,5,818,"[-1, -1, 2, 1, 2, 2, 1, -2, -2, 1, 2, 2, 2, 2]"
4454,dfs_bnb_mpi,0.007992,-2,3,2521,"[-1, -2, 1, 1, 2, 2, 2, -1, -1, -2, -1, -2, -1, 2]"
4455,dfs_bnb_mpi,0.04074,-4,5,12138,"[-1, -1, 2, 2, 2, 1, 1, 2, -1, 2, -1, -2, -1, -2]"
4456,dfs_bnb_mpi,0.079988,-4,5,17882,"[-1, -1, 2, 2, 2, 1, 2, 1, -2, -2, -1, -2, 1, 1]"
4457,dfs_bnb_mpi,0.109505,-6,7,27598,"[-1, -2, -1, -2, 1, -2, 1, 2, 2, 1, 2, 2, 1, -2]"
4458,dfs_bnb_mpi,0.005018,-4,5,1497,"[-1, -1, 2, -1, 2, 2, -1, -2, -1, -2, 1, -2, 1, -2]"
4459,dfs_bnb_mpi,0.038882,-4,5,10996,"[-1, -1, 2, 1, 2, 1, 1, -2, -2, -2, -2, -1, 2, -1]"
4460,dfs_bnb_mpi,0.025772,-2,3,7547,"[-1, -1, 2, 2, 2, 1, 2, 2, 2, -1, -2, -2, -1, -2]"
4461,dfs_bnb_mpi,0.037492,-3,4,11297,"[-1, -1, 2, 2, 2, 1, -2, 1, 2, 1, -2, -2, -1, -1]"
4462,dfs_bnb_mpi,0.028298,-4,5,7447,"[-1, -1, 2, 2, 1, 2, 2, 1, -2, -2, 1, -2, -1, -1]"
4463,dfs_bnb_mpi,0.111263,-3,4,34782,"[-1, -1, 2, 2, 1, 2, 2, 2, 1, -2, -2, -2, -2, -1]"
4464,dfs_bnb_mpi,0.008806,-4,5,2351,"[-1, -1, 2, -1, 2, -1, -2, -1, -2, 1, 1, -2, 1, 1]"
4465,dfs_bnb_mpi,0.013734,-6,6,3497,"[-1, -1, 2, 1, 2, -1, 2, -1, -2, -2, -1, -2, 1, -2]"
4466,dfs_bnb_mpi,0.152743,-5,6,35872,"[-1, -1, 2, 2, 1, 2, 2, 1, -2, 1, -2, -1, -2, -1]"
4467,dfs_bnb_mpi,0.000618,-3,4,182,"[-1, -1, 2, 2, 1, 1, -2, 1, 2, 1, -2, -2, -1, -2]"
4468,dfs_bnb_mpi,0.041007,-6,7,11823,"[-1, -1, 2, 1, 2, 2, 1, 1, -2, 1, -2, -1, -1, 2]"
4469,dfs_bnb_mpi,0.019238,-3,3,5715,"[-1, -1, 2, 2, 2, 2, 2, 1, -2, -2, 1, -2, -1, -2]"
4470,dfs_bnb_mpi,0.064002,-4,5,16850,"[-1, -1, 2, 2, 2, 1, -2, -2, 1, 2, 2, 1, -2, -2]"
4471,dfs_bnb_mpi,0.06609,-4,5,16243,"[-1, -2, 1, 1, 2, 2, -1, -1, 2, -1, -2, -1, -2, 1]"
4472,dfs_bnb_mpi,0.17903,-6,7,41575,"[-1, -1, -1, -1, 2, 2, 1, 1, 2, 1, -2, -2, -1, -1]"
4473,dfs_bnb_mpi,0.163728,-4,4,38120,"[-1, -1, 2, 2, 2, 2, 2, 1, -2, -2, -2, 1, -2, -1]"
4474,dfs_bnb_mpi,0.062798,-6,6,17386,"[-1, -2, -1, -2, -1, -2, -1, 2, 2, 1, 2, 1, 2, 1]"
4475,dfs_bnb_mpi,0.187135,-6,7,41828,"[-1, -1, 2, -1, 2, 1, 2, 1, -2, 1, 1, -2, -1, -1]"
4476,dfs_bnb_mpi,0.027911,-5,6,6766,"[-1, -1, 2, 2, -1, -2, -2, -2, 1, 1, -2, -1, -1, -1]"
4477,dfs_bnb_mpi,0.101643,-6,7,28554,"[-1, -2, -1, 2, 2, 1, 2, 1, -2, 1, -2, -2, -1, -2]"
4478,dfs_bnb_mpi,0.015893,-6,7,4530,"[-1, -2, -1, -2, 1, -2, 1, 1, 2, -1, 2, 1, 2, 2]"
4479,dfs_bnb_mpi,0.015273,-4,5,4154,"[-1, -1, 2, 2, 1, 2, -1, -1, -2, -2, -2, -2, 1, 1]"
4480,dfs_bnb_mpi,0.000133,-1,2,39,"[-1, -1, 2, 2, 2, 2, 2, 2, 2, 1, -2, -2, -2, 1]"
4481,dfs_bnb_mpi,0.090473,-6,7,24144,"[-1, -1, 2, -1, -1, 2, -1, -2, -2, -2, 1, 1, 2, -1]"
4482,dfs_bnb_mpi,0.050247,-7,8,14157,"[-1, -2, 1, 1, 2, 1, -2, 1, -2, -1, -2, -1, 2, -1]"
4483,dfs_bnb_mpi,0.037576,-7,8,9961,"[-1, -2, 1, -2, -2, 1, 2, 1, 2, 2, 2, -1, -2, -2]"
4484,dfs_bnb_mpi,0.14829,-5,6,42238,"[-1, -2, 1, 1, 2, 1, -2, 1, 1, -2, -1, -1, -1, -1]"
4485,dfs_bnb_mpi,0.093341,-5,5,24167,"[-1, -1, 2, 2, 1, -2, 1, 2, 2, 1, -2, 1, -2, -1]"
4486,dfs_bnb_mpi,0.021361,-5,6,6082,"[-1, -1, 2, -1, 2, 2, 1, -2, 1, 2, 1, -2, -2, -1]"
4487,dfs_bnb_mpi,0.099027,-5,5,23319,"[-1, -1, 2, 2, 2, 2, 1, 1, -2, -1, -2, 1, -2, -1]"
4488,dfs_bnb_mpi,0.050784,-3,4,12110,"[-1, -1, 2, 2, 2, -1, -1, -2, 1, -2, -1, -2, 1, -2]"
4489,dfs_bnb_mpi,0.00032,-3,4,103,"[-1, -2, -1, -2, 1, 1, 2, 1, 2, 2, 2, 2, 2, 2]"
4490,dfs_bnb_mpi,0.06981,-6,7,18101,"[-1, -1, 2, 1, 2, 2, 1, -2, -2, 1, 2, 2, 2, -1]"
4491,dfs_bnb_mpi,0.450468,-4,5,115048,"[-1, -2, 1, 1, 2, 2, 2, -1, -2, -1, 2, -1, -2, -2]"
4492,dfs_bnb_mpi,0.023341,-4,5,6426,"[-1, -1, 2, 2, 1, -2, 1, 2, 1, -2, -2, 1, 2, 2]"
4493,dfs_bnb_mpi,0.00177,-6,7,521,"[-1, -2, 1, 1, -2, -1, -2, -1, 2, -1, -1, 2, 1, 2]"
4494,dfs_bnb_mpi,0.013474,-7,8,3526,"[-1, -2, -2, 1, 2, 1, 2, 2, -1, -1, -1, -2, -2, -1]"
4495,dfs_bnb_mpi,0.012965,-7,8,2932,"[-1, -2, 1, 1, 1, 2, -1, 2, 1, 2, -1, -1, -2, -1]"
4496,dfs_bnb_mpi,0.01149,-6,7,2843,"[-1, -2, -1, -2, 1, 1, 2, 1, -2, -2, -1, -1, -1, -1]"
4497,dfs_bnb_mpi,0.326359,-4,5,96814,"[-1, -1, 2, 2, 2, 1, 2, 2, 1, -2, -2, -2, -1, -2]"
4498,dfs_bnb_mpi,0.168937,-6,7,39866,"[-1, -1, 2, 1, 2, 2, 1, 1, 1, -2, -1, -1, -2, 1]"
4499,dfs_bnb_mpi,0.021937,-4,5,5300,"[-1, -1, -1, 2, 1, 1, 1, 2, -1, -1, 2, -1, -2, -1]"
4500,dfs_bnb_mpi,0.037163,-4,5,11454,"[-1, -1, 2, 1, 2, 1, -2, 1, 1, -2, -1, -2, -1, -1]"
4501,dfs_bnb_mpi,0.000248,-2,3,63,"[-1, -1, 2, 2, 2, 2, -1, -2, -2, -2, -1, -2, 1, -2]"
4502,dfs_bnb_mpi,0.006439,-4,5,1945,"[-1, -1, 2, -1, -2, -1, 2, -1, -2, -2, -2, 1, 2, 1]"
4503,dfs_bnb_mpi,0.023241,-5,5,6423,"[-1, -2, 1, 1, 2, 2, 2, 1, -2, -2, 1, -2, -1, -2]"
4504,dfs_bnb_mpi,0.005975,-6,7,1570,"[-1, -1, -1, 2, 1, 2, -1, 2, 1, 1, -2, -2, 1, 2]"
4505,dfs_bnb_mpi,0.001476,-4,5,433,"[-1, -1, 2, 1, 2, -1, -1, -2, -2, -1, -1, 2, 1, 2]"
4506,dfs_bnb_mpi,0.021251,-6,7,5038,"[-1, -2, 1, 1, -2, -2, -1, 2, -1, -2, -1, 2, 2, 2]"
4507,dfs_bnb_mpi,0.032446,-7,6,8810,"[-1, -1, 2, 2, 1, -2, 1, 2, 1, 1, -2, -2, -1, 2]"
4508,dfs_bnb_mpi,0.04519,-3,4,12266,"[-1, -1, 2, 2, 2, 1, -2, -2, 1, 2, 1, -2, 1, 2]"
4509,dfs_bnb_mpi,0.023432,-5,5,5896,"[-1, -2, 1, 1, 2, 2, 2, -1, -2, -1, -1, -2, -2, -1]"
4510,dfs_bnb_mpi,0.007283,-3,4,1838,"[-1, -1, 2, 1, 2, 2, 1, -2, -2, 1, 2, 2, 2, 2]"
4511,dfs_bnb_mpi,0.025176,-3,4,5768,"[-1, -1, 2, 1, 2, 2, -1, -2, -1, -1, -2, 1, -2, -1]"
4512,dfs_bnb_mpi,0.005247,-4,5,1607,"[-1, -1, 2, -1, -2, -1, -1, -2, 1, 1, -2, 1, 2, 1]"
4513,dfs_bnb_mpi,5e-05,0,1,15,"[-1, -1, 2, 2, 2, 2, 2, 2, 2, 2, 2, 2, 2, 2]"
4514,dfs_bnb_mpi,0.004998,-4,4,1499,"[-1, -1, 2, 1, 1, 2, 2, 1, -2, 1, 1, -2, -1, -1]"
4515,dfs_bnb_mpi,0.017708,-5,5,5050,"[-1, -1, 2, 1, 1, 2, 1, 1, -2, -1, -2, -2, -1, -1]"
4516,dfs_bnb_mpi,0.044878,-4,5,12862,"[-1, -1, 2, 2, -1, -2, -2, -1, -1, -2, 1, 1, 1, 1]"
4517,dfs_bnb_mpi,0.032498,-6,7,7636,"[-1, -1, 2, 1, 2, 2, 1, -2, -2, 1, 2, 1, 2, -1]"
4518,dfs_bnb_mpi,0.149754,-7,8,35387,"[-1, -2, 1, 1, 2, 1, 1, 2, -1, 2, -1, -1, -2, 1]"
4519,dfs_bnb_mpi,0.086186,-4,5,26838,"[-1, -2, 1, 1, 2, 2, 2, 1, -2, 1, 1, -2, -1, -1]"
4520,dfs_bnb_mpi,0.035104,-5,6,8568,"[-1, -1, 2, 2, 2, -1, -1, -2, 1, -2, -2, -1, -2, 1]"
4521,dfs_bnb_mpi,0.081704,-7,8,22174,"[-1, -1, 2, -1, -2, -1, 2, 2, 1, 2, 1, -2, 1, -2]"
4522,dfs_bnb_mpi,0.027321,-6,7,6549,"[-1, -1, 2, 1, 2, 1, -2, 1, 2, 2, -1, 2, -1, -2]"
4523,dfs_bnb_mpi,0.009019,-4,4,2257,"[-1, -2, 1, 1, 2, 1, -2, -2, -1, -1, -2, 1, 1, 1]"
4524,dfs_bnb_mpi,0.000635,-3,4,190,"[-1, -1, 2, 1, 1, 1, 1, -2, -1, -2, 1, 1, 2, 2]"
4525,dfs_bnb_mpi,0.008804,-4,5,2299,"[-1, -1, 2, 1, 2, 1, -2, 1, -2, -2, -1, -1, -1, -1]"
4526,dfs_bnb_mpi,0.008726,-7,8,2466,"[-1, -1, 2, 1, 2, 1, -2, 1, -2, -2, -1, -2, -1, 2]"
4527,dfs_bnb_mpi,0.025323,-3,4,6503,"[-1, -1, 2, 2, 2, -1, -2, -1, -1, -2, 1, 1, -2, -1]"
4528,dfs_bnb_mpi,0.081201,-6,7,19259,"[-1, -1, 2, 2, -1, 2, 2, -1, -2, -2, -2, -2, 1, 2]"
4529,dfs_bnb_mpi,0.076816,-5,6,18110,"[-1, -1, 2, 1, 1, 1, -2, 1, -2, -1, -1, -1, -2, 1]"
4530,dfs_bnb_mpi,0.165847,-6,6,37482,"[-1, -1, 2, 2, 2, 1, 2, 1, -2, -2, -1, -2, 1, 1]"
4531,dfs_bnb_mpi,0.029081,-5,6,8764,"[-1, -1, 2, -1, -1, -2, 1, -2, -1, -2, 1, 1, 2, 1]"
4532,dfs_bnb_mpi,0.005686,-4,4,1646,"[-1, -1, 2, 2, 1, -2, 1, 2, 2, 1, -2, 1, -2, -1]"
4533,dfs_bnb_mpi,0.000808,-4,5,254,"[-1, -2, 1, -2, 1, 2, 1, 2, -1, 2, 2, 2, 2, 2]"
4534,dfs_bnb_mpi,0.034782,-6,6,8647,"[-1, -1, 2, -1, -2, -1, -2, 1, -2, 1, 2, 1, -2, 1]"
4535,dfs_bnb_mpi,0.011895,-4,5,3458,"[-1, -1, 2, 2, 2, -1, -2, -1, -2, -2, -2, 1, 2, 2]"
4536,dfs_bnb_mpi,0.004884,-4,5,1487,"[-1, -2, -1, 2, 2, -1, 2, 1, 2, 1, -2, -2, 1, 2]"
4537,dfs_bnb_mpi,0.021716,-6,7,6254,"[-1, -1, 2, 1, 2, 1, -2, 1, -2, -2, -1, -2, -1, 2]"
4538,dfs_bnb_mpi,0.123803,-5,6,34223,"[-1, -1, 2, 1, 2, 2, -1, -1, -1, -2, -2, 1, 2, 1]"
4539,dfs_bnb_mpi,0.135568,-6,7,38923,"[-1, -1, 2, -1, 2, 1, 1, 2, 2, 1, -2, -2, -2, -1]"
4540,dfs_bnb_mpi,0.005153,-5,5,1581,"[-1, -2, -1, -2, 1, -2, 1, 2, 2, 1, 1, 2, -1, 2]"
4541,dfs_bnb_mpi,0.140677,-5,6,40825,"[-1, -1, 2, 2, 2, -1, -2, -1, -2, -1, -2, 1, 1, 2]"
4542,dfs_bnb_mpi,0.001726,-4,5,513,"[-1, -1, 2, 1, 1, 1, -2, -2, -1, -1, -2, -1, 2, -1]"
4543,dfs_bnb_mpi,0.000377,-3,4,124,"[-1, -2, -1, 2, 2, 2, 1, -2, 1, 2, 2, 2, 2, 2]"
4544,dfs_bnb_mpi,0.015487,-6,7,4144,"[-1, -2, 1, 1, 2, 2, 1, 2, 2, -1, -2, -1, -2, -1]"
4545,dfs_bnb_mpi,0.002596,-5,6,778,"[-1, -2, -1, 2, 2, 1, 2, -1, -1, -2, -1, -2, 1, -2]"
4546,dfs_bnb_mpi,0.015242,-5,6,3940,"[-1, -1, 2, 2, 2, 1, -2, -2, 1, 1, 2, -1, 2, 2]"
4547,dfs_bnb_mpi,0.003785,-2,3,1144,"[-1, -1, 2, 1, 2, 2, 2, -1, -2, -2, -1, -2, -1, 2]"
4548,dfs_bnb_mpi,0.019131,-5,4,4676,"[-1, -1, 2, 2, 2, 2, 1, -2, -2, -2, 1, 2, 2, 2]"
4549,dfs_bnb_mpi,0.035437,-7,8,9140,"[-1, -1, 2, 1, 1, 2, 1, -2, -2, -2, -1, -1, -2, 1]"
4550,dfs_bnb_mpi,0.04308,-4,5,12179,"[-1, -1, 2, 2, 2, 1, 2, 1, 2, -1, -1, -2, -1, -2]"
4551,dfs_bnb_mpi,0.0584,-3,4,16178,"[-1, -1, 2, 2, -1, -2, -1, 2, -1, -2, -2, 1, 1, -2]"
4552,dfs_bnb_mpi,0.062307,-6,6,17067,"[-1, -2, 1, 1, 2, 2, -1, 2, 2, -1, -2, -1, -2, 1]"
4553,dfs_bnb_mpi,0.054403,-5,6,14575,"[-1, -2, 1, 1, 1, 1, 2, 2, -1, -2, -1, 2, -1, 2]"
4554,dfs_bnb_mpi,0.002138,-5,6,575,"[-1, -1, 2, 1, 2, 1, -2, 1, -2, -2, -1, -1, -1, -1]"
4555,dfs_bnb_mpi,0.032978,-3,4,9603,"[-1, -1, 2, 2, -1, -2, -2, -2, 1, -2, 1, 1, 2, -1]"
4556,dfs_bnb_mpi,0.005214,-2,3,1643,"[-1, -1, 2, 1, 2, 2, 1, -2, -2, 1, 2, 2, 2, 2]"
4557,dfs_bnb_mpi,0.003997,-6,7,1107,"[-1, -2, -2, -1, 2, -1, 2, 1, 2, 1, 2, 1, -2, 1]"
4558,dfs_bnb_mpi,0.01687,-5,6,4198,"[-1, -2, -2, -1, -1, 2, 1, 2, -1, 2, 1, 1, 2, 2]"
4559,dfs_bnb_mpi,0.000369,-2,3,95,"[-1, -1, 2, 1, 2, 2, -1, -2, -1, -2, -1, 2, 2, 2]"
4560,dfs_bnb_mpi,0.010734,-7,8,2700,"[-1, -1, 2, 2, 2, 1, -2, -2, 1, 1, 2, 2, -1, -2]"
4561,dfs_bnb_mpi,0.003034,-5,6,736,"[-1, -1, 2, 2, 2, 1, -2, -2, 1, 1, 2, -1, 2, 2]"
4562,dfs_bnb_mpi,0.007467,-5,5,2037,"[-1, -1, 2, 1, 2, 1, -2, 1, 2, 2, 2, -1, -2, -1]"
4563,dfs_bnb_mpi,0.015787,-6,6,3841,"[-1, -1, 2, 1, 2, -1, -1, -1, -2, 1, -2, -1, -1, 2]"
4564,dfs_bnb_mpi,0.009393,-7,7,2586,"[-1, -1, 2, 2, 1, -2, 1, 1, 2, 1, 2, -1, -1, -2]"
4565,dfs_bnb_mpi,0.004401,-2,3,1265,"[-1, -1, 2, 2, 2, 2, 2, 1, 2, -1, -1, -2, -1, 2]"
4566,dfs_bnb_mpi,0.026091,-6,6,6647,"[-1, -1, 2, 2, 2, 1, -2, -2, 1, 2, 1, -2, -2, 1]"
4567,dfs_bnb_mpi,0.000938,-3,4,261,"[-1, -1, 2, 1, 2, 1, -2, 1, 2, 2, 2, 2, 2, 2]"
4568,dfs_bnb_mpi,0.024151,-4,5,6365,"[-1, -1, 2, 2, 2, 1, 2, 1, 1, -2, -1, -2, -1, -2]"
4569,dfs_bnb_mpi,0.00809,-6,7,2332,"[-1, -2, -1, -2, -1, -2, -2, 1, 2, 1, 2, 1, 2, 1]"
4570,dfs_bnb_mpi,0.004892,-4,4,1500,"[-1, -1, 2, -1, 2, 1, 1, -2, 1, 1, -2, -2, -1, -1]"
4571,dfs_bnb_mpi,0.134466,-5,6,38073,"[-1, -1, -1, 2, 2, 2, 1, -2, -2, 1, 1, 2, -1, 2]"
4572,dfs_bnb_mpi,0.00921,-3,4,2684,"[-1, -1, 2, 2, 2, -1, -2, -2, -1, -1, -2, 1, 1, -2]"
4573,dfs_bnb_mpi,0.015185,-4,5,4092,"[-1, -1, 2, 2, 2, 2, 1, 1, 1, -2, -1, -2, -1, 2]"
4574,dfs_bnb_mpi,0.12254,-5,6,31342,"[-1, -1, 2, 2, 2, 2, 1, 2, 1, -2, -2, -2, -1, 2]"
4575,dfs_bnb_mpi,0.006341,-6,7,1801,"[-1, -1, 2, 1, 2, 2, 2, 1, -2, 1, -2, -1, -2, 1]"
4576,dfs_bnb_mpi,0.005397,-3,4,1287,"[-1, -2, -1, -1, -2, 1, 1, 1, 2, 1, 2, 2, 2, 2]"
4577,dfs_bnb_mpi,0.093944,-7,8,25439,"[-1, -1, 2, 2, 1, 2, 2, 1, -2, 1, -2, -1, -2, -1]"
4578,dfs_bnb_mpi,0.025878,-6,7,6280,"[-1, -1, 2, 1, 1, 2, 1, 1, -2, -1, -2, -2, 1, 2]"
4579,dfs_bnb_mpi,0.041538,-6,7,9346,"[-1, -1, 2, -1, -2, -1, -2, 1, 1, 1, -2, -1, -1, -1]"
4580,dfs_bnb_mpi,0.001474,-3,3,414,"[-1, -1, 2, 2, 2, 1, -2, -2, 1, 2, 2, 2, 2, 2]"
4581,dfs_bnb_mpi,0.069855,-6,7,18935,"[-1, -2, 1, 1, 2, 1, 2, -1, 2, -1, -2, -1, -1, -2]"
4582,dfs_bnb_mpi,0.130508,-7,8,32946,"[-1, -1, 2, -1, 2, 2, 1, -2, 1, 2, 1, -2, -2, -1]"
4583,dfs_bnb_mpi,0.106186,-4,5,26858,"[-1, -1, 2, 2, 2, -1, -1, -2, 1, -2, -1, -2, 1, -2]"
4584,dfs_bnb_mpi,0.000901,-2,3,290,"[-1, -2, 1, 1, 2, 2, 1, -2, -2, -2, -1, -1, -1, -1]"
4585,dfs_bnb_mpi,0.061525,-5,6,14238,"[-1, -1, 2, 2, 2, 2, 1, -2, 1, -2, -1, -2, 1, 1]"
4586,dfs_bnb_mpi,0.025678,-4,4,7754,"[-1, -2, 1, 1, 1, -2, -1, -1, -1, -1, -2, 1, 1, 1]"
4587,dfs_bnb_mpi,0.007648,-2,3,1902,"[-1, -1, 2, 2, 2, 2, 2, 1, -2, 1, 1, -2, -1, -1]"
4588,dfs_bnb_mpi,0.039488,-3,4,11958,"[-1, -1, 2, -1, -1, -2, 1, -2, -1, -1, 2, 2, 2, 1]"
4589,dfs_bnb_mpi,0.15452,-7,8,34859,"[-1, -2, 1, -2, 1, -2, 1, 2, 1, 2, -1, 2, -1, -2]"
4590,dfs_bnb_mpi,0.098306,-6,6,22952,"[-1, -2, -1, 2, -1, 2, 1, 2, 2, 1, -2, 1, -2, -1]"
4591,dfs_bnb_mpi,0.068457,-4,5,17593,"[-1, -1, 2, 2, 2, 1, -2, -2, 1, 1, 2, -1, 2, 2]"
4592,dfs_bnb_mpi,0.064038,-4,5,17684,"[-1, -1, 2, 1, 1, 2, 2, 1, -2, -2, -2, -2, -1, -1]"
4593,dfs_bnb_mpi,0.048741,-6,7,12575,"[-1, -2, -1, -2, 1, 1, 2, 1, 2, 2, 1, -2, -2, 1]"
4594,dfs_bnb_mpi,0.134987,-5,6,38012,"[-1, -1, 2, 1, 1, 2, 2, 2, -1, -1, -2, -2, 1, 2]"
4595,dfs_bnb_mpi,0.000453,-3,4,135,"[-1, -1, 2, 2, 1, -2, 1, 1, 2, -1, 2, 2, 2, 2]"
4596,dfs_bnb_mpi,0.000879,-4,5,266,"[-1, -2, 1, -2, 1, 2, 2, 2, 1, -2, 1, 2, 2, 2]"
4597,dfs_bnb_mpi,0.040845,-5,6,9958,"[-1, -2, 1, 1, 1, -2, -1, -1, -2, -1, 2, -1, 2, 2]"
4598,dfs_bnb_mpi,0.049386,-6,7,13757,"[-1, -1, 2, 2, 2, 1, -2, -2, 1, 2, 2, 2, -1, -1]"
4599,dfs_bnb_mpi,0.007952,-4,5,2353,"[-1, -1, 2, -1, -2, -1, -2, -1, -2, 1, 1, 1, 2, -1]"
4600,dfs_bnb_mpi,0.083985,-5,6,21966,"[-1, -1, 2, -1, -1, -2, 1, -2, -1, -1, 2, 2, 2, 1]"
4601,dfs_bnb_mpi,0.009876,-4,4,2603,"[-1, -1, 2, 2, -1, -2, -1, -2, 1, -2, -2, 1, 2, 1]"
4602,dfs_bnb_mpi,0.091655,-4,4,27858,"[-1, -2, 1, 1, -2, -1, -1, -1, 2, -1, 2, 1, 2, 1]"
4603,dfs_bnb_mpi,0.178537,-7,8,39403,"[-1, -2, -1, -1, -1, 2, 1, 2, 2, 1, 1, -2, -1, -2]"
4604,dfs_bnb_mpi,0.062199,-6,7,14156,"[-1, -1, 2, 2, 2, 2, 1, -2, -2, -2, 1, 2, 1, -2]"
4605,dfs_bnb_mpi,0.014281,-4,5,4077,"[-1, -2, -1, 2, 2, 1, 2, 2, 1, -2, -2, 1, 2, 2]"
4606,dfs_bnb_mpi,0.053366,-2,3,15428,"[-1, -1, 2, 2, 1, -2, 1, 2, 2, -1, -1, -1, -2, -2]"
4607,dfs_bnb_mpi,0.086345,-6,7,22733,"[-1, -2, 1, -2, 1, 2, 2, 2, 2, -1, -2, -1, -1, -2]"
4608,dfs_bnb_mpi,0.115991,-3,4,35131,"[-1, -1, 2, 2, 2, 2, 1, 2, 2, 1, -2, -2, -2, -1]"
4609,dfs_bnb_mpi,0.098117,-8,8,22201,"[-1, -1, 2, 1, 1, 2, -1, -1, -1, -2, -2, -2, 1, 1]"
4610,dfs_bnb_mpi,0.00232,-2,3,698,"[-1, -1, 2, 1, 2, 2, -1, -2, -1, -1, -2, 1, -2, -1]"
4611,dfs_bnb_mpi,0.052625,-6,7,12743,"[-1, -1, 2, 2, 2, 2, 1, 1, -2, -1, -2, 1, -2, -1]"
4612,dfs_bnb_mpi,0.001517,-3,4,408,"[-1, -1, 2, 2, 2, 1, 1, -2, -2, 1, -2, -2, -1, -1]"
4613,dfs_bnb_mpi,0.173739,-6,7,46702,"[-1, -1, 2, -1, -1, -1, -2, -2, 1, -2, 1, 2, 2, -1]"
4614,dfs_bnb_mpi,0.039317,-2,3,12299,"[-1, -1, 2, 2, 2, 2, 2, 1, -2, -2, -2, 1, -2, -1]"
4615,dfs_bnb_mpi,0.017793,-3,4,4937,"[-1, -1, 2, -1, 2, 1, 1, -2, 1, 2, 2, -1, 2, 2]"
4616,dfs_bnb_mpi,0.004292,-5,5,1194,"[-1, -1, 2, 1, 2, 1, 2, -1, -1, -2, -1, -2, -1, 2]"
4617,dfs_bnb_mpi,0.020102,-5,6,5281,"[-1, -1, 2, 2, 2, 2, 1, -2, 1, -2, -1, -2, 1, 1]"
4618,dfs_bnb_mpi,0.062042,-6,7,16254,"[-1, -1, 2, 2, 1, -2, 1, 1, -2, -2, -1, -1, -2, 1]"
4619,dfs_bnb_mpi,0.055235,-5,6,14432,"[-1, -1, 2, 1, 2, 2, -1, -2, -1, 2, -1, -2, -2, 1]"
4620,dfs_bnb_mpi,0.095935,-5,6,26841,"[-1, -1, 2, 2, 2, 2, 1, 1, -2, -2, -2, -1, 2, 2]"
4621,dfs_bnb_mpi,0.01363,-2,3,3880,"[-1, -1, 2, 2, 2, 2, 2, 2, 2, 1, 2, -1, -1, -2]"
4622,dfs_bnb_mpi,0.088271,-4,4,27001,"[-1, -1, 2, 2, 2, 1, -2, 1, 2, 1, -2, -2, -1, -1]"
4623,dfs_bnb_mpi,0.009466,-4,5,2297,"[-1, -1, 2, 1, 2, -1, 2, -1, -2, -1, -2, 1, -2, -1]"
4624,dfs_bnb_mpi,0.128713,-3,4,35436,"[-1, -1, 2, 2, 2, 2, 2, 2, 1, -2, 1, -2, -1, -2]"
4625,dfs_bnb_mpi,0.047774,-4,5,13541,"[-1, -1, 2, 1, 2, 2, 1, 1, 1, -2, -1, -1, -2, 1]"
4626,dfs_bnb_mpi,0.022062,-6,7,5197,"[-1, -2, -1, -2, 1, 1, 2, 1, -2, -2, -1, -1, -1, -1]"
4627,dfs_bnb_mpi,0.000619,-2,3,141,"[-1, -1, 2, 1, 2, 1, -2, 1, 2, 2, 2, 2, 2, 2]"
4628,dfs_bnb_mpi,8.2e-05,-1,2,28,"[-1, -1, 2, 2, 2, 1, -2, -2, 1, 2, 2, 2, 2, 2]"
4629,dfs_bnb_mpi,0.021943,-5,6,6498,"[-1, -1, 2, 1, 2, -1, 2, -1, -2, -1, -1, -2, 1, 1]"
4630,dfs_bnb_mpi,0.01348,-4,4,3911,"[-1, -1, 2, 1, 2, 2, -1, -2, -1, -2, -2, -2, 1, 1]"
4631,dfs_bnb_mpi,0.208789,-5,6,49096,"[-1, -1, 2, -1, -2, -2, -2, -2, 1, 1, 2, 2, -1, -2]"
4632,dfs_bnb_mpi,0.007407,-6,7,1863,"[-1, -2, 1, 1, -2, 1, 1, 2, -1, 2, -1, 2, -1, 2]"
4633,dfs_bnb_mpi,0.008457,-4,5,2308,"[-1, -1, 2, 2, 2, 1, 2, -1, -1, -2, -1, -2, 1, -2]"
4634,dfs_bnb_mpi,0.212744,-6,7,52709,"[-1, -2, -1, -1, 2, 2, 2, 2, 1, -2, 1, -2, -1, -2]"
4635,dfs_bnb_mpi,0.083122,-4,5,20937,"[-1, -1, 2, 2, 2, 2, 2, 1, -2, -2, -2, 1, -2, -1]"
4636,dfs_bnb_mpi,0.009287,-3,4,2719,"[-1, -1, 2, -1, -1, -2, 1, -2, -1, -1, 2, 2, 2, 2]"
4637,dfs_bnb_mpi,0.028805,-6,7,7258,"[-1, -1, 2, 1, 2, 2, 1, 1, 1, -2, -1, -1, -2, 1]"
4638,dfs_bnb_mpi,0.192138,-6,6,45015,"[-1, -2, 1, 1, 1, -2, -1, -2, -2, -1, 2, 2, -1, -2]"
4639,dfs_bnb_mpi,0.039891,-2,3,11160,"[-1, -1, 2, 2, 2, 2, 2, 1, 2, 1, -2, -2, -1, -2]"
4640,dfs_bnb_mpi,0.044218,-5,6,11970,"[-1, -2, -1, 2, -1, 2, 1, 1, 2, -1, 2, -1, -2, -1]"
4641,dfs_bnb_mpi,0.02409,-6,7,6752,"[-1, -1, 2, 1, 2, 1, -2, 1, -2, -2, -1, -2, -1, 2]"
4642,dfs_bnb_mpi,0.001883,-6,7,483,"[-1, -1, 2, 2, 1, -2, 1, 2, 1, -2, 1, -2, -1, -2]"
4643,dfs_bnb_mpi,0.001299,-4,5,358,"[-1, -1, 2, 2, 1, -2, 1, 1, 1, 2, -1, -1, 2, 2]"
4644,dfs_bnb_mpi,0.026043,-7,8,6860,"[-1, -1, 2, 1, 2, 1, -2, 1, -2, -2, -2, -1, 2, -1]"
4645,dfs_bnb_mpi,0.075928,-5,6,18992,"[-1, -2, -1, 2, -1, 2, 1, 2, 2, 1, -2, -2, 1, 2]"
4646,dfs_bnb_mpi,0.142864,-5,6,37774,"[-1, -1, 2, 2, 2, 2, 1, 1, -2, -2, -2, -1, 2, 2]"
4647,dfs_bnb_mpi,0.001495,-4,5,474,"[-1, -2, 1, 1, 2, 2, -1, -1, -1, -2, -1, -2, 1, -2]"
4648,dfs_bnb_mpi,0.035548,-5,6,10149,"[-1, -1, 2, -1, -2, -1, -2, 1, 1, -2, 1, 1, 2, -1]"
4649,dfs_bnb_mpi,0.054346,-5,6,16084,"[-1, -1, 2, 2, 1, -2, 1, 2, 1, -2, -2, -2, -1, -1]"
4650,dfs_bnb_mpi,0.025846,-4,5,7603,"[-1, -1, 2, -1, -2, -2, 1, 1, -2, -2, 1, 2, 2, 1]"
4651,dfs_bnb_mpi,0.001257,-4,5,339,"[-1, -1, 2, 1, 2, -1, 2, -1, -2, -1, -2, 1, -2, -1]"
4652,dfs_bnb_mpi,0.003785,-2,3,1114,"[-1, -1, 2, 2, 2, 1, 2, 2, -1, -2, -1, -2, -1, 2]"
4653,dfs_bnb_mpi,0.002342,-3,4,543,"[-1, -1, 2, 2, 2, 2, 2, 1, -2, 1, -2, -2, -1, 2]"
4654,dfs_bnb_mpi,0.020831,-4,5,4974,"[-1, -1, 2, 2, -1, -1, -1, -2, 1, 1, -2, -2, -1, 2]"
4655,dfs_bnb_mpi,0.009221,-5,6,2481,"[-1, -1, 2, 2, 1, -2, 1, 2, 1, 1, -2, -1, -2, 1]"
4656,dfs_bnb_mpi,0.048028,-7,7,12939,"[-1, -2, 1, -2, 1, 2, 2, 1, 1, -2, -1, -2, -2, -1]"
4657,dfs_bnb_mpi,0.106977,-3,4,32899,"[-1, -1, 2, 2, 2, 1, 1, 2, 1, -2, -2, -1, -1, -2]"
4658,dfs_bnb_mpi,0.013834,-5,6,4068,"[-1, -1, 2, 1, 1, 2, 1, 2, -1, 2, -1, -2, -2, -1]"
4659,dfs_bnb_mpi,0.170832,-3,4,37554,"[-1, -1, 2, 2, 2, 2, 1, -2, 1, -2, -1, -2, 1, 1]"
4660,dfs_bnb_mpi,0.003972,-5,6,977,"[-1, -1, 2, 2, 2, 1, -2, -2, 1, 2, 1, 2, -1, 2]"
4661,dfs_bnb_mpi,0.059695,-5,6,15638,"[-1, -1, 2, 2, 1, 2, 2, 1, -2, 1, -2, -1, -2, -1]"
4662,dfs_bnb_mpi,0.136312,-6,7,33708,"[-1, -2, 1, -2, -1, -1, -1, 2, 1, 2, -1, 2, 1, 1]"
4663,dfs_bnb_mpi,0.010692,-4,4,3298,"[-1, -1, 2, 1, 1, 2, 2, 2, 1, -2, -2, 1, -2, -1]"
4664,dfs_bnb_mpi,0.007833,-2,3,2413,"[-1, -1, 2, 2, 2, 1, 2, -1, 2, 2, -1, -2, -2, -2]"
4665,dfs_bnb_mpi,0.044458,-6,7,9944,"[-1, -2, 1, 1, 2, 2, 1, 2, -1, -1, -2, -1, 2, 2]"
4666,dfs_bnb_mpi,0.097363,-5,6,22395,"[-1, -1, 2, 2, 2, 2, 1, -2, -2, -2, 1, 2, 1, -2]"
4667,dfs_bnb_mpi,0.109069,-6,7,26065,"[-1, -1, 2, 2, 2, 1, 1, -2, -1, -2, 1, 1, 2, 2]"
4668,dfs_bnb_mpi,0.219459,-5,6,57559,"[-1, -1, 2, 2, 2, 2, 1, -2, -2, 1, 1, -2, -1, -1]"
4669,dfs_bnb_mpi,0.021708,-5,6,6517,"[-1, -1, 2, 1, 2, -1, -1, -2, -1, -2, 1, -2, 1, 1]"
4670,dfs_bnb_mpi,0.046178,-7,8,12817,"[-1, -2, 1, 1, 2, 1, 2, -1, 2, -1, -2, -1, -1, -2]"
4671,dfs_bnb_mpi,0.055365,-5,6,12494,"[-1, -2, 1, 1, 2, 1, 2, 2, -1, -2, -1, 2, 2, 2]"
4672,dfs_bnb_mpi,0.105504,-3,3,33286,"[-1, -1, 2, -1, 2, 2, 2, 2, 1, -2, -2, -2, 1, -2]"
4673,dfs_bnb_mpi,5.3e-05,0,1,15,"[-1, -1, 2, 2, 2, 2, 2, 2, 2, 2, 2, 2, 2, 2]"
4674,dfs_bnb_mpi,0.028755,-6,7,6872,"[-1, -1, 2, -1, -2, -1, -1, -2, 1, 1, 1, -2, 1, 2]"
4675,dfs_bnb_mpi,0.030774,-4,5,8585,"[-1, -2, 1, 1, 2, 2, 1, -2, -2, -2, -1, -1, -1, -1]"
4676,dfs_bnb_mpi,0.010796,-3,4,3237,"[-1, -1, 2, 2, 2, 2, 1, -2, 1, 1, -2, -1, -1, -2]"
4677,dfs_bnb_mpi,0.050279,-2,3,14752,"[-1, -1, 2, 2, 2, 2, 2, 2, 2, 1, -2, 1, -2, -1]"
4678,dfs_bnb_mpi,0.008699,-4,5,2336,"[-1, -1, 2, -1, -1, -2, 1, -2, 1, 1, -2, -1, -1, -1]"
4679,dfs_bnb_mpi,0.051949,-4,5,12696,"[-1, -1, 2, 2, 2, 1, 2, 1, -2, -2, -1, -2, 1, 1]"
4680,dfs_bnb_mpi,0.012201,-4,5,3008,"[-1, -1, 2, 2, 1, -2, 1, 1, 2, -1, 2, 2, 2, 2]"
4681,dfs_bnb_mpi,0.122048,-7,7,31962,"[-1, -1, 2, 2, 2, 1, -2, 1, 2, 1, -2, -2, -1, -1]"
4682,dfs_bnb_mpi,0.019319,-4,5,5228,"[-1, -1, 2, 2, 1, 2, -1, -1, -2, -2, -2, -2, 1, 1]"
4683,dfs_bnb_mpi,0.082181,-6,7,19264,"[-1, -1, 2, 2, -1, 2, -1, -2, -1, -2, 1, -2, 1, 2]"
4684,dfs_bnb_mpi,0.073137,-5,6,19818,"[-1, -1, 2, 2, 1, -2, 1, 1, -2, -2, -1, -1, -2, 1]"
4685,dfs_bnb_mpi,0.002701,-3,4,795,"[-1, -1, 2, 2, 1, -2, 1, 2, 1, -2, -2, 1, 2, 2]"
4686,dfs_bnb_mpi,0.028262,-5,6,8521,"[-1, -2, 1, 1, 2, 1, -2, -2, -1, -2, -1, -1, 2, 1]"
4687,dfs_bnb_mpi,0.005278,-5,6,1287,"[-1, -1, 2, 2, -1, -1, -2, 1, -2, -1, -1, -2, 1, 1]"
4688,dfs_bnb_mpi,0.030843,-5,6,8963,"[-1, -1, 2, 2, 1, -2, 1, 2, 2, -1, -1, -1, -2, -2]"
4689,dfs_bnb_mpi,0.016365,-6,7,4759,"[-1, -2, -1, 2, 2, 1, 2, 2, -1, -2, -1, -2, -2, -1]"
4690,dfs_bnb_mpi,0.022426,-7,8,5684,"[-1, -1, 2, -1, 2, 1, 2, 1, -2, 1, 1, -2, -1, -1]"
4691,dfs_bnb_mpi,0.006473,-4,5,1783,"[-1, -1, 2, 1, 2, -1, 2, 1, 1, -2, -2, 1, 2, 2]"
4692,dfs_bnb_mpi,0.001596,-3,4,469,"[-1, -1, 2, -1, -2, -1, -1, -2, 1, 1, 1, 1, 1, 1]"
4693,dfs_bnb_mpi,0.012606,-3,4,3293,"[-1, -1, 2, -1, 2, 2, -1, -2, -2, -2, 1, -2, 1, 1]"
4694,dfs_bnb_mpi,0.026537,-5,6,7782,"[-1, -1, 2, 2, 1, -2, 1, 2, 1, 2, -1, 2, -1, -2]"
4695,dfs_bnb_mpi,0.050111,-8,9,11905,"[-1, -1, 2, 1, 1, 1, -2, -2, -1, -1, -1, -2, 1, 1]"
4696,dfs_bnb_mpi,0.158107,-4,4,38858,"[-1, -1, 2, -1, 2, 1, 1, 2, 2, 1, -2, -2, -2, -1]"
4697,dfs_bnb_mpi,0.003641,-3,3,1106,"[-1, -1, 2, 2, 1, -2, 1, 1, -2, -2, -1, -1, -1, -1]"
4698,dfs_bnb_mpi,0.127357,-7,8,28592,"[-1, -1, 2, 2, 1, 1, 1, 1, -2, -2, -1, 2, -1, -1]"
4699,dfs_bnb_mpi,0.00055,-2,3,163,"[-1, -1, 2, 1, 1, 2, 2, 2, 2, 1, -2, -2, -2, -2]"
4700,dfs_bnb_mpi,0.02267,-6,7,6430,"[-1, -1, 2, -1, 2, 1, 2, 1, 1, -2, -1, -2, 1, 1]"
4701,dfs_bnb_mpi,0.000338,-2,3,93,"[-1, -1, 2, 2, 1, 2, -1, -1, -2, -1, 2, 2, 2, 2]"
4702,dfs_bnb_mpi,0.109125,-6,7,29364,"[-1, -2, -1, 2, 2, 1, 2, -1, 2, -1, -1, -2, 1, -2]"
4703,dfs_bnb_mpi,0.019418,-6,7,5862,"[-1, -1, 2, 1, 1, 1, 2, -1, -1, 2, -1, -2, -1, -2]"
4704,dfs_bnb_mpi,0.30091,-5,6,66867,"[-1, -1, 2, 2, 2, 2, 2, 1, -2, 1, -2, -1, -2, 1]"
4705,dfs_bnb_mpi,0.033431,-2,3,9812,"[-1, -1, 2, 2, 1, -2, 1, 2, 2, -1, -1, -1, -2, -2]"
4706,dfs_bnb_mpi,0.001974,-2,3,620,"[-1, -1, 2, 2, 2, 2, 1, -2, -2, 1, 2, 2, 2, 2]"
4707,dfs_bnb_mpi,0.061443,-5,6,17592,"[-1, -1, 2, -1, -2, -2, 1, -2, -2, 1, 2, 1, 2, -1]"
4708,dfs_bnb_mpi,0.020028,-5,6,4564,"[-1, -2, 1, -2, 1, 1, 2, -1, 2, 2, 2, -1, -2, -1]"
4709,dfs_bnb_mpi,0.016614,-6,6,4363,"[-1, -1, 2, 1, 1, 1, 2, -1, -1, 2, 2, -1, -2, -2]"
4710,dfs_bnb_mpi,0.053891,-6,6,14994,"[-1, -1, 2, 2, 1, -2, 1, 2, 2, 1, -2, 1, -2, -1]"
4711,dfs_bnb_mpi,0.032481,-5,6,9663,"[-1, -2, -1, -2, 1, -2, -2, 1, 2, 1, 2, -1, 2, 1]"
4712,dfs_bnb_mpi,0.004044,-6,7,1134,"[-1, -1, 2, -1, -2, -2, -2, 1, 2, 1, -2, 1, 2, 1]"
4713,dfs_bnb_mpi,0.01719,-7,8,4090,"[-1, -1, 2, -1, 2, 1, 2, 1, -2, -2, 1, 1, 2, -1]"
4714,dfs_bnb_mpi,0.005158,-3,4,1534,"[-1, -1, 2, 2, 2, 1, 2, 1, -2, -2, -1, -2, 1, 1]"
4715,dfs_bnb_mpi,0.028444,-5,6,8221,"[-1, -1, 2, 1, 2, 2, -1, -2, -1, -2, -2, -2, 1, 1]"
4716,dfs_bnb_mpi,0.123789,-7,8,27581,"[-1, -1, 2, -1, 2, 2, 2, 1, 1, -2, -1, -2, 1, -2]"
4717,dfs_bnb_mpi,0.415849,-3,4,93354,"[-1, -1, 2, 2, 2, 2, 2, 2, 1, -2, -2, -2, -2, -2]"
4718,dfs_bnb_mpi,0.151235,-3,4,36297,"[-1, -1, 2, 2, 2, 2, 2, 2, 1, -2, -2, 1, -2, -1]"
4719,dfs_bnb_mpi,0.012008,-6,7,2937,"[-1, -1, 2, 2, 2, 1, -2, -2, 1, 1, 2, 2, -1, -2]"
4720,dfs_bnb_mpi,0.004082,-7,8,960,"[-1, -1, 2, 2, 1, -2, 1, 2, 1, -2, 1, -2, -1, -2]"
4721,dfs_bnb_mpi,0.249664,-5,6,54999,"[-1, -1, 2, 2, 2, -1, -2, -2, -1, -2, 1, -2, 1, 1]"
4722,dfs_bnb_mpi,0.024077,-5,6,6178,"[-1, -1, 2, 2, 2, 2, 1, -2, 1, -2, -1, -2, 1, 1]"
4723,dfs_bnb_mpi,0.006053,-3,4,1832,"[-1, -1, 2, -1, -1, -2, 1, -2, -1, -1, 2, 2, 2, 2]"
4724,dfs_bnb_mpi,0.003667,-3,3,915,"[-1, -1, 2, 2, 2, 2, 1, -2, 1, -2, -1, -2, 1, 1]"
4725,dfs_bnb_mpi,0.130662,-3,4,38271,"[-1, -1, 2, 2, 1, 2, 2, 2, 1, -2, -2, -2, -2, -1]"
4726,dfs_bnb_mpi,0.000123,-2,3,37,"[-1, -1, 2, -1, -2, -1, -2, 1, 1, 1, 1, 1, 2, 2]"
4727,dfs_bnb_mpi,0.021653,-6,7,5953,"[-1, -2, -1, -2, -1, 2, 2, 1, 2, 1, 2, 1, -2, 1]"
4728,dfs_bnb_mpi,0.032475,-6,7,7564,"[-1, -1, 2, 2, 2, 1, 2, 1, -2, -2, -1, -2, 1, 1]"
4729,dfs_bnb_mpi,0.056001,-4,5,17040,"[-1, -1, 2, -1, -2, -1, -2, 1, 1, -2, 1, 1, 2, -1]"
4730,dfs_bnb_mpi,0.10184,-6,7,27742,"[-1, -2, 1, 1, 2, 1, -2, 1, -2, -1, -2, -1, 2, -1]"
4731,dfs_bnb_mpi,0.012628,-4,5,3717,"[-1, -1, 2, 1, 2, 2, 2, 1, -2, 1, -2, -2, -1, 2]"
4732,dfs_bnb_mpi,0.128518,-5,6,36042,"[-1, -1, 2, 2, -1, -1, 2, -1, -2, -2, 1, -2, 1, 2]"
4733,dfs_bnb_mpi,0.01045,-6,7,2928,"[-1, -1, 2, 2, 1, -2, 1, 1, 2, -1, 2, -1, -1, 2]"
4734,dfs_bnb_mpi,0.019327,-2,3,5959,"[-1, -1, 2, 2, 1, 2, 2, 2, 1, -2, -2, -2, -2, -1]"
4735,dfs_bnb_mpi,0.088013,-6,7,20260,"[-1, -2, -1, 2, -1, 2, -1, 2, 2, 1, -2, 1, -2, 1]"
4736,dfs_bnb_mpi,0.001226,-2,3,367,"[-1, -1, 2, 2, 2, -1, -2, -2, -2, -2, 1, 1, 1, 1]"
4737,dfs_bnb_mpi,0.008848,-3,4,2377,"[-1, -1, 2, 2, 2, 1, 2, -1, 2, -1, -2, -2, -1, 2]"
4738,dfs_bnb_mpi,0.008359,-4,4,2097,"[-1, -1, 2, 1, 1, 1, -2, -2, -1, -1, -2, 1, 1, 1]"
4739,dfs_bnb_mpi,0.035228,-5,6,8399,"[-1, -1, 2, 1, 2, -1, -1, -2, -2, -2, 1, -2, 1, 2]"
4740,dfs_bnb_mpi,0.003398,-5,5,968,"[-1, -1, 2, -1, 2, 2, 1, -2, 1, -2, 1, 2, 2, 2]"
4741,dfs_bnb_mpi,0.054099,-5,6,12919,"[-1, -1, 2, 2, 2, -1, -2, -1, -2, 1, -2, -2, 1, 1]"
4742,dfs_bnb_mpi,0.009287,-4,5,2681,"[-1, -1, 2, 2, -1, -2, -2, -1, -2, 1, 1, 1, 1, 1]"
4743,dfs_bnb_mpi,0.040601,-4,5,10565,"[-1, -1, 2, 2, -1, 2, -1, -2, -2, 1, -2, -1, -1, 2]"
4744,dfs_bnb_mpi,0.031731,-4,5,9371,"[-1, -1, 2, 1, 2, -1, -1, -2, -2, -1, -2, 1, 1, 1]"
4745,dfs_bnb_mpi,0.027333,-5,6,7145,"[-1, -1, 2, 1, 2, 2, -1, -2, -1, 2, -1, -2, -2, 1]"
4746,dfs_bnb_mpi,0.157668,-6,7,37441,"[-1, -1, 2, 2, 2, 1, 1, 1, -2, -2, -1, 2, -1, -2]"
4747,dfs_bnb_mpi,0.08125,-5,6,20684,"[-1, -1, 2, 2, 2, 1, -2, -2, 1, 1, 2, 2, -1, -2]"
4748,dfs_bnb_mpi,0.083781,-5,5,21970,"[-1, -1, 2, 2, -1, -2, -2, -1, -1, -2, 1, 1, -2, -1]"
4749,dfs_bnb_mpi,0.028149,-2,3,8394,"[-1, -1, 2, 2, 2, 1, 2, 2, -1, -2, -1, -1, -2, 1]"
4750,dfs_bnb_mpi,0.018517,-4,5,5426,"[-1, -1, 2, 1, 2, 1, -2, 1, 1, 2, -1, 2, -1, 2]"
4751,dfs_bnb_mpi,0.002637,-5,6,710,"[-1, -1, 2, 2, 1, -2, 1, 1, 2, -1, 2, -1, 2, 2]"
4752,dfs_bnb_mpi,0.229693,-6,7,50547,"[-1, -2, -1, 2, 2, -1, 2, 1, 2, 1, 1, -2, -1, -2]"
4753,dfs_bnb_mpi,0.020177,-3,4,5373,"[-1, -1, 2, 2, 2, 2, 1, 2, 1, -2, -2, -1, -2, 1]"
4754,dfs_bnb_mpi,0.080189,-4,5,20053,"[-1, -1, 2, 2, 2, -1, -2, -1, -2, 1, -2, -2, -1, 2]"
4755,dfs_bnb_mpi,0.031723,-4,5,9473,"[-1, -1, 2, 2, -1, 2, -1, -2, -1, -2, 1, 1, -2, -1]"
4756,dfs_bnb_mpi,0.077196,-5,6,17724,"[-1, -1, 2, 2, 2, 2, 1, -2, -2, -2, 1, 2, 1, -2]"
4757,dfs_bnb_mpi,0.001867,-4,5,598,"[-1, -2, 1, 1, 1, -2, -1, -1, -2, -1, 2, -1, 2, 2]"
4758,dfs_bnb_mpi,0.003262,-4,5,845,"[-1, -1, 2, -1, -2, -2, 1, 1, 1, -2, -1, -1, -1, -1]"
4759,dfs_bnb_mpi,0.0373,-4,5,9134,"[-1, -1, 2, 2, 2, 2, 1, -2, -2, -2, 1, 2, 2, 2]"
4760,dfs_bnb_mpi,0.001142,-4,5,295,"[-1, -1, 2, 2, 2, 1, -2, -2, 1, 2, 1, 2, -1, 2]"
4761,dfs_bnb_mpi,0.029878,-7,8,8336,"[-1, -1, 2, 1, 2, 2, 1, 1, 1, -2, -1, -2, -1, 2]"
4762,dfs_bnb_mpi,0.118892,-5,4,35725,"[-1, -1, 2, 2, 1, 2, 2, 2, 1, -2, -2, -2, -2, -1]"
4763,dfs_bnb_mpi,0.052597,-3,4,14504,"[-1, -1, 2, 2, 2, 2, -1, -2, -2, -1, -2, -2, 1, 2]"
4764,dfs_bnb_mpi,0.037824,-6,7,8380,"[-1, -1, 2, 2, -1, 2, 1, 1, 1, -2, -1, -2, 1, 1]"
4765,dfs_bnb_mpi,0.075752,-6,6,18804,"[-1, -1, 2, 1, 2, -1, 2, -1, -2, -2, -2, -2, 1, 1]"
4766,dfs_bnb_mpi,0.00183,-2,3,532,"[-1, -1, 2, 2, 2, 2, 1, -2, 1, 1, -2, -1, -1, -2]"
4767,dfs_bnb_mpi,0.038388,-2,3,11865,"[-1, -1, 2, 2, 2, 2, 2, 2, 1, -2, -2, 1, -2, -1]"
4768,dfs_bnb_mpi,0.0068,-4,5,1939,"[-1, -1, 2, 1, 2, 1, -2, 1, 2, 2, 2, -1, -2, -1]"
4769,dfs_bnb_mpi,0.021125,-4,5,4943,"[-1, -1, 2, 2, 1, -2, 1, 1, 2, -1, 2, 1, 2, 2]"
4770,dfs_bnb_mpi,0.03048,-4,5,6996,"[-1, -1, 2, 2, -1, -2, -2, -1, -2, 1, 1, -2, -1, -1]"
4771,dfs_bnb_mpi,0.005602,-4,5,1620,"[-1, -1, 2, 1, 2, -1, -1, -2, -1, -1, -2, 1, 1, -2]"
4772,dfs_bnb_mpi,0.172116,-6,7,38389,"[-1, -1, 2, 1, 2, 2, 1, 2, 1, -2, -2, -1, -2, 1]"
4773,dfs_bnb_mpi,0.007511,-5,6,2100,"[-1, -1, 2, 1, 1, 2, 2, 1, 1, -2, -1, -2, 1, 1]"
4774,dfs_bnb_mpi,0.010593,-5,6,2610,"[-1, -1, 2, 1, 1, 2, 2, -1, -2, -1, 2, 2, 1, 2]"
4775,dfs_bnb_mpi,0.120015,-4,5,33186,"[-1, -1, 2, 2, 2, 2, 1, 1, -2, -2, -2, -1, 2, 2]"
4776,dfs_bnb_mpi,0.050576,-5,6,13363,"[-1, -1, 2, 2, 2, 1, -2, -2, 1, 2, 1, -2, -2, 1]"
4777,dfs_bnb_mpi,0.060245,-5,6,16677,"[-1, -1, -1, 2, 1, 2, 1, -2, 1, 2, 2, 2, -1, -2]"
4778,dfs_bnb_mpi,0.022316,-5,6,6468,"[-1, -1, 2, 1, 1, 2, 1, 2, 1, -2, -2, -1, -2, 1]"
4779,dfs_bnb_mpi,0.079163,-4,5,20751,"[-1, -1, 2, 1, 2, 2, 1, 2, 1, -2, -2, -1, -2, 1]"
4780,dfs_bnb_mpi,0.003279,-5,6,936,"[-1, -1, 2, 2, 1, -2, 1, 1, 2, -1, 2, -1, 2, 2]"
4781,dfs_bnb_mpi,0.053639,-4,5,14098,"[-1, -2, -2, -1, 2, 2, -1, 2, 1, 2, 1, -2, 1, 2]"
4782,dfs_bnb_mpi,0.001404,-4,5,344,"[-1, -1, 2, 2, 1, -2, 1, 2, 2, -1, 2, 2, 2, 2]"
4783,dfs_bnb_mpi,0.001787,-4,5,422,"[-1, -1, 2, -1, -2, -2, 1, 1, -2, -1, -1, -1, 2, 2]"
4784,dfs_bnb_mpi,0.128546,-4,5,35773,"[-1, -2, -1, -2, 1, -2, 1, 1, 2, 1, 2, -1, -1, -2]"
4785,dfs_bnb_mpi,0.256705,-5,6,56750,"[-1, -1, 2, -1, -1, 2, -1, -2, -2, 1, 1, -2, 1, 1]"
4786,dfs_bnb_mpi,0.119426,-5,6,27453,"[-1, -1, 2, 1, 1, 2, 2, 1, -2, 1, -2, -1, -2, 1]"
4787,dfs_bnb_mpi,0.007419,-6,7,2139,"[-1, -1, 2, 1, 2, 2, -1, 2, -1, -1, -2, 1, -2, 1]"
4788,dfs_bnb_mpi,0.061914,-7,8,17164,"[-1, -2, 1, 1, -2, 1, -2, -1, -2, -1, 2, -1, 2, 1]"
4789,dfs_bnb_mpi,0.061795,-7,7,17216,"[-1, -1, 2, 2, 1, 2, 2, 1, -2, 1, -2, -1, -2, -1]"
4790,dfs_bnb_mpi,0.009305,-4,5,2644,"[-1, -1, 2, 1, 2, 2, 1, -2, -2, 1, -2, -2, -1, -1]"
4791,dfs_bnb_mpi,0.01482,-4,5,4364,"[-1, -2, -1, 2, -1, 2, 1, 2, 2, 1, -2, -2, 1, 2]"
4792,dfs_bnb_mpi,0.003666,-2,3,1042,"[-1, -1, 2, 2, 2, 2, 1, 2, -1, 2, -1, -2, -2, -1]"
4793,dfs_bnb_mpi,0.039469,-4,5,10800,"[-1, -1, 2, 2, -1, -2, -2, -1, -2, 1, -2, 1, 2, 1]"
4794,dfs_bnb_mpi,0.040302,-7,8,10579,"[-1, -1, 2, 1, 2, 2, 1, -2, -2, 1, -2, -2, -1, -1]"
4795,dfs_bnb_mpi,0.010484,-5,6,2998,"[-1, -1, 2, 1, 2, -1, 2, -1, -2, -2, -2, -2, 1, 1]"
4796,dfs_bnb_mpi,0.012618,-4,5,3645,"[-1, -1, 2, 2, 2, 1, 2, 1, 1, -2, -1, -2, -1, -2]"
4797,dfs_bnb_mpi,0.00128,-3,4,328,"[-1, -1, 2, 1, 2, 1, -2, 1, 2, 2, 2, 2, 2, 2]"
4798,dfs_bnb_mpi,0.125317,-4,5,30780,"[-1, -1, 2, 2, -1, -2, -2, -2, 1, 1, 1, -2, -1, -1]"
4799,dfs_bnb_mpi,0.065039,-4,5,17567,"[-1, -1, 2, 2, -1, -2, -2, -1, -1, -2, 1, 1, 1, 1]"
4800,dfs_bnb_mpi,0.005244,-2,3,1628,"[-1, -1, 2, 2, 2, 1, -2, 1, 2, 1, -2, -2, -1, -1]"
4801,dfs_bnb_mpi,0.062743,-6,7,15255,"[-1, -2, -1, -2, -1, -2, 1, -2, 1, 2, 2, 1, 2, 1]"
4802,dfs_bnb_mpi,0.007513,-6,6,2202,"[-1, -1, 2, 1, 2, 1, -2, 1, -2, -2, -1, -2, -1, 2]"
4803,dfs_bnb_mpi,0.3526,-3,4,92692,"[-1, -1, 2, 2, 2, 2, 2, 2, 1, 1, -2, -2, -1, 2]"
4804,dfs_bnb_mpi,0.087339,-4,5,23385,"[-1, -2, 1, 1, 1, 1, 2, -1, -1, 2, 2, -1, -2, -1]"
4805,dfs_bnb_mpi,0.012224,-3,4,3658,"[-1, -1, 2, 1, 1, 1, 2, 2, -1, -1, -1, -2, 1, 1]"
4806,dfs_bnb_mpi,0.122482,-7,8,29254,"[-1, -1, 2, 2, 1, 1, 1, 1, -2, -2, -1, 2, -1, -1]"
4807,dfs_bnb_mpi,0.031533,-7,8,8805,"[-1, -1, 2, 1, 1, 2, 1, -2, 1, -2, -1, -2, -1, -1]"
4808,dfs_bnb_mpi,0.000519,-3,4,151,"[-1, -1, 2, 2, 2, 2, 2, 1, 2, -1, -1, -1, -2, 1]"
4809,dfs_bnb_mpi,0.00532,-4,5,1561,"[-1, -1, 2, 2, -1, -2, -1, -2, 1, -2, -2, 1, 2, 1]"
4810,dfs_bnb_mpi,0.00013,-2,3,38,"[-1, -1, 2, 2, 2, 2, 2, 2, 2, 1, 1, -2, -1, -2]"
4811,dfs_bnb_mpi,0.047188,-3,4,13846,"[-1, -2, -1, 2, 2, 2, 1, 1, 1, -2, -2, -2, -1, -2]"
4812,dfs_bnb_mpi,0.007598,-2,3,1831,"[-1, -1, 2, 2, 2, 2, 2, 1, -2, 1, -2, -1, -2, 1]"
4813,dfs_bnb_mpi,0.068459,-5,6,16551,"[-1, -1, 2, 2, 2, 2, 1, -2, 1, -2, -1, -2, 1, 1]"
4814,dfs_bnb_mpi,0.079255,-5,5,23205,"[-1, -1, 2, -1, 2, -1, 2, 1, 2, 1, -2, -2, 1, -2]"
4815,dfs_bnb_mpi,0.033514,-7,8,8641,"[-1, -2, 1, 1, -2, -1, -1, -1, 2, -1, 2, 1, 2, 1]"
4816,dfs_bnb_mpi,0.063632,-6,6,17325,"[-1, -1, 2, 1, 2, 1, -2, 1, 1, -2, -1, -2, -1, -1]"
4817,dfs_bnb_mpi,0.000621,-2,3,185,"[-1, -1, 2, 2, 1, 2, 2, -1, -2, -1, -1, -2, 1, -2]"
4818,dfs_bnb_mpi,0.004833,-4,4,1098,"[-1, -1, 2, 2, 2, 1, 1, -2, -1, -2, 1, 1, 2, 2]"
4819,dfs_bnb_mpi,0.014941,-4,5,4285,"[-1, -2, 1, 1, 1, -2, -1, -1, -1, -1, -1, -2, 1, 1]"
4820,dfs_bnb_mpi,0.000335,-3,4,94,"[-1, -1, 2, 1, 2, 1, -2, 1, 2, 2, 2, 2, 2, 2]"
4821,dfs_bnb_mpi,0.083978,-4,5,20723,"[-1, -1, 2, 2, 2, 2, 1, 1, 1, -2, -1, -1, -2, 1]"
4822,dfs_bnb_mpi,0.035998,-6,7,9024,"[-1, -1, 2, -1, -2, -2, -2, -2, 1, 2, 2, 1, -2, 1]"
4823,dfs_bnb_mpi,0.053759,-3,4,15079,"[-1, -1, 2, 2, 2, -1, -2, -1, -1, -2, 1, 1, -2, -1]"
4824,dfs_bnb_mpi,0.100777,-5,5,29189,"[-1, -1, 2, 2, -1, -1, -1, -1, -2, 1, -2, 1, 2, 1]"
4825,dfs_bnb_mpi,0.153809,-4,5,37601,"[-1, -1, 2, 2, -1, -2, -2, -1, -2, 1, 1, 1, -2, -1]"
4826,dfs_bnb_mpi,0.022657,-3,4,5991,"[-1, -1, 2, 2, 2, 1, -2, -2, 1, 2, 2, 1, -2, -2]"
4827,dfs_bnb_mpi,0.098419,-6,7,22351,"[-1, -2, -1, 2, -1, 2, 2, 1, -2, 1, 2, 2, 1, -2]"
4828,dfs_bnb_mpi,3.8e-05,0,1,15,"[-1, -1, 2, 2, 2, 2, 2, 2, 2, 2, 2, 2, 2, 2]"
4829,dfs_bnb_mpi,0.004929,-6,7,1372,"[-1, -1, 2, 1, 1, 2, 1, 2, -1, -1, -2, -1, 2, 2]"
4830,dfs_bnb_mpi,0.003647,-5,5,1045,"[-1, -2, 1, 1, 2, 2, 1, -2, 1, 1, -2, -1, -1, -2]"
4831,dfs_bnb_mpi,0.213834,-4,5,48924,"[-1, -1, 2, 2, -1, 2, 1, 1, 2, 1, -2, -2, -1, -2]"
4832,dfs_bnb_mpi,0.009255,-3,4,2897,"[-1, -1, 2, 2, 2, -1, -2, -2, -2, -1, -2, 1, 1, 1]"
4833,dfs_bnb_mpi,9.3e-05,-2,3,30,"[-1, -1, 2, 2, 2, 2, 1, -2, 1, -2, -1, -2, 1, 1]"
4834,dfs_bnb_mpi,0.00039,-4,4,113,"[-1, -1, 2, 2, -1, -2, -2, -1, 2, -1, 2, 1, 2, 2]"
4835,dfs_bnb_mpi,0.225581,-5,6,55733,"[-1, -1, 2, 2, 2, 2, 1, 1, -2, -2, -2, -1, 2, 2]"
4836,dfs_bnb_mpi,0.026294,-5,5,7912,"[-1, -1, 2, 2, 1, 2, 2, 1, -2, -2, 1, -2, -1, -1]"
4837,dfs_bnb_mpi,0.017532,-4,5,5325,"[-1, -2, 1, 1, 2, 2, 2, 1, -2, -2, -2, -2, -1, -1]"
4838,dfs_bnb_mpi,0.005401,-4,5,1485,"[-1, -1, 2, 2, 1, 2, -1, 2, -1, -2, -1, -2, 1, -2]"
4839,dfs_bnb_mpi,0.134937,-5,6,38554,"[-1, -1, 2, -1, -1, -2, 1, -2, -1, -2, 1, 1, 2, 1]"
4840,dfs_bnb_mpi,0.043546,-4,5,11557,"[-1, -1, 2, 2, 1, 1, 1, 2, 1, -2, -2, -1, -1, -1]"
4841,dfs_bnb_mpi,0.176636,-5,6,45043,"[-1, -2, -1, -1, 2, 2, -1, 2, 1, 1, 1, -2, -1, -2]"
4842,dfs_bnb_mpi,0.000962,-2,3,271,"[-1, -1, 2, 1, 2, 2, -1, -2, -1, -2, -1, 2, 2, 2]"
4843,dfs_bnb_mpi,0.190037,-6,7,47919,"[-1, -1, 2, -1, 2, 2, 1, -2, 1, 2, 1, -2, -2, -1]"
4844,dfs_bnb_mpi,0.373733,-2,3,89526,"[-1, -1, 2, 2, 2, 2, 2, 2, 2, 2, 1, -2, -2, -2]"
4845,dfs_bnb_mpi,0.016965,-7,8,4394,"[-1, -2, 1, 1, 2, 1, -2, -2, -1, -1, -2, -1, 2, -1]"
4846,dfs_bnb_mpi,0.000332,-2,3,99,"[-1, -1, 2, 2, 2, 1, 1, -2, -2, 1, -2, 1, 2, 2]"
4847,dfs_bnb_mpi,0.041856,-2,3,11770,"[-1, -1, 2, 2, 2, 1, -2, -2, 1, 1, -2, -2, -1, -1]"
4848,dfs_bnb_mpi,7.2e-05,-1,2,28,"[-1, -1, 2, 1, 2, 2, 2, 2, 2, 2, 2, 2, 2, 2]"
4849,dfs_bnb_mpi,0.091474,-5,6,25827,"[-1, -1, 2, 1, 1, 1, 2, 2, -1, -1, -1, -2, 1, 1]"
4850,dfs_bnb_mpi,0.038546,-6,7,8627,"[-1, -1, 2, 2, -1, -1, -2, 1, -2, -1, -2, 1, 1, 1]"
4851,dfs_bnb_mpi,0.003763,-4,5,938,"[-1, -1, 2, 2, 2, 1, -2, -2, 1, 1, 2, -1, 2, 2]"
4852,dfs_bnb_mpi,0.02982,-6,7,8710,"[-1, -2, 1, 1, 1, -2, -1, -2, -1, -2, -1, 2, 2, 1]"
4853,dfs_bnb_mpi,0.00107,-3,4,335,"[-1, -1, 2, 2, 2, -1, -2, -1, -2, 1, -2, -1, -1, 2]"
4854,dfs_bnb_mpi,0.001497,-3,4,462,"[-1, -1, 2, 1, 1, 1, -2, 1, 1, -2, -1, -1, -1, -1]"
4855,dfs_bnb_mpi,0.013323,-6,7,3297,"[-1, -2, -1, -2, 1, 1, 2, 1, -2, -2, -1, -1, -1, -1]"
4856,dfs_bnb_mpi,0.052121,-4,5,12373,"[-1, -1, 2, 2, -1, -2, -2, -2, -2, 1, 2, 1, -2, 1]"
4857,dfs_bnb_mpi,0.005847,-6,6,1557,"[-1, -2, 1, 1, 2, 2, -1, 2, 1, 1, 1, -2, -1, -2]"
4858,dfs_bnb_mpi,0.005259,-4,5,1454,"[-1, -2, -1, -2, 1, 1, 2, 1, 2, 2, 2, 2, 2, 2]"
4859,dfs_bnb_mpi,0.024548,-6,6,6589,"[-1, -1, 2, 2, -1, 2, 1, 2, 1, -2, -2, 1, -2, -1]"
4860,dfs_bnb_mpi,0.019511,-4,5,5887,"[-1, -2, 1, 1, 2, 2, 2, 1, -2, -2, -2, -2, -1, -1]"
4861,dfs_bnb_mpi,0.08961,-5,6,23147,"[-1, -1, 2, 2, 1, -2, 1, 1, -2, -2, -1, -1, -2, 1]"
4862,dfs_bnb_mpi,0.017026,-5,6,4276,"[-1, -2, 1, 1, 1, 1, 2, -1, -1, 2, 2, -1, -2, -1]"
4863,dfs_bnb_mpi,0.122376,-3,4,36672,"[-1, -1, 2, 2, 1, -2, 1, 1, -2, -2, -1, -1, -1, -1]"
4864,dfs_bnb_mpi,0.087853,-5,6,23350,"[-1, -1, 2, 2, 2, -1, -2, -1, -2, 1, -2, -1, -1, 2]"
4865,dfs_bnb_mpi,0.041364,-6,7,11066,"[-1, -1, 2, 1, 1, 2, 1, 1, -2, -2, -2, -1, 2, 2]"
4866,dfs_bnb_mpi,0.022906,-7,6,5485,"[-1, -1, 2, 2, 2, 1, 2, 1, -2, -2, -1, -2, 1, 1]"
4867,dfs_bnb_mpi,0.011405,-4,5,3008,"[-1, -1, 2, -1, -2, -1, -2, -2, 1, 2, 1, -2, 1, 2]"
4868,dfs_bnb_mpi,0.04616,-4,5,12586,"[-1, -1, 2, 2, 1, -2, 1, 2, 2, 1, 1, -2, -1, -2]"
4869,dfs_bnb_mpi,0.110967,-4,5,29725,"[-1, -1, 2, 2, -1, -2, -2, -2, 1, -2, 1, 1, 2, -1]"
4870,dfs_bnb_mpi,0.349923,-5,6,84614,"[-1, -2, -1, 2, 2, 2, 2, 2, 2, 1, -2, -2, -2, -2]"
4871,dfs_bnb_mpi,0.032578,-4,5,9587,"[-1, -2, 1, 1, 2, 2, -1, -1, 2, -1, -2, -1, -2, 1]"
4872,dfs_bnb_mpi,0.426188,-4,5,92240,"[-1, -1, 2, 2, 2, 2, 2, 1, -2, 1, -2, -1, -2, 1]"
4873,dfs_bnb_mpi,0.003735,-5,6,1099,"[-1, -1, -1, 2, 1, 1, 2, 1, -2, 1, 1, -2, -1, -2]"
4874,dfs_bnb_mpi,0.022418,-4,5,6912,"[-1, -2, -1, -2, 1, -2, 1, 1, 1, 2, -1, -1, 2, 1]"
4875,dfs_bnb_mpi,0.033981,-7,8,8662,"[-1, -1, 2, 2, 2, 1, -2, 1, 2, 1, -2, -2, -1, -1]"
4876,dfs_bnb_mpi,0.31093,-4,5,93048,"[-1, -1, 2, 2, 1, 1, 2, 2, 1, -2, -2, -2, -1, -1]"
4877,dfs_bnb_mpi,0.035176,-4,5,9857,"[-1, -1, 2, 2, 2, 1, -2, -2, 1, 1, 2, 2, -1, -2]"
4878,dfs_bnb_mpi,0.035302,-4,5,10893,"[-1, -2, -1, 2, -1, 2, 2, 2, 2, 1, -2, -2, -2, 1]"
4879,dfs_bnb_mpi,0.023368,-4,5,6095,"[-1, -1, 2, 2, 2, 1, 1, 1, -2, -1, -1, -2, 1, 1]"
4880,dfs_bnb_mpi,0.150989,-7,8,35327,"[-1, -2, 1, 1, 2, 1, -2, -2, -1, -2, -1, 2, -1, -2]"
4881,dfs_bnb_mpi,0.013292,-7,8,3431,"[-1, -1, 2, -1, 2, 1, 2, 1, -2, -2, 1, 1, 2, -1]"
4882,dfs_bnb_mpi,0.007875,-3,4,2085,"[-1, -1, 2, 2, 2, 2, 1, 1, -2, -1, -2, 1, 1, 2]"
4883,dfs_bnb_mpi,0.085254,-6,7,19070,"[-1, -1, 2, -1, -1, -1, -2, 1, 1, -2, -1, -1, -1, 2]"
4884,dfs_bnb_mpi,0.001625,-5,6,451,"[-1, -1, 2, 2, 1, -2, 1, 1, 2, -1, 2, -1, 2, 2]"
4885,dfs_bnb_mpi,0.118834,-6,7,29745,"[-1, -1, 2, -1, -1, -1, -2, -1, -2, 1, 1, 1, 2, -1]"
4886,dfs_bnb_mpi,0.006791,-5,6,1861,"[-1, -1, 2, -1, -1, -2, 1, -2, -2, 1, 2, 1, 1, 1]"
4887,dfs_bnb_mpi,0.018687,-5,5,5256,"[-1, -1, 2, 1, 1, 2, 2, 2, -1, -2, -2, -1, 2, 2]"
4888,dfs_bnb_mpi,0.008353,-6,6,2266,"[-1, -2, -1, 2, 2, 2, 1, -2, 1, 1, -2, -2, -1, -2]"
4889,dfs_bnb_mpi,0.011269,-5,6,2990,"[-1, -1, 2, 2, 2, 1, -2, -2, 1, 2, 1, -2, -2, 1]"
4890,dfs_bnb_mpi,0.014566,-6,7,4124,"[-1, -2, 1, 1, 2, 2, 2, 2, -1, -1, -2, 1, -2, -1]"
4891,dfs_bnb_mpi,0.118643,-5,5,35086,"[-1, -1, 2, 2, 2, 1, -2, 1, 2, 1, -2, -2, -1, -1]"
4892,dfs_bnb_mpi,0.055789,-3,4,12362,"[-1, -1, 2, 2, 2, 2, 1, -2, -2, -2, 1, 2, 2, 2]"
4893,dfs_bnb_mpi,0.005857,-3,4,1874,"[-1, -1, 2, -1, -2, -2, 1, -2, -2, 1, 2, 2, 1, 1]"
4894,dfs_bnb_mpi,0.008993,-3,4,2704,"[-1, -1, 2, 2, 2, -1, -2, -2, -1, -1, -2, 1, 1, -2]"
4895,dfs_bnb_mpi,0.077795,-5,6,17911,"[-1, -2, 1, 1, 1, 2, -1, 2, 2, -1, -2, -1, 2, 2]"
4896,dfs_bnb_mpi,0.005712,-6,7,1444,"[-1, -2, -1, -2, -1, -2, 1, -2, 1, 2, 2, 1, 2, 1]"
4897,dfs_bnb_mpi,0.049706,-5,6,11248,"[-1, -1, -1, 2, -1, 2, 1, 2, 1, -2, -2, 1, 2, 2]"
4898,dfs_bnb_mpi,0.034802,-6,7,9859,"[-1, -2, 1, 1, 2, 1, -2, -2, -1, -1, -1, -2, 1, 1]"
4899,dfs_bnb_mpi,0.045955,-6,7,11827,"[-1, -2, 1, 1, -2, -1, -2, -1, 2, -1, -2, -2, 1, 1]"
4900,dfs_bnb_mpi,0.016217,-4,5,4898,"[-1, -2, 1, 1, -2, -1, -1, -1, 2, 2, 2, 1, 1, 2]"
4901,dfs_bnb_mpi,0.001313,-1,2,307,"[-1, -1, 2, 2, 2, 2, 2, -1, -2, -2, -2, -2, -2, -1]"
4902,dfs_bnb_mpi,0.010877,-5,6,2978,"[-1, -1, 2, 1, 2, 1, -2, 1, 2, 1, -2, -2, -1, -2]"
4903,dfs_bnb_mpi,0.002088,-4,5,530,"[-1, -1, 2, 2, 1, -2, 1, 2, 2, 1, -2, 1, 2, 2]"
4904,dfs_bnb_mpi,0.00453,-2,3,1163,"[-1, -1, 2, 2, 2, 2, 1, -2, 1, -2, -1, -2, 1, 1]"
4905,dfs_bnb_mpi,0.025876,-4,5,7576,"[-1, -1, 2, 1, 2, 1, 2, -1, 2, -1, -2, -2, -1, -2]"
4906,dfs_bnb_mpi,0.036273,-3,4,10988,"[-1, -1, 2, 2, 2, 1, -2, 1, 2, 1, -2, -2, -1, -1]"
4907,dfs_bnb_mpi,0.009395,-2,3,2609,"[-1, -1, 2, 2, 2, 2, -1, -2, -2, -2, -2, -2, 1, 1]"
4908,dfs_bnb_mpi,0.012197,-4,5,3681,"[-1, -2, 1, 1, 2, 1, -2, -2, 1, -2, -1, -1, 2, -1]"
4909,dfs_bnb_mpi,0.013612,-4,5,3420,"[-1, -2, -1, -1, -2, 1, -2, 1, 2, 1, 2, 1, 2, 2]"
4910,dfs_bnb_mpi,0.014645,-5,6,4250,"[-1, -1, 2, 1, 2, -1, 2, -1, -2, -1, -2, 1, -2, -1]"
4911,dfs_bnb_mpi,0.127168,-6,7,31035,"[-1, -1, 2, 2, 2, 1, 1, -2, -1, -2, 1, 1, 2, 2]"
4912,dfs_bnb_mpi,0.047236,-4,4,14526,"[-1, -1, 2, 2, 2, 2, 2, 1, -2, -2, -2, 1, -2, -1]"
4913,dfs_bnb_mpi,0.02156,-4,5,5650,"[-1, -1, 2, 2, 2, 1, 2, 1, -2, -2, -1, -2, 1, 1]"
4914,dfs_bnb_mpi,0.323873,-4,5,94996,"[-1, -1, 2, 2, 2, 2, 2, 1, -2, 1, -2, -2, -1, 2]"
4915,dfs_bnb_mpi,0.048091,-4,5,12832,"[-1, -1, 2, 2, -1, -1, -2, 1, -2, -1, -1, -1, 2, 1]"
4916,dfs_bnb_mpi,0.021484,-6,7,5742,"[-1, -1, 2, 2, 1, -2, 1, 2, 1, 2, -1, 2, -1, -2]"
4917,dfs_bnb_mpi,0.015677,-6,7,4254,"[-1, -2, 1, 1, -2, 1, 1, 2, -1, 2, -1, 2, -1, 2]"
4918,dfs_bnb_mpi,0.007883,-7,7,2228,"[-1, -2, -1, 2, 2, 1, 1, 2, 1, -2, -2, -2, -1, -2]"
4919,dfs_bnb_mpi,0.025638,-6,7,7584,"[-1, -1, 2, 1, 2, 1, -2, 1, 2, 2, -1, -1, -1, -2]"
4920,dfs_bnb_mpi,0.127487,-7,8,30840,"[-1, -1, 2, 1, 2, -1, -1, -1, -1, -2, 1, 1, -2, -1]"
4921,dfs_bnb_mpi,0.008458,-5,6,2456,"[-1, -2, 1, 1, 2, 1, -2, -2, -1, -1, -1, -1, 2, 2]"
4922,dfs_bnb_mpi,0.008594,-4,5,2438,"[-1, -1, 2, 1, 2, -1, -1, 2, -1, -2, -2, 1, -2, -1]"
4923,dfs_bnb_mpi,0.041456,-5,6,9945,"[-1, -1, 2, 1, 2, -1, 2, -1, -2, -1, -2, -2, 1, 2]"
4924,dfs_bnb_mpi,0.056804,-4,5,13464,"[-1, -1, 2, 2, 2, 1, 2, -1, 2, -1, -2, -1, -2, 1]"
4925,dfs_bnb_mpi,0.065973,-6,7,16484,"[-1, -2, -1, 2, -1, -2, -2, 1, -2, 1, 2, 1, 2, 1]"
4926,dfs_bnb_mpi,0.003519,-5,6,799,"[-1, -1, 2, 2, 2, 1, 1, 1, -2, -2, -1, 2, -1, -2]"
4927,dfs_bnb_mpi,0.230101,-5,5,51378,"[-1, -1, 2, 2, 2, 2, 2, 1, -2, -2, -2, 1, -2, -1]"
4928,dfs_bnb_mpi,0.000848,-3,4,221,"[-1, -2, 1, 1, 1, 2, -1, 2, 2, 2, 2, 2, 2, 2]"
4929,dfs_bnb_mpi,0.026472,-4,5,6002,"[-1, -1, 2, 2, 2, 2, 1, -2, -2, -2, 1, 2, 2, 2]"
4930,dfs_bnb_mpi,0.187328,-5,6,41826,"[-1, -1, 2, 2, 1, 2, 2, 1, -2, -2, 1, -2, -1, -1]"
4931,dfs_bnb_mpi,0.032037,-6,6,8045,"[-1, -1, 2, 2, 2, 2, 1, -2, 1, -2, -1, -2, 1, 1]"
4932,dfs_bnb_mpi,0.024939,-3,4,6435,"[-1, -1, 2, 2, 2, -1, -2, -1, -1, -2, 1, 1, -2, -1]"
4933,dfs_bnb_mpi,0.078155,-6,7,18319,"[-1, -2, 1, 1, 2, 1, -2, 1, -2, -1, -1, -1, -2, 1]"
4934,dfs_bnb_mpi,0.007195,-4,5,2105,"[-1, -1, 2, 1, 2, 2, 1, -2, -2, 1, 1, -2, -1, -2]"
4935,dfs_bnb_mpi,0.007306,-5,6,2178,"[-1, -2, 1, 1, 2, 2, 2, 2, -1, -2, -2, -1, 2, 2]"
4936,dfs_bnb_mpi,0.143495,-5,6,35689,"[-1, -1, 2, 2, 1, 2, 2, 1, -2, -2, 1, -2, -1, -1]"
4937,dfs_bnb_mpi,0.000405,-2,3,101,"[-1, -1, 2, -1, -1, -2, 1, -2, 1, 1, 1, 1, 2, 2]"
4938,dfs_bnb_mpi,0.058951,-6,7,13023,"[-1, -1, 2, 2, 2, 2, 1, -2, 1, -2, -1, -2, 1, 1]"
4939,dfs_bnb_mpi,0.013208,-4,5,4005,"[-1, -1, 2, 1, 1, 2, 1, 2, 2, -1, -2, -1, -2, -1]"
4940,dfs_bnb_mpi,0.050274,-4,5,12542,"[-1, -1, 2, 2, 2, -1, -2, -1, -2, 1, -2, -1, -1, 2]"
4941,dfs_bnb_mpi,0.044117,-7,7,11847,"[-1, -1, 2, 2, 1, 2, -1, 2, 1, 1, -2, -2, -2, -1]"
4942,dfs_bnb_mpi,4.1e-05,0,1,15,"[-1, -1, 2, 2, 2, 2, 2, 2, 2, 2, 2, 2, 2, 2]"
4943,dfs_bnb_mpi,0.020818,-2,3,6099,"[-1, -1, 2, 2, 2, 2, 2, 1, 2, -1, 2, -1, -2, -2]"
4944,dfs_bnb_mpi,0.058704,-3,4,17656,"[-1, -1, 2, -1, -1, -2, 1, -2, -1, -1, 2, 2, 2, 1]"
4945,dfs_bnb_mpi,0.124375,-4,5,38640,"[-1, -2, -1, 2, 2, 2, 1, 2, 2, 1, -2, -2, -2, -1]"
4946,dfs_bnb_mpi,0.002948,-5,5,893,"[-1, -1, 2, 2, -1, 2, 2, 1, -2, 1, -2, 1, -2, -1]"
4947,dfs_bnb_mpi,0.387852,-4,5,100271,"[-1, -1, 2, 2, 2, 1, 2, -1, 2, -1, -1, -2, 1, -2]"
4948,dfs_bnb_mpi,0.049479,-6,7,12092,"[-1, -1, 2, 1, 1, 2, 1, 2, 1, -2, -2, -2, -1, 2]"
4949,dfs_bnb_mpi,0.038909,-5,6,10124,"[-1, -2, -1, 2, 2, 1, 1, 1, -2, 1, -2, -1, -1, -2]"
4950,dfs_bnb_mpi,3.8e-05,0,1,15,"[-1, -1, 2, 2, 2, 2, 2, 2, 2, 2, 2, 2, 2, 2]"
4951,dfs_bnb_mpi,0.00258,-3,4,763,"[-1, -1, 2, 1, 1, 1, -2, -2, -1, -2, -1, 2, -1, -1]"
4952,dfs_bnb_mpi,0.019469,-2,3,5819,"[-1, -1, 2, 2, 2, 2, 2, 1, 2, 2, -1, -2, -1, -2]"
4953,dfs_bnb_mpi,0.016232,-5,5,4942,"[-1, -1, 2, 2, 1, -2, 1, 1, -2, -2, -1, -2, -1, 2]"
4954,dfs_bnb_mpi,0.038104,-6,7,9631,"[-1, -1, 2, 1, 2, -1, -1, -2, -2, -2, -2, 1, 2, 1]"
4955,dfs_bnb_mpi,0.029371,-4,5,8575,"[-1, -1, 2, -1, -2, -1, -2, -1, -2, 1, 1, 1, 2, -1]"
4956,dfs_bnb_mpi,0.01695,-5,6,4770,"[-1, -1, 2, 2, -1, -2, -1, -1, -2, -2, 1, 2, 1, -2]"
4957,dfs_bnb_mpi,0.008282,-4,4,2496,"[-1, -1, 2, 1, 2, 2, 1, -2, -2, 1, -2, -2, -1, -1]"
4958,dfs_bnb_mpi,0.009049,-4,5,2149,"[-1, -1, 2, 2, 2, 1, -2, -2, 1, 2, 2, 1, -2, 1]"
4959,dfs_bnb_mpi,0.017603,-4,5,4836,"[-1, -1, 2, 2, 2, 1, 1, -2, -1, -2, 1, 1, 2, 2]"
4960,dfs_bnb_mpi,0.001804,-5,6,513,"[-1, -1, -1, 2, 1, 1, 2, 1, -2, 1, -2, 1, 2, 2]"
4961,dfs_bnb_mpi,0.070948,-6,7,19373,"[-1, -1, -1, 2, 1, 1, 2, 1, -2, 1, -2, -2, -1, -1]"
4962,dfs_bnb_mpi,0.008662,-2,3,2633,"[-1, -1, 2, 2, 1, -2, 1, 2, 1, -2, -2, -2, -1, -1]"
4963,dfs_bnb_mpi,0.004881,-3,4,1519,"[-1, -1, 2, 2, 2, 1, 2, 1, -2, -2, -1, -2, 1, 1]"
4964,dfs_bnb_mpi,0.017848,-6,7,4724,"[-1, -2, -1, -2, 1, 1, 2, 1, 1, 2, -1, 2, 1, 2]"
4965,dfs_bnb_mpi,0.168334,-6,7,38908,"[-1, -1, 2, 1, 2, 2, 2, 1, -2, 1, -2, -1, -2, 1]"
4966,dfs_bnb_mpi,0.017439,-4,5,4815,"[-1, -1, 2, 2, 2, 1, 1, -2, -1, -2, 1, 1, 2, 2]"
4967,dfs_bnb_mpi,0.013721,-4,5,3711,"[-1, -1, 2, 2, 1, 2, -1, -1, -2, -1, -2, 1, -2, -1]"
4968,dfs_bnb_mpi,0.033041,-6,6,7568,"[-1, -1, 2, 2, 2, 1, 2, 1, -2, -2, -1, -2, 1, 1]"
4969,dfs_bnb_mpi,0.013095,-5,6,3497,"[-1, -1, 2, 2, 1, -2, 1, 2, 1, -2, -2, -2, -1, -1]"
4970,dfs_bnb_mpi,0.080088,-6,7,17942,"[-1, -2, 1, 1, 1, -2, -1, -2, -1, 2, -1, -1, -2, 1]"
4971,dfs_bnb_mpi,0.002095,-4,5,645,"[-1, -2, 1, 1, -2, -1, -2, -2, -1, 2, 2, -1, 2, 2]"
4972,dfs_bnb_mpi,0.016705,-5,6,4814,"[-1, -1, 2, 1, 1, 2, -1, -1, 2, -1, -2, -1, -2, 1]"
4973,dfs_bnb_mpi,0.034264,-7,8,9451,"[-1, -1, 2, 1, 2, 2, 1, 1, 1, -2, -1, -2, -1, 2]"
4974,dfs_bnb_mpi,0.003864,-2,3,1103,"[-1, -1, 2, 2, 1, -2, 1, 1, -2, -2, -1, -1, -1, -1]"
4975,dfs_bnb_mpi,0.00239,-4,5,695,"[-1, -2, -1, 2, 2, -1, 2, 1, 1, -2, 1, 2, 2, 2]"
4976,dfs_bnb_mpi,0.132348,-5,6,35994,"[-1, -1, 2, 2, 1, -2, 1, 1, -2, -2, -2, -1, 2, -1]"
4977,dfs_bnb_mpi,0.219417,-5,6,56644,"[-1, -1, 2, 2, 2, 2, 1, -2, -2, 1, 1, -2, -1, -1]"
4978,dfs_bnb_mpi,0.063835,-4,4,15045,"[-1, -1, 2, 2, 2, 1, -2, -2, 1, 2, 2, 2, 1, -2]"
4979,dfs_bnb_mpi,0.028254,-4,5,7214,"[-1, -1, 2, 2, 2, -1, -2, -2, -2, -2, 1, -2, 1, 2]"
4980,dfs_bnb_mpi,0.050474,-2,3,12128,"[-1, -1, 2, 2, 2, 2, 2, 2, 1, -2, -2, 1, -2, -1]"
4981,dfs_bnb_mpi,0.026505,-4,5,6753,"[-1, -1, 2, 2, -1, -2, -2, -1, -2, 1, 1, 1, 1, 1]"
4982,dfs_bnb_mpi,0.000365,-2,3,86,"[-1, -1, 2, 2, 2, 2, 2, 1, -2, 1, -2, -1, -2, 1]"
4983,dfs_bnb_mpi,0.153886,-6,7,40503,"[-1, -1, 2, 2, 2, 1, 1, 2, 1, -2, -2, -1, -1, -2]"
4984,dfs_bnb_mpi,0.021521,-5,6,5734,"[-1, -2, -1, -2, 1, -2, 1, 1, 2, -1, 2, 1, 2, 2]"
4985,dfs_bnb_mpi,0.000898,-2,3,237,"[-1, -1, 2, 2, 2, 2, 1, 1, -2, -2, -2, 1, -2, 1]"
4986,dfs_bnb_mpi,8e-05,-1,2,26,"[-1, -1, 2, 2, 2, 2, 2, 1, -2, -2, 1, 2, 2, 2]"
4987,dfs_bnb_mpi,0.002556,-6,7,750,"[-1, -2, 1, 1, 2, 2, -1, 2, -1, -2, -1, -2, -2, -1]"
4988,dfs_bnb_mpi,0.09659,-2,2,30026,"[-1, -1, 2, 2, 2, 2, 2, 2, 1, -2, -2, -2, -2, -2]"
4989,dfs_bnb_mpi,0.047416,-7,8,12299,"[-1, -1, 2, 1, 2, 2, 1, -2, -2, 1, 1, 2, -1, 2]"
4990,dfs_bnb_mpi,0.051884,-4,5,12482,"[-1, -1, 2, 2, 2, 2, 1, 1, -2, -2, -1, -2, 1, 1]"
4991,dfs_bnb_mpi,0.05892,-4,5,15897,"[-1, -1, 2, 2, 1, 2, 2, 1, -2, -2, 1, -2, -1, -1]"
4992,dfs_bnb_mpi,0.004643,-6,7,1209,"[-1, -1, 2, -1, -2, -2, 1, 1, -2, 1, 2, 1, 2, 2]"
4993,dfs_bnb_mpi,0.000498,-2,3,150,"[-1, -1, 2, 2, 2, 2, 1, 2, 1, -2, -2, -1, -2, 1]"
4994,dfs_bnb_mpi,0.014303,-6,7,3848,"[-1, -1, 2, -1, 2, 1, 2, 1, -2, -2, 1, 1, 2, -1]"
4995,dfs_bnb_mpi,0.024215,-5,6,5432,"[-1, -2, -1, 2, 2, 1, 1, 2, 1, -2, -2, -2, -1, -2]"
4996,dfs_bnb_mpi,0.001057,-4,5,297,"[-1, -1, 2, 1, 2, 2, -1, -2, -1, -1, -2, 1, -2, -1]"
4997,dfs_bnb_mpi,0.005333,-6,6,1516,"[-1, -1, 2, 1, 2, -1, 2, -1, -2, -1, -2, 1, -2, -1]"
4998,dfs_bnb_mpi,0.012918,-4,5,3675,"[-1, -2, -1, -1, -1, 2, 1, 1, 2, 1, 2, 1, -2, 1]"
4999,dfs_bnb_mpi,0.01886,-6,7,5214,"[-1, -2, -1, -2, -2, 1, 2, 1, 2, 1, 2, 2, 1, -2]"
5000,dfs_bnb_mpi,0.000887,-3,4,249,"[-1, -1, 2, 1, 2, -1, 2, -1, -2, -2, -1, 2, 2, 2]"
5001,dfs_bnb_mpi,0.014372,-5,6,4137,"[-1, -1, 2, 2, 1, -2, 1, 2, 2, 2, -1, -2, -1, 2]"
5002,dfs_bnb_mpi,0.000407,-2,3,108,"[-1, -1, 2, 2, 1, -2, 1, 2, 2, 2, 2, 2, 2, 2]"
5003,dfs_bnb_mpi,0.123932,-7,8,29473,"[-1, -1, 2, 1, 2, 2, -1, -2, -1, -1, -2, 1, -2, -1]"
5004,dfs_bnb_mpi,0.04721,-6,6,13161,"[-1, -2, -1, -2, -1, 2, 2, 1, 2, -1, 2, 1, 1, -2]"
5005,dfs_bnb_mpi,0.069846,-5,6,15416,"[-1, -1, 2, 2, -1, 2, 2, -1, -2, -2, -2, 1, -2, -1]"
5006,dfs_bnb_mpi,0.000288,-1,2,85,"[-1, -1, 2, 2, 2, 2, 2, 2, 1, -2, -2, -2, -2, 1]"
5007,dfs_bnb_mpi,0.002417,-5,6,714,"[-1, -1, 2, 1, 1, 2, -1, 2, -1, -2, -1, -2, -1, 2]"
5008,dfs_bnb_mpi,0.058808,-4,5,13598,"[-1, -1, 2, 2, 2, 1, 2, 1, 1, -2, -1, -2, -1, -2]"
5009,dfs_bnb_mpi,0.009765,-4,5,2984,"[-1, -1, -1, 2, 1, 1, 2, 1, -2, 1, -2, -2, -1, -1]"
5010,dfs_bnb_mpi,0.030457,-5,6,7946,"[-1, -1, 2, -1, 2, 2, 1, -2, 1, -2, 1, 2, 1, -2]"
5011,dfs_bnb_mpi,0.033776,-5,6,9996,"[-1, -1, 2, 2, 1, 2, 2, 1, -2, 1, -2, -1, -2, -1]"
5012,dfs_bnb_mpi,0.014243,-4,5,3992,"[-1, -1, 2, 2, 1, 2, -1, -1, 2, -1, -2, -2, 1, -2]"
5013,dfs_bnb_mpi,0.001716,-5,6,472,"[-1, -1, 2, 2, 2, 1, -2, -2, 1, 1, 2, -1, 2, 2]"
5014,dfs_bnb_mpi,0.058463,-3,4,16220,"[-1, -1, 2, 2, 2, 1, 2, 2, 1, -2, -2, -2, -1, -2]"
5015,dfs_bnb_mpi,0.004239,-4,5,1031,"[-1, -1, -1, 2, 1, 2, 1, -2, 1, 1, 2, -1, 2, 2]"
5016,dfs_bnb_mpi,0.009905,-5,6,2965,"[-1, -1, 2, 2, 1, -2, 1, 2, 2, 1, -2, -2, -2, 1]"
5017,dfs_bnb_mpi,0.004167,-4,5,1032,"[-1, -1, 2, 2, 2, 1, -2, -2, 1, 1, 2, -1, 2, 2]"
5018,dfs_bnb_mpi,0.006151,-4,4,1435,"[-1, -1, 2, 2, 2, -1, -2, -2, -1, -2, 1, -2, 1, 1]"
5019,dfs_bnb_mpi,0.00278,-5,6,830,"[-1, -1, 2, 1, 2, -1, -1, 2, 1, 1, 1, -2, -2, 1]"
5020,dfs_bnb_mpi,0.008799,-7,8,2122,"[-1, -1, 2, 2, 2, 1, -2, -2, 1, 1, 2, 2, -1, -2]"
5021,dfs_bnb_mpi,0.022808,-4,5,5708,"[-1, -1, 2, 2, 2, 1, 2, 1, -2, -2, -1, -2, 1, 1]"
5022,dfs_bnb_mpi,0.207784,-4,5,47543,"[-1, -1, 2, 2, 2, 1, -2, 1, 2, 1, -2, -2, -1, -1]"
5023,dfs_bnb_mpi,0.196653,-4,5,43287,"[-1, -1, 2, 2, 2, 2, 1, -2, 1, -2, -1, -2, 1, 1]"
5024,dfs_bnb_mpi,0.017579,-5,6,4700,"[-1, -2, 1, 1, -2, -1, -1, -1, 2, 2, -1, -2, -1, 2]"
5025,dfs_bnb_mpi,0.042215,-7,8,10471,"[-1, -2, -1, -1, -1, 2, 1, 1, 2, 1, 2, -1, -1, -2]"
5026,dfs_bnb_mpi,0.007469,-5,5,1989,"[-1, -2, 1, 1, 2, 2, 1, -2, 1, 1, -2, -1, -1, -2]"
5027,dfs_bnb_mpi,0.003098,-4,5,837,"[-1, -2, -1, -2, 1, -2, 1, 2, 2, 1, 2, 2, 2, 2]"
5028,dfs_bnb_mpi,0.007119,-2,3,1907,"[-1, -1, 2, 2, 2, 2, 2, 1, 1, -2, -1, -2, 1, 1]"
5029,dfs_bnb_mpi,0.19001,-6,7,41939,"[-1, -1, 2, 2, -1, 2, 2, -1, -2, -2, -2, 1, -2, -1]"
5030,dfs_bnb_mpi,0.005722,-4,5,1736,"[-1, -1, 2, 1, 2, 2, 1, -2, -2, 1, -2, 1, 2, 2]"
5031,dfs_bnb_mpi,0.137591,-8,9,30729,"[-1, -2, -2, -2, 1, 1, 2, 1, 2, 2, -1, -2, -1, -2]"
5032,dfs_bnb_mpi,0.011139,-4,5,2892,"[-1, -1, 2, -1, -2, -1, -1, -2, 1, 1, 1, 1, 1, 1]"
5033,dfs_bnb_mpi,0.003961,-4,5,1054,"[-1, -1, 2, 1, 1, 1, -2, 1, -2, -2, -1, 2, -1, -1]"
5034,dfs_bnb_mpi,0.07321,-2,3,20889,"[-1, -2, 1, 1, 2, 2, 2, 2, -1, -1, -2, -2, -1, -2]"
5035,dfs_bnb_mpi,0.004181,-3,4,1112,"[-1, -1, 2, 2, -1, -2, -1, -2, 1, -2, -1, -1, 2, 2]"
5036,dfs_bnb_mpi,0.023919,-7,8,5742,"[-1, -1, 2, 2, 2, 1, 1, -2, -1, -2, 1, 1, 2, 2]"
5037,dfs_bnb_mpi,0.001197,-4,5,365,"[-1, -2, -1, -1, 2, 1, 2, 1, 2, 2, 1, -2, -2, 1]"
5038,dfs_bnb_mpi,0.231589,-5,6,52961,"[-1, -1, 2, 2, 2, -1, -2, -2, -1, -2, 1, -2, 1, 1]"
5039,dfs_bnb_mpi,0.003816,-2,3,891,"[-1, -1, 2, 2, 2, 1, 2, 2, 1, -2, -2, -2, -1, -2]"
5040,dfs_bnb_mpi,0.01385,-5,6,3776,"[-1, -2, 1, 1, -2, 1, 2, 2, -1, 2, 2, -1, -2, -1]"
5041,dfs_bnb_mpi,0.002625,-3,4,753,"[-1, -1, 2, -1, -2, -1, -2, -1, -2, 1, 1, 2, 1, 1]"
5042,dfs_bnb_mpi,0.098737,-7,8,27599,"[-1, -2, 1, 1, 2, 2, 1, -2, -2, 1, -2, -1, -1, -1]"
5043,dfs_bnb_mpi,0.063362,-4,5,17260,"[-1, -1, 2, 2, 1, 1, -2, 1, 2, 1, -2, -2, -1, -2]"
5044,dfs_bnb_mpi,0.011752,-6,7,3034,"[-1, -1, 2, 1, 1, 1, 2, 2, -1, -2, -1, -1, 2, 1]"
5045,dfs_bnb_mpi,0.02763,-4,5,6139,"[-1, -1, 2, 2, 2, 1, 1, -2, -1, -2, 1, 1, 2, 2]"
5046,dfs_bnb_mpi,0.031868,-4,5,9515,"[-1, -1, 2, -1, 2, 2, -1, -2, -2, -1, -2, 1, 1, -2]"
5047,dfs_bnb_mpi,0.002354,-5,6,686,"[-1, -1, 2, 1, 1, 1, -2, 1, -2, -1, -2, -1, 2, -1]"
5048,dfs_bnb_mpi,0.007923,-5,6,2111,"[-1, -1, 2, 2, -1, -2, -2, -1, -2, -1, 2, 2, 1, 2]"
5049,dfs_bnb_mpi,0.141393,-7,7,33334,"[-1, -2, 1, -2, 1, 2, 2, 2, 1, 1, -2, -1, -2, 1]"
5050,dfs_bnb_mpi,0.050917,-4,5,12420,"[-1, -1, 2, 2, 2, 1, 2, 1, -2, -2, -1, -2, 1, 1]"
5051,dfs_bnb_mpi,0.045555,-4,5,11724,"[-1, -1, 2, 2, 2, 1, 2, 1, -2, 1, -2, -1, -1, -2]"
5052,dfs_bnb_mpi,0.041524,-3,4,12604,"[-1, -1, 2, 1, 2, -1, -1, -2, -2, -2, 1, 1, 1, 1]"
5053,dfs_bnb_mpi,0.028455,-4,5,7478,"[-1, -1, 2, 1, 2, -1, 2, 1, 1, -2, -2, 1, 2, 2]"
5054,dfs_bnb_mpi,0.002849,-4,5,849,"[-1, -1, 2, 1, 1, 2, 1, -2, 1, 1, -2, -1, -1, -2]"
5055,dfs_bnb_mpi,0.112186,-5,5,26397,"[-1, -1, 2, 2, 1, -2, 1, 2, 2, 1, -2, 1, -2, -1]"
5056,dfs_bnb_mpi,0.033934,-4,5,9693,"[-1, -1, 2, 1, 2, 2, -1, -2, -1, 2, -1, -2, -2, 1]"
5057,dfs_bnb_mpi,0.015103,-6,7,3596,"[-1, -1, 2, 1, 2, 2, 1, -2, -2, 1, 1, 2, -1, 2]"
5058,dfs_bnb_mpi,0.015967,-5,5,4754,"[-1, -1, 2, 2, 2, 1, -2, 1, 2, 1, -2, -2, -1, -1]"
5059,dfs_bnb_mpi,0.002416,-6,7,723,"[-1, -2, -2, 1, 2, 1, 2, 1, 2, -1, 2, -1, -2, -1]"
5060,dfs_bnb_mpi,0.004061,-4,5,1000,"[-1, -2, -1, 2, 2, 2, 1, -2, 1, 2, 2, 2, 2, 2]"
5061,dfs_bnb_mpi,0.024216,-5,6,6842,"[-1, -1, 2, 1, 2, 1, -2, 1, -2, 1, 1, -2, -1, -1]"
5062,dfs_bnb_mpi,0.050762,-4,5,12321,"[-1, -1, 2, 2, -1, -1, -1, -2, -2, 1, 2, 1, -2, -2]"
5063,dfs_bnb_mpi,0.038612,-3,3,11988,"[-1, -1, 2, 2, 2, 2, 2, 1, -2, -2, -2, -2, 1, 2]"
5064,dfs_bnb_mpi,0.01971,-5,6,5140,"[-1, -2, 1, 1, 2, 2, 2, 1, 1, -2, -1, -2, 1, 1]"
5065,dfs_bnb_mpi,8.8e-05,-1,2,27,"[-1, -1, 2, 2, 2, 2, 1, -2, -2, 1, 2, 2, 2, 2]"
5066,dfs_bnb_mpi,0.156072,-5,5,36438,"[-1, -2, 1, 1, 2, 2, -1, 2, 2, -1, -2, -1, -2, 1]"
5067,dfs_bnb_mpi,0.141544,-2,3,34514,"[-1, -1, 2, 2, 2, 2, 2, 1, -2, -2, -2, 1, -2, -1]"
5068,dfs_bnb_mpi,0.124522,-7,8,28329,"[-1, -1, -1, 2, 2, 2, 1, 2, 1, -2, -2, -1, -2, 1]"
5069,dfs_bnb_mpi,0.113267,-6,7,32107,"[-1, -2, 1, 1, 2, 2, -1, -1, -1, -2, -2, -2, 1, 1]"
5070,dfs_bnb_mpi,0.074589,-5,6,17310,"[-1, -1, 2, 2, 2, -1, -1, -2, 1, -2, -1, -2, 1, -2]"
5071,dfs_bnb_mpi,0.022917,-5,6,6178,"[-1, -1, -1, 2, 1, 1, 1, 1, 2, -1, -1, -1, 2, 2]"
5072,dfs_bnb_mpi,0.068492,-6,7,17705,"[-1, -2, -1, 2, -1, 2, 1, 2, 1, 2, 1, -2, -2, -1]"
5073,dfs_bnb_mpi,0.045279,-4,5,12320,"[-1, -1, 2, 2, 2, -1, -2, -1, -2, 1, -2, -1, -1, 2]"
5074,dfs_bnb_mpi,0.05341,-4,5,13637,"[-1, -1, 2, 2, 2, 1, 2, -1, -1, 2, -1, -2, -2, 1]"
5075,dfs_bnb_mpi,0.000334,-4,5,90,"[-1, -1, 2, 1, 1, 2, 2, -1, -2, -1, 2, 2, 2, 2]"
5076,dfs_bnb_mpi,0.044655,-3,4,13084,"[-1, -1, 2, 2, 2, 2, 2, 1, -2, 1, -2, -2, -1, 2]"
5077,dfs_bnb_mpi,0.016258,-4,5,4272,"[-1, -2, -1, 2, 2, 2, 2, 1, 1, -2, -1, -2, 1, 1]"
5078,dfs_bnb_mpi,0.006103,-2,3,1767,"[-1, -1, 2, 2, 2, 1, -2, -2, 1, 1, 2, -1, 2, 2]"
5079,dfs_bnb_mpi,0.06454,-4,5,16667,"[-1, -1, 2, 2, 2, 1, -2, -2, 1, 2, 1, -2, -2, 1]"
5080,dfs_bnb_mpi,0.196405,-6,7,43686,"[-1, -1, 2, 1, 1, 2, 1, 2, 1, -2, -2, -1, -2, 1]"
5081,dfs_bnb_mpi,0.026454,-5,6,6843,"[-1, -2, 1, -2, 1, 1, 1, 2, -1, -1, 2, 2, 1, -2]"
5082,dfs_bnb_mpi,0.092909,-4,5,25997,"[-1, -2, -1, 2, 2, 1, 2, 2, 2, -1, -2, -2, -1, -2]"
5083,dfs_bnb_mpi,0.129383,-5,6,35277,"[-1, -1, 2, 2, 1, 1, 1, 2, 1, -2, -2, -1, -1, -1]"
5084,dfs_bnb_mpi,0.052428,-4,5,14052,"[-1, -2, -1, 2, 2, 2, 1, 1, -2, 1, -2, -2, -1, -2]"
5085,dfs_bnb_mpi,0.064264,-5,6,17831,"[-1, -1, 2, 2, -1, -1, -2, 1, -2, -2, -1, 2, -1, 2]"
5086,dfs_bnb_mpi,0.002905,-4,4,758,"[-1, -1, 2, 2, 2, 1, 1, -2, -1, -2, 1, 1, 2, 2]"
5087,dfs_bnb_mpi,0.024757,-4,5,6349,"[-1, -1, 2, 2, 1, -2, 1, 2, 2, 1, 1, -2, -1, -2]"
5088,dfs_bnb_mpi,0.042336,-4,5,12571,"[-1, -1, 2, 2, 1, 1, 1, 1, -2, -2, -1, 2, -1, -1]"
5089,dfs_bnb_mpi,0.011029,-4,5,2980,"[-1, -1, 2, -1, -1, -2, 1, -2, 1, -2, -1, -1, 2, -1]"
5090,dfs_bnb_mpi,0.091217,-7,8,22121,"[-1, -2, -1, 2, -1, 2, 2, 1, -2, 1, 2, 2, -1, -1]"
5091,dfs_bnb_mpi,0.02869,-7,8,8107,"[-1, -1, 2, 1, 1, 2, 1, -2, 1, -2, -1, -2, -1, -1]"
5092,dfs_bnb_mpi,0.046975,-7,8,10937,"[-1, -1, 2, 1, 2, 2, 1, 1, -2, -1, -2, 1, 1, 2]"
5093,dfs_bnb_mpi,0.064164,-3,4,14460,"[-1, -1, 2, 2, 2, 2, 1, 1, -2, -1, -2, 1, 1, 2]"
5094,dfs_bnb_mpi,0.056134,-6,7,16203,"[-1, -1, 2, 1, 2, 1, -2, 1, -2, -2, -1, -1, -2, 1]"
5095,dfs_bnb_mpi,0.000906,-4,5,252,"[-1, -2, 1, 1, 2, 1, 2, -1, -1, 2, 2, 2, 2, 2]"
5096,dfs_bnb_mpi,0.048634,-4,5,13062,"[-1, -1, 2, 1, 1, 1, 2, -1, -1, 2, -1, -2, -1, -2]"
5097,dfs_bnb_mpi,0.009155,-5,5,2220,"[-1, -1, 2, 1, 1, 2, 1, -2, -2, 1, -2, -1, -1, -1]"
5098,dfs_bnb_mpi,0.003699,-2,3,891,"[-1, -1, 2, 2, 2, 1, 2, 2, 1, -2, -2, -2, -1, -2]"
5099,dfs_bnb_mpi,0.005968,-2,3,1765,"[-1, -1, 2, 2, 2, 2, 1, 2, -1, 2, -1, -2, -2, -1]"
5100,dfs_bnb_mpi,0.04586,-6,7,12675,"[-1, -2, -1, -2, -1, -2, -2, 1, 2, 1, 2, 1, 2, 1]"
5101,dfs_bnb_mpi,0.003268,-6,5,881,"[-1, -1, 2, 2, 1, -2, 1, 2, 1, -2, 1, -2, -1, -2]"
5102,dfs_bnb_mpi,0.013043,-5,6,3352,"[-1, -1, 2, 2, 1, -2, 1, 2, 1, 1, -2, -1, -2, 1]"
5103,dfs_bnb_mpi,0.029306,-5,6,7952,"[-1, -1, 2, 2, 1, 2, 2, -1, -2, -1, -2, -1, -2, 1]"
5104,dfs_bnb_mpi,0.020674,-4,5,5842,"[-1, -1, 2, 2, 1, -2, 1, 1, 2, -1, 2, 2, -1, -2]"
5105,dfs_bnb_mpi,0.06699,-5,6,18154,"[-1, -1, 2, 2, 1, 2, 1, 2, 1, -2, -2, -1, -2, -1]"
5106,dfs_bnb_mpi,0.000807,-2,3,256,"[-1, -1, 2, 1, 1, 1, -2, -2, -1, -1, -1, -1, 2, 2]"
5107,dfs_bnb_mpi,0.003453,-5,6,828,"[-1, -1, 2, 1, 2, -1, -1, -2, -1, -2, 1, -2, 1, 1]"
5108,dfs_bnb_mpi,0.05974,-5,6,13775,"[-1, -1, 2, 2, -1, -2, -2, -2, -2, 1, 2, 1, -2, 1]"
5109,dfs_bnb_mpi,0.007611,-4,5,2070,"[-1, -1, 2, 2, -1, -2, -2, -2, -1, -2, 1, 1, 2, 1]"
5110,dfs_bnb_mpi,0.021445,-5,6,5685,"[-1, -1, 2, 2, 2, 2, 1, -2, 1, -2, -1, -2, 1, 1]"
5111,dfs_bnb_mpi,0.01757,-4,5,4659,"[-1, -2, 1, -2, 1, 2, 1, 1, 2, -1, -1, 2, 2, 2]"
5112,dfs_bnb_mpi,0.003499,-4,5,962,"[-1, -1, 2, 2, 1, -2, 1, 2, 2, 2, -1, -2, -1, 2]"
5113,dfs_bnb_mpi,0.029497,-5,6,8331,"[-1, -1, 2, 2, 2, -1, -2, -1, -1, -2, -2, 1, 2, 1]"
5114,dfs_bnb_mpi,0.078737,-6,7,21314,"[-1, -1, -1, 2, 1, 2, 1, 2, 1, -2, 1, -2, -1, -1]"
5115,dfs_bnb_mpi,0.04685,-3,4,13277,"[-1, -1, 2, 2, 2, 2, 1, 2, 1, -2, 1, -2, -1, -1]"
5116,dfs_bnb_mpi,0.027844,-5,6,6714,"[-1, -1, 2, 2, 2, 2, 1, -2, -2, -2, 1, 1, 2, -1]"
5117,dfs_bnb_mpi,0.132138,-7,8,32066,"[-1, -2, 1, 1, 2, 2, 1, -2, 1, -2, -1, -2, -1, -1]"
5118,dfs_bnb_mpi,0.002824,-4,5,646,"[-1, -1, 2, 2, 1, -2, 1, 2, 2, 2, -1, -2, -1, 2]"
5119,dfs_bnb_mpi,0.000692,-4,4,181,"[-1, -1, 2, 2, 1, -2, 1, 2, 2, 2, 2, 2, 2, 2]"
5120,dfs_bnb_mpi,0.067324,-4,5,16266,"[-1, -1, 2, 1, 2, 2, 2, -1, -1, -2, 1, -2, -1, -2]"
5121,dfs_bnb_mpi,0.008058,-2,3,2369,"[-1, -1, 2, 2, 2, 2, 1, 2, 2, -1, -2, -1, -2, -1]"
5122,dfs_bnb_mpi,0.002822,-3,3,823,"[-1, -1, 2, -1, 2, 2, 1, -2, 1, -2, 1, 2, 2, 2]"
5123,dfs_bnb_mpi,0.23906,-5,6,55128,"[-1, -1, 2, -1, 2, -1, -2, -1, -2, -2, 1, 2, 1, -2]"
5124,dfs_bnb_mpi,0.086866,-4,5,26583,"[-1, -1, 2, 2, 1, 1, 2, 2, 1, -2, -2, -2, -1, -1]"
5125,dfs_bnb_mpi,0.040691,-2,3,12038,"[-1, -1, 2, 2, 2, 2, 2, 2, 2, 1, -2, 1, -2, -1]"
5126,dfs_bnb_mpi,0.090687,-7,8,21651,"[-1, -2, -2, -2, -1, 2, -1, 2, 1, 2, -1, 2, 1, 1]"
5127,dfs_bnb_mpi,0.09304,-5,6,21763,"[-1, -1, 2, -1, -2, -1, -2, -1, -2, 1, 1, 2, 1, -2]"
5128,dfs_bnb_mpi,0.062765,-6,6,16698,"[-1, -1, 2, 2, 2, 1, -2, 1, 2, 1, -2, -2, -1, -1]"
5129,dfs_bnb_mpi,0.046421,-8,9,10856,"[-1, -1, 2, 2, 2, 1, 1, -2, -1, -2, 1, 1, 2, 2]"
5130,dfs_bnb_mpi,0.066846,-6,7,17508,"[-1, -2, 1, 1, 2, 2, 1, -2, -2, -2, -1, -1, -2, 1]"
5131,dfs_bnb_mpi,0.0251,-5,6,5561,"[-1, -1, 2, -1, 2, -1, -2, -2, 1, -2, 1, 1, 1, 1]"
5132,dfs_bnb_mpi,0.004254,-6,7,1073,"[-1, -1, -1, 2, 1, 1, 1, 2, -1, 2, -1, -2, -1, 2]"
5133,dfs_bnb_mpi,0.01138,-3,4,2618,"[-1, -1, 2, 2, 2, 1, 1, -2, -1, -2, 1, 1, 2, 2]"
5134,dfs_bnb_mpi,0.062363,-4,5,18718,"[-1, -1, 2, 1, 2, 1, 2, -1, 2, -1, -2, -2, -1, -2]"
5135,dfs_bnb_mpi,0.017589,-4,5,4920,"[-1, -2, 1, 1, 2, 2, -1, 2, -1, -2, -1, -1, -2, 1]"
5136,dfs_bnb_mpi,0.017808,-6,7,4788,"[-1, -2, -1, -2, 1, -2, -2, 1, 2, 1, 2, -1, 2, 1]"
5137,dfs_bnb_mpi,0.001755,-3,4,424,"[-1, -1, 2, 1, 2, 1, -2, 1, 2, 2, 2, 2, 2, 2]"
5138,dfs_bnb_mpi,0.00601,-2,3,1831,"[-1, -1, 2, 2, 2, 2, 2, 1, -2, 1, -2, -1, -2, 1]"
5139,dfs_bnb_mpi,0.004528,-4,5,1185,"[-1, -1, 2, 1, 2, 2, 1, -2, -2, 1, 2, 2, 2, 2]"
5140,dfs_bnb_mpi,0.037343,-5,6,11405,"[-1, -2, 1, 1, 2, 1, 2, 2, -1, -2, -1, 2, -1, -2]"
5141,dfs_bnb_mpi,0.001941,-4,4,486,"[-1, -2, 1, 1, 1, -2, -1, -1, -2, 1, 1, 1, 2, 2]"
5142,dfs_bnb_mpi,0.002664,-6,7,652,"[-1, -1, 2, 2, 1, -2, 1, 2, 2, -1, 2, -1, -2, -1]"
5143,dfs_bnb_mpi,0.006806,-4,5,1970,"[-1, -1, 2, 1, 2, -1, 2, 2, -1, -2, -1, -2, 1, -2]"
5144,dfs_bnb_mpi,0.096634,-6,7,24617,"[-1, -2, 1, 1, 2, 1, 1, -2, -1, -2, -1, -1, -2, 1]"
5145,dfs_bnb_mpi,0.001035,-2,3,304,"[-1, -1, 2, 1, 1, 1, -2, -2, -1, -1, -1, -1, 2, 2]"
5146,dfs_bnb_mpi,0.00071,-4,5,164,"[-1, -1, 2, 1, 2, 2, 1, -2, -2, 1, 1, 2, -1, 2]"
5147,dfs_bnb_mpi,0.000226,-2,3,73,"[-1, -1, 2, 1, 1, 2, 2, 2, 1, -2, -2, -2, 1, 2]"
5148,dfs_bnb_mpi,0.086694,-4,5,21682,"[-1, -1, 2, 2, 2, 1, 1, 1, -2, -2, -1, -1, 2, 1]"
5149,dfs_bnb_mpi,0.045002,-6,7,11540,"[-1, -1, 2, 1, 1, 2, 1, -2, -2, -2, -2, -1, 2, -1]"
5150,dfs_bnb_mpi,0.09983,-5,6,23164,"[-1, -1, 2, 1, 2, -1, -1, -2, -1, -2, 1, -2, 1, 1]"
5151,dfs_bnb_mpi,0.000199,-2,3,58,"[-1, -1, 2, 2, -1, -2, -2, -1, -1, -2, 1, 1, 1, 1]"
5152,dfs_bnb_mpi,0.006787,-4,5,1959,"[-1, -1, 2, 1, 2, -1, -1, 2, -1, -2, -2, 1, -2, -1]"
5153,dfs_bnb_mpi,0.036494,-6,7,9739,"[-1, -2, -1, 2, 2, 1, 2, -1, 2, -1, -2, -1, -2, 1]"
5154,dfs_bnb_mpi,0.045534,-3,3,13625,"[-1, -1, 2, 2, 2, 2, 2, 2, 2, 1, -2, 1, -2, -1]"
5155,dfs_bnb_mpi,0.024535,-5,6,6221,"[-1, -1, -1, 2, 1, 2, -1, -1, -2, -2, -2, 1, 1, 1]"
5156,dfs_bnb_mpi,0.327065,-3,4,90221,"[-1, -1, 2, 2, 2, 2, 2, 1, -2, -2, -2, 1, -2, -1]"
5157,dfs_bnb_mpi,0.053956,-4,5,16309,"[-1, -1, -1, 2, 1, 2, 1, -2, 1, 1, -2, -2, -1, -1]"
5158,dfs_bnb_mpi,0.062831,-4,5,19447,"[-1, -2, 1, 1, 2, 2, -1, 2, 2, -1, -2, -2, -1, -2]"
5159,dfs_bnb_mpi,0.044451,-5,6,12165,"[-1, -1, 2, -1, -1, -1, -2, 1, 1, -2, 1, 1, -2, -1]"
5160,dfs_bnb_mpi,0.044961,-6,7,11434,"[-1, -1, 2, 1, 1, 2, 1, -2, -2, 1, -2, -1, -1, -1]"
5161,dfs_bnb_mpi,0.058722,-4,5,14406,"[-1, -2, -2, -1, 2, 2, -1, -1, 2, 1, 1, 2, 1, -2]"
5162,dfs_bnb_mpi,0.002911,-4,5,811,"[-1, -1, 2, 1, 2, -1, 2, 1, 2, 1, -2, -2, -2, 1]"
5163,dfs_bnb_mpi,5.3e-05,0,1,15,"[-1, -1, 2, 2, 2, 2, 2, 2, 2, 2, 2, 2, 2, 2]"
5164,dfs_bnb_mpi,0.137653,-6,7,39831,"[-1, -1, -1, 2, 1, 2, 1, 2, 2, 1, -2, -2, -2, -1]"
5165,dfs_bnb_mpi,0.025094,-7,7,6467,"[-1, -1, 2, 2, 2, 2, 1, -2, 1, -2, -1, -2, 1, 1]"
5166,dfs_bnb_mpi,0.001445,-2,3,437,"[-1, -1, 2, 2, 2, 2, 2, 1, 2, -1, -1, -2, -1, 2]"
5167,dfs_bnb_mpi,0.002737,-4,5,814,"[-1, -1, 2, 2, 1, -2, 1, 1, 1, 2, -1, -1, 2, 2]"
5168,dfs_bnb_mpi,0.434304,-3,4,100133,"[-1, -1, 2, 2, 2, 2, 2, 2, 2, 2, 1, -2, -2, -2]"
5169,dfs_bnb_mpi,0.040748,-7,8,9493,"[-1, -1, 2, 1, 1, 1, 2, 2, -1, -2, -1, 2, -1, -2]"
5170,dfs_bnb_mpi,0.000283,-4,5,90,"[-1, -2, -1, 2, 2, 1, 2, 1, -2, 1, 2, 2, 2, 2]"
5171,dfs_bnb_mpi,0.074033,-5,6,16994,"[-1, -1, 2, 2, 2, 2, 1, -2, -2, -2, 1, 2, 1, -2]"
5172,dfs_bnb_mpi,0.036903,-5,6,9641,"[-1, -2, 1, 1, 2, 1, 1, 2, -1, 2, -1, -2, -1, 2]"
5173,dfs_bnb_mpi,0.02419,-7,8,6145,"[-1, -1, 2, 1, 2, -1, -1, -2, -2, -2, -2, 1, 2, 1]"
5174,dfs_bnb_mpi,0.00417,-4,5,1261,"[-1, -1, 2, 2, 1, -2, 1, 1, -2, -2, -1, -2, -1, 2]"
5175,dfs_bnb_mpi,0.016031,-4,5,3610,"[-1, -1, 2, 2, 2, 2, -1, -2, -2, -2, -2, -1, 2, 2]"
5176,dfs_bnb_mpi,0.012713,-2,3,4079,"[-1, -1, 2, 2, 1, -2, 1, 2, 2, 2, -1, -2, -1, 2]"
5177,dfs_bnb_mpi,0.177793,-6,7,39256,"[-1, -1, 2, 1, 2, 2, 2, 1, -2, 1, -2, -1, -2, 1]"
5178,dfs_bnb_mpi,0.013787,-6,7,3153,"[-1, -1, 2, 2, 2, -1, -1, -2, 1, -2, -1, -2, 1, -2]"
5179,dfs_bnb_mpi,0.001749,-5,6,535,"[-1, -1, 2, 1, 1, 1, -2, 1, -2, -1, -2, -1, 2, -1]"
5180,dfs_bnb_mpi,0.000546,-4,4,154,"[-1, -1, 2, 1, 1, 2, -1, -1, 2, 2, 2, 2, 2, 2]"
5181,dfs_bnb_mpi,0.031954,-5,5,9158,"[-1, -1, 2, -1, -1, -2, 1, -2, -1, -1, 2, -1, 2, 1]"
5182,dfs_bnb_mpi,0.067621,-4,5,20933,"[-1, -2, 1, 1, 2, 2, -1, 2, -1, 2, -1, -2, -2, 1]"
5183,dfs_bnb_mpi,0.092859,-6,6,21713,"[-1, -2, -1, 2, -1, 2, 1, 2, 2, 1, -2, 1, -2, -1]"
5184,dfs_bnb_mpi,0.069472,-5,6,20362,"[-1, -2, 1, 1, -2, 1, 2, 1, 2, 2, -1, -1, -2, 1]"
5185,dfs_bnb_mpi,0.040673,-7,8,9054,"[-1, -2, 1, -2, 1, 2, 2, 1, 1, -2, -1, -2, 1, 1]"
5186,dfs_bnb_mpi,0.002421,-4,4,701,"[-1, -1, 2, -1, 2, 2, 1, -2, 1, -2, 1, 2, 2, 2]"
5187,dfs_bnb_mpi,0.003071,-4,5,906,"[-1, -1, 2, 1, 2, -1, 2, -1, -1, -2, 1, -2, -1, -1]"
5188,dfs_bnb_mpi,0.069243,-8,9,17097,"[-1, -1, 2, -1, 2, 2, 1, -2, 1, 2, 1, -2, -2, -1]"
5189,dfs_bnb_mpi,0.009508,-4,5,2761,"[-1, -1, 2, 2, 1, -2, 1, 2, 1, 2, -1, -1, 2, 2]"
5190,dfs_bnb_mpi,0.049978,-5,6,14073,"[-1, -1, 2, -1, 2, 1, 2, 1, 1, -2, -1, -2, 1, 1]"
5191,dfs_bnb_mpi,0.0005,-2,3,152,"[-1, -1, 2, 2, 2, 1, 2, 1, -2, -2, -1, -2, 1, 1]"
5192,dfs_bnb_mpi,7.6e-05,-1,2,26,"[-1, -1, 2, 1, 2, 2, 2, 2, 2, 2, 2, 2, 2, 2]"
5193,dfs_bnb_mpi,0.006422,-4,5,2025,"[-1, -2, -1, -2, 1, 1, 2, 1, -2, -2, -1, -1, -1, -1]"
5194,dfs_bnb_mpi,0.006164,-4,5,1797,"[-1, -2, -1, 2, 2, 2, 2, 1, 1, -2, -1, -2, 1, 1]"
5195,dfs_bnb_mpi,0.004369,-6,7,1298,"[-1, -2, 1, -2, 1, 2, 1, 2, -1, 2, 2, -1, -2, -1]"
5196,dfs_bnb_mpi,0.005759,-5,6,1699,"[-1, -2, -1, -2, -2, 1, 2, 1, 2, 1, 2, 2, -1, 2]"
5197,dfs_bnb_mpi,0.080375,-6,6,22171,"[-1, -2, 1, 1, -2, -1, -1, -2, -1, 2, 2, 2, 2, 1]"
5198,dfs_bnb_mpi,0.261768,-5,6,58108,"[-1, -1, 2, 2, -1, -2, -1, -1, -2, 1, 1, -2, 1, 1]"
5199,dfs_bnb_mpi,0.011807,-4,4,3409,"[-1, -2, 1, 1, 2, 1, -2, -2, -1, -2, -1, -1, 2, 1]"
5200,dfs_bnb_mpi,0.003161,-2,3,929,"[-1, -1, 2, 2, 2, 2, -1, -2, -2, -2, -2, -2, 1, 1]"
5201,dfs_bnb_mpi,0.086124,-4,5,26293,"[-1, -2, -1, -1, 2, 1, 2, 1, 2, -1, -1, -2, -1, -2]"
5202,dfs_bnb_mpi,0.053213,-4,5,14578,"[-1, -1, 2, 2, -1, 2, -1, -1, -2, 1, -2, -2, 1, 2]"
5203,dfs_bnb_mpi,0.017807,-6,7,4838,"[-1, -2, 1, 1, -2, 1, 2, 1, 2, -1, -1, 2, 1, 2]"
5204,dfs_bnb_mpi,0.001041,-3,4,285,"[-1, -1, -1, 2, 2, 1, -2, 1, 1, 2, -1, 2, 2, 2]"
5205,dfs_bnb_mpi,0.028413,-4,5,7374,"[-1, -1, 2, 2, -1, -2, -2, -2, 1, 1, -2, 1, 2, 1]"
5206,dfs_bnb_mpi,0.156744,-7,7,35745,"[-1, -2, -1, -1, -1, 2, 2, 2, 1, -2, -2, 1, 2, 1]"
5207,dfs_bnb_mpi,0.018943,-4,5,4983,"[-1, -1, 2, 2, 2, 1, 2, 1, 1, -2, -1, -2, -1, -2]"
5208,dfs_bnb_mpi,0.028682,-4,5,6496,"[-1, -1, 2, 2, 2, 2, 1, -2, -2, -2, 1, 2, 2, 2]"
5209,dfs_bnb_mpi,0.054507,-3,4,14563,"[-1, -1, 2, 2, 2, 2, 2, 1, 2, 1, -2, -2, -1, -2]"
5210,dfs_bnb_mpi,0.036609,-4,5,8912,"[-1, -2, -1, -1, -2, 1, -2, -2, 1, 2, 2, 1, 2, 1]"
5211,dfs_bnb_mpi,0.026533,-6,7,6388,"[-1, -1, 2, 2, 2, -1, -2, -1, -2, 1, -2, -2, -1, 2]"
5212,dfs_bnb_mpi,0.178573,-6,7,39936,"[-1, -1, 2, 1, 2, 2, 1, 2, 1, -2, -2, -1, -2, 1]"
5213,dfs_bnb_mpi,0.07012,-4,5,20146,"[-1, -1, 2, 2, -1, -1, -2, -1, -1, -2, 1, 1, 1, 2]"
5214,dfs_bnb_mpi,0.021401,-3,4,6003,"[-1, -1, 2, 2, 2, 2, 1, -2, -2, 1, 1, -2, -1, -1]"
5215,dfs_bnb_mpi,0.013223,-4,5,3729,"[-1, -2, 1, 1, 2, 1, 2, -1, -1, -1, -1, -2, -1, 2]"
5216,dfs_bnb_mpi,0.055623,-3,4,13538,"[-1, -1, 2, 2, 2, 2, 1, 1, -2, -2, -1, -2, 1, 1]"
5217,dfs_bnb_mpi,0.05996,-6,6,17090,"[-1, -2, -1, -2, -1, 2, 2, 1, 2, -1, 2, 1, 1, -2]"
5218,dfs_bnb_mpi,0.02568,-6,6,6900,"[-1, -1, 2, 1, 2, 1, -2, 1, 1, -2, -1, -2, -1, -1]"
5219,dfs_bnb_mpi,0.006443,-6,5,1796,"[-1, -1, 2, 2, 1, -2, 1, 2, 1, -2, 1, -2, -1, -2]"
5220,dfs_bnb_mpi,0.017173,-4,5,4921,"[-1, -1, 2, 2, 1, -2, 1, 1, 2, -1, 2, -1, 2, 2]"
5221,dfs_bnb_mpi,0.006325,-5,6,1687,"[-1, -1, 2, 2, 1, -2, 1, 2, 2, 2, -1, -2, -1, 2]"
5222,dfs_bnb_mpi,0.034709,-6,7,10212,"[-1, -1, 2, 1, 2, -1, 2, -1, -2, -1, -2, -2, 1, 2]"
5223,dfs_bnb_mpi,0.050172,-4,5,12218,"[-1, -1, 2, 2, 2, 2, 1, 1, -2, -2, -1, -2, 1, 1]"
5224,dfs_bnb_mpi,0.137456,-5,6,36384,"[-1, -1, 2, -1, 2, 2, 1, -2, 1, 2, 1, -2, -2, -1]"
5225,dfs_bnb_mpi,0.083059,-6,7,19498,"[-1, -1, 2, 1, 2, -1, 2, 1, 1, 1, -2, -2, -1, 2]"
5226,dfs_bnb_mpi,0.026508,-6,7,8012,"[-1, -2, 1, 1, 2, 1, 2, -1, -1, 2, -1, -2, -1, -2]"
5227,dfs_bnb_mpi,0.006788,-4,5,1659,"[-1, -2, 1, 1, 2, 2, 2, 1, -2, -2, 1, 2, 2, 2]"
5228,dfs_bnb_mpi,0.021849,-6,7,5174,"[-1, -2, 1, 1, 2, 2, -1, 2, 1, 1, -2, -2, 1, 2]"
5229,dfs_bnb_mpi,0.016056,-4,5,4700,"[-1, -1, 2, 2, 1, -2, 1, 1, 2, -1, 2, -1, 2, 2]"
5230,dfs_bnb_mpi,0.121524,-7,8,27141,"[-1, -1, 2, 1, 1, 2, 2, -1, -2, -1, 2, -1, -2, -2]"
5231,dfs_bnb_mpi,0.040584,-6,7,10685,"[-1, -1, 2, 2, 2, -1, -2, -1, -2, -2, -2, 1, 2, 2]"
5232,dfs_bnb_mpi,0.004924,-6,7,1151,"[-1, -1, 2, 2, 2, 1, -2, -2, 1, 2, 1, 2, -1, 2]"
5233,dfs_bnb_mpi,0.270694,-5,6,61980,"[-1, -1, 2, -1, 2, 2, 1, -2, 1, 2, 1, -2, -2, -1]"
5234,dfs_bnb_mpi,0.021093,-6,6,5985,"[-1, -1, 2, 2, 2, 2, 1, 1, -2, -1, -2, 1, -2, -1]"
5235,dfs_bnb_mpi,0.022504,-6,6,5492,"[-1, -1, 2, 2, -1, 2, 2, 1, -2, 1, -2, 1, -2, -1]"
5236,dfs_bnb_mpi,0.062344,-5,5,18601,"[-1, -1, 2, 2, 2, 2, 2, 1, -2, -2, 1, -2, -1, -2]"
5237,dfs_bnb_mpi,0.060812,-4,5,14642,"[-1, -1, 2, 2, 2, 1, 2, -1, 2, -1, -2, -1, -2, 1]"
5238,dfs_bnb_mpi,0.005745,-6,7,1617,"[-1, -1, 2, 1, 2, 1, -2, 1, -2, -2, -1, -1, -1, -1]"
5239,dfs_bnb_mpi,0.006001,-4,4,1860,"[-1, -1, 2, 2, 2, 1, -2, 1, 2, 1, -2, -2, -1, -1]"
5240,dfs_bnb_mpi,0.007293,-4,5,2133,"[-1, -1, 2, 2, 1, 1, 2, 1, -2, 1, -2, -1, -1, -1]"
5241,dfs_bnb_mpi,0.006656,-3,4,2080,"[-1, -2, 1, 1, 2, 1, 2, -1, -1, 2, -1, -2, -1, 2]"
5242,dfs_bnb_mpi,0.014925,-4,5,3883,"[-1, -1, 2, 2, -1, -2, -1, -2, 1, -2, -1, -1, 2, 2]"
5243,dfs_bnb_mpi,0.010293,-6,7,2754,"[-1, -1, 2, 2, 2, 1, -2, -2, 1, 2, 1, 2, -1, 2]"
5244,dfs_bnb_mpi,0.029303,-4,5,7919,"[-1, -1, 2, -1, 2, 2, -1, -2, -2, -1, -2, 1, 1, -2]"
5245,dfs_bnb_mpi,0.077786,-5,6,22635,"[-1, -1, 2, 2, 1, -2, 1, 2, 1, 1, -2, -2, -1, 2]"
5246,dfs_bnb_mpi,0.059434,-6,7,15717,"[-1, -1, 2, -1, 2, -1, -2, -2, 1, -2, 1, 1, -2, -1]"
5247,dfs_bnb_mpi,0.148006,-7,8,35490,"[-1, -2, 1, -2, 1, -2, 1, 2, 1, 2, -1, 2, -1, -2]"
5248,dfs_bnb_mpi,0.125453,-6,7,32853,"[-1, -2, -1, -1, 2, -1, 2, 1, 2, 1, 1, -2, -1, -2]"
5249,dfs_bnb_mpi,0.045058,-7,8,11792,"[-1, -2, 1, 1, 2, 1, 2, 2, -1, -1, -1, -2, 1, 1]"
5250,dfs_bnb_mpi,0.050294,-5,6,15021,"[-1, -1, 2, 2, 1, -2, 1, 1, 1, 2, -1, -1, 2, -1]"
5251,dfs_bnb_mpi,0.003949,-4,5,1150,"[-1, -1, 2, 1, 1, 2, 2, 1, -2, -2, -2, 1, -2, -1]"
5252,dfs_bnb_mpi,0.020804,-5,6,5823,"[-1, -1, 2, 2, 2, 1, 2, 1, -2, -2, -1, -2, 1, 1]"
5253,dfs_bnb_mpi,0.016151,-4,5,4993,"[-1, -1, 2, -1, -1, 2, 2, 1, -2, 1, 2, 1, -2, -2]"
5254,dfs_bnb_mpi,0.140044,-4,5,38397,"[-1, -1, 2, -1, 2, 2, 1, -2, 1, 2, 1, -2, -2, -1]"
5255,dfs_bnb_mpi,0.00422,-3,4,1060,"[-1, -1, 2, 2, -1, -2, -2, -2, 1, -2, -1, -1, 2, 2]"
5256,dfs_bnb_mpi,0.071837,-4,5,19262,"[-1, -1, 2, 1, 2, 1, -2, 1, 1, 2, -1, 2, -1, 2]"
5257,dfs_bnb_mpi,0.188243,-4,5,44818,"[-1, -1, 2, 2, 2, 1, 1, 1, -2, -2, -1, 2, -1, -2]"
5258,dfs_bnb_mpi,0.017466,-3,4,5190,"[-1, -1, 2, 2, 2, 2, 2, 1, -2, -2, -2, -2, 1, 2]"
5259,dfs_bnb_mpi,0.04023,-1,2,12457,"[-1, -1, 2, 2, 2, 2, 2, 2, 1, -2, -2, -2, 1, 2]"
5260,dfs_bnb_mpi,0.001786,-5,6,525,"[-1, -2, 1, 1, -2, -1, -2, -1, 2, -1, 2, 2, 2, 2]"
5261,dfs_bnb_mpi,0.00637,-4,5,1558,"[-1, -2, -1, -2, 1, 1, 2, 1, 2, 2, 1, -2, 1, 2]"
5262,dfs_bnb_mpi,0.126482,-5,6,34950,"[-1, -1, 2, 1, 1, 1, -2, 1, -2, -1, -2, -1, 2, -1]"
5263,dfs_bnb_mpi,0.016941,-6,7,4735,"[-1, -2, -1, -2, 1, -2, 1, 1, 2, -1, 2, 1, 2, 2]"
5264,dfs_bnb_mpi,0.000844,-4,5,253,"[-1, -2, 1, 1, 2, 2, 2, 2, -1, -2, -2, -1, 2, 2]"
5265,dfs_bnb_mpi,0.152631,-7,8,34396,"[-1, -2, -1, -2, -1, 2, -1, 2, 2, 1, -2, 1, 2, 1]"
5266,dfs_bnb_mpi,0.000506,-2,3,148,"[-1, -1, 2, 2, 2, 2, 2, 1, 2, 1, -2, -2, -1, -2]"
5267,dfs_bnb_mpi,0.188825,-3,4,43873,"[-1, -1, 2, 2, 2, 2, 2, 2, 2, 1, -2, 1, -2, -1]"
5268,dfs_bnb_mpi,0.007289,-3,4,1743,"[-1, -1, 2, 2, 2, 1, 2, 1, -2, -2, -1, -2, 1, 1]"
5269,dfs_bnb_mpi,0.001884,-4,5,548,"[-1, -1, 2, -1, 2, -1, -2, -1, -2, 1, 1, -2, 1, 1]"
5270,dfs_bnb_mpi,0.053217,-5,6,14199,"[-1, -1, 2, 1, 2, 2, 2, 1, -2, 1, -2, -1, -2, 1]"
5271,dfs_bnb_mpi,0.000395,-3,3,121,"[-1, -1, 2, 2, -1, -2, -1, -2, 1, -2, 1, 1, 1, 1]"
5272,dfs_bnb_mpi,0.019872,-4,5,6106,"[-1, -2, 1, 1, 2, 2, 1, -2, 1, -2, -1, -2, -1, -1]"
5273,dfs_bnb_mpi,0.003966,-3,4,1117,"[-1, -1, 2, 2, 1, -2, 1, 2, 2, -1, -1, 2, 2, 2]"
5274,dfs_bnb_mpi,0.017773,-6,7,4767,"[-1, -1, 2, -1, -1, -1, -2, 1, 1, -2, 1, -2, 1, 2]"
5275,dfs_bnb_mpi,0.107203,-5,6,24422,"[-1, -1, 2, 2, -1, 2, -1, -2, -1, -2, 1, 1, -2, -1]"
5276,dfs_bnb_mpi,7.2e-05,-1,2,24,"[-1, -1, 2, 2, 2, 1, -2, 1, 2, 2, 2, 2, 2, 2]"
5277,dfs_bnb_mpi,0.04209,-4,5,11953,"[-1, -1, 2, 2, 2, 1, 2, -1, -1, 2, -1, -2, -2, 1]"
5278,dfs_bnb_mpi,0.005175,-2,3,1636,"[-1, -1, 2, 2, -1, -2, -2, -2, 1, 1, 1, 1, 2, 2]"
5279,dfs_bnb_mpi,0.015052,-4,5,4154,"[-1, -1, 2, 2, 1, 2, -1, -1, -2, -2, -2, -2, 1, 1]"
5280,dfs_bnb_mpi,0.002311,-5,6,600,"[-1, -2, 1, 1, 2, 2, 1, 2, -1, -1, -2, -1, 2, 2]"
5281,dfs_bnb_mpi,0.091896,-6,7,24443,"[-1, -1, 2, 2, 2, 1, -2, 1, 2, 1, -2, -2, -1, -1]"
5282,dfs_bnb_mpi,0.023255,-4,5,6994,"[-1, -1, 2, 2, -1, -2, -2, -1, -2, 1, 1, -2, 1, 2]"
5283,dfs_bnb_mpi,0.053915,-6,6,14757,"[-1, -1, 2, 2, 1, 2, -1, -1, -2, -1, -2, -2, 1, 2]"
5284,dfs_bnb_mpi,0.023105,-7,8,5794,"[-1, -2, -1, -2, -2, 1, 2, 1, 2, 1, -2, -2, -1, -2]"
5285,dfs_bnb_mpi,0.051162,-6,7,11432,"[-1, -1, 2, 2, 2, 2, 1, -2, 1, -2, -1, -2, 1, 1]"
5286,dfs_bnb_mpi,0.001557,-5,6,371,"[-1, -1, 2, 2, 1, -2, 1, 2, 2, -1, 2, 2, 2, 2]"
5287,dfs_bnb_mpi,0.173131,-6,7,40988,"[-1, -1, 2, -1, -2, -1, -2, -2, -2, 1, 2, 2, 1, 1]"
5288,dfs_bnb_mpi,0.064198,-4,5,18961,"[-1, -1, 2, 2, 2, 1, 1, 1, -2, -2, -1, 2, -1, -2]"
5289,dfs_bnb_mpi,0.040833,-7,8,11117,"[-1, -2, 1, -2, 1, 2, 1, 2, -1, 2, -1, 2, -1, -2]"
5290,dfs_bnb_mpi,0.002694,-3,4,772,"[-1, -1, 2, 2, 1, -2, 1, 2, 2, -1, 2, 2, 2, 2]"
5291,dfs_bnb_mpi,0.002159,-6,7,516,"[-1, -1, 2, 2, 2, 1, -2, -2, 1, 2, 1, 2, -1, 2]"
5292,dfs_bnb_mpi,0.006772,-6,5,1897,"[-1, -1, 2, 2, 1, -2, 1, 2, 1, -2, 1, -2, -1, -2]"
5293,dfs_bnb_mpi,0.156964,-4,4,41575,"[-1, -1, 2, 2, 2, 2, 2, 1, -2, -2, 1, -2, -1, -2]"
5294,dfs_bnb_mpi,0.145486,-6,7,39040,"[-1, -1, 2, -1, -2, -1, -2, -1, -2, 1, 1, 2, 1, 1]"
5295,dfs_bnb_mpi,0.082743,-4,5,24862,"[-1, -1, 2, -1, -1, -2, 1, -2, -1, -1, 2, -1, 2, 1]"
5296,dfs_bnb_mpi,0.013933,-4,5,4057,"[-1, -1, 2, 1, 2, -1, -1, -2, -2, -2, 1, 1, 1, 1]"
5297,dfs_bnb_mpi,0.366806,-2,3,88500,"[-1, -1, 2, 2, 2, 2, 2, 2, 2, 1, -2, -2, -2, -2]"
5298,dfs_bnb_mpi,0.016594,-4,5,4673,"[-1, -1, 2, 2, -1, -2, -1, -2, 1, -2, 1, 1, 1, 1]"
5299,dfs_bnb_mpi,0.055795,-4,4,15064,"[-1, -1, 2, 2, 2, 2, 1, 2, 1, -2, -2, -2, -1, 2]"
5300,dfs_bnb_mpi,0.00478,-4,5,1484,"[-1, -1, 2, 2, 1, -2, 1, 2, 1, -2, 1, -2, -1, -2]"
5301,dfs_bnb_mpi,0.160655,-5,6,36318,"[-1, -2, -1, 2, -1, 2, 2, 2, 1, 1, -2, -1, -2, 1]"
5302,dfs_bnb_mpi,0.008139,-2,3,2370,"[-1, -1, 2, 2, 1, 2, 2, -1, -2, -1, -1, -2, 1, -2]"
5303,dfs_bnb_mpi,0.051205,-5,6,13738,"[-1, -1, 2, 2, 2, 1, 1, 1, -2, -2, -1, 2, -1, -2]"
5304,dfs_bnb_mpi,0.021403,-5,5,5984,"[-1, -1, -1, 2, 1, 2, 2, 1, -2, 1, 1, -2, -1, -1]"
5305,dfs_bnb_mpi,0.055707,-7,8,14473,"[-1, -2, 1, -2, 1, 2, 1, 2, -1, 2, -1, 2, -1, -2]"
5306,dfs_bnb_mpi,0.078071,-4,5,24052,"[-1, -1, 2, -1, -2, -2, -1, -1, -2, 1, 1, 1, 2, 1]"
5307,dfs_bnb_mpi,0.047757,-6,7,12828,"[-1, -1, 2, -1, -2, -1, -1, -2, 1, 1, -2, 1, 2, 1]"
5308,dfs_bnb_mpi,0.012175,-5,6,3608,"[-1, -1, -1, 2, 1, 2, 1, 2, 1, -2, 1, -2, -1, -1]"
5309,dfs_bnb_mpi,0.05534,-3,4,17009,"[-1, -1, 2, 1, 2, 2, 2, 1, 1, -2, -2, -2, -1, 2]"
5310,dfs_bnb_mpi,0.00189,-5,5,514,"[-1, -1, 2, 2, -1, -2, -2, -1, -2, 1, -2, 1, 2, 1]"
5311,dfs_bnb_mpi,0.052165,-6,7,12644,"[-1, -2, 1, 1, 2, 2, 2, 2, -1, -2, -2, -1, 2, 2]"
5312,dfs_bnb_mpi,0.004865,-4,5,1406,"[-1, -1, 2, -1, -2, -2, 1, 1, 1, -2, -1, -1, -1, -1]"
5313,dfs_bnb_mpi,0.015876,-4,5,3996,"[-1, -2, 1, 1, 2, 2, -1, 2, -1, -2, -1, 2, 2, 2]"
5314,dfs_bnb_mpi,0.134337,-5,6,36572,"[-1, -1, 2, 2, -1, -2, -2, -1, -2, 1, -2, 1, 2, 1]"
5315,dfs_bnb_mpi,0.025197,-5,6,6479,"[-1, -1, 2, 1, 1, 2, 1, 2, 2, -1, -2, -1, -2, -1]"
5316,dfs_bnb_mpi,0.011866,-3,4,2814,"[-1, -1, 2, 2, 2, 2, 2, 1, -2, -2, -2, 1, 2, 2]"
5317,dfs_bnb_mpi,0.0383,-6,7,9417,"[-1, -1, 2, 2, 2, 1, 1, 1, -2, -1, -1, -2, 1, 1]"
5318,dfs_bnb_mpi,0.031197,-7,8,7935,"[-1, -1, 2, 1, 2, 2, 1, -2, -2, 1, 2, 2, 2, -1]"
5319,dfs_bnb_mpi,0.010182,-7,8,2340,"[-1, -1, 2, -1, 2, 1, 1, -2, 1, 2, 2, -1, -1, 2]"
5320,dfs_bnb_mpi,0.046884,-6,7,13416,"[-1, -2, -1, 2, 2, -1, 2, -1, 2, 1, 1, -2, 1, -2]"
5321,dfs_bnb_mpi,0.001549,-5,5,424,"[-1, -1, 2, 1, 2, 1, -2, 1, 1, -2, -1, -2, 1, 1]"
5322,dfs_bnb_mpi,0.009596,-5,5,2391,"[-1, -1, 2, 2, 2, 2, 1, -2, 1, -2, -1, -2, 1, 1]"
5323,dfs_bnb_mpi,0.000268,-4,5,78,"[-1, -1, 2, 1, 2, 1, -2, 1, 1, 2, -1, 2, 2, 2]"
5324,dfs_bnb_mpi,0.153785,-6,7,42438,"[-1, -1, -1, 2, 2, 2, 1, 1, -2, 1, -2, -1, -1, 2]"
5325,dfs_bnb_mpi,0.090257,-6,7,23824,"[-1, -1, -1, 2, 1, 2, 1, 2, 1, -2, 1, -2, -1, -1]"
5326,dfs_bnb_mpi,0.065703,-6,7,15691,"[-1, -1, 2, 2, -1, 2, 1, 2, 1, -2, -2, 1, -2, -1]"
5327,dfs_bnb_mpi,0.071844,-4,5,21857,"[-1, -1, 2, 2, 2, -1, -2, -1, -1, -2, 1, -2, 1, 2]"
5328,dfs_bnb_mpi,0.18671,-6,7,41345,"[-1, -1, 2, -1, -1, -1, -1, -2, 1, 1, 1, -2, -1, -1]"
5329,dfs_bnb_mpi,0.046027,-2,3,13894,"[-1, -1, 2, 2, 2, 2, 2, 2, 2, 1, -2, 1, -2, -1]"
5330,dfs_bnb_mpi,0.002549,-4,5,702,"[-1, -2, -2, -1, 2, -1, 2, 1, 2, 1, 2, 2, 2, 2]"
5331,dfs_bnb_mpi,0.028027,-4,5,8319,"[-1, -1, 2, 2, 2, 1, -2, -2, 1, 1, 2, -1, 2, 2]"
5332,dfs_bnb_mpi,0.082883,-4,5,23129,"[-1, -1, 2, 2, 2, -1, -2, -2, -2, -1, 2, -1, 2, 1]"
5333,dfs_bnb_mpi,0.01983,-6,7,5064,"[-1, -2, 1, 1, 2, 1, -2, 1, -2, -1, -1, -1, -1, -1]"
5334,dfs_bnb_mpi,0.005972,-2,3,1833,"[-1, -1, 2, 2, 2, 2, 1, -2, -2, -2, 1, 2, 2, 2]"
5335,dfs_bnb_mpi,0.053765,-7,8,12252,"[-1, -1, 2, 2, 2, 2, 1, -2, -2, -2, 1, 2, 1, -2]"
5336,dfs_bnb_mpi,0.006146,-4,5,1816,"[-1, -1, 2, 2, -1, -2, -1, -2, 1, -2, 1, 1, 1, 1]"
5337,dfs_bnb_mpi,0.034556,-6,7,8674,"[-1, -1, 2, 2, 2, 1, 1, 1, -2, -1, -1, -2, 1, 1]"
5338,dfs_bnb_mpi,0.000265,-2,3,72,"[-1, -1, 2, 2, -1, -2, -2, -2, 1, 1, 1, 1, 2, 2]"
5339,dfs_bnb_mpi,0.004504,-3,3,1265,"[-1, -1, 2, 2, 2, 2, 2, 1, -2, 1, 1, -2, -1, -1]"
5340,dfs_bnb_mpi,0.01235,-6,7,3182,"[-1, -1, 2, -1, 2, 1, 2, 1, -2, -2, 1, 1, -2, 1]"
5341,dfs_bnb_mpi,0.057438,-4,4,14141,"[-1, -2, 1, 1, 2, 2, 1, -2, -2, -2, -1, -1, -2, 1]"
5342,dfs_bnb_mpi,0.009891,-5,5,2231,"[-1, -1, 2, 2, 2, 2, 1, -2, -2, -2, 1, 2, 2, 2]"
5343,dfs_bnb_mpi,0.01509,-4,5,4365,"[-1, -2, 1, -2, -1, -1, 2, -1, 2, 1, 2, 1, 2, 2]"
5344,dfs_bnb_mpi,0.082168,-6,7,20264,"[-1, -1, 2, 2, 1, -2, 1, 2, 1, -2, -2, -2, -1, -1]"
5345,dfs_bnb_mpi,0.007396,-6,7,2100,"[-1, -1, 2, -1, -2, -1, -2, -2, 1, 2, 1, -2, 1, 2]"
5346,dfs_bnb_mpi,0.005004,-4,5,1473,"[-1, -1, 2, 2, 1, -2, 1, 1, 2, -1, 2, -1, 2, 2]"
5347,dfs_bnb_mpi,0.061885,-6,7,17325,"[-1, -1, 2, 1, 2, 1, -2, 1, 2, 2, -1, -1, -1, -2]"
5348,dfs_bnb_mpi,0.009247,-5,5,2095,"[-1, -1, 2, 2, 2, 1, 1, -2, -1, -2, 1, 1, 2, 2]"
5349,dfs_bnb_mpi,0.004837,-5,5,1281,"[-1, -2, 1, 1, 2, 2, 2, 1, -2, 1, -2, -1, -2, 1]"
5350,dfs_bnb_mpi,0.012585,-6,7,3728,"[-1, -1, 2, 1, 1, 2, 1, -2, -2, -2, -1, -2, -1, 2]"
5351,dfs_bnb_mpi,0.003607,-4,5,891,"[-1, -1, 2, -1, -2, -1, -2, 1, 1, -2, -1, -1, -1, 2]"
5352,dfs_bnb_mpi,6.1e-05,-1,2,26,"[-1, -1, 2, 1, 2, 2, 2, 2, 2, 2, 2, 2, 2, 2]"
5353,dfs_bnb_mpi,0.160463,-4,5,42437,"[-1, -1, 2, 2, 2, 2, 1, 1, -2, -2, 1, -2, -1, -1]"
5354,dfs_bnb_mpi,0.093585,-5,5,22148,"[-1, -1, 2, 2, 1, -2, 1, 2, 2, 1, -2, 1, -2, -1]"
5355,dfs_bnb_mpi,7.8e-05,-1,2,22,"[-1, -1, 2, 2, 2, 2, 2, 1, -2, 1, 2, 2, 2, 2]"
5356,dfs_bnb_mpi,0.002503,-4,5,671,"[-1, -1, 2, -1, 2, 1, 1, -2, 1, 2, 2, -1, 2, 2]"
5357,dfs_bnb_mpi,0.02821,-4,4,7536,"[-1, -1, 2, 2, 2, 1, 2, 1, -2, -2, -1, -2, 1, 1]"
5358,dfs_bnb_mpi,0.012739,-2,3,3295,"[-1, -1, 2, 2, 2, 2, 2, 2, 2, 1, 2, -1, -1, -2]"
5359,dfs_bnb_mpi,0.033762,-4,5,9647,"[-1, -1, -1, -1, 2, 2, 1, 1, 1, 1, -2, -1, -1, -1]"
5360,dfs_bnb_mpi,0.006259,-5,6,1776,"[-1, -1, 2, 2, 1, -2, 1, 2, 1, -2, -2, -2, -1, -1]"
5361,dfs_bnb_mpi,0.000113,-2,3,40,"[-1, -1, -1, 2, 1, 1, 2, 2, 2, 2, 2, 2, 2, 2]"
5362,dfs_bnb_mpi,0.105712,-2,3,32988,"[-1, -1, 2, 2, 2, 2, 2, 1, -2, -2, -2, -2, 1, 2]"
5363,dfs_bnb_mpi,0.035172,-4,5,8921,"[-1, -1, 2, 2, 1, 1, 2, 1, -2, 1, -2, -1, -1, -1]"
5364,dfs_bnb_mpi,0.00018,-1,2,55,"[-1, -1, 2, 2, 1, -2, 1, 2, 2, 2, 2, 2, 2, 2]"
5365,dfs_bnb_mpi,0.004598,-4,5,1391,"[-1, -2, -1, 2, -1, 2, 1, 2, 2, 1, -2, -2, 1, 2]"
5366,dfs_bnb_mpi,0.030128,-4,5,9123,"[-1, -2, 1, 1, 2, 2, 2, 2, 1, -2, -2, -2, 1, 2]"
5367,dfs_bnb_mpi,0.008263,-4,4,2370,"[-1, -1, 2, 2, 2, 2, -1, -2, -2, -2, -1, -2, 1, -2]"
5368,dfs_bnb_mpi,0.078365,-5,6,20763,"[-1, -1, 2, 2, 2, -1, -2, -1, -2, 1, -2, -1, -1, 2]"
5369,dfs_bnb_mpi,0.074029,-4,5,22166,"[-1, -2, 1, 1, 2, 1, -2, -2, -1, -2, -1, 2, -1, -1]"
5370,dfs_bnb_mpi,0.123052,-6,7,34371,"[-1, -2, -1, 2, 2, 2, 2, 1, 2, 1, -2, -2, -1, -2]"
5371,dfs_bnb_mpi,0.083878,-4,5,19382,"[-1, -1, 2, 2, 2, -1, -1, -2, 1, -2, -1, -2, 1, -2]"
5372,dfs_bnb_mpi,0.003706,-4,4,892,"[-1, -1, 2, 2, 2, 1, -2, -2, 1, 2, 2, 2, 2, 2]"
5373,dfs_bnb_mpi,0.001344,-2,3,380,"[-1, -1, 2, 2, 2, 2, -1, -2, -2, -2, -2, -2, 1, 1]"
5374,dfs_bnb_mpi,0.044634,-3,4,12431,"[-1, -1, 2, -1, 2, 2, -1, -2, -2, -2, 1, -2, 1, 1]"
5375,dfs_bnb_mpi,0.004604,-4,5,1300,"[-1, -1, 2, 2, 1, -2, 1, 2, 2, 2, -1, -2, -1, 2]"
5376,dfs_bnb_mpi,0.055028,-4,5,12936,"[-1, -1, 2, 2, 2, 2, 2, 1, 1, -2, -1, -2, 1, 1]"
5377,dfs_bnb_mpi,0.01907,-4,5,5276,"[-1, -1, 2, -1, -2, -1, 2, 2, -1, -2, -2, -2, 1, 1]"
5378,dfs_bnb_mpi,0.00826,-6,6,2300,"[-1, -1, 2, 1, 2, 1, -2, 1, 1, -2, -1, -2, -1, -1]"
5379,dfs_bnb_mpi,0.014792,-4,4,4280,"[-1, -2, 1, 1, 2, 2, -1, -1, -1, -2, -2, -2, 1, 1]"
5380,dfs_bnb_mpi,0.007696,-6,7,1941,"[-1, -2, -1, 2, 2, 1, 2, 1, -2, 1, 2, 2, -1, 2]"
5381,dfs_bnb_mpi,0.006869,-4,4,1858,"[-1, -1, 2, 2, 2, -1, -2, -2, -1, -1, -2, 1, 1, -2]"
5382,dfs_bnb_mpi,0.171293,-3,4,47139,"[-1, -1, 2, -1, -1, 2, 2, -1, -2, -2, -2, 1, 1, -2]"
5383,dfs_bnb_mpi,0.274248,-3,4,68308,"[-1, -2, 1, 1, 2, 2, 2, 1, -2, -2, -2, -2, -1, -1]"
5384,dfs_bnb_mpi,0.004135,-4,5,1130,"[-1, -1, 2, 2, 2, 1, 1, 2, 1, -2, -2, -1, -1, -2]"
5385,dfs_bnb_mpi,0.011549,-6,7,3012,"[-1, -1, 2, 1, 2, -1, -1, -2, -2, -2, 1, -2, 1, 2]"
5386,dfs_bnb_mpi,0.067182,-5,6,14968,"[-1, -1, 2, 2, 2, 1, 2, 1, -2, -2, -1, -2, 1, 1]"
5387,dfs_bnb_mpi,0.018474,-5,5,5216,"[-1, -1, 2, -1, -2, -2, 1, 1, 1, -2, -1, -2, -1, 2]"
5388,dfs_bnb_mpi,0.009367,-4,5,2716,"[-1, -1, 2, 1, 2, -1, 2, -1, -2, -1, -1, -2, 1, 1]"
5389,dfs_bnb_mpi,0.014236,-4,5,3908,"[-1, -2, 1, 1, 1, 2, -1, 2, 2, 2, -1, -2, -2, -1]"
5390,dfs_bnb_mpi,4.2e-05,0,1,15,"[-1, -1, 2, 2, 2, 2, 2, 2, 2, 2, 2, 2, 2, 2]"
5391,dfs_bnb_mpi,0.021713,-4,5,5548,"[-1, -1, 2, -1, -2, -2, 1, 1, 1, -2, -1, -1, -1, -1]"
5392,dfs_bnb_mpi,0.147759,-7,8,32731,"[-1, -1, 2, 2, 2, 1, 1, 1, -2, -1, -1, -2, 1, 1]"
5393,dfs_bnb_mpi,0.002404,-3,4,630,"[-1, -1, 2, 2, 1, 2, -1, -1, -1, -2, 1, -2, -1, -1]"
5394,dfs_bnb_mpi,0.053812,-6,7,12849,"[-1, -2, -1, -2, 1, -2, 1, 1, 2, -1, 2, 1, 2, 2]"
5395,dfs_bnb_mpi,0.006461,-4,5,1810,"[-1, -1, 2, 2, 1, -2, 1, 1, -2, -2, -1, -1, -1, -1]"
5396,dfs_bnb_mpi,0.002229,-6,7,609,"[-1, -2, -1, 2, 2, 1, 2, -1, -1, -2, -1, -2, 1, -2]"
5397,dfs_bnb_mpi,0.000662,-2,3,148,"[-1, -1, 2, 2, 2, 2, 2, 1, 2, 1, -2, -2, -1, -2]"
5398,dfs_bnb_mpi,0.172751,-5,6,47140,"[-1, -1, 2, 2, 2, 2, 1, 1, 1, -2, -1, -2, -1, 2]"
5399,dfs_bnb_mpi,0.008022,-4,5,2181,"[-1, -1, 2, 2, -1, -2, -2, -2, 1, 1, -2, -1, -1, -1]"
5400,dfs_bnb_mpi,0.027799,-6,7,7591,"[-1, -2, 1, 1, 2, 1, 1, -2, -1, -2, -1, -2, -1, 2]"
5401,dfs_bnb_mpi,0.04843,-4,5,13878,"[-1, -1, 2, 2, 2, 1, 2, 1, 1, -2, -1, -2, -1, -2]"
5402,dfs_bnb_mpi,0.001471,-2,3,421,"[-1, -1, 2, 2, 2, -1, -2, -2, -2, -2, 1, 1, 1, 1]"
5403,dfs_bnb_mpi,0.007255,-4,5,2187,"[-1, -1, 2, 1, 2, -1, 2, -1, 2, -1, -2, -2, 1, -2]"
5404,dfs_bnb_mpi,0.000196,-2,3,58,"[-1, -1, 2, -1, -1, -2, 1, -2, 1, 1, 1, 1, 2, 2]"
5405,dfs_bnb_mpi,0.055042,-7,8,15561,"[-1, -2, 1, 1, -2, -2, -1, -2, -1, 2, -1, 2, 1, 1]"
5406,dfs_bnb_mpi,0.00041,-2,3,116,"[-1, -1, 2, 2, 2, 1, 2, -1, -1, -2, -1, 2, 2, 2]"
5407,dfs_bnb_mpi,0.124505,-5,6,34557,"[-1, -1, 2, 2, 1, 2, 2, 1, -2, -2, 1, -2, -1, -1]"
5408,dfs_bnb_mpi,0.002316,-6,7,664,"[-1, -2, 1, 1, 2, 1, 2, -1, -1, 2, -1, -2, -1, 2]"
5409,dfs_bnb_mpi,0.015952,-2,3,5080,"[-1, -1, 2, 2, -1, 2, 2, -1, -2, -2, -2, 1, -2, -1]"
5410,dfs_bnb_mpi,0.043395,-5,6,12559,"[-1, -2, -2, -1, 2, 2, -1, 2, 1, 2, 1, 1, -2, -1]"
5411,dfs_bnb_mpi,0.018133,-3,4,5631,"[-1, -1, 2, 1, 2, 2, -1, -1, -2, -2, -1, -2, 1, -2]"
5412,dfs_bnb_mpi,0.052185,-4,5,14437,"[-1, -2, 1, 1, 2, 2, -1, -1, 2, -1, -2, -1, -2, 1]"
5413,dfs_bnb_mpi,0.152036,-4,5,42770,"[-1, -1, 2, 2, -1, -2, -2, -1, -1, -2, 1, 1, 1, 1]"
5414,dfs_bnb_mpi,0.079091,-5,6,18260,"[-1, -1, 2, 2, 2, 2, 1, -2, -2, -2, 1, 2, 1, -2]"
5415,dfs_bnb_mpi,0.007009,-3,4,2053,"[-1, -1, 2, 2, -1, -2, -2, -2, 1, 1, 1, 1, 2, 2]"
5416,dfs_bnb_mpi,5.7e-05,-1,2,18,"[-1, -1, 2, 2, 2, 2, 2, 2, 2, 2, 2, 1, -2, 1]"
5417,dfs_bnb_mpi,0.108452,-5,6,31282,"[-1, -1, 2, 2, 1, -2, 1, 2, 1, 1, -2, -2, -1, 2]"
5418,dfs_bnb_mpi,0.063176,-6,7,16402,"[-1, -1, 2, 2, -1, -2, -1, -2, 1, -2, 1, 1, -2, -1]"
5419,dfs_bnb_mpi,0.007402,-4,5,2051,"[-1, -1, 2, 2, 1, -2, 1, 2, 2, 1, 1, -2, -1, -2]"
5420,dfs_bnb_mpi,0.002323,-4,4,699,"[-1, -1, 2, 2, 2, 1, 1, -2, -1, -2, 1, 1, 2, 2]"
5421,dfs_bnb_mpi,0.038664,-5,6,10977,"[-1, -1, 2, 1, 2, 2, -1, -2, -1, 2, -1, -2, -2, 1]"
5422,dfs_bnb_mpi,0.040402,-7,8,10200,"[-1, -1, 2, 1, 1, 1, -2, 1, -2, -1, -1, -1, -2, 1]"
5423,dfs_bnb_mpi,0.041507,-4,5,12323,"[-1, -1, 2, 2, 2, 2, -1, -2, -1, -2, 1, -2, -2, -1]"
5424,dfs_bnb_mpi,0.128557,-3,4,37764,"[-1, -1, 2, 2, 2, 1, -2, 1, 2, 1, -2, -2, -1, -1]"
5425,dfs_bnb_mpi,0.005846,-3,4,1769,"[-1, -1, 2, -1, 2, 2, -1, -2, -2, -2, 1, -2, 1, 1]"
5426,dfs_bnb_mpi,0.009723,-4,5,2806,"[-1, -2, 1, 1, -2, 1, 1, 2, -1, 2, -1, 2, 2, 2]"
5427,dfs_bnb_mpi,0.074563,-5,6,18340,"[-1, -1, 2, 2, 2, 1, 1, 1, -2, -1, -1, -2, 1, 1]"
5428,dfs_bnb_mpi,0.024596,-2,3,7569,"[-1, -1, 2, 2, 1, -2, 1, 2, 1, -2, -2, -2, -1, -1]"
5429,dfs_bnb_mpi,0.010908,-7,7,2865,"[-1, -2, 1, 1, 2, 2, -1, 2, -1, 2, -1, -2, -2, 1]"
5430,dfs_bnb_mpi,0.005882,-6,7,1563,"[-1, -1, 2, 1, 2, 2, 1, -2, -2, 1, -2, -2, -1, -1]"
5431,dfs_bnb_mpi,0.000149,-2,3,42,"[-1, -1, 2, 2, 2, 2, 1, 2, -1, -1, -2, -1, 2, 2]"
5432,dfs_bnb_mpi,0.038865,-6,7,9697,"[-1, -1, 2, -1, -2, -2, -2, -2, 1, 2, 2, 1, -2, 1]"
5433,dfs_bnb_mpi,0.028127,-5,6,7431,"[-1, -1, -1, 2, 1, 2, 2, 1, 1, -2, -1, -2, 1, 1]"
5434,dfs_bnb_mpi,0.002273,-2,3,532,"[-1, -1, 2, 2, 2, 2, 1, -2, 1, 1, -2, -1, -1, -2]"
5435,dfs_bnb_mpi,0.145366,-2,3,36426,"[-1, -1, 2, 2, 2, 2, 2, 1, -2, -2, -2, 1, -2, -1]"
5436,dfs_bnb_mpi,0.031892,-4,5,7153,"[-1, -1, 2, 2, -1, 2, -1, -2, -2, 1, -2, -1, -1, 2]"
5437,dfs_bnb_mpi,0.000931,-2,3,278,"[-1, -1, 2, 2, -1, -2, -1, 2, -1, -2, -2, 1, 1, -2]"
5438,dfs_bnb_mpi,0.006266,-6,7,1638,"[-1, -2, 1, -2, 1, 2, 2, 1, -2, 1, -2, -1, -2, 1]"
5439,dfs_bnb_mpi,0.168469,-4,5,50009,"[-1, -2, 1, 1, 2, 2, 2, 1, -2, 1, 1, -2, -1, -1]"
5440,dfs_bnb_mpi,0.037174,-2,3,11009,"[-1, -1, 2, 1, 2, 2, 2, 2, -1, -2, -2, -2, -1, -2]"
5441,dfs_bnb_mpi,0.237397,-4,5,52500,"[-1, -1, 2, 2, 2, 1, 1, 2, 1, -2, -2, -1, -2, 1]"
5442,dfs_bnb_mpi,0.022913,-5,6,5374,"[-1, -1, 2, 1, 1, 2, 1, 1, -2, -1, -2, 1, 1, 2]"
5443,dfs_bnb_mpi,0.069564,-5,6,17835,"[-1, -2, -1, -2, 1, -2, 1, 2, 2, 1, 2, 2, -1, 2]"
5444,dfs_bnb_mpi,0.094668,-6,7,27620,"[-1, -2, -1, 2, 2, 1, 2, -1, -1, -1, -2, -2, 1, 2]"
5445,dfs_bnb_mpi,0.069578,-5,5,18891,"[-1, -1, 2, -1, 2, 1, 1, 2, 2, 1, -2, -2, -2, -1]"
5446,dfs_bnb_mpi,0.00107,-5,6,315,"[-1, -2, 1, 1, 2, 1, 2, 2, -1, -2, -1, 2, 2, 2]"
5447,dfs_bnb_mpi,0.008941,-6,7,2032,"[-1, -2, 1, 1, -2, -1, -1, -2, 1, 1, 1, 2, 2, 2]"
5448,dfs_bnb_mpi,0.077832,-5,6,18450,"[-1, -1, 2, 2, 2, 1, 2, 1, -2, -2, -1, -2, 1, 1]"
5449,dfs_bnb_mpi,0.118413,-4,5,32703,"[-1, -1, 2, 2, 2, 2, 1, 1, 1, -2, -1, -2, -1, 2]"
5450,dfs_bnb_mpi,0.000758,-2,3,230,"[-1, -1, 2, 2, -1, -2, -1, -2, 1, -2, 1, 1, 1, 1]"
5451,dfs_bnb_mpi,0.042958,-4,5,11831,"[-1, -1, 2, 1, 2, 2, -1, -1, -1, -2, -2, 1, 2, 1]"
5452,dfs_bnb_mpi,0.002654,-5,6,732,"[-1, -2, 1, 1, -2, 1, 2, 2, -1, 2, -1, 2, 2, 2]"
5453,dfs_bnb_mpi,0.13333,-7,7,29637,"[-1, -1, 2, -1, 2, 2, 1, 1, 1, -2, -2, -1, 2, -1]"
5454,dfs_bnb_mpi,0.001081,-3,4,319,"[-1, -1, 2, 2, 1, 1, -2, 1, -2, 1, -2, -1, -1, -1]"
5455,dfs_bnb_mpi,0.002542,-4,5,706,"[-1, -2, -1, -1, -2, 1, 1, -2, 1, 2, 2, 1, 2, 2]"
5456,dfs_bnb_mpi,0.010888,-4,5,3023,"[-1, -1, 2, 1, 2, 1, 2, -1, -1, -2, -1, -2, -1, 2]"
5457,dfs_bnb_mpi,0.042664,-6,6,11865,"[-1, -1, 2, 2, 2, 1, -2, 1, 2, 1, -2, -2, -1, -1]"
5458,dfs_bnb_mpi,0.002365,-2,3,645,"[-1, -1, 2, 2, 2, -1, -2, -2, -2, -2, 1, 1, 1, 1]"
5459,dfs_bnb_mpi,0.069611,-6,7,20343,"[-1, -1, 2, 2, 1, 1, 2, 2, 1, -2, -2, -2, -1, -1]"
5460,dfs_bnb_mpi,0.104179,-5,6,30489,"[-1, -2, -1, -1, 2, 1, 2, 2, 1, 2, 1, -2, -2, -1]"
5461,dfs_bnb_mpi,0.016906,-5,6,4926,"[-1, -1, 2, 1, 2, 2, 1, -2, -2, 1, -2, 1, -2, -1]"
5462,dfs_bnb_mpi,0.060992,-6,7,16136,"[-1, -1, 2, -1, -2, -1, -1, -2, 1, 1, -2, 1, 2, 1]"
5463,dfs_bnb_mpi,0.008251,-2,3,2004,"[-1, -1, 2, 2, 2, 2, 1, -2, 1, -2, -1, -2, 1, 1]"
5464,dfs_bnb_mpi,0.00153,-5,5,442,"[-1, -1, 2, 1, 1, 2, 2, 1, -2, 1, -2, -1, -2, 1]"
5465,dfs_bnb_mpi,0.028822,-5,6,8496,"[-1, -2, 1, 1, 2, 1, -2, -2, -2, -1, 2, -1, -1, -1]"
5466,dfs_bnb_mpi,0.026908,-4,4,6509,"[-1, -1, 2, 2, 2, 2, -1, -2, -2, -2, -1, -2, 1, -2]"
5467,dfs_bnb_mpi,0.144244,-5,6,40888,"[-1, -2, 1, 1, 2, 2, 1, -2, -2, 1, -2, -1, -1, -1]"
5468,dfs_bnb_mpi,0.034701,-8,9,8821,"[-1, -1, 2, 2, 1, -2, 1, 2, 1, -2, -2, -2, -1, -1]"
5469,dfs_bnb_mpi,0.007652,-3,4,2227,"[-1, -1, 2, 2, 2, 1, -2, 1, 1, 1, 2, -1, -1, 2]"
5470,dfs_bnb_mpi,0.066035,-2,3,18407,"[-1, -1, 2, 2, 2, 2, 2, 1, 2, 2, -1, -2, -1, -2]"
5471,dfs_bnb_mpi,0.005172,-5,6,1481,"[-1, -1, 2, 1, 2, -1, 2, -1, -1, -2, 1, -2, -1, -1]"
5472,dfs_bnb_mpi,0.019949,-4,5,4771,"[-1, -1, 2, 2, 2, -1, -2, -1, -2, 1, -2, -1, -1, 2]"
5473,dfs_bnb_mpi,0.081151,-6,6,20142,"[-1, -1, 2, 2, 2, 1, 2, 1, 1, -2, -1, -2, -1, -2]"
5474,dfs_bnb_mpi,0.047015,-4,5,13457,"[-1, -1, 2, 2, 1, -2, 1, 1, -2, 1, -2, -1, -1, -1]"
5475,dfs_bnb_mpi,0.008962,-4,5,2647,"[-1, -1, 2, -1, -2, -2, -1, -2, 1, -2, 1, 2, 2, 1]"
5476,dfs_bnb_mpi,0.03351,-7,8,8525,"[-1, -1, 2, -1, -2, -2, 1, 1, 1, -2, -1, -1, -2, 1]"
5477,dfs_bnb_mpi,0.167944,-6,7,37790,"[-1, -1, -1, -1, 2, 2, 1, 2, 1, -2, 1, -2, -1, -1]"
5478,dfs_bnb_mpi,0.001916,-5,6,501,"[-1, -2, 1, 1, 2, 2, -1, 2, -1, -2, -1, 2, 2, 2]"
5479,dfs_bnb_mpi,0.062487,-4,4,18411,"[-1, -1, 2, 2, 1, -2, 1, 2, 2, 2, 2, -1, -2, -2]"
5480,dfs_bnb_mpi,0.012206,-5,5,3141,"[-1, -1, 2, 2, 2, 1, -2, 1, 2, 1, -2, -2, -1, -1]"
5481,dfs_bnb_mpi,0.121783,-5,6,31415,"[-1, -1, 2, 2, -1, -2, -1, -1, -2, 1, 1, -2, 1, 1]"
5482,dfs_bnb_mpi,0.060859,-5,6,16392,"[-1, -2, -2, -1, 2, -1, 2, 1, 2, 1, 2, -1, -1, -2]"
5483,dfs_bnb_mpi,0.092588,-4,5,29213,"[-1, -2, -2, -1, 2, -1, 2, 2, 2, 1, 1, -2, -1, -2]"
5484,dfs_bnb_mpi,0.024883,-3,4,7755,"[-1, -2, 1, 1, 1, 1, 2, 2, 2, -1, -1, -2, -2, 1]"
5485,dfs_bnb_mpi,0.017714,-7,8,4714,"[-1, -2, 1, 1, 1, 2, -1, 2, -1, 2, -1, -2, -1, -2]"
5486,dfs_bnb_mpi,0.002625,-4,5,697,"[-1, -2, -1, -1, -2, 1, 1, -2, 1, 2, 2, 1, 2, 2]"
5487,dfs_bnb_mpi,3.3e-05,0,1,15,"[-1, -1, 2, 2, 2, 2, 2, 2, 2, 2, 2, 2, 2, 2]"
5488,dfs_bnb_mpi,0.016842,-4,5,4574,"[-1, -1, 2, -1, 2, -1, -2, -2, 1, -2, 1, 1, 1, 1]"
5489,dfs_bnb_mpi,0.042542,-2,3,11012,"[-1, -1, 2, 2, 2, 2, 2, 2, 1, 1, -2, -1, -2, 1]"
5490,dfs_bnb_mpi,0.068962,-3,4,20871,"[-1, -1, -1, 2, 1, 1, 2, 2, 1, 1, -2, -2, -1, 2]"
5491,dfs_bnb_mpi,0.002353,-5,6,589,"[-1, -1, -1, 2, 1, 1, 2, 1, -2, 1, -2, 1, 2, 2]"
5492,dfs_bnb_mpi,0.010853,-4,5,3087,"[-1, -1, 2, 1, 2, 2, -1, -2, -1, -2, -1, -2, 1, -2]"
5493,dfs_bnb_mpi,0.04409,-7,8,11143,"[-1, -1, 2, 2, 1, 1, 2, 1, 1, -2, -1, -2, -1, -1]"
5494,dfs_bnb_mpi,0.055781,-5,6,13348,"[-1, -1, 2, 2, 2, 1, 1, 1, -2, -1, -1, -2, 1, 1]"
5495,dfs_bnb_mpi,0.017749,-4,5,4681,"[-1, -1, 2, 1, 2, -1, -1, -2, -1, -2, 1, -2, 1, 1]"
5496,dfs_bnb_mpi,0.020527,-4,5,5003,"[-1, -1, 2, 2, 2, 2, 1, 1, -2, -1, -2, -2, 1, 2]"
5497,dfs_bnb_mpi,0.026958,-4,5,6160,"[-1, -1, 2, 2, 2, 2, 1, -2, -2, -2, 1, 2, 2, 2]"
5498,dfs_bnb_mpi,0.121685,-3,4,32964,"[-1, -1, 2, 2, 2, 2, 1, 1, -2, -2, -2, -1, 2, 2]"
5499,dfs_bnb_mpi,0.157385,-6,6,37727,"[-1, -1, 2, 2, 2, 1, 1, 1, -2, -2, -1, 2, -1, -2]"
5500,dfs_bnb_mpi,0.003977,-5,6,919,"[-1, -1, 2, 2, 2, 1, -2, -2, 1, 1, 2, -1, 2, 2]"
5501,dfs_bnb_mpi,0.081509,-7,8,19662,"[-1, -2, 1, 1, -2, 1, 2, 1, 2, 2, -1, -1, -2, 1]"
5502,dfs_bnb_mpi,0.105351,-7,8,24233,"[-1, -1, 2, -1, 2, 2, 1, 1, 1, -2, -2, -1, 2, -1]"
5503,dfs_bnb_mpi,0.006927,-4,5,2021,"[-1, -1, 2, 2, 1, -2, 1, 1, 2, -1, 2, 2, -1, -2]"
5504,dfs_bnb_mpi,0.016887,-4,5,4884,"[-1, -1, 2, -1, -2, -1, -2, 1, 1, -2, -1, -1, -1, 2]"
5505,dfs_bnb_mpi,4.8e-05,0,1,15,"[-1, -1, 2, 2, 2, 2, 2, 2, 2, 2, 2, 2, 2, 2]"
5506,dfs_bnb_mpi,0.045249,-4,4,13186,"[-1, -1, 2, 2, -1, -2, -2, -1, -1, -2, 1, 1, -2, -1]"
5507,dfs_bnb_mpi,0.20844,-5,6,46794,"[-1, -1, 2, 2, -1, 2, 2, -1, -2, -2, -2, 1, -2, -1]"
5508,dfs_bnb_mpi,0.003878,-4,5,1201,"[-1, -2, 1, 1, 2, 1, 2, -1, -1, 2, -1, -2, -1, 2]"
5509,dfs_bnb_mpi,0.007511,-2,3,1871,"[-1, -1, 2, 2, 2, 2, 2, 1, -2, 1, 1, -2, -1, -1]"
5510,dfs_bnb_mpi,0.182063,-3,4,42978,"[-1, -1, 2, 2, 2, 2, 1, 2, 2, 1, -2, -2, -2, -1]"
5511,dfs_bnb_mpi,0.027198,-5,6,8033,"[-1, -2, 1, -2, -2, 1, 2, 2, 1, 2, -1, 2, -1, 2]"
5512,dfs_bnb_mpi,0.232763,-4,5,57353,"[-1, -1, 2, 2, 2, -1, -2, -1, -2, -1, -2, 1, 1, 2]"
5513,dfs_bnb_mpi,0.004143,-2,3,1250,"[-1, -1, 2, 2, 2, 2, 2, 1, 2, 2, -1, -2, -1, -2]"
5514,dfs_bnb_mpi,0.305599,-4,5,91265,"[-1, -1, 2, 2, 2, 1, -2, 1, 2, 1, -2, -2, -1, -1]"
5515,dfs_bnb_mpi,0.012277,-4,5,3526,"[-1, -1, 2, -1, -2, -1, 2, 2, -1, -2, -2, -2, 1, 1]"
5516,dfs_bnb_mpi,0.005583,-4,5,1630,"[-1, -1, 2, 2, 2, 1, -2, -2, 1, 1, 2, 2, -1, -2]"
5517,dfs_bnb_mpi,0.007659,-5,6,2022,"[-1, -1, 2, 2, 1, -2, 1, 2, 1, -2, -2, 1, 2, 2]"
5518,dfs_bnb_mpi,0.158629,-5,6,37393,"[-1, -1, 2, 2, 2, 1, 1, 1, -2, -2, -1, 2, -1, -2]"
5519,dfs_bnb_mpi,0.116721,-3,4,32703,"[-1, -1, 2, 2, 1, -2, 1, 2, 2, -1, 2, -1, -2, -1]"
5520,dfs_bnb_mpi,0.134185,-6,7,37881,"[-1, -1, 2, 2, 2, 1, -2, 1, 1, 1, -2, -1, -1, -1]"
5521,dfs_bnb_mpi,0.056071,-4,5,13332,"[-1, -1, 2, 2, 2, 1, 2, 1, 1, -2, -1, -2, -1, -2]"
5522,dfs_bnb_mpi,0.003128,-2,3,984,"[-1, -1, 2, 1, 2, 2, 2, -1, -2, -2, -1, -2, -1, 2]"
5523,dfs_bnb_mpi,0.000583,-3,4,154,"[-1, -1, 2, 2, 2, 2, 1, 2, -1, -1, -1, -2, 1, -2]"
5524,dfs_bnb_mpi,0.07025,-3,4,17843,"[-1, -1, 2, 2, 2, 2, 1, 1, 1, -2, -1, -1, -2, 1]"
5525,dfs_bnb_mpi,0.084597,-4,5,26238,"[-1, -1, 2, 1, 2, 1, -2, 1, 2, 2, 2, -1, -1, -2]"
5526,dfs_bnb_mpi,0.043873,-7,8,10015,"[-1, -1, 2, 2, 2, 2, 1, 1, -2, -1, -2, 1, -2, -1]"
5527,dfs_bnb_mpi,0.005887,-5,6,1719,"[-1, -1, 2, 1, 1, 2, 1, 1, -2, -1, -2, -2, -1, -1]"
5528,dfs_bnb_mpi,0.080345,-5,6,20709,"[-1, -1, 2, -1, 2, -1, -2, -2, 1, -2, 1, 1, -2, -1]"
5529,dfs_bnb_mpi,0.029284,-3,4,9120,"[-1, -1, 2, 2, 1, -2, 1, 2, 2, 2, 1, -2, -2, -2]"
5530,dfs_bnb_mpi,0.003728,-2,3,1105,"[-1, -1, 2, 2, 2, 2, 1, -2, 1, 1, -2, -1, -1, -2]"
5531,dfs_bnb_mpi,0.032847,-5,6,9371,"[-1, -1, 2, -1, -2, -1, -1, -2, 1, 1, -2, 1, 2, 1]"
5532,dfs_bnb_mpi,0.011396,-4,5,3505,"[-1, -2, 1, 1, 1, 2, -1, 2, 2, 2, -1, -2, -2, -1]"
5533,dfs_bnb_mpi,0.056131,-5,6,14685,"[-1, -1, -1, 2, 2, 1, -2, 1, 2, 2, 1, -2, -2, 1]"
5534,dfs_bnb_mpi,0.009942,-4,5,2422,"[-1, -1, 2, 1, 2, -1, 2, -1, -2, -1, -2, 1, -2, -1]"
5535,dfs_bnb_mpi,0.138232,-6,7,39385,"[-1, -1, 2, -1, 2, 1, 1, 2, 1, 1, -2, -1, -2, -1]"
5536,dfs_bnb_mpi,0.029714,-7,8,7691,"[-1, -1, 2, 1, 1, 2, 1, -2, -2, -2, -2, -1, 2, -1]"
5537,dfs_bnb_mpi,0.003341,-4,4,1008,"[-1, -1, 2, 1, 2, 2, -1, -2, -1, -1, -2, 1, -2, -1]"
5538,dfs_bnb_mpi,0.186036,-4,5,43196,"[-1, -1, 2, 2, 2, -1, -2, -1, -1, -2, 1, 1, -2, -1]"
5539,dfs_bnb_mpi,0.04557,-7,8,10305,"[-1, -1, 2, -1, 2, 1, 2, 1, -2, -2, 1, 2, 1, -2]"
5540,dfs_bnb_mpi,0.202335,-5,6,45455,"[-1, -1, 2, 2, 1, 2, 2, 1, -2, -2, 1, -2, -1, -1]"
5541,dfs_bnb_mpi,0.01316,-5,6,3738,"[-1, -1, 2, 1, 1, 2, 2, 1, 1, -2, -1, -2, -2, 1]"
5542,dfs_bnb_mpi,0.108101,-4,5,32637,"[-1, -1, 2, 2, -1, -1, -2, -2, -1, -2, 1, 1, 2, 2]"
5543,dfs_bnb_mpi,0.043141,-6,7,12067,"[-1, -1, 2, 2, -1, -2, -2, -1, -2, 1, -2, 1, 2, 1]"
5544,dfs_bnb_mpi,0.048349,-7,8,13200,"[-1, -2, 1, 1, 2, 1, 1, 2, -1, 2, -1, -1, -2, 1]"
5545,dfs_bnb_mpi,0.000778,-4,5,239,"[-1, -1, 2, 1, 1, 2, 2, 2, -1, -2, -2, -1, 2, 2]"
5546,dfs_bnb_mpi,0.002331,-3,4,755,"[-1, -1, -1, 2, 1, 2, 2, 1, -2, -2, 1, 2, 2, 2]"
5547,dfs_bnb_mpi,0.18392,-4,4,49451,"[-1, -1, 2, 2, 2, 2, 1, -2, 1, 1, -2, -1, -1, -2]"
5548,dfs_bnb_mpi,0.026077,-4,5,8069,"[-1, -1, 2, 2, 2, 1, 1, 1, -2, -2, -1, -1, 2, 1]"
5549,dfs_bnb_mpi,0.012149,-6,7,3127,"[-1, -1, 2, 1, 1, 1, 1, -2, -1, -2, -1, -1, -1, -1]"
5550,dfs_bnb_mpi,0.001139,-4,5,289,"[-1, -1, 2, 2, 1, -2, 1, 1, 2, -1, 2, 2, 2, 2]"
5551,dfs_bnb_mpi,0.021247,-5,6,6120,"[-1, -1, 2, 2, 1, -2, 1, 1, 2, -1, 2, -1, -1, 2]"
5552,dfs_bnb_mpi,0.007916,-5,6,2271,"[-1, -1, 2, 1, 1, 1, 2, -1, 2, -1, -2, -1, 2, 2]"
5553,dfs_bnb_mpi,0.005042,-4,4,1209,"[-1, -1, 2, 2, 2, -1, -2, -2, -1, -2, 1, -2, 1, 1]"
5554,dfs_bnb_mpi,0.001833,-5,6,544,"[-1, -2, 1, 1, -2, -1, -1, -1, 2, -1, 2, 1, 2, 2]"
5555,dfs_bnb_mpi,0.071717,-6,6,18030,"[-1, -1, 2, 2, 2, 2, 2, 1, -2, -2, -2, 1, -2, -1]"
5556,dfs_bnb_mpi,0.071362,-6,6,17934,"[-1, -1, 2, 2, 2, 1, 1, 1, -2, -2, -1, 2, -1, -2]"
5557,dfs_bnb_mpi,0.019792,-4,5,5913,"[-1, -1, 2, 2, 2, 1, -2, 1, 2, 1, -2, -2, -1, -1]"
5558,dfs_bnb_mpi,0.186014,-6,7,41471,"[-1, -1, 2, 2, 2, 1, 1, 1, -2, -1, -1, -2, 1, 1]"
5559,dfs_bnb_mpi,0.009185,-4,5,2271,"[-1, -1, 2, 1, 1, 1, 1, -2, -1, -2, -1, -1, -1, -1]"
5560,dfs_bnb_mpi,0.000345,-3,4,102,"[-1, -2, -1, -2, 1, 1, 2, 1, 2, 2, 2, 2, 2, 2]"
5561,dfs_bnb_mpi,0.087261,-6,6,23211,"[-1, -2, 1, -2, -2, -1, 2, -1, -1, 2, 1, 2, 2, 1]"
5562,dfs_bnb_mpi,0.001076,-4,5,320,"[-1, -2, -2, 1, 2, 1, 2, 2, 1, -2, 1, 2, 2, 2]"
5563,dfs_bnb_mpi,0.157248,-6,7,37334,"[-1, -1, 2, 1, 1, 2, 1, -2, 1, -2, -1, -2, -1, -1]"
5564,dfs_bnb_mpi,0.024357,-5,5,6565,"[-1, -1, 2, 2, -1, -1, 2, -1, -2, -2, 1, -2, 1, 2]"
5565,dfs_bnb_mpi,0.003246,-4,5,910,"[-1, -1, 2, 2, -1, -2, -2, -2, 1, -2, 1, 2, 1, 1]"
5566,dfs_bnb_mpi,0.138454,-5,5,32714,"[-1, -1, 2, -1, -2, -1, 2, 2, 2, -1, -2, -1, -2, 1]"
5567,dfs_bnb_mpi,0.039438,-7,8,10435,"[-1, -1, 2, 2, 1, 1, 2, 1, 1, -2, -1, -2, -1, -1]"
5568,dfs_bnb_mpi,0.02294,-7,8,5431,"[-1, -2, 1, 1, 1, -2, -1, -1, -1, -2, 1, -2, 1, 2]"
5569,dfs_bnb_mpi,0.033688,-7,8,8681,"[-1, -2, 1, 1, 1, -2, -1, -2, -1, -1, -1, 2, 1, 1]"
5570,dfs_bnb_mpi,0.008934,-4,5,2761,"[-1, -2, 1, -2, -2, 1, 2, 2, 1, 1, 2, -1, -1, 2]"
5571,dfs_bnb_mpi,0.139176,-3,3,40301,"[-1, -1, 2, -1, 2, 2, 2, 2, 1, -2, -2, -2, 1, -2]"
5572,dfs_bnb_mpi,0.002842,-3,4,811,"[-1, -1, 2, 2, 1, -2, 1, 2, 2, -1, 2, 2, 2, 2]"
5573,dfs_bnb_mpi,0.200179,-5,6,46195,"[-1, -2, -1, 2, 2, 1, 2, 1, -2, 1, -2, -2, -1, -2]"
5574,dfs_bnb_mpi,0.082263,-6,7,19426,"[-1, -1, 2, 1, 1, 1, 2, -1, 2, -1, -2, -1, -1, -2]"
5575,dfs_bnb_mpi,0.073598,-5,5,19792,"[-1, -1, 2, -1, 2, 1, 1, 2, 2, 1, -2, -2, -2, -1]"
5576,dfs_bnb_mpi,0.100155,-4,5,28444,"[-1, -2, -1, 2, 2, -1, 2, 1, 1, 2, 1, -2, -2, -1]"
5577,dfs_bnb_mpi,0.067694,-4,5,18494,"[-1, -1, 2, 2, 2, 1, 2, 1, 2, -1, -1, -2, -1, -2]"
5578,dfs_bnb_mpi,0.016249,-6,7,3930,"[-1, -1, -1, 2, 2, 2, 1, 1, -2, -1, -2, 1, 1, 2]"
5579,dfs_bnb_mpi,0.000136,-2,3,38,"[-1, -1, 2, 2, 2, 2, 2, 2, 2, 1, 1, -2, -1, -2]"
5580,dfs_bnb_mpi,0.008965,-4,5,2419,"[-1, -1, 2, 1, 1, 2, -1, 2, -1, -2, -1, -2, -1, 2]"
5581,dfs_bnb_mpi,0.05387,-6,7,12942,"[-1, -2, -1, -2, 1, -2, 1, 1, 2, -1, 2, 1, 2, 2]"
5582,dfs_bnb_mpi,0.01197,-5,6,3401,"[-1, -1, 2, 1, 1, 2, 1, -2, -2, -2, -1, -1, -1, -1]"
5583,dfs_bnb_mpi,0.008845,-6,7,2492,"[-1, -2, -2, 1, 2, 1, 1, 2, -1, 2, -1, -1, 2, 2]"
5584,dfs_bnb_mpi,0.100258,-5,6,25481,"[-1, -2, -1, 2, 2, 1, 1, 2, 1, -2, -2, -2, -1, -2]"
5585,dfs_bnb_mpi,0.028601,-7,8,7119,"[-1, -1, 2, 1, 1, 1, -2, 1, -2, -1, -1, -1, -1, -1]"
5586,dfs_bnb_mpi,0.013742,-5,6,3521,"[-1, -1, 2, 2, 2, 1, -2, -2, 1, 1, 2, 2, -1, -2]"
5587,dfs_bnb_mpi,0.002218,-5,6,646,"[-1, -2, 1, 1, 2, 2, 1, 2, -1, -1, -2, -1, 2, 2]"
5588,dfs_bnb_mpi,0.041815,-4,5,11574,"[-1, -1, 2, 2, 1, 1, 1, 2, 1, -2, -2, -1, -1, -1]"
5589,dfs_bnb_mpi,0.005434,-2,3,1645,"[-1, -1, 2, 2, 2, 2, 2, 1, -2, 1, -2, -1, -2, 1]"
5590,dfs_bnb_mpi,3.7e-05,0,1,15,"[-1, -1, 2, 2, 2, 2, 2, 2, 2, 2, 2, 2, 2, 2]"
5591,dfs_bnb_mpi,0.007971,-4,5,2087,"[-1, -1, 2, 1, 2, -1, -1, 2, -1, -2, -2, 1, -2, -1]"
5592,dfs_bnb_mpi,0.003211,-4,5,848,"[-1, -1, 2, 2, 2, 1, -2, -2, 1, 1, 2, -1, 2, 2]"
5593,dfs_bnb_mpi,0.013412,-4,5,3895,"[-1, -1, 2, 2, -1, 2, -1, -2, -1, -2, 1, 1, -2, -1]"
5594,dfs_bnb_mpi,0.038403,-4,5,9613,"[-1, -2, 1, 1, 2, 2, -1, -1, 2, -1, -2, -1, -2, 1]"
5595,dfs_bnb_mpi,0.050522,-4,5,15273,"[-1, -1, -1, 2, 1, 2, 1, -2, 1, 1, -2, -2, -1, -1]"
5596,dfs_bnb_mpi,0.088021,-7,8,23466,"[-1, -2, -2, -1, -2, 1, -2, 1, 2, 1, 2, 2, -1, -2]"
5597,dfs_bnb_mpi,0.097118,-7,8,23988,"[-1, -1, 2, 2, 2, 1, 1, 1, -2, -2, -1, 2, -1, -2]"
5598,dfs_bnb_mpi,0.012466,-5,6,3376,"[-1, -2, 1, 1, 2, 1, 1, 2, -1, 2, -1, -2, -1, 2]"
5599,dfs_bnb_mpi,0.014186,-3,3,4512,"[-1, -1, 2, -1, 2, 2, 2, 1, -2, -2, 1, -2, 1, 2]"
5600,dfs_bnb_mpi,0.025565,-3,4,6820,"[-1, -1, 2, 2, 2, 2, 1, -2, 1, -2, -1, -2, 1, 1]"
5601,dfs_bnb_mpi,0.008909,-4,5,2588,"[-1, -1, 2, 2, 1, -2, 1, 2, 1, -2, -2, -2, -1, -1]"
5602,dfs_bnb_mpi,0.093555,-6,7,21496,"[-1, -2, -1, -2, -1, -2, 1, -2, 1, 2, 2, 1, 2, 1]"
5603,dfs_bnb_mpi,0.001617,-4,4,391,"[-1, -1, 2, 2, 1, -2, 1, 1, -2, 1, 2, 2, 2, 2]"
5604,dfs_bnb_mpi,0.057537,-7,8,14946,"[-1, -1, 2, 2, 2, 1, -2, 1, 2, 1, -2, -2, -1, -1]"
5605,dfs_bnb_mpi,0.018607,-4,5,5112,"[-1, -1, 2, 2, -1, -1, 2, -1, -2, -2, 1, 1, -2, -1]"
5606,dfs_bnb_mpi,0.096192,-4,5,21538,"[-1, -1, 2, 2, 2, 2, 2, 1, 1, -2, -1, -2, 1, 1]"
5607,dfs_bnb_mpi,0.021826,-6,7,4873,"[-1, -2, -1, -1, 2, 1, 2, 1, 2, -1, -1, -2, -1, 2]"
5608,dfs_bnb_mpi,0.000603,-2,3,184,"[-1, -1, 2, 1, 1, 1, 1, -2, -1, -2, 1, 1, 2, 2]"
5609,dfs_bnb_mpi,0.156412,-7,8,34545,"[-1, -2, 1, 1, 2, 2, 2, -1, -2, -1, 2, -1, -2, -2]"
5610,dfs_bnb_mpi,0.135022,-7,8,35142,"[-1, -2, -1, -1, -1, 2, 1, 2, 2, 1, 1, -2, -1, -2]"
5611,dfs_bnb_mpi,0.176603,-7,8,41456,"[-1, -2, 1, 1, 2, 2, 1, 1, 1, -2, -1, -1, -2, 1]"
5612,dfs_bnb_mpi,0.000632,-2,3,190,"[-1, -1, 2, 2, 2, 1, 2, 2, -1, -2, -1, -1, -2, 1]"
5613,dfs_bnb_mpi,0.018963,-5,6,5061,"[-1, -1, 2, -1, -2, -2, 1, 1, -2, 1, 2, 1, 2, 2]"
5614,dfs_bnb_mpi,0.020593,-3,4,4514,"[-1, -1, 2, 2, 2, 1, 1, -2, -1, -2, 1, 1, 2, 2]"
5615,dfs_bnb_mpi,0.220466,-5,6,49416,"[-1, -1, 2, -1, 2, 2, 2, 1, -2, -2, 1, 1, -2, -1]"
5616,dfs_bnb_mpi,0.086826,-7,8,22022,"[-1, -1, 2, -1, -2, -1, -2, 1, 1, 1, -2, -1, -1, -1]"
5617,dfs_bnb_mpi,0.007008,-4,5,2144,"[-1, -1, 2, 2, -1, -2, -2, -2, 1, 1, -2, 1, 2, 1]"
5618,dfs_bnb_mpi,0.00195,-4,5,574,"[-1, -1, -1, 2, 1, 1, 2, 1, -2, 1, -2, 1, 2, 2]"
5619,dfs_bnb_mpi,0.136698,-5,6,33861,"[-1, -1, 2, -1, 2, 2, 1, -2, 1, 1, 1, -2, -1, -1]"
5620,dfs_bnb_mpi,0.002298,-4,5,618,"[-1, -2, 1, 1, 1, -2, -2, -1, 2, -1, -1, -1, 2, 2]"
5621,dfs_bnb_mpi,0.056736,-3,4,12693,"[-1, -1, 2, 2, 2, 2, 2, 1, -2, 1, -2, -1, -2, 1]"
5622,dfs_bnb_mpi,0.087673,-5,6,23395,"[-1, -1, 2, 2, 1, -2, 1, 1, 2, 1, 2, -1, -1, -2]"
5623,dfs_bnb_mpi,0.003338,-2,3,1031,"[-1, -1, 2, 2, 2, -1, -2, -2, -1, -2, 1, -2, 1, 1]"
5624,dfs_bnb_mpi,0.026775,-4,5,7038,"[-1, -1, 2, 1, 2, 2, 1, 1, -2, 1, -2, -1, -1, 2]"
5625,dfs_bnb_mpi,0.000633,-4,5,177,"[-1, -1, 2, 1, 2, 1, -2, 1, 2, 2, 2, 2, 2, 2]"
5626,dfs_bnb_mpi,0.139895,-6,7,39400,"[-1, -1, 2, 2, 1, -2, 1, 1, -2, 1, -2, -1, -1, -1]"
5627,dfs_bnb_mpi,0.161862,-6,7,38200,"[-1, -1, 2, 2, 1, 1, 2, 1, 1, -2, -1, -2, -1, -1]"
5628,dfs_bnb_mpi,0.003418,-4,5,913,"[-1, -1, 2, 2, -1, -2, -1, 2, -1, -2, -2, 1, 1, -2]"
5629,dfs_bnb_mpi,0.014737,-4,5,4126,"[-1, -1, 2, 2, 2, -1, -2, -2, -1, -2, 1, -2, 1, 1]"
5630,dfs_bnb_mpi,0.086252,-6,7,20302,"[-1, -2, 1, 1, 2, 1, -2, 1, -2, -1, -1, -1, -2, 1]"
5631,dfs_bnb_mpi,0.148772,-6,7,39317,"[-1, -1, 2, 2, 2, 2, 1, 1, -2, -2, -2, -1, 2, 2]"
5632,dfs_bnb_mpi,0.016246,-4,5,4127,"[-1, -1, 2, 2, 2, 2, 1, -2, -2, -2, 1, 1, 2, -1]"
5633,dfs_bnb_mpi,0.025292,-5,6,6525,"[-1, -1, 2, 1, 2, -1, 2, -1, -1, -2, 1, -2, -1, -1]"
5634,dfs_bnb_mpi,0.070295,-5,6,21720,"[-1, -2, -2, 1, 2, 1, 2, 2, -1, 2, 2, -1, -2, -2]"
5635,dfs_bnb_mpi,0.027711,-4,5,8334,"[-1, -1, 2, 2, 1, -2, 1, 2, 2, 2, 2, -1, -2, -2]"
5636,dfs_bnb_mpi,5.3e-05,0,1,15,"[-1, -1, 2, 2, 2, 2, 2, 2, 2, 2, 2, 2, 2, 2]"
5637,dfs_bnb_mpi,0.009154,-3,4,2815,"[-1, -1, 2, 2, 2, 2, -1, -2, -2, -1, -2, 1, -2, -1]"
5638,dfs_bnb_mpi,0.030674,-3,4,7347,"[-1, -1, 2, 2, 2, 2, 2, 1, -2, 1, -2, -1, -2, 1]"
5639,dfs_bnb_mpi,0.147964,-3,4,45410,"[-1, -1, -1, 2, 1, 2, 1, 2, 2, 1, -2, -2, -2, -1]"
5640,dfs_bnb_mpi,0.000347,-4,5,91,"[-1, -1, 2, 2, 2, -1, -1, -2, 1, -2, -2, -1, 2, -1]"
5641,dfs_bnb_mpi,0.01148,-4,5,3390,"[-1, -1, 2, 1, 2, 1, 2, -1, -1, -2, -1, -1, -2, 1]"
5642,dfs_bnb_mpi,0.078512,-5,5,23214,"[-1, -1, 2, 1, 2, 2, -1, -2, -1, -1, -2, -2, 1, 2]"
5643,dfs_bnb_mpi,0.006162,-6,6,1630,"[-1, -2, 1, 1, 2, 2, 2, 1, -2, -2, 1, -2, -1, -2]"
5644,dfs_bnb_mpi,0.00993,-7,8,2676,"[-1, -1, 2, 2, 1, -2, 1, 1, -2, -2, -1, -2, -1, 2]"
5645,dfs_bnb_mpi,0.002426,-4,5,667,"[-1, -1, 2, 2, 1, -2, 1, 2, 1, 1, -2, -1, -2, 1]"
5646,dfs_bnb_mpi,0.014434,-6,7,3842,"[-1, -1, 2, 2, 2, 1, -2, -2, 1, 2, 1, 2, -1, 2]"
5647,dfs_bnb_mpi,0.049073,-6,7,10925,"[-1, -1, 2, -1, -1, -1, -2, -2, 1, 2, 1, -2, 1, 1]"
5648,dfs_bnb_mpi,0.108987,-3,4,33239,"[-1, -1, 2, 2, 2, 1, -2, -2, 1, 1, 2, -1, 2, 2]"
5649,dfs_bnb_mpi,0.084527,-6,7,22637,"[-1, -1, 2, -1, -1, -1, -2, 1, 1, -2, -2, -1, 2, -1]"
5650,dfs_bnb_mpi,0.001597,-4,5,426,"[-1, -2, -1, -2, 1, 1, 2, 1, 2, 2, 2, 2, 2, 2]"
5651,dfs_bnb_mpi,0.004588,-4,5,1054,"[-1, -1, 2, 2, 2, 1, -2, -2, 1, 2, 2, 2, 2, 2]"
5652,dfs_bnb_mpi,0.002107,-4,5,589,"[-1, -1, 2, -1, -2, -2, 1, 1, 1, -2, -1, -1, -1, -1]"
5653,dfs_bnb_mpi,0.014222,-3,4,3651,"[-1, -1, 2, 2, -1, -1, -1, -2, 1, 1, -2, -1, -1, -1]"
5654,dfs_bnb_mpi,0.087665,-8,9,19662,"[-1, -1, 2, 2, 1, 1, 1, 1, -2, -2, -1, 2, -1, -1]"
5655,dfs_bnb_mpi,0.008863,-5,6,2369,"[-1, -2, 1, 1, 2, 1, -2, -2, -1, -1, -2, 1, 1, 1]"
5656,dfs_bnb_mpi,0.049186,-4,5,12945,"[-1, -1, 2, 2, 2, 1, 1, 2, -1, 2, -1, -2, -1, -2]"
5657,dfs_bnb_mpi,0.015826,-6,7,3622,"[-1, -1, 2, 1, 1, 2, 1, -2, -2, -2, -1, -1, -1, -1]"
5658,dfs_bnb_mpi,0.008126,-5,6,2463,"[-1, -2, 1, -2, -2, 1, 2, 2, 1, 2, -1, 2, -1, 2]"
5659,dfs_bnb_mpi,0.066435,-4,5,17255,"[-1, -1, 2, 2, 2, 1, 2, -1, -1, 2, -1, -2, -2, 1]"
5660,dfs_bnb_mpi,0.010526,-7,8,2748,"[-1, -2, -2, 1, 2, 1, 2, 1, -2, 1, -2, -1, -1, -2]"
5661,dfs_bnb_mpi,0.056732,-2,3,13781,"[-1, -1, 2, 2, 2, 2, 2, 2, 2, 1, -2, 1, -2, -1]"
5662,dfs_bnb_mpi,0.408081,-3,4,89578,"[-1, -1, 2, 2, 2, 2, 2, 1, -2, -2, -2, 1, -2, -1]"
5663,dfs_bnb_mpi,0.000258,-2,3,78,"[-1, -1, 2, 2, 2, -1, -2, -2, -1, -1, -2, 1, 1, -2]"
5664,dfs_bnb_mpi,0.022175,-5,6,6159,"[-1, -2, 1, 1, 1, -2, -1, -2, -1, 2, -1, -1, 2, 2]"
5665,dfs_bnb_mpi,0.026581,-7,8,7234,"[-1, -1, 2, 1, 2, 1, -2, 1, -2, -2, -1, -1, -2, 1]"
5666,dfs_bnb_mpi,0.007683,-6,6,2124,"[-1, -1, 2, -1, -2, -2, 1, -2, 1, 2, 1, 1, 2, 2]"
5667,dfs_bnb_mpi,0.153124,-7,8,35842,"[-1, -2, -1, 2, 2, 1, 2, 1, -2, 1, -2, -2, -1, -2]"
5668,dfs_bnb_mpi,0.058404,-4,5,15950,"[-1, -1, 2, 2, 2, 1, 2, 1, 2, -1, -1, -2, -1, -2]"
5669,dfs_bnb_mpi,0.001926,-3,4,602,"[-1, -1, 2, 1, 1, 2, 2, 1, -2, -2, 1, 2, 2, 2]"
5670,dfs_bnb_mpi,0.056855,-4,4,13441,"[-1, -1, 2, 2, 1, -2, 1, 2, 2, 1, -2, 1, -2, -1]"
5671,dfs_bnb_mpi,0.188903,-6,6,50513,"[-1, -2, -1, -1, 2, -1, 2, 1, 2, 1, 1, -2, -1, -2]"
5672,dfs_bnb_mpi,0.04445,-5,6,13442,"[-1, -2, 1, 1, 2, 1, -2, -2, -1, -2, -1, -1, 2, 1]"
5673,dfs_bnb_mpi,0.030852,-7,8,7331,"[-1, -2, 1, 1, 2, 2, 1, 1, -2, -1, -2, -2, 1, 2]"
5674,dfs_bnb_mpi,0.002253,-4,5,647,"[-1, -1, 2, 2, 1, 2, -1, 2, -1, -2, -1, -2, 1, -2]"
5675,dfs_bnb_mpi,0.027363,-5,6,8348,"[-1, -2, 1, 1, 2, 2, -1, 2, 2, 2, -1, -2, -2, -2]"
5676,dfs_bnb_mpi,0.106798,-7,8,27337,"[-1, -1, 2, -1, -2, -1, -2, -2, 1, 1, 1, 2, -1, -1]"
5677,dfs_bnb_mpi,0.048885,-7,8,11602,"[-1, -1, 2, 1, 1, 1, -2, -2, -1, -1, -1, -1, 2, 2]"
5678,dfs_bnb_mpi,0.098123,-5,6,27878,"[-1, -1, 2, 1, 1, 2, 1, 2, 1, -2, -2, -2, -1, 2]"
5679,dfs_bnb_mpi,0.003341,-4,5,917,"[-1, -2, 1, 1, 2, 1, 2, -1, -1, -1, 2, 2, 2, 2]"
5680,dfs_bnb_mpi,5.3e-05,0,1,15,"[-1, -1, 2, 2, 2, 2, 2, 2, 2, 2, 2, 2, 2, 2]"
5681,dfs_bnb_mpi,0.105146,-3,3,32761,"[-1, -1, 2, 2, 2, 2, 2, 1, -2, -2, -2, -2, 1, 2]"
5682,dfs_bnb_mpi,0.01549,-7,8,4085,"[-1, -1, 2, 1, 1, 2, -1, 2, 1, 1, -2, -2, -2, 1]"
5683,dfs_bnb_mpi,0.001733,-6,7,452,"[-1, -2, 1, 1, 2, 1, -2, -2, -1, -2, -1, 2, -1, -1]"
5684,dfs_bnb_mpi,0.034983,-4,5,8949,"[-1, -1, 2, 2, -1, -1, -1, -2, 1, -2, -2, 1, 2, 2]"
5685,dfs_bnb_mpi,0.007325,-4,5,2019,"[-1, -1, 2, 1, 2, 1, 2, -1, -1, -2, -1, -2, -1, 2]"
5686,dfs_bnb_mpi,0.006469,-4,5,1942,"[-1, -1, 2, 2, 2, 1, -2, -2, 1, 1, 2, 2, -1, -2]"
5687,dfs_bnb_mpi,0.000495,-2,3,149,"[-1, -1, 2, 1, 2, -1, 2, -1, -2, -2, -1, 2, 2, 2]"
5688,dfs_bnb_mpi,0.005366,-2,2,1683,"[-1, -1, 2, 2, 2, 2, 1, -2, -2, -2, 1, 2, 2, 2]"
5689,dfs_bnb_mpi,0.014327,-3,4,4577,"[-1, -2, -1, 2, 2, 2, 2, 2, 1, -2, -2, -2, 1, 2]"
5690,dfs_bnb_mpi,0.000111,-2,2,35,"[-1, -1, 2, 2, 1, -2, 1, 2, 2, 2, 2, 2, 2, 2]"
5691,dfs_bnb_mpi,0.007034,-3,4,1727,"[-1, -1, 2, 2, -1, -2, -1, -2, 1, -2, 1, 1, 1, 1]"
5692,dfs_bnb_mpi,0.064065,-4,5,18097,"[-1, -1, 2, 1, 2, 1, -2, 1, 1, -2, -1, -2, -1, -1]"
5693,dfs_bnb_mpi,0.081123,-4,5,21944,"[-1, -2, 1, 1, -2, -1, -1, -1, 2, -1, 2, 1, 2, 1]"
5694,dfs_bnb_mpi,0.006024,-2,3,1765,"[-1, -1, 2, 2, 2, 2, 1, 2, -1, 2, -1, -2, -2, -1]"
5695,dfs_bnb_mpi,0.233115,-2,3,56582,"[-1, -2, -1, 2, 2, 2, 1, 1, 1, -2, -2, -2, -1, -2]"
5696,dfs_bnb_mpi,0.003922,-5,6,1099,"[-1, -1, 2, 2, 1, -2, 1, 2, 2, -1, -1, 2, 2, 2]"
5697,dfs_bnb_mpi,0.055914,-3,4,12356,"[-1, -1, 2, 2, 2, 2, 1, -2, 1, -2, -1, -2, 1, 1]"
5698,dfs_bnb_mpi,0.155753,-7,8,36635,"[-1, -2, 1, 1, -2, 1, -2, -1, -1, -2, -1, 2, 2, 1]"
5699,dfs_bnb_mpi,0.073796,-6,7,18820,"[-1, -1, 2, 2, 1, 2, 2, 1, -2, 1, -2, -1, -2, -1]"
5700,dfs_bnb_mpi,0.019102,-4,4,5210,"[-1, -2, -1, 2, -1, -1, 2, 1, 1, 2, 2, 1, -2, -2]"
5701,dfs_bnb_mpi,0.028768,-3,4,6610,"[-1, -1, 2, 2, 2, 1, 1, -2, -1, -2, 1, 1, 2, 2]"
5702,dfs_bnb_mpi,5.1e-05,0,1,15,"[-1, -1, 2, 2, 2, 2, 2, 2, 2, 2, 2, 2, 2, 2]"
5703,dfs_bnb_mpi,0.067584,-2,3,18407,"[-1, -1, 2, 2, 2, 2, 2, 1, 2, 2, -1, -2, -1, -2]"
5704,dfs_bnb_mpi,0.006714,-4,4,2029,"[-1, -1, 2, 2, 1, -2, 1, 1, 2, -1, 2, -1, 2, 2]"
5705,dfs_bnb_mpi,0.008413,-4,5,2260,"[-1, -1, 2, 2, -1, -1, -2, 1, -2, -1, -1, 2, 2, 2]"
5706,dfs_bnb_mpi,0.168937,-6,6,38033,"[-1, -1, 2, 2, 2, -1, -2, -1, -2, 1, -2, -2, 1, 1]"
5707,dfs_bnb_mpi,0.010071,-4,5,3061,"[-1, -1, 2, 1, 2, 2, 2, 1, -2, -2, -2, 1, -2, 1]"
5708,dfs_bnb_mpi,0.122394,-3,4,32832,"[-1, -1, 2, 2, 2, 2, 1, -2, -2, -2, 1, 2, 2, 2]"
5709,dfs_bnb_mpi,0.106462,-7,8,24415,"[-1, -1, 2, -1, 2, 2, 2, 1, 1, -2, -1, -2, 1, -2]"
5710,dfs_bnb_mpi,0.092895,-7,8,24925,"[-1, -1, 2, 2, 2, 1, -2, 1, 1, 1, -2, -1, -1, -1]"
5711,dfs_bnb_mpi,0.024412,-5,6,5696,"[-1, -1, 2, -1, 2, -1, -2, -1, -2, 1, 1, -2, 1, 1]"
5712,dfs_bnb_mpi,0.175346,-3,4,52586,"[-1, -1, 2, 2, 2, 2, 2, 1, -2, 1, 1, -2, -1, -1]"
5713,dfs_bnb_mpi,0.130461,-5,6,37780,"[-1, -1, 2, -1, -2, -1, -2, 1, -2, -2, 1, 2, 2, 1]"
5714,dfs_bnb_mpi,0.066872,-7,8,17698,"[-1, -2, 1, 1, 2, 1, 2, 2, 2, -1, -2, -1, -2, 1]"
5715,dfs_bnb_mpi,0.002446,-4,5,673,"[-1, -2, 1, 1, -2, 1, -2, -1, -1, 2, -1, -1, 2, 2]"
5716,dfs_bnb_mpi,0.050514,-4,5,14626,"[-1, -2, -1, -2, 1, 1, 2, 1, 2, 2, -1, 2, -1, -2]"
5717,dfs_bnb_mpi,0.066372,-6,7,18371,"[-1, -2, 1, 1, 2, 1, -2, 1, -2, -1, -1, -1, -2, 1]"
5718,dfs_bnb_mpi,0.0035,-4,4,937,"[-1, -1, 2, 2, 2, 1, 1, -2, -1, -2, 1, 1, 2, 2]"
5719,dfs_bnb_mpi,0.032132,-5,6,9532,"[-1, -2, 1, 1, 2, 2, 1, -2, -2, -2, -1, -1, -1, -1]"
5720,dfs_bnb_mpi,0.013691,-5,6,3231,"[-1, -1, 2, 2, 2, 1, 1, -2, -1, -2, 1, 1, 2, 2]"
5721,dfs_bnb_mpi,0.003629,-4,4,1110,"[-1, -1, 2, 1, 1, 1, 2, -1, 2, 2, -1, -2, -2, -1]"
5722,dfs_bnb_mpi,0.050829,-2,3,12148,"[-1, -1, 2, 2, 2, 2, 2, 2, 2, 1, -2, 1, -2, -1]"
5723,dfs_bnb_mpi,0.041066,-4,5,12168,"[-1, -1, 2, 2, 1, -2, 1, 2, 2, 2, 2, -1, -2, -2]"
5724,dfs_bnb_mpi,0.005203,-5,5,1338,"[-1, -1, 2, -1, 2, 2, 1, -2, 1, -2, 1, 2, 2, 2]"
5725,dfs_bnb_mpi,0.026921,-5,6,7899,"[-1, -1, 2, -1, 2, 1, 2, 1, -2, 1, 1, -2, -1, -1]"
5726,dfs_bnb_mpi,0.082702,-5,5,23579,"[-1, -2, 1, 1, 2, 2, 2, 1, -2, 1, 1, -2, -1, -1]"
5727,dfs_bnb_mpi,0.023163,-6,7,6666,"[-1, -2, -2, 1, 2, 1, 1, 2, -1, 2, -1, 2, -1, -2]"
5728,dfs_bnb_mpi,0.092521,-3,3,22507,"[-1, -1, 2, 2, 2, 2, 2, 2, 2, 1, -2, 1, -2, -1]"
5729,dfs_bnb_mpi,0.039571,-6,7,10530,"[-1, -2, -1, 2, 2, 2, 1, -2, 1, 1, -2, -2, -1, -2]"
5730,dfs_bnb_mpi,0.143347,-7,8,38735,"[-1, -2, -1, -2, 1, -2, 1, 1, 2, 1, 2, -1, -1, -2]"
5731,dfs_bnb_mpi,0.077096,-5,6,20589,"[-1, -1, 2, 2, 2, 2, 1, -2, -2, 1, 1, -2, -1, -1]"
5732,dfs_bnb_mpi,0.00073,-5,6,203,"[-1, -1, -1, 2, 2, 1, -2, 1, 1, 2, -1, 2, 2, 2]"
5733,dfs_bnb_mpi,0.104522,-7,8,29187,"[-1, -2, 1, 1, 2, 1, 2, 2, -1, 2, -1, -2, -2, 1]"
5734,dfs_bnb_mpi,0.004225,-3,4,1327,"[-1, -1, 2, 2, 2, 2, 1, 1, -2, 1, -2, -1, -1, 2]"
5735,dfs_bnb_mpi,0.001308,-5,5,398,"[-1, -2, 1, 1, 2, 1, 2, -1, 2, -1, -2, -1, 2, 2]"
5736,dfs_bnb_mpi,0.020927,-5,6,4870,"[-1, -1, 2, 1, 1, 2, 1, -2, -2, -2, -1, -1, -1, -1]"
5737,dfs_bnb_mpi,0.037679,-6,7,10335,"[-1, -2, 1, 1, 2, 2, 1, 2, -1, 2, -1, -2, -2, -1]"
5738,dfs_bnb_mpi,0.161027,-4,5,38857,"[-1, -1, 2, 2, 2, 2, 1, 1, -2, -1, -2, 1, -2, -1]"
5739,dfs_bnb_mpi,0.012836,-4,5,3895,"[-1, -2, 1, 1, 2, 1, -2, -2, -1, -1, -2, -1, 2, -1]"
5740,dfs_bnb_mpi,0.051024,-7,8,12088,"[-1, -1, 2, 2, 2, 1, 1, -2, -1, -2, 1, 1, 2, 2]"
5741,dfs_bnb_mpi,0.000378,-2,3,112,"[-1, -1, 2, 1, 1, 2, 2, 1, -2, -2, -2, 1, 2, 2]"
5742,dfs_bnb_mpi,0.000324,-2,3,101,"[-1, -1, 2, 2, 2, 1, 2, -1, 2, -1, -2, -2, -1, 2]"
5743,dfs_bnb_mpi,0.394432,-5,6,93062,"[-1, -2, -1, -1, 2, 2, 2, 2, 1, -2, 1, -2, -1, -2]"
5744,dfs_bnb_mpi,0.085324,-4,5,19210,"[-1, -1, 2, 2, 2, 1, 1, 1, -2, -1, -2, 1, -2, 1]"
5745,dfs_bnb_mpi,0.000567,-4,5,165,"[-1, -2, 1, 1, 2, 2, 2, -1, -2, -1, 2, 2, 2, 2]"
5746,dfs_bnb_mpi,0.004132,-4,5,1031,"[-1, -1, 2, -1, -2, -2, 1, 1, 1, 1, 2, 2, 2, 2]"
5747,dfs_bnb_mpi,0.197051,-5,6,52704,"[-1, -1, 2, 2, -1, -1, 2, 1, 1, 2, 1, -2, -2, -2]"
5748,dfs_bnb_mpi,0.031789,-5,6,8999,"[-1, -1, 2, 2, 2, -1, -2, -1, -1, -2, -2, 1, 2, 1]"
5749,dfs_bnb_mpi,0.04163,-7,8,10024,"[-1, -1, 2, 1, 2, -1, 2, -1, -2, -1, -2, -2, 1, 2]"
5750,dfs_bnb_mpi,0.048188,-5,6,13706,"[-1, -1, 2, 2, -1, -1, -2, -1, -2, 1, -2, 1, 2, 2]"
5751,dfs_bnb_mpi,0.017543,-4,5,5135,"[-1, -1, 2, 2, -1, -2, -2, -1, -2, 1, 1, -2, -1, -1]"
5752,dfs_bnb_mpi,0.002411,-5,5,667,"[-1, -1, 2, -1, 2, 2, 2, 1, -2, -2, 1, -2, 1, 2]"
5753,dfs_bnb_mpi,0.136347,-6,7,34241,"[-1, -2, -1, -1, -2, 1, 1, -2, 1, 2, 2, 1, -2, -2]"
5754,dfs_bnb_mpi,0.001337,-2,3,404,"[-1, -1, 2, 2, 1, -2, 1, 2, 1, -2, -2, -2, -1, -1]"
5755,dfs_bnb_mpi,0.034565,-7,7,7754,"[-1, -1, 2, 2, 2, 2, 1, -2, 1, -2, -1, -2, 1, 1]"
5756,dfs_bnb_mpi,0.000632,-4,5,189,"[-1, -1, 2, 1, 2, 2, -1, -2, -1, -1, -2, 1, -2, -1]"
5757,dfs_bnb_mpi,0.004639,-4,4,1432,"[-1, -1, 2, 1, 2, 2, 2, -1, -2, -2, -1, -2, -1, 2]"
5758,dfs_bnb_mpi,0.013182,-5,6,3905,"[-1, -2, 1, 1, 2, 2, -1, -1, -1, -2, -2, -2, 1, 1]"
5759,dfs_bnb_mpi,0.129622,-5,6,35353,"[-1, -1, 2, 1, 2, 2, -1, -1, -1, -2, -2, 1, 2, 1]"
5760,dfs_bnb_mpi,0.066168,-6,7,18060,"[-1, -1, 2, 1, 1, 2, 1, -2, 1, -2, -1, -2, -1, -1]"
5761,dfs_bnb_mpi,0.023566,-4,5,6971,"[-1, -1, 2, 2, 2, 1, -2, -2, 1, 1, 2, -1, 2, 2]"
5762,dfs_bnb_mpi,0.051796,-3,4,15018,"[-1, -1, 2, 2, 2, 2, 2, 1, -2, -2, -2, -2, 1, 2]"
5763,dfs_bnb_mpi,0.161708,-4,5,47684,"[-1, -2, -1, -1, 2, 1, 2, 2, 1, 2, 1, -2, -2, -1]"
5764,dfs_bnb_mpi,0.000852,-3,3,267,"[-1, -2, 1, 1, 2, 2, -1, -1, 2, 2, 2, 2, 2, 2]"
5765,dfs_bnb_mpi,0.198031,-6,7,45049,"[-1, -2, 1, 1, 2, 2, 2, 1, -2, -2, -2, -2, -1, -1]"
5766,dfs_bnb_mpi,0.064264,-5,6,17558,"[-1, -1, 2, 1, 1, 1, 2, -1, -1, 2, -1, -2, -1, -2]"
5767,dfs_bnb_mpi,0.017337,-3,4,4992,"[-1, -1, 2, 2, 1, -2, 1, 2, 2, 2, 1, -2, -2, 1]"
5768,dfs_bnb_mpi,0.011209,-5,6,3378,"[-1, -2, 1, 1, 2, 1, 1, 2, -1, -1, 2, -1, -2, -1]"
5769,dfs_bnb_mpi,0.022046,-4,4,5358,"[-1, -1, 2, 2, 1, -2, 1, 2, 1, -2, 1, -2, -1, -2]"
5770,dfs_bnb_mpi,0.005327,-6,7,1497,"[-1, -2, 1, 1, 2, 1, -2, -2, -1, -1, -2, -1, 2, -1]"
5771,dfs_bnb_mpi,0.053641,-4,5,16427,"[-1, -1, 2, 2, 1, 2, 2, 1, -2, -2, 1, -2, -1, -1]"
5772,dfs_bnb_mpi,0.009528,-4,5,2957,"[-1, -1, 2, 2, 2, 1, 2, 1, -2, -2, -1, -2, 1, 1]"
5773,dfs_bnb_mpi,0.001149,-4,5,328,"[-1, -1, 2, 2, -1, -2, -2, -2, 1, -2, 1, 2, 1, 1]"
5774,dfs_bnb_mpi,0.128909,-5,6,36299,"[-1, -1, 2, 2, -1, 2, 1, 1, 2, 1, -2, -2, -1, -2]"
5775,dfs_bnb_mpi,0.07831,-4,5,24560,"[-1, -1, 2, 2, 1, 1, 2, 2, 1, -2, -2, -2, -1, -1]"
5776,dfs_bnb_mpi,4.7e-05,0,1,15,"[-1, -1, 2, 2, 2, 2, 2, 2, 2, 2, 2, 2, 2, 2]"
5777,dfs_bnb_mpi,0.004625,-4,5,1272,"[-1, -1, 2, -1, -2, -1, -2, 1, 1, 1, -2, -1, -1, -1]"
5778,dfs_bnb_mpi,0.067421,-4,5,16246,"[-1, -1, 2, 2, -1, 2, 2, -1, -2, -2, -2, 1, -2, -1]"
5779,dfs_bnb_mpi,0.029052,-6,7,8431,"[-1, -1, 2, 1, 2, 1, -2, 1, -2, 1, -2, -1, -1, -1]"
5780,dfs_bnb_mpi,0.000809,-2,3,241,"[-1, -1, 2, 2, 1, 2, -1, 2, -1, -2, -2, -1, 2, 2]"
5781,dfs_bnb_mpi,4.5e-05,0,1,15,"[-1, -1, 2, 2, 2, 2, 2, 2, 2, 2, 2, 2, 2, 2]"
5782,dfs_bnb_mpi,0.004817,-3,4,1496,"[-1, -1, 2, 2, -1, -2, -2, -1, -1, -2, 1, 1, 1, 1]"
5783,dfs_bnb_mpi,0.0949,-5,5,24606,"[-1, -1, 2, -1, -2, -1, -2, 1, 1, -2, -1, -1, -1, 2]"
5784,dfs_bnb_mpi,0.019001,-6,6,4862,"[-1, -2, 1, -2, 1, 2, 1, 2, -1, 2, 2, -1, -2, -1]"
5785,dfs_bnb_mpi,0.020464,-4,5,6083,"[-1, -1, 2, 1, 1, 2, 2, 1, -2, -2, -2, -2, -1, -1]"
5786,dfs_bnb_mpi,0.072494,-6,7,18988,"[-1, -2, 1, 1, 2, 2, 2, 1, -2, 1, -2, -1, -2, 1]"
5787,dfs_bnb_mpi,0.003393,-5,6,943,"[-1, -2, 1, 1, 2, 2, -1, 2, 2, 2, 1, -2, -2, 1]"
5788,dfs_bnb_mpi,0.001729,-3,4,485,"[-1, -1, 2, 2, 2, -1, -2, -1, -2, 1, -2, -1, -1, 2]"
5789,dfs_bnb_mpi,0.008214,-4,5,2000,"[-1, -1, 2, 1, 2, -1, 2, -1, -2, -1, -2, 1, -2, -1]"
5790,dfs_bnb_mpi,0.058888,-4,5,17035,"[-1, -1, 2, 1, 2, 2, -1, -2, -1, 2, -1, -2, -2, 1]"
5791,dfs_bnb_mpi,0.042241,-7,8,9431,"[-1, -2, 1, 1, 2, 2, -1, 2, 1, 1, -2, -2, -2, 1]"
5792,dfs_bnb_mpi,0.081386,-6,6,22767,"[-1, -2, -1, -2, -1, -2, -1, 2, 2, 1, 2, 1, 2, 1]"
5793,dfs_bnb_mpi,0.218787,-6,7,49098,"[-1, -2, -1, -1, 2, 2, -1, 2, 1, 1, 1, -2, -1, -2]"
5794,dfs_bnb_mpi,0.011617,-6,7,3022,"[-1, -1, 2, -1, 2, 1, 1, -2, 1, 2, 2, -1, -1, 2]"
5795,dfs_bnb_mpi,0.212361,-6,6,48058,"[-1, -2, -1, -1, -1, 2, 2, 2, 1, -2, -2, 1, 2, 1]"
5796,dfs_bnb_mpi,0.011839,-5,6,3109,"[-1, -2, 1, 1, 2, 1, -2, -2, -1, -1, -2, 1, 1, 1]"
5797,dfs_bnb_mpi,0.001314,-5,6,327,"[-1, -1, 2, 1, 2, 1, -2, 1, 1, 2, -1, 2, 2, 2]"
5798,dfs_bnb_mpi,0.084638,-7,8,21749,"[-1, -2, -1, -2, 1, -2, 1, -2, 1, 2, 2, 2, -1, -2]"
5799,dfs_bnb_mpi,0.025944,-4,5,6889,"[-1, -1, 2, 1, 1, 2, -1, -1, 2, -1, -2, -1, -2, 1]"
5800,dfs_bnb_mpi,0.131401,-4,5,36175,"[-1, -1, 2, 2, 1, 2, 2, 1, -2, 1, -2, -1, -2, -1]"
5801,dfs_bnb_mpi,0.107346,-2,3,33701,"[-1, -1, 2, 2, 2, 2, -1, -2, -2, -2, -2, -2, 1, 1]"
5802,dfs_bnb_mpi,0.024993,-7,8,6533,"[-1, -1, 2, 1, 1, 2, -1, 2, -1, 2, -1, -2, -2, 1]"
5803,dfs_bnb_mpi,0.01905,-3,4,4701,"[-1, -1, 2, 2, 2, 2, 1, -2, -2, -2, 1, 2, 2, 2]"
5804,dfs_bnb_mpi,0.036974,-6,7,8876,"[-1, -1, 2, -1, -1, -1, -2, 1, 1, -2, -1, -2, -1, 2]"
5805,dfs_bnb_mpi,0.018651,-7,8,4637,"[-1, -1, 2, 1, 2, 1, -2, 1, -2, -2, -1, -1, -1, -1]"
5806,dfs_bnb_mpi,0.002281,-5,6,699,"[-1, -1, -1, 2, 1, 1, 2, -1, 2, 1, 1, -2, -2, 1]"
5807,dfs_bnb_mpi,0.017856,-7,8,4721,"[-1, -1, 2, 2, 2, 1, -2, -2, 1, 1, 2, 2, -1, -2]"
5808,dfs_bnb_mpi,0.000278,-1,2,86,"[-1, -1, 2, 2, 2, 2, 2, 1, -2, -2, -2, -2, 1, 2]"
5809,dfs_bnb_mpi,0.006994,-3,4,1715,"[-1, -1, -1, 2, 2, 2, 1, -2, -2, 1, 2, 2, 2, 2]"
5810,dfs_bnb_mpi,0.023418,-3,4,7052,"[-1, -1, 2, 1, 2, 2, 2, -1, -1, -2, 1, -2, -1, -2]"
5811,dfs_bnb_mpi,0.018172,-3,4,5672,"[-1, -1, 2, 2, 1, -2, 1, 2, 2, 2, 2, -1, -2, -2]"
5812,dfs_bnb_mpi,0.001033,-2,3,330,"[-1, -1, 2, 2, 1, -2, 1, 1, -2, -2, -1, -1, -1, -1]"
5813,dfs_bnb_mpi,0.030776,-4,5,8969,"[-1, -1, 2, 2, 2, 2, 2, 1, -2, 1, -2, -1, -2, 1]"
5814,dfs_bnb_mpi,0.053048,-5,6,13980,"[-1, -1, 2, 2, 2, 1, -2, -2, 1, 1, 2, -1, 2, 2]"
5815,dfs_bnb_mpi,0.032662,-4,4,8576,"[-1, -1, 2, 2, 2, 1, -2, -2, 1, 2, 2, 2, 1, -2]"
5816,dfs_bnb_mpi,0.062116,-5,6,17262,"[-1, -2, 1, 1, 2, 1, -2, 1, -2, -1, -1, -1, -1, -1]"
5817,dfs_bnb_mpi,0.026912,-4,5,8438,"[-1, -2, 1, 1, 2, 2, 2, 1, -2, -2, -2, -2, -1, -1]"
5818,dfs_bnb_mpi,0.137071,-5,6,37174,"[-1, -1, 2, 2, 1, 2, 1, 2, 1, -2, -2, -1, -2, -1]"
5819,dfs_bnb_mpi,0.000175,-2,3,45,"[-1, -1, 2, 2, 2, 2, 2, 1, -2, -2, -2, 1, -2, -1]"
5820,dfs_bnb_mpi,0.038651,-3,4,12212,"[-1, -1, 2, 1, 2, 2, 2, 1, -2, -2, -2, 1, -2, 1]"
5821,dfs_bnb_mpi,0.027448,-4,5,8005,"[-1, -1, 2, 2, 1, -2, 1, 2, 2, 1, -2, -2, -2, 1]"
5822,dfs_bnb_mpi,0.013495,-4,5,4214,"[-1, -1, 2, 2, 1, -2, 1, 1, 1, 2, -1, -1, 2, -1]"
5823,dfs_bnb_mpi,0.149009,-7,8,38709,"[-1, -2, 1, 1, -2, -1, -1, -1, -2, 1, -2, 1, 2, 1]"
5824,dfs_bnb_mpi,0.003519,-3,4,885,"[-1, -1, 2, 2, 2, 1, -2, -2, 1, 2, 2, 2, 2, 2]"
5825,dfs_bnb_mpi,0.083938,-6,7,19427,"[-1, -2, -1, 2, 2, 2, 2, 1, -2, -2, 1, 2, 1, -2]"
5826,dfs_bnb_mpi,0.000156,-2,3,44,"[-1, -1, 2, 2, 2, 1, 2, -1, -1, -2, -1, 2, 2, 2]"
5827,dfs_bnb_mpi,0.027954,-5,5,7996,"[-1, -1, 2, 1, 1, 2, 2, -1, -2, -1, 2, -1, -2, -2]"
5828,dfs_bnb_mpi,0.046649,-3,4,14019,"[-1, -1, 2, 2, 2, 2, 2, 2, 1, -2, -2, -2, -2, 1]"
5829,dfs_bnb_mpi,0.102906,-7,8,26944,"[-1, -1, 2, 1, 1, 1, -2, 1, -2, -1, -2, -1, 2, -1]"
5830,dfs_bnb_mpi,0.012046,-4,4,2947,"[-1, -1, 2, 2, 2, 2, 1, -2, -2, -2, 1, 2, 2, 2]"
5831,dfs_bnb_mpi,0.075558,-4,5,21087,"[-1, -1, 2, 2, 2, 2, 2, 1, -2, 1, -2, -2, -1, 2]"
5832,dfs_bnb_mpi,0.033423,-5,6,9485,"[-1, -1, 2, -1, 2, 1, 2, 1, -2, 1, 1, -2, -1, -1]"
5833,dfs_bnb_mpi,0.007311,-6,7,1957,"[-1, -2, -1, -2, 1, 1, 2, 1, 2, 2, 2, -1, -2, -1]"
5834,dfs_bnb_mpi,0.105704,-5,6,30620,"[-1, -2, -1, -2, 1, -2, 1, 1, 1, 2, -1, 2, -1, -2]"
5835,dfs_bnb_mpi,0.016662,-2,3,5178,"[-1, -1, 2, 2, 2, 1, 2, -1, 2, 2, -1, -2, -2, -2]"
5836,dfs_bnb_mpi,0.016306,-7,8,4022,"[-1, -1, 2, 1, 1, 2, 1, -2, -2, -2, -1, -2, -1, 2]"
5837,dfs_bnb_mpi,0.031326,-4,5,8756,"[-1, -2, 1, 1, 2, 2, 1, -2, -2, -2, -1, -1, -1, -1]"
5838,dfs_bnb_mpi,0.014688,-5,6,4000,"[-1, -1, 2, 1, 2, -1, 2, 1, 1, 1, -2, -1, -2, 1]"
5839,dfs_bnb_mpi,0.070358,-3,4,18189,"[-1, -1, 2, -1, -2, -2, 1, 1, 1, 1, -2, -1, -1, -1]"
5840,dfs_bnb_mpi,0.015501,-6,7,4542,"[-1, -2, 1, 1, -2, -1, -2, 1, -2, -1, -1, 2, 2, -1]"
5841,dfs_bnb_mpi,0.011326,-2,3,3529,"[-1, -1, 2, 1, 2, 2, 2, 1, -2, -2, -2, 1, 2, 2]"
5842,dfs_bnb_mpi,0.008128,-4,5,2236,"[-1, -1, 2, 2, -1, -2, -2, -2, -2, 1, 2, 1, 1, 1]"
5843,dfs_bnb_mpi,0.016884,-3,3,4817,"[-1, -1, 2, 2, 2, 2, 1, -2, 1, 1, -2, -1, -1, -2]"
5844,dfs_bnb_mpi,0.022152,-4,5,6389,"[-1, -2, 1, 1, 2, 2, -1, -1, 2, -1, -1, -2, 1, -2]"
5845,dfs_bnb_mpi,0.080552,-5,6,22678,"[-1, -1, 2, 1, 1, 2, 1, -2, -2, -2, -1, -1, -2, 1]"
5846,dfs_bnb_mpi,0.024969,-5,6,5868,"[-1, -1, 2, -1, 2, -1, -2, -2, 1, -2, 1, 1, 1, 1]"
5847,dfs_bnb_mpi,0.153474,-6,7,38125,"[-1, -1, 2, 2, 2, 2, -1, -2, -2, -1, -2, -2, 1, 2]"
5848,dfs_bnb_mpi,0.040313,-4,5,10987,"[-1, -1, 2, 2, 2, 1, 2, -1, 2, -1, -1, -2, 1, -2]"
5849,dfs_bnb_mpi,0.058664,-2,3,16640,"[-1, -1, 2, 2, 2, 2, 2, 1, -2, 1, 1, -2, -1, -1]"
5850,dfs_bnb_mpi,0.032271,-6,7,9508,"[-1, -2, -1, 2, 2, 2, 1, 2, 1, 1, -2, -1, -2, -1]"
5851,dfs_bnb_mpi,0.046501,-3,4,14567,"[-1, -1, 2, 2, -1, -2, -1, 2, -1, -2, -2, 1, 1, -2]"
5852,dfs_bnb_mpi,0.025473,-5,5,7800,"[-1, -1, 2, 2, 1, 2, 2, 1, -2, -2, 1, -2, -1, -1]"
5853,dfs_bnb_mpi,0.095503,-5,6,22375,"[-1, -1, 2, 1, 2, 2, 2, 1, -2, -2, -2, 1, 2, 2]"
5854,dfs_bnb_mpi,0.321208,-3,4,93059,"[-1, -1, 2, 2, 2, 2, 2, 2, 1, 1, 1, -2, -1, -1]"
5855,dfs_bnb_mpi,0.01375,-3,4,3602,"[-1, -1, 2, 2, 2, 2, 1, 2, -1, -1, -1, -2, 1, -2]"
5856,dfs_bnb_mpi,0.035201,-4,5,9920,"[-1, -1, 2, 2, 2, -1, -2, -1, -2, -1, -2, 1, 1, 2]"
5857,dfs_bnb_mpi,0.002112,-3,4,653,"[-1, -1, 2, 2, -1, -2, -2, -1, -2, 1, 1, 1, 1, 1]"
5858,dfs_bnb_mpi,0.024697,-6,6,6667,"[-1, -1, 2, 2, 1, -2, 1, 2, 2, 1, -2, 1, -2, -1]"
5859,dfs_bnb_mpi,0.011713,-3,4,3663,"[-1, -1, 2, 2, 2, 1, -2, 1, 2, 1, -2, -2, -1, -1]"
5860,dfs_bnb_mpi,0.001489,-5,6,377,"[-1, -1, -1, 2, 2, 1, -2, 1, 2, 1, -2, 1, 2, 2]"
5861,dfs_bnb_mpi,0.089117,-5,6,23021,"[-1, -1, 2, 2, 1, 2, 2, 1, 1, -2, -1, -2, -2, -1]"
5862,dfs_bnb_mpi,0.014364,-4,5,4078,"[-1, -1, 2, 2, -1, -2, -2, -1, -1, 2, 1, 2, 2, 2]"
5863,dfs_bnb_mpi,0.061397,-6,7,16466,"[-1, -1, 2, 2, -1, 2, 2, 1, -2, 1, -2, 1, -2, -1]"
5864,dfs_bnb_mpi,0.033557,-5,6,9250,"[-1, -1, 2, 2, -1, -2, -2, -1, -2, -2, 1, 1, 2, -1]"
5865,dfs_bnb_mpi,0.008454,-5,6,2278,"[-1, -2, 1, 1, -2, 1, 2, 2, -1, 2, -1, 2, 2, 2]"
5866,dfs_bnb_mpi,0.088522,-4,5,26746,"[-1, -1, 2, 2, 2, 1, -2, 1, 2, 1, -2, -2, -1, -1]"
5867,dfs_bnb_mpi,0.041824,-3,4,13215,"[-1, -1, 2, 1, 1, 2, 2, 2, 1, -2, -2, 1, -2, -1]"
5868,dfs_bnb_mpi,0.03482,-6,6,9847,"[-1, -2, 1, 1, 2, 2, -1, 2, 2, -1, -2, -2, -1, 2]"
5869,dfs_bnb_mpi,0.035535,-6,7,8781,"[-1, -1, 2, 2, 2, 2, 1, -2, 1, -2, -1, -2, 1, 1]"
5870,dfs_bnb_mpi,0.04493,-6,7,10773,"[-1, -2, 1, 1, 1, 2, -1, 2, 2, -1, -2, -1, 2, 2]"
5871,dfs_bnb_mpi,0.003016,-6,7,797,"[-1, -2, 1, -2, 1, 2, 1, 2, -1, 2, 2, 1, -2, 1]"
5872,dfs_bnb_mpi,0.031829,-5,6,9459,"[-1, -2, 1, 1, -2, -2, -1, 2, -1, -1, -1, -2, 1, 1]"
5873,dfs_bnb_mpi,0.010345,-4,5,3013,"[-1, -2, -1, 2, -1, 2, 1, 2, 2, 1, -2, -2, 1, 2]"
5874,dfs_bnb_mpi,0.023248,-5,6,5546,"[-1, -1, 2, 2, 2, -1, -2, -1, -2, 1, -2, -2, 1, 1]"
5875,dfs_bnb_mpi,0.053442,-5,6,13274,"[-1, -1, 2, 2, 2, -1, -2, -1, -2, 1, -2, -2, -1, 2]"
5876,dfs_bnb_mpi,0.011214,-4,5,2902,"[-1, -1, 2, 2, 2, -1, -2, -2, -1, -2, 1, -2, 1, 1]"
5877,dfs_bnb_mpi,0.04594,-4,4,14320,"[-1, -1, 2, 2, -1, -1, 2, -1, -2, -2, 1, -2, 1, 2]"
5878,dfs_bnb_mpi,0.126016,-5,6,34927,"[-1, -1, 2, 2, -1, -1, -2, -1, -2, 1, -2, 1, 2, 2]"
5879,dfs_bnb_mpi,0.016758,-4,5,4613,"[-1, -2, -1, -1, -2, 1, 1, 1, 2, 1, 1, 2, -1, 2]"
5880,dfs_bnb_mpi,0.152616,-3,4,34490,"[-1, -1, 2, 2, 2, 2, 1, -2, 1, -2, -1, -2, 1, 1]"
5881,dfs_bnb_mpi,0.007171,-6,6,1988,"[-1, -1, 2, 1, 2, 1, 2, -1, 2, -1, -2, -1, -2, 1]"
5882,dfs_bnb_mpi,0.034801,-4,5,8700,"[-1, -2, 1, 1, 2, 2, -1, -1, -1, -2, -1, -2, 1, -2]"
5883,dfs_bnb_mpi,0.11711,-5,6,27205,"[-1, -1, 2, 2, -1, 2, -1, -2, -2, 1, -2, -1, -1, 2]"
5884,dfs_bnb_mpi,0.000815,-4,4,248,"[-1, -1, 2, 1, 1, 1, 2, -1, 2, -1, -2, -1, 2, 2]"
5885,dfs_bnb_mpi,0.005339,-6,7,1406,"[-1, -2, 1, 1, 1, 2, -1, 2, 2, -1, -2, -1, 2, 2]"
5886,dfs_bnb_mpi,0.028331,-6,7,6604,"[-1, -1, 2, -1, 2, -1, -2, -2, 1, -2, 1, -2, 1, 2]"
5887,dfs_bnb_mpi,0.024581,-5,6,6761,"[-1, -1, 2, 2, -1, -2, -2, -1, -2, -2, 1, 1, 2, -1]"
5888,dfs_bnb_mpi,0.135157,-5,6,37186,"[-1, -1, 2, 2, 1, 2, 2, 1, -2, -2, 1, -2, -1, -1]"
5889,dfs_bnb_mpi,0.008113,-7,8,2147,"[-1, -2, 1, 1, 2, 1, 2, -1, -1, 2, 1, 2, 1, -2]"
5890,dfs_bnb_mpi,0.032952,-6,6,10082,"[-1, -1, 2, 2, 1, 2, 2, 1, -2, -2, 1, -2, -1, -1]"
5891,dfs_bnb_mpi,0.010474,-5,6,2699,"[-1, -1, 2, -1, -2, -1, -2, -2, 1, 2, 1, 1, 1, 1]"
5892,dfs_bnb_mpi,0.010528,-3,4,2812,"[-1, -1, 2, 2, 2, -1, -2, -2, -1, -1, -2, 1, 1, -2]"
5893,dfs_bnb_mpi,0.068512,-4,5,19538,"[-1, -1, 2, 1, 2, -1, 2, 1, 2, -1, -1, -2, -2, -2]"
5894,dfs_bnb_mpi,0.03197,-5,5,8531,"[-1, -1, 2, 2, -1, -2, -2, -1, -2, 1, 1, -2, 1, 2]"
5895,dfs_bnb_mpi,0.189775,-6,7,48839,"[-1, -2, -1, -1, 2, 2, 2, 2, 1, -2, 1, -2, -1, -2]"
5896,dfs_bnb_mpi,0.013154,-7,8,3142,"[-1, -1, 2, 2, 1, -2, 1, 2, 1, 1, -2, -1, -2, 1]"
5897,dfs_bnb_mpi,0.062692,-6,7,17876,"[-1, -2, 1, 1, 2, 1, -2, -2, -1, -1, -1, -2, 1, 1]"
5898,dfs_bnb_mpi,0.008069,-5,5,2341,"[-1, -2, 1, 1, 2, 2, 2, 1, -2, -2, 1, -2, -1, -2]"
5899,dfs_bnb_mpi,0.017988,-5,6,5624,"[-1, -1, 2, 1, 2, 2, 1, 2, 1, -2, -2, -1, -2, 1]"
5900,dfs_bnb_mpi,0.072948,-7,8,18602,"[-1, -1, 2, 2, 1, -2, 1, 2, 2, -1, -1, -1, -2, -2]"
5901,dfs_bnb_mpi,0.000915,-4,5,266,"[-1, -1, 2, 2, 1, -2, 1, 1, 1, 2, -1, -1, 2, 2]"
5902,dfs_bnb_mpi,0.006828,-5,5,1860,"[-1, -1, 2, 2, 1, -2, 1, 2, 1, -2, 1, -2, -1, -2]"
5903,dfs_bnb_mpi,0.036121,-6,7,10730,"[-1, -1, 2, -1, 2, 1, 2, 1, -2, 1, 1, -2, -1, -1]"
5904,dfs_bnb_mpi,0.003755,-2,3,1143,"[-1, -1, 2, 1, 2, 2, 2, -1, -2, -2, -1, -2, -1, 2]"
5905,dfs_bnb_mpi,0.117543,-3,4,33558,"[-1, -1, 2, 2, 2, -1, 2, 2, 1, -2, 1, -2, -2, -2]"
5906,dfs_bnb_mpi,0.049665,-4,5,14406,"[-1, -1, 2, 2, 2, 2, 1, 1, -2, 1, -2, -1, -1, 2]"
5907,dfs_bnb_mpi,0.032579,-6,7,8412,"[-1, -1, 2, 2, 2, 1, -2, -2, 1, 1, 2, -1, 2, 2]"
5908,dfs_bnb_mpi,0.10238,-4,5,28028,"[-1, -2, -1, -1, 2, 1, 2, 2, 1, 2, 1, -2, -2, -1]"
5909,dfs_bnb_mpi,0.021116,-2,3,5201,"[-1, -1, 2, 2, -1, -2, -1, 2, -1, -2, -2, 1, 1, -2]"
5910,dfs_bnb_mpi,0.10309,-7,8,26265,"[-1, -1, -1, -1, 2, 2, 2, 1, -2, 1, 1, -2, -1, -1]"
5911,dfs_bnb_mpi,0.00723,-5,6,1941,"[-1, -1, 2, 2, 1, -2, 1, 1, 2, -1, 2, 1, 2, 2]"
5912,dfs_bnb_mpi,0.000802,-4,5,237,"[-1, -1, 2, -1, -2, -2, 1, -2, 1, 2, 1, 1, 2, 2]"
5913,dfs_bnb_mpi,0.02115,-6,7,6261,"[-1, -2, 1, 1, 2, 2, -1, 2, 1, 1, -2, 1, -2, -1]"
5914,dfs_bnb_mpi,0.019407,-5,5,5923,"[-1, -1, 2, -1, 2, 2, 2, 1, -2, -2, 1, -2, 1, 2]"
5915,dfs_bnb_mpi,0.002502,-6,7,673,"[-1, -2, 1, 1, 1, -2, -2, -1, 2, -1, -1, -2, 1, -2]"
5916,dfs_bnb_mpi,0.061772,-4,5,17095,"[-1, -1, 2, 2, 2, -1, -2, -1, -1, -2, 1, 1, -2, -1]"
5917,dfs_bnb_mpi,0.006453,-2,3,1954,"[-1, -1, 2, 1, 2, 2, 2, -1, -2, -2, -1, -2, -1, 2]"
5918,dfs_bnb_mpi,0.057688,-4,4,17946,"[-1, -1, 2, 2, 2, 1, -2, 1, 2, 1, -2, -2, -1, -1]"
5919,dfs_bnb_mpi,0.144748,-7,8,34348,"[-1, -2, 1, 1, -2, 1, 2, 2, -1, 2, 1, 1, -2, -2]"
5920,dfs_bnb_mpi,5.3e-05,0,1,15,"[-1, -1, 2, 2, 2, 2, 2, 2, 2, 2, 2, 2, 2, 2]"
5921,dfs_bnb_mpi,0.015711,-4,4,4922,"[-1, -2, 1, 1, -2, -1, -1, -1, 2, 2, 2, 2, 1, -2]"
5922,dfs_bnb_mpi,0.009304,-5,6,2216,"[-1, -1, 2, 2, 2, -1, -2, -2, -2, -1, 2, 2, 2, 2]"
5923,dfs_bnb_mpi,0.00127,-2,3,357,"[-1, -1, 2, 2, 2, 2, 1, 2, -1, 2, -1, -2, -2, -1]"
5924,dfs_bnb_mpi,0.038375,-7,8,9500,"[-1, -2, -1, -2, 1, 1, 2, 1, -2, -2, -1, -2, -1, 2]"
5925,dfs_bnb_mpi,0.106607,-5,5,31890,"[-1, -1, 2, 2, 2, 2, 1, -2, 1, 1, -2, -1, -1, -2]"
5926,dfs_bnb_mpi,0.014052,-4,5,3278,"[-1, -1, 2, 2, 1, -2, 1, 2, 2, 2, -1, -2, -1, 2]"
5927,dfs_bnb_mpi,0.03128,-6,7,9135,"[-1, -1, 2, 2, 1, -2, 1, 1, 1, 2, -1, -1, 2, -1]"
5928,dfs_bnb_mpi,0.003129,-4,5,893,"[-1, -1, 2, 2, -1, 2, -1, -2, -1, -2, 1, 1, -2, -1]"
5929,dfs_bnb_mpi,0.456647,-3,4,101655,"[-1, -1, 2, 2, 2, 2, 2, 1, -2, 1, -2, -1, -2, 1]"
5930,dfs_bnb_mpi,0.016384,-5,6,4155,"[-1, -1, 2, 2, 2, 1, -2, -2, 1, 1, 2, 2, -1, -2]"
5931,dfs_bnb_mpi,0.200645,-6,7,46645,"[-1, -1, 2, -1, -2, -1, 2, -1, -2, -2, 1, 1, 1, 1]"
5932,dfs_bnb_mpi,0.151204,-5,6,42959,"[-1, -2, 1, 1, -2, -2, -1, -2, -1, -1, 2, 1, 2, 1]"
5933,dfs_bnb_mpi,0.004135,-2,3,1105,"[-1, -1, 2, 2, 2, 2, 1, -2, 1, 1, -2, -1, -1, -2]"
5934,dfs_bnb_mpi,0.063212,-4,5,19433,"[-1, -2, 1, 1, 2, 2, -1, 2, 2, -1, -2, -1, -2, 1]"
5935,dfs_bnb_mpi,0.020987,-5,6,5586,"[-1, -1, 2, -1, 2, -1, -2, -1, -2, -2, 1, 2, 1, -2]"
5936,dfs_bnb_mpi,0.046145,-4,5,13206,"[-1, -1, 2, 1, 2, -1, 2, -1, 2, -1, -2, -2, 1, -2]"
5937,dfs_bnb_mpi,0.005352,-6,7,1296,"[-1, -1, 2, 2, 1, -2, 1, 2, 1, -2, 1, -2, -1, -2]"
5938,dfs_bnb_mpi,0.001856,-5,6,480,"[-1, -1, 2, 2, 1, -2, 1, 1, 2, -1, 2, 2, 2, 2]"
5939,dfs_bnb_mpi,0.031683,-5,6,9581,"[-1, -1, 2, 1, 2, -1, 2, 2, -1, -2, -1, -2, 1, -2]"
5940,dfs_bnb_mpi,0.085321,-7,7,22355,"[-1, -1, 2, -1, 2, 1, 2, 1, -2, 1, 1, -2, -1, -1]"
5941,dfs_bnb_mpi,0.002635,-2,3,617,"[-1, -1, 2, 2, 1, -2, 1, 2, 2, 2, 2, 2, 2, 2]"
5942,dfs_bnb_mpi,0.019599,-6,6,5305,"[-1, -1, 2, 1, 1, 1, 2, -1, -1, 2, 2, -1, -2, -2]"
5943,dfs_bnb_mpi,0.045189,-4,5,13446,"[-1, -1, 2, 2, 1, -2, 1, 1, 1, -2, -1, -2, -1, -1]"
5944,dfs_bnb_mpi,0.046103,-4,5,13816,"[-1, -1, 2, 1, 2, 1, -2, 1, -2, -2, -1, -1, -2, 1]"
5945,dfs_bnb_mpi,0.006928,-6,7,1708,"[-1, -1, 2, -1, -2, -2, 1, 1, 1, -2, -1, -1, -1, -1]"
5946,dfs_bnb_mpi,0.023928,-4,5,6339,"[-1, -1, 2, 1, 2, -1, -1, -2, -1, -2, 1, -2, 1, 1]"
5947,dfs_bnb_mpi,0.026645,-4,5,5990,"[-1, -1, 2, 2, 2, 1, 1, -2, -1, -2, 1, 1, 2, 2]"
5948,dfs_bnb_mpi,0.067006,-4,5,15812,"[-1, -1, 2, 2, 2, 1, 1, 1, -2, -1, -1, -2, 1, 1]"
5949,dfs_bnb_mpi,0.069748,-6,7,18713,"[-1, -1, 2, 2, 2, 1, -2, 1, 2, 1, -2, -2, -1, -1]"
5950,dfs_bnb_mpi,0.051003,-5,6,12569,"[-1, -1, 2, 2, 2, 2, 1, 1, -2, -1, -2, 1, -2, -1]"
5951,dfs_bnb_mpi,0.044192,-5,6,12370,"[-1, -2, -1, -1, 2, 1, 2, -1, 2, 1, 1, 1, -2, -1]"
5952,dfs_bnb_mpi,0.022066,-5,5,5443,"[-1, -1, 2, 2, 2, 2, 1, -2, -2, -2, 1, 1, -2, 1]"
5953,dfs_bnb_mpi,0.000884,-3,4,233,"[-1, -1, 2, -1, 2, 1, 1, -2, 1, 2, 2, 2, 2, 2]"
5954,dfs_bnb_mpi,0.016605,-2,3,5178,"[-1, -1, 2, 2, 2, 1, 2, -1, 2, 2, -1, -2, -2, -2]"
5955,dfs_bnb_mpi,0.000232,-2,3,60,"[-1, -1, 2, 2, -1, -1, -2, 1, -2, -1, -1, 2, 2, 2]"
5956,dfs_bnb_mpi,0.005068,-5,6,1472,"[-1, -1, 2, 1, 2, -1, -1, -2, -1, -2, 1, -2, 1, 1]"
5957,dfs_bnb_mpi,0.003324,-4,5,771,"[-1, -1, 2, 2, -1, -1, -1, -2, -2, 1, 2, 1, -2, -2]"
5958,dfs_bnb_mpi,0.050301,-7,8,12140,"[-1, -1, 2, 2, 2, 2, 1, 1, -2, -1, -2, 1, -2, -1]"
5959,dfs_bnb_mpi,0.017696,-8,9,4734,"[-1, -1, 2, 1, 2, 1, -2, 1, 2, 2, -1, -1, -1, -2]"
5960,dfs_bnb_mpi,0.039624,-7,8,10436,"[-1, -1, 2, 1, 2, 1, -2, 1, 2, 2, -1, -1, -1, -2]"
5961,dfs_bnb_mpi,0.142286,-6,7,38185,"[-1, -2, 1, -2, 1, 2, 1, 2, -1, 2, 1, 2, 1, -2]"
5962,dfs_bnb_mpi,0.072932,-7,7,19194,"[-1, -1, 2, 2, 1, 2, 2, 1, -2, 1, -2, -1, -2, -1]"
5963,dfs_bnb_mpi,0.024641,-3,4,7755,"[-1, -2, 1, 1, 1, 1, 2, 2, 2, -1, -1, -2, -2, 1]"
5964,dfs_bnb_mpi,0.011294,-5,6,3314,"[-1, -2, 1, 1, 2, 2, -1, 2, -1, -2, -1, -2, -1, 2]"
5965,dfs_bnb_mpi,0.030651,-6,7,7213,"[-1, -1, 2, -1, -1, -1, -2, 1, 1, -2, -1, -2, -1, 2]"
5966,dfs_bnb_mpi,0.062685,-4,5,19081,"[-1, -1, 2, 2, 1, 2, 1, -2, 1, 1, -2, -1, -1, -1]"
5967,dfs_bnb_mpi,0.044879,-7,8,10169,"[-1, -2, -2, -1, -2, 1, 1, 1, 2, -1, 2, 1, 2, 2]"
5968,dfs_bnb_mpi,0.022855,-4,5,6257,"[-1, -1, 2, 2, 1, 2, 1, 2, -1, -1, -2, -1, -2, -1]"
5969,dfs_bnb_mpi,0.040836,-3,4,11933,"[-1, -1, 2, 2, 2, 1, 1, -2, -1, -2, 1, 1, 2, 2]"
5970,dfs_bnb_mpi,0.010148,-4,4,3043,"[-1, -1, 2, 1, 1, 2, 2, 1, -2, 1, 1, -2, -1, -1]"
5971,dfs_bnb_mpi,0.047354,-4,5,12732,"[-1, -1, 2, 2, 2, 1, 2, -1, 2, -1, -1, -2, 1, -2]"
5972,dfs_bnb_mpi,0.085262,-6,7,21975,"[-1, -2, -1, -2, -2, 1, 2, 1, 2, 1, 2, 2, 1, -2]"
5973,dfs_bnb_mpi,0.001314,-4,5,361,"[-1, -2, -1, -2, 1, 1, 2, 1, 2, 2, 2, 2, 2, 2]"
5974,dfs_bnb_mpi,0.009803,-5,5,2347,"[-1, -1, 2, -1, -2, -1, -2, 1, 1, 1, -2, -1, -1, -1]"
5975,dfs_bnb_mpi,0.042776,-4,5,12790,"[-1, -1, 2, -1, -2, -1, -2, 1, 1, -2, -1, -1, -1, 2]"
5976,dfs_bnb_mpi,0.000824,-4,5,259,"[-1, -2, -1, -2, -2, 1, 2, 1, 2, 1, 2, 2, 2, 2]"
5977,dfs_bnb_mpi,0.001163,-3,4,308,"[-1, -1, 2, 2, -1, -2, -1, -2, 1, -2, 1, 1, 1, 1]"
5978,dfs_bnb_mpi,0.033221,-2,3,10351,"[-1, -1, 2, 2, 2, 1, 2, 2, 1, -2, -2, -2, -1, -2]"
5979,dfs_bnb_mpi,0.002353,-4,5,629,"[-1, -2, 1, 1, 1, -2, -2, -1, 2, -1, -1, -1, 2, 2]"
5980,dfs_bnb_mpi,0.128762,-5,6,35174,"[-1, -1, 2, 1, 1, 1, -2, 1, -2, -1, -2, -1, 2, -1]"
5981,dfs_bnb_mpi,0.047732,-3,4,13174,"[-1, -2, 1, 1, 2, 1, 2, 2, -1, -2, -1, 2, 2, 2]"
5982,dfs_bnb_mpi,0.001473,-2,3,454,"[-1, -1, 2, 2, 2, 1, -2, -2, 1, 1, 2, -1, 2, 2]"
5983,dfs_bnb_mpi,0.017506,-4,5,5506,"[-1, -2, -2, 1, 2, 1, 2, 2, -1, -1, 2, -1, -2, -2]"
5984,dfs_bnb_mpi,0.017761,-7,7,4765,"[-1, -1, 2, 2, 1, 2, 2, 1, -2, -2, 1, -2, -1, -1]"
5985,dfs_bnb_mpi,0.114106,-4,5,29376,"[-1, -1, 2, 2, -1, -1, -1, -1, -2, 1, 1, 1, -2, -1]"
5986,dfs_bnb_mpi,0.017394,-5,6,5307,"[-1, -1, 2, 1, 2, 2, 2, -1, -2, -1, -1, -2, 1, 1]"
5987,dfs_bnb_mpi,0.16305,-5,6,45111,"[-1, -1, 2, 2, 1, 2, 2, 1, -2, -2, 1, -2, -1, -1]"
5988,dfs_bnb_mpi,0.006186,-5,5,1523,"[-1, -2, 1, 1, -2, -1, -2, -1, 2, -1, 2, 2, 2, 2]"
5989,dfs_bnb_mpi,0.008362,-6,7,2355,"[-1, -1, 2, -1, 2, 2, 1, -2, 1, -2, 1, 1, -2, 1]"
5990,dfs_bnb_mpi,0.000832,-4,4,244,"[-1, -1, 2, -1, 2, 2, 1, -2, 1, -2, 1, 2, 2, 2]"
5991,dfs_bnb_mpi,0.02778,-4,5,7166,"[-1, -1, 2, 2, 2, 2, 1, -2, -2, -2, 1, 1, 2, -1]"
5992,dfs_bnb_mpi,0.00185,-4,5,588,"[-1, -2, 1, -2, -2, 1, 2, 2, 1, 2, -1, 2, 2, 2]"
5993,dfs_bnb_mpi,0.000746,-2,3,241,"[-1, -1, 2, 2, -1, 2, -1, -2, -2, 1, -2, -1, -1, 2]"
5994,dfs_bnb_mpi,0.109732,-4,5,34243,"[-1, -1, 2, 2, 1, 2, 1, 2, 1, -2, -2, -1, -2, -1]"
5995,dfs_bnb_mpi,0.161372,-3,4,48769,"[-1, -1, 2, 2, -1, 2, 2, -1, -2, -2, -2, -2, 1, 2]"
5996,dfs_bnb_mpi,0.003871,-4,5,965,"[-1, -1, 2, -1, -1, -2, 1, -2, 1, 1, -2, -1, -1, -1]"
5997,dfs_bnb_mpi,0.247062,-5,6,56890,"[-1, -1, 2, 2, 1, 2, -1, 2, -1, -1, -2, 1, -2, -1]"
5998,dfs_bnb_mpi,0.000321,-2,2,99,"[-1, -1, 2, 2, 1, -2, 1, 2, 2, 2, 2, 2, 2, 2]"
5999,dfs_bnb_mpi,0.001286,-2,3,375,"[-1, -1, 2, 1, 2, 2, -1, -2, -1, -2, -1, 2, 2, 2]"
6000,dfs_bnb_mpi,4.4e-05,0,1,15,"[-1, -1, 2, 2, 2, 2, 2, 2, 2, 2, 2, 2, 2, 2]"
6001,dfs_bnb_mpi,0.102368,-5,6,26082,"[-1, -1, 2, 2, 2, 1, 1, -2, -1, -2, 1, 1, 2, 2]"
6002,dfs_bnb_mpi,0.008802,-5,6,2656,"[-1, -1, -1, 2, 1, 1, 2, 2, 1, -2, -2, 1, -2, 1]"
6003,dfs_bnb_mpi,0.126564,-4,4,39177,"[-1, -1, 2, 2, 1, 2, 2, 2, 1, -2, -2, -2, -2, -1]"
6004,dfs_bnb_mpi,0.057554,-2,3,14489,"[-1, -1, 2, 2, 2, 2, 2, 2, 1, -2, 1, -2, -1, -2]"
6005,dfs_bnb_mpi,0.006553,-7,8,1860,"[-1, -1, 2, 1, 2, 1, -2, 1, -2, -2, -1, -2, -1, 2]"
6006,dfs_bnb_mpi,0.014179,-6,6,3319,"[-1, -1, 2, 2, 2, 1, 1, -2, -1, -2, 1, 1, 2, 2]"
6007,dfs_bnb_mpi,0.064504,-3,4,18343,"[-1, -1, 2, 2, 2, 1, -2, -2, 1, 1, 2, 2, -1, -2]"
6008,dfs_bnb_mpi,0.13242,-5,6,31032,"[-1, -1, 2, -1, -2, -2, 1, 1, 1, -2, -1, -1, -2, 1]"
6009,dfs_bnb_mpi,0.020834,-4,5,6193,"[-1, -1, 2, 1, 1, 2, 2, 1, -2, 1, -2, -2, -1, 2]"
6010,dfs_bnb_mpi,0.007303,-5,6,2024,"[-1, -1, 2, 1, 1, 2, 1, -2, 1, -2, -1, -2, -1, -1]"
6011,dfs_bnb_mpi,0.02917,-4,5,7893,"[-1, -1, 2, -1, 2, 2, -1, -2, -2, -1, -2, 1, 1, -2]"
6012,dfs_bnb_mpi,0.001315,-4,5,406,"[-1, -2, 1, -2, 1, 2, 1, 2, -1, 2, 2, 2, 2, 2]"
6013,dfs_bnb_mpi,0.008069,-6,7,1962,"[-1, -2, 1, -2, -2, 1, 2, 2, 2, 1, -2, -2, 1, 2]"
6014,dfs_bnb_mpi,0.053639,-4,4,15139,"[-1, -1, 2, 1, 2, 2, -1, -2, -1, -2, -2, -2, 1, 1]"
6015,dfs_bnb_mpi,0.075204,-6,7,18923,"[-1, -1, 2, 1, 1, 2, 1, 2, 1, -2, -2, -2, -1, 2]"
6016,dfs_bnb_mpi,0.014411,-4,5,3272,"[-1, -1, 2, -1, -2, -1, -1, -2, 1, 1, 1, 1, 1, 1]"
6017,dfs_bnb_mpi,0.065711,-5,6,18348,"[-1, -2, -1, -2, -1, -1, -2, 1, 1, 1, 2, 1, 2, 1]"
6018,dfs_bnb_mpi,0.000151,-2,3,51,"[-1, -2, 1, 1, 2, 2, 2, 2, 2, 2, 2, 2, 2, 2]"
6019,dfs_bnb_mpi,9.1e-05,-2,3,26,"[-1, -1, 2, 2, 2, 2, 2, 2, 1, -2, 1, -2, -1, -2]"
6020,dfs_bnb_mpi,0.046839,-5,6,13862,"[-1, -1, 2, 1, 1, 2, 1, 1, -2, 1, -2, -1, -1, 2]"
6021,dfs_bnb_mpi,0.07116,-5,6,18929,"[-1, -1, 2, 2, 1, -2, 1, 1, 2, 1, 2, -1, -1, -2]"
6022,dfs_bnb_mpi,0.001625,-2,3,508,"[-1, -1, 2, 1, 2, 2, 1, -2, -2, 1, 2, 2, 2, 2]"
6023,dfs_bnb_mpi,0.128166,-7,8,28847,"[-1, -2, 1, 1, 2, 1, 2, 2, -1, -1, -1, -2, 1, 1]"
6024,dfs_bnb_mpi,0.023241,-5,6,5491,"[-1, -1, 2, 2, 2, 2, 1, -2, -2, -2, 1, 2, 2, 2]"
6025,dfs_bnb_mpi,0.083645,-6,7,20100,"[-1, -1, 2, -1, 2, -1, -2, -1, -2, 1, 1, -2, -1, -1]"
6026,dfs_bnb_mpi,0.018985,-7,7,4449,"[-1, -1, 2, -1, -2, -1, 2, 2, 1, 1, 1, 1, -2, -1]"
6027,dfs_bnb_mpi,0.050953,-5,6,13603,"[-1, -1, 2, 2, -1, 2, -1, -2, -1, -2, 1, 1, -2, -1]"
6028,dfs_bnb_mpi,0.079756,-5,6,17893,"[-1, -2, -1, 2, 2, 1, 1, 2, 1, -2, -2, -2, -1, -2]"
6029,dfs_bnb_mpi,0.029251,-6,7,8379,"[-1, -2, 1, 1, 1, 2, -1, 2, -1, 2, 2, -1, -2, -2]"
6030,dfs_bnb_mpi,0.003142,-2,3,768,"[-1, -1, 2, 2, 2, -1, -2, -1, -1, -2, 1, 1, -2, -1]"
6031,dfs_bnb_mpi,0.14699,-7,8,35436,"[-1, -2, 1, 1, 1, -2, -1, -2, -2, -1, 2, 2, -1, -2]"
6032,dfs_bnb_mpi,0.029129,-4,4,6964,"[-1, -1, 2, -1, 2, 2, 2, -1, -2, -2, -2, -2, 1, -2]"
6033,dfs_bnb_mpi,0.008545,-3,4,2680,"[-1, -1, 2, 1, 2, 1, -2, 1, 2, 1, -2, -2, -1, -2]"
6034,dfs_bnb_mpi,0.005736,-5,6,1687,"[-1, -1, 2, 1, 1, 2, 1, 1, -2, -1, -2, -2, -1, -1]"
6035,dfs_bnb_mpi,0.168572,-6,7,38292,"[-1, -1, 2, 1, 2, 2, 1, 2, 1, -2, -2, -1, -2, 1]"
6036,dfs_bnb_mpi,0.058,-7,8,13133,"[-1, -2, -1, -2, 1, -2, 1, 1, 2, -1, 2, 1, 2, 2]"
6037,dfs_bnb_mpi,0.007648,-6,7,1767,"[-1, -1, 2, 2, 2, 1, -2, -2, 1, 2, 1, -2, 1, 2]"
6038,dfs_bnb_mpi,0.015184,-6,7,4099,"[-1, -1, -1, 2, 1, 1, 2, -1, 2, 1, 1, -2, -2, 1]"
6039,dfs_bnb_mpi,0.0002,-2,3,63,"[-1, -1, 2, 1, 2, -1, -1, -2, -1, 2, 2, 2, 2, 2]"
6040,dfs_bnb_mpi,0.005356,-3,4,1327,"[-1, -1, 2, 2, 2, 2, 1, 1, -2, 1, -2, -1, -1, 2]"
6041,dfs_bnb_mpi,0.172202,-4,5,42508,"[-1, -1, 2, -1, -2, -1, -1, -2, 1, -2, 1, 2, 1, -2]"
6042,dfs_bnb_mpi,0.003685,-4,5,1071,"[-1, -1, 2, 1, 1, 2, 1, 2, -1, 2, -1, -2, -2, -1]"
6043,dfs_bnb_mpi,0.00877,-6,7,2428,"[-1, -1, 2, 1, 2, -1, 2, -1, -2, -1, -2, 1, -2, -1]"
6044,dfs_bnb_mpi,0.011561,-3,4,3428,"[-1, -1, 2, 2, 1, -2, 1, 1, -2, -2, -1, -1, -1, -1]"
6045,dfs_bnb_mpi,0.296134,-2,3,89933,"[-1, -1, 2, 2, 2, 2, 2, 2, 1, 1, -2, -2, -1, 2]"
6046,dfs_bnb_mpi,0.00248,-6,6,693,"[-1, -2, 1, 1, 2, 2, -1, -1, 2, 1, 2, 1, -2, 1]"
6047,dfs_bnb_mpi,0.179958,-4,5,41012,"[-1, -1, 2, 2, 2, 1, 2, -1, 2, -1, -2, -1, -2, 1]"
6048,dfs_bnb_mpi,0.001446,-4,4,424,"[-1, -2, 1, 1, 1, -2, -1, -1, -2, 1, 1, 1, 2, 2]"
6049,dfs_bnb_mpi,0.014863,-4,5,4607,"[-1, -2, -2, -1, 2, 2, -1, 2, 1, 2, 2, 1, -2, -2]"
6050,dfs_bnb_mpi,0.00343,-3,4,845,"[-1, -1, 2, 2, 2, 1, -2, -2, 1, 2, 2, 2, 2, 2]"
6051,dfs_bnb_mpi,0.149739,-7,8,33783,"[-1, -2, -1, -1, 2, -1, 2, 1, 2, 1, 1, -2, -1, -2]"
6052,dfs_bnb_mpi,0.106883,-5,6,28743,"[-1, -1, 2, 2, 1, -2, 1, 2, 1, 1, -2, -2, -1, 2]"
6053,dfs_bnb_mpi,0.041958,-7,8,11226,"[-1, -2, 1, 1, 2, 2, -1, 2, 1, 1, -2, 1, -2, -1]"
6054,dfs_bnb_mpi,0.127822,-7,8,28380,"[-1, -1, -1, 2, 2, 2, 1, 1, -2, 1, -2, -1, -1, 2]"
6055,dfs_bnb_mpi,0.008853,-6,7,2279,"[-1, -1, 2, 1, 2, 2, -1, -2, -1, -1, -2, 1, -2, -1]"
6056,dfs_bnb_mpi,9.4e-05,-1,2,33,"[-1, -1, 2, 2, -1, -2, -2, -1, 2, 2, 2, 2, 2, 2]"
6057,dfs_bnb_mpi,4.1e-05,0,1,15,"[-1, -1, 2, 2, 2, 2, 2, 2, 2, 2, 2, 2, 2, 2]"
6058,dfs_bnb_mpi,0.078352,-4,5,21208,"[-1, -2, 1, 1, 2, 1, 2, -1, -1, 2, -1, -2, -1, -2]"
6059,dfs_bnb_mpi,0.06919,-5,5,19865,"[-1, -1, 2, 1, 2, 1, 2, 2, -1, -2, -1, -2, -1, -2]"
6060,dfs_bnb_mpi,0.000996,-2,3,312,"[-1, -1, 2, 1, 2, 2, -1, -2, -1, -1, -2, 1, -2, -1]"
6061,dfs_bnb_mpi,0.060057,-5,5,14543,"[-1, -1, 2, 2, 2, 2, 2, 1, -2, -2, -2, -2, 1, 2]"
6062,dfs_bnb_mpi,0.136984,-4,5,35359,"[-1, -1, 2, 2, 2, 2, 2, 1, 2, 1, -2, -2, -1, -2]"
6063,dfs_bnb_mpi,0.111844,-5,6,28710,"[-1, -1, 2, 2, -1, -1, -2, -1, -2, 1, -2, 1, 2, 2]"
6064,dfs_bnb_mpi,0.046848,-6,7,12661,"[-1, -1, 2, 1, 1, 1, 2, 2, -1, -1, -1, -2, 1, 1]"
6065,dfs_bnb_mpi,0.16706,-6,7,43791,"[-1, -1, 2, 2, -1, -1, -2, -1, -2, 1, -2, 1, 2, 2]"
6066,dfs_bnb_mpi,0.048518,-2,3,14752,"[-1, -1, 2, 2, 2, 2, 2, 2, 2, 1, -2, 1, -2, -1]"
6067,dfs_bnb_mpi,0.006475,-5,6,1752,"[-1, -2, 1, 1, 1, 2, -1, 2, 2, 2, -1, -2, -2, -1]"
6068,dfs_bnb_mpi,0.022355,-5,6,6107,"[-1, -1, 2, 1, 2, 2, 1, -2, -2, 1, 2, 2, 1, -2]"
6069,dfs_bnb_mpi,0.055627,-6,6,16383,"[-1, -1, -1, 2, 1, 2, 2, 2, 1, -2, 1, -2, -1, -2]"
6070,dfs_bnb_mpi,0.026731,-6,6,6958,"[-1, -1, 2, 2, 2, 2, 1, -2, 1, -2, -1, -2, 1, 1]"
6071,dfs_bnb_mpi,0.084332,-5,6,22339,"[-1, -1, 2, 2, -1, 2, -1, -2, -1, -2, 1, 1, -2, -1]"
6072,dfs_bnb_mpi,0.017722,-6,7,5048,"[-1, -1, 2, 1, 1, 2, 2, -1, -2, -1, 2, -1, -2, -2]"
6073,dfs_bnb_mpi,0.000141,-2,3,40,"[-1, -1, 2, 2, 2, 2, 2, 2, 1, 1, -2, -1, -2, 1]"
6074,dfs_bnb_mpi,0.042869,-6,7,12120,"[-1, -1, 2, 2, 2, 1, -2, 1, 2, 1, -2, -2, -1, -1]"
6075,dfs_bnb_mpi,0.015406,-6,5,4068,"[-1, -1, 2, 1, 2, 2, 2, 1, -2, 1, -2, -1, -2, 1]"
6076,dfs_bnb_mpi,0.071734,-4,5,22496,"[-1, -2, 1, 1, 2, 2, 2, 2, 1, -2, -2, -2, -2, 1]"
6077,dfs_bnb_mpi,0.001916,-5,6,484,"[-1, -1, -1, 2, 2, 1, -2, 1, 2, 1, -2, 1, 2, 2]"
6078,dfs_bnb_mpi,0.073197,-6,6,20849,"[-1, -2, -1, -2, -2, -1, 2, -1, 2, 1, 2, 1, 2, 1]"
6079,dfs_bnb_mpi,4.1e-05,0,1,15,"[-1, -1, 2, 2, 2, 2, 2, 2, 2, 2, 2, 2, 2, 2]"
6080,dfs_bnb_mpi,0.014471,-5,5,4162,"[-1, -1, 2, 2, 2, 2, 1, -2, -2, 1, 1, -2, -1, -1]"
6081,dfs_bnb_mpi,0.008906,-2,3,2667,"[-1, -1, 2, 2, 2, 2, 2, 1, 2, 2, -1, -2, -1, -2]"
6082,dfs_bnb_mpi,0.209485,-6,7,48538,"[-1, -1, 2, 2, 2, 1, 1, 1, -2, -2, -1, 2, -1, -2]"
6083,dfs_bnb_mpi,0.003589,-4,5,862,"[-1, -1, -1, 2, 2, 2, 1, 1, -2, -1, -2, 1, 1, 2]"
6084,dfs_bnb_mpi,0.064599,-6,7,17236,"[-1, -1, 2, 2, 2, -1, -2, -1, -2, -2, -2, 1, 2, 2]"
6085,dfs_bnb_mpi,0.015218,-6,7,4007,"[-1, -2, -2, 1, 2, 1, 2, 1, -2, 1, -2, -1, -1, -2]"
6086,dfs_bnb_mpi,0.007834,-4,5,1779,"[-1, -1, 2, 2, 2, 1, -2, 1, 2, 2, 2, -1, -2, -1]"
6087,dfs_bnb_mpi,0.041571,-7,8,9416,"[-1, -1, 2, 1, 2, 1, -2, 1, -2, -2, -1, -1, -2, 1]"
6088,dfs_bnb_mpi,0.029766,-2,3,8432,"[-1, -1, 2, 1, 2, 2, 2, 2, -1, -2, -2, -2, -1, -2]"
6089,dfs_bnb_mpi,0.016655,-4,5,4938,"[-1, -1, 2, 2, -1, -2, -1, -1, -2, 1, 1, -2, 1, 1]"
6090,dfs_bnb_mpi,0.004791,-5,6,1381,"[-1, -2, -1, 2, 2, 1, 2, -1, -1, -2, -1, -2, 1, -2]"
6091,dfs_bnb_mpi,9.5e-05,-2,3,39,"[-1, -2, 1, 1, 2, 2, 2, 2, 2, 2, 2, 2, 2, 2]"
6092,dfs_bnb_mpi,0.002917,-3,4,789,"[-1, -1, 2, 2, 2, 1, 1, -2, -1, -2, 1, 1, 2, 2]"
6093,dfs_bnb_mpi,0.004711,-4,5,1429,"[-1, -1, 2, 1, 2, -1, 2, -1, -2, -2, -2, -1, 2, 2]"
6094,dfs_bnb_mpi,0.007754,-4,5,2143,"[-1, -1, 2, 1, 2, 2, -1, -2, -1, -2, -1, -2, 1, -2]"
6095,dfs_bnb_mpi,0.02713,-4,5,8014,"[-1, -1, 2, 2, -1, -2, -1, -1, -2, -2, 1, 2, 1, -2]"
6096,dfs_bnb_mpi,0.021419,-7,7,5676,"[-1, -1, 2, 2, 1, -2, 1, 2, 2, 1, -2, 1, -2, -1]"
6097,dfs_bnb_mpi,0.0512,-5,6,13625,"[-1, -1, 2, 1, 1, 2, 1, -2, 1, 1, -2, -1, -1, -2]"
6098,dfs_bnb_mpi,0.011363,-4,5,3191,"[-1, -2, -2, -1, 2, 2, -1, 2, 1, 2, 1, -2, 1, 2]"
6099,dfs_bnb_mpi,0.024216,-5,6,6840,"[-1, -1, 2, 1, 2, -1, 2, 2, 1, -2, 1, -2, -2, 1]"
6100,dfs_bnb_mpi,0.063603,-5,6,17501,"[-1, -2, -1, -2, 1, 1, 2, 1, 1, 2, -1, 2, -1, 2]"
6101,dfs_bnb_mpi,0.009382,-4,5,2713,"[-1, -1, 2, 1, 1, 2, 1, -2, 1, 1, -2, -1, -1, -2]"
6102,dfs_bnb_mpi,0.014133,-6,7,4062,"[-1, -2, 1, 1, 1, -2, -1, -2, -1, 2, -1, -1, 2, 2]"
6103,dfs_bnb_mpi,0.021196,-4,5,5502,"[-1, -1, 2, 2, -1, -2, -2, -2, 1, -2, -1, -1, 2, 2]"
6104,dfs_bnb_mpi,0.021971,-7,8,5165,"[-1, -2, 1, -2, -2, 1, 2, 2, 2, 1, -2, 1, -2, -1]"
6105,dfs_bnb_mpi,0.002814,-5,6,807,"[-1, -2, 1, 1, 2, 2, -1, 2, 2, -1, -2, -2, -1, 2]"
6106,dfs_bnb_mpi,0.073777,-7,8,17890,"[-1, -2, 1, -2, 1, 2, 2, 2, 1, 1, -2, -2, -1, 2]"
6107,dfs_bnb_mpi,0.001106,-2,3,309,"[-1, -1, 2, 2, -1, -1, -2, 1, -2, -1, -1, 2, 2, 2]"
6108,dfs_bnb_mpi,0.001477,-4,5,443,"[-1, -1, 2, -1, -2, -1, -2, 1, -2, 1, 2, 1, 1, 1]"
6109,dfs_bnb_mpi,0.00137,-3,4,407,"[-1, -1, 2, -1, -2, -2, -2, 1, 2, 1, 1, 1, 2, 2]"
6110,dfs_bnb_mpi,0.009631,-3,4,3002,"[-1, -2, 1, 1, 2, 1, 2, -1, -1, 2, -1, -2, -1, 2]"
6111,dfs_bnb_mpi,0.191093,-6,7,43086,"[-1, -1, 2, 2, -1, 2, -1, -1, -2, 1, -2, 1, -2, -1]"
6112,dfs_bnb_mpi,0.106567,-4,5,27630,"[-1, -1, 2, 2, -1, 2, 2, -1, -2, -2, -2, -2, 1, 2]"
6113,dfs_bnb_mpi,0.005543,-2,3,1614,"[-1, -1, 2, 2, 2, 2, 2, 1, 2, -1, -1, -2, -1, 2]"
6114,dfs_bnb_mpi,0.009341,-2,3,2935,"[-1, -1, 2, 2, 1, 1, 2, 2, 1, -2, -2, -2, -1, -1]"
6115,dfs_bnb_mpi,0.02318,-5,6,5751,"[-1, -1, 2, 2, -1, -2, -2, -1, -2, 1, 1, -2, 1, 2]"
6116,dfs_bnb_mpi,0.002987,-5,5,874,"[-1, -2, -1, -2, 1, 1, 2, 1, 1, 1, 2, -1, -1, 2]"
6117,dfs_bnb_mpi,0.00131,-4,5,416,"[-1, -1, 2, 1, 1, 1, -2, -2, -1, -2, -1, 2, -1, -1]"
6118,dfs_bnb_mpi,0.014345,-4,4,4065,"[-1, -2, -1, -2, -1, -1, 2, 1, 2, 1, 2, 1, 2, 2]"
6119,dfs_bnb_mpi,0.020396,-3,4,4683,"[-1, -1, 2, 2, 2, 2, 1, -2, 1, -2, -1, -2, 1, 1]"
6120,dfs_bnb_mpi,0.045616,-3,4,13525,"[-1, -2, 1, 1, 2, 2, -1, 2, 2, -1, -2, -2, -1, 2]"
6121,dfs_bnb_mpi,0.060014,-7,8,13700,"[-1, -2, -1, 2, 2, -1, -2, -1, 2, 2, 1, 1, 1, -2]"
6122,dfs_bnb_mpi,0.00796,-5,6,2326,"[-1, -1, 2, 1, 2, 1, -2, 1, 2, 2, -1, -1, 2, 2]"
6123,dfs_bnb_mpi,0.011796,-5,6,3374,"[-1, -1, -1, 2, 1, 1, 2, 1, -2, 1, -2, -2, -1, -1]"
6124,dfs_bnb_mpi,0.004318,-5,6,1190,"[-1, -1, 2, 1, 2, -1, 2, 1, 1, -2, -2, 1, 2, 2]"
6125,dfs_bnb_mpi,0.004298,-6,7,1208,"[-1, -1, 2, 1, 2, 1, -2, 1, -2, -2, -1, -1, -1, -1]"
6126,dfs_bnb_mpi,0.115274,-3,4,34915,"[-1, -1, 2, 2, 2, 2, 1, -2, 1, 1, -2, -1, -1, -2]"
6127,dfs_bnb_mpi,0.116981,-4,5,33117,"[-1, -1, -1, 2, 1, 1, 2, 2, 1, 1, -2, -2, -1, 2]"
6128,dfs_bnb_mpi,0.002291,-3,4,685,"[-1, -1, 2, 2, -1, 2, -1, -2, -2, 1, -2, -1, -1, 2]"
6129,dfs_bnb_mpi,0.000174,-2,3,40,"[-1, -1, 2, 2, 2, 2, 2, 2, 1, 1, -2, -1, -2, 1]"
6130,dfs_bnb_mpi,0.05319,-7,7,14717,"[-1, -2, -2, 1, 2, 1, 2, 2, 2, -1, -2, -1, -1, -2]"
6131,dfs_bnb_mpi,0.089637,-6,7,21342,"[-1, -2, 1, 1, 2, 1, 2, -1, 2, -1, -2, -1, -1, -2]"
6132,dfs_bnb_mpi,0.007628,-3,4,1740,"[-1, -1, 2, 2, -1, -2, -2, -2, 1, 1, 1, 1, 2, 2]"
6133,dfs_bnb_mpi,0.018365,-5,6,5245,"[-1, -1, 2, 1, 2, 2, -1, -2, -1, -2, -1, -2, 1, -2]"
6134,dfs_bnb_mpi,0.008951,-6,7,2305,"[-1, -2, 1, -2, 1, 2, 1, 2, -1, 2, 1, 1, -2, 1]"
6135,dfs_bnb_mpi,0.032993,-6,7,8331,"[-1, -1, 2, -1, 2, 2, 1, -2, 1, 1, 1, -2, -1, -1]"
6136,dfs_bnb_mpi,0.017962,-2,3,4477,"[-1, -1, 2, 2, 2, 2, 2, 1, -2, -2, -2, 1, 2, 2]"
6137,dfs_bnb_mpi,0.026839,-3,4,7778,"[-1, -1, 2, 2, -1, -1, -2, 1, -2, -1, -1, -1, 2, 1]"
6138,dfs_bnb_mpi,0.045052,-6,7,10466,"[-1, -1, 2, 2, 2, 2, 1, 1, -2, -1, -2, 1, -2, -1]"
6139,dfs_bnb_mpi,0.003594,-4,5,1102,"[-1, -2, -1, -2, 1, 1, 2, 1, 2, 2, -1, 2, 2, 2]"
6140,dfs_bnb_mpi,0.007905,-4,5,2183,"[-1, -1, 2, 2, -1, -2, -2, -1, -2, 1, -2, 1, 2, 1]"
6141,dfs_bnb_mpi,0.052753,-7,8,12374,"[-1, -1, 2, -1, 2, 1, 2, 1, -2, 1, 1, -2, -1, -1]"
6142,dfs_bnb_mpi,0.044761,-4,5,13152,"[-1, -1, 2, 2, 2, 2, 2, 1, -2, 1, -2, -2, -1, 2]"
6143,dfs_bnb_mpi,0.078701,-7,8,18816,"[-1, -2, 1, 1, 2, 2, 1, -2, 1, -2, -1, -2, -1, -1]"
6144,dfs_bnb_mpi,0.000751,-3,4,208,"[-1, -1, 2, 2, 1, -2, 1, 2, 2, 2, 2, 2, 2, 2]"
6145,dfs_bnb_mpi,0.013574,-2,3,4267,"[-1, -1, 2, 2, 2, 1, 2, 2, 2, -1, -2, -2, -1, -2]"
6146,dfs_bnb_mpi,0.013644,-4,5,4075,"[-1, -1, 2, -1, -2, -2, 1, 1, -2, -1, -1, -1, 2, 2]"
6147,dfs_bnb_mpi,0.013714,-6,6,3486,"[-1, -1, 2, -1, 2, 1, 2, 1, -2, -2, 1, 2, 2, 2]"
6148,dfs_bnb_mpi,0.000733,-2,3,226,"[-1, -1, 2, 2, 1, 1, -2, 1, 2, 1, -2, -2, -1, -2]"
6149,dfs_bnb_mpi,0.014372,-3,4,3314,"[-1, -1, 2, 2, 2, 1, 1, -2, -1, -2, 1, 1, 2, 2]"
6150,dfs_bnb_mpi,0.053575,-7,8,12357,"[-1, -2, 1, 1, 2, 1, 2, 2, -1, -2, -1, 2, -1, -2]"
6151,dfs_bnb_mpi,0.00689,-7,7,1936,"[-1, -1, 2, 2, 1, -2, 1, 1, -2, -2, -1, -2, -1, 2]"
6152,dfs_bnb_mpi,0.245415,-4,5,58878,"[-1, -1, 2, 2, 2, -1, -2, -1, -2, 1, -2, -1, -1, 2]"
6153,dfs_bnb_mpi,0.070136,-6,7,17435,"[-1, -1, 2, 2, 1, 1, 2, 2, 1, -2, -2, -2, -1, -1]"
6154,dfs_bnb_mpi,0.012855,-7,8,3386,"[-1, -2, 1, 1, -2, -1, -2, 1, -2, -1, -1, 2, 2, -1]"
6155,dfs_bnb_mpi,0.206043,-5,6,46619,"[-1, -1, 2, 2, 1, -2, 1, 2, 1, -2, -2, -2, -1, -1]"
6156,dfs_bnb_mpi,0.171477,-6,7,40232,"[-1, -1, 2, 2, 2, 2, 1, 1, -2, -1, -2, 1, -2, -1]"
6157,dfs_bnb_mpi,0.003722,-6,7,1029,"[-1, -1, 2, 1, 1, 2, -1, 2, -1, -2, -1, 2, 2, 2]"
6158,dfs_bnb_mpi,0.008719,-3,4,2580,"[-1, -1, 2, 2, 2, 1, 2, 1, -2, 1, -2, -1, -1, -2]"
6159,dfs_bnb_mpi,0.032137,-7,8,8957,"[-1, -1, -1, -1, 2, 1, 1, 1, 2, -1, 2, -1, -2, -1]"
6160,dfs_bnb_mpi,0.032454,-4,4,7769,"[-1, -1, 2, 1, 2, 2, 2, 1, -2, -2, -2, 1, 2, 2]"
6161,dfs_bnb_mpi,0.048154,-3,4,13288,"[-1, -1, 2, 2, 2, -1, -1, -2, -2, 1, -2, -2, -1, 2]"
6162,dfs_bnb_mpi,0.009306,-2,3,2935,"[-1, -1, 2, 2, 1, 1, 2, 2, 1, -2, -2, -2, -1, -1]"
6163,dfs_bnb_mpi,0.003607,-6,7,1046,"[-1, -2, -1, 2, 2, 1, 2, 1, -2, 1, -2, -2, -1, -2]"
6164,dfs_bnb_mpi,0.010733,-7,8,2622,"[-1, -1, 2, 1, 1, 1, 2, -1, -1, -1, 2, 1, 1, 2]"
6165,dfs_bnb_mpi,0.005739,-3,4,1857,"[-1, -1, 2, 2, 2, 2, -1, -2, -2, -1, -2, 1, -2, -1]"
6166,dfs_bnb_mpi,0.041723,-4,5,11693,"[-1, -1, 2, 2, 1, -2, 1, 2, 1, -2, 1, -2, -1, -2]"
6167,dfs_bnb_mpi,0.008062,-4,5,2153,"[-1, -1, 2, 2, 2, -1, -2, -1, -2, 1, -2, -1, -1, 2]"
6168,dfs_bnb_mpi,0.10683,-5,6,31235,"[-1, -1, 2, 2, 1, -2, 1, 2, 2, 2, -1, -1, -2, 1]"
6169,dfs_bnb_mpi,0.006302,-6,6,1450,"[-1, -1, 2, 2, 2, 1, 1, -2, -1, -2, 1, 1, 2, 2]"
6170,dfs_bnb_mpi,0.191646,-4,5,42483,"[-1, -1, 2, 2, 2, 2, 1, -2, 1, -2, -1, -2, 1, 1]"
6171,dfs_bnb_mpi,0.13849,-5,6,36716,"[-1, -1, 2, 1, 2, -1, -1, -2, -2, -1, -2, 1, 1, 1]"
6172,dfs_bnb_mpi,0.001275,-3,4,375,"[-1, -1, 2, 2, -1, -2, -1, -2, 1, -2, 1, 1, 1, 1]"
6173,dfs_bnb_mpi,0.108487,-5,6,30985,"[-1, -1, 2, 2, 2, 1, 1, 1, -2, -2, -1, -1, 2, 1]"
6174,dfs_bnb_mpi,0.069966,-4,5,21796,"[-1, -2, 1, -2, -1, -1, 2, -1, -1, 2, 1, 1, 2, 1]"
6175,dfs_bnb_mpi,0.010199,-4,5,2828,"[-1, -1, 2, 2, -1, -2, -2, -1, -2, 1, -2, 1, 2, 1]"
6176,dfs_bnb_mpi,0.109279,-5,6,28540,"[-1, -1, 2, 2, -1, 2, 2, -1, -2, -2, -2, -2, 1, 2]"
6177,dfs_bnb_mpi,0.078324,-7,8,19616,"[-1, -2, -1, -1, 2, 1, 2, 1, 2, -1, 2, -1, -2, -2]"
6178,dfs_bnb_mpi,0.137383,-7,8,33320,"[-1, -2, 1, 1, 2, 2, 1, -2, 1, -2, -1, -2, -1, -1]"
6179,dfs_bnb_mpi,0.021136,-6,7,5385,"[-1, -2, 1, 1, 2, 1, -2, 1, -2, -1, -1, -1, -1, -1]"
6180,dfs_bnb_mpi,0.016017,-6,6,4170,"[-1, -1, 2, 1, 2, -1, -1, 2, 1, 1, 1, -2, -2, 1]"
6181,dfs_bnb_mpi,0.039335,-3,4,11276,"[-1, -1, 2, -1, -2, -1, 2, -1, -2, -2, 1, 1, 1, 1]"
6182,dfs_bnb_mpi,0.003624,-5,5,1067,"[-1, -1, 2, -1, 2, -1, 2, 1, 1, -2, 1, -2, 1, 2]"
6183,dfs_bnb_mpi,0.020942,-5,6,6277,"[-1, -2, -1, 2, 2, 1, 2, 1, -2, 1, -2, -2, -1, -2]"
6184,dfs_bnb_mpi,0.001191,-2,3,357,"[-1, -1, 2, 1, 2, -1, 2, 2, -1, -2, -2, -2, -1, 2]"
6185,dfs_bnb_mpi,0.00087,-2,3,276,"[-1, -1, 2, 2, 2, 1, -2, -2, 1, 1, -2, -2, -1, -1]"
6186,dfs_bnb_mpi,0.176938,-6,7,40224,"[-1, -1, -1, 2, 1, 2, 2, 2, 1, -2, -2, 1, -2, -1]"
6187,dfs_bnb_mpi,0.01789,-4,4,5622,"[-1, -1, -1, 2, 2, 1, -2, 1, 1, 1, -2, -2, -1, -1]"
6188,dfs_bnb_mpi,0.057093,-4,5,13505,"[-1, -1, 2, 2, 2, 2, 1, -2, 1, -2, -1, -2, 1, 1]"
6189,dfs_bnb_mpi,0.003357,-4,5,905,"[-1, -1, 2, 2, -1, -2, -1, -2, 1, -2, 1, 1, 1, 1]"
6190,dfs_bnb_mpi,0.09572,-7,8,23776,"[-1, -1, 2, 2, 2, 1, 1, 1, -2, -2, -1, 2, -1, -2]"
6191,dfs_bnb_mpi,0.002182,-2,3,671,"[-1, -1, 2, 2, 1, -2, 1, 2, 2, 2, 2, 2, 2, 2]"
6192,dfs_bnb_mpi,0.011236,-6,7,2978,"[-1, -1, 2, 2, -1, -1, -2, 1, -2, -2, -1, 2, -1, 2]"
6193,dfs_bnb_mpi,0.064098,-7,8,18241,"[-1, -2, 1, -2, 1, -2, 1, 2, 1, 2, -1, 2, -1, -2]"
6194,dfs_bnb_mpi,0.151447,-6,6,36633,"[-1, -1, 2, 2, 2, 1, 1, 1, -2, -2, -1, 2, -1, -2]"
6195,dfs_bnb_mpi,0.020417,-5,6,5584,"[-1, -1, 2, 2, -1, -2, -2, -1, -2, -2, 1, 1, 2, -1]"
6196,dfs_bnb_mpi,0.009403,-4,5,2733,"[-1, -1, 2, 2, 2, -1, -2, -1, -2, -2, -2, 1, 2, 2]"
6197,dfs_bnb_mpi,0.000136,-2,2,40,"[-1, -1, 2, 2, 1, -2, 1, 2, 2, 2, 2, 2, 2, 2]"
6198,dfs_bnb_mpi,0.017948,-5,5,5143,"[-1, -1, 2, 2, 2, -1, -2, -1, -1, -2, 1, -2, 1, 2]"
6199,dfs_bnb_mpi,0.394464,-3,4,101992,"[-1, -1, 2, 2, 2, 2, 2, 2, 2, 1, -2, 1, -2, -1]"
6200,dfs_bnb_mpi,0.002075,-4,5,501,"[-1, -1, 2, 2, 1, -2, 1, 2, 2, -1, 2, 2, 2, 2]"
6201,dfs_bnb_mpi,0.099649,-6,6,25999,"[-1, -2, -2, 1, 2, 1, 2, 2, 2, 1, -2, 1, -2, -1]"
6202,dfs_bnb_mpi,0.020809,-2,3,6634,"[-1, -1, 2, 1, 2, 2, 2, 2, -1, -2, -2, -2, -1, -2]"
6203,dfs_bnb_mpi,0.044192,-3,3,13603,"[-1, -1, 2, 2, 2, 2, 2, 1, -2, -2, -2, 1, -2, -1]"
6204,dfs_bnb_mpi,0.301507,-4,4,90455,"[-1, -1, 2, 2, 2, 2, 1, -2, 1, 1, -2, -1, -1, -2]"
6205,dfs_bnb_mpi,0.049029,-7,8,11445,"[-1, -1, 2, -1, 2, 1, 2, 1, -2, 1, 1, -2, -1, -1]"
6206,dfs_bnb_mpi,0.125345,-5,6,30833,"[-1, -2, -1, 2, -1, -1, 2, 2, 1, -2, 1, 2, 1, -2]"
6207,dfs_bnb_mpi,0.05961,-5,6,16409,"[-1, -1, 2, 2, 1, 2, 1, 2, 1, -2, -2, -1, -2, -1]"
6208,dfs_bnb_mpi,0.049627,-7,7,14027,"[-1, -2, 1, -2, -2, 1, 2, 1, 1, 2, -1, 2, -1, -2]"
6209,dfs_bnb_mpi,0.022895,-5,5,6653,"[-1, -1, 2, 2, 1, -2, 1, 2, 1, -2, -2, -2, -1, -1]"
6210,dfs_bnb_mpi,0.001554,-5,5,451,"[-1, -1, -1, 2, 1, 1, 1, 2, -1, 2, -1, -2, -1, 2]"
6211,dfs_bnb_mpi,0.015909,-4,5,4740,"[-1, -1, 2, 2, 1, 2, 1, -2, 1, 1, -2, -1, -1, -1]"
6212,dfs_bnb_mpi,0.027975,-6,6,7431,"[-1, -2, 1, 1, 2, 2, -1, 2, 2, -1, -2, -1, -2, 1]"
6213,dfs_bnb_mpi,0.001898,-5,6,523,"[-1, -1, 2, 1, 2, 2, 2, 1, 1, -2, -1, -2, -2, 1]"
6214,dfs_bnb_mpi,0.002418,-4,5,661,"[-1, -1, 2, 2, 1, -2, 1, 2, 2, 2, -1, -2, -1, 2]"
6215,dfs_bnb_mpi,0.007946,-4,4,2137,"[-1, -1, 2, 1, 2, 2, 1, -2, -2, 1, 1, 2, -1, 2]"
6216,dfs_bnb_mpi,0.073731,-8,9,17834,"[-1, -2, -2, -2, 1, 1, 2, -1, 2, 1, 2, 1, -2, -2]"
6217,dfs_bnb_mpi,0.003343,-4,5,1001,"[-1, -1, 2, 1, 1, 1, 2, 1, -2, 1, -2, -1, -1, -2]"
6218,dfs_bnb_mpi,0.083498,-6,7,19314,"[-1, -1, 2, -1, 2, 1, 2, 1, -2, -2, 1, 2, 1, -2]"
6219,dfs_bnb_mpi,0.009527,-5,6,2636,"[-1, -1, 2, -1, 2, -1, -2, -2, 1, -2, 1, 1, 1, 1]"
6220,dfs_bnb_mpi,0.023848,-5,6,6215,"[-1, -1, 2, 2, -1, -1, -1, -2, -2, 1, 2, 1, -2, -2]"
6221,dfs_bnb_mpi,0.244552,-6,7,54558,"[-1, -2, -1, -1, 2, 2, 2, 2, 1, -2, 1, -2, -1, -2]"
6222,dfs_bnb_mpi,0.149866,-4,5,37419,"[-1, -1, 2, 2, 2, -1, -2, -1, -1, -2, 1, 1, -2, -1]"
6223,dfs_bnb_mpi,0.047426,-4,5,12761,"[-1, -1, 2, 1, 1, 1, 2, -1, -1, 2, -1, -2, -1, -2]"
6224,dfs_bnb_mpi,0.003967,-6,7,1110,"[-1, -1, 2, 1, 2, 1, -2, 1, -2, -2, -2, -1, 2, -1]"
6225,dfs_bnb_mpi,0.010998,-7,7,3057,"[-1, -1, 2, 2, 1, -2, 1, 1, 2, -1, 2, 2, -1, -2]"
6226,dfs_bnb_mpi,0.002362,-4,4,698,"[-1, -1, 2, 1, 2, -1, -1, -2, -2, -2, 1, 1, 1, 1]"
6227,dfs_bnb_mpi,0.096974,-5,5,23263,"[-1, -1, 2, 1, 1, 2, 2, 2, 1, -2, -2, 1, -2, -1]"
6228,dfs_bnb_mpi,0.00144,-2,3,454,"[-1, -1, 2, 2, 2, 1, -2, -2, 1, 1, 2, -1, 2, 2]"
6229,dfs_bnb_mpi,0.060677,-3,4,16815,"[-1, -1, 2, 2, 2, 1, 1, 1, -2, -2, -1, 2, -1, -2]"
6230,dfs_bnb_mpi,0.13476,-4,5,39069,"[-1, -1, 2, 2, 2, 2, 1, 2, 1, 1, -2, -1, -2, -1]"
6231,dfs_bnb_mpi,4.5e-05,0,1,15,"[-1, -1, 2, 2, 2, 2, 2, 2, 2, 2, 2, 2, 2, 2]"
6232,dfs_bnb_mpi,0.015864,-3,4,3651,"[-1, -1, 2, 2, -1, -1, -1, -2, 1, 1, -2, -1, -1, -1]"
6233,dfs_bnb_mpi,0.008487,-4,5,2682,"[-1, -1, 2, -1, -2, -1, -2, -1, -2, 1, 1, 2, 1, 1]"
6234,dfs_bnb_mpi,0.096208,-5,5,23105,"[-1, -1, 2, 1, 1, 2, 2, 2, -1, -2, -2, -1, -1, -2]"
6235,dfs_bnb_mpi,0.144233,-4,5,37038,"[-1, -1, 2, 2, 2, 1, 1, 2, 1, -2, -2, -2, -1, 2]"
6236,dfs_bnb_mpi,0.074965,-4,5,17115,"[-1, -1, 2, 2, 2, 2, 1, -2, 1, -2, -1, -2, 1, 1]"
6237,dfs_bnb_mpi,0.130641,-6,7,37309,"[-1, -1, 2, -1, 2, 2, 1, -2, 1, 2, 1, -2, -2, -1]"
6238,dfs_bnb_mpi,0.115597,-3,4,34880,"[-1, -1, 2, 2, 1, -2, 1, 2, 2, 2, 1, -2, -2, 1]"
6239,dfs_bnb_mpi,0.001365,-5,6,388,"[-1, -1, 2, 2, 2, 1, -2, -2, 1, 1, 2, -1, 2, 2]"
6240,dfs_bnb_mpi,0.002246,-4,5,665,"[-1, -1, 2, -1, -1, 2, 1, 2, 1, -2, 1, -2, 1, 2]"
6241,dfs_bnb_mpi,0.129232,-5,6,34902,"[-1, -2, 1, 1, 2, 2, -1, 2, -1, 2, -1, -2, -2, 1]"
6242,dfs_bnb_mpi,0.116423,-5,6,34473,"[-1, -1, 2, 2, 1, 2, 1, -2, 1, 1, -2, -1, -1, -1]"
6243,dfs_bnb_mpi,4.7e-05,0,1,15,"[-1, -1, 2, 2, 2, 2, 2, 2, 2, 2, 2, 2, 2, 2]"
6244,dfs_bnb_mpi,0.00016,-1,2,42,"[-1, -1, 2, 2, 2, 2, 1, -2, -2, -2, 1, 2, 2, 2]"
6245,dfs_bnb_mpi,3.8e-05,0,1,15,"[-1, -1, 2, 2, 2, 2, 2, 2, 2, 2, 2, 2, 2, 2]"
6246,dfs_bnb_mpi,0.09322,-4,5,27114,"[-1, -1, 2, 2, -1, -1, 2, -1, -2, -2, 1, -2, 1, 2]"
6247,dfs_bnb_mpi,0.000225,-2,3,65,"[-1, -2, 1, 1, 2, 2, 2, 2, 2, 2, 2, 2, 2, 2]"
6248,dfs_bnb_mpi,0.028785,-6,7,6565,"[-1, -2, -2, -2, 1, 1, 2, -1, 2, 1, 2, 2, -1, 2]"
6249,dfs_bnb_mpi,0.000357,-4,5,102,"[-1, -1, 2, 1, 2, -1, -1, -2, -1, -2, 1, -2, 1, 1]"
6250,dfs_bnb_mpi,0.002668,-4,5,649,"[-1, -1, 2, -1, -1, 2, 1, 2, 1, -2, 1, -2, 1, 2]"
6251,dfs_bnb_mpi,0.002995,-4,5,926,"[-1, -1, 2, 1, 1, 2, 1, -2, 1, 1, -2, -1, -1, -2]"
6252,dfs_bnb_mpi,0.008835,-3,3,2721,"[-1, -1, 2, 2, 2, 1, -2, -2, 1, 1, -2, -2, -1, -1]"
6253,dfs_bnb_mpi,0.009892,-6,7,2613,"[-1, -1, 2, -1, -2, -1, -2, 1, 1, -2, 1, 1, 2, -1]"
6254,dfs_bnb_mpi,0.175832,-6,7,41746,"[-1, -1, 2, -1, -1, -1, -2, -2, -2, 1, 2, 2, 1, -2]"
6255,dfs_bnb_mpi,0.018158,-3,4,5572,"[-1, -1, 2, 2, 2, 2, -1, -2, -2, -2, -1, -2, 1, -2]"
6256,dfs_bnb_mpi,0.000438,-3,4,137,"[-1, -1, -1, 2, 1, 2, 2, 1, -2, -2, 1, 2, 2, 2]"
6257,dfs_bnb_mpi,0.070409,-6,7,18329,"[-1, -1, 2, -1, -2, -1, -2, 1, 1, -2, -1, -1, -1, 2]"
6258,dfs_bnb_mpi,0.018576,-7,7,4752,"[-1, -1, 2, 1, 1, 2, 2, -1, -2, -1, -1, -1, -2, 1]"
6259,dfs_bnb_mpi,0.006948,-2,3,2195,"[-1, -1, 2, 2, 2, 1, -2, -2, 1, 1, -2, -2, -1, -1]"
6260,dfs_bnb_mpi,0.025234,-5,6,6770,"[-1, -2, 1, 1, -2, -1, -1, -1, -2, 1, 1, 1, 1, 2]"
6261,dfs_bnb_mpi,0.004503,-4,5,1233,"[-1, -1, 2, 2, 1, -2, 1, 2, 1, -2, 1, -2, -1, -2]"
6262,dfs_bnb_mpi,0.025863,-4,5,6816,"[-1, -1, 2, 2, 1, -2, 1, 2, 2, 2, -1, -2, -1, 2]"
6263,dfs_bnb_mpi,0.021313,-6,7,6334,"[-1, -2, 1, 1, 2, 1, -2, 1, -2, -1, -2, -1, 2, -1]"
6264,dfs_bnb_mpi,0.001711,-3,4,502,"[-1, -1, 2, 2, 2, 1, 1, -2, -2, 1, -2, -2, -1, -1]"
6265,dfs_bnb_mpi,0.047904,-4,5,14082,"[-1, -1, 2, 1, 1, 2, -1, -1, 2, -1, -2, -1, -2, 1]"
6266,dfs_bnb_mpi,0.001755,-4,5,499,"[-1, -1, 2, 2, 2, -1, -2, -2, -1, -2, 1, -2, 1, 1]"
6267,dfs_bnb_mpi,0.024438,-3,4,7586,"[-1, -1, 2, 1, 2, 1, -2, 1, -2, -2, -1, -1, -1, -1]"
6268,dfs_bnb_mpi,0.087546,-5,6,22604,"[-1, -1, 2, -1, -2, -2, -1, -2, -2, 1, 2, 1, 2, 1]"
6269,dfs_bnb_mpi,0.065587,-5,6,18218,"[-1, -1, 2, -1, 2, 2, 1, 1, 1, -2, -2, -1, 2, -1]"
6270,dfs_bnb_mpi,0.00054,-3,4,146,"[-1, -1, 2, 1, 1, 1, -2, 1, -2, -1, -1, -1, -1, -1]"
6271,dfs_bnb_mpi,0.057249,-5,6,13110,"[-1, -1, 2, 1, 2, 2, 1, 1, -2, -1, -2, 1, -2, 1]"
6272,dfs_bnb_mpi,0.041918,-5,5,12635,"[-1, -2, 1, 1, -2, 1, 2, 1, 2, 2, -1, -1, -2, 1]"
6273,dfs_bnb_mpi,0.009093,-3,4,2822,"[-1, -1, 2, -1, 2, 2, -1, -2, -2, -1, -2, 1, 1, -2]"
6274,dfs_bnb_mpi,0.129621,-5,6,37821,"[-1, -1, 2, 2, 1, 2, 1, -2, 1, 1, -2, -1, -1, -1]"
6275,dfs_bnb_mpi,0.047688,-6,7,13628,"[-1, -1, 2, 2, 1, -2, 1, 2, 2, 1, 1, -2, -1, -2]"
6276,dfs_bnb_mpi,0.003592,-2,3,891,"[-1, -1, 2, 2, 2, 1, 2, 2, 1, -2, -2, -2, -1, -2]"
6277,dfs_bnb_mpi,0.008091,-5,6,2155,"[-1, -1, 2, 1, 2, 2, 2, 1, -2, -2, -2, 1, 2, 2]"
6278,dfs_bnb_mpi,0.005766,-2,3,1768,"[-1, -1, 2, 2, 2, 2, -1, -2, -2, -2, -2, -2, 1, 1]"
6279,dfs_bnb_mpi,0.009006,-5,6,2234,"[-1, -1, 2, -1, -2, -1, -2, 1, 1, 1, -2, -1, -1, -1]"
6280,dfs_bnb_mpi,0.066341,-6,7,17923,"[-1, -1, 2, 1, 2, 2, 1, -2, -2, 1, -2, -2, -1, -1]"
6281,dfs_bnb_mpi,0.017755,-6,7,5111,"[-1, -2, 1, 1, 2, 1, 1, -2, -1, -2, -1, -2, -1, 2]"
6282,dfs_bnb_mpi,0.181738,-6,7,47302,"[-1, -2, -1, -1, 2, 2, 2, 2, 1, -2, 1, -2, -1, -2]"
6283,dfs_bnb_mpi,0.008693,-6,7,2352,"[-1, -1, -1, 2, 1, 1, 1, 1, 2, -1, -1, -1, 2, 2]"
6284,dfs_bnb_mpi,0.000733,-4,5,232,"[-1, -2, -1, 2, -1, 2, 1, 1, 2, 1, -2, 1, 2, 2]"
6285,dfs_bnb_mpi,0.052709,-5,6,16262,"[-1, -2, -2, 1, 2, 1, 2, 1, 2, -1, -1, 2, -1, -2]"
6286,dfs_bnb_mpi,0.012812,-4,5,3684,"[-1, -1, 2, 1, 2, 2, -1, -2, -1, -2, -1, -2, 1, -2]"
6287,dfs_bnb_mpi,0.044691,-8,9,10560,"[-1, -1, 2, 1, 1, 1, -2, -2, -1, -1, -1, -2, 1, 1]"
6288,dfs_bnb_mpi,0.063394,-6,7,15039,"[-1, -1, 2, 2, 1, 2, 2, 1, 1, -2, -1, -2, -2, -1]"
6289,dfs_bnb_mpi,0.00039,-2,3,87,"[-1, -1, 2, 2, 2, 2, 1, -2, -2, -2, 1, 2, 2, 2]"
6290,dfs_bnb_mpi,0.015164,-6,7,4099,"[-1, -2, 1, 1, 2, 1, 2, -1, 2, -1, -2, -1, 2, 2]"
6291,dfs_bnb_mpi,0.043735,-6,7,11546,"[-1, -2, 1, 1, 2, 1, 1, -2, -1, -2, -1, -1, -1, -1]"
6292,dfs_bnb_mpi,0.120597,-5,5,34274,"[-1, -1, 2, 2, 2, 1, 2, 2, 1, -2, -2, -2, -1, -2]"
6293,dfs_bnb_mpi,0.026341,-7,6,6699,"[-1, -1, 2, 2, 2, 2, 1, -2, -2, 1, 1, -2, -1, -1]"
6294,dfs_bnb_mpi,0.002527,-4,5,729,"[-1, -1, 2, 2, -1, -2, -1, -2, 1, -2, 1, 1, 1, 1]"
6295,dfs_bnb_mpi,0.053072,-6,7,14727,"[-1, -1, 2, 2, 2, 1, -2, -2, 1, 2, 1, 2, -1, 2]"
6296,dfs_bnb_mpi,0.009493,-5,6,2177,"[-1, -1, 2, 2, -1, -1, -2, 1, -2, -1, -1, 2, 2, 2]"
6297,dfs_bnb_mpi,0.034876,-6,7,9526,"[-1, -1, 2, 1, 2, 1, -2, 1, -2, 1, -2, -1, -1, -1]"
6298,dfs_bnb_mpi,0.02243,-7,7,5877,"[-1, -1, 2, -1, 2, 1, 2, 1, 1, -2, -1, -2, 1, 1]"
6299,dfs_bnb_mpi,0.04254,-6,6,10595,"[-1, -1, 2, 2, 1, 2, 2, 1, -2, 1, -2, -1, -2, -1]"
6300,dfs_bnb_mpi,0.118418,-3,4,34339,"[-1, -1, 2, 2, 2, 2, 2, 1, 1, 1, -2, -1, -1, -2]"
6301,dfs_bnb_mpi,0.008668,-4,5,2604,"[-1, -2, -1, -2, 1, 1, 2, 1, -2, -2, -1, -1, -1, -1]"
6302,dfs_bnb_mpi,0.052644,-5,6,14710,"[-1, -1, 2, 2, 2, -1, -2, -2, -2, -1, 2, 2, 2, 2]"
6303,dfs_bnb_mpi,0.008998,-3,4,2699,"[-1, -1, 2, -1, 2, -1, -2, -1, -1, -2, 1, 1, 1, -2]"
6304,dfs_bnb_mpi,0.076809,-4,5,18232,"[-1, -2, 1, 1, 2, 2, -1, -1, 2, -1, -2, -1, -2, 1]"
6305,dfs_bnb_mpi,0.068205,-4,5,18257,"[-1, -1, 2, 2, 2, 2, 1, -2, 1, -2, -1, -2, 1, 1]"
6306,dfs_bnb_mpi,0.033586,-4,5,9454,"[-1, -1, 2, 2, 2, 1, 2, 1, 2, -1, -1, -2, -1, -2]"
6307,dfs_bnb_mpi,0.201602,-4,5,52807,"[-1, -1, 2, 2, 2, 1, 1, 1, -2, 1, -2, -1, -1, 2]"
6308,dfs_bnb_mpi,0.130086,-5,6,36308,"[-1, -1, 2, -1, -2, -1, -2, -1, -2, 1, 1, 1, 2, -1]"
6309,dfs_bnb_mpi,0.13079,-7,8,28927,"[-1, -1, 2, -1, -2, -1, -2, -2, 1, 2, 1, 1, -2, -1]"
6310,dfs_bnb_mpi,0.016907,-2,3,4948,"[-1, -1, 2, 2, 2, 1, 2, 2, 2, -1, -2, -2, -1, -2]"
6311,dfs_bnb_mpi,0.062054,-5,6,13832,"[-1, -1, 2, 2, 1, 1, 1, 1, -2, -2, -1, 2, -1, -1]"
6312,dfs_bnb_mpi,0.095284,-2,3,21470,"[-1, -1, 2, 2, 2, 2, 2, 2, 2, 1, 1, -2, -1, -2]"
6313,dfs_bnb_mpi,0.070714,-4,5,16573,"[-1, -1, 2, 2, 2, 1, 2, 1, -2, -2, -1, -2, 1, 1]"
6314,dfs_bnb_mpi,0.021265,-5,6,5055,"[-1, -1, 2, 2, -1, -2, -1, -2, 1, -2, 1, -2, -1, -1]"
6315,dfs_bnb_mpi,0.114146,-3,4,34505,"[-1, -1, 2, 2, 2, 2, 1, 2, 2, 1, -2, -2, -2, -1]"
6316,dfs_bnb_mpi,0.003221,-5,6,914,"[-1, -1, 2, -1, -2, -2, 1, -2, 1, 2, 1, 1, 2, 2]"
6317,dfs_bnb_mpi,0.012638,-5,6,3403,"[-1, -1, 2, -1, 2, -1, 2, -1, -2, -2, 1, -2, 1, -2]"
6318,dfs_bnb_mpi,0.041256,-7,8,10294,"[-1, -2, -1, 2, 2, 2, 1, -2, 1, 1, 2, -1, 2, -1]"
6319,dfs_bnb_mpi,0.012608,-2,3,3334,"[-1, -1, 2, 2, 2, 2, 2, 1, -2, 1, 1, -2, -1, -1]"
6320,dfs_bnb_mpi,0.033736,-6,7,7623,"[-1, -1, 2, 2, 2, 1, -2, -2, 1, 2, 1, -2, -2, 1]"
6321,dfs_bnb_mpi,0.034264,-2,3,10098,"[-1, -1, 2, 2, 2, 1, 2, 2, 2, -1, -2, -2, -1, -2]"
6322,dfs_bnb_mpi,0.112617,-4,5,28955,"[-1, -1, 2, 2, -1, 2, 2, -1, -2, -2, -2, -2, 1, 2]"
6323,dfs_bnb_mpi,0.091677,-4,5,25661,"[-1, -1, 2, 2, 2, 1, -2, 1, 2, 1, -2, -2, -1, -1]"
6324,dfs_bnb_mpi,0.217892,-5,6,48448,"[-1, -1, 2, 2, 1, 2, 2, 1, -2, -2, 1, -2, -1, -1]"
6325,dfs_bnb_mpi,0.01631,-5,6,4850,"[-1, -1, 2, 1, 1, 1, -2, -2, -1, -2, -1, 2, -1, -1]"
6326,dfs_bnb_mpi,0.016796,-4,5,4327,"[-1, -1, 2, 2, -1, -2, -1, -2, 1, -2, -1, -1, 2, 2]"
6327,dfs_bnb_mpi,0.026151,-5,6,6625,"[-1, -2, 1, 1, 2, 1, -2, 1, -2, -1, -1, -1, -1, -1]"
6328,dfs_bnb_mpi,0.13204,-7,8,29277,"[-1, -1, 2, 2, 2, 1, 1, 1, -2, -1, -1, -2, 1, 1]"
6329,dfs_bnb_mpi,0.076442,-5,6,20147,"[-1, -1, 2, 2, 1, 1, 2, 1, 1, -2, -1, -2, -1, -1]"
6330,dfs_bnb_mpi,0.02365,-5,6,6351,"[-1, -1, 2, 2, 1, -2, 1, 2, 1, -2, 1, -2, -1, -2]"
6331,dfs_bnb_mpi,0.018688,-6,7,5013,"[-1, -1, 2, 1, 1, 1, 1, -2, -1, -2, -1, -2, -1, 2]"
6332,dfs_bnb_mpi,0.000521,-2,3,148,"[-1, -1, 2, 2, 2, 2, 2, 1, 2, 1, -2, -2, -1, -2]"
6333,dfs_bnb_mpi,0.006244,-5,6,1639,"[-1, -1, -1, 2, 1, 2, 1, -2, 1, 2, 2, -1, 2, 2]"
6334,dfs_bnb_mpi,0.002004,-6,7,515,"[-1, -1, 2, 2, 1, -2, 1, 2, 1, -2, 1, -2, -1, -2]"
6335,dfs_bnb_mpi,0.004494,-6,7,1024,"[-1, -1, 2, 2, 2, 1, -2, -2, 1, 2, 1, 2, -1, 2]"
6336,dfs_bnb_mpi,0.000163,-2,3,40,"[-1, -1, 2, 2, 2, 2, 2, 2, 1, 1, -2, -1, -2, 1]"
6337,dfs_bnb_mpi,0.000368,-2,3,109,"[-1, -1, 2, 2, -1, -2, -2, -1, 2, -1, -2, -2, 1, 1]"
6338,dfs_bnb_mpi,0.037684,-5,6,10329,"[-1, -2, 1, 1, 2, 2, -1, 2, -1, 2, -1, -2, -2, 1]"
6339,dfs_bnb_mpi,0.028909,-6,7,7884,"[-1, -2, -1, 2, 2, 2, -1, 2, 1, 1, -2, 1, -2, -1]"
6340,dfs_bnb_mpi,0.065196,-5,6,17099,"[-1, -1, 2, 2, 1, 2, 2, 1, -2, 1, -2, -1, -2, -1]"
6341,dfs_bnb_mpi,0.063972,-6,7,17258,"[-1, -1, 2, 1, 1, 1, 2, 2, -1, -1, -1, -2, 1, 1]"
6342,dfs_bnb_mpi,0.010186,-5,6,2363,"[-1, -1, 2, 2, 1, 1, -2, 1, 2, 1, -2, -2, -1, -2]"
6343,dfs_bnb_mpi,0.011662,-3,4,3536,"[-1, -1, 2, 2, 2, -1, -2, -2, -2, -1, -1, -2, 1, 1]"
6344,dfs_bnb_mpi,0.000912,-4,5,260,"[-1, -1, 2, 1, 1, 2, 1, 1, -2, -1, -2, 1, 1, 2]"
6345,dfs_bnb_mpi,0.064385,-4,5,16968,"[-1, -1, -1, 2, 1, 1, 2, 2, 1, 1, -2, -1, -2, 1]"
6346,dfs_bnb_mpi,0.01466,-4,5,4345,"[-1, -1, 2, -1, -1, -2, 1, -2, -2, 1, 2, 1, 1, 1]"
6347,dfs_bnb_mpi,0.010426,-6,7,2893,"[-1, -1, -1, 2, 1, 1, 2, -1, 2, 1, 1, -2, -2, 1]"
6348,dfs_bnb_mpi,0.00164,-2,3,437,"[-1, -1, 2, 2, 2, 2, 2, 1, 2, -1, -1, -2, -1, 2]"
6349,dfs_bnb_mpi,0.010573,-6,6,2898,"[-1, -1, 2, 2, 1, -2, 1, 2, 2, -1, 2, -1, -2, -1]"
6350,dfs_bnb_mpi,0.002126,-6,7,526,"[-1, -1, 2, 2, 2, 1, -2, -2, 1, 1, 2, -1, 2, 2]"
6351,dfs_bnb_mpi,0.009101,-4,5,2619,"[-1, -1, -1, 2, 1, 1, 2, 1, -2, 1, -2, -2, -1, -1]"
6352,dfs_bnb_mpi,0.016683,-5,6,4757,"[-1, -2, -1, -2, 1, -2, 1, 2, 2, 1, 2, 2, -1, 2]"
6353,dfs_bnb_mpi,0.004139,-4,5,1138,"[-1, -1, 2, 2, -1, -2, -2, -1, -2, 1, 1, -2, -1, -1]"
6354,dfs_bnb_mpi,0.001893,-3,4,543,"[-1, -1, 2, 2, 2, 2, 2, 1, -2, 1, -2, -2, -1, 2]"
6355,dfs_bnb_mpi,0.091907,-7,8,23258,"[-1, -1, -1, 2, 1, 2, 2, 1, -2, 1, 1, -2, -1, -1]"
6356,dfs_bnb_mpi,0.003004,-3,4,907,"[-1, -1, 2, 1, 2, 2, 2, 1, -2, -2, -2, 1, 2, 2]"
6357,dfs_bnb_mpi,0.032579,-6,7,9161,"[-1, -1, 2, -1, 2, 2, 1, 1, 1, -2, -2, -1, 2, -1]"
6358,dfs_bnb_mpi,0.004829,-5,6,1428,"[-1, -2, 1, 1, 1, -2, -1, -1, -2, -1, 2, -1, 2, 2]"
6359,dfs_bnb_mpi,0.001119,-4,5,290,"[-1, -1, 2, 2, 1, -2, 1, 2, 2, 1, -2, 1, 2, 2]"
6360,dfs_bnb_mpi,0.06693,-4,5,20424,"[-1, -2, 1, 1, 2, 2, -1, 2, 2, -1, -2, -2, -1, -2]"
6361,dfs_bnb_mpi,0.005088,-5,5,1516,"[-1, -1, 2, 1, 2, 2, 1, -2, -2, 1, 1, 2, -1, 2]"
6362,dfs_bnb_mpi,0.005855,-3,4,1601,"[-1, -1, 2, 2, 2, 1, -2, -2, 1, 1, 2, -1, 2, 2]"
6363,dfs_bnb_mpi,0.021557,-4,5,5153,"[-1, -1, 2, 2, -1, 2, -1, -1, -2, 1, -2, 1, -2, -1]"
6364,dfs_bnb_mpi,0.079807,-6,6,21067,"[-1, -2, -1, 2, 2, 2, 1, 2, 2, 1, -2, -2, -2, -1]"
6365,dfs_bnb_mpi,0.054787,-5,6,15356,"[-1, -1, 2, 2, 1, -2, 1, 2, 2, 1, 2, -1, -1, -2]"
6366,dfs_bnb_mpi,0.008057,-4,5,2340,"[-1, -1, 2, 2, 2, 1, 2, 1, 1, -2, -1, -2, -1, -2]"
6367,dfs_bnb_mpi,0.079333,-6,7,21133,"[-1, -1, 2, -1, 2, 1, 2, 1, 2, 1, -2, -2, -1, -2]"
6368,dfs_bnb_mpi,3.8e-05,0,1,15,"[-1, -1, 2, 2, 2, 2, 2, 2, 2, 2, 2, 2, 2, 2]"
6369,dfs_bnb_mpi,0.010334,-4,5,2630,"[-1, -1, 2, 2, 2, -1, -2, -1, -2, 1, -2, -1, -1, 2]"
6370,dfs_bnb_mpi,0.035953,-7,7,9594,"[-1, -1, 2, 1, 2, 1, -2, 1, -2, -2, -1, -2, -1, 2]"
6371,dfs_bnb_mpi,0.043132,-4,5,12861,"[-1, -2, -1, 2, -1, -1, -1, 2, 1, 1, 2, 1, -2, 1]"
6372,dfs_bnb_mpi,0.000979,-2,3,284,"[-1, -1, 2, 2, 2, 1, 2, -1, 2, -1, -2, -2, -1, 2]"
6373,dfs_bnb_mpi,0.032577,-7,8,9116,"[-1, -1, 2, 1, 1, 1, -2, -2, -1, -2, -1, -1, 2, 1]"
6374,dfs_bnb_mpi,0.02941,-4,5,7584,"[-1, -1, 2, 2, 2, 1, 1, 1, -2, -1, -1, -2, 1, 1]"
6375,dfs_bnb_mpi,0.00662,-6,6,1584,"[-1, -1, 2, 2, 2, 1, -2, -2, 1, 1, 2, -1, 2, 2]"
6376,dfs_bnb_mpi,0.090452,-7,7,22688,"[-1, -1, 2, 2, 2, 2, 1, -2, -2, 1, 1, -2, -1, -1]"
6377,dfs_bnb_mpi,0.002439,-5,6,681,"[-1, -2, -1, -2, -1, -2, 1, 1, 2, 1, 2, 1, 2, 2]"
6378,dfs_bnb_mpi,0.000902,-4,5,259,"[-1, -2, -1, -2, -2, 1, 2, 1, 2, 1, 2, 2, 2, 2]"
6379,dfs_bnb_mpi,0.228048,-6,7,50489,"[-1, -1, 2, 2, 2, 1, -2, -2, 1, 2, 2, 2, -1, -1]"
6380,dfs_bnb_mpi,0.004436,-4,4,1185,"[-1, -1, 2, 1, 2, 2, 1, -2, -2, 1, 2, 2, 2, 2]"
6381,dfs_bnb_mpi,0.028095,-5,6,7516,"[-1, -1, 2, 2, -1, 2, -1, -1, -2, 1, -2, 1, -2, -1]"
6382,dfs_bnb_mpi,0.019801,-5,6,5825,"[-1, -1, 2, 2, -1, 2, -1, -2, -1, -2, 1, -2, 1, 2]"
6383,dfs_bnb_mpi,0.010544,-4,4,2936,"[-1, -1, 2, 2, 2, -1, -2, -1, -1, -2, 1, -2, 1, 2]"
6384,dfs_bnb_mpi,0.05352,-5,6,13237,"[-1, -1, 2, 2, -1, 2, -1, -2, -2, 1, -2, -2, -1, 2]"
6385,dfs_bnb_mpi,0.030678,-4,4,7286,"[-1, -1, 2, 2, 2, 2, 2, 1, -2, -2, 1, -2, -1, -2]"
6386,dfs_bnb_mpi,0.03006,-5,6,7236,"[-1, -1, 2, 2, 2, 1, -2, -2, 1, 2, 1, 2, -1, 2]"
6387,dfs_bnb_mpi,0.023706,-8,9,5929,"[-1, -1, 2, 1, 2, 1, -2, 1, 2, 2, -1, -1, -1, -2]"
6388,dfs_bnb_mpi,0.187082,-6,6,41984,"[-1, -1, 2, 2, 2, 2, 2, 1, -2, -2, -2, 1, -2, -1]"
6389,dfs_bnb_mpi,0.008704,-2,3,2219,"[-1, -1, 2, 2, 2, 2, 2, 2, 2, 1, 2, -1, -1, -2]"
6390,dfs_bnb_mpi,0.000168,-2,3,38,"[-1, -1, 2, 2, 2, 2, 2, 2, 2, 1, 1, -2, -1, -2]"
6391,dfs_bnb_mpi,0.084933,-5,6,19720,"[-1, -1, 2, 2, 1, -2, 1, 1, -2, -2, -1, -1, -2, 1]"
6392,dfs_bnb_mpi,0.017674,-4,5,4820,"[-1, -1, 2, 2, 2, 1, -2, -2, 1, 2, 2, 1, -2, -2]"
6393,dfs_bnb_mpi,0.006005,-4,5,1626,"[-1, -1, 2, 1, 2, -1, 2, -1, -1, -2, 1, -2, -1, -1]"
6394,dfs_bnb_mpi,0.056022,-7,8,12868,"[-1, -2, 1, -2, -2, 1, 2, 1, 2, -1, 2, 2, 1, -2]"
6395,dfs_bnb_mpi,0.024137,-4,5,7631,"[-1, -1, 2, 1, 2, 2, 2, 2, 1, -2, -2, -2, -2, 1]"
6396,dfs_bnb_mpi,0.018978,-4,5,4888,"[-1, -1, 2, 2, 1, 2, -1, -1, 2, -1, -2, -2, 1, -2]"
6397,dfs_bnb_mpi,0.002611,-4,5,773,"[-1, -1, 2, 2, -1, -2, -1, -2, 1, -2, -2, 1, 2, 1]"
6398,dfs_bnb_mpi,0.01569,-7,8,4083,"[-1, -1, 2, 1, 1, 1, 1, -2, -1, -2, -1, -2, -1, 2]"
6399,dfs_bnb_mpi,0.060382,-5,6,17005,"[-1, -1, 2, 1, 1, 1, -2, 1, -2, -1, -1, -1, -2, 1]"
6400,dfs_bnb_mpi,0.017665,-5,6,4399,"[-1, -1, -1, 2, 1, 2, 2, 1, -2, -2, 1, 2, 2, 2]"
6401,dfs_bnb_mpi,0.040444,-7,8,10669,"[-1, -1, 2, 1, 2, 2, 2, 1, -2, 1, -2, -2, -1, 2]"
6402,dfs_bnb_mpi,0.035263,-2,3,9372,"[-1, -1, 2, 2, 2, 2, 2, 2, 2, 1, 2, -1, -1, -2]"
6403,dfs_bnb_mpi,0.12707,-5,6,34906,"[-1, -1, 2, 2, 2, 1, 2, -1, -1, -2, -1, -2, 1, -2]"
6404,dfs_bnb_mpi,9.3e-05,-2,3,28,"[-1, -1, 2, 2, 2, 2, 2, 1, -2, 1, -2, -1, -2, 1]"
6405,dfs_bnb_mpi,0.018912,-4,5,5105,"[-1, -1, 2, 2, 1, 2, -1, 2, -1, -1, -2, 1, -2, -1]"
6406,dfs_bnb_mpi,0.027284,-6,6,7246,"[-1, -1, 2, 2, -1, -2, -2, -2, -1, 2, 2, -1, 2, 1]"
6407,dfs_bnb_mpi,0.003449,-4,5,930,"[-1, -1, 2, 1, 2, 1, -2, 1, 2, 2, -1, 2, 2, 2]"
6408,dfs_bnb_mpi,0.249039,-5,6,65477,"[-1, -2, 1, 1, 2, 1, -2, -2, -1, -1, -1, -2, 1, 1]"
6409,dfs_bnb_mpi,0.08696,-7,8,23316,"[-1, -2, 1, 1, 2, 2, 1, 1, -2, -2, -2, -1, 2, 2]"
6410,dfs_bnb_mpi,8.2e-05,-2,2,28,"[-1, -1, 2, 2, 2, 1, -2, -2, 1, 2, 2, 2, 2, 2]"
6411,dfs_bnb_mpi,0.001288,-2,3,404,"[-1, -1, 2, 1, 2, 2, 2, -1, -2, -2, -1, -2, -1, 2]"
6412,dfs_bnb_mpi,0.066355,-7,8,16968,"[-1, -1, 2, -1, 2, 2, 1, 1, 1, -2, -2, -1, 2, -1]"
6413,dfs_bnb_mpi,0.104313,-7,8,26292,"[-1, -1, 2, 1, 2, -1, -1, -1, -1, -2, 1, 1, -2, -1]"
6414,dfs_bnb_mpi,0.002043,-5,6,577,"[-1, -2, 1, -2, -1, -1, 2, -1, 2, 1, 2, 1, 2, 2]"
6415,dfs_bnb_mpi,0.00819,-3,4,2529,"[-1, -1, 2, 1, 1, 2, 2, 1, 1, -2, -2, -2, -1, 2]"
6416,dfs_bnb_mpi,0.130014,-6,7,34196,"[-1, -2, -1, -2, -2, 1, 2, 1, 2, 1, 1, 2, -1, 2]"
6417,dfs_bnb_mpi,0.074638,-5,6,19335,"[-1, -1, 2, 2, -1, -2, -2, -2, 1, -2, 1, 2, 1, -2]"
6418,dfs_bnb_mpi,0.161716,-3,4,36899,"[-1, -1, 2, 2, 2, 1, 2, 2, -1, -2, -1, -1, -2, 1]"
6419,dfs_bnb_mpi,0.080888,-4,4,24790,"[-1, -2, 1, 1, 1, -2, -1, -1, -1, -1, 2, 2, 2, 1]"
6420,dfs_bnb_mpi,0.068857,-6,6,17085,"[-1, -1, 2, 2, 2, -1, -2, -1, -2, 1, -2, -2, 1, 1]"
6421,dfs_bnb_mpi,0.243879,-6,7,54239,"[-1, -2, -1, -1, 2, 2, 2, 2, 1, -2, 1, -2, -1, -2]"
6422,dfs_bnb_mpi,0.025198,-3,4,7038,"[-1, -1, 2, 2, 2, 2, 1, -2, 1, 2, 2, 1, -2, 1]"
6423,dfs_bnb_mpi,0.009435,-4,5,2824,"[-1, -1, 2, 2, -1, -1, -1, -2, 1, -2, -2, 1, 2, 2]"
6424,dfs_bnb_mpi,0.074637,-6,6,20152,"[-1, -2, -1, -2, -2, -1, -1, 2, 1, 2, 2, 1, 2, 1]"
6425,dfs_bnb_mpi,0.144376,-5,6,41029,"[-1, -1, -1, 2, 1, 2, 1, 2, 2, 1, -2, -2, -2, -1]"
6426,dfs_bnb_mpi,0.002973,-4,5,901,"[-1, -2, -1, 2, 2, 1, 1, 2, 2, 2, -1, -2, -2, -1]"
6427,dfs_bnb_mpi,0.078537,-3,4,24497,"[-1, -1, -1, 2, 1, 2, 2, 2, 2, 1, -2, -2, -2, -2]"
6428,dfs_bnb_mpi,0.000137,-2,3,42,"[-1, -1, 2, 2, 2, 2, 2, 1, 1, -2, -1, -2, 1, 1]"
6429,dfs_bnb_mpi,0.143756,-5,6,40840,"[-1, -2, -1, -1, 2, 2, 2, 1, 2, 1, -2, -2, -1, -2]"
6430,dfs_bnb_mpi,0.003468,-5,6,967,"[-1, -1, 2, 2, 1, -2, 1, 2, 2, 1, 1, -2, -1, -2]"
6431,dfs_bnb_mpi,0.099409,-4,4,27604,"[-1, -2, -1, -2, 1, -2, -1, -1, 2, 2, 2, 1, 2, 1]"
6432,dfs_bnb_mpi,0.002544,-5,6,645,"[-1, -1, 2, -1, -1, -2, 1, -2, 1, -2, 1, 2, 1, 1]"
6433,dfs_bnb_mpi,0.012035,-4,5,3441,"[-1, -1, 2, -1, 2, -1, -2, -2, 1, -2, -1, -1, 2, 2]"
6434,dfs_bnb_mpi,0.050488,-4,5,14587,"[-1, -1, 2, 2, 1, -2, 1, 1, 1, -2, -1, -2, -1, -1]"
6435,dfs_bnb_mpi,0.029813,-5,6,8149,"[-1, -1, 2, 2, -1, 2, 2, 1, -2, 1, -2, 1, -2, -1]"
6436,dfs_bnb_mpi,0.033621,-4,5,9484,"[-1, -1, 2, 2, 2, 2, 1, 1, -2, -2, -2, -1, 2, 2]"
6437,dfs_bnb_mpi,0.015445,-6,7,3912,"[-1, -1, 2, 2, 2, -1, -2, -2, -2, -1, 2, -1, 2, 1]"
6438,dfs_bnb_mpi,0.064079,-6,6,15351,"[-1, -1, 2, 2, 1, 2, 2, 2, 1, -2, -2, -2, -2, -1]"
6439,dfs_bnb_mpi,0.038457,-2,3,12048,"[-1, -1, 2, 2, 2, 2, 2, 1, -2, -2, -2, 1, -2, -1]"
6440,dfs_bnb_mpi,0.15031,-6,7,40162,"[-1, -1, 2, -1, -2, -1, -2, -1, -2, 1, 1, 2, 1, 1]"
6441,dfs_bnb_mpi,0.209537,-4,4,55694,"[-1, -1, 2, 2, 1, 2, 2, 2, 1, -2, -2, -2, -2, -1]"
6442,dfs_bnb_mpi,0.057423,-3,4,16165,"[-1, -1, 2, 1, 2, 2, 2, 2, 1, -2, -2, -2, -2, 1]"
6443,dfs_bnb_mpi,0.045322,-4,5,12034,"[-1, -1, 2, 1, 2, 2, 1, -2, -2, 1, -2, -2, -1, -1]"
6444,dfs_bnb_mpi,0.112877,-5,6,29304,"[-1, -1, 2, 2, 1, 2, 2, 1, -2, -2, 1, -2, -1, -1]"
6445,dfs_bnb_mpi,0.02388,-4,5,7174,"[-1, -1, 2, 2, 1, -2, 1, 1, -2, -2, -1, -1, -1, -1]"
6446,dfs_bnb_mpi,0.050572,-5,6,13479,"[-1, -1, 2, 1, 1, 2, 1, -2, 1, 1, -2, -1, -1, -2]"
6447,dfs_bnb_mpi,0.009456,-2,3,2917,"[-1, -1, 2, 2, 2, 2, 2, 1, -2, 1, 1, -2, -1, -1]"
6448,dfs_bnb_mpi,0.06066,-4,4,15511,"[-1, -1, 2, 2, 2, 2, 2, 1, -2, -2, -2, 1, -2, -1]"
6449,dfs_bnb_mpi,0.020997,-5,6,5993,"[-1, -1, 2, 1, 1, 2, 2, -1, -2, -1, 2, -1, -2, -2]"
6450,dfs_bnb_mpi,0.00354,-3,4,974,"[-1, -2, -1, 2, 2, -1, 2, 1, 1, -2, 1, 2, 2, 2]"
6451,dfs_bnb_mpi,0.000202,-2,3,58,"[-1, -1, 2, -1, -1, -2, 1, -2, 1, 1, 1, 1, 2, 2]"
6452,dfs_bnb_mpi,0.008222,-4,5,2318,"[-1, -2, -1, -2, -1, -2, 1, 1, 2, 1, 2, 1, 2, 2]"
6453,dfs_bnb_mpi,0.002914,-5,6,739,"[-1, -1, 2, 1, 2, 1, -2, 1, 1, 2, -1, 2, 2, 2]"
6454,dfs_bnb_mpi,0.003904,-4,4,1077,"[-1, -1, 2, -1, 2, 2, -1, -2, -2, -2, 1, -2, 1, 1]"
6455,dfs_bnb_mpi,4.6e-05,0,1,15,"[-1, -1, 2, 2, 2, 2, 2, 2, 2, 2, 2, 2, 2, 2]"
6456,dfs_bnb_mpi,0.013618,-3,4,3962,"[-1, -1, 2, -1, -2, -1, -2, -1, -2, 1, 1, 2, 1, 1]"
6457,dfs_bnb_mpi,0.009065,-4,5,2390,"[-1, -1, 2, 2, 2, -1, -2, -1, -2, 1, -2, -1, -1, 2]"
6458,dfs_bnb_mpi,0.036544,-5,6,10495,"[-1, -1, 2, 2, 1, 2, 1, 2, 1, -2, -2, -1, -2, -1]"
6459,dfs_bnb_mpi,0.007357,-7,8,1972,"[-1, -1, -1, 2, 1, 2, -1, 2, 1, 1, -2, 1, -2, -1]"
6460,dfs_bnb_mpi,0.068016,-6,6,16120,"[-1, -1, 2, 2, -1, 2, 1, 2, 1, -2, -2, 1, -2, -1]"
6461,dfs_bnb_mpi,0.01152,-4,5,2833,"[-1, -1, 2, 2, 1, 1, -2, 1, 2, 1, -2, -2, -1, -2]"
6462,dfs_bnb_mpi,0.000153,-1,2,41,"[-1, -1, 2, 2, 2, 2, 2, 1, -2, -2, -2, 1, 2, 2]"
6463,dfs_bnb_mpi,0.028854,-4,5,7173,"[-1, -1, 2, 2, -1, -2, -2, -2, 1, 1, -2, -1, -1, -1]"
6464,dfs_bnb_mpi,0.002133,-3,4,632,"[-1, -1, 2, 1, 2, 2, 2, 1, -2, -2, -2, 1, 2, 2]"
6465,dfs_bnb_mpi,0.004514,-2,3,1348,"[-1, -1, 2, 2, 1, -2, 1, 2, 2, -1, -1, -1, -2, -2]"
6466,dfs_bnb_mpi,0.007838,-2,3,2231,"[-1, -1, 2, 2, 2, 2, 2, 1, -2, -2, 1, 2, 2, 2]"
6467,dfs_bnb_mpi,0.022838,-4,5,7048,"[-1, -2, 1, 1, 2, 2, -1, 2, 1, 1, -2, -2, -2, 1]"
6468,dfs_bnb_mpi,0.007478,-5,6,2115,"[-1, -1, 2, 2, -1, -1, -2, 1, -2, -1, -2, 1, 1, 1]"
6469,dfs_bnb_mpi,0.021715,-6,7,4949,"[-1, -2, 1, 1, 2, 2, 1, 1, -2, -1, -2, -2, -1, -1]"
6470,dfs_bnb_mpi,0.041854,-6,7,11842,"[-1, -1, 2, 1, 2, -1, 2, -1, -2, -1, -2, -2, 1, 2]"
6471,dfs_bnb_mpi,0.016658,-5,6,4884,"[-1, -2, -1, 2, 2, -1, 2, 1, 2, 1, -2, 1, -2, -1]"
6472,dfs_bnb_mpi,0.019875,-5,6,5571,"[-1, -1, 2, -1, 2, 1, 2, 1, -2, 1, 1, -2, -1, -1]"
6473,dfs_bnb_mpi,0.165723,-4,5,46230,"[-1, -1, 2, 2, 2, -1, -1, -2, -2, -1, -2, 1, 1, 2]"
6474,dfs_bnb_mpi,0.003278,-5,6,799,"[-1, -1, 2, 2, 2, 1, 1, 1, -2, -2, -1, 2, -1, -2]"
6475,dfs_bnb_mpi,0.004943,-6,7,1414,"[-1, -2, -1, 2, 2, 2, 1, -2, 1, 1, -2, -2, -1, -2]"
6476,dfs_bnb_mpi,0.059624,-3,4,13446,"[-1, -1, 2, 2, 2, 2, 1, 1, -2, -1, -2, 1, 1, 2]"
6477,dfs_bnb_mpi,0.024355,-6,7,5947,"[-1, -1, 2, -1, -2, -2, 1, -2, 1, 2, 1, 1, -2, -1]"
6478,dfs_bnb_mpi,0.01733,-4,5,4881,"[-1, -1, 2, -1, -2, -1, -1, -2, 1, -2, 1, 2, 1, 1]"
6479,dfs_bnb_mpi,0.017428,-5,6,4857,"[-1, -1, 2, 2, 1, 2, 2, 1, -2, -2, 1, -2, -1, -1]"
6480,dfs_bnb_mpi,0.022974,-3,4,5202,"[-1, -1, 2, 2, 2, 2, 1, 1, -2, -1, -2, 1, 1, 2]"
6481,dfs_bnb_mpi,0.002205,-4,4,604,"[-1, -1, 2, 1, 1, 1, 2, -1, 2, -1, -2, -1, 2, 2]"
6482,dfs_bnb_mpi,0.000939,-2,3,289,"[-1, -1, 2, 2, 2, 1, 1, -2, -1, -2, 1, 1, 2, 2]"
6483,dfs_bnb_mpi,0.079487,-6,7,21289,"[-1, -1, -1, 2, 1, 1, 2, 1, -2, 1, -2, -2, -1, -1]"
6484,dfs_bnb_mpi,0.00084,-4,5,219,"[-1, -1, 2, 2, 1, -2, 1, 1, -2, 1, 2, 2, 2, 2]"
6485,dfs_bnb_mpi,0.015881,-5,6,4435,"[-1, -2, 1, 1, 2, 2, -1, -1, 2, 2, 1, -2, 1, 2]"
6486,dfs_bnb_mpi,0.173903,-4,5,42166,"[-1, -1, 2, 2, 2, 1, 1, 1, -2, -2, -1, 2, -1, -2]"
6487,dfs_bnb_mpi,0.003768,-4,5,1170,"[-1, -1, 2, 1, 2, -1, 2, 2, 1, 1, -2, -2, -2, 1]"
6488,dfs_bnb_mpi,0.001386,-5,6,417,"[-1, -1, 2, 1, 2, -1, -1, -2, -1, -1, -2, 1, 1, -2]"
6489,dfs_bnb_mpi,0.01975,-7,8,5335,"[-1, -2, -1, 2, 2, 1, 2, -1, -1, -2, -2, -1, -2, 1]"
6490,dfs_bnb_mpi,0.015264,-3,4,4764,"[-1, -1, 2, 2, 2, 1, 1, 1, -2, -2, -1, -1, 2, 1]"
6491,dfs_bnb_mpi,0.009444,-6,7,2605,"[-1, -2, 1, 1, 2, 1, -2, -2, -1, -2, -1, 2, -1, -1]"
6492,dfs_bnb_mpi,0.004702,-2,3,1159,"[-1, -1, 2, 1, 1, 1, 2, 1, -2, -2, -1, -2, 1, 1]"
6493,dfs_bnb_mpi,0.079116,-6,7,18729,"[-1, -1, 2, 1, 1, 2, 1, -2, 1, -2, -1, -2, -1, -1]"
6494,dfs_bnb_mpi,0.001523,-4,4,376,"[-1, -1, 2, 2, 1, -2, 1, 1, -2, 1, 2, 2, 2, 2]"
6495,dfs_bnb_mpi,0.082241,-6,6,23754,"[-1, -2, 1, -2, 1, 2, 2, 2, 1, 1, -2, -2, -1, 2]"
6496,dfs_bnb_mpi,0.028749,-6,6,8174,"[-1, -1, 2, 2, 1, 2, 1, 2, 1, -2, -2, -1, -2, -1]"
6497,dfs_bnb_mpi,0.001697,-2,3,508,"[-1, -1, 2, 1, 2, 2, 1, -2, -2, 1, 2, 2, 2, 2]"
6498,dfs_bnb_mpi,0.096426,-6,6,28259,"[-1, -2, -1, 2, 2, 1, 2, -1, -1, -2, -1, -2, 1, -2]"
6499,dfs_bnb_mpi,0.010544,-5,6,2716,"[-1, -1, 2, 1, 1, 2, 2, -1, -2, -1, 2, 2, 1, 2]"
6500,dfs_bnb_mpi,0.076058,-4,4,22668,"[-1, -1, 2, 2, 2, 1, -2, 1, 2, 1, -2, -2, -1, -1]"
6501,dfs_bnb_mpi,0.032345,-3,4,9130,"[-1, -1, 2, 2, 2, 2, 2, 2, 1, -2, -2, 1, -2, -1]"
6502,dfs_bnb_mpi,0.054771,-4,4,13423,"[-1, -1, 2, 1, 1, 2, 2, 2, 1, -2, -2, 1, -2, -1]"
6503,dfs_bnb_mpi,0.030478,-6,7,8171,"[-1, -2, -1, 2, -1, 2, 1, 2, 2, 1, -2, 1, -2, -1]"
6504,dfs_bnb_mpi,0.000138,-2,3,44,"[-1, -1, 2, 2, 2, 2, 1, 1, -2, -1, -2, 1, 1, 2]"
6505,dfs_bnb_mpi,0.04064,-4,5,11515,"[-1, -1, 2, 1, 2, 2, -1, -2, -1, -1, -2, -2, 1, 2]"
6506,dfs_bnb_mpi,0.010911,-5,6,3218,"[-1, -2, 1, 1, -2, 1, 2, 1, 2, -1, -1, 2, -1, 2]"
6507,dfs_bnb_mpi,0.159295,-6,7,38349,"[-1, -1, 2, 1, 2, 2, 1, 2, 1, -2, -2, -1, -2, 1]"
6508,dfs_bnb_mpi,0.016979,-3,4,5181,"[-1, -2, 1, 1, 2, 2, 2, -1, -2, -1, -1, -2, -2, -1]"
6509,dfs_bnb_mpi,0.015115,-5,6,4343,"[-1, -1, 2, -1, 2, 1, 1, 2, 1, 1, -2, -1, -2, -1]"
6510,dfs_bnb_mpi,0.042746,-4,5,12997,"[-1, -1, 2, 2, 1, -2, 1, 1, -2, -2, -1, -1, -2, 1]"
6511,dfs_bnb_mpi,0.023035,-4,5,6842,"[-1, -2, -2, -2, -1, -2, 1, 1, 2, 1, 2, 2, -1, -2]"
6512,dfs_bnb_mpi,0.075666,-4,5,20803,"[-1, -2, 1, 1, 2, 2, -1, -1, 2, -1, -1, -2, 1, -2]"
6513,dfs_bnb_mpi,0.006087,-7,8,1498,"[-1, -1, 2, 1, 2, 1, -2, 1, 2, 1, -2, -2, -1, -2]"
6514,dfs_bnb_mpi,0.004978,-5,6,1252,"[-1, -1, 2, 2, 1, -2, 1, 1, 2, -1, 2, -1, 2, 2]"
6515,dfs_bnb_mpi,0.006466,-4,5,1542,"[-1, -1, 2, 2, -1, 2, -1, -1, -2, 1, -2, 1, -2, -1]"
6516,dfs_bnb_mpi,0.019895,-4,5,5396,"[-1, -2, -1, -2, 1, -2, 1, 1, 2, -1, 2, 1, 2, 2]"
6517,dfs_bnb_mpi,0.021972,-5,6,5877,"[-1, -2, -1, -1, 2, 1, 2, 1, 2, 1, -2, 1, 2, 2]"
6518,dfs_bnb_mpi,0.009876,-4,5,2336,"[-1, -1, 2, 2, 2, 1, -2, -2, 1, 2, 1, -2, 1, 2]"
6519,dfs_bnb_mpi,0.027768,-5,6,6210,"[-1, -1, 2, 1, 2, 2, 1, 1, -2, -1, -2, 1, 1, 2]"
6520,dfs_bnb_mpi,0.048661,-4,5,14904,"[-1, -1, 2, 2, 2, -1, -2, -1, -1, -2, 1, -2, 1, 2]"
6521,dfs_bnb_mpi,0.053287,-4,5,15738,"[-1, -1, 2, 2, 2, 1, -2, -2, 1, 1, 2, 2, -1, -2]"
6522,dfs_bnb_mpi,0.020057,-6,6,5808,"[-1, -2, -1, -2, 1, 1, 2, 1, 1, -2, -1, -2, -1, -1]"
6523,dfs_bnb_mpi,0.037854,-4,5,11789,"[-1, -1, 2, -1, -1, -2, 1, -2, -1, -1, 2, 2, 2, 1]"
6524,dfs_bnb_mpi,0.145069,-6,7,38316,"[-1, -1, 2, 2, -1, -2, -1, -2, 1, -2, -2, 1, 2, 1]"
6525,dfs_bnb_mpi,0.038804,-4,5,10663,"[-1, -1, 2, 1, 1, 1, -2, -2, 1, -2, -1, -1, 2, -1]"
6526,dfs_bnb_mpi,0.033839,-5,5,9195,"[-1, -1, 2, -1, -2, -1, -1, -2, 1, 1, 1, -2, 1, 2]"
6527,dfs_bnb_mpi,0.002356,-4,5,575,"[-1, -1, 2, 2, 2, 1, -2, -2, 1, 2, 2, 2, 2, 2]"
6528,dfs_bnb_mpi,0.0368,-5,6,10474,"[-1, -1, 2, 2, -1, -2, -2, -1, -2, 1, -2, 1, 2, 1]"
6529,dfs_bnb_mpi,0.013717,-4,5,4129,"[-1, -1, 2, 1, 1, 2, 2, 2, 1, -2, -2, -2, 1, 2]"
6530,dfs_bnb_mpi,0.023802,-5,6,6279,"[-1, -2, 1, 1, 1, 2, -1, 2, 2, -1, -2, -1, 2, 2]"
6531,dfs_bnb_mpi,0.194815,-5,6,50401,"[-1, -1, 2, 2, 2, 2, 1, 2, 1, -2, -2, -2, -1, 2]"
6532,dfs_bnb_mpi,0.020177,-6,7,4883,"[-1, -2, 1, -2, 1, 1, 1, 2, -1, -1, 2, 1, 2, 2]"
6533,dfs_bnb_mpi,0.148565,-6,7,39897,"[-1, -1, 2, 2, -1, -1, -2, -1, -2, 1, -2, 1, 2, 2]"
6534,dfs_bnb_mpi,0.029397,-6,7,8966,"[-1, -2, 1, -2, 1, 1, 2, -1, 2, 2, 2, 1, -2, -2]"
6535,dfs_bnb_mpi,0.010236,-5,6,2732,"[-1, -1, 2, -1, 2, 1, 2, 1, -2, -2, 1, 2, 2, 2]"
6536,dfs_bnb_mpi,0.014695,-4,5,4077,"[-1, -2, 1, 1, 2, 1, 2, -1, -1, -1, -1, -2, -1, 2]"
6537,dfs_bnb_mpi,0.092994,-6,7,23688,"[-1, -2, -1, -2, 1, -2, 1, 2, 2, 1, 2, 2, 1, -2]"
6538,dfs_bnb_mpi,0.072496,-4,5,20778,"[-1, -2, -1, 2, 2, 1, 1, 1, 1, -2, -1, -2, -1, -2]"
6539,dfs_bnb_mpi,0.065028,-4,5,15625,"[-1, -1, 2, 1, 2, -1, -1, -2, -1, -2, 1, -2, 1, 1]"
6540,dfs_bnb_mpi,0.12705,-5,6,36722,"[-1, -1, 2, 1, 2, -1, -1, -2, -2, -1, -2, 1, 1, 1]"
6541,dfs_bnb_mpi,0.02529,-4,4,6021,"[-1, -1, 2, 2, 2, 2, 2, 1, -2, -2, 1, -2, -1, -2]"
6542,dfs_bnb_mpi,0.057669,-4,5,13934,"[-1, -1, 2, 1, 2, 2, 2, -1, -1, -2, 1, -2, -1, -2]"
6543,dfs_bnb_mpi,0.122812,-6,7,35071,"[-1, -2, -1, 2, 2, 2, 2, 2, 1, -2, 1, -2, -1, -2]"
6544,dfs_bnb_mpi,0.094849,-4,5,23321,"[-1, -1, 2, 2, 2, 2, 2, 1, 1, -2, -1, -2, -2, 1]"
6545,dfs_bnb_mpi,0.013169,-4,5,3982,"[-1, -1, 2, -1, -2, -2, -1, -1, -2, 1, 1, 1, 2, 1]"
6546,dfs_bnb_mpi,0.011024,-4,5,3239,"[-1, -1, 2, -1, 2, -1, -2, -1, -2, -2, 1, 1, 2, -1]"
6547,dfs_bnb_mpi,0.048129,-4,5,13551,"[-1, -1, 2, 1, 2, -1, 2, 1, 2, -1, -1, -2, -2, -2]"
6548,dfs_bnb_mpi,0.332428,-3,4,88193,"[-1, -1, 2, 2, 2, 2, -1, -2, -2, -1, -2, -2, 1, 2]"
6549,dfs_bnb_mpi,0.105752,-3,4,33038,"[-1, -1, 2, 2, -1, -1, -2, -1, -1, -2, 1, 1, 1, 2]"
6550,dfs_bnb_mpi,0.002291,-4,5,626,"[-1, -1, 2, 1, 1, 2, 1, -2, 1, -2, -1, -2, 1, 1]"
6551,dfs_bnb_mpi,0.000169,-2,3,38,"[-1, -1, 2, 2, 2, 2, 2, 2, 2, 1, 1, -2, -1, -2]"
6552,dfs_bnb_mpi,0.059788,-4,5,16779,"[-1, -1, 2, 1, 1, 2, 2, 2, 1, -2, -2, -2, -2, 1]"
6553,dfs_bnb_mpi,0.001396,-3,4,414,"[-1, -2, 1, -2, 1, 1, 1, 2, -1, -1, 2, 2, 2, 2]"
6554,dfs_bnb_mpi,0.016051,-6,7,4383,"[-1, -1, 2, 1, 2, 1, -2, 1, -2, -2, -2, -1, 2, -1]"
6555,dfs_bnb_mpi,0.003236,-5,6,773,"[-1, -1, 2, 2, -1, -1, -2, 1, -2, -2, -1, 2, -1, 2]"
6556,dfs_bnb_mpi,0.052848,-5,6,14993,"[-1, -1, 2, 2, 1, 2, 1, 2, 1, -2, -2, -1, -2, -1]"
6557,dfs_bnb_mpi,0.138285,-6,7,37473,"[-1, -1, 2, 2, 1, 2, 1, 2, 1, -2, -2, -1, -2, -1]"
6558,dfs_bnb_mpi,0.03507,-4,5,8754,"[-1, -1, 2, 1, 2, 2, -1, -2, -1, 2, -1, -2, -2, 1]"
6559,dfs_bnb_mpi,0.061948,-6,7,17529,"[-1, -1, 2, 2, 1, -2, 1, 1, 1, -2, -1, -2, -1, -1]"
6560,dfs_bnb_mpi,0.051556,-5,6,14441,"[-1, -1, 2, -1, -2, -2, 1, 1, 1, -2, -1, -1, -1, -1]"
6561,dfs_bnb_mpi,0.040538,-4,5,11196,"[-1, -1, 2, 2, -1, -1, -2, -1, -2, 1, -2, 1, 2, 2]"
6562,dfs_bnb_mpi,0.053574,-6,7,15213,"[-1, -1, 2, 1, 2, -1, 2, -1, -2, -1, -2, -2, 1, 2]"
6563,dfs_bnb_mpi,0.000151,-1,2,40,"[-1, -1, 2, 2, 2, 1, 1, -2, -2, 1, 2, 2, 2, 2]"
6564,dfs_bnb_mpi,0.034975,-5,6,10380,"[-1, -1, 2, 1, 1, 1, 2, -1, -1, 2, -1, -2, -1, -2]"
6565,dfs_bnb_mpi,4.2e-05,0,1,15,"[-1, -1, 2, 2, 2, 2, 2, 2, 2, 2, 2, 2, 2, 2]"
6566,dfs_bnb_mpi,0.022193,-2,3,5449,"[-1, -1, 2, 2, 2, 2, 2, 2, 1, -2, 1, -2, -1, -2]"
6567,dfs_bnb_mpi,0.083471,-6,6,23127,"[-1, -2, -1, -2, -2, -1, 2, -1, 2, 1, 2, 1, 2, 1]"
6568,dfs_bnb_mpi,0.046205,-3,4,13423,"[-1, -1, 2, 2, 2, 2, 2, 1, 2, 1, -2, -2, -1, -2]"
6569,dfs_bnb_mpi,0.103574,-7,8,23368,"[-1, -1, 2, 1, 2, 2, 2, 1, -2, 1, -2, -1, -2, 1]"
6570,dfs_bnb_mpi,0.000251,-2,3,76,"[-1, -1, -1, 2, 1, 1, 2, 2, 1, -2, -2, 1, 2, 2]"
6571,dfs_bnb_mpi,0.004965,-4,5,1481,"[-1, -1, 2, 1, 2, -1, 2, -1, -2, -1, -1, -2, 1, 1]"
6572,dfs_bnb_mpi,0.350834,-5,5,77650,"[-1, -2, -1, -1, -1, 2, 2, 2, 1, -2, -2, 1, 2, 1]"
6573,dfs_bnb_mpi,0.00013,-2,2,40,"[-1, -1, 2, 2, 1, -2, 1, 2, 2, 2, 2, 2, 2, 2]"
6574,dfs_bnb_mpi,0.007069,-3,4,1743,"[-1, -1, 2, 2, 2, 1, 2, 1, -2, -2, -1, -2, 1, 1]"
6575,dfs_bnb_mpi,0.029048,-5,6,8334,"[-1, -1, 2, -1, 2, -1, -2, -1, -2, -2, 1, 1, 2, -1]"
6576,dfs_bnb_mpi,0.122949,-7,8,32438,"[-1, -2, -1, -1, -1, 2, 1, 2, 2, 1, 1, -2, -1, -2]"
6577,dfs_bnb_mpi,0.154984,-7,8,34864,"[-1, -2, 1, 1, -2, 1, -2, -1, -2, -1, 2, 2, -1, -2]"
6578,dfs_bnb_mpi,0.002411,-2,3,768,"[-1, -1, 2, 2, 2, -1, -2, -1, -1, -2, 1, 1, -2, -1]"
6579,dfs_bnb_mpi,0.011034,-6,6,3036,"[-1, -1, 2, 2, -1, 2, 2, 1, -2, 1, -2, 1, -2, -1]"
6580,dfs_bnb_mpi,0.202327,-4,5,53685,"[-1, -1, 2, 2, 1, 2, 1, -2, 1, 1, -2, -1, -1, -1]"
6581,dfs_bnb_mpi,0.018821,-5,6,5639,"[-1, -1, 2, -1, 2, 1, 2, 1, 1, -2, -1, -2, 1, 1]"
6582,dfs_bnb_mpi,0.120333,-4,5,31567,"[-1, -1, 2, -1, 2, 2, 2, 1, -2, -2, 1, 1, -2, -1]"
6583,dfs_bnb_mpi,0.043343,-7,8,11229,"[-1, -1, 2, 1, 1, 2, 1, 2, -1, -1, -2, -1, -1, -2]"
6584,dfs_bnb_mpi,0.173719,-7,7,38724,"[-1, -2, 1, 1, 2, 1, -2, -2, -1, -1, -1, -2, 1, 1]"
6585,dfs_bnb_mpi,0.06114,-5,6,15067,"[-1, -1, 2, 2, -1, 2, 1, 2, 1, -2, -2, 1, -2, -1]"
6586,dfs_bnb_mpi,0.015115,-4,5,3799,"[-1, -2, 1, 1, 2, 1, 2, 2, -1, -2, -1, 2, 2, 2]"
6587,dfs_bnb_mpi,0.041179,-2,3,12608,"[-1, -1, 2, 2, 2, 2, 2, 1, -2, -2, -2, -2, 1, 2]"
6588,dfs_bnb_mpi,0.300491,-5,6,66795,"[-1, -1, 2, 2, 2, 1, 1, 1, -2, -1, -1, -2, 1, 1]"
6589,dfs_bnb_mpi,0.022898,-2,3,6252,"[-1, -1, 2, 2, 1, 2, 2, 2, -1, -2, -2, -1, -2, -1]"
6590,dfs_bnb_mpi,0.239502,-5,5,55829,"[-1, -1, 2, 2, 2, 2, 2, 2, 1, -2, -2, -2, -2, -2]"
6591,dfs_bnb_mpi,0.009522,-5,6,2365,"[-1, -1, 2, 2, -1, -2, -1, -2, 1, -2, -1, -1, 2, 2]"
6592,dfs_bnb_mpi,0.020714,-5,6,5827,"[-1, -2, -1, 2, 2, 2, 1, -2, 1, 2, 1, -2, -2, 1]"
6593,dfs_bnb_mpi,0.058018,-5,6,13045,"[-1, -1, 2, -1, -1, -1, -2, -2, 1, 2, 1, -2, 1, 1]"
6594,dfs_bnb_mpi,0.007905,-2,3,2004,"[-1, -1, 2, 2, 2, 2, 1, -2, 1, -2, -1, -2, 1, 1]"
6595,dfs_bnb_mpi,0.03433,-7,8,8436,"[-1, -2, 1, 1, 2, 1, -2, 1, -2, -1, -1, -1, -1, -1]"
6596,dfs_bnb_mpi,0.009549,-6,7,2690,"[-1, -2, -2, 1, 2, 1, 2, 1, -2, 1, -2, -1, -1, -2]"
6597,dfs_bnb_mpi,0.000611,-2,3,152,"[-1, -1, 2, 2, 2, 1, 2, 1, -2, -2, -1, -2, 1, 1]"
6598,dfs_bnb_mpi,0.015283,-4,5,4468,"[-1, -1, 2, 1, 2, 2, -1, -2, -1, 2, -1, -2, -2, 1]"
6599,dfs_bnb_mpi,0.001042,-4,5,287,"[-1, -2, 1, 1, -2, -1, -1, -1, 2, 2, 2, 2, 2, 2]"
6600,dfs_bnb_mpi,0.013154,-5,6,3288,"[-1, -1, 2, -1, -2, -1, -1, 2, 1, 2, 1, 1, 2, 2]"
6601,dfs_bnb_mpi,0.023623,-5,6,5901,"[-1, -1, 2, 2, -1, -2, -1, -2, 1, -2, -2, 1, 2, 1]"
6602,dfs_bnb_mpi,0.110138,-7,7,27479,"[-1, -1, 2, 2, 1, 2, 2, 1, 1, -2, -1, -2, -2, -1]"
6603,dfs_bnb_mpi,0.002465,-4,5,728,"[-1, -2, 1, 1, 2, 2, 2, 2, -1, -2, -2, -1, 2, 2]"
6604,dfs_bnb_mpi,0.00223,-4,5,613,"[-1, -2, -1, 2, 2, 1, 2, 1, -2, 1, 2, 2, 2, 2]"
6605,dfs_bnb_mpi,0.044397,-5,6,13351,"[-1, -1, -1, 2, 1, 2, 1, 1, 2, 1, -2, -2, -1, -1]"
6606,dfs_bnb_mpi,0.007037,-5,6,1769,"[-1, -1, 2, 2, 2, 1, -2, -2, 1, 1, 1, -2, -1, -2]"
6607,dfs_bnb_mpi,0.012984,-4,5,3990,"[-1, -1, -1, 2, 1, 2, 1, -2, 1, 1, -2, -2, -1, -1]"
6608,dfs_bnb_mpi,5.1e-05,0,1,15,"[-1, -1, 2, 2, 2, 2, 2, 2, 2, 2, 2, 2, 2, 2]"
6609,dfs_bnb_mpi,0.001688,-3,4,543,"[-1, -1, -1, 2, 1, 1, 2, 2, 1, -2, -2, 1, 2, 2]"
6610,dfs_bnb_mpi,0.059303,-4,5,15065,"[-1, -1, 2, 2, 2, 2, 1, 2, 1, -2, -2, -2, -1, 2]"
6611,dfs_bnb_mpi,0.213385,-5,6,47771,"[-1, -1, 2, 1, 2, 2, 2, -1, -1, -2, 1, -2, -1, -2]"
6612,dfs_bnb_mpi,0.033932,-4,5,9489,"[-1, -1, 2, 1, 1, 1, -2, -2, 1, -2, -1, -1, 2, -1]"
6613,dfs_bnb_mpi,0.029513,-4,5,8214,"[-1, -2, -1, -1, -2, 1, 1, 1, 2, 1, -2, -2, -1, -1]"
6614,dfs_bnb_mpi,0.011345,-5,6,3419,"[-1, -1, 2, 1, 2, 1, -2, 1, -2, -2, -1, -1, -1, -1]"
6615,dfs_bnb_mpi,0.023403,-5,6,7057,"[-1, -2, 1, -2, 1, 1, 2, -1, 2, 2, 2, 1, -2, -2]"
6616,dfs_bnb_mpi,0.028498,-6,7,7771,"[-1, -2, 1, 1, 2, 2, 2, 1, -2, 1, -2, -2, -1, 2]"
6617,dfs_bnb_mpi,0.110372,-4,5,33253,"[-1, -1, 2, 2, -1, -1, -2, -2, -1, -2, 1, 1, 2, 2]"
6618,dfs_bnb_mpi,0.020786,-4,5,4946,"[-1, -1, 2, 2, 2, 2, 1, 1, -2, -1, -2, 1, 1, 2]"
6619,dfs_bnb_mpi,0.061719,-6,7,17093,"[-1, -1, 2, 1, 1, 2, 2, 1, -2, 1, -2, -2, -1, 2]"
6620,dfs_bnb_mpi,0.072622,-6,7,18532,"[-1, -1, 2, 2, 2, 1, 1, 1, -2, -2, -1, 2, -1, -2]"
6621,dfs_bnb_mpi,0.002176,-4,5,665,"[-1, -1, 2, -1, -1, 2, 1, 2, 1, -2, 1, -2, 1, 2]"
6622,dfs_bnb_mpi,0.068605,-6,7,18888,"[-1, -1, 2, 2, -1, -2, -1, -2, 1, -2, 1, -2, 1, 2]"
6623,dfs_bnb_mpi,0.003296,-4,5,927,"[-1, -2, 1, 1, 2, 1, 2, -1, -1, 2, 2, 2, 2, 2]"
6624,dfs_bnb_mpi,0.036337,-4,4,10581,"[-1, -1, 2, 2, 2, 2, 1, -2, -2, 1, 1, -2, -1, -1]"
6625,dfs_bnb_mpi,0.049611,-7,8,13253,"[-1, -2, 1, 1, 1, -2, -1, -2, -1, -1, -1, 2, 1, 1]"
6626,dfs_bnb_mpi,0.026618,-5,5,6279,"[-1, -1, 2, 2, 1, -2, 1, 2, 2, -1, 2, -1, -2, -1]"
6627,dfs_bnb_mpi,0.018218,-6,7,4715,"[-1, -2, 1, 1, 2, 2, -1, 2, 2, -1, -2, -2, -1, 2]"
6628,dfs_bnb_mpi,0.168775,-6,6,46197,"[-1, -2, -1, -1, 2, -1, 2, 1, 2, 1, 1, -2, -1, -2]"
6629,dfs_bnb_mpi,0.155034,-6,7,36889,"[-1, -1, 2, 2, 2, 1, -2, 1, 2, 1, -2, -2, -1, -1]"
6630,dfs_bnb_mpi,0.092011,-5,6,24018,"[-1, -1, 2, 2, 1, 2, 2, 1, 1, -2, -1, -2, -2, -1]"
6631,dfs_bnb_mpi,0.03296,-3,4,9745,"[-1, -2, -1, -1, 2, 1, 2, 2, 2, 1, -2, -2, 1, 2]"
6632,dfs_bnb_mpi,0.016985,-4,5,5057,"[-1, -2, -2, -1, 2, 2, -1, 2, 1, 1, 2, 1, -2, 1]"
6633,dfs_bnb_mpi,0.009131,-4,4,2432,"[-1, -1, 2, -1, 2, 2, -1, -2, -2, -1, -2, 1, 1, -2]"
6634,dfs_bnb_mpi,0.020231,-6,6,5738,"[-1, -2, 1, 1, 2, 2, 1, -2, -2, -2, -2, -1, 2, -1]"
6635,dfs_bnb_mpi,0.117802,-7,8,31364,"[-1, -2, -1, 2, 2, 1, 2, -1, -1, -2, -1, -2, 1, -2]"
6636,dfs_bnb_mpi,0.046821,-4,5,12061,"[-1, -1, 2, 1, 2, 2, 1, -2, -2, 1, -2, -2, -1, -1]"
6637,dfs_bnb_mpi,0.011125,-4,5,3176,"[-1, -1, 2, 1, 2, -1, 2, 2, -1, -2, -1, -2, 1, -2]"
6638,dfs_bnb_mpi,0.00297,-3,4,729,"[-1, -1, -1, 2, 1, 2, 1, -2, 1, 2, 2, 2, 2, 2]"
6639,dfs_bnb_mpi,0.002474,-5,6,656,"[-1, -2, -1, 2, 2, 1, 2, 1, -2, 1, 2, 2, 2, 2]"
6640,dfs_bnb_mpi,0.009849,-4,5,2646,"[-1, -1, 2, 2, -1, -2, -1, -2, 1, -2, 1, 1, 1, 1]"
6641,dfs_bnb_mpi,0.111557,-6,7,30323,"[-1, -2, -1, -2, -1, 2, 2, 2, 2, 1, 1, -2, -1, -2]"
6642,dfs_bnb_mpi,0.034451,-7,8,8602,"[-1, -1, 2, 2, 1, -2, 1, 2, 2, 1, 2, -1, -1, -2]"
6643,dfs_bnb_mpi,0.012943,-5,6,3428,"[-1, -1, 2, 1, 2, -1, 2, -1, -2, -1, -2, 1, -2, -1]"
6644,dfs_bnb_mpi,0.016965,-7,8,4012,"[-1, -1, 2, -1, 2, 2, 1, -2, 1, 2, 1, -2, -2, -1]"
6645,dfs_bnb_mpi,0.10695,-7,8,29440,"[-1, -2, 1, -2, 1, -2, 1, 2, 2, 1, 2, -1, -1, -2]"
6646,dfs_bnb_mpi,0.002923,-4,5,717,"[-1, -1, 2, 1, 1, 1, -2, -2, -1, -1, -1, -1, 2, 2]"
6647,dfs_bnb_mpi,0.001578,-5,6,401,"[-1, -1, 2, -1, -2, -1, -2, 1, 1, -2, 1, 2, 1, 1]"
6648,dfs_bnb_mpi,0.002099,-4,4,571,"[-1, -1, 2, 2, 2, -1, -2, -2, -1, -2, 1, -2, 1, 1]"
6649,dfs_bnb_mpi,0.021897,-4,5,6095,"[-1, -1, 2, 2, 1, 2, 1, 2, -1, -1, -2, -1, -2, -1]"
6650,dfs_bnb_mpi,0.028547,-5,6,7693,"[-1, -1, 2, 1, 2, -1, 2, -1, -2, -1, -1, -2, 1, 1]"
6651,dfs_bnb_mpi,0.150478,-4,5,38907,"[-1, -1, 2, 2, 2, 2, 1, 2, 1, -2, -2, -2, -1, 2]"
6652,dfs_bnb_mpi,0.05426,-5,6,14529,"[-1, -1, 2, -1, -2, -1, 2, -1, -2, -2, 1, 1, 1, 1]"
6653,dfs_bnb_mpi,0.036285,-8,8,8410,"[-1, -1, 2, 2, 2, 1, 1, -2, -1, -2, 1, 1, 2, 2]"
6654,dfs_bnb_mpi,0.073412,-4,4,19770,"[-1, -1, 2, 1, 1, 2, 1, -2, -2, -2, -1, -1, -1, -1]"
6655,dfs_bnb_mpi,0.02703,-3,4,7922,"[-1, -1, 2, 2, 2, 2, 1, 2, 1, -2, 1, -2, -1, -1]"
6656,dfs_bnb_mpi,0.051911,-5,6,13625,"[-1, -1, 2, 2, 1, -2, 1, 2, 2, 1, -2, -2, -2, 1]"
6657,dfs_bnb_mpi,0.007843,-5,6,1881,"[-1, -1, 2, 2, 2, 1, 2, 1, -2, -2, -1, -2, 1, 1]"
6658,dfs_bnb_mpi,0.039436,-6,6,9080,"[-1, -1, 2, 2, 2, 1, 2, 1, -2, -2, -1, -2, 1, 1]"
6659,dfs_bnb_mpi,0.000496,-4,5,150,"[-1, -1, -1, 2, 1, 1, 2, 1, -2, 1, 2, 2, 2, 2]"
6660,dfs_bnb_mpi,0.050898,-7,8,12160,"[-1, -1, 2, 2, 1, 2, 2, 1, -2, -2, 1, -2, -1, -1]"
6661,dfs_bnb_mpi,0.000546,-2,3,172,"[-1, -1, 2, -1, -2, -2, 1, 1, 1, 1, -2, -1, -1, -1]"
6662,dfs_bnb_mpi,0.011247,-3,4,3117,"[-1, -1, 2, -1, -2, -2, 1, 1, 1, -2, -1, -1, -1, -1]"
6663,dfs_bnb_mpi,0.061714,-6,7,17219,"[-1, -1, 2, 1, 1, 2, 1, -2, 1, -2, -1, -2, -1, -1]"
6664,dfs_bnb_mpi,0.018005,-2,3,4875,"[-1, -1, 2, 2, 2, 2, 2, 2, 2, 1, 2, -1, -1, -2]"
6665,dfs_bnb_mpi,4.6e-05,0,1,15,"[-1, -1, 2, 2, 2, 2, 2, 2, 2, 2, 2, 2, 2, 2]"
6666,dfs_bnb_mpi,0.007567,-4,5,1876,"[-1, -1, -1, 2, 2, 2, 1, -2, -2, 1, 2, 2, 2, 2]"
6667,dfs_bnb_mpi,0.007142,-5,6,2042,"[-1, -1, 2, -1, 2, 1, 2, 1, -2, -2, 1, 2, 2, 2]"
6668,dfs_bnb_mpi,0.000132,-2,3,37,"[-1, -1, 2, -1, -2, -1, -2, 1, 1, 1, 1, 1, 2, 2]"
6669,dfs_bnb_mpi,0.048429,-6,7,13694,"[-1, -1, 2, 2, 1, -2, 1, 2, 1, 2, 2, -1, -2, -1]"
6670,dfs_bnb_mpi,0.003555,-5,6,952,"[-1, -2, -1, -2, 1, -2, 1, 2, 2, 1, 2, 2, 2, 2]"
6671,dfs_bnb_mpi,0.131345,-5,6,38034,"[-1, -1, 2, -1, 2, 1, 1, 2, 2, 1, -2, -2, -2, -1]"
6672,dfs_bnb_mpi,0.033502,-5,6,9059,"[-1, -1, 2, 2, 2, 1, -2, 1, 2, 1, -2, -2, -1, -1]"
6673,dfs_bnb_mpi,0.00559,-3,4,1327,"[-1, -1, 2, 2, 2, 2, 1, 1, -2, 1, -2, -1, -1, 2]"
6674,dfs_bnb_mpi,0.000742,-2,3,205,"[-1, -1, 2, 2, -1, -2, -1, -2, 1, -2, 1, 1, 1, 1]"
6675,dfs_bnb_mpi,0.124945,-7,8,29960,"[-1, -1, 2, 2, 2, 2, 1, 1, -2, -2, -2, -1, 2, 2]"
6676,dfs_bnb_mpi,0.017173,-4,5,5231,"[-1, -2, -1, 2, 2, 2, 2, 1, -2, 1, 1, -2, -1, -1]"
6677,dfs_bnb_mpi,0.017901,-3,3,5404,"[-1, -1, 2, 2, 2, 2, 2, 1, -2, -2, 1, -2, -1, -2]"
6678,dfs_bnb_mpi,0.037183,-3,3,11566,"[-1, -1, 2, 2, 2, 2, 2, 1, 1, -2, -2, -2, -2, -1]"
6679,dfs_bnb_mpi,0.013407,-4,5,4160,"[-1, -1, 2, 1, 2, -1, 2, 2, -1, -2, -2, -1, -2, 1]"
6680,dfs_bnb_mpi,0.028678,-4,5,7801,"[-1, -1, 2, 1, 2, -1, 2, 2, -1, -2, -2, -1, -2, 1]"
6681,dfs_bnb_mpi,0.002032,-6,7,518,"[-1, -2, 1, -2, 1, 1, 2, -1, 2, 2, 1, -2, 1, 2]"
6682,dfs_bnb_mpi,0.000111,-2,3,35,"[-1, -1, 2, 2, 2, 1, -2, -2, 1, 2, 2, 2, 2, 2]"
6683,dfs_bnb_mpi,0.032448,-5,6,7437,"[-1, -2, -1, 2, -1, 2, 2, 2, 1, -2, -2, 1, 2, 2]"
6684,dfs_bnb_mpi,0.045632,-7,8,11900,"[-1, -1, -1, 2, 1, 2, 1, 2, 1, -2, 1, -2, -1, -1]"
6685,dfs_bnb_mpi,0.101888,-6,6,26557,"[-1, -2, -1, -2, 1, 1, 2, 1, 1, -2, -1, -2, -1, -1]"
6686,dfs_bnb_mpi,0.012569,-3,4,3404,"[-1, -1, 2, 2, 2, 1, -2, -2, 1, 1, 2, -1, 2, 2]"
6687,dfs_bnb_mpi,0.041996,-3,4,12102,"[-1, -2, 1, 1, 2, 1, 2, -1, -1, 2, 2, -1, -2, -2]"
6688,dfs_bnb_mpi,0.029817,-7,8,7529,"[-1, -2, -1, -2, 1, 1, 2, 1, 2, 1, -2, -2, -1, -2]"
6689,dfs_bnb_mpi,0.006778,-4,5,2066,"[-1, -2, -1, 2, -1, 2, 1, 2, 2, 1, -2, -2, 1, 2]"
6690,dfs_bnb_mpi,0.000492,-2,3,152,"[-1, -1, 2, 2, 2, 1, 2, 1, -2, -2, -1, -2, 1, 1]"
6691,dfs_bnb_mpi,0.302381,-3,4,90680,"[-1, -1, 2, 2, 2, 2, 2, 1, 2, 1, -2, -2, -1, -2]"
6692,dfs_bnb_mpi,0.034134,-5,6,10039,"[-1, -1, 2, 2, -1, -2, -2, -1, -2, 1, -2, 1, 2, 1]"
6693,dfs_bnb_mpi,0.011608,-2,3,3541,"[-1, -1, 2, 2, 2, 2, 2, 1, -2, 1, 1, -2, -1, -1]"
6694,dfs_bnb_mpi,0.00242,-6,7,646,"[-1, -1, 2, 1, 1, 2, -1, -1, -1, -2, -1, -2, 1, -2]"
6695,dfs_bnb_mpi,0.192377,-5,5,51596,"[-1, -1, 2, 2, -1, 2, 1, 2, 2, 1, -2, -2, -2, -2]"
6696,dfs_bnb_mpi,0.16708,-6,7,37847,"[-1, -1, 2, 1, 1, 2, 1, 2, 1, -2, -2, -1, -2, 1]"
6697,dfs_bnb_mpi,0.005938,-5,6,1754,"[-1, -2, 1, 1, 1, -2, -1, -1, -2, -1, 2, -1, 2, 2]"
6698,dfs_bnb_mpi,0.22518,-6,7,58446,"[-1, -2, 1, 1, 2, 1, -2, 1, 1, -2, -1, -1, -1, -1]"
6699,dfs_bnb_mpi,0.013689,-6,7,3946,"[-1, -2, -1, -2, 1, 1, 2, 1, 2, 1, 2, -1, -1, 2]"
6700,dfs_bnb_mpi,0.048497,-4,5,14042,"[-1, -1, 2, 1, 2, 1, 2, 2, -1, -2, -1, -2, -1, -2]"
6701,dfs_bnb_mpi,0.003529,-4,5,1055,"[-1, -2, -1, 2, 2, 1, 2, -1, -1, -2, -1, -2, 1, -2]"
6702,dfs_bnb_mpi,0.137725,-5,6,38951,"[-1, -1, 2, 1, 2, 2, 2, 1, 1, -2, -2, -2, -1, 2]"
6703,dfs_bnb_mpi,0.00768,-5,5,2060,"[-1, -1, 2, 1, 2, 1, -2, 1, 2, 2, 2, -1, -2, -1]"
6704,dfs_bnb_mpi,0.006985,-4,5,1937,"[-1, -1, 2, 1, 2, 1, -2, 1, 2, 2, 2, -1, -2, -1]"
6705,dfs_bnb_mpi,0.000998,-2,3,318,"[-1, -1, 2, 2, 1, -2, 1, 2, 2, 2, 1, -2, -2, -2]"
6706,dfs_bnb_mpi,0.03988,-4,5,11816,"[-1, -2, 1, 1, 2, 2, -1, -1, 2, -1, -2, -1, -2, 1]"
6707,dfs_bnb_mpi,0.000416,-2,3,135,"[-1, -1, 2, 1, 2, 2, 1, -2, -2, 1, 2, 2, 2, 2]"
6708,dfs_bnb_mpi,0.085474,-4,4,24910,"[-1, -1, 2, 2, 2, 2, 2, 1, -2, -2, -2, 1, -2, -1]"
6709,dfs_bnb_mpi,0.069792,-2,3,19300,"[-1, -1, 2, 2, 2, 1, 2, 2, 2, -1, -2, -2, -1, -2]"
6710,dfs_bnb_mpi,0.032566,-4,5,9864,"[-1, -2, -1, -2, -1, -1, -2, 1, 1, 1, 2, 1, 2, 1]"
6711,dfs_bnb_mpi,0.000622,-3,4,155,"[-1, -1, 2, 2, 2, -1, -2, -1, -2, 1, -2, -1, -1, 2]"
6712,dfs_bnb_mpi,0.011399,-6,7,2931,"[-1, -1, 2, -1, 2, 1, 2, 1, 1, -2, -1, -2, 1, 1]"
6713,dfs_bnb_mpi,0.079507,-8,9,18964,"[-1, -2, -2, -2, 1, 2, 2, 1, 2, 1, -2, -2, -1, -2]"
6714,dfs_bnb_mpi,0.020258,-4,5,5959,"[-1, -1, -1, 2, 1, 2, 1, -2, 1, 1, -2, -2, -1, -1]"
6715,dfs_bnb_mpi,0.011701,-6,7,3357,"[-1, -1, -1, 2, 1, 2, -1, 2, 1, 1, -2, 1, -2, -1]"
6716,dfs_bnb_mpi,0.076141,-6,7,18023,"[-1, -1, 2, 2, 2, 2, 1, 1, -2, -1, -2, -2, 1, 2]"
6717,dfs_bnb_mpi,0.000409,-3,3,125,"[-1, -1, 2, -1, 2, 1, 1, -2, 1, 2, 2, 2, 2, 2]"
6718,dfs_bnb_mpi,0.159974,-6,6,43629,"[-1, -1, 2, 2, 2, 1, 2, 1, -2, 1, -2, -1, -1, -2]"
6719,dfs_bnb_mpi,0.098063,-8,8,21880,"[-1, -1, 2, 1, 2, -1, 2, 1, 1, 1, -2, -1, -2, 1]"
6720,dfs_bnb_mpi,0.014076,-4,5,3953,"[-1, -1, 2, 2, 1, 2, -1, -1, 2, -1, -2, -2, 1, -2]"
6721,dfs_bnb_mpi,0.016795,-7,8,4231,"[-1, -1, 2, 1, 2, 1, -2, 1, -2, -2, -1, -2, -1, 2]"
6722,dfs_bnb_mpi,0.123277,-5,6,35526,"[-1, -1, 2, 2, 1, 2, 1, -2, 1, 1, -2, -1, -1, -1]"
6723,dfs_bnb_mpi,0.037079,-3,4,11137,"[-1, -1, 2, 2, 2, 1, 1, 1, -2, -2, -1, -1, 2, 1]"
6724,dfs_bnb_mpi,0.011086,-5,6,3389,"[-1, -1, 2, 2, 1, -2, 1, 2, 2, 1, -2, -2, -2, 1]"
6725,dfs_bnb_mpi,0.07688,-6,6,18255,"[-1, -1, 2, 1, 2, 1, -2, 1, 1, -2, -1, -2, -1, -1]"
6726,dfs_bnb_mpi,0.019187,-6,7,4318,"[-1, -2, 1, 1, 1, -2, -1, -1, -1, -2, 1, 1, 1, 1]"
6727,dfs_bnb_mpi,0.095834,-5,6,24624,"[-1, -2, -1, 2, -1, 2, 2, 2, 1, 1, -2, -1, -2, 1]"
6728,dfs_bnb_mpi,0.064387,-5,6,14417,"[-1, -1, 2, 2, 2, 1, 2, 1, -2, -2, -1, -2, 1, 1]"
6729,dfs_bnb_mpi,0.03985,-2,3,10861,"[-1, -1, 2, 2, 2, 2, 2, 1, -2, 1, 1, -2, -1, -1]"
6730,dfs_bnb_mpi,0.004374,-3,4,1180,"[-1, -1, 2, 2, 2, 2, 1, -2, 1, -2, -1, -2, 1, 1]"
6731,dfs_bnb_mpi,0.157707,-3,4,46601,"[-1, -1, 2, 2, 1, 2, 2, 1, -2, -2, 1, -2, -1, -1]"
6732,dfs_bnb_mpi,0.00372,-5,6,871,"[-1, -1, 2, 2, 1, -2, 1, 2, 2, -1, 2, 2, 2, 2]"
6733,dfs_bnb_mpi,0.018031,-4,5,5582,"[-1, -1, 2, 1, 1, 2, 1, 2, 1, -2, -2, -1, -2, 1]"
6734,dfs_bnb_mpi,0.001725,-4,5,539,"[-1, -2, 1, 1, 1, 2, -1, 2, 2, -1, -2, -1, 2, 2]"
6735,dfs_bnb_mpi,0.138336,-5,6,36547,"[-1, -1, 2, 2, 2, 1, 2, 1, -2, 1, -2, -1, -1, -2]"
6736,dfs_bnb_mpi,0.012088,-5,6,3480,"[-1, -1, 2, 2, 1, 2, -1, -1, -2, -1, -2, 1, -2, -1]"
6737,dfs_bnb_mpi,0.01149,-5,6,2980,"[-1, -1, 2, 2, 1, 2, 1, -2, 1, 1, -2, -1, -1, -1]"
6738,dfs_bnb_mpi,0.038655,-6,7,9979,"[-1, -1, 2, 2, -1, -2, -2, -1, 2, -1, 2, 1, 2, 1]"
6739,dfs_bnb_mpi,0.003157,-5,6,845,"[-1, -2, 1, 1, 2, 2, 1, -2, 1, 1, -2, -1, -1, -2]"
6740,dfs_bnb_mpi,0.019149,-6,7,4573,"[-1, -1, 2, 2, 2, 1, -2, -2, 1, 2, 1, 2, -1, 2]"
6741,dfs_bnb_mpi,0.040218,-6,7,9052,"[-1, -1, 2, -1, -2, -1, -2, 1, 1, 1, -2, -1, -1, -1]"
6742,dfs_bnb_mpi,0.075047,-6,7,18771,"[-1, -1, 2, 2, 1, -2, 1, 2, 1, -2, -2, -2, -1, -1]"
6743,dfs_bnb_mpi,0.049891,-4,5,12166,"[-1, -1, 2, 2, 2, 1, 2, 1, -2, -2, -1, -2, 1, 1]"
6744,dfs_bnb_mpi,0.002685,-6,7,731,"[-1, -2, 1, 1, -2, -1, -2, -1, 2, -1, -1, 2, 1, 2]"
6745,dfs_bnb_mpi,0.025893,-4,5,6134,"[-1, -1, 2, 2, 1, -2, 1, 1, -2, -2, -1, -1, -1, -1]"
6746,dfs_bnb_mpi,0.071949,-7,7,20011,"[-1, -1, 2, 2, 1, 2, 1, -2, 1, 1, -2, -1, -1, -1]"
6747,dfs_bnb_mpi,0.01092,-4,4,3344,"[-1, -1, 2, -1, -2, -1, 2, -1, -2, -2, 1, -2, 1, 2]"
6748,dfs_bnb_mpi,0.148817,-5,6,40850,"[-1, -1, 2, 2, 1, 1, 2, 1, 1, -2, -1, -2, -1, -1]"
6749,dfs_bnb_mpi,0.023818,-5,6,5883,"[-1, -1, 2, 1, 1, 2, 2, 1, -2, 1, -2, -1, -2, 1]"
6750,dfs_bnb_mpi,0.133492,-5,6,38510,"[-1, -1, 2, 2, 1, 2, 1, -2, 1, 1, -2, -1, -1, -1]"
6751,dfs_bnb_mpi,0.033624,-4,5,8549,"[-1, -1, 2, 2, 2, 1, -2, -2, 1, 2, 2, 2, -1, 2]"
6752,dfs_bnb_mpi,9.6e-05,-2,3,36,"[-1, -1, 2, 1, 2, 1, -2, 1, 2, 2, 2, 2, 2, 2]"
6753,dfs_bnb_mpi,0.058037,-6,7,15162,"[-1, -1, 2, 2, -1, 2, -1, -2, -2, -2, -2, 1, 2, 2]"
6754,dfs_bnb_mpi,0.009982,-4,5,2906,"[-1, -1, 2, 1, 2, 1, -2, 1, 1, 2, -1, 2, -1, 2]"
6755,dfs_bnb_mpi,0.019378,-6,6,5560,"[-1, -2, -1, 2, 2, 1, 2, 2, 2, -1, -2, -1, -2, 1]"
6756,dfs_bnb_mpi,0.063932,-6,7,18111,"[-1, -2, 1, 1, -2, 1, 2, 2, -1, 2, 1, 1, -2, -2]"
6757,dfs_bnb_mpi,0.009962,-5,6,2844,"[-1, -1, 2, -1, 2, 1, 2, 1, -2, 1, 1, -2, -1, -1]"
6758,dfs_bnb_mpi,0.036893,-7,8,9565,"[-1, -2, 1, 1, 2, 2, 1, -2, -2, -2, -1, -1, -1, -1]"
6759,dfs_bnb_mpi,0.013822,-2,3,4368,"[-1, -1, 2, 2, 2, 2, 2, 1, -2, -2, 1, -2, -1, -2]"
6760,dfs_bnb_mpi,0.016528,-7,8,3909,"[-1, -2, 1, -2, 1, 2, 2, 1, -2, -2, 1, 2, 2, 2]"
6761,dfs_bnb_mpi,0.022028,-7,7,5820,"[-1, -1, 2, -1, 2, 1, 2, 1, 1, -2, -1, -2, 1, 1]"
6762,dfs_bnb_mpi,0.182814,-5,6,46661,"[-1, -2, -1, 2, -1, 2, 2, 1, -2, 1, 1, 2, -1, 2]"
6763,dfs_bnb_mpi,0.051677,-5,5,12628,"[-1, -1, 2, 2, 2, 2, 1, 1, -2, -2, -1, -2, 1, 1]"
6764,dfs_bnb_mpi,0.075837,-6,7,18044,"[-1, -1, 2, 1, 2, -1, 2, -1, -2, -1, -2, -2, 1, 2]"
6765,dfs_bnb_mpi,0.036065,-3,4,10866,"[-1, -1, 2, 2, 2, 1, 1, 1, -2, -2, -1, -1, 2, 1]"
6766,dfs_bnb_mpi,0.01643,-3,4,4341,"[-1, -1, 2, 2, 2, 2, 2, 1, -2, 1, -2, -2, -1, 2]"
6767,dfs_bnb_mpi,0.023535,-4,5,7186,"[-1, -1, 2, 1, 2, -1, -1, 2, 2, -1, -2, -2, -2, 1]"
6768,dfs_bnb_mpi,0.007817,-3,4,2035,"[-1, -1, 2, 2, 2, 2, -1, -2, -2, -1, -2, 1, -2, -1]"
6769,dfs_bnb_mpi,0.003062,-5,6,887,"[-1, -1, 2, 1, 2, 2, 1, -2, -2, 1, 1, 2, -1, 2]"
6770,dfs_bnb_mpi,0.003001,-5,6,881,"[-1, -1, 2, 2, -1, 2, 2, 1, -2, 1, -2, 1, -2, -1]"
6771,dfs_bnb_mpi,0.02359,-5,6,6735,"[-1, -1, 2, 2, 2, 1, -2, -2, 1, 1, 2, 2, -1, -2]"
6772,dfs_bnb_mpi,0.061572,-4,4,15587,"[-1, -1, 2, 2, 2, 2, 2, 1, -2, -2, -2, 1, -2, -1]"
6773,dfs_bnb_mpi,0.027925,-4,5,6358,"[-1, -1, 2, 2, 2, 2, 1, -2, -2, -2, 1, 2, 2, 2]"
6774,dfs_bnb_mpi,0.141827,-7,8,38503,"[-1, -2, -1, -2, 1, 1, 2, 1, -2, 1, -2, -1, -1, -1]"
6775,dfs_bnb_mpi,0.112737,-5,6,34686,"[-1, -1, 2, 2, 1, 1, 2, 2, 1, -2, -2, -2, -1, -1]"
6776,dfs_bnb_mpi,0.026844,-4,5,7428,"[-1, -1, 2, 2, 2, 1, -2, 1, 2, 1, -2, -2, -1, -1]"
6777,dfs_bnb_mpi,0.008113,-2,3,2496,"[-1, -1, 2, 1, 2, 2, 1, 1, -2, -2, -2, -2, -1, -1]"
6778,dfs_bnb_mpi,0.018814,-5,6,5044,"[-1, -1, 2, 2, 1, -2, 1, 2, 2, 2, 1, -2, -2, 1]"
6779,dfs_bnb_mpi,0.001047,-5,6,310,"[-1, -2, 1, 1, 2, 1, 2, -1, 2, -1, -2, -1, 2, 2]"
6780,dfs_bnb_mpi,0.011309,-4,5,3250,"[-1, -1, 2, 1, 2, 1, -2, 1, 2, 2, -1, -1, 2, 2]"
6781,dfs_bnb_mpi,0.000999,-2,3,320,"[-1, -1, 2, 1, 2, 2, 1, -2, -2, 1, 2, 2, 2, 2]"
6782,dfs_bnb_mpi,0.148397,-2,3,35990,"[-1, -1, 2, 2, 2, 2, 2, 2, 1, -2, -2, 1, -2, -1]"
6783,dfs_bnb_mpi,0.001836,-2,3,556,"[-1, -1, 2, 2, 1, -2, 1, 1, -2, -2, -1, -1, -1, -1]"
6784,dfs_bnb_mpi,0.053423,-6,7,13158,"[-1, -2, -1, 2, -1, 2, -1, 2, 2, 1, -2, 1, -2, 1]"
6785,dfs_bnb_mpi,0.070203,-6,7,18443,"[-1, -2, 1, 1, 2, 1, -2, -2, -1, -2, -1, 2, -1, -2]"
6786,dfs_bnb_mpi,0.040984,-3,4,12159,"[-1, -1, 2, 2, 2, -1, -2, -2, -1, -2, 1, -2, 1, 1]"
6787,dfs_bnb_mpi,0.008759,-4,5,2699,"[-1, -1, 2, 1, 2, 1, -2, 1, 2, 1, -2, -2, -1, -2]"
6788,dfs_bnb_mpi,0.006666,-4,5,1913,"[-1, -1, 2, 2, 1, -2, 1, 1, 2, -1, 2, -1, 2, 2]"
6789,dfs_bnb_mpi,0.025193,-5,6,6183,"[-1, -1, 2, 1, 1, 2, 1, 2, 1, -2, -2, -1, -2, 1]"
6790,dfs_bnb_mpi,0.059313,-4,5,14951,"[-1, -1, 2, 2, 2, 2, 2, 1, -2, -2, 1, 2, 2, 2]"
6791,dfs_bnb_mpi,0.054771,-4,5,15319,"[-1, -1, 2, 2, 1, -2, 1, 2, 1, 2, 1, -2, -2, -1]"
6792,dfs_bnb_mpi,0.001246,-3,4,390,"[-1, -2, 1, 1, 2, 2, 2, -1, -2, -1, 2, 2, 2, 2]"
6793,dfs_bnb_mpi,0.003545,-4,5,1013,"[-1, -1, 2, 1, 1, 1, -2, 1, -2, -1, -1, -1, -1, -1]"
6794,dfs_bnb_mpi,0.096545,-7,8,24321,"[-1, -1, 2, -1, -2, -1, -2, -2, 1, 1, 1, 2, -1, -1]"
6795,dfs_bnb_mpi,0.003156,-6,7,860,"[-1, -2, 1, 1, 2, 2, -1, -1, -1, -2, -1, -2, 1, -2]"
6796,dfs_bnb_mpi,0.018089,-3,4,5553,"[-1, -1, 2, 2, 2, -1, -2, -1, -2, -1, -2, 1, 1, 2]"
6797,dfs_bnb_mpi,0.042716,-6,7,12211,"[-1, -1, 2, -1, -2, -1, -2, -2, 1, -2, 1, 2, 2, -1]"
6798,dfs_bnb_mpi,0.139927,-7,8,31609,"[-1, -1, 2, -1, -2, -2, 1, 1, -2, -1, -1, -1, 2, 2]"
6799,dfs_bnb_mpi,0.021364,-6,7,5910,"[-1, -1, 2, 1, 2, 2, 2, 1, -2, 1, -2, -1, -2, 1]"
6800,dfs_bnb_mpi,0.002745,-2,3,852,"[-1, -1, -1, 2, 1, 2, 2, 1, -2, -2, 1, 2, 2, 2]"
6801,dfs_bnb_mpi,0.011265,-4,5,2674,"[-1, -1, 2, 2, 2, 1, -2, -2, 1, 2, 2, 1, -2, 1]"
6802,dfs_bnb_mpi,0.007425,-6,7,2049,"[-1, -1, 2, 1, 2, 2, 1, 1, -2, -1, -2, 1, -2, 1]"
6803,dfs_bnb_mpi,0.075305,-6,7,20572,"[-1, -1, 2, -1, -2, -1, -1, -2, 1, -2, 1, 1, 2, -1]"
6804,dfs_bnb_mpi,0.027456,-5,6,6963,"[-1, -2, 1, -2, 1, 2, 2, 2, 2, 1, -2, -2, 1, 2]"
6805,dfs_bnb_mpi,0.095562,-5,5,22456,"[-1, -1, 2, 2, 2, -1, -2, -1, -1, -2, 1, 1, -2, -1]"
6806,dfs_bnb_mpi,0.003469,-5,6,805,"[-1, -1, 2, 1, 1, 1, -2, -2, -1, -1, -1, -1, 2, 2]"
6807,dfs_bnb_mpi,0.124387,-4,5,32011,"[-1, -1, 2, 2, 2, 2, 1, 2, 1, -2, -2, -2, -1, 2]"
6808,dfs_bnb_mpi,0.03329,-7,8,9227,"[-1, -1, 2, 1, 2, -1, 2, -1, -2, -1, -2, -2, 1, 2]"
6809,dfs_bnb_mpi,0.017652,-6,7,4655,"[-1, -1, -1, 2, 1, 2, 2, 1, -2, 1, 1, -2, -1, -1]"
6810,dfs_bnb_mpi,0.019365,-5,6,5734,"[-1, -1, 2, 2, 2, 2, 1, 1, -2, -1, -2, 1, -2, -1]"
6811,dfs_bnb_mpi,0.023941,-2,3,7211,"[-1, -1, 2, 1, 2, 2, 2, 2, -1, -2, -2, -2, -1, -2]"
6812,dfs_bnb_mpi,0.132566,-3,4,35891,"[-1, -1, 2, 2, 2, 2, 2, 2, 1, 1, -2, -1, -2, 1]"
6813,dfs_bnb_mpi,0.113476,-7,8,29498,"[-1, -2, 1, 1, 2, 2, 1, -2, -2, 1, -2, -1, -1, -1]"
6814,dfs_bnb_mpi,0.05388,-3,4,14563,"[-1, -1, 2, 2, 2, 2, 2, 1, 2, 1, -2, -2, -1, -2]"
6815,dfs_bnb_mpi,0.161499,-6,7,42158,"[-1, -1, 2, 1, 1, 1, 2, 2, -1, -1, -1, -2, 1, 1]"
6816,dfs_bnb_mpi,0.015417,-3,4,4833,"[-1, -1, 2, 1, 1, 1, 2, 2, 1, -2, -2, -2, -1, -2]"
6817,dfs_bnb_mpi,0.097264,-4,5,29599,"[-1, -2, 1, 1, 2, 2, -1, 2, 2, -1, -2, -1, -2, 1]"
6818,dfs_bnb_mpi,0.008251,-4,4,2540,"[-1, -1, 2, 2, 2, 1, -2, 1, 2, 1, -2, -2, -1, -1]"
6819,dfs_bnb_mpi,0.059478,-6,7,16849,"[-1, -1, 2, 1, 2, 2, 2, 1, -2, 1, -2, -2, -1, 2]"
6820,dfs_bnb_mpi,0.119888,-7,8,33379,"[-1, -2, 1, 1, 2, 2, 1, 1, -2, 1, -2, -1, -1, 2]"
6821,dfs_bnb_mpi,0.014943,-6,7,3694,"[-1, -2, 1, 1, 1, -2, -2, -1, 2, -1, -1, -2, 1, -2]"
6822,dfs_bnb_mpi,0.006853,-3,4,1871,"[-1, -1, 2, 2, 2, 1, -2, -2, 1, 2, 2, 2, 2, 2]"
6823,dfs_bnb_mpi,0.052389,-5,6,13801,"[-1, -1, 2, 2, 2, 2, 1, -2, 1, -2, -1, -2, 1, 1]"
6824,dfs_bnb_mpi,0.016454,-5,6,3778,"[-1, -1, 2, 2, 2, 1, 2, 1, -2, -2, -1, -2, 1, 1]"
6825,dfs_bnb_mpi,0.000356,-2,3,84,"[-1, -1, 2, 2, 2, 2, 2, 2, 1, -2, 1, -2, -1, -2]"
6826,dfs_bnb_mpi,0.055988,-3,4,15970,"[-1, -1, 2, 2, 2, 1, -2, -2, 1, 1, 2, 2, -1, -2]"
6827,dfs_bnb_mpi,0.118466,-5,6,35273,"[-1, -1, 2, 2, -1, -1, -1, -2, 1, -2, -2, 1, 2, 2]"
6828,dfs_bnb_mpi,0.095411,-4,5,29555,"[-1, -1, 2, 2, 1, 2, 1, -2, 1, 1, -2, -1, -1, -1]"
6829,dfs_bnb_mpi,0.053336,-4,5,15091,"[-1, -1, 2, 2, 1, 2, -1, 2, -1, -2, -1, -2, 1, -2]"
6830,dfs_bnb_mpi,0.05482,-6,7,14627,"[-1, -1, 2, 1, 2, -1, -1, -2, -2, -2, 1, 1, -2, -1]"
6831,dfs_bnb_mpi,0.084151,-5,5,22222,"[-1, -1, 2, 2, 2, -1, -2, -1, -1, -2, 1, 1, -2, -1]"
6832,dfs_bnb_mpi,0.049085,-6,6,11213,"[-1, -2, 1, 1, -2, -1, -2, -1, 2, -1, 2, -1, -2, -1]"
6833,dfs_bnb_mpi,0.00405,-4,5,1219,"[-1, -1, 2, 2, 1, -2, 1, 1, 1, 2, -1, -1, 2, 2]"
6834,dfs_bnb_mpi,0.025278,-5,6,6776,"[-1, -1, 2, 2, 1, 2, 2, -1, -2, -1, -2, -1, -2, 1]"
6835,dfs_bnb_mpi,0.167392,-6,7,38057,"[-1, -1, 2, 2, -1, 2, -1, -1, -2, 1, -2, 1, -2, -1]"
6836,dfs_bnb_mpi,0.056066,-4,4,13835,"[-1, -1, 2, -1, -2, -1, 2, -1, -2, -2, 1, 1, -2, -1]"
6837,dfs_bnb_mpi,0.001868,-3,4,594,"[-1, -1, 2, 1, 1, 2, 2, 1, -2, -2, 1, 2, 2, 2]"
6838,dfs_bnb_mpi,0.07444,-4,5,20612,"[-1, -2, 1, 1, 2, 2, -1, -1, 2, -1, -2, -1, -2, 1]"
6839,dfs_bnb_mpi,0.006801,-3,3,1685,"[-1, -1, 2, 2, 2, 2, 1, -2, -2, -2, 1, 2, 2, 2]"
6840,dfs_bnb_mpi,0.266315,-5,6,65246,"[-1, -1, 2, 2, 1, 2, 2, 1, -2, 1, -2, -1, -2, -1]"
6841,dfs_bnb_mpi,0.01245,-4,5,3570,"[-1, -1, 2, 2, 1, -2, 1, 2, 2, -1, -1, -1, -2, -2]"
6842,dfs_bnb_mpi,3.8e-05,0,1,15,"[-1, -1, 2, 2, 2, 2, 2, 2, 2, 2, 2, 2, 2, 2]"
6843,dfs_bnb_mpi,0.108726,-5,6,25163,"[-1, -1, 2, 1, 2, -1, 2, -1, -2, -1, -2, 1, -2, -1]"
6844,dfs_bnb_mpi,0.000236,-2,3,74,"[-1, -1, 2, 1, 2, 2, 2, 1, -2, -2, -2, 1, 2, 2]"
6845,dfs_bnb_mpi,0.017037,-6,7,4640,"[-1, -2, 1, 1, 2, 1, -2, 1, -2, -1, -1, -1, -1, -1]"
6846,dfs_bnb_mpi,0.042269,-6,7,11756,"[-1, -2, 1, 1, 2, 2, 1, 2, 2, -1, -2, -1, -2, -1]"
6847,dfs_bnb_mpi,0.000912,-2,3,237,"[-1, -1, 2, 2, 1, -2, 1, 2, 2, 2, 2, 2, 2, 2]"
6848,dfs_bnb_mpi,0.003418,-4,5,882,"[-1, -1, 2, -1, -2, -1, -2, -2, 1, 2, 1, 1, 1, 1]"
6849,dfs_bnb_mpi,0.314499,-4,5,69679,"[-1, -2, 1, 1, 2, 2, 2, -1, -2, -1, 2, -1, -2, -2]"
6850,dfs_bnb_mpi,0.003285,-6,7,935,"[-1, -2, -1, 2, -1, -2, -2, 1, -2, 1, 2, 1, 2, 1]"
6851,dfs_bnb_mpi,0.023346,-6,7,6586,"[-1, -1, 2, 2, 1, 2, 1, -2, 1, 1, -2, -1, -1, -1]"
6852,dfs_bnb_mpi,0.241449,-5,6,66839,"[-1, -2, 1, 1, 2, 2, -1, -1, -1, -2, -2, -2, 1, 1]"
6853,dfs_bnb_mpi,0.051678,-2,3,12537,"[-1, -1, 2, 2, 2, 2, 2, 2, 2, 1, -2, 1, -2, -1]"
6854,dfs_bnb_mpi,0.017403,-5,6,4903,"[-1, -1, 2, 2, 1, -2, 1, 2, 2, 2, -1, -2, -1, 2]"
6855,dfs_bnb_mpi,0.011632,-5,6,3370,"[-1, -1, 2, 1, 2, 2, 2, 1, 1, -2, -1, -2, -2, 1]"
6856,dfs_bnb_mpi,0.106726,-5,6,24657,"[-1, -1, 2, 2, 1, 2, 2, 1, 1, -2, -1, -2, -2, -1]"
6857,dfs_bnb_mpi,0.000661,-3,4,180,"[-1, -1, 2, 2, 1, -2, 1, 2, 2, 2, 2, 2, 2, 2]"
6858,dfs_bnb_mpi,0.012721,-4,5,3125,"[-1, -1, 2, 2, 2, 2, 1, -2, -2, -2, 1, 1, 2, -1]"
6859,dfs_bnb_mpi,0.002326,-4,5,641,"[-1, -2, -1, 2, 2, 1, 2, -1, -1, -2, -1, 2, 2, 2]"
6860,dfs_bnb_mpi,0.172632,-7,8,38871,"[-1, -2, 1, -2, -2, 1, 2, 1, 1, 2, -1, 2, -1, -2]"
6861,dfs_bnb_mpi,0.056916,-5,6,14808,"[-1, -1, 2, 2, 2, 2, 1, -2, 1, -2, -1, -2, 1, 1]"
6862,dfs_bnb_mpi,0.003646,-6,6,1005,"[-1, -1, -1, 2, 1, 1, 1, 2, -1, -1, 2, -1, -2, -1]"
6863,dfs_bnb_mpi,0.000599,-3,4,168,"[-1, -1, 2, -1, -2, -2, 1, 1, 1, 1, 2, 2, 2, 2]"
6864,dfs_bnb_mpi,0.062237,-5,6,14039,"[-1, -2, 1, 1, 1, 1, 2, 2, -1, -2, -1, 2, -1, 2]"
6865,dfs_bnb_mpi,0.002808,-3,4,657,"[-1, -1, 2, 2, 1, -2, 1, 2, 2, 2, 2, 2, 2, 2]"
6866,dfs_bnb_mpi,0.045201,-4,5,13498,"[-1, -1, 2, 1, 1, 2, -1, 2, 2, -1, -2, -2, -1, -2]"
6867,dfs_bnb_mpi,0.011946,-2,3,2935,"[-1, -1, 2, 2, 1, 1, 2, 2, 1, -2, -2, -2, -1, -1]"
6868,dfs_bnb_mpi,0.000392,-4,5,112,"[-1, -1, 2, -1, -2, -2, 1, -2, 1, 2, 1, 1, 2, 2]"
6869,dfs_bnb_mpi,0.029182,-4,5,7718,"[-1, -1, 2, 1, 2, -1, -1, -2, -1, -2, 1, -2, 1, 1]"
6870,dfs_bnb_mpi,0.145015,-7,8,38945,"[-1, -2, -1, -2, 1, 1, 2, 1, -2, 1, -2, -1, -1, -1]"
6871,dfs_bnb_mpi,0.058304,-5,6,13202,"[-1, -1, 2, -1, -2, -2, -1, -2, 1, 1, 2, 1, -2, 1]"
6872,dfs_bnb_mpi,0.003042,-3,3,864,"[-1, -1, 2, 2, 2, 1, -2, -2, 1, 2, 2, 2, 2, 2]"
6873,dfs_bnb_mpi,0.031916,-7,8,7900,"[-1, -2, 1, 1, 2, 2, 1, -2, -2, -2, -1, -1, -1, -1]"
6874,dfs_bnb_mpi,0.001621,-3,4,435,"[-1, -1, 2, 2, 1, -2, 1, 2, 1, -2, 1, 2, 2, 2]"
6875,dfs_bnb_mpi,0.001228,-4,4,351,"[-1, -1, 2, 1, 1, 2, 1, -2, 1, -2, -1, -2, 1, 1]"
6876,dfs_bnb_mpi,0.029052,-7,8,7437,"[-1, -1, 2, 1, 1, 2, 1, -2, -2, -2, -1, -1, -2, 1]"
6877,dfs_bnb_mpi,0.190244,-6,7,41659,"[-1, -1, 2, 2, 2, 2, 1, 1, -2, -1, -2, 1, -2, -1]"
6878,dfs_bnb_mpi,0.048676,-6,7,12725,"[-1, -2, -1, -2, 1, 1, 2, 1, 2, 1, 2, -1, -1, 2]"
6879,dfs_bnb_mpi,0.019481,-6,7,5301,"[-1, -1, 2, -1, -2, -1, 2, 2, 1, 1, 2, 1, -2, -2]"
6880,dfs_bnb_mpi,0.128378,-7,8,32818,"[-1, -2, 1, 1, -2, 1, -2, -1, -1, -1, -1, 2, 1, 1]"
6881,dfs_bnb_mpi,0.00254,-3,4,779,"[-1, -1, -1, 2, 2, 1, -2, 1, 1, 1, 2, -1, -1, 2]"
6882,dfs_bnb_mpi,0.000418,-2,3,109,"[-1, -1, 2, -1, -2, -1, -2, 1, 1, 1, 1, 1, 2, 2]"
6883,dfs_bnb_mpi,0.01818,-4,5,5376,"[-1, -1, 2, -1, -1, -2, 1, -2, -2, 1, 2, 1, 1, 1]"
6884,dfs_bnb_mpi,0.012773,-6,7,3158,"[-1, -1, 2, 2, 1, -2, 1, 1, -2, -2, -1, -1, -1, -1]"
6885,dfs_bnb_mpi,0.084556,-4,5,20974,"[-1, -1, 2, 2, -1, -2, -1, -2, 1, -2, -1, -1, 2, 2]"
6886,dfs_bnb_mpi,0.002194,-2,3,571,"[-1, -1, 2, 2, 2, 1, 1, -2, -1, -2, 1, 1, 2, 2]"
6887,dfs_bnb_mpi,0.15332,-7,8,33912,"[-1, -1, 2, -1, -1, -1, -2, -2, 1, 2, 1, -2, 1, 1]"
6888,dfs_bnb_mpi,0.036146,-6,7,9899,"[-1, -2, -1, 2, 2, 1, 2, 1, -2, 1, -2, -2, -1, -2]"
6889,dfs_bnb_mpi,0.047659,-3,4,13066,"[-1, -1, 2, 2, 2, 2, 2, 1, -2, 1, -2, -1, -2, 1]"
6890,dfs_bnb_mpi,0.014974,-6,7,4060,"[-1, -1, 2, 2, 1, -2, 1, 2, 2, 1, -2, -2, -2, 1]"
6891,dfs_bnb_mpi,0.067709,-6,7,17600,"[-1, -2, 1, 1, -2, 1, -2, -1, -1, 2, -1, -2, -2, 1]"
6892,dfs_bnb_mpi,0.005996,-5,6,1730,"[-1, -2, -1, 2, 2, 1, 2, -1, -1, -2, -1, -2, 1, -2]"
6893,dfs_bnb_mpi,0.003006,-3,3,820,"[-1, -1, 2, 2, 2, 2, 2, 1, -2, 1, -2, -1, -2, 1]"
6894,dfs_bnb_mpi,0.170892,-4,5,46369,"[-1, -1, 2, 2, 2, 1, 1, 1, -2, 1, -2, -1, -1, 2]"
6895,dfs_bnb_mpi,0.016703,-4,4,4924,"[-1, -2, -1, 2, -1, -1, 2, 1, 1, 2, 2, 1, -2, -2]"
6896,dfs_bnb_mpi,0.036594,-7,7,8100,"[-1, -1, 2, 2, 2, 2, 1, -2, 1, -2, -1, -2, 1, 1]"
6897,dfs_bnb_mpi,0.001922,-6,7,461,"[-1, -1, 2, -1, 2, 1, 1, -2, 1, 1, 2, -1, 2, 2]"
6898,dfs_bnb_mpi,0.027676,-4,5,8326,"[-1, -2, 1, 1, -2, 1, 2, 1, 2, 2, -1, -1, -2, 1]"
6899,dfs_bnb_mpi,0.033667,-5,6,8019,"[-1, -1, 2, 2, -1, -1, -2, 1, -2, -1, -2, 1, 1, 1]"
6900,dfs_bnb_mpi,0.004325,-5,6,1166,"[-1, -1, 2, 1, 1, 2, 1, -2, 1, -2, -1, -2, -1, -1]"
6901,dfs_bnb_mpi,0.019183,-5,6,5335,"[-1, -1, 2, 1, 2, 1, -2, 1, -2, -2, -1, -1, -1, -1]"
6902,dfs_bnb_mpi,0.020303,-4,5,5109,"[-1, -1, 2, 2, 1, 2, -1, -1, 2, -1, -2, -2, 1, -2]"
6903,dfs_bnb_mpi,0.006185,-4,5,1827,"[-1, -1, 2, -1, 2, -1, -2, -2, 1, -2, -2, 1, 2, 1]"
6904,dfs_bnb_mpi,0.004354,-5,6,1067,"[-1, -1, 2, 2, 1, -2, 1, 2, 2, -1, -1, 2, 2, 2]"
6905,dfs_bnb_mpi,0.032527,-3,4,8763,"[-1, -2, -1, 2, 2, 1, 1, 1, -2, -2, -1, -2, 1, 1]"
6906,dfs_bnb_mpi,0.000538,-3,3,125,"[-1, -1, 2, 2, 1, -2, 1, 2, 2, 2, 2, 2, 2, 2]"
6907,dfs_bnb_mpi,0.05462,-7,7,14863,"[-1, -2, -2, 1, 2, 1, 2, 2, 2, -1, -2, -1, -1, -2]"
6908,dfs_bnb_mpi,0.000312,-2,3,97,"[-1, -1, 2, 2, 1, 1, -2, 1, 1, -2, -1, -2, 1, 1]"
6909,dfs_bnb_mpi,0.004854,-4,5,1344,"[-1, -1, 2, 2, -1, -1, -2, -1, -2, 1, -2, 1, 2, 2]"
6910,dfs_bnb_mpi,0.043951,-4,5,12959,"[-1, -1, 2, -1, -2, -1, -2, 1, -2, -2, 1, 2, 2, 1]"
6911,dfs_bnb_mpi,0.082154,-4,5,24940,"[-1, -1, 2, -1, -2, -1, -2, -1, -2, 1, 1, 1, 2, -1]"
6912,dfs_bnb_mpi,0.000985,-4,5,294,"[-1, -1, 2, -1, -2, -2, 1, -2, -2, 1, 2, 2, 1, 1]"
6913,dfs_bnb_mpi,0.004978,-4,5,1159,"[-1, -1, 2, 2, 2, 1, -2, -2, 1, 2, 2, 2, 2, 2]"
6914,dfs_bnb_mpi,0.104018,-6,7,25185,"[-1, -1, 2, -1, -2, -1, -1, -2, 1, 1, 1, -2, 1, 2]"
6915,dfs_bnb_mpi,0.006046,-4,5,1799,"[-1, -2, -1, 2, 2, 2, 2, 1, 1, -2, -1, -2, 1, 1]"
6916,dfs_bnb_mpi,0.021387,-6,6,5865,"[-1, -1, 2, 2, 2, -1, 2, 1, 1, -2, -2, 1, -2, -1]"
6917,dfs_bnb_mpi,0.007438,-4,5,2019,"[-1, -1, 2, 1, 2, 1, 2, -1, -1, -2, -1, -2, -1, 2]"
6918,dfs_bnb_mpi,0.13738,-5,6,35877,"[-1, -1, 2, 2, 1, 1, 2, 1, -2, 1, -2, -1, -1, -1]"
6919,dfs_bnb_mpi,0.06479,-6,7,19122,"[-1, -1, 2, 1, 1, 1, 2, 1, -2, -2, -1, -2, -1, -1]"
6920,dfs_bnb_mpi,0.115468,-4,5,34129,"[-1, -1, 2, 2, 2, -1, -2, -1, -2, -1, -2, 1, 1, 2]"
6921,dfs_bnb_mpi,0.002371,-6,7,652,"[-1, -2, -1, 2, -1, -2, -2, 1, 1, 1, 2, 1, 2, 2]"
6922,dfs_bnb_mpi,0.008359,-4,5,2517,"[-1, -1, 2, 2, 1, -2, 1, 2, 2, 2, -1, -1, -2, 1]"
6923,dfs_bnb_mpi,0.052527,-7,8,13707,"[-1, -2, 1, 1, 2, 2, 1, -2, -2, -2, -1, -1, -2, 1]"
6924,dfs_bnb_mpi,0.126918,-5,6,36542,"[-1, -1, 2, 2, -1, 2, -1, -2, -2, -1, -2, 1, 1, 2]"
6925,dfs_bnb_mpi,0.000571,-2,3,179,"[-1, -2, 1, 1, 2, 2, -1, 2, 2, 2, 2, 2, 2, 2]"
6926,dfs_bnb_mpi,0.000837,-2,3,237,"[-1, -1, 2, 2, 1, -2, 1, 2, 2, 2, 2, 2, 2, 2]"
6927,dfs_bnb_mpi,0.022134,-6,7,5552,"[-1, -2, 1, 1, 2, 2, 1, 2, 1, -2, -2, -1, -2, 1]"
6928,dfs_bnb_mpi,0.001301,-2,3,308,"[-1, -1, 2, 2, 2, 2, -1, -2, -2, -1, -2, 1, -2, -1]"
6929,dfs_bnb_mpi,0.009873,-3,4,2822,"[-1, -1, 2, 2, 2, -1, -2, -2, -2, -2, 1, -2, -1, -1]"
6930,dfs_bnb_mpi,0.005612,-5,6,1654,"[-1, -1, 2, -1, 2, 2, -1, -2, -1, -2, 1, -2, 1, -2]"
6931,dfs_bnb_mpi,0.027501,-4,5,7960,"[-1, -1, 2, 2, 1, 2, 2, 1, -2, -2, 1, -2, -1, -1]"
6932,dfs_bnb_mpi,0.003196,-5,5,870,"[-1, -1, 2, 2, 1, -2, 1, 2, 2, 2, -1, -2, -1, 2]"
6933,dfs_bnb_mpi,0.013355,-4,5,3097,"[-1, -2, -1, -1, -2, 1, -2, 1, 2, 1, 2, 1, 2, 2]"
6934,dfs_bnb_mpi,0.10889,-5,6,24937,"[-1, -1, 2, 2, 2, -1, -2, -1, -2, 1, -2, -1, -1, 2]"
6935,dfs_bnb_mpi,0.015288,-5,6,4534,"[-1, -2, -1, 2, -1, -1, 2, 1, 1, 2, 1, 1, -2, -1]"
6936,dfs_bnb_mpi,0.024385,-5,6,7278,"[-1, -1, 2, 1, 2, 1, -2, 1, 1, -2, -1, -2, -1, -1]"
6937,dfs_bnb_mpi,0.021184,-6,7,5487,"[-1, -2, -1, 2, -1, 2, 2, 1, -2, 1, 1, 2, -1, 2]"
6938,dfs_bnb_mpi,0.005623,-4,4,1707,"[-1, -1, 2, -1, 2, 2, 2, 1, -2, -2, 1, -2, 1, 2]"
6939,dfs_bnb_mpi,0.19714,-5,6,52118,"[-1, -1, 2, 2, 2, 1, -2, 1, 1, 1, -2, -1, -1, -1]"
6940,dfs_bnb_mpi,0.002505,-4,5,729,"[-1, -2, 1, 1, 1, -2, -1, -1, -2, -1, 2, -1, 2, 2]"
6941,dfs_bnb_mpi,0.045922,-6,7,10301,"[-1, -1, 2, -1, -2, -1, -2, 1, 1, 1, -2, -1, -1, -1]"
6942,dfs_bnb_mpi,0.008705,-5,6,2036,"[-1, -1, 2, 2, 2, 1, 1, -2, -1, -2, 1, 1, 2, 2]"
6943,dfs_bnb_mpi,0.002389,-5,6,699,"[-1, -2, -1, 2, -1, -1, 2, 1, 1, 2, 1, -2, 1, 2]"
6944,dfs_bnb_mpi,0.066165,-4,5,16138,"[-1, -2, 1, 1, 2, 2, -1, -1, 2, -1, -2, -1, -2, 1]"
6945,dfs_bnb_mpi,0.000145,-1,2,40,"[-1, -1, 2, 2, 2, 2, 2, 2, 1, -2, -2, -2, 1, 2]"
6946,dfs_bnb_mpi,0.000134,-2,3,46,"[-1, -1, 2, -1, -2, -2, 1, 1, 1, 1, 2, 2, 2, 2]"
6947,dfs_bnb_mpi,0.009542,-5,6,2681,"[-1, -1, 2, -1, 2, -1, -2, -2, 1, -2, 1, 1, 1, 1]"
6948,dfs_bnb_mpi,0.132423,-7,8,30060,"[-1, -1, 2, -1, 2, 2, 1, 1, 1, -2, -2, -1, 2, -1]"
6949,dfs_bnb_mpi,0.224953,-5,6,51732,"[-1, -1, 2, 2, 2, 1, -2, -2, 1, 1, -2, -2, -1, -1]"
6950,dfs_bnb_mpi,0.066635,-4,5,17149,"[-1, -1, 2, 2, 2, -1, -2, -1, -2, 1, -2, -1, -1, 2]"
6951,dfs_bnb_mpi,0.155693,-4,4,37920,"[-1, -1, 2, 2, 2, -1, -2, -1, -1, -2, 1, 1, -2, -1]"
6952,dfs_bnb_mpi,0.000349,-2,3,86,"[-1, -1, 2, 2, 2, 2, 2, 1, -2, 1, -2, -1, -2, 1]"
6953,dfs_bnb_mpi,0.046328,-6,6,12780,"[-1, -1, 2, 2, 2, 1, -2, 1, 2, 1, -2, -2, -1, -1]"
6954,dfs_bnb_mpi,0.020106,-4,5,5895,"[-1, -1, 2, 1, 1, 2, 2, 1, -2, -2, -2, -2, -1, -1]"
6955,dfs_bnb_mpi,0.211494,-6,7,47036,"[-1, -2, -1, -2, -1, 2, -1, 2, 2, 1, -2, 1, 2, 1]"
6956,dfs_bnb_mpi,5.3e-05,0,1,15,"[-1, -1, 2, 2, 2, 2, 2, 2, 2, 2, 2, 2, 2, 2]"
6957,dfs_bnb_mpi,0.115059,-3,4,34520,"[-1, -1, 2, 2, 2, 1, 1, -2, 1, 1, -2, -1, -1, -1]"
6958,dfs_bnb_mpi,0.00106,-5,6,307,"[-1, -2, 1, 1, 2, 1, 2, -1, 2, -1, -2, -1, 2, 2]"
6959,dfs_bnb_mpi,0.044374,-6,7,11998,"[-1, -2, -1, -2, 1, -2, -1, -2, 1, 1, 2, 2, 2, 1]"
6960,dfs_bnb_mpi,0.000303,-2,3,89,"[-1, -1, 2, 2, 2, 2, 2, 1, -2, -2, -2, -2, 1, 2]"
6961,dfs_bnb_mpi,0.049223,-4,5,15256,"[-1, -2, -1, -2, 1, -2, 1, 1, 2, 1, 2, -1, -1, -2]"
6962,dfs_bnb_mpi,0.020622,-7,7,5227,"[-1, -1, 2, 1, 1, 2, 1, -2, -2, -2, -2, -1, 2, -1]"
6963,dfs_bnb_mpi,0.161719,-6,7,41618,"[-1, -1, 2, -1, -2, -2, 1, 1, 1, 1, -2, -1, -1, -1]"
6964,dfs_bnb_mpi,0.014363,-6,6,4090,"[-1, -1, 2, 1, 1, 2, 1, -2, -2, -2, -2, -1, 2, -1]"
6965,dfs_bnb_mpi,0.014784,-1,2,4589,"[-1, -1, 2, 2, 2, 2, 2, 1, -2, -2, -2, 1, 2, 2]"
6966,dfs_bnb_mpi,0.060283,-8,9,14461,"[-1, -2, -1, 2, 2, 1, 1, 1, -2, -2, -1, -2, -1, -1]"
6967,dfs_bnb_mpi,0.002427,-4,4,685,"[-1, -2, -1, -2, -1, 2, 2, 1, 2, 1, 2, 2, 2, 2]"
6968,dfs_bnb_mpi,0.032288,-5,6,9078,"[-1, -1, 2, -1, 2, 1, 2, 2, 1, -2, 1, -2, -1, -2]"
6969,dfs_bnb_mpi,0.003371,-5,6,933,"[-1, -1, 2, 2, 2, 1, -2, -2, 1, 1, 1, -2, -1, -2]"
6970,dfs_bnb_mpi,0.032407,-4,5,8998,"[-1, -1, 2, 2, 2, 1, 2, 1, -2, 1, -2, -1, -1, -2]"
6971,dfs_bnb_mpi,0.004645,-2,3,1470,"[-1, -1, 2, 2, -1, 2, 2, -1, -2, -2, -2, 1, -2, -1]"
6972,dfs_bnb_mpi,0.003657,-6,6,1002,"[-1, -1, 2, 1, 1, 2, 2, -1, -2, -1, -1, -2, -1, 2]"
6973,dfs_bnb_mpi,0.033385,-4,5,8672,"[-1, -1, 2, 2, -1, 2, -1, -1, -2, 1, -2, -2, 1, 2]"
6974,dfs_bnb_mpi,0.032869,-5,6,8901,"[-1, -1, 2, -1, -2, -1, -2, -1, -2, 1, 1, 2, 1, 1]"
6975,dfs_bnb_mpi,0.017494,-3,4,5409,"[-1, -1, 2, 2, 1, -2, 1, 1, -2, -2, -1, -1, -1, -1]"
6976,dfs_bnb_mpi,0.007206,-4,5,2165,"[-1, -1, 2, 1, 2, 2, 1, -2, -2, 1, 1, -2, -1, -2]"
6977,dfs_bnb_mpi,0.165493,-4,4,40500,"[-1, -1, 2, 2, 2, 2, 1, 2, 2, 1, -2, -2, -2, -1]"
6978,dfs_bnb_mpi,0.004519,-5,6,1289,"[-1, -2, -1, -1, 2, 1, 2, 1, 1, 2, 2, -1, -2, -1]"
6979,dfs_bnb_mpi,0.040327,-4,5,11040,"[-1, -1, 2, 2, 1, -2, 1, 1, -2, -2, -2, -1, 2, -1]"
6980,dfs_bnb_mpi,0.177167,-3,4,39219,"[-1, -1, 2, 2, 2, 2, 2, 1, 1, -2, -1, -2, 1, 1]"
6981,dfs_bnb_mpi,0.169902,-6,6,40512,"[-1, -1, 2, -1, -2, -1, 2, 2, 2, 1, -2, 1, 1, -2]"
6982,dfs_bnb_mpi,0.034094,-4,5,9123,"[-1, -1, 2, 2, 2, 1, 2, -1, 2, -1, -1, -2, 1, -2]"
6983,dfs_bnb_mpi,0.000704,-4,5,206,"[-1, -1, 2, 1, 2, 2, 1, 1, -2, -1, -2, 1, 1, 2]"
6984,dfs_bnb_mpi,0.0126,-7,8,3304,"[-1, -2, 1, 1, 1, 2, -1, 2, -1, -1, -1, -2, -2, -1]"
6985,dfs_bnb_mpi,0.007806,-6,7,2223,"[-1, -1, 2, -1, 2, 2, 1, -2, 1, 2, 1, -2, -2, -1]"
6986,dfs_bnb_mpi,0.025063,-8,8,6664,"[-1, -1, 2, 1, 1, 1, -2, -2, -1, -2, -1, -1, 2, 1]"
6987,dfs_bnb_mpi,0.01445,-6,7,4088,"[-1, -1, 2, 2, 1, -2, 1, 1, 2, 1, 2, -1, -1, -2]"
6988,dfs_bnb_mpi,0.038638,-4,5,11227,"[-1, -1, 2, 1, 2, 1, 2, 2, -1, -2, -1, -2, -1, -2]"
6989,dfs_bnb_mpi,0.020228,-5,6,5864,"[-1, -1, 2, 2, 2, 1, -2, -2, 1, 1, 2, 2, -1, -2]"
6990,dfs_bnb_mpi,0.07892,-6,7,22729,"[-1, -1, -1, 2, 1, 2, -1, 2, 1, 2, 1, -2, -2, -2]"
6991,dfs_bnb_mpi,0.008752,-4,5,2676,"[-1, -1, 2, 2, 1, -2, 1, 1, -2, -2, -1, -2, -1, 2]"
6992,dfs_bnb_mpi,0.109225,-4,5,26323,"[-1, -2, 1, 1, 2, 1, -2, -2, -1, -2, -1, 2, -1, -1]"
6993,dfs_bnb_mpi,0.013208,-5,6,3226,"[-1, -1, 2, 2, -1, -2, -1, -2, 1, -2, -1, -1, 2, 2]"
6994,dfs_bnb_mpi,0.03028,-4,5,7841,"[-1, -1, 2, 2, 2, 1, 2, 1, 1, -2, -1, -2, -1, -2]"
6995,dfs_bnb_mpi,0.003172,-2,3,891,"[-1, -1, 2, 2, 2, 2, -1, -1, -2, -2, -2, -2, 1, 2]"
6996,dfs_bnb_mpi,0.035983,-4,5,10855,"[-1, -1, 2, 1, 2, 1, 2, -1, 2, -1, -2, -2, -1, -2]"
6997,dfs_bnb_mpi,0.117303,-5,6,28564,"[-1, -2, 1, 1, 2, 2, 1, -2, -2, -2, -1, -1, -2, 1]"
6998,dfs_bnb_mpi,0.001585,-5,6,420,"[-1, -2, 1, 1, 1, 2, -1, 2, 2, 2, 1, -2, -2, 1]"
6999,dfs_bnb_mpi,0.002235,-6,7,529,"[-1, -1, 2, 2, 2, 1, -2, -2, 1, 1, 2, -1, 2, 2]"
7000,dfs_bnb_mpi,0.049445,-6,7,11508,"[-1, -1, 2, -1, -2, -1, -2, -2, 1, 2, 1, 1, -2, -1]"
7001,dfs_bnb_mpi,0.034207,-4,5,8767,"[-1, -1, 2, 2, 2, 2, 2, 1, -2, -2, -2, 1, -2, -1]"
7002,dfs_bnb_mpi,0.049126,-2,3,14360,"[-1, -1, 2, 2, 2, 2, 2, 2, 2, 1, -2, 1, -2, -1]"
7003,dfs_bnb_mpi,0.021337,-3,4,5624,"[-1, -1, 2, 2, 2, 2, 2, 1, 1, -2, -1, -2, 1, 1]"
7004,dfs_bnb_mpi,0.12031,-5,6,33613,"[-1, -1, 2, 2, 1, 2, 2, 1, -2, -2, 1, -2, -1, -1]"
7005,dfs_bnb_mpi,0.007516,-4,5,2167,"[-1, -1, 2, 2, 2, 1, -2, -2, 1, 2, 1, -2, -2, 1]"
7006,dfs_bnb_mpi,0.006211,-7,8,1716,"[-1, -2, -1, 2, 2, 1, 1, 1, -2, 1, -2, -1, -1, -2]"
7007,dfs_bnb_mpi,4.1e-05,0,1,15,"[-1, -1, 2, 2, 2, 2, 2, 2, 2, 2, 2, 2, 2, 2]"
7008,dfs_bnb_mpi,0.127719,-7,8,33601,"[-1, -2, -1, 2, 2, 1, 2, -1, -1, -2, -1, -2, 1, -2]"
7009,dfs_bnb_mpi,0.040261,-5,5,10953,"[-1, -1, 2, -1, -2, -1, -2, 1, 1, 1, 1, -2, -1, -1]"
7010,dfs_bnb_mpi,0.000686,-4,5,192,"[-1, -1, 2, 1, 1, 2, 1, -2, 1, -2, -1, -2, 1, 1]"
7011,dfs_bnb_mpi,0.049096,-7,8,12885,"[-1, -1, -1, 2, 2, 2, 1, -2, -2, 1, 1, 2, -1, 2]"
7012,dfs_bnb_mpi,0.024249,-5,6,6026,"[-1, -1, 2, 2, -1, 2, 2, -1, -2, -2, -2, -2, 1, 2]"
7013,dfs_bnb_mpi,0.000326,-3,4,104,"[-1, -1, 2, 2, 2, -1, -2, -1, -2, 1, -2, -1, -1, 2]"
7014,dfs_bnb_mpi,0.061748,-6,7,13776,"[-1, -2, -1, 2, -1, 2, 2, 2, 1, -2, -2, 1, 2, 2]"
7015,dfs_bnb_mpi,0.028499,-6,7,8018,"[-1, -2, -1, 2, -1, 2, 1, 2, 2, 1, 1, -2, -1, -2]"
7016,dfs_bnb_mpi,0.178687,-6,7,45620,"[-1, -1, 2, 1, 2, 2, 1, 1, -2, 1, -2, -1, -1, 2]"
7017,dfs_bnb_mpi,0.003444,-4,5,1033,"[-1, -2, 1, 1, -2, -1, -1, -1, -2, 1, -2, 1, 2, 1]"
7018,dfs_bnb_mpi,0.056519,-6,7,12524,"[-1, -1, 2, -1, -1, -1, -2, -2, 1, 2, 1, -2, 1, 1]"
7019,dfs_bnb_mpi,0.115194,-4,5,32081,"[-1, -2, -1, 2, 2, 2, 2, -1, 2, 1, 1, -2, -2, -2]"
7020,dfs_bnb_mpi,0.028899,-5,6,7518,"[-1, -1, 2, -1, 2, -1, -2, -1, -2, 1, 1, -2, 1, 1]"
7021,dfs_bnb_mpi,0.010247,-3,4,2624,"[-1, -1, 2, 2, 2, 1, 2, 1, -2, 1, -2, -1, -1, -2]"
7022,dfs_bnb_mpi,0.035615,-6,7,8696,"[-1, -1, 2, 1, 2, 2, -1, -2, -1, 2, -1, -2, -2, 1]"
7023,dfs_bnb_mpi,0.001996,-4,5,598,"[-1, -1, 2, 1, 2, 2, 2, 1, -2, 1, -2, -1, -2, 1]"
7024,dfs_bnb_mpi,0.00319,-4,5,981,"[-1, -1, 2, 1, 2, -1, 2, -1, -2, -1, -2, 1, -2, -1]"
7025,dfs_bnb_mpi,0.01127,-7,8,2849,"[-1, -2, 1, 1, 1, -2, -1, -1, -1, -2, 1, -2, 1, 2]"
7026,dfs_bnb_mpi,0.006128,-4,5,1717,"[-1, -1, 2, 2, -1, -2, -1, -2, 1, -2, -1, -1, 2, 2]"
7027,dfs_bnb_mpi,0.073262,-6,7,19895,"[-1, -2, -1, 2, 2, -1, 2, -1, 2, 1, 1, -2, 1, -2]"
7028,dfs_bnb_mpi,0.011679,-4,4,3112,"[-1, -1, 2, 1, 2, 2, 1, -2, -2, 1, 1, 2, -1, 2]"
7029,dfs_bnb_mpi,0.074147,-5,5,20001,"[-1, -1, -1, 2, 1, 2, 2, 2, 1, -2, -2, 1, -2, -1]"
7030,dfs_bnb_mpi,0.012367,-3,4,3876,"[-1, -1, -1, 2, 1, 2, 2, 2, 1, -2, -2, -2, 1, 2]"
7031,dfs_bnb_mpi,0.038053,-4,5,10810,"[-1, -2, -1, 2, 2, 1, 2, 1, -2, 1, -2, -2, -1, -2]"
7032,dfs_bnb_mpi,0.018878,-5,6,5104,"[-1, -1, 2, 1, 2, -1, 2, 1, 1, -2, -2, 1, 2, 2]"
7033,dfs_bnb_mpi,0.201914,-6,7,50731,"[-1, -2, 1, 1, 1, -2, -1, -2, -1, -1, -1, 2, 1, 1]"
7034,dfs_bnb_mpi,0.000134,-2,3,47,"[-1, -2, -1, 2, 2, 1, 2, 2, 2, 2, 2, 2, 2, 2]"
7035,dfs_bnb_mpi,0.003712,-3,3,1088,"[-1, -1, 2, 2, -1, -2, -1, -1, -2, 1, 1, -2, 1, 1]"
7036,dfs_bnb_mpi,0.005978,-7,8,1492,"[-1, -1, 2, 2, 1, -2, 1, 2, 1, 1, -2, -1, -2, 1]"
7037,dfs_bnb_mpi,0.063742,-6,7,14400,"[-1, -1, 2, 1, 2, 2, 1, 1, -2, -1, -2, 1, 1, 2]"
7038,dfs_bnb_mpi,0.013383,-7,8,3887,"[-1, -2, 1, 1, 2, 2, -1, 2, -1, 2, -1, -2, -2, 1]"
7039,dfs_bnb_mpi,0.044445,-4,5,12982,"[-1, -1, 2, 2, 2, 1, 2, -1, 2, -1, -2, -1, -2, 1]"
7040,dfs_bnb_mpi,0.000261,-4,5,76,"[-1, -1, 2, 2, -1, -2, -2, -1, 2, -1, 2, 1, 2, 2]"
7041,dfs_bnb_mpi,0.011909,-4,5,2993,"[-1, -1, 2, 2, -1, -1, -1, -2, 1, 1, -2, -1, -1, -1]"
7042,dfs_bnb_mpi,0.014544,-6,7,3355,"[-1, -1, 2, 2, 2, 1, 1, -2, -1, -2, 1, 1, 2, 2]"
7043,dfs_bnb_mpi,0.05246,-4,5,13726,"[-1, -1, 2, 2, 1, -2, 1, 2, 1, 2, 1, -2, -2, -1]"
7044,dfs_bnb_mpi,0.01127,-7,8,3058,"[-1, -2, 1, 1, 2, 2, 1, -2, -2, -2, -1, -2, -1, 2]"
7045,dfs_bnb_mpi,0.134232,-6,7,36855,"[-1, -2, -1, 2, -1, 2, 2, 1, -2, 1, 2, 2, -1, -1]"
7046,dfs_bnb_mpi,0.014786,-6,7,3877,"[-1, -2, 1, 1, 1, 2, -1, 2, 2, -1, -2, -1, 2, 2]"
7047,dfs_bnb_mpi,0.001929,-3,3,623,"[-1, -1, 2, 2, 2, 1, -2, -2, 1, 2, 2, 2, 2, 2]"
7048,dfs_bnb_mpi,0.00163,-6,7,452,"[-1, -2, -1, 2, 2, 1, 1, 1, 1, -2, -1, -2, -1, -2]"
7049,dfs_bnb_mpi,0.038097,-6,7,10395,"[-1, -1, -1, 2, 1, 2, 1, -2, 1, 1, 2, -1, 2, -1]"
7050,dfs_bnb_mpi,0.075712,-6,7,16906,"[-1, -1, 2, 1, 1, 2, 1, -2, -2, -2, -1, -1, -2, 1]"
7051,dfs_bnb_mpi,0.086043,-4,5,18998,"[-1, -1, 2, 2, -1, -1, -2, 1, -2, -1, -1, 2, 2, 2]"
7052,dfs_bnb_mpi,0.00069,-3,4,192,"[-1, -1, 2, 2, 2, 2, 2, 2, 1, 1, -2, -2, -1, 2]"
7053,dfs_bnb_mpi,0.08129,-3,4,18639,"[-1, -1, 2, 2, 2, 2, 1, 1, -2, -1, -2, 1, 1, 2]"
7054,dfs_bnb_mpi,0.001482,-3,4,444,"[-1, -1, 2, 2, -1, -1, -2, 1, -2, -2, -1, 2, -1, 2]"
7055,dfs_bnb_mpi,0.038153,-2,3,11867,"[-1, -1, 2, 2, 2, 2, 2, 1, -2, -2, -2, 1, -2, -1]"
7056,dfs_bnb_mpi,0.003706,-6,7,982,"[-1, -1, 2, 1, 1, 1, -2, -2, -1, -1, -2, -1, 2, -1]"
7057,dfs_bnb_mpi,0.003547,-6,7,990,"[-1, -1, 2, 1, 2, 1, -2, 1, -2, -2, -2, -1, 2, -1]"
7058,dfs_bnb_mpi,0.149788,-5,6,43016,"[-1, -1, 2, 2, 1, 2, 1, -2, 1, 1, -2, -1, -1, -1]"
7059,dfs_bnb_mpi,0.001625,-4,4,428,"[-1, -1, 2, 2, 2, 1, -2, -2, 1, 2, 2, 2, 2, 2]"
7060,dfs_bnb_mpi,0.00576,-5,6,1558,"[-1, -1, 2, 1, 2, 1, -2, 1, 1, 2, -1, 2, 2, 2]"
7061,dfs_bnb_mpi,0.050936,-5,6,14413,"[-1, -1, 2, -1, -1, -2, 1, -2, 1, 1, 1, -2, -1, -1]"
7062,dfs_bnb_mpi,0.028822,-5,5,7896,"[-1, -1, 2, 2, 2, 2, 2, 1, -2, -2, -2, 1, -2, -1]"
7063,dfs_bnb_mpi,0.008933,-3,4,2424,"[-1, -1, 2, -1, -2, -1, -1, -2, 1, 1, 1, 1, 1, 1]"
7064,dfs_bnb_mpi,0.023694,-6,7,6938,"[-1, -2, 1, 1, -2, -2, -1, -2, -1, 2, -1, 2, 1, 1]"
7065,dfs_bnb_mpi,0.000721,-3,4,209,"[-1, -1, 2, 2, 1, 1, 2, -1, -1, 2, -1, -2, -2, -1]"
7066,dfs_bnb_mpi,0.004552,-4,5,1326,"[-1, -1, 2, -1, 2, -1, -2, -1, -1, -2, 1, 1, 1, -2]"
7067,dfs_bnb_mpi,0.121814,-5,6,35712,"[-1, -1, 2, 1, 2, 2, 2, 1, -2, 1, -2, -2, -1, 2]"
7068,dfs_bnb_mpi,0.01105,-4,5,3302,"[-1, -2, 1, 1, 2, 2, 2, 2, -1, -2, -2, -1, 2, 2]"
7069,dfs_bnb_mpi,0.052258,-7,7,14142,"[-1, -2, 1, -2, 1, 2, 2, 2, 1, 1, -2, -2, -1, 2]"
7070,dfs_bnb_mpi,0.054782,-4,5,13067,"[-1, -1, 2, 2, -1, -2, -2, -1, -2, 1, 1, 1, -2, -1]"
7071,dfs_bnb_mpi,0.044375,-5,6,13097,"[-1, -1, 2, 1, 1, 2, -1, 2, 2, -1, -2, -2, -1, -2]"
7072,dfs_bnb_mpi,0.260722,-5,6,63293,"[-1, -1, 2, 2, 2, 2, 1, 1, -2, 1, -2, -1, -1, 2]"
7073,dfs_bnb_mpi,0.040138,-3,4,12532,"[-1, -1, 2, 2, 2, 1, 1, 1, -2, -2, -1, 2, -1, -2]"
7074,dfs_bnb_mpi,0.051232,-5,6,14662,"[-1, -1, 2, 1, 2, -1, 2, 2, -1, -2, -2, -2, -2, -1]"
7075,dfs_bnb_mpi,0.03074,-5,6,8723,"[-1, -1, 2, -1, -2, -2, 1, 1, -2, -1, -1, -1, 2, 2]"
7076,dfs_bnb_mpi,0.127189,-5,6,35676,"[-1, -1, 2, -1, -2, -2, -1, -1, -2, 1, 1, 1, 2, 1]"
7077,dfs_bnb_mpi,0.012196,-6,7,3321,"[-1, -1, 2, -1, -2, -2, 1, -2, -1, -1, 2, -1, 2, 1]"
7078,dfs_bnb_mpi,0.014853,-4,5,4315,"[-1, -1, 2, 2, -1, -2, -1, -1, -2, 1, 1, -2, 1, 1]"
7079,dfs_bnb_mpi,0.000948,-2,3,241,"[-1, -1, 2, 2, -1, 2, -1, -2, -2, 1, -2, -1, -1, 2]"
7080,dfs_bnb_mpi,0.063011,-4,5,17372,"[-1, -1, 2, 2, 2, 1, -2, -2, 1, 2, 1, 1, -2, -1]"
7081,dfs_bnb_mpi,0.066769,-4,4,15936,"[-1, -1, 2, 2, 2, 1, -2, -2, 1, 2, 2, 2, 1, -2]"
7082,dfs_bnb_mpi,0.110775,-6,7,29411,"[-1, -2, -1, 2, -1, 2, 2, -1, 2, 1, 1, -2, -2, 1]"
7083,dfs_bnb_mpi,0.083441,-5,6,21556,"[-1, -1, 2, 2, -1, -1, -2, 1, -2, -2, -1, 2, -1, 2]"
7084,dfs_bnb_mpi,0.004775,-4,5,1376,"[-1, -1, 2, 1, 2, 2, -1, -2, -1, -1, -2, 1, -2, -1]"
7085,dfs_bnb_mpi,0.050924,-6,6,13288,"[-1, -1, 2, 2, 1, 2, 2, 1, -2, 1, -2, -1, -2, -1]"
7086,dfs_bnb_mpi,0.015599,-2,3,4212,"[-1, -1, 2, 2, 1, 2, 2, 2, -1, -2, -2, -1, -2, -1]"
7087,dfs_bnb_mpi,0.009561,-2,3,2732,"[-1, -1, 2, 2, 2, 1, 2, 2, -1, -2, -1, -1, -2, 1]"
7088,dfs_bnb_mpi,0.052998,-5,6,14178,"[-1, -1, 2, 1, 1, 2, 1, 2, -1, 2, -1, -2, -2, -1]"
7089,dfs_bnb_mpi,0.029061,-5,6,8854,"[-1, -1, 2, 1, 2, 1, -2, 1, 2, 2, -1, -1, -1, -2]"
7090,dfs_bnb_mpi,0.010448,-4,4,2385,"[-1, -1, 2, 2, 2, 1, 1, -2, -1, -2, 1, 1, 2, 2]"
7091,dfs_bnb_mpi,0.015479,-6,7,3963,"[-1, -1, -1, 2, 1, 2, -1, -1, -2, -2, -2, 1, 1, 1]"
7092,dfs_bnb_mpi,0.045041,-4,4,13586,"[-1, -1, 2, 1, 1, 2, 2, 2, 1, -2, -2, 1, -2, -1]"
7093,dfs_bnb_mpi,0.048894,-6,7,14015,"[-1, -2, 1, 1, 2, 1, -2, -2, -1, -1, -1, -2, 1, 1]"
7094,dfs_bnb_mpi,0.014882,-5,6,4008,"[-1, -1, 2, 1, 1, 2, 1, -2, 1, 1, -2, -1, -1, -2]"
7095,dfs_bnb_mpi,0.002777,-5,5,802,"[-1, -1, 2, 2, -1, 2, 1, 2, 1, -2, -2, 1, -2, -1]"
7096,dfs_bnb_mpi,0.030026,-5,5,8854,"[-1, -1, 2, 2, 1, -2, 1, 2, 1, -2, -2, -2, -1, -1]"
7097,dfs_bnb_mpi,0.16683,-3,4,38717,"[-1, -1, 2, 2, 2, 2, 2, 2, 2, 1, -2, -2, -2, 1]"
7098,dfs_bnb_mpi,0.001977,-6,7,532,"[-1, -2, 1, -2, 1, 2, 2, 1, -2, 1, -2, -1, -2, 1]"
7099,dfs_bnb_mpi,0.022523,-6,7,5082,"[-1, -2, 1, -2, 1, 1, 1, 2, -1, -1, 2, 1, 2, 2]"
7100,dfs_bnb_mpi,0.004774,-4,5,1406,"[-1, -1, 2, 2, -1, -1, -2, -1, -2, 1, -2, 1, 2, 2]"
7101,dfs_bnb_mpi,0.069022,-7,8,16389,"[-1, -1, 2, 2, 2, 1, 1, -2, -1, -2, 1, 1, 2, 2]"
7102,dfs_bnb_mpi,0.048804,-7,7,11936,"[-1, -1, 2, 1, 1, 1, -2, 1, -2, -1, -1, -1, -2, 1]"
7103,dfs_bnb_mpi,0.011319,-4,5,2592,"[-1, -1, 2, 2, 2, 1, 1, -2, -1, -2, 1, 1, 2, 2]"
7104,dfs_bnb_mpi,0.010777,-5,6,2509,"[-1, -2, 1, 1, 2, 1, 2, -1, 2, -1, -2, -1, 2, 2]"
7105,dfs_bnb_mpi,0.00473,-2,3,1180,"[-1, -2, -1, -1, -2, 1, 1, 1, 2, 1, 2, 2, 2, 2]"
7106,dfs_bnb_mpi,0.047688,-6,7,11426,"[-1, -2, -1, 2, -1, 2, 1, 2, 1, -2, 1, 1, -2, 1]"
7107,dfs_bnb_mpi,0.009384,-4,5,2477,"[-1, -1, 2, 2, 1, 2, -1, 2, -1, -2, -1, -2, 1, -2]"
7108,dfs_bnb_mpi,0.007111,-7,8,1695,"[-1, -2, 1, -2, -2, 1, 1, 2, -1, 2, 2, 1, -2, 1]"
7109,dfs_bnb_mpi,0.029464,-6,7,7127,"[-1, -1, 2, 1, 1, 2, 1, 1, -2, -1, -2, -2, 1, 2]"
7110,dfs_bnb_mpi,0.338789,-3,4,89826,"[-1, -1, 2, 2, 2, 2, 2, 1, -2, -2, -2, 1, -2, -1]"
7111,dfs_bnb_mpi,0.000595,-3,3,159,"[-1, -1, 2, 2, 2, 1, -2, -2, 1, 2, 2, 2, 2, 2]"
7112,dfs_bnb_mpi,0.043706,-3,4,12657,"[-1, -1, 2, 2, 2, 2, 2, 1, 2, 1, -2, -2, -1, -2]"
7113,dfs_bnb_mpi,0.004568,-2,3,1348,"[-1, -1, 2, 2, 1, -2, 1, 2, 2, -1, -1, -1, -2, -2]"
7114,dfs_bnb_mpi,0.012662,-3,4,3404,"[-1, -1, 2, 2, 2, 1, -2, -2, 1, 1, 2, -1, 2, 2]"
7115,dfs_bnb_mpi,0.001628,-4,4,461,"[-1, -1, 2, 1, 1, 2, 2, 1, -2, 1, -2, -1, -2, 1]"
7116,dfs_bnb_mpi,0.045019,-3,4,10601,"[-1, -1, 2, 2, -1, 2, 2, -1, -2, -2, -2, -2, 1, 2]"
7117,dfs_bnb_mpi,0.068164,-7,8,16051,"[-1, -2, 1, 1, 2, 2, 2, -1, -2, -1, 2, -1, -2, -2]"
7118,dfs_bnb_mpi,0.159645,-6,7,37341,"[-1, -1, 2, 2, 1, 2, 2, 1, -2, 1, -2, -1, -2, -1]"
7119,dfs_bnb_mpi,0.001756,-5,6,521,"[-1, -2, 1, 1, 2, 1, -2, -2, -1, -2, -1, 2, -1, -1]"
7120,dfs_bnb_mpi,0.039547,-4,5,11910,"[-1, -1, 2, 2, 1, -2, 1, 2, 2, 2, -1, -2, -1, 2]"
7121,dfs_bnb_mpi,0.02266,-6,7,6311,"[-1, -2, 1, 1, 2, 2, -1, -1, 2, 2, 1, 1, -2, -1]"
7122,dfs_bnb_mpi,0.001463,-4,5,417,"[-1, -1, 2, 1, 2, 2, -1, -2, -1, -2, -1, -2, 1, -2]"
7123,dfs_bnb_mpi,0.019474,-7,8,5397,"[-1, -2, 1, -2, 1, 2, 2, 1, 2, -1, -1, 2, -1, -2]"
7124,dfs_bnb_mpi,0.071808,-7,7,16903,"[-1, -2, -2, 1, 2, 1, 2, 2, 2, -1, -2, -1, -1, -2]"
7125,dfs_bnb_mpi,0.164776,-6,7,41159,"[-1, -2, -2, -1, -1, -1, 2, 1, 1, 2, -1, 2, 1, 1]"
7126,dfs_bnb_mpi,0.016189,-3,3,4864,"[-1, -1, 2, 2, 2, 2, 1, -2, -2, 1, 1, -2, -1, -1]"
7127,dfs_bnb_mpi,0.000153,-2,3,43,"[-1, -1, 2, 1, 1, 2, 2, 1, -2, -2, 1, 2, 2, 2]"
7128,dfs_bnb_mpi,0.091072,-5,4,27548,"[-1, -1, 2, 2, 2, 2, 1, -2, -2, 1, 1, -2, -1, -1]"
7129,dfs_bnb_mpi,0.261588,-5,6,63381,"[-1, -1, 2, 2, 2, 2, 1, 1, -2, 1, -2, -1, -1, 2]"
7130,dfs_bnb_mpi,0.007615,-3,4,2318,"[-1, -1, 2, -1, -2, -2, -1, -2, 1, 1, 2, 1, 1, 1]"
7131,dfs_bnb_mpi,0.005999,-5,6,1719,"[-1, -2, 1, 1, 2, 2, 1, 2, 2, -1, -2, -1, -2, -1]"
7132,dfs_bnb_mpi,0.117049,-5,6,33730,"[-1, -1, 2, -1, -2, -2, 1, -2, 1, 1, 1, 2, -1, -1]"
7133,dfs_bnb_mpi,0.111531,-7,8,28302,"[-1, -1, 2, 2, 2, 1, -2, 1, 2, 1, -2, -2, -1, -1]"
7134,dfs_bnb_mpi,0.00095,-2,3,284,"[-1, -1, 2, 2, 2, 1, 2, -1, 2, -1, -2, -2, -1, 2]"
7135,dfs_bnb_mpi,0.024007,-6,7,5329,"[-1, -2, 1, 1, 2, 2, 1, 1, -2, -1, -2, 1, 1, 2]"
7136,dfs_bnb_mpi,0.010218,-6,7,2456,"[-1, -2, 1, 1, 2, 2, 2, -1, -2, -1, 2, 2, 1, 2]"
7137,dfs_bnb_mpi,0.00613,-3,4,1472,"[-1, -1, 2, 2, 2, 2, 1, -2, -2, 1, 1, -2, -1, -1]"
7138,dfs_bnb_mpi,0.011151,-6,7,2882,"[-1, -1, 2, 2, 1, -2, 1, 2, 1, 1, -2, -1, -2, 1]"
7139,dfs_bnb_mpi,0.329999,-2,3,88179,"[-1, -1, 2, 2, 2, 2, 2, 1, -2, -2, -2, 1, -2, -1]"
7140,dfs_bnb_mpi,0.030246,-2,3,8432,"[-1, -1, 2, 1, 2, 2, 2, 2, -1, -2, -2, -2, -1, -2]"
7141,dfs_bnb_mpi,0.021446,-5,6,5086,"[-1, -1, 2, 2, -1, -1, -1, -2, 1, 1, -2, -1, -1, -1]"
7142,dfs_bnb_mpi,0.001694,-4,5,475,"[-1, -1, 2, 1, 2, -1, 2, -1, -1, -2, 1, -2, -1, -1]"
7143,dfs_bnb_mpi,0.002238,-3,4,669,"[-1, -1, 2, 2, 1, -2, 1, 2, 2, -1, 2, 2, 2, 2]"
7144,dfs_bnb_mpi,0.006915,-6,7,1911,"[-1, -1, 2, 1, 2, 2, 2, 1, -2, 1, -2, -1, -2, 1]"
7145,dfs_bnb_mpi,0.139139,-6,7,39020,"[-1, -1, 2, -1, -2, -2, 1, -2, 1, -2, 1, 2, 2, -1]"
7146,dfs_bnb_mpi,0.014983,-4,5,4425,"[-1, -1, 2, 1, 1, 2, -1, -1, -1, -2, -2, -2, 1, 1]"
7147,dfs_bnb_mpi,0.016066,-3,4,4711,"[-1, -1, 2, 2, 2, 2, 1, -2, -2, 1, 1, -2, -1, -1]"
7148,dfs_bnb_mpi,0.00267,-5,6,705,"[-1, -2, -2, 1, 2, 1, 2, 1, -2, -2, -1, -2, 1, 1]"
7149,dfs_bnb_mpi,0.157898,-3,4,43726,"[-1, -1, 2, 2, 2, 2, 1, 2, 2, 1, -2, -2, -2, -1]"
7150,dfs_bnb_mpi,0.045399,-2,3,13496,"[-1, -1, 2, 2, 2, 2, 2, 1, 1, -2, -2, -1, -2, 1]"
7151,dfs_bnb_mpi,0.056703,-4,5,14983,"[-1, -1, 2, 1, 2, -1, 2, -1, -2, -1, -1, -2, 1, 1]"
7152,dfs_bnb_mpi,0.054583,-4,5,12970,"[-1, -1, 2, 2, 2, 1, 2, 2, 1, -2, -2, -2, -1, -2]"
7153,dfs_bnb_mpi,0.043468,-7,8,9788,"[-1, -1, 2, -1, 2, 1, 2, 1, -2, -2, 1, 2, 1, -2]"
7154,dfs_bnb_mpi,0.00134,-2,3,375,"[-1, -1, 2, 1, 2, 2, -1, -2, -1, -2, -1, 2, 2, 2]"
7155,dfs_bnb_mpi,0.061298,-6,7,16701,"[-1, -1, -1, 2, 2, 1, -2, 1, 2, 2, 1, -2, -2, 1]"
7156,dfs_bnb_mpi,0.020725,-3,4,4556,"[-1, -1, 2, 2, 2, 1, 1, -2, -1, -2, 1, 1, 2, 2]"
7157,dfs_bnb_mpi,0.025264,-4,5,7284,"[-1, -1, 2, 1, 1, 2, 2, 1, -2, -2, -2, -2, -1, -1]"
7158,dfs_bnb_mpi,0.003582,-5,6,917,"[-1, -1, 2, 1, 2, 2, -1, -2, -1, -2, -1, -2, 1, -2]"
7159,dfs_bnb_mpi,0.025477,-4,5,7331,"[-1, -1, 2, 2, 1, 2, 1, -2, 1, 1, -2, -1, -1, -1]"
7160,dfs_bnb_mpi,0.329349,-4,5,90268,"[-1, -1, 2, 1, 2, 2, 2, 1, 1, -2, -2, -2, -1, 2]"
7161,dfs_bnb_mpi,0.002778,-5,6,847,"[-1, -1, 2, 1, 2, 1, -2, 1, 2, 1, -2, -2, -1, -2]"
7162,dfs_bnb_mpi,0.020555,-3,4,6168,"[-1, -1, 2, 2, -1, 2, -1, -2, -1, -2, 1, 1, -2, -1]"
7163,dfs_bnb_mpi,0.147618,-3,4,33184,"[-1, -1, 2, 2, 2, 2, 2, 1, -2, -2, 1, -2, -1, -2]"
7164,dfs_bnb_mpi,0.000971,-2,3,311,"[-1, -1, 2, 2, -1, -2, -2, -2, 1, 1, 1, -2, -1, -1]"
7165,dfs_bnb_mpi,0.051455,-6,7,12910,"[-1, -1, -1, 2, 1, 2, 1, -2, 1, 1, 2, -1, 2, -1]"
7166,dfs_bnb_mpi,0.036152,-6,7,8281,"[-1, -1, -1, 2, -1, 2, 2, 1, -2, 1, -2, 1, 2, 2]"
7167,dfs_bnb_mpi,0.015492,-6,6,4247,"[-1, -1, 2, 1, 2, 1, -2, 1, -2, -2, -2, -1, 2, -1]"
7168,dfs_bnb_mpi,0.110517,-4,5,30501,"[-1, -1, 2, 2, 2, 2, 1, 1, 1, -2, -1, -2, -1, 2]"
7169,dfs_bnb_mpi,0.010289,-4,5,2670,"[-1, -1, 2, 2, 1, -2, 1, 1, 2, -1, 2, 1, 2, 2]"
7170,dfs_bnb_mpi,0.084813,-4,5,24025,"[-1, -1, 2, 2, 2, 2, 2, 2, 1, -2, 1, -2, -1, -2]"
7171,dfs_bnb_mpi,0.154164,-5,6,36743,"[-1, -1, 2, 1, 1, 2, 1, 2, 1, -2, -2, -1, -2, 1]"
7172,dfs_bnb_mpi,0.007963,-5,6,2330,"[-1, -2, 1, 1, 2, 2, -1, 2, 1, 1, -2, -2, 1, 2]"
7173,dfs_bnb_mpi,0.056554,-4,5,13525,"[-1, -1, 2, 2, 1, -2, 1, 2, 1, -2, -2, 1, -2, -1]"
7174,dfs_bnb_mpi,0.005447,-5,6,1414,"[-1, -1, 2, -1, -2, -2, 1, 1, 1, -2, -2, -1, 2, -1]"
7175,dfs_bnb_mpi,0.031277,-5,6,6986,"[-1, -2, -1, 2, 2, 2, 2, 1, 1, -2, -1, -2, 1, 1]"
7176,dfs_bnb_mpi,0.097288,-6,7,23193,"[-1, -1, 2, 2, 2, -1, -2, -1, -2, 1, -2, -2, -1, 2]"
7177,dfs_bnb_mpi,0.012523,-6,7,3769,"[-1, -2, 1, 1, 2, 2, -1, 2, 2, -1, -2, -2, -1, -2]"
7178,dfs_bnb_mpi,0.104762,-3,4,32838,"[-1, -1, 2, 2, 1, 2, 2, 2, 1, -2, -2, -2, -2, -1]"
7179,dfs_bnb_mpi,0.002697,-4,5,720,"[-1, -1, 2, 2, -1, -2, -2, -1, -2, 1, -2, 1, 2, 1]"
7180,dfs_bnb_mpi,0.066542,-6,7,18185,"[-1, -1, 2, 2, -1, 2, 2, 1, -2, 1, -2, 1, -2, -1]"
7181,dfs_bnb_mpi,0.001273,-3,4,300,"[-1, -1, 2, 1, 2, 1, -2, 1, 2, 2, 2, 2, 2, 2]"
7182,dfs_bnb_mpi,0.10527,-7,8,23982,"[-1, -1, 2, 2, 1, 2, 2, 2, 1, -2, -2, -2, -2, -1]"
7183,dfs_bnb_mpi,0.019686,-6,7,4617,"[-1, -1, 2, -1, -1, -2, 1, -2, 1, 1, -2, -1, -1, -1]"
7184,dfs_bnb_mpi,0.091238,-6,7,26131,"[-1, -2, 1, -2, 1, 1, 2, 1, 2, 2, -1, -2, -1, -2]"
7185,dfs_bnb_mpi,0.008386,-4,5,2546,"[-1, -1, 2, 2, 2, 1, 1, 1, -2, -2, -1, 2, -1, -2]"
7186,dfs_bnb_mpi,0.017653,-6,7,3981,"[-1, -1, 2, 2, 2, 2, 1, -2, -2, -2, 1, 2, 2, 2]"
7187,dfs_bnb_mpi,0.005976,-4,5,1557,"[-1, -2, 1, 1, 2, 1, -2, -2, -1, -2, -1, 2, -1, -1]"
7188,dfs_bnb_mpi,0.042736,-5,6,11311,"[-1, -2, -1, -2, 1, -2, 1, 2, 2, 1, 1, 2, -1, 2]"
7189,dfs_bnb_mpi,0.002461,-3,4,674,"[-1, -1, 2, 2, 2, 1, -2, -2, 1, 1, 2, -1, 2, 2]"
7190,dfs_bnb_mpi,0.025173,-4,5,6772,"[-1, -1, 2, 2, 1, -2, 1, 2, 1, -2, 1, -2, -1, -2]"
7191,dfs_bnb_mpi,0.149232,-5,6,40922,"[-1, -1, 2, 2, -1, 2, -1, -2, -1, -2, 1, -2, 1, 2]"
7192,dfs_bnb_mpi,0.022717,-5,6,6289,"[-1, -1, 2, 1, 1, 2, 1, 1, -2, 1, -2, -1, -1, 2]"
7193,dfs_bnb_mpi,0.130779,-7,8,28774,"[-1, -1, 2, 2, 2, 1, 2, 1, -2, -2, -1, -2, 1, 1]"
7194,dfs_bnb_mpi,0.01645,-5,5,4866,"[-1, -1, 2, 2, 2, 1, -2, 1, 2, 1, -2, -2, -1, -1]"
7195,dfs_bnb_mpi,0.038154,-6,6,9956,"[-1, -2, 1, 1, 2, 1, -2, 1, -2, -1, -1, -2, -1, 2]"
7196,dfs_bnb_mpi,0.005592,-4,5,1558,"[-1, -1, 2, 2, 1, -2, 1, 1, 2, -1, 2, -1, 2, 2]"
7197,dfs_bnb_mpi,0.019067,-5,6,4916,"[-1, -2, 1, 1, -2, -1, -2, -1, 2, -1, 2, 2, 2, 2]"
7198,dfs_bnb_mpi,0.04135,-3,4,12375,"[-1, -1, 2, 2, 1, 2, -1, -1, 2, -1, -2, -2, 1, -2]"
7199,dfs_bnb_mpi,0.022292,-5,6,5431,"[-1, -1, 2, 2, 1, 1, -2, 1, -2, -2, -1, -2, -1, 2]"
7200,dfs_bnb_mpi,0.023348,-3,4,6977,"[-1, -1, 2, 2, -1, 2, 2, -1, -2, -2, -2, 1, -2, -1]"
7201,dfs_bnb_mpi,0.041867,-4,5,11133,"[-1, -1, 2, 2, -1, -1, -2, -1, -2, 1, -2, 1, 2, 2]"
7202,dfs_bnb_mpi,0.000577,-2,3,178,"[-1, -1, 2, 2, 2, 2, 1, 2, -1, -1, -2, -1, 2, 2]"
7203,dfs_bnb_mpi,0.001238,-2,3,330,"[-1, -1, 2, 2, 1, 1, -2, 1, 2, 2, 2, 2, 2, 2]"
7204,dfs_bnb_mpi,0.003129,-4,5,804,"[-1, -1, 2, 2, 2, 1, -2, -2, 1, 1, 2, -1, 2, 2]"
7205,dfs_bnb_mpi,0.020206,-4,5,5668,"[-1, -1, 2, 2, 1, 2, -1, -1, 2, -1, -2, -2, 1, -2]"
7206,dfs_bnb_mpi,0.053561,-5,6,13902,"[-1, -1, 2, 2, -1, 2, -1, -2, -1, -2, 1, 1, -2, -1]"
7207,dfs_bnb_mpi,0.000954,-4,5,239,"[-1, -1, 2, 2, 1, -2, 1, 2, 2, -1, 2, 2, 2, 2]"
7208,dfs_bnb_mpi,0.011919,-4,5,3585,"[-1, -1, 2, 2, 1, -2, 1, 1, -2, -2, -1, -1, -1, -1]"
7209,dfs_bnb_mpi,0.003243,-5,6,853,"[-1, -1, 2, 1, 1, 1, -2, 1, -2, -1, -2, -1, 2, -1]"
7210,dfs_bnb_mpi,0.008552,-2,3,2658,"[-1, -1, 2, -1, 2, 2, -1, -2, -2, -2, 1, -2, 1, 1]"
7211,dfs_bnb_mpi,0.012251,-6,6,3599,"[-1, -1, 2, 2, 1, 2, 2, 1, -2, 1, -2, -1, -2, -1]"
7212,dfs_bnb_mpi,0.03234,-4,5,9642,"[-1, -1, 2, 2, -1, 2, -1, -2, -1, -2, 1, 1, -2, -1]"
7213,dfs_bnb_mpi,0.05772,-6,7,12863,"[-1, -2, -1, 2, 2, 2, 2, 1, 1, -2, -1, -2, 1, 1]"
7214,dfs_bnb_mpi,0.006605,-4,4,1991,"[-1, -1, 2, 1, 1, 1, -2, -2, -1, -1, -2, 1, 1, 1]"
7215,dfs_bnb_mpi,0.029151,-4,5,8478,"[-1, -1, 2, 1, 2, -1, -1, 2, 2, -1, -2, -2, -2, 1]"
7216,dfs_bnb_mpi,0.051761,-3,4,14701,"[-1, -1, 2, 2, 2, 2, 1, 2, 1, -2, -2, -1, -2, 1]"
7217,dfs_bnb_mpi,5.2e-05,0,1,15,"[-1, -1, 2, 2, 2, 2, 2, 2, 2, 2, 2, 2, 2, 2]"
7218,dfs_bnb_mpi,0.005639,-4,5,1626,"[-1, -2, 1, 1, -2, -1, -1, -1, -1, -2, 1, 1, 1, 1]"
7219,dfs_bnb_mpi,0.009448,-6,7,2691,"[-1, -2, -1, 2, 2, 1, 1, 1, -2, 1, -2, -1, -1, -2]"
7220,dfs_bnb_mpi,0.006891,-5,6,1700,"[-1, -2, -1, -2, 1, -2, 1, 2, 2, 1, 2, 2, 2, 2]"
7221,dfs_bnb_mpi,0.001943,-2,3,604,"[-1, -2, 1, 1, 2, 2, -1, -1, 2, -1, -2, -2, -1, 2]"
7222,dfs_bnb_mpi,0.000131,-2,3,38,"[-1, -1, 2, 2, 2, 2, 2, 2, 1, 2, -1, -1, -2, -1]"
7223,dfs_bnb_mpi,0.06461,-2,3,17871,"[-1, -1, 2, 2, 1, -2, 1, 2, 2, -1, -1, -1, -2, -2]"
7224,dfs_bnb_mpi,0.008378,-4,5,2022,"[-1, -2, 1, 1, 1, -2, -1, -1, -1, -1, 2, 2, 2, 2]"
7225,dfs_bnb_mpi,0.020744,-6,7,5971,"[-1, -1, -1, 2, 1, 2, 1, 2, 1, -2, 1, -2, -1, -1]"
7226,dfs_bnb_mpi,0.002243,-2,3,571,"[-1, -1, 2, 2, 2, 1, 1, -2, -1, -2, 1, 1, 2, 2]"
7227,dfs_bnb_mpi,0.006514,-2,3,1943,"[-1, -1, 2, 2, 1, -2, 1, 2, 2, -1, -1, -1, -2, -2]"
7228,dfs_bnb_mpi,0.00281,-4,5,739,"[-1, -1, 2, 1, 2, 1, -2, 1, 1, 2, -1, 2, 2, 2]"
7229,dfs_bnb_mpi,0.010891,-2,3,2865,"[-1, -1, 2, 2, 2, 2, 2, 2, 2, 1, 2, -1, -1, -2]"
7230,dfs_bnb_mpi,0.033367,-5,5,9721,"[-1, -1, 2, 1, 2, 2, 1, 2, 1, -2, -2, -2, -1, 2]"
7231,dfs_bnb_mpi,0.107985,-5,6,30372,"[-1, -1, 2, 2, -1, -2, -1, -1, -2, 1, 1, -2, 1, 1]"
7232,dfs_bnb_mpi,0.104733,-5,6,26762,"[-1, -1, 2, 2, 1, 2, 2, 1, -2, -2, 1, -2, -1, -1]"
7233,dfs_bnb_mpi,0.040167,-6,7,8901,"[-1, -1, 2, 2, -1, 2, 1, 1, 1, -2, -1, -2, 1, 1]"
7234,dfs_bnb_mpi,0.044881,-2,3,12135,"[-1, -1, 2, 2, 2, 2, 2, 1, 2, 2, -1, -2, -1, -2]"
7235,dfs_bnb_mpi,0.001146,-3,3,265,"[-1, -1, 2, 2, 1, -2, 1, 2, 2, 2, 2, 2, 2, 2]"
7236,dfs_bnb_mpi,0.000813,-2,3,241,"[-1, -1, 2, 2, 1, 2, -1, 2, -1, -2, -2, -1, 2, 2]"
7237,dfs_bnb_mpi,0.008055,-4,4,2205,"[-1, -1, 2, 1, 2, 2, 1, -2, -2, 1, 1, 2, -1, 2]"
7238,dfs_bnb_mpi,0.005787,-3,4,1743,"[-1, -1, 2, 2, 2, 1, 2, 1, -2, -2, -1, -2, 1, 1]"
7239,dfs_bnb_mpi,0.005694,-4,4,1740,"[-1, -2, 1, 1, 2, 2, 2, 2, -1, -1, -2, -2, 1, 2]"
7240,dfs_bnb_mpi,0.009078,-4,5,2575,"[-1, -1, 2, 2, 2, 1, -2, -2, 1, 2, 1, 2, -1, 2]"
7241,dfs_bnb_mpi,0.103174,-5,5,30168,"[-1, -1, 2, 2, 2, 2, 1, -2, -2, 1, 1, -2, -1, -1]"
7242,dfs_bnb_mpi,0.011991,-6,7,3456,"[-1, -2, -1, 2, 2, 1, 2, -1, 2, 1, 1, -2, -2, 1]"
7243,dfs_bnb_mpi,0.012984,-4,5,3191,"[-1, -1, 2, 2, 2, 1, 1, -2, -1, -2, 1, 1, 2, 2]"
7244,dfs_bnb_mpi,0.061688,-6,6,17245,"[-1, -2, -1, -2, -2, -1, 2, -1, 2, 1, 2, 1, 2, 1]"
7245,dfs_bnb_mpi,0.010673,-5,6,3160,"[-1, -1, 2, 1, 2, -1, -1, -2, -1, -1, -2, 1, 1, -2]"
7246,dfs_bnb_mpi,0.006308,-3,4,1790,"[-1, -1, 2, 2, 2, -1, -2, -1, -1, -2, 1, 1, -2, -1]"
7247,dfs_bnb_mpi,0.073167,-2,3,20889,"[-1, -2, 1, 1, 2, 2, 2, 2, -1, -1, -2, -2, -1, -2]"
7248,dfs_bnb_mpi,0.059918,-5,6,16942,"[-1, -1, 2, 2, 1, -2, 1, 1, -2, -2, -1, -1, -2, 1]"
7249,dfs_bnb_mpi,0.120411,-5,6,26492,"[-1, -2, -2, -1, -2, 1, 1, 1, 2, -1, 2, 1, 2, 2]"
7250,dfs_bnb_mpi,0.013204,-5,6,3533,"[-1, -1, 2, 2, 2, 1, -2, -2, 1, 1, 2, -1, 2, 2]"
7251,dfs_bnb_mpi,0.002559,-4,5,728,"[-1, -2, 1, 1, 1, 2, -1, 2, 2, 1, -2, 1, 2, 2]"
7252,dfs_bnb_mpi,0.000138,-2,3,49,"[-1, -1, -1, 2, 1, 1, 2, 1, -2, 1, 2, 2, 2, 2]"
7253,dfs_bnb_mpi,0.060634,-3,4,17340,"[-1, -1, 2, 1, 1, 2, 2, 2, 1, -2, -2, 1, -2, -1]"
7254,dfs_bnb_mpi,0.056476,-8,8,13983,"[-1, -1, 2, 1, 1, 1, 2, 2, -1, -1, -1, -2, 1, 1]"
7255,dfs_bnb_mpi,0.038512,-7,8,9706,"[-1, -2, 1, 1, 1, -2, -1, -1, -1, -2, -2, 1, 2, 1]"
7256,dfs_bnb_mpi,0.008514,-4,5,2504,"[-1, -1, 2, 2, 1, 1, 2, -1, 2, -1, -2, -1, -2, -1]"
7257,dfs_bnb_mpi,0.144977,-4,5,34445,"[-1, -1, 2, 2, 1, 2, 2, 1, -2, 1, -2, -1, -2, -1]"
7258,dfs_bnb_mpi,0.046204,-4,5,13730,"[-1, -1, 2, 1, 2, -1, 2, 2, -1, -2, -2, -1, -2, 1]"
7259,dfs_bnb_mpi,0.001215,-2,3,379,"[-1, -1, 2, 2, 1, 2, -1, 2, 2, -1, -2, -2, -2, -1]"
7260,dfs_bnb_mpi,0.061316,-4,5,16844,"[-1, -1, 2, 1, 2, 1, 2, 2, -1, -2, -1, -2, -1, -2]"
7261,dfs_bnb_mpi,0.110099,-7,8,25069,"[-1, -1, 2, -1, 2, 2, 1, 1, 1, -2, -2, -1, 2, -1]"
7262,dfs_bnb_mpi,0.092178,-4,5,26006,"[-1, -1, 2, 2, -1, 2, 2, -1, -2, -2, -2, -2, 1, 2]"
7263,dfs_bnb_mpi,0.087242,-6,6,20619,"[-1, -2, -1, 2, 2, 1, 2, -1, -1, -2, -2, -1, -2, 1]"
7264,dfs_bnb_mpi,0.022697,-4,5,6431,"[-1, -1, 2, 1, 2, 2, 1, 1, -2, 1, -2, -1, -1, 2]"
7265,dfs_bnb_mpi,0.000515,-3,4,143,"[-1, -1, 2, 1, 2, 1, -2, 1, 2, 2, 2, 2, 2, 2]"
7266,dfs_bnb_mpi,0.07597,-5,6,18542,"[-1, -1, 2, 2, 2, -1, -2, -1, -1, -2, 1, -2, 1, 2]"
7267,dfs_bnb_mpi,0.172955,-6,7,40026,"[-1, -1, 2, 2, 2, -1, -2, -1, -2, -1, -2, 1, 1, 2]"
7268,dfs_bnb_mpi,0.033903,-7,7,8719,"[-1, -1, 2, 2, 2, 2, 1, -2, -2, 1, 1, -2, -1, -1]"
7269,dfs_bnb_mpi,4.5e-05,0,1,15,"[-1, -1, 2, 2, 2, 2, 2, 2, 2, 2, 2, 2, 2, 2]"
7270,dfs_bnb_mpi,0.058666,-4,5,15626,"[-1, -1, 2, 1, 2, 2, -1, -1, -1, -2, -2, 1, 2, 1]"
7271,dfs_bnb_mpi,0.066846,-6,7,15464,"[-1, -2, -1, -2, -1, -2, -2, 1, 2, 1, 2, 1, 2, 1]"
7272,dfs_bnb_mpi,0.083366,-6,7,22362,"[-1, -2, 1, 1, 1, -2, -1, -1, -1, -2, -2, 1, 2, 1]"
7273,dfs_bnb_mpi,0.004038,-4,4,960,"[-1, -1, 2, 2, 2, 1, -2, -2, 1, 2, 2, 2, 2, 2]"
7274,dfs_bnb_mpi,0.058108,-6,6,15880,"[-1, -1, 2, 1, 2, 2, 2, 1, -2, 1, -2, -2, -1, 2]"
7275,dfs_bnb_mpi,0.001335,-5,6,393,"[-1, -1, 2, 1, 2, -1, 2, -1, -2, -1, -2, 1, -2, -1]"
7276,dfs_bnb_mpi,0.160237,-4,5,42152,"[-1, -1, 2, 2, 2, 2, 1, 1, -2, -2, 1, -2, -1, -1]"
7277,dfs_bnb_mpi,0.033817,-6,7,8354,"[-1, -1, 2, 2, -1, 2, 1, 1, 1, -2, -1, -2, 1, 1]"
7278,dfs_bnb_mpi,0.010739,-3,4,3232,"[-1, -1, 2, 2, -1, -2, -1, 2, -1, -2, -2, 1, 1, -2]"
7279,dfs_bnb_mpi,0.003338,-3,4,978,"[-1, -1, 2, -1, 2, -1, -2, -1, -2, 1, 1, -2, 1, 1]"
7280,dfs_bnb_mpi,0.002209,-2,3,651,"[-1, -1, 2, 2, 2, -1, -2, -2, -2, -1, -2, 1, 1, 1]"
7281,dfs_bnb_mpi,0.131485,-5,6,35716,"[-1, -1, 2, 2, 1, 2, 2, 1, -2, -2, 1, -2, -1, -1]"
7282,dfs_bnb_mpi,0.237853,-3,4,62853,"[-1, -2, -1, 2, 2, 2, 1, 1, 1, -2, -2, -2, -1, -2]"
7283,dfs_bnb_mpi,0.09962,-6,7,24758,"[-1, -1, 2, -1, -2, -2, -1, -2, -2, 1, 2, 1, 2, 1]"
7284,dfs_bnb_mpi,0.003668,-2,3,1114,"[-1, -1, 2, 2, 2, 1, 2, 2, -1, -2, -1, -2, -1, 2]"
7285,dfs_bnb_mpi,0.001926,-5,6,522,"[-1, -1, 2, 1, 2, 1, -2, 1, 1, -2, -1, -2, 1, 1]"
7286,dfs_bnb_mpi,0.052077,-4,5,14073,"[-1, -1, 2, 2, 2, 2, 1, 2, 1, -2, -2, -1, -2, 1]"
7287,dfs_bnb_mpi,0.166236,-6,7,39019,"[-1, -1, 2, 2, -1, 2, -1, -2, -1, -2, 1, 1, -2, -1]"
7288,dfs_bnb_mpi,0.002429,-4,5,642,"[-1, -1, 2, -1, 2, 1, 2, 1, -2, -2, 1, 2, 2, 2]"
7289,dfs_bnb_mpi,0.078326,-4,5,19044,"[-1, -1, 2, 2, 2, 2, 2, 1, -2, 1, -2, -2, -1, 2]"
7290,dfs_bnb_mpi,0.000507,-2,3,150,"[-1, -1, 2, 2, 2, 2, 1, 2, 1, -2, -2, -1, -2, 1]"
7291,dfs_bnb_mpi,0.14131,-5,6,35751,"[-1, -1, 2, 2, 2, 1, 2, -1, -1, -2, -1, -2, 1, -2]"
7292,dfs_bnb_mpi,0.378912,-3,4,90906,"[-1, -1, 2, 2, 2, 2, 2, 2, 1, -2, -2, -2, -2, -2]"
7293,dfs_bnb_mpi,0.115247,-5,6,34764,"[-1, -1, 2, 2, 1, 2, 1, 2, 1, -2, -2, -1, -2, -1]"
7294,dfs_bnb_mpi,0.022681,-5,6,5253,"[-1, -1, 2, 2, 2, 2, 1, -2, -2, -2, 1, 2, 2, 2]"
7295,dfs_bnb_mpi,0.213883,-6,7,46600,"[-1, -1, 2, -1, 2, 1, 2, 1, 1, -2, -1, -2, 1, 1]"
7296,dfs_bnb_mpi,0.054911,-4,5,13910,"[-1, -1, 2, 2, 2, 1, -2, -2, 1, 2, 2, 1, -2, -2]"
7297,dfs_bnb_mpi,0.088522,-4,4,24511,"[-1, -2, 1, 1, 2, 2, -1, -1, -1, -2, -2, -2, 1, 1]"
7298,dfs_bnb_mpi,0.013213,-4,5,3924,"[-1, -2, 1, 1, -2, 1, 1, -2, -1, -1, -1, 2, -1, -1]"
7299,dfs_bnb_mpi,0.186997,-6,7,41395,"[-1, -1, 2, -1, -2, -1, -2, 1, -2, 1, 2, 1, -2, 1]"
7300,dfs_bnb_mpi,0.03069,-5,6,9144,"[-1, -1, 2, -1, -2, -1, -1, -2, 1, 1, -2, 1, 2, 1]"
7301,dfs_bnb_mpi,0.00521,-5,6,1356,"[-1, -1, 2, -1, -2, -1, -2, 1, -2, 1, 2, 1, 1, 1]"
7302,dfs_bnb_mpi,0.024416,-4,5,6437,"[-1, -1, 2, 2, 2, 1, 2, -1, 2, -1, -2, -1, -2, 1]"
7303,dfs_bnb_mpi,0.002449,-3,3,741,"[-1, -1, 2, 2, 2, 2, 1, -2, 1, -2, -1, -2, 1, 1]"
7304,dfs_bnb_mpi,0.014702,-3,4,4532,"[-1, -1, 2, 2, 1, -2, 1, 1, 2, -1, 2, -1, 2, 2]"
7305,dfs_bnb_mpi,0.000319,-3,3,86,"[-1, -1, 2, 2, 2, 2, 2, 1, -2, 1, -2, -1, -2, 1]"
7306,dfs_bnb_mpi,0.060886,-4,5,18320,"[-1, -1, 2, 1, 2, -1, 2, -1, 2, -1, -2, -2, 1, -2]"
7307,dfs_bnb_mpi,0.088422,-4,5,26736,"[-1, -1, 2, 1, 1, 2, 2, 2, -1, -1, -2, -2, 1, 2]"
7308,dfs_bnb_mpi,0.052847,-5,6,14173,"[-1, -1, 2, 2, 2, 1, 1, 1, -2, -2, -1, 2, -1, -2]"
7309,dfs_bnb_mpi,0.325576,-4,5,89308,"[-1, -1, 2, 2, 2, 2, 2, 1, -2, -2, -2, 1, -2, -1]"
7310,dfs_bnb_mpi,0.002836,-5,6,829,"[-1, -2, 1, 1, 1, 2, -1, 2, 2, 2, -1, -2, -2, -1]"
7311,dfs_bnb_mpi,0.043591,-4,4,13148,"[-1, -1, 2, 1, 2, -1, -1, -2, -2, -2, 1, 1, -2, -1]"
7312,dfs_bnb_mpi,0.00088,-4,5,237,"[-1, -1, 2, 1, 2, -1, 2, 1, 1, -2, -2, 1, 2, 2]"
7313,dfs_bnb_mpi,0.134421,-5,5,34704,"[-1, -1, 2, 2, 2, 2, 2, 1, -2, -2, 1, -2, -1, -2]"
7314,dfs_bnb_mpi,0.026899,-4,5,6840,"[-1, -1, 2, 2, 1, -2, 1, 2, 1, 2, -1, -1, 2, 2]"
7315,dfs_bnb_mpi,0.087375,-6,6,22924,"[-1, -2, 1, 1, 1, -2, -1, -1, -1, -2, 1, 1, -2, -1]"
7316,dfs_bnb_mpi,0.005483,-4,5,1585,"[-1, -1, 2, 2, -1, -2, -2, -2, -1, -2, 1, 1, 2, 1]"
7317,dfs_bnb_mpi,0.039395,-5,6,11356,"[-1, -1, 2, 2, 1, -2, 1, 2, 2, -1, -1, -1, -2, -2]"
7318,dfs_bnb_mpi,0.009858,-6,7,2709,"[-1, -1, 2, -1, 2, 2, 1, -2, 1, -2, 1, 1, -2, 1]"
7319,dfs_bnb_mpi,0.331582,-2,3,81182,"[-1, -1, 2, 2, 2, 2, 2, 2, 2, 2, 1, 1, -2, -1]"
7320,dfs_bnb_mpi,0.000115,-2,3,31,"[-1, -1, 2, 2, 2, 2, 2, 1, -2, -2, 1, 2, 2, 2]"
7321,dfs_bnb_mpi,0.033109,-4,5,7382,"[-1, -1, 2, -1, -2, -2, 1, 1, 1, -2, -1, -1, -1, -1]"
7322,dfs_bnb_mpi,0.155728,-4,5,38322,"[-1, -1, 2, 2, 2, 1, 1, 1, -2, -2, -1, 2, -1, -2]"
7323,dfs_bnb_mpi,0.144934,-7,7,32104,"[-1, -1, 2, 2, 2, 2, 1, 1, -2, -1, -2, 1, -2, -1]"
7324,dfs_bnb_mpi,0.087846,-6,7,22257,"[-1, -2, -2, 1, 2, 1, 1, 2, -1, 2, -1, 2, -1, -2]"
7325,dfs_bnb_mpi,0.001783,-3,4,459,"[-1, -1, 2, -1, 2, -1, -2, -2, 1, -2, 1, 1, 1, 1]"
7326,dfs_bnb_mpi,0.265284,-6,7,60068,"[-1, -2, -2, -1, -1, -2, 1, 1, 1, 1, 2, 2, -1, -2]"
7327,dfs_bnb_mpi,0.007201,-6,6,1877,"[-1, -2, -1, 2, 2, 1, 1, 1, -2, -2, -1, -2, 1, 1]"
7328,dfs_bnb_mpi,0.000324,-2,3,99,"[-1, -1, 2, 2, 1, 2, -1, 2, -1, -2, -2, -1, 2, 2]"
7329,dfs_bnb_mpi,0.081098,-4,5,20968,"[-1, -1, 2, 2, 2, -1, -2, -2, -2, -1, 2, 2, 2, 2]"
7330,dfs_bnb_mpi,0.017216,-3,4,5197,"[-1, -1, 2, 2, 2, 2, 1, 1, -2, -2, -2, -1, 2, 2]"
7331,dfs_bnb_mpi,0.008941,-4,5,2359,"[-1, -1, 2, 1, 2, -1, -1, 2, -1, -2, -2, 1, -2, -1]"
7332,dfs_bnb_mpi,0.024293,-5,6,7114,"[-1, -1, 2, -1, 2, 1, 1, 2, 1, 1, -2, -1, -2, -1]"
7333,dfs_bnb_mpi,0.140593,-4,5,34520,"[-1, -1, 2, 2, 2, 1, 1, 1, -2, -2, -1, 2, -1, -2]"
7334,dfs_bnb_mpi,0.016349,-5,5,4725,"[-1, -1, 2, 2, 2, 2, 1, -2, -2, 1, 1, -2, -1, -1]"
7335,dfs_bnb_mpi,0.024719,-4,5,5601,"[-1, -1, 2, 2, 2, 2, 1, -2, -2, -2, 1, 2, 2, 2]"
7336,dfs_bnb_mpi,0.062981,-5,6,13902,"[-1, -1, 2, 2, -1, 2, -1, -2, -1, -2, 1, 1, -2, -1]"
7337,dfs_bnb_mpi,0.068201,-6,7,18229,"[-1, -1, 2, 2, 2, -1, -2, -1, -2, -2, -2, 1, 2, 2]"
7338,dfs_bnb_mpi,0.048831,-7,8,13309,"[-1, -2, 1, 1, -2, -1, -2, -1, 2, -1, 2, -1, 2, 1]"
7339,dfs_bnb_mpi,0.054847,-6,7,15660,"[-1, -2, -2, 1, 2, 1, 2, 2, 1, 2, 1, -2, -2, -1]"
7340,dfs_bnb_mpi,0.009856,-5,6,2278,"[-1, -1, 2, 2, 1, 1, -2, 1, 2, 1, -2, -2, -1, -2]"
7341,dfs_bnb_mpi,0.056418,-5,6,15392,"[-1, -1, 2, -1, 2, 2, -1, -2, -1, -2, 1, -2, 1, -2]"
7342,dfs_bnb_mpi,0.000154,-2,3,55,"[-1, -2, -2, 1, 2, 1, 2, 2, 2, 2, 2, 2, 2, 2]"
7343,dfs_bnb_mpi,0.002381,-2,3,735,"[-1, -1, 2, 2, -1, -2, -1, -1, -2, 1, 1, -2, 1, 1]"
7344,dfs_bnb_mpi,0.006118,-2,3,1765,"[-1, -1, 2, 2, 2, 2, 1, 2, -1, 2, -1, -2, -2, -1]"
7345,dfs_bnb_mpi,0.09388,-2,2,29034,"[-1, -1, 2, 2, 2, 2, 2, 2, 1, -2, -2, -2, -2, -2]"
7346,dfs_bnb_mpi,0.040387,-3,4,12199,"[-1, -1, 2, 2, 2, -1, -2, -1, -1, -2, 1, 1, -2, -1]"
7347,dfs_bnb_mpi,0.03027,-6,7,8425,"[-1, -2, -1, 2, -1, 2, 1, 2, 2, 1, 1, -2, -1, -2]"
7348,dfs_bnb_mpi,0.005362,-2,3,1645,"[-1, -1, 2, 2, 1, -2, 1, 2, 1, -2, -2, -2, -1, -1]"
7349,dfs_bnb_mpi,0.003333,-5,6,803,"[-1, -2, 1, -2, 1, 2, 2, 2, 2, -1, -2, -1, 2, 2]"
7350,dfs_bnb_mpi,0.030542,-6,7,8556,"[-1, -1, 2, 2, 1, -2, 1, 1, 2, 2, 2, -1, -2, -2]"
7351,dfs_bnb_mpi,0.030929,-5,6,9115,"[-1, -2, -1, 2, 2, 2, 1, -2, 1, 1, 2, 2, -1, -2]"
7352,dfs_bnb_mpi,0.07924,-4,5,23016,"[-1, -1, 2, 2, 2, 2, 2, 1, -2, -2, -2, 1, -2, -1]"
7353,dfs_bnb_mpi,5.3e-05,0,1,15,"[-1, -1, 2, 2, 2, 2, 2, 2, 2, 2, 2, 2, 2, 2]"
7354,dfs_bnb_mpi,0.057281,-5,6,16254,"[-1, -1, 2, 2, 2, -1, -2, -1, -1, -2, 1, -2, 1, 2]"
7355,dfs_bnb_mpi,0.144327,-6,7,40065,"[-1, -1, 2, 1, 1, 2, 1, 1, -2, 1, -2, -1, -1, 2]"
7356,dfs_bnb_mpi,0.069131,-5,6,18666,"[-1, -1, 2, 2, 2, 1, 1, 1, -2, -2, -1, 2, -1, -2]"
7357,dfs_bnb_mpi,0.013955,-6,6,3906,"[-1, -2, -1, 2, 2, 1, 2, 2, 1, -2, -2, 1, 2, 2]"
7358,dfs_bnb_mpi,0.161532,-4,5,38938,"[-1, -1, 2, 2, 2, 1, 1, 1, -2, -2, -1, 2, -1, -2]"
7359,dfs_bnb_mpi,0.281922,-6,7,62159,"[-1, -2, -2, -1, -1, -1, 2, 1, 1, 2, -1, 2, 1, 1]"
7360,dfs_bnb_mpi,0.168441,-6,7,39681,"[-1, -1, 2, 1, 2, 2, 1, 1, -2, 1, -2, -1, -1, 2]"
7361,dfs_bnb_mpi,0.120647,-3,4,37237,"[-1, -2, 1, 1, 2, 2, 2, 2, 2, 1, -2, -2, -2, -2]"
7362,dfs_bnb_mpi,0.000587,-2,3,182,"[-1, -1, 2, -1, -2, -1, -1, -2, 1, 1, 1, 1, 1, 1]"
7363,dfs_bnb_mpi,0.066357,-5,6,15413,"[-1, -1, 2, 2, -1, -1, -1, -2, -2, 1, 2, 1, -2, -2]"
7364,dfs_bnb_mpi,0.127012,-5,6,35698,"[-1, -1, 2, 2, 2, 1, 2, -1, -1, -2, -1, -2, 1, -2]"
7365,dfs_bnb_mpi,0.001914,-3,4,556,"[-1, -1, 2, 2, 2, -1, -2, -2, -1, -2, 1, -2, 1, 1]"
7366,dfs_bnb_mpi,0.10623,-6,7,29614,"[-1, -2, -1, 2, -1, 2, 1, 2, 1, 1, 1, -2, -1, -1]"
7367,dfs_bnb_mpi,0.000132,-2,3,45,"[-1, -1, 2, 1, 2, 1, -2, 1, 2, 2, 2, 2, 2, 2]"
7368,dfs_bnb_mpi,0.030389,-7,7,7632,"[-1, -2, 1, 1, -2, -1, -2, 1, 1, 2, 2, 2, -1, 2]"
7369,dfs_bnb_mpi,0.093187,-4,5,26053,"[-1, -1, 2, 2, 2, 2, 2, 1, -2, 1, -2, -2, -1, 2]"
7370,dfs_bnb_mpi,0.007931,-6,7,2286,"[-1, -2, -1, 2, 2, 1, 1, 2, 1, -2, -2, -2, -1, -2]"
7371,dfs_bnb_mpi,0.000172,-2,3,52,"[-1, -1, 2, 2, 1, 1, -2, 1, -2, 1, 2, 2, 2, 2]"
7372,dfs_bnb_mpi,0.00094,-3,4,299,"[-1, -1, 2, -1, -2, -2, 1, 1, -2, 1, 2, 1, 2, 2]"
7373,dfs_bnb_mpi,0.001765,-5,6,516,"[-1, -1, 2, -1, -1, -2, 1, -2, 1, -2, 1, 2, 1, 1]"
7374,dfs_bnb_mpi,0.087345,-7,8,23393,"[-1, -1, -1, 2, 2, 2, 1, 1, -2, 1, -2, -1, -1, 2]"
7375,dfs_bnb_mpi,0.004237,-4,5,1243,"[-1, -1, 2, 2, 1, 2, 1, -2, 1, 1, -2, -1, -1, -1]"
7376,dfs_bnb_mpi,0.029906,-6,7,6996,"[-1, -1, 2, 2, -1, 2, -1, -2, -2, 1, -2, -2, -1, 2]"
7377,dfs_bnb_mpi,3.8e-05,0,1,15,"[-1, -1, 2, 2, 2, 2, 2, 2, 2, 2, 2, 2, 2, 2]"
7378,dfs_bnb_mpi,0.001772,-4,5,544,"[-1, -1, 2, -1, -2, -1, -2, 1, -2, 1, 2, 1, 1, 1]"
7379,dfs_bnb_mpi,0.064037,-5,6,18073,"[-1, -1, 2, 2, 2, -1, -2, -1, -2, -1, -2, 1, 1, 2]"
7380,dfs_bnb_mpi,0.115192,-5,5,31039,"[-1, -1, 2, 2, -1, -2, -1, -1, -2, -2, 1, 1, 2, -1]"
7381,dfs_bnb_mpi,0.130659,-5,6,37020,"[-1, -1, 2, -1, -2, -2, -1, -2, 1, -2, 1, 2, 2, 1]"
7382,dfs_bnb_mpi,0.024208,-4,5,6532,"[-1, -1, 2, -1, -2, -1, 2, -1, -2, -2, 1, 1, 1, 1]"
7383,dfs_bnb_mpi,0.054683,-5,5,15419,"[-1, -2, 1, 1, 2, 2, 2, 1, -2, 1, 1, -2, -1, -1]"
7384,dfs_bnb_mpi,0.008631,-4,5,2502,"[-1, -2, 1, 1, 1, 2, -1, 2, 2, 2, -1, -2, -2, -1]"
7385,dfs_bnb_mpi,0.045035,-7,7,10194,"[-1, -1, 2, 2, 2, 1, -2, -2, 1, 2, 1, 1, -2, -1]"
7386,dfs_bnb_mpi,0.011363,-4,5,3320,"[-1, -1, 2, 1, 2, -1, -1, 2, -1, -2, -1, -2, 1, 1]"
7387,dfs_bnb_mpi,0.003675,-4,5,1084,"[-1, -1, 2, 2, 1, 2, -1, 2, -1, -1, -2, 1, -2, -1]"
7388,dfs_bnb_mpi,0.008036,-5,6,1825,"[-1, -1, 2, 2, 2, 1, -2, -2, 1, 2, 1, 2, -1, 2]"
7389,dfs_bnb_mpi,0.065545,-5,6,14414,"[-1, -1, 2, 2, 2, -1, -1, -2, 1, -2, -1, -2, 1, -2]"
7390,dfs_bnb_mpi,0.052358,-4,5,11663,"[-1, -2, -1, -1, 2, 1, 2, 2, 2, 1, -2, -2, 1, 2]"
7391,dfs_bnb_mpi,0.033985,-4,5,8992,"[-1, -1, 2, 1, 2, 2, -1, -2, -1, -2, -2, -1, -2, 1]"
7392,dfs_bnb_mpi,0.032327,-6,7,8258,"[-1, -1, 2, 2, 1, 2, 2, 1, -2, -2, 1, -2, -1, -1]"
7393,dfs_bnb_mpi,0.039943,-4,5,11333,"[-1, -1, -1, 2, 2, 1, -2, 1, 2, 2, 1, -2, -2, 1]"
7394,dfs_bnb_mpi,0.050291,-2,3,12142,"[-1, -1, 2, 2, 2, 2, 2, 2, 1, -2, -2, -2, 1, 2]"
7395,dfs_bnb_mpi,0.021816,-5,6,5978,"[-1, -1, 2, 2, 2, 2, 1, 1, -2, -1, -2, -2, 1, 2]"
7396,dfs_bnb_mpi,0.002736,-4,4,693,"[-1, -2, 1, -2, 1, 1, 2, -1, 2, 1, 2, 2, 2, 2]"
7397,dfs_bnb_mpi,0.071456,-7,8,17118,"[-1, -2, 1, 1, 2, 1, 2, 2, -1, -1, -1, -2, 1, 1]"
7398,dfs_bnb_mpi,0.004821,-4,5,1209,"[-1, -2, -1, -1, -2, 1, 1, 1, 2, 1, 1, 2, -1, 2]"
7399,dfs_bnb_mpi,0.020183,-6,7,5422,"[-1, -1, 2, 2, 1, 2, 2, 1, -2, 1, -2, -1, -2, -1]"
7400,dfs_bnb_mpi,0.143258,-4,4,35372,"[-1, -1, 2, 2, 2, 2, 2, 1, -2, -2, -2, 1, -2, -1]"
7401,dfs_bnb_mpi,0.008887,-6,7,2281,"[-1, -1, 2, 2, 1, -2, 1, 2, 1, -2, 1, -2, -1, -2]"
7402,dfs_bnb_mpi,0.019788,-5,6,5307,"[-1, -1, 2, 2, 2, 1, -2, 1, 2, 2, -1, 2, -1, -2]"
7403,dfs_bnb_mpi,0.004458,-5,6,1183,"[-1, -1, 2, 1, 1, 2, -1, 2, -1, -2, -1, -2, -1, 2]"
7404,dfs_bnb_mpi,0.000133,-2,3,36,"[-1, -1, 2, 2, 2, 2, 2, 2, 2, 1, 2, -1, -1, -2]"
7405,dfs_bnb_mpi,0.058317,-5,6,13675,"[-1, -1, 2, 2, 2, 2, 1, -2, 1, -2, -1, -2, 1, 1]"
7406,dfs_bnb_mpi,0.042801,-4,5,12749,"[-1, -1, 2, 2, 2, 1, 1, 1, -2, -2, -1, 2, -1, -2]"
7407,dfs_bnb_mpi,0.047407,-5,6,14232,"[-1, -1, 2, 2, 2, 1, 1, 1, -2, -2, -1, 2, -1, -2]"
7408,dfs_bnb_mpi,0.025672,-6,7,6911,"[-1, -2, -1, -2, -2, 1, 2, 1, 2, 1, -2, -2, -1, -2]"
7409,dfs_bnb_mpi,0.026411,-7,7,6771,"[-1, -2, 1, 1, 2, 1, 2, -1, 2, -1, -2, -1, 2, 2]"
7410,dfs_bnb_mpi,0.000896,-5,6,253,"[-1, -1, 2, 1, 2, 2, -1, -2, -1, -1, -2, 1, -2, -1]"
7411,dfs_bnb_mpi,0.032003,-4,5,8288,"[-1, -1, 2, 1, 2, -1, 2, 1, 1, -2, -2, 1, 2, 2]"
7412,dfs_bnb_mpi,0.282336,-4,5,72396,"[-1, -2, 1, 1, 2, 2, -1, -1, 2, -1, -2, -1, -2, 1]"
7413,dfs_bnb_mpi,0.024235,-5,6,6237,"[-1, -1, -1, 2, 1, 1, 1, 2, 2, -1, -2, -1, 2, 2]"
7414,dfs_bnb_mpi,0.014938,-5,6,4079,"[-1, -1, 2, 1, 2, 2, 1, -2, -2, 1, -2, -2, -1, -1]"
7415,dfs_bnb_mpi,0.037985,-2,3,10430,"[-1, -1, 2, 2, 2, 1, 2, 2, 2, -1, -2, -2, -1, -2]"
7416,dfs_bnb_mpi,0.009053,-6,6,2714,"[-1, -1, 2, 1, 2, 1, -2, 1, -2, -2, -1, -2, -1, 2]"
7417,dfs_bnb_mpi,0.059977,-5,6,16462,"[-1, -2, 1, -2, 1, 2, 2, 2, 2, 1, -2, -2, -2, 1]"
7418,dfs_bnb_mpi,0.002463,-5,6,647,"[-1, -1, 2, 2, -1, 2, -1, -1, -2, 1, -2, -2, 1, 2]"
7419,dfs_bnb_mpi,0.004923,-5,5,1451,"[-1, -1, 2, 1, 1, 1, 2, -1, 2, -1, -2, -1, 2, 2]"
7420,dfs_bnb_mpi,0.161305,-8,8,35773,"[-1, -2, -2, -2, 1, 1, 2, 1, 2, 2, -1, -2, -1, -2]"
7421,dfs_bnb_mpi,0.007883,-3,4,2468,"[-1, -1, -1, 2, 1, 2, 2, 2, 1, -2, -2, -2, 1, 2]"
7422,dfs_bnb_mpi,0.052354,-7,8,13636,"[-1, -1, -1, 2, 1, 1, 1, 2, -1, 2, -1, -1, -2, 1]"
7423,dfs_bnb_mpi,0.048217,-5,6,11882,"[-1, -1, 2, -1, -2, -2, 1, -2, 1, 2, 1, 1, -2, -1]"
7424,dfs_bnb_mpi,0.06832,-5,6,17014,"[-1, -1, 2, -1, 2, 1, 2, 2, 1, -2, -2, 1, -2, -1]"
7425,dfs_bnb_mpi,0.148542,-4,5,41684,"[-1, -1, 2, -1, 2, 2, 1, 1, 1, -2, -2, -1, 2, -1]"
7426,dfs_bnb_mpi,0.041723,-4,4,12481,"[-1, -1, 2, 2, 2, 2, 1, -2, 1, 1, -2, -1, -1, -2]"
7427,dfs_bnb_mpi,0.000348,-2,3,86,"[-1, -1, 2, 2, 2, 2, 2, 1, -2, 1, -2, -1, -2, 1]"
7428,dfs_bnb_mpi,0.014229,-6,7,4262,"[-1, -1, 2, 1, 1, 1, -2, -2, -1, -2, -1, -1, 2, 1]"
7429,dfs_bnb_mpi,0.007366,-4,5,2197,"[-1, -2, -1, 2, 2, 1, 1, 2, -1, 2, -1, -2, -1, 2]"
7430,dfs_bnb_mpi,0.004341,-4,5,1256,"[-1, -1, 2, 2, 1, -2, 1, 1, 2, -1, 2, -1, 2, 2]"
7431,dfs_bnb_mpi,0.060079,-6,7,16057,"[-1, -1, 2, 1, 1, 1, 1, -2, -1, -2, -1, -1, -2, 1]"
7432,dfs_bnb_mpi,0.007758,-6,7,2120,"[-1, -1, 2, 2, -1, -1, 2, 1, 1, 1, -2, 1, -2, -1]"
7433,dfs_bnb_mpi,0.003288,-3,4,1013,"[-1, -1, 2, 2, 2, 2, 1, -2, 1, -2, -1, -2, 1, 1]"
7434,dfs_bnb_mpi,0.035154,-4,5,9687,"[-1, -1, 2, 2, 2, 1, 1, 1, -2, -1, -1, -2, 1, 1]"
7435,dfs_bnb_mpi,0.004457,-2,3,1384,"[-1, -1, 2, 1, 2, 2, 2, -1, -2, -2, -1, -1, -2, 1]"
7436,dfs_bnb_mpi,0.433286,-4,5,95799,"[-1, -1, 2, 2, 2, 2, 2, 2, 1, -2, 1, -2, -1, -2]"
7437,dfs_bnb_mpi,0.007181,-5,6,2230,"[-1, -2, -1, 2, 2, 1, 2, 2, 1, -2, -2, 1, -2, 1]"
7438,dfs_bnb_mpi,0.193414,-6,7,42872,"[-1, -1, 2, 1, 1, 2, 2, -1, -2, -1, 2, -1, -2, -2]"
7439,dfs_bnb_mpi,9.6e-05,-1,2,27,"[-1, -1, 2, 2, 2, 2, 1, -2, -2, 1, 2, 2, 2, 2]"
7440,dfs_bnb_mpi,0.021335,-6,6,5089,"[-1, -2, -2, 1, 2, 1, 2, 2, 1, -2, -2, -2, -1, -2]"
7441,dfs_bnb_mpi,0.004876,-4,5,1379,"[-1, -1, 2, 2, 1, 2, -1, 2, -1, -2, -2, -1, -2, 1]"
7442,dfs_bnb_mpi,0.020811,-2,3,5132,"[-1, -1, 2, -1, -2, -2, 1, -2, -2, 1, 2, 2, 1, 1]"
7443,dfs_bnb_mpi,0.006287,-7,8,1757,"[-1, -1, 2, 1, 1, 1, -2, -2, -1, -2, -1, 2, -1, -1]"
7444,dfs_bnb_mpi,0.094818,-6,7,22939,"[-1, -1, 2, 1, 2, 2, 1, 2, 1, -2, -2, -2, -1, 2]"
7445,dfs_bnb_mpi,0.00066,-4,5,190,"[-1, -1, 2, 1, 2, 1, -2, 1, -2, 1, 2, 2, 2, 2]"
7446,dfs_bnb_mpi,0.075701,-3,4,23040,"[-1, -2, -1, 2, 2, -1, 2, 1, 2, 1, -2, -2, 1, 2]"
7447,dfs_bnb_mpi,0.118289,-6,7,32852,"[-1, -2, -1, 2, -1, 2, 1, 2, 2, 1, -2, 1, -2, -1]"
7448,dfs_bnb_mpi,0.035198,-5,6,9884,"[-1, -2, 1, 1, 2, 1, 2, -1, -1, 2, -1, -1, -2, 1]"
7449,dfs_bnb_mpi,0.053267,-4,4,13166,"[-1, -2, -1, 2, -1, -1, 2, 2, 1, -2, 1, 2, 1, -2]"
7450,dfs_bnb_mpi,0.012071,-4,4,3579,"[-1, -1, 2, 2, -1, 2, 1, 2, 1, -2, -2, -2, 1, 2]"
7451,dfs_bnb_mpi,0.003579,-3,4,1012,"[-1, -1, 2, 2, 1, -2, 1, 2, 2, 2, -1, -2, -1, 2]"
7452,dfs_bnb_mpi,0.180378,-6,7,42893,"[-1, -1, 2, -1, -1, -2, 1, -2, -1, -2, 1, 1, 2, 1]"
7453,dfs_bnb_mpi,0.011673,-5,6,3292,"[-1, -1, 2, 1, 2, 1, -2, 1, 2, 1, -2, -2, -1, -2]"
7454,dfs_bnb_mpi,0.008455,-4,5,2292,"[-1, -1, 2, 2, 1, -2, 1, 2, 2, 1, -2, -2, 1, 2]"
7455,dfs_bnb_mpi,0.119542,-4,5,36897,"[-1, -1, 2, 2, 1, 2, 1, 2, 1, -2, -2, -1, -2, -1]"
7456,dfs_bnb_mpi,0.019399,-4,5,5479,"[-1, -1, 2, 2, 2, 1, -2, -2, 1, 1, 2, 2, -1, -2]"
7457,dfs_bnb_mpi,0.001019,-2,3,284,"[-1, -1, 2, 2, 2, 1, 2, -1, 2, -1, -2, -2, -1, 2]"
7458,dfs_bnb_mpi,4.7e-05,0,1,15,"[-1, -1, 2, 2, 2, 2, 2, 2, 2, 2, 2, 2, 2, 2]"
7459,dfs_bnb_mpi,0.003067,-5,6,884,"[-1, -1, -1, 2, 1, 2, 1, -2, 1, 1, -2, 1, 2, 2]"
7460,dfs_bnb_mpi,0.036286,-4,5,10935,"[-1, -1, 2, 2, 1, -2, 1, 1, 1, 2, -1, -1, 2, -1]"
7461,dfs_bnb_mpi,0.03175,-3,4,9597,"[-1, -1, 2, 2, 1, 2, 1, -2, 1, 1, -2, -1, -1, -1]"
7462,dfs_bnb_mpi,0.110131,-5,6,32903,"[-1, -1, 2, 2, 1, 1, 2, 1, -2, 1, -2, -1, -1, -1]"
7463,dfs_bnb_mpi,0.06249,-4,4,15144,"[-1, -1, 2, 2, 2, -1, -2, -1, -1, -2, 1, 1, -2, -1]"
7464,dfs_bnb_mpi,0.040955,-7,8,9597,"[-1, -1, -1, -1, 2, 2, 2, 1, -2, -2, 1, 2, 1, -2]"
7465,dfs_bnb_mpi,0.006033,-2,3,1871,"[-1, -1, 2, 2, 2, 2, 2, 1, -2, 1, 1, -2, -1, -1]"
7466,dfs_bnb_mpi,0.042561,-6,7,9816,"[-1, -1, 2, 1, 2, 2, -1, -2, -1, 2, -1, -2, -2, 1]"
7467,dfs_bnb_mpi,0.01454,-3,3,4493,"[-1, -1, 2, 2, 2, 2, 1, -2, -2, -2, 1, 2, 2, 2]"
7468,dfs_bnb_mpi,0.025714,-5,6,7446,"[-1, -1, 2, 2, 1, -2, 1, 2, 2, 2, 2, -1, -2, -2]"
7469,dfs_bnb_mpi,0.046098,-3,4,13748,"[-1, -1, 2, 2, 2, 1, 1, 1, -2, -2, -1, 2, -1, -2]"
7470,dfs_bnb_mpi,0.220706,-5,6,49196,"[-1, -1, 2, -1, 2, 2, 2, 1, 1, -2, -1, -2, 1, -2]"
7471,dfs_bnb_mpi,0.210241,-5,6,55952,"[-1, -1, 2, 2, 2, 1, 1, 2, 1, -2, -2, -1, -1, -2]"
7472,dfs_bnb_mpi,0.010322,-3,4,2775,"[-1, -1, 2, 1, 2, 2, 1, -2, -2, 1, 1, 2, -1, 2]"
7473,dfs_bnb_mpi,0.018282,-5,6,4977,"[-1, -1, 2, 1, 1, 2, 1, 2, -1, 2, -1, -2, -2, -1]"
7474,dfs_bnb_mpi,0.000131,-2,3,36,"[-1, -1, 2, 2, 2, 2, 1, -2, -2, -2, 1, 2, 2, 2]"
7475,dfs_bnb_mpi,0.003212,-4,5,889,"[-1, -1, 2, -1, 2, -1, -2, -2, 1, -2, 1, 1, 1, 1]"
7476,dfs_bnb_mpi,0.189736,-4,5,45183,"[-1, -1, 2, 2, 2, 2, 1, 1, -2, -1, -2, 1, -2, -1]"
7477,dfs_bnb_mpi,0.022593,-5,6,5908,"[-1, -1, 2, -1, -2, -1, -2, 1, -2, 1, 2, 1, 1, 1]"
7478,dfs_bnb_mpi,7.3e-05,-1,2,26,"[-1, -1, 2, 1, 1, 2, 2, 2, 2, 2, 2, 2, 2, 2]"
7479,dfs_bnb_mpi,0.002755,-3,4,697,"[-1, -1, 2, 2, 2, -1, -2, -2, -2, -1, 2, 2, 2, 2]"
7480,dfs_bnb_mpi,0.089428,-4,5,24960,"[-1, -2, 1, 1, -2, -1, -1, -2, -1, 2, 2, 2, 2, 1]"
7481,dfs_bnb_mpi,0.047951,-7,7,13616,"[-1, -2, 1, 1, 1, -2, -1, -2, -2, -1, 2, -1, 2, 1]"
7482,dfs_bnb_mpi,0.155487,-5,6,37086,"[-1, -1, 2, 2, 2, 1, 2, 1, -2, 1, -2, -1, -1, -2]"
7483,dfs_bnb_mpi,0.01922,-7,8,5471,"[-1, -2, -2, 1, 2, 1, 2, 1, 2, -1, -1, 2, -1, -2]"
7484,dfs_bnb_mpi,0.027274,-5,5,6465,"[-1, -1, 2, 2, 2, -1, -1, -2, 1, -2, -1, -2, 1, -2]"
7485,dfs_bnb_mpi,0.008795,-6,7,2032,"[-1, -2, 1, 1, 2, 1, -2, -2, -1, -1, -1, -1, 2, 2]"
7486,dfs_bnb_mpi,0.332792,-4,5,98108,"[-1, -1, 2, 2, 1, 2, 1, -2, 1, 1, -2, -1, -1, -1]"
7487,dfs_bnb_mpi,0.056143,-7,8,13363,"[-1, -1, 2, 2, 2, 1, 1, -2, -1, -2, 1, 1, 2, 2]"
7488,dfs_bnb_mpi,0.002476,-6,7,724,"[-1, -1, 2, 1, 1, 2, -1, 2, -1, -2, -1, -2, -2, -1]"
7489,dfs_bnb_mpi,0.199451,-5,6,51031,"[-1, -1, 2, 2, 2, 2, 1, 1, -2, -2, -2, -1, 2, 2]"
7490,dfs_bnb_mpi,0.038887,-7,7,11370,"[-1, -1, 2, 1, 1, 1, -2, 1, -2, -1, -2, -1, 2, -1]"
7491,dfs_bnb_mpi,0.003285,-6,6,956,"[-1, -1, 2, 1, 2, -1, -1, 2, 1, 1, 1, -2, -2, 1]"
7492,dfs_bnb_mpi,0.129729,-7,8,29152,"[-1, -1, -1, 2, -1, 2, 1, 2, 1, 1, -2, -1, -2, 1]"
7493,dfs_bnb_mpi,0.058105,-5,6,17000,"[-1, -1, 2, 1, 2, -1, 2, -1, 2, -1, -2, -2, 1, -2]"
7494,dfs_bnb_mpi,0.014649,-4,5,4343,"[-1, -1, 2, 1, 2, 1, -2, 1, 1, 2, -1, 2, -1, 2]"
7495,dfs_bnb_mpi,0.00092,-4,5,281,"[-1, -1, 2, -1, 2, -1, -1, -2, 1, -2, 1, -2, 1, 1]"
7496,dfs_bnb_mpi,0.003921,-5,5,1016,"[-1, -2, 1, 1, 2, 2, -1, -1, -1, -2, -2, -1, 2, 2]"
7497,dfs_bnb_mpi,0.073391,-6,6,17474,"[-1, -1, 2, 1, 2, 1, -2, 1, 1, -2, -1, -2, -1, -1]"
7498,dfs_bnb_mpi,0.120001,-5,5,28622,"[-1, -1, 2, 2, 1, -2, 1, 2, 2, 1, -2, 1, -2, -1]"
7499,dfs_bnb_mpi,0.021877,-5,6,5238,"[-1, -1, 2, -1, -2, -2, 1, -2, 1, 2, 1, -2, 1, 2]"
7500,dfs_bnb_mpi,0.011143,-6,7,2728,"[-1, -2, 1, 1, 2, 2, 1, -2, -2, 1, 2, 2, 2, 2]"
7501,dfs_bnb_mpi,0.040507,-4,5,12266,"[-1, -1, 2, 2, -1, 2, -1, -2, -1, -2, 1, 1, -2, -1]"
7502,dfs_bnb_mpi,0.025917,-6,7,6590,"[-1, -1, 2, -1, -1, -2, 1, -2, 1, -2, -1, -1, 2, -1]"
7503,dfs_bnb_mpi,0.041339,-3,4,12742,"[-1, -1, 2, 2, 2, 1, 2, 2, 1, -2, -2, -2, -1, -2]"
7504,dfs_bnb_mpi,0.057156,-4,4,14243,"[-1, -1, 2, 1, 1, 2, 2, 2, 1, -2, -2, 1, -2, -1]"
7505,dfs_bnb_mpi,0.000109,-2,3,40,"[-1, -2, 1, 1, -2, -1, -1, -1, 2, 2, 2, 2, 2, 2]"
7506,dfs_bnb_mpi,0.006672,-7,8,1904,"[-1, -1, 2, 2, 1, -2, 1, 1, -2, -2, -1, -2, -1, 2]"
7507,dfs_bnb_mpi,0.09859,-6,7,23949,"[-1, -1, 2, 2, 2, 1, 1, 1, -2, -1, -1, -2, 1, 1]"
7508,dfs_bnb_mpi,0.001173,-3,3,285,"[-1, -1, 2, 2, 2, 1, -2, -2, 1, 2, 2, 2, 2, 2]"
7509,dfs_bnb_mpi,0.183939,-6,7,43323,"[-1, -1, -1, 2, 2, 2, 2, 1, -2, 1, -2, -1, -2, 1]"
7510,dfs_bnb_mpi,0.004387,-3,4,1145,"[-1, -1, 2, 2, 2, 2, 1, -2, 1, -2, -1, -2, 1, 1]"
7511,dfs_bnb_mpi,0.097783,-5,6,29156,"[-1, -1, 2, 1, 2, 2, 2, 1, -2, 1, -2, -2, -1, 2]"
7512,dfs_bnb_mpi,0.000395,-2,3,124,"[-1, -1, 2, 2, 2, 1, -2, -2, 1, 2, 2, 1, -2, -2]"
7513,dfs_bnb_mpi,0.032437,-7,8,8454,"[-1, -1, 2, 1, 1, 2, 1, -2, -2, -2, -1, -1, -2, 1]"
7514,dfs_bnb_mpi,0.003984,-5,6,1168,"[-1, -1, 2, 1, 1, 2, 1, 1, -2, -1, -2, -2, -1, -1]"
7515,dfs_bnb_mpi,0.00138,-6,7,404,"[-1, -1, 2, 1, 1, 1, 2, -1, -1, 2, -1, -2, -1, 2]"
7516,dfs_bnb_mpi,0.016318,-6,7,3765,"[-1, -1, 2, 2, 1, -2, 1, 2, 1, -2, 1, -2, -1, -2]"
7517,dfs_bnb_mpi,0.080928,-5,6,19562,"[-1, -1, 2, -1, 2, 1, 2, 2, 1, -2, -2, 1, -2, -1]"
7518,dfs_bnb_mpi,0.131591,-4,5,33122,"[-1, -1, 2, 2, 1, 2, 2, 2, 1, -2, -2, -2, -2, -1]"
7519,dfs_bnb_mpi,0.028432,-2,3,8398,"[-1, -1, 2, 2, 2, 2, 2, 2, 2, 1, 2, -1, -1, -2]"
7520,dfs_bnb_mpi,0.023409,-6,7,6747,"[-1, -1, 2, 1, 2, -1, -1, 2, -1, -1, -2, 1, -2, 1]"
7521,dfs_bnb_mpi,0.024486,-4,5,6915,"[-1, -2, -1, 2, 2, 1, 2, 2, 2, 1, 1, -2, -1, -2]"
7522,dfs_bnb_mpi,0.000872,-3,4,247,"[-1, -2, -1, 2, 2, 2, 1, -2, 1, 2, 2, 2, 2, 2]"
7523,dfs_bnb_mpi,0.010099,-6,7,2895,"[-1, -1, 2, -1, 2, 1, 2, 1, -2, 1, 1, -2, -1, -1]"
7524,dfs_bnb_mpi,0.16205,-6,7,38722,"[-1, -1, 2, 2, 1, 1, 2, 1, 1, -2, -1, -2, -1, -1]"
7525,dfs_bnb_mpi,0.150579,-5,6,42584,"[-1, -1, -1, 2, 1, 2, 1, 2, 2, 1, -2, -2, -2, -1]"
7526,dfs_bnb_mpi,0.095252,-5,6,27234,"[-1, -2, -2, -1, 2, 2, -1, 2, 1, 2, 1, 1, -2, -1]"
7527,dfs_bnb_mpi,0.026241,-2,3,8024,"[-1, -1, 2, 2, 2, 2, 2, 1, -2, 1, 1, -2, -1, -1]"
7528,dfs_bnb_mpi,0.145173,-4,5,42032,"[-1, -1, 2, 2, 1, 2, 1, 2, 1, -2, -2, -1, -2, -1]"
7529,dfs_bnb_mpi,0.061935,-4,5,17510,"[-1, -1, 2, 2, -1, -1, -1, -2, 1, 1, -2, -2, -1, 2]"
7530,dfs_bnb_mpi,0.041919,-5,6,9757,"[-1, -1, 2, 1, 2, 2, 1, 2, 1, -2, -2, -1, -2, 1]"
7531,dfs_bnb_mpi,0.069138,-5,6,16312,"[-1, -1, 2, 2, -1, -1, -1, -2, -2, 1, 2, 1, -2, -2]"
7532,dfs_bnb_mpi,0.015062,-4,4,4253,"[-1, -2, -1, -2, -1, 2, 2, 1, 2, 2, 1, -2, 1, 2]"
7533,dfs_bnb_mpi,4.7e-05,0,1,15,"[-1, -1, 2, 2, 2, 2, 2, 2, 2, 2, 2, 2, 2, 2]"
7534,dfs_bnb_mpi,0.013799,-2,3,4035,"[-1, -1, 2, 2, 2, 1, 2, 2, -1, -2, -1, -1, -2, 1]"
7535,dfs_bnb_mpi,0.010617,-5,6,3124,"[-1, -1, 2, 1, 2, 1, -2, 1, 2, 1, -2, -2, -1, -2]"
7536,dfs_bnb_mpi,0.000415,-4,5,130,"[-1, -2, -1, -1, 2, 1, 2, 2, 1, -2, 1, 2, 2, 2]"
7537,dfs_bnb_mpi,0.037587,-6,7,10188,"[-1, -2, 1, 1, 2, 1, -2, -2, -1, -2, -1, 2, -1, -1]"
7538,dfs_bnb_mpi,0.003972,-4,5,1202,"[-1, -2, 1, 1, 1, -2, -1, -2, -2, -1, 2, 2, -1, -1]"
7539,dfs_bnb_mpi,0.056955,-6,7,16463,"[-1, -2, 1, -2, -2, -1, 2, -1, 2, -1, 2, 1, 2, 1]"
7540,dfs_bnb_mpi,0.002063,-5,6,603,"[-1, -2, 1, 1, 2, 1, 2, -1, 2, -1, -2, -1, 2, 2]"
7541,dfs_bnb_mpi,0.040897,-5,5,11363,"[-1, -1, 2, 1, 2, 2, 1, -2, -2, 1, -2, -2, -1, -1]"
7542,dfs_bnb_mpi,0.004241,-5,6,1144,"[-1, -1, 2, 1, 2, 2, 1, -2, -2, 1, 1, 2, -1, 2]"
7543,dfs_bnb_mpi,0.085287,-4,5,24465,"[-1, -2, 1, -2, -1, -2, -1, -1, 2, 1, 2, 2, 2, 1]"
7544,dfs_bnb_mpi,0.018171,-4,5,5060,"[-1, -1, -1, 2, 2, 2, 1, -2, -2, 1, 2, 1, -2, 1]"
7545,dfs_bnb_mpi,0.086531,-6,7,23352,"[-1, -1, 2, 2, -1, 2, 2, 1, -2, 1, -2, 1, -2, -1]"
7546,dfs_bnb_mpi,0.018087,-6,7,4724,"[-1, -1, 2, 1, 2, 2, -1, -2, -1, 2, -1, -2, -2, 1]"
7547,dfs_bnb_mpi,0.001035,-2,3,330,"[-1, -1, 2, 2, 1, -2, 1, 1, -2, -2, -1, -1, -1, -1]"
7548,dfs_bnb_mpi,0.003262,-2,3,850,"[-1, -1, 2, 2, 2, 2, 2, 2, 1, 2, -1, -1, -2, -1]"
7549,dfs_bnb_mpi,0.000167,-2,3,59,"[-1, -2, 1, 1, 1, -2, -1, -1, -1, -1, 2, 2, 2, 2]"
7550,dfs_bnb_mpi,0.054072,-4,5,13956,"[-1, -1, 2, 2, 2, -1, -2, -1, -2, 1, -2, -1, -1, 2]"
7551,dfs_bnb_mpi,0.001467,-4,5,397,"[-1, -1, 2, 2, 1, -2, 1, 2, 2, 1, -2, 1, 2, 2]"
7552,dfs_bnb_mpi,0.056087,-5,6,13613,"[-1, -2, 1, -2, 1, 2, 2, 1, 2, -1, 2, -1, -2, -1]"
7553,dfs_bnb_mpi,0.032189,-6,7,7688,"[-1, -1, 2, 1, 2, 2, 1, -2, -2, 1, 2, 1, 2, -1]"
7554,dfs_bnb_mpi,0.046808,-3,4,12605,"[-1, -1, 2, 2, 2, 2, 1, -2, 1, -2, -1, -2, 1, 1]"
7555,dfs_bnb_mpi,0.036266,-6,6,8218,"[-1, -1, 2, -1, -2, -1, -2, 1, 1, 1, -2, -1, -1, -1]"
7556,dfs_bnb_mpi,0.004427,-4,5,1293,"[-1, -1, 2, 1, 2, 2, -1, -2, -1, -2, -1, -2, 1, -2]"
7557,dfs_bnb_mpi,0.16824,-7,8,37819,"[-1, -2, -1, -2, 1, -2, -2, 1, 2, 2, 2, 1, -2, -2]"
7558,dfs_bnb_mpi,0.057921,-3,4,14159,"[-1, -1, 2, 2, 2, 2, 2, 1, 1, -2, -1, -2, 1, 1]"
7559,dfs_bnb_mpi,0.234366,-5,6,60580,"[-1, -1, 2, 2, 2, 2, 2, 1, -2, 1, -2, -1, -2, -2]"
7560,dfs_bnb_mpi,0.051835,-7,8,12539,"[-1, -1, -1, 2, 1, 1, 1, 2, -1, 2, -1, -1, -2, 1]"
7561,dfs_bnb_mpi,0.003366,-4,5,809,"[-1, -1, 2, 2, 1, -2, 1, 1, 1, -2, -1, -2, 1, 1]"
7562,dfs_bnb_mpi,0.010356,-4,5,2607,"[-1, -2, 1, -2, -1, -1, -1, 2, 1, 2, 2, 1, 2, 2]"
7563,dfs_bnb_mpi,0.00862,-4,5,2485,"[-1, -1, 2, 2, 2, 2, -1, -2, -2, -2, -1, -2, 1, -2]"
7564,dfs_bnb_mpi,0.070131,-5,6,20203,"[-1, -2, 1, 1, 2, 1, -2, -2, -1, -1, -1, -2, 1, 1]"
7565,dfs_bnb_mpi,0.003912,-4,5,1216,"[-1, -2, 1, 1, 1, 1, 2, -1, -1, 2, -1, 2, 2, 2]"
7566,dfs_bnb_mpi,0.075763,-6,6,20807,"[-1, -1, 2, 2, -1, 2, 2, 1, -2, 1, -2, 1, -2, -1]"
7567,dfs_bnb_mpi,0.054781,-6,7,15801,"[-1, -1, 2, 2, 1, -2, 1, 2, 2, 2, -1, -1, -2, 1]"
7568,dfs_bnb_mpi,4.7e-05,0,1,15,"[-1, -1, 2, 2, 2, 2, 2, 2, 2, 2, 2, 2, 2, 2]"
7569,dfs_bnb_mpi,0.006708,-4,5,1992,"[-1, -2, -1, -2, 1, -2, 1, 2, 2, 1, 2, 2, 2, 2]"
7570,dfs_bnb_mpi,0.006843,-6,7,1944,"[-1, -1, 2, 2, 1, -2, 1, 2, 2, 1, -2, -2, -2, 1]"
7571,dfs_bnb_mpi,0.26296,-5,6,59305,"[-1, -1, 2, 2, 2, 2, 2, 2, 1, -2, -2, -2, -2, -2]"
7572,dfs_bnb_mpi,0.027589,-4,5,7141,"[-1, -1, 2, 2, 2, 2, 1, 1, -2, -1, -2, -2, 1, 2]"
7573,dfs_bnb_mpi,0.051657,-6,7,15013,"[-1, -1, 2, -1, 2, 1, 2, 2, 1, -2, 1, -2, -1, -2]"
7574,dfs_bnb_mpi,0.043649,-7,8,11895,"[-1, -2, 1, 1, 2, 2, 1, 2, -1, -1, -2, -1, -1, -2]"
7575,dfs_bnb_mpi,0.007899,-4,4,2313,"[-1, -1, 2, 2, 2, 2, 1, -2, 1, -2, -1, -2, 1, 1]"
7576,dfs_bnb_mpi,0.009849,-3,4,2933,"[-1, -1, 2, 1, 2, 1, -2, 1, 1, -2, -1, -2, 1, 1]"
7577,dfs_bnb_mpi,0.002749,-4,5,715,"[-1, -1, 2, 2, 2, 1, -2, -2, 1, 1, 2, -1, 2, 2]"
7578,dfs_bnb_mpi,0.000149,-1,2,42,"[-1, -1, 2, 2, 2, 2, 1, -2, -2, -2, 1, 2, 2, 2]"
7579,dfs_bnb_mpi,0.068927,-4,5,19482,"[-1, -1, 2, 1, 2, 1, 2, 2, -1, -2, -1, -2, -1, -2]"
7580,dfs_bnb_mpi,0.050518,-7,8,13338,"[-1, -1, 2, -1, -2, -2, 1, 1, -2, -2, -1, -1, 2, 1]"
7581,dfs_bnb_mpi,0.001029,-3,4,300,"[-1, -1, 2, 2, 1, 2, -1, 2, 2, -1, -2, -2, -2, -1]"
7582,dfs_bnb_mpi,0.030655,-6,7,8847,"[-1, -1, 2, 2, -1, -1, -2, -1, -2, -2, 1, 2, 1, 2]"
7583,dfs_bnb_mpi,0.143348,-5,6,35163,"[-1, -2, -1, -1, -2, 1, 1, -2, 1, 1, 2, 2, -1, -2]"
7584,dfs_bnb_mpi,0.11318,-7,8,31339,"[-1, -2, 1, 1, -2, 1, -2, -1, -1, -2, -1, 2, 2, 1]"
7585,dfs_bnb_mpi,0.286649,-3,4,89013,"[-1, -1, 2, 1, 2, 2, 2, 1, 1, -2, -2, -2, -1, 2]"
7586,dfs_bnb_mpi,0.007505,-4,5,1845,"[-1, -1, 2, -1, 2, 2, -1, -2, -2, -2, 1, -2, 1, 1]"
7587,dfs_bnb_mpi,0.042705,-4,5,12284,"[-1, -1, 2, 1, 2, 2, -1, -2, -1, 2, -1, -2, -2, 1]"
7588,dfs_bnb_mpi,0.045395,-7,8,11385,"[-1, -2, 1, 1, 2, 1, 2, 2, -1, -1, -1, -2, 1, 1]"
7589,dfs_bnb_mpi,0.029637,-4,5,8460,"[-1, -2, 1, 1, 2, 1, 2, -1, -1, 2, -1, -2, -1, 2]"
7590,dfs_bnb_mpi,0.004696,-4,5,1233,"[-1, -1, 2, 2, 1, -2, 1, 2, 2, 1, -2, 1, 2, 2]"
7591,dfs_bnb_mpi,0.005044,-5,6,1343,"[-1, -2, -1, 2, -1, 2, 1, 1, 2, -1, -1, 2, 2, 2]"
7592,dfs_bnb_mpi,0.018838,-7,8,5029,"[-1, -1, 2, 2, 1, -2, 1, 1, -2, -2, -1, -1, -1, -1]"
7593,dfs_bnb_mpi,0.07703,-6,7,19584,"[-1, -1, 2, 2, -1, 2, 1, 2, 1, -2, -2, 1, -2, -1]"
7594,dfs_bnb_mpi,0.13061,-6,7,37454,"[-1, -1, 2, 1, 2, -1, -1, -2, -2, -1, -2, 1, 1, 1]"
7595,dfs_bnb_mpi,0.00802,-6,5,2236,"[-1, -1, 2, 2, 1, -2, 1, 2, 2, 1, -2, 1, -2, -1]"
7596,dfs_bnb_mpi,0.003952,-4,5,1157,"[-1, -1, 2, 1, 2, 1, -2, 1, 2, 1, -2, -2, -1, -2]"
7597,dfs_bnb_mpi,0.034334,-5,6,9799,"[-1, -2, 1, 1, 2, 2, -1, 2, 2, 2, -1, -2, -2, -2]"
7598,dfs_bnb_mpi,0.019685,-3,4,6225,"[-1, -1, 2, -1, -2, -2, -1, -1, -2, 1, 1, 1, 2, 1]"
7599,dfs_bnb_mpi,0.135985,-6,7,38823,"[-1, -1, 2, 2, 2, 1, -2, 1, 1, 1, -2, -1, -1, -1]"
7600,dfs_bnb_mpi,0.003827,-3,3,1187,"[-1, -1, 2, 2, 2, 1, -2, -2, 1, 1, -2, -2, -1, -1]"
7601,dfs_bnb_mpi,0.112651,-7,8,27608,"[-1, -1, 2, 2, 2, 1, 1, 1, -2, -2, -1, 2, -1, -2]"
7602,dfs_bnb_mpi,0.012943,-7,7,3553,"[-1, -1, 2, 1, 2, 1, -2, 1, -2, -2, -1, -1, -1, -1]"
7603,dfs_bnb_mpi,0.002617,-5,5,707,"[-1, -1, 2, -1, 2, -1, -2, -2, 1, -2, -2, 1, 2, 1]"
7604,dfs_bnb_mpi,0.035548,-4,5,10204,"[-1, -2, -1, -1, -2, 1, 1, 1, 2, 1, 2, 2, 1, -2]"
7605,dfs_bnb_mpi,0.007196,-5,6,1983,"[-1, -1, 2, -1, -2, -2, 1, 1, 1, 1, 2, 2, -1, 2]"
7606,dfs_bnb_mpi,0.018818,-6,7,5164,"[-1, -2, 1, 1, 2, 1, 2, -1, -1, 2, 2, -1, -2, -2]"
7607,dfs_bnb_mpi,0.005385,-6,6,1438,"[-1, -1, 2, 2, 1, -2, 1, 1, -2, -2, -1, -1, -1, -1]"
7608,dfs_bnb_mpi,0.023397,-7,8,5745,"[-1, -2, 1, 1, 2, 2, 1, 1, -2, -1, -2, -2, 1, 2]"
7609,dfs_bnb_mpi,7e-05,0,1,15,"[-1, -1, 2, 2, 2, 2, 2, 2, 2, 2, 2, 2, 2, 2]"
7610,dfs_bnb_mpi,0.021453,-5,6,6180,"[-1, -1, 2, 1, 1, 2, 2, 1, -2, 1, -2, -2, -1, 2]"
7611,dfs_bnb_mpi,0.075442,-5,6,17061,"[-1, -2, -1, 2, -1, 2, 2, 1, -2, 1, 2, 2, -1, 2]"
7612,dfs_bnb_mpi,0.01726,-4,4,5034,"[-1, -1, -1, 2, 1, 1, 2, 2, 1, -2, -2, 1, 2, 2]"
7613,dfs_bnb_mpi,0.016951,-5,6,4635,"[-1, -2, -1, 2, -1, 2, -1, 2, 1, 1, -2, 1, 2, 2]"
7614,dfs_bnb_mpi,0.203758,-4,5,48230,"[-1, -1, 2, -1, -1, 2, -1, -2, -2, -2, 1, 2, 1, -2]"
7615,dfs_bnb_mpi,0.012227,-6,7,3343,"[-1, -1, 2, 1, 1, 2, -1, 2, -1, -2, -1, -2, -2, -1]"
7616,dfs_bnb_mpi,0.142454,-4,5,34243,"[-1, -1, 2, 2, 2, 2, 1, 1, -2, -1, -2, 1, -2, -1]"
7617,dfs_bnb_mpi,0.327542,-3,4,88252,"[-1, -1, 2, 2, 2, 2, -1, -2, -2, -2, -2, -2, 1, 1]"
7618,dfs_bnb_mpi,0.009237,-5,6,2520,"[-1, -1, 2, 1, 1, 1, -2, 1, 2, 2, -1, -1, 2, 2]"
7619,dfs_bnb_mpi,0.391652,-3,4,89007,"[-1, -1, 2, 2, 2, 2, 2, 1, -2, -2, -2, 1, -2, -1]"
7620,dfs_bnb_mpi,0.025048,-5,6,6215,"[-1, -1, 2, 2, -1, 2, 2, -1, -2, -2, -2, 1, -2, -1]"
7621,dfs_bnb_mpi,0.125978,-5,6,34814,"[-1, -1, 2, 1, 2, 2, -1, -1, -1, -2, -2, 1, 2, 1]"
7622,dfs_bnb_mpi,0.009649,-7,7,2740,"[-1, -1, 2, 1, 1, 2, -1, 2, -1, -2, -1, -1, -2, 1]"
7623,dfs_bnb_mpi,0.003046,-4,5,856,"[-1, -1, 2, 2, -1, -2, -2, -1, -2, 1, -2, 1, 2, 1]"
7624,dfs_bnb_mpi,0.027621,-4,5,7081,"[-1, -1, 2, 2, 2, -1, -2, -1, -1, -2, 1, 1, -2, -1]"
7625,dfs_bnb_mpi,0.003036,-5,6,793,"[-1, -2, 1, -2, 1, 2, 1, 2, -1, 2, 1, 2, 2, 2]"
7626,dfs_bnb_mpi,0.03763,-4,5,10748,"[-1, -1, 2, 1, 2, -1, 2, 2, -1, -2, -1, -2, 1, -2]"
7627,dfs_bnb_mpi,0.01222,-5,5,2924,"[-1, -1, 2, 2, 2, 1, 2, 1, -2, -2, -1, -2, 1, 1]"
7628,dfs_bnb_mpi,0.015132,-5,5,4339,"[-1, -1, 2, 2, 2, -1, -2, -1, -1, -2, 1, -2, 1, 2]"
7629,dfs_bnb_mpi,0.060397,-4,5,18395,"[-1, -1, 2, -1, -2, -2, 1, -2, 1, 1, 1, 2, -1, -1]"
7630,dfs_bnb_mpi,0.000874,-4,5,234,"[-1, -1, 2, -1, -2, -2, 1, -2, 1, 2, 1, 1, 2, 2]"
7631,dfs_bnb_mpi,0.026506,-6,7,6434,"[-1, -1, 2, 1, 1, 2, 1, 1, -2, -1, -2, -2, 1, 2]"
7632,dfs_bnb_mpi,0.00061,-2,3,146,"[-1, -1, 2, 2, 2, 2, 2, 2, 1, 2, 1, -2, -2, -1]"
7633,dfs_bnb_mpi,0.020053,-6,7,4513,"[-1, -2, 1, 1, 2, 1, 2, 2, -1, -2, -1, 2, 2, 2]"
7634,dfs_bnb_mpi,0.012058,-5,5,3627,"[-1, -1, 2, 1, 2, 2, 1, -2, -2, 1, -2, -2, -1, -1]"
7635,dfs_bnb_mpi,0.013069,-5,6,3828,"[-1, -1, 2, 2, -1, -2, -2, -2, 1, -2, 1, 2, 1, 1]"
7636,dfs_bnb_mpi,0.031528,-6,7,7710,"[-1, -1, 2, 2, 2, -1, -2, -1, -2, 1, -2, -2, -1, 2]"
7637,dfs_bnb_mpi,0.02645,-4,5,7296,"[-1, -1, 2, -1, -2, -1, -1, -2, 1, 1, 1, 1, -2, -1]"
7638,dfs_bnb_mpi,0.001901,-4,5,519,"[-1, -1, 2, -1, 2, 1, 2, 2, 1, -2, -2, -2, 1, 2]"
7639,dfs_bnb_mpi,0.08804,-4,5,26309,"[-1, -2, -1, 2, 2, -1, 2, 1, 1, 2, 1, -2, -2, -1]"
7640,dfs_bnb_mpi,0.041956,-3,4,12572,"[-1, -1, 2, 2, 1, 2, -1, -1, 2, -1, -2, -2, 1, -2]"
7641,dfs_bnb_mpi,0.003947,-4,5,1198,"[-1, -1, 2, -1, -2, -1, -2, 1, -2, -2, 1, 2, 2, 1]"
7642,dfs_bnb_mpi,0.012011,-3,4,3704,"[-1, -1, 2, 1, 2, -1, -1, -2, -1, -1, -2, 1, 1, -2]"
7643,dfs_bnb_mpi,0.001874,-4,4,454,"[-1, -1, 2, 2, 1, -2, 1, 2, 2, 2, 2, 2, 2, 2]"
7644,dfs_bnb_mpi,0.018911,-6,7,5460,"[-1, -1, 2, -1, 2, 1, 1, 2, 1, -2, 1, -2, -1, -1]"
7645,dfs_bnb_mpi,0.000361,-2,3,88,"[-1, -1, 2, 2, 2, 2, 1, -2, 1, -2, -1, -2, 1, 1]"
7646,dfs_bnb_mpi,0.126844,-5,6,37292,"[-1, -1, 2, -1, -2, -1, -2, 1, -2, -2, 1, 2, 2, 1]"
7647,dfs_bnb_mpi,0.14924,-3,4,36560,"[-1, -1, 2, 2, 2, 2, 2, 1, -2, -2, -2, 1, -2, -1]"
7648,dfs_bnb_mpi,0.034839,-6,6,9879,"[-1, -1, 2, 2, 2, -1, 2, 1, 1, -2, 1, -2, -1, -2]"
7649,dfs_bnb_mpi,0.010428,-6,7,2808,"[-1, -2, 1, 1, 2, 2, 1, -2, 1, 1, -2, -1, -1, -2]"
7650,dfs_bnb_mpi,0.000687,-4,5,199,"[-1, -2, -1, 2, 2, 1, 2, 1, -2, 1, 2, 2, 2, 2]"
7651,dfs_bnb_mpi,0.042247,-6,7,12381,"[-1, -2, -1, -1, 2, 1, 2, 1, 2, 2, -1, -2, -1, -2]"
7652,dfs_bnb_mpi,0.000483,-1,2,121,"[-1, -1, 2, 2, 2, 2, -1, -2, -2, -2, -2, -1, 2, 2]"
7653,dfs_bnb_mpi,0.094296,-7,8,24216,"[-1, -1, 2, 1, 1, 2, 1, -2, 1, -2, -1, -2, -1, -1]"
7654,dfs_bnb_mpi,0.00114,-4,5,343,"[-1, -1, 2, 1, 1, 2, 2, 1, -2, -2, 1, -2, -1, -2]"
7655,dfs_bnb_mpi,0.020523,-4,5,4664,"[-1, -1, 2, 2, 2, 1, -2, -2, 1, 2, 1, -2, 1, 2]"
7656,dfs_bnb_mpi,0.100066,-4,5,29527,"[-1, -2, 1, 1, 2, 2, 2, 1, -2, 1, 1, -2, -1, -1]"
7657,dfs_bnb_mpi,0.003708,-4,5,1090,"[-1, -1, 2, 2, -1, 2, -1, -1, -2, 1, -2, 1, -2, -1]"
7658,dfs_bnb_mpi,0.003715,-6,7,989,"[-1, -1, 2, 2, 1, -2, 1, 1, -2, -2, -1, -1, -1, -1]"
7659,dfs_bnb_mpi,0.005039,-4,5,1448,"[-1, -1, 2, 2, 2, 1, 2, -1, -1, -2, -1, -2, 1, -2]"
7660,dfs_bnb_mpi,0.006568,-4,5,1859,"[-1, -1, 2, 2, 2, 1, -2, -2, 1, 2, 1, 2, -1, 2]"
7661,dfs_bnb_mpi,0.005482,-5,6,1574,"[-1, -2, -1, -2, 1, -2, -2, 1, 2, 2, 2, 1, 2, 2]"
7662,dfs_bnb_mpi,0.005336,-4,5,1414,"[-1, -2, 1, 1, -2, -1, -1, -1, 2, 2, 2, 2, 2, 2]"
7663,dfs_bnb_mpi,0.000473,-2,3,154,"[-1, -2, 1, 1, 2, 2, -1, -1, 2, 2, 2, 2, 2, 2]"
7664,dfs_bnb_mpi,0.002744,-5,5,820,"[-1, -1, 2, 1, 1, 2, 2, 1, -2, -2, 1, -2, -1, -2]"
7665,dfs_bnb_mpi,0.001453,-4,5,442,"[-1, -1, 2, -1, -2, -2, 1, 1, -2, 1, 2, 1, 2, 2]"
7666,dfs_bnb_mpi,0.007748,-2,3,1943,"[-1, -1, 2, 2, 2, 2, 2, 1, -2, 1, -2, -1, -2, 1]"
7667,dfs_bnb_mpi,0.051934,-6,7,13783,"[-1, -1, 2, 2, 2, 1, 1, 1, -2, -2, -1, 2, -1, -2]"
7668,dfs_bnb_mpi,0.003467,-3,4,1023,"[-1, -1, 2, 2, 2, 2, 1, 2, 1, -2, -2, -2, -1, 2]"
7669,dfs_bnb_mpi,0.05144,-4,5,15378,"[-1, -1, 2, 1, 2, -1, 2, -1, -2, -1, -1, -2, 1, 1]"
7670,dfs_bnb_mpi,0.093784,-7,8,24996,"[-1, -1, 2, -1, 2, 1, 1, 2, 1, -2, 1, -2, -1, -1]"
7671,dfs_bnb_mpi,0.003445,-3,4,1081,"[-1, -2, 1, 1, 2, 1, -2, -2, -1, -1, -1, -1, 2, 2]"
7672,dfs_bnb_mpi,0.210612,-6,7,55103,"[-1, -2, -1, 2, -1, 2, 2, 2, 1, 1, -2, -1, -2, 1]"
7673,dfs_bnb_mpi,0.055007,-3,4,12446,"[-1, -1, 2, 2, 2, 2, 1, -2, 1, -2, -1, -2, 1, 1]"
7674,dfs_bnb_mpi,0.115972,-7,8,28745,"[-1, -1, 2, 1, 2, 2, 1, 1, 1, -2, -1, -1, -2, 1]"
7675,dfs_bnb_mpi,0.001358,-2,3,389,"[-1, -1, 2, 2, 2, 1, 2, 2, -1, -2, -1, -2, -1, 2]"
7676,dfs_bnb_mpi,0.022596,-4,5,6633,"[-1, -1, 2, 2, 2, 1, 1, 2, -1, 2, -1, -2, -1, -2]"
7677,dfs_bnb_mpi,0.004792,-2,3,1471,"[-1, -1, 2, 2, 2, 2, 1, -2, -2, 1, 1, -2, -1, -1]"
7678,dfs_bnb_mpi,0.018483,-6,7,4360,"[-1, -1, 2, -1, 2, 1, 1, -2, 1, 2, 2, -1, -1, 2]"
7679,dfs_bnb_mpi,0.002924,-3,4,868,"[-1, -1, 2, 1, 1, 2, -1, -1, 2, 2, -1, -2, -2, -2]"
7680,dfs_bnb_mpi,0.007666,-5,6,2146,"[-1, -1, 2, 2, 2, 1, 1, -2, -1, -2, 1, 1, 2, 2]"
7681,dfs_bnb_mpi,0.104156,-4,4,33121,"[-1, -1, 2, 2, 1, 2, 2, 2, 1, -2, -2, -2, -2, -1]"
7682,dfs_bnb_mpi,0.024243,-3,4,6622,"[-1, -1, 2, -1, -1, 2, -1, -2, -2, 1, 1, -2, 1, 1]"
7683,dfs_bnb_mpi,0.029071,-5,6,7761,"[-1, -1, 2, -1, 2, 1, 2, 1, 1, -2, -1, -2, 1, 1]"
7684,dfs_bnb_mpi,0.117993,-4,5,33218,"[-1, -1, 2, 2, 1, 2, 2, 1, -2, -2, 1, -2, -1, -1]"
7685,dfs_bnb_mpi,0.191647,-3,4,44782,"[-1, -1, -1, 2, 1, 2, 2, 2, 1, -2, -2, 1, -2, -1]"
7686,dfs_bnb_mpi,0.003238,-2,3,1028,"[-1, -1, 2, 2, 2, 1, -2, 1, 2, 1, -2, -2, -1, -1]"
7687,dfs_bnb_mpi,0.008452,-7,8,2146,"[-1, -1, 2, 2, 2, 1, -2, -2, 1, 1, 2, 2, -1, -2]"
7688,dfs_bnb_mpi,0.007798,-6,7,2022,"[-1, -2, -1, 2, 2, 2, 1, -2, 1, 1, -2, -2, -1, -2]"
7689,dfs_bnb_mpi,0.008903,-4,5,2188,"[-1, -1, 2, 2, 2, 1, 2, 1, -2, 1, -2, -1, -1, -2]"
7690,dfs_bnb_mpi,0.125939,-5,6,37483,"[-1, -1, 2, -1, 2, 1, 1, 2, 2, 1, -2, -2, -2, -1]"
7691,dfs_bnb_mpi,0.060445,-4,5,15964,"[-1, -1, 2, 2, 2, 2, -1, -2, -2, -1, -2, 1, -2, -1]"
7692,dfs_bnb_mpi,0.034093,-5,5,8917,"[-1, -1, 2, 2, 1, -2, 1, 2, 2, 1, -2, 1, -2, -1]"
7693,dfs_bnb_mpi,0.007916,-4,5,1972,"[-1, -1, 2, 2, 2, 1, 2, 1, -2, 1, -2, -1, -1, -2]"
7694,dfs_bnb_mpi,0.009864,-5,6,2956,"[-1, -1, 2, 2, -1, -2, -2, -2, 1, -2, 1, 1, 2, -1]"
7695,dfs_bnb_mpi,0.048486,-2,3,14270,"[-1, -1, 2, 2, 2, 2, 2, 2, 2, 1, -2, 1, -2, -1]"
7696,dfs_bnb_mpi,0.0023,-4,5,562,"[-1, -1, 2, -1, 2, 2, 2, 1, -2, -2, 1, -2, 1, 2]"
7697,dfs_bnb_mpi,4.6e-05,0,1,15,"[-1, -1, 2, 2, 2, 2, 2, 2, 2, 2, 2, 2, 2, 2]"
7698,dfs_bnb_mpi,0.001905,-3,4,527,"[-1, -1, 2, -1, -2, -1, -2, 1, -2, -1, -1, 2, 2, 2]"
7699,dfs_bnb_mpi,0.162634,-5,6,42030,"[-1, -1, 2, 2, 2, 1, -2, 1, 2, 1, -2, -2, -1, -1]"
7700,dfs_bnb_mpi,0.11101,-4,5,31172,"[-1, -2, 1, 1, -2, -1, -1, -2, -1, 2, 2, 2, 2, 1]"
7701,dfs_bnb_mpi,0.07719,-6,7,17563,"[-1, -1, 2, 1, 2, 2, 1, 1, -2, -1, -2, 1, 1, 2]"
7702,dfs_bnb_mpi,0.103506,-3,3,32820,"[-1, -1, 2, -1, 2, 2, 2, 2, 1, -2, -2, -2, 1, -2]"
7703,dfs_bnb_mpi,0.012753,-3,4,3166,"[-1, -2, 1, 1, 2, 2, -1, -1, -1, -1, -2, 1, -2, -1]"
7704,dfs_bnb_mpi,0.029568,-6,7,8136,"[-1, -1, 2, 2, 1, -2, 1, 2, 1, 1, -2, -2, -1, 2]"
7705,dfs_bnb_mpi,0.000306,-2,3,95,"[-1, -1, 2, 1, 2, -1, 2, -1, -2, -2, -1, 2, 2, 2]"
7706,dfs_bnb_mpi,0.070911,-4,5,16157,"[-1, -1, 2, 2, 2, 2, 1, 1, -2, -2, -1, -2, 1, 1]"
7707,dfs_bnb_mpi,0.004305,-5,6,1112,"[-1, -1, 2, 2, 2, 1, -2, -2, 1, 2, 2, 1, -2, 1]"
7708,dfs_bnb_mpi,0.000679,-1,2,212,"[-1, -1, 2, 2, 2, 2, 2, 2, 1, -2, -2, -2, -2, -2]"
7709,dfs_bnb_mpi,0.001534,-4,5,409,"[-1, -2, 1, -2, 1, 2, 2, 2, 1, -2, 1, 2, 2, 2]"
7710,dfs_bnb_mpi,0.011563,-5,6,3507,"[-1, -1, 2, 1, 2, -1, -1, 2, -1, -2, -2, 1, -2, -1]"
7711,dfs_bnb_mpi,0.01433,-3,3,4512,"[-1, -1, 2, -1, 2, 2, 2, 1, -2, -2, 1, -2, 1, 2]"
7712,dfs_bnb_mpi,0.012784,-4,5,3542,"[-1, -2, 1, 1, 2, 1, -2, -2, -2, -1, 2, -1, -1, -1]"
7713,dfs_bnb_mpi,0.003426,-4,5,965,"[-1, -1, 2, -1, -1, -2, 1, -2, 1, 1, -2, -1, -1, -1]"
7714,dfs_bnb_mpi,0.160438,-4,5,38872,"[-1, -1, 2, 2, 2, 1, 1, 1, -2, -2, -1, 2, -1, -2]"
7715,dfs_bnb_mpi,0.004472,-2,3,1359,"[-1, -1, 2, 2, 2, 2, 1, -2, 1, 1, -2, -1, -1, -2]"
7716,dfs_bnb_mpi,0.021821,-8,9,5907,"[-1, -1, 2, 1, 1, 1, -2, -2, -1, -2, -1, -1, 2, 1]"
7717,dfs_bnb_mpi,0.07007,-5,6,18641,"[-1, -1, 2, 2, 1, -2, 1, 1, 2, 1, 2, -1, -1, -2]"
7718,dfs_bnb_mpi,0.000311,-2,3,84,"[-1, -1, 2, 2, 2, 2, 2, 2, 1, -2, 1, -2, -1, -2]"
7719,dfs_bnb_mpi,0.001315,-2,3,364,"[-1, -1, 2, 2, 2, 1, -2, -2, 1, 1, 2, -1, 2, 2]"
7720,dfs_bnb_mpi,0.190493,-4,5,48955,"[-1, -1, 2, 2, 2, 2, 1, 2, 1, -2, 1, -2, -1, -1]"
7721,dfs_bnb_mpi,0.041267,-4,5,11797,"[-1, -1, 2, 2, 1, -2, 1, 2, 1, -2, -2, -2, -1, -1]"
7722,dfs_bnb_mpi,0.005623,-6,7,1546,"[-1, -2, 1, 1, 1, 2, -1, 2, -1, 2, -1, -2, -1, 2]"
7723,dfs_bnb_mpi,0.009673,-5,6,2782,"[-1, -1, 2, -1, 2, -1, 2, -1, -2, -2, 1, -2, 1, -2]"
7724,dfs_bnb_mpi,0.023334,-5,6,6596,"[-1, -1, 2, 2, 1, 2, 2, 1, -2, -2, 1, -2, -1, -1]"
7725,dfs_bnb_mpi,0.098401,-5,5,25632,"[-1, -1, 2, 2, 1, -2, 1, 2, 2, 1, -2, 1, -2, -1]"
7726,dfs_bnb_mpi,0.002508,-6,6,619,"[-1, -1, 2, 2, 1, -2, 1, 2, 1, -2, -2, 1, 2, 2]"
7727,dfs_bnb_mpi,0.185449,-4,5,48303,"[-1, -1, 2, 2, 2, 2, 1, 1, -2, -2, -2, -1, 2, 2]"
7728,dfs_bnb_mpi,0.02074,-6,7,4987,"[-1, -1, -1, 2, 1, 2, 1, -2, 1, 2, 2, -1, -1, 2]"
7729,dfs_bnb_mpi,6.8e-05,-1,2,28,"[-1, -2, 1, 1, 2, 2, 2, 2, 2, 2, 2, 2, 2, 2]"
7730,dfs_bnb_mpi,0.009881,-6,7,2519,"[-1, -2, -1, -2, 1, -2, 1, 2, 2, 1, 2, 2, -1, 2]"
7731,dfs_bnb_mpi,0.096312,-4,5,29376,"[-1, -1, 2, -1, 2, -1, -2, -1, -2, -2, 1, 1, 2, -1]"
7732,dfs_bnb_mpi,0.004302,-4,5,1218,"[-1, -1, 2, 1, 1, 2, 2, 1, -2, -2, 1, -2, -1, -2]"
7733,dfs_bnb_mpi,0.008431,-5,6,2397,"[-1, -1, 2, 1, 1, 2, 1, -2, 1, 1, -2, -1, -1, -2]"
7734,dfs_bnb_mpi,0.091335,-5,6,26933,"[-1, -2, 1, 1, 2, 1, 2, -1, -1, 2, -1, -2, -1, -2]"
7735,dfs_bnb_mpi,0.004502,-5,6,1114,"[-1, -1, -1, -1, 2, 2, 1, -2, 1, 2, 1, -2, 1, 2]"
7736,dfs_bnb_mpi,0.045536,-4,5,13541,"[-1, -1, 2, 1, 2, 2, 1, 1, 1, -2, -1, -1, -2, 1]"
7737,dfs_bnb_mpi,0.022334,-7,8,5631,"[-1, -1, 2, 1, 2, 1, -2, 1, -2, -2, -2, -1, 2, -1]"
7738,dfs_bnb_mpi,0.04359,-7,8,10374,"[-1, -1, 2, 2, -1, 2, 2, 1, -2, 1, -2, 1, -2, -1]"
7739,dfs_bnb_mpi,0.02137,-7,8,5230,"[-1, -2, 1, 1, 2, 1, 2, 2, -1, -2, -1, -1, 2, 1]"
7740,dfs_bnb_mpi,0.037921,-6,7,11265,"[-1, -2, 1, 1, -2, 1, 1, -2, -1, -2, -1, 2, -1, 2]"
7741,dfs_bnb_mpi,0.065992,-6,6,18014,"[-1, -2, 1, 1, 2, 2, -1, 2, 2, -1, -2, -1, -2, 1]"
7742,dfs_bnb_mpi,0.026724,-4,5,7231,"[-1, -1, 2, -1, -2, -1, -1, -2, 1, 1, 1, 1, 1, 1]"
7743,dfs_bnb_mpi,0.110394,-5,6,30062,"[-1, -1, 2, 2, -1, -2, -1, -2, 1, -2, 1, -2, 1, 2]"
7744,dfs_bnb_mpi,0.002587,-5,6,778,"[-1, -1, 2, 1, 2, 2, -1, -2, -1, -2, -1, -2, 1, -2]"
7745,dfs_bnb_mpi,0.029196,-4,5,8168,"[-1, -1, 2, 2, -1, -1, -2, 1, -2, -2, -1, 2, -1, 2]"
7746,dfs_bnb_mpi,0.162976,-6,7,38371,"[-1, -1, 2, 1, 2, 2, 1, -2, -2, 1, -2, -2, -1, -1]"
7747,dfs_bnb_mpi,0.00832,-3,4,2410,"[-1, -1, 2, 1, 1, 2, -1, -1, 2, -1, -2, -2, -1, 2]"
7748,dfs_bnb_mpi,0.022644,-6,7,6269,"[-1, -1, 2, 2, 1, -2, 1, 2, 2, 1, -2, -2, -2, 1]"
7749,dfs_bnb_mpi,0.051283,-7,8,14550,"[-1, -2, 1, -2, 1, -2, 1, 2, 1, 2, -1, 2, -1, -2]"
7750,dfs_bnb_mpi,0.008343,-5,6,2250,"[-1, -1, 2, -1, 2, 2, -1, -2, -1, -2, 1, -2, 1, -2]"
7751,dfs_bnb_mpi,0.019229,-7,8,4871,"[-1, -1, 2, 2, 1, -2, 1, 1, 2, -1, 2, 2, 1, -2]"
7752,dfs_bnb_mpi,9e-05,-2,3,26,"[-1, -1, 2, 2, 2, 2, 2, 2, 1, -2, 1, -2, -1, -2]"
7753,dfs_bnb_mpi,0.076285,-4,5,23683,"[-1, -2, 1, 1, -2, -2, -1, -2, -1, -1, 2, 1, 2, 1]"
7754,dfs_bnb_mpi,0.061276,-4,5,14834,"[-1, -1, 2, 2, 1, -2, 1, 1, 1, -2, -1, -2, -1, -1]"
7755,dfs_bnb_mpi,0.059727,-7,8,16419,"[-1, -2, -1, -2, 1, -2, -2, 1, 2, 1, 2, 2, -1, -2]"
7756,dfs_bnb_mpi,0.003668,-4,5,1065,"[-1, -1, 2, 2, 1, -2, 1, 1, -2, -2, -2, -1, 2, -1]"
7757,dfs_bnb_mpi,0.00089,-4,5,251,"[-1, -2, 1, -2, 1, 2, 1, 2, -1, 2, 2, 2, 2, 2]"
7758,dfs_bnb_mpi,0.011086,-4,5,3462,"[-1, -2, 1, -2, -1, -1, 2, 2, 2, 1, 2, 1, -2, 1]"
7759,dfs_bnb_mpi,0.145732,-3,4,35068,"[-1, -1, 2, 2, 2, 2, 2, 2, 2, 1, -2, -2, -2, 1]"
7760,dfs_bnb_mpi,0.055534,-2,3,13539,"[-1, -1, 2, 2, 2, 2, 1, 1, -2, -2, 1, -2, -1, -1]"
7761,dfs_bnb_mpi,0.000137,-2,3,38,"[-1, -1, 2, 2, 2, 2, 2, 2, 2, 1, 1, -2, -1, -2]"
7762,dfs_bnb_mpi,0.003418,-3,4,1012,"[-1, -1, 2, 2, 1, -2, 1, 2, 2, 2, -1, -2, -1, 2]"
7763,dfs_bnb_mpi,0.006252,-7,8,1508,"[-1, -2, 1, 1, 1, 2, -1, 2, 1, 2, -1, -1, -2, -1]"
7764,dfs_bnb_mpi,0.023652,-5,5,7374,"[-1, -1, 2, 1, 2, 1, -2, 1, 2, 2, -1, -1, -1, -2]"
7765,dfs_bnb_mpi,0.024281,-5,6,6730,"[-1, -1, 2, 1, 1, 2, 2, 1, -2, 1, -2, -2, -1, 2]"
7766,dfs_bnb_mpi,0.020695,-7,8,5753,"[-1, -1, 2, -1, 2, 1, 1, 2, 1, -2, 1, -2, -1, -1]"
7767,dfs_bnb_mpi,0.023758,-6,7,5827,"[-1, -1, 2, 2, -1, -1, -1, -2, 1, 1, -2, -2, -1, 2]"
7768,dfs_bnb_mpi,0.023537,-4,5,6192,"[-1, -1, 2, 2, -1, -2, -1, -2, 1, -2, -1, -1, 2, 2]"
7769,dfs_bnb_mpi,0.009422,-4,5,2615,"[-1, -1, 2, -1, -2, -1, -2, 1, 1, 1, -2, -1, -1, -1]"
7770,dfs_bnb_mpi,0.206054,-5,6,52338,"[-1, -1, 2, 2, 2, 2, 1, -2, -2, 1, 1, -2, -1, -1]"
7771,dfs_bnb_mpi,0.004253,-5,5,1123,"[-1, -1, 2, 2, -1, 2, -1, -2, -1, -2, 1, -2, 1, 2]"
7772,dfs_bnb_mpi,0.047594,-6,7,12242,"[-1, -1, 2, 2, 1, 2, 2, 1, -2, -2, 1, -2, -1, -1]"
7773,dfs_bnb_mpi,0.063938,-6,7,15272,"[-1, -1, 2, -1, -2, -1, 2, -1, 2, 1, 1, 2, 1, -2]"
7774,dfs_bnb_mpi,4.4e-05,0,1,15,"[-1, -1, 2, 2, 2, 2, 2, 2, 2, 2, 2, 2, 2, 2]"
7775,dfs_bnb_mpi,0.058192,-5,5,13287,"[-1, -1, 2, 2, 2, 1, 2, 1, -2, -2, -1, -2, 1, 1]"
7776,dfs_bnb_mpi,0.03164,-4,5,8430,"[-1, -1, 2, 2, 2, 1, 2, 1, -2, 1, -2, -1, -1, -2]"
7777,dfs_bnb_mpi,0.00129,-2,3,404,"[-1, -1, 2, 2, 1, -2, 1, 2, 1, -2, -2, -2, -1, -1]"
7778,dfs_bnb_mpi,0.003189,-3,4,772,"[-1, -1, 2, 2, 1, -2, 1, 2, 2, -1, 2, 2, 2, 2]"
7779,dfs_bnb_mpi,0.00016,-2,3,44,"[-1, -1, 2, 2, 2, 2, 1, 1, -2, -1, -2, 1, 1, 2]"
7780,dfs_bnb_mpi,0.001824,-4,5,504,"[-1, -1, 2, 1, 1, 2, 1, -2, 1, -2, -1, -2, 1, 1]"
7781,dfs_bnb_mpi,0.077709,-4,5,18368,"[-1, -1, 2, -1, -2, -1, -1, -2, 1, 1, 1, 1, 1, 1]"
7782,dfs_bnb_mpi,0.024723,-6,7,6959,"[-1, -2, -2, -1, -2, -1, -2, 1, 1, 2, 1, 2, 2, 1]"
7783,dfs_bnb_mpi,0.003127,-5,6,974,"[-1, -1, 2, 1, 2, 2, -1, -2, -1, -2, -1, -2, 1, -2]"
7784,dfs_bnb_mpi,0.01875,-6,6,5440,"[-1, -2, 1, 1, 1, -2, -1, -1, -1, -2, 1, -2, 1, 2]"
7785,dfs_bnb_mpi,0.012888,-4,5,3950,"[-1, -2, 1, 1, 2, 2, 2, -1, -2, -1, -1, -2, -2, -1]"
7786,dfs_bnb_mpi,0.061832,-5,6,13899,"[-1, -1, 2, -1, 2, -1, -2, -1, -2, 1, 1, -2, 1, 1]"
7787,dfs_bnb_mpi,0.02164,-7,8,6177,"[-1, -1, 2, -1, 2, 1, 1, 2, 1, -2, 1, -2, -1, -1]"
7788,dfs_bnb_mpi,0.006437,-3,4,1803,"[-1, -1, 2, 2, 2, 1, 1, -2, -1, -2, 1, 1, 2, 2]"
7789,dfs_bnb_mpi,0.054308,-4,5,12345,"[-1, -1, 2, 2, 2, 2, 1, -2, -2, -2, 1, 2, 1, -2]"
7790,dfs_bnb_mpi,0.017496,-4,5,5065,"[-1, -1, 2, 1, 2, -1, 2, 2, -1, -2, -1, -2, 1, -2]"
7791,dfs_bnb_mpi,0.000227,-2,3,74,"[-1, -1, 2, 1, 2, 2, 2, 1, -2, -2, -2, 1, 2, 2]"
7792,dfs_bnb_mpi,0.269646,-3,4,61334,"[-1, -1, 2, 2, 2, 2, 1, 1, -2, -1, -2, 1, -2, -1]"
7793,dfs_bnb_mpi,0.10392,-5,6,28001,"[-1, -1, 2, 2, 2, 1, -2, -2, 1, 1, -2, -2, -1, -1]"
7794,dfs_bnb_mpi,0.048887,-7,7,11246,"[-1, -1, 2, 2, 2, 1, -2, -2, 1, 2, 1, 1, -2, -1]"
7795,dfs_bnb_mpi,0.008906,-3,4,2214,"[-1, -1, 2, 2, 2, -1, -2, -2, -2, -1, -2, 1, 1, 1]"
7796,dfs_bnb_mpi,0.003251,-4,5,808,"[-1, -1, 2, 2, 2, 2, 1, -2, 1, -2, -1, -2, 1, 1]"
7797,dfs_bnb_mpi,0.017837,-6,7,4696,"[-1, -2, -2, 1, 2, 1, 2, 2, 1, -2, -2, -2, -1, -2]"
7798,dfs_bnb_mpi,0.009533,-4,5,2209,"[-1, -2, -1, 2, 2, 1, 1, 1, -2, -2, -1, -2, 1, 1]"
7799,dfs_bnb_mpi,0.033805,-4,5,8884,"[-1, -1, 2, 2, 2, 2, 1, -2, -2, 1, 1, -2, -1, -1]"
7800,dfs_bnb_mpi,0.115518,-2,3,35122,"[-1, -1, 2, 2, 2, 2, 2, 2, 2, 2, 1, -2, -2, -2]"
7801,dfs_bnb_mpi,0.025947,-4,5,6219,"[-1, -1, 2, 1, 2, -1, -1, -2, -2, -2, 1, 1, 1, 1]"
7802,dfs_bnb_mpi,0.040037,-4,5,10910,"[-1, -1, 2, 2, 2, 1, 2, -1, 2, -1, -1, -2, 1, -2]"
7803,dfs_bnb_mpi,0.046155,-5,5,13443,"[-1, -1, 2, 2, 2, 2, 1, -2, 1, -2, -1, -2, 1, 1]"
7804,dfs_bnb_mpi,0.050736,-6,7,13370,"[-1, -1, 2, -1, -2, -1, -2, 1, 1, 1, 1, -2, -1, -1]"
7805,dfs_bnb_mpi,0.049464,-3,3,12160,"[-1, -1, 2, 2, 2, 2, 2, 1, -2, -2, -2, -2, 1, 2]"
7806,dfs_bnb_mpi,0.047381,-5,6,13486,"[-1, -1, 2, 2, -1, -2, -2, -2, -2, 1, 2, 1, 1, 1]"
7807,dfs_bnb_mpi,0.006643,-4,5,1984,"[-1, -2, 1, 1, 2, 1, -2, -2, -1, -1, -1, -1, 2, 2]"
7808,dfs_bnb_mpi,0.068194,-6,7,17807,"[-1, -1, 2, -1, 2, 1, 1, -2, 1, 1, 2, 2, -1, -2]"
7809,dfs_bnb_mpi,0.013758,-4,5,4011,"[-1, -1, 2, 1, 2, -1, 2, -1, -2, -1, -1, -2, 1, 1]"
7810,dfs_bnb_mpi,0.110176,-4,5,32973,"[-1, -1, 2, 2, 2, 2, 1, 1, -2, 1, -2, -1, -1, 2]"
7811,dfs_bnb_mpi,0.009226,-6,7,2562,"[-1, -2, -1, -2, -1, -2, 1, 1, 2, 1, 2, 1, 2, 2]"
7812,dfs_bnb_mpi,0.042698,-4,5,12130,"[-1, -1, 2, 2, 2, 2, 1, 2, 1, -2, -2, -1, -2, 1]"
7813,dfs_bnb_mpi,0.00126,-5,6,327,"[-1, -1, 2, 2, 1, -2, 1, 1, 1, -2, -1, -2, 1, 1]"
7814,dfs_bnb_mpi,0.002297,-3,4,543,"[-1, -1, 2, 2, 2, 2, 2, 1, -2, 1, -2, -2, -1, 2]"
7815,dfs_bnb_mpi,0.006407,-4,4,1876,"[-1, -1, 2, 2, 1, -2, 1, 2, 2, 1, -2, 1, -2, -1]"
7816,dfs_bnb_mpi,0.005948,-2,3,1831,"[-1, -1, 2, 2, 2, 2, 2, 1, -2, 1, -2, -1, -2, 1]"
7817,dfs_bnb_mpi,0.075439,-6,7,19618,"[-1, -1, 2, -1, -1, -1, -2, 1, 1, -2, -1, -1, -1, 2]"
7818,dfs_bnb_mpi,0.048658,-5,6,13352,"[-1, -1, 2, 1, 2, 2, 2, 1, -2, 1, -2, -1, -2, 1]"
7819,dfs_bnb_mpi,0.154015,-6,6,37147,"[-1, -1, 2, 1, 2, 1, -2, 1, 1, -2, -1, -2, -1, -1]"
7820,dfs_bnb_mpi,0.068109,-4,5,18356,"[-1, -1, 2, 2, 2, -1, 2, -1, -2, -2, 1, -2, -2, -1]"
7821,dfs_bnb_mpi,0.032919,-5,6,9186,"[-1, -1, 2, -1, 2, -1, -2, -2, 1, -2, 1, 1, -2, -1]"
7822,dfs_bnb_mpi,0.020299,-5,6,5982,"[-1, -1, 2, 2, 1, -2, 1, 1, -2, -2, -1, -2, -1, 2]"
7823,dfs_bnb_mpi,0.15341,-5,6,38605,"[-1, -1, 2, 1, 2, -1, 2, -1, -2, -1, -1, -2, 1, 1]"
7824,dfs_bnb_mpi,0.007956,-5,6,2355,"[-1, -1, 2, 1, 2, 1, -2, 1, -2, -2, -1, -1, -1, -1]"
7825,dfs_bnb_mpi,0.04519,-4,5,13666,"[-1, -1, 2, 1, 2, -1, 2, 2, -1, -2, -2, -1, -2, 1]"
7826,dfs_bnb_mpi,0.002246,-4,5,680,"[-1, -2, 1, -2, 1, 2, 2, 1, 2, -1, -1, 2, 2, 2]"
7827,dfs_bnb_mpi,0.200425,-4,5,50968,"[-1, -1, 2, 2, 2, 2, 2, 1, -2, 1, 1, -2, -1, -1]"
7828,dfs_bnb_mpi,0.049397,-7,7,12087,"[-1, -1, 2, 1, 1, 2, -1, 2, 2, -1, -2, -1, -2, 1]"
7829,dfs_bnb_mpi,0.07716,-6,7,19700,"[-1, -1, 2, 1, 1, 2, 2, 1, -2, -2, -2, -2, -1, -1]"
7830,dfs_bnb_mpi,0.015332,-4,5,4428,"[-1, -1, 2, 1, 1, 1, 1, -2, -1, -2, -1, -1, -2, 1]"
7831,dfs_bnb_mpi,0.000618,-1,2,192,"[-1, -1, 2, 2, 2, 2, 2, 1, 1, -2, -2, -2, -2, 1]"
7832,dfs_bnb_mpi,0.027514,-4,5,8535,"[-1, -2, -1, 2, 2, 2, 2, 2, 1, -2, -2, -2, 1, 2]"
7833,dfs_bnb_mpi,0.006258,-4,5,1768,"[-1, -1, 2, 2, 2, -1, -2, -1, -2, 1, -2, -1, -1, 2]"
7834,dfs_bnb_mpi,0.246733,-6,7,60846,"[-1, -2, -1, 2, -1, 2, 2, 2, 1, 1, -2, -1, -2, 1]"
7835,dfs_bnb_mpi,0.009213,-4,5,2608,"[-1, -1, 2, 1, 1, 2, 2, -1, -2, -1, 2, -1, -2, -1]"
7836,dfs_bnb_mpi,0.068291,-5,5,18567,"[-1, -1, 2, 2, 2, 1, 1, 1, -2, -2, -1, 2, -1, -2]"
7837,dfs_bnb_mpi,0.001366,-6,7,397,"[-1, -2, 1, 1, 1, -2, -2, -1, 2, -1, -2, -1, 2, -1]"
7838,dfs_bnb_mpi,0.000272,-4,5,78,"[-1, -1, 2, 1, 2, 1, -2, 1, 1, 2, -1, 2, 2, 2]"
7839,dfs_bnb_mpi,0.024925,-7,8,6306,"[-1, -1, 2, 1, 1, 1, 2, -1, -1, 2, -1, -2, -1, -2]"
7840,dfs_bnb_mpi,0.054833,-3,4,16431,"[-1, -1, 2, 2, 2, 1, 2, 2, 1, -2, -2, -2, -1, -2]"
7841,dfs_bnb_mpi,0.207321,-5,5,46830,"[-1, -1, 2, 1, 2, 2, -1, -1, -2, -2, -2, -2, 1, 1]"
7842,dfs_bnb_mpi,0.019722,-4,5,4796,"[-1, -2, -1, 2, -1, -1, 2, 1, 1, 2, 1, -2, 1, 2]"
7843,dfs_bnb_mpi,0.383201,-3,4,101268,"[-1, -1, 2, 2, 2, 2, 2, 2, 2, 1, 1, -2, -1, -2]"
7844,dfs_bnb_mpi,0.002316,-2,3,708,"[-1, -1, 2, 2, -1, -2, -2, -2, 1, 1, 1, 1, 2, 2]"
7845,dfs_bnb_mpi,0.001383,-4,5,405,"[-1, -1, 2, 1, 2, 2, -1, -2, -1, -1, -2, 1, -2, -1]"
7846,dfs_bnb_mpi,0.003248,-2,3,972,"[-1, -1, 2, 2, -1, -2, -2, -1, -1, -2, 1, 1, 1, 1]"
7847,dfs_bnb_mpi,0.011117,-5,6,2673,"[-1, -1, 2, 2, -1, -2, -1, -2, 1, -2, -1, -1, 2, 2]"
7848,dfs_bnb_mpi,0.022061,-5,6,5010,"[-1, -1, 2, 2, -1, -2, -1, -2, 1, -2, 1, 1, 1, 1]"
7849,dfs_bnb_mpi,0.001119,-4,5,287,"[-1, -1, 2, 2, 2, -1, -2, -2, -1, -2, 1, -2, 1, 1]"
7850,dfs_bnb_mpi,0.001904,-2,3,559,"[-1, -1, 2, 1, 2, 2, -1, -2, -1, 2, -1, -2, -2, 1]"
7851,dfs_bnb_mpi,0.197061,-6,7,44054,"[-1, -1, 2, -1, 2, -1, -2, -1, -2, 1, 1, -2, 1, 1]"
7852,dfs_bnb_mpi,0.071994,-4,5,22303,"[-1, -1, 2, 2, 1, -2, 1, 2, 2, 2, 2, -1, -2, -2]"
7853,dfs_bnb_mpi,0.026886,-2,3,7904,"[-1, -1, 2, 2, 2, 1, 2, 2, 2, -1, -2, -2, -1, -2]"
7854,dfs_bnb_mpi,0.082621,-8,8,18544,"[-1, -1, 2, 1, 1, 1, -2, -2, -1, -1, -1, -2, 1, 1]"
7855,dfs_bnb_mpi,8.2e-05,-1,2,26,"[-1, -1, 2, 2, 2, 2, 2, 1, -2, -2, 1, 2, 2, 2]"
7856,dfs_bnb_mpi,0.100062,-5,6,23231,"[-1, -1, 2, 2, 2, 2, 1, -2, -2, -2, 1, 2, 1, -2]"
7857,dfs_bnb_mpi,0.018107,-5,6,5022,"[-1, -1, 2, 2, -1, 2, -1, -2, -2, 1, -2, -2, 1, 1]"
7858,dfs_bnb_mpi,0.065721,-5,5,19711,"[-1, -1, 2, -1, 2, -1, 2, 1, 2, 1, -2, -2, 1, -2]"
7859,dfs_bnb_mpi,0.018404,-6,7,4163,"[-1, -2, 1, 1, 2, 2, -1, -1, -1, -2, -1, -2, 1, -2]"
7860,dfs_bnb_mpi,0.049001,-6,7,13013,"[-1, -2, -1, 2, 2, 1, 1, 2, -1, 2, -1, -2, -1, -2]"
7861,dfs_bnb_mpi,0.05965,-4,4,14243,"[-1, -1, 2, 2, 2, -1, -2, -1, -1, -2, 1, 1, -2, -1]"
7862,dfs_bnb_mpi,0.053366,-5,6,14085,"[-1, -1, 2, 1, 2, -1, 2, 1, 2, 1, -2, -2, -2, 1]"
7863,dfs_bnb_mpi,0.020597,-5,6,4718,"[-1, -1, 2, -1, 2, 2, 1, -2, 1, -2, 1, 2, 2, 2]"
7864,dfs_bnb_mpi,0.013986,-6,7,3946,"[-1, -2, 1, 1, 2, 2, -1, 2, -1, 2, -1, -2, -2, 1]"
7865,dfs_bnb_mpi,0.004186,-6,6,1144,"[-1, -1, 2, 1, 1, 2, -1, 2, 2, -1, -2, -2, -1, 2]"
7866,dfs_bnb_mpi,0.010178,-4,5,3006,"[-1, -1, 2, 2, 2, 2, -1, -2, -2, -1, -2, -2, 1, 2]"
7867,dfs_bnb_mpi,0.063505,-4,5,17127,"[-1, -1, 2, 2, 2, 2, 2, 1, -2, 1, 1, -2, -1, -1]"
7868,dfs_bnb_mpi,0.026385,-6,7,6522,"[-1, -1, -1, 2, 1, 2, 2, 1, -2, -2, 1, 1, 2, -1]"
7869,dfs_bnb_mpi,0.076402,-5,6,23116,"[-1, -2, -1, -2, 1, -2, 1, 1, 2, 1, 2, -1, -1, -2]"
7870,dfs_bnb_mpi,0.140033,-7,8,31298,"[-1, -1, 2, 2, 2, 1, 1, 1, -2, -1, -1, -2, 1, 1]"
7871,dfs_bnb_mpi,0.037515,-6,7,10733,"[-1, -2, 1, 1, 2, 2, -1, 2, 1, 1, -2, -2, -2, 1]"
7872,dfs_bnb_mpi,0.015604,-4,5,4693,"[-1, -1, 2, 2, 1, -2, 1, 2, 1, -2, 1, -2, -1, -2]"
7873,dfs_bnb_mpi,0.050231,-4,5,13901,"[-1, -1, 2, 2, 1, -2, 1, 2, 2, -1, -1, -1, -2, -2]"
7874,dfs_bnb_mpi,0.009427,-4,4,2641,"[-1, -1, 2, 2, 2, 2, 1, -2, -2, -2, 1, 2, 2, 2]"
7875,dfs_bnb_mpi,0.006144,-4,5,1558,"[-1, -1, 2, 2, 2, 1, -2, -2, 1, 1, 2, -1, 2, 2]"
7876,dfs_bnb_mpi,0.047194,-4,5,12280,"[-1, -1, 2, 1, 2, 2, -1, -2, -1, 2, -1, -2, -2, 1]"
7877,dfs_bnb_mpi,0.018041,-3,3,5654,"[-1, -1, 2, 1, 2, 2, 2, 2, 1, -2, -2, -2, -2, 1]"
7878,dfs_bnb_mpi,0.01625,-6,7,3793,"[-1, -1, 2, -1, -2, -1, -2, 1, 1, 1, -2, -1, -1, -1]"
7879,dfs_bnb_mpi,0.015599,-6,7,4338,"[-1, -2, 1, -2, 1, 2, 2, 1, 2, -1, -1, -1, 2, 2]"
7880,dfs_bnb_mpi,0.00342,-4,5,853,"[-1, -1, 2, 2, -1, 2, -1, -2, -1, -2, 1, 1, -2, -1]"
7881,dfs_bnb_mpi,0.124441,-5,6,34552,"[-1, -1, 2, 2, 1, -2, 1, 1, -2, -2, -2, -1, 2, -1]"
7882,dfs_bnb_mpi,0.01952,-4,5,5259,"[-1, -1, 2, 2, 2, 1, 2, 1, -2, -2, -1, -2, 1, 1]"
7883,dfs_bnb_mpi,0.031943,-5,6,7897,"[-1, -1, 2, 2, -1, 2, -1, -2, -2, 1, -2, -2, -1, 2]"
7884,dfs_bnb_mpi,0.002657,-2,3,787,"[-1, -1, 2, 2, 2, 1, 1, 1, -2, -2, -1, 2, -1, -2]"
7885,dfs_bnb_mpi,0.024381,-3,4,7189,"[-1, -1, 2, 1, 2, 1, 1, -2, -2, -2, -1, -1, -1, -1]"
7886,dfs_bnb_mpi,0.023484,-4,5,6158,"[-1, -1, 2, 2, -1, -2, -2, -1, -1, 2, 1, 2, -1, 2]"
7887,dfs_bnb_mpi,0.089205,-6,7,23589,"[-1, -1, 2, -1, 2, -1, -2, -1, -2, -2, 1, 1, 2, -1]"
7888,dfs_bnb_mpi,0.00911,-4,5,2752,"[-1, -1, 2, 2, -1, -2, -1, -1, -2, 1, 1, -2, 1, 1]"
7889,dfs_bnb_mpi,0.015388,-6,7,4205,"[-1, -1, 2, 2, -1, -1, -2, 1, -2, -2, -1, 2, -1, 2]"
7890,dfs_bnb_mpi,0.000611,-2,3,176,"[-1, -1, 2, 2, 1, -2, 1, 2, 2, 2, 2, 2, 2, 2]"
7891,dfs_bnb_mpi,0.184037,-6,7,43049,"[-1, -1, 2, -1, -1, -2, 1, -2, -1, -2, 1, 1, 2, 1]"
7892,dfs_bnb_mpi,0.067634,-5,6,16608,"[-1, -1, 2, -1, -2, -2, -1, -2, -2, 1, 2, 1, 2, 1]"
7893,dfs_bnb_mpi,0.004615,-5,6,1085,"[-1, -2, -1, -2, 1, 1, 2, 1, 2, 2, -1, 2, 2, 2]"
7894,dfs_bnb_mpi,0.073242,-5,5,20425,"[-1, -1, 2, 2, 2, 2, 2, 1, -2, -2, 1, -2, -1, -2]"
7895,dfs_bnb_mpi,0.006092,-5,6,1700,"[-1, -1, 2, 2, 1, -2, 1, 1, -2, 1, -2, -1, -1, -1]"
7896,dfs_bnb_mpi,0.00517,-4,5,1609,"[-1, -2, 1, 1, 2, 2, 2, 1, -2, 1, -2, -1, -2, 1]"
7897,dfs_bnb_mpi,0.102907,-7,7,23682,"[-1, -1, 2, 2, -1, 2, 1, 2, 1, -2, -2, 1, -2, -1]"
7898,dfs_bnb_mpi,0.000464,-5,6,138,"[-1, -1, 2, 1, 1, 2, -1, 2, -1, -2, -1, 2, 2, 2]"
7899,dfs_bnb_mpi,0.079007,-5,6,18376,"[-1, -1, 2, 2, 2, 2, 1, 1, -2, -1, -2, 1, -2, -1]"
7900,dfs_bnb_mpi,0.124723,-5,6,37090,"[-1, -1, 2, -1, -2, -1, -2, -1, -2, 1, 1, 2, 1, 1]"
7901,dfs_bnb_mpi,0.004006,-2,3,1208,"[-1, -1, 2, 2, 1, -2, 1, 2, 2, -1, 2, 2, 2, 2]"
7902,dfs_bnb_mpi,0.077025,-4,5,17476,"[-1, -1, 2, 1, 2, 2, 2, 1, -2, 1, -2, -1, -2, 1]"
7903,dfs_bnb_mpi,0.013765,-2,3,4035,"[-1, -1, 2, 2, 2, 1, 2, 2, -1, -2, -1, -1, -2, 1]"
7904,dfs_bnb_mpi,0.0884,-5,6,22532,"[-1, -1, 2, 1, 1, 2, 1, -2, -2, 1, 2, 2, 1, -2]"
7905,dfs_bnb_mpi,0.063582,-7,8,15103,"[-1, -2, 1, 1, 2, 2, 2, 1, -2, 1, -2, -2, -1, 2]"
7906,dfs_bnb_mpi,0.008133,-6,7,2290,"[-1, -1, 2, 2, 1, -2, 1, 2, 1, -2, 1, -2, -1, -2]"
7907,dfs_bnb_mpi,0.103937,-3,4,32659,"[-1, -1, 2, 2, -1, 2, 2, -1, -2, -2, -2, 1, -2, -1]"
7908,dfs_bnb_mpi,0.002284,-5,6,658,"[-1, -1, 2, -1, -2, -1, -1, -2, 1, 1, -2, 1, 2, 1]"
7909,dfs_bnb_mpi,0.002687,-5,6,719,"[-1, -2, 1, 1, -2, -1, -2, -1, 2, -1, 2, 2, 2, 2]"
7910,dfs_bnb_mpi,0.182081,-6,7,41104,"[-1, -1, 2, 2, 1, 2, 2, 2, 1, -2, -2, -2, -2, -1]"
7911,dfs_bnb_mpi,0.111116,-7,7,25435,"[-1, -1, 2, 2, 1, -2, 1, 2, 2, -1, -1, -1, -2, -2]"
7912,dfs_bnb_mpi,0.019492,-2,3,4631,"[-1, -1, 2, 2, 2, 2, 2, 2, 1, -2, 1, -2, -1, -2]"
7913,dfs_bnb_mpi,0.081875,-3,4,24888,"[-1, -1, 2, 2, 2, -1, -2, -1, -1, -2, 1, -2, 1, 2]"
7914,dfs_bnb_mpi,4.2e-05,0,1,15,"[-1, -1, 2, 2, 2, 2, 2, 2, 2, 2, 2, 2, 2, 2]"
7915,dfs_bnb_mpi,0.000578,-3,4,174,"[-1, -1, 2, 2, 2, 2, 1, -2, 1, 1, -2, -1, -1, -2]"
7916,dfs_bnb_mpi,0.000141,-2,3,38,"[-1, -1, 2, 2, 2, 2, 2, 2, 2, 1, 1, -2, -1, -2]"
7917,dfs_bnb_mpi,0.054945,-5,6,15684,"[-1, -2, -1, -1, 2, 1, 2, 2, 2, 1, 1, -2, -1, -2]"
7918,dfs_bnb_mpi,0.00981,-5,6,2262,"[-1, -1, 2, -1, -1, -2, 1, -2, 1, 1, -2, -1, -1, -1]"
7919,dfs_bnb_mpi,0.027797,-5,6,6659,"[-1, -1, 2, 2, 2, -1, -2, -2, -2, -2, 1, -2, 1, 2]"
7920,dfs_bnb_mpi,0.162734,-6,6,38554,"[-1, -1, 2, 2, -1, 2, -1, -2, -1, -2, 1, 1, -2, -1]"
7921,dfs_bnb_mpi,0.043939,-7,8,10093,"[-1, -1, 2, 1, 2, 1, -2, 1, -2, -2, -1, -1, -2, 1]"
7922,dfs_bnb_mpi,0.003829,-2,3,1138,"[-1, -1, 2, 1, 2, 2, -1, -2, -1, -1, -2, 1, -2, -1]"
7923,dfs_bnb_mpi,0.234833,-5,6,70199,"[-1, -2, 1, 1, 2, 2, 2, 2, -1, -1, -2, -2, 1, 2]"
7924,dfs_bnb_mpi,0.000768,-4,5,215,"[-1, -1, 2, 2, -1, -2, -2, -2, 1, -2, 1, 2, 1, 1]"
7925,dfs_bnb_mpi,0.004938,-3,4,1526,"[-1, -1, 2, 2, -1, -2, -2, -2, -2, 1, 2, 1, 1, 1]"
7926,dfs_bnb_mpi,0.00111,-4,5,243,"[-1, -1, 2, 2, 2, 1, 2, 1, -2, -2, -1, -2, 1, 1]"
7927,dfs_bnb_mpi,0.068634,-5,6,16902,"[-1, -1, 2, -1, -1, 2, 1, 1, 2, 1, -2, 1, -2, -1]"
7928,dfs_bnb_mpi,0.134176,-7,8,34665,"[-1, -2, -1, -1, -1, 2, 1, 2, 2, 1, 1, -2, -1, -2]"
7929,dfs_bnb_mpi,0.116435,-5,6,30984,"[-1, -1, 2, 2, -1, -1, -2, 1, -2, -2, -1, 2, -1, 2]"
7930,dfs_bnb_mpi,0.068086,-6,7,15768,"[-1, -1, 2, 1, 1, 1, 2, 2, -1, -2, -1, 2, -1, -2]"
7931,dfs_bnb_mpi,0.068615,-3,3,17118,"[-1, -1, 2, 2, 2, 2, 2, 2, 1, -2, -2, 1, -2, -1]"
7932,dfs_bnb_mpi,0.019425,-5,6,5174,"[-1, -1, 2, -1, 2, 1, 2, 2, 1, -2, -2, -2, 1, 2]"
7933,dfs_bnb_mpi,0.006023,-3,4,1677,"[-1, -1, 2, 1, 1, 1, 2, -1, 2, -1, -2, -1, 2, 2]"
7934,dfs_bnb_mpi,0.131288,-4,5,35690,"[-1, -1, 2, -1, -2, -1, -2, -1, -2, 1, 1, 1, 2, -1]"
7935,dfs_bnb_mpi,0.016177,-3,4,4720,"[-1, -1, 2, 2, 2, 1, 2, -1, 2, 2, -1, -2, -2, -2]"
7936,dfs_bnb_mpi,0.02704,-5,6,7792,"[-1, -1, 2, -1, -2, -1, -2, -1, -2, 1, 1, 2, 1, 1]"
7937,dfs_bnb_mpi,0.005923,-3,4,1715,"[-1, -1, -1, 2, 2, 2, 1, -2, -2, 1, 2, 2, 2, 2]"
7938,dfs_bnb_mpi,0.000315,-3,4,101,"[-1, -2, 1, -2, 1, 1, 2, -1, 2, 2, 2, 2, 2, 2]"
7939,dfs_bnb_mpi,0.011454,-3,4,3268,"[-1, -1, -1, 2, 2, 1, -2, 1, 2, 2, 2, -1, -2, -1]"
7940,dfs_bnb_mpi,0.054462,-6,7,12873,"[-1, -2, -1, 2, -1, -1, 2, 1, 2, 1, -2, 1, 2, 2]"
7941,dfs_bnb_mpi,0.11852,-7,7,28873,"[-1, -1, 2, 2, 2, 1, 1, 1, -2, -2, -1, 2, -1, -2]"
7942,dfs_bnb_mpi,0.017138,-6,7,4465,"[-1, -1, 2, -1, 2, 1, 1, -2, 1, 1, 2, 2, -1, -2]"
7943,dfs_bnb_mpi,0.32171,-4,5,89458,"[-1, -1, 2, 2, 2, 1, 2, 2, 1, -2, -2, -2, -1, -2]"
7944,dfs_bnb_mpi,0.004148,-3,4,1202,"[-1, -1, 2, 1, 1, 2, -1, -1, 2, -1, -2, -2, -1, 2]"
7945,dfs_bnb_mpi,0.185779,-6,7,41564,"[-1, -1, 2, 2, 1, -2, 1, 2, 2, -1, -1, -1, -2, -2]"
7946,dfs_bnb_mpi,0.000163,-2,3,42,"[-1, -1, 2, 2, 2, 2, 2, 1, 1, -2, -1, -2, 1, 1]"
7947,dfs_bnb_mpi,0.032556,-5,6,9680,"[-1, -1, 2, 2, -1, -2, -2, -1, -2, 1, -2, 1, 2, 1]"
7948,dfs_bnb_mpi,0.068353,-7,8,18886,"[-1, -1, -1, -1, 2, 2, 1, 2, 1, -2, 1, -2, -1, -1]"
7949,dfs_bnb_mpi,0.13237,-4,5,39024,"[-1, -1, 2, 2, 2, 1, -2, -2, 1, 2, 2, 2, -1, -1]"
7950,dfs_bnb_mpi,0.201523,-4,5,47755,"[-1, -1, 2, 2, 2, 2, 2, 1, -2, 1, -2, -1, -2, 1]"
7951,dfs_bnb_mpi,0.32922,-3,4,90931,"[-1, -1, 2, 2, 2, 2, 2, 2, 2, 1, -2, 1, -2, -1]"
7952,dfs_bnb_mpi,0.120616,-5,6,34562,"[-1, -1, 2, 2, 2, 1, -2, 1, 2, 1, -2, -2, -1, -1]"
7953,dfs_bnb_mpi,0.022695,-5,6,5100,"[-1, -1, 2, -1, -2, -2, 1, 1, 1, -2, -1, -1, -1, -1]"
7954,dfs_bnb_mpi,0.060822,-6,6,16972,"[-1, -1, 2, 1, 2, 1, -2, 1, 1, -2, -1, -2, -1, -1]"
7955,dfs_bnb_mpi,0.012481,-6,7,3293,"[-1, -1, 2, -1, -2, -2, 1, 1, -2, -2, -1, 2, -1, -1]"
7956,dfs_bnb_mpi,0.104961,-7,8,26525,"[-1, -1, 2, 2, 1, 2, 2, 1, 1, -2, -1, -2, -2, -1]"
7957,dfs_bnb_mpi,0.00695,-2,3,1742,"[-1, -1, 2, 2, 2, 2, 1, -2, -2, 1, 1, -2, -1, -1]"
7958,dfs_bnb_mpi,0.336653,-4,5,91420,"[-1, -1, 2, 2, 2, 2, -1, -2, -2, -1, -2, -2, 1, 2]"
7959,dfs_bnb_mpi,0.093685,-4,5,27587,"[-1, -1, 2, 1, 2, -1, 2, -1, 2, -1, -2, -2, 1, -2]"
7960,dfs_bnb_mpi,0.229954,-5,6,51764,"[-1, -1, 2, 2, 2, -1, -2, -1, -1, -2, 1, 1, -2, -1]"
7961,dfs_bnb_mpi,0.036832,-8,9,9463,"[-1, -1, 2, 1, 1, 2, -1, -1, -1, -2, -2, -2, 1, 1]"
7962,dfs_bnb_mpi,0.00528,-7,8,1219,"[-1, -2, 1, 1, 2, 1, -2, -2, -1, -1, -2, -1, 2, -1]"
7963,dfs_bnb_mpi,0.003455,-2,3,1056,"[-1, -1, 2, 2, 2, 1, 2, 2, -1, -2, -1, -1, -2, 1]"
7964,dfs_bnb_mpi,0.022708,-5,5,7007,"[-1, -1, -1, 2, 1, 2, 2, 1, -2, 1, 1, -2, -1, -1]"
7965,dfs_bnb_mpi,0.012107,-5,6,2765,"[-1, -2, -1, 2, 2, 1, 2, -1, -1, -2, -2, -1, 2, 2]"
7966,dfs_bnb_mpi,0.024862,-5,6,6841,"[-1, -1, 2, 1, 2, 2, 1, -2, -2, 1, 2, 2, 1, -2]"
7967,dfs_bnb_mpi,0.149123,-6,7,36089,"[-1, -1, 2, -1, 2, 1, 2, 2, 1, -2, -2, 1, -2, -1]"
7968,dfs_bnb_mpi,0.012208,-6,7,3399,"[-1, -1, 2, 2, 1, -2, 1, 2, 2, -1, 2, -1, -2, -1]"
7969,dfs_bnb_mpi,0.092335,-5,6,23774,"[-1, -1, 2, -1, -1, 2, 1, 1, 2, 1, -2, 1, -2, -1]"
7970,dfs_bnb_mpi,0.001942,-4,5,455,"[-1, -2, -1, -2, 1, 1, 2, 1, 2, 2, 2, 2, 2, 2]"
7971,dfs_bnb_mpi,0.147213,-7,8,35419,"[-1, -2, 1, -2, -2, 1, 2, 1, 1, 2, -1, 2, -1, -2]"
7972,dfs_bnb_mpi,0.016678,-5,6,4625,"[-1, -2, -1, 2, 2, 1, 1, 2, 1, -2, -2, -2, -1, -2]"
7973,dfs_bnb_mpi,0.092398,-4,5,25259,"[-1, -1, 2, 2, 2, 1, 2, 1, -2, 1, -2, -2, -1, 2]"
7974,dfs_bnb_mpi,0.013377,-6,7,3059,"[-1, -1, 2, -1, -2, -2, -2, 1, 2, 1, 1, -2, -1, -2]"
7975,dfs_bnb_mpi,0.015568,-4,5,4801,"[-1, -1, 2, 2, -1, 2, -1, -2, -2, 1, -2, -2, 1, 1]"
7976,dfs_bnb_mpi,0.005359,-6,7,1583,"[-1, -2, 1, 1, 2, 2, -1, 2, 2, -1, -2, -1, -2, 1]"
7977,dfs_bnb_mpi,0.048017,-6,7,13959,"[-1, -1, 2, 1, 2, 1, -2, 1, -2, 1, -2, -1, -1, -1]"
7978,dfs_bnb_mpi,0.058512,-5,6,13356,"[-1, -1, 2, 1, 2, 2, 2, -1, -2, -2, -1, -2, -2, -1]"
7979,dfs_bnb_mpi,0.034075,-6,7,8907,"[-1, -1, 2, 2, 1, -2, 1, 2, 2, 2, -1, -2, -1, 2]"
7980,dfs_bnb_mpi,0.024587,-7,8,6296,"[-1, -1, 2, -1, 2, 2, 1, -2, 1, 2, 1, -2, -2, -1]"
7981,dfs_bnb_mpi,0.006802,-5,5,1999,"[-1, -1, 2, 1, 1, 1, 1, 2, -1, -1, 2, -1, -2, -1]"
7982,dfs_bnb_mpi,0.074612,-6,7,20168,"[-1, -1, 2, -1, -2, -1, -2, 1, 1, -2, -2, -1, 2, -1]"
7983,dfs_bnb_mpi,0.031301,-5,6,8943,"[-1, -1, 2, 2, 2, 1, -2, -2, 1, 2, 2, 2, -1, -1]"
7984,dfs_bnb_mpi,0.028798,-4,5,8335,"[-1, -2, 1, 1, 2, 1, 2, 2, 2, -1, -1, -2, -2, 1]"
7985,dfs_bnb_mpi,0.006765,-6,7,1544,"[-1, -2, 1, -2, 1, 2, 2, 2, 1, -2, 1, -2, -1, -2]"
7986,dfs_bnb_mpi,0.280564,-5,6,64282,"[-1, -1, 2, 2, 2, 1, 1, 1, -2, -2, -1, 2, -1, -2]"
7987,dfs_bnb_mpi,0.004133,-5,6,1241,"[-1, -2, 1, 1, 2, 2, 1, 2, -1, 2, -1, -2, -2, -1]"
7988,dfs_bnb_mpi,0.046332,-6,7,12929,"[-1, -1, -1, 2, 1, 2, 1, -2, 1, 1, 2, -1, 2, -1]"
7989,dfs_bnb_mpi,0.01905,-4,4,4685,"[-1, -1, 2, 2, 2, 2, 2, 1, -2, -2, -2, -2, 1, 2]"
7990,dfs_bnb_mpi,0.015395,-4,5,4716,"[-1, -1, 2, -1, 2, 2, 2, 1, -2, -2, 1, -2, 1, 2]"
7991,dfs_bnb_mpi,0.005717,-5,6,1367,"[-1, -1, 2, 2, 2, 2, 1, -2, -2, -2, 1, 2, 2, 2]"
7992,dfs_bnb_mpi,0.008449,-5,6,2491,"[-1, -2, -1, -2, 1, 1, 2, 1, 2, 2, 2, -1, -2, -1]"
7993,dfs_bnb_mpi,0.193225,-4,5,43537,"[-1, -1, 2, 2, 2, 1, 2, 2, 1, -2, -2, -2, -1, -2]"
7994,dfs_bnb_mpi,0.043352,-4,5,12595,"[-1, -1, 2, 2, 1, 1, -2, 1, 2, 1, -2, -2, -1, -2]"
7995,dfs_bnb_mpi,0.046146,-6,6,10588,"[-1, -2, -1, 2, 2, 1, 2, 1, -2, 1, -2, -2, -1, -2]"
7996,dfs_bnb_mpi,0.01305,-6,7,3526,"[-1, -1, 2, 1, 2, 2, 1, 2, 1, -2, -2, -1, -2, 1]"
7997,dfs_bnb_mpi,0.017101,-4,5,5264,"[-1, -1, 2, 1, 1, 2, 1, -2, 1, -2, -1, -2, -1, -1]"
7998,dfs_bnb_mpi,0.080382,-5,5,21347,"[-1, -1, 2, 2, 1, -2, 1, 2, 2, 1, -2, 1, -2, -1]"
7999,dfs_bnb_mpi,0.063129,-6,7,15708,"[-1, -2, -1, -2, 1, -2, 1, 1, 1, 2, -1, 2, -1, -2]"
8000,dfs_bnb_mpi,0.001898,-6,6,535,"[-1, -2, -2, 1, 2, 1, 1, 2, -1, 2, 2, -1, -2, -1]"
8001,dfs_bnb_mpi,0.025468,-3,4,7839,"[-1, -1, 2, 2, -1, -2, -1, -1, -2, -2, 1, 1, 2, -1]"
8002,dfs_bnb_mpi,0.01329,-4,5,3963,"[-1, -1, 2, 2, 1, -2, 1, 1, 2, 2, 2, -1, -2, -2]"
8003,dfs_bnb_mpi,0.094654,-7,8,23487,"[-1, -1, -1, 2, -1, 2, 1, 2, 1, 1, -2, -1, -2, 1]"
8004,dfs_bnb_mpi,0.169098,-6,7,40141,"[-1, -1, 2, 2, -1, 2, -1, -2, -1, -2, 1, 1, -2, -1]"
8005,dfs_bnb_mpi,0.118129,-4,5,34179,"[-1, -2, 1, 1, 2, 2, -1, 2, -1, 2, -1, -2, -2, 1]"
8006,dfs_bnb_mpi,0.007816,-6,7,2028,"[-1, -2, 1, 1, 2, 2, 1, -2, 1, -2, -1, -2, -1, -1]"
8007,dfs_bnb_mpi,0.022162,-6,5,6357,"[-1, -1, 2, 1, 1, 1, 2, 2, -1, -2, -1, 2, -1, -2]"
8008,dfs_bnb_mpi,0.027003,-4,4,7356,"[-1, -1, 2, 1, 2, 2, 2, 1, -2, -2, -2, 1, 2, 2]"
8009,dfs_bnb_mpi,0.007546,-4,5,1803,"[-1, -1, 2, 2, 2, 1, 1, -2, -1, -2, 1, 1, 2, 2]"
8010,dfs_bnb_mpi,0.055031,-5,6,16499,"[-1, -1, 2, -1, 2, 1, 1, 2, 2, 1, -2, -2, -2, -1]"
8011,dfs_bnb_mpi,0.154289,-6,7,37083,"[-1, -1, 2, 2, -1, 2, -1, -2, -1, -2, 1, 1, -2, -1]"
8012,dfs_bnb_mpi,0.024762,-5,5,7259,"[-1, -2, -1, 2, 2, -1, 2, 2, 1, -2, 1, 1, -2, -1]"
8013,dfs_bnb_mpi,0.074796,-8,9,19044,"[-1, -1, 2, -1, -2, -2, 1, 1, 1, 1, 2, 2, -1, -1]"
8014,dfs_bnb_mpi,0.000881,-2,3,210,"[-1, -1, 2, 2, 2, 2, 2, 2, 1, -2, -2, 1, -2, -1]"
8015,dfs_bnb_mpi,0.037813,-6,6,11382,"[-1, -1, 2, 2, 1, 2, 2, 1, -2, -2, 1, -2, -1, -1]"
8016,dfs_bnb_mpi,0.038953,-4,5,11350,"[-1, -2, -1, -2, 1, 1, 2, 1, 2, 2, -1, 2, 2, 2]"
8017,dfs_bnb_mpi,0.037313,-5,5,10230,"[-1, -1, 2, 2, -1, -2, -2, -1, -2, 1, 1, -2, 1, 2]"
8018,dfs_bnb_mpi,0.007609,-4,5,2203,"[-1, -1, 2, 1, 1, 1, -2, -2, -1, -1, -2, -1, 2, -1]"
8019,dfs_bnb_mpi,0.028008,-4,5,8727,"[-1, -2, 1, 1, -2, -1, -1, -1, 2, -1, -2, -2, 1, 1]"
8020,dfs_bnb_mpi,0.010925,-4,5,3138,"[-1, -1, 2, 2, 2, 1, 2, -1, 2, -1, -1, -2, 1, -2]"
8021,dfs_bnb_mpi,0.014732,-5,5,4337,"[-1, -1, 2, -1, 2, 1, 1, 2, 1, -2, 1, -2, -1, -1]"
8022,dfs_bnb_mpi,0.06599,-4,5,18713,"[-1, -1, 2, 2, 2, 1, 2, 1, 2, -1, -1, -2, -1, -2]"
8023,dfs_bnb_mpi,0.139537,-7,8,31303,"[-1, -1, 2, 1, 2, -1, 2, 1, 1, 1, -2, -1, -2, 1]"
8024,dfs_bnb_mpi,0.137169,-5,6,36870,"[-1, -1, 2, -1, -1, -1, -2, -2, 1, -2, 1, 2, 2, -1]"
8025,dfs_bnb_mpi,0.041381,-7,8,9704,"[-1, -1, 2, 1, 2, 1, -2, 1, -2, -2, -1, -1, -2, 1]"
8026,dfs_bnb_mpi,0.041641,-5,6,12602,"[-1, -1, 2, 1, 1, 2, -1, 2, -1, -2, -1, -1, -2, 1]"
8027,dfs_bnb_mpi,0.001161,-4,4,339,"[-1, -1, 2, 1, 1, 1, 2, -1, 2, -1, -2, -1, 2, 2]"
8028,dfs_bnb_mpi,0.027935,-5,6,8035,"[-1, -1, 2, 2, -1, 2, -1, -2, -1, -2, -2, 1, 2, 1]"
8029,dfs_bnb_mpi,0.00239,-2,3,615,"[-1, -1, 2, 2, 2, 2, 1, -2, 1, -2, -1, -2, 1, 1]"
8030,dfs_bnb_mpi,0.314056,-5,5,78076,"[-1, -2, -1, 2, 2, 1, 2, 2, -1, -1, -2, -2, -2, -2]"
8031,dfs_bnb_mpi,0.081553,-4,5,18136,"[-1, -1, 2, 2, 2, 1, 1, 1, -2, -1, -1, -2, 1, 1]"
8032,dfs_bnb_mpi,0.09535,-5,6,23521,"[-1, -1, 2, 2, 1, 2, 2, 1, -2, -2, 1, -2, -1, -1]"
8033,dfs_bnb_mpi,0.074954,-6,7,20266,"[-1, -2, -2, 1, 2, 1, -2, -2, -1, -2, -1, 2, -1, 2]"
8034,dfs_bnb_mpi,0.179299,-7,8,42036,"[-1, -2, -1, -2, 1, -2, -2, 1, 2, 1, 2, 2, -1, -2]"
8035,dfs_bnb_mpi,0.01755,-4,5,5207,"[-1, -1, 2, 2, 1, 2, -1, 2, -1, -2, -1, -2, 1, -2]"
8036,dfs_bnb_mpi,0.020507,-5,6,5431,"[-1, -1, 2, 1, 2, 1, -2, 1, 1, -2, -1, -2, 1, 1]"
8037,dfs_bnb_mpi,0.056296,-4,5,13676,"[-1, -1, 2, 2, 2, 1, -2, -2, 1, 2, 2, 2, 1, -2]"
8038,dfs_bnb_mpi,0.017714,-5,6,4756,"[-1, -1, 2, 2, -1, 2, 2, 1, -2, 1, -2, 1, -2, -1]"
8039,dfs_bnb_mpi,0.010879,-7,8,2542,"[-1, -1, 2, 2, 1, -2, 1, 2, 1, 1, -2, -1, -2, 1]"
8040,dfs_bnb_mpi,0.001954,-4,5,540,"[-1, -2, 1, 1, 2, 2, 2, -1, -2, -1, 2, 2, 2, 2]"
8041,dfs_bnb_mpi,0.122169,-3,4,33719,"[-1, -1, 2, 2, 2, -1, -1, -2, -2, 1, -2, -1, -1, 2]"
8042,dfs_bnb_mpi,0.005146,-5,6,1513,"[-1, -2, 1, 1, 2, 1, 2, -1, 2, 2, -1, -2, -2, -1]"
8043,dfs_bnb_mpi,0.00588,-2,3,1503,"[-1, -1, 2, 2, 2, 2, 1, 1, -2, -1, -2, 1, 1, 2]"
8044,dfs_bnb_mpi,0.030187,-6,6,8246,"[-1, -2, -1, 2, 2, 2, 2, 2, 1, -2, -2, 1, -2, -1]"
8045,dfs_bnb_mpi,0.048608,-6,7,14073,"[-1, -2, 1, 1, 1, -2, -1, -2, -1, -2, -1, 2, 2, 1]"
8046,dfs_bnb_mpi,0.133865,-6,7,33418,"[-1, -2, 1, 1, -2, 1, 2, 2, -1, 2, 1, 1, -2, -2]"
8047,dfs_bnb_mpi,0.009067,-3,4,2709,"[-1, -1, 2, 1, 2, 1, -2, 1, 2, 2, -1, 2, 2, 2]"
8048,dfs_bnb_mpi,0.003969,-6,7,1056,"[-1, -1, 2, 1, 1, 2, 2, -1, -2, -1, -1, 2, 1, 2]"
8049,dfs_bnb_mpi,0.055347,-4,5,15942,"[-1, -1, 2, 1, 1, 2, 2, 1, -2, -2, -2, -2, -1, -1]"
8050,dfs_bnb_mpi,0.081742,-4,5,20591,"[-1, -1, 2, 2, 2, 2, 2, 1, -2, 1, -2, -1, -2, 1]"
8051,dfs_bnb_mpi,0.017762,-6,6,4144,"[-1, -2, 1, 1, 2, 2, 1, -2, 1, -2, -1, -2, 1, 1]"
8052,dfs_bnb_mpi,0.072141,-6,7,17957,"[-1, -1, 2, 2, -1, 2, 1, 2, 1, -2, -2, 1, -2, -1]"
8053,dfs_bnb_mpi,0.026985,-3,4,8205,"[-1, -2, -1, 2, 2, 1, 1, 1, -2, -2, -1, -2, 1, 1]"
8054,dfs_bnb_mpi,4.6e-05,0,1,15,"[-1, -1, 2, 2, 2, 2, 2, 2, 2, 2, 2, 2, 2, 2]"
8055,dfs_bnb_mpi,0.059108,-4,5,15054,"[-1, -2, -1, -2, -1, -1, -2, 1, 1, 1, 2, 1, 2, 1]"
8056,dfs_bnb_mpi,0.168862,-5,6,40143,"[-1, -2, -1, 2, 2, 1, 2, 1, -2, 1, -2, -2, -1, -2]"
8057,dfs_bnb_mpi,0.009833,-7,8,2308,"[-1, -1, 2, 1, 2, 1, -2, 1, 2, 1, -2, -2, -1, -2]"
8058,dfs_bnb_mpi,0.023317,-6,7,6230,"[-1, -1, 2, 2, -1, -1, -2, 1, -2, -2, -1, 2, -1, 2]"
8059,dfs_bnb_mpi,0.049222,-6,6,12543,"[-1, -1, 2, 2, 1, 2, 2, 1, -2, 1, -2, -1, -2, -1]"
8060,dfs_bnb_mpi,0.038178,-4,5,11571,"[-1, -1, 2, 1, 2, 1, -2, 1, 1, -2, -1, -2, -1, -1]"
8061,dfs_bnb_mpi,0.044979,-4,5,12241,"[-1, -1, 2, 2, 2, 1, 2, 1, 2, -1, -1, -2, -1, -2]"
8062,dfs_bnb_mpi,0.396496,-2,3,93641,"[-1, -1, 2, 2, 2, 2, 2, 2, 2, 2, 2, 1, -2, -2]"
8063,dfs_bnb_mpi,0.102879,-5,6,26106,"[-1, -1, 2, 2, 2, 2, 1, -2, -2, -2, 1, 2, 1, -2]"
8064,dfs_bnb_mpi,0.076978,-5,6,20529,"[-1, -1, 2, 2, -1, -2, -2, -1, 2, -1, 2, 1, 2, 1]"
8065,dfs_bnb_mpi,0.061071,-4,5,14701,"[-1, -1, 2, 2, 2, 1, 2, -1, 2, -1, -2, -1, -2, 1]"
8066,dfs_bnb_mpi,0.269398,-3,4,68479,"[-1, -1, 2, 2, 2, 2, 2, 1, -2, 1, -2, -1, -2, 1]"
8067,dfs_bnb_mpi,0.027768,-2,3,8507,"[-1, -1, 2, 1, 2, 2, 2, 2, -1, -2, -2, -2, -1, -2]"
8068,dfs_bnb_mpi,0.001833,-5,6,498,"[-1, -2, -1, -2, 1, 1, 2, 1, 2, 1, -2, -2, -1, -2]"
8069,dfs_bnb_mpi,0.012178,-4,5,3765,"[-1, -1, 2, -1, 2, -1, -2, -1, -2, -2, 1, 1, 2, -1]"
8070,dfs_bnb_mpi,0.050536,-2,3,12038,"[-1, -1, 2, 2, 2, 2, 2, 2, 2, 1, -2, 1, -2, -1]"
8071,dfs_bnb_mpi,0.000163,-2,3,42,"[-1, -1, 2, 2, 2, 2, 2, 1, 1, -2, -1, -2, 1, 1]"
8072,dfs_bnb_mpi,0.000774,-2,3,248,"[-1, -1, -1, 2, 1, 1, 2, 2, 2, 1, -2, -2, -2, 1]"
8073,dfs_bnb_mpi,0.013024,-5,6,3748,"[-1, -1, 2, 1, 1, 1, 2, 1, -2, -2, -1, -2, -1, -1]"
8074,dfs_bnb_mpi,0.001278,-2,3,379,"[-1, -1, 2, 2, 1, 2, -1, 2, 2, -1, -2, -2, -2, -1]"
8075,dfs_bnb_mpi,0.039277,-2,3,10575,"[-1, -1, 2, 2, 2, 2, 2, 2, 2, 1, 2, -1, -1, -2]"
8076,dfs_bnb_mpi,0.000724,-2,3,212,"[-1, -1, 2, 2, 2, 2, 2, 1, -2, -2, 1, -2, -1, -2]"
8077,dfs_bnb_mpi,0.001137,-5,6,304,"[-1, -1, 2, 1, 1, 1, -2, -2, -1, -2, -1, 2, -1, -1]"
8078,dfs_bnb_mpi,0.022477,-5,6,6325,"[-1, -1, 2, 2, -1, -1, 2, -1, -2, -2, 1, -2, 1, 2]"
8079,dfs_bnb_mpi,0.025151,-6,6,7043,"[-1, -2, 1, 1, 2, 1, -2, 1, -2, -1, -2, -1, 2, -1]"
8080,dfs_bnb_mpi,0.113498,-6,7,27869,"[-1, -2, 1, 1, 2, 1, -2, -2, -1, -1, -1, -2, 1, 1]"
8081,dfs_bnb_mpi,0.000539,-3,4,162,"[-1, -1, 2, 2, -1, -1, -2, 1, -2, -1, -1, 2, 2, 2]"
8082,dfs_bnb_mpi,0.002691,-3,4,788,"[-1, -1, 2, 2, 1, 1, -2, 1, 1, -2, -1, -2, -1, -1]"
8083,dfs_bnb_mpi,0.097003,-6,7,24417,"[-1, -1, 2, 1, 1, 2, 1, 2, 1, -2, -2, -2, -1, 2]"
8084,dfs_bnb_mpi,0.016916,-7,8,4307,"[-1, -1, 2, 1, 2, 1, -2, 1, 2, 2, -1, 2, -1, -2]"
8085,dfs_bnb_mpi,0.024352,-5,6,6650,"[-1, -1, 2, 2, 2, 1, -2, -2, 1, 2, 1, 2, -1, 2]"
8086,dfs_bnb_mpi,0.028796,-4,5,7621,"[-1, -1, 2, -1, -2, -1, -1, -2, 1, 1, 1, 1, 1, 1]"
8087,dfs_bnb_mpi,0.104375,-6,7,28401,"[-1, -2, 1, 1, 2, 2, 1, -2, -2, -2, -2, -1, 2, -1]"
8088,dfs_bnb_mpi,0.043921,-4,5,13196,"[-1, -1, 2, 1, 2, 1, -2, 1, -2, -2, -1, -1, -2, 1]"
8089,dfs_bnb_mpi,0.033111,-7,7,9004,"[-1, -1, 2, -1, -2, -2, 1, -2, 1, 1, 1, 2, -1, -1]"
8090,dfs_bnb_mpi,0.024408,-3,4,6635,"[-1, -1, 2, -1, -2, -1, 2, -1, -2, -2, 1, 1, 1, 1]"
8091,dfs_bnb_mpi,0.024947,-6,7,5650,"[-1, -2, -1, -2, 1, 1, 2, 1, -2, -2, -1, -1, -1, -1]"
8092,dfs_bnb_mpi,0.018893,-4,5,4767,"[-1, -1, 2, 2, 1, -2, 1, 2, 2, 2, -1, -2, -1, 2]"
8093,dfs_bnb_mpi,0.026217,-4,5,6685,"[-1, -1, 2, 2, 2, 2, 1, -2, 1, -2, -1, -2, 1, 1]"
8094,dfs_bnb_mpi,0.055062,-5,6,15668,"[-1, -1, 2, 2, 2, 1, 2, 1, -2, -2, -1, -2, 1, 1]"
8095,dfs_bnb_mpi,0.004878,-4,5,1415,"[-1, -2, -1, 2, 2, 1, 1, 1, -2, -2, -1, -2, 1, 1]"
8096,dfs_bnb_mpi,0.003769,-5,6,1121,"[-1, -1, 2, 2, 1, -2, 1, 1, 1, 2, -1, 2, -1, -2]"
8097,dfs_bnb_mpi,0.136796,-7,7,30740,"[-1, -1, 2, 2, 2, 2, 2, 1, -2, -2, -2, 1, -2, -1]"
8098,dfs_bnb_mpi,0.039701,-5,6,12238,"[-1, -1, -1, 2, 1, 2, 1, 2, 2, 1, -2, -2, -2, -1]"
8099,dfs_bnb_mpi,0.141585,-4,5,34084,"[-1, -1, 2, 2, 1, 2, 2, 1, -2, 1, -2, -1, -2, -1]"
8100,dfs_bnb_mpi,0.075751,-7,8,17989,"[-1, -2, -1, -2, 1, -2, -2, 1, 2, 2, 2, 1, -2, -2]"
8101,dfs_bnb_mpi,0.050351,-6,6,14420,"[-1, -2, 1, 1, -2, -1, -1, -2, -1, 2, 2, 2, 2, 1]"
8102,dfs_bnb_mpi,0.098241,-4,5,30682,"[-1, -1, 2, 1, 2, 1, -2, 1, 2, 2, 2, -1, -1, -2]"
8103,dfs_bnb_mpi,0.032791,-4,5,9799,"[-1, -1, 2, 2, -1, -2, -1, 2, -1, -2, -2, 1, 1, -2]"
8104,dfs_bnb_mpi,0.012977,-6,7,3298,"[-1, -1, 2, 2, 2, 1, -2, -2, 1, 2, 2, 2, -1, 2]"
8105,dfs_bnb_mpi,0.01148,-3,4,3553,"[-1, -1, 2, 2, 1, -2, 1, 2, 2, 2, -1, -1, -2, 1]"
8106,dfs_bnb_mpi,0.084464,-6,7,19941,"[-1, -1, 2, 2, 2, 2, -1, -2, -2, -1, -2, -2, 1, 2]"
8107,dfs_bnb_mpi,0.021242,-4,5,6126,"[-1, -2, -1, 2, 2, 2, 2, 1, -2, 1, 1, -2, -1, -1]"
8108,dfs_bnb_mpi,0.063026,-5,6,14122,"[-1, -1, 2, 2, 1, 2, 1, 1, -2, -1, -2, 1, -2, 1]"
8109,dfs_bnb_mpi,0.035583,-6,7,8565,"[-1, -1, 2, -1, -2, -1, -1, -2, 1, 1, 1, -2, 1, 2]"
8110,dfs_bnb_mpi,0.014813,-4,5,4072,"[-1, -1, 2, 2, 2, 1, -2, -2, 1, 1, 2, -1, 2, 2]"
8111,dfs_bnb_mpi,0.11438,-7,7,27672,"[-1, -1, 2, 2, 1, -2, 1, 2, 2, 2, -1, -1, -2, 1]"
8112,dfs_bnb_mpi,0.119512,-5,6,35009,"[-1, -1, 2, 2, 1, 1, 2, 1, -2, 1, -2, -1, -1, -1]"
8113,dfs_bnb_mpi,0.001186,-4,5,325,"[-1, -1, 2, 2, 1, -2, 1, 1, 2, -1, 2, 2, 2, 2]"
8114,dfs_bnb_mpi,0.012104,-2,3,2935,"[-1, -1, 2, 2, 1, 1, 2, 2, 1, -2, -2, -2, -1, -1]"
8115,dfs_bnb_mpi,0.005081,-4,5,1578,"[-1, -1, 2, 1, 2, 2, -1, -1, -2, -2, -1, -2, 1, -2]"
8116,dfs_bnb_mpi,0.000807,-2,3,241,"[-1, -1, 2, 2, 1, 2, -1, 2, -1, -2, -2, -1, 2, 2]"
8117,dfs_bnb_mpi,0.011852,-4,5,2718,"[-1, -1, 2, 2, -1, -2, -1, -1, -2, 1, 1, -2, 1, 1]"
8118,dfs_bnb_mpi,0.000686,-2,3,152,"[-1, -1, 2, 2, 2, -1, -2, -2, -2, -2, 1, 1, 1, 1]"
8119,dfs_bnb_mpi,0.030754,-5,6,7724,"[-1, -2, 1, 1, 2, 2, 1, 2, 1, -2, -2, -1, -2, 1]"
8120,dfs_bnb_mpi,0.016858,-2,3,5178,"[-1, -1, 2, 2, 2, 1, 2, -1, 2, 2, -1, -2, -2, -2]"
8121,dfs_bnb_mpi,0.006181,-4,5,1519,"[-1, -2, -1, 2, 2, 2, 2, 1, -2, -2, 1, 2, 2, 2]"
8122,dfs_bnb_mpi,0.109227,-3,4,33996,"[-1, -1, 2, 2, 1, 2, 2, 2, 1, -2, -2, -2, -2, -1]"
8123,dfs_bnb_mpi,0.034389,-5,6,10045,"[-1, -1, 2, -1, -2, -2, 1, -2, 1, -2, 1, 2, 2, -1]"
8124,dfs_bnb_mpi,0.04055,-7,8,9406,"[-1, -1, 2, 1, 2, 2, 1, 1, -2, -1, -2, 1, 1, 2]"
8125,dfs_bnb_mpi,0.017915,-5,6,4813,"[-1, -1, 2, 2, 1, -2, 1, 2, 1, -2, 1, -2, -1, -2]"
8126,dfs_bnb_mpi,0.012025,-2,3,3458,"[-1, -1, 2, 2, 2, 2, -1, -2, -2, -2, -2, -2, 1, 1]"
8127,dfs_bnb_mpi,0.034928,-6,7,8901,"[-1, -1, 2, -1, -2, -2, 1, 1, 1, -2, -1, -1, -1, -1]"
8128,dfs_bnb_mpi,0.000382,-2,3,108,"[-1, -1, 2, 1, 2, 1, -2, 1, 2, 2, 2, 2, 2, 2]"
8129,dfs_bnb_mpi,0.009438,-2,3,2542,"[-1, -1, 2, 2, 2, 1, 2, 2, -1, -2, -1, -2, -1, 2]"
8130,dfs_bnb_mpi,0.201869,-4,5,51147,"[-1, -1, 2, 2, 2, 1, 1, 1, -2, 1, -2, -1, -1, 2]"
8131,dfs_bnb_mpi,0.0941,-4,5,26632,"[-1, -1, 2, 2, 1, 2, -1, -1, 2, -1, -2, -2, 1, -2]"
8132,dfs_bnb_mpi,0.022629,-4,5,6413,"[-1, -1, -1, 2, 2, 1, -2, 1, 1, 1, -2, -2, -1, -1]"
8133,dfs_bnb_mpi,0.000519,-4,5,158,"[-1, -1, 2, 2, 1, -2, 1, 2, 1, 1, -2, -1, -2, 1]"
8134,dfs_bnb_mpi,0.010294,-6,7,2798,"[-1, -1, 2, 2, 1, -2, 1, 2, 2, -1, 2, -1, -2, -1]"
8135,dfs_bnb_mpi,0.016661,-5,6,5014,"[-1, -1, 2, 1, 2, 2, -1, -2, -1, -1, -2, 1, -2, -1]"
8136,dfs_bnb_mpi,0.002481,-4,4,736,"[-1, -1, 2, 1, 2, 2, 1, -2, -2, 1, 2, 2, 2, 2]"
8137,dfs_bnb_mpi,0.022928,-3,4,6968,"[-1, -1, 2, 2, 1, 2, 2, 1, -2, -2, 1, -2, -1, -1]"
8138,dfs_bnb_mpi,0.007174,-3,4,2155,"[-1, -1, 2, 2, -1, -2, -2, -2, 1, 1, -2, -1, -1, -1]"
8139,dfs_bnb_mpi,0.011781,-4,5,2642,"[-1, -1, 2, 2, 2, 2, 2, 1, -2, -2, 1, -2, -1, -2]"
8140,dfs_bnb_mpi,0.01349,-5,6,3903,"[-1, -1, 2, 2, 1, -2, 1, 2, 1, 2, -1, 2, -1, -2]"
8141,dfs_bnb_mpi,0.034972,-3,4,10445,"[-1, -1, 2, 2, 2, 2, 1, 2, 1, -2, -2, -2, -1, 2]"
8142,dfs_bnb_mpi,0.005828,-2,3,1768,"[-1, -1, 2, 2, 2, 2, -1, -2, -2, -2, -2, -2, 1, 1]"
8143,dfs_bnb_mpi,0.182942,-4,5,42381,"[-1, -1, 2, 2, 2, 2, -1, -2, -1, -2, 1, -2, -2, -1]"
8144,dfs_bnb_mpi,0.006078,-6,7,1542,"[-1, -2, 1, 1, 2, 2, 1, -2, -2, 1, 1, 2, -1, 2]"
8145,dfs_bnb_mpi,0.006113,-7,8,1473,"[-1, -2, -1, -2, 1, 1, 2, 1, 2, 1, -2, -2, -1, -2]"
8146,dfs_bnb_mpi,0.020226,-6,7,5225,"[-1, -1, 2, -1, 2, 2, 1, -2, 1, 2, 1, -2, -2, -1]"
8147,dfs_bnb_mpi,0.097693,-4,5,21886,"[-1, -1, 2, 2, 2, 2, 1, -2, 1, -2, -1, -2, 1, 1]"
8148,dfs_bnb_mpi,0.037283,-7,7,9538,"[-1, -1, 2, 1, 2, -1, -1, -2, -1, -2, 1, -2, 1, 1]"
8149,dfs_bnb_mpi,0.030654,-7,8,7107,"[-1, -1, 2, 1, 2, 2, 1, 1, -2, -1, -2, 1, -2, 1]"
8150,dfs_bnb_mpi,0.031642,-6,7,7441,"[-1, -1, 2, -1, 2, 1, 2, 1, -2, -2, 1, 1, 2, -1]"
8151,dfs_bnb_mpi,0.029817,-5,6,7469,"[-1, -1, 2, 1, 1, 2, 1, -2, 1, -2, -1, -2, 1, 1]"
8152,dfs_bnb_mpi,0.046499,-4,5,14056,"[-1, -1, 2, -1, 2, -1, -2, -1, -1, -2, 1, 1, 1, -2]"
8153,dfs_bnb_mpi,0.007074,-4,4,1724,"[-1, -1, 2, 2, 2, 1, 1, -2, -1, -2, 1, 1, 2, 2]"
8154,dfs_bnb_mpi,0.164016,-7,8,41535,"[-1, -2, -1, -2, 1, -2, 1, 2, 2, 1, 1, -2, -1, -2]"
8155,dfs_bnb_mpi,0.038561,-6,7,11389,"[-1, -1, 2, 2, 1, 2, 1, -2, 1, 1, -2, -1, -1, -1]"
8156,dfs_bnb_mpi,0.004926,-2,3,1356,"[-1, -1, 2, 2, 2, 1, 2, 2, -1, -2, -1, -2, -1, 2]"
8157,dfs_bnb_mpi,0.055563,-6,7,14777,"[-1, -1, 2, -1, -2, -1, 2, 2, 1, 2, 1, 1, -2, -1]"
8158,dfs_bnb_mpi,0.056398,-5,6,15549,"[-1, -2, -1, 2, -1, 2, 2, 1, -2, 1, 1, 2, -1, 2]"
8159,dfs_bnb_mpi,0.007658,-5,6,2076,"[-1, -1, 2, -1, -1, -2, 1, -2, 1, 1, -2, -1, -1, -1]"
8160,dfs_bnb_mpi,4.6e-05,0,1,15,"[-1, -1, 2, 2, 2, 2, 2, 2, 2, 2, 2, 2, 2, 2]"
8161,dfs_bnb_mpi,0.021803,-3,4,4967,"[-1, -1, 2, 2, 2, 1, 1, -2, -1, -2, 1, 1, 2, 2]"
8162,dfs_bnb_mpi,0.146788,-6,6,41379,"[-1, -1, 2, 1, 2, 2, -1, -1, -1, -2, -2, 1, 2, 1]"
8163,dfs_bnb_mpi,0.018391,-5,6,5226,"[-1, -1, 2, 2, 2, 1, 1, 1, -2, -1, -1, -2, 1, 1]"
8164,dfs_bnb_mpi,0.013495,-3,4,4124,"[-1, -1, 2, 2, 1, 2, 1, -2, 1, 1, -2, -1, -1, -1]"
8165,dfs_bnb_mpi,0.016189,-4,5,4965,"[-1, -1, 2, 1, 1, 1, -2, -2, 1, -2, -1, -1, 2, -1]"
8166,dfs_bnb_mpi,0.020601,-2,3,6086,"[-1, -1, 2, 2, 2, 1, 2, 2, 2, -1, -2, -2, -1, -2]"
8167,dfs_bnb_mpi,0.051389,-4,5,14736,"[-1, -1, 2, 2, 1, 1, -2, 1, -2, -2, -1, -1, -1, -1]"
8168,dfs_bnb_mpi,0.002256,-2,3,695,"[-1, -1, 2, 1, 2, -1, 2, 2, -1, -2, -2, -2, -1, 2]"
8169,dfs_bnb_mpi,0.00841,-5,6,2049,"[-1, -2, 1, 1, 2, 1, 2, -1, 2, -1, -2, -1, 2, 2]"
8170,dfs_bnb_mpi,0.087316,-5,6,20435,"[-1, -1, 2, 2, 1, 1, 2, 1, 1, -2, -1, -2, -1, -1]"
8171,dfs_bnb_mpi,0.166746,-4,5,42144,"[-1, -1, 2, -1, 2, 2, 1, 1, 1, -2, -2, -1, 2, -1]"
8172,dfs_bnb_mpi,0.089096,-6,7,26122,"[-1, -2, -1, -2, 1, -2, 1, 1, 2, 1, 2, -1, -1, -2]"
8173,dfs_bnb_mpi,0.046565,-4,4,14481,"[-1, -1, 2, 2, 2, 1, -2, 1, 2, 1, -2, -2, -1, -1]"
8174,dfs_bnb_mpi,0.02865,-3,4,7038,"[-1, -1, 2, 2, 2, 2, 1, -2, 1, 2, 2, 1, -2, 1]"
8175,dfs_bnb_mpi,0.041334,-7,8,11286,"[-1, -2, 1, 1, -2, -1, -2, -1, 2, -1, 2, 2, 2, 1]"
8176,dfs_bnb_mpi,5.2e-05,0,1,15,"[-1, -1, 2, 2, 2, 2, 2, 2, 2, 2, 2, 2, 2, 2]"
8177,dfs_bnb_mpi,0.060327,-7,7,14271,"[-1, -2, -1, -1, 2, 1, 2, 1, 2, -1, -1, -1, -2, 1]"
8178,dfs_bnb_mpi,0.023046,-5,5,6838,"[-1, -1, 2, 1, 1, 1, 2, -1, -1, 2, 2, -1, -2, -2]"
8179,dfs_bnb_mpi,0.16717,-5,6,42396,"[-1, -1, 2, 2, -1, -2, -1, -1, -2, 1, 1, -2, -1, -1]"
8180,dfs_bnb_mpi,0.245447,-5,6,57169,"[-1, -1, 2, -1, 2, -1, -2, -1, -2, -2, 1, 2, 1, -2]"
8181,dfs_bnb_mpi,0.223051,-4,4,53390,"[-1, -1, 2, 2, 2, 2, 2, 2, 1, -2, -2, 1, -2, -1]"
8182,dfs_bnb_mpi,0.004764,-4,5,1270,"[-1, -1, 2, 2, -1, -2, -2, -1, -2, 1, -2, 1, 2, 1]"
8183,dfs_bnb_mpi,0.019271,-3,4,5834,"[-1, -1, 2, 2, -1, -2, -1, 2, -1, -2, -2, 1, 1, -2]"
8184,dfs_bnb_mpi,0.060123,-5,6,15572,"[-1, -1, 2, -1, 2, 2, -1, -2, -1, -2, 1, -2, 1, -2]"
8185,dfs_bnb_mpi,0.015538,-4,5,4608,"[-1, -1, 2, 1, 2, -1, -1, -2, -1, -2, 1, -2, 1, 1]"
8186,dfs_bnb_mpi,0.015052,-6,7,4022,"[-1, -2, 1, 1, 2, 2, 1, 2, 2, -1, -2, -1, -2, -1]"
8187,dfs_bnb_mpi,0.102746,-6,7,23560,"[-1, -2, -1, -2, 1, -2, 1, 2, 2, 1, 2, 2, 1, -2]"
8188,dfs_bnb_mpi,0.053846,-4,5,16468,"[-1, -1, 2, -1, -2, -1, -2, 1, 1, -2, 1, 1, 2, -1]"
8189,dfs_bnb_mpi,0.140513,-7,8,31942,"[-1, -1, 2, 1, 2, 2, 1, 2, 1, -2, -2, -1, -2, 1]"
8190,dfs_bnb_mpi,0.015847,-4,5,4438,"[-1, -1, 2, 2, 2, -1, -2, -2, -1, -2, 1, -2, 1, 1]"
8191,dfs_bnb_mpi,0.002077,-3,3,658,"[-1, -1, 2, -1, 2, 2, 1, -2, 1, -2, 1, 2, 2, 2]"
8192,dfs_bnb_mpi,0.037034,-6,7,10949,"[-1, -2, 1, 1, 2, 2, -1, 2, 2, -1, -2, -2, -1, -2]"
8193,dfs_bnb_mpi,0.039595,-3,4,9040,"[-1, -1, 2, 2, 2, 2, 1, 2, 1, -2, -2, -1, -2, 1]"
8194,dfs_bnb_mpi,0.022896,-2,3,6252,"[-1, -1, 2, 2, 1, 2, 2, 2, -1, -2, -2, -1, -2, -1]"
8195,dfs_bnb_mpi,0.027857,-5,5,8075,"[-1, -1, 2, 2, 2, 2, 1, -2, -2, 1, 1, -2, -1, -1]"
8196,dfs_bnb_mpi,0.013595,-5,6,4156,"[-1, -1, 2, -1, 2, 1, 2, 1, -2, 1, 1, -2, -1, -1]"
8197,dfs_bnb_mpi,0.049412,-6,6,14634,"[-1, -1, 2, 2, 1, 2, 2, 1, -2, -2, 1, -2, -1, -1]"
8198,dfs_bnb_mpi,0.016371,-3,4,4484,"[-1, -1, 2, 2, 2, 1, 1, -2, -1, -2, 1, 1, 2, 2]"
8199,dfs_bnb_mpi,0.034824,-4,5,10477,"[-1, -1, 2, 1, 2, 2, -1, -2, -1, -1, -2, 1, -2, -1]"
8200,dfs_bnb_mpi,0.132321,-5,6,36222,"[-1, -1, 2, 1, 2, -1, 2, 2, -1, -2, -1, -2, 1, -2]"
8201,dfs_bnb_mpi,0.021958,-4,5,5060,"[-1, -1, -1, 2, 2, 2, 1, -2, -2, 1, 2, 1, -2, 1]"
8202,dfs_bnb_mpi,0.034125,-5,6,7970,"[-1, -1, 2, 2, 2, 1, 2, 1, -2, -2, -1, -2, 1, 1]"
8203,dfs_bnb_mpi,0.022845,-7,7,6025,"[-1, -2, 1, 1, 2, 1, -2, 1, -2, -1, -1, -2, -1, 2]"
8204,dfs_bnb_mpi,0.080321,-7,8,21775,"[-1, -1, 2, 1, 1, 2, 1, -2, -2, 1, -2, -1, -1, -1]"
8205,dfs_bnb_mpi,0.047935,-4,5,12931,"[-1, -1, 2, 2, 2, 2, 1, -2, -2, -2, 1, 2, 1, -2]"
8206,dfs_bnb_mpi,0.043112,-7,8,12029,"[-1, -2, 1, 1, 2, 1, 2, -1, 2, -1, -2, -1, -1, -2]"
8207,dfs_bnb_mpi,0.010879,-4,4,3011,"[-1, -1, 2, 2, 2, 2, 1, -2, 1, -2, -1, -2, 1, 1]"
8208,dfs_bnb_mpi,0.015768,-4,5,4420,"[-1, -1, 2, -1, -2, -1, -2, -1, -2, 1, 1, 2, 1, 1]"
8209,dfs_bnb_mpi,0.032964,-2,3,8460,"[-1, -1, 2, 2, 2, 2, 2, 2, 1, -2, 1, -2, -1, -2]"
8210,dfs_bnb_mpi,0.059124,-7,8,13505,"[-1, -1, 2, 1, 1, 1, 2, 2, -1, -2, -1, 2, -1, -2]"
8211,dfs_bnb_mpi,0.064318,-7,8,17688,"[-1, -1, 2, 1, 2, 1, -2, 1, -2, 1, -2, -1, -1, -1]"
8212,dfs_bnb_mpi,0.023413,-5,6,6382,"[-1, -2, 1, 1, 2, 1, -2, 1, -2, -1, -1, -1, -1, -1]"
8213,dfs_bnb_mpi,0.121956,-7,8,28964,"[-1, -1, 2, -1, -1, -2, 1, -2, -1, -2, 1, 1, 2, 1]"
8214,dfs_bnb_mpi,0.238378,-5,6,52894,"[-1, -1, 2, 1, 2, 2, -1, -1, -1, -2, -2, 1, 2, 1]"
8215,dfs_bnb_mpi,0.011731,-5,6,3416,"[-1, -2, 1, -2, 1, 2, 2, 1, 2, -1, 2, -1, -2, -1]"
8216,dfs_bnb_mpi,0.002977,-3,4,680,"[-1, -1, 2, 1, 2, 2, 1, -2, -2, 1, 2, 2, 2, 2]"
8217,dfs_bnb_mpi,0.080312,-7,8,20620,"[-1, -1, 2, 1, 2, 1, -2, 1, -2, 1, -2, -1, -1, -1]"
8218,dfs_bnb_mpi,3.7e-05,0,1,15,"[-1, -1, 2, 2, 2, 2, 2, 2, 2, 2, 2, 2, 2, 2]"
8219,dfs_bnb_mpi,0.098204,-7,8,24867,"[-1, -1, 2, 2, 1, -2, 1, 1, 1, -2, -1, -2, -1, -1]"
8220,dfs_bnb_mpi,0.045788,-6,7,10405,"[-1, -1, -1, 2, -1, 2, 1, 2, 1, -2, -2, 1, 2, 2]"
8221,dfs_bnb_mpi,0.026933,-4,4,8176,"[-1, -1, 2, 2, 2, 2, 2, 1, -2, -2, 1, -2, -1, -2]"
8222,dfs_bnb_mpi,0.015367,-5,6,4272,"[-1, -2, 1, 1, -2, 1, 1, 1, 2, -1, -1, 2, -1, 2]"
8223,dfs_bnb_mpi,0.040877,-3,4,12317,"[-1, -1, 2, 2, 2, 1, 2, 1, -2, -2, -1, -2, 1, 1]"
8224,dfs_bnb_mpi,0.01339,-6,7,3309,"[-1, -1, 2, 2, 1, -2, 1, 1, -2, -2, -1, -1, -1, -1]"
8225,dfs_bnb_mpi,0.263091,-6,7,58391,"[-1, -1, 2, -1, 2, -1, -2, -1, -2, 1, 1, -2, -1, -1]"
8226,dfs_bnb_mpi,0.126196,-4,5,38032,"[-1, -1, 2, 2, 1, 2, 1, 2, 1, -2, -2, -1, -2, -1]"
8227,dfs_bnb_mpi,0.001914,-3,4,572,"[-1, -2, 1, 1, 1, 1, 2, 2, -1, -2, -1, 2, -1, 2]"
8228,dfs_bnb_mpi,0.006642,-5,6,2012,"[-1, -1, 2, 1, 1, 2, 1, 2, 2, -1, -2, -1, -2, -1]"
8229,dfs_bnb_mpi,0.079682,-5,6,20352,"[-1, -1, 2, 2, 1, 2, 1, 1, 1, -2, -1, -1, -2, -1]"
8230,dfs_bnb_mpi,0.128414,-7,7,33096,"[-1, -2, 1, -2, 1, 1, 1, 2, -1, 2, 2, -1, -2, -2]"
8231,dfs_bnb_mpi,0.051163,-4,5,13480,"[-1, -1, 2, 1, 2, -1, 2, -1, -2, -1, -1, -2, 1, 1]"
8232,dfs_bnb_mpi,0.01822,-6,6,5180,"[-1, -1, 2, 2, 1, -2, 1, 2, 2, 1, -2, 1, -2, -1]"
8233,dfs_bnb_mpi,0.010058,-4,4,2849,"[-1, -1, 2, 2, 2, -1, -2, -1, -1, -2, 1, -2, 1, 2]"
8234,dfs_bnb_mpi,0.079373,-6,6,18690,"[-1, -1, 2, -1, -2, -1, 2, 2, 2, 1, -2, 1, 1, -2]"
8235,dfs_bnb_mpi,0.02365,-5,6,6333,"[-1, -1, 2, 2, 1, -2, 1, 1, -2, -2, -1, -2, -1, 2]"
8236,dfs_bnb_mpi,0.000902,-2,3,212,"[-1, -1, 2, 2, 2, 2, 2, 1, -2, -2, 1, -2, -1, -2]"
8237,dfs_bnb_mpi,0.015391,-6,7,4107,"[-1, -2, -1, -1, 2, 1, 2, 1, 2, 1, -2, 1, 2, 2]"
8238,dfs_bnb_mpi,0.001808,-6,5,490,"[-1, -1, 2, 2, 1, -2, 1, 2, 2, -1, 2, -1, -2, -1]"
8239,dfs_bnb_mpi,0.149789,-4,5,37248,"[-1, -1, 2, 2, 1, -2, 1, 1, 1, 2, -1, 2, -1, -2]"
8240,dfs_bnb_mpi,0.031912,-6,7,7514,"[-1, -1, 2, 2, 2, -1, -2, -1, -2, 1, -2, -2, -1, 2]"
8241,dfs_bnb_mpi,0.055666,-5,6,14780,"[-1, -2, -1, 2, 2, 1, 1, 1, -2, 1, -2, -1, -1, -2]"
8242,dfs_bnb_mpi,0.004427,-6,7,1122,"[-1, -1, 2, 2, 1, -2, 1, 2, 2, -1, 2, -1, -2, -1]"
8243,dfs_bnb_mpi,0.106518,-7,8,24501,"[-1, -1, 2, -1, 2, 2, 1, 1, 1, -2, -2, -1, 2, -1]"
8244,dfs_bnb_mpi,0.171342,-7,8,40594,"[-1, -2, -2, 1, 2, 1, 2, 1, -2, -2, -1, -2, -1, -1]"
8245,dfs_bnb_mpi,0.01806,-6,7,4705,"[-1, -2, -1, -2, 1, 1, 2, 1, 2, 1, -2, -2, -1, -2]"
8246,dfs_bnb_mpi,0.070733,-4,4,16002,"[-1, -1, 2, 2, 2, 2, 1, 1, -2, -2, -1, -2, 1, 1]"
8247,dfs_bnb_mpi,0.01928,-6,7,5023,"[-1, -2, -1, -2, 1, 1, 2, 1, 1, 2, -1, 2, 1, 2]"
8248,dfs_bnb_mpi,0.054454,-6,7,13586,"[-1, -2, -1, 2, 2, 1, 1, 1, 1, -2, -1, -2, -1, -2]"
8249,dfs_bnb_mpi,0.109235,-7,8,25007,"[-1, -1, 2, 1, 2, 1, -2, 1, 1, -2, -1, -2, -1, -1]"
8250,dfs_bnb_mpi,0.02751,-3,3,7646,"[-1, -1, 2, 2, 2, 2, 2, 2, 1, -2, 1, -2, -1, -2]"
8251,dfs_bnb_mpi,0.021123,-5,6,4832,"[-1, -1, 2, 2, 2, 1, 1, -2, -1, -2, 1, 1, 2, 2]"
8252,dfs_bnb_mpi,0.072905,-7,8,16742,"[-1, -1, 2, 1, 2, 1, -2, 1, 2, 2, -1, -1, -1, -2]"
8253,dfs_bnb_mpi,0.12792,-7,8,28401,"[-1, -1, 2, -1, 2, 1, 2, 1, 1, -2, -1, -2, 1, 1]"
8254,dfs_bnb_mpi,0.118084,-4,5,32780,"[-1, -2, -1, 2, 2, 2, 2, -1, 2, 1, 1, -2, -2, -2]"
8255,dfs_bnb_mpi,0.001614,-4,5,428,"[-1, -1, 2, -1, 2, 1, 1, -2, 1, 2, 2, -1, 2, 2]"
8256,dfs_bnb_mpi,4.6e-05,0,1,15,"[-1, -1, 2, 2, 2, 2, 2, 2, 2, 2, 2, 2, 2, 2]"
8257,dfs_bnb_mpi,0.041827,-3,4,12632,"[-1, -1, 2, 2, -1, -2, -1, -1, -2, 1, 1, -2, 1, 1]"
8258,dfs_bnb_mpi,0.024059,-6,7,5806,"[-1, -1, 2, -1, -2, -2, 1, -2, 1, 2, 1, 1, -2, -1]"
8259,dfs_bnb_mpi,0.209928,-5,6,54747,"[-1, -1, 2, 2, 2, 2, 2, 1, -2, 1, -2, -1, -2, -2]"
8260,dfs_bnb_mpi,0.017066,-4,5,4478,"[-1, -1, 2, 2, 2, -1, -1, -2, 1, -2, -1, -1, -2, 1]"
8261,dfs_bnb_mpi,0.01223,-4,5,3697,"[-1, -1, 2, 2, 2, -1, -2, -1, -2, -1, -2, 1, 1, 2]"
8262,dfs_bnb_mpi,0.302761,-4,5,90065,"[-1, -1, 2, 2, 2, -1, -2, -1, -2, -1, -2, 1, 1, 2]"
8263,dfs_bnb_mpi,0.004456,-6,5,1278,"[-1, -1, 2, 1, 2, 2, 2, 1, -2, 1, -2, -1, -2, 1]"
8264,dfs_bnb_mpi,0.000675,-4,4,211,"[-1, -1, 2, -1, 2, 2, 1, -2, 1, -2, 1, 2, 2, 2]"
8265,dfs_bnb_mpi,0.004178,-4,5,1286,"[-1, -2, 1, 1, 2, 1, -2, -2, -1, -2, -1, 2, -1, -1]"
8266,dfs_bnb_mpi,0.019204,-5,6,5435,"[-1, -1, 2, -1, -2, -1, 2, -1, 2, 1, 1, 1, 2, 2]"
8267,dfs_bnb_mpi,0.161274,-6,7,38295,"[-1, -1, 2, 1, 2, -1, -1, -2, -1, -2, 1, -2, 1, 1]"
8268,dfs_bnb_mpi,0.010628,-5,6,2908,"[-1, -1, 2, -1, 2, -1, -2, -2, 1, -2, 1, 1, 1, 1]"
8269,dfs_bnb_mpi,0.012603,-4,5,3723,"[-1, -1, 2, 1, 2, -1, 2, 2, -1, -2, -2, -1, -2, 1]"
8270,dfs_bnb_mpi,0.128104,-6,7,36413,"[-1, -2, -2, -2, -2, 1, 2, 1, 2, 1, 2, -1, -1, -2]"
8271,dfs_bnb_mpi,0.33286,-3,4,91563,"[-1, -1, 2, 2, 2, 2, 2, 1, 1, -2, -2, -2, -1, 2]"
8272,dfs_bnb_mpi,0.156921,-7,8,41767,"[-1, -2, -1, -2, 1, 1, 2, 1, -2, 1, -2, -1, -1, -1]"
8273,dfs_bnb_mpi,0.165044,-6,7,37354,"[-1, -1, 2, -1, 2, 1, 2, 2, 1, -2, -2, 1, -2, -1]"
8274,dfs_bnb_mpi,0.129677,-5,6,34880,"[-1, -1, 2, 2, 2, 2, 1, -2, -2, 1, 1, -2, -1, -1]"
8275,dfs_bnb_mpi,0.083126,-6,7,22029,"[-1, -1, 2, 2, 2, 1, -2, 1, 2, 1, -2, -2, -1, -1]"
8276,dfs_bnb_mpi,0.001593,-3,4,480,"[-1, -1, 2, 2, 2, 1, -2, -2, 1, 1, 2, -1, 2, 2]"
8277,dfs_bnb_mpi,0.033268,-5,5,9061,"[-1, -1, 2, 1, 1, 1, 2, 2, -1, -2, -1, 2, -1, -2]"
8278,dfs_bnb_mpi,0.13556,-5,6,36244,"[-1, -1, 2, 2, 2, 1, 2, 1, -2, 1, -2, -1, -1, -2]"
8279,dfs_bnb_mpi,0.020908,-5,6,5468,"[-1, -1, 2, 2, 2, 1, 1, 1, -2, -1, -1, -2, 1, 1]"
8280,dfs_bnb_mpi,0.028297,-6,7,7456,"[-1, -1, 2, -1, 2, 1, 2, 1, 1, -2, -1, -2, 1, 1]"
8281,dfs_bnb_mpi,0.003926,-5,6,1080,"[-1, -1, 2, 1, 2, -1, 2, 1, 1, -2, -2, 1, 2, 2]"
8282,dfs_bnb_mpi,0.024012,-4,5,6540,"[-1, -1, 2, 2, 2, 1, -2, 1, 2, 1, -2, -2, -1, -1]"
8283,dfs_bnb_mpi,0.036994,-4,5,10336,"[-1, -1, 2, -1, 2, -1, -2, -1, -1, -2, 1, 1, 1, -2]"
8284,dfs_bnb_mpi,0.00034,-2,3,82,"[-1, -1, 2, 2, 2, 2, 2, 2, 2, 1, -2, 1, -2, -1]"
8285,dfs_bnb_mpi,0.000929,-2,3,284,"[-1, -1, 2, 2, 2, 1, 2, -1, 2, -1, -2, -2, -1, 2]"
8286,dfs_bnb_mpi,0.006453,-6,6,1736,"[-1, -2, -1, -2, -2, -1, -2, 1, 1, 2, 2, 1, 2, 1]"
8287,dfs_bnb_mpi,0.334811,-4,5,89561,"[-1, -1, 2, 2, 2, 2, 2, 1, -2, -2, 1, -2, -1, -2]"
8288,dfs_bnb_mpi,0.236055,-5,6,54632,"[-1, -1, 2, 1, 2, 2, -1, -2, -1, -1, -2, 1, -2, -1]"
8289,dfs_bnb_mpi,0.056848,-4,5,16225,"[-1, -1, 2, 2, 2, 1, 2, -1, 2, -1, -2, -1, -2, 1]"
8290,dfs_bnb_mpi,0.011742,-5,6,3330,"[-1, -1, 2, 1, 1, 2, 2, 1, -2, 1, -2, -1, -2, 1]"
8291,dfs_bnb_mpi,0.1154,-3,4,34865,"[-1, -1, 2, 2, 2, 2, 1, -2, 1, 1, -2, -1, -1, -2]"
8292,dfs_bnb_mpi,0.010612,-6,7,2745,"[-1, -2, 1, 1, 1, 2, -1, 2, 2, 2, -1, -2, -2, -1]"
8293,dfs_bnb_mpi,0.093034,-4,4,26389,"[-1, -2, 1, 1, -2, -1, -1, -1, 2, 2, 2, 2, 1, -2]"
8294,dfs_bnb_mpi,0.023027,-4,5,6997,"[-1, -2, 1, 1, -2, 1, 1, 1, 2, -1, -1, 2, -1, 2]"
8295,dfs_bnb_mpi,0.169081,-4,5,40809,"[-1, -1, 2, 2, 2, 2, 1, 2, 1, 1, -2, -1, -2, -1]"
8296,dfs_bnb_mpi,0.005397,-2,3,1645,"[-1, -1, 2, 2, 2, 2, 2, 1, -2, 1, -2, -1, -2, 1]"
8297,dfs_bnb_mpi,0.001989,-5,6,520,"[-1, -1, 2, 2, -1, -2, -2, -1, 2, -1, 2, 1, 2, 2]"
8298,dfs_bnb_mpi,0.00121,-3,4,347,"[-1, -1, 2, 2, 1, 1, -2, 1, 1, -2, -1, -2, -1, -1]"
8299,dfs_bnb_mpi,0.234902,-4,5,55713,"[-1, -1, 2, 2, 2, 2, 1, 1, -2, -1, -2, 1, 1, 2]"
8300,dfs_bnb_mpi,0.032149,-5,6,8267,"[-1, -1, 2, 2, -1, 2, -1, -1, -2, 1, -2, 1, -2, -1]"
8301,dfs_bnb_mpi,5e-05,0,1,15,"[-1, -1, 2, 2, 2, 2, 2, 2, 2, 2, 2, 2, 2, 2]"
8302,dfs_bnb_mpi,0.033339,-7,8,8871,"[-1, -1, 2, 2, 1, -2, 1, 1, -2, -2, -2, -1, 2, -1]"
8303,dfs_bnb_mpi,0.152415,-6,6,36603,"[-1, -1, 2, 2, 2, 1, 1, 1, -2, -2, -1, 2, -1, -2]"
8304,dfs_bnb_mpi,0.013857,-4,5,4105,"[-1, -1, 2, 1, 1, 2, -1, -1, 2, -1, -2, -1, -2, 1]"
8305,dfs_bnb_mpi,0.0259,-5,6,7268,"[-1, -1, 2, -1, -2, -2, 1, -2, 1, 1, 1, 2, -1, -1]"
8306,dfs_bnb_mpi,0.00654,-3,4,1820,"[-1, -1, 2, 2, 1, 1, -2, 1, 2, 2, -1, 2, 2, 2]"
8307,dfs_bnb_mpi,0.039299,-7,8,10442,"[-1, -2, 1, 1, 2, 1, 1, -2, -1, -2, -2, -1, 2, -1]"
8308,dfs_bnb_mpi,0.005991,-4,5,1793,"[-1, -1, 2, -1, -1, 2, 1, 1, 2, 2, 1, -2, -2, -2]"
8309,dfs_bnb_mpi,0.004385,-6,7,1153,"[-1, -1, 2, 1, 2, 2, -1, -2, -1, -2, -1, -2, 1, -2]"
8310,dfs_bnb_mpi,0.142217,-6,7,37517,"[-1, -1, 2, 2, 1, 2, 1, -2, 1, 1, -2, -1, -1, -1]"
8311,dfs_bnb_mpi,0.064387,-6,7,14575,"[-1, -1, 2, -1, 2, 2, 1, -2, 1, -2, 1, 2, 2, -1]"
8312,dfs_bnb_mpi,0.083448,-3,4,23782,"[-1, -1, 2, 2, 2, -1, -1, -2, -1, -2, 1, 1, -2, -1]"
8313,dfs_bnb_mpi,0.185329,-6,7,47165,"[-1, -1, 2, 2, 2, 2, 1, 1, -2, -2, -2, -1, 2, 2]"
8314,dfs_bnb_mpi,0.037049,-6,7,8563,"[-1, -1, 2, 1, 1, 2, -1, 2, -1, -2, -1, -2, -2, -1]"
8315,dfs_bnb_mpi,0.003549,-6,7,944,"[-1, -2, -1, -2, 1, -2, 1, 2, 2, 1, 1, 2, -1, 2]"
8316,dfs_bnb_mpi,0.030248,-3,4,8712,"[-1, -1, 2, 2, 2, 1, 1, 1, -2, -1, -1, -2, 1, 1]"
8317,dfs_bnb_mpi,0.001537,-3,4,456,"[-1, -1, 2, -1, -2, -2, 1, 1, -2, -1, -1, -1, 2, 2]"
8318,dfs_bnb_mpi,0.015421,-7,7,3945,"[-1, -1, 2, -1, 2, 1, 2, 1, -2, -2, 1, 1, 2, -1]"
8319,dfs_bnb_mpi,0.00049,-2,3,148,"[-1, -1, 2, 2, 2, 2, 2, 1, 2, 1, -2, -2, -1, -2]"
8320,dfs_bnb_mpi,0.000102,-2,3,37,"[-1, -1, 2, 2, 1, -2, 1, 2, 2, 2, 2, 2, 2, 2]"
8321,dfs_bnb_mpi,0.011107,-5,6,3300,"[-1, -1, 2, 1, 1, 2, 2, 1, -2, 1, -2, -1, -2, 1]"
8322,dfs_bnb_mpi,0.018823,-6,7,5064,"[-1, -2, 1, 1, -2, -1, -1, -1, -2, 1, -2, 1, 2, 1]"
8323,dfs_bnb_mpi,0.016772,-7,8,3809,"[-1, -2, -2, -2, 1, 2, 2, 1, 2, 1, -2, -2, -1, -2]"
8324,dfs_bnb_mpi,0.084858,-6,7,19828,"[-1, -2, -1, 2, -1, 2, -1, 2, 2, 1, -2, 1, -2, 1]"
8325,dfs_bnb_mpi,0.006992,-4,5,2054,"[-1, -2, -1, -1, -1, 2, 1, 1, 2, 2, 1, -2, 1, 2]"
8326,dfs_bnb_mpi,0.040238,-7,8,9312,"[-1, -1, 2, -1, 2, 1, 2, 1, -2, -2, 1, 2, 1, -2]"
8327,dfs_bnb_mpi,0.056535,-5,6,13904,"[-1, -1, 2, 2, 2, 1, 1, 1, -2, -2, -1, 2, -1, -2]"
8328,dfs_bnb_mpi,0.005383,-4,5,1509,"[-1, -1, 2, 1, 2, -1, -1, 2, -1, -2, -2, 1, -2, -1]"
8329,dfs_bnb_mpi,0.059178,-7,8,14219,"[-1, -2, 1, 1, 2, 1, -2, 1, -2, -1, -1, -1, -2, 1]"
8330,dfs_bnb_mpi,0.010699,-4,5,2806,"[-1, -2, 1, 1, -2, 1, 1, 2, -1, 2, -1, 2, 2, 2]"
8331,dfs_bnb_mpi,0.220511,-6,7,48948,"[-1, -1, -1, 2, -1, 2, 1, 2, 1, 1, -2, -1, -2, 1]"
8332,dfs_bnb_mpi,0.008738,-6,6,2545,"[-1, -2, 1, 1, 2, 2, 2, 1, -2, 1, -2, -1, -2, 1]"
8333,dfs_bnb_mpi,9.7e-05,-2,3,35,"[-1, -1, 2, 1, 1, 2, 1, -2, 1, 2, 2, 2, 2, 2]"
8334,dfs_bnb_mpi,0.017054,-5,6,4544,"[-1, -1, 2, 2, 2, 1, -2, -2, 1, 2, 1, 2, -1, 2]"
8335,dfs_bnb_mpi,0.020813,-5,6,5425,"[-1, -1, 2, 2, 2, 2, 1, -2, -2, 1, 2, 1, 2, -1]"
8336,dfs_bnb_mpi,0.056575,-5,6,15115,"[-1, -2, 1, 1, 2, 2, 2, 1, -2, 1, -2, -1, -2, 1]"
8337,dfs_bnb_mpi,0.010129,-3,4,3143,"[-1, -1, -1, 2, 1, 1, 2, 2, 2, 1, -2, -2, -2, 1]"
8338,dfs_bnb_mpi,0.293824,-5,6,64785,"[-1, -1, 2, 2, 2, 2, 1, 2, 1, -2, -2, -1, -2, 1]"
8339,dfs_bnb_mpi,0.004584,-6,7,1069,"[-1, -2, -2, 1, 2, 1, 2, 1, -2, -2, -1, -2, 1, 1]"
8340,dfs_bnb_mpi,0.014008,-4,5,3217,"[-1, -1, 2, 2, -1, -1, -2, 1, -2, -1, -1, 2, 2, 2]"
8341,dfs_bnb_mpi,0.000691,-4,5,199,"[-1, -2, -1, 2, 2, 1, 2, 1, -2, 1, 2, 2, 2, 2]"
8342,dfs_bnb_mpi,0.008224,-4,5,2084,"[-1, -1, 2, 2, 2, 1, 2, 1, -2, 1, -2, -1, -1, -2]"
8343,dfs_bnb_mpi,0.15452,-5,6,40835,"[-1, -1, 2, 2, 2, 2, 2, 1, -2, 1, -2, -2, -1, 2]"
8344,dfs_bnb_mpi,0.051648,-4,5,13647,"[-1, -1, 2, 2, 2, 1, 1, 2, -1, 2, -1, -2, -1, -2]"
8345,dfs_bnb_mpi,0.062847,-6,7,17177,"[-1, -1, 2, 1, 2, -1, 2, -1, -2, -1, -2, -2, 1, 2]"
8346,dfs_bnb_mpi,0.140095,-6,7,39942,"[-1, -1, 2, -1, 2, 1, 1, 2, 2, 1, -2, -2, -2, -1]"
8347,dfs_bnb_mpi,0.074978,-5,6,19901,"[-1, -1, 2, 2, 1, -2, 1, 2, 1, 2, 1, -2, -2, -1]"
8348,dfs_bnb_mpi,0.048578,-5,6,13207,"[-1, -1, 2, 2, -1, -2, -1, -2, 1, -2, 1, 1, 1, 1]"
8349,dfs_bnb_mpi,0.038507,-4,5,10834,"[-1, -2, 1, 1, 2, 1, 2, 2, 2, -1, -2, -2, -1, 2]"
8350,dfs_bnb_mpi,0.00642,-7,7,1862,"[-1, -1, 2, 1, 1, 2, -1, 2, 2, -1, -2, -1, -2, 1]"
8351,dfs_bnb_mpi,0.065346,-4,5,17591,"[-1, -1, 2, 1, 2, -1, 2, -1, -2, -1, -1, -2, 1, 1]"
8352,dfs_bnb_mpi,0.002055,-6,7,558,"[-1, -2, 1, 1, 2, 2, -1, 2, -1, -2, -1, 2, 2, 2]"
8353,dfs_bnb_mpi,0.010792,-4,5,3152,"[-1, -2, -1, 2, 2, -1, 2, 2, 1, -2, 1, -2, 1, 2]"
8354,dfs_bnb_mpi,0.189808,-5,6,47944,"[-1, -1, 2, 2, -1, -2, -1, -1, -2, 1, 1, -2, -1, -1]"
8355,dfs_bnb_mpi,0.016389,-7,8,3847,"[-1, -1, 2, 1, 2, 2, 1, -2, -2, 1, 2, 1, 2, -1]"
8356,dfs_bnb_mpi,5.5e-05,0,1,15,"[-1, -1, 2, 2, 2, 2, 2, 2, 2, 2, 2, 2, 2, 2]"
8357,dfs_bnb_mpi,0.167863,-6,7,38027,"[-1, -1, 2, 2, 1, 2, 2, 2, 1, -2, -2, -2, -2, -1]"
8358,dfs_bnb_mpi,0.019109,-5,6,5410,"[-1, -1, 2, 1, 2, 2, -1, -2, -1, -2, -1, -2, 1, -2]"
8359,dfs_bnb_mpi,0.059514,-5,6,14101,"[-1, -1, 2, -1, 2, 2, -1, -1, -2, 1, -2, -2, 1, -2]"
8360,dfs_bnb_mpi,0.100187,-7,8,25287,"[-1, -1, 2, 1, 1, 1, 2, 2, -1, -1, -1, -2, 1, 1]"
8361,dfs_bnb_mpi,0.017888,-6,7,4831,"[-1, -2, 1, -2, 1, 2, 1, 2, -1, 2, 2, -1, -2, -1]"
8362,dfs_bnb_mpi,0.019138,-5,6,5247,"[-1, -1, 2, 2, 2, 1, -2, -2, 1, 2, 2, 1, -2, -2]"
8363,dfs_bnb_mpi,4.1e-05,0,1,15,"[-1, -1, 2, 2, 2, 2, 2, 2, 2, 2, 2, 2, 2, 2]"
8364,dfs_bnb_mpi,0.001441,-5,6,422,"[-1, -1, 2, 1, 2, -1, 2, -1, -2, -1, -2, 1, -2, -1]"
8365,dfs_bnb_mpi,0.014626,-3,3,4596,"[-1, -1, 2, -1, 2, 2, 2, 1, -2, -2, 1, -2, 1, 2]"
8366,dfs_bnb_mpi,0.069477,-4,5,16526,"[-1, -1, 2, 2, 2, 2, 1, -2, 1, -2, -1, -2, 1, 1]"
8367,dfs_bnb_mpi,0.002813,-2,3,847,"[-1, -1, 2, 2, 2, 1, 2, -1, 2, -1, -2, -2, -1, 2]"
8368,dfs_bnb_mpi,0.004244,-3,4,1032,"[-1, -1, 2, 2, -1, -1, -2, 1, -2, -1, -1, 2, 2, 2]"
8369,dfs_bnb_mpi,0.006047,-6,7,1426,"[-1, -1, 2, -1, -2, -2, 1, 1, -2, -1, -2, -1, 2, -1]"
8370,dfs_bnb_mpi,0.035367,-5,6,10210,"[-1, -1, 2, 2, 1, 2, 2, 1, -2, 1, -2, -1, -2, -1]"
8371,dfs_bnb_mpi,0.092205,-6,7,21064,"[-1, -2, -1, 2, 2, -1, 2, 1, 2, 1, -2, 1, -2, -1]"
8372,dfs_bnb_mpi,0.053334,-7,8,12451,"[-1, -1, 2, -1, 2, 2, 1, -2, 1, 1, 1, -2, -1, -1]"
8373,dfs_bnb_mpi,0.078987,-4,4,23015,"[-1, -1, 2, 2, 2, 2, 2, 1, -2, -2, -2, 1, -2, -1]"
8374,dfs_bnb_mpi,0.106292,-6,7,28394,"[-1, -2, -1, -1, -2, 1, 1, 1, 2, 1, -2, -2, -1, -1]"
8375,dfs_bnb_mpi,0.17841,-7,8,39506,"[-1, -2, -1, 2, 2, 1, 2, -1, -1, -1, -2, 1, -2, -1]"
8376,dfs_bnb_mpi,0.043282,-6,7,12091,"[-1, -2, 1, 1, 2, 2, -1, 2, 1, 1, -2, -2, -2, 1]"
8377,dfs_bnb_mpi,0.093312,-4,5,24074,"[-1, -1, 2, 2, 1, 2, 2, 1, -2, -2, 1, -2, -1, -1]"
8378,dfs_bnb_mpi,0.164732,-7,8,38651,"[-1, -2, -1, 2, -1, 2, 2, 2, 1, 1, -2, -1, -2, 1]"
8379,dfs_bnb_mpi,0.060919,-6,7,15551,"[-1, -2, -1, 2, 2, 2, 1, 2, 1, 1, -2, -1, -2, -1]"
8380,dfs_bnb_mpi,0.091962,-5,6,24185,"[-1, -2, -1, 2, 2, -1, 2, 1, 2, 1, -2, 1, -2, -1]"
8381,dfs_bnb_mpi,0.031943,-5,6,9534,"[-1, -1, 2, 1, 2, -1, 2, 2, -1, -2, -1, -2, 1, -2]"
8382,dfs_bnb_mpi,0.112924,-6,7,29307,"[-1, -2, -1, 2, -1, 2, 2, 1, -2, 1, 1, 2, -1, 2]"
8383,dfs_bnb_mpi,0.045558,-5,6,13494,"[-1, -1, 2, 1, 2, 2, 2, 2, 1, -2, -2, -2, -2, 1]"
8384,dfs_bnb_mpi,0.079712,-6,7,18863,"[-1, -2, 1, 1, 2, 1, 2, -1, 2, -1, -2, -1, -1, -2]"
8385,dfs_bnb_mpi,0.137329,-7,7,30770,"[-1, -1, 2, 2, 2, 2, 1, 1, -2, -1, -2, 1, -2, -1]"
8386,dfs_bnb_mpi,0.062711,-6,7,17338,"[-1, -1, 2, 1, 1, 1, 2, -1, 2, -1, -2, -1, -1, -2]"
8387,dfs_bnb_mpi,0.000366,-4,5,116,"[-1, -2, 1, 1, 2, 2, -1, 2, -1, -2, -1, 2, 2, 2]"
8388,dfs_bnb_mpi,0.005135,-4,5,1432,"[-1, -1, 2, 1, 1, 2, 2, -1, -2, -1, 2, 2, 1, 2]"
8389,dfs_bnb_mpi,0.047529,-5,6,13900,"[-1, -1, 2, 1, 2, 1, -2, 1, 1, 2, -1, 2, -1, 2]"
8390,dfs_bnb_mpi,0.008661,-2,3,2751,"[-1, -1, 2, 2, 1, -2, 1, 2, 2, -1, -1, -1, -2, -2]"
8391,dfs_bnb_mpi,0.00302,-4,4,886,"[-1, -1, 2, 2, 2, -1, -2, -2, -1, -1, -2, 1, 1, -2]"
8392,dfs_bnb_mpi,0.021356,-6,6,4859,"[-1, -2, -1, 2, 2, 1, 2, -1, -1, -2, -2, -2, -1, 2]"
8393,dfs_bnb_mpi,0.002927,-4,5,893,"[-1, -1, 2, 2, -1, 2, -1, -2, -1, -2, 1, 1, -2, -1]"
8394,dfs_bnb_mpi,0.018651,-6,7,4764,"[-1, -2, 1, -2, 1, 2, 2, 2, 1, -2, -2, -2, 1, 2]"
8395,dfs_bnb_mpi,0.006498,-2,3,1949,"[-1, -1, 2, 2, 2, 1, -2, -2, 1, 1, -2, -2, -1, -1]"
8396,dfs_bnb_mpi,0.008519,-6,7,2045,"[-1, -1, 2, 2, 2, 1, -2, -2, 1, 1, 2, -1, 2, 2]"
8397,dfs_bnb_mpi,0.012354,-6,7,3221,"[-1, -1, 2, 2, 1, -2, 1, 2, 1, -2, 1, -2, -1, -2]"
8398,dfs_bnb_mpi,0.041766,-5,6,11950,"[-1, -1, 2, 1, 2, 1, -2, 1, 2, 2, 2, 1, -2, -2]"
8399,dfs_bnb_mpi,0.007548,-7,8,1914,"[-1, -1, 2, 1, 2, 2, 1, -2, -2, 1, 2, 1, 2, -1]"
8400,dfs_bnb_mpi,0.002102,-6,7,519,"[-1, -2, 1, 1, 1, -2, -1, -1, -2, 1, -2, 1, 2, 1]"
8401,dfs_bnb_mpi,0.020528,-4,5,4915,"[-1, -1, -1, 2, 1, 2, 2, 1, -2, -2, 1, 2, 2, 2]"
8402,dfs_bnb_mpi,0.01699,-5,5,4848,"[-1, -1, 2, 2, -1, -2, -2, -1, -1, -2, 1, -2, 1, 2]"
8403,dfs_bnb_mpi,0.002594,-3,3,802,"[-1, -1, 2, 1, 2, 2, 2, 1, -2, -2, -2, 1, 2, 2]"
8404,dfs_bnb_mpi,0.098775,-6,7,27671,"[-1, -1, -1, 2, -1, -1, 2, 1, 2, 1, -2, 1, -2, 1]"
8405,dfs_bnb_mpi,0.00339,-5,6,964,"[-1, -1, 2, 2, -1, -2, -2, -2, 1, -2, 1, 1, 2, -1]"
8406,dfs_bnb_mpi,4.4e-05,0,1,15,"[-1, -1, 2, 2, 2, 2, 2, 2, 2, 2, 2, 2, 2, 2]"
8407,dfs_bnb_mpi,0.003072,-4,5,877,"[-1, -2, 1, 1, -2, 1, 2, 1, 2, -1, -1, 2, 2, 2]"
8408,dfs_bnb_mpi,0.014578,-4,5,3940,"[-1, -1, -1, 2, 1, 1, 2, 1, -2, 1, -2, -2, -1, -1]"
8409,dfs_bnb_mpi,0.131356,-7,8,33891,"[-1, -2, 1, 1, 2, 1, 2, 2, -1, 2, -1, -2, -2, 1]"
8410,dfs_bnb_mpi,0.019211,-2,3,4868,"[-1, -1, 2, 2, 2, 2, 1, -2, -2, -2, 1, 2, 2, 2]"
8411,dfs_bnb_mpi,0.237561,-5,6,53299,"[-1, -1, 2, 2, 2, 2, 1, 1, -2, -1, -2, 1, -2, -1]"
8412,dfs_bnb_mpi,0.019654,-2,3,5819,"[-1, -1, 2, 2, 2, 2, 2, 1, 2, 2, -1, -2, -1, -2]"
8413,dfs_bnb_mpi,0.0002,-2,3,63,"[-1, -1, 2, 1, 2, -1, -1, -2, -1, 2, 2, 2, 2, 2]"
8414,dfs_bnb_mpi,0.039136,-7,8,10060,"[-1, -2, 1, -2, -2, 1, 2, 2, 2, 1, 1, -2, -1, -2]"
8415,dfs_bnb_mpi,0.024442,-5,6,7070,"[-1, -1, 2, 2, 1, -2, 1, 2, 2, -1, -1, -1, -2, -2]"
8416,dfs_bnb_mpi,0.010678,-4,5,3067,"[-1, -2, -1, 2, -1, -1, 2, 1, 1, 2, 1, -2, 1, 2]"
8417,dfs_bnb_mpi,0.002692,-6,7,721,"[-1, -2, -1, 2, -1, 2, 2, 1, -2, 1, 1, 2, -1, 2]"
8418,dfs_bnb_mpi,0.153476,-7,8,34623,"[-1, -2, -1, 2, 2, 1, 1, 2, 1, -2, -2, -2, -1, -2]"
8419,dfs_bnb_mpi,0.000872,-2,3,271,"[-1, -1, 2, 1, 1, 2, 2, 2, 1, -2, -2, -2, -2, 1]"
8420,dfs_bnb_mpi,0.006739,-4,5,1846,"[-1, -1, 2, 2, 2, 1, 2, 1, 1, -2, -1, -2, -1, -2]"
8421,dfs_bnb_mpi,0.062609,-7,8,14281,"[-1, -2, 1, 1, 1, -2, -1, -1, -1, -2, 1, 1, -2, -1]"
8422,dfs_bnb_mpi,0.093418,-2,2,29034,"[-1, -1, 2, 2, 2, 2, 2, 2, 1, -2, -2, -2, -2, -2]"
8423,dfs_bnb_mpi,0.004752,-6,7,1232,"[-1, -1, 2, 2, 1, -2, 1, 2, 2, 1, -2, -2, -2, 1]"
8424,dfs_bnb_mpi,0.018303,-3,3,4526,"[-1, -1, 2, 2, 2, 2, 1, -2, -2, -2, 1, 2, 2, 2]"
8425,dfs_bnb_mpi,0.175054,-6,7,41223,"[-1, -1, 2, -1, -2, -1, -2, -2, -2, 1, 2, 2, 1, -2]"
8426,dfs_bnb_mpi,0.018112,-2,2,4456,"[-1, -1, 2, 2, 2, 2, 1, -2, -2, -2, 1, 2, 2, 2]"
8427,dfs_bnb_mpi,0.008492,-3,4,2086,"[-1, -2, -1, 2, 2, 1, 1, 1, -2, -2, -1, -2, 1, 1]"
8428,dfs_bnb_mpi,0.124849,-8,9,27840,"[-1, -2, 1, 1, 2, 1, -2, -2, -1, -1, -1, -2, 1, 1]"
8429,dfs_bnb_mpi,0.017358,-5,6,5014,"[-1, -1, 2, 2, -1, 2, 1, 2, 1, -2, -2, 1, -2, -1]"
8430,dfs_bnb_mpi,0.139284,-6,7,37616,"[-1, -1, 2, 2, -1, -2, -2, -1, -2, 1, -2, 1, 2, 1]"
8431,dfs_bnb_mpi,0.023294,-5,6,5195,"[-1, -1, 2, 2, 2, 1, -2, -2, 1, 2, 1, -2, 1, 2]"
8432,dfs_bnb_mpi,0.05121,-4,5,14826,"[-1, -1, 2, -1, -2, -2, -1, -2, -2, 1, 2, 1, 2, 1]"
8433,dfs_bnb_mpi,0.018722,-3,4,4568,"[-1, -1, 2, 2, 2, 2, -1, -2, -2, -2, -2, -1, 2, 2]"
8434,dfs_bnb_mpi,0.0017,-4,4,449,"[-1, -1, 2, 2, 2, 1, -2, -2, 1, 2, 2, 2, 2, 2]"
8435,dfs_bnb_mpi,0.012371,-4,5,3714,"[-1, -1, 2, 1, 1, 2, -1, -1, 2, -1, -2, -1, -2, 1]"
8436,dfs_bnb_mpi,0.023987,-4,4,6614,"[-1, -1, 2, -1, 2, 2, 2, -1, -2, -2, -2, -2, 1, -2]"
8437,dfs_bnb_mpi,0.042075,-2,3,11770,"[-1, -1, 2, 2, 2, 1, -2, -2, 1, 1, -2, -2, -1, -1]"
8438,dfs_bnb_mpi,0.06212,-7,7,14866,"[-1, -2, 1, 1, 2, 2, -1, 2, 2, -1, -2, -1, -2, 1]"
8439,dfs_bnb_mpi,0.030684,-6,7,8343,"[-1, -2, 1, 1, 2, 1, -2, -2, -1, -1, -1, -2, 1, 1]"
8440,dfs_bnb_mpi,0.000868,-2,3,245,"[-1, -1, 2, 2, 2, 2, 1, 1, -2, -2, -2, -1, 2, 2]"
8441,dfs_bnb_mpi,0.031358,-6,7,7920,"[-1, -1, 2, 2, 2, 1, -2, -2, 1, 1, 2, -1, 2, 2]"
8442,dfs_bnb_mpi,0.000183,-2,3,52,"[-1, -1, 2, 2, 1, 1, -2, 1, -2, 1, 2, 2, 2, 2]"
8443,dfs_bnb_mpi,0.024771,-4,5,7515,"[-1, -2, 1, 1, 2, 2, 1, -2, 1, -2, -1, -2, -1, -1]"
8444,dfs_bnb_mpi,0.018439,-4,5,5641,"[-1, -1, 2, 2, -1, 2, 2, -1, -2, -2, -2, -2, 1, 2]"
8445,dfs_bnb_mpi,0.080792,-5,6,23625,"[-1, -2, 1, 1, 2, 2, 1, 2, 1, -2, 1, -2, -1, -1]"
8446,dfs_bnb_mpi,0.001702,-5,5,485,"[-1, -2, 1, 1, 2, 2, 2, 1, -2, 1, -2, -1, -2, 1]"
8447,dfs_bnb_mpi,0.042823,-6,7,12012,"[-1, -2, -1, 2, -1, 2, 1, 2, 1, 2, 1, -2, -2, -1]"
8448,dfs_bnb_mpi,0.250113,-5,6,73047,"[-1, -2, 1, 1, 2, 2, 2, 2, -1, -1, -2, -2, 1, 2]"
8449,dfs_bnb_mpi,0.012487,-7,8,2975,"[-1, -1, -1, 2, 1, 2, 1, -2, 1, 2, 1, -2, -2, 1]"
8450,dfs_bnb_mpi,0.03399,-7,7,8716,"[-1, -1, 2, 1, 2, -1, -1, -2, -2, -2, -2, 1, 2, 1]"
8451,dfs_bnb_mpi,0.02399,-4,5,6870,"[-1, -1, 2, 1, 2, -1, -1, 2, -1, -2, -1, -2, 1, 1]"
8452,dfs_bnb_mpi,0.003751,-2,3,1138,"[-1, -1, 2, 1, 2, 2, -1, -2, -1, -1, -2, 1, -2, -1]"
8453,dfs_bnb_mpi,8.4e-05,-1,2,27,"[-1, -1, 2, 2, 2, 2, 1, -2, -2, 1, 2, 2, 2, 2]"
8454,dfs_bnb_mpi,0.007721,-4,5,2337,"[-1, -1, 2, 2, 2, 2, 1, -2, -2, -2, 1, 1, 2, -1]"
8455,dfs_bnb_mpi,0.11378,-5,6,28366,"[-1, -1, 2, 2, -1, 2, 2, -1, -2, -2, -2, -2, 1, 2]"
8456,dfs_bnb_mpi,0.033715,-7,8,9149,"[-1, -1, 2, 1, 2, 1, -2, 1, -2, -2, -1, -2, -1, 2]"
8457,dfs_bnb_mpi,0.001657,-4,4,457,"[-1, -2, -1, 2, -1, 2, 1, 2, 1, -2, 1, 2, 2, 2]"
8458,dfs_bnb_mpi,0.053788,-5,6,15605,"[-1, -1, 2, 1, 2, 2, 1, 1, 1, -2, -1, -1, -2, 1]"
8459,dfs_bnb_mpi,0.022612,-4,5,5216,"[-1, -1, 2, 2, 2, -1, -1, -2, 1, -2, -1, -2, 1, -2]"
8460,dfs_bnb_mpi,0.173425,-7,8,44511,"[-1, -2, -2, -1, 2, -1, 2, 2, 2, 1, 1, -2, -1, -2]"
8461,dfs_bnb_mpi,0.012801,-6,7,3747,"[-1, -2, 1, 1, 2, 2, 1, 2, -1, 2, -1, -2, -2, -1]"
8462,dfs_bnb_mpi,0.011302,-6,7,3240,"[-1, -1, 2, 2, 1, -2, 1, 2, 1, -2, 1, -2, -1, -2]"
8463,dfs_bnb_mpi,0.067396,-8,8,16607,"[-1, -1, 2, 1, 1, 1, 2, 2, -1, -1, -1, -2, 1, 1]"
8464,dfs_bnb_mpi,0.008888,-4,5,2398,"[-1, -1, 2, 1, 1, 2, 1, -2, 1, -2, -1, -2, 1, 1]"
8465,dfs_bnb_mpi,0.008561,-5,6,2326,"[-1, -2, 1, 1, -2, -1, -1, -2, -1, 2, -1, 2, 1, 2]"
8466,dfs_bnb_mpi,0.053058,-7,8,13959,"[-1, -2, 1, 1, 2, 1, 2, 2, -1, -1, -1, -2, 1, 1]"
8467,dfs_bnb_mpi,0.003181,-4,5,980,"[-1, -1, 2, 1, 1, 1, 1, -2, -1, -2, -1, -1, -1, -1]"
8468,dfs_bnb_mpi,0.030932,-4,5,7119,"[-1, -1, 2, 2, 2, 1, 1, -2, -1, -2, 1, 1, 2, 2]"
8469,dfs_bnb_mpi,0.032383,-4,5,9474,"[-1, -2, -1, 2, 2, 1, 2, 2, -1, -2, -1, -1, -2, 1]"
8470,dfs_bnb_mpi,0.070978,-3,4,21810,"[-1, -2, 1, 1, 2, 2, 1, -2, -2, -2, -1, -1, -1, -1]"
8471,dfs_bnb_mpi,0.018915,-6,6,4487,"[-1, -1, 2, 2, 2, 2, 1, -2, -2, -2, 1, 2, 2, 2]"
8472,dfs_bnb_mpi,0.071401,-6,7,16761,"[-1, -1, 2, -1, 2, 1, 2, 1, 1, -2, -1, -2, 1, 1]"
8473,dfs_bnb_mpi,0.011225,-4,5,3356,"[-1, -2, 1, 1, 2, 2, 2, -1, -2, -1, -1, -2, -2, -1]"
8474,dfs_bnb_mpi,0.001453,-2,3,424,"[-1, -1, 2, 2, 2, 1, 2, 2, 2, -1, -2, -2, -1, -2]"
8475,dfs_bnb_mpi,0.012417,-5,6,3196,"[-1, -2, 1, 1, 1, -2, -1, -1, -2, -1, 2, -1, 2, 2]"
8476,dfs_bnb_mpi,0.008493,-4,5,2466,"[-1, -1, 2, 1, 1, 1, -2, -2, -1, -1, -2, -1, 2, -1]"
8477,dfs_bnb_mpi,0.015364,-7,8,4226,"[-1, -2, 1, 1, 2, 2, -1, 2, 1, 1, -2, 1, -2, -1]"
8478,dfs_bnb_mpi,0.002537,-6,6,695,"[-1, -2, 1, 1, 2, 1, 2, -1, -1, 2, -1, -2, -1, 2]"
8479,dfs_bnb_mpi,0.053847,-7,8,15089,"[-1, -2, 1, -2, 1, 2, 2, 2, 1, -2, 1, -2, -1, -2]"
8480,dfs_bnb_mpi,0.007761,-6,7,2062,"[-1, -1, 2, 1, 1, 2, -1, 2, 1, 1, -2, -2, -2, 1]"
8481,dfs_bnb_mpi,0.001048,-5,6,303,"[-1, -1, 2, 2, 2, 2, 1, 1, -2, -1, -2, 1, -2, -1]"
8482,dfs_bnb_mpi,0.063219,-7,8,14146,"[-1, -2, -1, 2, -1, -1, 2, 2, 1, -2, 1, 2, 1, -2]"
8483,dfs_bnb_mpi,0.024087,-5,6,6555,"[-1, -1, 2, 1, 2, 2, -1, -2, -1, -2, -1, -2, 1, -2]"
8484,dfs_bnb_mpi,0.063753,-6,6,17275,"[-1, -1, 2, 2, 1, -2, 1, 2, 1, 1, -2, -2, -1, 2]"
8485,dfs_bnb_mpi,0.213269,-4,5,48296,"[-1, -1, 2, 2, 2, 2, 1, 1, -2, -1, -2, 1, -2, -1]"
8486,dfs_bnb_mpi,0.029138,-5,6,8627,"[-1, -1, 2, -1, 2, 1, 2, 1, -2, 1, 1, -2, -1, -1]"
8487,dfs_bnb_mpi,0.022383,-5,6,6480,"[-1, -1, 2, 2, 1, -2, 1, 2, 2, -1, -1, -1, -2, -2]"
8488,dfs_bnb_mpi,0.053385,-7,8,12134,"[-1, -1, 2, -1, 2, 2, 1, -2, 1, -2, 1, 2, 2, -1]"
8489,dfs_bnb_mpi,0.011021,-6,7,2940,"[-1, -2, -1, 2, 2, 1, 2, 1, -2, 1, -2, -2, -1, -2]"
8490,dfs_bnb_mpi,0.067684,-7,8,15432,"[-1, -2, -1, -2, 1, -2, 1, 1, 2, -1, 2, 1, 1, -2]"
8491,dfs_bnb_mpi,0.063455,-6,7,16900,"[-1, -1, 2, 1, 1, 2, 1, -2, -2, -2, -1, -1, -2, 1]"
8492,dfs_bnb_mpi,0.019906,-5,6,5225,"[-1, -1, 2, 2, -1, -2, -2, -1, -2, 1, 1, 1, 1, 1]"
8493,dfs_bnb_mpi,0.01022,-5,6,2354,"[-1, -1, 2, 2, 2, 1, -2, -2, 1, 2, 1, -2, 1, 2]"
8494,dfs_bnb_mpi,0.035953,-5,6,9839,"[-1, -2, 1, -2, 1, 2, 2, 1, 2, -1, 2, -1, -2, -1]"
8495,dfs_bnb_mpi,0.061136,-6,7,16400,"[-1, -2, 1, 1, 1, 1, 2, -1, -1, 2, -1, 2, -1, -2]"
8496,dfs_bnb_mpi,0.014645,-5,6,3922,"[-1, -1, 2, -1, 2, 2, -1, -2, -2, -1, -2, 1, 1, -2]"
8497,dfs_bnb_mpi,0.182354,-1,2,41438,"[-1, -1, 2, 2, 2, 2, 2, 2, 2, 2, 2, 1, -2, 1]"
8498,dfs_bnb_mpi,0.035167,-4,5,10531,"[-1, -1, 2, 2, 1, -2, 1, 2, 2, 2, -1, -2, -1, 2]"
8499,dfs_bnb_mpi,0.00849,-2,3,2166,"[-1, -1, 2, 2, 2, -1, -2, -2, -1, -2, 1, -2, 1, 1]"
8500,dfs_bnb_mpi,0.090782,-5,6,21384,"[-1, -1, 2, 2, 1, -2, 1, 1, 2, -1, 2, 2, -1, -2]"
8501,dfs_bnb_mpi,0.072507,-7,8,19197,"[-1, -2, -1, 2, 2, 1, 2, -1, -1, -1, -2, -2, 1, 2]"
8502,dfs_bnb_mpi,0.231692,-5,5,52018,"[-1, -1, 2, 2, 2, 2, 2, 1, -2, -2, 1, -2, -1, -2]"
8503,dfs_bnb_mpi,0.062365,-4,4,16453,"[-1, -1, 2, 2, 2, -1, -2, -2, -2, -2, 1, 1, 1, 1]"
8504,dfs_bnb_mpi,0.013834,-5,6,3378,"[-1, -1, 2, 2, 2, 2, 1, -2, 1, -2, -1, -2, 1, 1]"
8505,dfs_bnb_mpi,0.186988,-5,6,49916,"[-1, -2, -1, -1, 2, 1, 2, 2, 1, 2, 1, -2, -2, -1]"
8506,dfs_bnb_mpi,0.08771,-4,5,24532,"[-1, -2, 1, 1, -2, -1, -1, -2, -1, 2, 2, 2, 2, 1]"
8507,dfs_bnb_mpi,0.026686,-4,5,7229,"[-1, -1, 2, 2, 1, -2, 1, 1, 1, -2, -1, -2, -1, -1]"
8508,dfs_bnb_mpi,0.001474,-4,5,385,"[-1, -1, 2, 1, 2, 1, -2, 1, 1, 2, -1, 2, 2, 2]"
8509,dfs_bnb_mpi,0.008582,-4,5,2528,"[-1, -1, 2, -1, 2, 1, 2, 1, 1, -2, -1, -2, 1, 1]"
8510,dfs_bnb_mpi,0.016057,-5,6,4687,"[-1, -1, 2, 1, 2, 1, -2, 1, 2, 1, 2, -1, -1, 2]"
8511,dfs_bnb_mpi,0.004699,-6,7,1076,"[-1, -1, 2, 2, 2, 1, -2, -2, 1, 2, 1, 2, -1, 2]"
8512,dfs_bnb_mpi,0.234177,-6,7,57849,"[-1, -2, -1, 2, 2, 2, 2, 1, 1, 1, -2, -1, -1, -2]"
8513,dfs_bnb_mpi,0.030544,-4,5,7743,"[-1, -1, 2, 2, 2, 1, 2, 1, -2, 1, -2, -1, -1, -2]"
8514,dfs_bnb_mpi,0.112956,-7,8,25838,"[-1, -1, 2, 1, 2, 1, -2, 1, 1, -2, -1, -2, -1, -1]"
8515,dfs_bnb_mpi,0.170445,-6,7,39714,"[-1, -1, 2, 1, 2, -1, 2, -1, -2, -1, -2, 1, -2, -1]"
8516,dfs_bnb_mpi,0.015209,-2,3,4505,"[-1, -1, 2, 2, 2, 2, 2, 2, 1, -2, -2, 1, 2, 2]"
8517,dfs_bnb_mpi,0.145908,-6,6,40873,"[-1, -1, 2, 2, 1, 2, 2, 1, -2, 1, -2, -1, -2, -1]"
8518,dfs_bnb_mpi,0.02,-6,7,5910,"[-1, -2, 1, 1, 2, 2, -1, -1, 2, -1, -2, -1, -2, 1]"
8519,dfs_bnb_mpi,0.169723,-6,7,40079,"[-1, -1, 2, 2, 2, -1, -2, -1, -1, -2, 1, 1, -2, -1]"
8520,dfs_bnb_mpi,0.015926,-4,5,4930,"[-1, -1, 2, 2, 1, -2, 1, 2, 2, 1, -2, -2, -2, 1]"
8521,dfs_bnb_mpi,0.001361,-4,5,395,"[-1, -2, 1, 1, 2, 2, -1, 2, -1, -2, -1, 2, 2, 2]"
8522,dfs_bnb_mpi,0.176368,-6,7,41197,"[-1, -1, 2, -1, 2, -1, -1, -2, 1, -2, 1, -2, 1, 1]"
8523,dfs_bnb_mpi,0.029319,-7,8,7089,"[-1, -2, 1, 1, 2, 2, 1, -2, -2, -2, -1, -2, -1, 2]"
8524,dfs_bnb_mpi,0.032928,-7,8,8625,"[-1, -1, 2, -1, 2, 2, 1, -2, 1, 2, 1, -2, -2, -1]"
8525,dfs_bnb_mpi,0.108326,-5,6,27191,"[-1, -1, 2, 2, 2, 2, 2, 1, -2, -2, 1, -2, -1, -2]"
8526,dfs_bnb_mpi,0.016712,-6,7,4822,"[-1, -1, 2, 1, 2, 1, -2, 1, -2, -2, -1, -1, -1, -1]"
8527,dfs_bnb_mpi,0.007001,-6,7,1618,"[-1, -1, 2, 1, 1, 1, -2, -2, -1, -1, -2, 1, 1, 1]"
8528,dfs_bnb_mpi,0.054917,-6,7,15711,"[-1, -1, 2, 1, 2, 1, -2, 1, 2, 2, -1, 2, -1, -2]"
8529,dfs_bnb_mpi,0.002444,-4,4,741,"[-1, -1, 2, 1, 1, 2, 2, -1, -2, -1, 2, 2, 2, 2]"
8530,dfs_bnb_mpi,0.015674,-6,7,3795,"[-1, -1, 2, 1, 2, -1, 2, -1, -2, -1, -2, 1, -2, -1]"
8531,dfs_bnb_mpi,0.043653,-2,3,11012,"[-1, -1, 2, 2, 2, 2, 2, 2, 1, 1, -2, -1, -2, 1]"
8532,dfs_bnb_mpi,0.018408,-4,5,5316,"[-1, -1, 2, 2, 2, -1, -2, -1, -2, 1, -2, -2, 1, 1]"
8533,dfs_bnb_mpi,0.01496,-4,4,4271,"[-1, -1, 2, 1, 1, 2, 2, 1, -2, 1, 1, -2, -1, -1]"
8534,dfs_bnb_mpi,0.009011,-4,5,2420,"[-1, -1, 2, 2, 2, -1, -2, -2, -1, -1, -2, 1, 1, -2]"
8535,dfs_bnb_mpi,0.007244,-2,3,1652,"[-1, -1, 2, 2, 2, 1, -2, -2, 1, 2, 2, 2, 2, 2]"
8536,dfs_bnb_mpi,0.00303,-4,5,895,"[-1, -1, 2, 2, 1, -2, 1, 1, 1, 2, -1, -1, 2, 2]"
8537,dfs_bnb_mpi,0.000199,-3,4,64,"[-1, -1, 2, 2, 2, -1, -2, -1, -2, 1, -2, -1, -1, 2]"
8538,dfs_bnb_mpi,0.007185,-4,4,1996,"[-1, -1, 2, 1, 2, 2, 1, -2, -2, 1, 1, 2, -1, 2]"
8539,dfs_bnb_mpi,0.014905,-3,4,4585,"[-1, -1, 2, 2, 1, -2, 1, 1, 2, -1, 2, -1, 2, 2]"
8540,dfs_bnb_mpi,0.003816,-2,3,1144,"[-1, -1, 2, 1, 2, 2, 2, -1, -2, -2, -1, -2, -1, 2]"
8541,dfs_bnb_mpi,0.004511,-2,3,1305,"[-1, -1, 2, 2, 2, 2, 2, 1, 2, -1, -1, -2, -1, 2]"
8542,dfs_bnb_mpi,0.002181,-4,4,631,"[-1, -2, -1, -2, -1, 2, 2, 1, 2, 1, 2, 2, 2, 2]"
8543,dfs_bnb_mpi,0.030552,-5,6,9104,"[-1, -2, 1, 1, 2, 1, 2, -1, 2, 2, -1, -2, -2, -1]"
8544,dfs_bnb_mpi,0.020186,-5,6,4850,"[-1, -1, 2, 2, -1, -2, -1, -2, 1, -2, 1, 1, 1, 1]"
8545,dfs_bnb_mpi,0.003646,-4,5,1056,"[-1, -2, -1, 2, 2, 1, 2, 2, 2, 1, 1, -2, -1, -2]"
8546,dfs_bnb_mpi,0.001031,-2,3,295,"[-1, -1, 2, 2, 2, 2, 1, -2, -2, 1, 2, 2, 2, 2]"
8547,dfs_bnb_mpi,0.005966,-3,4,1747,"[-1, -1, 2, 2, -1, -1, -1, -2, 1, 1, -2, -1, -1, -1]"
8548,dfs_bnb_mpi,0.153842,-6,7,36998,"[-1, -1, 2, 2, 1, 2, 2, 2, 1, -2, -2, -2, -2, -1]"
8549,dfs_bnb_mpi,0.022977,-3,4,6079,"[-1, -1, 2, 2, 1, 1, -2, 1, 1, -2, -1, -2, 1, 1]"
8550,dfs_bnb_mpi,0.006791,-5,5,1903,"[-1, -1, 2, 2, -1, 2, 1, 1, -2, -2, 1, 2, 2, 2]"
8551,dfs_bnb_mpi,0.025446,-5,6,7482,"[-1, -1, 2, 2, 1, -2, 1, 2, 1, 2, -1, 2, -1, -2]"
8552,dfs_bnb_mpi,0.201055,-5,6,47497,"[-1, -1, 2, 1, 2, 2, 2, 1, 1, -2, -2, -1, -2, 1]"
8553,dfs_bnb_mpi,0.050617,-6,7,14416,"[-1, -1, 2, 1, 1, 1, -2, 1, -2, -1, -2, -1, 2, -1]"
8554,dfs_bnb_mpi,0.005961,-4,5,1529,"[-1, -2, -1, 2, 2, 1, 2, 1, -2, 1, -2, -2, -1, -2]"
8555,dfs_bnb_mpi,0.143632,-6,6,38142,"[-1, -1, 2, 2, 2, 2, 1, 1, -2, -2, -2, -1, 2, 2]"
8556,dfs_bnb_mpi,0.039968,-5,6,12122,"[-1, -1, -1, 2, 1, 1, 1, 2, -1, 2, 2, -1, -2, -2]"
8557,dfs_bnb_mpi,0.008014,-6,7,2185,"[-1, -1, 2, 1, 2, -1, 2, 1, 1, 1, -2, -1, -2, 1]"
8558,dfs_bnb_mpi,0.179759,-6,7,41878,"[-1, -1, 2, 2, 2, 1, 1, 1, -2, -2, -1, 2, -1, -2]"
8559,dfs_bnb_mpi,0.042784,-4,5,13230,"[-1, -2, -2, 1, 2, 1, 2, 1, 2, -1, -1, 2, -1, -2]"
8560,dfs_bnb_mpi,0.003522,-5,5,1030,"[-1, -1, 2, 2, 2, 2, 1, -2, 1, -2, -1, -2, 1, 1]"
8561,dfs_bnb_mpi,0.006293,-4,5,1850,"[-1, -1, 2, -1, -2, -2, -2, 1, 2, 1, 1, 1, 2, 2]"
8562,dfs_bnb_mpi,0.037349,-4,5,8550,"[-1, -1, 2, 2, 2, 1, 2, 2, 1, -2, -2, -2, -1, -2]"
8563,dfs_bnb_mpi,0.001629,-2,3,508,"[-1, -1, 2, 2, 1, -2, 1, 1, -2, -2, -1, -1, -1, -1]"
8564,dfs_bnb_mpi,0.006276,-6,7,1781,"[-1, -1, 2, 1, 2, 1, -2, 1, -2, 1, -2, -1, -1, -1]"
8565,dfs_bnb_mpi,0.050443,-4,5,13901,"[-1, -1, 2, 2, 1, -2, 1, 2, 2, -1, -1, -1, -2, -2]"
8566,dfs_bnb_mpi,0.040205,-7,8,10371,"[-1, -1, 2, 2, 2, 1, -2, 1, 2, 1, -2, -2, -1, -1]"
8567,dfs_bnb_mpi,0.03546,-4,5,8970,"[-1, -1, 2, 2, 2, 2, 1, -2, -2, 1, 1, -2, -1, -1]"
8568,dfs_bnb_mpi,0.098399,-4,4,25417,"[-1, -1, 2, 2, 2, 2, 2, 2, 1, -2, -2, 1, -2, -1]"
8569,dfs_bnb_mpi,0.003399,-4,5,990,"[-1, -1, 2, 1, 2, 1, -2, 1, -2, -2, -1, -1, -1, -1]"
8570,dfs_bnb_mpi,0.010599,-2,3,3256,"[-1, -1, 2, -1, -2, -1, 2, -1, -2, -2, 1, 1, 1, 1]"
8571,dfs_bnb_mpi,0.004532,-4,5,1330,"[-1, -2, -1, -1, 2, 1, 2, 1, 2, 1, -2, 1, 2, 2]"
8572,dfs_bnb_mpi,0.03022,-5,6,7563,"[-1, -2, -1, 2, 2, 2, 2, 2, 1, -2, -2, -2, 1, 2]"
8573,dfs_bnb_mpi,0.000938,-4,4,259,"[-1, -1, 2, 1, 2, 2, 1, -2, -2, 1, 2, 2, 2, 2]"
8574,dfs_bnb_mpi,0.046381,-3,4,14055,"[-1, -1, 2, 2, 2, 1, -2, 1, 2, 2, -1, 2, -1, -2]"
8575,dfs_bnb_mpi,0.052269,-5,6,13968,"[-1, -1, 2, 2, -1, -1, 2, -1, -2, -2, 1, 1, -2, -1]"
8576,dfs_bnb_mpi,0.026501,-6,7,7804,"[-1, -2, 1, 1, -2, 1, -2, -1, -2, -1, 2, -1, 2, 1]"
8577,dfs_bnb_mpi,0.046003,-3,4,12482,"[-1, -1, 2, 2, 2, 1, -2, -2, 1, 2, 1, -2, 1, 2]"
8578,dfs_bnb_mpi,0.004211,-4,5,1136,"[-1, -1, 2, 1, 2, -1, 2, -1, -1, -2, 1, -2, -1, -1]"
8579,dfs_bnb_mpi,0.00542,-5,6,1579,"[-1, -2, 1, -2, -1, -1, 2, -1, 2, 1, 2, 1, 2, 2]"
8580,dfs_bnb_mpi,0.000896,-3,4,239,"[-1, -1, 2, 2, 1, 1, -2, 1, -2, -2, -1, -1, -1, -1]"
8581,dfs_bnb_mpi,0.11711,-4,4,35347,"[-1, -1, 2, 2, 1, 2, 2, 2, 1, -2, -2, -2, -2, -1]"
8582,dfs_bnb_mpi,0.133207,-6,7,36967,"[-1, -2, -1, 2, -1, 2, 1, 2, 1, 1, 1, -2, -1, -1]"
8583,dfs_bnb_mpi,0.018579,-4,5,4905,"[-1, -1, 2, 2, 2, 1, 2, 1, -2, -2, -1, -2, 1, 1]"
8584,dfs_bnb_mpi,0.012035,-2,3,3458,"[-1, -1, 2, 2, 2, 2, -1, -2, -2, -2, -2, -2, 1, 1]"
8585,dfs_bnb_mpi,0.194693,-4,5,51731,"[-1, -1, 2, 2, -1, -1, -2, -1, -1, -2, 1, 1, 1, 2]"
8586,dfs_bnb_mpi,0.065563,-6,7,17801,"[-1, -1, 2, 2, 1, 2, -1, -1, -2, -1, -2, -2, 1, 2]"
8587,dfs_bnb_mpi,0.009338,-4,5,2360,"[-1, -2, -1, -2, -1, -2, 1, 1, 2, 1, 2, 1, 2, 2]"
8588,dfs_bnb_mpi,0.038729,-5,6,11290,"[-1, -1, 2, 2, 1, -2, 1, 1, 2, 1, 2, -1, -1, -2]"
8589,dfs_bnb_mpi,0.003893,-3,4,1211,"[-1, -2, -1, 2, 2, 1, 1, 1, -2, -2, -1, -2, 1, 1]"
8590,dfs_bnb_mpi,0.002432,-4,5,734,"[-1, -1, 2, 2, 1, -2, 1, 2, 1, -2, 1, -2, -1, -2]"
8591,dfs_bnb_mpi,0.019923,-6,6,5500,"[-1, -2, 1, 1, 2, 2, 1, 1, 1, -2, -1, -2, -1, 2]"
8592,dfs_bnb_mpi,0.021066,-7,8,5335,"[-1, -2, -1, 2, 2, 1, 2, 1, -2, 1, -2, -2, -1, -2]"
8593,dfs_bnb_mpi,4.8e-05,0,1,15,"[-1, -1, 2, 2, 2, 2, 2, 2, 2, 2, 2, 2, 2, 2]"
8594,dfs_bnb_mpi,0.156562,-7,8,42422,"[-1, -2, -2, -1, -2, 1, 1, 1, 2, 1, 2, -1, -1, -2]"
8595,dfs_bnb_mpi,0.00212,-3,4,669,"[-1, -1, 2, 1, 1, 1, 2, 1, -2, -2, -1, -2, 1, 1]"
8596,dfs_bnb_mpi,0.004898,-6,7,1354,"[-1, -2, 1, 1, 2, 1, 2, -1, 2, -1, -2, -1, 2, 2]"
8597,dfs_bnb_mpi,0.208603,-5,5,48897,"[-1, -1, 2, 2, 2, 1, 2, 2, 1, -2, -2, -2, -1, -2]"
8598,dfs_bnb_mpi,0.007353,-5,6,2068,"[-1, -1, 2, 1, 2, -1, 2, -1, -2, -1, -2, 1, -2, -1]"
8599,dfs_bnb_mpi,0.014269,-5,6,4190,"[-1, -2, 1, 1, 2, 2, -1, -1, -1, -2, -2, -2, 1, 1]"
8600,dfs_bnb_mpi,0.00614,-4,4,1784,"[-1, -1, 2, 2, 2, -1, -2, -2, -1, -1, -2, 1, 1, -2]"
8601,dfs_bnb_mpi,0.153225,-6,6,39879,"[-1, -1, 2, 2, 2, 1, 2, 1, -2, 1, -2, -1, -1, -2]"
8602,dfs_bnb_mpi,0.003841,-5,6,1107,"[-1, -1, 2, 1, 2, -1, 2, 1, 1, -2, -2, 1, 2, 2]"
8603,dfs_bnb_mpi,0.00024,-2,3,76,"[-1, -1, 2, 2, -1, -2, -1, -1, -2, 1, 1, -2, 1, 1]"
8604,dfs_bnb_mpi,0.029707,-3,4,7009,"[-1, -1, 2, 2, 2, 2, 1, 1, -2, -1, -2, 1, 1, 2]"
8605,dfs_bnb_mpi,0.024779,-3,4,7772,"[-1, -2, 1, 1, 2, 2, 2, 2, 1, -2, -2, -2, 1, 2]"
8606,dfs_bnb_mpi,0.077967,-5,6,19863,"[-1, -1, 2, 2, 2, 2, 2, 1, -2, -2, -2, 1, -2, -1]"
8607,dfs_bnb_mpi,0.090866,-7,7,23100,"[-1, -1, 2, 1, 2, -1, -1, -2, -2, -1, -2, 1, 1, 1]"
8608,dfs_bnb_mpi,0.238228,-4,5,58882,"[-1, -1, 2, 2, 2, -1, -2, -1, -2, -1, -2, 1, 1, 2]"
8609,dfs_bnb_mpi,0.141133,-6,7,39527,"[-1, -1, 2, 2, 1, 2, 1, -2, 1, 1, -2, -1, -1, -1]"
8610,dfs_bnb_mpi,0.010042,-4,5,2664,"[-1, -1, 2, 2, -1, -2, -2, -1, -2, 1, -2, 1, 2, 1]"
8611,dfs_bnb_mpi,0.002788,-5,5,744,"[-1, -2, 1, 1, 1, 2, -1, 2, -1, -1, 2, 2, 2, 2]"
8612,dfs_bnb_mpi,0.020776,-4,5,5842,"[-1, -1, 2, 2, 1, -2, 1, 1, 2, -1, 2, 2, -1, -2]"
8613,dfs_bnb_mpi,0.020204,-4,5,5088,"[-1, -1, 2, 2, 2, 2, 1, -2, -2, -2, 1, 1, 2, -1]"
8614,dfs_bnb_mpi,0.039737,-3,4,12192,"[-1, -1, 2, 2, -1, -1, 2, -1, -2, -2, 1, 1, -2, -1]"
8615,dfs_bnb_mpi,0.022831,-6,6,5430,"[-1, -2, 1, 1, 2, 2, 2, 2, -1, -2, -2, -1, 2, 2]"
8616,dfs_bnb_mpi,0.038252,-6,7,8862,"[-1, -1, 2, 2, 2, 1, 2, 1, -2, -2, -1, -2, 1, 1]"
8617,dfs_bnb_mpi,0.003163,-4,5,890,"[-1, -1, 2, 1, 2, 2, 1, -2, -2, 1, 2, 2, 2, 2]"
8618,dfs_bnb_mpi,0.051983,-6,7,13190,"[-1, -1, 2, -1, 2, 1, 1, -2, 1, 1, 2, -1, 2, -1]"
8619,dfs_bnb_mpi,0.022673,-4,5,6991,"[-1, -2, -1, -2, 1, 1, 2, 1, 2, 2, 2, -1, -2, -1]"
8620,dfs_bnb_mpi,0.012744,-4,5,3522,"[-1, -2, 1, 1, 2, 1, -2, -2, -2, -1, 2, -1, -1, -1]"
8621,dfs_bnb_mpi,0.008703,-5,6,1976,"[-1, -1, 2, 2, 2, 1, -2, -2, 1, 2, 1, 2, -1, 2]"
8622,dfs_bnb_mpi,0.016417,-4,5,4703,"[-1, -1, 2, 1, 2, 2, -1, -2, -1, -2, -1, -2, 1, -2]"
8623,dfs_bnb_mpi,0.083417,-5,5,22367,"[-1, -1, 2, 1, 1, 2, 2, 2, 1, -2, -2, 1, -2, -1]"
8624,dfs_bnb_mpi,0.000293,-3,4,83,"[-1, -1, 2, 1, 2, 1, -2, 1, 2, 2, 2, 2, 2, 2]"
8625,dfs_bnb_mpi,0.215037,-5,6,54107,"[-1, -1, 2, 2, 2, 2, 1, 1, -2, -2, -2, -1, 2, 2]"
8626,dfs_bnb_mpi,0.006501,-5,6,1804,"[-1, -2, 1, 1, 2, 1, 1, 2, -1, -1, 2, -1, -2, -1]"
8627,dfs_bnb_mpi,0.004322,-4,5,1014,"[-1, -1, 2, -1, -1, -2, 1, -2, 1, 1, 1, 1, 2, 2]"
8628,dfs_bnb_mpi,0.039074,-6,7,10006,"[-1, -1, 2, 2, 1, 2, 2, 1, -2, 1, -2, -1, -2, -1]"
8629,dfs_bnb_mpi,0.018024,-3,4,5496,"[-1, -1, 2, 1, 2, 1, -2, 1, -2, -2, -1, -1, -1, -1]"
8630,dfs_bnb_mpi,0.002567,-6,7,753,"[-1, -2, -2, 1, 2, 1, 2, 1, 2, -1, 2, -1, -2, -1]"
8631,dfs_bnb_mpi,0.016991,-4,5,4491,"[-1, -1, 2, 1, 1, 2, 2, -1, -2, -1, 2, 2, 1, 2]"
8632,dfs_bnb_mpi,0.072687,-7,8,21268,"[-1, -2, 1, 1, 2, 1, -2, -2, -1, -2, -1, -1, 2, 1]"
8633,dfs_bnb_mpi,0.131781,-6,7,34143,"[-1, -2, 1, 1, 2, 2, 2, 1, -2, -2, -2, -2, -1, -1]"
8634,dfs_bnb_mpi,0.000354,-2,3,84,"[-1, -1, 2, 2, 2, 2, 2, 2, 1, -2, 1, -2, -1, -2]"
8635,dfs_bnb_mpi,0.292328,-3,4,90374,"[-1, -1, 2, 2, 1, 2, 2, 2, 1, -2, -2, -2, -2, -1]"
8636,dfs_bnb_mpi,0.001848,-5,6,478,"[-1, -1, 2, 2, 1, -2, 1, 2, 2, 2, -1, -2, -1, 2]"
8637,dfs_bnb_mpi,0.000429,-3,3,137,"[-1, -1, 2, 1, 2, 2, 1, -2, -2, 1, 2, 2, 2, 2]"
8638,dfs_bnb_mpi,0.022138,-5,6,4967,"[-1, -1, 2, 2, 1, -2, 1, 1, -2, -2, -1, -1, -1, -1]"
8639,dfs_bnb_mpi,0.100685,-6,7,27600,"[-1, -2, -1, -1, 2, -1, 2, 1, 2, 1, 1, -2, -1, -2]"
8640,dfs_bnb_mpi,0.053385,-5,6,16044,"[-1, -1, 2, -1, 2, 1, 2, 2, 1, -2, -2, 1, -2, -1]"
8641,dfs_bnb_mpi,0.020894,-6,7,4929,"[-1, -2, 1, -2, -2, 1, 2, 1, 2, -1, 2, 1, 2, 2]"
8642,dfs_bnb_mpi,7e-05,0,1,15,"[-1, -1, 2, 2, 2, 2, 2, 2, 2, 2, 2, 2, 2, 2]"
8643,dfs_bnb_mpi,7.1e-05,-1,2,22,"[-1, -1, 2, 2, 2, 2, 2, 2, 2, 2, 2, 1, -2, -2]"
8644,dfs_bnb_mpi,0.191,-6,7,42188,"[-1, -1, 2, 2, 2, 2, -1, -2, -2, -1, -2, 1, -2, -1]"
8645,dfs_bnb_mpi,0.135698,-6,6,38859,"[-1, -1, 2, 2, 1, 2, 1, -2, 1, 1, -2, -1, -1, -1]"
8646,dfs_bnb_mpi,0.019089,-4,5,5060,"[-1, -1, 2, 2, 2, -1, -1, -2, 1, -2, -1, -1, -2, 1]"
8647,dfs_bnb_mpi,0.043367,-7,8,11257,"[-1, -1, 2, 2, 2, 1, -2, 1, 2, 1, -2, -2, -1, -1]"
8648,dfs_bnb_mpi,0.088784,-4,5,25059,"[-1, -1, 2, 2, 2, -1, -2, -2, -1, -2, 1, -2, 1, 1]"
8649,dfs_bnb_mpi,0.015021,-6,7,4043,"[-1, -2, -1, 2, 2, 1, 2, 1, -2, 1, 1, -2, -1, -2]"
8650,dfs_bnb_mpi,5.1e-05,0,1,15,"[-1, -1, 2, 2, 2, 2, 2, 2, 2, 2, 2, 2, 2, 2]"
8651,dfs_bnb_mpi,0.004863,-5,6,1116,"[-1, -2, 1, 1, -2, -1, -1, -2, 1, 1, 1, 2, 2, 2]"
8652,dfs_bnb_mpi,0.038824,-5,6,10900,"[-1, -1, 2, -1, -2, -1, -2, 1, 1, 1, 1, -2, -1, -1]"
8653,dfs_bnb_mpi,0.031378,-4,5,9327,"[-1, -1, 2, 1, 1, 2, 1, -2, 1, 1, -2, -1, -1, -2]"
8654,dfs_bnb_mpi,0.066667,-6,7,18551,"[-1, -1, 2, 2, 2, -1, 2, 1, 1, -2, 1, -2, -1, -2]"
8655,dfs_bnb_mpi,0.091048,-5,6,26410,"[-1, -1, 2, 2, 1, -2, 1, 1, 1, 2, -1, -1, 2, -1]"
8656,dfs_bnb_mpi,0.024815,-5,6,5822,"[-1, -1, 2, 2, 2, 1, -2, -2, 1, 2, 1, -2, -2, 1]"
8657,dfs_bnb_mpi,0.036098,-6,7,10411,"[-1, -1, 2, 2, 1, 1, 2, 1, -2, 1, -2, -1, -1, -1]"
8658,dfs_bnb_mpi,0.007905,-4,5,1948,"[-1, -2, -1, -2, 1, 1, 2, 1, 2, 2, 1, -2, 1, 2]"
8659,dfs_bnb_mpi,5.5e-05,0,1,15,"[-1, -1, 2, 2, 2, 2, 2, 2, 2, 2, 2, 2, 2, 2]"
8660,dfs_bnb_mpi,0.000502,-3,4,142,"[-1, -1, 2, 1, 2, 2, 2, 2, -1, -2, -2, -2, -1, 2]"
8661,dfs_bnb_mpi,0.354909,-3,4,95258,"[-1, -1, 2, 2, 2, 2, 2, 2, 1, 1, -2, -2, -1, 2]"
8662,dfs_bnb_mpi,0.002174,-5,6,573,"[-1, -1, -1, 2, 1, 1, 1, 2, -1, 2, -1, -2, -1, 2]"
8663,dfs_bnb_mpi,0.001651,-5,6,474,"[-1, -1, 2, 1, 2, -1, 2, 1, 2, 1, -2, -2, -2, 1]"
8664,dfs_bnb_mpi,0.016192,-4,5,4776,"[-1, -1, 2, 2, 2, -1, -2, -1, -2, 1, -2, -2, 1, 1]"
8665,dfs_bnb_mpi,0.019927,-4,5,4695,"[-1, -1, 2, 2, 2, -1, -2, -1, -2, 1, -2, -1, -1, 2]"
8666,dfs_bnb_mpi,0.0442,-6,7,11238,"[-1, -1, 2, 2, 2, 1, -2, -2, 1, 2, 2, 1, -2, -2]"
8667,dfs_bnb_mpi,0.425165,-3,4,94431,"[-1, -1, 2, 2, 2, 2, 2, 1, -2, 1, -2, -1, -2, 1]"
8668,dfs_bnb_mpi,0.070432,-4,5,16875,"[-1, -1, 2, 2, 2, 2, 1, -2, -2, -2, 1, 1, 2, -1]"
8669,dfs_bnb_mpi,0.006009,-6,7,1396,"[-1, -1, 2, 2, 2, 1, -2, -2, 1, 2, 1, 2, -1, 2]"
8670,dfs_bnb_mpi,0.009741,-5,6,2228,"[-1, -1, -1, 2, 1, 2, 1, -2, 1, 2, 2, -1, 2, 2]"
8671,dfs_bnb_mpi,0.03293,-3,4,8644,"[-1, -2, 1, 1, 2, 2, -1, -1, 2, -1, -2, -2, -1, 2]"
8672,dfs_bnb_mpi,0.081353,-6,7,21713,"[-1, -2, 1, -2, -2, -1, 2, -1, 2, -1, 2, 1, 2, 1]"
8673,dfs_bnb_mpi,0.004381,-6,7,1189,"[-1, -1, 2, 1, 1, 1, -2, -2, -1, -1, -2, 1, 1, 1]"
8674,dfs_bnb_mpi,0.001717,-5,6,432,"[-1, -2, 1, 1, 2, 2, -1, 2, 2, 1, -2, 1, 2, 2]"
8675,dfs_bnb_mpi,0.081289,-6,7,23202,"[-1, -2, 1, 1, 2, 2, 1, 1, -2, 1, -2, -1, -1, 2]"
8676,dfs_bnb_mpi,0.038888,-6,7,8674,"[-1, -1, -1, 2, -1, 2, 2, 1, -2, 1, -2, 1, 2, 2]"
8677,dfs_bnb_mpi,0.007109,-4,4,2182,"[-1, -1, 2, 2, 2, 2, 2, 1, -2, -2, -2, 1, -2, -1]"
8678,dfs_bnb_mpi,0.009128,-6,7,2070,"[-1, -1, 2, 1, 2, 1, -2, 1, 2, 1, -2, -2, -1, -2]"
8679,dfs_bnb_mpi,0.030742,-5,6,9315,"[-1, -2, -1, -1, 2, 1, 2, 1, 2, 2, 1, -2, -2, 1]"
8680,dfs_bnb_mpi,0.019017,-5,5,5725,"[-1, -1, 2, 2, 1, 2, 1, -2, 1, 1, -2, -1, -1, -1]"
8681,dfs_bnb_mpi,0.001638,-4,5,494,"[-1, -1, 2, -1, 2, 1, 2, 1, -2, -2, 1, 2, 2, 2]"
8682,dfs_bnb_mpi,0.021305,-2,3,5281,"[-1, -1, 2, 2, 2, 2, 2, 2, 1, -2, 1, -2, -1, -2]"
8683,dfs_bnb_mpi,0.022928,-4,5,6567,"[-1, -2, 1, -2, -1, -1, 2, -1, 2, 1, 2, 2, 1, -2]"
8684,dfs_bnb_mpi,0.018347,-4,5,4734,"[-1, -1, 2, 2, -1, 2, -1, -2, -1, -2, 1, 1, -2, -1]"
8685,dfs_bnb_mpi,0.022921,-5,6,6330,"[-1, -1, 2, 1, 1, 2, 1, 2, 1, -2, -2, -2, -1, 2]"
8686,dfs_bnb_mpi,0.000868,-5,5,257,"[-1, -2, 1, 1, 2, 2, 1, -2, 1, -2, -1, -2, 1, 1]"
8687,dfs_bnb_mpi,0.001078,-2,3,308,"[-1, -1, 2, 2, 2, 2, -1, -2, -2, -1, -2, 1, -2, -1]"
8688,dfs_bnb_mpi,0.013043,-5,5,3893,"[-1, -2, 1, 1, 2, 1, -2, -2, -1, -2, -1, 2, -1, -1]"
8689,dfs_bnb_mpi,0.123404,-4,5,34195,"[-1, -1, 2, 2, 2, 2, 1, 1, -2, -2, -2, -1, 2, 2]"
8690,dfs_bnb_mpi,0.058117,-4,5,14349,"[-1, -2, 1, 1, 2, 1, -2, -2, -1, -1, -1, -1, -2, 1]"
8691,dfs_bnb_mpi,4.9e-05,0,1,15,"[-1, -1, 2, 2, 2, 2, 2, 2, 2, 2, 2, 2, 2, 2]"
8692,dfs_bnb_mpi,0.010919,-4,4,2982,"[-1, -1, 2, 1, 2, -1, -1, -2, -2, -2, -2, 1, 2, 1]"
8693,dfs_bnb_mpi,0.00264,-4,5,688,"[-1, -1, 2, 2, -1, -2, -2, -1, 2, 2, 2, 2, 2, 2]"
8694,dfs_bnb_mpi,0.012348,-6,6,3532,"[-1, -2, 1, 1, 2, 2, -1, 2, 2, -1, -2, -1, -2, 1]"
8695,dfs_bnb_mpi,0.020699,-2,3,4748,"[-1, -1, 2, 2, 2, 2, 1, 1, -2, -1, -2, 1, 1, 2]"
8696,dfs_bnb_mpi,0.009832,-7,7,2693,"[-1, -1, 2, 1, 2, -1, -1, 2, 1, 1, 1, -2, -2, 1]"
8697,dfs_bnb_mpi,0.023752,-4,5,5585,"[-1, -1, -1, 2, 2, 2, 1, 1, -2, -1, -2, 1, 1, 2]"
8698,dfs_bnb_mpi,0.008811,-4,5,2273,"[-1, -1, 2, 2, -1, 2, -1, -2, -2, 1, -2, -1, -1, 2]"
8699,dfs_bnb_mpi,4.1e-05,0,1,15,"[-1, -1, 2, 2, 2, 2, 2, 2, 2, 2, 2, 2, 2, 2]"
8700,dfs_bnb_mpi,0.013235,-6,7,3820,"[-1, -2, 1, -2, 1, 2, 1, -2, 1, 2, 2, -1, -1, 2]"
8701,dfs_bnb_mpi,0.05264,-7,8,14823,"[-1, -2, 1, 1, 2, 2, 1, 1, 1, -2, -1, -2, -1, 2]"
8702,dfs_bnb_mpi,0.011552,-4,5,3554,"[-1, -1, 2, 2, 1, -2, 1, 1, -2, -2, -1, -1, -1, -1]"
8703,dfs_bnb_mpi,0.005782,-6,7,1655,"[-1, -2, -2, 1, 2, 1, -2, 1, 1, 2, -1, 2, -1, 2]"
8704,dfs_bnb_mpi,0.097075,-5,6,26676,"[-1, -1, 2, 2, 2, 2, 2, 1, -2, -2, 1, -2, -1, -2]"
8705,dfs_bnb_mpi,0.023723,-5,6,6446,"[-1, -1, 2, 1, 1, 2, -1, 2, -1, -2, -1, -2, -2, -1]"
8706,dfs_bnb_mpi,0.020043,-5,6,6139,"[-1, -2, 1, -2, 1, 2, 2, 2, 2, 1, -2, -2, -2, 1]"
8707,dfs_bnb_mpi,0.005137,-3,3,1567,"[-1, -1, 2, 2, 2, 2, 2, 1, -2, -2, -2, -2, 1, 2]"
8708,dfs_bnb_mpi,0.002791,-6,7,810,"[-1, -2, -2, 1, 2, 1, 2, 1, 2, -1, 2, -1, -2, -1]"
8709,dfs_bnb_mpi,0.173604,-4,4,41605,"[-1, -1, 2, 2, 2, 2, 2, 1, -2, -2, -2, 1, -2, -1]"
8710,dfs_bnb_mpi,0.319937,-4,4,95627,"[-1, -1, 2, 2, 1, 2, 2, 2, 1, -2, -2, -2, -2, -1]"
8711,dfs_bnb_mpi,0.02304,-5,6,6966,"[-1, -1, 2, 2, 1, -2, 1, 2, 2, 2, -1, -2, -1, 2]"
8712,dfs_bnb_mpi,0.189743,-4,5,42745,"[-1, -1, 2, 2, 2, 1, 2, 2, 1, -2, -2, -2, -1, -2]"
8713,dfs_bnb_mpi,0.049902,-7,8,13202,"[-1, -1, 2, 1, 2, 2, 2, 1, -2, 1, -2, -2, -1, 2]"
8714,dfs_bnb_mpi,0.009674,-4,5,2545,"[-1, -1, 2, 2, 1, -2, 1, 1, 2, -1, 2, -1, 2, 2]"
8715,dfs_bnb_mpi,0.126656,-5,6,34904,"[-1, -1, 2, 2, -1, -2, -2, -1, -2, 1, -2, 1, 2, 1]"
8716,dfs_bnb_mpi,0.236484,-5,6,54239,"[-1, -1, 2, 2, -1, -2, -2, -1, -2, -2, 1, 2, 1, -2]"
8717,dfs_bnb_mpi,0.026133,-6,7,7268,"[-1, -1, 2, 2, 2, 1, 2, 1, -2, -2, -1, -2, 1, 1]"
8718,dfs_bnb_mpi,0.05042,-4,5,14406,"[-1, -1, 2, 2, 2, 2, 1, 1, -2, 1, -2, -1, -1, 2]"
8719,dfs_bnb_mpi,0.032701,-4,5,9929,"[-1, -1, 2, 1, 2, -1, -1, 2, 2, -1, -2, -2, -2, 1]"
8720,dfs_bnb_mpi,0.043988,-7,7,11250,"[-1, -1, 2, 1, 2, -1, -1, -2, -1, -2, 1, -2, 1, 1]"
8721,dfs_bnb_mpi,0.212815,-6,7,47240,"[-1, -1, 2, -1, -1, -2, 1, -2, -1, -2, 1, 1, 2, 1]"
8722,dfs_bnb_mpi,0.040091,-7,8,10158,"[-1, -1, 2, 1, 2, 2, -1, -2, -1, -2, -2, -2, 1, 1]"
8723,dfs_bnb_mpi,0.078793,-5,6,23201,"[-1, -1, 2, 2, 1, -2, 1, 1, 1, 2, -1, -1, 2, -1]"
8724,dfs_bnb_mpi,0.101403,-7,8,27166,"[-1, -1, -1, 2, 2, 2, 1, 1, -2, 1, -2, -1, -1, 2]"
8725,dfs_bnb_mpi,0.007241,-6,6,2008,"[-1, -1, 2, 1, 2, -1, 2, 1, 1, -2, -2, 1, 2, 2]"
8726,dfs_bnb_mpi,0.002754,-5,6,720,"[-1, -1, 2, -1, -1, -2, 1, -2, 1, -2, -1, -1, 2, -1]"
8727,dfs_bnb_mpi,0.059797,-4,5,13399,"[-1, -1, 2, 2, 2, 1, 2, 1, -2, -2, -1, -2, 1, 1]"
8728,dfs_bnb_mpi,0.004624,-2,3,1356,"[-1, -1, 2, 2, 2, 1, 2, 2, -1, -2, -1, -2, -1, 2]"
8729,dfs_bnb_mpi,0.168941,-6,6,39935,"[-1, -1, 2, 2, 2, 2, 1, 1, -2, -1, -2, 1, -2, -1]"
8730,dfs_bnb_mpi,0.127512,-6,6,37287,"[-1, -1, 2, 2, 1, 2, 1, -2, 1, 1, -2, -1, -1, -1]"
8731,dfs_bnb_mpi,0.199331,-4,5,52702,"[-1, -1, 2, 2, 2, -1, -2, -1, -2, -1, -2, 1, 1, 2]"
8732,dfs_bnb_mpi,0.004336,-4,5,1296,"[-1, -1, 2, 1, 2, 2, 1, 1, -2, -1, -2, 1, 1, 2]"
8733,dfs_bnb_mpi,0.047854,-6,7,10830,"[-1, -2, 1, 1, 2, 2, -1, 2, -1, -2, -1, -2, -2, -1]"
8734,dfs_bnb_mpi,0.056713,-2,3,17831,"[-1, -2, 1, 1, 2, 2, 2, 2, -1, -1, -2, -2, -1, -2]"
8735,dfs_bnb_mpi,0.043441,-6,7,11169,"[-1, -1, 2, -1, 2, 2, 1, -2, 1, 2, 1, -2, -2, -1]"
8736,dfs_bnb_mpi,0.033543,-4,5,8020,"[-1, -2, -1, 2, 2, 1, 1, 1, 1, -2, -1, -2, -1, -2]"
8737,dfs_bnb_mpi,0.079585,-6,7,17941,"[-1, -1, 2, -1, -2, -1, -2, 1, 1, -2, -1, -1, -1, 2]"
8738,dfs_bnb_mpi,0.020145,-2,3,6086,"[-1, -1, 2, 2, 2, 1, 2, 2, 2, -1, -2, -2, -1, -2]"
8739,dfs_bnb_mpi,7.5e-05,-1,2,25,"[-1, -1, 2, 2, 1, -2, 1, 2, 2, 2, 2, 2, 2, 2]"
8740,dfs_bnb_mpi,0.092784,-5,6,21247,"[-1, -1, 2, 2, -1, 2, -1, -2, -1, -2, 1, 1, -2, -1]"
8741,dfs_bnb_mpi,0.042567,-6,7,12624,"[-1, -2, -2, 1, 2, 1, 2, 2, -1, 2, -1, -2, -1, -2]"
8742,dfs_bnb_mpi,0.007251,-4,5,1745,"[-1, -1, 2, 2, 2, 2, 2, 1, -2, -2, 1, -2, -1, -2]"
8743,dfs_bnb_mpi,0.036049,-7,8,9173,"[-1, -2, -2, 1, 2, 1, 2, 2, 1, -2, -2, -2, -1, -2]"
8744,dfs_bnb_mpi,0.010606,-5,6,2711,"[-1, -2, -1, -2, 1, 1, 2, 1, 2, 2, -1, 2, 2, 2]"
8745,dfs_bnb_mpi,0.062921,-5,6,14944,"[-1, -1, 2, 2, 2, 2, -1, -1, -2, 1, -2, -2, -2, -1]"
8746,dfs_bnb_mpi,0.009939,-4,5,2415,"[-1, -1, 2, 2, 2, 1, -2, -2, 1, 2, 1, -2, 1, 2]"
8747,dfs_bnb_mpi,0.000792,-4,5,241,"[-1, -1, 2, -1, -2, -1, -2, 1, 1, -2, 1, 2, 1, 1]"
8748,dfs_bnb_mpi,0.013729,-4,5,3670,"[-1, -1, -1, 2, 1, 1, 2, 1, -2, 1, -2, -2, -1, -1]"
8749,dfs_bnb_mpi,0.061305,-6,7,17269,"[-1, -1, 2, 1, 2, 1, -2, 1, -2, -2, -1, -1, -2, 1]"
8750,dfs_bnb_mpi,0.002479,-6,7,590,"[-1, -1, -1, 2, 2, 1, -2, 1, 2, 1, -2, 1, 2, 2]"
8751,dfs_bnb_mpi,0.017695,-6,7,4280,"[-1, -2, 1, 1, -2, 1, 2, 2, -1, 2, 2, -1, -2, -1]"
8752,dfs_bnb_mpi,0.090388,-2,3,23015,"[-1, -1, 2, 2, 2, 2, 2, 2, 2, 1, -2, 1, -2, -1]"
8753,dfs_bnb_mpi,0.000466,-3,4,147,"[-1, -1, 2, 1, 1, 1, 1, -2, -1, -2, 1, 1, 2, 2]"
8754,dfs_bnb_mpi,0.027629,-7,8,7546,"[-1, -2, 1, 1, -2, -1, -1, -2, 1, -2, 1, 2, 1, 2]"
8755,dfs_bnb_mpi,0.004621,-5,6,1297,"[-1, -2, -1, 2, 2, 1, 2, 2, 1, -2, -2, 1, 2, 2]"
8756,dfs_bnb_mpi,0.008715,-4,5,2528,"[-1, -1, 2, -1, 2, 1, 2, 1, 1, -2, -1, -2, 1, 1]"
8757,dfs_bnb_mpi,0.079747,-6,7,18122,"[-1, -1, 2, 1, 2, -1, -1, -1, -2, 1, -2, -1, -1, 2]"
8758,dfs_bnb_mpi,0.015865,-4,5,4915,"[-1, -2, 1, 1, 2, 2, 2, 2, 2, -1, -2, -2, -2, -1]"
8759,dfs_bnb_mpi,0.000699,-2,3,220,"[-1, -1, 2, -1, 2, -1, -2, -2, 1, -2, 1, 1, 1, 1]"
8760,dfs_bnb_mpi,0.030905,-5,5,8154,"[-1, -1, 2, 1, 1, 1, -2, 1, -2, -1, -1, -2, -1, 2]"
8761,dfs_bnb_mpi,0.040933,-6,7,9118,"[-1, -1, 2, 2, 2, 2, 1, -2, 1, -2, -1, -2, 1, 1]"
8762,dfs_bnb_mpi,0.046186,-6,7,11905,"[-1, -2, -1, -2, 1, 1, 2, 1, 2, 1, -2, -2, -1, -2]"
8763,dfs_bnb_mpi,0.001022,-4,4,303,"[-1, -1, 2, -1, 2, 1, 1, -2, 1, 2, 2, 2, 2, 2]"
8764,dfs_bnb_mpi,0.040759,-5,6,9385,"[-1, -1, 2, 2, 2, 2, 1, 1, -2, -1, -2, -2, 1, 2]"
8765,dfs_bnb_mpi,0.078875,-6,7,18914,"[-1, -1, 2, -1, -2, -1, 2, 2, 1, 1, 2, 1, -2, -2]"
8766,dfs_bnb_mpi,0.039873,-4,5,10273,"[-1, -1, 2, 2, 2, 1, 1, 1, -2, -1, -1, -2, 1, 1]"
8767,dfs_bnb_mpi,0.01228,-6,7,3197,"[-1, -1, 2, 1, 2, -1, 2, -1, -2, -2, -1, -2, 1, -2]"
8768,dfs_bnb_mpi,0.279944,-3,4,63276,"[-1, -1, 2, 2, 2, 2, 2, 2, 1, 2, 1, -2, -2, -1]"
8769,dfs_bnb_mpi,0.05373,-4,5,12653,"[-1, -1, 2, 2, 1, 1, -2, 1, 2, 1, -2, -2, -1, -2]"
8770,dfs_bnb_mpi,0.008351,-4,5,2429,"[-1, -1, 2, 1, 1, 2, -1, -1, 2, -1, -1, -2, 1, -2]"
8771,dfs_bnb_mpi,0.038536,-6,7,10133,"[-1, -1, 2, 2, 1, 2, 2, 1, -2, -2, 1, -2, -1, -1]"
8772,dfs_bnb_mpi,0.201099,-5,6,51657,"[-1, -1, 2, 2, 2, 1, 2, 2, 1, -2, -2, -2, -1, -2]"
8773,dfs_bnb_mpi,0.041516,-6,5,11803,"[-1, -1, 2, 2, 2, 2, 1, -2, -2, 1, 1, -2, -1, -1]"
8774,dfs_bnb_mpi,0.001585,-4,5,409,"[-1, -1, 2, 2, -1, -2, -2, -1, -1, 2, 1, 2, 2, 2]"
8775,dfs_bnb_mpi,0.045089,-3,4,12228,"[-1, -1, 2, 2, 2, 1, 1, 1, -2, -2, -1, 2, -1, -2]"
8776,dfs_bnb_mpi,0.017082,-5,6,4712,"[-1, -1, 2, -1, 2, 1, 1, -2, 1, 2, 1, -2, -2, 1]"
8777,dfs_bnb_mpi,0.00012,-2,3,31,"[-1, -1, 2, 2, 2, 2, 2, 1, -2, -2, 1, -2, -1, -2]"
8778,dfs_bnb_mpi,0.088802,-4,5,23952,"[-1, -1, 2, 2, 2, 2, 2, 1, -2, 1, -2, -2, -1, 2]"
8779,dfs_bnb_mpi,0.020715,-5,5,5766,"[-1, -1, 2, -1, -2, -2, 1, 1, -2, -1, -1, -1, 2, 2]"
8780,dfs_bnb_mpi,0.003984,-6,7,1193,"[-1, -2, -2, -1, 2, -1, 2, 1, 2, 1, 2, 1, -2, 1]"
8781,dfs_bnb_mpi,0.0104,-2,3,3208,"[-1, -1, 2, 2, 2, 1, 2, 2, -1, -2, -1, -1, -2, 1]"
8782,dfs_bnb_mpi,0.0028,-3,4,847,"[-1, -1, 2, 2, 2, 2, -1, -2, -2, -1, -2, 1, -2, -1]"
8783,dfs_bnb_mpi,0.029509,-2,3,9217,"[-1, -1, 2, -1, 2, 2, 2, -1, -2, -2, -2, -2, 1, -2]"
8784,dfs_bnb_mpi,0.000202,-2,3,63,"[-1, -1, 2, 2, 2, 2, -1, -2, -2, -2, -1, -2, 1, -2]"
8785,dfs_bnb_mpi,0.049461,-6,7,12683,"[-1, -1, 2, 2, 2, 1, -2, -2, 1, 2, 2, 1, -2, -2]"
8786,dfs_bnb_mpi,0.051626,-5,6,13770,"[-1, -1, 2, 1, 2, 2, -1, -2, -1, -1, -2, 1, -2, -1]"
8787,dfs_bnb_mpi,0.001197,-2,3,371,"[-1, -1, 2, 2, -1, -2, -2, -1, -1, -2, 1, 1, 1, 1]"
8788,dfs_bnb_mpi,0.010408,-4,5,3164,"[-1, -1, -1, 2, 1, 1, 2, 2, 1, -2, -2, 1, -2, 1]"
8789,dfs_bnb_mpi,0.092238,-5,6,23573,"[-1, -1, 2, -1, 2, -1, -2, -2, 1, -2, 1, 1, -2, -1]"
8790,dfs_bnb_mpi,0.113523,-7,7,25369,"[-1, -1, 2, 2, 2, 2, 1, 1, -2, -1, -2, 1, -2, -1]"
8791,dfs_bnb_mpi,0.416476,-4,5,91061,"[-1, -1, 2, 2, 2, 2, 1, 1, -2, -1, -2, 1, -2, -1]"
8792,dfs_bnb_mpi,0.024396,-3,4,5960,"[-1, -1, 2, 2, 1, 2, 2, 2, 1, -2, -2, -2, -2, -1]"
8793,dfs_bnb_mpi,0.09334,-4,5,28597,"[-1, -2, -2, -1, 2, 2, 2, 1, 2, -1, -1, -2, -2, -1]"
8794,dfs_bnb_mpi,0.002593,-3,4,760,"[-1, -1, 2, 2, 1, 2, -1, 2, -1, -1, -2, -2, 1, 2]"
8795,dfs_bnb_mpi,0.136849,-5,6,38580,"[-1, -1, 2, -1, 2, -1, -2, -1, -2, -2, 1, 1, 2, -1]"
8796,dfs_bnb_mpi,0.106021,-3,4,32948,"[-1, -1, 2, 2, 2, 2, 1, 2, 2, 1, -2, -2, -2, -1]"
8797,dfs_bnb_mpi,0.043503,-4,5,13155,"[-1, -1, 2, 1, 2, -1, 2, 1, 2, 1, -2, -2, -2, 1]"
8798,dfs_bnb_mpi,0.017921,-5,6,5413,"[-1, -1, 2, -1, -1, -2, 1, -2, 1, -2, 1, 1, 2, -1]"
8799,dfs_bnb_mpi,0.052038,-4,5,12373,"[-1, -1, 2, 2, 2, 2, 1, -2, 1, -2, -1, -2, 1, 1]"
8800,dfs_bnb_mpi,0.005725,-3,4,1769,"[-1, -1, 2, -1, 2, 2, -1, -2, -2, -2, 1, -2, 1, 1]"
8801,dfs_bnb_mpi,0.000401,-3,4,120,"[-1, -1, 2, 1, 1, 2, 2, -1, -2, -1, 2, 2, 2, 2]"
8802,dfs_bnb_mpi,0.157458,-6,7,37171,"[-1, -1, 2, 2, -1, -2, -2, -2, 1, -2, 1, 2, 1, -2]"
8803,dfs_bnb_mpi,0.007186,-4,4,2089,"[-1, -1, 2, -1, -2, -1, -1, -2, 1, 1, -2, -1, -1, -1]"
8804,dfs_bnb_mpi,0.040144,-7,8,10262,"[-1, -1, 2, 2, 1, -2, 1, 2, 1, -2, -2, -2, -1, -1]"
8805,dfs_bnb_mpi,0.008063,-3,4,2086,"[-1, -2, -1, 2, 2, 1, 1, 1, -2, -2, -1, -2, 1, 1]"
8806,dfs_bnb_mpi,0.406392,-2,3,89411,"[-1, -1, 2, 2, 2, 2, 2, 2, 1, 1, -2, -1, -2, 1]"
8807,dfs_bnb_mpi,0.049165,-3,4,11936,"[-1, -1, 2, 2, 2, 1, 2, 1, -2, -2, -1, -2, 1, 1]"
8808,dfs_bnb_mpi,5e-05,0,1,15,"[-1, -1, 2, 2, 2, 2, 2, 2, 2, 2, 2, 2, 2, 2]"
8809,dfs_bnb_mpi,0.010017,-4,5,2642,"[-1, -1, 2, 2, 1, -2, 1, 1, 2, -1, 2, -1, 2, 2]"
8810,dfs_bnb_mpi,0.185338,-2,3,47548,"[-1, -1, 2, 2, 2, 2, 2, 2, 2, 2, 1, -2, -2, 1]"
8811,dfs_bnb_mpi,0.058705,-5,6,14103,"[-1, -1, 2, -1, -2, -2, -1, -2, 1, 1, 2, 1, -2, 1]"
8812,dfs_bnb_mpi,0.002827,-5,5,859,"[-1, -1, 2, 1, 1, 2, 1, -2, 1, 1, -2, -1, -1, -2]"
8813,dfs_bnb_mpi,0.008402,-4,5,2090,"[-1, -1, 2, -1, 2, -1, -1, -2, 1, -2, 1, -2, 1, 1]"
8814,dfs_bnb_mpi,0.039299,-5,5,10918,"[-1, -2, -1, 2, 2, 2, 2, 1, -2, 1, 1, -2, -1, -1]"
8815,dfs_bnb_mpi,0.021761,-4,5,5539,"[-1, -1, -1, 2, 1, 2, 1, -2, 1, 1, 2, -1, 2, 2]"
8816,dfs_bnb_mpi,0.060776,-6,7,17328,"[-1, -1, 2, -1, -2, -2, 1, -2, -2, 1, 2, 1, 2, -1]"
8817,dfs_bnb_mpi,0.001948,-6,7,511,"[-1, -2, 1, 1, -2, -1, -1, -1, -2, 1, -2, 1, 2, 1]"
8818,dfs_bnb_mpi,0.00774,-5,6,2165,"[-1, -2, 1, 1, 2, 2, -1, 2, 2, -1, -2, -2, -1, 2]"
8819,dfs_bnb_mpi,0.018451,-5,5,5336,"[-1, -1, 2, -1, -2, -1, -2, 1, 1, -2, 1, 1, 2, -1]"
8820,dfs_bnb_mpi,0.044044,-8,8,11240,"[-1, -1, 2, 1, 1, 1, 2, 2, -1, -1, -1, -2, 1, 1]"
8821,dfs_bnb_mpi,0.017327,-7,8,4183,"[-1, -1, 2, 2, 2, 1, -2, -2, 1, 2, 1, 2, -1, 2]"
8822,dfs_bnb_mpi,0.114439,-5,6,34514,"[-1, -1, 2, 2, 1, 2, 1, -2, 1, 1, -2, -1, -1, -1]"
8823,dfs_bnb_mpi,0.005064,-5,5,1416,"[-1, -2, -1, -1, -2, 1, 1, 1, 2, 1, 1, 2, -1, 2]"
8824,dfs_bnb_mpi,0.000102,-2,3,31,"[-1, -1, 2, 2, 2, 2, 2, 1, -2, -2, 1, -2, -1, -2]"
8825,dfs_bnb_mpi,0.034706,-6,6,8994,"[-1, -2, -1, 2, -1, 2, 1, 2, 2, 1, -2, 1, -2, -1]"
8826,dfs_bnb_mpi,0.000331,-3,4,96,"[-1, -1, 2, 2, 2, 2, 2, 1, -2, -2, 1, -2, -1, -2]"
8827,dfs_bnb_mpi,0.120269,-7,8,27210,"[-1, -1, 2, 1, 2, 1, -2, 1, 1, -2, -1, -2, -1, -1]"
8828,dfs_bnb_mpi,0.007052,-7,8,1754,"[-1, -2, -1, 2, 2, 1, 2, 1, -2, 1, -2, -2, -1, -2]"
8829,dfs_bnb_mpi,0.017838,-5,5,5410,"[-1, -1, 2, 1, 1, 1, 2, -1, -1, 2, 2, -1, -2, -2]"
8830,dfs_bnb_mpi,0.163734,-6,7,38649,"[-1, -1, 2, -1, 2, 1, 2, 2, 2, 1, -2, -2, -2, -2]"
8831,dfs_bnb_mpi,0.083949,-3,4,26256,"[-1, -1, 2, 1, 1, 2, 2, 2, 2, 1, -2, -2, -2, -2]"
8832,dfs_bnb_mpi,0.015078,-2,3,4651,"[-1, -1, 2, 2, 2, 2, 1, 1, -2, -2, -2, -1, 2, 2]"
8833,dfs_bnb_mpi,0.06446,-7,7,17560,"[-1, -2, 1, 1, 2, 2, 2, 2, -1, -1, -2, -2, 1, 2]"
8834,dfs_bnb_mpi,0.003127,-4,5,836,"[-1, -1, -1, 2, 1, 1, 1, 2, -1, -1, 2, 2, 2, 2]"
8835,dfs_bnb_mpi,0.035489,-4,5,11097,"[-1, -1, 2, 1, 2, -1, 2, 2, 1, 1, -2, -2, -2, 1]"
8836,dfs_bnb_mpi,0.025049,-6,7,7000,"[-1, -1, -1, 2, 1, 1, 2, -1, 2, -1, -2, -1, -2, -1]"
8837,dfs_bnb_mpi,0.00067,-3,4,192,"[-1, -1, 2, 2, 2, 2, 2, 2, 1, 1, -2, -2, -1, 2]"
8838,dfs_bnb_mpi,0.001862,-2,3,520,"[-1, -1, 2, 2, 2, 2, 1, 2, 2, -1, -2, -1, -2, -1]"
8839,dfs_bnb_mpi,0.004709,-7,8,1175,"[-1, -1, 2, 2, 1, -2, 1, 2, 1, 1, -2, -1, -2, 1]"
8840,dfs_bnb_mpi,0.027089,-5,6,6365,"[-1, -1, 2, 2, -1, 2, 1, 1, -2, -2, 1, 2, 2, 2]"
8841,dfs_bnb_mpi,0.080902,-7,8,21659,"[-1, -2, -1, -2, 1, 1, 2, 1, -2, -2, -2, -1, 2, -1]"
8842,dfs_bnb_mpi,0.026715,-8,9,6885,"[-1, -1, 2, 1, 1, 2, -1, -1, -1, -1, -2, -2, 1, 2]"
8843,dfs_bnb_mpi,0.02514,-5,6,5855,"[-1, -1, 2, 2, -1, -1, -2, 1, -2, -1, -2, 1, 1, 1]"
8844,dfs_bnb_mpi,0.006858,-2,3,1935,"[-1, -1, 2, 2, 2, 1, -2, -2, 1, 1, 2, -1, 2, 2]"
8845,dfs_bnb_mpi,0.104787,-5,5,27053,"[-1, -1, 2, 2, -1, -2, -2, -1, -1, 2, 1, 2, 2, 1]"
8846,dfs_bnb_mpi,0.014362,-4,5,3930,"[-1, -2, -1, -1, 2, 1, 2, 1, 2, -1, -1, -2, -1, 2]"
8847,dfs_bnb_mpi,0.045924,-6,7,12925,"[-1, -2, 1, 1, 2, 1, 2, -1, -1, 2, -1, -2, -1, -2]"
8848,dfs_bnb_mpi,0.011141,-3,4,3167,"[-1, -1, 2, 2, -1, -2, -1, -2, 1, -2, -2, 1, 2, 1]"
8849,dfs_bnb_mpi,0.015629,-5,6,3634,"[-1, -1, 2, 2, 2, 1, 1, -2, -1, -2, 1, 1, 2, 2]"
8850,dfs_bnb_mpi,0.019488,-6,6,4649,"[-1, -2, 1, 1, 1, 2, -1, 2, 1, 1, 1, -2, -1, -2]"
8851,dfs_bnb_mpi,0.050914,-7,8,12948,"[-1, -1, 2, 2, 1, -2, 1, 2, 1, -2, -2, -2, -1, -1]"
8852,dfs_bnb_mpi,0.033241,-6,7,9405,"[-1, -2, 1, 1, 2, 1, -2, -2, -1, -1, -1, -2, 1, 1]"
8853,dfs_bnb_mpi,0.21529,-4,5,50116,"[-1, -1, 2, 2, 2, 1, 2, 1, -2, 1, -2, -1, -2, 1]"
8854,dfs_bnb_mpi,0.031394,-5,6,8283,"[-1, -1, 2, 2, 2, 1, -2, 1, 2, 1, -2, -2, -1, -1]"
8855,dfs_bnb_mpi,0.028239,-5,6,7047,"[-1, -1, 2, 2, -1, 2, 2, -1, -2, -2, -2, 1, -2, -1]"
8856,dfs_bnb_mpi,0.00174,-3,4,499,"[-1, -1, 2, 2, 1, -2, 1, 2, 2, -1, 2, 2, 2, 2]"
8857,dfs_bnb_mpi,0.013491,-6,7,3425,"[-1, -1, 2, 2, 2, 1, -2, -2, 1, 2, 2, 1, -2, -2]"
8858,dfs_bnb_mpi,0.071915,-4,5,16842,"[-1, -1, 2, 2, 2, -1, -1, -2, -2, 1, -2, -2, -1, 2]"
8859,dfs_bnb_mpi,0.001178,-3,4,350,"[-1, -1, 2, 2, -1, -2, -2, -1, -1, 2, 1, 2, 2, 2]"
8860,dfs_bnb_mpi,0.002106,-5,6,591,"[-1, -2, 1, 1, 2, 1, -2, -2, -1, -2, -1, 2, -1, -1]"
8861,dfs_bnb_mpi,0.042579,-7,7,9806,"[-1, -2, -2, -1, -2, 1, 1, 1, 2, -1, 2, 1, 2, 2]"
8862,dfs_bnb_mpi,4.6e-05,0,1,15,"[-1, -1, 2, 2, 2, 2, 2, 2, 2, 2, 2, 2, 2, 2]"
8863,dfs_bnb_mpi,6.7e-05,-1,2,23,"[-1, -1, 2, 2, 2, 2, 2, 2, 2, 2, 1, -2, -2, 1]"
8864,dfs_bnb_mpi,0.07091,-7,8,18957,"[-1, -2, 1, 1, 2, 1, 1, 2, -1, 2, -1, -1, -2, 1]"
8865,dfs_bnb_mpi,0.008384,-4,5,2313,"[-1, -1, 2, 2, 2, -1, -2, -1, -1, -2, 1, 1, -2, -1]"
8866,dfs_bnb_mpi,0.029873,-5,6,8892,"[-1, -2, -1, 2, 2, 2, 1, -2, 1, 2, 2, -1, -1, 2]"
8867,dfs_bnb_mpi,0.000902,-3,4,251,"[-1, -1, 2, 2, 2, 2, -1, -2, -2, -2, -1, -2, 1, -2]"
8868,dfs_bnb_mpi,0.080049,-7,8,21243,"[-1, -1, 2, -1, 2, 1, 1, 2, 1, -2, 1, -2, -1, -1]"
8869,dfs_bnb_mpi,0.006902,-4,5,1850,"[-1, -2, -1, 2, 2, -1, 2, 1, 2, 1, -2, -2, 1, 2]"
8870,dfs_bnb_mpi,0.159448,-5,6,44466,"[-1, -1, 2, 2, 2, 1, 2, -1, -1, -2, -1, -2, 1, -2]"
8871,dfs_bnb_mpi,0.001359,-4,4,358,"[-1, -1, 2, 2, 2, 1, -2, -2, 1, 2, 1, 2, -1, 2]"
8872,dfs_bnb_mpi,0.086217,-6,7,21505,"[-1, -1, 2, -1, -1, 2, 1, 1, 2, 1, -2, 1, -2, -1]"
8873,dfs_bnb_mpi,0.004784,-4,4,1444,"[-1, -1, 2, -1, 2, 1, 1, -2, 1, 1, -2, -2, -1, -1]"
8874,dfs_bnb_mpi,0.17998,-7,8,40080,"[-1, -2, -2, -1, -2, 1, -2, 1, 2, 2, 2, 1, -2, -2]"
8875,dfs_bnb_mpi,0.069494,-3,4,16133,"[-1, -1, 2, 2, 2, 2, 2, 2, 1, -2, 1, -2, -1, -2]"
8876,dfs_bnb_mpi,0.17806,-6,7,41351,"[-1, -1, 2, 2, 2, 2, 1, 1, -2, -1, -2, 1, -2, -1]"
8877,dfs_bnb_mpi,0.138994,-3,4,39817,"[-1, -1, 2, 2, -1, -1, -2, -1, -1, -2, 1, 1, 1, 2]"
8878,dfs_bnb_mpi,0.148082,-7,8,35361,"[-1, -2, 1, 1, 2, 2, 1, -2, 1, -2, -1, -2, -1, -1]"
8879,dfs_bnb_mpi,0.004186,-5,6,1240,"[-1, -1, 2, 2, 1, -2, 1, 1, 1, 2, -1, -1, 2, 2]"
8880,dfs_bnb_mpi,0.00015,-2,2,48,"[-1, -1, 2, 2, 1, -2, 1, 2, 2, 2, 2, 2, 2, 2]"
8881,dfs_bnb_mpi,0.08551,-5,6,25299,"[-1, -1, 2, 2, 2, 1, -2, 1, 2, 1, -2, -2, -1, -1]"
8882,dfs_bnb_mpi,0.00299,-2,3,835,"[-1, -1, 2, 2, 1, 2, 2, -1, -2, -1, -2, -1, 2, 2]"
8883,dfs_bnb_mpi,0.127255,-5,6,35018,"[-1, -1, 2, 2, 1, 2, 1, 2, 1, -2, -2, -1, -2, -1]"
8884,dfs_bnb_mpi,0.008456,-2,3,2479,"[-1, -1, 2, 2, 1, 2, 2, 2, -1, -2, -2, -1, -2, -1]"
8885,dfs_bnb_mpi,0.006819,-4,5,1969,"[-1, -1, 2, 2, 1, -2, 1, 1, 1, 2, -1, -1, 2, 2]"
8886,dfs_bnb_mpi,0.005211,-4,4,1372,"[-1, -1, 2, 2, 2, 2, -1, -2, -2, -1, -2, 1, -2, -1]"
8887,dfs_bnb_mpi,0.004867,-3,4,1491,"[-1, -1, 2, -1, -2, -2, 1, 1, -2, -2, 1, 2, 2, 1]"
8888,dfs_bnb_mpi,0.008346,-4,5,2239,"[-1, -1, 2, 2, 1, -2, 1, 1, 2, -1, 2, -1, 2, 2]"
8889,dfs_bnb_mpi,0.196992,-6,7,49672,"[-1, -1, 2, -1, -2, -1, -2, 1, 1, 1, -2, -1, -1, -1]"
8890,dfs_bnb_mpi,0.309039,-5,6,68212,"[-1, -1, 2, 1, 2, 2, 2, -1, -1, -2, 1, -2, -1, -2]"
8891,dfs_bnb_mpi,4.7e-05,0,1,15,"[-1, -1, 2, 2, 2, 2, 2, 2, 2, 2, 2, 2, 2, 2]"
8892,dfs_bnb_mpi,0.00339,-4,5,947,"[-1, -1, 2, 1, 2, -1, -1, -2, -1, -2, 1, -2, 1, 1]"
8893,dfs_bnb_mpi,0.000411,-3,4,122,"[-1, -1, 2, 2, 1, -2, 1, 2, 1, -2, -2, 1, 2, 2]"
8894,dfs_bnb_mpi,0.18684,-4,5,50157,"[-1, -1, 2, 2, 2, 1, 1, 2, 1, -2, -2, -1, -1, -2]"
8895,dfs_bnb_mpi,0.004216,-5,6,1143,"[-1, -2, -1, 2, 2, 1, 2, 1, -2, 1, -2, -2, -1, -2]"
8896,dfs_bnb_mpi,0.045902,-7,8,12019,"[-1, -1, 2, 2, 2, 1, -2, 1, 2, 1, -2, -2, -1, -1]"
8897,dfs_bnb_mpi,0.005706,-2,3,1734,"[-1, -1, 2, 2, 2, 2, 2, 1, -2, 1, -2, -1, -2, 1]"
8898,dfs_bnb_mpi,0.00213,-4,4,636,"[-1, -1, 2, -1, -2, -1, -1, -2, 1, -2, 1, 2, 1, 1]"
8899,dfs_bnb_mpi,0.045806,-4,5,13534,"[-1, -1, 2, -1, -2, -1, 2, -1, -2, -2, 1, 1, 1, 1]"
8900,dfs_bnb_mpi,0.009042,-4,5,2738,"[-1, -1, 2, 1, 1, 2, 1, 2, 2, -1, -2, -1, -2, -1]"
8901,dfs_bnb_mpi,0.049969,-7,8,12771,"[-1, -1, 2, 1, 2, -1, -1, 2, -1, -2, -2, -2, 1, 2]"
8902,dfs_bnb_mpi,0.113044,-5,6,25457,"[-1, -1, -1, 2, 2, 2, 1, 1, -2, 1, -2, -1, -1, 2]"
8903,dfs_bnb_mpi,0.041857,-6,7,10170,"[-1, -2, -1, 2, 2, 2, 2, 1, -2, -2, 1, 1, 2, -1]"
8904,dfs_bnb_mpi,0.002303,-3,4,543,"[-1, -1, 2, 2, 2, 2, 2, 1, -2, 1, -2, -2, -1, 2]"
8905,dfs_bnb_mpi,0.015666,-3,4,4793,"[-1, -1, 2, 2, 1, -2, 1, 1, 2, -1, 2, -1, 2, 2]"
8906,dfs_bnb_mpi,0.00135,-2,3,389,"[-1, -1, 2, 2, 2, 2, 1, 2, -1, -1, -2, -1, 2, 2]"
8907,dfs_bnb_mpi,0.085612,-6,7,20510,"[-1, -1, 2, 2, -1, -2, -1, -1, -2, 1, 1, -2, -1, -1]"
8908,dfs_bnb_mpi,0.169811,-4,5,49895,"[-1, -1, 2, 2, 1, 2, 1, 2, 1, -2, -2, -1, -2, -1]"
8909,dfs_bnb_mpi,0.025067,-6,7,6720,"[-1, -1, 2, 1, 2, 1, -2, 1, 2, 1, 2, -1, -1, 2]"
8910,dfs_bnb_mpi,0.109677,-5,6,25193,"[-1, -1, 2, 2, 2, -1, -1, -2, 1, -2, -1, -1, -2, 1]"
8911,dfs_bnb_mpi,0.080786,-8,8,17864,"[-1, -1, 2, -1, 2, 2, 1, 1, 1, -2, -2, -1, 2, -1]"
8912,dfs_bnb_mpi,5.1e-05,0,1,15,"[-1, -1, 2, 2, 2, 2, 2, 2, 2, 2, 2, 2, 2, 2]"
8913,dfs_bnb_mpi,0.113617,-7,7,30699,"[-1, -2, -1, -1, 2, -1, 2, 1, 2, 1, 1, -2, -1, -2]"
8914,dfs_bnb_mpi,0.176069,-6,7,41008,"[-1, -1, 2, 2, 2, 1, 1, 1, -2, -2, -1, 2, -1, -2]"
8915,dfs_bnb_mpi,0.100399,-5,6,28725,"[-1, -1, 2, 2, -1, -2, -1, -1, -2, -2, 1, 1, 2, -1]"
8916,dfs_bnb_mpi,0.097485,-5,6,27055,"[-1, -1, 2, 2, 2, -1, -2, -2, -1, -2, 1, -2, 1, 1]"
8917,dfs_bnb_mpi,0.028588,-7,8,6445,"[-1, -2, 1, -2, -2, 1, 1, 2, -1, 2, 2, 1, -2, 1]"
8918,dfs_bnb_mpi,0.071647,-7,8,17167,"[-1, -1, 2, -1, -2, -2, 1, 1, -2, -1, -1, -1, 2, 2]"
8919,dfs_bnb_mpi,0.015835,-7,8,4394,"[-1, -1, 2, 1, 1, 1, 1, -2, -1, -2, -1, -1, -1, -1]"
8920,dfs_bnb_mpi,0.00563,-3,3,1405,"[-1, -1, 2, 2, 2, 2, 1, -2, 1, -2, -1, -2, 1, 1]"
8921,dfs_bnb_mpi,0.123089,-5,6,34096,"[-1, -1, 2, 2, 2, 2, 1, 1, -2, -2, -2, -1, 2, 2]"
8922,dfs_bnb_mpi,0.206127,-4,5,47837,"[-1, -1, 2, 2, 2, 1, 1, 1, -2, -1, -2, 1, 1, 2]"
8923,dfs_bnb_mpi,0.000105,-2,3,37,"[-1, -1, 2, -1, -2, -1, -2, 1, 1, 1, 1, 1, 2, 2]"
8924,dfs_bnb_mpi,0.052703,-7,8,14802,"[-1, -2, 1, 1, 2, 1, 2, 2, 2, -1, -2, -1, -2, 1]"
8925,dfs_bnb_mpi,0.001606,-4,5,423,"[-1, -1, 2, -1, -2, -2, 1, 1, 1, 1, 2, 2, 2, 2]"
8926,dfs_bnb_mpi,0.170988,-4,4,46899,"[-1, -1, 2, 2, 2, 1, 2, 2, 1, -2, -2, -2, -1, -2]"
8927,dfs_bnb_mpi,0.097155,-5,6,29027,"[-1, -1, 2, 2, 1, -2, 1, 2, 1, 1, -2, -2, -1, 2]"
8928,dfs_bnb_mpi,0.067296,-6,7,18437,"[-1, -1, 2, 2, -1, -1, 2, -1, -2, -2, 1, -2, 1, 2]"
8929,dfs_bnb_mpi,0.090102,-5,6,23194,"[-1, -1, 2, -1, 2, 1, 2, 2, 1, -2, -2, 1, -2, -1]"
8930,dfs_bnb_mpi,0.000517,-3,4,156,"[-1, -1, 2, 2, 2, 1, 2, -1, -1, -1, -2, 1, -2, -1]"
8931,dfs_bnb_mpi,0.000107,-2,3,36,"[-1, -1, 2, 2, 2, 2, 1, -2, -2, -2, 1, 2, 2, 2]"
8932,dfs_bnb_mpi,3.3e-05,0,1,15,"[-1, -1, 2, 2, 2, 2, 2, 2, 2, 2, 2, 2, 2, 2]"
8933,dfs_bnb_mpi,0.047076,-3,4,12988,"[-1, -1, 2, 2, 2, 2, 2, 1, -2, 1, -2, -1, -2, 1]"
8934,dfs_bnb_mpi,0.036042,-6,7,9269,"[-1, -1, 2, 2, 2, 2, 1, 1, -2, -1, -2, 1, -2, -1]"
8935,dfs_bnb_mpi,0.120387,-3,4,36484,"[-1, -1, 2, 2, 1, 2, 1, -2, 1, 1, -2, -1, -1, -1]"
8936,dfs_bnb_mpi,0.018511,-6,6,4438,"[-1, -2, 1, -2, 1, 2, 2, 2, 1, -2, 1, -2, -1, -2]"
8937,dfs_bnb_mpi,0.060798,-5,6,14244,"[-1, -1, 2, 2, 2, 2, 1, -2, 1, -2, -1, -2, 1, 1]"
8938,dfs_bnb_mpi,0.002472,-4,5,697,"[-1, -1, 2, -1, 2, 1, 2, 1, -2, -2, 1, 2, 2, 2]"
8939,dfs_bnb_mpi,0.016867,-4,5,5259,"[-1, -2, -2, -1, 2, -1, -1, 2, 1, 1, 2, 2, 1, -2]"
8940,dfs_bnb_mpi,0.056305,-6,7,14811,"[-1, -1, 2, -1, -2, -2, 1, 1, 1, -2, -1, -1, -2, 1]"
8941,dfs_bnb_mpi,0.008438,-6,7,2167,"[-1, -1, 2, 2, 2, 1, -2, -2, 1, 2, 1, -2, -2, 1]"
8942,dfs_bnb_mpi,0.009089,-6,7,2365,"[-1, -1, 2, 2, 2, 1, -2, -2, 1, 1, 2, -1, 2, 2]"
8943,dfs_bnb_mpi,0.007917,-4,5,2370,"[-1, -1, 2, 1, 2, 1, 1, -2, -2, -2, -2, -1, 2, -1]"
8944,dfs_bnb_mpi,0.018616,-4,5,5038,"[-1, -1, 2, 2, -1, -2, -2, -1, -2, -2, 1, 2, 1, 1]"
8945,dfs_bnb_mpi,0.111272,-3,4,33644,"[-1, -1, 2, 2, -1, -2, -2, -1, -1, -2, 1, 1, 1, 1]"
8946,dfs_bnb_mpi,0.014079,-6,7,3804,"[-1, -2, 1, 1, -2, -1, -2, -1, 2, -1, -1, 2, 1, 2]"
8947,dfs_bnb_mpi,0.108926,-5,5,25644,"[-1, -1, 2, 2, 2, 1, -2, -2, 1, 2, 2, 2, 1, -2]"
8948,dfs_bnb_mpi,0.271919,-5,6,59963,"[-1, -1, 2, 2, -1, -2, -2, -1, -2, 1, 1, -2, -1, -1]"
8949,dfs_bnb_mpi,0.002771,-7,8,761,"[-1, -1, 2, 1, 1, 1, -2, -2, -1, -1, -2, -1, 2, -1]"
8950,dfs_bnb_mpi,0.139064,-3,4,33635,"[-1, -1, 2, 2, 2, 2, 2, 2, 1, -2, -2, -2, -2, 1]"
8951,dfs_bnb_mpi,0.010008,-5,6,2797,"[-1, -1, 2, 1, 2, -1, 2, 1, 1, 1, -2, -1, -2, 1]"
8952,dfs_bnb_mpi,0.017821,-6,7,4245,"[-1, -1, 2, 1, 2, 2, 2, 1, -2, 1, -2, -1, -2, 1]"
8953,dfs_bnb_mpi,0.032661,-6,6,7340,"[-1, -1, 2, 2, 2, 2, 1, -2, 1, -2, -1, -2, 1, 1]"
8954,dfs_bnb_mpi,0.038117,-4,5,11607,"[-1, -1, 2, 2, 2, 1, 1, 1, -2, -2, -1, -1, 2, 1]"
8955,dfs_bnb_mpi,0.072706,-2,3,20889,"[-1, -2, 1, 1, 2, 2, 2, 2, -1, -1, -2, -2, -1, -2]"
8956,dfs_bnb_mpi,0.050671,-2,3,14207,"[-1, -1, 2, 2, 2, 2, 2, 1, 2, 2, -1, -2, -1, -2]"
8957,dfs_bnb_mpi,0.022183,-5,6,6283,"[-1, -1, 2, -1, 2, 2, 1, -2, 1, 1, 1, -2, -1, -1]"
8958,dfs_bnb_mpi,0.006059,-5,6,1832,"[-1, -1, 2, -1, -1, 2, 1, 1, 2, 1, -2, 1, -2, -1]"
8959,dfs_bnb_mpi,0.209916,-6,7,46493,"[-1, -1, 2, -1, -2, -1, -2, 1, 1, 1, 1, -2, -1, -1]"
8960,dfs_bnb_mpi,0.072694,-4,5,16178,"[-1, -1, 2, 2, 2, 1, 1, 1, -2, -1, -1, -2, 1, 1]"
8961,dfs_bnb_mpi,0.014037,-5,6,4310,"[-1, -1, 2, 2, 1, -2, 1, 1, -2, -2, -1, -2, -1, 2]"
8962,dfs_bnb_mpi,0.046005,-5,6,11277,"[-1, -1, 2, 2, 2, 2, 1, -2, -2, -2, 1, 1, 2, -1]"
8963,dfs_bnb_mpi,0.009558,-4,5,2446,"[-1, -1, 2, 2, 2, 2, 1, -2, -2, 1, 1, -2, -1, -1]"
8964,dfs_bnb_mpi,0.006917,-4,5,1783,"[-1, -1, 2, 1, 2, -1, -1, 2, -1, -2, -2, 1, -2, -1]"
8965,dfs_bnb_mpi,0.002698,-5,6,729,"[-1, -2, -1, -2, 1, 1, 2, 1, 2, 1, -2, -2, -1, -2]"
8966,dfs_bnb_mpi,0.003172,-5,6,870,"[-1, -2, 1, 1, 2, 1, -2, -2, -1, -1, -1, -1, 2, 2]"
8967,dfs_bnb_mpi,0.006784,-3,4,2079,"[-1, -1, 2, 2, -1, -2, -1, -1, -2, 1, 1, -2, 1, 1]"
8968,dfs_bnb_mpi,0.101497,-4,5,28180,"[-1, -1, 2, 2, 2, -1, -2, -1, -1, -2, 1, -2, 1, 2]"
8969,dfs_bnb_mpi,0.020726,-4,5,6460,"[-1, -2, -1, 2, -1, 2, 1, 2, 2, 1, -2, -2, 1, 2]"
8970,dfs_bnb_mpi,0.005012,-5,6,1259,"[-1, -1, 2, 2, 2, 1, -2, -2, 1, 1, 2, -1, 2, 2]"
8971,dfs_bnb_mpi,0.115613,-5,5,35078,"[-1, -1, 2, 2, 2, 2, 1, 2, 1, -2, -2, -1, -2, -2]"
8972,dfs_bnb_mpi,0.014472,-4,5,3635,"[-1, -2, 1, 1, 2, 2, 2, 1, -2, -2, -2, 1, 2, 2]"
8973,dfs_bnb_mpi,0.013007,-6,6,3017,"[-1, -1, 2, 2, 2, 1, 1, -2, -1, -2, 1, 1, 2, 2]"
8974,dfs_bnb_mpi,0.072589,-3,4,16849,"[-1, -1, 2, 2, 2, 2, 2, 1, 2, 1, -2, -2, -1, -2]"
8975,dfs_bnb_mpi,0.023974,-5,6,6927,"[-1, -1, 2, 1, 1, 2, 2, 1, 2, -1, -1, -2, -2, -1]"
8976,dfs_bnb_mpi,0.003489,-5,6,991,"[-1, -1, 2, 1, 1, 2, 1, -2, -2, 1, -2, -1, -1, -1]"
8977,dfs_bnb_mpi,0.020866,-7,8,5574,"[-1, -1, 2, 1, 2, 1, -2, 1, -2, -2, -2, -1, 2, -1]"
8978,dfs_bnb_mpi,0.228012,-4,5,56756,"[-1, -1, 2, 2, 2, 2, 1, 1, -2, -2, -2, -1, 2, 2]"
8979,dfs_bnb_mpi,0.011313,-6,7,3320,"[-1, -1, -1, 2, 1, 1, 1, 1, 2, -1, -1, 2, -1, -2]"
8980,dfs_bnb_mpi,0.002396,-4,5,652,"[-1, -2, -2, 1, 2, 1, 2, 1, -2, -2, -1, -2, 1, 1]"
8981,dfs_bnb_mpi,0.080214,-6,7,19384,"[-1, -1, -1, 2, 1, 1, 2, 1, -2, 1, -2, -2, -1, -1]"
8982,dfs_bnb_mpi,0.028014,-5,6,7590,"[-1, -1, 2, -1, -1, 2, 1, 1, 2, 1, -2, 1, -2, -1]"
8983,dfs_bnb_mpi,0.019527,-7,7,4651,"[-1, -1, 2, 1, 2, -1, -1, -2, -2, -2, 1, -2, 1, 2]"
8984,dfs_bnb_mpi,0.023889,-5,6,6221,"[-1, -2, 1, 1, 2, 2, 2, 1, 1, -2, -1, -2, 1, 1]"
8985,dfs_bnb_mpi,0.000808,-3,4,241,"[-1, -1, 2, 2, 1, 1, -2, 1, -2, 1, -2, -1, -1, -1]"
8986,dfs_bnb_mpi,0.033749,-5,6,9325,"[-1, -1, 2, 1, 2, -1, 2, -1, -2, -1, -2, -2, 1, 2]"
8987,dfs_bnb_mpi,0.161201,-5,6,42180,"[-1, -1, 2, -1, -1, 2, -1, -2, -2, 1, 1, -2, 1, 1]"
8988,dfs_bnb_mpi,0.047047,-6,7,10544,"[-1, -1, 2, 2, 2, 2, 1, -2, 1, -2, -1, -2, 1, 1]"
8989,dfs_bnb_mpi,0.000299,-2,3,95,"[-1, -1, 2, 1, 2, -1, 2, -1, -2, -2, -1, 2, 2, 2]"
8990,dfs_bnb_mpi,0.004812,-4,5,1392,"[-1, -1, 2, 1, 2, -1, -1, -2, -1, -1, -2, 1, 1, -2]"
8991,dfs_bnb_mpi,0.10737,-7,8,24589,"[-1, -1, 2, -1, 2, 1, 2, 1, 1, -2, -1, -2, 1, 1]"
8992,dfs_bnb_mpi,0.014785,-6,7,4299,"[-1, -1, 2, 1, 1, 2, 1, -2, -2, -2, -1, -2, -1, 2]"
8993,dfs_bnb_mpi,0.003439,-4,5,1032,"[-1, -2, -2, 1, 2, 1, 2, 2, 1, -2, -2, -2, -1, -2]"
8994,dfs_bnb_mpi,0.086394,-6,7,20787,"[-1, -1, 2, 2, -1, -2, -1, -1, -2, 1, 1, -2, 1, 1]"
8995,dfs_bnb_mpi,0.00357,-5,6,1003,"[-1, -1, 2, 1, 2, -1, -1, -2, -2, -1, -1, 2, 1, 2]"
8996,dfs_bnb_mpi,0.152087,-4,5,35628,"[-1, -1, 2, 2, 2, 2, 1, 2, 1, 1, -2, -1, -2, -1]"
8997,dfs_bnb_mpi,0.02504,-3,4,6976,"[-1, -1, 2, 2, 2, 2, 2, 2, 1, -2, 1, -2, -1, -2]"
8998,dfs_bnb_mpi,0.01006,-4,5,2982,"[-1, -1, 2, 2, 2, -1, -2, -1, -1, -2, 1, -2, 1, 2]"
8999,dfs_bnb_mpi,0.053234,-7,8,14481,"[-1, -1, 2, 1, 1, 2, 1, -2, -2, 1, -2, -1, -1, -1]"
9000,dfs_bnb_mpi,0.054192,-4,5,12910,"[-1, -1, 2, 1, 1, 2, -1, -1, 2, -1, -2, -1, -2, 1]"
9001,dfs_bnb_mpi,4.5e-05,0,1,15,"[-1, -1, 2, 2, 2, 2, 2, 2, 2, 2, 2, 2, 2, 2]"
9002,dfs_bnb_mpi,0.024696,-6,7,6715,"[-1, -2, 1, 1, 2, 1, 2, 2, 2, -1, -2, -1, -2, 1]"
9003,dfs_bnb_mpi,0.019563,-4,5,5226,"[-1, -1, 2, 1, 1, 1, 1, -2, -1, -2, 1, 1, -2, -1]"
9004,dfs_bnb_mpi,0.001216,-5,6,347,"[-1, -2, 1, 1, 2, 1, 2, -1, 2, -1, -2, -1, 2, 2]"
9005,dfs_bnb_mpi,0.003526,-5,6,851,"[-1, -1, -1, 2, 1, 2, 1, -2, 1, 2, 2, 2, 2, 2]"
9006,dfs_bnb_mpi,0.104203,-7,8,26236,"[-1, -1, 2, 2, 1, 2, 1, 1, 1, -2, -1, -1, -2, -1]"
9007,dfs_bnb_mpi,0.114986,-5,6,26405,"[-1, -1, 2, 2, -1, 2, -1, -2, -1, -2, 1, 1, -2, -1]"
9008,dfs_bnb_mpi,0.083032,-8,9,20793,"[-1, -2, -1, -2, 1, 1, 2, 1, 2, 2, -1, -1, -1, -2]"
9009,dfs_bnb_mpi,0.19898,-5,6,52709,"[-1, -1, 2, 1, 2, 2, -1, -1, -1, -2, -2, 1, 2, 1]"
9010,dfs_bnb_mpi,0.133527,-5,6,38814,"[-1, -1, -1, 2, 1, 2, 1, 2, 2, 1, -2, -2, -2, -1]"
9011,dfs_bnb_mpi,0.007504,-4,5,2016,"[-1, -1, 2, 2, 1, -2, 1, 2, 2, 1, -2, -2, 1, 2]"
9012,dfs_bnb_mpi,0.033061,-4,5,9905,"[-1, -1, 2, 1, 2, -1, 2, 1, 2, 1, -2, -2, -2, 1]"
9013,dfs_bnb_mpi,0.005763,-6,6,1652,"[-1, -1, 2, 1, 2, 2, 2, 1, -2, 1, -2, -1, -2, 1]"
9014,dfs_bnb_mpi,0.006795,-6,6,1820,"[-1, -1, 2, 2, 1, -2, 1, 2, 2, 1, -2, 1, -2, -1]"
9015,dfs_bnb_mpi,0.018038,-2,3,4438,"[-1, -1, 2, 2, 2, 2, 1, -2, -2, -2, 1, 2, 2, 2]"
9016,dfs_bnb_mpi,0.019733,-6,7,5696,"[-1, -2, 1, 1, 2, 1, 1, -2, -1, -2, -1, -2, -1, 2]"
9017,dfs_bnb_mpi,4.6e-05,0,1,15,"[-1, -1, 2, 2, 2, 2, 2, 2, 2, 2, 2, 2, 2, 2]"
9018,dfs_bnb_mpi,0.0006,-4,5,182,"[-1, -2, 1, 1, 2, 2, -1, -1, 2, 2, 2, 2, 2, 2]"
9019,dfs_bnb_mpi,0.01548,-4,5,4248,"[-1, -2, -1, 2, 2, 2, 1, -2, 1, 2, 2, -1, 2, 2]"
9020,dfs_bnb_mpi,0.149506,-5,6,37475,"[-1, -1, 2, 2, 1, -2, 1, 2, 1, 1, -2, -2, -1, 2]"
9021,dfs_bnb_mpi,0.000159,-2,3,47,"[-1, -1, 2, 2, 2, 2, 2, 1, -2, 1, 1, -2, -1, -1]"
9022,dfs_bnb_mpi,0.067718,-6,7,15417,"[-1, -1, 2, -1, -2, -1, -1, -2, 1, 1, 1, 1, -2, -1]"
9023,dfs_bnb_mpi,0.017601,-5,6,5451,"[-1, -1, 2, 1, 2, -1, 2, 2, 1, 1, -2, -2, -2, 1]"
9024,dfs_bnb_mpi,0.001691,-4,5,464,"[-1, -1, 2, 2, 1, -2, 1, 1, 2, -1, 2, -1, 2, 2]"
9025,dfs_bnb_mpi,0.05308,-7,8,13622,"[-1, -1, 2, 1, 2, 2, 1, 2, 1, -2, -2, -2, -1, 2]"
9026,dfs_bnb_mpi,0.006686,-4,4,1817,"[-1, -1, 2, 2, 2, 1, -2, 1, 2, 2, 2, -1, -2, -1]"
9027,dfs_bnb_mpi,0.022379,-5,6,5843,"[-1, -1, 2, 2, 2, -1, -2, -1, -2, 1, -2, -2, 1, 1]"
9028,dfs_bnb_mpi,0.020566,-2,3,6099,"[-1, -1, 2, 2, 2, 2, 2, 1, 2, -1, 2, -1, -2, -2]"
9029,dfs_bnb_mpi,0.00016,-2,3,49,"[-1, -1, 2, 2, 2, 2, 1, -2, 1, 1, -2, -1, -1, -2]"
9030,dfs_bnb_mpi,0.012167,-6,7,2943,"[-1, -2, 1, 1, 2, 2, -1, 2, 1, 1, -2, -2, 1, 2]"
9031,dfs_bnb_mpi,0.021561,-6,7,5752,"[-1, -1, 2, 1, 1, 1, -2, -2, -1, -2, -1, 2, -1, -1]"
9032,dfs_bnb_mpi,0.230934,-5,6,67736,"[-1, -2, 1, 1, 2, 2, -1, -1, -1, -2, -2, -2, 1, 1]"
9033,dfs_bnb_mpi,0.022787,-4,5,6814,"[-1, -1, 2, 2, -1, -2, -2, -2, 1, -2, 1, 1, 2, -1]"
9034,dfs_bnb_mpi,0.016757,-4,5,4734,"[-1, -1, 2, 2, 1, 2, 1, 2, -1, -1, -2, -1, -2, -1]"
9035,dfs_bnb_mpi,0.001452,-2,3,401,"[-1, -1, 2, 1, 1, 1, -2, -2, -1, -1, -1, -1, 2, 2]"
9036,dfs_bnb_mpi,0.05008,-6,7,13136,"[-1, -1, 2, -1, 2, 1, 2, 2, 1, -2, 1, -2, -1, -2]"
9037,dfs_bnb_mpi,0.040792,-5,6,10099,"[-1, -2, 1, 1, -2, 1, 2, 1, 2, -1, -1, 2, 1, 2]"
9038,dfs_bnb_mpi,0.080667,-6,7,19159,"[-1, -1, 2, 2, -1, 2, 2, 1, -2, 1, -2, 1, -2, -1]"
9039,dfs_bnb_mpi,0.32451,-3,4,80055,"[-1, -1, 2, 2, 2, 2, 2, 2, 1, 2, 1, -2, -2, -1]"
9040,dfs_bnb_mpi,0.02024,-6,7,5033,"[-1, -1, 2, 2, 1, -2, 1, 1, -2, -2, -1, -1, -1, -1]"
9041,dfs_bnb_mpi,0.002354,-4,5,644,"[-1, -1, 2, -1, 2, 1, 2, 1, -2, -2, 1, 2, 2, 2]"
9042,dfs_bnb_mpi,6.7e-05,-1,2,28,"[-1, -2, 1, 1, 2, 2, 2, 2, 2, 2, 2, 2, 2, 2]"
9043,dfs_bnb_mpi,0.000109,-2,3,36,"[-1, -1, 2, 1, 2, 1, -2, 1, 2, 2, 2, 2, 2, 2]"
9044,dfs_bnb_mpi,0.224841,-5,6,60357,"[-1, -2, 1, 1, 2, 2, -1, -1, -1, -1, -2, -2, 1, 2]"
9045,dfs_bnb_mpi,0.017197,-3,4,5030,"[-1, -1, 2, 2, 1, -2, 1, 1, -2, -2, -1, -1, -1, -1]"
9046,dfs_bnb_mpi,0.023048,-3,4,6373,"[-1, -1, 2, 2, 2, -1, -2, -1, -2, 1, -2, -1, -1, 2]"
9047,dfs_bnb_mpi,0.003913,-2,3,1164,"[-1, -1, 2, 2, 1, -2, 1, 1, -2, -2, -1, -1, -1, -1]"
9048,dfs_bnb_mpi,0.048358,-6,7,12113,"[-1, -1, 2, 1, 2, 2, -1, -2, -1, 2, -1, -2, -2, 1]"
9049,dfs_bnb_mpi,0.023097,-5,6,5237,"[-1, -1, 2, 2, 1, -2, 1, 2, 2, 2, -1, -2, -1, 2]"
9050,dfs_bnb_mpi,0.01595,-3,4,4881,"[-1, -1, 2, 2, 1, -2, 1, 1, 2, -1, 2, -1, 2, 2]"
9051,dfs_bnb_mpi,0.039853,-2,3,11160,"[-1, -1, 2, 2, 2, 2, 2, 1, 2, 1, -2, -2, -1, -2]"
9052,dfs_bnb_mpi,0.10789,-7,8,24344,"[-1, -1, 2, 2, 1, 2, 2, 1, -2, 1, -2, -1, -2, -1]"
9053,dfs_bnb_mpi,0.005302,-5,6,1510,"[-1, -2, 1, 1, 2, 1, 2, -1, 2, -1, -2, -1, 2, 2]"
9054,dfs_bnb_mpi,0.03154,-6,7,8952,"[-1, -2, -2, -1, -2, 1, -2, 1, 2, 1, 2, 2, -1, -2]"
9055,dfs_bnb_mpi,0.003297,-5,5,810,"[-1, -1, 2, 2, 2, 1, -2, -2, 1, 2, 2, 2, 2, 2]"
9056,dfs_bnb_mpi,0.050686,-5,6,14241,"[-1, -2, 1, 1, 2, 1, -2, -2, -1, -1, -1, -2, 1, 1]"
9057,dfs_bnb_mpi,0.05732,-4,5,16917,"[-1, -1, 2, 1, 2, -1, 2, -1, -2, -1, -1, -2, 1, 1]"
9058,dfs_bnb_mpi,0.066364,-7,8,15930,"[-1, -1, 2, 1, 2, -1, 2, -1, -2, -1, -2, -2, 1, 2]"
9059,dfs_bnb_mpi,0.011686,-4,5,3527,"[-1, -1, 2, 2, 2, 1, 2, -1, 2, -1, -2, -1, -2, 1]"
9060,dfs_bnb_mpi,0.016821,-5,6,4933,"[-1, -1, 2, 2, 2, -1, -2, -1, -2, 1, -2, -2, 1, 1]"
9061,dfs_bnb_mpi,0.005668,-2,3,1763,"[-1, -2, 1, 1, 2, 2, 2, -1, -2, -1, 2, 2, 2, 2]"
9062,dfs_bnb_mpi,0.012444,-6,7,3003,"[-1, -2, -2, -1, -2, 1, 1, 2, 2, 1, -2, -2, 1, 2]"
9063,dfs_bnb_mpi,0.01685,-5,6,4846,"[-1, -1, 2, -1, 2, -1, -2, -1, -2, -2, 1, 2, 1, -2]"
9064,dfs_bnb_mpi,0.10899,-6,7,25131,"[-1, -2, -1, -1, 2, 1, 2, 1, 2, 2, -1, -2, -1, -2]"
9065,dfs_bnb_mpi,0.050286,-5,6,13545,"[-1, -1, 2, 2, -1, -2, -1, -1, -2, -2, 1, 2, 1, -2]"
9066,dfs_bnb_mpi,0.021462,-6,7,5486,"[-1, -1, -1, 2, 1, 1, 2, 1, 2, -1, -1, -2, -1, 2]"
9067,dfs_bnb_mpi,0.067909,-4,5,18803,"[-1, -1, 2, 2, 2, 1, 1, 1, -2, -1, -1, -2, 1, 1]"
9068,dfs_bnb_mpi,0.32199,-4,5,89211,"[-1, -1, 2, 2, -1, 2, 2, -1, -2, -2, -2, -2, 1, 2]"
9069,dfs_bnb_mpi,0.034235,-3,4,10141,"[-1, -1, -1, 2, 1, 2, 1, -2, 1, 2, 2, -1, 2, 2]"
9070,dfs_bnb_mpi,0.007379,-7,8,2063,"[-1, -1, 2, 2, 1, -2, 1, 1, -2, -2, -1, -2, -1, 2]"
9071,dfs_bnb_mpi,0.05111,-2,3,12632,"[-1, -1, 2, 2, 2, 2, 2, 2, 1, -2, -2, 1, -2, -1]"
9072,dfs_bnb_mpi,0.068847,-6,6,19543,"[-1, -2, 1, 1, -2, -1, -1, -2, -1, 2, 2, 2, 2, 1]"
9073,dfs_bnb_mpi,0.049986,-3,4,12165,"[-1, -1, 2, 2, 2, 1, 2, 2, 1, -2, -2, -2, -1, -2]"
9074,dfs_bnb_mpi,0.125233,-7,8,28706,"[-1, -1, 2, 2, 1, 2, 2, 1, 1, -2, -1, -2, -2, -1]"
9075,dfs_bnb_mpi,0.017208,-6,7,4166,"[-1, -2, 1, 1, 1, -2, -1, -2, -1, 2, -1, -2, -1, 2]"
9076,dfs_bnb_mpi,0.012874,-4,5,2900,"[-1, -1, 2, 2, 2, 2, -1, -2, -2, -2, -2, -1, 2, 2]"
9077,dfs_bnb_mpi,0.026075,-4,5,6742,"[-1, -1, 2, 2, -1, -2, -2, -1, -2, 1, 1, 1, 1, 1]"
9078,dfs_bnb_mpi,0.001941,-4,5,498,"[-1, -2, -2, 1, 2, 1, 2, 2, 1, -2, 1, 2, 2, 2]"
9079,dfs_bnb_mpi,0.007376,-6,7,1936,"[-1, -1, 2, 1, 2, 2, 1, -2, -2, 1, -2, -2, -1, -1]"
9080,dfs_bnb_mpi,0.007665,-4,5,2266,"[-1, -2, -2, -1, 2, 2, -1, 2, 2, 1, -2, 1, 2, 2]"
9081,dfs_bnb_mpi,0.004875,-5,6,1240,"[-1, -1, -1, 2, 1, 2, 1, -2, 1, 2, 2, -1, 2, 2]"
9082,dfs_bnb_mpi,0.000682,-1,2,212,"[-1, -1, 2, 2, 2, 2, 2, 2, 1, -2, -2, -2, -2, -2]"
9083,dfs_bnb_mpi,0.019254,-5,6,5296,"[-1, -1, 2, 2, 2, -1, -2, -1, -2, -2, -2, 1, 2, 2]"
9084,dfs_bnb_mpi,0.054425,-7,8,14072,"[-1, -2, 1, 1, 2, 2, -1, 2, 1, 1, -2, 1, -2, -1]"
9085,dfs_bnb_mpi,0.059636,-4,5,14310,"[-1, -1, 2, 2, 2, 1, 2, -1, 2, -1, -2, -1, -2, 1]"
9086,dfs_bnb_mpi,0.075855,-4,5,20033,"[-1, -1, 2, 2, 2, 2, 1, 1, 1, -2, -1, -1, -2, 1]"
9087,dfs_bnb_mpi,0.009316,-3,4,2788,"[-1, -1, 2, -1, -2, -1, -1, -2, 1, -2, 1, 1, 2, -1]"
9088,dfs_bnb_mpi,0.053655,-6,6,15069,"[-1, -1, 2, -1, 2, 1, 1, 2, 2, 1, -2, -2, -2, -1]"
9089,dfs_bnb_mpi,0.086437,-5,6,19517,"[-1, -1, 2, 2, 2, 2, 1, 1, -2, -1, -2, 1, 1, 2]"
9090,dfs_bnb_mpi,0.097205,-4,5,25197,"[-1, -1, 2, 2, 2, 2, 2, 1, -2, -2, -2, 1, -2, -1]"
9091,dfs_bnb_mpi,0.006494,-6,7,1760,"[-1, -1, 2, 1, 2, 1, -2, 1, -2, -2, -1, -1, -1, -1]"
9092,dfs_bnb_mpi,0.096956,-4,5,30183,"[-1, -2, -2, 1, 2, 1, 2, 2, 2, -1, -1, -2, -1, -2]"
9093,dfs_bnb_mpi,0.025269,-3,3,6317,"[-1, -1, 2, 2, 2, 2, 2, 2, 1, -2, 1, -2, -1, -2]"
9094,dfs_bnb_mpi,0.04464,-7,8,11227,"[-1, -1, 2, 1, 1, 1, -2, 1, -2, -1, -1, -1, -2, 1]"
9095,dfs_bnb_mpi,0.017291,-4,5,4939,"[-1, -1, 2, -1, 2, -1, -2, -2, 1, -2, -1, -1, 2, 2]"
9096,dfs_bnb_mpi,0.010246,-5,6,2795,"[-1, -1, 2, -1, -2, -2, 1, -2, -1, -1, 2, 2, 2, 2]"
9097,dfs_bnb_mpi,0.072617,-6,7,17957,"[-1, -1, 2, -1, -1, 2, 1, 1, 2, 1, -2, 1, -2, -1]"
9098,dfs_bnb_mpi,0.006522,-2,3,1954,"[-1, -1, 2, 1, 2, 2, 2, -1, -2, -2, -1, -2, -1, 2]"
9099,dfs_bnb_mpi,0.004063,-5,6,1036,"[-1, -1, 2, 1, 1, 2, -1, -1, -1, -2, -2, -1, 2, 2]"
9100,dfs_bnb_mpi,0.008754,-4,5,2563,"[-1, -1, 2, 2, 1, -2, 1, 1, -2, -2, -2, -1, 2, -1]"
9101,dfs_bnb_mpi,0.056567,-4,5,15560,"[-1, -1, 2, 1, 1, 2, -1, 2, 2, -1, -2, -2, -1, -2]"
9102,dfs_bnb_mpi,0.013024,-4,5,3735,"[-1, -1, 2, 2, 1, 2, 1, 2, -1, -1, -2, -1, -2, -1]"
9103,dfs_bnb_mpi,0.011734,-6,7,3398,"[-1, -1, 2, 2, 1, -2, 1, 1, 2, -1, 2, 2, -1, -2]"
9104,dfs_bnb_mpi,0.004469,-5,6,1068,"[-1, -2, -1, 2, 2, 2, 1, -2, 1, 1, 2, -1, 2, 2]"
9105,dfs_bnb_mpi,0.226848,-4,5,50340,"[-1, -1, 2, 2, 2, 2, 2, 1, 2, 1, -2, -2, -1, -2]"
9106,dfs_bnb_mpi,0.002979,-4,5,697,"[-1, -1, 2, -1, 2, 1, 2, 1, -2, -2, 1, 2, 2, 2]"
9107,dfs_bnb_mpi,0.0013,-2,3,404,"[-1, -1, 2, 2, 1, -2, 1, 2, 1, -2, -2, -2, -1, -1]"
9108,dfs_bnb_mpi,0.023446,-6,6,6164,"[-1, -1, 2, 1, 2, -1, -1, -2, -2, -2, 1, 1, 1, 1]"
9109,dfs_bnb_mpi,0.098619,-5,6,22732,"[-1, -1, 2, -1, 2, 2, 1, -2, 1, -2, 1, 2, 2, -1]"
9110,dfs_bnb_mpi,0.042383,-6,7,11112,"[-1, -1, 2, 1, 2, 1, -2, 1, -2, 1, -2, -1, -1, -1]"
9111,dfs_bnb_mpi,0.011576,-7,8,2690,"[-1, -1, 2, 1, 1, 1, -2, -2, -1, -1, -1, -1, 2, 2]"
9112,dfs_bnb_mpi,0.003136,-5,6,835,"[-1, -1, 2, 2, 2, -1, -1, -2, 1, -2, -1, -2, 1, -2]"
9113,dfs_bnb_mpi,0.00062,-2,3,185,"[-1, -1, 2, 2, 1, 2, 2, -1, -2, -1, -1, -2, 1, -2]"
9114,dfs_bnb_mpi,0.125613,-5,6,32931,"[-1, -1, 2, -1, 2, 2, 2, 1, -2, -2, 1, 1, -2, -1]"
9115,dfs_bnb_mpi,0.008817,-7,8,2290,"[-1, -1, 2, 2, 1, -2, 1, 2, 2, -1, 2, -1, -2, -1]"
9116,dfs_bnb_mpi,0.034542,-2,3,10444,"[-1, -1, 2, 2, 2, 1, 2, 2, 1, -2, -2, -2, -1, -2]"
9117,dfs_bnb_mpi,0.017464,-6,7,4592,"[-1, -2, 1, 1, 1, -2, -1, -1, -1, -2, 1, -2, 1, 2]"
9118,dfs_bnb_mpi,0.003153,-6,7,923,"[-1, -2, -2, 1, 2, 1, 2, 1, 2, -1, 2, -1, -2, -1]"
9119,dfs_bnb_mpi,0.119351,-5,6,34985,"[-1, -1, 2, 2, 1, 2, 2, 1, -2, 1, -2, -1, -2, -1]"
9120,dfs_bnb_mpi,0.017358,-5,6,5250,"[-1, -1, 2, 1, 2, -1, 2, 1, 2, 1, -2, -2, -2, 1]"
9121,dfs_bnb_mpi,0.113007,-6,7,31287,"[-1, -2, 1, 1, 2, 1, 1, 2, -1, 2, -1, -1, -2, 1]"
9122,dfs_bnb_mpi,0.041314,-7,7,10399,"[-1, -1, 2, 2, 1, -2, 1, 1, 2, -1, 2, 2, -1, -2]"
9123,dfs_bnb_mpi,0.06924,-7,8,18811,"[-1, -1, 2, 1, 2, 1, -2, 1, -2, 1, -2, -1, -1, -1]"
9124,dfs_bnb_mpi,0.252621,-5,6,57147,"[-1, -1, 2, 2, 2, 2, 1, -2, 1, 1, -2, -1, -1, -2]"
9125,dfs_bnb_mpi,0.033521,-7,7,8653,"[-1, -1, 2, 2, 2, 1, -2, 1, 2, 1, -2, -2, -1, -1]"
9126,dfs_bnb_mpi,0.212446,-6,7,48803,"[-1, -1, 2, 2, -1, 2, -1, -2, -1, -2, 1, 1, -2, -1]"
9127,dfs_bnb_mpi,0.023571,-6,7,6337,"[-1, -2, 1, 1, 2, 1, 2, 1, 2, -1, -1, -2, -1, 2]"
9128,dfs_bnb_mpi,0.095228,-6,7,23800,"[-1, -2, -1, -2, 1, -2, 1, 1, 1, 2, -1, 2, -1, -2]"
9129,dfs_bnb_mpi,0.005654,-5,6,1707,"[-1, -1, 2, 1, 1, 2, 1, 2, 2, -1, -2, -1, -2, -1]"
9130,dfs_bnb_mpi,0.037894,-6,7,9186,"[-1, -1, 2, -1, -1, -2, 1, -2, -2, 1, 2, 1, -2, 1]"
9131,dfs_bnb_mpi,0.005818,-5,6,1484,"[-1, -1, 2, -1, -2, -2, 1, 1, -2, -1, -1, -1, 2, 2]"
9132,dfs_bnb_mpi,0.084391,-4,5,22628,"[-1, -2, 1, 1, 2, 2, -1, -1, 2, -1, -1, -2, 1, -2]"
9133,dfs_bnb_mpi,0.018784,-5,6,5076,"[-1, -2, -1, 2, 2, 1, 1, 1, -2, 1, -2, -1, -1, -2]"
9134,dfs_bnb_mpi,0.002342,-4,5,620,"[-1, -1, 2, 1, 1, 1, 2, 1, -2, -2, -1, -2, 1, 1]"
9135,dfs_bnb_mpi,0.031304,-5,6,7254,"[-1, -2, -1, -2, -1, -2, 1, 1, 2, 1, 2, 1, 2, 2]"
9136,dfs_bnb_mpi,0.022189,-5,6,6391,"[-1, -2, -1, 2, 2, 1, 1, 1, -2, 1, -2, -1, -1, -2]"
9137,dfs_bnb_mpi,0.023123,-5,6,5383,"[-1, -1, 2, 2, 2, 1, -2, -2, 1, 2, 1, -2, -2, 1]"
9138,dfs_bnb_mpi,0.014611,-2,3,3952,"[-1, -1, 2, 2, 2, 2, 1, 2, 2, -1, -2, -1, -2, -1]"
9139,dfs_bnb_mpi,0.013393,-5,6,3363,"[-1, -1, 2, 2, 2, -1, -2, -2, -2, -1, 2, -1, 2, 1]"
9140,dfs_bnb_mpi,0.045813,-5,6,10709,"[-1, -1, 2, 2, 2, 2, 1, 1, -2, -1, -2, 1, -2, -1]"
9141,dfs_bnb_mpi,0.002411,-3,4,562,"[-1, -1, 2, 2, 2, 2, 2, 1, -2, -2, -2, 1, -2, -1]"
9142,dfs_bnb_mpi,0.021804,-5,5,4965,"[-1, -1, 2, 2, 2, 2, 1, -2, -2, -2, 1, 2, 2, 2]"
9143,dfs_bnb_mpi,0.009755,-5,6,2854,"[-1, -1, 2, -1, 2, -1, 2, -1, -2, -2, 1, -2, 1, -2]"
9144,dfs_bnb_mpi,0.007978,-4,5,1915,"[-1, -1, 2, 2, 2, 1, 1, -2, -1, -2, 1, 1, 2, 2]"
9145,dfs_bnb_mpi,0.072206,-4,5,18300,"[-1, -1, 2, 2, 2, 2, 1, -2, 1, 1, -2, -1, -1, -2]"
9146,dfs_bnb_mpi,0.020813,-5,6,6336,"[-1, -2, 1, 1, -2, -1, -1, -1, -1, -2, 1, 1, 1, 1]"
9147,dfs_bnb_mpi,0.022993,-6,7,6359,"[-1, -1, 2, -1, -2, -1, -2, 1, -2, 1, 2, 1, 1, 1]"
9148,dfs_bnb_mpi,0.001527,-4,5,433,"[-1, -1, 2, 1, 2, -1, -1, -2, -2, -1, -1, 2, 1, 2]"
9149,dfs_bnb_mpi,0.000363,-2,3,119,"[-1, -2, 1, 1, 2, 1, -2, -2, -1, -1, -1, -1, 2, 2]"
9150,dfs_bnb_mpi,0.011391,-5,6,2643,"[-1, -1, 2, -1, -1, -2, 1, -2, 1, 1, -2, -1, -1, -1]"
9151,dfs_bnb_mpi,0.000486,-2,3,150,"[-1, -1, 2, 2, 2, 2, 1, 2, 1, -2, -2, -1, -2, 1]"
