protein_id,algorithm,time,score,checked,placed,hash
0,dfs_bnb_mpi,1.85702,-7,8,568569,"[-1, -1, 2, 1, 1, 2, 2, 1, -2, -2, -2, -2, 1, -2, -1, -1, -1, 2, 1]"
1,dfs_bnb_mpi,2.72626,-8,9,782715,"[-1, -1, 2, 1, 1, 1, -2, 1, -2, -1, -2, -1, -2, -1, 2, -1, 2, 1, 1]"
2,dfs_bnb_mpi,1.15272,-7,8,355479,"[-1, -1, -1, 2, 1, 1, 2, 2, 1, -2, -2, 1, -2, 1, -2, -1, -1, -1, -1]"
3,dfs_bnb_mpi,0.224043,-6,7,51826,"[-1, -1, 2, 2, 2, 1, 1, -2, -1, -2, 1, 1, 2, 2, 2, -1, 2, 2, 2]"
4,dfs_bnb_mpi,0.270683,-4,5,79323,"[-1, -1, 2, 2, 2, 2, 1, 2, 2, -1, -2, -1, -2, -1, -2, 1, -2, -1, -1]"
5,dfs_bnb_mpi,0.096818,-7,8,29943,"[-1, -2, 1, 1, 1, -2, -1, -1, -2, 1, -2, 1, 1, 1, 2, 2, -1, -2, -1]"
6,dfs_bnb_mpi,1.51009,-7,8,411400,"[-1, -1, 2, 1, 2, 2, 1, 2, 1, -2, -2, -1, -2, 1, 1, -2, -1, -2, -1]"
7,dfs_bnb_mpi,0.116314,-7,8,33977,"[-1, -1, 2, 2, -1, -2, -2, -2, 1, 1, -2, 1, 2, 1, 2, 2, -1, -1, 2]"
8,dfs_bnb_mpi,1.11668,-8,9,322953,"[-1, -1, 2, -1, -2, -1, 2, -1, -2, -2, -1, -2, 1, -2, 1, 2, 1, 2, -1]"
9,dfs_bnb_mpi,4.42145,-7,8,1146954,"[-1, -1, 2, 2, 1, -2, 1, 2, 1, 2, 2, 1, -2, -2, -2, -1, -2, -2, -1]"
10,dfs_bnb_mpi,0.055707,-7,8,15478,"[-1, -1, 2, -1, -1, -2, 1, -2, 1, 1, -2, 1, 1, -2, -1, -1, -1, 2, -1]"
11,dfs_bnb_mpi,0.217886,-7,7,57455,"[-1, -1, 2, 1, 2, 1, 2, -1, 2, -1, -2, -2, -1, 2, -1, -2, -2, 1, -2]"
12,dfs_bnb_mpi,0.460481,-6,7,140479,"[-1, -1, 2, 2, -1, -1, -2, 1, -2, -2, -2, -1, 2, 2, -1, 2, 2, 2, 2]"
13,dfs_bnb_mpi,0.916431,-7,8,254871,"[-1, -1, 2, 2, 2, 2, 1, 2, 1, -2, 1, -2, -2, -1, 2, -1, -2, -2, 1]"
14,dfs_bnb_mpi,1.16493,-6,7,327554,"[-1, -1, 2, 2, 1, -2, 1, 1, 1, 2, 2, -1, -2, -1, 2, 2, 2, 1, -2]"
15,dfs_bnb_mpi,0.066532,-7,8,16520,"[-1, -1, 2, 1, 2, 1, -2, 1, -2, -2, -1, -1, -2, 1, 1, 1, 2, 2, 2]"
16,dfs_bnb_mpi,21.2908,-6,7,5159115,"[-1, -1, 2, 2, 2, 2, 2, 2, 2, 1, -2, -2, 1, 1, -2, -1, -1, -2, 1]"
17,dfs_bnb_mpi,2.46126,-7,8,734888,"[-1, -1, 2, 2, 2, -1, -2, -2, -2, -2, -1, 2, 2, -1, 2, 1, 2, 2, 1]"
18,dfs_bnb_mpi,0.022604,-7,7,6324,"[-1, -1, 2, -1, -1, -2, 1, -2, -1, -2, -1, 2, 2, -1, 2, 1, 2, 2, 2]"
19,dfs_bnb_mpi,6.86765,-7,8,2022771,"[-1, -1, 2, 2, 2, 1, 1, -2, -1, -2, 1, 1, 1, 2, 1, 2, -1, -1, -2]"
20,dfs_bnb_mpi,0.765684,-7,8,201580,"[-1, -2, 1, 1, 2, 1, -2, 1, 1, -2, -1, -1, -1, -2, -1, 2, -1, -2, -1]"
21,dfs_bnb_mpi,1.2376,-6,7,340282,"[-1, -1, 2, 2, 2, 2, -1, -1, -2, 1, -2, -1, -2, 1, -2, -1, -1, 2, 2]"
22,dfs_bnb_mpi,1.44252,-6,7,397158,"[-1, -1, 2, 1, 1, 2, 2, 1, -2, -2, 1, 1, -2, -1, -1, -2, -1, -1, -1]"
23,dfs_bnb_mpi,9.24637,-7,8,2372260,"[-1, -1, 2, 2, 2, 2, 1, 2, 2, -1, -1, 2, -1, -2, -2, -2, 1, 2, 1]"
24,dfs_bnb_mpi,2.36535,-7,8,608395,"[-1, -1, 2, 2, 2, 1, 1, 2, -1, 2, -1, -2, -1, -2, -1, -2, -2, 1, 2]"
25,dfs_bnb_mpi,17.73,-7,8,4101257,"[-1, -2, -1, 2, 2, -1, 2, 1, 2, 1, 2, 2, 1, -2, -2, -2, -1, -2, 1]"
26,dfs_bnb_mpi,2.43519,-7,8,747314,"[-1, -2, -2, -1, 2, -1, 2, 1, 2, 2, 1, -2, 1, 1, -2, -2, -1, -2, 1]"
27,dfs_bnb_mpi,23.0019,-6,7,5182998,"[-1, -1, 2, 2, 2, 2, 1, 1, 2, 2, 1, -2, -2, -2, -1, -1, -2, 1, 1]"
28,dfs_bnb_mpi,0.99081,-5,6,274749,"[-1, -1, 2, 2, 2, 2, 2, 1, 2, 2, 1, -2, -2, 1, -2, -1, -2, -1, 2]"
29,dfs_bnb_mpi,0.242938,-6,7,70346,"[-1, -1, 2, 2, 1, -2, 1, 1, 1, -2, -1, -2, -1, -1, -2, -1, 2, -1, 2]"
30,dfs_bnb_mpi,3.6786,-6,7,1039078,"[-1, -1, 2, 2, 1, 2, 1, 2, 1, 2, 2, -1, -2, -1, -2, -1, -2, -1, -2]"
31,dfs_bnb_mpi,0.934313,-7,8,275862,"[-1, -1, 2, -1, 2, 1, 2, 2, 1, -2, 1, 1, -2, -1, -1, -2, 1, 1, 1]"
32,dfs_bnb_mpi,0.058325,-8,9,17703,"[-1, -2, 1, 1, 2, 1, -2, 1, -2, -1, -2, -1, 2, -1, -1, -1, 2, 2, 2]"
33,dfs_bnb_mpi,0.281864,-8,9,84117,"[-1, -2, -1, -2, -1, -2, -1, 2, -1, 2, 2, 1, -2, 1, 2, 1, 2, 1, 2]"
34,dfs_bnb_mpi,0.455901,-7,8,133750,"[-1, -2, 1, 1, 1, 2, -1, 2, 1, 2, -1, -1, 2, -1, -2, -1, -2, 1, 1]"
35,dfs_bnb_mpi,0.044414,-8,9,13666,"[-1, -2, 1, 1, 2, 2, -1, -1, 2, 1, 2, 1, -2, 1, 1, -2, -1, -2, 1]"
36,dfs_bnb_mpi,0.078649,-7,8,19772,"[-1, -1, 2, 1, 2, 2, -1, -2, -1, -2, -2, -1, 2, 2, -1, 2, 1, 1, 2]"
37,dfs_bnb_mpi,0.562424,-8,9,172905,"[-1, -1, 2, 1, 2, 1, -2, 1, 2, 2, 2, -1, 2, -1, -2, -1, -2, 1, 1]"
38,dfs_bnb_mpi,5.09631,-7,8,1216776,"[-1, -1, 2, 1, 2, -1, 2, 2, 2, -1, -2, -2, -1, -2, 1, -2, -1, -1, 2]"
39,dfs_bnb_mpi,2.94127,-5,6,848776,"[-1, -1, 2, 2, 2, 1, 2, 2, 2, -1, -1, -2, -1, -2, -2, 1, 2, 1, 2]"
40,dfs_bnb_mpi,0.043026,-8,8,11320,"[-1, -1, 2, 2, -1, -2, -2, -2, 1, 1, 1, 1, -2, -1, -1, -2, -1, 2, -1]"
41,dfs_bnb_mpi,0.562316,-7,8,158311,"[-1, -1, 2, 2, 1, -2, 1, 1, -2, 1, 2, 2, -1, -1, 2, 1, 2, 1, -2]"
42,dfs_bnb_mpi,0.177841,-7,8,55768,"[-1, -1, 2, 1, 2, 1, -2, 1, 1, -2, -1, -2, 1, -2, -1, -1, 2, -1, -1]"
43,dfs_bnb_mpi,0.294506,-6,6,76415,"[-1, -1, 2, 2, 1, -2, 1, 2, 2, -1, -1, 2, -1, -2, -2, -1, -2, 1, -2]"
44,dfs_bnb_mpi,6.99405,-8,9,2018097,"[-1, -2, -1, -2, 1, 1, -2, 1, 2, 1, 1, 1, 2, -1, -1, 2, -1, -2, -1]"
45,dfs_bnb_mpi,3.56271,-5,6,798094,"[-1, -1, 2, 2, 2, 2, 2, 2, 2, 2, 1, -2, 1, -2, -1, -2, 1, 1, 2]"
46,dfs_bnb_mpi,1.23391,-7,8,349964,"[-1, -1, 2, 1, 2, 2, 2, 1, -2, -2, -2, 1, -2, -2, -1, -1, -1, -1, 2]"
47,dfs_bnb_mpi,2.58247,-7,8,779035,"[-1, -1, 2, -1, 2, 2, -1, -2, -1, -2, 1, -2, -1, -1, -2, 1, 1, 1, 2]"
48,dfs_bnb_mpi,1.03967,-7,7,303075,"[-1, -1, 2, 2, 1, -2, 1, 2, 1, 1, -2, -1, -2, -2, -1, -1, -2, -1, 2]"
49,dfs_bnb_mpi,7.19526,-7,8,2016998,"[-1, -1, 2, 2, 2, -1, -2, -1, -1, -2, -1, -2, 1, 1, -2, 1, 2, 2, -1]"
50,dfs_bnb_mpi,0.066019,-8,9,19064,"[-1, -1, 2, 1, 2, 1, -2, 1, -2, 1, -2, -1, -1, -1, -2, 1, 1, 1, 1]"
51,dfs_bnb_mpi,0.959828,-7,8,263351,"[-1, -1, 2, 1, 2, -1, -1, 2, -1, -2, -1, -2, -2, 1, 2, 1, -2, -2, 1]"
52,dfs_bnb_mpi,3.63931,-8,9,968225,"[-1, -2, 1, -2, 1, 2, 1, 1, 2, 2, -1, -2, -1, 2, 2, 1, 2, 1, -2]"
53,dfs_bnb_mpi,1.11257,-7,8,311433,"[-1, -1, 2, 2, -1, -1, 2, -1, 2, -1, -2, -1, -2, 1, 1, -2, 1, 1, -2]"
54,dfs_bnb_mpi,4.66852,-7,8,1166365,"[-1, -1, 2, 2, 2, 2, 1, 2, -1, 2, 1, 2, -1, -1, -2, -2, -1, -2, 1]"
55,dfs_bnb_mpi,0.091818,-8,9,23702,"[-1, -1, 2, -1, -2, -1, -1, -2, 1, -2, 1, 2, 1, 1, -2, -1, -2, -1, -1]"
56,dfs_bnb_mpi,0.54189,-8,9,163615,"[-1, -1, -1, 2, 2, 2, 1, -2, -2, 1, 1, 2, 1, 2, -1, 2, -1, -2, -2]"
57,dfs_bnb_mpi,0.307003,-7,8,84872,"[-1, -1, 2, -1, -2, -2, 1, 1, -2, -1, -2, -1, 2, -1, 2, -1, -2, -2, 1]"
58,dfs_bnb_mpi,0.618785,-8,8,183753,"[-1, -1, 2, 2, 2, 1, 2, 1, 2, 1, -2, -2, -2, -2, -1, -1, 2, 1, 2]"
59,dfs_bnb_mpi,1.22392,-8,9,300773,"[-1, -1, 2, 2, -1, 2, 1, 2, 1, -2, 1, -2, -1, -2, 1, 1, -2, -2, -1]"
60,dfs_bnb_mpi,0.002282,-3,4,548,"[-1, -1, 2, 2, 2, 2, 2, 2, 2, 2, 2, 2, 1, -2, 1, -2, -2, -1, 2]"
61,dfs_bnb_mpi,0.431495,-7,8,103268,"[-1, -1, 2, 1, 2, 2, 1, 2, 1, -2, -2, -1, -2, 1, 1, -2, -1, -2, 1]"
62,dfs_bnb_mpi,6.05168,-7,8,1793962,"[-1, -1, 2, 2, 2, 1, 2, 2, 1, -2, 1, -2, -2, -2, -1, -1, 2, 1, 2]"
63,dfs_bnb_mpi,3.21849,-7,8,793151,"[-1, -1, 2, 1, 2, -1, 2, 2, -1, -2, -1, -2, -1, -2, 1, -2, 1, 2, 2]"
64,dfs_bnb_mpi,4.11384,-7,8,1097502,"[-1, -1, 2, 2, 1, -2, 1, 2, 2, 1, -2, 1, 1, -2, -1, -1, -2, -2, -1]"
65,dfs_bnb_mpi,2.60675,-7,8,765680,"[-1, -1, 2, 1, 2, 1, -2, 1, 2, 2, 1, -2, -2, -2, -1, -2, -1, -1, -1]"
66,dfs_bnb_mpi,10.5894,-6,7,2496183,"[-1, -1, 2, 2, 2, 2, 2, -1, -2, -2, -2, -1, -1, -2, 1, 1, -2, -1, -1]"
67,dfs_bnb_mpi,0.459013,-8,9,139486,"[-1, -2, 1, -2, 1, 2, 1, 2, -1, 2, 1, 2, 2, 2, -1, -2, -2, -1, -2]"
68,dfs_bnb_mpi,1.20159,-6,7,290993,"[-1, -1, 2, 2, 2, -1, -2, -2, -2, -1, -2, -2, 1, 2, 1, 1, -2, -1, -2]"
69,dfs_bnb_mpi,0.035066,-7,8,10155,"[-1, -1, 2, -1, -1, -2, 1, -2, 1, 1, 1, 1, 2, 2, -1, -1, 2, 2, 2]"
70,dfs_bnb_mpi,13.383,-7,8,3281411,"[-1, -1, -1, 2, 2, -1, -1, 2, 1, 1, 2, 1, -2, -2, -2, 1, 2, 2, 2]"
71,dfs_bnb_mpi,1.59733,-7,8,415650,"[-1, -1, 2, 2, 2, 1, 2, 2, -1, -2, -1, -2, -1, -2, 1, -2, -1, -1, 2]"
72,dfs_bnb_mpi,0.111441,-7,7,30036,"[-1, -1, 2, 2, 2, -1, -1, -2, 1, -2, -2, -1, -2, 1, -2, 1, 2, 1, 1]"
73,dfs_bnb_mpi,0.93944,-7,8,263007,"[-1, -1, 2, 2, -1, -1, 2, 1, 1, 2, 1, -2, 1, -2, -1, -2, 1, 1, 2]"
74,dfs_bnb_mpi,0.207851,-6,7,60068,"[-1, -1, 2, 2, 2, -1, 2, -1, -2, -2, 1, -2, -1, -1, -2, 1, 1, -2, 1]"
75,dfs_bnb_mpi,0.107639,-7,8,30569,"[-1, -1, 2, 1, 1, 1, 2, 1, -2, -2, -1, -2, -1, -1, -1, -1, 2, 2, 2]"
76,dfs_bnb_mpi,0.598197,-6,6,160359,"[-1, -1, 2, -1, 2, -1, -2, -1, 2, -1, -2, -2, 1, 1, 1, -2, 1, 1, 1]"
77,dfs_bnb_mpi,0.321156,-7,8,95669,"[-1, -1, 2, 1, 2, 2, 1, 1, -2, -1, -2, 1, -2, -2, -1, -1, -2, -1, 2]"
78,dfs_bnb_mpi,0.522524,-8,9,147321,"[-1, -2, -2, 1, 2, 1, -2, 1, 1, 2, -1, 2, -1, 2, -1, 2, -1, -2, -1]"
79,dfs_bnb_mpi,0.47482,-4,5,115998,"[-1, -1, 2, 2, 2, 2, 2, 1, 2, -1, 2, -1, -2, -1, -2, 1, -2, -1, -1]"
80,dfs_bnb_mpi,1.35016,-8,9,395624,"[-1, -1, 2, 1, 1, 2, 1, -2, 1, -2, 1, 2, 1, -2, -2, -1, -1, -1, 2]"
81,dfs_bnb_mpi,0.422364,-7,8,106639,"[-1, -1, 2, 1, 1, 2, -1, -1, 2, 2, 1, -2, 1, 1, 1, -2, -1, -2, 1]"
82,dfs_bnb_mpi,0.218653,-8,8,60914,"[-1, -1, 2, 2, 2, 1, -2, -2, 1, 2, 1, -2, 1, -2, -1, -2, -1, -1, -1]"
83,dfs_bnb_mpi,0.193531,-7,8,58917,"[-1, -1, 2, 1, 1, 2, -1, 2, 2, -1, -1, -2, 1, -2, -1, -1, -2, 1, -2]"
84,dfs_bnb_mpi,4.40973,-8,9,1275006,"[-1, -1, 2, 2, -1, -2, -2, -1, -1, -2, -2, 1, -2, 1, 2, 1, 2, -1, -1]"
85,dfs_bnb_mpi,1.2601,-8,9,393306,"[-1, -2, -2, -1, 2, 2, 2, 1, 2, 1, -2, 1, 2, 1, -2, -2, -1, -2, -1]"
86,dfs_bnb_mpi,5.61478,-8,9,1678375,"[-1, -2, 1, -2, -2, 1, 2, 1, 1, 2, 1, 2, -1, -1, 2, -1, -2, -2, 1]"
87,dfs_bnb_mpi,4.40694,-8,9,1224261,"[-1, -2, -1, 2, 2, 1, 2, 2, 1, 1, 1, -2, -2, -2, -1, 2, 2, -1, -2]"
88,dfs_bnb_mpi,0.276045,-8,9,82554,"[-1, -2, -1, -1, 2, 1, 2, 2, 1, -2, 1, 1, 2, 1, -2, -2, -1, -2, -1]"
89,dfs_bnb_mpi,1.23412,-7,7,356849,"[-1, -1, 2, 2, 2, -1, 2, -1, -2, -2, 1, -2, -2, -1, -2, -2, 1, 2, 1]"
90,dfs_bnb_mpi,1.33515,-7,8,395356,"[-1, -1, 2, 2, 2, 2, 1, -2, -2, -2, 1, 2, 2, 1, 1, -2, -2, -1, 2]"
91,dfs_bnb_mpi,3.75515,-7,8,1035086,"[-1, -2, -1, -2, 1, -2, 1, 2, 2, 1, 2, 2, 2, -1, -2, -1, -1, -2, -1]"
92,dfs_bnb_mpi,0.251083,-7,7,77113,"[-1, -1, 2, 1, 2, -1, 2, -1, -2, -1, 2, -1, -2, -2, 1, 1, -2, -1, -1]"
93,dfs_bnb_mpi,0.713736,-7,8,197990,"[-1, -1, 2, -1, -2, -1, 2, -1, -2, -2, 1, 1, -2, 1, 2, 1, 1, -2, -1]"
94,dfs_bnb_mpi,7.57194,-6,7,2057003,"[-1, -1, 2, 2, -1, 2, -1, 2, -1, -2, -2, 1, -2, 1, -2, -1, -1, -2, 1]"
95,dfs_bnb_mpi,1.52609,-7,8,402738,"[-1, -2, 1, 1, 1, 2, 2, 2, -1, 2, 2, -1, -2, -2, -1, -2, 1, 1, -2]"
96,dfs_bnb_mpi,1.06109,-8,9,323749,"[-1, -2, -1, 2, -1, 2, 2, 2, 1, -2, 1, 2, 1, -2, 1, -2, -1, -1, -1]"
97,dfs_bnb_mpi,0.407134,-7,8,116678,"[-1, -1, 2, 1, 2, 2, 1, 2, 1, -2, 1, -2, -1, -1, -2, 1, 1, 1, 2]"
98,dfs_bnb_mpi,0.081893,-8,9,24459,"[-1, -2, 1, 1, 2, 2, 1, -2, -2, 1, -2, -1, -2, -2, -1, 2, 2, -1, -1]"
99,dfs_bnb_mpi,5.05889,-7,7,1546342,"[-1, -1, 2, 2, 2, 1, -2, -2, 1, 1, -2, -2, -1, -2, -2, -1, 2, 2, -1]"
100,dfs_bnb_mpi,0.04725,-7,8,13680,"[-1, -2, -1, 2, 2, 1, 2, -1, -1, -2, -2, -1, 2, -1, -2, -2, 1, 1, -2]"
101,dfs_bnb_mpi,1.8732,-7,8,455757,"[-1, -1, 2, 2, -1, -2, -2, -2, -1, -2, -2, 1, 2, 1, 2, 1, -2, -2, -1]"
102,dfs_bnb_mpi,0.008427,-7,8,2166,"[-1, -1, 2, 2, 2, 2, 1, -2, -2, -2, 1, 1, 2, -1, 2, 2, 2, 2, 2]"
103,dfs_bnb_mpi,0.358144,-8,9,86183,"[-1, -2, -1, 2, 2, 1, 1, 1, 1, -2, -1, -2, 1, -2, -2, -1, 2, -1, 2]"
104,dfs_bnb_mpi,0.41259,-7,8,100439,"[-1, -1, 2, 2, 1, 2, -1, 2, -1, -1, -2, 1, -2, -1, -2, 1, -2, -1, -1]"
105,dfs_bnb_mpi,0.702356,-7,8,199945,"[-1, -1, -1, 2, -1, 2, 1, 1, -2, 1, 1, 2, -1, 2, -1, -1, 2, 2, 2]"
106,dfs_bnb_mpi,5.34432,-6,7,1632824,"[-1, -1, 2, 1, 2, 2, -1, 2, 2, 1, -2, 1, -2, 1, 1, -2, -1, -1, -2]"
107,dfs_bnb_mpi,4.45064,-5,6,1195809,"[-1, -1, 2, 2, 2, 1, -2, -2, 1, 1, 2, -1, 2, 1, 2, 2, 1, -2, -2]"
108,dfs_bnb_mpi,0.110017,-7,8,32052,"[-1, -1, 2, 2, 2, 1, -2, -2, 1, 2, 1, 2, -1, 2, 2, -1, -2, -1, 2]"
109,dfs_bnb_mpi,0.315004,-7,8,74230,"[-1, -1, 2, 2, -1, 2, -1, -2, -1, -1, -2, 1, 1, 1, -2, -1, -1, -1, -1]"
110,dfs_bnb_mpi,2.15998,-8,9,601105,"[-1, -2, 1, 1, 2, 1, 2, -1, 2, 2, -1, -1, -1, -2, 1, 1, -2, -1, -1]"
111,dfs_bnb_mpi,0.809699,-6,6,229596,"[-1, -2, 1, 1, 2, 1, 2, 2, -1, -2, -1, -1, -1, -2, -2, -2, 1, 1, 1]"
112,dfs_bnb_mpi,2.85087,-7,8,731548,"[-1, -1, 2, -1, 2, -1, -2, -1, 2, -1, -2, -2, 1, -2, 1, 2, 1, -2, 1]"
113,dfs_bnb_mpi,0.292806,-7,7,71182,"[-1, -1, 2, 2, 2, 2, -1, -2, -1, -2, 1, -2, -1, -1, -2, 1, -2, 1, 2]"
114,dfs_bnb_mpi,0.113284,-7,8,32149,"[-1, -2, 1, 1, 1, -2, -1, -1, -1, -1, 2, -1, -1, 2, 1, 1, 2, 1, 2]"
115,dfs_bnb_mpi,6.28688,-7,8,1675283,"[-1, -2, 1, 1, 2, 2, 2, 2, -1, -2, -2, -1, 2, -1, -1, -2, -2, 1, 2]"
116,dfs_bnb_mpi,0.804081,-7,8,203317,"[-1, -1, -1, 2, 2, 1, -2, 1, 2, 2, 1, 1, -2, -1, -2, 1, 1, -2, -1]"
117,dfs_bnb_mpi,0.045419,-7,8,11557,"[-1, -1, 2, -1, -2, -2, -1, 2, -1, -2, -2, 1, 1, -2, 1, 2, 2, 1, 1]"
118,dfs_bnb_mpi,2.14881,-8,9,635000,"[-1, -2, 1, -2, 1, 2, 2, 2, 2, 1, -2, 1, 1, -2, -2, -1, 2, -1, -2]"
119,dfs_bnb_mpi,1.09004,-8,9,262383,"[-1, -2, -1, -2, -1, -2, 1, -2, 1, 1, 1, 2, -1, -1, 2, 1, 2, 1, 2]"
120,dfs_bnb_mpi,3.73442,-7,8,891087,"[-1, -1, 2, 2, 2, 2, 2, 2, 1, -2, 1, 1, -2, -1, -1, -2, 1, -2, -1]"
121,dfs_bnb_mpi,0.325357,-7,8,81597,"[-1, -1, 2, 2, 2, 2, -1, -2, -1, -2, 1, -2, -2, -1, 2, -1, -1, 2, 1]"
122,dfs_bnb_mpi,0.270414,-7,8,75109,"[-1, -1, 2, 2, -1, 2, 2, 2, 1, -2, -2, 1, 1, -2, -1, -2, 1, 1, 2]"
123,dfs_bnb_mpi,0.383533,-7,8,95892,"[-1, -1, 2, 2, 1, -2, 1, 2, 2, 1, 1, -2, -1, -2, 1, -2, -1, -2, 1]"
124,dfs_bnb_mpi,0.203289,-7,7,57133,"[-1, -1, 2, -1, -2, -2, 1, 1, 1, -2, 1, 1, -2, -1, -1, -1, 2, -1, -1]"
125,dfs_bnb_mpi,1.75743,-7,8,429865,"[-1, -1, 2, 2, 2, 2, 2, -1, -2, -2, -1, -1, -2, 1, -2, -2, 1, 2, 2]"
126,dfs_bnb_mpi,1.0437,-7,8,305440,"[-1, -1, 2, -1, -2, -1, -2, 1, 1, 1, 1, 1, -2, -1, -1, -2, -1, 2, -1]"
127,dfs_bnb_mpi,0.055199,-8,9,16236,"[-1, -1, 2, 2, 2, 1, -2, -2, 1, 2, 1, 2, 1, 2, -1, 2, -1, -2, -2]"
128,dfs_bnb_mpi,4.70336,-7,7,1182097,"[-1, -1, 2, 2, 2, 1, 1, 1, 1, 1, -2, -1, -1, -1, -2, 1, 1, -2, -1]"
129,dfs_bnb_mpi,0.841038,-8,9,237370,"[-1, -2, -1, 2, -1, 2, 1, 2, -1, 2, 1, 2, 1, -2, -2, -2, 1, 2, 2]"
130,dfs_bnb_mpi,4.96299,-7,8,1277857,"[-1, -1, 2, 2, 2, -1, -2, -2, -1, -1, -1, -2, -2, 1, 1, 1, 2, -1, -1]"
131,dfs_bnb_mpi,0.073875,-8,9,20717,"[-1, -1, 2, 2, -1, -2, -1, -2, 1, -2, 1, -2, -1, -2, -1, 2, -1, 2, 1]"
132,dfs_bnb_mpi,18.0899,-5,6,5308268,"[-1, -1, 2, 2, 2, 2, 2, 2, 1, -2, 1, -2, 1, 1, -2, -1, -1, -1, 2]"
133,dfs_bnb_mpi,0.596517,-7,7,169452,"[-1, -1, 2, 1, 2, -1, 2, -1, -2, -2, -1, -1, 2, 1, 2, 2, 2, 1, -2]"
134,dfs_bnb_mpi,0.479521,-8,9,130171,"[-1, -1, 2, -1, -1, -2, 1, -2, -1, -2, 1, 1, 2, 1, 1, -2, -2, -1, 2]"
135,dfs_bnb_mpi,2.72201,-7,8,730403,"[-1, -1, 2, 1, 2, -1, 2, 2, -1, -2, -1, -1, -2, -2, 1, 2, 1, -2, -2]"
136,dfs_bnb_mpi,0.568873,-6,7,150821,"[-1, -1, -1, 2, 2, -1, 2, 1, 2, 1, -2, -2, -2, 1, 2, 2, 2, 2, 2]"
137,dfs_bnb_mpi,1.33347,-8,9,322854,"[-1, -1, 2, -1, 2, 2, -1, 2, -1, -2, -1, -2, 1, 1, -2, -1, -2, 1, 1]"
138,dfs_bnb_mpi,5.76404,-7,8,1594833,"[-1, -2, 1, 1, 1, 2, 2, 1, -2, 1, 2, 2, -1, -1, -1, -1, -2, 1, -2]"
139,dfs_bnb_mpi,4.37798,-8,9,1257280,"[-1, -1, 2, 1, 2, 1, -2, 1, -2, 1, 1, -2, -1, -1, -1, -2, -1, 2, -1]"
140,dfs_bnb_mpi,0.362468,-8,9,96550,"[-1, -1, 2, 1, 1, 1, -2, -2, -1, -1, -1, -2, -1, 2, -1, 2, 2, 1, -2]"
141,dfs_bnb_mpi,3.43734,-7,8,933198,"[-1, -2, 1, 1, 2, 1, -2, -2, 1, 1, -2, -1, -2, -1, 2, -1, 2, -1, -1]"
142,dfs_bnb_mpi,2.99297,-7,8,802297,"[-1, -1, 2, 2, -1, 2, 1, 2, 2, 2, 1, -2, -2, -2, 1, -2, -2, -1, 2]"
143,dfs_bnb_mpi,5.79774,-7,8,1344294,"[-1, -1, 2, 2, 2, 2, 1, 2, -1, -1, -2, -1, 2, 2, 2, 1, 1, -2, -1]"
144,dfs_bnb_mpi,0.028138,-8,9,8135,"[-1, -2, -1, -2, -1, -2, -1, 2, 2, 1, 2, 1, 2, 1, 2, 1, -2, 1, 2]"
145,dfs_bnb_mpi,0.200357,-8,9,59486,"[-1, -1, 2, -1, 2, 1, 1, -2, 1, 1, 2, -1, 2, -1, 2, -1, -1, -2, 1]"
146,dfs_bnb_mpi,3.15081,-4,5,939481,"[-1, -1, 2, 2, 2, 2, 1, 1, 2, 2, 1, -2, -2, 1, -2, -1, -1, -1, -2]"
147,dfs_bnb_mpi,0.026193,-8,9,7317,"[-1, -1, 2, 1, 2, 1, -2, 1, -2, 1, -2, -1, -1, -2, -2, -1, 2, 2, -1]"
148,dfs_bnb_mpi,0.461199,-8,9,108217,"[-1, -1, 2, 1, 2, 2, 1, 1, 1, -2, -1, -1, -2, 1, 1, -2, -2, -1, 2]"
149,dfs_bnb_mpi,17.7326,-7,8,4314022,"[-1, -2, 1, -2, -1, -1, -2, 1, 1, 1, 1, 2, 2, 2, 2, -1, -2, -2, -2]"
150,dfs_bnb_mpi,0.414262,-6,7,125321,"[-1, -1, 2, 1, 1, 2, 2, 1, -2, 1, 1, -2, -2, -1, 2, -1, -2, -2, 1]"
151,dfs_bnb_mpi,4.92033,-7,8,1140220,"[-1, -2, -1, -2, 1, -2, 1, 1, 1, -2, 1, 2, 2, -1, -1, -1, 2, 1, 2]"
152,dfs_bnb_mpi,0.04422,-8,9,11357,"[-1, -1, 2, 1, 2, -1, 2, 1, 1, -2, -2, 1, 2, 1, 2, -1, 2, -1, 2]"
153,dfs_bnb_mpi,5.02098,-7,8,1356235,"[-1, -2, -1, 2, 2, 1, 1, 2, 2, 2, 1, -2, -2, 1, -2, -1, -2, -2, -1]"
154,dfs_bnb_mpi,1.51678,-7,8,432299,"[-1, -1, 2, 2, 2, 1, 2, 1, 2, 1, 2, 1, -2, -2, -1, -2, -1, -2, -1]"
155,dfs_bnb_mpi,3.45106,-6,7,952084,"[-1, -1, 2, 2, 2, 1, 2, 2, -1, -2, -1, 2, -1, -2, -1, -2, 1, 1, -2]"
156,dfs_bnb_mpi,0.305649,-5,6,88977,"[-1, -1, 2, 2, 2, 1, -2, -2, 1, 1, -2, -2, -1, -1, -2, -1, -1, 2, 1]"
157,dfs_bnb_mpi,7.44663,-6,7,2020560,"[-1, -1, 2, 2, 2, 2, 1, 1, 2, 1, -2, -2, -1, -1, -2, 1, 1, 1, 2]"
158,dfs_bnb_mpi,0.710083,-7,8,180983,"[-1, -1, 2, 2, 2, -1, -2, -2, -2, -1, -1, 2, 1, 2, 2, -1, -2, -1, -2]"
159,dfs_bnb_mpi,0.360602,-9,10,105053,"[-1, -2, -1, -2, 1, -2, -1, -2, 1, -2, 1, 2, 1, 2, -1, 2, 1, 2, -1]"
160,dfs_bnb_mpi,0.355008,-8,9,107836,"[-1, -1, 2, 2, 1, -2, 1, 1, -2, 1, 1, -2, -1, -1, -1, -1, -2, 1, 1]"
161,dfs_bnb_mpi,0.022858,-7,8,7050,"[-1, -1, 2, 1, 2, 2, 1, 2, -1, 2, -1, -2, -1, -2, 1, -2, -1, -1, 2]"
162,dfs_bnb_mpi,0.589312,-8,9,159322,"[-1, -1, 2, -1, -2, -1, -2, 1, -2, 1, 2, 1, -2, 1, -2, -1, -2, -1, 2]"
163,dfs_bnb_mpi,1.76301,-7,8,487747,"[-1, -1, 2, 2, 2, 2, 1, 2, -1, -1, -1, -1, -2, 1, -2, -2, 1, 2, 2]"
164,dfs_bnb_mpi,9.32343,-7,7,2590240,"[-1, -1, 2, 2, 2, 1, 2, 2, 2, 1, -2, -2, -2, 1, -2, -1, -1, -2, 1]"
165,dfs_bnb_mpi,3.96343,-7,7,1081856,"[-1, -1, 2, 1, 2, 1, 2, 2, 2, 2, 2, 1, -2, -2, -2, -2, -2, -2, -1]"
166,dfs_bnb_mpi,0.014705,-8,9,4378,"[-1, -1, 2, 1, 2, 2, 1, 1, -2, -1, -2, 1, -2, -2, -1, -2, -1, 2, -1]"
167,dfs_bnb_mpi,6.98268,-7,8,2131405,"[-1, -1, 2, 1, 2, 2, 1, -2, 1, 1, -2, 1, 1, -2, -1, -1, -1, 2, -1]"
168,dfs_bnb_mpi,0.896185,-6,7,274052,"[-1, -1, 2, 2, -1, -2, -1, 2, -1, -2, -1, -1, -2, 1, 1, 1, 1, -2, 1]"
169,dfs_bnb_mpi,0.415042,-7,8,128710,"[-1, -1, 2, 2, 2, 1, -2, -2, 1, 1, -2, -2, -1, -1, -2, -1, -1, 2, 1]"
170,dfs_bnb_mpi,0.407053,-7,8,110059,"[-1, -1, 2, 2, -1, 2, -1, -2, -2, 1, -2, -2, -1, 2, -1, -2, -2, 1, 1]"
171,dfs_bnb_mpi,0.032053,-6,7,8705,"[-1, -1, 2, 2, 2, 1, 1, -2, -1, -2, 1, 1, 2, 2, 2, 2, 2, 2, 2]"
172,dfs_bnb_mpi,0.681937,-7,8,199572,"[-1, -1, 2, 2, 2, -1, -2, -1, 2, -1, -2, -1, -2, -2, 1, 2, 1, 1, -2]"
173,dfs_bnb_mpi,0.018817,-8,8,5266,"[-1, -2, 1, 1, 2, 2, 1, 1, -2, -1, -2, 1, -2, -1, -2, -1, 2, -1, -1]"
174,dfs_bnb_mpi,0.283471,-6,7,75039,"[-1, -1, 2, -1, 2, 2, 1, -2, 1, -2, 1, 2, 1, 2, 2, -1, -2, -1, 2]"
175,dfs_bnb_mpi,4.34275,-8,9,1026945,"[-1, -2, -1, 2, -1, 2, 1, 2, 2, 2, 1, -2, 1, -2, -1, -2, 1, 1, 2]"
176,dfs_bnb_mpi,2.21213,-8,9,670043,"[-1, -2, 1, 1, -2, 1, -2, 1, 2, 1, 2, -1, 2, 2, -1, -1, -2, 1, -2]"
177,dfs_bnb_mpi,1.09027,-6,7,306342,"[-1, -1, 2, 2, 1, 2, -1, 2, -1, -1, 2, -1, -2, -2, 1, 1, -2, -1, -1]"
178,dfs_bnb_mpi,12.7089,-7,8,2881714,"[-1, -1, 2, 2, -1, 2, 2, -1, -2, -2, -1, -1, -2, 1, 1, 1, -2, -1, -1]"
179,dfs_bnb_mpi,0.139965,-9,10,41362,"[-1, -2, -1, 2, -1, 2, 1, 1, 2, 1, -2, 1, -2, 1, -2, -1, -2, -1, 2]"
180,dfs_bnb_mpi,1.98016,-6,7,573953,"[-1, -1, 2, 2, 2, 2, 1, 1, -2, -1, -2, -2, 1, 2, 1, 2, 2, 2, -1]"
181,dfs_bnb_mpi,0.637622,-7,7,174707,"[-1, -1, 2, 1, 2, 1, -2, 1, 1, -2, -1, -2, -1, -1, -1, -1, -1, 2, 1]"
182,dfs_bnb_mpi,0.030271,-7,8,9465,"[-1, -2, 1, 1, 1, 2, -1, 2, -1, 2, 2, -1, -2, -2, -1, -1, -2, 1, -2]"
183,dfs_bnb_mpi,0.150722,-8,8,43828,"[-1, -2, 1, 1, -2, -2, -1, 2, -1, -2, -2, -1, 2, 2, -1, 2, 2, 1, -2]"
184,dfs_bnb_mpi,0.118793,-6,7,30997,"[-1, -1, 2, 2, -1, 2, -1, -2, -2, 1, -2, -1, -1, -2, 1, 1, 1, 1, 1]"
185,dfs_bnb_mpi,0.128101,-8,9,34933,"[-1, -2, 1, -2, 1, 2, 2, 2, 1, -2, 1, 2, 1, 2, -1, 2, -1, -2, -1]"
186,dfs_bnb_mpi,6.28267,-4,5,1415831,"[-1, -1, 2, 2, 2, 2, 2, 2, 2, 2, 2, 2, 1, -2, -2, -2, -2, 1, 2]"
187,dfs_bnb_mpi,0.012433,-7,8,2947,"[-1, -2, 1, 1, 2, 2, -1, 2, 1, 1, -2, 1, -2, -1, -2, 1, 1, 2, 2]"
188,dfs_bnb_mpi,0.059838,-7,8,17889,"[-1, -1, 2, 1, 2, 2, 2, 2, 1, -2, 1, -2, -1, -2, -2, 1, 2, 1, 2]"
189,dfs_bnb_mpi,0.027473,-8,9,7780,"[-1, -2, -2, 1, 2, 1, 2, 2, -1, 2, -1, -2, -1, -2, -2, -1, 2, 2, 2]"
190,dfs_bnb_mpi,1.28484,-7,8,382041,"[-1, -2, -1, -2, 1, 1, 2, 1, 1, 2, -1, 2, 2, 2, -1, -2, -2, -1, 2]"
191,dfs_bnb_mpi,0.404818,-8,9,107533,"[-1, -2, -1, 2, -1, 2, 1, 1, 1, 2, -1, 2, -1, -2, -1, 2, 2, 1, 2]"
192,dfs_bnb_mpi,9.1954,-6,7,2087175,"[-1, -1, 2, 1, 2, 2, 2, 2, 1, 1, -2, 1, -2, -1, -1, -2, 1, -2, -1]"
193,dfs_bnb_mpi,2.494,-6,7,636152,"[-1, -2, -1, -2, 1, -2, -2, 1, 1, 2, 1, 1, 2, -1, -1, 2, -1, -2, -2]"
194,dfs_bnb_mpi,1.7149,-7,8,513550,"[-1, -1, 2, 2, -1, -2, -1, -2, 1, -2, 1, 1, -2, 1, 2, 1, 2, 2, -1]"
195,dfs_bnb_mpi,0.076729,-8,8,20572,"[-1, -1, 2, -1, 2, 1, 2, 1, -2, -2, 1, 1, 2, -1, 2, 2, -1, 2, 2]"
196,dfs_bnb_mpi,1.25431,-7,8,353288,"[-1, -1, 2, -1, 2, 2, -1, -2, -2, -2, 1, -2, -1, -1, -1, 2, 2, 1, -2]"
197,dfs_bnb_mpi,2.35241,-8,9,726276,"[-1, -2, -1, -2, 1, 1, 2, 1, -2, -2, -1, -2, -2, -1, -1, 2, 1, 2, -1]"
198,dfs_bnb_mpi,1.44468,-6,7,339841,"[-1, -1, 2, 2, -1, 2, 1, 1, 2, 1, -2, -2, -1, -2, 1, 1, 1, 2, -1]"
199,dfs_bnb_mpi,0.755355,-7,8,181374,"[-1, -1, 2, 2, 2, 2, 1, 1, 2, 1, -2, -2, -1, -1, -2, 1, -2, 1, 2]"
200,dfs_bnb_mpi,3.38457,-6,7,971934,"[-1, -1, -1, 2, 1, 1, 1, 1, 2, 2, 2, -1, -1, -2, 1, -2, -1, -1, 2]"
201,dfs_bnb_mpi,3.04725,-8,9,830031,"[-1, -1, 2, -1, 2, -1, 2, -1, -2, -1, -2, 1, 1, -2, 1, -2, -2, 1, 2]"
202,dfs_bnb_mpi,0.076344,-7,8,22520,"[-1, -1, 2, 2, -1, -1, -2, 1, -2, -1, -1, -2, 1, 1, -2, 1, 2, 1, 1]"
203,dfs_bnb_mpi,0.511036,-7,8,132692,"[-1, -1, 2, 1, 2, 2, 1, 1, 2, 1, 1, -2, -1, -2, -1, -1, -2, 1, 1]"
204,dfs_bnb_mpi,2.3633,-7,8,716106,"[-1, -1, 2, 2, 1, 2, -1, 2, -1, -2, -1, -1, -2, -2, 1, 2, 1, -2, -2]"
205,dfs_bnb_mpi,0.994055,-8,9,313929,"[-1, -1, 2, 1, 1, 2, 1, -2, -2, 1, 2, 2, 2, -1, -1, 2, -1, -2, -2]"
206,dfs_bnb_mpi,9.24877,-7,8,2775989,"[-1, -1, 2, -1, 2, -1, -2, -2, -1, -1, -2, 1, 1, -2, 1, 1, 2, -1, 2]"
207,dfs_bnb_mpi,0.144299,-7,8,44260,"[-1, -1, 2, -1, -2, -1, -2, 1, 1, 1, -2, -2, -2, -1, -1, 2, 2, 1, -2]"
208,dfs_bnb_mpi,0.10225,-5,6,23860,"[-1, -1, 2, 2, 2, 1, 2, 1, -2, -2, -1, -2, 1, 1, 2, 2, 2, 2, 2]"
209,dfs_bnb_mpi,1.31552,-6,7,376070,"[-1, -1, 2, 2, 2, 2, -1, -2, -1, -2, 1, -2, -2, -1, -2, -2, 1, 2, 1]"
210,dfs_bnb_mpi,21.8267,-6,7,5279343,"[-1, -1, 2, 1, 1, 1, 2, 2, 2, -1, -2, -2, -1, 2, -1, -2, -1, -2, -2]"
211,dfs_bnb_mpi,1.04907,-8,9,309946,"[-1, -1, 2, 1, 2, 2, 1, -2, -2, 1, -2, 1, -2, 1, -2, -1, -1, 2, -1]"
212,dfs_bnb_mpi,0.807462,-8,9,243802,"[-1, -2, 1, 1, 2, 2, 1, -2, 1, -2, -1, -2, -2, -1, 2, -1, -1, -2, 1]"
213,dfs_bnb_mpi,9.49756,-6,7,2194474,"[-1, -1, 2, 2, 2, 2, 2, 1, 2, 1, -2, 1, -2, -1, -1, -2, 1, -2, -1]"
214,dfs_bnb_mpi,13.4382,-5,5,3250822,"[-1, -1, 2, 2, 2, 2, 2, 1, -2, -2, 1, 1, 1, 2, -1, -1, 2, 2, -1]"
215,dfs_bnb_mpi,0.158745,-8,9,48790,"[-1, -1, 2, 1, 2, -1, -1, -2, -1, -1, -1, 2, 1, 1, 2, 1, 2, 1, -2]"
216,dfs_bnb_mpi,3.66315,-8,9,1065557,"[-1, -2, -1, 2, 2, 1, 1, 1, 2, 1, -2, -2, -2, -2, -1, -1, 2, 1, 2]"
217,dfs_bnb_mpi,1.73244,-7,8,482854,"[-1, -1, 2, 2, 2, 2, 1, 1, 2, 2, -1, -2, -1, -1, -2, -1, -2, 1, -2]"
218,dfs_bnb_mpi,0.865026,-7,8,250926,"[-1, -1, 2, 1, 2, -1, -1, -2, -1, -1, -2, 1, 1, -2, -2, 1, 1, 2, -1]"
219,dfs_bnb_mpi,3.80504,-7,8,1024962,"[-1, -1, 2, 1, 1, 2, 2, 2, 1, 1, -2, -1, -2, -2, 1, 2, 1, 2, 2]"
220,dfs_bnb_mpi,0.035495,-7,7,9334,"[-1, -1, 2, 2, -1, -2, -2, -1, 2, 2, 2, -1, -2, -1, -2, 1, -2, -1, -1]"
221,dfs_bnb_mpi,1.74567,-6,7,410173,"[-1, -1, 2, 2, 2, 2, 2, 2, 1, -2, -2, 1, -2, -1, -2, -2, 1, 2, 1]"
222,dfs_bnb_mpi,5.70119,-7,8,1542678,"[-1, -2, -1, 2, 2, 1, 2, 2, 2, 2, -1, -2, -2, -2, -1, -2, -1, -2, 1]"
223,dfs_bnb_mpi,0.186923,-7,7,55174,"[-1, -1, 2, 2, -1, -1, -2, 1, -2, -2, -1, 2, -1, -1, -1, 2, 1, 1, 2]"
224,dfs_bnb_mpi,5.13405,-8,9,1476345,"[-1, -2, -2, -1, 2, 2, -1, 2, -1, 2, 1, 1, 2, 1, -2, 1, -2, -1, -1]"
225,dfs_bnb_mpi,2.7134,-7,8,735440,"[-1, -1, 2, 2, 2, -1, -1, -2, 1, -2, -1, -2, -1, -1, 2, 1, 2, -1, 2]"
226,dfs_bnb_mpi,0.970969,-6,7,280653,"[-1, -1, 2, 2, 2, -1, 2, 1, 2, 1, -2, 1, -2, -1, -2, -2, 1, 2, 1]"
227,dfs_bnb_mpi,0.878999,-6,7,220778,"[-1, -1, 2, 2, 2, 2, 2, 2, 2, 2, 1, -2, -2, -2, 1, -2, -1, -2, 1]"
228,dfs_bnb_mpi,0.512819,-8,9,145472,"[-1, -2, -1, 2, 2, 1, 1, 1, -2, -2, -1, -2, 1, -2, 1, 2, 2, 2, 2]"
229,dfs_bnb_mpi,19.526,-7,8,4780894,"[-1, -2, -2, -1, -1, -1, -1, 2, 1, 1, 2, 2, 2, 1, 1, -2, -1, -2, -2]"
230,dfs_bnb_mpi,0.134071,-7,7,39139,"[-1, -1, 2, 2, 1, -2, 1, 1, -2, 1, -2, -1, -1, -1, -2, 1, 1, 1, 1]"
231,dfs_bnb_mpi,0.130022,-8,7,38637,"[-1, -2, 1, -2, -2, 1, 1, 2, -1, 2, 2, 2, 2, 1, -2, -2, 1, -2, -1]"
232,dfs_bnb_mpi,5.57788,-7,8,1566105,"[-1, -1, 2, 2, 2, 1, 1, 1, -2, -1, -1, -2, 1, 1, 1, -2, -1, -2, -1]"
233,dfs_bnb_mpi,0.789687,-6,7,222052,"[-1, -1, 2, 2, 2, 1, 2, 1, 1, -2, -1, -2, -1, -2, 1, 1, 2, 1, 2]"
234,dfs_bnb_mpi,10.4433,-6,7,2611508,"[-1, -1, 2, 2, 2, 2, 1, 2, 2, 1, -2, 1, 1, -2, -1, -1, -2, -1, -2]"
235,dfs_bnb_mpi,0.095272,-6,7,29548,"[-1, -2, 1, 1, 2, 2, 1, -2, 1, -2, -1, -2, 1, -2, -1, -1, 2, -1, -1]"
236,dfs_bnb_mpi,2.95974,-7,8,721787,"[-1, -2, 1, 1, 2, 2, 2, -1, -2, -1, -1, -2, -2, -2, 1, -2, -1, -1, 2]"
237,dfs_bnb_mpi,1.26624,-6,7,340167,"[-1, -1, 2, 2, -1, 2, -1, -2, -1, -1, -2, 1, -2, 1, 2, 1, -2, -2, 1]"
238,dfs_bnb_mpi,0.118466,-7,8,35514,"[-1, -1, 2, 2, -1, -2, -2, -2, 1, 1, 1, 1, 2, 2, 2, -1, -2, -1, 2]"
239,dfs_bnb_mpi,0.159867,-8,9,45115,"[-1, -1, 2, 1, 2, 2, 1, -2, -2, 1, -2, 1, -2, -1, -2, -1, 2, -1, -1]"
240,dfs_bnb_mpi,0.066455,-7,8,20057,"[-1, -1, 2, 2, 1, -2, 1, 2, 2, -1, -1, -1, -2, -2, -1, -2, 1, -2, 1]"
241,dfs_bnb_mpi,4.34621,-7,8,1107650,"[-1, -1, 2, 2, 2, 2, 1, 1, 2, -1, 2, -1, -2, -1, -2, -2, -1, -2, 1]"
242,dfs_bnb_mpi,0.037548,-9,10,11295,"[-1, -2, 1, 1, 2, 2, -1, 2, -1, -2, -1, 2, -1, -2, -1, -2, 1, 1, -2]"
243,dfs_bnb_mpi,0.158345,-7,8,47594,"[-1, -1, 2, 1, 2, 1, -2, 1, 1, -2, -1, -2, -1, -1, -1, -1, 2, 2, 2]"
244,dfs_bnb_mpi,0.888896,-9,10,261544,"[-1, -2, 1, -2, -1, -1, 2, 2, 2, 1, 1, 2, 1, -2, 1, -2, -2, -1, 2]"
245,dfs_bnb_mpi,8.55625,-6,7,2086493,"[-1, -1, 2, 2, 1, 2, 2, 2, -1, 2, -1, -2, -1, -2, 1, 1, -2, -1, -2]"
246,dfs_bnb_mpi,6.83914,-6,7,1889280,"[-1, -1, 2, 2, 2, 1, 1, -2, 1, 2, 1, -2, 1, -2, -1, -1, -1, -1, 2]"
247,dfs_bnb_mpi,1.01464,-8,9,299777,"[-1, -2, 1, 1, 1, -2, -1, -1, -2, 1, -2, -1, -2, -1, 2, -1, 2, 1, 2]"
248,dfs_bnb_mpi,2.47263,-7,8,644920,"[-1, -2, -1, -2, 1, 1, 1, 1, 2, 2, 2, 2, -1, -1, -2, 1, -2, -2, -1]"
249,dfs_bnb_mpi,0.609639,-7,8,194828,"[-1, -2, -1, 2, 2, 1, 1, 1, 2, 2, 1, -2, -2, -2, -1, -2, -2, -1, 2]"
250,dfs_bnb_mpi,0.412082,-9,8,108525,"[-1, -2, -1, -2, -1, -2, -1, -2, 1, -2, 1, 2, 2, 1, 2, 1, 1, 2, -1]"
251,dfs_bnb_mpi,0.853679,-7,8,263902,"[-1, -1, 2, 2, 1, 1, -2, 1, 2, 1, 2, 2, 1, -2, -2, -2, -1, -2, -1]"
252,dfs_bnb_mpi,1.08054,-7,8,313110,"[-1, -1, 2, 2, 2, -1, -1, -2, 1, -2, -1, -2, -1, 2, 2, -1, 2, 1, 2]"
253,dfs_bnb_mpi,3.41883,-7,8,911007,"[-1, -2, -1, 2, -1, 2, 2, 1, -2, 1, 2, 1, -2, 1, -2, -2, -1, -2, 1]"
254,dfs_bnb_mpi,0.159904,-7,8,37666,"[-1, -1, 2, 2, 2, 1, 1, 1, -2, -1, -1, -2, 1, 1, 1, -2, -1, -2, 1]"
255,dfs_bnb_mpi,0.023444,-7,8,6002,"[-1, -1, 2, 2, 1, -2, 1, 2, 1, -2, -2, 1, 2, 1, 1, 2, -1, -1, 2]"
256,dfs_bnb_mpi,3.35365,-6,7,916052,"[-1, -1, 2, 2, 1, 2, 1, 1, 1, 2, -1, -1, 2, -1, -2, -1, -2, -1, -2]"
257,dfs_bnb_mpi,0.162047,-6,7,38048,"[-1, -1, 2, -1, 2, 2, 2, 1, -2, -2, 1, -2, 1, 2, 2, -1, 2, 2, 2]"
258,dfs_bnb_mpi,0.23293,-7,8,69938,"[-1, -1, 2, 1, 2, -1, 2, -1, 2, 2, 1, -2, 1, -2, 1, -2, -2, 1, 2]"
259,dfs_bnb_mpi,0.436118,-7,8,125832,"[-1, -2, 1, 1, 2, 1, -2, -2, 1, -2, -1, -1, 2, -1, -2, -1, 2, -1, 2]"
260,dfs_bnb_mpi,3.19286,-7,8,748025,"[-1, -1, 2, -1, 2, -1, 2, -1, 2, -1, -2, -2, 1, -2, 1, -2, -2, 1, 2]"
261,dfs_bnb_mpi,0.197326,-9,10,52820,"[-1, -2, -1, -2, -1, -2, 1, -2, 1, 2, 2, 1, 2, 1, -2, 1, -2, -1, -1]"
262,dfs_bnb_mpi,0.798454,-7,8,214962,"[-1, -2, -1, -2, 1, 1, 2, 1, 1, 2, -1, 2, 1, 2, -1, 2, -1, -2, -2]"
263,dfs_bnb_mpi,0.518119,-7,8,151628,"[-1, -1, 2, 2, 1, 1, -2, 1, -2, -2, 1, 1, -2, -1, -2, -1, 2, -1, 2]"
264,dfs_bnb_mpi,0.011734,-8,9,3355,"[-1, -1, 2, -1, -2, -1, 2, -1, 2, 1, 1, 2, 1, -2, 1, -2, 1, 2, 2]"
265,dfs_bnb_mpi,2.27525,-8,9,686908,"[-1, -1, 2, 1, 2, -1, 2, -1, -1, -2, -1, -2, -1, -2, 1, 1, 2, 1, 2]"
266,dfs_bnb_mpi,1.5848,-6,7,456255,"[-1, -1, 2, 2, 2, 2, 1, 2, 1, 2, -1, -1, -2, -1, -2, -1, -2, 1, -2]"
267,dfs_bnb_mpi,0.912195,-6,7,255585,"[-1, -1, 2, 2, 1, 2, 1, 2, -1, -1, -2, -1, -2, -1, -2, 1, -2, -1, -1]"
268,dfs_bnb_mpi,0.41045,-8,9,118429,"[-1, -2, -1, 2, 2, 1, 2, 2, 1, 2, 1, -2, -2, -1, -2, 1, -2, -2, -1]"
269,dfs_bnb_mpi,17.7638,-5,6,4982653,"[-1, -1, 2, 2, 2, 2, -1, -2, -1, -2, -1, -1, -2, 1, 1, -2, 1, 2, 2]"
270,dfs_bnb_mpi,0.957464,-7,7,277279,"[-1, -1, 2, -1, 2, 2, 1, -2, 1, -2, 1, 1, 2, -1, 2, -1, 2, 1, 2]"
271,dfs_bnb_mpi,0.543803,-7,8,147657,"[-1, -1, 2, 2, 2, -1, -2, -2, -1, -2, 1, -2, 1, 1, -2, -1, -1, -1, 2]"
272,dfs_bnb_mpi,0.639189,-6,6,168464,"[-1, -1, 2, 1, 2, -1, 2, -1, 2, 2, 2, -1, -2, -2, -2, -2, 1, -2, -1]"
273,dfs_bnb_mpi,0.301724,-6,7,76005,"[-1, -1, 2, 2, 2, 2, -1, -2, -2, -2, -2, -1, -1, 2, 1, 2, 2, 2, 2]"
274,dfs_bnb_mpi,1.11638,-7,8,323109,"[-1, -1, 2, 1, 2, 1, -2, 1, -2, -2, -1, -1, -2, -1, 2, -1, -1, 2, 1]"
275,dfs_bnb_mpi,0.023188,-7,7,6778,"[-1, -1, 2, 1, 2, 2, 1, -2, -2, 1, 2, 1, -2, -2, -1, -2, -1, -1, -1]"
276,dfs_bnb_mpi,8.68033,-6,7,2409763,"[-1, -1, 2, 2, 2, 2, 1, 2, 2, -1, 2, -1, -2, -1, -2, -2, 1, 2, 1]"
277,dfs_bnb_mpi,0.784264,-7,8,233185,"[-1, -2, 1, 1, -2, 1, 1, -2, -1, -1, -2, -1, -1, 2, 1, 2, -1, -1, 2]"
278,dfs_bnb_mpi,2.02134,-8,9,516323,"[-1, -2, 1, 1, 2, 1, -2, 1, 1, -2, -1, -1, -1, -1, -2, 1, 1, -2, -1]"
279,dfs_bnb_mpi,3.6161,-8,9,1072155,"[-1, -1, 2, -1, 2, -1, -2, -2, -2, -2, -1, -2, 1, 1, 2, 1, 2, -1, 2]"
280,dfs_bnb_mpi,3.47507,-7,8,895231,"[-1, -1, 2, 2, 2, 2, 1, 2, -1, 2, -1, -2, -2, -2, -1, 2, 2, -1, -2]"
281,dfs_bnb_mpi,0.119569,-8,9,34936,"[-1, -2, -1, -2, 1, -2, -1, -2, 1, -2, 1, 2, 2, 1, 2, -1, 2, 1, 2]"
282,dfs_bnb_mpi,0.095061,-7,8,23781,"[-1, -1, 2, 1, 2, -1, 2, -1, -2, -1, 2, -1, -2, -2, 1, 1, -2, -1, -1]"
283,dfs_bnb_mpi,0.43804,-8,9,120070,"[-1, -2, 1, -2, 1, 2, 1, -2, -2, 1, 2, 1, 2, -1, 2, -1, 2, -1, -2]"
284,dfs_bnb_mpi,0.036113,-7,7,8845,"[-1, -1, 2, 2, 2, 2, 1, 1, -2, -1, -2, -2, 1, 2, 1, 2, 2, 2, 2]"
285,dfs_bnb_mpi,3.99904,-7,7,949611,"[-1, -2, -1, -2, -1, 2, -1, 2, 2, 2, 2, 1, -2, -2, -2, 1, 2, 1, 2]"
286,dfs_bnb_mpi,7.34406,-8,9,2007510,"[-1, -1, 2, 2, 2, 1, -2, -2, 1, 1, -2, 1, -2, -1, -2, -1, 2, -1, -2]"
287,dfs_bnb_mpi,0.394751,-7,8,114763,"[-1, -1, 2, 2, 2, 1, -2, -2, 1, 2, 2, 1, 2, 1, -2, -2, -1, -2, 1]"
288,dfs_bnb_mpi,2.80683,-8,9,787895,"[-1, -2, 1, 1, 2, 2, 2, 1, -2, -2, -2, 1, -2, -1, -2, -1, -1, 2, 1]"
289,dfs_bnb_mpi,0.410638,-8,9,122269,"[-1, -1, 2, -1, -2, -2, 1, 1, -2, 1, 1, 1, 2, 2, 2, -1, -2, -2, -1]"
290,dfs_bnb_mpi,0.40675,-7,8,109835,"[-1, -1, 2, 1, 1, 1, 2, 2, 2, -1, -2, -2, -1, 2, 2, -1, -2, -2, -1]"
291,dfs_bnb_mpi,11.7394,-7,7,3494260,"[-1, -2, 1, 1, 2, 2, 2, 2, -1, -2, -2, -1, 2, 2, -1, -2, -2, -2, -2]"
292,dfs_bnb_mpi,0.065494,-8,8,17850,"[-1, -1, 2, 1, 2, 1, -2, 1, -2, 1, -2, -1, -1, -1, -1, -2, 1, 1, 1]"
293,dfs_bnb_mpi,0.057208,-8,9,16047,"[-1, -2, 1, 1, 1, 2, -1, 2, 1, 2, 2, 1, -2, 1, -2, -1, -2, 1, 1]"
294,dfs_bnb_mpi,1.03666,-7,8,292401,"[-1, -1, 2, -1, -2, -1, -1, -2, 1, 1, -2, -2, 1, 2, 2, 1, -2, 1, 2]"
295,dfs_bnb_mpi,0.035578,-6,7,9151,"[-1, -1, 2, 2, 2, 1, 1, 1, -2, -1, -1, -2, 1, 1, 1, 2, 2, 2, 2]"
296,dfs_bnb_mpi,0.190602,-6,7,52999,"[-1, -1, -1, 2, 2, 1, -2, 1, 1, 2, -1, 2, -1, -1, 2, -1, -2, -1, 2]"
297,dfs_bnb_mpi,1.41793,-8,9,345957,"[-1, -1, 2, 2, 2, 2, 1, 2, 1, -2, 1, -2, -1, -1, -2, 1, 1, -2, -1]"
298,dfs_bnb_mpi,3.20097,-4,5,780856,"[-1, -1, 2, 2, 2, 2, 2, 1, 2, 2, 2, -1, -1, -2, 1, -2, -1, -2, -1]"
299,dfs_bnb_mpi,0.046199,-8,9,13431,"[-1, -1, 2, 2, 2, 1, -2, -2, 1, 2, 1, -2, -2, -2, -1, -2, -1, 2, -1]"
300,dfs_bnb_mpi,8.13519,-6,7,2211026,"[-1, -1, 2, 2, 2, -1, -1, -1, -2, 1, 1, -2, -1, -1, -2, -2, 1, 2, 1]"
301,dfs_bnb_mpi,1.34186,-6,7,372337,"[-1, -1, 2, 2, 2, 2, 2, 1, 2, 1, 2, 1, -2, -2, -1, -2, -1, -2, 1]"
302,dfs_bnb_mpi,0.070436,-7,8,17759,"[-1, -1, 2, 2, -1, 2, -1, -2, -1, -2, 1, 1, -2, -2, -2, -1, 2, 2, -1]"
303,dfs_bnb_mpi,0.903971,-8,9,271283,"[-1, -2, -1, -2, -1, -2, 1, 1, 2, 1, 2, 1, 1, 2, -1, 2, 2, -1, -2]"
304,dfs_bnb_mpi,2.15561,-8,8,591062,"[-1, -1, 2, 1, 2, 1, 1, 2, 2, 1, -2, -2, -2, -2, -2, -1, 2, 2, -1]"
305,dfs_bnb_mpi,0.047701,-8,9,13953,"[-1, -2, 1, -2, 1, 2, 1, 2, -1, 2, -1, 2, 2, -1, -2, -2, -1, -2, -1]"
306,dfs_bnb_mpi,1.81399,-8,9,449432,"[-1, -2, -1, 2, 2, 2, 1, -2, 1, 2, 2, 1, -2, -2, -2, 1, -2, -1, -1]"
307,dfs_bnb_mpi,0.541089,-6,7,131538,"[-1, -2, -1, -2, -1, -2, 1, -2, 1, 1, 2, -1, 2, 1, 2, 1, 2, 2, 2]"
308,dfs_bnb_mpi,0.992731,-8,9,286649,"[-1, -2, -1, 2, -1, 2, 2, -1, 2, 1, 2, 1, -2, 1, -2, -1, -2, 1, 1]"
309,dfs_bnb_mpi,2.60287,-6,7,737255,"[-1, -1, 2, 1, 2, 2, -1, -2, -1, -2, -1, 2, -1, -2, -2, 1, 1, -2, 1]"
310,dfs_bnb_mpi,3.21455,-8,9,852044,"[-1, -1, 2, 1, 1, 2, 1, -2, 1, -2, 1, -2, -1, -2, -1, -1, 2, 1, 2]"
311,dfs_bnb_mpi,0.061999,-6,7,18993,"[-1, -2, -1, 2, 2, 1, 2, -1, 2, 1, 2, 1, -2, -2, -2, 1, 2, 2, 2]"
312,dfs_bnb_mpi,0.161333,-7,7,49486,"[-1, -1, 2, -1, 2, 1, 2, -1, 2, 1, 2, 1, -2, -2, 1, -2, -1, -2, 1]"
313,dfs_bnb_mpi,8.36897,-6,7,1882522,"[-1, -1, 2, 2, 2, 2, 2, -1, -2, -2, -1, -1, -2, 1, 1, -2, -1, -2, 1]"
314,dfs_bnb_mpi,2.05635,-8,9,590884,"[-1, -2, -1, 2, -1, 2, 1, 1, 2, 1, 2, 1, -2, 1, -2, -2, -1, 2, -1]"
315,dfs_bnb_mpi,1.54157,-6,7,364094,"[-1, -1, 2, 1, 2, -1, 2, 2, 1, -2, 1, 1, -2, -1, -2, 1, 1, 2, 2]"
316,dfs_bnb_mpi,0.476852,-7,8,143773,"[-1, -2, 1, 1, 1, 2, -1, 2, 2, -1, 2, 2, -1, -2, -2, -1, -2, 1, 1]"
317,dfs_bnb_mpi,0.613098,-7,7,160509,"[-1, -1, 2, 2, 2, 1, 2, 1, -2, -2, -1, -2, 1, 1, 2, 1, -2, -2, -1]"
318,dfs_bnb_mpi,4.15136,-6,7,983560,"[-1, -2, -2, -1, 2, 2, -1, 2, 2, 2, 1, 1, 1, -2, -1, -1, -2, 1, 1]"
319,dfs_bnb_mpi,0.150441,-7,8,37065,"[-1, -1, 2, 2, 2, -1, -2, -1, -1, -2, 1, 1, -2, -1, -2, 1, 1, 1, 1]"
320,dfs_bnb_mpi,0.116808,-6,7,30052,"[-1, -2, 1, 1, 2, 1, 2, 1, -2, -2, -1, -2, -1, -1, -1, -1, 2, 2, 2]"
321,dfs_bnb_mpi,0.073933,-7,8,19279,"[-1, -1, 2, 2, 2, -1, -2, -1, -2, 1, -2, -2, 1, 1, 1, -2, -1, -1, -1]"
322,dfs_bnb_mpi,1.29527,-8,8,353193,"[-1, -1, 2, 1, 1, 2, 1, -2, 1, 1, 1, -2, -1, -2, -1, 2, -1, -2, -1]"
323,dfs_bnb_mpi,2.82347,-7,8,692978,"[-1, -1, 2, 2, 2, 1, 2, -1, 2, 2, -1, -2, -1, -2, -2, -2, 1, 2, 2]"
324,dfs_bnb_mpi,5.60054,-7,8,1571079,"[-1, -2, -1, 2, 2, 2, 2, 2, 1, -2, 1, -2, 1, 1, -2, -1, -1, -1, 2]"
325,dfs_bnb_mpi,0.042186,-7,7,12044,"[-1, -2, -1, -2, -1, -2, 1, -2, -2, 1, 2, 2, 2, 1, 2, 1, 2, 2, 2]"
326,dfs_bnb_mpi,0.806641,-7,8,226026,"[-1, -1, 2, 2, 1, -2, 1, 2, 2, -1, -1, 2, -1, -2, -1, -2, -2, 1, 2]"
327,dfs_bnb_mpi,1.81521,-7,8,538828,"[-1, -1, 2, 2, 2, 1, 2, 2, 1, -2, 1, -2, -2, -2, -1, -1, 2, 1, 2]"
328,dfs_bnb_mpi,0.916144,-6,7,280921,"[-1, -1, 2, 2, 2, -1, -2, -2, -1, 2, 2, -1, -2, -1, -2, 1, -2, 1, 1]"
329,dfs_bnb_mpi,0.017164,-7,8,5103,"[-1, -1, 2, 1, 2, 1, -2, 1, 2, 2, 1, -2, -2, 1, -2, -1, -1, -2, 1]"
330,dfs_bnb_mpi,0.112793,-7,7,29733,"[-1, -1, 2, 2, 2, 2, -1, -2, -2, -2, -2, -2, -1, 2, 2, -1, 2, 1, 2]"
331,dfs_bnb_mpi,4.43351,-7,8,1167347,"[-1, -1, 2, 2, 2, 2, -1, -1, -2, 1, -2, -2, -1, -2, 1, -2, 1, -2, -1]"
332,dfs_bnb_mpi,5.40672,-6,7,1515540,"[-1, -1, 2, 2, 1, 2, 2, -1, -2, -1, -2, -2, -2, -1, -2, -2, 1, 2, 1]"
333,dfs_bnb_mpi,0.070991,-7,8,18953,"[-1, -2, 1, 1, 2, 2, 2, 1, -2, 1, -2, -1, -2, 1, 1, 2, 2, 2, 2]"
334,dfs_bnb_mpi,0.253608,-6,7,69517,"[-1, -1, 2, 2, 2, 2, 1, -2, 1, -2, -1, -2, 1, 1, 2, 2, 2, -1, 2]"
335,dfs_bnb_mpi,0.477754,-7,8,110283,"[-1, -1, 2, -1, -2, -1, -1, -2, -2, 1, 2, 1, 1, 1, -2, -1, -1, -2, 1]"
336,dfs_bnb_mpi,1.49988,-9,10,455583,"[-1, -2, 1, 1, 2, 1, 2, -1, 2, -1, 2, -1, -2, -1, -1, -2, 1, 1, 1]"
337,dfs_bnb_mpi,0.20067,-8,8,58409,"[-1, -2, 1, 1, 1, -2, -1, -2, -2, -1, 2, 2, -1, -2, -1, 2, -1, 2, 1]"
338,dfs_bnb_mpi,1.36891,-7,8,414881,"[-1, -1, 2, 2, -1, -2, -1, -2, 1, -2, -1, -1, 2, 2, 2, 1, 2, 1, 2]"
339,dfs_bnb_mpi,0.536414,-6,6,166582,"[-1, -1, 2, 2, 2, 1, -2, -2, 1, 1, 2, -1, 2, 2, 2, 2, -1, -2, -2]"
340,dfs_bnb_mpi,2.50893,-4,5,715443,"[-1, -1, 2, 2, 2, 1, -2, -2, 1, 2, 2, 2, -1, -1, -1, -2, -2, -2, -1]"
341,dfs_bnb_mpi,3.24059,-6,7,778049,"[-1, -1, 2, 2, 2, 1, 1, -2, -2, 1, -2, -2, -1, -1, -2, -1, 2, -1, 2]"
342,dfs_bnb_mpi,1.74666,-7,8,524174,"[-1, -1, 2, 2, 2, 2, -1, -2, -1, -2, 1, -2, -2, -2, -1, 2, 2, -1, 2]"
343,dfs_bnb_mpi,1.01906,-7,7,295130,"[-1, -1, 2, 2, 2, -1, 2, 2, 2, 1, -2, -2, 1, -2, 1, -2, -1, -2, 1]"
344,dfs_bnb_mpi,1.39813,-6,7,386588,"[-1, -1, 2, -1, -1, 2, 1, 1, 2, 2, 1, 1, -2, -2, -1, -2, 1, 1, 2]"
345,dfs_bnb_mpi,0.035631,-6,7,9111,"[-1, -1, 2, -1, -2, -1, -2, 1, -2, 1, 2, 1, -2, 1, 2, 1, 2, 2, 2]"
346,dfs_bnb_mpi,1.20199,-8,9,343414,"[-1, -2, -1, -2, 1, -2, -1, -2, -1, -2, 1, 1, 2, 1, 2, 2, 1, 2, -1]"
347,dfs_bnb_mpi,7.35081,-5,6,1977686,"[-1, -1, 2, 2, 2, 2, 2, 1, -2, -2, -2, -2, 1, 2, 2, 1, -2, -2, 1]"
348,dfs_bnb_mpi,2.61537,-7,8,771135,"[-1, -1, 2, 1, 2, 2, 2, 1, -2, -2, 1, 2, 1, 1, -2, -1, -2, -1, -1]"
349,dfs_bnb_mpi,2.87474,-7,8,853004,"[-1, -2, 1, 1, 2, 2, 1, 1, -2, -1, -2, 1, -2, -1, -2, -1, -1, 2, 1]"
350,dfs_bnb_mpi,2.88042,-7,8,833838,"[-1, -1, 2, 2, 1, -2, 1, 2, 2, 2, 2, -1, -1, -2, 1, -2, -1, -1, 2]"
351,dfs_bnb_mpi,0.408953,-7,8,99437,"[-1, -1, 2, 2, 2, 1, -2, -2, 1, 2, 1, -2, -2, -2, -1, -2, -1, 2, -1]"
352,dfs_bnb_mpi,1.39673,-7,8,415469,"[-1, -2, 1, 1, 2, 2, 1, 2, 1, 2, 1, -2, 1, -2, -1, -1, -2, -1, -2]"
353,dfs_bnb_mpi,5.84396,-7,8,1749222,"[-1, -1, 2, 2, -1, -1, 2, 2, 1, -2, 1, 2, 1, -2, 1, -2, -1, -2, 1]"
354,dfs_bnb_mpi,0.217904,-7,8,54809,"[-1, -1, 2, 2, 1, -2, 1, 2, 2, 1, -2, 1, 2, 1, -2, -2, -1, -1, -2]"
355,dfs_bnb_mpi,1.46006,-7,8,394225,"[-1, -1, 2, 2, -1, -1, -1, -2, 1, 1, -2, -1, -1, -2, -2, 1, 1, 2, -1]"
356,dfs_bnb_mpi,0.181311,-7,8,55128,"[-1, -2, -1, -2, 1, 1, 2, 1, 2, 2, 2, 2, 2, -1, -2, -2, -2, -1, 2]"
357,dfs_bnb_mpi,3.48763,-8,9,963029,"[-1, -2, -1, -1, 2, 1, 2, 1, 2, 1, -2, 1, 2, 1, -2, -2, -1, -2, 1]"
358,dfs_bnb_mpi,0.141708,-6,7,38880,"[-1, -1, 2, 2, 1, -2, 1, 2, 2, -1, -1, -1, -2, -2, -2, -1, 2, 2, 2]"
359,dfs_bnb_mpi,6.59969,-6,7,1833747,"[-1, -1, 2, 2, 2, -1, -1, -2, -2, -2, -1, -2, 1, -2, 1, 1, 2, -1, 2]"
360,dfs_bnb_mpi,0.815536,-7,8,237484,"[-1, -1, 2, -1, 2, 2, -1, -2, -1, -1, -2, 1, -2, -2, 1, 1, 2, -1, 2]"
361,dfs_bnb_mpi,5.16025,-7,8,1351921,"[-1, -1, 2, 2, 2, -1, -1, -1, -2, -2, -2, 1, -2, 1, 2, 2, 2, -1, -2]"
362,dfs_bnb_mpi,2.71616,-8,9,778035,"[-1, -1, 2, 2, -1, 2, 2, 1, 1, 1, -2, -2, 1, -2, -1, -1, 2, 2, -1]"
363,dfs_bnb_mpi,0.099636,-9,10,27462,"[-1, -2, 1, -2, 1, 2, 1, 2, -1, 2, -1, 2, 2, -1, -1, -2, 1, -2, -1]"
364,dfs_bnb_mpi,3.4844,-7,6,957073,"[-1, -1, 2, 2, 2, 2, 2, 2, 1, -2, 1, 2, 1, -2, -2, -1, -2, -1, 2]"
365,dfs_bnb_mpi,3.11399,-7,7,866118,"[-1, -1, 2, -1, -1, 2, 2, 2, -1, -2, -2, -1, -2, 1, -2, 1, -2, 1, 2]"
366,dfs_bnb_mpi,7.8526,-7,8,2156196,"[-1, -1, 2, -1, -1, 2, 2, -1, -2, -2, -2, 1, -2, -2, 1, 1, 2, -1, 2]"
367,dfs_bnb_mpi,0.216087,-8,9,53490,"[-1, -1, 2, 2, -1, 2, 2, 1, -2, 1, -2, -2, 1, 2, 1, 2, 2, -1, -2]"
368,dfs_bnb_mpi,0.471907,-8,9,133467,"[-1, -1, 2, 1, 1, 2, 1, 1, 1, -2, -2, -2, -1, 2, 2, -1, -2, -2, -1]"
369,dfs_bnb_mpi,1.27346,-7,8,350638,"[-1, -2, 1, 1, 2, 2, -1, -1, -1, -2, -2, -1, -2, 1, 1, 1, 1, 1, 2]"
370,dfs_bnb_mpi,5.26488,-7,8,1250901,"[-1, -1, 2, 2, -1, -1, -1, -2, 1, 1, -2, -2, -1, 2, -1, -1, -1, 2, 1]"
371,dfs_bnb_mpi,1.99288,-7,8,465878,"[-1, -1, 2, 2, 2, 1, 2, -1, 2, -1, 2, -1, -2, -2, 1, -2, -2, -1, 2]"
372,dfs_bnb_mpi,0.189205,-7,8,56770,"[-1, -1, 2, -1, -1, -2, 1, -2, -2, -1, 2, -1, 2, 2, -1, 2, 1, 1, 2]"
373,dfs_bnb_mpi,7.18198,-7,8,1867127,"[-1, -2, 1, 1, -2, -1, -1, -2, -1, -2, -1, -1, -1, 2, 1, 1, 2, 1, 2]"
374,dfs_bnb_mpi,0.109351,-7,7,33278,"[-1, -1, -1, 2, 1, 2, 2, -1, 2, 1, 1, -2, 1, 1, -2, -1, -1, -2, 1]"
375,dfs_bnb_mpi,0.041772,-6,6,10931,"[-1, -1, 2, 2, 2, 1, 2, 2, 1, -2, -2, -2, -1, -2, 1, 1, 2, 2, 2]"
376,dfs_bnb_mpi,6.29535,-6,7,1483779,"[-1, -2, -1, 2, 2, 2, 2, 2, 1, 1, 1, -2, -2, -1, 2, -1, -2, -2, 1]"
377,dfs_bnb_mpi,0.110096,-7,8,26982,"[-1, -1, 2, 2, 2, -1, -1, 2, -1, -2, -2, 1, 1, -2, -1, -2, -1, 2, -1]"
378,dfs_bnb_mpi,9.38208,-8,9,2494291,"[-1, -2, 1, 1, 1, 2, 2, 2, -1, 2, -1, 2, -1, -2, -2, 1, -2, 1, -2]"
379,dfs_bnb_mpi,0.090173,-8,8,27167,"[-1, -1, -1, 2, 2, 2, 1, -2, -2, 1, 2, 2, 2, 1, -2, -2, 1, -2, -1]"
380,dfs_bnb_mpi,0.400741,-7,8,102175,"[-1, -1, 2, 1, 2, -1, 2, -1, 2, -1, -2, -2, 1, -2, -1, -2, -2, 1, 2]"
381,dfs_bnb_mpi,0.989775,-6,7,281505,"[-1, -2, 1, 1, -2, 1, 1, 1, -2, 1, -2, -1, -1, 2, -1, -1, -1, 2, -1]"
382,dfs_bnb_mpi,2.40128,-8,9,728808,"[-1, -2, -1, -2, 1, 1, 2, 1, 2, 2, 2, -1, 2, -1, -2, -1, -2, 1, 1]"
383,dfs_bnb_mpi,0.354936,-7,8,100441,"[-1, -2, -1, 2, -1, 2, -1, -2, -1, 2, 2, 1, 1, 2, 1, -2, -2, 1, 2]"
384,dfs_bnb_mpi,4.61019,-7,8,1370205,"[-1, -1, 2, 1, 2, 2, 2, 2, 1, -2, 1, -2, -2, 1, -2, -1, -1, 2, 2]"
385,dfs_bnb_mpi,0.029064,-8,9,8997,"[-1, -1, 2, 1, 2, -1, -1, 2, 1, 1, 2, 1, -2, 1, -2, -1, -2, 1, 1]"
386,dfs_bnb_mpi,1.50206,-8,9,419026,"[-1, -2, 1, 1, 2, 2, 2, 2, 1, -2, 1, -2, 1, -2, -1, -2, -1, 2, 2]"
387,dfs_bnb_mpi,1.95076,-9,10,578366,"[-1, -2, 1, 1, 1, 2, 2, 1, 2, -1, -1, 2, -1, -2, -1, -2, 1, 1, -2]"
388,dfs_bnb_mpi,0.221627,-8,9,66442,"[-1, -2, 1, 1, 2, 2, -1, -1, 2, 1, 2, 1, -2, 1, -2, 1, -2, -1, -2]"
389,dfs_bnb_mpi,0.13726,-6,7,34852,"[-1, -1, 2, 2, 1, 2, -1, 2, -1, -2, -2, -1, -2, -1, 2, 2, 1, 2, 2]"
390,dfs_bnb_mpi,0.880338,-6,6,266488,"[-1, -1, 2, 2, 2, 1, -2, -2, 1, 2, 2, 2, 1, -2, -2, 1, -2, -1, -2]"
391,dfs_bnb_mpi,0.169042,-8,9,49744,"[-1, -1, -1, 2, 1, 2, 1, -2, 1, 2, 1, -2, 1, -2, -1, -2, -1, -1, -1]"
392,dfs_bnb_mpi,0.053068,-8,9,14601,"[-1, -2, 1, -2, 1, 2, 1, 2, -1, 2, -1, 2, -1, -2, -1, -1, -2, 1, -2]"
393,dfs_bnb_mpi,0.20882,-8,9,59162,"[-1, -1, 2, 1, 2, 2, -1, 2, 2, 1, -2, 1, 1, -2, -1, -2, 1, -2, -1]"
394,dfs_bnb_mpi,6.85981,-6,7,1965811,"[-1, -1, 2, 2, -1, -2, -1, -1, -2, 1, 1, -2, -2, 1, 1, 1, 2, -1, -1]"
395,dfs_bnb_mpi,1.02306,-6,7,263155,"[-1, -1, 2, 2, -1, 2, 2, 1, -2, 1, -2, -2, 1, 1, 2, -1, 2, 2, 2]"
396,dfs_bnb_mpi,7.85429,-6,7,2075575,"[-1, -1, 2, 2, 1, 2, -1, 2, -1, -1, -1, -2, -2, 1, 2, 1, -2, -2, -1]"
397,dfs_bnb_mpi,22.4551,-6,7,4977504,"[-1, -1, 2, 2, 2, 2, 1, -2, 1, 2, 2, 1, -2, -2, -2, -1, -1, -2, 1]"
398,dfs_bnb_mpi,6.5978,-7,8,1509830,"[-1, -2, 1, 1, 1, 2, -1, 2, 1, 2, -1, 2, -1, -2, -2, -1, 2, -1, -2]"
399,dfs_bnb_mpi,0.152717,-6,7,40709,"[-1, -1, 2, -1, -2, -1, 2, -1, -2, -2, 1, 1, -2, -1, -1, -1, 2, 2, 2]"
400,dfs_bnb_mpi,2.1725,-8,8,650708,"[-1, -2, -1, -2, 1, 1, -2, -1, -2, 1, 1, 1, 1, 2, -1, -1, 2, 2, -1]"
401,dfs_bnb_mpi,9.81635,-6,7,2533411,"[-1, -1, 2, 2, 2, 2, 2, 2, 1, -2, -2, 1, 2, 2, 2, -1, 2, -1, -2]"
402,dfs_bnb_mpi,0.070291,-7,8,17225,"[-1, -1, -1, 2, 1, 1, 1, 2, 2, -1, -2, -1, 2, 2, -1, -2, -2, -1, 2]"
403,dfs_bnb_mpi,2.42391,-8,9,617246,"[-1, -2, -1, -2, -1, 2, -1, 2, 1, 1, 2, 2, 1, -2, 1, 1, -2, -2, -1]"
404,dfs_bnb_mpi,0.701384,-6,7,210417,"[-1, -1, 2, 2, -1, 2, 1, 1, -2, -2, 1, 2, 2, 2, 2, 1, -2, -2, -2]"
405,dfs_bnb_mpi,0.017044,-7,8,5191,"[-1, -1, 2, -1, -2, -1, -2, 1, 1, -2, 1, 2, 1, 1, 2, 2, -1, -1, 2]"
406,dfs_bnb_mpi,1.38477,-8,9,355572,"[-1, -2, 1, 1, -2, -1, -1, -2, 1, 1, -2, 1, 1, 2, -1, 2, 2, 1, -2]"
407,dfs_bnb_mpi,0.476963,-7,8,121093,"[-1, -1, 2, 2, 1, -2, 1, 2, 2, 2, -1, -2, -1, -1, -2, -1, -2, 1, -2]"
408,dfs_bnb_mpi,2.98453,-7,7,859829,"[-1, -1, 2, 1, 2, 1, 1, 2, 1, 2, 2, 1, -2, -2, -2, -1, -2, -1, -1]"
409,dfs_bnb_mpi,3.34546,-7,8,904833,"[-1, -1, 2, 2, 2, 2, 2, 1, 1, -2, 1, 2, 1, -2, -2, -1, -1, -1, 2]"
410,dfs_bnb_mpi,0.185079,-8,9,50840,"[-1, -2, 1, -2, 1, -2, -2, 1, 2, 1, 2, -1, 2, -1, 2, 2, 1, -2, 1]"
411,dfs_bnb_mpi,1.19206,-8,9,284110,"[-1, -1, 2, 1, 2, 2, 2, 1, -2, 1, 1, -2, -1, -1, -2, 1, 1, -2, -1]"
412,dfs_bnb_mpi,0.48467,-6,6,147961,"[-1, -1, 2, 1, 2, 1, 2, -1, -1, -2, -1, -2, -2, -2, -2, 1, 2, 1, 1]"
413,dfs_bnb_mpi,1.1037,-7,8,249443,"[-1, -1, 2, 2, 2, 2, 1, 2, 2, 1, -2, -2, -2, -1, -2, -2, 1, 2, 1]"
414,dfs_bnb_mpi,6.19982,-7,8,1718653,"[-1, -1, 2, 2, -1, 2, 2, -1, -2, -2, -1, -2, -2, 1, -2, 1, 2, 2, -1]"
415,dfs_bnb_mpi,0.383591,-8,9,113074,"[-1, -2, -1, -2, 1, 1, 2, 1, -2, -2, -1, -1, -2, -1, -2, -1, 2, 2, 1]"
416,dfs_bnb_mpi,0.365852,-8,9,108155,"[-1, -1, 2, 1, 2, -1, 2, -1, -2, -1, -1, -1, -2, 1, -2, 1, 1, 2, -1]"
417,dfs_bnb_mpi,1.39524,-8,9,292441,"[-1, -1, 2, 2, 1, 2, -1, 2, -1, -2, -1, -2, 1, -2, -1, -1, -2, 1, 1]"
418,dfs_bnb_mpi,0.131934,-8,9,24211,"[-1, -1, 2, -1, 2, -1, 2, 1, 2, 1, -2, -2, 1, -2, 1, 2, 2, -1, 2]"
419,dfs_bnb_mpi,0.021571,-6,7,4787,"[-1, -2, 1, 1, 2, 2, 1, 1, -2, -1, -2, 1, 1, 2, 2, 2, 2, 2, 2]"
420,dfs_bnb_mpi,3.39517,-7,8,947655,"[-1, -1, 2, 1, 2, 1, 2, -1, 2, -1, -1, -2, -1, -2, -2, 1, 2, 1, 2]"
421,dfs_bnb_mpi,0.167384,-7,8,46628,"[-1, -1, 2, -1, -1, 2, 1, 1, 1, -2, 1, 2, 2, -1, -1, 2, -1, -2, -1]"
422,dfs_bnb_mpi,0.299239,-9,10,87820,"[-1, -2, 1, 1, 2, 1, -2, 1, -2, -1, -2, -1, -2, -1, 2, -1, 2, 1, 1]"
423,dfs_bnb_mpi,0.278328,-7,7,77110,"[-1, -1, 2, 2, 1, -2, 1, 2, 2, 1, 1, -2, -1, -2, 1, 1, -2, -1, -1]"
424,dfs_bnb_mpi,0.136,-8,8,39469,"[-1, -2, -1, -2, 1, 1, 2, 1, 2, 2, 2, 2, -1, -2, -1, -1, -2, 1, 1]"
425,dfs_bnb_mpi,0.658527,-8,9,190520,"[-1, -2, 1, 1, 2, 2, 2, 1, -2, -2, -2, -2, -2, -1, 2, -1, -2, -1, 2]"
426,dfs_bnb_mpi,0.388611,-6,7,105765,"[-1, -1, 2, 2, 1, -2, 1, 1, 2, -1, 2, -1, -1, 2, -1, -2, -2, -2, -1]"
427,dfs_bnb_mpi,0.019686,-7,8,6058,"[-1, -1, 2, -1, -2, -1, -2, 1, -2, 1, 2, 1, 1, 1, 2, 2, -1, -1, 2]"
428,dfs_bnb_mpi,0.195812,-7,7,50969,"[-1, -1, 2, 1, 2, 1, -2, 1, 2, 2, -1, -1, -1, 2, 1, 2, 1, -2, 1]"
429,dfs_bnb_mpi,0.168676,-9,10,49824,"[-1, -2, 1, 1, 1, 2, -1, 2, -1, -1, 2, 1, 2, 1, 2, 1, -2, -2, -1]"
430,dfs_bnb_mpi,0.075545,-8,9,20488,"[-1, -2, 1, 1, 2, 2, 1, 1, -2, -1, -2, 1, -2, -2, -1, 2, -1, -1, -1]"
431,dfs_bnb_mpi,1.39209,-7,7,384859,"[-1, -1, 2, 2, 2, 1, -2, -2, 1, 2, 1, 2, -1, 2, -1, -1, 2, -1, -2]"
432,dfs_bnb_mpi,0.058689,-7,8,14544,"[-1, -1, 2, 1, 1, 2, 1, 2, 1, -2, -2, -1, -2, -2, 1, 2, 1, 2, 2]"
433,dfs_bnb_mpi,5.76758,-7,8,1778111,"[-1, -2, 1, 1, 2, 2, 2, 1, -2, -2, 1, 2, 2, 2, -1, -1, -1, -2, -2]"
434,dfs_bnb_mpi,0.259723,-6,7,62162,"[-1, -1, 2, 1, 2, 2, -1, -2, -1, -1, -2, 1, -2, -2, -1, 2, -1, 2, 2]"
435,dfs_bnb_mpi,7.96578,-6,7,2237052,"[-1, -1, 2, -1, -1, -2, -1, -1, -2, 1, 1, -2, -2, 1, 2, 1, 2, -1, 2]"
436,dfs_bnb_mpi,0.467118,-7,8,121107,"[-1, -2, 1, -2, 1, 2, 1, 2, -1, 2, 1, 2, 2, 1, -2, -2, 1, 2, 2]"
437,dfs_bnb_mpi,0.378115,-7,8,101377,"[-1, -1, 2, 2, -1, -1, -2, 1, -2, -1, -2, -2, 1, 2, 1, -2, 1, 2, 1]"
438,dfs_bnb_mpi,2.62075,-7,8,752362,"[-1, -1, 2, 1, 1, 2, -1, -1, 2, -1, -2, -1, -1, -2, 1, 1, -2, -1, -1]"
439,dfs_bnb_mpi,1.42216,-5,6,424471,"[-1, -1, 2, 2, 2, 1, 1, -2, -2, 1, -2, -2, -1, -1, -2, -1, 2, -1, 2]"
440,dfs_bnb_mpi,0.13691,-7,8,41599,"[-1, -1, 2, 2, -1, -1, -2, 1, -2, -1, -2, -2, -2, 1, 1, 2, 2, -1, -2]"
441,dfs_bnb_mpi,0.621801,-8,9,189076,"[-1, -1, -1, 2, -1, 2, 2, 1, -2, 1, 2, 1, -2, 1, 1, -2, -1, -1, -1]"
442,dfs_bnb_mpi,0.421736,-7,8,104742,"[-1, -1, 2, 2, -1, 2, 2, -1, -2, -1, -2, 1, -2, 1, -2, -1, -1, 2, -1]"
443,dfs_bnb_mpi,5.39086,-7,8,1454716,"[-1, -1, 2, -1, -2, -1, -1, -2, -2, -2, 1, 1, 1, 2, 2, -1, -2, -1, 2]"
444,dfs_bnb_mpi,0.434024,-7,8,123319,"[-1, -1, 2, 1, 2, 2, 2, 1, -2, -2, -2, 1, -2, -2, -1, -1, -2, 1, 1]"
445,dfs_bnb_mpi,0.285981,-4,5,78512,"[-1, -1, 2, 2, 2, 2, 2, 2, 2, 1, 1, 2, 1, -2, -2, -1, -1, -2, 1]"
446,dfs_bnb_mpi,2.7468,-7,7,864774,"[-1, -1, 2, 2, 2, 1, 2, 1, -2, 1, 2, 1, -2, -2, -1, -1, -2, -1, 2]"
447,dfs_bnb_mpi,0.333561,-8,8,100857,"[-1, -2, -2, -1, 2, -1, 2, 1, 2, 1, 1, 2, 2, -1, -2, -1, -1, -2, -1]"
448,dfs_bnb_mpi,2.78669,-8,9,816510,"[-1, -1, 2, 2, -1, -1, 2, 1, 1, 2, 1, -2, 1, -2, 1, -2, -1, -1, 2]"
449,dfs_bnb_mpi,1.51764,-8,9,430591,"[-1, -1, 2, 1, 1, 1, 2, 2, -1, -2, -1, -1, 2, -1, -1, -2, -2, 1, 2]"
450,dfs_bnb_mpi,5.37598,-7,8,1471530,"[-1, -2, 1, 1, 2, 1, 2, 2, 1, -2, -2, -2, -1, -2, -2, -1, -1, 2, 1]"
451,dfs_bnb_mpi,0.864196,-6,7,234603,"[-1, -2, 1, 1, 2, 2, 2, -1, -1, -2, -1, -2, -1, 2, 2, 1, 2, 1, 2]"
452,dfs_bnb_mpi,3.42182,-8,9,815707,"[-1, -1, 2, 1, 1, 2, 1, -2, 1, 2, 1, -2, 1, -2, -1, -1, -2, -1, 2]"
453,dfs_bnb_mpi,2.49668,-7,8,702633,"[-1, -1, 2, 2, 2, 2, 1, 1, 2, 1, -2, -2, -2, -1, -2, -1, 2, 2, 1]"
454,dfs_bnb_mpi,8.1389,-6,7,1932499,"[-1, -1, 2, 2, 2, 2, 1, 1, 1, -2, 1, -2, -1, -2, -1, -1, 2, 1, 2]"
455,dfs_bnb_mpi,0.063904,-6,7,19893,"[-1, -1, 2, 1, 2, 1, -2, 1, -2, 1, 1, -2, -1, -1, -1, -2, -1, 2, -1]"
456,dfs_bnb_mpi,1.0717,-6,7,294709,"[-1, -1, 2, 2, -1, -1, 2, -1, -1, -2, 1, -2, 1, 1, -2, -1, -2, 1, 1]"
457,dfs_bnb_mpi,0.537851,-7,8,152836,"[-1, -1, 2, 2, 1, -2, 1, 2, 2, 1, 2, -1, -1, -2, -1, 2, 2, 1, 1]"
458,dfs_bnb_mpi,0.180708,-7,7,49733,"[-1, -1, 2, 2, 2, 2, 1, -2, 1, 2, 1, -2, -2, -1, -1, -2, 1, 1, 1]"
459,dfs_bnb_mpi,0.248813,-8,9,71192,"[-1, -1, 2, 1, 2, 2, 1, -2, -2, 1, -2, 1, -2, -2, -1, 2, -1, -1, -1]"
460,dfs_bnb_mpi,0.537147,-6,7,164495,"[-1, -1, 2, 1, 2, -1, -1, 2, -1, 2, 2, -1, -2, -2, -2, 1, -2, 1, -2]"
461,dfs_bnb_mpi,12.1103,-7,8,3052446,"[-1, -1, 2, 2, 2, -1, -2, -1, 2, -1, -2, -1, -2, 1, -2, 1, 2, 1, -2]"
462,dfs_bnb_mpi,2.6242,-8,9,787962,"[-1, -2, 1, -2, -2, 1, 2, 1, 2, -1, 2, 1, 2, 2, 2, -1, -2, -2, -1]"
463,dfs_bnb_mpi,0.38214,-7,8,111564,"[-1, -1, 2, 2, 2, 1, -2, -2, 1, 2, 2, 2, 1, 2, 2, -1, -2, -1, -2]"
464,dfs_bnb_mpi,1.40812,-6,7,365002,"[-1, -1, 2, 2, 2, 2, 2, 2, 1, -2, 1, -2, -1, -2, -2, -2, 1, 2, 2]"
465,dfs_bnb_mpi,0.053383,-7,8,15786,"[-1, -1, 2, 2, 2, -1, 2, 1, 2, 1, -2, -2, 1, -2, -1, -2, 1, 1, 2]"
466,dfs_bnb_mpi,0.015621,-7,8,4344,"[-1, -1, 2, 2, -1, -2, -1, -2, 1, -2, -1, -2, -1, 2, -1, 2, 1, 2, 2]"
467,dfs_bnb_mpi,0.085013,-8,9,25520,"[-1, -1, 2, 1, 1, 2, 2, 1, -2, 1, -2, -1, -2, -2, -1, -2, -1, 2, -1]"
468,dfs_bnb_mpi,0.030064,-7,8,8487,"[-1, -2, 1, 1, 2, 1, 1, 1, -2, -1, -1, -2, -1, -2, -1, 2, -1, -1, 2]"
469,dfs_bnb_mpi,5.38223,-7,8,1406145,"[-1, -1, 2, -1, -2, -1, -1, -2, 1, 1, 1, 1, -2, 1, -2, -1, -1, 2, -1]"
470,dfs_bnb_mpi,1.06358,-7,8,262884,"[-1, -1, 2, 2, 2, -1, -2, -2, -1, -1, -1, -2, 1, 1, 1, -2, -1, -1, -1]"
471,dfs_bnb_mpi,0.472431,-9,10,146250,"[-1, -2, 1, 1, 2, 2, -1, -1, 2, -1, -1, -2, -1, -2, 1, -2, 1, 2, 2]"
472,dfs_bnb_mpi,1.1031,-8,9,313010,"[-1, -1, 2, 2, 2, -1, -1, 2, 1, 2, 1, -2, 1, -2, 1, -2, -2, -1, 2]"
473,dfs_bnb_mpi,1.25013,-7,8,276876,"[-1, -1, 2, 2, 1, 2, -1, 2, 2, -1, -2, -1, -2, 1, -2, -1, -1, 2, 2]"
474,dfs_bnb_mpi,0.297169,-6,6,75925,"[-1, -1, 2, 2, 2, 2, 2, 2, 1, -2, -2, -2, 1, 1, -2, -1, -1, -2, 1]"
475,dfs_bnb_mpi,3.15559,-8,9,742357,"[-1, -1, 2, 2, -1, 2, 1, 1, 2, 1, -2, 1, -2, -1, -1, -2, 1, 1, -2]"
476,dfs_bnb_mpi,0.542372,-8,9,162351,"[-1, -1, 2, 2, 1, -2, 1, 2, 1, 2, 2, -1, 2, -1, -2, -1, -2, 1, 1]"
477,dfs_bnb_mpi,0.357509,-7,7,95820,"[-1, -1, 2, 2, 1, -2, 1, 2, 2, 1, 2, 2, 2, -1, -2, -2, -1, -2, -1]"
478,dfs_bnb_mpi,0.202223,-8,9,52209,"[-1, -2, 1, 1, 2, 2, 1, 2, -1, 2, -1, -2, -2, -1, -1, 2, 1, 2, 2]"
479,dfs_bnb_mpi,0.134486,-9,10,38513,"[-1, -2, -1, -1, 2, 1, 2, 1, 2, 1, -2, 1, -2, 1, -2, -1, -2, -1, 2]"
480,dfs_bnb_mpi,0.550341,-7,8,133521,"[-1, -2, 1, 1, 2, 1, 1, 2, 2, 2, -1, -2, -2, -1, 2, -1, -2, -1, 2]"
481,dfs_bnb_mpi,0.612555,-6,7,163501,"[-1, -1, 2, -1, -2, -2, 1, -2, -1, -2, 1, 1, 2, 2, 1, -2, 1, 2, 2]"
482,dfs_bnb_mpi,0.571431,-6,7,154671,"[-1, -2, -1, -2, 1, -2, 1, 1, 1, 1, 2, -1, -1, -1, 2, 1, 2, 2, 2]"
483,dfs_bnb_mpi,0.279054,-7,8,71729,"[-1, -2, -1, -2, 1, -2, 1, 2, 2, 1, 2, 1, -2, -2, -1, -2, 1, 1, 2]"
484,dfs_bnb_mpi,1.14381,-7,8,356199,"[-1, -1, 2, 2, 2, 1, 1, -2, -1, -2, 1, 1, 1, 2, 2, 2, -1, -2, -2]"
485,dfs_bnb_mpi,2.45681,-7,8,686848,"[-1, -1, 2, 2, 2, 2, 1, -2, 1, 2, 2, -1, -1, -1, -1, -2, -2, 1, 2]"
486,dfs_bnb_mpi,2.68848,-8,9,820288,"[-1, -1, 2, 1, 2, 2, 2, 1, 1, -2, 1, 1, -2, -1, -1, -2, -1, 2, 2]"
487,dfs_bnb_mpi,0.700708,-7,8,222152,"[-1, -2, 1, 1, 2, 2, 1, -2, -2, 1, 1, 2, -1, 2, 2, -1, -1, -1, -2]"
488,dfs_bnb_mpi,1.79732,-8,9,499078,"[-1, -2, 1, -2, 1, 2, 2, 1, 2, -1, 2, 2, -1, -2, -1, -1, -2, 1, 1]"
489,dfs_bnb_mpi,0.187364,-7,8,54256,"[-1, -1, 2, 2, 2, 1, 2, -1, 2, 2, 1, -2, 1, -2, -2, -2, -1, -2, 1]"
490,dfs_bnb_mpi,0.024698,-7,8,7366,"[-1, -1, 2, 2, 1, -2, 1, 2, 1, 1, -2, -1, -2, 1, -2, -1, -1, -1, -1]"
491,dfs_bnb_mpi,1.11286,-7,8,255662,"[-1, -2, 1, 1, 2, 2, -1, -1, 2, -1, -1, -2, 1, -2, -1, -2, 1, -2, 1]"
492,dfs_bnb_mpi,4.65658,-6,7,1061163,"[-1, -1, 2, 1, 2, -1, 2, 2, 2, -1, -2, -2, -2, -1, -2, 1, -2, -1, -1]"
493,dfs_bnb_mpi,0.065004,-8,9,18158,"[-1, -1, 2, -1, 2, 1, 2, 1, -2, -2, 1, 2, 1, 1, 2, -1, 2, -1, -2]"
494,dfs_bnb_mpi,0.199015,-7,8,57522,"[-1, -1, 2, 2, -1, -2, -1, -2, 1, -2, 1, 1, 1, -2, 1, -2, -1, -1, 2]"
495,dfs_bnb_mpi,0.364868,-8,9,103356,"[-1, -2, -1, -2, 1, -2, -2, -1, 2, -1, -1, 2, 1, 2, 2, 1, 2, 1, 2]"
496,dfs_bnb_mpi,0.56056,-6,6,159340,"[-1, -1, 2, 2, 2, -1, -2, -1, 2, 2, 1, 1, 1, -2, 1, -2, -2, -1, 2]"
497,dfs_bnb_mpi,0.433778,-6,7,136744,"[-1, -1, 2, 2, -1, -2, -2, -1, 2, 2, 2, 2, 1, 1, 1, -2, -2, -2, 1]"
498,dfs_bnb_mpi,8.00071,-7,8,2064320,"[-1, -1, 2, 1, 2, 2, 2, 2, 1, -2, -2, -2, 1, 1, -2, -2, -1, 2, -1]"
499,dfs_bnb_mpi,2.8643,-8,9,693005,"[-1, -2, -2, -1, -1, -2, 1, 1, -2, -2, 1, 2, 1, 2, -1, 2, 2, 1, -2]"
500,dfs_bnb_mpi,4.76642,-7,8,1498342,"[-1, -2, 1, 1, 2, 2, 2, 1, -2, -2, 1, 2, 2, 2, -1, -1, -1, -2, -2]"
501,dfs_bnb_mpi,0.788588,-8,9,225564,"[-1, -2, 1, 1, 2, 1, 2, -1, -1, -1, 2, 2, 1, -2, 1, 2, 1, -2, 1]"
502,dfs_bnb_mpi,0.27164,-7,7,70229,"[-1, -1, 2, 2, 2, -1, -2, -1, -2, 1, -2, -1, -1, -2, 1, 1, -2, -1, -1]"
503,dfs_bnb_mpi,0.718549,-7,7,217421,"[-1, -1, 2, 2, 1, -2, 1, 2, 2, -1, -1, 2, -1, -2, -2, -2, -1, -2, 1]"
504,dfs_bnb_mpi,1.04239,-7,8,304315,"[-1, -2, 1, 1, 2, 2, -1, -1, 2, -1, -1, -2, 1, -2, -2, -1, 2, -1, 2]"
505,dfs_bnb_mpi,0.160911,-7,8,47746,"[-1, -1, 2, 1, 1, 2, -1, -1, 2, 1, 2, -1, -1, -2, -1, -2, 1, -2, -1]"
506,dfs_bnb_mpi,0.077409,-7,8,18797,"[-1, -1, 2, -1, -2, -1, 2, -1, -2, -2, 1, 1, -2, 1, 2, 1, 1, 1, 2]"
507,dfs_bnb_mpi,1.38545,-7,8,375985,"[-1, -2, 1, 1, 2, 2, 1, 2, -1, 2, 2, -1, -2, -2, -2, -1, 2, 2, 2]"
508,dfs_bnb_mpi,0.709772,-7,8,171413,"[-1, -1, 2, 1, 2, -1, 2, 1, 2, 1, 1, -2, -1, -2, 1, 1, -2, -1, -1]"
509,dfs_bnb_mpi,1.20816,-7,8,288319,"[-1, -1, 2, 1, 2, -1, -1, -2, -1, -2, 1, -2, 1, 1, 1, -2, -1, -1, -1]"
510,dfs_bnb_mpi,0.59201,-9,10,157369,"[-1, -2, -2, -1, 2, -1, 2, 1, 2, 1, 2, 1, -2, 1, -2, 1, -2, -1, -1]"
511,dfs_bnb_mpi,1.64712,-6,7,475275,"[-1, -1, 2, 2, 2, 2, 2, 1, -2, -2, -2, -2, 1, 2, 1, -2, -2, -2, -1]"
512,dfs_bnb_mpi,0.00608,-7,7,1566,"[-1, -1, 2, 1, 1, 1, -2, 1, -2, -1, -1, -2, -1, 2, -1, -1, 2, 2, 2]"
513,dfs_bnb_mpi,0.682194,-7,8,165892,"[-1, -1, 2, 2, -1, 2, 1, 1, 2, 1, 1, -2, -1, -2, 1, -2, -1, -1, 2]"
514,dfs_bnb_mpi,0.453302,-7,8,105926,"[-1, -1, 2, -1, -2, -2, 1, -2, -2, 1, 2, 2, 1, -2, 1, 2, 2, 2, 2]"
515,dfs_bnb_mpi,1.73461,-7,8,440526,"[-1, -1, 2, -1, -2, -2, -1, -2, 1, 1, 2, 1, -2, 1, -2, -1, -1, -1, -1]"
516,dfs_bnb_mpi,0.755953,-7,8,235170,"[-1, -1, 2, 1, 2, 1, -2, 1, -2, -2, -1, -2, -2, -1, 2, 2, -1, -1, 2]"
517,dfs_bnb_mpi,0.358346,-6,7,92740,"[-1, -2, 1, 1, 2, 2, 1, -2, 1, 1, -2, -1, -1, -2, -1, -1, -1, -1, 2]"
518,dfs_bnb_mpi,0.102593,-7,8,31653,"[-1, -1, 2, 2, -1, -1, -2, 1, -2, -2, 1, 1, 1, 1, 2, 2, -1, -1, 2]"
519,dfs_bnb_mpi,5.35987,-7,8,1275005,"[-1, -1, -1, 2, 2, 2, 1, 2, 2, 1, -2, -2, 1, -2, -1, -1, -2, 1, 1]"
520,dfs_bnb_mpi,0.376114,-8,9,116572,"[-1, -1, 2, 2, 1, -2, 1, 2, 1, -2, 1, 1, -2, -1, -1, -2, -2, -1, 2]"
521,dfs_bnb_mpi,3.20132,-4,5,882554,"[-1, -1, 2, 2, 2, 2, 2, 2, 2, 1, 2, 1, 2, -1, -1, -2, -1, -2, -1]"
522,dfs_bnb_mpi,0.032535,-6,7,9317,"[-1, -1, 2, 2, 1, -2, 1, 2, 1, -2, 1, 2, 1, -2, -2, -1, -1, -2, 1]"
523,dfs_bnb_mpi,0.013855,-5,6,3554,"[-1, -1, 2, 2, -1, -2, -1, -2, 1, -2, -1, -1, 2, 2, 2, 2, 2, 2, 2]"
524,dfs_bnb_mpi,0.03478,-8,9,9070,"[-1, -2, -1, -2, 1, 1, 2, 1, 2, 2, -1, 2, 1, 1, -2, 1, -2, -1, -2]"
525,dfs_bnb_mpi,0.330845,-7,8,100497,"[-1, -1, 2, 2, -1, -2, -1, -2, 1, -2, 1, -2, -1, -1, -1, -1, 2, 1, 1]"
526,dfs_bnb_mpi,3.34709,-7,8,809184,"[-1, -1, 2, 1, 2, 2, 1, -2, 1, 2, 1, -2, 1, -2, -1, -2, -1, 2, -1]"
527,dfs_bnb_mpi,1.34309,-7,8,373573,"[-1, -2, 1, 1, 2, 2, 1, -2, 1, -2, -1, -2, -2, -2, -1, 2, 2, -1, -1]"
528,dfs_bnb_mpi,1.08163,-8,9,287402,"[-1, -1, 2, 1, 1, 2, 2, 1, 2, -1, 2, -1, -1, -2, 1, -2, -1, -2, 1]"
529,dfs_bnb_mpi,0.839916,-9,10,191723,"[-1, -1, 2, -1, -2, -1, -2, -1, -2, 1, -2, 1, 2, 2, 1, -2, 1, -2, -1]"
530,dfs_bnb_mpi,2.79102,-7,8,815529,"[-1, -1, -1, 2, 1, 2, -1, 2, -1, -2, -2, -2, -1, -2, 1, 1, 1, -2, -1]"
531,dfs_bnb_mpi,2.58533,-7,8,699724,"[-1, -1, 2, 2, 2, 2, 2, 1, 2, 1, -2, 1, -2, -2, -1, 2, -1, -2, -2]"
532,dfs_bnb_mpi,0.052343,-6,7,13248,"[-1, -1, 2, 1, 2, -1, 2, -1, -2, -2, -1, -2, -1, 2, 2, 1, 2, 2, 2]"
533,dfs_bnb_mpi,4.14768,-7,8,1095395,"[-1, -1, 2, -1, 2, 2, -1, -1, -1, -2, 1, 1, -2, -1, -2, 1, -2, 1, 2]"
534,dfs_bnb_mpi,1.30121,-6,7,311619,"[-1, -1, 2, 2, 1, -2, 1, 2, 2, 1, 1, -2, -2, -1, -2, 1, 1, 2, 2]"
535,dfs_bnb_mpi,0.14876,-7,8,39698,"[-1, -1, 2, -1, -2, -1, 2, -1, 2, 1, 1, 1, 2, 1, 2, -1, -1, -2, -1]"
536,dfs_bnb_mpi,0.699116,-7,8,185612,"[-1, -2, 1, 1, 2, 1, 2, 2, 2, -1, -2, -2, -1, -1, 2, 1, 2, 2, 2]"
537,dfs_bnb_mpi,6.63612,-6,7,1975331,"[-1, -1, 2, 2, 2, 2, 2, 2, 1, -2, 1, -2, -2, -2, -2, -1, 2, 2, 2]"
538,dfs_bnb_mpi,0.04524,-7,8,12661,"[-1, -1, -1, 2, 1, 1, 1, 2, -1, 2, -1, -2, -1, 2, 2, 1, 1, 2, 2]"
539,dfs_bnb_mpi,0.149523,-7,8,42636,"[-1, -1, 2, 1, 2, 2, 1, -2, -2, 1, 2, 1, -2, 1, -2, -1, -1, -2, 1]"
540,dfs_bnb_mpi,0.013184,-8,9,3571,"[-1, -1, 2, 1, 1, 1, -2, -2, -1, -1, -1, -2, 1, -2, 1, 2, 1, 1, 2]"
541,dfs_bnb_mpi,0.077507,-7,8,19239,"[-1, -2, 1, 1, 2, 1, 2, 1, 2, -1, -1, -2, -1, 2, 2, 2, 2, 2, 2]"
542,dfs_bnb_mpi,0.175997,-8,8,44082,"[-1, -1, 2, 1, 2, -1, 2, -1, -1, -2, 1, -2, -1, -1, -2, 1, -2, 1, 2]"
543,dfs_bnb_mpi,0.013655,-6,7,3883,"[-1, -1, 2, 1, 1, 2, 2, -1, -2, -1, -1, -2, -2, -1, 2, 2, 2, 2, 2]"
544,dfs_bnb_mpi,0.044426,-7,8,13735,"[-1, -2, -1, 2, -1, -2, -2, 1, -2, -2, 1, 2, 2, 1, 2, 1, 2, 2, 2]"
545,dfs_bnb_mpi,0.181544,-7,8,50242,"[-1, -1, 2, -1, -2, -2, -1, 2, -1, 2, 1, 2, 1, 2, 2, 1, -2, -2, 1]"
546,dfs_bnb_mpi,1.65549,-8,8,504449,"[-1, -2, 1, 1, 1, 2, 1, 1, 2, -1, 2, 2, 2, -1, -2, -2, -2, -1, -2]"
547,dfs_bnb_mpi,0.384936,-6,7,115505,"[-1, -1, 2, 2, 2, 1, -2, -2, 1, 2, 2, 2, 1, -2, 1, -2, -1, -2, 1]"
548,dfs_bnb_mpi,0.379596,-6,6,107737,"[-1, -1, 2, 2, 1, -2, 1, 2, 2, -1, 2, 1, 1, -2, -2, 1, -2, -1, -2]"
549,dfs_bnb_mpi,0.491757,-7,8,124286,"[-1, -1, -1, 2, 2, -1, 2, 1, 2, 2, 1, -2, -2, 1, -2, -1, -2, 1, 1]"
550,dfs_bnb_mpi,3.41768,-8,9,807849,"[-1, -1, -1, 2, 2, 2, -1, 2, 1, 2, 1, -2, 1, -2, -1, -2, -2, 1, 2]"
551,dfs_bnb_mpi,0.271395,-6,7,72528,"[-1, -1, 2, 2, 1, 1, 1, -2, -2, -2, 1, 2, 2, 1, 2, -1, 2, -1, 2]"
552,dfs_bnb_mpi,0.046131,-7,7,12223,"[-1, -2, 1, 1, 1, -2, -1, -1, -1, -1, -2, 1, 1, -2, -2, 1, 2, 2, 1]"
553,dfs_bnb_mpi,1.69285,-7,8,442820,"[-1, -1, 2, 2, 1, -2, 1, 2, 1, -2, 1, -2, 1, -2, -2, -1, 2, -1, 2]"
554,dfs_bnb_mpi,4.54047,-7,8,1192033,"[-1, -1, 2, 1, 2, 1, 2, -1, -1, 2, 1, 1, 2, 1, -2, -2, -2, -2, -1]"
555,dfs_bnb_mpi,0.940733,-8,9,260338,"[-1, -1, 2, 2, -1, 2, -1, -2, -1, -2, -1, -2, 1, -2, 1, 2, 1, 2, -1]"
556,dfs_bnb_mpi,0.331234,-7,7,87800,"[-1, -2, 1, 1, 1, -2, -1, -1, -1, -1, 2, 2, 2, -1, -2, -1, -2, 1, -2]"
557,dfs_bnb_mpi,1.79864,-7,8,522086,"[-1, -1, 2, 1, 2, -1, -1, 2, 1, 2, 1, -2, 1, -2, -2, 1, -2, -2, -1]"
558,dfs_bnb_mpi,1.62624,-7,8,440161,"[-1, -1, 2, 1, 2, 2, 1, -2, 1, 2, 1, -2, 1, -2, -1, -2, -1, 2, -1]"
559,dfs_bnb_mpi,0.391625,-7,8,106682,"[-1, -1, 2, 2, -1, -1, -1, -2, -2, 1, 2, 1, -2, -2, 1, -2, 1, 2, 1]"
560,dfs_bnb_mpi,0.880758,-7,8,257333,"[-1, -1, 2, 2, 1, -2, 1, 2, 1, 2, 1, 2, -1, 2, -1, -2, -2, -1, 2]"
561,dfs_bnb_mpi,0.519357,-6,7,129924,"[-1, -2, 1, 1, 2, 2, -1, -1, 2, -1, -2, -2, -1, -2, -1, 2, 2, 1, 2]"
562,dfs_bnb_mpi,0.550219,-9,10,155540,"[-1, -2, -1, -2, 1, -2, -1, -1, -2, 1, -2, 1, 2, 1, 2, 2, 1, 2, -1]"
563,dfs_bnb_mpi,1.32643,-7,8,350152,"[-1, -1, 2, 2, 2, 1, -2, -2, 1, 2, 1, -2, 1, 1, -2, -1, -1, -2, -1]"
564,dfs_bnb_mpi,0.449262,-7,8,105702,"[-1, -1, 2, -1, 2, 1, 1, -2, 1, 2, 1, 2, -1, -1, 2, 1, 1, 2, 2]"
565,dfs_bnb_mpi,0.286779,-6,7,74675,"[-1, -1, 2, 2, -1, -2, -1, 2, -1, -1, -2, 1, -2, 1, 1, -2, 1, 1, 1]"
566,dfs_bnb_mpi,0.527365,-7,8,143218,"[-1, -1, 2, 1, 2, -1, -1, -1, 2, 1, 1, 2, 1, -2, 1, -2, 1, -2, -1]"
567,dfs_bnb_mpi,9.28682,-4,5,2425296,"[-1, -1, 2, 2, 2, 2, 2, 2, 1, 2, -1, 2, -1, -2, -1, -1, -2, 1, 1]"
568,dfs_bnb_mpi,0.494961,-9,8,130219,"[-1, -1, 2, 1, 1, 2, 1, -2, 1, -2, -1, -2, 1, 1, -2, -1, -1, -1, 2]"
569,dfs_bnb_mpi,7.00537,-6,7,2039165,"[-1, -1, 2, 2, 1, 2, 2, -1, -2, -1, 2, -1, -2, -1, -2, 1, 1, -2, -1]"
570,dfs_bnb_mpi,0.054977,-8,9,15276,"[-1, -1, 2, 1, 2, 2, 1, 1, -2, -1, -2, 1, -2, -2, -1, -1, -1, -1, 2]"
571,dfs_bnb_mpi,0.289021,-8,9,86387,"[-1, -1, 2, 2, 2, -1, -2, -2, -1, 2, -1, -2, -1, -2, 1, 1, -2, 1, 2]"
572,dfs_bnb_mpi,8.30055,-6,6,1984674,"[-1, -1, 2, 2, 2, 2, -1, -2, -2, -1, -2, 1, -2, -1, -2, 1, 1, -2, -1]"
573,dfs_bnb_mpi,0.328475,-6,7,98667,"[-1, -1, 2, 2, 1, -2, 1, 2, 2, 2, 1, 2, -1, 2, -1, -2, -2, -2, -1]"
574,dfs_bnb_mpi,8.91317,-6,6,2151857,"[-1, -1, 2, 2, 2, 2, 2, 2, 1, -2, -2, -2, -2, 1, 2, 2, 2, 1, -2]"
575,dfs_bnb_mpi,1.35757,-7,8,361032,"[-1, -1, 2, 2, 2, 1, 1, 2, 1, -2, -2, -1, -1, -2, 1, 1, -2, -2, -1]"
576,dfs_bnb_mpi,0.514298,-8,9,153874,"[-1, -1, 2, 2, 2, -1, 2, 1, 1, -2, 1, 2, 1, -2, -2, -1, -2, -1, 2]"
577,dfs_bnb_mpi,0.167139,-8,9,47841,"[-1, -2, 1, 1, -2, -1, -1, -1, -2, 1, -2, 1, -2, 1, 2, 1, 2, -1, -1]"
578,dfs_bnb_mpi,0.093099,-8,9,26514,"[-1, -1, 2, 1, 2, 1, -2, 1, 2, 2, 2, -1, 2, -1, -2, -1, -2, 1, 1]"
579,dfs_bnb_mpi,0.686475,-6,6,170808,"[-1, -1, -1, 2, 1, 1, 2, -1, 2, 1, 2, 1, -2, -2, -2, 1, 2, 2, 2]"
580,dfs_bnb_mpi,7.07986,-7,8,1607357,"[-1, -2, -1, 2, 2, 1, 2, 2, 2, 1, -2, -2, -2, 1, -2, 1, -2, -1, -1]"
581,dfs_bnb_mpi,0.121228,-5,6,37587,"[-1, -1, 2, 2, 1, -2, 1, 2, 2, 1, -2, -2, 1, -2, -1, -2, -1, -1, -1]"
582,dfs_bnb_mpi,0.80709,-7,7,236897,"[-1, -1, 2, 1, 2, 2, -1, -2, -1, -2, -1, 2, -1, -2, -2, 1, -2, 1, 2]"
583,dfs_bnb_mpi,0.008879,-7,8,2583,"[-1, -1, 2, 1, 1, 2, 2, -1, -2, -1, -1, -2, -1, -2, 1, -2, 1, 1, 1]"
584,dfs_bnb_mpi,0.260478,-6,7,68862,"[-1, -1, 2, 2, 1, 2, -1, 2, -1, -1, -2, 1, -2, -1, -1, -2, 1, 1, -2]"
585,dfs_bnb_mpi,2.86363,-7,8,784367,"[-1, -2, 1, -2, 1, 2, 1, 2, 2, 2, -1, -1, 2, -1, -2, -2, 1, 1, -2]"
586,dfs_bnb_mpi,6.35651,-7,7,1532880,"[-1, -2, 1, 1, 2, 2, 2, 2, -1, -1, -1, -2, 1, 1, -2, -1, -1, -1, 2]"
587,dfs_bnb_mpi,0.252715,-6,7,66457,"[-1, -1, 2, 2, 1, 2, -1, 2, -1, -1, -2, 1, -2, -1, -1, -2, 1, 1, -2]"
588,dfs_bnb_mpi,1.10683,-8,9,341032,"[-1, -2, 1, 1, 2, 2, 1, -2, 1, -2, -1, -2, 1, -2, -1, -1, -1, 2, 1]"
589,dfs_bnb_mpi,0.2045,-6,7,49388,"[-1, -1, 2, 2, 2, -1, -2, -2, -1, -2, 1, -2, 1, -2, -1, -1, 2, -1, 2]"
590,dfs_bnb_mpi,0.12322,-8,9,35333,"[-1, -2, 1, -2, 1, 2, 2, 2, -1, 2, 1, 2, 1, -2, -2, -2, 1, 2, 2]"
591,dfs_bnb_mpi,0.090389,-7,8,27310,"[-1, -1, 2, 2, 1, -2, 1, 2, 1, -2, -2, -2, 1, -2, -1, -1, 2, -1, -1]"
592,dfs_bnb_mpi,0.375301,-6,7,102569,"[-1, -1, 2, 2, 2, -1, -2, -2, -1, 2, -1, -2, -2, 1, 1, -2, 1, 1, 1]"
593,dfs_bnb_mpi,0.04224,-7,8,12248,"[-1, -1, 2, 2, -1, 2, 1, 2, -1, 2, -1, -2, -2, -1, -2, 1, -2, 1, -2]"
594,dfs_bnb_mpi,0.261955,-7,8,62737,"[-1, -2, -2, -2, 1, 1, 1, 2, -1, -1, 2, 1, 2, 1, -2, 1, 2, 2, 2]"
595,dfs_bnb_mpi,0.489446,-7,7,143745,"[-1, -2, 1, 1, 2, 2, 2, -1, -2, -1, -1, 2, 1, 2, 2, 2, 1, -2, -2]"
596,dfs_bnb_mpi,11.5665,-7,8,3034123,"[-1, -1, 2, 2, -1, -1, -1, -2, 1, 1, -2, -2, -2, -1, -1, 2, 2, 1, -2]"
597,dfs_bnb_mpi,0.144758,-7,8,41815,"[-1, -1, 2, 2, -1, 2, 1, 2, 1, 1, -2, -1, -2, -2, 1, 2, 1, 2, 2]"
598,dfs_bnb_mpi,8.14814,-7,8,2074084,"[-1, -2, -2, 1, 1, 1, 1, 2, 2, 2, -1, 2, -1, -2, -2, 1, -2, -1, -1]"
599,dfs_bnb_mpi,3.4394,-7,8,1021145,"[-1, -1, 2, 2, 2, -1, -1, -2, -1, -1, -2, 1, 1, -2, -2, 1, 2, 2, 2]"
600,dfs_bnb_mpi,1.11705,-6,7,327396,"[-1, -1, 2, 1, 2, 1, 1, 2, 1, -2, -2, -1, -2, -2, -1, -1, -2, 1, 1]"
601,dfs_bnb_mpi,0.587282,-8,8,152355,"[-1, -1, 2, 1, 1, 1, 2, -1, 2, 1, 1, -2, 1, -2, -1, -2, -2, -1, 2]"
602,dfs_bnb_mpi,0.448938,-8,9,130266,"[-1, -2, -1, -2, -1, 2, -1, -2, -2, 1, -2, 1, 2, 1, 2, 1, 2, 1, 2]"
603,dfs_bnb_mpi,2.44272,-7,8,712028,"[-1, -1, 2, 2, -1, -2, -1, 2, -1, -2, -1, -2, 1, -2, 1, 2, 1, -2, 1]"
604,dfs_bnb_mpi,0.562597,-6,7,152687,"[-1, -1, 2, -1, -2, -2, -2, -1, -2, 1, 1, 1, 2, -1, 2, 1, 1, 1, 2]"
605,dfs_bnb_mpi,0.846616,-9,10,247970,"[-1, -2, -1, -1, -2, 1, -2, 1, 2, 1, 2, 1, -2, 1, 2, 1, 2, -1, -1]"
606,dfs_bnb_mpi,0.009173,-5,6,2260,"[-1, -1, 2, 2, 2, 1, 1, -2, -1, -2, 1, 1, 2, 2, 2, 2, 2, 2, 2]"
607,dfs_bnb_mpi,0.642366,-6,7,182780,"[-1, -1, 2, 2, 2, 2, 2, 2, 1, -2, -2, -2, 1, 2, 1, 2, 2, -1, -2]"
608,dfs_bnb_mpi,0.552082,-6,7,132083,"[-1, -1, 2, 2, 2, 2, 2, 1, -2, 1, -2, -1, -2, -2, 1, 2, 1, 2, 2]"
609,dfs_bnb_mpi,3.28155,-7,8,954722,"[-1, -1, 2, 1, 1, 2, 1, -2, 1, 2, 2, 1, -2, -2, -2, -1, -2, -1, 2]"
610,dfs_bnb_mpi,11.4815,-7,8,3046828,"[-1, -1, 2, 2, 1, 2, 2, 1, -2, -2, 1, 1, -2, 1, -2, -1, -1, 2, -1]"
611,dfs_bnb_mpi,0.046232,-8,8,11888,"[-1, -1, 2, 1, 1, 2, 1, 1, -2, -1, -2, -2, 1, 2, 1, 1, 2, -1, 2]"
612,dfs_bnb_mpi,1.74137,-7,8,423296,"[-1, -1, 2, 2, 2, -1, -1, 2, -1, -2, -2, 1, 1, -2, -1, -1, -2, 1, 1]"
613,dfs_bnb_mpi,8.64466,-8,9,2274929,"[-1, -1, 2, -1, -2, -1, -1, -2, 1, -2, -1, -2, 1, 1, 1, 2, 2, -1, -2]"
614,dfs_bnb_mpi,0.958963,-8,9,286912,"[-1, -2, -1, 2, -1, 2, 1, 2, 2, 1, 2, 1, -2, 1, -2, -1, -1, -2, 1]"
615,dfs_bnb_mpi,0.513555,-8,9,154445,"[-1, -2, 1, 1, -2, -1, -1, -1, 2, 2, 2, 1, 2, 1, -2, 1, 1, -2, -1]"
616,dfs_bnb_mpi,0.666745,-6,7,158892,"[-1, -1, 2, 1, 1, 1, 2, -1, -1, 2, -1, -2, -1, 2, -1, -2, -2, 1, -2]"
617,dfs_bnb_mpi,0.833365,-6,7,249715,"[-1, -1, 2, -1, 2, -1, -2, -2, 1, -2, 1, -2, -2, 1, 2, 2, 1, 1, 2]"
618,dfs_bnb_mpi,1.81881,-6,7,421629,"[-1, -1, 2, 2, 2, -1, -1, 2, -1, -2, -2, -2, 1, 2, 1, -2, -2, -1, -1]"
619,dfs_bnb_mpi,4.45628,-7,8,1150450,"[-1, -1, 2, -1, 2, 2, -1, -2, -2, -1, 2, -1, -2, -2, 1, 1, -2, 1, 2]"
620,dfs_bnb_mpi,0.295891,-6,7,90993,"[-1, -1, 2, 1, 1, 2, 2, 1, -2, -2, 1, 1, -2, -1, -1, -2, -1, -1, -1]"
621,dfs_bnb_mpi,2.58076,-7,8,661996,"[-1, -1, 2, 2, 2, 2, 2, 1, 1, -2, 1, -2, -1, -2, -1, -2, 1, 1, 2]"
622,dfs_bnb_mpi,0.297386,-7,8,76040,"[-1, -2, 1, 1, 1, -2, -1, -2, -1, 2, -1, -1, -1, 2, 1, 2, -1, 2, 2]"
623,dfs_bnb_mpi,0.276146,-7,8,84759,"[-1, -1, 2, -1, -1, -2, 1, -2, -1, -1, -2, 1, 1, -2, 1, 2, 2, 1, 1]"
624,dfs_bnb_mpi,0.965317,-7,8,286780,"[-1, -1, -1, 2, 1, 2, 2, 1, 1, 2, 1, -2, -2, -1, -1, -2, 1, 1, 1]"
625,dfs_bnb_mpi,3.89732,-6,7,1079794,"[-1, -1, 2, 2, 2, 2, 1, 2, -1, -1, -2, -2, -1, -2, 1, -2, -2, -2, 1]"
626,dfs_bnb_mpi,4.68446,-7,8,1082417,"[-1, -1, 2, -1, 2, 2, -1, -2, -2, -1, -2, -2, 1, 2, 1, -2, 1, -2, -1]"
627,dfs_bnb_mpi,0.325177,-7,8,96686,"[-1, -2, 1, 1, 1, -2, -1, -1, -1, -1, 2, 2, 2, 1, 2, 1, -2, 1, 2]"
628,dfs_bnb_mpi,0.406681,-7,8,101505,"[-1, -1, 2, 1, 1, 2, 1, -2, 1, 1, -2, -1, -1, -2, -1, -2, -1, 2, -1]"
629,dfs_bnb_mpi,0.581688,-7,8,157971,"[-1, -1, 2, 2, 2, -1, 2, -1, -2, -2, 1, -2, -2, -2, -1, 2, 2, -1, 2]"
630,dfs_bnb_mpi,0.067738,-8,9,18361,"[-1, -2, 1, 1, 2, 2, 1, -2, 1, -2, -1, -2, 1, -2, 1, 2, 2, 2, 2]"
631,dfs_bnb_mpi,0.039329,-6,7,11296,"[-1, -1, 2, 2, 1, -2, 1, 1, -2, -2, -2, -1, 2, -1, -1, -2, 1, -2, 1]"
632,dfs_bnb_mpi,1.22042,-7,8,338803,"[-1, -1, 2, 2, 2, -1, -2, -1, -1, 2, -1, -2, -2, 1, -2, 1, 2, 1, -2]"
633,dfs_bnb_mpi,0.096768,-7,8,23832,"[-1, -1, 2, -1, -2, -1, -2, 1, 1, 1, 1, -2, -1, -1, -2, 1, 1, 1, 2]"
634,dfs_bnb_mpi,0.401971,-8,9,117352,"[-1, -1, 2, 1, 2, -1, -1, -2, -2, -1, -1, 2, 1, 2, 2, 1, 2, 1, -2]"
635,dfs_bnb_mpi,1.06431,-6,7,252386,"[-1, -2, -1, -1, -1, 2, 1, 1, 2, 1, 2, 2, -1, -2, -1, -2, -1, 2, 2]"
636,dfs_bnb_mpi,1.10029,-7,8,321815,"[-1, -1, 2, 2, 1, 2, 1, -2, 1, 2, 2, -1, 2, -1, -2, -1, -2, -1, -2]"
637,dfs_bnb_mpi,0.445049,-8,9,121474,"[-1, -1, 2, 1, 2, 1, -2, 1, 1, -2, -1, -2, -1, -1, -1, -2, -2, 1, 2]"
638,dfs_bnb_mpi,2.89857,-7,8,807244,"[-1, -1, 2, 2, 2, 1, -2, -2, 1, 1, 2, -1, 2, 2, 1, -2, 1, -2, 1]"
639,dfs_bnb_mpi,2.91946,-7,8,688122,"[-1, -2, 1, 1, -2, 1, 1, 2, -1, 2, -1, 2, 2, -1, 2, -1, -2, -2, 1]"
640,dfs_bnb_mpi,0.544636,-8,8,133254,"[-1, -1, 2, -1, 2, 1, 2, 2, 1, -2, -2, -2, 1, 2, 1, -2, 1, -2, -1]"
641,dfs_bnb_mpi,1.56109,-8,9,400369,"[-1, -1, 2, -1, 2, -1, -1, 2, 1, 1, 2, 1, -2, -2, 1, -2, 1, 1, -2]"
642,dfs_bnb_mpi,2.8874,-7,8,765220,"[-1, -1, 2, 2, 2, 1, 2, 1, -2, 1, 1, -2, -2, -1, 2, -1, -1, -2, 1]"
643,dfs_bnb_mpi,0.669315,-6,7,176062,"[-1, -1, 2, 2, 2, 2, 1, 2, 1, -2, -2, -1, -2, 1, 1, 2, 2, 2, 2]"
644,dfs_bnb_mpi,3.03702,-6,7,835853,"[-1, -1, 2, 2, 1, 2, -1, 2, 1, 2, -1, 2, -1, -2, -1, -2, 1, -2, -2]"
645,dfs_bnb_mpi,1.21478,-7,8,274956,"[-1, -1, 2, -1, 2, -1, 2, 1, 2, 1, 1, -2, -1, -2, 1, -2, 1, 2, 2]"
646,dfs_bnb_mpi,1.98244,-7,8,526666,"[-1, -1, 2, 2, 2, 2, 1, -2, -2, -2, 1, 2, 1, 2, 2, 2, -1, -2, -2]"
647,dfs_bnb_mpi,0.245274,-7,8,71326,"[-1, -1, 2, 2, 2, -1, -2, -2, -1, -2, 1, -2, 1, 1, 1, 1, -2, -1, -1]"
648,dfs_bnb_mpi,0.289318,-8,9,70149,"[-1, -1, 2, 1, 1, 2, 1, -2, 1, 1, -2, -1, -1, -2, 1, 1, 1, 2, 2]"
649,dfs_bnb_mpi,0.917759,-8,9,267674,"[-1, -2, -1, 2, 2, 2, 1, -2, 1, 2, 2, 1, 2, 1, -2, -2, -2, -1, 2]"
650,dfs_bnb_mpi,0.378799,-6,7,110454,"[-1, -1, 2, 2, 1, -2, 1, 2, 2, -1, 2, -1, -2, -1, -2, -1, -2, 1, -2]"
651,dfs_bnb_mpi,2.83633,-7,7,784178,"[-1, -1, 2, 1, 2, 2, -1, -2, -1, -2, -1, 2, -1, -2, -2, 1, -2, 1, 2]"
652,dfs_bnb_mpi,0.014503,-7,8,4521,"[-1, -1, 2, 2, 1, -2, 1, 1, -2, 1, 2, 2, -1, -1, 2, -1, -1, 2, 2]"
653,dfs_bnb_mpi,0.086903,-8,9,23739,"[-1, -1, 2, 1, 1, 2, -1, -1, 2, 1, 2, -1, -1, -2, -1, -2, 1, -2, -1]"
654,dfs_bnb_mpi,0.021964,-8,8,6205,"[-1, -1, 2, -1, 2, -1, -2, -2, 1, -2, 1, 1, 1, -2, -1, -2, -1, 2, -1]"
655,dfs_bnb_mpi,0.033263,-6,6,9705,"[-1, -1, 2, 1, 2, 1, 1, 2, -1, 2, 2, -1, -2, -2, -1, -2, -1, 2, 2]"
656,dfs_bnb_mpi,0.235738,-8,9,68163,"[-1, -1, 2, -1, -2, -1, -2, 1, -2, 1, -2, -2, 1, 2, 1, 2, -1, 2, -1]"
657,dfs_bnb_mpi,4.68903,-7,8,1299518,"[-1, -2, 1, 1, 1, 2, -1, 2, 2, 2, -1, -1, -1, -2, -2, 1, 2, 1, -2]"
658,dfs_bnb_mpi,4.26704,-7,8,1323119,"[-1, -2, 1, 1, 1, 2, 2, 2, -1, 2, -1, -2, -1, -1, -2, 1, 1, 1, -2]"
659,dfs_bnb_mpi,1.55531,-7,8,451406,"[-1, -2, 1, 1, 2, 2, -1, -1, 2, 1, 2, 2, -1, -2, -1, -2, -2, -2, -1]"
660,dfs_bnb_mpi,0.312658,-6,7,91394,"[-1, -1, 2, 2, -1, -1, -2, 1, -2, -1, -2, -2, -2, 1, 1, 2, 2, -1, -2]"
661,dfs_bnb_mpi,3.18194,-7,8,760374,"[-1, -1, 2, -1, -1, -1, -2, -1, -1, -2, 1, -2, 1, 2, 1, 2, 1, -2, 1]"
662,dfs_bnb_mpi,0.303498,-6,6,91307,"[-1, -1, 2, 2, 2, 2, -1, -2, -2, -1, -1, -2, 1, 1, -2, -2, 1, 1, 1]"
663,dfs_bnb_mpi,0.549109,-8,9,143504,"[-1, -2, -1, -2, 1, -2, -2, 1, 2, 1, 2, -1, 2, 1, 2, 2, 1, -2, 1]"
664,dfs_bnb_mpi,0.850524,-8,9,229856,"[-1, -1, 2, 1, 2, -1, 2, 2, 1, -2, 1, -2, 1, 1, -2, -2, -1, 2, -1]"
665,dfs_bnb_mpi,0.362458,-7,8,109598,"[-1, -1, 2, 2, -1, 2, 1, 2, 2, 2, 1, -2, -2, -2, 1, -2, -1, -2, 1]"
666,dfs_bnb_mpi,0.369467,-7,8,102046,"[-1, -1, 2, 2, 2, -1, -2, -2, -2, -1, 2, -1, 2, 1, 2, 2, -1, -2, -1]"
667,dfs_bnb_mpi,1.39515,-8,9,403936,"[-1, -1, 2, -1, 2, -1, -1, 2, -1, -2, -2, -1, -2, 1, 1, 2, 1, -2, 1]"
668,dfs_bnb_mpi,0.781715,-7,8,185472,"[-1, -1, 2, 1, 2, -1, 2, 2, 2, -1, -1, -2, 1, -2, -1, -2, 1, -2, -1]"
669,dfs_bnb_mpi,0.155524,-7,8,41982,"[-1, -2, -1, 2, 2, 2, 2, 1, 2, 1, -2, -2, -1, -2, 1, 1, 2, 2, 2]"
670,dfs_bnb_mpi,5.04514,-7,8,1291558,"[-1, -1, 2, -1, -2, -1, -2, 1, 1, 1, 1, -2, 1, -2, -1, -1, 2, -1, -2]"
671,dfs_bnb_mpi,0.122553,-6,6,36600,"[-1, -1, -1, 2, 1, 1, 1, 1, 2, -1, -1, 2, 2, 2, -1, -2, -2, -2, -1]"
672,dfs_bnb_mpi,1.43766,-8,9,374764,"[-1, -2, 1, 1, 2, 1, 1, 2, 2, 2, -1, -2, -2, -1, 2, -1, -1, -2, 1]"
673,dfs_bnb_mpi,0.124449,-6,7,33732,"[-1, -2, -1, -1, 2, 1, 2, 1, 2, 2, -1, -2, -1, -2, -1, 2, 2, 2, 2]"
674,dfs_bnb_mpi,0.131188,-8,9,35537,"[-1, -2, -1, -2, 1, -2, 1, 2, 2, 1, 2, 1, 1, -2, -1, -2, -1, -2, 1]"
675,dfs_bnb_mpi,0.792535,-7,7,203954,"[-1, -1, 2, 2, 2, 2, 2, 1, 1, -2, -1, -2, 1, -2, 1, -2, -1, -1, 2]"
676,dfs_bnb_mpi,0.037815,-8,8,11304,"[-1, -2, 1, 1, -2, -1, -1, -1, -1, 2, 1, 2, -1, 2, 1, 2, 1, -2, 1]"
677,dfs_bnb_mpi,0.034935,-6,7,8515,"[-1, -1, 2, 2, 2, 2, 1, -2, -2, -2, 1, 2, 1, 1, 2, -1, -1, 2, 2]"
678,dfs_bnb_mpi,0.064206,-8,9,19386,"[-1, -1, 2, 1, 2, 2, 1, 2, 2, 1, -2, 1, -2, -1, -2, -1, -2, 1, 1]"
679,dfs_bnb_mpi,0.0883,-8,9,26806,"[-1, -1, 2, 1, 1, 2, -1, 2, -1, -2, -1, -2, -1, -2, 1, -2, -2, 1, 2]"
680,dfs_bnb_mpi,0.290052,-8,8,86677,"[-1, -1, 2, 1, 1, 2, 1, -2, -2, -2, 1, -2, -1, -1, 2, -1, -2, -1, 2]"
681,dfs_bnb_mpi,0.064359,-7,8,19242,"[-1, -1, 2, 1, 1, 2, 2, 1, 2, -1, 2, -1, -2, -1, -2, 1, -2, -1, -1]"
682,dfs_bnb_mpi,17.9245,-6,7,5372357,"[-1, -1, 2, 2, 2, 1, 1, -2, 1, 2, 2, 1, -2, -2, -2, -1, -1, -1, 2]"
683,dfs_bnb_mpi,2.61664,-7,8,827127,"[-1, -1, 2, 1, 1, 1, -2, 1, -2, -1, -2, 1, -2, -1, -1, 2, -1, 2, 1]"
684,dfs_bnb_mpi,0.059187,-7,7,17810,"[-1, -1, 2, 1, 2, -1, -1, 2, -1, -2, -1, -2, 1, 1, -2, -1, -1, -1, 2]"
685,dfs_bnb_mpi,1.71308,-7,8,446449,"[-1, -1, 2, 2, 2, -1, -1, -1, -1, -2, 1, 1, 1, -2, -1, -2, 1, -2, 1]"
686,dfs_bnb_mpi,0.063782,-8,8,17595,"[-1, -1, 2, -1, -2, -2, 1, 1, -2, -1, -1, -2, -1, 2, 2, -1, 2, 1, 2]"
687,dfs_bnb_mpi,0.490907,-7,7,127375,"[-1, -1, 2, 2, -1, 2, 1, 2, 2, 1, -2, -2, 1, -2, -1, -2, 1, 1, 2]"
688,dfs_bnb_mpi,0.118873,-8,8,33518,"[-1, -2, -1, 2, 2, 1, 2, -1, 2, 1, 1, 2, 1, -2, -2, -1, -2, 1, 1]"
689,dfs_bnb_mpi,0.176456,-8,9,46937,"[-1, -1, 2, 1, 1, 1, -2, 1, -2, -1, -1, -2, 1, -2, 1, 2, 1, 2, 2]"
690,dfs_bnb_mpi,0.156364,-7,8,37217,"[-1, -1, 2, 2, -1, -2, -2, -2, 1, 1, 1, 1, 2, 2, -1, -1, 2, 2, 2]"
691,dfs_bnb_mpi,0.032527,-8,9,9414,"[-1, -2, -1, -2, 1, 1, 2, 1, 2, 2, 1, -2, 1, -2, -1, -2, -1, -2, 1]"
692,dfs_bnb_mpi,4.0046,-6,7,1023030,"[-1, -1, 2, 2, 2, 1, -2, -2, 1, 2, 2, 2, -1, -1, 2, -1, -2, -2, -2]"
693,dfs_bnb_mpi,0.504336,-8,8,151625,"[-1, -1, -1, 2, 1, 2, 1, -2, 1, 1, -2, 1, -2, -1, -2, -1, -1, 2, 1]"
694,dfs_bnb_mpi,0.444412,-6,7,132282,"[-1, -1, 2, 2, 2, 2, 2, 1, -2, -2, 1, 2, 1, -2, -2, -1, -1, -2, 1]"
695,dfs_bnb_mpi,10.6094,-7,8,2806976,"[-1, -1, 2, 2, 2, 2, -1, -1, -1, -2, -2, 1, -2, -2, 1, 2, 2, 2, -1]"
696,dfs_bnb_mpi,0.262326,-7,7,80854,"[-1, -1, 2, 1, 1, 2, 1, -2, -2, -2, -1, -1, -1, -1, 2, 2, 2, 1, 1]"
697,dfs_bnb_mpi,0.046994,-7,8,13761,"[-1, -1, 2, 1, 2, 1, -2, 1, -2, 1, -2, -1, -1, -1, -1, -2, 1, 1, 1]"
698,dfs_bnb_mpi,0.769864,-7,8,240864,"[-1, -1, 2, 1, 1, 2, 2, -1, -2, -1, 2, 2, -1, -2, -2, -2, -1, -2, 1]"
699,dfs_bnb_mpi,1.25978,-8,9,381511,"[-1, -1, 2, 2, 1, -2, 1, 1, 2, -1, 2, 2, 1, -2, 1, -2, -2, -2, -1]"
700,dfs_bnb_mpi,1.26122,-7,8,289577,"[-1, -1, 2, 2, 2, 1, 2, -1, 2, -1, -1, -2, 1, -2, -1, -1, 2, 2, 2]"
701,dfs_bnb_mpi,4.19773,-6,7,1001883,"[-1, -2, -1, 2, 2, 2, 1, -2, 1, 2, 1, -2, 1, -2, -1, -2, -1, -2, 1]"
702,dfs_bnb_mpi,0.090515,-6,7,27002,"[-1, -2, 1, -2, -1, -2, -1, 2, 2, -1, -1, 2, 1, 1, 2, 1, 2, 2, 2]"
703,dfs_bnb_mpi,0.527921,-8,9,163056,"[-1, -2, 1, 1, 2, 2, 1, 2, -1, -1, 2, -1, -2, -1, -1, -2, 1, 1, 1]"
704,dfs_bnb_mpi,0.060381,-6,6,16799,"[-1, -1, 2, 1, 1, 2, 2, 1, -2, 1, -2, -1, -2, 1, -2, -1, -1, -1, -1]"
705,dfs_bnb_mpi,0.189894,-7,8,54610,"[-1, -1, 2, 1, 1, 2, 1, 2, 1, -2, -2, -1, -2, -2, -1, -2, -1, 2, -1]"
706,dfs_bnb_mpi,1.17224,-6,7,294257,"[-1, -1, 2, 2, 2, -1, 2, 2, -1, -2, -2, -1, -2, 1, -2, -2, 1, 2, 2]"
707,dfs_bnb_mpi,1.07504,-8,9,306517,"[-1, -1, 2, 1, 1, 2, 1, 2, -1, 2, 2, 2, -1, -2, -2, -2, -1, -2, 1]"
708,dfs_bnb_mpi,0.023034,-7,8,5646,"[-1, -1, 2, 1, 2, 2, -1, -2, -1, -2, -2, -1, 2, -1, 2, 1, 2, 2, 2]"
709,dfs_bnb_mpi,0.056313,-7,8,16645,"[-1, -1, 2, 1, 2, -1, 2, -1, -1, -2, 1, -2, -1, -2, 1, -2, 1, 1, 1]"
710,dfs_bnb_mpi,0.06794,-7,7,16490,"[-1, -1, 2, 2, 2, 2, -1, -2, -2, -2, -2, -1, 2, 2, -1, 2, 1, 2, 2]"
711,dfs_bnb_mpi,1.46438,-8,9,368159,"[-1, -1, 2, 2, 1, -2, 1, 2, 2, 1, -2, -2, -2, -2, -2, -1, -1, 2, 1]"
712,dfs_bnb_mpi,0.495363,-9,9,147335,"[-1, -2, -1, -1, 2, 1, 2, 1, 1, 2, 1, -2, 1, -2, -1, -2, -1, -2, -1]"
713,dfs_bnb_mpi,2.97199,-8,9,848322,"[-1, -1, -1, 2, 1, 1, 2, -1, -1, 2, -1, -2, -1, -2, 1, -2, -2, 1, 1]"
714,dfs_bnb_mpi,13.2787,-8,9,3028955,"[-1, -2, 1, -2, -2, 1, 1, 1, 2, 1, 2, -1, 2, -1, -1, -2, 1, -2, -1]"
715,dfs_bnb_mpi,1.18256,-6,7,294527,"[-1, -1, 2, 1, 2, 2, -1, -2, -1, 2, 2, -1, -2, -2, -1, -2, 1, 1, -2]"
716,dfs_bnb_mpi,4.13114,-6,7,1265444,"[-1, -1, 2, 2, 2, 1, -2, 1, -2, 1, -2, 1, -2, 1, -2, -1, -1, 2, -1]"
717,dfs_bnb_mpi,17.8952,-7,8,4335900,"[-1, -2, 1, 1, 2, 2, -1, -1, -1, -2, -2, -1, -2, 1, -2, 1, 2, 1, -2]"
718,dfs_bnb_mpi,1.3986,-8,9,386161,"[-1, -2, -1, -2, 1, -2, -1, -2, 1, -2, 1, 1, 2, -1, 2, 2, 1, 2, -1]"
719,dfs_bnb_mpi,4.9214,-7,8,1163839,"[-1, -1, 2, 1, 2, -1, -1, 2, 1, 1, 2, 1, 1, -2, -1, -2, 1, -2, -1]"
720,dfs_bnb_mpi,0.223093,-8,9,67367,"[-1, -1, 2, 1, 1, 2, -1, 2, 1, 1, -2, -2, 1, 1, -2, -1, -1, -2, -1]"
721,dfs_bnb_mpi,0.275523,-7,7,78269,"[-1, -1, -1, 2, 1, 1, 2, 2, -1, -2, -1, 2, -1, -2, -1, -1, -2, 1, 1]"
722,dfs_bnb_mpi,0.12799,-8,9,36925,"[-1, -2, 1, 1, 2, 1, 2, 1, 2, -1, -1, -2, -1, 2, 2, -1, -2, -2, -1]"
723,dfs_bnb_mpi,0.05855,-8,9,14050,"[-1, -2, -1, -2, -1, 2, -1, 2, 2, 1, -2, 1, 2, 2, 1, -2, 1, 2, 2]"
724,dfs_bnb_mpi,0.080639,-6,7,21246,"[-1, -1, 2, 1, 2, 2, 1, -2, -2, 1, -2, -2, -1, -1, -1, -1, 2, 2, 2]"
725,dfs_bnb_mpi,0.429418,-7,8,131859,"[-1, -1, 2, 1, 1, 1, -2, 1, 1, -2, -1, -1, -2, -1, 2, -1, -1, -1, 2]"
726,dfs_bnb_mpi,0.040334,-6,7,11773,"[-1, -2, 1, 1, 2, 2, 1, 2, 1, -2, -2, -1, -2, -2, -1, -1, -1, -1, 2]"
727,dfs_bnb_mpi,0.012054,-7,8,3252,"[-1, -2, -1, -2, 1, -2, 1, 2, 2, 1, 2, 1, -2, -2, -1, -2, 1, 1, 2]"
728,dfs_bnb_mpi,4.66975,-7,8,1428609,"[-1, -1, 2, 2, 2, 2, 1, -2, -2, -2, 1, 2, 2, 2, 1, -2, -2, -2, -2]"
729,dfs_bnb_mpi,0.076193,-8,9,23433,"[-1, -1, 2, 1, 2, 2, 1, -2, -2, 1, -2, 1, -2, -1, -2, -1, -1, 2, 1]"
730,dfs_bnb_mpi,0.141696,-7,8,41573,"[-1, -1, 2, 2, -1, 2, 1, 2, -1, 2, -1, -2, -2, -2, -1, -2, 1, 1, -2]"
731,dfs_bnb_mpi,0.943877,-6,7,289291,"[-1, -1, 2, 2, 1, -2, 1, 2, 2, -1, 2, 2, -1, -2, -2, -1, -2, -2, -1]"
732,dfs_bnb_mpi,1.96186,-7,8,577893,"[-1, -1, 2, 2, 2, 2, 1, -2, -2, -2, 1, 2, 1, 1, -2, -1, -2, -2, -1]"
733,dfs_bnb_mpi,3.98294,-7,8,1234323,"[-1, -2, -1, -2, 1, 1, -2, 1, 2, 1, 2, 2, 2, 2, -1, -2, -2, -2, -1]"
734,dfs_bnb_mpi,4.94824,-7,8,1338521,"[-1, -1, 2, -1, 2, 1, 2, 1, 2, 2, 2, 1, -2, -2, -2, -2, -2, -1, 2]"
735,dfs_bnb_mpi,0.939735,-6,7,248761,"[-1, -1, 2, 2, 2, -1, 2, 2, -1, -2, -2, -2, -1, -2, 1, -2, 1, 2, 2]"
736,dfs_bnb_mpi,1.99244,-7,8,509561,"[-1, -1, 2, 2, -1, 2, 2, 1, -2, 1, -2, -2, 1, 2, 1, 2, -1, 2, -1]"
737,dfs_bnb_mpi,7.85438,-4,5,2022041,"[-1, -1, 2, 2, 1, 2, 2, 2, 2, 2, -1, -1, -2, 1, -2, -2, -2, -1, -2]"
738,dfs_bnb_mpi,0.492624,-7,8,148305,"[-1, -2, 1, 1, 2, 2, 2, 1, 2, -1, -1, -2, -1, 2, -1, -2, -2, 1, 1]"
739,dfs_bnb_mpi,0.416207,-8,9,101311,"[-1, -2, 1, -2, 1, 2, 2, 2, 2, 1, -2, -2, -2, 1, 2, 2, 1, -2, 1]"
740,dfs_bnb_mpi,9.28349,-8,9,2532195,"[-1, -2, 1, -2, -2, 1, 1, 2, 1, 2, -1, 2, 2, 2, -1, -2, -2, -2, -2]"
741,dfs_bnb_mpi,1.10961,-4,5,308924,"[-1, -1, 2, 2, 2, 2, 1, 2, -1, -1, -2, -2, -2, -2, -2, -2, 1, 1, 1]"
742,dfs_bnb_mpi,0.53794,-8,7,129246,"[-1, -1, 2, 2, 2, 1, 2, 1, -2, 1, -2, -1, -1, -2, 1, 1, 1, -2, -1]"
743,dfs_bnb_mpi,3.48164,-6,7,957497,"[-1, -1, 2, 2, -1, -2, -2, -1, 2, 2, -1, -2, -2, -2, 1, 1, 1, 1, 1]"
744,dfs_bnb_mpi,0.19179,-7,8,48793,"[-1, -1, 2, -1, 2, 2, -1, -2, -2, -2, 1, -2, 1, 1, -2, -1, -1, -1, 2]"
745,dfs_bnb_mpi,1.27528,-7,8,307695,"[-1, -1, 2, 1, 2, -1, 2, 1, 2, 1, -2, 1, -2, -1, -2, 1, -2, 1, 2]"
746,dfs_bnb_mpi,1.81545,-7,8,459206,"[-1, -1, 2, 1, 1, 2, 2, -1, 2, 2, 2, -1, -2, -2, -2, -1, -2, 1, 1]"
747,dfs_bnb_mpi,0.025266,-7,7,7321,"[-1, -1, 2, 2, 2, 1, -2, -2, 1, 1, 2, -1, 2, 2, 2, 1, -2, -2, 1]"
748,dfs_bnb_mpi,1.00936,-5,6,276435,"[-1, -1, 2, 2, 1, -2, 1, 1, 2, -1, 2, 2, 2, -1, -2, -2, -1, 2, 2]"
749,dfs_bnb_mpi,1.03444,-7,8,288249,"[-1, -1, 2, 2, -1, 2, 2, -1, -2, -1, -2, 1, -2, 1, -2, -1, -2, 1, 1]"
750,dfs_bnb_mpi,0.378102,-6,7,101161,"[-1, -1, 2, 2, 2, 2, 2, -1, -2, -1, -2, 1, -2, -1, -1, -2, 1, 1, -2]"
751,dfs_bnb_mpi,0.029533,-7,7,7437,"[-1, -1, 2, 2, 2, 2, 1, -2, -2, -2, 1, 2, 2, 1, 2, -1, 2, 2, 2]"
752,dfs_bnb_mpi,11.1661,-7,8,2953998,"[-1, -1, 2, 2, 1, 2, 1, -2, 1, 1, -2, 1, 1, -2, -1, -1, -1, 2, -1]"
753,dfs_bnb_mpi,1.70447,-7,8,404803,"[-1, -1, 2, 1, 2, 2, 2, 2, 1, 1, -2, -2, -2, -1, -2, 1, 1, -2, -1]"
754,dfs_bnb_mpi,2.38434,-9,10,651100,"[-1, -2, 1, 1, 2, 1, 2, -1, 2, -1, 2, -1, 2, -1, -2, -2, 1, -2, 1]"
755,dfs_bnb_mpi,0.020249,-7,8,6219,"[-1, -1, 2, 1, 1, 2, 1, -2, -2, 1, 2, 2, 2, -1, -1, -1, -2, -1, 2]"
756,dfs_bnb_mpi,2.63802,-7,8,761303,"[-1, -1, 2, 1, 1, 1, -2, -2, 1, -2, -1, -2, -1, -1, 2, 1, 2, -1, -1]"
757,dfs_bnb_mpi,0.69713,-6,7,177506,"[-1, -1, 2, 2, 2, -1, -2, -1, -2, 1, -2, -2, -1, 2, -1, 2, 2, 2, 2]"
758,dfs_bnb_mpi,7.84011,-8,9,2101054,"[-1, -1, 2, 2, -1, 2, -1, -2, -1, -2, -2, -1, -2, 1, 1, 2, 2, 1, -2]"
759,dfs_bnb_mpi,8.473,-7,8,2365714,"[-1, -1, 2, 2, 1, -2, 1, 1, 1, 2, 2, -1, 2, -1, -1, -2, 1, -2, 1]"
760,dfs_bnb_mpi,3.93393,-8,9,1025003,"[-1, -1, 2, 2, 2, 1, 2, 1, 1, -2, 1, -2, -1, -2, -1, -1, 2, 1, 2]"
761,dfs_bnb_mpi,0.040088,-6,7,11093,"[-1, -1, 2, -1, -2, -1, -1, 2, 1, 2, 1, 2, 1, -2, 1, 2, 2, 2, 2]"
762,dfs_bnb_mpi,5.09248,-6,7,1478474,"[-1, -1, 2, 2, 2, 2, 2, 1, 2, 1, 1, -2, -1, -2, 1, -2, -1, -1, 2]"
763,dfs_bnb_mpi,5.96598,-8,9,1721370,"[-1, -2, 1, 1, 2, 2, 1, 2, -1, 2, 2, 2, -1, -2, -2, -1, -2, 1, -2]"
764,dfs_bnb_mpi,8.9245,-6,7,2059031,"[-1, -1, 2, 2, 2, 1, 2, 2, 2, 1, -2, -2, -2, 1, -2, -1, -2, -1, 2]"
765,dfs_bnb_mpi,0.205683,-6,7,62470,"[-1, -1, 2, 2, 1, -2, 1, 1, -2, 1, -2, -1, -2, -2, -1, 2, 2, -1, -1]"
766,dfs_bnb_mpi,0.140468,-8,8,42756,"[-1, -1, 2, 1, 2, 1, -2, 1, 2, 2, 1, -2, -2, 1, -2, -1, -2, -1, 2]"
767,dfs_bnb_mpi,6.31313,-8,9,1780684,"[-1, -2, -1, 2, -1, -1, 2, 1, 1, 2, 2, 1, 1, -2, 1, -2, -1, -1, 2]"
768,dfs_bnb_mpi,7.72786,-6,6,1905442,"[-1, -1, 2, 1, 2, 2, 2, 1, -2, -2, -2, 1, -2, -2, -1, -1, -1, -1, 2]"
769,dfs_bnb_mpi,0.758998,-6,7,232074,"[-1, -1, 2, 2, 2, 1, -2, -2, 1, 1, 2, -1, 2, 2, -1, -1, -1, -2, -2]"
770,dfs_bnb_mpi,2.90795,-7,8,807678,"[-1, -1, 2, -1, 2, 1, 1, 2, 2, -1, -2, -1, -1, -2, -1, -2, 1, -2, 1]"
771,dfs_bnb_mpi,0.062203,-8,8,18294,"[-1, -2, 1, 1, 2, 2, 2, -1, -2, -1, 2, 2, -1, -2, -2, -1, -2, 1, -2]"
772,dfs_bnb_mpi,7.86348,-6,7,2171569,"[-1, -1, 2, 2, 2, 2, 1, 2, 2, 2, -1, -2, -1, -1, -2, -2, 1, 2, 1]"
773,dfs_bnb_mpi,1.42744,-8,9,388037,"[-1, -1, 2, -1, 2, -1, 2, 1, 2, 1, 2, 1, -2, -2, -1, -2, 1, -2, 1]"
774,dfs_bnb_mpi,0.851387,-8,9,228547,"[-1, -1, 2, 1, 1, 2, 1, -2, 1, 2, 1, -2, 1, -2, -1, -2, -1, 2, -1]"
775,dfs_bnb_mpi,0.631245,-6,7,149224,"[-1, -1, 2, 2, 2, 1, 2, -1, -1, 2, -1, -2, -2, 1, -2, -1, -1, 2, 2]"
776,dfs_bnb_mpi,0.36787,-7,7,111617,"[-1, -1, -1, 2, 1, 2, 1, -2, 1, 2, 1, -2, -2, -2, -1, -1, -1, -1, -1]"
777,dfs_bnb_mpi,2.68284,-6,7,752530,"[-1, -1, 2, 2, 1, -2, 1, 2, 2, 1, -2, -2, -2, -2, -2, -1, 2, -1, -1]"
778,dfs_bnb_mpi,0.024449,-8,9,6546,"[-1, -1, 2, 1, 2, 2, -1, -2, -1, 2, 2, -1, -2, -1, -2, 1, -2, 1, -2]"
779,dfs_bnb_mpi,0.267801,-8,9,74693,"[-1, -1, 2, 2, -1, -2, -1, 2, -1, 2, -1, -2, -2, 1, -2, 1, -2, 1, 2]"
780,dfs_bnb_mpi,3.54898,-7,8,969242,"[-1, -2, -1, -2, 1, -2, -2, 1, 1, 2, 2, 1, 2, 2, -1, -2, -1, -2, -2]"
781,dfs_bnb_mpi,5.60785,-7,7,1689044,"[-1, -1, 2, 2, 1, -2, 1, 1, -2, -2, 1, 1, -2, -1, -1, -1, 2, -1, -1]"
782,dfs_bnb_mpi,1.08108,-6,7,274609,"[-1, -1, 2, 2, 2, 2, 1, 1, 1, -2, -2, -1, 2, -1, -2, -2, 1, 1, 1]"
783,dfs_bnb_mpi,0.057725,-7,8,17836,"[-1, -1, 2, -1, -2, -2, 1, -2, 1, 2, 1, 1, 2, 2, -1, -1, 2, -1, 2]"
784,dfs_bnb_mpi,0.020122,-7,8,5901,"[-1, -1, 2, 1, 2, 1, -2, 1, -2, -2, -1, -1, -2, -1, 2, -1, 2, 2, 2]"
785,dfs_bnb_mpi,0.970024,-7,8,280887,"[-1, -1, 2, 2, -1, -2, -2, -2, 1, 1, 1, 1, 2, 2, 2, -1, -1, -2, 1]"
786,dfs_bnb_mpi,5.38121,-7,8,1268431,"[-1, -1, 2, 2, -1, -2, -2, -1, -1, -1, -2, 1, -2, 1, 2, 1, 1, -2, -1]"
787,dfs_bnb_mpi,0.121595,-8,9,36064,"[-1, -2, -1, 2, 2, 1, 2, 1, -2, 1, -2, 1, -2, -1, -1, -2, 1, 1, 1]"
788,dfs_bnb_mpi,1.02192,-8,9,306903,"[-1, -1, 2, 1, 2, 1, -2, 1, 1, -2, -1, -2, -1, -2, -1, 2, -1, -1, 2]"
789,dfs_bnb_mpi,0.076124,-6,7,21158,"[-1, -1, 2, 2, 1, -2, 1, 2, 2, 2, -1, -2, -1, -1, 2, 1, 2, 2, 2]"
790,dfs_bnb_mpi,1.47233,-6,7,383280,"[-1, -1, 2, 2, -1, -2, -1, -1, -2, 1, 1, -2, -2, 1, 2, 1, -2, 1, 2]"
791,dfs_bnb_mpi,0.122766,-7,8,31786,"[-1, -2, 1, 1, 2, 1, 2, 2, -1, -2, -1, 2, 2, -1, -2, -2, -1, 2, 2]"
792,dfs_bnb_mpi,0.159104,-7,8,38981,"[-1, -1, 2, 2, -1, -2, -1, -1, -2, -2, 1, 2, 1, -2, -2, 1, 2, 1, 1]"
793,dfs_bnb_mpi,0.108045,-7,8,30076,"[-1, -2, 1, 1, 1, -2, -1, -1, -1, -2, 1, -2, 1, 2, 1, -2, 1, 2, 2]"
794,dfs_bnb_mpi,0.925655,-7,8,266078,"[-1, -1, 2, 2, 1, 1, 2, 2, -1, -2, -1, 2, -1, 2, -1, -2, -2, 1, -2]"
795,dfs_bnb_mpi,1.20204,-6,7,351848,"[-1, -1, 2, 2, 2, 1, -2, 1, 2, 2, -1, 2, -1, -2, -1, -1, -2, 1, -2]"
796,dfs_bnb_mpi,0.132382,-6,7,33480,"[-1, -1, 2, 2, 1, -2, 1, 2, 1, 2, -1, 2, 2, -1, -2, -2, -1, 2, 2]"
797,dfs_bnb_mpi,0.159566,-8,9,46039,"[-1, -1, 2, 2, 1, -2, 1, 2, 1, -2, 1, -2, 1, -2, -2, -1, 2, -1, 2]"
798,dfs_bnb_mpi,1.7974,-7,8,489484,"[-1, -1, 2, 2, 2, 1, -2, -2, 1, 2, 2, 1, 1, -2, 1, -2, -1, -1, 2]"
799,dfs_bnb_mpi,1.1848,-8,9,331994,"[-1, -2, 1, 1, 2, 1, 1, 2, -1, -1, 2, 2, -1, -2, -2, -1, -1, 2, 1]"
800,dfs_bnb_mpi,1.18324,-8,9,346864,"[-1, -1, 2, -1, -2, -2, -1, -1, -2, 1, 1, -2, 1, 2, 1, 1, 2, -1, -1]"
801,dfs_bnb_mpi,0.365234,-7,8,103765,"[-1, -1, 2, 1, 1, 2, -1, 2, 1, 1, -2, 1, -2, -1, -2, 1, 1, 2, 2]"
802,dfs_bnb_mpi,3.14735,-8,9,905471,"[-1, -1, 2, -1, -2, -1, -1, -2, 1, 1, -2, 1, -2, 1, 2, 1, 2, -1, -1]"
803,dfs_bnb_mpi,0.431495,-7,8,107595,"[-1, -1, 2, -1, 2, -1, -2, -1, -2, -1, -2, 1, 1, 2, 1, -2, 1, 1, 1]"
804,dfs_bnb_mpi,0.035092,-7,8,9461,"[-1, -2, 1, 1, 1, -2, -2, -1, 2, -1, -1, -1, 2, 2, 2, 1, 1, 2, 2]"
805,dfs_bnb_mpi,0.4082,-8,9,118781,"[-1, -2, -1, 2, -1, -1, 2, 1, 1, 2, 1, -2, 1, 2, 2, -1, -1, -1, -2]"
806,dfs_bnb_mpi,0.041085,-7,8,11287,"[-1, -1, 2, 1, 1, 2, -1, 2, -1, -2, -1, -2, -1, -2, 1, -2, 1, 1, 1]"
807,dfs_bnb_mpi,0.208354,-7,8,57625,"[-1, -1, 2, 1, 2, -1, -1, -2, -2, -2, -2, 1, 2, 1, 1, 1, -2, -1, -1]"
808,dfs_bnb_mpi,0.884814,-7,8,269561,"[-1, -1, 2, -1, 2, 1, 2, -1, 2, 1, 2, 2, 1, -2, -2, -2, -2, -2, 1]"
809,dfs_bnb_mpi,4.43409,-7,7,1223057,"[-1, -1, 2, 2, 2, 2, 2, 1, 1, 2, 1, 1, -2, -1, -2, -1, -2, -1, 2]"
810,dfs_bnb_mpi,0.976638,-6,7,252666,"[-1, -2, 1, 1, -2, -1, -1, -2, -1, 2, -1, 2, 1, 2, 2, 2, 1, -2, 1]"
811,dfs_bnb_mpi,0.211782,-7,7,52582,"[-1, -1, 2, 2, -1, -2, -2, -1, -2, 1, 1, 1, 1, -2, -1, -2, -1, 2, -1]"
812,dfs_bnb_mpi,0.074875,-6,7,20636,"[-1, -1, 2, 2, 1, -2, 1, 1, 2, -1, 2, 1, 2, 2, -1, -1, -2, -2, -1]"
813,dfs_bnb_mpi,1.40385,-7,8,364871,"[-1, -2, -1, -1, 2, 1, 2, 2, 2, -1, 2, 1, 1, -2, -2, -2, 1, 2, 2]"
814,dfs_bnb_mpi,0.02381,-7,7,6647,"[-1, -1, 2, 2, -1, 2, -1, -2, -2, 1, -2, -1, -2, 1, -2, 1, 2, 1, 1]"
815,dfs_bnb_mpi,0.499987,-6,7,123022,"[-1, -1, 2, 2, 1, -2, 1, 2, 2, 2, 1, -2, -2, 1, -2, -1, -2, 1, 1]"
816,dfs_bnb_mpi,0.681095,-6,7,167708,"[-1, -1, 2, 1, 2, 1, 2, -1, 2, -1, -2, -2, -1, 2, -1, -2, -2, 1, -2]"
817,dfs_bnb_mpi,0.118587,-7,8,33038,"[-1, -1, 2, 2, 2, -1, -2, -1, -2, 1, -2, -1, -2, 1, 1, -2, 1, 2, 1]"
818,dfs_bnb_mpi,2.06576,-7,8,544778,"[-1, -1, 2, -1, -2, -1, 2, -1, -2, -2, -2, 1, 2, 1, -2, 1, 2, 1, 1]"
819,dfs_bnb_mpi,0.316068,-7,8,81575,"[-1, -1, 2, 1, 2, -1, -1, -2, -1, -2, 1, -2, 1, 1, 1, 1, 2, 2, -1]"
820,dfs_bnb_mpi,0.064889,-4,5,18451,"[-1, -1, 2, 2, 2, 2, 2, 1, 2, 2, -1, -2, -1, -2, -1, -2, 1, -2, -1]"
821,dfs_bnb_mpi,1.4593,-7,8,395898,"[-1, -1, 2, 1, 2, 2, -1, -2, -1, -2, -2, -2, 1, 1, 1, 1, 2, 2, -1]"
822,dfs_bnb_mpi,0.629506,-6,7,151446,"[-1, -1, 2, -1, 2, -1, -2, -1, -1, -2, 1, 1, 1, -2, 1, 1, 1, 1, 2]"
823,dfs_bnb_mpi,0.067024,-9,10,17971,"[-1, -2, 1, 1, 2, 1, 2, -1, 2, -1, -2, -1, -1, 2, 2, 2, 1, -2, -2]"
824,dfs_bnb_mpi,17.0996,-6,7,5106547,"[-1, -1, 2, 2, 2, -1, -2, -2, -1, -2, -2, -1, -2, 1, 1, 1, 2, -1, 2]"
825,dfs_bnb_mpi,11.011,-7,8,2895385,"[-1, -1, 2, 2, -1, 2, 2, 2, 1, -2, -2, 1, 1, 1, -2, -1, -1, -2, 1]"
826,dfs_bnb_mpi,1.1663,-7,8,304102,"[-1, -1, 2, 2, -1, 2, 1, 1, -2, -2, 1, 2, 2, 1, -2, -2, -2, 1, 2]"
827,dfs_bnb_mpi,1.69183,-6,6,503766,"[-1, -1, 2, 2, 2, 2, 2, 1, 1, -2, -2, -2, 1, -2, -1, -1, 2, 2, 2]"
828,dfs_bnb_mpi,9.46361,-7,8,2586690,"[-1, -1, 2, -1, -1, -2, -1, -1, -2, 1, 1, -2, -2, 1, 2, 1, 2, -1, 2]"
829,dfs_bnb_mpi,0.981943,-6,7,262168,"[-1, -1, 2, 2, 2, 2, 2, 1, 2, 1, -2, 1, -2, -2, -1, 2, -1, -2, -2]"
830,dfs_bnb_mpi,0.277799,-6,7,66478,"[-1, -1, 2, 2, 1, 2, -1, 2, -1, -1, -2, 1, -2, -2, -2, -2, 1, 1, 1]"
831,dfs_bnb_mpi,0.030768,-6,6,9178,"[-1, -1, 2, 2, 2, 1, -2, -2, 1, 1, -2, -2, -1, -1, -2, -1, 2, -1, 2]"
832,dfs_bnb_mpi,17.2324,-7,7,4224056,"[-1, -2, 1, 1, 2, 2, 2, -1, -2, -1, -1, -2, -2, -2, -2, 1, 2, 1, -2]"
833,dfs_bnb_mpi,1.867,-6,7,553451,"[-1, -1, 2, 1, 2, 2, 2, 1, -2, -2, -2, 1, 1, 1, 2, -1, -1, 2, 2]"
834,dfs_bnb_mpi,0.864801,-7,8,250185,"[-1, -1, 2, 1, 2, -1, 2, 1, 2, 1, -2, -2, 1, 2, 1, -2, -2, -1, -1]"
835,dfs_bnb_mpi,2.54833,-7,8,747447,"[-1, -1, -1, 2, 2, 1, 2, 1, 2, 1, -2, 1, -2, -2, -1, 2, -1, -2, -1]"
836,dfs_bnb_mpi,1.97314,-6,7,577397,"[-1, -1, 2, 2, 2, 1, -2, 1, 2, 2, 2, 2, -1, -1, -2, 1, -2, -1, -1]"
837,dfs_bnb_mpi,0.358038,-8,9,103785,"[-1, -1, 2, 2, -1, -1, -2, 1, -2, -1, -1, 2, -1, 2, 1, 2, 2, 1, -2]"
838,dfs_bnb_mpi,4.99361,-6,7,1488878,"[-1, -1, 2, 2, 2, 2, 2, 1, 1, -2, -1, -2, 1, 1, 1, -2, -1, -1, -1]"
839,dfs_bnb_mpi,0.417186,-7,8,98858,"[-1, -1, 2, 2, -1, -2, -2, -1, 2, -1, -2, -2, 1, 1, 1, -2, 1, 2, 1]"
840,dfs_bnb_mpi,0.231686,-7,8,66939,"[-1, -1, 2, 1, 1, 2, 2, 1, -2, 1, -2, -1, -2, -2, -1, -2, -1, 2, -1]"
841,dfs_bnb_mpi,0.070803,-8,9,20453,"[-1, -1, 2, -1, -2, -1, -2, 1, -2, -2, 1, 2, 2, 1, 1, -2, -1, -2, 1]"
842,dfs_bnb_mpi,2.41174,-7,8,686749,"[-1, -1, 2, 2, 2, 2, 1, 1, 1, 1, -2, -1, -2, -1, -2, -1, 2, 2, 1]"
843,dfs_bnb_mpi,1.41454,-8,9,444149,"[-1, -1, 2, 1, 2, 1, -2, 1, -2, -2, -1, -2, -2, -1, -1, 2, 1, 2, -1]"
844,dfs_bnb_mpi,0.56925,-8,9,158706,"[-1, -2, 1, 1, 2, 1, 1, 1, 2, -1, 2, -1, -2, -1, 2, -1, -1, -2, 1]"
845,dfs_bnb_mpi,0.111643,-7,8,29531,"[-1, -1, 2, -1, -1, 2, -1, -2, -1, -2, 1, 1, 1, -2, -1, -1, -1, -1, 2]"
846,dfs_bnb_mpi,0.331804,-8,9,98864,"[-1, -2, 1, -2, 1, 2, 2, 2, 1, -2, 1, 2, 2, -1, -1, 2, -1, -2, -2]"
847,dfs_bnb_mpi,0.552411,-6,7,145088,"[-1, -1, 2, 2, -1, -1, 2, 2, -1, -2, -2, -2, 1, 1, -2, -2, 1, 1, 1]"
848,dfs_bnb_mpi,1.16117,-6,7,269513,"[-1, -1, 2, 2, -1, 2, 1, 2, 2, 1, -2, -2, -2, -2, 1, 1, 2, -1, 2]"
849,dfs_bnb_mpi,0.065844,-7,8,18620,"[-1, -1, 2, 1, 1, 2, -1, 2, 1, 1, -2, -2, 1, -2, -1, -2, -1, -1, -1]"
850,dfs_bnb_mpi,4.85558,-7,8,1378284,"[-1, -2, 1, 1, 2, 2, -1, 2, 2, 2, 2, -1, -2, -2, -1, -2, -2, 1, 2]"
851,dfs_bnb_mpi,0.123821,-8,9,34136,"[-1, -2, 1, -2, 1, 2, 2, 2, 1, 2, 1, 2, 1, -2, -2, -1, -2, -1, -2]"
852,dfs_bnb_mpi,0.10772,-7,7,32353,"[-1, -1, 2, -1, -2, -1, -2, 1, 1, 1, -2, -2, -2, -1, -1, 2, 2, 1, -2]"
853,dfs_bnb_mpi,0.073081,-7,8,19137,"[-1, -1, 2, 1, 2, 2, -1, -2, -1, 2, 2, -1, -2, -2, -1, -2, 1, 1, -2]"
854,dfs_bnb_mpi,6.51615,-7,8,1993332,"[-1, -1, 2, 1, 2, 1, 1, 1, -2, -2, 1, 1, -2, -1, -1, -1, 2, 2, -1]"
855,dfs_bnb_mpi,0.273829,-4,5,80686,"[-1, -1, 2, 2, 1, 2, 2, -1, -2, -1, -2, -2, -2, -1, -2, 1, 1, 1, 1]"
856,dfs_bnb_mpi,0.092383,-7,8,24295,"[-1, -1, 2, 1, 1, 1, -2, -2, 1, 2, 2, 2, -1, 2, -1, -2, -1, 2, 2]"
857,dfs_bnb_mpi,2.68033,-7,8,721708,"[-1, -1, 2, 2, -1, -1, -1, -1, -2, 1, 1, 1, -2, -2, -1, 2, -1, -2, -1]"
858,dfs_bnb_mpi,6.09413,-7,8,1645840,"[-1, -2, 1, 1, 2, 2, -1, -1, 2, -1, 2, -1, -2, -1, -2, 1, -2, 1, 2]"
859,dfs_bnb_mpi,0.180109,-8,9,51297,"[-1, -1, 2, 1, 2, -1, 2, -1, 2, 1, 2, 1, -2, -2, 1, -2, -2, 1, 2]"
860,dfs_bnb_mpi,0.379486,-6,7,110996,"[-1, -1, 2, 1, 1, 1, -2, -2, 1, -2, -2, -1, 2, -1, 2, -1, -1, -1, 2]"
861,dfs_bnb_mpi,0.918028,-5,6,253916,"[-1, -1, 2, 2, 2, 2, -1, -2, -1, -2, 1, -2, -1, -2, 1, -2, 1, 1, 1]"
862,dfs_bnb_mpi,4.50193,-6,7,1317722,"[-1, -1, 2, 2, 1, 2, -1, 2, 1, 2, -1, -1, 2, -1, -2, -2, 1, -2, -2]"
863,dfs_bnb_mpi,0.360774,-7,8,103422,"[-1, -1, -1, 2, 2, 1, -2, 1, 1, 1, 2, -1, -1, 2, 1, 2, -1, -1, -2]"
864,dfs_bnb_mpi,0.158361,-6,7,44756,"[-1, -1, 2, 2, 2, 2, 1, 2, -1, 2, 1, 1, -2, 1, -2, -1, -2, -1, -2]"
865,dfs_bnb_mpi,7.20456,-7,8,2031032,"[-1, -1, 2, 2, -1, -2, -1, -1, -2, 1, -2, -1, -2, 1, 1, 1, 2, -1, 2]"
866,dfs_bnb_mpi,1.71461,-7,8,418790,"[-1, -1, 2, 2, 1, -2, 1, 2, 1, 2, 2, -1, 2, -1, -2, -1, -2, 1, 1]"
867,dfs_bnb_mpi,0.292077,-8,8,79030,"[-1, -2, 1, 1, 1, 1, 2, 2, 2, -1, -2, -2, -1, 2, 2, -1, -2, -1, 2]"
868,dfs_bnb_mpi,1.37873,-8,9,403204,"[-1, -1, 2, -1, 2, -1, -1, 2, 2, -1, -2, -1, -2, 1, -2, 1, 1, -2, 1]"
869,dfs_bnb_mpi,0.303227,-5,6,87331,"[-1, -1, 2, 2, 2, 1, -2, -2, 1, 2, 1, 1, 2, -1, -1, 2, -1, 2, 2]"
870,dfs_bnb_mpi,0.132514,-8,9,31236,"[-1, -2, 1, 1, -2, -1, -1, -1, -1, 2, 1, 2, -1, 2, 1, 2, 1, -2, 1]"
871,dfs_bnb_mpi,1.89289,-6,7,428464,"[-1, -1, 2, 2, 2, 2, 2, 2, 2, 2, 1, 1, -2, -1, -2, 1, -2, -1, -2]"
872,dfs_bnb_mpi,0.021873,-7,8,5862,"[-1, -2, 1, 1, 2, 2, 1, -2, -2, 1, 2, 2, 2, 2, -1, -2, -1, 2, 2]"
873,dfs_bnb_mpi,3.23085,-7,8,834893,"[-1, -2, -2, -1, 2, 2, -1, 2, 2, 2, 1, -2, -2, 1, 1, 2, -1, 2, 2]"
874,dfs_bnb_mpi,1.4596,-6,7,396417,"[-1, -1, 2, 2, 2, 1, 1, 2, 2, 1, -2, -2, -2, -1, -1, -2, 1, 1, 1]"
875,dfs_bnb_mpi,3.15313,-6,6,924864,"[-1, -1, 2, 2, 2, -1, -2, -1, 2, 2, 1, 1, 1, -2, 1, -2, -2, -1, 2]"
876,dfs_bnb_mpi,5.3758,-6,7,1631317,"[-1, -2, -2, -1, 2, 2, -1, 2, 2, 1, -2, 1, 1, 1, 2, -1, -1, 2, 2]"
877,dfs_bnb_mpi,6.62446,-4,5,1866503,"[-1, -1, 2, 2, 2, 2, 1, 2, 2, -1, -2, -1, -2, -2, -2, -2, -2, -2, 1]"
878,dfs_bnb_mpi,0.093064,-7,7,27394,"[-1, -1, 2, 1, 2, 1, -2, 1, -2, 1, 2, 1, 2, 2, -1, -2, -1, 2, 2]"
879,dfs_bnb_mpi,5.30468,-7,8,1239628,"[-1, -1, 2, 2, 2, 2, 1, 1, 2, 1, -2, -2, -2, -1, 2, -1, -2, -2, 1]"
880,dfs_bnb_mpi,0.107406,-8,9,29968,"[-1, -1, -1, 2, 1, 1, 2, 1, -2, 1, 2, 1, -2, -2, -1, -2, -1, -1, -1]"
881,dfs_bnb_mpi,1.59361,-6,7,476819,"[-1, -1, 2, 2, 2, -1, 2, -1, -2, -2, 1, -2, -2, -2, -1, 2, 2, -1, 2]"
882,dfs_bnb_mpi,0.403455,-6,7,116240,"[-1, -1, 2, 1, 2, 2, 1, -2, -2, 1, -2, 1, 1, -2, -1, -1, -1, -1, -1]"
883,dfs_bnb_mpi,4.07544,-6,7,1082352,"[-1, -1, 2, 2, 2, -1, -1, -1, -2, -2, -2, 1, -2, 1, 2, 2, -1, 2, 1]"
884,dfs_bnb_mpi,0.516801,-7,8,138565,"[-1, -1, 2, -1, 2, 1, 2, 1, 1, -2, -1, -2, 1, 1, 1, 2, -1, 2, 2]"
885,dfs_bnb_mpi,0.199076,-7,7,62088,"[-1, -1, 2, 2, 1, -2, 1, 1, -2, -2, -1, -1, -2, 1, -2, -1, -1, 2, 2]"
886,dfs_bnb_mpi,5.24941,-7,8,1535998,"[-1, -1, 2, 2, 1, -2, 1, 2, 2, 1, 1, -2, -2, 1, -2, -1, -1, 2, 2]"
887,dfs_bnb_mpi,0.847021,-7,8,246373,"[-1, -2, 1, 1, -2, -1, -1, -1, 2, 2, -1, -2, -2, -2, 1, -2, 1, 2, 1]"
888,dfs_bnb_mpi,1.38862,-8,9,380797,"[-1, -1, 2, 1, 1, 2, -1, -1, -1, -2, -2, -2, -2, 1, 1, 1, 2, -1, -1]"
889,dfs_bnb_mpi,0.185673,-7,8,54503,"[-1, -1, 2, 2, 1, -2, 1, 1, -2, 1, -2, -1, -2, -1, 2, -1, -1, -1, 2]"
890,dfs_bnb_mpi,1.20704,-7,8,291236,"[-1, -1, 2, 2, 2, 1, -2, 1, 2, 1, 2, 2, -1, -2, -1, -1, 2, 1, 2]"
891,dfs_bnb_mpi,0.439831,-8,9,129297,"[-1, -1, -1, 2, 1, 2, 1, -2, 1, 2, 2, 1, -2, -2, -2, -2, -1, -1, -1]"
892,dfs_bnb_mpi,2.4414,-7,8,743851,"[-1, -1, 2, 2, -1, 2, 1, 1, 2, 1, 1, -2, -2, -2, -1, -1, 2, 1, 2]"
893,dfs_bnb_mpi,22.3804,-6,7,5404080,"[-1, -1, 2, 2, 2, 2, 2, 2, 2, 1, 1, -2, -2, 1, -2, -1, -1, 2, 2]"
894,dfs_bnb_mpi,0.275689,-7,8,84087,"[-1, -1, 2, 2, 1, -2, 1, 2, 2, 1, -2, 1, 1, -2, -2, -1, -1, 2, 1]"
895,dfs_bnb_mpi,0.088051,-7,8,23499,"[-1, -1, 2, -1, -2, -1, 2, 2, -1, -2, -2, -2, 1, 1, -2, -1, -1, -1, 2]"
896,dfs_bnb_mpi,3.8367,-8,9,1160941,"[-1, -1, 2, 1, 1, 2, 1, 2, -1, -1, 2, 2, -1, -2, -2, -1, -2, 1, 1]"
897,dfs_bnb_mpi,2.04396,-8,9,605946,"[-1, -2, 1, 1, 2, 1, 2, -1, 2, 2, 2, -1, -1, -2, 1, -2, -1, -2, 1]"
898,dfs_bnb_mpi,0.47245,-4,5,127551,"[-1, -1, 2, 2, 2, 2, 2, 1, -2, 1, -2, -1, -2, 1, 1, 2, 2, 2, 2]"
899,dfs_bnb_mpi,0.110081,-7,8,35247,"[-1, -1, 2, 1, 2, 1, 1, 2, -1, 2, 2, -1, -2, -2, -1, -2, -1, -2, -1]"
900,dfs_bnb_mpi,0.936216,-7,8,254525,"[-1, -1, 2, 2, 2, 1, -2, -2, 1, 2, 1, -2, -2, -2, -2, -1, -1, 2, 1]"
901,dfs_bnb_mpi,0.384058,-7,8,114470,"[-1, -1, 2, -1, -2, -1, -1, -2, 1, 1, 1, 1, -2, -1, -1, -1, -2, 1, 1]"
902,dfs_bnb_mpi,0.937615,-7,8,292450,"[-1, -1, 2, 2, -1, -2, -2, -2, 1, -2, 1, 2, 1, 1, 2, 2, -1, -1, 2]"
903,dfs_bnb_mpi,0.056166,-7,8,16762,"[-1, -1, 2, 1, 1, 1, -2, 1, -2, -2, -1, 2, -1, -2, -1, 2, -1, -1, 2]"
904,dfs_bnb_mpi,2.42596,-8,9,551577,"[-1, -2, -2, -1, -2, 1, 1, -2, 1, 1, 2, -1, 2, -1, 2, 1, 1, 2, -1]"
905,dfs_bnb_mpi,0.027834,-7,8,6623,"[-1, -2, -1, -2, 1, -2, 1, 2, 2, 1, 2, 2, 2, -1, -2, -1, 2, 2, 2]"
906,dfs_bnb_mpi,0.967003,-7,8,289040,"[-1, -1, 2, 2, 2, 1, -2, -2, 1, 2, 1, 2, 2, 2, 2, -1, -2, -2, -2]"
907,dfs_bnb_mpi,0.019916,-7,8,5500,"[-1, -2, 1, 1, 2, 2, -1, 2, -1, -2, -1, 2, 2, 1, 1, 2, 2, 2, 2]"
908,dfs_bnb_mpi,6.11633,-4,5,1860283,"[-1, -1, 2, 2, 2, 2, 2, 2, -1, -2, -1, -2, 1, -2, -2, -2, -2, -2, 1]"
909,dfs_bnb_mpi,2.281,-8,9,700286,"[-1, -2, 1, 1, 2, 2, 2, -1, 2, -1, -2, -1, -1, -2, -2, 1, 2, 1, 1]"
910,dfs_bnb_mpi,0.044984,-7,8,12544,"[-1, -1, 2, 2, 2, -1, -2, -1, -2, 1, -2, -2, -2, -1, 2, 2, -1, 2, 2]"
911,dfs_bnb_mpi,2.02554,-7,8,582790,"[-1, -2, -1, 2, 2, 2, 2, 2, 1, -2, 1, 2, 1, -2, -2, -1, -1, -2, 1]"
912,dfs_bnb_mpi,0.524183,-8,9,145852,"[-1, -2, -2, 1, 2, 1, 1, -2, -1, -2, -1, -1, -1, 2, -1, 2, 2, 1, -2]"
913,dfs_bnb_mpi,0.157189,-7,8,46914,"[-1, -1, 2, 1, 2, 2, -1, -2, -1, 2, -1, -2, -2, 1, -2, -1, -2, 1, 1]"
914,dfs_bnb_mpi,2.67854,-7,8,738493,"[-1, -1, 2, 2, -1, 2, 2, -1, -2, -2, -2, 1, -2, -1, -1, 2, 2, -1, -2]"
915,dfs_bnb_mpi,1.22847,-7,8,327839,"[-1, -1, 2, 2, -1, 2, -1, -1, -2, 1, -2, 1, -2, -1, -1, -2, 1, 1, 1]"
916,dfs_bnb_mpi,0.500367,-8,8,141532,"[-1, -1, 2, 2, 1, 2, -1, 2, -1, -2, -1, -2, -1, -2, 1, -2, 1, 2, 2]"
917,dfs_bnb_mpi,0.082881,-8,9,23090,"[-1, -1, 2, 1, 1, 2, -1, 2, -1, -2, -1, -2, -1, -2, 1, -2, 1, 1, 1]"
918,dfs_bnb_mpi,0.442254,-7,8,107186,"[-1, -1, 2, 2, 1, -2, 1, 2, 1, 2, 1, -2, -2, -1, -2, 1, 1, 2, 2]"
919,dfs_bnb_mpi,0.258749,-8,9,73692,"[-1, -2, 1, 1, 1, -2, 1, -2, -1, -1, 2, -1, -1, -1, -2, 1, 1, -2, 1]"
920,dfs_bnb_mpi,0.72718,-8,9,215083,"[-1, -2, -1, 2, 2, 1, 2, 1, -2, 1, 2, 2, 1, -2, -2, -2, -1, -2, -1]"
921,dfs_bnb_mpi,2.67998,-6,7,774564,"[-1, -1, 2, 2, -1, 2, 2, -1, -1, -2, 1, -2, -1, -1, -2, 1, 1, 1, -2]"
922,dfs_bnb_mpi,0.683175,-8,8,210200,"[-1, -2, 1, 1, 2, 2, 2, 2, 1, -2, 1, 1, -2, -1, -1, -2, 1, -2, -1]"
923,dfs_bnb_mpi,1.13711,-8,9,304444,"[-1, -1, 2, 1, 1, 2, 1, 2, 1, 1, -2, -1, -2, -1, -2, -2, -2, -1, 2]"
924,dfs_bnb_mpi,3.9046,-6,7,984023,"[-1, -1, 2, 2, 1, 2, -1, 2, 2, -1, -2, -1, -2, 1, -2, -2, -2, -2, 1]"
925,dfs_bnb_mpi,8.55654,-6,6,2051390,"[-1, -1, 2, 2, 2, 2, 1, -2, 1, 2, 2, 2, 1, -2, -2, -2, -2, -1, -1]"
926,dfs_bnb_mpi,0.031668,-7,8,9264,"[-1, -1, 2, 2, 1, -2, 1, 1, 2, -1, 2, -1, 2, -1, -2, -1, -2, -1, 2]"
927,dfs_bnb_mpi,3.59119,-8,9,834561,"[-1, -2, 1, 1, 2, 1, 1, 2, -1, -1, 2, 2, -1, -2, -2, -1, 2, -1, -2]"
928,dfs_bnb_mpi,7.97553,-6,7,2144450,"[-1, -1, 2, 2, 2, 2, 1, -2, 1, 2, 1, -2, 1, -2, -1, -2, -1, 2, -1]"
929,dfs_bnb_mpi,5.60484,-8,9,1572090,"[-1, -2, 1, 1, 1, 2, 2, 2, -1, -1, 2, -1, -1, -2, 1, -2, 1, 1, -2]"
930,dfs_bnb_mpi,0.079416,-7,8,19850,"[-1, -1, 2, 1, 2, 2, 2, 1, -2, -2, -2, 1, 2, 1, 2, -1, 2, 2, 2]"
931,dfs_bnb_mpi,0.776621,-7,8,214104,"[-1, -2, 1, 1, 2, 1, -2, -2, -2, -1, 2, -1, -2, -1, 2, -1, -1, 2, 1]"
932,dfs_bnb_mpi,1.66675,-7,8,406149,"[-1, -1, 2, 2, -1, -2, -2, -1, -1, -2, 1, 1, 1, 1, -2, -2, -1, 2, -1]"
933,dfs_bnb_mpi,0.281375,-8,9,80431,"[-1, -2, -1, 2, 2, 2, 1, -2, 1, 2, 1, -2, 1, -2, -1, -2, -2, -1, 2]"
934,dfs_bnb_mpi,0.210447,-7,8,52098,"[-1, -1, 2, -1, 2, 1, 2, 2, 1, -2, 1, 1, -2, -1, -1, -2, 1, 1, 1]"
935,dfs_bnb_mpi,0.107516,-6,7,29664,"[-1, -1, 2, 1, 2, 2, -1, -2, -1, -2, -1, 2, 2, 1, 2, 1, 2, 2, 2]"
936,dfs_bnb_mpi,0.615437,-8,9,162890,"[-1, -1, 2, -1, 2, 1, 2, 2, 1, 1, 1, -2, -1, -1, -2, -2, 1, 2, 1]"
937,dfs_bnb_mpi,0.913473,-8,9,276032,"[-1, -1, 2, 1, 1, 2, -1, -1, 2, 2, -1, -2, -2, -1, -2, 1, -2, -2, 1]"
938,dfs_bnb_mpi,0.351992,-7,8,105083,"[-1, -1, 2, 2, -1, 2, -1, -2, -1, -1, -2, 1, 1, 1, -2, -2, -1, 2, -1]"
939,dfs_bnb_mpi,0.834996,-8,9,241541,"[-1, -1, 2, -1, -2, -1, -2, 1, 1, 1, -2, -1, -2, -1, -1, -1, 2, 1, 1]"
940,dfs_bnb_mpi,1.30544,-8,8,365598,"[-1, -1, 2, 1, 2, -1, -1, 2, 1, 2, 1, -2, 1, 1, -2, -1, -2, 1, -2]"
941,dfs_bnb_mpi,0.925095,-6,7,264491,"[-1, -2, -1, 2, 2, 2, 1, -2, 1, 1, 2, -1, 2, -1, -1, -1, -2, -2, -1]"
942,dfs_bnb_mpi,7.01249,-6,7,2074574,"[-1, -1, 2, 2, 1, 1, 2, -1, 2, 2, -1, 2, -1, -2, -2, 1, -2, -1, -2]"
943,dfs_bnb_mpi,22.4451,-6,6,5052666,"[-1, -1, 2, 2, 2, 2, 2, 2, 1, 1, -2, -2, -2, 1, -2, -1, -1, -2, 1]"
944,dfs_bnb_mpi,0.413807,-8,9,95725,"[-1, -2, -1, -2, 1, -2, 1, 1, 1, 2, -1, -1, 2, 1, 2, 2, -1, 2, 2]"
945,dfs_bnb_mpi,1.23261,-7,8,278707,"[-1, -1, 2, 2, 2, 1, 2, 2, 2, -1, -1, -2, 1, -2, -1, -1, -2, 1, -2]"
946,dfs_bnb_mpi,1.03738,-6,7,290453,"[-1, -1, 2, 2, -1, -2, -1, -1, -2, 1, 1, -2, 1, -2, -1, -1, 2, -1, -1]"
947,dfs_bnb_mpi,0.328458,-9,10,93822,"[-1, -2, 1, -2, 1, 2, 2, 2, 1, 2, 2, -1, -2, -1, 2, -1, -2, -2, 1]"
948,dfs_bnb_mpi,0.268096,-7,8,69620,"[-1, -1, 2, -1, 2, 2, 2, 1, -2, -2, 1, -2, 1, 2, 2, -1, 2, 2, 2]"
949,dfs_bnb_mpi,0.236776,-7,8,71122,"[-1, -1, 2, 2, 2, 1, -2, -2, 1, 1, 2, -1, 2, 2, 2, -1, -1, -2, 1]"
950,dfs_bnb_mpi,0.165745,-7,8,46805,"[-1, -1, 2, -1, -1, -2, 1, -2, -1, -2, -1, 2, 2, -1, 2, 1, 2, 2, 2]"
951,dfs_bnb_mpi,0.107372,-7,8,27307,"[-1, -2, 1, 1, 1, 1, 2, -1, -1, 2, 1, 2, -1, -1, -2, -1, 2, 2, 2]"
952,dfs_bnb_mpi,0.164522,-7,8,37901,"[-1, -1, 2, 2, 2, 2, 1, -2, 1, -2, -1, -2, 1, 1, 2, 1, 2, -1, 2]"
953,dfs_bnb_mpi,2.67029,-7,8,735883,"[-1, -1, 2, 1, 1, 1, 1, -2, 1, -2, -1, -2, -1, -1, -1, 2, 1, 1, 2]"
954,dfs_bnb_mpi,0.029128,-7,8,8331,"[-1, -1, 2, 2, 1, -2, 1, 2, 1, 2, -1, 2, -1, -2, -1, -1, -2, -2, -1]"
955,dfs_bnb_mpi,0.718636,-7,8,211472,"[-1, -1, 2, 1, 2, 1, -2, 1, 1, 2, -1, 2, -1, 2, -1, -2, -1, -2, -1]"
956,dfs_bnb_mpi,0.307485,-7,7,79373,"[-1, -1, 2, 1, 2, 1, -2, 1, 2, 2, -1, -1, 2, 2, -1, -2, -1, -2, 1]"
957,dfs_bnb_mpi,0.068764,-7,8,19067,"[-1, -1, 2, 2, 1, 2, -1, -1, 2, -1, -2, -2, 1, -2, -1, -2, 1, -2, 1]"
958,dfs_bnb_mpi,2.01543,-7,8,527757,"[-1, -1, -1, 2, 1, 1, 1, 2, 2, 2, -1, -2, -2, -1, 2, -1, -2, -1, -2]"
959,dfs_bnb_mpi,0.693776,-6,7,183188,"[-1, -1, 2, 2, 1, -2, 1, 1, 2, 1, -2, -2, -1, -2, -1, -1, -2, 1, 1]"
960,dfs_bnb_mpi,2.77494,-7,8,857979,"[-1, -2, 1, 1, 2, 1, -2, 1, 1, -2, -1, -1, -2, -1, -1, -1, 2, 1, 1]"
961,dfs_bnb_mpi,0.206012,-8,9,61314,"[-1, -1, 2, -1, -2, -1, -2, 1, 1, 1, -2, 1, 2, 1, 2, 2, -1, -1, 2]"
962,dfs_bnb_mpi,1.30286,-7,8,356512,"[-1, -1, 2, 2, 2, 2, 1, -2, 1, 2, 2, -1, -1, -1, -2, -1, -2, 1, -2]"
963,dfs_bnb_mpi,0.179893,-7,8,45966,"[-1, -1, 2, -1, 2, -1, -2, -1, -1, -2, 1, -2, 1, 2, 1, -2, 1, 1, 1]"
964,dfs_bnb_mpi,0.603987,-8,9,165072,"[-1, -2, -2, -1, 2, -1, 2, 1, 2, 1, 2, 1, -2, 1, 1, -2, -2, -1, 2]"
965,dfs_bnb_mpi,0.905142,-8,8,243335,"[-1, -2, -1, 2, 2, 2, 1, -2, 1, 2, 2, -1, -1, -1, -2, -2, -1, -2, 1]"
966,dfs_bnb_mpi,1.24805,-7,8,289398,"[-1, -2, 1, 1, -2, -2, 1, 2, 2, 1, 1, 2, -1, -1, -1, 2, 1, 1, 2]"
967,dfs_bnb_mpi,0.933289,-8,9,267404,"[-1, -2, 1, 1, -2, -1, -2, 1, -2, 1, 2, 2, 1, 2, -1, 2, -1, 2, -1]"
968,dfs_bnb_mpi,3.29998,-8,9,796735,"[-1, -1, -1, 2, 2, 2, 2, 1, 2, 1, -2, 1, -2, -1, -1, -2, -2, 1, 2]"
969,dfs_bnb_mpi,2.15756,-7,8,612703,"[-1, -1, 2, 1, 2, 2, 2, -1, -2, -2, -1, -2, -2, -2, -2, 1, 1, 2, -1]"
970,dfs_bnb_mpi,0.784005,-7,8,237490,"[-1, -1, 2, 2, 2, 2, 1, -2, -2, -2, 1, 1, -2, 1, 2, 2, -1, -1, 2]"
971,dfs_bnb_mpi,0.75241,-7,7,198070,"[-1, -2, 1, 1, 2, 1, 2, 2, 2, -1, -1, -2, 1, -2, -1, -1, 2, 2, 2]"
972,dfs_bnb_mpi,0.258858,-8,9,81495,"[-1, -2, -1, -2, 1, -2, 1, 2, 2, 1, 2, 2, 2, -1, -2, -1, -1, -2, -1]"
973,dfs_bnb_mpi,0.708581,-8,9,183296,"[-1, -1, 2, -1, -2, -1, -2, -2, -1, -2, 1, 1, 2, 2, 1, 1, -2, -1, -2]"
974,dfs_bnb_mpi,0.357381,-6,7,94197,"[-1, -1, 2, 2, 2, -1, -1, -2, 1, -2, -1, -2, 1, -2, -1, -1, 2, 2, 2]"
975,dfs_bnb_mpi,0.100327,-7,7,26865,"[-1, -1, 2, 2, 2, 2, 1, -2, -2, -2, 1, 1, 2, -1, 2, 1, 2, -1, 2]"
976,dfs_bnb_mpi,0.027123,-7,8,7297,"[-1, -1, 2, 2, -1, -2, -1, -2, 1, -2, 1, 1, 1, 1, 2, 2, -1, -1, 2]"
977,dfs_bnb_mpi,0.24733,-6,7,64086,"[-1, -1, 2, 2, 2, 1, -2, 1, 2, 2, 2, -1, -2, -1, 2, 2, 2, 2, 2]"
978,dfs_bnb_mpi,0.855942,-8,8,236859,"[-1, -1, 2, 2, -1, -1, -2, 1, -2, -1, -2, 1, 1, 1, -2, -1, -1, -2, 1]"
979,dfs_bnb_mpi,0.555969,-6,7,149386,"[-1, -1, 2, 2, 2, -1, 2, 2, -1, -2, -2, -2, 1, -2, -1, -2, 1, -2, 1]"
980,dfs_bnb_mpi,4.24997,-7,8,1022507,"[-1, -1, 2, 2, 2, 1, 1, 1, 1, -2, -1, -1, -1, -2, 1, 1, 1, -2, -1]"
981,dfs_bnb_mpi,0.061908,-6,7,16587,"[-1, -2, 1, 1, 2, 1, 1, 1, -2, -1, -1, -2, -1, -1, -1, -1, 2, 2, 2]"
982,dfs_bnb_mpi,0.387717,-8,9,110488,"[-1, -1, 2, 2, 2, 1, 2, 1, 2, 1, -2, -2, -1, -2, 1, -2, -1, -1, 2]"
983,dfs_bnb_mpi,1.17727,-8,8,333906,"[-1, -2, 1, 1, 2, 1, 2, -1, -1, 2, -1, -2, -1, -1, -2, 1, -2, -2, 1]"
984,dfs_bnb_mpi,22.279,-6,7,5420948,"[-1, -1, 2, 2, 2, 1, 2, 2, 2, 1, -2, -2, -2, 1, -2, -1, -1, -2, 1]"
985,dfs_bnb_mpi,0.16436,-7,8,45419,"[-1, -2, -1, 2, -1, 2, 2, 2, 1, -2, -2, 1, 1, 1, 2, -1, -1, 2, 2]"
986,dfs_bnb_mpi,4.39718,-6,7,1015478,"[-1, -1, 2, 2, 2, -1, -2, -2, -1, -2, 1, -2, 1, 1, 1, -2, -1, -1, -1]"
987,dfs_bnb_mpi,0.038298,-7,8,11116,"[-1, -1, -1, 2, 2, 1, -2, 1, 1, 2, -1, 2, 1, 1, -2, 1, -2, -1, -2]"
988,dfs_bnb_mpi,2.01739,-6,7,593109,"[-1, -1, 2, 2, 2, -1, -2, -2, -2, -1, 2, 2, -1, -1, 2, 1, 1, 2, 1]"
989,dfs_bnb_mpi,0.139908,-8,9,40778,"[-1, -2, -1, 2, -1, 2, 1, 2, 1, -2, 1, 2, 1, -2, 1, -2, -1, -2, 1]"
990,dfs_bnb_mpi,4.3581,-7,8,1005696,"[-1, -2, -1, 2, -1, 2, 2, 2, 1, 2, 1, -2, 1, -2, -1, -1, -2, 1, 1]"
991,dfs_bnb_mpi,0.129955,-8,9,35090,"[-1, -2, 1, 1, 1, -2, -1, -2, -1, 2, -1, -2, -2, -1, 2, 2, -1, 2, 1]"
992,dfs_bnb_mpi,0.801372,-8,9,237009,"[-1, -2, 1, 1, 2, 2, 2, 1, 2, -1, 2, -1, -1, -2, 1, -2, -1, -2, 1]"
993,dfs_bnb_mpi,0.416608,-8,9,121428,"[-1, -2, 1, -2, 1, 2, 2, 2, 2, 1, 2, 1, -2, -2, -1, -2, -2, 1, 2]"
994,dfs_bnb_mpi,0.302497,-6,6,92552,"[-1, -1, 2, 2, 2, 2, 1, -2, 1, 2, 1, -2, -2, -1, -1, -2, 1, 1, 1]"
995,dfs_bnb_mpi,0.490469,-7,8,114440,"[-1, -1, 2, 2, 2, 1, 1, 2, 2, -1, -2, -1, 2, -1, -1, -2, 1, -2, -1]"
996,dfs_bnb_mpi,1.39316,-8,9,386435,"[-1, -1, 2, 2, 1, 2, -1, -1, 2, 1, 2, -1, -1, -2, -1, -2, 1, -2, 1]"
997,dfs_bnb_mpi,10.5309,-7,8,2848719,"[-1, -1, 2, 2, -1, -1, 2, -1, -2, -2, -2, -1, -2, 1, 1, 2, 2, 1, -2]"
998,dfs_bnb_mpi,4.86216,-7,8,1146933,"[-1, -1, 2, 1, 1, 2, 2, 1, -2, -2, -2, 1, -2, -1, -1, -1, -2, 1, 1]"
999,dfs_bnb_mpi,1.66547,-7,8,452372,"[-1, -1, 2, 1, 2, -1, -1, -2, -2, -2, -2, 1, -2, 1, 2, 1, 2, -1, -1]"
